市场代码,合约代码,时间,最新,持仓,增仓,成交额,成交量,开仓,平仓,成交类型,方向,买一价,买二价,买三价,买四价,买五价,卖一价,卖二价,卖三价,卖四价,卖五价,买一量,买二量,买三量,买四量,买五量,卖一量,卖二量,卖三量,卖四量,卖五量
SF,IF2007,2020-05-27 09:29:00.200,3795.0000,8082,0,7969500.000,7.000,-,-,-,-,3789.4000,3788.0000,3787.4000,3784.8000,3784.2000,3795.0000,3796.0000,3799.4000,3799.6000,3799.8000,1,1,5,1,1,2,1,1,1,2
SF,IF2007,2020-05-27 09:30:00.200,3787.4000,8088,6,15923820.000,7,6,1,空开,S,3784.6000,3784.2000,3782.0000,3780.0000,3778.4000,3786.2000,3787.2000,3787.4000,3787.8000,3788.4000,1,1,2,1,3,1,1,1,2,1
SF,IF2007,2020-05-27 09:30:00.700,3784.2000,8088,0,18194460.000,2,1,1,多换,S,3782.0000,3780.0000,3778.2000,3776.8000,3776.2000,3784.6000,3785.4000,3785.6000,3786.0000,3786.2000,2,1,2,1,3,1,1,2,4,1
SF,IF2007,2020-05-27 09:30:01.200,3784.6000,8086,-2,20465220.000,2,0,2,双平,S,3782.2000,3782.0000,3781.8000,3780.0000,3776.8000,3784.4000,3785.6000,3786.0000,3787.4000,3787.8000,2,2,1,1,1,3,1,2,1,1
SF,IF2007,2020-05-27 09:30:01.700,3786.0000,8086,0,22736820.000,2,1,1,多换,S,3782.4000,3782.2000,3782.0000,3781.8000,3780.0000,3787.4000,3788.4000,3788.8000,3789.6000,3790.0000,3,2,2,1,1,1,1,1,1,5
SF,IF2007,2020-05-27 09:30:02.200,3786.0000,8086,0,22736820.000,0,-,-,-,-,3782.6000,3782.4000,3782.0000,3781.8000,3780.0000,3785.8000,3786.0000,3786.2000,3787.2000,3787.4000,2,3,2,1,1,1,1,1,5,1
SF,IF2007,2020-05-27 09:30:02.700,3785.8000,8085,-1,23872560.000,1,0,1,双平,S,3782.8000,3782.6000,3782.4000,3782.0000,3781.8000,3785.6000,3785.8000,3786.0000,3786.2000,3787.2000,2,2,1,2,1,1,1,1,1,1
SF,IF2007,2020-05-27 09:30:03.200,3785.8000,8082,-3,28413780.000,4,0,4,多平,S,3783.0000,3782.8000,3782.4000,3782.0000,3781.8000,3786.0000,3786.2000,3787.2000,3788.4000,3788.8000,3,1,1,2,1,1,1,1,2,1
SF,IF2007,2020-05-27 09:30:03.700,3785.8000,8082,0,28413780.000,0,-,-,-,-,3783.2000,3783.0000,3782.4000,3782.0000,3781.8000,3786.0000,3786.2000,3787.2000,3788.4000,3788.8000,1,3,1,2,1,1,1,1,2,1
SF,IF2007,2020-05-27 09:30:04.200,3785.8000,8082,0,28413780.000,0,-,-,-,-,3783.4000,3783.2000,3783.0000,3782.4000,3782.0000,3785.6000,3785.8000,3786.0000,3786.2000,3787.2000,3,1,1,1,2,1,1,1,1,1
SF,IF2007,2020-05-27 09:30:04.700,3785.8000,8082,0,28413780.000,0,-,-,-,-,3783.4000,3783.2000,3783.0000,3782.4000,3782.0000,3785.0000,3785.4000,3785.6000,3785.8000,3787.2000,3,1,1,1,2,1,2,1,1,1
SF,IF2007,2020-05-27 09:30:05.200,3785.0000,8082,0,29549280.000,1,0,1,多换,S,3785.0000,3783.4000,3783.2000,3783.0000,3782.4000,3785.4000,3785.6000,3785.8000,3787.2000,3788.4000,1,3,1,1,1,2,1,1,1,1
SF,IF2007,2020-05-27 09:30:05.700,3785.0000,8082,0,30684780.000,1,0,1,多换,S,3783.4000,3783.2000,3783.0000,3782.4000,3782.0000,3785.0000,3785.4000,3785.6000,3785.8000,3787.2000,3,1,1,1,2,1,1,1,1,1
SF,IF2007,2020-05-27 09:30:06.200,3785.0000,8081,-1,31820280.000,1,0,1,双平,S,3783.4000,3783.2000,3783.0000,3782.4000,3782.0000,3785.0000,3785.6000,3787.2000,3788.4000,3788.8000,3,1,1,1,2,1,1,1,1,1
SF,IF2007,2020-05-27 09:30:06.700,3785.0000,8081,0,31820280.000,0,-,-,-,-,3783.6000,3783.4000,3783.2000,3783.0000,3782.4000,3785.0000,3785.6000,3787.2000,3788.4000,3788.8000,1,3,1,1,1,1,1,1,1,1
SF,IF2007,2020-05-27 09:30:07.200,3785.0000,8081,0,31820280.000,0,-,-,-,-,3783.8000,3783.6000,3783.4000,3783.2000,3783.0000,3785.0000,3785.6000,3787.2000,3788.4000,3788.8000,1,1,2,1,1,1,1,1,1,1
SF,IF2007,2020-05-27 09:30:07.700,3783.6000,8080,-1,34090500.000,2,0,2,多平,S,3783.4000,3783.2000,3783.0000,3782.4000,3782.0000,3783.8000,3784.4000,3784.6000,3785.0000,3785.6000,2,1,1,1,2,1,1,1,1,1
SF,IF2007,2020-05-27 09:30:08.200,3783.8000,8079,-1,36360660.000,2,0,2,多平,S,3783.2000,3783.0000,3782.4000,3782.0000,3781.8000,3785.0000,3785.6000,3787.2000,3788.4000,3789.4000,1,1,1,2,1,1,1,1,1,1
SF,IF2007,2020-05-27 09:30:08.700,3784.2000,8079,0,37495920.000,1,0,1,多换,S,3783.0000,3782.4000,3782.0000,3781.8000,3780.0000,3784.6000,3784.8000,3785.0000,3785.6000,3787.2000,1,1,2,1,1,1,1,1,1,1
SF,IF2007,2020-05-27 09:30:09.200,3784.2000,8079,0,37495920.000,0,-,-,-,-,3783.0000,3782.4000,3782.0000,3781.8000,3780.0000,3785.0000,3785.6000,3787.2000,3788.0000,3788.4000,1,1,2,1,1,1,1,1,1,1
SF,IF2007,2020-05-27 09:30:09.700,3784.2000,8079,0,37495920.000,0,-,-,-,-,3783.2000,3783.0000,3782.4000,3782.0000,3781.8000,3785.0000,3785.6000,3787.2000,3788.0000,3788.4000,1,1,1,2,1,1,1,1,1,1
SF,IF2007,2020-05-27 09:30:10.200,3783.2000,8078,-1,38630880.000,1,0,1,双平,S,3783.0000,3782.0000,3781.8000,3780.0000,3778.0000,3784.8000,3785.0000,3785.6000,3787.2000,3788.0000,1,2,1,1,1,1,1,1,1,1
SF,IF2007,2020-05-27 09:30:10.700,3785.0000,8078,0,43172700.000,4,2,2,多换,S,3785.0000,3782.0000,3781.8000,3780.0000,3778.0000,3785.6000,3787.2000,3788.0000,3788.4000,3789.4000,1,2,1,1,1,1,1,1,1,1
SF,IF2007,2020-05-27 09:30:11.200,3785.0000,8078,0,44308200.000,1,0,1,多换,S,3782.0000,3781.8000,3780.0000,3778.0000,3775.8000,3785.0000,3785.2000,3785.6000,3787.2000,3788.0000,2,1,1,1,1,3,1,1,1,1
SF,IF2007,2020-05-27 09:30:11.700,3785.0000,8078,0,44308200.000,0,-,-,-,-,3782.2000,3782.0000,3781.8000,3780.0000,3778.0000,3784.4000,3784.8000,3785.0000,3785.2000,3785.6000,2,2,1,1,1,1,3,1,1,1
SF,IF2007,2020-05-27 09:30:12.200,3785.0000,8078,0,44308200.000,0,-,-,-,-,3782.2000,3782.0000,3781.8000,3780.0000,3778.0000,3784.2000,3784.4000,3784.8000,3785.2000,3785.6000,2,2,1,1,1,1,1,4,1,1
SF,IF2007,2020-05-27 09:30:12.700,3785.0000,8078,0,44308200.000,0,-,-,-,-,3782.0000,3781.8000,3780.0000,3778.0000,3775.8000,3783.6000,3784.2000,3784.8000,3785.0000,3785.2000,2,1,1,1,1,1,1,4,1,1
SF,IF2007,2020-05-27 09:30:13.200,3785.0000,8078,0,44308200.000,0,-,-,-,-,3782.2000,3782.0000,3781.8000,3780.0000,3778.0000,3783.8000,3784.2000,3784.4000,3784.8000,3785.0000,2,2,1,1,1,1,1,1,4,2
SF,IF2007,2020-05-27 09:30:13.700,3785.0000,8078,0,44308200.000,0,-,-,-,-,3782.2000,3782.0000,3781.8000,3780.0000,3778.0000,3783.8000,3784.4000,3784.8000,3785.0000,3785.2000,2,2,1,1,1,1,1,4,2,1
SF,IF2007,2020-05-27 09:30:14.700,3783.8000,8078,0,45443340.000,1,0,1,多换,S,3782.4000,3782.2000,3782.0000,3781.8000,3780.0000,3784.8000,3785.0000,3785.2000,3785.6000,3787.2000,1,2,2,1,1,4,2,1,1,1
SF,IF2007,2020-05-27 09:30:15.200,3783.8000,8078,0,45443340.000,0,-,-,-,-,3783.2000,3782.6000,3782.4000,3782.0000,3781.8000,3784.6000,3784.8000,3785.0000,3785.2000,3785.6000,1,2,1,2,1,1,2,2,1,1
SF,IF2007,2020-05-27 09:30:15.700,3783.8000,8078,0,45443340.000,0,-,-,-,-,3783.2000,3782.6000,3782.4000,3782.0000,3781.8000,3784.8000,3785.0000,3785.2000,3785.6000,3787.2000,1,2,1,2,1,2,1,1,1,1
SF,IF2007,2020-05-27 09:30:16.200,3783.8000,8078,0,45443340.000,0,-,-,-,-,3783.2000,3782.6000,3782.0000,3781.8000,3780.0000,3785.0000,3785.6000,3787.2000,3788.0000,3788.4000,1,2,2,1,1,1,1,1,1,1
SF,IF2007,2020-05-27 09:30:16.700,3783.8000,8078,0,45443340.000,0,-,-,-,-,3783.2000,3782.6000,3782.0000,3781.8000,3780.0000,3784.6000,3784.8000,3785.0000,3785.6000,3787.2000,1,2,2,1,1,1,1,1,1,1
SF,IF2007,2020-05-27 09:30:17.200,3783.8000,8078,0,45443340.000,0,-,-,-,-,3782.6000,3782.0000,3781.8000,3780.0000,3778.0000,3784.4000,3784.6000,3785.0000,3785.6000,3787.2000,2,2,1,1,1,1,2,1,1,1
SF,IF2007,2020-05-27 09:30:17.700,3783.8000,8078,0,45443340.000,0,-,-,-,-,3782.0000,3781.8000,3780.0000,3778.0000,3775.8000,3784.2000,3784.4000,3784.6000,3785.0000,3785.6000,2,1,1,1,1,1,1,2,1,1
SF,IF2007,2020-05-27 09:30:18.200,3783.8000,8078,0,45443340.000,0,-,-,-,-,3782.2000,3782.0000,3781.8000,3780.0000,3778.0000,3784.2000,3784.4000,3784.6000,3785.0000,3785.6000,2,2,1,1,1,1,1,2,1,1
SF,IF2007,2020-05-27 09:30:18.700,3783.8000,8078,0,45443340.000,0,-,-,-,-,3782.2000,3782.0000,3781.8000,3780.0000,3778.0000,3784.2000,3784.4000,3784.6000,3785.0000,3785.6000,2,2,1,1,1,1,1,2,1,1
SF,IF2007,2020-05-27 09:30:19.200,3783.8000,8078,0,45443340.000,0,-,-,-,-,3782.8000,3782.2000,3782.0000,3781.8000,3780.0000,3784.2000,3784.4000,3784.6000,3785.0000,3785.6000,1,2,2,1,1,1,1,2,1,1
SF,IF2007,2020-05-27 09:30:20.200,3783.8000,8078,0,45443340.000,0,-,-,-,-,3782.8000,3782.2000,3782.0000,3781.8000,3780.0000,3784.2000,3784.6000,3785.0000,3785.6000,3787.2000,1,2,2,1,1,1,2,1,1,1
SF,IF2007,2020-05-27 09:30:20.700,3782.8000,8077,-1,46578180.000,1,0,1,双平,S,3782.2000,3782.0000,3781.8000,3780.0000,3778.0000,3783.8000,3784.2000,3784.6000,3785.0000,3785.6000,2,1,1,1,1,1,1,2,1,1
SF,IF2007,2020-05-27 09:30:21.200,3782.8000,8077,0,46578180.000,0,-,-,-,-,3782.0000,3781.8000,3780.0000,3778.0000,3775.8000,3782.8000,3783.6000,3784.0000,3784.2000,3784.6000,1,1,1,1,1,1,1,1,1,2
SF,IF2007,2020-05-27 09:30:21.700,3782.0000,8076,-1,47712780.000,1,0,1,双平,S,3781.8000,3780.0000,3778.0000,3775.8000,3775.0000,3782.8000,3783.6000,3784.0000,3784.2000,3784.6000,1,1,1,1,5,1,1,2,1,2
SF,IF2007,2020-05-27 09:30:22.200,3781.8000,8076,0,48847320.000,1,0,1,多换,S,3780.0000,3778.0000,3775.8000,3775.0000,3774.4000,3782.8000,3783.6000,3784.0000,3784.2000,3784.6000,1,1,1,5,4,1,1,2,1,2
SF,IF2007,2020-05-27 09:30:22.700,3781.8000,8076,0,48847320.000,0,-,-,-,-,3780.8000,3780.2000,3780.0000,3778.0000,3775.8000,3782.8000,3783.6000,3784.0000,3784.2000,3784.6000,2,3,1,1,1,1,1,2,1,2
SF,IF2007,2020-05-27 09:30:23.200,3781.0000,8075,-1,49981620.000,1,0,1,双平,S,3781.0000,3780.2000,3780.0000,3778.0000,3775.8000,3782.6000,3782.8000,3783.6000,3784.0000,3784.2000,2,1,1,1,1,1,1,1,2,1
SF,IF2007,2020-05-27 09:30:23.700,3781.0000,8075,0,49981620.000,0,-,-,-,-,3781.0000,3780.2000,3780.0000,3778.0000,3775.8000,3782.6000,3782.8000,3783.6000,3784.0000,3784.2000,2,1,1,1,1,1,1,1,2,1
SF,IF2007,2020-05-27 09:30:24.200,3781.0000,8075,0,49981620.000,0,-,-,-,-,3781.0000,3780.2000,3780.0000,3778.0000,3775.8000,3782.6000,3783.6000,3784.0000,3784.2000,3784.6000,2,1,1,1,1,1,1,2,1,2
SF,IF2007,2020-05-27 09:30:24.700,3781.0000,8075,0,49981620.000,0,-,-,-,-,3781.0000,3780.2000,3780.0000,3778.0000,3775.8000,3783.6000,3784.0000,3784.2000,3784.6000,3785.0000,2,1,1,1,1,1,2,1,2,1
SF,IF2007,2020-05-27 09:30:25.200,3781.0000,8075,0,49981620.000,0,-,-,-,-,3781.0000,3780.2000,3778.0000,3775.8000,3775.0000,3783.0000,3783.4000,3784.0000,3784.2000,3784.6000,2,1,1,1,5,1,2,2,1,2
SF,IF2007,2020-05-27 09:30:25.700,3781.0000,8075,0,51115920.000,1,0,1,多换,S,3781.0000,3780.2000,3778.0000,3775.8000,3775.0000,3782.8000,3783.0000,3783.4000,3784.0000,3784.2000,1,1,1,1,5,2,1,1,2,1
SF,IF2007,2020-05-27 09:30:26.200,3781.0000,8075,0,51115920.000,0,-,-,-,-,3781.0000,3780.2000,3778.0000,3775.8000,3775.0000,3782.6000,3782.8000,3783.0000,3783.4000,3784.0000,2,1,1,1,5,1,2,1,1,2
SF,IF2007,2020-05-27 09:30:26.700,3781.0000,8075,0,51115920.000,0,-,-,-,-,3781.0000,3778.0000,3775.8000,3775.0000,3774.4000,3782.4000,3782.6000,3783.0000,3783.4000,3784.0000,2,1,1,5,4,2,1,1,1,2
SF,IF2007,2020-05-27 09:30:27.200,3782.6000,8073,-2,54520140.000,3,0,3,多平,S,3782.6000,3781.0000,3778.0000,3775.8000,3775.0000,3783.0000,3783.4000,3784.0000,3784.2000,3784.6000,1,1,1,1,5,1,1,2,1,1
SF,IF2007,2020-05-27 09:30:27.700,3782.6000,8072,-1,55654920.000,1,0,1,双平,S,3781.0000,3778.0000,3775.8000,3775.0000,3774.4000,3782.4000,3782.6000,3782.8000,3783.4000,3784.0000,1,1,1,5,4,3,1,1,1,1
SF,IF2007,2020-05-27 09:30:28.200,3782.6000,8072,0,55654920.000,0,-,-,-,-,3781.0000,3778.0000,3775.8000,3775.0000,3774.4000,3782.4000,3782.6000,3782.8000,3783.4000,3784.0000,1,1,1,5,4,1,1,1,1,1
SF,IF2007,2020-05-27 09:30:28.700,3781.2000,8072,0,56789280.000,1,0,1,多换,S,3781.0000,3778.0000,3775.8000,3775.0000,3774.4000,3782.2000,3782.4000,3782.8000,3783.4000,3784.0000,1,1,1,5,4,1,1,1,1,1
SF,IF2007,2020-05-27 09:30:29.200,3781.2000,8072,0,56789280.000,0,-,-,-,-,3781.0000,3778.0000,3775.8000,3775.0000,3774.4000,3782.8000,3783.4000,3784.0000,3784.6000,3785.0000,1,1,1,5,4,1,1,1,1,1
SF,IF2007,2020-05-27 09:30:30.700,3781.2000,8072,0,56789280.000,0,-,-,-,-,3781.0000,3778.0000,3775.8000,3775.0000,3774.4000,3783.4000,3784.6000,3785.0000,3785.2000,3785.6000,2,1,1,5,4,1,1,1,1,1
SF,IF2007,2020-05-27 09:30:31.200,3781.2000,8072,0,56789280.000,0,-,-,-,-,3781.2000,3781.0000,3778.0000,3775.8000,3775.0000,3783.0000,3783.2000,3783.4000,3784.6000,3785.0000,1,2,1,1,5,1,1,1,1,1
SF,IF2007,2020-05-27 09:30:31.700,3781.2000,8072,0,56789280.000,0,-,-,-,-,3781.2000,3781.0000,3778.0000,3775.8000,3775.0000,3782.8000,3783.0000,3783.2000,3783.4000,3784.6000,2,2,1,1,5,1,1,1,1,1
SF,IF2007,2020-05-27 09:30:32.200,3781.2000,8072,0,57923640.000,1,0,1,多换,S,3781.2000,3781.0000,3778.0000,3775.8000,3775.0000,3782.8000,3783.0000,3783.2000,3783.4000,3784.6000,1,2,1,1,5,1,1,1,1,1
SF,IF2007,2020-05-27 09:30:32.700,3781.2000,8072,0,57923640.000,0,-,-,-,-,3781.0000,3778.0000,3775.8000,3775.0000,3774.4000,3782.6000,3782.8000,3783.0000,3783.2000,3783.4000,2,1,1,5,4,1,1,1,1,1
SF,IF2007,2020-05-27 09:30:33.200,3781.2000,8072,0,57923640.000,0,-,-,-,-,3781.0000,3778.0000,3775.8000,3775.0000,3774.4000,3782.4000,3782.6000,3782.8000,3783.0000,3783.2000,2,1,1,5,4,1,1,1,1,1
SF,IF2007,2020-05-27 09:30:33.700,3781.2000,8072,0,57923640.000,0,-,-,-,-,3781.0000,3778.0000,3775.8000,3775.0000,3774.4000,3782.4000,3782.6000,3782.8000,3783.0000,3783.2000,2,1,1,5,4,1,1,1,1,1
SF,IF2007,2020-05-27 09:30:34.200,3781.0000,8071,-1,60192240.000,2,0,2,多平,S,3778.0000,3775.8000,3775.0000,3774.4000,3768.0000,3782.4000,3782.6000,3782.8000,3783.0000,3783.2000,1,1,5,4,2,1,1,1,1,2
SF,IF2007,2020-05-27 09:30:34.700,3781.0000,8071,0,60192240.000,0,-,-,-,-,3780.2000,3779.8000,3779.6000,3779.4000,3779.2000,3782.4000,3782.6000,3782.8000,3783.2000,3783.4000,2,1,1,2,1,1,1,1,1,1
SF,IF2007,2020-05-27 09:30:35.200,3781.0000,8071,0,60192240.000,0,-,-,-,-,3780.4000,3780.2000,3779.8000,3779.6000,3779.4000,3782.4000,3782.6000,3782.8000,3783.2000,3783.4000,2,2,1,1,2,1,1,1,1,1
SF,IF2007,2020-05-27 09:30:35.700,3782.4000,8071,0,61326960.000,1,0,1,多换,S,3782.4000,3780.4000,3779.8000,3779.6000,3779.4000,3782.8000,3783.2000,3783.4000,3784.6000,3785.0000,3,2,1,1,2,1,1,1,1,1
SF,IF2007,2020-05-27 09:30:36.200,3782.4000,8068,-3,64731120.000,3,0,3,双平,S,3780.4000,3779.8000,3779.6000,3779.4000,3779.2000,3782.2000,3782.4000,3782.8000,3783.2000,3783.4000,2,1,1,2,1,1,3,1,1,1
SF,IF2007,2020-05-27 09:30:36.700,3782.4000,8068,0,64731120.000,0,-,-,-,-,3780.8000,3780.4000,3779.8000,3779.6000,3779.2000,3782.4000,3782.6000,3782.8000,3783.2000,3783.4000,2,2,1,1,1,3,1,1,1,1
SF,IF2007,2020-05-27 09:30:37.200,3782.4000,8068,0,64731120.000,0,-,-,-,-,3781.0000,3779.8000,3779.6000,3779.2000,3778.2000,3782.6000,3782.8000,3783.4000,3784.6000,3785.0000,2,1,1,1,2,1,1,1,1,1
SF,IF2007,2020-05-27 09:30:37.700,3782.4000,8068,0,64731120.000,0,-,-,-,-,3781.0000,3779.8000,3779.6000,3779.2000,3778.2000,3782.6000,3782.8000,3783.4000,3784.6000,3785.0000,2,1,1,1,2,1,1,1,1,2
SF,IF2007,2020-05-27 09:30:38.200,3782.4000,8068,0,64731120.000,0,-,-,-,-,3781.0000,3779.8000,3779.6000,3779.2000,3778.2000,3782.4000,3782.6000,3782.8000,3783.4000,3784.6000,3,1,1,1,2,1,1,1,1,1
SF,IF2007,2020-05-27 09:30:38.700,3782.4000,8068,0,64731120.000,0,-,-,-,-,3782.2000,3781.0000,3779.8000,3779.6000,3779.2000,3782.4000,3782.6000,3782.8000,3783.4000,3784.6000,2,3,1,1,1,1,1,1,1,1
SF,IF2007,2020-05-27 09:30:39.200,3782.2000,8066,-2,67000440.000,2,0,2,双平,S,3781.0000,3779.8000,3779.6000,3779.2000,3778.2000,3782.4000,3782.6000,3782.8000,3783.4000,3784.6000,3,1,1,1,2,1,1,1,1,1
SF,IF2007,2020-05-27 09:30:39.700,3782.2000,8066,0,67000440.000,0,-,-,-,-,3781.0000,3779.8000,3779.6000,3779.2000,3778.2000,3782.4000,3782.8000,3783.4000,3784.6000,3785.0000,3,1,1,1,2,1,1,1,1,2
SF,IF2007,2020-05-27 09:30:40.200,3782.2000,8066,0,67000440.000,0,-,-,-,-,3781.0000,3779.8000,3779.6000,3779.2000,3778.2000,3782.4000,3782.8000,3783.4000,3783.6000,3784.6000,1,1,1,1,2,1,1,1,1,1
SF,IF2007,2020-05-27 09:30:40.700,3782.2000,8066,0,67000440.000,0,-,-,-,-,3781.2000,3781.0000,3779.8000,3779.6000,3779.2000,3782.4000,3782.8000,3783.4000,3783.6000,3784.6000,2,1,1,1,1,1,1,1,1,1
SF,IF2007,2020-05-27 09:30:42.200,3782.4000,8066,0,68135160.000,1,0,1,多换,S,3782.4000,3781.2000,3781.0000,3779.8000,3779.6000,3782.8000,3783.4000,3783.6000,3784.6000,3785.0000,12,1,1,1,1,1,1,1,1,2
SF,IF2007,2020-05-27 09:30:42.700,3782.4000,8066,0,81751800.000,12,6,6,多换,S,3781.2000,3781.0000,3779.8000,3779.6000,3779.2000,3782.6000,3782.8000,3783.6000,3784.6000,3785.0000,1,1,1,1,1,2,1,1,1,2
SF,IF2007,2020-05-27 09:30:43.200,3782.4000,8066,0,81751800.000,0,-,-,-,-,3781.2000,3781.0000,3779.8000,3778.2000,3778.0000,3782.6000,3782.8000,3783.6000,3784.6000,3785.0000,1,1,1,2,1,2,1,1,1,2
SF,IF2007,2020-05-27 09:30:43.700,3782.4000,8066,0,81751800.000,0,-,-,-,-,3781.4000,3781.0000,3779.8000,3778.2000,3778.0000,3782.8000,3783.6000,3784.6000,3785.0000,3785.2000,1,1,1,2,1,1,1,1,2,1
SF,IF2007,2020-05-27 09:30:44.200,3782.4000,8066,0,81751800.000,0,-,-,-,-,3781.6000,3781.4000,3781.0000,3779.8000,3778.2000,3782.8000,3783.6000,3784.6000,3785.0000,3785.2000,1,1,1,1,2,1,1,1,2,1
SF,IF2007,2020-05-27 09:30:44.700,3782.4000,8066,0,81751800.000,0,-,-,-,-,3781.6000,3781.4000,3781.0000,3779.8000,3778.2000,3782.4000,3782.8000,3784.6000,3785.0000,3785.2000,1,1,1,1,2,1,1,1,2,1
SF,IF2007,2020-05-27 09:30:45.200,3782.4000,8066,0,81751800.000,0,-,-,-,-,3781.4000,3781.0000,3779.8000,3778.2000,3778.0000,3782.4000,3782.8000,3784.6000,3785.0000,3785.2000,1,1,1,2,1,2,1,1,2,1
SF,IF2007,2020-05-27 09:30:46.700,3782.4000,8066,0,81751800.000,0,-,-,-,-,3781.6000,3781.0000,3779.8000,3778.2000,3778.0000,3782.4000,3782.8000,3784.6000,3785.0000,3785.2000,1,1,1,2,1,2,1,1,2,1
SF,IF2007,2020-05-27 09:30:48.200,3782.4000,8066,0,81751800.000,0,-,-,-,-,3781.8000,3781.6000,3781.0000,3779.8000,3778.2000,3782.4000,3782.8000,3784.6000,3785.0000,3785.2000,1,1,1,1,2,2,1,1,1,1
SF,IF2007,2020-05-27 09:30:48.700,3782.4000,8066,0,81751800.000,0,-,-,-,-,3781.8000,3781.6000,3781.0000,3779.8000,3778.2000,3782.4000,3782.8000,3783.4000,3784.6000,3785.0000,1,1,1,1,2,1,1,1,1,1
SF,IF2007,2020-05-27 09:30:49.200,3781.8000,8066,0,82886340.000,1,0,1,多换,S,3781.0000,3779.8000,3778.2000,3778.0000,3775.8000,3781.8000,3782.4000,3782.8000,3783.4000,3784.6000,1,1,2,1,1,1,1,1,1,1
SF,IF2007,2020-05-27 09:30:50.200,3781.8000,8066,0,84020880.000,1,0,1,多换,S,3781.0000,3779.8000,3778.2000,3778.0000,3775.8000,3782.2000,3782.4000,3782.8000,3784.6000,3785.0000,1,1,2,1,1,1,1,1,1,1
SF,IF2007,2020-05-27 09:30:50.700,3782.2000,8065,-1,85155540.000,1,0,1,双平,S,3781.2000,3781.0000,3779.8000,3778.2000,3778.0000,3782.4000,3782.8000,3784.6000,3785.0000,3785.2000,1,1,1,2,1,1,1,1,1,1
SF,IF2007,2020-05-27 09:30:52.200,3782.2000,8065,0,85155540.000,0,-,-,-,-,3781.4000,3781.2000,3781.0000,3779.8000,3778.2000,3782.4000,3782.8000,3784.6000,3785.0000,3785.2000,1,1,1,1,2,1,1,1,1,1
SF,IF2007,2020-05-27 09:30:52.700,3782.4000,8064,-1,86290260.000,1,0,1,双平,S,3781.4000,3781.2000,3781.0000,3779.8000,3778.2000,3782.8000,3784.6000,3785.0000,3785.2000,3785.6000,2,1,1,1,2,1,1,1,1,1
SF,IF2007,2020-05-27 09:30:53.200,3782.4000,8064,0,86290260.000,0,-,-,-,-,3781.4000,3781.0000,3779.8000,3778.2000,3778.0000,3782.8000,3784.6000,3785.0000,3785.2000,3785.6000,2,1,1,2,1,1,1,1,1,1
SF,IF2007,2020-05-27 09:30:53.700,3782.4000,8064,0,86290260.000,0,-,-,-,-,3781.4000,3781.0000,3779.8000,3778.2000,3778.0000,3782.8000,3784.6000,3785.0000,3785.2000,3785.6000,2,1,1,2,1,1,1,1,1,1
SF,IF2007,2020-05-27 09:30:55.200,3782.4000,8064,0,86290260.000,0,-,-,-,-,3781.4000,3781.0000,3779.8000,3778.2000,3778.0000,3782.8000,3784.6000,3785.0000,3785.2000,3785.6000,1,1,1,2,1,1,1,1,1,1
SF,IF2007,2020-05-27 09:30:56.200,3782.4000,8064,0,86290260.000,0,-,-,-,-,3781.4000,3781.0000,3779.8000,3778.2000,3778.0000,3782.6000,3782.8000,3784.6000,3785.0000,3785.2000,1,1,1,2,1,1,1,1,1,1
SF,IF2007,2020-05-27 09:31:00.200,3782.4000,8064,0,86290260.000,0,-,-,-,-,3781.4000,3781.0000,3779.8000,3778.2000,3778.0000,3782.6000,3782.8000,3784.6000,3785.0000,3785.2000,1,1,1,2,1,1,1,1,1,1
SF,IF2007,2020-05-27 09:31:00.700,3782.4000,8064,0,86290260.000,0,-,-,-,-,3781.4000,3781.0000,3779.8000,3778.2000,3778.0000,3782.4000,3782.6000,3782.8000,3784.6000,3785.0000,1,1,1,2,1,1,1,1,1,1
SF,IF2007,2020-05-27 09:31:01.200,3782.4000,8064,0,86290260.000,0,-,-,-,-,3781.4000,3781.0000,3779.8000,3778.2000,3778.0000,3782.4000,3782.6000,3782.8000,3784.6000,3785.0000,1,1,1,2,1,1,1,1,1,1
SF,IF2007,2020-05-27 09:31:01.700,3782.4000,8064,0,86290260.000,0,-,-,-,-,3781.4000,3781.0000,3779.8000,3778.2000,3778.0000,3782.4000,3782.6000,3782.8000,3784.6000,3785.0000,1,1,1,2,1,1,1,1,1,1
SF,IF2007,2020-05-27 09:31:02.200,3782.4000,8064,0,86290260.000,0,-,-,-,-,3781.4000,3781.0000,3779.8000,3778.2000,3778.0000,3782.4000,3782.8000,3784.6000,3785.0000,3785.2000,1,1,1,2,1,1,1,1,1,1
SF,IF2007,2020-05-27 09:31:02.700,3781.4000,8064,0,87424680.000,1,0,1,多换,S,3781.0000,3779.8000,3778.0000,3775.8000,3775.0000,3781.4000,3782.2000,3782.4000,3782.8000,3784.6000,1,1,1,1,6,1,2,2,1,1
SF,IF2007,2020-05-27 09:31:03.200,3781.4000,8064,0,87424680.000,0,-,-,-,-,3781.0000,3779.8000,3778.0000,3775.8000,3775.0000,3781.4000,3781.8000,3782.2000,3782.4000,3782.8000,1,1,1,1,6,1,1,2,2,1
SF,IF2007,2020-05-27 09:31:04.200,3781.0000,8064,0,88558980.000,1,0,1,多换,S,3779.8000,3778.0000,3775.8000,3775.0000,3774.4000,3781.8000,3782.2000,3782.4000,3782.8000,3784.6000,1,1,1,6,4,1,1,1,1,1
SF,IF2007,2020-05-27 09:31:04.700,3781.0000,8064,0,88558980.000,0,-,-,-,-,3780.0000,3778.0000,3775.8000,3775.0000,3774.4000,3781.6000,3781.8000,3782.2000,3782.8000,3784.6000,4,1,1,6,4,1,1,1,1,1
SF,IF2007,2020-05-27 09:31:05.700,3781.0000,8064,0,88558980.000,0,-,-,-,-,3780.0000,3778.0000,3775.8000,3775.0000,3774.4000,3781.6000,3781.8000,3782.2000,3782.8000,3784.6000,3,1,1,6,4,1,1,1,1,1
SF,IF2007,2020-05-27 09:31:06.200,3781.0000,8064,0,88558980.000,0,-,-,-,-,3780.0000,3778.0000,3775.8000,3775.0000,3774.4000,3781.6000,3781.8000,3782.2000,3782.8000,3784.6000,2,1,1,6,4,1,1,1,1,1
SF,IF2007,2020-05-27 09:31:07.200,3781.0000,8064,0,88558980.000,0,-,-,-,-,3780.0000,3778.0000,3775.8000,3775.0000,3774.4000,3781.6000,3781.8000,3782.2000,3782.8000,3784.6000,1,1,1,6,4,1,2,1,1,1
SF,IF2007,2020-05-27 09:31:08.200,3781.0000,8064,0,88558980.000,0,-,-,-,-,3780.2000,3780.0000,3778.0000,3775.8000,3775.0000,3781.6000,3781.8000,3782.2000,3782.8000,3784.6000,1,1,1,1,6,1,1,1,1,1
SF,IF2007,2020-05-27 09:31:08.700,3781.0000,8064,0,88558980.000,0,-,-,-,-,3780.4000,3780.2000,3778.0000,3775.8000,3775.0000,3781.6000,3781.8000,3782.2000,3782.8000,3784.6000,1,1,1,1,6,1,1,1,1,1
SF,IF2007,2020-05-27 09:31:09.200,3781.0000,8064,0,88558980.000,0,-,-,-,-,3778.0000,3775.8000,3775.0000,3774.4000,3763.0000,3781.6000,3781.8000,3782.2000,3782.8000,3784.6000,1,1,6,4,1,1,1,1,1,1
SF,IF2007,2020-05-27 09:31:09.700,3781.0000,8064,0,88558980.000,0,-,-,-,-,3779.2000,3778.8000,3778.4000,3778.2000,3778.0000,3781.4000,3781.6000,3781.8000,3782.8000,3784.6000,2,1,1,7,1,1,1,1,1,1
SF,IF2007,2020-05-27 09:31:10.200,3781.0000,8064,0,88558980.000,0,-,-,-,-,3779.4000,3779.2000,3778.8000,3778.4000,3778.2000,3781.2000,3781.4000,3782.8000,3784.6000,3785.0000,3,2,1,1,4,1,1,1,1,1
SF,IF2007,2020-05-27 09:31:10.700,3781.0000,8064,0,88558980.000,0,-,-,-,-,3779.4000,3778.8000,3778.4000,3778.2000,3778.0000,3781.2000,3781.4000,3782.8000,3784.6000,3785.0000,3,1,1,4,1,1,1,1,1,1
SF,IF2007,2020-05-27 09:31:11.200,3781.0000,8064,0,88558980.000,0,-,-,-,-,3779.4000,3778.8000,3778.4000,3778.2000,3778.0000,3781.2000,3781.4000,3782.8000,3784.6000,3785.0000,3,1,1,3,1,1,1,1,1,1
SF,IF2007,2020-05-27 09:31:11.700,3781.0000,8064,0,88558980.000,0,-,-,-,-,3779.4000,3778.8000,3778.4000,3778.2000,3778.0000,3781.2000,3781.4000,3782.8000,3784.6000,3785.0000,3,1,1,3,1,1,1,1,1,1
SF,IF2007,2020-05-27 09:31:12.200,3781.0000,8064,0,88558980.000,0,-,-,-,-,3779.4000,3778.4000,3778.2000,3778.0000,3775.8000,3781.0000,3781.2000,3781.4000,3782.8000,3784.6000,3,1,2,1,1,1,1,1,1,1
SF,IF2007,2020-05-27 09:31:12.700,3781.0000,8064,0,88558980.000,0,-,-,-,-,3779.4000,3778.2000,3778.0000,3775.8000,3775.0000,3780.8000,3781.0000,3782.8000,3784.6000,3785.0000,1,2,1,1,7,3,1,1,1,1
SF,IF2007,2020-05-27 09:31:13.200,3781.0000,8064,0,88558980.000,0,-,-,-,-,3779.4000,3778.2000,3778.0000,3775.8000,3775.0000,3780.8000,3781.0000,3782.8000,3784.6000,3785.0000,1,2,1,1,7,3,1,1,1,1
SF,IF2007,2020-05-27 09:31:13.700,3781.0000,8064,0,88558980.000,0,-,-,-,-,3779.4000,3778.2000,3778.0000,3775.8000,3775.0000,3780.8000,3781.0000,3782.8000,3784.6000,3785.0000,1,2,1,1,7,1,1,1,1,1
SF,IF2007,2020-05-27 09:31:14.200,3781.0000,8064,0,88558980.000,0,-,-,-,-,3779.6000,3779.4000,3778.2000,3778.0000,3775.8000,3780.8000,3781.0000,3782.8000,3784.6000,3785.0000,1,1,2,1,1,1,1,1,1,1
SF,IF2007,2020-05-27 09:31:15.200,3781.0000,8064,0,88558980.000,0,-,-,-,-,3779.6000,3779.4000,3778.2000,3778.0000,3775.8000,3780.8000,3781.0000,3782.8000,3784.6000,3785.0000,1,1,2,1,1,1,1,1,1,1
SF,IF2007,2020-05-27 09:31:15.700,3781.0000,8064,0,88558980.000,0,-,-,-,-,3779.4000,3778.2000,3778.0000,3775.8000,3775.0000,3780.8000,3781.0000,3782.8000,3784.6000,3785.0000,1,2,1,1,7,1,1,1,1,1
SF,IF2007,2020-05-27 09:31:16.200,3779.4000,8063,-1,89692800.000,1,0,1,双平,S,3778.2000,3778.0000,3775.8000,3775.0000,3765.8000,3780.8000,3781.0000,3782.8000,3784.6000,3785.0000,1,1,1,7,4,1,1,1,1,1
SF,IF2007,2020-05-27 09:31:16.700,3779.4000,8063,0,89692800.000,0,-,-,-,-,3778.4000,3778.0000,3775.8000,3775.0000,3765.8000,3780.8000,3781.0000,3782.8000,3784.6000,3785.0000,6,1,1,7,4,1,1,1,1,1
SF,IF2007,2020-05-27 09:31:17.200,3779.4000,8063,0,89692800.000,0,-,-,-,-,3778.4000,3778.0000,3775.8000,3775.0000,3765.8000,3780.8000,3781.0000,3782.8000,3784.6000,3785.0000,4,1,1,7,4,1,1,1,1,1
SF,IF2007,2020-05-27 09:31:17.700,3779.4000,8063,0,89692800.000,0,-,-,-,-,3778.4000,3778.0000,3775.8000,3775.0000,3765.8000,3780.6000,3780.8000,3781.0000,3782.8000,3784.6000,3,1,1,7,4,1,1,1,1,1
SF,IF2007,2020-05-27 09:31:18.200,3779.4000,8063,0,89692800.000,0,-,-,-,-,3778.4000,3778.0000,3775.8000,3775.0000,3765.8000,3780.4000,3780.6000,3781.0000,3782.8000,3784.6000,3,1,1,7,4,1,1,1,1,1
SF,IF2007,2020-05-27 09:31:19.200,3779.4000,8063,0,89692800.000,0,-,-,-,-,3778.4000,3778.0000,3775.8000,3775.0000,3765.8000,3780.2000,3780.4000,3780.6000,3781.0000,3782.8000,3,1,1,7,4,1,1,1,1,1
SF,IF2007,2020-05-27 09:31:19.700,3779.4000,8063,0,89692800.000,0,-,-,-,-,3778.6000,3778.4000,3778.0000,3775.8000,3775.0000,3780.0000,3780.2000,3780.6000,3781.0000,3782.8000,1,3,1,1,7,1,1,1,1,1
SF,IF2007,2020-05-27 09:31:20.200,3779.4000,8063,0,89692800.000,0,-,-,-,-,3778.8000,3778.6000,3778.0000,3775.8000,3775.0000,3780.0000,3780.2000,3780.6000,3781.0000,3782.8000,3,1,1,1,7,1,1,1,1,1
SF,IF2007,2020-05-27 09:31:21.200,3779.4000,8063,0,89692800.000,0,-,-,-,-,3778.8000,3778.6000,3778.0000,3775.8000,3775.0000,3780.0000,3781.0000,3782.8000,3784.6000,3785.0000,1,1,1,1,2,1,1,1,1,1
SF,IF2007,2020-05-27 09:31:21.700,3779.4000,8063,0,89692800.000,0,-,-,-,-,3778.0000,3775.8000,3775.0000,3770.0000,3765.8000,3780.0000,3780.6000,3781.0000,3782.8000,3784.6000,1,1,2,5,4,1,1,1,1,1
SF,IF2007,2020-05-27 09:31:22.200,3779.4000,8063,0,89692800.000,0,-,-,-,-,3778.2000,3778.0000,3775.8000,3775.0000,3770.0000,3780.0000,3780.6000,3781.0000,3782.8000,3784.6000,1,1,1,2,5,1,1,1,1,1
SF,IF2007,2020-05-27 09:31:22.700,3779.4000,8063,0,89692800.000,0,-,-,-,-,3778.0000,3775.8000,3775.0000,3770.0000,3765.8000,3778.2000,3780.0000,3780.6000,3781.0000,3782.8000,1,1,2,5,4,1,1,1,1,1
SF,IF2007,2020-05-27 09:31:23.200,3778.2000,8063,0,90826260.000,1,0,1,多换,S,3778.0000,3775.8000,3775.0000,3770.0000,3765.8000,3780.0000,3780.6000,3781.0000,3782.8000,3784.6000,1,1,2,5,4,1,1,1,1,1
SF,IF2007,2020-05-27 09:31:23.700,3778.2000,8063,0,90826260.000,0,-,-,-,-,3778.2000,3778.0000,3775.8000,3775.0000,3770.0000,3779.0000,3779.8000,3780.0000,3780.6000,3781.0000,1,1,1,2,5,1,1,1,1,1
SF,IF2007,2020-05-27 09:31:24.200,3778.8000,8062,-1,91959900.000,1,0,1,双平,S,3778.4000,3778.0000,3775.8000,3775.0000,3770.0000,3778.8000,3779.0000,3779.6000,3780.0000,3780.6000,1,1,1,2,5,1,1,2,1,1
SF,IF2007,2020-05-27 09:31:24.700,3778.8000,8062,0,91959900.000,0,-,-,-,-,3778.4000,3778.0000,3775.8000,3775.0000,3770.0000,3779.0000,3779.6000,3780.0000,3780.6000,3781.0000,1,1,1,2,5,1,1,1,1,1
SF,IF2007,2020-05-27 09:31:25.200,3779.0000,8061,-1,93093600.000,1,0,1,双平,S,3778.4000,3778.0000,3775.8000,3775.0000,3770.0000,3779.6000,3780.0000,3780.6000,3781.0000,3782.8000,1,1,1,2,5,1,1,1,1,1
SF,IF2007,2020-05-27 09:31:25.700,3779.0000,8061,0,93093600.000,0,-,-,-,-,3778.4000,3778.0000,3775.8000,3775.0000,3770.0000,3779.4000,3779.6000,3780.6000,3781.0000,3782.8000,1,1,1,2,5,1,1,1,1,1
SF,IF2007,2020-05-27 09:31:26.200,3779.4000,8060,-1,94227420.000,1,0,1,双平,S,3778.6000,3778.4000,3778.0000,3775.8000,3775.0000,3779.6000,3780.6000,3781.0000,3782.8000,3784.6000,2,1,1,1,2,1,1,1,1,1
SF,IF2007,2020-05-27 09:31:26.700,3779.6000,8059,-1,95361300.000,1,0,1,双平,S,3778.8000,3778.6000,3778.4000,3778.0000,3775.8000,3780.6000,3781.0000,3782.8000,3784.6000,3785.0000,1,2,1,1,1,1,1,1,1,1
SF,IF2007,2020-05-27 09:31:27.200,3779.6000,8059,0,95361300.000,0,-,-,-,-,3779.0000,3778.8000,3778.6000,3778.4000,3778.0000,3780.4000,3780.6000,3781.0000,3782.8000,3784.6000,3,1,1,1,1,1,1,1,1,1
SF,IF2007,2020-05-27 09:31:27.700,3779.6000,8059,0,95361300.000,0,-,-,-,-,3779.0000,3778.8000,3778.6000,3778.4000,3778.0000,3780.4000,3780.6000,3781.0000,3782.8000,3784.6000,3,1,1,1,1,1,1,1,1,1
SF,IF2007,2020-05-27 09:31:28.200,3779.6000,8059,0,95361300.000,0,-,-,-,-,3779.2000,3779.0000,3778.8000,3778.6000,3778.4000,3780.2000,3780.4000,3780.6000,3781.0000,3782.8000,1,3,1,1,1,1,1,1,1,1
SF,IF2007,2020-05-27 09:31:28.700,3779.6000,8059,0,95361300.000,0,-,-,-,-,3779.2000,3779.0000,3778.8000,3778.6000,3778.4000,3780.2000,3780.4000,3781.0000,3782.8000,3784.6000,1,3,1,1,1,1,1,1,1,1
SF,IF2007,2020-05-27 09:31:29.200,3779.6000,8059,0,95361300.000,0,-,-,-,-,3779.4000,3779.2000,3778.8000,3778.6000,3778.4000,3780.4000,3781.0000,3782.8000,3784.6000,3785.0000,3,1,1,1,1,1,1,1,1,1
SF,IF2007,2020-05-27 09:31:29.700,3779.6000,8059,0,95361300.000,0,-,-,-,-,3779.4000,3779.2000,3778.8000,3778.6000,3778.0000,3780.4000,3781.0000,3782.8000,3784.6000,3785.0000,3,1,1,1,1,1,1,1,1,1
SF,IF2007,2020-05-27 09:31:30.200,3779.6000,8059,0,95361300.000,0,-,-,-,-,3779.4000,3779.2000,3778.8000,3778.6000,3778.0000,3780.2000,3780.4000,3781.0000,3782.8000,3784.6000,2,1,1,1,1,1,1,1,1,1
SF,IF2007,2020-05-27 09:31:30.700,3779.6000,8059,0,95361300.000,0,-,-,-,-,3779.2000,3778.6000,3778.0000,3775.8000,3775.0000,3780.0000,3780.2000,3781.0000,3782.8000,3784.6000,1,1,1,1,2,1,1,1,1,1
SF,IF2007,2020-05-27 09:31:31.200,3779.6000,8059,0,95361300.000,0,-,-,-,-,3778.6000,3778.0000,3775.8000,3775.0000,3770.0000,3780.0000,3780.2000,3781.0000,3782.8000,3784.6000,1,1,1,2,5,1,1,1,1,1
SF,IF2007,2020-05-27 09:31:31.700,3779.6000,8059,0,95361300.000,0,-,-,-,-,3778.8000,3778.6000,3778.0000,3775.8000,3775.0000,3780.0000,3781.0000,3782.8000,3784.6000,3785.0000,1,1,1,1,2,1,1,1,1,1
SF,IF2007,2020-05-27 09:31:32.200,3778.8000,8058,-1,96494940.000,1,0,1,双平,S,3778.6000,3778.0000,3775.8000,3775.0000,3770.0000,3779.8000,3780.0000,3781.0000,3782.8000,3784.6000,1,1,1,2,5,1,1,1,1,1
SF,IF2007,2020-05-27 09:31:32.700,3778.8000,8058,0,96494940.000,0,-,-,-,-,3778.6000,3778.0000,3775.8000,3775.0000,3770.0000,3779.6000,3779.8000,3781.0000,3782.8000,3784.6000,1,1,1,2,5,1,1,1,1,1
SF,IF2007,2020-05-27 09:31:33.200,3778.8000,8058,0,96494940.000,0,-,-,-,-,3778.0000,3775.8000,3775.0000,3770.0000,3765.8000,3779.6000,3781.0000,3782.8000,3784.6000,3785.0000,1,1,2,5,4,1,1,1,1,1
SF,IF2007,2020-05-27 09:31:33.700,3778.8000,8058,0,96494940.000,0,-,-,-,-,3778.4000,3778.2000,3778.0000,3775.8000,3775.0000,3779.6000,3781.0000,3782.8000,3784.6000,3785.0000,1,3,1,1,2,1,1,1,1,1
SF,IF2007,2020-05-27 09:31:34.200,3778.8000,8058,0,96494940.000,0,-,-,-,-,3778.6000,3778.4000,3778.2000,3778.0000,3775.8000,3779.6000,3781.0000,3782.8000,3784.6000,3785.0000,3,1,1,1,1,1,1,1,1,1
SF,IF2007,2020-05-27 09:31:35.700,3778.8000,8058,0,96494940.000,0,-,-,-,-,3778.8000,3778.6000,3778.4000,3778.2000,3778.0000,3779.6000,3781.0000,3782.8000,3784.6000,3785.0000,1,3,1,1,1,1,1,1,1,1
SF,IF2007,2020-05-27 09:31:36.700,3778.8000,8058,0,96494940.000,0,-,-,-,-,3779.0000,3778.8000,3778.6000,3778.4000,3778.2000,3779.6000,3781.0000,3782.8000,3784.6000,3785.0000,1,1,2,1,1,1,1,1,1,1
SF,IF2007,2020-05-27 09:31:38.200,3778.8000,8058,0,96494940.000,0,-,-,-,-,3779.2000,3779.0000,3778.8000,3778.6000,3778.4000,3779.6000,3781.0000,3782.8000,3784.6000,3785.0000,1,1,1,2,1,1,1,1,1,1
SF,IF2007,2020-05-27 09:31:38.700,3778.8000,8058,0,96494940.000,0,-,-,-,-,3779.2000,3779.0000,3778.8000,3778.6000,3778.4000,3781.0000,3782.8000,3784.6000,3785.0000,3785.2000,1,1,1,2,1,1,1,1,1,3
SF,IF2007,2020-05-27 09:31:39.200,3778.8000,8058,0,96494940.000,0,-,-,-,-,3779.2000,3779.0000,3778.8000,3778.6000,3778.4000,3780.8000,3781.0000,3782.8000,3784.6000,3785.0000,1,1,1,2,1,1,1,1,1,1
SF,IF2007,2020-05-27 09:31:39.700,3778.8000,8058,0,96494940.000,0,-,-,-,-,3779.2000,3779.0000,3778.8000,3778.6000,3778.4000,3780.8000,3781.0000,3782.8000,3784.6000,3785.0000,1,1,1,2,1,1,1,1,1,1
SF,IF2007,2020-05-27 09:31:40.200,3778.8000,8058,0,96494940.000,0,-,-,-,-,3779.4000,3779.2000,3779.0000,3778.8000,3778.6000,3780.8000,3781.0000,3782.8000,3784.6000,3785.0000,1,1,1,1,1,1,1,1,1,1
SF,IF2007,2020-05-27 09:31:40.700,3778.8000,8058,0,96494940.000,0,-,-,-,-,3779.2000,3779.0000,3778.8000,3778.6000,3778.4000,3780.8000,3781.0000,3782.8000,3784.6000,3785.0000,1,1,1,1,1,1,1,1,1,1
SF,IF2007,2020-05-27 09:31:41.200,3778.8000,8058,0,96494940.000,0,-,-,-,-,3779.2000,3779.0000,3778.8000,3778.6000,3778.4000,3780.6000,3780.8000,3781.0000,3782.8000,3784.6000,1,1,1,1,1,1,1,1,1,1
SF,IF2007,2020-05-27 09:31:41.700,3778.8000,8058,0,96494940.000,0,-,-,-,-,3779.2000,3779.0000,3778.8000,3778.6000,3778.4000,3780.4000,3780.6000,3781.0000,3782.8000,3784.6000,1,1,1,1,1,2,1,1,1,1
SF,IF2007,2020-05-27 09:31:42.200,3778.8000,8058,0,96494940.000,0,-,-,-,-,3779.2000,3779.0000,3778.8000,3778.6000,3778.4000,3780.4000,3781.0000,3782.8000,3784.6000,3785.0000,1,1,1,1,1,1,1,2,1,1
SF,IF2007,2020-05-27 09:31:44.700,3778.8000,8058,0,96494940.000,0,-,-,-,-,3779.2000,3779.0000,3778.8000,3778.6000,3778.4000,3780.4000,3781.0000,3782.8000,3784.6000,3785.0000,1,1,1,1,1,1,1,2,1,1
SF,IF2007,2020-05-27 09:31:45.200,3778.8000,8058,0,96494940.000,0,-,-,-,-,3779.2000,3779.0000,3778.8000,3778.6000,3778.4000,3780.2000,3780.4000,3781.0000,3782.8000,3784.6000,1,1,1,1,1,1,1,1,2,1
SF,IF2007,2020-05-27 09:31:45.700,3778.8000,8058,0,96494940.000,0,-,-,-,-,3779.2000,3779.0000,3778.8000,3778.6000,3778.4000,3780.0000,3780.2000,3781.0000,3782.8000,3784.6000,1,1,1,1,1,1,1,1,2,1
SF,IF2007,2020-05-27 09:31:47.200,3778.8000,8058,0,96494940.000,0,-,-,-,-,3779.2000,3779.0000,3778.8000,3778.6000,3778.4000,3780.0000,3781.0000,3782.8000,3784.6000,3785.0000,1,1,1,1,1,1,1,2,1,1
SF,IF2007,2020-05-27 09:31:49.200,3778.8000,8058,0,96494940.000,0,-,-,-,-,3779.2000,3779.0000,3778.8000,3778.6000,3778.4000,3780.0000,3781.0000,3782.8000,3784.6000,3785.0000,1,1,1,1,1,1,1,1,1,1
SF,IF2007,2020-05-27 09:31:50.200,3778.8000,8058,0,96494940.000,0,-,-,-,-,3779.4000,3779.2000,3779.0000,3778.8000,3778.6000,3780.0000,3781.0000,3782.8000,3784.6000,3785.0000,1,1,1,1,1,1,1,1,1,1
SF,IF2007,2020-05-27 09:31:50.700,3778.8000,8058,0,96494940.000,0,-,-,-,-,3779.6000,3779.4000,3779.2000,3779.0000,3778.8000,3780.0000,3781.0000,3782.8000,3784.6000,3785.0000,1,1,1,1,1,1,1,1,1,1
SF,IF2007,2020-05-27 09:31:51.200,3778.8000,8058,0,96494940.000,0,-,-,-,-,3779.6000,3779.4000,3779.2000,3779.0000,3778.8000,3781.0000,3782.8000,3784.6000,3785.0000,3785.2000,1,1,1,1,1,1,1,1,1,3
SF,IF2007,2020-05-27 09:31:51.700,3778.8000,8058,0,96494940.000,0,-,-,-,-,3779.6000,3779.4000,3779.2000,3779.0000,3778.8000,3780.8000,3781.0000,3782.8000,3784.6000,3785.0000,1,1,1,1,1,2,1,1,1,1
SF,IF2007,2020-05-27 09:31:53.200,3778.8000,8058,0,96494940.000,0,-,-,-,-,3779.6000,3779.4000,3779.2000,3779.0000,3778.8000,3780.8000,3781.0000,3782.4000,3782.8000,3784.6000,1,1,1,1,1,2,1,1,1,1
SF,IF2007,2020-05-27 09:31:53.700,3778.8000,8058,0,96494940.000,0,-,-,-,-,3779.6000,3779.4000,3779.2000,3779.0000,3778.8000,3780.8000,3781.0000,3782.4000,3782.8000,3784.6000,1,1,1,1,1,2,1,1,1,1
SF,IF2007,2020-05-27 09:31:54.200,3780.8000,8057,-1,97629180.000,1,0,1,双平,S,3779.6000,3779.4000,3779.2000,3779.0000,3778.8000,3781.0000,3782.4000,3782.8000,3784.6000,3785.0000,1,1,1,1,1,1,1,1,1,1
SF,IF2007,2020-05-27 09:31:54.700,3780.8000,8057,0,97629180.000,0,-,-,-,-,3779.8000,3779.6000,3779.4000,3779.2000,3779.0000,3780.8000,3781.0000,3782.4000,3782.8000,3784.6000,1,1,1,1,1,1,1,1,1,1
SF,IF2007,2020-05-27 09:31:55.200,3780.8000,8057,0,97629180.000,0,-,-,-,-,3779.8000,3779.6000,3779.4000,3779.2000,3779.0000,3781.0000,3782.4000,3782.8000,3784.6000,3785.0000,1,1,1,1,1,1,1,1,1,1
SF,IF2007,2020-05-27 09:31:55.700,3780.8000,8057,0,97629180.000,0,-,-,-,-,3780.2000,3780.0000,3779.8000,3779.6000,3779.4000,3782.4000,3782.8000,3784.6000,3785.0000,3785.2000,1,1,1,1,1,1,1,1,1,3
SF,IF2007,2020-05-27 09:31:56.200,3780.8000,8057,0,97629180.000,0,-,-,-,-,3780.4000,3780.2000,3780.0000,3779.6000,3779.4000,3781.4000,3781.6000,3781.8000,3782.2000,3782.4000,1,1,1,1,1,1,1,1,4,2
SF,IF2007,2020-05-27 09:31:56.700,3780.4000,8056,-1,98763300.000,1,0,1,双平,S,3780.2000,3780.0000,3779.6000,3779.4000,3779.2000,3781.2000,3781.4000,3781.6000,3781.8000,3782.2000,1,1,1,1,1,1,1,1,1,2
SF,IF2007,2020-05-27 09:31:57.200,3780.4000,8056,0,98763300.000,0,-,-,-,-,3780.2000,3780.0000,3779.6000,3779.4000,3779.2000,3781.0000,3781.2000,3781.4000,3781.6000,3781.8000,1,1,1,1,1,1,1,1,2,1
SF,IF2007,2020-05-27 09:31:57.700,3781.0000,8056,0,99897600.000,1,0,1,多换,S,3780.2000,3780.0000,3779.6000,3779.4000,3779.2000,3781.2000,3781.4000,3781.6000,3781.8000,3782.2000,1,1,1,1,1,1,1,2,1,1
SF,IF2007,2020-05-27 09:31:58.200,3781.0000,8056,0,99897600.000,0,-,-,-,-,3780.2000,3780.0000,3779.6000,3779.4000,3779.2000,3781.2000,3781.6000,3781.8000,3782.4000,3782.8000,1,1,1,1,1,1,1,1,2,1
SF,IF2007,2020-05-27 09:31:58.700,3781.0000,8056,0,99897600.000,0,-,-,-,-,3780.2000,3780.0000,3779.6000,3779.4000,3779.2000,3781.2000,3781.6000,3781.8000,3782.4000,3782.8000,1,1,1,1,1,1,1,1,2,1
SF,IF2007,2020-05-27 09:31:59.200,3781.0000,8056,0,99897600.000,0,-,-,-,-,3780.0000,3779.6000,3779.4000,3779.0000,3778.6000,3781.2000,3781.6000,3781.8000,3782.4000,3782.8000,1,1,1,1,1,1,1,1,2,1
SF,IF2007,2020-05-27 09:31:59.700,3781.2000,8055,-1,101031960.000,1,0,1,双平,S,3780.0000,3779.4000,3779.0000,3778.6000,3778.4000,3781.6000,3781.8000,3782.4000,3782.8000,3784.6000,1,1,1,1,1,1,1,2,1,1
SF,IF2007,2020-05-27 09:32:00.200,3781.2000,8055,0,101031960.000,0,-,-,-,-,3780.2000,3780.0000,3779.4000,3779.0000,3778.6000,3781.4000,3781.6000,3781.8000,3782.4000,3782.8000,1,1,1,1,1,3,1,1,2,1
SF,IF2007,2020-05-27 09:32:00.700,3781.2000,8055,0,101031960.000,0,-,-,-,-,3780.2000,3780.0000,3779.4000,3779.0000,3778.6000,3781.2000,3781.4000,3781.6000,3781.8000,3782.4000,1,1,1,1,1,1,3,1,1,2
SF,IF2007,2020-05-27 09:32:01.200,3781.2000,8055,0,101031960.000,0,-,-,-,-,3779.0000,3778.6000,3778.4000,3778.2000,3778.0000,3781.0000,3781.2000,3781.4000,3781.6000,3781.8000,1,1,1,1,1,1,1,1,1,1
SF,IF2007,2020-05-27 09:32:01.700,3781.2000,8055,0,101031960.000,0,-,-,-,-,3779.4000,3779.2000,3779.0000,3778.6000,3778.4000,3780.6000,3781.0000,3781.4000,3781.6000,3781.8000,1,2,1,1,1,1,1,1,1,1
SF,IF2007,2020-05-27 09:32:02.200,3781.2000,8055,0,101031960.000,0,-,-,-,-,3779.2000,3779.0000,3778.6000,3778.4000,3778.2000,3780.4000,3780.6000,3781.4000,3781.6000,3781.8000,2,1,1,1,1,2,1,1,1,1
SF,IF2007,2020-05-27 09:32:02.700,3779.2000,8053,-2,103299480.000,2,0,2,双平,S,3779.0000,3778.6000,3778.4000,3778.2000,3778.0000,3780.2000,3780.4000,3780.6000,3781.4000,3781.8000,1,1,1,1,1,1,2,1,1,1
SF,IF2007,2020-05-27 09:32:03.200,3780.0000,8053,0,104433480.000,1,0,1,多换,S,3778.6000,3778.4000,3778.2000,3778.0000,3775.8000,3780.0000,3780.2000,3780.6000,3781.4000,3781.8000,1,1,1,1,1,1,1,1,1,1
SF,IF2007,2020-05-27 09:32:03.700,3780.0000,8053,0,104433480.000,0,-,-,-,-,3778.8000,3778.4000,3778.2000,3778.0000,3775.8000,3780.0000,3780.2000,3780.6000,3781.4000,3781.8000,1,1,1,1,1,1,1,1,1,1
SF,IF2007,2020-05-27 09:32:05.200,3780.0000,8053,0,104433480.000,0,-,-,-,-,3779.0000,3778.8000,3778.4000,3778.2000,3778.0000,3780.0000,3780.6000,3781.2000,3781.4000,3781.8000,2,1,1,1,1,1,1,1,1,1
SF,IF2007,2020-05-27 09:32:05.700,3780.0000,8053,0,104433480.000,0,-,-,-,-,3779.0000,3778.8000,3778.4000,3778.2000,3778.0000,3780.0000,3780.6000,3781.2000,3781.4000,3781.8000,2,1,1,1,1,1,1,1,1,1
SF,IF2007,2020-05-27 09:32:06.200,3780.0000,8053,0,104433480.000,0,-,-,-,-,3779.0000,3778.8000,3778.4000,3778.2000,3778.0000,3780.0000,3780.6000,3781.2000,3781.4000,3781.8000,2,1,1,1,1,1,1,1,1,1
SF,IF2007,2020-05-27 09:32:07.200,3780.0000,8053,0,104433480.000,0,-,-,-,-,3779.0000,3778.8000,3778.4000,3778.2000,3778.0000,3780.0000,3780.6000,3781.2000,3781.4000,3781.8000,1,1,1,1,1,1,1,1,1,1
SF,IF2007,2020-05-27 09:32:07.700,3780.0000,8053,0,104433480.000,0,-,-,-,-,3778.8000,3778.4000,3778.2000,3778.0000,3775.8000,3780.0000,3780.6000,3781.2000,3781.4000,3781.8000,1,1,1,1,1,1,1,1,1,1
SF,IF2007,2020-05-27 09:32:08.200,3780.0000,8053,0,104433480.000,0,-,-,-,-,3778.4000,3778.2000,3778.0000,3775.8000,3775.0000,3779.8000,3780.0000,3780.6000,3781.2000,3781.4000,1,1,1,1,3,2,1,1,1,1
SF,IF2007,2020-05-27 09:32:08.700,3780.0000,8053,0,104433480.000,0,-,-,-,-,3778.6000,3778.4000,3778.2000,3778.0000,3775.8000,3779.8000,3780.6000,3781.2000,3781.4000,3781.8000,2,1,1,1,1,2,1,1,1,1
SF,IF2007,2020-05-27 09:32:09.200,3780.0000,8053,0,104433480.000,0,-,-,-,-,3778.6000,3778.4000,3778.2000,3778.0000,3775.8000,3779.6000,3779.8000,3780.6000,3781.2000,3781.4000,1,1,1,1,1,1,2,1,1,1
SF,IF2007,2020-05-27 09:32:09.700,3780.0000,8053,0,104433480.000,0,-,-,-,-,3778.4000,3778.2000,3778.0000,3775.8000,3775.0000,3779.6000,3779.8000,3780.6000,3781.2000,3781.4000,1,1,1,1,3,1,1,1,1,1
SF,IF2007,2020-05-27 09:32:10.200,3780.0000,8053,0,104433480.000,0,-,-,-,-,3778.4000,3778.2000,3778.0000,3775.8000,3775.0000,3779.4000,3779.6000,3779.8000,3780.6000,3781.2000,1,1,1,1,3,1,1,1,1,1
SF,IF2007,2020-05-27 09:32:10.700,3780.0000,8053,0,104433480.000,0,-,-,-,-,3778.4000,3778.2000,3778.0000,3775.8000,3775.0000,3779.2000,3779.4000,3779.8000,3780.6000,3781.2000,1,1,1,1,3,1,1,1,1,1
SF,IF2007,2020-05-27 09:32:12.200,3780.0000,8053,0,104433480.000,0,-,-,-,-,3778.4000,3778.2000,3778.0000,3775.0000,3770.0000,3779.2000,3779.4000,3779.8000,3780.6000,3781.2000,1,1,1,3,5,1,1,1,1,1
SF,IF2007,2020-05-27 09:32:12.700,3780.0000,8053,0,104433480.000,0,-,-,-,-,3778.4000,3778.2000,3778.0000,3775.0000,3770.0000,3779.0000,3779.2000,3779.8000,3780.6000,3781.2000,1,1,1,3,5,1,1,1,1,1
SF,IF2007,2020-05-27 09:32:13.200,3778.4000,8052,-1,105567000.000,1,0,1,双平,S,3778.2000,3778.0000,3775.0000,3770.0000,3765.8000,3779.2000,3779.8000,3780.6000,3781.2000,3781.4000,1,1,3,5,4,1,1,1,1,1
SF,IF2007,2020-05-27 09:32:13.700,3778.0000,8051,-1,107833860.000,2,0,2,多平,S,3775.0000,3770.0000,3765.8000,3763.0000,3752.0000,3779.0000,3779.2000,3780.6000,3781.2000,3781.4000,3,5,4,1,1,1,1,1,1,1
SF,IF2007,2020-05-27 09:32:14.200,3778.0000,8051,0,107833860.000,0,-,-,-,-,3777.0000,3776.6000,3776.2000,3776.0000,3775.2000,3778.8000,3779.0000,3780.6000,3781.2000,3781.4000,2,1,1,1,10,1,1,1,1,1
SF,IF2007,2020-05-27 09:32:14.700,3778.0000,8051,0,107833860.000,0,-,-,-,-,3777.2000,3775.2000,3775.0000,3770.0000,3765.8000,3778.8000,3780.6000,3781.2000,3781.4000,3782.4000,3,4,3,5,4,1,1,1,1,1
SF,IF2007,2020-05-27 09:32:15.200,3777.4000,8051,0,108967080.000,1,0,1,多换,S,3777.2000,3775.2000,3775.0000,3773.8000,3770.0000,3778.4000,3778.6000,3778.8000,3780.6000,3781.2000,1,3,3,2,5,2,1,1,1,1
SF,IF2007,2020-05-27 09:32:15.700,3777.4000,8051,0,108967080.000,0,-,-,-,-,3777.2000,3775.2000,3775.0000,3773.8000,3770.0000,3778.2000,3778.4000,3778.6000,3780.6000,3781.2000,1,3,3,2,5,2,1,1,1,1
SF,IF2007,2020-05-27 09:32:16.200,3777.4000,8051,0,108967080.000,0,-,-,-,-,3777.2000,3775.2000,3775.0000,3773.8000,3770.0000,3778.2000,3778.4000,3778.6000,3780.6000,3781.2000,1,2,3,2,5,2,1,1,1,1
SF,IF2007,2020-05-27 09:32:16.700,3777.2000,8050,-1,110100240.000,1,0,1,双平,S,3775.2000,3775.0000,3773.8000,3770.0000,3765.8000,3778.0000,3778.2000,3778.4000,3778.6000,3780.6000,2,3,2,5,4,1,2,1,1,1
SF,IF2007,2020-05-27 09:32:17.200,3778.4000,8046,-4,114633960.000,4,0,4,双平,S,3778.4000,3775.8000,3775.4000,3775.0000,3773.8000,3778.6000,3780.6000,3781.2000,3781.4000,3782.8000,1,2,2,3,2,1,1,1,1,1
SF,IF2007,2020-05-27 09:32:17.700,3778.4000,8045,-1,115767480.000,1,0,1,双平,S,3775.6000,3775.4000,3775.0000,3773.8000,3770.0000,3777.4000,3778.2000,3778.4000,3778.6000,3780.6000,1,2,3,2,5,2,2,3,1,1
SF,IF2007,2020-05-27 09:32:18.200,3778.4000,8045,0,115767480.000,0,-,-,-,-,3776.2000,3775.8000,3775.0000,3773.8000,3770.0000,3777.2000,3777.4000,3778.4000,3780.6000,3781.2000,2,2,3,2,5,1,1,2,1,1
SF,IF2007,2020-05-27 09:32:18.700,3776.2000,8043,-2,119166720.000,3,0,3,多平,S,3776.2000,3775.8000,3775.0000,3773.8000,3770.0000,3777.2000,3778.0000,3778.2000,3778.4000,3780.6000,1,2,3,2,5,1,2,2,1,1
SF,IF2007,2020-05-27 09:32:19.200,3776.2000,8043,0,119166720.000,0,-,-,-,-,3776.2000,3775.8000,3775.0000,3773.8000,3770.0000,3777.2000,3778.0000,3778.2000,3778.4000,3780.6000,1,2,3,2,5,1,3,2,3,1
SF,IF2007,2020-05-27 09:32:19.700,3776.2000,8043,0,119166720.000,0,-,-,-,-,3776.2000,3775.8000,3775.0000,3773.8000,3770.0000,3777.2000,3778.0000,3778.2000,3778.4000,3780.6000,2,2,3,2,5,1,3,3,5,1
SF,IF2007,2020-05-27 09:32:20.200,3776.2000,8043,0,119166720.000,0,-,-,-,-,3776.2000,3775.8000,3775.0000,3773.8000,3770.0000,3777.2000,3778.0000,3778.2000,3778.4000,3780.6000,1,2,3,2,5,1,4,3,5,1
SF,IF2007,2020-05-27 09:32:20.700,3776.2000,8043,0,119166720.000,0,-,-,-,-,3776.2000,3775.8000,3775.0000,3773.8000,3770.0000,3777.2000,3778.0000,3778.2000,3778.4000,3780.6000,2,2,3,2,5,1,4,5,3,1
SF,IF2007,2020-05-27 09:32:21.200,3776.2000,8043,0,119166720.000,0,-,-,-,-,3776.2000,3775.8000,3775.0000,3773.8000,3770.0000,3777.2000,3777.8000,3778.0000,3778.2000,3778.4000,1,2,3,2,5,1,1,4,4,3
SF,IF2007,2020-05-27 09:32:21.700,3776.2000,8043,0,119166720.000,0,-,-,-,-,3776.2000,3775.8000,3775.0000,3773.8000,3770.0000,3777.2000,3777.8000,3778.0000,3778.2000,3778.4000,1,2,3,2,5,1,1,4,4,3
SF,IF2007,2020-05-27 09:32:22.200,3776.2000,8043,0,119166720.000,0,-,-,-,-,3776.2000,3775.8000,3775.0000,3773.8000,3770.0000,3777.2000,3777.8000,3778.0000,3778.2000,3778.4000,2,2,3,2,5,1,1,4,4,3
SF,IF2007,2020-05-27 09:32:23.200,3777.2000,8043,0,120299880.000,1,0,1,多换,S,3776.8000,3776.4000,3776.2000,3775.8000,3775.0000,3777.8000,3778.0000,3778.2000,3778.4000,3779.2000,1,1,1,2,3,1,5,3,3,1
SF,IF2007,2020-05-27 09:32:23.700,3777.2000,8043,0,120299880.000,0,-,-,-,-,3776.8000,3776.4000,3776.2000,3775.8000,3775.0000,3778.0000,3778.2000,3778.4000,3779.2000,3780.6000,1,1,1,2,3,5,3,2,1,1
SF,IF2007,2020-05-27 09:32:24.200,3777.2000,8043,0,120299880.000,0,-,-,-,-,3776.4000,3776.2000,3775.8000,3775.0000,3773.8000,3778.0000,3778.2000,3778.4000,3779.2000,3780.6000,1,1,2,3,2,5,1,2,1,1
SF,IF2007,2020-05-27 09:32:24.700,3777.2000,8043,0,120299880.000,0,-,-,-,-,3777.2000,3776.6000,3776.4000,3776.2000,3775.8000,3778.0000,3778.2000,3778.4000,3779.2000,3780.6000,1,3,1,1,2,2,1,2,1,1
SF,IF2007,2020-05-27 09:32:25.200,3777.2000,8043,0,120299880.000,0,-,-,-,-,3777.2000,3776.6000,3776.4000,3776.2000,3775.8000,3778.0000,3778.4000,3779.2000,3780.6000,3782.8000,1,3,1,1,2,2,1,1,1,1
SF,IF2007,2020-05-27 09:32:25.700,3777.2000,8043,0,120299880.000,0,-,-,-,-,3777.2000,3776.6000,3776.4000,3775.8000,3775.0000,3778.0000,3778.4000,3779.2000,3780.6000,3782.8000,1,3,1,2,3,1,1,1,1,1
SF,IF2007,2020-05-27 09:32:26.200,3777.2000,8043,0,120299880.000,0,-,-,-,-,3777.2000,3776.6000,3776.4000,3775.8000,3775.0000,3778.4000,3779.2000,3780.6000,3782.8000,3784.6000,1,1,1,2,3,1,1,1,1,1
SF,IF2007,2020-05-27 09:32:26.700,3777.2000,8043,0,120299880.000,0,-,-,-,-,3777.2000,3776.6000,3776.4000,3775.8000,3775.0000,3778.2000,3778.4000,3779.2000,3780.6000,3782.8000,1,1,1,2,3,1,1,1,1,1
SF,IF2007,2020-05-27 09:32:27.200,3777.2000,8043,0,120299880.000,0,-,-,-,-,3777.2000,3776.6000,3775.8000,3775.0000,3773.8000,3778.2000,3778.4000,3779.2000,3780.6000,3782.8000,1,1,2,3,2,1,1,1,1,1
SF,IF2007,2020-05-27 09:32:27.700,3777.2000,8043,0,120299880.000,0,-,-,-,-,3777.2000,3776.6000,3775.8000,3775.0000,3773.8000,3778.0000,3778.2000,3778.4000,3780.6000,3782.8000,1,1,2,3,2,1,1,1,1,1
SF,IF2007,2020-05-27 09:32:28.200,3777.2000,8043,0,120299880.000,0,-,-,-,-,3777.2000,3776.6000,3775.8000,3775.0000,3773.8000,3778.0000,3778.2000,3780.6000,3782.8000,3784.6000,1,1,2,3,2,1,1,1,1,1
SF,IF2007,2020-05-27 09:32:28.700,3777.2000,8044,1,121433040.000,1,1,0,双开,S,3776.6000,3775.8000,3775.0000,3773.8000,3770.0000,3778.0000,3778.2000,3780.6000,3782.8000,3784.6000,1,2,3,2,5,1,1,1,1,1
SF,IF2007,2020-05-27 09:32:29.200,3777.2000,8044,0,121433040.000,0,-,-,-,-,3776.6000,3775.8000,3775.0000,3773.8000,3770.0000,3778.0000,3778.2000,3780.6000,3782.8000,3784.6000,1,2,3,2,5,1,2,1,1,1
SF,IF2007,2020-05-27 09:32:30.200,3777.2000,8044,0,121433040.000,0,-,-,-,-,3776.6000,3775.8000,3775.0000,3773.8000,3770.0000,3778.0000,3778.2000,3778.4000,3780.6000,3782.8000,1,2,3,2,5,1,1,1,1,1
SF,IF2007,2020-05-27 09:32:30.700,3777.2000,8044,0,121433040.000,0,-,-,-,-,3776.6000,3775.8000,3775.0000,3773.8000,3770.0000,3778.0000,3778.4000,3780.6000,3782.8000,3784.6000,1,2,3,2,5,1,1,1,1,1
SF,IF2007,2020-05-27 09:32:31.200,3777.2000,8044,0,121433040.000,0,-,-,-,-,3776.8000,3776.6000,3775.8000,3775.0000,3773.8000,3778.0000,3778.4000,3780.6000,3782.8000,3784.6000,1,1,2,3,2,1,1,1,1,1
SF,IF2007,2020-05-27 09:32:34.200,3777.2000,8044,0,121433040.000,0,-,-,-,-,3776.8000,3776.6000,3775.8000,3775.0000,3773.8000,3777.8000,3778.0000,3778.4000,3780.6000,3782.8000,1,1,2,3,2,1,1,1,1,1
SF,IF2007,2020-05-27 09:32:34.700,3777.2000,8044,0,121433040.000,0,-,-,-,-,3776.8000,3776.6000,3775.8000,3775.0000,3773.8000,3777.8000,3778.4000,3780.6000,3782.8000,3784.6000,1,1,2,3,2,1,1,1,1,1
SF,IF2007,2020-05-27 09:32:35.200,3777.2000,8044,0,121433040.000,0,-,-,-,-,3776.8000,3776.6000,3775.8000,3775.0000,3773.8000,3777.8000,3780.6000,3782.8000,3784.6000,3785.0000,1,1,2,3,2,1,1,1,1,1
SF,IF2007,2020-05-27 09:32:35.700,3777.2000,8044,0,121433040.000,0,-,-,-,-,3776.6000,3775.8000,3775.0000,3773.8000,3770.0000,3777.8000,3780.6000,3782.8000,3784.6000,3785.0000,1,2,3,2,5,1,1,1,1,1
SF,IF2007,2020-05-27 09:32:37.200,3777.2000,8044,0,121433040.000,0,-,-,-,-,3776.8000,3776.6000,3775.8000,3775.0000,3773.8000,3780.6000,3782.8000,3784.6000,3785.0000,3785.2000,2,1,2,3,2,1,1,1,1,3
SF,IF2007,2020-05-27 09:32:37.700,3777.2000,8044,0,121433040.000,0,-,-,-,-,3777.0000,3776.8000,3776.6000,3775.0000,3773.8000,3778.6000,3779.4000,3779.6000,3779.8000,3780.2000,2,1,1,3,2,1,1,1,2,1
SF,IF2007,2020-05-27 09:32:38.200,3777.2000,8044,0,121433040.000,0,-,-,-,-,3777.0000,3776.8000,3776.6000,3775.0000,3773.8000,3778.6000,3779.4000,3779.6000,3779.8000,3780.4000,2,1,1,3,2,1,1,1,1,3
SF,IF2007,2020-05-27 09:32:38.700,3777.2000,8044,0,121433040.000,0,-,-,-,-,3777.0000,3776.8000,3776.6000,3775.0000,3773.8000,3778.4000,3778.6000,3779.4000,3779.6000,3779.8000,2,1,1,3,2,1,1,1,1,1
SF,IF2007,2020-05-27 09:32:39.200,3777.2000,8044,0,121433040.000,0,-,-,-,-,3776.6000,3775.0000,3770.0000,3768.4000,3765.8000,3778.4000,3778.6000,3779.4000,3779.6000,3779.8000,1,3,5,1,4,1,2,1,1,1
SF,IF2007,2020-05-27 09:32:40.200,3777.2000,8044,0,121433040.000,0,-,-,-,-,3776.6000,3775.0000,3770.0000,3768.4000,3765.8000,3778.6000,3779.4000,3779.6000,3779.8000,3780.4000,1,3,5,1,4,2,1,1,1,3
SF,IF2007,2020-05-27 09:32:40.700,3777.2000,8044,0,121433040.000,0,-,-,-,-,3778.4000,3776.6000,3775.0000,3770.0000,3768.4000,3778.6000,3779.4000,3779.6000,3779.8000,3780.4000,1,2,3,5,1,2,1,1,1,3
SF,IF2007,2020-05-27 09:32:41.200,3778.4000,8044,0,122566560.000,1,0,1,多换,S,3776.6000,3775.0000,3770.0000,3768.4000,3765.8000,3777.8000,3778.2000,3778.4000,3778.6000,3779.4000,1,3,5,1,4,1,2,3,3,1
SF,IF2007,2020-05-27 09:32:41.700,3776.6000,8044,0,123699540.000,1,0,1,多换,S,3775.0000,3770.0000,3768.4000,3765.8000,3763.0000,3777.8000,3778.2000,3778.4000,3779.4000,3779.6000,3,5,1,4,1,1,2,2,1,1
SF,IF2007,2020-05-27 09:32:42.200,3775.6000,8044,0,124832220.000,1,0,1,多换,S,3775.6000,3775.2000,3775.0000,3770.0000,3768.4000,3777.8000,3778.2000,3778.4000,3779.4000,3779.6000,2,4,3,5,1,1,1,3,1,1
SF,IF2007,2020-05-27 09:32:42.700,3775.6000,8044,0,124832220.000,0,-,-,-,-,3776.8000,3776.0000,3775.8000,3775.6000,3775.2000,3777.8000,3778.2000,3778.4000,3779.4000,3779.6000,1,1,4,2,2,1,1,3,1,1
SF,IF2007,2020-05-27 09:32:43.200,3775.6000,8044,0,124832220.000,0,-,-,-,-,3777.0000,3776.8000,3776.0000,3775.8000,3775.2000,3778.2000,3778.4000,3779.0000,3779.4000,3779.6000,1,1,1,4,2,1,3,1,1,1
SF,IF2007,2020-05-27 09:32:43.700,3775.6000,8044,0,124832220.000,0,-,-,-,-,3777.0000,3776.8000,3776.0000,3775.8000,3775.2000,3778.0000,3778.2000,3778.4000,3779.0000,3779.4000,1,1,3,4,2,1,1,3,1,1
SF,IF2007,2020-05-27 09:32:44.200,3775.6000,8044,0,124832220.000,0,-,-,-,-,3777.2000,3777.0000,3776.8000,3776.4000,3776.0000,3778.0000,3778.2000,3778.4000,3779.4000,3779.6000,1,1,1,1,2,1,1,3,1,1
SF,IF2007,2020-05-27 09:32:44.700,3775.6000,8044,0,124832220.000,0,-,-,-,-,3777.2000,3777.0000,3776.8000,3776.4000,3776.0000,3777.8000,3778.2000,3778.4000,3779.4000,3779.6000,1,1,1,1,2,1,1,2,1,1
SF,IF2007,2020-05-27 09:32:45.200,3777.8000,8043,-1,125965560.000,1,0,1,双平,S,3777.2000,3777.0000,3776.8000,3776.4000,3776.0000,3778.2000,3778.4000,3779.4000,3779.6000,3779.8000,1,1,1,1,2,1,2,1,1,1
SF,IF2007,2020-05-27 09:32:45.700,3777.8000,8043,0,125965560.000,0,-,-,-,-,3777.2000,3777.0000,3776.8000,3776.0000,3775.8000,3778.2000,3778.4000,3779.4000,3779.6000,3779.8000,1,1,1,2,3,1,2,1,1,1
SF,IF2007,2020-05-27 09:32:46.200,3777.8000,8043,0,125965560.000,0,-,-,-,-,3777.2000,3777.0000,3776.8000,3776.0000,3775.8000,3778.4000,3779.4000,3779.6000,3779.8000,3780.4000,1,1,1,2,2,2,1,2,1,3
SF,IF2007,2020-05-27 09:32:47.200,3777.8000,8043,0,125965560.000,0,-,-,-,-,3777.2000,3777.0000,3776.0000,3775.8000,3775.2000,3778.4000,3779.4000,3779.6000,3779.8000,3780.4000,1,1,2,2,2,2,1,2,1,3
SF,IF2007,2020-05-27 09:32:47.700,3777.8000,8043,0,125965560.000,0,-,-,-,-,3777.4000,3777.2000,3777.0000,3776.0000,3775.8000,3778.4000,3779.4000,3779.6000,3779.8000,3780.4000,1,1,1,2,2,1,1,2,1,3
SF,IF2007,2020-05-27 09:32:48.200,3777.2000,8041,-2,128231940.000,2,0,2,双平,S,3777.0000,3776.0000,3775.8000,3775.2000,3775.0000,3778.4000,3779.4000,3779.6000,3779.8000,3780.4000,1,2,2,2,3,1,1,2,1,2
SF,IF2007,2020-05-27 09:32:48.700,3777.2000,8041,0,128231940.000,0,-,-,-,-,3777.0000,3775.8000,3775.2000,3775.0000,3770.2000,3778.4000,3779.4000,3779.6000,3779.8000,3780.4000,1,2,1,3,1,1,1,1,1,2
SF,IF2007,2020-05-27 09:32:51.700,3777.2000,8041,0,128231940.000,0,-,-,-,-,3777.0000,3775.8000,3775.2000,3775.0000,3770.2000,3778.4000,3779.4000,3779.6000,3779.8000,3780.4000,1,2,1,3,1,1,1,2,1,2
SF,IF2007,2020-05-27 09:32:52.700,3777.2000,8041,0,128231940.000,0,-,-,-,-,3777.0000,3775.8000,3775.2000,3775.0000,3770.2000,3778.2000,3778.4000,3779.4000,3779.6000,3779.8000,1,2,1,3,1,1,1,1,2,1
SF,IF2007,2020-05-27 09:32:54.700,3777.2000,8041,0,128231940.000,0,-,-,-,-,3775.8000,3775.2000,3775.0000,3770.2000,3770.0000,3778.0000,3778.2000,3779.4000,3779.6000,3779.8000,2,1,3,1,5,3,1,1,2,1
SF,IF2007,2020-05-27 09:32:55.200,3777.2000,8041,0,128231940.000,0,-,-,-,-,3776.0000,3775.8000,3775.2000,3775.0000,3770.2000,3777.8000,3778.0000,3778.2000,3779.4000,3779.6000,3,2,1,3,1,1,1,1,1,2
SF,IF2007,2020-05-27 09:32:55.700,3777.2000,8041,0,128231940.000,0,-,-,-,-,3776.2000,3776.0000,3775.2000,3775.0000,3770.2000,3777.8000,3778.0000,3778.2000,3779.4000,3779.6000,2,2,1,3,1,1,1,1,1,2
SF,IF2007,2020-05-27 09:32:56.200,3777.2000,8041,0,128231940.000,0,-,-,-,-,3776.4000,3776.2000,3776.0000,3775.2000,3775.0000,3777.8000,3778.0000,3778.2000,3779.4000,3779.6000,2,2,1,1,3,1,1,1,1,2
SF,IF2007,2020-05-27 09:32:57.200,3777.2000,8041,0,128231940.000,0,-,-,-,-,3776.6000,3776.4000,3776.0000,3775.2000,3775.0000,3777.8000,3778.0000,3778.2000,3779.4000,3779.6000,2,2,1,1,3,1,1,1,1,2
SF,IF2007,2020-05-27 09:32:57.700,3777.2000,8041,0,128231940.000,0,-,-,-,-,3776.8000,3776.6000,3776.4000,3776.0000,3775.2000,3778.0000,3778.2000,3778.8000,3779.4000,3779.6000,1,2,2,1,1,1,1,1,1,1
SF,IF2007,2020-05-27 09:32:58.200,3777.2000,8041,0,128231940.000,0,-,-,-,-,3777.0000,3776.8000,3776.4000,3776.0000,3775.2000,3778.0000,3778.2000,3779.4000,3779.6000,3779.8000,2,1,2,1,1,1,1,1,1,1
SF,IF2007,2020-05-27 09:32:59.200,3777.2000,8041,0,128231940.000,0,-,-,-,-,3776.8000,3776.4000,3775.2000,3775.0000,3770.2000,3778.0000,3778.2000,3779.4000,3779.6000,3779.8000,1,2,1,3,1,1,1,1,1,1
SF,IF2007,2020-05-27 09:32:59.700,3777.2000,8041,0,128231940.000,0,-,-,-,-,3776.4000,3775.2000,3775.0000,3770.2000,3770.0000,3777.8000,3778.0000,3778.2000,3779.4000,3779.6000,1,1,3,1,5,3,1,1,1,1
SF,IF2007,2020-05-27 09:33:00.200,3777.2000,8041,0,128231940.000,0,-,-,-,-,3776.6000,3776.4000,3775.2000,3775.0000,3770.2000,3777.8000,3778.0000,3778.2000,3779.4000,3779.6000,1,1,1,3,1,3,1,1,1,1
SF,IF2007,2020-05-27 09:33:01.700,3777.2000,8041,0,128231940.000,0,-,-,-,-,3776.8000,3776.6000,3776.4000,3775.2000,3775.0000,3777.8000,3778.0000,3778.2000,3779.4000,3779.6000,1,1,1,1,3,3,1,1,1,1
SF,IF2007,2020-05-27 09:33:02.200,3777.2000,8041,0,128231940.000,0,-,-,-,-,3776.8000,3776.6000,3776.4000,3775.2000,3775.0000,3777.8000,3778.0000,3778.2000,3779.4000,3779.6000,1,1,1,1,3,4,1,1,1,1
SF,IF2007,2020-05-27 09:33:03.700,3776.8000,8040,-1,129364980.000,1,0,1,双平,S,3776.6000,3775.2000,3775.0000,3770.2000,3770.0000,3777.6000,3777.8000,3778.0000,3778.2000,3779.4000,1,1,3,1,5,1,3,1,1,1
SF,IF2007,2020-05-27 09:33:04.200,3776.8000,8040,0,129364980.000,0,-,-,-,-,3775.2000,3775.0000,3770.2000,3770.0000,3768.4000,3777.4000,3777.6000,3777.8000,3778.2000,3779.4000,1,3,1,5,1,1,1,2,1,1
SF,IF2007,2020-05-27 09:33:04.700,3776.8000,8040,0,129364980.000,0,-,-,-,-,3775.8000,3775.6000,3775.4000,3775.0000,3770.2000,3777.4000,3777.6000,3778.2000,3779.4000,3779.6000,1,2,3,3,1,2,1,1,1,1
SF,IF2007,2020-05-27 09:33:05.200,3776.8000,8040,0,129364980.000,0,-,-,-,-,3776.0000,3775.8000,3775.6000,3775.0000,3770.2000,3777.4000,3777.6000,3778.2000,3779.4000,3779.6000,3,1,2,3,1,2,1,1,1,1
SF,IF2007,2020-05-27 09:33:05.700,3776.8000,8040,0,129364980.000,0,-,-,-,-,3776.0000,3775.8000,3775.6000,3775.0000,3770.2000,3777.4000,3777.6000,3778.2000,3779.4000,3779.6000,3,1,2,3,1,2,2,1,1,1
SF,IF2007,2020-05-27 09:33:06.700,3776.8000,8040,0,129364980.000,0,-,-,-,-,3776.2000,3776.0000,3775.8000,3775.6000,3775.0000,3777.4000,3777.6000,3778.2000,3779.4000,3779.6000,1,2,1,2,3,2,2,1,1,1
SF,IF2007,2020-05-27 09:33:07.200,3776.8000,8040,0,129364980.000,0,-,-,-,-,3776.4000,3776.2000,3776.0000,3775.8000,3775.6000,3777.2000,3777.4000,3777.6000,3778.2000,3779.4000,1,1,1,1,2,1,1,2,1,1
SF,IF2007,2020-05-27 09:33:07.700,3776.8000,8040,0,129364980.000,0,-,-,-,-,3776.4000,3776.2000,3776.0000,3775.8000,3775.6000,3777.0000,3777.4000,3777.6000,3778.2000,3779.4000,1,1,1,1,2,1,1,2,1,1
SF,IF2007,2020-05-27 09:33:08.200,3776.8000,8040,0,129364980.000,0,-,-,-,-,3776.0000,3775.8000,3775.6000,3775.0000,3770.2000,3777.0000,3777.4000,3777.6000,3778.2000,3779.4000,1,1,2,3,1,1,1,2,1,1
SF,IF2007,2020-05-27 09:33:09.700,3776.8000,8040,0,129364980.000,0,-,-,-,-,3775.8000,3775.6000,3775.0000,3770.2000,3770.0000,3777.0000,3777.4000,3777.6000,3778.2000,3779.4000,1,2,3,1,5,1,1,2,1,1
SF,IF2007,2020-05-27 09:33:10.200,3776.8000,8040,0,129364980.000,0,-,-,-,-,3776.0000,3775.8000,3775.6000,3775.0000,3770.2000,3777.0000,3777.4000,3777.6000,3778.2000,3779.4000,1,1,2,3,1,1,1,2,1,1
SF,IF2007,2020-05-27 09:33:10.700,3776.8000,8040,0,129364980.000,0,-,-,-,-,3776.0000,3775.8000,3775.6000,3775.0000,3770.2000,3777.0000,3777.4000,3777.6000,3778.2000,3779.4000,1,2,2,3,1,1,1,2,1,1
SF,IF2007,2020-05-27 09:33:14.200,3776.8000,8040,0,129364980.000,0,-,-,-,-,3776.0000,3775.8000,3775.6000,3775.0000,3770.2000,3777.0000,3777.4000,3777.6000,3778.2000,3779.4000,1,2,2,3,1,1,1,1,1,1
SF,IF2007,2020-05-27 09:33:18.200,3777.0000,8040,0,130498080.000,1,0,1,多换,S,3776.0000,3775.8000,3775.6000,3775.0000,3770.2000,3777.4000,3777.6000,3778.2000,3779.4000,3779.6000,1,2,2,3,1,1,1,1,1,1
SF,IF2007,2020-05-27 09:33:18.700,3777.0000,8040,0,130498080.000,0,-,-,-,-,3776.2000,3776.0000,3775.8000,3775.6000,3775.0000,3777.4000,3777.6000,3778.2000,3779.4000,3779.6000,2,1,2,2,3,1,1,1,1,1
SF,IF2007,2020-05-27 09:33:19.200,3777.4000,8039,-1,131631300.000,1,0,1,双平,S,3777.0000,3776.4000,3776.2000,3775.8000,3775.6000,3777.6000,3778.2000,3779.4000,3779.6000,3779.8000,5,1,2,2,2,1,1,1,1,1
SF,IF2007,2020-05-27 09:33:19.700,3777.6000,8038,-1,132764580.000,1,0,1,双平,S,3777.0000,3776.4000,3776.2000,3775.8000,3775.6000,3778.2000,3779.4000,3779.6000,3779.8000,3780.4000,5,1,2,2,2,1,1,1,1,2
SF,IF2007,2020-05-27 09:33:20.200,3778.0000,8037,-1,133897980.000,1,0,1,双平,S,3777.2000,3777.0000,3776.2000,3775.8000,3775.6000,3778.0000,3778.2000,3779.4000,3779.6000,3779.8000,1,5,2,2,2,1,1,1,1,1
SF,IF2007,2020-05-27 09:33:20.700,3778.0000,8037,0,133897980.000,0,-,-,-,-,3777.2000,3777.0000,3776.2000,3775.8000,3775.6000,3778.2000,3779.4000,3779.6000,3779.8000,3780.4000,1,5,2,2,2,1,1,1,1,2
SF,IF2007,2020-05-27 09:33:21.200,3778.0000,8037,0,133897980.000,0,-,-,-,-,3777.2000,3777.0000,3776.2000,3775.8000,3775.6000,3778.2000,3779.4000,3779.6000,3779.8000,3780.4000,1,5,2,2,2,1,1,1,1,2
SF,IF2007,2020-05-27 09:33:21.700,3778.2000,8036,-1,135031440.000,1,0,1,双平,S,3777.6000,3777.2000,3777.0000,3776.2000,3775.8000,3779.4000,3779.6000,3779.8000,3780.4000,3782.8000,1,1,5,2,2,1,1,1,2,1
SF,IF2007,2020-05-27 09:33:22.200,3778.2000,8036,0,135031440.000,0,-,-,-,-,3777.8000,3777.6000,3777.0000,3776.2000,3775.8000,3779.2000,3779.4000,3779.6000,3779.8000,3780.4000,1,1,5,2,2,2,1,1,1,2
SF,IF2007,2020-05-27 09:33:23.200,3779.2000,8035,-1,136165200.000,1,0,1,双平,S,3778.2000,3777.8000,3777.6000,3777.0000,3776.2000,3779.4000,3779.6000,3779.8000,3780.4000,3782.8000,1,1,1,5,2,1,1,1,2,1
SF,IF2007,2020-05-27 09:33:23.700,3779.2000,8035,0,136165200.000,0,-,-,-,-,3778.4000,3778.2000,3777.6000,3777.0000,3776.2000,3779.4000,3779.6000,3779.8000,3780.4000,3782.8000,1,1,1,5,2,1,1,1,2,1
SF,IF2007,2020-05-27 09:33:24.200,3779.2000,8035,0,136165200.000,0,-,-,-,-,3779.4000,3778.4000,3778.2000,3777.6000,3777.0000,3782.8000,3784.6000,3785.0000,3785.2000,3787.2000,5,1,1,1,5,1,1,1,3,1
SF,IF2007,2020-05-27 09:33:24.700,3779.4000,8036,1,142968000.000,6,3,3,空开,S,3778.2000,3777.6000,3777.0000,3776.2000,3775.8000,3779.2000,3779.4000,3779.8000,3780.0000,3780.4000,1,1,5,2,2,1,1,1,1,1
SF,IF2007,2020-05-27 09:33:25.200,3779.4000,8036,0,142968000.000,0,-,-,-,-,3778.4000,3778.2000,3777.6000,3777.0000,3776.2000,3779.4000,3780.0000,3780.4000,3781.2000,3781.6000,1,1,1,5,2,1,1,1,1,1
SF,IF2007,2020-05-27 09:33:25.700,3779.4000,8036,0,142968000.000,0,-,-,-,-,3778.4000,3778.2000,3777.6000,3777.0000,3776.2000,3780.0000,3780.4000,3781.2000,3781.6000,3782.4000,1,1,1,5,2,1,1,1,1,1
SF,IF2007,2020-05-27 09:33:26.200,3779.4000,8036,0,142968000.000,0,-,-,-,-,3778.4000,3778.2000,3777.6000,3777.0000,3776.2000,3779.6000,3779.8000,3780.0000,3780.4000,3781.2000,1,1,1,5,2,1,1,1,1,1
SF,IF2007,2020-05-27 09:33:26.700,3779.4000,8036,0,142968000.000,0,-,-,-,-,3778.4000,3778.2000,3777.6000,3777.0000,3776.2000,3779.6000,3779.8000,3780.0000,3780.4000,3781.2000,1,1,1,5,2,1,1,1,1,1
SF,IF2007,2020-05-27 09:33:27.200,3779.4000,8036,0,142968000.000,0,-,-,-,-,3778.4000,3778.2000,3777.6000,3777.0000,3776.2000,3779.6000,3779.8000,3780.0000,3780.4000,3781.2000,1,1,1,5,2,2,1,1,1,1
SF,IF2007,2020-05-27 09:33:27.700,3779.4000,8036,0,142968000.000,0,-,-,-,-,3778.4000,3778.2000,3777.6000,3777.0000,3776.2000,3780.0000,3780.4000,3781.2000,3781.6000,3782.4000,1,1,1,5,2,1,1,1,4,1
SF,IF2007,2020-05-27 09:33:28.200,3779.4000,8036,0,142968000.000,0,-,-,-,-,3778.4000,3778.2000,3777.6000,3777.0000,3776.2000,3779.8000,3780.0000,3780.4000,3781.2000,3781.6000,1,1,1,5,2,1,1,1,1,4
SF,IF2007,2020-05-27 09:33:28.700,3779.4000,8036,0,142968000.000,0,-,-,-,-,3778.6000,3778.4000,3778.2000,3777.6000,3777.0000,3780.0000,3780.4000,3781.2000,3781.6000,3782.4000,1,1,1,1,5,1,1,1,4,1
SF,IF2007,2020-05-27 09:33:29.200,3779.4000,8036,0,142968000.000,0,-,-,-,-,3778.8000,3778.6000,3778.2000,3777.6000,3777.0000,3779.8000,3780.0000,3780.4000,3781.2000,3781.6000,1,1,1,1,5,1,1,1,1,4
SF,IF2007,2020-05-27 09:33:29.700,3779.4000,8036,0,142968000.000,0,-,-,-,-,3778.8000,3778.6000,3778.2000,3777.6000,3777.0000,3780.0000,3780.4000,3781.2000,3781.6000,3782.4000,1,1,1,1,5,1,1,1,4,1
SF,IF2007,2020-05-27 09:33:31.200,3779.4000,8036,0,142968000.000,0,-,-,-,-,3780.0000,3778.8000,3778.6000,3778.2000,3777.6000,3781.2000,3781.6000,3782.4000,3782.6000,3782.8000,1,1,1,1,1,1,3,1,4,1
SF,IF2007,2020-05-27 09:33:31.700,3780.0000,8035,-1,144102000.000,1,0,1,双平,S,3778.8000,3778.6000,3778.2000,3777.6000,3777.0000,3779.6000,3779.8000,3780.0000,3780.4000,3780.8000,1,1,1,1,5,1,1,1,2,2
SF,IF2007,2020-05-27 09:33:32.200,3780.0000,8035,0,144102000.000,0,-,-,-,-,3778.8000,3778.6000,3778.2000,3777.6000,3777.0000,3779.8000,3780.0000,3780.4000,3780.8000,3781.0000,1,1,1,1,5,1,1,1,1,2
SF,IF2007,2020-05-27 09:33:32.700,3778.8000,8035,0,145235640.000,1,0,1,多换,S,3778.6000,3778.2000,3777.6000,3777.0000,3776.2000,3778.8000,3780.4000,3780.8000,3781.0000,3781.2000,1,1,1,5,2,1,1,1,2,1
SF,IF2007,2020-05-27 09:33:33.200,3778.8000,8035,0,146369280.000,1,0,1,多换,S,3778.6000,3778.2000,3778.0000,3777.6000,3777.0000,3780.4000,3780.8000,3781.0000,3781.2000,3781.6000,1,1,5,1,5,1,1,1,1,3
SF,IF2007,2020-05-27 09:33:33.700,3778.8000,8035,0,146369280.000,0,-,-,-,-,3778.8000,3778.6000,3778.2000,3778.0000,3777.6000,3780.2000,3780.4000,3780.8000,3781.2000,3781.6000,1,1,1,5,1,1,1,1,1,3
SF,IF2007,2020-05-27 09:33:34.200,3778.8000,8035,0,146369280.000,0,-,-,-,-,3779.0000,3778.8000,3778.6000,3778.2000,3778.0000,3780.2000,3780.4000,3780.8000,3781.2000,3781.6000,1,1,1,1,5,1,1,1,1,3
SF,IF2007,2020-05-27 09:33:34.700,3778.8000,8035,0,146369280.000,0,-,-,-,-,3779.0000,3778.8000,3778.6000,3778.2000,3778.0000,3780.2000,3780.4000,3780.8000,3781.2000,3781.6000,1,2,1,1,5,1,1,1,1,3
SF,IF2007,2020-05-27 09:33:35.200,3778.8000,8035,0,146369280.000,0,-,-,-,-,3779.2000,3779.0000,3778.8000,3778.6000,3778.2000,3780.2000,3780.4000,3780.8000,3781.2000,3781.6000,1,1,1,1,1,1,1,1,1,3
SF,IF2007,2020-05-27 09:33:35.700,3778.8000,8035,0,146369280.000,0,-,-,-,-,3779.2000,3778.8000,3778.6000,3778.2000,3778.0000,3780.2000,3780.4000,3780.8000,3781.2000,3781.6000,1,1,1,1,5,1,1,1,1,3
SF,IF2007,2020-05-27 09:33:36.200,3778.8000,8035,0,146369280.000,0,-,-,-,-,3779.2000,3778.8000,3778.6000,3778.2000,3778.0000,3780.2000,3780.4000,3780.8000,3781.2000,3781.6000,1,1,1,1,5,1,1,1,1,3
SF,IF2007,2020-05-27 09:33:36.700,3778.8000,8035,0,146369280.000,0,-,-,-,-,3779.2000,3778.8000,3778.6000,3778.2000,3778.0000,3780.2000,3780.4000,3780.8000,3781.2000,3781.6000,1,1,1,1,5,1,1,1,1,3
SF,IF2007,2020-05-27 09:33:37.200,3778.8000,8035,0,146369280.000,0,-,-,-,-,3779.2000,3778.6000,3778.2000,3778.0000,3777.0000,3780.2000,3781.2000,3781.6000,3782.4000,3782.6000,1,1,1,5,5,1,1,3,1,2
SF,IF2007,2020-05-27 09:33:38.200,3778.8000,8035,0,146369280.000,0,-,-,-,-,3779.2000,3779.0000,3778.6000,3778.2000,3778.0000,3780.2000,3781.2000,3781.6000,3782.4000,3782.6000,1,5,1,1,5,1,1,3,1,2
SF,IF2007,2020-05-27 09:33:39.700,3779.2000,8035,0,147503040.000,1,0,1,多换,S,3779.0000,3778.6000,3778.2000,3778.0000,3777.0000,3780.2000,3781.2000,3781.6000,3782.4000,3782.6000,5,1,1,5,5,1,1,3,1,2
SF,IF2007,2020-05-27 09:33:40.200,3780.2000,8034,-1,148637100.000,1,0,1,双平,S,3779.0000,3778.6000,3778.2000,3778.0000,3777.0000,3781.2000,3781.6000,3782.4000,3782.6000,3782.8000,5,1,1,5,5,1,3,1,2,1
SF,IF2007,2020-05-27 09:33:40.700,3780.2000,8034,0,148637100.000,0,-,-,-,-,3779.2000,3779.0000,3778.6000,3778.2000,3778.0000,3780.6000,3780.8000,3781.0000,3781.2000,3781.6000,2,5,1,1,5,1,1,3,1,3
SF,IF2007,2020-05-27 09:33:41.200,3780.2000,8034,0,148637100.000,0,-,-,-,-,3779.2000,3779.0000,3778.6000,3778.2000,3778.0000,3780.4000,3780.6000,3781.0000,3781.2000,3781.6000,2,5,1,1,5,1,1,2,1,3
SF,IF2007,2020-05-27 09:33:42.200,3780.2000,8034,0,148637100.000,0,-,-,-,-,3779.4000,3779.2000,3779.0000,3778.6000,3778.2000,3780.0000,3780.4000,3780.6000,3781.0000,3781.2000,1,1,5,1,1,1,1,1,2,1
SF,IF2007,2020-05-27 09:33:42.700,3780.2000,8034,0,148637100.000,0,-,-,-,-,3779.4000,3779.2000,3779.0000,3778.6000,3778.2000,3780.0000,3780.4000,3780.6000,3781.2000,3781.6000,1,1,5,1,1,1,1,1,1,3
SF,IF2007,2020-05-27 09:33:43.200,3780.0000,8034,0,149771100.000,1,0,1,多换,S,3779.4000,3779.2000,3779.0000,3778.6000,3778.2000,3780.4000,3780.6000,3781.2000,3781.6000,3782.4000,1,1,5,1,1,1,1,1,3,1
SF,IF2007,2020-05-27 09:33:43.700,3780.0000,8034,0,149771100.000,0,-,-,-,-,3779.6000,3779.4000,3779.0000,3778.6000,3778.2000,3780.4000,3781.2000,3782.4000,3782.6000,3782.8000,1,1,5,1,1,1,1,1,2,1
SF,IF2007,2020-05-27 09:33:44.200,3780.0000,8034,0,149771100.000,0,-,-,-,-,3779.6000,3779.4000,3779.0000,3778.6000,3778.2000,3781.2000,3782.4000,3782.6000,3782.8000,3784.6000,1,1,5,1,1,1,1,2,1,1
SF,IF2007,2020-05-27 09:33:44.700,3780.0000,8034,0,149771100.000,0,-,-,-,-,3779.6000,3779.0000,3778.6000,3778.2000,3778.0000,3780.8000,3781.0000,3781.2000,3782.4000,3782.6000,1,5,1,1,5,1,1,1,1,2
SF,IF2007,2020-05-27 09:33:45.200,3780.0000,8034,0,149771100.000,0,-,-,-,-,3779.8000,3779.6000,3779.0000,3778.6000,3778.2000,3780.6000,3780.8000,3781.2000,3782.4000,3782.6000,1,1,5,1,1,1,1,1,1,2
SF,IF2007,2020-05-27 09:33:45.700,3779.8000,8034,0,150905040.000,1,0,1,多换,S,3779.6000,3779.0000,3778.6000,3778.2000,3778.0000,3780.6000,3780.8000,3781.2000,3782.4000,3782.6000,1,5,1,1,5,1,1,1,1,2
SF,IF2007,2020-05-27 09:33:47.700,3779.8000,8034,0,150905040.000,0,-,-,-,-,3779.6000,3779.0000,3778.6000,3778.2000,3778.0000,3780.6000,3780.8000,3782.4000,3782.6000,3782.8000,1,5,1,1,5,1,1,1,2,1
SF,IF2007,2020-05-27 09:33:48.200,3779.8000,8034,0,150905040.000,0,-,-,-,-,3779.6000,3779.0000,3778.6000,3778.2000,3778.0000,3780.8000,3782.4000,3782.6000,3784.6000,3785.0000,1,5,1,1,5,1,1,2,1,1
SF,IF2007,2020-05-27 09:33:48.700,3779.8000,8034,0,150905040.000,0,-,-,-,-,3779.6000,3779.0000,3778.6000,3778.2000,3778.0000,3780.6000,3780.8000,3782.4000,3782.6000,3784.6000,1,5,1,1,5,1,1,1,2,1
SF,IF2007,2020-05-27 09:33:50.700,3779.6000,8033,-1,152038920.000,1,0,1,双平,S,3779.0000,3778.6000,3778.2000,3778.0000,3777.0000,3780.6000,3780.8000,3782.4000,3782.6000,3784.6000,5,1,1,5,5,1,1,1,2,1
SF,IF2007,2020-05-27 09:33:51.200,3779.6000,8033,0,152038920.000,0,-,-,-,-,3779.2000,3779.0000,3778.2000,3778.0000,3777.0000,3780.2000,3780.4000,3780.6000,3780.8000,3782.4000,1,5,1,5,5,1,3,1,1,1
SF,IF2007,2020-05-27 09:33:51.700,3779.6000,8033,0,152038920.000,0,-,-,-,-,3779.0000,3778.2000,3778.0000,3777.0000,3776.2000,3780.0000,3780.2000,3780.4000,3780.8000,3782.4000,5,1,5,5,2,1,1,4,1,1
SF,IF2007,2020-05-27 09:33:52.200,3780.0000,8033,0,153172920.000,1,0,1,多换,S,3780.0000,3779.0000,3778.2000,3778.0000,3777.0000,3780.2000,3780.4000,3780.8000,3782.4000,3782.6000,4,5,1,5,5,1,3,1,1,2
SF,IF2007,2020-05-27 09:33:52.700,3780.0000,8035,2,157708920.000,4,3,1,空开,S,3779.0000,3778.2000,3778.0000,3777.0000,3776.2000,3779.8000,3780.0000,3780.4000,3780.8000,3782.4000,5,1,5,5,2,1,2,3,1,1
SF,IF2007,2020-05-27 09:33:53.200,3779.8000,8035,0,158842860.000,1,0,1,多换,S,3779.2000,3779.0000,3778.2000,3778.0000,3777.0000,3780.0000,3780.8000,3782.4000,3782.6000,3784.6000,1,5,1,5,5,2,1,1,2,1
SF,IF2007,2020-05-27 09:33:53.700,3779.8000,8035,0,158842860.000,0,-,-,-,-,3779.2000,3779.0000,3778.2000,3778.0000,3777.0000,3780.8000,3782.4000,3782.6000,3784.6000,3785.0000,1,5,1,5,5,1,1,2,1,1
SF,IF2007,2020-05-27 09:33:54.200,3779.2000,8035,0,159976620.000,1,0,1,多换,S,3779.0000,3778.2000,3778.0000,3777.0000,3776.2000,3780.6000,3780.8000,3782.4000,3782.6000,3784.6000,5,1,5,5,2,2,1,1,2,1
SF,IF2007,2020-05-27 09:33:54.700,3779.2000,8035,0,159976620.000,0,-,-,-,-,3779.2000,3779.0000,3778.2000,3778.0000,3777.0000,3780.4000,3780.6000,3780.8000,3782.4000,3782.6000,1,5,1,5,5,1,1,1,1,2
SF,IF2007,2020-05-27 09:33:55.200,3779.2000,8035,0,159976620.000,0,-,-,-,-,3779.0000,3778.2000,3778.0000,3777.0000,3776.2000,3780.2000,3780.4000,3780.8000,3782.4000,3782.6000,5,1,5,5,4,2,2,1,1,2
SF,IF2007,2020-05-27 09:33:55.700,3779.2000,8035,0,159976620.000,0,-,-,-,-,3779.0000,3778.2000,3778.0000,3777.0000,3776.2000,3779.8000,3780.2000,3780.4000,3780.8000,3782.4000,5,1,5,5,4,1,2,1,1,1
SF,IF2007,2020-05-27 09:33:57.200,3779.0000,8035,0,164511420.000,4,2,2,多换,S,3779.0000,3778.2000,3778.0000,3777.0000,3776.2000,3779.8000,3780.2000,3780.4000,3780.8000,3782.4000,1,1,5,5,4,1,2,1,1,1
SF,IF2007,2020-05-27 09:33:57.700,3779.0000,8036,1,165645120.000,1,1,0,双开,S,3778.2000,3778.0000,3777.0000,3776.2000,3775.8000,3779.6000,3780.2000,3780.4000,3780.8000,3782.4000,1,5,5,4,1,2,1,1,1,1
SF,IF2007,2020-05-27 09:33:58.200,3779.0000,8036,0,165645120.000,0,-,-,-,-,3778.4000,3778.2000,3778.0000,3777.0000,3776.2000,3779.4000,3779.6000,3780.2000,3780.4000,3780.8000,1,1,5,5,4,2,2,1,1,1
SF,IF2007,2020-05-27 09:33:58.700,3779.0000,8036,0,165645120.000,0,-,-,-,-,3778.4000,3778.2000,3778.0000,3777.0000,3776.2000,3779.2000,3779.4000,3780.4000,3780.8000,3782.4000,1,1,5,5,2,1,2,1,1,1
SF,IF2007,2020-05-27 09:33:59.200,3779.0000,8036,0,165645120.000,0,-,-,-,-,3778.2000,3778.0000,3777.0000,3776.2000,3775.8000,3779.2000,3779.4000,3780.4000,3780.8000,3782.4000,1,5,5,2,1,1,2,1,1,1
SF,IF2007,2020-05-27 09:34:07.200,3779.0000,8036,0,165645120.000,0,-,-,-,-,3778.0000,3777.0000,3776.2000,3775.8000,3775.6000,3779.2000,3779.4000,3780.4000,3780.8000,3782.4000,5,5,2,1,2,1,2,1,1,1
SF,IF2007,2020-05-27 09:34:07.700,3779.0000,8036,0,165645120.000,0,-,-,-,-,3778.0000,3777.0000,3776.2000,3775.8000,3775.6000,3779.0000,3779.2000,3779.4000,3780.4000,3780.8000,5,5,2,1,2,1,1,2,1,1
SF,IF2007,2020-05-27 09:34:08.200,3779.0000,8036,0,165645120.000,0,-,-,-,-,3778.0000,3777.0000,3776.2000,3775.8000,3775.6000,3778.8000,3779.0000,3779.4000,3780.4000,3780.8000,5,5,2,1,2,2,1,1,1,1
SF,IF2007,2020-05-27 09:34:09.200,3779.0000,8036,0,166778820.000,1,0,1,多换,S,3778.0000,3777.0000,3776.2000,3775.8000,3775.6000,3778.8000,3779.0000,3779.4000,3780.4000,3780.8000,5,5,2,1,2,1,1,1,1,1
SF,IF2007,2020-05-27 09:34:11.700,3778.0000,8037,1,167912220.000,1,1,0,双开,S,3778.0000,3777.0000,3776.2000,3775.8000,3775.6000,3779.0000,3779.4000,3780.4000,3780.8000,3782.4000,4,5,2,1,2,1,1,1,1,1
SF,IF2007,2020-05-27 09:34:12.200,3778.0000,8039,2,170179020.000,2,2,0,双开,S,3778.0000,3777.0000,3776.2000,3775.8000,3775.6000,3778.8000,3779.0000,3779.4000,3780.4000,3782.4000,2,5,2,1,2,1,2,1,1,1
SF,IF2007,2020-05-27 09:34:13.700,3778.0000,8039,0,170179020.000,0,-,-,-,-,3778.0000,3777.0000,3776.2000,3775.8000,3775.6000,3778.6000,3778.8000,3779.0000,3779.4000,3780.4000,2,5,2,1,2,1,1,2,1,1
SF,IF2007,2020-05-27 09:34:14.200,3778.0000,8039,0,170179020.000,0,-,-,-,-,3778.0000,3777.0000,3776.2000,3775.8000,3775.6000,3778.4000,3778.6000,3778.8000,3779.0000,3779.4000,2,5,2,1,2,1,1,1,1,1
SF,IF2007,2020-05-27 09:34:15.200,3778.0000,8039,0,172445820.000,2,1,1,多换,S,3777.0000,3776.2000,3775.8000,3775.6000,3775.0000,3778.0000,3778.2000,3778.4000,3778.6000,3778.8000,5,2,1,2,3,2,1,1,1,1
SF,IF2007,2020-05-27 09:34:15.700,3778.0000,8039,0,172445820.000,0,-,-,-,-,3777.2000,3777.0000,3776.2000,3775.8000,3775.6000,3778.0000,3778.2000,3778.4000,3778.8000,3779.0000,1,5,2,1,2,1,1,1,1,1
SF,IF2007,2020-05-27 09:34:16.200,3778.0000,8039,0,172445820.000,0,-,-,-,-,3777.2000,3777.0000,3776.2000,3775.8000,3775.6000,3778.0000,3778.4000,3778.8000,3779.0000,3780.4000,1,5,2,1,2,1,1,2,1,1
SF,IF2007,2020-05-27 09:34:16.700,3778.0000,8039,0,172445820.000,0,-,-,-,-,3777.6000,3777.2000,3777.0000,3776.2000,3775.8000,3778.0000,3778.4000,3778.8000,3779.0000,3780.4000,1,1,5,2,1,1,1,2,1,1
SF,IF2007,2020-05-27 09:34:17.200,3778.0000,8039,0,172445820.000,0,-,-,-,-,3777.2000,3777.0000,3776.2000,3775.8000,3775.6000,3778.0000,3778.4000,3778.8000,3779.0000,3780.4000,1,5,2,1,2,1,1,2,1,1
SF,IF2007,2020-05-27 09:34:19.700,3778.0000,8038,-1,173579220.000,1,0,1,双平,S,3777.6000,3777.2000,3777.0000,3776.2000,3775.8000,3778.4000,3778.8000,3780.4000,3782.6000,3784.6000,1,1,5,2,1,1,2,1,1,1
SF,IF2007,2020-05-27 09:34:20.200,3778.0000,8038,0,173579220.000,0,-,-,-,-,3777.2000,3777.0000,3776.2000,3775.8000,3775.6000,3778.6000,3778.8000,3780.4000,3782.6000,3784.6000,1,5,2,1,2,1,2,1,1,1
SF,IF2007,2020-05-27 09:34:20.700,3778.0000,8038,0,173579220.000,0,-,-,-,-,3777.8000,3777.4000,3777.2000,3777.0000,3775.8000,3778.6000,3778.8000,3780.4000,3782.6000,3784.6000,1,2,1,5,1,1,2,1,1,1
SF,IF2007,2020-05-27 09:34:21.200,3778.8000,8036,-2,176980080.000,3,0,3,多平,S,3778.0000,3777.8000,3777.4000,3777.0000,3775.8000,3780.4000,3782.6000,3784.6000,3785.0000,3785.2000,1,1,2,5,1,1,1,1,1,3
SF,IF2007,2020-05-27 09:34:21.700,3778.8000,8036,0,176980080.000,0,-,-,-,-,3778.0000,3777.8000,3777.4000,3777.0000,3775.8000,3779.2000,3779.6000,3779.8000,3780.0000,3780.2000,1,1,2,5,1,1,1,2,2,1
SF,IF2007,2020-05-27 09:34:22.200,3778.8000,8036,0,176980080.000,0,-,-,-,-,3778.2000,3778.0000,3777.8000,3777.4000,3777.0000,3779.2000,3779.6000,3779.8000,3780.0000,3780.2000,1,1,1,2,5,2,1,1,1,1
SF,IF2007,2020-05-27 09:34:23.700,3778.8000,8036,0,176980080.000,0,-,-,-,-,3778.2000,3778.0000,3777.8000,3777.4000,3777.0000,3779.2000,3779.6000,3779.8000,3780.0000,3780.2000,1,6,1,2,5,2,1,1,1,1
SF,IF2007,2020-05-27 09:34:24.200,3778.8000,8036,0,176980080.000,0,-,-,-,-,3778.4000,3778.2000,3778.0000,3777.8000,3777.4000,3778.8000,3779.2000,3779.6000,3779.8000,3780.0000,1,1,5,1,2,1,1,1,1,1
SF,IF2007,2020-05-27 09:34:24.700,3778.8000,8036,0,176980080.000,0,-,-,-,-,3778.4000,3778.0000,3777.8000,3777.4000,3777.0000,3779.2000,3779.6000,3779.8000,3780.0000,3780.2000,1,5,1,2,5,1,1,1,1,1
SF,IF2007,2020-05-27 09:34:25.200,3778.8000,8036,0,176980080.000,0,-,-,-,-,3778.4000,3778.0000,3777.8000,3777.4000,3777.0000,3779.8000,3780.0000,3780.2000,3780.4000,3782.6000,1,5,1,2,5,1,1,1,1,1
SF,IF2007,2020-05-27 09:34:25.700,3778.8000,8036,0,176980080.000,0,-,-,-,-,3778.4000,3778.0000,3777.8000,3777.4000,3777.0000,3779.4000,3779.6000,3779.8000,3780.0000,3780.4000,1,5,1,2,5,1,1,1,1,1
SF,IF2007,2020-05-27 09:34:26.700,3778.4000,8036,0,178113600.000,1,0,1,多换,S,3778.0000,3777.8000,3777.4000,3777.0000,3775.8000,3779.4000,3779.6000,3779.8000,3780.0000,3780.4000,5,1,2,5,1,1,1,1,1,1
SF,IF2007,2020-05-27 09:34:27.200,3778.4000,8036,0,178113600.000,0,-,-,-,-,3778.2000,3778.0000,3777.8000,3777.4000,3777.0000,3779.4000,3779.6000,3779.8000,3780.0000,3780.4000,1,5,1,2,5,1,1,1,1,1
SF,IF2007,2020-05-27 09:34:27.700,3778.4000,8036,0,178113600.000,0,-,-,-,-,3778.2000,3778.0000,3777.8000,3777.4000,3777.0000,3779.2000,3779.4000,3779.8000,3780.0000,3780.4000,1,5,1,2,5,1,1,1,1,1
SF,IF2007,2020-05-27 09:34:28.200,3778.4000,8036,0,178113600.000,0,-,-,-,-,3778.2000,3778.0000,3777.8000,3777.4000,3777.0000,3779.4000,3779.8000,3780.0000,3780.4000,3782.6000,1,5,1,2,5,1,1,1,1,1
SF,IF2007,2020-05-27 09:34:28.700,3778.4000,8037,1,179247120.000,1,1,0,双开,S,3778.4000,3778.2000,3778.0000,3777.8000,3777.4000,3779.4000,3779.8000,3780.4000,3782.6000,3784.6000,1,1,5,2,1,1,1,1,1,1
SF,IF2007,2020-05-27 09:34:29.200,3778.4000,8037,0,179247120.000,0,-,-,-,-,3778.6000,3778.4000,3778.0000,3777.8000,3777.4000,3779.4000,3779.8000,3780.4000,3782.6000,3784.6000,1,1,5,2,1,1,1,1,1,1
SF,IF2007,2020-05-27 09:34:30.700,3778.6000,8037,0,180380700.000,1,0,1,多换,S,3778.4000,3778.0000,3777.8000,3777.4000,3777.0000,3779.4000,3779.8000,3780.4000,3782.6000,3784.6000,1,5,2,1,5,1,1,1,1,1
SF,IF2007,2020-05-27 09:34:31.200,3778.6000,8037,0,180380700.000,0,-,-,-,-,3778.0000,3777.8000,3777.4000,3777.0000,3775.8000,3779.2000,3779.4000,3779.8000,3780.4000,3782.6000,5,2,1,5,1,1,1,1,1,1
SF,IF2007,2020-05-27 09:34:31.700,3778.6000,8037,0,180380700.000,0,-,-,-,-,3778.0000,3777.8000,3777.4000,3777.0000,3775.8000,3779.2000,3779.4000,3779.8000,3780.4000,3782.6000,5,2,1,5,1,1,1,1,1,1
SF,IF2007,2020-05-27 09:34:32.200,3778.6000,8037,0,180380700.000,0,-,-,-,-,3778.2000,3778.0000,3777.8000,3777.4000,3777.0000,3779.2000,3779.4000,3779.8000,3780.4000,3782.6000,2,5,2,1,5,1,1,1,1,1
SF,IF2007,2020-05-27 09:34:32.700,3778.4000,8037,0,181514220.000,1,0,1,多换,S,3778.2000,3778.0000,3777.8000,3777.4000,3777.0000,3779.2000,3779.4000,3779.8000,3780.4000,3782.6000,2,5,2,1,5,1,1,1,1,1
SF,IF2007,2020-05-27 09:34:33.200,3778.4000,8037,0,181514220.000,0,-,-,-,-,3778.4000,3778.2000,3778.0000,3777.8000,3777.4000,3779.2000,3779.4000,3779.8000,3780.4000,3782.6000,1,2,5,2,1,1,1,1,1,1
SF,IF2007,2020-05-27 09:34:33.700,3778.4000,8037,0,181514220.000,0,-,-,-,-,3778.4000,3778.2000,3778.0000,3777.8000,3777.4000,3779.2000,3779.4000,3779.8000,3780.4000,3782.6000,1,2,5,2,1,1,1,1,1,1
SF,IF2007,2020-05-27 09:34:34.200,3778.4000,8037,0,181514220.000,0,-,-,-,-,3778.4000,3778.2000,3778.0000,3777.8000,3777.4000,3779.2000,3779.4000,3779.8000,3782.6000,3784.6000,1,1,5,2,1,1,1,1,1,1
SF,IF2007,2020-05-27 09:34:34.700,3778.4000,8038,1,182647740.000,1,1,0,双开,S,3778.2000,3778.0000,3777.8000,3777.4000,3777.0000,3779.2000,3779.4000,3779.8000,3782.6000,3784.6000,1,5,2,1,5,1,1,1,1,1
SF,IF2007,2020-05-27 09:34:35.200,3778.4000,8038,0,182647740.000,0,-,-,-,-,3778.0000,3777.8000,3777.4000,3777.0000,3775.8000,3779.0000,3779.2000,3779.8000,3782.6000,3784.6000,5,2,1,5,1,1,1,1,1,1
SF,IF2007,2020-05-27 09:34:35.700,3778.4000,8038,0,182647740.000,0,-,-,-,-,3778.0000,3777.8000,3777.4000,3777.0000,3775.8000,3778.8000,3779.0000,3779.8000,3782.6000,3784.6000,5,2,1,5,1,1,1,1,1,1
SF,IF2007,2020-05-27 09:34:36.200,3778.8000,8037,-1,183781380.000,1,0,1,双平,S,3778.0000,3777.8000,3777.4000,3777.0000,3775.8000,3779.0000,3779.8000,3782.6000,3784.6000,3785.0000,5,2,1,5,1,1,1,1,1,1
SF,IF2007,2020-05-27 09:34:36.700,3778.2000,8037,0,186048540.000,2,1,1,多换,S,3778.2000,3778.0000,3777.8000,3777.0000,3775.8000,3779.8000,3782.6000,3784.6000,3785.0000,3785.2000,2,5,2,5,1,1,1,1,1,3
SF,IF2007,2020-05-27 09:34:37.200,3778.2000,8037,0,186048540.000,0,-,-,-,-,3778.2000,3778.0000,3777.8000,3777.0000,3775.8000,3779.6000,3779.8000,3782.6000,3784.6000,3785.0000,2,5,2,5,1,1,1,1,1,1
SF,IF2007,2020-05-27 09:34:37.700,3778.2000,8037,0,186048540.000,0,-,-,-,-,3778.4000,3778.2000,3778.0000,3777.8000,3777.0000,3779.6000,3779.8000,3782.6000,3784.6000,3785.0000,1,2,5,2,5,1,1,1,1,1
SF,IF2007,2020-05-27 09:34:38.200,3778.2000,8037,0,186048540.000,0,-,-,-,-,3778.6000,3778.4000,3778.2000,3778.0000,3777.8000,3779.6000,3779.8000,3782.6000,3784.6000,3785.0000,1,1,1,5,2,1,1,1,1,1
SF,IF2007,2020-05-27 09:34:38.700,3778.2000,8037,0,186048540.000,0,-,-,-,-,3778.6000,3778.4000,3778.2000,3778.0000,3777.8000,3779.6000,3779.8000,3782.6000,3784.6000,3785.0000,1,1,1,5,2,1,1,1,1,1
SF,IF2007,2020-05-27 09:34:39.200,3778.2000,8037,0,187182000.000,1,0,1,多换,S,3778.6000,3778.4000,3778.2000,3778.0000,3777.8000,3779.8000,3782.6000,3784.6000,3785.0000,3785.2000,1,1,1,5,2,1,1,1,1,3
SF,IF2007,2020-05-27 09:34:39.700,3779.8000,8037,0,188315940.000,1,0,1,多换,S,3778.8000,3778.6000,3778.4000,3778.0000,3777.8000,3782.6000,3784.6000,3785.0000,3785.2000,3789.4000,1,1,1,5,2,1,1,1,3,1
SF,IF2007,2020-05-27 09:34:40.200,3779.8000,8037,0,188315940.000,0,-,-,-,-,3779.0000,3778.8000,3778.4000,3778.0000,3777.8000,3780.0000,3780.4000,3780.6000,3780.8000,3781.6000,1,1,1,5,2,1,1,1,2,1
SF,IF2007,2020-05-27 09:34:40.700,3779.8000,8037,0,188315940.000,0,-,-,-,-,3779.0000,3778.8000,3778.4000,3778.0000,3777.8000,3780.0000,3780.4000,3780.6000,3780.8000,3781.8000,1,1,1,5,2,1,1,1,1,1
SF,IF2007,2020-05-27 09:34:41.200,3779.8000,8037,0,188315940.000,0,-,-,-,-,3779.0000,3778.8000,3778.4000,3778.0000,3777.8000,3779.8000,3780.0000,3780.4000,3780.6000,3780.8000,1,1,1,5,2,1,1,1,1,1
SF,IF2007,2020-05-27 09:34:41.700,3779.8000,8037,0,188315940.000,0,-,-,-,-,3779.0000,3778.8000,3778.4000,3778.0000,3777.8000,3780.0000,3780.8000,3781.4000,3781.8000,3782.2000,1,1,1,5,2,1,1,2,1,2
SF,IF2007,2020-05-27 09:34:43.200,3779.8000,8037,0,188315940.000,0,-,-,-,-,3779.0000,3778.8000,3778.4000,3778.0000,3777.8000,3780.0000,3780.8000,3781.4000,3781.8000,3782.2000,1,1,1,5,2,1,1,1,1,2
SF,IF2007,2020-05-27 09:34:47.700,3779.0000,8037,0,189449640.000,1,0,1,多换,S,3778.8000,3778.4000,3778.0000,3777.8000,3777.0000,3780.0000,3780.8000,3781.4000,3781.8000,3782.2000,1,1,5,2,5,1,1,1,1,2
SF,IF2007,2020-05-27 09:34:48.200,3779.0000,8037,0,189449640.000,0,-,-,-,-,3778.4000,3778.0000,3777.8000,3777.0000,3775.8000,3779.8000,3780.0000,3780.8000,3781.4000,3781.8000,1,5,2,5,1,3,1,1,1,1
SF,IF2007,2020-05-27 09:34:48.700,3779.0000,8037,0,189449640.000,0,-,-,-,-,3778.6000,3778.4000,3778.0000,3777.8000,3777.0000,3779.8000,3780.0000,3780.8000,3781.4000,3781.8000,1,1,5,2,5,3,1,1,1,1
SF,IF2007,2020-05-27 09:34:49.200,3779.0000,8037,0,189449640.000,0,-,-,-,-,3778.4000,3778.0000,3777.8000,3777.0000,3775.8000,3778.6000,3779.4000,3779.6000,3779.8000,3780.0000,1,5,2,5,1,1,1,4,2,1
SF,IF2007,2020-05-27 09:34:49.700,3778.6000,8035,-2,191716740.000,2,0,2,双平,S,3778.0000,3777.8000,3777.0000,3775.8000,3775.6000,3779.6000,3779.8000,3780.0000,3780.8000,3781.4000,5,2,5,1,2,1,2,1,1,1
SF,IF2007,2020-05-27 09:34:50.200,3778.6000,8035,0,191716740.000,0,-,-,-,-,3778.2000,3778.0000,3777.8000,3777.0000,3775.8000,3778.6000,3779.4000,3780.0000,3780.8000,3781.4000,2,5,2,5,1,1,2,1,1,1
SF,IF2007,2020-05-27 09:34:50.700,3778.6000,8035,0,192850320.000,1,0,1,多换,S,3778.2000,3778.0000,3777.8000,3777.0000,3775.8000,3779.4000,3780.0000,3780.8000,3781.4000,3782.2000,2,5,2,5,1,2,1,1,1,2
SF,IF2007,2020-05-27 09:34:51.200,3778.6000,8035,0,192850320.000,0,-,-,-,-,3778.2000,3778.0000,3777.8000,3777.0000,3775.8000,3779.4000,3780.0000,3780.8000,3781.4000,3782.2000,2,5,2,5,1,1,1,1,1,2
SF,IF2007,2020-05-27 09:34:52.700,3778.6000,8035,0,192850320.000,0,-,-,-,-,3778.4000,3778.2000,3778.0000,3777.8000,3777.0000,3779.4000,3780.0000,3780.8000,3781.4000,3782.2000,1,2,5,2,5,1,1,1,1,2
SF,IF2007,2020-05-27 09:34:53.200,3778.6000,8035,0,192850320.000,0,-,-,-,-,3778.6000,3778.4000,3778.2000,3778.0000,3777.8000,3779.4000,3780.0000,3780.8000,3782.2000,3782.4000,2,1,1,5,2,1,1,1,2,3
SF,IF2007,2020-05-27 09:34:53.700,3778.6000,8035,0,192850320.000,0,-,-,-,-,3778.6000,3778.4000,3778.2000,3778.0000,3777.8000,3779.4000,3780.0000,3780.8000,3782.2000,3782.4000,1,1,1,5,2,1,1,1,2,3
SF,IF2007,2020-05-27 09:34:54.700,3778.6000,8035,0,192850320.000,0,-,-,-,-,3778.6000,3778.2000,3778.0000,3777.8000,3777.0000,3779.4000,3780.0000,3780.8000,3782.2000,3782.4000,1,1,5,2,5,1,1,1,2,3
SF,IF2007,2020-05-27 09:34:56.200,3778.6000,8035,0,192850320.000,0,-,-,-,-,3778.6000,3778.2000,3778.0000,3777.8000,3777.0000,3779.4000,3780.0000,3780.8000,3782.2000,3782.4000,1,1,8,2,5,1,1,1,2,3
SF,IF2007,2020-05-27 09:34:56.700,3778.6000,8035,0,192850320.000,0,-,-,-,-,3778.2000,3778.0000,3777.8000,3777.0000,3775.8000,3779.4000,3780.0000,3780.8000,3782.2000,3782.4000,1,8,2,5,1,1,1,1,2,3
SF,IF2007,2020-05-27 09:34:58.700,3778.6000,8035,0,192850320.000,0,-,-,-,-,3778.4000,3778.2000,3778.0000,3777.8000,3777.0000,3779.2000,3779.4000,3780.0000,3780.8000,3782.2000,1,1,8,2,5,1,1,1,1,2
SF,IF2007,2020-05-27 09:34:59.700,3778.6000,8035,0,192850320.000,0,-,-,-,-,3778.2000,3778.0000,3777.8000,3777.0000,3775.8000,3779.0000,3779.4000,3780.0000,3780.8000,3782.2000,1,8,2,5,1,2,1,1,1,2
SF,IF2007,2020-05-27 09:35:00.200,3779.0000,8035,0,195117720.000,2,1,1,多换,S,3778.2000,3778.0000,3777.8000,3777.0000,3775.8000,3779.4000,3780.0000,3780.8000,3782.2000,3782.4000,1,8,2,5,1,1,1,1,2,3
SF,IF2007,2020-05-27 09:35:00.700,3779.0000,8035,0,195117720.000,0,-,-,-,-,3778.2000,3778.0000,3777.8000,3777.0000,3775.8000,3779.4000,3780.0000,3780.8000,3782.2000,3782.4000,1,8,2,5,1,1,1,1,2,3
SF,IF2007,2020-05-27 09:35:01.200,3779.0000,8035,0,195117720.000,0,-,-,-,-,3778.2000,3778.0000,3777.8000,3777.0000,3775.8000,3779.4000,3780.0000,3780.8000,3782.2000,3782.4000,1,8,2,5,1,1,1,1,2,3
SF,IF2007,2020-05-27 09:35:02.200,3779.0000,8035,0,195117720.000,0,-,-,-,-,3778.2000,3778.0000,3777.8000,3777.0000,3775.8000,3779.2000,3779.4000,3780.0000,3780.8000,3782.2000,1,8,2,5,1,1,1,1,1,2
SF,IF2007,2020-05-27 09:35:02.700,3779.0000,8035,0,195117720.000,0,-,-,-,-,3778.0000,3777.8000,3777.0000,3775.8000,3775.6000,3779.0000,3779.2000,3780.0000,3780.8000,3782.2000,8,2,5,1,2,1,1,1,1,2
SF,IF2007,2020-05-27 09:35:03.700,3779.0000,8034,-1,196251420.000,1,0,1,双平,S,3778.0000,3777.8000,3777.0000,3775.8000,3775.6000,3779.2000,3780.0000,3780.8000,3782.2000,3782.4000,8,2,5,1,2,1,1,1,2,3
SF,IF2007,2020-05-27 09:35:04.200,3779.0000,8034,0,196251420.000,0,-,-,-,-,3778.2000,3778.0000,3777.8000,3777.0000,3775.8000,3780.0000,3780.8000,3782.2000,3782.4000,3782.6000,3,8,2,5,1,1,1,2,3,1
SF,IF2007,2020-05-27 09:35:04.700,3779.0000,8034,0,196251420.000,0,-,-,-,-,3778.2000,3778.0000,3777.8000,3777.0000,3775.8000,3779.4000,3779.6000,3779.8000,3780.0000,3780.8000,2,8,2,5,1,2,2,3,1,1
SF,IF2007,2020-05-27 09:35:05.200,3779.0000,8034,0,196251420.000,0,-,-,-,-,3778.2000,3778.0000,3777.8000,3777.0000,3775.8000,3779.2000,3779.4000,3779.6000,3780.0000,3780.8000,2,8,2,5,1,2,2,2,1,1
SF,IF2007,2020-05-27 09:35:05.700,3779.4000,8032,-2,200786580.000,4,1,3,多平,S,3778.2000,3778.0000,3777.8000,3777.0000,3775.8000,3780.0000,3780.8000,3782.2000,3782.4000,3782.6000,2,8,2,5,1,1,1,2,2,1
SF,IF2007,2020-05-27 09:35:06.200,3779.4000,8032,0,200786580.000,0,-,-,-,-,3778.4000,3778.2000,3778.0000,3777.8000,3777.0000,3779.8000,3780.0000,3780.8000,3782.2000,3782.4000,2,1,8,2,5,1,1,1,2,2
SF,IF2007,2020-05-27 09:35:06.700,3779.8000,8031,-1,201920520.000,1,0,1,双平,S,3778.6000,3778.4000,3778.0000,3777.8000,3777.0000,3780.0000,3780.8000,3782.2000,3782.4000,3782.6000,1,2,8,2,5,1,1,2,2,1
SF,IF2007,2020-05-27 09:35:07.200,3778.8000,8032,1,203054160.000,1,1,0,双开,S,3778.8000,3778.6000,3778.0000,3777.8000,3777.0000,3779.8000,3780.0000,3780.8000,3782.2000,3782.4000,1,1,8,2,5,1,1,1,2,2
SF,IF2007,2020-05-27 09:35:07.700,3779.8000,8031,-1,204188100.000,1,0,1,双平,S,3779.0000,3778.0000,3777.8000,3777.0000,3775.8000,3780.0000,3780.8000,3782.2000,3782.4000,3782.6000,1,8,2,5,1,1,1,2,2,1
SF,IF2007,2020-05-27 09:35:09.200,3780.0000,8031,0,205322100.000,1,0,1,多换,S,3779.0000,3778.0000,3777.8000,3777.0000,3775.8000,3780.8000,3782.2000,3782.4000,3782.6000,3784.6000,1,8,2,5,1,1,2,2,1,1
SF,IF2007,2020-05-27 09:35:09.700,3780.0000,8031,0,205322100.000,0,-,-,-,-,3779.0000,3778.0000,3777.8000,3777.0000,3775.8000,3780.2000,3780.6000,3780.8000,3782.2000,3782.4000,1,8,2,5,1,1,2,1,2,2
SF,IF2007,2020-05-27 09:35:10.200,3780.0000,8031,0,205322100.000,0,-,-,-,-,3779.0000,3778.0000,3777.8000,3777.0000,3775.8000,3780.2000,3780.4000,3780.6000,3780.8000,3782.2000,1,8,2,5,1,1,1,2,1,2
SF,IF2007,2020-05-27 09:35:10.700,3780.0000,8031,0,205322100.000,0,-,-,-,-,3779.0000,3778.0000,3777.8000,3777.0000,3775.8000,3780.2000,3780.4000,3780.6000,3780.8000,3782.2000,1,8,2,5,1,1,1,1,1,2
SF,IF2007,2020-05-27 09:35:11.200,3780.0000,8031,0,205322100.000,0,-,-,-,-,3779.0000,3778.0000,3777.8000,3777.0000,3775.8000,3780.0000,3780.2000,3780.4000,3780.6000,3780.8000,1,8,2,5,1,1,1,1,1,1
SF,IF2007,2020-05-27 09:35:11.700,3780.0000,8031,0,205322100.000,0,-,-,-,-,3779.0000,3778.0000,3777.8000,3777.0000,3775.8000,3780.0000,3780.2000,3780.4000,3780.6000,3780.8000,1,8,2,5,1,1,1,1,1,1
SF,IF2007,2020-05-27 09:35:13.200,3780.0000,8031,0,205322100.000,0,-,-,-,-,3779.0000,3778.0000,3777.8000,3777.0000,3775.8000,3780.0000,3780.2000,3780.4000,3780.6000,3780.8000,1,8,1,5,1,1,1,1,1,1
SF,IF2007,2020-05-27 09:35:13.700,3780.0000,8031,0,205322100.000,0,-,-,-,-,3779.0000,3778.8000,3778.0000,3777.8000,3777.0000,3780.0000,3780.2000,3780.4000,3780.6000,3780.8000,1,1,8,1,5,1,1,1,1,1
SF,IF2007,2020-05-27 09:35:14.700,3779.2000,8031,0,207589920.000,2,1,1,多换,S,3779.0000,3778.8000,3778.0000,3777.8000,3777.0000,3780.2000,3780.6000,3780.8000,3781.4000,3782.2000,1,1,8,1,5,1,1,1,1,2
SF,IF2007,2020-05-27 09:35:15.200,3779.2000,8031,0,207589920.000,0,-,-,-,-,3779.2000,3779.0000,3778.8000,3778.0000,3777.8000,3780.2000,3780.6000,3782.2000,3782.4000,3782.6000,1,1,1,8,1,1,1,2,2,1
SF,IF2007,2020-05-27 09:35:15.700,3780.2000,8031,0,208723980.000,1,0,1,多换,S,3779.4000,3779.2000,3778.8000,3778.0000,3777.8000,3782.2000,3782.4000,3782.6000,3784.6000,3785.0000,1,1,1,8,1,2,2,1,1,1
SF,IF2007,2020-05-27 09:35:16.200,3780.2000,8031,0,208723980.000,0,-,-,-,-,3779.4000,3778.8000,3778.0000,3777.8000,3777.0000,3781.2000,3781.4000,3781.6000,3781.8000,3782.0000,1,1,8,1,5,1,1,2,1,4
SF,IF2007,2020-05-27 09:35:16.700,3780.2000,8031,0,208723980.000,0,-,-,-,-,3779.4000,3779.2000,3778.8000,3778.0000,3777.8000,3781.0000,3781.2000,3781.4000,3781.6000,3781.8000,1,1,1,8,1,2,1,1,1,1
SF,IF2007,2020-05-27 09:35:17.200,3780.2000,8031,0,208723980.000,0,-,-,-,-,3779.8000,3779.4000,3779.2000,3778.8000,3778.0000,3781.0000,3781.2000,3781.4000,3781.8000,3782.0000,1,1,1,1,8,1,1,1,1,2
SF,IF2007,2020-05-27 09:35:17.700,3780.2000,8031,0,208723980.000,0,-,-,-,-,3780.0000,3779.8000,3779.2000,3778.8000,3778.0000,3781.0000,3781.2000,3781.4000,3781.8000,3782.0000,1,1,2,1,8,1,1,1,1,2
SF,IF2007,2020-05-27 09:35:19.700,3780.2000,8031,0,208723980.000,0,-,-,-,-,3780.0000,3779.8000,3779.2000,3778.8000,3778.0000,3781.0000,3781.2000,3781.4000,3781.8000,3782.0000,1,1,2,1,8,1,1,1,1,1
SF,IF2007,2020-05-27 09:35:20.200,3781.0000,8031,0,209858280.000,1,0,1,多换,S,3780.0000,3779.8000,3779.2000,3778.8000,3778.0000,3781.2000,3781.4000,3781.8000,3782.0000,3782.4000,1,1,2,1,8,1,1,1,1,1
SF,IF2007,2020-05-27 09:35:20.700,3781.0000,8031,0,209858280.000,0,-,-,-,-,3780.0000,3779.8000,3779.2000,3778.8000,3778.0000,3780.8000,3781.2000,3781.4000,3781.8000,3782.0000,1,1,2,1,8,1,1,1,1,1
SF,IF2007,2020-05-27 09:35:21.200,3781.0000,8031,0,209858280.000,0,-,-,-,-,3780.0000,3779.2000,3778.8000,3778.0000,3777.8000,3780.8000,3781.2000,3781.4000,3781.8000,3782.0000,1,2,1,8,1,1,1,1,1,1
SF,IF2007,2020-05-27 09:35:21.700,3780.8000,8031,0,210992520.000,1,0,1,多换,S,3780.0000,3779.2000,3778.8000,3778.0000,3777.8000,3781.8000,3782.0000,3782.4000,3782.6000,3784.6000,1,2,1,8,1,1,1,1,1,1
SF,IF2007,2020-05-27 09:35:22.200,3780.8000,8031,0,210992520.000,0,-,-,-,-,3780.0000,3779.2000,3778.8000,3778.0000,3777.8000,3781.6000,3781.8000,3782.0000,3782.4000,3782.6000,1,2,1,8,1,2,1,1,1,1
SF,IF2007,2020-05-27 09:35:22.700,3780.8000,8031,0,210992520.000,0,-,-,-,-,3780.8000,3780.0000,3779.2000,3778.8000,3778.0000,3781.6000,3781.8000,3782.0000,3782.4000,3782.6000,2,1,2,1,8,2,1,1,1,1
SF,IF2007,2020-05-27 09:35:23.200,3780.8000,8031,0,213261000.000,2,1,1,多换,S,3780.0000,3779.2000,3778.8000,3778.0000,3777.8000,3780.8000,3781.6000,3781.8000,3782.0000,3782.4000,1,2,1,8,1,1,1,1,1,1
SF,IF2007,2020-05-27 09:35:23.700,3780.8000,8031,0,214395240.000,1,0,1,多换,S,3780.0000,3779.2000,3778.8000,3778.0000,3777.8000,3781.0000,3781.6000,3781.8000,3782.0000,3782.4000,1,2,1,8,1,1,1,1,1,1
SF,IF2007,2020-05-27 09:35:24.200,3780.8000,8031,0,214395240.000,0,-,-,-,-,3780.4000,3780.2000,3780.0000,3779.2000,3778.8000,3781.0000,3781.6000,3781.8000,3782.0000,3782.4000,1,1,1,2,1,1,1,1,1,1
SF,IF2007,2020-05-27 09:35:25.200,3781.0000,8031,0,215529540.000,1,0,1,多换,S,3780.4000,3780.2000,3780.0000,3779.2000,3778.8000,3781.6000,3781.8000,3782.0000,3782.4000,3782.6000,1,1,2,2,1,1,1,1,1,1
SF,IF2007,2020-05-27 09:35:25.700,3781.0000,8031,0,215529540.000,0,-,-,-,-,3780.6000,3780.4000,3780.2000,3780.0000,3779.2000,3781.6000,3781.8000,3782.0000,3782.4000,3782.6000,1,1,1,1,2,1,1,1,1,1
SF,IF2007,2020-05-27 09:35:26.200,3781.0000,8031,0,215529540.000,0,-,-,-,-,3780.6000,3780.4000,3780.2000,3780.0000,3779.2000,3782.0000,3782.6000,3784.6000,3785.0000,3785.2000,1,1,1,1,2,1,1,1,1,3
SF,IF2007,2020-05-27 09:35:26.700,3781.0000,8031,0,215529540.000,0,-,-,-,-,3780.6000,3780.4000,3780.0000,3779.2000,3778.8000,3782.6000,3784.6000,3785.0000,3785.2000,3789.4000,1,1,1,2,1,1,1,1,3,1
SF,IF2007,2020-05-27 09:35:27.200,3781.0000,8031,0,215529540.000,0,-,-,-,-,3780.6000,3780.4000,3780.0000,3779.2000,3778.8000,3782.0000,3782.2000,3782.4000,3782.6000,3784.6000,1,1,1,2,1,1,2,4,1,1
SF,IF2007,2020-05-27 09:35:27.700,3781.0000,8031,0,215529540.000,0,-,-,-,-,3780.6000,3780.4000,3779.2000,3778.8000,3778.0000,3781.8000,3782.0000,3782.2000,3782.4000,3782.6000,1,1,2,1,8,3,1,2,2,1
SF,IF2007,2020-05-27 09:35:28.200,3780.4000,8029,-2,217797840.000,2,0,2,双平,S,3779.2000,3778.8000,3778.0000,3777.8000,3777.0000,3781.6000,3781.8000,3782.0000,3782.2000,3782.4000,2,1,8,1,5,1,3,1,1,2
SF,IF2007,2020-05-27 09:35:28.700,3780.4000,8029,0,217797840.000,0,-,-,-,-,3779.4000,3779.2000,3778.8000,3778.0000,3777.8000,3781.0000,3781.4000,3781.8000,3782.0000,3782.2000,1,2,1,8,1,1,3,2,1,1
SF,IF2007,2020-05-27 09:35:29.200,3780.4000,8029,0,217797840.000,0,-,-,-,-,3779.4000,3779.2000,3778.8000,3778.0000,3777.8000,3780.6000,3780.8000,3781.0000,3781.4000,3781.8000,1,2,1,8,1,1,1,1,2,2
SF,IF2007,2020-05-27 09:35:29.700,3780.4000,8029,0,217797840.000,0,-,-,-,-,3779.4000,3779.2000,3778.8000,3778.0000,3777.8000,3780.4000,3780.8000,3781.0000,3781.4000,3781.8000,1,2,1,8,1,1,1,1,2,2
SF,IF2007,2020-05-27 09:35:30.200,3780.4000,8029,0,218931960.000,1,0,1,多换,S,3779.8000,3779.4000,3779.2000,3778.8000,3778.0000,3780.8000,3781.0000,3781.4000,3781.8000,3782.0000,1,1,1,1,8,1,1,2,1,1
SF,IF2007,2020-05-27 09:35:30.700,3780.4000,8029,0,218931960.000,0,-,-,-,-,3780.0000,3779.8000,3779.2000,3778.8000,3778.0000,3781.0000,3781.4000,3781.8000,3782.0000,3782.2000,1,1,1,1,8,1,1,1,1,1
SF,IF2007,2020-05-27 09:35:32.200,3780.4000,8029,0,218931960.000,0,-,-,-,-,3780.0000,3779.8000,3779.2000,3778.8000,3778.0000,3781.0000,3781.8000,3782.0000,3782.2000,3782.4000,1,1,1,1,8,1,1,1,1,2
SF,IF2007,2020-05-27 09:35:32.700,3780.0000,8028,-1,220065960.000,1,0,1,双平,S,3779.8000,3779.2000,3778.8000,3778.0000,3777.8000,3781.0000,3781.8000,3782.0000,3782.2000,3782.4000,1,1,1,8,1,1,1,1,1,2
SF,IF2007,2020-05-27 09:35:33.200,3780.0000,8028,0,220065960.000,0,-,-,-,-,3779.8000,3779.2000,3778.8000,3778.0000,3777.8000,3780.4000,3780.8000,3781.0000,3781.8000,3782.0000,1,1,1,8,1,1,2,1,1,1
SF,IF2007,2020-05-27 09:35:33.700,3779.8000,8027,-1,221199900.000,1,0,1,双平,S,3779.2000,3778.8000,3778.0000,3777.8000,3777.0000,3780.8000,3781.0000,3781.8000,3782.0000,3782.2000,1,1,8,1,5,2,2,1,1,1
SF,IF2007,2020-05-27 09:35:34.200,3779.8000,8027,0,221199900.000,0,-,-,-,-,3779.6000,3779.4000,3779.2000,3778.8000,3778.0000,3780.8000,3781.0000,3781.8000,3782.0000,3782.2000,1,1,1,1,8,1,2,1,1,1
SF,IF2007,2020-05-27 09:35:34.700,3779.8000,8027,0,221199900.000,0,-,-,-,-,3779.4000,3779.2000,3778.8000,3778.0000,3777.8000,3779.8000,3780.8000,3781.0000,3781.8000,3782.0000,1,1,1,8,1,1,1,2,1,1
SF,IF2007,2020-05-27 09:35:35.200,3779.8000,8027,0,222333840.000,1,0,1,多换,S,3779.2000,3778.8000,3778.0000,3777.8000,3777.0000,3780.8000,3781.0000,3781.8000,3782.0000,3782.2000,1,1,8,1,5,1,2,1,1,1
SF,IF2007,2020-05-27 09:35:35.700,3779.8000,8027,0,222333840.000,0,-,-,-,-,3779.4000,3779.2000,3778.8000,3778.0000,3777.8000,3780.6000,3780.8000,3781.0000,3781.8000,3782.0000,1,1,1,8,1,1,1,2,1,1
SF,IF2007,2020-05-27 09:35:36.200,3779.4000,8026,-1,223467660.000,1,0,1,双平,S,3779.2000,3778.8000,3778.0000,3777.8000,3777.0000,3779.4000,3780.4000,3780.6000,3781.0000,3781.8000,1,1,8,1,5,1,1,1,2,1
SF,IF2007,2020-05-27 09:35:36.700,3779.4000,8025,-1,224601480.000,1,0,1,双平,S,3779.2000,3778.8000,3778.0000,3777.8000,3777.0000,3780.4000,3781.0000,3781.8000,3782.0000,3782.2000,1,1,8,1,5,1,2,1,1,1
SF,IF2007,2020-05-27 09:35:37.200,3779.4000,8025,0,224601480.000,0,-,-,-,-,3779.2000,3778.8000,3778.0000,3777.8000,3777.0000,3780.4000,3781.0000,3781.8000,3782.0000,3782.2000,1,1,8,1,5,1,2,1,1,1
SF,IF2007,2020-05-27 09:35:37.700,3779.4000,8025,0,224601480.000,0,-,-,-,-,3779.4000,3779.2000,3778.8000,3778.0000,3777.8000,3780.4000,3781.0000,3781.8000,3782.0000,3782.2000,1,1,1,8,1,1,2,1,1,1
SF,IF2007,2020-05-27 09:35:38.200,3779.4000,8025,0,224601480.000,0,-,-,-,-,3779.2000,3778.8000,3778.0000,3777.8000,3777.0000,3780.4000,3781.0000,3781.8000,3782.0000,3782.2000,1,1,8,1,5,1,2,1,1,1
SF,IF2007,2020-05-27 09:35:39.700,3779.4000,8025,0,224601480.000,0,-,-,-,-,3779.2000,3778.8000,3778.0000,3777.8000,3777.0000,3780.4000,3781.0000,3781.8000,3782.0000,3782.2000,1,1,8,1,5,2,2,1,1,1
SF,IF2007,2020-05-27 09:35:40.200,3779.2000,8025,0,225735240.000,1,0,1,多换,S,3778.8000,3778.0000,3777.8000,3777.0000,3775.8000,3779.6000,3780.2000,3780.4000,3781.0000,3781.8000,1,8,1,5,1,1,2,2,1,1
SF,IF2007,2020-05-27 09:35:41.700,3778.8000,8025,0,226868880.000,1,0,1,多换,S,3778.0000,3777.8000,3777.0000,3775.8000,3775.6000,3779.6000,3780.2000,3780.4000,3781.0000,3781.8000,8,1,5,1,2,1,2,2,1,1
SF,IF2007,2020-05-27 09:35:42.200,3778.8000,8025,0,226868880.000,0,-,-,-,-,3778.4000,3778.2000,3778.0000,3777.8000,3777.0000,3779.4000,3779.6000,3780.2000,3780.4000,3781.0000,1,3,8,1,5,1,1,2,1,1
SF,IF2007,2020-05-27 09:35:42.700,3778.8000,8025,0,226868880.000,0,-,-,-,-,3778.4000,3778.2000,3778.0000,3777.8000,3777.0000,3779.4000,3779.6000,3780.2000,3780.4000,3781.0000,1,3,8,1,5,1,1,1,1,1
SF,IF2007,2020-05-27 09:35:43.700,3778.4000,8026,1,228002400.000,1,1,0,双开,S,3778.2000,3778.0000,3777.8000,3777.0000,3775.8000,3778.4000,3779.4000,3779.6000,3780.2000,3780.4000,3,8,1,5,1,1,1,1,1,1
SF,IF2007,2020-05-27 09:35:44.200,3778.0000,8024,-2,231402840.000,3,0,3,多平,S,3778.0000,3777.8000,3777.0000,3775.8000,3775.6000,3779.4000,3779.6000,3780.2000,3780.4000,3781.0000,7,1,5,1,2,1,1,1,1,1
SF,IF2007,2020-05-27 09:35:44.700,3778.0000,8024,0,231402840.000,0,-,-,-,-,3778.0000,3777.8000,3777.0000,3775.8000,3775.6000,3779.4000,3779.6000,3780.2000,3780.4000,3781.0000,7,1,5,1,2,1,1,1,1,1
SF,IF2007,2020-05-27 09:35:45.200,3778.0000,8024,0,231402840.000,0,-,-,-,-,3778.2000,3778.0000,3777.8000,3777.0000,3775.8000,3779.0000,3779.4000,3779.6000,3780.2000,3780.4000,1,8,1,5,1,1,1,1,1,1
SF,IF2007,2020-05-27 09:35:45.700,3778.0000,8024,0,231402840.000,0,-,-,-,-,3778.0000,3777.8000,3777.0000,3775.8000,3775.6000,3778.8000,3779.0000,3779.6000,3780.2000,3780.4000,8,1,5,1,2,1,1,1,1,1
SF,IF2007,2020-05-27 09:35:46.200,3778.0000,8024,0,232536240.000,1,0,1,多换,S,3778.0000,3777.8000,3777.0000,3775.8000,3775.6000,3778.8000,3779.0000,3779.6000,3780.2000,3780.4000,7,1,5,1,2,1,1,1,1,1
SF,IF2007,2020-05-27 09:35:48.200,3778.8000,8023,-1,233669880.000,1,0,1,双平,S,3778.0000,3777.8000,3777.0000,3775.8000,3775.6000,3779.6000,3780.2000,3780.4000,3781.0000,3782.0000,7,1,5,1,2,1,1,1,1,1
SF,IF2007,2020-05-27 09:35:48.700,3778.8000,8023,0,233669880.000,0,-,-,-,-,3778.2000,3778.0000,3777.8000,3777.0000,3775.8000,3779.4000,3779.6000,3780.2000,3780.4000,3781.0000,2,7,1,5,1,1,1,1,1,1
SF,IF2007,2020-05-27 09:35:49.200,3778.8000,8023,0,233669880.000,0,-,-,-,-,3778.4000,3778.2000,3778.0000,3777.8000,3777.0000,3779.6000,3780.2000,3780.4000,3781.0000,3782.0000,3,2,7,1,5,1,1,1,1,1
SF,IF2007,2020-05-27 09:35:49.700,3778.8000,8023,0,233669880.000,0,-,-,-,-,3778.6000,3778.4000,3778.0000,3777.8000,3777.0000,3779.6000,3780.4000,3781.0000,3782.0000,3782.2000,3,3,6,1,5,1,1,1,1,1
SF,IF2007,2020-05-27 09:35:50.200,3778.8000,8023,0,233669880.000,0,-,-,-,-,3778.8000,3778.6000,3778.4000,3778.0000,3777.8000,3779.6000,3780.4000,3781.0000,3782.0000,3782.2000,5,3,2,6,1,1,1,1,1,1
SF,IF2007,2020-05-27 09:35:50.700,3778.8000,8023,0,233669880.000,0,-,-,-,-,3779.0000,3778.8000,3778.6000,3778.4000,3778.0000,3780.2000,3780.4000,3781.0000,3782.0000,3782.2000,2,2,1,1,6,1,1,1,1,1
SF,IF2007,2020-05-27 09:35:51.200,3778.8000,8023,0,233669880.000,0,-,-,-,-,3779.0000,3778.8000,3778.0000,3777.8000,3777.0000,3780.0000,3780.2000,3780.4000,3781.0000,3782.0000,2,2,6,1,5,1,1,1,1,1
SF,IF2007,2020-05-27 09:35:51.700,3778.8000,8023,0,233669880.000,0,-,-,-,-,3779.0000,3778.8000,3778.0000,3777.8000,3777.0000,3780.0000,3780.2000,3780.4000,3781.0000,3782.0000,1,2,6,1,5,1,1,1,1,1
SF,IF2007,2020-05-27 09:35:54.700,3778.8000,8023,0,233669880.000,0,-,-,-,-,3779.0000,3778.8000,3778.0000,3777.8000,3777.0000,3780.0000,3780.2000,3780.4000,3781.0000,3782.0000,1,1,6,1,5,1,1,1,1,1
SF,IF2007,2020-05-27 09:35:55.200,3778.8000,8023,0,233669880.000,0,-,-,-,-,3778.8000,3778.0000,3777.8000,3777.0000,3775.8000,3779.8000,3780.0000,3780.2000,3780.4000,3781.0000,1,6,1,5,1,1,1,1,1,1
SF,IF2007,2020-05-27 09:35:55.700,3778.8000,8023,0,233669880.000,0,-,-,-,-,3778.0000,3777.8000,3777.0000,3775.8000,3775.6000,3779.6000,3779.8000,3780.2000,3780.4000,3781.0000,6,1,5,1,2,1,1,1,1,1
SF,IF2007,2020-05-27 09:35:56.200,3778.8000,8023,0,233669880.000,0,-,-,-,-,3778.2000,3778.0000,3777.8000,3777.0000,3775.8000,3779.6000,3779.8000,3780.2000,3780.4000,3781.0000,3,6,1,5,1,1,1,1,1,1
SF,IF2007,2020-05-27 09:35:56.700,3778.8000,8023,0,233669880.000,0,-,-,-,-,3778.2000,3778.0000,3777.8000,3777.0000,3775.8000,3779.4000,3779.6000,3779.8000,3780.2000,3780.4000,3,6,1,5,1,1,1,1,1,1
SF,IF2007,2020-05-27 09:35:57.200,3778.8000,8023,0,233669880.000,0,-,-,-,-,3778.2000,3778.0000,3777.8000,3777.0000,3775.8000,3779.2000,3779.4000,3779.8000,3780.2000,3780.4000,1,6,1,5,1,2,1,1,1,1
SF,IF2007,2020-05-27 09:35:57.700,3778.8000,8023,0,233669880.000,0,-,-,-,-,3778.2000,3778.0000,3777.8000,3777.0000,3775.8000,3779.0000,3779.2000,3779.4000,3780.4000,3781.0000,1,6,1,5,1,1,2,1,1,1
SF,IF2007,2020-05-27 09:35:58.200,3778.4000,8022,-1,234803400.000,1,0,1,双平,S,3778.2000,3778.0000,3777.8000,3777.0000,3775.8000,3779.0000,3779.2000,3780.4000,3781.0000,3782.0000,1,6,1,5,1,1,2,1,1,1
SF,IF2007,2020-05-27 09:35:58.700,3778.4000,8022,0,234803400.000,0,-,-,-,-,3778.4000,3778.2000,3778.0000,3777.8000,3777.0000,3779.0000,3780.4000,3781.0000,3782.0000,3782.2000,1,1,6,1,5,1,1,1,1,1
SF,IF2007,2020-05-27 09:35:59.200,3778.4000,8022,0,234803400.000,0,-,-,-,-,3778.4000,3778.2000,3778.0000,3777.8000,3777.0000,3779.0000,3780.4000,3781.0000,3782.0000,3782.2000,1,1,6,1,5,1,1,1,1,1
SF,IF2007,2020-05-27 09:35:59.700,3778.4000,8021,-1,235936920.000,1,0,1,双平,S,3778.2000,3778.0000,3777.8000,3777.0000,3775.8000,3779.0000,3780.4000,3781.0000,3782.0000,3782.2000,1,6,1,5,1,1,1,1,1,1
SF,IF2007,2020-05-27 09:36:02.700,3778.4000,8021,0,235936920.000,0,-,-,-,-,3778.2000,3778.0000,3777.0000,3775.8000,3775.6000,3779.0000,3780.4000,3781.0000,3782.0000,3782.2000,1,6,5,1,2,1,1,1,1,1
SF,IF2007,2020-05-27 09:36:03.200,3778.0000,8020,-1,243870780.000,7,3,4,多平,S,3777.0000,3775.8000,3775.6000,3775.0000,3770.2000,3778.8000,3779.0000,3780.4000,3781.0000,3782.0000,5,1,2,2,1,1,1,1,1,1
SF,IF2007,2020-05-27 09:36:03.700,3778.0000,8020,0,243870780.000,0,-,-,-,-,3777.2000,3777.0000,3775.8000,3775.6000,3775.0000,3778.4000,3778.6000,3778.8000,3779.0000,3780.4000,3,5,1,2,2,1,1,1,1,1
SF,IF2007,2020-05-27 09:36:04.200,3778.0000,8020,0,243870780.000,0,-,-,-,-,3777.2000,3777.0000,3775.8000,3775.6000,3775.0000,3778.2000,3778.4000,3778.8000,3779.0000,3780.4000,1,5,1,2,2,1,1,1,1,1
SF,IF2007,2020-05-27 09:36:04.700,3778.0000,8020,0,243870780.000,0,-,-,-,-,3777.2000,3777.0000,3775.8000,3775.6000,3775.0000,3778.2000,3778.4000,3779.0000,3780.4000,3781.0000,1,5,1,2,2,1,1,1,1,1
SF,IF2007,2020-05-27 09:36:07.700,3778.0000,8020,0,243870780.000,0,-,-,-,-,3777.2000,3777.0000,3775.8000,3775.6000,3775.0000,3778.2000,3778.4000,3779.0000,3780.4000,3781.0000,1,5,1,2,5,1,1,1,1,1
SF,IF2007,2020-05-27 09:36:09.700,3778.0000,8020,0,243870780.000,0,-,-,-,-,3777.2000,3777.0000,3775.8000,3775.6000,3775.0000,3778.2000,3778.4000,3779.0000,3780.4000,3781.0000,2,5,1,2,5,1,1,1,1,1
SF,IF2007,2020-05-27 09:36:10.200,3778.0000,8020,0,243870780.000,0,-,-,-,-,3777.2000,3777.0000,3775.8000,3775.6000,3775.0000,3778.2000,3778.4000,3779.0000,3780.4000,3781.0000,2,5,1,2,5,1,1,1,1,1
SF,IF2007,2020-05-27 09:36:12.700,3778.0000,8020,0,243870780.000,0,-,-,-,-,3777.4000,3777.2000,3777.0000,3775.8000,3775.6000,3778.2000,3778.4000,3779.0000,3780.4000,3781.0000,2,2,5,1,2,1,1,1,1,1
SF,IF2007,2020-05-27 09:36:13.200,3778.0000,8020,0,243870780.000,0,-,-,-,-,3777.2000,3777.0000,3775.8000,3775.6000,3775.0000,3778.2000,3778.4000,3779.0000,3780.4000,3781.0000,1,5,1,2,5,1,1,1,1,1
SF,IF2007,2020-05-27 09:36:14.200,3778.0000,8020,0,243870780.000,0,-,-,-,-,3777.4000,3777.2000,3777.0000,3775.8000,3775.6000,3778.2000,3778.4000,3779.0000,3780.4000,3781.0000,1,1,5,1,2,1,1,1,1,1
SF,IF2007,2020-05-27 09:36:14.700,3778.0000,8020,0,243870780.000,0,-,-,-,-,3777.2000,3777.0000,3775.8000,3775.6000,3775.0000,3778.2000,3778.4000,3779.0000,3780.4000,3781.0000,1,5,1,2,5,1,1,1,1,1
SF,IF2007,2020-05-27 09:36:17.200,3778.0000,8020,0,243870780.000,0,-,-,-,-,3777.4000,3777.2000,3777.0000,3775.8000,3775.6000,3778.2000,3778.4000,3779.0000,3780.4000,3781.0000,2,1,5,1,2,1,1,1,1,1
SF,IF2007,2020-05-27 09:36:17.700,3778.0000,8020,0,243870780.000,0,-,-,-,-,3777.4000,3777.2000,3777.0000,3775.8000,3775.6000,3778.2000,3779.0000,3780.4000,3781.0000,3782.0000,2,1,5,1,2,1,1,1,1,1
SF,IF2007,2020-05-27 09:36:18.200,3777.2000,8021,1,245003940.000,1,1,0,双开,S,3777.0000,3775.8000,3775.6000,3775.0000,3770.2000,3778.2000,3779.0000,3780.4000,3781.0000,3782.0000,5,1,2,5,1,1,1,1,1,1
SF,IF2007,2020-05-27 09:36:18.700,3777.2000,8021,0,245003940.000,0,-,-,-,-,3777.0000,3775.8000,3775.6000,3775.0000,3770.2000,3778.2000,3779.0000,3780.4000,3781.0000,3782.0000,5,1,2,5,1,1,1,1,1,1
SF,IF2007,2020-05-27 09:36:19.200,3777.2000,8021,0,245003940.000,0,-,-,-,-,3777.4000,3777.2000,3777.0000,3775.8000,3775.6000,3778.2000,3779.0000,3780.4000,3781.0000,3782.0000,2,6,5,1,2,1,1,1,1,1
SF,IF2007,2020-05-27 09:36:19.700,3777.2000,8021,0,245003940.000,0,-,-,-,-,3777.2000,3777.0000,3775.8000,3775.6000,3775.0000,3778.2000,3779.0000,3780.4000,3781.0000,3782.0000,5,5,1,2,5,1,1,1,1,1
SF,IF2007,2020-05-27 09:36:20.200,3777.2000,8021,0,245003940.000,0,-,-,-,-,3777.2000,3777.0000,3775.8000,3775.6000,3775.0000,3778.2000,3779.0000,3780.4000,3781.0000,3782.0000,3,5,1,2,5,1,1,1,1,1
SF,IF2007,2020-05-27 09:36:20.700,3777.2000,8021,0,245003940.000,0,-,-,-,-,3777.4000,3777.2000,3777.0000,3775.8000,3775.6000,3778.2000,3779.0000,3780.4000,3781.0000,3782.0000,2,2,5,1,2,1,1,1,1,1
SF,IF2007,2020-05-27 09:36:21.200,3777.2000,8021,0,246137100.000,1,0,1,多换,S,3777.4000,3777.2000,3777.0000,3775.8000,3775.6000,3778.2000,3779.0000,3780.4000,3781.0000,3782.0000,1,2,5,1,2,1,1,1,1,1
SF,IF2007,2020-05-27 09:36:21.700,3778.2000,8020,-1,247270560.000,1,0,1,双平,S,3777.4000,3777.2000,3777.0000,3775.8000,3775.6000,3779.0000,3780.4000,3781.0000,3782.0000,3782.2000,1,2,5,1,2,1,1,1,1,1
SF,IF2007,2020-05-27 09:36:22.200,3778.2000,8020,0,247270560.000,0,-,-,-,-,3777.6000,3777.4000,3777.2000,3777.0000,3775.8000,3778.8000,3779.0000,3780.4000,3781.0000,3782.0000,2,1,1,5,1,1,1,1,1,1
SF,IF2007,2020-05-27 09:36:22.700,3778.2000,8020,0,247270560.000,0,-,-,-,-,3777.6000,3777.4000,3777.2000,3777.0000,3775.8000,3778.8000,3779.0000,3780.4000,3781.0000,3782.0000,1,2,1,5,1,1,1,1,1,1
SF,IF2007,2020-05-27 09:36:24.200,3777.6000,8020,0,248403840.000,1,0,1,多换,S,3778.0000,3777.4000,3777.2000,3777.0000,3775.8000,3778.8000,3779.0000,3780.4000,3781.0000,3782.0000,5,2,1,5,1,1,1,1,1,1
SF,IF2007,2020-05-27 09:36:24.700,3777.6000,8020,0,248403840.000,0,-,-,-,-,3778.0000,3777.4000,3777.2000,3777.0000,3775.8000,3778.6000,3778.8000,3779.0000,3780.4000,3781.0000,5,2,1,5,1,2,2,1,1,1
SF,IF2007,2020-05-27 09:36:25.200,3777.6000,8020,0,248403840.000,0,-,-,-,-,3778.0000,3777.4000,3777.2000,3777.0000,3775.8000,3778.4000,3778.6000,3778.8000,3779.0000,3780.4000,5,2,1,5,1,1,2,1,1,1
SF,IF2007,2020-05-27 09:36:25.700,3778.0000,8020,0,249537240.000,1,0,1,多换,S,3778.0000,3777.4000,3777.2000,3777.0000,3775.8000,3778.4000,3778.6000,3778.8000,3779.0000,3780.4000,4,2,1,5,1,1,2,1,1,1
SF,IF2007,2020-05-27 09:36:26.700,3778.0000,8021,1,250670640.000,1,1,0,双开,S,3778.0000,3777.4000,3777.2000,3777.0000,3775.8000,3778.4000,3778.6000,3778.8000,3779.0000,3780.4000,3,2,1,5,1,1,2,1,1,1
SF,IF2007,2020-05-27 09:36:27.200,3778.0000,8021,0,250670640.000,0,-,-,-,-,3778.0000,3777.4000,3777.2000,3777.0000,3775.8000,3778.4000,3778.6000,3779.0000,3780.4000,3781.0000,3,2,1,5,1,1,2,1,1,1
SF,IF2007,2020-05-27 09:36:27.700,3778.4000,8020,-1,251804160.000,1,0,1,双平,S,3778.0000,3777.4000,3777.0000,3775.8000,3775.6000,3779.0000,3780.4000,3781.0000,3782.0000,3782.2000,3,2,5,1,2,1,1,1,1,1
SF,IF2007,2020-05-27 09:36:28.200,3778.4000,8020,0,251804160.000,0,-,-,-,-,3778.2000,3778.0000,3777.4000,3777.0000,3775.8000,3779.0000,3780.4000,3781.0000,3782.0000,3782.2000,1,3,2,5,1,1,1,1,1,1
SF,IF2007,2020-05-27 09:36:29.200,3778.4000,8020,0,251804160.000,0,-,-,-,-,3778.2000,3778.0000,3777.4000,3777.0000,3776.0000,3779.0000,3780.4000,3781.0000,3782.0000,3782.2000,1,3,2,5,5,1,1,1,1,1
SF,IF2007,2020-05-27 09:36:30.200,3778.2000,8020,0,252937620.000,1,0,1,多换,S,3778.0000,3777.4000,3777.0000,3776.0000,3775.8000,3778.8000,3779.0000,3780.4000,3781.0000,3782.0000,3,2,5,5,1,1,1,1,1,1
SF,IF2007,2020-05-27 09:36:33.200,3778.0000,8021,1,254071020.000,1,1,0,双开,S,3778.0000,3777.4000,3777.0000,3776.0000,3775.8000,3778.8000,3779.0000,3780.4000,3781.0000,3782.0000,2,2,5,5,1,1,1,1,1,1
SF,IF2007,2020-05-27 09:36:33.700,3778.0000,8022,1,255204420.000,1,1,0,双开,S,3778.0000,3777.4000,3777.0000,3776.0000,3775.8000,3778.6000,3778.8000,3779.0000,3780.4000,3781.0000,1,2,5,5,1,1,1,1,1,1
SF,IF2007,2020-05-27 09:36:34.200,3778.0000,8022,0,256337820.000,1,0,1,多换,S,3777.4000,3777.0000,3776.0000,3775.8000,3775.6000,3778.4000,3778.6000,3778.8000,3779.0000,3780.4000,2,5,6,1,2,1,1,1,1,1
SF,IF2007,2020-05-27 09:36:34.700,3778.0000,8022,0,256337820.000,0,-,-,-,-,3777.4000,3777.0000,3776.0000,3775.8000,3775.6000,3778.2000,3778.4000,3778.6000,3778.8000,3779.0000,1,5,6,1,2,1,1,1,1,1
SF,IF2007,2020-05-27 09:36:35.200,3778.0000,8022,0,256337820.000,0,-,-,-,-,3777.4000,3777.0000,3776.0000,3775.8000,3775.6000,3778.0000,3778.2000,3778.6000,3778.8000,3779.0000,1,5,6,1,2,1,1,1,1,1
SF,IF2007,2020-05-27 09:36:35.700,3777.4000,8022,0,257471040.000,1,0,1,多换,S,3777.0000,3776.0000,3775.8000,3775.6000,3775.0000,3778.0000,3778.2000,3778.6000,3778.8000,3779.0000,5,6,1,2,5,1,1,1,1,1
SF,IF2007,2020-05-27 09:36:36.200,3777.4000,8022,0,257471040.000,0,-,-,-,-,3777.0000,3776.0000,3775.8000,3775.6000,3775.0000,3778.0000,3778.2000,3778.6000,3778.8000,3779.0000,5,6,1,2,5,2,1,1,1,1
SF,IF2007,2020-05-27 09:36:38.200,3777.0000,8023,1,258604140.000,1,1,0,双开,S,3777.0000,3776.0000,3775.8000,3775.6000,3775.0000,3778.0000,3778.2000,3778.6000,3778.8000,3779.0000,4,6,1,2,5,2,1,1,1,1
SF,IF2007,2020-05-27 09:36:39.200,3777.0000,8023,0,258604140.000,0,-,-,-,-,3777.0000,3776.0000,3775.8000,3775.6000,3775.0000,3778.0000,3778.2000,3778.6000,3778.8000,3779.0000,5,6,1,2,5,2,1,1,1,1
SF,IF2007,2020-05-27 09:36:40.200,3777.0000,8023,0,258604140.000,0,-,-,-,-,3777.0000,3776.0000,3775.8000,3775.6000,3775.0000,3777.8000,3778.0000,3778.2000,3778.6000,3779.0000,5,6,1,2,5,1,2,1,1,1
SF,IF2007,2020-05-27 09:36:40.700,3777.8000,8023,0,259737480.000,1,0,1,多换,S,3777.0000,3776.0000,3775.8000,3775.6000,3775.0000,3778.0000,3778.2000,3779.0000,3780.4000,3781.0000,5,6,1,2,5,2,1,1,1,1
SF,IF2007,2020-05-27 09:36:41.200,3777.2000,8023,0,260870640.000,1,0,1,多换,S,3777.2000,3777.0000,3776.0000,3775.8000,3775.6000,3778.0000,3779.0000,3780.4000,3781.0000,3782.0000,1,5,6,1,2,2,1,1,1,1
SF,IF2007,2020-05-27 09:36:42.200,3777.2000,8023,0,260870640.000,0,-,-,-,-,3777.4000,3777.2000,3777.0000,3776.0000,3775.8000,3778.0000,3779.0000,3780.4000,3781.0000,3782.0000,1,1,5,6,1,2,1,1,1,1
SF,IF2007,2020-05-27 09:36:42.700,3778.0000,8022,-1,263137440.000,2,0,2,多平,S,3777.6000,3777.4000,3777.0000,3776.0000,3775.8000,3779.0000,3780.4000,3781.0000,3782.0000,3782.2000,3,2,4,6,1,1,1,1,1,1
SF,IF2007,2020-05-27 09:36:43.200,3778.0000,8022,0,263137440.000,0,-,-,-,-,3777.8000,3777.6000,3777.4000,3777.0000,3776.0000,3779.0000,3780.4000,3781.0000,3782.0000,3782.2000,2,3,1,4,6,1,1,1,1,1
SF,IF2007,2020-05-27 09:36:43.700,3778.0000,8022,0,263137440.000,0,-,-,-,-,3778.0000,3777.8000,3777.6000,3777.4000,3777.0000,3778.8000,3779.0000,3780.4000,3781.0000,3782.0000,1,2,2,1,4,1,1,1,1,1
SF,IF2007,2020-05-27 09:36:44.200,3778.0000,8022,0,263137440.000,0,-,-,-,-,3778.0000,3777.8000,3777.6000,3777.4000,3777.0000,3778.8000,3779.0000,3780.4000,3781.0000,3782.0000,1,1,2,1,4,1,1,1,1,1
SF,IF2007,2020-05-27 09:36:44.700,3778.0000,8022,0,263137440.000,0,-,-,-,-,3778.0000,3777.8000,3777.6000,3777.0000,3776.0000,3778.8000,3779.0000,3780.4000,3781.0000,3782.0000,1,1,2,4,6,1,1,1,1,1
SF,IF2007,2020-05-27 09:36:45.200,3778.0000,8021,-1,264270840.000,1,0,1,双平,S,3777.8000,3777.6000,3777.0000,3776.0000,3775.8000,3778.8000,3779.0000,3780.4000,3781.0000,3782.0000,1,2,4,6,1,1,1,1,1,1
SF,IF2007,2020-05-27 09:36:45.700,3777.8000,8021,0,265404180.000,1,0,1,多换,S,3777.6000,3777.0000,3776.0000,3775.8000,3775.0000,3778.6000,3778.8000,3779.0000,3780.4000,3781.0000,2,4,6,1,5,1,1,1,1,1
SF,IF2007,2020-05-27 09:36:46.200,3777.8000,8021,0,265404180.000,0,-,-,-,-,3777.0000,3776.8000,3776.0000,3775.8000,3775.0000,3778.4000,3778.6000,3779.0000,3780.4000,3781.0000,4,1,6,1,5,2,1,1,1,1
SF,IF2007,2020-05-27 09:36:46.700,3777.8000,8021,0,265404180.000,0,-,-,-,-,3777.2000,3777.0000,3776.8000,3776.0000,3775.8000,3778.4000,3778.6000,3779.0000,3780.4000,3781.0000,1,4,1,6,1,1,1,1,1,1
SF,IF2007,2020-05-27 09:36:47.700,3777.8000,8021,0,265404180.000,0,-,-,-,-,3777.2000,3777.0000,3776.8000,3776.0000,3775.8000,3778.4000,3779.0000,3780.4000,3781.0000,3782.0000,1,4,1,6,1,1,1,1,1,1
SF,IF2007,2020-05-27 09:36:50.700,3778.4000,8020,-1,266537700.000,1,0,1,双平,S,3777.2000,3777.0000,3776.8000,3776.0000,3775.8000,3779.0000,3780.4000,3781.0000,3782.0000,3782.2000,1,4,1,6,1,1,1,1,1,1
SF,IF2007,2020-05-27 09:36:51.200,3778.4000,8020,0,266537700.000,0,-,-,-,-,3777.4000,3777.2000,3777.0000,3776.8000,3776.0000,3778.8000,3779.0000,3780.4000,3781.0000,3782.0000,2,1,4,1,6,1,1,1,1,1
SF,IF2007,2020-05-27 09:36:51.700,3778.4000,8020,0,266537700.000,0,-,-,-,-,3777.6000,3777.4000,3777.0000,3776.8000,3776.0000,3779.0000,3780.4000,3781.0000,3782.0000,3782.2000,1,2,4,1,6,1,1,1,1,1
SF,IF2007,2020-05-27 09:36:52.200,3778.4000,8020,0,266537700.000,0,-,-,-,-,3777.6000,3777.4000,3777.0000,3776.8000,3776.0000,3778.6000,3779.0000,3780.4000,3781.0000,3782.0000,1,2,4,1,6,1,1,1,1,1
SF,IF2007,2020-05-27 09:36:53.200,3778.4000,8020,0,266537700.000,0,-,-,-,-,3777.6000,3777.4000,3777.0000,3776.8000,3776.0000,3779.0000,3780.4000,3781.0000,3782.0000,3782.2000,1,2,4,1,6,1,1,1,1,1
SF,IF2007,2020-05-27 09:36:53.700,3778.4000,8020,0,266537700.000,0,-,-,-,-,3777.8000,3777.6000,3777.4000,3777.0000,3776.8000,3778.8000,3779.0000,3780.4000,3781.0000,3782.0000,1,1,2,4,1,1,1,1,1,1
SF,IF2007,2020-05-27 09:36:54.200,3778.4000,8020,0,266537700.000,0,-,-,-,-,3778.0000,3777.8000,3777.4000,3777.0000,3776.8000,3778.6000,3779.0000,3780.4000,3781.0000,3782.0000,1,1,2,4,1,1,1,1,1,1
SF,IF2007,2020-05-27 09:36:54.700,3778.4000,8020,0,266537700.000,0,-,-,-,-,3778.0000,3777.8000,3777.4000,3777.0000,3776.8000,3778.6000,3779.0000,3780.0000,3780.4000,3781.0000,1,1,2,4,1,1,1,1,1,1
SF,IF2007,2020-05-27 09:36:55.200,3778.4000,8020,0,266537700.000,0,-,-,-,-,3778.0000,3777.4000,3777.0000,3776.8000,3776.0000,3778.6000,3779.0000,3780.0000,3780.4000,3781.0000,1,1,4,1,6,1,1,1,1,1
SF,IF2007,2020-05-27 09:36:55.700,3778.0000,8020,0,267671100.000,1,0,1,多换,S,3777.4000,3777.0000,3776.8000,3776.0000,3775.8000,3778.6000,3779.0000,3780.0000,3780.4000,3781.0000,1,4,1,6,1,1,1,1,1,1
SF,IF2007,2020-05-27 09:36:56.200,3778.0000,8020,0,267671100.000,0,-,-,-,-,3777.6000,3777.4000,3777.0000,3776.8000,3776.0000,3779.0000,3780.0000,3780.4000,3781.0000,3782.0000,2,1,4,1,6,1,1,1,1,1
SF,IF2007,2020-05-27 09:36:56.700,3778.0000,8020,0,267671100.000,0,-,-,-,-,3777.8000,3777.6000,3777.0000,3776.8000,3776.0000,3779.0000,3780.0000,3780.4000,3781.0000,3782.0000,2,2,4,1,6,1,1,1,1,1
SF,IF2007,2020-05-27 09:36:57.200,3778.0000,8020,0,267671100.000,0,-,-,-,-,3778.0000,3777.8000,3777.6000,3777.0000,3776.8000,3779.0000,3780.0000,3780.4000,3781.0000,3782.0000,1,1,1,4,1,1,1,1,1,1
SF,IF2007,2020-05-27 09:36:58.200,3778.0000,8020,0,267671100.000,0,-,-,-,-,3778.0000,3777.8000,3777.6000,3777.0000,3776.8000,3779.6000,3780.0000,3781.0000,3782.0000,3782.2000,1,1,1,4,1,1,1,1,1,1
SF,IF2007,2020-05-27 09:36:58.700,3778.0000,8020,0,267671100.000,0,-,-,-,-,3778.0000,3777.8000,3777.6000,3777.0000,3776.8000,3779.4000,3779.6000,3780.0000,3781.0000,3782.0000,1,1,1,4,1,1,1,1,1,1
SF,IF2007,2020-05-27 09:36:59.200,3778.0000,8020,0,267671100.000,0,-,-,-,-,3778.0000,3777.8000,3777.0000,3776.8000,3776.0000,3779.2000,3779.4000,3779.6000,3780.0000,3781.0000,1,1,4,1,6,1,1,1,1,1
SF,IF2007,2020-05-27 09:36:59.700,3778.0000,8020,0,267671100.000,0,-,-,-,-,3778.0000,3777.8000,3777.0000,3776.8000,3776.0000,3779.0000,3779.2000,3779.6000,3780.0000,3781.0000,1,1,4,1,6,1,1,1,1,1
SF,IF2007,2020-05-27 09:37:00.200,3778.0000,8020,0,267671100.000,0,-,-,-,-,3778.2000,3778.0000,3777.0000,3776.8000,3776.0000,3779.2000,3779.6000,3780.0000,3781.0000,3782.0000,2,1,4,1,6,1,1,1,1,1
SF,IF2007,2020-05-27 09:37:00.700,3778.0000,8020,0,267671100.000,0,-,-,-,-,3778.4000,3778.2000,3777.0000,3776.8000,3776.0000,3779.6000,3780.0000,3781.0000,3782.0000,3782.2000,1,2,4,1,6,1,1,1,1,1
SF,IF2007,2020-05-27 09:37:01.200,3778.0000,8020,0,267671100.000,0,-,-,-,-,3778.4000,3778.2000,3777.0000,3776.8000,3776.0000,3779.4000,3779.6000,3780.0000,3781.0000,3782.0000,1,2,4,1,6,1,1,1,1,1
SF,IF2007,2020-05-27 09:37:03.200,3778.0000,8020,0,267671100.000,0,-,-,-,-,3778.4000,3778.2000,3777.0000,3776.8000,3776.0000,3779.2000,3779.4000,3779.6000,3780.0000,3781.0000,1,2,4,1,6,1,1,1,1,1
SF,IF2007,2020-05-27 09:37:03.700,3778.0000,8020,0,267671100.000,0,-,-,-,-,3778.2000,3777.0000,3776.8000,3776.0000,3775.8000,3779.2000,3779.4000,3779.6000,3780.0000,3781.0000,1,4,1,6,1,1,1,1,1,1
SF,IF2007,2020-05-27 09:37:04.700,3778.0000,8020,0,267671100.000,0,-,-,-,-,3778.4000,3778.2000,3777.0000,3776.8000,3776.0000,3779.4000,3779.6000,3780.0000,3781.0000,3782.0000,1,1,4,1,6,1,1,1,1,1
SF,IF2007,2020-05-27 09:37:05.200,3779.6000,8019,-1,269938800.000,2,0,2,多平,S,3778.6000,3778.4000,3777.0000,3776.8000,3776.0000,3780.0000,3781.0000,3782.0000,3782.2000,3782.4000,2,1,4,1,6,1,1,1,1,1
SF,IF2007,2020-05-27 09:37:05.700,3779.6000,8019,0,269938800.000,0,-,-,-,-,3778.8000,3778.6000,3778.4000,3777.0000,3776.8000,3780.0000,3781.0000,3782.0000,3782.2000,3782.4000,1,2,1,4,1,1,1,1,1,1
SF,IF2007,2020-05-27 09:37:06.200,3779.6000,8019,0,269938800.000,0,-,-,-,-,3779.0000,3778.8000,3778.6000,3778.4000,3777.0000,3780.0000,3781.0000,3782.0000,3782.2000,3782.4000,2,1,2,1,4,1,1,1,1,1
SF,IF2007,2020-05-27 09:37:07.200,3779.6000,8019,0,269938800.000,0,-,-,-,-,3779.0000,3778.8000,3778.6000,3777.0000,3776.8000,3779.2000,3780.0000,3780.4000,3781.0000,3782.0000,2,1,1,4,1,1,1,1,1,1
SF,IF2007,2020-05-27 09:37:07.700,3779.0000,8017,-2,272206200.000,2,0,2,双平,S,3778.8000,3778.6000,3777.0000,3776.8000,3776.0000,3780.0000,3780.4000,3781.0000,3782.0000,3782.2000,1,1,4,1,6,1,1,1,1,1
SF,IF2007,2020-05-27 09:37:08.200,3779.0000,8017,0,272206200.000,0,-,-,-,-,3778.6000,3777.0000,3776.8000,3776.0000,3775.8000,3779.8000,3780.0000,3780.4000,3781.0000,3782.0000,1,4,1,6,1,4,1,1,1,1
SF,IF2007,2020-05-27 09:37:09.200,3779.0000,8017,0,272206200.000,0,-,-,-,-,3778.8000,3778.6000,3777.0000,3776.8000,3776.0000,3779.6000,3779.8000,3780.0000,3780.4000,3781.0000,1,1,4,1,6,1,3,1,1,1
SF,IF2007,2020-05-27 09:37:09.700,3779.0000,8017,0,272206200.000,0,-,-,-,-,3778.8000,3778.6000,3777.0000,3776.0000,3775.8000,3779.8000,3780.0000,3780.4000,3781.0000,3782.0000,1,1,4,6,1,1,1,1,1,1
SF,IF2007,2020-05-27 09:37:11.200,3779.0000,8017,0,272206200.000,0,-,-,-,-,3778.6000,3777.0000,3776.0000,3775.8000,3775.0000,3779.8000,3780.0000,3780.4000,3781.0000,3782.0000,1,4,6,1,5,1,1,1,1,1
SF,IF2007,2020-05-27 09:37:11.700,3779.0000,8017,0,272206200.000,0,-,-,-,-,3778.6000,3777.0000,3776.0000,3775.8000,3775.0000,3779.8000,3780.0000,3780.4000,3781.0000,3782.0000,1,4,6,1,5,1,1,1,1,1
SF,IF2007,2020-05-27 09:37:12.200,3779.0000,8017,0,272206200.000,0,-,-,-,-,3777.0000,3776.0000,3775.8000,3775.0000,3770.2000,3779.6000,3779.8000,3780.0000,3780.4000,3781.0000,4,6,1,5,1,2,1,1,1,1
SF,IF2007,2020-05-27 09:37:12.700,3779.0000,8017,0,272206200.000,0,-,-,-,-,3777.6000,3777.2000,3777.0000,3776.0000,3775.8000,3779.2000,3779.4000,3779.6000,3780.0000,3781.0000,4,4,4,6,1,1,1,1,1,1
SF,IF2007,2020-05-27 09:37:13.200,3779.0000,8017,0,272206200.000,0,-,-,-,-,3777.8000,3777.6000,3777.2000,3777.0000,3776.0000,3778.8000,3779.0000,3779.4000,3779.6000,3779.8000,1,4,1,4,6,1,1,1,1,1
SF,IF2007,2020-05-27 09:37:13.700,3779.0000,8017,0,272206200.000,0,-,-,-,-,3777.6000,3777.2000,3777.0000,3776.0000,3775.8000,3778.8000,3779.0000,3779.4000,3779.6000,3779.8000,4,1,4,6,1,1,1,1,1,1
SF,IF2007,2020-05-27 09:37:14.200,3779.0000,8017,0,272206200.000,0,-,-,-,-,3777.8000,3777.6000,3777.2000,3777.0000,3776.0000,3778.8000,3779.0000,3779.4000,3779.6000,3779.8000,1,4,1,4,6,1,1,1,1,1
SF,IF2007,2020-05-27 09:37:14.700,3779.0000,8017,0,272206200.000,0,-,-,-,-,3778.0000,3777.8000,3777.6000,3777.2000,3777.0000,3778.8000,3779.0000,3779.4000,3779.6000,3779.8000,1,1,4,1,4,1,1,1,1,1
SF,IF2007,2020-05-27 09:37:17.200,3778.8000,8017,0,273339840.000,1,0,1,多换,S,3778.0000,3777.8000,3777.6000,3777.2000,3777.0000,3779.0000,3779.4000,3779.6000,3779.8000,3780.0000,1,1,4,1,4,1,1,1,1,1
SF,IF2007,2020-05-27 09:37:17.700,3778.8000,8017,0,273339840.000,0,-,-,-,-,3777.8000,3777.6000,3777.2000,3777.0000,3776.0000,3779.0000,3779.4000,3779.6000,3779.8000,3780.0000,1,4,1,4,6,1,1,1,1,1
SF,IF2007,2020-05-27 09:37:18.700,3778.8000,8017,0,273339840.000,0,-,-,-,-,3777.8000,3777.6000,3777.2000,3777.0000,3776.0000,3778.8000,3779.0000,3779.4000,3779.6000,3779.8000,1,4,1,4,6,2,1,1,1,1
SF,IF2007,2020-05-27 09:37:21.200,3778.8000,8017,0,274473480.000,1,0,1,多换,S,3777.8000,3777.0000,3776.0000,3775.8000,3775.0000,3778.8000,3779.0000,3779.4000,3779.6000,3779.8000,1,4,6,1,5,1,1,1,1,1
SF,IF2007,2020-05-27 09:37:22.200,3777.8000,8016,-1,275606820.000,1,0,1,双平,S,3777.0000,3776.0000,3775.8000,3775.0000,3770.2000,3778.4000,3778.6000,3778.8000,3779.0000,3780.0000,4,6,1,5,1,1,2,1,1,1
SF,IF2007,2020-05-27 09:37:22.700,3777.8000,8016,0,275606820.000,0,-,-,-,-,3777.2000,3777.0000,3776.0000,3775.8000,3775.0000,3778.4000,3778.6000,3778.8000,3780.0000,3781.0000,1,4,6,1,5,2,2,1,1,1
SF,IF2007,2020-05-27 09:37:23.200,3777.8000,8016,0,275606820.000,0,-,-,-,-,3777.2000,3777.0000,3776.0000,3775.8000,3775.0000,3778.2000,3778.4000,3778.6000,3780.0000,3781.0000,1,4,6,1,5,2,2,2,1,1
SF,IF2007,2020-05-27 09:37:24.700,3777.8000,8016,0,275606820.000,0,-,-,-,-,3777.2000,3777.0000,3776.0000,3775.8000,3775.0000,3778.2000,3778.4000,3778.6000,3779.4000,3780.0000,1,4,6,1,5,2,1,2,1,1
SF,IF2007,2020-05-27 09:37:25.200,3777.8000,8016,0,275606820.000,0,-,-,-,-,3777.2000,3777.0000,3776.0000,3775.8000,3775.0000,3778.2000,3778.6000,3779.4000,3780.0000,3781.0000,1,4,6,1,5,2,2,1,1,1
SF,IF2007,2020-05-27 09:37:25.700,3777.8000,8016,0,275606820.000,0,-,-,-,-,3777.2000,3777.0000,3776.0000,3775.8000,3775.0000,3778.2000,3778.6000,3780.0000,3781.0000,3782.0000,1,4,6,1,5,3,2,1,1,1
SF,IF2007,2020-05-27 09:37:27.700,3777.8000,8016,0,275606820.000,0,-,-,-,-,3777.2000,3777.0000,3776.0000,3775.8000,3775.0000,3778.2000,3778.6000,3778.8000,3780.0000,3781.0000,1,4,6,1,5,2,2,1,1,1
SF,IF2007,2020-05-27 09:37:28.200,3777.8000,8016,0,275606820.000,0,-,-,-,-,3777.0000,3776.0000,3775.8000,3775.0000,3770.2000,3778.2000,3778.6000,3778.8000,3780.0000,3781.0000,4,6,1,5,1,2,2,1,1,1
SF,IF2007,2020-05-27 09:37:28.700,3777.8000,8016,0,275606820.000,0,-,-,-,-,3777.0000,3776.0000,3775.8000,3775.0000,3770.2000,3778.0000,3778.2000,3778.6000,3778.8000,3780.0000,4,6,1,5,1,4,1,1,1,1
SF,IF2007,2020-05-27 09:37:29.200,3777.8000,8016,0,275606820.000,0,-,-,-,-,3777.0000,3776.0000,3775.8000,3775.0000,3770.2000,3777.8000,3778.0000,3778.6000,3778.8000,3780.0000,4,6,1,5,1,1,4,1,1,1
SF,IF2007,2020-05-27 09:37:29.700,3777.8000,8016,0,275606820.000,0,-,-,-,-,3777.0000,3776.0000,3775.8000,3775.0000,3770.2000,3777.6000,3777.8000,3778.0000,3778.6000,3778.8000,4,6,1,5,1,1,1,3,1,1
SF,IF2007,2020-05-27 09:37:30.200,3777.8000,8016,0,275606820.000,0,-,-,-,-,3777.0000,3776.0000,3775.8000,3775.0000,3770.2000,3777.8000,3778.0000,3778.6000,3778.8000,3780.0000,4,6,1,5,1,1,1,1,1,1
SF,IF2007,2020-05-27 09:37:30.700,3777.8000,8016,0,275606820.000,0,-,-,-,-,3777.0000,3776.0000,3775.8000,3775.0000,3770.2000,3778.6000,3778.8000,3780.0000,3781.0000,3782.0000,4,6,1,5,1,1,1,1,1,1
SF,IF2007,2020-05-27 09:37:31.200,3777.8000,8016,0,275606820.000,0,-,-,-,-,3777.0000,3776.0000,3775.8000,3775.0000,3770.2000,3778.2000,3778.4000,3778.6000,3778.8000,3780.0000,4,6,1,5,1,1,2,1,1,1
SF,IF2007,2020-05-27 09:37:31.700,3777.8000,8016,0,275606820.000,0,-,-,-,-,3777.0000,3776.0000,3775.8000,3775.0000,3770.2000,3778.0000,3778.2000,3778.6000,3778.8000,3780.0000,4,6,1,5,1,2,1,1,1,1
SF,IF2007,2020-05-27 09:37:32.200,3777.8000,8016,0,275606820.000,0,-,-,-,-,3777.0000,3776.0000,3775.8000,3775.0000,3770.2000,3777.8000,3778.0000,3778.2000,3778.6000,3778.8000,4,6,1,5,1,1,2,1,1,1
SF,IF2007,2020-05-27 09:37:33.200,3777.8000,8016,0,275606820.000,0,-,-,-,-,3777.0000,3776.0000,3775.8000,3775.0000,3770.2000,3777.8000,3778.0000,3778.2000,3778.6000,3778.8000,4,6,1,5,1,1,1,1,1,1
SF,IF2007,2020-05-27 09:37:33.700,3777.8000,8015,-1,276740160.000,1,0,1,双平,S,3777.2000,3777.0000,3776.0000,3775.8000,3775.0000,3778.6000,3778.8000,3780.0000,3781.0000,3782.0000,1,4,6,1,5,1,1,1,1,1
SF,IF2007,2020-05-27 09:37:34.200,3777.8000,8015,0,276740160.000,0,-,-,-,-,3777.2000,3777.0000,3776.0000,3775.8000,3775.0000,3778.4000,3778.8000,3780.0000,3781.0000,3782.0000,1,4,6,1,5,1,1,1,1,1
SF,IF2007,2020-05-27 09:37:34.700,3777.2000,8015,0,277873320.000,1,0,1,多换,S,3777.0000,3776.0000,3775.8000,3775.0000,3770.2000,3778.8000,3780.0000,3781.0000,3782.0000,3782.2000,4,6,1,5,1,1,1,1,1,1
SF,IF2007,2020-05-27 09:37:35.200,3777.2000,8015,0,277873320.000,0,-,-,-,-,3777.2000,3777.0000,3776.0000,3775.8000,3775.0000,3778.8000,3780.0000,3781.0000,3782.0000,3782.2000,1,4,6,1,5,1,1,1,1,1
SF,IF2007,2020-05-27 09:37:35.700,3777.2000,8015,0,277873320.000,0,-,-,-,-,3777.2000,3777.0000,3776.0000,3775.8000,3775.0000,3778.4000,3778.8000,3780.0000,3781.0000,3782.0000,1,4,6,1,5,1,1,1,1,1
SF,IF2007,2020-05-27 09:37:37.700,3777.2000,8015,0,277873320.000,0,-,-,-,-,3777.4000,3777.2000,3777.0000,3776.0000,3775.8000,3778.8000,3780.0000,3781.0000,3782.0000,3782.2000,1,1,4,6,1,1,1,1,1,1
SF,IF2007,2020-05-27 09:37:38.700,3777.2000,8015,0,277873320.000,0,-,-,-,-,3777.6000,3777.4000,3777.0000,3776.0000,3775.8000,3778.8000,3780.0000,3781.0000,3782.0000,3782.2000,2,1,4,6,1,1,1,1,1,1
SF,IF2007,2020-05-27 09:37:39.200,3777.2000,8015,0,277873320.000,0,-,-,-,-,3777.8000,3777.6000,3777.4000,3777.0000,3776.0000,3778.8000,3780.0000,3781.0000,3782.0000,3782.2000,1,1,1,4,5,1,1,1,1,1
SF,IF2007,2020-05-27 09:37:40.200,3777.2000,8015,0,277873320.000,0,-,-,-,-,3777.8000,3777.6000,3777.0000,3776.0000,3775.8000,3779.4000,3780.0000,3781.0000,3782.0000,3782.2000,1,1,4,5,1,1,1,1,1,1
SF,IF2007,2020-05-27 09:37:41.700,3777.2000,8015,0,277873320.000,0,-,-,-,-,3777.8000,3777.6000,3777.0000,3776.0000,3775.8000,3779.2000,3779.4000,3780.0000,3781.0000,3782.0000,1,1,4,5,1,1,1,1,1,1
SF,IF2007,2020-05-27 09:37:42.700,3777.8000,8015,0,279006660.000,1,0,1,多换,S,3777.6000,3777.0000,3776.0000,3775.8000,3775.0000,3779.2000,3779.4000,3780.0000,3781.0000,3782.0000,1,4,5,1,5,1,1,1,1,1
SF,IF2007,2020-05-27 09:37:44.200,3777.8000,8015,0,279006660.000,0,-,-,-,-,3777.8000,3777.6000,3777.0000,3776.0000,3775.8000,3779.2000,3779.4000,3780.0000,3781.0000,3782.0000,1,1,4,5,1,1,1,1,1,1
SF,IF2007,2020-05-27 09:37:44.700,3777.8000,8015,0,279006660.000,0,-,-,-,-,3777.8000,3777.6000,3777.0000,3776.0000,3775.8000,3779.0000,3779.2000,3779.4000,3780.0000,3781.0000,1,1,4,5,1,1,1,1,1,1
SF,IF2007,2020-05-27 09:37:45.200,3777.8000,8015,0,279006660.000,0,-,-,-,-,3777.6000,3777.0000,3776.0000,3775.8000,3775.0000,3778.8000,3779.0000,3779.2000,3779.4000,3780.0000,1,4,5,1,5,1,1,1,1,1
SF,IF2007,2020-05-27 09:37:45.700,3777.8000,8015,0,279006660.000,0,-,-,-,-,3777.0000,3776.0000,3775.8000,3775.0000,3770.2000,3778.6000,3778.8000,3779.2000,3779.4000,3780.0000,4,5,1,5,1,1,1,1,1,1
SF,IF2007,2020-05-27 09:37:46.200,3777.8000,8015,0,279006660.000,0,-,-,-,-,3777.4000,3777.0000,3776.0000,3775.8000,3775.0000,3778.6000,3779.2000,3779.4000,3780.0000,3781.0000,1,4,5,1,5,1,1,1,1,1
SF,IF2007,2020-05-27 09:37:46.700,3777.8000,8015,0,279006660.000,0,-,-,-,-,3777.4000,3777.0000,3776.0000,3775.8000,3775.0000,3779.2000,3779.4000,3780.0000,3781.0000,3782.0000,1,4,5,1,5,1,1,1,1,1
SF,IF2007,2020-05-27 09:37:47.200,3777.8000,8015,0,279006660.000,0,-,-,-,-,3777.6000,3777.4000,3777.0000,3776.0000,3775.8000,3779.2000,3779.4000,3780.0000,3781.0000,3782.0000,2,1,4,5,1,1,1,1,1,1
SF,IF2007,2020-05-27 09:37:47.700,3777.8000,8015,0,279006660.000,0,-,-,-,-,3777.8000,3777.6000,3777.4000,3777.0000,3776.0000,3779.2000,3779.4000,3780.0000,3781.0000,3782.0000,1,2,1,4,5,1,1,1,1,1
SF,IF2007,2020-05-27 09:37:48.200,3777.8000,8015,0,279006660.000,0,-,-,-,-,3777.8000,3777.6000,3777.4000,3777.0000,3776.0000,3779.2000,3779.4000,3780.0000,3781.0000,3782.0000,1,2,1,4,5,1,1,1,1,1
SF,IF2007,2020-05-27 09:37:49.200,3777.8000,8015,0,279006660.000,0,-,-,-,-,3778.0000,3777.8000,3777.6000,3777.4000,3777.0000,3779.2000,3779.4000,3780.0000,3781.0000,3782.0000,1,1,2,1,4,1,1,1,1,1
SF,IF2007,2020-05-27 09:37:49.700,3777.8000,8015,0,279006660.000,0,-,-,-,-,3778.0000,3777.8000,3777.6000,3777.0000,3776.0000,3779.2000,3779.4000,3780.0000,3781.0000,3782.0000,1,1,2,4,5,1,1,1,1,1
SF,IF2007,2020-05-27 09:37:50.200,3777.8000,8015,0,279006660.000,0,-,-,-,-,3778.2000,3778.0000,3777.8000,3777.6000,3777.0000,3779.2000,3779.4000,3780.0000,3781.0000,3782.0000,2,1,1,1,4,1,1,1,1,1
SF,IF2007,2020-05-27 09:37:50.700,3778.2000,8014,-1,280140120.000,1,0,1,双平,S,3778.2000,3778.0000,3777.8000,3777.6000,3777.0000,3779.2000,3779.4000,3780.0000,3781.0000,3782.0000,1,1,1,1,4,1,1,1,1,1
SF,IF2007,2020-05-27 09:37:51.200,3778.2000,8014,0,280140120.000,0,-,-,-,-,3778.2000,3778.0000,3777.8000,3777.6000,3777.0000,3779.2000,3780.0000,3781.0000,3782.0000,3782.2000,1,1,1,1,4,1,2,1,1,1
SF,IF2007,2020-05-27 09:37:52.200,3778.2000,8014,0,280140120.000,0,-,-,-,-,3778.2000,3777.8000,3777.6000,3777.0000,3776.0000,3780.0000,3781.0000,3782.0000,3782.2000,3782.6000,1,1,1,4,5,2,1,1,1,1
SF,IF2007,2020-05-27 09:37:53.200,3778.2000,8014,0,280140120.000,0,-,-,-,-,3778.2000,3777.8000,3777.6000,3777.0000,3776.0000,3779.0000,3780.0000,3781.0000,3782.0000,3782.2000,1,1,1,4,5,1,2,1,1,1
SF,IF2007,2020-05-27 09:37:53.700,3779.0000,8013,-1,281273820.000,1,0,1,双平,S,3778.2000,3777.8000,3777.6000,3777.0000,3776.0000,3780.0000,3781.0000,3782.0000,3782.2000,3782.6000,1,1,1,4,5,2,1,1,1,1
SF,IF2007,2020-05-27 09:37:55.200,3779.0000,8013,0,281273820.000,0,-,-,-,-,3778.2000,3777.8000,3777.6000,3777.0000,3776.0000,3779.8000,3780.0000,3781.0000,3782.0000,3782.2000,1,1,1,4,5,1,2,1,1,1
SF,IF2007,2020-05-27 09:37:56.700,3779.0000,8013,0,281273820.000,0,-,-,-,-,3778.2000,3777.8000,3777.6000,3777.0000,3776.0000,3779.8000,3780.0000,3781.0000,3782.0000,3782.2000,1,1,1,4,5,2,2,1,1,1
SF,IF2007,2020-05-27 09:37:57.200,3779.0000,8013,0,281273820.000,0,-,-,-,-,3778.2000,3777.8000,3777.6000,3777.0000,3776.0000,3779.6000,3779.8000,3780.0000,3781.0000,3782.0000,1,1,1,4,5,1,2,2,1,1
SF,IF2007,2020-05-27 09:37:57.700,3779.0000,8013,0,281273820.000,0,-,-,-,-,3778.2000,3777.8000,3777.6000,3777.0000,3776.0000,3779.8000,3780.0000,3781.0000,3782.0000,3782.2000,1,1,1,4,5,2,2,1,1,1
SF,IF2007,2020-05-27 09:37:58.200,3779.0000,8013,0,281273820.000,0,-,-,-,-,3778.4000,3778.2000,3777.8000,3777.6000,3777.0000,3779.8000,3780.0000,3781.0000,3782.0000,3782.2000,1,2,1,1,4,2,2,1,1,1
SF,IF2007,2020-05-27 09:37:58.700,3779.0000,8013,0,281273820.000,0,-,-,-,-,3778.6000,3778.4000,3778.2000,3777.8000,3777.6000,3779.8000,3780.0000,3781.0000,3782.0000,3782.2000,1,1,1,1,1,1,2,1,1,1
SF,IF2007,2020-05-27 09:37:59.700,3779.0000,8013,0,281273820.000,0,-,-,-,-,3778.6000,3778.4000,3778.2000,3777.8000,3777.6000,3779.8000,3780.0000,3781.0000,3782.0000,3782.2000,1,2,1,1,1,1,2,1,1,1
SF,IF2007,2020-05-27 09:38:00.200,3779.0000,8013,0,281273820.000,0,-,-,-,-,3778.6000,3778.4000,3778.2000,3777.8000,3777.6000,3779.8000,3780.0000,3781.0000,3782.0000,3782.2000,1,1,1,1,1,1,2,1,1,1
SF,IF2007,2020-05-27 09:38:02.700,3779.0000,8013,0,281273820.000,0,-,-,-,-,3778.6000,3778.4000,3778.2000,3777.8000,3777.6000,3779.8000,3780.0000,3781.0000,3782.0000,3782.2000,1,1,1,1,1,1,2,1,1,1
SF,IF2007,2020-05-27 09:38:04.700,3779.8000,8012,-1,282407760.000,1,0,1,双平,S,3778.8000,3778.6000,3778.4000,3778.2000,3777.8000,3780.0000,3781.0000,3782.0000,3782.2000,3782.6000,1,1,1,1,1,2,1,1,1,1
SF,IF2007,2020-05-27 09:38:05.200,3779.8000,8012,0,282407760.000,0,-,-,-,-,3778.8000,3778.6000,3778.4000,3778.2000,3777.8000,3780.0000,3781.0000,3782.0000,3782.2000,3782.6000,1,1,1,1,1,2,1,1,1,1
SF,IF2007,2020-05-27 09:38:06.200,3779.8000,8012,0,282407760.000,0,-,-,-,-,3778.8000,3778.6000,3778.4000,3777.8000,3777.6000,3779.8000,3780.0000,3781.0000,3782.0000,3782.2000,1,1,1,1,1,2,2,1,1,1
SF,IF2007,2020-05-27 09:38:06.700,3778.8000,8012,0,283541400.000,1,0,1,多换,S,3778.6000,3778.4000,3777.8000,3777.6000,3777.0000,3779.8000,3780.0000,3781.0000,3782.0000,3782.2000,1,1,1,1,4,2,2,1,1,1
SF,IF2007,2020-05-27 09:38:07.200,3778.8000,8012,0,283541400.000,0,-,-,-,-,3778.6000,3777.8000,3777.6000,3777.0000,3776.0000,3779.6000,3780.0000,3781.0000,3782.0000,3782.2000,1,1,1,4,5,2,2,1,1,1
SF,IF2007,2020-05-27 09:38:10.700,3778.8000,8012,0,283541400.000,0,-,-,-,-,3778.6000,3777.8000,3777.6000,3777.0000,3776.0000,3779.2000,3779.6000,3780.0000,3781.0000,3782.0000,1,1,1,4,5,1,2,2,1,1
SF,IF2007,2020-05-27 09:38:11.200,3778.6000,8011,-1,284674980.000,1,0,1,双平,S,3777.8000,3777.6000,3777.0000,3776.0000,3775.8000,3779.2000,3779.6000,3780.0000,3781.0000,3782.0000,1,1,4,5,1,1,2,2,1,1
SF,IF2007,2020-05-27 09:38:11.700,3778.6000,8011,0,284674980.000,0,-,-,-,-,3777.6000,3777.0000,3776.0000,3775.8000,3775.0000,3779.2000,3779.6000,3780.0000,3781.0000,3782.0000,1,4,5,1,5,1,2,2,1,1
SF,IF2007,2020-05-27 09:38:12.200,3778.6000,8011,0,284674980.000,0,-,-,-,-,3777.6000,3777.0000,3776.0000,3775.8000,3775.0000,3779.2000,3780.0000,3781.0000,3782.0000,3782.2000,1,4,5,1,5,1,2,1,1,1
SF,IF2007,2020-05-27 09:38:13.200,3778.6000,8011,0,284674980.000,0,-,-,-,-,3778.0000,3777.8000,3777.6000,3777.0000,3776.0000,3779.2000,3780.0000,3781.0000,3782.0000,3782.2000,4,1,1,4,5,1,2,1,1,1
SF,IF2007,2020-05-27 09:38:14.200,3779.0000,8010,-1,285808680.000,1,0,1,双平,S,3778.0000,3777.8000,3777.0000,3776.0000,3775.8000,3780.0000,3781.0000,3782.0000,3782.2000,3782.6000,4,1,4,5,1,2,1,1,1,1
SF,IF2007,2020-05-27 09:38:14.700,3779.0000,8010,0,285808680.000,0,-,-,-,-,3778.0000,3777.8000,3777.0000,3776.0000,3775.8000,3779.8000,3780.0000,3781.0000,3782.0000,3782.2000,4,1,4,5,1,1,2,1,1,1
SF,IF2007,2020-05-27 09:38:15.200,3779.0000,8010,0,285808680.000,0,-,-,-,-,3778.2000,3778.0000,3777.8000,3777.0000,3776.0000,3779.8000,3780.0000,3781.0000,3782.0000,3782.2000,2,4,1,4,5,1,2,1,1,1
SF,IF2007,2020-05-27 09:38:16.700,3779.0000,8010,0,285808680.000,0,-,-,-,-,3778.2000,3778.0000,3777.8000,3777.0000,3776.0000,3779.8000,3780.0000,3781.0000,3782.0000,3782.2000,1,4,1,4,5,1,2,1,1,1
SF,IF2007,2020-05-27 09:38:18.200,3779.0000,8010,0,285808680.000,0,-,-,-,-,3778.4000,3778.2000,3778.0000,3777.8000,3777.0000,3779.8000,3780.0000,3781.0000,3782.0000,3782.2000,1,1,4,1,4,1,2,1,1,1
SF,IF2007,2020-05-27 09:38:18.700,3779.0000,8010,0,285808680.000,0,-,-,-,-,3778.4000,3778.0000,3777.8000,3777.0000,3776.0000,3779.8000,3780.0000,3781.0000,3782.0000,3782.2000,1,4,1,4,5,1,3,1,1,1
SF,IF2007,2020-05-27 09:38:19.200,3779.0000,8010,0,285808680.000,0,-,-,-,-,3778.4000,3778.0000,3777.8000,3777.0000,3776.0000,3780.0000,3781.0000,3782.0000,3782.2000,3782.6000,1,4,1,4,5,3,1,1,1,1
SF,IF2007,2020-05-27 09:38:19.700,3779.0000,8010,0,285808680.000,0,-,-,-,-,3778.4000,3778.0000,3777.8000,3777.0000,3776.0000,3780.0000,3781.0000,3782.0000,3782.2000,3782.6000,1,4,1,4,5,3,1,1,1,1
SF,IF2007,2020-05-27 09:38:20.200,3779.0000,8010,0,285808680.000,0,-,-,-,-,3778.4000,3778.0000,3777.8000,3777.0000,3776.0000,3780.0000,3781.0000,3782.0000,3782.2000,3782.6000,1,4,1,4,5,3,1,1,1,1
SF,IF2007,2020-05-27 09:38:20.700,3779.0000,8010,0,285808680.000,0,-,-,-,-,3778.6000,3778.4000,3778.0000,3777.8000,3777.0000,3780.0000,3781.0000,3782.0000,3782.2000,3782.6000,1,1,4,1,4,3,1,1,1,1
SF,IF2007,2020-05-27 09:38:21.700,3779.0000,8010,0,285808680.000,0,-,-,-,-,3778.8000,3778.6000,3778.0000,3777.8000,3777.0000,3780.0000,3781.0000,3782.0000,3782.2000,3782.6000,1,1,4,1,4,3,1,1,1,1
SF,IF2007,2020-05-27 09:38:24.200,3780.0000,8010,0,286942680.000,1,0,1,多换,S,3778.8000,3778.6000,3778.0000,3777.8000,3777.0000,3780.0000,3781.0000,3782.0000,3782.2000,3782.6000,1,1,4,1,4,2,1,1,1,1
SF,IF2007,2020-05-27 09:38:24.700,3780.0000,8010,0,286942680.000,0,-,-,-,-,3779.0000,3778.8000,3778.6000,3778.0000,3777.8000,3780.0000,3781.0000,3782.0000,3782.2000,3782.6000,1,1,1,4,1,2,1,1,1,1
SF,IF2007,2020-05-27 09:38:25.700,3780.0000,8010,0,286942680.000,0,-,-,-,-,3779.0000,3778.6000,3778.0000,3777.8000,3777.0000,3780.0000,3781.0000,3782.0000,3782.2000,3782.6000,1,1,4,1,4,2,1,1,1,1
SF,IF2007,2020-05-27 09:38:26.700,3780.0000,8010,0,286942680.000,0,-,-,-,-,3779.0000,3778.6000,3778.0000,3777.8000,3777.0000,3780.0000,3780.6000,3781.0000,3782.0000,3782.2000,6,1,4,1,4,1,1,1,1,1
SF,IF2007,2020-05-27 09:38:27.200,3780.0000,8010,0,286942680.000,0,-,-,-,-,3779.0000,3778.0000,3777.8000,3777.0000,3776.0000,3780.0000,3780.6000,3781.0000,3782.0000,3782.2000,6,4,1,4,5,1,1,1,1,1
SF,IF2007,2020-05-27 09:38:27.700,3780.0000,8009,-1,288076680.000,1,0,1,双平,S,3779.0000,3778.0000,3777.8000,3777.0000,3776.0000,3780.6000,3781.0000,3782.0000,3782.2000,3782.6000,6,4,1,4,5,1,1,1,1,1
SF,IF2007,2020-05-27 09:38:28.700,3780.0000,8009,0,288076680.000,0,-,-,-,-,3779.2000,3779.0000,3778.0000,3777.8000,3777.0000,3780.6000,3781.0000,3782.0000,3782.2000,3782.6000,2,6,4,1,4,1,1,1,1,1
SF,IF2007,2020-05-27 09:38:29.200,3780.0000,8009,0,288076680.000,0,-,-,-,-,3779.2000,3779.0000,3778.0000,3777.8000,3777.0000,3780.6000,3781.0000,3782.0000,3782.2000,3782.6000,2,6,4,1,4,1,1,1,1,1
SF,IF2007,2020-05-27 09:38:30.200,3780.0000,8009,0,288076680.000,0,-,-,-,-,3779.2000,3779.0000,3778.0000,3777.8000,3777.0000,3780.6000,3781.0000,3782.0000,3782.2000,3782.6000,1,6,4,1,4,1,1,1,1,1
SF,IF2007,2020-05-27 09:38:30.700,3780.0000,8009,0,288076680.000,0,-,-,-,-,3779.2000,3779.0000,3778.0000,3777.8000,3777.0000,3780.6000,3781.0000,3782.0000,3782.2000,3782.6000,1,6,9,1,4,1,1,1,1,1
SF,IF2007,2020-05-27 09:38:33.700,3780.0000,8009,0,288076680.000,0,-,-,-,-,3779.2000,3779.0000,3778.0000,3777.8000,3777.0000,3780.4000,3780.6000,3781.0000,3782.0000,3782.2000,1,6,9,1,4,1,1,1,1,1
SF,IF2007,2020-05-27 09:38:34.200,3780.0000,8009,0,288076680.000,0,-,-,-,-,3779.2000,3779.0000,3778.0000,3777.8000,3777.0000,3780.6000,3781.0000,3782.0000,3782.2000,3782.6000,1,5,9,1,4,1,1,1,1,1
SF,IF2007,2020-05-27 09:38:34.700,3780.0000,8009,0,288076680.000,0,-,-,-,-,3779.2000,3779.0000,3778.0000,3777.8000,3777.0000,3780.6000,3781.0000,3782.0000,3782.2000,3782.6000,1,5,9,1,4,1,1,1,1,1
SF,IF2007,2020-05-27 09:38:35.200,3780.0000,8009,0,288076680.000,0,-,-,-,-,3779.2000,3779.0000,3778.0000,3777.8000,3777.0000,3780.4000,3780.6000,3781.0000,3782.0000,3782.2000,1,5,9,1,4,1,1,1,1,1
SF,IF2007,2020-05-27 09:38:35.700,3780.0000,8009,0,288076680.000,0,-,-,-,-,3779.2000,3779.0000,3778.0000,3777.8000,3777.0000,3780.2000,3780.4000,3780.6000,3781.0000,3782.0000,1,5,9,1,4,1,1,1,1,1
SF,IF2007,2020-05-27 09:38:36.200,3780.0000,8009,0,288076680.000,0,-,-,-,-,3779.0000,3778.0000,3777.8000,3777.0000,3776.0000,3780.2000,3780.6000,3781.0000,3782.0000,3782.2000,5,9,1,4,5,2,1,1,1,1
SF,IF2007,2020-05-27 09:38:37.200,3780.0000,8009,0,288076680.000,0,-,-,-,-,3780.0000,3779.0000,3778.0000,3777.8000,3777.0000,3780.2000,3780.6000,3781.0000,3782.0000,3782.2000,5,5,9,1,4,2,1,1,1,1
SF,IF2007,2020-05-27 09:38:37.700,3780.0000,8009,0,293746680.000,5,2,3,多换,S,3779.0000,3778.0000,3777.8000,3777.0000,3776.0000,3779.8000,3780.2000,3780.6000,3781.0000,3782.0000,5,9,1,4,5,1,1,1,1,1
SF,IF2007,2020-05-27 09:38:38.200,3780.0000,8009,0,293746680.000,0,-,-,-,-,3779.2000,3779.0000,3778.0000,3777.8000,3777.0000,3780.6000,3781.0000,3782.0000,3782.2000,3782.6000,1,5,9,1,4,1,1,1,1,1
SF,IF2007,2020-05-27 09:38:38.700,3779.2000,8009,0,294880440.000,1,0,1,多换,S,3779.0000,3778.0000,3777.8000,3777.0000,3776.0000,3780.6000,3781.0000,3782.0000,3782.2000,3782.6000,5,9,1,4,5,1,1,1,1,1
SF,IF2007,2020-05-27 09:38:39.200,3779.2000,8009,0,294880440.000,0,-,-,-,-,3779.0000,3778.0000,3777.8000,3777.0000,3776.0000,3780.4000,3780.6000,3781.0000,3782.0000,3782.2000,5,9,1,4,5,4,1,1,1,1
SF,IF2007,2020-05-27 09:38:39.700,3779.2000,8009,0,294880440.000,0,-,-,-,-,3780.0000,3779.2000,3779.0000,3778.0000,3777.8000,3780.4000,3780.6000,3781.0000,3782.0000,3782.2000,5,1,5,9,1,4,1,1,1,1
SF,IF2007,2020-05-27 09:38:40.200,3780.0000,8009,0,300550440.000,5,2,3,多换,S,3779.2000,3779.0000,3778.0000,3777.8000,3777.0000,3780.4000,3780.6000,3781.0000,3782.0000,3782.2000,1,5,9,1,4,4,1,1,1,1
SF,IF2007,2020-05-27 09:38:40.700,3780.0000,8009,0,300550440.000,0,-,-,-,-,3779.2000,3779.0000,3778.0000,3777.8000,3777.0000,3780.4000,3780.6000,3781.0000,3782.0000,3782.2000,1,5,9,1,4,1,1,1,1,1
SF,IF2007,2020-05-27 09:38:41.700,3780.0000,8009,0,300550440.000,0,-,-,-,-,3780.0000,3779.2000,3779.0000,3778.0000,3777.8000,3780.4000,3780.6000,3781.0000,3782.0000,3782.2000,5,1,5,9,1,1,1,1,1,1
SF,IF2007,2020-05-27 09:38:42.200,3780.0000,8009,0,306220440.000,5,2,3,多换,S,3779.2000,3779.0000,3778.0000,3777.8000,3777.0000,3779.8000,3780.2000,3780.4000,3780.6000,3781.0000,1,5,9,1,4,1,3,1,1,1
SF,IF2007,2020-05-27 09:38:42.700,3780.0000,8009,0,306220440.000,0,-,-,-,-,3779.2000,3779.0000,3778.0000,3777.8000,3777.0000,3780.2000,3780.4000,3780.6000,3781.0000,3782.0000,1,5,9,1,4,3,1,1,1,1
SF,IF2007,2020-05-27 09:38:43.200,3779.2000,8009,0,307354200.000,1,0,1,多换,S,3779.0000,3778.0000,3777.8000,3777.0000,3776.0000,3780.4000,3780.6000,3781.0000,3782.0000,3782.2000,5,9,1,4,5,1,1,1,1,1
SF,IF2007,2020-05-27 09:38:44.200,3779.2000,8009,0,307354200.000,0,-,-,-,-,3779.0000,3778.0000,3777.8000,3777.0000,3776.0000,3780.2000,3780.6000,3781.0000,3782.0000,3782.2000,5,9,1,4,5,1,1,1,1,1
SF,IF2007,2020-05-27 09:38:44.700,3780.2000,8008,-1,308488260.000,1,0,1,双平,S,3779.0000,3778.0000,3777.8000,3777.0000,3776.0000,3780.6000,3781.0000,3782.0000,3782.2000,3782.6000,5,9,1,4,5,1,1,1,1,1
SF,IF2007,2020-05-27 09:38:45.200,3780.2000,8008,0,308488260.000,0,-,-,-,-,3779.4000,3779.0000,3778.0000,3777.8000,3777.0000,3780.6000,3781.0000,3782.0000,3782.2000,3782.6000,1,5,9,1,4,1,1,1,1,1
SF,IF2007,2020-05-27 09:38:46.700,3780.2000,8008,0,308488260.000,0,-,-,-,-,3780.0000,3779.4000,3779.0000,3778.0000,3777.8000,3780.6000,3781.0000,3782.0000,3782.2000,3782.6000,5,1,5,9,1,1,1,1,1,1
SF,IF2007,2020-05-27 09:38:47.200,3780.0000,8008,0,309622260.000,1,0,1,多换,S,3780.0000,3779.0000,3778.0000,3777.8000,3777.0000,3780.6000,3781.0000,3782.0000,3782.2000,3782.6000,4,5,9,1,4,1,1,1,1,1
SF,IF2007,2020-05-27 09:38:49.700,3780.6000,8008,0,310756440.000,1,0,1,多换,S,3780.0000,3779.0000,3778.0000,3777.8000,3777.0000,3781.0000,3782.0000,3782.2000,3782.6000,3784.6000,4,5,9,1,4,1,1,1,1,1
SF,IF2007,2020-05-27 09:38:50.200,3780.6000,8008,0,310756440.000,0,-,-,-,-,3780.0000,3779.0000,3778.0000,3777.8000,3777.0000,3781.0000,3782.0000,3782.2000,3782.6000,3784.6000,4,5,9,1,4,2,1,1,1,1
SF,IF2007,2020-05-27 09:38:50.700,3780.6000,8008,0,310756440.000,0,-,-,-,-,3780.0000,3779.0000,3778.0000,3777.8000,3777.0000,3781.0000,3782.0000,3782.2000,3782.6000,3784.6000,4,5,9,1,4,2,1,1,1,1
SF,IF2007,2020-05-27 09:38:51.700,3780.6000,8008,0,310756440.000,0,-,-,-,-,3780.0000,3779.0000,3778.0000,3777.8000,3777.0000,3780.8000,3781.0000,3782.0000,3782.2000,3782.6000,4,5,9,1,4,1,3,1,1,1
SF,IF2007,2020-05-27 09:38:52.700,3780.6000,8008,0,310756440.000,0,-,-,-,-,3780.0000,3779.0000,3778.0000,3777.8000,3777.0000,3780.6000,3780.8000,3781.0000,3782.0000,3782.2000,4,5,9,1,4,2,1,3,1,1
SF,IF2007,2020-05-27 09:38:53.700,3780.6000,8008,0,310756440.000,0,-,-,-,-,3780.0000,3779.0000,3778.0000,3777.8000,3777.0000,3780.6000,3780.8000,3781.0000,3782.0000,3782.2000,4,5,9,1,4,2,1,2,1,1
SF,IF2007,2020-05-27 09:38:54.200,3780.0000,8009,1,313024440.000,2,1,1,空开,S,3780.0000,3779.0000,3778.0000,3777.8000,3777.0000,3780.6000,3780.8000,3781.0000,3782.0000,3782.2000,2,5,9,1,4,2,1,2,1,1
SF,IF2007,2020-05-27 09:38:54.700,3780.0000,8009,0,315292440.000,2,1,1,多换,S,3779.0000,3778.0000,3777.8000,3777.0000,3776.0000,3779.8000,3780.6000,3780.8000,3781.0000,3782.0000,5,9,1,4,5,1,2,1,2,1
SF,IF2007,2020-05-27 09:38:55.200,3780.0000,8009,0,315292440.000,0,-,-,-,-,3779.0000,3778.0000,3777.8000,3777.0000,3776.0000,3780.6000,3780.8000,3781.0000,3782.0000,3782.2000,5,9,1,4,5,2,1,2,1,1
SF,IF2007,2020-05-27 09:38:55.700,3779.0000,8010,1,316426140.000,1,1,0,双开,S,3779.0000,3778.0000,3777.8000,3777.0000,3776.0000,3779.8000,3780.2000,3780.4000,3780.6000,3781.0000,4,9,1,4,5,1,1,3,2,1
SF,IF2007,2020-05-27 09:38:56.200,3779.0000,8011,1,318693540.000,2,1,1,空开,S,3779.0000,3778.0000,3777.8000,3777.0000,3776.0000,3779.6000,3779.8000,3780.4000,3780.6000,3781.0000,2,9,1,4,5,1,1,2,2,1
SF,IF2007,2020-05-27 09:38:56.700,3779.0000,8011,0,318693540.000,0,-,-,-,-,3779.0000,3778.0000,3777.8000,3777.0000,3776.0000,3779.8000,3780.2000,3780.4000,3780.6000,3781.0000,2,9,1,4,5,1,1,2,2,1
SF,IF2007,2020-05-27 09:38:57.200,3779.0000,8011,0,318693540.000,0,-,-,-,-,3779.0000,3778.0000,3777.8000,3777.0000,3776.0000,3779.8000,3780.2000,3780.4000,3780.6000,3781.0000,2,9,1,4,5,1,1,2,2,1
SF,IF2007,2020-05-27 09:38:57.700,3779.0000,8011,0,319827240.000,1,0,1,多换,S,3779.0000,3778.0000,3777.8000,3777.0000,3776.0000,3779.6000,3779.8000,3780.2000,3780.4000,3780.6000,1,9,1,4,5,1,1,1,2,2
SF,IF2007,2020-05-27 09:38:58.200,3779.0000,8011,0,320960940.000,1,0,1,多换,S,3778.0000,3777.8000,3777.0000,3776.0000,3775.8000,3778.8000,3779.4000,3779.6000,3779.8000,3780.2000,9,1,4,5,1,1,1,1,1,1
SF,IF2007,2020-05-27 09:38:58.700,3778.8000,8010,-1,322094580.000,1,0,1,双平,S,3778.0000,3777.0000,3776.0000,3775.8000,3775.0000,3779.4000,3779.6000,3779.8000,3780.2000,3780.4000,5,4,5,1,5,1,1,1,1,2
SF,IF2007,2020-05-27 09:38:59.200,3778.0000,8011,1,323227980.000,1,1,0,双开,S,3778.0000,3777.0000,3776.0000,3775.8000,3775.0000,3779.2000,3779.4000,3779.8000,3780.2000,3780.4000,4,4,5,1,5,3,1,1,1,1
SF,IF2007,2020-05-27 09:39:00.200,3778.0000,8011,0,323227980.000,0,-,-,-,-,3778.0000,3777.0000,3776.0000,3775.8000,3775.0000,3779.2000,3779.4000,3779.8000,3780.2000,3780.4000,4,4,5,1,5,1,1,1,1,1
SF,IF2007,2020-05-27 09:39:00.700,3778.0000,8011,0,323227980.000,0,-,-,-,-,3778.2000,3778.0000,3777.0000,3776.0000,3775.8000,3779.8000,3780.2000,3780.4000,3781.0000,3782.0000,1,4,4,5,1,1,1,1,1,1
SF,IF2007,2020-05-27 09:39:01.200,3778.0000,8011,0,323227980.000,0,-,-,-,-,3778.6000,3778.0000,3777.0000,3776.0000,3775.8000,3779.6000,3779.8000,3780.2000,3780.4000,3781.0000,1,4,4,5,1,1,1,1,1,1
SF,IF2007,2020-05-27 09:39:02.700,3778.0000,8011,0,323227980.000,0,-,-,-,-,3778.0000,3777.0000,3776.0000,3775.8000,3775.0000,3779.4000,3779.6000,3779.8000,3780.2000,3780.4000,4,4,5,1,5,1,1,1,1,1
SF,IF2007,2020-05-27 09:39:03.200,3778.0000,8011,0,323227980.000,0,-,-,-,-,3778.0000,3777.0000,3776.0000,3775.8000,3775.0000,3779.2000,3779.4000,3779.8000,3780.2000,3780.4000,4,4,5,1,5,1,1,1,1,1
SF,IF2007,2020-05-27 09:39:03.700,3778.0000,8011,0,323227980.000,0,-,-,-,-,3778.0000,3777.0000,3776.0000,3775.8000,3775.0000,3779.0000,3779.2000,3779.4000,3779.8000,3780.2000,4,4,5,1,5,1,1,1,1,1
SF,IF2007,2020-05-27 09:39:04.200,3778.0000,8011,0,323227980.000,0,-,-,-,-,3778.0000,3777.0000,3776.0000,3775.8000,3775.0000,3778.8000,3779.0000,3779.4000,3779.8000,3780.2000,4,4,5,1,5,1,1,1,1,1
SF,IF2007,2020-05-27 09:39:04.700,3778.0000,8012,1,324361380.000,1,1,0,双开,S,3778.0000,3777.0000,3776.0000,3775.8000,3775.0000,3778.4000,3778.6000,3778.8000,3779.4000,3780.2000,3,4,5,1,5,1,2,1,1,1
SF,IF2007,2020-05-27 09:39:05.200,3778.0000,8012,0,324361380.000,0,-,-,-,-,3778.0000,3777.0000,3776.0000,3775.8000,3775.0000,3778.6000,3778.8000,3779.0000,3779.4000,3780.2000,3,4,5,1,5,2,1,1,1,1
SF,IF2007,2020-05-27 09:39:05.700,3778.0000,8012,0,324361380.000,0,-,-,-,-,3778.0000,3777.0000,3776.0000,3775.8000,3775.0000,3778.6000,3778.8000,3779.0000,3780.2000,3780.4000,3,4,5,1,5,2,1,1,1,1
SF,IF2007,2020-05-27 09:39:06.200,3778.0000,8012,0,324361380.000,0,-,-,-,-,3778.0000,3777.0000,3776.0000,3775.8000,3775.0000,3778.6000,3778.8000,3779.0000,3780.2000,3780.4000,3,4,5,1,5,2,1,1,1,1
SF,IF2007,2020-05-27 09:39:06.700,3778.0000,8012,0,324361380.000,0,-,-,-,-,3778.0000,3777.0000,3776.0000,3775.8000,3775.0000,3778.6000,3779.0000,3780.2000,3780.4000,3781.0000,3,4,5,1,5,2,1,1,1,1
SF,IF2007,2020-05-27 09:39:08.700,3778.0000,8012,0,327761580.000,3,1,2,多换,S,3777.0000,3776.0000,3775.8000,3775.0000,3770.2000,3777.8000,3778.0000,3778.4000,3778.6000,3779.0000,4,5,1,5,1,1,3,3,2,1
SF,IF2007,2020-05-27 09:39:09.200,3777.8000,8012,0,328894920.000,1,0,1,多换,S,3777.0000,3776.0000,3775.8000,3775.0000,3770.2000,3777.8000,3778.0000,3778.4000,3778.6000,3780.2000,4,5,1,5,1,1,3,2,2,1
SF,IF2007,2020-05-27 09:39:09.700,3777.8000,8012,0,328894920.000,0,-,-,-,-,3777.0000,3776.0000,3775.8000,3775.0000,3770.2000,3778.4000,3778.6000,3778.8000,3780.2000,3780.4000,4,5,1,5,1,2,2,1,1,1
SF,IF2007,2020-05-27 09:39:10.200,3777.0000,8013,1,330028020.000,1,1,0,双开,S,3777.0000,3776.0000,3775.8000,3775.0000,3770.2000,3778.4000,3778.6000,3778.8000,3780.2000,3780.4000,3,5,1,5,1,1,2,1,1,1
SF,IF2007,2020-05-27 09:39:10.700,3777.0000,8013,0,330028020.000,0,-,-,-,-,3777.0000,3776.0000,3775.8000,3775.0000,3770.2000,3778.2000,3778.4000,3778.6000,3778.8000,3780.2000,3,5,1,5,1,1,1,2,1,1
SF,IF2007,2020-05-27 09:39:11.200,3777.0000,8013,0,330028020.000,0,-,-,-,-,3777.0000,3776.0000,3775.8000,3775.0000,3770.2000,3778.0000,3778.4000,3778.6000,3778.8000,3780.2000,3,5,1,5,1,1,1,2,1,1
SF,IF2007,2020-05-27 09:39:11.700,3777.0000,8013,0,330028020.000,0,-,-,-,-,3777.0000,3776.0000,3775.8000,3775.0000,3770.2000,3778.0000,3778.4000,3778.8000,3780.2000,3780.4000,3,5,1,5,1,1,1,1,1,1
SF,IF2007,2020-05-27 09:39:13.700,3778.0000,8014,1,331161420.000,1,1,0,双开,S,3777.0000,3776.0000,3775.8000,3775.0000,3770.2000,3778.4000,3778.8000,3780.2000,3780.4000,3781.0000,3,5,1,5,1,1,1,1,1,1
SF,IF2007,2020-05-27 09:39:14.700,3778.0000,8014,0,331161420.000,0,-,-,-,-,3777.0000,3776.0000,3775.8000,3775.0000,3770.2000,3778.2000,3778.4000,3778.8000,3780.2000,3780.4000,3,5,1,5,1,1,1,1,1,1
SF,IF2007,2020-05-27 09:39:15.200,3778.0000,8014,0,331161420.000,0,-,-,-,-,3777.2000,3777.0000,3776.0000,3775.8000,3775.0000,3778.2000,3778.4000,3778.8000,3780.2000,3780.4000,1,3,5,1,5,1,1,1,1,1
SF,IF2007,2020-05-27 09:39:16.200,3778.0000,8014,0,331161420.000,0,-,-,-,-,3777.2000,3777.0000,3776.0000,3775.8000,3775.0000,3778.4000,3778.8000,3780.2000,3780.4000,3781.0000,1,3,5,1,5,1,1,1,1,1
SF,IF2007,2020-05-27 09:39:16.700,3778.0000,8014,0,331161420.000,0,-,-,-,-,3777.4000,3777.2000,3777.0000,3776.0000,3775.8000,3778.8000,3780.2000,3780.4000,3781.0000,3782.0000,1,1,3,5,1,1,1,1,1,1
SF,IF2007,2020-05-27 09:39:17.700,3778.0000,8014,0,331161420.000,0,-,-,-,-,3777.4000,3777.2000,3777.0000,3776.0000,3775.8000,3778.6000,3778.8000,3780.2000,3780.4000,3781.0000,1,1,3,5,1,1,1,1,1,1
SF,IF2007,2020-05-27 09:39:18.700,3777.4000,8015,1,332294640.000,1,1,0,双开,S,3777.2000,3777.0000,3776.0000,3775.8000,3775.0000,3778.6000,3778.8000,3780.2000,3780.4000,3781.0000,1,3,5,1,5,1,1,1,1,1
SF,IF2007,2020-05-27 09:39:19.200,3777.4000,8015,0,332294640.000,0,-,-,-,-,3777.2000,3777.0000,3776.0000,3775.8000,3775.0000,3778.6000,3778.8000,3780.2000,3780.4000,3781.0000,1,4,5,1,5,1,1,1,1,1
SF,IF2007,2020-05-27 09:39:20.200,3777.4000,8015,0,332294640.000,0,-,-,-,-,3777.2000,3777.0000,3776.0000,3775.8000,3775.0000,3778.8000,3780.2000,3780.4000,3781.0000,3782.0000,1,4,5,1,5,1,1,1,1,1
SF,IF2007,2020-05-27 09:39:20.700,3777.4000,8016,1,333427860.000,1,1,0,双开,S,3777.2000,3777.0000,3776.0000,3775.8000,3775.0000,3778.4000,3778.8000,3780.2000,3780.4000,3781.0000,1,4,5,1,5,1,1,1,1,1
SF,IF2007,2020-05-27 09:39:21.200,3777.4000,8016,0,333427860.000,0,-,-,-,-,3777.2000,3777.0000,3776.0000,3775.8000,3775.0000,3778.8000,3780.2000,3780.4000,3781.0000,3782.0000,1,4,5,1,5,1,1,1,1,1
SF,IF2007,2020-05-27 09:39:21.700,3777.4000,8016,0,333427860.000,0,-,-,-,-,3777.4000,3777.2000,3777.0000,3776.0000,3775.8000,3778.8000,3780.2000,3780.4000,3781.0000,3782.0000,1,1,4,5,1,1,1,1,1,1
SF,IF2007,2020-05-27 09:39:22.700,3778.8000,8016,0,334561500.000,1,0,1,多换,S,3777.4000,3777.2000,3777.0000,3776.0000,3775.8000,3780.2000,3780.4000,3781.0000,3782.0000,3782.2000,1,1,4,5,1,1,1,1,1,1
SF,IF2007,2020-05-27 09:39:23.200,3778.8000,8016,0,334561500.000,0,-,-,-,-,3777.8000,3777.6000,3777.4000,3777.2000,3777.0000,3780.0000,3780.2000,3780.4000,3781.0000,3782.0000,4,4,1,1,4,3,2,1,1,1
SF,IF2007,2020-05-27 09:39:23.700,3778.8000,8016,0,334561500.000,0,-,-,-,-,3778.0000,3777.8000,3777.6000,3777.2000,3777.0000,3780.0000,3780.2000,3780.4000,3781.0000,3782.0000,2,4,3,1,4,2,1,1,1,1
SF,IF2007,2020-05-27 09:39:24.200,3778.0000,8017,1,336828300.000,2,1,1,空开,S,3777.8000,3777.6000,3777.2000,3777.0000,3776.0000,3779.8000,3780.0000,3780.4000,3781.0000,3782.0000,4,3,1,4,5,2,1,1,1,1
SF,IF2007,2020-05-27 09:39:26.200,3778.0000,8017,0,336828300.000,0,-,-,-,-,3778.0000,3777.8000,3777.6000,3777.2000,3777.0000,3779.8000,3780.0000,3780.4000,3781.0000,3782.0000,2,4,2,1,4,2,1,1,1,1
SF,IF2007,2020-05-27 09:39:27.200,3780.0000,8016,-1,340230180.000,3,1,2,多平,S,3778.2000,3778.0000,3777.8000,3777.6000,3777.2000,3780.4000,3781.0000,3782.0000,3782.2000,3782.8000,2,2,4,2,1,1,1,1,1,1
SF,IF2007,2020-05-27 09:39:27.700,3780.0000,8016,0,340230180.000,0,-,-,-,-,3778.2000,3778.0000,3777.8000,3777.6000,3777.2000,3781.0000,3782.0000,3782.2000,3782.8000,3784.6000,2,2,4,2,1,1,1,1,1,1
SF,IF2007,2020-05-27 09:39:28.200,3780.0000,8016,0,340230180.000,0,-,-,-,-,3778.4000,3778.2000,3778.0000,3777.8000,3777.6000,3780.8000,3781.0000,3782.0000,3782.2000,3782.8000,2,3,1,4,2,1,1,1,1,1
SF,IF2007,2020-05-27 09:39:28.700,3780.0000,8016,0,340230180.000,0,-,-,-,-,3778.6000,3778.4000,3778.2000,3778.0000,3777.8000,3780.8000,3781.0000,3782.0000,3782.2000,3782.8000,2,2,1,1,4,1,1,1,1,1
SF,IF2007,2020-05-27 09:39:29.200,3780.0000,8016,0,340230180.000,0,-,-,-,-,3778.8000,3778.6000,3778.4000,3778.2000,3778.0000,3781.0000,3782.0000,3782.2000,3782.8000,3784.6000,1,2,2,1,1,1,1,1,1,1
SF,IF2007,2020-05-27 09:39:29.700,3780.0000,8016,0,340230180.000,0,-,-,-,-,3779.0000,3778.8000,3778.4000,3778.2000,3778.0000,3780.6000,3781.0000,3782.0000,3782.2000,3782.8000,2,1,1,1,1,1,1,1,1,1
SF,IF2007,2020-05-27 09:39:30.700,3780.0000,8016,0,340230180.000,0,-,-,-,-,3779.0000,3778.8000,3778.4000,3778.0000,3777.8000,3780.6000,3780.8000,3781.0000,3782.0000,3782.2000,1,1,1,1,4,1,1,1,1,1
SF,IF2007,2020-05-27 09:39:31.200,3780.0000,8016,0,340230180.000,0,-,-,-,-,3778.8000,3778.4000,3778.0000,3777.8000,3777.6000,3780.4000,3780.6000,3780.8000,3781.0000,3782.0000,1,1,1,4,2,1,1,1,1,1
SF,IF2007,2020-05-27 09:39:31.700,3780.0000,8016,0,340230180.000,0,-,-,-,-,3779.0000,3778.4000,3778.0000,3777.8000,3777.6000,3780.6000,3780.8000,3781.0000,3782.0000,3782.2000,2,1,1,4,2,1,1,1,1,1
SF,IF2007,2020-05-27 09:39:32.200,3780.0000,8016,0,340230180.000,0,-,-,-,-,3779.0000,3778.0000,3777.8000,3777.6000,3777.2000,3780.6000,3780.8000,3781.0000,3782.0000,3782.2000,1,1,4,2,1,1,1,1,1,1
SF,IF2007,2020-05-27 09:39:32.700,3780.0000,8016,0,340230180.000,0,-,-,-,-,3778.0000,3777.8000,3777.6000,3777.2000,3777.0000,3780.6000,3780.8000,3781.0000,3782.0000,3782.2000,1,4,2,1,4,1,1,1,1,1
SF,IF2007,2020-05-27 09:39:33.200,3780.0000,8016,0,340230180.000,0,-,-,-,-,3778.6000,3778.2000,3778.0000,3777.8000,3777.6000,3779.0000,3780.6000,3780.8000,3781.0000,3782.0000,1,4,1,4,2,1,1,1,1,1
SF,IF2007,2020-05-27 09:39:33.700,3779.2000,8016,0,341363940.000,1,0,1,多换,S,3779.2000,3778.8000,3778.6000,3778.2000,3778.0000,3780.6000,3780.8000,3781.0000,3782.0000,3782.2000,1,2,1,2,1,1,1,1,1,1
SF,IF2007,2020-05-27 09:39:34.200,3779.2000,8016,0,341363940.000,0,-,-,-,-,3778.8000,3778.2000,3778.0000,3777.6000,3777.2000,3780.6000,3780.8000,3781.0000,3782.0000,3782.2000,2,2,1,2,1,1,1,1,1,1
SF,IF2007,2020-05-27 09:39:34.700,3779.2000,8016,0,341363940.000,0,-,-,-,-,3779.4000,3779.2000,3778.8000,3778.2000,3778.0000,3780.8000,3781.0000,3782.0000,3782.2000,3782.8000,4,1,2,2,1,1,1,1,1,1
SF,IF2007,2020-05-27 09:39:35.200,3779.2000,8016,0,341363940.000,0,-,-,-,-,3779.4000,3778.8000,3778.2000,3778.0000,3777.6000,3780.6000,3780.8000,3781.0000,3782.0000,3782.2000,4,3,1,1,2,2,1,1,1,1
SF,IF2007,2020-05-27 09:39:35.700,3779.2000,8016,0,341363940.000,0,-,-,-,-,3779.4000,3778.8000,3778.2000,3778.0000,3777.6000,3780.6000,3780.8000,3781.0000,3782.0000,3782.2000,4,2,1,1,2,2,1,1,1,1
SF,IF2007,2020-05-27 09:39:36.200,3779.2000,8016,0,341363940.000,0,-,-,-,-,3779.4000,3778.8000,3778.2000,3778.0000,3777.6000,3780.8000,3781.0000,3782.0000,3782.2000,3782.8000,4,2,1,1,2,1,1,1,1,1
SF,IF2007,2020-05-27 09:39:36.700,3779.4000,8016,0,342497760.000,1,0,1,多换,S,3779.4000,3778.8000,3778.2000,3778.0000,3777.6000,3780.8000,3781.0000,3782.0000,3782.2000,3782.8000,3,2,1,1,2,1,1,1,1,1
SF,IF2007,2020-05-27 09:39:40.700,3779.4000,8016,0,343631580.000,1,0,1,多换,S,3779.4000,3778.8000,3778.2000,3778.0000,3777.6000,3780.8000,3781.0000,3782.0000,3782.2000,3782.8000,2,2,1,1,2,1,1,1,1,1
SF,IF2007,2020-05-27 09:39:41.700,3779.4000,8016,0,343631580.000,0,-,-,-,-,3779.4000,3778.8000,3778.2000,3778.0000,3777.6000,3780.6000,3780.8000,3781.0000,3782.0000,3782.2000,2,2,1,1,2,1,1,1,1,1
SF,IF2007,2020-05-27 09:39:43.200,3779.4000,8016,0,343631580.000,0,-,-,-,-,3779.4000,3778.8000,3778.2000,3778.0000,3777.6000,3780.8000,3781.0000,3782.0000,3782.2000,3782.8000,2,2,1,1,2,1,1,1,1,1
SF,IF2007,2020-05-27 09:39:43.700,3779.4000,8016,0,344765400.000,1,0,1,多换,S,3779.4000,3778.8000,3778.2000,3778.0000,3777.6000,3780.8000,3781.0000,3782.0000,3782.2000,3782.8000,1,2,1,1,2,1,1,1,1,1
SF,IF2007,2020-05-27 09:39:44.700,3779.4000,8016,0,344765400.000,0,-,-,-,-,3779.4000,3778.8000,3778.2000,3778.0000,3777.6000,3780.8000,3781.0000,3782.0000,3782.2000,3782.8000,2,2,1,1,2,1,1,1,1,1
SF,IF2007,2020-05-27 09:39:45.700,3779.4000,8016,0,344765400.000,0,-,-,-,-,3779.4000,3778.8000,3778.2000,3777.6000,3777.2000,3780.8000,3781.0000,3782.0000,3782.2000,3782.8000,2,2,1,2,1,1,1,1,1,1
SF,IF2007,2020-05-27 09:39:48.200,3779.4000,8016,0,345899220.000,1,0,1,多换,S,3779.4000,3778.8000,3778.2000,3777.6000,3777.2000,3780.8000,3781.0000,3782.0000,3782.2000,3782.8000,1,2,1,2,1,1,1,1,1,1
SF,IF2007,2020-05-27 09:39:50.200,3779.4000,8016,0,345899220.000,0,-,-,-,-,3779.6000,3778.8000,3778.2000,3777.6000,3777.2000,3780.8000,3781.0000,3782.0000,3782.2000,3782.8000,1,2,1,2,1,1,1,1,1,1
SF,IF2007,2020-05-27 09:39:50.700,3779.4000,8016,0,345899220.000,0,-,-,-,-,3779.6000,3778.8000,3778.2000,3777.6000,3777.2000,3780.6000,3780.8000,3781.0000,3782.0000,3782.2000,1,2,1,2,1,1,1,1,1,1
SF,IF2007,2020-05-27 09:39:52.200,3779.4000,8016,0,345899220.000,0,-,-,-,-,3779.6000,3778.8000,3778.2000,3777.6000,3777.2000,3780.8000,3781.0000,3782.0000,3782.2000,3782.8000,1,2,1,2,1,1,1,1,1,1
SF,IF2007,2020-05-27 09:39:52.700,3779.4000,8016,0,345899220.000,0,-,-,-,-,3779.6000,3778.8000,3778.2000,3777.6000,3777.2000,3780.6000,3780.8000,3781.0000,3782.0000,3782.2000,1,2,1,2,1,1,1,1,1,1
SF,IF2007,2020-05-27 09:39:53.200,3779.6000,8016,0,347033100.000,1,0,1,多换,S,3778.8000,3778.2000,3777.6000,3777.2000,3777.0000,3779.6000,3780.6000,3780.8000,3781.0000,3782.0000,2,1,2,1,4,1,1,1,1,1
SF,IF2007,2020-05-27 09:39:53.700,3779.6000,8016,0,348166980.000,1,0,1,多换,S,3779.6000,3779.0000,3778.8000,3778.2000,3777.6000,3780.6000,3780.8000,3781.0000,3782.0000,3782.2000,1,1,2,1,2,1,1,1,1,1
SF,IF2007,2020-05-27 09:39:54.200,3780.6000,8015,-1,349301160.000,1,0,1,双平,S,3778.8000,3778.2000,3777.6000,3777.2000,3777.0000,3780.8000,3781.0000,3782.0000,3782.2000,3782.8000,2,1,2,1,4,1,1,1,1,1
SF,IF2007,2020-05-27 09:39:54.700,3780.6000,8015,0,349301160.000,0,-,-,-,-,3779.0000,3778.8000,3778.2000,3777.6000,3777.2000,3781.0000,3781.4000,3782.0000,3782.2000,3782.8000,2,2,1,2,1,1,1,1,1,1
SF,IF2007,2020-05-27 09:39:55.200,3780.6000,8015,0,349301160.000,0,-,-,-,-,3779.2000,3779.0000,3778.2000,3777.2000,3777.0000,3780.8000,3781.0000,3781.4000,3782.0000,3782.2000,3,2,1,1,4,1,1,1,1,1
SF,IF2007,2020-05-27 09:39:55.700,3780.6000,8015,0,349301160.000,0,-,-,-,-,3779.2000,3779.0000,3778.2000,3777.2000,3777.0000,3780.8000,3781.0000,3781.4000,3782.0000,3782.2000,3,2,1,1,3,1,1,1,1,1
SF,IF2007,2020-05-27 09:39:56.200,3780.6000,8015,0,349301160.000,0,-,-,-,-,3779.4000,3779.2000,3779.0000,3778.2000,3777.2000,3780.8000,3781.0000,3781.4000,3782.0000,3782.2000,2,3,2,1,1,1,1,1,1,1
SF,IF2007,2020-05-27 09:39:56.700,3780.6000,8015,0,349301160.000,0,-,-,-,-,3779.6000,3779.4000,3779.2000,3778.2000,3777.2000,3780.8000,3781.0000,3781.4000,3782.0000,3782.2000,1,2,1,1,1,1,1,1,1,1
SF,IF2007,2020-05-27 09:39:57.200,3780.6000,8015,0,349301160.000,0,-,-,-,-,3779.6000,3779.4000,3779.2000,3778.2000,3777.2000,3780.8000,3781.0000,3781.2000,3781.4000,3782.0000,1,2,1,1,1,1,1,1,1,1
SF,IF2007,2020-05-27 09:39:57.700,3780.6000,8015,0,349301160.000,0,-,-,-,-,3779.6000,3779.4000,3779.2000,3778.2000,3777.2000,3780.8000,3781.0000,3781.4000,3782.0000,3782.2000,1,2,1,1,1,1,1,1,1,1
SF,IF2007,2020-05-27 09:39:58.700,3780.6000,8015,0,349301160.000,0,-,-,-,-,3779.2000,3778.2000,3777.2000,3777.0000,3776.0000,3780.8000,3781.0000,3781.4000,3782.0000,3782.2000,1,1,1,3,5,1,1,1,1,1
SF,IF2007,2020-05-27 09:39:59.200,3780.6000,8015,0,349301160.000,0,-,-,-,-,3778.2000,3777.2000,3777.0000,3776.0000,3775.8000,3780.8000,3781.0000,3781.4000,3782.0000,3782.2000,1,1,3,5,1,1,1,1,1,1
SF,IF2007,2020-05-27 09:39:59.700,3780.6000,8015,0,349301160.000,0,-,-,-,-,3778.6000,3778.4000,3778.2000,3777.2000,3777.0000,3780.6000,3780.8000,3781.0000,3781.4000,3782.0000,1,5,1,1,3,1,1,1,1,1
SF,IF2007,2020-05-27 09:40:00.200,3780.6000,8015,0,349301160.000,0,-,-,-,-,3778.8000,3778.6000,3778.4000,3778.2000,3777.2000,3780.6000,3780.8000,3781.0000,3781.4000,3782.0000,3,1,3,1,1,1,1,1,1,1
SF,IF2007,2020-05-27 09:40:00.700,3780.6000,8015,0,349301160.000,0,-,-,-,-,3779.2000,3779.0000,3778.8000,3778.6000,3778.4000,3780.8000,3781.0000,3781.4000,3782.0000,3782.2000,1,1,4,1,2,1,1,1,1,1
SF,IF2007,2020-05-27 09:40:01.200,3780.6000,8015,0,349301160.000,0,-,-,-,-,3779.4000,3779.2000,3779.0000,3778.8000,3778.6000,3780.6000,3780.8000,3781.0000,3781.4000,3782.0000,2,1,2,1,1,1,1,1,1,1
SF,IF2007,2020-05-27 09:40:01.700,3780.6000,8015,0,349301160.000,0,-,-,-,-,3779.4000,3779.2000,3779.0000,3778.8000,3778.4000,3780.6000,3780.8000,3781.0000,3781.4000,3782.0000,2,1,2,1,2,1,1,1,1,1
SF,IF2007,2020-05-27 09:40:02.200,3780.6000,8015,0,349301160.000,0,-,-,-,-,3779.4000,3779.2000,3779.0000,3778.8000,3778.4000,3780.6000,3780.8000,3781.0000,3781.4000,3782.0000,1,1,2,1,2,1,1,1,1,1
SF,IF2007,2020-05-27 09:40:02.700,3780.6000,8015,0,349301160.000,0,-,-,-,-,3778.4000,3778.2000,3777.2000,3777.0000,3776.0000,3780.2000,3780.6000,3780.8000,3781.0000,3781.4000,2,1,1,3,5,1,1,1,1,1
SF,IF2007,2020-05-27 09:40:03.200,3780.6000,8015,0,349301160.000,0,-,-,-,-,3778.6000,3778.4000,3777.2000,3777.0000,3776.0000,3780.0000,3780.2000,3780.4000,3780.6000,3781.0000,1,2,1,3,5,1,1,1,1,1
SF,IF2007,2020-05-27 09:40:03.700,3780.6000,8015,0,349301160.000,0,-,-,-,-,3778.8000,3778.6000,3778.4000,3777.2000,3777.0000,3779.4000,3780.0000,3780.4000,3780.6000,3781.0000,1,1,2,1,3,1,1,1,1,1
SF,IF2007,2020-05-27 09:40:04.200,3779.4000,8015,0,350434980.000,1,0,1,多换,S,3778.8000,3778.6000,3778.4000,3777.2000,3777.0000,3780.0000,3780.4000,3781.0000,3781.4000,3782.0000,1,1,2,1,3,1,1,1,1,1
SF,IF2007,2020-05-27 09:40:04.700,3779.4000,8015,0,350434980.000,0,-,-,-,-,3779.0000,3778.8000,3778.4000,3777.2000,3777.0000,3780.4000,3781.0000,3781.4000,3782.0000,3782.2000,1,1,2,1,3,1,1,1,1,1
SF,IF2007,2020-05-27 09:40:05.200,3779.4000,8015,0,350434980.000,0,-,-,-,-,3779.2000,3779.0000,3778.4000,3777.2000,3777.0000,3780.2000,3780.4000,3781.0000,3781.4000,3782.0000,1,1,2,1,3,1,1,1,1,1
SF,IF2007,2020-05-27 09:40:07.200,3779.4000,8015,0,350434980.000,0,-,-,-,-,3779.2000,3778.4000,3777.2000,3777.0000,3776.0000,3780.2000,3780.4000,3781.0000,3781.4000,3782.0000,1,2,1,3,5,1,1,1,1,1
SF,IF2007,2020-05-27 09:40:09.200,3779.2000,8014,-1,351568740.000,1,0,1,双平,S,3778.4000,3777.2000,3777.0000,3776.0000,3775.8000,3780.2000,3781.0000,3781.4000,3782.0000,3782.2000,2,1,3,5,1,2,1,1,1,1
SF,IF2007,2020-05-27 09:40:09.700,3779.2000,8014,0,351568740.000,0,-,-,-,-,3778.6000,3778.4000,3777.2000,3777.0000,3776.0000,3780.2000,3781.0000,3781.4000,3782.0000,3782.2000,2,2,1,3,5,1,1,1,1,1
SF,IF2007,2020-05-27 09:40:10.200,3779.2000,8014,0,351568740.000,0,-,-,-,-,3778.8000,3778.6000,3778.4000,3777.2000,3777.0000,3780.0000,3780.2000,3781.0000,3781.4000,3782.0000,1,2,2,1,3,1,1,1,1,1
SF,IF2007,2020-05-27 09:40:10.700,3779.2000,8014,0,351568740.000,0,-,-,-,-,3779.0000,3778.8000,3778.6000,3778.4000,3777.2000,3780.0000,3780.2000,3781.0000,3781.4000,3782.0000,1,1,1,2,1,1,1,1,1,1
SF,IF2007,2020-05-27 09:40:11.200,3779.2000,8014,0,351568740.000,0,-,-,-,-,3779.0000,3778.8000,3778.6000,3778.4000,3777.2000,3780.0000,3780.2000,3781.0000,3781.4000,3782.0000,2,1,1,2,1,1,1,1,1,1
SF,IF2007,2020-05-27 09:40:13.200,3779.2000,8014,0,351568740.000,0,-,-,-,-,3779.0000,3778.8000,3778.6000,3778.4000,3777.2000,3780.0000,3781.0000,3781.4000,3782.0000,3782.2000,1,1,1,2,1,1,1,1,1,1
SF,IF2007,2020-05-27 09:40:13.700,3779.2000,8014,0,351568740.000,0,-,-,-,-,3778.8000,3778.6000,3778.4000,3777.2000,3777.0000,3779.8000,3780.0000,3781.0000,3781.4000,3782.0000,1,1,2,1,3,1,1,1,1,1
SF,IF2007,2020-05-27 09:40:14.200,3779.2000,8014,0,351568740.000,0,-,-,-,-,3777.2000,3777.0000,3776.0000,3775.8000,3775.0000,3779.6000,3779.8000,3780.2000,3781.0000,3782.0000,1,3,5,1,5,1,1,1,1,1
SF,IF2007,2020-05-27 09:40:14.700,3779.2000,8014,0,351568740.000,0,-,-,-,-,3778.0000,3777.8000,3777.6000,3777.4000,3777.2000,3779.4000,3779.6000,3779.8000,3780.2000,3781.0000,1,1,1,7,1,1,1,1,1,1
SF,IF2007,2020-05-27 09:40:15.200,3779.2000,8014,0,351568740.000,0,-,-,-,-,3778.2000,3778.0000,3777.8000,3777.4000,3777.2000,3779.4000,3779.8000,3780.2000,3781.0000,3782.0000,2,1,1,4,1,1,1,1,1,1
SF,IF2007,2020-05-27 09:40:15.700,3779.2000,8014,0,351568740.000,0,-,-,-,-,3778.2000,3778.0000,3777.8000,3777.4000,3777.2000,3779.2000,3779.4000,3780.2000,3781.0000,3782.0000,2,1,1,4,1,1,1,1,1,1
SF,IF2007,2020-05-27 09:40:16.200,3779.2000,8014,0,351568740.000,0,-,-,-,-,3778.2000,3778.0000,3777.8000,3777.4000,3777.2000,3779.2000,3780.2000,3781.0000,3782.0000,3782.2000,2,1,1,4,1,1,1,1,1,1
SF,IF2007,2020-05-27 09:40:17.200,3779.2000,8013,-1,352702500.000,1,0,1,双平,S,3778.4000,3778.2000,3778.0000,3777.8000,3777.4000,3780.2000,3781.0000,3782.0000,3782.2000,3782.8000,1,2,1,1,3,1,1,1,1,1
SF,IF2007,2020-05-27 09:40:17.700,3779.2000,8013,0,352702500.000,0,-,-,-,-,3778.6000,3778.2000,3778.0000,3777.8000,3777.4000,3780.0000,3780.2000,3781.0000,3782.0000,3782.2000,1,1,1,1,3,1,1,1,1,1
SF,IF2007,2020-05-27 09:40:18.200,3779.2000,8013,0,352702500.000,0,-,-,-,-,3778.6000,3778.2000,3778.0000,3777.8000,3777.4000,3779.8000,3780.0000,3780.2000,3781.0000,3782.0000,1,1,1,1,3,1,1,1,1,1
SF,IF2007,2020-05-27 09:40:19.200,3779.2000,8013,0,352702500.000,0,-,-,-,-,3778.6000,3778.2000,3778.0000,3777.8000,3777.4000,3779.8000,3780.2000,3781.0000,3782.0000,3782.2000,1,1,1,1,3,1,1,1,1,1
SF,IF2007,2020-05-27 09:40:19.700,3779.2000,8013,0,352702500.000,0,-,-,-,-,3778.6000,3778.2000,3778.0000,3777.8000,3777.4000,3779.8000,3780.2000,3781.0000,3782.0000,3782.2000,1,1,1,1,3,1,1,1,1,1
SF,IF2007,2020-05-27 09:40:20.700,3779.2000,8013,0,352702500.000,0,-,-,-,-,3778.6000,3778.2000,3778.0000,3777.8000,3777.4000,3779.6000,3779.8000,3780.2000,3781.0000,3782.0000,1,1,1,1,3,1,1,1,1,1
SF,IF2007,2020-05-27 09:40:21.200,3779.2000,8013,0,352702500.000,0,-,-,-,-,3778.2000,3778.0000,3777.8000,3777.4000,3777.2000,3779.2000,3779.4000,3779.6000,3780.2000,3781.0000,1,1,1,3,1,1,1,1,1,1
SF,IF2007,2020-05-27 09:40:21.700,3779.2000,8013,0,352702500.000,0,-,-,-,-,3777.4000,3777.2000,3777.0000,3776.0000,3775.8000,3779.0000,3779.2000,3779.6000,3780.2000,3781.0000,2,1,3,5,1,1,1,1,1,1
SF,IF2007,2020-05-27 09:40:22.200,3779.2000,8013,0,352702500.000,0,-,-,-,-,3777.8000,3777.6000,3777.4000,3777.2000,3777.0000,3779.0000,3779.2000,3780.2000,3781.0000,3782.0000,1,3,2,1,3,1,1,1,1,1
SF,IF2007,2020-05-27 09:40:22.700,3779.2000,8013,0,352702500.000,0,-,-,-,-,3778.0000,3777.6000,3777.4000,3777.2000,3777.0000,3778.8000,3779.0000,3779.2000,3780.2000,3781.0000,1,2,2,1,3,1,1,3,1,1
SF,IF2007,2020-05-27 09:40:23.200,3779.2000,8013,0,352702500.000,0,-,-,-,-,3777.6000,3777.4000,3777.2000,3777.0000,3776.0000,3779.0000,3779.2000,3780.2000,3781.0000,3782.0000,2,2,1,3,5,1,3,1,1,1
SF,IF2007,2020-05-27 09:40:23.700,3779.2000,8013,0,352702500.000,0,-,-,-,-,3777.8000,3777.6000,3777.4000,3777.2000,3777.0000,3779.0000,3779.2000,3780.2000,3781.0000,3782.0000,1,2,2,1,3,1,3,1,1,1
SF,IF2007,2020-05-27 09:40:24.200,3779.2000,8013,0,352702500.000,0,-,-,-,-,3777.8000,3777.6000,3777.4000,3777.2000,3777.0000,3778.8000,3779.0000,3779.2000,3780.2000,3781.0000,1,2,1,1,3,2,1,3,1,1
SF,IF2007,2020-05-27 09:40:24.700,3777.8000,8012,-1,353835840.000,1,0,1,双平,S,3777.6000,3777.2000,3777.0000,3776.0000,3775.8000,3778.6000,3778.8000,3779.2000,3781.0000,3782.0000,1,1,3,5,1,1,3,3,1,1
SF,IF2007,2020-05-27 09:40:25.200,3777.8000,8012,0,353835840.000,0,-,-,-,-,3777.2000,3777.0000,3776.0000,3775.8000,3775.0000,3778.6000,3778.8000,3779.2000,3779.4000,3781.0000,1,3,5,1,5,1,1,3,1,1
SF,IF2007,2020-05-27 09:40:25.700,3777.8000,8012,0,353835840.000,0,-,-,-,-,3777.4000,3777.2000,3777.0000,3776.0000,3775.8000,3778.6000,3778.8000,3779.2000,3779.4000,3781.0000,2,1,3,5,1,1,1,3,1,1
SF,IF2007,2020-05-27 09:40:26.200,3777.8000,8012,0,353835840.000,0,-,-,-,-,3777.4000,3777.2000,3777.0000,3776.0000,3775.8000,3778.4000,3778.6000,3779.2000,3779.4000,3781.0000,1,1,3,5,1,1,1,3,1,1
SF,IF2007,2020-05-27 09:40:26.700,3777.4000,8011,-1,354969060.000,1,0,1,双平,S,3777.2000,3777.0000,3776.0000,3775.8000,3775.0000,3778.4000,3778.6000,3779.2000,3779.4000,3781.0000,1,3,5,1,5,1,1,3,1,1
SF,IF2007,2020-05-27 09:40:27.200,3777.4000,8011,0,354969060.000,0,-,-,-,-,3777.2000,3777.0000,3776.0000,3775.8000,3775.0000,3778.2000,3778.4000,3779.2000,3779.4000,3781.0000,1,3,5,1,5,1,1,3,1,1
SF,IF2007,2020-05-27 09:40:27.700,3777.4000,8011,0,354969060.000,0,-,-,-,-,3777.2000,3777.0000,3776.0000,3775.8000,3775.0000,3778.0000,3778.2000,3778.4000,3779.2000,3779.4000,1,3,5,1,5,1,1,1,3,1
SF,IF2007,2020-05-27 09:40:28.200,3777.4000,8011,0,354969060.000,0,-,-,-,-,3777.2000,3777.0000,3776.0000,3775.8000,3775.0000,3777.8000,3778.0000,3778.4000,3779.2000,3779.4000,1,3,5,1,5,1,1,1,3,1
SF,IF2007,2020-05-27 09:40:29.200,3777.4000,8011,0,354969060.000,0,-,-,-,-,3777.2000,3777.0000,3776.0000,3775.8000,3775.0000,3777.8000,3778.0000,3779.2000,3779.4000,3781.0000,1,3,5,1,5,1,1,3,1,1
SF,IF2007,2020-05-27 09:40:29.700,3777.4000,8011,0,354969060.000,0,-,-,-,-,3777.2000,3777.0000,3776.0000,3775.8000,3775.0000,3777.8000,3779.2000,3779.4000,3781.0000,3782.0000,1,3,5,1,5,1,3,1,1,1
SF,IF2007,2020-05-27 09:40:30.700,3777.8000,8010,-1,356102400.000,1,0,1,双平,S,3777.2000,3777.0000,3776.0000,3775.8000,3775.0000,3779.2000,3779.4000,3781.0000,3782.0000,3782.2000,1,3,5,1,5,3,1,1,1,1
SF,IF2007,2020-05-27 09:40:31.200,3777.8000,8010,0,356102400.000,0,-,-,-,-,3777.4000,3777.2000,3777.0000,3776.0000,3775.8000,3778.8000,3779.0000,3779.2000,3779.4000,3781.0000,1,1,3,5,1,1,1,3,1,1
SF,IF2007,2020-05-27 09:40:31.700,3777.4000,8010,0,358368840.000,2,1,1,多换,S,3777.2000,3777.0000,3776.0000,3775.8000,3775.0000,3778.6000,3778.8000,3779.2000,3779.4000,3781.0000,1,3,5,1,5,2,1,3,1,1
SF,IF2007,2020-05-27 09:40:32.200,3777.4000,8010,0,358368840.000,0,-,-,-,-,3777.2000,3777.0000,3776.0000,3775.8000,3775.0000,3778.6000,3778.8000,3779.2000,3779.4000,3781.0000,1,3,5,1,5,1,1,3,1,1
SF,IF2007,2020-05-27 09:40:32.700,3777.4000,8010,0,358368840.000,0,-,-,-,-,3777.4000,3777.2000,3777.0000,3776.0000,3775.8000,3778.6000,3779.2000,3779.4000,3781.0000,3782.0000,3,1,3,5,1,1,3,1,1,1
SF,IF2007,2020-05-27 09:40:33.200,3777.4000,8010,0,358368840.000,0,-,-,-,-,3777.8000,3777.6000,3777.4000,3777.2000,3777.0000,3778.6000,3779.2000,3779.4000,3781.0000,3782.0000,1,4,3,1,3,1,3,1,1,1
SF,IF2007,2020-05-27 09:40:33.700,3778.6000,8009,-1,359502420.000,1,0,1,双平,S,3777.8000,3777.6000,3777.4000,3777.2000,3777.0000,3779.2000,3779.4000,3781.0000,3782.0000,3782.2000,1,3,3,1,3,3,1,1,1,1
SF,IF2007,2020-05-27 09:40:34.200,3778.6000,8009,0,359502420.000,0,-,-,-,-,3778.0000,3777.8000,3777.6000,3777.4000,3777.2000,3779.2000,3779.4000,3781.0000,3782.0000,3782.2000,2,1,3,1,1,3,1,1,1,1
SF,IF2007,2020-05-27 09:40:34.700,3778.6000,8009,0,359502420.000,0,-,-,-,-,3778.0000,3777.8000,3777.6000,3777.4000,3777.2000,3779.0000,3779.2000,3779.4000,3781.0000,3782.0000,1,1,3,1,1,1,3,1,1,1
SF,IF2007,2020-05-27 09:40:35.200,3778.6000,8009,0,359502420.000,0,-,-,-,-,3777.8000,3777.6000,3777.2000,3777.0000,3776.0000,3778.8000,3779.0000,3779.2000,3779.4000,3781.0000,1,3,1,3,5,1,1,3,1,1
SF,IF2007,2020-05-27 09:40:35.700,3778.6000,8009,0,359502420.000,0,-,-,-,-,3777.8000,3777.6000,3777.2000,3777.0000,3776.0000,3778.0000,3778.6000,3778.8000,3779.2000,3779.4000,1,1,1,3,5,1,1,1,3,1
SF,IF2007,2020-05-27 09:40:36.200,3778.0000,8008,-1,360635820.000,1,0,1,双平,S,3777.8000,3777.2000,3777.0000,3776.0000,3775.8000,3778.6000,3779.2000,3779.4000,3781.0000,3782.0000,1,1,3,5,1,1,3,1,1,1
SF,IF2007,2020-05-27 09:40:36.700,3778.0000,8008,0,360635820.000,0,-,-,-,-,3777.2000,3777.0000,3776.0000,3775.8000,3775.0000,3778.6000,3779.2000,3779.4000,3781.0000,3782.0000,1,3,5,1,5,1,3,1,1,1
SF,IF2007,2020-05-27 09:40:37.200,3778.0000,8008,0,360635820.000,0,-,-,-,-,3777.4000,3777.2000,3777.0000,3776.0000,3775.8000,3777.8000,3778.6000,3779.2000,3779.4000,3781.0000,2,1,3,5,1,2,1,3,1,1
SF,IF2007,2020-05-27 09:40:37.700,3777.8000,8008,0,362902500.000,2,1,1,多换,S,3777.4000,3777.2000,3777.0000,3776.0000,3775.8000,3778.6000,3779.2000,3779.4000,3781.0000,3782.0000,1,1,3,5,1,1,3,1,1,1
SF,IF2007,2020-05-27 09:40:38.700,3777.8000,8008,0,362902500.000,0,-,-,-,-,3777.6000,3777.4000,3777.2000,3777.0000,3776.0000,3778.6000,3779.2000,3779.4000,3781.0000,3782.0000,1,1,1,3,5,1,3,1,1,1
SF,IF2007,2020-05-27 09:40:40.200,3777.6000,8007,-1,364035780.000,1,0,1,双平,S,3777.4000,3777.2000,3777.0000,3776.0000,3775.8000,3778.4000,3778.6000,3779.2000,3779.4000,3781.0000,1,1,3,5,1,1,1,3,1,1
SF,IF2007,2020-05-27 09:40:40.700,3777.6000,8007,0,364035780.000,0,-,-,-,-,3777.2000,3777.0000,3776.0000,3775.8000,3775.0000,3778.2000,3778.4000,3779.2000,3779.4000,3781.0000,1,3,5,1,5,1,1,3,1,1
SF,IF2007,2020-05-27 09:40:47.200,3777.6000,8007,0,364035780.000,0,-,-,-,-,3777.2000,3777.0000,3776.0000,3775.8000,3775.0000,3778.2000,3778.4000,3779.2000,3779.4000,3780.0000,1,3,5,1,5,1,1,3,1,5
SF,IF2007,2020-05-27 09:40:49.200,3777.6000,8007,0,364035780.000,0,-,-,-,-,3777.2000,3777.0000,3776.0000,3775.8000,3775.0000,3778.2000,3778.4000,3779.2000,3779.4000,3780.0000,1,3,5,1,5,1,1,3,1,5
SF,IF2007,2020-05-27 09:40:49.700,3777.6000,8007,0,364035780.000,0,-,-,-,-,3777.2000,3777.0000,3776.0000,3775.8000,3775.0000,3778.2000,3779.2000,3779.4000,3780.0000,3781.0000,1,3,5,1,5,1,3,1,5,1
SF,IF2007,2020-05-27 09:41:01.200,3777.6000,8007,0,364035780.000,0,-,-,-,-,3777.8000,3777.2000,3777.0000,3776.0000,3775.8000,3778.2000,3779.2000,3779.4000,3780.0000,3781.0000,1,1,3,5,1,1,3,1,5,1
SF,IF2007,2020-05-27 09:41:01.700,3777.6000,8007,0,364035780.000,0,-,-,-,-,3777.8000,3777.2000,3777.0000,3776.0000,3775.8000,3779.2000,3779.4000,3780.0000,3781.0000,3782.0000,2,1,3,5,1,3,1,5,1,1
SF,IF2007,2020-05-27 09:41:02.200,3777.6000,8007,0,364035780.000,0,-,-,-,-,3777.8000,3777.2000,3777.0000,3776.0000,3775.8000,3779.0000,3779.2000,3779.4000,3780.0000,3781.0000,3,1,3,5,1,2,3,1,5,1
SF,IF2007,2020-05-27 09:41:03.200,3777.6000,8007,0,364035780.000,0,-,-,-,-,3777.8000,3777.2000,3777.0000,3776.0000,3775.8000,3779.0000,3779.2000,3779.4000,3780.0000,3781.0000,4,1,3,5,1,2,3,1,5,1
SF,IF2007,2020-05-27 09:41:03.700,3777.6000,8007,0,364035780.000,0,-,-,-,-,3777.8000,3777.2000,3777.0000,3776.0000,3775.8000,3779.0000,3779.2000,3779.4000,3780.0000,3781.0000,5,1,3,5,1,2,3,1,5,1
SF,IF2007,2020-05-27 09:41:04.200,3777.6000,8007,0,364035780.000,0,-,-,-,-,3777.8000,3777.2000,3777.0000,3776.0000,3775.8000,3779.0000,3779.2000,3779.4000,3780.0000,3781.0000,6,1,3,5,1,2,3,1,5,1
SF,IF2007,2020-05-27 09:41:09.700,3777.6000,8007,0,364035780.000,0,-,-,-,-,3777.8000,3777.2000,3777.0000,3776.0000,3775.8000,3779.0000,3779.2000,3779.4000,3780.0000,3781.0000,6,1,3,5,1,1,3,1,5,1
SF,IF2007,2020-05-27 09:41:10.200,3777.6000,8007,0,364035780.000,0,-,-,-,-,3778.0000,3777.8000,3777.2000,3777.0000,3776.0000,3779.0000,3779.2000,3779.4000,3780.0000,3781.0000,1,6,1,3,5,1,3,1,5,1
SF,IF2007,2020-05-27 09:41:10.700,3777.6000,8007,0,364035780.000,0,-,-,-,-,3778.0000,3777.8000,3777.2000,3777.0000,3776.0000,3779.0000,3779.2000,3780.0000,3781.0000,3782.0000,2,6,1,3,5,1,3,6,1,1
SF,IF2007,2020-05-27 09:41:11.200,3777.6000,8007,0,364035780.000,0,-,-,-,-,3778.2000,3778.0000,3777.8000,3777.2000,3777.0000,3779.2000,3780.0000,3781.0000,3782.0000,3782.2000,3,2,6,1,3,3,6,1,1,1
SF,IF2007,2020-05-27 09:41:11.700,3778.2000,8008,1,367436160.000,3,2,1,空开,S,3778.2000,3778.0000,3777.8000,3777.2000,3777.0000,3779.0000,3779.2000,3780.0000,3781.0000,3782.0000,1,2,6,1,3,1,2,6,1,1
SF,IF2007,2020-05-27 09:41:12.200,3778.2000,8007,-1,368569620.000,1,0,1,双平,S,3778.0000,3777.8000,3777.2000,3777.0000,3776.0000,3779.0000,3779.2000,3780.0000,3781.0000,3782.0000,1,6,1,3,5,1,2,6,1,1
SF,IF2007,2020-05-27 09:41:12.700,3778.2000,8007,0,368569620.000,0,-,-,-,-,3777.8000,3777.2000,3777.0000,3776.0000,3775.8000,3778.8000,3779.0000,3779.2000,3780.0000,3781.0000,6,1,3,5,1,1,1,2,6,1
SF,IF2007,2020-05-27 09:41:13.200,3778.2000,8007,0,368569620.000,0,-,-,-,-,3777.8000,3777.2000,3777.0000,3776.0000,3775.8000,3778.6000,3778.8000,3779.2000,3780.0000,3781.0000,6,1,3,5,1,1,1,2,6,1
SF,IF2007,2020-05-27 09:41:14.200,3778.2000,8007,0,368569620.000,0,-,-,-,-,3777.8000,3777.2000,3777.0000,3776.0000,3775.8000,3778.0000,3778.6000,3778.8000,3779.2000,3780.0000,6,1,3,5,1,1,1,1,2,6
SF,IF2007,2020-05-27 09:41:14.700,3778.0000,8007,0,369703020.000,1,0,1,多换,S,3777.8000,3777.2000,3777.0000,3776.0000,3775.8000,3778.6000,3779.2000,3780.0000,3781.0000,3782.0000,6,1,3,5,1,1,2,6,1,1
SF,IF2007,2020-05-27 09:41:15.200,3777.8000,8006,-1,370836360.000,1,0,1,双平,S,3777.8000,3777.2000,3777.0000,3776.0000,3775.8000,3778.6000,3779.2000,3780.0000,3781.0000,3782.0000,5,1,3,5,1,1,2,6,1,1
SF,IF2007,2020-05-27 09:41:17.200,3778.6000,8005,-1,371969940.000,1,0,1,双平,S,3778.0000,3777.8000,3777.2000,3777.0000,3776.0000,3779.2000,3780.0000,3781.0000,3782.0000,3782.2000,2,5,1,3,5,2,6,1,1,1
SF,IF2007,2020-05-27 09:41:17.700,3778.6000,8005,0,371969940.000,0,-,-,-,-,3777.8000,3777.2000,3777.0000,3776.0000,3775.8000,3779.0000,3779.2000,3780.0000,3781.0000,3782.0000,5,1,3,5,1,1,2,6,1,1
SF,IF2007,2020-05-27 09:41:18.200,3778.6000,8005,0,371969940.000,0,-,-,-,-,3778.0000,3777.8000,3777.2000,3777.0000,3776.0000,3779.0000,3779.2000,3780.0000,3781.0000,3782.0000,2,5,1,3,5,1,2,6,1,1
SF,IF2007,2020-05-27 09:41:18.700,3779.0000,8004,-1,373103640.000,1,0,1,双平,S,3778.0000,3777.8000,3777.2000,3777.0000,3776.0000,3779.2000,3780.0000,3781.0000,3782.0000,3782.2000,2,5,1,3,5,2,6,1,1,1
SF,IF2007,2020-05-27 09:41:19.700,3779.2000,8003,-1,374237400.000,1,0,1,双平,S,3778.2000,3778.0000,3777.8000,3777.2000,3777.0000,3779.2000,3780.0000,3781.0000,3782.0000,3782.2000,1,2,5,1,3,1,6,1,1,1
SF,IF2007,2020-05-27 09:41:20.200,3779.2000,8003,0,374237400.000,0,-,-,-,-,3778.4000,3778.2000,3778.0000,3777.8000,3777.2000,3779.2000,3780.0000,3781.0000,3782.0000,3782.2000,1,1,1,5,1,1,6,1,1,1
SF,IF2007,2020-05-27 09:41:20.700,3779.2000,8003,0,374237400.000,0,-,-,-,-,3778.6000,3778.4000,3778.2000,3777.8000,3777.2000,3779.2000,3780.0000,3781.0000,3782.0000,3782.2000,1,1,1,5,1,1,6,1,1,1
SF,IF2007,2020-05-27 09:41:21.200,3779.2000,8003,0,374237400.000,0,-,-,-,-,3778.6000,3778.4000,3777.8000,3777.2000,3777.0000,3779.2000,3780.0000,3781.0000,3782.0000,3782.2000,1,1,5,1,3,1,6,1,1,1
SF,IF2007,2020-05-27 09:41:21.700,3779.2000,8002,-1,375371160.000,1,0,1,双平,S,3778.8000,3778.6000,3777.8000,3777.2000,3777.0000,3780.0000,3781.0000,3782.0000,3782.2000,3782.8000,1,1,5,1,3,6,1,1,1,1
SF,IF2007,2020-05-27 09:41:22.200,3779.2000,8002,0,375371160.000,0,-,-,-,-,3778.8000,3778.6000,3777.8000,3777.2000,3777.0000,3779.8000,3780.0000,3781.0000,3782.0000,3782.2000,1,1,5,1,3,4,6,1,1,1
SF,IF2007,2020-05-27 09:41:22.700,3778.8000,8001,-1,376504800.000,1,0,1,双平,S,3778.6000,3777.8000,3777.2000,3777.0000,3776.0000,3779.8000,3780.0000,3781.0000,3782.0000,3782.2000,1,5,1,3,5,1,6,1,1,1
SF,IF2007,2020-05-27 09:41:23.200,3778.8000,8001,0,376504800.000,0,-,-,-,-,3778.8000,3778.6000,3777.8000,3777.2000,3777.0000,3779.6000,3780.0000,3781.0000,3782.0000,3782.2000,1,1,5,1,3,3,6,1,1,1
SF,IF2007,2020-05-27 09:41:23.700,3778.8000,8001,0,376504800.000,0,-,-,-,-,3779.0000,3778.6000,3777.8000,3777.2000,3777.0000,3780.0000,3780.6000,3781.0000,3782.0000,3782.2000,1,1,5,1,3,5,1,1,1,1
SF,IF2007,2020-05-27 09:41:24.700,3780.0000,7996,-5,382174800.000,5,0,5,双平,S,3779.8000,3779.0000,3778.6000,3777.8000,3777.2000,3780.6000,3781.0000,3782.0000,3782.2000,3782.8000,1,1,1,5,1,1,1,1,1,1
SF,IF2007,2020-05-27 09:41:25.200,3780.0000,7996,0,382174800.000,0,-,-,-,-,3779.8000,3779.0000,3778.6000,3777.8000,3777.2000,3780.4000,3780.6000,3781.0000,3782.0000,3782.2000,1,1,1,5,1,2,1,1,1,1
SF,IF2007,2020-05-27 09:41:25.700,3780.0000,7996,0,382174800.000,0,-,-,-,-,3779.8000,3779.0000,3778.6000,3777.8000,3777.2000,3780.4000,3780.6000,3781.0000,3782.0000,3782.2000,1,1,1,5,1,2,1,1,1,1
SF,IF2007,2020-05-27 09:41:26.200,3779.8000,7996,0,383308740.000,1,0,1,多换,S,3779.0000,3778.6000,3777.8000,3777.2000,3777.0000,3780.4000,3780.6000,3781.0000,3782.0000,3782.2000,1,1,5,1,3,2,1,1,1,1
SF,IF2007,2020-05-27 09:41:26.700,3779.0000,7996,0,384442440.000,1,0,1,多换,S,3778.6000,3777.8000,3777.2000,3777.0000,3776.0000,3780.4000,3780.6000,3781.0000,3782.0000,3782.2000,1,5,1,3,5,1,1,1,1,1
SF,IF2007,2020-05-27 09:41:27.200,3778.8000,7996,0,385576080.000,1,0,1,多换,S,3778.0000,3777.8000,3777.2000,3777.0000,3776.0000,3780.2000,3780.4000,3780.6000,3781.0000,3782.0000,1,5,1,3,5,1,1,1,1,1
SF,IF2007,2020-05-27 09:41:27.700,3778.8000,7996,0,385576080.000,0,-,-,-,-,3778.8000,3778.6000,3778.4000,3778.2000,3778.0000,3780.2000,3780.6000,3781.0000,3782.0000,3782.2000,1,1,2,3,1,1,1,1,1,1
SF,IF2007,2020-05-27 09:41:28.200,3778.8000,7996,0,385576080.000,0,-,-,-,-,3778.8000,3778.4000,3778.2000,3778.0000,3777.8000,3780.0000,3780.6000,3781.0000,3782.0000,3782.2000,1,2,3,1,5,1,1,1,1,1
SF,IF2007,2020-05-27 09:41:29.200,3778.8000,7996,0,385576080.000,0,-,-,-,-,3779.0000,3778.8000,3778.4000,3778.2000,3778.0000,3780.0000,3780.6000,3781.0000,3782.0000,3782.2000,1,1,2,3,1,1,1,1,1,1
SF,IF2007,2020-05-27 09:41:30.200,3778.8000,7996,0,385576080.000,0,-,-,-,-,3779.2000,3779.0000,3778.8000,3778.4000,3778.2000,3780.0000,3780.6000,3781.0000,3782.0000,3782.2000,1,1,1,2,3,1,1,1,1,1
SF,IF2007,2020-05-27 09:41:31.700,3778.8000,7996,0,385576080.000,0,-,-,-,-,3779.2000,3779.0000,3778.8000,3778.4000,3778.2000,3780.0000,3781.0000,3781.2000,3782.0000,3782.2000,1,1,1,2,3,1,1,1,1,1
SF,IF2007,2020-05-27 09:41:32.700,3778.8000,7996,0,385576080.000,0,-,-,-,-,3779.0000,3778.8000,3778.4000,3778.2000,3778.0000,3780.0000,3781.0000,3781.2000,3782.0000,3782.2000,1,1,2,3,2,1,1,1,1,1
SF,IF2007,2020-05-27 09:41:33.200,3778.8000,7996,0,385576080.000,0,-,-,-,-,3779.2000,3779.0000,3778.8000,3778.4000,3778.2000,3780.0000,3781.0000,3781.2000,3782.0000,3782.2000,1,1,1,2,3,1,1,1,1,1
SF,IF2007,2020-05-27 09:41:33.700,3778.8000,7996,0,385576080.000,0,-,-,-,-,3778.8000,3778.4000,3778.2000,3778.0000,3777.8000,3780.0000,3781.0000,3781.2000,3782.0000,3782.2000,1,2,3,1,5,1,1,1,1,1
SF,IF2007,2020-05-27 09:41:34.200,3778.8000,7996,0,385576080.000,0,-,-,-,-,3779.2000,3778.8000,3778.4000,3778.2000,3778.0000,3780.0000,3781.0000,3781.2000,3782.0000,3782.2000,1,1,2,3,1,1,1,1,1,1
SF,IF2007,2020-05-27 09:41:35.200,3780.0000,7995,-1,386710080.000,1,0,1,双平,S,3779.2000,3778.8000,3778.4000,3778.2000,3778.0000,3781.0000,3781.2000,3782.0000,3782.2000,3782.8000,1,1,2,3,1,1,1,1,1,1
SF,IF2007,2020-05-27 09:41:35.700,3780.0000,7995,0,386710080.000,0,-,-,-,-,3779.4000,3779.2000,3778.8000,3778.4000,3778.2000,3781.0000,3781.2000,3782.0000,3782.2000,3782.8000,1,1,1,2,2,1,1,1,1,1
SF,IF2007,2020-05-27 09:41:36.200,3780.0000,7995,0,386710080.000,0,-,-,-,-,3779.4000,3779.2000,3778.8000,3778.4000,3778.2000,3780.8000,3781.0000,3781.2000,3782.0000,3782.2000,1,1,1,2,2,1,1,1,1,1
SF,IF2007,2020-05-27 09:41:38.200,3780.0000,7995,0,386710080.000,0,-,-,-,-,3779.4000,3778.8000,3778.4000,3778.2000,3778.0000,3780.6000,3780.8000,3781.0000,3781.2000,3782.0000,1,1,2,2,1,2,1,1,1,1
SF,IF2007,2020-05-27 09:41:38.700,3780.0000,7995,0,386710080.000,0,-,-,-,-,3778.8000,3778.4000,3778.2000,3778.0000,3777.8000,3780.4000,3780.6000,3781.0000,3781.2000,3782.0000,1,2,2,1,5,3,2,1,1,1
SF,IF2007,2020-05-27 09:41:39.200,3780.0000,7995,0,386710080.000,0,-,-,-,-,3778.4000,3778.0000,3777.8000,3777.2000,3777.0000,3780.0000,3780.2000,3780.4000,3781.0000,3781.2000,1,1,5,1,3,1,2,2,1,1
SF,IF2007,2020-05-27 09:41:39.700,3780.0000,7995,0,386710080.000,0,-,-,-,-,3778.6000,3778.4000,3778.0000,3777.8000,3777.2000,3779.8000,3780.0000,3781.0000,3781.2000,3782.0000,1,1,1,5,1,2,1,1,1,1
SF,IF2007,2020-05-27 09:41:40.200,3779.8000,7994,-1,387844020.000,1,0,1,双平,S,3778.8000,3778.6000,3778.4000,3778.0000,3777.8000,3779.6000,3781.0000,3781.2000,3782.0000,3782.2000,2,1,1,1,5,1,1,1,1,1
SF,IF2007,2020-05-27 09:41:40.700,3779.8000,7994,0,387844020.000,0,-,-,-,-,3778.8000,3778.6000,3778.4000,3778.0000,3777.8000,3779.6000,3781.0000,3781.2000,3782.0000,3782.2000,2,1,1,1,5,1,1,1,1,1
SF,IF2007,2020-05-27 09:41:41.200,3779.6000,7993,-1,388977900.000,1,0,1,双平,S,3778.8000,3778.6000,3778.4000,3778.0000,3777.8000,3781.0000,3781.2000,3782.0000,3782.2000,3782.8000,1,1,1,1,5,1,1,1,1,1
SF,IF2007,2020-05-27 09:41:41.700,3779.6000,7993,0,388977900.000,0,-,-,-,-,3779.0000,3778.8000,3778.4000,3778.0000,3777.8000,3780.8000,3781.0000,3781.2000,3782.0000,3782.2000,1,1,1,1,5,1,1,1,1,1
SF,IF2007,2020-05-27 09:41:42.200,3779.6000,7993,0,388977900.000,0,-,-,-,-,3779.2000,3779.0000,3778.4000,3778.0000,3777.8000,3780.6000,3780.8000,3781.0000,3781.2000,3782.0000,1,1,1,1,5,1,1,1,1,1
SF,IF2007,2020-05-27 09:41:42.700,3779.6000,7993,0,388977900.000,0,-,-,-,-,3779.4000,3779.2000,3778.4000,3778.0000,3777.8000,3780.6000,3780.8000,3781.0000,3781.2000,3782.0000,1,1,1,1,5,1,1,1,1,1
SF,IF2007,2020-05-27 09:41:44.200,3779.6000,7993,0,388977900.000,0,-,-,-,-,3779.6000,3779.4000,3778.4000,3778.0000,3777.8000,3780.6000,3780.8000,3781.0000,3781.2000,3782.0000,1,1,1,1,5,1,1,1,1,1
SF,IF2007,2020-05-27 09:41:44.700,3779.6000,7993,0,388977900.000,0,-,-,-,-,3778.4000,3778.0000,3777.8000,3777.2000,3777.0000,3780.6000,3780.8000,3781.0000,3781.2000,3782.0000,1,1,5,1,3,1,1,1,1,1
SF,IF2007,2020-05-27 09:41:45.200,3779.6000,7993,0,388977900.000,0,-,-,-,-,3778.8000,3778.6000,3778.4000,3778.0000,3777.8000,3780.4000,3780.6000,3781.0000,3781.2000,3782.0000,1,2,1,1,5,3,1,1,1,1
SF,IF2007,2020-05-27 09:41:45.700,3779.6000,7993,0,388977900.000,0,-,-,-,-,3779.0000,3778.6000,3778.4000,3778.0000,3777.8000,3780.0000,3780.4000,3781.0000,3781.2000,3782.0000,1,1,1,1,5,1,3,1,1,1
SF,IF2007,2020-05-27 09:41:46.200,3779.6000,7993,0,388977900.000,0,-,-,-,-,3779.0000,3778.6000,3778.4000,3778.0000,3777.8000,3780.0000,3780.4000,3781.0000,3781.2000,3782.0000,1,1,1,1,5,1,2,1,1,1
SF,IF2007,2020-05-27 09:41:46.700,3779.6000,7993,0,388977900.000,0,-,-,-,-,3779.0000,3778.8000,3778.6000,3778.4000,3778.0000,3780.0000,3780.4000,3781.0000,3781.2000,3782.0000,1,1,1,1,1,1,2,1,1,1
SF,IF2007,2020-05-27 09:41:47.200,3779.6000,7993,0,388977900.000,0,-,-,-,-,3779.2000,3779.0000,3778.8000,3778.4000,3777.8000,3780.0000,3780.4000,3781.0000,3781.2000,3782.0000,1,1,1,1,5,1,2,1,1,1
SF,IF2007,2020-05-27 09:41:49.200,3779.6000,7993,0,388977900.000,0,-,-,-,-,3779.0000,3778.8000,3778.4000,3777.8000,3777.0000,3780.0000,3780.4000,3781.0000,3781.2000,3782.0000,1,1,1,5,3,1,2,1,1,1
SF,IF2007,2020-05-27 09:41:50.200,3779.6000,7993,0,388977900.000,0,-,-,-,-,3779.2000,3779.0000,3778.8000,3778.4000,3777.8000,3780.0000,3780.4000,3781.0000,3781.2000,3782.0000,1,1,1,1,5,1,2,1,1,1
SF,IF2007,2020-05-27 09:41:50.700,3779.6000,7993,0,388977900.000,0,-,-,-,-,3779.4000,3779.2000,3778.8000,3778.4000,3777.8000,3780.4000,3781.0000,3781.2000,3782.0000,3782.2000,1,1,1,1,5,2,1,1,1,1
SF,IF2007,2020-05-27 09:41:51.200,3779.6000,7993,0,388977900.000,0,-,-,-,-,3779.6000,3779.4000,3778.8000,3778.4000,3777.8000,3781.0000,3781.2000,3782.0000,3782.2000,3782.8000,1,1,1,1,5,1,1,1,1,1
SF,IF2007,2020-05-27 09:41:51.700,3779.6000,7993,0,388977900.000,0,-,-,-,-,3779.4000,3778.8000,3778.4000,3777.8000,3777.0000,3780.8000,3781.0000,3781.2000,3782.0000,3782.2000,1,1,1,5,3,3,1,1,1,1
SF,IF2007,2020-05-27 09:41:53.200,3779.6000,7993,0,388977900.000,0,-,-,-,-,3779.4000,3778.8000,3778.4000,3777.8000,3777.0000,3780.8000,3781.0000,3781.2000,3782.0000,3782.2000,1,1,1,5,3,2,2,1,1,1
SF,IF2007,2020-05-27 09:41:54.700,3779.6000,7993,0,388977900.000,0,-,-,-,-,3779.4000,3778.8000,3778.4000,3777.8000,3777.0000,3780.6000,3780.8000,3781.0000,3781.2000,3782.0000,1,1,1,5,3,2,2,2,1,1
SF,IF2007,2020-05-27 09:41:55.200,3779.6000,7993,0,388977900.000,0,-,-,-,-,3779.4000,3778.8000,3778.4000,3777.8000,3777.0000,3780.4000,3780.6000,3781.0000,3781.2000,3782.0000,1,1,1,5,3,3,2,2,1,1
SF,IF2007,2020-05-27 09:41:55.700,3779.6000,7993,0,388977900.000,0,-,-,-,-,3778.8000,3778.4000,3777.8000,3777.0000,3776.0000,3780.4000,3780.6000,3781.0000,3781.2000,3782.0000,1,1,5,3,5,3,1,2,1,1
SF,IF2007,2020-05-27 09:41:56.200,3780.4000,7993,0,390112020.000,1,0,1,多换,S,3779.0000,3778.8000,3778.4000,3777.8000,3777.0000,3780.4000,3780.6000,3781.0000,3781.2000,3782.0000,2,1,1,5,3,1,1,2,1,1
SF,IF2007,2020-05-27 09:41:56.700,3780.4000,7993,0,390112020.000,0,-,-,-,-,3779.0000,3778.8000,3778.4000,3777.8000,3777.0000,3780.2000,3780.4000,3780.6000,3781.0000,3781.2000,2,1,1,5,3,1,2,1,2,1
SF,IF2007,2020-05-27 09:41:58.200,3780.4000,7993,0,390112020.000,0,-,-,-,-,3779.6000,3779.0000,3778.8000,3778.4000,3777.8000,3780.0000,3780.2000,3780.4000,3780.6000,3781.0000,1,1,1,1,5,1,1,1,1,2
SF,IF2007,2020-05-27 09:41:58.700,3779.6000,7992,-1,391245900.000,1,0,1,双平,S,3779.0000,3778.8000,3778.4000,3777.8000,3777.0000,3780.0000,3780.2000,3780.4000,3780.6000,3781.0000,1,1,1,5,3,1,1,1,1,2
SF,IF2007,2020-05-27 09:42:00.700,3779.6000,7992,0,391245900.000,0,-,-,-,-,3779.0000,3778.8000,3778.4000,3777.8000,3777.0000,3780.0000,3780.2000,3780.4000,3780.6000,3781.0000,1,1,1,6,3,1,1,1,1,2
SF,IF2007,2020-05-27 09:42:02.700,3780.0000,7992,0,392379900.000,1,0,1,多换,S,3779.0000,3778.8000,3778.4000,3777.8000,3777.0000,3780.2000,3780.4000,3780.6000,3781.0000,3781.2000,1,1,1,6,3,1,1,1,2,1
SF,IF2007,2020-05-27 09:42:03.200,3780.0000,7992,0,392379900.000,0,-,-,-,-,3779.0000,3778.8000,3778.4000,3777.8000,3777.0000,3780.0000,3780.2000,3780.4000,3780.6000,3781.0000,1,1,1,6,3,1,1,1,1,2
SF,IF2007,2020-05-27 09:42:03.700,3778.8000,7991,-1,394647240.000,2,0,2,多平,S,3778.4000,3777.8000,3777.0000,3776.0000,3775.8000,3779.8000,3780.0000,3780.4000,3780.6000,3781.0000,1,6,3,6,1,1,2,1,1,2
SF,IF2007,2020-05-27 09:42:04.200,3778.8000,7991,0,394647240.000,0,-,-,-,-,3778.4000,3777.8000,3777.0000,3776.0000,3775.8000,3779.6000,3779.8000,3780.0000,3780.4000,3781.0000,1,6,3,6,1,1,1,2,1,2
SF,IF2007,2020-05-27 09:42:04.700,3778.8000,7991,0,394647240.000,0,-,-,-,-,3778.4000,3777.8000,3777.0000,3776.0000,3775.8000,3779.4000,3779.6000,3780.0000,3780.4000,3781.0000,1,6,3,6,1,2,1,1,1,2
SF,IF2007,2020-05-27 09:42:07.200,3778.8000,7991,0,394647240.000,0,-,-,-,-,3778.4000,3777.8000,3777.0000,3776.0000,3775.8000,3779.4000,3780.0000,3780.4000,3781.0000,3782.0000,1,6,3,6,1,2,1,1,2,1
SF,IF2007,2020-05-27 09:42:07.700,3778.8000,7991,0,394647240.000,0,-,-,-,-,3778.6000,3778.4000,3777.8000,3777.0000,3776.0000,3779.4000,3780.0000,3780.4000,3781.0000,3782.0000,1,2,6,3,6,1,1,1,2,1
SF,IF2007,2020-05-27 09:42:08.200,3778.8000,7991,0,394647240.000,0,-,-,-,-,3778.6000,3778.4000,3777.8000,3777.0000,3776.0000,3780.0000,3780.4000,3781.0000,3782.0000,3782.2000,1,2,6,3,6,1,1,2,1,1
SF,IF2007,2020-05-27 09:42:08.700,3778.8000,7991,0,394647240.000,0,-,-,-,-,3778.6000,3778.4000,3777.8000,3777.0000,3776.0000,3779.8000,3780.0000,3780.4000,3781.0000,3782.0000,1,2,6,3,6,1,1,1,2,1
SF,IF2007,2020-05-27 09:42:09.700,3778.8000,7991,0,394647240.000,0,-,-,-,-,3778.6000,3778.4000,3777.8000,3777.0000,3776.0000,3779.6000,3779.8000,3780.0000,3780.4000,3781.0000,1,2,6,3,6,1,1,1,1,2
SF,IF2007,2020-05-27 09:42:11.200,3778.6000,7991,0,395780820.000,1,0,1,多换,S,3778.4000,3777.8000,3777.0000,3776.0000,3775.8000,3779.6000,3779.8000,3780.0000,3780.4000,3781.0000,2,6,3,6,1,1,1,1,1,2
SF,IF2007,2020-05-27 09:42:11.700,3778.6000,7991,0,395780820.000,0,-,-,-,-,3778.4000,3777.8000,3777.0000,3776.0000,3775.8000,3779.4000,3780.0000,3780.4000,3781.0000,3782.0000,2,6,3,6,1,1,1,1,2,1
SF,IF2007,2020-05-27 09:42:14.200,3779.4000,7990,-1,396914640.000,1,0,1,双平,S,3778.4000,3777.8000,3777.0000,3776.0000,3775.8000,3780.0000,3780.4000,3781.0000,3782.0000,3782.2000,2,6,3,6,1,1,1,2,1,1
SF,IF2007,2020-05-27 09:42:14.700,3778.6000,7990,0,398048220.000,1,0,1,多换,S,3778.6000,3778.4000,3777.8000,3777.0000,3776.0000,3780.4000,3780.6000,3781.0000,3782.0000,3782.2000,1,2,6,3,6,1,1,2,1,1
SF,IF2007,2020-05-27 09:42:15.200,3778.6000,7990,0,398048220.000,0,-,-,-,-,3778.8000,3778.6000,3778.4000,3777.8000,3777.0000,3780.4000,3780.6000,3781.0000,3782.0000,3782.2000,1,1,2,6,3,1,1,2,1,1
SF,IF2007,2020-05-27 09:42:15.700,3778.6000,7990,0,398048220.000,0,-,-,-,-,3778.8000,3778.6000,3778.4000,3777.8000,3777.0000,3780.0000,3780.2000,3780.4000,3780.6000,3781.0000,1,1,2,6,3,1,2,1,1,2
SF,IF2007,2020-05-27 09:42:16.200,3778.6000,7990,0,398048220.000,0,-,-,-,-,3778.8000,3778.6000,3778.4000,3777.8000,3777.0000,3779.8000,3780.0000,3780.2000,3780.4000,3780.6000,1,1,2,6,3,1,1,1,1,1
SF,IF2007,2020-05-27 09:42:16.700,3778.6000,7990,0,398048220.000,0,-,-,-,-,3778.6000,3778.4000,3777.8000,3777.0000,3776.0000,3779.8000,3780.0000,3780.2000,3780.4000,3780.6000,1,2,6,3,6,1,1,1,1,1
SF,IF2007,2020-05-27 09:42:17.200,3778.6000,7990,0,398048220.000,0,-,-,-,-,3778.4000,3777.8000,3777.0000,3776.0000,3775.8000,3779.8000,3780.0000,3780.2000,3780.4000,3780.6000,2,6,3,6,1,1,1,1,1,1
SF,IF2007,2020-05-27 09:42:17.700,3778.6000,7990,0,398048220.000,0,-,-,-,-,3778.4000,3777.8000,3777.0000,3776.0000,3775.8000,3778.8000,3779.8000,3780.0000,3780.2000,3780.4000,2,6,3,6,1,1,1,1,1,1
SF,IF2007,2020-05-27 09:42:18.200,3778.8000,7990,0,399181860.000,1,0,1,多换,S,3778.4000,3777.8000,3777.0000,3776.0000,3775.8000,3779.8000,3780.2000,3780.4000,3780.6000,3781.0000,2,6,3,6,1,1,1,1,1,2
SF,IF2007,2020-05-27 09:42:18.700,3778.8000,7990,0,399181860.000,0,-,-,-,-,3778.6000,3778.4000,3777.8000,3777.0000,3776.0000,3779.8000,3780.2000,3780.4000,3780.6000,3781.0000,1,2,6,3,6,1,1,1,1,2
SF,IF2007,2020-05-27 09:42:20.200,3778.8000,7990,0,399181860.000,0,-,-,-,-,3778.6000,3778.4000,3777.8000,3777.0000,3776.0000,3779.6000,3779.8000,3780.2000,3780.4000,3780.6000,1,2,6,3,6,2,1,1,1,1
SF,IF2007,2020-05-27 09:42:21.200,3778.8000,7990,0,399181860.000,0,-,-,-,-,3778.6000,3778.4000,3777.8000,3777.0000,3776.0000,3779.6000,3779.8000,3780.2000,3780.4000,3780.6000,1,2,6,3,6,1,1,1,1,1
SF,IF2007,2020-05-27 09:42:22.200,3778.8000,7990,0,399181860.000,0,-,-,-,-,3778.6000,3778.4000,3777.8000,3777.0000,3776.0000,3779.8000,3780.2000,3780.4000,3780.6000,3781.0000,1,2,6,3,6,1,1,1,1,1
SF,IF2007,2020-05-27 09:42:22.700,3778.8000,7990,0,399181860.000,0,-,-,-,-,3778.8000,3778.6000,3778.4000,3777.8000,3777.0000,3779.8000,3780.2000,3780.4000,3780.6000,3781.0000,2,1,2,6,3,1,1,1,1,1
SF,IF2007,2020-05-27 09:42:23.200,3778.8000,7990,0,399181860.000,0,-,-,-,-,3779.0000,3778.8000,3778.4000,3777.8000,3777.0000,3779.8000,3780.2000,3780.4000,3780.6000,3781.0000,1,2,2,6,3,1,1,1,1,1
SF,IF2007,2020-05-27 09:42:24.200,3778.8000,7990,0,399181860.000,0,-,-,-,-,3779.0000,3778.8000,3778.4000,3777.8000,3777.0000,3779.8000,3780.2000,3780.6000,3781.0000,3782.0000,1,1,2,6,3,1,1,1,1,1
SF,IF2007,2020-05-27 09:42:25.200,3779.8000,7989,-1,400315800.000,1,0,1,双平,S,3779.2000,3779.0000,3778.4000,3777.8000,3777.0000,3780.2000,3781.0000,3781.2000,3782.0000,3782.2000,1,1,2,6,3,1,1,1,1,1
SF,IF2007,2020-05-27 09:42:25.700,3779.8000,7989,0,400315800.000,0,-,-,-,-,3780.2000,3779.2000,3779.0000,3778.4000,3777.8000,3781.0000,3781.2000,3782.0000,3782.2000,3782.8000,1,2,1,2,6,1,1,1,1,1
SF,IF2007,2020-05-27 09:42:26.200,3780.2000,7988,-1,401449860.000,1,0,1,双平,S,3779.2000,3779.0000,3778.4000,3777.8000,3777.0000,3780.8000,3781.0000,3781.2000,3782.0000,3782.2000,2,1,2,6,3,2,1,1,1,1
SF,IF2007,2020-05-27 09:42:26.700,3780.2000,7988,0,401449860.000,0,-,-,-,-,3779.4000,3779.2000,3778.4000,3777.8000,3777.0000,3780.8000,3781.0000,3781.2000,3782.0000,3782.2000,1,2,2,6,3,2,1,1,1,1
SF,IF2007,2020-05-27 09:42:27.200,3780.2000,7988,0,401449860.000,0,-,-,-,-,3779.6000,3779.4000,3779.2000,3778.4000,3777.8000,3780.8000,3781.0000,3781.2000,3782.0000,3782.2000,1,1,1,2,6,1,1,1,1,1
SF,IF2007,2020-05-27 09:42:27.700,3780.2000,7988,0,401449860.000,0,-,-,-,-,3779.8000,3779.6000,3779.2000,3778.4000,3777.8000,3780.8000,3781.0000,3781.2000,3782.0000,3782.2000,1,1,1,2,6,1,1,1,1,1
SF,IF2007,2020-05-27 09:42:31.700,3780.6000,7989,1,402584040.000,1,1,0,双开,S,3779.8000,3779.6000,3779.2000,3778.4000,3777.8000,3780.8000,3781.0000,3781.2000,3782.0000,3782.2000,1,1,1,2,6,1,1,1,1,1
SF,IF2007,2020-05-27 09:42:32.200,3780.6000,7989,0,402584040.000,0,-,-,-,-,3779.8000,3779.6000,3779.2000,3778.4000,3777.8000,3780.6000,3780.8000,3781.0000,3781.2000,3782.0000,1,1,1,2,6,1,1,1,1,1
SF,IF2007,2020-05-27 09:42:33.200,3780.6000,7989,0,402584040.000,0,-,-,-,-,3779.8000,3779.6000,3779.2000,3778.4000,3777.8000,3780.8000,3781.0000,3781.2000,3782.0000,3782.2000,1,1,1,2,6,1,1,1,1,1
SF,IF2007,2020-05-27 09:42:33.700,3780.6000,7989,0,402584040.000,0,-,-,-,-,3779.8000,3779.6000,3779.2000,3778.4000,3777.8000,3780.8000,3781.0000,3781.8000,3782.0000,3782.2000,1,1,1,2,6,1,1,1,1,1
SF,IF2007,2020-05-27 09:42:34.200,3780.8000,7988,-1,403718280.000,1,0,1,双平,S,3779.8000,3779.6000,3779.2000,3778.4000,3777.8000,3781.0000,3781.8000,3782.0000,3782.2000,3782.8000,1,1,1,2,6,1,1,1,1,1
SF,IF2007,2020-05-27 09:42:36.200,3780.8000,7988,0,403718280.000,0,-,-,-,-,3780.0000,3779.8000,3779.2000,3778.4000,3777.8000,3781.0000,3781.8000,3782.0000,3782.2000,3782.8000,1,1,1,2,6,1,1,1,1,1
SF,IF2007,2020-05-27 09:42:36.700,3780.8000,7988,0,403718280.000,0,-,-,-,-,3779.8000,3779.2000,3778.4000,3777.8000,3777.0000,3781.0000,3781.8000,3782.0000,3782.2000,3782.8000,1,1,2,6,3,1,1,1,1,1
SF,IF2007,2020-05-27 09:42:37.200,3780.8000,7988,0,403718280.000,0,-,-,-,-,3779.8000,3779.2000,3778.4000,3777.8000,3777.0000,3780.8000,3781.0000,3781.8000,3782.0000,3782.2000,1,1,2,6,3,1,1,1,1,1
SF,IF2007,2020-05-27 09:42:37.700,3780.8000,7988,0,403718280.000,0,-,-,-,-,3779.8000,3779.2000,3778.4000,3777.8000,3777.0000,3780.4000,3780.8000,3781.0000,3781.8000,3782.0000,1,1,2,6,3,1,1,1,1,1
SF,IF2007,2020-05-27 09:42:38.700,3780.8000,7988,0,403718280.000,0,-,-,-,-,3779.8000,3779.2000,3778.4000,3777.8000,3777.0000,3780.4000,3781.0000,3781.8000,3782.0000,3782.2000,1,1,2,6,3,1,1,1,1,1
SF,IF2007,2020-05-27 09:42:39.200,3780.8000,7988,0,403718280.000,0,-,-,-,-,3779.8000,3778.4000,3777.8000,3777.0000,3776.0000,3780.4000,3781.0000,3781.8000,3782.0000,3782.2000,1,2,6,3,6,1,1,1,1,1
SF,IF2007,2020-05-27 09:42:41.700,3780.4000,7987,-1,404852400.000,1,0,1,双平,S,3779.8000,3778.4000,3777.8000,3777.0000,3776.0000,3781.0000,3781.8000,3782.0000,3782.2000,3782.8000,1,2,6,3,6,1,1,1,1,1
SF,IF2007,2020-05-27 09:42:44.200,3780.4000,7987,0,404852400.000,0,-,-,-,-,3780.0000,3779.8000,3778.4000,3777.8000,3777.0000,3781.0000,3781.8000,3782.0000,3782.2000,3782.8000,1,1,2,6,3,1,1,1,1,1
SF,IF2007,2020-05-27 09:42:44.700,3780.4000,7987,0,404852400.000,0,-,-,-,-,3780.2000,3780.0000,3778.4000,3777.8000,3777.0000,3781.0000,3781.8000,3782.0000,3782.2000,3782.8000,1,1,2,6,3,1,1,1,1,1
SF,IF2007,2020-05-27 09:42:45.200,3780.4000,7987,0,404852400.000,0,-,-,-,-,3780.2000,3778.4000,3777.8000,3777.0000,3776.0000,3781.8000,3782.0000,3782.2000,3782.8000,3784.6000,1,2,6,3,6,1,1,1,1,1
SF,IF2007,2020-05-27 09:42:45.700,3780.4000,7987,0,404852400.000,0,-,-,-,-,3780.2000,3778.4000,3777.8000,3777.0000,3776.0000,3781.6000,3781.8000,3782.8000,3784.6000,3785.0000,1,2,6,3,6,3,1,1,1,6
SF,IF2007,2020-05-27 09:42:46.200,3780.4000,7987,0,404852400.000,0,-,-,-,-,3780.2000,3778.4000,3777.8000,3777.0000,3776.0000,3781.6000,3781.8000,3782.8000,3784.6000,3785.0000,1,2,6,3,6,2,1,1,1,6
SF,IF2007,2020-05-27 09:42:46.700,3780.4000,7987,0,404852400.000,0,-,-,-,-,3780.2000,3778.4000,3777.8000,3777.0000,3776.0000,3781.6000,3781.8000,3782.8000,3784.6000,3785.0000,1,2,6,3,6,1,1,1,1,6
SF,IF2007,2020-05-27 09:42:47.200,3780.4000,7987,0,404852400.000,0,-,-,-,-,3780.2000,3778.4000,3777.8000,3777.0000,3776.0000,3781.2000,3781.6000,3781.8000,3782.8000,3784.6000,1,2,6,3,6,1,1,1,1,1
SF,IF2007,2020-05-27 09:42:47.700,3780.4000,7987,0,404852400.000,0,-,-,-,-,3780.2000,3778.4000,3777.8000,3777.0000,3776.0000,3781.2000,3781.8000,3782.8000,3784.6000,3785.0000,1,2,6,3,6,1,1,1,1,6
SF,IF2007,2020-05-27 09:42:48.200,3780.4000,7987,0,404852400.000,0,-,-,-,-,3780.2000,3780.0000,3778.4000,3777.8000,3777.0000,3781.2000,3781.8000,3782.8000,3784.6000,3785.0000,1,2,2,6,3,1,1,1,1,6
SF,IF2007,2020-05-27 09:42:48.700,3780.4000,7987,0,404852400.000,0,-,-,-,-,3781.0000,3780.2000,3780.0000,3778.4000,3777.8000,3781.2000,3781.8000,3782.8000,3784.6000,3785.0000,1,1,2,2,6,1,1,1,1,6
SF,IF2007,2020-05-27 09:42:49.200,3780.4000,7987,0,404852400.000,0,-,-,-,-,3781.0000,3780.2000,3780.0000,3778.4000,3777.8000,3781.2000,3782.4000,3782.8000,3784.6000,3785.0000,1,1,2,2,6,1,1,1,1,6
SF,IF2007,2020-05-27 09:42:49.700,3780.4000,7987,0,404852400.000,0,-,-,-,-,3781.0000,3780.2000,3780.0000,3778.4000,3777.8000,3782.4000,3782.8000,3784.6000,3785.0000,3785.2000,1,1,2,2,6,1,1,1,6,6
SF,IF2007,2020-05-27 09:42:50.200,3780.4000,7987,0,404852400.000,0,-,-,-,-,3781.2000,3781.0000,3780.0000,3778.4000,3777.8000,3782.2000,3782.4000,3782.8000,3784.6000,3785.0000,1,1,2,2,6,1,1,1,1,6
SF,IF2007,2020-05-27 09:42:50.700,3780.4000,7987,0,404852400.000,0,-,-,-,-,3781.2000,3781.0000,3780.0000,3778.4000,3778.0000,3782.2000,3782.4000,3782.8000,3784.6000,3785.0000,1,1,2,2,1,1,1,1,1,6
SF,IF2007,2020-05-27 09:42:51.200,3780.4000,7987,0,404852400.000,0,-,-,-,-,3781.2000,3781.0000,3780.0000,3778.4000,3778.0000,3782.0000,3782.4000,3782.8000,3784.6000,3785.0000,1,1,2,2,1,1,1,1,1,6
SF,IF2007,2020-05-27 09:42:51.700,3780.4000,7987,0,404852400.000,0,-,-,-,-,3781.0000,3780.0000,3778.4000,3778.0000,3777.8000,3782.0000,3782.4000,3782.8000,3784.6000,3785.0000,1,2,2,1,6,1,1,1,1,6
SF,IF2007,2020-05-27 09:42:52.200,3781.0000,7986,-1,405986700.000,1,0,1,双平,S,3780.0000,3778.4000,3778.0000,3777.8000,3777.0000,3781.2000,3781.8000,3782.0000,3782.4000,3782.8000,2,2,1,6,3,1,2,1,1,1
SF,IF2007,2020-05-27 09:42:52.700,3781.0000,7986,0,405986700.000,0,-,-,-,-,3780.2000,3780.0000,3778.4000,3778.0000,3777.8000,3781.2000,3781.8000,3782.0000,3782.4000,3782.8000,2,2,2,1,6,1,2,1,1,1
SF,IF2007,2020-05-27 09:42:54.200,3781.0000,7986,0,405986700.000,0,-,-,-,-,3780.2000,3780.0000,3778.4000,3778.0000,3777.8000,3781.2000,3781.8000,3782.0000,3782.4000,3782.8000,2,2,2,1,6,1,1,1,1,1
SF,IF2007,2020-05-27 09:43:00.200,3781.0000,7986,0,405986700.000,0,-,-,-,-,3780.4000,3780.2000,3780.0000,3778.4000,3778.0000,3781.2000,3781.4000,3781.8000,3782.0000,3782.4000,1,2,2,2,1,1,1,1,1,1
SF,IF2007,2020-05-27 09:43:00.700,3781.0000,7986,0,405986700.000,0,-,-,-,-,3780.6000,3780.4000,3780.2000,3780.0000,3778.4000,3781.2000,3781.4000,3781.8000,3782.0000,3782.4000,1,1,1,2,1,1,1,1,1,1
SF,IF2007,2020-05-27 09:43:02.200,3781.0000,7986,0,405986700.000,0,-,-,-,-,3780.6000,3780.2000,3780.0000,3778.4000,3778.0000,3781.2000,3781.4000,3781.8000,3782.0000,3782.4000,1,1,2,1,1,1,1,1,1,1
SF,IF2007,2020-05-27 09:43:03.200,3781.2000,7986,0,407121060.000,1,0,1,多换,S,3780.6000,3780.2000,3780.0000,3778.4000,3778.0000,3781.4000,3781.8000,3782.0000,3782.4000,3782.8000,1,1,2,1,1,1,1,1,1,1
SF,IF2007,2020-05-27 09:43:03.700,3781.2000,7986,0,407121060.000,0,-,-,-,-,3780.6000,3780.2000,3780.0000,3778.4000,3778.0000,3781.4000,3782.0000,3782.4000,3782.8000,3784.6000,1,1,2,1,1,1,1,1,1,1
SF,IF2007,2020-05-27 09:43:05.200,3781.2000,7986,0,407121060.000,0,-,-,-,-,3780.6000,3780.0000,3778.4000,3778.0000,3777.8000,3781.4000,3782.0000,3782.4000,3782.8000,3784.6000,1,2,1,1,6,1,1,1,1,1
SF,IF2007,2020-05-27 09:43:06.700,3781.2000,7986,0,407121060.000,0,-,-,-,-,3780.6000,3780.0000,3778.0000,3777.8000,3777.0000,3781.4000,3781.8000,3782.0000,3782.4000,3782.8000,1,2,1,6,3,1,1,1,1,1
SF,IF2007,2020-05-27 09:43:09.700,3781.4000,7985,-1,408255480.000,1,0,1,双平,S,3780.8000,3780.6000,3780.0000,3778.0000,3777.8000,3781.8000,3782.0000,3782.4000,3782.8000,3784.6000,1,1,2,1,6,1,1,1,1,1
SF,IF2007,2020-05-27 09:43:10.200,3781.4000,7985,0,408255480.000,0,-,-,-,-,3781.0000,3780.8000,3780.0000,3778.0000,3777.8000,3781.8000,3782.0000,3782.4000,3782.8000,3784.6000,1,1,2,1,6,1,1,1,1,1
SF,IF2007,2020-05-27 09:43:11.700,3781.4000,7985,0,408255480.000,0,-,-,-,-,3781.0000,3780.0000,3778.0000,3777.8000,3777.0000,3781.8000,3782.0000,3782.4000,3782.8000,3784.6000,1,2,1,6,3,1,1,1,1,1
SF,IF2007,2020-05-27 09:43:14.700,3781.4000,7985,0,408255480.000,0,-,-,-,-,3781.0000,3780.0000,3778.0000,3777.8000,3777.0000,3781.8000,3782.0000,3782.4000,3782.8000,3784.6000,1,7,1,6,3,1,1,1,1,1
SF,IF2007,2020-05-27 09:43:18.200,3781.4000,7985,0,408255480.000,0,-,-,-,-,3781.0000,3780.0000,3778.0000,3777.8000,3777.0000,3781.8000,3782.4000,3782.8000,3784.6000,3785.0000,1,7,1,6,3,1,1,1,1,6
SF,IF2007,2020-05-27 09:43:20.700,3781.8000,7986,1,409390020.000,1,1,0,双开,S,3781.0000,3780.0000,3778.0000,3777.8000,3777.0000,3782.8000,3783.0000,3784.6000,3785.0000,3785.2000,1,7,1,6,3,1,1,1,6,6
SF,IF2007,2020-05-27 09:43:21.200,3781.8000,7986,0,409390020.000,0,-,-,-,-,3781.0000,3780.0000,3778.0000,3777.8000,3777.0000,3782.6000,3782.8000,3783.0000,3784.6000,3785.0000,1,7,1,6,3,1,1,1,1,6
SF,IF2007,2020-05-27 09:43:23.700,3781.8000,7986,0,409390020.000,0,-,-,-,-,3781.4000,3781.2000,3781.0000,3780.0000,3778.0000,3782.6000,3782.8000,3783.0000,3784.6000,3785.0000,1,1,1,7,1,1,1,1,1,6
SF,IF2007,2020-05-27 09:43:24.200,3781.8000,7986,0,409390020.000,0,-,-,-,-,3781.6000,3781.4000,3781.2000,3780.0000,3778.0000,3782.6000,3782.8000,3783.0000,3784.6000,3785.0000,1,1,1,7,1,1,1,1,1,6
SF,IF2007,2020-05-27 09:43:25.700,3781.8000,7986,0,409390020.000,0,-,-,-,-,3781.6000,3781.4000,3781.2000,3780.0000,3778.0000,3782.4000,3782.6000,3782.8000,3783.0000,3784.6000,1,1,1,7,1,1,1,1,1,1
SF,IF2007,2020-05-27 09:43:26.200,3781.8000,7986,0,409390020.000,0,-,-,-,-,3781.6000,3781.2000,3780.0000,3778.0000,3777.8000,3782.4000,3782.6000,3782.8000,3783.0000,3784.6000,1,1,7,1,6,1,1,1,1,1
SF,IF2007,2020-05-27 09:43:26.700,3781.8000,7986,0,409390020.000,0,-,-,-,-,3781.6000,3781.2000,3780.0000,3778.0000,3777.8000,3782.4000,3782.6000,3782.8000,3783.0000,3784.6000,1,1,7,1,6,1,1,1,1,1
SF,IF2007,2020-05-27 09:43:27.200,3782.2000,7985,-1,410524680.000,1,0,1,双平,S,3781.6000,3781.2000,3780.0000,3778.0000,3777.8000,3782.4000,3782.6000,3782.8000,3783.0000,3784.6000,1,1,7,1,6,1,1,1,1,1
SF,IF2007,2020-05-27 09:43:28.200,3781.6000,7984,-1,411659160.000,1,0,1,双平,S,3781.2000,3780.0000,3778.0000,3777.8000,3777.0000,3782.4000,3782.6000,3782.8000,3783.0000,3784.6000,1,7,1,6,3,1,1,1,1,1
SF,IF2007,2020-05-27 09:43:28.700,3781.6000,7984,0,411659160.000,0,-,-,-,-,3781.4000,3780.0000,3778.0000,3777.8000,3777.0000,3782.4000,3782.8000,3783.0000,3784.6000,3785.0000,1,7,1,6,3,1,1,1,1,6
SF,IF2007,2020-05-27 09:43:32.700,3781.6000,7984,0,411659160.000,0,-,-,-,-,3782.0000,3781.4000,3780.0000,3778.0000,3777.8000,3782.4000,3782.8000,3783.0000,3784.6000,3785.0000,2,1,7,1,6,1,1,1,1,6
SF,IF2007,2020-05-27 09:43:33.200,3781.6000,7984,0,411659160.000,0,-,-,-,-,3782.0000,3781.4000,3780.0000,3778.0000,3777.8000,3782.4000,3782.8000,3783.0000,3784.6000,3785.0000,2,1,7,1,6,1,1,1,1,6
SF,IF2007,2020-05-27 09:43:33.700,3781.6000,7984,0,411659160.000,0,-,-,-,-,3782.0000,3781.4000,3780.0000,3778.0000,3777.8000,3782.4000,3782.8000,3783.0000,3784.6000,3785.0000,2,1,7,1,6,1,1,1,1,6
SF,IF2007,2020-05-27 09:43:34.700,3782.0000,7982,-2,413928360.000,2,0,2,双平,S,3781.4000,3780.0000,3778.0000,3777.8000,3777.0000,3782.0000,3782.4000,3782.8000,3783.0000,3784.6000,1,7,1,6,3,1,1,1,1,1
SF,IF2007,2020-05-27 09:43:35.700,3782.0000,7981,-1,415062960.000,1,0,1,双平,S,3781.4000,3780.0000,3778.0000,3777.8000,3777.0000,3782.8000,3783.0000,3784.6000,3785.0000,3785.2000,1,7,1,6,3,1,1,1,6,6
SF,IF2007,2020-05-27 09:43:36.700,3782.0000,7981,0,415062960.000,0,-,-,-,-,3782.2000,3781.4000,3780.0000,3778.0000,3777.8000,3782.8000,3783.0000,3784.6000,3785.0000,3785.2000,5,1,7,1,6,1,1,1,6,6
SF,IF2007,2020-05-27 09:43:38.700,3782.2000,7981,0,416197620.000,1,0,1,多换,S,3782.2000,3781.4000,3780.0000,3778.0000,3777.8000,3782.8000,3783.0000,3784.6000,3785.0000,3785.2000,4,1,7,1,6,1,1,1,6,6
SF,IF2007,2020-05-27 09:43:39.200,3782.2000,7981,0,416197620.000,0,-,-,-,-,3782.2000,3781.4000,3780.0000,3778.0000,3777.8000,3782.4000,3782.6000,3782.8000,3783.0000,3784.6000,4,1,7,1,6,1,2,1,1,1
SF,IF2007,2020-05-27 09:43:40.700,3782.2000,7982,1,417332280.000,1,1,0,双开,S,3782.2000,3781.4000,3780.0000,3778.0000,3777.8000,3782.4000,3782.6000,3782.8000,3783.0000,3784.6000,3,1,7,1,6,1,2,1,1,1
SF,IF2007,2020-05-27 09:43:42.700,3782.2000,7983,1,418466940.000,1,1,0,双开,S,3782.2000,3781.4000,3780.0000,3778.0000,3777.8000,3782.4000,3782.6000,3782.8000,3783.0000,3784.6000,2,1,7,1,6,1,2,1,1,1
SF,IF2007,2020-05-27 09:43:44.700,3782.2000,7983,0,420736260.000,2,1,1,多换,S,3781.4000,3780.0000,3778.0000,3777.8000,3777.0000,3782.4000,3782.6000,3782.8000,3783.0000,3784.6000,1,7,1,6,3,1,2,1,1,1
SF,IF2007,2020-05-27 09:43:45.200,3782.2000,7983,0,420736260.000,0,-,-,-,-,3781.4000,3780.0000,3778.0000,3777.8000,3777.0000,3782.4000,3782.8000,3783.0000,3784.6000,3785.0000,1,7,1,6,3,1,1,1,1,6
SF,IF2007,2020-05-27 09:43:45.700,3782.2000,7983,0,420736260.000,0,-,-,-,-,3781.4000,3780.0000,3778.0000,3777.8000,3777.0000,3782.4000,3782.8000,3783.0000,3784.6000,3785.0000,1,8,1,6,3,1,1,1,1,6
SF,IF2007,2020-05-27 09:43:48.200,3782.2000,7983,0,420736260.000,0,-,-,-,-,3782.0000,3781.6000,3781.4000,3780.0000,3778.0000,3782.4000,3782.8000,3783.6000,3784.6000,3785.0000,5,1,1,8,1,1,1,1,1,6
SF,IF2007,2020-05-27 09:43:50.700,3782.2000,7983,0,420736260.000,0,-,-,-,-,3782.0000,3781.4000,3780.0000,3778.0000,3777.8000,3782.4000,3782.8000,3783.6000,3784.6000,3785.0000,5,1,8,1,6,1,1,1,1,6
SF,IF2007,2020-05-27 09:43:52.700,3782.4000,7982,-1,421870980.000,1,0,1,双平,S,3782.0000,3781.4000,3780.0000,3778.0000,3777.8000,3782.8000,3783.6000,3784.6000,3785.0000,3785.2000,5,1,8,1,6,1,1,1,6,6
SF,IF2007,2020-05-27 09:43:53.200,3782.4000,7982,0,421870980.000,0,-,-,-,-,3782.4000,3782.0000,3781.4000,3780.0000,3778.0000,3782.8000,3783.6000,3784.6000,3785.0000,3785.2000,1,5,1,8,1,1,1,1,6,6
SF,IF2007,2020-05-27 09:43:55.200,3782.8000,7982,0,423005820.000,1,0,1,多换,S,3782.0000,3781.4000,3780.0000,3778.0000,3777.8000,3783.6000,3784.6000,3785.0000,3785.2000,3785.6000,5,1,8,1,6,1,1,6,6,5
SF,IF2007,2020-05-27 09:43:55.700,3782.8000,7982,0,423005820.000,0,-,-,-,-,3782.2000,3782.0000,3780.0000,3778.0000,3777.8000,3783.2000,3783.4000,3783.6000,3784.6000,3785.0000,1,5,8,1,6,1,3,1,1,6
SF,IF2007,2020-05-27 09:43:56.200,3782.8000,7982,0,423005820.000,0,-,-,-,-,3782.0000,3780.0000,3778.0000,3777.8000,3777.0000,3782.2000,3783.0000,3783.2000,3783.4000,3783.6000,5,8,1,6,3,1,1,1,3,1
SF,IF2007,2020-05-27 09:43:56.700,3782.2000,7981,-1,424140480.000,1,0,1,双平,S,3782.0000,3780.0000,3778.0000,3777.8000,3777.0000,3783.0000,3783.4000,3783.6000,3784.6000,3785.0000,5,8,1,6,3,1,3,1,1,6
SF,IF2007,2020-05-27 09:43:57.200,3782.2000,7981,0,424140480.000,0,-,-,-,-,3782.0000,3780.0000,3778.0000,3777.8000,3777.0000,3782.8000,3783.0000,3783.4000,3783.6000,3784.6000,5,8,1,6,3,1,1,3,1,1
SF,IF2007,2020-05-27 09:43:58.700,3782.0000,7981,0,425275080.000,1,0,1,多换,S,3782.0000,3780.0000,3778.0000,3777.8000,3777.0000,3782.8000,3783.0000,3783.4000,3783.6000,3784.6000,4,8,1,6,3,1,1,3,1,1
SF,IF2007,2020-05-27 09:44:01.200,3782.0000,7981,0,429813480.000,4,2,2,多换,S,3780.0000,3778.0000,3777.8000,3777.0000,3776.0000,3782.8000,3783.0000,3783.4000,3783.6000,3784.6000,8,1,6,3,6,1,1,3,1,1
SF,IF2007,2020-05-27 09:44:01.700,3782.0000,7981,0,429813480.000,0,-,-,-,-,3781.4000,3781.0000,3780.6000,3780.4000,3780.2000,3782.8000,3783.4000,3783.6000,3784.6000,3785.0000,1,1,3,1,7,1,3,1,1,6
SF,IF2007,2020-05-27 09:44:02.200,3782.0000,7981,0,429813480.000,0,-,-,-,-,3780.6000,3780.4000,3780.2000,3780.0000,3778.0000,3782.6000,3782.8000,3783.6000,3784.6000,3785.0000,1,1,7,8,1,1,1,1,1,6
SF,IF2007,2020-05-27 09:44:02.700,3782.0000,7981,0,429813480.000,0,-,-,-,-,3781.4000,3781.2000,3781.0000,3780.8000,3780.6000,3782.6000,3782.8000,3783.6000,3784.6000,3785.0000,1,1,2,3,1,1,1,1,1,6
SF,IF2007,2020-05-27 09:44:03.200,3782.0000,7981,0,430948080.000,1,0,1,多换,S,3782.0000,3780.8000,3780.4000,3780.2000,3780.0000,3782.4000,3782.6000,3782.8000,3783.6000,3784.6000,4,3,1,3,8,1,1,1,1,1
SF,IF2007,2020-05-27 09:44:03.700,3780.8000,7979,-2,438889200.000,7,2,5,多平,S,3780.4000,3780.2000,3780.0000,3778.0000,3777.8000,3781.8000,3782.0000,3782.2000,3782.4000,3782.6000,1,3,8,1,6,1,1,4,2,1
SF,IF2007,2020-05-27 09:44:04.200,3780.8000,7979,0,438889200.000,0,-,-,-,-,3780.0000,3778.0000,3777.8000,3777.0000,3776.0000,3781.6000,3782.0000,3782.2000,3782.4000,3782.8000,8,1,6,3,6,3,1,2,1,1
SF,IF2007,2020-05-27 09:44:04.700,3780.0000,7979,0,440023200.000,1,0,1,多换,S,3780.0000,3778.0000,3777.8000,3777.0000,3776.0000,3781.2000,3781.6000,3782.0000,3782.2000,3782.4000,7,1,6,3,6,1,3,1,2,1
SF,IF2007,2020-05-27 09:44:05.200,3780.0000,7979,0,440023200.000,0,-,-,-,-,3780.0000,3778.0000,3777.8000,3777.0000,3776.0000,3781.0000,3782.0000,3782.2000,3782.4000,3782.8000,7,1,6,3,6,4,1,2,1,1
SF,IF2007,2020-05-27 09:44:05.700,3780.0000,7979,0,440023200.000,0,-,-,-,-,3780.2000,3780.0000,3778.0000,3777.8000,3777.0000,3781.0000,3782.0000,3782.2000,3782.4000,3782.8000,1,7,1,6,3,1,1,2,1,1
SF,IF2007,2020-05-27 09:44:06.200,3780.0000,7979,0,440023200.000,0,-,-,-,-,3780.2000,3780.0000,3778.0000,3777.8000,3777.0000,3781.0000,3782.0000,3782.4000,3782.8000,3784.6000,1,7,1,6,3,1,1,1,1,1
SF,IF2007,2020-05-27 09:44:06.700,3780.0000,7979,0,440023200.000,0,-,-,-,-,3780.2000,3780.0000,3778.0000,3777.8000,3777.0000,3781.0000,3782.0000,3782.4000,3782.8000,3784.6000,1,7,1,6,3,1,1,1,1,1
SF,IF2007,2020-05-27 09:44:08.700,3780.0000,7979,0,440023200.000,0,-,-,-,-,3780.2000,3780.0000,3778.0000,3777.8000,3777.0000,3782.0000,3782.4000,3782.8000,3784.6000,3785.0000,1,7,1,6,3,1,1,1,1,6
SF,IF2007,2020-05-27 09:44:09.200,3780.2000,7978,-1,441157260.000,1,0,1,双平,S,3780.0000,3778.0000,3777.8000,3777.0000,3776.0000,3781.8000,3782.0000,3782.4000,3782.8000,3784.6000,7,1,6,3,6,6,1,1,1,1
SF,IF2007,2020-05-27 09:44:09.700,3780.2000,7978,0,441157260.000,0,-,-,-,-,3781.0000,3780.0000,3778.0000,3777.8000,3777.0000,3781.8000,3782.0000,3782.4000,3782.8000,3784.6000,5,7,1,6,3,6,1,1,1,1
SF,IF2007,2020-05-27 09:44:10.200,3781.0000,7978,0,446828760.000,5,2,3,多换,S,3780.0000,3778.0000,3777.8000,3777.0000,3776.0000,3781.8000,3782.0000,3782.4000,3782.8000,3784.6000,7,1,6,3,6,4,1,1,1,1
SF,IF2007,2020-05-27 09:44:10.700,3781.0000,7978,0,446828760.000,0,-,-,-,-,3780.2000,3780.0000,3778.0000,3777.8000,3777.0000,3781.8000,3782.0000,3782.4000,3782.8000,3784.6000,1,7,1,6,3,3,1,1,1,1
SF,IF2007,2020-05-27 09:44:11.200,3781.0000,7978,0,446828760.000,0,-,-,-,-,3780.0000,3778.0000,3777.8000,3777.0000,3776.0000,3781.4000,3781.6000,3781.8000,3782.0000,3782.4000,7,1,6,3,6,1,2,3,1,1
SF,IF2007,2020-05-27 09:44:11.700,3781.0000,7978,0,446828760.000,0,-,-,-,-,3780.0000,3778.0000,3777.8000,3777.0000,3776.0000,3781.2000,3781.4000,3781.6000,3782.0000,3782.4000,7,1,6,3,6,3,1,2,1,1
SF,IF2007,2020-05-27 09:44:13.200,3781.0000,7978,0,446828760.000,0,-,-,-,-,3780.0000,3778.0000,3777.8000,3777.0000,3776.0000,3781.0000,3781.2000,3781.6000,3782.0000,3782.4000,7,1,6,3,6,2,3,2,1,1
SF,IF2007,2020-05-27 09:44:13.700,3780.0000,7977,-1,449096760.000,2,0,2,多平,S,3780.0000,3778.0000,3777.8000,3777.0000,3776.0000,3780.8000,3781.0000,3781.6000,3782.0000,3782.4000,5,1,6,3,6,7,2,2,1,1
SF,IF2007,2020-05-27 09:44:14.200,3780.0000,7977,0,449096760.000,0,-,-,-,-,3780.0000,3778.0000,3777.8000,3777.0000,3776.0000,3780.2000,3780.8000,3781.0000,3781.2000,3781.6000,5,1,6,3,6,1,7,1,1,2
SF,IF2007,2020-05-27 09:44:15.200,3780.0000,7977,0,451364760.000,2,1,1,多换,S,3780.0000,3778.0000,3777.8000,3777.0000,3776.0000,3780.2000,3780.8000,3781.0000,3781.2000,3781.6000,3,1,6,3,6,1,7,1,1,2
SF,IF2007,2020-05-27 09:44:15.700,3780.0000,7977,0,454766760.000,3,1,2,多换,S,3778.0000,3777.8000,3777.0000,3776.0000,3775.8000,3780.2000,3780.8000,3781.0000,3781.2000,3781.6000,1,6,3,6,1,1,6,1,1,2
SF,IF2007,2020-05-27 09:44:16.200,3780.0000,7977,0,454766760.000,0,-,-,-,-,3778.6000,3778.2000,3778.0000,3777.8000,3777.0000,3780.0000,3780.2000,3780.8000,3781.0000,3781.2000,2,7,1,6,3,1,1,6,1,1
SF,IF2007,2020-05-27 09:44:16.700,3780.0000,7977,0,454766760.000,0,-,-,-,-,3778.6000,3778.2000,3778.0000,3777.8000,3777.0000,3779.8000,3780.0000,3780.2000,3780.8000,3781.0000,2,5,1,6,3,1,1,1,6,1
SF,IF2007,2020-05-27 09:44:17.200,3780.0000,7977,0,454766760.000,0,-,-,-,-,3778.8000,3778.6000,3778.2000,3778.0000,3777.8000,3779.8000,3780.0000,3780.2000,3780.8000,3781.0000,1,2,4,1,6,1,1,1,6,1
SF,IF2007,2020-05-27 09:44:17.700,3780.0000,7977,0,454766760.000,0,-,-,-,-,3778.6000,3778.2000,3778.0000,3777.8000,3777.0000,3779.8000,3780.0000,3780.2000,3780.8000,3781.0000,1,4,1,6,3,1,1,1,2,1
SF,IF2007,2020-05-27 09:44:18.200,3780.0000,7977,0,454766760.000,0,-,-,-,-,3778.8000,3778.6000,3778.2000,3778.0000,3777.8000,3779.8000,3780.0000,3780.2000,3780.8000,3781.0000,1,1,3,1,6,1,1,1,2,1
SF,IF2007,2020-05-27 09:44:20.200,3779.8000,7976,-1,455900700.000,1,0,1,双平,S,3779.0000,3778.8000,3778.6000,3778.2000,3778.0000,3780.0000,3780.2000,3780.8000,3781.0000,3781.2000,2,1,1,3,1,1,1,2,1,1
SF,IF2007,2020-05-27 09:44:20.700,3779.8000,7976,0,455900700.000,0,-,-,-,-,3779.0000,3778.8000,3778.6000,3778.2000,3778.0000,3779.8000,3780.0000,3780.2000,3780.8000,3781.0000,1,1,1,3,1,1,1,1,2,1
SF,IF2007,2020-05-27 09:44:21.200,3779.8000,7975,-1,457034640.000,1,0,1,双平,S,3779.0000,3778.8000,3778.6000,3778.2000,3778.0000,3780.0000,3780.2000,3780.8000,3781.0000,3781.2000,1,1,1,3,1,1,1,2,1,1
SF,IF2007,2020-05-27 09:44:22.200,3779.0000,7974,-1,458168340.000,1,0,1,双平,S,3778.8000,3778.6000,3778.2000,3778.0000,3777.8000,3780.0000,3780.2000,3780.8000,3781.0000,3781.2000,1,1,3,1,6,1,1,2,1,1
SF,IF2007,2020-05-27 09:44:22.700,3779.0000,7974,0,458168340.000,0,-,-,-,-,3778.6000,3778.2000,3778.0000,3777.8000,3777.0000,3779.8000,3780.0000,3780.2000,3780.8000,3781.0000,1,3,1,6,3,2,1,1,2,1
SF,IF2007,2020-05-27 09:44:24.200,3779.0000,7974,0,458168340.000,0,-,-,-,-,3778.6000,3778.2000,3778.0000,3777.8000,3777.0000,3779.8000,3780.0000,3780.2000,3780.8000,3781.0000,1,2,1,6,3,1,1,1,2,1
SF,IF2007,2020-05-27 09:44:24.700,3779.0000,7974,0,458168340.000,0,-,-,-,-,3778.8000,3778.6000,3778.2000,3778.0000,3777.8000,3779.8000,3780.0000,3780.2000,3780.8000,3781.0000,1,1,2,1,6,1,1,1,2,1
SF,IF2007,2020-05-27 09:44:25.700,3779.0000,7974,0,458168340.000,0,-,-,-,-,3778.8000,3778.6000,3778.2000,3778.0000,3777.8000,3779.8000,3780.0000,3780.2000,3780.8000,3781.0000,1,1,2,1,6,1,1,1,2,1
SF,IF2007,2020-05-27 09:44:26.200,3779.0000,7974,0,458168340.000,0,-,-,-,-,3778.8000,3778.6000,3778.2000,3778.0000,3777.8000,3780.0000,3780.2000,3780.8000,3781.0000,3781.2000,1,1,2,1,6,1,1,2,1,1
SF,IF2007,2020-05-27 09:44:27.200,3779.0000,7974,0,458168340.000,0,-,-,-,-,3778.8000,3778.6000,3778.2000,3778.0000,3777.8000,3779.8000,3780.0000,3780.2000,3780.8000,3781.0000,1,1,2,1,6,1,1,1,2,1
SF,IF2007,2020-05-27 09:44:27.700,3779.0000,7974,0,458168340.000,0,-,-,-,-,3778.8000,3778.6000,3778.2000,3778.0000,3777.8000,3779.6000,3779.8000,3780.0000,3780.2000,3780.8000,1,1,2,1,6,1,1,1,1,2
SF,IF2007,2020-05-27 09:44:28.200,3779.0000,7974,0,458168340.000,0,-,-,-,-,3779.0000,3778.8000,3778.6000,3778.2000,3778.0000,3779.6000,3779.8000,3780.0000,3780.2000,3780.8000,1,1,1,2,1,1,1,1,1,2
SF,IF2007,2020-05-27 09:44:28.700,3779.0000,7974,0,458168340.000,0,-,-,-,-,3778.8000,3778.6000,3778.2000,3778.0000,3777.8000,3779.8000,3780.0000,3780.2000,3780.8000,3781.0000,1,1,2,1,6,1,1,1,2,1
SF,IF2007,2020-05-27 09:44:29.700,3779.0000,7974,0,458168340.000,0,-,-,-,-,3778.8000,3778.6000,3778.2000,3778.0000,3777.8000,3780.0000,3780.2000,3780.8000,3781.0000,3781.2000,2,1,2,1,6,1,1,2,1,1
SF,IF2007,2020-05-27 09:44:30.200,3779.0000,7974,0,458168340.000,0,-,-,-,-,3778.8000,3778.6000,3778.2000,3778.0000,3777.8000,3779.8000,3780.0000,3780.2000,3780.8000,3781.0000,2,1,2,1,6,1,1,1,2,1
SF,IF2007,2020-05-27 09:44:30.700,3779.0000,7974,0,458168340.000,0,-,-,-,-,3778.8000,3778.6000,3778.2000,3778.0000,3777.8000,3780.0000,3780.2000,3780.8000,3781.0000,3781.2000,2,1,2,1,6,1,1,2,1,1
SF,IF2007,2020-05-27 09:44:31.200,3779.0000,7974,0,458168340.000,0,-,-,-,-,3778.8000,3778.6000,3778.2000,3778.0000,3777.8000,3779.8000,3780.0000,3780.2000,3780.8000,3781.0000,2,1,2,1,6,1,1,1,2,1
SF,IF2007,2020-05-27 09:44:32.700,3779.0000,7974,0,458168340.000,0,-,-,-,-,3778.8000,3778.6000,3778.2000,3778.0000,3777.8000,3779.8000,3780.0000,3780.2000,3780.8000,3781.0000,2,1,2,1,6,1,1,1,2,1
SF,IF2007,2020-05-27 09:44:33.200,3780.0000,7972,-2,460436280.000,2,0,2,双平,S,3779.0000,3778.8000,3778.6000,3778.2000,3778.0000,3780.2000,3780.8000,3781.0000,3781.2000,3782.0000,1,2,1,2,1,1,2,1,1,1
SF,IF2007,2020-05-27 09:44:33.700,3780.2000,7972,0,461570340.000,1,0,1,多换,S,3779.2000,3779.0000,3778.8000,3778.6000,3778.2000,3780.8000,3781.0000,3781.2000,3782.0000,3782.8000,1,1,1,1,2,2,1,1,1,1
SF,IF2007,2020-05-27 09:44:34.200,3780.8000,7971,-1,463838820.000,2,0,2,多平,S,3779.6000,3779.4000,3779.2000,3779.0000,3778.6000,3781.0000,3781.8000,3782.0000,3782.8000,3784.6000,1,6,1,1,1,1,1,1,1,1
SF,IF2007,2020-05-27 09:44:34.700,3781.0000,7970,-1,464973120.000,1,0,1,双平,S,3779.8000,3779.6000,3779.4000,3779.2000,3779.0000,3781.8000,3782.0000,3782.8000,3784.6000,3785.0000,2,1,2,1,1,1,1,1,1,6
SF,IF2007,2020-05-27 09:44:35.200,3781.0000,7970,0,464973120.000,0,-,-,-,-,3780.0000,3779.8000,3779.4000,3779.2000,3779.0000,3780.8000,3782.4000,3782.8000,3784.6000,3785.0000,3,2,2,1,1,1,1,1,1,6
SF,IF2007,2020-05-27 09:44:35.700,3780.8000,7969,-1,466107360.000,1,0,1,双平,S,3780.2000,3780.0000,3779.4000,3779.2000,3779.0000,3782.4000,3782.8000,3784.6000,3785.0000,3785.2000,2,3,2,1,1,1,1,1,6,6
SF,IF2007,2020-05-27 09:44:36.200,3780.8000,7969,0,466107360.000,0,-,-,-,-,3780.2000,3780.0000,3779.4000,3779.2000,3778.6000,3781.8000,3782.2000,3782.4000,3782.8000,3784.6000,2,2,2,1,1,1,4,1,1,1
SF,IF2007,2020-05-27 09:44:36.700,3780.8000,7969,0,466107360.000,0,-,-,-,-,3780.4000,3780.2000,3779.4000,3778.6000,3778.0000,3781.0000,3781.4000,3781.8000,3782.2000,3782.4000,1,1,1,1,1,1,1,1,4,1
SF,IF2007,2020-05-27 09:44:37.200,3780.8000,7969,0,466107360.000,0,-,-,-,-,3779.4000,3778.6000,3778.0000,3777.8000,3777.0000,3780.8000,3781.0000,3781.4000,3781.8000,3782.2000,1,1,1,6,3,1,1,1,1,4
SF,IF2007,2020-05-27 09:44:37.700,3780.8000,7969,0,466107360.000,0,-,-,-,-,3779.6000,3778.6000,3778.0000,3777.8000,3777.0000,3780.8000,3781.0000,3781.8000,3782.2000,3782.4000,1,1,1,6,3,1,1,1,3,1
SF,IF2007,2020-05-27 09:44:38.200,3780.8000,7969,0,466107360.000,0,-,-,-,-,3779.6000,3778.6000,3778.0000,3777.8000,3777.0000,3781.0000,3781.8000,3782.2000,3782.4000,3782.8000,1,1,1,6,3,1,1,3,1,1
SF,IF2007,2020-05-27 09:44:39.200,3780.8000,7969,0,466107360.000,0,-,-,-,-,3780.0000,3779.8000,3779.6000,3778.6000,3778.0000,3781.8000,3782.2000,3782.4000,3782.8000,3784.6000,1,1,1,1,1,1,3,1,1,1
SF,IF2007,2020-05-27 09:44:39.700,3780.8000,7969,0,466107360.000,0,-,-,-,-,3780.2000,3778.6000,3778.0000,3777.8000,3777.0000,3781.0000,3781.8000,3782.2000,3782.4000,3782.8000,2,1,1,6,3,1,1,3,1,1
SF,IF2007,2020-05-27 09:44:40.200,3780.8000,7969,0,466107360.000,0,-,-,-,-,3780.4000,3778.6000,3778.0000,3777.8000,3777.0000,3781.8000,3782.2000,3782.4000,3782.8000,3784.6000,1,1,1,6,3,1,3,1,1,1
SF,IF2007,2020-05-27 09:44:41.200,3780.8000,7969,0,466107360.000,0,-,-,-,-,3780.4000,3778.6000,3778.0000,3777.8000,3777.0000,3781.0000,3781.8000,3782.2000,3782.4000,3782.8000,1,1,1,6,3,1,1,3,1,1
SF,IF2007,2020-05-27 09:44:42.200,3780.4000,7968,-1,467241480.000,1,0,1,双平,S,3778.6000,3778.0000,3777.8000,3777.0000,3776.2000,3781.0000,3781.8000,3782.2000,3782.4000,3782.8000,1,1,6,3,2,1,1,3,1,1
SF,IF2007,2020-05-27 09:44:42.700,3780.4000,7968,0,467241480.000,0,-,-,-,-,3779.4000,3779.2000,3779.0000,3778.8000,3778.6000,3781.0000,3781.8000,3782.2000,3782.4000,3782.8000,1,2,1,8,1,1,1,3,1,1
SF,IF2007,2020-05-27 09:44:43.200,3780.4000,7968,0,467241480.000,0,-,-,-,-,3779.6000,3779.0000,3778.8000,3778.6000,3778.0000,3780.6000,3781.0000,3781.8000,3782.2000,3782.8000,2,1,4,1,1,1,2,1,3,1
SF,IF2007,2020-05-27 09:44:43.700,3780.4000,7968,0,467241480.000,0,-,-,-,-,3779.6000,3779.0000,3778.8000,3778.6000,3778.0000,3780.6000,3781.0000,3781.8000,3782.2000,3782.8000,1,1,3,1,1,1,2,1,3,1
SF,IF2007,2020-05-27 09:44:44.200,3780.4000,7968,0,467241480.000,0,-,-,-,-,3779.8000,3779.6000,3779.0000,3778.8000,3778.6000,3780.6000,3781.0000,3781.8000,3782.2000,3782.8000,1,1,1,3,1,1,1,2,3,1
SF,IF2007,2020-05-27 09:44:44.700,3780.4000,7968,0,467241480.000,0,-,-,-,-,3779.8000,3779.6000,3779.0000,3778.8000,3778.6000,3781.0000,3781.8000,3782.2000,3782.8000,3784.6000,1,1,1,3,1,1,2,3,1,1
SF,IF2007,2020-05-27 09:44:45.200,3780.4000,7968,0,467241480.000,0,-,-,-,-,3779.8000,3779.0000,3778.8000,3778.6000,3778.0000,3781.0000,3781.8000,3782.2000,3782.8000,3784.6000,1,1,3,1,1,1,2,3,1,1
SF,IF2007,2020-05-27 09:44:45.700,3780.4000,7968,0,467241480.000,0,-,-,-,-,3779.0000,3778.8000,3778.6000,3778.0000,3777.8000,3781.0000,3781.2000,3781.8000,3782.2000,3782.8000,1,3,1,1,6,1,1,2,3,1
SF,IF2007,2020-05-27 09:44:46.200,3780.4000,7968,0,467241480.000,0,-,-,-,-,3779.2000,3779.0000,3778.8000,3778.6000,3778.0000,3781.0000,3781.2000,3781.8000,3782.2000,3782.8000,4,1,3,1,1,1,1,2,3,1
SF,IF2007,2020-05-27 09:44:46.700,3780.4000,7968,0,467241480.000,0,-,-,-,-,3779.2000,3779.0000,3778.8000,3778.6000,3778.0000,3781.0000,3781.2000,3781.8000,3782.2000,3782.8000,4,1,2,1,1,1,1,2,3,1
SF,IF2007,2020-05-27 09:44:47.200,3780.4000,7968,0,467241480.000,0,-,-,-,-,3779.2000,3779.0000,3778.8000,3778.6000,3778.0000,3781.0000,3781.2000,3781.8000,3782.2000,3782.8000,3,1,2,1,1,1,1,2,3,1
SF,IF2007,2020-05-27 09:44:47.700,3780.4000,7968,0,467241480.000,0,-,-,-,-,3779.2000,3779.0000,3778.8000,3778.6000,3778.0000,3781.0000,3781.2000,3781.8000,3782.2000,3782.8000,2,1,2,1,1,1,1,2,3,1
SF,IF2007,2020-05-27 09:44:48.700,3780.4000,7968,0,467241480.000,0,-,-,-,-,3779.4000,3779.2000,3779.0000,3778.8000,3778.6000,3781.0000,3781.2000,3781.8000,3782.2000,3782.8000,1,2,1,2,1,1,1,2,3,1
SF,IF2007,2020-05-27 09:44:49.200,3780.4000,7968,0,467241480.000,0,-,-,-,-,3779.6000,3779.4000,3779.0000,3778.8000,3778.6000,3781.0000,3781.2000,3781.8000,3782.2000,3782.8000,3,1,1,2,1,1,1,2,3,1
SF,IF2007,2020-05-27 09:44:49.700,3780.4000,7968,0,467241480.000,0,-,-,-,-,3779.6000,3779.4000,3779.0000,3778.8000,3778.6000,3781.0000,3781.2000,3781.8000,3782.2000,3782.8000,3,1,1,2,1,1,1,2,3,1
SF,IF2007,2020-05-27 09:44:50.200,3780.4000,7968,0,467241480.000,0,-,-,-,-,3779.8000,3779.6000,3779.4000,3779.0000,3778.8000,3781.0000,3781.2000,3781.8000,3782.2000,3782.8000,1,3,1,1,2,1,1,2,3,1
SF,IF2007,2020-05-27 09:44:50.700,3780.4000,7968,0,467241480.000,0,-,-,-,-,3779.8000,3779.6000,3779.4000,3779.0000,3778.8000,3781.0000,3781.2000,3781.8000,3782.2000,3782.8000,1,2,1,1,2,1,1,2,3,1
SF,IF2007,2020-05-27 09:44:51.200,3780.4000,7968,0,467241480.000,0,-,-,-,-,3779.8000,3779.6000,3779.4000,3779.0000,3778.8000,3780.8000,3781.0000,3781.2000,3781.8000,3782.2000,1,2,1,1,2,1,1,1,2,3
SF,IF2007,2020-05-27 09:44:54.700,3780.4000,7968,0,467241480.000,0,-,-,-,-,3779.8000,3779.6000,3779.4000,3779.0000,3778.6000,3780.8000,3781.0000,3781.2000,3781.8000,3782.2000,1,1,1,1,1,1,1,1,2,3
SF,IF2007,2020-05-27 09:44:55.200,3780.4000,7968,0,467241480.000,0,-,-,-,-,3779.8000,3779.6000,3779.0000,3778.6000,3778.0000,3780.8000,3781.0000,3781.2000,3781.8000,3782.2000,1,1,1,1,1,1,1,1,2,3
SF,IF2007,2020-05-27 09:44:55.700,3780.4000,7968,0,467241480.000,0,-,-,-,-,3779.8000,3779.0000,3778.6000,3778.0000,3777.8000,3780.8000,3781.0000,3781.2000,3781.8000,3782.2000,1,1,1,1,6,1,1,1,2,3
SF,IF2007,2020-05-27 09:44:56.700,3780.4000,7968,0,467241480.000,0,-,-,-,-,3779.8000,3779.0000,3778.6000,3778.0000,3777.8000,3780.6000,3780.8000,3781.0000,3781.2000,3781.8000,1,1,1,1,6,2,1,1,1,1
SF,IF2007,2020-05-27 09:44:57.200,3780.4000,7968,0,467241480.000,0,-,-,-,-,3779.8000,3779.0000,3778.0000,3777.8000,3777.0000,3780.6000,3781.0000,3781.2000,3781.8000,3782.2000,1,1,1,6,3,2,1,1,1,2
SF,IF2007,2020-05-27 09:44:58.200,3780.4000,7968,0,467241480.000,0,-,-,-,-,3779.8000,3779.0000,3778.0000,3777.8000,3777.0000,3780.6000,3781.0000,3781.2000,3781.8000,3782.2000,1,1,1,6,3,1,1,1,1,2
SF,IF2007,2020-05-27 09:44:59.700,3779.8000,7968,0,468375420.000,1,0,1,多换,S,3779.0000,3778.0000,3777.8000,3777.0000,3776.2000,3780.6000,3781.0000,3781.2000,3781.8000,3782.2000,1,1,6,3,2,1,1,1,1,2
SF,IF2007,2020-05-27 09:45:00.200,3779.8000,7968,0,468375420.000,0,-,-,-,-,3779.0000,3778.0000,3777.8000,3777.0000,3776.2000,3780.6000,3781.0000,3781.2000,3781.8000,3782.2000,1,1,6,3,2,1,1,1,1,2
SF,IF2007,2020-05-27 09:45:00.700,3779.8000,7968,0,468375420.000,0,-,-,-,-,3779.4000,3779.0000,3778.0000,3777.8000,3777.0000,3780.6000,3781.0000,3781.2000,3781.8000,3782.2000,1,1,1,6,3,1,1,1,1,2
SF,IF2007,2020-05-27 09:45:01.200,3779.8000,7968,0,468375420.000,0,-,-,-,-,3779.4000,3779.0000,3778.0000,3777.8000,3777.0000,3781.0000,3781.2000,3781.4000,3781.8000,3782.2000,1,1,1,6,3,1,1,1,1,2
SF,IF2007,2020-05-27 09:45:01.700,3779.8000,7968,0,468375420.000,0,-,-,-,-,3779.4000,3779.0000,3778.0000,3777.8000,3777.0000,3780.2000,3780.6000,3780.8000,3781.0000,3781.2000,1,1,1,6,3,1,1,2,1,1
SF,IF2007,2020-05-27 09:45:02.200,3780.2000,7968,0,469509480.000,1,0,1,多换,S,3779.0000,3778.0000,3777.8000,3777.0000,3776.2000,3780.8000,3781.0000,3781.2000,3781.8000,3782.2000,1,1,6,3,2,2,1,1,1,2
SF,IF2007,2020-05-27 09:45:02.700,3780.2000,7968,0,469509480.000,0,-,-,-,-,3779.0000,3778.0000,3777.8000,3777.0000,3776.2000,3780.8000,3781.0000,3781.2000,3781.8000,3782.2000,1,1,6,3,2,3,1,1,1,2
SF,IF2007,2020-05-27 09:45:03.200,3779.0000,7969,1,471776940.000,2,1,1,空开,S,3778.0000,3777.8000,3777.0000,3776.2000,3776.0000,3779.0000,3780.8000,3781.0000,3781.2000,3781.8000,1,6,3,2,7,1,2,1,1,1
SF,IF2007,2020-05-27 09:45:03.700,3779.0000,7970,1,472910640.000,1,1,0,双开,S,3779.2000,3778.6000,3778.4000,3778.2000,3778.0000,3780.8000,3781.0000,3781.2000,3781.8000,3782.2000,1,1,2,6,1,2,1,1,1,2
SF,IF2007,2020-05-27 09:45:04.200,3779.0000,7970,0,472910640.000,0,-,-,-,-,3778.4000,3778.2000,3778.0000,3777.8000,3777.0000,3780.4000,3780.8000,3781.0000,3781.2000,3781.8000,1,6,1,6,3,1,2,1,1,1
SF,IF2007,2020-05-27 09:45:04.700,3779.0000,7970,0,472910640.000,0,-,-,-,-,3778.8000,3778.6000,3778.4000,3778.2000,3778.0000,3780.8000,3781.0000,3781.2000,3781.8000,3782.2000,1,4,1,3,1,2,1,1,1,2
SF,IF2007,2020-05-27 09:45:05.200,3779.0000,7970,0,472910640.000,0,-,-,-,-,3779.2000,3779.0000,3778.6000,3778.4000,3778.2000,3781.0000,3781.2000,3781.4000,3781.8000,3782.2000,1,3,1,1,3,1,1,1,1,2
SF,IF2007,2020-05-27 09:45:05.700,3779.0000,7970,0,472910640.000,0,-,-,-,-,3779.4000,3779.2000,3779.0000,3778.6000,3778.4000,3780.8000,3781.0000,3781.2000,3781.4000,3781.8000,2,1,1,1,1,1,1,1,1,1
SF,IF2007,2020-05-27 09:45:06.200,3779.0000,7970,0,472910640.000,0,-,-,-,-,3779.4000,3779.2000,3779.0000,3778.6000,3778.4000,3780.8000,3781.0000,3781.2000,3781.4000,3781.8000,2,1,2,1,1,1,1,1,1,1
SF,IF2007,2020-05-27 09:45:07.200,3779.0000,7970,0,472910640.000,0,-,-,-,-,3779.4000,3779.2000,3779.0000,3778.6000,3778.4000,3780.6000,3781.0000,3781.2000,3781.4000,3781.8000,2,1,2,1,1,1,1,1,1,1
SF,IF2007,2020-05-27 09:45:08.200,3780.6000,7970,0,474044820.000,1,0,1,多换,S,3779.4000,3779.2000,3779.0000,3778.6000,3778.4000,3781.0000,3781.2000,3781.4000,3781.8000,3782.2000,2,1,2,1,1,1,1,1,1,2
SF,IF2007,2020-05-27 09:45:08.700,3780.6000,7970,0,474044820.000,0,-,-,-,-,3779.4000,3779.2000,3779.0000,3778.6000,3778.4000,3781.0000,3781.2000,3781.4000,3781.8000,3782.2000,2,1,1,1,1,1,1,1,1,2
SF,IF2007,2020-05-27 09:45:09.200,3780.6000,7970,0,474044820.000,0,-,-,-,-,3779.8000,3779.6000,3779.4000,3779.0000,3778.6000,3781.2000,3781.8000,3782.0000,3782.2000,3782.6000,1,2,2,1,1,1,1,1,2,1
SF,IF2007,2020-05-27 09:45:09.700,3780.6000,7970,0,474044820.000,0,-,-,-,-,3780.0000,3779.8000,3779.6000,3779.0000,3778.6000,3781.2000,3781.8000,3782.0000,3782.2000,3782.6000,2,1,1,1,1,1,1,1,2,1
SF,IF2007,2020-05-27 09:45:10.200,3780.6000,7970,0,474044820.000,0,-,-,-,-,3780.0000,3779.6000,3779.0000,3778.6000,3778.4000,3781.2000,3781.8000,3782.0000,3782.2000,3782.6000,2,1,1,1,1,1,1,1,2,1
SF,IF2007,2020-05-27 09:45:10.700,3780.6000,7970,0,474044820.000,0,-,-,-,-,3780.0000,3779.6000,3779.0000,3778.6000,3778.4000,3781.2000,3781.8000,3782.0000,3782.2000,3782.6000,1,1,1,1,1,1,1,1,2,1
SF,IF2007,2020-05-27 09:45:11.700,3780.6000,7970,0,474044820.000,0,-,-,-,-,3780.0000,3779.0000,3778.6000,3778.4000,3778.2000,3781.2000,3781.8000,3782.0000,3782.2000,3782.6000,1,1,1,1,3,1,1,1,2,1
SF,IF2007,2020-05-27 09:45:12.200,3780.6000,7970,0,474044820.000,0,-,-,-,-,3779.0000,3778.6000,3778.4000,3778.2000,3778.0000,3781.0000,3781.2000,3781.8000,3782.0000,3782.2000,1,1,1,3,1,1,1,1,1,2
SF,IF2007,2020-05-27 09:45:12.700,3780.6000,7970,0,474044820.000,0,-,-,-,-,3779.4000,3779.2000,3779.0000,3778.4000,3778.2000,3781.2000,3781.8000,3782.0000,3782.2000,3782.6000,1,4,1,1,2,1,1,1,2,1
SF,IF2007,2020-05-27 09:45:13.200,3780.6000,7970,0,474044820.000,0,-,-,-,-,3779.6000,3779.2000,3779.0000,3778.4000,3778.2000,3781.2000,3781.8000,3782.0000,3782.2000,3782.6000,2,2,1,1,2,1,1,1,2,1
SF,IF2007,2020-05-27 09:45:13.700,3780.6000,7970,0,474044820.000,0,-,-,-,-,3779.6000,3779.2000,3779.0000,3778.4000,3778.2000,3781.2000,3781.8000,3782.0000,3782.2000,3782.6000,2,2,1,1,2,1,1,1,2,1
SF,IF2007,2020-05-27 09:45:14.200,3781.2000,7970,0,475179180.000,1,0,1,多换,S,3780.0000,3779.8000,3779.6000,3779.2000,3779.0000,3781.8000,3782.0000,3782.2000,3782.6000,3782.8000,1,1,2,2,1,1,1,2,1,1
SF,IF2007,2020-05-27 09:45:14.700,3781.2000,7970,0,475179180.000,0,-,-,-,-,3780.2000,3780.0000,3779.8000,3779.2000,3779.0000,3781.8000,3782.0000,3782.2000,3782.6000,3782.8000,2,1,1,2,1,1,1,2,1,1
SF,IF2007,2020-05-27 09:45:15.200,3781.2000,7970,0,475179180.000,0,-,-,-,-,3780.2000,3779.8000,3779.2000,3779.0000,3778.4000,3782.6000,3782.8000,3784.6000,3785.0000,3785.2000,3,1,2,1,1,2,1,1,6,6
SF,IF2007,2020-05-27 09:45:15.700,3781.2000,7970,0,475179180.000,0,-,-,-,-,3780.2000,3779.8000,3779.2000,3779.0000,3778.4000,3782.6000,3782.8000,3784.6000,3785.0000,3785.2000,2,1,2,1,1,2,1,1,6,6
SF,IF2007,2020-05-27 09:45:16.200,3781.2000,7970,0,475179180.000,0,-,-,-,-,3780.2000,3779.8000,3779.2000,3779.0000,3778.4000,3782.2000,3782.4000,3782.6000,3782.8000,3784.6000,2,1,2,1,1,1,2,2,1,1
SF,IF2007,2020-05-27 09:45:17.200,3781.2000,7970,0,475179180.000,0,-,-,-,-,3780.6000,3780.2000,3779.8000,3779.2000,3779.0000,3782.2000,3782.4000,3782.6000,3782.8000,3784.6000,1,2,1,2,1,1,2,2,1,1
SF,IF2007,2020-05-27 09:45:17.700,3781.2000,7970,0,475179180.000,0,-,-,-,-,3780.2000,3779.2000,3779.0000,3778.4000,3778.2000,3782.0000,3782.2000,3782.4000,3782.6000,3782.8000,2,2,1,1,2,1,1,1,2,1
SF,IF2007,2020-05-27 09:45:18.700,3781.2000,7970,0,475179180.000,0,-,-,-,-,3780.2000,3779.2000,3779.0000,3778.4000,3778.2000,3782.2000,3782.4000,3782.6000,3782.8000,3784.6000,2,2,1,1,2,1,1,2,1,1
SF,IF2007,2020-05-27 09:45:19.200,3781.2000,7970,0,475179180.000,0,-,-,-,-,3780.2000,3779.2000,3779.0000,3778.4000,3778.2000,3782.2000,3782.6000,3782.8000,3784.6000,3785.0000,2,2,1,1,2,1,2,1,1,6
SF,IF2007,2020-05-27 09:45:19.700,3781.2000,7970,0,475179180.000,0,-,-,-,-,3780.8000,3780.6000,3780.4000,3780.2000,3779.2000,3782.6000,3782.8000,3784.6000,3785.0000,3785.2000,1,2,1,2,2,2,1,1,6,6
SF,IF2007,2020-05-27 09:45:20.200,3781.2000,7970,0,475179180.000,0,-,-,-,-,3781.0000,3780.6000,3780.4000,3779.2000,3779.0000,3782.4000,3782.6000,3782.8000,3784.6000,3785.0000,1,1,1,2,1,1,2,1,1,6
SF,IF2007,2020-05-27 09:45:21.200,3781.2000,7970,0,475179180.000,0,-,-,-,-,3781.2000,3781.0000,3780.6000,3780.4000,3779.2000,3782.6000,3782.8000,3783.4000,3784.6000,3785.0000,1,1,1,1,2,1,1,1,1,6
SF,IF2007,2020-05-27 09:45:21.700,3781.2000,7970,0,475179180.000,0,-,-,-,-,3781.4000,3781.2000,3780.4000,3779.2000,3779.0000,3782.6000,3782.8000,3783.4000,3784.6000,3785.0000,1,1,1,2,1,1,1,1,1,6
SF,IF2007,2020-05-27 09:45:22.700,3781.4000,7969,-1,476313600.000,1,0,1,双平,S,3780.4000,3779.2000,3779.0000,3778.4000,3778.0000,3782.4000,3782.6000,3782.8000,3783.4000,3784.6000,1,2,1,1,1,3,1,1,1,1
SF,IF2007,2020-05-27 09:45:23.200,3781.4000,7969,0,476313600.000,0,-,-,-,-,3780.6000,3780.4000,3779.2000,3779.0000,3778.4000,3782.4000,3782.6000,3782.8000,3783.4000,3784.6000,2,1,1,1,1,3,1,1,1,1
SF,IF2007,2020-05-27 09:45:23.700,3781.4000,7969,0,476313600.000,0,-,-,-,-,3780.6000,3780.4000,3779.2000,3779.0000,3778.4000,3782.4000,3782.6000,3782.8000,3783.4000,3784.6000,2,1,1,1,1,2,1,1,1,1
SF,IF2007,2020-05-27 09:45:24.200,3782.4000,7968,-1,477448320.000,1,0,1,双平,S,3780.8000,3780.6000,3780.4000,3779.2000,3779.0000,3782.4000,3782.6000,3782.8000,3783.4000,3784.6000,1,2,1,1,1,1,1,1,1,1
SF,IF2007,2020-05-27 09:45:24.700,3782.4000,7967,-1,478583040.000,1,0,1,双平,S,3781.2000,3781.0000,3780.8000,3780.6000,3780.4000,3782.6000,3782.8000,3783.4000,3784.6000,3785.0000,2,4,2,1,1,1,1,1,1,6
SF,IF2007,2020-05-27 09:45:25.200,3782.6000,7966,-1,479717820.000,1,0,1,双平,S,3781.4000,3781.2000,3781.0000,3780.8000,3780.6000,3782.8000,3783.4000,3784.6000,3785.0000,3785.2000,2,2,2,2,1,1,1,1,6,6
SF,IF2007,2020-05-27 09:45:25.700,3782.8000,7965,-1,480852660.000,1,0,1,双平,S,3781.4000,3781.2000,3781.0000,3780.8000,3780.6000,3783.4000,3784.6000,3785.0000,3785.2000,3785.6000,2,2,1,1,1,1,1,6,6,5
SF,IF2007,2020-05-27 09:45:26.200,3782.8000,7965,0,480852660.000,0,-,-,-,-,3782.0000,3781.6000,3781.4000,3781.2000,3781.0000,3784.0000,3784.6000,3785.0000,3785.2000,3785.6000,1,3,2,2,1,1,1,6,6,5
SF,IF2007,2020-05-27 09:45:26.700,3782.8000,7965,0,480852660.000,0,-,-,-,-,3782.2000,3782.0000,3781.6000,3781.0000,3780.8000,3784.0000,3784.6000,3785.0000,3785.2000,3785.6000,2,1,3,1,1,1,1,6,6,5
SF,IF2007,2020-05-27 09:45:27.200,3782.8000,7965,0,480852660.000,0,-,-,-,-,3782.2000,3782.0000,3781.6000,3781.0000,3780.8000,3784.0000,3784.6000,3785.0000,3785.2000,3785.6000,2,1,2,1,1,1,1,6,6,5
SF,IF2007,2020-05-27 09:45:28.200,3782.8000,7965,0,480852660.000,0,-,-,-,-,3782.2000,3782.0000,3781.6000,3781.0000,3780.8000,3784.0000,3784.6000,3785.0000,3785.2000,3785.6000,1,1,1,1,1,1,1,6,6,5
SF,IF2007,2020-05-27 09:45:31.200,3782.8000,7965,0,480852660.000,0,-,-,-,-,3782.2000,3782.0000,3781.6000,3781.0000,3780.8000,3783.6000,3784.0000,3784.6000,3785.0000,3785.2000,1,1,1,1,1,1,1,1,6,6
SF,IF2007,2020-05-27 09:45:31.700,3782.8000,7965,0,480852660.000,0,-,-,-,-,3782.4000,3782.2000,3782.0000,3781.6000,3781.0000,3783.6000,3784.0000,3784.6000,3785.0000,3785.2000,1,1,1,1,1,1,1,1,6,6
SF,IF2007,2020-05-27 09:45:32.200,3782.8000,7965,0,480852660.000,0,-,-,-,-,3782.6000,3782.4000,3782.2000,3782.0000,3781.6000,3783.6000,3784.0000,3784.6000,3785.0000,3785.2000,1,1,1,1,1,1,1,1,6,6
SF,IF2007,2020-05-27 09:45:32.700,3782.8000,7965,0,480852660.000,0,-,-,-,-,3782.6000,3782.4000,3782.2000,3782.0000,3781.0000,3783.6000,3784.0000,3784.6000,3785.0000,3785.2000,1,1,1,1,1,1,1,1,6,6
SF,IF2007,2020-05-27 09:45:33.200,3782.8000,7965,0,480852660.000,0,-,-,-,-,3782.8000,3782.6000,3782.2000,3782.0000,3781.0000,3783.6000,3784.0000,3784.6000,3785.0000,3785.2000,1,1,1,1,1,1,1,1,6,6
SF,IF2007,2020-05-27 09:45:33.700,3782.8000,7965,0,480852660.000,0,-,-,-,-,3783.0000,3782.8000,3782.2000,3782.0000,3781.0000,3783.6000,3784.0000,3784.6000,3785.0000,3785.2000,9,1,1,1,1,1,1,1,6,6
SF,IF2007,2020-05-27 09:45:34.200,3782.8000,7965,0,480852660.000,0,-,-,-,-,3783.0000,3782.8000,3782.2000,3782.0000,3781.0000,3783.6000,3784.0000,3784.6000,3785.0000,3785.2000,9,1,1,1,1,1,1,1,6,6
SF,IF2007,2020-05-27 09:45:34.700,3782.8000,7965,0,480852660.000,0,-,-,-,-,3783.0000,3782.8000,3782.2000,3782.0000,3781.0000,3783.6000,3784.0000,3784.6000,3785.0000,3785.2000,9,1,1,1,1,1,1,1,6,6
SF,IF2007,2020-05-27 09:45:36.200,3782.8000,7965,0,480852660.000,0,-,-,-,-,3783.0000,3782.8000,3782.2000,3782.0000,3781.0000,3783.6000,3784.0000,3784.6000,3785.0000,3785.2000,9,1,1,1,1,1,1,1,6,6
SF,IF2007,2020-05-27 09:45:39.700,3783.0000,7957,-8,489931860.000,8,0,8,双平,S,3783.0000,3782.8000,3782.2000,3782.0000,3781.0000,3783.6000,3784.0000,3784.6000,3785.0000,3785.2000,1,1,1,1,1,1,1,1,6,6
SF,IF2007,2020-05-27 09:45:40.200,3782.8000,7956,-1,492201600.000,2,0,2,多平,S,3782.2000,3782.0000,3781.0000,3780.8000,3780.6000,3784.0000,3784.6000,3785.0000,3785.2000,3785.6000,1,1,1,1,1,1,1,6,6,5
SF,IF2007,2020-05-27 09:45:40.700,3782.8000,7956,0,492201600.000,0,-,-,-,-,3782.0000,3781.0000,3780.8000,3780.6000,3780.2000,3783.8000,3784.0000,3784.6000,3785.0000,3785.2000,1,1,1,1,4,1,1,1,6,6
SF,IF2007,2020-05-27 09:45:41.200,3782.8000,7956,0,492201600.000,0,-,-,-,-,3782.0000,3781.0000,3780.8000,3780.6000,3780.2000,3783.6000,3783.8000,3784.0000,3784.6000,3785.0000,1,1,1,1,4,1,1,1,1,6
SF,IF2007,2020-05-27 09:45:41.700,3782.8000,7956,0,492201600.000,0,-,-,-,-,3782.4000,3782.0000,3781.0000,3780.8000,3780.6000,3783.6000,3783.8000,3784.0000,3784.6000,3785.0000,2,1,1,1,1,1,1,1,1,6
SF,IF2007,2020-05-27 09:45:42.700,3782.8000,7956,0,492201600.000,0,-,-,-,-,3782.0000,3781.0000,3780.8000,3780.6000,3780.2000,3783.6000,3783.8000,3784.0000,3784.6000,3785.0000,1,1,1,1,4,1,1,1,1,6
SF,IF2007,2020-05-27 09:45:43.200,3782.8000,7956,0,492201600.000,0,-,-,-,-,3782.4000,3782.0000,3781.0000,3780.8000,3780.6000,3783.8000,3784.0000,3784.6000,3785.0000,3785.2000,2,1,1,1,1,1,1,1,6,6
SF,IF2007,2020-05-27 09:45:43.700,3782.8000,7956,0,492201600.000,0,-,-,-,-,3782.4000,3782.0000,3781.0000,3780.8000,3780.6000,3784.0000,3784.6000,3785.0000,3785.2000,3785.6000,2,1,1,1,1,1,1,6,6,5
SF,IF2007,2020-05-27 09:45:44.200,3782.8000,7956,0,492201600.000,0,-,-,-,-,3782.0000,3781.0000,3780.8000,3780.6000,3780.2000,3783.8000,3784.0000,3784.6000,3785.0000,3785.2000,1,1,1,1,4,1,1,1,6,6
SF,IF2007,2020-05-27 09:45:45.200,3782.8000,7956,0,492201600.000,0,-,-,-,-,3782.0000,3781.0000,3780.8000,3780.6000,3780.2000,3783.6000,3783.8000,3784.0000,3784.6000,3785.0000,1,1,1,1,4,1,1,1,1,6
SF,IF2007,2020-05-27 09:45:46.200,3782.8000,7956,0,492201600.000,0,-,-,-,-,3782.4000,3782.0000,3781.0000,3780.8000,3780.6000,3783.4000,3783.6000,3783.8000,3784.0000,3784.6000,1,1,1,1,1,1,1,1,1,1
SF,IF2007,2020-05-27 09:45:46.700,3782.4000,7956,0,493336320.000,1,0,1,多换,S,3782.0000,3781.0000,3780.8000,3780.6000,3780.2000,3783.4000,3783.6000,3784.0000,3784.6000,3785.0000,1,1,1,1,4,1,1,1,1,6
SF,IF2007,2020-05-27 09:45:47.200,3782.4000,7956,0,493336320.000,0,-,-,-,-,3782.0000,3781.0000,3780.8000,3780.6000,3780.2000,3783.6000,3784.0000,3784.6000,3785.0000,3785.2000,1,1,1,1,4,1,1,1,6,6
SF,IF2007,2020-05-27 09:45:47.700,3782.4000,7956,0,493336320.000,0,-,-,-,-,3782.4000,3782.0000,3781.0000,3780.8000,3780.6000,3784.0000,3784.6000,3785.0000,3785.2000,3785.6000,1,1,1,1,1,2,1,6,6,5
SF,IF2007,2020-05-27 09:45:48.200,3782.4000,7956,0,493336320.000,0,-,-,-,-,3782.4000,3782.0000,3781.0000,3780.8000,3780.6000,3783.8000,3784.0000,3784.6000,3785.0000,3785.2000,1,1,1,1,1,1,2,1,6,6
SF,IF2007,2020-05-27 09:45:50.700,3782.4000,7955,-1,494471040.000,1,0,1,双平,S,3782.0000,3781.0000,3780.8000,3780.6000,3780.2000,3783.8000,3784.0000,3784.6000,3785.0000,3785.2000,1,1,1,1,4,1,2,1,6,6
SF,IF2007,2020-05-27 09:45:51.700,3782.4000,7955,0,494471040.000,0,-,-,-,-,3783.0000,3782.0000,3781.0000,3780.8000,3780.6000,3783.8000,3784.0000,3784.6000,3785.0000,3785.2000,3,1,1,1,1,1,2,1,6,6
SF,IF2007,2020-05-27 09:45:52.700,3782.4000,7955,0,494471040.000,0,-,-,-,-,3783.0000,3782.0000,3781.0000,3780.8000,3780.6000,3783.8000,3784.0000,3784.6000,3784.8000,3785.0000,3,1,1,1,1,1,1,1,1,6
SF,IF2007,2020-05-27 09:45:53.700,3782.4000,7955,0,494471040.000,0,-,-,-,-,3783.0000,3782.0000,3781.0000,3780.8000,3780.6000,3784.0000,3784.6000,3784.8000,3785.0000,3785.2000,3,1,1,1,1,1,1,1,6,6
SF,IF2007,2020-05-27 09:45:54.700,3782.4000,7955,0,494471040.000,0,-,-,-,-,3783.0000,3782.0000,3781.0000,3780.8000,3780.6000,3783.8000,3784.0000,3784.6000,3784.8000,3785.0000,3,1,1,1,1,2,1,1,1,6
SF,IF2007,2020-05-27 09:45:57.700,3782.4000,7955,0,494471040.000,0,-,-,-,-,3783.0000,3782.8000,3782.0000,3781.0000,3780.8000,3783.8000,3784.0000,3784.6000,3784.8000,3785.0000,3,1,1,1,1,2,1,1,1,6
SF,IF2007,2020-05-27 09:45:59.200,3782.4000,7955,0,494471040.000,0,-,-,-,-,3783.0000,3782.8000,3782.0000,3781.0000,3780.8000,3784.0000,3784.6000,3784.8000,3785.0000,3785.2000,3,1,1,1,1,1,1,1,6,6
SF,IF2007,2020-05-27 09:45:59.700,3782.4000,7955,0,494471040.000,0,-,-,-,-,3783.0000,3782.8000,3782.0000,3781.0000,3780.8000,3783.8000,3784.0000,3784.6000,3784.8000,3785.0000,3,1,1,1,1,2,1,1,1,6
SF,IF2007,2020-05-27 09:46:00.700,3782.4000,7955,0,494471040.000,0,-,-,-,-,3783.0000,3782.8000,3782.0000,3781.0000,3780.8000,3783.8000,3784.0000,3784.6000,3784.8000,3785.0000,3,1,1,1,1,2,1,1,1,6
SF,IF2007,2020-05-27 09:46:01.700,3783.0000,7958,3,497875740.000,3,3,0,双开,S,3782.8000,3782.0000,3781.0000,3780.8000,3780.6000,3783.8000,3784.0000,3784.6000,3784.8000,3785.0000,1,1,1,1,1,2,1,1,1,6
SF,IF2007,2020-05-27 09:46:07.200,3782.8000,7958,0,499010580.000,1,0,1,多换,S,3782.0000,3781.0000,3780.8000,3780.6000,3780.2000,3783.0000,3783.4000,3783.6000,3783.8000,3784.0000,1,1,1,1,4,1,1,3,2,1
SF,IF2007,2020-05-27 09:46:07.700,3783.0000,7957,-1,500145480.000,1,0,1,双平,S,3782.2000,3782.0000,3781.0000,3780.8000,3780.6000,3783.6000,3784.0000,3784.6000,3785.0000,3785.2000,1,1,1,1,1,1,2,1,6,6
SF,IF2007,2020-05-27 09:46:08.200,3783.0000,7957,0,500145480.000,0,-,-,-,-,3782.2000,3782.0000,3781.0000,3780.8000,3780.6000,3784.0000,3784.6000,3785.0000,3785.2000,3785.6000,1,1,1,1,1,2,1,6,6,5
SF,IF2007,2020-05-27 09:46:08.700,3783.0000,7957,0,500145480.000,0,-,-,-,-,3782.4000,3782.2000,3782.0000,3781.0000,3780.8000,3784.0000,3784.6000,3785.0000,3785.2000,3785.6000,1,1,1,1,1,2,1,6,6,5
SF,IF2007,2020-05-27 09:46:09.200,3783.0000,7957,0,500145480.000,0,-,-,-,-,3782.2000,3782.0000,3781.0000,3780.8000,3780.6000,3783.8000,3784.0000,3784.6000,3785.0000,3785.2000,1,1,1,1,1,1,2,1,6,6
SF,IF2007,2020-05-27 09:46:09.700,3783.0000,7957,0,500145480.000,0,-,-,-,-,3782.6000,3782.4000,3782.2000,3782.0000,3781.0000,3783.4000,3784.0000,3784.6000,3785.0000,3785.2000,1,1,1,1,1,1,2,1,6,6
SF,IF2007,2020-05-27 09:46:10.200,3783.0000,7957,0,500145480.000,0,-,-,-,-,3782.4000,3782.2000,3782.0000,3781.0000,3780.8000,3782.6000,3783.4000,3784.0000,3784.6000,3785.0000,1,1,1,1,1,1,1,2,1,6
SF,IF2007,2020-05-27 09:46:10.700,3782.6000,7956,-1,501280260.000,1,0,1,双平,S,3782.8000,3782.6000,3782.4000,3782.2000,3782.0000,3783.4000,3784.0000,3784.6000,3785.0000,3785.2000,1,1,1,1,1,1,2,1,6,6
SF,IF2007,2020-05-27 09:46:11.200,3782.6000,7956,0,501280260.000,0,-,-,-,-,3782.6000,3782.4000,3782.2000,3782.0000,3781.0000,3783.4000,3784.0000,3784.6000,3785.0000,3785.2000,1,1,1,1,1,1,2,1,6,6
SF,IF2007,2020-05-27 09:46:11.700,3783.4000,7956,0,502415280.000,1,0,1,多换,S,3782.8000,3782.6000,3782.2000,3782.0000,3781.0000,3784.0000,3784.6000,3785.0000,3785.2000,3785.6000,1,1,1,1,1,1,2,6,6,5
SF,IF2007,2020-05-27 09:46:12.200,3783.4000,7956,0,502415280.000,0,-,-,-,-,3783.0000,3782.8000,3782.6000,3782.2000,3782.0000,3784.0000,3784.6000,3785.0000,3785.2000,3785.6000,1,1,1,1,1,1,2,6,6,5
SF,IF2007,2020-05-27 09:46:12.700,3783.4000,7956,0,502415280.000,0,-,-,-,-,3783.0000,3782.6000,3782.2000,3782.0000,3781.0000,3784.0000,3784.6000,3785.0000,3785.2000,3785.6000,1,1,1,1,1,1,2,6,6,5
SF,IF2007,2020-05-27 09:46:13.200,3783.4000,7956,0,502415280.000,0,-,-,-,-,3783.0000,3782.6000,3782.0000,3781.0000,3780.8000,3784.0000,3784.6000,3785.0000,3785.2000,3785.6000,1,1,1,1,1,1,2,6,6,5
SF,IF2007,2020-05-27 09:46:14.200,3783.0000,7956,0,503550180.000,1,0,1,多换,S,3782.0000,3781.0000,3780.8000,3780.6000,3780.2000,3783.8000,3784.0000,3784.6000,3785.0000,3785.2000,1,1,1,1,4,1,1,2,6,6
SF,IF2007,2020-05-27 09:46:15.200,3783.0000,7956,0,503550180.000,0,-,-,-,-,3782.0000,3781.0000,3780.8000,3780.6000,3780.2000,3783.2000,3783.6000,3783.8000,3784.0000,3784.6000,1,1,1,1,4,1,1,1,1,2
SF,IF2007,2020-05-27 09:46:15.700,3783.0000,7956,0,503550180.000,0,-,-,-,-,3782.0000,3781.0000,3780.8000,3780.2000,3779.0000,3783.2000,3783.6000,3784.0000,3784.6000,3785.0000,1,1,1,4,1,1,1,1,2,6
SF,IF2007,2020-05-27 09:46:16.200,3783.0000,7956,0,503550180.000,0,-,-,-,-,3782.2000,3782.0000,3781.0000,3780.8000,3780.2000,3783.6000,3784.0000,3784.6000,3785.0000,3785.2000,1,1,1,1,4,1,1,2,6,6
SF,IF2007,2020-05-27 09:46:16.700,3783.0000,7956,0,503550180.000,0,-,-,-,-,3782.2000,3782.0000,3781.0000,3780.8000,3780.2000,3784.0000,3784.6000,3785.0000,3785.2000,3785.6000,1,1,1,1,4,1,2,6,6,5
SF,IF2007,2020-05-27 09:46:17.200,3783.0000,7956,0,503550180.000,0,-,-,-,-,3782.0000,3781.0000,3780.8000,3780.2000,3779.0000,3784.0000,3784.6000,3785.0000,3785.2000,3785.6000,1,1,1,4,1,1,2,6,6,5
SF,IF2007,2020-05-27 09:46:17.700,3783.0000,7956,0,503550180.000,0,-,-,-,-,3782.0000,3781.0000,3780.8000,3780.2000,3779.0000,3783.6000,3783.8000,3784.0000,3784.6000,3785.0000,1,1,1,4,1,1,1,1,2,6
SF,IF2007,2020-05-27 09:46:18.700,3783.0000,7956,0,503550180.000,0,-,-,-,-,3782.0000,3781.0000,3780.8000,3780.2000,3779.0000,3783.6000,3784.0000,3784.6000,3785.0000,3785.2000,1,1,1,4,1,1,1,2,6,6
SF,IF2007,2020-05-27 09:46:19.200,3783.0000,7956,0,503550180.000,0,-,-,-,-,3782.0000,3781.0000,3780.8000,3780.2000,3779.0000,3783.4000,3783.6000,3784.0000,3784.6000,3785.0000,1,1,1,4,1,1,1,1,2,6
SF,IF2007,2020-05-27 09:46:20.700,3782.0000,7955,-1,504684780.000,1,0,1,双平,S,3781.0000,3780.8000,3780.2000,3779.0000,3778.0000,3783.4000,3783.6000,3784.0000,3784.6000,3785.0000,1,1,4,1,1,1,1,1,2,6
SF,IF2007,2020-05-27 09:46:21.200,3782.0000,7955,0,504684780.000,0,-,-,-,-,3781.8000,3781.6000,3781.4000,3781.2000,3781.0000,3783.4000,3784.0000,3784.6000,3785.0000,3785.2000,1,2,1,4,1,1,1,2,6,6
SF,IF2007,2020-05-27 09:46:21.700,3782.0000,7955,0,504684780.000,0,-,-,-,-,3782.0000,3781.8000,3781.6000,3781.4000,3781.2000,3783.8000,3784.0000,3784.6000,3785.0000,3785.2000,2,1,1,1,1,1,1,2,6,6
SF,IF2007,2020-05-27 09:46:22.200,3782.0000,7955,0,504684780.000,0,-,-,-,-,3782.0000,3781.8000,3781.6000,3781.4000,3781.0000,3783.6000,3783.8000,3784.0000,3784.6000,3785.0000,2,1,1,1,1,1,1,1,2,6
SF,IF2007,2020-05-27 09:46:22.700,3782.0000,7955,0,504684780.000,0,-,-,-,-,3782.0000,3781.8000,3781.6000,3781.4000,3781.0000,3783.6000,3783.8000,3784.0000,3784.6000,3785.0000,2,1,1,1,1,1,1,2,2,6
SF,IF2007,2020-05-27 09:46:24.200,3782.0000,7955,0,504684780.000,0,-,-,-,-,3782.0000,3781.8000,3781.6000,3781.0000,3780.8000,3783.2000,3783.4000,3783.6000,3783.8000,3784.0000,1,1,1,1,1,1,1,1,1,2
SF,IF2007,2020-05-27 09:46:24.700,3782.0000,7955,0,504684780.000,0,-,-,-,-,3782.0000,3781.8000,3781.6000,3781.0000,3780.8000,3783.4000,3783.8000,3784.0000,3784.6000,3785.0000,1,1,1,1,1,1,1,2,2,6
SF,IF2007,2020-05-27 09:46:25.200,3782.0000,7955,0,504684780.000,0,-,-,-,-,3782.0000,3781.8000,3781.6000,3781.0000,3780.8000,3783.8000,3784.0000,3784.6000,3785.0000,3785.2000,1,1,1,1,1,1,2,2,6,6
SF,IF2007,2020-05-27 09:46:26.200,3782.0000,7955,0,504684780.000,0,-,-,-,-,3782.2000,3782.0000,3781.8000,3781.6000,3781.0000,3783.8000,3784.0000,3784.6000,3785.0000,3785.2000,1,1,1,1,1,1,2,2,6,6
SF,IF2007,2020-05-27 09:46:26.700,3782.0000,7955,0,504684780.000,0,-,-,-,-,3782.4000,3782.2000,3781.8000,3781.6000,3781.0000,3783.8000,3784.0000,3784.6000,3785.0000,3785.2000,1,1,1,1,1,1,2,2,6,6
SF,IF2007,2020-05-27 09:46:27.700,3782.0000,7955,0,504684780.000,0,-,-,-,-,3782.4000,3782.2000,3781.8000,3781.6000,3781.0000,3783.8000,3784.0000,3784.6000,3785.0000,3785.2000,6,1,1,1,1,1,2,2,6,6
SF,IF2007,2020-05-27 09:46:28.200,3782.0000,7955,0,504684780.000,0,-,-,-,-,3782.4000,3782.2000,3781.8000,3781.6000,3781.0000,3783.6000,3783.8000,3784.0000,3784.6000,3785.0000,6,1,1,1,1,3,1,2,2,6
SF,IF2007,2020-05-27 09:46:28.700,3782.0000,7955,0,504684780.000,0,-,-,-,-,3782.4000,3782.2000,3781.8000,3781.6000,3781.0000,3783.4000,3783.6000,3783.8000,3784.0000,3784.6000,5,1,1,1,1,1,3,1,2,2
SF,IF2007,2020-05-27 09:46:32.200,3783.4000,7955,0,505819800.000,1,0,1,多换,S,3782.4000,3782.2000,3781.8000,3781.6000,3781.0000,3783.6000,3783.8000,3784.0000,3784.6000,3785.0000,5,1,1,1,1,3,1,2,2,6
SF,IF2007,2020-05-27 09:46:32.700,3783.4000,7955,0,505819800.000,0,-,-,-,-,3782.6000,3782.4000,3782.2000,3781.8000,3781.6000,3783.8000,3784.0000,3784.6000,3785.0000,3785.2000,2,5,1,1,1,1,2,2,6,6
SF,IF2007,2020-05-27 09:46:33.200,3783.8000,7955,0,506954940.000,1,0,1,多换,S,3782.6000,3782.4000,3782.2000,3781.8000,3781.6000,3784.0000,3784.6000,3785.0000,3785.2000,3785.6000,2,5,1,1,1,2,2,6,6,5
SF,IF2007,2020-05-27 09:46:33.700,3783.8000,7955,0,506954940.000,0,-,-,-,-,3782.6000,3782.4000,3782.2000,3781.8000,3781.6000,3784.0000,3784.6000,3785.0000,3785.2000,3785.6000,2,5,1,1,1,2,2,6,6,5
SF,IF2007,2020-05-27 09:46:34.200,3784.0000,7955,0,509225340.000,2,1,1,多换,S,3782.8000,3782.6000,3782.4000,3781.8000,3781.6000,3784.6000,3785.0000,3785.2000,3785.6000,3785.8000,1,2,5,1,1,2,6,6,5,6
SF,IF2007,2020-05-27 09:46:34.700,3784.0000,7955,0,509225340.000,0,-,-,-,-,3783.0000,3782.8000,3782.6000,3782.4000,3781.8000,3784.4000,3784.6000,3785.0000,3785.2000,3785.6000,1,1,1,5,1,1,2,6,6,5
SF,IF2007,2020-05-27 09:46:35.200,3784.0000,7955,0,509225340.000,0,-,-,-,-,3783.0000,3782.8000,3782.6000,3782.4000,3781.8000,3784.4000,3784.6000,3785.0000,3785.2000,3785.6000,1,1,1,5,1,2,2,6,6,5
SF,IF2007,2020-05-27 09:46:35.700,3784.0000,7955,0,509225340.000,0,-,-,-,-,3783.0000,3782.8000,3782.6000,3782.4000,3781.8000,3784.4000,3784.6000,3785.0000,3785.2000,3785.6000,1,1,1,5,1,1,2,6,6,5
SF,IF2007,2020-05-27 09:46:36.200,3783.0000,7955,0,510360240.000,1,0,1,多换,S,3782.8000,3782.6000,3782.4000,3781.8000,3781.6000,3784.2000,3784.4000,3784.6000,3785.0000,3785.2000,1,1,5,1,1,1,1,2,6,6
SF,IF2007,2020-05-27 09:46:36.700,3783.0000,7955,0,510360240.000,0,-,-,-,-,3782.8000,3782.4000,3781.8000,3781.6000,3781.0000,3784.2000,3784.4000,3784.6000,3785.0000,3785.2000,1,5,1,1,1,1,1,2,6,6
SF,IF2007,2020-05-27 09:46:37.200,3783.0000,7955,0,510360240.000,0,-,-,-,-,3782.4000,3781.8000,3781.6000,3781.0000,3780.8000,3784.2000,3784.4000,3784.6000,3785.0000,3785.2000,5,1,1,1,1,1,1,2,6,6
SF,IF2007,2020-05-27 09:46:37.700,3783.0000,7955,0,510360240.000,0,-,-,-,-,3782.4000,3781.8000,3781.6000,3781.0000,3780.8000,3784.0000,3784.2000,3784.4000,3784.6000,3785.0000,5,1,1,1,1,3,1,1,2,6
SF,IF2007,2020-05-27 09:46:38.200,3783.0000,7955,0,510360240.000,0,-,-,-,-,3782.8000,3782.6000,3782.4000,3781.8000,3781.6000,3784.0000,3784.2000,3784.4000,3784.6000,3785.0000,1,1,5,1,1,3,1,1,2,6
SF,IF2007,2020-05-27 09:46:38.700,3783.0000,7955,0,510360240.000,0,-,-,-,-,3782.8000,3782.6000,3782.4000,3781.8000,3781.6000,3784.2000,3784.4000,3784.6000,3785.0000,3785.2000,1,1,5,1,1,1,1,2,6,6
SF,IF2007,2020-05-27 09:46:39.200,3783.0000,7955,0,510360240.000,0,-,-,-,-,3783.0000,3782.8000,3782.4000,3781.8000,3781.6000,3784.2000,3784.4000,3784.6000,3785.0000,3785.2000,2,1,5,1,1,1,1,2,6,6
SF,IF2007,2020-05-27 09:46:40.200,3783.0000,7955,0,510360240.000,0,-,-,-,-,3783.0000,3782.8000,3782.4000,3781.8000,3781.6000,3784.2000,3784.6000,3785.0000,3785.2000,3785.6000,1,1,5,1,1,1,2,6,6,5
SF,IF2007,2020-05-27 09:46:40.700,3783.0000,7955,0,510360240.000,0,-,-,-,-,3783.0000,3782.8000,3782.4000,3781.8000,3781.6000,3784.6000,3785.0000,3785.2000,3785.6000,3785.8000,1,1,5,1,1,2,6,6,5,6
SF,IF2007,2020-05-27 09:46:41.200,3783.0000,7955,0,510360240.000,0,-,-,-,-,3783.0000,3782.4000,3781.8000,3781.6000,3781.0000,3784.4000,3784.6000,3785.0000,3785.2000,3785.6000,1,5,1,1,1,2,2,6,6,5
SF,IF2007,2020-05-27 09:46:42.200,3783.0000,7955,0,510360240.000,0,-,-,-,-,3783.2000,3783.0000,3782.4000,3781.8000,3781.6000,3784.4000,3784.6000,3785.0000,3785.2000,3785.6000,1,1,5,1,1,1,2,6,6,5
SF,IF2007,2020-05-27 09:46:42.700,3783.0000,7955,0,510360240.000,0,-,-,-,-,3783.2000,3783.0000,3782.4000,3781.8000,3781.6000,3784.2000,3784.4000,3784.6000,3785.0000,3785.2000,1,1,5,1,1,1,1,2,6,6
SF,IF2007,2020-05-27 09:46:43.200,3783.0000,7955,0,510360240.000,0,-,-,-,-,3783.0000,3782.4000,3781.8000,3781.6000,3781.0000,3784.0000,3784.6000,3785.0000,3785.2000,3785.6000,1,5,1,1,1,1,2,6,6,5
SF,IF2007,2020-05-27 09:46:43.700,3783.0000,7955,0,510360240.000,0,-,-,-,-,3783.0000,3782.4000,3781.8000,3781.6000,3781.0000,3784.6000,3785.0000,3785.2000,3785.6000,3785.8000,1,5,1,1,1,2,6,6,5,6
SF,IF2007,2020-05-27 09:46:44.200,3783.0000,7955,0,510360240.000,0,-,-,-,-,3783.0000,3782.4000,3781.8000,3781.6000,3781.0000,3784.4000,3784.6000,3785.0000,3785.2000,3785.6000,1,5,1,1,1,1,2,6,6,5
SF,IF2007,2020-05-27 09:46:45.200,3783.0000,7955,0,510360240.000,0,-,-,-,-,3783.0000,3782.4000,3781.8000,3781.6000,3781.0000,3784.4000,3784.6000,3785.0000,3785.2000,3785.6000,1,5,1,1,1,1,2,6,6,5
SF,IF2007,2020-05-27 09:46:47.200,3783.0000,7955,0,510360240.000,0,-,-,-,-,3783.0000,3782.4000,3781.8000,3781.6000,3781.0000,3784.4000,3784.6000,3785.0000,3785.2000,3785.6000,1,5,1,1,1,1,2,7,6,5
SF,IF2007,2020-05-27 09:46:48.200,3783.0000,7955,0,510360240.000,0,-,-,-,-,3783.0000,3782.4000,3781.8000,3781.6000,3781.0000,3784.4000,3784.6000,3785.0000,3785.2000,3785.6000,2,5,1,1,1,1,2,7,6,5
SF,IF2007,2020-05-27 09:46:48.700,3783.0000,7955,0,510360240.000,0,-,-,-,-,3783.0000,3782.4000,3781.8000,3781.6000,3781.0000,3784.4000,3784.6000,3785.0000,3785.2000,3785.6000,2,5,1,1,1,2,2,7,6,5
SF,IF2007,2020-05-27 09:46:50.200,3783.0000,7954,-1,511495140.000,1,0,1,双平,S,3783.0000,3782.4000,3781.8000,3781.6000,3781.0000,3784.4000,3784.6000,3785.0000,3785.2000,3785.6000,1,5,1,1,1,2,2,7,6,5
SF,IF2007,2020-05-27 09:46:52.200,3783.0000,7954,0,511495140.000,0,-,-,-,-,3783.2000,3783.0000,3782.4000,3781.8000,3781.6000,3784.4000,3784.6000,3785.0000,3785.2000,3785.6000,1,1,5,1,1,1,2,7,6,5
SF,IF2007,2020-05-27 09:46:54.700,3783.0000,7954,0,511495140.000,0,-,-,-,-,3783.0000,3782.4000,3781.8000,3781.6000,3781.0000,3784.4000,3784.6000,3785.0000,3785.2000,3785.6000,1,5,1,1,1,1,2,7,6,5
SF,IF2007,2020-05-27 09:46:56.700,3783.0000,7954,0,511495140.000,0,-,-,-,-,3783.0000,3782.4000,3781.8000,3781.6000,3781.0000,3784.2000,3784.4000,3784.6000,3785.0000,3785.2000,1,5,1,1,1,1,1,2,7,6
SF,IF2007,2020-05-27 09:46:57.200,3783.0000,7954,0,511495140.000,0,-,-,-,-,3783.0000,3782.4000,3781.8000,3781.6000,3781.0000,3784.0000,3784.2000,3784.6000,3785.0000,3785.2000,1,5,1,1,1,1,1,2,7,6
SF,IF2007,2020-05-27 09:46:58.700,3783.0000,7954,0,511495140.000,0,-,-,-,-,3783.0000,3782.4000,3781.8000,3781.6000,3781.0000,3784.2000,3784.6000,3785.0000,3785.2000,3785.6000,1,5,1,1,1,1,2,7,6,5
SF,IF2007,2020-05-27 09:47:00.700,3783.0000,7954,0,511495140.000,0,-,-,-,-,3783.2000,3783.0000,3782.4000,3781.8000,3781.6000,3784.2000,3784.6000,3785.0000,3785.2000,3785.6000,1,1,5,1,1,1,2,7,6,5
SF,IF2007,2020-05-27 09:47:01.200,3783.0000,7954,0,511495140.000,0,-,-,-,-,3783.0000,3782.4000,3781.8000,3781.6000,3781.0000,3784.2000,3784.6000,3785.0000,3785.2000,3785.6000,1,5,1,1,1,1,2,7,6,5
SF,IF2007,2020-05-27 09:47:02.700,3783.0000,7954,0,511495140.000,0,-,-,-,-,3783.0000,3782.4000,3781.8000,3781.6000,3781.0000,3784.6000,3785.0000,3785.2000,3785.6000,3785.8000,1,5,1,1,1,2,7,6,5,6
SF,IF2007,2020-05-27 09:47:03.200,3783.0000,7954,0,511495140.000,0,-,-,-,-,3783.0000,3782.4000,3781.8000,3781.6000,3781.0000,3784.4000,3784.6000,3785.0000,3785.2000,3785.6000,1,5,1,1,1,1,2,7,6,5
SF,IF2007,2020-05-27 09:47:03.700,3783.0000,7954,0,512630040.000,1,0,1,多换,S,3782.4000,3781.8000,3781.6000,3781.0000,3780.8000,3784.2000,3784.4000,3784.6000,3785.0000,3785.2000,5,1,1,1,1,1,1,2,7,6
SF,IF2007,2020-05-27 09:47:04.200,3783.0000,7954,0,512630040.000,0,-,-,-,-,3782.4000,3781.8000,3781.6000,3781.0000,3780.8000,3784.0000,3784.2000,3784.6000,3785.0000,3785.2000,5,1,1,1,1,1,1,2,7,6
SF,IF2007,2020-05-27 09:47:04.700,3783.0000,7954,0,512630040.000,0,-,-,-,-,3782.4000,3781.8000,3781.6000,3781.0000,3780.8000,3783.8000,3784.0000,3784.2000,3784.6000,3785.0000,5,1,1,1,1,3,1,1,2,7
SF,IF2007,2020-05-27 09:47:05.200,3783.0000,7954,0,512630040.000,0,-,-,-,-,3782.4000,3781.8000,3781.6000,3781.0000,3780.8000,3783.6000,3783.8000,3784.2000,3784.6000,3785.0000,5,1,1,1,1,1,4,1,2,7
SF,IF2007,2020-05-27 09:47:05.700,3783.0000,7954,0,512630040.000,0,-,-,-,-,3782.4000,3781.8000,3781.6000,3781.0000,3780.8000,3783.8000,3784.2000,3784.6000,3785.0000,3785.2000,5,1,1,1,1,4,1,2,7,6
SF,IF2007,2020-05-27 09:47:06.200,3783.0000,7954,0,512630040.000,0,-,-,-,-,3782.6000,3782.4000,3781.8000,3781.6000,3781.0000,3783.8000,3784.2000,3784.6000,3785.0000,3785.2000,1,5,1,1,1,3,1,2,7,6
SF,IF2007,2020-05-27 09:47:06.700,3783.0000,7954,0,512630040.000,0,-,-,-,-,3782.6000,3782.4000,3781.8000,3781.6000,3781.0000,3784.6000,3785.0000,3785.2000,3785.6000,3785.8000,1,5,1,1,1,2,7,6,5,6
SF,IF2007,2020-05-27 09:47:07.200,3783.0000,7954,0,512630040.000,0,-,-,-,-,3782.6000,3782.4000,3781.8000,3781.6000,3781.0000,3784.4000,3784.6000,3785.0000,3785.2000,3785.6000,1,5,1,1,1,2,2,7,6,5
SF,IF2007,2020-05-27 09:47:08.200,3783.0000,7954,0,512630040.000,0,-,-,-,-,3782.6000,3782.4000,3781.8000,3781.6000,3781.0000,3784.2000,3784.4000,3784.6000,3785.0000,3785.2000,1,5,1,1,1,1,1,2,7,6
SF,IF2007,2020-05-27 09:47:08.700,3783.0000,7954,0,512630040.000,0,-,-,-,-,3782.6000,3782.4000,3781.8000,3781.6000,3781.0000,3784.0000,3784.2000,3784.6000,3785.0000,3785.2000,1,5,1,1,1,1,1,2,7,6
SF,IF2007,2020-05-27 09:47:09.700,3783.0000,7954,0,512630040.000,0,-,-,-,-,3782.4000,3781.8000,3781.6000,3781.0000,3780.8000,3784.0000,3784.2000,3784.6000,3785.0000,3785.2000,5,1,1,1,1,1,1,2,7,6
SF,IF2007,2020-05-27 09:47:11.200,3782.4000,7954,0,513764760.000,1,0,1,多换,S,3782.4000,3781.8000,3781.6000,3781.0000,3780.8000,3784.0000,3784.2000,3784.6000,3785.0000,3785.2000,4,1,1,1,1,1,1,2,7,6
SF,IF2007,2020-05-27 09:47:11.700,3782.4000,7954,0,513764760.000,0,-,-,-,-,3782.4000,3781.8000,3781.6000,3781.0000,3780.8000,3783.8000,3784.0000,3784.2000,3784.6000,3785.0000,4,1,1,1,1,2,1,1,2,7
SF,IF2007,2020-05-27 09:47:12.200,3782.4000,7954,0,513764760.000,0,-,-,-,-,3782.4000,3781.8000,3781.6000,3781.0000,3780.8000,3783.6000,3783.8000,3784.2000,3784.6000,3785.0000,4,1,1,1,1,1,2,1,2,7
SF,IF2007,2020-05-27 09:47:14.200,3782.4000,7954,0,513764760.000,0,-,-,-,-,3782.4000,3781.8000,3781.6000,3781.0000,3780.8000,3783.6000,3783.8000,3784.6000,3785.0000,3785.2000,4,1,1,1,1,1,2,2,7,6
SF,IF2007,2020-05-27 09:47:18.700,3782.4000,7954,0,513764760.000,0,-,-,-,-,3782.4000,3781.8000,3781.6000,3781.0000,3780.8000,3783.4000,3783.6000,3783.8000,3784.6000,3785.0000,4,1,1,1,1,1,1,2,2,7
SF,IF2007,2020-05-27 09:47:19.200,3782.4000,7954,0,514899480.000,1,0,1,多换,S,3782.4000,3781.8000,3781.6000,3781.0000,3780.8000,3783.4000,3783.6000,3783.8000,3784.6000,3785.0000,3,1,1,1,1,1,1,2,2,7
SF,IF2007,2020-05-27 09:47:19.700,3782.4000,7954,0,514899480.000,0,-,-,-,-,3782.4000,3781.8000,3781.6000,3781.0000,3780.8000,3783.2000,3783.4000,3783.8000,3784.6000,3785.0000,3,1,1,1,1,1,1,2,2,7
SF,IF2007,2020-05-27 09:47:20.200,3782.4000,7954,0,514899480.000,0,-,-,-,-,3782.4000,3781.8000,3781.6000,3781.0000,3780.8000,3783.4000,3783.8000,3784.6000,3785.0000,3785.2000,3,1,1,1,1,1,2,2,7,6
SF,IF2007,2020-05-27 09:47:20.700,3782.4000,7954,0,514899480.000,0,-,-,-,-,3782.4000,3781.8000,3781.6000,3781.0000,3780.8000,3783.2000,3783.4000,3783.8000,3784.6000,3785.0000,3,1,1,1,1,1,1,2,2,7
SF,IF2007,2020-05-27 09:47:22.200,3782.4000,7954,0,514899480.000,0,-,-,-,-,3782.4000,3781.8000,3781.6000,3781.0000,3780.8000,3783.2000,3783.4000,3783.8000,3784.6000,3785.0000,3,1,1,1,1,1,2,2,1,7
SF,IF2007,2020-05-27 09:47:23.200,3782.4000,7954,0,514899480.000,0,-,-,-,-,3782.4000,3781.8000,3781.6000,3781.0000,3780.8000,3783.0000,3783.2000,3783.4000,3783.8000,3784.6000,3,1,1,1,1,2,1,2,2,1
SF,IF2007,2020-05-27 09:47:23.700,3782.4000,7954,0,514899480.000,0,-,-,-,-,3782.4000,3781.8000,3781.6000,3781.0000,3780.8000,3783.0000,3783.2000,3783.4000,3783.8000,3784.0000,3,1,1,1,1,2,1,1,2,1
SF,IF2007,2020-05-27 09:47:24.200,3782.4000,7954,0,514899480.000,0,-,-,-,-,3782.4000,3781.8000,3781.6000,3781.0000,3780.8000,3783.0000,3783.2000,3783.8000,3784.0000,3784.6000,3,1,1,1,1,2,1,2,1,1
SF,IF2007,2020-05-27 09:47:24.700,3782.4000,7954,0,518303640.000,3,1,2,多换,S,3781.0000,3780.8000,3780.2000,3778.0000,3777.8000,3783.0000,3783.2000,3783.8000,3784.0000,3784.6000,1,1,4,1,1,2,1,2,1,1
SF,IF2007,2020-05-27 09:47:25.200,3782.4000,7954,0,518303640.000,0,-,-,-,-,3781.2000,3781.0000,3780.8000,3780.2000,3778.0000,3782.8000,3783.0000,3784.0000,3784.6000,3785.0000,1,1,1,4,1,1,2,1,1,7
SF,IF2007,2020-05-27 09:47:25.700,3782.4000,7954,0,518303640.000,0,-,-,-,-,3781.2000,3781.0000,3780.8000,3780.2000,3778.0000,3782.8000,3784.0000,3784.6000,3785.0000,3785.2000,1,1,1,4,1,1,1,1,7,6
SF,IF2007,2020-05-27 09:47:26.200,3782.4000,7954,0,518303640.000,0,-,-,-,-,3781.4000,3781.2000,3781.0000,3780.8000,3780.2000,3784.0000,3784.6000,3785.0000,3785.2000,3785.6000,1,1,1,1,4,1,1,7,6,5
SF,IF2007,2020-05-27 09:47:26.700,3782.4000,7954,0,518303640.000,0,-,-,-,-,3781.6000,3781.4000,3781.0000,3780.8000,3780.2000,3783.6000,3783.8000,3784.0000,3784.6000,3785.0000,1,1,1,1,4,1,5,1,1,7
SF,IF2007,2020-05-27 09:47:27.200,3782.4000,7954,0,518303640.000,0,-,-,-,-,3781.6000,3781.4000,3781.0000,3780.8000,3780.2000,3783.4000,3783.6000,3783.8000,3784.0000,3784.6000,1,1,1,1,4,1,1,4,1,1
SF,IF2007,2020-05-27 09:47:28.200,3782.4000,7954,0,518303640.000,0,-,-,-,-,3781.6000,3781.4000,3781.0000,3780.8000,3780.2000,3783.2000,3783.4000,3783.6000,3783.8000,3784.0000,1,1,1,1,4,1,1,1,4,1
SF,IF2007,2020-05-27 09:47:28.700,3782.4000,7954,0,518303640.000,0,-,-,-,-,3781.6000,3781.4000,3781.0000,3780.8000,3780.2000,3783.0000,3783.2000,3783.6000,3783.8000,3784.0000,1,1,1,1,4,1,1,1,4,1
SF,IF2007,2020-05-27 09:47:29.200,3782.4000,7954,0,518303640.000,0,-,-,-,-,3781.6000,3781.4000,3781.0000,3780.8000,3780.2000,3783.0000,3783.2000,3783.6000,3783.8000,3784.0000,1,1,1,1,4,2,1,1,4,1
SF,IF2007,2020-05-27 09:47:29.700,3782.4000,7954,0,518303640.000,0,-,-,-,-,3781.4000,3781.0000,3780.8000,3780.2000,3778.0000,3781.6000,3783.0000,3783.2000,3783.6000,3783.8000,1,1,1,4,1,5,2,1,1,4
SF,IF2007,2020-05-27 09:47:30.200,3781.6000,7949,-5,523976040.000,5,0,5,双平,S,3781.6000,3781.0000,3780.8000,3780.2000,3778.0000,3783.0000,3783.2000,3783.6000,3783.8000,3784.0000,1,1,1,4,1,2,1,1,3,1
SF,IF2007,2020-05-27 09:47:30.700,3781.6000,7949,0,523976040.000,0,-,-,-,-,3781.6000,3781.0000,3780.8000,3780.2000,3778.0000,3782.8000,3783.0000,3783.2000,3783.6000,3783.8000,1,1,1,4,1,1,2,1,1,3
SF,IF2007,2020-05-27 09:47:31.200,3781.6000,7949,0,523976040.000,0,-,-,-,-,3781.6000,3781.0000,3780.8000,3780.2000,3778.0000,3782.8000,3783.0000,3783.2000,3783.6000,3783.8000,1,1,1,4,1,1,1,1,1,3
SF,IF2007,2020-05-27 09:47:32.200,3781.6000,7949,0,523976040.000,0,-,-,-,-,3781.6000,3781.0000,3780.8000,3780.2000,3778.0000,3782.6000,3782.8000,3783.2000,3783.6000,3783.8000,1,1,1,4,1,1,1,1,1,3
SF,IF2007,2020-05-27 09:47:32.700,3781.6000,7949,0,523976040.000,0,-,-,-,-,3782.0000,3781.6000,3780.8000,3780.2000,3778.0000,3782.4000,3782.6000,3782.8000,3783.2000,3783.6000,5,1,1,4,1,1,1,1,1,1
SF,IF2007,2020-05-27 09:47:33.200,3782.0000,7949,0,527379840.000,3,1,2,多换,S,3782.0000,3781.6000,3780.8000,3780.2000,3778.0000,3782.4000,3782.6000,3782.8000,3783.2000,3783.6000,2,1,1,4,1,1,1,1,1,1
SF,IF2007,2020-05-27 09:47:33.700,3782.0000,7949,0,528514440.000,1,0,1,多换,S,3782.0000,3781.6000,3780.8000,3780.2000,3778.0000,3782.4000,3782.6000,3782.8000,3783.2000,3783.6000,1,1,1,4,1,1,1,1,1,1
SF,IF2007,2020-05-27 09:47:34.200,3782.0000,7949,0,528514440.000,0,-,-,-,-,3782.0000,3781.6000,3780.8000,3780.2000,3778.0000,3782.4000,3783.2000,3783.6000,3783.8000,3784.0000,1,1,1,4,1,1,1,1,3,1
SF,IF2007,2020-05-27 09:47:34.700,3782.0000,7949,0,528514440.000,0,-,-,-,-,3782.0000,3781.6000,3780.8000,3780.2000,3778.0000,3782.4000,3783.6000,3783.8000,3784.0000,3784.6000,1,1,1,4,1,1,1,3,1,1
SF,IF2007,2020-05-27 09:47:35.200,3782.0000,7948,-1,530783760.000,2,0,2,多平,S,3781.6000,3780.8000,3780.2000,3778.0000,3777.8000,3783.6000,3783.8000,3784.0000,3784.6000,3785.0000,1,1,4,1,1,1,3,1,1,7
SF,IF2007,2020-05-27 09:47:35.700,3782.0000,7948,0,530783760.000,0,-,-,-,-,3781.6000,3780.8000,3780.2000,3778.0000,3777.8000,3783.4000,3783.6000,3783.8000,3784.0000,3784.6000,1,1,4,1,1,3,1,2,1,1
SF,IF2007,2020-05-27 09:47:36.200,3782.0000,7948,0,530783760.000,0,-,-,-,-,3781.6000,3780.8000,3780.2000,3778.0000,3777.8000,3783.4000,3783.6000,3783.8000,3784.0000,3784.6000,1,1,4,1,1,3,1,2,1,1
SF,IF2007,2020-05-27 09:47:36.700,3782.0000,7948,0,530783760.000,0,-,-,-,-,3782.0000,3781.6000,3780.8000,3780.2000,3778.0000,3783.4000,3783.6000,3783.8000,3784.0000,3784.6000,5,1,1,4,1,3,1,2,1,1
SF,IF2007,2020-05-27 09:47:37.700,3782.0000,7948,0,530783760.000,0,-,-,-,-,3782.0000,3781.6000,3780.8000,3780.2000,3778.0000,3782.8000,3783.4000,3783.6000,3783.8000,3784.0000,5,1,1,4,1,1,3,1,2,1
SF,IF2007,2020-05-27 09:47:39.700,3782.0000,7948,0,530783760.000,0,-,-,-,-,3782.0000,3781.6000,3780.8000,3780.2000,3778.0000,3782.6000,3782.8000,3783.4000,3783.6000,3783.8000,5,1,1,4,1,1,1,3,1,2
SF,IF2007,2020-05-27 09:47:41.200,3782.0000,7948,0,530783760.000,0,-,-,-,-,3782.0000,3781.6000,3780.8000,3780.2000,3778.0000,3782.6000,3782.8000,3783.4000,3783.6000,3783.8000,5,1,1,4,1,1,1,3,1,2
SF,IF2007,2020-05-27 09:47:41.700,3782.0000,7948,0,530783760.000,0,-,-,-,-,3782.0000,3781.6000,3780.8000,3780.2000,3778.0000,3782.6000,3782.8000,3783.4000,3783.6000,3783.8000,5,1,1,4,1,1,1,3,1,2
SF,IF2007,2020-05-27 09:47:47.200,3782.0000,7948,0,531918360.000,1,0,1,多换,S,3782.0000,3781.6000,3780.8000,3780.2000,3778.0000,3782.6000,3782.8000,3783.2000,3783.4000,3783.6000,4,1,1,4,1,1,1,1,3,1
SF,IF2007,2020-05-27 09:47:47.700,3782.0000,7948,0,533052960.000,1,0,1,多换,S,3782.0000,3781.6000,3780.8000,3780.2000,3778.0000,3782.4000,3782.6000,3782.8000,3783.2000,3783.4000,3,1,1,4,1,2,1,1,1,3
SF,IF2007,2020-05-27 09:47:48.200,3782.4000,7947,-1,535322280.000,2,0,2,多平,S,3782.0000,3780.8000,3780.2000,3778.0000,3777.8000,3782.4000,3782.6000,3782.8000,3783.2000,3783.4000,2,1,4,1,1,1,1,2,1,3
SF,IF2007,2020-05-27 09:47:48.700,3782.0000,7947,0,536456880.000,1,0,1,多换,S,3782.0000,3780.8000,3780.2000,3778.0000,3777.8000,3782.4000,3782.8000,3783.2000,3783.4000,3783.6000,1,1,4,1,1,1,2,1,3,1
SF,IF2007,2020-05-27 09:47:51.200,3782.0000,7947,0,536456880.000,0,-,-,-,-,3782.0000,3780.8000,3780.2000,3778.0000,3777.8000,3782.4000,3782.8000,3783.2000,3783.4000,3783.6000,6,1,4,1,1,1,2,1,3,1
SF,IF2007,2020-05-27 09:47:52.200,3782.0000,7947,0,536456880.000,0,-,-,-,-,3782.0000,3780.8000,3780.2000,3778.0000,3777.8000,3782.4000,3783.2000,3783.4000,3783.6000,3783.8000,6,1,4,1,1,1,1,4,1,2
SF,IF2007,2020-05-27 09:47:54.700,3782.0000,7947,0,538726080.000,2,1,1,多换,S,3782.0000,3780.8000,3780.2000,3778.0000,3777.8000,3782.4000,3783.2000,3783.4000,3783.6000,3783.8000,4,1,4,1,1,1,1,4,1,2
SF,IF2007,2020-05-27 09:48:00.200,3782.4000,7946,-1,539860800.000,1,0,1,双平,S,3782.0000,3780.8000,3780.2000,3778.0000,3777.8000,3783.2000,3783.4000,3783.6000,3783.8000,3784.6000,4,1,4,1,1,1,4,1,2,1
SF,IF2007,2020-05-27 09:48:00.700,3782.4000,7946,0,539860800.000,0,-,-,-,-,3782.0000,3780.8000,3780.2000,3778.0000,3777.8000,3783.0000,3783.2000,3783.4000,3783.6000,3783.8000,4,1,4,1,1,1,1,3,1,2
SF,IF2007,2020-05-27 09:48:01.200,3782.4000,7946,0,539860800.000,0,-,-,-,-,3782.0000,3780.8000,3780.2000,3778.0000,3777.8000,3783.0000,3783.2000,3783.4000,3783.6000,3783.8000,4,1,4,1,1,1,1,2,1,2
SF,IF2007,2020-05-27 09:48:01.700,3782.4000,7946,0,539860800.000,0,-,-,-,-,3782.2000,3782.0000,3780.8000,3780.2000,3778.0000,3783.2000,3783.4000,3783.6000,3784.0000,3784.6000,1,4,1,4,1,1,1,1,1,1
SF,IF2007,2020-05-27 09:48:02.200,3782.4000,7946,0,539860800.000,0,-,-,-,-,3782.2000,3782.0000,3780.8000,3780.2000,3778.0000,3783.2000,3783.6000,3784.0000,3784.6000,3785.0000,1,4,1,4,1,1,1,1,1,7
SF,IF2007,2020-05-27 09:48:02.700,3782.4000,7946,0,539860800.000,0,-,-,-,-,3782.2000,3782.0000,3780.8000,3780.2000,3778.0000,3783.2000,3784.0000,3784.6000,3785.0000,3785.2000,1,4,1,4,1,1,1,1,7,6
SF,IF2007,2020-05-27 09:48:03.200,3783.2000,7946,0,540995760.000,1,0,1,多换,S,3782.2000,3782.0000,3780.8000,3780.2000,3778.0000,3784.0000,3784.6000,3785.0000,3785.2000,3785.6000,1,4,1,4,1,1,1,7,6,5
SF,IF2007,2020-05-27 09:48:03.700,3783.2000,7946,0,540995760.000,0,-,-,-,-,3783.2000,3782.0000,3780.8000,3780.2000,3778.0000,3783.8000,3784.0000,3784.6000,3785.0000,3785.2000,1,4,1,4,1,2,1,1,7,6
SF,IF2007,2020-05-27 09:48:04.200,3783.2000,7946,0,540995760.000,0,-,-,-,-,3783.2000,3782.0000,3780.8000,3780.2000,3778.0000,3783.8000,3784.0000,3784.6000,3785.0000,3785.2000,1,4,1,4,1,2,1,1,7,6
SF,IF2007,2020-05-27 09:48:06.200,3783.2000,7945,-1,542130720.000,1,0,1,双平,S,3782.0000,3780.8000,3780.2000,3778.0000,3777.8000,3783.8000,3784.0000,3784.6000,3785.0000,3785.2000,4,1,4,1,1,2,1,1,7,6
SF,IF2007,2020-05-27 09:48:08.700,3783.2000,7945,0,542130720.000,0,-,-,-,-,3782.0000,3780.8000,3780.2000,3778.0000,3777.8000,3783.4000,3783.6000,3783.8000,3784.0000,3784.6000,4,1,4,1,1,1,1,2,1,1
SF,IF2007,2020-05-27 09:48:09.200,3783.2000,7945,0,542130720.000,0,-,-,-,-,3782.0000,3780.8000,3780.2000,3778.0000,3777.8000,3783.2000,3783.4000,3783.6000,3783.8000,3784.0000,4,1,4,1,1,2,1,1,1,1
SF,IF2007,2020-05-27 09:48:09.700,3783.2000,7945,0,542130720.000,0,-,-,-,-,3782.0000,3780.8000,3780.2000,3778.0000,3777.8000,3783.0000,3783.2000,3783.4000,3783.6000,3783.8000,4,1,4,1,1,1,2,1,1,1
SF,IF2007,2020-05-27 09:48:10.200,3783.2000,7945,0,542130720.000,0,-,-,-,-,3782.0000,3780.8000,3780.2000,3778.0000,3777.8000,3782.8000,3783.0000,3783.2000,3783.4000,3783.6000,4,1,4,1,1,1,1,1,1,1
SF,IF2007,2020-05-27 09:48:10.700,3783.2000,7945,0,542130720.000,0,-,-,-,-,3782.0000,3780.8000,3780.2000,3778.0000,3777.8000,3782.8000,3783.2000,3783.4000,3783.6000,3783.8000,4,1,4,1,1,1,1,1,1,1
SF,IF2007,2020-05-27 09:48:11.200,3783.2000,7945,0,542130720.000,0,-,-,-,-,3782.0000,3780.8000,3780.2000,3778.0000,3777.8000,3783.2000,3783.4000,3783.6000,3783.8000,3784.0000,4,1,4,1,1,1,1,1,1,1
SF,IF2007,2020-05-27 09:48:11.700,3783.2000,7945,0,542130720.000,0,-,-,-,-,3782.0000,3780.8000,3780.2000,3778.0000,3777.8000,3783.0000,3783.2000,3783.4000,3783.6000,3783.8000,4,1,4,1,1,1,1,1,1,1
SF,IF2007,2020-05-27 09:48:12.200,3783.2000,7945,0,542130720.000,0,-,-,-,-,3782.0000,3780.8000,3780.2000,3778.0000,3777.8000,3783.0000,3783.2000,3783.4000,3783.6000,3784.0000,4,1,4,1,1,1,1,1,1,1
SF,IF2007,2020-05-27 09:48:12.700,3783.2000,7945,0,542130720.000,0,-,-,-,-,3782.0000,3780.8000,3780.2000,3778.0000,3777.8000,3783.0000,3783.4000,3783.6000,3783.8000,3784.0000,4,1,4,1,1,1,1,1,1,1
SF,IF2007,2020-05-27 09:48:16.200,3782.0000,7945,0,543265320.000,1,0,1,多换,S,3782.0000,3780.8000,3780.2000,3778.0000,3777.8000,3783.0000,3783.4000,3783.6000,3783.8000,3784.0000,3,1,4,1,1,1,1,1,1,1
SF,IF2007,2020-05-27 09:48:16.700,3782.0000,7945,0,543265320.000,0,-,-,-,-,3782.0000,3780.8000,3780.2000,3778.0000,3777.8000,3782.8000,3783.0000,3783.4000,3783.6000,3783.8000,3,1,4,1,1,1,1,1,1,1
SF,IF2007,2020-05-27 09:48:17.200,3782.0000,7945,0,543265320.000,0,-,-,-,-,3782.0000,3780.8000,3780.2000,3778.0000,3777.8000,3782.8000,3783.0000,3783.4000,3783.6000,3783.8000,3,1,4,1,1,1,1,1,1,1
SF,IF2007,2020-05-27 09:48:17.700,3782.0000,7945,0,545534520.000,2,1,1,多换,S,3782.0000,3780.8000,3780.2000,3778.0000,3777.8000,3782.6000,3782.8000,3783.4000,3783.6000,3783.8000,1,1,4,1,1,1,1,1,1,1
SF,IF2007,2020-05-27 09:48:18.200,3782.0000,7945,0,545534520.000,0,-,-,-,-,3782.0000,3780.8000,3780.2000,3778.0000,3777.8000,3782.6000,3782.8000,3783.4000,3783.6000,3783.8000,1,1,4,1,1,1,2,1,1,1
SF,IF2007,2020-05-27 09:48:18.700,3782.0000,7945,0,546669120.000,1,0,1,多换,S,3780.8000,3780.2000,3778.0000,3777.8000,3776.2000,3782.6000,3782.8000,3783.4000,3783.6000,3783.8000,1,4,1,1,2,1,2,1,1,1
SF,IF2007,2020-05-27 09:48:19.200,3782.0000,7945,0,546669120.000,0,-,-,-,-,3782.0000,3780.2000,3778.0000,3777.8000,3776.2000,3782.6000,3782.8000,3783.4000,3783.6000,3783.8000,5,4,1,1,2,1,1,1,1,1
SF,IF2007,2020-05-27 09:48:26.200,3782.0000,7945,0,546669120.000,0,-,-,-,-,3782.0000,3780.2000,3778.0000,3777.8000,3776.2000,3782.8000,3783.4000,3783.6000,3783.8000,3784.6000,5,4,1,1,2,1,1,1,1,1
SF,IF2007,2020-05-27 09:48:27.200,3782.0000,7946,1,547803720.000,1,1,0,双开,S,3782.0000,3780.2000,3778.0000,3777.8000,3776.2000,3782.8000,3783.4000,3783.6000,3783.8000,3784.6000,4,4,1,1,2,1,1,1,1,1
SF,IF2007,2020-05-27 09:48:27.700,3782.0000,7946,0,547803720.000,0,-,-,-,-,3782.0000,3780.2000,3778.0000,3777.8000,3776.2000,3782.6000,3782.8000,3783.4000,3783.6000,3783.8000,4,4,1,1,2,1,1,1,1,1
SF,IF2007,2020-05-27 09:48:28.200,3782.0000,7946,0,547803720.000,0,-,-,-,-,3782.0000,3780.2000,3778.0000,3777.8000,3776.2000,3782.6000,3782.8000,3783.4000,3783.6000,3783.8000,4,4,1,1,2,1,1,1,1,1
SF,IF2007,2020-05-27 09:48:33.700,3782.0000,7945,-1,551207700.000,3,1,2,多平,S,3782.0000,3780.2000,3778.0000,3777.8000,3776.2000,3782.8000,3783.4000,3783.6000,3783.8000,3784.6000,2,4,1,1,2,1,1,1,1,1
SF,IF2007,2020-05-27 09:48:34.200,3782.0000,7945,0,551207700.000,0,-,-,-,-,3782.0000,3780.2000,3778.0000,3777.8000,3776.2000,3783.4000,3783.6000,3783.8000,3784.6000,3785.0000,2,4,1,1,2,2,1,1,1,7
SF,IF2007,2020-05-27 09:48:34.700,3782.0000,7945,0,551207700.000,0,-,-,-,-,3782.0000,3780.2000,3778.0000,3777.8000,3776.2000,3783.2000,3783.4000,3783.6000,3783.8000,3784.6000,2,4,1,1,2,1,2,1,1,1
SF,IF2007,2020-05-27 09:48:35.200,3782.0000,7945,0,551207700.000,0,-,-,-,-,3782.0000,3780.2000,3778.0000,3777.8000,3776.2000,3783.2000,3783.4000,3783.6000,3783.8000,3784.6000,2,4,1,1,2,2,2,1,1,1
SF,IF2007,2020-05-27 09:48:35.700,3782.0000,7945,0,551207700.000,0,-,-,-,-,3782.2000,3782.0000,3780.2000,3778.0000,3777.8000,3783.2000,3783.4000,3783.6000,3783.8000,3784.6000,1,2,4,1,1,2,2,1,1,1
SF,IF2007,2020-05-27 09:48:36.700,3782.2000,7944,-1,552342360.000,1,0,1,双平,S,3782.0000,3780.2000,3778.0000,3777.8000,3776.2000,3783.2000,3783.4000,3783.6000,3783.8000,3784.6000,2,4,1,1,2,2,2,1,1,1
SF,IF2007,2020-05-27 09:48:37.200,3782.2000,7944,0,552342360.000,0,-,-,-,-,3782.0000,3780.2000,3778.0000,3777.8000,3776.2000,3783.2000,3783.4000,3783.6000,3783.8000,3784.6000,5,4,1,1,2,1,2,1,1,1
SF,IF2007,2020-05-27 09:48:38.200,3782.2000,7944,0,552342360.000,0,-,-,-,-,3782.0000,3780.2000,3778.0000,3777.8000,3776.2000,3783.0000,3783.2000,3783.4000,3783.6000,3783.8000,5,4,1,1,2,1,1,2,1,1
SF,IF2007,2020-05-27 09:48:38.700,3782.2000,7944,0,552342360.000,0,-,-,-,-,3782.0000,3780.2000,3778.0000,3777.8000,3776.2000,3782.8000,3783.0000,3783.4000,3783.6000,3783.8000,5,4,1,1,2,1,1,2,1,1
SF,IF2007,2020-05-27 09:48:39.200,3782.2000,7944,0,552342360.000,0,-,-,-,-,3782.0000,3780.2000,3778.0000,3777.8000,3776.2000,3782.8000,3783.0000,3783.4000,3783.6000,3783.8000,5,4,1,1,2,2,1,2,1,1
SF,IF2007,2020-05-27 09:48:39.700,3782.2000,7944,0,552342360.000,0,-,-,-,-,3782.0000,3780.2000,3778.0000,3777.8000,3776.2000,3782.8000,3783.4000,3783.6000,3783.8000,3784.6000,5,4,1,1,2,2,2,1,1,1
SF,IF2007,2020-05-27 09:48:42.700,3782.0000,7944,0,553476960.000,1,0,1,多换,S,3782.0000,3780.2000,3778.0000,3777.8000,3776.2000,3782.8000,3783.4000,3783.6000,3783.8000,3784.6000,4,4,1,1,2,2,2,1,1,1
SF,IF2007,2020-05-27 09:48:43.200,3782.0000,7944,0,553476960.000,0,-,-,-,-,3782.0000,3780.2000,3778.0000,3777.8000,3776.2000,3782.8000,3783.4000,3783.6000,3783.8000,3784.6000,4,4,1,1,2,2,2,1,1,1
SF,IF2007,2020-05-27 09:48:43.700,3782.0000,7946,2,555746160.000,2,2,0,双开,S,3782.0000,3780.2000,3778.0000,3777.8000,3776.2000,3782.8000,3783.4000,3783.6000,3783.8000,3784.6000,2,4,1,1,2,3,2,1,1,1
SF,IF2007,2020-05-27 09:48:45.200,3782.0000,7946,0,555746160.000,0,-,-,-,-,3782.0000,3780.2000,3778.0000,3777.8000,3776.2000,3782.8000,3783.4000,3783.6000,3783.8000,3784.6000,2,4,1,1,2,2,2,1,1,1
SF,IF2007,2020-05-27 09:48:45.700,3782.0000,7946,0,555746160.000,0,-,-,-,-,3782.0000,3780.2000,3778.0000,3777.8000,3776.2000,3782.6000,3782.8000,3783.4000,3783.6000,3783.8000,2,4,1,1,2,1,2,2,1,1
SF,IF2007,2020-05-27 09:48:46.200,3782.0000,7946,0,556880760.000,1,0,1,多换,S,3782.0000,3780.2000,3778.0000,3777.8000,3776.2000,3782.8000,3783.4000,3783.6000,3783.8000,3784.6000,1,4,1,1,2,2,2,1,1,1
SF,IF2007,2020-05-27 09:48:46.700,3782.0000,7946,0,556880760.000,0,-,-,-,-,3782.0000,3780.2000,3778.0000,3777.8000,3776.2000,3782.6000,3782.8000,3783.4000,3783.6000,3783.8000,1,4,1,1,2,1,2,2,1,1
SF,IF2007,2020-05-27 09:48:47.200,3782.0000,7946,0,556880760.000,0,-,-,-,-,3782.0000,3780.2000,3778.0000,3777.8000,3776.2000,3782.4000,3782.6000,3782.8000,3783.4000,3783.6000,1,4,1,1,2,1,1,1,2,1
SF,IF2007,2020-05-27 09:48:48.200,3782.0000,7946,0,558015360.000,1,0,1,多换,S,3780.2000,3778.0000,3777.8000,3776.2000,3776.0000,3782.4000,3782.6000,3782.8000,3783.4000,3783.6000,4,1,1,2,1,1,1,1,2,1
SF,IF2007,2020-05-27 09:48:48.700,3782.0000,7946,0,558015360.000,0,-,-,-,-,3780.4000,3780.2000,3778.0000,3777.8000,3776.2000,3782.4000,3782.6000,3782.8000,3783.4000,3783.6000,4,5,1,1,2,1,1,1,2,1
SF,IF2007,2020-05-27 09:48:49.200,3782.0000,7946,0,558015360.000,0,-,-,-,-,3780.8000,3780.6000,3780.4000,3780.2000,3778.0000,3782.4000,3782.8000,3783.4000,3783.6000,3783.8000,2,1,4,5,1,1,1,2,1,1
SF,IF2007,2020-05-27 09:48:49.700,3782.0000,7946,0,558015360.000,0,-,-,-,-,3781.0000,3780.8000,3780.4000,3780.2000,3778.0000,3782.4000,3782.8000,3783.4000,3783.6000,3783.8000,1,2,3,5,1,1,1,2,1,1
SF,IF2007,2020-05-27 09:48:50.200,3782.0000,7946,0,558015360.000,0,-,-,-,-,3782.0000,3781.0000,3780.8000,3780.4000,3780.2000,3782.4000,3782.8000,3783.4000,3783.6000,3783.8000,5,1,2,2,5,1,1,2,1,1
SF,IF2007,2020-05-27 09:48:50.700,3782.0000,7946,0,558015360.000,0,-,-,-,-,3782.0000,3781.0000,3780.8000,3780.4000,3780.2000,3782.8000,3783.4000,3783.6000,3783.8000,3784.6000,5,1,1,2,5,1,2,1,1,1
SF,IF2007,2020-05-27 09:48:51.200,3782.0000,7946,0,558015360.000,0,-,-,-,-,3782.0000,3781.0000,3780.8000,3780.4000,3780.2000,3782.6000,3782.8000,3783.4000,3783.6000,3783.8000,5,1,1,2,5,2,1,2,1,1
SF,IF2007,2020-05-27 09:48:53.200,3782.0000,7946,0,559149960.000,1,0,1,多换,S,3782.0000,3781.0000,3780.8000,3780.4000,3780.2000,3782.6000,3782.8000,3783.4000,3783.6000,3783.8000,4,1,1,2,5,2,1,2,1,1
SF,IF2007,2020-05-27 09:48:54.700,3782.0000,7946,0,561419160.000,2,1,1,多换,S,3782.0000,3781.0000,3780.8000,3780.4000,3780.2000,3782.6000,3782.8000,3783.4000,3783.6000,3783.8000,2,1,1,2,5,2,1,2,1,1
SF,IF2007,2020-05-27 09:48:55.200,3782.0000,7946,0,562553760.000,1,0,1,多换,S,3782.0000,3781.0000,3780.8000,3780.4000,3780.2000,3782.6000,3782.8000,3783.4000,3783.6000,3783.8000,1,1,1,2,5,2,1,2,1,1
SF,IF2007,2020-05-27 09:48:55.700,3782.0000,7946,0,563688360.000,1,0,1,多换,S,3781.0000,3780.8000,3780.4000,3780.2000,3778.0000,3782.6000,3782.8000,3783.4000,3783.6000,3783.8000,1,1,2,5,1,2,1,1,1,1
SF,IF2007,2020-05-27 09:48:56.200,3781.2000,7945,-1,564822720.000,1,0,1,双平,S,3780.8000,3780.4000,3780.2000,3778.0000,3777.8000,3782.6000,3782.8000,3783.4000,3783.6000,3783.8000,1,2,5,1,1,2,1,1,1,1
SF,IF2007,2020-05-27 09:48:56.700,3781.0000,7944,-1,565957020.000,1,0,1,双平,S,3780.8000,3780.4000,3780.2000,3778.0000,3777.8000,3782.6000,3782.8000,3783.4000,3783.6000,3783.8000,1,2,5,1,1,2,1,1,1,1
SF,IF2007,2020-05-27 09:48:57.200,3781.0000,7944,0,565957020.000,0,-,-,-,-,3780.8000,3780.4000,3780.2000,3778.0000,3777.8000,3782.2000,3782.4000,3782.6000,3783.4000,3783.6000,1,2,5,1,1,1,1,2,1,1
SF,IF2007,2020-05-27 09:48:57.700,3780.8000,7943,-1,567091260.000,1,0,1,双平,S,3780.4000,3780.2000,3778.0000,3777.8000,3776.2000,3780.8000,3782.0000,3782.2000,3782.6000,3783.4000,2,5,1,1,2,2,2,1,1,1
SF,IF2007,2020-05-27 09:48:58.200,3780.8000,7942,-1,569359740.000,2,0,2,多平,S,3780.2000,3778.0000,3777.8000,3776.2000,3776.0000,3782.0000,3782.2000,3782.6000,3783.6000,3783.8000,4,1,1,2,1,2,2,1,1,1
SF,IF2007,2020-05-27 09:48:58.700,3780.8000,7942,0,569359740.000,0,-,-,-,-,3780.2000,3778.0000,3777.8000,3776.2000,3776.0000,3781.4000,3781.8000,3782.0000,3782.2000,3782.6000,4,1,1,2,1,1,1,2,2,1
SF,IF2007,2020-05-27 09:48:59.200,3780.8000,7942,0,569359740.000,0,-,-,-,-,3780.2000,3778.0000,3777.8000,3776.2000,3776.0000,3781.2000,3781.8000,3782.0000,3782.2000,3782.6000,4,1,1,2,1,1,1,1,2,1
SF,IF2007,2020-05-27 09:48:59.700,3780.2000,7942,0,572761920.000,3,1,2,多换,S,3780.2000,3778.0000,3777.8000,3776.2000,3776.0000,3780.8000,3781.0000,3781.2000,3781.8000,3782.2000,1,1,1,2,1,1,2,1,1,2
SF,IF2007,2020-05-27 09:49:00.200,3780.2000,7942,0,572761920.000,0,-,-,-,-,3780.2000,3778.0000,3777.8000,3776.2000,3776.0000,3780.6000,3780.8000,3781.0000,3781.8000,3782.2000,1,1,1,2,1,1,1,2,1,2
SF,IF2007,2020-05-27 09:49:00.700,3780.2000,7942,0,573895980.000,1,0,1,多换,S,3778.0000,3777.8000,3776.2000,3776.0000,3775.8000,3780.2000,3781.0000,3781.8000,3782.2000,3782.6000,1,1,2,1,1,3,2,1,2,1
SF,IF2007,2020-05-27 09:49:01.200,3778.4000,7940,-2,576163200.000,2,0,2,双平,S,3778.4000,3778.2000,3778.0000,3777.8000,3776.2000,3780.2000,3780.8000,3781.0000,3782.2000,3782.6000,1,6,1,1,2,3,1,1,1,1
SF,IF2007,2020-05-27 09:49:01.700,3778.4000,7940,0,576163200.000,0,-,-,-,-,3778.6000,3778.2000,3778.0000,3777.8000,3776.2000,3780.2000,3780.8000,3781.0000,3782.2000,3782.6000,2,2,1,1,2,3,1,1,1,1
SF,IF2007,2020-05-27 09:49:02.200,3778.4000,7940,0,576163200.000,0,-,-,-,-,3778.6000,3778.2000,3778.0000,3777.8000,3776.2000,3779.8000,3780.0000,3780.2000,3780.8000,3781.0000,2,2,1,1,2,1,2,3,1,1
SF,IF2007,2020-05-27 09:49:02.700,3778.6000,7939,-1,577296780.000,1,0,1,双平,S,3778.2000,3778.0000,3777.8000,3776.2000,3776.0000,3779.6000,3779.8000,3780.0000,3780.2000,3780.8000,2,1,1,2,1,1,1,1,3,1
SF,IF2007,2020-05-27 09:49:03.200,3779.6000,7938,-1,578430660.000,1,0,1,双平,S,3778.6000,3778.4000,3778.2000,3778.0000,3777.8000,3780.2000,3780.8000,3781.0000,3782.6000,3783.6000,1,3,2,1,1,2,1,1,1,1
SF,IF2007,2020-05-27 09:49:03.700,3778.8000,7938,0,579564300.000,1,0,1,多换,S,3778.8000,3778.6000,3778.4000,3778.2000,3778.0000,3780.0000,3780.2000,3780.8000,3781.0000,3782.6000,1,1,1,2,1,2,2,1,1,1
SF,IF2007,2020-05-27 09:49:04.200,3778.8000,7938,0,579564300.000,0,-,-,-,-,3778.4000,3778.2000,3778.0000,3777.8000,3776.2000,3779.8000,3780.0000,3780.2000,3780.8000,3781.0000,1,2,1,1,2,1,2,2,1,1
SF,IF2007,2020-05-27 09:49:04.700,3778.8000,7938,0,579564300.000,0,-,-,-,-,3778.4000,3778.0000,3777.8000,3776.2000,3776.0000,3779.6000,3779.8000,3780.2000,3780.8000,3782.6000,1,1,1,2,1,4,1,2,1,1
SF,IF2007,2020-05-27 09:49:05.200,3778.4000,7938,0,580697820.000,1,0,1,多换,S,3778.0000,3777.8000,3776.2000,3776.0000,3775.8000,3778.4000,3779.4000,3779.6000,3780.2000,3780.8000,1,1,2,1,1,2,2,2,2,1
SF,IF2007,2020-05-27 09:49:05.700,3779.0000,7936,-2,586366260.000,5,1,4,多平,S,3779.0000,3778.4000,3778.2000,3778.0000,3777.8000,3779.6000,3780.2000,3780.8000,3782.6000,3783.8000,1,1,3,1,1,1,2,1,1,1
SF,IF2007,2020-05-27 09:49:06.200,3779.0000,7936,0,586366260.000,0,-,-,-,-,3779.0000,3778.2000,3778.0000,3777.8000,3776.2000,3779.6000,3780.2000,3780.8000,3782.6000,3783.8000,1,1,1,1,2,1,2,1,1,1
SF,IF2007,2020-05-27 09:49:06.700,3779.0000,7935,-1,587499960.000,1,0,1,双平,S,3778.0000,3777.8000,3776.2000,3776.0000,3775.8000,3779.4000,3780.2000,3780.8000,3782.6000,3783.8000,1,1,2,1,1,1,2,1,1,1
SF,IF2007,2020-05-27 09:49:07.200,3778.2000,7934,-1,588633420.000,1,0,1,双平,S,3778.0000,3777.8000,3776.2000,3776.0000,3775.8000,3779.4000,3780.2000,3780.8000,3782.6000,3783.8000,1,1,2,1,1,1,2,1,1,1
SF,IF2007,2020-05-27 09:49:07.700,3778.2000,7934,0,588633420.000,0,-,-,-,-,3778.2000,3778.0000,3777.8000,3776.2000,3776.0000,3780.2000,3780.8000,3782.6000,3783.8000,3784.6000,3,1,1,2,1,2,1,1,1,1
SF,IF2007,2020-05-27 09:49:08.200,3778.2000,7933,-1,589766880.000,1,0,1,双平,S,3778.2000,3778.0000,3777.8000,3776.2000,3776.0000,3780.0000,3780.2000,3780.8000,3782.6000,3783.8000,2,1,1,2,1,1,2,1,1,1
SF,IF2007,2020-05-27 09:49:08.700,3778.2000,7933,0,589766880.000,0,-,-,-,-,3778.4000,3778.2000,3778.0000,3777.8000,3776.2000,3780.0000,3780.2000,3780.8000,3782.6000,3783.8000,1,3,1,1,2,1,2,1,1,1
SF,IF2007,2020-05-27 09:49:09.200,3778.2000,7933,0,589766880.000,0,-,-,-,-,3778.4000,3778.2000,3778.0000,3777.8000,3776.2000,3779.6000,3779.8000,3780.0000,3780.8000,3782.6000,1,1,1,1,2,1,2,1,1,1
SF,IF2007,2020-05-27 09:49:09.700,3778.2000,7933,0,589766880.000,0,-,-,-,-,3778.4000,3778.2000,3778.0000,3777.8000,3776.2000,3779.4000,3779.8000,3780.8000,3782.6000,3783.8000,1,1,1,1,2,1,1,1,1,1
SF,IF2007,2020-05-27 09:49:10.200,3778.4000,7932,-1,590900400.000,1,0,1,双平,S,3778.2000,3778.0000,3777.8000,3776.2000,3776.0000,3779.4000,3779.8000,3780.8000,3782.6000,3783.8000,1,1,1,2,1,1,1,1,1,1
SF,IF2007,2020-05-27 09:49:10.700,3778.4000,7932,0,592033920.000,1,0,1,多换,S,3778.0000,3777.8000,3776.8000,3776.2000,3776.0000,3778.4000,3779.4000,3779.8000,3780.8000,3782.6000,1,1,2,2,1,1,1,1,1,1
SF,IF2007,2020-05-27 09:49:11.200,3778.2000,7930,-2,595434420.000,3,0,3,多平,S,3778.0000,3777.8000,3776.8000,3776.2000,3776.0000,3779.4000,3779.8000,3780.8000,3782.0000,3782.6000,1,1,2,2,1,1,1,1,1,1
SF,IF2007,2020-05-27 09:49:11.700,3778.2000,7930,0,595434420.000,0,-,-,-,-,3778.0000,3777.8000,3776.2000,3776.0000,3775.8000,3779.4000,3779.8000,3780.8000,3782.0000,3782.6000,1,1,2,1,1,1,1,1,1,1
SF,IF2007,2020-05-27 09:49:12.200,3778.2000,7930,0,595434420.000,0,-,-,-,-,3778.4000,3778.0000,3777.8000,3776.6000,3776.2000,3779.4000,3779.8000,3780.8000,3782.0000,3782.6000,1,1,1,1,2,1,1,1,1,1
SF,IF2007,2020-05-27 09:49:12.700,3778.4000,7929,-1,596567940.000,1,0,1,双平,S,3778.0000,3777.8000,3776.6000,3776.2000,3776.0000,3779.2000,3779.4000,3779.8000,3780.8000,3782.0000,1,1,1,2,1,1,1,1,1,1
SF,IF2007,2020-05-27 09:49:13.200,3778.4000,7929,0,596567940.000,0,-,-,-,-,3778.2000,3778.0000,3777.8000,3776.2000,3776.0000,3779.2000,3779.8000,3780.8000,3782.0000,3782.6000,2,1,1,2,1,1,1,1,1,1
SF,IF2007,2020-05-27 09:49:13.700,3778.4000,7929,0,596567940.000,0,-,-,-,-,3778.4000,3778.2000,3778.0000,3777.8000,3776.6000,3779.0000,3779.2000,3779.8000,3780.8000,3782.0000,1,2,2,1,1,1,1,1,1,1
SF,IF2007,2020-05-27 09:49:14.200,3778.4000,7929,0,596567940.000,0,-,-,-,-,3778.4000,3778.2000,3778.0000,3777.8000,3776.8000,3779.0000,3779.2000,3779.8000,3780.8000,3782.0000,1,2,2,1,1,1,1,1,1,1
SF,IF2007,2020-05-27 09:49:14.700,3779.0000,7928,-1,597701640.000,1,0,1,双平,S,3778.4000,3778.2000,3778.0000,3777.8000,3776.8000,3779.2000,3779.8000,3780.8000,3782.0000,3782.6000,1,2,2,1,1,1,1,1,1,1
SF,IF2007,2020-05-27 09:49:15.200,3779.0000,7928,0,597701640.000,0,-,-,-,-,3779.0000,3778.4000,3778.2000,3778.0000,3777.8000,3779.2000,3779.8000,3780.8000,3782.0000,3782.6000,5,1,2,2,1,1,1,1,1,1
SF,IF2007,2020-05-27 09:49:15.700,3779.2000,7927,-1,598835400.000,1,0,1,双平,S,3779.0000,3778.4000,3778.2000,3778.0000,3777.8000,3779.8000,3780.8000,3782.0000,3782.6000,3783.8000,5,2,2,2,1,1,1,1,1,1
SF,IF2007,2020-05-27 09:49:16.200,3779.2000,7927,0,598835400.000,0,-,-,-,-,3779.0000,3778.4000,3778.2000,3778.0000,3777.8000,3780.8000,3782.0000,3782.6000,3783.8000,3784.6000,5,1,2,2,1,1,1,1,1,1
SF,IF2007,2020-05-27 09:49:16.700,3779.2000,7927,0,598835400.000,0,-,-,-,-,3779.2000,3779.0000,3778.4000,3778.2000,3778.0000,3779.6000,3780.2000,3780.4000,3780.6000,3780.8000,1,5,1,1,2,1,1,1,2,1
SF,IF2007,2020-05-27 09:49:17.200,3779.2000,7927,0,598835400.000,0,-,-,-,-,3779.2000,3779.0000,3778.2000,3778.0000,3777.8000,3779.6000,3780.4000,3780.6000,3780.8000,3782.0000,1,5,1,2,2,1,1,2,1,1
SF,IF2007,2020-05-27 09:49:18.200,3779.2000,7926,-1,599969160.000,1,0,1,双平,S,3779.0000,3778.4000,3778.2000,3778.0000,3777.8000,3779.6000,3780.4000,3780.6000,3780.8000,3782.0000,5,1,1,1,2,1,1,2,1,1
SF,IF2007,2020-05-27 09:49:19.200,3780.4000,7926,0,602237160.000,2,1,1,多换,S,3779.0000,3778.4000,3778.2000,3778.0000,3777.8000,3780.6000,3780.8000,3782.0000,3782.6000,3783.8000,5,1,1,1,2,2,1,1,1,1
SF,IF2007,2020-05-27 09:49:19.700,3780.4000,7926,0,602237160.000,0,-,-,-,-,3779.0000,3778.4000,3778.2000,3778.0000,3777.8000,3780.2000,3780.4000,3780.6000,3780.8000,3782.0000,5,1,1,1,2,2,2,2,1,1
SF,IF2007,2020-05-27 09:49:20.200,3780.4000,7926,0,602237160.000,0,-,-,-,-,3779.0000,3778.4000,3778.2000,3778.0000,3777.8000,3780.0000,3780.4000,3780.8000,3782.0000,3782.6000,5,1,1,1,2,5,1,1,1,1
SF,IF2007,2020-05-27 09:49:20.700,3780.4000,7926,0,602237160.000,0,-,-,-,-,3779.0000,3778.4000,3778.2000,3778.0000,3777.8000,3780.0000,3780.2000,3780.4000,3780.8000,3782.0000,5,1,1,1,2,5,1,1,1,1
SF,IF2007,2020-05-27 09:49:21.200,3780.4000,7926,0,602237160.000,0,-,-,-,-,3779.0000,3778.2000,3778.0000,3777.8000,3777.4000,3780.0000,3780.2000,3780.4000,3780.8000,3782.0000,5,1,1,2,1,5,1,1,1,1
SF,IF2007,2020-05-27 09:49:25.200,3780.4000,7926,0,602237160.000,0,-,-,-,-,3779.0000,3778.0000,3777.8000,3777.4000,3776.8000,3780.0000,3780.2000,3780.4000,3780.8000,3782.0000,5,1,2,1,1,5,1,1,1,1
SF,IF2007,2020-05-27 09:49:25.700,3780.4000,7926,0,602237160.000,0,-,-,-,-,3779.0000,3778.0000,3777.8000,3777.4000,3776.8000,3779.6000,3780.0000,3780.2000,3780.4000,3780.8000,5,1,2,1,1,1,5,1,1,1
SF,IF2007,2020-05-27 09:49:26.200,3780.4000,7926,0,602237160.000,0,-,-,-,-,3779.0000,3778.0000,3777.8000,3777.4000,3776.8000,3780.0000,3780.2000,3780.4000,3780.8000,3782.0000,5,1,2,1,1,5,1,1,1,1
SF,IF2007,2020-05-27 09:49:27.200,3779.0000,7926,0,604504560.000,2,1,1,多换,S,3779.0000,3778.0000,3777.8000,3777.4000,3776.8000,3780.0000,3780.2000,3780.4000,3780.8000,3782.0000,3,1,2,1,1,5,1,1,1,1
SF,IF2007,2020-05-27 09:49:28.200,3779.0000,7926,0,604504560.000,0,-,-,-,-,3779.0000,3778.0000,3777.8000,3777.4000,3776.8000,3779.8000,3780.0000,3780.2000,3780.4000,3780.8000,3,1,2,1,1,1,5,1,1,1
SF,IF2007,2020-05-27 09:49:28.700,3779.0000,7926,0,604504560.000,0,-,-,-,-,3779.0000,3778.0000,3777.8000,3777.4000,3776.8000,3779.6000,3779.8000,3780.0000,3780.2000,3780.4000,3,1,2,1,1,1,1,4,1,1
SF,IF2007,2020-05-27 09:49:29.700,3779.0000,7926,0,604504560.000,0,-,-,-,-,3779.0000,3778.0000,3777.8000,3777.4000,3776.8000,3779.4000,3779.6000,3779.8000,3780.0000,3780.2000,3,1,2,1,1,2,2,1,3,1
SF,IF2007,2020-05-27 09:49:30.200,3779.0000,7926,0,605638260.000,1,0,1,多换,S,3779.0000,3778.0000,3777.8000,3777.4000,3776.8000,3779.4000,3779.6000,3779.8000,3780.0000,3780.2000,2,1,2,1,1,2,2,1,1,2
SF,IF2007,2020-05-27 09:49:30.700,3779.0000,7926,0,606771960.000,1,0,1,多换,S,3779.0000,3778.0000,3777.8000,3777.4000,3776.8000,3779.2000,3779.4000,3779.6000,3779.8000,3780.0000,1,1,2,1,1,1,2,1,1,1
SF,IF2007,2020-05-27 09:49:31.200,3779.0000,7926,0,607905660.000,1,0,1,多换,S,3778.0000,3777.8000,3777.4000,3776.8000,3776.6000,3779.2000,3779.4000,3779.6000,3779.8000,3780.0000,1,2,1,1,1,1,2,1,1,1
SF,IF2007,2020-05-27 09:49:31.700,3779.0000,7926,0,607905660.000,0,-,-,-,-,3778.2000,3778.0000,3777.8000,3777.4000,3776.8000,3779.0000,3779.2000,3779.4000,3779.6000,3779.8000,1,1,2,1,1,1,1,1,1,1
SF,IF2007,2020-05-27 09:49:32.200,3779.0000,7926,0,607905660.000,0,-,-,-,-,3778.2000,3778.0000,3777.8000,3777.4000,3776.8000,3779.0000,3779.2000,3779.4000,3779.6000,3780.2000,1,1,2,1,1,1,1,1,1,1
SF,IF2007,2020-05-27 09:49:32.700,3779.0000,7926,0,607905660.000,0,-,-,-,-,3778.2000,3778.0000,3777.8000,3777.4000,3776.8000,3779.2000,3779.6000,3780.2000,3782.0000,3782.6000,1,1,2,1,1,1,1,1,1,1
SF,IF2007,2020-05-27 09:49:33.200,3779.0000,7926,0,607905660.000,0,-,-,-,-,3778.2000,3778.0000,3777.8000,3777.4000,3776.8000,3779.6000,3782.0000,3782.6000,3783.8000,3784.6000,1,1,2,1,1,1,1,1,1,1
SF,IF2007,2020-05-27 09:49:33.700,3779.0000,7926,0,607905660.000,0,-,-,-,-,3778.2000,3778.0000,3777.8000,3777.4000,3776.8000,3779.4000,3779.6000,3782.0000,3782.6000,3783.8000,1,1,2,1,1,1,1,1,1,1
SF,IF2007,2020-05-27 09:49:34.200,3778.2000,7925,-1,609039120.000,1,0,1,双平,S,3778.0000,3777.8000,3777.4000,3776.8000,3776.6000,3779.4000,3779.6000,3782.0000,3782.6000,3783.8000,1,2,1,1,1,1,1,1,1,1
SF,IF2007,2020-05-27 09:49:34.700,3778.2000,7925,0,609039120.000,0,-,-,-,-,3778.2000,3778.0000,3777.8000,3777.4000,3776.8000,3779.4000,3780.2000,3782.0000,3782.6000,3782.8000,1,1,2,1,1,1,1,1,1,1
SF,IF2007,2020-05-27 09:49:35.200,3778.2000,7925,0,609039120.000,0,-,-,-,-,3778.2000,3778.0000,3777.8000,3777.4000,3776.8000,3779.2000,3779.4000,3780.2000,3782.0000,3782.6000,1,1,2,1,1,1,2,1,1,1
SF,IF2007,2020-05-27 09:49:35.700,3778.2000,7925,0,609039120.000,0,-,-,-,-,3778.2000,3778.0000,3777.8000,3777.4000,3776.8000,3779.0000,3779.2000,3779.4000,3780.2000,3782.0000,1,1,2,1,1,1,1,1,1,1
SF,IF2007,2020-05-27 09:49:36.700,3779.0000,7925,0,610172820.000,1,0,1,多换,S,3779.0000,3778.0000,3777.8000,3777.4000,3776.8000,3779.4000,3780.2000,3782.0000,3782.6000,3782.8000,4,1,2,1,1,1,1,1,1,1
SF,IF2007,2020-05-27 09:49:37.200,3779.0000,7925,0,614707620.000,4,2,2,多换,S,3778.0000,3777.8000,3777.4000,3776.8000,3776.6000,3779.2000,3779.4000,3780.2000,3782.0000,3782.6000,1,2,1,1,1,2,1,1,1,1
SF,IF2007,2020-05-27 09:49:37.700,3779.0000,7925,0,614707620.000,0,-,-,-,-,3778.2000,3778.0000,3777.8000,3777.4000,3776.8000,3779.0000,3779.2000,3779.4000,3780.2000,3782.0000,1,1,2,1,1,3,1,1,1,1
SF,IF2007,2020-05-27 09:49:38.200,3779.0000,7924,-1,615841320.000,1,0,1,双平,S,3778.2000,3778.0000,3777.8000,3777.4000,3776.8000,3779.0000,3779.4000,3780.2000,3782.0000,3782.6000,1,1,2,1,1,2,1,1,1,1
SF,IF2007,2020-05-27 09:49:38.700,3779.0000,7924,0,615841320.000,0,-,-,-,-,3778.2000,3778.0000,3777.8000,3777.4000,3776.8000,3779.0000,3779.4000,3780.2000,3782.0000,3782.6000,1,1,2,1,1,1,1,1,1,1
SF,IF2007,2020-05-27 09:49:39.700,3779.0000,7924,0,615841320.000,0,-,-,-,-,3778.2000,3778.0000,3777.8000,3777.4000,3776.8000,3779.0000,3779.4000,3780.2000,3782.0000,3782.6000,1,1,2,1,1,2,1,1,1,1
SF,IF2007,2020-05-27 09:49:40.200,3779.0000,7924,0,615841320.000,0,-,-,-,-,3778.2000,3778.0000,3777.8000,3777.4000,3776.8000,3779.0000,3779.4000,3780.2000,3782.0000,3782.6000,1,1,2,1,1,1,1,1,1,1
SF,IF2007,2020-05-27 09:49:40.700,3779.0000,7924,0,615841320.000,0,-,-,-,-,3778.2000,3778.0000,3777.8000,3777.4000,3776.8000,3779.0000,3780.2000,3782.0000,3782.6000,3782.8000,1,1,2,1,1,2,1,1,1,1
SF,IF2007,2020-05-27 09:49:43.700,3779.0000,7924,0,615841320.000,0,-,-,-,-,3778.4000,3778.2000,3778.0000,3777.8000,3777.4000,3779.0000,3780.2000,3782.0000,3782.6000,3782.8000,1,1,1,2,1,2,1,1,1,1
SF,IF2007,2020-05-27 09:49:44.200,3779.0000,7924,0,615841320.000,0,-,-,-,-,3778.4000,3778.2000,3778.0000,3777.8000,3777.4000,3779.0000,3780.2000,3782.0000,3782.6000,3782.8000,1,1,1,2,1,1,1,1,1,1
SF,IF2007,2020-05-27 09:49:44.700,3779.0000,7924,0,615841320.000,0,-,-,-,-,3778.4000,3778.2000,3778.0000,3777.8000,3777.4000,3778.6000,3778.8000,3779.0000,3782.0000,3782.6000,1,1,1,2,1,1,1,1,1,1
SF,IF2007,2020-05-27 09:49:45.200,3779.0000,7924,0,615841320.000,0,-,-,-,-,3778.0000,3777.8000,3777.4000,3776.8000,3776.6000,3779.0000,3779.4000,3782.0000,3782.6000,3782.8000,1,2,1,1,1,1,1,1,1,1
SF,IF2007,2020-05-27 09:49:45.700,3778.2000,7924,0,616974780.000,1,0,1,多换,S,3778.2000,3778.0000,3777.8000,3777.4000,3776.8000,3778.6000,3779.0000,3779.4000,3782.0000,3782.6000,2,1,2,1,1,1,1,1,1,1
SF,IF2007,2020-05-27 09:49:46.200,3778.2000,7924,0,616974780.000,0,-,-,-,-,3778.2000,3778.0000,3777.8000,3777.4000,3776.8000,3779.0000,3779.4000,3782.0000,3782.6000,3782.8000,2,1,2,1,1,1,1,1,1,1
SF,IF2007,2020-05-27 09:49:47.700,3778.2000,7923,-1,618108240.000,1,0,1,双平,S,3778.2000,3778.0000,3777.8000,3777.4000,3776.8000,3779.0000,3779.4000,3782.0000,3782.6000,3782.8000,1,1,2,1,1,1,1,1,1,1
SF,IF2007,2020-05-27 09:49:48.700,3778.2000,7923,0,618108240.000,0,-,-,-,-,3778.2000,3778.0000,3777.8000,3777.4000,3776.8000,3778.8000,3779.0000,3779.4000,3782.0000,3782.6000,1,1,2,1,1,1,1,1,1,1
SF,IF2007,2020-05-27 09:49:49.200,3778.2000,7923,0,618108240.000,0,-,-,-,-,3778.2000,3778.0000,3777.8000,3777.4000,3776.8000,3779.0000,3779.4000,3782.0000,3782.6000,3782.8000,1,1,2,1,1,1,1,1,1,1
SF,IF2007,2020-05-27 09:49:51.700,3779.0000,7923,0,619241940.000,1,0,1,多换,S,3778.6000,3778.0000,3777.8000,3777.4000,3776.8000,3779.4000,3782.0000,3782.6000,3782.8000,3783.0000,1,1,2,1,1,1,1,1,1,1
SF,IF2007,2020-05-27 09:49:52.200,3779.0000,7922,-1,620375640.000,1,0,1,双平,S,3778.0000,3777.8000,3777.4000,3776.8000,3776.6000,3780.0000,3782.0000,3782.6000,3782.8000,3783.0000,1,2,1,1,1,1,1,1,1,1
SF,IF2007,2020-05-27 09:49:52.700,3779.0000,7922,0,620375640.000,0,-,-,-,-,3778.4000,3778.2000,3778.0000,3777.8000,3777.4000,3779.6000,3779.8000,3780.0000,3782.0000,3782.6000,2,1,1,2,1,2,3,1,1,1
SF,IF2007,2020-05-27 09:49:53.200,3779.0000,7922,0,620375640.000,0,-,-,-,-,3778.4000,3778.2000,3778.0000,3777.8000,3777.4000,3779.4000,3779.6000,3779.8000,3780.0000,3782.0000,2,1,1,2,1,2,1,2,1,1
SF,IF2007,2020-05-27 09:49:54.200,3779.0000,7922,0,620375640.000,0,-,-,-,-,3778.4000,3778.2000,3778.0000,3777.8000,3777.4000,3779.4000,3779.6000,3779.8000,3780.0000,3782.0000,2,1,1,2,1,2,1,1,1,1
SF,IF2007,2020-05-27 09:49:55.200,3778.4000,7922,0,621509160.000,1,0,1,多换,S,3778.4000,3778.0000,3777.8000,3777.4000,3776.8000,3779.4000,3779.6000,3780.0000,3782.0000,3782.6000,1,1,2,1,1,2,1,1,1,1
SF,IF2007,2020-05-27 09:49:55.700,3778.4000,7922,0,622642680.000,1,0,1,多换,S,3778.0000,3777.8000,3777.4000,3776.8000,3776.6000,3778.4000,3779.0000,3779.4000,3780.0000,3782.0000,1,2,1,1,1,1,1,2,1,1
SF,IF2007,2020-05-27 09:49:56.200,3778.4000,7922,0,623776200.000,1,0,1,多换,S,3778.6000,3778.0000,3777.8000,3777.4000,3776.8000,3779.0000,3779.4000,3780.0000,3782.0000,3782.6000,1,1,2,1,1,1,2,1,1,1
SF,IF2007,2020-05-27 09:49:56.700,3778.4000,7922,0,623776200.000,0,-,-,-,-,3778.0000,3777.8000,3777.4000,3776.8000,3776.6000,3779.0000,3779.4000,3780.0000,3782.0000,3782.6000,1,2,1,1,1,1,2,1,1,1
SF,IF2007,2020-05-27 09:49:57.200,3778.4000,7922,0,623776200.000,0,-,-,-,-,3778.0000,3777.8000,3777.4000,3776.8000,3776.6000,3778.4000,3779.0000,3779.4000,3780.0000,3782.0000,1,2,1,1,1,2,1,2,1,1
SF,IF2007,2020-05-27 09:49:57.700,3778.4000,7922,0,626043240.000,2,1,1,多换,S,3778.0000,3777.8000,3777.4000,3776.8000,3776.6000,3779.4000,3780.0000,3782.0000,3782.6000,3782.8000,1,2,1,1,1,2,1,1,1,1
SF,IF2007,2020-05-27 09:49:58.200,3778.4000,7922,0,626043240.000,0,-,-,-,-,3778.0000,3777.8000,3777.4000,3776.8000,3776.6000,3778.8000,3779.0000,3779.2000,3779.4000,3780.0000,1,2,1,1,1,1,1,1,2,1
SF,IF2007,2020-05-27 09:49:58.700,3778.4000,7922,0,626043240.000,0,-,-,-,-,3778.0000,3777.8000,3777.4000,3776.8000,3776.6000,3778.4000,3779.0000,3779.2000,3779.4000,3780.0000,1,2,1,1,1,1,1,1,2,1
SF,IF2007,2020-05-27 09:49:59.200,3778.4000,7922,0,626043240.000,0,-,-,-,-,3778.0000,3777.8000,3777.4000,3776.8000,3776.6000,3778.4000,3779.2000,3779.4000,3780.0000,3782.0000,1,2,1,1,1,1,1,2,1,1
SF,IF2007,2020-05-27 09:50:00.200,3778.4000,7922,0,626043240.000,0,-,-,-,-,3778.0000,3777.8000,3777.4000,3776.8000,3776.6000,3778.4000,3779.4000,3780.0000,3782.0000,3782.6000,1,2,1,1,1,1,2,1,1,1
SF,IF2007,2020-05-27 09:50:00.700,3778.0000,7922,0,627176640.000,1,0,1,多换,S,3778.4000,3777.8000,3777.4000,3776.8000,3776.6000,3779.4000,3780.0000,3782.0000,3782.6000,3782.8000,1,2,1,1,1,2,1,1,1,1
SF,IF2007,2020-05-27 09:50:01.200,3778.2000,7921,-1,629443560.000,2,0,2,多平,S,3777.8000,3777.4000,3776.8000,3776.6000,3776.2000,3778.8000,3779.0000,3779.4000,3780.0000,3782.0000,2,1,1,1,2,2,1,2,1,1
SF,IF2007,2020-05-27 09:50:01.700,3778.2000,7921,0,629443560.000,0,-,-,-,-,3777.8000,3777.4000,3776.8000,3776.6000,3776.2000,3778.4000,3778.6000,3778.8000,3779.0000,3782.0000,2,1,1,1,2,1,3,1,1,1
SF,IF2007,2020-05-27 09:50:02.200,3777.8000,7920,-1,631710240.000,2,0,2,多平,S,3777.4000,3776.8000,3776.6000,3776.2000,3776.0000,3778.2000,3778.8000,3782.0000,3782.6000,3782.8000,1,1,1,2,1,3,1,1,1,1
SF,IF2007,2020-05-27 09:50:02.700,3777.4000,7920,0,632843460.000,1,0,1,多换,S,3776.8000,3776.6000,3776.0000,3775.8000,3775.0000,3778.2000,3778.8000,3782.0000,3782.6000,3782.8000,1,1,1,1,5,3,1,1,1,1
SF,IF2007,2020-05-27 09:50:03.200,3777.4000,7920,0,632843460.000,0,-,-,-,-,3776.8000,3776.6000,3776.0000,3775.8000,3775.0000,3777.6000,3777.8000,3778.2000,3778.8000,3782.0000,1,1,1,1,5,1,1,3,1,1
SF,IF2007,2020-05-27 09:50:03.700,3777.4000,7920,0,632843460.000,0,-,-,-,-,3776.8000,3776.6000,3776.0000,3775.8000,3775.0000,3777.2000,3777.4000,3778.2000,3782.0000,3782.6000,1,1,1,1,5,2,3,1,1,1
SF,IF2007,2020-05-27 09:50:04.200,3776.8000,7920,0,633976500.000,1,0,1,多换,S,3776.6000,3776.0000,3775.8000,3775.0000,3774.2000,3778.2000,3782.0000,3782.6000,3782.8000,3783.0000,1,1,1,5,1,1,1,1,1,2
SF,IF2007,2020-05-27 09:50:04.700,3776.8000,7920,0,633976500.000,0,-,-,-,-,3776.8000,3776.6000,3776.0000,3775.8000,3775.0000,3777.6000,3777.8000,3778.0000,3778.2000,3782.0000,1,1,1,1,5,1,2,2,1,1
SF,IF2007,2020-05-27 09:50:05.200,3776.8000,7920,0,633976500.000,0,-,-,-,-,3776.8000,3776.6000,3776.0000,3775.8000,3775.0000,3777.6000,3778.0000,3778.2000,3782.0000,3782.6000,1,1,1,1,5,1,2,1,1,1
SF,IF2007,2020-05-27 09:50:06.200,3776.8000,7920,0,633976500.000,0,-,-,-,-,3776.8000,3776.6000,3776.0000,3775.8000,3775.0000,3777.4000,3777.6000,3778.0000,3778.2000,3782.0000,1,1,1,1,5,1,1,1,1,1
SF,IF2007,2020-05-27 09:50:06.700,3776.8000,7920,0,633976500.000,0,-,-,-,-,3776.8000,3776.6000,3776.0000,3775.8000,3775.0000,3777.6000,3778.0000,3778.2000,3782.0000,3782.6000,1,1,1,1,5,1,1,1,1,1
SF,IF2007,2020-05-27 09:50:07.700,3776.8000,7919,-1,635109540.000,1,0,1,双平,S,3776.6000,3776.0000,3775.8000,3775.0000,3774.2000,3777.4000,3777.6000,3778.0000,3778.2000,3782.0000,1,1,1,5,1,2,1,1,1,1
SF,IF2007,2020-05-27 09:50:08.200,3776.8000,7919,0,635109540.000,0,-,-,-,-,3776.6000,3776.0000,3775.8000,3775.0000,3774.2000,3777.2000,3777.4000,3777.6000,3778.0000,3778.2000,1,1,1,5,1,1,1,1,1,1
SF,IF2007,2020-05-27 09:50:08.700,3776.8000,7919,0,635109540.000,0,-,-,-,-,3776.6000,3776.0000,3775.8000,3775.0000,3774.2000,3777.2000,3777.6000,3778.0000,3778.2000,3782.0000,1,1,1,5,1,1,1,1,1,1
SF,IF2007,2020-05-27 09:50:09.200,3777.2000,7918,-1,636242700.000,1,0,1,双平,S,3776.8000,3776.6000,3776.0000,3775.8000,3775.0000,3777.6000,3778.0000,3778.2000,3782.0000,3782.6000,1,1,1,1,5,1,1,1,1,1
SF,IF2007,2020-05-27 09:50:09.700,3777.2000,7918,0,636242700.000,0,-,-,-,-,3777.0000,3776.8000,3776.6000,3776.0000,3775.8000,3778.0000,3778.2000,3782.0000,3782.6000,3782.8000,1,1,1,1,1,1,1,1,1,1
SF,IF2007,2020-05-27 09:50:10.200,3777.2000,7918,0,636242700.000,0,-,-,-,-,3777.4000,3776.6000,3776.0000,3775.8000,3775.0000,3778.2000,3781.0000,3782.0000,3782.6000,3782.8000,1,1,1,1,5,1,1,1,1,1
SF,IF2007,2020-05-27 09:50:10.700,3777.2000,7918,0,636242700.000,0,-,-,-,-,3777.4000,3776.6000,3776.0000,3775.8000,3775.0000,3777.8000,3778.2000,3781.0000,3782.0000,3782.6000,1,1,1,1,5,1,1,1,1,1
SF,IF2007,2020-05-27 09:50:11.200,3777.4000,7917,-1,637375920.000,1,0,1,双平,S,3776.6000,3776.0000,3775.8000,3775.0000,3774.2000,3778.2000,3781.0000,3782.0000,3782.6000,3782.8000,1,1,1,5,1,1,1,1,1,1
SF,IF2007,2020-05-27 09:50:11.700,3777.4000,7917,0,637375920.000,0,-,-,-,-,3776.6000,3776.0000,3775.8000,3775.0000,3774.2000,3778.0000,3778.2000,3781.0000,3782.0000,3782.6000,1,1,1,5,1,4,1,1,1,1
SF,IF2007,2020-05-27 09:50:12.200,3777.4000,7917,0,637375920.000,0,-,-,-,-,3776.6000,3776.0000,3775.8000,3775.0000,3774.2000,3777.8000,3778.0000,3778.2000,3781.0000,3782.0000,1,1,1,5,1,1,4,1,1,1
SF,IF2007,2020-05-27 09:50:12.700,3777.4000,7917,0,637375920.000,0,-,-,-,-,3776.6000,3776.0000,3775.8000,3775.0000,3774.2000,3777.6000,3777.8000,3778.2000,3781.0000,3782.0000,1,1,1,5,1,4,1,1,1,1
SF,IF2007,2020-05-27 09:50:13.200,3777.4000,7917,0,637375920.000,0,-,-,-,-,3776.6000,3776.0000,3775.8000,3775.0000,3774.2000,3777.4000,3777.6000,3777.8000,3778.2000,3781.0000,1,1,1,5,1,1,3,1,1,1
SF,IF2007,2020-05-27 09:50:13.700,3777.4000,7917,0,637375920.000,0,-,-,-,-,3776.6000,3776.0000,3775.8000,3775.0000,3774.2000,3777.2000,3777.4000,3777.6000,3777.8000,3778.2000,1,1,1,5,1,2,1,2,1,1
SF,IF2007,2020-05-27 09:50:15.200,3777.4000,7917,0,637375920.000,0,-,-,-,-,3776.6000,3776.0000,3775.8000,3775.0000,3774.2000,3777.2000,3777.4000,3777.6000,3777.8000,3778.2000,1,1,1,5,1,2,1,1,1,1
SF,IF2007,2020-05-27 09:50:15.700,3777.4000,7917,0,637375920.000,0,-,-,-,-,3776.6000,3776.0000,3775.8000,3775.0000,3774.2000,3777.0000,3777.2000,3777.8000,3778.2000,3781.0000,1,1,1,5,1,2,2,1,1,1
SF,IF2007,2020-05-27 09:50:16.200,3777.4000,7917,0,637375920.000,0,-,-,-,-,3776.6000,3776.0000,3775.8000,3775.0000,3774.2000,3777.2000,3777.8000,3778.2000,3781.0000,3782.0000,1,1,1,5,1,2,1,1,1,1
SF,IF2007,2020-05-27 09:50:16.700,3777.4000,7917,0,637375920.000,0,-,-,-,-,3776.6000,3776.0000,3775.8000,3775.0000,3774.2000,3777.2000,3778.2000,3781.0000,3782.0000,3782.6000,1,1,1,5,1,2,1,1,1,1
SF,IF2007,2020-05-27 09:50:18.200,3777.4000,7917,0,637375920.000,0,-,-,-,-,3776.6000,3776.0000,3775.8000,3775.0000,3774.2000,3777.2000,3778.2000,3781.0000,3782.6000,3782.8000,1,1,1,5,1,2,1,1,1,1
SF,IF2007,2020-05-27 09:50:18.700,3777.4000,7917,0,637375920.000,0,-,-,-,-,3776.6000,3776.0000,3775.8000,3775.0000,3774.2000,3777.2000,3778.2000,3781.0000,3782.6000,3782.8000,1,1,1,5,1,2,1,1,1,1
SF,IF2007,2020-05-27 09:50:19.200,3777.4000,7917,0,637375920.000,0,-,-,-,-,3776.6000,3776.0000,3775.8000,3775.0000,3774.2000,3777.2000,3778.2000,3781.0000,3782.6000,3782.8000,1,1,1,5,1,2,1,1,1,1
SF,IF2007,2020-05-27 09:50:20.700,3777.2000,7916,-1,638509080.000,1,0,1,双平,S,3776.6000,3776.0000,3775.8000,3775.0000,3774.2000,3777.2000,3778.2000,3781.0000,3782.6000,3782.8000,1,1,1,5,1,1,1,1,1,1
SF,IF2007,2020-05-27 09:50:21.200,3777.2000,7916,0,638509080.000,0,-,-,-,-,3776.8000,3776.6000,3776.0000,3775.8000,3775.0000,3778.2000,3781.0000,3782.6000,3782.8000,3783.0000,1,1,1,1,5,1,1,1,1,2
SF,IF2007,2020-05-27 09:50:21.700,3777.2000,7916,0,638509080.000,0,-,-,-,-,3777.0000,3776.8000,3776.6000,3776.0000,3775.8000,3777.4000,3777.8000,3778.0000,3778.2000,3781.0000,1,1,1,1,1,1,1,5,1,1
SF,IF2007,2020-05-27 09:50:22.200,3777.2000,7916,0,638509080.000,0,-,-,-,-,3777.0000,3776.8000,3776.6000,3776.0000,3775.8000,3777.8000,3778.0000,3778.2000,3781.0000,3782.6000,1,1,1,1,1,1,5,1,1,1
SF,IF2007,2020-05-27 09:50:22.700,3777.2000,7916,0,638509080.000,0,-,-,-,-,3776.8000,3776.6000,3776.0000,3775.8000,3775.0000,3777.6000,3778.0000,3778.2000,3781.0000,3782.6000,1,1,1,1,5,3,2,1,1,1
SF,IF2007,2020-05-27 09:50:23.200,3777.2000,7916,0,638509080.000,0,-,-,-,-,3776.8000,3776.6000,3776.0000,3775.8000,3775.0000,3777.6000,3778.0000,3778.2000,3781.0000,3782.6000,1,1,1,1,5,2,1,1,1,1
SF,IF2007,2020-05-27 09:50:24.700,3777.2000,7916,0,638509080.000,0,-,-,-,-,3776.8000,3776.6000,3776.0000,3775.8000,3775.0000,3777.6000,3778.0000,3778.2000,3781.0000,3782.6000,1,1,1,1,5,1,1,1,1,1
SF,IF2007,2020-05-27 09:50:25.700,3776.6000,7917,1,640775100.000,2,1,1,空开,S,3776.0000,3775.8000,3775.0000,3774.2000,3771.0000,3776.6000,3777.6000,3778.0000,3778.2000,3781.0000,1,1,5,1,1,1,1,1,1,1
SF,IF2007,2020-05-27 09:50:26.200,3776.6000,7917,0,641908080.000,1,0,1,多换,S,3776.2000,3776.0000,3775.8000,3775.0000,3774.2000,3777.6000,3778.2000,3781.0000,3782.6000,3782.8000,1,1,1,5,1,1,1,1,1,1
SF,IF2007,2020-05-27 09:50:26.700,3776.6000,7917,0,641908080.000,0,-,-,-,-,3776.4000,3776.2000,3776.0000,3775.8000,3775.0000,3777.4000,3777.6000,3778.2000,3781.0000,3782.6000,1,1,1,1,5,2,1,1,1,1
SF,IF2007,2020-05-27 09:50:29.200,3776.6000,7917,0,641908080.000,0,-,-,-,-,3776.4000,3776.2000,3776.0000,3775.8000,3775.0000,3777.2000,3777.4000,3777.6000,3778.2000,3781.0000,1,1,1,1,5,2,2,1,1,1
SF,IF2007,2020-05-27 09:50:29.700,3776.4000,7917,0,643041000.000,1,0,1,多换,S,3776.2000,3776.0000,3775.8000,3775.0000,3774.2000,3777.2000,3777.4000,3777.6000,3778.2000,3781.0000,1,1,1,5,1,2,2,1,1,1
SF,IF2007,2020-05-27 09:50:30.200,3776.4000,7917,0,643041000.000,0,-,-,-,-,3776.2000,3776.0000,3775.8000,3775.0000,3774.2000,3777.4000,3777.6000,3778.2000,3781.0000,3782.6000,1,1,1,5,1,2,1,1,1,1
SF,IF2007,2020-05-27 09:50:30.700,3776.4000,7917,0,643041000.000,0,-,-,-,-,3776.2000,3776.0000,3775.8000,3775.0000,3774.2000,3777.2000,3777.4000,3778.2000,3781.0000,3782.6000,1,1,1,5,1,4,2,1,1,1
SF,IF2007,2020-05-27 09:50:31.200,3777.2000,7917,0,644174160.000,1,0,1,多换,S,3776.4000,3776.2000,3776.0000,3775.8000,3775.0000,3777.4000,3778.2000,3781.0000,3782.6000,3782.8000,3,1,1,1,5,2,1,1,1,1
SF,IF2007,2020-05-27 09:50:31.700,3777.4000,7915,-2,646440600.000,2,0,2,双平,S,3777.0000,3776.6000,3776.4000,3776.0000,3775.8000,3778.2000,3781.0000,3782.6000,3782.8000,3783.0000,1,1,3,1,1,1,1,1,1,2
SF,IF2007,2020-05-27 09:50:32.200,3777.4000,7915,0,646440600.000,0,-,-,-,-,3777.8000,3777.4000,3776.4000,3776.0000,3775.8000,3778.0000,3778.2000,3781.0000,3782.6000,3782.8000,1,1,1,1,1,2,1,1,1,1
SF,IF2007,2020-05-27 09:50:32.700,3777.8000,7915,0,647573940.000,1,0,1,多换,S,3777.4000,3776.4000,3776.0000,3775.8000,3775.0000,3777.8000,3778.0000,3778.2000,3781.0000,3782.6000,1,1,1,1,5,1,1,1,1,1
SF,IF2007,2020-05-27 09:50:33.200,3777.4000,7915,0,648707160.000,1,0,1,多换,S,3776.4000,3776.0000,3775.8000,3775.0000,3774.2000,3778.0000,3778.2000,3781.0000,3782.6000,3782.8000,1,1,1,5,1,1,1,1,1,1
SF,IF2007,2020-05-27 09:50:33.700,3777.4000,7915,0,648707160.000,0,-,-,-,-,3776.8000,3776.6000,3776.4000,3776.0000,3775.8000,3777.8000,3778.0000,3778.2000,3781.0000,3782.6000,1,1,1,1,1,2,1,1,1,1
SF,IF2007,2020-05-27 09:50:34.200,3777.4000,7915,0,648707160.000,0,-,-,-,-,3776.8000,3776.6000,3776.4000,3776.0000,3775.8000,3777.8000,3778.0000,3778.2000,3781.0000,3782.6000,1,1,1,1,1,2,2,1,1,1
SF,IF2007,2020-05-27 09:50:34.700,3777.4000,7915,0,648707160.000,0,-,-,-,-,3776.8000,3776.6000,3776.4000,3776.0000,3775.8000,3777.6000,3777.8000,3778.0000,3778.2000,3781.0000,1,1,1,1,1,1,2,1,1,1
SF,IF2007,2020-05-27 09:50:35.700,3777.4000,7915,0,648707160.000,0,-,-,-,-,3776.4000,3776.0000,3775.8000,3775.0000,3774.2000,3777.4000,3777.6000,3778.2000,3781.0000,3782.6000,1,1,1,5,1,3,1,1,1,1
SF,IF2007,2020-05-27 09:50:36.200,3777.4000,7915,0,648707160.000,0,-,-,-,-,3776.4000,3776.0000,3775.8000,3775.0000,3774.2000,3777.4000,3777.6000,3778.2000,3781.0000,3782.6000,1,1,1,5,1,4,1,1,1,1
SF,IF2007,2020-05-27 09:50:36.700,3777.4000,7915,0,648707160.000,0,-,-,-,-,3776.4000,3776.0000,3775.8000,3775.0000,3774.2000,3777.0000,3777.4000,3777.6000,3778.2000,3781.0000,1,1,1,5,1,1,4,1,1,1
SF,IF2007,2020-05-27 09:50:37.200,3777.4000,7915,0,648707160.000,0,-,-,-,-,3776.4000,3776.0000,3775.8000,3775.0000,3774.2000,3777.4000,3777.6000,3778.2000,3781.0000,3782.6000,1,1,1,5,1,4,1,1,1,1
SF,IF2007,2020-05-27 09:50:37.700,3777.4000,7915,0,648707160.000,0,-,-,-,-,3776.4000,3776.0000,3775.8000,3775.0000,3774.2000,3777.2000,3777.4000,3777.6000,3778.2000,3781.0000,1,1,1,5,1,2,2,1,1,1
SF,IF2007,2020-05-27 09:50:38.700,3777.4000,7915,0,648707160.000,0,-,-,-,-,3776.4000,3776.0000,3775.8000,3775.0000,3774.2000,3777.2000,3777.4000,3777.6000,3777.8000,3778.2000,1,1,1,5,1,2,2,1,1,1
SF,IF2007,2020-05-27 09:50:39.700,3777.4000,7915,0,648707160.000,0,-,-,-,-,3776.6000,3776.4000,3776.0000,3775.8000,3775.0000,3777.2000,3777.4000,3777.6000,3777.8000,3778.2000,1,1,1,1,5,2,2,1,1,1
SF,IF2007,2020-05-27 09:50:40.200,3777.4000,7915,0,648707160.000,0,-,-,-,-,3776.6000,3776.4000,3776.0000,3775.8000,3775.0000,3777.2000,3777.4000,3777.6000,3777.8000,3778.2000,1,1,1,1,5,2,1,1,1,1
SF,IF2007,2020-05-27 09:50:40.700,3777.4000,7915,0,648707160.000,0,-,-,-,-,3776.4000,3776.0000,3775.8000,3775.0000,3774.2000,3777.2000,3777.4000,3777.6000,3777.8000,3778.2000,1,1,1,5,1,2,1,1,1,1
SF,IF2007,2020-05-27 09:50:43.700,3777.4000,7915,0,648707160.000,0,-,-,-,-,3776.4000,3775.8000,3775.0000,3774.2000,3771.0000,3777.2000,3777.4000,3777.6000,3777.8000,3778.2000,1,1,5,1,1,2,1,1,1,1
SF,IF2007,2020-05-27 09:50:45.200,3776.4000,7915,0,649840080.000,1,0,1,多换,S,3775.8000,3775.0000,3774.2000,3771.0000,3770.2000,3777.2000,3777.4000,3777.6000,3777.8000,3778.2000,1,5,1,1,1,2,1,1,1,1
SF,IF2007,2020-05-27 09:50:45.700,3776.4000,7915,0,649840080.000,0,-,-,-,-,3776.2000,3776.0000,3775.8000,3775.0000,3774.2000,3777.0000,3777.2000,3777.4000,3777.8000,3778.2000,1,2,1,5,1,1,2,1,1,1
SF,IF2007,2020-05-27 09:50:46.700,3776.4000,7915,0,649840080.000,0,-,-,-,-,3776.2000,3776.0000,3775.8000,3775.0000,3774.2000,3777.0000,3777.2000,3777.4000,3777.8000,3778.2000,1,2,1,5,1,2,2,1,1,1
SF,IF2007,2020-05-27 09:50:47.700,3777.0000,7915,0,652106280.000,2,1,1,多换,S,3776.2000,3776.0000,3775.8000,3775.0000,3774.2000,3777.2000,3777.4000,3777.8000,3778.2000,3781.0000,1,2,1,5,1,3,1,1,1,1
SF,IF2007,2020-05-27 09:50:48.200,3777.2000,7915,0,653239440.000,1,0,1,多换,S,3776.4000,3776.2000,3775.8000,3775.0000,3774.2000,3777.4000,3777.8000,3778.2000,3781.0000,3782.6000,2,1,1,5,1,1,1,1,1,1
SF,IF2007,2020-05-27 09:50:48.700,3777.2000,7915,0,653239440.000,0,-,-,-,-,3776.6000,3776.4000,3776.2000,3775.8000,3775.0000,3777.8000,3778.2000,3781.0000,3782.6000,3782.8000,1,2,1,1,5,1,1,1,1,1
SF,IF2007,2020-05-27 09:50:49.200,3777.2000,7915,0,653239440.000,0,-,-,-,-,3776.8000,3776.6000,3776.4000,3775.8000,3775.0000,3777.6000,3777.8000,3778.2000,3781.0000,3782.6000,1,1,1,1,5,2,1,1,1,1
SF,IF2007,2020-05-27 09:50:49.700,3777.2000,7915,0,653239440.000,0,-,-,-,-,3776.8000,3776.6000,3776.4000,3775.8000,3775.0000,3777.4000,3777.6000,3777.8000,3778.2000,3781.0000,1,1,1,1,5,1,3,1,1,1
SF,IF2007,2020-05-27 09:50:50.200,3777.2000,7915,0,653239440.000,0,-,-,-,-,3776.6000,3776.4000,3775.8000,3775.0000,3774.2000,3777.4000,3777.6000,3777.8000,3778.2000,3781.0000,1,1,1,5,1,1,3,1,1,1
SF,IF2007,2020-05-27 09:50:50.700,3777.2000,7915,0,653239440.000,0,-,-,-,-,3776.4000,3775.8000,3775.0000,3774.2000,3771.0000,3777.2000,3777.4000,3777.6000,3777.8000,3778.2000,1,1,5,1,1,1,1,1,1,1
SF,IF2007,2020-05-27 09:50:51.200,3777.2000,7915,0,653239440.000,0,-,-,-,-,3775.8000,3775.0000,3774.2000,3771.0000,3770.2000,3777.0000,3777.2000,3777.6000,3777.8000,3778.2000,1,5,1,1,1,7,2,1,1,1
SF,IF2007,2020-05-27 09:50:51.700,3777.2000,7915,0,653239440.000,0,-,-,-,-,3776.0000,3775.8000,3775.0000,3774.2000,3771.0000,3776.8000,3777.0000,3777.2000,3777.8000,3778.2000,2,1,5,1,1,1,7,1,1,1
SF,IF2007,2020-05-27 09:50:52.200,3777.2000,7915,0,653239440.000,0,-,-,-,-,3776.0000,3775.8000,3775.0000,3774.2000,3771.0000,3777.0000,3777.2000,3777.8000,3778.2000,3781.0000,2,1,5,1,1,7,1,1,1,1
SF,IF2007,2020-05-27 09:50:52.700,3777.2000,7915,0,653239440.000,0,-,-,-,-,3776.0000,3775.8000,3775.0000,3774.2000,3771.0000,3777.0000,3777.2000,3777.8000,3778.2000,3781.0000,2,1,5,1,1,6,1,1,1,1
SF,IF2007,2020-05-27 09:50:55.200,3777.2000,7915,0,653239440.000,0,-,-,-,-,3776.0000,3775.8000,3775.0000,3774.2000,3772.0000,3777.0000,3777.2000,3777.8000,3778.2000,3781.0000,2,1,5,1,1,6,1,1,1,1
SF,IF2007,2020-05-27 09:50:55.700,3777.2000,7915,0,653239440.000,0,-,-,-,-,3776.0000,3775.8000,3775.0000,3774.2000,3772.0000,3776.8000,3777.0000,3777.2000,3777.8000,3778.2000,2,1,5,1,1,1,6,1,1,1
SF,IF2007,2020-05-27 09:50:56.200,3777.2000,7915,0,653239440.000,0,-,-,-,-,3776.0000,3775.8000,3775.0000,3774.2000,3772.0000,3776.8000,3777.0000,3777.2000,3777.8000,3778.2000,1,1,5,1,1,1,6,1,1,1
SF,IF2007,2020-05-27 09:50:56.700,3777.2000,7915,0,653239440.000,0,-,-,-,-,3776.0000,3775.8000,3775.0000,3774.2000,3772.0000,3776.8000,3777.0000,3777.2000,3777.8000,3778.2000,1,1,5,1,1,1,6,1,1,1
SF,IF2007,2020-05-27 09:50:59.200,3776.0000,7914,-1,654372240.000,1,0,1,双平,S,3775.8000,3775.0000,3774.2000,3772.0000,3771.0000,3776.8000,3777.0000,3777.2000,3777.8000,3778.2000,1,5,1,1,1,1,6,1,1,1
SF,IF2007,2020-05-27 09:50:59.700,3776.0000,7914,0,654372240.000,0,-,-,-,-,3775.8000,3775.0000,3774.2000,3772.0000,3771.0000,3776.8000,3777.0000,3777.2000,3778.2000,3781.0000,1,5,1,1,1,1,6,1,1,1
SF,IF2007,2020-05-27 09:51:00.200,3776.0000,7914,0,654372240.000,0,-,-,-,-,3775.8000,3775.0000,3774.2000,3772.0000,3771.0000,3776.6000,3776.8000,3777.0000,3777.2000,3778.2000,1,5,1,1,1,1,1,6,1,1
SF,IF2007,2020-05-27 09:51:00.700,3775.8000,7913,-1,655504980.000,1,0,1,双平,S,3775.0000,3774.2000,3772.0000,3771.0000,3770.2000,3776.6000,3776.8000,3777.0000,3777.2000,3778.2000,5,1,1,1,1,1,1,6,1,1
SF,IF2007,2020-05-27 09:51:01.200,3775.8000,7913,0,655504980.000,0,-,-,-,-,3775.4000,3775.2000,3775.0000,3774.2000,3772.0000,3776.4000,3776.6000,3777.0000,3777.2000,3778.2000,2,2,5,1,1,2,1,6,1,1
SF,IF2007,2020-05-27 09:51:01.700,3775.8000,7913,0,655504980.000,0,-,-,-,-,3775.4000,3775.2000,3775.0000,3774.2000,3772.0000,3776.0000,3776.2000,3776.4000,3776.6000,3776.8000,1,1,5,1,1,1,1,2,1,1
SF,IF2007,2020-05-27 09:51:02.200,3775.8000,7913,0,655504980.000,0,-,-,-,-,3775.0000,3774.2000,3772.0000,3771.0000,3770.2000,3776.0000,3776.2000,3776.4000,3776.6000,3776.8000,5,1,1,1,1,1,1,2,1,1
SF,IF2007,2020-05-27 09:51:02.700,3775.8000,7914,1,656637720.000,1,1,0,双开,S,3775.0000,3774.2000,3772.0000,3771.0000,3770.2000,3775.8000,3776.0000,3776.2000,3776.8000,3777.0000,5,1,1,1,1,2,1,1,1,6
SF,IF2007,2020-05-27 09:51:04.200,3775.8000,7914,0,656637720.000,0,-,-,-,-,3775.0000,3774.2000,3772.0000,3771.0000,3770.2000,3776.2000,3776.8000,3777.0000,3781.0000,3782.6000,5,1,1,1,1,1,1,6,1,1
SF,IF2007,2020-05-27 09:51:04.700,3775.8000,7914,0,656637720.000,0,-,-,-,-,3775.0000,3774.2000,3772.0000,3771.0000,3770.2000,3776.0000,3776.2000,3776.8000,3777.0000,3781.0000,5,1,1,1,1,6,1,1,6,1
SF,IF2007,2020-05-27 09:51:09.200,3775.8000,7914,0,656637720.000,0,-,-,-,-,3775.2000,3775.0000,3774.2000,3772.0000,3771.0000,3776.0000,3776.2000,3776.8000,3777.0000,3781.0000,1,5,1,1,1,6,1,1,6,1
SF,IF2007,2020-05-27 09:51:09.700,3775.8000,7914,0,656637720.000,0,-,-,-,-,3775.2000,3775.0000,3774.2000,3772.0000,3771.0000,3776.0000,3776.2000,3776.8000,3777.0000,3781.0000,1,5,1,1,1,3,1,1,6,1
SF,IF2007,2020-05-27 09:51:10.700,3775.8000,7914,0,656637720.000,0,-,-,-,-,3775.0000,3774.2000,3772.0000,3771.0000,3770.2000,3775.8000,3776.0000,3776.2000,3776.8000,3777.0000,5,1,1,1,1,1,2,1,1,6
SF,IF2007,2020-05-27 09:51:11.200,3775.8000,7913,-1,657770460.000,1,0,1,双平,S,3775.0000,3774.2000,3772.0000,3771.0000,3770.2000,3775.8000,3776.0000,3776.2000,3776.8000,3777.0000,5,1,1,1,1,1,2,1,1,6
SF,IF2007,2020-05-27 09:51:11.700,3775.8000,7913,0,657770460.000,0,-,-,-,-,3775.2000,3775.0000,3774.2000,3772.0000,3771.0000,3776.0000,3776.2000,3776.8000,3777.0000,3781.0000,5,5,1,1,1,1,1,1,6,1
SF,IF2007,2020-05-27 09:51:12.200,3776.0000,7913,0,658903260.000,1,0,1,多换,S,3775.2000,3775.0000,3774.2000,3772.0000,3771.0000,3776.8000,3777.0000,3781.0000,3782.6000,3782.8000,5,5,1,1,1,1,6,1,1,1
SF,IF2007,2020-05-27 09:51:12.700,3776.0000,7913,0,658903260.000,0,-,-,-,-,3775.4000,3775.2000,3775.0000,3774.2000,3772.0000,3776.6000,3776.8000,3777.0000,3781.0000,3782.6000,1,3,5,1,1,4,1,6,1,1
SF,IF2007,2020-05-27 09:51:13.200,3776.0000,7913,0,658903260.000,0,-,-,-,-,3775.6000,3775.4000,3775.2000,3775.0000,3774.2000,3776.4000,3776.6000,3776.8000,3777.0000,3781.0000,1,1,2,5,1,1,4,1,6,1
SF,IF2007,2020-05-27 09:51:13.700,3776.0000,7913,0,658903260.000,0,-,-,-,-,3775.6000,3775.4000,3775.2000,3775.0000,3774.2000,3776.2000,3776.4000,3776.6000,3776.8000,3777.0000,1,1,2,5,1,1,1,3,1,6
SF,IF2007,2020-05-27 09:51:14.200,3776.2000,7913,0,660036120.000,1,0,1,多换,S,3775.6000,3775.4000,3775.2000,3775.0000,3774.2000,3776.4000,3776.6000,3776.8000,3777.0000,3781.0000,1,1,2,5,1,1,3,1,6,1
SF,IF2007,2020-05-27 09:51:14.700,3776.2000,7913,0,660036120.000,0,-,-,-,-,3775.6000,3775.4000,3775.2000,3775.0000,3774.2000,3776.4000,3776.6000,3776.8000,3777.0000,3781.0000,1,1,2,5,1,1,2,1,6,1
SF,IF2007,2020-05-27 09:51:15.200,3776.2000,7913,0,660036120.000,0,-,-,-,-,3775.8000,3775.6000,3775.2000,3775.0000,3774.2000,3776.6000,3776.8000,3777.0000,3781.0000,3782.6000,1,1,2,5,1,2,1,6,1,1
SF,IF2007,2020-05-27 09:51:15.700,3776.2000,7913,0,660036120.000,0,-,-,-,-,3775.6000,3775.2000,3775.0000,3774.2000,3772.0000,3776.6000,3776.8000,3777.0000,3781.0000,3782.6000,1,2,5,1,1,1,1,6,1,1
SF,IF2007,2020-05-27 09:51:16.200,3776.2000,7913,0,660036120.000,0,-,-,-,-,3775.6000,3775.2000,3775.0000,3774.2000,3772.0000,3776.6000,3776.8000,3777.0000,3781.0000,3782.6000,1,1,5,1,1,1,1,6,1,1
SF,IF2007,2020-05-27 09:51:17.200,3776.2000,7913,0,660036120.000,0,-,-,-,-,3775.6000,3775.2000,3775.0000,3774.2000,3772.0000,3776.0000,3776.2000,3776.4000,3776.6000,3776.8000,1,1,5,1,1,1,1,3,1,1
SF,IF2007,2020-05-27 09:51:17.700,3776.2000,7913,0,660036120.000,0,-,-,-,-,3775.0000,3774.2000,3772.0000,3771.0000,3770.2000,3776.0000,3776.4000,3776.8000,3777.0000,3781.0000,5,1,1,1,1,1,3,1,6,1
SF,IF2007,2020-05-27 09:51:19.200,3775.2000,7913,0,661168680.000,1,0,1,多换,S,3775.0000,3774.2000,3772.0000,3771.0000,3770.2000,3776.0000,3776.4000,3776.8000,3777.0000,3781.0000,5,1,1,1,1,1,2,1,6,1
SF,IF2007,2020-05-27 09:51:20.200,3775.2000,7913,0,661168680.000,0,-,-,-,-,3775.0000,3774.2000,3772.0000,3771.0000,3770.2000,3775.6000,3775.8000,3776.0000,3776.4000,3776.8000,5,1,1,1,1,1,1,1,1,1
SF,IF2007,2020-05-27 09:51:20.700,3775.2000,7913,0,661168680.000,0,-,-,-,-,3775.0000,3774.2000,3772.0000,3771.0000,3770.2000,3775.6000,3775.8000,3776.0000,3776.8000,3777.0000,5,1,1,1,1,1,1,1,1,6
SF,IF2007,2020-05-27 09:51:21.200,3775.2000,7913,0,661168680.000,0,-,-,-,-,3775.0000,3774.2000,3772.0000,3771.0000,3770.2000,3775.6000,3775.8000,3776.0000,3776.8000,3777.0000,5,1,1,1,1,1,1,1,1,6
SF,IF2007,2020-05-27 09:51:21.700,3775.2000,7913,0,661168680.000,0,-,-,-,-,3775.0000,3774.2000,3772.0000,3771.0000,3770.2000,3775.6000,3775.8000,3776.0000,3776.8000,3777.0000,5,1,1,1,1,1,1,1,1,6
SF,IF2007,2020-05-27 09:51:24.200,3775.2000,7913,0,661168680.000,0,-,-,-,-,3775.0000,3774.2000,3772.0000,3771.0000,3770.2000,3775.6000,3775.8000,3776.0000,3776.8000,3777.0000,5,1,1,1,1,1,1,1,1,6
SF,IF2007,2020-05-27 09:51:25.200,3775.2000,7913,0,661168680.000,0,-,-,-,-,3775.0000,3774.2000,3772.0000,3771.0000,3770.2000,3775.6000,3775.8000,3776.0000,3776.8000,3777.0000,5,1,1,1,1,1,1,1,1,6
SF,IF2007,2020-05-27 09:51:27.200,3775.2000,7913,0,661168680.000,0,-,-,-,-,3775.0000,3774.2000,3772.0000,3771.0000,3770.2000,3775.6000,3775.8000,3776.0000,3776.8000,3777.0000,5,1,1,1,1,1,1,1,1,6
SF,IF2007,2020-05-27 09:51:30.200,3775.6000,7912,-1,662301360.000,1,0,1,双平,S,3775.0000,3774.2000,3772.0000,3771.0000,3770.2000,3775.8000,3776.8000,3777.0000,3781.0000,3782.6000,5,1,1,1,1,1,1,6,1,1
SF,IF2007,2020-05-27 09:51:30.700,3775.8000,7912,0,663434100.000,1,0,1,多换,S,3775.2000,3775.0000,3774.2000,3772.0000,3771.0000,3776.8000,3777.0000,3781.0000,3782.6000,3782.8000,2,5,1,1,1,1,6,1,1,1
SF,IF2007,2020-05-27 09:51:31.200,3775.8000,7912,0,663434100.000,0,-,-,-,-,3775.4000,3775.2000,3775.0000,3774.2000,3772.0000,3776.4000,3776.6000,3776.8000,3777.0000,3781.0000,1,2,5,1,1,1,1,1,6,1
SF,IF2007,2020-05-27 09:51:31.700,3775.8000,7912,0,663434100.000,0,-,-,-,-,3775.6000,3775.4000,3775.2000,3775.0000,3774.2000,3776.8000,3777.0000,3781.0000,3782.6000,3782.8000,3,1,1,5,1,1,6,1,1,1
SF,IF2007,2020-05-27 09:51:32.200,3775.8000,7912,0,663434100.000,0,-,-,-,-,3775.8000,3775.6000,3775.0000,3774.2000,3772.0000,3776.8000,3777.0000,3781.0000,3782.6000,3782.8000,2,3,5,1,1,1,6,1,1,1
SF,IF2007,2020-05-27 09:51:32.700,3775.8000,7912,0,663434100.000,0,-,-,-,-,3776.0000,3775.8000,3775.0000,3774.2000,3772.0000,3777.0000,3777.4000,3781.0000,3782.6000,3782.8000,3,2,5,1,1,6,1,1,1,1
SF,IF2007,2020-05-27 09:51:34.200,3775.8000,7912,0,663434100.000,0,-,-,-,-,3776.0000,3775.8000,3775.0000,3774.2000,3772.0000,3776.8000,3777.0000,3777.4000,3781.0000,3782.6000,3,2,5,1,1,1,6,1,1,1
SF,IF2007,2020-05-27 09:51:34.700,3775.8000,7912,0,663434100.000,0,-,-,-,-,3776.0000,3775.8000,3775.0000,3774.2000,3772.0000,3776.8000,3777.0000,3777.4000,3781.0000,3782.6000,1,2,5,1,1,1,6,1,1,1
SF,IF2007,2020-05-27 09:51:35.200,3775.8000,7912,0,663434100.000,0,-,-,-,-,3775.8000,3775.0000,3774.2000,3772.0000,3771.0000,3776.4000,3776.8000,3777.0000,3777.4000,3781.0000,1,5,1,1,1,1,1,6,1,1
SF,IF2007,2020-05-27 09:51:35.700,3775.8000,7912,0,663434100.000,0,-,-,-,-,3775.0000,3774.2000,3772.0000,3771.0000,3770.2000,3776.2000,3776.8000,3777.0000,3777.4000,3781.0000,5,1,1,1,1,1,1,6,1,1
SF,IF2007,2020-05-27 09:51:36.200,3775.8000,7912,0,663434100.000,0,-,-,-,-,3775.4000,3775.2000,3775.0000,3774.2000,3772.0000,3776.2000,3776.8000,3777.0000,3777.4000,3781.0000,2,4,5,1,1,1,1,6,1,1
SF,IF2007,2020-05-27 09:51:37.200,3775.8000,7912,0,663434100.000,0,-,-,-,-,3775.4000,3775.2000,3775.0000,3774.2000,3772.0000,3776.2000,3776.8000,3777.0000,3777.4000,3781.0000,2,6,5,1,1,1,1,6,1,1
SF,IF2007,2020-05-27 09:51:37.700,3775.8000,7912,0,663434100.000,0,-,-,-,-,3775.4000,3775.2000,3775.0000,3774.2000,3772.0000,3776.2000,3776.8000,3777.0000,3777.4000,3781.0000,2,6,5,1,1,1,1,6,1,1
SF,IF2007,2020-05-27 09:51:38.700,3775.8000,7912,0,663434100.000,0,-,-,-,-,3775.4000,3775.2000,3775.0000,3774.2000,3772.0000,3776.2000,3776.8000,3777.0000,3781.0000,3782.6000,1,5,5,1,1,2,1,6,1,1
SF,IF2007,2020-05-27 09:51:39.200,3775.8000,7912,0,663434100.000,0,-,-,-,-,3775.6000,3775.4000,3775.2000,3775.0000,3774.2000,3776.2000,3777.0000,3781.0000,3782.6000,3782.8000,1,1,4,5,1,2,6,1,1,1
SF,IF2007,2020-05-27 09:51:39.700,3775.8000,7912,0,663434100.000,0,-,-,-,-,3775.6000,3775.4000,3775.2000,3775.0000,3774.2000,3776.2000,3777.0000,3781.0000,3782.6000,3782.8000,1,1,4,5,1,1,6,1,1,1
SF,IF2007,2020-05-27 09:51:40.200,3776.2000,7912,0,664566960.000,1,0,1,多换,S,3775.6000,3775.4000,3775.2000,3775.0000,3774.2000,3776.6000,3777.0000,3781.0000,3782.6000,3782.8000,1,1,4,5,1,1,6,1,1,1
SF,IF2007,2020-05-27 09:51:40.700,3776.2000,7912,0,664566960.000,0,-,-,-,-,3775.8000,3775.6000,3775.4000,3775.2000,3775.0000,3776.6000,3777.0000,3781.0000,3782.6000,3782.8000,2,1,1,3,5,1,6,1,1,1
SF,IF2007,2020-05-27 09:51:41.200,3776.2000,7912,0,664566960.000,0,-,-,-,-,3775.6000,3775.2000,3775.0000,3774.2000,3772.0000,3776.6000,3777.0000,3781.0000,3782.6000,3782.8000,1,3,5,1,1,1,6,1,1,1
SF,IF2007,2020-05-27 09:51:44.700,3775.6000,7912,0,665699640.000,1,0,1,多换,S,3775.2000,3775.0000,3774.2000,3772.0000,3771.0000,3776.6000,3777.0000,3781.0000,3782.6000,3782.8000,3,5,1,1,1,1,6,1,1,1
SF,IF2007,2020-05-27 09:51:45.200,3775.6000,7912,0,665699640.000,0,-,-,-,-,3775.4000,3775.2000,3775.0000,3774.2000,3772.0000,3776.4000,3776.6000,3777.0000,3781.0000,3782.6000,3,3,5,1,1,1,1,6,1,1
SF,IF2007,2020-05-27 09:51:48.200,3775.6000,7912,0,665699640.000,0,-,-,-,-,3775.6000,3775.4000,3775.2000,3775.0000,3774.2000,3776.4000,3776.6000,3777.0000,3781.0000,3782.6000,1,3,3,5,1,1,1,6,1,1
SF,IF2007,2020-05-27 09:51:48.700,3775.6000,7912,0,665699640.000,0,-,-,-,-,3775.8000,3775.6000,3775.4000,3775.2000,3775.0000,3776.6000,3777.0000,3781.0000,3782.6000,3782.8000,2,1,1,2,5,1,6,1,1,1
SF,IF2007,2020-05-27 09:51:50.200,3775.6000,7912,0,665699640.000,0,-,-,-,-,3775.8000,3775.6000,3775.4000,3775.2000,3775.0000,3777.0000,3777.2000,3781.0000,3782.6000,3782.8000,2,1,1,2,5,6,1,1,1,1
SF,IF2007,2020-05-27 09:51:50.700,3775.6000,7912,0,665699640.000,0,-,-,-,-,3775.8000,3775.6000,3775.4000,3775.2000,3775.0000,3776.8000,3777.0000,3777.2000,3781.0000,3782.6000,2,1,1,2,5,3,6,1,1,1
SF,IF2007,2020-05-27 09:51:52.700,3775.6000,7912,0,665699640.000,0,-,-,-,-,3775.8000,3775.6000,3775.4000,3775.2000,3775.0000,3776.8000,3777.0000,3777.2000,3781.0000,3782.6000,1,1,1,2,5,3,6,1,1,1
SF,IF2007,2020-05-27 09:51:53.200,3775.6000,7912,0,665699640.000,0,-,-,-,-,3775.8000,3775.6000,3775.4000,3775.2000,3775.0000,3776.4000,3776.8000,3777.0000,3777.2000,3781.0000,1,1,1,2,5,1,3,6,1,1
SF,IF2007,2020-05-27 09:51:53.700,3775.6000,7912,0,665699640.000,0,-,-,-,-,3775.8000,3775.6000,3775.4000,3775.2000,3775.0000,3776.8000,3777.0000,3777.2000,3781.0000,3782.6000,1,1,1,2,5,3,6,1,1,1
SF,IF2007,2020-05-27 09:51:59.200,3775.6000,7912,0,665699640.000,0,-,-,-,-,3775.8000,3775.6000,3775.4000,3775.2000,3775.0000,3776.8000,3777.0000,3777.2000,3781.0000,3782.6000,1,1,1,2,5,2,6,1,1,1
SF,IF2007,2020-05-27 09:52:01.200,3776.8000,7911,-1,666832680.000,1,0,1,双平,S,3776.0000,3775.8000,3775.6000,3775.4000,3775.2000,3776.8000,3777.0000,3777.2000,3781.0000,3782.6000,2,1,1,1,2,1,6,1,1,1
SF,IF2007,2020-05-27 09:52:01.700,3776.8000,7911,0,666832680.000,0,-,-,-,-,3776.2000,3776.0000,3775.8000,3775.6000,3775.2000,3777.0000,3777.2000,3781.0000,3782.6000,3782.8000,2,2,1,1,2,6,1,1,1,1
SF,IF2007,2020-05-27 09:52:02.200,3776.8000,7911,0,666832680.000,0,-,-,-,-,3776.2000,3776.0000,3775.6000,3775.2000,3775.0000,3777.0000,3777.2000,3781.0000,3782.6000,3782.8000,2,2,1,2,5,6,1,1,1,1
SF,IF2007,2020-05-27 09:52:02.700,3776.8000,7911,0,666832680.000,0,-,-,-,-,3776.4000,3776.2000,3775.6000,3775.2000,3775.0000,3777.0000,3778.0000,3781.0000,3782.6000,3782.8000,3,2,1,2,5,6,1,1,1,1
SF,IF2007,2020-05-27 09:52:03.200,3776.8000,7911,0,666832680.000,0,-,-,-,-,3776.6000,3776.4000,3776.2000,3775.6000,3775.2000,3777.0000,3778.0000,3781.0000,3782.6000,3782.8000,1,3,2,1,2,6,1,1,1,1
SF,IF2007,2020-05-27 09:52:06.700,3777.0000,7905,-6,673631280.000,6,0,6,双平,S,3776.6000,3776.4000,3776.2000,3775.6000,3775.2000,3778.0000,3781.0000,3782.6000,3782.8000,3783.0000,1,3,2,1,2,1,1,1,1,2
SF,IF2007,2020-05-27 09:52:07.200,3777.0000,7905,0,673631280.000,0,-,-,-,-,3776.8000,3776.6000,3776.2000,3775.6000,3775.2000,3777.8000,3778.0000,3781.0000,3782.6000,3782.8000,4,1,1,1,2,1,1,1,1,1
SF,IF2007,2020-05-27 09:52:07.700,3777.0000,7904,-1,674764380.000,1,0,1,双平,S,3776.8000,3776.6000,3775.6000,3775.2000,3775.0000,3777.8000,3778.0000,3781.0000,3782.6000,3782.8000,3,1,1,2,5,1,1,1,1,1
SF,IF2007,2020-05-27 09:52:08.200,3776.8000,7904,0,675897420.000,1,0,1,多换,S,3776.8000,3775.6000,3775.2000,3775.0000,3774.2000,3777.8000,3778.0000,3781.0000,3782.6000,3782.8000,2,1,2,5,1,1,1,1,1,1
SF,IF2007,2020-05-27 09:52:09.200,3776.8000,7904,0,675897420.000,0,-,-,-,-,3776.8000,3775.6000,3775.2000,3775.0000,3774.2000,3777.6000,3777.8000,3778.0000,3781.0000,3782.6000,2,1,2,5,1,2,1,1,1,1
SF,IF2007,2020-05-27 09:52:09.700,3776.8000,7904,0,675897420.000,0,-,-,-,-,3776.8000,3775.6000,3775.2000,3775.0000,3774.2000,3777.6000,3777.8000,3778.0000,3781.0000,3782.6000,1,1,2,5,1,2,1,1,1,1
SF,IF2007,2020-05-27 09:52:11.200,3776.8000,7903,-1,677030460.000,1,0,1,双平,S,3775.6000,3775.2000,3775.0000,3774.2000,3772.0000,3777.6000,3777.8000,3778.0000,3781.0000,3782.6000,1,2,5,1,1,2,1,1,1,1
SF,IF2007,2020-05-27 09:52:11.700,3776.8000,7903,0,677030460.000,0,-,-,-,-,3776.4000,3776.0000,3775.8000,3775.6000,3775.2000,3777.4000,3777.6000,3778.0000,3781.0000,3782.6000,1,2,8,1,2,1,2,1,1,1
SF,IF2007,2020-05-27 09:52:12.200,3776.8000,7903,0,677030460.000,0,-,-,-,-,3776.6000,3776.4000,3776.0000,3775.8000,3775.6000,3777.4000,3777.6000,3778.0000,3781.0000,3782.6000,2,1,2,5,1,1,2,1,1,1
SF,IF2007,2020-05-27 09:52:12.700,3776.8000,7903,0,677030460.000,0,-,-,-,-,3776.6000,3776.4000,3776.0000,3775.8000,3775.6000,3777.6000,3778.0000,3781.0000,3782.6000,3782.8000,2,1,1,3,1,2,1,1,1,1
SF,IF2007,2020-05-27 09:52:13.200,3776.8000,7903,0,677030460.000,0,-,-,-,-,3776.6000,3776.4000,3776.0000,3775.8000,3775.6000,3777.4000,3777.6000,3778.0000,3781.0000,3782.6000,1,1,1,3,1,1,2,1,1,1
SF,IF2007,2020-05-27 09:52:13.700,3776.8000,7903,0,677030460.000,0,-,-,-,-,3776.4000,3775.8000,3775.6000,3775.2000,3775.0000,3777.2000,3777.4000,3777.6000,3778.0000,3781.0000,1,3,1,2,5,1,1,1,1,1
SF,IF2007,2020-05-27 09:52:14.700,3776.8000,7903,0,677030460.000,0,-,-,-,-,3776.4000,3775.8000,3775.6000,3775.2000,3775.0000,3776.8000,3777.2000,3777.4000,3777.6000,3781.0000,1,1,1,2,5,1,1,1,1,1
SF,IF2007,2020-05-27 09:52:15.700,3776.8000,7903,0,677030460.000,0,-,-,-,-,3775.8000,3775.6000,3775.2000,3775.0000,3774.2000,3776.8000,3777.2000,3777.4000,3777.6000,3781.0000,1,1,2,5,1,1,1,1,1,1
SF,IF2007,2020-05-27 09:52:16.200,3776.8000,7903,0,677030460.000,0,-,-,-,-,3776.0000,3775.6000,3775.2000,3775.0000,3774.2000,3776.8000,3777.2000,3777.4000,3777.6000,3781.0000,3,1,2,5,1,1,1,1,1,1
SF,IF2007,2020-05-27 09:52:17.200,3776.8000,7903,0,677030460.000,0,-,-,-,-,3776.2000,3776.0000,3775.6000,3775.2000,3775.0000,3776.8000,3777.2000,3777.4000,3777.6000,3781.0000,1,3,1,2,5,1,1,1,1,1
SF,IF2007,2020-05-27 09:52:17.700,3776.8000,7903,0,677030460.000,0,-,-,-,-,3776.2000,3776.0000,3775.6000,3775.2000,3775.0000,3776.8000,3777.2000,3777.4000,3777.6000,3781.0000,1,3,1,2,5,1,1,1,1,1
SF,IF2007,2020-05-27 09:52:18.200,3776.8000,7903,0,677030460.000,0,-,-,-,-,3776.0000,3775.6000,3775.2000,3775.0000,3774.2000,3776.8000,3777.2000,3777.4000,3777.6000,3781.0000,3,1,2,5,1,1,1,1,1,1
SF,IF2007,2020-05-27 09:52:21.200,3776.8000,7903,0,678163500.000,1,0,1,多换,S,3776.0000,3775.6000,3775.2000,3775.0000,3774.2000,3777.2000,3777.4000,3777.6000,3781.0000,3782.6000,3,1,2,5,1,1,1,1,1,1
SF,IF2007,2020-05-27 09:52:21.700,3776.8000,7903,0,678163500.000,0,-,-,-,-,3776.4000,3776.2000,3776.0000,3775.6000,3775.2000,3777.2000,3777.4000,3777.6000,3781.0000,3782.6000,1,3,2,1,2,1,1,1,1,1
SF,IF2007,2020-05-27 09:52:22.200,3776.8000,7903,0,678163500.000,0,-,-,-,-,3776.6000,3776.4000,3776.2000,3775.6000,3775.2000,3777.2000,3777.6000,3781.0000,3782.6000,3782.8000,2,1,2,1,2,1,1,1,1,1
SF,IF2007,2020-05-27 09:52:22.700,3776.8000,7903,0,678163500.000,0,-,-,-,-,3776.8000,3776.6000,3776.4000,3776.2000,3775.6000,3781.0000,3782.6000,3782.8000,3783.0000,3784.6000,2,2,1,1,1,1,1,1,2,1
SF,IF2007,2020-05-27 09:52:23.200,3776.8000,7903,0,678163500.000,0,-,-,-,-,3777.0000,3776.8000,3775.6000,3775.2000,3775.0000,3777.6000,3778.4000,3778.6000,3778.8000,3779.2000,3,1,1,2,5,1,2,1,1,2
SF,IF2007,2020-05-27 09:52:23.700,3776.8000,7903,0,678163500.000,0,-,-,-,-,3775.6000,3775.2000,3775.0000,3774.2000,3773.0000,3777.6000,3778.4000,3779.2000,3779.4000,3779.6000,1,2,5,1,5,1,1,2,1,1
SF,IF2007,2020-05-27 09:52:24.200,3776.8000,7903,0,678163500.000,0,-,-,-,-,3776.4000,3776.0000,3775.8000,3775.6000,3775.2000,3777.4000,3777.6000,3778.4000,3779.2000,3779.4000,1,2,8,1,2,1,1,1,1,1
SF,IF2007,2020-05-27 09:52:24.700,3776.8000,7903,0,678163500.000,0,-,-,-,-,3776.6000,3776.4000,3776.0000,3775.8000,3775.6000,3777.4000,3777.6000,3778.4000,3779.2000,3779.4000,2,1,2,5,1,1,1,1,1,1
SF,IF2007,2020-05-27 09:52:25.200,3776.8000,7903,0,678163500.000,0,-,-,-,-,3776.6000,3776.4000,3776.0000,3775.8000,3775.6000,3777.2000,3777.6000,3778.4000,3779.2000,3779.4000,2,1,1,5,1,1,1,1,1,1
SF,IF2007,2020-05-27 09:52:26.200,3776.8000,7903,0,678163500.000,0,-,-,-,-,3776.6000,3776.4000,3776.0000,3775.8000,3775.6000,3777.6000,3778.4000,3779.2000,3779.4000,3779.6000,2,1,1,4,1,1,1,1,1,1
SF,IF2007,2020-05-27 09:52:26.700,3776.8000,7903,0,678163500.000,0,-,-,-,-,3776.6000,3776.4000,3776.0000,3775.8000,3775.6000,3777.4000,3777.6000,3778.4000,3779.2000,3779.4000,2,1,1,3,1,3,1,1,1,1
SF,IF2007,2020-05-27 09:52:27.200,3776.8000,7903,0,678163500.000,0,-,-,-,-,3776.6000,3776.4000,3776.0000,3775.8000,3775.6000,3777.4000,3777.6000,3778.4000,3779.2000,3779.4000,2,1,1,3,1,3,1,1,1,1
SF,IF2007,2020-05-27 09:52:27.700,3776.8000,7903,0,678163500.000,0,-,-,-,-,3776.6000,3776.4000,3776.0000,3775.8000,3775.6000,3777.4000,3777.6000,3778.4000,3779.2000,3779.4000,1,1,1,3,1,3,1,1,1,1
SF,IF2007,2020-05-27 09:52:30.200,3776.8000,7903,0,678163500.000,0,-,-,-,-,3776.6000,3776.4000,3776.0000,3775.8000,3775.6000,3777.4000,3777.6000,3778.4000,3779.2000,3779.4000,1,1,1,3,1,2,1,1,1,1
SF,IF2007,2020-05-27 09:52:35.200,3776.8000,7903,0,678163500.000,0,-,-,-,-,3776.6000,3776.4000,3776.0000,3775.8000,3775.6000,3777.4000,3777.6000,3778.4000,3779.2000,3779.4000,1,1,1,4,1,2,1,1,1,1
SF,IF2007,2020-05-27 09:52:35.700,3776.8000,7903,0,678163500.000,0,-,-,-,-,3776.8000,3776.6000,3776.4000,3776.0000,3775.8000,3777.4000,3777.6000,3778.4000,3779.2000,3779.4000,1,1,1,1,4,1,1,1,1,1
SF,IF2007,2020-05-27 09:52:36.700,3776.8000,7903,0,678163500.000,0,-,-,-,-,3777.0000,3776.8000,3776.4000,3776.0000,3775.8000,3777.4000,3777.6000,3778.4000,3779.2000,3779.4000,1,1,1,1,4,1,1,1,1,1
SF,IF2007,2020-05-27 09:52:37.200,3776.8000,7903,0,678163500.000,0,-,-,-,-,3776.8000,3776.4000,3776.0000,3775.8000,3775.6000,3777.4000,3777.6000,3778.4000,3779.2000,3779.4000,1,1,1,4,1,1,1,1,1,1
SF,IF2007,2020-05-27 09:52:38.700,3776.8000,7903,0,679296540.000,1,0,1,多换,S,3776.4000,3776.0000,3775.8000,3775.6000,3775.2000,3777.4000,3777.6000,3778.4000,3779.2000,3779.4000,1,1,4,1,2,1,1,1,1,1
SF,IF2007,2020-05-27 09:52:39.200,3776.8000,7903,0,679296540.000,0,-,-,-,-,3776.4000,3776.0000,3775.8000,3775.6000,3775.2000,3777.0000,3777.2000,3777.6000,3778.4000,3779.2000,1,1,4,1,2,1,1,1,1,1
SF,IF2007,2020-05-27 09:52:39.700,3776.8000,7903,0,679296540.000,0,-,-,-,-,3776.0000,3775.8000,3775.6000,3775.2000,3775.0000,3777.0000,3777.2000,3777.6000,3778.4000,3779.2000,1,4,1,2,5,1,1,1,1,1
SF,IF2007,2020-05-27 09:52:40.200,3776.8000,7903,0,679296540.000,0,-,-,-,-,3776.2000,3776.0000,3775.8000,3775.6000,3775.2000,3777.0000,3777.2000,3777.6000,3778.4000,3779.2000,1,1,4,1,2,1,1,1,1,1
SF,IF2007,2020-05-27 09:52:45.700,3777.0000,7902,-1,680429640.000,1,0,1,双平,S,3776.4000,3776.2000,3776.0000,3775.8000,3775.6000,3777.2000,3777.6000,3778.4000,3779.2000,3779.4000,1,2,1,4,1,1,1,1,1,1
SF,IF2007,2020-05-27 09:52:46.200,3777.0000,7902,0,680429640.000,0,-,-,-,-,3776.6000,3776.4000,3776.0000,3775.8000,3775.6000,3777.2000,3777.6000,3778.4000,3779.2000,3779.4000,1,1,1,4,1,1,1,1,1,1
SF,IF2007,2020-05-27 09:52:48.700,3777.0000,7902,0,680429640.000,0,-,-,-,-,3776.4000,3776.0000,3775.8000,3775.6000,3775.2000,3777.2000,3777.6000,3778.4000,3779.2000,3779.4000,1,1,4,1,2,1,1,1,1,1
SF,IF2007,2020-05-27 09:52:49.700,3777.0000,7902,0,680429640.000,0,-,-,-,-,3776.4000,3775.8000,3775.6000,3775.2000,3775.0000,3776.8000,3777.2000,3777.6000,3778.4000,3779.2000,1,2,1,2,5,1,1,1,1,1
SF,IF2007,2020-05-27 09:52:50.200,3777.0000,7901,-1,681562740.000,1,0,1,双平,S,3775.8000,3775.6000,3775.2000,3775.0000,3774.2000,3777.2000,3777.6000,3778.4000,3779.2000,3779.4000,2,1,2,5,1,1,1,1,1,1
SF,IF2007,2020-05-27 09:52:50.700,3777.0000,7901,0,681562740.000,0,-,-,-,-,3776.0000,3775.8000,3775.6000,3775.2000,3775.0000,3777.0000,3777.2000,3777.6000,3778.4000,3779.2000,1,1,1,2,5,2,1,1,1,1
SF,IF2007,2020-05-27 09:52:51.200,3777.0000,7901,0,681562740.000,0,-,-,-,-,3775.8000,3775.6000,3775.2000,3775.0000,3774.2000,3776.4000,3776.6000,3776.8000,3778.4000,3779.2000,1,1,2,5,1,1,2,2,1,1
SF,IF2007,2020-05-27 09:52:52.200,3777.0000,7901,0,681562740.000,0,-,-,-,-,3775.8000,3775.6000,3775.2000,3775.0000,3774.2000,3776.4000,3776.6000,3776.8000,3778.4000,3779.2000,1,1,2,5,1,1,2,1,1,1
SF,IF2007,2020-05-27 09:52:52.700,3777.0000,7901,0,681562740.000,0,-,-,-,-,3775.8000,3775.6000,3775.2000,3775.0000,3774.2000,3776.4000,3776.6000,3776.8000,3778.4000,3779.2000,1,1,2,5,1,1,2,1,1,1
SF,IF2007,2020-05-27 09:52:53.200,3775.8000,7900,-1,683828280.000,2,0,2,多平,S,3775.6000,3775.2000,3775.0000,3774.2000,3773.0000,3776.4000,3776.8000,3778.4000,3779.2000,3779.4000,1,2,5,1,5,1,1,1,1,1
SF,IF2007,2020-05-27 09:52:53.700,3775.8000,7900,0,683828280.000,0,-,-,-,-,3775.8000,3775.6000,3775.2000,3775.0000,3774.2000,3776.4000,3776.8000,3778.4000,3779.2000,3779.4000,4,1,2,5,1,1,1,1,1,1
SF,IF2007,2020-05-27 09:52:54.200,3776.4000,7900,0,684961200.000,1,0,1,多换,S,3775.8000,3775.6000,3775.2000,3775.0000,3774.2000,3776.8000,3778.4000,3779.2000,3779.4000,3779.6000,4,1,2,5,1,2,1,1,1,1
SF,IF2007,2020-05-27 09:52:56.200,3776.4000,7900,0,684961200.000,0,-,-,-,-,3775.8000,3775.2000,3775.0000,3774.2000,3773.0000,3776.8000,3778.4000,3779.2000,3779.4000,3779.6000,4,2,5,1,5,2,1,1,1,1
SF,IF2007,2020-05-27 09:52:56.700,3776.4000,7900,0,684961200.000,0,-,-,-,-,3775.8000,3775.2000,3775.0000,3774.2000,3773.0000,3776.6000,3776.8000,3778.4000,3779.2000,3779.4000,1,2,5,1,5,1,2,1,1,1
SF,IF2007,2020-05-27 09:52:57.200,3776.4000,7900,0,684961200.000,0,-,-,-,-,3775.2000,3775.0000,3774.2000,3773.0000,3772.0000,3776.4000,3776.6000,3776.8000,3778.4000,3779.2000,2,5,1,5,1,1,1,1,1,1
SF,IF2007,2020-05-27 09:52:57.700,3776.4000,7900,0,684961200.000,0,-,-,-,-,3775.4000,3775.2000,3775.0000,3774.2000,3773.0000,3776.4000,3776.6000,3776.8000,3778.4000,3779.2000,2,2,5,1,5,1,1,1,1,1
SF,IF2007,2020-05-27 09:52:58.200,3775.4000,7900,0,686093820.000,1,0,1,多换,S,3775.4000,3775.2000,3775.0000,3774.2000,3773.0000,3776.4000,3776.6000,3776.8000,3778.4000,3779.2000,1,2,5,1,5,1,1,1,1,1
SF,IF2007,2020-05-27 09:52:58.700,3775.4000,7900,0,686093820.000,0,-,-,-,-,3775.4000,3775.2000,3775.0000,3774.2000,3773.0000,3776.4000,3776.6000,3776.8000,3778.4000,3779.2000,1,2,5,1,5,2,1,1,1,1
SF,IF2007,2020-05-27 09:52:59.700,3775.4000,7900,0,686093820.000,0,-,-,-,-,3775.8000,3775.4000,3775.2000,3775.0000,3774.2000,3776.4000,3776.6000,3776.8000,3778.4000,3779.2000,1,1,2,5,1,2,1,1,1,1
SF,IF2007,2020-05-27 09:53:00.700,3776.4000,7900,0,687226740.000,1,0,1,多换,S,3775.8000,3775.4000,3775.2000,3775.0000,3774.2000,3776.4000,3776.6000,3776.8000,3778.4000,3779.2000,1,1,2,5,1,1,1,1,1,1
SF,IF2007,2020-05-27 09:53:02.200,3775.8000,7899,-1,688359480.000,1,0,1,双平,S,3775.4000,3775.2000,3775.0000,3774.2000,3773.0000,3776.6000,3776.8000,3778.4000,3779.2000,3779.4000,1,2,5,1,5,1,1,1,1,1
SF,IF2007,2020-05-27 09:53:02.700,3775.8000,7899,0,688359480.000,0,-,-,-,-,3775.4000,3775.2000,3775.0000,3774.2000,3773.0000,3776.4000,3776.6000,3776.8000,3778.4000,3779.2000,1,2,5,1,5,4,1,1,1,1
SF,IF2007,2020-05-27 09:53:03.200,3775.8000,7899,0,688359480.000,0,-,-,-,-,3775.6000,3775.4000,3775.2000,3775.0000,3774.2000,3776.2000,3776.4000,3776.8000,3778.4000,3779.2000,1,1,2,5,1,1,4,1,1,1
SF,IF2007,2020-05-27 09:53:03.700,3776.2000,7898,-1,689492340.000,1,0,1,双平,S,3775.8000,3775.6000,3775.2000,3775.0000,3774.2000,3776.4000,3776.8000,3778.4000,3779.2000,3779.4000,1,1,2,5,1,3,1,1,1,1
SF,IF2007,2020-05-27 09:53:04.200,3776.2000,7898,0,689492340.000,0,-,-,-,-,3775.6000,3775.2000,3775.0000,3774.2000,3773.0000,3776.4000,3776.8000,3778.4000,3779.2000,3779.4000,1,2,5,1,5,3,1,1,1,1
SF,IF2007,2020-05-27 09:53:05.200,3776.2000,7898,0,689492340.000,0,-,-,-,-,3775.8000,3775.6000,3775.2000,3775.0000,3774.2000,3776.4000,3776.8000,3778.4000,3779.2000,3779.4000,1,1,2,5,1,3,1,1,1,1
SF,IF2007,2020-05-27 09:53:06.200,3776.2000,7898,0,689492340.000,0,-,-,-,-,3775.6000,3775.2000,3775.0000,3774.2000,3773.0000,3776.2000,3776.4000,3776.8000,3778.4000,3779.2000,1,2,5,1,5,3,3,1,1,1
SF,IF2007,2020-05-27 09:53:06.700,3775.6000,7898,0,690625020.000,1,0,1,多换,S,3775.2000,3775.0000,3774.2000,3773.0000,3771.0000,3776.2000,3776.4000,3776.8000,3778.4000,3779.2000,2,5,1,5,1,3,3,1,1,1
SF,IF2007,2020-05-27 09:53:07.200,3775.6000,7898,0,690625020.000,0,-,-,-,-,3775.2000,3775.0000,3774.2000,3773.0000,3771.0000,3776.0000,3776.2000,3776.4000,3776.8000,3778.4000,2,5,1,5,1,2,3,1,1,1
SF,IF2007,2020-05-27 09:53:07.700,3775.6000,7898,0,690625020.000,0,-,-,-,-,3775.2000,3775.0000,3774.2000,3773.0000,3771.0000,3776.0000,3776.2000,3776.8000,3778.4000,3779.2000,2,5,1,5,1,2,3,1,1,1
SF,IF2007,2020-05-27 09:53:08.200,3775.6000,7898,0,690625020.000,0,-,-,-,-,3775.4000,3775.2000,3775.0000,3774.2000,3773.0000,3776.0000,3776.2000,3776.8000,3778.4000,3779.2000,1,2,5,1,5,2,1,1,1,1
SF,IF2007,2020-05-27 09:53:08.700,3775.6000,7898,0,690625020.000,0,-,-,-,-,3775.2000,3775.0000,3774.2000,3773.0000,3771.0000,3776.0000,3776.2000,3776.8000,3778.4000,3779.2000,2,5,1,5,1,1,1,1,1,1
SF,IF2007,2020-05-27 09:53:09.200,3775.6000,7898,0,690625020.000,0,-,-,-,-,3775.4000,3775.2000,3775.0000,3774.2000,3773.0000,3776.8000,3778.4000,3779.2000,3779.4000,3780.0000,3,2,5,1,5,1,1,1,1,2
SF,IF2007,2020-05-27 09:53:09.700,3775.6000,7898,0,690625020.000,0,-,-,-,-,3775.6000,3775.4000,3775.2000,3775.0000,3774.2000,3776.6000,3776.8000,3778.4000,3779.2000,3779.4000,1,3,2,5,1,1,1,1,1,1
SF,IF2007,2020-05-27 09:53:10.200,3775.6000,7898,0,690625020.000,0,-,-,-,-,3775.8000,3775.6000,3775.4000,3775.2000,3775.0000,3776.4000,3776.6000,3776.8000,3778.4000,3779.2000,1,1,1,2,5,1,1,1,1,1
SF,IF2007,2020-05-27 09:53:10.700,3775.6000,7898,0,690625020.000,0,-,-,-,-,3775.4000,3775.2000,3775.0000,3774.2000,3773.0000,3776.4000,3776.6000,3776.8000,3778.4000,3779.2000,1,2,5,1,5,1,1,1,1,1
SF,IF2007,2020-05-27 09:53:11.200,3775.6000,7898,0,690625020.000,0,-,-,-,-,3775.6000,3775.4000,3775.2000,3775.0000,3774.2000,3776.6000,3776.8000,3778.4000,3779.2000,3779.4000,1,1,2,5,1,1,1,1,1,1
SF,IF2007,2020-05-27 09:53:13.700,3775.6000,7898,0,690625020.000,0,-,-,-,-,3775.6000,3775.4000,3775.2000,3775.0000,3774.2000,3776.4000,3776.6000,3776.8000,3778.4000,3779.2000,1,1,2,5,1,1,1,1,1,1
SF,IF2007,2020-05-27 09:53:14.200,3775.6000,7898,0,690625020.000,0,-,-,-,-,3775.4000,3775.2000,3775.0000,3774.2000,3773.0000,3776.2000,3776.4000,3776.8000,3778.4000,3779.2000,1,2,5,1,5,2,1,1,1,1
SF,IF2007,2020-05-27 09:53:15.700,3775.6000,7898,0,690625020.000,0,-,-,-,-,3775.4000,3775.2000,3775.0000,3774.2000,3773.0000,3776.2000,3776.4000,3776.8000,3778.4000,3779.2000,1,2,5,1,5,1,1,1,1,1
SF,IF2007,2020-05-27 09:53:18.200,3775.4000,7897,-1,691757640.000,1,0,1,双平,S,3775.2000,3775.0000,3774.2000,3773.0000,3771.0000,3776.2000,3776.4000,3776.8000,3778.4000,3779.2000,2,5,1,5,1,1,1,1,1,1
SF,IF2007,2020-05-27 09:53:20.700,3776.8000,7899,2,695156460.000,3,2,1,空开,S,3775.2000,3775.0000,3774.2000,3773.0000,3771.0000,3778.4000,3779.2000,3779.4000,3780.0000,3780.8000,2,5,1,5,1,1,1,1,2,3
SF,IF2007,2020-05-27 09:53:21.200,3776.8000,7899,0,695156460.000,0,-,-,-,-,3775.4000,3775.2000,3775.0000,3774.2000,3773.0000,3775.8000,3776.2000,3776.8000,3777.0000,3777.4000,2,2,5,1,5,1,1,1,1,1
SF,IF2007,2020-05-27 09:53:21.700,3775.8000,7899,0,696289200.000,1,0,1,多换,S,3775.4000,3775.2000,3775.0000,3774.2000,3773.0000,3775.8000,3776.2000,3777.0000,3777.4000,3778.2000,1,2,5,1,5,1,1,1,1,4
SF,IF2007,2020-05-27 09:53:22.700,3775.8000,7899,0,696289200.000,0,-,-,-,-,3775.4000,3775.2000,3775.0000,3774.2000,3773.0000,3775.8000,3776.2000,3777.0000,3777.4000,3778.2000,1,2,5,1,5,1,2,1,1,4
SF,IF2007,2020-05-27 09:53:23.200,3775.8000,7899,0,696289200.000,0,-,-,-,-,3775.4000,3775.2000,3775.0000,3774.2000,3773.0000,3775.8000,3776.2000,3776.6000,3777.4000,3778.2000,1,2,5,1,5,1,2,1,1,4
SF,IF2007,2020-05-27 09:53:23.700,3775.8000,7899,0,696289200.000,0,-,-,-,-,3775.2000,3775.0000,3774.2000,3773.0000,3771.0000,3775.8000,3776.2000,3776.6000,3777.0000,3777.4000,2,5,1,5,1,1,2,1,1,1
SF,IF2007,2020-05-27 09:53:24.700,3775.8000,7899,0,697421940.000,1,0,1,多换,S,3775.4000,3775.2000,3775.0000,3774.2000,3773.0000,3776.2000,3776.6000,3777.0000,3777.4000,3778.2000,1,2,5,1,5,1,1,1,1,3
SF,IF2007,2020-05-27 09:53:25.200,3775.8000,7899,0,697421940.000,0,-,-,-,-,3775.4000,3775.2000,3775.0000,3774.2000,3773.0000,3776.2000,3776.6000,3777.0000,3778.2000,3778.4000,1,2,5,1,5,1,1,1,3,1
SF,IF2007,2020-05-27 09:53:25.700,3775.8000,7899,0,697421940.000,0,-,-,-,-,3775.6000,3775.4000,3775.2000,3775.0000,3774.2000,3776.2000,3776.6000,3777.0000,3778.2000,3778.4000,1,1,2,5,1,1,1,1,2,1
SF,IF2007,2020-05-27 09:53:26.200,3775.6000,7899,0,698554620.000,1,0,1,多换,S,3775.4000,3775.2000,3775.0000,3774.2000,3773.0000,3776.8000,3777.0000,3778.2000,3778.4000,3780.8000,1,2,5,1,5,1,1,2,1,1
SF,IF2007,2020-05-27 09:53:26.700,3775.6000,7899,0,698554620.000,0,-,-,-,-,3775.6000,3775.4000,3775.2000,3775.0000,3774.2000,3776.6000,3776.8000,3778.2000,3778.4000,3780.8000,1,1,2,5,1,4,1,1,1,1
SF,IF2007,2020-05-27 09:53:27.200,3775.6000,7899,0,698554620.000,0,-,-,-,-,3775.6000,3775.4000,3775.2000,3775.0000,3774.2000,3776.6000,3776.8000,3778.2000,3778.4000,3780.8000,1,1,2,5,1,4,1,1,1,1
SF,IF2007,2020-05-27 09:53:27.700,3775.6000,7899,0,698554620.000,0,-,-,-,-,3775.6000,3775.4000,3775.2000,3775.0000,3774.2000,3776.6000,3776.8000,3778.2000,3778.4000,3780.8000,1,1,2,5,1,5,1,1,1,1
SF,IF2007,2020-05-27 09:53:28.200,3775.6000,7899,0,698554620.000,0,-,-,-,-,3775.6000,3775.4000,3775.2000,3775.0000,3774.2000,3776.6000,3776.8000,3778.2000,3778.4000,3780.8000,1,1,2,5,1,4,1,1,1,1
SF,IF2007,2020-05-27 09:53:30.700,3775.6000,7900,1,699687300.000,1,1,0,双开,S,3775.4000,3775.2000,3775.0000,3774.2000,3773.0000,3775.6000,3776.6000,3776.8000,3778.2000,3778.4000,1,2,5,1,5,2,4,1,1,1
SF,IF2007,2020-05-27 09:53:31.200,3775.6000,7900,0,701952660.000,2,1,1,多换,S,3775.4000,3775.2000,3775.0000,3774.2000,3773.0000,3776.6000,3776.8000,3778.2000,3778.4000,3780.8000,1,2,5,1,5,4,1,1,1,1
SF,IF2007,2020-05-27 09:53:31.700,3775.6000,7900,0,701952660.000,0,-,-,-,-,3775.6000,3775.4000,3775.2000,3775.0000,3774.2000,3776.6000,3776.8000,3778.2000,3778.4000,3780.8000,1,1,2,5,1,4,1,1,1,1
SF,IF2007,2020-05-27 09:53:33.200,3776.6000,7902,2,706484580.000,4,3,1,空开,S,3776.0000,3775.6000,3775.4000,3775.2000,3775.0000,3776.8000,3778.2000,3778.4000,3780.8000,3781.0000,1,1,1,2,5,1,1,1,1,1
SF,IF2007,2020-05-27 09:53:34.700,3776.0000,7901,-1,707617380.000,1,0,1,双平,S,3775.6000,3775.4000,3775.2000,3775.0000,3774.2000,3776.6000,3776.8000,3778.2000,3778.4000,3780.8000,1,1,2,5,1,1,1,1,1,1
SF,IF2007,2020-05-27 09:53:35.200,3776.0000,7901,0,707617380.000,0,-,-,-,-,3775.6000,3775.4000,3775.2000,3775.0000,3774.2000,3776.4000,3776.6000,3776.8000,3778.2000,3778.4000,1,1,2,5,1,1,1,1,1,1
SF,IF2007,2020-05-27 09:53:36.700,3776.0000,7901,0,707617380.000,0,-,-,-,-,3775.6000,3775.4000,3775.2000,3775.0000,3774.2000,3776.4000,3776.8000,3778.2000,3778.4000,3780.8000,1,1,2,5,1,1,1,1,1,1
SF,IF2007,2020-05-27 09:53:37.700,3776.0000,7901,0,707617380.000,0,-,-,-,-,3775.6000,3775.4000,3775.2000,3775.0000,3774.2000,3776.4000,3776.8000,3778.0000,3778.2000,3778.4000,1,1,2,5,1,1,1,1,1,1
SF,IF2007,2020-05-27 09:53:38.200,3776.0000,7901,0,707617380.000,0,-,-,-,-,3775.8000,3775.6000,3775.4000,3775.2000,3775.0000,3776.4000,3776.8000,3778.0000,3778.2000,3778.4000,1,1,1,2,5,1,1,1,1,1
SF,IF2007,2020-05-27 09:53:39.200,3776.4000,7900,-1,708750300.000,1,0,1,双平,S,3775.8000,3775.6000,3775.4000,3775.2000,3775.0000,3776.8000,3778.0000,3778.2000,3778.4000,3780.8000,1,1,1,2,5,1,1,1,1,1
SF,IF2007,2020-05-27 09:53:41.200,3776.4000,7900,0,708750300.000,0,-,-,-,-,3776.0000,3775.8000,3775.6000,3775.4000,3775.2000,3776.8000,3778.0000,3778.2000,3778.4000,3780.8000,1,1,1,1,2,1,1,1,1,1
SF,IF2007,2020-05-27 09:53:43.700,3776.4000,7900,0,708750300.000,0,-,-,-,-,3776.0000,3775.8000,3775.6000,3775.4000,3775.2000,3776.8000,3778.0000,3778.2000,3778.4000,3780.8000,1,1,1,2,2,1,1,1,1,1
SF,IF2007,2020-05-27 09:53:44.700,3776.4000,7900,0,708750300.000,0,-,-,-,-,3776.0000,3775.8000,3775.6000,3775.4000,3775.2000,3776.8000,3778.2000,3778.4000,3780.8000,3781.0000,1,1,1,2,2,1,1,1,1,1
SF,IF2007,2020-05-27 09:53:49.200,3776.4000,7900,0,708750300.000,0,-,-,-,-,3776.0000,3775.8000,3775.6000,3775.4000,3775.2000,3776.8000,3778.2000,3778.4000,3780.8000,3781.0000,1,1,1,1,2,1,1,1,1,1
SF,IF2007,2020-05-27 09:53:49.700,3776.4000,7900,0,708750300.000,0,-,-,-,-,3775.8000,3775.6000,3775.4000,3775.2000,3775.0000,3776.6000,3776.8000,3778.2000,3778.4000,3780.8000,1,1,1,2,5,1,1,1,1,1
SF,IF2007,2020-05-27 09:53:50.700,3776.4000,7900,0,708750300.000,0,-,-,-,-,3775.8000,3775.6000,3775.4000,3775.2000,3775.0000,3776.6000,3776.8000,3777.0000,3778.2000,3778.4000,1,1,1,2,5,1,1,1,1,1
SF,IF2007,2020-05-27 09:53:52.700,3776.4000,7900,0,708750300.000,0,-,-,-,-,3775.8000,3775.6000,3775.4000,3775.2000,3775.0000,3776.4000,3776.6000,3776.8000,3777.0000,3778.2000,1,1,1,2,5,1,1,1,1,1
SF,IF2007,2020-05-27 09:53:53.200,3776.4000,7900,0,708750300.000,0,-,-,-,-,3775.8000,3775.6000,3775.4000,3775.2000,3775.0000,3776.6000,3776.8000,3777.0000,3778.2000,3778.4000,1,1,1,2,5,1,1,1,1,1
SF,IF2007,2020-05-27 09:53:55.700,3775.8000,7899,-1,709883040.000,1,0,1,双平,S,3775.6000,3775.4000,3775.2000,3775.0000,3774.2000,3776.6000,3776.8000,3777.0000,3778.2000,3778.4000,1,1,2,5,1,1,1,1,1,1
SF,IF2007,2020-05-27 09:53:56.200,3775.8000,7899,0,709883040.000,0,-,-,-,-,3775.4000,3775.2000,3775.0000,3774.2000,3773.0000,3776.6000,3776.8000,3777.0000,3778.2000,3778.4000,1,2,5,1,5,1,1,1,1,1
SF,IF2007,2020-05-27 09:53:56.700,3775.8000,7899,0,709883040.000,0,-,-,-,-,3775.2000,3775.0000,3774.2000,3773.0000,3771.0000,3776.4000,3776.6000,3776.8000,3777.0000,3778.2000,2,5,1,5,1,4,1,1,1,1
SF,IF2007,2020-05-27 09:53:57.200,3775.8000,7899,0,709883040.000,0,-,-,-,-,3775.4000,3775.2000,3775.0000,3774.2000,3773.0000,3776.4000,3776.6000,3776.8000,3777.0000,3778.2000,1,2,5,1,5,4,1,1,1,1
SF,IF2007,2020-05-27 09:53:57.700,3775.4000,7899,0,711015660.000,1,0,1,多换,S,3775.2000,3775.0000,3774.2000,3773.0000,3771.0000,3776.4000,3776.6000,3776.8000,3777.0000,3778.2000,2,5,1,5,1,4,1,1,1,1
SF,IF2007,2020-05-27 09:53:58.200,3775.4000,7899,0,711015660.000,0,-,-,-,-,3775.2000,3775.0000,3774.2000,3773.0000,3771.0000,3776.2000,3776.4000,3776.8000,3777.0000,3778.2000,2,5,1,5,1,1,4,1,1,1
SF,IF2007,2020-05-27 09:53:58.700,3775.4000,7899,0,711015660.000,0,-,-,-,-,3775.2000,3775.0000,3774.2000,3773.0000,3771.0000,3776.2000,3776.4000,3776.8000,3777.0000,3778.2000,2,5,1,5,1,1,4,1,1,1
SF,IF2007,2020-05-27 09:53:59.700,3775.4000,7899,0,711015660.000,0,-,-,-,-,3775.4000,3775.2000,3775.0000,3774.2000,3773.0000,3776.2000,3776.4000,3776.8000,3777.0000,3778.2000,1,2,5,1,5,1,4,1,1,1
SF,IF2007,2020-05-27 09:54:00.200,3775.4000,7899,0,711015660.000,0,-,-,-,-,3775.4000,3775.2000,3775.0000,3774.2000,3773.0000,3776.2000,3776.4000,3776.8000,3777.0000,3778.2000,1,2,5,1,5,1,3,1,1,1
SF,IF2007,2020-05-27 09:54:03.700,3775.4000,7899,0,711015660.000,0,-,-,-,-,3775.4000,3775.2000,3775.0000,3774.2000,3773.0000,3776.0000,3776.2000,3776.4000,3776.8000,3777.0000,1,2,5,1,5,1,1,3,1,1
SF,IF2007,2020-05-27 09:54:04.700,3775.4000,7899,0,711015660.000,0,-,-,-,-,3775.4000,3775.2000,3775.0000,3774.2000,3773.0000,3776.2000,3776.4000,3776.8000,3777.0000,3778.2000,1,2,5,1,5,1,3,1,1,1
SF,IF2007,2020-05-27 09:54:05.200,3775.4000,7898,-1,712148280.000,1,0,1,双平,S,3775.2000,3775.0000,3774.2000,3773.0000,3771.0000,3775.4000,3776.2000,3776.4000,3776.8000,3777.0000,2,5,1,5,1,3,1,3,1,1
SF,IF2007,2020-05-27 09:54:05.700,3775.4000,7895,-3,715546140.000,3,0,3,双平,S,3775.2000,3775.0000,3774.2000,3773.0000,3771.0000,3776.2000,3776.4000,3776.8000,3777.0000,3778.2000,2,5,1,5,1,1,3,1,1,1
SF,IF2007,2020-05-27 09:54:06.200,3775.2000,7895,0,716678700.000,1,0,1,多换,S,3775.2000,3775.0000,3774.2000,3773.0000,3771.0000,3776.2000,3776.4000,3776.8000,3777.0000,3778.2000,1,5,1,5,1,1,3,1,1,1
SF,IF2007,2020-05-27 09:54:07.200,3775.2000,7895,0,716678700.000,0,-,-,-,-,3775.2000,3775.0000,3774.2000,3773.0000,3771.0000,3776.0000,3776.2000,3776.4000,3776.8000,3777.0000,1,5,1,5,1,1,1,3,1,1
SF,IF2007,2020-05-27 09:54:07.700,3775.2000,7895,0,716678700.000,0,-,-,-,-,3775.2000,3775.0000,3774.2000,3773.0000,3771.0000,3775.8000,3776.0000,3776.4000,3776.8000,3777.0000,1,5,1,5,1,1,1,2,1,1
SF,IF2007,2020-05-27 09:54:08.200,3775.2000,7895,0,717811260.000,1,0,1,多换,S,3775.0000,3774.2000,3773.0000,3771.0000,3770.8000,3775.2000,3775.6000,3775.8000,3776.0000,3776.4000,5,1,5,1,2,1,1,1,1,2
SF,IF2007,2020-05-27 09:54:08.700,3775.2000,7894,-1,718943820.000,1,0,1,双平,S,3775.0000,3774.2000,3773.0000,3771.0000,3770.8000,3775.6000,3775.8000,3776.0000,3776.4000,3777.0000,5,1,5,1,2,1,1,1,1,1
SF,IF2007,2020-05-27 09:54:10.200,3775.0000,7894,0,720076320.000,1,0,1,多换,S,3775.0000,3774.2000,3773.0000,3771.0000,3770.8000,3775.6000,3775.8000,3776.0000,3776.4000,3777.0000,4,1,5,1,2,1,1,1,1,1
SF,IF2007,2020-05-27 09:54:11.200,3775.0000,7891,-3,724606320.000,4,0,4,多平,S,3774.2000,3773.0000,3771.0000,3770.8000,3770.2000,3775.6000,3775.8000,3776.0000,3776.4000,3777.0000,1,5,1,2,1,1,1,1,1,1
SF,IF2007,2020-05-27 09:54:11.700,3774.4000,7888,-3,730268100.000,5,1,4,多平,S,3774.4000,3774.2000,3773.0000,3771.0000,3770.8000,3775.4000,3775.6000,3777.0000,3778.2000,3778.4000,1,2,5,1,2,1,1,1,1,1
SF,IF2007,2020-05-27 09:54:12.200,3774.4000,7887,-1,732532740.000,2,0,2,多平,S,3774.2000,3773.0000,3771.0000,3770.8000,3770.2000,3775.4000,3775.6000,3777.0000,3778.2000,3778.4000,2,5,1,2,1,1,1,1,1,1
SF,IF2007,2020-05-27 09:54:12.700,3774.4000,7887,0,732532740.000,0,-,-,-,-,3774.4000,3774.2000,3773.0000,3771.0000,3770.8000,3775.4000,3775.6000,3777.0000,3778.2000,3778.4000,1,2,5,1,2,1,1,1,1,1
SF,IF2007,2020-05-27 09:54:13.200,3774.4000,7886,-1,733665060.000,1,0,1,双平,S,3774.2000,3773.0000,3771.0000,3770.8000,3770.2000,3775.4000,3775.6000,3778.2000,3778.4000,3781.0000,2,5,1,2,1,1,1,1,1,1
SF,IF2007,2020-05-27 09:54:13.700,3774.2000,7886,0,735929580.000,2,1,1,多换,S,3773.0000,3771.0000,3770.8000,3770.2000,3770.0000,3774.2000,3775.4000,3775.6000,3778.2000,3778.4000,5,1,2,1,5,1,1,1,1,1
SF,IF2007,2020-05-27 09:54:14.200,3773.4000,7884,-2,740458140.000,4,1,3,多平,S,3773.2000,3773.0000,3771.0000,3770.8000,3770.2000,3775.4000,3775.6000,3778.2000,3778.4000,3781.0000,7,6,1,2,1,1,1,1,1,1
SF,IF2007,2020-05-27 09:54:14.700,3773.4000,7883,-1,741590160.000,1,0,1,双平,S,3774.0000,3773.6000,3773.2000,3773.0000,3771.0000,3775.2000,3775.4000,3775.6000,3778.2000,3778.4000,1,2,7,6,1,1,1,1,1,1
SF,IF2007,2020-05-27 09:54:15.200,3773.4000,7883,0,741590160.000,0,-,-,-,-,3774.0000,3773.6000,3773.4000,3773.2000,3773.0000,3775.0000,3775.2000,3775.6000,3778.2000,3778.4000,1,3,1,6,6,3,1,1,1,1
SF,IF2007,2020-05-27 09:54:15.700,3773.4000,7883,0,741590160.000,0,-,-,-,-,3774.0000,3773.6000,3773.4000,3773.2000,3773.0000,3775.0000,3775.2000,3775.6000,3778.2000,3778.4000,1,3,2,6,6,3,1,1,1,1
SF,IF2007,2020-05-27 09:54:16.200,3773.4000,7883,0,741590160.000,0,-,-,-,-,3774.0000,3773.6000,3773.4000,3773.2000,3773.0000,3775.0000,3775.2000,3775.6000,3778.2000,3778.4000,1,3,2,6,6,2,1,1,1,1
SF,IF2007,2020-05-27 09:54:16.700,3773.4000,7883,0,741590160.000,0,-,-,-,-,3774.0000,3773.6000,3773.4000,3773.2000,3773.0000,3774.8000,3775.0000,3775.2000,3775.6000,3778.2000,1,3,1,6,6,1,2,1,1,1
SF,IF2007,2020-05-27 09:54:17.200,3774.0000,7883,0,742722360.000,1,0,1,多换,S,3773.6000,3773.4000,3773.2000,3773.0000,3772.4000,3774.6000,3774.8000,3775.0000,3775.2000,3775.6000,3,1,6,6,1,1,2,1,1,1
SF,IF2007,2020-05-27 09:54:17.700,3773.8000,7883,0,743854500.000,1,0,1,多换,S,3773.6000,3773.4000,3773.2000,3773.0000,3772.4000,3774.6000,3774.8000,3775.0000,3775.6000,3778.4000,1,1,3,6,1,1,2,1,1,1
SF,IF2007,2020-05-27 09:54:18.200,3773.6000,7883,0,744986580.000,1,0,1,多换,S,3773.2000,3773.0000,3772.4000,3771.0000,3770.8000,3774.4000,3774.6000,3774.8000,3775.0000,3775.6000,2,6,1,1,2,1,1,1,1,1
SF,IF2007,2020-05-27 09:54:18.700,3773.6000,7883,0,744986580.000,0,-,-,-,-,3773.2000,3773.0000,3772.6000,3771.0000,3770.8000,3773.6000,3774.2000,3774.4000,3774.8000,3775.6000,1,5,1,1,2,1,2,1,1,1
SF,IF2007,2020-05-27 09:54:19.200,3773.6000,7882,-1,746118660.000,1,0,1,双平,S,3773.4000,3773.2000,3773.0000,3772.6000,3771.0000,3774.2000,3774.4000,3775.6000,3778.4000,3781.0000,2,1,5,1,1,1,1,1,1,1
SF,IF2007,2020-05-27 09:54:19.700,3774.2000,7882,0,747250920.000,1,0,1,多换,S,3775.0000,3773.4000,3773.2000,3773.0000,3772.6000,3775.6000,3778.4000,3781.0000,3782.6000,3782.8000,3,3,1,5,1,1,1,1,1,2
SF,IF2007,2020-05-27 09:54:20.200,3775.0000,7883,1,750648300.000,3,2,1,空开,S,3773.4000,3773.2000,3773.0000,3771.0000,3770.8000,3774.8000,3775.4000,3775.6000,3778.4000,3781.0000,4,1,5,1,2,1,2,1,1,1
SF,IF2007,2020-05-27 09:54:20.700,3773.8000,7881,-2,752912700.000,2,0,2,双平,S,3773.8000,3773.6000,3773.4000,3773.2000,3773.0000,3774.6000,3775.6000,3778.4000,3781.0000,3782.6000,1,1,3,1,5,1,1,1,1,1
SF,IF2007,2020-05-27 09:54:21.200,3774.6000,7881,0,754045080.000,1,0,1,多换,S,3773.8000,3773.6000,3773.4000,3773.2000,3773.0000,3775.6000,3778.4000,3781.0000,3782.6000,3782.8000,1,2,3,1,5,1,1,1,1,2
SF,IF2007,2020-05-27 09:54:21.700,3774.6000,7881,0,754045080.000,0,-,-,-,-,3774.0000,3773.8000,3773.6000,3773.4000,3773.2000,3775.2000,3775.4000,3775.6000,3778.4000,3781.0000,1,2,1,2,1,1,3,1,1,1
SF,IF2007,2020-05-27 09:54:22.200,3774.6000,7881,0,754045080.000,0,-,-,-,-,3774.0000,3773.8000,3773.6000,3773.4000,3773.2000,3775.0000,3775.2000,3775.4000,3775.6000,3778.4000,1,2,1,2,1,4,1,1,1,1
SF,IF2007,2020-05-27 09:54:22.700,3774.6000,7881,0,754045080.000,0,-,-,-,-,3774.0000,3773.8000,3773.6000,3773.4000,3773.2000,3775.0000,3775.2000,3775.6000,3778.4000,3781.0000,1,2,1,1,1,4,1,1,1,1
SF,IF2007,2020-05-27 09:54:23.200,3774.6000,7881,0,754045080.000,0,-,-,-,-,3774.0000,3773.8000,3773.6000,3773.4000,3773.2000,3775.0000,3775.2000,3775.6000,3778.4000,3781.0000,1,2,1,1,1,3,1,1,1,1
SF,IF2007,2020-05-27 09:54:24.200,3774.6000,7881,0,754045080.000,0,-,-,-,-,3774.0000,3773.8000,3773.6000,3773.4000,3773.2000,3775.0000,3775.2000,3775.6000,3778.4000,3781.0000,1,2,2,1,1,3,1,1,1,1
SF,IF2007,2020-05-27 09:54:26.200,3774.6000,7881,0,754045080.000,0,-,-,-,-,3774.0000,3773.8000,3773.6000,3773.4000,3773.2000,3774.8000,3775.0000,3775.2000,3775.6000,3778.4000,1,2,1,1,1,1,3,1,1,1
SF,IF2007,2020-05-27 09:54:26.700,3774.6000,7881,0,754045080.000,0,-,-,-,-,3774.0000,3773.8000,3773.6000,3773.4000,3773.2000,3774.6000,3774.8000,3775.0000,3775.2000,3775.6000,1,2,1,1,1,1,1,2,1,1
SF,IF2007,2020-05-27 09:54:27.200,3774.6000,7881,0,754045080.000,0,-,-,-,-,3773.8000,3773.6000,3773.4000,3773.2000,3773.0000,3774.6000,3774.8000,3775.0000,3775.2000,3775.6000,2,1,1,1,5,1,1,2,1,1
SF,IF2007,2020-05-27 09:54:27.700,3773.8000,7880,-1,755177220.000,1,0,1,双平,S,3773.4000,3773.2000,3773.0000,3771.0000,3770.8000,3774.6000,3774.8000,3775.0000,3775.2000,3775.6000,1,1,5,1,2,1,1,2,1,1
SF,IF2007,2020-05-27 09:54:28.200,3773.8000,7880,0,755177220.000,0,-,-,-,-,3773.6000,3773.4000,3773.2000,3773.0000,3771.0000,3774.4000,3774.6000,3774.8000,3775.2000,3775.6000,2,1,1,5,1,1,1,1,1,1
SF,IF2007,2020-05-27 09:54:28.700,3774.4000,7880,0,756309540.000,1,0,1,多换,S,3773.6000,3773.4000,3773.2000,3773.0000,3771.0000,3774.6000,3774.8000,3775.2000,3775.6000,3778.4000,2,1,1,5,1,1,1,1,1,1
SF,IF2007,2020-05-27 09:54:29.700,3774.4000,7880,0,756309540.000,0,-,-,-,-,3773.6000,3773.4000,3773.2000,3773.0000,3772.8000,3774.6000,3774.8000,3775.2000,3775.6000,3778.4000,2,2,1,5,1,1,1,1,1,1
SF,IF2007,2020-05-27 09:54:30.700,3774.4000,7880,0,756309540.000,0,-,-,-,-,3773.6000,3773.4000,3773.2000,3773.0000,3772.8000,3774.6000,3774.8000,3775.2000,3775.6000,3778.4000,3,2,1,5,1,1,1,1,1,1
SF,IF2007,2020-05-27 09:54:31.200,3774.4000,7880,0,756309540.000,0,-,-,-,-,3773.6000,3773.4000,3773.2000,3773.0000,3771.0000,3774.6000,3774.8000,3775.2000,3775.6000,3778.4000,3,2,1,5,1,1,1,1,1,1
SF,IF2007,2020-05-27 09:54:32.200,3774.4000,7880,0,756309540.000,0,-,-,-,-,3773.6000,3773.4000,3773.2000,3773.0000,3771.0000,3774.2000,3774.4000,3774.6000,3775.2000,3775.6000,3,1,1,5,1,1,1,1,1,1
SF,IF2007,2020-05-27 09:54:32.700,3774.4000,7880,0,756309540.000,0,-,-,-,-,3773.6000,3773.4000,3773.2000,3773.0000,3771.0000,3774.2000,3774.4000,3774.6000,3775.2000,3775.6000,2,1,1,5,1,1,1,1,1,1
SF,IF2007,2020-05-27 09:54:35.700,3774.4000,7880,0,756309540.000,0,-,-,-,-,3773.8000,3773.6000,3773.4000,3773.2000,3773.0000,3774.2000,3774.4000,3774.6000,3775.2000,3775.6000,1,2,1,1,5,1,1,1,1,1
SF,IF2007,2020-05-27 09:54:36.700,3773.8000,7880,0,757441680.000,1,0,1,多换,S,3773.6000,3773.4000,3773.2000,3773.0000,3771.0000,3774.2000,3774.4000,3774.6000,3775.2000,3775.6000,2,1,1,5,1,1,1,1,1,1
SF,IF2007,2020-05-27 09:54:37.700,3774.2000,7879,-1,758573940.000,1,0,1,双平,S,3773.6000,3773.4000,3773.2000,3773.0000,3771.0000,3774.4000,3774.6000,3775.2000,3775.6000,3778.4000,2,1,1,5,1,1,1,1,1,1
SF,IF2007,2020-05-27 09:54:39.700,3774.2000,7879,0,758573940.000,0,-,-,-,-,3773.6000,3773.4000,3773.2000,3773.0000,3771.0000,3774.4000,3774.6000,3775.2000,3775.6000,3778.4000,1,1,1,5,1,1,1,1,1,1
SF,IF2007,2020-05-27 09:54:42.700,3774.2000,7879,0,758573940.000,0,-,-,-,-,3773.6000,3773.4000,3773.2000,3773.0000,3771.0000,3774.4000,3774.6000,3775.2000,3775.6000,3778.4000,1,1,1,5,1,1,1,1,1,1
SF,IF2007,2020-05-27 09:54:43.700,3774.2000,7879,0,758573940.000,0,-,-,-,-,3773.6000,3773.4000,3773.2000,3773.0000,3771.0000,3774.2000,3774.4000,3775.2000,3775.6000,3778.4000,1,1,1,5,1,1,1,1,1,1
SF,IF2007,2020-05-27 09:54:44.200,3774.2000,7879,0,758573940.000,0,-,-,-,-,3773.6000,3773.4000,3773.2000,3773.0000,3771.0000,3774.2000,3774.4000,3775.2000,3775.6000,3778.4000,1,1,1,5,1,1,1,1,1,1
SF,IF2007,2020-05-27 09:54:44.700,3773.6000,7879,0,759706020.000,1,0,1,多换,S,3773.4000,3773.2000,3773.0000,3771.0000,3770.8000,3773.6000,3774.2000,3774.4000,3775.2000,3775.6000,1,1,5,1,2,1,1,1,1,1
SF,IF2007,2020-05-27 09:54:45.200,3773.6000,7879,0,760838100.000,1,0,1,多换,S,3773.4000,3773.2000,3773.0000,3771.0000,3770.8000,3774.2000,3774.4000,3775.2000,3775.6000,3778.4000,1,1,5,1,2,1,1,1,1,1
SF,IF2007,2020-05-27 09:54:46.200,3773.6000,7879,0,760838100.000,0,-,-,-,-,3773.4000,3773.0000,3771.0000,3770.8000,3770.2000,3774.2000,3774.4000,3775.2000,3775.6000,3778.4000,1,5,1,2,2,1,1,1,1,1
SF,IF2007,2020-05-27 09:54:47.200,3773.6000,7879,0,760838100.000,0,-,-,-,-,3773.4000,3773.0000,3771.0000,3770.8000,3770.2000,3774.2000,3774.4000,3775.2000,3775.6000,3778.4000,2,5,1,2,2,1,1,1,1,1
SF,IF2007,2020-05-27 09:54:47.700,3773.6000,7879,0,760838100.000,0,-,-,-,-,3773.4000,3773.0000,3771.0000,3770.8000,3770.2000,3774.2000,3774.4000,3775.2000,3775.6000,3778.4000,3,5,1,2,2,1,1,1,1,1
SF,IF2007,2020-05-27 09:54:48.700,3773.6000,7879,0,760838100.000,0,-,-,-,-,3773.4000,3773.0000,3771.0000,3770.8000,3770.2000,3774.2000,3774.4000,3775.2000,3775.6000,3778.4000,2,5,1,2,2,1,1,1,1,1
SF,IF2007,2020-05-27 09:54:50.200,3773.6000,7879,0,760838100.000,0,-,-,-,-,3773.4000,3773.0000,3771.0000,3770.8000,3770.2000,3774.2000,3774.4000,3775.2000,3775.6000,3778.4000,1,5,1,2,2,1,1,1,1,1
SF,IF2007,2020-05-27 09:54:50.700,3773.6000,7879,0,760838100.000,0,-,-,-,-,3773.4000,3773.0000,3771.0000,3770.8000,3770.2000,3774.0000,3774.2000,3774.4000,3775.2000,3775.6000,1,5,1,2,2,1,1,1,1,1
SF,IF2007,2020-05-27 09:54:51.200,3773.4000,7879,0,761970120.000,1,0,1,多换,S,3773.0000,3771.0000,3770.8000,3770.2000,3770.0000,3773.8000,3774.0000,3775.2000,3775.6000,3778.4000,5,1,2,2,5,1,1,1,1,1
SF,IF2007,2020-05-27 09:54:52.200,3773.4000,7879,0,761970120.000,0,-,-,-,-,3773.0000,3771.0000,3770.8000,3770.2000,3765.0000,3773.6000,3773.8000,3774.0000,3774.4000,3775.2000,5,1,2,2,5,3,1,1,1,1
SF,IF2007,2020-05-27 09:54:52.700,3773.0000,7878,-1,763102020.000,1,0,1,双平,S,3773.0000,3771.0000,3770.8000,3770.2000,3765.0000,3773.4000,3773.6000,3774.0000,3774.4000,3775.2000,4,1,2,2,5,2,3,1,1,1
SF,IF2007,2020-05-27 09:54:53.200,3773.4000,7876,-2,765366060.000,2,0,2,双平,S,3773.0000,3771.0000,3770.8000,3770.2000,3765.0000,3773.6000,3774.4000,3775.2000,3778.4000,3781.0000,4,1,3,2,5,3,1,1,1,1
SF,IF2007,2020-05-27 09:54:53.700,3773.4000,7876,0,765366060.000,0,-,-,-,-,3774.0000,3773.0000,3771.0000,3770.8000,3770.2000,3774.4000,3775.2000,3778.4000,3781.0000,3782.6000,1,4,1,3,2,1,1,1,1,1
SF,IF2007,2020-05-27 09:54:54.200,3774.0000,7873,-3,768762660.000,3,0,3,双平,S,3773.2000,3773.0000,3771.0000,3770.8000,3770.2000,3775.0000,3775.2000,3778.4000,3781.0000,3782.6000,1,4,1,3,2,1,1,1,1,1
SF,IF2007,2020-05-27 09:54:54.700,3774.0000,7873,0,768762660.000,0,-,-,-,-,3773.4000,3773.2000,3773.0000,3771.0000,3770.8000,3774.6000,3774.8000,3775.0000,3775.2000,3778.4000,2,1,4,1,3,1,2,1,1,1
SF,IF2007,2020-05-27 09:54:55.200,3774.0000,7873,0,768762660.000,0,-,-,-,-,3773.4000,3773.2000,3773.0000,3771.0000,3770.8000,3774.4000,3774.6000,3774.8000,3775.0000,3775.2000,2,1,4,1,3,1,1,1,1,1
SF,IF2007,2020-05-27 09:54:55.700,3774.0000,7873,0,768762660.000,0,-,-,-,-,3773.4000,3773.2000,3773.0000,3771.0000,3770.8000,3774.4000,3774.6000,3774.8000,3775.0000,3775.2000,2,1,4,2,3,1,1,1,1,1
SF,IF2007,2020-05-27 09:54:56.200,3774.0000,7873,0,768762660.000,0,-,-,-,-,3773.4000,3773.2000,3773.0000,3771.0000,3770.8000,3774.2000,3774.4000,3774.8000,3775.0000,3775.2000,1,1,4,2,3,1,1,1,1,1
SF,IF2007,2020-05-27 09:54:56.700,3774.0000,7873,0,768762660.000,0,-,-,-,-,3773.4000,3773.2000,3773.0000,3771.0000,3770.8000,3774.2000,3774.4000,3775.0000,3775.2000,3778.4000,1,1,4,2,3,1,1,1,1,1
SF,IF2007,2020-05-27 09:54:57.200,3774.0000,7873,0,768762660.000,0,-,-,-,-,3773.2000,3773.0000,3771.0000,3770.8000,3770.2000,3774.2000,3774.4000,3775.0000,3775.2000,3778.4000,1,4,2,3,2,1,1,1,1,1
SF,IF2007,2020-05-27 09:54:57.700,3774.0000,7873,0,768762660.000,0,-,-,-,-,3773.0000,3771.0000,3770.8000,3770.2000,3765.0000,3773.4000,3774.0000,3774.2000,3775.0000,3775.2000,4,2,3,2,5,1,1,1,1,1
SF,IF2007,2020-05-27 09:54:58.200,3774.0000,7873,0,768762660.000,0,-,-,-,-,3773.0000,3771.0000,3770.8000,3770.2000,3765.0000,3773.4000,3774.0000,3775.0000,3775.2000,3778.4000,4,2,3,2,5,1,1,1,1,1
SF,IF2007,2020-05-27 09:54:59.200,3773.0000,7871,-2,771026460.000,2,0,2,双平,S,3773.0000,3771.0000,3770.8000,3770.2000,3765.0000,3773.4000,3774.0000,3775.0000,3775.2000,3778.4000,2,2,3,2,5,1,1,1,1,1
SF,IF2007,2020-05-27 09:54:59.700,3773.0000,7870,-1,772158360.000,1,0,1,双平,S,3773.0000,3771.0000,3770.8000,3770.2000,3765.0000,3773.2000,3773.4000,3774.0000,3775.0000,3775.2000,1,2,3,2,5,1,1,1,1,1
SF,IF2007,2020-05-27 09:55:00.200,3773.0000,7869,-1,773290260.000,1,0,1,双平,S,3771.0000,3770.8000,3770.2000,3765.0000,3763.2000,3773.2000,3773.4000,3774.0000,3775.0000,3775.2000,2,3,2,5,1,1,1,1,1,1
SF,IF2007,2020-05-27 09:55:00.700,3773.0000,7869,0,773290260.000,0,-,-,-,-,3772.0000,3771.8000,3771.6000,3771.4000,3771.2000,3773.0000,3773.2000,3773.4000,3775.0000,3775.2000,2,1,1,2,6,2,1,1,1,1
SF,IF2007,2020-05-27 09:55:01.200,3773.0000,7869,0,773290260.000,0,-,-,-,-,3772.2000,3772.0000,3771.8000,3771.2000,3771.0000,3772.8000,3773.0000,3773.2000,3773.4000,3775.0000,1,2,1,5,2,2,2,1,1,1
SF,IF2007,2020-05-27 09:55:01.700,3773.0000,7869,0,773290260.000,0,-,-,-,-,3772.2000,3772.0000,3771.8000,3771.2000,3771.0000,3772.8000,3773.0000,3773.2000,3773.4000,3773.8000,1,2,1,6,2,2,2,1,1,1
SF,IF2007,2020-05-27 09:55:02.200,3773.0000,7869,0,773290260.000,0,-,-,-,-,3772.2000,3772.0000,3771.8000,3771.2000,3771.0000,3772.8000,3773.0000,3773.2000,3773.4000,3773.8000,1,2,1,6,2,2,2,1,1,1
SF,IF2007,2020-05-27 09:55:02.700,3773.0000,7869,0,774422160.000,1,0,1,多换,S,3772.2000,3772.0000,3771.8000,3771.2000,3771.0000,3772.8000,3773.0000,3773.4000,3773.8000,3775.2000,1,2,1,6,2,1,2,1,1,1
SF,IF2007,2020-05-27 09:55:03.200,3773.0000,7869,0,774422160.000,0,-,-,-,-,3772.0000,3771.8000,3771.2000,3771.0000,3770.8000,3773.0000,3773.4000,3773.8000,3775.2000,3778.4000,2,1,6,2,1,2,1,1,1,1
SF,IF2007,2020-05-27 09:55:03.700,3773.0000,7869,0,774422160.000,0,-,-,-,-,3772.2000,3772.0000,3771.8000,3771.2000,3771.0000,3773.0000,3773.4000,3773.8000,3775.2000,3778.4000,1,2,1,5,2,2,1,1,1,1
SF,IF2007,2020-05-27 09:55:04.200,3773.0000,7869,0,774422160.000,0,-,-,-,-,3772.0000,3771.8000,3771.2000,3771.0000,3770.8000,3773.0000,3773.4000,3773.8000,3775.2000,3778.4000,2,1,2,2,1,2,1,1,1,1
SF,IF2007,2020-05-27 09:55:04.700,3773.0000,7869,0,774422160.000,0,-,-,-,-,3772.2000,3772.0000,3771.8000,3771.2000,3771.0000,3773.0000,3773.4000,3773.8000,3775.2000,3778.4000,1,2,1,2,2,1,1,1,1,1
SF,IF2007,2020-05-27 09:55:08.200,3773.0000,7869,0,774422160.000,0,-,-,-,-,3772.2000,3772.0000,3771.8000,3771.2000,3771.0000,3773.0000,3773.4000,3773.8000,3775.2000,3778.4000,1,2,1,2,2,1,1,1,1,1
SF,IF2007,2020-05-27 09:55:08.700,3773.0000,7869,0,774422160.000,0,-,-,-,-,3772.0000,3771.8000,3771.2000,3771.0000,3770.2000,3773.0000,3773.4000,3773.8000,3775.2000,3778.4000,2,1,2,2,2,1,1,1,1,1
SF,IF2007,2020-05-27 09:55:09.200,3773.0000,7869,0,774422160.000,0,-,-,-,-,3772.0000,3771.8000,3771.2000,3771.0000,3770.2000,3772.8000,3773.0000,3773.4000,3773.8000,3775.2000,2,1,2,2,2,1,1,1,1,1
SF,IF2007,2020-05-27 09:55:09.700,3773.0000,7869,0,774422160.000,0,-,-,-,-,3772.0000,3771.8000,3771.2000,3771.0000,3770.2000,3773.0000,3773.4000,3773.8000,3775.2000,3778.4000,2,1,2,2,2,1,1,1,1,1
SF,IF2007,2020-05-27 09:55:11.200,3773.0000,7869,0,774422160.000,0,-,-,-,-,3772.0000,3771.8000,3771.2000,3771.0000,3770.2000,3772.8000,3773.0000,3773.4000,3773.8000,3775.2000,1,1,2,2,2,1,1,1,1,1
SF,IF2007,2020-05-27 09:55:11.700,3772.0000,7868,-1,775553760.000,1,0,1,双平,S,3771.8000,3771.2000,3771.0000,3770.2000,3765.0000,3772.6000,3772.8000,3773.4000,3773.8000,3775.2000,1,2,2,2,5,2,1,1,1,1
SF,IF2007,2020-05-27 09:55:12.200,3771.8000,7868,0,776685300.000,1,0,1,多换,S,3771.2000,3771.0000,3770.4000,3770.2000,3765.0000,3772.2000,3772.4000,3772.6000,3772.8000,3773.4000,1,2,1,2,5,1,2,1,1,1
SF,IF2007,2020-05-27 09:55:12.700,3771.8000,7868,0,776685300.000,0,-,-,-,-,3771.4000,3771.0000,3770.4000,3770.2000,3765.0000,3772.0000,3772.2000,3772.4000,3772.8000,3773.4000,1,2,1,2,5,2,1,1,1,1
SF,IF2007,2020-05-27 09:55:13.200,3771.8000,7868,0,776685300.000,0,-,-,-,-,3771.0000,3770.4000,3770.2000,3765.0000,3763.2000,3772.0000,3772.2000,3772.4000,3772.8000,3773.4000,2,1,2,5,1,2,1,1,1,1
SF,IF2007,2020-05-27 09:55:13.700,3771.2000,7867,-1,777816660.000,1,0,1,双平,S,3771.0000,3770.4000,3770.2000,3768.8000,3765.0000,3771.2000,3772.0000,3772.2000,3772.4000,3772.8000,2,1,2,1,5,1,2,1,1,1
SF,IF2007,2020-05-27 09:55:14.200,3771.2000,7866,-1,778948020.000,1,0,1,双平,S,3771.0000,3770.4000,3770.2000,3768.8000,3765.0000,3772.0000,3772.2000,3772.4000,3773.4000,3773.8000,2,1,2,1,5,2,1,1,1,1
SF,IF2007,2020-05-27 09:55:14.700,3771.2000,7866,0,778948020.000,0,-,-,-,-,3771.0000,3770.4000,3770.2000,3768.8000,3765.0000,3772.0000,3772.2000,3773.4000,3773.8000,3775.2000,2,1,2,1,5,2,1,1,1,1
SF,IF2007,2020-05-27 09:55:15.200,3771.2000,7866,0,778948020.000,0,-,-,-,-,3771.0000,3770.4000,3770.2000,3768.8000,3768.6000,3772.0000,3772.2000,3773.4000,3773.8000,3775.2000,2,1,2,1,1,2,1,1,1,1
SF,IF2007,2020-05-27 09:55:15.700,3772.0000,7867,1,780079620.000,1,1,0,双开,S,3771.4000,3771.2000,3771.0000,3770.4000,3770.2000,3772.0000,3772.2000,3773.4000,3773.8000,3775.2000,1,1,2,1,2,1,1,1,1,1
SF,IF2007,2020-05-27 09:55:16.200,3772.0000,7866,-1,781211220.000,1,0,1,双平,S,3771.4000,3771.2000,3771.0000,3770.4000,3770.2000,3772.2000,3773.4000,3773.8000,3775.2000,3778.4000,1,2,2,1,2,1,1,1,1,1
SF,IF2007,2020-05-27 09:55:16.700,3772.0000,7866,0,781211220.000,0,-,-,-,-,3771.6000,3771.4000,3771.2000,3771.0000,3770.4000,3772.2000,3773.4000,3773.8000,3775.2000,3778.4000,2,1,2,2,1,1,1,1,1,1
SF,IF2007,2020-05-27 09:55:17.200,3772.0000,7866,0,781211220.000,0,-,-,-,-,3771.6000,3771.4000,3771.2000,3771.0000,3770.4000,3773.4000,3773.8000,3775.2000,3778.4000,3781.0000,3,1,2,2,1,1,1,1,1,1
SF,IF2007,2020-05-27 09:55:17.700,3772.0000,7866,0,781211220.000,0,-,-,-,-,3771.6000,3771.4000,3771.2000,3771.0000,3770.4000,3772.6000,3772.8000,3773.2000,3773.4000,3773.8000,2,1,2,2,1,1,1,6,1,1
SF,IF2007,2020-05-27 09:55:18.200,3772.0000,7866,0,781211220.000,0,-,-,-,-,3771.6000,3771.4000,3771.2000,3771.0000,3770.4000,3772.4000,3772.6000,3773.2000,3773.4000,3773.8000,2,1,2,2,1,1,1,5,1,1
SF,IF2007,2020-05-27 09:55:18.700,3772.0000,7866,0,781211220.000,0,-,-,-,-,3771.4000,3771.2000,3771.0000,3770.4000,3770.2000,3772.4000,3772.6000,3773.2000,3773.4000,3773.8000,1,2,2,1,3,1,1,5,1,1
SF,IF2007,2020-05-27 09:55:19.200,3772.0000,7866,0,781211220.000,0,-,-,-,-,3771.6000,3771.4000,3771.2000,3771.0000,3770.4000,3772.4000,3772.6000,3773.2000,3773.4000,3773.8000,1,1,1,2,1,1,1,5,1,1
SF,IF2007,2020-05-27 09:55:19.700,3772.0000,7866,0,781211220.000,0,-,-,-,-,3771.8000,3771.6000,3771.4000,3771.2000,3771.0000,3772.4000,3772.6000,3773.2000,3773.4000,3773.8000,1,1,1,1,2,1,1,3,1,1
SF,IF2007,2020-05-27 09:55:20.200,3772.0000,7866,0,781211220.000,0,-,-,-,-,3771.8000,3771.6000,3771.4000,3771.2000,3771.0000,3772.4000,3772.6000,3773.2000,3773.4000,3773.8000,1,2,1,1,2,1,1,3,1,1
SF,IF2007,2020-05-27 09:55:22.700,3771.8000,7866,0,782342760.000,1,0,1,多换,S,3771.6000,3771.4000,3771.2000,3771.0000,3770.4000,3772.4000,3772.6000,3773.2000,3773.4000,3773.8000,1,1,1,2,1,1,1,3,1,1
SF,IF2007,2020-05-27 09:55:23.200,3771.6000,7866,0,783474240.000,1,0,1,多换,S,3771.4000,3771.2000,3771.0000,3770.4000,3770.2000,3772.2000,3772.4000,3772.6000,3773.2000,3773.4000,1,1,2,1,3,1,1,1,3,1
SF,IF2007,2020-05-27 09:55:23.700,3771.6000,7866,0,783474240.000,0,-,-,-,-,3771.4000,3771.2000,3771.0000,3770.4000,3770.2000,3772.2000,3772.4000,3772.6000,3773.2000,3773.4000,1,1,2,1,3,1,1,1,3,1
SF,IF2007,2020-05-27 09:55:24.200,3771.6000,7866,0,783474240.000,0,-,-,-,-,3771.4000,3771.2000,3771.0000,3770.4000,3770.2000,3772.4000,3772.6000,3773.2000,3773.4000,3773.8000,1,1,2,1,3,1,1,3,1,1
SF,IF2007,2020-05-27 09:55:24.700,3771.6000,7866,0,783474240.000,0,-,-,-,-,3771.6000,3771.4000,3771.2000,3771.0000,3770.4000,3772.4000,3772.6000,3773.2000,3773.4000,3773.8000,1,1,1,2,1,1,1,3,1,1
SF,IF2007,2020-05-27 09:55:25.200,3771.6000,7866,0,783474240.000,0,-,-,-,-,3771.6000,3771.4000,3771.2000,3771.0000,3770.4000,3772.4000,3773.2000,3773.4000,3773.8000,3775.2000,1,1,1,2,1,1,3,1,1,1
SF,IF2007,2020-05-27 09:55:25.700,3771.6000,7866,0,783474240.000,0,-,-,-,-,3771.8000,3771.6000,3771.4000,3771.2000,3771.0000,3772.4000,3773.2000,3773.4000,3773.8000,3775.2000,1,1,1,1,2,1,3,1,1,1
SF,IF2007,2020-05-27 09:55:26.200,3771.6000,7866,0,783474240.000,0,-,-,-,-,3771.6000,3771.4000,3771.2000,3771.0000,3770.4000,3772.4000,3773.2000,3773.4000,3773.8000,3775.2000,1,1,1,2,1,1,3,1,1,1
SF,IF2007,2020-05-27 09:55:28.200,3771.6000,7866,0,783474240.000,0,-,-,-,-,3771.4000,3771.2000,3771.0000,3770.4000,3770.2000,3772.4000,3773.2000,3773.4000,3773.8000,3775.2000,1,1,2,1,3,1,3,1,1,1
SF,IF2007,2020-05-27 09:55:28.700,3771.6000,7866,0,783474240.000,0,-,-,-,-,3771.4000,3771.2000,3771.0000,3770.4000,3770.2000,3772.4000,3773.2000,3773.8000,3775.2000,3778.4000,1,1,2,1,3,1,3,1,1,1
SF,IF2007,2020-05-27 09:55:29.200,3771.4000,7866,0,784605660.000,1,0,1,多换,S,3771.2000,3771.0000,3770.4000,3770.2000,3768.8000,3772.4000,3773.2000,3773.8000,3775.2000,3778.4000,1,2,1,3,1,1,3,1,1,1
SF,IF2007,2020-05-27 09:55:29.700,3771.4000,7866,0,784605660.000,0,-,-,-,-,3771.4000,3771.2000,3771.0000,3770.4000,3770.2000,3772.4000,3773.2000,3773.8000,3775.2000,3778.4000,1,1,2,1,3,1,3,1,1,1
SF,IF2007,2020-05-27 09:55:30.200,3771.4000,7866,0,784605660.000,0,-,-,-,-,3771.4000,3771.2000,3771.0000,3770.4000,3770.2000,3772.2000,3772.4000,3773.2000,3773.8000,3775.2000,1,1,2,1,3,1,1,2,1,1
SF,IF2007,2020-05-27 09:55:30.700,3771.4000,7866,0,784605660.000,0,-,-,-,-,3771.2000,3771.0000,3770.4000,3770.2000,3768.8000,3772.2000,3772.4000,3773.2000,3773.8000,3775.2000,1,2,1,3,1,1,1,2,1,1
SF,IF2007,2020-05-27 09:55:31.200,3771.4000,7866,0,784605660.000,0,-,-,-,-,3771.2000,3771.0000,3770.4000,3770.2000,3768.8000,3772.2000,3772.4000,3772.6000,3773.2000,3775.2000,1,2,1,3,1,1,1,1,2,1
SF,IF2007,2020-05-27 09:55:32.700,3771.4000,7866,0,784605660.000,0,-,-,-,-,3771.4000,3771.2000,3771.0000,3770.4000,3770.2000,3772.2000,3772.4000,3773.2000,3773.4000,3775.2000,1,1,2,1,3,1,1,2,1,1
SF,IF2007,2020-05-27 09:55:33.200,3771.4000,7866,0,784605660.000,0,-,-,-,-,3771.6000,3771.4000,3771.2000,3771.0000,3770.4000,3772.4000,3773.2000,3773.4000,3775.2000,3778.4000,2,1,1,2,1,1,2,1,1,1
SF,IF2007,2020-05-27 09:55:35.200,3771.4000,7866,0,784605660.000,0,-,-,-,-,3771.6000,3771.4000,3771.2000,3771.0000,3770.4000,3772.4000,3773.2000,3773.4000,3775.2000,3778.4000,1,1,1,2,1,1,2,1,1,1
SF,IF2007,2020-05-27 09:55:35.700,3771.4000,7866,0,784605660.000,0,-,-,-,-,3771.6000,3771.4000,3771.2000,3771.0000,3770.4000,3772.2000,3772.4000,3773.2000,3773.4000,3775.2000,1,1,1,2,1,1,1,2,1,1
SF,IF2007,2020-05-27 09:55:36.200,3771.4000,7866,0,784605660.000,0,-,-,-,-,3771.2000,3771.0000,3770.4000,3770.2000,3768.8000,3772.0000,3772.2000,3773.2000,3773.4000,3775.2000,1,2,1,3,1,1,1,2,1,1
SF,IF2007,2020-05-27 09:55:36.700,3771.4000,7866,0,784605660.000,0,-,-,-,-,3771.2000,3771.0000,3770.4000,3770.2000,3768.8000,3771.8000,3772.0000,3772.2000,3773.2000,3773.4000,1,2,1,3,1,1,1,1,2,1
SF,IF2007,2020-05-27 09:55:37.200,3771.2000,7866,0,785737020.000,1,0,1,多换,S,3771.0000,3770.4000,3770.2000,3768.8000,3768.6000,3771.8000,3772.0000,3772.2000,3773.2000,3773.4000,2,1,3,1,1,1,1,1,2,1
SF,IF2007,2020-05-27 09:55:37.700,3771.2000,7866,0,785737020.000,0,-,-,-,-,3771.0000,3770.4000,3770.2000,3768.8000,3768.6000,3771.8000,3772.0000,3772.2000,3773.2000,3773.4000,2,1,3,1,1,1,1,1,2,1
SF,IF2007,2020-05-27 09:55:38.200,3771.2000,7866,0,785737020.000,0,-,-,-,-,3771.0000,3770.4000,3770.2000,3768.8000,3768.6000,3771.8000,3772.0000,3773.2000,3773.4000,3775.2000,2,1,3,1,1,1,1,2,1,1
SF,IF2007,2020-05-27 09:55:43.200,3771.2000,7866,0,785737020.000,0,-,-,-,-,3771.0000,3770.4000,3770.2000,3768.8000,3768.6000,3771.8000,3772.0000,3773.2000,3773.4000,3775.2000,3,1,3,1,1,1,1,2,1,1
SF,IF2007,2020-05-27 09:55:43.700,3771.2000,7866,0,785737020.000,0,-,-,-,-,3771.2000,3771.0000,3770.4000,3770.2000,3768.8000,3772.0000,3773.2000,3773.4000,3775.2000,3778.4000,1,3,1,3,1,1,2,1,1,1
SF,IF2007,2020-05-27 09:55:44.200,3771.0000,7863,-3,792524880.000,6,1,5,多平,S,3770.4000,3770.2000,3768.8000,3768.6000,3766.6000,3771.0000,3772.8000,3773.2000,3773.4000,3775.2000,1,3,1,1,2,7,1,2,1,1
SF,IF2007,2020-05-27 09:55:44.700,3771.0000,7856,-7,800443980.000,7,0,7,双平,S,3772.0000,3771.0000,3770.8000,3770.6000,3770.4000,3772.8000,3773.2000,3773.4000,3775.2000,3778.4000,1,1,1,7,1,1,2,1,1,1
SF,IF2007,2020-05-27 09:55:45.200,3772.0000,7856,0,801575580.000,1,0,1,多换,S,3771.0000,3770.6000,3770.4000,3770.2000,3768.8000,3772.4000,3772.6000,3773.2000,3773.4000,3775.2000,1,6,1,3,1,1,2,2,1,1
SF,IF2007,2020-05-27 09:55:45.700,3772.0000,7856,0,801575580.000,0,-,-,-,-,3771.2000,3771.0000,3770.6000,3770.4000,3770.2000,3772.2000,3772.4000,3772.6000,3773.2000,3773.4000,1,2,4,1,3,2,1,1,2,1
SF,IF2007,2020-05-27 09:55:46.200,3772.2000,7856,0,802707240.000,1,0,1,多换,S,3771.4000,3771.2000,3771.0000,3770.6000,3770.4000,3772.2000,3772.4000,3772.6000,3773.2000,3773.4000,1,1,2,4,1,1,1,1,2,1
SF,IF2007,2020-05-27 09:55:46.700,3772.2000,7855,-1,803838900.000,1,0,1,双平,S,3771.4000,3771.2000,3771.0000,3770.6000,3770.4000,3772.4000,3772.6000,3773.2000,3773.4000,3775.2000,1,2,2,3,1,1,1,2,1,1
SF,IF2007,2020-05-27 09:55:47.200,3772.2000,7855,0,803838900.000,0,-,-,-,-,3771.4000,3771.2000,3771.0000,3770.6000,3770.4000,3772.2000,3772.4000,3772.6000,3773.2000,3773.4000,2,2,1,3,1,1,1,1,2,1
SF,IF2007,2020-05-27 09:55:47.700,3772.2000,7855,0,803838900.000,0,-,-,-,-,3771.4000,3771.2000,3771.0000,3770.6000,3770.4000,3772.2000,3772.4000,3773.2000,3773.4000,3775.2000,1,2,1,2,1,1,1,2,1,1
SF,IF2007,2020-05-27 09:55:48.200,3772.2000,7855,0,803838900.000,0,-,-,-,-,3771.0000,3770.6000,3770.4000,3770.2000,3769.8000,3772.0000,3772.2000,3772.4000,3773.2000,3773.4000,1,2,1,3,1,1,1,1,2,1
SF,IF2007,2020-05-27 09:55:48.700,3772.2000,7855,0,803838900.000,0,-,-,-,-,3771.0000,3770.6000,3770.4000,3770.2000,3769.8000,3772.0000,3772.2000,3773.2000,3773.4000,3775.2000,1,2,1,3,1,2,1,2,1,1
SF,IF2007,2020-05-27 09:55:49.200,3772.2000,7855,0,803838900.000,0,-,-,-,-,3771.0000,3770.6000,3770.4000,3770.2000,3769.8000,3772.2000,3773.2000,3773.4000,3775.2000,3778.4000,1,2,1,3,1,1,2,1,1,1
SF,IF2007,2020-05-27 09:55:49.700,3772.2000,7855,0,803838900.000,0,-,-,-,-,3771.2000,3771.0000,3770.6000,3770.4000,3770.2000,3772.0000,3772.2000,3773.2000,3773.4000,3775.2000,1,1,2,1,3,2,1,2,1,1
SF,IF2007,2020-05-27 09:55:51.700,3772.2000,7855,0,803838900.000,0,-,-,-,-,3771.2000,3771.0000,3770.6000,3770.4000,3770.2000,3772.0000,3772.2000,3773.2000,3773.4000,3775.2000,1,1,2,1,3,1,1,2,1,1
SF,IF2007,2020-05-27 09:55:52.200,3772.0000,7854,-1,804970500.000,1,0,1,双平,S,3771.6000,3771.4000,3771.2000,3771.0000,3770.6000,3773.2000,3773.4000,3775.2000,3778.4000,3781.0000,1,1,2,1,2,2,1,1,1,1
SF,IF2007,2020-05-27 09:55:52.700,3773.0000,7855,1,806102400.000,1,1,0,双开,S,3771.8000,3771.6000,3771.4000,3771.2000,3771.0000,3772.8000,3773.2000,3773.4000,3775.2000,3778.4000,1,1,1,1,1,2,2,1,1,1
SF,IF2007,2020-05-27 09:55:53.200,3773.0000,7855,0,806102400.000,0,-,-,-,-,3772.0000,3771.8000,3771.4000,3771.2000,3771.0000,3772.8000,3773.2000,3773.4000,3775.2000,3778.4000,1,1,1,1,1,2,2,1,1,1
SF,IF2007,2020-05-27 09:55:53.700,3773.0000,7855,0,806102400.000,0,-,-,-,-,3772.2000,3772.0000,3771.4000,3771.2000,3771.0000,3773.2000,3774.0000,3775.2000,3778.4000,3781.0000,1,1,1,1,1,2,1,1,1,1
SF,IF2007,2020-05-27 09:55:54.200,3773.0000,7855,0,806102400.000,0,-,-,-,-,3772.4000,3772.2000,3771.4000,3771.2000,3771.0000,3773.0000,3774.0000,3775.2000,3778.4000,3781.0000,1,1,1,1,1,1,1,1,1,1
SF,IF2007,2020-05-27 09:55:54.700,3773.0000,7854,-1,807234300.000,1,0,1,双平,S,3773.2000,3772.6000,3772.4000,3771.4000,3771.2000,3774.0000,3775.2000,3778.4000,3781.0000,3782.8000,1,2,1,1,1,1,1,1,1,2
SF,IF2007,2020-05-27 09:55:55.200,3773.2000,7853,-1,808366260.000,1,0,1,双平,S,3772.6000,3771.6000,3771.4000,3771.2000,3771.0000,3773.8000,3774.0000,3775.2000,3778.4000,3781.0000,2,1,1,1,1,1,1,1,1,1
SF,IF2007,2020-05-27 09:55:55.700,3773.2000,7853,0,808366260.000,0,-,-,-,-,3772.8000,3772.6000,3771.6000,3771.2000,3771.0000,3773.8000,3774.6000,3775.2000,3778.4000,3781.0000,1,2,1,1,1,1,1,1,1,1
SF,IF2007,2020-05-27 09:55:56.200,3773.2000,7853,0,808366260.000,0,-,-,-,-,3772.8000,3772.6000,3771.2000,3771.0000,3770.6000,3773.8000,3774.6000,3775.2000,3778.4000,3781.0000,1,2,1,1,2,1,1,1,1,1
SF,IF2007,2020-05-27 09:55:56.700,3773.2000,7853,0,808366260.000,0,-,-,-,-,3772.8000,3772.6000,3771.2000,3771.0000,3770.6000,3773.6000,3773.8000,3774.6000,3775.2000,3778.4000,1,1,1,1,2,1,1,1,1,1
SF,IF2007,2020-05-27 09:55:57.200,3773.2000,7853,0,808366260.000,0,-,-,-,-,3771.2000,3771.0000,3770.6000,3770.4000,3770.2000,3773.4000,3773.6000,3774.6000,3775.2000,3778.4000,1,2,2,1,3,2,1,1,1,1
SF,IF2007,2020-05-27 09:55:57.700,3773.2000,7853,0,808366260.000,0,-,-,-,-,3772.0000,3771.4000,3771.2000,3771.0000,3770.4000,3773.0000,3773.2000,3773.4000,3775.2000,3778.4000,1,3,1,2,1,2,2,2,1,1
SF,IF2007,2020-05-27 09:55:58.200,3773.2000,7853,0,808366260.000,0,-,-,-,-,3772.0000,3771.4000,3771.2000,3771.0000,3770.4000,3773.0000,3773.2000,3773.4000,3775.2000,3778.4000,1,3,1,1,1,2,2,2,1,1
SF,IF2007,2020-05-27 09:55:58.700,3773.2000,7853,0,808366260.000,0,-,-,-,-,3772.2000,3772.0000,3771.4000,3771.2000,3771.0000,3773.0000,3773.2000,3773.4000,3775.2000,3778.4000,2,1,2,1,1,2,1,2,1,1
SF,IF2007,2020-05-27 09:55:59.200,3773.2000,7853,0,808366260.000,0,-,-,-,-,3772.2000,3772.0000,3771.4000,3771.2000,3771.0000,3773.0000,3773.2000,3773.4000,3775.2000,3778.4000,2,1,2,1,1,1,1,2,1,1
SF,IF2007,2020-05-27 09:55:59.700,3773.2000,7853,0,808366260.000,0,-,-,-,-,3772.2000,3772.0000,3771.4000,3771.2000,3771.0000,3773.0000,3773.4000,3775.2000,3778.4000,3781.0000,2,1,1,1,1,1,2,1,1,1
SF,IF2007,2020-05-27 09:56:00.200,3773.2000,7853,0,808366260.000,0,-,-,-,-,3772.4000,3772.2000,3771.4000,3771.2000,3771.0000,3773.4000,3775.2000,3778.4000,3781.0000,3782.8000,1,2,1,1,1,2,1,1,1,2
SF,IF2007,2020-05-27 09:56:00.700,3773.2000,7853,0,808366260.000,0,-,-,-,-,3772.6000,3772.4000,3772.2000,3771.4000,3771.2000,3773.4000,3775.2000,3778.4000,3781.0000,3782.8000,1,1,1,1,1,1,1,1,1,2
SF,IF2007,2020-05-27 09:56:01.200,3773.2000,7853,0,808366260.000,0,-,-,-,-,3772.8000,3772.6000,3772.4000,3771.4000,3771.2000,3773.2000,3774.0000,3775.2000,3778.4000,3781.0000,1,1,1,1,2,1,1,1,1,1
SF,IF2007,2020-05-27 09:56:02.200,3773.2000,7853,0,808366260.000,0,-,-,-,-,3772.8000,3772.6000,3772.4000,3771.4000,3771.2000,3774.0000,3775.2000,3778.4000,3781.0000,3782.8000,1,1,1,1,2,1,1,1,1,2
SF,IF2007,2020-05-27 09:56:02.700,3773.2000,7853,0,808366260.000,0,-,-,-,-,3773.0000,3772.8000,3771.4000,3771.2000,3771.0000,3773.8000,3774.0000,3775.2000,3778.4000,3781.0000,1,1,1,2,1,3,1,1,1,1
SF,IF2007,2020-05-27 09:56:03.200,3773.2000,7853,0,808366260.000,0,-,-,-,-,3773.0000,3772.8000,3771.4000,3771.2000,3771.0000,3773.8000,3774.0000,3775.2000,3778.4000,3781.0000,1,1,1,2,1,2,1,1,1,1
SF,IF2007,2020-05-27 09:56:05.200,3773.0000,7853,0,809498160.000,1,0,1,多换,S,3772.8000,3771.4000,3771.2000,3771.0000,3770.4000,3773.8000,3774.0000,3775.2000,3778.4000,3781.0000,1,1,2,1,1,2,1,1,1,1
SF,IF2007,2020-05-27 09:56:05.700,3773.0000,7853,0,809498160.000,0,-,-,-,-,3773.0000,3771.6000,3771.4000,3771.2000,3771.0000,3773.6000,3773.8000,3774.0000,3775.2000,3778.4000,1,1,1,2,1,1,1,1,1,1
SF,IF2007,2020-05-27 09:56:06.200,3773.0000,7853,0,809498160.000,0,-,-,-,-,3771.6000,3771.4000,3771.2000,3771.0000,3770.4000,3773.6000,3773.8000,3774.0000,3775.2000,3778.4000,1,2,2,1,1,1,1,1,1,1
SF,IF2007,2020-05-27 09:56:06.700,3773.0000,7853,0,809498160.000,0,-,-,-,-,3772.4000,3772.0000,3771.8000,3771.6000,3771.4000,3773.4000,3773.8000,3774.0000,3775.2000,3778.4000,1,1,3,1,1,1,1,1,1,1
SF,IF2007,2020-05-27 09:56:07.200,3773.0000,7853,0,809498160.000,0,-,-,-,-,3772.8000,3772.6000,3772.0000,3771.8000,3771.6000,3773.8000,3774.0000,3775.2000,3778.4000,3781.0000,1,1,1,2,1,1,1,1,1,1
SF,IF2007,2020-05-27 09:56:07.700,3773.0000,7853,0,809498160.000,0,-,-,-,-,3772.8000,3772.6000,3771.8000,3771.6000,3771.4000,3773.8000,3774.0000,3775.2000,3778.4000,3781.0000,1,1,2,1,1,1,1,1,1,1
SF,IF2007,2020-05-27 09:56:09.200,3773.0000,7853,0,809498160.000,0,-,-,-,-,3772.8000,3772.6000,3771.8000,3771.6000,3771.4000,3773.8000,3774.0000,3774.2000,3775.2000,3778.4000,1,1,2,1,1,1,1,1,1,1
SF,IF2007,2020-05-27 09:56:09.700,3773.0000,7853,0,809498160.000,0,-,-,-,-,3773.2000,3773.0000,3771.8000,3771.6000,3771.4000,3773.8000,3774.2000,3774.6000,3775.2000,3778.4000,1,1,2,1,1,1,1,1,1,1
SF,IF2007,2020-05-27 09:56:10.200,3773.0000,7853,0,809498160.000,0,-,-,-,-,3773.2000,3773.0000,3771.8000,3771.6000,3771.4000,3774.2000,3774.6000,3775.2000,3778.4000,3781.0000,1,1,2,1,1,1,1,1,1,1
SF,IF2007,2020-05-27 09:56:10.700,3773.0000,7853,0,809498160.000,0,-,-,-,-,3773.2000,3773.0000,3771.8000,3771.4000,3771.2000,3774.2000,3774.6000,3775.2000,3778.4000,3781.0000,1,1,2,1,2,1,1,1,1,1
SF,IF2007,2020-05-27 09:56:11.200,3773.0000,7853,0,809498160.000,0,-,-,-,-,3773.6000,3773.4000,3771.8000,3771.4000,3771.2000,3774.2000,3774.6000,3775.2000,3778.4000,3781.0000,1,1,2,1,2,1,1,1,1,1
SF,IF2007,2020-05-27 09:56:12.700,3773.0000,7853,0,809498160.000,0,-,-,-,-,3773.6000,3773.4000,3771.8000,3771.4000,3771.2000,3774.2000,3774.6000,3775.2000,3778.4000,3781.0000,1,1,1,1,2,1,1,1,1,1
SF,IF2007,2020-05-27 09:56:13.200,3773.6000,7852,-1,810630240.000,1,0,1,双平,S,3771.8000,3771.4000,3771.2000,3771.0000,3770.4000,3774.0000,3774.2000,3774.6000,3775.2000,3778.4000,1,1,2,1,1,1,1,1,1,1
SF,IF2007,2020-05-27 09:56:13.700,3773.6000,7852,0,810630240.000,0,-,-,-,-,3772.2000,3772.0000,3771.4000,3771.2000,3771.0000,3773.8000,3774.0000,3774.2000,3774.6000,3775.2000,1,4,1,1,1,3,1,1,1,1
SF,IF2007,2020-05-27 09:56:14.200,3773.6000,7852,0,810630240.000,0,-,-,-,-,3772.8000,3772.4000,3772.2000,3772.0000,3771.4000,3773.6000,3773.8000,3774.2000,3774.6000,3775.2000,1,1,1,1,1,1,2,1,1,1
SF,IF2007,2020-05-27 09:56:14.700,3773.6000,7852,0,810630240.000,0,-,-,-,-,3772.8000,3772.4000,3772.2000,3771.4000,3771.2000,3773.6000,3773.8000,3774.2000,3774.6000,3775.2000,1,1,1,1,1,2,2,1,1,1
SF,IF2007,2020-05-27 09:56:18.200,3773.6000,7852,0,810630240.000,0,-,-,-,-,3772.8000,3772.4000,3772.2000,3771.4000,3771.0000,3773.6000,3773.8000,3774.2000,3774.6000,3775.2000,1,1,1,1,1,2,2,1,1,1
SF,IF2007,2020-05-27 09:56:18.700,3773.6000,7852,0,810630240.000,0,-,-,-,-,3772.8000,3772.4000,3772.2000,3771.4000,3771.0000,3773.4000,3773.6000,3773.8000,3774.2000,3774.6000,1,1,1,1,1,1,1,1,1,1
SF,IF2007,2020-05-27 09:56:19.200,3773.6000,7852,0,810630240.000,0,-,-,-,-,3772.8000,3772.4000,3772.2000,3771.4000,3771.0000,3773.2000,3773.4000,3773.8000,3774.2000,3774.6000,1,1,1,1,1,1,2,1,1,1
SF,IF2007,2020-05-27 09:56:19.700,3773.6000,7852,0,810630240.000,0,-,-,-,-,3772.8000,3772.4000,3772.2000,3771.4000,3771.0000,3773.2000,3773.4000,3773.8000,3774.2000,3774.6000,1,1,1,1,1,1,1,1,1,1
SF,IF2007,2020-05-27 09:56:20.200,3773.6000,7852,0,810630240.000,0,-,-,-,-,3772.8000,3772.4000,3772.2000,3771.4000,3771.0000,3773.2000,3773.4000,3773.8000,3774.2000,3774.6000,1,1,1,1,1,2,1,1,1,1
SF,IF2007,2020-05-27 09:56:20.700,3773.2000,7851,-1,811762200.000,1,0,1,双平,S,3772.8000,3772.4000,3772.2000,3771.4000,3771.0000,3773.2000,3773.4000,3773.8000,3774.2000,3774.6000,1,1,1,1,1,1,1,1,1,1
SF,IF2007,2020-05-27 09:56:21.200,3773.2000,7851,0,811762200.000,0,-,-,-,-,3772.8000,3772.4000,3772.2000,3771.4000,3771.0000,3773.2000,3773.4000,3773.8000,3774.2000,3774.6000,1,1,1,1,1,1,1,1,1,1
SF,IF2007,2020-05-27 09:56:21.700,3773.2000,7851,0,812894160.000,1,0,1,多换,S,3772.8000,3772.4000,3772.2000,3771.4000,3771.0000,3773.2000,3773.4000,3773.8000,3774.2000,3774.6000,1,1,1,1,1,1,1,1,1,1
SF,IF2007,2020-05-27 09:56:22.700,3773.4000,7850,-1,815158140.000,2,0,2,多平,S,3773.2000,3772.8000,3772.4000,3772.2000,3771.4000,3773.8000,3774.2000,3774.6000,3775.2000,3778.4000,1,1,1,1,1,1,1,1,1,1
SF,IF2007,2020-05-27 09:56:23.200,3773.2000,7849,-1,816290100.000,1,0,1,双平,S,3773.2000,3772.8000,3772.4000,3772.2000,3771.4000,3773.6000,3773.8000,3774.2000,3774.6000,3775.2000,1,1,1,1,1,2,1,1,1,1
SF,IF2007,2020-05-27 09:56:23.700,3773.2000,7848,-1,817422060.000,1,0,1,双平,S,3772.8000,3772.4000,3772.2000,3771.4000,3771.0000,3773.6000,3773.8000,3774.2000,3774.6000,3775.2000,1,1,1,1,1,1,1,1,1,1
SF,IF2007,2020-05-27 09:56:24.200,3773.2000,7848,0,817422060.000,0,-,-,-,-,3772.4000,3772.2000,3771.4000,3771.0000,3770.4000,3773.6000,3773.8000,3774.2000,3774.6000,3775.2000,1,1,1,1,1,2,1,1,1,1
SF,IF2007,2020-05-27 09:56:24.700,3773.2000,7848,0,817422060.000,0,-,-,-,-,3772.4000,3771.4000,3771.0000,3770.4000,3770.2000,3773.4000,3774.2000,3774.6000,3775.2000,3778.4000,1,1,1,1,3,1,1,1,1,1
SF,IF2007,2020-05-27 09:56:25.200,3773.2000,7848,0,817422060.000,0,-,-,-,-,3772.4000,3771.4000,3771.0000,3770.4000,3770.2000,3773.6000,3774.2000,3774.6000,3775.2000,3778.4000,1,1,1,1,3,1,1,1,1,1
SF,IF2007,2020-05-27 09:56:25.700,3773.2000,7848,0,817422060.000,0,-,-,-,-,3772.4000,3771.4000,3771.0000,3770.4000,3770.2000,3773.4000,3773.6000,3774.2000,3774.6000,3775.2000,1,1,1,1,3,1,1,1,1,1
SF,IF2007,2020-05-27 09:56:26.200,3773.2000,7848,0,817422060.000,0,-,-,-,-,3772.4000,3771.4000,3771.0000,3770.4000,3770.2000,3774.2000,3774.6000,3775.2000,3778.4000,3781.0000,1,1,1,1,3,1,1,1,1,1
SF,IF2007,2020-05-27 09:56:26.700,3773.2000,7848,0,817422060.000,0,-,-,-,-,3772.6000,3772.4000,3771.4000,3771.0000,3770.4000,3773.8000,3774.0000,3774.2000,3774.6000,3775.2000,2,1,1,1,1,1,3,2,1,1
SF,IF2007,2020-05-27 09:56:27.200,3773.2000,7848,0,817422060.000,0,-,-,-,-,3772.8000,3772.6000,3771.4000,3771.0000,3770.4000,3773.8000,3774.0000,3774.2000,3774.6000,3775.2000,1,2,1,1,1,1,3,1,1,1
SF,IF2007,2020-05-27 09:56:27.700,3773.2000,7848,0,817422060.000,0,-,-,-,-,3772.8000,3772.6000,3771.4000,3771.0000,3770.4000,3773.6000,3773.8000,3774.0000,3774.2000,3774.6000,1,1,1,1,1,1,1,3,1,1
SF,IF2007,2020-05-27 09:56:32.700,3773.2000,7848,0,817422060.000,0,-,-,-,-,3772.8000,3772.6000,3771.4000,3771.0000,3770.4000,3773.6000,3773.8000,3774.0000,3774.2000,3774.6000,1,1,1,1,1,1,1,2,1,1
SF,IF2007,2020-05-27 09:56:33.200,3773.2000,7848,0,817422060.000,0,-,-,-,-,3772.6000,3771.4000,3771.0000,3770.4000,3770.2000,3773.4000,3773.6000,3773.8000,3774.0000,3774.2000,1,1,1,1,3,1,1,1,1,1
SF,IF2007,2020-05-27 09:56:33.700,3773.2000,7848,0,817422060.000,0,-,-,-,-,3771.4000,3771.0000,3770.4000,3770.2000,3768.6000,3773.4000,3773.8000,3774.0000,3774.2000,3774.6000,1,1,1,3,1,1,1,1,1,1
SF,IF2007,2020-05-27 09:56:34.200,3773.2000,7848,0,817422060.000,0,-,-,-,-,3772.0000,3771.8000,3771.6000,3771.4000,3771.0000,3773.2000,3773.4000,3774.0000,3774.2000,3774.6000,2,2,5,1,1,2,1,1,1,1
SF,IF2007,2020-05-27 09:56:34.700,3773.2000,7848,0,817422060.000,0,-,-,-,-,3772.2000,3772.0000,3771.8000,3771.6000,3771.4000,3773.0000,3773.2000,3774.0000,3774.2000,3774.6000,1,2,2,4,1,1,2,1,1,1
SF,IF2007,2020-05-27 09:56:35.200,3773.2000,7848,0,817422060.000,0,-,-,-,-,3772.2000,3772.0000,3771.8000,3771.6000,3771.4000,3773.2000,3774.0000,3774.2000,3774.6000,3775.2000,1,2,1,4,1,2,1,1,1,1
SF,IF2007,2020-05-27 09:56:35.700,3773.2000,7848,0,817422060.000,0,-,-,-,-,3772.2000,3772.0000,3771.8000,3771.6000,3771.4000,3773.2000,3774.0000,3774.2000,3774.6000,3775.2000,1,2,1,4,1,1,1,1,1,1
SF,IF2007,2020-05-27 09:56:36.200,3773.2000,7848,0,817422060.000,0,-,-,-,-,3772.2000,3772.0000,3771.8000,3771.6000,3771.4000,3773.2000,3773.6000,3774.0000,3774.2000,3774.6000,1,2,1,4,1,1,1,1,1,1
SF,IF2007,2020-05-27 09:56:36.700,3773.2000,7848,0,817422060.000,0,-,-,-,-,3772.2000,3772.0000,3771.8000,3771.6000,3771.4000,3773.2000,3773.6000,3774.0000,3774.2000,3774.6000,1,2,1,2,1,1,1,1,1,1
SF,IF2007,2020-05-27 09:56:37.200,3773.2000,7848,0,817422060.000,0,-,-,-,-,3772.2000,3772.0000,3771.8000,3771.6000,3771.4000,3773.2000,3773.6000,3774.0000,3774.2000,3774.6000,1,2,1,1,1,1,1,1,1,1
SF,IF2007,2020-05-27 09:56:38.200,3773.2000,7848,0,817422060.000,0,-,-,-,-,3773.0000,3772.2000,3772.0000,3771.8000,3771.6000,3773.2000,3773.6000,3774.0000,3774.2000,3774.6000,5,1,2,1,1,1,1,1,1,1
SF,IF2007,2020-05-27 09:56:38.700,3773.0000,7848,0,820817760.000,3,1,2,多换,S,3773.0000,3772.2000,3772.0000,3771.8000,3771.6000,3773.6000,3774.0000,3774.2000,3774.6000,3775.2000,2,1,1,1,1,1,1,1,1,1
SF,IF2007,2020-05-27 09:56:39.200,3773.0000,7848,0,820817760.000,0,-,-,-,-,3773.0000,3772.2000,3771.8000,3771.6000,3771.4000,3773.6000,3774.0000,3774.2000,3774.6000,3775.2000,2,1,1,1,1,1,1,1,1,1
SF,IF2007,2020-05-27 09:56:39.700,3773.0000,7848,0,820817760.000,0,-,-,-,-,3773.2000,3773.0000,3772.2000,3771.8000,3771.6000,3773.6000,3774.0000,3774.2000,3774.6000,3775.2000,1,2,1,1,1,1,1,1,1,1
SF,IF2007,2020-05-27 09:56:40.200,3773.2000,7847,-1,821949720.000,1,0,1,双平,S,3773.0000,3772.2000,3771.8000,3771.6000,3771.4000,3774.0000,3774.2000,3774.4000,3774.6000,3775.2000,2,1,1,1,1,1,1,1,1,1
SF,IF2007,2020-05-27 09:56:40.700,3773.2000,7847,0,821949720.000,0,-,-,-,-,3773.0000,3772.2000,3771.8000,3771.6000,3771.4000,3773.8000,3774.0000,3774.2000,3774.4000,3774.6000,2,1,1,1,1,6,1,1,1,1
SF,IF2007,2020-05-27 09:56:41.200,3773.2000,7847,0,821949720.000,0,-,-,-,-,3773.0000,3772.2000,3771.8000,3771.6000,3771.4000,3773.6000,3773.8000,3774.2000,3774.4000,3774.6000,2,1,1,1,1,1,5,1,1,1
SF,IF2007,2020-05-27 09:56:41.700,3773.2000,7847,0,821949720.000,0,-,-,-,-,3773.0000,3772.2000,3771.8000,3771.6000,3771.4000,3773.4000,3773.6000,3773.8000,3774.2000,3774.4000,2,1,1,1,1,1,1,5,1,1
SF,IF2007,2020-05-27 09:56:43.200,3773.2000,7847,0,821949720.000,0,-,-,-,-,3773.0000,3772.2000,3771.8000,3771.6000,3771.4000,3773.4000,3773.6000,3773.8000,3774.2000,3774.6000,2,1,1,1,1,1,1,5,1,1
SF,IF2007,2020-05-27 09:56:43.700,3773.2000,7847,0,821949720.000,0,-,-,-,-,3773.0000,3772.2000,3771.8000,3771.6000,3771.4000,3773.4000,3773.6000,3773.8000,3774.2000,3774.6000,2,1,1,1,1,1,1,5,1,1
SF,IF2007,2020-05-27 09:56:45.700,3773.2000,7847,0,821949720.000,0,-,-,-,-,3773.0000,3772.2000,3771.8000,3771.6000,3771.4000,3773.4000,3773.6000,3773.8000,3774.0000,3774.2000,2,1,1,1,1,1,1,5,1,1
SF,IF2007,2020-05-27 09:56:46.200,3773.2000,7847,0,821949720.000,0,-,-,-,-,3773.0000,3772.2000,3771.8000,3771.6000,3771.4000,3773.4000,3773.6000,3773.8000,3774.2000,3774.6000,2,1,1,1,1,1,1,5,1,1
SF,IF2007,2020-05-27 09:56:47.700,3773.0000,7847,0,823081620.000,1,0,1,多换,S,3773.0000,3772.2000,3771.8000,3771.6000,3771.4000,3773.4000,3773.6000,3773.8000,3774.2000,3774.6000,1,1,1,1,1,1,1,5,1,1
SF,IF2007,2020-05-27 09:56:48.200,3773.0000,7847,0,823081620.000,0,-,-,-,-,3773.0000,3772.2000,3771.8000,3771.6000,3771.4000,3773.4000,3773.6000,3773.8000,3774.2000,3774.6000,6,1,1,1,1,1,1,4,1,1
SF,IF2007,2020-05-27 09:56:48.700,3773.0000,7847,0,823081620.000,0,-,-,-,-,3773.0000,3772.2000,3771.8000,3771.6000,3771.4000,3773.6000,3773.8000,3774.2000,3774.6000,3775.2000,6,1,1,1,1,1,4,1,1,1
SF,IF2007,2020-05-27 09:56:49.200,3773.0000,7847,0,823081620.000,0,-,-,-,-,3773.0000,3772.2000,3771.8000,3771.6000,3771.4000,3773.6000,3773.8000,3774.2000,3774.6000,3775.2000,6,1,1,1,1,2,4,1,1,1
SF,IF2007,2020-05-27 09:56:50.200,3773.0000,7847,0,823081620.000,0,-,-,-,-,3773.0000,3772.2000,3771.8000,3771.6000,3771.4000,3773.6000,3773.8000,3774.0000,3774.2000,3774.6000,6,1,1,1,1,1,4,1,1,1
SF,IF2007,2020-05-27 09:56:50.700,3773.0000,7847,0,823081620.000,0,-,-,-,-,3773.0000,3772.2000,3771.8000,3771.6000,3771.4000,3773.6000,3773.8000,3774.2000,3774.6000,3775.2000,6,1,1,1,1,1,4,1,1,1
SF,IF2007,2020-05-27 09:56:52.200,3773.4000,7846,-1,824213640.000,1,0,1,双平,S,3773.0000,3772.2000,3771.8000,3771.6000,3771.4000,3773.6000,3773.8000,3774.2000,3774.6000,3775.2000,6,1,1,1,1,1,4,1,1,1
SF,IF2007,2020-05-27 09:56:52.700,3773.0000,7846,0,825345540.000,1,0,1,多换,S,3773.0000,3772.2000,3771.8000,3771.4000,3771.0000,3773.4000,3773.6000,3773.8000,3774.2000,3775.2000,5,1,1,1,2,1,1,4,1,1
SF,IF2007,2020-05-27 09:56:53.200,3773.0000,7846,0,827609340.000,2,1,1,多换,S,3773.0000,3772.2000,3771.8000,3771.4000,3771.0000,3773.4000,3773.6000,3773.8000,3774.2000,3775.2000,3,1,1,1,2,1,1,4,1,1
SF,IF2007,2020-05-27 09:56:58.200,3773.0000,7846,0,827609340.000,0,-,-,-,-,3773.0000,3772.2000,3771.8000,3771.4000,3771.0000,3773.6000,3773.8000,3774.0000,3774.2000,3775.2000,3,1,1,1,2,1,4,1,1,1
SF,IF2007,2020-05-27 09:57:00.200,3773.0000,7846,0,827609340.000,0,-,-,-,-,3773.4000,3773.0000,3772.2000,3771.8000,3771.4000,3773.6000,3773.8000,3774.0000,3774.2000,3775.2000,1,3,1,1,1,1,4,1,1,1
SF,IF2007,2020-05-27 09:57:01.200,3773.4000,7846,0,828741360.000,1,0,1,多换,S,3773.4000,3773.0000,3772.2000,3771.8000,3771.4000,3773.6000,3773.8000,3774.0000,3774.2000,3775.2000,1,3,1,1,1,1,4,1,1,1
SF,IF2007,2020-05-27 09:57:01.700,3773.4000,7846,0,829873380.000,1,0,1,多换,S,3773.0000,3772.2000,3771.8000,3771.4000,3771.0000,3773.6000,3773.8000,3774.0000,3774.2000,3775.2000,3,1,1,1,2,1,4,1,1,1
SF,IF2007,2020-05-27 09:57:02.200,3773.4000,7846,0,829873380.000,0,-,-,-,-,3773.0000,3772.2000,3771.8000,3771.4000,3771.0000,3773.4000,3773.6000,3773.8000,3774.0000,3774.2000,3,1,1,1,2,1,1,4,1,1
SF,IF2007,2020-05-27 09:57:02.700,3773.4000,7846,0,829873380.000,0,-,-,-,-,3773.0000,3772.2000,3771.8000,3771.4000,3771.0000,3773.4000,3773.8000,3774.0000,3774.2000,3775.2000,3,1,1,1,2,1,3,1,1,1
SF,IF2007,2020-05-27 09:57:03.200,3773.4000,7846,0,829873380.000,0,-,-,-,-,3773.0000,3772.2000,3771.8000,3771.4000,3771.0000,3773.4000,3773.8000,3774.0000,3774.2000,3775.2000,3,1,1,1,2,3,3,1,1,1
SF,IF2007,2020-05-27 09:57:04.700,3773.0000,7846,0,832137180.000,2,1,1,多换,S,3773.0000,3772.2000,3771.4000,3771.0000,3770.4000,3773.4000,3773.8000,3774.0000,3774.2000,3775.2000,1,1,1,2,1,3,3,1,1,1
SF,IF2007,2020-05-27 09:57:05.200,3773.0000,7846,0,833269080.000,1,0,1,多换,S,3772.2000,3771.4000,3771.0000,3770.4000,3770.2000,3773.4000,3773.8000,3774.0000,3774.2000,3775.2000,1,1,2,1,3,2,2,1,1,1
SF,IF2007,2020-05-27 09:57:05.700,3773.0000,7846,0,833269080.000,0,-,-,-,-,3771.4000,3771.0000,3770.4000,3770.2000,3768.6000,3773.2000,3773.4000,3774.0000,3774.2000,3775.2000,1,2,1,3,1,8,2,1,1,1
SF,IF2007,2020-05-27 09:57:06.200,3773.0000,7846,0,833269080.000,0,-,-,-,-,3771.6000,3771.4000,3771.0000,3770.4000,3770.2000,3772.6000,3772.8000,3773.0000,3773.2000,3773.4000,2,1,2,1,3,1,2,2,6,2
SF,IF2007,2020-05-27 09:57:06.700,3773.0000,7850,4,838928580.000,5,4,1,空开,S,3771.4000,3771.0000,3770.4000,3770.2000,3768.6000,3772.6000,3772.8000,3773.0000,3773.2000,3773.4000,1,2,1,3,1,1,1,2,2,2
SF,IF2007,2020-05-27 09:57:07.200,3773.0000,7850,0,838928580.000,0,-,-,-,-,3771.6000,3771.4000,3771.0000,3770.4000,3770.2000,3772.0000,3772.2000,3772.4000,3772.6000,3773.0000,2,1,2,1,3,1,1,2,1,1
SF,IF2007,2020-05-27 09:57:07.700,3772.0000,7850,0,840060180.000,1,0,1,多换,S,3771.8000,3771.6000,3771.4000,3771.0000,3770.4000,3772.4000,3772.6000,3773.0000,3773.2000,3773.4000,1,2,1,2,1,1,1,1,1,2
SF,IF2007,2020-05-27 09:57:08.200,3772.4000,7849,-1,841191900.000,1,0,1,双平,S,3772.0000,3771.8000,3771.4000,3771.0000,3770.4000,3772.6000,3773.0000,3773.4000,3774.2000,3775.2000,2,1,1,2,1,1,1,2,1,1
SF,IF2007,2020-05-27 09:57:08.700,3772.4000,7849,0,842323620.000,1,0,1,多换,S,3772.0000,3771.8000,3771.4000,3771.0000,3770.4000,3773.4000,3774.2000,3775.2000,3778.4000,3781.0000,1,1,1,2,1,2,1,1,1,1
SF,IF2007,2020-05-27 09:57:09.200,3772.4000,7849,0,842323620.000,0,-,-,-,-,3772.2000,3772.0000,3771.8000,3771.4000,3771.0000,3773.2000,3773.4000,3774.2000,3775.2000,3778.4000,1,1,1,1,2,1,2,1,1,1
SF,IF2007,2020-05-27 09:57:09.700,3772.2000,7848,-1,843455280.000,1,0,1,双平,S,3772.0000,3771.4000,3771.0000,3770.4000,3770.2000,3773.2000,3773.4000,3774.2000,3775.2000,3778.4000,1,1,2,1,3,1,2,1,1,1
SF,IF2007,2020-05-27 09:57:10.200,3772.2000,7848,0,843455280.000,0,-,-,-,-,3772.0000,3771.4000,3771.0000,3770.4000,3770.2000,3773.0000,3773.2000,3773.4000,3774.2000,3775.2000,1,1,2,1,3,4,1,2,1,1
SF,IF2007,2020-05-27 09:57:10.700,3772.2000,7848,0,843455280.000,0,-,-,-,-,3772.0000,3771.4000,3771.0000,3770.4000,3770.2000,3772.8000,3773.0000,3773.2000,3773.4000,3774.2000,6,1,2,1,3,2,4,1,2,1
SF,IF2007,2020-05-27 09:57:11.200,3772.2000,7848,0,843455280.000,0,-,-,-,-,3772.0000,3771.4000,3771.0000,3770.4000,3770.2000,3772.6000,3772.8000,3773.0000,3773.2000,3773.4000,6,1,2,1,3,2,1,5,1,2
SF,IF2007,2020-05-27 09:57:11.700,3772.2000,7848,0,843455280.000,0,-,-,-,-,3772.0000,3771.4000,3771.0000,3770.4000,3770.2000,3772.4000,3772.6000,3773.0000,3773.2000,3773.4000,6,1,2,1,3,1,2,5,1,2
SF,IF2007,2020-05-27 09:57:12.200,3772.4000,7847,-1,850245720.000,6,2,4,多平,S,3772.0000,3771.4000,3771.0000,3770.4000,3770.2000,3773.0000,3773.2000,3773.4000,3774.2000,3775.2000,6,1,2,1,3,3,1,3,1,1
SF,IF2007,2020-05-27 09:57:13.200,3772.0000,7848,1,851377320.000,1,1,0,双开,S,3772.0000,3771.4000,3771.0000,3770.4000,3770.2000,3772.8000,3773.0000,3773.2000,3773.4000,3774.2000,5,1,2,1,3,3,3,1,3,1
SF,IF2007,2020-05-27 09:57:13.700,3772.0000,7848,0,854772120.000,3,1,2,多换,S,3772.0000,3771.4000,3771.0000,3770.4000,3770.2000,3772.8000,3773.0000,3773.2000,3773.4000,3774.2000,2,1,2,1,3,3,3,1,3,1
SF,IF2007,2020-05-27 09:57:14.200,3772.0000,7848,0,854772120.000,0,-,-,-,-,3772.0000,3771.4000,3771.0000,3770.4000,3770.2000,3772.6000,3772.8000,3773.0000,3773.4000,3774.2000,2,1,2,1,3,2,3,2,3,1
SF,IF2007,2020-05-27 09:57:14.700,3772.0000,7848,0,854772120.000,0,-,-,-,-,3772.0000,3771.4000,3771.0000,3770.4000,3770.2000,3772.4000,3772.6000,3772.8000,3773.0000,3773.4000,2,1,2,1,3,2,2,3,2,3
SF,IF2007,2020-05-27 09:57:15.200,3772.0000,7849,1,855903720.000,1,1,0,双开,S,3772.0000,3771.4000,3771.0000,3770.4000,3770.2000,3772.4000,3772.6000,3772.8000,3773.0000,3773.4000,1,1,2,1,3,2,2,3,2,3
SF,IF2007,2020-05-27 09:57:17.200,3772.0000,7849,0,855903720.000,0,-,-,-,-,3772.0000,3771.4000,3771.0000,3770.4000,3770.2000,3772.4000,3772.6000,3772.8000,3773.0000,3773.4000,6,1,2,1,3,2,2,2,2,3
SF,IF2007,2020-05-27 09:57:18.200,3772.0000,7850,1,857035320.000,1,1,0,双开,S,3772.0000,3771.4000,3771.0000,3770.4000,3770.2000,3772.2000,3772.4000,3772.6000,3772.8000,3773.0000,6,1,2,1,3,1,2,2,2,2
SF,IF2007,2020-05-27 09:57:18.700,3772.0000,7850,0,858166920.000,1,0,1,多换,S,3772.0000,3771.4000,3771.0000,3770.4000,3770.2000,3772.2000,3772.4000,3772.6000,3772.8000,3773.0000,5,1,2,1,3,1,2,2,2,1
SF,IF2007,2020-05-27 09:57:19.200,3772.0000,7850,0,860430120.000,2,1,1,多换,S,3772.0000,3771.4000,3771.0000,3770.4000,3770.2000,3772.2000,3772.4000,3772.6000,3772.8000,3773.0000,3,1,2,1,3,1,2,2,2,1
SF,IF2007,2020-05-27 09:57:19.700,3772.0000,7850,0,863824920.000,3,1,2,多换,S,3771.4000,3771.0000,3770.4000,3770.2000,3768.6000,3772.2000,3772.4000,3772.6000,3772.8000,3773.0000,1,2,1,3,1,1,2,2,2,1
SF,IF2007,2020-05-27 09:57:20.200,3772.0000,7850,0,863824920.000,0,-,-,-,-,3771.4000,3771.0000,3770.4000,3770.2000,3768.6000,3772.0000,3772.2000,3772.4000,3772.6000,3772.8000,1,2,1,3,1,1,1,2,2,1
SF,IF2007,2020-05-27 09:57:20.700,3772.0000,7850,0,863824920.000,0,-,-,-,-,3771.4000,3771.0000,3770.4000,3770.2000,3768.6000,3772.0000,3772.2000,3772.6000,3772.8000,3773.0000,1,2,1,3,1,1,1,2,1,1
SF,IF2007,2020-05-27 09:57:21.200,3772.0000,7852,2,866088120.000,2,2,0,双开,S,3772.0000,3771.4000,3771.0000,3770.4000,3770.2000,3772.2000,3772.6000,3772.8000,3773.0000,3773.4000,3,1,2,1,3,1,2,1,1,2
SF,IF2007,2020-05-27 09:57:21.700,3772.0000,7852,0,866088120.000,0,-,-,-,-,3772.0000,3771.4000,3771.0000,3770.4000,3770.2000,3772.2000,3772.6000,3772.8000,3773.4000,3774.2000,3,1,2,1,3,1,2,1,2,1
SF,IF2007,2020-05-27 09:57:23.200,3772.0000,7852,0,866088120.000,0,-,-,-,-,3772.0000,3771.4000,3771.0000,3770.4000,3770.2000,3772.6000,3772.8000,3773.4000,3774.2000,3775.2000,3,1,2,1,3,2,1,2,1,1
SF,IF2007,2020-05-27 09:57:24.700,3772.0000,7853,1,867219720.000,1,1,0,双开,S,3772.0000,3771.4000,3771.0000,3770.4000,3770.2000,3772.6000,3772.8000,3773.4000,3774.2000,3775.2000,2,1,2,1,3,2,1,2,1,1
SF,IF2007,2020-05-27 09:57:26.700,3772.0000,7855,2,869482920.000,2,2,0,双开,S,3771.4000,3771.0000,3770.4000,3770.2000,3768.6000,3772.0000,3772.6000,3772.8000,3773.4000,3774.2000,1,2,1,3,1,2,2,1,2,1
SF,IF2007,2020-05-27 09:57:27.200,3772.0000,7855,0,871746120.000,2,1,1,多换,S,3771.6000,3771.4000,3771.0000,3770.4000,3770.2000,3772.6000,3772.8000,3773.4000,3774.2000,3775.2000,1,1,2,1,3,2,1,2,1,1
SF,IF2007,2020-05-27 09:57:27.700,3772.0000,7855,0,871746120.000,0,-,-,-,-,3771.6000,3771.4000,3771.0000,3770.4000,3770.2000,3772.0000,3772.6000,3772.8000,3773.4000,3774.2000,1,1,2,1,3,1,2,1,2,1
SF,IF2007,2020-05-27 09:57:28.200,3772.0000,7855,0,872877720.000,1,0,1,多换,S,3771.6000,3771.4000,3771.0000,3770.4000,3770.2000,3772.6000,3772.8000,3773.4000,3774.2000,3775.2000,1,1,2,1,3,2,1,2,1,1
SF,IF2007,2020-05-27 09:57:28.700,3772.0000,7855,0,872877720.000,0,-,-,-,-,3771.8000,3771.6000,3771.4000,3771.0000,3770.4000,3772.6000,3772.8000,3773.4000,3774.2000,3775.2000,1,1,1,2,1,2,1,2,1,1
SF,IF2007,2020-05-27 09:57:29.200,3772.0000,7855,0,872877720.000,0,-,-,-,-,3771.8000,3771.6000,3771.4000,3771.0000,3770.4000,3772.6000,3772.8000,3773.4000,3774.2000,3775.2000,1,1,1,2,1,1,1,2,1,1
SF,IF2007,2020-05-27 09:57:31.200,3772.0000,7855,0,872877720.000,0,-,-,-,-,3771.8000,3771.6000,3771.4000,3771.0000,3770.4000,3772.6000,3772.8000,3773.4000,3774.2000,3775.2000,1,1,1,2,1,1,1,2,1,1
SF,IF2007,2020-05-27 09:57:31.700,3772.0000,7855,0,872877720.000,0,-,-,-,-,3771.8000,3771.6000,3771.4000,3771.0000,3770.4000,3772.8000,3773.4000,3774.2000,3775.2000,3781.0000,1,1,1,2,1,1,2,1,1,1
SF,IF2007,2020-05-27 09:57:32.200,3772.0000,7855,0,872877720.000,0,-,-,-,-,3771.8000,3771.6000,3771.4000,3771.2000,3771.0000,3772.8000,3773.4000,3774.2000,3775.2000,3781.0000,1,1,1,1,2,1,2,1,1,1
SF,IF2007,2020-05-27 09:57:36.200,3772.0000,7855,0,872877720.000,0,-,-,-,-,3771.8000,3771.6000,3771.4000,3771.2000,3771.0000,3772.8000,3773.4000,3774.2000,3775.2000,3781.0000,1,1,1,1,2,1,2,1,1,1
SF,IF2007,2020-05-27 09:57:36.700,3772.0000,7855,0,872877720.000,0,-,-,-,-,3771.8000,3771.6000,3771.4000,3771.2000,3771.0000,3772.6000,3772.8000,3773.4000,3775.2000,3781.0000,1,1,1,1,2,1,1,2,1,1
SF,IF2007,2020-05-27 09:57:42.700,3772.0000,7855,0,872877720.000,0,-,-,-,-,3771.8000,3771.6000,3771.4000,3771.2000,3771.0000,3772.6000,3772.8000,3773.4000,3775.2000,3781.0000,1,3,1,1,2,1,1,2,1,1
SF,IF2007,2020-05-27 09:57:45.700,3772.0000,7855,0,872877720.000,0,-,-,-,-,3771.8000,3771.6000,3771.4000,3771.0000,3770.4000,3772.6000,3772.8000,3773.4000,3775.2000,3781.0000,1,3,1,2,1,1,1,2,1,1
SF,IF2007,2020-05-27 09:57:46.200,3772.0000,7855,0,872877720.000,0,-,-,-,-,3771.6000,3771.4000,3771.0000,3770.4000,3770.2000,3772.6000,3772.8000,3773.4000,3775.2000,3781.0000,3,1,2,1,3,1,1,2,1,1
SF,IF2007,2020-05-27 09:57:48.200,3772.0000,7855,0,872877720.000,0,-,-,-,-,3771.6000,3771.4000,3771.0000,3770.4000,3770.2000,3772.4000,3772.6000,3772.8000,3773.4000,3775.2000,2,1,2,1,3,1,1,1,2,1
SF,IF2007,2020-05-27 09:57:48.700,3772.0000,7855,0,872877720.000,0,-,-,-,-,3771.6000,3771.4000,3771.0000,3770.4000,3770.2000,3772.2000,3772.4000,3772.6000,3772.8000,3773.4000,2,1,2,1,3,1,1,1,1,2
SF,IF2007,2020-05-27 09:57:49.200,3772.0000,7855,0,872877720.000,0,-,-,-,-,3771.6000,3771.4000,3771.0000,3770.4000,3770.2000,3771.8000,3772.0000,3772.2000,3772.4000,3772.6000,2,1,2,1,3,1,1,1,1,1
SF,IF2007,2020-05-27 09:57:49.700,3771.8000,7856,1,874009260.000,1,1,0,双开,S,3771.6000,3771.4000,3771.0000,3770.4000,3770.2000,3772.2000,3772.4000,3772.6000,3773.4000,3775.2000,2,1,2,1,3,1,1,1,2,1
SF,IF2007,2020-05-27 09:57:50.200,3771.8000,7856,0,874009260.000,0,-,-,-,-,3771.6000,3771.4000,3771.0000,3770.4000,3770.2000,3771.8000,3772.2000,3772.4000,3772.6000,3773.4000,2,1,2,1,3,1,1,1,1,2
SF,IF2007,2020-05-27 09:57:50.700,3771.8000,7855,-1,875140800.000,1,0,1,双平,S,3771.6000,3771.4000,3771.0000,3770.4000,3770.2000,3772.2000,3772.4000,3772.6000,3773.4000,3775.2000,2,1,2,1,3,1,1,1,2,1
SF,IF2007,2020-05-27 09:57:51.200,3771.8000,7855,0,875140800.000,0,-,-,-,-,3771.6000,3771.4000,3771.0000,3770.4000,3770.2000,3771.8000,3772.0000,3772.2000,3772.4000,3772.6000,2,1,2,1,3,1,1,1,1,1
SF,IF2007,2020-05-27 09:57:51.700,3771.8000,7855,0,876272340.000,1,0,1,多换,S,3771.6000,3771.4000,3771.0000,3770.4000,3770.2000,3772.2000,3772.4000,3772.6000,3773.4000,3775.2000,2,1,2,1,3,1,1,1,2,1
SF,IF2007,2020-05-27 09:57:52.200,3771.8000,7855,0,876272340.000,0,-,-,-,-,3771.6000,3771.4000,3771.0000,3770.4000,3770.2000,3772.0000,3772.2000,3772.4000,3772.6000,3773.4000,2,1,2,1,3,1,1,1,1,2
SF,IF2007,2020-05-27 09:57:52.700,3771.8000,7855,0,878535480.000,2,1,1,多换,S,3771.6000,3771.4000,3771.0000,3770.4000,3770.2000,3772.2000,3772.4000,3772.6000,3773.4000,3775.2000,2,1,2,1,3,1,1,1,2,1
SF,IF2007,2020-05-27 09:57:53.200,3771.8000,7855,0,878535480.000,0,-,-,-,-,3771.6000,3771.4000,3771.0000,3770.4000,3770.2000,3772.4000,3772.6000,3773.4000,3775.2000,3781.0000,2,1,2,1,3,1,1,2,1,1
SF,IF2007,2020-05-27 09:57:53.700,3771.8000,7855,0,878535480.000,0,-,-,-,-,3771.8000,3771.6000,3771.4000,3771.0000,3770.4000,3772.6000,3773.4000,3775.2000,3781.0000,3782.8000,1,2,1,2,1,1,2,1,1,2
SF,IF2007,2020-05-27 09:57:56.700,3771.8000,7855,0,878535480.000,0,-,-,-,-,3771.8000,3771.6000,3771.4000,3771.0000,3770.4000,3772.2000,3772.4000,3772.6000,3773.4000,3775.2000,1,2,1,2,1,1,1,1,2,1
SF,IF2007,2020-05-27 09:57:58.700,3771.8000,7854,-1,879667020.000,1,0,1,双平,S,3771.6000,3771.4000,3771.0000,3770.4000,3770.2000,3772.2000,3772.4000,3772.6000,3773.4000,3775.2000,2,1,2,1,3,1,1,1,2,1
SF,IF2007,2020-05-27 09:58:02.700,3772.4000,7854,0,881930400.000,2,1,1,多换,S,3771.6000,3771.4000,3771.0000,3770.4000,3770.2000,3772.6000,3773.4000,3775.2000,3781.0000,3782.8000,2,1,2,1,3,1,2,1,1,2
SF,IF2007,2020-05-27 09:58:03.200,3772.4000,7854,0,881930400.000,0,-,-,-,-,3771.8000,3771.6000,3771.4000,3771.0000,3770.4000,3772.0000,3772.6000,3773.4000,3775.2000,3781.0000,3,2,1,2,1,1,1,2,1,1
SF,IF2007,2020-05-27 09:58:03.700,3772.0000,7853,-1,883062000.000,1,0,1,双平,S,3772.2000,3771.8000,3771.6000,3771.4000,3771.0000,3772.4000,3772.6000,3773.4000,3775.2000,3781.0000,1,2,2,1,2,1,1,2,1,1
SF,IF2007,2020-05-27 09:58:04.200,3772.4000,7853,0,884193720.000,1,0,1,多换,S,3771.8000,3771.6000,3771.4000,3771.0000,3770.4000,3772.6000,3773.4000,3775.2000,3781.0000,3782.8000,2,2,1,2,1,1,2,1,1,2
SF,IF2007,2020-05-27 09:58:04.700,3773.4000,7852,-1,886457520.000,2,0,2,多平,S,3772.0000,3771.8000,3771.6000,3771.4000,3771.0000,3773.4000,3775.2000,3781.0000,3782.8000,3783.0000,1,2,2,1,2,1,1,1,2,1
SF,IF2007,2020-05-27 09:58:05.200,3773.4000,7852,0,886457520.000,0,-,-,-,-,3772.4000,3772.2000,3771.8000,3771.6000,3771.4000,3773.2000,3773.4000,3775.2000,3781.0000,3782.8000,1,2,1,2,1,1,1,1,1,2
SF,IF2007,2020-05-27 09:58:05.700,3773.4000,7852,0,886457520.000,0,-,-,-,-,3772.6000,3772.4000,3772.2000,3771.8000,3771.6000,3773.4000,3775.2000,3781.0000,3782.8000,3783.0000,1,1,2,1,2,1,1,1,2,1
SF,IF2007,2020-05-27 09:58:06.200,3772.8000,7852,0,887589360.000,1,0,1,多换,S,3772.6000,3772.2000,3771.8000,3771.6000,3771.4000,3773.4000,3775.2000,3781.0000,3782.8000,3783.0000,1,2,1,2,1,1,1,1,2,1
SF,IF2007,2020-05-27 09:58:06.700,3773.4000,7852,0,888721380.000,1,0,1,多换,S,3773.6000,3772.8000,3772.6000,3771.8000,3771.6000,3775.2000,3781.0000,3782.8000,3783.0000,3785.0000,1,2,1,1,2,1,1,2,1,12
SF,IF2007,2020-05-27 09:58:07.200,3773.4000,7852,0,888721380.000,0,-,-,-,-,3772.8000,3772.6000,3771.8000,3771.6000,3771.4000,3774.2000,3774.4000,3774.6000,3774.8000,3775.0000,1,1,1,2,1,1,1,1,3,5
SF,IF2007,2020-05-27 09:58:07.700,3773.4000,7852,0,888721380.000,0,-,-,-,-,3773.0000,3772.8000,3772.6000,3771.8000,3771.6000,3774.0000,3774.6000,3774.8000,3775.0000,3775.2000,2,1,1,1,2,2,1,1,4,1
SF,IF2007,2020-05-27 09:58:08.200,3773.4000,7852,0,888721380.000,0,-,-,-,-,3773.0000,3772.8000,3772.6000,3771.8000,3771.6000,3774.0000,3774.6000,3774.8000,3775.0000,3775.2000,2,1,1,1,2,2,1,1,3,1
SF,IF2007,2020-05-27 09:58:08.700,3773.4000,7852,0,888721380.000,0,-,-,-,-,3773.0000,3772.8000,3772.6000,3771.8000,3771.6000,3774.0000,3774.6000,3774.8000,3775.0000,3775.2000,2,1,1,1,2,3,1,1,3,1
SF,IF2007,2020-05-27 09:58:09.700,3774.0000,7854,2,892117980.000,3,2,1,空开,S,3773.2000,3773.0000,3772.8000,3772.6000,3771.8000,3774.6000,3774.8000,3775.0000,3775.2000,3781.0000,1,2,1,1,1,1,1,3,1,1
SF,IF2007,2020-05-27 09:58:10.200,3773.4000,7854,0,893250000.000,1,0,1,多换,S,3773.2000,3773.0000,3772.8000,3772.6000,3771.6000,3773.6000,3774.2000,3774.4000,3774.8000,3775.0000,1,2,1,1,2,1,2,4,1,2
SF,IF2007,2020-05-27 09:58:10.700,3773.4000,7851,-3,896646060.000,3,0,3,双平,S,3773.0000,3772.8000,3771.6000,3771.4000,3771.0000,3774.2000,3774.4000,3774.8000,3775.0000,3775.2000,2,1,2,1,2,1,2,1,2,1
SF,IF2007,2020-05-27 09:58:11.200,3773.4000,7851,0,896646060.000,0,-,-,-,-,3773.0000,3772.8000,3771.6000,3771.4000,3771.0000,3774.0000,3774.2000,3774.4000,3774.8000,3775.0000,1,1,2,1,2,3,1,1,1,2
SF,IF2007,2020-05-27 09:58:11.700,3773.4000,7851,0,896646060.000,0,-,-,-,-,3772.8000,3771.6000,3771.4000,3771.0000,3770.4000,3773.4000,3773.6000,3773.8000,3774.0000,3774.8000,1,2,1,2,1,1,1,4,2,1
SF,IF2007,2020-05-27 09:58:12.200,3773.4000,7851,0,896646060.000,0,-,-,-,-,3772.8000,3771.6000,3771.4000,3771.0000,3770.4000,3773.4000,3773.8000,3774.0000,3774.8000,3775.0000,1,2,1,2,1,1,3,2,1,2
SF,IF2007,2020-05-27 09:58:12.700,3773.4000,7851,0,896646060.000,0,-,-,-,-,3772.8000,3771.6000,3771.4000,3771.0000,3770.4000,3773.2000,3773.4000,3773.8000,3774.0000,3774.8000,1,2,1,2,1,1,1,2,2,1
SF,IF2007,2020-05-27 09:58:13.200,3773.4000,7851,0,896646060.000,0,-,-,-,-,3771.6000,3771.4000,3771.0000,3770.4000,3770.2000,3773.2000,3773.4000,3773.8000,3774.0000,3774.8000,2,1,2,1,3,1,1,2,2,1
SF,IF2007,2020-05-27 09:58:13.700,3773.4000,7851,0,896646060.000,0,-,-,-,-,3772.2000,3772.0000,3771.8000,3771.6000,3771.4000,3773.2000,3773.4000,3773.8000,3774.0000,3774.8000,1,1,3,2,1,1,1,2,2,1
SF,IF2007,2020-05-27 09:58:14.200,3773.4000,7851,0,896646060.000,0,-,-,-,-,3772.4000,3772.2000,3772.0000,3771.8000,3771.6000,3773.4000,3773.8000,3774.0000,3774.8000,3775.0000,1,1,1,2,2,1,2,2,1,2
SF,IF2007,2020-05-27 09:58:14.700,3773.4000,7851,0,896646060.000,0,-,-,-,-,3772.6000,3772.4000,3772.0000,3771.8000,3771.6000,3773.4000,3773.8000,3774.0000,3774.8000,3775.0000,1,1,1,2,2,2,2,2,1,2
SF,IF2007,2020-05-27 09:58:15.200,3773.4000,7851,0,896646060.000,0,-,-,-,-,3772.6000,3772.4000,3771.8000,3771.6000,3771.4000,3773.4000,3773.8000,3774.0000,3774.8000,3775.0000,1,1,2,2,1,1,2,2,1,2
SF,IF2007,2020-05-27 09:58:15.700,3773.4000,7851,0,896646060.000,0,-,-,-,-,3772.8000,3772.6000,3771.8000,3771.6000,3771.4000,3773.4000,3773.8000,3774.0000,3774.8000,3775.0000,2,1,2,2,1,2,2,1,1,2
SF,IF2007,2020-05-27 09:58:16.200,3773.4000,7850,-1,897778080.000,1,0,1,双平,S,3773.0000,3772.8000,3772.6000,3771.8000,3771.6000,3773.8000,3774.0000,3774.8000,3775.0000,3775.2000,1,2,1,2,2,2,1,1,2,1
SF,IF2007,2020-05-27 09:58:16.700,3773.4000,7850,0,897778080.000,0,-,-,-,-,3773.2000,3773.0000,3772.8000,3771.8000,3771.6000,3774.0000,3774.8000,3775.0000,3775.2000,3781.0000,3,1,1,2,2,1,1,2,1,1
SF,IF2007,2020-05-27 09:58:17.200,3773.4000,7850,0,897778080.000,0,-,-,-,-,3773.4000,3773.2000,3772.8000,3771.8000,3771.6000,3774.0000,3774.8000,3775.0000,3775.2000,3781.0000,1,3,1,3,2,1,1,2,1,1
SF,IF2007,2020-05-27 09:58:19.200,3774.0000,7851,1,898910280.000,1,1,0,双开,S,3773.4000,3773.2000,3772.8000,3771.8000,3771.6000,3774.8000,3775.0000,3775.2000,3781.0000,3782.8000,1,3,1,3,2,1,2,1,1,2
SF,IF2007,2020-05-27 09:58:19.700,3774.0000,7851,0,898910280.000,0,-,-,-,-,3773.6000,3773.4000,3773.2000,3772.8000,3771.8000,3774.6000,3774.8000,3775.0000,3781.0000,3782.8000,2,1,1,1,2,1,1,2,1,2
SF,IF2007,2020-05-27 09:58:20.200,3774.0000,7851,0,898910280.000,0,-,-,-,-,3773.6000,3773.4000,3773.2000,3771.8000,3771.6000,3774.2000,3774.6000,3774.8000,3775.0000,3781.0000,2,1,1,2,2,1,1,1,2,1
SF,IF2007,2020-05-27 09:58:22.200,3774.0000,7851,0,898910280.000,0,-,-,-,-,3773.6000,3773.4000,3773.2000,3771.8000,3771.6000,3774.2000,3774.6000,3774.8000,3775.0000,3781.0000,2,1,1,1,2,1,1,1,2,1
SF,IF2007,2020-05-27 09:58:23.700,3774.0000,7851,0,898910280.000,0,-,-,-,-,3773.8000,3773.6000,3773.2000,3771.8000,3771.6000,3774.2000,3774.6000,3774.8000,3775.0000,3781.0000,1,2,1,1,2,1,1,1,2,1
SF,IF2007,2020-05-27 09:58:24.700,3773.8000,7850,-1,900042420.000,1,0,1,双平,S,3773.6000,3771.8000,3771.6000,3771.0000,3770.4000,3774.2000,3774.6000,3774.8000,3775.0000,3781.0000,2,1,2,2,1,1,1,1,2,1
SF,IF2007,2020-05-27 09:58:25.200,3773.6000,7852,2,902306580.000,2,2,0,双开,S,3771.8000,3771.6000,3771.0000,3770.4000,3770.2000,3774.0000,3774.2000,3774.4000,3774.6000,3774.8000,1,2,2,1,3,1,1,1,1,1
SF,IF2007,2020-05-27 09:58:25.700,3773.6000,7852,0,902306580.000,0,-,-,-,-,3772.8000,3772.4000,3772.0000,3771.8000,3771.6000,3773.6000,3773.8000,3774.2000,3774.8000,3775.0000,1,1,1,1,2,1,1,1,1,2
SF,IF2007,2020-05-27 09:58:26.200,3773.6000,7852,0,902306580.000,0,-,-,-,-,3772.8000,3772.4000,3772.0000,3771.8000,3771.6000,3773.6000,3773.8000,3774.2000,3774.8000,3775.0000,1,1,1,1,2,2,1,1,1,2
SF,IF2007,2020-05-27 09:58:27.200,3773.6000,7852,0,902306580.000,0,-,-,-,-,3772.8000,3772.0000,3771.8000,3771.6000,3771.0000,3773.6000,3773.8000,3774.2000,3774.8000,3775.0000,1,1,1,2,1,2,1,1,1,2
SF,IF2007,2020-05-27 09:58:27.700,3773.6000,7852,0,902306580.000,0,-,-,-,-,3772.0000,3771.8000,3771.6000,3771.0000,3770.4000,3773.2000,3773.8000,3774.2000,3774.8000,3775.0000,1,1,2,1,1,1,1,1,1,2
SF,IF2007,2020-05-27 09:58:28.200,3773.6000,7852,0,902306580.000,0,-,-,-,-,3772.4000,3772.2000,3772.0000,3771.8000,3771.6000,3773.2000,3773.8000,3774.2000,3774.8000,3775.0000,1,2,1,1,2,2,1,1,1,2
SF,IF2007,2020-05-27 09:58:28.700,3773.6000,7852,0,902306580.000,0,-,-,-,-,3772.4000,3772.2000,3772.0000,3771.8000,3771.6000,3773.2000,3773.8000,3774.2000,3774.8000,3775.0000,1,2,1,1,2,1,1,1,1,2
SF,IF2007,2020-05-27 09:58:29.200,3773.6000,7852,0,902306580.000,0,-,-,-,-,3772.4000,3772.2000,3772.0000,3771.8000,3771.6000,3773.2000,3773.6000,3773.8000,3774.2000,3774.8000,1,1,1,1,2,1,1,1,1,1
SF,IF2007,2020-05-27 09:58:30.200,3773.2000,7851,-1,903438540.000,1,0,1,双平,S,3772.8000,3772.4000,3772.2000,3772.0000,3771.8000,3773.6000,3773.8000,3774.2000,3774.8000,3775.0000,2,1,1,1,1,1,1,1,1,2
SF,IF2007,2020-05-27 09:58:30.700,3773.2000,7851,0,903438540.000,0,-,-,-,-,3772.8000,3772.4000,3772.0000,3771.8000,3771.6000,3773.6000,3773.8000,3774.2000,3774.8000,3775.0000,2,1,1,1,2,1,1,1,1,2
SF,IF2007,2020-05-27 09:58:33.700,3772.8000,7850,-1,904570380.000,1,0,1,双平,S,3772.8000,3772.4000,3772.0000,3771.8000,3771.6000,3773.6000,3773.8000,3774.2000,3774.8000,3775.0000,1,1,1,1,2,1,1,1,1,2
SF,IF2007,2020-05-27 09:58:35.700,3772.8000,7850,0,904570380.000,0,-,-,-,-,3772.8000,3772.6000,3772.4000,3772.0000,3771.8000,3773.6000,3773.8000,3774.2000,3774.8000,3775.0000,1,1,1,1,1,1,1,1,1,2
SF,IF2007,2020-05-27 09:58:36.200,3772.8000,7850,0,904570380.000,0,-,-,-,-,3772.8000,3772.6000,3772.4000,3772.0000,3771.8000,3773.8000,3774.2000,3774.8000,3775.0000,3781.0000,1,1,1,1,1,1,1,1,2,1
SF,IF2007,2020-05-27 09:58:37.200,3772.8000,7850,0,904570380.000,0,-,-,-,-,3772.8000,3772.6000,3772.4000,3772.0000,3771.8000,3773.8000,3774.2000,3774.8000,3775.0000,3781.0000,1,1,1,2,1,1,1,1,2,1
SF,IF2007,2020-05-27 09:58:38.200,3772.8000,7850,0,904570380.000,0,-,-,-,-,3772.8000,3772.6000,3772.0000,3771.8000,3771.6000,3773.8000,3774.2000,3774.8000,3775.0000,3781.0000,1,1,2,1,2,1,1,1,2,1
SF,IF2007,2020-05-27 09:58:38.700,3772.8000,7850,0,904570380.000,0,-,-,-,-,3773.0000,3772.8000,3772.6000,3772.0000,3771.8000,3773.8000,3774.2000,3774.8000,3775.0000,3781.0000,1,1,1,1,1,1,1,1,2,1
SF,IF2007,2020-05-27 09:58:39.200,3772.8000,7850,0,904570380.000,0,-,-,-,-,3773.2000,3773.0000,3772.6000,3772.0000,3771.8000,3774.2000,3774.8000,3775.0000,3781.0000,3782.8000,1,1,1,1,1,1,1,2,1,2
SF,IF2007,2020-05-27 09:58:41.200,3772.8000,7850,0,904570380.000,0,-,-,-,-,3773.4000,3773.2000,3773.0000,3772.0000,3771.8000,3774.2000,3774.8000,3775.0000,3781.0000,3782.8000,1,1,1,1,1,1,1,2,1,2
SF,IF2007,2020-05-27 09:58:42.200,3772.8000,7850,0,904570380.000,0,-,-,-,-,3773.2000,3773.0000,3772.0000,3771.8000,3771.6000,3774.2000,3774.8000,3775.0000,3781.0000,3782.8000,1,1,1,1,2,1,1,2,1,2
SF,IF2007,2020-05-27 09:58:45.200,3772.8000,7850,0,904570380.000,0,-,-,-,-,3773.2000,3773.0000,3772.0000,3771.8000,3771.6000,3774.0000,3774.2000,3774.8000,3775.0000,3781.0000,1,1,1,1,2,1,1,1,2,1
SF,IF2007,2020-05-27 09:58:46.200,3772.8000,7850,0,904570380.000,0,-,-,-,-,3773.2000,3773.0000,3772.0000,3771.8000,3771.6000,3773.8000,3774.0000,3774.2000,3774.8000,3775.0000,1,1,1,1,2,1,1,1,1,2
SF,IF2007,2020-05-27 09:58:46.700,3772.8000,7850,0,904570380.000,0,-,-,-,-,3773.2000,3773.0000,3772.0000,3771.8000,3771.6000,3773.8000,3774.0000,3774.2000,3774.8000,3775.0000,1,1,1,1,2,2,1,1,1,2
SF,IF2007,2020-05-27 09:58:51.700,3772.8000,7850,0,904570380.000,0,-,-,-,-,3773.0000,3772.0000,3771.8000,3771.6000,3771.4000,3773.8000,3774.0000,3774.2000,3774.8000,3775.0000,1,1,1,2,1,2,1,1,1,2
SF,IF2007,2020-05-27 09:58:52.200,3772.8000,7850,0,904570380.000,0,-,-,-,-,3773.0000,3772.0000,3771.8000,3771.6000,3771.4000,3774.0000,3774.2000,3774.8000,3775.0000,3781.0000,1,1,1,2,1,1,1,1,2,1
SF,IF2007,2020-05-27 09:58:54.700,3773.0000,7850,0,905702280.000,1,0,1,多换,S,3772.0000,3771.8000,3771.6000,3771.4000,3771.0000,3774.0000,3774.2000,3774.8000,3775.0000,3781.0000,1,1,2,1,1,1,1,1,2,1
SF,IF2007,2020-05-27 09:58:55.200,3773.0000,7850,0,905702280.000,0,-,-,-,-,3772.8000,3772.6000,3772.4000,3772.2000,3772.0000,3773.8000,3774.0000,3774.2000,3774.8000,3775.0000,1,2,3,2,1,1,1,1,1,2
SF,IF2007,2020-05-27 09:58:55.700,3773.0000,7850,0,905702280.000,0,-,-,-,-,3773.0000,3772.8000,3772.4000,3772.2000,3772.0000,3773.8000,3774.0000,3774.2000,3774.8000,3775.0000,2,1,2,2,1,1,1,1,1,2
SF,IF2007,2020-05-27 09:58:56.200,3773.0000,7850,0,905702280.000,0,-,-,-,-,3773.0000,3772.8000,3772.4000,3772.2000,3772.0000,3773.8000,3774.0000,3774.2000,3774.8000,3775.0000,2,1,1,2,1,2,1,1,1,2
SF,IF2007,2020-05-27 09:58:56.700,3773.0000,7850,0,905702280.000,0,-,-,-,-,3773.2000,3773.0000,3772.8000,3772.4000,3772.2000,3773.8000,3774.2000,3774.8000,3775.0000,3781.0000,1,2,1,1,3,2,1,1,2,1
SF,IF2007,2020-05-27 09:58:57.200,3773.0000,7850,0,905702280.000,0,-,-,-,-,3773.2000,3773.0000,3772.8000,3772.4000,3772.2000,3773.8000,3774.2000,3774.8000,3775.0000,3781.0000,1,2,1,1,3,1,1,1,2,1
SF,IF2007,2020-05-27 09:58:57.700,3773.8000,7850,0,906834420.000,1,0,1,多换,S,3773.2000,3773.0000,3772.8000,3772.4000,3772.2000,3774.2000,3774.8000,3775.0000,3781.0000,3782.8000,1,2,1,1,3,1,1,2,1,2
SF,IF2007,2020-05-27 09:58:58.200,3773.8000,7850,0,906834420.000,0,-,-,-,-,3773.4000,3773.2000,3773.0000,3772.8000,3772.4000,3774.2000,3774.8000,3775.0000,3781.0000,3782.8000,1,1,2,1,1,1,1,2,1,2
SF,IF2007,2020-05-27 09:58:58.700,3773.8000,7850,0,906834420.000,0,-,-,-,-,3773.4000,3773.2000,3773.0000,3772.8000,3772.4000,3774.2000,3774.8000,3775.0000,3781.0000,3782.8000,1,1,1,1,1,1,1,2,1,2
SF,IF2007,2020-05-27 09:58:59.200,3774.2000,7850,0,907966680.000,1,0,1,多换,S,3773.4000,3773.2000,3773.0000,3772.8000,3772.4000,3774.8000,3775.0000,3781.0000,3782.8000,3783.0000,1,1,1,1,1,1,2,1,2,1
SF,IF2007,2020-05-27 09:58:59.700,3774.2000,7850,0,907966680.000,0,-,-,-,-,3773.4000,3773.2000,3772.8000,3772.4000,3772.2000,3774.4000,3774.6000,3774.8000,3775.0000,3781.0000,1,1,1,1,2,1,1,1,2,1
SF,IF2007,2020-05-27 09:59:00.200,3774.2000,7850,0,907966680.000,0,-,-,-,-,3773.4000,3773.2000,3772.8000,3772.4000,3772.2000,3774.4000,3774.6000,3774.8000,3775.0000,3781.0000,1,1,1,1,2,1,1,1,2,1
SF,IF2007,2020-05-27 09:59:00.700,3774.2000,7850,0,907966680.000,0,-,-,-,-,3773.6000,3773.4000,3773.2000,3772.8000,3772.4000,3774.4000,3774.6000,3775.0000,3781.0000,3782.8000,1,1,1,1,1,1,1,1,1,2
SF,IF2007,2020-05-27 09:59:01.200,3774.2000,7850,0,907966680.000,0,-,-,-,-,3773.6000,3773.4000,3773.2000,3772.8000,3772.4000,3774.4000,3774.6000,3775.0000,3781.0000,3782.8000,1,1,1,1,1,1,1,1,1,2
SF,IF2007,2020-05-27 09:59:02.200,3774.2000,7850,0,907966680.000,0,-,-,-,-,3773.4000,3772.8000,3772.4000,3772.2000,3772.0000,3774.0000,3774.2000,3774.4000,3774.6000,3775.0000,1,1,1,1,1,1,1,1,1,1
SF,IF2007,2020-05-27 09:59:02.700,3774.2000,7850,0,907966680.000,0,-,-,-,-,3772.8000,3772.4000,3772.2000,3772.0000,3771.6000,3774.0000,3774.2000,3774.4000,3774.6000,3775.0000,1,1,1,1,2,1,1,1,1,1
SF,IF2007,2020-05-27 09:59:03.200,3774.2000,7850,0,907966680.000,0,-,-,-,-,3773.0000,3772.8000,3772.4000,3772.2000,3772.0000,3773.8000,3774.0000,3774.2000,3774.4000,3775.0000,1,1,1,1,1,1,2,1,1,1
SF,IF2007,2020-05-27 09:59:03.700,3774.2000,7850,0,907966680.000,0,-,-,-,-,3772.8000,3772.4000,3772.2000,3772.0000,3771.6000,3773.8000,3774.0000,3774.2000,3774.4000,3775.0000,1,1,1,1,2,1,2,1,1,1
SF,IF2007,2020-05-27 09:59:04.200,3774.2000,7850,0,907966680.000,0,-,-,-,-,3772.2000,3772.0000,3771.6000,3771.0000,3770.4000,3773.8000,3774.0000,3774.4000,3775.0000,3781.0000,1,1,2,1,1,1,1,1,1,1
SF,IF2007,2020-05-27 09:59:04.700,3774.2000,7850,0,907966680.000,0,-,-,-,-,3772.4000,3772.2000,3772.0000,3771.6000,3771.0000,3773.8000,3774.0000,3774.4000,3775.0000,3781.0000,3,1,1,2,1,1,1,1,1,1
SF,IF2007,2020-05-27 09:59:06.200,3774.2000,7850,0,907966680.000,0,-,-,-,-,3772.8000,3772.4000,3772.2000,3772.0000,3771.6000,3773.8000,3774.0000,3774.4000,3775.0000,3781.0000,1,2,1,1,2,1,1,1,1,1
SF,IF2007,2020-05-27 09:59:06.700,3774.2000,7850,0,907966680.000,0,-,-,-,-,3773.0000,3772.8000,3772.2000,3772.0000,3771.6000,3774.0000,3774.4000,3775.0000,3781.0000,3782.8000,1,1,1,1,2,1,1,1,1,2
SF,IF2007,2020-05-27 09:59:07.200,3774.2000,7850,0,907966680.000,0,-,-,-,-,3773.0000,3772.8000,3772.2000,3772.0000,3771.6000,3774.0000,3774.4000,3775.0000,3781.0000,3782.8000,1,1,1,1,2,1,1,1,1,2
SF,IF2007,2020-05-27 09:59:07.700,3774.2000,7850,0,907966680.000,0,-,-,-,-,3773.0000,3772.8000,3772.2000,3772.0000,3771.6000,3774.0000,3774.4000,3775.0000,3781.0000,3782.8000,1,1,1,1,2,1,1,1,1,2
SF,IF2007,2020-05-27 09:59:09.200,3774.2000,7850,0,907966680.000,0,-,-,-,-,3773.2000,3773.0000,3772.2000,3772.0000,3771.6000,3774.0000,3774.4000,3775.0000,3781.0000,3782.8000,1,1,1,1,2,1,1,1,1,2
SF,IF2007,2020-05-27 09:59:09.700,3774.2000,7850,0,907966680.000,0,-,-,-,-,3773.2000,3773.0000,3772.2000,3772.0000,3771.6000,3774.0000,3774.4000,3775.0000,3781.0000,3782.8000,1,1,1,1,2,1,1,1,1,2
SF,IF2007,2020-05-27 09:59:11.200,3774.0000,7850,0,909098880.000,1,0,1,多换,S,3773.4000,3773.2000,3773.0000,3772.2000,3772.0000,3774.4000,3775.0000,3781.0000,3782.8000,3783.0000,1,1,1,1,1,1,1,1,2,1
SF,IF2007,2020-05-27 09:59:11.700,3774.4000,7851,1,910231200.000,1,1,0,双开,S,3773.6000,3773.4000,3772.2000,3772.0000,3771.6000,3775.0000,3781.0000,3782.8000,3783.0000,3785.0000,3,1,1,1,2,1,1,2,1,12
SF,IF2007,2020-05-27 09:59:12.200,3774.4000,7851,0,910231200.000,0,-,-,-,-,3774.0000,3773.6000,3772.2000,3772.0000,3771.6000,3776.8000,3781.0000,3782.8000,3783.0000,3785.0000,1,2,1,1,2,1,1,2,1,12
SF,IF2007,2020-05-27 09:59:12.700,3774.4000,7851,0,910231200.000,0,-,-,-,-,3774.4000,3774.2000,3772.2000,3772.0000,3771.6000,3775.2000,3775.6000,3775.8000,3776.0000,3776.2000,1,3,1,1,2,1,1,1,2,2
SF,IF2007,2020-05-27 09:59:13.200,3774.4000,7851,0,910231200.000,0,-,-,-,-,3774.4000,3774.2000,3772.2000,3772.0000,3771.6000,3775.2000,3775.6000,3775.8000,3776.0000,3776.6000,1,3,1,1,2,1,1,1,1,6
SF,IF2007,2020-05-27 09:59:13.700,3774.4000,7851,0,910231200.000,0,-,-,-,-,3774.4000,3774.2000,3772.2000,3772.0000,3771.6000,3775.2000,3775.6000,3775.8000,3776.0000,3776.6000,1,2,1,1,2,1,1,1,1,6
SF,IF2007,2020-05-27 09:59:14.200,3774.4000,7851,0,910231200.000,0,-,-,-,-,3774.4000,3774.2000,3772.2000,3772.0000,3771.6000,3775.2000,3775.6000,3775.8000,3776.0000,3776.6000,1,2,1,1,2,1,1,1,1,5
SF,IF2007,2020-05-27 09:59:15.200,3774.4000,7851,0,910231200.000,0,-,-,-,-,3774.4000,3774.2000,3772.2000,3772.0000,3771.6000,3775.2000,3775.6000,3775.8000,3776.0000,3776.6000,1,2,1,1,2,1,1,1,1,4
SF,IF2007,2020-05-27 09:59:15.700,3774.4000,7851,0,910231200.000,0,-,-,-,-,3774.4000,3774.2000,3772.2000,3772.0000,3771.6000,3775.2000,3775.6000,3776.0000,3776.6000,3781.0000,1,2,1,1,2,1,2,1,4,1
SF,IF2007,2020-05-27 09:59:16.200,3774.4000,7851,0,910231200.000,0,-,-,-,-,3774.4000,3774.2000,3772.2000,3772.0000,3771.6000,3775.6000,3776.0000,3776.6000,3781.0000,3782.8000,1,2,1,1,2,2,1,4,1,2
SF,IF2007,2020-05-27 09:59:16.700,3774.4000,7850,-1,911363520.000,1,0,1,双平,S,3774.2000,3772.2000,3772.0000,3771.6000,3771.0000,3775.4000,3775.6000,3776.0000,3776.6000,3781.0000,2,1,1,2,1,1,2,1,3,1
SF,IF2007,2020-05-27 09:59:17.200,3774.4000,7850,0,911363520.000,0,-,-,-,-,3774.2000,3772.2000,3772.0000,3771.6000,3771.0000,3775.2000,3775.4000,3775.6000,3776.6000,3781.0000,2,1,1,2,1,2,1,2,3,1
SF,IF2007,2020-05-27 09:59:17.700,3774.4000,7850,0,911363520.000,0,-,-,-,-,3774.2000,3772.2000,3772.0000,3771.6000,3771.0000,3775.2000,3775.4000,3775.6000,3776.6000,3781.0000,2,1,1,2,1,1,1,2,3,1
SF,IF2007,2020-05-27 09:59:18.200,3774.4000,7850,0,911363520.000,0,-,-,-,-,3774.2000,3773.0000,3772.2000,3772.0000,3771.6000,3775.2000,3775.4000,3775.6000,3776.6000,3781.0000,2,1,1,1,2,2,1,2,3,1
SF,IF2007,2020-05-27 09:59:19.200,3774.2000,7851,1,913628040.000,2,1,1,空开,S,3773.0000,3772.2000,3772.0000,3771.6000,3771.0000,3775.2000,3775.4000,3775.6000,3776.6000,3781.0000,1,1,1,2,1,2,1,2,3,1
SF,IF2007,2020-05-27 09:59:19.700,3774.2000,7851,0,913628040.000,0,-,-,-,-,3774.0000,3773.6000,3773.2000,3773.0000,3772.0000,3775.0000,3775.2000,3775.6000,3776.6000,3781.0000,1,2,3,2,1,2,1,1,3,1
SF,IF2007,2020-05-27 09:59:20.200,3774.2000,7851,0,913628040.000,0,-,-,-,-,3774.2000,3774.0000,3773.6000,3773.2000,3773.0000,3775.0000,3775.2000,3775.6000,3776.6000,3781.0000,1,1,2,3,2,2,1,1,3,1
SF,IF2007,2020-05-27 09:59:20.700,3774.2000,7851,0,913628040.000,0,-,-,-,-,3774.2000,3774.0000,3773.6000,3773.2000,3773.0000,3775.0000,3775.2000,3775.6000,3776.6000,3781.0000,1,1,2,3,6,2,1,1,3,1
SF,IF2007,2020-05-27 09:59:21.200,3774.2000,7850,-1,914760300.000,1,0,1,双平,S,3774.0000,3773.6000,3773.2000,3773.0000,3772.0000,3775.0000,3775.2000,3775.6000,3776.6000,3781.0000,1,2,2,6,1,2,1,1,3,1
SF,IF2007,2020-05-27 09:59:21.700,3774.2000,7850,0,914760300.000,0,-,-,-,-,3774.0000,3773.6000,3773.2000,3773.0000,3772.0000,3775.0000,3775.2000,3775.6000,3776.6000,3781.0000,1,2,2,6,1,2,1,1,3,1
SF,IF2007,2020-05-27 09:59:22.200,3774.2000,7850,0,914760300.000,0,-,-,-,-,3773.2000,3773.0000,3772.0000,3771.6000,3771.0000,3774.8000,3775.0000,3775.6000,3776.6000,3781.0000,2,5,1,2,2,1,2,1,3,1
SF,IF2007,2020-05-27 09:59:22.700,3774.2000,7850,0,914760300.000,0,-,-,-,-,3773.6000,3773.2000,3773.0000,3772.0000,3771.6000,3774.6000,3774.8000,3775.0000,3775.6000,3776.6000,1,2,5,1,2,1,1,1,1,3
SF,IF2007,2020-05-27 09:59:23.200,3774.2000,7850,0,914760300.000,0,-,-,-,-,3773.8000,3773.6000,3773.2000,3773.0000,3772.0000,3774.4000,3774.6000,3774.8000,3775.0000,3775.6000,1,1,2,5,1,1,1,1,1,1
SF,IF2007,2020-05-27 09:59:23.700,3774.2000,7850,0,914760300.000,0,-,-,-,-,3773.8000,3773.6000,3773.2000,3773.0000,3772.0000,3774.6000,3774.8000,3775.0000,3775.6000,3776.6000,1,1,2,5,1,1,1,1,1,3
SF,IF2007,2020-05-27 09:59:24.200,3774.2000,7850,0,914760300.000,0,-,-,-,-,3773.8000,3773.6000,3773.2000,3773.0000,3772.0000,3774.6000,3774.8000,3775.0000,3775.6000,3776.6000,1,1,2,5,1,2,1,1,1,3
SF,IF2007,2020-05-27 09:59:24.700,3774.2000,7850,0,914760300.000,0,-,-,-,-,3773.8000,3773.6000,3773.2000,3773.0000,3772.0000,3774.6000,3774.8000,3775.0000,3775.6000,3776.6000,2,1,2,5,1,2,1,1,1,3
SF,IF2007,2020-05-27 09:59:25.200,3774.2000,7850,0,914760300.000,0,-,-,-,-,3773.6000,3773.2000,3773.0000,3772.0000,3771.6000,3774.4000,3774.6000,3775.6000,3776.6000,3781.0000,1,2,5,1,2,2,1,1,3,1
SF,IF2007,2020-05-27 09:59:25.700,3774.2000,7850,0,914760300.000,0,-,-,-,-,3773.6000,3773.2000,3773.0000,3772.0000,3771.6000,3774.4000,3774.6000,3775.6000,3776.6000,3781.0000,1,2,5,1,2,2,1,1,3,1
SF,IF2007,2020-05-27 09:59:26.200,3774.2000,7850,0,914760300.000,0,-,-,-,-,3773.2000,3773.0000,3772.0000,3771.6000,3771.0000,3774.2000,3774.4000,3775.6000,3776.6000,3781.0000,2,6,1,2,2,1,1,1,3,1
SF,IF2007,2020-05-27 09:59:26.700,3774.2000,7850,0,914760300.000,0,-,-,-,-,3773.4000,3773.2000,3773.0000,3772.0000,3771.6000,3774.2000,3774.4000,3775.6000,3776.6000,3781.0000,1,1,6,1,2,1,1,1,3,1
SF,IF2007,2020-05-27 09:59:27.200,3774.2000,7850,0,914760300.000,0,-,-,-,-,3773.4000,3773.2000,3773.0000,3772.0000,3771.6000,3774.2000,3774.4000,3775.6000,3776.6000,3781.0000,1,1,6,1,2,1,1,1,3,1
SF,IF2007,2020-05-27 09:59:27.700,3774.2000,7850,0,914760300.000,0,-,-,-,-,3773.4000,3773.2000,3773.0000,3772.0000,3771.6000,3774.2000,3774.4000,3775.6000,3776.6000,3781.0000,1,1,6,1,2,1,1,1,3,1
SF,IF2007,2020-05-27 09:59:28.200,3774.2000,7850,0,914760300.000,0,-,-,-,-,3773.4000,3773.2000,3773.0000,3772.0000,3771.6000,3774.2000,3774.4000,3775.6000,3776.6000,3781.0000,1,1,6,1,2,1,1,1,3,1
SF,IF2007,2020-05-27 09:59:30.200,3774.2000,7850,0,915892560.000,1,0,1,多换,S,3773.6000,3773.4000,3773.2000,3773.0000,3772.0000,3774.4000,3775.6000,3776.6000,3781.0000,3782.8000,1,1,1,6,1,1,1,3,1,2
SF,IF2007,2020-05-27 09:59:30.700,3774.4000,7849,-1,917024880.000,1,0,1,双平,S,3773.8000,3773.6000,3773.4000,3773.2000,3773.0000,3775.6000,3776.6000,3781.0000,3782.8000,3783.0000,2,1,1,1,6,1,3,1,2,1
SF,IF2007,2020-05-27 09:59:31.200,3774.4000,7849,0,917024880.000,0,-,-,-,-,3774.0000,3773.8000,3773.6000,3773.0000,3772.0000,3774.8000,3775.0000,3775.4000,3775.6000,3776.6000,1,2,1,6,1,1,1,3,1,3
SF,IF2007,2020-05-27 09:59:31.700,3774.4000,7849,0,917024880.000,0,-,-,-,-,3773.8000,3773.6000,3773.0000,3772.0000,3771.6000,3774.6000,3774.8000,3775.0000,3775.4000,3775.6000,1,1,6,1,2,1,1,1,2,1
SF,IF2007,2020-05-27 09:59:32.200,3774.4000,7849,0,917024880.000,0,-,-,-,-,3773.8000,3773.6000,3773.0000,3772.0000,3771.6000,3774.4000,3774.6000,3774.8000,3775.0000,3775.4000,1,1,6,1,2,1,1,1,1,1
SF,IF2007,2020-05-27 09:59:32.700,3774.4000,7849,0,917024880.000,0,-,-,-,-,3773.8000,3773.6000,3773.0000,3772.0000,3771.6000,3774.4000,3774.8000,3775.0000,3775.4000,3775.6000,1,1,6,1,2,1,1,1,1,1
SF,IF2007,2020-05-27 09:59:33.200,3774.4000,7849,0,917024880.000,0,-,-,-,-,3773.8000,3773.6000,3773.0000,3771.6000,3771.0000,3774.8000,3775.0000,3775.4000,3775.6000,3776.6000,1,1,6,2,2,1,1,1,1,3
SF,IF2007,2020-05-27 09:59:33.700,3774.4000,7849,0,917024880.000,0,-,-,-,-,3773.8000,3773.6000,3773.0000,3771.6000,3771.0000,3774.6000,3774.8000,3775.0000,3775.4000,3775.6000,1,1,6,2,2,1,1,1,1,1
SF,IF2007,2020-05-27 09:59:34.700,3774.4000,7849,0,917024880.000,0,-,-,-,-,3774.0000,3773.8000,3773.6000,3773.0000,3771.6000,3774.6000,3774.8000,3775.0000,3775.4000,3775.6000,1,1,1,5,2,1,1,1,1,1
SF,IF2007,2020-05-27 09:59:36.200,3774.4000,7849,0,917024880.000,0,-,-,-,-,3774.0000,3773.8000,3773.6000,3773.0000,3771.6000,3774.6000,3774.8000,3775.0000,3775.4000,3775.6000,1,1,1,6,2,1,1,1,1,1
SF,IF2007,2020-05-27 09:59:37.200,3774.4000,7849,0,917024880.000,0,-,-,-,-,3774.2000,3774.0000,3773.8000,3773.6000,3773.0000,3774.6000,3774.8000,3775.0000,3775.4000,3775.6000,1,1,1,1,6,1,1,1,1,1
SF,IF2007,2020-05-27 09:59:37.700,3774.4000,7849,0,917024880.000,0,-,-,-,-,3774.2000,3774.0000,3773.6000,3773.0000,3771.6000,3774.8000,3775.0000,3775.4000,3775.6000,3776.6000,1,1,1,6,2,1,1,1,1,3
SF,IF2007,2020-05-27 09:59:38.200,3774.4000,7849,0,917024880.000,0,-,-,-,-,3774.2000,3774.0000,3773.6000,3773.0000,3771.6000,3774.8000,3775.0000,3775.4000,3775.6000,3776.6000,1,1,1,6,2,1,1,1,1,3
SF,IF2007,2020-05-27 09:59:38.700,3774.4000,7849,0,917024880.000,0,-,-,-,-,3774.2000,3774.0000,3773.6000,3773.0000,3771.6000,3774.8000,3775.0000,3775.4000,3775.6000,3776.6000,1,1,1,6,2,1,1,1,1,3
SF,IF2007,2020-05-27 09:59:40.200,3774.4000,7849,0,917024880.000,0,-,-,-,-,3774.2000,3773.6000,3773.0000,3771.6000,3771.0000,3774.8000,3775.0000,3775.4000,3775.6000,3776.6000,1,1,6,2,2,1,1,1,1,3
SF,IF2007,2020-05-27 09:59:41.200,3774.8000,7849,0,918157320.000,1,0,1,多换,S,3773.6000,3773.0000,3771.6000,3771.0000,3770.4000,3774.6000,3775.0000,3775.4000,3775.6000,3776.6000,1,6,2,2,1,1,1,1,1,3
SF,IF2007,2020-05-27 09:59:41.700,3774.8000,7849,0,918157320.000,0,-,-,-,-,3774.0000,3773.8000,3773.6000,3773.0000,3771.6000,3774.6000,3775.0000,3775.4000,3775.6000,3776.6000,1,1,1,6,2,1,1,1,1,3
SF,IF2007,2020-05-27 09:59:42.700,3774.8000,7849,0,918157320.000,0,-,-,-,-,3774.0000,3773.8000,3773.6000,3773.0000,3771.6000,3774.6000,3775.0000,3775.4000,3775.6000,3776.6000,1,2,1,6,2,1,1,1,1,3
SF,IF2007,2020-05-27 09:59:43.200,3774.8000,7849,0,918157320.000,0,-,-,-,-,3774.0000,3773.8000,3773.6000,3773.0000,3771.6000,3775.0000,3775.4000,3775.6000,3776.6000,3781.0000,1,2,1,6,2,1,1,1,3,1
SF,IF2007,2020-05-27 09:59:46.200,3774.8000,7849,0,918157320.000,0,-,-,-,-,3774.0000,3773.8000,3773.6000,3773.0000,3771.6000,3775.0000,3775.4000,3775.6000,3776.6000,3781.0000,1,1,1,6,2,1,1,1,3,1
SF,IF2007,2020-05-27 09:59:46.700,3774.8000,7849,0,918157320.000,0,-,-,-,-,3774.0000,3773.8000,3773.6000,3773.0000,3771.6000,3774.8000,3775.0000,3775.6000,3776.6000,3781.0000,1,1,1,6,2,1,1,1,3,1
SF,IF2007,2020-05-27 09:59:49.200,3774.8000,7849,0,918157320.000,0,-,-,-,-,3774.0000,3773.8000,3773.6000,3773.4000,3773.0000,3774.8000,3775.0000,3775.6000,3776.6000,3781.0000,1,1,1,1,6,1,1,1,3,1
SF,IF2007,2020-05-27 09:59:51.200,3773.8000,7850,1,920421660.000,2,1,1,空开,S,3773.6000,3773.4000,3773.0000,3771.6000,3771.0000,3774.2000,3774.6000,3774.8000,3775.6000,3776.6000,1,1,6,2,2,1,1,1,1,3
SF,IF2007,2020-05-27 09:59:51.700,3773.4000,7850,0,921553680.000,1,0,1,多换,S,3773.0000,3771.6000,3771.0000,3770.4000,3770.2000,3773.8000,3774.0000,3774.4000,3776.6000,3781.0000,6,2,2,1,3,1,1,2,3,1
SF,IF2007,2020-05-27 09:59:52.200,3773.4000,7850,0,921553680.000,0,-,-,-,-,3773.0000,3771.6000,3771.0000,3770.4000,3770.2000,3773.4000,3773.6000,3774.4000,3776.6000,3781.0000,6,2,2,1,3,1,1,2,3,1
SF,IF2007,2020-05-27 09:59:52.700,3773.0000,7851,1,928345080.000,6,3,3,空开,S,3771.6000,3771.0000,3770.4000,3770.2000,3770.0000,3773.4000,3773.6000,3774.4000,3776.6000,3781.0000,2,2,1,3,1,1,1,2,3,1
SF,IF2007,2020-05-27 09:59:53.200,3773.0000,7851,0,928345080.000,0,-,-,-,-,3771.8000,3771.6000,3771.0000,3770.4000,3770.2000,3773.0000,3773.2000,3774.4000,3776.6000,3781.0000,2,2,2,1,3,1,2,2,3,1
SF,IF2007,2020-05-27 09:59:53.700,3773.0000,7850,-1,929476980.000,1,0,1,双平,S,3773.8000,3773.0000,3772.4000,3772.0000,3771.8000,3774.4000,3776.6000,3781.0000,3782.8000,3783.0000,1,1,2,2,2,1,3,1,2,1
SF,IF2007,2020-05-27 09:59:54.200,3772.4000,7848,-2,931740840.000,2,0,2,双平,S,3772.0000,3771.8000,3771.6000,3771.0000,3770.4000,3773.6000,3774.2000,3774.4000,3776.6000,3781.0000,1,2,2,2,1,1,2,1,3,1
SF,IF2007,2020-05-27 09:59:54.700,3772.4000,7848,0,931740840.000,0,-,-,-,-,3772.6000,3772.4000,3772.2000,3772.0000,3771.6000,3774.2000,3774.4000,3776.6000,3781.0000,3782.8000,1,4,2,1,2,2,1,3,1,2
SF,IF2007,2020-05-27 09:59:55.200,3772.4000,7848,0,931740840.000,0,-,-,-,-,3772.8000,3772.6000,3772.4000,3772.0000,3771.6000,3774.0000,3774.2000,3774.4000,3776.6000,3781.0000,2,1,3,1,2,3,2,1,3,1
SF,IF2007,2020-05-27 09:59:55.700,3772.4000,7848,0,931740840.000,0,-,-,-,-,3772.8000,3772.6000,3772.4000,3772.0000,3771.6000,3773.8000,3774.0000,3774.2000,3774.4000,3776.6000,1,1,3,1,2,1,3,1,1,3
SF,IF2007,2020-05-27 09:59:56.200,3772.4000,7848,0,931740840.000,0,-,-,-,-,3772.6000,3772.4000,3772.0000,3771.6000,3771.0000,3773.8000,3774.0000,3774.4000,3776.6000,3781.0000,1,3,1,2,2,1,2,1,3,1
SF,IF2007,2020-05-27 09:59:56.700,3772.4000,7848,0,931740840.000,0,-,-,-,-,3772.6000,3772.4000,3772.0000,3771.6000,3771.0000,3773.6000,3773.8000,3774.0000,3774.4000,3776.6000,1,3,1,2,2,1,1,2,1,3
SF,IF2007,2020-05-27 09:59:57.200,3772.4000,7848,0,931740840.000,0,-,-,-,-,3772.6000,3772.4000,3771.6000,3771.0000,3770.4000,3773.4000,3773.6000,3774.0000,3774.4000,3776.6000,1,3,2,2,1,1,1,2,1,3
SF,IF2007,2020-05-27 09:59:57.700,3772.4000,7848,0,931740840.000,0,-,-,-,-,3772.6000,3772.4000,3771.6000,3771.0000,3770.4000,3773.4000,3773.6000,3774.0000,3774.4000,3776.6000,1,3,2,2,1,2,1,1,1,3
SF,IF2007,2020-05-27 09:59:58.700,3772.4000,7848,0,931740840.000,0,-,-,-,-,3772.4000,3771.6000,3771.0000,3770.4000,3770.2000,3773.2000,3773.4000,3774.0000,3774.4000,3776.6000,3,2,2,1,3,1,2,1,1,3
SF,IF2007,2020-05-27 09:59:59.200,3772.4000,7848,0,931740840.000,0,-,-,-,-,3771.6000,3771.0000,3770.4000,3770.2000,3770.0000,3773.0000,3773.2000,3773.4000,3774.0000,3774.4000,2,2,1,3,1,1,1,1,1,1
SF,IF2007,2020-05-27 09:59:59.700,3772.4000,7848,0,931740840.000,0,-,-,-,-,3771.8000,3771.6000,3771.0000,3770.4000,3770.2000,3773.0000,3773.2000,3774.0000,3774.4000,3776.6000,2,2,2,1,3,1,1,1,1,3
SF,IF2007,2020-05-27 10:00:00.200,3772.4000,7848,0,931740840.000,0,-,-,-,-,3771.8000,3771.6000,3771.0000,3770.4000,3770.2000,3772.8000,3773.0000,3773.2000,3774.0000,3776.6000,1,2,2,1,3,3,1,2,1,3
SF,IF2007,2020-05-27 10:00:00.700,3772.4000,7848,0,931740840.000,0,-,-,-,-,3772.0000,3771.8000,3771.6000,3771.0000,3770.4000,3772.8000,3773.0000,3773.2000,3774.0000,3776.6000,1,1,2,2,1,3,1,1,1,3
SF,IF2007,2020-05-27 10:00:01.200,3772.4000,7848,0,931740840.000,0,-,-,-,-,3771.6000,3771.0000,3770.4000,3770.2000,3770.0000,3771.8000,3772.2000,3772.4000,3773.0000,3773.2000,2,2,1,3,1,1,1,1,1,1
SF,IF2007,2020-05-27 10:00:01.700,3772.4000,7848,0,931740840.000,0,-,-,-,-,3771.6000,3771.0000,3770.4000,3770.2000,3770.0000,3772.2000,3772.4000,3773.0000,3773.2000,3774.0000,2,2,1,3,1,1,1,1,1,1
SF,IF2007,2020-05-27 10:00:02.200,3772.2000,7847,-1,932872500.000,1,0,1,双平,S,3771.8000,3771.6000,3771.0000,3770.4000,3770.2000,3772.2000,3772.4000,3773.0000,3773.2000,3774.0000,1,2,2,1,3,1,1,1,1,1
SF,IF2007,2020-05-27 10:00:02.700,3772.2000,7847,0,934004160.000,1,0,1,多换,S,3771.8000,3771.6000,3771.0000,3770.4000,3770.2000,3772.2000,3773.0000,3773.2000,3774.0000,3776.6000,1,2,2,1,3,1,1,1,1,3
SF,IF2007,2020-05-27 10:00:03.200,3772.2000,7847,0,935135820.000,1,0,1,多换,S,3772.2000,3772.0000,3771.6000,3771.0000,3770.4000,3772.8000,3773.0000,3774.0000,3776.6000,3781.0000,2,1,2,2,1,1,1,1,3,1
SF,IF2007,2020-05-27 10:00:03.700,3772.8000,7848,1,937399500.000,2,1,1,空开,S,3772.2000,3771.6000,3771.0000,3770.4000,3770.2000,3772.8000,3773.0000,3773.6000,3774.0000,3776.6000,1,2,2,1,3,1,1,1,1,3
SF,IF2007,2020-05-27 10:00:04.200,3772.8000,7848,0,937399500.000,0,-,-,-,-,3772.2000,3771.6000,3771.0000,3770.4000,3770.2000,3773.0000,3773.6000,3774.0000,3776.6000,3781.0000,1,2,2,1,3,1,1,1,3,1
SF,IF2007,2020-05-27 10:00:04.700,3773.0000,7849,1,938531400.000,1,1,0,双开,S,3772.2000,3771.6000,3771.0000,3770.4000,3770.2000,3773.4000,3774.0000,3774.2000,3776.6000,3781.0000,1,2,2,1,3,1,1,1,3,1
SF,IF2007,2020-05-27 10:00:05.200,3773.0000,7849,0,938531400.000,0,-,-,-,-,3772.4000,3772.2000,3771.6000,3771.0000,3770.4000,3774.0000,3774.2000,3776.6000,3781.0000,3782.8000,2,1,2,2,1,1,1,3,1,2
SF,IF2007,2020-05-27 10:00:05.700,3773.0000,7849,0,938531400.000,0,-,-,-,-,3772.4000,3772.2000,3771.6000,3771.0000,3770.4000,3773.6000,3773.8000,3774.0000,3774.2000,3776.6000,1,1,2,2,1,2,3,1,1,3
SF,IF2007,2020-05-27 10:00:06.200,3773.0000,7849,0,938531400.000,0,-,-,-,-,3772.4000,3772.2000,3771.6000,3771.0000,3770.4000,3773.4000,3773.6000,3773.8000,3774.0000,3774.2000,1,1,3,2,1,2,2,2,1,1
SF,IF2007,2020-05-27 10:00:06.700,3773.0000,7849,0,938531400.000,0,-,-,-,-,3771.6000,3771.0000,3770.4000,3770.2000,3770.0000,3773.0000,3773.4000,3773.6000,3773.8000,3774.0000,3,2,1,3,1,2,1,1,1,1
SF,IF2007,2020-05-27 10:00:07.200,3773.0000,7849,0,938531400.000,0,-,-,-,-,3771.8000,3771.6000,3771.0000,3770.4000,3770.2000,3772.8000,3773.0000,3773.4000,3774.0000,3774.2000,3,3,2,1,3,1,2,1,1,1
SF,IF2007,2020-05-27 10:00:08.200,3773.0000,7849,0,938531400.000,0,-,-,-,-,3771.8000,3771.6000,3771.0000,3770.4000,3770.2000,3772.6000,3772.8000,3773.4000,3774.0000,3774.2000,1,3,2,1,3,2,1,1,1,1
SF,IF2007,2020-05-27 10:00:10.200,3772.6000,7848,-1,939663180.000,1,0,1,双平,S,3772.6000,3772.0000,3771.8000,3771.6000,3771.0000,3772.8000,3773.4000,3774.0000,3774.2000,3776.6000,1,1,1,3,2,1,1,1,1,3
SF,IF2007,2020-05-27 10:00:10.700,3772.8000,7848,0,940795020.000,1,0,1,多换,S,3772.8000,3772.6000,3772.0000,3771.8000,3771.6000,3773.4000,3774.0000,3774.2000,3776.6000,3781.0000,2,1,1,1,2,1,1,1,3,1
SF,IF2007,2020-05-27 10:00:11.200,3772.8000,7848,0,940795020.000,0,-,-,-,-,3772.8000,3772.6000,3772.0000,3771.8000,3771.6000,3773.2000,3773.4000,3774.0000,3774.2000,3776.6000,2,1,1,1,2,1,1,1,1,3
SF,IF2007,2020-05-27 10:00:11.700,3772.8000,7848,0,940795020.000,0,-,-,-,-,3772.8000,3772.6000,3772.0000,3771.8000,3771.6000,3773.2000,3774.0000,3774.2000,3776.6000,3781.0000,2,1,1,1,2,1,1,1,3,1
SF,IF2007,2020-05-27 10:00:12.200,3773.2000,7846,-2,944190660.000,3,0,3,多平,S,3773.2000,3772.6000,3772.0000,3771.8000,3771.6000,3774.0000,3774.2000,3776.6000,3781.0000,3782.8000,1,1,1,1,2,1,1,3,1,2
SF,IF2007,2020-05-27 10:00:12.700,3773.2000,7846,0,945322620.000,1,0,1,多换,S,3772.6000,3772.0000,3771.8000,3771.6000,3771.0000,3773.8000,3774.0000,3774.2000,3776.6000,3781.0000,1,1,1,2,2,3,1,1,3,1
SF,IF2007,2020-05-27 10:00:13.700,3772.6000,7845,-1,946454400.000,1,0,1,双平,S,3772.0000,3771.8000,3771.6000,3771.0000,3770.4000,3773.4000,3773.8000,3774.0000,3774.2000,3776.6000,1,1,2,2,1,1,2,1,1,3
SF,IF2007,2020-05-27 10:00:14.200,3772.6000,7845,0,946454400.000,0,-,-,-,-,3772.6000,3772.4000,3772.2000,3772.0000,3771.6000,3773.8000,3774.0000,3774.2000,3776.6000,3781.0000,1,1,4,1,2,2,1,1,3,1
SF,IF2007,2020-05-27 10:00:14.700,3772.6000,7845,0,946454400.000,0,-,-,-,-,3772.4000,3772.2000,3772.0000,3771.6000,3771.0000,3773.6000,3773.8000,3774.0000,3774.2000,3776.6000,1,2,1,2,2,2,2,1,1,3
SF,IF2007,2020-05-27 10:00:15.200,3772.6000,7845,0,946454400.000,0,-,-,-,-,3772.2000,3772.0000,3771.6000,3771.0000,3770.4000,3773.4000,3773.6000,3774.0000,3774.2000,3776.6000,1,1,2,2,1,3,2,1,1,3
SF,IF2007,2020-05-27 10:00:15.700,3772.6000,7845,0,946454400.000,0,-,-,-,-,3772.2000,3772.0000,3771.6000,3771.0000,3770.4000,3773.2000,3773.4000,3774.0000,3774.2000,3776.6000,1,1,2,2,1,1,3,1,1,3
SF,IF2007,2020-05-27 10:00:16.200,3772.6000,7845,0,946454400.000,0,-,-,-,-,3772.4000,3772.2000,3771.6000,3771.0000,3770.4000,3773.2000,3773.4000,3774.0000,3774.2000,3776.6000,1,2,2,2,1,1,2,1,1,3
SF,IF2007,2020-05-27 10:00:16.700,3772.6000,7845,0,946454400.000,0,-,-,-,-,3772.6000,3772.4000,3772.2000,3771.6000,3771.0000,3773.4000,3774.0000,3774.2000,3776.6000,3781.0000,1,1,1,2,2,1,1,1,3,1
SF,IF2007,2020-05-27 10:00:17.200,3772.6000,7845,0,946454400.000,0,-,-,-,-,3772.8000,3772.6000,3772.2000,3771.6000,3771.0000,3773.4000,3774.0000,3774.2000,3776.6000,3781.0000,1,1,1,2,2,1,1,1,3,1
SF,IF2007,2020-05-27 10:00:17.700,3772.6000,7845,0,946454400.000,0,-,-,-,-,3772.8000,3772.6000,3771.6000,3771.0000,3770.4000,3773.4000,3774.0000,3774.2000,3776.6000,3781.0000,1,1,2,2,1,1,1,1,3,1
SF,IF2007,2020-05-27 10:00:20.700,3772.6000,7845,0,946454400.000,0,-,-,-,-,3772.8000,3772.6000,3771.6000,3771.0000,3770.4000,3774.0000,3774.2000,3776.6000,3781.0000,3782.8000,1,1,2,2,1,1,1,3,1,2
SF,IF2007,2020-05-27 10:00:21.200,3772.6000,7845,0,946454400.000,0,-,-,-,-,3772.8000,3772.6000,3771.6000,3771.0000,3770.4000,3773.8000,3774.0000,3774.2000,3776.6000,3781.0000,1,1,2,2,1,5,1,1,3,1
SF,IF2007,2020-05-27 10:00:21.700,3772.6000,7845,0,946454400.000,0,-,-,-,-,3772.8000,3772.6000,3771.6000,3771.0000,3770.4000,3773.4000,3773.8000,3774.0000,3774.2000,3776.6000,1,1,2,2,1,1,4,1,1,3
SF,IF2007,2020-05-27 10:00:26.200,3772.8000,7845,0,947586240.000,1,0,1,多换,S,3772.6000,3771.6000,3771.0000,3770.4000,3770.2000,3773.4000,3773.8000,3774.0000,3774.2000,3776.6000,1,2,2,1,3,1,4,1,1,3
SF,IF2007,2020-05-27 10:00:26.700,3772.8000,7845,0,947586240.000,0,-,-,-,-,3771.6000,3771.0000,3770.4000,3770.2000,3770.0000,3773.4000,3773.8000,3774.0000,3774.2000,3776.6000,2,2,1,3,1,1,3,1,1,3
SF,IF2007,2020-05-27 10:00:27.200,3772.8000,7845,0,947586240.000,0,-,-,-,-,3772.2000,3772.0000,3771.8000,3771.6000,3771.0000,3773.2000,3773.4000,3773.8000,3774.0000,3774.2000,1,1,4,2,2,1,1,1,1,1
SF,IF2007,2020-05-27 10:00:27.700,3772.8000,7845,0,947586240.000,0,-,-,-,-,3772.4000,3772.2000,3772.0000,3771.8000,3771.6000,3773.2000,3773.4000,3773.8000,3774.0000,3774.2000,2,1,2,2,2,1,1,1,1,1
SF,IF2007,2020-05-27 10:00:28.200,3772.8000,7845,0,947586240.000,0,-,-,-,-,3772.4000,3772.2000,3772.0000,3771.8000,3771.6000,3773.2000,3773.4000,3773.8000,3774.0000,3774.2000,2,1,2,2,2,1,1,1,1,1
SF,IF2007,2020-05-27 10:00:30.700,3772.8000,7845,0,947586240.000,0,-,-,-,-,3772.4000,3772.2000,3772.0000,3771.8000,3771.6000,3773.2000,3773.4000,3773.8000,3774.0000,3774.2000,2,1,1,1,2,1,1,1,1,1
SF,IF2007,2020-05-27 10:00:32.200,3772.8000,7845,0,947586240.000,0,-,-,-,-,3772.4000,3772.2000,3772.0000,3771.8000,3771.6000,3773.2000,3773.4000,3773.8000,3774.0000,3774.2000,2,1,2,1,2,1,1,1,1,1
SF,IF2007,2020-05-27 10:00:34.700,3772.8000,7845,0,947586240.000,0,-,-,-,-,3772.6000,3772.4000,3772.2000,3772.0000,3771.8000,3773.2000,3773.4000,3773.8000,3774.0000,3774.2000,1,2,1,1,1,1,1,1,1,1
SF,IF2007,2020-05-27 10:00:35.200,3772.8000,7845,0,947586240.000,0,-,-,-,-,3772.4000,3772.2000,3772.0000,3771.8000,3771.6000,3773.2000,3773.4000,3773.8000,3774.0000,3774.2000,2,1,1,1,2,1,1,1,1,1
SF,IF2007,2020-05-27 10:00:36.700,3772.8000,7845,0,947586240.000,0,-,-,-,-,3772.2000,3772.0000,3771.8000,3771.6000,3771.0000,3773.2000,3773.4000,3773.8000,3774.0000,3774.2000,1,1,1,2,2,1,1,1,1,1
SF,IF2007,2020-05-27 10:00:37.200,3772.8000,7845,0,947586240.000,0,-,-,-,-,3772.0000,3771.8000,3771.6000,3771.0000,3770.4000,3773.2000,3773.4000,3773.8000,3774.0000,3774.2000,1,1,2,2,1,1,1,1,1,1
SF,IF2007,2020-05-27 10:00:37.700,3772.8000,7845,0,947586240.000,0,-,-,-,-,3772.2000,3772.0000,3771.6000,3771.0000,3770.4000,3773.2000,3773.4000,3773.8000,3774.0000,3774.2000,1,1,2,2,1,1,1,1,1,1
SF,IF2007,2020-05-27 10:00:38.200,3772.8000,7845,0,947586240.000,0,-,-,-,-,3772.2000,3772.0000,3771.6000,3771.0000,3770.4000,3773.2000,3773.4000,3773.8000,3774.0000,3774.2000,1,2,2,2,1,1,1,1,1,1
SF,IF2007,2020-05-27 10:00:38.700,3772.8000,7845,0,947586240.000,0,-,-,-,-,3772.2000,3772.0000,3771.6000,3771.0000,3770.4000,3773.2000,3773.4000,3774.0000,3774.2000,3776.6000,1,2,2,2,1,1,1,1,1,3
SF,IF2007,2020-05-27 10:00:43.700,3772.8000,7845,0,947586240.000,0,-,-,-,-,3772.2000,3772.0000,3771.6000,3771.0000,3770.4000,3773.0000,3773.2000,3773.4000,3774.0000,3774.2000,1,2,2,2,1,1,1,2,1,1
SF,IF2007,2020-05-27 10:00:44.200,3772.8000,7845,0,947586240.000,0,-,-,-,-,3772.2000,3772.0000,3771.6000,3771.0000,3770.4000,3773.2000,3773.4000,3774.0000,3774.2000,3776.6000,1,2,2,2,1,1,2,1,1,3
SF,IF2007,2020-05-27 10:00:46.200,3772.8000,7845,0,947586240.000,0,-,-,-,-,3772.2000,3772.0000,3771.6000,3771.0000,3770.4000,3773.2000,3773.4000,3774.0000,3774.2000,3776.6000,1,1,2,2,1,1,2,1,1,3
SF,IF2007,2020-05-27 10:00:46.700,3772.8000,7845,0,947586240.000,0,-,-,-,-,3772.2000,3772.0000,3771.6000,3771.0000,3770.4000,3773.0000,3773.2000,3773.4000,3774.0000,3774.2000,1,1,2,2,1,1,1,2,1,1
SF,IF2007,2020-05-27 10:00:47.200,3772.8000,7845,0,947586240.000,0,-,-,-,-,3772.0000,3771.6000,3771.0000,3770.4000,3770.2000,3773.0000,3773.2000,3773.4000,3774.0000,3774.2000,1,2,2,1,5,1,1,2,1,1
SF,IF2007,2020-05-27 10:00:47.700,3772.0000,7846,1,948717840.000,1,1,0,双开,S,3771.6000,3771.0000,3770.4000,3770.2000,3770.0000,3772.8000,3773.0000,3773.4000,3774.0000,3776.6000,2,2,1,5,1,2,2,2,1,3
SF,IF2007,2020-05-27 10:00:48.200,3772.0000,7846,0,948717840.000,0,-,-,-,-,3771.6000,3771.0000,3770.4000,3770.2000,3770.0000,3772.6000,3772.8000,3773.0000,3773.4000,3774.0000,2,2,1,5,1,1,2,2,2,1
SF,IF2007,2020-05-27 10:00:48.700,3771.6000,7848,2,950980800.000,2,2,0,双开,S,3771.0000,3770.4000,3770.2000,3770.0000,3766.6000,3772.4000,3772.6000,3772.8000,3773.0000,3773.4000,2,1,5,1,2,1,1,1,2,2
SF,IF2007,2020-05-27 10:00:49.200,3771.6000,7848,0,950980800.000,0,-,-,-,-,3771.2000,3771.0000,3770.4000,3770.2000,3770.0000,3772.2000,3772.4000,3772.6000,3773.0000,3773.4000,1,2,1,5,1,2,1,1,2,2
SF,IF2007,2020-05-27 10:00:49.700,3771.6000,7848,0,950980800.000,0,-,-,-,-,3771.2000,3771.0000,3770.4000,3770.2000,3770.0000,3772.0000,3772.2000,3772.6000,3773.0000,3773.4000,1,2,1,5,1,1,2,1,2,2
SF,IF2007,2020-05-27 10:00:50.200,3771.6000,7848,0,950980800.000,0,-,-,-,-,3771.0000,3770.4000,3770.2000,3770.0000,3766.6000,3772.0000,3772.2000,3772.6000,3773.0000,3773.4000,1,1,5,1,2,1,2,1,2,2
SF,IF2007,2020-05-27 10:00:50.700,3771.6000,7848,0,950980800.000,0,-,-,-,-,3771.2000,3771.0000,3770.4000,3770.2000,3770.0000,3772.2000,3772.6000,3773.0000,3773.4000,3774.0000,1,1,1,5,1,2,1,1,2,1
SF,IF2007,2020-05-27 10:00:51.200,3771.6000,7848,0,950980800.000,0,-,-,-,-,3771.2000,3771.0000,3770.4000,3770.2000,3770.0000,3772.2000,3773.0000,3773.4000,3774.0000,3776.6000,1,1,1,5,1,2,1,2,1,3
SF,IF2007,2020-05-27 10:00:51.700,3771.6000,7848,0,950980800.000,0,-,-,-,-,3771.0000,3770.4000,3770.2000,3770.0000,3766.6000,3772.0000,3772.2000,3773.0000,3773.4000,3774.0000,1,1,5,1,2,1,1,1,2,1
SF,IF2007,2020-05-27 10:00:52.200,3771.6000,7848,0,950980800.000,0,-,-,-,-,3771.2000,3771.0000,3770.4000,3770.2000,3770.0000,3772.0000,3772.2000,3773.0000,3773.4000,3774.0000,1,1,1,5,1,1,1,1,2,1
SF,IF2007,2020-05-27 10:00:53.200,3771.2000,7848,0,952112160.000,1,0,1,多换,S,3771.0000,3770.4000,3770.2000,3770.0000,3766.6000,3772.0000,3772.2000,3773.0000,3773.4000,3774.0000,1,1,5,1,2,1,1,1,2,1
SF,IF2007,2020-05-27 10:00:57.700,3771.2000,7848,0,952112160.000,0,-,-,-,-,3771.0000,3770.4000,3770.2000,3770.0000,3766.6000,3771.8000,3772.0000,3773.0000,3773.4000,3774.0000,1,1,5,1,2,1,1,1,2,1
SF,IF2007,2020-05-27 10:00:58.200,3771.2000,7848,0,952112160.000,0,-,-,-,-,3771.0000,3770.4000,3770.2000,3770.0000,3766.6000,3771.6000,3771.8000,3773.0000,3773.4000,3774.0000,1,1,5,1,2,1,1,1,2,1
SF,IF2007,2020-05-27 10:00:59.700,3771.2000,7848,0,952112160.000,0,-,-,-,-,3771.0000,3770.4000,3770.2000,3770.0000,3766.6000,3771.6000,3771.8000,3773.4000,3774.0000,3776.6000,1,1,5,1,2,2,1,2,1,3
SF,IF2007,2020-05-27 10:01:00.700,3771.2000,7848,0,952112160.000,0,-,-,-,-,3771.0000,3770.4000,3770.2000,3770.0000,3766.6000,3771.6000,3771.8000,3772.2000,3773.4000,3774.0000,1,1,5,1,2,1,1,1,2,1
SF,IF2007,2020-05-27 10:01:01.200,3771.0000,7848,0,953243460.000,1,0,1,多换,S,3770.4000,3770.2000,3770.0000,3766.6000,3765.0000,3771.6000,3771.8000,3772.2000,3773.4000,3774.0000,1,5,1,2,6,1,1,1,2,1
SF,IF2007,2020-05-27 10:01:01.700,3771.0000,7848,0,953243460.000,0,-,-,-,-,3770.6000,3770.4000,3770.2000,3770.0000,3766.6000,3771.6000,3771.8000,3772.2000,3773.4000,3774.0000,2,1,5,1,2,1,1,1,2,1
SF,IF2007,2020-05-27 10:01:02.700,3771.0000,7848,0,953243460.000,0,-,-,-,-,3770.6000,3770.4000,3770.2000,3770.0000,3766.6000,3771.4000,3771.6000,3771.8000,3772.2000,3773.4000,1,1,5,1,2,1,1,1,1,2
SF,IF2007,2020-05-27 10:01:03.200,3771.0000,7848,0,953243460.000,0,-,-,-,-,3770.6000,3770.4000,3770.2000,3770.0000,3766.6000,3771.2000,3771.4000,3771.8000,3772.2000,3773.4000,1,1,5,1,2,1,1,1,1,2
SF,IF2007,2020-05-27 10:01:04.200,3771.0000,7848,0,953243460.000,0,-,-,-,-,3770.6000,3770.4000,3770.2000,3770.0000,3766.6000,3771.2000,3771.8000,3772.2000,3773.4000,3774.0000,1,1,5,1,2,1,1,1,2,1
SF,IF2007,2020-05-27 10:01:04.700,3771.0000,7848,0,953243460.000,0,-,-,-,-,3770.4000,3770.2000,3770.0000,3766.6000,3765.0000,3771.2000,3772.2000,3773.4000,3774.0000,3776.6000,1,5,1,2,6,1,1,2,1,3
SF,IF2007,2020-05-27 10:01:05.200,3771.0000,7848,0,953243460.000,0,-,-,-,-,3770.4000,3770.2000,3770.0000,3766.6000,3765.0000,3771.0000,3771.2000,3772.2000,3773.4000,3774.0000,1,5,1,2,6,1,1,1,2,1
SF,IF2007,2020-05-27 10:01:05.700,3770.2000,7846,-2,960029880.000,6,2,4,多平,S,3770.0000,3766.6000,3765.0000,3763.0000,3762.4000,3770.8000,3771.0000,3773.4000,3774.0000,3776.6000,1,2,6,1,1,1,2,2,1,3
SF,IF2007,2020-05-27 10:01:06.200,3770.0000,7845,-1,961160880.000,1,0,1,双平,S,3766.6000,3765.0000,3763.0000,3762.4000,3758.8000,3770.6000,3770.8000,3771.0000,3773.4000,3774.0000,2,6,1,1,4,3,1,2,2,1
SF,IF2007,2020-05-27 10:01:06.700,3770.0000,7845,0,961160880.000,0,-,-,-,-,3768.8000,3768.6000,3768.4000,3767.2000,3766.8000,3770.2000,3770.6000,3770.8000,3771.0000,3773.4000,1,4,1,1,7,1,3,1,1,2
SF,IF2007,2020-05-27 10:01:07.200,3770.0000,7845,0,961160880.000,0,-,-,-,-,3769.0000,3768.8000,3768.6000,3766.8000,3766.6000,3770.0000,3770.2000,3770.6000,3770.8000,3771.0000,1,1,1,6,3,1,1,2,1,1
SF,IF2007,2020-05-27 10:01:07.700,3770.0000,7845,0,962291880.000,1,0,1,多换,S,3769.2000,3768.6000,3766.8000,3766.6000,3765.0000,3770.2000,3770.6000,3770.8000,3771.0000,3773.4000,2,1,5,3,6,1,1,1,1,2
SF,IF2007,2020-05-27 10:01:08.200,3770.2000,7845,0,963422940.000,1,0,1,多换,S,3769.8000,3769.6000,3769.2000,3768.6000,3766.8000,3770.8000,3773.4000,3774.0000,3776.6000,3781.0000,1,1,1,1,5,1,2,1,3,1
SF,IF2007,2020-05-27 10:01:08.700,3770.8000,7845,0,964554180.000,1,0,1,多换,S,3770.0000,3769.8000,3768.6000,3766.8000,3766.6000,3773.4000,3774.0000,3776.6000,3781.0000,3782.8000,3,1,1,5,3,2,1,3,1,2
SF,IF2007,2020-05-27 10:01:09.200,3770.8000,7845,0,964554180.000,0,-,-,-,-,3771.0000,3770.0000,3769.8000,3768.6000,3766.8000,3772.2000,3772.8000,3773.0000,3773.2000,3773.4000,1,3,1,1,5,2,2,1,3,2
SF,IF2007,2020-05-27 10:01:09.700,3770.8000,7845,0,964554180.000,0,-,-,-,-,3771.2000,3771.0000,3770.0000,3769.8000,3768.6000,3772.0000,3772.2000,3772.8000,3773.2000,3773.4000,1,1,3,1,1,1,2,1,2,2
SF,IF2007,2020-05-27 10:01:10.200,3770.8000,7845,0,964554180.000,0,-,-,-,-,3771.0000,3770.0000,3769.8000,3768.6000,3766.8000,3771.4000,3771.8000,3772.0000,3772.8000,3773.2000,1,3,1,1,2,1,1,1,1,1
SF,IF2007,2020-05-27 10:01:10.700,3771.0000,7844,-1,965685480.000,1,0,1,双平,S,3770.0000,3769.8000,3768.6000,3766.8000,3766.6000,3771.0000,3771.4000,3771.8000,3772.0000,3772.8000,3,1,1,2,2,1,1,1,1,1
SF,IF2007,2020-05-27 10:01:11.200,3771.0000,7844,0,965685480.000,0,-,-,-,-,3770.2000,3770.0000,3769.8000,3768.6000,3766.8000,3771.0000,3771.4000,3771.8000,3772.0000,3773.2000,2,2,1,1,2,1,1,1,1,1
SF,IF2007,2020-05-27 10:01:11.700,3771.0000,7844,0,965685480.000,0,-,-,-,-,3770.2000,3770.0000,3769.8000,3768.6000,3766.8000,3771.0000,3771.4000,3771.8000,3772.0000,3773.2000,2,2,1,1,2,1,1,1,1,1
SF,IF2007,2020-05-27 10:01:12.200,3771.0000,7845,1,966816780.000,1,1,0,双开,S,3770.4000,3770.2000,3770.0000,3769.8000,3768.6000,3771.4000,3772.0000,3773.2000,3773.4000,3774.0000,3,1,1,1,1,1,1,1,2,1
SF,IF2007,2020-05-27 10:01:12.700,3771.0000,7845,0,966816780.000,0,-,-,-,-,3770.4000,3770.2000,3770.0000,3769.8000,3769.0000,3771.2000,3771.8000,3773.2000,3773.4000,3774.0000,2,1,1,1,1,1,1,1,2,1
SF,IF2007,2020-05-27 10:01:13.200,3771.0000,7845,0,966816780.000,0,-,-,-,-,3770.4000,3770.2000,3770.0000,3769.8000,3769.0000,3771.8000,3773.2000,3773.4000,3774.0000,3781.0000,2,1,1,1,1,1,1,2,1,1
SF,IF2007,2020-05-27 10:01:13.700,3771.8000,7845,0,967948320.000,1,0,1,多换,S,3770.6000,3770.4000,3769.8000,3769.0000,3768.6000,3773.2000,3773.4000,3774.0000,3781.0000,3782.8000,2,3,1,1,1,1,2,1,1,2
SF,IF2007,2020-05-27 10:01:14.200,3771.8000,7845,0,967948320.000,0,-,-,-,-,3771.0000,3770.8000,3770.6000,3770.4000,3769.8000,3772.4000,3773.0000,3773.2000,3773.4000,3774.0000,1,1,2,1,1,1,2,1,2,1
SF,IF2007,2020-05-27 10:01:14.700,3771.8000,7845,0,967948320.000,0,-,-,-,-,3771.4000,3771.2000,3770.6000,3770.4000,3769.8000,3772.4000,3773.0000,3773.2000,3773.4000,3774.0000,1,2,1,1,1,1,2,1,2,1
SF,IF2007,2020-05-27 10:01:15.200,3771.8000,7845,0,967948320.000,0,-,-,-,-,3771.4000,3771.2000,3770.6000,3769.8000,3769.0000,3773.0000,3773.2000,3773.4000,3774.0000,3781.0000,1,3,1,1,1,2,1,2,1,1
SF,IF2007,2020-05-27 10:01:15.700,3771.8000,7845,0,967948320.000,0,-,-,-,-,3771.6000,3771.4000,3771.2000,3770.6000,3769.8000,3772.2000,3772.8000,3773.0000,3773.2000,3773.4000,1,1,2,1,1,1,1,1,1,2
SF,IF2007,2020-05-27 10:01:16.700,3771.8000,7845,0,967948320.000,0,-,-,-,-,3771.6000,3771.4000,3771.2000,3770.6000,3769.8000,3772.8000,3773.0000,3773.2000,3773.4000,3774.0000,1,1,2,1,1,1,1,1,2,1
SF,IF2007,2020-05-27 10:01:17.200,3771.8000,7845,0,967948320.000,0,-,-,-,-,3771.6000,3771.4000,3771.2000,3770.6000,3769.8000,3772.6000,3772.8000,3773.2000,3773.4000,3774.0000,1,1,2,1,1,2,1,2,2,1
SF,IF2007,2020-05-27 10:01:17.700,3771.8000,7845,0,967948320.000,0,-,-,-,-,3771.4000,3771.2000,3769.8000,3769.0000,3768.6000,3772.6000,3772.8000,3773.2000,3773.4000,3774.0000,1,1,1,2,1,2,1,2,2,1
SF,IF2007,2020-05-27 10:01:18.200,3771.8000,7845,0,967948320.000,0,-,-,-,-,3771.4000,3769.8000,3769.0000,3768.6000,3768.0000,3772.6000,3772.8000,3773.2000,3773.4000,3774.0000,1,1,2,1,2,2,1,2,2,1
SF,IF2007,2020-05-27 10:01:19.200,3771.8000,7845,0,967948320.000,0,-,-,-,-,3771.4000,3769.8000,3769.0000,3768.6000,3768.0000,3772.6000,3772.8000,3773.2000,3773.4000,3774.0000,1,1,2,1,2,1,1,2,2,1
SF,IF2007,2020-05-27 10:01:20.700,3771.8000,7845,0,967948320.000,0,-,-,-,-,3771.4000,3769.8000,3769.0000,3768.6000,3768.0000,3772.0000,3772.4000,3772.6000,3773.2000,3773.4000,1,1,2,1,2,1,1,1,2,2
SF,IF2007,2020-05-27 10:01:21.200,3771.8000,7845,0,967948320.000,0,-,-,-,-,3769.8000,3769.0000,3768.6000,3768.0000,3766.8000,3771.8000,3772.0000,3772.4000,3773.2000,3773.4000,1,2,1,2,2,1,1,1,2,2
SF,IF2007,2020-05-27 10:01:21.700,3771.8000,7845,0,967948320.000,0,-,-,-,-,3770.6000,3770.2000,3770.0000,3769.8000,3769.0000,3771.8000,3772.0000,3773.2000,3773.4000,3774.0000,1,2,2,1,2,1,1,2,2,1
SF,IF2007,2020-05-27 10:01:22.200,3771.8000,7845,0,967948320.000,0,-,-,-,-,3771.0000,3770.8000,3770.2000,3769.8000,3769.0000,3773.2000,3773.4000,3774.0000,3781.0000,3782.8000,1,4,1,1,2,2,2,1,1,2
SF,IF2007,2020-05-27 10:01:22.700,3771.8000,7845,0,967948320.000,0,-,-,-,-,3772.0000,3771.6000,3771.2000,3771.0000,3770.8000,3772.6000,3773.0000,3773.2000,3773.4000,3774.0000,5,1,1,1,3,1,2,2,2,1
SF,IF2007,2020-05-27 10:01:23.200,3771.8000,7845,0,967948320.000,0,-,-,-,-,3772.0000,3771.6000,3771.2000,3771.0000,3770.8000,3772.6000,3773.0000,3773.2000,3773.4000,3774.0000,5,1,1,1,2,1,2,2,2,1
SF,IF2007,2020-05-27 10:01:23.700,3771.8000,7845,0,967948320.000,0,-,-,-,-,3772.0000,3771.6000,3771.2000,3770.8000,3770.2000,3772.6000,3773.0000,3773.2000,3773.4000,3774.0000,5,1,1,1,1,1,2,2,2,1
SF,IF2007,2020-05-27 10:01:24.200,3771.8000,7845,0,967948320.000,0,-,-,-,-,3772.0000,3771.2000,3770.8000,3770.2000,3769.8000,3772.4000,3772.6000,3773.0000,3773.2000,3773.4000,5,1,1,1,1,2,1,2,2,2
SF,IF2007,2020-05-27 10:01:25.700,3771.8000,7845,0,970211400.000,2,1,1,多换,S,3772.0000,3771.2000,3770.8000,3770.2000,3769.8000,3772.4000,3772.6000,3773.0000,3773.2000,3773.4000,3,1,1,1,1,2,1,2,2,2
SF,IF2007,2020-05-27 10:01:26.200,3772.0000,7845,0,971343000.000,1,0,1,多换,S,3772.0000,3771.2000,3770.8000,3770.2000,3769.8000,3772.4000,3772.6000,3773.0000,3773.2000,3773.4000,2,1,1,1,1,2,1,2,2,2
SF,IF2007,2020-05-27 10:01:26.700,3772.0000,7847,2,973606200.000,2,2,0,双开,S,3771.2000,3770.8000,3770.2000,3769.8000,3769.0000,3772.4000,3772.6000,3773.0000,3773.2000,3773.4000,1,1,1,1,2,2,1,2,2,2
SF,IF2007,2020-05-27 10:01:27.200,3772.0000,7847,0,973606200.000,0,-,-,-,-,3771.2000,3770.8000,3770.2000,3769.8000,3769.0000,3771.8000,3772.0000,3772.2000,3772.4000,3772.6000,1,1,1,1,2,1,1,1,2,1
SF,IF2007,2020-05-27 10:01:27.700,3772.0000,7847,0,973606200.000,0,-,-,-,-,3771.2000,3770.8000,3769.8000,3769.0000,3768.0000,3772.0000,3772.2000,3772.4000,3773.0000,3773.2000,1,1,1,2,2,1,1,2,1,2
SF,IF2007,2020-05-27 10:01:28.200,3772.0000,7848,1,974737800.000,1,1,0,双开,S,3772.0000,3771.2000,3770.8000,3769.8000,3769.0000,3772.2000,3772.4000,3773.0000,3773.2000,3773.4000,4,1,1,1,2,1,2,1,2,2
SF,IF2007,2020-05-27 10:01:28.700,3772.0000,7848,0,979264200.000,4,2,2,多换,S,3771.2000,3770.8000,3769.8000,3769.0000,3768.0000,3772.2000,3772.4000,3773.0000,3773.2000,3773.4000,1,1,1,2,2,1,2,1,2,2
SF,IF2007,2020-05-27 10:01:29.200,3772.0000,7848,0,979264200.000,0,-,-,-,-,3771.2000,3770.8000,3769.8000,3769.0000,3768.0000,3772.2000,3773.0000,3773.2000,3773.4000,3774.0000,1,1,1,2,2,1,1,2,2,1
SF,IF2007,2020-05-27 10:01:31.200,3772.0000,7848,0,979264200.000,0,-,-,-,-,3771.2000,3770.8000,3769.8000,3769.0000,3768.0000,3772.0000,3772.2000,3773.0000,3773.2000,3773.4000,1,1,1,2,2,2,1,1,1,2
SF,IF2007,2020-05-27 10:01:31.700,3772.0000,7848,0,979264200.000,0,-,-,-,-,3770.8000,3769.8000,3769.0000,3768.0000,3766.8000,3771.8000,3772.0000,3773.0000,3773.2000,3773.4000,1,1,2,2,2,1,2,1,1,2
SF,IF2007,2020-05-27 10:01:32.200,3772.0000,7848,0,979264200.000,0,-,-,-,-,3769.8000,3769.0000,3768.0000,3766.8000,3766.6000,3771.8000,3772.0000,3773.0000,3773.2000,3773.4000,1,2,2,2,2,1,2,1,1,2
SF,IF2007,2020-05-27 10:01:32.700,3772.0000,7851,3,982659000.000,3,3,0,双开,S,3772.0000,3770.6000,3770.2000,3770.0000,3769.8000,3773.0000,3773.2000,3773.4000,3774.0000,3781.0000,2,1,1,1,1,1,1,2,1,1
SF,IF2007,2020-05-27 10:01:33.200,3772.0000,7851,0,984922200.000,2,1,1,多换,S,3770.0000,3769.8000,3769.0000,3768.0000,3766.8000,3771.2000,3771.6000,3772.0000,3772.2000,3772.6000,1,1,2,2,2,1,1,3,1,1
SF,IF2007,2020-05-27 10:01:33.700,3771.2000,7850,-1,987184920.000,2,0,2,多平,S,3770.6000,3770.2000,3770.0000,3769.8000,3769.0000,3772.0000,3772.2000,3772.8000,3773.0000,3773.4000,1,2,1,1,2,1,1,4,2,2
SF,IF2007,2020-05-27 10:01:34.200,3771.2000,7850,0,987184920.000,0,-,-,-,-,3770.8000,3770.6000,3770.2000,3769.8000,3769.0000,3772.0000,3772.2000,3772.8000,3773.0000,3773.4000,1,1,2,1,2,1,1,4,2,2
SF,IF2007,2020-05-27 10:01:34.700,3771.2000,7850,0,987184920.000,0,-,-,-,-,3771.0000,3770.8000,3770.2000,3769.8000,3769.0000,3772.0000,3772.2000,3772.8000,3773.0000,3773.4000,2,1,1,1,2,1,1,4,1,2
SF,IF2007,2020-05-27 10:01:35.200,3771.2000,7850,0,987184920.000,0,-,-,-,-,3771.2000,3771.0000,3770.2000,3769.8000,3769.0000,3772.0000,3772.2000,3772.8000,3773.0000,3773.4000,1,2,1,1,2,1,1,4,1,2
SF,IF2007,2020-05-27 10:01:35.700,3771.2000,7851,1,988316280.000,1,1,0,双开,S,3771.0000,3770.2000,3769.8000,3769.0000,3768.0000,3772.0000,3772.2000,3772.8000,3773.0000,3773.4000,1,1,1,2,2,1,1,4,1,2
SF,IF2007,2020-05-27 10:01:36.700,3771.2000,7851,0,988316280.000,0,-,-,-,-,3771.0000,3770.2000,3770.0000,3769.8000,3769.0000,3772.0000,3772.2000,3772.8000,3773.0000,3773.4000,1,1,1,1,2,1,1,4,1,2
SF,IF2007,2020-05-27 10:01:37.200,3771.2000,7851,0,988316280.000,0,-,-,-,-,3771.0000,3770.2000,3770.0000,3769.8000,3769.0000,3771.8000,3772.0000,3772.2000,3772.6000,3772.8000,1,1,1,1,2,1,1,1,1,3
SF,IF2007,2020-05-27 10:01:38.700,3771.2000,7851,0,988316280.000,0,-,-,-,-,3771.0000,3770.2000,3770.0000,3769.8000,3769.0000,3771.8000,3772.0000,3772.2000,3772.6000,3772.8000,6,1,1,1,2,1,1,1,1,3
SF,IF2007,2020-05-27 10:01:39.200,3771.2000,7851,0,988316280.000,0,-,-,-,-,3771.0000,3770.2000,3770.0000,3769.8000,3769.0000,3771.8000,3772.0000,3772.2000,3772.6000,3772.8000,6,1,1,1,2,1,1,1,1,3
SF,IF2007,2020-05-27 10:01:42.200,3771.2000,7851,0,988316280.000,0,-,-,-,-,3771.0000,3770.2000,3770.0000,3769.8000,3769.0000,3771.8000,3772.2000,3772.6000,3772.8000,3773.0000,6,1,1,1,2,1,1,1,3,1
SF,IF2007,2020-05-27 10:01:43.200,3771.0000,7851,0,989447580.000,1,0,1,多换,S,3771.0000,3770.2000,3770.0000,3769.8000,3769.0000,3771.8000,3772.2000,3772.6000,3772.8000,3773.0000,5,1,1,1,2,1,1,1,3,1
SF,IF2007,2020-05-27 10:01:44.700,3771.0000,7851,0,989447580.000,0,-,-,-,-,3771.2000,3771.0000,3770.2000,3770.0000,3769.8000,3771.8000,3772.2000,3772.6000,3772.8000,3773.0000,1,5,1,1,1,1,1,1,3,1
SF,IF2007,2020-05-27 10:01:47.700,3771.0000,7851,0,989447580.000,0,-,-,-,-,3771.2000,3771.0000,3770.2000,3769.8000,3769.0000,3771.8000,3772.2000,3772.6000,3772.8000,3773.0000,1,5,1,1,2,1,1,1,3,1
SF,IF2007,2020-05-27 10:01:48.200,3771.0000,7851,0,989447580.000,0,-,-,-,-,3771.2000,3771.0000,3770.2000,3769.8000,3769.0000,3771.6000,3771.8000,3772.2000,3772.6000,3772.8000,1,5,1,1,2,1,1,1,1,3
SF,IF2007,2020-05-27 10:01:48.700,3771.0000,7851,0,989447580.000,0,-,-,-,-,3771.2000,3771.0000,3770.2000,3769.8000,3769.0000,3771.6000,3771.8000,3772.2000,3772.6000,3772.8000,1,5,1,1,2,1,1,1,1,2
SF,IF2007,2020-05-27 10:01:52.200,3771.0000,7851,0,989447580.000,0,-,-,-,-,3771.2000,3771.0000,3770.2000,3769.8000,3769.0000,3771.6000,3771.8000,3772.2000,3772.6000,3772.8000,1,8,1,1,2,1,1,1,1,2
SF,IF2007,2020-05-27 10:01:52.700,3771.0000,7851,0,989447580.000,0,-,-,-,-,3771.2000,3771.0000,3770.2000,3769.8000,3769.0000,3771.8000,3772.2000,3772.6000,3772.8000,3773.0000,1,8,1,1,2,1,1,1,2,1
SF,IF2007,2020-05-27 10:01:53.200,3771.0000,7851,0,989447580.000,0,-,-,-,-,3771.2000,3771.0000,3770.2000,3769.8000,3769.0000,3771.8000,3772.2000,3772.6000,3772.8000,3773.0000,1,8,1,1,2,2,1,1,2,1
SF,IF2007,2020-05-27 10:01:53.700,3771.2000,7851,0,990578940.000,1,0,1,多换,S,3771.0000,3770.2000,3769.8000,3769.0000,3768.0000,3771.8000,3772.2000,3772.6000,3772.8000,3773.0000,8,1,1,2,2,2,1,1,2,1
SF,IF2007,2020-05-27 10:01:54.200,3771.2000,7851,0,990578940.000,0,-,-,-,-,3771.0000,3770.2000,3769.8000,3769.0000,3768.0000,3771.8000,3772.2000,3772.6000,3772.8000,3773.0000,8,1,1,2,2,1,1,1,2,1
SF,IF2007,2020-05-27 10:01:54.700,3771.2000,7851,0,990578940.000,0,-,-,-,-,3771.0000,3770.2000,3769.8000,3769.0000,3768.0000,3771.6000,3771.8000,3772.2000,3772.6000,3772.8000,8,1,1,2,2,1,1,1,1,2
SF,IF2007,2020-05-27 10:01:55.700,3771.8000,7856,5,996236580.000,5,5,0,双开,S,3771.0000,3770.2000,3769.8000,3769.0000,3768.0000,3771.4000,3772.2000,3772.6000,3772.8000,3773.0000,8,1,1,2,2,1,1,1,2,1
SF,IF2007,2020-05-27 10:01:56.700,3771.0000,7857,1,997367880.000,1,1,0,双开,S,3771.0000,3770.2000,3769.8000,3769.0000,3768.0000,3771.4000,3772.2000,3772.6000,3772.8000,3773.0000,7,1,1,2,2,1,1,1,2,1
SF,IF2007,2020-05-27 10:01:57.200,3771.0000,7857,0,997367880.000,0,-,-,-,-,3771.2000,3771.0000,3770.2000,3769.8000,3769.0000,3771.4000,3772.2000,3772.6000,3772.8000,3773.0000,3,7,1,1,2,1,1,1,2,1
SF,IF2007,2020-05-27 10:01:57.700,3771.0000,7857,0,997367880.000,0,-,-,-,-,3771.2000,3771.0000,3770.2000,3769.8000,3769.0000,3772.2000,3772.6000,3772.8000,3773.0000,3773.4000,3,7,1,1,2,1,1,2,1,2
SF,IF2007,2020-05-27 10:01:58.200,3771.0000,7857,0,997367880.000,0,-,-,-,-,3771.2000,3771.0000,3770.2000,3769.8000,3769.0000,3771.8000,3772.0000,3772.2000,3772.6000,3772.8000,3,7,1,1,2,1,3,1,1,2
SF,IF2007,2020-05-27 10:01:58.700,3771.0000,7857,0,997367880.000,0,-,-,-,-,3771.2000,3771.0000,3770.2000,3769.8000,3769.0000,3772.0000,3772.2000,3772.8000,3773.0000,3773.4000,3,7,1,1,2,2,1,2,1,2
SF,IF2007,2020-05-27 10:01:59.200,3771.0000,7857,0,997367880.000,0,-,-,-,-,3771.2000,3771.0000,3770.2000,3769.8000,3769.0000,3772.0000,3772.2000,3772.8000,3773.0000,3773.4000,3,7,1,1,2,2,2,2,1,2
SF,IF2007,2020-05-27 10:01:59.700,3771.0000,7857,0,997367880.000,0,-,-,-,-,3771.2000,3771.0000,3770.2000,3769.8000,3769.0000,3771.8000,3772.0000,3772.2000,3772.8000,3773.0000,3,7,1,1,2,1,1,2,2,1
SF,IF2007,2020-05-27 10:02:00.700,3772.0000,7858,1,1000762620.000,3,2,1,空开,S,3772.0000,3771.2000,3771.0000,3770.2000,3769.8000,3772.2000,3772.8000,3773.0000,3773.4000,3774.0000,2,3,7,1,1,2,2,1,2,1
SF,IF2007,2020-05-27 10:02:01.200,3771.2000,7858,0,1005288720.000,4,2,2,多换,S,3771.2000,3771.0000,3770.2000,3769.8000,3769.0000,3771.8000,3772.0000,3772.2000,3772.8000,3773.0000,2,7,1,1,2,1,4,2,2,1
SF,IF2007,2020-05-27 10:02:01.700,3771.2000,7859,1,1007551440.000,2,1,1,空开,S,3771.0000,3770.2000,3769.8000,3769.0000,3768.0000,3772.0000,3772.2000,3772.8000,3773.0000,3773.4000,7,1,1,2,2,1,2,2,1,2
SF,IF2007,2020-05-27 10:02:02.200,3771.2000,7859,0,1007551440.000,0,-,-,-,-,3771.0000,3770.2000,3769.8000,3769.0000,3768.0000,3771.8000,3772.0000,3772.2000,3772.8000,3773.0000,7,1,1,2,2,1,1,2,2,1
SF,IF2007,2020-05-27 10:02:04.200,3771.2000,7859,0,1007551440.000,0,-,-,-,-,3771.0000,3770.2000,3769.8000,3769.0000,3768.0000,3771.8000,3772.0000,3772.2000,3772.8000,3773.0000,7,1,1,2,2,1,2,1,2,1
SF,IF2007,2020-05-27 10:02:04.700,3771.0000,7860,1,1008682740.000,1,1,0,双开,S,3771.0000,3770.2000,3769.8000,3769.0000,3768.0000,3771.2000,3771.8000,3772.0000,3772.2000,3772.8000,6,1,1,2,2,1,1,2,1,2
SF,IF2007,2020-05-27 10:02:05.200,3771.2000,7859,-1,1009814100.000,1,0,1,双平,S,3771.0000,3770.2000,3769.8000,3769.0000,3768.0000,3771.8000,3772.0000,3772.2000,3772.8000,3773.0000,6,1,1,2,2,1,2,1,2,1
SF,IF2007,2020-05-27 10:02:05.700,3771.2000,7859,0,1009814100.000,0,-,-,-,-,3771.2000,3771.0000,3770.2000,3769.8000,3769.0000,3771.8000,3772.0000,3772.2000,3772.8000,3773.0000,1,6,1,1,2,1,1,1,2,1
SF,IF2007,2020-05-27 10:02:06.200,3771.2000,7859,0,1009814100.000,0,-,-,-,-,3771.2000,3771.0000,3770.2000,3769.8000,3769.0000,3772.0000,3772.2000,3772.8000,3773.0000,3773.4000,1,6,1,1,2,1,1,2,1,2
SF,IF2007,2020-05-27 10:02:06.700,3772.0000,7859,0,1010945700.000,1,0,1,多换,S,3771.4000,3771.2000,3771.0000,3770.2000,3769.8000,3772.2000,3772.8000,3773.0000,3773.4000,3774.0000,1,1,6,1,1,1,2,1,2,1
SF,IF2007,2020-05-27 10:02:07.200,3772.0000,7859,0,1010945700.000,0,-,-,-,-,3771.4000,3771.2000,3771.0000,3770.2000,3769.8000,3772.2000,3772.8000,3773.0000,3773.4000,3774.0000,1,1,6,1,1,1,2,2,2,1
SF,IF2007,2020-05-27 10:02:08.700,3772.0000,7859,0,1010945700.000,0,-,-,-,-,3771.2000,3771.0000,3770.2000,3769.8000,3769.0000,3772.2000,3772.8000,3773.0000,3773.4000,3774.0000,1,6,1,1,2,1,2,2,2,1
SF,IF2007,2020-05-27 10:02:09.700,3772.0000,7859,0,1010945700.000,0,-,-,-,-,3771.2000,3771.0000,3770.2000,3769.8000,3769.0000,3772.0000,3772.2000,3772.8000,3773.0000,3773.4000,1,6,1,1,2,1,1,2,1,2
SF,IF2007,2020-05-27 10:02:10.200,3772.0000,7859,0,1010945700.000,0,-,-,-,-,3771.2000,3771.0000,3770.2000,3769.8000,3769.0000,3772.0000,3772.2000,3772.8000,3773.0000,3773.4000,1,11,1,1,2,1,1,2,1,2
SF,IF2007,2020-05-27 10:02:12.700,3771.2000,7859,0,1012077060.000,1,0,1,多换,S,3771.0000,3770.2000,3769.8000,3769.0000,3768.0000,3772.0000,3772.2000,3772.8000,3773.0000,3773.4000,11,1,1,2,2,1,1,2,1,2
SF,IF2007,2020-05-27 10:02:13.200,3771.0000,7860,1,1013208360.000,1,1,0,双开,S,3771.0000,3770.2000,3769.8000,3769.0000,3768.0000,3771.6000,3771.8000,3772.0000,3772.2000,3772.8000,10,1,1,2,2,1,3,1,1,2
SF,IF2007,2020-05-27 10:02:14.200,3771.0000,7860,0,1013208360.000,0,-,-,-,-,3771.0000,3770.2000,3769.8000,3769.0000,3768.0000,3771.6000,3771.8000,3772.0000,3772.2000,3772.8000,10,1,1,2,2,1,2,1,1,2
SF,IF2007,2020-05-27 10:02:15.700,3771.0000,7860,0,1019996160.000,6,3,3,多换,S,3771.0000,3770.2000,3769.8000,3769.0000,3768.0000,3771.2000,3771.4000,3771.8000,3772.0000,3772.8000,4,1,1,2,2,1,1,2,1,2
SF,IF2007,2020-05-27 10:02:16.200,3771.0000,7860,0,1024521360.000,4,2,2,多换,S,3770.2000,3769.8000,3769.0000,3768.0000,3766.8000,3770.6000,3771.0000,3771.2000,3771.4000,3771.8000,1,1,2,2,2,1,2,1,1,1
SF,IF2007,2020-05-27 10:02:16.700,3770.2000,7861,1,1025652420.000,1,1,0,双开,S,3769.8000,3769.0000,3768.0000,3766.8000,3765.0000,3770.6000,3771.0000,3771.2000,3771.4000,3772.0000,1,2,2,2,6,1,2,1,1,1
SF,IF2007,2020-05-27 10:02:17.200,3770.2000,7861,0,1025652420.000,0,-,-,-,-,3769.8000,3769.0000,3768.0000,3766.8000,3765.0000,3770.0000,3770.4000,3770.6000,3771.0000,3771.4000,1,2,2,2,6,1,1,1,2,1
SF,IF2007,2020-05-27 10:02:17.700,3769.8000,7860,-1,1027914360.000,2,0,2,多平,S,3770.0000,3769.0000,3768.0000,3766.8000,3765.0000,3770.4000,3771.0000,3771.4000,3772.0000,3772.8000,1,2,2,2,6,1,2,1,1,1
SF,IF2007,2020-05-27 10:02:18.200,3769.8000,7860,0,1027914360.000,0,-,-,-,-,3769.0000,3768.0000,3766.8000,3765.0000,3763.0000,3771.0000,3771.4000,3772.0000,3772.8000,3773.4000,2,2,2,6,1,2,1,1,1,2
SF,IF2007,2020-05-27 10:02:18.700,3769.8000,7860,0,1027914360.000,0,-,-,-,-,3769.6000,3769.2000,3769.0000,3768.0000,3766.8000,3770.6000,3770.8000,3771.0000,3771.4000,3772.0000,1,1,2,2,2,1,2,2,1,1
SF,IF2007,2020-05-27 10:02:19.700,3769.8000,7860,0,1027914360.000,0,-,-,-,-,3769.6000,3769.2000,3769.0000,3768.0000,3766.8000,3770.4000,3770.6000,3770.8000,3771.0000,3771.4000,1,1,2,2,2,1,1,1,1,1
SF,IF2007,2020-05-27 10:02:20.200,3769.8000,7860,0,1029045300.000,1,0,1,多换,S,3769.6000,3769.0000,3768.0000,3766.8000,3765.0000,3770.4000,3770.6000,3770.8000,3771.0000,3771.4000,1,2,2,2,6,1,1,1,1,1
SF,IF2007,2020-05-27 10:02:20.700,3769.8000,7860,0,1029045300.000,0,-,-,-,-,3769.6000,3769.0000,3768.0000,3766.8000,3766.0000,3770.4000,3770.6000,3770.8000,3771.0000,3771.4000,1,2,2,2,1,1,1,1,1,1
SF,IF2007,2020-05-27 10:02:21.200,3769.8000,7860,0,1029045300.000,0,-,-,-,-,3769.6000,3769.0000,3768.0000,3766.8000,3766.0000,3770.2000,3770.4000,3770.6000,3771.0000,3771.4000,1,2,2,2,1,1,1,1,1,1
SF,IF2007,2020-05-27 10:02:21.700,3769.8000,7860,0,1029045300.000,0,-,-,-,-,3769.6000,3769.0000,3768.0000,3766.8000,3766.0000,3770.2000,3770.6000,3771.0000,3771.4000,3772.0000,1,2,2,2,1,1,1,1,1,1
SF,IF2007,2020-05-27 10:02:22.700,3769.8000,7860,0,1029045300.000,0,-,-,-,-,3769.0000,3768.0000,3766.8000,3766.0000,3765.0000,3770.2000,3770.6000,3771.0000,3771.4000,3772.0000,2,2,2,1,6,1,1,1,1,1
SF,IF2007,2020-05-27 10:02:23.200,3769.8000,7860,0,1029045300.000,0,-,-,-,-,3769.2000,3769.0000,3768.0000,3766.8000,3766.0000,3770.0000,3770.2000,3770.6000,3771.0000,3771.4000,1,2,2,2,1,1,1,1,1,1
SF,IF2007,2020-05-27 10:02:23.700,3769.8000,7860,0,1029045300.000,0,-,-,-,-,3769.2000,3769.0000,3768.0000,3766.8000,3766.0000,3770.0000,3770.2000,3770.6000,3771.0000,3771.4000,1,2,2,2,1,1,1,1,1,1
SF,IF2007,2020-05-27 10:02:24.700,3769.8000,7860,0,1029045300.000,0,-,-,-,-,3769.2000,3769.0000,3768.0000,3766.8000,3766.0000,3770.0000,3770.2000,3770.6000,3771.0000,3771.4000,1,2,2,2,1,1,1,1,1,1
SF,IF2007,2020-05-27 10:02:25.200,3769.8000,7860,0,1029045300.000,0,-,-,-,-,3769.2000,3769.0000,3768.0000,3766.8000,3766.0000,3770.2000,3770.6000,3771.0000,3771.4000,3772.0000,1,2,2,2,1,1,1,1,1,1
SF,IF2007,2020-05-27 10:02:25.700,3769.8000,7860,0,1029045300.000,0,-,-,-,-,3769.2000,3769.0000,3768.0000,3766.8000,3766.0000,3770.2000,3770.6000,3771.0000,3771.4000,3772.0000,1,2,2,2,1,1,1,1,1,1
SF,IF2007,2020-05-27 10:02:26.200,3769.8000,7860,0,1029045300.000,0,-,-,-,-,3769.2000,3769.0000,3768.0000,3766.8000,3766.0000,3770.2000,3770.6000,3771.0000,3771.4000,3772.0000,1,2,2,2,1,1,1,1,1,1
SF,IF2007,2020-05-27 10:02:30.700,3770.2000,7860,0,1030176360.000,1,0,1,多换,S,3769.2000,3769.0000,3768.0000,3766.8000,3766.0000,3770.6000,3771.0000,3771.4000,3772.0000,3772.8000,1,2,2,2,1,1,1,1,1,1
SF,IF2007,2020-05-27 10:02:31.200,3770.2000,7860,0,1030176360.000,0,-,-,-,-,3769.6000,3769.4000,3769.0000,3768.0000,3766.8000,3770.6000,3771.0000,3771.4000,3772.0000,3772.8000,1,2,2,2,2,1,1,1,1,1
SF,IF2007,2020-05-27 10:02:31.700,3770.2000,7860,0,1030176360.000,0,-,-,-,-,3769.8000,3769.6000,3769.4000,3769.0000,3768.0000,3771.0000,3771.4000,3772.0000,3772.8000,3774.0000,1,1,1,2,2,1,2,1,1,1
SF,IF2007,2020-05-27 10:02:32.200,3770.2000,7860,0,1030176360.000,0,-,-,-,-,3770.0000,3769.8000,3769.4000,3769.0000,3768.0000,3770.8000,3771.0000,3771.4000,3772.0000,3772.8000,2,1,1,2,2,1,1,2,1,1
SF,IF2007,2020-05-27 10:02:32.700,3770.2000,7860,0,1030176360.000,0,-,-,-,-,3770.0000,3769.8000,3769.4000,3769.0000,3768.0000,3770.8000,3771.0000,3771.4000,3772.0000,3772.8000,1,1,1,2,2,1,1,2,1,1
SF,IF2007,2020-05-27 10:02:33.200,3770.2000,7860,0,1030176360.000,0,-,-,-,-,3770.0000,3769.8000,3769.4000,3769.0000,3768.0000,3770.8000,3771.0000,3771.4000,3772.0000,3772.8000,1,2,1,2,2,1,1,2,1,1
SF,IF2007,2020-05-27 10:02:34.200,3770.2000,7860,0,1030176360.000,0,-,-,-,-,3770.0000,3769.8000,3769.4000,3769.0000,3768.0000,3770.8000,3771.0000,3771.4000,3772.2000,3772.8000,1,2,1,2,2,1,1,2,1,1
SF,IF2007,2020-05-27 10:02:34.700,3770.2000,7860,0,1030176360.000,0,-,-,-,-,3770.2000,3770.0000,3769.8000,3769.4000,3769.0000,3771.0000,3771.4000,3772.2000,3772.8000,3774.0000,1,1,1,1,2,1,2,1,1,1
SF,IF2007,2020-05-27 10:02:35.700,3770.2000,7860,0,1030176360.000,0,-,-,-,-,3770.2000,3770.0000,3769.8000,3769.0000,3768.0000,3771.0000,3771.4000,3772.2000,3772.8000,3774.0000,1,1,1,2,2,1,2,1,1,1
SF,IF2007,2020-05-27 10:02:36.200,3770.2000,7860,0,1030176360.000,0,-,-,-,-,3770.0000,3769.8000,3769.0000,3768.0000,3766.8000,3770.8000,3771.0000,3771.4000,3772.2000,3772.8000,1,1,2,2,2,1,1,2,1,1
SF,IF2007,2020-05-27 10:02:37.200,3770.2000,7860,0,1030176360.000,0,-,-,-,-,3770.0000,3769.8000,3769.0000,3768.0000,3766.0000,3770.8000,3771.0000,3771.4000,3772.2000,3772.8000,1,1,2,2,1,1,1,2,1,1
SF,IF2007,2020-05-27 10:02:38.200,3770.2000,7860,0,1030176360.000,0,-,-,-,-,3769.8000,3769.0000,3768.0000,3766.0000,3765.0000,3770.8000,3771.0000,3771.4000,3772.2000,3772.8000,1,2,2,1,6,1,1,2,1,1
SF,IF2007,2020-05-27 10:02:39.700,3770.2000,7860,0,1030176360.000,0,-,-,-,-,3769.8000,3769.0000,3768.0000,3766.0000,3765.0000,3770.6000,3770.8000,3771.0000,3771.4000,3772.2000,1,2,2,1,6,1,1,1,2,1
SF,IF2007,2020-05-27 10:02:43.700,3769.8000,7859,-1,1031307300.000,1,0,1,双平,S,3769.0000,3768.0000,3766.0000,3765.0000,3763.0000,3770.6000,3770.8000,3771.0000,3771.4000,3772.2000,2,2,1,6,1,1,1,1,2,1
SF,IF2007,2020-05-27 10:02:44.200,3769.8000,7859,0,1031307300.000,0,-,-,-,-,3769.2000,3769.0000,3768.0000,3766.0000,3765.0000,3770.2000,3770.4000,3770.6000,3771.0000,3771.4000,1,2,2,1,6,1,1,1,1,1
SF,IF2007,2020-05-27 10:02:44.700,3769.8000,7859,0,1031307300.000,0,-,-,-,-,3769.2000,3769.0000,3768.0000,3766.0000,3765.0000,3770.0000,3770.2000,3771.0000,3771.4000,3772.2000,1,2,2,1,6,2,1,1,1,1
SF,IF2007,2020-05-27 10:02:51.700,3769.2000,7858,-1,1032438060.000,1,0,1,双平,S,3769.0000,3768.0000,3766.0000,3765.0000,3763.0000,3770.0000,3770.2000,3771.0000,3771.4000,3772.2000,2,2,1,6,1,2,1,1,1,1
SF,IF2007,2020-05-27 10:02:53.700,3770.0000,7858,0,1033569060.000,1,0,1,多换,S,3769.0000,3768.0000,3766.0000,3765.0000,3763.0000,3770.0000,3770.2000,3771.0000,3771.4000,3772.2000,2,2,1,6,1,1,1,1,1,1
SF,IF2007,2020-05-27 10:02:54.200,3770.0000,7858,0,1033569060.000,0,-,-,-,-,3769.0000,3768.0000,3766.0000,3765.0000,3763.0000,3770.0000,3770.2000,3771.0000,3771.4000,3772.2000,2,2,1,6,1,1,1,1,1,1
SF,IF2007,2020-05-27 10:02:54.700,3770.0000,7858,0,1033569060.000,0,-,-,-,-,3769.2000,3769.0000,3768.0000,3766.0000,3765.0000,3770.0000,3770.2000,3771.0000,3771.4000,3772.2000,1,2,2,1,6,1,1,1,1,1
SF,IF2007,2020-05-27 10:02:56.200,3770.0000,7858,0,1034700060.000,1,0,1,多换,S,3769.2000,3769.0000,3768.0000,3766.0000,3765.0000,3770.2000,3771.0000,3771.4000,3772.2000,3772.8000,2,2,2,1,6,1,1,1,1,1
SF,IF2007,2020-05-27 10:02:56.700,3770.2000,7859,1,1035831120.000,1,1,0,双开,S,3769.4000,3769.2000,3769.0000,3768.0000,3766.0000,3771.0000,3771.4000,3772.2000,3772.8000,3774.0000,2,2,2,2,1,1,1,1,1,1
SF,IF2007,2020-05-27 10:02:57.200,3770.2000,7859,0,1035831120.000,0,-,-,-,-,3769.6000,3769.4000,3769.2000,3769.0000,3768.0000,3770.4000,3770.6000,3770.8000,3771.0000,3771.4000,1,2,1,2,2,1,1,3,1,1
SF,IF2007,2020-05-27 10:02:57.700,3770.2000,7859,0,1035831120.000,0,-,-,-,-,3769.6000,3769.4000,3769.2000,3769.0000,3768.0000,3770.4000,3770.8000,3771.0000,3771.4000,3772.2000,1,2,1,2,2,1,3,1,1,1
SF,IF2007,2020-05-27 10:02:58.200,3770.2000,7859,0,1035831120.000,0,-,-,-,-,3769.6000,3769.4000,3769.2000,3769.0000,3768.0000,3770.4000,3770.8000,3771.0000,3771.4000,3772.2000,1,2,1,2,2,1,2,1,1,1
SF,IF2007,2020-05-27 10:02:58.700,3770.2000,7859,0,1035831120.000,0,-,-,-,-,3769.6000,3769.4000,3769.2000,3769.0000,3768.0000,3770.4000,3770.8000,3771.0000,3771.4000,3772.2000,1,2,1,2,2,1,2,1,1,1
SF,IF2007,2020-05-27 10:03:00.700,3769.6000,7860,1,1036962000.000,1,1,0,双开,S,3769.4000,3769.2000,3769.0000,3768.0000,3766.0000,3770.4000,3770.8000,3771.0000,3771.4000,3772.2000,2,1,2,2,1,1,1,1,1,1
SF,IF2007,2020-05-27 10:03:01.200,3769.6000,7860,0,1036962000.000,0,-,-,-,-,3769.2000,3769.0000,3768.0000,3766.0000,3765.0000,3770.2000,3770.4000,3771.0000,3771.4000,3772.2000,1,2,2,1,6,1,1,1,1,1
SF,IF2007,2020-05-27 10:03:01.700,3769.6000,7860,0,1036962000.000,0,-,-,-,-,3769.4000,3769.2000,3769.0000,3768.0000,3766.0000,3770.2000,3770.4000,3771.0000,3771.4000,3772.2000,1,1,2,2,1,1,1,1,1,1
SF,IF2007,2020-05-27 10:03:02.200,3769.6000,7860,0,1036962000.000,0,-,-,-,-,3769.2000,3769.0000,3768.0000,3766.0000,3765.0000,3770.2000,3770.4000,3771.0000,3771.4000,3772.2000,1,2,2,1,6,1,1,1,1,1
SF,IF2007,2020-05-27 10:03:02.700,3769.6000,7860,0,1036962000.000,0,-,-,-,-,3769.2000,3769.0000,3768.0000,3766.0000,3765.0000,3770.0000,3770.2000,3770.4000,3771.0000,3771.4000,1,2,2,1,6,1,1,1,1,1
SF,IF2007,2020-05-27 10:03:04.200,3769.6000,7860,0,1036962000.000,0,-,-,-,-,3769.2000,3769.0000,3768.0000,3766.0000,3765.0000,3770.2000,3770.4000,3771.0000,3771.4000,3772.2000,1,2,2,1,6,1,1,1,1,1
SF,IF2007,2020-05-27 10:03:05.200,3769.2000,7860,0,1038092760.000,1,0,1,多换,S,3769.0000,3768.0000,3766.0000,3765.0000,3763.0000,3770.2000,3770.4000,3771.0000,3771.4000,3772.2000,2,2,1,6,1,1,1,1,1,1
SF,IF2007,2020-05-27 10:03:07.200,3769.2000,7860,0,1038092760.000,0,-,-,-,-,3769.0000,3768.0000,3766.0000,3765.0000,3763.0000,3770.2000,3770.4000,3771.0000,3771.4000,3772.2000,2,2,1,1,1,1,1,1,1,1
SF,IF2007,2020-05-27 10:03:07.700,3769.2000,7860,0,1038092760.000,0,-,-,-,-,3769.0000,3768.0000,3766.0000,3765.0000,3763.0000,3770.0000,3770.2000,3770.4000,3771.0000,3771.4000,2,2,1,1,1,4,1,1,1,1
SF,IF2007,2020-05-27 10:03:08.200,3769.2000,7860,0,1038092760.000,0,-,-,-,-,3769.0000,3768.0000,3766.0000,3765.0000,3763.0000,3769.8000,3770.0000,3770.4000,3771.0000,3771.4000,2,2,1,1,1,1,4,1,1,1
SF,IF2007,2020-05-27 10:03:09.200,3769.0000,7860,0,1039223460.000,1,0,1,多换,S,3769.0000,3768.0000,3766.0000,3765.0000,3763.0000,3769.8000,3770.0000,3770.4000,3771.0000,3771.4000,1,2,1,1,1,1,4,1,1,1
SF,IF2007,2020-05-27 10:03:09.700,3769.0000,7859,-1,1040354160.000,1,0,1,双平,S,3768.0000,3766.0000,3765.0000,3763.0000,3760.0000,3769.2000,3769.6000,3769.8000,3770.0000,3771.0000,2,1,1,1,5,1,1,1,3,1
SF,IF2007,2020-05-27 10:03:10.200,3769.0000,7859,0,1040354160.000,0,-,-,-,-,3768.2000,3768.0000,3766.0000,3765.0000,3763.0000,3769.2000,3769.6000,3769.8000,3770.0000,3771.0000,2,2,1,1,1,1,1,1,2,1
SF,IF2007,2020-05-27 10:03:10.700,3769.0000,7859,0,1040354160.000,0,-,-,-,-,3768.4000,3768.2000,3768.0000,3766.0000,3765.0000,3769.2000,3769.8000,3770.0000,3771.0000,3771.4000,1,2,2,1,1,1,1,2,1,1
SF,IF2007,2020-05-27 10:03:11.200,3768.4000,7858,-1,1041484680.000,1,0,1,双平,S,3768.2000,3768.0000,3766.0000,3765.0000,3763.0000,3769.2000,3769.8000,3770.0000,3771.0000,3771.4000,2,2,1,1,1,1,1,2,1,1
SF,IF2007,2020-05-27 10:03:11.700,3768.4000,7858,0,1041484680.000,0,-,-,-,-,3768.2000,3768.0000,3766.0000,3765.0000,3763.0000,3769.0000,3769.2000,3770.0000,3771.0000,3771.4000,1,2,1,1,1,1,1,2,1,1
SF,IF2007,2020-05-27 10:03:16.200,3769.0000,7858,0,1042615380.000,1,0,1,多换,S,3768.2000,3768.0000,3766.0000,3765.0000,3763.0000,3769.2000,3770.0000,3771.0000,3771.4000,3772.2000,1,2,1,1,1,1,2,1,1,1
SF,IF2007,2020-05-27 10:03:16.700,3769.2000,7859,1,1043746140.000,1,1,0,双开,S,3768.4000,3768.2000,3768.0000,3766.0000,3765.0000,3770.0000,3771.0000,3771.4000,3772.2000,3774.0000,2,1,2,1,1,2,1,1,1,1
SF,IF2007,2020-05-27 10:03:17.200,3769.2000,7859,0,1043746140.000,0,-,-,-,-,3768.6000,3768.4000,3768.0000,3766.0000,3765.0000,3769.8000,3770.0000,3771.0000,3771.4000,3772.2000,1,2,2,1,1,2,2,1,1,1
SF,IF2007,2020-05-27 10:03:17.700,3769.2000,7859,0,1043746140.000,0,-,-,-,-,3768.8000,3768.6000,3768.4000,3768.0000,3766.0000,3769.8000,3770.0000,3771.0000,3771.4000,3772.2000,1,1,1,2,1,1,1,1,1,1
SF,IF2007,2020-05-27 10:03:19.200,3769.2000,7859,0,1043746140.000,0,-,-,-,-,3768.8000,3768.6000,3768.4000,3768.0000,3766.0000,3770.0000,3771.0000,3771.4000,3772.2000,3774.0000,1,1,1,2,1,1,1,1,1,1
SF,IF2007,2020-05-27 10:03:20.200,3769.2000,7859,0,1043746140.000,0,-,-,-,-,3768.8000,3768.6000,3768.4000,3768.0000,3766.0000,3769.2000,3770.0000,3771.0000,3771.4000,3772.2000,1,1,1,2,1,1,1,1,1,1
SF,IF2007,2020-05-27 10:03:20.700,3769.2000,7859,0,1044876900.000,1,0,1,多换,S,3768.8000,3768.6000,3768.4000,3768.0000,3766.0000,3769.4000,3770.0000,3771.0000,3771.4000,3772.2000,1,1,1,2,1,1,1,1,1,1
SF,IF2007,2020-05-27 10:03:23.700,3769.4000,7860,1,1047138540.000,2,1,1,空开,S,3768.8000,3768.6000,3768.4000,3768.0000,3766.0000,3770.0000,3771.0000,3771.4000,3772.2000,3774.0000,1,1,1,2,1,2,1,1,1,1
SF,IF2007,2020-05-27 10:03:24.200,3769.4000,7860,0,1047138540.000,0,-,-,-,-,3768.8000,3768.6000,3768.4000,3768.0000,3766.0000,3769.8000,3770.0000,3771.0000,3771.4000,3772.2000,1,1,1,2,1,1,2,1,1,1
SF,IF2007,2020-05-27 10:03:24.700,3769.4000,7860,0,1047138540.000,0,-,-,-,-,3768.8000,3768.6000,3768.0000,3766.0000,3765.0000,3769.8000,3770.0000,3771.0000,3771.4000,3772.2000,1,1,2,1,1,1,2,1,1,1
SF,IF2007,2020-05-27 10:03:25.700,3769.4000,7860,0,1047138540.000,0,-,-,-,-,3768.8000,3768.6000,3768.0000,3767.4000,3766.0000,3769.8000,3770.0000,3771.0000,3771.4000,3772.2000,1,1,2,1,1,1,2,1,1,1
SF,IF2007,2020-05-27 10:03:34.200,3769.4000,7860,0,1047138540.000,0,-,-,-,-,3768.8000,3768.6000,3768.0000,3767.4000,3766.0000,3770.0000,3771.0000,3771.4000,3772.2000,3774.0000,1,1,2,1,1,2,1,1,1,1
SF,IF2007,2020-05-27 10:03:35.200,3769.4000,7860,0,1047138540.000,0,-,-,-,-,3769.0000,3768.8000,3768.0000,3767.4000,3766.0000,3770.0000,3771.0000,3771.4000,3772.2000,3774.0000,3,1,2,1,1,2,1,1,1,1
SF,IF2007,2020-05-27 10:03:35.700,3769.4000,7860,0,1047138540.000,0,-,-,-,-,3769.2000,3769.0000,3768.0000,3767.4000,3766.0000,3770.0000,3771.0000,3771.4000,3772.2000,3774.0000,1,3,2,1,1,2,1,1,1,1
SF,IF2007,2020-05-27 10:03:37.200,3769.4000,7860,0,1047138540.000,0,-,-,-,-,3769.2000,3769.0000,3768.0000,3767.4000,3766.0000,3770.0000,3771.0000,3771.4000,3772.2000,3774.0000,1,2,2,1,1,2,1,1,1,1
SF,IF2007,2020-05-27 10:03:37.700,3769.4000,7860,0,1047138540.000,0,-,-,-,-,3769.2000,3769.0000,3768.0000,3767.4000,3766.0000,3770.0000,3771.0000,3771.4000,3772.2000,3774.0000,1,2,2,1,1,2,1,1,1,1
SF,IF2007,2020-05-27 10:03:38.200,3770.0000,7860,0,1048269540.000,1,0,1,多换,S,3769.2000,3769.0000,3768.0000,3767.4000,3766.0000,3770.0000,3771.0000,3771.4000,3772.2000,3774.0000,1,2,2,1,1,1,1,1,1,1
SF,IF2007,2020-05-27 10:03:38.700,3770.0000,7860,0,1049400540.000,1,0,1,多换,S,3769.2000,3769.0000,3768.0000,3767.4000,3766.0000,3771.0000,3771.4000,3772.2000,3774.0000,3780.0000,1,2,2,1,1,1,1,1,1,5
SF,IF2007,2020-05-27 10:03:39.200,3770.0000,7860,0,1049400540.000,0,-,-,-,-,3769.4000,3769.2000,3768.0000,3767.4000,3766.0000,3770.4000,3770.6000,3770.8000,3771.0000,3771.4000,1,1,2,1,1,1,1,1,1,1
SF,IF2007,2020-05-27 10:03:39.700,3770.0000,7860,0,1049400540.000,0,-,-,-,-,3769.6000,3769.4000,3768.0000,3767.4000,3766.0000,3770.4000,3770.6000,3770.8000,3771.0000,3771.4000,1,1,2,1,1,1,1,1,1,1
SF,IF2007,2020-05-27 10:03:40.700,3770.4000,7861,1,1050531660.000,1,1,0,双开,S,3769.6000,3769.4000,3768.0000,3767.4000,3766.0000,3770.6000,3770.8000,3771.0000,3771.4000,3772.2000,1,1,2,1,1,1,1,1,1,1
SF,IF2007,2020-05-27 10:03:41.200,3770.4000,7861,0,1050531660.000,0,-,-,-,-,3769.6000,3769.4000,3768.0000,3767.4000,3766.0000,3770.2000,3770.6000,3770.8000,3771.0000,3771.4000,1,1,2,1,1,1,1,1,1,1
SF,IF2007,2020-05-27 10:03:41.700,3770.4000,7861,0,1051662780.000,1,0,1,多换,S,3769.6000,3769.4000,3768.0000,3767.4000,3766.0000,3770.6000,3770.8000,3771.0000,3771.4000,3772.2000,1,1,2,1,1,1,1,1,1,1
SF,IF2007,2020-05-27 10:03:42.200,3770.4000,7861,0,1051662780.000,0,-,-,-,-,3769.6000,3769.4000,3768.0000,3767.4000,3766.0000,3770.6000,3771.0000,3771.4000,3772.2000,3774.0000,1,1,2,1,1,1,1,1,1,1
SF,IF2007,2020-05-27 10:03:42.700,3770.4000,7861,0,1051662780.000,0,-,-,-,-,3769.6000,3769.4000,3768.0000,3767.4000,3766.0000,3770.6000,3771.0000,3771.4000,3772.2000,3774.0000,1,1,2,1,1,1,1,1,1,1
SF,IF2007,2020-05-27 10:03:43.200,3770.4000,7861,0,1051662780.000,0,-,-,-,-,3769.6000,3769.4000,3768.0000,3767.4000,3766.0000,3771.0000,3771.4000,3772.2000,3774.0000,3780.0000,1,1,2,1,1,1,1,1,1,5
SF,IF2007,2020-05-27 10:03:43.700,3770.4000,7861,0,1051662780.000,0,-,-,-,-,3769.8000,3769.6000,3768.0000,3767.4000,3766.0000,3771.0000,3771.4000,3772.2000,3774.0000,3780.0000,1,1,2,1,1,1,1,1,1,5
SF,IF2007,2020-05-27 10:03:44.200,3770.4000,7861,0,1051662780.000,0,-,-,-,-,3770.0000,3769.8000,3768.0000,3767.4000,3766.0000,3771.0000,3771.4000,3772.2000,3774.0000,3780.0000,1,1,2,1,1,1,1,1,1,5
SF,IF2007,2020-05-27 10:03:46.200,3770.4000,7861,0,1051662780.000,0,-,-,-,-,3770.0000,3769.8000,3768.0000,3767.4000,3766.0000,3771.0000,3771.4000,3772.2000,3774.0000,3780.0000,1,1,2,1,1,2,1,1,1,5
SF,IF2007,2020-05-27 10:03:50.200,3770.4000,7861,0,1051662780.000,0,-,-,-,-,3770.0000,3769.8000,3768.0000,3767.4000,3766.0000,3771.0000,3771.4000,3772.2000,3773.0000,3774.0000,1,1,2,1,1,2,1,1,1,1
SF,IF2007,2020-05-27 10:03:50.700,3771.0000,7863,2,1053925380.000,2,2,0,双开,S,3770.0000,3769.8000,3768.0000,3767.4000,3766.0000,3771.4000,3772.2000,3773.0000,3774.0000,3780.0000,1,1,2,1,1,2,1,1,1,5
SF,IF2007,2020-05-27 10:03:51.200,3771.0000,7863,0,1053925380.000,0,-,-,-,-,3770.2000,3770.0000,3768.0000,3767.4000,3766.0000,3771.4000,3772.2000,3773.0000,3774.0000,3780.0000,1,1,2,1,1,1,1,1,1,5
SF,IF2007,2020-05-27 10:03:51.700,3771.0000,7863,0,1053925380.000,0,-,-,-,-,3771.0000,3770.4000,3770.2000,3768.0000,3767.4000,3771.4000,3772.2000,3773.0000,3774.0000,3780.0000,1,1,1,2,1,1,1,1,1,5
SF,IF2007,2020-05-27 10:03:53.200,3771.0000,7863,0,1055056680.000,1,0,1,多换,S,3770.4000,3770.2000,3768.0000,3767.4000,3766.0000,3771.4000,3772.2000,3773.0000,3774.0000,3780.0000,1,1,2,1,1,1,1,1,1,5
SF,IF2007,2020-05-27 10:03:55.700,3771.4000,7863,0,1056188100.000,1,0,1,多换,S,3770.6000,3770.4000,3768.0000,3767.4000,3766.0000,3772.2000,3773.0000,3774.0000,3780.0000,3781.0000,1,1,2,1,1,1,1,1,5,1
SF,IF2007,2020-05-27 10:03:56.200,3771.4000,7863,0,1056188100.000,0,-,-,-,-,3770.8000,3770.6000,3768.0000,3767.4000,3766.0000,3771.4000,3772.0000,3772.2000,3773.0000,3774.0000,1,1,2,1,1,1,2,1,1,1
SF,IF2007,2020-05-27 10:03:58.200,3771.4000,7864,1,1057319520.000,1,1,0,双开,S,3770.8000,3770.6000,3768.0000,3767.4000,3766.0000,3772.0000,3772.2000,3773.0000,3774.0000,3780.0000,1,1,2,1,1,2,1,1,1,5
SF,IF2007,2020-05-27 10:03:58.700,3771.4000,7864,0,1057319520.000,0,-,-,-,-,3770.8000,3770.6000,3768.0000,3767.4000,3766.0000,3772.0000,3772.2000,3773.0000,3774.0000,3780.0000,1,1,2,1,1,1,1,1,1,5
SF,IF2007,2020-05-27 10:03:59.200,3771.4000,7864,0,1057319520.000,0,-,-,-,-,3771.0000,3770.8000,3770.6000,3768.0000,3767.4000,3772.0000,3772.2000,3773.0000,3774.0000,3780.0000,1,1,1,2,1,1,1,1,1,5
SF,IF2007,2020-05-27 10:03:59.700,3772.0000,7863,-1,1058451120.000,1,0,1,双平,S,3771.2000,3771.0000,3768.0000,3767.4000,3766.0000,3772.2000,3773.0000,3774.0000,3780.0000,3781.0000,1,1,2,1,1,1,1,1,5,1
SF,IF2007,2020-05-27 10:04:00.200,3772.0000,7863,0,1058451120.000,0,-,-,-,-,3771.4000,3771.2000,3771.0000,3768.0000,3767.4000,3772.2000,3773.0000,3774.0000,3780.0000,3781.0000,1,1,1,2,1,1,1,1,5,1
SF,IF2007,2020-05-27 10:04:00.700,3772.0000,7863,0,1058451120.000,0,-,-,-,-,3771.4000,3771.2000,3768.0000,3767.4000,3766.0000,3772.2000,3773.0000,3774.0000,3780.0000,3781.0000,1,1,2,1,1,1,1,1,5,1
SF,IF2007,2020-05-27 10:04:01.200,3771.2000,7863,0,1059582480.000,1,0,1,多换,S,3768.0000,3767.4000,3766.0000,3765.0000,3763.0000,3772.0000,3772.2000,3773.0000,3774.0000,3780.0000,2,1,1,1,1,1,1,1,1,5
SF,IF2007,2020-05-27 10:04:01.700,3771.2000,7863,0,1059582480.000,0,-,-,-,-,3770.6000,3770.2000,3770.0000,3769.8000,3769.6000,3771.8000,3772.0000,3772.2000,3773.0000,3774.0000,1,1,1,2,1,1,1,1,1,1
SF,IF2007,2020-05-27 10:04:02.200,3771.2000,7863,0,1059582480.000,0,-,-,-,-,3770.8000,3770.6000,3770.0000,3769.8000,3769.6000,3771.6000,3771.8000,3772.0000,3772.2000,3773.0000,1,1,1,2,1,1,1,1,1,1
SF,IF2007,2020-05-27 10:04:02.700,3771.2000,7863,0,1059582480.000,0,-,-,-,-,3770.8000,3770.6000,3770.0000,3769.8000,3769.6000,3771.4000,3771.8000,3772.0000,3772.2000,3773.0000,1,1,1,2,1,1,1,1,1,1
SF,IF2007,2020-05-27 10:04:03.200,3771.2000,7863,0,1059582480.000,0,-,-,-,-,3770.6000,3770.0000,3769.8000,3769.6000,3769.2000,3771.4000,3771.8000,3772.0000,3772.2000,3773.0000,1,1,2,1,3,1,1,1,1,1
SF,IF2007,2020-05-27 10:04:03.700,3771.2000,7863,0,1059582480.000,0,-,-,-,-,3770.6000,3770.0000,3769.8000,3769.6000,3769.2000,3771.8000,3772.0000,3772.2000,3773.0000,3774.0000,1,1,2,1,3,1,1,1,1,1
SF,IF2007,2020-05-27 10:04:04.200,3771.2000,7863,0,1059582480.000,0,-,-,-,-,3770.6000,3770.0000,3769.8000,3769.6000,3769.2000,3771.6000,3771.8000,3772.0000,3772.2000,3773.0000,1,1,2,1,3,1,1,1,1,1
SF,IF2007,2020-05-27 10:04:04.700,3770.6000,7863,0,1060713660.000,1,0,1,多换,S,3770.0000,3769.8000,3769.6000,3769.2000,3769.0000,3770.6000,3771.6000,3771.8000,3772.0000,3772.2000,1,2,1,3,1,1,1,1,1,1
SF,IF2007,2020-05-27 10:04:05.200,3770.6000,7863,0,1061844840.000,1,0,1,多换,S,3770.8000,3770.2000,3769.8000,3769.6000,3769.2000,3771.8000,3772.0000,3772.2000,3773.0000,3774.0000,1,3,1,1,3,1,1,1,1,1
SF,IF2007,2020-05-27 10:04:05.700,3770.6000,7863,0,1061844840.000,0,-,-,-,-,3770.2000,3769.8000,3769.6000,3769.2000,3769.0000,3771.8000,3772.0000,3772.2000,3773.0000,3774.0000,2,1,1,3,1,1,1,1,1,1
SF,IF2007,2020-05-27 10:04:06.200,3770.6000,7863,0,1061844840.000,0,-,-,-,-,3770.4000,3770.2000,3769.8000,3769.6000,3769.2000,3771.8000,3772.0000,3772.2000,3773.0000,3774.0000,1,1,1,1,3,1,1,1,1,1
SF,IF2007,2020-05-27 10:04:06.700,3770.6000,7863,0,1061844840.000,0,-,-,-,-,3770.6000,3770.4000,3769.8000,3769.6000,3769.2000,3771.6000,3771.8000,3772.0000,3772.2000,3773.0000,1,1,1,1,3,2,1,1,1,1
SF,IF2007,2020-05-27 10:04:07.200,3770.6000,7863,0,1062976020.000,1,0,1,多换,S,3770.4000,3769.8000,3769.6000,3769.2000,3769.0000,3771.6000,3771.8000,3772.0000,3772.2000,3773.0000,1,1,1,3,1,2,1,1,1,1
SF,IF2007,2020-05-27 10:04:07.700,3770.6000,7863,0,1062976020.000,0,-,-,-,-,3770.6000,3770.4000,3769.8000,3769.6000,3769.2000,3771.4000,3771.6000,3772.0000,3772.2000,3773.0000,1,1,1,1,3,1,1,1,1,1
SF,IF2007,2020-05-27 10:04:09.700,3770.6000,7863,0,1062976020.000,0,-,-,-,-,3770.6000,3770.4000,3769.8000,3769.6000,3769.2000,3771.4000,3771.6000,3772.0000,3772.2000,3773.0000,1,1,1,1,3,1,1,1,1,1
SF,IF2007,2020-05-27 10:04:11.700,3770.6000,7863,0,1062976020.000,0,-,-,-,-,3770.4000,3769.8000,3769.6000,3769.2000,3769.0000,3771.4000,3771.6000,3772.0000,3772.2000,3773.0000,1,1,1,2,1,1,1,1,1,1
SF,IF2007,2020-05-27 10:04:12.200,3770.6000,7863,0,1062976020.000,0,-,-,-,-,3770.4000,3769.8000,3769.2000,3769.0000,3768.6000,3771.4000,3771.6000,3772.0000,3772.2000,3773.0000,1,1,2,1,1,1,1,1,1,1
SF,IF2007,2020-05-27 10:04:12.700,3770.6000,7863,0,1062976020.000,0,-,-,-,-,3769.8000,3769.2000,3769.0000,3768.6000,3768.2000,3771.4000,3771.6000,3772.0000,3772.2000,3773.0000,1,2,1,1,5,1,1,1,1,1
SF,IF2007,2020-05-27 10:04:13.200,3770.6000,7863,0,1062976020.000,0,-,-,-,-,3770.0000,3769.8000,3769.2000,3769.0000,3768.6000,3771.4000,3771.6000,3772.0000,3772.2000,3773.0000,4,1,2,1,1,1,1,1,1,1
SF,IF2007,2020-05-27 10:04:13.700,3770.6000,7863,0,1062976020.000,0,-,-,-,-,3770.0000,3769.8000,3769.2000,3769.0000,3768.6000,3771.4000,3771.6000,3772.0000,3772.2000,3773.0000,4,1,2,1,1,1,1,1,1,1
SF,IF2007,2020-05-27 10:04:14.200,3770.6000,7863,0,1062976020.000,0,-,-,-,-,3770.0000,3769.8000,3769.2000,3769.0000,3768.6000,3771.4000,3771.6000,3772.0000,3772.2000,3773.0000,3,1,2,1,1,1,1,1,1,1
SF,IF2007,2020-05-27 10:04:14.700,3770.6000,7863,0,1062976020.000,0,-,-,-,-,3770.2000,3770.0000,3769.8000,3769.2000,3769.0000,3771.4000,3771.6000,3772.0000,3772.2000,3773.0000,1,3,1,2,1,1,1,1,1,1
SF,IF2007,2020-05-27 10:04:15.200,3770.6000,7863,0,1062976020.000,0,-,-,-,-,3770.4000,3770.2000,3770.0000,3769.8000,3769.2000,3771.4000,3771.6000,3772.0000,3772.2000,3773.0000,1,1,2,1,2,1,1,1,1,1
SF,IF2007,2020-05-27 10:04:15.700,3770.6000,7863,0,1062976020.000,0,-,-,-,-,3770.4000,3770.2000,3770.0000,3769.8000,3769.2000,3771.4000,3771.6000,3772.0000,3772.2000,3773.0000,1,1,1,1,2,1,1,1,1,1
SF,IF2007,2020-05-27 10:04:16.200,3770.6000,7863,0,1062976020.000,0,-,-,-,-,3770.4000,3770.2000,3770.0000,3769.8000,3769.2000,3771.4000,3771.6000,3772.0000,3772.2000,3773.0000,1,1,1,1,2,1,1,1,1,1
SF,IF2007,2020-05-27 10:04:16.700,3770.6000,7863,0,1062976020.000,0,-,-,-,-,3770.2000,3770.0000,3769.8000,3769.2000,3769.0000,3771.4000,3771.6000,3772.0000,3772.2000,3773.0000,1,1,1,2,1,1,1,1,1,1
SF,IF2007,2020-05-27 10:04:17.700,3770.6000,7863,0,1062976020.000,0,-,-,-,-,3770.2000,3770.0000,3769.8000,3769.0000,3768.6000,3771.4000,3771.6000,3772.0000,3772.2000,3773.0000,1,1,1,1,1,1,1,1,1,1
SF,IF2007,2020-05-27 10:04:18.200,3770.6000,7863,0,1062976020.000,0,-,-,-,-,3770.4000,3770.2000,3770.0000,3769.8000,3769.0000,3771.4000,3771.6000,3772.0000,3772.2000,3773.0000,3,1,1,1,1,1,1,1,1,1
SF,IF2007,2020-05-27 10:04:18.700,3770.6000,7863,0,1062976020.000,0,-,-,-,-,3770.4000,3770.2000,3770.0000,3769.8000,3769.0000,3771.4000,3771.6000,3772.0000,3772.2000,3773.0000,1,1,1,1,1,1,1,1,1,1
SF,IF2007,2020-05-27 10:04:22.200,3770.6000,7863,0,1062976020.000,0,-,-,-,-,3770.0000,3769.8000,3769.0000,3768.6000,3768.2000,3771.4000,3771.6000,3772.0000,3772.2000,3773.0000,1,1,1,1,4,1,1,1,1,1
SF,IF2007,2020-05-27 10:04:22.700,3770.6000,7863,0,1062976020.000,0,-,-,-,-,3770.2000,3769.8000,3769.0000,3768.6000,3768.2000,3771.4000,3771.6000,3772.0000,3772.2000,3773.0000,2,1,1,1,4,1,1,1,1,1
SF,IF2007,2020-05-27 10:04:25.700,3770.6000,7863,0,1062976020.000,0,-,-,-,-,3770.4000,3770.2000,3769.8000,3769.0000,3768.6000,3771.4000,3771.6000,3772.0000,3772.2000,3773.0000,2,2,1,1,1,1,1,1,1,1
SF,IF2007,2020-05-27 10:04:26.200,3770.6000,7863,0,1062976020.000,0,-,-,-,-,3770.4000,3770.2000,3769.8000,3769.0000,3768.6000,3771.4000,3771.6000,3772.0000,3772.2000,3773.0000,2,2,1,1,1,1,1,1,1,1
SF,IF2007,2020-05-27 10:04:29.200,3770.6000,7863,0,1062976020.000,0,-,-,-,-,3770.4000,3770.2000,3769.8000,3769.0000,3768.6000,3771.4000,3771.6000,3772.0000,3772.2000,3773.0000,1,2,1,1,1,1,1,1,1,1
SF,IF2007,2020-05-27 10:04:31.200,3770.6000,7863,0,1062976020.000,0,-,-,-,-,3770.4000,3770.2000,3769.8000,3769.0000,3768.6000,3771.2000,3771.4000,3771.6000,3772.0000,3772.2000,1,2,1,1,1,1,1,1,1,1
SF,IF2007,2020-05-27 10:04:31.700,3770.6000,7863,0,1062976020.000,0,-,-,-,-,3770.2000,3769.8000,3769.0000,3768.6000,3768.2000,3771.0000,3771.2000,3771.6000,3772.0000,3772.2000,1,1,1,1,4,1,1,1,1,1
SF,IF2007,2020-05-27 10:04:32.200,3770.6000,7863,0,1062976020.000,0,-,-,-,-,3769.0000,3768.6000,3768.2000,3768.0000,3767.4000,3771.0000,3771.2000,3772.0000,3772.2000,3773.0000,1,1,2,2,1,1,1,1,1,1
SF,IF2007,2020-05-27 10:04:32.700,3770.6000,7863,0,1062976020.000,0,-,-,-,-,3769.6000,3769.4000,3769.2000,3768.0000,3767.4000,3770.8000,3771.0000,3771.2000,3772.2000,3773.0000,1,1,1,2,1,3,1,1,1,1
SF,IF2007,2020-05-27 10:04:33.200,3770.6000,7863,0,1062976020.000,0,-,-,-,-,3768.0000,3767.4000,3766.0000,3765.0000,3763.0000,3770.6000,3770.8000,3771.2000,3772.2000,3773.0000,2,1,1,2,1,2,3,1,1,1
SF,IF2007,2020-05-27 10:04:33.700,3770.6000,7863,0,1062976020.000,0,-,-,-,-,3769.0000,3768.6000,3768.4000,3768.2000,3768.0000,3770.0000,3770.6000,3770.8000,3771.2000,3772.2000,1,1,2,2,2,1,1,2,1,1
SF,IF2007,2020-05-27 10:04:34.200,3770.6000,7863,0,1062976020.000,0,-,-,-,-,3769.0000,3768.6000,3768.4000,3768.2000,3768.0000,3770.0000,3770.6000,3770.8000,3771.2000,3772.2000,1,1,2,2,2,1,1,1,1,1
SF,IF2007,2020-05-27 10:04:34.700,3770.6000,7863,0,1062976020.000,0,-,-,-,-,3769.2000,3769.0000,3768.6000,3768.4000,3768.2000,3770.0000,3770.6000,3770.8000,3771.2000,3772.2000,1,1,1,2,1,1,1,1,1,1
SF,IF2007,2020-05-27 10:04:35.200,3770.6000,7863,0,1062976020.000,0,-,-,-,-,3769.2000,3769.0000,3768.6000,3768.4000,3768.2000,3770.6000,3770.8000,3771.2000,3772.2000,3773.0000,1,1,1,2,1,1,1,1,1,1
SF,IF2007,2020-05-27 10:04:35.700,3770.6000,7863,0,1062976020.000,0,-,-,-,-,3769.2000,3769.0000,3768.6000,3768.4000,3768.2000,3770.4000,3770.6000,3770.8000,3771.2000,3772.2000,1,1,1,2,1,1,1,1,1,1
SF,IF2007,2020-05-27 10:04:36.200,3770.6000,7863,0,1062976020.000,0,-,-,-,-,3769.0000,3768.6000,3768.4000,3768.2000,3768.0000,3770.2000,3770.4000,3770.8000,3771.2000,3772.2000,1,1,2,1,2,1,1,1,1,1
SF,IF2007,2020-05-27 10:04:37.200,3769.0000,7863,0,1064106720.000,1,0,1,多换,S,3768.6000,3768.4000,3768.2000,3768.0000,3767.4000,3769.4000,3770.0000,3770.2000,3770.8000,3771.2000,1,2,1,2,1,1,2,1,1,1
SF,IF2007,2020-05-27 10:04:37.700,3769.0000,7863,0,1064106720.000,0,-,-,-,-,3768.6000,3768.4000,3768.2000,3768.0000,3767.4000,3769.4000,3770.2000,3770.8000,3771.2000,3772.2000,1,1,1,2,1,1,1,1,1,1
SF,IF2007,2020-05-27 10:04:38.200,3769.0000,7863,0,1064106720.000,0,-,-,-,-,3768.2000,3768.0000,3767.4000,3766.0000,3765.0000,3769.2000,3769.4000,3769.6000,3771.2000,3772.2000,1,2,1,1,2,1,1,1,1,1
SF,IF2007,2020-05-27 10:04:38.700,3769.0000,7863,0,1064106720.000,0,-,-,-,-,3768.0000,3767.4000,3766.0000,3765.0000,3763.0000,3769.2000,3769.6000,3771.2000,3772.2000,3773.0000,2,1,1,2,1,1,1,1,1,1
SF,IF2007,2020-05-27 10:04:39.200,3769.0000,7863,0,1064106720.000,0,-,-,-,-,3768.2000,3768.0000,3767.4000,3766.0000,3765.0000,3769.2000,3769.6000,3771.2000,3772.2000,3773.0000,1,2,1,1,2,1,1,1,1,1
SF,IF2007,2020-05-27 10:04:39.700,3769.0000,7863,0,1064106720.000,0,-,-,-,-,3768.4000,3768.2000,3768.0000,3767.4000,3766.0000,3770.2000,3771.2000,3772.2000,3773.0000,3774.0000,2,1,2,1,1,1,1,1,1,1
SF,IF2007,2020-05-27 10:04:40.200,3769.0000,7863,0,1064106720.000,0,-,-,-,-,3768.6000,3768.4000,3768.2000,3768.0000,3767.4000,3769.6000,3770.0000,3770.2000,3771.2000,3772.2000,1,2,1,2,1,1,1,1,1,1
SF,IF2007,2020-05-27 10:04:40.700,3769.0000,7863,0,1064106720.000,0,-,-,-,-,3768.6000,3768.4000,3768.2000,3768.0000,3767.4000,3769.6000,3770.0000,3770.2000,3771.2000,3772.2000,1,3,1,2,1,1,1,1,1,1
SF,IF2007,2020-05-27 10:04:41.200,3769.0000,7863,0,1064106720.000,0,-,-,-,-,3768.6000,3768.4000,3768.2000,3768.0000,3767.4000,3769.4000,3769.6000,3770.2000,3771.2000,3772.2000,1,2,1,2,1,2,1,1,1,1
SF,IF2007,2020-05-27 10:04:41.700,3769.0000,7863,0,1064106720.000,0,-,-,-,-,3768.4000,3768.2000,3768.0000,3767.4000,3766.0000,3769.4000,3769.6000,3770.2000,3771.2000,3772.2000,2,1,2,1,1,2,1,1,1,1
SF,IF2007,2020-05-27 10:04:42.200,3769.0000,7863,0,1064106720.000,0,-,-,-,-,3768.4000,3768.2000,3768.0000,3767.4000,3766.0000,3769.4000,3769.6000,3770.2000,3771.2000,3772.2000,1,1,2,1,1,2,1,1,1,1
SF,IF2007,2020-05-27 10:04:42.700,3769.0000,7863,0,1064106720.000,0,-,-,-,-,3768.4000,3768.2000,3768.0000,3767.4000,3766.0000,3769.4000,3769.6000,3770.2000,3771.2000,3772.2000,1,1,2,1,1,1,1,1,1,1
SF,IF2007,2020-05-27 10:04:44.700,3769.4000,7863,0,1065237540.000,1,0,1,多换,S,3768.4000,3768.2000,3768.0000,3767.4000,3766.0000,3769.6000,3770.2000,3771.2000,3772.2000,3773.0000,1,1,2,1,1,1,1,1,1,1
SF,IF2007,2020-05-27 10:04:45.200,3769.4000,7863,0,1065237540.000,0,-,-,-,-,3768.6000,3768.4000,3768.2000,3768.0000,3767.4000,3769.6000,3770.2000,3771.2000,3772.2000,3773.0000,3,1,1,2,1,1,1,1,1,1
SF,IF2007,2020-05-27 10:04:46.700,3769.4000,7863,0,1065237540.000,0,-,-,-,-,3768.8000,3768.6000,3768.4000,3768.2000,3768.0000,3769.6000,3770.8000,3771.2000,3772.2000,3773.0000,1,3,1,1,2,1,1,1,1,1
SF,IF2007,2020-05-27 10:04:47.200,3769.4000,7863,0,1065237540.000,0,-,-,-,-,3768.8000,3768.6000,3768.4000,3768.0000,3767.4000,3769.6000,3770.8000,3771.2000,3772.2000,3773.0000,1,3,1,2,1,1,1,1,1,1
SF,IF2007,2020-05-27 10:04:48.200,3769.4000,7863,0,1065237540.000,0,-,-,-,-,3768.6000,3768.4000,3768.0000,3767.4000,3766.0000,3769.4000,3769.6000,3770.8000,3771.2000,3772.2000,3,1,2,1,1,1,1,1,1,1
SF,IF2007,2020-05-27 10:04:48.700,3769.4000,7863,0,1065237540.000,0,-,-,-,-,3768.6000,3768.4000,3768.0000,3767.4000,3766.0000,3769.4000,3769.6000,3770.8000,3771.2000,3772.2000,2,1,2,1,1,1,1,1,1,1
SF,IF2007,2020-05-27 10:04:49.200,3769.4000,7863,0,1065237540.000,0,-,-,-,-,3768.6000,3768.4000,3768.0000,3767.4000,3766.0000,3769.6000,3770.8000,3771.2000,3772.2000,3773.0000,2,1,2,1,1,1,1,1,1,1
SF,IF2007,2020-05-27 10:04:50.200,3768.6000,7863,0,1066368120.000,1,0,1,多换,S,3768.6000,3768.4000,3768.0000,3767.4000,3766.0000,3769.6000,3770.8000,3771.2000,3772.2000,3773.0000,1,1,2,1,1,1,1,1,1,1
SF,IF2007,2020-05-27 10:04:51.200,3768.6000,7863,0,1066368120.000,0,-,-,-,-,3768.6000,3768.4000,3768.0000,3767.4000,3766.0000,3769.2000,3769.6000,3770.8000,3771.2000,3772.2000,1,1,2,1,1,1,1,1,1,1
SF,IF2007,2020-05-27 10:04:52.200,3768.6000,7863,0,1066368120.000,0,-,-,-,-,3769.2000,3768.6000,3768.4000,3768.0000,3767.4000,3769.6000,3770.8000,3771.2000,3772.2000,3773.0000,1,1,1,2,1,1,1,1,1,1
SF,IF2007,2020-05-27 10:04:53.200,3769.2000,7862,-1,1067498880.000,1,0,1,双平,S,3768.6000,3768.4000,3768.0000,3767.4000,3766.0000,3769.6000,3770.8000,3771.2000,3772.2000,3773.0000,1,1,2,1,1,1,1,1,1,1
SF,IF2007,2020-05-27 10:04:53.700,3769.2000,7862,0,1067498880.000,0,-,-,-,-,3768.6000,3768.4000,3768.0000,3767.4000,3766.0000,3768.8000,3769.6000,3770.8000,3771.2000,3772.2000,1,1,2,1,1,8,1,1,1,1
SF,IF2007,2020-05-27 10:04:54.200,3769.6000,7863,1,1077674880.000,9,5,4,空开,S,3768.8000,3768.6000,3768.4000,3768.0000,3767.4000,3770.8000,3771.2000,3772.2000,3773.0000,3774.0000,1,1,1,2,1,1,1,1,1,1
SF,IF2007,2020-05-27 10:04:54.700,3769.6000,7863,0,1077674880.000,0,-,-,-,-,3769.0000,3768.8000,3768.6000,3768.4000,3768.0000,3770.2000,3770.6000,3770.8000,3771.2000,3772.2000,3,1,1,1,2,1,1,1,1,1
SF,IF2007,2020-05-27 10:04:55.200,3770.2000,7863,0,1078805940.000,1,0,1,多换,S,3769.4000,3769.2000,3769.0000,3768.8000,3768.6000,3770.6000,3770.8000,3771.2000,3772.2000,3773.0000,1,1,2,1,1,1,1,1,1,1
SF,IF2007,2020-05-27 10:04:55.700,3770.2000,7863,0,1078805940.000,0,-,-,-,-,3769.8000,3769.6000,3768.8000,3768.6000,3768.4000,3770.6000,3770.8000,3771.2000,3772.2000,3773.0000,1,3,1,1,1,1,1,1,1,1
SF,IF2007,2020-05-27 10:04:56.200,3770.6000,7863,0,1079937120.000,1,0,1,多换,S,3769.8000,3769.6000,3768.8000,3768.6000,3768.4000,3771.2000,3771.4000,3772.2000,3773.0000,3774.0000,1,2,1,1,1,1,1,1,1,1
SF,IF2007,2020-05-27 10:04:56.700,3770.6000,7863,0,1079937120.000,0,-,-,-,-,3770.2000,3770.0000,3769.6000,3768.8000,3768.6000,3771.0000,3771.2000,3771.4000,3772.2000,3773.0000,1,1,1,1,1,2,1,1,1,1
SF,IF2007,2020-05-27 10:04:57.200,3770.2000,7862,-1,1081068180.000,1,0,1,双平,S,3769.6000,3768.8000,3768.6000,3768.4000,3768.0000,3770.8000,3771.0000,3771.2000,3771.4000,3772.2000,1,1,1,1,2,1,2,1,1,1
SF,IF2007,2020-05-27 10:04:57.700,3770.2000,7862,0,1081068180.000,0,-,-,-,-,3768.8000,3768.6000,3768.4000,3768.0000,3767.4000,3770.6000,3770.8000,3771.0000,3771.2000,3771.4000,1,1,1,2,1,2,1,1,1,1
SF,IF2007,2020-05-27 10:04:58.200,3770.2000,7862,0,1081068180.000,0,-,-,-,-,3769.4000,3769.2000,3769.0000,3768.8000,3768.6000,3770.6000,3770.8000,3771.2000,3771.4000,3772.2000,1,1,3,1,1,2,1,1,1,1
SF,IF2007,2020-05-27 10:04:58.700,3770.2000,7862,0,1081068180.000,0,-,-,-,-,3769.6000,3769.4000,3769.2000,3769.0000,3768.8000,3770.6000,3770.8000,3771.2000,3771.4000,3772.2000,1,1,1,2,1,1,1,1,1,1
SF,IF2007,2020-05-27 10:05:02.200,3769.6000,7863,1,1082199060.000,1,1,0,双开,S,3769.4000,3769.2000,3769.0000,3768.8000,3768.6000,3770.4000,3770.6000,3771.2000,3771.4000,3772.2000,1,1,7,1,1,1,1,1,1,1
SF,IF2007,2020-05-27 10:05:02.700,3769.6000,7863,0,1082199060.000,0,-,-,-,-,3769.4000,3769.0000,3768.8000,3768.6000,3768.4000,3770.2000,3770.4000,3771.2000,3771.4000,3772.2000,1,6,1,1,1,1,1,1,1,1
SF,IF2007,2020-05-27 10:05:03.700,3769.6000,7863,0,1082199060.000,0,-,-,-,-,3769.0000,3768.8000,3768.6000,3768.4000,3768.0000,3770.2000,3770.4000,3771.2000,3772.2000,3773.0000,6,1,1,1,2,2,1,1,1,1
SF,IF2007,2020-05-27 10:05:04.200,3769.6000,7863,0,1082199060.000,0,-,-,-,-,3769.0000,3768.8000,3768.6000,3768.4000,3768.0000,3770.2000,3770.4000,3771.2000,3772.2000,3773.0000,5,1,1,1,2,2,1,1,1,1
SF,IF2007,2020-05-27 10:05:04.700,3769.6000,7863,0,1082199060.000,0,-,-,-,-,3769.0000,3768.8000,3768.6000,3768.0000,3767.4000,3770.2000,3770.4000,3771.2000,3772.2000,3773.0000,5,1,1,2,1,2,1,1,1,1
SF,IF2007,2020-05-27 10:05:05.200,3769.6000,7863,0,1082199060.000,0,-,-,-,-,3770.0000,3769.0000,3768.8000,3768.6000,3768.0000,3770.2000,3770.4000,3771.2000,3772.2000,3773.0000,5,5,1,1,2,2,1,1,1,1
SF,IF2007,2020-05-27 10:05:05.700,3770.0000,7864,1,1087854060.000,5,3,2,空开,S,3769.0000,3768.8000,3768.6000,3768.0000,3767.4000,3770.2000,3770.4000,3771.2000,3772.2000,3773.0000,5,1,1,2,1,2,1,1,1,1
SF,IF2007,2020-05-27 10:05:06.200,3770.0000,7864,0,1087854060.000,0,-,-,-,-,3769.2000,3769.0000,3768.8000,3768.6000,3768.0000,3770.2000,3770.4000,3771.2000,3772.2000,3773.0000,3,5,1,1,2,2,1,1,1,1
SF,IF2007,2020-05-27 10:05:07.700,3770.2000,7865,1,1090116180.000,2,1,1,空开,S,3769.6000,3769.4000,3769.2000,3769.0000,3768.8000,3771.2000,3772.2000,3773.0000,3774.0000,3780.0000,1,1,2,5,1,1,1,1,1,5
SF,IF2007,2020-05-27 10:05:08.200,3770.2000,7865,0,1090116180.000,0,-,-,-,-,3769.8000,3769.6000,3769.4000,3769.0000,3768.8000,3771.0000,3771.2000,3772.2000,3773.0000,3774.0000,1,1,1,5,1,2,1,1,1,1
SF,IF2007,2020-05-27 10:05:09.700,3770.2000,7865,0,1090116180.000,0,-,-,-,-,3770.0000,3769.8000,3769.4000,3769.0000,3768.8000,3771.0000,3771.2000,3772.2000,3773.0000,3774.0000,2,1,2,5,1,2,1,1,1,1
SF,IF2007,2020-05-27 10:05:10.200,3770.2000,7865,0,1090116180.000,0,-,-,-,-,3770.2000,3770.0000,3769.4000,3769.0000,3768.8000,3771.0000,3771.2000,3772.2000,3773.0000,3774.0000,1,2,2,5,1,1,1,1,1,1
SF,IF2007,2020-05-27 10:05:10.700,3770.2000,7865,0,1090116180.000,0,-,-,-,-,3770.2000,3770.0000,3769.4000,3769.0000,3768.8000,3771.2000,3771.4000,3772.2000,3773.0000,3774.0000,1,2,2,5,1,1,1,1,1,1
SF,IF2007,2020-05-27 10:05:11.200,3771.0000,7866,1,1091247480.000,1,1,0,双开,S,3770.2000,3770.0000,3769.4000,3769.0000,3768.8000,3771.2000,3771.4000,3772.2000,3773.0000,3774.0000,1,2,2,10,1,1,1,1,1,1
SF,IF2007,2020-05-27 10:05:13.200,3771.0000,7866,0,1091247480.000,0,-,-,-,-,3770.4000,3770.2000,3770.0000,3769.4000,3769.0000,3772.0000,3772.2000,3773.0000,3774.0000,3780.0000,1,1,1,2,10,1,1,1,1,5
SF,IF2007,2020-05-27 10:05:13.700,3771.0000,7866,0,1091247480.000,0,-,-,-,-,3770.6000,3770.4000,3770.0000,3769.4000,3769.0000,3772.0000,3772.2000,3773.0000,3774.0000,3780.0000,1,1,1,2,10,1,1,1,1,5
SF,IF2007,2020-05-27 10:05:14.200,3771.0000,7866,0,1091247480.000,0,-,-,-,-,3770.8000,3770.6000,3769.4000,3769.0000,3768.8000,3772.0000,3772.2000,3773.0000,3774.0000,3780.0000,1,1,2,10,1,1,1,1,1,5
SF,IF2007,2020-05-27 10:05:14.700,3771.0000,7866,0,1091247480.000,0,-,-,-,-,3771.0000,3770.8000,3769.4000,3769.0000,3768.8000,3772.0000,3772.2000,3773.0000,3774.0000,3780.0000,2,1,2,10,1,1,1,1,1,5
SF,IF2007,2020-05-27 10:05:15.200,3771.0000,7866,0,1091247480.000,0,-,-,-,-,3771.0000,3770.8000,3769.4000,3769.0000,3768.8000,3772.0000,3772.2000,3773.0000,3774.0000,3780.0000,2,1,2,10,1,1,1,1,1,5
SF,IF2007,2020-05-27 10:05:19.200,3771.0000,7866,0,1091247480.000,0,-,-,-,-,3771.0000,3770.8000,3769.4000,3769.0000,3768.8000,3772.2000,3772.6000,3773.0000,3774.0000,3780.0000,2,1,2,10,1,1,1,1,1,5
SF,IF2007,2020-05-27 10:05:19.700,3771.0000,7866,0,1091247480.000,0,-,-,-,-,3771.0000,3770.8000,3769.4000,3769.0000,3768.8000,3772.2000,3772.6000,3773.0000,3774.0000,3780.0000,2,1,1,10,1,1,1,1,1,5
SF,IF2007,2020-05-27 10:05:20.700,3771.0000,7866,0,1091247480.000,0,-,-,-,-,3771.2000,3771.0000,3770.8000,3769.4000,3769.0000,3772.2000,3772.6000,3773.0000,3774.0000,3780.0000,1,1,1,1,10,1,1,1,1,5
SF,IF2007,2020-05-27 10:05:21.200,3771.0000,7866,0,1091247480.000,0,-,-,-,-,3771.4000,3771.2000,3770.0000,3769.4000,3769.0000,3772.2000,3772.6000,3773.0000,3774.0000,3780.0000,1,1,5,1,10,1,1,1,1,5
SF,IF2007,2020-05-27 10:05:23.200,3771.0000,7866,0,1091247480.000,0,-,-,-,-,3771.4000,3770.0000,3769.4000,3769.0000,3768.8000,3772.2000,3772.6000,3773.0000,3774.0000,3780.0000,1,5,1,10,1,1,1,1,1,5
SF,IF2007,2020-05-27 10:05:30.700,3771.4000,7866,0,1092378900.000,1,0,1,多换,S,3770.0000,3769.4000,3769.0000,3768.8000,3768.6000,3772.2000,3772.6000,3773.0000,3774.0000,3780.0000,5,1,10,1,1,1,1,1,1,5
SF,IF2007,2020-05-27 10:05:31.200,3771.4000,7866,0,1092378900.000,0,-,-,-,-,3770.8000,3770.2000,3770.0000,3769.0000,3768.8000,3772.0000,3772.2000,3772.6000,3773.0000,3774.0000,1,3,5,10,1,2,1,1,1,1
SF,IF2007,2020-05-27 10:05:32.200,3771.4000,7866,0,1092378900.000,0,-,-,-,-,3770.8000,3770.2000,3770.0000,3769.0000,3768.8000,3771.8000,3772.0000,3772.2000,3772.6000,3773.0000,1,2,5,10,1,1,2,1,1,1
SF,IF2007,2020-05-27 10:05:32.700,3771.4000,7866,0,1092378900.000,0,-,-,-,-,3771.0000,3770.8000,3770.2000,3770.0000,3769.0000,3771.8000,3772.0000,3772.2000,3772.6000,3773.0000,1,1,1,5,10,1,2,1,1,1
SF,IF2007,2020-05-27 10:05:36.200,3771.4000,7866,0,1092378900.000,0,-,-,-,-,3771.0000,3770.8000,3770.2000,3770.0000,3769.0000,3771.8000,3772.0000,3772.2000,3772.6000,3773.0000,2,1,1,5,10,1,2,1,1,1
SF,IF2007,2020-05-27 10:05:38.200,3771.0000,7865,-1,1094641500.000,2,0,2,多平,S,3770.2000,3770.0000,3769.0000,3768.8000,3768.6000,3771.8000,3772.0000,3772.2000,3772.6000,3773.0000,1,5,10,1,1,1,2,1,1,1
SF,IF2007,2020-05-27 10:05:38.700,3771.0000,7865,0,1094641500.000,0,-,-,-,-,3770.4000,3770.2000,3770.0000,3769.0000,3768.8000,3771.6000,3772.2000,3772.6000,3773.0000,3774.0000,2,1,5,10,1,2,1,1,1,1
SF,IF2007,2020-05-27 10:05:39.200,3771.0000,7865,0,1094641500.000,0,-,-,-,-,3770.6000,3770.4000,3770.0000,3769.0000,3768.8000,3771.6000,3772.2000,3772.6000,3773.0000,3774.0000,2,2,5,10,1,1,1,1,1,1
SF,IF2007,2020-05-27 10:05:39.700,3771.0000,7865,0,1094641500.000,0,-,-,-,-,3770.6000,3770.4000,3770.0000,3769.0000,3768.8000,3771.6000,3772.2000,3772.6000,3773.0000,3774.0000,1,2,5,10,1,1,1,1,1,1
SF,IF2007,2020-05-27 10:05:42.700,3771.0000,7865,0,1094641500.000,0,-,-,-,-,3771.0000,3770.6000,3770.4000,3770.0000,3769.0000,3771.6000,3772.2000,3772.6000,3773.0000,3774.0000,1,1,2,5,10,1,1,1,1,1
SF,IF2007,2020-05-27 10:05:43.200,3771.0000,7865,0,1094641500.000,0,-,-,-,-,3771.0000,3770.6000,3770.4000,3770.0000,3769.0000,3771.6000,3771.8000,3772.2000,3772.6000,3773.0000,1,1,2,5,10,1,1,1,1,1
SF,IF2007,2020-05-27 10:05:44.200,3771.6000,7865,0,1095772980.000,1,0,1,多换,S,3771.0000,3770.6000,3770.4000,3770.0000,3769.0000,3771.8000,3772.2000,3772.6000,3773.0000,3774.0000,1,1,1,5,10,1,1,1,1,1
SF,IF2007,2020-05-27 10:05:44.700,3771.6000,7865,0,1095772980.000,0,-,-,-,-,3771.0000,3770.6000,3770.4000,3770.0000,3769.0000,3772.2000,3772.6000,3773.0000,3774.0000,3780.0000,1,1,1,5,10,1,1,1,1,5
SF,IF2007,2020-05-27 10:05:45.200,3771.6000,7865,0,1095772980.000,0,-,-,-,-,3771.0000,3770.4000,3770.0000,3769.0000,3768.8000,3772.0000,3772.2000,3772.6000,3773.0000,3774.0000,1,1,5,10,1,2,1,1,1,1
SF,IF2007,2020-05-27 10:05:47.700,3771.6000,7865,0,1095772980.000,0,-,-,-,-,3771.0000,3770.4000,3770.0000,3769.0000,3768.8000,3772.0000,3772.2000,3772.6000,3773.0000,3774.0000,1,1,5,10,1,1,1,1,1,1
SF,IF2007,2020-05-27 10:05:48.200,3772.0000,7866,1,1096904580.000,1,1,0,双开,S,3771.2000,3771.0000,3770.0000,3769.0000,3768.8000,3772.0000,3772.2000,3772.6000,3773.0000,3774.0000,3,1,5,10,1,1,1,1,1,1
SF,IF2007,2020-05-27 10:05:48.700,3772.0000,7866,0,1096904580.000,0,-,-,-,-,3771.2000,3771.0000,3770.0000,3769.0000,3768.8000,3772.0000,3772.2000,3772.6000,3773.0000,3774.0000,3,1,5,10,1,1,1,1,1,1
SF,IF2007,2020-05-27 10:05:50.200,3772.0000,7866,0,1096904580.000,0,-,-,-,-,3771.2000,3771.0000,3770.0000,3769.0000,3768.8000,3772.0000,3772.2000,3772.6000,3773.0000,3774.0000,2,1,5,10,1,1,1,1,1,1
SF,IF2007,2020-05-27 10:05:51.700,3772.0000,7866,0,1096904580.000,0,-,-,-,-,3771.2000,3771.0000,3770.0000,3769.0000,3768.8000,3772.0000,3772.2000,3772.6000,3773.0000,3774.0000,1,1,5,10,1,1,1,1,1,1
SF,IF2007,2020-05-27 10:06:00.200,3772.0000,7866,0,1096904580.000,0,-,-,-,-,3771.2000,3770.0000,3769.0000,3768.8000,3768.6000,3772.0000,3772.2000,3772.6000,3773.0000,3774.0000,1,5,10,1,1,1,1,1,1,1
SF,IF2007,2020-05-27 10:06:00.700,3772.0000,7866,0,1096904580.000,0,-,-,-,-,3770.0000,3769.0000,3768.8000,3768.6000,3768.0000,3772.0000,3772.2000,3772.6000,3773.0000,3774.0000,5,10,1,1,7,1,1,1,1,1
SF,IF2007,2020-05-27 10:06:01.200,3772.0000,7866,0,1096904580.000,0,-,-,-,-,3770.8000,3770.6000,3770.4000,3770.2000,3770.0000,3771.8000,3772.0000,3772.2000,3772.6000,3773.0000,2,2,1,4,5,1,1,1,1,2
SF,IF2007,2020-05-27 10:06:01.700,3772.0000,7866,0,1096904580.000,0,-,-,-,-,3770.8000,3770.6000,3770.4000,3770.2000,3770.0000,3771.8000,3772.0000,3772.2000,3772.6000,3773.0000,2,2,1,3,5,1,1,1,1,2
SF,IF2007,2020-05-27 10:06:02.200,3772.0000,7866,0,1096904580.000,0,-,-,-,-,3770.8000,3770.6000,3770.4000,3770.2000,3770.0000,3771.8000,3772.0000,3772.2000,3772.6000,3773.0000,2,2,1,2,5,1,1,1,1,2
SF,IF2007,2020-05-27 10:06:05.700,3772.0000,7866,0,1096904580.000,0,-,-,-,-,3771.0000,3770.8000,3770.6000,3770.4000,3770.2000,3771.8000,3772.0000,3772.2000,3772.6000,3773.0000,1,2,2,1,2,1,1,1,1,2
SF,IF2007,2020-05-27 10:06:06.200,3772.0000,7866,0,1096904580.000,0,-,-,-,-,3771.0000,3770.8000,3770.6000,3770.2000,3770.0000,3771.8000,3772.0000,3772.2000,3772.6000,3773.0000,1,2,2,2,5,1,1,1,1,2
SF,IF2007,2020-05-27 10:06:06.700,3771.0000,7865,-1,1098035880.000,1,0,1,双平,S,3770.8000,3770.6000,3770.2000,3770.0000,3769.0000,3771.0000,3771.8000,3772.0000,3772.2000,3772.6000,1,2,2,5,10,1,1,1,1,1
SF,IF2007,2020-05-27 10:06:07.200,3771.0000,7865,0,1098035880.000,0,-,-,-,-,3770.2000,3770.0000,3769.0000,3768.8000,3768.6000,3771.0000,3771.8000,3772.2000,3772.6000,3773.0000,2,5,10,1,1,1,1,1,1,2
SF,IF2007,2020-05-27 10:06:07.700,3771.0000,7865,0,1098035880.000,0,-,-,-,-,3770.2000,3770.0000,3769.0000,3768.8000,3768.6000,3771.0000,3771.4000,3771.8000,3772.2000,3773.0000,1,5,10,1,1,1,2,1,1,2
SF,IF2007,2020-05-27 10:06:08.200,3771.0000,7865,0,1098035880.000,0,-,-,-,-,3770.2000,3770.0000,3769.0000,3768.8000,3768.6000,3771.0000,3771.4000,3771.8000,3772.2000,3773.0000,1,5,10,1,1,1,1,1,1,2
SF,IF2007,2020-05-27 10:06:08.700,3771.0000,7865,0,1098035880.000,0,-,-,-,-,3770.2000,3770.0000,3769.0000,3768.8000,3768.6000,3771.0000,3771.2000,3771.4000,3771.8000,3772.2000,1,5,10,1,1,1,1,1,1,1
SF,IF2007,2020-05-27 10:06:11.200,3771.0000,7865,0,1098035880.000,0,-,-,-,-,3770.2000,3770.0000,3769.0000,3768.6000,3768.0000,3770.8000,3771.0000,3771.2000,3771.4000,3771.8000,1,5,10,1,7,1,1,1,1,1
SF,IF2007,2020-05-27 10:06:11.700,3771.0000,7865,0,1098035880.000,0,-,-,-,-,3770.0000,3769.0000,3768.6000,3768.0000,3767.4000,3770.8000,3771.0000,3771.4000,3771.8000,3772.2000,5,10,1,7,1,1,1,1,1,1
SF,IF2007,2020-05-27 10:06:12.200,3770.0000,7866,1,1099166880.000,1,1,0,双开,S,3770.0000,3769.0000,3768.6000,3768.0000,3767.4000,3770.6000,3770.8000,3771.0000,3771.4000,3772.2000,4,10,1,7,1,4,1,1,1,1
SF,IF2007,2020-05-27 10:06:12.700,3770.0000,7866,0,1099166880.000,0,-,-,-,-,3770.0000,3769.0000,3768.6000,3768.0000,3767.4000,3770.4000,3770.6000,3770.8000,3771.0000,3771.4000,4,10,1,7,1,1,3,1,1,1
SF,IF2007,2020-05-27 10:06:14.700,3770.4000,7866,0,1100298000.000,1,0,1,多换,S,3770.0000,3769.0000,3768.6000,3768.0000,3767.4000,3770.2000,3770.6000,3770.8000,3771.0000,3771.4000,4,10,1,7,1,1,3,1,1,1
SF,IF2007,2020-05-27 10:06:15.200,3770.2000,7866,0,1103691240.000,3,1,2,多换,S,3770.0000,3769.0000,3768.6000,3768.0000,3767.4000,3770.6000,3770.8000,3771.0000,3771.4000,3772.2000,4,10,1,7,1,1,1,1,1,1
SF,IF2007,2020-05-27 10:06:15.700,3770.2000,7866,0,1103691240.000,0,-,-,-,-,3770.0000,3769.0000,3768.6000,3768.0000,3767.4000,3770.6000,3771.0000,3771.4000,3772.2000,3773.0000,4,10,1,7,1,1,1,1,1,2
SF,IF2007,2020-05-27 10:06:16.200,3770.2000,7866,0,1103691240.000,0,-,-,-,-,3770.0000,3769.0000,3768.6000,3768.0000,3767.4000,3771.0000,3771.4000,3772.2000,3773.0000,3774.0000,4,10,1,7,1,1,1,1,2,1
SF,IF2007,2020-05-27 10:06:30.200,3770.2000,7866,0,1103691240.000,0,-,-,-,-,3770.0000,3769.0000,3768.6000,3768.0000,3767.4000,3770.8000,3771.0000,3771.4000,3772.2000,3773.0000,4,10,1,7,1,1,1,1,1,2
SF,IF2007,2020-05-27 10:06:31.200,3770.2000,7866,0,1103691240.000,0,-,-,-,-,3770.0000,3769.0000,3768.6000,3768.0000,3767.4000,3770.8000,3771.0000,3771.4000,3772.2000,3773.0000,5,10,1,7,1,1,1,1,1,2
SF,IF2007,2020-05-27 10:06:35.200,3770.0000,7866,0,1105953240.000,2,1,1,多换,S,3770.0000,3769.0000,3768.6000,3768.0000,3767.4000,3770.2000,3770.6000,3770.8000,3771.0000,3772.2000,3,10,1,7,1,1,1,1,1,1
SF,IF2007,2020-05-27 10:06:35.700,3770.0000,7866,0,1107084240.000,1,0,1,多换,S,3770.0000,3769.0000,3768.6000,3768.0000,3767.4000,3770.2000,3770.6000,3770.8000,3771.0000,3772.2000,2,10,1,7,1,1,1,1,1,1
SF,IF2007,2020-05-27 10:06:36.700,3770.2000,7866,0,1108215300.000,1,0,1,多换,S,3770.0000,3769.0000,3768.6000,3768.0000,3767.4000,3770.6000,3770.8000,3771.0000,3772.2000,3773.0000,2,10,1,7,1,1,1,1,1,2
SF,IF2007,2020-05-27 10:06:37.200,3770.2000,7866,0,1108215300.000,0,-,-,-,-,3770.0000,3769.0000,3768.6000,3768.0000,3767.4000,3770.6000,3770.8000,3771.0000,3772.2000,3773.0000,2,10,1,7,1,1,1,1,1,2
SF,IF2007,2020-05-27 10:06:37.700,3770.6000,7865,-1,1109346480.000,1,0,1,双平,S,3770.0000,3769.0000,3768.6000,3768.0000,3767.4000,3771.0000,3772.2000,3773.0000,3774.0000,3780.0000,2,10,1,7,1,1,1,2,1,5
SF,IF2007,2020-05-27 10:06:38.200,3770.6000,7865,0,1109346480.000,0,-,-,-,-,3770.2000,3770.0000,3769.0000,3768.6000,3768.0000,3771.0000,3772.2000,3773.0000,3774.0000,3780.0000,1,2,10,1,7,1,1,2,1,5
SF,IF2007,2020-05-27 10:06:38.700,3770.6000,7865,0,1109346480.000,0,-,-,-,-,3770.2000,3770.0000,3769.0000,3768.0000,3767.4000,3771.0000,3772.2000,3773.0000,3774.0000,3780.0000,1,2,10,7,1,1,1,2,1,5
SF,IF2007,2020-05-27 10:06:39.200,3770.6000,7865,0,1109346480.000,0,-,-,-,-,3770.0000,3769.0000,3768.0000,3767.4000,3766.0000,3771.0000,3772.2000,3773.0000,3774.0000,3780.0000,2,10,7,1,1,1,1,2,1,5
SF,IF2007,2020-05-27 10:06:39.700,3770.6000,7865,0,1109346480.000,0,-,-,-,-,3770.0000,3769.0000,3768.0000,3767.4000,3766.0000,3770.8000,3771.0000,3772.2000,3773.0000,3774.0000,2,10,7,1,1,1,1,1,2,1
SF,IF2007,2020-05-27 10:06:43.200,3770.8000,7864,-1,1110477720.000,1,0,1,双平,S,3770.0000,3769.0000,3768.0000,3767.4000,3766.0000,3771.0000,3772.2000,3773.0000,3774.0000,3780.0000,2,10,7,1,1,1,1,2,1,5
SF,IF2007,2020-05-27 10:06:43.700,3770.8000,7864,0,1110477720.000,0,-,-,-,-,3770.2000,3770.0000,3769.0000,3768.0000,3767.4000,3771.0000,3772.2000,3773.0000,3774.0000,3780.0000,1,2,10,7,1,1,1,2,1,5
SF,IF2007,2020-05-27 10:06:46.700,3770.8000,7864,0,1110477720.000,0,-,-,-,-,3770.2000,3770.0000,3769.0000,3768.0000,3767.4000,3770.8000,3771.0000,3772.2000,3773.0000,3774.0000,1,2,10,7,1,1,1,1,2,1
SF,IF2007,2020-05-27 10:06:47.200,3770.8000,7864,0,1110477720.000,0,-,-,-,-,3770.0000,3769.0000,3768.0000,3767.4000,3766.0000,3770.8000,3771.0000,3772.2000,3773.0000,3774.0000,2,10,7,1,1,1,1,1,2,1
SF,IF2007,2020-05-27 10:06:48.200,3770.8000,7864,0,1110477720.000,0,-,-,-,-,3770.0000,3769.0000,3768.0000,3767.4000,3766.0000,3771.0000,3772.2000,3773.0000,3774.0000,3780.0000,2,10,7,1,1,1,1,2,1,5
SF,IF2007,2020-05-27 10:06:48.700,3770.8000,7864,0,1110477720.000,0,-,-,-,-,3770.0000,3769.0000,3768.0000,3767.4000,3766.0000,3771.0000,3772.2000,3773.0000,3774.0000,3780.0000,2,10,7,1,1,1,1,2,1,5
SF,IF2007,2020-05-27 10:06:49.200,3770.8000,7864,0,1110477720.000,0,-,-,-,-,3770.0000,3769.0000,3768.0000,3767.4000,3766.0000,3771.0000,3772.2000,3773.0000,3774.0000,3780.0000,2,10,7,1,1,1,1,2,1,5
SF,IF2007,2020-05-27 10:06:51.700,3770.8000,7864,0,1110477720.000,0,-,-,-,-,3770.0000,3769.0000,3768.0000,3767.4000,3766.0000,3770.8000,3771.0000,3772.2000,3773.0000,3774.0000,2,10,7,1,1,1,1,1,2,1
SF,IF2007,2020-05-27 10:06:53.200,3770.8000,7864,0,1110477720.000,0,-,-,-,-,3770.2000,3770.0000,3769.0000,3768.0000,3767.4000,3771.0000,3772.2000,3773.0000,3774.0000,3780.0000,1,2,10,7,1,1,1,2,1,5
SF,IF2007,2020-05-27 10:06:53.700,3770.8000,7864,0,1110477720.000,0,-,-,-,-,3770.2000,3770.0000,3769.0000,3768.0000,3767.4000,3771.0000,3772.2000,3773.0000,3774.0000,3780.0000,1,2,10,7,1,1,1,2,1,5
SF,IF2007,2020-05-27 10:06:54.200,3770.8000,7864,0,1110477720.000,0,-,-,-,-,3770.2000,3770.0000,3769.0000,3768.0000,3767.4000,3771.0000,3772.2000,3773.0000,3774.0000,3780.0000,1,2,10,7,1,1,1,2,1,5
SF,IF2007,2020-05-27 10:06:54.700,3770.8000,7864,0,1110477720.000,0,-,-,-,-,3770.2000,3770.0000,3769.0000,3768.0000,3767.4000,3771.0000,3772.2000,3773.0000,3774.0000,3780.0000,1,2,10,7,1,1,1,2,1,5
SF,IF2007,2020-05-27 10:06:55.200,3771.0000,7863,-1,1111609020.000,1,0,1,双平,S,3770.2000,3770.0000,3769.0000,3768.0000,3767.4000,3772.2000,3773.0000,3774.0000,3780.0000,3781.0000,1,2,10,7,1,1,2,1,5,1
SF,IF2007,2020-05-27 10:06:55.700,3771.0000,7863,0,1111609020.000,0,-,-,-,-,3770.4000,3770.2000,3770.0000,3769.0000,3768.0000,3771.6000,3771.8000,3772.0000,3772.2000,3773.0000,2,1,2,10,7,1,1,2,1,2
SF,IF2007,2020-05-27 10:06:56.200,3771.0000,7863,0,1111609020.000,0,-,-,-,-,3770.4000,3770.0000,3769.0000,3768.0000,3767.4000,3771.4000,3771.6000,3771.8000,3772.0000,3772.2000,2,2,10,7,1,2,1,1,1,1
SF,IF2007,2020-05-27 10:06:56.700,3771.0000,7863,0,1111609020.000,0,-,-,-,-,3770.0000,3769.0000,3768.0000,3767.4000,3766.0000,3771.4000,3771.6000,3771.8000,3772.0000,3772.2000,2,10,7,1,1,2,1,1,1,1
SF,IF2007,2020-05-27 10:06:57.200,3771.0000,7863,0,1111609020.000,0,-,-,-,-,3770.2000,3770.0000,3769.0000,3768.0000,3767.4000,3771.4000,3771.6000,3771.8000,3772.0000,3772.2000,1,2,10,8,1,2,1,1,1,1
SF,IF2007,2020-05-27 10:06:57.700,3771.0000,7863,0,1111609020.000,0,-,-,-,-,3770.2000,3770.0000,3769.0000,3768.0000,3767.4000,3771.4000,3771.6000,3771.8000,3772.0000,3772.2000,1,2,10,8,1,2,1,1,1,1
SF,IF2007,2020-05-27 10:06:59.200,3771.0000,7863,0,1111609020.000,0,-,-,-,-,3770.2000,3770.0000,3769.0000,3768.0000,3767.4000,3771.4000,3771.6000,3772.0000,3772.2000,3772.4000,1,2,10,8,1,2,1,1,1,1
SF,IF2007,2020-05-27 10:07:03.700,3771.0000,7863,0,1111609020.000,0,-,-,-,-,3770.2000,3770.0000,3769.0000,3768.0000,3767.4000,3771.2000,3771.4000,3772.0000,3772.2000,3772.4000,1,2,10,8,1,1,2,1,1,1
SF,IF2007,2020-05-27 10:07:15.700,3771.0000,7863,0,1111609020.000,0,-,-,-,-,3770.2000,3770.0000,3769.0000,3768.0000,3767.4000,3771.2000,3771.4000,3772.0000,3772.4000,3773.0000,1,2,10,8,1,1,2,2,1,1
SF,IF2007,2020-05-27 10:07:16.200,3771.0000,7863,0,1111609020.000,0,-,-,-,-,3770.0000,3769.0000,3768.0000,3767.4000,3766.0000,3770.2000,3770.8000,3771.0000,3771.2000,3771.4000,2,10,8,1,1,1,1,1,1,1
SF,IF2007,2020-05-27 10:07:16.700,3771.0000,7863,0,1111609020.000,0,-,-,-,-,3770.0000,3769.0000,3768.0000,3767.4000,3766.0000,3770.2000,3771.0000,3771.2000,3771.4000,3772.0000,2,10,8,1,1,1,1,1,1,2
SF,IF2007,2020-05-27 10:07:17.200,3770.0000,7864,1,1112740020.000,1,1,0,双开,S,3770.0000,3769.0000,3768.0000,3767.4000,3766.0000,3770.2000,3771.0000,3771.4000,3772.0000,3772.4000,1,10,8,1,1,1,1,1,2,1
SF,IF2007,2020-05-27 10:07:17.700,3770.0000,7864,0,1113871020.000,1,0,1,多换,S,3769.0000,3768.0000,3767.4000,3766.0000,3765.0000,3770.2000,3771.0000,3771.4000,3772.0000,3772.4000,10,8,1,1,3,1,1,1,2,1
SF,IF2007,2020-05-27 10:07:18.200,3770.0000,7864,0,1113871020.000,0,-,-,-,-,3769.2000,3769.0000,3768.0000,3767.4000,3766.0000,3770.2000,3771.0000,3771.4000,3772.0000,3772.4000,3,10,8,1,1,1,1,1,2,1
SF,IF2007,2020-05-27 10:07:20.200,3770.0000,7864,0,1113871020.000,0,-,-,-,-,3769.2000,3769.0000,3768.0000,3767.4000,3766.0000,3770.2000,3771.0000,3771.4000,3772.0000,3772.4000,1,10,8,1,1,1,1,1,2,1
SF,IF2007,2020-05-27 10:07:23.700,3770.0000,7864,0,1113871020.000,0,-,-,-,-,3769.2000,3769.0000,3768.0000,3767.4000,3766.0000,3770.2000,3771.0000,3771.4000,3772.0000,3772.4000,1,10,8,1,1,1,1,1,1,1
SF,IF2007,2020-05-27 10:07:24.200,3770.0000,7864,0,1113871020.000,0,-,-,-,-,3769.0000,3768.0000,3767.4000,3766.0000,3765.0000,3769.8000,3770.0000,3770.2000,3771.4000,3772.0000,10,8,1,1,3,1,1,1,1,1
SF,IF2007,2020-05-27 10:07:24.700,3770.0000,7864,0,1113871020.000,0,-,-,-,-,3769.0000,3768.0000,3767.4000,3766.0000,3765.0000,3770.0000,3770.2000,3771.4000,3772.0000,3772.4000,10,8,1,1,3,1,1,1,1,1
SF,IF2007,2020-05-27 10:07:25.200,3770.0000,7864,0,1113871020.000,0,-,-,-,-,3769.0000,3768.0000,3767.4000,3766.0000,3765.0000,3770.0000,3770.2000,3771.4000,3772.0000,3772.4000,10,8,1,1,3,1,1,1,1,1
SF,IF2007,2020-05-27 10:07:26.200,3770.0000,7864,0,1115002020.000,1,0,1,多换,S,3769.2000,3769.0000,3768.0000,3767.4000,3766.0000,3770.2000,3771.4000,3772.0000,3772.4000,3773.0000,1,10,8,1,1,1,1,1,1,1
SF,IF2007,2020-05-27 10:07:26.700,3770.2000,7863,-1,1116133080.000,1,0,1,双平,S,3769.4000,3769.2000,3769.0000,3768.0000,3767.4000,3771.4000,3772.0000,3772.4000,3773.0000,3774.0000,2,1,10,8,1,1,1,1,1,1
SF,IF2007,2020-05-27 10:07:27.200,3770.2000,7863,0,1116133080.000,0,-,-,-,-,3770.0000,3769.4000,3769.0000,3768.0000,3767.4000,3771.0000,3771.2000,3771.4000,3772.0000,3772.4000,1,2,10,8,1,1,1,1,1,1
SF,IF2007,2020-05-27 10:07:27.700,3770.2000,7863,0,1116133080.000,0,-,-,-,-,3770.0000,3769.4000,3769.0000,3768.0000,3767.4000,3770.6000,3770.8000,3771.0000,3771.4000,3772.0000,1,2,10,8,1,1,1,1,1,1
SF,IF2007,2020-05-27 10:07:28.200,3769.4000,7863,0,1118394900.000,2,1,1,多换,S,3769.4000,3769.0000,3768.0000,3767.4000,3766.0000,3771.4000,3772.0000,3772.4000,3773.0000,3774.0000,1,10,8,1,1,1,1,1,1,1
SF,IF2007,2020-05-27 10:07:28.700,3769.4000,7863,0,1118394900.000,0,-,-,-,-,3769.8000,3769.4000,3769.0000,3768.0000,3767.4000,3771.2000,3771.4000,3772.0000,3772.4000,3773.0000,2,1,10,8,1,2,1,1,1,1
SF,IF2007,2020-05-27 10:07:29.200,3769.4000,7863,0,1118394900.000,0,-,-,-,-,3770.0000,3769.8000,3769.0000,3768.0000,3767.4000,3771.2000,3771.4000,3772.0000,3772.4000,3773.0000,1,2,10,8,1,2,1,1,1,1
SF,IF2007,2020-05-27 10:07:30.200,3769.4000,7863,0,1118394900.000,0,-,-,-,-,3770.0000,3769.8000,3769.6000,3769.0000,3768.0000,3771.2000,3771.4000,3772.0000,3772.4000,3773.0000,1,2,1,10,8,2,1,1,1,1
SF,IF2007,2020-05-27 10:07:31.700,3769.4000,7863,0,1118394900.000,0,-,-,-,-,3770.0000,3769.8000,3769.6000,3769.0000,3768.0000,3771.2000,3771.4000,3772.0000,3772.4000,3773.0000,1,1,1,10,8,2,1,1,1,1
SF,IF2007,2020-05-27 10:07:32.700,3769.4000,7863,0,1118394900.000,0,-,-,-,-,3770.2000,3770.0000,3769.6000,3769.0000,3768.0000,3771.2000,3771.4000,3772.0000,3772.4000,3773.0000,1,1,1,10,8,2,1,1,1,1
SF,IF2007,2020-05-27 10:07:33.200,3769.4000,7863,0,1118394900.000,0,-,-,-,-,3770.4000,3770.2000,3769.6000,3769.0000,3768.0000,3771.2000,3771.4000,3772.0000,3772.4000,3773.0000,1,1,1,10,8,1,1,1,1,1
SF,IF2007,2020-05-27 10:07:33.700,3769.4000,7863,0,1118394900.000,0,-,-,-,-,3770.4000,3769.6000,3769.0000,3768.0000,3767.4000,3771.2000,3771.4000,3772.0000,3772.4000,3773.0000,1,1,10,8,1,1,1,1,1,1
SF,IF2007,2020-05-27 10:07:34.200,3769.4000,7863,0,1118394900.000,0,-,-,-,-,3770.4000,3769.6000,3769.0000,3768.0000,3767.4000,3771.2000,3772.0000,3772.4000,3773.0000,3774.0000,1,1,10,8,1,1,1,1,1,1
SF,IF2007,2020-05-27 10:07:37.200,3769.4000,7863,0,1118394900.000,0,-,-,-,-,3770.4000,3769.0000,3768.0000,3767.4000,3766.0000,3771.2000,3772.0000,3772.4000,3773.0000,3774.0000,1,10,8,1,1,1,1,1,1,1
SF,IF2007,2020-05-27 10:07:48.700,3769.4000,7863,0,1118394900.000,0,-,-,-,-,3770.4000,3769.0000,3768.0000,3767.4000,3766.0000,3771.0000,3771.2000,3772.0000,3772.4000,3773.0000,1,10,8,1,1,1,1,1,1,1
SF,IF2007,2020-05-27 10:07:49.200,3769.4000,7863,0,1118394900.000,0,-,-,-,-,3769.0000,3768.0000,3767.4000,3766.0000,3765.0000,3770.8000,3771.0000,3771.2000,3772.0000,3772.4000,10,8,1,1,3,1,1,1,1,1
SF,IF2007,2020-05-27 10:07:49.700,3769.4000,7863,0,1118394900.000,0,-,-,-,-,3769.2000,3769.0000,3768.0000,3767.4000,3766.0000,3770.6000,3771.0000,3772.0000,3772.4000,3773.0000,1,10,8,1,1,1,1,1,1,1
SF,IF2007,2020-05-27 10:07:50.200,3769.4000,7863,0,1118394900.000,0,-,-,-,-,3769.2000,3769.0000,3768.0000,3767.4000,3766.0000,3771.0000,3772.0000,3772.4000,3773.0000,3774.0000,1,10,8,1,1,1,1,1,1,1
SF,IF2007,2020-05-27 10:07:50.700,3769.4000,7863,0,1118394900.000,0,-,-,-,-,3769.2000,3769.0000,3768.0000,3767.4000,3766.0000,3770.8000,3771.0000,3772.0000,3772.4000,3773.0000,1,10,8,1,1,2,1,1,1,1
SF,IF2007,2020-05-27 10:07:51.200,3769.4000,7863,0,1118394900.000,0,-,-,-,-,3769.6000,3769.2000,3769.0000,3768.0000,3767.4000,3770.8000,3771.0000,3772.0000,3772.4000,3773.0000,1,1,10,8,1,1,1,1,1,1
SF,IF2007,2020-05-27 10:07:51.700,3769.4000,7863,0,1118394900.000,0,-,-,-,-,3769.8000,3769.6000,3769.0000,3768.0000,3767.4000,3770.8000,3771.0000,3772.0000,3772.4000,3773.0000,1,1,10,8,1,1,1,1,1,1
SF,IF2007,2020-05-27 10:07:52.700,3769.4000,7863,0,1118394900.000,0,-,-,-,-,3769.8000,3769.6000,3769.0000,3768.0000,3767.4000,3770.6000,3770.8000,3771.0000,3772.0000,3772.4000,1,1,10,8,1,1,1,1,1,1
SF,IF2007,2020-05-27 10:07:53.200,3770.6000,7864,1,1119526080.000,1,1,0,双开,S,3769.8000,3769.0000,3768.0000,3767.4000,3766.0000,3770.8000,3771.0000,3772.0000,3772.4000,3773.0000,1,10,8,1,1,1,1,1,1,1
SF,IF2007,2020-05-27 10:07:55.700,3770.6000,7864,0,1119526080.000,0,-,-,-,-,3769.8000,3769.0000,3768.0000,3767.4000,3766.0000,3770.8000,3771.0000,3772.0000,3772.4000,3773.0000,1,10,8,1,1,2,1,1,1,1
SF,IF2007,2020-05-27 10:08:01.700,3769.8000,7864,0,1120657020.000,1,0,1,多换,S,3769.0000,3768.0000,3767.4000,3766.0000,3765.0000,3770.8000,3771.0000,3772.0000,3772.4000,3773.0000,10,8,1,1,3,2,1,1,1,1
SF,IF2007,2020-05-27 10:08:02.200,3769.8000,7864,0,1120657020.000,0,-,-,-,-,3769.2000,3769.0000,3768.0000,3767.4000,3766.0000,3770.4000,3770.6000,3770.8000,3771.0000,3772.0000,1,10,8,1,1,1,3,1,1,1
SF,IF2007,2020-05-27 10:08:02.700,3769.8000,7864,0,1120657020.000,0,-,-,-,-,3769.2000,3769.0000,3768.0000,3767.4000,3766.0000,3770.2000,3770.4000,3770.6000,3770.8000,3771.0000,1,10,8,1,1,1,1,2,1,1
SF,IF2007,2020-05-27 10:08:03.200,3769.8000,7864,0,1120657020.000,0,-,-,-,-,3769.4000,3769.2000,3769.0000,3768.0000,3767.4000,3770.2000,3770.4000,3770.6000,3770.8000,3771.0000,1,1,10,8,1,1,1,2,1,1
SF,IF2007,2020-05-27 10:08:03.700,3769.8000,7864,0,1120657020.000,0,-,-,-,-,3769.4000,3769.2000,3769.0000,3768.0000,3767.4000,3770.2000,3770.4000,3770.8000,3771.0000,3772.0000,1,1,10,8,1,1,1,1,1,1
SF,IF2007,2020-05-27 10:08:09.200,3769.8000,7864,0,1120657020.000,0,-,-,-,-,3769.2000,3769.0000,3768.0000,3767.4000,3766.0000,3770.2000,3770.4000,3770.8000,3771.0000,3772.0000,1,10,8,1,1,1,1,1,1,1
SF,IF2007,2020-05-27 10:08:14.700,3769.8000,7864,0,1120657020.000,0,-,-,-,-,3769.2000,3769.0000,3768.0000,3767.4000,3766.0000,3770.0000,3770.2000,3770.4000,3770.8000,3771.0000,1,10,8,1,1,1,1,1,1,1
SF,IF2007,2020-05-27 10:08:15.200,3769.8000,7864,0,1120657020.000,0,-,-,-,-,3769.0000,3768.0000,3767.4000,3766.0000,3765.0000,3769.8000,3770.0000,3770.2000,3770.8000,3771.0000,10,8,1,1,3,1,1,1,1,1
SF,IF2007,2020-05-27 10:08:18.700,3769.8000,7864,0,1120657020.000,0,-,-,-,-,3769.0000,3768.0000,3767.4000,3766.0000,3765.0000,3769.6000,3769.8000,3770.0000,3770.2000,3770.8000,10,8,1,1,3,1,1,1,1,1
SF,IF2007,2020-05-27 10:08:19.700,3769.8000,7864,0,1120657020.000,0,-,-,-,-,3769.0000,3768.0000,3767.4000,3766.0000,3765.0000,3769.6000,3769.8000,3770.0000,3770.2000,3770.8000,10,8,1,1,3,1,1,1,1,1
SF,IF2007,2020-05-27 10:08:20.700,3769.8000,7864,0,1120657020.000,0,-,-,-,-,3769.0000,3768.0000,3767.4000,3766.0000,3765.0000,3769.6000,3769.8000,3770.0000,3770.2000,3770.8000,10,8,1,1,3,1,1,1,1,1
SF,IF2007,2020-05-27 10:08:21.200,3769.0000,7864,0,1121787720.000,1,0,1,多换,S,3769.0000,3768.0000,3767.4000,3766.0000,3765.0000,3769.6000,3769.8000,3770.0000,3770.2000,3770.8000,9,8,1,1,3,1,1,1,1,1
SF,IF2007,2020-05-27 10:08:22.200,3769.0000,7865,1,1122918420.000,1,1,0,双开,S,3769.0000,3768.0000,3767.4000,3766.0000,3765.0000,3769.6000,3769.8000,3770.0000,3770.2000,3770.8000,8,8,1,1,3,1,1,1,1,1
SF,IF2007,2020-05-27 10:08:22.700,3769.0000,7865,0,1122918420.000,0,-,-,-,-,3769.0000,3768.0000,3767.4000,3766.0000,3765.0000,3769.4000,3769.6000,3769.8000,3770.0000,3770.2000,8,8,1,1,3,1,1,1,1,1
SF,IF2007,2020-05-27 10:08:24.200,3769.0000,7865,0,1122918420.000,0,-,-,-,-,3769.0000,3768.0000,3767.4000,3766.0000,3765.0000,3769.4000,3769.8000,3770.0000,3770.2000,3770.8000,8,8,1,1,3,1,1,1,1,1
SF,IF2007,2020-05-27 10:08:25.200,3769.4000,7864,-1,1124049240.000,1,0,1,双平,S,3769.0000,3768.0000,3767.4000,3766.0000,3765.0000,3770.0000,3770.2000,3770.8000,3772.0000,3773.0000,8,8,1,1,3,1,1,1,1,1
SF,IF2007,2020-05-27 10:08:26.200,3769.4000,7864,0,1124049240.000,0,-,-,-,-,3769.0000,3768.0000,3767.4000,3766.0000,3765.0000,3770.0000,3770.2000,3772.0000,3773.0000,3774.0000,8,8,1,1,3,1,1,1,1,1
SF,IF2007,2020-05-27 10:08:26.700,3769.4000,7864,0,1124049240.000,0,-,-,-,-,3769.2000,3769.0000,3768.0000,3767.4000,3766.0000,3770.0000,3770.2000,3772.0000,3773.0000,3774.0000,1,8,8,1,1,1,1,1,1,1
SF,IF2007,2020-05-27 10:08:27.700,3769.4000,7864,0,1124049240.000,0,-,-,-,-,3769.2000,3769.0000,3768.0000,3767.4000,3766.0000,3770.2000,3772.0000,3773.0000,3774.0000,3780.0000,1,8,8,1,1,1,1,1,1,5
SF,IF2007,2020-05-27 10:08:29.200,3769.4000,7864,0,1124049240.000,0,-,-,-,-,3769.2000,3769.0000,3768.0000,3767.4000,3766.0000,3770.0000,3770.2000,3772.0000,3773.0000,3774.0000,1,8,8,1,1,1,1,1,1,1
SF,IF2007,2020-05-27 10:08:29.700,3769.4000,7864,0,1124049240.000,0,-,-,-,-,3769.0000,3768.0000,3767.4000,3766.0000,3765.0000,3769.8000,3770.0000,3770.2000,3772.0000,3773.0000,8,8,1,1,3,1,1,1,1,1
SF,IF2007,2020-05-27 10:08:33.700,3769.4000,7864,0,1124049240.000,0,-,-,-,-,3769.0000,3768.0000,3767.4000,3766.0000,3765.0000,3769.8000,3770.0000,3770.2000,3772.0000,3773.0000,8,8,1,1,3,1,1,2,1,1
SF,IF2007,2020-05-27 10:08:35.200,3769.4000,7864,0,1124049240.000,0,-,-,-,-,3769.0000,3768.0000,3767.4000,3766.0000,3765.0000,3770.0000,3770.2000,3772.0000,3773.0000,3774.0000,8,8,1,1,3,1,2,1,1,1
SF,IF2007,2020-05-27 10:08:35.700,3769.4000,7864,0,1124049240.000,0,-,-,-,-,3769.2000,3769.0000,3768.0000,3767.4000,3766.0000,3770.0000,3770.2000,3772.0000,3773.0000,3774.0000,2,8,8,1,1,1,2,1,1,1
SF,IF2007,2020-05-27 10:08:36.200,3769.4000,7864,0,1124049240.000,0,-,-,-,-,3769.2000,3769.0000,3768.0000,3767.4000,3766.0000,3770.2000,3772.0000,3773.0000,3774.0000,3780.0000,2,8,8,1,1,1,1,1,1,5
SF,IF2007,2020-05-27 10:08:36.700,3769.4000,7864,0,1124049240.000,0,-,-,-,-,3769.2000,3769.0000,3768.0000,3767.4000,3766.0000,3770.2000,3772.0000,3773.0000,3774.0000,3780.0000,2,8,8,1,1,1,1,1,1,5
SF,IF2007,2020-05-27 10:08:37.200,3769.4000,7864,0,1124049240.000,0,-,-,-,-,3769.2000,3769.0000,3768.0000,3767.4000,3766.0000,3770.2000,3772.0000,3773.0000,3774.0000,3780.0000,2,8,8,1,1,1,1,1,1,5
SF,IF2007,2020-05-27 10:08:40.700,3769.4000,7864,0,1124049240.000,0,-,-,-,-,3769.2000,3769.0000,3768.0000,3767.4000,3766.0000,3770.2000,3772.0000,3773.0000,3774.0000,3780.0000,2,9,8,1,1,1,1,1,1,5
SF,IF2007,2020-05-27 10:08:41.200,3769.4000,7864,0,1124049240.000,0,-,-,-,-,3769.2000,3769.0000,3768.0000,3767.4000,3766.0000,3770.2000,3772.0000,3773.0000,3774.0000,3780.0000,2,9,8,1,1,1,1,1,1,5
SF,IF2007,2020-05-27 10:08:41.700,3769.4000,7864,0,1124049240.000,0,-,-,-,-,3769.2000,3769.0000,3768.0000,3767.4000,3766.0000,3770.2000,3772.0000,3773.0000,3774.0000,3780.0000,2,9,8,1,1,1,1,1,1,5
SF,IF2007,2020-05-27 10:08:42.200,3769.4000,7864,0,1124049240.000,0,-,-,-,-,3769.4000,3769.2000,3769.0000,3768.0000,3767.4000,3770.2000,3772.0000,3773.0000,3774.0000,3780.0000,1,2,9,8,1,1,1,1,1,5
SF,IF2007,2020-05-27 10:08:43.200,3769.4000,7864,0,1124049240.000,0,-,-,-,-,3769.4000,3769.2000,3769.0000,3768.0000,3767.4000,3770.2000,3772.0000,3773.0000,3774.0000,3780.0000,2,1,9,8,1,1,1,1,1,5
SF,IF2007,2020-05-27 10:08:43.700,3769.4000,7864,0,1124049240.000,0,-,-,-,-,3769.4000,3769.2000,3769.0000,3768.0000,3767.4000,3770.2000,3771.2000,3772.0000,3773.0000,3774.0000,1,1,9,8,1,1,1,1,1,1
SF,IF2007,2020-05-27 10:08:44.200,3769.4000,7864,0,1124049240.000,0,-,-,-,-,3769.4000,3769.2000,3769.0000,3768.0000,3767.4000,3771.2000,3772.0000,3773.0000,3774.0000,3780.0000,1,1,9,8,1,1,1,1,1,5
SF,IF2007,2020-05-27 10:08:44.700,3769.4000,7864,0,1124049240.000,0,-,-,-,-,3769.6000,3769.4000,3769.0000,3768.0000,3767.4000,3770.4000,3771.0000,3771.2000,3772.0000,3773.0000,1,1,9,8,1,2,1,1,1,1
SF,IF2007,2020-05-27 10:08:58.700,3769.6000,7864,0,1125180120.000,1,0,1,多换,S,3769.4000,3769.0000,3768.0000,3767.4000,3766.0000,3770.4000,3771.0000,3771.2000,3772.0000,3773.0000,1,9,8,1,1,2,1,1,1,1
SF,IF2007,2020-05-27 10:08:59.200,3769.6000,7864,0,1125180120.000,0,-,-,-,-,3769.4000,3769.0000,3768.0000,3767.4000,3766.0000,3770.2000,3770.4000,3771.2000,3772.0000,3773.0000,1,9,8,1,1,1,2,1,1,1
SF,IF2007,2020-05-27 10:08:59.700,3769.6000,7864,0,1125180120.000,0,-,-,-,-,3769.4000,3769.0000,3768.0000,3767.4000,3766.0000,3770.2000,3770.4000,3771.2000,3772.0000,3773.0000,1,9,8,1,1,2,2,1,1,1
SF,IF2007,2020-05-27 10:09:00.200,3769.6000,7864,0,1125180120.000,0,-,-,-,-,3769.0000,3768.0000,3767.4000,3766.0000,3765.0000,3770.2000,3770.4000,3771.2000,3772.0000,3773.0000,9,8,1,1,3,2,2,1,1,1
SF,IF2007,2020-05-27 10:09:00.700,3769.6000,7864,0,1125180120.000,0,-,-,-,-,3769.0000,3768.0000,3767.4000,3766.0000,3765.0000,3770.0000,3770.2000,3770.4000,3771.2000,3772.0000,9,8,1,1,3,1,2,1,1,1
SF,IF2007,2020-05-27 10:09:01.200,3769.6000,7864,0,1125180120.000,0,-,-,-,-,3769.0000,3768.0000,3767.4000,3766.0000,3765.0000,3769.8000,3770.0000,3770.2000,3770.4000,3771.2000,9,8,1,1,3,1,1,1,1,1
SF,IF2007,2020-05-27 10:09:01.700,3769.0000,7866,2,1127441520.000,2,2,0,双开,S,3769.0000,3768.0000,3767.4000,3766.0000,3765.0000,3769.6000,3769.8000,3770.2000,3770.4000,3771.2000,7,8,1,1,3,1,1,1,1,1
SF,IF2007,2020-05-27 10:09:02.200,3769.0000,7866,0,1131964320.000,4,2,2,多换,S,3769.0000,3768.0000,3767.4000,3766.0000,3765.0000,3769.4000,3769.6000,3769.8000,3770.2000,3770.4000,3,8,1,1,3,1,1,1,1,1
SF,IF2007,2020-05-27 10:09:02.700,3769.0000,7866,0,1134225720.000,2,1,1,多换,S,3769.0000,3768.0000,3767.4000,3766.0000,3765.0000,3769.4000,3769.6000,3769.8000,3770.2000,3770.4000,1,8,1,1,3,1,1,1,1,1
SF,IF2007,2020-05-27 10:09:03.200,3769.0000,7867,1,1135356420.000,1,1,0,双开,S,3768.0000,3767.4000,3766.0000,3765.0000,3763.0000,3769.0000,3769.4000,3769.6000,3769.8000,3770.2000,8,1,1,3,1,1,1,1,1,1
SF,IF2007,2020-05-27 10:09:03.700,3769.0000,7867,0,1136487120.000,1,0,1,多换,S,3768.2000,3768.0000,3767.4000,3766.0000,3765.0000,3769.4000,3769.6000,3769.8000,3770.2000,3770.4000,1,8,1,1,3,1,1,1,1,1
SF,IF2007,2020-05-27 10:09:04.200,3769.0000,7867,0,1136487120.000,0,-,-,-,-,3768.6000,3768.2000,3768.0000,3767.4000,3766.0000,3769.2000,3769.6000,3770.2000,3770.4000,3771.2000,1,1,8,1,1,1,1,1,1,1
SF,IF2007,2020-05-27 10:09:04.700,3769.2000,7867,0,1137617880.000,1,0,1,多换,S,3768.6000,3768.2000,3768.0000,3767.4000,3766.0000,3769.6000,3770.2000,3770.4000,3771.2000,3772.0000,1,1,8,1,1,1,1,1,1,1
SF,IF2007,2020-05-27 10:09:05.200,3769.2000,7867,0,1137617880.000,0,-,-,-,-,3768.6000,3768.2000,3768.0000,3767.4000,3766.0000,3769.4000,3769.6000,3770.2000,3770.4000,3771.2000,1,1,8,1,1,1,1,1,1,1
SF,IF2007,2020-05-27 10:09:07.200,3769.2000,7867,0,1137617880.000,0,-,-,-,-,3768.6000,3768.2000,3768.0000,3767.4000,3766.0000,3769.4000,3769.6000,3770.2000,3770.4000,3772.0000,1,1,8,1,1,1,1,1,1,1
SF,IF2007,2020-05-27 10:09:09.700,3769.2000,7867,0,1137617880.000,0,-,-,-,-,3768.6000,3768.2000,3768.0000,3767.4000,3766.0000,3769.2000,3769.4000,3770.2000,3770.4000,3772.0000,1,1,8,1,1,1,1,1,1,1
SF,IF2007,2020-05-27 10:09:10.200,3769.2000,7867,0,1137617880.000,0,-,-,-,-,3768.2000,3768.0000,3767.4000,3766.0000,3765.0000,3769.2000,3769.4000,3770.2000,3770.4000,3772.0000,1,8,1,1,3,1,1,1,1,1
SF,IF2007,2020-05-27 10:09:10.700,3769.2000,7867,0,1137617880.000,0,-,-,-,-,3768.0000,3767.4000,3767.0000,3766.0000,3765.0000,3769.0000,3769.2000,3770.2000,3770.4000,3772.0000,8,1,1,1,3,1,1,1,1,1
SF,IF2007,2020-05-27 10:09:12.700,3769.2000,7867,0,1137617880.000,0,-,-,-,-,3768.2000,3768.0000,3767.4000,3766.0000,3765.0000,3769.0000,3769.2000,3770.2000,3770.4000,3772.0000,1,8,1,1,3,1,1,1,1,1
SF,IF2007,2020-05-27 10:09:15.700,3768.2000,7868,1,1138748340.000,1,1,0,双开,S,3768.0000,3767.4000,3766.0000,3765.0000,3763.0000,3769.0000,3769.2000,3770.2000,3770.4000,3772.0000,8,1,1,3,1,1,1,1,1,1
SF,IF2007,2020-05-27 10:09:17.200,3768.2000,7868,0,1138748340.000,0,-,-,-,-,3768.0000,3767.4000,3766.0000,3765.0000,3763.0000,3769.0000,3769.2000,3770.2000,3770.4000,3772.0000,8,1,1,3,1,1,1,1,1,1
SF,IF2007,2020-05-27 10:09:17.700,3768.2000,7868,0,1138748340.000,0,-,-,-,-,3768.2000,3768.0000,3767.4000,3766.0000,3765.0000,3769.0000,3769.2000,3770.2000,3770.4000,3772.0000,1,8,1,1,3,1,1,1,1,1
SF,IF2007,2020-05-27 10:09:18.200,3768.2000,7868,0,1138748340.000,0,-,-,-,-,3768.0000,3767.4000,3766.0000,3765.0000,3763.0000,3769.0000,3769.2000,3770.2000,3770.4000,3772.0000,8,1,1,3,1,1,1,1,1,1
SF,IF2007,2020-05-27 10:09:18.700,3768.2000,7868,0,1138748340.000,0,-,-,-,-,3768.0000,3767.4000,3766.0000,3765.0000,3763.0000,3768.2000,3769.0000,3769.2000,3770.2000,3770.4000,8,1,1,3,1,1,1,1,1,1
SF,IF2007,2020-05-27 10:09:19.200,3768.2000,7867,-1,1139878800.000,1,0,1,双平,S,3768.4000,3768.0000,3767.4000,3766.0000,3765.0000,3769.0000,3769.2000,3770.2000,3770.4000,3772.0000,1,8,1,1,3,1,1,1,1,1
SF,IF2007,2020-05-27 10:09:19.700,3768.2000,7867,0,1139878800.000,0,-,-,-,-,3768.0000,3767.4000,3766.0000,3765.0000,3763.0000,3769.0000,3769.2000,3770.2000,3770.4000,3772.0000,8,1,1,3,1,1,1,1,1,1
SF,IF2007,2020-05-27 10:09:20.200,3768.2000,7867,0,1139878800.000,0,-,-,-,-,3768.2000,3768.0000,3767.4000,3766.0000,3765.0000,3769.0000,3769.2000,3770.2000,3770.4000,3772.0000,1,8,1,1,3,1,1,1,1,1
SF,IF2007,2020-05-27 10:09:26.200,3768.0000,7867,0,1142139660.000,2,1,1,多换,S,3768.0000,3767.4000,3766.0000,3765.0000,3763.0000,3769.0000,3769.2000,3770.2000,3770.4000,3772.0000,7,1,1,3,1,1,1,1,1,1
SF,IF2007,2020-05-27 10:09:26.700,3768.0000,7867,0,1142139660.000,0,-,-,-,-,3768.0000,3767.4000,3766.0000,3765.0000,3763.0000,3768.8000,3769.0000,3769.2000,3770.2000,3770.4000,7,1,1,3,1,1,1,1,1,1
SF,IF2007,2020-05-27 10:09:27.200,3768.0000,7867,0,1142139660.000,0,-,-,-,-,3768.0000,3767.4000,3766.0000,3765.0000,3763.0000,3768.6000,3768.8000,3769.2000,3770.2000,3770.4000,7,1,1,3,1,1,1,1,1,1
SF,IF2007,2020-05-27 10:09:27.700,3768.0000,7867,0,1142139660.000,0,-,-,-,-,3768.0000,3767.4000,3766.0000,3765.0000,3763.0000,3768.6000,3768.8000,3770.2000,3770.4000,3772.0000,7,1,1,3,1,1,1,1,1,1
SF,IF2007,2020-05-27 10:09:29.200,3768.6000,7867,0,1143270240.000,1,0,1,多换,S,3768.0000,3767.4000,3766.0000,3765.0000,3763.0000,3768.8000,3770.2000,3770.4000,3772.0000,3773.0000,7,1,1,3,1,1,1,1,1,2
SF,IF2007,2020-05-27 10:09:29.700,3768.6000,7867,0,1143270240.000,0,-,-,-,-,3768.0000,3767.4000,3766.0000,3765.0000,3763.0000,3770.2000,3770.4000,3772.0000,3773.0000,3774.0000,7,1,1,3,1,1,1,1,2,1
SF,IF2007,2020-05-27 10:09:30.200,3768.6000,7867,0,1143270240.000,0,-,-,-,-,3768.2000,3768.0000,3767.4000,3766.0000,3765.0000,3769.2000,3769.4000,3769.6000,3769.8000,3770.0000,1,7,1,1,3,1,2,2,1,4
SF,IF2007,2020-05-27 10:09:30.700,3768.6000,7867,0,1143270240.000,0,-,-,-,-,3768.0000,3767.4000,3766.0000,3765.0000,3763.0000,3769.0000,3769.4000,3769.6000,3769.8000,3770.0000,7,1,1,3,1,1,2,2,1,2
SF,IF2007,2020-05-27 10:09:31.200,3768.6000,7867,0,1143270240.000,0,-,-,-,-,3768.0000,3767.4000,3766.0000,3765.0000,3763.0000,3769.0000,3769.4000,3769.6000,3769.8000,3770.0000,7,1,1,3,1,1,2,2,1,2
SF,IF2007,2020-05-27 10:09:32.200,3768.6000,7867,0,1143270240.000,0,-,-,-,-,3768.0000,3767.4000,3766.0000,3765.0000,3763.0000,3768.8000,3769.0000,3769.4000,3769.6000,3769.8000,7,1,1,3,1,2,1,1,2,1
SF,IF2007,2020-05-27 10:09:32.700,3768.6000,7867,0,1143270240.000,0,-,-,-,-,3768.0000,3767.4000,3766.0000,3765.0000,3763.0000,3768.8000,3769.0000,3769.4000,3769.6000,3770.0000,7,1,1,3,1,2,1,1,2,2
SF,IF2007,2020-05-27 10:09:33.700,3768.0000,7869,2,1145531040.000,2,2,0,双开,S,3768.0000,3767.4000,3766.0000,3765.0000,3763.0000,3768.8000,3769.0000,3769.4000,3769.6000,3770.0000,5,1,1,3,1,2,1,1,2,2
SF,IF2007,2020-05-27 10:09:35.200,3768.0000,7870,1,1146661440.000,1,1,0,双开,S,3768.0000,3767.4000,3766.0000,3765.0000,3763.0000,3768.8000,3769.0000,3769.4000,3769.6000,3770.0000,4,1,1,3,1,2,1,1,2,2
SF,IF2007,2020-05-27 10:09:35.700,3768.0000,7870,0,1146661440.000,0,-,-,-,-,3768.0000,3767.4000,3766.0000,3765.0000,3763.0000,3768.8000,3769.0000,3769.2000,3769.4000,3769.6000,4,1,1,3,1,2,1,1,1,2
SF,IF2007,2020-05-27 10:09:37.200,3768.8000,7869,-1,1147792080.000,1,0,1,双平,S,3768.0000,3767.4000,3766.0000,3765.0000,3763.0000,3769.0000,3769.2000,3769.4000,3769.6000,3770.0000,4,1,1,3,1,1,1,1,2,2
SF,IF2007,2020-05-27 10:09:37.700,3768.8000,7869,0,1147792080.000,0,-,-,-,-,3768.2000,3768.0000,3767.4000,3766.0000,3765.0000,3769.2000,3770.0000,3770.4000,3772.0000,3773.0000,1,4,1,1,3,1,2,1,1,2
SF,IF2007,2020-05-27 10:09:38.200,3768.8000,7869,0,1147792080.000,0,-,-,-,-,3768.2000,3768.0000,3767.4000,3766.0000,3765.0000,3769.2000,3770.0000,3770.4000,3772.0000,3773.0000,1,4,1,1,3,1,2,1,1,2
SF,IF2007,2020-05-27 10:09:40.700,3768.8000,7869,0,1147792080.000,0,-,-,-,-,3768.2000,3768.0000,3767.4000,3766.0000,3765.0000,3769.2000,3770.0000,3770.4000,3772.0000,3773.0000,1,4,1,1,3,1,1,1,1,2
SF,IF2007,2020-05-27 10:09:41.200,3768.8000,7869,0,1147792080.000,0,-,-,-,-,3768.0000,3767.4000,3766.0000,3765.0000,3763.0000,3769.0000,3769.2000,3770.0000,3770.4000,3772.0000,4,1,1,3,1,1,1,1,1,1
SF,IF2007,2020-05-27 10:09:41.700,3768.8000,7869,0,1147792080.000,0,-,-,-,-,3768.2000,3768.0000,3767.4000,3766.0000,3765.0000,3769.2000,3770.0000,3770.4000,3772.0000,3773.0000,1,4,1,1,3,1,1,1,1,2
SF,IF2007,2020-05-27 10:09:43.200,3769.2000,7870,1,1148922840.000,1,1,0,双开,S,3768.2000,3768.0000,3767.4000,3766.0000,3765.0000,3770.0000,3770.4000,3772.0000,3773.0000,3774.0000,1,4,1,1,3,1,1,1,2,1
SF,IF2007,2020-05-27 10:09:43.700,3769.2000,7870,0,1148922840.000,0,-,-,-,-,3769.2000,3768.2000,3768.0000,3767.4000,3766.0000,3769.8000,3770.4000,3772.0000,3773.0000,3774.0000,1,1,4,1,1,2,1,1,2,1
SF,IF2007,2020-05-27 10:09:44.200,3769.8000,7869,-1,1151184720.000,2,0,2,多平,S,3769.2000,3768.2000,3768.0000,3767.4000,3766.0000,3770.4000,3772.0000,3773.0000,3774.0000,3780.0000,1,1,4,1,1,1,1,2,1,5
SF,IF2007,2020-05-27 10:09:44.700,3769.8000,7869,0,1151184720.000,0,-,-,-,-,3769.4000,3769.2000,3768.0000,3767.4000,3766.0000,3770.2000,3770.4000,3772.0000,3773.0000,3774.0000,1,1,4,1,1,1,1,1,2,1
SF,IF2007,2020-05-27 10:09:45.200,3769.8000,7869,0,1151184720.000,0,-,-,-,-,3769.4000,3769.2000,3768.0000,3767.4000,3766.0000,3770.4000,3772.0000,3773.0000,3774.0000,3780.0000,1,1,4,1,1,1,1,2,1,5
SF,IF2007,2020-05-27 10:09:45.700,3769.8000,7869,0,1151184720.000,0,-,-,-,-,3769.4000,3769.2000,3768.0000,3767.4000,3766.0000,3770.4000,3772.0000,3773.0000,3774.0000,3780.0000,1,1,4,1,1,1,1,2,1,5
SF,IF2007,2020-05-27 10:09:46.700,3769.4000,7870,1,1152315540.000,1,1,0,双开,S,3769.2000,3768.0000,3767.4000,3766.0000,3765.0000,3770.4000,3772.0000,3773.0000,3774.0000,3780.0000,1,4,1,1,3,1,1,2,1,5
SF,IF2007,2020-05-27 10:09:47.200,3769.4000,7870,0,1152315540.000,0,-,-,-,-,3769.2000,3768.0000,3767.4000,3766.0000,3765.0000,3770.2000,3770.4000,3772.0000,3773.0000,3774.0000,1,4,1,1,3,1,1,1,2,1
SF,IF2007,2020-05-27 10:09:54.700,3770.2000,7870,0,1153446600.000,1,0,1,多换,S,3769.2000,3768.0000,3767.4000,3766.0000,3765.0000,3770.4000,3772.0000,3773.0000,3774.0000,3780.0000,1,4,1,1,3,1,1,2,1,5
SF,IF2007,2020-05-27 10:09:55.200,3769.4000,7872,2,1156839360.000,3,2,1,空开,S,3769.4000,3769.2000,3768.0000,3767.4000,3766.0000,3772.0000,3773.0000,3774.0000,3780.0000,3781.0000,3,1,4,1,1,1,2,1,5,1
SF,IF2007,2020-05-27 10:09:55.700,3769.4000,7872,0,1156839360.000,0,-,-,-,-,3769.6000,3769.4000,3769.2000,3768.0000,3767.4000,3770.6000,3771.0000,3771.2000,3771.6000,3771.8000,1,2,1,4,1,1,2,2,2,7
SF,IF2007,2020-05-27 10:09:56.200,3769.4000,7872,0,1156839360.000,0,-,-,-,-,3770.2000,3769.8000,3769.6000,3769.4000,3769.2000,3771.0000,3771.2000,3771.6000,3771.8000,3772.0000,1,1,1,1,1,2,2,1,7,2
SF,IF2007,2020-05-27 10:09:58.200,3769.4000,7872,0,1156839360.000,0,-,-,-,-,3770.2000,3769.8000,3769.6000,3769.2000,3768.0000,3771.0000,3771.2000,3771.6000,3771.8000,3772.0000,1,1,1,1,4,2,2,1,7,2
SF,IF2007,2020-05-27 10:09:58.700,3769.4000,7872,0,1156839360.000,0,-,-,-,-,3770.2000,3769.8000,3769.6000,3769.2000,3768.0000,3770.6000,3771.0000,3771.2000,3771.6000,3771.8000,1,1,1,1,4,1,2,2,1,7
SF,IF2007,2020-05-27 10:09:59.200,3770.2000,7871,-1,1157970420.000,1,0,1,双平,S,3769.8000,3769.6000,3769.2000,3768.0000,3767.4000,3771.0000,3771.2000,3771.6000,3771.8000,3772.0000,1,1,1,4,1,2,2,1,7,2
SF,IF2007,2020-05-27 10:09:59.700,3770.2000,7871,0,1157970420.000,0,-,-,-,-,3769.6000,3769.2000,3768.0000,3767.4000,3766.0000,3770.4000,3770.8000,3771.0000,3771.2000,3771.6000,1,1,4,1,1,1,7,2,2,1
SF,IF2007,2020-05-27 10:10:00.200,3770.2000,7871,0,1157970420.000,0,-,-,-,-,3769.6000,3769.2000,3768.0000,3767.4000,3766.0000,3769.8000,3770.8000,3771.0000,3771.2000,3771.6000,1,1,4,1,1,1,6,1,2,1
SF,IF2007,2020-05-27 10:10:00.700,3769.8000,7870,-1,1159101360.000,1,0,1,双平,S,3769.2000,3768.0000,3767.4000,3766.0000,3765.0000,3770.8000,3771.0000,3771.2000,3771.6000,3771.8000,1,4,1,1,3,4,1,2,1,4
SF,IF2007,2020-05-27 10:10:01.200,3769.8000,7870,0,1159101360.000,0,-,-,-,-,3769.6000,3769.4000,3769.2000,3768.0000,3767.4000,3770.6000,3770.8000,3771.0000,3771.2000,3771.6000,1,2,1,4,1,1,4,1,2,1
SF,IF2007,2020-05-27 10:10:03.700,3769.8000,7870,0,1159101360.000,0,-,-,-,-,3769.8000,3769.6000,3769.4000,3769.2000,3768.0000,3770.8000,3771.0000,3771.2000,3771.6000,3771.8000,1,1,2,1,4,2,1,2,1,4
SF,IF2007,2020-05-27 10:10:04.200,3769.8000,7870,0,1159101360.000,0,-,-,-,-,3770.0000,3769.8000,3769.6000,3769.2000,3768.0000,3771.0000,3771.2000,3771.6000,3771.8000,3772.0000,1,1,1,1,4,1,2,1,4,1
SF,IF2007,2020-05-27 10:10:04.700,3769.8000,7870,0,1159101360.000,0,-,-,-,-,3770.0000,3769.8000,3769.6000,3769.2000,3768.0000,3771.0000,3771.2000,3771.8000,3772.0000,3772.4000,1,1,1,1,4,1,1,3,1,1
SF,IF2007,2020-05-27 10:10:05.200,3769.8000,7870,0,1159101360.000,0,-,-,-,-,3770.2000,3770.0000,3769.8000,3769.6000,3769.2000,3771.0000,3771.2000,3771.8000,3772.0000,3772.4000,1,1,1,1,1,1,1,3,1,1
SF,IF2007,2020-05-27 10:10:05.700,3769.8000,7870,0,1159101360.000,0,-,-,-,-,3770.4000,3770.2000,3769.8000,3769.6000,3769.2000,3771.0000,3771.2000,3771.8000,3772.0000,3772.4000,1,1,1,1,1,1,1,3,1,1
SF,IF2007,2020-05-27 10:10:06.200,3771.0000,7869,-1,1160232660.000,1,0,1,双平,S,3770.4000,3770.2000,3769.8000,3769.6000,3769.2000,3771.8000,3772.0000,3772.4000,3773.0000,3774.0000,1,1,1,1,1,2,1,1,2,1
SF,IF2007,2020-05-27 10:10:06.700,3771.0000,7869,0,1160232660.000,0,-,-,-,-,3770.4000,3770.2000,3769.8000,3769.6000,3769.2000,3771.6000,3771.8000,3772.0000,3772.4000,3773.0000,1,1,1,1,1,3,2,1,1,2
SF,IF2007,2020-05-27 10:10:07.200,3771.0000,7869,0,1160232660.000,0,-,-,-,-,3770.4000,3770.2000,3769.8000,3769.6000,3769.2000,3771.6000,3771.8000,3772.0000,3772.4000,3773.0000,1,1,1,1,1,2,1,1,1,2
SF,IF2007,2020-05-27 10:10:07.700,3771.0000,7869,0,1160232660.000,0,-,-,-,-,3770.6000,3770.4000,3770.2000,3769.8000,3769.6000,3771.6000,3771.8000,3772.0000,3772.4000,3773.0000,1,1,1,1,1,1,1,1,1,2
SF,IF2007,2020-05-27 10:10:08.200,3771.0000,7869,0,1160232660.000,0,-,-,-,-,3770.8000,3770.6000,3769.8000,3769.6000,3769.2000,3771.8000,3772.0000,3772.4000,3773.0000,3774.0000,1,1,1,1,1,1,1,1,2,1
SF,IF2007,2020-05-27 10:10:09.200,3771.0000,7869,0,1160232660.000,0,-,-,-,-,3770.8000,3770.6000,3769.8000,3769.6000,3769.2000,3772.0000,3772.4000,3773.0000,3774.0000,3780.0000,1,1,1,1,1,1,1,2,1,5
SF,IF2007,2020-05-27 10:10:10.200,3771.0000,7869,0,1160232660.000,0,-,-,-,-,3770.8000,3770.6000,3769.8000,3769.6000,3769.2000,3772.0000,3773.0000,3774.0000,3780.0000,3781.0000,1,1,1,1,1,1,2,1,5,1
SF,IF2007,2020-05-27 10:10:10.700,3771.0000,7869,0,1160232660.000,0,-,-,-,-,3770.8000,3769.8000,3769.6000,3769.2000,3768.0000,3771.8000,3772.0000,3773.0000,3774.0000,3780.0000,1,1,1,1,4,1,1,2,1,5
SF,IF2007,2020-05-27 10:10:11.700,3771.0000,7869,0,1160232660.000,0,-,-,-,-,3770.8000,3769.8000,3769.6000,3769.2000,3768.0000,3771.6000,3771.8000,3772.0000,3773.0000,3774.0000,1,1,1,1,4,1,1,1,2,1
SF,IF2007,2020-05-27 10:10:13.200,3771.0000,7869,0,1160232660.000,0,-,-,-,-,3770.8000,3769.8000,3769.6000,3769.2000,3768.0000,3771.8000,3772.0000,3773.0000,3774.0000,3780.0000,1,1,1,1,4,1,1,2,1,5
SF,IF2007,2020-05-27 10:10:14.200,3771.0000,7869,0,1160232660.000,0,-,-,-,-,3770.8000,3769.8000,3769.6000,3769.2000,3768.0000,3772.0000,3773.0000,3774.0000,3780.0000,3781.0000,1,1,1,1,4,1,2,1,5,1
SF,IF2007,2020-05-27 10:10:14.700,3771.0000,7869,0,1160232660.000,0,-,-,-,-,3770.8000,3769.8000,3769.6000,3769.2000,3768.0000,3772.0000,3773.0000,3774.0000,3780.0000,3781.0000,1,1,1,1,4,1,2,1,5,1
SF,IF2007,2020-05-27 10:10:15.200,3771.0000,7869,0,1160232660.000,0,-,-,-,-,3771.8000,3770.8000,3769.8000,3769.2000,3768.0000,3772.0000,3773.0000,3774.0000,3780.0000,3781.0000,1,1,1,1,4,1,2,1,5,1
SF,IF2007,2020-05-27 10:10:15.700,3771.8000,7868,-1,1161364200.000,1,0,1,双平,S,3770.8000,3769.8000,3769.2000,3768.0000,3767.4000,3772.0000,3773.0000,3774.0000,3780.0000,3781.0000,1,1,1,4,1,1,2,1,5,1
SF,IF2007,2020-05-27 10:10:16.200,3771.8000,7868,0,1161364200.000,0,-,-,-,-,3771.2000,3771.0000,3770.8000,3769.8000,3769.2000,3772.0000,3773.0000,3774.0000,3780.0000,3781.0000,1,1,1,1,1,1,2,1,5,1
SF,IF2007,2020-05-27 10:10:16.700,3771.8000,7868,0,1161364200.000,0,-,-,-,-,3771.4000,3771.2000,3771.0000,3769.8000,3769.2000,3772.0000,3773.0000,3774.0000,3780.0000,3781.0000,1,1,1,1,1,1,2,1,5,1
SF,IF2007,2020-05-27 10:10:18.200,3772.0000,7867,-1,1162495800.000,1,0,1,双平,S,3772.0000,3771.4000,3771.2000,3769.8000,3769.2000,3773.0000,3774.0000,3780.0000,3781.0000,3782.8000,2,1,1,1,1,2,1,5,1,2
SF,IF2007,2020-05-27 10:10:18.700,3771.4000,7866,-1,1165890420.000,3,1,2,多平,S,3771.2000,3769.8000,3769.2000,3768.0000,3767.4000,3771.8000,3772.0000,3772.2000,3772.6000,3772.8000,1,1,1,4,1,2,3,1,3,9
SF,IF2007,2020-05-27 10:10:19.200,3771.4000,7866,0,1165890420.000,0,-,-,-,-,3771.2000,3769.8000,3769.2000,3768.0000,3767.4000,3772.0000,3772.8000,3773.0000,3774.0000,3780.0000,1,1,1,4,1,3,8,3,1,5
SF,IF2007,2020-05-27 10:10:19.700,3771.4000,7866,0,1165890420.000,0,-,-,-,-,3771.2000,3769.8000,3769.2000,3768.0000,3767.4000,3772.0000,3772.8000,3773.0000,3774.0000,3780.0000,1,1,1,4,1,1,7,2,1,5
SF,IF2007,2020-05-27 10:10:20.200,3771.4000,7866,0,1165890420.000,0,-,-,-,-,3771.2000,3769.8000,3769.2000,3768.0000,3767.4000,3772.0000,3772.8000,3773.0000,3774.0000,3780.0000,1,1,1,4,1,1,6,2,1,5
SF,IF2007,2020-05-27 10:10:23.200,3771.4000,7866,0,1165890420.000,0,-,-,-,-,3769.8000,3769.2000,3768.0000,3767.4000,3765.0000,3771.2000,3771.8000,3772.0000,3772.8000,3773.0000,1,1,4,1,3,1,2,1,5,2
SF,IF2007,2020-05-27 10:10:23.700,3771.2000,7866,0,1167021780.000,1,0,1,多换,S,3770.4000,3770.2000,3770.0000,3769.8000,3769.2000,3771.8000,3772.0000,3772.8000,3773.0000,3774.0000,1,2,3,1,1,1,1,5,2,1
SF,IF2007,2020-05-27 10:10:24.200,3771.2000,7866,0,1167021780.000,0,-,-,-,-,3771.2000,3770.6000,3770.4000,3770.2000,3770.0000,3771.6000,3772.0000,3772.8000,3773.0000,3774.0000,1,1,1,2,2,1,1,4,2,1
SF,IF2007,2020-05-27 10:10:24.700,3771.2000,7866,0,1167021780.000,0,-,-,-,-,3771.4000,3771.2000,3770.6000,3770.2000,3770.0000,3771.6000,3772.0000,3772.8000,3773.0000,3774.0000,1,1,1,2,1,1,1,4,2,1
SF,IF2007,2020-05-27 10:10:25.200,3771.4000,7866,0,1168153200.000,1,0,1,多换,S,3771.2000,3770.6000,3770.2000,3770.0000,3769.8000,3772.0000,3772.8000,3773.0000,3774.0000,3780.0000,1,1,2,1,1,1,4,2,1,5
SF,IF2007,2020-05-27 10:10:25.700,3771.2000,7867,1,1169284560.000,1,1,0,双开,S,3770.6000,3770.2000,3770.0000,3769.8000,3769.2000,3771.2000,3771.6000,3771.8000,3772.0000,3772.8000,1,2,1,1,1,1,1,1,1,4
SF,IF2007,2020-05-27 10:10:26.200,3771.2000,7867,0,1169284560.000,0,-,-,-,-,3770.6000,3770.2000,3770.0000,3769.8000,3769.2000,3771.2000,3771.8000,3772.0000,3772.8000,3773.0000,1,2,1,1,1,1,1,1,4,2
SF,IF2007,2020-05-27 10:10:28.700,3771.2000,7867,0,1169284560.000,0,-,-,-,-,3770.6000,3770.2000,3770.0000,3769.8000,3769.2000,3771.2000,3771.8000,3772.0000,3772.8000,3773.0000,1,2,1,1,1,1,1,2,4,2
SF,IF2007,2020-05-27 10:10:29.700,3771.2000,7866,-1,1170415920.000,1,0,1,双平,S,3770.6000,3770.2000,3770.0000,3769.8000,3769.2000,3771.8000,3772.0000,3772.8000,3773.0000,3774.0000,1,2,1,1,1,1,2,4,2,1
SF,IF2007,2020-05-27 10:10:30.700,3771.2000,7866,0,1170415920.000,0,-,-,-,-,3770.6000,3770.2000,3770.0000,3769.8000,3769.2000,3771.8000,3772.0000,3772.8000,3773.0000,3774.0000,1,2,1,1,1,1,2,4,2,2
SF,IF2007,2020-05-27 10:10:32.200,3771.2000,7866,0,1170415920.000,0,-,-,-,-,3770.6000,3770.4000,3770.2000,3770.0000,3769.8000,3771.6000,3771.8000,3772.0000,3772.8000,3773.0000,1,1,2,1,1,1,1,1,4,2
SF,IF2007,2020-05-27 10:10:32.700,3771.2000,7866,0,1170415920.000,0,-,-,-,-,3770.8000,3770.6000,3770.4000,3770.2000,3770.0000,3771.6000,3771.8000,3772.0000,3772.8000,3773.0000,1,1,1,2,1,1,1,1,4,2
SF,IF2007,2020-05-27 10:10:36.200,3771.2000,7866,0,1170415920.000,0,-,-,-,-,3770.8000,3770.6000,3770.4000,3770.2000,3770.0000,3771.8000,3772.0000,3772.8000,3773.0000,3774.0000,1,1,1,2,1,1,1,4,2,2
SF,IF2007,2020-05-27 10:10:36.700,3770.8000,7866,0,1171547160.000,1,0,1,多换,S,3770.6000,3770.4000,3770.2000,3770.0000,3769.8000,3771.8000,3772.0000,3772.8000,3773.0000,3774.0000,1,1,2,1,1,1,1,4,2,2
SF,IF2007,2020-05-27 10:10:37.200,3770.8000,7866,0,1171547160.000,0,-,-,-,-,3770.6000,3770.4000,3770.2000,3770.0000,3769.8000,3771.6000,3771.8000,3772.0000,3772.8000,3773.0000,1,1,2,1,1,1,1,1,4,2
SF,IF2007,2020-05-27 10:10:37.700,3770.8000,7866,0,1171547160.000,0,-,-,-,-,3770.6000,3770.4000,3770.2000,3770.0000,3769.8000,3771.8000,3772.0000,3772.8000,3773.0000,3774.0000,1,1,2,1,1,1,1,4,2,2
SF,IF2007,2020-05-27 10:10:38.200,3770.8000,7866,0,1171547160.000,0,-,-,-,-,3770.4000,3769.8000,3769.2000,3768.0000,3767.4000,3771.6000,3771.8000,3772.0000,3772.8000,3773.0000,1,1,1,4,1,2,1,1,4,2
SF,IF2007,2020-05-27 10:10:38.700,3770.8000,7866,0,1171547160.000,0,-,-,-,-,3770.4000,3769.8000,3769.2000,3768.0000,3767.4000,3771.4000,3771.6000,3772.0000,3772.8000,3773.0000,1,1,1,4,1,3,2,1,4,2
SF,IF2007,2020-05-27 10:10:39.200,3770.8000,7866,0,1171547160.000,0,-,-,-,-,3770.4000,3769.8000,3769.2000,3768.0000,3767.4000,3771.4000,3771.6000,3772.0000,3772.8000,3773.0000,1,1,1,4,1,2,2,1,4,2
SF,IF2007,2020-05-27 10:10:45.200,3770.8000,7866,0,1171547160.000,0,-,-,-,-,3770.4000,3769.8000,3769.2000,3768.0000,3767.4000,3771.4000,3771.6000,3772.0000,3772.8000,3773.0000,1,1,1,4,1,3,2,1,4,2
SF,IF2007,2020-05-27 10:10:45.700,3770.8000,7866,0,1171547160.000,0,-,-,-,-,3770.6000,3770.4000,3769.8000,3769.2000,3768.0000,3771.4000,3771.6000,3772.0000,3772.8000,3773.0000,1,1,1,1,4,2,2,1,4,2
SF,IF2007,2020-05-27 10:10:46.200,3770.8000,7866,0,1171547160.000,0,-,-,-,-,3770.6000,3770.4000,3769.8000,3769.2000,3768.0000,3771.4000,3771.6000,3772.0000,3772.8000,3773.0000,1,1,1,1,4,1,2,1,4,2
SF,IF2007,2020-05-27 10:10:47.200,3770.8000,7866,0,1171547160.000,0,-,-,-,-,3770.6000,3770.4000,3769.8000,3769.2000,3768.0000,3771.4000,3771.6000,3772.0000,3772.8000,3773.0000,1,1,1,1,4,1,1,1,4,2
SF,IF2007,2020-05-27 10:10:47.700,3770.8000,7866,0,1171547160.000,0,-,-,-,-,3770.6000,3770.4000,3769.8000,3769.2000,3768.0000,3771.4000,3772.0000,3772.8000,3773.0000,3774.0000,1,1,1,1,4,1,1,4,2,2
SF,IF2007,2020-05-27 10:10:48.200,3770.8000,7866,0,1171547160.000,0,-,-,-,-,3770.8000,3770.6000,3770.4000,3769.8000,3769.2000,3771.4000,3772.0000,3772.8000,3773.0000,3774.0000,1,1,1,1,1,1,1,4,2,2
SF,IF2007,2020-05-27 10:10:49.200,3770.8000,7866,0,1171547160.000,0,-,-,-,-,3770.6000,3770.4000,3769.8000,3769.2000,3768.0000,3771.4000,3772.0000,3772.8000,3773.0000,3774.0000,1,1,1,1,4,1,1,4,2,2
SF,IF2007,2020-05-27 10:10:50.700,3771.4000,7866,0,1172678580.000,1,0,1,多换,S,3770.6000,3770.4000,3769.8000,3769.2000,3768.0000,3772.0000,3772.8000,3773.0000,3774.0000,3780.0000,1,1,1,1,4,1,4,2,2,5
SF,IF2007,2020-05-27 10:10:51.200,3771.4000,7866,0,1172678580.000,0,-,-,-,-,3770.6000,3770.4000,3769.8000,3769.2000,3768.0000,3771.8000,3772.0000,3772.8000,3773.0000,3774.0000,1,1,1,1,4,1,1,4,2,2
SF,IF2007,2020-05-27 10:10:51.700,3771.4000,7866,0,1172678580.000,0,-,-,-,-,3770.8000,3770.6000,3770.4000,3769.8000,3769.2000,3771.8000,3772.0000,3772.8000,3773.0000,3774.0000,2,1,1,1,1,1,1,4,2,2
SF,IF2007,2020-05-27 10:10:52.200,3771.4000,7866,0,1172678580.000,0,-,-,-,-,3771.0000,3770.8000,3770.4000,3769.8000,3769.2000,3772.0000,3772.8000,3773.0000,3774.0000,3780.0000,1,2,1,1,1,1,3,2,2,5
SF,IF2007,2020-05-27 10:10:52.700,3772.0000,7867,1,1173810180.000,1,1,0,双开,S,3771.2000,3771.0000,3770.8000,3770.4000,3769.8000,3772.8000,3773.0000,3774.0000,3780.0000,3781.0000,1,1,1,1,1,3,2,2,5,1
SF,IF2007,2020-05-27 10:10:53.200,3772.0000,7867,0,1173810180.000,0,-,-,-,-,3771.4000,3771.2000,3770.4000,3769.8000,3769.2000,3772.6000,3772.8000,3773.0000,3774.0000,3780.0000,1,1,1,1,1,2,1,2,2,5
SF,IF2007,2020-05-27 10:10:53.700,3772.0000,7867,0,1173810180.000,0,-,-,-,-,3771.6000,3771.4000,3771.2000,3770.4000,3769.8000,3772.6000,3773.0000,3774.0000,3780.0000,3781.0000,1,1,1,1,1,2,2,2,5,1
SF,IF2007,2020-05-27 10:10:54.200,3772.0000,7867,0,1173810180.000,0,-,-,-,-,3771.6000,3771.4000,3771.2000,3770.4000,3769.8000,3772.6000,3773.0000,3774.0000,3780.0000,3781.0000,1,1,1,1,1,2,2,2,5,1
SF,IF2007,2020-05-27 10:10:55.200,3772.0000,7867,0,1173810180.000,0,-,-,-,-,3771.6000,3771.4000,3771.2000,3770.4000,3769.8000,3772.2000,3772.6000,3773.0000,3774.0000,3780.0000,1,1,1,1,1,1,2,2,2,5
SF,IF2007,2020-05-27 10:10:56.200,3771.6000,7868,1,1174941660.000,1,1,0,双开,S,3771.4000,3771.2000,3770.4000,3769.8000,3769.2000,3772.0000,3772.2000,3772.6000,3773.0000,3774.0000,1,1,1,1,1,1,1,1,2,2
SF,IF2007,2020-05-27 10:10:56.700,3771.6000,7868,0,1174941660.000,0,-,-,-,-,3771.2000,3770.4000,3769.8000,3769.2000,3768.0000,3772.0000,3772.2000,3772.6000,3773.0000,3774.0000,1,1,1,1,4,1,1,1,2,2
SF,IF2007,2020-05-27 10:10:57.200,3771.6000,7868,0,1174941660.000,0,-,-,-,-,3771.2000,3770.4000,3769.8000,3769.2000,3768.0000,3772.0000,3772.6000,3773.0000,3774.0000,3780.0000,1,1,1,1,4,1,1,2,2,5
SF,IF2007,2020-05-27 10:10:57.700,3771.4000,7867,-1,1176073080.000,1,0,1,双平,S,3771.2000,3770.4000,3769.8000,3769.2000,3768.0000,3772.6000,3773.0000,3774.0000,3780.0000,3781.0000,1,1,1,1,4,1,2,2,5,1
SF,IF2007,2020-05-27 10:10:58.200,3771.4000,7867,0,1176073080.000,0,-,-,-,-,3771.4000,3771.2000,3770.4000,3769.8000,3769.2000,3772.4000,3772.6000,3773.0000,3774.0000,3780.0000,1,1,1,1,1,2,1,2,2,5
SF,IF2007,2020-05-27 10:10:58.700,3771.4000,7867,0,1176073080.000,0,-,-,-,-,3771.2000,3770.4000,3769.8000,3769.2000,3768.0000,3772.2000,3772.4000,3773.0000,3774.0000,3780.0000,1,1,1,1,4,1,2,2,1,5
SF,IF2007,2020-05-27 10:10:59.200,3771.4000,7867,0,1176073080.000,0,-,-,-,-,3771.4000,3771.2000,3770.4000,3769.8000,3769.2000,3772.2000,3772.4000,3773.0000,3774.0000,3780.0000,1,1,1,1,1,1,1,2,1,5
SF,IF2007,2020-05-27 10:11:00.200,3771.4000,7867,0,1176073080.000,0,-,-,-,-,3771.8000,3771.4000,3771.2000,3770.4000,3769.8000,3772.2000,3772.4000,3773.0000,3774.0000,3780.0000,1,1,1,1,1,1,1,2,1,5
SF,IF2007,2020-05-27 10:11:00.700,3771.8000,7866,-1,1177204620.000,1,0,1,双平,S,3771.4000,3771.2000,3770.4000,3769.8000,3769.2000,3772.2000,3772.4000,3773.0000,3774.0000,3780.0000,1,1,1,1,1,1,1,2,1,5
SF,IF2007,2020-05-27 10:11:01.200,3771.8000,7866,0,1177204620.000,0,-,-,-,-,3771.4000,3771.2000,3770.4000,3769.8000,3769.2000,3771.8000,3772.2000,3772.4000,3773.0000,3774.0000,1,1,1,1,1,1,1,1,2,1
SF,IF2007,2020-05-27 10:11:01.700,3771.8000,7866,0,1177204620.000,0,-,-,-,-,3771.2000,3770.4000,3769.8000,3769.2000,3768.0000,3771.8000,3772.2000,3772.4000,3773.0000,3774.0000,1,1,1,1,4,1,2,1,2,1
SF,IF2007,2020-05-27 10:11:02.200,3771.8000,7866,0,1177204620.000,0,-,-,-,-,3770.4000,3769.8000,3769.2000,3768.0000,3767.4000,3771.8000,3772.2000,3772.4000,3773.0000,3774.0000,1,1,1,4,1,1,2,1,2,1
SF,IF2007,2020-05-27 10:11:02.700,3771.8000,7866,0,1177204620.000,0,-,-,-,-,3770.6000,3770.4000,3769.8000,3769.2000,3768.0000,3771.8000,3772.2000,3773.0000,3774.0000,3780.0000,2,1,1,1,4,1,2,2,1,5
SF,IF2007,2020-05-27 10:11:03.200,3771.8000,7866,0,1177204620.000,0,-,-,-,-,3770.6000,3770.4000,3769.8000,3769.2000,3768.0000,3771.6000,3771.8000,3772.2000,3773.0000,3774.0000,2,1,1,1,4,2,1,1,2,1
SF,IF2007,2020-05-27 10:11:03.700,3771.8000,7866,0,1177204620.000,0,-,-,-,-,3770.6000,3770.4000,3769.8000,3769.2000,3768.0000,3771.6000,3771.8000,3772.2000,3773.0000,3774.0000,2,1,1,1,4,2,1,1,2,1
SF,IF2007,2020-05-27 10:11:12.200,3771.8000,7866,0,1177204620.000,0,-,-,-,-,3770.6000,3770.4000,3769.8000,3769.2000,3768.0000,3771.6000,3771.8000,3772.2000,3773.0000,3774.0000,2,1,1,1,4,2,1,1,3,1
SF,IF2007,2020-05-27 10:11:13.200,3771.8000,7866,0,1177204620.000,0,-,-,-,-,3770.6000,3770.4000,3769.8000,3769.2000,3768.0000,3771.4000,3771.6000,3771.8000,3772.2000,3773.0000,2,1,1,1,4,1,2,1,1,3
SF,IF2007,2020-05-27 10:11:14.700,3771.8000,7866,0,1177204620.000,0,-,-,-,-,3770.6000,3770.4000,3769.8000,3769.2000,3768.0000,3771.6000,3771.8000,3772.2000,3773.0000,3774.0000,2,1,1,1,4,2,1,1,3,1
SF,IF2007,2020-05-27 10:11:17.200,3770.6000,7865,-1,1178335800.000,1,0,1,双平,S,3770.6000,3770.4000,3769.8000,3769.2000,3768.0000,3771.6000,3771.8000,3772.2000,3773.0000,3774.0000,1,1,1,1,4,2,1,1,3,1
SF,IF2007,2020-05-27 10:11:19.700,3770.6000,7865,0,1178335800.000,0,-,-,-,-,3770.6000,3770.4000,3769.8000,3769.2000,3768.0000,3771.6000,3771.8000,3772.2000,3773.0000,3774.0000,1,1,1,1,4,2,2,1,3,1
SF,IF2007,2020-05-27 10:11:20.700,3771.6000,7867,2,1180598760.000,2,2,0,双开,S,3770.6000,3770.4000,3769.8000,3769.2000,3768.0000,3771.8000,3772.2000,3773.0000,3774.0000,3775.0000,1,1,1,1,4,2,1,3,1,1
SF,IF2007,2020-05-27 10:11:21.200,3771.6000,7867,0,1180598760.000,0,-,-,-,-,3770.6000,3770.4000,3769.8000,3769.2000,3768.0000,3771.8000,3772.2000,3773.0000,3774.0000,3775.0000,1,1,1,1,4,2,1,3,1,1
SF,IF2007,2020-05-27 10:11:21.700,3771.6000,7867,0,1180598760.000,0,-,-,-,-,3770.8000,3770.6000,3770.4000,3769.8000,3769.2000,3771.8000,3772.2000,3773.0000,3774.0000,3775.0000,1,1,1,1,1,2,1,3,1,1
SF,IF2007,2020-05-27 10:11:22.200,3771.6000,7867,0,1180598760.000,0,-,-,-,-,3771.0000,3770.8000,3770.4000,3769.8000,3769.2000,3771.8000,3772.2000,3773.0000,3774.0000,3775.0000,1,1,1,1,1,2,1,3,1,1
SF,IF2007,2020-05-27 10:11:25.700,3771.6000,7867,0,1180598760.000,0,-,-,-,-,3771.0000,3770.4000,3769.8000,3769.2000,3768.0000,3771.6000,3771.8000,3772.2000,3773.0000,3774.0000,1,1,1,1,4,1,2,1,3,1
SF,IF2007,2020-05-27 10:11:33.200,3771.6000,7867,0,1180598760.000,0,-,-,-,-,3771.0000,3770.4000,3769.8000,3769.2000,3768.0000,3771.8000,3772.2000,3773.0000,3774.0000,3775.0000,1,1,1,1,4,2,1,3,1,1
SF,IF2007,2020-05-27 10:11:41.200,3771.0000,7868,1,1181730060.000,1,1,0,双开,S,3770.4000,3769.8000,3769.2000,3768.0000,3767.4000,3771.8000,3772.2000,3773.0000,3774.0000,3775.0000,1,1,1,4,1,2,1,3,1,1
SF,IF2007,2020-05-27 10:11:41.700,3771.0000,7868,0,1181730060.000,0,-,-,-,-,3770.6000,3770.4000,3769.8000,3769.2000,3768.0000,3771.6000,3771.8000,3772.2000,3773.0000,3774.0000,1,1,1,1,4,1,2,1,3,1
SF,IF2007,2020-05-27 10:11:43.700,3771.0000,7868,0,1181730060.000,0,-,-,-,-,3770.6000,3770.4000,3769.8000,3768.0000,3767.4000,3771.6000,3771.8000,3772.2000,3773.0000,3774.0000,1,1,1,4,1,1,2,1,3,1
SF,IF2007,2020-05-27 10:11:44.200,3771.0000,7868,0,1181730060.000,0,-,-,-,-,3770.6000,3770.4000,3769.8000,3768.0000,3767.4000,3771.4000,3771.6000,3771.8000,3772.2000,3773.0000,1,1,1,4,1,2,1,2,1,3
SF,IF2007,2020-05-27 10:11:45.200,3771.0000,7868,0,1181730060.000,0,-,-,-,-,3770.6000,3770.4000,3769.8000,3768.0000,3767.4000,3771.4000,3771.6000,3771.8000,3772.2000,3773.0000,1,1,1,4,1,1,1,2,1,3
SF,IF2007,2020-05-27 10:11:45.700,3771.0000,7868,0,1181730060.000,0,-,-,-,-,3770.4000,3769.8000,3768.0000,3767.4000,3765.0000,3771.4000,3771.6000,3771.8000,3772.2000,3773.0000,1,1,4,1,3,1,1,2,1,3
SF,IF2007,2020-05-27 10:11:46.700,3771.0000,7868,0,1181730060.000,0,-,-,-,-,3770.4000,3769.8000,3768.0000,3767.4000,3765.0000,3771.2000,3771.4000,3771.6000,3771.8000,3772.2000,1,1,4,1,3,1,1,1,2,1
SF,IF2007,2020-05-27 10:11:59.700,3770.4000,7868,0,1182861180.000,1,0,1,多换,S,3769.8000,3768.0000,3767.4000,3765.0000,3763.0000,3771.2000,3771.4000,3771.6000,3771.8000,3772.2000,1,4,1,3,1,1,1,1,2,1
SF,IF2007,2020-05-27 10:12:00.200,3770.4000,7868,0,1182861180.000,0,-,-,-,-,3770.4000,3770.2000,3770.0000,3769.8000,3768.0000,3771.2000,3771.4000,3771.6000,3771.8000,3772.2000,1,2,2,1,4,1,1,1,2,1
SF,IF2007,2020-05-27 10:12:01.200,3770.2000,7868,0,1186254420.000,3,1,2,多换,S,3770.0000,3769.8000,3768.0000,3767.4000,3765.0000,3771.0000,3771.2000,3771.4000,3771.6000,3771.8000,2,1,4,1,3,1,1,1,1,2
SF,IF2007,2020-05-27 10:12:01.700,3770.2000,7868,0,1186254420.000,0,-,-,-,-,3770.0000,3769.8000,3768.0000,3767.4000,3765.0000,3770.8000,3771.0000,3771.2000,3771.6000,3771.8000,2,1,4,1,3,1,1,1,1,2
SF,IF2007,2020-05-27 10:12:02.200,3769.8000,7868,0,1188516360.000,2,1,1,多换,S,3768.0000,3767.4000,3765.0000,3763.0000,3760.0000,3770.6000,3770.8000,3771.0000,3771.2000,3771.8000,4,1,3,1,6,1,1,1,1,2
SF,IF2007,2020-05-27 10:12:02.700,3769.8000,7868,0,1188516360.000,0,-,-,-,-,3769.0000,3768.8000,3768.6000,3768.4000,3768.2000,3770.4000,3770.6000,3771.0000,3771.2000,3771.8000,1,2,1,1,3,2,1,1,1,2
SF,IF2007,2020-05-27 10:12:03.200,3769.8000,7868,0,1188516360.000,0,-,-,-,-,3769.0000,3768.8000,3768.2000,3768.0000,3767.4000,3770.0000,3770.2000,3770.4000,3771.0000,3771.2000,1,2,2,4,1,1,1,1,1,1
SF,IF2007,2020-05-27 10:12:03.700,3769.8000,7868,0,1188516360.000,0,-,-,-,-,3769.2000,3769.0000,3768.8000,3768.2000,3768.0000,3770.0000,3770.4000,3771.0000,3771.2000,3771.8000,1,1,1,1,4,1,1,1,1,2
SF,IF2007,2020-05-27 10:12:04.200,3769.8000,7868,0,1188516360.000,0,-,-,-,-,3769.2000,3769.0000,3768.8000,3768.2000,3768.0000,3770.0000,3770.4000,3771.2000,3771.8000,3772.2000,1,1,1,1,4,1,1,1,2,1
SF,IF2007,2020-05-27 10:12:04.700,3769.8000,7868,0,1188516360.000,0,-,-,-,-,3769.2000,3768.2000,3768.0000,3767.4000,3765.0000,3770.0000,3770.4000,3771.2000,3771.8000,3772.2000,1,1,4,1,3,1,1,1,2,1
SF,IF2007,2020-05-27 10:12:05.200,3769.8000,7868,0,1188516360.000,0,-,-,-,-,3769.2000,3768.2000,3768.0000,3767.4000,3765.0000,3770.0000,3770.4000,3771.2000,3771.8000,3772.2000,1,1,4,1,3,1,1,1,2,1
SF,IF2007,2020-05-27 10:12:05.700,3769.8000,7868,0,1188516360.000,0,-,-,-,-,3769.2000,3768.2000,3768.0000,3767.4000,3765.0000,3770.0000,3770.4000,3771.2000,3771.8000,3772.2000,1,1,4,1,3,1,1,1,2,1
SF,IF2007,2020-05-27 10:12:06.200,3770.0000,7867,-1,1189647360.000,1,0,1,双平,S,3769.2000,3768.2000,3768.0000,3767.4000,3765.0000,3771.2000,3771.8000,3772.2000,3773.0000,3774.0000,1,1,4,1,3,1,2,1,3,1
SF,IF2007,2020-05-27 10:12:06.700,3770.0000,7867,0,1189647360.000,0,-,-,-,-,3769.4000,3769.2000,3768.2000,3768.0000,3767.4000,3770.6000,3770.8000,3771.0000,3771.2000,3771.8000,1,1,1,4,1,2,1,1,1,2
SF,IF2007,2020-05-27 10:12:08.700,3770.0000,7867,0,1189647360.000,0,-,-,-,-,3769.6000,3769.4000,3769.2000,3768.2000,3768.0000,3770.6000,3771.0000,3771.2000,3771.8000,3772.2000,1,1,1,1,4,1,1,1,2,1
SF,IF2007,2020-05-27 10:12:09.200,3770.0000,7867,0,1189647360.000,0,-,-,-,-,3769.8000,3769.6000,3769.4000,3768.2000,3768.0000,3771.0000,3771.2000,3771.8000,3772.2000,3773.0000,1,1,1,1,4,1,1,2,1,3
SF,IF2007,2020-05-27 10:12:09.700,3770.0000,7867,0,1189647360.000,0,-,-,-,-,3769.8000,3768.2000,3768.0000,3767.4000,3765.0000,3771.0000,3771.2000,3771.8000,3772.2000,3773.0000,1,1,4,1,3,1,1,2,1,3
SF,IF2007,2020-05-27 10:12:10.700,3770.0000,7867,0,1189647360.000,0,-,-,-,-,3770.0000,3769.8000,3768.2000,3768.0000,3767.4000,3771.0000,3771.2000,3771.8000,3772.2000,3773.0000,1,1,1,4,1,1,1,2,1,3
SF,IF2007,2020-05-27 10:12:11.200,3770.0000,7867,0,1189647360.000,0,-,-,-,-,3770.0000,3768.2000,3768.0000,3767.4000,3765.0000,3771.0000,3771.2000,3771.8000,3772.2000,3773.0000,1,1,4,1,3,1,1,2,1,3
SF,IF2007,2020-05-27 10:12:11.700,3770.0000,7867,0,1190778360.000,1,0,1,多换,S,3768.2000,3768.0000,3767.4000,3765.0000,3763.0000,3770.8000,3771.0000,3771.2000,3771.8000,3772.2000,1,4,1,3,1,1,1,1,2,1
SF,IF2007,2020-05-27 10:12:12.200,3770.0000,7867,0,1190778360.000,0,-,-,-,-,3769.4000,3769.2000,3769.0000,3768.6000,3768.4000,3770.6000,3770.8000,3771.2000,3771.8000,3772.2000,1,1,2,2,2,2,1,1,2,1
SF,IF2007,2020-05-27 10:12:12.700,3770.0000,7867,0,1190778360.000,0,-,-,-,-,3769.6000,3769.4000,3769.2000,3769.0000,3768.6000,3770.4000,3770.6000,3770.8000,3771.2000,3771.8000,1,1,1,2,2,1,2,1,1,2
SF,IF2007,2020-05-27 10:12:15.700,3770.0000,7867,0,1190778360.000,0,-,-,-,-,3769.6000,3769.4000,3769.2000,3769.0000,3768.6000,3770.6000,3770.8000,3771.2000,3771.8000,3772.2000,1,1,1,2,1,2,1,1,2,1
SF,IF2007,2020-05-27 10:12:16.200,3770.0000,7867,0,1190778360.000,0,-,-,-,-,3769.6000,3769.4000,3769.2000,3769.0000,3768.6000,3770.2000,3770.6000,3770.8000,3771.2000,3771.8000,1,1,1,2,1,1,2,1,1,2
SF,IF2007,2020-05-27 10:12:16.700,3770.0000,7867,0,1190778360.000,0,-,-,-,-,3769.6000,3769.4000,3769.2000,3769.0000,3768.6000,3770.2000,3770.6000,3770.8000,3771.2000,3771.8000,1,1,1,1,1,1,2,1,1,2
SF,IF2007,2020-05-27 10:12:20.700,3769.6000,7867,0,1191909240.000,1,0,1,多换,S,3769.4000,3769.2000,3769.0000,3768.6000,3768.4000,3770.2000,3770.6000,3770.8000,3771.2000,3771.8000,1,1,1,1,1,1,2,1,1,2
SF,IF2007,2020-05-27 10:12:21.200,3769.6000,7867,0,1191909240.000,0,-,-,-,-,3769.6000,3769.4000,3769.2000,3769.0000,3768.6000,3770.6000,3770.8000,3771.2000,3771.8000,3772.2000,1,1,1,1,1,2,1,1,2,1
SF,IF2007,2020-05-27 10:12:23.200,3769.6000,7867,0,1191909240.000,0,-,-,-,-,3769.8000,3769.6000,3769.4000,3769.2000,3769.0000,3770.6000,3770.8000,3771.2000,3771.8000,3772.2000,1,1,1,1,1,2,1,1,2,1
SF,IF2007,2020-05-27 10:12:23.700,3769.6000,7867,0,1191909240.000,0,-,-,-,-,3769.8000,3769.6000,3769.4000,3769.2000,3769.0000,3770.4000,3770.6000,3770.8000,3771.2000,3771.8000,1,1,1,1,1,1,2,1,1,2
SF,IF2007,2020-05-27 10:12:24.200,3770.4000,7866,-1,1193040360.000,1,0,1,双平,S,3769.8000,3769.6000,3769.4000,3769.2000,3769.0000,3770.6000,3770.8000,3771.2000,3771.8000,3772.2000,1,1,1,1,1,2,1,1,2,1
SF,IF2007,2020-05-27 10:12:24.700,3770.4000,7866,0,1193040360.000,0,-,-,-,-,3769.8000,3769.4000,3769.2000,3769.0000,3768.6000,3770.6000,3770.8000,3771.2000,3771.8000,3772.2000,1,1,1,1,1,2,1,1,2,1
SF,IF2007,2020-05-27 10:12:25.200,3770.4000,7866,0,1193040360.000,0,-,-,-,-,3769.8000,3769.4000,3769.2000,3769.0000,3768.6000,3770.6000,3770.8000,3771.2000,3771.8000,3772.2000,1,1,1,1,1,2,1,1,2,1
SF,IF2007,2020-05-27 10:12:25.700,3770.4000,7866,0,1193040360.000,0,-,-,-,-,3769.8000,3769.4000,3769.2000,3769.0000,3768.6000,3770.6000,3770.8000,3771.2000,3771.8000,3772.2000,1,1,1,1,1,1,1,1,2,1
SF,IF2007,2020-05-27 10:12:26.200,3769.8000,7866,0,1194171300.000,1,0,1,多换,S,3769.4000,3769.2000,3769.0000,3768.6000,3768.4000,3770.6000,3770.8000,3771.2000,3771.8000,3772.2000,1,1,1,1,1,1,1,1,2,1
SF,IF2007,2020-05-27 10:12:26.700,3769.8000,7866,0,1194171300.000,0,-,-,-,-,3768.4000,3768.2000,3768.0000,3767.4000,3765.0000,3770.4000,3770.6000,3770.8000,3771.2000,3771.8000,1,3,4,1,3,3,1,1,1,2
SF,IF2007,2020-05-27 10:12:27.200,3769.8000,7866,0,1194171300.000,0,-,-,-,-,3768.8000,3768.6000,3768.0000,3767.4000,3765.0000,3770.2000,3770.4000,3770.8000,3771.2000,3771.8000,2,4,4,1,3,1,1,1,1,2
SF,IF2007,2020-05-27 10:12:27.700,3769.8000,7866,0,1194171300.000,0,-,-,-,-,3769.2000,3769.0000,3768.8000,3768.6000,3768.0000,3770.2000,3770.4000,3770.8000,3771.2000,3771.8000,1,2,1,2,4,1,1,1,1,2
SF,IF2007,2020-05-27 10:12:28.200,3769.8000,7866,0,1194171300.000,0,-,-,-,-,3769.4000,3769.2000,3769.0000,3768.8000,3768.6000,3770.2000,3770.4000,3770.8000,3771.2000,3771.8000,1,2,1,1,2,1,1,1,1,2
SF,IF2007,2020-05-27 10:12:28.700,3769.8000,7866,0,1194171300.000,0,-,-,-,-,3769.4000,3769.2000,3769.0000,3768.8000,3768.6000,3770.4000,3770.8000,3771.2000,3771.8000,3772.2000,1,2,1,1,2,1,1,1,2,1
SF,IF2007,2020-05-27 10:12:29.200,3769.8000,7866,0,1194171300.000,0,-,-,-,-,3769.6000,3769.4000,3769.2000,3768.8000,3768.6000,3770.4000,3770.8000,3771.2000,3771.8000,3772.2000,1,1,2,1,2,1,1,1,2,1
SF,IF2007,2020-05-27 10:12:29.700,3769.8000,7866,0,1194171300.000,0,-,-,-,-,3769.8000,3769.4000,3769.2000,3768.8000,3768.6000,3770.8000,3771.2000,3771.8000,3772.2000,3773.0000,1,1,1,1,1,1,1,2,1,3
SF,IF2007,2020-05-27 10:12:30.200,3769.8000,7866,0,1194171300.000,0,-,-,-,-,3769.8000,3769.4000,3769.2000,3768.8000,3768.6000,3770.6000,3770.8000,3771.2000,3771.8000,3772.2000,1,1,1,1,1,1,1,1,2,1
SF,IF2007,2020-05-27 10:12:31.700,3769.8000,7866,0,1194171300.000,0,-,-,-,-,3769.8000,3769.4000,3768.8000,3768.6000,3768.0000,3770.6000,3770.8000,3771.2000,3771.8000,3772.2000,1,1,1,1,4,1,1,1,2,1
SF,IF2007,2020-05-27 10:12:37.200,3770.6000,7866,0,1195302480.000,1,0,1,多换,S,3769.8000,3769.4000,3768.8000,3768.6000,3768.0000,3770.8000,3771.2000,3771.8000,3772.2000,3773.0000,1,1,1,1,4,1,1,2,1,3
SF,IF2007,2020-05-27 10:12:37.700,3770.6000,7866,0,1195302480.000,0,-,-,-,-,3770.0000,3769.8000,3768.8000,3768.6000,3768.0000,3771.2000,3771.8000,3772.2000,3773.0000,3774.0000,3,1,1,1,4,1,2,1,3,1
SF,IF2007,2020-05-27 10:12:38.700,3770.6000,7866,0,1195302480.000,0,-,-,-,-,3770.0000,3769.8000,3768.8000,3768.6000,3768.0000,3771.2000,3771.8000,3772.2000,3773.0000,3774.0000,2,1,1,1,4,1,2,1,3,1
SF,IF2007,2020-05-27 10:12:39.200,3770.6000,7866,0,1195302480.000,0,-,-,-,-,3770.2000,3770.0000,3769.8000,3768.8000,3768.6000,3771.2000,3771.8000,3772.2000,3773.0000,3774.0000,1,2,1,1,1,1,2,1,3,1
SF,IF2007,2020-05-27 10:12:39.700,3770.6000,7866,0,1195302480.000,0,-,-,-,-,3770.4000,3770.2000,3770.0000,3769.8000,3768.8000,3771.2000,3771.8000,3772.2000,3773.0000,3774.0000,1,1,1,1,1,1,2,1,3,1
SF,IF2007,2020-05-27 10:12:42.200,3770.6000,7866,0,1195302480.000,0,-,-,-,-,3770.4000,3770.2000,3770.0000,3769.8000,3768.8000,3771.0000,3771.2000,3771.8000,3772.2000,3773.0000,1,1,1,1,1,1,1,2,1,3
SF,IF2007,2020-05-27 10:12:42.700,3770.6000,7866,0,1195302480.000,0,-,-,-,-,3770.2000,3770.0000,3769.8000,3768.8000,3768.6000,3771.0000,3771.2000,3771.8000,3772.2000,3773.0000,1,1,1,1,1,1,1,2,1,3
SF,IF2007,2020-05-27 10:12:43.200,3770.6000,7866,0,1195302480.000,0,-,-,-,-,3770.2000,3770.0000,3769.8000,3768.8000,3768.6000,3771.0000,3771.2000,3771.8000,3772.2000,3773.0000,1,1,1,1,1,1,1,2,1,3
SF,IF2007,2020-05-27 10:12:43.700,3771.0000,7865,-1,1196433780.000,1,0,1,双平,S,3770.2000,3770.0000,3769.8000,3768.8000,3768.6000,3771.2000,3771.8000,3772.2000,3773.0000,3774.0000,1,1,1,1,1,1,2,1,3,1
SF,IF2007,2020-05-27 10:12:44.200,3771.0000,7865,0,1196433780.000,0,-,-,-,-,3770.4000,3770.2000,3770.0000,3769.8000,3768.8000,3771.2000,3771.8000,3772.2000,3773.0000,3774.0000,2,1,1,1,1,1,2,1,3,1
SF,IF2007,2020-05-27 10:12:44.700,3771.2000,7865,0,1197565140.000,1,0,1,多换,S,3770.4000,3770.2000,3770.0000,3769.8000,3769.4000,3771.8000,3772.2000,3773.0000,3774.0000,3775.0000,2,1,1,1,1,2,1,3,1,1
SF,IF2007,2020-05-27 10:12:45.200,3771.2000,7865,0,1197565140.000,0,-,-,-,-,3770.6000,3770.4000,3770.0000,3769.8000,3769.4000,3771.8000,3772.2000,3773.0000,3774.0000,3775.0000,1,2,1,1,1,2,1,3,1,1
SF,IF2007,2020-05-27 10:12:45.700,3771.2000,7865,0,1197565140.000,0,-,-,-,-,3770.8000,3770.6000,3770.4000,3770.0000,3769.8000,3771.8000,3772.2000,3773.0000,3774.0000,3775.0000,1,1,1,1,1,2,1,3,1,1
SF,IF2007,2020-05-27 10:12:46.200,3771.2000,7865,0,1197565140.000,0,-,-,-,-,3770.8000,3770.6000,3770.4000,3770.0000,3769.8000,3771.8000,3772.2000,3773.0000,3774.0000,3775.0000,1,1,1,1,1,2,1,3,1,1
SF,IF2007,2020-05-27 10:12:57.200,3771.8000,7864,-1,1198696680.000,1,0,1,双平,S,3770.8000,3770.6000,3770.4000,3770.0000,3769.8000,3771.8000,3772.2000,3773.0000,3774.0000,3775.0000,1,1,1,1,1,1,1,3,1,1
SF,IF2007,2020-05-27 10:12:58.700,3771.8000,7864,0,1199828220.000,1,0,1,多换,S,3770.8000,3770.6000,3770.4000,3770.0000,3769.8000,3772.2000,3773.0000,3774.0000,3775.0000,3780.0000,1,1,1,1,1,1,3,1,1,5
SF,IF2007,2020-05-27 10:12:59.200,3771.8000,7864,0,1199828220.000,0,-,-,-,-,3771.0000,3770.8000,3770.4000,3770.0000,3769.8000,3772.0000,3772.2000,3773.0000,3774.0000,3775.0000,1,1,1,1,1,1,1,3,1,1
SF,IF2007,2020-05-27 10:13:00.700,3771.8000,7864,0,1199828220.000,0,-,-,-,-,3771.0000,3770.8000,3770.0000,3769.8000,3769.4000,3772.0000,3772.2000,3773.0000,3774.0000,3775.0000,1,1,1,1,1,1,1,3,1,1
SF,IF2007,2020-05-27 10:13:01.200,3771.8000,7864,0,1199828220.000,0,-,-,-,-,3771.2000,3771.0000,3770.8000,3770.0000,3769.8000,3772.0000,3772.2000,3773.0000,3774.0000,3775.0000,1,1,1,1,1,1,1,3,1,1
SF,IF2007,2020-05-27 10:13:02.200,3771.8000,7864,0,1199828220.000,0,-,-,-,-,3771.0000,3770.8000,3770.0000,3769.8000,3769.4000,3772.0000,3772.2000,3773.0000,3774.0000,3775.0000,1,1,1,1,1,1,1,3,1,1
SF,IF2007,2020-05-27 10:13:02.700,3771.0000,7863,-1,1200959520.000,1,0,1,双平,S,3770.8000,3770.0000,3769.8000,3769.4000,3768.8000,3771.8000,3772.0000,3772.2000,3773.0000,3774.0000,1,1,1,1,1,1,1,1,3,1
SF,IF2007,2020-05-27 10:13:05.200,3771.0000,7863,0,1200959520.000,0,-,-,-,-,3770.8000,3770.0000,3769.8000,3769.4000,3768.8000,3771.0000,3771.8000,3772.0000,3772.2000,3773.0000,1,1,1,1,1,1,1,1,1,3
SF,IF2007,2020-05-27 10:13:05.700,3771.0000,7863,0,1202090820.000,1,0,1,多换,S,3770.8000,3770.0000,3769.8000,3769.4000,3768.6000,3771.8000,3772.0000,3772.2000,3773.0000,3774.0000,1,1,1,1,1,1,1,1,3,1
SF,IF2007,2020-05-27 10:13:07.700,3771.0000,7863,0,1202090820.000,0,-,-,-,-,3770.8000,3770.0000,3769.8000,3769.4000,3768.6000,3772.0000,3772.2000,3773.0000,3774.0000,3775.0000,1,1,1,1,1,1,1,3,1,1
SF,IF2007,2020-05-27 10:13:08.200,3771.0000,7863,0,1202090820.000,0,-,-,-,-,3770.8000,3770.0000,3769.4000,3768.6000,3768.0000,3771.8000,3772.0000,3772.2000,3773.0000,3774.0000,2,1,1,1,4,2,1,1,3,1
SF,IF2007,2020-05-27 10:13:08.700,3771.0000,7863,0,1202090820.000,0,-,-,-,-,3771.0000,3770.8000,3770.0000,3769.4000,3768.6000,3771.8000,3772.0000,3772.2000,3773.0000,3774.0000,1,2,1,1,1,2,1,1,3,1
SF,IF2007,2020-05-27 10:13:09.200,3771.0000,7863,0,1202090820.000,0,-,-,-,-,3771.0000,3770.8000,3770.0000,3769.4000,3768.6000,3771.8000,3772.0000,3772.2000,3773.0000,3774.0000,1,2,1,1,1,1,1,1,3,1
SF,IF2007,2020-05-27 10:13:09.700,3771.0000,7863,0,1202090820.000,0,-,-,-,-,3771.0000,3770.8000,3769.4000,3768.6000,3768.0000,3771.8000,3772.0000,3772.2000,3773.0000,3774.0000,1,2,1,1,4,1,1,1,3,1
SF,IF2007,2020-05-27 10:13:10.200,3771.0000,7863,0,1202090820.000,0,-,-,-,-,3771.0000,3770.8000,3769.4000,3768.6000,3768.0000,3771.8000,3772.0000,3772.2000,3773.0000,3774.0000,2,1,1,1,4,1,1,1,3,1
SF,IF2007,2020-05-27 10:13:11.700,3771.0000,7863,0,1202090820.000,0,-,-,-,-,3771.0000,3770.8000,3769.4000,3768.6000,3768.0000,3771.8000,3772.0000,3772.2000,3773.0000,3774.0000,1,1,1,1,4,1,1,1,3,1
SF,IF2007,2020-05-27 10:13:12.200,3771.0000,7863,0,1202090820.000,0,-,-,-,-,3771.0000,3770.8000,3769.4000,3768.6000,3768.0000,3771.8000,3772.0000,3772.2000,3773.0000,3774.0000,1,1,1,1,4,1,1,1,3,1
SF,IF2007,2020-05-27 10:13:15.200,3771.0000,7863,0,1202090820.000,0,-,-,-,-,3771.0000,3770.8000,3769.4000,3768.6000,3768.0000,3771.8000,3772.0000,3772.2000,3773.0000,3774.0000,2,1,1,1,4,1,1,1,3,1
SF,IF2007,2020-05-27 10:13:15.700,3771.0000,7863,0,1202090820.000,0,-,-,-,-,3771.0000,3770.8000,3769.4000,3768.6000,3768.0000,3772.0000,3772.2000,3773.0000,3774.0000,3775.0000,2,1,1,1,4,1,1,3,1,1
SF,IF2007,2020-05-27 10:13:16.200,3771.0000,7863,0,1202090820.000,0,-,-,-,-,3771.2000,3771.0000,3770.8000,3769.4000,3768.6000,3772.0000,3772.2000,3773.0000,3774.0000,3775.0000,1,2,1,1,1,1,1,3,1,1
SF,IF2007,2020-05-27 10:13:16.700,3771.0000,7863,0,1202090820.000,0,-,-,-,-,3771.4000,3771.2000,3771.0000,3770.8000,3769.4000,3772.2000,3773.0000,3774.0000,3775.0000,3780.0000,1,1,2,1,1,1,3,1,1,5
SF,IF2007,2020-05-27 10:13:17.200,3771.0000,7863,0,1202090820.000,0,-,-,-,-,3771.6000,3771.4000,3771.2000,3771.0000,3769.4000,3772.2000,3773.0000,3774.0000,3775.0000,3780.0000,1,1,1,2,1,1,3,1,1,5
SF,IF2007,2020-05-27 10:13:17.700,3772.2000,7862,-1,1203222480.000,1,0,1,双平,S,3772.2000,3771.6000,3771.4000,3771.2000,3771.0000,3773.0000,3774.0000,3775.0000,3780.0000,3781.0000,1,1,1,1,2,3,1,1,5,1
SF,IF2007,2020-05-27 10:13:18.200,3772.2000,7862,0,1203222480.000,0,-,-,-,-,3771.6000,3771.4000,3771.2000,3771.0000,3769.4000,3773.0000,3774.0000,3775.0000,3780.0000,3781.0000,1,1,1,2,1,3,1,1,5,1
SF,IF2007,2020-05-27 10:13:18.700,3772.2000,7862,0,1203222480.000,0,-,-,-,-,3771.6000,3771.4000,3771.2000,3771.0000,3769.4000,3772.8000,3773.0000,3774.0000,3775.0000,3780.0000,1,1,1,2,1,1,3,1,1,5
SF,IF2007,2020-05-27 10:13:21.200,3772.8000,7863,1,1204354320.000,1,1,0,双开,S,3771.8000,3771.6000,3771.4000,3771.2000,3771.0000,3773.0000,3774.0000,3775.0000,3780.0000,3781.0000,1,1,1,1,2,3,1,1,5,1
SF,IF2007,2020-05-27 10:13:21.700,3773.0000,7864,1,1207750020.000,3,2,1,空开,S,3772.0000,3771.8000,3771.4000,3771.2000,3771.0000,3774.0000,3775.0000,3780.0000,3781.0000,3782.8000,1,1,1,1,2,1,1,5,1,2
SF,IF2007,2020-05-27 10:13:22.200,3773.6000,7865,1,1208882100.000,1,1,0,双开,S,3772.4000,3772.2000,3772.0000,3771.6000,3771.4000,3773.8000,3774.0000,3775.0000,3780.0000,3781.0000,1,1,1,1,1,1,1,1,5,1
SF,IF2007,2020-05-27 10:13:22.700,3773.6000,7865,0,1208882100.000,0,-,-,-,-,3772.6000,3772.4000,3772.2000,3771.6000,3771.4000,3773.8000,3774.0000,3775.0000,3780.0000,3781.0000,1,1,1,1,1,1,1,1,5,1
SF,IF2007,2020-05-27 10:13:23.200,3773.6000,7865,0,1208882100.000,0,-,-,-,-,3772.8000,3772.6000,3772.4000,3771.6000,3771.4000,3773.8000,3774.0000,3775.0000,3780.0000,3781.0000,2,1,1,1,1,1,1,1,5,1
SF,IF2007,2020-05-27 10:13:23.700,3773.6000,7865,0,1208882100.000,0,-,-,-,-,3772.8000,3772.6000,3772.4000,3771.6000,3771.4000,3773.8000,3774.0000,3775.0000,3780.0000,3781.0000,1,1,1,1,1,1,1,1,5,1
SF,IF2007,2020-05-27 10:13:24.200,3773.6000,7865,0,1208882100.000,0,-,-,-,-,3772.8000,3772.6000,3772.4000,3771.6000,3771.4000,3773.8000,3774.0000,3775.0000,3780.0000,3781.0000,1,1,1,1,1,1,1,1,5,1
SF,IF2007,2020-05-27 10:13:24.700,3773.6000,7865,0,1208882100.000,0,-,-,-,-,3772.6000,3772.4000,3771.6000,3771.4000,3771.0000,3773.4000,3773.6000,3774.0000,3775.0000,3780.0000,1,1,1,1,2,1,1,1,1,5
SF,IF2007,2020-05-27 10:13:25.200,3773.6000,7865,0,1208882100.000,0,-,-,-,-,3772.6000,3772.4000,3771.6000,3771.4000,3771.0000,3773.4000,3773.6000,3774.0000,3775.0000,3780.0000,1,1,1,1,1,1,1,1,1,5
SF,IF2007,2020-05-27 10:13:25.700,3773.6000,7865,0,1208882100.000,0,-,-,-,-,3772.6000,3772.4000,3771.6000,3771.4000,3771.0000,3773.4000,3773.6000,3774.0000,3775.0000,3780.0000,1,1,1,1,1,1,1,1,1,5
SF,IF2007,2020-05-27 10:13:26.200,3773.6000,7865,0,1208882100.000,0,-,-,-,-,3772.6000,3772.4000,3771.6000,3771.4000,3771.0000,3773.4000,3773.6000,3774.0000,3775.0000,3780.0000,1,1,1,1,1,1,1,1,1,5
SF,IF2007,2020-05-27 10:13:31.200,3773.6000,7865,0,1208882100.000,0,-,-,-,-,3772.6000,3772.4000,3771.6000,3771.4000,3771.0000,3773.4000,3773.6000,3774.0000,3775.0000,3780.0000,1,1,1,1,1,1,1,1,1,5
SF,IF2007,2020-05-27 10:13:34.200,3773.6000,7865,0,1208882100.000,0,-,-,-,-,3772.6000,3771.6000,3771.4000,3771.0000,3769.4000,3773.4000,3773.6000,3774.0000,3775.0000,3780.0000,1,1,1,1,1,1,1,1,1,5
SF,IF2007,2020-05-27 10:13:34.700,3773.6000,7865,0,1208882100.000,0,-,-,-,-,3771.6000,3771.4000,3771.0000,3769.4000,3768.6000,3773.4000,3773.6000,3774.0000,3775.0000,3780.0000,1,1,1,1,1,1,1,1,1,5
SF,IF2007,2020-05-27 10:13:35.200,3773.6000,7865,0,1208882100.000,0,-,-,-,-,3772.2000,3772.0000,3771.8000,3771.6000,3771.4000,3773.4000,3773.6000,3774.0000,3775.0000,3780.0000,1,2,2,1,1,1,1,1,1,5
SF,IF2007,2020-05-27 10:13:35.700,3773.6000,7865,0,1208882100.000,0,-,-,-,-,3772.4000,3772.2000,3772.0000,3771.8000,3771.6000,3773.4000,3773.6000,3774.0000,3780.0000,3781.0000,1,1,2,1,1,1,1,1,5,1
SF,IF2007,2020-05-27 10:13:38.700,3773.6000,7865,0,1208882100.000,0,-,-,-,-,3772.4000,3771.8000,3771.6000,3771.4000,3771.0000,3773.4000,3773.6000,3774.0000,3780.0000,3781.0000,1,1,1,1,1,1,1,1,5,1
SF,IF2007,2020-05-27 10:13:39.200,3773.6000,7865,0,1208882100.000,0,-,-,-,-,3772.4000,3771.8000,3771.6000,3771.4000,3771.0000,3773.2000,3773.4000,3774.0000,3780.0000,3781.0000,1,1,1,1,1,1,1,1,5,1
SF,IF2007,2020-05-27 10:13:39.700,3773.6000,7865,0,1208882100.000,0,-,-,-,-,3772.4000,3771.8000,3771.6000,3771.4000,3771.0000,3773.4000,3774.0000,3780.0000,3781.0000,3782.8000,1,1,1,1,1,1,1,5,1,2
SF,IF2007,2020-05-27 10:13:41.700,3773.4000,7864,-1,1210014120.000,1,0,1,双平,S,3772.4000,3771.8000,3771.6000,3771.4000,3771.0000,3774.0000,3780.0000,3781.0000,3782.8000,3783.0000,1,1,1,1,1,1,5,1,2,2
SF,IF2007,2020-05-27 10:13:42.200,3773.4000,7864,0,1210014120.000,0,-,-,-,-,3772.4000,3771.8000,3771.6000,3771.4000,3771.0000,3773.8000,3774.0000,3780.0000,3781.0000,3782.8000,1,1,1,1,1,2,1,5,1,2
SF,IF2007,2020-05-27 10:13:45.700,3773.8000,7863,-1,1211146260.000,1,0,1,双平,S,3772.6000,3772.4000,3771.8000,3771.6000,3771.4000,3773.8000,3774.0000,3780.0000,3781.0000,3782.8000,1,1,1,1,1,1,1,5,1,2
SF,IF2007,2020-05-27 10:13:46.200,3773.8000,7863,0,1211146260.000,0,-,-,-,-,3772.8000,3772.6000,3771.8000,3771.6000,3771.4000,3774.0000,3780.0000,3781.0000,3782.8000,3783.0000,1,1,1,1,1,1,5,1,2,2
SF,IF2007,2020-05-27 10:13:47.200,3773.8000,7863,0,1211146260.000,0,-,-,-,-,3772.8000,3772.6000,3771.8000,3771.6000,3771.4000,3773.6000,3774.0000,3780.0000,3781.0000,3782.8000,1,1,1,1,1,1,1,5,1,2
SF,IF2007,2020-05-27 10:13:52.200,3773.6000,7863,0,1212278340.000,1,0,1,多换,S,3772.8000,3772.6000,3771.8000,3771.6000,3771.4000,3774.0000,3780.0000,3781.0000,3782.8000,3783.0000,1,1,1,1,1,1,5,1,2,2
SF,IF2007,2020-05-27 10:13:52.700,3773.6000,7863,0,1212278340.000,0,-,-,-,-,3772.8000,3772.6000,3771.8000,3771.6000,3771.4000,3773.8000,3774.0000,3780.0000,3781.0000,3782.8000,1,1,1,1,1,1,1,5,1,2
SF,IF2007,2020-05-27 10:13:54.700,3773.6000,7863,0,1212278340.000,0,-,-,-,-,3772.8000,3772.6000,3771.8000,3771.4000,3771.0000,3773.8000,3774.0000,3780.0000,3781.0000,3782.8000,1,1,1,1,1,1,1,5,1,2
SF,IF2007,2020-05-27 10:13:55.200,3773.6000,7863,0,1212278340.000,0,-,-,-,-,3773.0000,3772.8000,3771.8000,3771.4000,3771.0000,3773.8000,3774.0000,3780.0000,3781.0000,3782.8000,1,1,1,1,1,1,1,5,1,2
SF,IF2007,2020-05-27 10:13:55.700,3773.6000,7863,0,1212278340.000,0,-,-,-,-,3773.0000,3772.8000,3771.8000,3771.4000,3771.0000,3774.0000,3780.0000,3781.0000,3782.8000,3783.0000,1,1,1,1,1,1,5,1,2,2
SF,IF2007,2020-05-27 10:13:56.200,3773.6000,7863,0,1212278340.000,0,-,-,-,-,3773.2000,3773.0000,3771.8000,3771.4000,3771.0000,3774.0000,3780.0000,3781.0000,3782.8000,3783.0000,1,2,1,1,1,1,5,1,2,2
SF,IF2007,2020-05-27 10:13:57.700,3773.2000,7863,0,1213410300.000,1,0,1,多换,S,3773.0000,3771.8000,3771.4000,3771.0000,3769.4000,3774.0000,3780.0000,3781.0000,3782.8000,3783.0000,2,1,1,1,1,1,5,1,2,2
SF,IF2007,2020-05-27 10:13:58.200,3773.2000,7863,0,1213410300.000,0,-,-,-,-,3773.0000,3771.8000,3771.4000,3771.0000,3769.4000,3773.8000,3774.0000,3780.0000,3781.0000,3782.8000,2,1,1,1,1,1,1,5,1,2
SF,IF2007,2020-05-27 10:14:01.200,3773.2000,7863,0,1213410300.000,0,-,-,-,-,3773.0000,3771.8000,3771.4000,3769.4000,3768.0000,3773.8000,3774.0000,3780.0000,3781.0000,3782.8000,2,1,1,1,4,1,1,5,1,2
SF,IF2007,2020-05-27 10:14:03.700,3773.2000,7863,0,1213410300.000,0,-,-,-,-,3773.0000,3771.8000,3771.4000,3769.4000,3768.0000,3773.8000,3774.0000,3780.0000,3781.0000,3782.8000,1,1,1,1,4,1,1,5,1,2
SF,IF2007,2020-05-27 10:14:05.200,3773.2000,7863,0,1213410300.000,0,-,-,-,-,3773.0000,3771.8000,3771.4000,3769.4000,3768.0000,3773.2000,3773.8000,3774.0000,3780.0000,3781.0000,1,1,1,1,4,1,1,1,5,1
SF,IF2007,2020-05-27 10:14:06.200,3773.0000,7863,0,1214542200.000,1,0,1,多换,S,3771.8000,3771.4000,3769.4000,3768.0000,3767.4000,3773.2000,3773.8000,3774.0000,3780.0000,3781.0000,1,1,1,4,1,1,1,1,5,1
SF,IF2007,2020-05-27 10:14:06.700,3773.0000,7863,0,1214542200.000,0,-,-,-,-,3772.6000,3772.0000,3771.8000,3771.4000,3769.4000,3773.2000,3773.8000,3774.0000,3780.0000,3781.0000,1,1,1,1,1,1,1,1,5,1
SF,IF2007,2020-05-27 10:14:07.200,3773.0000,7863,0,1214542200.000,0,-,-,-,-,3773.0000,3772.6000,3772.0000,3771.8000,3771.4000,3773.2000,3773.8000,3774.0000,3780.0000,3781.0000,1,1,1,1,1,1,1,1,5,1
SF,IF2007,2020-05-27 10:14:08.200,3773.0000,7863,0,1215674100.000,1,0,1,多换,S,3772.6000,3772.0000,3771.8000,3771.4000,3769.4000,3773.2000,3773.8000,3774.0000,3780.0000,3781.0000,1,1,1,1,1,1,1,1,5,1
SF,IF2007,2020-05-27 10:14:11.700,3773.0000,7863,0,1215674100.000,0,-,-,-,-,3772.0000,3771.8000,3771.4000,3769.4000,3768.0000,3773.2000,3773.8000,3774.0000,3780.0000,3781.0000,1,1,1,1,4,1,1,1,5,1
SF,IF2007,2020-05-27 10:14:12.200,3773.0000,7863,0,1215674100.000,0,-,-,-,-,3771.4000,3769.4000,3768.0000,3767.4000,3765.0000,3773.0000,3773.2000,3774.0000,3780.0000,3781.0000,1,1,4,1,2,3,1,1,5,1
SF,IF2007,2020-05-27 10:14:12.700,3773.0000,7863,0,1215674100.000,0,-,-,-,-,3771.8000,3771.6000,3771.4000,3769.4000,3768.0000,3772.6000,3773.0000,3773.2000,3774.0000,3780.0000,1,1,1,1,4,1,2,1,1,5
SF,IF2007,2020-05-27 10:14:13.200,3773.0000,7863,0,1215674100.000,0,-,-,-,-,3771.8000,3771.6000,3771.4000,3769.4000,3768.0000,3773.0000,3773.2000,3774.0000,3780.0000,3781.0000,1,1,1,1,4,2,1,1,5,1
SF,IF2007,2020-05-27 10:14:13.700,3773.0000,7863,0,1215674100.000,0,-,-,-,-,3771.8000,3771.6000,3771.4000,3769.4000,3768.0000,3772.8000,3773.0000,3773.2000,3774.0000,3780.0000,1,1,1,1,4,1,2,1,1,5
SF,IF2007,2020-05-27 10:14:14.200,3773.0000,7863,0,1215674100.000,0,-,-,-,-,3771.8000,3771.6000,3771.4000,3769.4000,3768.0000,3772.6000,3772.8000,3773.0000,3773.2000,3774.0000,1,1,1,1,4,1,1,1,1,1
SF,IF2007,2020-05-27 10:14:14.700,3773.0000,7863,0,1215674100.000,0,-,-,-,-,3771.8000,3771.6000,3771.4000,3769.4000,3768.0000,3772.6000,3773.0000,3773.2000,3774.0000,3780.0000,1,1,1,1,4,1,1,1,1,5
SF,IF2007,2020-05-27 10:14:15.200,3773.0000,7863,0,1215674100.000,0,-,-,-,-,3771.4000,3769.4000,3768.0000,3767.4000,3765.0000,3772.6000,3773.0000,3773.2000,3774.0000,3780.0000,1,1,4,1,2,1,1,1,1,5
SF,IF2007,2020-05-27 10:14:15.700,3773.0000,7863,0,1215674100.000,0,-,-,-,-,3771.6000,3771.4000,3769.4000,3768.0000,3767.4000,3772.4000,3772.6000,3773.0000,3773.2000,3774.0000,1,1,1,4,1,1,1,1,1,1
SF,IF2007,2020-05-27 10:14:16.200,3773.0000,7863,0,1215674100.000,0,-,-,-,-,3771.6000,3771.4000,3769.4000,3768.0000,3767.4000,3772.6000,3773.0000,3773.2000,3774.0000,3780.0000,1,1,1,4,1,1,1,1,1,5
SF,IF2007,2020-05-27 10:14:16.700,3773.0000,7863,0,1215674100.000,0,-,-,-,-,3771.6000,3771.4000,3769.4000,3768.0000,3767.4000,3772.6000,3773.2000,3774.0000,3780.0000,3781.0000,1,1,1,4,1,1,1,1,5,1
SF,IF2007,2020-05-27 10:14:17.200,3771.6000,7863,0,1216805580.000,1,0,1,多换,S,3771.4000,3769.4000,3768.0000,3767.4000,3765.0000,3772.6000,3773.2000,3774.0000,3780.0000,3781.0000,1,1,4,1,2,1,1,1,5,1
SF,IF2007,2020-05-27 10:14:17.700,3771.6000,7863,0,1216805580.000,0,-,-,-,-,3771.6000,3771.4000,3769.4000,3768.0000,3767.4000,3772.6000,3773.2000,3774.0000,3780.0000,3781.0000,1,1,1,4,1,1,1,1,5,1
SF,IF2007,2020-05-27 10:14:21.200,3771.6000,7863,0,1216805580.000,0,-,-,-,-,3771.6000,3771.4000,3769.4000,3768.0000,3767.4000,3772.6000,3773.0000,3773.2000,3774.0000,3780.0000,1,1,1,4,1,1,1,1,1,5
SF,IF2007,2020-05-27 10:14:28.200,3771.6000,7863,0,1216805580.000,0,-,-,-,-,3771.6000,3769.4000,3768.0000,3767.4000,3765.0000,3772.6000,3773.0000,3773.2000,3774.0000,3780.0000,1,1,4,1,2,1,1,1,1,5
SF,IF2007,2020-05-27 10:14:29.700,3771.6000,7863,0,1216805580.000,0,-,-,-,-,3771.8000,3771.6000,3769.4000,3768.0000,3767.4000,3772.6000,3773.0000,3773.2000,3774.0000,3780.0000,1,1,1,4,1,1,1,1,1,5
SF,IF2007,2020-05-27 10:14:30.200,3771.6000,7863,0,1216805580.000,0,-,-,-,-,3771.8000,3771.6000,3769.4000,3768.0000,3767.4000,3772.6000,3773.0000,3773.2000,3774.0000,3780.0000,1,1,1,4,1,1,1,1,1,5
SF,IF2007,2020-05-27 10:14:31.700,3771.8000,7862,-1,1217937120.000,1,0,1,双平,S,3771.6000,3769.4000,3768.0000,3767.4000,3765.0000,3772.6000,3773.0000,3773.2000,3774.0000,3780.0000,1,1,4,1,2,1,1,1,1,5
SF,IF2007,2020-05-27 10:14:32.200,3771.8000,7862,0,1217937120.000,0,-,-,-,-,3769.4000,3768.0000,3767.4000,3765.0000,3763.0000,3772.6000,3773.0000,3773.2000,3774.0000,3780.0000,1,4,1,2,1,1,1,1,1,5
SF,IF2007,2020-05-27 10:14:32.700,3771.8000,7862,0,1217937120.000,0,-,-,-,-,3771.0000,3770.6000,3770.4000,3770.0000,3769.8000,3772.6000,3773.0000,3773.2000,3774.0000,3780.0000,1,1,2,1,1,1,1,1,1,5
SF,IF2007,2020-05-27 10:14:33.200,3771.8000,7862,0,1217937120.000,0,-,-,-,-,3771.0000,3770.6000,3770.4000,3770.0000,3769.8000,3772.6000,3773.0000,3773.2000,3774.0000,3780.0000,1,1,2,1,1,1,1,1,1,5
SF,IF2007,2020-05-27 10:14:33.700,3772.6000,7864,2,1222464000.000,4,3,1,空开,S,3772.6000,3771.0000,3770.6000,3770.4000,3770.0000,3773.0000,3773.2000,3774.0000,3780.0000,3781.0000,6,1,1,2,1,1,1,1,5,1
SF,IF2007,2020-05-27 10:14:34.200,3772.6000,7866,2,1229254680.000,6,4,2,空开,S,3770.6000,3770.4000,3770.0000,3769.8000,3769.6000,3772.2000,3772.4000,3772.6000,3772.8000,3773.0000,1,2,1,1,4,2,1,3,4,1
SF,IF2007,2020-05-27 10:14:34.700,3772.6000,7866,0,1229254680.000,0,-,-,-,-,3771.0000,3770.8000,3770.6000,3770.4000,3770.0000,3772.0000,3772.2000,3772.6000,3772.8000,3773.0000,1,1,1,1,1,1,2,2,4,1
SF,IF2007,2020-05-27 10:14:35.200,3772.2000,7867,1,1230386340.000,1,1,0,双开,S,3771.2000,3771.0000,3770.6000,3770.4000,3770.0000,3771.8000,3772.2000,3772.6000,3772.8000,3773.0000,1,1,1,1,1,1,1,2,4,1
SF,IF2007,2020-05-27 10:14:35.700,3771.8000,7867,0,1231517880.000,1,0,1,多换,S,3771.2000,3771.0000,3770.6000,3770.4000,3770.0000,3772.2000,3772.6000,3772.8000,3773.0000,3773.2000,1,1,1,1,1,1,2,4,1,1
SF,IF2007,2020-05-27 10:14:36.200,3771.8000,7867,0,1231517880.000,0,-,-,-,-,3771.2000,3771.0000,3770.6000,3770.4000,3770.0000,3772.6000,3772.8000,3773.0000,3773.2000,3774.0000,1,1,1,1,1,2,4,1,1,1
SF,IF2007,2020-05-27 10:14:36.700,3771.8000,7867,0,1231517880.000,0,-,-,-,-,3771.2000,3771.0000,3770.6000,3770.4000,3770.0000,3772.4000,3772.6000,3772.8000,3773.0000,3773.2000,1,1,1,1,1,1,2,4,1,1
SF,IF2007,2020-05-27 10:14:37.700,3771.8000,7867,0,1231517880.000,0,-,-,-,-,3771.2000,3771.0000,3770.6000,3770.4000,3770.0000,3772.4000,3772.6000,3772.8000,3773.0000,3773.2000,1,1,1,1,1,2,2,4,1,1
SF,IF2007,2020-05-27 10:14:38.700,3771.8000,7867,0,1231517880.000,0,-,-,-,-,3771.2000,3771.0000,3770.6000,3770.4000,3770.0000,3772.2000,3772.4000,3772.6000,3772.8000,3773.0000,1,1,1,1,1,1,2,2,4,1
SF,IF2007,2020-05-27 10:14:39.200,3771.8000,7867,0,1231517880.000,0,-,-,-,-,3771.2000,3771.0000,3770.6000,3770.4000,3770.0000,3772.2000,3772.4000,3772.6000,3772.8000,3773.0000,1,1,1,1,1,1,3,2,4,1
SF,IF2007,2020-05-27 10:14:41.200,3771.8000,7867,0,1231517880.000,0,-,-,-,-,3771.2000,3771.0000,3770.6000,3770.4000,3770.0000,3772.2000,3772.4000,3772.6000,3772.8000,3773.0000,1,1,1,1,1,1,3,2,4,1
SF,IF2007,2020-05-27 10:14:42.200,3771.8000,7867,0,1231517880.000,0,-,-,-,-,3771.2000,3771.0000,3770.6000,3770.4000,3770.0000,3772.4000,3772.6000,3772.8000,3773.0000,3773.2000,1,1,1,1,1,3,2,4,1,1
SF,IF2007,2020-05-27 10:14:43.700,3771.8000,7867,0,1231517880.000,0,-,-,-,-,3771.4000,3771.2000,3770.6000,3770.4000,3770.0000,3772.4000,3772.6000,3772.8000,3773.0000,3773.2000,3,1,1,1,1,1,2,3,1,1
SF,IF2007,2020-05-27 10:14:44.200,3771.8000,7867,0,1231517880.000,0,-,-,-,-,3771.6000,3771.4000,3770.6000,3770.4000,3770.0000,3772.6000,3772.8000,3773.0000,3773.2000,3774.0000,1,3,1,1,1,1,3,1,1,1
SF,IF2007,2020-05-27 10:14:45.200,3771.8000,7867,0,1231517880.000,0,-,-,-,-,3771.6000,3771.4000,3770.6000,3770.4000,3770.0000,3772.2000,3772.6000,3772.8000,3773.0000,3773.2000,1,3,1,1,1,1,1,3,1,1
SF,IF2007,2020-05-27 10:14:48.200,3771.8000,7867,0,1231517880.000,0,-,-,-,-,3771.6000,3771.4000,3770.6000,3770.4000,3770.0000,3772.2000,3772.6000,3772.8000,3773.0000,3773.2000,1,3,1,1,2,1,1,3,1,1
SF,IF2007,2020-05-27 10:14:48.700,3771.8000,7867,0,1231517880.000,0,-,-,-,-,3771.4000,3770.6000,3770.4000,3770.0000,3769.8000,3772.2000,3772.6000,3772.8000,3773.0000,3773.2000,3,1,1,2,1,2,1,3,1,1
SF,IF2007,2020-05-27 10:14:51.200,3771.8000,7867,0,1231517880.000,0,-,-,-,-,3771.4000,3770.6000,3770.4000,3770.0000,3769.8000,3772.2000,3772.6000,3772.8000,3773.0000,3773.2000,3,1,1,3,1,2,1,3,1,1
SF,IF2007,2020-05-27 10:14:53.700,3771.8000,7867,0,1231517880.000,0,-,-,-,-,3771.4000,3770.6000,3770.4000,3770.0000,3769.8000,3772.2000,3772.6000,3772.8000,3773.0000,3773.2000,3,1,1,3,1,2,1,3,1,1
SF,IF2007,2020-05-27 10:14:54.700,3771.4000,7867,0,1232649300.000,1,0,1,多换,S,3771.4000,3770.6000,3770.4000,3770.0000,3769.8000,3772.2000,3772.6000,3772.8000,3773.0000,3773.2000,2,1,1,3,1,1,1,3,1,1
SF,IF2007,2020-05-27 10:14:55.200,3771.4000,7867,0,1232649300.000,0,-,-,-,-,3771.6000,3771.4000,3770.6000,3770.4000,3770.0000,3772.0000,3772.2000,3772.6000,3772.8000,3773.0000,1,2,1,1,3,1,1,1,3,1
SF,IF2007,2020-05-27 10:14:55.700,3771.4000,7867,0,1232649300.000,0,-,-,-,-,3771.6000,3771.4000,3770.6000,3770.4000,3770.0000,3772.0000,3772.2000,3772.6000,3772.8000,3773.0000,1,2,1,1,3,1,1,1,3,1
SF,IF2007,2020-05-27 10:14:56.200,3771.4000,7867,0,1232649300.000,0,-,-,-,-,3771.4000,3770.6000,3770.4000,3770.0000,3769.8000,3772.0000,3772.2000,3772.6000,3772.8000,3773.0000,2,1,1,3,1,1,1,1,3,1
SF,IF2007,2020-05-27 10:14:56.700,3771.4000,7867,0,1232649300.000,0,-,-,-,-,3771.4000,3770.6000,3770.4000,3770.0000,3769.8000,3772.0000,3772.6000,3772.8000,3773.0000,3773.2000,2,1,1,3,1,1,1,3,1,1
SF,IF2007,2020-05-27 10:14:58.700,3771.4000,7867,0,1232649300.000,0,-,-,-,-,3771.4000,3770.6000,3770.4000,3770.0000,3769.8000,3772.0000,3772.6000,3772.8000,3773.0000,3773.2000,1,1,1,3,1,1,1,3,1,1
SF,IF2007,2020-05-27 10:14:59.200,3771.4000,7867,0,1232649300.000,0,-,-,-,-,3771.4000,3770.6000,3770.4000,3770.0000,3769.8000,3772.0000,3772.6000,3772.8000,3773.2000,3773.6000,1,1,1,3,1,1,1,3,1,1
SF,IF2007,2020-05-27 10:14:59.700,3771.4000,7867,0,1232649300.000,0,-,-,-,-,3770.6000,3770.4000,3770.0000,3769.8000,3769.6000,3772.0000,3772.6000,3772.8000,3773.2000,3773.6000,1,1,3,1,3,1,1,3,1,1
SF,IF2007,2020-05-27 10:15:00.200,3771.4000,7867,0,1232649300.000,0,-,-,-,-,3771.0000,3770.8000,3770.6000,3770.4000,3770.0000,3772.0000,3772.6000,3772.8000,3773.2000,3773.6000,1,2,1,1,2,1,1,3,1,1
SF,IF2007,2020-05-27 10:15:00.700,3771.4000,7867,0,1232649300.000,0,-,-,-,-,3771.2000,3771.0000,3770.8000,3770.6000,3770.4000,3772.0000,3772.6000,3772.8000,3773.2000,3773.6000,1,1,1,1,1,1,1,3,1,1
SF,IF2007,2020-05-27 10:15:03.200,3771.4000,7867,0,1232649300.000,0,-,-,-,-,3771.2000,3771.0000,3770.8000,3770.0000,3769.6000,3772.0000,3772.6000,3772.8000,3773.2000,3773.6000,1,1,1,2,3,1,1,3,1,1
SF,IF2007,2020-05-27 10:15:06.200,3771.4000,7867,0,1232649300.000,0,-,-,-,-,3771.2000,3771.0000,3770.8000,3770.6000,3770.0000,3772.0000,3772.6000,3772.8000,3773.2000,3773.6000,1,1,1,1,2,1,1,3,1,1
SF,IF2007,2020-05-27 10:15:07.700,3771.4000,7867,0,1232649300.000,0,-,-,-,-,3771.2000,3771.0000,3770.8000,3770.6000,3770.0000,3772.0000,3772.6000,3772.8000,3773.2000,3773.6000,1,1,1,1,2,1,1,3,1,1
SF,IF2007,2020-05-27 10:15:13.200,3771.4000,7867,0,1232649300.000,0,-,-,-,-,3771.2000,3771.0000,3770.8000,3770.6000,3770.0000,3772.0000,3772.6000,3772.8000,3773.2000,3773.6000,1,1,1,1,2,2,1,3,1,1
SF,IF2007,2020-05-27 10:15:14.200,3771.2000,7867,0,1233780660.000,1,0,1,多换,S,3771.0000,3770.8000,3770.6000,3770.0000,3769.6000,3772.0000,3772.6000,3772.8000,3773.2000,3773.6000,1,1,1,2,3,2,1,3,1,1
SF,IF2007,2020-05-27 10:15:14.700,3771.2000,7867,0,1233780660.000,0,-,-,-,-,3771.4000,3771.2000,3771.0000,3770.6000,3770.0000,3771.8000,3772.0000,3772.6000,3772.8000,3773.2000,1,2,1,1,2,1,2,1,3,1
SF,IF2007,2020-05-27 10:15:15.200,3771.8000,7867,0,1234912200.000,1,0,1,多换,S,3771.4000,3771.2000,3771.0000,3770.6000,3770.0000,3772.0000,3772.6000,3772.8000,3773.2000,3773.6000,1,2,1,1,2,2,1,3,1,1
SF,IF2007,2020-05-27 10:15:15.700,3771.8000,7867,0,1234912200.000,0,-,-,-,-,3771.2000,3771.0000,3770.6000,3770.0000,3769.6000,3772.0000,3772.6000,3772.8000,3773.2000,3773.6000,2,1,1,2,3,2,1,3,1,1
SF,IF2007,2020-05-27 10:15:17.200,3771.8000,7867,0,1234912200.000,0,-,-,-,-,3771.2000,3771.0000,3770.6000,3770.0000,3769.6000,3772.0000,3772.6000,3772.8000,3773.2000,3773.6000,1,1,1,2,3,2,1,3,1,1
SF,IF2007,2020-05-27 10:15:17.700,3771.8000,7867,0,1234912200.000,0,-,-,-,-,3771.0000,3770.6000,3770.0000,3769.6000,3769.4000,3772.0000,3772.6000,3772.8000,3773.2000,3773.6000,1,1,2,3,1,2,1,3,1,1
SF,IF2007,2020-05-27 10:15:18.700,3771.8000,7867,0,1234912200.000,0,-,-,-,-,3771.0000,3770.6000,3770.0000,3769.6000,3769.4000,3771.8000,3772.0000,3772.6000,3772.8000,3773.2000,1,1,2,3,1,1,2,1,3,1
SF,IF2007,2020-05-27 10:15:21.700,3771.8000,7867,0,1234912200.000,0,-,-,-,-,3771.0000,3770.6000,3770.0000,3769.6000,3769.4000,3771.8000,3772.0000,3772.6000,3772.8000,3773.2000,1,1,2,3,1,2,2,1,3,1
SF,IF2007,2020-05-27 10:15:22.700,3771.8000,7867,0,1234912200.000,0,-,-,-,-,3770.6000,3770.0000,3769.6000,3769.4000,3768.0000,3771.8000,3772.0000,3772.6000,3772.8000,3773.2000,1,2,3,1,6,2,2,1,3,1
SF,IF2007,2020-05-27 10:15:23.200,3771.8000,7867,0,1234912200.000,0,-,-,-,-,3770.6000,3770.0000,3769.6000,3769.4000,3768.0000,3771.6000,3771.8000,3772.0000,3772.6000,3772.8000,1,2,3,1,6,2,2,2,1,3
SF,IF2007,2020-05-27 10:15:23.700,3771.8000,7867,0,1234912200.000,0,-,-,-,-,3770.6000,3770.0000,3769.6000,3769.4000,3768.0000,3771.6000,3771.8000,3772.0000,3772.6000,3772.8000,1,2,3,1,6,2,3,2,1,3
SF,IF2007,2020-05-27 10:15:26.700,3770.6000,7868,1,1236043380.000,1,1,0,双开,S,3770.0000,3769.6000,3769.4000,3768.0000,3767.4000,3771.6000,3771.8000,3772.0000,3772.6000,3772.8000,2,3,1,6,1,2,3,2,1,3
SF,IF2007,2020-05-27 10:15:27.200,3770.6000,7868,0,1236043380.000,0,-,-,-,-,3770.4000,3770.2000,3770.0000,3769.6000,3769.4000,3771.6000,3771.8000,3772.0000,3772.6000,3772.8000,1,3,2,1,1,2,3,2,1,3
SF,IF2007,2020-05-27 10:15:27.700,3770.6000,7868,0,1236043380.000,0,-,-,-,-,3770.4000,3770.2000,3770.0000,3769.6000,3769.4000,3771.4000,3771.6000,3771.8000,3772.0000,3772.6000,1,3,2,1,1,1,2,3,2,1
SF,IF2007,2020-05-27 10:15:28.200,3770.6000,7868,0,1236043380.000,0,-,-,-,-,3770.4000,3770.2000,3770.0000,3769.6000,3769.4000,3771.2000,3771.4000,3771.6000,3771.8000,3772.0000,1,3,2,1,1,1,1,1,3,2
SF,IF2007,2020-05-27 10:15:30.200,3770.6000,7868,0,1236043380.000,0,-,-,-,-,3770.4000,3770.2000,3770.0000,3769.6000,3769.4000,3771.2000,3771.4000,3771.8000,3772.0000,3772.6000,1,3,2,1,1,1,1,3,2,1
SF,IF2007,2020-05-27 10:15:30.700,3770.6000,7868,0,1236043380.000,0,-,-,-,-,3770.4000,3770.2000,3770.0000,3769.6000,3769.4000,3771.2000,3771.8000,3772.0000,3772.6000,3772.8000,1,3,2,1,1,1,3,2,1,3
SF,IF2007,2020-05-27 10:15:31.200,3770.6000,7868,0,1236043380.000,0,-,-,-,-,3770.4000,3770.2000,3770.0000,3769.6000,3769.4000,3771.8000,3772.0000,3772.6000,3772.8000,3773.2000,1,3,2,1,1,3,2,1,3,1
SF,IF2007,2020-05-27 10:15:31.700,3770.6000,7868,0,1236043380.000,0,-,-,-,-,3770.8000,3770.6000,3770.2000,3770.0000,3769.6000,3771.6000,3771.8000,3772.0000,3772.6000,3772.8000,1,2,2,2,1,2,3,2,1,2
SF,IF2007,2020-05-27 10:15:33.700,3770.6000,7868,0,1236043380.000,0,-,-,-,-,3770.8000,3770.6000,3770.2000,3770.0000,3769.6000,3771.6000,3771.8000,3772.0000,3772.6000,3772.8000,1,2,2,2,1,1,3,2,1,2
SF,IF2007,2020-05-27 10:15:34.200,3770.6000,7868,0,1236043380.000,0,-,-,-,-,3770.8000,3770.6000,3770.2000,3770.0000,3769.6000,3771.6000,3771.8000,3772.0000,3772.6000,3772.8000,1,2,2,2,1,1,3,2,1,2
SF,IF2007,2020-05-27 10:15:36.700,3770.6000,7868,0,1236043380.000,0,-,-,-,-,3770.8000,3770.6000,3770.2000,3770.0000,3769.6000,3771.4000,3771.6000,3771.8000,3772.0000,3772.6000,1,2,2,2,1,1,1,2,2,1
SF,IF2007,2020-05-27 10:15:38.200,3770.6000,7868,0,1236043380.000,0,-,-,-,-,3770.8000,3770.6000,3770.2000,3770.0000,3769.6000,3771.4000,3771.6000,3771.8000,3772.0000,3772.6000,1,2,2,2,1,1,2,2,2,1
SF,IF2007,2020-05-27 10:15:38.700,3770.6000,7868,0,1236043380.000,0,-,-,-,-,3770.8000,3770.6000,3770.2000,3770.0000,3769.6000,3771.4000,3771.6000,3771.8000,3772.0000,3772.6000,1,2,2,2,1,1,1,2,2,1
SF,IF2007,2020-05-27 10:15:39.200,3770.6000,7868,0,1236043380.000,0,-,-,-,-,3770.8000,3770.6000,3770.2000,3770.0000,3769.6000,3771.4000,3771.6000,3771.8000,3772.0000,3772.6000,1,2,2,2,1,1,1,2,2,1
SF,IF2007,2020-05-27 10:15:40.700,3770.6000,7868,0,1236043380.000,0,-,-,-,-,3770.6000,3770.2000,3770.0000,3769.6000,3769.4000,3771.4000,3771.6000,3771.8000,3772.0000,3772.6000,2,2,2,1,1,1,1,2,2,1
SF,IF2007,2020-05-27 10:15:41.200,3770.6000,7868,0,1236043380.000,0,-,-,-,-,3770.6000,3770.2000,3770.0000,3769.6000,3769.4000,3771.4000,3771.6000,3771.8000,3772.0000,3772.6000,1,2,2,1,1,1,1,2,2,1
SF,IF2007,2020-05-27 10:15:41.700,3770.6000,7868,0,1236043380.000,0,-,-,-,-,3770.6000,3770.2000,3770.0000,3769.6000,3769.4000,3771.4000,3771.6000,3771.8000,3772.0000,3772.6000,1,2,2,1,1,1,1,2,2,1
SF,IF2007,2020-05-27 10:15:47.200,3770.6000,7867,-1,1237174560.000,1,0,1,双平,S,3770.2000,3770.0000,3769.6000,3769.4000,3768.2000,3771.4000,3771.6000,3771.8000,3772.0000,3772.6000,1,2,1,1,1,1,1,2,2,1
SF,IF2007,2020-05-27 10:15:47.700,3770.6000,7867,0,1237174560.000,0,-,-,-,-,3770.2000,3770.0000,3769.6000,3769.4000,3768.2000,3771.2000,3771.4000,3771.6000,3771.8000,3772.0000,1,2,1,1,1,2,1,1,2,2
SF,IF2007,2020-05-27 10:15:48.200,3770.6000,7867,0,1237174560.000,0,-,-,-,-,3770.2000,3770.0000,3769.6000,3769.4000,3768.2000,3771.0000,3771.2000,3771.4000,3771.6000,3771.8000,1,2,1,1,1,1,1,1,1,2
SF,IF2007,2020-05-27 10:15:49.200,3770.6000,7867,0,1237174560.000,0,-,-,-,-,3770.2000,3770.0000,3769.6000,3769.4000,3768.2000,3771.0000,3771.2000,3771.4000,3771.6000,3771.8000,1,3,1,1,1,1,1,1,1,2
SF,IF2007,2020-05-27 10:15:53.700,3770.2000,7866,-1,1238305620.000,1,0,1,双平,S,3770.0000,3769.6000,3769.4000,3768.2000,3768.0000,3771.0000,3771.2000,3771.4000,3771.6000,3771.8000,3,1,1,1,6,1,1,1,1,2
SF,IF2007,2020-05-27 10:15:54.200,3770.2000,7866,0,1238305620.000,0,-,-,-,-,3770.2000,3770.0000,3769.6000,3769.4000,3768.2000,3771.0000,3771.2000,3771.4000,3771.6000,3771.8000,1,3,1,1,1,1,1,1,1,2
SF,IF2007,2020-05-27 10:15:55.200,3770.2000,7866,0,1238305620.000,0,-,-,-,-,3770.2000,3770.0000,3769.6000,3769.4000,3768.2000,3771.0000,3771.2000,3771.4000,3771.6000,3771.8000,1,3,1,1,1,1,1,1,1,1
SF,IF2007,2020-05-27 10:15:55.700,3770.2000,7866,0,1238305620.000,0,-,-,-,-,3770.2000,3770.0000,3769.6000,3769.4000,3768.2000,3771.2000,3771.4000,3771.6000,3771.8000,3772.0000,1,3,1,1,1,1,1,1,1,1
SF,IF2007,2020-05-27 10:15:56.700,3770.2000,7866,0,1238305620.000,0,-,-,-,-,3770.2000,3770.0000,3769.6000,3769.4000,3768.2000,3771.0000,3771.2000,3771.4000,3771.6000,3771.8000,1,3,1,1,1,1,1,1,1,1
SF,IF2007,2020-05-27 10:15:58.200,3770.2000,7866,0,1238305620.000,0,-,-,-,-,3770.2000,3770.0000,3769.6000,3769.4000,3768.2000,3771.2000,3771.4000,3771.6000,3771.8000,3772.0000,1,3,1,1,1,1,1,1,1,1
SF,IF2007,2020-05-27 10:15:58.700,3770.2000,7866,0,1238305620.000,0,-,-,-,-,3770.2000,3770.0000,3769.6000,3769.4000,3768.2000,3771.2000,3771.4000,3771.6000,3771.8000,3772.0000,1,3,1,1,1,1,1,1,1,1
SF,IF2007,2020-05-27 10:16:03.700,3770.2000,7866,0,1238305620.000,0,-,-,-,-,3770.2000,3770.0000,3769.6000,3769.4000,3768.2000,3770.8000,3771.2000,3771.4000,3771.6000,3771.8000,1,3,1,1,1,1,1,1,1,1
SF,IF2007,2020-05-27 10:16:04.700,3770.2000,7865,-1,1239436680.000,1,0,1,双平,S,3770.0000,3769.6000,3769.4000,3768.2000,3768.0000,3770.8000,3771.2000,3771.4000,3771.6000,3771.8000,3,1,1,1,6,1,1,1,1,1
SF,IF2007,2020-05-27 10:16:06.200,3770.0000,7866,1,1240567680.000,1,1,0,双开,S,3770.0000,3769.6000,3769.4000,3768.2000,3768.0000,3770.6000,3770.8000,3771.2000,3771.4000,3771.6000,2,1,1,1,6,1,1,1,1,1
SF,IF2007,2020-05-27 10:16:06.700,3770.0000,7865,-1,1242829680.000,2,0,2,多平,S,3769.6000,3769.4000,3768.2000,3768.0000,3767.4000,3770.6000,3770.8000,3771.2000,3771.4000,3771.6000,1,1,1,6,1,1,1,1,1,1
SF,IF2007,2020-05-27 10:16:07.200,3770.0000,7865,0,1242829680.000,0,-,-,-,-,3769.4000,3768.2000,3768.0000,3767.4000,3765.0000,3770.6000,3770.8000,3771.2000,3771.4000,3771.6000,1,1,6,1,2,1,1,1,1,1
SF,IF2007,2020-05-27 10:16:07.700,3770.0000,7865,0,1242829680.000,0,-,-,-,-,3769.6000,3769.4000,3768.2000,3768.0000,3767.4000,3770.6000,3770.8000,3771.2000,3771.4000,3771.6000,1,1,1,6,1,1,1,1,1,1
SF,IF2007,2020-05-27 10:16:08.200,3770.0000,7865,0,1242829680.000,0,-,-,-,-,3770.0000,3769.8000,3769.6000,3768.2000,3768.0000,3770.8000,3771.2000,3771.4000,3771.6000,3771.8000,1,1,1,1,6,1,1,1,1,1
SF,IF2007,2020-05-27 10:16:08.700,3770.0000,7865,0,1242829680.000,0,-,-,-,-,3770.0000,3769.8000,3769.6000,3768.2000,3768.0000,3770.6000,3770.8000,3771.2000,3771.4000,3771.6000,1,1,1,1,6,1,1,1,1,1
SF,IF2007,2020-05-27 10:16:09.200,3770.0000,7865,0,1242829680.000,0,-,-,-,-,3769.8000,3769.6000,3768.2000,3768.0000,3767.4000,3770.6000,3770.8000,3771.2000,3771.4000,3771.6000,1,1,1,6,1,1,1,1,1,1
SF,IF2007,2020-05-27 10:16:10.200,3770.0000,7865,0,1242829680.000,0,-,-,-,-,3769.8000,3769.6000,3768.2000,3768.0000,3767.4000,3770.8000,3771.2000,3771.4000,3771.6000,3771.8000,1,1,1,6,1,1,1,1,1,1
SF,IF2007,2020-05-27 10:16:10.700,3770.0000,7865,0,1242829680.000,0,-,-,-,-,3769.8000,3769.6000,3768.2000,3768.0000,3767.4000,3770.6000,3770.8000,3771.2000,3771.4000,3771.6000,1,1,1,6,1,1,1,1,1,1
SF,IF2007,2020-05-27 10:16:12.200,3770.0000,7865,0,1242829680.000,0,-,-,-,-,3770.0000,3769.8000,3769.6000,3768.2000,3768.0000,3770.6000,3770.8000,3771.2000,3771.4000,3771.6000,1,1,1,1,6,1,1,1,1,1
SF,IF2007,2020-05-27 10:16:12.700,3770.0000,7865,0,1242829680.000,0,-,-,-,-,3770.0000,3769.8000,3769.6000,3768.2000,3768.0000,3770.8000,3771.2000,3771.4000,3771.6000,3771.8000,1,1,1,1,6,1,1,1,1,1
SF,IF2007,2020-05-27 10:16:13.700,3770.0000,7864,-1,1243960680.000,1,0,1,双平,S,3769.8000,3769.6000,3768.2000,3768.0000,3767.4000,3770.8000,3771.2000,3771.4000,3771.6000,3771.8000,1,1,1,6,1,1,1,1,1,1
SF,IF2007,2020-05-27 10:16:15.700,3770.0000,7864,0,1243960680.000,0,-,-,-,-,3769.8000,3769.6000,3768.2000,3768.0000,3767.4000,3770.8000,3771.2000,3771.4000,3771.6000,3771.8000,1,1,1,7,1,1,1,1,1,1
SF,IF2007,2020-05-27 10:16:17.700,3770.0000,7864,0,1243960680.000,0,-,-,-,-,3770.0000,3769.8000,3769.6000,3768.2000,3768.0000,3770.8000,3771.2000,3771.4000,3771.6000,3771.8000,1,1,1,1,7,1,1,1,1,1
SF,IF2007,2020-05-27 10:16:19.200,3770.0000,7864,0,1243960680.000,0,-,-,-,-,3770.2000,3770.0000,3769.8000,3769.6000,3768.2000,3770.8000,3771.2000,3771.4000,3771.6000,3771.8000,1,1,1,1,1,1,1,1,1,1
SF,IF2007,2020-05-27 10:16:20.700,3770.0000,7864,0,1243960680.000,0,-,-,-,-,3770.0000,3769.8000,3769.6000,3768.2000,3768.0000,3770.2000,3770.8000,3771.2000,3771.4000,3771.6000,1,1,1,1,7,1,1,1,1,1
SF,IF2007,2020-05-27 10:16:21.200,3770.2000,7864,0,1246222800.000,2,1,1,多换,S,3770.0000,3769.6000,3768.2000,3768.0000,3767.4000,3770.8000,3771.2000,3771.4000,3771.6000,3771.8000,1,1,1,7,1,1,1,1,1,1
SF,IF2007,2020-05-27 10:16:22.700,3770.0000,7864,0,1247353800.000,1,0,1,多换,S,3769.6000,3768.2000,3768.0000,3767.4000,3765.0000,3770.8000,3771.2000,3771.4000,3771.6000,3771.8000,1,1,7,1,2,1,1,1,1,1
SF,IF2007,2020-05-27 10:16:23.200,3770.0000,7864,0,1247353800.000,0,-,-,-,-,3769.8000,3769.6000,3768.2000,3768.0000,3767.4000,3770.8000,3771.2000,3771.4000,3771.6000,3771.8000,4,1,1,7,1,1,1,1,1,1
SF,IF2007,2020-05-27 10:16:24.200,3770.0000,7864,0,1247353800.000,0,-,-,-,-,3770.0000,3769.8000,3769.6000,3768.2000,3768.0000,3770.8000,3771.2000,3771.4000,3771.6000,3771.8000,1,4,1,1,7,1,1,1,1,1
SF,IF2007,2020-05-27 10:16:28.200,3770.0000,7864,0,1247353800.000,0,-,-,-,-,3770.0000,3769.8000,3769.6000,3768.2000,3768.0000,3770.6000,3770.8000,3771.2000,3771.4000,3771.6000,1,4,1,1,7,1,1,1,1,1
SF,IF2007,2020-05-27 10:16:29.700,3770.8000,7865,1,1249616220.000,2,1,1,空开,S,3770.0000,3769.8000,3769.6000,3768.2000,3768.0000,3771.2000,3771.4000,3771.6000,3771.8000,3772.6000,1,4,1,1,7,1,1,1,1,1
SF,IF2007,2020-05-27 10:16:30.200,3770.8000,7865,0,1249616220.000,0,-,-,-,-,3770.2000,3770.0000,3769.8000,3768.2000,3768.0000,3771.2000,3771.4000,3771.6000,3771.8000,3772.6000,1,1,4,1,7,1,1,1,1,1
SF,IF2007,2020-05-27 10:16:31.200,3770.8000,7865,0,1249616220.000,0,-,-,-,-,3770.2000,3770.0000,3769.8000,3768.2000,3768.0000,3771.2000,3771.4000,3771.6000,3771.8000,3772.6000,1,1,2,1,7,1,1,1,1,1
SF,IF2007,2020-05-27 10:16:31.700,3770.8000,7865,0,1249616220.000,0,-,-,-,-,3770.2000,3769.8000,3768.2000,3768.0000,3767.4000,3771.2000,3771.4000,3771.6000,3771.8000,3772.6000,1,1,1,7,1,1,1,1,1,1
SF,IF2007,2020-05-27 10:16:33.200,3770.8000,7865,0,1249616220.000,0,-,-,-,-,3770.2000,3769.8000,3768.2000,3768.0000,3767.4000,3771.0000,3771.2000,3771.4000,3771.6000,3771.8000,1,1,1,7,1,1,1,1,1,1
SF,IF2007,2020-05-27 10:16:35.700,3770.8000,7865,0,1249616220.000,0,-,-,-,-,3770.2000,3768.2000,3768.0000,3767.4000,3765.0000,3771.0000,3771.2000,3771.4000,3771.6000,3771.8000,1,1,7,1,2,1,1,1,1,1
SF,IF2007,2020-05-27 10:16:36.200,3771.0000,7866,1,1250747520.000,1,1,0,双开,S,3770.4000,3770.2000,3769.2000,3768.2000,3768.0000,3771.4000,3771.6000,3771.8000,3772.6000,3772.8000,2,1,1,1,7,1,1,1,1,2
SF,IF2007,2020-05-27 10:16:36.700,3771.0000,7866,0,1250747520.000,0,-,-,-,-,3770.6000,3770.4000,3769.2000,3768.2000,3768.0000,3771.4000,3771.6000,3771.8000,3772.6000,3772.8000,1,1,1,1,7,1,1,1,1,2
SF,IF2007,2020-05-27 10:16:37.200,3771.0000,7866,0,1250747520.000,0,-,-,-,-,3770.6000,3770.4000,3769.2000,3768.2000,3768.0000,3771.0000,3771.4000,3771.6000,3771.8000,3772.6000,1,1,1,1,7,1,1,1,1,1
SF,IF2007,2020-05-27 10:16:37.700,3771.0000,7866,0,1251878820.000,1,0,1,多换,S,3770.6000,3770.4000,3769.2000,3768.2000,3768.0000,3771.4000,3771.6000,3771.8000,3772.6000,3772.8000,1,1,1,1,7,1,1,1,1,2
SF,IF2007,2020-05-27 10:16:45.700,3771.4000,7867,1,1253010240.000,1,1,0,双开,S,3770.6000,3770.4000,3769.2000,3768.2000,3768.0000,3771.6000,3771.8000,3772.6000,3772.8000,3773.2000,1,1,1,1,7,1,1,1,2,1
SF,IF2007,2020-05-27 10:16:46.200,3771.4000,7867,0,1253010240.000,0,-,-,-,-,3771.4000,3770.6000,3770.4000,3769.2000,3768.2000,3771.6000,3771.8000,3772.6000,3772.8000,3773.2000,1,1,1,1,1,1,1,1,2,1
SF,IF2007,2020-05-27 10:16:46.700,3771.4000,7866,-1,1254141660.000,1,0,1,双平,S,3770.6000,3770.4000,3769.2000,3768.2000,3768.0000,3771.6000,3771.8000,3772.6000,3772.8000,3773.2000,1,1,1,1,7,1,1,1,2,1
SF,IF2007,2020-05-27 10:16:47.700,3771.4000,7866,0,1254141660.000,0,-,-,-,-,3770.6000,3769.2000,3768.2000,3768.0000,3767.4000,3771.0000,3771.4000,3771.6000,3771.8000,3772.6000,1,1,1,7,1,1,1,1,1,1
SF,IF2007,2020-05-27 10:16:48.200,3770.6000,7866,0,1255272840.000,1,0,1,多换,S,3769.2000,3768.2000,3768.0000,3767.4000,3765.0000,3771.0000,3771.4000,3771.6000,3771.8000,3772.6000,1,1,7,1,2,1,1,1,1,1
SF,IF2007,2020-05-27 10:16:48.700,3770.6000,7866,0,1255272840.000,0,-,-,-,-,3769.8000,3769.6000,3769.4000,3769.2000,3768.2000,3770.8000,3771.0000,3771.6000,3771.8000,3772.6000,2,2,4,2,1,1,1,1,1,1
SF,IF2007,2020-05-27 10:16:49.200,3770.8000,7866,0,1256404080.000,1,0,1,多换,S,3770.0000,3769.8000,3769.6000,3769.4000,3769.2000,3771.0000,3771.6000,3771.8000,3772.6000,3772.8000,1,2,2,3,2,1,1,1,1,2
SF,IF2007,2020-05-27 10:16:50.700,3770.8000,7866,0,1256404080.000,0,-,-,-,-,3770.0000,3769.8000,3769.6000,3769.4000,3769.2000,3771.0000,3771.6000,3771.8000,3772.6000,3772.8000,1,2,2,3,1,1,1,1,1,2
SF,IF2007,2020-05-27 10:16:53.700,3770.0000,7866,0,1257535080.000,1,0,1,多换,S,3769.8000,3769.6000,3769.4000,3769.2000,3768.2000,3771.0000,3771.6000,3771.8000,3772.6000,3772.8000,2,2,3,1,1,1,1,1,1,2
SF,IF2007,2020-05-27 10:16:54.200,3770.0000,7866,0,1257535080.000,0,-,-,-,-,3769.8000,3769.6000,3769.4000,3769.2000,3768.2000,3770.8000,3771.0000,3771.6000,3771.8000,3772.6000,1,2,3,1,1,3,1,1,1,1
SF,IF2007,2020-05-27 10:16:54.700,3770.0000,7866,0,1257535080.000,0,-,-,-,-,3769.4000,3769.2000,3768.2000,3768.0000,3767.4000,3770.8000,3771.0000,3771.6000,3771.8000,3772.6000,3,1,1,7,1,3,2,1,1,1
SF,IF2007,2020-05-27 10:16:55.200,3770.0000,7866,0,1257535080.000,0,-,-,-,-,3769.2000,3768.2000,3768.0000,3767.4000,3765.0000,3770.8000,3771.0000,3771.6000,3771.8000,3772.6000,1,1,7,1,2,3,2,1,1,1
SF,IF2007,2020-05-27 10:16:55.700,3770.0000,7866,0,1257535080.000,0,-,-,-,-,3769.4000,3769.2000,3768.2000,3768.0000,3767.4000,3770.8000,3771.0000,3771.6000,3771.8000,3772.6000,1,1,1,7,1,2,2,1,1,1
SF,IF2007,2020-05-27 10:16:56.200,3770.0000,7866,0,1257535080.000,0,-,-,-,-,3769.4000,3769.2000,3768.2000,3768.0000,3767.4000,3770.8000,3771.0000,3771.6000,3771.8000,3772.6000,1,1,1,7,1,3,2,1,1,1
SF,IF2007,2020-05-27 10:16:58.200,3770.8000,7865,-1,1258666320.000,1,0,1,双平,S,3769.4000,3769.2000,3768.2000,3768.0000,3767.4000,3770.8000,3771.0000,3771.6000,3771.8000,3772.6000,1,1,1,7,1,2,2,1,1,1
SF,IF2007,2020-05-27 10:16:59.700,3770.8000,7865,0,1258666320.000,0,-,-,-,-,3769.4000,3769.2000,3768.2000,3768.0000,3767.4000,3770.6000,3770.8000,3771.0000,3771.6000,3771.8000,1,1,1,7,1,1,2,2,1,1
SF,IF2007,2020-05-27 10:17:00.200,3770.8000,7865,0,1258666320.000,0,-,-,-,-,3769.4000,3769.2000,3768.2000,3768.0000,3767.4000,3770.4000,3770.6000,3770.8000,3771.0000,3771.6000,1,1,1,7,1,1,1,1,2,1
SF,IF2007,2020-05-27 10:17:00.700,3770.8000,7865,0,1258666320.000,0,-,-,-,-,3769.4000,3769.2000,3768.2000,3768.0000,3767.4000,3770.4000,3770.8000,3771.0000,3771.6000,3771.8000,1,1,1,7,1,1,1,2,1,1
SF,IF2007,2020-05-27 10:17:01.200,3770.8000,7865,0,1258666320.000,0,-,-,-,-,3769.4000,3769.2000,3768.2000,3768.0000,3767.4000,3770.4000,3770.6000,3770.8000,3771.0000,3771.6000,1,1,1,7,1,1,1,1,2,1
SF,IF2007,2020-05-27 10:17:06.700,3770.8000,7865,0,1258666320.000,0,-,-,-,-,3769.6000,3769.4000,3769.2000,3768.2000,3768.0000,3770.4000,3770.8000,3771.0000,3771.6000,3771.8000,1,1,1,1,7,1,1,2,1,1
SF,IF2007,2020-05-27 10:17:09.200,3770.8000,7865,0,1258666320.000,0,-,-,-,-,3769.6000,3769.4000,3769.2000,3768.2000,3768.0000,3770.4000,3770.8000,3771.0000,3771.6000,3771.8000,1,1,1,1,7,2,1,2,1,1
SF,IF2007,2020-05-27 10:17:12.200,3770.4000,7864,-1,1260928560.000,2,0,2,多平,S,3769.6000,3769.4000,3769.2000,3768.2000,3768.0000,3770.8000,3771.0000,3771.6000,3771.8000,3772.6000,1,1,1,1,7,1,2,1,1,1
SF,IF2007,2020-05-27 10:17:12.700,3770.4000,7864,0,1260928560.000,0,-,-,-,-,3770.0000,3769.8000,3769.6000,3769.2000,3768.2000,3770.8000,3771.0000,3771.6000,3771.8000,3772.6000,1,5,1,1,1,1,2,1,1,1
SF,IF2007,2020-05-27 10:17:13.200,3770.0000,7864,0,1262059560.000,1,0,1,多换,S,3769.8000,3769.2000,3768.2000,3768.0000,3767.4000,3770.8000,3771.0000,3771.6000,3771.8000,3772.6000,5,1,1,7,1,1,2,1,1,1
SF,IF2007,2020-05-27 10:17:13.700,3770.0000,7864,0,1262059560.000,0,-,-,-,-,3770.0000,3769.8000,3769.2000,3768.2000,3768.0000,3770.8000,3771.0000,3771.6000,3771.8000,3772.6000,2,4,1,1,7,1,2,1,1,1
SF,IF2007,2020-05-27 10:17:23.200,3770.0000,7864,0,1262059560.000,0,-,-,-,-,3770.2000,3770.0000,3769.8000,3769.2000,3768.2000,3770.8000,3771.0000,3771.6000,3771.8000,3772.6000,1,2,4,1,1,1,2,1,1,1
SF,IF2007,2020-05-27 10:17:24.200,3770.0000,7864,0,1262059560.000,0,-,-,-,-,3770.0000,3769.8000,3769.2000,3768.2000,3768.0000,3770.8000,3771.0000,3771.6000,3771.8000,3772.6000,2,4,1,1,7,1,2,1,1,1
SF,IF2007,2020-05-27 10:17:25.200,3770.0000,7864,0,1262059560.000,0,-,-,-,-,3770.0000,3769.8000,3769.2000,3768.2000,3768.0000,3770.8000,3771.0000,3771.6000,3771.8000,3772.6000,2,4,1,1,7,1,1,1,1,1
SF,IF2007,2020-05-27 10:17:31.200,3770.0000,7864,0,1262059560.000,0,-,-,-,-,3770.0000,3769.8000,3769.2000,3768.2000,3768.0000,3771.0000,3771.6000,3771.8000,3772.6000,3772.8000,2,4,1,1,7,1,1,1,1,2
SF,IF2007,2020-05-27 10:17:32.200,3770.0000,7864,0,1262059560.000,0,-,-,-,-,3770.0000,3769.8000,3769.2000,3768.2000,3768.0000,3771.0000,3771.8000,3772.6000,3772.8000,3773.2000,2,4,1,1,7,1,1,1,2,1
SF,IF2007,2020-05-27 10:17:32.700,3770.0000,7864,0,1262059560.000,0,-,-,-,-,3770.0000,3769.8000,3769.2000,3768.2000,3768.0000,3771.0000,3772.6000,3772.8000,3773.2000,3773.6000,2,4,1,1,7,1,1,2,1,1
SF,IF2007,2020-05-27 10:17:33.700,3770.0000,7864,0,1262059560.000,0,-,-,-,-,3770.2000,3770.0000,3769.8000,3769.2000,3768.2000,3771.0000,3772.6000,3772.8000,3773.2000,3773.6000,1,2,3,1,1,1,1,2,1,1
SF,IF2007,2020-05-27 10:17:35.200,3771.0000,7864,0,1263190860.000,1,0,1,多换,S,3771.0000,3770.4000,3770.2000,3770.0000,3769.8000,3772.6000,3772.8000,3773.2000,3773.6000,3774.0000,1,1,1,1,3,1,2,1,1,1
SF,IF2007,2020-05-27 10:17:35.700,3771.0000,7864,0,1263190860.000,0,-,-,-,-,3771.2000,3770.2000,3770.0000,3769.8000,3769.2000,3772.2000,3772.4000,3772.6000,3772.8000,3773.2000,1,1,1,2,1,1,3,1,2,1
SF,IF2007,2020-05-27 10:17:36.200,3771.0000,7864,0,1263190860.000,0,-,-,-,-,3771.2000,3770.2000,3770.0000,3769.8000,3769.2000,3772.2000,3772.4000,3772.6000,3772.8000,3773.2000,1,1,1,2,1,1,2,1,2,1
SF,IF2007,2020-05-27 10:17:36.700,3771.0000,7864,0,1263190860.000,0,-,-,-,-,3771.2000,3770.2000,3770.0000,3769.8000,3769.2000,3772.2000,3772.4000,3772.6000,3773.2000,3773.6000,1,1,1,2,1,1,2,1,1,1
SF,IF2007,2020-05-27 10:17:37.200,3771.2000,7865,1,1264322220.000,1,1,0,双开,S,3770.2000,3770.0000,3769.8000,3769.2000,3768.2000,3772.0000,3772.2000,3772.6000,3773.2000,3773.6000,1,1,2,1,1,1,1,1,1,1
SF,IF2007,2020-05-27 10:17:37.700,3771.2000,7865,0,1264322220.000,0,-,-,-,-,3770.8000,3770.4000,3770.2000,3770.0000,3769.8000,3772.0000,3772.6000,3773.2000,3773.6000,3774.0000,2,2,2,1,2,1,1,1,1,1
SF,IF2007,2020-05-27 10:17:38.200,3771.2000,7865,0,1264322220.000,0,-,-,-,-,3771.0000,3770.8000,3770.4000,3770.2000,3770.0000,3772.0000,3772.6000,3773.2000,3773.6000,3774.0000,1,2,2,1,1,1,1,1,1,1
SF,IF2007,2020-05-27 10:17:42.200,3771.2000,7865,0,1264322220.000,0,-,-,-,-,3771.2000,3771.0000,3770.8000,3770.4000,3770.2000,3772.0000,3772.6000,3773.2000,3773.6000,3774.0000,1,1,1,2,1,1,1,1,1,1
SF,IF2007,2020-05-27 10:17:42.700,3771.2000,7865,0,1264322220.000,0,-,-,-,-,3771.2000,3771.0000,3770.8000,3770.4000,3770.2000,3772.6000,3773.2000,3773.6000,3774.0000,3780.0000,1,1,1,2,1,1,1,1,1,5
SF,IF2007,2020-05-27 10:17:43.200,3771.2000,7865,0,1264322220.000,0,-,-,-,-,3771.4000,3771.2000,3770.8000,3770.4000,3770.2000,3772.4000,3772.6000,3773.2000,3773.6000,3774.0000,2,1,1,1,1,1,1,1,1,1
SF,IF2007,2020-05-27 10:17:43.700,3771.2000,7865,0,1264322220.000,0,-,-,-,-,3771.4000,3771.2000,3770.8000,3770.4000,3770.2000,3772.4000,3772.6000,3773.2000,3773.6000,3774.0000,1,1,1,1,1,1,1,1,1,1
SF,IF2007,2020-05-27 10:17:44.200,3771.2000,7865,0,1264322220.000,0,-,-,-,-,3771.2000,3770.8000,3770.4000,3770.2000,3770.0000,3772.4000,3772.6000,3773.2000,3773.6000,3774.0000,1,1,1,1,1,1,1,1,1,1
SF,IF2007,2020-05-27 10:17:45.700,3771.2000,7865,0,1264322220.000,0,-,-,-,-,3771.2000,3770.8000,3770.4000,3770.2000,3770.0000,3772.2000,3772.4000,3772.6000,3773.2000,3773.6000,1,1,1,1,1,1,1,1,1,1
SF,IF2007,2020-05-27 10:17:46.200,3771.2000,7865,0,1264322220.000,0,-,-,-,-,3771.2000,3770.8000,3770.4000,3770.2000,3770.0000,3772.0000,3772.2000,3772.6000,3773.2000,3773.6000,1,1,1,1,1,1,1,1,1,1
SF,IF2007,2020-05-27 10:17:54.700,3771.2000,7865,0,1264322220.000,0,-,-,-,-,3770.8000,3770.4000,3770.2000,3770.0000,3769.8000,3772.0000,3772.2000,3772.6000,3773.2000,3773.6000,1,1,1,1,2,1,1,1,1,1
SF,IF2007,2020-05-27 10:17:55.700,3771.2000,7865,0,1264322220.000,0,-,-,-,-,3771.0000,3770.8000,3770.4000,3770.2000,3770.0000,3772.0000,3772.2000,3772.6000,3773.2000,3773.6000,1,1,1,1,1,1,1,1,1,1
SF,IF2007,2020-05-27 10:18:01.200,3771.2000,7865,0,1264322220.000,0,-,-,-,-,3770.0000,3769.8000,3768.6000,3768.2000,3768.0000,3772.0000,3772.2000,3772.6000,3773.2000,3773.6000,1,2,1,1,7,1,1,1,1,1
SF,IF2007,2020-05-27 10:18:01.700,3771.2000,7865,0,1264322220.000,0,-,-,-,-,3770.6000,3770.2000,3769.8000,3768.6000,3768.2000,3772.0000,3772.2000,3772.6000,3773.2000,3773.6000,3,3,2,1,1,1,1,1,1,1
SF,IF2007,2020-05-27 10:18:02.200,3771.2000,7865,0,1264322220.000,0,-,-,-,-,3770.6000,3770.2000,3769.8000,3768.6000,3768.2000,3772.0000,3772.2000,3772.6000,3773.2000,3773.6000,1,2,2,1,1,1,1,1,1,1
SF,IF2007,2020-05-27 10:18:04.200,3771.2000,7865,0,1264322220.000,0,-,-,-,-,3770.6000,3770.2000,3769.8000,3768.6000,3768.2000,3771.8000,3772.0000,3772.2000,3772.6000,3773.2000,1,2,1,1,1,2,1,1,1,1
SF,IF2007,2020-05-27 10:18:04.700,3771.2000,7865,0,1264322220.000,0,-,-,-,-,3770.2000,3768.6000,3768.2000,3768.0000,3767.4000,3771.2000,3771.6000,3771.8000,3772.2000,3772.6000,1,1,1,7,1,1,2,1,1,1
SF,IF2007,2020-05-27 10:18:05.200,3771.2000,7865,0,1264322220.000,0,-,-,-,-,3768.6000,3768.2000,3768.0000,3767.4000,3765.0000,3771.0000,3771.2000,3771.6000,3771.8000,3772.2000,1,1,7,1,2,1,1,1,1,1
SF,IF2007,2020-05-27 10:18:05.700,3771.2000,7865,0,1264322220.000,0,-,-,-,-,3770.0000,3769.6000,3769.2000,3769.0000,3768.8000,3771.0000,3771.2000,3771.8000,3772.2000,3772.6000,1,2,2,1,8,1,1,1,1,1
SF,IF2007,2020-05-27 10:18:06.200,3771.2000,7865,0,1264322220.000,0,-,-,-,-,3770.0000,3769.6000,3769.2000,3769.0000,3768.8000,3771.0000,3771.2000,3771.8000,3772.2000,3772.6000,1,2,1,1,8,1,1,1,1,1
SF,IF2007,2020-05-27 10:18:07.200,3771.2000,7865,0,1264322220.000,0,-,-,-,-,3770.0000,3769.6000,3769.2000,3769.0000,3768.8000,3771.0000,3771.2000,3771.8000,3772.2000,3772.6000,1,2,1,1,8,1,1,1,1,1
SF,IF2007,2020-05-27 10:18:07.700,3771.2000,7865,0,1264322220.000,0,-,-,-,-,3770.0000,3769.6000,3769.2000,3769.0000,3768.8000,3771.0000,3771.2000,3771.8000,3772.2000,3772.6000,2,2,1,1,7,1,1,1,1,1
SF,IF2007,2020-05-27 10:18:10.700,3771.2000,7865,0,1264322220.000,0,-,-,-,-,3770.0000,3769.6000,3769.2000,3769.0000,3768.8000,3771.0000,3771.2000,3771.8000,3772.2000,3772.6000,1,2,1,1,7,1,1,1,1,1
SF,IF2007,2020-05-27 10:18:11.200,3771.2000,7865,0,1264322220.000,0,-,-,-,-,3769.6000,3769.0000,3768.8000,3768.6000,3768.2000,3771.0000,3771.2000,3771.8000,3772.2000,3772.6000,2,1,6,2,1,1,1,1,1,1
SF,IF2007,2020-05-27 10:18:11.700,3771.2000,7865,0,1264322220.000,0,-,-,-,-,3769.8000,3769.6000,3768.8000,3768.6000,3768.2000,3771.0000,3771.2000,3771.8000,3772.2000,3772.6000,1,2,4,2,1,1,1,1,1,1
SF,IF2007,2020-05-27 10:18:12.200,3771.2000,7865,0,1264322220.000,0,-,-,-,-,3769.8000,3769.6000,3768.8000,3768.6000,3768.2000,3770.8000,3771.0000,3771.2000,3771.8000,3772.2000,1,2,4,2,1,1,1,1,1,1
SF,IF2007,2020-05-27 10:18:12.700,3771.2000,7865,0,1264322220.000,0,-,-,-,-,3769.8000,3769.6000,3768.8000,3768.6000,3768.2000,3770.6000,3770.8000,3771.2000,3771.8000,3772.2000,1,2,4,2,1,1,1,1,1,1
SF,IF2007,2020-05-27 10:18:15.700,3771.2000,7865,0,1264322220.000,0,-,-,-,-,3769.8000,3769.6000,3768.8000,3768.6000,3768.0000,3770.6000,3770.8000,3771.2000,3771.8000,3772.2000,1,2,4,2,7,1,1,1,1,1
SF,IF2007,2020-05-27 10:18:22.700,3771.2000,7865,0,1264322220.000,0,-,-,-,-,3769.8000,3769.6000,3768.8000,3768.6000,3768.0000,3770.6000,3771.2000,3771.8000,3772.2000,3772.6000,1,2,4,2,7,1,1,1,1,1
SF,IF2007,2020-05-27 10:18:27.200,3771.2000,7865,0,1264322220.000,0,-,-,-,-,3768.8000,3768.6000,3768.0000,3767.4000,3765.0000,3770.6000,3771.2000,3771.8000,3772.2000,3772.6000,3,2,7,1,2,1,1,1,1,1
SF,IF2007,2020-05-27 10:18:27.700,3771.2000,7865,0,1264322220.000,0,-,-,-,-,3769.2000,3769.0000,3768.8000,3768.6000,3768.0000,3770.6000,3771.2000,3771.8000,3772.2000,3772.6000,1,1,3,2,7,1,1,1,1,1
SF,IF2007,2020-05-27 10:18:28.700,3771.2000,7865,0,1264322220.000,0,-,-,-,-,3769.4000,3769.2000,3769.0000,3768.8000,3768.6000,3770.6000,3771.2000,3771.8000,3772.2000,3772.6000,1,1,1,2,2,1,1,1,1,1
SF,IF2007,2020-05-27 10:18:30.700,3771.2000,7865,0,1264322220.000,0,-,-,-,-,3769.6000,3769.4000,3769.0000,3768.8000,3768.6000,3770.6000,3771.2000,3771.8000,3772.2000,3772.6000,1,1,1,2,2,1,1,1,1,1
SF,IF2007,2020-05-27 10:18:33.700,3771.2000,7865,0,1264322220.000,0,-,-,-,-,3769.6000,3769.4000,3769.0000,3768.8000,3768.6000,3770.6000,3771.2000,3771.8000,3772.2000,3772.6000,1,1,1,1,1,1,1,1,1,1
SF,IF2007,2020-05-27 10:18:34.700,3771.2000,7865,0,1264322220.000,0,-,-,-,-,3769.6000,3769.4000,3769.0000,3768.8000,3768.6000,3770.6000,3771.2000,3771.8000,3772.2000,3772.6000,1,1,1,1,1,1,1,1,1,1
SF,IF2007,2020-05-27 10:18:35.200,3769.0000,7864,-1,1267714620.000,3,1,2,多平,S,3768.8000,3768.6000,3768.0000,3767.4000,3765.0000,3769.0000,3770.6000,3771.2000,3771.8000,3772.2000,1,1,7,1,2,8,1,1,1,1
SF,IF2007,2020-05-27 10:18:35.700,3769.0000,7858,-6,1276760220.000,8,1,7,多平,S,3770.2000,3769.2000,3769.0000,3768.6000,3768.0000,3770.6000,3771.2000,3771.8000,3772.2000,3772.6000,1,1,1,1,7,1,1,1,1,1
SF,IF2007,2020-05-27 10:18:36.200,3770.2000,7858,0,1277891280.000,1,0,1,多换,S,3769.0000,3768.6000,3768.0000,3767.4000,3765.0000,3770.6000,3771.2000,3771.8000,3772.2000,3772.6000,1,1,7,1,2,1,1,1,1,1
SF,IF2007,2020-05-27 10:18:36.700,3770.6000,7859,1,1279022460.000,1,1,0,双开,S,3769.6000,3769.4000,3769.2000,3769.0000,3768.6000,3771.2000,3771.8000,3772.2000,3772.6000,3773.2000,2,2,2,3,1,1,1,1,1,1
SF,IF2007,2020-05-27 10:18:37.200,3770.6000,7859,0,1279022460.000,0,-,-,-,-,3769.8000,3769.4000,3769.0000,3768.6000,3768.0000,3770.8000,3771.0000,3771.2000,3771.8000,3772.2000,1,1,2,1,7,1,2,1,1,1
SF,IF2007,2020-05-27 10:18:37.700,3770.6000,7859,0,1279022460.000,0,-,-,-,-,3769.8000,3769.6000,3769.4000,3769.2000,3769.0000,3770.6000,3770.8000,3771.0000,3771.2000,3771.8000,1,1,1,2,2,1,1,1,1,1
SF,IF2007,2020-05-27 10:18:38.200,3770.6000,7859,0,1279022460.000,0,-,-,-,-,3769.8000,3769.6000,3769.4000,3769.2000,3769.0000,3770.6000,3770.8000,3771.0000,3771.2000,3771.8000,1,1,1,4,1,1,1,1,1,1
SF,IF2007,2020-05-27 10:18:38.700,3770.6000,7859,0,1279022460.000,0,-,-,-,-,3769.8000,3769.6000,3769.4000,3769.2000,3769.0000,3770.6000,3770.8000,3771.0000,3771.2000,3771.6000,1,1,1,2,1,1,1,1,1,1
SF,IF2007,2020-05-27 10:18:39.200,3770.6000,7859,0,1279022460.000,0,-,-,-,-,3769.6000,3769.4000,3769.2000,3769.0000,3768.6000,3770.4000,3770.6000,3771.2000,3771.6000,3771.8000,1,1,2,1,1,1,1,1,1,1
SF,IF2007,2020-05-27 10:18:39.700,3770.6000,7859,0,1279022460.000,0,-,-,-,-,3769.4000,3769.0000,3768.6000,3768.4000,3768.0000,3770.4000,3770.6000,3771.2000,3771.8000,3772.2000,1,1,1,1,7,1,1,1,1,1
SF,IF2007,2020-05-27 10:18:40.200,3770.6000,7859,0,1279022460.000,0,-,-,-,-,3769.4000,3769.0000,3768.6000,3768.0000,3767.4000,3770.4000,3770.6000,3771.2000,3771.8000,3772.2000,1,1,2,7,1,1,1,1,1,1
SF,IF2007,2020-05-27 10:18:40.700,3770.6000,7859,0,1279022460.000,0,-,-,-,-,3769.0000,3768.6000,3768.2000,3768.0000,3767.4000,3770.2000,3770.4000,3771.2000,3771.8000,3772.2000,1,2,1,7,1,1,1,1,1,1
SF,IF2007,2020-05-27 10:18:41.200,3770.6000,7859,0,1279022460.000,0,-,-,-,-,3769.2000,3769.0000,3768.6000,3768.2000,3768.0000,3770.2000,3770.4000,3771.2000,3771.8000,3772.2000,1,1,2,1,7,1,1,1,1,1
SF,IF2007,2020-05-27 10:18:41.700,3770.6000,7859,0,1279022460.000,0,-,-,-,-,3769.2000,3769.0000,3768.6000,3768.2000,3768.0000,3770.2000,3770.4000,3771.2000,3771.8000,3772.2000,1,1,3,1,7,1,1,1,1,1
SF,IF2007,2020-05-27 10:18:42.200,3770.6000,7859,0,1279022460.000,0,-,-,-,-,3769.2000,3768.6000,3768.2000,3768.0000,3767.4000,3770.2000,3770.4000,3771.2000,3771.8000,3772.2000,1,3,2,8,1,1,1,1,1,1
SF,IF2007,2020-05-27 10:18:43.200,3770.6000,7859,0,1279022460.000,0,-,-,-,-,3769.2000,3768.6000,3768.2000,3768.0000,3767.4000,3770.2000,3771.2000,3771.8000,3772.2000,3772.6000,1,3,1,8,1,1,1,1,1,1
SF,IF2007,2020-05-27 10:18:43.700,3770.6000,7859,0,1279022460.000,0,-,-,-,-,3769.4000,3769.2000,3768.6000,3768.2000,3768.0000,3770.6000,3771.2000,3771.8000,3772.2000,3772.6000,1,1,3,1,8,1,1,1,1,1
SF,IF2007,2020-05-27 10:18:44.200,3769.4000,7858,-1,1280153280.000,1,0,1,双平,S,3769.2000,3768.6000,3768.2000,3768.0000,3767.4000,3770.4000,3770.6000,3771.2000,3771.8000,3772.2000,1,2,1,8,1,4,1,1,1,1
SF,IF2007,2020-05-27 10:18:44.700,3769.4000,7858,0,1280153280.000,0,-,-,-,-,3768.6000,3768.2000,3768.0000,3767.4000,3765.0000,3770.0000,3770.2000,3770.4000,3770.6000,3771.2000,2,1,8,1,2,1,2,2,1,1
SF,IF2007,2020-05-27 10:18:45.200,3769.4000,7858,0,1280153280.000,0,-,-,-,-,3769.2000,3768.8000,3768.6000,3768.2000,3768.0000,3770.0000,3770.2000,3770.4000,3770.6000,3771.2000,1,2,2,1,7,1,1,2,1,1
SF,IF2007,2020-05-27 10:18:45.700,3769.4000,7858,0,1280153280.000,0,-,-,-,-,3769.2000,3768.8000,3768.6000,3768.2000,3768.0000,3770.0000,3770.2000,3770.4000,3770.6000,3771.2000,1,1,1,1,7,1,1,2,1,1
SF,IF2007,2020-05-27 10:18:46.200,3769.4000,7858,0,1280153280.000,0,-,-,-,-,3769.2000,3768.8000,3768.6000,3768.2000,3768.0000,3770.0000,3770.2000,3770.4000,3770.6000,3771.8000,1,1,1,1,7,1,1,2,1,1
SF,IF2007,2020-05-27 10:18:48.200,3769.4000,7858,0,1280153280.000,0,-,-,-,-,3769.2000,3768.8000,3768.6000,3768.2000,3768.0000,3770.0000,3770.4000,3770.6000,3771.8000,3772.2000,1,1,1,1,7,1,2,1,1,1
SF,IF2007,2020-05-27 10:18:55.200,3769.4000,7858,0,1280153280.000,0,-,-,-,-,3769.2000,3768.8000,3768.6000,3768.2000,3768.0000,3770.4000,3770.6000,3771.8000,3772.2000,3772.6000,1,1,1,1,7,2,1,1,1,1
SF,IF2007,2020-05-27 10:18:55.700,3769.4000,7858,0,1280153280.000,0,-,-,-,-,3769.4000,3769.2000,3768.6000,3768.2000,3768.0000,3769.8000,3770.4000,3770.6000,3771.8000,3772.2000,1,1,1,1,7,1,2,1,1,1
SF,IF2007,2020-05-27 10:18:58.200,3769.4000,7858,0,1280153280.000,0,-,-,-,-,3769.4000,3769.2000,3768.6000,3768.2000,3768.0000,3769.8000,3770.4000,3771.8000,3772.2000,3772.6000,1,1,1,1,7,1,2,1,1,1
SF,IF2007,2020-05-27 10:18:59.200,3769.8000,7858,0,1281284220.000,1,0,1,多换,S,3769.8000,3769.4000,3769.2000,3768.6000,3768.2000,3770.0000,3770.4000,3771.8000,3772.2000,3772.6000,3,1,1,1,1,1,2,1,1,1
SF,IF2007,2020-05-27 10:18:59.700,3769.8000,7857,-1,1283546100.000,2,0,2,多平,S,3769.8000,3769.4000,3769.2000,3768.6000,3768.2000,3770.0000,3770.4000,3771.8000,3772.2000,3772.6000,1,1,1,1,1,1,2,1,1,1
SF,IF2007,2020-05-27 10:19:00.200,3769.8000,7856,-1,1284677040.000,1,0,1,双平,S,3769.4000,3769.2000,3768.6000,3768.2000,3768.0000,3770.0000,3770.4000,3771.8000,3772.2000,3772.6000,1,1,1,1,7,1,2,1,1,1
SF,IF2007,2020-05-27 10:19:02.700,3770.0000,7857,1,1285808040.000,1,1,0,双开,S,3769.4000,3769.2000,3768.6000,3768.2000,3768.0000,3770.4000,3771.8000,3772.2000,3772.6000,3773.2000,1,1,1,1,7,2,1,1,1,1
SF,IF2007,2020-05-27 10:19:03.200,3770.0000,7857,0,1285808040.000,0,-,-,-,-,3769.2000,3768.6000,3768.2000,3768.0000,3767.4000,3770.4000,3771.8000,3772.2000,3772.6000,3773.2000,1,1,1,7,1,2,1,1,1,1
SF,IF2007,2020-05-27 10:19:03.700,3770.0000,7857,0,1285808040.000,0,-,-,-,-,3769.4000,3769.2000,3768.6000,3768.2000,3768.0000,3770.4000,3771.8000,3772.2000,3772.6000,3773.2000,1,1,1,1,7,2,1,1,1,1
SF,IF2007,2020-05-27 10:19:08.200,3770.0000,7857,0,1285808040.000,0,-,-,-,-,3769.4000,3768.6000,3768.2000,3768.0000,3767.4000,3770.4000,3771.8000,3772.2000,3772.6000,3773.2000,1,1,1,7,1,2,1,1,1,1
SF,IF2007,2020-05-27 10:19:12.200,3770.0000,7857,0,1285808040.000,0,-,-,-,-,3769.4000,3768.6000,3768.0000,3767.4000,3765.0000,3770.4000,3771.8000,3772.2000,3772.6000,3773.2000,1,1,7,1,2,2,1,1,1,1
SF,IF2007,2020-05-27 10:19:14.200,3769.4000,7857,0,1286938860.000,1,0,1,多换,S,3768.6000,3768.0000,3767.4000,3765.0000,3763.0000,3770.2000,3770.4000,3771.8000,3772.2000,3772.6000,1,7,1,2,1,1,2,1,1,1
SF,IF2007,2020-05-27 10:19:14.700,3769.4000,7857,0,1286938860.000,0,-,-,-,-,3768.8000,3768.6000,3768.0000,3767.4000,3765.0000,3770.0000,3770.2000,3770.4000,3771.8000,3772.2000,2,1,7,1,2,1,1,1,1,1
SF,IF2007,2020-05-27 10:19:15.200,3769.4000,7857,0,1286938860.000,0,-,-,-,-,3768.8000,3768.6000,3768.0000,3767.4000,3765.0000,3770.0000,3770.2000,3770.4000,3771.8000,3772.2000,2,1,7,1,2,1,1,1,1,1
SF,IF2007,2020-05-27 10:19:24.200,3769.4000,7857,0,1286938860.000,0,-,-,-,-,3768.8000,3768.6000,3768.0000,3767.4000,3765.0000,3769.8000,3770.0000,3770.2000,3770.4000,3771.8000,2,1,7,1,2,1,1,1,1,1
SF,IF2007,2020-05-27 10:19:24.700,3769.4000,7857,0,1286938860.000,0,-,-,-,-,3768.8000,3768.6000,3768.0000,3767.4000,3765.0000,3769.6000,3769.8000,3770.4000,3771.8000,3772.2000,1,1,7,1,2,1,1,1,1,1
SF,IF2007,2020-05-27 10:19:26.700,3769.4000,7857,0,1286938860.000,0,-,-,-,-,3768.8000,3768.6000,3768.0000,3767.4000,3765.0000,3769.6000,3770.4000,3771.8000,3772.2000,3772.6000,1,1,7,1,2,1,1,1,1,1
SF,IF2007,2020-05-27 10:19:28.200,3769.4000,7857,0,1286938860.000,0,-,-,-,-,3768.6000,3768.0000,3767.4000,3765.0000,3763.0000,3769.6000,3770.4000,3771.8000,3772.2000,3772.6000,1,7,1,2,1,1,1,1,1,1
SF,IF2007,2020-05-27 10:19:28.700,3769.4000,7857,0,1286938860.000,0,-,-,-,-,3768.6000,3768.0000,3767.4000,3765.0000,3763.0000,3769.6000,3770.4000,3771.8000,3772.2000,3772.6000,1,7,1,2,1,1,1,1,1,1
SF,IF2007,2020-05-27 10:19:29.200,3769.4000,7857,0,1286938860.000,0,-,-,-,-,3768.6000,3768.0000,3767.4000,3765.0000,3763.0000,3769.6000,3770.4000,3771.8000,3772.2000,3772.6000,1,7,1,2,1,1,1,1,1,1
SF,IF2007,2020-05-27 10:19:34.700,3768.6000,7858,1,1288069440.000,1,1,0,双开,S,3768.0000,3767.4000,3765.0000,3763.0000,3760.0000,3769.4000,3769.6000,3770.4000,3771.8000,3772.2000,7,1,2,1,6,3,1,1,1,1
SF,IF2007,2020-05-27 10:19:35.200,3768.6000,7858,0,1288069440.000,0,-,-,-,-,3768.2000,3768.0000,3767.4000,3765.0000,3763.0000,3769.2000,3769.4000,3770.4000,3771.8000,3772.2000,1,7,1,2,1,1,3,1,1,1
SF,IF2007,2020-05-27 10:19:35.700,3768.6000,7858,0,1288069440.000,0,-,-,-,-,3768.2000,3768.0000,3767.4000,3765.0000,3763.0000,3769.2000,3769.4000,3770.4000,3771.8000,3772.2000,1,7,1,2,1,1,2,1,1,1
SF,IF2007,2020-05-27 10:19:38.200,3768.2000,7859,1,1289199900.000,1,1,0,双开,S,3768.0000,3767.4000,3765.0000,3763.0000,3760.0000,3769.0000,3769.2000,3770.4000,3771.8000,3772.2000,7,1,2,1,6,2,1,1,1,1
SF,IF2007,2020-05-27 10:19:38.700,3768.2000,7859,0,1289199900.000,0,-,-,-,-,3768.0000,3767.4000,3765.0000,3763.0000,3760.0000,3768.8000,3769.0000,3770.4000,3771.8000,3772.2000,7,1,2,1,6,1,1,1,1,1
SF,IF2007,2020-05-27 10:19:39.700,3768.2000,7859,0,1289199900.000,0,-,-,-,-,3768.0000,3767.4000,3765.0000,3763.0000,3760.0000,3768.8000,3769.0000,3770.4000,3771.8000,3772.2000,7,1,2,1,6,1,1,1,1,1
SF,IF2007,2020-05-27 10:19:40.200,3768.8000,7859,0,1290330540.000,1,0,1,多换,S,3768.0000,3767.4000,3765.0000,3763.0000,3760.0000,3769.0000,3770.4000,3771.8000,3772.2000,3772.6000,7,1,2,1,6,1,1,1,1,1
SF,IF2007,2020-05-27 10:19:41.200,3768.8000,7859,0,1290330540.000,0,-,-,-,-,3768.0000,3767.4000,3765.0000,3763.0000,3760.0000,3770.4000,3771.8000,3772.2000,3772.6000,3773.2000,7,1,2,1,6,1,1,1,1,1
SF,IF2007,2020-05-27 10:19:41.700,3768.8000,7859,0,1290330540.000,0,-,-,-,-,3768.2000,3768.0000,3767.4000,3765.0000,3763.0000,3769.6000,3769.8000,3770.2000,3770.4000,3772.2000,2,7,1,2,1,1,1,4,1,1
SF,IF2007,2020-05-27 10:19:42.200,3768.8000,7859,0,1290330540.000,0,-,-,-,-,3768.2000,3768.0000,3767.4000,3765.0000,3763.0000,3769.4000,3769.6000,3769.8000,3770.2000,3770.4000,1,7,1,2,1,2,1,1,2,1
SF,IF2007,2020-05-27 10:19:43.200,3768.8000,7859,0,1290330540.000,0,-,-,-,-,3768.2000,3768.0000,3767.4000,3765.0000,3763.0000,3769.2000,3769.4000,3769.6000,3770.2000,3770.4000,1,7,1,2,1,1,2,1,2,1
SF,IF2007,2020-05-27 10:19:43.700,3768.8000,7859,0,1290330540.000,0,-,-,-,-,3768.2000,3768.0000,3767.4000,3765.0000,3763.0000,3769.0000,3769.2000,3769.6000,3770.2000,3770.4000,1,12,1,2,1,2,1,1,2,1
SF,IF2007,2020-05-27 10:19:44.200,3768.8000,7859,0,1290330540.000,0,-,-,-,-,3768.2000,3768.0000,3767.4000,3765.0000,3763.0000,3769.0000,3769.2000,3770.2000,3770.4000,3772.2000,1,12,1,2,1,1,1,2,1,1
SF,IF2007,2020-05-27 10:19:47.700,3769.0000,7859,0,1291461240.000,1,0,1,多换,S,3768.2000,3768.0000,3767.4000,3765.0000,3763.0000,3769.2000,3770.2000,3770.4000,3772.2000,3772.6000,1,12,1,2,1,1,2,1,1,1
SF,IF2007,2020-05-27 10:19:49.700,3769.0000,7859,0,1291461240.000,0,-,-,-,-,3768.2000,3768.0000,3767.4000,3765.0000,3763.0000,3769.2000,3770.2000,3770.4000,3772.2000,3772.6000,1,12,1,2,1,1,1,1,1,1
SF,IF2007,2020-05-27 10:19:50.200,3769.0000,7859,0,1291461240.000,0,-,-,-,-,3768.4000,3768.2000,3768.0000,3767.4000,3765.0000,3769.2000,3770.2000,3770.4000,3772.2000,3772.6000,1,1,12,1,2,1,1,1,1,1
SF,IF2007,2020-05-27 10:19:58.700,3768.4000,7859,0,1292591760.000,1,0,1,多换,S,3768.2000,3768.0000,3767.4000,3765.0000,3763.0000,3768.4000,3769.2000,3770.2000,3770.4000,3772.2000,1,12,1,2,1,1,1,1,1,1
SF,IF2007,2020-05-27 10:19:59.200,3768.4000,7859,0,1293722280.000,1,0,1,多换,S,3768.0000,3767.4000,3765.0000,3763.0000,3760.0000,3770.2000,3770.4000,3772.2000,3772.6000,3773.2000,12,1,2,1,6,1,1,1,1,1
SF,IF2007,2020-05-27 10:19:59.700,3768.4000,7859,0,1293722280.000,0,-,-,-,-,3769.2000,3768.2000,3768.0000,3767.4000,3765.0000,3769.4000,3769.8000,3770.0000,3770.2000,3770.4000,1,2,12,1,2,1,1,3,1,1
SF,IF2007,2020-05-27 10:20:00.200,3769.2000,7858,-1,1294853040.000,1,0,1,双平,S,3768.2000,3768.0000,3767.4000,3765.0000,3763.0000,3769.8000,3770.0000,3770.2000,3770.4000,3772.2000,2,12,1,2,1,1,2,1,1,1
SF,IF2007,2020-05-27 10:20:00.700,3769.2000,7858,0,1294853040.000,0,-,-,-,-,3768.0000,3767.4000,3765.0000,3763.0000,3760.0000,3769.4000,3769.6000,3769.8000,3770.0000,3770.2000,12,1,2,1,6,2,2,1,1,1
SF,IF2007,2020-05-27 10:20:01.200,3768.0000,7861,3,1303896240.000,8,5,3,空开,S,3768.0000,3767.4000,3765.0000,3763.0000,3760.0000,3769.0000,3769.2000,3769.4000,3769.8000,3770.0000,4,1,2,1,6,1,2,1,1,1
SF,IF2007,2020-05-27 10:20:01.700,3768.0000,7862,1,1308417840.000,4,2,2,空开,S,3767.4000,3765.0000,3763.0000,3760.0000,3758.2000,3768.4000,3768.6000,3768.8000,3769.4000,3769.8000,1,2,1,6,1,1,2,2,1,1
SF,IF2007,2020-05-27 10:20:02.200,3767.4000,7862,0,1309548060.000,1,0,1,多换,S,3765.0000,3763.0000,3760.0000,3758.2000,3758.0000,3768.2000,3768.4000,3768.6000,3769.8000,3770.0000,2,1,6,1,1,3,1,1,1,1
SF,IF2007,2020-05-27 10:20:02.700,3767.4000,7862,0,1309548060.000,0,-,-,-,-,3766.6000,3766.0000,3765.6000,3765.4000,3765.2000,3767.8000,3768.2000,3768.4000,3768.6000,3769.8000,1,2,1,1,10,1,2,1,1,1
SF,IF2007,2020-05-27 10:20:03.200,3767.4000,7862,0,1309548060.000,0,-,-,-,-,3766.6000,3766.0000,3765.6000,3765.4000,3765.2000,3767.6000,3767.8000,3768.4000,3768.6000,3769.8000,1,2,1,1,7,3,1,1,1,1
SF,IF2007,2020-05-27 10:20:03.700,3767.4000,7862,0,1309548060.000,0,-,-,-,-,3766.0000,3765.6000,3765.4000,3765.2000,3765.0000,3767.4000,3767.6000,3768.4000,3769.8000,3770.0000,2,1,1,5,2,2,3,1,1,1
SF,IF2007,2020-05-27 10:20:04.200,3767.4000,7862,0,1309548060.000,0,-,-,-,-,3765.2000,3765.0000,3763.0000,3760.0000,3758.2000,3767.2000,3767.4000,3767.6000,3768.4000,3769.8000,1,2,1,6,1,2,2,1,1,1
SF,IF2007,2020-05-27 10:20:04.700,3767.4000,7862,0,1309548060.000,0,-,-,-,-,3765.6000,3765.2000,3765.0000,3763.0000,3760.0000,3767.0000,3767.2000,3767.4000,3768.4000,3769.8000,2,1,2,1,6,1,2,1,1,1
SF,IF2007,2020-05-27 10:20:05.200,3767.4000,7862,0,1309548060.000,0,-,-,-,-,3765.8000,3765.6000,3765.0000,3763.0000,3760.0000,3767.0000,3767.2000,3767.4000,3768.4000,3769.8000,1,2,2,1,6,1,2,1,1,1
SF,IF2007,2020-05-27 10:20:06.200,3767.4000,7862,0,1309548060.000,0,-,-,-,-,3765.8000,3765.6000,3765.0000,3763.0000,3760.0000,3767.0000,3767.2000,3767.4000,3768.4000,3769.8000,1,1,2,1,6,1,2,1,1,1
SF,IF2007,2020-05-27 10:20:06.700,3767.4000,7862,0,1309548060.000,0,-,-,-,-,3765.6000,3765.0000,3763.0000,3760.0000,3758.2000,3766.8000,3767.0000,3767.4000,3768.4000,3769.8000,1,2,1,6,1,2,1,1,1,1
SF,IF2007,2020-05-27 10:20:07.200,3767.4000,7862,0,1309548060.000,0,-,-,-,-,3765.6000,3765.0000,3763.0000,3760.0000,3758.2000,3766.8000,3767.0000,3767.4000,3768.4000,3769.8000,1,2,1,6,1,2,1,1,1,1
SF,IF2007,2020-05-27 10:20:07.700,3767.4000,7862,0,1309548060.000,0,-,-,-,-,3765.6000,3765.0000,3763.0000,3760.0000,3758.2000,3766.8000,3767.0000,3767.4000,3768.4000,3769.8000,1,2,1,6,1,2,1,1,1,1
SF,IF2007,2020-05-27 10:20:08.200,3767.4000,7862,0,1309548060.000,0,-,-,-,-,3765.6000,3765.0000,3763.0000,3760.0000,3758.2000,3766.8000,3767.0000,3767.4000,3768.4000,3769.8000,1,2,1,6,1,2,1,1,1,1
SF,IF2007,2020-05-27 10:20:08.700,3767.4000,7862,0,1309548060.000,0,-,-,-,-,3765.6000,3765.0000,3763.0000,3760.0000,3758.2000,3766.6000,3766.8000,3767.4000,3768.4000,3769.8000,1,2,1,6,1,2,2,1,1,1
SF,IF2007,2020-05-27 10:20:09.200,3767.4000,7862,0,1309548060.000,0,-,-,-,-,3765.0000,3763.0000,3760.0000,3758.2000,3758.0000,3766.4000,3766.6000,3767.4000,3768.4000,3769.8000,2,1,6,1,1,2,2,1,1,1
SF,IF2007,2020-05-27 10:20:09.700,3767.4000,7862,0,1309548060.000,0,-,-,-,-,3765.2000,3765.0000,3763.0000,3760.0000,3758.2000,3766.4000,3766.6000,3767.4000,3768.4000,3769.8000,1,2,1,6,1,1,2,1,1,1
SF,IF2007,2020-05-27 10:20:10.200,3767.4000,7862,0,1309548060.000,0,-,-,-,-,3765.0000,3763.0000,3760.0000,3758.2000,3758.0000,3766.2000,3766.4000,3768.4000,3769.8000,3770.0000,2,1,6,1,1,4,1,1,1,1
SF,IF2007,2020-05-27 10:20:10.700,3767.4000,7862,0,1309548060.000,0,-,-,-,-,3765.0000,3763.0000,3760.0000,3758.2000,3758.0000,3766.0000,3766.2000,3766.8000,3768.4000,3769.8000,2,1,6,1,1,1,2,1,1,1
SF,IF2007,2020-05-27 10:20:11.700,3767.4000,7862,0,1309548060.000,0,-,-,-,-,3765.0000,3763.0000,3760.0000,3758.2000,3758.0000,3765.8000,3766.0000,3766.2000,3766.8000,3768.4000,2,1,6,1,1,1,1,2,1,1
SF,IF2007,2020-05-27 10:20:12.200,3767.4000,7862,0,1309548060.000,0,-,-,-,-,3765.0000,3763.0000,3760.0000,3758.2000,3758.0000,3765.6000,3765.8000,3766.8000,3768.4000,3769.8000,2,1,6,1,1,1,1,1,1,1
SF,IF2007,2020-05-27 10:20:13.700,3767.4000,7862,0,1309548060.000,0,-,-,-,-,3765.0000,3763.0000,3760.6000,3760.0000,3758.2000,3765.6000,3766.8000,3768.4000,3769.8000,3770.0000,2,1,1,6,1,1,1,1,1,1
SF,IF2007,2020-05-27 10:20:14.200,3765.6000,7862,0,1310677740.000,1,0,1,多换,S,3765.0000,3763.0000,3760.6000,3760.0000,3758.2000,3766.8000,3768.4000,3769.8000,3770.0000,3770.2000,2,1,1,6,1,1,1,1,1,1
SF,IF2007,2020-05-27 10:20:14.700,3765.6000,7862,0,1310677740.000,0,-,-,-,-,3765.2000,3765.0000,3763.0000,3760.6000,3760.0000,3766.2000,3766.6000,3766.8000,3768.4000,3769.8000,1,2,1,1,6,1,2,1,1,1
SF,IF2007,2020-05-27 10:20:17.700,3765.6000,7862,0,1310677740.000,0,-,-,-,-,3765.2000,3765.0000,3763.0000,3760.6000,3760.0000,3766.6000,3766.8000,3768.4000,3769.8000,3770.0000,1,2,1,1,6,2,1,1,1,1
SF,IF2007,2020-05-27 10:20:18.200,3765.6000,7862,0,1310677740.000,0,-,-,-,-,3765.8000,3765.2000,3765.0000,3763.0000,3760.6000,3766.4000,3766.6000,3766.8000,3768.4000,3769.8000,1,1,2,1,1,1,2,1,1,1
SF,IF2007,2020-05-27 10:20:18.700,3765.6000,7862,0,1310677740.000,0,-,-,-,-,3765.2000,3765.0000,3763.0000,3760.6000,3760.0000,3766.4000,3766.6000,3766.8000,3768.4000,3769.8000,1,2,1,1,6,1,2,1,1,1
SF,IF2007,2020-05-27 10:20:19.200,3765.6000,7862,0,1310677740.000,0,-,-,-,-,3765.2000,3765.0000,3763.0000,3760.6000,3760.0000,3766.2000,3766.4000,3766.6000,3766.8000,3768.4000,1,2,1,1,6,1,1,1,1,1
SF,IF2007,2020-05-27 10:20:19.700,3765.6000,7862,0,1310677740.000,0,-,-,-,-,3765.0000,3763.0000,3760.6000,3760.0000,3758.2000,3766.0000,3766.2000,3766.4000,3766.8000,3768.4000,2,1,1,6,1,1,1,1,1,1
SF,IF2007,2020-05-27 10:20:20.200,3765.6000,7862,0,1310677740.000,0,-,-,-,-,3765.2000,3765.0000,3763.0000,3760.6000,3760.0000,3766.2000,3766.4000,3766.8000,3768.4000,3769.8000,1,2,1,1,6,1,1,1,1,1
SF,IF2007,2020-05-27 10:20:22.200,3766.2000,7862,0,1311807600.000,1,0,1,多换,S,3765.2000,3765.0000,3763.0000,3760.6000,3760.0000,3766.4000,3766.8000,3768.4000,3769.8000,3770.0000,1,2,1,1,6,1,1,1,1,1
SF,IF2007,2020-05-27 10:20:22.700,3766.2000,7862,0,1311807600.000,0,-,-,-,-,3765.4000,3765.2000,3765.0000,3763.0000,3760.6000,3766.4000,3766.8000,3768.4000,3769.8000,3770.0000,1,1,2,1,1,1,1,1,1,1
SF,IF2007,2020-05-27 10:20:23.200,3766.2000,7862,0,1311807600.000,0,-,-,-,-,3765.6000,3765.4000,3765.0000,3763.0000,3760.6000,3766.4000,3766.8000,3768.4000,3769.8000,3770.0000,1,1,2,1,1,1,1,1,1,1
SF,IF2007,2020-05-27 10:20:23.700,3766.2000,7862,0,1311807600.000,0,-,-,-,-,3765.6000,3765.0000,3763.0000,3760.6000,3760.0000,3766.4000,3766.8000,3768.4000,3769.8000,3770.0000,1,2,1,1,6,1,1,1,1,1
SF,IF2007,2020-05-27 10:20:25.700,3765.6000,7863,1,1312937280.000,1,1,0,双开,S,3765.0000,3763.0000,3760.6000,3760.0000,3758.2000,3766.4000,3766.8000,3768.4000,3769.8000,3770.0000,2,1,1,6,1,1,1,1,1,1
SF,IF2007,2020-05-27 10:20:26.200,3765.6000,7863,0,1312937280.000,0,-,-,-,-,3765.2000,3765.0000,3763.0000,3760.6000,3760.0000,3766.4000,3766.8000,3768.4000,3769.8000,3770.0000,1,2,1,1,6,1,1,1,1,1
SF,IF2007,2020-05-27 10:20:26.700,3765.6000,7863,0,1312937280.000,0,-,-,-,-,3765.2000,3765.0000,3763.0000,3760.6000,3760.0000,3766.2000,3766.4000,3766.8000,3768.4000,3769.8000,1,2,1,1,6,1,1,1,1,1
SF,IF2007,2020-05-27 10:20:28.700,3765.6000,7863,0,1312937280.000,0,-,-,-,-,3765.2000,3765.0000,3763.0000,3760.0000,3758.2000,3766.2000,3766.4000,3766.8000,3768.4000,3769.8000,1,2,1,6,1,1,1,1,1,1
SF,IF2007,2020-05-27 10:20:31.200,3766.2000,7863,0,1314067140.000,1,0,1,多换,S,3765.2000,3765.0000,3760.0000,3758.2000,3758.0000,3766.4000,3766.8000,3768.4000,3769.8000,3770.0000,1,2,6,1,1,1,1,1,1,1
SF,IF2007,2020-05-27 10:20:31.700,3766.2000,7863,0,1314067140.000,0,-,-,-,-,3765.2000,3765.0000,3760.0000,3758.2000,3758.0000,3766.2000,3766.4000,3766.8000,3768.4000,3769.8000,1,2,6,1,1,2,1,1,1,1
SF,IF2007,2020-05-27 10:20:32.200,3766.2000,7863,0,1314067140.000,0,-,-,-,-,3765.2000,3765.0000,3760.0000,3758.2000,3758.0000,3766.4000,3766.8000,3768.4000,3769.8000,3770.0000,1,2,6,1,1,1,1,1,1,1
SF,IF2007,2020-05-27 10:20:32.700,3766.2000,7863,0,1314067140.000,0,-,-,-,-,3765.2000,3765.0000,3760.0000,3758.2000,3758.0000,3766.2000,3766.4000,3766.8000,3768.4000,3769.8000,1,2,6,1,1,1,1,1,1,1
SF,IF2007,2020-05-27 10:20:33.200,3766.2000,7863,0,1314067140.000,0,-,-,-,-,3765.2000,3765.0000,3760.0000,3758.2000,3758.0000,3766.2000,3766.4000,3766.8000,3768.4000,3769.8000,1,2,6,1,1,1,1,1,1,1
SF,IF2007,2020-05-27 10:20:33.700,3766.2000,7863,0,1314067140.000,0,-,-,-,-,3765.2000,3765.0000,3760.0000,3758.2000,3758.0000,3766.4000,3766.8000,3768.4000,3769.8000,3770.0000,1,2,6,1,1,1,1,1,1,1
SF,IF2007,2020-05-27 10:20:34.200,3766.2000,7863,0,1314067140.000,0,-,-,-,-,3765.2000,3765.0000,3760.0000,3758.2000,3758.0000,3766.2000,3766.4000,3766.8000,3768.4000,3769.8000,1,2,6,1,1,1,1,1,1,1
SF,IF2007,2020-05-27 10:20:37.700,3766.2000,7863,0,1314067140.000,0,-,-,-,-,3765.2000,3765.0000,3760.0000,3758.2000,3758.0000,3766.0000,3766.2000,3766.4000,3766.8000,3768.4000,1,2,6,1,1,1,1,1,1,1
SF,IF2007,2020-05-27 10:20:38.200,3766.2000,7863,0,1314067140.000,0,-,-,-,-,3765.0000,3760.0000,3758.2000,3758.0000,3755.2000,3766.0000,3766.2000,3766.4000,3766.8000,3768.4000,2,6,1,1,4,1,1,1,1,1
SF,IF2007,2020-05-27 10:20:39.200,3766.2000,7863,0,1314067140.000,0,-,-,-,-,3765.0000,3760.0000,3758.2000,3758.0000,3755.2000,3766.0000,3766.2000,3766.8000,3768.4000,3769.8000,2,6,1,1,4,1,1,1,1,1
SF,IF2007,2020-05-27 10:20:41.200,3766.2000,7863,0,1314067140.000,0,-,-,-,-,3765.0000,3760.0000,3758.2000,3758.0000,3755.2000,3766.2000,3766.8000,3768.4000,3769.8000,3770.0000,2,7,1,1,4,1,1,1,1,1
SF,IF2007,2020-05-27 10:20:41.700,3766.2000,7863,0,1314067140.000,0,-,-,-,-,3765.2000,3765.0000,3760.0000,3758.2000,3758.0000,3766.2000,3766.8000,3768.4000,3769.8000,3770.0000,1,2,7,1,1,1,1,1,1,1
SF,IF2007,2020-05-27 10:20:44.200,3766.2000,7863,0,1314067140.000,0,-,-,-,-,3765.2000,3765.0000,3760.0000,3758.2000,3758.0000,3766.0000,3766.2000,3766.8000,3768.4000,3769.8000,1,2,7,1,1,1,1,1,1,1
SF,IF2007,2020-05-27 10:20:44.700,3766.2000,7863,0,1314067140.000,0,-,-,-,-,3765.2000,3765.0000,3760.0000,3758.2000,3758.0000,3766.8000,3768.4000,3769.8000,3770.0000,3770.2000,1,2,7,1,1,1,1,1,1,1
SF,IF2007,2020-05-27 10:20:45.200,3765.2000,7864,1,1315196700.000,1,1,0,双开,S,3765.0000,3760.0000,3758.2000,3758.0000,3755.2000,3766.4000,3766.6000,3766.8000,3768.4000,3769.8000,2,7,1,1,4,1,3,1,1,1
SF,IF2007,2020-05-27 10:20:45.700,3765.2000,7864,0,1315196700.000,0,-,-,-,-,3765.2000,3765.0000,3760.0000,3758.2000,3758.0000,3766.2000,3766.4000,3766.8000,3768.4000,3769.8000,1,2,7,1,1,3,1,1,1,1
SF,IF2007,2020-05-27 10:20:46.200,3765.2000,7864,0,1315196700.000,0,-,-,-,-,3765.0000,3760.0000,3758.2000,3758.0000,3755.2000,3766.2000,3766.4000,3766.8000,3768.4000,3769.8000,2,7,1,1,4,3,1,1,1,1
SF,IF2007,2020-05-27 10:20:48.200,3765.2000,7864,0,1315196700.000,0,-,-,-,-,3765.0000,3760.0000,3758.2000,3758.0000,3755.2000,3766.0000,3766.2000,3766.4000,3766.8000,3768.4000,2,7,1,1,4,1,3,1,1,1
SF,IF2007,2020-05-27 10:20:49.200,3765.2000,7864,0,1315196700.000,0,-,-,-,-,3765.0000,3760.0000,3758.2000,3758.0000,3755.2000,3765.8000,3766.0000,3766.2000,3766.4000,3766.8000,2,7,1,1,4,1,1,2,1,1
SF,IF2007,2020-05-27 10:20:50.700,3765.2000,7864,0,1315196700.000,0,-,-,-,-,3765.0000,3760.0000,3758.2000,3758.0000,3755.2000,3765.8000,3766.2000,3766.4000,3766.8000,3768.4000,2,7,1,1,4,1,2,1,1,1
SF,IF2007,2020-05-27 10:20:53.200,3765.2000,7864,0,1315196700.000,0,-,-,-,-,3765.0000,3760.0000,3758.2000,3758.0000,3755.2000,3766.2000,3766.4000,3766.8000,3768.4000,3769.8000,2,7,1,1,4,2,1,1,1,1
SF,IF2007,2020-05-27 10:20:53.700,3765.2000,7864,0,1315196700.000,0,-,-,-,-,3765.0000,3760.0000,3758.2000,3758.0000,3755.2000,3766.0000,3766.2000,3766.4000,3766.8000,3768.4000,2,7,1,1,4,1,2,1,1,1
SF,IF2007,2020-05-27 10:20:54.200,3765.2000,7864,0,1315196700.000,0,-,-,-,-,3765.0000,3760.0000,3758.2000,3758.0000,3755.2000,3765.8000,3766.0000,3766.2000,3766.4000,3766.8000,2,7,1,1,4,1,1,1,1,1
SF,IF2007,2020-05-27 10:20:55.700,3765.2000,7864,0,1315196700.000,0,-,-,-,-,3765.0000,3760.0000,3758.2000,3758.0000,3755.2000,3765.6000,3765.8000,3766.2000,3766.4000,3766.8000,2,7,1,1,4,1,1,1,1,1
SF,IF2007,2020-05-27 10:20:56.700,3765.2000,7864,0,1315196700.000,0,-,-,-,-,3765.0000,3760.0000,3758.2000,3758.0000,3755.2000,3765.6000,3765.8000,3766.4000,3766.8000,3768.4000,2,7,1,1,4,1,1,1,1,1
SF,IF2007,2020-05-27 10:20:57.200,3765.2000,7864,0,1315196700.000,0,-,-,-,-,3765.0000,3760.0000,3758.2000,3758.0000,3755.2000,3765.8000,3766.4000,3766.8000,3768.4000,3769.8000,2,7,1,1,4,1,1,1,1,1
SF,IF2007,2020-05-27 10:21:00.200,3765.2000,7864,0,1315196700.000,0,-,-,-,-,3765.0000,3760.0000,3758.2000,3758.0000,3755.2000,3765.6000,3765.8000,3766.4000,3768.4000,3769.8000,2,7,1,1,4,2,1,1,1,1
SF,IF2007,2020-05-27 10:21:00.700,3765.2000,7864,0,1315196700.000,0,-,-,-,-,3765.0000,3760.0000,3758.2000,3758.0000,3755.2000,3765.6000,3765.8000,3766.4000,3768.4000,3769.8000,2,7,1,1,4,1,1,1,1,1
SF,IF2007,2020-05-27 10:21:01.200,3765.2000,7864,0,1315196700.000,0,-,-,-,-,3765.0000,3760.0000,3758.2000,3758.0000,3755.2000,3766.2000,3766.4000,3768.4000,3769.8000,3770.0000,2,7,1,1,4,1,1,1,1,1
SF,IF2007,2020-05-27 10:21:01.700,3765.2000,7864,0,1315196700.000,0,-,-,-,-,3765.2000,3765.0000,3760.0000,3758.2000,3758.0000,3766.2000,3766.4000,3768.4000,3769.8000,3770.0000,1,2,7,1,1,1,1,1,1,1
SF,IF2007,2020-05-27 10:21:03.700,3765.2000,7864,0,1315196700.000,0,-,-,-,-,3765.2000,3765.0000,3760.0000,3758.2000,3758.0000,3766.4000,3767.0000,3768.4000,3769.8000,3770.0000,1,2,7,1,1,1,1,1,1,1
SF,IF2007,2020-05-27 10:21:04.200,3765.2000,7864,0,1315196700.000,0,-,-,-,-,3765.4000,3765.2000,3765.0000,3760.0000,3758.2000,3766.4000,3767.0000,3768.4000,3769.8000,3770.0000,1,1,2,7,1,1,1,1,1,1
SF,IF2007,2020-05-27 10:21:04.700,3765.2000,7864,0,1315196700.000,0,-,-,-,-,3765.4000,3765.2000,3765.0000,3760.0000,3758.2000,3766.4000,3767.0000,3768.4000,3769.8000,3770.0000,1,1,2,7,1,1,1,1,1,1
SF,IF2007,2020-05-27 10:21:05.200,3765.2000,7864,0,1315196700.000,0,-,-,-,-,3765.6000,3765.4000,3765.0000,3760.0000,3758.2000,3766.4000,3767.0000,3768.4000,3769.8000,3770.0000,1,1,2,7,1,1,1,1,1,1
SF,IF2007,2020-05-27 10:21:05.700,3766.4000,7863,-1,1316326620.000,1,0,1,双平,S,3765.6000,3765.0000,3760.0000,3758.2000,3758.0000,3767.0000,3768.4000,3769.8000,3770.0000,3770.4000,1,2,7,1,1,1,1,1,1,1
SF,IF2007,2020-05-27 10:21:06.200,3766.4000,7863,0,1316326620.000,0,-,-,-,-,3765.6000,3765.2000,3765.0000,3760.0000,3758.2000,3766.8000,3767.0000,3768.4000,3769.8000,3770.0000,1,1,2,7,1,2,1,1,1,1
SF,IF2007,2020-05-27 10:21:06.700,3766.4000,7863,0,1316326620.000,0,-,-,-,-,3765.8000,3765.6000,3765.2000,3765.0000,3760.0000,3766.8000,3767.0000,3768.4000,3769.8000,3770.0000,1,1,1,2,7,1,1,1,1,1
SF,IF2007,2020-05-27 10:21:07.200,3766.4000,7863,0,1316326620.000,0,-,-,-,-,3766.0000,3765.8000,3765.2000,3765.0000,3760.0000,3767.0000,3768.4000,3769.8000,3770.0000,3770.4000,1,1,1,2,7,1,1,1,1,1
SF,IF2007,2020-05-27 10:21:08.200,3766.4000,7863,0,1316326620.000,0,-,-,-,-,3766.0000,3765.8000,3765.2000,3765.0000,3760.0000,3767.6000,3768.4000,3769.8000,3770.0000,3770.4000,1,1,1,2,7,1,1,1,1,1
SF,IF2007,2020-05-27 10:21:08.700,3766.4000,7863,0,1316326620.000,0,-,-,-,-,3766.0000,3765.8000,3765.2000,3765.0000,3760.0000,3767.4000,3767.6000,3768.4000,3769.8000,3770.0000,1,1,1,2,7,3,1,1,1,1
SF,IF2007,2020-05-27 10:21:09.700,3766.4000,7863,0,1316326620.000,0,-,-,-,-,3766.0000,3765.8000,3765.2000,3765.0000,3760.0000,3767.0000,3767.4000,3767.6000,3768.4000,3769.8000,1,1,1,2,7,1,2,1,1,1
SF,IF2007,2020-05-27 10:21:10.200,3766.4000,7863,0,1316326620.000,0,-,-,-,-,3766.0000,3765.8000,3765.2000,3765.0000,3760.0000,3767.0000,3767.4000,3767.6000,3768.4000,3769.8000,1,1,1,2,7,1,2,1,1,1
SF,IF2007,2020-05-27 10:21:12.200,3766.4000,7863,0,1316326620.000,0,-,-,-,-,3766.2000,3766.0000,3765.8000,3765.2000,3765.0000,3767.0000,3767.4000,3767.6000,3768.4000,3769.8000,1,1,1,1,2,1,2,1,1,1
SF,IF2007,2020-05-27 10:21:12.700,3766.4000,7863,0,1316326620.000,0,-,-,-,-,3766.4000,3766.2000,3765.2000,3765.0000,3760.0000,3767.4000,3767.6000,3768.4000,3769.8000,3770.0000,1,1,1,2,7,2,1,1,1,1
SF,IF2007,2020-05-27 10:21:13.200,3766.4000,7863,0,1316326620.000,0,-,-,-,-,3766.4000,3766.2000,3765.2000,3765.0000,3760.0000,3767.4000,3767.6000,3768.4000,3769.8000,3770.0000,1,1,1,2,7,1,1,1,1,1
SF,IF2007,2020-05-27 10:21:13.700,3766.4000,7863,0,1316326620.000,0,-,-,-,-,3766.4000,3766.2000,3765.0000,3760.0000,3758.2000,3767.6000,3768.4000,3769.8000,3770.0000,3770.4000,1,1,2,7,1,1,1,1,1,1
SF,IF2007,2020-05-27 10:21:14.200,3766.4000,7863,0,1316326620.000,0,-,-,-,-,3766.6000,3766.4000,3766.2000,3765.0000,3760.0000,3767.6000,3768.4000,3769.8000,3770.0000,3770.4000,1,1,1,2,7,1,1,1,1,1
SF,IF2007,2020-05-27 10:21:15.200,3767.6000,7863,0,1317456900.000,1,0,1,多换,S,3766.6000,3766.4000,3766.2000,3765.0000,3760.0000,3768.4000,3769.8000,3770.0000,3770.4000,3772.2000,1,1,1,2,7,1,1,1,1,1
SF,IF2007,2020-05-27 10:21:15.700,3767.6000,7863,0,1317456900.000,0,-,-,-,-,3766.8000,3766.6000,3766.2000,3765.0000,3760.0000,3768.2000,3768.4000,3769.8000,3770.0000,3770.4000,2,1,1,2,7,3,1,1,1,1
SF,IF2007,2020-05-27 10:21:16.200,3767.6000,7863,0,1317456900.000,0,-,-,-,-,3766.8000,3766.6000,3766.2000,3765.0000,3760.0000,3768.2000,3768.4000,3769.8000,3770.0000,3770.4000,2,1,1,2,7,2,2,1,1,1
SF,IF2007,2020-05-27 10:21:17.200,3768.2000,7864,1,1318587360.000,1,1,0,双开,S,3767.2000,3766.8000,3766.6000,3766.2000,3765.0000,3768.2000,3768.4000,3769.8000,3770.0000,3770.4000,1,1,1,1,2,1,2,1,1,1
SF,IF2007,2020-05-27 10:21:17.700,3768.2000,7864,0,1318587360.000,0,-,-,-,-,3767.2000,3766.8000,3766.2000,3765.0000,3760.0000,3768.2000,3768.4000,3769.8000,3770.0000,3770.4000,1,1,1,2,7,1,2,1,1,1
SF,IF2007,2020-05-27 10:21:18.200,3768.2000,7864,0,1318587360.000,0,-,-,-,-,3767.4000,3767.2000,3766.2000,3765.0000,3760.0000,3768.4000,3769.8000,3770.0000,3770.4000,3772.2000,1,1,1,2,7,2,1,1,1,1
SF,IF2007,2020-05-27 10:21:21.700,3767.2000,7866,2,1320847740.000,2,2,0,双开,S,3766.2000,3765.0000,3760.0000,3758.2000,3758.0000,3768.0000,3768.2000,3768.4000,3769.8000,3770.0000,1,2,7,1,1,1,3,2,1,1
SF,IF2007,2020-05-27 10:21:22.200,3767.2000,7866,0,1320847740.000,0,-,-,-,-,3766.4000,3766.2000,3765.0000,3760.0000,3758.2000,3767.8000,3768.0000,3768.2000,3768.4000,3769.8000,2,1,2,7,1,2,1,2,2,1
SF,IF2007,2020-05-27 10:21:22.700,3767.2000,7866,0,1320847740.000,0,-,-,-,-,3766.4000,3766.2000,3765.0000,3760.0000,3758.2000,3767.8000,3768.0000,3768.2000,3768.4000,3769.8000,2,1,2,7,1,2,1,1,2,1
SF,IF2007,2020-05-27 10:21:24.200,3767.2000,7866,0,1320847740.000,0,-,-,-,-,3766.4000,3766.2000,3765.0000,3760.0000,3758.2000,3767.8000,3768.0000,3768.4000,3769.8000,3770.0000,2,1,2,7,1,2,1,2,1,1
SF,IF2007,2020-05-27 10:21:25.200,3767.2000,7866,0,1320847740.000,0,-,-,-,-,3766.4000,3766.2000,3765.0000,3760.0000,3758.2000,3767.8000,3768.0000,3768.4000,3769.8000,3770.0000,2,1,2,7,1,1,1,2,1,1
SF,IF2007,2020-05-27 10:21:26.200,3767.2000,7866,0,1320847740.000,0,-,-,-,-,3766.4000,3766.2000,3765.0000,3760.0000,3758.2000,3767.6000,3767.8000,3768.0000,3768.4000,3769.8000,2,1,2,7,1,1,1,1,2,1
SF,IF2007,2020-05-27 10:21:26.700,3767.2000,7866,0,1320847740.000,0,-,-,-,-,3766.4000,3766.2000,3765.0000,3760.0000,3758.2000,3767.4000,3767.6000,3768.0000,3768.4000,3769.8000,2,1,2,7,1,1,1,1,2,1
SF,IF2007,2020-05-27 10:21:27.200,3767.2000,7866,0,1320847740.000,0,-,-,-,-,3766.4000,3766.2000,3765.0000,3760.0000,3758.2000,3767.4000,3767.6000,3768.4000,3769.8000,3770.0000,2,1,2,7,1,1,1,2,1,1
SF,IF2007,2020-05-27 10:21:34.200,3767.2000,7866,0,1320847740.000,0,-,-,-,-,3766.4000,3765.0000,3760.0000,3758.2000,3758.0000,3767.2000,3767.4000,3768.4000,3769.8000,3770.0000,2,2,7,1,1,1,1,2,1,1
SF,IF2007,2020-05-27 10:21:34.700,3767.2000,7866,0,1320847740.000,0,-,-,-,-,3765.0000,3760.0000,3758.2000,3758.0000,3755.2000,3767.0000,3767.2000,3768.4000,3769.8000,3770.0000,2,7,1,1,4,2,1,1,1,1
SF,IF2007,2020-05-27 10:21:35.200,3767.2000,7866,0,1320847740.000,0,-,-,-,-,3765.6000,3765.4000,3765.2000,3765.0000,3760.0000,3767.0000,3767.6000,3768.4000,3769.8000,3770.0000,2,3,3,2,7,1,1,1,1,1
SF,IF2007,2020-05-27 10:21:35.700,3767.0000,7866,0,1321977840.000,1,0,1,多换,S,3766.0000,3765.8000,3765.6000,3765.4000,3765.2000,3767.6000,3768.4000,3769.8000,3770.0000,3770.4000,1,1,1,3,2,1,1,1,1,1
SF,IF2007,2020-05-27 10:21:36.200,3767.0000,7866,0,1321977840.000,0,-,-,-,-,3766.4000,3766.2000,3765.6000,3765.4000,3765.2000,3767.4000,3767.6000,3768.4000,3769.8000,3770.0000,1,1,1,2,2,1,1,1,1,1
SF,IF2007,2020-05-27 10:21:36.700,3767.4000,7866,0,1323108060.000,1,0,1,多换,S,3766.6000,3766.4000,3765.6000,3765.4000,3765.2000,3767.6000,3768.4000,3769.8000,3770.0000,3770.4000,1,1,1,2,2,1,1,1,1,1
SF,IF2007,2020-05-27 10:21:37.700,3767.4000,7866,0,1323108060.000,0,-,-,-,-,3767.0000,3766.6000,3766.4000,3765.6000,3765.4000,3767.6000,3768.4000,3769.8000,3770.0000,3770.4000,5,1,1,1,2,1,1,1,1,1
SF,IF2007,2020-05-27 10:21:39.200,3767.0000,7867,1,1328758560.000,5,3,2,空开,S,3766.6000,3766.4000,3765.6000,3765.4000,3765.2000,3767.6000,3768.4000,3769.8000,3770.0000,3770.4000,1,1,1,2,2,1,1,1,1,1
SF,IF2007,2020-05-27 10:21:39.700,3767.0000,7867,0,1328758560.000,0,-,-,-,-,3766.6000,3766.4000,3765.6000,3765.4000,3765.2000,3767.4000,3767.6000,3768.4000,3769.8000,3770.0000,1,1,1,2,2,3,1,1,1,1
SF,IF2007,2020-05-27 10:21:40.200,3767.0000,7867,0,1328758560.000,0,-,-,-,-,3766.6000,3766.4000,3765.6000,3765.4000,3765.2000,3767.4000,3767.6000,3768.4000,3769.8000,3770.0000,1,1,1,2,2,2,1,1,1,1
SF,IF2007,2020-05-27 10:21:40.700,3767.0000,7867,0,1328758560.000,0,-,-,-,-,3765.6000,3765.4000,3765.2000,3765.0000,3760.0000,3767.2000,3767.4000,3767.6000,3768.4000,3769.8000,1,2,2,2,7,1,2,1,1,1
SF,IF2007,2020-05-27 10:21:41.200,3767.0000,7868,1,1329888660.000,1,1,0,双开,S,3767.0000,3765.8000,3765.6000,3765.4000,3765.2000,3767.2000,3767.4000,3767.6000,3768.4000,3769.8000,4,2,1,2,2,1,1,1,1,1
SF,IF2007,2020-05-27 10:21:41.700,3767.0000,7871,3,1334409060.000,4,3,1,空开,S,3765.8000,3765.6000,3765.4000,3765.2000,3765.0000,3767.0000,3767.2000,3767.6000,3768.4000,3770.0000,1,1,2,2,2,1,1,1,1,1
SF,IF2007,2020-05-27 10:21:42.200,3767.0000,7871,0,1334409060.000,0,-,-,-,-,3766.0000,3765.8000,3765.6000,3765.4000,3765.2000,3767.0000,3767.2000,3767.6000,3768.4000,3770.0000,1,1,1,2,2,2,1,1,1,1
SF,IF2007,2020-05-27 10:21:42.700,3767.0000,7871,0,1334409060.000,0,-,-,-,-,3766.2000,3766.0000,3765.6000,3765.4000,3765.2000,3767.0000,3767.2000,3767.6000,3768.4000,3770.0000,1,1,1,2,2,2,1,1,1,1
SF,IF2007,2020-05-27 10:21:44.700,3767.0000,7872,1,1335539160.000,1,1,0,双开,S,3767.0000,3766.2000,3766.0000,3765.6000,3765.4000,3767.2000,3767.6000,3768.4000,3770.0000,3770.4000,4,1,1,1,2,1,1,1,1,1
SF,IF2007,2020-05-27 10:21:45.200,3767.0000,7873,1,1336669260.000,1,1,0,双开,S,3767.0000,3766.2000,3765.6000,3765.4000,3765.2000,3767.6000,3768.4000,3770.0000,3770.4000,3772.2000,3,1,1,2,2,1,1,1,1,1
SF,IF2007,2020-05-27 10:21:47.700,3767.0000,7876,3,1340059560.000,3,3,0,双开,S,3766.2000,3765.6000,3765.4000,3765.2000,3765.0000,3767.0000,3767.4000,3767.6000,3768.4000,3770.4000,1,1,2,2,2,1,1,1,1,1
SF,IF2007,2020-05-27 10:21:48.200,3767.0000,7876,0,1340059560.000,0,-,-,-,-,3766.2000,3765.6000,3765.4000,3765.2000,3765.0000,3767.4000,3767.6000,3768.4000,3770.4000,3772.2000,1,1,1,2,2,1,1,1,1,1
SF,IF2007,2020-05-27 10:21:48.700,3767.0000,7876,0,1340059560.000,0,-,-,-,-,3766.2000,3765.6000,3765.4000,3765.2000,3765.0000,3767.4000,3767.6000,3768.4000,3770.4000,3772.2000,1,1,1,2,2,1,1,1,1,1
SF,IF2007,2020-05-27 10:21:49.200,3767.0000,7876,0,1340059560.000,0,-,-,-,-,3766.2000,3765.6000,3765.4000,3765.2000,3765.0000,3767.2000,3767.4000,3767.6000,3768.4000,3770.4000,1,1,1,2,2,1,1,1,1,1
SF,IF2007,2020-05-27 10:21:49.700,3767.0000,7876,0,1340059560.000,0,-,-,-,-,3766.2000,3765.6000,3765.4000,3765.2000,3765.0000,3767.0000,3767.2000,3767.6000,3768.4000,3770.4000,1,1,1,2,2,1,1,1,1,1
SF,IF2007,2020-05-27 10:21:51.700,3767.0000,7877,1,1341189660.000,1,1,0,双开,S,3767.0000,3766.2000,3765.6000,3765.4000,3765.2000,3767.2000,3767.6000,3768.4000,3770.4000,3772.2000,4,1,1,1,2,1,1,1,1,1
SF,IF2007,2020-05-27 10:21:52.200,3767.0000,7877,0,1342319760.000,1,0,1,多换,S,3767.0000,3766.2000,3765.6000,3765.4000,3765.2000,3767.2000,3767.6000,3768.4000,3770.4000,3772.2000,3,1,1,1,2,1,1,1,1,1
SF,IF2007,2020-05-27 10:21:52.700,3767.0000,7880,3,1345710060.000,3,3,0,双开,S,3766.2000,3765.6000,3765.0000,3761.6000,3760.0000,3766.8000,3767.0000,3767.2000,3767.6000,3768.4000,1,1,2,1,7,2,2,1,1,1
SF,IF2007,2020-05-27 10:21:53.200,3767.0000,7880,0,1345710060.000,0,-,-,-,-,3766.2000,3765.6000,3765.0000,3761.6000,3760.0000,3767.0000,3767.6000,3768.4000,3770.4000,3772.2000,1,1,2,1,7,1,1,1,1,1
SF,IF2007,2020-05-27 10:21:53.700,3767.0000,7880,0,1345710060.000,0,-,-,-,-,3766.2000,3765.6000,3765.0000,3761.6000,3760.0000,3767.0000,3767.2000,3767.6000,3768.4000,3770.4000,1,1,2,1,7,1,1,1,1,1
SF,IF2007,2020-05-27 10:21:57.700,3767.0000,7880,0,1345710060.000,0,-,-,-,-,3766.2000,3766.0000,3765.6000,3765.0000,3761.6000,3766.8000,3767.0000,3767.2000,3767.6000,3768.4000,1,5,1,2,1,2,1,1,1,1
SF,IF2007,2020-05-27 10:22:00.200,3767.0000,7880,0,1345710060.000,0,-,-,-,-,3766.2000,3766.0000,3765.6000,3765.0000,3761.6000,3766.4000,3766.8000,3767.0000,3767.2000,3768.4000,1,5,1,2,1,1,2,1,1,1
SF,IF2007,2020-05-27 10:22:00.700,3766.0000,7880,0,1347969720.000,2,1,1,多换,S,3766.0000,3765.6000,3765.0000,3761.6000,3760.0000,3766.4000,3766.8000,3767.0000,3767.2000,3768.4000,4,1,7,1,7,1,2,1,1,1
SF,IF2007,2020-05-27 10:22:01.200,3766.0000,7883,3,1352488920.000,4,3,1,空开,S,3765.6000,3765.0000,3761.6000,3760.0000,3758.2000,3766.4000,3766.8000,3767.0000,3767.2000,3768.4000,1,7,1,7,1,1,2,1,1,1
SF,IF2007,2020-05-27 10:22:01.700,3766.0000,7883,0,1352488920.000,0,-,-,-,-,3765.0000,3761.6000,3760.0000,3758.2000,3758.0000,3766.4000,3766.8000,3767.2000,3768.4000,3770.4000,7,1,7,1,1,1,2,1,1,1
SF,IF2007,2020-05-27 10:22:02.200,3766.0000,7883,0,1352488920.000,0,-,-,-,-,3765.2000,3765.0000,3761.6000,3760.0000,3758.2000,3766.2000,3766.4000,3766.8000,3767.2000,3768.4000,2,7,1,7,1,1,1,2,1,1
SF,IF2007,2020-05-27 10:22:02.700,3766.0000,7883,0,1352488920.000,0,-,-,-,-,3765.2000,3765.0000,3761.6000,3760.0000,3758.2000,3766.0000,3766.2000,3766.4000,3766.8000,3767.2000,2,7,1,7,1,1,2,1,2,1
SF,IF2007,2020-05-27 10:22:03.200,3766.0000,7883,0,1352488920.000,0,-,-,-,-,3765.2000,3765.0000,3761.6000,3760.0000,3758.2000,3766.0000,3766.2000,3766.4000,3766.8000,3767.2000,2,7,1,7,1,1,2,1,2,1
SF,IF2007,2020-05-27 10:22:03.700,3766.0000,7883,0,1352488920.000,0,-,-,-,-,3765.2000,3765.0000,3761.6000,3760.0000,3758.2000,3766.0000,3766.2000,3766.4000,3766.8000,3767.2000,1,7,1,7,1,1,2,1,2,1
SF,IF2007,2020-05-27 10:22:04.200,3766.0000,7883,0,1352488920.000,0,-,-,-,-,3765.2000,3765.0000,3761.6000,3760.0000,3758.2000,3766.0000,3766.2000,3766.4000,3766.8000,3767.2000,1,7,1,7,1,1,2,1,2,1
SF,IF2007,2020-05-27 10:22:05.200,3765.2000,7883,0,1353618480.000,1,0,1,多换,S,3765.0000,3761.6000,3760.0000,3758.2000,3758.0000,3765.2000,3766.0000,3766.2000,3766.4000,3766.8000,7,1,7,1,1,11,2,2,1,2
SF,IF2007,2020-05-27 10:22:05.700,3765.2000,7879,-4,1358136720.000,4,0,4,双平,S,3765.0000,3761.6000,3760.0000,3758.2000,3758.0000,3765.2000,3766.0000,3766.2000,3766.4000,3767.2000,7,1,7,1,1,7,2,2,1,1
SF,IF2007,2020-05-27 10:22:06.700,3765.0000,7880,1,1360395720.000,2,1,1,空开,S,3765.0000,3761.6000,3760.0000,3758.2000,3758.0000,3765.2000,3766.0000,3766.2000,3766.4000,3767.2000,5,1,7,1,1,7,1,2,1,1
SF,IF2007,2020-05-27 10:22:07.200,3765.2000,7880,0,1361525280.000,1,0,1,多换,S,3765.0000,3761.6000,3760.0000,3758.2000,3758.0000,3765.2000,3766.0000,3766.2000,3766.4000,3767.2000,5,1,7,1,1,6,1,2,1,1
SF,IF2007,2020-05-27 10:22:10.200,3765.0000,7880,0,1362654780.000,1,0,1,多换,S,3765.0000,3761.6000,3760.0000,3758.2000,3758.0000,3765.2000,3766.0000,3766.2000,3766.4000,3767.2000,4,1,7,1,1,6,1,2,1,1
SF,IF2007,2020-05-27 10:22:11.200,3765.2000,7878,-2,1369432140.000,6,2,4,多平,S,3765.2000,3765.0000,3761.6000,3760.0000,3758.2000,3766.0000,3766.2000,3766.4000,3767.2000,3768.4000,1,4,1,7,1,1,2,1,1,1
SF,IF2007,2020-05-27 10:22:12.200,3765.2000,7878,0,1369432140.000,0,-,-,-,-,3765.2000,3765.0000,3761.6000,3760.0000,3758.2000,3766.2000,3766.4000,3767.2000,3768.4000,3770.4000,1,4,1,7,1,1,1,1,1,1
SF,IF2007,2020-05-27 10:22:13.700,3765.2000,7878,0,1369432140.000,0,-,-,-,-,3765.2000,3765.0000,3761.6000,3760.0000,3758.2000,3765.4000,3765.8000,3766.0000,3766.2000,3767.2000,1,4,1,7,1,1,2,2,1,1
SF,IF2007,2020-05-27 10:22:14.200,3765.4000,7879,1,1370561760.000,1,1,0,双开,S,3765.0000,3761.6000,3760.0000,3758.2000,3758.0000,3766.0000,3766.2000,3767.2000,3768.4000,3770.4000,4,1,7,1,1,1,1,1,1,1
SF,IF2007,2020-05-27 10:22:14.700,3765.4000,7879,0,1370561760.000,0,-,-,-,-,3765.2000,3765.0000,3761.6000,3760.0000,3758.2000,3766.2000,3767.2000,3768.4000,3770.4000,3772.2000,2,4,1,7,1,1,1,1,1,1
SF,IF2007,2020-05-27 10:22:15.200,3765.4000,7879,0,1370561760.000,0,-,-,-,-,3765.2000,3765.0000,3761.6000,3760.0000,3758.2000,3767.2000,3768.4000,3770.4000,3772.2000,3772.6000,2,4,1,7,1,1,1,1,1,1
SF,IF2007,2020-05-27 10:22:15.700,3765.4000,7879,0,1370561760.000,0,-,-,-,-,3765.2000,3765.0000,3761.6000,3760.0000,3758.2000,3766.2000,3766.6000,3766.8000,3767.0000,3767.2000,2,4,1,7,1,1,4,3,5,1
SF,IF2007,2020-05-27 10:22:16.200,3765.4000,7879,0,1370561760.000,0,-,-,-,-,3765.2000,3765.0000,3761.6000,3760.0000,3758.2000,3766.6000,3766.8000,3767.0000,3767.2000,3768.4000,2,4,1,7,1,4,1,5,1,1
SF,IF2007,2020-05-27 10:22:16.700,3765.4000,7879,0,1370561760.000,0,-,-,-,-,3765.2000,3765.0000,3761.6000,3760.0000,3758.2000,3766.4000,3766.6000,3766.8000,3767.0000,3767.2000,2,4,1,7,1,3,4,1,3,1
SF,IF2007,2020-05-27 10:22:17.200,3765.4000,7879,0,1370561760.000,0,-,-,-,-,3765.2000,3765.0000,3761.6000,3760.0000,3758.2000,3766.4000,3766.6000,3766.8000,3767.0000,3767.2000,2,4,1,7,1,4,4,1,3,1
SF,IF2007,2020-05-27 10:22:17.700,3765.4000,7879,0,1370561760.000,0,-,-,-,-,3765.2000,3765.0000,3761.6000,3760.0000,3758.2000,3766.2000,3766.4000,3766.6000,3766.8000,3767.0000,2,4,1,7,1,1,4,4,1,3
SF,IF2007,2020-05-27 10:22:18.200,3765.4000,7879,0,1370561760.000,0,-,-,-,-,3765.2000,3765.0000,3761.6000,3760.0000,3758.2000,3766.2000,3766.4000,3766.6000,3766.8000,3767.0000,2,4,1,7,1,1,4,3,1,3
SF,IF2007,2020-05-27 10:22:19.700,3765.4000,7879,0,1370561760.000,0,-,-,-,-,3765.2000,3765.0000,3761.6000,3760.0000,3758.2000,3766.2000,3766.4000,3766.6000,3766.8000,3767.0000,2,4,1,7,1,1,3,2,1,1
SF,IF2007,2020-05-27 10:22:21.700,3765.4000,7879,0,1370561760.000,0,-,-,-,-,3765.2000,3765.0000,3761.6000,3760.0000,3758.2000,3766.2000,3766.4000,3766.6000,3766.8000,3767.0000,1,4,1,7,1,1,3,2,1,1
SF,IF2007,2020-05-27 10:22:22.200,3765.4000,7879,0,1370561760.000,0,-,-,-,-,3765.2000,3765.0000,3761.6000,3760.0000,3758.2000,3766.2000,3766.4000,3766.6000,3766.8000,3767.0000,1,4,1,7,1,1,3,2,1,1
SF,IF2007,2020-05-27 10:22:22.700,3765.4000,7879,0,1370561760.000,0,-,-,-,-,3765.0000,3761.6000,3760.0000,3758.2000,3758.0000,3766.0000,3766.2000,3766.4000,3766.6000,3766.8000,4,1,7,1,1,3,1,1,2,1
SF,IF2007,2020-05-27 10:22:23.200,3765.4000,7879,0,1370561760.000,0,-,-,-,-,3765.0000,3761.6000,3760.0000,3758.2000,3758.0000,3766.0000,3766.2000,3766.4000,3766.6000,3766.8000,4,1,7,1,1,3,1,1,2,1
SF,IF2007,2020-05-27 10:22:30.200,3766.0000,7880,1,1371691560.000,1,1,0,双开,S,3765.4000,3765.2000,3765.0000,3761.6000,3760.0000,3766.2000,3766.6000,3766.8000,3767.0000,3768.4000,1,1,4,1,7,1,2,1,1,1
SF,IF2007,2020-05-27 10:22:30.700,3766.0000,7880,0,1371691560.000,0,-,-,-,-,3765.6000,3765.4000,3765.2000,3765.0000,3761.6000,3766.2000,3766.6000,3766.8000,3768.4000,3770.4000,1,1,1,4,1,1,2,1,1,1
SF,IF2007,2020-05-27 10:22:35.700,3766.0000,7880,0,1371691560.000,0,-,-,-,-,3765.6000,3765.4000,3765.2000,3765.0000,3761.6000,3766.8000,3768.4000,3770.4000,3772.2000,3772.6000,1,1,1,4,1,1,1,1,1,1
SF,IF2007,2020-05-27 10:22:36.200,3766.0000,7880,0,1371691560.000,0,-,-,-,-,3765.6000,3765.4000,3765.0000,3761.6000,3760.0000,3766.8000,3768.4000,3770.4000,3772.2000,3772.6000,1,1,4,1,7,1,1,1,1,1
SF,IF2007,2020-05-27 10:22:38.200,3766.0000,7880,0,1371691560.000,0,-,-,-,-,3765.6000,3765.4000,3765.0000,3761.6000,3760.0000,3766.8000,3768.4000,3770.4000,3772.2000,3772.6000,1,2,4,1,7,1,1,1,1,1
SF,IF2007,2020-05-27 10:22:42.700,3766.0000,7880,0,1371691560.000,0,-,-,-,-,3765.6000,3765.4000,3765.0000,3761.6000,3760.0000,3766.6000,3766.8000,3768.4000,3770.4000,3772.2000,1,2,4,1,7,1,1,1,1,1
SF,IF2007,2020-05-27 10:22:43.700,3766.0000,7880,0,1371691560.000,0,-,-,-,-,3765.6000,3765.4000,3765.0000,3761.6000,3760.0000,3766.8000,3768.4000,3770.4000,3772.2000,3772.6000,1,2,4,1,7,1,1,1,1,1
SF,IF2007,2020-05-27 10:22:44.700,3766.0000,7880,0,1371691560.000,0,-,-,-,-,3765.6000,3765.4000,3765.0000,3761.6000,3760.0000,3766.8000,3768.4000,3770.4000,3772.2000,3772.6000,1,2,4,1,7,1,1,1,1,1
SF,IF2007,2020-05-27 10:22:46.200,3766.0000,7880,0,1371691560.000,0,-,-,-,-,3765.6000,3765.4000,3765.0000,3761.6000,3760.0000,3766.6000,3766.8000,3768.4000,3770.4000,3772.2000,1,1,4,1,7,1,1,1,1,1
SF,IF2007,2020-05-27 10:22:46.700,3766.0000,7880,0,1371691560.000,0,-,-,-,-,3765.8000,3765.6000,3765.4000,3765.0000,3761.6000,3766.6000,3766.8000,3768.4000,3770.4000,3772.2000,1,1,1,4,1,2,1,1,1,1
SF,IF2007,2020-05-27 10:22:47.200,3766.0000,7880,0,1371691560.000,0,-,-,-,-,3765.8000,3765.6000,3765.4000,3765.0000,3761.6000,3766.4000,3766.6000,3766.8000,3768.4000,3770.4000,1,1,1,4,1,1,2,1,1,1
SF,IF2007,2020-05-27 10:22:49.200,3765.8000,7881,1,1372821300.000,1,1,0,双开,S,3765.6000,3765.0000,3761.6000,3760.0000,3758.2000,3766.4000,3766.6000,3766.8000,3768.4000,3770.4000,1,4,1,7,1,1,2,1,1,1
SF,IF2007,2020-05-27 10:22:49.700,3765.8000,7881,0,1372821300.000,0,-,-,-,-,3765.6000,3765.0000,3761.6000,3760.0000,3758.2000,3766.4000,3766.6000,3766.8000,3768.4000,3770.4000,1,4,1,7,1,1,2,1,1,1
SF,IF2007,2020-05-27 10:22:50.200,3766.4000,7880,-1,1373951220.000,1,0,1,双平,S,3765.6000,3765.0000,3761.6000,3760.0000,3758.2000,3766.6000,3766.8000,3768.4000,3770.4000,3772.2000,1,4,1,7,1,2,1,1,1,1
SF,IF2007,2020-05-27 10:22:51.200,3766.4000,7880,0,1373951220.000,0,-,-,-,-,3765.6000,3765.0000,3761.6000,3760.0000,3758.2000,3766.6000,3766.8000,3768.4000,3770.4000,3772.2000,1,4,1,7,1,1,1,1,1,1
SF,IF2007,2020-05-27 10:22:52.200,3766.4000,7880,0,1373951220.000,0,-,-,-,-,3765.8000,3765.6000,3765.0000,3761.6000,3760.0000,3766.8000,3768.4000,3770.4000,3772.2000,3772.6000,2,1,4,1,7,1,1,1,1,1
SF,IF2007,2020-05-27 10:22:52.700,3766.4000,7880,0,1373951220.000,0,-,-,-,-,3766.0000,3765.8000,3765.0000,3761.6000,3760.0000,3766.8000,3768.4000,3770.4000,3772.2000,3772.6000,1,2,4,1,7,1,1,1,1,1
SF,IF2007,2020-05-27 10:22:53.200,3766.8000,7880,0,1375081260.000,1,0,1,多换,S,3766.2000,3766.0000,3765.8000,3765.0000,3761.6000,3768.4000,3770.4000,3772.2000,3772.6000,3773.2000,1,1,1,4,1,1,1,1,1,1
SF,IF2007,2020-05-27 10:22:53.700,3766.8000,7880,0,1375081260.000,0,-,-,-,-,3766.4000,3766.2000,3765.8000,3765.0000,3761.6000,3767.0000,3767.2000,3767.6000,3767.8000,3768.0000,1,1,1,4,1,1,1,2,2,2
SF,IF2007,2020-05-27 10:22:54.200,3766.8000,7880,0,1375081260.000,0,-,-,-,-,3766.4000,3766.2000,3765.8000,3765.0000,3761.6000,3767.0000,3767.6000,3767.8000,3768.0000,3768.2000,1,1,1,4,1,1,2,1,1,7
SF,IF2007,2020-05-27 10:23:01.700,3766.8000,7880,0,1375081260.000,0,-,-,-,-,3766.4000,3765.8000,3765.0000,3761.6000,3760.0000,3767.0000,3767.6000,3767.8000,3768.0000,3768.2000,1,1,4,1,7,1,2,1,1,7
SF,IF2007,2020-05-27 10:23:02.200,3766.8000,7880,0,1375081260.000,0,-,-,-,-,3766.4000,3765.8000,3765.0000,3761.6000,3760.0000,3766.8000,3767.0000,3767.6000,3767.8000,3768.0000,1,1,4,1,7,2,1,2,1,1
SF,IF2007,2020-05-27 10:23:02.700,3766.8000,7880,0,1375081260.000,0,-,-,-,-,3766.4000,3765.8000,3765.0000,3761.6000,3760.0000,3766.8000,3767.0000,3767.6000,3767.8000,3768.0000,1,1,4,1,7,1,1,2,1,1
SF,IF2007,2020-05-27 10:23:03.200,3766.4000,7881,1,1376211180.000,1,1,0,双开,S,3765.8000,3765.0000,3761.6000,3760.0000,3758.2000,3766.8000,3767.0000,3767.6000,3767.8000,3768.0000,1,4,1,7,1,2,1,1,1,1
SF,IF2007,2020-05-27 10:23:03.700,3766.4000,7881,0,1376211180.000,0,-,-,-,-,3766.0000,3765.8000,3765.0000,3761.6000,3760.0000,3766.4000,3766.8000,3767.0000,3767.6000,3767.8000,1,1,4,1,7,1,2,1,1,1
SF,IF2007,2020-05-27 10:23:09.700,3766.4000,7881,0,1377341100.000,1,0,1,多换,S,3766.0000,3765.8000,3765.0000,3761.6000,3760.0000,3766.8000,3767.0000,3767.6000,3767.8000,3768.0000,1,1,4,1,7,2,1,1,1,1
SF,IF2007,2020-05-27 10:23:11.700,3766.4000,7881,0,1377341100.000,0,-,-,-,-,3766.0000,3765.8000,3765.0000,3761.6000,3760.0000,3766.8000,3767.0000,3767.6000,3767.8000,3768.0000,1,1,4,1,7,1,1,1,1,1
SF,IF2007,2020-05-27 10:23:12.700,3766.4000,7881,0,1377341100.000,0,-,-,-,-,3766.0000,3765.8000,3765.0000,3761.6000,3760.0000,3767.0000,3767.6000,3767.8000,3768.0000,3768.2000,1,1,4,1,7,1,1,1,1,7
SF,IF2007,2020-05-27 10:23:16.200,3766.4000,7881,0,1377341100.000,0,-,-,-,-,3766.2000,3766.0000,3765.8000,3765.0000,3761.6000,3767.0000,3767.8000,3768.0000,3768.2000,3768.4000,1,1,1,4,1,1,1,1,7,1
SF,IF2007,2020-05-27 10:23:16.700,3766.4000,7881,0,1377341100.000,0,-,-,-,-,3766.4000,3766.2000,3765.8000,3765.0000,3761.6000,3767.0000,3767.8000,3768.0000,3768.2000,3768.4000,1,1,1,4,1,1,1,1,7,1
SF,IF2007,2020-05-27 10:23:22.700,3766.4000,7881,0,1377341100.000,0,-,-,-,-,3766.4000,3766.2000,3765.8000,3765.0000,3760.0000,3767.0000,3767.8000,3768.0000,3768.2000,3768.4000,1,1,1,4,7,1,1,1,7,1
SF,IF2007,2020-05-27 10:23:23.200,3766.4000,7881,0,1377341100.000,0,-,-,-,-,3766.4000,3766.2000,3765.8000,3765.0000,3760.0000,3766.8000,3767.0000,3767.8000,3768.0000,3768.2000,1,1,1,4,7,1,1,1,1,7
SF,IF2007,2020-05-27 10:23:24.700,3766.4000,7881,0,1377341100.000,0,-,-,-,-,3766.4000,3765.8000,3765.0000,3760.0000,3758.2000,3766.8000,3767.0000,3767.8000,3768.0000,3768.2000,1,1,4,7,1,1,1,1,1,7
SF,IF2007,2020-05-27 10:23:30.200,3766.4000,7882,1,1378471020.000,1,1,0,双开,S,3765.8000,3765.0000,3760.0000,3758.2000,3758.0000,3766.8000,3767.0000,3767.8000,3768.0000,3768.2000,1,4,7,1,1,1,1,1,1,7
SF,IF2007,2020-05-27 10:23:30.700,3766.4000,7882,0,1378471020.000,0,-,-,-,-,3766.0000,3765.8000,3765.0000,3760.0000,3758.2000,3766.8000,3767.0000,3767.8000,3768.0000,3768.2000,1,1,4,7,1,1,1,1,1,7
SF,IF2007,2020-05-27 10:23:31.700,3766.4000,7882,0,1378471020.000,0,-,-,-,-,3766.0000,3765.0000,3760.0000,3758.2000,3758.0000,3766.6000,3766.8000,3767.0000,3767.8000,3768.0000,1,4,7,1,1,1,1,1,1,1
SF,IF2007,2020-05-27 10:23:32.200,3766.4000,7882,0,1378471020.000,0,-,-,-,-,3766.0000,3765.0000,3760.0000,3758.2000,3758.0000,3766.8000,3767.0000,3767.8000,3768.0000,3768.2000,1,4,7,1,1,1,1,1,1,7
SF,IF2007,2020-05-27 10:23:32.700,3766.4000,7882,0,1378471020.000,0,-,-,-,-,3766.0000,3765.0000,3760.0000,3758.2000,3758.0000,3766.8000,3767.0000,3767.8000,3768.0000,3768.2000,1,4,7,1,1,1,1,1,1,7
SF,IF2007,2020-05-27 10:23:37.700,3766.0000,7883,1,1379600820.000,1,1,0,双开,S,3765.0000,3760.0000,3758.2000,3758.0000,3755.2000,3766.6000,3766.8000,3767.0000,3767.8000,3768.0000,4,7,1,1,4,1,1,1,1,1
SF,IF2007,2020-05-27 10:23:38.200,3766.0000,7883,0,1379600820.000,0,-,-,-,-,3765.4000,3765.2000,3765.0000,3760.0000,3758.2000,3766.4000,3766.6000,3766.8000,3767.0000,3767.8000,1,1,4,7,1,1,1,1,1,1
SF,IF2007,2020-05-27 10:23:40.700,3766.0000,7883,0,1379600820.000,0,-,-,-,-,3765.4000,3765.2000,3765.0000,3760.0000,3758.2000,3766.4000,3766.8000,3767.0000,3767.8000,3768.0000,1,1,4,7,1,1,1,1,1,1
SF,IF2007,2020-05-27 10:23:41.200,3766.0000,7883,0,1379600820.000,0,-,-,-,-,3765.6000,3765.4000,3765.0000,3760.0000,3758.2000,3766.4000,3766.8000,3767.0000,3767.8000,3768.0000,1,1,4,7,1,1,1,1,1,1
SF,IF2007,2020-05-27 10:23:45.700,3766.0000,7883,0,1379600820.000,0,-,-,-,-,3765.6000,3765.4000,3765.0000,3760.0000,3758.2000,3766.4000,3766.8000,3767.0000,3767.8000,3768.0000,2,1,4,7,1,1,1,1,1,1
SF,IF2007,2020-05-27 10:23:46.200,3766.0000,7883,0,1379600820.000,0,-,-,-,-,3765.6000,3765.4000,3765.0000,3760.0000,3758.2000,3766.4000,3766.8000,3767.0000,3767.8000,3768.0000,1,1,4,7,1,1,1,1,1,1
SF,IF2007,2020-05-27 10:23:47.200,3766.0000,7883,0,1379600820.000,0,-,-,-,-,3765.6000,3765.4000,3765.0000,3760.0000,3758.2000,3766.2000,3766.4000,3766.8000,3767.0000,3767.8000,1,1,4,7,1,1,1,1,1,1
SF,IF2007,2020-05-27 10:23:48.200,3766.0000,7883,0,1379600820.000,0,-,-,-,-,3765.6000,3765.4000,3765.0000,3760.0000,3758.2000,3766.4000,3766.8000,3767.0000,3767.8000,3768.0000,1,1,4,7,1,1,1,1,1,1
SF,IF2007,2020-05-27 10:23:51.200,3766.0000,7883,0,1379600820.000,0,-,-,-,-,3765.6000,3765.4000,3765.0000,3760.0000,3758.2000,3766.0000,3766.4000,3766.8000,3767.0000,3767.8000,1,1,4,7,1,1,1,1,1,1
SF,IF2007,2020-05-27 10:24:09.700,3766.0000,7884,1,1380730620.000,1,1,0,双开,S,3765.6000,3765.4000,3765.0000,3760.0000,3758.2000,3766.4000,3766.8000,3767.0000,3767.8000,3768.0000,1,1,4,7,1,1,1,1,1,1
SF,IF2007,2020-05-27 10:24:10.700,3765.6000,7884,0,1381860300.000,1,0,1,多换,S,3765.4000,3765.0000,3760.0000,3758.2000,3758.0000,3765.6000,3766.4000,3766.8000,3767.0000,3767.8000,1,4,7,1,1,4,1,1,1,1
SF,IF2007,2020-05-27 10:24:11.200,3765.6000,7883,-1,1386379020.000,4,1,3,多平,S,3765.8000,3765.0000,3760.0000,3758.2000,3758.0000,3766.4000,3766.8000,3767.0000,3767.8000,3768.0000,1,4,7,1,1,1,1,1,1,1
SF,IF2007,2020-05-27 10:24:11.700,3765.6000,7883,0,1386379020.000,0,-,-,-,-,3765.0000,3760.0000,3758.2000,3758.0000,3755.2000,3766.4000,3766.8000,3767.0000,3767.8000,3768.0000,4,7,1,1,4,1,1,1,1,1
SF,IF2007,2020-05-27 10:24:12.200,3765.6000,7883,0,1386379020.000,0,-,-,-,-,3765.4000,3765.2000,3765.0000,3760.0000,3758.2000,3766.4000,3766.8000,3767.0000,3767.8000,3768.0000,1,3,4,7,1,1,1,1,1,1
SF,IF2007,2020-05-27 10:24:13.700,3765.6000,7883,0,1386379020.000,0,-,-,-,-,3765.8000,3765.4000,3765.2000,3765.0000,3760.0000,3766.4000,3766.8000,3767.0000,3767.8000,3768.0000,1,1,1,4,7,1,1,1,1,1
SF,IF2007,2020-05-27 10:24:14.700,3765.6000,7883,0,1386379020.000,0,-,-,-,-,3765.4000,3765.2000,3765.0000,3760.0000,3758.2000,3766.4000,3766.8000,3767.0000,3767.8000,3768.0000,1,1,4,7,1,1,1,1,1,1
SF,IF2007,2020-05-27 10:24:16.200,3765.6000,7883,0,1386379020.000,0,-,-,-,-,3765.6000,3765.4000,3765.2000,3765.0000,3760.0000,3766.4000,3766.8000,3767.0000,3767.8000,3768.0000,1,1,1,4,7,1,1,1,1,1
SF,IF2007,2020-05-27 10:24:19.700,3766.4000,7884,1,1387508940.000,1,1,0,双开,S,3765.8000,3765.6000,3765.2000,3765.0000,3760.0000,3766.8000,3767.0000,3767.8000,3768.0000,3768.2000,2,1,1,4,7,1,1,1,1,6
SF,IF2007,2020-05-27 10:24:20.200,3766.4000,7884,0,1387508940.000,0,-,-,-,-,3766.0000,3765.8000,3765.6000,3765.0000,3760.0000,3766.8000,3767.0000,3767.8000,3768.0000,3768.2000,1,2,1,4,7,1,1,1,1,6
SF,IF2007,2020-05-27 10:24:20.700,3766.8000,7884,0,1388638980.000,1,0,1,多换,S,3766.0000,3765.8000,3765.6000,3765.0000,3760.0000,3767.6000,3768.0000,3768.2000,3768.4000,3770.4000,1,2,1,4,7,1,1,6,1,1
SF,IF2007,2020-05-27 10:24:21.200,3766.8000,7884,0,1388638980.000,0,-,-,-,-,3766.2000,3766.0000,3765.8000,3765.6000,3765.0000,3767.4000,3767.6000,3768.2000,3768.4000,3770.4000,1,1,1,1,4,1,1,5,1,1
SF,IF2007,2020-05-27 10:24:21.700,3766.8000,7884,0,1388638980.000,0,-,-,-,-,3766.4000,3766.2000,3765.8000,3765.6000,3765.0000,3767.4000,3767.6000,3768.2000,3768.4000,3770.4000,1,1,1,1,4,1,1,5,1,1
SF,IF2007,2020-05-27 10:24:23.200,3766.8000,7884,0,1388638980.000,0,-,-,-,-,3766.4000,3766.2000,3765.8000,3765.0000,3760.0000,3767.4000,3767.6000,3768.2000,3768.4000,3770.4000,1,1,1,4,7,1,1,5,1,1
SF,IF2007,2020-05-27 10:24:24.200,3766.8000,7884,0,1388638980.000,0,-,-,-,-,3766.4000,3766.2000,3765.8000,3765.0000,3760.0000,3767.4000,3767.6000,3768.2000,3768.4000,3770.4000,1,1,1,4,7,1,1,5,1,1
SF,IF2007,2020-05-27 10:24:26.700,3766.8000,7884,0,1388638980.000,0,-,-,-,-,3766.4000,3766.2000,3765.8000,3765.0000,3760.0000,3766.8000,3767.4000,3767.6000,3768.2000,3768.4000,1,1,1,4,7,1,1,1,5,1
SF,IF2007,2020-05-27 10:24:27.200,3766.8000,7884,0,1389769020.000,1,0,1,多换,S,3766.4000,3766.2000,3765.8000,3765.0000,3760.0000,3767.4000,3767.6000,3768.2000,3768.4000,3770.4000,1,1,1,4,7,1,1,5,1,1
SF,IF2007,2020-05-27 10:24:27.700,3766.8000,7884,0,1389769020.000,0,-,-,-,-,3766.4000,3766.2000,3765.8000,3765.0000,3760.0000,3767.4000,3767.6000,3768.2000,3768.4000,3770.4000,2,1,1,4,7,1,1,5,1,1
SF,IF2007,2020-05-27 10:24:28.700,3766.8000,7884,0,1389769020.000,0,-,-,-,-,3766.4000,3766.2000,3765.8000,3765.0000,3760.0000,3767.4000,3767.6000,3768.2000,3768.4000,3770.4000,2,1,1,4,7,1,1,3,1,1
SF,IF2007,2020-05-27 10:24:40.200,3766.4000,7886,2,1392028860.000,2,2,0,双开,S,3766.2000,3765.8000,3765.0000,3760.0000,3758.0000,3766.4000,3767.4000,3767.6000,3768.2000,3768.4000,1,1,4,7,1,1,1,1,3,1
SF,IF2007,2020-05-27 10:24:40.700,3766.4000,7887,1,1393158780.000,1,1,0,双开,S,3765.8000,3765.0000,3760.0000,3758.0000,3755.2000,3767.4000,3767.6000,3768.2000,3768.4000,3770.4000,1,4,7,1,4,1,1,2,1,1
SF,IF2007,2020-05-27 10:24:41.200,3766.4000,7887,0,1393158780.000,0,-,-,-,-,3766.0000,3765.8000,3765.0000,3760.0000,3758.0000,3767.4000,3767.6000,3768.2000,3768.4000,3770.4000,4,1,4,7,1,1,1,2,1,1
SF,IF2007,2020-05-27 10:24:41.700,3766.4000,7887,0,1393158780.000,0,-,-,-,-,3766.0000,3765.8000,3765.0000,3760.0000,3758.0000,3767.4000,3767.6000,3768.2000,3768.4000,3770.4000,6,1,4,7,1,1,1,2,1,1
SF,IF2007,2020-05-27 10:24:42.200,3766.4000,7887,0,1393158780.000,0,-,-,-,-,3766.0000,3765.8000,3765.0000,3760.0000,3758.0000,3767.4000,3767.6000,3768.2000,3768.4000,3770.4000,5,1,4,7,1,1,1,2,1,1
SF,IF2007,2020-05-27 10:24:42.700,3766.4000,7887,0,1393158780.000,0,-,-,-,-,3766.2000,3766.0000,3765.8000,3765.0000,3760.0000,3767.4000,3767.6000,3768.2000,3768.4000,3770.4000,1,5,1,4,7,1,1,2,1,1
SF,IF2007,2020-05-27 10:24:44.200,3766.4000,7887,0,1393158780.000,0,-,-,-,-,3766.4000,3766.2000,3766.0000,3765.8000,3765.0000,3767.4000,3767.6000,3768.2000,3768.4000,3770.4000,1,1,4,1,4,1,1,2,1,1
SF,IF2007,2020-05-27 10:24:48.200,3766.4000,7887,0,1393158780.000,0,-,-,-,-,3766.2000,3766.0000,3765.8000,3765.0000,3760.0000,3767.4000,3767.6000,3768.2000,3768.4000,3770.4000,1,3,1,4,7,1,1,2,1,1
SF,IF2007,2020-05-27 10:24:48.700,3766.4000,7887,0,1393158780.000,0,-,-,-,-,3766.4000,3766.2000,3766.0000,3765.8000,3765.0000,3767.4000,3767.6000,3768.2000,3768.4000,3770.4000,1,1,3,1,4,1,1,2,1,1
SF,IF2007,2020-05-27 10:24:49.700,3766.4000,7887,0,1393158780.000,0,-,-,-,-,3766.4000,3766.2000,3766.0000,3765.8000,3765.0000,3767.4000,3767.6000,3768.2000,3768.4000,3770.4000,1,1,3,1,4,1,1,2,1,1
SF,IF2007,2020-05-27 10:24:50.200,3766.4000,7887,0,1393158780.000,0,-,-,-,-,3766.4000,3766.2000,3766.0000,3765.8000,3765.0000,3767.4000,3767.6000,3768.2000,3768.4000,3770.4000,2,1,3,1,4,1,1,2,1,1
SF,IF2007,2020-05-27 10:24:51.700,3766.4000,7887,0,1393158780.000,0,-,-,-,-,3766.2000,3766.0000,3765.8000,3765.0000,3760.0000,3767.4000,3767.6000,3768.2000,3768.4000,3770.4000,1,1,1,4,7,1,1,2,1,1
SF,IF2007,2020-05-27 10:24:52.200,3766.4000,7887,0,1393158780.000,0,-,-,-,-,3766.0000,3765.8000,3765.0000,3760.0000,3758.0000,3767.2000,3767.4000,3767.6000,3768.2000,3768.4000,1,1,4,7,1,2,1,1,2,1
SF,IF2007,2020-05-27 10:24:52.700,3766.4000,7887,0,1393158780.000,0,-,-,-,-,3766.0000,3765.8000,3765.0000,3760.0000,3758.0000,3767.0000,3767.2000,3767.6000,3768.2000,3768.4000,1,1,4,7,1,2,1,1,2,1
SF,IF2007,2020-05-27 10:24:53.200,3766.4000,7887,0,1393158780.000,0,-,-,-,-,3766.0000,3765.8000,3765.0000,3760.0000,3758.0000,3767.0000,3767.2000,3767.6000,3768.2000,3768.4000,1,1,4,7,1,2,1,1,2,1
SF,IF2007,2020-05-27 10:24:53.700,3766.4000,7887,0,1393158780.000,0,-,-,-,-,3766.0000,3765.8000,3765.0000,3760.0000,3758.0000,3767.0000,3767.2000,3767.6000,3768.2000,3768.4000,1,1,4,7,1,2,1,1,2,1
SF,IF2007,2020-05-27 10:24:56.700,3766.4000,7887,0,1393158780.000,0,-,-,-,-,3766.2000,3766.0000,3765.8000,3765.0000,3760.0000,3767.0000,3767.2000,3767.6000,3768.2000,3768.4000,1,1,1,4,7,2,1,1,2,1
SF,IF2007,2020-05-27 10:24:57.200,3766.4000,7887,0,1393158780.000,0,-,-,-,-,3766.2000,3766.0000,3765.8000,3765.0000,3760.0000,3767.0000,3767.6000,3768.2000,3768.4000,3770.4000,1,1,1,4,7,2,1,2,1,1
SF,IF2007,2020-05-27 10:24:57.700,3766.4000,7887,0,1393158780.000,0,-,-,-,-,3766.2000,3766.0000,3765.8000,3765.0000,3760.0000,3767.0000,3767.6000,3768.2000,3768.4000,3770.4000,1,1,1,4,7,1,1,2,1,1
SF,IF2007,2020-05-27 10:25:00.200,3766.4000,7887,0,1393158780.000,0,-,-,-,-,3766.2000,3766.0000,3765.8000,3765.0000,3760.0000,3767.0000,3767.6000,3768.2000,3768.4000,3770.4000,1,1,1,4,7,1,1,2,1,1
SF,IF2007,2020-05-27 10:25:00.700,3766.4000,7887,0,1393158780.000,0,-,-,-,-,3765.8000,3765.0000,3760.0000,3758.0000,3755.0000,3767.0000,3767.6000,3768.2000,3768.4000,3770.4000,1,4,7,1,1,1,1,2,1,1
SF,IF2007,2020-05-27 10:25:01.200,3766.4000,7887,0,1393158780.000,0,-,-,-,-,3766.0000,3765.8000,3765.0000,3760.0000,3758.0000,3767.0000,3767.6000,3768.2000,3768.4000,3770.4000,1,1,4,7,1,1,1,2,1,1
SF,IF2007,2020-05-27 10:25:01.700,3766.4000,7887,0,1393158780.000,0,-,-,-,-,3765.8000,3765.0000,3760.0000,3758.0000,3755.0000,3767.0000,3767.6000,3768.2000,3768.4000,3770.4000,1,4,7,1,1,1,1,2,1,1
SF,IF2007,2020-05-27 10:25:02.700,3767.0000,7887,0,1394288880.000,1,0,1,多换,S,3766.0000,3765.8000,3765.0000,3760.0000,3758.0000,3767.6000,3768.2000,3768.4000,3770.4000,3772.2000,2,1,4,7,1,1,2,1,1,1
SF,IF2007,2020-05-27 10:25:03.200,3767.0000,7887,0,1394288880.000,0,-,-,-,-,3766.2000,3766.0000,3765.8000,3765.0000,3760.0000,3767.4000,3767.6000,3768.2000,3768.4000,3770.4000,1,2,1,4,7,2,1,2,1,1
SF,IF2007,2020-05-27 10:25:03.700,3767.0000,7887,0,1394288880.000,0,-,-,-,-,3766.2000,3766.0000,3765.8000,3765.0000,3760.0000,3767.4000,3767.6000,3768.2000,3768.4000,3770.4000,1,2,1,4,7,2,1,2,1,1
SF,IF2007,2020-05-27 10:25:04.200,3767.0000,7887,0,1394288880.000,0,-,-,-,-,3766.2000,3766.0000,3765.8000,3765.0000,3760.0000,3767.2000,3767.4000,3767.6000,3768.2000,3768.4000,1,2,1,4,7,1,2,1,2,1
SF,IF2007,2020-05-27 10:25:07.700,3767.0000,7887,0,1394288880.000,0,-,-,-,-,3766.2000,3766.0000,3765.8000,3765.0000,3760.0000,3767.2000,3767.4000,3767.6000,3768.2000,3768.4000,1,1,1,4,7,1,2,1,2,1
SF,IF2007,2020-05-27 10:25:10.700,3767.0000,7887,0,1394288880.000,0,-,-,-,-,3766.4000,3766.2000,3765.8000,3765.0000,3760.0000,3767.4000,3767.6000,3768.2000,3768.4000,3770.4000,1,1,1,4,7,2,1,2,1,1
SF,IF2007,2020-05-27 10:25:11.200,3767.0000,7887,0,1394288880.000,0,-,-,-,-,3766.4000,3766.2000,3765.8000,3765.0000,3760.0000,3767.4000,3767.6000,3768.2000,3768.4000,3770.4000,1,1,1,4,7,1,1,2,1,1
SF,IF2007,2020-05-27 10:25:11.700,3767.0000,7887,0,1394288880.000,0,-,-,-,-,3766.6000,3766.4000,3765.8000,3765.0000,3760.0000,3767.4000,3767.6000,3768.2000,3768.4000,3770.4000,1,1,1,4,7,1,1,2,1,1
SF,IF2007,2020-05-27 10:25:12.200,3767.0000,7887,0,1394288880.000,0,-,-,-,-,3766.6000,3766.4000,3765.8000,3765.0000,3760.0000,3767.6000,3768.2000,3768.4000,3770.4000,3772.2000,1,1,1,4,7,1,2,1,1,1
SF,IF2007,2020-05-27 10:25:12.700,3767.0000,7887,0,1394288880.000,0,-,-,-,-,3766.6000,3766.4000,3765.8000,3765.0000,3760.0000,3767.6000,3768.2000,3768.4000,3770.4000,3772.2000,1,1,1,4,7,1,1,1,1,1
SF,IF2007,2020-05-27 10:25:13.700,3767.0000,7887,0,1394288880.000,0,-,-,-,-,3766.8000,3766.6000,3765.8000,3765.0000,3760.0000,3768.2000,3768.4000,3770.4000,3772.2000,3772.6000,1,1,1,4,7,2,1,1,1,1
SF,IF2007,2020-05-27 10:25:14.200,3767.0000,7887,0,1394288880.000,0,-,-,-,-,3767.0000,3766.8000,3765.8000,3765.0000,3760.0000,3768.0000,3768.2000,3768.4000,3770.4000,3772.2000,1,1,1,4,7,1,1,1,1,1
SF,IF2007,2020-05-27 10:25:14.700,3767.0000,7887,0,1394288880.000,0,-,-,-,-,3767.0000,3766.8000,3765.8000,3765.0000,3760.0000,3768.2000,3768.4000,3770.4000,3772.2000,3772.6000,1,1,1,4,7,1,1,1,1,1
SF,IF2007,2020-05-27 10:25:15.700,3767.0000,7887,0,1394288880.000,0,-,-,-,-,3767.0000,3766.8000,3765.8000,3765.0000,3760.0000,3768.2000,3768.4000,3770.4000,3772.2000,3772.6000,2,1,1,4,7,1,1,1,1,1
SF,IF2007,2020-05-27 10:25:16.200,3767.0000,7887,0,1394288880.000,0,-,-,-,-,3767.0000,3766.8000,3765.8000,3765.0000,3760.0000,3768.0000,3768.2000,3768.4000,3770.4000,3772.2000,2,1,1,4,7,1,1,1,1,1
SF,IF2007,2020-05-27 10:25:17.700,3767.0000,7887,0,1394288880.000,0,-,-,-,-,3767.0000,3766.8000,3765.8000,3765.0000,3760.0000,3768.0000,3768.2000,3768.4000,3770.4000,3772.2000,1,1,1,4,7,1,1,1,1,1
SF,IF2007,2020-05-27 10:25:21.200,3767.0000,7887,0,1394288880.000,0,-,-,-,-,3767.2000,3767.0000,3766.8000,3765.8000,3765.0000,3768.0000,3768.2000,3768.4000,3770.4000,3772.2000,1,1,1,1,4,1,1,1,1,1
SF,IF2007,2020-05-27 10:25:25.200,3767.0000,7887,0,1394288880.000,0,-,-,-,-,3767.0000,3766.8000,3765.8000,3765.0000,3760.0000,3768.0000,3768.2000,3768.4000,3770.4000,3772.2000,1,1,1,4,7,1,1,1,1,1
SF,IF2007,2020-05-27 10:25:35.700,3767.0000,7887,0,1394288880.000,0,-,-,-,-,3767.0000,3766.8000,3765.8000,3765.0000,3760.0000,3767.8000,3768.0000,3768.2000,3768.4000,3770.4000,1,1,1,4,7,1,1,1,1,1
SF,IF2007,2020-05-27 10:25:36.200,3767.0000,7887,0,1394288880.000,0,-,-,-,-,3765.8000,3765.0000,3760.0000,3758.0000,3755.0000,3767.6000,3767.8000,3768.2000,3768.4000,3770.4000,1,4,7,1,1,1,1,1,1,1
SF,IF2007,2020-05-27 10:25:36.700,3767.0000,7887,0,1394288880.000,0,-,-,-,-,3766.2000,3766.0000,3765.8000,3765.0000,3760.0000,3767.4000,3767.6000,3768.2000,3768.4000,3770.4000,1,1,1,4,7,1,1,1,1,1
SF,IF2007,2020-05-27 10:25:37.200,3767.0000,7887,0,1394288880.000,0,-,-,-,-,3766.4000,3766.2000,3765.8000,3765.0000,3760.0000,3767.2000,3767.4000,3767.6000,3768.2000,3768.4000,1,1,1,4,7,1,1,1,1,1
SF,IF2007,2020-05-27 10:25:37.700,3767.0000,7887,0,1394288880.000,0,-,-,-,-,3766.4000,3766.2000,3765.8000,3765.0000,3760.0000,3767.4000,3767.6000,3768.2000,3768.4000,3770.4000,1,1,1,4,7,1,1,1,1,1
SF,IF2007,2020-05-27 10:25:40.200,3767.0000,7887,0,1394288880.000,0,-,-,-,-,3767.2000,3766.4000,3766.2000,3765.8000,3765.0000,3767.4000,3767.6000,3768.2000,3768.4000,3770.4000,1,1,1,1,4,1,1,1,1,1
SF,IF2007,2020-05-27 10:25:40.700,3767.2000,7887,0,1395419040.000,1,0,1,多换,S,3766.4000,3766.2000,3765.8000,3765.0000,3760.0000,3767.6000,3768.2000,3768.4000,3770.4000,3772.2000,1,1,1,4,7,1,1,1,1,1
SF,IF2007,2020-05-27 10:25:43.200,3767.2000,7887,0,1395419040.000,0,-,-,-,-,3766.4000,3766.2000,3765.8000,3765.0000,3760.0000,3767.4000,3767.6000,3768.2000,3768.4000,3770.4000,1,1,1,4,7,1,1,1,1,1
SF,IF2007,2020-05-27 10:25:45.700,3767.2000,7887,0,1395419040.000,0,-,-,-,-,3766.4000,3766.2000,3765.8000,3765.0000,3760.0000,3767.6000,3768.2000,3768.4000,3770.4000,3772.2000,1,1,1,4,7,1,1,1,1,1
SF,IF2007,2020-05-27 10:25:48.700,3767.2000,7887,0,1395419040.000,0,-,-,-,-,3766.6000,3766.4000,3766.2000,3765.8000,3765.0000,3767.6000,3768.2000,3768.4000,3770.4000,3772.2000,1,1,1,1,4,1,1,1,1,1
SF,IF2007,2020-05-27 10:25:49.200,3767.2000,7887,0,1395419040.000,0,-,-,-,-,3766.6000,3766.4000,3765.8000,3765.0000,3760.0000,3767.6000,3768.2000,3768.4000,3770.4000,3772.2000,1,1,1,4,7,1,1,1,1,1
SF,IF2007,2020-05-27 10:25:52.200,3767.2000,7887,0,1395419040.000,0,-,-,-,-,3766.6000,3766.4000,3766.0000,3765.8000,3765.0000,3767.6000,3768.2000,3768.4000,3770.4000,3772.2000,1,1,1,1,4,1,1,1,1,1
SF,IF2007,2020-05-27 10:25:55.700,3767.2000,7887,0,1395419040.000,0,-,-,-,-,3766.6000,3766.4000,3766.0000,3765.8000,3765.0000,3767.6000,3768.2000,3768.4000,3770.4000,3772.2000,1,2,1,1,4,1,1,1,1,1
SF,IF2007,2020-05-27 10:25:56.200,3767.2000,7887,0,1395419040.000,0,-,-,-,-,3766.8000,3766.6000,3766.4000,3766.0000,3765.8000,3768.2000,3768.4000,3770.4000,3772.2000,3772.6000,1,1,1,1,1,1,1,1,1,1
SF,IF2007,2020-05-27 10:25:56.700,3767.2000,7887,0,1395419040.000,0,-,-,-,-,3766.8000,3766.6000,3766.4000,3766.0000,3765.8000,3768.0000,3768.2000,3768.4000,3770.4000,3772.2000,1,1,1,1,1,2,1,1,1,1
SF,IF2007,2020-05-27 10:25:57.700,3767.2000,7887,0,1395419040.000,0,-,-,-,-,3766.8000,3766.4000,3766.0000,3765.8000,3765.0000,3768.0000,3768.2000,3768.4000,3770.4000,3772.2000,1,1,1,1,4,2,1,1,1,1
SF,IF2007,2020-05-27 10:25:59.200,3767.2000,7887,0,1395419040.000,0,-,-,-,-,3767.0000,3766.8000,3766.4000,3766.0000,3765.8000,3768.0000,3768.2000,3768.4000,3770.4000,3772.2000,1,1,1,1,1,2,1,1,1,1
SF,IF2007,2020-05-27 10:25:59.700,3767.2000,7887,0,1395419040.000,0,-,-,-,-,3767.2000,3767.0000,3766.4000,3766.0000,3765.8000,3768.0000,3768.2000,3768.4000,3770.4000,3772.2000,1,1,1,1,1,1,1,1,1,1
SF,IF2007,2020-05-27 10:26:01.200,3767.2000,7887,0,1395419040.000,0,-,-,-,-,3767.2000,3767.0000,3766.4000,3766.0000,3765.8000,3768.2000,3768.4000,3770.4000,3772.2000,3772.6000,1,1,1,1,1,1,1,1,1,1
SF,IF2007,2020-05-27 10:26:02.700,3767.2000,7887,0,1395419040.000,0,-,-,-,-,3767.4000,3767.2000,3767.0000,3766.4000,3766.0000,3768.4000,3768.8000,3770.4000,3772.2000,3772.6000,1,2,1,1,1,1,1,1,1,1
SF,IF2007,2020-05-27 10:26:03.700,3768.4000,7887,0,1396549560.000,1,0,1,多换,S,3767.4000,3767.2000,3767.0000,3766.4000,3766.0000,3768.8000,3770.4000,3772.2000,3772.6000,3773.2000,1,2,1,1,1,1,1,1,1,1
SF,IF2007,2020-05-27 10:26:04.200,3768.4000,7887,0,1396549560.000,0,-,-,-,-,3767.6000,3767.4000,3767.2000,3767.0000,3766.4000,3768.6000,3768.8000,3770.4000,3772.2000,3772.6000,1,1,1,1,1,1,1,1,1,1
SF,IF2007,2020-05-27 10:26:04.700,3768.4000,7887,0,1396549560.000,0,-,-,-,-,3767.6000,3767.4000,3767.2000,3766.4000,3766.0000,3768.6000,3768.8000,3770.4000,3772.2000,3772.6000,1,1,1,1,1,1,1,1,1,1
SF,IF2007,2020-05-27 10:26:06.200,3768.6000,7888,1,1397680140.000,1,1,0,双开,S,3767.6000,3767.4000,3767.2000,3766.4000,3766.0000,3768.8000,3770.4000,3772.2000,3772.6000,3773.2000,1,1,1,1,1,1,1,1,1,1
SF,IF2007,2020-05-27 10:26:07.700,3768.6000,7888,0,1397680140.000,0,-,-,-,-,3767.8000,3767.6000,3767.2000,3766.4000,3766.0000,3768.8000,3770.4000,3772.2000,3772.6000,3773.2000,1,1,1,1,1,1,1,1,1,1
SF,IF2007,2020-05-27 10:26:08.200,3768.6000,7888,0,1397680140.000,0,-,-,-,-,3768.0000,3767.8000,3767.2000,3766.4000,3766.0000,3768.8000,3770.4000,3772.2000,3772.6000,3773.2000,1,1,1,1,1,1,1,1,1,1
SF,IF2007,2020-05-27 10:26:09.200,3768.6000,7888,0,1397680140.000,0,-,-,-,-,3768.0000,3767.8000,3767.2000,3766.4000,3766.0000,3769.4000,3770.4000,3772.2000,3772.6000,3773.2000,1,1,1,1,1,1,1,1,1,1
SF,IF2007,2020-05-27 10:26:09.700,3768.6000,7888,0,1397680140.000,0,-,-,-,-,3768.0000,3767.8000,3767.2000,3766.4000,3766.0000,3769.2000,3769.4000,3770.4000,3772.2000,3772.6000,1,1,1,1,1,3,1,1,1,1
SF,IF2007,2020-05-27 10:26:10.200,3768.6000,7888,0,1397680140.000,0,-,-,-,-,3768.0000,3767.8000,3767.2000,3766.4000,3766.0000,3769.2000,3769.4000,3770.4000,3772.2000,3772.6000,1,1,1,1,1,3,1,1,1,1
SF,IF2007,2020-05-27 10:26:10.700,3768.6000,7888,0,1397680140.000,0,-,-,-,-,3768.0000,3767.8000,3767.2000,3766.4000,3766.0000,3769.2000,3769.4000,3770.4000,3772.2000,3772.6000,1,1,1,1,1,3,1,1,1,1
SF,IF2007,2020-05-27 10:26:11.200,3768.6000,7888,0,1397680140.000,0,-,-,-,-,3768.0000,3767.8000,3767.2000,3766.4000,3766.0000,3769.2000,3769.4000,3770.4000,3772.2000,3772.6000,1,1,1,1,1,2,1,1,1,1
SF,IF2007,2020-05-27 10:26:11.700,3768.6000,7888,0,1397680140.000,0,-,-,-,-,3768.2000,3768.0000,3767.8000,3767.2000,3766.4000,3769.2000,3769.4000,3770.4000,3772.2000,3772.6000,1,1,1,1,1,1,1,1,1,1
SF,IF2007,2020-05-27 10:26:12.200,3768.6000,7888,0,1397680140.000,0,-,-,-,-,3768.4000,3768.2000,3767.2000,3766.4000,3766.0000,3769.2000,3769.4000,3770.4000,3772.2000,3772.6000,1,1,1,1,1,1,1,1,1,1
SF,IF2007,2020-05-27 10:26:12.700,3768.6000,7888,0,1397680140.000,0,-,-,-,-,3768.4000,3768.2000,3767.2000,3766.0000,3765.8000,3769.2000,3769.4000,3770.4000,3772.2000,3772.6000,1,1,1,1,1,1,1,1,1,1
SF,IF2007,2020-05-27 10:26:13.200,3768.6000,7888,0,1397680140.000,0,-,-,-,-,3768.4000,3768.2000,3767.2000,3766.0000,3765.8000,3769.4000,3770.4000,3772.2000,3772.6000,3773.2000,1,1,1,1,1,1,1,1,1,1
SF,IF2007,2020-05-27 10:26:15.200,3768.6000,7888,0,1397680140.000,0,-,-,-,-,3768.6000,3768.4000,3768.2000,3767.2000,3766.0000,3770.0000,3770.4000,3772.2000,3772.6000,3773.2000,2,1,1,1,1,1,1,1,1,1
SF,IF2007,2020-05-27 10:26:15.700,3768.6000,7888,0,1397680140.000,0,-,-,-,-,3768.8000,3768.6000,3768.2000,3767.2000,3766.0000,3770.0000,3770.4000,3772.2000,3772.6000,3773.2000,1,1,1,1,1,1,1,1,1,1
SF,IF2007,2020-05-27 10:26:16.200,3768.6000,7888,0,1397680140.000,0,-,-,-,-,3769.0000,3768.8000,3768.6000,3767.2000,3766.0000,3770.0000,3770.4000,3772.2000,3772.6000,3773.2000,1,1,1,1,1,1,1,1,1,1
SF,IF2007,2020-05-27 10:26:17.200,3768.6000,7888,0,1397680140.000,0,-,-,-,-,3769.0000,3768.8000,3768.6000,3767.2000,3766.0000,3769.8000,3770.0000,3770.4000,3772.2000,3772.6000,1,1,1,1,1,1,1,1,1,1
SF,IF2007,2020-05-27 10:26:17.700,3768.6000,7888,0,1397680140.000,0,-,-,-,-,3768.8000,3768.6000,3767.2000,3766.0000,3765.8000,3769.8000,3770.0000,3770.4000,3772.2000,3772.6000,1,1,1,1,1,1,1,1,1,1
SF,IF2007,2020-05-27 10:26:18.200,3768.6000,7888,0,1397680140.000,0,-,-,-,-,3768.8000,3768.6000,3767.2000,3766.0000,3765.8000,3769.8000,3770.0000,3770.4000,3772.2000,3772.6000,1,1,1,1,1,1,1,1,1,1
SF,IF2007,2020-05-27 10:26:26.700,3768.8000,7888,0,1398810780.000,1,0,1,多换,S,3769.0000,3768.6000,3767.2000,3766.0000,3765.8000,3769.8000,3770.0000,3770.4000,3772.2000,3772.6000,5,1,1,1,1,1,1,1,1,1
SF,IF2007,2020-05-27 10:26:27.200,3769.0000,7888,0,1402202880.000,3,1,2,多换,S,3769.0000,3768.6000,3767.2000,3766.0000,3765.8000,3769.6000,3769.8000,3770.0000,3770.4000,3772.2000,2,1,1,1,1,1,1,1,1,1
SF,IF2007,2020-05-27 10:26:27.700,3769.0000,7889,1,1403333580.000,1,1,0,双开,S,3769.0000,3768.6000,3767.2000,3766.0000,3765.8000,3769.6000,3769.8000,3770.0000,3770.4000,3772.2000,1,1,1,1,1,1,1,1,1,1
SF,IF2007,2020-05-27 10:26:28.200,3769.0000,7890,1,1404464280.000,1,1,0,双开,S,3767.2000,3766.0000,3765.8000,3765.0000,3760.0000,3769.4000,3769.6000,3769.8000,3770.0000,3770.4000,1,1,1,4,7,1,1,1,1,1
SF,IF2007,2020-05-27 10:26:28.700,3769.0000,7890,0,1404464280.000,0,-,-,-,-,3767.8000,3767.4000,3767.2000,3766.0000,3765.8000,3769.2000,3770.0000,3770.4000,3772.2000,3772.6000,2,4,1,1,1,1,1,1,1,1
SF,IF2007,2020-05-27 10:26:29.200,3769.0000,7890,0,1404464280.000,0,-,-,-,-,3768.0000,3767.8000,3767.4000,3767.2000,3766.0000,3769.2000,3770.0000,3770.4000,3772.2000,3772.6000,1,2,3,1,1,1,1,1,1,1
SF,IF2007,2020-05-27 10:26:29.700,3769.0000,7890,0,1404464280.000,0,-,-,-,-,3768.0000,3767.8000,3767.4000,3767.2000,3766.0000,3769.0000,3769.2000,3770.0000,3770.4000,3772.2000,1,2,1,1,1,1,1,1,1,1
SF,IF2007,2020-05-27 10:26:32.700,3769.0000,7890,0,1404464280.000,0,-,-,-,-,3768.0000,3767.8000,3767.4000,3767.2000,3766.0000,3769.0000,3769.2000,3770.0000,3770.4000,3772.2000,1,2,1,1,1,1,1,1,1,1
SF,IF2007,2020-05-27 10:26:35.200,3769.0000,7891,1,1405594980.000,1,1,0,双开,S,3769.0000,3768.0000,3767.8000,3767.4000,3767.2000,3769.2000,3770.0000,3770.4000,3772.2000,3772.6000,3,1,2,1,1,1,1,1,1,1
SF,IF2007,2020-05-27 10:26:35.700,3769.0000,7891,0,1405594980.000,0,-,-,-,-,3769.0000,3768.0000,3767.8000,3767.4000,3767.2000,3769.2000,3770.0000,3770.4000,3772.2000,3772.6000,3,1,1,1,1,1,1,1,1,1
SF,IF2007,2020-05-27 10:26:36.200,3769.0000,7891,0,1406725680.000,1,0,1,多换,S,3769.0000,3768.0000,3767.8000,3767.4000,3767.2000,3769.2000,3770.0000,3770.4000,3772.2000,3772.6000,2,1,1,1,1,1,1,1,1,1
SF,IF2007,2020-05-27 10:26:36.700,3769.0000,7891,0,1407856380.000,1,0,1,多换,S,3769.0000,3768.0000,3767.8000,3767.4000,3767.2000,3769.2000,3770.0000,3770.4000,3772.2000,3772.6000,1,1,1,1,1,1,1,1,1,1
SF,IF2007,2020-05-27 10:26:37.700,3769.0000,7891,0,1408987080.000,1,0,1,多换,S,3768.0000,3767.8000,3767.4000,3767.2000,3766.0000,3769.2000,3770.0000,3770.4000,3772.2000,3772.6000,1,1,1,1,1,1,1,1,1,1
SF,IF2007,2020-05-27 10:26:38.200,3769.0000,7891,0,1408987080.000,0,-,-,-,-,3768.0000,3767.4000,3767.2000,3766.0000,3765.8000,3768.8000,3769.0000,3769.2000,3770.4000,3772.2000,1,1,1,1,1,1,1,1,1,1
SF,IF2007,2020-05-27 10:26:38.700,3769.0000,7891,0,1408987080.000,0,-,-,-,-,3767.4000,3767.2000,3766.0000,3765.8000,3760.0000,3768.8000,3769.2000,3770.4000,3772.2000,3772.6000,1,1,1,1,7,1,1,1,1,1
SF,IF2007,2020-05-27 10:26:39.200,3769.0000,7891,0,1408987080.000,0,-,-,-,-,3767.6000,3766.0000,3765.8000,3760.0000,3758.0000,3768.6000,3768.8000,3770.4000,3772.2000,3772.6000,1,1,1,7,1,1,1,1,1,1
SF,IF2007,2020-05-27 10:26:39.700,3769.0000,7891,0,1408987080.000,0,-,-,-,-,3767.6000,3766.0000,3765.8000,3760.0000,3758.0000,3768.6000,3768.8000,3770.4000,3772.2000,3772.6000,1,1,1,7,1,1,1,1,1,1
SF,IF2007,2020-05-27 10:26:40.200,3769.0000,7891,0,1408987080.000,0,-,-,-,-,3767.6000,3766.0000,3765.8000,3760.0000,3758.0000,3768.6000,3768.8000,3770.4000,3772.2000,3772.6000,1,1,1,7,1,1,1,1,1,1
SF,IF2007,2020-05-27 10:26:46.700,3769.0000,7891,0,1408987080.000,0,-,-,-,-,3768.2000,3767.6000,3766.0000,3765.8000,3760.0000,3768.6000,3768.8000,3770.4000,3772.2000,3772.6000,5,1,1,1,7,1,1,1,1,1
SF,IF2007,2020-05-27 10:26:47.200,3769.0000,7891,0,1408987080.000,0,-,-,-,-,3768.2000,3767.6000,3766.0000,3765.8000,3760.0000,3768.8000,3770.4000,3772.2000,3772.6000,3773.2000,5,1,1,1,7,1,1,1,1,1
SF,IF2007,2020-05-27 10:27:01.700,3768.2000,7893,2,1413508920.000,4,3,1,空开,S,3768.2000,3767.6000,3766.0000,3765.8000,3760.0000,3768.8000,3770.4000,3772.2000,3772.6000,3773.2000,1,1,1,1,7,2,1,1,1,1
SF,IF2007,2020-05-27 10:27:02.200,3768.2000,7893,0,1414639380.000,1,0,1,多换,S,3766.0000,3765.8000,3760.0000,3758.0000,3755.0000,3768.4000,3768.6000,3768.8000,3770.4000,3772.2000,1,1,7,1,1,1,3,2,1,1
SF,IF2007,2020-05-27 10:27:02.700,3768.2000,7893,0,1414639380.000,0,-,-,-,-,3767.0000,3766.6000,3766.4000,3766.2000,3766.0000,3768.2000,3768.6000,3768.8000,3770.4000,3772.2000,1,2,3,4,1,1,2,2,1,1
SF,IF2007,2020-05-27 10:27:03.200,3768.2000,7893,0,1414639380.000,0,-,-,-,-,3767.0000,3766.6000,3766.4000,3766.2000,3766.0000,3768.2000,3768.6000,3768.8000,3770.4000,3772.2000,1,2,2,4,1,1,2,2,1,1
SF,IF2007,2020-05-27 10:27:04.700,3768.2000,7893,0,1414639380.000,0,-,-,-,-,3767.2000,3767.0000,3766.4000,3766.2000,3766.0000,3768.2000,3768.6000,3768.8000,3770.4000,3772.2000,2,1,2,4,1,1,2,2,1,1
SF,IF2007,2020-05-27 10:27:19.200,3768.2000,7893,0,1414639380.000,0,-,-,-,-,3767.0000,3766.4000,3766.2000,3766.0000,3765.8000,3768.2000,3768.6000,3768.8000,3770.4000,3772.2000,1,2,4,1,1,1,2,2,1,1
SF,IF2007,2020-05-27 10:27:19.700,3768.2000,7893,0,1414639380.000,0,-,-,-,-,3767.0000,3766.4000,3766.2000,3766.0000,3765.8000,3767.6000,3768.0000,3768.2000,3768.6000,3770.4000,1,2,2,1,1,1,1,2,2,1
SF,IF2007,2020-05-27 10:27:20.200,3768.2000,7893,0,1414639380.000,0,-,-,-,-,3766.2000,3766.0000,3765.8000,3760.0000,3758.0000,3767.6000,3768.0000,3768.2000,3768.6000,3770.4000,2,1,1,7,1,1,1,2,2,1
SF,IF2007,2020-05-27 10:27:20.700,3768.2000,7893,0,1414639380.000,0,-,-,-,-,3766.4000,3766.2000,3766.0000,3765.8000,3760.0000,3767.4000,3767.6000,3768.2000,3768.6000,3770.4000,1,1,1,1,7,1,1,1,2,1
SF,IF2007,2020-05-27 10:27:21.200,3768.2000,7893,0,1414639380.000,0,-,-,-,-,3766.4000,3766.0000,3765.8000,3760.0000,3758.0000,3767.4000,3767.6000,3768.2000,3768.6000,3770.4000,1,1,1,7,1,1,1,1,2,1
SF,IF2007,2020-05-27 10:27:21.700,3768.2000,7893,0,1414639380.000,0,-,-,-,-,3766.4000,3766.0000,3765.8000,3760.0000,3758.0000,3767.4000,3767.6000,3768.2000,3768.6000,3770.4000,1,1,1,7,1,1,1,1,2,1
SF,IF2007,2020-05-27 10:27:22.200,3768.2000,7893,0,1414639380.000,0,-,-,-,-,3766.6000,3766.4000,3766.0000,3765.8000,3760.0000,3767.6000,3768.2000,3768.6000,3770.4000,3772.2000,1,1,1,1,7,1,1,2,1,1
SF,IF2007,2020-05-27 10:27:22.700,3768.2000,7893,0,1414639380.000,0,-,-,-,-,3766.6000,3766.4000,3766.0000,3765.8000,3760.0000,3767.6000,3768.2000,3768.6000,3770.4000,3772.2000,1,1,1,1,7,1,1,2,1,1
SF,IF2007,2020-05-27 10:27:23.200,3767.6000,7894,1,1415769660.000,1,1,0,双开,S,3767.0000,3766.8000,3766.6000,3766.0000,3765.8000,3767.6000,3768.2000,3768.6000,3770.4000,3772.2000,1,1,1,1,1,1,1,2,1,1
SF,IF2007,2020-05-27 10:27:23.700,3767.6000,7894,0,1416899940.000,1,0,1,多换,S,3767.0000,3766.8000,3766.6000,3766.0000,3765.8000,3767.8000,3768.2000,3768.6000,3770.4000,3772.2000,1,1,1,1,1,1,1,2,1,1
SF,IF2007,2020-05-27 10:27:24.200,3767.6000,7894,0,1416899940.000,0,-,-,-,-,3767.0000,3766.8000,3766.6000,3766.0000,3765.8000,3767.8000,3768.2000,3768.6000,3770.4000,3772.2000,2,1,1,1,1,1,1,2,1,1
SF,IF2007,2020-05-27 10:27:25.700,3767.6000,7894,0,1416899940.000,0,-,-,-,-,3767.0000,3766.6000,3766.0000,3765.8000,3760.0000,3767.8000,3768.2000,3768.6000,3770.4000,3772.2000,1,1,1,1,7,1,1,2,1,1
SF,IF2007,2020-05-27 10:27:26.200,3767.6000,7894,0,1416899940.000,0,-,-,-,-,3767.0000,3766.6000,3766.0000,3765.8000,3760.0000,3767.8000,3768.2000,3768.6000,3770.4000,3772.2000,1,1,1,1,7,1,1,2,1,1
SF,IF2007,2020-05-27 10:27:30.200,3767.0000,7894,0,1418030040.000,1,0,1,多换,S,3766.6000,3766.0000,3765.8000,3760.0000,3758.0000,3767.8000,3768.2000,3768.6000,3770.4000,3772.2000,1,1,1,7,1,1,1,2,1,1
SF,IF2007,2020-05-27 10:27:30.700,3767.0000,7894,0,1418030040.000,0,-,-,-,-,3766.6000,3766.0000,3765.8000,3760.0000,3758.0000,3767.6000,3767.8000,3768.2000,3768.6000,3770.4000,1,1,1,7,1,1,1,1,2,1
SF,IF2007,2020-05-27 10:27:32.200,3767.0000,7894,0,1418030040.000,0,-,-,-,-,3766.6000,3766.0000,3765.8000,3760.0000,3758.0000,3767.6000,3767.8000,3768.6000,3770.4000,3772.2000,1,1,1,7,1,1,1,2,1,1
SF,IF2007,2020-05-27 10:27:32.700,3767.0000,7894,0,1418030040.000,0,-,-,-,-,3766.0000,3765.8000,3760.0000,3758.0000,3755.0000,3767.2000,3767.4000,3767.6000,3767.8000,3768.6000,1,1,7,1,1,1,1,1,1,2
SF,IF2007,2020-05-27 10:27:33.200,3767.0000,7894,0,1418030040.000,0,-,-,-,-,3766.0000,3765.8000,3760.0000,3758.0000,3755.0000,3767.0000,3767.4000,3767.8000,3768.6000,3770.4000,1,1,7,1,1,1,1,1,2,1
SF,IF2007,2020-05-27 10:27:33.700,3767.0000,7894,0,1418030040.000,0,-,-,-,-,3766.2000,3766.0000,3765.8000,3760.0000,3758.0000,3767.0000,3767.8000,3768.6000,3770.4000,3772.2000,1,1,1,7,1,1,1,2,1,1
SF,IF2007,2020-05-27 10:27:45.200,3767.0000,7895,1,1419160140.000,1,1,0,双开,S,3767.0000,3766.2000,3766.0000,3765.8000,3760.0000,3767.8000,3768.6000,3770.4000,3772.2000,3772.6000,1,1,1,1,7,1,2,1,1,1
SF,IF2007,2020-05-27 10:27:45.700,3767.0000,7895,0,1419160140.000,0,-,-,-,-,3767.2000,3766.0000,3765.8000,3760.0000,3758.0000,3767.8000,3768.6000,3770.4000,3772.2000,3772.6000,1,1,1,7,1,1,2,1,1,1
SF,IF2007,2020-05-27 10:27:49.200,3767.2000,7895,0,1420290300.000,1,0,1,多换,S,3766.0000,3765.8000,3760.0000,3758.0000,3755.0000,3767.8000,3768.6000,3770.4000,3772.2000,3772.6000,1,1,7,1,1,1,2,1,1,1
SF,IF2007,2020-05-27 10:27:49.700,3767.2000,7895,0,1420290300.000,0,-,-,-,-,3766.4000,3766.2000,3766.0000,3765.8000,3760.0000,3767.6000,3767.8000,3768.6000,3770.4000,3772.2000,1,1,1,1,7,1,1,2,1,1
SF,IF2007,2020-05-27 10:27:50.200,3767.2000,7895,0,1420290300.000,0,-,-,-,-,3766.6000,3766.4000,3766.0000,3765.8000,3760.0000,3767.6000,3767.8000,3768.6000,3770.4000,3772.2000,1,1,1,1,7,1,1,2,1,1
SF,IF2007,2020-05-27 10:28:03.200,3767.2000,7895,0,1420290300.000,0,-,-,-,-,3766.6000,3766.4000,3766.0000,3765.8000,3760.0000,3767.6000,3767.8000,3768.6000,3770.4000,3772.2000,1,1,3,1,7,1,1,2,1,1
SF,IF2007,2020-05-27 10:28:04.700,3766.6000,7896,1,1421420280.000,1,1,0,双开,S,3766.4000,3766.0000,3765.8000,3760.0000,3758.0000,3766.6000,3767.6000,3767.8000,3768.6000,3770.4000,1,3,1,7,1,1,1,1,2,1
SF,IF2007,2020-05-27 10:28:05.200,3766.6000,7897,1,1422550260.000,1,1,0,双开,S,3766.8000,3766.0000,3765.8000,3760.0000,3758.0000,3767.6000,3767.8000,3768.6000,3770.4000,3772.2000,1,3,1,7,1,1,1,2,1,1
SF,IF2007,2020-05-27 10:28:05.700,3766.6000,7897,0,1422550260.000,0,-,-,-,-,3766.0000,3765.8000,3760.0000,3758.0000,3755.0000,3767.6000,3767.8000,3768.6000,3770.4000,3772.2000,3,1,7,1,1,1,1,2,1,1
SF,IF2007,2020-05-27 10:28:06.200,3766.6000,7897,0,1422550260.000,0,-,-,-,-,3766.4000,3766.2000,3766.0000,3765.8000,3760.0000,3767.6000,3767.8000,3768.6000,3770.4000,3772.2000,2,2,3,1,7,1,1,2,1,1
SF,IF2007,2020-05-27 10:28:07.200,3766.6000,7897,0,1422550260.000,0,-,-,-,-,3766.6000,3766.2000,3766.0000,3765.8000,3760.0000,3767.6000,3767.8000,3768.6000,3770.4000,3772.2000,2,2,3,1,7,1,1,2,1,1
SF,IF2007,2020-05-27 10:28:09.700,3766.6000,7897,0,1422550260.000,0,-,-,-,-,3766.6000,3766.2000,3766.0000,3765.8000,3760.0000,3767.6000,3767.8000,3768.6000,3770.4000,3772.2000,2,1,3,1,7,1,1,2,1,1
SF,IF2007,2020-05-27 10:28:11.700,3766.6000,7897,0,1422550260.000,0,-,-,-,-,3766.8000,3766.6000,3766.2000,3766.0000,3765.8000,3767.6000,3767.8000,3768.6000,3770.4000,3772.2000,1,2,1,3,1,1,1,2,1,1
SF,IF2007,2020-05-27 10:28:12.200,3767.8000,7897,0,1424810880.000,2,1,1,多换,S,3766.8000,3766.2000,3766.0000,3765.8000,3760.0000,3768.6000,3770.4000,3772.2000,3772.6000,3773.2000,1,1,3,1,7,2,1,1,1,1
SF,IF2007,2020-05-27 10:28:12.700,3767.8000,7897,0,1424810880.000,0,-,-,-,-,3767.0000,3766.8000,3766.0000,3765.8000,3760.0000,3768.2000,3768.4000,3770.4000,3772.2000,3772.6000,1,1,3,1,7,1,2,1,1,1
SF,IF2007,2020-05-27 10:28:13.200,3767.8000,7897,0,1424810880.000,0,-,-,-,-,3767.2000,3767.0000,3766.8000,3766.0000,3765.8000,3768.2000,3768.4000,3770.4000,3772.2000,3772.6000,1,1,1,3,1,2,2,1,1,1
SF,IF2007,2020-05-27 10:28:14.200,3767.8000,7897,0,1424810880.000,0,-,-,-,-,3767.2000,3767.0000,3766.8000,3766.0000,3765.8000,3768.2000,3768.4000,3770.4000,3772.2000,3772.6000,1,1,1,5,1,2,2,1,1,1
SF,IF2007,2020-05-27 10:28:16.200,3767.2000,7898,1,1425941040.000,1,1,0,双开,S,3767.0000,3766.8000,3766.0000,3765.8000,3760.0000,3768.2000,3768.4000,3770.4000,3772.2000,3772.6000,1,1,5,1,7,2,2,1,1,1
SF,IF2007,2020-05-27 10:28:16.700,3767.2000,7898,0,1425941040.000,0,-,-,-,-,3767.0000,3766.8000,3766.0000,3765.8000,3760.0000,3768.0000,3768.2000,3768.4000,3770.4000,3772.2000,1,1,5,1,7,1,2,1,1,1
SF,IF2007,2020-05-27 10:28:18.700,3767.2000,7898,0,1425941040.000,0,-,-,-,-,3767.0000,3766.8000,3766.0000,3765.8000,3760.0000,3768.0000,3768.2000,3770.4000,3772.2000,3772.6000,1,1,5,1,7,1,2,1,1,1
SF,IF2007,2020-05-27 10:28:19.200,3767.2000,7898,0,1425941040.000,0,-,-,-,-,3767.2000,3767.0000,3766.8000,3766.0000,3765.8000,3768.2000,3770.4000,3772.2000,3772.6000,3773.2000,1,1,1,5,1,2,1,1,1,1
SF,IF2007,2020-05-27 10:28:19.700,3767.2000,7898,0,1425941040.000,0,-,-,-,-,3767.4000,3767.2000,3766.0000,3765.8000,3760.0000,3768.2000,3770.4000,3772.2000,3772.6000,3773.2000,1,1,5,1,7,2,1,1,1,1
SF,IF2007,2020-05-27 10:28:20.200,3767.2000,7898,0,1425941040.000,0,-,-,-,-,3767.4000,3767.2000,3766.0000,3765.8000,3760.0000,3768.2000,3770.4000,3772.2000,3772.6000,3773.2000,1,1,5,1,7,1,1,1,1,1
SF,IF2007,2020-05-27 10:28:22.700,3768.2000,7898,0,1427071500.000,1,0,1,多换,S,3767.4000,3767.2000,3766.0000,3765.8000,3760.0000,3770.4000,3772.2000,3772.6000,3773.2000,3774.0000,1,1,5,1,7,1,1,1,1,1
SF,IF2007,2020-05-27 10:28:23.200,3768.2000,7898,0,1427071500.000,0,-,-,-,-,3767.6000,3767.4000,3767.2000,3766.0000,3765.8000,3768.6000,3768.8000,3769.0000,3769.2000,3769.4000,1,1,1,5,1,1,1,1,2,1
SF,IF2007,2020-05-27 10:28:23.700,3768.2000,7898,0,1427071500.000,0,-,-,-,-,3767.6000,3767.4000,3767.2000,3766.0000,3765.8000,3768.6000,3769.0000,3769.2000,3769.4000,3769.6000,1,1,1,5,1,1,1,2,1,2
SF,IF2007,2020-05-27 10:28:25.200,3768.6000,7899,1,1428202080.000,1,1,0,双开,S,3768.0000,3767.6000,3767.4000,3767.2000,3766.0000,3769.0000,3769.2000,3769.4000,3769.6000,3769.8000,1,1,1,1,5,1,2,1,2,1
SF,IF2007,2020-05-27 10:28:25.700,3768.6000,7899,0,1428202080.000,0,-,-,-,-,3768.2000,3768.0000,3767.6000,3767.2000,3766.0000,3769.0000,3769.2000,3769.4000,3770.2000,3772.2000,1,1,1,1,5,1,1,1,7,1
SF,IF2007,2020-05-27 10:28:26.200,3768.6000,7899,0,1428202080.000,0,-,-,-,-,3768.2000,3768.0000,3767.2000,3766.0000,3765.8000,3769.0000,3770.2000,3772.2000,3772.6000,3773.2000,1,1,1,5,1,1,7,1,1,1
SF,IF2007,2020-05-27 10:28:27.200,3768.6000,7899,0,1428202080.000,0,-,-,-,-,3768.2000,3768.0000,3767.2000,3766.0000,3765.8000,3770.2000,3772.2000,3772.6000,3773.2000,3774.0000,1,1,1,5,1,6,1,1,1,1
SF,IF2007,2020-05-27 10:28:27.700,3768.6000,7899,0,1428202080.000,0,-,-,-,-,3768.2000,3768.0000,3767.2000,3766.0000,3765.8000,3769.2000,3769.4000,3769.6000,3769.8000,3770.2000,1,1,1,5,1,1,3,1,4,6
SF,IF2007,2020-05-27 10:28:28.200,3768.6000,7899,0,1428202080.000,0,-,-,-,-,3768.2000,3768.0000,3767.2000,3766.0000,3765.8000,3769.0000,3769.4000,3769.6000,3769.8000,3770.2000,1,1,1,5,1,2,3,1,2,4
SF,IF2007,2020-05-27 10:28:28.700,3768.6000,7899,0,1428202080.000,0,-,-,-,-,3768.2000,3768.0000,3767.2000,3766.0000,3765.8000,3768.8000,3769.0000,3769.4000,3769.6000,3769.8000,1,1,1,5,1,1,2,3,1,2
SF,IF2007,2020-05-27 10:28:29.200,3768.6000,7899,0,1428202080.000,0,-,-,-,-,3768.0000,3767.2000,3766.0000,3765.8000,3760.0000,3768.8000,3769.0000,3769.4000,3769.6000,3769.8000,1,1,5,1,7,1,2,3,1,2
SF,IF2007,2020-05-27 10:28:30.200,3768.6000,7899,0,1428202080.000,0,-,-,-,-,3768.0000,3767.2000,3766.0000,3765.8000,3760.0000,3768.8000,3769.0000,3769.4000,3769.6000,3769.8000,1,1,5,1,7,1,1,2,1,2
SF,IF2007,2020-05-27 10:28:30.700,3768.8000,7899,0,1429332720.000,1,0,1,多换,S,3768.0000,3767.2000,3766.0000,3765.8000,3760.0000,3769.0000,3769.4000,3769.6000,3769.8000,3770.2000,1,1,5,1,7,1,2,1,2,4
SF,IF2007,2020-05-27 10:28:31.200,3768.8000,7899,0,1429332720.000,0,-,-,-,-,3768.2000,3768.0000,3767.2000,3766.0000,3765.8000,3769.0000,3769.2000,3769.4000,3769.6000,3770.2000,1,1,1,5,1,1,1,2,1,4
SF,IF2007,2020-05-27 10:28:33.200,3768.8000,7899,0,1429332720.000,0,-,-,-,-,3768.2000,3767.2000,3766.0000,3765.8000,3760.0000,3769.0000,3769.2000,3769.4000,3769.6000,3770.2000,1,1,5,1,7,1,1,2,1,4
SF,IF2007,2020-05-27 10:28:33.700,3768.2000,7900,1,1430463180.000,1,1,0,双开,S,3767.2000,3766.0000,3765.8000,3760.0000,3758.0000,3769.0000,3769.2000,3769.4000,3769.6000,3770.2000,1,5,1,7,1,1,1,1,1,4
SF,IF2007,2020-05-27 10:28:34.200,3768.2000,7900,0,1430463180.000,0,-,-,-,-,3767.6000,3767.4000,3767.2000,3766.0000,3765.8000,3768.8000,3769.0000,3769.2000,3769.4000,3769.6000,1,1,1,5,1,1,1,1,1,1
SF,IF2007,2020-05-27 10:28:34.700,3768.2000,7900,0,1430463180.000,0,-,-,-,-,3767.6000,3767.4000,3767.2000,3766.0000,3765.8000,3768.6000,3768.8000,3769.2000,3769.4000,3769.6000,1,1,1,5,1,1,1,1,1,1
SF,IF2007,2020-05-27 10:28:35.200,3768.2000,7900,0,1430463180.000,0,-,-,-,-,3767.8000,3767.6000,3767.2000,3766.0000,3765.8000,3768.6000,3768.8000,3769.2000,3769.4000,3769.6000,1,1,1,5,1,1,1,1,1,1
SF,IF2007,2020-05-27 10:28:35.700,3768.6000,7900,0,1431593760.000,1,0,1,多换,S,3767.8000,3767.6000,3767.2000,3766.0000,3765.8000,3768.8000,3769.2000,3769.4000,3769.6000,3770.2000,1,1,1,5,1,1,1,1,1,4
SF,IF2007,2020-05-27 10:28:36.200,3768.6000,7900,0,1431593760.000,0,-,-,-,-,3767.8000,3767.6000,3767.2000,3766.0000,3765.8000,3769.2000,3769.4000,3769.6000,3770.2000,3772.2000,1,1,1,5,1,1,1,1,4,1
SF,IF2007,2020-05-27 10:28:36.700,3768.6000,7900,0,1431593760.000,0,-,-,-,-,3768.0000,3767.8000,3767.2000,3766.0000,3765.8000,3769.0000,3769.2000,3769.4000,3769.6000,3770.2000,2,1,1,5,1,2,1,1,1,4
SF,IF2007,2020-05-27 10:28:37.200,3768.6000,7900,0,1431593760.000,0,-,-,-,-,3768.2000,3768.0000,3767.2000,3766.0000,3765.8000,3769.0000,3769.2000,3769.4000,3769.6000,3770.2000,1,2,1,5,1,1,1,1,1,4
SF,IF2007,2020-05-27 10:28:37.700,3768.6000,7900,0,1431593760.000,0,-,-,-,-,3768.2000,3768.0000,3767.2000,3766.0000,3765.8000,3769.2000,3770.2000,3772.2000,3772.6000,3773.2000,1,2,1,5,1,1,4,1,1,1
SF,IF2007,2020-05-27 10:28:39.200,3768.6000,7900,0,1431593760.000,0,-,-,-,-,3768.2000,3768.0000,3767.2000,3766.0000,3765.8000,3769.8000,3770.2000,3772.2000,3772.6000,3773.2000,1,2,1,5,1,1,4,1,1,1
SF,IF2007,2020-05-27 10:28:39.700,3768.6000,7900,0,1431593760.000,0,-,-,-,-,3768.2000,3768.0000,3767.2000,3766.0000,3765.8000,3769.6000,3769.8000,3770.2000,3772.2000,3772.6000,1,2,1,5,1,3,1,4,1,1
SF,IF2007,2020-05-27 10:28:40.200,3768.6000,7900,0,1431593760.000,0,-,-,-,-,3768.2000,3768.0000,3767.2000,3766.0000,3765.8000,3769.6000,3769.8000,3770.2000,3772.2000,3772.6000,1,2,1,5,1,3,1,4,1,1
SF,IF2007,2020-05-27 10:28:42.200,3768.6000,7900,0,1431593760.000,0,-,-,-,-,3768.2000,3768.0000,3767.2000,3766.0000,3765.8000,3769.4000,3769.6000,3769.8000,3770.2000,3772.2000,1,2,1,5,1,1,3,1,3,1
SF,IF2007,2020-05-27 10:28:42.700,3768.6000,7900,0,1431593760.000,0,-,-,-,-,3768.2000,3768.0000,3767.2000,3766.0000,3765.8000,3769.2000,3769.6000,3769.8000,3770.2000,3772.2000,1,2,1,5,1,1,2,1,3,1
SF,IF2007,2020-05-27 10:28:43.700,3768.6000,7900,0,1431593760.000,0,-,-,-,-,3768.2000,3768.0000,3767.2000,3766.0000,3765.8000,3769.2000,3769.6000,3769.8000,3770.2000,3772.2000,1,2,1,5,1,1,1,1,3,1
SF,IF2007,2020-05-27 10:28:44.700,3768.6000,7900,0,1431593760.000,0,-,-,-,-,3768.2000,3768.0000,3767.2000,3766.0000,3765.8000,3769.2000,3769.6000,3769.8000,3770.2000,3772.2000,1,1,1,5,1,1,1,1,3,1
SF,IF2007,2020-05-27 10:28:45.200,3768.6000,7900,0,1431593760.000,0,-,-,-,-,3768.0000,3767.2000,3766.0000,3765.8000,3760.0000,3769.2000,3769.6000,3769.8000,3770.2000,3772.2000,1,1,5,1,7,1,1,1,3,1
SF,IF2007,2020-05-27 10:28:45.700,3768.6000,7900,0,1431593760.000,0,-,-,-,-,3768.2000,3768.0000,3767.2000,3766.0000,3765.8000,3769.2000,3769.6000,3769.8000,3770.2000,3772.2000,2,1,1,5,1,1,1,1,3,1
SF,IF2007,2020-05-27 10:28:46.200,3768.6000,7900,0,1431593760.000,0,-,-,-,-,3768.2000,3768.0000,3767.2000,3766.0000,3765.8000,3769.2000,3769.6000,3769.8000,3770.2000,3772.2000,1,1,1,5,1,1,1,1,3,1
SF,IF2007,2020-05-27 10:28:50.700,3768.6000,7900,0,1431593760.000,0,-,-,-,-,3768.2000,3768.0000,3766.0000,3765.8000,3760.0000,3769.2000,3769.6000,3769.8000,3770.2000,3772.2000,1,1,5,1,7,1,1,1,3,1
SF,IF2007,2020-05-27 10:29:02.200,3768.6000,7900,0,1431593760.000,0,-,-,-,-,3768.2000,3768.0000,3766.0000,3765.8000,3760.0000,3768.6000,3769.2000,3769.6000,3770.2000,3772.2000,1,1,5,1,7,1,1,1,3,1
SF,IF2007,2020-05-27 10:29:02.700,3768.6000,7900,0,1431593760.000,0,-,-,-,-,3768.0000,3766.0000,3765.8000,3760.0000,3758.0000,3768.6000,3769.0000,3769.2000,3769.6000,3770.2000,1,5,1,7,1,1,1,1,1,3
SF,IF2007,2020-05-27 10:29:03.200,3768.6000,7900,0,1431593760.000,0,-,-,-,-,3766.0000,3765.8000,3760.0000,3758.0000,3751.6000,3768.6000,3769.0000,3769.2000,3769.6000,3770.2000,5,1,7,1,1,1,1,1,1,3
SF,IF2007,2020-05-27 10:29:03.700,3768.6000,7900,0,1431593760.000,0,-,-,-,-,3767.4000,3766.6000,3766.4000,3766.2000,3766.0000,3768.4000,3768.6000,3769.0000,3769.6000,3770.2000,1,3,1,4,5,1,1,1,1,3
SF,IF2007,2020-05-27 10:29:07.200,3768.6000,7900,0,1431593760.000,0,-,-,-,-,3768.2000,3767.4000,3766.6000,3766.4000,3766.2000,3768.4000,3768.6000,3769.0000,3769.6000,3770.2000,5,1,3,1,4,1,1,1,1,3
SF,IF2007,2020-05-27 10:29:07.700,3768.6000,7900,0,1431593760.000,0,-,-,-,-,3768.2000,3767.4000,3766.6000,3766.4000,3766.2000,3768.6000,3769.0000,3769.6000,3770.2000,3772.2000,5,1,3,1,4,1,1,1,3,1
SF,IF2007,2020-05-27 10:29:10.200,3768.6000,7900,0,1431593760.000,0,-,-,-,-,3768.2000,3766.6000,3766.4000,3766.2000,3766.0000,3768.6000,3769.0000,3769.6000,3770.2000,3772.2000,5,3,1,4,5,1,1,1,3,1
SF,IF2007,2020-05-27 10:29:11.200,3768.6000,7900,0,1431593760.000,0,-,-,-,-,3768.2000,3766.6000,3766.4000,3766.2000,3766.0000,3768.6000,3769.6000,3770.2000,3772.2000,3772.6000,5,3,1,4,5,1,1,3,1,1
SF,IF2007,2020-05-27 10:29:12.200,3768.6000,7900,0,1431593760.000,0,-,-,-,-,3768.2000,3766.6000,3766.4000,3766.2000,3766.0000,3768.6000,3769.6000,3770.2000,3772.2000,3772.6000,5,3,1,4,5,1,1,3,1,1
SF,IF2007,2020-05-27 10:29:14.200,3768.2000,7900,0,1433854680.000,2,1,1,多换,S,3768.2000,3766.6000,3766.4000,3766.2000,3766.0000,3768.6000,3769.6000,3770.2000,3772.2000,3772.6000,3,3,1,4,5,1,1,3,1,1
SF,IF2007,2020-05-27 10:29:14.700,3768.2000,7900,0,1436115600.000,2,1,1,多换,S,3768.2000,3766.6000,3766.4000,3766.2000,3766.0000,3768.6000,3769.6000,3770.2000,3772.2000,3772.6000,1,3,1,4,5,1,1,3,1,1
SF,IF2007,2020-05-27 10:29:15.200,3768.2000,7901,1,1437246060.000,1,1,0,双开,S,3766.6000,3766.4000,3766.2000,3766.0000,3765.8000,3768.2000,3768.6000,3769.6000,3770.2000,3772.2000,3,1,4,5,1,1,1,1,3,1
SF,IF2007,2020-05-27 10:29:15.700,3768.2000,7901,0,1437246060.000,0,-,-,-,-,3767.2000,3767.0000,3766.8000,3766.6000,3766.4000,3768.0000,3768.6000,3769.6000,3770.2000,3772.2000,1,1,1,2,1,1,1,1,3,1
SF,IF2007,2020-05-27 10:29:16.200,3768.2000,7901,0,1437246060.000,0,-,-,-,-,3768.2000,3767.2000,3766.8000,3766.6000,3766.4000,3768.6000,3769.6000,3770.2000,3772.2000,3772.6000,5,1,1,2,1,1,1,3,1,1
SF,IF2007,2020-05-27 10:29:16.700,3768.2000,7905,4,1442898360.000,5,4,1,空开,S,3767.2000,3766.8000,3766.6000,3766.4000,3766.2000,3767.8000,3768.2000,3768.4000,3768.6000,3770.2000,1,1,2,1,3,1,1,1,1,3
SF,IF2007,2020-05-27 10:29:17.200,3768.2000,7905,0,1442898360.000,0,-,-,-,-,3767.2000,3766.8000,3766.6000,3766.2000,3766.0000,3767.8000,3768.4000,3768.6000,3770.2000,3772.2000,1,1,1,3,5,1,1,1,3,1
SF,IF2007,2020-05-27 10:29:18.200,3768.2000,7905,0,1442898360.000,0,-,-,-,-,3767.2000,3766.8000,3766.2000,3766.0000,3765.8000,3767.8000,3768.2000,3768.4000,3768.6000,3770.2000,1,1,3,5,1,1,1,1,1,3
SF,IF2007,2020-05-27 10:29:19.700,3768.2000,7905,0,1442898360.000,0,-,-,-,-,3766.8000,3766.2000,3766.0000,3765.8000,3760.0000,3767.4000,3767.8000,3768.2000,3768.4000,3770.2000,1,3,5,1,7,1,1,1,1,3
SF,IF2007,2020-05-27 10:29:20.200,3768.2000,7905,0,1442898360.000,0,-,-,-,-,3766.8000,3766.2000,3766.0000,3765.8000,3760.0000,3767.2000,3767.4000,3768.2000,3768.4000,3770.2000,1,3,5,1,7,1,1,1,1,3
SF,IF2007,2020-05-27 10:29:20.700,3767.2000,7905,0,1444028520.000,1,0,1,多换,S,3766.8000,3766.2000,3766.0000,3765.8000,3760.0000,3767.4000,3768.2000,3768.4000,3770.2000,3772.2000,1,3,5,1,7,1,1,1,3,1
SF,IF2007,2020-05-27 10:29:23.200,3767.4000,7906,1,1445158740.000,1,1,0,双开,S,3766.8000,3766.2000,3766.0000,3765.8000,3760.0000,3768.2000,3768.4000,3770.2000,3772.2000,3772.6000,1,3,5,1,7,1,1,3,1,1
SF,IF2007,2020-05-27 10:29:23.700,3767.4000,7906,0,1445158740.000,0,-,-,-,-,3767.0000,3766.8000,3766.2000,3766.0000,3765.8000,3768.0000,3768.2000,3770.2000,3772.2000,3772.6000,5,1,3,5,1,2,1,3,1,1
SF,IF2007,2020-05-27 10:29:24.200,3767.4000,7906,0,1445158740.000,0,-,-,-,-,3767.0000,3766.8000,3766.2000,3766.0000,3765.8000,3767.6000,3768.0000,3768.2000,3770.2000,3772.2000,5,1,3,5,1,1,2,1,3,1
SF,IF2007,2020-05-27 10:29:25.700,3767.4000,7906,0,1445158740.000,0,-,-,-,-,3767.0000,3766.8000,3766.2000,3766.0000,3765.8000,3767.6000,3768.0000,3768.2000,3770.2000,3772.2000,5,1,1,5,1,1,2,1,3,1
SF,IF2007,2020-05-27 10:29:26.700,3767.4000,7906,0,1445158740.000,0,-,-,-,-,3767.0000,3766.8000,3766.2000,3766.0000,3765.8000,3767.6000,3768.0000,3768.2000,3770.2000,3772.2000,5,1,1,5,1,1,1,1,3,1
SF,IF2007,2020-05-27 10:29:27.200,3767.6000,7906,0,1446289020.000,1,0,1,多换,S,3767.0000,3766.8000,3766.2000,3766.0000,3765.8000,3768.0000,3768.2000,3770.2000,3772.2000,3772.6000,5,1,1,5,1,1,1,3,1,1
SF,IF2007,2020-05-27 10:29:27.700,3767.6000,7906,0,1446289020.000,0,-,-,-,-,3767.0000,3766.8000,3766.2000,3766.0000,3765.8000,3767.6000,3768.0000,3768.2000,3770.2000,3772.2000,5,1,1,5,1,1,1,1,3,1
SF,IF2007,2020-05-27 10:29:28.200,3767.6000,7906,0,1447419300.000,1,0,1,多换,S,3767.6000,3767.2000,3767.0000,3766.2000,3766.0000,3770.2000,3772.2000,3772.6000,3773.2000,3774.0000,1,2,5,1,5,3,1,1,1,1
SF,IF2007,2020-05-27 10:29:28.700,3767.6000,7906,0,1447419300.000,0,-,-,-,-,3767.8000,3767.0000,3766.2000,3766.0000,3765.8000,3768.2000,3768.4000,3769.0000,3769.2000,3769.4000,2,5,1,5,1,1,1,1,1,2
SF,IF2007,2020-05-27 10:29:29.200,3767.6000,7906,0,1447419300.000,0,-,-,-,-,3767.8000,3767.0000,3766.2000,3766.0000,3765.8000,3768.2000,3769.0000,3769.2000,3769.4000,3769.6000,1,5,1,5,1,2,1,1,2,1
SF,IF2007,2020-05-27 10:29:29.700,3767.6000,7906,0,1447419300.000,0,-,-,-,-,3767.0000,3766.2000,3766.0000,3765.8000,3760.0000,3768.2000,3769.0000,3769.2000,3769.4000,3769.6000,5,1,5,1,7,2,1,1,2,1
SF,IF2007,2020-05-27 10:29:30.200,3767.6000,7906,0,1447419300.000,0,-,-,-,-,3767.2000,3767.0000,3766.2000,3766.0000,3765.8000,3768.2000,3769.0000,3769.2000,3769.4000,3769.6000,2,5,1,5,1,2,1,1,2,1
SF,IF2007,2020-05-27 10:29:30.700,3767.6000,7906,0,1447419300.000,0,-,-,-,-,3767.2000,3767.0000,3766.2000,3766.0000,3765.8000,3767.8000,3768.0000,3768.2000,3769.0000,3769.2000,1,5,1,5,1,1,1,2,1,1
SF,IF2007,2020-05-27 10:29:31.200,3767.6000,7906,0,1447419300.000,0,-,-,-,-,3767.2000,3767.0000,3766.2000,3766.0000,3765.8000,3768.0000,3768.2000,3769.0000,3769.2000,3769.4000,1,5,1,5,1,1,2,1,1,2
SF,IF2007,2020-05-27 10:29:32.200,3767.6000,7906,0,1447419300.000,0,-,-,-,-,3767.2000,3767.0000,3766.2000,3766.0000,3765.8000,3767.8000,3768.0000,3768.2000,3769.0000,3769.2000,1,5,1,5,1,1,1,2,1,1
SF,IF2007,2020-05-27 10:29:32.700,3767.8000,7905,-1,1448549640.000,1,0,1,双平,S,3767.2000,3767.0000,3766.2000,3766.0000,3765.8000,3768.0000,3768.2000,3769.0000,3769.2000,3769.4000,1,5,1,5,1,1,2,1,1,2
SF,IF2007,2020-05-27 10:29:35.700,3767.8000,7905,0,1448549640.000,0,-,-,-,-,3767.2000,3767.0000,3766.2000,3766.0000,3765.8000,3767.8000,3768.0000,3768.2000,3769.2000,3769.4000,1,5,1,5,1,1,1,2,1,2
SF,IF2007,2020-05-27 10:29:39.200,3767.2000,7905,0,1449679800.000,1,0,1,多换,S,3767.0000,3766.2000,3766.0000,3765.8000,3760.0000,3767.8000,3768.0000,3768.2000,3769.2000,3769.4000,5,1,5,1,7,1,1,2,1,2
SF,IF2007,2020-05-27 10:29:40.200,3767.2000,7905,0,1449679800.000,0,-,-,-,-,3767.0000,3766.2000,3766.0000,3765.8000,3760.0000,3767.8000,3768.0000,3768.2000,3769.0000,3769.2000,5,1,5,1,7,1,1,2,1,1
SF,IF2007,2020-05-27 10:29:42.200,3767.2000,7905,0,1449679800.000,0,-,-,-,-,3767.0000,3766.2000,3766.0000,3765.8000,3760.0000,3767.8000,3768.0000,3768.2000,3769.0000,3769.2000,5,1,5,1,7,1,1,2,1,1
SF,IF2007,2020-05-27 10:29:43.200,3767.0000,7906,1,1450809900.000,1,1,0,双开,S,3767.0000,3766.2000,3766.0000,3765.8000,3760.0000,3767.8000,3768.0000,3768.2000,3769.0000,3769.2000,4,1,5,1,7,1,1,2,1,1
SF,IF2007,2020-05-27 10:29:53.200,3767.8000,7906,0,1451940240.000,1,0,1,多换,S,3767.0000,3766.2000,3766.0000,3765.8000,3760.0000,3768.0000,3768.2000,3769.0000,3769.2000,3769.4000,4,1,5,1,7,1,2,1,1,2
SF,IF2007,2020-05-27 10:29:53.700,3767.8000,7906,0,1451940240.000,0,-,-,-,-,3767.2000,3767.0000,3766.2000,3766.0000,3765.8000,3768.2000,3769.0000,3769.2000,3769.4000,3769.6000,1,4,1,5,1,2,1,1,2,1
SF,IF2007,2020-05-27 10:29:58.700,3767.8000,7906,0,1451940240.000,0,-,-,-,-,3767.2000,3767.0000,3766.2000,3766.0000,3765.8000,3768.2000,3769.0000,3769.2000,3769.4000,3769.6000,1,4,1,6,1,2,1,1,2,1
SF,IF2007,2020-05-27 10:29:59.200,3767.8000,7906,0,1451940240.000,0,-,-,-,-,3767.0000,3766.2000,3766.0000,3765.8000,3760.0000,3767.6000,3767.8000,3768.0000,3768.2000,3769.0000,4,1,6,1,7,1,1,5,2,1
SF,IF2007,2020-05-27 10:29:59.700,3767.8000,7906,0,1451940240.000,0,-,-,-,-,3767.0000,3766.2000,3766.0000,3765.8000,3760.0000,3767.8000,3768.0000,3768.2000,3769.0000,3769.2000,4,1,6,1,7,1,4,2,1,1
SF,IF2007,2020-05-27 10:30:00.200,3767.8000,7906,0,1451940240.000,0,-,-,-,-,3767.0000,3766.2000,3766.0000,3765.8000,3760.0000,3767.8000,3768.0000,3768.2000,3769.0000,3769.2000,4,1,6,1,7,1,4,2,1,1
SF,IF2007,2020-05-27 10:30:01.200,3767.8000,7906,0,1451940240.000,0,-,-,-,-,3767.0000,3766.2000,3766.0000,3765.8000,3760.0000,3767.2000,3767.6000,3767.8000,3768.0000,3768.2000,4,1,6,1,7,1,1,1,4,1
SF,IF2007,2020-05-27 10:30:01.700,3767.0000,7906,0,1456460640.000,4,2,2,多换,S,3766.2000,3766.0000,3765.8000,3760.0000,3758.0000,3767.2000,3767.6000,3767.8000,3768.0000,3768.2000,1,6,1,7,1,1,1,1,3,1
SF,IF2007,2020-05-27 10:30:02.200,3767.0000,7906,0,1456460640.000,0,-,-,-,-,3766.0000,3765.8000,3760.0000,3758.0000,3755.0000,3767.2000,3767.6000,3767.8000,3768.0000,3768.2000,6,1,7,1,1,1,1,1,3,1
SF,IF2007,2020-05-27 10:30:02.700,3767.0000,7906,0,1456460640.000,0,-,-,-,-,3766.2000,3766.0000,3765.8000,3760.0000,3758.0000,3767.0000,3767.2000,3767.6000,3767.8000,3768.0000,1,6,1,7,1,1,1,1,1,2
SF,IF2007,2020-05-27 10:30:03.200,3767.0000,7906,0,1456460640.000,0,-,-,-,-,3766.0000,3765.8000,3760.0000,3758.0000,3755.0000,3767.0000,3767.2000,3767.6000,3767.8000,3768.0000,6,1,7,1,1,1,1,1,1,2
SF,IF2007,2020-05-27 10:30:03.700,3767.0000,7906,0,1456460640.000,0,-,-,-,-,3766.0000,3765.8000,3760.0000,3758.0000,3755.0000,3767.0000,3767.2000,3767.6000,3767.8000,3768.0000,6,1,7,1,1,1,1,1,1,2
SF,IF2007,2020-05-27 10:30:04.200,3767.0000,7906,0,1456460640.000,0,-,-,-,-,3766.0000,3765.8000,3760.0000,3758.0000,3755.0000,3767.0000,3767.2000,3767.6000,3767.8000,3768.0000,6,1,7,1,1,1,1,1,1,2
SF,IF2007,2020-05-27 10:30:05.200,3767.0000,7906,0,1456460640.000,0,-,-,-,-,3766.2000,3766.0000,3765.8000,3760.0000,3758.0000,3767.0000,3767.2000,3767.6000,3767.8000,3768.0000,1,6,1,7,1,1,1,1,1,2
SF,IF2007,2020-05-27 10:30:05.700,3767.0000,7906,0,1456460640.000,0,-,-,-,-,3766.2000,3766.0000,3765.8000,3760.0000,3758.0000,3767.2000,3767.6000,3767.8000,3768.0000,3768.2000,1,6,1,7,1,1,1,1,2,1
SF,IF2007,2020-05-27 10:30:06.200,3767.0000,7906,0,1456460640.000,0,-,-,-,-,3766.4000,3766.2000,3766.0000,3765.8000,3760.0000,3767.2000,3767.6000,3767.8000,3768.0000,3768.2000,6,1,6,1,7,1,1,1,2,1
SF,IF2007,2020-05-27 10:30:06.700,3767.2000,7906,0,1457590800.000,1,0,1,多换,S,3766.4000,3766.2000,3766.0000,3765.8000,3760.0000,3767.6000,3767.8000,3768.0000,3768.2000,3769.2000,6,1,6,1,7,1,1,2,1,1
SF,IF2007,2020-05-27 10:30:07.200,3767.2000,7906,0,1457590800.000,0,-,-,-,-,3766.4000,3766.2000,3766.0000,3765.8000,3760.0000,3767.4000,3767.8000,3768.0000,3768.2000,3769.2000,6,1,6,1,7,1,1,2,1,1
SF,IF2007,2020-05-27 10:30:07.700,3767.2000,7906,0,1457590800.000,0,-,-,-,-,3766.4000,3766.2000,3766.0000,3765.8000,3760.0000,3767.4000,3767.8000,3768.0000,3768.2000,3769.2000,6,1,6,1,7,1,1,1,1,1
SF,IF2007,2020-05-27 10:30:08.700,3767.2000,7906,0,1457590800.000,0,-,-,-,-,3766.6000,3766.4000,3766.0000,3765.8000,3760.0000,3768.0000,3768.2000,3769.2000,3769.4000,3769.6000,1,6,6,1,7,2,1,1,2,1
SF,IF2007,2020-05-27 10:30:09.200,3767.2000,7906,0,1457590800.000,0,-,-,-,-,3766.8000,3766.6000,3766.4000,3766.0000,3765.8000,3767.8000,3768.0000,3768.2000,3769.2000,3769.4000,1,1,5,6,1,1,1,1,1,2
SF,IF2007,2020-05-27 10:30:10.700,3767.2000,7906,0,1457590800.000,0,-,-,-,-,3766.8000,3766.6000,3766.4000,3766.0000,3765.8000,3767.6000,3767.8000,3768.0000,3768.2000,3769.2000,1,1,5,6,1,1,1,1,1,1
SF,IF2007,2020-05-27 10:30:11.200,3767.2000,7906,0,1457590800.000,0,-,-,-,-,3766.8000,3766.6000,3766.4000,3766.0000,3765.8000,3767.8000,3768.0000,3768.2000,3769.2000,3769.4000,1,1,5,6,1,1,1,1,1,2
SF,IF2007,2020-05-27 10:30:19.200,3767.2000,7906,0,1457590800.000,0,-,-,-,-,3767.0000,3766.8000,3766.6000,3766.4000,3766.0000,3767.8000,3768.0000,3768.2000,3769.2000,3769.4000,1,1,1,5,6,1,1,1,1,2
SF,IF2007,2020-05-27 10:30:20.700,3767.8000,7906,0,1458721140.000,1,0,1,多换,S,3767.0000,3766.8000,3766.4000,3766.0000,3765.8000,3768.0000,3768.2000,3769.2000,3769.4000,3769.6000,1,1,5,6,1,1,1,1,2,1
SF,IF2007,2020-05-27 10:30:21.200,3767.8000,7906,0,1458721140.000,0,-,-,-,-,3767.2000,3767.0000,3766.4000,3766.0000,3765.8000,3768.0000,3768.2000,3769.2000,3769.4000,3769.6000,1,1,5,6,1,1,1,1,2,1
SF,IF2007,2020-05-27 10:30:23.700,3768.0000,7906,0,1459851540.000,1,0,1,多换,S,3767.2000,3767.0000,3766.4000,3766.0000,3765.8000,3768.2000,3769.2000,3769.4000,3769.6000,3770.0000,2,1,5,6,1,1,1,2,1,1
SF,IF2007,2020-05-27 10:30:24.200,3768.0000,7906,0,1459851540.000,0,-,-,-,-,3767.4000,3767.2000,3766.4000,3766.0000,3765.8000,3768.2000,3768.4000,3769.2000,3769.4000,3769.6000,1,2,5,6,1,1,1,1,2,1
SF,IF2007,2020-05-27 10:30:24.700,3768.0000,7906,0,1459851540.000,0,-,-,-,-,3767.6000,3767.4000,3767.2000,3766.4000,3766.0000,3768.2000,3768.4000,3769.2000,3769.4000,3769.6000,1,1,1,5,6,1,1,1,2,1
SF,IF2007,2020-05-27 10:30:25.200,3768.4000,7907,1,1462112520.000,2,1,1,空开,S,3767.6000,3767.4000,3767.2000,3766.4000,3766.0000,3769.2000,3769.4000,3769.6000,3770.0000,3770.2000,1,1,1,5,6,1,2,1,1,2
SF,IF2007,2020-05-27 10:30:25.700,3768.4000,7907,0,1462112520.000,0,-,-,-,-,3768.0000,3767.8000,3767.6000,3767.4000,3767.2000,3769.0000,3770.2000,3772.2000,3772.6000,3773.2000,1,2,1,1,1,2,2,1,1,1
SF,IF2007,2020-05-27 10:30:26.200,3768.4000,7907,0,1462112520.000,0,-,-,-,-,3768.2000,3768.0000,3767.8000,3767.4000,3767.2000,3769.0000,3770.2000,3772.2000,3772.6000,3773.2000,1,6,2,1,1,2,2,1,1,1
SF,IF2007,2020-05-27 10:30:27.200,3768.4000,7907,0,1462112520.000,0,-,-,-,-,3768.2000,3768.0000,3767.8000,3767.4000,3767.2000,3769.0000,3770.2000,3772.2000,3772.6000,3773.2000,1,5,2,1,1,1,2,1,1,1
SF,IF2007,2020-05-27 10:30:27.700,3768.4000,7907,0,1462112520.000,0,-,-,-,-,3768.2000,3768.0000,3767.8000,3767.4000,3767.2000,3770.2000,3772.2000,3772.6000,3773.2000,3774.0000,1,5,2,1,1,2,1,1,1,1
SF,IF2007,2020-05-27 10:30:28.200,3768.4000,7907,0,1462112520.000,0,-,-,-,-,3768.2000,3768.0000,3767.8000,3767.4000,3767.2000,3770.0000,3770.2000,3772.2000,3772.6000,3773.2000,1,5,1,1,1,4,2,1,1,1
SF,IF2007,2020-05-27 10:30:28.700,3768.4000,7907,0,1462112520.000,0,-,-,-,-,3768.2000,3768.0000,3767.8000,3767.4000,3767.2000,3769.0000,3769.2000,3769.6000,3769.8000,3770.0000,1,5,1,1,1,1,1,1,1,4
SF,IF2007,2020-05-27 10:30:29.200,3768.4000,7907,0,1462112520.000,0,-,-,-,-,3768.2000,3768.0000,3767.8000,3767.2000,3766.4000,3769.0000,3769.6000,3769.8000,3770.0000,3770.2000,1,5,1,1,5,1,1,1,4,2
SF,IF2007,2020-05-27 10:30:34.200,3768.4000,7907,0,1462112520.000,0,-,-,-,-,3768.2000,3768.0000,3767.8000,3767.2000,3766.4000,3769.0000,3769.8000,3770.0000,3770.2000,3772.2000,1,5,1,1,5,1,1,4,2,1
SF,IF2007,2020-05-27 10:30:41.200,3768.4000,7907,0,1462112520.000,0,-,-,-,-,3768.2000,3768.0000,3767.8000,3767.2000,3766.8000,3769.0000,3769.8000,3770.0000,3770.2000,3772.2000,1,5,1,1,1,1,1,4,2,1
SF,IF2007,2020-05-27 10:30:43.200,3768.4000,7907,0,1462112520.000,0,-,-,-,-,3768.2000,3768.0000,3767.8000,3767.2000,3766.8000,3769.0000,3769.8000,3770.0000,3770.2000,3772.2000,1,5,1,1,1,1,1,4,2,1
SF,IF2007,2020-05-27 10:30:45.700,3768.4000,7907,0,1462112520.000,0,-,-,-,-,3768.2000,3768.0000,3767.8000,3767.2000,3766.8000,3768.8000,3769.0000,3769.8000,3770.0000,3770.2000,1,5,1,1,1,1,1,1,3,2
SF,IF2007,2020-05-27 10:30:46.700,3768.4000,7907,0,1462112520.000,0,-,-,-,-,3768.2000,3768.0000,3767.2000,3766.8000,3766.4000,3768.8000,3769.0000,3769.8000,3770.0000,3770.2000,1,5,1,1,5,1,1,1,3,2
SF,IF2007,2020-05-27 10:30:47.200,3768.4000,7907,0,1462112520.000,0,-,-,-,-,3768.0000,3767.2000,3766.8000,3766.4000,3766.0000,3768.6000,3768.8000,3769.0000,3769.8000,3770.0000,5,1,1,5,6,1,1,1,1,3
SF,IF2007,2020-05-27 10:30:47.700,3768.4000,7907,0,1462112520.000,0,-,-,-,-,3768.0000,3767.2000,3766.8000,3766.4000,3766.0000,3768.8000,3769.0000,3769.8000,3770.0000,3770.2000,5,1,1,5,6,1,1,1,3,2
SF,IF2007,2020-05-27 10:30:50.200,3768.4000,7907,0,1462112520.000,0,-,-,-,-,3768.0000,3767.2000,3766.8000,3766.4000,3766.0000,3768.6000,3768.8000,3769.0000,3769.8000,3770.0000,5,1,1,5,6,1,1,1,1,2
SF,IF2007,2020-05-27 10:30:50.700,3768.4000,7907,0,1462112520.000,0,-,-,-,-,3768.0000,3767.2000,3766.8000,3766.4000,3766.0000,3768.2000,3768.4000,3768.6000,3769.0000,3769.8000,5,1,1,5,6,1,1,1,1,1
SF,IF2007,2020-05-27 10:30:51.200,3768.4000,7907,0,1462112520.000,0,-,-,-,-,3768.0000,3767.2000,3766.8000,3766.4000,3766.0000,3768.2000,3768.4000,3768.6000,3769.0000,3770.0000,5,1,1,5,6,1,1,1,1,2
SF,IF2007,2020-05-27 10:30:53.200,3768.0000,7908,1,1463242920.000,1,1,0,双开,S,3768.0000,3767.2000,3766.8000,3766.4000,3766.0000,3768.2000,3768.4000,3768.6000,3769.0000,3770.0000,4,1,1,5,6,1,1,1,1,2
SF,IF2007,2020-05-27 10:30:53.700,3768.0000,7910,2,1465503720.000,2,2,0,双开,S,3768.0000,3767.2000,3766.8000,3766.4000,3766.0000,3768.2000,3768.4000,3768.6000,3769.0000,3770.0000,2,1,1,5,6,1,1,1,1,2
SF,IF2007,2020-05-27 10:30:54.200,3768.2000,7911,1,1466634180.000,1,1,0,双开,S,3768.0000,3767.2000,3766.8000,3766.4000,3766.0000,3769.0000,3770.0000,3770.2000,3772.2000,3772.6000,2,1,1,5,6,1,2,2,1,1
SF,IF2007,2020-05-27 10:30:54.700,3768.2000,7911,0,1466634180.000,0,-,-,-,-,3768.0000,3767.2000,3766.8000,3766.4000,3766.0000,3768.8000,3769.0000,3770.0000,3770.2000,3772.2000,2,1,1,5,6,2,1,2,2,1
SF,IF2007,2020-05-27 10:30:56.700,3768.2000,7911,0,1466634180.000,0,-,-,-,-,3768.0000,3767.2000,3766.8000,3766.4000,3766.0000,3768.8000,3769.0000,3770.0000,3770.2000,3772.2000,2,1,1,5,6,1,1,2,2,1
SF,IF2007,2020-05-27 10:30:57.700,3768.2000,7911,0,1466634180.000,0,-,-,-,-,3768.0000,3767.2000,3766.8000,3766.4000,3766.0000,3769.0000,3770.0000,3770.2000,3772.2000,3772.6000,2,1,1,5,6,1,2,2,1,1
SF,IF2007,2020-05-27 10:30:58.200,3768.2000,7911,0,1466634180.000,0,-,-,-,-,3768.2000,3768.0000,3767.2000,3766.8000,3766.4000,3769.0000,3770.0000,3770.2000,3772.2000,3772.6000,1,2,1,1,5,1,2,2,1,1
SF,IF2007,2020-05-27 10:31:00.200,3768.2000,7911,0,1466634180.000,0,-,-,-,-,3768.2000,3768.0000,3767.2000,3766.8000,3766.4000,3768.8000,3769.0000,3770.0000,3770.2000,3772.2000,1,2,1,1,5,1,1,2,2,1
SF,IF2007,2020-05-27 10:31:00.700,3768.2000,7911,0,1466634180.000,0,-,-,-,-,3768.2000,3768.0000,3767.2000,3766.8000,3766.4000,3769.0000,3770.0000,3770.2000,3772.2000,3772.6000,1,2,1,1,5,1,2,2,1,1
SF,IF2007,2020-05-27 10:31:01.700,3768.2000,7911,0,1466634180.000,0,-,-,-,-,3768.2000,3768.0000,3767.2000,3766.8000,3766.4000,3768.8000,3769.0000,3770.0000,3770.2000,3772.2000,1,2,1,1,5,2,1,2,2,1
SF,IF2007,2020-05-27 10:31:05.700,3768.2000,7911,0,1466634180.000,0,-,-,-,-,3768.2000,3768.0000,3767.2000,3766.8000,3766.4000,3768.8000,3769.0000,3770.0000,3770.2000,3772.2000,1,2,1,1,5,1,1,2,2,1
SF,IF2007,2020-05-27 10:31:07.700,3768.2000,7911,0,1466634180.000,0,-,-,-,-,3768.2000,3768.0000,3767.2000,3766.8000,3766.4000,3769.0000,3770.0000,3770.2000,3772.2000,3772.6000,1,2,1,1,5,1,2,2,1,1
SF,IF2007,2020-05-27 10:31:08.200,3768.2000,7911,0,1466634180.000,0,-,-,-,-,3768.2000,3768.0000,3767.2000,3766.8000,3766.4000,3769.0000,3770.0000,3770.2000,3772.2000,3772.6000,1,2,1,1,5,1,2,2,1,1
SF,IF2007,2020-05-27 10:31:09.200,3768.2000,7911,0,1466634180.000,0,-,-,-,-,3768.2000,3768.0000,3767.2000,3766.8000,3766.4000,3768.8000,3769.0000,3770.0000,3770.2000,3772.2000,1,2,1,1,5,1,1,2,2,1
SF,IF2007,2020-05-27 10:31:09.700,3768.2000,7911,0,1466634180.000,0,-,-,-,-,3768.0000,3767.2000,3766.8000,3766.4000,3766.0000,3768.8000,3769.0000,3770.0000,3770.2000,3772.2000,2,1,1,5,6,1,1,2,2,1
SF,IF2007,2020-05-27 10:31:10.200,3768.0000,7911,0,1467764580.000,1,0,1,多换,S,3768.0000,3767.2000,3766.8000,3766.4000,3766.0000,3768.8000,3769.0000,3770.0000,3770.2000,3772.2000,1,1,1,5,6,1,1,2,2,1
SF,IF2007,2020-05-27 10:31:11.200,3768.0000,7911,0,1467764580.000,0,-,-,-,-,3768.0000,3767.2000,3766.8000,3766.4000,3766.0000,3768.6000,3768.8000,3769.0000,3770.0000,3770.2000,1,1,1,5,6,1,1,1,2,2
SF,IF2007,2020-05-27 10:31:11.700,3768.0000,7911,0,1467764580.000,0,-,-,-,-,3768.0000,3767.2000,3766.8000,3766.4000,3766.0000,3768.4000,3768.6000,3769.0000,3770.0000,3770.2000,1,1,1,5,6,1,1,1,2,2
SF,IF2007,2020-05-27 10:31:13.700,3768.0000,7912,1,1468894980.000,1,1,0,双开,S,3767.2000,3766.8000,3766.4000,3766.0000,3765.8000,3768.4000,3768.6000,3769.0000,3770.0000,3770.2000,1,1,5,6,1,1,1,1,2,2
SF,IF2007,2020-05-27 10:31:14.200,3768.0000,7912,0,1468894980.000,0,-,-,-,-,3767.8000,3767.4000,3767.2000,3766.8000,3766.4000,3768.4000,3769.0000,3770.0000,3770.2000,3772.2000,1,3,1,1,5,1,1,2,2,1
SF,IF2007,2020-05-27 10:31:14.700,3768.0000,7912,0,1468894980.000,0,-,-,-,-,3767.4000,3767.2000,3766.8000,3766.4000,3766.0000,3769.0000,3770.0000,3770.2000,3772.2000,3772.6000,3,1,1,5,6,1,2,2,1,1
SF,IF2007,2020-05-27 10:31:15.200,3768.0000,7912,0,1468894980.000,0,-,-,-,-,3767.4000,3767.2000,3766.8000,3766.4000,3766.0000,3767.6000,3768.2000,3768.4000,3768.6000,3768.8000,2,1,1,5,6,1,1,1,4,6
SF,IF2007,2020-05-27 10:31:15.700,3767.4000,7912,0,1470025200.000,1,0,1,多换,S,3767.2000,3766.8000,3766.4000,3766.0000,3765.8000,3767.6000,3768.2000,3768.4000,3768.6000,3768.8000,1,1,5,6,1,1,2,1,2,5
SF,IF2007,2020-05-27 10:31:16.200,3767.4000,7912,0,1470025200.000,0,-,-,-,-,3767.2000,3766.8000,3766.4000,3766.0000,3765.8000,3767.6000,3768.2000,3768.4000,3768.6000,3768.8000,1,1,5,6,1,1,2,1,2,5
SF,IF2007,2020-05-27 10:31:16.700,3767.4000,7912,0,1470025200.000,0,-,-,-,-,3767.2000,3766.8000,3766.4000,3766.0000,3765.8000,3767.6000,3768.2000,3768.4000,3768.6000,3768.8000,1,1,5,6,1,1,2,1,2,5
SF,IF2007,2020-05-27 10:31:19.700,3767.6000,7912,0,1471155480.000,1,0,1,多换,S,3767.2000,3766.8000,3766.4000,3766.0000,3765.8000,3768.2000,3768.4000,3768.6000,3768.8000,3770.2000,1,1,5,6,1,2,1,2,5,2
SF,IF2007,2020-05-27 10:31:20.200,3767.6000,7912,0,1471155480.000,0,-,-,-,-,3767.2000,3766.8000,3766.4000,3766.0000,3765.8000,3768.0000,3768.2000,3768.4000,3768.8000,3770.2000,1,1,5,6,1,1,1,1,3,2
SF,IF2007,2020-05-27 10:31:20.700,3767.6000,7912,0,1471155480.000,0,-,-,-,-,3767.2000,3766.8000,3766.4000,3766.0000,3765.8000,3768.0000,3768.4000,3768.8000,3770.2000,3772.2000,1,1,5,6,1,1,1,3,2,1
SF,IF2007,2020-05-27 10:31:21.200,3767.6000,7912,0,1471155480.000,0,-,-,-,-,3767.2000,3766.8000,3766.4000,3766.0000,3765.8000,3768.0000,3768.4000,3768.8000,3770.2000,3772.2000,2,1,5,6,1,1,1,3,2,1
SF,IF2007,2020-05-27 10:31:21.700,3767.6000,7912,0,1471155480.000,0,-,-,-,-,3767.2000,3766.8000,3766.4000,3766.0000,3765.8000,3768.0000,3768.4000,3768.8000,3770.2000,3772.2000,2,1,5,6,1,2,1,3,2,1
SF,IF2007,2020-05-27 10:31:22.700,3767.6000,7912,0,1471155480.000,0,-,-,-,-,3767.2000,3766.8000,3766.4000,3766.0000,3765.8000,3768.0000,3768.4000,3768.8000,3770.2000,3772.2000,2,1,5,6,1,1,1,3,2,1
SF,IF2007,2020-05-27 10:31:23.200,3767.6000,7912,0,1471155480.000,0,-,-,-,-,3767.2000,3766.8000,3766.4000,3766.0000,3765.8000,3768.0000,3768.4000,3768.8000,3770.2000,3772.2000,1,1,5,6,1,1,1,3,2,1
SF,IF2007,2020-05-27 10:31:28.200,3767.6000,7912,0,1471155480.000,0,-,-,-,-,3767.2000,3766.8000,3766.6000,3766.4000,3766.0000,3768.0000,3768.4000,3768.8000,3770.2000,3772.2000,1,1,1,5,6,1,1,3,2,1
SF,IF2007,2020-05-27 10:31:31.200,3767.6000,7912,0,1471155480.000,0,-,-,-,-,3767.2000,3766.8000,3766.6000,3766.4000,3766.0000,3768.0000,3768.8000,3770.2000,3772.2000,3772.6000,1,1,1,5,6,1,3,2,1,1
SF,IF2007,2020-05-27 10:31:34.200,3768.0000,7912,0,1472285880.000,1,0,1,多换,S,3767.2000,3766.8000,3766.6000,3766.4000,3766.0000,3768.4000,3768.8000,3770.2000,3772.2000,3772.6000,1,1,1,5,6,1,3,2,1,1
SF,IF2007,2020-05-27 10:31:34.700,3768.0000,7912,0,1472285880.000,0,-,-,-,-,3767.4000,3767.2000,3766.8000,3766.6000,3766.4000,3768.4000,3768.8000,3770.2000,3772.2000,3772.6000,1,1,1,1,5,1,3,2,1,1
SF,IF2007,2020-05-27 10:31:35.700,3768.0000,7912,0,1472285880.000,0,-,-,-,-,3767.6000,3767.4000,3767.2000,3766.8000,3766.6000,3768.4000,3768.8000,3770.2000,3772.2000,3772.6000,2,1,1,1,1,1,2,2,1,1
SF,IF2007,2020-05-27 10:31:36.200,3768.4000,7912,0,1473416400.000,1,0,1,多换,S,3767.6000,3767.4000,3767.2000,3766.8000,3766.6000,3768.8000,3770.2000,3772.2000,3772.6000,3773.2000,2,1,1,1,1,2,2,1,1,1
SF,IF2007,2020-05-27 10:31:36.700,3768.4000,7912,0,1473416400.000,0,-,-,-,-,3767.8000,3767.6000,3767.2000,3766.8000,3766.6000,3768.6000,3770.2000,3772.2000,3772.6000,3773.2000,2,2,1,1,1,1,2,1,1,1
SF,IF2007,2020-05-27 10:31:37.200,3768.6000,7913,1,1474546980.000,1,1,0,双开,S,3767.8000,3767.6000,3767.2000,3766.8000,3766.6000,3769.0000,3770.2000,3772.2000,3772.6000,3773.2000,1,2,1,1,1,1,2,1,1,1
SF,IF2007,2020-05-27 10:31:37.700,3768.6000,7913,0,1474546980.000,0,-,-,-,-,3768.0000,3767.8000,3767.6000,3767.2000,3766.8000,3769.0000,3770.2000,3772.2000,3772.6000,3773.2000,2,1,1,1,1,1,2,1,1,1
SF,IF2007,2020-05-27 10:31:42.200,3768.6000,7913,0,1474546980.000,0,-,-,-,-,3768.0000,3767.8000,3767.6000,3767.2000,3766.8000,3769.0000,3770.2000,3772.2000,3772.6000,3773.2000,2,1,1,1,1,1,2,1,1,1
SF,IF2007,2020-05-27 10:31:43.700,3768.6000,7913,0,1474546980.000,0,-,-,-,-,3768.0000,3767.8000,3767.6000,3767.2000,3766.8000,3769.0000,3770.2000,3772.2000,3772.6000,3773.2000,2,1,1,1,1,1,2,1,1,1
SF,IF2007,2020-05-27 10:31:48.700,3768.6000,7913,0,1474546980.000,0,-,-,-,-,3768.0000,3767.8000,3767.6000,3767.2000,3766.8000,3769.0000,3770.2000,3772.2000,3772.6000,3773.2000,1,1,1,1,1,1,2,1,1,1
SF,IF2007,2020-05-27 10:31:49.200,3768.6000,7913,0,1474546980.000,0,-,-,-,-,3768.0000,3767.8000,3767.6000,3767.2000,3766.8000,3769.0000,3770.2000,3772.2000,3772.6000,3773.2000,1,1,1,1,1,1,2,1,1,1
SF,IF2007,2020-05-27 10:31:52.200,3768.6000,7913,0,1474546980.000,0,-,-,-,-,3768.0000,3767.8000,3767.6000,3767.2000,3766.8000,3768.8000,3769.0000,3770.2000,3772.2000,3772.6000,1,1,1,1,1,1,1,2,1,1
SF,IF2007,2020-05-27 10:31:52.700,3768.6000,7913,0,1474546980.000,0,-,-,-,-,3767.8000,3767.6000,3767.2000,3766.8000,3766.6000,3769.0000,3770.2000,3772.2000,3772.6000,3773.2000,1,1,1,1,1,1,2,1,1,1
SF,IF2007,2020-05-27 10:31:53.200,3768.6000,7913,0,1474546980.000,0,-,-,-,-,3767.8000,3767.6000,3767.2000,3766.8000,3766.6000,3768.8000,3769.0000,3770.2000,3772.2000,3772.6000,1,1,1,1,1,1,1,2,1,1
SF,IF2007,2020-05-27 10:31:55.200,3768.6000,7913,0,1474546980.000,0,-,-,-,-,3767.8000,3767.6000,3767.2000,3766.8000,3766.6000,3769.0000,3770.2000,3772.2000,3772.6000,3773.2000,1,1,1,1,1,1,2,1,1,1
SF,IF2007,2020-05-27 10:31:56.200,3767.8000,7914,1,1475677320.000,1,1,0,双开,S,3767.6000,3767.2000,3766.8000,3766.6000,3766.4000,3769.0000,3770.2000,3772.2000,3772.6000,3773.2000,1,1,1,1,5,1,2,1,1,1
SF,IF2007,2020-05-27 10:31:56.700,3767.8000,7914,0,1475677320.000,0,-,-,-,-,3767.8000,3767.6000,3767.2000,3766.8000,3766.6000,3768.8000,3769.0000,3770.2000,3772.2000,3772.6000,1,1,1,1,1,1,1,2,1,1
SF,IF2007,2020-05-27 10:32:04.200,3767.8000,7914,0,1475677320.000,0,-,-,-,-,3767.8000,3767.2000,3766.8000,3766.6000,3766.4000,3768.6000,3768.8000,3769.0000,3770.2000,3772.2000,1,1,1,1,5,1,1,1,2,1
SF,IF2007,2020-05-27 10:32:04.700,3767.8000,7914,0,1475677320.000,0,-,-,-,-,3767.2000,3766.8000,3766.6000,3766.4000,3766.0000,3768.4000,3768.6000,3769.0000,3770.2000,3772.2000,1,1,1,5,6,2,1,1,2,1
SF,IF2007,2020-05-27 10:32:05.200,3767.8000,7914,0,1475677320.000,0,-,-,-,-,3767.4000,3767.2000,3766.8000,3766.6000,3766.4000,3768.4000,3768.6000,3769.0000,3770.2000,3772.2000,3,1,1,1,5,1,1,1,2,1
SF,IF2007,2020-05-27 10:32:05.700,3767.8000,7914,0,1475677320.000,0,-,-,-,-,3767.4000,3767.2000,3766.8000,3766.6000,3766.4000,3767.8000,3768.4000,3768.6000,3770.2000,3772.2000,1,1,1,1,5,1,1,1,2,1
SF,IF2007,2020-05-27 10:32:06.200,3767.8000,7915,1,1476807660.000,1,1,0,双开,S,3767.4000,3767.2000,3766.8000,3766.6000,3766.4000,3768.4000,3768.6000,3770.2000,3772.2000,3772.6000,1,1,1,1,5,1,1,2,1,1
SF,IF2007,2020-05-27 10:32:08.700,3767.8000,7915,0,1476807660.000,0,-,-,-,-,3767.6000,3767.4000,3767.2000,3766.8000,3766.6000,3768.4000,3768.6000,3770.2000,3772.2000,3772.6000,1,1,1,1,1,1,1,2,1,1
SF,IF2007,2020-05-27 10:32:09.200,3767.8000,7915,0,1476807660.000,0,-,-,-,-,3767.6000,3767.2000,3766.8000,3766.6000,3766.4000,3768.4000,3768.6000,3770.2000,3772.2000,3772.6000,1,1,1,1,5,1,1,2,1,1
SF,IF2007,2020-05-27 10:32:09.700,3767.8000,7915,0,1476807660.000,0,-,-,-,-,3767.6000,3767.2000,3766.8000,3766.6000,3766.4000,3768.4000,3768.6000,3770.2000,3772.2000,3772.6000,1,1,1,1,5,1,2,2,1,1
SF,IF2007,2020-05-27 10:32:11.700,3767.8000,7915,0,1476807660.000,0,-,-,-,-,3767.2000,3766.8000,3766.6000,3766.4000,3766.0000,3768.4000,3768.6000,3770.2000,3772.2000,3772.6000,1,1,1,5,6,1,2,2,1,1
SF,IF2007,2020-05-27 10:32:13.200,3768.4000,7915,0,1477938180.000,1,0,1,多换,S,3767.2000,3766.8000,3766.6000,3766.4000,3766.0000,3768.6000,3770.2000,3772.2000,3772.6000,3773.2000,1,1,1,5,6,2,2,1,1,1
SF,IF2007,2020-05-27 10:32:13.700,3768.4000,7915,0,1477938180.000,0,-,-,-,-,3768.0000,3767.4000,3767.2000,3766.8000,3766.6000,3768.4000,3768.6000,3770.2000,3772.2000,3772.6000,5,1,1,1,1,1,2,2,1,1
SF,IF2007,2020-05-27 10:32:14.200,3768.4000,7915,0,1477938180.000,0,-,-,-,-,3768.0000,3767.4000,3767.2000,3766.8000,3766.6000,3768.6000,3770.2000,3772.2000,3772.6000,3773.2000,5,1,1,1,1,2,2,1,1,1
SF,IF2007,2020-05-27 10:32:15.700,3768.4000,7915,0,1477938180.000,0,-,-,-,-,3768.0000,3767.4000,3767.2000,3766.8000,3766.6000,3768.6000,3770.2000,3772.2000,3772.6000,3773.2000,5,1,1,1,1,1,2,1,1,1
SF,IF2007,2020-05-27 10:32:22.200,3768.0000,7917,2,1481329380.000,3,2,1,空开,S,3768.0000,3767.4000,3767.2000,3766.8000,3766.6000,3768.6000,3770.2000,3772.2000,3772.6000,3773.2000,2,1,1,1,1,1,2,1,1,1
SF,IF2007,2020-05-27 10:32:22.700,3768.0000,7917,0,1483590180.000,2,1,1,多换,S,3767.4000,3767.2000,3766.8000,3766.6000,3766.4000,3768.4000,3768.6000,3770.2000,3772.2000,3772.6000,1,1,1,1,5,1,1,2,1,1
SF,IF2007,2020-05-27 10:32:23.200,3768.0000,7917,0,1483590180.000,0,-,-,-,-,3767.4000,3767.2000,3766.8000,3766.6000,3766.4000,3768.6000,3770.2000,3772.2000,3772.6000,3773.2000,1,1,1,1,5,1,2,1,1,1
SF,IF2007,2020-05-27 10:32:23.700,3768.0000,7917,0,1483590180.000,0,-,-,-,-,3767.4000,3767.2000,3766.8000,3766.6000,3766.4000,3768.4000,3768.6000,3770.2000,3772.2000,3772.6000,1,1,1,1,5,2,1,2,1,1
SF,IF2007,2020-05-27 10:32:26.200,3768.0000,7917,0,1483590180.000,0,-,-,-,-,3767.4000,3767.2000,3766.8000,3766.6000,3766.4000,3768.4000,3768.6000,3770.2000,3772.2000,3772.6000,1,1,1,1,5,1,1,2,1,1
SF,IF2007,2020-05-27 10:32:27.200,3768.0000,7917,0,1483590180.000,0,-,-,-,-,3767.8000,3767.4000,3767.2000,3766.8000,3766.6000,3768.4000,3768.6000,3770.2000,3772.2000,3772.6000,1,1,1,1,1,1,1,2,1,1
SF,IF2007,2020-05-27 10:32:28.200,3768.0000,7917,0,1483590180.000,0,-,-,-,-,3767.4000,3767.2000,3766.8000,3766.6000,3766.4000,3768.4000,3768.6000,3770.2000,3772.2000,3772.6000,1,1,1,1,5,1,1,2,1,1
SF,IF2007,2020-05-27 10:32:43.700,3768.0000,7917,0,1483590180.000,0,-,-,-,-,3767.4000,3767.2000,3766.8000,3766.6000,3766.4000,3768.2000,3768.4000,3768.6000,3770.2000,3772.2000,1,1,1,1,5,1,1,1,2,1
SF,IF2007,2020-05-27 10:32:44.700,3768.0000,7917,0,1483590180.000,0,-,-,-,-,3767.4000,3767.2000,3766.8000,3766.6000,3766.4000,3768.0000,3768.4000,3768.6000,3770.2000,3772.2000,1,1,1,1,5,1,1,1,2,1
SF,IF2007,2020-05-27 10:32:47.700,3768.0000,7917,0,1483590180.000,0,-,-,-,-,3767.4000,3767.2000,3766.8000,3766.6000,3766.4000,3768.4000,3768.6000,3770.2000,3772.2000,3772.6000,1,1,1,1,5,1,1,2,1,1
SF,IF2007,2020-05-27 10:32:48.200,3768.0000,7917,0,1483590180.000,0,-,-,-,-,3767.2000,3766.8000,3766.6000,3766.4000,3766.0000,3768.2000,3768.4000,3768.6000,3770.2000,3772.2000,1,1,1,5,6,1,1,1,2,1
SF,IF2007,2020-05-27 10:32:48.700,3768.0000,7917,0,1483590180.000,0,-,-,-,-,3767.2000,3766.8000,3766.6000,3766.4000,3766.0000,3768.0000,3768.2000,3768.4000,3768.6000,3770.2000,1,1,1,5,6,1,1,1,1,2
SF,IF2007,2020-05-27 10:32:49.200,3768.0000,7917,0,1483590180.000,0,-,-,-,-,3767.2000,3766.8000,3766.6000,3766.4000,3766.0000,3768.0000,3768.2000,3768.6000,3770.2000,3772.2000,1,1,1,5,6,2,1,1,2,1
SF,IF2007,2020-05-27 10:32:49.700,3768.0000,7917,0,1483590180.000,0,-,-,-,-,3767.2000,3766.8000,3766.6000,3766.4000,3766.0000,3768.0000,3768.2000,3768.6000,3770.2000,3772.2000,1,1,1,5,6,2,1,1,2,1
SF,IF2007,2020-05-27 10:32:50.200,3768.0000,7917,0,1483590180.000,0,-,-,-,-,3767.2000,3766.8000,3766.6000,3766.4000,3766.0000,3767.8000,3768.2000,3768.6000,3770.2000,3772.2000,1,1,1,5,6,1,1,1,2,1
SF,IF2007,2020-05-27 10:32:50.700,3768.0000,7917,0,1483590180.000,0,-,-,-,-,3767.2000,3766.8000,3766.6000,3766.4000,3766.0000,3768.2000,3768.6000,3770.2000,3772.2000,3772.6000,1,1,1,5,6,1,1,2,1,1
SF,IF2007,2020-05-27 10:33:01.200,3768.0000,7917,0,1483590180.000,0,-,-,-,-,3767.2000,3766.8000,3766.6000,3766.4000,3766.0000,3767.8000,3768.2000,3768.6000,3770.2000,3772.2000,1,1,1,5,6,1,1,1,2,1
SF,IF2007,2020-05-27 10:33:01.700,3768.0000,7917,0,1483590180.000,0,-,-,-,-,3767.2000,3766.8000,3766.6000,3766.4000,3766.0000,3767.4000,3767.8000,3768.2000,3770.2000,3772.2000,2,1,1,5,6,1,1,1,2,1
SF,IF2007,2020-05-27 10:33:02.200,3767.2000,7917,0,1485850500.000,2,1,1,多换,S,3766.8000,3766.6000,3766.4000,3766.0000,3765.8000,3767.4000,3767.8000,3770.2000,3772.2000,3772.6000,1,1,5,6,1,1,1,2,1,1
SF,IF2007,2020-05-27 10:33:03.700,3767.4000,7917,0,1486980720.000,1,0,1,多换,S,3766.8000,3766.6000,3766.4000,3766.0000,3765.8000,3767.6000,3767.8000,3770.2000,3772.2000,3772.6000,1,1,5,6,1,1,1,2,1,1
SF,IF2007,2020-05-27 10:33:04.200,3767.4000,7917,0,1486980720.000,0,-,-,-,-,3766.8000,3766.6000,3766.4000,3766.0000,3765.8000,3767.6000,3767.8000,3770.2000,3772.2000,3772.6000,1,1,5,6,1,1,1,2,1,1
SF,IF2007,2020-05-27 10:33:13.700,3766.8000,7918,1,1488110760.000,1,1,0,双开,S,3766.6000,3766.4000,3766.0000,3765.8000,3762.0000,3767.6000,3767.8000,3770.2000,3772.2000,3772.6000,1,5,6,1,2,1,1,2,1,1
SF,IF2007,2020-05-27 10:33:15.200,3766.8000,7918,0,1488110760.000,0,-,-,-,-,3766.8000,3766.6000,3766.4000,3766.0000,3765.8000,3767.6000,3767.8000,3770.2000,3772.2000,3772.6000,1,1,5,6,1,1,1,2,1,1
SF,IF2007,2020-05-27 10:33:15.700,3766.8000,7918,0,1488110760.000,0,-,-,-,-,3766.8000,3766.6000,3766.4000,3766.0000,3765.8000,3767.6000,3767.8000,3770.2000,3772.2000,3772.6000,1,1,5,6,1,1,1,2,1,1
SF,IF2007,2020-05-27 10:33:22.700,3767.6000,7920,2,1491501060.000,3,2,1,空开,S,3766.4000,3766.0000,3765.8000,3762.0000,3761.6000,3767.8000,3770.2000,3772.2000,3772.6000,3773.2000,5,6,1,2,1,1,2,1,1,1
SF,IF2007,2020-05-27 10:33:23.200,3767.8000,7921,1,1492631400.000,1,1,0,双开,S,3766.6000,3766.4000,3766.0000,3765.8000,3762.0000,3770.2000,3772.2000,3772.6000,3773.2000,3774.0000,1,5,6,1,2,2,1,1,1,1
SF,IF2007,2020-05-27 10:33:23.700,3767.8000,7921,0,1492631400.000,0,-,-,-,-,3766.8000,3766.6000,3766.4000,3766.0000,3765.8000,3768.6000,3768.8000,3769.2000,3769.4000,3769.6000,2,1,5,6,1,1,2,2,1,2
SF,IF2007,2020-05-27 10:33:24.200,3767.8000,7921,0,1492631400.000,0,-,-,-,-,3767.0000,3766.8000,3766.4000,3766.0000,3765.8000,3768.4000,3768.6000,3768.8000,3769.2000,3769.4000,1,2,5,6,1,1,1,2,2,1
SF,IF2007,2020-05-27 10:33:24.700,3767.8000,7921,0,1492631400.000,0,-,-,-,-,3767.0000,3766.8000,3766.4000,3766.0000,3765.8000,3768.6000,3768.8000,3769.4000,3770.0000,3770.2000,1,2,5,6,1,1,1,1,4,2
SF,IF2007,2020-05-27 10:33:25.200,3767.8000,7921,0,1492631400.000,0,-,-,-,-,3767.4000,3767.0000,3766.8000,3766.4000,3766.0000,3768.4000,3768.6000,3768.8000,3769.4000,3770.0000,1,1,2,5,6,1,1,1,1,4
SF,IF2007,2020-05-27 10:33:26.200,3767.8000,7921,0,1492631400.000,0,-,-,-,-,3767.6000,3767.4000,3767.0000,3766.8000,3766.4000,3768.4000,3768.6000,3768.8000,3769.4000,3770.0000,1,1,1,2,5,1,1,1,1,4
SF,IF2007,2020-05-27 10:33:26.700,3767.8000,7921,0,1492631400.000,0,-,-,-,-,3767.6000,3767.4000,3767.0000,3766.8000,3766.4000,3768.4000,3768.6000,3768.8000,3769.4000,3770.0000,1,1,1,2,5,2,1,1,1,4
SF,IF2007,2020-05-27 10:33:27.700,3767.6000,7921,0,1493761680.000,1,0,1,多换,S,3767.4000,3767.0000,3766.8000,3766.4000,3766.0000,3768.4000,3768.6000,3768.8000,3769.4000,3770.0000,1,1,2,5,6,2,1,1,1,4
SF,IF2007,2020-05-27 10:33:29.200,3767.6000,7921,0,1493761680.000,0,-,-,-,-,3767.6000,3767.4000,3767.0000,3766.8000,3766.4000,3768.4000,3768.6000,3768.8000,3769.4000,3770.0000,1,1,1,2,5,2,1,1,1,4
SF,IF2007,2020-05-27 10:33:32.700,3767.6000,7921,0,1493761680.000,0,-,-,-,-,3767.6000,3767.4000,3767.0000,3766.8000,3766.4000,3768.4000,3768.6000,3769.4000,3770.0000,3770.2000,1,1,1,2,5,2,1,1,4,2
SF,IF2007,2020-05-27 10:33:33.700,3767.6000,7921,0,1493761680.000,0,-,-,-,-,3767.0000,3766.8000,3766.4000,3766.0000,3765.8000,3768.2000,3768.4000,3769.4000,3770.0000,3770.2000,1,2,5,6,1,1,2,1,4,2
SF,IF2007,2020-05-27 10:33:34.200,3767.6000,7921,0,1493761680.000,0,-,-,-,-,3767.2000,3767.0000,3766.8000,3766.4000,3766.0000,3768.0000,3768.2000,3768.4000,3769.4000,3770.0000,1,1,2,5,6,1,1,1,1,4
SF,IF2007,2020-05-27 10:33:34.700,3767.6000,7921,0,1493761680.000,0,-,-,-,-,3767.0000,3766.4000,3766.0000,3765.8000,3762.0000,3768.0000,3768.2000,3768.4000,3769.4000,3770.0000,1,5,6,1,2,1,1,1,1,4
SF,IF2007,2020-05-27 10:33:35.200,3767.6000,7921,0,1493761680.000,0,-,-,-,-,3767.0000,3766.4000,3766.0000,3765.8000,3762.0000,3768.0000,3768.2000,3768.4000,3769.4000,3770.0000,1,5,6,1,2,1,1,1,1,4
SF,IF2007,2020-05-27 10:33:35.700,3767.6000,7921,0,1493761680.000,0,-,-,-,-,3767.0000,3766.4000,3766.0000,3765.8000,3762.0000,3767.8000,3768.0000,3768.4000,3769.4000,3770.0000,1,5,6,1,2,1,1,1,1,4
SF,IF2007,2020-05-27 10:33:36.200,3767.6000,7921,0,1493761680.000,0,-,-,-,-,3767.0000,3766.4000,3766.0000,3765.8000,3762.0000,3767.8000,3768.0000,3768.4000,3769.4000,3770.0000,1,5,6,1,2,2,1,1,1,4
SF,IF2007,2020-05-27 10:33:36.700,3767.6000,7921,0,1493761680.000,0,-,-,-,-,3767.0000,3766.4000,3766.0000,3765.8000,3762.0000,3767.8000,3768.0000,3768.4000,3769.4000,3770.0000,1,5,6,1,2,1,1,1,1,4
SF,IF2007,2020-05-27 10:33:37.700,3767.6000,7921,0,1493761680.000,0,-,-,-,-,3767.0000,3766.4000,3766.0000,3765.8000,3762.0000,3767.2000,3767.6000,3767.8000,3768.0000,3769.4000,1,5,6,1,2,1,1,1,1,1
SF,IF2007,2020-05-27 10:33:38.200,3767.2000,7921,0,1494891840.000,1,0,1,多换,S,3766.4000,3766.0000,3765.8000,3762.0000,3761.6000,3767.2000,3767.6000,3767.8000,3768.0000,3769.4000,5,6,1,2,1,1,1,1,1,1
SF,IF2007,2020-05-27 10:33:38.700,3767.2000,7921,0,1496022000.000,1,0,1,多换,S,3766.6000,3766.4000,3766.0000,3765.8000,3762.0000,3767.6000,3767.8000,3768.0000,3769.4000,3770.0000,1,5,6,1,2,1,1,1,1,3
SF,IF2007,2020-05-27 10:33:39.200,3767.2000,7921,0,1496022000.000,0,-,-,-,-,3766.6000,3766.4000,3766.0000,3765.8000,3762.0000,3767.4000,3767.6000,3767.8000,3768.0000,3769.4000,1,5,6,1,2,1,1,1,1,1
SF,IF2007,2020-05-27 10:33:39.700,3767.2000,7921,0,1496022000.000,0,-,-,-,-,3766.6000,3766.4000,3766.0000,3765.8000,3762.0000,3767.4000,3768.0000,3769.4000,3770.0000,3770.2000,1,5,6,1,2,1,1,1,3,2
SF,IF2007,2020-05-27 10:33:41.200,3767.2000,7921,0,1496022000.000,0,-,-,-,-,3766.6000,3766.4000,3766.0000,3765.8000,3762.0000,3767.2000,3767.4000,3767.6000,3768.0000,3769.4000,1,5,6,1,2,1,1,2,1,1
SF,IF2007,2020-05-27 10:33:41.700,3766.4000,7921,0,1500541680.000,4,2,2,多换,S,3766.4000,3766.0000,3765.8000,3762.0000,3761.6000,3767.2000,3767.4000,3767.6000,3768.0000,3769.4000,1,6,1,2,1,1,1,2,1,1
SF,IF2007,2020-05-27 10:33:42.200,3766.4000,7921,0,1500541680.000,0,-,-,-,-,3766.4000,3766.0000,3765.8000,3762.0000,3761.6000,3767.0000,3767.2000,3767.4000,3767.6000,3768.0000,1,6,1,2,1,1,1,1,2,1
SF,IF2007,2020-05-27 10:33:42.700,3766.4000,7921,0,1500541680.000,0,-,-,-,-,3766.4000,3766.0000,3765.8000,3762.0000,3761.6000,3767.0000,3767.2000,3767.4000,3767.6000,3768.0000,1,6,1,2,1,1,1,1,2,1
SF,IF2007,2020-05-27 10:33:43.200,3766.4000,7922,1,1501671600.000,1,1,0,双开,S,3766.0000,3765.8000,3762.0000,3761.6000,3760.2000,3767.4000,3767.6000,3768.0000,3769.4000,3770.0000,6,1,2,1,2,1,2,1,1,2
SF,IF2007,2020-05-27 10:33:43.700,3766.4000,7922,0,1501671600.000,0,-,-,-,-,3766.2000,3766.0000,3765.8000,3762.0000,3761.6000,3767.2000,3767.4000,3767.6000,3769.4000,3770.0000,1,6,1,2,1,2,1,2,1,2
SF,IF2007,2020-05-27 10:33:45.700,3766.4000,7922,0,1501671600.000,0,-,-,-,-,3766.2000,3766.0000,3765.8000,3762.0000,3761.6000,3767.0000,3767.2000,3767.4000,3767.6000,3769.4000,1,6,1,2,1,1,2,1,2,1
SF,IF2007,2020-05-27 10:33:46.200,3766.4000,7922,0,1501671600.000,0,-,-,-,-,3766.2000,3766.0000,3765.8000,3762.0000,3761.6000,3767.0000,3767.2000,3767.4000,3767.6000,3769.4000,1,11,1,2,1,1,2,1,2,1
SF,IF2007,2020-05-27 10:33:46.700,3766.4000,7922,0,1501671600.000,0,-,-,-,-,3766.0000,3765.8000,3762.0000,3761.6000,3760.2000,3767.0000,3767.2000,3767.4000,3767.6000,3769.4000,11,1,2,1,2,1,2,1,2,1
SF,IF2007,2020-05-27 10:33:50.200,3766.4000,7922,0,1501671600.000,0,-,-,-,-,3766.0000,3765.8000,3762.0000,3761.6000,3760.2000,3767.2000,3767.4000,3767.6000,3769.4000,3770.0000,11,1,2,1,2,2,1,2,1,2
SF,IF2007,2020-05-27 10:33:50.700,3766.4000,7922,0,1501671600.000,0,-,-,-,-,3766.2000,3766.0000,3765.8000,3762.0000,3761.6000,3767.2000,3767.4000,3767.6000,3769.4000,3770.0000,2,11,1,2,1,1,1,2,1,2
SF,IF2007,2020-05-27 10:33:57.700,3766.4000,7922,0,1501671600.000,0,-,-,-,-,3766.2000,3766.0000,3765.8000,3762.0000,3761.6000,3767.2000,3767.4000,3767.6000,3769.4000,3770.0000,2,11,1,2,1,2,1,2,1,2
SF,IF2007,2020-05-27 10:34:01.200,3766.4000,7922,0,1501671600.000,0,-,-,-,-,3766.2000,3766.0000,3765.8000,3762.0000,3761.6000,3767.2000,3767.4000,3767.6000,3769.4000,3770.0000,2,11,1,2,1,2,1,2,1,3
SF,IF2007,2020-05-27 10:34:20.700,3766.4000,7922,0,1501671600.000,0,-,-,-,-,3766.2000,3766.0000,3765.8000,3762.0000,3761.6000,3767.2000,3767.4000,3767.6000,3769.4000,3770.0000,2,11,1,2,1,3,1,2,1,3
SF,IF2007,2020-05-27 10:34:21.200,3766.4000,7922,0,1501671600.000,0,-,-,-,-,3766.4000,3766.2000,3766.0000,3765.8000,3762.0000,3767.2000,3767.4000,3767.6000,3769.4000,3770.0000,1,2,11,1,2,3,1,2,1,3
SF,IF2007,2020-05-27 10:34:22.200,3766.4000,7922,0,1501671600.000,0,-,-,-,-,3766.4000,3766.2000,3766.0000,3765.8000,3762.0000,3767.2000,3767.4000,3767.6000,3769.4000,3770.0000,1,2,11,1,2,2,1,2,1,3
SF,IF2007,2020-05-27 10:34:23.700,3766.4000,7922,0,1501671600.000,0,-,-,-,-,3766.4000,3766.2000,3766.0000,3765.8000,3762.0000,3767.2000,3767.4000,3767.6000,3769.4000,3770.0000,1,1,11,1,2,2,1,2,1,3
SF,IF2007,2020-05-27 10:34:26.200,3766.4000,7922,0,1501671600.000,0,-,-,-,-,3766.2000,3766.0000,3765.8000,3762.0000,3761.6000,3767.2000,3767.4000,3767.6000,3769.4000,3770.0000,1,11,1,2,1,2,1,2,1,3
SF,IF2007,2020-05-27 10:34:27.700,3766.4000,7922,0,1501671600.000,0,-,-,-,-,3766.2000,3766.0000,3765.8000,3762.0000,3761.6000,3767.0000,3767.2000,3767.4000,3767.6000,3769.4000,1,11,1,2,1,1,2,1,2,1
SF,IF2007,2020-05-27 10:34:28.200,3766.4000,7922,0,1501671600.000,0,-,-,-,-,3766.2000,3766.0000,3765.8000,3762.0000,3761.6000,3767.0000,3767.2000,3767.4000,3767.6000,3769.4000,1,12,1,2,1,1,2,1,2,1
SF,IF2007,2020-05-27 10:34:28.700,3766.4000,7922,0,1501671600.000,0,-,-,-,-,3766.0000,3762.0000,3761.6000,3760.2000,3760.0000,3767.0000,3767.2000,3767.4000,3767.6000,3769.4000,12,2,1,2,7,1,2,1,2,1
SF,IF2007,2020-05-27 10:34:29.200,3766.4000,7922,0,1501671600.000,0,-,-,-,-,3766.0000,3762.0000,3761.6000,3760.2000,3760.0000,3766.8000,3767.0000,3767.2000,3767.4000,3767.6000,12,2,1,2,7,2,1,1,1,2
SF,IF2007,2020-05-27 10:34:31.200,3766.4000,7922,0,1501671600.000,0,-,-,-,-,3766.2000,3766.0000,3762.0000,3761.6000,3760.2000,3766.8000,3767.0000,3767.2000,3767.4000,3767.6000,1,12,2,1,2,2,1,1,1,2
SF,IF2007,2020-05-27 10:34:31.700,3766.4000,7922,0,1501671600.000,0,-,-,-,-,3766.2000,3766.0000,3762.0000,3761.6000,3760.2000,3766.8000,3767.0000,3767.2000,3767.4000,3767.6000,1,12,2,1,2,1,1,1,1,2
SF,IF2007,2020-05-27 10:34:32.200,3766.4000,7922,0,1501671600.000,0,-,-,-,-,3766.0000,3762.0000,3761.6000,3760.2000,3760.0000,3766.8000,3767.0000,3767.2000,3767.4000,3767.6000,12,2,1,2,7,1,1,1,1,2
SF,IF2007,2020-05-27 10:34:35.200,3766.8000,7922,0,1502801640.000,1,0,1,多换,S,3766.0000,3762.0000,3761.6000,3760.2000,3760.0000,3767.2000,3767.4000,3767.6000,3769.4000,3770.0000,12,2,1,2,7,1,1,2,1,3
SF,IF2007,2020-05-27 10:34:35.700,3766.8000,7922,0,1502801640.000,0,-,-,-,-,3766.2000,3766.0000,3762.0000,3761.6000,3760.2000,3767.2000,3767.4000,3767.6000,3769.4000,3770.0000,1,12,2,1,2,1,1,2,1,3
SF,IF2007,2020-05-27 10:34:36.200,3766.8000,7922,0,1502801640.000,0,-,-,-,-,3766.2000,3766.0000,3762.0000,3761.6000,3760.2000,3767.2000,3767.4000,3767.6000,3769.4000,3770.0000,2,12,2,1,2,1,1,2,1,3
SF,IF2007,2020-05-27 10:34:47.700,3766.8000,7922,0,1502801640.000,0,-,-,-,-,3766.2000,3766.0000,3762.0000,3761.6000,3760.2000,3767.0000,3767.2000,3767.4000,3767.6000,3769.4000,2,12,2,1,2,1,1,1,2,1
SF,IF2007,2020-05-27 10:34:48.200,3766.2000,7921,-1,1503931500.000,1,0,1,双平,S,3766.0000,3762.0000,3761.6000,3760.2000,3760.0000,3766.8000,3767.0000,3767.2000,3767.4000,3767.6000,12,2,1,2,7,1,1,1,1,2
SF,IF2007,2020-05-27 10:34:48.700,3766.2000,7921,0,1503931500.000,0,-,-,-,-,3766.0000,3762.0000,3761.6000,3760.2000,3760.0000,3766.8000,3767.0000,3767.2000,3767.4000,3767.6000,12,2,1,2,7,1,1,1,1,2
SF,IF2007,2020-05-27 10:34:49.700,3766.2000,7921,0,1503931500.000,0,-,-,-,-,3766.0000,3762.0000,3761.6000,3760.2000,3760.0000,3766.8000,3767.2000,3767.4000,3767.6000,3769.4000,12,2,1,2,7,1,1,1,2,1
SF,IF2007,2020-05-27 10:34:50.200,3766.2000,7921,0,1503931500.000,0,-,-,-,-,3766.2000,3766.0000,3762.0000,3761.6000,3760.2000,3767.2000,3767.4000,3767.6000,3769.4000,3770.0000,1,12,2,1,2,1,1,2,1,3
SF,IF2007,2020-05-27 10:34:50.700,3766.2000,7921,0,1503931500.000,0,-,-,-,-,3766.2000,3766.0000,3762.0000,3761.6000,3760.2000,3767.2000,3767.4000,3767.6000,3769.4000,3770.0000,1,12,2,1,2,1,1,2,1,3
SF,IF2007,2020-05-27 10:34:53.200,3766.2000,7921,0,1503931500.000,0,-,-,-,-,3766.2000,3766.0000,3762.0000,3761.6000,3760.2000,3767.2000,3767.4000,3767.6000,3769.4000,3770.0000,2,12,2,1,2,1,1,2,1,3
SF,IF2007,2020-05-27 10:34:53.700,3766.2000,7921,0,1503931500.000,0,-,-,-,-,3766.2000,3766.0000,3762.0000,3761.6000,3760.2000,3767.0000,3767.2000,3767.4000,3767.6000,3769.4000,1,12,2,1,2,1,1,1,2,1
SF,IF2007,2020-05-27 10:34:59.700,3766.0000,7919,-2,1507320960.000,3,0,3,多平,S,3766.0000,3762.0000,3761.6000,3760.2000,3760.0000,3766.8000,3767.0000,3767.2000,3767.4000,3767.6000,10,2,1,2,7,1,1,1,1,2
SF,IF2007,2020-05-27 10:35:00.200,3766.0000,7919,0,1507320960.000,0,-,-,-,-,3766.0000,3762.0000,3761.6000,3760.2000,3760.0000,3766.6000,3766.8000,3767.2000,3767.4000,3767.6000,10,2,1,2,7,1,1,1,1,2
SF,IF2007,2020-05-27 10:35:01.200,3766.0000,7920,1,1512969960.000,5,3,2,空开,S,3766.0000,3762.0000,3761.6000,3760.2000,3760.0000,3766.6000,3766.8000,3767.2000,3767.4000,3767.6000,5,2,1,2,7,1,1,1,1,2
SF,IF2007,2020-05-27 10:35:01.700,3766.0000,7923,3,1516359360.000,3,3,0,双开,S,3766.0000,3762.0000,3761.6000,3760.2000,3760.0000,3766.2000,3766.6000,3766.8000,3767.2000,3767.6000,2,2,1,2,7,1,1,1,1,2
SF,IF2007,2020-05-27 10:35:02.200,3766.0000,7922,-1,1518618960.000,2,0,2,多平,S,3762.0000,3761.6000,3760.2000,3760.0000,3758.0000,3765.8000,3766.2000,3766.6000,3766.8000,3767.2000,2,1,2,7,1,2,1,1,1,1
SF,IF2007,2020-05-27 10:35:02.700,3766.0000,7922,0,1518618960.000,0,-,-,-,-,3765.4000,3764.6000,3764.4000,3764.2000,3763.8000,3765.6000,3765.8000,3766.2000,3766.8000,3767.2000,1,3,2,1,2,1,2,1,1,1
SF,IF2007,2020-05-27 10:35:03.200,3766.0000,7922,0,1518618960.000,0,-,-,-,-,3765.4000,3764.6000,3764.4000,3764.2000,3763.8000,3765.8000,3766.2000,3766.8000,3767.2000,3767.6000,1,2,1,1,2,1,1,1,1,2
SF,IF2007,2020-05-27 10:35:04.200,3766.0000,7923,1,1519748760.000,1,1,0,双开,S,3765.4000,3764.6000,3764.4000,3764.2000,3763.8000,3766.2000,3766.8000,3767.2000,3767.6000,3769.4000,1,2,1,1,2,1,1,1,2,1
SF,IF2007,2020-05-27 10:35:04.700,3766.0000,7923,0,1519748760.000,0,-,-,-,-,3765.6000,3765.4000,3764.6000,3764.4000,3764.2000,3766.2000,3766.8000,3767.2000,3767.6000,3769.4000,1,1,2,1,1,1,1,1,2,1
SF,IF2007,2020-05-27 10:35:05.200,3766.0000,7923,0,1519748760.000,0,-,-,-,-,3765.6000,3765.4000,3764.6000,3764.4000,3764.2000,3766.2000,3766.8000,3767.2000,3767.6000,3769.4000,1,1,2,1,1,1,1,1,2,1
SF,IF2007,2020-05-27 10:35:05.700,3766.0000,7923,0,1519748760.000,0,-,-,-,-,3765.6000,3765.4000,3764.6000,3764.4000,3764.2000,3766.2000,3766.8000,3767.2000,3767.6000,3769.4000,1,1,2,1,1,1,1,1,2,1
SF,IF2007,2020-05-27 10:35:08.200,3766.0000,7923,0,1519748760.000,0,-,-,-,-,3765.4000,3764.6000,3764.4000,3764.2000,3763.8000,3766.2000,3766.8000,3767.2000,3767.6000,3769.4000,1,2,1,1,2,1,1,1,2,1
SF,IF2007,2020-05-27 10:35:08.700,3766.0000,7923,0,1519748760.000,0,-,-,-,-,3765.4000,3764.6000,3764.4000,3764.2000,3763.8000,3766.0000,3766.2000,3766.8000,3767.2000,3767.6000,1,2,1,1,2,1,1,1,1,2
SF,IF2007,2020-05-27 10:35:09.200,3766.0000,7923,0,1519748760.000,0,-,-,-,-,3765.4000,3764.6000,3764.4000,3764.2000,3763.8000,3766.2000,3766.8000,3767.2000,3767.6000,3769.4000,1,2,1,1,2,1,1,1,2,1
SF,IF2007,2020-05-27 10:35:09.700,3766.0000,7923,0,1519748760.000,0,-,-,-,-,3764.6000,3764.4000,3764.2000,3763.8000,3763.6000,3766.0000,3766.2000,3766.8000,3767.2000,3767.6000,1,1,1,2,1,1,1,1,1,2
SF,IF2007,2020-05-27 10:35:10.200,3766.0000,7923,0,1519748760.000,0,-,-,-,-,3764.8000,3764.6000,3764.4000,3764.2000,3763.6000,3766.0000,3766.2000,3766.8000,3767.2000,3767.6000,3,1,1,1,1,1,1,1,1,2
SF,IF2007,2020-05-27 10:35:11.700,3766.0000,7923,0,1519748760.000,0,-,-,-,-,3765.0000,3764.8000,3764.6000,3764.4000,3764.2000,3766.0000,3766.2000,3766.8000,3767.2000,3767.6000,1,3,1,1,1,1,1,1,1,2
SF,IF2007,2020-05-27 10:35:12.200,3766.0000,7923,0,1519748760.000,0,-,-,-,-,3765.2000,3765.0000,3764.8000,3764.6000,3764.4000,3766.2000,3766.8000,3767.2000,3767.6000,3769.4000,1,1,2,1,1,1,1,1,2,1
SF,IF2007,2020-05-27 10:35:12.700,3766.2000,7923,0,1520878620.000,1,0,1,多换,S,3765.2000,3765.0000,3764.8000,3764.6000,3764.4000,3766.8000,3767.2000,3767.6000,3769.4000,3770.0000,2,1,1,1,1,1,1,2,1,3
SF,IF2007,2020-05-27 10:35:13.200,3766.2000,7923,0,1520878620.000,0,-,-,-,-,3765.4000,3765.2000,3765.0000,3764.8000,3764.6000,3766.6000,3766.8000,3767.2000,3767.6000,3769.4000,2,2,1,1,1,1,1,1,2,1
SF,IF2007,2020-05-27 10:35:13.700,3766.2000,7923,0,1520878620.000,0,-,-,-,-,3765.6000,3765.4000,3765.2000,3764.8000,3764.6000,3766.6000,3766.8000,3767.0000,3767.2000,3767.6000,2,2,1,1,1,1,1,1,1,2
SF,IF2007,2020-05-27 10:35:16.200,3766.2000,7923,0,1520878620.000,0,-,-,-,-,3765.6000,3765.4000,3765.2000,3764.8000,3764.6000,3766.6000,3766.8000,3767.0000,3767.6000,3769.4000,2,2,1,1,1,1,1,1,2,1
SF,IF2007,2020-05-27 10:35:20.200,3766.2000,7923,0,1520878620.000,0,-,-,-,-,3765.8000,3765.6000,3765.4000,3764.8000,3764.6000,3766.6000,3766.8000,3767.0000,3767.6000,3769.4000,1,2,2,1,1,1,1,1,2,1
SF,IF2007,2020-05-27 10:35:21.200,3766.2000,7923,0,1520878620.000,0,-,-,-,-,3765.6000,3765.4000,3764.8000,3764.6000,3764.4000,3766.6000,3766.8000,3767.0000,3767.6000,3769.4000,1,2,1,1,1,1,1,1,2,1
SF,IF2007,2020-05-27 10:35:26.200,3766.2000,7923,0,1520878620.000,0,-,-,-,-,3765.8000,3765.6000,3765.4000,3764.8000,3764.6000,3766.6000,3766.8000,3767.0000,3767.6000,3769.4000,1,1,2,1,1,1,1,1,2,1
SF,IF2007,2020-05-27 10:35:26.700,3766.2000,7923,0,1520878620.000,0,-,-,-,-,3766.0000,3765.8000,3765.4000,3764.8000,3764.6000,3766.8000,3767.0000,3767.6000,3769.4000,3770.0000,1,1,2,1,1,1,1,2,1,3
SF,IF2007,2020-05-27 10:35:27.700,3766.2000,7923,0,1520878620.000,0,-,-,-,-,3766.0000,3765.8000,3765.4000,3764.8000,3764.6000,3766.6000,3766.8000,3767.0000,3767.6000,3769.4000,1,1,2,1,1,1,1,1,2,1
SF,IF2007,2020-05-27 10:35:28.200,3766.2000,7923,0,1520878620.000,0,-,-,-,-,3765.4000,3764.8000,3764.6000,3764.4000,3764.2000,3766.6000,3766.8000,3767.0000,3767.6000,3769.4000,2,1,1,1,1,1,1,1,2,1
SF,IF2007,2020-05-27 10:35:28.700,3766.2000,7923,0,1520878620.000,0,-,-,-,-,3765.4000,3764.8000,3764.6000,3764.4000,3764.2000,3766.4000,3766.6000,3766.8000,3767.0000,3767.6000,1,1,1,1,1,1,1,1,1,2
SF,IF2007,2020-05-27 10:35:31.200,3766.2000,7923,0,1520878620.000,0,-,-,-,-,3765.4000,3764.8000,3764.6000,3764.4000,3764.2000,3766.4000,3766.6000,3766.8000,3767.0000,3767.6000,2,1,1,1,1,1,1,1,1,2
SF,IF2007,2020-05-27 10:35:34.200,3766.2000,7923,0,1520878620.000,0,-,-,-,-,3765.4000,3764.8000,3764.6000,3764.4000,3764.2000,3766.4000,3766.6000,3766.8000,3767.0000,3767.6000,1,1,1,1,1,1,1,1,1,2
SF,IF2007,2020-05-27 10:35:40.700,3766.2000,7923,0,1520878620.000,0,-,-,-,-,3764.8000,3764.6000,3764.4000,3764.2000,3763.6000,3766.4000,3766.6000,3766.8000,3767.0000,3767.6000,1,1,1,1,1,1,1,1,1,2
SF,IF2007,2020-05-27 10:35:41.200,3766.2000,7923,0,1520878620.000,0,-,-,-,-,3765.0000,3764.8000,3764.6000,3764.4000,3764.2000,3766.2000,3766.4000,3766.8000,3767.0000,3767.6000,2,1,1,1,1,1,1,1,1,2
SF,IF2007,2020-05-27 10:35:44.200,3766.2000,7923,0,1520878620.000,0,-,-,-,-,3765.2000,3765.0000,3764.8000,3764.6000,3764.4000,3766.2000,3766.4000,3766.8000,3767.0000,3767.6000,1,2,1,1,1,1,1,1,1,2
SF,IF2007,2020-05-27 10:35:44.700,3766.2000,7923,0,1520878620.000,0,-,-,-,-,3765.0000,3764.8000,3764.6000,3764.4000,3764.2000,3766.2000,3766.4000,3766.8000,3767.0000,3767.6000,2,1,1,1,1,1,1,1,1,2
SF,IF2007,2020-05-27 10:35:45.700,3766.2000,7923,0,1520878620.000,0,-,-,-,-,3765.0000,3764.8000,3764.6000,3764.4000,3764.2000,3766.0000,3766.2000,3766.4000,3766.8000,3767.0000,2,1,1,1,1,1,1,1,1,1
SF,IF2007,2020-05-27 10:35:47.200,3766.2000,7923,0,1520878620.000,0,-,-,-,-,3765.0000,3764.8000,3764.6000,3764.4000,3764.2000,3766.0000,3766.2000,3766.4000,3766.8000,3767.0000,2,1,1,1,1,1,1,1,1,1
SF,IF2007,2020-05-27 10:35:47.700,3766.2000,7923,0,1520878620.000,0,-,-,-,-,3765.0000,3764.8000,3764.6000,3764.4000,3764.2000,3765.8000,3766.0000,3766.2000,3766.8000,3767.0000,1,1,1,1,1,1,1,1,1,1
SF,IF2007,2020-05-27 10:35:48.200,3766.2000,7923,0,1520878620.000,0,-,-,-,-,3764.8000,3764.6000,3764.4000,3764.2000,3763.6000,3765.8000,3766.2000,3766.8000,3767.0000,3767.6000,1,1,1,1,1,1,1,1,1,2
SF,IF2007,2020-05-27 10:35:48.700,3766.2000,7923,0,1520878620.000,0,-,-,-,-,3764.8000,3764.6000,3764.4000,3764.2000,3763.6000,3765.8000,3766.2000,3766.8000,3767.6000,3769.4000,1,1,1,1,1,2,1,1,2,1
SF,IF2007,2020-05-27 10:35:49.200,3766.2000,7923,0,1520878620.000,0,-,-,-,-,3764.8000,3764.6000,3764.4000,3764.2000,3763.6000,3765.8000,3766.8000,3767.6000,3769.4000,3770.0000,1,1,1,1,1,2,1,2,1,3
SF,IF2007,2020-05-27 10:35:49.700,3766.2000,7923,0,1520878620.000,0,-,-,-,-,3764.6000,3764.4000,3764.2000,3763.2000,3762.2000,3765.8000,3766.8000,3767.6000,3769.4000,3770.0000,1,1,1,2,5,2,1,2,1,3
SF,IF2007,2020-05-27 10:35:50.200,3766.2000,7923,0,1520878620.000,0,-,-,-,-,3764.8000,3764.6000,3764.4000,3764.2000,3763.2000,3765.6000,3765.8000,3766.8000,3767.6000,3769.4000,1,1,1,1,2,1,2,1,2,1
SF,IF2007,2020-05-27 10:35:51.200,3766.2000,7923,0,1520878620.000,0,-,-,-,-,3764.8000,3764.6000,3764.4000,3764.2000,3763.2000,3765.8000,3766.8000,3767.6000,3769.4000,3770.0000,1,1,1,1,2,2,1,2,1,3
SF,IF2007,2020-05-27 10:35:51.700,3766.2000,7923,0,1520878620.000,0,-,-,-,-,3765.0000,3764.8000,3764.6000,3764.4000,3764.2000,3765.8000,3766.8000,3767.6000,3769.4000,3770.0000,1,1,1,1,1,2,1,2,1,3
SF,IF2007,2020-05-27 10:35:53.700,3766.2000,7923,0,1520878620.000,0,-,-,-,-,3764.8000,3764.6000,3764.4000,3764.2000,3763.2000,3765.8000,3766.8000,3767.6000,3769.4000,3770.0000,1,1,1,1,2,2,1,2,1,3
SF,IF2007,2020-05-27 10:35:54.200,3766.2000,7923,0,1520878620.000,0,-,-,-,-,3764.8000,3764.6000,3764.4000,3764.2000,3763.2000,3765.8000,3766.8000,3767.6000,3769.4000,3770.0000,1,1,1,1,2,2,1,2,1,2
SF,IF2007,2020-05-27 10:35:54.700,3766.2000,7923,0,1520878620.000,0,-,-,-,-,3764.8000,3763.2000,3762.2000,3762.0000,3761.6000,3765.8000,3766.8000,3767.6000,3769.4000,3770.0000,1,1,5,2,1,2,1,2,1,2
SF,IF2007,2020-05-27 10:36:00.200,3764.8000,7924,1,1522008060.000,1,1,0,双开,S,3763.2000,3762.2000,3762.0000,3761.6000,3760.2000,3765.8000,3766.8000,3767.6000,3769.4000,3770.0000,1,5,2,1,2,2,1,2,1,7
SF,IF2007,2020-05-27 10:36:00.700,3764.8000,7924,0,1522008060.000,0,-,-,-,-,3763.4000,3763.2000,3762.2000,3762.0000,3761.6000,3765.6000,3765.8000,3766.8000,3767.6000,3769.4000,1,1,4,2,1,3,2,1,2,1
SF,IF2007,2020-05-27 10:36:01.200,3764.8000,7924,0,1522008060.000,0,-,-,-,-,3763.4000,3763.2000,3762.2000,3762.0000,3761.6000,3765.0000,3765.4000,3765.6000,3765.8000,3766.8000,1,1,3,2,1,1,1,3,1,1
SF,IF2007,2020-05-27 10:36:01.700,3764.8000,7924,0,1522008060.000,0,-,-,-,-,3763.2000,3762.2000,3762.0000,3761.6000,3760.2000,3764.6000,3764.8000,3765.0000,3765.6000,3766.8000,1,2,2,1,2,1,1,1,3,1
SF,IF2007,2020-05-27 10:36:02.200,3764.8000,7924,0,1522008060.000,0,-,-,-,-,3763.6000,3763.4000,3763.2000,3762.2000,3762.0000,3764.4000,3764.6000,3765.0000,3765.6000,3766.8000,1,1,1,2,2,1,1,1,3,1
SF,IF2007,2020-05-27 10:36:02.700,3764.6000,7924,0,1524266760.000,2,1,1,多换,S,3763.6000,3763.4000,3762.2000,3762.0000,3761.6000,3765.0000,3765.6000,3766.8000,3767.6000,3769.4000,1,1,2,2,1,1,3,1,2,1
SF,IF2007,2020-05-27 10:36:03.200,3765.0000,7924,0,1525396260.000,1,0,1,多换,S,3763.8000,3763.6000,3762.2000,3762.0000,3761.6000,3765.6000,3766.8000,3767.6000,3769.4000,3770.0000,1,1,2,2,1,3,1,2,1,6
SF,IF2007,2020-05-27 10:36:03.700,3765.0000,7924,0,1525396260.000,0,-,-,-,-,3763.8000,3763.6000,3762.2000,3762.0000,3761.6000,3765.4000,3766.8000,3767.6000,3769.4000,3770.0000,1,1,2,2,1,1,1,2,1,6
SF,IF2007,2020-05-27 10:36:04.200,3765.0000,7924,0,1525396260.000,0,-,-,-,-,3764.2000,3764.0000,3763.8000,3763.6000,3762.2000,3765.4000,3766.8000,3767.6000,3769.4000,3770.0000,3,1,1,1,1,1,1,2,1,1
SF,IF2007,2020-05-27 10:36:04.700,3765.0000,7924,0,1525396260.000,0,-,-,-,-,3764.2000,3764.0000,3763.8000,3763.6000,3762.2000,3765.4000,3766.8000,3767.6000,3769.4000,3770.0000,1,2,1,1,1,1,1,2,1,1
SF,IF2007,2020-05-27 10:36:05.200,3765.0000,7924,0,1525396260.000,0,-,-,-,-,3764.0000,3763.8000,3763.6000,3762.2000,3762.0000,3765.4000,3766.8000,3767.6000,3769.4000,3770.0000,2,1,1,1,2,1,1,2,1,1
SF,IF2007,2020-05-27 10:36:05.700,3765.0000,7924,0,1525396260.000,0,-,-,-,-,3764.2000,3764.0000,3763.6000,3762.2000,3762.0000,3765.4000,3766.8000,3767.6000,3769.4000,3770.0000,1,1,1,1,2,1,1,2,1,1
SF,IF2007,2020-05-27 10:36:06.200,3765.0000,7924,0,1525396260.000,0,-,-,-,-,3764.0000,3763.6000,3762.2000,3762.0000,3761.6000,3764.8000,3765.2000,3765.4000,3766.8000,3767.6000,1,1,1,2,1,1,1,1,1,2
SF,IF2007,2020-05-27 10:36:06.700,3765.0000,7924,0,1525396260.000,0,-,-,-,-,3763.6000,3762.2000,3762.0000,3761.6000,3760.2000,3764.0000,3764.6000,3764.8000,3765.2000,3766.8000,1,1,2,1,2,1,1,1,1,1
SF,IF2007,2020-05-27 10:36:07.200,3765.0000,7924,0,1525396260.000,0,-,-,-,-,3763.6000,3762.2000,3762.0000,3761.6000,3760.2000,3764.0000,3764.6000,3764.8000,3766.8000,3767.6000,1,1,2,1,2,1,1,1,1,2
SF,IF2007,2020-05-27 10:36:08.200,3765.0000,7924,0,1525396260.000,0,-,-,-,-,3762.2000,3762.0000,3761.6000,3760.2000,3760.0000,3764.0000,3764.6000,3764.8000,3766.8000,3767.6000,1,2,1,2,2,1,1,1,1,2
SF,IF2007,2020-05-27 10:36:08.700,3765.0000,7924,0,1525396260.000,0,-,-,-,-,3763.2000,3762.8000,3762.6000,3762.4000,3762.2000,3763.8000,3764.0000,3764.8000,3766.8000,3767.6000,1,2,1,2,1,1,1,1,1,2
SF,IF2007,2020-05-27 10:36:09.200,3763.8000,7924,0,1526525400.000,1,0,1,多换,S,3763.2000,3762.8000,3762.6000,3762.4000,3762.2000,3764.0000,3764.8000,3766.8000,3767.6000,3769.4000,1,2,2,2,1,1,1,1,2,1
SF,IF2007,2020-05-27 10:36:09.700,3763.8000,7924,0,1526525400.000,0,-,-,-,-,3763.4000,3763.2000,3762.8000,3762.6000,3762.4000,3764.0000,3764.8000,3766.8000,3767.6000,3769.4000,1,1,2,2,1,1,1,1,2,1
SF,IF2007,2020-05-27 10:36:10.200,3764.0000,7923,-1,1527654600.000,1,0,1,双平,S,3763.4000,3763.2000,3762.8000,3762.6000,3762.4000,3764.8000,3766.8000,3767.6000,3769.4000,3770.0000,1,1,2,2,1,1,1,2,1,1
SF,IF2007,2020-05-27 10:36:11.200,3764.0000,7923,0,1527654600.000,0,-,-,-,-,3763.6000,3763.4000,3763.2000,3762.8000,3762.6000,3764.8000,3766.8000,3767.6000,3769.4000,3770.0000,1,1,1,2,2,1,1,2,1,1
SF,IF2007,2020-05-27 10:36:11.700,3764.0000,7923,0,1527654600.000,0,-,-,-,-,3763.8000,3763.2000,3762.8000,3762.6000,3762.4000,3764.6000,3764.8000,3766.8000,3767.6000,3769.4000,1,1,2,2,1,1,1,1,2,1
SF,IF2007,2020-05-27 10:36:12.200,3764.0000,7923,0,1527654600.000,0,-,-,-,-,3763.8000,3763.2000,3762.8000,3762.6000,3762.4000,3764.8000,3766.8000,3767.6000,3769.4000,3770.0000,1,1,2,2,1,1,1,2,1,1
SF,IF2007,2020-05-27 10:36:13.200,3763.8000,7923,0,1528783740.000,1,0,1,多换,S,3763.2000,3762.8000,3762.6000,3762.4000,3762.2000,3764.8000,3766.8000,3767.6000,3769.4000,3770.0000,1,2,2,1,1,1,1,2,1,1
SF,IF2007,2020-05-27 10:36:13.700,3763.8000,7923,0,1529912880.000,1,0,1,多换,S,3763.4000,3763.2000,3762.8000,3762.6000,3762.4000,3764.6000,3764.8000,3766.8000,3767.6000,3769.4000,1,1,2,2,1,1,1,1,2,1
SF,IF2007,2020-05-27 10:36:14.200,3763.8000,7923,0,1529912880.000,0,-,-,-,-,3763.6000,3763.4000,3763.2000,3762.8000,3762.6000,3764.8000,3766.8000,3767.6000,3769.4000,3770.0000,1,1,1,2,2,1,1,2,1,1
SF,IF2007,2020-05-27 10:36:14.700,3763.8000,7923,0,1529912880.000,0,-,-,-,-,3763.8000,3763.6000,3763.2000,3762.8000,3762.6000,3764.8000,3766.8000,3767.6000,3769.4000,3770.0000,1,1,1,2,2,1,1,2,1,1
SF,IF2007,2020-05-27 10:36:15.200,3763.8000,7923,0,1529912880.000,0,-,-,-,-,3763.8000,3763.6000,3763.2000,3762.8000,3762.6000,3764.6000,3764.8000,3766.8000,3767.6000,3769.4000,1,1,1,2,2,1,1,1,2,1
SF,IF2007,2020-05-27 10:36:17.700,3763.8000,7923,0,1529912880.000,0,-,-,-,-,3763.8000,3763.2000,3762.8000,3762.6000,3762.4000,3764.6000,3764.8000,3766.8000,3767.6000,3769.4000,1,1,2,2,1,1,1,1,2,1
SF,IF2007,2020-05-27 10:36:19.200,3763.8000,7923,0,1529912880.000,0,-,-,-,-,3763.8000,3763.2000,3762.8000,3762.6000,3762.4000,3764.6000,3764.8000,3766.8000,3767.6000,3769.4000,1,1,2,1,1,1,1,1,2,1
SF,IF2007,2020-05-27 10:36:24.200,3763.8000,7923,0,1529912880.000,0,-,-,-,-,3763.8000,3763.2000,3762.8000,3762.6000,3762.4000,3764.6000,3764.8000,3766.8000,3767.6000,3769.4000,2,1,2,1,1,1,1,1,2,1
SF,IF2007,2020-05-27 10:36:24.700,3763.8000,7923,0,1529912880.000,0,-,-,-,-,3763.8000,3763.2000,3762.8000,3762.6000,3762.4000,3764.8000,3766.8000,3767.6000,3769.4000,3770.0000,2,1,2,1,1,1,1,2,1,1
SF,IF2007,2020-05-27 10:36:28.200,3763.8000,7924,1,1531042020.000,1,1,0,双开,S,3763.2000,3762.8000,3762.6000,3762.4000,3762.2000,3764.8000,3766.8000,3767.6000,3769.4000,3770.0000,1,2,1,1,1,1,1,2,1,1
SF,IF2007,2020-05-27 10:36:28.700,3763.8000,7924,0,1531042020.000,0,-,-,-,-,3763.4000,3763.2000,3762.8000,3762.6000,3762.4000,3764.4000,3764.6000,3764.8000,3766.8000,3767.6000,1,1,2,1,1,1,1,1,1,2
SF,IF2007,2020-05-27 10:36:29.200,3763.8000,7924,0,1531042020.000,0,-,-,-,-,3763.4000,3763.2000,3762.8000,3762.4000,3762.2000,3764.2000,3764.4000,3764.8000,3766.8000,3767.6000,1,1,2,1,1,1,1,1,1,2
SF,IF2007,2020-05-27 10:36:29.700,3763.8000,7924,0,1531042020.000,0,-,-,-,-,3763.2000,3762.8000,3762.4000,3762.2000,3762.0000,3764.2000,3764.8000,3766.8000,3767.6000,3769.4000,1,2,1,1,2,1,1,1,2,1
SF,IF2007,2020-05-27 10:36:31.700,3763.8000,7924,0,1531042020.000,0,-,-,-,-,3763.2000,3762.8000,3762.4000,3762.2000,3762.0000,3763.8000,3764.2000,3764.8000,3766.8000,3767.6000,1,2,1,1,2,1,1,1,1,2
SF,IF2007,2020-05-27 10:36:33.200,3763.8000,7924,0,1531042020.000,0,-,-,-,-,3763.2000,3762.8000,3762.4000,3762.2000,3762.0000,3763.8000,3764.2000,3764.8000,3766.8000,3767.6000,1,1,1,1,2,1,1,1,1,2
SF,IF2007,2020-05-27 10:36:35.200,3763.8000,7924,0,1531042020.000,0,-,-,-,-,3763.2000,3762.8000,3762.4000,3762.2000,3762.0000,3763.6000,3763.8000,3764.2000,3764.8000,3766.8000,1,1,1,1,2,4,1,1,1,1
SF,IF2007,2020-05-27 10:36:38.700,3763.6000,7928,4,1535558340.000,4,4,0,双开,S,3763.2000,3762.8000,3762.4000,3762.2000,3762.0000,3763.8000,3764.2000,3764.8000,3766.8000,3767.6000,1,1,1,1,2,1,1,1,1,2
SF,IF2007,2020-05-27 10:36:39.200,3763.6000,7928,0,1535558340.000,0,-,-,-,-,3763.6000,3763.2000,3762.8000,3762.4000,3762.2000,3763.8000,3764.2000,3764.8000,3766.8000,3767.6000,1,1,1,1,1,1,1,1,1,2
SF,IF2007,2020-05-27 10:36:39.700,3763.8000,7927,-1,1536687480.000,1,0,1,双平,S,3763.2000,3762.8000,3762.4000,3762.2000,3762.0000,3764.2000,3764.8000,3766.8000,3767.6000,3769.4000,1,1,1,1,2,1,1,1,2,1
SF,IF2007,2020-05-27 10:36:40.700,3763.8000,7927,0,1536687480.000,0,-,-,-,-,3763.4000,3763.2000,3762.8000,3762.4000,3762.2000,3764.2000,3764.8000,3766.8000,3767.6000,3769.4000,1,1,1,1,1,1,1,1,2,1
SF,IF2007,2020-05-27 10:36:41.200,3763.8000,7927,0,1536687480.000,0,-,-,-,-,3763.2000,3762.8000,3762.4000,3762.2000,3762.0000,3764.2000,3764.8000,3766.8000,3767.6000,3769.4000,1,1,1,1,2,1,1,1,2,1
SF,IF2007,2020-05-27 10:36:42.200,3763.8000,7927,0,1536687480.000,0,-,-,-,-,3763.2000,3762.8000,3762.4000,3762.2000,3762.0000,3764.2000,3764.8000,3766.8000,3769.4000,3770.0000,1,1,1,1,2,1,1,1,1,1
SF,IF2007,2020-05-27 10:36:44.200,3763.8000,7927,0,1536687480.000,0,-,-,-,-,3763.2000,3762.4000,3762.2000,3762.0000,3761.6000,3764.2000,3764.8000,3766.8000,3769.4000,3770.0000,1,1,1,2,1,1,1,1,1,1
SF,IF2007,2020-05-27 10:36:44.700,3763.8000,7927,0,1536687480.000,0,-,-,-,-,3762.4000,3762.2000,3762.0000,3761.6000,3760.2000,3764.2000,3764.8000,3766.8000,3769.4000,3770.0000,1,1,2,1,2,1,1,1,1,1
SF,IF2007,2020-05-27 10:36:45.200,3763.8000,7927,0,1536687480.000,0,-,-,-,-,3762.8000,3762.6000,3762.4000,3762.2000,3762.0000,3764.2000,3764.8000,3766.8000,3769.4000,3770.0000,1,1,1,1,2,2,1,1,1,1
SF,IF2007,2020-05-27 10:36:45.700,3763.8000,7927,0,1536687480.000,0,-,-,-,-,3763.0000,3762.8000,3762.4000,3762.2000,3762.0000,3764.2000,3764.8000,3766.8000,3769.4000,3770.0000,1,1,1,1,2,2,1,1,1,1
SF,IF2007,2020-05-27 10:36:47.200,3763.8000,7927,0,1536687480.000,0,-,-,-,-,3763.0000,3762.4000,3762.2000,3762.0000,3761.6000,3764.0000,3764.2000,3764.8000,3766.8000,3769.4000,1,1,1,2,1,1,2,1,1,1
SF,IF2007,2020-05-27 10:36:47.700,3763.8000,7927,0,1536687480.000,0,-,-,-,-,3762.0000,3761.6000,3760.2000,3760.0000,3758.0000,3763.4000,3763.8000,3764.0000,3764.2000,3766.8000,2,1,2,2,1,1,1,1,1,1
SF,IF2007,2020-05-27 10:36:48.200,3763.8000,7927,0,1536687480.000,0,-,-,-,-,3762.0000,3761.6000,3760.2000,3760.0000,3758.0000,3763.2000,3763.4000,3764.2000,3766.8000,3769.4000,2,1,2,2,1,1,1,1,1,1
SF,IF2007,2020-05-27 10:36:48.700,3763.8000,7927,0,1536687480.000,0,-,-,-,-,3762.0000,3761.6000,3760.2000,3760.0000,3758.0000,3763.0000,3763.2000,3763.4000,3764.2000,3766.8000,2,1,2,2,1,1,1,1,1,1
SF,IF2007,2020-05-27 10:36:49.200,3763.8000,7927,0,1536687480.000,0,-,-,-,-,3762.2000,3762.0000,3761.6000,3760.2000,3760.0000,3763.0000,3763.4000,3764.2000,3766.8000,3769.4000,1,2,1,2,2,1,1,1,1,1
SF,IF2007,2020-05-27 10:36:49.700,3763.8000,7927,0,1536687480.000,0,-,-,-,-,3762.2000,3762.0000,3761.6000,3760.2000,3760.0000,3763.4000,3764.2000,3766.8000,3769.4000,3770.0000,1,2,1,2,2,1,1,1,1,1
SF,IF2007,2020-05-27 10:36:50.200,3763.8000,7927,0,1536687480.000,0,-,-,-,-,3762.4000,3762.2000,3762.0000,3761.6000,3760.2000,3764.0000,3764.2000,3766.8000,3769.4000,3770.0000,1,1,2,1,2,1,1,1,1,1
SF,IF2007,2020-05-27 10:36:50.700,3763.8000,7927,0,1536687480.000,0,-,-,-,-,3762.6000,3762.4000,3762.0000,3761.6000,3760.2000,3763.8000,3764.0000,3766.8000,3769.4000,3770.0000,1,2,2,1,2,1,1,1,1,1
SF,IF2007,2020-05-27 10:36:51.200,3763.8000,7927,0,1536687480.000,0,-,-,-,-,3762.8000,3762.6000,3762.4000,3762.0000,3761.6000,3763.8000,3764.0000,3766.8000,3769.4000,3770.0000,2,1,2,2,1,1,1,1,1,1
SF,IF2007,2020-05-27 10:36:51.700,3763.8000,7927,0,1536687480.000,0,-,-,-,-,3762.8000,3762.6000,3762.4000,3762.0000,3761.6000,3763.8000,3764.0000,3766.8000,3769.4000,3770.0000,1,1,1,2,1,1,1,1,1,1
SF,IF2007,2020-05-27 10:36:53.200,3762.8000,7927,0,1537816320.000,1,0,1,多换,S,3762.6000,3762.4000,3762.0000,3761.6000,3760.2000,3763.8000,3764.0000,3766.8000,3769.4000,3770.0000,1,1,2,1,2,1,1,1,1,1
SF,IF2007,2020-05-27 10:36:53.700,3762.8000,7927,0,1537816320.000,0,-,-,-,-,3762.4000,3762.0000,3761.6000,3760.2000,3760.0000,3763.8000,3764.0000,3766.8000,3769.4000,3770.0000,1,2,1,2,2,1,1,1,1,1
SF,IF2007,2020-05-27 10:36:54.200,3762.8000,7927,0,1537816320.000,0,-,-,-,-,3762.6000,3762.4000,3762.0000,3761.6000,3760.2000,3763.8000,3764.0000,3766.8000,3769.4000,3770.0000,1,1,2,1,2,1,1,1,1,1
SF,IF2007,2020-05-27 10:36:54.700,3762.8000,7927,0,1537816320.000,0,-,-,-,-,3762.6000,3762.4000,3762.0000,3761.6000,3760.2000,3763.6000,3763.8000,3764.0000,3766.8000,3769.4000,1,1,2,1,2,1,1,1,1,1
SF,IF2007,2020-05-27 10:36:55.200,3762.8000,7927,0,1537816320.000,0,-,-,-,-,3762.6000,3762.4000,3762.0000,3761.6000,3760.2000,3763.4000,3763.6000,3764.0000,3766.8000,3769.4000,1,1,3,1,2,1,1,1,1,1
SF,IF2007,2020-05-27 10:36:55.700,3762.8000,7927,0,1537816320.000,0,-,-,-,-,3762.4000,3762.0000,3761.6000,3760.2000,3760.0000,3763.4000,3764.0000,3766.8000,3769.4000,3770.0000,1,3,1,2,2,1,1,1,1,1
SF,IF2007,2020-05-27 10:37:00.200,3763.4000,7927,0,1538945340.000,1,0,1,多换,S,3762.6000,3762.4000,3762.0000,3761.6000,3760.2000,3764.0000,3766.8000,3769.4000,3770.0000,3772.2000,1,1,3,1,2,1,1,1,1,1
SF,IF2007,2020-05-27 10:37:00.700,3763.4000,7927,0,1538945340.000,0,-,-,-,-,3762.8000,3762.6000,3762.4000,3762.0000,3761.6000,3763.8000,3764.0000,3766.8000,3769.4000,3770.0000,1,1,1,3,1,1,1,1,1,1
SF,IF2007,2020-05-27 10:37:01.700,3763.4000,7927,0,1538945340.000,0,-,-,-,-,3762.8000,3762.0000,3761.6000,3760.2000,3760.0000,3763.2000,3763.4000,3763.8000,3764.0000,3766.8000,1,3,1,2,2,4,1,1,1,1
SF,IF2007,2020-05-27 10:37:02.200,3762.8000,7927,0,1540074180.000,1,0,1,多换,S,3762.0000,3761.6000,3760.2000,3760.0000,3758.0000,3763.2000,3763.8000,3764.0000,3766.8000,3769.4000,3,1,2,2,1,4,1,1,1,1
SF,IF2007,2020-05-27 10:37:02.700,3762.8000,7927,0,1540074180.000,0,-,-,-,-,3762.2000,3762.0000,3761.6000,3760.2000,3760.0000,3763.0000,3763.2000,3764.0000,3766.8000,3769.4000,1,3,1,2,2,2,4,1,1,1
SF,IF2007,2020-05-27 10:37:04.200,3762.8000,7927,0,1540074180.000,0,-,-,-,-,3762.2000,3762.0000,3761.6000,3760.2000,3760.0000,3763.0000,3763.2000,3764.0000,3766.8000,3769.4000,1,3,1,2,2,1,4,1,1,1
SF,IF2007,2020-05-27 10:37:04.700,3762.8000,7927,0,1540074180.000,0,-,-,-,-,3762.2000,3762.0000,3761.6000,3760.2000,3760.0000,3763.2000,3764.0000,3766.8000,3769.4000,3770.0000,1,3,1,2,2,4,1,1,1,1
SF,IF2007,2020-05-27 10:37:05.200,3762.8000,7927,0,1540074180.000,0,-,-,-,-,3762.4000,3762.2000,3762.0000,3761.6000,3760.2000,3763.2000,3764.0000,3766.8000,3769.4000,3770.0000,1,2,3,1,2,4,1,1,1,1
SF,IF2007,2020-05-27 10:37:05.700,3763.2000,7927,0,1544590020.000,4,2,2,多换,S,3762.4000,3762.2000,3762.0000,3761.6000,3760.2000,3764.0000,3766.8000,3769.4000,3770.0000,3772.2000,1,2,3,1,2,1,1,1,1,1
SF,IF2007,2020-05-27 10:37:06.200,3764.0000,7930,3,1547977440.000,3,3,0,双开,S,3762.4000,3762.2000,3762.0000,3761.6000,3760.2000,3766.8000,3769.4000,3770.0000,3772.2000,3772.6000,1,2,3,1,2,1,1,1,1,1
SF,IF2007,2020-05-27 10:37:06.700,3764.0000,7930,0,1547977440.000,0,-,-,-,-,3762.8000,3762.6000,3762.4000,3762.2000,3762.0000,3765.4000,3765.8000,3766.2000,3766.4000,3766.6000,1,3,1,2,3,2,3,1,2,7
SF,IF2007,2020-05-27 10:37:07.200,3764.0000,7930,0,1547977440.000,0,-,-,-,-,3763.0000,3762.8000,3762.6000,3762.2000,3762.0000,3765.2000,3765.4000,3766.2000,3766.4000,3766.6000,1,2,2,1,3,1,2,1,1,5
SF,IF2007,2020-05-27 10:37:07.700,3764.0000,7930,0,1547977440.000,0,-,-,-,-,3763.0000,3762.8000,3762.6000,3762.2000,3762.0000,3764.8000,3765.2000,3765.4000,3766.2000,3766.4000,1,2,2,1,3,1,1,2,1,1
SF,IF2007,2020-05-27 10:37:08.200,3764.0000,7930,0,1547977440.000,0,-,-,-,-,3763.0000,3762.8000,3762.6000,3762.2000,3762.0000,3764.6000,3764.8000,3765.4000,3766.2000,3766.4000,1,2,2,1,3,1,1,2,1,1
SF,IF2007,2020-05-27 10:37:08.700,3764.0000,7930,0,1547977440.000,0,-,-,-,-,3763.4000,3763.0000,3762.8000,3762.6000,3762.2000,3764.6000,3764.8000,3765.4000,3766.2000,3766.4000,1,1,2,2,1,1,1,2,1,1
SF,IF2007,2020-05-27 10:37:09.200,3764.0000,7930,0,1547977440.000,0,-,-,-,-,3763.0000,3762.8000,3762.6000,3762.2000,3762.0000,3764.4000,3764.6000,3764.8000,3765.4000,3766.2000,1,2,2,1,3,1,1,1,2,1
SF,IF2007,2020-05-27 10:37:09.700,3763.0000,7930,0,1549106340.000,1,0,1,多换,S,3762.8000,3762.6000,3762.2000,3762.0000,3761.6000,3764.2000,3764.4000,3764.8000,3765.4000,3766.4000,2,2,1,3,1,1,1,1,2,1
SF,IF2007,2020-05-27 10:37:10.200,3763.0000,7930,0,1549106340.000,0,-,-,-,-,3763.0000,3762.8000,3762.6000,3762.2000,3762.0000,3764.2000,3764.8000,3765.4000,3766.4000,3766.6000,1,2,2,1,3,1,1,2,1,4
SF,IF2007,2020-05-27 10:37:10.700,3763.0000,7930,0,1549106340.000,0,-,-,-,-,3763.2000,3763.0000,3762.8000,3762.6000,3762.2000,3764.2000,3764.8000,3765.4000,3766.4000,3766.6000,3,1,2,2,1,1,1,2,1,4
SF,IF2007,2020-05-27 10:37:11.700,3763.0000,7930,0,1549106340.000,0,-,-,-,-,3763.4000,3763.2000,3763.0000,3762.8000,3762.6000,3764.2000,3764.8000,3765.4000,3766.4000,3766.6000,1,3,1,1,2,1,1,2,1,4
SF,IF2007,2020-05-27 10:37:12.200,3763.0000,7930,0,1549106340.000,0,-,-,-,-,3763.4000,3763.2000,3763.0000,3762.8000,3762.6000,3764.8000,3765.4000,3766.4000,3766.6000,3770.0000,1,2,1,1,2,1,2,1,4,1
SF,IF2007,2020-05-27 10:37:12.700,3763.0000,7930,0,1549106340.000,0,-,-,-,-,3763.6000,3763.4000,3763.2000,3763.0000,3762.8000,3764.6000,3764.8000,3765.4000,3766.4000,3766.6000,1,1,1,1,1,1,1,2,1,4
SF,IF2007,2020-05-27 10:37:13.200,3763.0000,7930,0,1549106340.000,0,-,-,-,-,3763.6000,3763.4000,3763.2000,3763.0000,3762.8000,3764.6000,3764.8000,3765.4000,3766.4000,3766.6000,1,1,1,1,1,1,1,1,1,4
SF,IF2007,2020-05-27 10:37:13.700,3763.0000,7930,0,1549106340.000,0,-,-,-,-,3763.6000,3763.4000,3763.2000,3763.0000,3762.8000,3764.8000,3765.4000,3766.4000,3766.6000,3770.0000,1,1,1,1,1,1,1,1,4,1
SF,IF2007,2020-05-27 10:37:14.200,3763.0000,7930,0,1549106340.000,0,-,-,-,-,3764.2000,3764.0000,3763.8000,3763.6000,3763.4000,3765.6000,3766.6000,3770.0000,3772.2000,3772.6000,1,1,1,1,1,1,4,1,1,1
SF,IF2007,2020-05-27 10:37:14.700,3763.0000,7930,0,1549106340.000,0,-,-,-,-,3764.4000,3764.2000,3764.0000,3763.8000,3763.4000,3765.4000,3765.6000,3766.6000,3770.0000,3772.2000,1,1,1,1,1,1,1,2,1,1
SF,IF2007,2020-05-27 10:37:15.200,3763.0000,7930,0,1549106340.000,0,-,-,-,-,3764.4000,3764.2000,3764.0000,3763.4000,3763.0000,3765.4000,3765.6000,3766.6000,3770.0000,3772.2000,1,1,1,1,2,1,1,2,1,1
SF,IF2007,2020-05-27 10:37:15.700,3763.0000,7930,0,1549106340.000,0,-,-,-,-,3764.2000,3764.0000,3763.4000,3763.0000,3762.8000,3765.4000,3765.6000,3766.6000,3770.0000,3772.2000,1,6,1,4,1,1,1,2,1,1
SF,IF2007,2020-05-27 10:37:16.200,3763.0000,7930,0,1549106340.000,0,-,-,-,-,3764.4000,3764.2000,3764.0000,3763.4000,3763.0000,3765.4000,3765.6000,3766.6000,3770.0000,3772.2000,1,2,6,1,4,1,1,2,1,1
SF,IF2007,2020-05-27 10:37:16.700,3763.0000,7930,0,1549106340.000,0,-,-,-,-,3764.4000,3764.2000,3764.0000,3763.4000,3763.0000,3765.4000,3765.6000,3766.6000,3770.0000,3772.2000,1,2,6,1,4,1,1,2,1,1
SF,IF2007,2020-05-27 10:37:17.200,3763.0000,7930,0,1549106340.000,0,-,-,-,-,3764.4000,3764.2000,3764.0000,3763.4000,3763.0000,3765.4000,3765.6000,3766.6000,3770.0000,3772.2000,1,2,6,1,4,1,1,2,1,1
SF,IF2007,2020-05-27 10:37:18.700,3763.0000,7930,0,1549106340.000,0,-,-,-,-,3764.4000,3764.2000,3764.0000,3763.4000,3763.0000,3765.4000,3765.6000,3766.6000,3770.0000,3772.2000,1,2,6,1,3,1,1,2,1,1
SF,IF2007,2020-05-27 10:37:19.700,3763.0000,7930,0,1549106340.000,0,-,-,-,-,3764.4000,3764.2000,3764.0000,3763.4000,3763.0000,3765.4000,3765.6000,3766.6000,3770.0000,3772.2000,1,1,6,1,3,1,1,2,1,1
SF,IF2007,2020-05-27 10:37:20.700,3763.0000,7930,0,1549106340.000,0,-,-,-,-,3764.0000,3763.4000,3763.0000,3762.8000,3762.6000,3765.4000,3765.6000,3766.6000,3770.0000,3772.2000,6,1,3,1,2,1,1,2,1,1
SF,IF2007,2020-05-27 10:37:21.200,3763.0000,7930,0,1549106340.000,0,-,-,-,-,3764.0000,3763.4000,3763.0000,3762.8000,3762.6000,3765.4000,3765.6000,3766.6000,3770.0000,3772.2000,5,1,3,1,2,1,1,2,1,1
SF,IF2007,2020-05-27 10:37:21.700,3763.0000,7930,0,1549106340.000,0,-,-,-,-,3764.0000,3763.4000,3763.0000,3762.8000,3762.6000,3765.2000,3765.4000,3765.6000,3766.6000,3770.0000,5,1,3,1,2,1,1,1,2,1
SF,IF2007,2020-05-27 10:37:22.200,3763.0000,7930,0,1549106340.000,0,-,-,-,-,3764.0000,3763.4000,3763.0000,3762.8000,3762.6000,3765.0000,3765.2000,3765.6000,3766.6000,3770.0000,5,1,3,1,2,1,1,1,2,1
SF,IF2007,2020-05-27 10:37:22.700,3765.0000,7931,1,1550235840.000,1,1,0,双开,S,3765.0000,3764.0000,3763.4000,3763.0000,3762.8000,3765.2000,3765.6000,3766.6000,3770.0000,3772.2000,4,5,1,3,1,1,1,2,1,1
SF,IF2007,2020-05-27 10:37:23.200,3765.0000,7931,0,1553624400.000,3,1,2,多换,S,3765.0000,3764.0000,3763.4000,3763.0000,3762.8000,3765.6000,3766.6000,3770.0000,3772.2000,3772.6000,2,5,1,3,1,1,2,1,1,1
SF,IF2007,2020-05-27 10:37:25.700,3765.0000,7932,1,1554753900.000,1,1,0,双开,S,3765.0000,3764.0000,3763.4000,3763.0000,3762.8000,3765.6000,3766.6000,3770.0000,3772.2000,3772.6000,1,5,1,3,1,1,2,1,1,1
SF,IF2007,2020-05-27 10:37:26.200,3765.0000,7932,0,1555883400.000,1,0,1,多换,S,3764.0000,3763.4000,3763.0000,3762.8000,3762.6000,3765.6000,3766.6000,3770.0000,3772.2000,3772.6000,5,1,3,1,2,2,2,1,1,1
SF,IF2007,2020-05-27 10:37:26.700,3765.0000,7932,0,1555883400.000,0,-,-,-,-,3764.2000,3764.0000,3763.4000,3763.0000,3762.8000,3765.4000,3765.6000,3766.6000,3770.0000,3772.2000,1,5,1,3,1,1,2,2,1,1
SF,IF2007,2020-05-27 10:37:28.700,3765.0000,7932,0,1555883400.000,0,-,-,-,-,3764.4000,3764.2000,3764.0000,3763.4000,3763.0000,3765.4000,3765.6000,3766.6000,3770.0000,3772.2000,1,1,5,1,3,1,2,2,1,1
SF,IF2007,2020-05-27 10:37:30.200,3765.0000,7932,0,1555883400.000,0,-,-,-,-,3765.0000,3764.4000,3764.2000,3764.0000,3763.4000,3765.4000,3765.6000,3766.6000,3770.0000,3772.2000,5,1,1,5,1,1,2,2,1,1
SF,IF2007,2020-05-27 10:37:30.700,3765.0000,7932,0,1561530900.000,5,2,3,多换,S,3764.2000,3764.0000,3763.4000,3763.0000,3762.8000,3765.4000,3765.6000,3766.6000,3770.0000,3772.2000,1,5,1,3,1,1,2,2,1,1
SF,IF2007,2020-05-27 10:37:33.200,3765.0000,7932,0,1561530900.000,0,-,-,-,-,3764.2000,3764.0000,3763.0000,3762.8000,3762.6000,3765.4000,3765.6000,3766.6000,3770.0000,3772.2000,1,5,3,1,2,1,2,2,1,1
SF,IF2007,2020-05-27 10:37:33.700,3765.0000,7932,0,1561530900.000,0,-,-,-,-,3765.0000,3764.2000,3764.0000,3763.0000,3762.8000,3765.4000,3765.6000,3766.6000,3770.0000,3772.2000,5,1,5,3,1,1,2,2,1,1
SF,IF2007,2020-05-27 10:37:38.200,3765.4000,7932,0,1562660520.000,1,0,1,多换,S,3765.0000,3764.2000,3764.0000,3763.0000,3762.8000,3765.6000,3766.6000,3770.0000,3772.2000,3772.6000,5,1,5,3,1,2,2,1,1,1
SF,IF2007,2020-05-27 10:37:38.700,3765.4000,7932,0,1562660520.000,0,-,-,-,-,3765.0000,3764.2000,3764.0000,3763.0000,3762.8000,3765.6000,3766.6000,3770.0000,3772.2000,3772.6000,5,1,5,3,1,1,2,1,1,1
SF,IF2007,2020-05-27 10:37:39.700,3765.6000,7932,0,1563790200.000,1,0,1,多换,S,3765.0000,3764.2000,3764.0000,3763.0000,3762.8000,3766.6000,3770.0000,3772.2000,3772.6000,3773.2000,5,1,5,3,1,2,1,1,1,1
SF,IF2007,2020-05-27 10:37:40.200,3765.6000,7932,0,1563790200.000,0,-,-,-,-,3765.2000,3765.0000,3764.0000,3763.0000,3762.8000,3765.4000,3766.2000,3766.4000,3766.6000,3770.0000,1,5,5,3,1,1,3,4,2,1
SF,IF2007,2020-05-27 10:37:40.700,3765.4000,7932,0,1564919820.000,1,0,1,多换,S,3765.0000,3764.0000,3763.0000,3762.8000,3762.6000,3765.4000,3766.2000,3766.4000,3766.6000,3770.0000,5,5,3,1,2,1,2,3,2,1
SF,IF2007,2020-05-27 10:37:41.700,3765.4000,7932,0,1564919820.000,0,-,-,-,-,3765.0000,3764.0000,3763.0000,3762.8000,3762.6000,3765.4000,3766.2000,3766.4000,3766.6000,3770.0000,5,5,3,1,2,1,2,3,2,1
SF,IF2007,2020-05-27 10:37:42.200,3765.4000,7932,0,1566049440.000,1,0,1,多换,S,3765.0000,3764.0000,3763.0000,3762.8000,3762.6000,3766.2000,3766.4000,3766.6000,3770.0000,3772.2000,5,5,3,1,2,2,3,2,1,1
SF,IF2007,2020-05-27 10:37:42.700,3765.4000,7932,0,1566049440.000,0,-,-,-,-,3765.2000,3765.0000,3764.0000,3763.0000,3762.8000,3766.0000,3766.2000,3766.4000,3766.6000,3769.8000,1,5,5,3,1,2,2,2,2,1
SF,IF2007,2020-05-27 10:37:43.200,3765.2000,7933,1,1567179000.000,1,1,0,双开,S,3765.0000,3764.0000,3763.0000,3762.8000,3762.6000,3766.0000,3766.2000,3766.4000,3766.6000,3769.8000,5,5,3,1,2,2,2,1,2,1
SF,IF2007,2020-05-27 10:37:43.700,3765.2000,7933,0,1567179000.000,0,-,-,-,-,3765.0000,3764.0000,3763.0000,3762.8000,3762.6000,3765.8000,3766.0000,3766.2000,3766.4000,3766.6000,5,5,3,1,2,1,2,2,1,2
SF,IF2007,2020-05-27 10:37:44.700,3765.2000,7933,0,1567179000.000,0,-,-,-,-,3765.2000,3765.0000,3764.0000,3763.0000,3762.8000,3766.2000,3766.4000,3766.6000,3769.8000,3770.0000,2,5,5,3,1,2,1,2,1,1
SF,IF2007,2020-05-27 10:37:45.200,3765.2000,7933,0,1567179000.000,0,-,-,-,-,3765.2000,3765.0000,3764.0000,3763.0000,3762.8000,3766.0000,3766.2000,3766.6000,3769.8000,3770.0000,2,5,5,3,1,1,2,2,1,1
SF,IF2007,2020-05-27 10:37:45.700,3765.2000,7933,0,1567179000.000,0,-,-,-,-,3765.2000,3765.0000,3764.0000,3763.0000,3762.8000,3765.6000,3766.0000,3766.2000,3766.6000,3769.8000,1,5,5,3,1,1,1,2,2,1
SF,IF2007,2020-05-27 10:37:47.700,3765.2000,7932,-1,1568308560.000,1,0,1,双平,S,3765.0000,3764.0000,3763.0000,3762.8000,3762.6000,3765.6000,3766.0000,3766.2000,3766.6000,3769.8000,5,5,3,1,2,1,1,2,2,1
SF,IF2007,2020-05-27 10:37:48.200,3765.0000,7933,1,1571697060.000,3,2,1,空开,S,3765.0000,3764.0000,3763.0000,3762.8000,3762.6000,3765.6000,3766.0000,3766.2000,3766.6000,3769.8000,2,5,3,1,2,1,1,2,2,1
SF,IF2007,2020-05-27 10:37:48.700,3765.0000,7935,2,1573956060.000,2,2,0,双开,S,3764.0000,3763.0000,3762.8000,3762.6000,3762.2000,3765.4000,3765.6000,3766.2000,3766.6000,3769.8000,5,3,1,2,1,1,1,2,2,1
SF,IF2007,2020-05-27 10:37:49.200,3765.0000,7935,0,1573956060.000,0,-,-,-,-,3764.0000,3763.0000,3762.8000,3762.6000,3762.2000,3764.6000,3765.2000,3765.4000,3765.6000,3766.2000,5,3,1,2,1,1,1,1,1,2
SF,IF2007,2020-05-27 10:37:49.700,3765.0000,7935,0,1573956060.000,0,-,-,-,-,3764.0000,3763.0000,3762.8000,3762.6000,3762.2000,3764.2000,3764.6000,3765.2000,3765.4000,3766.2000,5,3,1,2,1,1,1,1,1,2
SF,IF2007,2020-05-27 10:37:50.200,3764.2000,7935,0,1576214580.000,2,1,1,多换,S,3764.0000,3763.0000,3762.8000,3762.6000,3762.2000,3765.2000,3765.4000,3766.2000,3766.6000,3769.8000,5,3,1,2,1,1,1,2,2,1
SF,IF2007,2020-05-27 10:37:50.700,3764.2000,7935,0,1576214580.000,0,-,-,-,-,3764.0000,3763.0000,3762.8000,3762.6000,3762.2000,3764.6000,3765.0000,3765.2000,3766.2000,3766.6000,5,3,1,2,1,1,1,1,2,2
SF,IF2007,2020-05-27 10:37:51.200,3764.2000,7935,0,1576214580.000,0,-,-,-,-,3764.0000,3763.0000,3762.8000,3762.6000,3762.2000,3764.6000,3765.0000,3765.2000,3766.2000,3766.6000,5,3,1,2,1,1,4,1,2,2
SF,IF2007,2020-05-27 10:37:51.700,3764.2000,7935,0,1576214580.000,0,-,-,-,-,3764.0000,3763.0000,3762.8000,3762.6000,3762.2000,3764.6000,3765.0000,3765.2000,3766.2000,3766.6000,5,3,1,2,1,1,4,1,2,2
SF,IF2007,2020-05-27 10:37:52.200,3764.2000,7935,0,1576214580.000,0,-,-,-,-,3764.0000,3763.0000,3762.8000,3762.6000,3762.2000,3764.6000,3765.0000,3765.2000,3766.2000,3766.6000,5,3,1,2,1,1,4,1,2,2
SF,IF2007,2020-05-27 10:37:52.700,3764.6000,7935,0,1577343960.000,1,0,1,多换,S,3764.0000,3763.0000,3762.8000,3762.6000,3762.2000,3765.0000,3765.2000,3766.2000,3766.6000,3769.8000,5,3,1,2,1,4,1,2,2,1
SF,IF2007,2020-05-27 10:37:53.200,3764.6000,7935,0,1577343960.000,0,-,-,-,-,3764.0000,3763.0000,3762.8000,3762.6000,3762.2000,3764.6000,3765.0000,3765.2000,3766.2000,3766.6000,5,3,1,2,1,1,4,1,2,2
SF,IF2007,2020-05-27 10:37:53.700,3764.6000,7935,0,1577343960.000,0,-,-,-,-,3764.0000,3763.0000,3762.8000,3762.6000,3762.2000,3764.6000,3765.0000,3766.2000,3766.6000,3769.8000,5,3,1,2,1,1,4,2,2,1
SF,IF2007,2020-05-27 10:37:54.200,3764.6000,7935,0,1577343960.000,0,-,-,-,-,3764.0000,3763.0000,3762.8000,3762.6000,3762.2000,3764.6000,3765.0000,3766.2000,3766.6000,3769.8000,5,3,1,2,1,1,4,2,2,1
SF,IF2007,2020-05-27 10:37:54.700,3764.6000,7935,0,1578473340.000,1,0,1,多换,S,3764.0000,3763.0000,3762.8000,3762.6000,3762.2000,3765.0000,3766.2000,3766.6000,3769.8000,3770.0000,5,3,1,2,1,4,2,2,1,1
SF,IF2007,2020-05-27 10:37:55.200,3765.0000,7935,0,1579602840.000,1,0,1,多换,S,3764.2000,3764.0000,3763.0000,3762.8000,3762.6000,3765.0000,3766.2000,3766.6000,3769.8000,3770.0000,2,5,3,1,2,3,2,2,1,1
SF,IF2007,2020-05-27 10:37:55.700,3765.0000,7935,0,1579602840.000,0,-,-,-,-,3764.2000,3764.0000,3763.0000,3762.8000,3762.6000,3765.0000,3766.2000,3766.6000,3769.8000,3770.0000,2,5,3,1,2,3,2,2,1,1
SF,IF2007,2020-05-27 10:37:56.700,3765.0000,7935,0,1579602840.000,0,-,-,-,-,3764.2000,3764.0000,3763.0000,3762.8000,3762.6000,3765.0000,3766.2000,3766.6000,3769.8000,3770.0000,1,5,3,1,2,3,2,2,1,1
SF,IF2007,2020-05-27 10:38:00.200,3765.0000,7935,0,1579602840.000,0,-,-,-,-,3764.2000,3764.0000,3763.0000,3762.8000,3762.6000,3765.0000,3766.2000,3766.6000,3769.8000,3770.0000,1,5,2,1,2,3,2,2,1,1
SF,IF2007,2020-05-27 10:38:00.700,3765.0000,7935,0,1579602840.000,0,-,-,-,-,3764.0000,3763.0000,3762.8000,3762.6000,3762.2000,3765.0000,3766.2000,3766.6000,3769.8000,3770.0000,5,2,1,2,1,3,2,2,1,1
SF,IF2007,2020-05-27 10:38:05.200,3765.0000,7935,0,1579602840.000,0,-,-,-,-,3764.0000,3763.0000,3762.8000,3762.6000,3762.2000,3764.8000,3765.0000,3766.2000,3766.6000,3769.8000,5,2,1,2,1,1,3,2,2,1
SF,IF2007,2020-05-27 10:38:06.200,3765.0000,7935,0,1579602840.000,0,-,-,-,-,3764.4000,3764.0000,3763.0000,3762.8000,3762.6000,3765.0000,3766.2000,3766.6000,3769.8000,3770.0000,1,5,2,1,2,3,2,2,1,1
SF,IF2007,2020-05-27 10:38:07.200,3764.4000,7935,0,1580732160.000,1,0,1,多换,S,3764.0000,3763.0000,3762.8000,3762.6000,3762.2000,3765.0000,3766.2000,3766.6000,3769.8000,3770.0000,5,2,1,2,1,3,2,2,1,1
SF,IF2007,2020-05-27 10:38:08.700,3764.4000,7935,0,1580732160.000,0,-,-,-,-,3764.0000,3763.0000,3762.8000,3762.6000,3762.2000,3765.0000,3765.2000,3766.2000,3766.6000,3769.8000,5,2,1,2,1,3,1,2,2,1
SF,IF2007,2020-05-27 10:38:15.200,3764.4000,7935,0,1580732160.000,0,-,-,-,-,3764.0000,3763.0000,3762.8000,3762.6000,3762.2000,3765.0000,3765.2000,3766.2000,3766.6000,3769.8000,6,2,1,2,1,3,1,2,2,1
SF,IF2007,2020-05-27 10:38:19.200,3764.4000,7935,0,1580732160.000,0,-,-,-,-,3764.0000,3763.0000,3762.8000,3762.6000,3762.2000,3764.8000,3765.0000,3765.2000,3766.2000,3766.6000,6,2,1,2,1,1,3,1,2,2
SF,IF2007,2020-05-27 10:38:20.200,3764.4000,7935,0,1580732160.000,0,-,-,-,-,3764.0000,3763.0000,3762.8000,3762.6000,3762.2000,3765.0000,3765.2000,3766.2000,3766.6000,3769.8000,6,2,1,2,1,3,1,2,2,1
SF,IF2007,2020-05-27 10:38:20.700,3764.4000,7935,0,1580732160.000,0,-,-,-,-,3764.0000,3763.0000,3762.8000,3762.6000,3762.2000,3765.0000,3765.2000,3766.2000,3766.6000,3769.8000,6,2,1,2,1,3,1,2,2,1
SF,IF2007,2020-05-27 10:38:21.200,3764.4000,7935,0,1580732160.000,0,-,-,-,-,3764.0000,3763.0000,3762.8000,3762.6000,3762.2000,3764.8000,3765.0000,3765.2000,3766.2000,3766.6000,6,2,1,2,1,1,3,1,2,2
SF,IF2007,2020-05-27 10:38:33.700,3764.0000,7935,0,1587507360.000,6,3,3,多换,S,3763.0000,3762.8000,3762.6000,3762.2000,3762.0000,3764.8000,3765.0000,3765.2000,3766.2000,3766.6000,2,1,2,1,2,1,3,1,2,2
SF,IF2007,2020-05-27 10:38:34.200,3764.0000,7935,0,1587507360.000,0,-,-,-,-,3763.4000,3763.2000,3763.0000,3762.8000,3762.6000,3764.6000,3764.8000,3765.0000,3765.2000,3766.2000,1,1,2,1,2,1,1,3,1,2
SF,IF2007,2020-05-27 10:38:34.700,3764.0000,7935,0,1587507360.000,0,-,-,-,-,3763.4000,3763.2000,3763.0000,3762.8000,3762.6000,3764.4000,3764.6000,3765.0000,3765.2000,3766.2000,1,1,2,1,2,1,1,3,1,2
SF,IF2007,2020-05-27 10:38:35.700,3764.0000,7935,0,1587507360.000,0,-,-,-,-,3763.4000,3763.2000,3763.0000,3762.8000,3762.6000,3764.0000,3764.4000,3764.6000,3765.0000,3765.2000,1,1,2,1,2,1,1,1,3,1
SF,IF2007,2020-05-27 10:38:36.200,3764.0000,7934,-1,1588636560.000,1,0,1,双平,S,3763.4000,3763.2000,3763.0000,3762.8000,3762.6000,3764.4000,3764.6000,3765.0000,3765.2000,3766.2000,1,1,2,1,2,1,1,3,1,2
SF,IF2007,2020-05-27 10:38:36.700,3764.0000,7934,0,1588636560.000,0,-,-,-,-,3763.6000,3763.4000,3763.0000,3762.8000,3762.6000,3764.4000,3764.6000,3765.0000,3765.2000,3766.2000,1,1,2,1,2,1,1,3,1,2
SF,IF2007,2020-05-27 10:38:38.200,3764.0000,7934,0,1588636560.000,0,-,-,-,-,3763.6000,3763.4000,3763.0000,3762.8000,3762.6000,3763.8000,3764.4000,3764.6000,3765.0000,3765.2000,1,1,2,1,2,1,1,1,2,1
SF,IF2007,2020-05-27 10:38:38.700,3763.8000,7934,0,1589765700.000,1,0,1,多换,S,3763.6000,3763.4000,3763.0000,3762.8000,3762.6000,3764.2000,3764.4000,3764.6000,3765.0000,3765.2000,1,1,2,1,2,1,1,1,2,1
SF,IF2007,2020-05-27 10:38:44.200,3763.8000,7934,0,1589765700.000,0,-,-,-,-,3763.6000,3763.4000,3763.0000,3762.6000,3762.2000,3764.2000,3764.4000,3764.6000,3765.0000,3765.2000,1,1,2,1,1,1,1,1,2,1
SF,IF2007,2020-05-27 10:38:44.700,3763.8000,7934,0,1589765700.000,0,-,-,-,-,3763.6000,3763.4000,3763.0000,3762.6000,3762.2000,3764.2000,3764.6000,3765.0000,3765.2000,3766.2000,1,1,2,1,1,1,1,2,1,2
SF,IF2007,2020-05-27 10:38:45.200,3763.8000,7934,0,1589765700.000,0,-,-,-,-,3763.4000,3763.0000,3762.6000,3762.2000,3762.0000,3764.2000,3764.6000,3765.0000,3765.2000,3766.2000,1,2,1,1,2,1,1,2,1,2
SF,IF2007,2020-05-27 10:38:47.200,3763.8000,7934,0,1589765700.000,0,-,-,-,-,3763.0000,3762.6000,3762.2000,3762.0000,3761.6000,3764.2000,3764.6000,3765.0000,3765.2000,3766.2000,2,1,1,2,1,1,1,2,1,2
SF,IF2007,2020-05-27 10:38:47.700,3763.8000,7934,0,1589765700.000,0,-,-,-,-,3763.0000,3762.6000,3762.2000,3762.0000,3761.6000,3764.0000,3764.2000,3765.0000,3765.2000,3766.2000,2,1,1,2,1,1,1,2,1,2
SF,IF2007,2020-05-27 10:38:49.200,3763.8000,7934,0,1589765700.000,0,-,-,-,-,3763.0000,3762.2000,3762.0000,3761.6000,3760.2000,3764.0000,3764.2000,3765.0000,3765.2000,3766.2000,2,1,2,1,2,1,1,2,1,2
SF,IF2007,2020-05-27 10:38:50.200,3763.8000,7934,0,1589765700.000,0,-,-,-,-,3763.0000,3762.2000,3762.0000,3761.6000,3760.2000,3764.0000,3764.2000,3765.0000,3765.2000,3766.2000,2,1,2,1,2,2,1,2,1,2
SF,IF2007,2020-05-27 10:38:50.700,3763.8000,7934,0,1589765700.000,0,-,-,-,-,3763.2000,3763.0000,3762.2000,3762.0000,3761.6000,3764.0000,3764.2000,3765.0000,3765.2000,3766.2000,1,2,1,2,1,2,1,2,1,2
SF,IF2007,2020-05-27 10:38:51.200,3763.8000,7934,0,1589765700.000,0,-,-,-,-,3763.2000,3763.0000,3762.2000,3762.0000,3761.6000,3764.0000,3764.2000,3765.0000,3765.2000,3766.2000,1,2,1,2,1,1,1,2,1,2
SF,IF2007,2020-05-27 10:38:51.700,3764.2000,7936,2,1592024160.000,2,2,0,双开,S,3763.4000,3763.2000,3763.0000,3762.2000,3762.0000,3765.0000,3765.2000,3766.2000,3766.6000,3769.8000,1,1,2,1,2,2,1,2,2,1
SF,IF2007,2020-05-27 10:38:52.200,3764.2000,7936,0,1592024160.000,0,-,-,-,-,3763.6000,3763.4000,3763.0000,3762.2000,3762.0000,3764.8000,3765.0000,3765.2000,3766.2000,3766.6000,1,1,2,1,2,2,2,1,2,2
SF,IF2007,2020-05-27 10:38:52.700,3764.2000,7936,0,1592024160.000,0,-,-,-,-,3763.6000,3763.4000,3763.0000,3762.2000,3762.0000,3764.6000,3764.8000,3765.0000,3765.2000,3766.2000,1,1,2,1,2,1,2,2,1,2
SF,IF2007,2020-05-27 10:38:53.200,3764.2000,7936,0,1592024160.000,0,-,-,-,-,3763.4000,3763.0000,3762.2000,3762.0000,3761.6000,3764.4000,3764.6000,3764.8000,3765.0000,3765.2000,1,2,1,2,1,2,1,2,2,1
SF,IF2007,2020-05-27 10:38:53.700,3764.2000,7936,0,1592024160.000,0,-,-,-,-,3763.4000,3763.0000,3762.2000,3762.0000,3761.6000,3764.2000,3764.4000,3764.8000,3765.0000,3765.2000,1,2,1,2,1,1,2,1,2,1
SF,IF2007,2020-05-27 10:38:54.200,3764.2000,7936,0,1592024160.000,0,-,-,-,-,3763.4000,3763.0000,3762.2000,3762.0000,3761.6000,3764.2000,3764.4000,3765.0000,3765.2000,3766.2000,1,2,1,2,1,1,2,2,1,2
SF,IF2007,2020-05-27 10:38:58.200,3764.2000,7936,0,1592024160.000,0,-,-,-,-,3763.0000,3762.2000,3762.0000,3761.6000,3760.2000,3764.2000,3764.4000,3765.0000,3765.2000,3766.2000,2,1,2,1,2,1,2,2,1,2
SF,IF2007,2020-05-27 10:38:58.700,3764.2000,7936,0,1592024160.000,0,-,-,-,-,3763.2000,3763.0000,3762.2000,3762.0000,3761.6000,3764.2000,3764.4000,3765.0000,3765.2000,3766.2000,1,2,1,2,1,1,2,2,1,2
SF,IF2007,2020-05-27 10:38:59.200,3764.2000,7936,0,1592024160.000,0,-,-,-,-,3763.0000,3762.2000,3762.0000,3761.6000,3760.2000,3764.2000,3764.4000,3765.0000,3765.2000,3766.2000,2,1,2,1,2,1,2,2,1,2
SF,IF2007,2020-05-27 10:38:59.700,3764.2000,7936,0,1592024160.000,0,-,-,-,-,3763.0000,3762.2000,3762.0000,3761.6000,3760.2000,3764.0000,3764.2000,3764.4000,3765.0000,3765.2000,2,1,2,1,2,1,1,2,2,1
SF,IF2007,2020-05-27 10:39:00.200,3764.2000,7936,0,1592024160.000,0,-,-,-,-,3763.0000,3762.2000,3762.0000,3761.6000,3760.2000,3764.0000,3764.2000,3764.4000,3765.0000,3765.2000,2,1,2,1,2,2,1,2,2,1
SF,IF2007,2020-05-27 10:39:03.700,3764.0000,7937,1,1593153360.000,1,1,0,双开,S,3763.0000,3762.2000,3762.0000,3761.6000,3760.2000,3764.0000,3764.2000,3764.4000,3765.0000,3765.2000,2,1,2,1,2,1,1,2,2,1
SF,IF2007,2020-05-27 10:39:04.700,3764.0000,7937,0,1593153360.000,0,-,-,-,-,3763.0000,3762.2000,3762.0000,3761.6000,3760.2000,3764.2000,3764.4000,3765.0000,3765.2000,3766.2000,2,1,2,1,2,1,2,2,1,2
SF,IF2007,2020-05-27 10:39:05.200,3764.0000,7937,0,1593153360.000,0,-,-,-,-,3763.2000,3763.0000,3762.2000,3762.0000,3761.6000,3764.2000,3764.4000,3765.0000,3765.2000,3766.2000,2,2,1,2,1,1,2,2,1,2
SF,IF2007,2020-05-27 10:39:05.700,3764.0000,7937,0,1593153360.000,0,-,-,-,-,3763.2000,3763.0000,3762.2000,3762.0000,3761.6000,3764.2000,3764.4000,3765.0000,3765.2000,3766.2000,2,3,1,2,1,1,2,2,1,2
SF,IF2007,2020-05-27 10:39:06.200,3764.0000,7937,0,1593153360.000,0,-,-,-,-,3763.2000,3763.0000,3762.2000,3762.0000,3761.6000,3764.2000,3764.4000,3765.0000,3765.2000,3766.2000,2,3,1,2,1,1,2,2,1,2
SF,IF2007,2020-05-27 10:39:06.700,3764.0000,7937,0,1593153360.000,0,-,-,-,-,3764.0000,3763.4000,3763.2000,3763.0000,3762.2000,3764.2000,3764.4000,3765.0000,3765.2000,3766.2000,2,1,1,3,1,1,1,2,1,2
SF,IF2007,2020-05-27 10:39:07.200,3764.0000,7939,2,1595411760.000,2,2,0,双开,S,3763.4000,3763.2000,3763.0000,3762.2000,3762.0000,3763.6000,3764.0000,3764.2000,3764.4000,3765.0000,1,1,3,1,2,1,2,1,1,2
SF,IF2007,2020-05-27 10:39:07.700,3763.6000,7939,0,1596540840.000,1,0,1,多换,S,3763.2000,3763.0000,3762.2000,3762.0000,3761.6000,3764.0000,3764.2000,3764.4000,3765.0000,3765.2000,1,3,1,2,1,2,1,1,2,1
SF,IF2007,2020-05-27 10:39:08.200,3763.6000,7939,0,1596540840.000,0,-,-,-,-,3763.2000,3763.0000,3762.2000,3762.0000,3761.6000,3764.4000,3765.0000,3765.2000,3766.2000,3766.6000,1,3,1,2,1,1,2,1,1,2
SF,IF2007,2020-05-27 10:39:08.700,3763.6000,7939,0,1596540840.000,0,-,-,-,-,3763.2000,3763.0000,3762.2000,3762.0000,3761.6000,3764.4000,3765.0000,3765.2000,3766.2000,3766.6000,1,3,1,2,1,1,2,1,1,2
SF,IF2007,2020-05-27 10:39:09.200,3763.6000,7939,0,1596540840.000,0,-,-,-,-,3763.4000,3763.2000,3763.0000,3762.2000,3762.0000,3764.4000,3765.0000,3765.2000,3766.2000,3766.6000,2,1,3,1,2,1,2,1,1,2
SF,IF2007,2020-05-27 10:39:14.700,3764.4000,7939,0,1597670160.000,1,0,1,多换,S,3763.4000,3763.2000,3763.0000,3762.2000,3762.0000,3765.0000,3765.2000,3766.2000,3766.6000,3769.8000,2,1,3,1,2,2,1,1,2,1
SF,IF2007,2020-05-27 10:39:15.200,3764.4000,7939,0,1597670160.000,0,-,-,-,-,3763.6000,3763.4000,3763.0000,3762.2000,3762.0000,3764.4000,3764.8000,3765.0000,3765.2000,3766.2000,1,1,3,1,2,1,2,2,1,1
SF,IF2007,2020-05-27 10:39:19.200,3764.4000,7939,0,1597670160.000,0,-,-,-,-,3763.6000,3763.4000,3763.0000,3762.2000,3762.0000,3764.4000,3764.8000,3765.0000,3765.2000,3766.2000,1,1,3,1,2,2,2,2,1,1
SF,IF2007,2020-05-27 10:39:22.700,3764.4000,7939,0,1597670160.000,0,-,-,-,-,3763.6000,3763.4000,3763.0000,3762.2000,3762.0000,3764.2000,3764.4000,3764.8000,3765.0000,3765.2000,1,1,3,1,2,1,2,2,2,1
SF,IF2007,2020-05-27 10:39:23.200,3764.4000,7939,0,1597670160.000,0,-,-,-,-,3763.4000,3763.0000,3762.2000,3762.0000,3761.6000,3764.2000,3764.4000,3764.8000,3765.0000,3765.2000,1,3,1,2,1,1,2,2,2,1
SF,IF2007,2020-05-27 10:39:24.700,3764.4000,7939,0,1597670160.000,0,-,-,-,-,3763.4000,3763.0000,3762.2000,3762.0000,3761.6000,3764.2000,3764.4000,3764.8000,3765.0000,3765.2000,1,3,1,2,1,1,2,1,2,1
SF,IF2007,2020-05-27 10:39:25.200,3764.4000,7939,0,1597670160.000,0,-,-,-,-,3763.0000,3762.2000,3762.0000,3761.6000,3761.0000,3764.2000,3764.4000,3764.8000,3765.0000,3765.2000,3,1,2,1,2,1,2,1,2,1
SF,IF2007,2020-05-27 10:39:25.700,3764.4000,7939,0,1597670160.000,0,-,-,-,-,3763.2000,3763.0000,3762.2000,3762.0000,3761.6000,3764.2000,3764.4000,3765.0000,3765.2000,3766.2000,2,3,1,2,1,1,2,2,1,1
SF,IF2007,2020-05-27 10:39:26.700,3764.4000,7939,0,1597670160.000,0,-,-,-,-,3763.2000,3763.0000,3762.2000,3762.0000,3761.6000,3763.8000,3764.2000,3764.4000,3765.0000,3765.2000,2,3,1,2,1,1,1,2,2,1
SF,IF2007,2020-05-27 10:39:27.200,3764.4000,7939,0,1597670160.000,0,-,-,-,-,3763.2000,3763.0000,3762.2000,3762.0000,3761.6000,3763.8000,3764.2000,3764.4000,3765.0000,3765.2000,1,3,1,2,1,1,1,2,2,1
SF,IF2007,2020-05-27 10:39:29.200,3764.4000,7939,0,1597670160.000,0,-,-,-,-,3763.2000,3763.0000,3762.2000,3762.0000,3761.6000,3764.2000,3764.4000,3765.0000,3765.2000,3766.2000,1,3,1,2,1,1,2,2,1,1
SF,IF2007,2020-05-27 10:39:29.700,3764.4000,7939,0,1597670160.000,0,-,-,-,-,3763.2000,3763.0000,3762.2000,3762.0000,3761.6000,3764.0000,3764.2000,3764.4000,3765.0000,3765.2000,1,3,1,2,1,1,1,2,2,1
SF,IF2007,2020-05-27 10:39:30.200,3764.4000,7939,0,1597670160.000,0,-,-,-,-,3763.0000,3762.2000,3762.0000,3761.6000,3761.0000,3764.0000,3764.2000,3764.4000,3765.0000,3765.2000,3,1,2,1,2,1,1,2,2,1
SF,IF2007,2020-05-27 10:39:31.700,3764.4000,7939,0,1597670160.000,0,-,-,-,-,3763.0000,3762.2000,3762.0000,3761.6000,3761.0000,3763.8000,3764.0000,3764.2000,3764.4000,3765.0000,3,1,2,1,2,1,1,1,2,2
SF,IF2007,2020-05-27 10:39:32.200,3764.4000,7939,0,1597670160.000,0,-,-,-,-,3763.0000,3762.2000,3762.0000,3761.6000,3761.0000,3763.6000,3763.8000,3764.0000,3764.2000,3764.4000,3,1,2,1,2,1,1,1,1,2
SF,IF2007,2020-05-27 10:39:32.700,3764.4000,7939,0,1597670160.000,0,-,-,-,-,3763.0000,3762.2000,3762.0000,3761.6000,3761.0000,3763.2000,3763.6000,3763.8000,3764.0000,3764.2000,3,1,2,1,2,1,1,1,1,1
SF,IF2007,2020-05-27 10:39:33.700,3763.0000,7937,-2,1601056860.000,3,0,3,多平,S,3762.2000,3762.0000,3761.6000,3761.0000,3760.2000,3763.0000,3763.2000,3763.6000,3763.8000,3764.0000,1,2,1,2,2,1,1,1,1,1
SF,IF2007,2020-05-27 10:39:35.700,3763.0000,7937,0,1602185760.000,1,0,1,多换,S,3762.2000,3762.0000,3761.6000,3761.0000,3760.2000,3763.2000,3763.6000,3763.8000,3764.0000,3764.2000,1,2,1,2,2,1,1,1,1,1
SF,IF2007,2020-05-27 10:39:36.200,3763.0000,7937,0,1602185760.000,0,-,-,-,-,3762.2000,3762.0000,3761.6000,3761.0000,3760.2000,3763.2000,3763.6000,3764.0000,3764.2000,3764.4000,1,2,1,2,2,1,1,1,1,1
SF,IF2007,2020-05-27 10:39:36.700,3763.0000,7937,0,1602185760.000,0,-,-,-,-,3762.4000,3762.2000,3762.0000,3761.6000,3761.0000,3763.2000,3763.6000,3764.0000,3764.2000,3764.4000,1,1,2,1,2,1,1,1,1,1
SF,IF2007,2020-05-27 10:39:37.700,3763.0000,7937,0,1602185760.000,0,-,-,-,-,3762.4000,3762.2000,3762.0000,3761.6000,3761.0000,3763.2000,3763.6000,3764.0000,3764.2000,3764.4000,1,1,2,1,2,1,1,1,1,1
SF,IF2007,2020-05-27 10:39:38.200,3763.0000,7937,0,1602185760.000,0,-,-,-,-,3762.0000,3761.6000,3761.0000,3760.2000,3760.0000,3763.0000,3763.2000,3763.6000,3764.2000,3764.4000,2,1,2,2,2,1,1,1,1,1
SF,IF2007,2020-05-27 10:39:38.700,3763.0000,7937,0,1602185760.000,0,-,-,-,-,3762.2000,3762.0000,3761.6000,3761.0000,3760.2000,3763.2000,3763.6000,3764.2000,3764.4000,3765.0000,1,2,1,2,2,1,1,1,1,2
SF,IF2007,2020-05-27 10:39:40.200,3763.0000,7937,0,1602185760.000,0,-,-,-,-,3762.2000,3762.0000,3761.6000,3761.0000,3760.2000,3763.2000,3764.2000,3764.4000,3765.0000,3766.2000,1,2,1,2,2,1,1,1,2,1
SF,IF2007,2020-05-27 10:39:40.700,3763.0000,7937,0,1602185760.000,0,-,-,-,-,3762.2000,3762.0000,3761.6000,3761.0000,3760.2000,3763.2000,3764.4000,3765.0000,3766.2000,3766.6000,1,2,1,2,2,1,1,2,1,2
SF,IF2007,2020-05-27 10:39:41.200,3763.0000,7937,0,1602185760.000,0,-,-,-,-,3762.6000,3762.2000,3762.0000,3761.6000,3761.0000,3763.2000,3764.4000,3765.0000,3766.2000,3766.6000,1,1,2,1,2,1,1,2,1,2
SF,IF2007,2020-05-27 10:39:43.200,3763.0000,7937,0,1602185760.000,0,-,-,-,-,3762.6000,3762.2000,3762.0000,3761.6000,3761.0000,3763.0000,3763.2000,3764.4000,3765.0000,3766.2000,1,1,2,1,2,1,1,1,2,1
SF,IF2007,2020-05-27 10:39:43.700,3763.0000,7937,0,1603314660.000,1,0,1,多换,S,3762.6000,3762.2000,3762.0000,3761.6000,3761.0000,3763.2000,3764.4000,3765.0000,3766.2000,3766.6000,1,1,2,1,2,1,1,2,1,2
SF,IF2007,2020-05-27 10:39:44.700,3763.0000,7937,0,1603314660.000,0,-,-,-,-,3762.2000,3762.0000,3761.6000,3761.0000,3760.2000,3763.0000,3763.2000,3764.4000,3765.0000,3766.2000,1,2,1,2,2,1,1,1,2,1
SF,IF2007,2020-05-27 10:39:46.200,3763.0000,7937,0,1604443560.000,1,0,1,多换,S,3762.4000,3762.2000,3762.0000,3761.6000,3761.0000,3763.2000,3764.4000,3765.0000,3766.2000,3766.6000,1,1,2,1,2,1,1,2,1,2
SF,IF2007,2020-05-27 10:39:47.200,3763.0000,7937,0,1604443560.000,0,-,-,-,-,3762.4000,3762.2000,3762.0000,3761.6000,3761.0000,3763.0000,3763.2000,3764.4000,3765.0000,3766.2000,1,1,2,1,2,1,1,1,2,1
SF,IF2007,2020-05-27 10:39:48.700,3763.0000,7937,0,1604443560.000,0,-,-,-,-,3762.4000,3762.2000,3762.0000,3761.6000,3761.0000,3763.0000,3763.2000,3764.4000,3765.0000,3766.2000,1,1,2,1,2,2,1,1,2,1
SF,IF2007,2020-05-27 10:39:49.700,3763.0000,7937,0,1604443560.000,0,-,-,-,-,3762.2000,3762.0000,3761.6000,3761.0000,3760.2000,3763.0000,3763.2000,3764.4000,3765.0000,3766.2000,1,2,1,2,2,2,1,1,2,1
SF,IF2007,2020-05-27 10:39:53.700,3762.2000,7938,1,1605572220.000,1,1,0,双开,S,3762.0000,3761.6000,3761.0000,3760.2000,3760.0000,3763.0000,3763.2000,3764.4000,3765.0000,3766.2000,2,1,2,2,2,2,1,1,2,1
SF,IF2007,2020-05-27 10:39:54.200,3762.2000,7938,0,1605572220.000,0,-,-,-,-,3762.0000,3761.6000,3761.0000,3760.2000,3760.0000,3762.8000,3763.0000,3763.2000,3764.4000,3765.0000,2,1,2,2,2,1,2,1,1,2
SF,IF2007,2020-05-27 10:39:54.700,3762.0000,7940,2,1607829420.000,2,2,0,双开,S,3761.6000,3761.0000,3760.2000,3760.0000,3758.8000,3762.8000,3763.0000,3763.2000,3764.4000,3765.0000,1,2,2,2,3,1,2,1,1,2
SF,IF2007,2020-05-27 10:39:55.200,3762.0000,7940,0,1607829420.000,0,-,-,-,-,3761.6000,3761.0000,3760.2000,3760.0000,3758.8000,3762.8000,3763.0000,3763.2000,3764.4000,3765.0000,1,2,2,2,3,1,2,1,1,2
SF,IF2007,2020-05-27 10:39:55.700,3762.0000,7940,0,1607829420.000,0,-,-,-,-,3761.8000,3761.6000,3761.0000,3760.2000,3760.0000,3763.0000,3763.2000,3764.4000,3765.0000,3766.2000,4,1,2,2,2,2,1,1,2,1
SF,IF2007,2020-05-27 10:39:56.200,3762.0000,7940,0,1607829420.000,0,-,-,-,-,3762.0000,3761.8000,3761.6000,3761.0000,3760.2000,3763.0000,3763.2000,3764.4000,3765.0000,3766.2000,3,2,1,2,2,2,1,1,2,1
SF,IF2007,2020-05-27 10:39:56.700,3762.0000,7940,0,1607829420.000,0,-,-,-,-,3762.2000,3762.0000,3761.8000,3761.6000,3761.0000,3762.8000,3763.0000,3763.2000,3764.4000,3765.0000,1,3,2,1,2,1,2,1,1,2
SF,IF2007,2020-05-27 10:39:57.200,3762.0000,7940,0,1607829420.000,0,-,-,-,-,3762.2000,3762.0000,3761.8000,3761.6000,3761.0000,3762.8000,3763.0000,3763.2000,3764.4000,3765.0000,1,3,1,1,2,1,2,1,1,2
SF,IF2007,2020-05-27 10:39:57.700,3762.0000,7940,0,1607829420.000,0,-,-,-,-,3762.0000,3761.8000,3761.6000,3761.0000,3760.2000,3762.8000,3763.0000,3763.2000,3764.4000,3765.0000,3,1,1,2,2,1,2,1,1,2
SF,IF2007,2020-05-27 10:39:58.200,3762.0000,7940,0,1607829420.000,0,-,-,-,-,3762.0000,3761.8000,3761.6000,3761.0000,3760.2000,3762.6000,3762.8000,3763.0000,3763.2000,3764.4000,3,1,1,2,2,1,1,2,1,1
SF,IF2007,2020-05-27 10:39:58.700,3762.8000,7940,0,1608958260.000,1,0,1,多换,S,3762.0000,3761.8000,3761.6000,3761.0000,3760.2000,3763.0000,3763.2000,3764.4000,3765.0000,3766.2000,2,1,1,2,2,2,1,1,2,1
SF,IF2007,2020-05-27 10:39:59.200,3762.8000,7940,0,1608958260.000,0,-,-,-,-,3762.0000,3761.8000,3761.6000,3761.0000,3760.2000,3763.0000,3763.2000,3764.4000,3765.0000,3766.2000,2,1,1,2,2,1,1,1,2,1
SF,IF2007,2020-05-27 10:40:00.200,3762.8000,7940,0,1608958260.000,0,-,-,-,-,3762.2000,3762.0000,3761.8000,3761.6000,3761.0000,3763.0000,3763.2000,3764.4000,3765.0000,3766.2000,1,2,1,1,2,1,1,1,2,1
SF,IF2007,2020-05-27 10:40:00.700,3763.0000,7940,0,1610087160.000,1,0,1,多换,S,3762.4000,3762.2000,3761.6000,3761.0000,3760.2000,3763.2000,3764.4000,3765.0000,3766.2000,3766.6000,1,1,1,2,2,1,1,2,1,2
SF,IF2007,2020-05-27 10:40:01.200,3763.0000,7940,0,1610087160.000,0,-,-,-,-,3762.4000,3762.2000,3761.6000,3761.0000,3760.2000,3763.2000,3764.4000,3765.0000,3766.2000,3766.6000,1,1,1,2,2,1,1,2,1,2
SF,IF2007,2020-05-27 10:40:01.700,3763.0000,7940,0,1610087160.000,0,-,-,-,-,3761.6000,3761.0000,3760.2000,3760.0000,3758.8000,3763.2000,3765.0000,3766.2000,3766.6000,3769.8000,1,2,2,2,3,1,2,1,2,1
SF,IF2007,2020-05-27 10:40:02.200,3763.0000,7940,0,1610087160.000,0,-,-,-,-,3761.8000,3761.6000,3761.0000,3760.2000,3760.0000,3763.0000,3763.2000,3763.6000,3765.0000,3766.2000,2,1,2,2,2,1,1,1,2,1
SF,IF2007,2020-05-27 10:40:02.700,3763.0000,7940,0,1610087160.000,0,-,-,-,-,3761.6000,3761.0000,3760.2000,3760.0000,3758.8000,3762.0000,3762.6000,3762.8000,3763.6000,3765.0000,1,2,2,2,3,1,2,2,1,2
SF,IF2007,2020-05-27 10:40:03.200,3762.0000,7940,0,1611215760.000,1,0,1,多换,S,3761.6000,3761.0000,3760.2000,3760.0000,3758.8000,3762.6000,3762.8000,3765.0000,3766.6000,3768.0000,1,2,2,2,3,2,2,2,2,1
SF,IF2007,2020-05-27 10:40:03.700,3761.6000,7941,1,1612344240.000,1,1,0,双开,S,3761.0000,3760.2000,3760.0000,3758.8000,3758.0000,3762.2000,3762.6000,3762.8000,3765.0000,3766.6000,2,2,2,3,1,1,2,2,2,2
SF,IF2007,2020-05-27 10:40:04.200,3761.6000,7941,0,1612344240.000,0,-,-,-,-,3761.2000,3761.0000,3760.2000,3760.0000,3758.8000,3762.2000,3762.6000,3762.8000,3765.0000,3766.6000,4,2,2,2,3,2,2,1,2,2
SF,IF2007,2020-05-27 10:40:04.700,3761.6000,7941,0,1612344240.000,0,-,-,-,-,3761.2000,3761.0000,3760.2000,3760.0000,3758.8000,3762.2000,3762.6000,3762.8000,3765.0000,3766.6000,4,2,2,2,3,1,2,1,2,2
SF,IF2007,2020-05-27 10:40:05.200,3761.6000,7941,0,1612344240.000,0,-,-,-,-,3761.4000,3761.2000,3761.0000,3760.2000,3760.0000,3762.2000,3762.6000,3762.8000,3765.0000,3766.6000,1,4,2,2,2,1,2,1,2,2
SF,IF2007,2020-05-27 10:40:05.700,3761.6000,7941,0,1612344240.000,0,-,-,-,-,3761.4000,3761.2000,3761.0000,3760.2000,3760.0000,3762.2000,3762.6000,3762.8000,3765.0000,3766.6000,1,4,2,2,2,1,2,1,2,2
SF,IF2007,2020-05-27 10:40:11.200,3761.6000,7941,0,1612344240.000,0,-,-,-,-,3761.6000,3761.2000,3761.0000,3760.2000,3760.0000,3761.8000,3762.2000,3762.6000,3762.8000,3765.0000,1,2,2,2,2,1,1,2,1,2
SF,IF2007,2020-05-27 10:40:11.700,3761.6000,7941,0,1612344240.000,0,-,-,-,-,3761.6000,3761.2000,3761.0000,3760.2000,3760.0000,3761.8000,3762.2000,3762.6000,3762.8000,3765.0000,1,2,2,2,2,1,1,2,1,2
SF,IF2007,2020-05-27 10:40:12.200,3761.6000,7941,0,1612344240.000,0,-,-,-,-,3761.6000,3761.2000,3761.0000,3760.2000,3760.0000,3761.8000,3762.2000,3762.6000,3762.8000,3765.0000,1,2,2,2,2,1,1,2,1,2
SF,IF2007,2020-05-27 10:40:13.200,3761.8000,7941,0,1613472780.000,1,0,1,多换,S,3761.6000,3761.2000,3761.0000,3760.2000,3760.0000,3762.2000,3762.6000,3762.8000,3765.0000,3766.6000,1,2,2,2,2,1,2,1,2,2
SF,IF2007,2020-05-27 10:40:13.700,3761.8000,7941,0,1613472780.000,0,-,-,-,-,3761.6000,3761.2000,3761.0000,3760.2000,3760.0000,3762.2000,3762.6000,3762.8000,3765.0000,3766.6000,1,2,2,2,2,1,1,1,2,2
SF,IF2007,2020-05-27 10:40:14.200,3761.6000,7941,0,1614601260.000,1,0,1,多换,S,3761.2000,3761.0000,3760.2000,3760.0000,3758.8000,3761.6000,3762.2000,3762.6000,3762.8000,3765.0000,2,2,2,2,3,1,1,1,1,2
SF,IF2007,2020-05-27 10:40:14.700,3761.6000,7941,0,1615729740.000,1,0,1,多换,S,3761.2000,3761.0000,3760.2000,3760.0000,3758.8000,3762.0000,3762.2000,3762.8000,3765.0000,3766.6000,2,2,2,2,3,1,1,1,2,2
SF,IF2007,2020-05-27 10:40:15.200,3761.6000,7941,0,1615729740.000,0,-,-,-,-,3761.2000,3761.0000,3760.2000,3760.0000,3758.8000,3762.2000,3762.8000,3765.0000,3766.6000,3768.0000,2,2,2,2,3,1,1,2,2,1
SF,IF2007,2020-05-27 10:40:15.700,3761.6000,7941,0,1615729740.000,0,-,-,-,-,3761.4000,3761.2000,3761.0000,3760.2000,3760.0000,3762.2000,3762.8000,3765.0000,3766.6000,3768.0000,1,2,2,2,2,1,1,2,2,1
SF,IF2007,2020-05-27 10:40:16.200,3761.6000,7941,0,1615729740.000,0,-,-,-,-,3761.6000,3761.4000,3761.2000,3761.0000,3760.2000,3762.2000,3762.8000,3765.0000,3766.6000,3768.0000,1,1,2,2,2,1,1,2,2,1
SF,IF2007,2020-05-27 10:40:19.200,3761.6000,7941,0,1615729740.000,0,-,-,-,-,3761.4000,3761.2000,3761.0000,3760.2000,3760.0000,3762.2000,3762.8000,3765.0000,3766.6000,3768.0000,1,2,2,2,2,1,2,2,2,1
SF,IF2007,2020-05-27 10:40:19.700,3761.6000,7941,0,1615729740.000,0,-,-,-,-,3761.2000,3761.0000,3760.2000,3760.0000,3758.8000,3762.0000,3762.2000,3762.8000,3765.0000,3766.6000,1,2,2,2,3,1,1,1,2,2
SF,IF2007,2020-05-27 10:40:20.200,3761.6000,7941,0,1615729740.000,0,-,-,-,-,3761.2000,3761.0000,3760.2000,3760.0000,3758.8000,3762.0000,3762.2000,3762.8000,3765.0000,3766.6000,1,2,2,2,3,1,2,1,2,2
SF,IF2007,2020-05-27 10:40:25.700,3761.2000,7942,1,1616858100.000,1,1,0,双开,S,3761.0000,3760.2000,3760.0000,3758.8000,3758.0000,3762.0000,3762.2000,3762.8000,3765.0000,3766.6000,2,2,2,3,1,1,2,1,2,2
SF,IF2007,2020-05-27 10:40:26.200,3761.2000,7942,0,1616858100.000,0,-,-,-,-,3761.2000,3761.0000,3760.2000,3760.0000,3758.8000,3762.2000,3762.8000,3765.0000,3766.6000,3768.0000,1,2,2,2,3,2,1,2,2,1
SF,IF2007,2020-05-27 10:40:29.200,3761.2000,7942,0,1616858100.000,0,-,-,-,-,3761.2000,3761.0000,3760.2000,3760.0000,3758.8000,3762.2000,3762.8000,3765.0000,3766.6000,3768.0000,1,2,2,2,3,1,1,2,2,1
SF,IF2007,2020-05-27 10:40:30.200,3762.2000,7943,1,1617986760.000,1,1,0,双开,S,3761.6000,3761.2000,3761.0000,3760.2000,3760.0000,3762.8000,3765.0000,3766.6000,3768.0000,3769.8000,2,1,2,2,2,1,2,2,1,1
SF,IF2007,2020-05-27 10:40:30.700,3762.2000,7943,0,1617986760.000,0,-,-,-,-,3761.8000,3761.6000,3761.0000,3760.2000,3760.0000,3762.6000,3762.8000,3765.0000,3766.6000,3768.0000,1,2,2,2,2,1,1,2,2,1
SF,IF2007,2020-05-27 10:40:31.200,3762.2000,7943,0,1617986760.000,0,-,-,-,-,3761.8000,3761.6000,3761.0000,3760.2000,3760.0000,3762.6000,3762.8000,3765.0000,3766.6000,3768.0000,1,2,2,2,2,2,1,2,2,1
SF,IF2007,2020-05-27 10:40:31.700,3762.2000,7943,0,1617986760.000,0,-,-,-,-,3761.8000,3761.6000,3761.0000,3760.2000,3760.0000,3762.8000,3763.4000,3765.0000,3766.6000,3768.0000,1,1,2,2,2,1,1,2,2,1
SF,IF2007,2020-05-27 10:40:32.200,3762.2000,7943,0,1617986760.000,0,-,-,-,-,3762.2000,3761.8000,3761.6000,3761.0000,3760.2000,3762.8000,3763.4000,3765.0000,3766.6000,3768.0000,1,1,1,2,2,1,1,2,2,1
SF,IF2007,2020-05-27 10:40:33.700,3762.2000,7944,1,1620244260.000,2,1,1,空开,S,3761.8000,3761.6000,3761.0000,3760.2000,3760.0000,3763.4000,3765.0000,3766.6000,3768.0000,3769.8000,1,1,2,2,2,1,2,2,1,1
SF,IF2007,2020-05-27 10:40:34.200,3762.2000,7944,0,1620244260.000,0,-,-,-,-,3762.2000,3761.8000,3761.6000,3761.0000,3760.2000,3763.2000,3763.4000,3764.0000,3765.0000,3766.6000,1,1,1,2,2,2,1,1,2,2
SF,IF2007,2020-05-27 10:40:34.700,3762.2000,7944,0,1620244260.000,0,-,-,-,-,3762.2000,3761.8000,3761.6000,3761.0000,3760.2000,3763.2000,3763.4000,3764.0000,3765.0000,3766.6000,1,1,1,2,2,2,1,1,2,2
SF,IF2007,2020-05-27 10:40:36.200,3762.2000,7944,0,1620244260.000,0,-,-,-,-,3762.8000,3762.2000,3761.8000,3761.6000,3761.0000,3763.2000,3763.4000,3764.0000,3765.0000,3766.6000,1,1,1,1,2,2,1,1,2,2
SF,IF2007,2020-05-27 10:40:36.700,3763.2000,7946,2,1622502180.000,2,2,0,双开,S,3762.8000,3761.8000,3761.6000,3761.0000,3760.2000,3764.0000,3764.2000,3765.0000,3766.6000,3768.0000,1,1,1,2,2,1,1,2,2,1
SF,IF2007,2020-05-27 10:40:37.200,3763.2000,7946,0,1622502180.000,0,-,-,-,-,3763.0000,3762.8000,3761.6000,3761.0000,3760.2000,3763.8000,3764.0000,3764.2000,3765.0000,3766.6000,1,1,1,2,2,1,1,1,2,2
SF,IF2007,2020-05-27 10:40:37.700,3763.2000,7946,0,1622502180.000,0,-,-,-,-,3763.0000,3762.8000,3761.6000,3761.0000,3760.2000,3763.8000,3764.2000,3765.0000,3766.6000,3768.0000,1,1,1,2,2,1,1,2,2,1
SF,IF2007,2020-05-27 10:40:38.200,3763.2000,7946,0,1622502180.000,0,-,-,-,-,3763.0000,3762.8000,3761.6000,3761.0000,3760.2000,3764.0000,3764.2000,3765.0000,3766.6000,3768.0000,1,1,1,2,2,1,1,2,2,1
SF,IF2007,2020-05-27 10:40:38.700,3763.2000,7946,0,1622502180.000,0,-,-,-,-,3763.0000,3762.8000,3761.6000,3761.0000,3760.2000,3763.8000,3764.0000,3764.2000,3765.0000,3766.6000,1,1,1,2,2,1,1,1,2,2
SF,IF2007,2020-05-27 10:40:39.200,3763.2000,7946,0,1622502180.000,0,-,-,-,-,3763.0000,3762.8000,3761.6000,3761.0000,3760.2000,3763.8000,3764.2000,3765.0000,3766.6000,3768.0000,1,1,1,2,2,1,1,2,2,1
SF,IF2007,2020-05-27 10:40:39.700,3763.2000,7946,0,1622502180.000,0,-,-,-,-,3763.0000,3762.8000,3761.6000,3761.0000,3760.2000,3763.8000,3764.0000,3764.2000,3765.0000,3766.6000,1,1,1,2,2,1,1,1,2,2
SF,IF2007,2020-05-27 10:40:40.200,3763.2000,7946,0,1622502180.000,0,-,-,-,-,3763.0000,3762.8000,3761.6000,3761.0000,3760.2000,3763.8000,3764.2000,3765.0000,3766.6000,3768.0000,1,1,1,2,2,1,1,2,2,1
SF,IF2007,2020-05-27 10:40:40.700,3763.2000,7946,0,1622502180.000,0,-,-,-,-,3763.0000,3762.8000,3761.6000,3761.0000,3760.2000,3763.8000,3764.0000,3764.2000,3765.0000,3766.6000,1,1,1,2,2,1,1,1,2,2
SF,IF2007,2020-05-27 10:40:41.200,3763.8000,7947,1,1623631320.000,1,1,0,双开,S,3763.0000,3762.8000,3761.6000,3761.0000,3760.2000,3764.2000,3765.0000,3766.6000,3768.0000,3769.8000,1,1,1,2,2,1,2,2,1,1
SF,IF2007,2020-05-27 10:40:41.700,3763.8000,7947,0,1623631320.000,0,-,-,-,-,3763.0000,3762.8000,3761.6000,3761.0000,3760.2000,3764.2000,3764.6000,3765.0000,3766.6000,3768.0000,1,1,1,2,2,1,1,2,2,1
SF,IF2007,2020-05-27 10:40:43.200,3763.8000,7947,0,1623631320.000,0,-,-,-,-,3763.0000,3762.8000,3761.6000,3761.0000,3760.2000,3764.2000,3764.6000,3765.0000,3766.6000,3768.0000,1,1,1,2,2,2,1,2,2,1
SF,IF2007,2020-05-27 10:40:43.700,3763.8000,7947,0,1623631320.000,0,-,-,-,-,3763.2000,3763.0000,3762.8000,3761.6000,3761.0000,3764.2000,3765.0000,3766.6000,3768.0000,3769.8000,1,1,1,1,2,2,2,2,1,1
SF,IF2007,2020-05-27 10:40:44.200,3763.8000,7947,0,1623631320.000,0,-,-,-,-,3763.4000,3763.2000,3762.8000,3761.6000,3761.0000,3764.2000,3765.0000,3766.6000,3768.0000,3769.8000,1,1,1,1,2,2,2,2,1,1
SF,IF2007,2020-05-27 10:40:44.700,3763.8000,7947,0,1623631320.000,0,-,-,-,-,3763.4000,3762.8000,3761.6000,3761.0000,3760.2000,3764.2000,3765.0000,3766.6000,3768.0000,3769.8000,1,1,1,2,2,2,2,2,1,1
SF,IF2007,2020-05-27 10:40:45.200,3763.8000,7947,0,1623631320.000,0,-,-,-,-,3763.4000,3762.8000,3761.6000,3761.0000,3760.2000,3764.2000,3765.0000,3766.6000,3768.0000,3769.8000,1,1,1,2,2,2,2,2,1,1
SF,IF2007,2020-05-27 10:40:45.700,3763.8000,7947,0,1623631320.000,0,-,-,-,-,3763.4000,3762.8000,3761.6000,3761.0000,3760.2000,3764.0000,3764.2000,3765.0000,3766.6000,3768.0000,1,1,1,2,2,2,2,2,2,1
SF,IF2007,2020-05-27 10:40:46.700,3763.8000,7947,0,1623631320.000,0,-,-,-,-,3763.4000,3762.8000,3761.6000,3761.0000,3760.2000,3764.2000,3765.0000,3766.6000,3768.0000,3769.8000,1,1,1,2,2,2,2,2,1,1
SF,IF2007,2020-05-27 10:40:48.200,3764.2000,7949,2,1625889840.000,2,2,0,双开,S,3763.4000,3762.8000,3761.6000,3761.0000,3760.2000,3765.0000,3766.6000,3768.0000,3769.8000,3770.0000,1,1,1,2,2,2,2,1,1,1
SF,IF2007,2020-05-27 10:40:48.700,3764.2000,7949,0,1625889840.000,0,-,-,-,-,3763.6000,3763.4000,3762.8000,3761.6000,3761.0000,3764.4000,3764.8000,3765.0000,3766.6000,3768.0000,1,1,1,1,2,1,2,2,2,1
SF,IF2007,2020-05-27 10:40:49.200,3764.2000,7949,0,1625889840.000,0,-,-,-,-,3763.8000,3763.6000,3762.8000,3761.6000,3761.0000,3764.4000,3764.6000,3764.8000,3765.0000,3766.6000,1,1,1,1,2,2,1,2,2,2
SF,IF2007,2020-05-27 10:40:49.700,3764.2000,7949,0,1625889840.000,0,-,-,-,-,3763.8000,3763.6000,3762.8000,3761.6000,3761.0000,3764.4000,3764.8000,3765.0000,3766.6000,3768.0000,1,1,1,1,2,2,2,2,2,1
SF,IF2007,2020-05-27 10:40:50.200,3764.4000,7950,1,1628148480.000,2,1,1,空开,S,3763.8000,3763.6000,3762.8000,3761.6000,3761.0000,3764.8000,3765.0000,3766.6000,3768.0000,3769.8000,1,1,1,1,2,1,2,2,1,1
SF,IF2007,2020-05-27 10:40:50.700,3764.4000,7950,0,1628148480.000,0,-,-,-,-,3763.8000,3763.6000,3762.8000,3761.6000,3761.0000,3764.8000,3765.0000,3766.6000,3768.0000,3769.8000,1,1,1,1,2,2,2,2,1,1
SF,IF2007,2020-05-27 10:40:54.200,3764.4000,7950,0,1628148480.000,0,-,-,-,-,3763.8000,3763.6000,3762.8000,3761.6000,3761.0000,3764.6000,3764.8000,3765.0000,3766.6000,3768.0000,1,1,1,1,2,1,2,2,2,1
SF,IF2007,2020-05-27 10:40:54.700,3764.6000,7956,6,1636054140.000,7,6,1,空开,S,3764.6000,3763.8000,3763.6000,3762.8000,3761.6000,3764.8000,3765.0000,3766.6000,3768.0000,3769.8000,6,1,1,1,1,2,2,2,1,1
SF,IF2007,2020-05-27 10:40:55.200,3764.6000,7957,1,1642830420.000,6,3,3,空开,S,3763.8000,3763.6000,3762.8000,3761.6000,3761.0000,3764.8000,3765.0000,3766.6000,3768.0000,3769.8000,1,1,1,1,2,1,2,2,1,1
SF,IF2007,2020-05-27 10:41:00.700,3764.6000,7957,0,1642830420.000,0,-,-,-,-,3764.0000,3763.8000,3762.8000,3761.6000,3761.0000,3764.8000,3765.0000,3766.6000,3768.0000,3769.8000,1,1,1,1,2,1,2,2,1,1
SF,IF2007,2020-05-27 10:41:01.200,3764.6000,7957,0,1642830420.000,0,-,-,-,-,3764.2000,3764.0000,3762.8000,3761.6000,3761.0000,3764.8000,3765.0000,3766.6000,3768.0000,3769.8000,1,1,1,1,2,1,2,2,1,1
SF,IF2007,2020-05-27 10:41:01.700,3764.6000,7957,0,1642830420.000,0,-,-,-,-,3764.2000,3764.0000,3761.6000,3761.0000,3760.2000,3764.8000,3765.0000,3766.6000,3768.0000,3769.8000,1,1,1,2,2,1,2,2,1,1
SF,IF2007,2020-05-27 10:41:02.200,3764.6000,7957,0,1642830420.000,0,-,-,-,-,3764.2000,3764.0000,3761.6000,3761.0000,3760.2000,3764.8000,3765.0000,3766.6000,3768.0000,3769.8000,1,1,1,2,2,1,2,2,1,1
SF,IF2007,2020-05-27 10:41:02.700,3764.6000,7957,0,1642830420.000,0,-,-,-,-,3764.2000,3764.0000,3761.6000,3761.0000,3760.2000,3764.8000,3765.0000,3766.6000,3768.0000,3769.8000,1,1,1,2,2,1,2,2,1,1
SF,IF2007,2020-05-27 10:41:03.200,3764.6000,7957,0,1642830420.000,0,-,-,-,-,3761.6000,3761.0000,3760.2000,3760.0000,3758.8000,3764.8000,3765.0000,3766.6000,3768.0000,3769.8000,1,2,2,2,3,1,2,2,1,1
SF,IF2007,2020-05-27 10:41:03.700,3764.6000,7957,0,1642830420.000,0,-,-,-,-,3763.2000,3762.4000,3762.2000,3762.0000,3761.8000,3764.2000,3764.6000,3764.8000,3765.0000,3766.6000,1,2,1,1,3,1,2,1,2,2
SF,IF2007,2020-05-27 10:41:04.200,3764.6000,7957,0,1642830420.000,0,-,-,-,-,3763.4000,3763.2000,3762.4000,3762.0000,3761.8000,3764.2000,3764.6000,3764.8000,3765.0000,3766.6000,1,1,2,1,2,1,1,1,2,2
SF,IF2007,2020-05-27 10:41:04.700,3764.6000,7957,0,1642830420.000,0,-,-,-,-,3763.4000,3763.2000,3762.4000,3762.0000,3761.8000,3764.2000,3764.6000,3764.8000,3765.0000,3766.6000,1,1,2,1,2,2,1,1,2,2
SF,IF2007,2020-05-27 10:41:06.200,3764.6000,7957,0,1642830420.000,0,-,-,-,-,3763.4000,3763.2000,3762.4000,3762.0000,3761.8000,3764.2000,3764.6000,3764.8000,3765.0000,3766.6000,1,1,2,1,2,2,1,2,2,2
SF,IF2007,2020-05-27 10:41:07.700,3764.6000,7957,0,1642830420.000,0,-,-,-,-,3763.4000,3763.2000,3762.4000,3762.0000,3761.8000,3764.2000,3764.8000,3765.0000,3766.6000,3768.0000,1,1,2,1,2,2,2,2,2,1
SF,IF2007,2020-05-27 10:41:08.200,3764.6000,7957,0,1642830420.000,0,-,-,-,-,3763.4000,3763.2000,3762.4000,3762.0000,3761.8000,3764.2000,3764.8000,3765.0000,3766.6000,3768.0000,1,1,2,1,2,1,2,2,2,1
SF,IF2007,2020-05-27 10:41:08.700,3764.2000,7957,0,1643959680.000,1,0,1,多换,S,3763.6000,3763.4000,3762.4000,3762.0000,3761.8000,3764.6000,3764.8000,3765.0000,3766.6000,3768.0000,2,1,2,1,2,1,2,2,2,1
SF,IF2007,2020-05-27 10:41:09.200,3764.2000,7957,0,1643959680.000,0,-,-,-,-,3763.8000,3763.6000,3762.4000,3762.0000,3761.8000,3764.6000,3764.8000,3765.0000,3766.6000,3768.0000,1,2,2,1,2,1,2,2,2,1
SF,IF2007,2020-05-27 10:41:11.700,3764.2000,7957,0,1643959680.000,0,-,-,-,-,3763.8000,3763.6000,3762.4000,3762.0000,3761.8000,3764.6000,3764.8000,3765.0000,3766.6000,3768.0000,1,2,2,1,2,1,2,2,2,1
SF,IF2007,2020-05-27 10:41:13.200,3764.6000,7957,0,1645089060.000,1,0,1,多换,S,3763.8000,3763.6000,3762.4000,3762.0000,3761.8000,3764.6000,3764.8000,3765.0000,3766.6000,3768.0000,1,2,2,1,2,1,2,2,2,1
SF,IF2007,2020-05-27 10:41:13.700,3764.8000,7957,0,1647347880.000,2,1,1,多换,S,3763.8000,3763.6000,3762.4000,3762.0000,3761.8000,3764.8000,3765.0000,3766.6000,3768.0000,3769.8000,1,2,2,1,2,1,2,2,1,1
SF,IF2007,2020-05-27 10:41:14.200,3764.8000,7957,0,1647347880.000,0,-,-,-,-,3763.8000,3763.6000,3762.4000,3762.0000,3761.8000,3764.8000,3765.0000,3766.6000,3768.0000,3769.8000,1,2,2,1,2,1,2,2,1,1
SF,IF2007,2020-05-27 10:41:14.700,3764.8000,7957,0,1647347880.000,0,-,-,-,-,3764.0000,3763.8000,3763.6000,3762.4000,3762.0000,3764.8000,3765.0000,3766.6000,3768.0000,3769.8000,1,1,1,2,1,1,2,2,1,1
SF,IF2007,2020-05-27 10:41:15.200,3764.8000,7957,0,1647347880.000,0,-,-,-,-,3764.2000,3764.0000,3763.6000,3762.4000,3762.0000,3764.8000,3765.0000,3766.6000,3768.0000,3769.8000,1,1,1,2,1,1,2,2,1,1
SF,IF2007,2020-05-27 10:41:17.200,3764.8000,7957,0,1648477320.000,1,0,1,多换,S,3764.2000,3764.0000,3763.6000,3762.4000,3762.0000,3765.0000,3766.6000,3768.0000,3769.8000,3770.0000,1,1,1,2,1,2,2,1,1,1
SF,IF2007,2020-05-27 10:41:17.700,3764.8000,7957,0,1648477320.000,0,-,-,-,-,3764.4000,3764.2000,3763.6000,3762.4000,3762.0000,3765.0000,3766.6000,3768.0000,3769.8000,3770.0000,1,1,1,2,1,2,2,1,1,1
SF,IF2007,2020-05-27 10:41:18.200,3764.8000,7957,0,1648477320.000,0,-,-,-,-,3764.6000,3764.4000,3763.6000,3762.4000,3762.0000,3765.0000,3765.4000,3766.6000,3768.0000,3769.8000,1,1,1,2,1,2,1,2,1,1
SF,IF2007,2020-05-27 10:41:18.700,3764.8000,7957,0,1648477320.000,0,-,-,-,-,3764.6000,3764.4000,3763.6000,3762.4000,3762.0000,3765.0000,3765.4000,3766.6000,3768.0000,3769.8000,1,1,1,2,1,2,1,2,1,1
SF,IF2007,2020-05-27 10:41:19.200,3764.6000,7958,1,1649606700.000,1,1,0,双开,S,3764.4000,3763.6000,3762.4000,3762.0000,3761.8000,3765.0000,3765.4000,3766.6000,3768.0000,3769.8000,1,1,2,1,2,2,1,2,1,1
SF,IF2007,2020-05-27 10:41:21.200,3765.0000,7958,0,1650736200.000,1,0,1,多换,S,3764.4000,3763.6000,3762.4000,3762.0000,3761.8000,3765.0000,3765.4000,3766.6000,3768.0000,3769.8000,1,1,2,1,2,1,1,2,1,1
SF,IF2007,2020-05-27 10:41:22.200,3765.0000,7959,1,1651865700.000,1,1,0,双开,S,3764.4000,3763.6000,3762.4000,3762.0000,3761.8000,3765.4000,3766.6000,3768.0000,3769.8000,3770.0000,1,1,2,1,2,1,2,1,1,1
SF,IF2007,2020-05-27 10:41:22.700,3765.0000,7959,0,1651865700.000,0,-,-,-,-,3764.6000,3764.4000,3763.6000,3762.4000,3762.0000,3765.4000,3766.6000,3768.0000,3769.8000,3770.0000,1,1,1,2,1,1,2,1,1,1
SF,IF2007,2020-05-27 10:41:23.200,3765.0000,7959,0,1651865700.000,0,-,-,-,-,3764.6000,3764.4000,3763.6000,3762.4000,3762.0000,3765.0000,3765.4000,3766.0000,3766.6000,3768.0000,1,1,1,2,1,1,1,1,2,1
SF,IF2007,2020-05-27 10:41:23.700,3765.0000,7958,-1,1652995200.000,1,0,1,双平,S,3764.6000,3764.4000,3763.6000,3762.4000,3762.0000,3765.4000,3766.6000,3768.0000,3769.8000,3770.0000,1,1,1,2,1,1,2,1,1,1
SF,IF2007,2020-05-27 10:41:24.200,3765.0000,7958,0,1652995200.000,0,-,-,-,-,3764.6000,3764.4000,3763.6000,3762.4000,3762.0000,3765.4000,3766.0000,3766.6000,3768.0000,3769.8000,1,1,1,2,1,1,1,2,1,1
SF,IF2007,2020-05-27 10:41:27.200,3764.6000,7959,1,1654124580.000,1,1,0,双开,S,3764.4000,3763.6000,3762.4000,3762.0000,3761.8000,3765.4000,3766.0000,3766.6000,3768.0000,3769.8000,1,1,2,1,2,1,1,2,1,1
SF,IF2007,2020-05-27 10:41:27.700,3764.6000,7959,0,1654124580.000,0,-,-,-,-,3764.4000,3763.6000,3762.4000,3762.0000,3761.8000,3765.2000,3765.4000,3766.0000,3766.6000,3768.0000,1,1,2,1,2,1,1,1,2,1
SF,IF2007,2020-05-27 10:41:28.200,3764.6000,7959,0,1654124580.000,0,-,-,-,-,3764.4000,3763.6000,3762.4000,3762.0000,3761.8000,3765.2000,3765.4000,3766.6000,3768.0000,3769.8000,1,1,2,1,2,1,1,2,1,1
SF,IF2007,2020-05-27 10:41:29.200,3764.6000,7959,0,1654124580.000,0,-,-,-,-,3764.6000,3764.4000,3763.6000,3762.4000,3762.0000,3765.2000,3765.4000,3766.6000,3768.0000,3769.8000,1,1,1,2,1,1,1,2,1,1
SF,IF2007,2020-05-27 10:41:32.700,3764.6000,7959,0,1654124580.000,0,-,-,-,-,3764.4000,3763.6000,3762.4000,3762.0000,3761.8000,3765.2000,3765.4000,3766.6000,3768.0000,3769.8000,1,1,2,1,2,1,1,2,1,1
SF,IF2007,2020-05-27 10:41:35.700,3765.2000,7960,1,1655254140.000,1,1,0,双开,S,3764.4000,3763.6000,3762.4000,3762.0000,3761.8000,3765.4000,3766.6000,3768.0000,3769.8000,3770.0000,1,1,2,1,2,1,2,1,1,1
SF,IF2007,2020-05-27 10:41:36.200,3765.2000,7960,0,1655254140.000,0,-,-,-,-,3764.6000,3764.4000,3763.6000,3762.4000,3762.0000,3765.4000,3765.8000,3766.6000,3768.0000,3769.8000,2,1,1,2,1,1,1,2,1,1
SF,IF2007,2020-05-27 10:41:36.700,3765.2000,7960,0,1655254140.000,0,-,-,-,-,3764.6000,3764.4000,3763.6000,3762.4000,3762.0000,3765.4000,3765.8000,3766.6000,3768.0000,3769.8000,2,1,1,2,1,1,1,2,1,1
SF,IF2007,2020-05-27 10:41:37.700,3765.4000,7960,0,1656383760.000,1,0,1,多换,S,3764.6000,3764.4000,3763.6000,3762.4000,3762.0000,3765.4000,3765.8000,3766.6000,3768.0000,3769.8000,2,1,1,2,1,1,1,2,1,1
SF,IF2007,2020-05-27 10:41:45.700,3765.4000,7960,0,1656383760.000,0,-,-,-,-,3764.6000,3764.4000,3763.6000,3762.4000,3762.0000,3764.8000,3765.4000,3765.8000,3766.6000,3768.0000,2,1,1,2,1,3,1,1,2,1
SF,IF2007,2020-05-27 10:41:46.200,3764.8000,7963,3,1659772080.000,3,3,0,双开,S,3764.6000,3764.4000,3763.6000,3762.4000,3762.0000,3765.4000,3765.8000,3766.6000,3768.0000,3769.8000,1,1,1,2,1,1,1,2,1,1
SF,IF2007,2020-05-27 10:41:48.700,3764.8000,7963,0,1659772080.000,0,-,-,-,-,3764.6000,3763.6000,3762.4000,3762.0000,3761.8000,3765.4000,3765.8000,3766.6000,3768.0000,3769.8000,1,1,2,1,2,1,1,2,1,1
SF,IF2007,2020-05-27 10:41:49.200,3764.8000,7963,0,1659772080.000,0,-,-,-,-,3764.6000,3763.6000,3762.4000,3762.0000,3761.8000,3765.2000,3765.4000,3765.8000,3766.6000,3768.0000,1,1,2,1,2,1,1,1,2,1
SF,IF2007,2020-05-27 10:41:49.700,3764.8000,7963,0,1659772080.000,0,-,-,-,-,3764.6000,3763.6000,3762.4000,3762.0000,3761.8000,3765.2000,3765.4000,3766.6000,3768.0000,3769.8000,1,1,2,1,2,1,1,2,1,1
SF,IF2007,2020-05-27 10:41:50.700,3764.8000,7963,0,1659772080.000,0,-,-,-,-,3763.6000,3762.4000,3762.0000,3761.8000,3761.6000,3765.2000,3765.4000,3766.6000,3768.0000,3769.8000,1,2,1,2,1,1,1,2,1,1
SF,IF2007,2020-05-27 10:41:51.200,3764.8000,7963,0,1659772080.000,0,-,-,-,-,3764.0000,3763.8000,3763.6000,3762.4000,3762.0000,3765.2000,3765.4000,3766.6000,3768.0000,3769.8000,1,1,1,2,1,2,1,2,1,1
SF,IF2007,2020-05-27 10:41:51.700,3764.8000,7963,0,1659772080.000,0,-,-,-,-,3764.0000,3763.8000,3763.6000,3762.4000,3762.0000,3765.2000,3765.4000,3766.6000,3768.0000,3769.8000,1,1,1,2,1,1,1,2,1,1
SF,IF2007,2020-05-27 10:41:52.200,3764.8000,7963,0,1659772080.000,0,-,-,-,-,3764.2000,3764.0000,3763.6000,3762.4000,3762.0000,3765.2000,3765.4000,3766.6000,3768.0000,3769.8000,1,1,1,2,1,1,1,2,1,1
SF,IF2007,2020-05-27 10:41:53.200,3764.8000,7963,0,1659772080.000,0,-,-,-,-,3764.4000,3764.2000,3763.6000,3762.4000,3762.0000,3765.2000,3765.4000,3766.6000,3768.0000,3769.8000,1,1,1,2,1,1,1,2,1,1
SF,IF2007,2020-05-27 10:41:58.700,3764.8000,7963,0,1659772080.000,0,-,-,-,-,3764.4000,3764.2000,3763.6000,3762.4000,3762.0000,3765.2000,3765.4000,3766.0000,3766.6000,3768.0000,1,1,1,2,1,1,1,1,2,1
SF,IF2007,2020-05-27 10:41:59.200,3764.8000,7963,0,1659772080.000,0,-,-,-,-,3764.4000,3764.2000,3763.6000,3762.4000,3762.0000,3765.2000,3765.4000,3766.0000,3766.6000,3768.0000,1,1,1,2,1,2,1,1,2,1
SF,IF2007,2020-05-27 10:41:59.700,3764.8000,7963,0,1659772080.000,0,-,-,-,-,3764.4000,3764.2000,3763.6000,3762.4000,3762.0000,3765.2000,3765.4000,3766.0000,3766.6000,3768.0000,1,1,1,2,1,1,1,1,2,1
SF,IF2007,2020-05-27 10:42:00.200,3764.8000,7963,0,1659772080.000,0,-,-,-,-,3764.4000,3764.2000,3763.6000,3762.4000,3762.0000,3765.2000,3765.4000,3766.0000,3766.6000,3768.0000,1,1,1,2,1,1,1,1,2,1
SF,IF2007,2020-05-27 10:42:03.700,3764.8000,7963,0,1659772080.000,0,-,-,-,-,3764.4000,3764.2000,3763.6000,3762.4000,3762.0000,3765.2000,3765.4000,3766.0000,3766.6000,3768.0000,1,1,1,2,1,1,1,1,2,1
SF,IF2007,2020-05-27 10:42:04.200,3764.8000,7963,0,1659772080.000,0,-,-,-,-,3764.4000,3763.6000,3762.4000,3762.0000,3761.8000,3765.0000,3765.2000,3765.4000,3766.0000,3766.6000,1,1,2,1,2,1,1,1,1,2
SF,IF2007,2020-05-27 10:42:04.700,3764.4000,7963,0,1660901400.000,1,0,1,多换,S,3763.6000,3762.4000,3762.0000,3761.8000,3761.6000,3765.0000,3765.4000,3766.0000,3766.6000,3768.0000,1,2,1,2,1,1,1,1,2,1
SF,IF2007,2020-05-27 10:42:05.200,3764.4000,7963,0,1660901400.000,0,-,-,-,-,3763.8000,3763.6000,3762.4000,3762.0000,3761.8000,3764.8000,3765.0000,3765.4000,3766.0000,3766.6000,2,1,2,1,2,1,1,1,1,2
SF,IF2007,2020-05-27 10:42:14.700,3764.4000,7963,0,1660901400.000,0,-,-,-,-,3763.8000,3763.6000,3762.4000,3762.0000,3761.8000,3764.4000,3764.8000,3765.0000,3765.4000,3766.0000,2,1,2,1,2,1,1,1,1,1
SF,IF2007,2020-05-27 10:42:15.200,3764.4000,7963,0,1662030720.000,1,0,1,多换,S,3763.8000,3763.6000,3762.4000,3762.0000,3761.8000,3764.8000,3765.0000,3765.4000,3766.0000,3766.6000,2,1,2,1,2,1,1,1,1,2
SF,IF2007,2020-05-27 10:42:18.200,3764.4000,7963,0,1662030720.000,0,-,-,-,-,3764.4000,3763.8000,3763.6000,3762.4000,3762.0000,3764.8000,3765.0000,3765.4000,3766.0000,3766.6000,1,2,1,1,1,1,1,1,1,2
SF,IF2007,2020-05-27 10:42:18.700,3764.8000,7964,1,1663160160.000,1,1,0,双开,S,3764.4000,3763.8000,3763.6000,3762.4000,3762.0000,3765.4000,3766.0000,3766.6000,3768.0000,3769.8000,1,1,1,1,1,1,1,2,1,1
SF,IF2007,2020-05-27 10:42:19.200,3764.8000,7964,0,1663160160.000,0,-,-,-,-,3764.6000,3764.4000,3763.6000,3762.4000,3762.0000,3765.4000,3766.0000,3766.6000,3768.0000,3769.8000,1,1,1,1,1,1,1,2,1,1
SF,IF2007,2020-05-27 10:42:19.700,3764.8000,7964,0,1663160160.000,0,-,-,-,-,3764.6000,3764.4000,3763.6000,3762.4000,3762.0000,3765.4000,3766.0000,3766.6000,3768.0000,3769.8000,1,1,1,1,1,1,1,2,1,1
SF,IF2007,2020-05-27 10:42:26.700,3764.8000,7964,0,1663160160.000,0,-,-,-,-,3764.6000,3763.6000,3762.4000,3762.0000,3761.8000,3765.4000,3766.0000,3766.6000,3768.0000,3769.8000,1,1,1,1,2,1,1,2,1,1
SF,IF2007,2020-05-27 10:42:27.200,3764.8000,7964,0,1663160160.000,0,-,-,-,-,3763.6000,3762.4000,3762.0000,3761.8000,3761.6000,3765.4000,3766.0000,3766.6000,3768.0000,3769.8000,1,1,1,2,1,1,1,2,1,1
SF,IF2007,2020-05-27 10:42:27.700,3764.8000,7964,0,1663160160.000,0,-,-,-,-,3763.8000,3763.6000,3762.4000,3762.0000,3761.8000,3765.2000,3765.4000,3766.0000,3766.6000,3768.0000,3,1,1,1,1,1,1,1,2,1
SF,IF2007,2020-05-27 10:42:34.700,3764.8000,7964,0,1663160160.000,0,-,-,-,-,3763.8000,3763.6000,3762.4000,3762.0000,3761.8000,3765.2000,3765.4000,3766.0000,3766.6000,3768.0000,2,1,1,1,1,1,1,1,2,1
SF,IF2007,2020-05-27 10:42:35.200,3764.8000,7964,0,1663160160.000,0,-,-,-,-,3764.0000,3763.8000,3763.6000,3762.4000,3762.0000,3765.2000,3765.4000,3766.0000,3766.6000,3768.0000,1,2,1,1,1,1,1,1,2,1
SF,IF2007,2020-05-27 10:42:37.700,3764.8000,7964,0,1663160160.000,0,-,-,-,-,3763.8000,3763.6000,3762.4000,3762.0000,3761.8000,3765.2000,3765.4000,3766.0000,3766.6000,3768.0000,2,1,1,1,1,1,1,1,2,1
SF,IF2007,2020-05-27 10:42:38.200,3764.8000,7964,0,1663160160.000,0,-,-,-,-,3763.8000,3763.6000,3762.4000,3762.0000,3761.8000,3765.0000,3765.2000,3765.4000,3766.0000,3766.6000,2,1,1,1,1,1,1,1,1,2
SF,IF2007,2020-05-27 10:42:38.700,3764.8000,7964,0,1663160160.000,0,-,-,-,-,3763.8000,3763.6000,3762.4000,3762.0000,3761.8000,3764.8000,3765.0000,3765.2000,3765.4000,3766.0000,2,1,1,1,1,1,1,1,1,1
SF,IF2007,2020-05-27 10:42:41.700,3764.8000,7964,0,1663160160.000,0,-,-,-,-,3764.0000,3763.8000,3763.6000,3762.4000,3762.0000,3765.0000,3765.2000,3765.4000,3766.0000,3766.6000,1,2,1,1,1,1,1,1,1,2
SF,IF2007,2020-05-27 10:42:42.200,3764.8000,7964,0,1663160160.000,0,-,-,-,-,3764.2000,3764.0000,3763.8000,3763.6000,3762.4000,3765.0000,3765.2000,3765.4000,3766.0000,3766.6000,1,1,1,1,1,1,1,1,1,2
SF,IF2007,2020-05-27 10:42:42.700,3764.8000,7964,0,1663160160.000,0,-,-,-,-,3764.2000,3764.0000,3763.8000,3763.6000,3762.4000,3765.2000,3765.4000,3766.0000,3766.6000,3768.0000,1,1,1,1,1,1,1,1,2,1
SF,IF2007,2020-05-27 10:42:45.700,3764.8000,7964,0,1663160160.000,0,-,-,-,-,3764.2000,3763.8000,3763.6000,3762.4000,3762.0000,3765.2000,3765.4000,3766.0000,3766.6000,3768.0000,1,1,1,1,1,1,1,1,2,1
SF,IF2007,2020-05-27 10:43:05.200,3764.2000,7964,0,1664289420.000,1,0,1,多换,S,3763.8000,3763.6000,3762.4000,3762.0000,3761.8000,3765.2000,3765.4000,3766.0000,3766.6000,3768.0000,1,1,1,1,1,1,1,1,2,1
SF,IF2007,2020-05-27 10:43:05.700,3764.2000,7964,0,1664289420.000,0,-,-,-,-,3763.8000,3763.6000,3762.4000,3762.0000,3761.8000,3765.0000,3765.2000,3765.4000,3766.0000,3766.6000,1,1,1,1,1,1,1,1,1,2
SF,IF2007,2020-05-27 10:43:06.200,3764.2000,7964,0,1664289420.000,0,-,-,-,-,3763.8000,3763.6000,3762.4000,3762.0000,3761.8000,3765.0000,3765.2000,3765.4000,3766.0000,3766.6000,1,1,1,1,1,1,1,1,1,2
SF,IF2007,2020-05-27 10:43:06.700,3764.2000,7964,0,1664289420.000,0,-,-,-,-,3763.8000,3763.6000,3762.4000,3762.0000,3761.8000,3764.8000,3765.0000,3765.4000,3766.0000,3766.6000,1,1,1,1,1,2,1,1,1,2
SF,IF2007,2020-05-27 10:43:07.200,3764.2000,7964,0,1664289420.000,0,-,-,-,-,3763.8000,3763.6000,3762.4000,3762.0000,3761.8000,3764.6000,3764.8000,3765.4000,3766.0000,3766.6000,1,1,1,1,1,1,2,1,1,2
SF,IF2007,2020-05-27 10:43:07.700,3764.2000,7964,0,1664289420.000,0,-,-,-,-,3763.6000,3762.4000,3762.0000,3761.8000,3761.6000,3764.2000,3764.6000,3764.8000,3766.0000,3766.6000,1,1,1,1,1,1,1,2,1,2
SF,IF2007,2020-05-27 10:43:08.200,3764.2000,7964,0,1664289420.000,0,-,-,-,-,3763.6000,3762.4000,3762.0000,3761.8000,3761.6000,3764.2000,3764.6000,3764.8000,3766.0000,3766.6000,1,1,1,1,1,1,1,1,1,2
SF,IF2007,2020-05-27 10:43:09.200,3764.2000,7964,0,1664289420.000,0,-,-,-,-,3762.4000,3762.0000,3761.8000,3761.6000,3761.0000,3764.2000,3764.6000,3764.8000,3766.0000,3766.6000,1,1,1,1,2,1,1,1,1,2
SF,IF2007,2020-05-27 10:43:09.700,3764.2000,7964,0,1664289420.000,0,-,-,-,-,3763.0000,3762.6000,3762.4000,3762.0000,3761.8000,3764.2000,3766.0000,3766.6000,3768.0000,3769.8000,1,1,1,1,1,1,1,2,1,1
SF,IF2007,2020-05-27 10:43:10.200,3764.2000,7964,0,1664289420.000,0,-,-,-,-,3763.0000,3762.6000,3762.4000,3762.0000,3761.8000,3764.0000,3764.2000,3766.0000,3766.6000,3768.0000,1,1,1,1,1,1,1,1,2,1
SF,IF2007,2020-05-27 10:43:12.200,3764.2000,7964,0,1664289420.000,0,-,-,-,-,3763.4000,3763.0000,3762.6000,3762.4000,3762.0000,3764.0000,3764.2000,3766.0000,3766.6000,3768.0000,1,1,1,1,1,1,1,1,2,1
SF,IF2007,2020-05-27 10:43:12.700,3764.2000,7964,0,1664289420.000,0,-,-,-,-,3763.4000,3762.6000,3762.4000,3762.0000,3761.8000,3764.8000,3766.0000,3766.6000,3768.0000,3769.8000,1,1,1,1,1,1,1,2,1,1
SF,IF2007,2020-05-27 10:43:13.200,3764.2000,7964,0,1664289420.000,0,-,-,-,-,3763.6000,3763.4000,3762.6000,3762.4000,3762.0000,3764.6000,3764.8000,3766.0000,3766.6000,3768.0000,1,1,1,1,1,1,1,1,2,1
SF,IF2007,2020-05-27 10:43:17.200,3764.6000,7965,1,1665418800.000,1,1,0,双开,S,3763.6000,3763.4000,3762.6000,3762.4000,3762.0000,3764.8000,3766.0000,3766.6000,3768.0000,3769.8000,1,1,1,1,1,1,1,2,1,1
SF,IF2007,2020-05-27 10:43:17.700,3764.6000,7965,0,1665418800.000,0,-,-,-,-,3764.0000,3763.8000,3763.4000,3762.4000,3762.0000,3764.8000,3766.0000,3766.6000,3768.0000,3769.8000,1,2,1,1,1,1,1,2,1,1
SF,IF2007,2020-05-27 10:43:18.200,3764.6000,7965,0,1665418800.000,0,-,-,-,-,3764.0000,3763.8000,3763.4000,3762.4000,3762.0000,3764.8000,3766.0000,3766.6000,3768.0000,3769.8000,1,1,1,1,1,1,1,2,1,1
SF,IF2007,2020-05-27 10:43:18.700,3764.6000,7965,0,1665418800.000,0,-,-,-,-,3764.0000,3763.8000,3763.4000,3762.4000,3762.0000,3765.4000,3766.0000,3766.6000,3768.0000,3769.8000,1,1,1,1,1,1,1,2,1,1
SF,IF2007,2020-05-27 10:43:19.200,3764.6000,7965,0,1665418800.000,0,-,-,-,-,3764.2000,3764.0000,3763.4000,3762.4000,3762.0000,3765.4000,3766.0000,3766.6000,3768.0000,3769.8000,1,1,1,1,1,1,1,2,1,1
SF,IF2007,2020-05-27 10:43:19.700,3764.6000,7965,0,1665418800.000,0,-,-,-,-,3764.2000,3764.0000,3763.4000,3762.4000,3762.0000,3765.2000,3765.4000,3766.0000,3766.6000,3768.0000,1,1,1,1,1,1,1,1,2,1
SF,IF2007,2020-05-27 10:43:22.200,3764.6000,7965,0,1665418800.000,0,-,-,-,-,3764.4000,3764.2000,3764.0000,3763.4000,3762.4000,3765.2000,3765.4000,3766.0000,3766.6000,3768.0000,1,1,1,1,1,1,1,1,2,1
SF,IF2007,2020-05-27 10:43:22.700,3764.6000,7965,0,1665418800.000,0,-,-,-,-,3764.4000,3764.2000,3764.0000,3763.4000,3762.4000,3765.4000,3766.0000,3766.6000,3768.0000,3769.8000,1,1,1,1,1,1,1,2,1,1
SF,IF2007,2020-05-27 10:43:23.200,3765.4000,7965,0,1666548420.000,1,0,1,多换,S,3764.4000,3764.2000,3763.4000,3762.4000,3762.0000,3765.8000,3766.0000,3766.6000,3768.0000,3769.8000,1,1,1,1,1,1,1,2,1,1
SF,IF2007,2020-05-27 10:43:23.700,3765.4000,7965,0,1666548420.000,0,-,-,-,-,3764.6000,3764.4000,3763.4000,3762.4000,3762.0000,3765.8000,3766.0000,3766.6000,3768.0000,3769.8000,1,1,1,1,1,1,1,2,1,1
SF,IF2007,2020-05-27 10:43:24.200,3765.4000,7965,0,1666548420.000,0,-,-,-,-,3764.6000,3764.4000,3763.4000,3762.4000,3762.0000,3765.6000,3765.8000,3766.0000,3766.6000,3768.0000,1,1,1,1,1,1,1,1,2,1
SF,IF2007,2020-05-27 10:43:32.700,3765.4000,7965,0,1666548420.000,0,-,-,-,-,3764.8000,3764.6000,3763.4000,3762.4000,3762.0000,3765.6000,3765.8000,3766.0000,3766.6000,3768.0000,1,1,1,1,1,1,1,1,2,1
SF,IF2007,2020-05-27 10:43:33.200,3765.4000,7965,0,1666548420.000,0,-,-,-,-,3765.0000,3764.8000,3763.4000,3762.4000,3762.0000,3765.8000,3766.0000,3766.6000,3768.0000,3769.8000,1,1,1,1,1,1,1,2,1,1
SF,IF2007,2020-05-27 10:43:35.200,3765.0000,7965,0,1667677920.000,1,0,1,多换,S,3764.8000,3763.4000,3762.4000,3762.0000,3761.8000,3765.8000,3766.0000,3766.6000,3768.0000,3769.8000,1,1,1,1,1,1,1,2,1,1
SF,IF2007,2020-05-27 10:43:35.700,3765.0000,7965,0,1667677920.000,0,-,-,-,-,3764.8000,3763.4000,3762.4000,3762.0000,3761.8000,3765.6000,3765.8000,3766.0000,3766.6000,3768.0000,1,1,1,1,1,1,1,1,2,1
SF,IF2007,2020-05-27 10:43:39.200,3764.8000,7965,0,1669937040.000,2,1,1,多换,S,3763.4000,3762.4000,3762.0000,3761.8000,3761.6000,3765.8000,3766.0000,3766.6000,3768.0000,3769.8000,1,1,1,1,1,1,1,2,1,1
SF,IF2007,2020-05-27 10:43:39.700,3764.8000,7965,0,1669937040.000,0,-,-,-,-,3765.0000,3764.6000,3764.4000,3764.0000,3763.8000,3765.8000,3766.0000,3766.6000,3768.0000,3769.8000,1,2,2,1,2,1,1,2,1,1
SF,IF2007,2020-05-27 10:43:40.200,3764.8000,7965,0,1669937040.000,0,-,-,-,-,3765.0000,3764.6000,3764.4000,3763.8000,3763.6000,3765.8000,3766.0000,3766.6000,3768.0000,3769.8000,1,1,2,2,4,1,1,2,1,1
SF,IF2007,2020-05-27 10:43:41.200,3764.8000,7965,0,1669937040.000,0,-,-,-,-,3765.0000,3764.6000,3764.4000,3763.8000,3763.6000,3765.8000,3766.0000,3766.6000,3768.0000,3769.8000,1,1,1,2,4,1,1,2,1,1
SF,IF2007,2020-05-27 10:43:45.200,3764.8000,7965,0,1669937040.000,0,-,-,-,-,3765.0000,3764.6000,3764.4000,3763.8000,3763.6000,3766.0000,3766.4000,3768.0000,3769.8000,3770.0000,1,1,1,2,4,1,1,1,1,1
SF,IF2007,2020-05-27 10:43:45.700,3764.8000,7965,0,1669937040.000,0,-,-,-,-,3765.2000,3765.0000,3764.6000,3764.4000,3763.8000,3766.0000,3766.4000,3768.0000,3769.8000,3770.0000,1,2,1,1,2,1,1,1,1,1
SF,IF2007,2020-05-27 10:43:49.200,3764.8000,7965,0,1669937040.000,0,-,-,-,-,3765.2000,3765.0000,3764.6000,3764.4000,3763.8000,3766.0000,3766.4000,3768.0000,3769.8000,3770.0000,2,2,1,1,2,1,1,1,1,1
SF,IF2007,2020-05-27 10:43:51.700,3764.8000,7965,0,1669937040.000,0,-,-,-,-,3765.2000,3765.0000,3764.4000,3763.8000,3763.6000,3766.0000,3766.4000,3768.0000,3769.8000,3770.0000,2,1,1,2,2,1,1,1,1,1
SF,IF2007,2020-05-27 10:43:52.200,3764.8000,7965,0,1669937040.000,0,-,-,-,-,3765.2000,3765.0000,3764.4000,3763.8000,3763.6000,3766.0000,3766.4000,3768.0000,3769.8000,3770.0000,3,1,1,2,2,1,1,1,1,1
SF,IF2007,2020-05-27 10:43:53.200,3764.8000,7965,0,1669937040.000,0,-,-,-,-,3765.2000,3765.0000,3764.4000,3763.8000,3763.6000,3766.0000,3766.4000,3768.0000,3769.8000,3770.0000,2,1,1,2,2,1,1,1,1,1
SF,IF2007,2020-05-27 10:43:59.700,3764.8000,7965,0,1669937040.000,0,-,-,-,-,3765.2000,3764.4000,3763.8000,3763.6000,3763.4000,3766.0000,3766.4000,3768.0000,3769.8000,3770.0000,2,1,2,2,1,1,1,1,1,1
SF,IF2007,2020-05-27 10:44:00.200,3764.8000,7965,0,1669937040.000,0,-,-,-,-,3765.2000,3764.4000,3763.8000,3763.6000,3763.4000,3766.0000,3766.4000,3768.0000,3769.8000,3770.0000,1,1,2,2,1,1,1,1,1,1
SF,IF2007,2020-05-27 10:44:06.700,3764.8000,7965,0,1669937040.000,0,-,-,-,-,3765.2000,3764.4000,3763.8000,3763.6000,3763.4000,3765.8000,3766.0000,3766.4000,3768.0000,3769.8000,1,1,2,2,1,1,1,1,1,1
SF,IF2007,2020-05-27 10:44:08.200,3764.8000,7965,0,1669937040.000,0,-,-,-,-,3765.2000,3764.4000,3763.8000,3763.6000,3763.4000,3766.0000,3766.4000,3768.0000,3769.8000,3770.0000,1,1,2,2,1,1,1,1,1,1
SF,IF2007,2020-05-27 10:44:10.700,3766.0000,7966,1,1671066840.000,1,1,0,双开,S,3765.2000,3764.4000,3763.8000,3763.6000,3763.4000,3766.4000,3768.0000,3769.8000,3770.0000,3772.6000,1,1,2,2,1,1,1,1,1,1
SF,IF2007,2020-05-27 10:44:11.200,3766.0000,7966,0,1671066840.000,0,-,-,-,-,3765.4000,3765.2000,3764.4000,3763.8000,3763.6000,3766.4000,3768.0000,3769.8000,3770.0000,3772.6000,2,1,1,2,2,1,1,1,1,1
SF,IF2007,2020-05-27 10:44:12.200,3765.4000,7967,1,1672196460.000,1,1,0,双开,S,3765.4000,3765.2000,3764.4000,3763.8000,3763.6000,3766.4000,3768.0000,3769.8000,3770.0000,3772.6000,1,1,1,2,2,1,1,1,1,1
SF,IF2007,2020-05-27 10:44:12.700,3765.4000,7967,0,1672196460.000,0,-,-,-,-,3765.4000,3765.2000,3764.4000,3763.8000,3763.6000,3766.2000,3766.4000,3768.0000,3769.8000,3770.0000,1,1,1,2,2,1,1,1,1,1
SF,IF2007,2020-05-27 10:44:16.200,3765.4000,7967,0,1672196460.000,0,-,-,-,-,3765.4000,3765.2000,3764.4000,3763.8000,3763.6000,3766.2000,3766.4000,3768.0000,3769.8000,3770.0000,1,1,1,2,2,2,1,1,1,1
SF,IF2007,2020-05-27 10:44:17.200,3766.2000,7967,0,1673326320.000,1,0,1,多换,S,3765.4000,3765.2000,3764.4000,3763.8000,3763.6000,3766.2000,3766.4000,3768.0000,3769.8000,3770.0000,1,1,1,2,2,1,1,1,1,1
SF,IF2007,2020-05-27 10:44:20.200,3766.2000,7967,0,1673326320.000,0,-,-,-,-,3765.4000,3764.4000,3763.8000,3763.6000,3763.4000,3766.2000,3766.4000,3768.0000,3769.8000,3770.0000,1,1,2,2,1,1,1,1,1,1
SF,IF2007,2020-05-27 10:44:20.700,3766.2000,7967,0,1673326320.000,0,-,-,-,-,3764.4000,3763.8000,3763.6000,3763.4000,3762.4000,3766.2000,3766.4000,3768.0000,3769.8000,3770.0000,1,2,2,1,1,1,1,1,1,1
SF,IF2007,2020-05-27 10:44:21.200,3766.2000,7967,0,1673326320.000,0,-,-,-,-,3764.8000,3764.6000,3763.8000,3763.6000,3763.4000,3766.2000,3766.4000,3768.0000,3769.8000,3770.0000,2,3,2,2,1,1,1,1,1,1
SF,IF2007,2020-05-27 10:44:21.700,3766.2000,7967,0,1673326320.000,0,-,-,-,-,3765.0000,3764.8000,3764.6000,3763.8000,3763.6000,3766.2000,3766.4000,3768.0000,3769.8000,3770.0000,1,2,2,2,2,1,1,1,1,1
SF,IF2007,2020-05-27 10:44:24.200,3766.2000,7967,0,1673326320.000,0,-,-,-,-,3765.0000,3764.8000,3764.6000,3763.8000,3763.6000,3766.2000,3766.4000,3768.0000,3769.8000,3770.0000,2,2,2,2,2,1,1,1,1,1
SF,IF2007,2020-05-27 10:44:25.200,3766.2000,7967,0,1673326320.000,0,-,-,-,-,3765.2000,3765.0000,3764.8000,3764.6000,3763.8000,3766.2000,3766.4000,3768.0000,3769.8000,3770.0000,1,2,2,2,2,1,1,1,1,1
SF,IF2007,2020-05-27 10:44:25.700,3766.2000,7966,-1,1674456180.000,1,0,1,双平,S,3765.4000,3765.2000,3765.0000,3764.8000,3764.6000,3766.4000,3768.0000,3769.8000,3770.0000,3772.6000,1,1,1,1,2,1,1,1,1,1
SF,IF2007,2020-05-27 10:44:27.200,3765.4000,7967,1,1675585800.000,1,1,0,双开,S,3765.2000,3765.0000,3764.8000,3764.6000,3763.8000,3766.4000,3768.0000,3769.8000,3770.0000,3772.6000,1,1,1,2,2,1,1,1,1,1
SF,IF2007,2020-05-27 10:44:27.700,3766.2000,7968,1,1676715660.000,1,1,0,双开,S,3765.4000,3765.2000,3765.0000,3764.8000,3764.6000,3766.4000,3768.0000,3769.8000,3770.0000,3772.6000,1,1,1,1,2,1,1,1,1,1
SF,IF2007,2020-05-27 10:44:28.200,3766.2000,7968,0,1676715660.000,0,-,-,-,-,3765.6000,3765.4000,3765.2000,3765.0000,3764.8000,3766.4000,3768.0000,3769.8000,3770.0000,3772.6000,1,1,1,1,1,1,1,1,1,1
SF,IF2007,2020-05-27 10:44:29.200,3766.2000,7968,0,1676715660.000,0,-,-,-,-,3765.6000,3765.2000,3765.0000,3764.8000,3764.6000,3766.4000,3768.0000,3769.8000,3770.0000,3772.6000,1,1,1,1,2,1,1,1,1,1
SF,IF2007,2020-05-27 10:44:30.200,3766.4000,7968,0,1677845580.000,1,0,1,多换,S,3765.6000,3765.2000,3765.0000,3764.8000,3764.6000,3768.0000,3769.8000,3770.0000,3772.6000,3773.2000,1,1,1,1,2,1,1,1,1,1
SF,IF2007,2020-05-27 10:44:30.700,3766.4000,7968,0,1677845580.000,0,-,-,-,-,3765.8000,3765.6000,3765.2000,3765.0000,3764.8000,3767.2000,3767.4000,3767.8000,3768.0000,3769.8000,1,1,1,1,1,1,1,3,1,1
SF,IF2007,2020-05-27 10:44:31.200,3766.4000,7968,0,1677845580.000,0,-,-,-,-,3766.2000,3766.0000,3765.2000,3765.0000,3764.8000,3767.2000,3767.8000,3768.0000,3769.8000,3770.0000,1,1,1,1,1,1,3,1,1,1
SF,IF2007,2020-05-27 10:44:31.700,3766.4000,7968,0,1677845580.000,0,-,-,-,-,3766.4000,3766.2000,3765.2000,3765.0000,3764.8000,3767.8000,3768.0000,3769.8000,3770.0000,3772.6000,1,1,1,1,1,2,1,1,1,1
SF,IF2007,2020-05-27 10:44:32.200,3766.4000,7968,0,1677845580.000,0,-,-,-,-,3766.4000,3766.2000,3765.2000,3765.0000,3764.8000,3767.6000,3767.8000,3768.0000,3769.8000,3770.0000,1,1,1,1,2,1,2,1,1,1
SF,IF2007,2020-05-27 10:44:32.700,3766.4000,7968,0,1677845580.000,0,-,-,-,-,3766.4000,3766.2000,3765.2000,3765.0000,3764.8000,3767.4000,3767.6000,3767.8000,3768.0000,3769.8000,1,1,1,1,2,1,1,1,1,1
SF,IF2007,2020-05-27 10:44:33.200,3766.4000,7969,1,1678975500.000,1,1,0,双开,S,3766.2000,3765.2000,3765.0000,3764.8000,3764.6000,3767.4000,3767.6000,3767.8000,3768.0000,3769.8000,1,1,1,2,2,1,1,1,1,1
SF,IF2007,2020-05-27 10:44:33.700,3766.4000,7969,0,1678975500.000,0,-,-,-,-,3766.2000,3765.2000,3765.0000,3764.8000,3764.6000,3767.4000,3767.6000,3767.8000,3768.0000,3769.8000,1,1,1,2,2,1,2,1,1,1
SF,IF2007,2020-05-27 10:44:34.700,3766.4000,7969,0,1678975500.000,0,-,-,-,-,3766.2000,3765.2000,3764.8000,3764.6000,3763.8000,3767.4000,3767.6000,3767.8000,3768.0000,3769.8000,1,1,2,2,2,1,2,1,1,1
SF,IF2007,2020-05-27 10:44:35.200,3766.4000,7969,0,1678975500.000,0,-,-,-,-,3766.2000,3765.2000,3764.8000,3764.6000,3763.8000,3767.2000,3767.4000,3767.6000,3767.8000,3768.0000,1,1,2,2,2,1,1,1,1,1
SF,IF2007,2020-05-27 10:44:35.700,3766.4000,7969,0,1678975500.000,0,-,-,-,-,3766.2000,3765.2000,3764.8000,3764.6000,3763.8000,3767.0000,3767.2000,3767.6000,3767.8000,3768.0000,1,1,2,2,2,1,1,1,1,1
SF,IF2007,2020-05-27 10:44:36.200,3766.4000,7969,0,1678975500.000,0,-,-,-,-,3765.2000,3764.8000,3764.6000,3763.8000,3763.6000,3767.0000,3767.2000,3767.6000,3767.8000,3768.0000,1,2,2,2,2,1,1,1,1,1
SF,IF2007,2020-05-27 10:44:36.700,3766.4000,7969,0,1678975500.000,0,-,-,-,-,3765.6000,3765.4000,3765.2000,3764.8000,3764.6000,3767.0000,3767.2000,3767.6000,3767.8000,3768.0000,1,2,1,2,1,1,1,1,1,1
SF,IF2007,2020-05-27 10:44:37.200,3766.4000,7969,0,1678975500.000,0,-,-,-,-,3765.8000,3765.6000,3765.4000,3765.2000,3764.8000,3767.0000,3767.2000,3767.6000,3767.8000,3768.0000,1,1,1,1,2,1,1,1,1,1
SF,IF2007,2020-05-27 10:44:38.200,3766.4000,7969,0,1678975500.000,0,-,-,-,-,3765.8000,3765.6000,3765.4000,3765.2000,3764.8000,3767.0000,3767.2000,3767.6000,3767.8000,3768.0000,1,1,1,1,1,1,1,1,1,1
SF,IF2007,2020-05-27 10:44:42.200,3766.4000,7969,0,1678975500.000,0,-,-,-,-,3765.8000,3765.6000,3765.4000,3765.2000,3764.8000,3766.8000,3767.0000,3767.6000,3767.8000,3768.0000,1,1,1,1,1,2,1,1,1,1
SF,IF2007,2020-05-27 10:44:42.700,3766.4000,7969,0,1678975500.000,0,-,-,-,-,3765.6000,3765.4000,3765.2000,3764.8000,3764.6000,3766.6000,3766.8000,3767.6000,3767.8000,3768.0000,1,1,1,1,1,1,2,1,1,1
SF,IF2007,2020-05-27 10:44:43.700,3766.4000,7969,0,1678975500.000,0,-,-,-,-,3765.8000,3765.6000,3765.4000,3765.2000,3764.8000,3766.6000,3766.8000,3767.6000,3767.8000,3768.0000,1,1,1,1,1,1,2,1,1,1
SF,IF2007,2020-05-27 10:44:44.200,3766.4000,7969,0,1678975500.000,0,-,-,-,-,3765.6000,3765.4000,3765.2000,3764.8000,3764.6000,3766.6000,3766.8000,3767.6000,3767.8000,3768.0000,1,1,1,1,1,1,2,1,1,1
SF,IF2007,2020-05-27 10:44:45.700,3766.4000,7969,0,1678975500.000,0,-,-,-,-,3765.6000,3765.2000,3764.8000,3764.6000,3763.8000,3766.4000,3766.6000,3766.8000,3767.8000,3768.0000,1,1,1,1,2,1,1,2,1,1
SF,IF2007,2020-05-27 10:44:46.200,3766.4000,7969,0,1678975500.000,0,-,-,-,-,3765.2000,3764.8000,3764.6000,3763.8000,3763.6000,3766.2000,3766.4000,3766.8000,3767.8000,3768.0000,1,1,1,2,1,1,1,2,1,1
SF,IF2007,2020-05-27 10:44:46.700,3766.4000,7969,0,1678975500.000,0,-,-,-,-,3765.2000,3764.8000,3764.6000,3763.8000,3763.6000,3766.2000,3766.4000,3767.8000,3768.0000,3769.8000,1,1,1,2,1,1,1,1,1,1
SF,IF2007,2020-05-27 10:44:48.200,3766.4000,7969,0,1678975500.000,0,-,-,-,-,3765.4000,3765.2000,3764.8000,3764.6000,3763.8000,3766.2000,3766.4000,3767.8000,3768.0000,3769.8000,1,1,1,1,2,1,1,1,1,1
SF,IF2007,2020-05-27 10:44:53.700,3766.4000,7969,0,1678975500.000,0,-,-,-,-,3765.4000,3765.2000,3764.8000,3764.6000,3763.8000,3766.2000,3767.0000,3767.8000,3768.0000,3769.8000,2,1,1,1,2,1,1,1,1,1
SF,IF2007,2020-05-27 10:44:54.700,3766.4000,7969,0,1678975500.000,0,-,-,-,-,3765.4000,3765.2000,3764.8000,3764.6000,3763.8000,3766.2000,3767.0000,3767.8000,3768.0000,3769.8000,1,1,1,1,2,1,1,1,1,1
SF,IF2007,2020-05-27 10:44:55.200,3766.4000,7969,0,1678975500.000,0,-,-,-,-,3765.2000,3764.8000,3764.6000,3763.8000,3763.6000,3766.2000,3767.0000,3767.8000,3768.0000,3769.8000,1,1,1,2,1,1,1,1,1,1
SF,IF2007,2020-05-27 10:44:55.700,3766.4000,7969,0,1678975500.000,0,-,-,-,-,3765.2000,3764.8000,3764.6000,3763.8000,3763.6000,3766.2000,3767.0000,3767.8000,3768.0000,3769.8000,1,1,1,2,1,1,1,1,1,1
SF,IF2007,2020-05-27 10:44:58.200,3766.2000,7970,1,1680105360.000,1,1,0,双开,S,3765.2000,3764.8000,3764.6000,3763.8000,3763.6000,3767.0000,3767.8000,3768.0000,3769.8000,3770.0000,1,1,1,2,1,1,1,1,1,1
SF,IF2007,2020-05-27 10:44:58.700,3766.2000,7970,0,1680105360.000,0,-,-,-,-,3765.4000,3765.2000,3764.8000,3764.6000,3763.8000,3766.6000,3767.0000,3767.8000,3768.0000,3769.8000,1,1,1,1,2,1,1,1,1,1
SF,IF2007,2020-05-27 10:44:59.200,3766.2000,7970,0,1680105360.000,0,-,-,-,-,3765.4000,3765.2000,3764.8000,3764.6000,3763.8000,3766.4000,3766.6000,3767.0000,3767.8000,3768.0000,1,1,1,1,2,1,1,1,1,1
SF,IF2007,2020-05-27 10:45:03.200,3766.2000,7970,0,1680105360.000,0,-,-,-,-,3766.0000,3765.4000,3765.2000,3764.8000,3764.6000,3766.4000,3766.6000,3767.0000,3767.8000,3768.0000,1,1,1,1,1,1,1,1,1,1
SF,IF2007,2020-05-27 10:45:03.700,3766.4000,7970,0,1681235280.000,1,0,1,多换,S,3766.0000,3765.4000,3765.2000,3764.8000,3764.6000,3766.6000,3767.0000,3767.8000,3768.0000,3769.8000,1,1,1,1,1,1,1,1,1,1
SF,IF2007,2020-05-27 10:45:07.200,3766.4000,7970,0,1681235280.000,0,-,-,-,-,3766.0000,3765.4000,3765.2000,3764.8000,3764.6000,3767.0000,3767.8000,3768.0000,3769.8000,3770.0000,1,1,1,1,1,1,1,1,1,1
SF,IF2007,2020-05-27 10:45:14.200,3766.0000,7970,0,1682365080.000,1,0,1,多换,S,3765.4000,3765.2000,3764.8000,3764.6000,3763.8000,3767.0000,3767.8000,3768.0000,3769.8000,3770.0000,1,1,1,1,2,1,1,1,1,1
SF,IF2007,2020-05-27 10:45:14.700,3766.0000,7970,0,1682365080.000,0,-,-,-,-,3765.8000,3765.4000,3765.2000,3764.8000,3764.6000,3766.8000,3767.0000,3767.8000,3768.0000,3769.8000,2,1,1,1,1,1,1,1,1,1
SF,IF2007,2020-05-27 10:45:34.700,3766.0000,7970,0,1682365080.000,0,-,-,-,-,3765.4000,3765.2000,3764.8000,3764.6000,3763.8000,3766.8000,3767.0000,3767.8000,3768.0000,3769.8000,1,1,1,1,2,1,1,1,1,1
SF,IF2007,2020-05-27 10:45:35.200,3766.0000,7970,0,1682365080.000,0,-,-,-,-,3765.4000,3765.2000,3764.8000,3764.6000,3763.8000,3766.6000,3766.8000,3767.0000,3767.8000,3768.0000,1,1,1,1,2,1,1,1,1,1
SF,IF2007,2020-05-27 10:45:35.700,3766.0000,7970,0,1682365080.000,0,-,-,-,-,3765.4000,3765.2000,3764.8000,3764.6000,3763.8000,3766.6000,3766.8000,3767.8000,3768.0000,3769.8000,1,1,1,1,2,1,1,1,1,1
SF,IF2007,2020-05-27 10:45:37.200,3766.0000,7970,0,1682365080.000,0,-,-,-,-,3765.6000,3765.4000,3765.2000,3764.8000,3764.6000,3766.6000,3766.8000,3767.8000,3768.0000,3769.8000,2,1,1,1,1,1,1,1,1,1
SF,IF2007,2020-05-27 10:45:38.200,3766.0000,7970,0,1682365080.000,0,-,-,-,-,3765.6000,3765.4000,3765.2000,3764.8000,3764.6000,3766.6000,3766.8000,3767.8000,3768.0000,3769.8000,1,1,1,1,1,1,1,1,1,1
SF,IF2007,2020-05-27 10:45:42.700,3766.0000,7970,0,1682365080.000,0,-,-,-,-,3765.6000,3765.4000,3765.2000,3764.8000,3764.6000,3766.8000,3767.8000,3768.0000,3769.8000,3770.0000,1,1,1,1,1,1,1,1,1,1
SF,IF2007,2020-05-27 10:45:43.200,3766.0000,7970,0,1682365080.000,0,-,-,-,-,3765.8000,3765.6000,3765.2000,3764.8000,3764.6000,3767.8000,3768.0000,3769.8000,3770.0000,3772.6000,2,1,1,1,1,1,1,1,1,1
SF,IF2007,2020-05-27 10:45:43.700,3766.0000,7970,0,1682365080.000,0,-,-,-,-,3765.8000,3765.6000,3765.2000,3764.8000,3764.6000,3767.2000,3767.4000,3767.8000,3768.0000,3769.8000,2,1,1,1,1,1,1,1,1,1
SF,IF2007,2020-05-27 10:45:44.200,3766.0000,7970,0,1682365080.000,0,-,-,-,-,3765.8000,3765.6000,3765.2000,3764.8000,3764.6000,3767.0000,3767.2000,3767.4000,3767.8000,3768.0000,1,1,1,1,1,1,1,1,1,1
SF,IF2007,2020-05-27 10:45:49.200,3766.0000,7970,0,1682365080.000,0,-,-,-,-,3765.8000,3765.6000,3765.2000,3764.8000,3764.6000,3767.0000,3767.2000,3767.8000,3768.0000,3769.8000,1,1,1,1,1,1,1,1,1,1
SF,IF2007,2020-05-27 10:45:51.200,3766.0000,7970,0,1682365080.000,0,-,-,-,-,3766.0000,3765.8000,3765.6000,3765.2000,3764.8000,3767.0000,3767.2000,3767.8000,3768.0000,3769.8000,1,1,1,1,1,1,1,1,1,1
SF,IF2007,2020-05-27 10:45:51.700,3766.0000,7970,0,1682365080.000,0,-,-,-,-,3766.2000,3766.0000,3765.6000,3765.2000,3764.8000,3767.0000,3767.2000,3767.8000,3768.0000,3769.8000,1,1,1,1,1,1,1,1,1,1
SF,IF2007,2020-05-27 10:45:52.200,3766.0000,7970,0,1682365080.000,0,-,-,-,-,3766.2000,3765.6000,3765.2000,3764.8000,3764.6000,3767.0000,3767.2000,3767.8000,3768.0000,3769.8000,1,1,1,1,1,1,1,1,1,1
SF,IF2007,2020-05-27 10:45:52.700,3766.0000,7970,0,1682365080.000,0,-,-,-,-,3766.2000,3765.6000,3765.2000,3764.8000,3764.6000,3767.2000,3767.8000,3768.0000,3769.8000,3770.0000,1,1,1,1,1,1,1,1,1,1
SF,IF2007,2020-05-27 10:45:53.200,3766.0000,7970,0,1682365080.000,0,-,-,-,-,3766.2000,3765.2000,3764.8000,3764.6000,3763.8000,3767.2000,3767.8000,3768.0000,3769.8000,3770.0000,1,1,1,1,2,1,1,1,1,1
SF,IF2007,2020-05-27 10:45:56.700,3767.2000,7970,0,1683495240.000,1,0,1,多换,S,3766.2000,3765.2000,3764.8000,3764.6000,3763.8000,3767.8000,3768.0000,3769.8000,3770.0000,3772.6000,1,1,1,1,2,1,1,1,1,1
SF,IF2007,2020-05-27 10:45:57.200,3767.2000,7970,0,1683495240.000,0,-,-,-,-,3766.2000,3765.2000,3764.8000,3764.6000,3763.8000,3767.4000,3767.6000,3767.8000,3768.0000,3769.8000,1,1,1,1,2,1,3,1,1,1
SF,IF2007,2020-05-27 10:45:57.700,3767.2000,7970,0,1683495240.000,0,-,-,-,-,3766.2000,3765.2000,3764.8000,3764.6000,3763.8000,3767.2000,3767.4000,3767.6000,3767.8000,3768.0000,1,1,1,1,2,1,1,2,1,1
SF,IF2007,2020-05-27 10:46:00.200,3766.2000,7970,0,1684625100.000,1,0,1,多换,S,3765.2000,3764.8000,3764.6000,3763.8000,3763.6000,3767.2000,3767.4000,3767.6000,3767.8000,3768.0000,1,1,1,2,1,1,1,2,1,1
SF,IF2007,2020-05-27 10:46:00.700,3766.2000,7970,0,1684625100.000,0,-,-,-,-,3765.8000,3765.6000,3765.4000,3765.2000,3764.8000,3767.2000,3767.6000,3767.8000,3768.0000,3769.8000,1,1,2,1,1,1,2,1,1,1
SF,IF2007,2020-05-27 10:46:01.200,3766.2000,7970,0,1684625100.000,0,-,-,-,-,3766.2000,3766.0000,3765.6000,3765.4000,3765.2000,3767.2000,3767.6000,3767.8000,3768.0000,3769.8000,1,1,1,1,1,1,1,1,1,1
SF,IF2007,2020-05-27 10:46:01.700,3766.2000,7970,0,1684625100.000,0,-,-,-,-,3766.2000,3766.0000,3765.4000,3765.2000,3764.8000,3767.2000,3767.6000,3767.8000,3768.0000,3769.8000,1,1,1,1,1,1,1,1,1,1
SF,IF2007,2020-05-27 10:46:02.200,3766.2000,7970,0,1684625100.000,0,-,-,-,-,3766.2000,3766.0000,3765.4000,3765.2000,3764.8000,3767.2000,3767.6000,3767.8000,3768.0000,3769.8000,1,1,1,1,1,1,1,1,1,1
SF,IF2007,2020-05-27 10:46:02.700,3766.2000,7970,0,1684625100.000,0,-,-,-,-,3766.2000,3766.0000,3765.4000,3765.2000,3764.8000,3767.2000,3767.6000,3767.8000,3768.0000,3769.8000,1,1,1,1,1,1,1,1,1,2
SF,IF2007,2020-05-27 10:46:04.200,3766.2000,7971,1,1685754960.000,1,1,0,双开,S,3766.0000,3765.4000,3765.2000,3764.8000,3764.6000,3767.2000,3767.6000,3767.8000,3768.0000,3769.8000,1,1,1,1,1,1,1,1,1,2
SF,IF2007,2020-05-27 10:46:07.700,3766.2000,7971,0,1685754960.000,0,-,-,-,-,3766.0000,3765.4000,3765.2000,3764.8000,3764.6000,3767.0000,3767.2000,3767.6000,3767.8000,3768.0000,1,1,1,1,1,1,1,1,1,1
SF,IF2007,2020-05-27 10:46:08.200,3766.2000,7971,0,1685754960.000,0,-,-,-,-,3766.0000,3765.4000,3765.2000,3764.8000,3764.6000,3766.8000,3767.0000,3767.6000,3767.8000,3768.0000,1,1,1,1,1,1,1,1,1,1
SF,IF2007,2020-05-27 10:46:10.700,3766.0000,7971,0,1686884760.000,1,0,1,多换,S,3765.4000,3765.2000,3764.8000,3764.6000,3763.8000,3766.8000,3767.0000,3767.6000,3767.8000,3768.0000,1,1,1,1,2,1,1,1,1,1
SF,IF2007,2020-05-27 10:46:11.200,3766.0000,7971,0,1686884760.000,0,-,-,-,-,3765.6000,3765.2000,3764.8000,3764.6000,3763.8000,3766.8000,3767.0000,3767.6000,3767.8000,3768.0000,1,1,1,1,2,1,1,1,1,1
SF,IF2007,2020-05-27 10:46:14.200,3766.0000,7971,0,1686884760.000,0,-,-,-,-,3766.0000,3765.6000,3765.2000,3764.8000,3764.6000,3766.8000,3767.0000,3767.6000,3767.8000,3768.0000,5,1,1,1,1,1,1,1,1,1
SF,IF2007,2020-05-27 10:46:14.700,3766.0000,7972,1,1688014560.000,1,1,0,双开,S,3766.0000,3765.6000,3765.2000,3764.8000,3764.6000,3766.8000,3767.0000,3767.6000,3767.8000,3768.0000,4,1,1,1,1,1,1,1,1,1
SF,IF2007,2020-05-27 10:46:15.700,3766.0000,7975,3,1691403960.000,3,3,0,双开,S,3766.0000,3765.6000,3765.2000,3764.8000,3764.6000,3766.6000,3766.8000,3767.6000,3767.8000,3768.0000,1,1,1,1,1,1,1,1,1,1
SF,IF2007,2020-05-27 10:46:16.200,3766.0000,7975,0,1692533760.000,1,0,1,多换,S,3765.6000,3765.2000,3764.8000,3764.6000,3763.8000,3766.4000,3766.6000,3767.6000,3767.8000,3768.0000,1,1,1,1,2,1,1,1,1,1
SF,IF2007,2020-05-27 10:46:17.200,3766.4000,7975,0,1693663680.000,1,0,1,多换,S,3765.6000,3765.2000,3764.8000,3764.6000,3763.8000,3766.6000,3767.6000,3767.8000,3768.0000,3769.8000,1,1,1,1,2,1,1,1,1,2
SF,IF2007,2020-05-27 10:46:17.700,3766.4000,7975,0,1693663680.000,0,-,-,-,-,3765.6000,3765.2000,3764.8000,3764.6000,3763.8000,3766.4000,3766.6000,3767.6000,3767.8000,3768.0000,1,1,1,1,2,1,1,1,1,1
SF,IF2007,2020-05-27 10:46:18.200,3766.4000,7975,0,1693663680.000,0,-,-,-,-,3765.2000,3764.8000,3763.8000,3763.6000,3763.4000,3766.4000,3766.6000,3767.6000,3767.8000,3768.0000,1,1,2,1,1,1,1,1,1,1
SF,IF2007,2020-05-27 10:46:18.700,3766.4000,7975,0,1693663680.000,0,-,-,-,-,3765.4000,3764.8000,3763.8000,3763.6000,3763.4000,3766.2000,3766.4000,3766.6000,3767.6000,3767.8000,1,1,2,1,1,2,1,1,1,1
SF,IF2007,2020-05-27 10:46:21.200,3766.4000,7975,0,1693663680.000,0,-,-,-,-,3765.4000,3764.8000,3763.8000,3763.6000,3763.4000,3766.2000,3766.4000,3766.6000,3767.6000,3767.8000,1,1,2,1,1,1,1,1,1,1
SF,IF2007,2020-05-27 10:46:21.700,3766.4000,7975,0,1693663680.000,0,-,-,-,-,3764.8000,3763.8000,3763.6000,3763.4000,3762.4000,3766.2000,3766.4000,3766.6000,3767.6000,3767.8000,1,2,1,1,1,1,1,1,1,1
SF,IF2007,2020-05-27 10:46:22.200,3766.4000,7975,0,1693663680.000,0,-,-,-,-,3765.0000,3764.8000,3763.8000,3763.6000,3763.4000,3766.2000,3766.6000,3767.6000,3767.8000,3768.0000,1,1,2,1,1,1,1,1,1,1
SF,IF2007,2020-05-27 10:46:24.200,3764.8000,7977,2,1695922620.000,2,2,0,双开,S,3763.8000,3763.6000,3763.4000,3762.4000,3762.0000,3766.2000,3766.6000,3767.6000,3767.8000,3768.0000,2,1,1,1,1,1,1,1,1,1
SF,IF2007,2020-05-27 10:46:24.700,3764.8000,7977,0,1695922620.000,0,-,-,-,-,3764.8000,3764.4000,3764.2000,3764.0000,3763.4000,3766.2000,3766.6000,3767.6000,3767.8000,3768.0000,1,1,1,4,1,1,1,1,1,1
SF,IF2007,2020-05-27 10:46:25.200,3764.8000,7977,0,1695922620.000,0,-,-,-,-,3764.8000,3764.4000,3764.2000,3764.0000,3763.4000,3766.0000,3766.2000,3766.6000,3767.6000,3767.8000,1,1,1,4,1,1,1,1,1,1
SF,IF2007,2020-05-27 10:46:25.700,3764.8000,7977,0,1695922620.000,0,-,-,-,-,3764.8000,3764.2000,3764.0000,3763.4000,3762.4000,3766.0000,3766.2000,3766.6000,3767.6000,3767.8000,1,1,4,1,1,2,1,1,1,1
SF,IF2007,2020-05-27 10:46:26.200,3764.8000,7977,0,1695922620.000,0,-,-,-,-,3764.8000,3764.2000,3764.0000,3763.4000,3762.4000,3766.0000,3766.2000,3766.6000,3767.6000,3767.8000,1,1,4,1,1,2,1,1,1,1
SF,IF2007,2020-05-27 10:46:27.700,3764.8000,7977,0,1695922620.000,0,-,-,-,-,3764.8000,3764.2000,3764.0000,3763.4000,3762.4000,3766.0000,3766.2000,3766.6000,3767.6000,3767.8000,1,1,4,1,1,1,1,1,1,1
SF,IF2007,2020-05-27 10:46:28.200,3764.8000,7977,0,1695922620.000,0,-,-,-,-,3764.8000,3764.2000,3764.0000,3763.4000,3762.4000,3765.2000,3766.0000,3766.2000,3766.6000,3767.6000,1,1,4,1,1,1,1,1,1,1
SF,IF2007,2020-05-27 10:46:28.700,3765.2000,7977,0,1697052180.000,1,0,1,多换,S,3764.8000,3764.2000,3764.0000,3763.4000,3762.4000,3766.0000,3766.6000,3767.6000,3767.8000,3768.0000,1,1,3,1,1,1,1,1,1,1
SF,IF2007,2020-05-27 10:46:29.700,3765.2000,7977,0,1697052180.000,0,-,-,-,-,3764.8000,3764.2000,3764.0000,3763.4000,3762.4000,3765.8000,3766.0000,3766.6000,3767.6000,3767.8000,1,1,3,1,1,1,1,1,1,1
SF,IF2007,2020-05-27 10:46:30.200,3765.2000,7977,0,1697052180.000,0,-,-,-,-,3765.2000,3764.8000,3764.2000,3764.0000,3763.4000,3765.8000,3766.0000,3766.6000,3767.6000,3767.8000,1,1,1,3,1,1,1,1,1,1
SF,IF2007,2020-05-27 10:46:31.200,3765.2000,7977,0,1697052180.000,0,-,-,-,-,3765.2000,3764.8000,3764.2000,3764.0000,3763.4000,3766.0000,3766.6000,3767.6000,3767.8000,3768.0000,1,1,1,3,1,1,1,1,1,1
SF,IF2007,2020-05-27 10:46:34.200,3765.2000,7977,0,1698181740.000,1,0,1,多换,S,3764.8000,3764.2000,3764.0000,3763.4000,3762.4000,3766.0000,3766.6000,3767.6000,3767.8000,3768.0000,1,1,3,1,1,1,1,1,1,1
SF,IF2007,2020-05-27 10:46:35.700,3765.2000,7977,0,1698181740.000,0,-,-,-,-,3765.2000,3764.8000,3764.2000,3764.0000,3763.4000,3766.0000,3766.6000,3767.6000,3767.8000,3768.0000,1,1,1,3,1,1,1,1,1,1
SF,IF2007,2020-05-27 10:46:40.700,3765.2000,7977,0,1698181740.000,0,-,-,-,-,3765.2000,3764.8000,3764.2000,3764.0000,3763.4000,3766.0000,3767.6000,3767.8000,3768.0000,3768.8000,1,1,1,3,1,1,1,1,1,1
SF,IF2007,2020-05-27 10:46:45.700,3766.0000,7977,0,1699311540.000,1,0,1,多换,S,3765.4000,3765.2000,3764.2000,3764.0000,3763.4000,3767.6000,3767.8000,3768.0000,3768.8000,3769.8000,1,1,1,3,1,1,1,1,1,2
SF,IF2007,2020-05-27 10:46:46.200,3766.0000,7977,0,1699311540.000,0,-,-,-,-,3765.6000,3765.4000,3765.2000,3764.2000,3764.0000,3766.8000,3767.2000,3767.6000,3767.8000,3768.0000,2,1,1,1,2,1,2,1,1,1
SF,IF2007,2020-05-27 10:46:46.700,3766.0000,7977,0,1699311540.000,0,-,-,-,-,3765.8000,3765.6000,3765.4000,3765.2000,3764.2000,3767.2000,3767.6000,3767.8000,3768.0000,3768.8000,1,2,1,1,1,1,1,1,1,1
SF,IF2007,2020-05-27 10:46:47.200,3766.0000,7977,0,1699311540.000,0,-,-,-,-,3766.0000,3765.8000,3765.4000,3765.2000,3764.2000,3767.6000,3767.8000,3768.0000,3768.8000,3769.8000,2,1,1,1,1,1,1,1,1,2
SF,IF2007,2020-05-27 10:46:47.700,3766.0000,7977,0,1699311540.000,0,-,-,-,-,3766.0000,3765.4000,3765.2000,3764.2000,3764.0000,3767.0000,3767.4000,3767.6000,3767.8000,3768.0000,2,1,1,1,2,1,2,1,1,1
SF,IF2007,2020-05-27 10:46:54.200,3766.0000,7978,1,1700441340.000,1,1,0,双开,S,3766.0000,3765.4000,3765.2000,3764.2000,3764.0000,3767.0000,3767.4000,3767.6000,3767.8000,3768.0000,1,1,1,1,2,1,1,1,1,1
SF,IF2007,2020-05-27 10:46:55.200,3766.0000,7978,0,1700441340.000,0,-,-,-,-,3766.0000,3765.4000,3765.2000,3764.2000,3764.0000,3767.0000,3767.4000,3767.6000,3767.8000,3768.0000,2,1,1,1,2,1,1,1,1,1
SF,IF2007,2020-05-27 10:46:58.200,3766.0000,7978,0,1700441340.000,0,-,-,-,-,3766.0000,3765.4000,3765.2000,3764.2000,3764.0000,3767.0000,3767.4000,3767.6000,3767.8000,3768.0000,1,1,1,1,2,1,1,1,1,1
SF,IF2007,2020-05-27 10:46:58.700,3766.0000,7978,0,1701571140.000,1,0,1,多换,S,3765.4000,3765.2000,3764.2000,3764.0000,3763.4000,3766.0000,3766.8000,3767.0000,3767.6000,3767.8000,1,1,1,2,1,1,2,1,1,1
SF,IF2007,2020-05-27 10:46:59.200,3766.0000,7978,0,1701571140.000,0,-,-,-,-,3765.4000,3765.2000,3764.2000,3764.0000,3763.4000,3766.8000,3767.0000,3767.6000,3767.8000,3768.0000,1,1,1,2,1,1,1,1,1,1
SF,IF2007,2020-05-27 10:46:59.700,3766.0000,7978,0,1701571140.000,0,-,-,-,-,3765.4000,3765.2000,3764.2000,3764.0000,3763.4000,3766.4000,3766.8000,3767.0000,3767.6000,3767.8000,1,1,1,2,1,1,1,1,1,1
SF,IF2007,2020-05-27 10:47:00.200,3766.0000,7978,0,1701571140.000,0,-,-,-,-,3765.4000,3765.2000,3764.2000,3764.0000,3763.4000,3766.4000,3767.0000,3767.6000,3767.8000,3768.0000,1,1,1,2,1,1,1,1,1,1
SF,IF2007,2020-05-27 10:47:03.200,3766.0000,7978,0,1701571140.000,0,-,-,-,-,3765.4000,3765.2000,3764.2000,3764.0000,3763.4000,3766.4000,3767.0000,3767.6000,3767.8000,3768.0000,1,1,1,2,1,1,1,1,1,1
SF,IF2007,2020-05-27 10:47:06.700,3766.0000,7978,0,1701571140.000,0,-,-,-,-,3765.4000,3765.2000,3764.2000,3764.0000,3763.4000,3766.2000,3766.4000,3767.0000,3767.6000,3767.8000,1,1,1,2,1,2,1,1,1,1
SF,IF2007,2020-05-27 10:47:19.200,3766.0000,7978,0,1701571140.000,0,-,-,-,-,3765.2000,3764.2000,3764.0000,3763.4000,3762.4000,3766.2000,3766.4000,3767.0000,3767.6000,3767.8000,1,1,2,1,1,2,1,1,1,1
SF,IF2007,2020-05-27 10:47:19.700,3766.0000,7978,0,1701571140.000,0,-,-,-,-,3765.4000,3765.2000,3764.2000,3764.0000,3763.4000,3766.2000,3766.4000,3767.0000,3767.6000,3767.8000,1,1,1,2,1,2,1,1,1,1
SF,IF2007,2020-05-27 10:47:20.200,3766.0000,7978,0,1701571140.000,0,-,-,-,-,3765.4000,3765.2000,3764.0000,3763.4000,3762.4000,3766.2000,3766.4000,3767.0000,3767.6000,3767.8000,1,1,2,1,1,2,1,1,1,1
SF,IF2007,2020-05-27 10:47:20.700,3766.2000,7978,0,1703830860.000,2,1,1,多换,S,3766.2000,3765.4000,3765.2000,3764.0000,3763.4000,3766.4000,3767.0000,3767.6000,3767.8000,3768.0000,1,1,1,2,1,1,1,1,1,1
SF,IF2007,2020-05-27 10:47:21.200,3766.2000,7978,0,1703830860.000,0,-,-,-,-,3765.4000,3765.2000,3764.0000,3763.4000,3762.4000,3767.0000,3767.6000,3767.8000,3768.0000,3768.8000,1,1,2,1,1,1,1,1,1,1
SF,IF2007,2020-05-27 10:47:21.700,3766.2000,7978,0,1703830860.000,0,-,-,-,-,3766.6000,3766.0000,3765.8000,3765.6000,3765.4000,3766.8000,3767.0000,3767.6000,3767.8000,3768.0000,1,1,2,1,1,1,1,1,1,1
SF,IF2007,2020-05-27 10:47:22.200,3766.8000,7978,0,1704960900.000,1,0,1,多换,S,3766.6000,3766.0000,3765.8000,3765.6000,3765.4000,3767.0000,3768.0000,3768.8000,3769.8000,3770.0000,1,1,1,1,1,1,1,1,2,2
SF,IF2007,2020-05-27 10:47:23.700,3766.6000,7978,0,1706090880.000,1,0,1,多换,S,3765.8000,3765.6000,3765.4000,3765.2000,3764.0000,3767.0000,3768.0000,3768.8000,3769.8000,3770.0000,1,1,1,1,2,1,1,1,2,2
SF,IF2007,2020-05-27 10:47:24.200,3766.6000,7978,0,1706090880.000,0,-,-,-,-,3765.4000,3765.2000,3764.0000,3763.4000,3762.4000,3766.0000,3766.8000,3767.0000,3768.0000,3768.8000,1,1,2,1,1,1,2,1,1,1
SF,IF2007,2020-05-27 10:47:24.700,3766.2000,7978,0,1707220740.000,1,0,1,多换,S,3765.4000,3765.2000,3764.0000,3763.4000,3762.4000,3766.8000,3767.0000,3768.0000,3768.8000,3769.8000,1,1,2,1,1,1,1,1,1,2
SF,IF2007,2020-05-27 10:47:25.200,3766.2000,7978,0,1707220740.000,0,-,-,-,-,3765.6000,3765.4000,3765.2000,3764.0000,3763.4000,3766.8000,3767.0000,3768.0000,3768.8000,3769.8000,1,1,1,2,1,1,1,1,1,2
SF,IF2007,2020-05-27 10:47:27.700,3766.6000,7978,0,1708350720.000,1,0,1,多换,S,3765.4000,3765.2000,3764.0000,3763.4000,3762.4000,3766.8000,3767.0000,3768.0000,3768.8000,3769.8000,1,1,2,1,1,1,1,1,1,2
SF,IF2007,2020-05-27 10:47:32.200,3766.6000,7978,0,1708350720.000,0,-,-,-,-,3765.6000,3765.4000,3765.2000,3764.0000,3763.4000,3766.8000,3767.0000,3768.0000,3768.8000,3769.8000,1,1,1,2,1,1,1,1,1,2
SF,IF2007,2020-05-27 10:47:32.700,3766.6000,7978,0,1708350720.000,0,-,-,-,-,3765.8000,3765.6000,3765.4000,3765.2000,3764.0000,3766.8000,3767.0000,3768.0000,3768.8000,3769.8000,1,1,1,1,2,1,1,1,1,2
SF,IF2007,2020-05-27 10:47:36.700,3766.6000,7978,0,1708350720.000,0,-,-,-,-,3765.8000,3765.6000,3765.4000,3765.2000,3764.0000,3766.8000,3767.0000,3768.0000,3768.8000,3769.8000,1,1,1,1,2,1,1,1,1,2
SF,IF2007,2020-05-27 10:47:44.200,3765.8000,7979,1,1709480460.000,1,1,0,双开,S,3765.6000,3765.4000,3765.2000,3764.0000,3763.4000,3766.8000,3767.0000,3768.0000,3768.8000,3769.8000,1,1,1,2,1,1,1,1,1,2
SF,IF2007,2020-05-27 10:47:44.700,3765.8000,7979,0,1709480460.000,0,-,-,-,-,3765.8000,3765.6000,3765.4000,3765.2000,3764.0000,3766.8000,3767.0000,3768.0000,3768.8000,3769.8000,1,1,1,1,2,1,1,1,1,2
SF,IF2007,2020-05-27 10:47:45.700,3765.8000,7979,0,1709480460.000,0,-,-,-,-,3765.6000,3765.4000,3765.2000,3764.0000,3763.4000,3766.8000,3767.0000,3768.0000,3768.8000,3769.8000,1,1,1,2,1,1,1,1,1,2
SF,IF2007,2020-05-27 10:47:48.700,3765.8000,7979,0,1709480460.000,0,-,-,-,-,3766.0000,3765.6000,3765.4000,3765.2000,3764.0000,3766.8000,3767.0000,3768.0000,3768.8000,3769.8000,1,1,1,1,2,1,1,1,1,2
SF,IF2007,2020-05-27 10:47:56.700,3766.0000,7978,-1,1710610260.000,1,0,1,双平,S,3765.6000,3765.4000,3765.2000,3764.0000,3763.4000,3766.8000,3767.0000,3768.0000,3768.8000,3769.8000,1,1,1,2,1,1,1,1,1,2
SF,IF2007,2020-05-27 10:47:57.200,3766.0000,7978,0,1710610260.000,0,-,-,-,-,3765.6000,3765.4000,3765.2000,3764.0000,3763.4000,3766.6000,3766.8000,3767.0000,3768.0000,3768.8000,1,1,1,2,1,1,1,1,1,1
SF,IF2007,2020-05-27 10:48:03.700,3766.0000,7978,0,1710610260.000,0,-,-,-,-,3765.8000,3765.6000,3765.4000,3765.2000,3764.0000,3766.6000,3766.8000,3767.0000,3768.0000,3768.8000,1,1,1,1,2,1,1,1,1,1
SF,IF2007,2020-05-27 10:48:04.200,3766.0000,7978,0,1710610260.000,0,-,-,-,-,3765.8000,3765.6000,3765.4000,3765.2000,3764.0000,3766.8000,3767.0000,3768.0000,3768.8000,3769.8000,1,1,1,1,2,1,1,1,1,2
SF,IF2007,2020-05-27 10:48:09.200,3766.0000,7978,0,1710610260.000,0,-,-,-,-,3765.8000,3765.6000,3765.4000,3765.2000,3764.0000,3767.0000,3768.0000,3768.8000,3769.8000,3770.0000,1,1,1,1,2,1,1,1,2,2
SF,IF2007,2020-05-27 10:48:11.700,3766.0000,7978,0,1710610260.000,0,-,-,-,-,3766.0000,3765.8000,3765.6000,3765.4000,3765.2000,3767.0000,3768.0000,3768.8000,3769.8000,3770.0000,1,1,1,1,1,1,1,1,2,2
SF,IF2007,2020-05-27 10:48:12.200,3766.0000,7978,0,1710610260.000,0,-,-,-,-,3766.0000,3765.8000,3765.6000,3765.4000,3765.2000,3766.8000,3767.0000,3768.0000,3768.8000,3769.8000,1,1,1,1,1,1,1,1,1,2
SF,IF2007,2020-05-27 10:48:12.700,3766.0000,7978,0,1710610260.000,0,-,-,-,-,3765.8000,3765.6000,3765.4000,3765.2000,3764.0000,3766.8000,3767.0000,3768.0000,3768.8000,3769.8000,1,1,1,1,2,1,1,1,1,2
SF,IF2007,2020-05-27 10:48:14.200,3765.8000,7978,0,1711740000.000,1,0,1,多换,S,3765.6000,3765.4000,3765.2000,3764.0000,3763.4000,3766.8000,3767.0000,3768.0000,3768.8000,3769.8000,1,1,1,2,1,1,1,1,1,2
SF,IF2007,2020-05-27 10:48:14.700,3765.8000,7978,0,1711740000.000,0,-,-,-,-,3766.2000,3765.8000,3765.6000,3765.2000,3764.0000,3766.8000,3767.0000,3768.0000,3768.8000,3769.8000,1,3,1,1,2,1,1,1,1,2
SF,IF2007,2020-05-27 10:48:15.200,3765.8000,7978,0,1711740000.000,0,-,-,-,-,3766.2000,3765.8000,3765.6000,3765.2000,3764.0000,3766.8000,3767.0000,3768.0000,3768.8000,3769.8000,1,4,1,1,2,1,1,1,1,2
SF,IF2007,2020-05-27 10:48:15.700,3765.8000,7978,0,1711740000.000,0,-,-,-,-,3766.2000,3765.8000,3765.2000,3764.0000,3763.4000,3766.8000,3767.0000,3768.0000,3768.8000,3769.8000,1,4,1,2,1,1,1,1,1,2
SF,IF2007,2020-05-27 10:48:16.200,3765.8000,7978,0,1711740000.000,0,-,-,-,-,3766.2000,3765.8000,3765.2000,3764.0000,3763.4000,3766.8000,3768.0000,3768.8000,3769.8000,3770.0000,1,4,1,2,1,1,1,1,2,2
SF,IF2007,2020-05-27 10:48:28.200,3765.8000,7978,0,1711740000.000,0,-,-,-,-,3765.8000,3765.2000,3764.0000,3763.4000,3762.4000,3766.8000,3768.0000,3768.8000,3769.8000,3770.0000,3,1,2,1,1,1,1,1,2,2
SF,IF2007,2020-05-27 10:48:28.700,3765.8000,7978,0,1711740000.000,0,-,-,-,-,3765.8000,3765.2000,3764.0000,3763.4000,3762.4000,3766.8000,3768.0000,3768.8000,3769.8000,3770.0000,2,1,2,1,1,1,1,1,2,2
SF,IF2007,2020-05-27 10:48:29.200,3765.8000,7978,0,1711740000.000,0,-,-,-,-,3765.8000,3765.2000,3764.0000,3763.4000,3762.4000,3766.8000,3768.0000,3768.8000,3769.8000,3770.0000,2,1,2,1,1,1,1,1,2,2
SF,IF2007,2020-05-27 10:48:29.700,3765.8000,7978,0,1711740000.000,0,-,-,-,-,3765.8000,3765.2000,3764.0000,3763.4000,3762.4000,3766.8000,3768.0000,3768.8000,3769.8000,3770.0000,2,1,2,1,1,1,1,1,2,2
SF,IF2007,2020-05-27 10:48:30.700,3765.8000,7978,0,1711740000.000,0,-,-,-,-,3765.8000,3765.2000,3764.0000,3763.4000,3762.4000,3766.8000,3768.0000,3768.8000,3769.8000,3770.0000,1,1,2,1,1,1,1,1,2,2
SF,IF2007,2020-05-27 10:48:44.200,3765.8000,7979,1,1712869740.000,1,1,0,双开,S,3765.2000,3764.0000,3763.4000,3762.4000,3762.0000,3766.8000,3768.0000,3768.8000,3769.8000,3770.0000,1,2,1,1,1,1,1,1,2,2
SF,IF2007,2020-05-27 10:48:44.700,3765.8000,7979,0,1712869740.000,0,-,-,-,-,3766.0000,3765.6000,3765.4000,3765.2000,3764.0000,3766.8000,3768.0000,3768.8000,3769.8000,3770.0000,1,2,1,1,2,1,1,1,2,2
SF,IF2007,2020-05-27 10:48:45.700,3765.8000,7979,0,1712869740.000,0,-,-,-,-,3765.6000,3765.4000,3765.2000,3764.0000,3763.4000,3766.8000,3768.0000,3768.8000,3769.8000,3770.0000,1,1,1,2,1,1,1,1,2,2
SF,IF2007,2020-05-27 10:48:51.700,3765.8000,7979,0,1712869740.000,0,-,-,-,-,3765.6000,3765.4000,3765.2000,3764.0000,3763.4000,3766.6000,3766.8000,3768.0000,3768.8000,3769.8000,1,1,1,2,1,1,1,1,1,2
SF,IF2007,2020-05-27 10:48:55.200,3765.8000,7979,0,1712869740.000,0,-,-,-,-,3765.6000,3765.4000,3765.2000,3764.0000,3763.4000,3766.6000,3766.8000,3768.0000,3768.8000,3769.8000,2,1,1,2,1,1,1,1,1,2
SF,IF2007,2020-05-27 10:48:55.700,3765.8000,7979,0,1712869740.000,0,-,-,-,-,3765.8000,3765.6000,3765.4000,3765.2000,3764.0000,3766.6000,3766.8000,3768.0000,3768.8000,3769.8000,1,2,1,1,2,1,1,1,1,2
SF,IF2007,2020-05-27 10:48:56.200,3765.8000,7979,0,1712869740.000,0,-,-,-,-,3765.8000,3765.6000,3765.4000,3765.2000,3764.0000,3766.8000,3768.0000,3768.8000,3769.8000,3770.0000,1,2,1,1,2,1,1,1,2,2
SF,IF2007,2020-05-27 10:48:56.700,3765.8000,7979,0,1712869740.000,0,-,-,-,-,3765.8000,3765.6000,3765.4000,3765.2000,3764.0000,3766.8000,3768.0000,3768.8000,3769.8000,3770.0000,2,2,1,1,2,1,1,1,2,2
SF,IF2007,2020-05-27 10:48:57.200,3765.8000,7979,0,1712869740.000,0,-,-,-,-,3766.0000,3765.8000,3765.6000,3765.4000,3765.2000,3766.8000,3768.0000,3768.8000,3769.8000,3770.0000,1,2,1,1,1,1,1,1,2,2
SF,IF2007,2020-05-27 10:49:01.700,3765.8000,7979,0,1712869740.000,0,-,-,-,-,3765.8000,3765.6000,3765.4000,3765.2000,3764.0000,3766.8000,3768.0000,3768.8000,3769.8000,3770.0000,2,1,1,1,2,1,1,1,2,2
SF,IF2007,2020-05-27 10:49:02.200,3765.8000,7979,0,1712869740.000,0,-,-,-,-,3765.8000,3765.6000,3765.4000,3765.2000,3764.0000,3766.8000,3768.0000,3768.8000,3769.8000,3770.0000,2,1,1,1,2,1,1,1,2,2
SF,IF2007,2020-05-27 10:49:02.700,3765.8000,7979,0,1712869740.000,0,-,-,-,-,3765.8000,3765.4000,3765.2000,3764.0000,3763.4000,3766.8000,3768.0000,3768.8000,3769.8000,3770.0000,2,1,1,2,1,1,1,1,2,2
SF,IF2007,2020-05-27 10:49:03.200,3765.8000,7979,0,1712869740.000,0,-,-,-,-,3765.8000,3765.4000,3765.2000,3764.0000,3763.4000,3766.8000,3768.0000,3768.8000,3769.8000,3770.0000,2,1,1,2,1,1,1,1,2,2
SF,IF2007,2020-05-27 10:49:04.700,3765.8000,7979,0,1712869740.000,0,-,-,-,-,3765.8000,3765.4000,3765.2000,3764.0000,3763.4000,3766.8000,3768.0000,3768.8000,3769.8000,3770.0000,1,1,1,2,1,1,1,1,2,2
SF,IF2007,2020-05-27 10:49:12.200,3765.8000,7979,0,1712869740.000,0,-,-,-,-,3765.4000,3765.2000,3764.0000,3763.4000,3762.4000,3766.8000,3768.0000,3768.8000,3769.8000,3770.0000,1,1,2,1,1,1,1,1,2,2
SF,IF2007,2020-05-27 10:49:12.700,3765.8000,7979,0,1712869740.000,0,-,-,-,-,3765.6000,3765.4000,3765.2000,3764.0000,3763.4000,3766.8000,3768.0000,3768.8000,3769.8000,3770.0000,1,1,1,2,1,1,1,1,2,2
SF,IF2007,2020-05-27 10:49:15.200,3765.8000,7979,0,1712869740.000,0,-,-,-,-,3765.8000,3765.6000,3765.4000,3765.2000,3764.0000,3766.8000,3768.0000,3768.8000,3769.8000,3770.0000,1,1,1,1,2,1,1,1,2,2
SF,IF2007,2020-05-27 10:49:17.700,3766.8000,7979,0,1713999780.000,1,0,1,多换,S,3765.8000,3765.6000,3765.4000,3765.2000,3764.0000,3768.0000,3768.8000,3769.8000,3770.0000,3772.6000,1,1,1,1,2,1,1,2,2,1
SF,IF2007,2020-05-27 10:49:18.200,3766.8000,7979,0,1713999780.000,0,-,-,-,-,3766.0000,3765.8000,3765.4000,3765.2000,3764.0000,3767.0000,3767.2000,3767.4000,3767.8000,3768.0000,2,1,1,1,2,1,1,1,3,1
SF,IF2007,2020-05-27 10:49:18.700,3766.8000,7979,0,1713999780.000,0,-,-,-,-,3766.0000,3765.8000,3765.2000,3764.0000,3763.4000,3767.0000,3767.2000,3767.4000,3767.8000,3768.0000,2,1,1,2,1,1,1,1,3,1
SF,IF2007,2020-05-27 10:49:22.200,3766.8000,7979,0,1713999780.000,0,-,-,-,-,3766.0000,3765.8000,3765.2000,3764.0000,3763.4000,3767.0000,3767.2000,3767.4000,3767.8000,3768.0000,2,1,1,2,1,1,1,1,2,1
SF,IF2007,2020-05-27 10:49:25.200,3766.8000,7979,0,1713999780.000,0,-,-,-,-,3766.0000,3765.8000,3765.2000,3764.0000,3763.4000,3767.2000,3767.8000,3768.0000,3768.8000,3769.8000,2,1,1,2,1,1,2,1,1,2
SF,IF2007,2020-05-27 10:49:27.200,3766.8000,7979,0,1713999780.000,0,-,-,-,-,3766.2000,3766.0000,3765.2000,3764.0000,3763.4000,3767.2000,3767.8000,3768.0000,3768.8000,3769.8000,1,2,1,2,1,1,2,1,1,2
SF,IF2007,2020-05-27 10:49:36.200,3766.8000,7979,0,1713999780.000,0,-,-,-,-,3766.0000,3765.2000,3764.0000,3763.4000,3762.4000,3767.2000,3767.8000,3768.0000,3768.8000,3769.8000,2,1,2,1,1,1,2,1,1,2
SF,IF2007,2020-05-27 10:49:36.700,3766.8000,7979,0,1713999780.000,0,-,-,-,-,3766.0000,3765.2000,3764.0000,3763.4000,3762.4000,3767.0000,3767.2000,3767.8000,3768.0000,3768.8000,2,1,2,1,1,1,1,2,1,1
SF,IF2007,2020-05-27 10:49:39.200,3766.8000,7979,0,1713999780.000,0,-,-,-,-,3766.0000,3765.2000,3764.0000,3763.4000,3762.4000,3767.0000,3767.2000,3767.8000,3768.0000,3768.8000,2,1,2,1,1,1,1,2,1,1
SF,IF2007,2020-05-27 10:49:41.700,3767.0000,7979,0,1715129880.000,1,0,1,多换,S,3766.0000,3765.2000,3764.0000,3763.4000,3762.4000,3767.2000,3767.8000,3768.0000,3768.8000,3769.8000,2,1,2,1,1,1,2,1,1,3
SF,IF2007,2020-05-27 10:49:42.700,3767.0000,7979,0,1715129880.000,0,-,-,-,-,3766.0000,3765.2000,3764.0000,3763.4000,3762.4000,3767.0000,3767.2000,3767.8000,3768.0000,3768.8000,2,1,2,1,1,1,1,2,1,1
SF,IF2007,2020-05-27 10:49:44.200,3766.0000,7980,1,1716259680.000,1,1,0,双开,S,3766.0000,3765.2000,3764.0000,3763.4000,3762.4000,3767.0000,3767.2000,3768.0000,3768.8000,3769.8000,1,1,2,1,1,1,1,1,1,3
SF,IF2007,2020-05-27 10:49:44.700,3766.0000,7980,0,1716259680.000,0,-,-,-,-,3766.4000,3766.0000,3765.2000,3764.0000,3763.4000,3767.0000,3767.2000,3768.0000,3768.8000,3769.8000,1,2,1,2,1,1,1,1,1,3
SF,IF2007,2020-05-27 10:49:45.200,3766.0000,7980,0,1716259680.000,0,-,-,-,-,3766.0000,3765.2000,3764.0000,3763.4000,3762.4000,3767.0000,3767.2000,3768.0000,3768.8000,3769.8000,2,1,2,1,1,1,1,1,1,3
SF,IF2007,2020-05-27 10:49:45.700,3766.0000,7980,0,1716259680.000,0,-,-,-,-,3766.0000,3765.2000,3764.0000,3763.4000,3762.4000,3767.0000,3767.2000,3768.0000,3768.8000,3769.8000,2,1,2,1,1,1,1,1,1,3
SF,IF2007,2020-05-27 10:49:46.200,3766.0000,7980,0,1716259680.000,0,-,-,-,-,3766.2000,3766.0000,3765.2000,3764.0000,3763.4000,3767.0000,3767.2000,3768.0000,3768.8000,3769.8000,1,2,1,2,1,1,1,1,1,3
SF,IF2007,2020-05-27 10:49:46.700,3766.0000,7980,0,1716259680.000,0,-,-,-,-,3766.0000,3765.2000,3764.0000,3763.4000,3762.4000,3766.8000,3767.2000,3768.0000,3768.8000,3769.8000,2,1,2,1,1,1,1,1,1,3
SF,IF2007,2020-05-27 10:49:47.700,3766.0000,7980,0,1716259680.000,0,-,-,-,-,3766.0000,3765.2000,3764.0000,3763.4000,3762.4000,3766.8000,3768.0000,3768.8000,3769.8000,3770.0000,2,1,2,1,1,1,1,1,3,2
SF,IF2007,2020-05-27 10:49:48.700,3766.0000,7980,0,1716259680.000,0,-,-,-,-,3766.0000,3765.2000,3764.0000,3763.4000,3762.4000,3766.8000,3768.0000,3768.8000,3769.8000,3770.0000,1,1,2,1,1,1,1,1,3,2
SF,IF2007,2020-05-27 10:49:53.200,3766.0000,7980,0,1716259680.000,0,-,-,-,-,3766.0000,3765.2000,3764.0000,3763.4000,3762.4000,3766.8000,3768.0000,3768.8000,3769.8000,3770.0000,1,1,2,1,1,1,1,1,3,2
SF,IF2007,2020-05-27 10:50:02.200,3766.0000,7980,0,1716259680.000,0,-,-,-,-,3766.0000,3765.2000,3764.0000,3763.4000,3762.4000,3766.6000,3766.8000,3768.0000,3768.8000,3769.8000,1,1,2,1,1,1,1,1,1,3
SF,IF2007,2020-05-27 10:50:04.700,3766.0000,7981,1,1717389480.000,1,1,0,双开,S,3765.2000,3764.0000,3763.4000,3762.4000,3762.0000,3766.6000,3766.8000,3768.0000,3768.8000,3769.8000,1,2,1,1,1,1,1,1,1,3
SF,IF2007,2020-05-27 10:50:06.200,3766.0000,7981,0,1717389480.000,0,-,-,-,-,3765.2000,3764.0000,3763.4000,3762.4000,3762.0000,3766.2000,3766.8000,3768.0000,3768.8000,3769.8000,1,2,1,1,1,2,1,1,1,3
SF,IF2007,2020-05-27 10:50:07.200,3766.0000,7981,0,1717389480.000,0,-,-,-,-,3765.2000,3764.0000,3763.4000,3762.4000,3762.0000,3765.8000,3766.2000,3766.8000,3768.0000,3768.8000,1,2,1,1,1,1,1,1,1,1
SF,IF2007,2020-05-27 10:50:07.700,3765.2000,7982,1,1718519040.000,1,1,0,双开,S,3764.0000,3763.4000,3762.4000,3762.0000,3761.6000,3765.8000,3766.2000,3766.8000,3768.0000,3768.8000,2,1,1,1,1,1,1,1,1,1
SF,IF2007,2020-05-27 10:50:08.200,3765.2000,7982,0,1718519040.000,0,-,-,-,-,3764.2000,3764.0000,3763.4000,3762.4000,3762.0000,3765.4000,3766.2000,3766.8000,3768.0000,3768.8000,1,2,1,1,1,1,1,1,1,1
SF,IF2007,2020-05-27 10:50:08.700,3765.2000,7982,0,1718519040.000,0,-,-,-,-,3764.2000,3764.0000,3763.4000,3762.4000,3762.0000,3765.4000,3766.8000,3768.0000,3768.8000,3769.8000,1,2,1,1,1,1,1,1,1,3
SF,IF2007,2020-05-27 10:50:09.200,3765.2000,7982,0,1718519040.000,0,-,-,-,-,3764.2000,3764.0000,3763.4000,3762.4000,3762.0000,3765.2000,3765.4000,3766.8000,3768.0000,3768.8000,1,2,1,1,1,1,1,1,1,1
SF,IF2007,2020-05-27 10:50:09.700,3765.2000,7982,0,1718519040.000,0,-,-,-,-,3763.4000,3762.4000,3762.0000,3761.6000,3761.2000,3765.0000,3765.2000,3766.8000,3768.0000,3768.8000,1,1,1,1,2,1,1,1,1,1
SF,IF2007,2020-05-27 10:50:10.200,3765.2000,7982,0,1718519040.000,0,-,-,-,-,3763.6000,3762.4000,3762.0000,3761.6000,3761.2000,3765.0000,3766.8000,3768.0000,3768.8000,3769.8000,1,1,1,1,2,1,1,1,1,3
SF,IF2007,2020-05-27 10:50:10.700,3765.2000,7982,0,1718519040.000,0,-,-,-,-,3764.4000,3763.8000,3763.6000,3762.4000,3762.0000,3765.0000,3766.8000,3768.0000,3768.8000,3769.8000,1,2,1,1,1,1,1,1,1,3
SF,IF2007,2020-05-27 10:50:11.200,3765.2000,7982,0,1718519040.000,0,-,-,-,-,3764.0000,3763.6000,3762.4000,3762.0000,3761.6000,3765.0000,3766.8000,3768.0000,3768.8000,3769.8000,1,1,1,1,1,1,1,1,1,3
SF,IF2007,2020-05-27 10:50:11.700,3765.2000,7982,0,1718519040.000,0,-,-,-,-,3764.0000,3762.4000,3762.0000,3761.6000,3761.2000,3765.0000,3766.8000,3768.0000,3768.8000,3769.8000,1,1,1,1,2,1,1,1,1,3
SF,IF2007,2020-05-27 10:50:12.200,3765.2000,7982,0,1718519040.000,0,-,-,-,-,3762.4000,3762.0000,3761.6000,3761.2000,3761.0000,3765.0000,3766.8000,3768.0000,3768.8000,3769.8000,1,1,1,2,5,1,1,1,1,3
SF,IF2007,2020-05-27 10:50:12.700,3765.2000,7982,0,1718519040.000,0,-,-,-,-,3763.4000,3763.2000,3762.6000,3762.4000,3762.0000,3764.6000,3766.8000,3768.0000,3768.8000,3769.8000,1,1,8,1,1,1,1,1,1,3
SF,IF2007,2020-05-27 10:50:13.200,3765.2000,7982,0,1718519040.000,0,-,-,-,-,3763.4000,3763.2000,3762.6000,3762.4000,3762.0000,3764.4000,3764.6000,3766.8000,3768.0000,3768.8000,1,1,8,1,1,1,1,1,1,1
SF,IF2007,2020-05-27 10:50:13.700,3765.2000,7982,0,1718519040.000,0,-,-,-,-,3763.4000,3763.2000,3762.6000,3762.4000,3762.0000,3764.4000,3764.6000,3766.8000,3768.0000,3768.8000,1,1,6,1,1,1,1,1,1,1
SF,IF2007,2020-05-27 10:50:14.200,3763.4000,7983,1,1719648060.000,1,1,0,双开,S,3763.2000,3762.6000,3762.4000,3762.0000,3761.6000,3764.4000,3764.6000,3766.8000,3768.0000,3768.8000,1,6,1,1,1,1,1,1,1,1
SF,IF2007,2020-05-27 10:50:14.700,3763.4000,7983,0,1719648060.000,0,-,-,-,-,3763.8000,3763.6000,3763.4000,3762.6000,3762.4000,3764.6000,3766.8000,3768.0000,3768.8000,3769.8000,1,1,2,6,1,1,1,1,1,3
SF,IF2007,2020-05-27 10:50:15.200,3763.4000,7983,0,1719648060.000,0,-,-,-,-,3763.4000,3762.6000,3762.4000,3762.0000,3761.6000,3764.6000,3766.8000,3768.0000,3768.8000,3769.8000,2,5,1,1,1,1,1,1,1,3
SF,IF2007,2020-05-27 10:50:15.700,3763.4000,7983,0,1719648060.000,0,-,-,-,-,3763.4000,3762.6000,3762.4000,3762.0000,3761.6000,3764.4000,3764.6000,3766.8000,3768.0000,3768.8000,2,5,1,1,1,1,1,1,1,1
SF,IF2007,2020-05-27 10:50:16.200,3763.4000,7983,0,1719648060.000,0,-,-,-,-,3763.4000,3762.6000,3762.4000,3762.0000,3761.6000,3764.4000,3764.6000,3766.8000,3768.0000,3768.8000,2,4,1,1,1,1,1,1,1,1
SF,IF2007,2020-05-27 10:50:17.200,3763.4000,7983,0,1719648060.000,0,-,-,-,-,3763.6000,3763.4000,3762.6000,3762.4000,3762.0000,3764.4000,3764.6000,3766.8000,3768.0000,3768.8000,2,2,4,1,1,1,1,1,1,1
SF,IF2007,2020-05-27 10:50:17.700,3763.4000,7983,0,1719648060.000,0,-,-,-,-,3763.6000,3763.4000,3762.6000,3762.4000,3762.0000,3764.6000,3766.8000,3768.0000,3768.8000,3769.8000,1,2,4,1,1,1,1,1,1,3
SF,IF2007,2020-05-27 10:50:22.700,3763.4000,7983,0,1719648060.000,0,-,-,-,-,3763.6000,3763.4000,3762.6000,3762.4000,3762.0000,3764.6000,3766.8000,3768.0000,3769.8000,3770.0000,1,2,4,1,1,1,1,1,3,2
SF,IF2007,2020-05-27 10:50:25.700,3764.6000,7984,1,1720777440.000,1,1,0,双开,S,3763.6000,3763.4000,3762.6000,3762.4000,3762.0000,3766.8000,3768.0000,3769.8000,3770.0000,3772.6000,2,2,4,1,1,1,1,3,2,1
SF,IF2007,2020-05-27 10:50:26.200,3764.6000,7984,0,1720777440.000,0,-,-,-,-,3764.0000,3763.8000,3763.6000,3762.6000,3762.4000,3765.4000,3766.2000,3766.4000,3766.6000,3766.8000,2,1,2,4,1,1,2,1,3,1
SF,IF2007,2020-05-27 10:50:26.700,3764.6000,7984,0,1720777440.000,0,-,-,-,-,3764.0000,3763.6000,3762.6000,3762.4000,3762.0000,3765.4000,3766.2000,3766.6000,3766.8000,3768.0000,2,2,4,1,1,1,2,2,1,1
SF,IF2007,2020-05-27 10:50:27.200,3764.6000,7984,0,1720777440.000,0,-,-,-,-,3764.4000,3764.2000,3764.0000,3763.6000,3762.6000,3765.4000,3766.6000,3766.8000,3768.0000,3769.8000,1,1,1,2,4,1,2,1,1,3
SF,IF2007,2020-05-27 10:50:27.700,3764.6000,7984,0,1720777440.000,0,-,-,-,-,3763.6000,3762.6000,3762.4000,3762.0000,3761.6000,3765.4000,3766.6000,3766.8000,3768.0000,3769.8000,2,4,1,1,1,1,2,1,1,3
SF,IF2007,2020-05-27 10:50:28.200,3764.6000,7984,0,1720777440.000,0,-,-,-,-,3764.0000,3763.8000,3763.6000,3762.6000,3762.4000,3765.4000,3766.6000,3766.8000,3768.0000,3769.8000,1,2,2,4,1,1,2,1,1,3
SF,IF2007,2020-05-27 10:50:28.700,3764.6000,7984,0,1720777440.000,0,-,-,-,-,3763.8000,3763.6000,3762.6000,3762.4000,3762.0000,3765.4000,3766.6000,3766.8000,3768.0000,3769.8000,2,2,4,1,1,1,2,1,1,3
SF,IF2007,2020-05-27 10:50:29.200,3764.6000,7984,0,1720777440.000,0,-,-,-,-,3763.8000,3763.6000,3762.6000,3762.4000,3762.0000,3765.0000,3765.4000,3766.6000,3766.8000,3768.0000,2,2,4,1,1,1,1,2,1,1
SF,IF2007,2020-05-27 10:50:30.200,3764.6000,7984,0,1720777440.000,0,-,-,-,-,3763.8000,3763.6000,3762.6000,3762.4000,3762.0000,3765.0000,3766.6000,3766.8000,3768.0000,3769.8000,2,2,4,1,1,1,2,1,1,3
SF,IF2007,2020-05-27 10:50:36.200,3764.6000,7984,0,1720777440.000,0,-,-,-,-,3763.8000,3763.6000,3762.6000,3762.4000,3762.0000,3765.0000,3766.6000,3766.8000,3768.0000,3769.8000,2,2,4,1,1,1,2,1,1,3
SF,IF2007,2020-05-27 10:50:36.700,3764.6000,7984,0,1720777440.000,0,-,-,-,-,3763.8000,3763.6000,3762.6000,3762.4000,3762.0000,3766.6000,3766.8000,3768.0000,3769.8000,3770.0000,2,2,4,1,1,2,1,1,3,1
SF,IF2007,2020-05-27 10:50:37.200,3764.6000,7984,0,1720777440.000,0,-,-,-,-,3764.2000,3763.8000,3763.6000,3762.6000,3762.4000,3765.4000,3766.0000,3766.4000,3766.6000,3766.8000,1,1,2,4,1,1,4,2,2,1
SF,IF2007,2020-05-27 10:50:37.700,3764.6000,7984,0,1720777440.000,0,-,-,-,-,3764.2000,3763.6000,3762.6000,3762.4000,3762.0000,3765.4000,3766.0000,3766.6000,3766.8000,3768.0000,2,2,4,1,1,1,1,2,1,1
SF,IF2007,2020-05-27 10:50:38.700,3764.6000,7984,0,1720777440.000,0,-,-,-,-,3764.6000,3764.4000,3764.2000,3763.6000,3762.6000,3766.6000,3766.8000,3768.0000,3769.8000,3770.0000,1,1,1,2,4,2,1,1,3,1
SF,IF2007,2020-05-27 10:50:39.200,3764.6000,7984,0,1720777440.000,0,-,-,-,-,3765.0000,3764.8000,3764.4000,3764.2000,3763.6000,3766.2000,3766.6000,3766.8000,3768.0000,3769.8000,1,1,1,1,2,1,2,1,1,3
SF,IF2007,2020-05-27 10:50:39.700,3764.6000,7984,0,1720777440.000,0,-,-,-,-,3765.0000,3764.4000,3764.2000,3763.6000,3762.6000,3766.2000,3766.6000,3766.8000,3768.0000,3769.8000,1,1,1,2,4,1,2,1,1,3
SF,IF2007,2020-05-27 10:50:40.200,3764.6000,7984,0,1720777440.000,0,-,-,-,-,3765.0000,3764.4000,3764.2000,3763.6000,3762.6000,3766.2000,3766.6000,3766.8000,3768.0000,3769.8000,1,1,1,2,4,1,2,1,1,3
SF,IF2007,2020-05-27 10:50:40.700,3764.6000,7984,0,1720777440.000,0,-,-,-,-,3765.0000,3764.4000,3764.2000,3763.6000,3762.6000,3766.0000,3766.2000,3766.6000,3766.8000,3768.0000,1,1,1,2,4,1,1,2,1,1
SF,IF2007,2020-05-27 10:50:41.200,3764.6000,7984,0,1720777440.000,0,-,-,-,-,3765.0000,3764.4000,3764.2000,3763.6000,3762.6000,3766.0000,3766.2000,3766.6000,3766.8000,3768.0000,1,1,1,1,4,1,1,2,1,1
SF,IF2007,2020-05-27 10:50:46.200,3764.6000,7984,0,1720777440.000,0,-,-,-,-,3764.4000,3764.2000,3763.6000,3762.6000,3762.4000,3765.8000,3766.0000,3766.6000,3766.8000,3768.0000,1,1,1,4,1,1,1,2,1,1
SF,IF2007,2020-05-27 10:50:46.700,3764.6000,7984,0,1720777440.000,0,-,-,-,-,3764.6000,3764.4000,3764.2000,3763.6000,3762.6000,3765.8000,3766.6000,3766.8000,3768.0000,3769.8000,1,1,1,1,4,1,2,1,1,3
SF,IF2007,2020-05-27 10:50:51.200,3764.6000,7984,0,1720777440.000,0,-,-,-,-,3764.8000,3764.6000,3764.2000,3763.6000,3762.6000,3765.6000,3765.8000,3766.6000,3766.8000,3768.0000,1,1,1,1,4,1,1,2,1,1
SF,IF2007,2020-05-27 10:50:51.700,3765.8000,7985,1,1723036860.000,2,1,1,空开,S,3764.8000,3764.6000,3764.2000,3763.6000,3762.6000,3766.8000,3768.0000,3769.8000,3770.0000,3772.6000,1,1,1,1,4,1,1,3,1,1
SF,IF2007,2020-05-27 10:50:52.200,3765.8000,7985,0,1723036860.000,0,-,-,-,-,3765.2000,3764.8000,3764.2000,3763.6000,3762.6000,3766.4000,3766.8000,3768.0000,3769.8000,3770.0000,1,1,1,1,4,1,1,1,3,1
SF,IF2007,2020-05-27 10:50:52.700,3765.8000,7985,0,1723036860.000,0,-,-,-,-,3765.2000,3764.8000,3764.2000,3763.6000,3762.6000,3766.8000,3768.0000,3769.8000,3770.0000,3772.6000,1,1,1,1,4,1,1,3,1,1
SF,IF2007,2020-05-27 10:50:53.200,3765.8000,7985,0,1723036860.000,0,-,-,-,-,3765.6000,3764.8000,3763.6000,3762.6000,3762.4000,3766.8000,3768.0000,3769.8000,3770.0000,3772.6000,1,1,1,4,1,1,1,3,1,1
SF,IF2007,2020-05-27 10:50:53.700,3765.8000,7985,0,1723036860.000,0,-,-,-,-,3765.6000,3764.8000,3763.6000,3762.6000,3762.4000,3766.6000,3766.8000,3768.0000,3769.8000,3770.0000,1,1,1,4,1,1,1,1,3,1
SF,IF2007,2020-05-27 10:50:54.200,3765.6000,7986,1,1724166540.000,1,1,0,双开,S,3764.8000,3763.6000,3762.6000,3762.4000,3762.0000,3766.6000,3766.8000,3768.0000,3769.8000,3770.0000,1,1,4,1,1,1,1,1,3,1
SF,IF2007,2020-05-27 10:50:54.700,3765.6000,7986,0,1724166540.000,0,-,-,-,-,3765.2000,3765.0000,3764.8000,3763.6000,3762.6000,3766.6000,3766.8000,3768.0000,3769.8000,3770.0000,1,1,1,1,4,1,1,1,3,1
SF,IF2007,2020-05-27 10:50:55.200,3765.6000,7986,0,1724166540.000,0,-,-,-,-,3765.2000,3765.0000,3764.8000,3762.6000,3762.4000,3766.4000,3766.6000,3766.8000,3768.0000,3769.8000,1,1,1,4,1,1,1,1,1,3
SF,IF2007,2020-05-27 10:50:55.700,3765.6000,7986,0,1724166540.000,0,-,-,-,-,3765.2000,3765.0000,3764.8000,3762.6000,3762.4000,3766.4000,3766.8000,3768.0000,3769.8000,3770.0000,1,1,1,4,1,1,1,1,3,1
SF,IF2007,2020-05-27 10:50:56.200,3765.6000,7986,0,1724166540.000,0,-,-,-,-,3765.2000,3765.0000,3762.6000,3762.4000,3762.0000,3766.8000,3768.0000,3769.8000,3770.0000,3772.6000,1,1,4,1,1,1,1,3,1,1
SF,IF2007,2020-05-27 10:50:57.700,3765.6000,7986,0,1724166540.000,0,-,-,-,-,3765.2000,3765.0000,3762.6000,3762.4000,3762.0000,3766.8000,3768.0000,3769.8000,3770.0000,3772.6000,2,1,4,1,1,1,1,3,1,1
SF,IF2007,2020-05-27 10:50:59.700,3765.6000,7986,0,1724166540.000,0,-,-,-,-,3765.2000,3765.0000,3762.6000,3762.4000,3762.0000,3766.4000,3766.6000,3766.8000,3768.0000,3769.8000,2,1,4,1,1,1,1,1,1,3
SF,IF2007,2020-05-27 10:51:02.700,3765.6000,7986,0,1724166540.000,0,-,-,-,-,3765.2000,3762.6000,3762.4000,3762.0000,3761.6000,3766.2000,3766.6000,3766.8000,3768.0000,3769.8000,1,4,1,1,1,2,1,1,1,3
SF,IF2007,2020-05-27 10:51:03.200,3765.6000,7986,0,1724166540.000,0,-,-,-,-,3765.2000,3762.6000,3762.4000,3762.0000,3761.6000,3766.2000,3766.8000,3768.0000,3769.8000,3770.0000,1,4,1,1,1,2,1,1,3,1
SF,IF2007,2020-05-27 10:51:05.200,3765.6000,7986,0,1724166540.000,0,-,-,-,-,3765.2000,3762.6000,3762.4000,3762.0000,3761.6000,3766.2000,3766.8000,3768.0000,3769.8000,3770.0000,2,4,1,1,1,2,1,1,3,1
SF,IF2007,2020-05-27 10:51:06.700,3765.6000,7986,0,1724166540.000,0,-,-,-,-,3765.4000,3765.2000,3762.6000,3762.4000,3762.0000,3766.2000,3766.8000,3768.0000,3769.8000,3770.0000,1,2,4,1,1,2,1,1,3,1
SF,IF2007,2020-05-27 10:51:07.700,3765.6000,7986,0,1724166540.000,0,-,-,-,-,3766.2000,3765.4000,3765.2000,3762.6000,3762.4000,3766.8000,3768.0000,3769.8000,3770.0000,3772.6000,1,1,2,4,1,1,1,3,1,1
SF,IF2007,2020-05-27 10:51:08.200,3765.6000,7986,0,1724166540.000,0,-,-,-,-,3765.4000,3765.2000,3762.6000,3762.4000,3762.0000,3766.8000,3768.0000,3769.8000,3770.0000,3772.6000,1,1,4,1,1,1,1,3,1,1
SF,IF2007,2020-05-27 10:51:08.700,3765.6000,7986,0,1724166540.000,0,-,-,-,-,3765.6000,3765.4000,3765.2000,3762.6000,3762.4000,3766.8000,3768.0000,3769.8000,3770.0000,3772.6000,1,1,1,4,1,1,1,3,1,1
SF,IF2007,2020-05-27 10:51:09.200,3765.6000,7986,0,1724166540.000,0,-,-,-,-,3765.6000,3765.4000,3765.2000,3762.6000,3762.4000,3766.6000,3766.8000,3768.0000,3769.8000,3770.0000,2,1,1,4,1,1,1,1,3,1
SF,IF2007,2020-05-27 10:51:12.700,3765.6000,7986,0,1724166540.000,0,-,-,-,-,3765.6000,3765.2000,3762.6000,3762.4000,3762.0000,3766.6000,3766.8000,3768.0000,3769.8000,3770.0000,2,1,4,1,1,1,1,1,3,1
SF,IF2007,2020-05-27 10:51:14.700,3765.6000,7987,1,1725296220.000,1,1,0,双开,S,3765.6000,3765.2000,3762.6000,3762.4000,3762.0000,3766.4000,3766.6000,3766.8000,3768.0000,3769.8000,1,1,4,1,1,1,1,1,1,3
SF,IF2007,2020-05-27 10:51:17.200,3765.6000,7987,0,1725296220.000,0,-,-,-,-,3765.6000,3765.2000,3762.6000,3762.4000,3762.0000,3766.4000,3766.8000,3768.0000,3769.8000,3770.0000,1,1,4,1,1,1,1,1,3,1
SF,IF2007,2020-05-27 10:51:18.700,3765.6000,7987,0,1725296220.000,0,-,-,-,-,3762.6000,3762.4000,3762.0000,3761.6000,3761.2000,3766.4000,3766.8000,3768.0000,3769.8000,3770.0000,4,1,1,1,2,1,1,1,3,1
SF,IF2007,2020-05-27 10:51:19.200,3765.6000,7987,0,1725296220.000,0,-,-,-,-,3764.8000,3764.6000,3763.8000,3763.4000,3763.2000,3766.0000,3766.8000,3768.0000,3769.8000,3770.0000,2,1,1,1,1,1,1,1,3,1
SF,IF2007,2020-05-27 10:51:19.700,3765.6000,7987,0,1725296220.000,0,-,-,-,-,3764.8000,3764.6000,3763.8000,3763.4000,3763.2000,3766.0000,3766.8000,3768.0000,3769.8000,3770.0000,1,1,1,1,1,1,1,1,3,1
SF,IF2007,2020-05-27 10:51:24.200,3764.8000,7988,1,1726425660.000,1,1,0,双开,S,3764.6000,3763.8000,3763.4000,3763.2000,3763.0000,3766.0000,3766.8000,3768.0000,3769.8000,3770.0000,1,1,1,1,1,1,1,1,3,1
SF,IF2007,2020-05-27 10:51:24.700,3764.8000,7988,0,1726425660.000,0,-,-,-,-,3765.4000,3765.0000,3764.8000,3763.8000,3763.4000,3766.0000,3766.8000,3768.0000,3769.8000,3770.0000,1,1,1,1,1,1,1,1,3,1
SF,IF2007,2020-05-27 10:51:25.200,3764.8000,7988,0,1726425660.000,0,-,-,-,-,3765.0000,3764.8000,3763.8000,3763.4000,3763.2000,3766.0000,3766.8000,3768.0000,3769.8000,3770.0000,1,1,1,1,1,1,1,1,3,1
SF,IF2007,2020-05-27 10:51:27.200,3764.8000,7988,0,1726425660.000,0,-,-,-,-,3764.8000,3763.8000,3763.4000,3763.2000,3763.0000,3766.0000,3766.8000,3768.0000,3769.8000,3770.0000,1,1,1,1,1,1,1,1,3,1
SF,IF2007,2020-05-27 10:51:27.700,3764.8000,7988,0,1726425660.000,0,-,-,-,-,3764.8000,3763.8000,3763.4000,3763.2000,3763.0000,3765.8000,3766.0000,3766.8000,3768.0000,3769.8000,1,1,1,1,1,2,1,1,1,3
SF,IF2007,2020-05-27 10:51:30.700,3764.8000,7988,0,1726425660.000,0,-,-,-,-,3765.0000,3764.8000,3763.8000,3763.4000,3763.2000,3765.8000,3766.0000,3766.8000,3768.0000,3769.8000,1,1,1,1,1,2,1,1,1,3
SF,IF2007,2020-05-27 10:51:31.200,3764.8000,7988,0,1726425660.000,0,-,-,-,-,3765.0000,3764.8000,3763.8000,3763.4000,3763.2000,3765.8000,3766.0000,3766.8000,3768.0000,3769.8000,1,1,1,1,2,2,1,1,1,3
SF,IF2007,2020-05-27 10:51:33.200,3764.8000,7988,0,1726425660.000,0,-,-,-,-,3765.0000,3764.8000,3763.8000,3763.4000,3763.2000,3765.6000,3766.8000,3768.0000,3769.8000,3770.0000,1,1,1,1,2,1,1,1,3,1
SF,IF2007,2020-05-27 10:51:33.700,3764.8000,7988,0,1726425660.000,0,-,-,-,-,3764.8000,3763.8000,3763.4000,3763.2000,3763.0000,3765.6000,3766.8000,3768.0000,3769.8000,3770.0000,1,1,1,2,1,1,1,1,3,1
SF,IF2007,2020-05-27 10:51:41.200,3764.8000,7988,0,1726425660.000,0,-,-,-,-,3763.8000,3763.4000,3763.2000,3763.0000,3762.8000,3765.6000,3766.8000,3768.0000,3769.8000,3770.0000,1,1,1,1,3,1,1,1,3,1
SF,IF2007,2020-05-27 10:51:41.700,3764.8000,7988,0,1726425660.000,0,-,-,-,-,3764.2000,3763.2000,3763.0000,3762.8000,3762.6000,3765.6000,3766.8000,3768.0000,3769.8000,3770.0000,1,1,1,3,4,1,1,1,3,1
SF,IF2007,2020-05-27 10:51:42.700,3764.8000,7988,0,1726425660.000,0,-,-,-,-,3764.4000,3764.2000,3763.2000,3763.0000,3762.8000,3765.6000,3766.8000,3768.0000,3769.8000,3770.0000,1,1,1,1,3,1,1,1,3,1
SF,IF2007,2020-05-27 10:51:43.200,3764.8000,7988,0,1726425660.000,0,-,-,-,-,3764.6000,3764.4000,3764.2000,3763.2000,3763.0000,3765.6000,3766.8000,3768.0000,3769.8000,3770.0000,1,1,1,1,1,1,1,1,3,1
SF,IF2007,2020-05-27 10:51:46.200,3764.8000,7988,0,1726425660.000,0,-,-,-,-,3764.8000,3764.6000,3764.2000,3763.2000,3763.0000,3765.6000,3766.8000,3768.0000,3769.8000,3770.0000,1,1,1,1,1,1,1,1,3,1
SF,IF2007,2020-05-27 10:51:46.700,3764.8000,7988,0,1726425660.000,0,-,-,-,-,3764.8000,3764.6000,3764.2000,3763.2000,3763.0000,3765.6000,3766.8000,3768.0000,3769.8000,3770.0000,2,1,1,1,1,1,1,1,3,1
SF,IF2007,2020-05-27 10:51:47.200,3764.8000,7988,0,1726425660.000,0,-,-,-,-,3764.8000,3764.2000,3763.2000,3763.0000,3762.8000,3765.6000,3766.8000,3768.0000,3769.8000,3770.0000,2,1,1,1,3,1,1,1,3,1
SF,IF2007,2020-05-27 10:51:53.700,3764.8000,7988,0,1726425660.000,0,-,-,-,-,3764.8000,3764.2000,3763.2000,3763.0000,3762.8000,3765.6000,3766.8000,3768.0000,3769.8000,3770.0000,1,1,1,1,3,1,1,1,3,1
SF,IF2007,2020-05-27 10:51:54.200,3764.8000,7988,0,1726425660.000,0,-,-,-,-,3764.8000,3764.2000,3763.2000,3763.0000,3762.8000,3765.6000,3766.8000,3768.0000,3769.8000,3770.0000,1,1,1,1,2,1,1,1,3,1
SF,IF2007,2020-05-27 10:51:59.700,3764.8000,7988,0,1726425660.000,0,-,-,-,-,3764.2000,3763.2000,3763.0000,3762.8000,3762.6000,3765.6000,3766.8000,3768.0000,3769.8000,3770.0000,1,1,1,2,4,1,1,1,3,1
SF,IF2007,2020-05-27 10:52:00.700,3764.8000,7988,0,1726425660.000,0,-,-,-,-,3763.2000,3763.0000,3762.8000,3762.6000,3762.4000,3765.6000,3766.8000,3768.0000,3769.8000,3770.0000,1,1,2,4,1,1,1,1,3,1
SF,IF2007,2020-05-27 10:52:01.200,3764.8000,7988,0,1726425660.000,0,-,-,-,-,3763.8000,3763.2000,3762.8000,3762.6000,3762.4000,3765.2000,3766.8000,3768.0000,3769.8000,3770.0000,1,1,2,4,1,1,1,1,3,1
SF,IF2007,2020-05-27 10:52:01.700,3764.8000,7988,0,1726425660.000,0,-,-,-,-,3763.2000,3762.8000,3762.6000,3762.4000,3762.0000,3765.2000,3766.8000,3768.0000,3769.8000,3770.0000,1,2,4,1,1,1,1,1,3,1
SF,IF2007,2020-05-27 10:52:02.200,3764.8000,7988,0,1726425660.000,0,-,-,-,-,3763.8000,3763.2000,3762.8000,3762.6000,3762.4000,3765.2000,3766.8000,3768.0000,3769.8000,3770.0000,1,1,2,4,1,1,1,1,3,1
SF,IF2007,2020-05-27 10:52:05.200,3764.8000,7988,0,1726425660.000,0,-,-,-,-,3764.0000,3763.8000,3763.2000,3762.8000,3762.6000,3765.2000,3766.8000,3768.0000,3769.8000,3770.0000,1,1,1,2,4,1,1,1,3,1
SF,IF2007,2020-05-27 10:52:07.200,3764.8000,7988,0,1726425660.000,0,-,-,-,-,3764.2000,3763.8000,3763.2000,3762.8000,3762.6000,3765.2000,3766.8000,3768.0000,3769.8000,3770.0000,1,1,1,2,4,1,1,1,3,1
SF,IF2007,2020-05-27 10:52:19.700,3765.2000,7988,0,1727555220.000,1,0,1,多换,S,3764.2000,3763.8000,3763.2000,3762.8000,3762.6000,3766.8000,3768.0000,3769.8000,3770.0000,3772.6000,1,1,1,2,4,1,1,3,1,1
SF,IF2007,2020-05-27 10:52:20.200,3765.2000,7988,0,1727555220.000,0,-,-,-,-,3764.4000,3764.2000,3763.8000,3763.2000,3762.8000,3765.6000,3766.2000,3766.4000,3766.6000,3766.8000,1,1,1,1,1,1,3,1,3,1
SF,IF2007,2020-05-27 10:52:20.700,3765.2000,7988,0,1727555220.000,0,-,-,-,-,3764.4000,3764.2000,3763.2000,3762.8000,3762.6000,3765.6000,3766.2000,3766.4000,3766.6000,3766.8000,1,1,1,1,4,1,2,1,2,1
SF,IF2007,2020-05-27 10:52:21.700,3765.2000,7988,0,1727555220.000,0,-,-,-,-,3764.4000,3764.2000,3763.2000,3762.8000,3762.6000,3765.6000,3766.2000,3766.6000,3766.8000,3768.0000,1,1,1,1,4,1,2,2,1,1
SF,IF2007,2020-05-27 10:52:22.200,3765.2000,7988,0,1727555220.000,0,-,-,-,-,3764.4000,3763.2000,3762.8000,3762.6000,3762.4000,3765.6000,3766.2000,3766.6000,3766.8000,3768.0000,1,1,1,4,1,1,2,2,1,1
SF,IF2007,2020-05-27 10:52:24.200,3765.2000,7988,0,1727555220.000,0,-,-,-,-,3764.4000,3763.4000,3763.2000,3762.8000,3762.6000,3765.6000,3766.2000,3766.6000,3766.8000,3768.0000,1,1,1,1,4,1,2,2,1,1
SF,IF2007,2020-05-27 10:52:25.200,3765.2000,7988,0,1727555220.000,0,-,-,-,-,3764.4000,3763.4000,3763.2000,3762.8000,3762.6000,3765.4000,3765.6000,3766.2000,3766.6000,3766.8000,1,1,1,1,4,1,1,2,2,1
SF,IF2007,2020-05-27 10:52:36.200,3765.2000,7988,0,1727555220.000,0,-,-,-,-,3764.4000,3763.4000,3763.2000,3762.8000,3762.6000,3765.4000,3765.6000,3766.2000,3766.6000,3766.8000,1,1,1,1,4,1,1,1,2,1
SF,IF2007,2020-05-27 10:52:36.700,3765.2000,7988,0,1727555220.000,0,-,-,-,-,3764.4000,3763.4000,3763.2000,3762.8000,3762.6000,3765.6000,3766.6000,3766.8000,3768.0000,3769.8000,1,1,1,1,4,1,2,1,1,3
SF,IF2007,2020-05-27 10:52:45.200,3765.2000,7988,0,1727555220.000,0,-,-,-,-,3763.4000,3763.2000,3762.8000,3762.6000,3762.4000,3765.2000,3765.4000,3766.6000,3766.8000,3768.0000,1,1,1,4,1,1,1,2,1,1
SF,IF2007,2020-05-27 10:52:45.700,3765.2000,7988,0,1727555220.000,0,-,-,-,-,3763.8000,3763.4000,3763.2000,3762.8000,3762.6000,3765.2000,3765.4000,3766.6000,3766.8000,3768.0000,1,1,1,1,4,1,1,2,1,1
SF,IF2007,2020-05-27 10:52:46.200,3765.2000,7988,0,1727555220.000,0,-,-,-,-,3763.4000,3763.2000,3762.8000,3762.6000,3762.4000,3764.8000,3765.4000,3766.6000,3766.8000,3768.0000,1,1,1,4,1,2,1,2,1,1
SF,IF2007,2020-05-27 10:52:46.700,3765.2000,7988,0,1727555220.000,0,-,-,-,-,3763.4000,3763.2000,3762.6000,3762.4000,3762.0000,3764.8000,3766.6000,3766.8000,3768.0000,3769.8000,1,1,4,1,1,2,2,1,1,3
SF,IF2007,2020-05-27 10:52:47.200,3765.2000,7988,0,1727555220.000,0,-,-,-,-,3763.4000,3763.2000,3762.6000,3762.4000,3762.0000,3764.4000,3764.8000,3766.6000,3766.8000,3768.0000,1,1,4,1,1,1,2,2,1,1
SF,IF2007,2020-05-27 10:52:48.200,3765.2000,7988,0,1727555220.000,0,-,-,-,-,3763.6000,3763.4000,3763.2000,3762.6000,3762.4000,3764.4000,3764.8000,3766.6000,3766.8000,3768.0000,1,1,1,4,1,1,2,2,1,1
SF,IF2007,2020-05-27 10:52:48.700,3765.2000,7988,0,1727555220.000,0,-,-,-,-,3763.6000,3763.4000,3763.2000,3762.6000,3762.4000,3764.8000,3766.6000,3766.8000,3768.0000,3769.8000,1,1,1,4,1,2,2,1,1,3
SF,IF2007,2020-05-27 10:52:50.200,3765.2000,7988,0,1727555220.000,0,-,-,-,-,3763.6000,3763.4000,3763.2000,3762.6000,3762.4000,3764.6000,3764.8000,3766.6000,3766.8000,3768.0000,1,1,1,4,1,1,2,2,1,1
SF,IF2007,2020-05-27 10:52:51.700,3765.2000,7988,0,1727555220.000,0,-,-,-,-,3763.4000,3763.2000,3762.6000,3762.4000,3762.0000,3764.6000,3764.8000,3766.6000,3766.8000,3768.0000,1,1,4,1,1,1,2,2,1,1
SF,IF2007,2020-05-27 10:52:54.700,3765.2000,7988,0,1727555220.000,0,-,-,-,-,3763.6000,3763.4000,3763.2000,3762.6000,3762.4000,3764.6000,3764.8000,3766.6000,3766.8000,3768.0000,1,1,1,4,1,1,2,2,1,1
SF,IF2007,2020-05-27 10:52:55.200,3765.2000,7988,0,1727555220.000,0,-,-,-,-,3763.4000,3763.2000,3762.6000,3762.4000,3762.0000,3764.6000,3764.8000,3766.6000,3766.8000,3768.0000,1,1,4,1,1,1,2,2,1,1
SF,IF2007,2020-05-27 10:52:55.700,3765.2000,7988,0,1727555220.000,0,-,-,-,-,3763.4000,3763.2000,3762.6000,3762.4000,3762.0000,3764.8000,3766.6000,3766.8000,3768.0000,3769.8000,1,1,4,1,1,2,2,1,1,3
SF,IF2007,2020-05-27 10:52:56.700,3765.2000,7988,0,1727555220.000,0,-,-,-,-,3763.6000,3763.4000,3763.2000,3762.6000,3762.4000,3764.8000,3766.6000,3766.8000,3768.0000,3769.8000,1,1,1,4,1,2,2,1,1,3
SF,IF2007,2020-05-27 10:52:58.200,3765.2000,7988,0,1727555220.000,0,-,-,-,-,3763.6000,3763.4000,3763.2000,3762.6000,3762.4000,3764.6000,3764.8000,3766.6000,3766.8000,3768.0000,1,1,1,4,1,1,2,2,1,1
SF,IF2007,2020-05-27 10:53:02.200,3765.2000,7988,0,1727555220.000,0,-,-,-,-,3763.4000,3763.2000,3762.6000,3762.4000,3762.0000,3764.6000,3764.8000,3766.6000,3766.8000,3768.0000,1,1,4,1,1,1,2,2,1,1
SF,IF2007,2020-05-27 10:53:02.700,3765.2000,7988,0,1727555220.000,0,-,-,-,-,3763.4000,3763.2000,3762.6000,3762.4000,3762.0000,3764.6000,3764.8000,3766.6000,3766.8000,3768.0000,1,1,2,1,1,1,2,2,1,1
SF,IF2007,2020-05-27 10:53:04.200,3765.2000,7988,0,1727555220.000,0,-,-,-,-,3763.4000,3763.2000,3762.6000,3762.4000,3762.0000,3764.4000,3764.8000,3766.6000,3766.8000,3768.0000,1,1,2,1,1,2,2,2,1,1
SF,IF2007,2020-05-27 10:53:04.700,3765.2000,7988,0,1727555220.000,0,-,-,-,-,3763.4000,3763.2000,3762.6000,3762.4000,3762.0000,3764.4000,3764.8000,3766.6000,3766.8000,3768.0000,1,1,2,1,1,3,2,2,1,1
SF,IF2007,2020-05-27 10:53:06.200,3765.2000,7988,0,1727555220.000,0,-,-,-,-,3763.6000,3763.4000,3763.2000,3762.6000,3762.4000,3764.8000,3766.6000,3766.8000,3768.0000,3769.8000,1,1,1,2,1,1,2,1,1,3
SF,IF2007,2020-05-27 10:53:06.700,3765.2000,7988,0,1727555220.000,0,-,-,-,-,3763.8000,3763.6000,3763.4000,3763.2000,3762.6000,3766.6000,3766.8000,3768.0000,3769.8000,3770.0000,1,1,1,1,2,2,1,1,3,1
SF,IF2007,2020-05-27 10:53:07.200,3765.2000,7988,0,1727555220.000,0,-,-,-,-,3764.2000,3763.6000,3763.4000,3763.2000,3762.6000,3765.6000,3766.0000,3766.4000,3766.6000,3766.8000,1,1,1,1,2,1,4,4,2,1
SF,IF2007,2020-05-27 10:53:07.700,3765.2000,7988,0,1727555220.000,0,-,-,-,-,3764.2000,3763.6000,3763.4000,3763.2000,3762.6000,3765.6000,3766.0000,3766.6000,3766.8000,3768.0000,1,1,1,1,2,1,3,2,1,1
SF,IF2007,2020-05-27 10:53:08.200,3765.2000,7988,0,1727555220.000,0,-,-,-,-,3764.2000,3763.6000,3763.4000,3763.2000,3762.6000,3765.6000,3766.0000,3766.6000,3766.8000,3768.0000,1,1,1,1,2,1,2,2,1,1
SF,IF2007,2020-05-27 10:53:08.700,3765.6000,7988,0,1728684900.000,1,0,1,多换,S,3764.2000,3763.6000,3763.4000,3763.2000,3762.6000,3766.0000,3766.6000,3766.8000,3768.0000,3769.8000,1,1,1,1,2,2,2,1,1,3
SF,IF2007,2020-05-27 10:53:11.200,3765.6000,7988,0,1728684900.000,0,-,-,-,-,3764.6000,3763.6000,3763.4000,3763.2000,3762.6000,3766.0000,3766.6000,3766.8000,3768.0000,3769.8000,1,1,1,1,2,2,2,1,1,3
SF,IF2007,2020-05-27 10:53:13.700,3765.6000,7988,0,1728684900.000,0,-,-,-,-,3765.0000,3763.6000,3763.4000,3763.2000,3762.6000,3766.6000,3766.8000,3768.0000,3769.8000,3770.0000,1,1,1,1,2,2,1,1,3,1
SF,IF2007,2020-05-27 10:53:14.200,3765.0000,7989,1,1729814400.000,1,1,0,双开,S,3763.6000,3763.4000,3763.2000,3762.6000,3762.4000,3766.0000,3766.2000,3766.6000,3766.8000,3768.0000,1,1,1,2,1,1,2,2,1,1
SF,IF2007,2020-05-27 10:53:14.700,3765.0000,7989,0,1729814400.000,0,-,-,-,-,3764.4000,3763.6000,3763.4000,3763.2000,3762.6000,3766.0000,3766.6000,3766.8000,3768.0000,3769.8000,1,1,1,1,2,1,2,1,1,3
SF,IF2007,2020-05-27 10:53:15.700,3765.0000,7989,0,1729814400.000,0,-,-,-,-,3764.4000,3763.6000,3763.4000,3763.2000,3762.6000,3765.6000,3766.0000,3766.6000,3766.8000,3768.0000,1,1,1,1,2,1,1,2,1,1
SF,IF2007,2020-05-27 10:53:16.200,3765.0000,7989,0,1729814400.000,0,-,-,-,-,3764.4000,3763.6000,3763.4000,3763.2000,3762.6000,3766.0000,3766.6000,3766.8000,3768.0000,3769.8000,1,1,1,1,2,1,2,1,1,3
SF,IF2007,2020-05-27 10:53:19.700,3765.0000,7989,0,1729814400.000,0,-,-,-,-,3764.6000,3764.4000,3763.4000,3763.2000,3762.6000,3766.0000,3766.6000,3766.8000,3768.0000,3769.8000,1,1,1,1,2,1,2,1,1,3
SF,IF2007,2020-05-27 10:53:21.200,3765.0000,7989,0,1729814400.000,0,-,-,-,-,3764.8000,3764.6000,3763.4000,3763.2000,3762.6000,3766.0000,3766.6000,3766.8000,3768.0000,3769.8000,1,1,1,1,2,1,2,1,1,3
SF,IF2007,2020-05-27 10:53:21.700,3765.0000,7989,0,1729814400.000,0,-,-,-,-,3764.8000,3764.6000,3763.4000,3763.2000,3762.6000,3765.8000,3766.0000,3766.6000,3766.8000,3768.0000,1,1,1,1,2,1,1,2,1,1
SF,IF2007,2020-05-27 10:53:23.200,3765.0000,7989,0,1729814400.000,0,-,-,-,-,3765.0000,3764.8000,3764.6000,3763.4000,3763.2000,3766.0000,3766.6000,3766.8000,3768.0000,3769.8000,1,1,1,1,1,1,2,1,1,3
SF,IF2007,2020-05-27 10:53:25.200,3765.0000,7989,0,1729814400.000,0,-,-,-,-,3765.0000,3764.8000,3763.4000,3763.2000,3762.6000,3766.0000,3766.6000,3766.8000,3768.0000,3769.8000,1,1,1,1,2,1,2,1,1,3
SF,IF2007,2020-05-27 10:53:25.700,3765.0000,7989,0,1729814400.000,0,-,-,-,-,3765.2000,3765.0000,3764.8000,3763.4000,3763.2000,3766.0000,3766.6000,3766.8000,3768.0000,3769.8000,1,1,1,1,1,1,2,1,1,3
SF,IF2007,2020-05-27 10:53:26.200,3766.0000,7989,0,1730944200.000,1,0,1,多换,S,3765.0000,3764.8000,3763.4000,3763.2000,3762.6000,3766.6000,3766.8000,3768.0000,3769.8000,3770.0000,1,1,1,1,2,2,1,1,3,1
SF,IF2007,2020-05-27 10:53:26.700,3766.0000,7989,0,1730944200.000,0,-,-,-,-,3765.2000,3765.0000,3763.4000,3763.2000,3762.6000,3766.2000,3766.6000,3766.8000,3768.0000,3769.8000,1,1,1,1,2,1,2,1,1,3
SF,IF2007,2020-05-27 10:53:32.200,3766.0000,7989,0,1730944200.000,0,-,-,-,-,3765.2000,3765.0000,3763.4000,3763.2000,3762.6000,3766.2000,3766.8000,3768.0000,3769.8000,3770.0000,1,1,1,1,2,1,1,1,3,1
SF,IF2007,2020-05-27 10:53:37.200,3766.0000,7989,0,1730944200.000,0,-,-,-,-,3765.4000,3765.2000,3765.0000,3763.4000,3763.2000,3766.2000,3766.8000,3768.0000,3769.8000,3770.0000,1,1,1,1,1,1,1,1,3,1
SF,IF2007,2020-05-27 10:53:41.700,3766.0000,7989,0,1730944200.000,0,-,-,-,-,3765.4000,3765.2000,3765.0000,3763.4000,3763.2000,3766.8000,3768.0000,3769.8000,3770.0000,3772.6000,1,1,1,1,1,1,1,3,1,1
SF,IF2007,2020-05-27 10:53:42.200,3766.0000,7989,0,1730944200.000,0,-,-,-,-,3765.6000,3765.4000,3765.0000,3763.4000,3763.2000,3766.8000,3768.0000,3769.8000,3770.0000,3772.6000,1,1,1,1,1,1,1,3,1,1
SF,IF2007,2020-05-27 10:53:42.700,3766.0000,7989,0,1730944200.000,0,-,-,-,-,3765.6000,3765.4000,3765.0000,3763.4000,3763.2000,3766.6000,3766.8000,3768.0000,3769.8000,3770.0000,1,1,1,1,1,2,1,1,3,1
SF,IF2007,2020-05-27 10:53:45.200,3766.6000,7990,1,1732074180.000,1,1,0,双开,S,3765.6000,3765.4000,3765.0000,3763.4000,3763.2000,3766.6000,3766.8000,3768.0000,3769.8000,3770.0000,1,1,1,1,1,1,1,1,3,1
SF,IF2007,2020-05-27 10:53:45.700,3766.6000,7990,0,1732074180.000,0,-,-,-,-,3765.6000,3765.0000,3763.4000,3763.2000,3762.6000,3766.6000,3766.8000,3768.0000,3769.8000,3770.0000,1,1,1,1,2,1,1,1,3,1
SF,IF2007,2020-05-27 10:53:52.200,3766.6000,7990,0,1732074180.000,0,-,-,-,-,3765.6000,3763.4000,3763.2000,3762.6000,3762.4000,3766.6000,3766.8000,3768.0000,3769.8000,3770.0000,1,1,1,2,1,1,1,1,3,1
SF,IF2007,2020-05-27 10:53:54.200,3765.6000,7991,1,1733203860.000,1,1,0,双开,S,3763.4000,3763.2000,3762.6000,3762.4000,3762.0000,3766.6000,3766.8000,3768.0000,3769.8000,3770.0000,1,1,2,1,1,1,1,1,3,1
SF,IF2007,2020-05-27 10:53:54.700,3765.6000,7991,0,1733203860.000,0,-,-,-,-,3765.2000,3765.0000,3764.6000,3764.2000,3764.0000,3766.4000,3766.8000,3768.0000,3769.8000,3770.0000,1,1,1,3,1,1,1,1,3,1
SF,IF2007,2020-05-27 10:53:55.200,3765.6000,7991,0,1733203860.000,0,-,-,-,-,3765.0000,3764.6000,3764.2000,3764.0000,3763.6000,3766.4000,3766.8000,3768.0000,3769.8000,3770.0000,1,1,3,1,6,1,1,1,3,1
SF,IF2007,2020-05-27 10:53:55.700,3765.6000,7991,0,1733203860.000,0,-,-,-,-,3765.4000,3764.6000,3764.2000,3764.0000,3763.6000,3766.4000,3766.8000,3768.0000,3769.8000,3770.0000,1,1,3,1,6,1,1,1,3,1
SF,IF2007,2020-05-27 10:53:56.200,3765.6000,7991,0,1733203860.000,0,-,-,-,-,3765.6000,3765.4000,3764.6000,3764.2000,3764.0000,3766.8000,3768.0000,3769.8000,3770.0000,3772.6000,1,1,1,3,1,1,1,3,1,1
SF,IF2007,2020-05-27 10:53:56.700,3765.6000,7991,0,1733203860.000,0,-,-,-,-,3765.6000,3765.4000,3764.6000,3764.2000,3764.0000,3766.8000,3768.0000,3769.8000,3770.0000,3772.6000,1,1,1,3,1,1,1,3,1,1
SF,IF2007,2020-05-27 10:54:02.200,3765.6000,7991,0,1733203860.000,0,-,-,-,-,3765.8000,3765.6000,3765.4000,3764.6000,3764.2000,3766.8000,3768.0000,3769.8000,3770.0000,3772.6000,1,1,1,1,3,1,1,3,1,1
SF,IF2007,2020-05-27 10:54:06.200,3765.6000,7991,0,1733203860.000,0,-,-,-,-,3765.6000,3765.4000,3764.6000,3764.2000,3764.0000,3766.8000,3768.0000,3769.8000,3770.0000,3772.6000,1,1,1,3,1,1,1,3,1,1
SF,IF2007,2020-05-27 10:54:07.700,3765.6000,7991,0,1733203860.000,0,-,-,-,-,3765.4000,3764.6000,3764.2000,3764.0000,3763.6000,3766.6000,3766.8000,3768.0000,3769.8000,3770.0000,1,1,3,1,4,1,1,1,3,1
SF,IF2007,2020-05-27 10:54:08.200,3765.6000,7991,0,1733203860.000,0,-,-,-,-,3765.4000,3764.6000,3764.2000,3764.0000,3763.6000,3766.6000,3766.8000,3768.0000,3769.8000,3770.0000,1,1,3,1,4,1,1,1,3,1
SF,IF2007,2020-05-27 10:54:14.700,3765.6000,7991,0,1733203860.000,0,-,-,-,-,3765.6000,3765.4000,3764.6000,3764.2000,3764.0000,3766.8000,3768.0000,3769.8000,3770.0000,3772.6000,1,1,1,3,1,1,1,3,1,1
SF,IF2007,2020-05-27 10:54:15.200,3765.6000,7991,0,1733203860.000,0,-,-,-,-,3765.8000,3765.6000,3765.4000,3764.6000,3764.2000,3766.8000,3768.0000,3769.8000,3770.0000,3772.6000,1,1,1,1,3,1,1,3,1,1
SF,IF2007,2020-05-27 10:54:19.200,3765.6000,7991,0,1733203860.000,0,-,-,-,-,3765.8000,3765.4000,3764.6000,3764.2000,3764.0000,3766.8000,3768.0000,3769.8000,3770.0000,3772.6000,1,1,1,3,1,1,1,3,1,1
SF,IF2007,2020-05-27 10:54:19.700,3765.6000,7991,0,1733203860.000,0,-,-,-,-,3765.8000,3765.4000,3764.6000,3764.2000,3764.0000,3766.6000,3766.8000,3768.0000,3769.8000,3770.0000,1,1,1,3,1,1,1,1,3,1
SF,IF2007,2020-05-27 10:54:22.700,3765.6000,7991,0,1733203860.000,0,-,-,-,-,3765.8000,3764.6000,3764.2000,3764.0000,3763.6000,3766.6000,3768.0000,3769.8000,3770.0000,3772.6000,1,1,3,1,4,1,1,3,1,1
SF,IF2007,2020-05-27 10:54:23.200,3765.6000,7991,0,1733203860.000,0,-,-,-,-,3765.8000,3764.6000,3764.2000,3764.0000,3763.6000,3768.0000,3769.8000,3770.0000,3772.6000,3773.2000,1,1,3,1,4,1,3,1,1,1
SF,IF2007,2020-05-27 10:54:23.700,3765.6000,7991,0,1733203860.000,0,-,-,-,-,3766.0000,3765.8000,3764.6000,3764.2000,3764.0000,3767.4000,3767.6000,3767.8000,3768.0000,3769.8000,1,1,1,3,1,2,1,3,1,3
SF,IF2007,2020-05-27 10:54:28.200,3767.4000,7990,-1,1734334080.000,1,0,1,双平,S,3766.0000,3765.8000,3764.6000,3764.2000,3764.0000,3767.4000,3767.6000,3767.8000,3768.0000,3769.8000,1,1,1,3,1,1,1,3,1,3
SF,IF2007,2020-05-27 10:54:28.700,3767.4000,7990,0,1734334080.000,0,-,-,-,-,3766.0000,3764.6000,3764.2000,3764.0000,3763.6000,3767.4000,3767.6000,3767.8000,3768.0000,3769.8000,1,1,3,1,4,1,1,3,1,3
SF,IF2007,2020-05-27 10:54:29.200,3767.4000,7990,0,1734334080.000,0,-,-,-,-,3766.0000,3764.6000,3764.2000,3764.0000,3763.6000,3767.2000,3767.4000,3767.6000,3767.8000,3768.0000,1,1,3,1,4,1,1,1,3,1
SF,IF2007,2020-05-27 10:54:31.200,3767.4000,7990,0,1734334080.000,0,-,-,-,-,3766.0000,3764.6000,3764.2000,3764.0000,3763.6000,3767.0000,3767.2000,3767.4000,3767.6000,3767.8000,1,1,3,1,4,1,1,1,1,3
SF,IF2007,2020-05-27 10:54:31.700,3767.4000,7990,0,1734334080.000,0,-,-,-,-,3766.0000,3764.6000,3764.2000,3764.0000,3763.6000,3767.0000,3767.2000,3767.4000,3767.6000,3767.8000,1,1,3,1,4,1,1,1,1,2
SF,IF2007,2020-05-27 10:54:37.700,3767.4000,7990,0,1734334080.000,0,-,-,-,-,3766.0000,3764.6000,3764.2000,3764.0000,3763.6000,3767.0000,3767.2000,3767.6000,3767.8000,3768.0000,1,1,3,1,4,1,1,1,2,1
SF,IF2007,2020-05-27 10:54:38.200,3767.4000,7990,0,1734334080.000,0,-,-,-,-,3766.0000,3764.6000,3764.2000,3764.0000,3763.6000,3766.8000,3767.0000,3767.2000,3767.6000,3767.8000,1,1,3,1,4,1,1,1,1,2
SF,IF2007,2020-05-27 10:54:39.200,3767.4000,7990,0,1734334080.000,0,-,-,-,-,3766.0000,3764.6000,3764.2000,3764.0000,3763.6000,3766.8000,3767.2000,3767.6000,3767.8000,3768.0000,1,1,3,1,4,1,1,1,2,1
SF,IF2007,2020-05-27 10:54:42.700,3767.4000,7990,0,1734334080.000,0,-,-,-,-,3764.6000,3764.2000,3764.0000,3763.6000,3763.4000,3766.8000,3767.2000,3767.6000,3767.8000,3768.0000,1,3,1,4,1,1,1,1,2,1
SF,IF2007,2020-05-27 10:54:43.200,3765.4000,7991,1,1735463700.000,1,1,0,双开,S,3765.4000,3764.6000,3764.2000,3764.0000,3763.6000,3766.6000,3766.8000,3767.2000,3767.6000,3767.8000,1,1,3,1,4,1,1,1,1,2
SF,IF2007,2020-05-27 10:54:44.200,3765.4000,7991,0,1736593320.000,1,0,1,多换,S,3764.6000,3764.2000,3764.0000,3763.6000,3763.4000,3766.6000,3766.8000,3767.2000,3767.6000,3767.8000,1,3,1,4,1,1,1,1,1,2
SF,IF2007,2020-05-27 10:54:44.700,3765.4000,7991,0,1736593320.000,0,-,-,-,-,3764.6000,3763.6000,3763.4000,3763.2000,3762.6000,3766.6000,3767.2000,3767.6000,3767.8000,3768.0000,1,4,1,1,2,1,1,1,2,1
SF,IF2007,2020-05-27 10:54:45.700,3765.4000,7991,0,1736593320.000,0,-,-,-,-,3765.0000,3764.6000,3763.6000,3763.4000,3763.2000,3766.6000,3767.2000,3767.6000,3767.8000,3768.0000,1,1,4,1,1,1,1,1,2,1
SF,IF2007,2020-05-27 10:54:46.200,3765.4000,7991,0,1736593320.000,0,-,-,-,-,3766.0000,3765.0000,3764.6000,3763.6000,3763.4000,3766.6000,3767.2000,3767.6000,3767.8000,3768.0000,5,1,1,4,1,1,1,1,2,1
SF,IF2007,2020-05-27 10:54:46.700,3765.4000,7991,0,1736593320.000,0,-,-,-,-,3766.0000,3764.6000,3763.6000,3763.4000,3763.2000,3766.6000,3767.2000,3767.6000,3767.8000,3768.0000,5,1,4,1,1,1,1,1,2,1
SF,IF2007,2020-05-27 10:54:50.200,3766.0000,7993,2,1738852920.000,2,2,0,双开,S,3766.0000,3764.6000,3763.6000,3763.4000,3763.2000,3766.6000,3767.2000,3767.6000,3767.8000,3768.0000,3,1,4,1,1,1,1,1,2,1
SF,IF2007,2020-05-27 10:54:51.200,3766.0000,7993,0,1738852920.000,0,-,-,-,-,3766.0000,3764.6000,3763.6000,3763.4000,3763.2000,3766.6000,3767.2000,3767.6000,3767.8000,3768.0000,3,1,4,1,1,2,1,1,2,1
SF,IF2007,2020-05-27 10:54:52.200,3766.0000,7995,2,1741112520.000,2,2,0,双开,S,3766.0000,3764.6000,3763.6000,3763.4000,3763.2000,3766.6000,3767.2000,3767.6000,3767.8000,3768.0000,1,1,4,1,1,2,1,1,2,1
SF,IF2007,2020-05-27 10:54:52.700,3766.0000,7996,1,1742242320.000,1,1,0,双开,S,3764.6000,3763.6000,3763.4000,3763.2000,3762.6000,3766.6000,3767.2000,3767.6000,3767.8000,3768.0000,1,4,1,1,2,2,1,1,2,1
SF,IF2007,2020-05-27 10:54:53.200,3766.0000,7996,0,1742242320.000,0,-,-,-,-,3765.0000,3764.6000,3763.6000,3763.4000,3763.2000,3766.6000,3767.2000,3767.6000,3767.8000,3768.0000,1,1,4,1,1,2,1,1,2,1
SF,IF2007,2020-05-27 10:54:53.700,3766.0000,7996,0,1742242320.000,0,-,-,-,-,3764.6000,3763.6000,3763.4000,3763.2000,3762.6000,3766.2000,3766.6000,3767.2000,3767.6000,3767.8000,1,3,1,1,2,1,1,1,1,2
SF,IF2007,2020-05-27 10:54:54.200,3766.0000,7996,0,1742242320.000,0,-,-,-,-,3763.6000,3763.4000,3763.2000,3762.6000,3762.4000,3764.4000,3766.2000,3766.6000,3767.2000,3767.6000,2,1,1,2,1,1,1,1,1,1
SF,IF2007,2020-05-27 10:54:54.700,3764.6000,7996,0,1743371700.000,1,0,1,多换,S,3764.4000,3764.2000,3763.6000,3763.4000,3763.2000,3766.6000,3767.2000,3767.6000,3767.8000,3768.0000,1,1,1,1,1,1,1,1,2,1
SF,IF2007,2020-05-27 10:54:55.200,3764.6000,7996,0,1743371700.000,0,-,-,-,-,3764.4000,3763.6000,3763.4000,3763.2000,3762.6000,3765.8000,3766.6000,3767.2000,3767.6000,3767.8000,1,1,1,1,2,1,1,1,1,2
SF,IF2007,2020-05-27 10:54:55.700,3764.6000,7996,0,1743371700.000,0,-,-,-,-,3764.4000,3763.6000,3763.4000,3763.2000,3762.6000,3765.8000,3766.2000,3767.2000,3767.6000,3767.8000,1,1,1,1,2,1,1,1,1,2
SF,IF2007,2020-05-27 10:54:57.200,3764.6000,7997,1,1744501080.000,1,1,0,双开,S,3764.6000,3764.4000,3763.6000,3763.4000,3763.2000,3765.8000,3767.2000,3767.6000,3767.8000,3768.0000,1,1,1,1,1,1,1,1,2,1
SF,IF2007,2020-05-27 10:54:57.700,3764.6000,7997,0,1744501080.000,0,-,-,-,-,3765.0000,3764.8000,3764.6000,3763.6000,3763.4000,3765.8000,3767.2000,3767.6000,3767.8000,3768.0000,5,1,2,1,1,1,1,1,2,1
SF,IF2007,2020-05-27 10:54:58.200,3764.6000,7997,0,1744501080.000,0,-,-,-,-,3765.0000,3764.6000,3763.6000,3763.4000,3763.2000,3765.8000,3767.2000,3767.6000,3767.8000,3768.0000,5,2,1,1,1,1,1,1,2,1
SF,IF2007,2020-05-27 10:55:01.700,3764.6000,7997,0,1744501080.000,0,-,-,-,-,3765.0000,3764.6000,3763.6000,3763.4000,3763.2000,3765.8000,3766.4000,3767.2000,3767.6000,3767.8000,5,2,1,1,1,1,1,1,1,2
SF,IF2007,2020-05-27 10:55:04.200,3765.0000,8000,3,1747889580.000,3,3,0,双开,S,3765.0000,3764.6000,3763.6000,3763.4000,3763.2000,3765.8000,3766.4000,3767.2000,3767.6000,3767.8000,2,2,1,1,1,1,1,1,1,2
SF,IF2007,2020-05-27 10:55:04.700,3765.0000,8000,0,1749019080.000,1,0,1,多换,S,3765.0000,3763.6000,3763.4000,3763.2000,3762.6000,3765.8000,3766.4000,3767.2000,3767.6000,3767.8000,1,1,1,1,2,2,1,1,1,2
SF,IF2007,2020-05-27 10:55:05.200,3765.0000,8001,1,1750148580.000,1,1,0,双开,S,3763.4000,3763.2000,3762.6000,3762.0000,3761.6000,3765.6000,3765.8000,3767.2000,3767.6000,3767.8000,1,1,2,1,1,1,1,1,1,2
SF,IF2007,2020-05-27 10:55:05.700,3765.0000,8001,0,1750148580.000,0,-,-,-,-,3763.4000,3763.2000,3762.6000,3762.0000,3761.6000,3765.4000,3765.6000,3767.2000,3767.6000,3767.8000,1,1,2,1,1,2,1,1,1,2
SF,IF2007,2020-05-27 10:55:06.200,3765.0000,8001,0,1750148580.000,0,-,-,-,-,3763.4000,3763.2000,3762.6000,3762.0000,3761.6000,3764.4000,3765.4000,3765.6000,3767.2000,3767.6000,1,1,2,1,1,1,1,1,1,1
SF,IF2007,2020-05-27 10:55:06.700,3764.4000,8002,1,1751277900.000,1,1,0,双开,S,3763.4000,3763.2000,3762.6000,3762.0000,3761.6000,3765.6000,3767.2000,3767.6000,3767.8000,3768.0000,1,1,2,1,1,1,1,1,2,1
SF,IF2007,2020-05-27 10:55:07.200,3764.4000,8002,0,1751277900.000,0,-,-,-,-,3763.4000,3763.2000,3762.6000,3762.0000,3761.6000,3765.0000,3765.2000,3765.6000,3767.2000,3767.6000,1,1,2,1,1,1,1,1,1,1
SF,IF2007,2020-05-27 10:55:07.700,3764.4000,8002,0,1751277900.000,0,-,-,-,-,3763.4000,3763.2000,3762.6000,3762.0000,3761.6000,3765.0000,3765.2000,3765.4000,3767.2000,3767.6000,1,1,2,1,1,2,1,1,1,1
SF,IF2007,2020-05-27 10:55:09.200,3763.6000,8002,0,1752406980.000,1,0,1,多换,S,3763.4000,3763.2000,3762.6000,3762.0000,3761.6000,3765.0000,3765.2000,3765.4000,3767.2000,3767.6000,1,1,2,1,1,2,1,1,1,1
SF,IF2007,2020-05-27 10:55:09.700,3763.6000,8002,0,1752406980.000,0,-,-,-,-,3763.8000,3763.6000,3763.4000,3763.2000,3762.6000,3765.0000,3765.2000,3765.4000,3767.2000,3767.6000,1,1,1,1,2,2,1,1,1,1
SF,IF2007,2020-05-27 10:55:10.200,3763.6000,8002,0,1752406980.000,0,-,-,-,-,3763.4000,3763.2000,3762.6000,3762.0000,3761.6000,3764.8000,3765.0000,3765.2000,3765.4000,3767.2000,1,1,2,1,1,1,2,1,1,1
SF,IF2007,2020-05-27 10:55:10.700,3763.6000,8002,0,1752406980.000,0,-,-,-,-,3763.6000,3763.4000,3763.2000,3762.6000,3762.0000,3764.6000,3764.8000,3765.2000,3765.4000,3767.2000,1,1,1,2,1,1,1,1,1,1
SF,IF2007,2020-05-27 10:55:11.200,3763.6000,8002,0,1752406980.000,0,-,-,-,-,3763.6000,3763.4000,3763.2000,3762.6000,3762.0000,3764.6000,3764.8000,3765.2000,3765.4000,3767.2000,1,1,1,2,1,2,1,1,1,1
SF,IF2007,2020-05-27 10:55:11.700,3763.6000,8002,0,1752406980.000,0,-,-,-,-,3763.6000,3763.4000,3763.2000,3762.6000,3762.0000,3764.4000,3764.6000,3765.2000,3765.4000,3767.2000,1,1,1,2,1,1,2,1,1,1
SF,IF2007,2020-05-27 10:55:12.200,3763.6000,8003,1,1753536060.000,1,1,0,双开,S,3764.0000,3763.6000,3763.4000,3763.2000,3762.6000,3764.4000,3764.6000,3765.2000,3765.4000,3767.2000,4,1,1,1,2,1,2,1,1,1
SF,IF2007,2020-05-27 10:55:12.700,3763.6000,8003,0,1753536060.000,0,-,-,-,-,3764.0000,3763.6000,3763.4000,3763.2000,3762.6000,3764.6000,3765.2000,3765.4000,3767.2000,3767.6000,4,2,1,1,2,1,1,1,1,1
SF,IF2007,2020-05-27 10:55:14.700,3763.6000,8003,0,1753536060.000,0,-,-,-,-,3764.0000,3763.6000,3763.4000,3763.2000,3762.6000,3765.2000,3765.4000,3767.2000,3767.6000,3767.8000,4,2,1,1,2,1,1,1,1,2
SF,IF2007,2020-05-27 10:55:15.200,3763.6000,8003,0,1753536060.000,0,-,-,-,-,3764.0000,3763.6000,3763.4000,3763.2000,3762.6000,3765.0000,3765.2000,3765.4000,3767.2000,3767.6000,4,2,1,1,2,1,1,1,1,1
SF,IF2007,2020-05-27 10:55:16.200,3763.6000,8003,0,1753536060.000,0,-,-,-,-,3764.0000,3763.6000,3763.4000,3763.2000,3762.6000,3765.0000,3767.2000,3767.6000,3767.8000,3768.0000,4,2,1,1,2,1,1,1,2,1
SF,IF2007,2020-05-27 10:55:16.700,3763.6000,8003,0,1753536060.000,0,-,-,-,-,3764.0000,3763.6000,3763.4000,3763.2000,3762.6000,3765.0000,3765.6000,3767.2000,3767.6000,3767.8000,4,2,1,1,2,1,1,1,1,2
SF,IF2007,2020-05-27 10:55:18.700,3763.6000,8003,0,1753536060.000,0,-,-,-,-,3764.0000,3763.6000,3763.4000,3763.2000,3762.6000,3765.0000,3765.6000,3767.2000,3767.6000,3767.8000,5,2,1,1,2,1,1,1,1,2
SF,IF2007,2020-05-27 10:55:19.200,3765.0000,8004,1,1754665560.000,1,1,0,双开,S,3764.2000,3764.0000,3763.6000,3763.4000,3763.2000,3765.6000,3767.2000,3767.6000,3767.8000,3768.0000,1,5,1,1,1,1,1,1,2,1
SF,IF2007,2020-05-27 10:55:19.700,3765.0000,8004,0,1754665560.000,0,-,-,-,-,3764.2000,3764.0000,3763.6000,3763.4000,3763.2000,3767.2000,3767.6000,3767.8000,3768.0000,3769.8000,1,5,1,1,1,1,1,2,1,3
SF,IF2007,2020-05-27 10:55:20.200,3765.0000,8004,0,1754665560.000,0,-,-,-,-,3764.6000,3764.0000,3763.6000,3763.4000,3763.2000,3766.0000,3766.4000,3766.6000,3767.0000,3767.2000,1,5,1,1,1,1,1,1,2,1
SF,IF2007,2020-05-27 10:55:20.700,3765.0000,8004,0,1754665560.000,0,-,-,-,-,3764.6000,3764.0000,3763.6000,3763.4000,3763.2000,3766.0000,3766.4000,3766.6000,3767.0000,3767.2000,1,5,1,1,1,1,1,1,1,1
SF,IF2007,2020-05-27 10:55:21.200,3765.0000,8004,0,1754665560.000,0,-,-,-,-,3764.6000,3764.0000,3763.6000,3763.4000,3763.2000,3765.8000,3766.0000,3766.4000,3766.6000,3767.0000,1,5,1,1,1,1,1,1,1,1
SF,IF2007,2020-05-27 10:55:21.700,3765.0000,8004,0,1754665560.000,0,-,-,-,-,3764.6000,3764.0000,3763.6000,3763.4000,3763.2000,3765.8000,3766.0000,3766.4000,3766.6000,3767.2000,1,5,1,1,1,1,1,1,1,1
SF,IF2007,2020-05-27 10:55:22.200,3765.0000,8004,0,1754665560.000,0,-,-,-,-,3764.6000,3764.0000,3763.6000,3763.4000,3763.2000,3765.8000,3766.0000,3766.4000,3766.6000,3767.2000,1,5,1,1,1,1,1,1,1,1
SF,IF2007,2020-05-27 10:55:27.700,3765.0000,8004,0,1754665560.000,0,-,-,-,-,3764.6000,3764.0000,3763.6000,3763.4000,3763.2000,3765.8000,3766.0000,3766.4000,3766.6000,3767.2000,1,4,1,1,1,1,1,1,1,1
SF,IF2007,2020-05-27 10:55:28.700,3765.0000,8004,0,1754665560.000,0,-,-,-,-,3764.8000,3764.6000,3764.0000,3763.6000,3763.4000,3765.8000,3766.0000,3766.4000,3766.6000,3767.2000,1,1,4,1,1,1,1,1,1,1
SF,IF2007,2020-05-27 10:55:30.200,3765.0000,8004,0,1754665560.000,0,-,-,-,-,3764.8000,3764.6000,3764.0000,3763.6000,3763.4000,3765.8000,3766.0000,3767.2000,3767.6000,3767.8000,1,1,4,1,1,1,1,1,1,2
SF,IF2007,2020-05-27 10:55:30.700,3765.0000,8004,0,1754665560.000,0,-,-,-,-,3764.8000,3764.6000,3764.0000,3763.6000,3763.4000,3766.0000,3767.2000,3767.6000,3767.8000,3768.0000,1,1,4,1,1,1,1,1,2,1
SF,IF2007,2020-05-27 10:55:31.200,3765.0000,8004,0,1754665560.000,0,-,-,-,-,3764.8000,3764.6000,3764.0000,3763.6000,3763.4000,3766.0000,3767.2000,3767.6000,3767.8000,3768.0000,1,1,4,1,1,2,1,1,2,1
SF,IF2007,2020-05-27 10:55:32.200,3765.0000,8004,0,1754665560.000,0,-,-,-,-,3764.8000,3764.6000,3764.0000,3763.6000,3763.4000,3765.4000,3766.0000,3767.2000,3767.6000,3767.8000,1,1,4,1,1,2,2,1,1,2
SF,IF2007,2020-05-27 10:55:32.700,3765.4000,8006,2,1756924800.000,2,2,0,双开,S,3765.0000,3764.8000,3764.6000,3764.0000,3763.6000,3766.0000,3767.2000,3767.6000,3767.8000,3768.0000,1,1,1,4,1,2,1,1,2,1
SF,IF2007,2020-05-27 10:55:33.200,3765.4000,8006,0,1756924800.000,0,-,-,-,-,3765.0000,3764.8000,3764.6000,3764.0000,3763.6000,3766.0000,3767.2000,3767.6000,3767.8000,3768.0000,1,1,1,4,1,1,1,1,2,1
SF,IF2007,2020-05-27 10:55:33.700,3765.4000,8006,0,1756924800.000,0,-,-,-,-,3765.0000,3764.8000,3764.6000,3764.0000,3763.6000,3766.0000,3766.2000,3767.2000,3767.6000,3767.8000,1,1,1,4,1,1,1,1,1,2
SF,IF2007,2020-05-27 10:55:34.200,3765.0000,8007,1,1758054300.000,1,1,0,双开,S,3764.8000,3764.6000,3764.0000,3763.6000,3763.4000,3766.0000,3766.2000,3767.2000,3767.6000,3767.8000,1,1,4,1,1,1,1,1,1,2
SF,IF2007,2020-05-27 10:55:34.700,3765.0000,8007,0,1758054300.000,0,-,-,-,-,3765.4000,3765.0000,3764.8000,3764.6000,3764.0000,3766.0000,3766.2000,3767.2000,3767.6000,3767.8000,1,2,1,1,4,1,1,1,1,2
SF,IF2007,2020-05-27 10:55:35.200,3765.0000,8007,0,1758054300.000,0,-,-,-,-,3765.4000,3765.0000,3764.8000,3764.0000,3763.4000,3766.0000,3767.2000,3767.6000,3767.8000,3768.0000,1,2,1,4,1,1,1,1,2,1
SF,IF2007,2020-05-27 10:55:35.700,3765.0000,8007,0,1758054300.000,0,-,-,-,-,3765.4000,3765.0000,3764.8000,3764.0000,3763.4000,3766.4000,3767.2000,3767.6000,3767.8000,3768.0000,1,2,1,4,1,1,1,1,2,1
SF,IF2007,2020-05-27 10:55:38.700,3765.0000,8007,0,1758054300.000,0,-,-,-,-,3765.0000,3764.8000,3764.0000,3763.4000,3763.2000,3766.4000,3767.2000,3767.6000,3767.8000,3768.0000,1,1,4,1,1,1,1,1,2,1
SF,IF2007,2020-05-27 10:55:42.700,3765.0000,8007,0,1758054300.000,0,-,-,-,-,3765.0000,3764.0000,3763.4000,3763.2000,3762.6000,3766.4000,3767.2000,3767.6000,3767.8000,3768.0000,1,4,1,1,2,1,1,1,2,1
SF,IF2007,2020-05-27 10:55:44.200,3765.0000,8007,0,1758054300.000,0,-,-,-,-,3765.2000,3765.0000,3764.0000,3763.4000,3763.2000,3766.4000,3767.2000,3767.6000,3767.8000,3768.0000,1,1,4,1,1,1,1,1,2,1
SF,IF2007,2020-05-27 10:55:44.700,3765.0000,8007,0,1758054300.000,0,-,-,-,-,3765.2000,3764.0000,3763.4000,3763.2000,3762.6000,3766.4000,3767.2000,3767.6000,3767.8000,3768.0000,1,4,1,1,2,1,1,1,2,1
SF,IF2007,2020-05-27 10:55:53.700,3765.0000,8007,0,1758054300.000,0,-,-,-,-,3765.2000,3764.0000,3763.4000,3763.2000,3762.6000,3766.2000,3766.4000,3767.2000,3767.6000,3767.8000,1,4,1,1,2,2,1,1,1,2
SF,IF2007,2020-05-27 10:55:54.200,3765.0000,8007,0,1758054300.000,0,-,-,-,-,3764.0000,3763.4000,3763.2000,3762.6000,3762.0000,3766.2000,3767.2000,3767.6000,3767.8000,3768.0000,4,1,1,2,1,2,1,1,2,1
SF,IF2007,2020-05-27 10:55:54.700,3765.0000,8007,0,1758054300.000,0,-,-,-,-,3764.6000,3764.0000,3763.4000,3763.2000,3762.0000,3765.2000,3766.0000,3766.2000,3767.2000,3767.6000,1,4,1,1,1,1,1,2,1,1
SF,IF2007,2020-05-27 10:55:55.200,3765.2000,8008,1,1759183860.000,1,1,0,双开,S,3764.6000,3764.0000,3763.4000,3763.2000,3762.0000,3766.0000,3766.2000,3767.2000,3767.6000,3767.8000,1,4,1,1,1,1,1,1,1,2
SF,IF2007,2020-05-27 10:55:57.200,3764.6000,8009,1,1760313240.000,1,1,0,双开,S,3764.0000,3763.4000,3763.2000,3762.0000,3761.6000,3766.0000,3766.2000,3767.2000,3767.6000,3767.8000,4,1,1,1,1,1,1,1,1,2
SF,IF2007,2020-05-27 10:55:57.700,3764.6000,8009,0,1760313240.000,0,-,-,-,-,3764.6000,3764.2000,3764.0000,3763.4000,3763.2000,3765.8000,3766.0000,3767.2000,3767.6000,3767.8000,1,3,4,1,1,1,1,1,1,2
SF,IF2007,2020-05-27 10:56:04.700,3764.6000,8009,0,1760313240.000,0,-,-,-,-,3764.2000,3764.0000,3763.4000,3763.2000,3762.0000,3765.8000,3766.0000,3767.2000,3767.6000,3767.8000,1,4,1,1,1,1,1,1,1,2
SF,IF2007,2020-05-27 10:56:05.200,3764.6000,8009,0,1760313240.000,0,-,-,-,-,3764.2000,3764.0000,3763.4000,3763.2000,3762.0000,3765.8000,3767.2000,3767.6000,3767.8000,3768.0000,1,4,1,1,1,1,1,1,2,1
SF,IF2007,2020-05-27 10:56:05.700,3764.6000,8009,0,1760313240.000,0,-,-,-,-,3764.2000,3764.0000,3763.4000,3763.2000,3762.0000,3765.6000,3765.8000,3767.2000,3767.6000,3767.8000,1,4,1,1,1,1,1,1,1,2
SF,IF2007,2020-05-27 10:56:09.700,3764.6000,8009,0,1760313240.000,0,-,-,-,-,3764.2000,3764.0000,3763.2000,3762.0000,3761.6000,3765.6000,3765.8000,3767.2000,3767.6000,3767.8000,1,4,1,1,1,1,1,1,1,2
SF,IF2007,2020-05-27 10:56:10.200,3764.6000,8009,0,1760313240.000,0,-,-,-,-,3764.4000,3764.2000,3764.0000,3763.2000,3762.0000,3765.6000,3765.8000,3767.2000,3767.6000,3767.8000,1,1,4,1,1,1,1,1,1,2
SF,IF2007,2020-05-27 10:56:16.700,3764.6000,8009,0,1760313240.000,0,-,-,-,-,3764.6000,3764.4000,3764.2000,3764.0000,3763.2000,3765.6000,3765.8000,3767.2000,3767.6000,3767.8000,1,1,1,4,1,1,1,1,1,2
SF,IF2007,2020-05-27 10:56:17.200,3764.6000,8009,0,1760313240.000,0,-,-,-,-,3764.6000,3764.4000,3764.2000,3764.0000,3763.2000,3765.8000,3767.2000,3767.6000,3767.8000,3768.0000,2,1,1,4,1,1,1,1,2,1
SF,IF2007,2020-05-27 10:56:17.700,3764.6000,8009,0,1760313240.000,0,-,-,-,-,3764.6000,3764.4000,3764.2000,3764.0000,3763.2000,3765.8000,3766.2000,3767.2000,3767.6000,3767.8000,2,1,1,4,1,1,1,1,1,2
SF,IF2007,2020-05-27 10:56:20.200,3764.6000,8009,0,1760313240.000,0,-,-,-,-,3764.6000,3764.4000,3764.0000,3763.2000,3762.0000,3765.8000,3766.2000,3767.2000,3767.6000,3767.8000,2,1,4,1,1,1,1,1,1,2
SF,IF2007,2020-05-27 10:56:20.700,3765.8000,8009,0,1761442980.000,1,0,1,多换,S,3764.8000,3764.6000,3764.4000,3764.0000,3763.2000,3766.2000,3767.2000,3767.6000,3767.8000,3768.0000,2,2,1,4,1,1,1,1,2,1
SF,IF2007,2020-05-27 10:56:23.700,3765.8000,8009,0,1761442980.000,0,-,-,-,-,3764.8000,3764.6000,3764.4000,3764.0000,3763.2000,3766.0000,3766.2000,3767.2000,3767.6000,3767.8000,2,2,1,4,1,1,1,1,1,2
SF,IF2007,2020-05-27 10:56:24.200,3765.8000,8009,0,1761442980.000,0,-,-,-,-,3764.8000,3764.6000,3764.4000,3764.0000,3763.2000,3766.0000,3766.2000,3767.2000,3767.6000,3767.8000,2,1,1,4,1,1,1,1,1,2
SF,IF2007,2020-05-27 10:56:24.700,3765.8000,8009,0,1761442980.000,0,-,-,-,-,3764.8000,3764.6000,3764.4000,3764.0000,3763.2000,3765.8000,3766.0000,3766.2000,3767.2000,3767.6000,1,1,1,4,1,1,1,1,1,1
SF,IF2007,2020-05-27 10:56:25.200,3765.8000,8009,0,1761442980.000,0,-,-,-,-,3764.8000,3764.4000,3764.0000,3763.2000,3762.0000,3765.8000,3766.0000,3767.2000,3767.6000,3767.8000,1,1,4,1,1,1,1,1,1,2
SF,IF2007,2020-05-27 10:56:25.700,3765.8000,8009,0,1761442980.000,0,-,-,-,-,3764.8000,3764.4000,3764.0000,3763.2000,3762.0000,3765.6000,3765.8000,3766.0000,3767.2000,3767.6000,1,1,4,1,1,1,1,1,1,1
SF,IF2007,2020-05-27 10:56:29.700,3765.8000,8009,0,1761442980.000,0,-,-,-,-,3764.8000,3764.4000,3764.0000,3763.2000,3762.0000,3765.6000,3766.0000,3767.2000,3767.6000,3767.8000,1,1,4,1,1,1,1,1,1,2
SF,IF2007,2020-05-27 10:56:31.200,3765.8000,8009,0,1761442980.000,0,-,-,-,-,3764.8000,3764.0000,3763.2000,3762.0000,3761.6000,3765.6000,3766.0000,3767.2000,3767.6000,3767.8000,1,4,1,1,1,1,1,1,1,2
SF,IF2007,2020-05-27 10:56:36.200,3765.8000,8009,0,1761442980.000,0,-,-,-,-,3764.8000,3764.0000,3763.2000,3762.0000,3761.6000,3765.6000,3767.2000,3767.6000,3767.8000,3768.0000,1,4,1,1,1,1,1,1,2,1
SF,IF2007,2020-05-27 10:56:36.700,3765.8000,8009,0,1761442980.000,0,-,-,-,-,3764.0000,3763.2000,3762.0000,3761.6000,3761.2000,3765.6000,3767.2000,3767.6000,3767.8000,3768.0000,4,1,1,1,2,1,1,1,2,1
SF,IF2007,2020-05-27 10:56:37.200,3765.8000,8009,0,1761442980.000,0,-,-,-,-,3764.2000,3764.0000,3763.2000,3762.0000,3761.6000,3765.2000,3765.4000,3765.6000,3767.2000,3767.6000,1,4,1,1,1,1,1,1,1,1
SF,IF2007,2020-05-27 10:56:37.700,3765.8000,8009,0,1761442980.000,0,-,-,-,-,3764.0000,3763.2000,3762.0000,3761.6000,3761.2000,3765.2000,3765.4000,3767.2000,3767.6000,3767.8000,4,1,1,1,2,1,1,1,1,2
SF,IF2007,2020-05-27 10:56:38.200,3765.8000,8009,0,1761442980.000,0,-,-,-,-,3764.0000,3763.2000,3762.0000,3761.6000,3761.2000,3765.0000,3765.2000,3765.4000,3767.2000,3767.6000,4,1,1,1,2,2,1,1,1,1
SF,IF2007,2020-05-27 10:56:38.700,3765.8000,8009,0,1761442980.000,0,-,-,-,-,3764.0000,3763.2000,3762.0000,3761.6000,3761.2000,3765.0000,3765.2000,3765.4000,3767.2000,3767.6000,4,1,1,1,2,1,1,1,1,1
SF,IF2007,2020-05-27 10:56:39.200,3765.8000,8009,0,1761442980.000,0,-,-,-,-,3764.0000,3763.2000,3762.0000,3761.6000,3761.2000,3764.8000,3765.0000,3765.2000,3765.4000,3767.2000,4,1,1,1,2,1,1,1,1,1
SF,IF2007,2020-05-27 10:56:39.700,3765.8000,8009,0,1761442980.000,0,-,-,-,-,3764.0000,3763.2000,3762.0000,3761.6000,3761.2000,3764.8000,3765.2000,3765.4000,3767.2000,3767.6000,4,1,1,1,2,1,1,1,1,1
SF,IF2007,2020-05-27 10:56:40.200,3765.8000,8009,0,1761442980.000,0,-,-,-,-,3764.2000,3764.0000,3763.2000,3762.0000,3761.6000,3764.8000,3765.2000,3765.4000,3767.2000,3767.6000,1,4,1,1,1,1,1,1,1,1
SF,IF2007,2020-05-27 10:56:40.700,3764.8000,8009,0,1762572420.000,1,0,1,多换,S,3764.8000,3764.2000,3764.0000,3763.2000,3762.0000,3765.2000,3765.4000,3767.2000,3767.6000,3767.8000,1,1,4,1,1,1,1,1,1,2
SF,IF2007,2020-05-27 10:56:41.200,3764.8000,8009,0,1762572420.000,0,-,-,-,-,3764.2000,3764.0000,3763.2000,3762.0000,3761.6000,3765.2000,3765.4000,3767.2000,3767.6000,3767.8000,1,4,1,1,1,1,1,1,1,2
SF,IF2007,2020-05-27 10:56:42.200,3764.2000,8009,0,1763701680.000,1,0,1,多换,S,3764.0000,3763.2000,3762.0000,3761.6000,3761.2000,3765.2000,3765.4000,3767.2000,3767.6000,3767.8000,4,1,1,1,2,1,1,1,1,2
SF,IF2007,2020-05-27 10:56:42.700,3764.2000,8009,0,1763701680.000,0,-,-,-,-,3764.4000,3764.0000,3763.2000,3762.0000,3761.6000,3765.2000,3765.4000,3767.2000,3767.6000,3767.8000,1,4,1,1,1,1,1,1,1,2
SF,IF2007,2020-05-27 10:56:47.700,3764.2000,8009,0,1763701680.000,0,-,-,-,-,3764.0000,3763.2000,3762.0000,3761.6000,3761.2000,3765.2000,3765.4000,3767.2000,3767.6000,3767.8000,4,1,1,1,2,1,1,1,1,2
SF,IF2007,2020-05-27 10:56:52.200,3764.2000,8009,0,1763701680.000,0,-,-,-,-,3764.2000,3764.0000,3763.2000,3762.0000,3761.6000,3765.2000,3765.4000,3767.2000,3767.6000,3767.8000,1,4,1,1,1,1,1,1,1,2
SF,IF2007,2020-05-27 10:56:52.700,3764.2000,8009,0,1763701680.000,0,-,-,-,-,3764.2000,3764.0000,3763.2000,3762.0000,3761.6000,3765.4000,3767.2000,3767.6000,3767.8000,3768.0000,1,4,1,1,1,1,1,1,2,1
SF,IF2007,2020-05-27 10:56:56.200,3764.2000,8009,0,1763701680.000,0,-,-,-,-,3764.4000,3764.2000,3764.0000,3763.2000,3762.0000,3765.4000,3767.2000,3767.6000,3767.8000,3768.0000,1,1,4,1,1,1,1,1,2,1
SF,IF2007,2020-05-27 10:57:00.200,3764.2000,8009,0,1763701680.000,0,-,-,-,-,3764.2000,3764.0000,3763.2000,3762.0000,3761.6000,3765.4000,3767.2000,3767.6000,3767.8000,3768.0000,1,4,1,1,1,1,1,1,2,1
SF,IF2007,2020-05-27 10:57:01.700,3764.2000,8009,0,1763701680.000,0,-,-,-,-,3764.2000,3764.0000,3763.2000,3762.0000,3761.6000,3765.2000,3765.4000,3767.2000,3767.6000,3767.8000,1,4,1,1,1,1,1,1,1,2
SF,IF2007,2020-05-27 10:57:02.700,3764.2000,8009,0,1763701680.000,0,-,-,-,-,3764.6000,3764.4000,3764.0000,3763.2000,3762.0000,3765.2000,3765.4000,3767.2000,3767.6000,3767.8000,1,1,4,1,1,1,1,1,1,2
SF,IF2007,2020-05-27 10:57:03.200,3764.2000,8009,0,1763701680.000,0,-,-,-,-,3764.0000,3763.2000,3762.0000,3761.6000,3761.2000,3765.2000,3765.4000,3767.2000,3767.6000,3767.8000,4,1,1,1,2,1,1,1,1,2
SF,IF2007,2020-05-27 10:57:03.700,3764.2000,8009,0,1763701680.000,0,-,-,-,-,3764.2000,3764.0000,3763.2000,3762.0000,3761.6000,3765.2000,3765.4000,3767.2000,3767.6000,3767.8000,1,4,1,1,1,1,1,1,1,2
SF,IF2007,2020-05-27 10:57:07.200,3764.2000,8009,0,1763701680.000,0,-,-,-,-,3764.4000,3764.2000,3764.0000,3763.2000,3762.0000,3765.4000,3767.2000,3767.6000,3767.8000,3768.0000,1,1,4,1,1,1,1,1,2,1
SF,IF2007,2020-05-27 10:57:07.700,3764.2000,8009,0,1763701680.000,0,-,-,-,-,3764.4000,3764.2000,3764.0000,3763.2000,3762.0000,3767.2000,3767.6000,3767.8000,3768.0000,3769.8000,1,1,4,1,1,1,1,2,1,3
SF,IF2007,2020-05-27 10:57:08.200,3764.2000,8009,0,1763701680.000,0,-,-,-,-,3764.8000,3764.6000,3764.0000,3763.2000,3762.0000,3766.0000,3766.6000,3766.8000,3767.2000,3767.6000,1,2,4,1,1,1,1,1,1,1
SF,IF2007,2020-05-27 10:57:08.700,3764.2000,8009,0,1763701680.000,0,-,-,-,-,3764.8000,3764.6000,3764.0000,3763.2000,3762.0000,3766.0000,3766.8000,3767.2000,3767.6000,3767.8000,1,2,4,1,1,1,1,1,1,2
SF,IF2007,2020-05-27 10:57:10.200,3764.2000,8009,0,1763701680.000,0,-,-,-,-,3765.0000,3764.8000,3764.6000,3764.0000,3763.2000,3766.0000,3766.8000,3767.2000,3767.6000,3767.8000,1,1,2,4,1,1,1,1,1,2
SF,IF2007,2020-05-27 10:57:10.700,3764.2000,8009,0,1763701680.000,0,-,-,-,-,3765.0000,3764.8000,3764.6000,3764.0000,3763.2000,3767.2000,3767.6000,3767.8000,3768.0000,3769.8000,1,1,2,4,1,1,1,2,1,3
SF,IF2007,2020-05-27 10:57:11.200,3764.2000,8009,0,1763701680.000,0,-,-,-,-,3765.2000,3765.0000,3764.6000,3764.0000,3763.2000,3766.6000,3767.2000,3767.6000,3767.8000,3768.0000,1,1,2,4,1,1,1,1,2,1
SF,IF2007,2020-05-27 10:57:12.200,3764.2000,8009,0,1763701680.000,0,-,-,-,-,3765.6000,3765.0000,3764.6000,3764.0000,3763.2000,3766.6000,3767.2000,3767.6000,3767.8000,3768.0000,2,1,2,4,1,1,1,1,2,1
SF,IF2007,2020-05-27 10:57:12.700,3764.2000,8009,0,1763701680.000,0,-,-,-,-,3766.6000,3766.4000,3766.0000,3765.8000,3765.6000,3767.2000,3767.8000,3768.0000,3769.8000,3770.0000,1,1,1,1,2,1,2,1,3,1
SF,IF2007,2020-05-27 10:57:13.200,3766.6000,8009,0,1764831660.000,1,0,1,多换,S,3766.4000,3765.8000,3765.6000,3764.6000,3764.0000,3767.2000,3768.0000,3769.8000,3770.0000,3772.6000,1,1,1,1,4,1,1,3,1,1
SF,IF2007,2020-05-27 10:57:13.700,3766.6000,8009,0,1764831660.000,0,-,-,-,-,3766.4000,3765.8000,3765.6000,3764.6000,3764.0000,3767.2000,3768.0000,3769.8000,3770.0000,3772.6000,1,1,1,1,4,1,1,2,1,1
SF,IF2007,2020-05-27 10:57:15.200,3767.2000,8008,-1,1765961820.000,1,0,1,双平,S,3766.4000,3765.8000,3765.6000,3764.6000,3764.0000,3768.0000,3769.8000,3770.0000,3772.6000,3773.2000,1,1,1,1,4,1,2,1,1,1
SF,IF2007,2020-05-27 10:57:15.700,3767.2000,8008,0,1765961820.000,0,-,-,-,-,3766.4000,3765.8000,3765.6000,3764.0000,3763.2000,3767.2000,3767.6000,3768.0000,3769.8000,3770.0000,1,1,1,4,1,1,2,1,2,1
SF,IF2007,2020-05-27 10:57:16.200,3767.2000,8008,0,1765961820.000,0,-,-,-,-,3766.4000,3765.6000,3764.0000,3763.2000,3762.0000,3767.2000,3767.6000,3768.0000,3769.8000,3770.0000,1,1,4,1,1,1,2,1,2,1
SF,IF2007,2020-05-27 10:57:17.700,3767.2000,8008,0,1765961820.000,0,-,-,-,-,3766.4000,3765.6000,3764.0000,3763.2000,3762.0000,3767.2000,3768.0000,3769.8000,3770.0000,3772.6000,1,1,4,1,1,1,1,2,1,1
SF,IF2007,2020-05-27 10:57:19.700,3766.4000,8009,1,1767091740.000,1,1,0,双开,S,3765.6000,3764.0000,3763.2000,3762.0000,3761.6000,3767.2000,3768.0000,3769.8000,3770.0000,3772.6000,1,4,1,1,1,1,1,2,1,1
SF,IF2007,2020-05-27 10:57:20.200,3766.4000,8009,0,1767091740.000,0,-,-,-,-,3765.8000,3765.6000,3764.0000,3763.2000,3762.0000,3767.2000,3768.0000,3769.8000,3770.0000,3772.6000,1,1,4,1,1,1,1,2,1,1
SF,IF2007,2020-05-27 10:57:22.200,3766.4000,8009,0,1767091740.000,0,-,-,-,-,3765.8000,3765.6000,3764.0000,3763.2000,3762.0000,3767.0000,3767.2000,3768.0000,3769.8000,3770.0000,1,1,4,1,1,1,1,1,2,1
SF,IF2007,2020-05-27 10:57:23.200,3766.4000,8009,0,1767091740.000,0,-,-,-,-,3766.0000,3765.8000,3765.6000,3764.0000,3763.2000,3767.0000,3767.2000,3768.0000,3769.8000,3770.0000,1,1,1,4,1,1,1,1,2,1
SF,IF2007,2020-05-27 10:57:26.700,3766.4000,8009,0,1767091740.000,0,-,-,-,-,3766.0000,3765.8000,3765.6000,3764.0000,3763.2000,3767.2000,3768.0000,3769.8000,3770.0000,3772.6000,1,1,1,4,1,1,1,2,1,1
SF,IF2007,2020-05-27 10:57:31.700,3766.4000,8009,0,1767091740.000,0,-,-,-,-,3766.2000,3766.0000,3765.6000,3764.0000,3763.2000,3767.2000,3768.0000,3769.8000,3770.0000,3772.6000,2,1,1,4,1,1,1,2,1,1
SF,IF2007,2020-05-27 10:57:32.200,3766.4000,8009,0,1767091740.000,0,-,-,-,-,3766.2000,3766.0000,3765.6000,3764.0000,3763.2000,3768.0000,3769.8000,3770.0000,3772.6000,3773.2000,2,1,1,4,1,1,2,1,1,1
SF,IF2007,2020-05-27 10:57:32.700,3766.4000,8009,0,1767091740.000,0,-,-,-,-,3766.2000,3766.0000,3765.6000,3764.0000,3763.2000,3767.8000,3768.0000,3769.8000,3770.0000,3772.6000,2,1,1,4,1,2,1,2,1,1
SF,IF2007,2020-05-27 10:57:33.200,3766.4000,8009,0,1767091740.000,0,-,-,-,-,3766.2000,3766.0000,3765.6000,3764.0000,3763.2000,3767.4000,3767.8000,3768.0000,3769.8000,3770.0000,1,1,1,4,1,2,1,1,2,1
SF,IF2007,2020-05-27 10:57:36.700,3766.4000,8009,0,1767091740.000,0,-,-,-,-,3766.2000,3766.0000,3765.6000,3764.0000,3763.2000,3767.4000,3767.8000,3768.0000,3769.8000,3770.0000,1,1,1,4,1,1,1,1,2,1
SF,IF2007,2020-05-27 10:57:37.200,3767.4000,8009,0,1768221960.000,1,0,1,多换,S,3767.4000,3766.2000,3766.0000,3765.6000,3764.0000,3767.8000,3768.0000,3769.8000,3770.0000,3772.6000,1,1,1,1,4,1,1,2,1,1
SF,IF2007,2020-05-27 10:57:37.700,3767.4000,8009,0,1768221960.000,0,-,-,-,-,3767.4000,3766.0000,3765.6000,3764.0000,3763.2000,3767.8000,3768.0000,3769.8000,3770.0000,3772.6000,1,1,1,4,1,1,1,2,1,1
SF,IF2007,2020-05-27 10:57:38.200,3767.8000,8009,0,1769352300.000,1,0,1,多换,S,3767.4000,3766.0000,3765.6000,3764.0000,3763.2000,3768.0000,3769.8000,3770.0000,3772.6000,3773.2000,1,1,1,4,1,1,2,1,1,1
SF,IF2007,2020-05-27 10:57:40.700,3767.4000,8009,0,1770482520.000,1,0,1,多换,S,3766.0000,3765.6000,3764.0000,3763.2000,3762.0000,3768.0000,3769.8000,3770.0000,3772.6000,3773.2000,1,1,4,1,1,1,2,1,1,1
SF,IF2007,2020-05-27 10:57:41.200,3767.4000,8009,0,1770482520.000,0,-,-,-,-,3767.0000,3766.6000,3766.4000,3766.2000,3766.0000,3768.0000,3769.8000,3770.0000,3772.6000,3773.2000,2,1,1,5,1,1,2,1,1,1
SF,IF2007,2020-05-27 10:57:41.700,3767.4000,8009,0,1770482520.000,0,-,-,-,-,3767.0000,3766.6000,3766.2000,3766.0000,3765.6000,3768.0000,3769.8000,3770.0000,3772.6000,3773.2000,1,1,5,1,1,1,2,1,1,1
SF,IF2007,2020-05-27 10:57:44.200,3767.4000,8009,0,1770482520.000,0,-,-,-,-,3767.0000,3766.6000,3766.2000,3766.0000,3765.6000,3768.0000,3769.8000,3770.0000,3772.6000,3773.2000,1,1,2,1,1,1,2,1,1,1
SF,IF2007,2020-05-27 10:57:46.200,3767.4000,8009,0,1770482520.000,0,-,-,-,-,3767.0000,3766.2000,3766.0000,3765.6000,3764.0000,3768.0000,3769.8000,3770.0000,3772.6000,3773.2000,1,2,1,1,4,1,2,1,1,1
SF,IF2007,2020-05-27 10:57:48.200,3767.4000,8009,0,1770482520.000,0,-,-,-,-,3767.0000,3766.0000,3765.6000,3764.0000,3763.2000,3768.0000,3769.8000,3770.0000,3772.6000,3773.2000,1,1,1,4,1,1,2,1,1,1
SF,IF2007,2020-05-27 10:57:48.700,3767.4000,8009,0,1770482520.000,0,-,-,-,-,3767.0000,3766.0000,3765.6000,3764.0000,3763.2000,3768.0000,3769.8000,3770.0000,3772.6000,3773.2000,1,1,1,4,1,1,2,1,1,1
SF,IF2007,2020-05-27 10:58:01.200,3767.0000,8010,1,1771612620.000,1,1,0,双开,S,3766.0000,3765.6000,3764.0000,3763.2000,3762.0000,3768.0000,3769.8000,3770.0000,3772.6000,3773.2000,1,1,4,1,1,1,2,1,1,1
SF,IF2007,2020-05-27 10:58:01.700,3767.0000,8010,0,1771612620.000,0,-,-,-,-,3766.8000,3766.4000,3766.0000,3765.6000,3764.0000,3768.0000,3769.8000,3770.0000,3772.6000,3773.2000,1,1,1,1,4,1,2,1,1,1
SF,IF2007,2020-05-27 10:58:04.700,3766.8000,8010,0,1772742660.000,1,0,1,多换,S,3766.4000,3766.0000,3765.6000,3764.0000,3763.2000,3766.8000,3768.0000,3769.8000,3770.0000,3772.6000,1,1,1,4,1,12,1,2,1,1
SF,IF2007,2020-05-27 10:58:05.200,3766.8000,8006,-4,1785173100.000,11,3,8,多平,S,3766.4000,3766.0000,3765.6000,3764.0000,3763.2000,3766.8000,3768.0000,3769.8000,3770.0000,3772.6000,1,1,1,4,1,1,1,2,1,1
SF,IF2007,2020-05-27 10:58:05.700,3766.8000,8006,0,1786303140.000,1,0,1,多换,S,3766.4000,3766.0000,3765.6000,3764.0000,3763.2000,3768.0000,3769.8000,3770.0000,3772.6000,3773.2000,1,1,1,4,1,1,2,1,1,1
SF,IF2007,2020-05-27 10:58:06.200,3766.8000,8006,0,1786303140.000,0,-,-,-,-,3766.0000,3765.6000,3764.0000,3763.2000,3762.0000,3767.6000,3767.8000,3768.0000,3769.8000,3770.0000,1,1,4,1,1,1,1,1,2,1
SF,IF2007,2020-05-27 10:58:08.200,3766.8000,8006,0,1786303140.000,0,-,-,-,-,3766.0000,3765.6000,3764.0000,3763.2000,3762.0000,3767.8000,3768.0000,3769.8000,3770.0000,3772.6000,1,1,4,1,1,1,1,2,1,1
SF,IF2007,2020-05-27 10:58:08.700,3766.8000,8006,0,1786303140.000,0,-,-,-,-,3766.2000,3766.0000,3765.6000,3764.0000,3763.2000,3767.8000,3768.0000,3769.8000,3770.0000,3772.6000,1,1,1,4,1,1,1,2,1,1
SF,IF2007,2020-05-27 10:58:09.700,3766.8000,8006,0,1786303140.000,0,-,-,-,-,3766.2000,3766.0000,3765.6000,3764.0000,3763.2000,3767.4000,3768.0000,3769.8000,3770.0000,3772.6000,1,1,1,4,1,2,1,2,1,1
SF,IF2007,2020-05-27 10:58:10.200,3766.8000,8006,0,1786303140.000,0,-,-,-,-,3766.2000,3766.0000,3765.6000,3764.0000,3763.2000,3767.2000,3767.4000,3768.0000,3769.8000,3770.0000,1,1,1,4,1,1,2,1,2,1
SF,IF2007,2020-05-27 10:58:12.200,3766.8000,8006,0,1786303140.000,0,-,-,-,-,3766.0000,3765.6000,3764.0000,3763.2000,3762.0000,3767.2000,3767.4000,3768.0000,3769.8000,3770.0000,1,1,4,1,1,1,2,1,2,1
SF,IF2007,2020-05-27 10:58:12.700,3766.8000,8006,0,1786303140.000,0,-,-,-,-,3766.2000,3766.0000,3765.6000,3764.0000,3763.2000,3767.2000,3767.4000,3768.0000,3769.8000,3770.0000,1,1,1,4,1,1,1,1,2,1
SF,IF2007,2020-05-27 10:58:16.700,3766.8000,8006,0,1786303140.000,0,-,-,-,-,3766.2000,3766.0000,3765.6000,3764.0000,3763.2000,3767.0000,3767.2000,3768.0000,3769.8000,3770.0000,1,1,1,4,1,1,1,1,2,1
SF,IF2007,2020-05-27 10:58:17.200,3766.8000,8006,0,1786303140.000,0,-,-,-,-,3766.0000,3765.6000,3764.0000,3763.2000,3762.0000,3767.0000,3767.2000,3768.0000,3769.8000,3770.0000,1,1,4,1,1,1,1,1,2,1
SF,IF2007,2020-05-27 10:58:18.200,3766.8000,8006,0,1786303140.000,0,-,-,-,-,3765.6000,3764.0000,3763.2000,3762.0000,3761.6000,3767.0000,3767.2000,3768.0000,3769.8000,3770.0000,1,4,1,1,1,1,1,1,2,1
SF,IF2007,2020-05-27 10:58:18.700,3766.8000,8006,0,1786303140.000,0,-,-,-,-,3765.8000,3765.6000,3764.0000,3763.2000,3762.0000,3767.0000,3768.0000,3769.8000,3770.0000,3772.6000,1,1,4,1,1,1,1,2,1,1
SF,IF2007,2020-05-27 10:58:20.200,3765.8000,8007,1,1787432880.000,1,1,0,双开,S,3765.6000,3764.0000,3763.2000,3762.0000,3761.6000,3767.0000,3768.0000,3769.8000,3770.0000,3772.6000,1,4,1,1,1,1,1,2,1,1
SF,IF2007,2020-05-27 10:58:20.700,3765.8000,8007,0,1787432880.000,0,-,-,-,-,3765.8000,3765.6000,3764.0000,3763.2000,3762.0000,3767.0000,3768.0000,3769.8000,3770.0000,3772.6000,1,1,4,1,1,1,1,2,1,1
SF,IF2007,2020-05-27 10:58:23.700,3765.8000,8007,0,1787432880.000,0,-,-,-,-,3765.6000,3764.0000,3763.2000,3762.0000,3761.6000,3767.0000,3768.0000,3769.8000,3770.0000,3772.6000,1,4,1,1,1,1,1,2,1,1
SF,IF2007,2020-05-27 10:58:24.700,3765.8000,8007,0,1787432880.000,0,-,-,-,-,3765.8000,3765.6000,3764.0000,3763.2000,3762.0000,3767.0000,3768.0000,3769.8000,3770.0000,3772.6000,1,1,4,1,1,1,1,2,1,1
SF,IF2007,2020-05-27 10:58:25.700,3765.8000,8007,0,1787432880.000,0,-,-,-,-,3765.8000,3765.6000,3764.0000,3763.2000,3762.0000,3766.8000,3767.0000,3768.0000,3769.8000,3770.0000,1,1,4,1,1,1,1,1,2,1
SF,IF2007,2020-05-27 10:58:26.200,3765.8000,8007,0,1787432880.000,0,-,-,-,-,3766.2000,3765.8000,3765.6000,3764.0000,3763.2000,3766.8000,3767.0000,3768.0000,3769.8000,3770.0000,1,1,1,4,1,1,1,1,2,1
SF,IF2007,2020-05-27 10:58:26.700,3765.8000,8007,0,1787432880.000,0,-,-,-,-,3765.8000,3765.6000,3764.0000,3763.2000,3762.0000,3766.8000,3767.0000,3768.0000,3769.8000,3770.0000,1,1,4,1,1,1,1,1,2,1
SF,IF2007,2020-05-27 10:58:27.700,3765.8000,8007,0,1787432880.000,0,-,-,-,-,3766.0000,3765.8000,3765.6000,3764.0000,3763.2000,3766.8000,3767.0000,3768.0000,3769.8000,3770.0000,1,1,1,4,1,1,1,1,2,1
SF,IF2007,2020-05-27 10:58:28.700,3765.8000,8007,0,1787432880.000,0,-,-,-,-,3766.0000,3765.8000,3765.6000,3764.0000,3763.2000,3767.0000,3768.0000,3769.8000,3770.0000,3772.6000,1,1,1,4,1,1,1,2,1,1
SF,IF2007,2020-05-27 10:58:33.200,3765.8000,8007,0,1787432880.000,0,-,-,-,-,3766.2000,3766.0000,3765.8000,3764.0000,3763.2000,3768.0000,3769.8000,3770.0000,3772.6000,3773.2000,1,1,1,4,1,1,2,1,1,1
SF,IF2007,2020-05-27 10:58:33.700,3765.8000,8007,0,1787432880.000,0,-,-,-,-,3766.6000,3766.4000,3766.2000,3766.0000,3765.8000,3767.6000,3768.0000,3769.8000,3770.0000,3772.6000,1,1,1,1,1,1,1,2,1,1
SF,IF2007,2020-05-27 10:58:35.700,3765.8000,8007,0,1787432880.000,0,-,-,-,-,3766.0000,3765.8000,3764.0000,3763.2000,3762.0000,3767.6000,3768.0000,3769.8000,3770.0000,3772.6000,1,1,4,1,1,1,1,2,1,1
SF,IF2007,2020-05-27 10:58:37.700,3765.8000,8007,0,1787432880.000,0,-,-,-,-,3766.6000,3766.4000,3766.2000,3766.0000,3765.8000,3767.6000,3768.0000,3769.8000,3770.0000,3772.6000,1,1,2,2,1,1,1,2,1,1
SF,IF2007,2020-05-27 10:58:38.700,3765.8000,8007,0,1787432880.000,0,-,-,-,-,3766.6000,3766.4000,3766.2000,3766.0000,3764.0000,3767.6000,3768.0000,3769.8000,3770.0000,3772.6000,1,1,2,2,4,1,1,2,1,1
SF,IF2007,2020-05-27 10:58:40.200,3765.8000,8008,1,1788562620.000,1,1,0,双开,S,3766.4000,3766.2000,3766.0000,3764.0000,3763.2000,3767.6000,3768.0000,3769.8000,3770.0000,3772.6000,1,2,2,4,1,1,1,2,1,1
SF,IF2007,2020-05-27 10:58:40.700,3765.8000,8008,0,1788562620.000,0,-,-,-,-,3766.8000,3766.4000,3766.2000,3766.0000,3764.0000,3767.6000,3768.0000,3769.8000,3770.0000,3772.6000,1,1,2,2,4,1,1,2,1,1
SF,IF2007,2020-05-27 10:58:41.700,3765.8000,8008,0,1788562620.000,0,-,-,-,-,3766.2000,3766.0000,3764.0000,3763.2000,3762.0000,3767.6000,3768.0000,3769.8000,3770.0000,3772.6000,1,1,4,1,1,1,1,2,1,1
SF,IF2007,2020-05-27 10:58:42.200,3765.8000,8008,0,1788562620.000,0,-,-,-,-,3766.8000,3766.4000,3766.2000,3766.0000,3764.0000,3767.6000,3768.0000,3769.8000,3770.0000,3772.6000,1,1,1,1,4,1,1,2,1,1
SF,IF2007,2020-05-27 10:58:42.700,3765.8000,8008,0,1788562620.000,0,-,-,-,-,3766.4000,3766.2000,3766.0000,3764.0000,3763.2000,3767.6000,3768.0000,3769.8000,3770.0000,3772.6000,1,1,1,4,1,1,1,2,1,1
SF,IF2007,2020-05-27 10:58:43.700,3767.6000,8008,0,1789692900.000,1,0,1,多换,S,3766.6000,3766.4000,3766.2000,3766.0000,3764.0000,3768.0000,3769.8000,3770.0000,3772.6000,3773.2000,6,3,1,1,4,1,2,1,1,1
SF,IF2007,2020-05-27 10:58:44.200,3767.6000,8008,0,1789692900.000,0,-,-,-,-,3767.2000,3766.8000,3766.6000,3766.4000,3766.2000,3768.0000,3769.8000,3770.0000,3772.6000,3773.2000,1,1,6,1,1,1,2,1,1,1
SF,IF2007,2020-05-27 10:58:44.700,3767.6000,8008,0,1789692900.000,0,-,-,-,-,3766.8000,3766.6000,3766.4000,3766.2000,3766.0000,3768.0000,3769.8000,3770.0000,3772.6000,3773.2000,1,5,1,1,1,1,2,1,1,1
SF,IF2007,2020-05-27 10:58:45.200,3767.6000,8008,0,1789692900.000,0,-,-,-,-,3766.8000,3766.6000,3766.4000,3766.2000,3766.0000,3768.0000,3769.8000,3770.0000,3772.6000,3773.2000,1,2,1,1,1,1,2,1,1,1
SF,IF2007,2020-05-27 10:58:45.700,3767.6000,8008,0,1789692900.000,0,-,-,-,-,3766.8000,3766.6000,3766.4000,3766.2000,3766.0000,3768.0000,3769.8000,3770.0000,3772.6000,3773.2000,1,1,1,1,1,1,2,1,1,1
SF,IF2007,2020-05-27 10:58:46.200,3767.6000,8008,0,1789692900.000,0,-,-,-,-,3766.8000,3766.6000,3766.4000,3766.2000,3766.0000,3768.0000,3769.8000,3770.0000,3772.6000,3773.2000,1,1,1,1,2,1,2,1,1,1
SF,IF2007,2020-05-27 10:58:47.700,3768.0000,8009,1,1790823300.000,1,1,0,双开,S,3768.0000,3767.0000,3766.8000,3766.2000,3766.0000,3769.8000,3770.0000,3772.6000,3773.2000,3775.0000,1,6,1,1,2,2,1,1,1,6
SF,IF2007,2020-05-27 10:58:48.200,3768.0000,8009,0,1790823300.000,0,-,-,-,-,3768.0000,3767.0000,3766.8000,3766.2000,3766.0000,3769.0000,3769.8000,3770.0000,3772.6000,3773.2000,2,5,1,1,2,1,2,1,1,1
SF,IF2007,2020-05-27 10:58:48.700,3768.0000,8009,0,1790823300.000,0,-,-,-,-,3768.4000,3768.0000,3767.0000,3766.8000,3766.2000,3769.8000,3770.0000,3772.6000,3773.2000,3775.0000,1,2,5,1,1,2,1,1,1,6
SF,IF2007,2020-05-27 10:58:49.200,3768.0000,8009,0,1790823300.000,0,-,-,-,-,3768.0000,3767.0000,3766.8000,3766.2000,3766.0000,3769.6000,3769.8000,3770.0000,3772.6000,3773.2000,2,5,1,1,2,1,2,1,1,1
SF,IF2007,2020-05-27 10:58:50.200,3768.0000,8009,0,1790823300.000,0,-,-,-,-,3768.0000,3767.6000,3767.0000,3766.8000,3766.2000,3769.6000,3769.8000,3770.0000,3772.6000,3773.2000,2,1,5,1,1,1,2,1,1,1
SF,IF2007,2020-05-27 10:58:50.700,3768.0000,8009,0,1790823300.000,0,-,-,-,-,3768.8000,3768.4000,3768.2000,3768.0000,3767.6000,3769.6000,3769.8000,3770.0000,3772.6000,3773.2000,1,2,1,2,1,1,2,1,1,1
SF,IF2007,2020-05-27 10:58:51.200,3768.0000,8009,0,1790823300.000,0,-,-,-,-,3768.2000,3768.0000,3767.6000,3767.0000,3766.0000,3769.6000,3769.8000,3770.0000,3772.6000,3773.2000,1,2,1,5,1,1,2,1,1,1
SF,IF2007,2020-05-27 10:58:51.700,3768.0000,8009,0,1790823300.000,0,-,-,-,-,3768.2000,3768.0000,3767.6000,3767.0000,3766.0000,3769.6000,3769.8000,3770.0000,3772.6000,3773.2000,1,2,1,5,1,1,2,1,1,1
SF,IF2007,2020-05-27 10:58:52.700,3768.0000,8009,0,1790823300.000,0,-,-,-,-,3768.2000,3768.0000,3767.6000,3767.0000,3766.0000,3769.6000,3769.8000,3770.0000,3772.6000,3773.2000,1,2,1,5,1,1,2,1,1,1
SF,IF2007,2020-05-27 10:58:54.700,3768.0000,8009,0,1790823300.000,0,-,-,-,-,3768.2000,3768.0000,3767.6000,3767.0000,3766.0000,3769.6000,3769.8000,3770.0000,3772.6000,3773.2000,1,2,1,5,1,1,2,1,1,1
SF,IF2007,2020-05-27 10:58:55.200,3768.0000,8009,0,1790823300.000,0,-,-,-,-,3768.2000,3768.0000,3767.6000,3767.0000,3766.0000,3769.6000,3769.8000,3770.0000,3772.6000,3773.2000,1,2,1,5,1,1,2,1,1,1
SF,IF2007,2020-05-27 10:59:00.200,3768.0000,8010,1,1791953700.000,1,1,0,双开,S,3768.0000,3767.6000,3767.0000,3766.0000,3764.0000,3769.6000,3769.8000,3770.0000,3772.6000,3773.2000,2,1,5,1,4,1,2,1,1,1
SF,IF2007,2020-05-27 10:59:00.700,3768.0000,8010,0,1791953700.000,0,-,-,-,-,3768.2000,3768.0000,3767.6000,3767.0000,3766.0000,3769.2000,3769.8000,3770.0000,3772.6000,3773.2000,1,1,1,5,1,1,2,1,1,1
SF,IF2007,2020-05-27 10:59:01.700,3768.0000,8010,0,1791953700.000,0,-,-,-,-,3768.0000,3767.6000,3767.0000,3766.0000,3764.0000,3769.2000,3769.8000,3770.0000,3772.6000,3773.2000,1,1,5,1,4,1,2,1,1,1
SF,IF2007,2020-05-27 10:59:03.700,3768.0000,8010,0,1791953700.000,0,-,-,-,-,3769.0000,3768.0000,3767.6000,3767.0000,3766.0000,3769.2000,3769.8000,3770.0000,3772.6000,3773.2000,4,1,1,5,1,1,1,1,1,1
SF,IF2007,2020-05-27 10:59:04.200,3769.0000,8014,4,1796476500.000,4,4,0,双开,S,3768.0000,3767.6000,3767.0000,3766.0000,3764.0000,3768.8000,3769.8000,3770.0000,3772.6000,3773.2000,1,1,4,1,4,1,1,1,1,1
SF,IF2007,2020-05-27 10:59:04.700,3769.0000,8014,0,1796476500.000,0,-,-,-,-,3768.0000,3767.6000,3767.0000,3766.0000,3764.0000,3769.8000,3770.0000,3772.6000,3773.2000,3775.0000,1,1,4,1,4,1,1,1,1,6
SF,IF2007,2020-05-27 10:59:05.200,3769.0000,8014,0,1796476500.000,0,-,-,-,-,3768.0000,3767.0000,3766.0000,3764.0000,3763.2000,3769.0000,3769.8000,3770.0000,3772.6000,3773.2000,1,4,1,4,1,1,1,1,1,1
SF,IF2007,2020-05-27 10:59:06.700,3769.0000,8015,1,1797607200.000,1,1,0,双开,S,3768.2000,3768.0000,3767.0000,3766.0000,3764.0000,3769.8000,3770.0000,3772.6000,3773.2000,3775.0000,1,1,4,1,4,1,1,1,1,6
SF,IF2007,2020-05-27 10:59:07.200,3769.0000,8015,0,1797607200.000,0,-,-,-,-,3768.2000,3768.0000,3767.0000,3766.0000,3764.0000,3769.6000,3769.8000,3770.0000,3772.6000,3773.2000,1,1,4,1,4,1,1,1,1,1
SF,IF2007,2020-05-27 10:59:08.200,3769.0000,8015,0,1797607200.000,0,-,-,-,-,3768.0000,3767.0000,3766.0000,3764.0000,3763.2000,3769.2000,3769.4000,3769.8000,3770.0000,3772.6000,1,4,1,4,1,1,2,1,1,1
SF,IF2007,2020-05-27 10:59:08.700,3769.0000,8015,0,1797607200.000,0,-,-,-,-,3768.0000,3767.0000,3766.0000,3764.0000,3763.2000,3769.2000,3769.4000,3769.8000,3770.0000,3772.6000,1,4,1,4,1,1,1,1,1,1
SF,IF2007,2020-05-27 10:59:09.200,3769.0000,8015,0,1797607200.000,0,-,-,-,-,3768.0000,3767.0000,3766.0000,3764.0000,3763.2000,3768.8000,3769.0000,3769.4000,3769.8000,3770.0000,1,3,1,4,1,1,1,1,1,1
SF,IF2007,2020-05-27 10:59:09.700,3769.0000,8015,0,1797607200.000,0,-,-,-,-,3768.0000,3767.0000,3766.0000,3764.0000,3763.2000,3768.8000,3769.4000,3769.8000,3770.0000,3772.6000,1,3,1,4,1,1,1,1,1,1
SF,IF2007,2020-05-27 10:59:10.700,3769.0000,8015,0,1797607200.000,0,-,-,-,-,3768.0000,3767.0000,3766.0000,3764.0000,3763.2000,3769.4000,3769.8000,3770.0000,3772.6000,3773.2000,1,3,1,4,1,1,1,1,1,1
SF,IF2007,2020-05-27 10:59:11.200,3769.0000,8015,0,1797607200.000,0,-,-,-,-,3768.2000,3768.0000,3767.0000,3766.0000,3764.0000,3769.2000,3769.4000,3769.8000,3770.0000,3772.6000,1,1,3,1,4,1,1,1,1,1
SF,IF2007,2020-05-27 10:59:11.700,3769.2000,8016,1,1798737960.000,1,1,0,双开,S,3768.2000,3768.0000,3767.0000,3766.0000,3764.0000,3769.8000,3770.0000,3772.6000,3773.2000,3775.0000,1,1,3,1,4,1,1,1,1,6
SF,IF2007,2020-05-27 10:59:12.200,3769.2000,8016,0,1798737960.000,0,-,-,-,-,3768.6000,3768.0000,3767.0000,3766.0000,3764.0000,3769.8000,3770.0000,3772.6000,3773.2000,3775.0000,2,1,3,1,4,1,1,1,1,6
SF,IF2007,2020-05-27 10:59:12.700,3769.2000,8016,0,1798737960.000,0,-,-,-,-,3768.6000,3768.0000,3767.0000,3766.0000,3764.0000,3769.8000,3770.0000,3772.6000,3773.2000,3775.0000,1,1,3,1,4,1,1,1,1,6
SF,IF2007,2020-05-27 10:59:13.200,3769.2000,8016,0,1798737960.000,0,-,-,-,-,3768.8000,3768.6000,3768.0000,3767.0000,3766.0000,3769.8000,3770.0000,3772.6000,3773.2000,3775.0000,1,1,1,3,1,1,1,1,1,6
SF,IF2007,2020-05-27 10:59:13.700,3769.2000,8016,0,1798737960.000,0,-,-,-,-,3769.0000,3768.8000,3768.0000,3767.0000,3766.0000,3769.8000,3770.0000,3772.6000,3773.0000,3773.2000,1,1,1,3,1,1,1,1,2,1
SF,IF2007,2020-05-27 10:59:14.200,3769.8000,8016,0,1799868900.000,1,0,1,多换,S,3769.0000,3768.0000,3767.0000,3766.0000,3764.0000,3770.0000,3772.6000,3773.0000,3773.2000,3775.0000,1,1,3,1,4,1,1,2,1,6
SF,IF2007,2020-05-27 10:59:16.200,3769.8000,8016,0,1799868900.000,0,-,-,-,-,3769.0000,3768.0000,3767.0000,3766.0000,3764.0000,3770.0000,3772.6000,3773.0000,3773.2000,3775.0000,1,1,3,1,4,1,1,2,1,1
SF,IF2007,2020-05-27 10:59:16.700,3770.0000,8016,0,1800999900.000,1,0,1,多换,S,3769.6000,3769.4000,3769.0000,3768.0000,3767.0000,3772.6000,3773.2000,3775.0000,3780.0000,3781.0000,1,1,1,1,3,1,1,1,5,1
SF,IF2007,2020-05-27 10:59:17.200,3770.0000,8016,0,1800999900.000,0,-,-,-,-,3769.8000,3769.6000,3768.0000,3767.0000,3766.0000,3771.0000,3771.6000,3772.0000,3772.2000,3772.4000,1,1,1,3,1,1,1,2,2,4
SF,IF2007,2020-05-27 10:59:17.700,3770.0000,8016,0,1800999900.000,0,-,-,-,-,3769.8000,3769.6000,3768.0000,3767.0000,3766.0000,3771.0000,3771.6000,3772.0000,3772.2000,3772.4000,1,1,1,3,1,1,1,2,1,4
SF,IF2007,2020-05-27 10:59:18.200,3770.0000,8016,0,1800999900.000,0,-,-,-,-,3770.0000,3769.8000,3769.6000,3768.0000,3767.0000,3771.0000,3771.6000,3772.0000,3772.2000,3772.4000,1,1,1,1,3,1,1,2,1,4
SF,IF2007,2020-05-27 10:59:20.200,3770.0000,8017,1,1802130900.000,1,1,0,双开,S,3769.8000,3769.6000,3768.0000,3767.0000,3766.0000,3771.0000,3771.6000,3772.0000,3772.2000,3772.4000,1,1,1,2,1,1,1,2,1,4
SF,IF2007,2020-05-27 10:59:21.700,3770.0000,8017,0,1802130900.000,0,-,-,-,-,3769.8000,3768.0000,3767.0000,3766.0000,3764.0000,3771.0000,3771.6000,3772.0000,3772.2000,3772.4000,1,1,2,1,4,1,1,2,1,4
SF,IF2007,2020-05-27 10:59:22.200,3770.6000,8017,0,1803262080.000,1,0,1,多换,S,3768.0000,3767.0000,3766.0000,3764.0000,3763.2000,3770.8000,3771.6000,3772.0000,3772.2000,3772.4000,1,2,1,4,1,2,1,2,1,2
SF,IF2007,2020-05-27 10:59:22.700,3770.6000,8017,0,1803262080.000,0,-,-,-,-,3769.2000,3769.0000,3768.6000,3768.2000,3768.0000,3770.8000,3771.6000,3772.0000,3772.2000,3772.4000,1,1,1,2,1,1,1,2,1,2
SF,IF2007,2020-05-27 10:59:23.200,3770.6000,8017,0,1803262080.000,0,-,-,-,-,3769.4000,3769.2000,3768.6000,3768.2000,3768.0000,3770.4000,3770.8000,3771.6000,3772.0000,3772.2000,1,1,1,2,1,1,1,1,2,1
SF,IF2007,2020-05-27 10:59:23.700,3770.6000,8017,0,1803262080.000,0,-,-,-,-,3769.4000,3769.2000,3768.6000,3768.2000,3768.0000,3770.4000,3770.8000,3771.6000,3772.0000,3772.4000,1,1,1,2,1,1,1,1,2,2
SF,IF2007,2020-05-27 10:59:24.200,3770.6000,8017,0,1803262080.000,0,-,-,-,-,3769.4000,3768.6000,3768.0000,3766.2000,3766.0000,3770.4000,3770.8000,3771.6000,3772.0000,3772.4000,1,1,1,1,1,1,1,1,2,2
SF,IF2007,2020-05-27 10:59:24.700,3770.6000,8017,0,1803262080.000,0,-,-,-,-,3769.4000,3768.0000,3766.2000,3766.0000,3764.0000,3770.4000,3770.8000,3771.6000,3772.0000,3772.4000,1,1,1,1,4,1,1,1,2,2
SF,IF2007,2020-05-27 10:59:27.700,3770.6000,8017,0,1803262080.000,0,-,-,-,-,3769.4000,3768.0000,3766.2000,3766.0000,3764.0000,3770.4000,3770.8000,3771.6000,3772.0000,3772.4000,1,1,1,1,4,1,1,1,2,2
SF,IF2007,2020-05-27 10:59:28.700,3769.4000,8018,1,1804392900.000,1,1,0,双开,S,3768.0000,3766.2000,3766.0000,3764.0000,3763.0000,3770.4000,3770.8000,3771.6000,3772.0000,3772.4000,1,1,1,4,1,1,1,1,2,2
SF,IF2007,2020-05-27 10:59:29.200,3769.4000,8018,0,1804392900.000,0,-,-,-,-,3769.0000,3768.8000,3768.2000,3768.0000,3766.2000,3770.2000,3770.8000,3771.6000,3772.0000,3772.4000,1,1,1,1,1,1,1,1,2,2
SF,IF2007,2020-05-27 10:59:31.700,3769.4000,8018,0,1804392900.000,0,-,-,-,-,3769.2000,3769.0000,3768.2000,3768.0000,3766.2000,3770.8000,3771.6000,3772.0000,3772.4000,3772.6000,1,1,1,1,1,1,1,2,2,1
SF,IF2007,2020-05-27 10:59:32.200,3769.4000,8018,0,1804392900.000,0,-,-,-,-,3769.2000,3769.0000,3768.2000,3768.0000,3766.2000,3770.6000,3770.8000,3771.6000,3772.0000,3772.4000,1,1,1,1,1,1,1,1,2,2
SF,IF2007,2020-05-27 10:59:33.200,3769.4000,8018,0,1804392900.000,0,-,-,-,-,3769.2000,3769.0000,3768.2000,3768.0000,3766.2000,3770.6000,3771.6000,3772.0000,3772.4000,3772.6000,1,1,1,1,1,1,1,2,2,1
SF,IF2007,2020-05-27 10:59:33.700,3769.4000,8018,0,1804392900.000,0,-,-,-,-,3769.2000,3769.0000,3768.2000,3768.0000,3766.2000,3770.4000,3770.6000,3771.6000,3772.0000,3772.4000,1,1,1,1,1,1,1,1,2,2
SF,IF2007,2020-05-27 10:59:34.200,3769.4000,8018,0,1804392900.000,0,-,-,-,-,3769.2000,3769.0000,3768.2000,3768.0000,3766.2000,3770.2000,3770.4000,3770.6000,3771.6000,3772.0000,1,1,1,1,1,1,1,1,1,2
SF,IF2007,2020-05-27 10:59:35.200,3769.4000,8018,0,1804392900.000,0,-,-,-,-,3769.2000,3769.0000,3768.2000,3768.0000,3766.2000,3770.6000,3771.6000,3772.0000,3772.4000,3772.6000,1,1,1,1,1,1,1,2,2,1
SF,IF2007,2020-05-27 10:59:36.200,3769.4000,8018,0,1804392900.000,0,-,-,-,-,3769.2000,3769.0000,3768.2000,3768.0000,3766.2000,3770.4000,3770.6000,3771.6000,3772.0000,3772.4000,1,1,1,1,1,1,1,1,2,2
SF,IF2007,2020-05-27 10:59:36.700,3769.4000,8018,0,1804392900.000,0,-,-,-,-,3769.2000,3769.0000,3768.2000,3768.0000,3766.2000,3770.2000,3770.4000,3770.6000,3771.6000,3772.0000,1,1,1,1,1,1,1,1,1,2
SF,IF2007,2020-05-27 10:59:37.200,3769.4000,8018,0,1804392900.000,0,-,-,-,-,3769.2000,3769.0000,3768.2000,3768.0000,3766.2000,3770.2000,3770.6000,3771.6000,3772.0000,3772.4000,1,1,1,1,1,1,1,1,2,2
SF,IF2007,2020-05-27 10:59:38.200,3769.4000,8018,0,1804392900.000,0,-,-,-,-,3769.2000,3769.0000,3768.2000,3768.0000,3766.2000,3770.2000,3770.6000,3771.6000,3772.0000,3772.4000,1,1,1,1,1,1,1,1,2,2
SF,IF2007,2020-05-27 10:59:38.700,3769.4000,8018,0,1804392900.000,0,-,-,-,-,3769.2000,3769.0000,3768.2000,3768.0000,3766.2000,3770.2000,3771.6000,3772.0000,3772.4000,3772.6000,1,1,1,1,1,1,1,2,2,1
SF,IF2007,2020-05-27 10:59:40.700,3769.2000,8019,1,1805523660.000,1,1,0,双开,S,3769.0000,3768.2000,3768.0000,3766.2000,3766.0000,3770.2000,3771.6000,3772.0000,3772.4000,3772.6000,1,1,1,1,1,1,1,2,2,1
SF,IF2007,2020-05-27 10:59:41.200,3769.2000,8019,0,1805523660.000,0,-,-,-,-,3769.2000,3769.0000,3768.2000,3768.0000,3766.2000,3771.6000,3772.0000,3772.4000,3772.6000,3773.2000,1,1,1,1,1,1,2,2,1,3
SF,IF2007,2020-05-27 10:59:41.700,3769.2000,8019,0,1805523660.000,0,-,-,-,-,3769.0000,3768.2000,3768.0000,3766.2000,3766.0000,3770.6000,3771.0000,3771.4000,3771.6000,3772.0000,1,1,1,1,1,1,2,4,1,2
SF,IF2007,2020-05-27 10:59:42.200,3769.2000,8019,0,1805523660.000,0,-,-,-,-,3769.0000,3768.0000,3766.2000,3766.0000,3763.0000,3770.6000,3771.0000,3771.4000,3771.6000,3772.0000,1,1,1,1,1,1,2,3,1,2
SF,IF2007,2020-05-27 10:59:43.200,3769.2000,8019,0,1805523660.000,0,-,-,-,-,3769.0000,3768.0000,3766.2000,3766.0000,3763.0000,3770.4000,3770.6000,3771.4000,3771.6000,3772.0000,1,1,1,1,1,1,1,3,1,2
SF,IF2007,2020-05-27 10:59:43.700,3769.2000,8019,0,1805523660.000,0,-,-,-,-,3769.0000,3768.0000,3766.2000,3766.0000,3763.0000,3770.2000,3770.4000,3771.4000,3771.6000,3772.0000,1,1,1,1,1,1,1,3,1,2
SF,IF2007,2020-05-27 10:59:45.200,3769.2000,8019,0,1805523660.000,0,-,-,-,-,3769.0000,3768.0000,3766.2000,3766.0000,3763.0000,3770.2000,3771.4000,3771.6000,3772.0000,3772.4000,1,1,1,1,1,1,3,1,2,1
SF,IF2007,2020-05-27 10:59:48.200,3769.2000,8019,0,1805523660.000,0,-,-,-,-,3769.0000,3768.0000,3766.2000,3766.0000,3763.0000,3770.2000,3770.8000,3771.4000,3771.6000,3772.0000,1,1,1,1,1,1,1,3,1,2
SF,IF2007,2020-05-27 10:59:49.200,3769.2000,8019,0,1805523660.000,0,-,-,-,-,3769.0000,3768.0000,3766.2000,3766.0000,3763.0000,3770.2000,3770.8000,3771.4000,3771.6000,3772.0000,1,1,1,1,1,1,1,3,1,2
SF,IF2007,2020-05-27 10:59:50.200,3769.2000,8019,0,1805523660.000,0,-,-,-,-,3769.0000,3768.0000,3766.2000,3766.0000,3763.0000,3770.2000,3770.8000,3771.4000,3771.6000,3772.0000,1,1,1,1,1,1,2,3,1,2
SF,IF2007,2020-05-27 10:59:51.200,3769.2000,8019,0,1805523660.000,0,-,-,-,-,3769.0000,3768.0000,3766.2000,3766.0000,3763.0000,3770.2000,3770.8000,3771.4000,3771.6000,3772.0000,1,1,1,1,1,1,2,3,1,2
SF,IF2007,2020-05-27 10:59:52.200,3769.2000,8019,0,1805523660.000,0,-,-,-,-,3769.0000,3768.0000,3766.2000,3766.0000,3763.0000,3770.0000,3770.2000,3770.8000,3771.4000,3771.6000,1,1,1,1,1,1,1,2,3,1
SF,IF2007,2020-05-27 10:59:54.700,3769.2000,8019,0,1805523660.000,0,-,-,-,-,3768.0000,3766.2000,3766.0000,3763.0000,3762.4000,3770.0000,3770.2000,3770.8000,3771.4000,3771.6000,1,1,1,1,1,1,1,2,3,1
SF,IF2007,2020-05-27 10:59:55.200,3769.2000,8019,0,1805523660.000,0,-,-,-,-,3768.4000,3768.2000,3768.0000,3766.2000,3766.0000,3769.8000,3770.8000,3771.4000,3771.6000,3772.0000,1,2,1,1,1,1,2,3,1,2
SF,IF2007,2020-05-27 10:59:55.700,3769.2000,8019,0,1805523660.000,0,-,-,-,-,3768.6000,3768.4000,3768.2000,3768.0000,3766.2000,3769.8000,3770.8000,3771.4000,3771.6000,3772.0000,1,1,2,1,1,1,2,3,1,2
SF,IF2007,2020-05-27 10:59:59.200,3769.2000,8019,0,1805523660.000,0,-,-,-,-,3768.6000,3768.4000,3768.2000,3768.0000,3766.2000,3769.0000,3769.8000,3770.8000,3771.4000,3771.6000,1,1,2,1,1,1,1,2,3,1
SF,IF2007,2020-05-27 10:59:59.700,3769.0000,8020,1,1806654360.000,1,1,0,双开,S,3769.0000,3768.6000,3768.2000,3768.0000,3766.2000,3769.8000,3770.8000,3771.4000,3771.6000,3772.0000,2,1,2,1,1,1,2,3,1,2
SF,IF2007,2020-05-27 11:00:00.200,3769.0000,8020,0,1806654360.000,0,-,-,-,-,3768.6000,3768.2000,3768.0000,3766.2000,3766.0000,3769.4000,3769.8000,3770.8000,3771.4000,3771.6000,1,2,1,1,1,1,1,2,3,1
SF,IF2007,2020-05-27 11:00:00.700,3768.6000,8020,0,1807784940.000,1,0,1,多换,S,3768.2000,3768.0000,3766.2000,3766.0000,3763.0000,3769.4000,3769.8000,3770.8000,3771.4000,3771.6000,2,1,1,1,1,1,1,2,3,1
SF,IF2007,2020-05-27 11:00:01.200,3769.4000,8020,0,1808915760.000,1,0,1,多换,S,3769.4000,3769.0000,3768.6000,3768.4000,3768.2000,3769.8000,3770.8000,3771.4000,3771.6000,3772.0000,2,1,2,4,2,1,2,3,1,2
SF,IF2007,2020-05-27 11:00:01.700,3769.4000,8020,0,1808915760.000,0,-,-,-,-,3769.6000,3769.0000,3768.6000,3768.4000,3768.2000,3770.8000,3771.4000,3771.6000,3772.0000,3772.2000,1,1,2,4,2,2,3,1,2,1
SF,IF2007,2020-05-27 11:00:02.200,3769.6000,8021,1,1810046640.000,1,1,0,双开,S,3769.6000,3769.0000,3768.6000,3768.4000,3768.2000,3770.6000,3770.8000,3771.6000,3772.0000,3772.2000,1,1,3,4,2,1,2,1,2,1
SF,IF2007,2020-05-27 11:00:02.700,3769.6000,8021,0,1810046640.000,0,-,-,-,-,3770.4000,3770.2000,3770.0000,3769.0000,3768.6000,3770.8000,3772.0000,3772.2000,3772.6000,3773.2000,1,1,1,1,3,2,1,1,1,3
SF,IF2007,2020-05-27 11:00:03.200,3770.8000,8021,0,1812309120.000,2,1,1,多换,S,3771.2000,3770.8000,3770.6000,3769.0000,3768.6000,3772.0000,3772.2000,3772.6000,3773.2000,3775.0000,1,1,1,1,3,1,1,1,3,1
SF,IF2007,2020-05-27 11:00:03.700,3770.8000,8023,2,1814571600.000,2,2,0,双开,S,3770.6000,3769.0000,3768.6000,3768.4000,3768.0000,3771.6000,3772.2000,3772.6000,3773.2000,3775.0000,1,1,3,1,1,2,1,1,3,1
SF,IF2007,2020-05-27 11:00:04.200,3770.6000,8024,1,1815702780.000,1,1,0,双开,S,3769.0000,3768.6000,3768.4000,3768.0000,3766.2000,3771.6000,3772.2000,3772.6000,3773.2000,3775.0000,1,3,1,1,1,2,1,1,3,1
SF,IF2007,2020-05-27 11:00:04.700,3770.6000,8024,0,1815702780.000,0,-,-,-,-,3770.2000,3770.0000,3769.2000,3769.0000,3768.6000,3771.2000,3771.6000,3772.2000,3772.6000,3773.2000,1,2,4,1,3,1,1,1,1,3
SF,IF2007,2020-05-27 11:00:05.200,3770.0000,8024,0,1816833780.000,1,0,1,多换,S,3769.2000,3769.0000,3768.6000,3768.4000,3768.0000,3770.8000,3771.6000,3772.2000,3772.6000,3773.2000,2,1,3,1,1,2,1,1,1,3
SF,IF2007,2020-05-27 11:00:05.700,3770.0000,8024,0,1816833780.000,0,-,-,-,-,3769.4000,3769.2000,3769.0000,3768.6000,3768.4000,3770.4000,3770.8000,3771.6000,3772.2000,3772.6000,1,2,1,3,1,1,1,2,1,1
SF,IF2007,2020-05-27 11:00:06.200,3770.0000,8024,0,1816833780.000,0,-,-,-,-,3769.4000,3769.2000,3769.0000,3768.6000,3768.4000,3770.4000,3771.6000,3772.2000,3772.6000,3773.2000,1,2,1,3,1,1,2,1,1,1
SF,IF2007,2020-05-27 11:00:06.700,3770.0000,8024,0,1816833780.000,0,-,-,-,-,3769.4000,3769.0000,3768.6000,3768.4000,3768.0000,3770.4000,3771.6000,3772.2000,3772.6000,3773.2000,1,1,3,1,1,1,2,1,1,1
SF,IF2007,2020-05-27 11:00:08.700,3770.0000,8024,0,1816833780.000,0,-,-,-,-,3769.2000,3769.0000,3768.6000,3768.4000,3768.0000,3770.4000,3771.6000,3772.2000,3772.6000,3773.2000,1,1,1,1,1,1,2,1,1,1
SF,IF2007,2020-05-27 11:00:09.200,3770.0000,8024,0,1816833780.000,0,-,-,-,-,3769.2000,3769.0000,3768.6000,3768.0000,3766.2000,3770.4000,3771.6000,3772.2000,3772.6000,3773.2000,1,1,1,1,1,1,2,1,1,1
SF,IF2007,2020-05-27 11:00:10.200,3770.0000,8024,0,1816833780.000,0,-,-,-,-,3769.2000,3769.0000,3768.6000,3768.0000,3766.2000,3771.6000,3772.2000,3772.6000,3773.2000,3775.0000,1,1,1,1,1,2,1,1,1,1
SF,IF2007,2020-05-27 11:00:10.700,3770.0000,8024,0,1816833780.000,0,-,-,-,-,3769.2000,3769.0000,3768.6000,3768.0000,3766.2000,3770.6000,3771.0000,3771.6000,3772.2000,3772.6000,1,1,1,1,1,1,2,2,1,1
SF,IF2007,2020-05-27 11:00:11.200,3770.0000,8024,0,1816833780.000,0,-,-,-,-,3769.4000,3769.2000,3769.0000,3768.0000,3766.2000,3770.6000,3771.0000,3771.6000,3772.2000,3772.6000,1,1,1,1,1,1,2,2,1,1
SF,IF2007,2020-05-27 11:00:11.700,3770.0000,8024,0,1816833780.000,0,-,-,-,-,3769.2000,3769.0000,3768.0000,3766.2000,3766.0000,3770.4000,3770.6000,3771.6000,3772.2000,3772.6000,1,1,1,1,1,2,1,2,1,1
SF,IF2007,2020-05-27 11:00:12.200,3770.0000,8024,0,1816833780.000,0,-,-,-,-,3769.2000,3769.0000,3768.0000,3766.2000,3766.0000,3770.2000,3771.6000,3772.2000,3772.6000,3773.2000,1,1,1,1,1,3,2,1,1,1
SF,IF2007,2020-05-27 11:00:14.700,3770.0000,8024,0,1816833780.000,0,-,-,-,-,3769.2000,3769.0000,3768.0000,3766.2000,3766.0000,3770.2000,3771.6000,3772.2000,3772.6000,3773.2000,1,1,1,1,1,3,1,1,1,1
SF,IF2007,2020-05-27 11:00:15.700,3770.0000,8024,0,1816833780.000,0,-,-,-,-,3769.2000,3768.0000,3766.2000,3766.0000,3763.0000,3770.2000,3771.6000,3772.2000,3772.6000,3773.2000,1,1,1,1,1,3,1,1,1,1
SF,IF2007,2020-05-27 11:00:18.700,3770.2000,8024,0,1817964840.000,1,0,1,多换,S,3769.2000,3768.0000,3766.2000,3766.0000,3763.0000,3770.2000,3771.6000,3772.2000,3772.6000,3773.2000,1,1,1,1,1,2,1,1,1,1
SF,IF2007,2020-05-27 11:00:20.700,3769.2000,8024,0,1819095600.000,1,0,1,多换,S,3768.0000,3766.2000,3766.0000,3763.0000,3762.4000,3770.2000,3771.6000,3772.2000,3772.6000,3773.2000,1,1,1,1,1,3,1,1,1,1
SF,IF2007,2020-05-27 11:00:21.200,3769.2000,8024,0,1819095600.000,0,-,-,-,-,3768.6000,3768.4000,3768.2000,3768.0000,3766.2000,3770.0000,3770.2000,3771.6000,3772.2000,3772.6000,1,2,2,1,1,1,3,1,1,1
SF,IF2007,2020-05-27 11:00:22.700,3769.2000,8024,0,1819095600.000,0,-,-,-,-,3768.6000,3768.4000,3768.2000,3768.0000,3766.2000,3769.8000,3770.0000,3770.2000,3771.6000,3772.2000,1,2,2,1,1,1,1,3,1,1
SF,IF2007,2020-05-27 11:00:24.700,3769.2000,8024,0,1819095600.000,0,-,-,-,-,3768.6000,3768.4000,3768.2000,3768.0000,3766.2000,3769.8000,3770.0000,3770.2000,3771.6000,3772.2000,1,2,2,1,1,1,3,3,1,1
SF,IF2007,2020-05-27 11:00:27.200,3769.2000,8024,0,1819095600.000,0,-,-,-,-,3768.6000,3768.4000,3768.2000,3768.0000,3766.2000,3769.8000,3770.0000,3770.2000,3771.6000,3772.2000,1,2,1,1,1,1,3,3,1,1
SF,IF2007,2020-05-27 11:00:27.700,3769.2000,8024,0,1819095600.000,0,-,-,-,-,3768.6000,3768.4000,3768.2000,3768.0000,3766.2000,3769.8000,3770.0000,3770.2000,3771.0000,3771.6000,1,2,1,1,1,1,3,3,1,1
SF,IF2007,2020-05-27 11:00:29.200,3769.2000,8024,0,1819095600.000,0,-,-,-,-,3768.6000,3768.4000,3768.2000,3768.0000,3766.2000,3769.8000,3770.0000,3770.2000,3771.0000,3771.6000,1,2,1,1,1,1,3,3,1,1
SF,IF2007,2020-05-27 11:00:32.200,3769.2000,8024,0,1819095600.000,0,-,-,-,-,3768.6000,3768.4000,3768.0000,3766.2000,3766.0000,3769.8000,3770.0000,3770.2000,3771.0000,3771.6000,1,2,1,1,1,1,3,1,1,1
SF,IF2007,2020-05-27 11:00:32.700,3769.2000,8024,0,1819095600.000,0,-,-,-,-,3768.6000,3768.4000,3768.0000,3766.2000,3766.0000,3769.6000,3769.8000,3770.0000,3770.2000,3771.0000,1,2,1,1,1,1,1,3,1,1
SF,IF2007,2020-05-27 11:00:35.700,3768.4000,8024,0,1820226120.000,1,0,1,多换,S,3768.0000,3766.2000,3766.0000,3763.8000,3763.0000,3769.4000,3769.6000,3769.8000,3770.0000,3770.2000,1,1,1,1,1,1,1,1,2,1
SF,IF2007,2020-05-27 11:00:36.700,3768.4000,8024,0,1820226120.000,0,-,-,-,-,3768.0000,3766.2000,3766.0000,3763.8000,3763.0000,3769.0000,3769.6000,3769.8000,3770.0000,3770.2000,1,1,1,1,1,1,1,1,2,1
SF,IF2007,2020-05-27 11:00:37.200,3768.4000,8024,0,1820226120.000,0,-,-,-,-,3768.0000,3766.2000,3766.0000,3763.8000,3763.0000,3769.0000,3769.8000,3770.0000,3770.2000,3771.0000,1,1,1,1,1,1,1,2,1,1
SF,IF2007,2020-05-27 11:00:37.700,3768.4000,8024,0,1820226120.000,0,-,-,-,-,3768.2000,3768.0000,3766.2000,3766.0000,3763.8000,3768.6000,3769.0000,3769.8000,3770.0000,3770.2000,1,1,1,1,1,1,1,1,2,1
SF,IF2007,2020-05-27 11:00:38.200,3768.4000,8024,0,1820226120.000,0,-,-,-,-,3768.0000,3766.2000,3766.0000,3763.8000,3763.0000,3768.6000,3769.0000,3769.8000,3770.0000,3770.2000,1,1,1,1,1,1,1,1,3,1
SF,IF2007,2020-05-27 11:00:40.200,3768.4000,8024,0,1820226120.000,0,-,-,-,-,3768.0000,3766.2000,3766.0000,3763.8000,3763.0000,3768.6000,3769.0000,3769.8000,3770.0000,3770.2000,1,1,1,1,1,1,1,1,3,1
SF,IF2007,2020-05-27 11:00:41.200,3768.0000,8025,1,1821356520.000,1,1,0,双开,S,3766.2000,3766.0000,3763.8000,3763.0000,3762.4000,3768.6000,3769.0000,3769.8000,3770.0000,3770.2000,1,1,1,1,1,1,1,1,3,1
SF,IF2007,2020-05-27 11:00:41.700,3768.0000,8025,0,1821356520.000,0,-,-,-,-,3767.8000,3767.6000,3767.4000,3767.0000,3766.8000,3769.8000,3770.0000,3770.2000,3770.8000,3771.0000,1,1,3,2,1,1,3,1,1,1
SF,IF2007,2020-05-27 11:00:42.200,3768.0000,8025,0,1821356520.000,0,-,-,-,-,3767.8000,3767.4000,3767.0000,3766.8000,3766.6000,3769.0000,3769.4000,3769.6000,3769.8000,3770.0000,1,2,2,1,1,1,2,2,1,3
SF,IF2007,2020-05-27 11:00:42.700,3768.0000,8025,0,1821356520.000,0,-,-,-,-,3767.8000,3767.4000,3767.0000,3766.8000,3766.6000,3769.0000,3769.4000,3769.6000,3769.8000,3770.0000,1,1,2,1,1,1,2,2,1,3
SF,IF2007,2020-05-27 11:00:44.700,3768.0000,8025,0,1821356520.000,0,-,-,-,-,3767.8000,3767.4000,3767.0000,3766.8000,3766.4000,3769.0000,3769.4000,3769.6000,3769.8000,3770.0000,1,1,2,1,5,1,2,2,1,3
SF,IF2007,2020-05-27 11:00:45.700,3768.0000,8025,0,1821356520.000,0,-,-,-,-,3767.4000,3767.0000,3766.8000,3766.4000,3766.2000,3768.8000,3769.0000,3769.6000,3769.8000,3770.0000,1,2,1,5,1,2,1,2,1,3
SF,IF2007,2020-05-27 11:00:46.200,3768.0000,8025,0,1821356520.000,0,-,-,-,-,3767.6000,3767.4000,3767.0000,3766.8000,3766.4000,3768.8000,3769.0000,3769.6000,3769.8000,3770.0000,1,1,2,1,5,2,1,2,1,3
SF,IF2007,2020-05-27 11:00:47.700,3768.0000,8025,0,1821356520.000,0,-,-,-,-,3767.6000,3767.4000,3767.0000,3766.8000,3766.4000,3769.0000,3769.6000,3769.8000,3770.0000,3770.2000,1,1,2,1,5,1,2,1,3,1
SF,IF2007,2020-05-27 11:00:48.700,3768.0000,8025,0,1821356520.000,0,-,-,-,-,3767.8000,3767.6000,3767.4000,3767.0000,3766.8000,3769.0000,3769.6000,3769.8000,3770.0000,3770.2000,1,1,1,2,1,1,2,1,3,1
SF,IF2007,2020-05-27 11:00:50.200,3768.0000,8025,0,1821356520.000,0,-,-,-,-,3768.0000,3767.8000,3767.4000,3767.0000,3766.8000,3769.0000,3769.6000,3769.8000,3770.0000,3770.2000,1,1,1,2,1,1,2,1,3,1
SF,IF2007,2020-05-27 11:00:50.700,3768.0000,8025,0,1821356520.000,0,-,-,-,-,3768.0000,3767.8000,3767.4000,3767.0000,3766.8000,3769.0000,3769.8000,3770.0000,3770.2000,3770.8000,1,1,1,2,1,1,1,3,1,1
SF,IF2007,2020-05-27 11:00:59.700,3768.0000,8025,0,1821356520.000,0,-,-,-,-,3768.0000,3767.8000,3767.4000,3767.0000,3766.8000,3769.8000,3770.0000,3770.2000,3770.8000,3771.0000,1,1,1,2,1,1,3,1,1,1
SF,IF2007,2020-05-27 11:01:00.200,3768.0000,8025,0,1821356520.000,0,-,-,-,-,3768.4000,3768.2000,3767.8000,3767.4000,3767.0000,3769.6000,3769.8000,3770.0000,3770.2000,3770.8000,1,1,1,1,2,1,1,3,1,1
SF,IF2007,2020-05-27 11:01:00.700,3768.0000,8025,0,1821356520.000,0,-,-,-,-,3768.4000,3768.2000,3767.8000,3767.4000,3767.0000,3769.6000,3769.8000,3770.0000,3770.2000,3770.8000,1,1,1,1,2,1,1,3,1,1
SF,IF2007,2020-05-27 11:01:01.700,3768.0000,8026,1,1822486920.000,1,1,0,双开,S,3768.2000,3767.8000,3767.4000,3767.0000,3766.8000,3769.6000,3769.8000,3770.0000,3770.2000,3770.8000,1,1,1,2,1,1,1,3,1,1
SF,IF2007,2020-05-27 11:01:02.700,3768.0000,8026,0,1822486920.000,0,-,-,-,-,3768.2000,3767.8000,3767.4000,3767.0000,3766.8000,3769.2000,3769.8000,3770.0000,3770.2000,3770.8000,1,1,1,2,1,1,1,3,1,1
SF,IF2007,2020-05-27 11:01:04.200,3768.0000,8026,0,1822486920.000,0,-,-,-,-,3767.8000,3767.4000,3767.0000,3766.8000,3766.4000,3769.2000,3769.8000,3770.0000,3770.2000,3770.8000,1,1,2,1,4,1,1,3,1,1
SF,IF2007,2020-05-27 11:01:09.200,3768.0000,8026,0,1822486920.000,0,-,-,-,-,3768.0000,3767.8000,3767.4000,3767.0000,3766.8000,3769.2000,3769.8000,3770.0000,3770.2000,3770.8000,1,1,1,2,1,1,1,3,1,1
SF,IF2007,2020-05-27 11:01:12.200,3768.0000,8026,0,1823617320.000,1,0,1,多换,S,3767.8000,3767.4000,3767.0000,3766.8000,3766.4000,3769.2000,3769.8000,3770.0000,3770.2000,3770.8000,1,1,2,1,4,1,1,3,1,1
SF,IF2007,2020-05-27 11:01:13.200,3768.0000,8026,0,1823617320.000,0,-,-,-,-,3767.8000,3767.4000,3767.0000,3766.8000,3766.4000,3768.8000,3769.8000,3770.0000,3770.2000,3770.8000,1,1,2,1,4,1,1,3,1,1
SF,IF2007,2020-05-27 11:01:21.200,3767.4000,8027,1,1824747540.000,1,1,0,双开,S,3767.0000,3766.8000,3766.4000,3766.2000,3766.0000,3768.4000,3768.8000,3769.8000,3770.0000,3770.2000,2,1,4,1,1,1,1,1,3,1
SF,IF2007,2020-05-27 11:01:21.700,3767.4000,8027,0,1824747540.000,0,-,-,-,-,3767.2000,3767.0000,3766.8000,3766.4000,3766.2000,3768.4000,3769.8000,3770.0000,3770.2000,3770.8000,1,2,1,4,1,1,1,3,1,1
SF,IF2007,2020-05-27 11:01:22.200,3767.4000,8027,0,1824747540.000,0,-,-,-,-,3767.2000,3766.4000,3766.2000,3766.0000,3763.8000,3769.8000,3770.0000,3770.2000,3770.8000,3771.0000,1,3,1,1,1,1,3,1,1,1
SF,IF2007,2020-05-27 11:01:22.700,3767.4000,8027,0,1824747540.000,0,-,-,-,-,3767.2000,3766.4000,3766.2000,3766.0000,3763.8000,3768.4000,3769.2000,3769.6000,3769.8000,3770.0000,2,3,1,1,1,1,3,5,1,3
SF,IF2007,2020-05-27 11:01:23.200,3767.4000,8027,0,1824747540.000,0,-,-,-,-,3767.2000,3766.4000,3766.2000,3766.0000,3763.8000,3768.4000,3769.6000,3769.8000,3770.0000,3770.2000,1,3,1,1,1,1,4,1,3,1
SF,IF2007,2020-05-27 11:01:23.700,3767.4000,8027,0,1824747540.000,0,-,-,-,-,3767.4000,3767.2000,3766.4000,3766.2000,3766.0000,3768.4000,3769.6000,3769.8000,3770.0000,3770.2000,1,1,3,1,1,1,3,1,3,1
SF,IF2007,2020-05-27 11:01:26.200,3767.4000,8027,0,1824747540.000,0,-,-,-,-,3767.4000,3767.2000,3766.4000,3766.2000,3766.0000,3768.4000,3769.6000,3769.8000,3770.0000,3770.2000,1,1,2,1,1,1,3,1,3,1
SF,IF2007,2020-05-27 11:01:26.700,3767.4000,8027,0,1825877760.000,1,0,1,多换,S,3766.4000,3766.2000,3766.0000,3763.8000,3763.0000,3768.4000,3769.6000,3769.8000,3770.0000,3770.2000,2,1,1,1,1,1,3,1,3,1
SF,IF2007,2020-05-27 11:01:27.200,3767.4000,8027,0,1825877760.000,0,-,-,-,-,3766.4000,3766.2000,3766.0000,3763.8000,3763.0000,3768.0000,3769.6000,3769.8000,3770.0000,3770.2000,1,1,1,1,1,2,3,1,3,1
SF,IF2007,2020-05-27 11:01:28.200,3767.4000,8027,0,1825877760.000,0,-,-,-,-,3766.2000,3766.0000,3763.8000,3763.0000,3762.4000,3767.6000,3769.6000,3769.8000,3770.0000,3770.2000,1,1,1,1,1,4,3,1,3,1
SF,IF2007,2020-05-27 11:01:35.200,3767.4000,8027,0,1825877760.000,0,-,-,-,-,3766.2000,3766.0000,3763.8000,3763.0000,3762.4000,3767.2000,3767.6000,3769.6000,3769.8000,3770.0000,1,1,1,1,1,1,3,3,1,3
SF,IF2007,2020-05-27 11:01:35.700,3766.2000,8026,-1,1827007620.000,1,0,1,双平,S,3766.0000,3763.8000,3763.0000,3762.4000,3761.6000,3767.2000,3767.6000,3769.6000,3769.8000,3770.0000,1,1,1,1,1,1,3,3,1,3
SF,IF2007,2020-05-27 11:01:36.200,3766.2000,8026,0,1827007620.000,0,-,-,-,-,3763.8000,3763.0000,3762.4000,3761.6000,3761.2000,3766.8000,3767.0000,3767.6000,3769.6000,3769.8000,1,1,1,1,2,1,2,1,3,1
SF,IF2007,2020-05-27 11:01:36.700,3766.4000,8026,0,1828137540.000,1,0,1,多换,S,3765.6000,3765.2000,3764.8000,3764.6000,3764.4000,3767.6000,3769.6000,3769.8000,3770.0000,3770.2000,1,2,2,1,1,1,3,1,3,1
SF,IF2007,2020-05-27 11:01:37.200,3766.4000,8026,0,1828137540.000,0,-,-,-,-,3765.2000,3764.8000,3764.6000,3764.4000,3764.2000,3767.0000,3767.2000,3767.6000,3769.6000,3769.8000,1,2,1,1,1,1,2,1,1,1
SF,IF2007,2020-05-27 11:01:37.700,3766.4000,8026,0,1828137540.000,0,-,-,-,-,3765.4000,3764.8000,3764.6000,3764.4000,3764.2000,3767.0000,3767.2000,3767.6000,3769.6000,3769.8000,2,2,1,1,1,1,2,1,1,1
SF,IF2007,2020-05-27 11:01:38.200,3766.4000,8026,0,1828137540.000,0,-,-,-,-,3765.8000,3765.6000,3765.4000,3764.8000,3764.6000,3767.0000,3767.6000,3769.6000,3769.8000,3770.0000,1,1,1,2,1,1,1,1,1,3
SF,IF2007,2020-05-27 11:01:38.700,3766.4000,8026,0,1828137540.000,0,-,-,-,-,3765.8000,3765.6000,3765.4000,3764.8000,3764.6000,3767.6000,3769.6000,3769.8000,3770.0000,3770.2000,1,1,1,2,1,1,1,1,3,1
SF,IF2007,2020-05-27 11:01:39.200,3766.4000,8026,0,1828137540.000,0,-,-,-,-,3766.2000,3766.0000,3765.4000,3764.8000,3764.6000,3767.6000,3769.6000,3769.8000,3770.0000,3770.2000,1,1,1,2,1,1,1,1,3,1
SF,IF2007,2020-05-27 11:01:39.700,3766.4000,8026,0,1828137540.000,0,-,-,-,-,3766.2000,3766.0000,3765.4000,3764.8000,3764.6000,3767.4000,3767.6000,3769.6000,3769.8000,3770.0000,1,1,1,2,1,1,1,1,1,3
SF,IF2007,2020-05-27 11:01:40.700,3766.2000,8027,1,1829267400.000,1,1,0,双开,S,3766.0000,3765.4000,3764.8000,3764.6000,3764.4000,3767.4000,3767.6000,3769.6000,3769.8000,3770.0000,1,1,2,1,1,1,1,1,1,3
SF,IF2007,2020-05-27 11:01:41.200,3766.2000,8027,0,1829267400.000,0,-,-,-,-,3766.6000,3766.4000,3765.4000,3764.8000,3764.6000,3767.6000,3769.6000,3769.8000,3770.0000,3770.2000,1,1,1,2,1,1,1,1,3,1
SF,IF2007,2020-05-27 11:01:41.700,3766.2000,8027,0,1829267400.000,0,-,-,-,-,3766.4000,3765.4000,3764.8000,3764.6000,3764.4000,3767.6000,3769.6000,3769.8000,3770.0000,3770.2000,1,1,2,1,1,1,1,1,3,1
SF,IF2007,2020-05-27 11:01:42.700,3766.2000,8027,0,1829267400.000,0,-,-,-,-,3766.4000,3765.4000,3764.8000,3764.6000,3764.4000,3767.4000,3767.6000,3769.6000,3769.8000,3770.0000,1,1,2,1,1,3,1,1,1,3
SF,IF2007,2020-05-27 11:01:43.200,3766.4000,8027,0,1830397320.000,1,0,1,多换,S,3765.4000,3764.8000,3764.6000,3764.4000,3764.2000,3767.4000,3767.6000,3769.6000,3769.8000,3770.0000,1,2,1,1,1,3,1,1,1,3
SF,IF2007,2020-05-27 11:01:43.700,3766.4000,8027,0,1830397320.000,0,-,-,-,-,3765.6000,3765.4000,3764.8000,3764.6000,3764.4000,3767.0000,3767.2000,3767.4000,3767.6000,3769.6000,1,1,2,1,1,1,1,1,1,1
SF,IF2007,2020-05-27 11:01:44.200,3766.4000,8027,0,1830397320.000,0,-,-,-,-,3766.2000,3765.8000,3765.6000,3765.4000,3764.8000,3767.0000,3767.2000,3767.4000,3767.6000,3769.6000,1,1,1,1,2,1,1,1,1,1
SF,IF2007,2020-05-27 11:01:44.700,3766.4000,8027,0,1830397320.000,0,-,-,-,-,3765.8000,3765.6000,3765.4000,3764.8000,3764.6000,3767.2000,3767.4000,3767.6000,3769.6000,3769.8000,1,1,1,2,1,1,1,1,1,1
SF,IF2007,2020-05-27 11:01:45.200,3766.4000,8027,0,1830397320.000,0,-,-,-,-,3766.2000,3766.0000,3765.8000,3765.4000,3764.8000,3767.4000,3767.6000,3769.6000,3769.8000,3770.0000,1,1,1,1,2,1,1,1,1,3
SF,IF2007,2020-05-27 11:01:45.700,3766.4000,8027,0,1830397320.000,0,-,-,-,-,3766.8000,3766.4000,3766.0000,3765.8000,3765.4000,3767.4000,3767.6000,3769.6000,3769.8000,3770.0000,1,1,1,1,1,1,1,1,1,3
SF,IF2007,2020-05-27 11:01:46.200,3767.4000,8027,0,1831527540.000,1,0,1,多换,S,3766.4000,3766.0000,3765.8000,3765.4000,3764.8000,3769.6000,3769.8000,3770.0000,3770.2000,3770.8000,1,1,1,1,2,1,1,3,1,1
SF,IF2007,2020-05-27 11:01:46.700,3767.4000,8027,0,1831527540.000,0,-,-,-,-,3767.0000,3766.6000,3766.4000,3766.0000,3765.8000,3768.0000,3768.2000,3769.0000,3769.4000,3769.6000,1,2,1,1,1,1,1,1,3,1
SF,IF2007,2020-05-27 11:01:47.200,3767.4000,8027,0,1831527540.000,0,-,-,-,-,3766.6000,3766.4000,3766.0000,3765.8000,3765.4000,3768.0000,3768.2000,3769.0000,3769.4000,3769.6000,2,1,1,1,1,1,1,1,3,1
SF,IF2007,2020-05-27 11:01:47.700,3767.4000,8027,0,1831527540.000,0,-,-,-,-,3766.0000,3765.8000,3765.4000,3764.6000,3764.4000,3767.8000,3768.0000,3769.0000,3769.4000,3769.6000,1,1,1,1,1,1,1,1,3,1
SF,IF2007,2020-05-27 11:01:48.200,3767.4000,8027,0,1831527540.000,0,-,-,-,-,3766.2000,3766.0000,3765.8000,3765.4000,3764.6000,3767.4000,3768.0000,3769.0000,3769.4000,3769.6000,1,1,1,1,1,1,1,1,3,1
SF,IF2007,2020-05-27 11:01:49.700,3767.4000,8027,0,1831527540.000,0,-,-,-,-,3766.2000,3766.0000,3765.8000,3765.4000,3764.6000,3767.4000,3768.0000,3769.0000,3769.4000,3769.6000,3,1,1,1,1,1,1,1,3,1
SF,IF2007,2020-05-27 11:01:50.200,3767.4000,8027,0,1831527540.000,0,-,-,-,-,3766.4000,3766.0000,3765.8000,3765.4000,3764.6000,3767.4000,3768.0000,3769.0000,3769.4000,3769.6000,1,1,1,1,1,1,1,1,3,1
SF,IF2007,2020-05-27 11:01:50.700,3767.4000,8027,0,1831527540.000,0,-,-,-,-,3766.8000,3766.6000,3766.0000,3765.8000,3765.4000,3767.4000,3768.0000,3769.0000,3769.4000,3769.6000,1,1,1,1,1,1,1,1,3,1
SF,IF2007,2020-05-27 11:01:51.200,3767.4000,8027,0,1831527540.000,0,-,-,-,-,3766.6000,3766.0000,3765.8000,3765.4000,3764.6000,3767.4000,3768.0000,3769.0000,3769.4000,3769.6000,1,1,1,1,1,1,1,1,3,1
SF,IF2007,2020-05-27 11:01:55.700,3767.4000,8027,0,1831527540.000,0,-,-,-,-,3765.8000,3765.4000,3764.6000,3764.4000,3763.8000,3767.4000,3768.0000,3769.0000,3769.4000,3769.6000,1,1,1,1,1,1,1,1,3,1
SF,IF2007,2020-05-27 11:01:56.200,3767.4000,8027,0,1831527540.000,0,-,-,-,-,3766.2000,3765.8000,3765.4000,3764.6000,3764.4000,3767.4000,3768.0000,3769.0000,3769.4000,3769.6000,1,1,1,1,1,1,1,1,3,1
SF,IF2007,2020-05-27 11:01:57.700,3767.4000,8027,0,1831527540.000,0,-,-,-,-,3766.2000,3765.8000,3765.4000,3764.6000,3764.4000,3767.2000,3767.4000,3768.0000,3769.0000,3769.4000,1,1,1,1,1,1,1,1,1,3
SF,IF2007,2020-05-27 11:02:00.700,3766.2000,8027,0,1832657400.000,1,0,1,多换,S,3765.8000,3765.4000,3764.6000,3764.4000,3763.8000,3767.2000,3767.4000,3768.0000,3769.0000,3769.4000,1,1,1,1,1,1,1,1,1,3
SF,IF2007,2020-05-27 11:02:01.200,3766.2000,8027,0,1832657400.000,0,-,-,-,-,3766.6000,3766.4000,3766.0000,3765.8000,3765.4000,3767.2000,3767.4000,3768.0000,3769.0000,3769.4000,1,1,4,1,1,1,1,1,1,3
SF,IF2007,2020-05-27 11:02:01.700,3766.2000,8027,0,1832657400.000,0,-,-,-,-,3766.4000,3766.0000,3765.8000,3765.4000,3764.6000,3767.2000,3767.4000,3768.0000,3769.0000,3769.4000,1,1,1,1,1,1,1,1,1,3
SF,IF2007,2020-05-27 11:02:02.200,3766.2000,8027,0,1832657400.000,0,-,-,-,-,3766.4000,3766.0000,3765.8000,3765.4000,3764.6000,3767.4000,3768.0000,3769.0000,3769.4000,3769.6000,1,1,1,1,1,1,1,1,3,1
SF,IF2007,2020-05-27 11:02:05.200,3766.2000,8027,0,1832657400.000,0,-,-,-,-,3766.4000,3766.0000,3765.8000,3765.4000,3764.6000,3767.4000,3768.0000,3769.0000,3769.4000,3769.6000,1,1,1,1,1,2,1,1,3,1
SF,IF2007,2020-05-27 11:02:06.200,3766.2000,8027,0,1832657400.000,0,-,-,-,-,3765.8000,3765.4000,3764.6000,3764.4000,3763.8000,3767.4000,3768.0000,3769.0000,3769.4000,3769.6000,1,1,1,1,1,2,1,1,3,1
SF,IF2007,2020-05-27 11:02:07.200,3766.2000,8027,0,1832657400.000,0,-,-,-,-,3765.8000,3765.4000,3764.6000,3764.4000,3763.8000,3767.0000,3767.4000,3768.0000,3769.0000,3769.4000,1,1,1,1,1,1,2,1,1,3
SF,IF2007,2020-05-27 11:02:07.700,3766.2000,8027,0,1832657400.000,0,-,-,-,-,3765.8000,3765.4000,3764.6000,3764.4000,3763.8000,3767.0000,3767.4000,3768.0000,3769.0000,3769.4000,1,1,1,1,1,1,1,1,1,3
SF,IF2007,2020-05-27 11:02:08.200,3766.2000,8027,0,1832657400.000,0,-,-,-,-,3766.4000,3766.0000,3765.8000,3765.4000,3764.6000,3767.4000,3768.0000,3769.0000,3769.4000,3769.6000,1,1,1,1,1,1,1,1,3,1
SF,IF2007,2020-05-27 11:02:08.700,3766.2000,8027,0,1832657400.000,0,-,-,-,-,3766.0000,3765.4000,3764.6000,3764.4000,3763.8000,3767.0000,3767.2000,3767.4000,3768.0000,3769.0000,1,1,1,1,1,1,1,1,1,1
SF,IF2007,2020-05-27 11:02:09.200,3766.2000,8027,0,1832657400.000,0,-,-,-,-,3765.4000,3764.6000,3764.4000,3763.8000,3763.0000,3767.0000,3767.2000,3767.4000,3768.0000,3769.0000,1,1,1,1,1,1,1,1,1,1
SF,IF2007,2020-05-27 11:02:09.700,3766.2000,8027,0,1832657400.000,0,-,-,-,-,3765.8000,3765.6000,3765.4000,3764.6000,3764.4000,3767.2000,3767.4000,3768.0000,3769.0000,3769.4000,1,1,1,1,1,1,1,1,1,3
SF,IF2007,2020-05-27 11:02:10.200,3766.2000,8027,0,1832657400.000,0,-,-,-,-,3765.8000,3765.4000,3764.6000,3764.4000,3763.8000,3767.2000,3767.4000,3768.0000,3769.0000,3769.4000,1,1,1,1,1,1,1,1,1,3
SF,IF2007,2020-05-27 11:02:10.700,3766.2000,8027,0,1832657400.000,0,-,-,-,-,3766.4000,3766.0000,3765.4000,3764.6000,3764.4000,3767.2000,3767.4000,3768.0000,3769.0000,3769.4000,1,1,1,1,1,1,1,1,1,3
SF,IF2007,2020-05-27 11:02:11.200,3766.2000,8027,0,1832657400.000,0,-,-,-,-,3766.0000,3765.4000,3764.6000,3764.4000,3763.8000,3767.2000,3767.4000,3768.0000,3769.0000,3769.4000,1,1,1,1,1,1,1,1,1,3
SF,IF2007,2020-05-27 11:02:13.700,3766.2000,8027,0,1832657400.000,0,-,-,-,-,3766.0000,3765.6000,3765.4000,3764.6000,3764.4000,3767.0000,3767.2000,3767.4000,3768.0000,3769.0000,1,1,1,1,1,1,1,1,1,1
SF,IF2007,2020-05-27 11:02:20.700,3766.0000,8027,0,1833787200.000,1,0,1,多换,S,3765.6000,3765.4000,3764.6000,3764.4000,3763.8000,3767.0000,3767.2000,3768.0000,3769.0000,3769.4000,1,1,1,1,1,1,1,1,1,3
SF,IF2007,2020-05-27 11:02:21.200,3766.0000,8027,0,1833787200.000,0,-,-,-,-,3766.4000,3766.0000,3765.8000,3765.4000,3764.6000,3767.2000,3768.0000,3769.0000,3769.4000,3769.6000,1,1,1,1,1,1,1,1,3,1
SF,IF2007,2020-05-27 11:02:21.700,3766.0000,8027,0,1833787200.000,0,-,-,-,-,3766.0000,3765.4000,3764.6000,3764.4000,3763.8000,3767.2000,3768.0000,3769.0000,3769.4000,3769.6000,1,1,1,1,1,1,1,1,3,1
SF,IF2007,2020-05-27 11:02:25.200,3766.0000,8027,0,1833787200.000,0,-,-,-,-,3766.0000,3765.4000,3764.6000,3764.4000,3763.8000,3767.2000,3768.0000,3769.0000,3769.4000,3769.6000,1,1,1,1,1,1,1,1,3,2
SF,IF2007,2020-05-27 11:02:27.200,3766.0000,8027,0,1833787200.000,0,-,-,-,-,3766.0000,3765.4000,3764.6000,3764.4000,3763.8000,3767.0000,3767.2000,3768.0000,3769.0000,3769.4000,1,1,1,1,1,1,1,1,1,3
SF,IF2007,2020-05-27 11:02:31.200,3767.0000,8027,0,1834917300.000,1,0,1,多换,S,3766.0000,3765.4000,3764.6000,3764.4000,3763.8000,3767.2000,3768.0000,3769.0000,3769.4000,3769.6000,1,1,1,1,1,1,1,1,3,2
SF,IF2007,2020-05-27 11:02:31.700,3767.0000,8027,0,1834917300.000,0,-,-,-,-,3766.2000,3766.0000,3765.4000,3764.6000,3764.4000,3767.2000,3768.0000,3769.0000,3769.4000,3769.6000,1,1,1,1,1,1,1,1,3,2
SF,IF2007,2020-05-27 11:02:32.200,3767.0000,8027,0,1834917300.000,0,-,-,-,-,3766.2000,3766.0000,3765.4000,3764.6000,3764.4000,3767.0000,3767.2000,3768.0000,3769.0000,3769.4000,1,1,1,1,1,1,1,1,1,3
SF,IF2007,2020-05-27 11:02:32.700,3767.0000,8027,0,1834917300.000,0,-,-,-,-,3766.2000,3766.0000,3765.4000,3764.6000,3764.4000,3767.0000,3767.2000,3768.0000,3769.0000,3769.4000,1,1,1,1,1,1,1,1,1,3
SF,IF2007,2020-05-27 11:02:33.700,3767.0000,8027,0,1834917300.000,0,-,-,-,-,3766.2000,3766.0000,3765.4000,3764.6000,3764.4000,3767.2000,3768.0000,3769.0000,3769.4000,3769.6000,1,1,1,1,1,1,1,1,3,2
SF,IF2007,2020-05-27 11:02:34.700,3767.0000,8027,0,1834917300.000,0,-,-,-,-,3766.2000,3766.0000,3765.4000,3764.6000,3764.4000,3767.0000,3767.2000,3768.0000,3769.0000,3769.4000,1,1,1,1,1,1,1,1,1,3
SF,IF2007,2020-05-27 11:02:35.700,3767.0000,8027,0,1834917300.000,0,-,-,-,-,3766.0000,3765.4000,3764.6000,3764.4000,3763.8000,3767.0000,3767.2000,3768.0000,3769.0000,3769.4000,1,1,1,1,1,1,1,1,1,3
SF,IF2007,2020-05-27 11:02:36.700,3767.0000,8027,0,1834917300.000,0,-,-,-,-,3766.0000,3765.4000,3764.6000,3764.4000,3763.8000,3766.8000,3767.0000,3768.0000,3769.0000,3769.4000,1,1,1,1,1,1,1,1,1,3
SF,IF2007,2020-05-27 11:02:37.200,3767.0000,8027,0,1834917300.000,0,-,-,-,-,3765.4000,3764.6000,3764.4000,3763.8000,3763.0000,3766.8000,3767.0000,3768.0000,3769.0000,3769.4000,1,1,1,1,1,1,1,1,1,3
SF,IF2007,2020-05-27 11:02:37.700,3767.0000,8027,0,1834917300.000,0,-,-,-,-,3766.0000,3765.6000,3765.4000,3764.6000,3764.4000,3766.8000,3767.0000,3768.0000,3769.0000,3769.4000,1,1,1,1,1,1,1,1,1,3
SF,IF2007,2020-05-27 11:02:38.200,3767.0000,8027,0,1834917300.000,0,-,-,-,-,3765.6000,3765.4000,3764.6000,3764.4000,3763.8000,3766.8000,3767.0000,3768.0000,3769.0000,3769.4000,1,1,1,1,1,1,1,1,1,3
SF,IF2007,2020-05-27 11:02:39.200,3767.0000,8027,0,1834917300.000,0,-,-,-,-,3765.6000,3765.4000,3764.6000,3763.8000,3763.0000,3766.6000,3766.8000,3767.0000,3768.0000,3769.0000,1,1,1,1,1,1,1,1,1,1
SF,IF2007,2020-05-27 11:02:40.700,3765.6000,8027,0,1836046980.000,1,0,1,多换,S,3765.4000,3764.6000,3763.8000,3763.0000,3762.4000,3766.6000,3766.8000,3767.0000,3768.0000,3769.0000,1,1,1,1,1,1,1,1,1,1
SF,IF2007,2020-05-27 11:02:41.200,3765.6000,8027,0,1836046980.000,0,-,-,-,-,3765.6000,3765.4000,3764.6000,3763.8000,3763.0000,3766.8000,3767.0000,3768.0000,3769.0000,3769.4000,1,1,1,1,1,1,1,1,1,3
SF,IF2007,2020-05-27 11:02:45.200,3765.6000,8027,0,1836046980.000,0,-,-,-,-,3765.4000,3764.6000,3763.8000,3763.0000,3762.4000,3766.8000,3767.0000,3768.0000,3769.0000,3769.4000,1,1,1,1,1,1,1,1,1,3
SF,IF2007,2020-05-27 11:02:45.700,3765.6000,8027,0,1836046980.000,0,-,-,-,-,3766.0000,3765.6000,3765.4000,3764.6000,3763.8000,3766.8000,3767.0000,3768.0000,3769.0000,3769.4000,1,1,1,1,1,1,1,1,1,3
SF,IF2007,2020-05-27 11:02:46.200,3765.6000,8027,0,1836046980.000,0,-,-,-,-,3765.6000,3765.4000,3764.6000,3763.8000,3763.0000,3766.8000,3767.0000,3768.0000,3769.0000,3769.4000,1,1,1,1,1,1,1,1,1,3
SF,IF2007,2020-05-27 11:02:47.700,3765.6000,8027,0,1836046980.000,0,-,-,-,-,3765.8000,3765.6000,3765.4000,3764.6000,3763.8000,3766.8000,3768.0000,3769.0000,3769.4000,3769.6000,1,1,1,1,1,1,1,1,3,2
SF,IF2007,2020-05-27 11:02:54.700,3766.8000,8027,0,1837177020.000,1,0,1,多换,S,3765.8000,3765.6000,3765.4000,3764.6000,3763.8000,3768.0000,3769.0000,3769.4000,3769.6000,3769.8000,1,1,1,1,1,1,1,3,2,1
SF,IF2007,2020-05-27 11:02:55.200,3766.8000,8027,0,1837177020.000,0,-,-,-,-,3765.6000,3765.4000,3764.6000,3763.8000,3763.0000,3767.2000,3767.6000,3767.8000,3768.0000,3769.0000,1,1,1,1,1,1,1,1,1,1
SF,IF2007,2020-05-27 11:02:55.700,3766.8000,8027,0,1837177020.000,0,-,-,-,-,3765.4000,3764.6000,3763.8000,3763.0000,3762.4000,3767.2000,3767.6000,3767.8000,3768.0000,3769.0000,1,1,1,1,1,1,1,1,1,1
SF,IF2007,2020-05-27 11:02:56.200,3766.8000,8027,0,1837177020.000,0,-,-,-,-,3765.6000,3765.4000,3764.6000,3763.8000,3763.0000,3767.2000,3767.6000,3767.8000,3768.0000,3769.0000,3,1,1,1,1,1,1,1,1,1
SF,IF2007,2020-05-27 11:02:57.700,3766.8000,8027,0,1837177020.000,0,-,-,-,-,3765.6000,3765.4000,3764.6000,3763.8000,3763.0000,3767.2000,3767.6000,3767.8000,3768.0000,3769.0000,3,1,1,1,1,1,1,1,1,1
SF,IF2007,2020-05-27 11:02:59.200,3767.2000,8028,1,1838307180.000,1,1,0,双开,S,3765.6000,3765.4000,3764.6000,3763.8000,3763.0000,3767.6000,3767.8000,3768.0000,3769.0000,3769.6000,3,1,1,1,1,1,1,1,1,2
SF,IF2007,2020-05-27 11:02:59.700,3767.2000,8028,0,1838307180.000,0,-,-,-,-,3766.0000,3765.6000,3765.4000,3764.6000,3763.8000,3767.6000,3768.0000,3769.0000,3769.6000,3769.8000,1,2,1,1,1,1,1,1,2,1
SF,IF2007,2020-05-27 11:03:01.700,3766.0000,8029,1,1839436980.000,1,1,0,双开,S,3765.6000,3765.4000,3764.6000,3763.8000,3763.0000,3767.4000,3767.6000,3768.0000,3769.0000,3769.6000,2,1,1,1,1,1,1,1,1,2
SF,IF2007,2020-05-27 11:03:02.200,3766.0000,8029,0,1839436980.000,0,-,-,-,-,3765.8000,3765.6000,3765.4000,3764.6000,3763.8000,3767.4000,3767.6000,3768.0000,3769.0000,3769.6000,1,2,1,1,1,1,1,1,1,2
SF,IF2007,2020-05-27 11:03:02.700,3766.0000,8029,0,1839436980.000,0,-,-,-,-,3765.8000,3765.6000,3765.4000,3764.6000,3763.8000,3767.4000,3767.6000,3768.0000,3769.0000,3769.6000,1,1,1,1,1,1,1,1,1,2
SF,IF2007,2020-05-27 11:03:03.200,3766.0000,8029,0,1839436980.000,0,-,-,-,-,3765.8000,3765.6000,3765.4000,3764.6000,3763.8000,3767.2000,3767.4000,3767.6000,3768.0000,3769.0000,1,1,1,1,1,1,1,1,1,1
SF,IF2007,2020-05-27 11:03:05.700,3766.0000,8029,0,1839436980.000,0,-,-,-,-,3765.8000,3765.6000,3765.4000,3764.6000,3763.8000,3767.0000,3767.2000,3767.6000,3768.0000,3769.0000,1,1,1,1,1,1,1,1,1,1
SF,IF2007,2020-05-27 11:03:06.700,3767.0000,8030,1,1840567080.000,1,1,0,双开,S,3767.0000,3765.8000,3765.6000,3765.4000,3764.6000,3767.2000,3767.6000,3768.0000,3769.0000,3769.6000,4,1,1,1,1,1,1,1,1,2
SF,IF2007,2020-05-27 11:03:07.200,3767.0000,8034,4,1845087480.000,4,4,0,双开,S,3765.6000,3765.4000,3764.6000,3763.8000,3763.0000,3767.0000,3767.2000,3768.0000,3769.6000,3769.8000,1,1,1,1,1,1,1,1,2,1
SF,IF2007,2020-05-27 11:03:07.700,3767.0000,8034,0,1845087480.000,0,-,-,-,-,3765.8000,3765.6000,3765.4000,3764.6000,3763.8000,3767.0000,3768.0000,3769.6000,3769.8000,3770.0000,1,1,1,1,1,1,1,2,1,3
SF,IF2007,2020-05-27 11:03:11.200,3767.0000,8034,0,1845087480.000,0,-,-,-,-,3766.0000,3765.8000,3765.6000,3765.4000,3764.6000,3768.0000,3769.6000,3769.8000,3770.0000,3771.0000,5,1,1,1,1,1,2,1,3,1
SF,IF2007,2020-05-27 11:03:11.700,3767.0000,8034,0,1845087480.000,0,-,-,-,-,3766.2000,3766.0000,3765.6000,3765.4000,3764.6000,3767.6000,3767.8000,3768.0000,3769.6000,3769.8000,1,5,1,1,1,3,3,1,2,1
SF,IF2007,2020-05-27 11:03:12.200,3767.0000,8034,0,1845087480.000,0,-,-,-,-,3766.2000,3766.0000,3765.4000,3764.6000,3763.8000,3767.4000,3767.6000,3767.8000,3768.0000,3769.6000,1,5,1,1,1,2,3,2,1,2
SF,IF2007,2020-05-27 11:03:12.700,3767.0000,8034,0,1845087480.000,0,-,-,-,-,3766.2000,3766.0000,3765.4000,3764.6000,3763.8000,3767.2000,3767.4000,3767.6000,3767.8000,3768.0000,1,5,1,1,1,1,3,2,2,1
SF,IF2007,2020-05-27 11:03:13.700,3767.0000,8034,0,1845087480.000,0,-,-,-,-,3766.2000,3766.0000,3765.4000,3764.6000,3763.8000,3767.2000,3767.4000,3767.6000,3767.8000,3768.0000,1,5,1,1,1,1,2,2,2,1
SF,IF2007,2020-05-27 11:03:14.200,3767.0000,8034,0,1845087480.000,0,-,-,-,-,3766.2000,3766.0000,3765.4000,3764.6000,3763.8000,3767.0000,3767.2000,3767.4000,3767.6000,3767.8000,1,5,1,1,1,1,1,2,2,2
SF,IF2007,2020-05-27 11:03:14.700,3767.0000,8034,0,1845087480.000,0,-,-,-,-,3766.2000,3766.0000,3765.4000,3764.6000,3763.8000,3767.0000,3767.4000,3767.6000,3767.8000,3768.0000,1,5,1,1,1,1,2,2,2,1
SF,IF2007,2020-05-27 11:03:15.200,3767.0000,8034,0,1845087480.000,0,-,-,-,-,3766.2000,3766.0000,3765.4000,3764.6000,3763.8000,3767.0000,3767.4000,3767.6000,3767.8000,3768.0000,1,5,1,1,1,1,2,2,2,1
SF,IF2007,2020-05-27 11:03:16.200,3767.0000,8034,0,1845087480.000,0,-,-,-,-,3766.2000,3766.0000,3765.4000,3764.6000,3763.8000,3767.0000,3767.4000,3767.6000,3767.8000,3768.0000,1,5,1,1,1,1,1,2,2,1
SF,IF2007,2020-05-27 11:03:17.200,3767.0000,8034,0,1845087480.000,0,-,-,-,-,3766.2000,3766.0000,3765.4000,3764.6000,3763.8000,3767.0000,3767.6000,3767.8000,3768.0000,3769.6000,1,5,1,1,1,1,2,2,1,2
SF,IF2007,2020-05-27 11:03:18.700,3767.0000,8034,0,1845087480.000,0,-,-,-,-,3766.2000,3766.0000,3765.4000,3764.6000,3763.8000,3767.6000,3767.8000,3768.0000,3769.6000,3769.8000,1,5,1,1,1,2,2,1,2,1
SF,IF2007,2020-05-27 11:03:19.200,3767.0000,8034,0,1845087480.000,0,-,-,-,-,3766.2000,3766.0000,3765.4000,3764.6000,3763.8000,3767.4000,3767.6000,3767.8000,3768.0000,3769.6000,1,5,1,1,1,1,2,2,1,2
SF,IF2007,2020-05-27 11:03:19.700,3767.0000,8034,0,1845087480.000,0,-,-,-,-,3766.2000,3766.0000,3765.4000,3764.6000,3763.8000,3767.2000,3767.6000,3767.8000,3768.0000,3769.6000,1,5,1,1,1,1,2,2,1,2
SF,IF2007,2020-05-27 11:03:21.200,3766.2000,8035,1,1846217340.000,1,1,0,双开,S,3766.0000,3765.4000,3764.6000,3763.8000,3763.0000,3767.2000,3767.6000,3767.8000,3768.0000,3769.6000,5,1,1,1,1,1,2,2,1,2
SF,IF2007,2020-05-27 11:03:23.200,3766.2000,8035,0,1846217340.000,0,-,-,-,-,3766.0000,3765.4000,3764.6000,3763.8000,3763.0000,3767.0000,3767.2000,3767.6000,3767.8000,3768.0000,5,1,1,1,1,1,1,2,2,1
SF,IF2007,2020-05-27 11:03:33.200,3766.0000,8036,1,1847347140.000,1,1,0,双开,S,3766.0000,3765.4000,3764.6000,3763.8000,3763.0000,3767.0000,3767.2000,3767.6000,3767.8000,3768.0000,4,1,1,1,1,1,1,2,2,1
SF,IF2007,2020-05-27 11:03:33.700,3766.0000,8036,0,1847347140.000,0,-,-,-,-,3766.0000,3765.4000,3764.6000,3763.8000,3763.0000,3766.8000,3767.0000,3767.2000,3767.6000,3767.8000,4,1,1,1,1,1,1,1,2,2
SF,IF2007,2020-05-27 11:03:34.200,3766.0000,8036,0,1847347140.000,0,-,-,-,-,3766.0000,3765.4000,3764.6000,3763.8000,3763.0000,3767.0000,3767.2000,3767.6000,3767.8000,3768.0000,4,1,1,1,1,1,1,2,2,1
SF,IF2007,2020-05-27 11:03:35.700,3766.0000,8036,0,1847347140.000,0,-,-,-,-,3766.0000,3765.4000,3764.6000,3763.8000,3763.0000,3766.8000,3767.0000,3767.2000,3767.6000,3767.8000,4,1,1,1,1,1,1,1,2,2
SF,IF2007,2020-05-27 11:03:36.700,3766.0000,8036,0,1847347140.000,0,-,-,-,-,3766.0000,3765.4000,3764.6000,3763.8000,3763.0000,3767.0000,3767.2000,3767.6000,3767.8000,3768.0000,4,1,1,1,1,1,1,2,2,1
SF,IF2007,2020-05-27 11:03:37.200,3766.0000,8036,0,1847347140.000,0,-,-,-,-,3766.0000,3765.4000,3764.6000,3763.8000,3763.0000,3766.8000,3767.0000,3767.2000,3767.6000,3767.8000,4,1,1,1,1,1,1,1,2,2
SF,IF2007,2020-05-27 11:03:37.700,3766.0000,8036,0,1847347140.000,0,-,-,-,-,3766.0000,3765.4000,3764.6000,3763.8000,3763.0000,3766.8000,3767.0000,3767.6000,3767.8000,3768.0000,4,1,1,1,1,1,1,2,2,1
SF,IF2007,2020-05-27 11:03:38.700,3766.0000,8039,3,1850736540.000,3,3,0,双开,S,3766.0000,3765.4000,3764.6000,3763.8000,3763.0000,3766.8000,3767.0000,3767.8000,3768.0000,3769.6000,1,1,1,1,1,1,1,2,1,2
SF,IF2007,2020-05-27 11:03:40.200,3766.0000,8040,1,1851866340.000,1,1,0,双开,S,3765.4000,3764.6000,3763.8000,3763.0000,3762.0000,3766.8000,3767.8000,3768.0000,3769.6000,3769.8000,1,1,1,1,1,1,2,1,2,2
SF,IF2007,2020-05-27 11:03:40.700,3765.4000,8040,0,1852995960.000,1,0,1,多换,S,3763.8000,3763.0000,3762.0000,3761.6000,3761.2000,3766.8000,3767.8000,3768.0000,3769.6000,3769.8000,1,1,1,1,2,1,2,1,2,2
SF,IF2007,2020-05-27 11:03:41.200,3765.4000,8040,0,1852995960.000,0,-,-,-,-,3765.2000,3764.4000,3764.2000,3764.0000,3763.8000,3766.6000,3766.8000,3767.8000,3768.0000,3769.6000,1,1,1,5,1,1,1,2,1,2
SF,IF2007,2020-05-27 11:03:45.700,3765.4000,8040,0,1852995960.000,0,-,-,-,-,3765.6000,3765.4000,3764.4000,3764.2000,3764.0000,3766.6000,3767.8000,3768.0000,3769.6000,3769.8000,1,1,1,1,5,1,2,1,2,2
SF,IF2007,2020-05-27 11:03:46.200,3765.4000,8040,0,1852995960.000,0,-,-,-,-,3765.6000,3765.4000,3764.4000,3764.2000,3764.0000,3767.8000,3768.0000,3769.6000,3769.8000,3770.0000,1,1,1,1,5,2,1,2,2,2
SF,IF2007,2020-05-27 11:03:46.700,3765.4000,8040,0,1852995960.000,0,-,-,-,-,3765.6000,3765.4000,3764.4000,3764.2000,3764.0000,3767.0000,3767.2000,3767.6000,3767.8000,3768.0000,1,1,1,1,5,1,2,2,2,1
SF,IF2007,2020-05-27 11:03:47.700,3765.4000,8040,0,1852995960.000,0,-,-,-,-,3766.0000,3765.4000,3764.4000,3764.2000,3764.0000,3767.0000,3767.2000,3767.6000,3767.8000,3768.0000,1,1,1,1,5,1,2,2,2,1
SF,IF2007,2020-05-27 11:03:48.200,3765.4000,8040,0,1852995960.000,0,-,-,-,-,3766.0000,3765.4000,3764.4000,3764.2000,3764.0000,3767.0000,3767.2000,3767.6000,3767.8000,3768.0000,1,1,1,1,4,1,2,2,2,1
SF,IF2007,2020-05-27 11:03:51.700,3765.4000,8040,0,1852995960.000,0,-,-,-,-,3765.4000,3764.4000,3764.2000,3764.0000,3763.8000,3767.0000,3767.2000,3767.6000,3767.8000,3768.0000,1,1,1,4,1,1,2,2,2,1
SF,IF2007,2020-05-27 11:03:52.200,3765.4000,8040,0,1852995960.000,0,-,-,-,-,3765.6000,3765.4000,3764.4000,3764.2000,3764.0000,3767.0000,3767.2000,3767.6000,3767.8000,3768.0000,1,1,1,1,4,1,2,2,2,1
SF,IF2007,2020-05-27 11:03:53.200,3765.4000,8040,0,1852995960.000,0,-,-,-,-,3765.6000,3765.4000,3764.4000,3764.2000,3764.0000,3766.8000,3767.0000,3767.2000,3767.6000,3767.8000,1,1,1,1,4,1,1,1,2,2
SF,IF2007,2020-05-27 11:03:54.200,3765.4000,8040,0,1852995960.000,0,-,-,-,-,3765.6000,3764.4000,3764.2000,3764.0000,3763.8000,3766.8000,3767.0000,3767.2000,3767.6000,3767.8000,1,1,1,4,1,1,1,1,2,2
SF,IF2007,2020-05-27 11:04:00.700,3765.4000,8040,0,1852995960.000,0,-,-,-,-,3765.6000,3765.2000,3764.4000,3764.2000,3764.0000,3766.8000,3767.0000,3767.2000,3767.6000,3767.8000,1,1,1,1,4,1,1,1,2,2
SF,IF2007,2020-05-27 11:04:01.200,3765.4000,8041,1,1854125580.000,1,1,0,双开,S,3765.6000,3765.2000,3764.4000,3764.2000,3764.0000,3766.8000,3767.0000,3767.2000,3767.6000,3767.8000,1,1,1,1,4,1,1,1,2,2
SF,IF2007,2020-05-27 11:04:03.700,3765.4000,8041,0,1854125580.000,0,-,-,-,-,3765.6000,3765.2000,3764.4000,3764.2000,3764.0000,3766.6000,3766.8000,3767.0000,3767.2000,3767.6000,1,1,1,1,4,1,1,1,1,2
SF,IF2007,2020-05-27 11:04:04.200,3765.4000,8041,0,1854125580.000,0,-,-,-,-,3765.6000,3765.2000,3764.4000,3764.2000,3764.0000,3766.6000,3766.8000,3767.0000,3767.2000,3767.6000,1,1,1,1,4,1,1,1,1,1
SF,IF2007,2020-05-27 11:04:08.200,3765.4000,8041,0,1854125580.000,0,-,-,-,-,3765.2000,3764.4000,3764.2000,3764.0000,3763.8000,3766.6000,3766.8000,3767.0000,3767.2000,3767.6000,1,1,1,4,1,1,1,1,1,1
SF,IF2007,2020-05-27 11:04:09.200,3765.4000,8041,0,1854125580.000,0,-,-,-,-,3765.2000,3764.4000,3764.2000,3764.0000,3763.8000,3766.4000,3766.6000,3766.8000,3767.0000,3767.2000,1,1,1,4,1,1,1,1,1,1
SF,IF2007,2020-05-27 11:04:09.700,3765.4000,8041,0,1854125580.000,0,-,-,-,-,3765.2000,3764.4000,3764.2000,3764.0000,3763.8000,3766.4000,3766.6000,3767.0000,3767.2000,3767.6000,1,1,1,4,1,1,1,1,1,1
SF,IF2007,2020-05-27 11:04:10.200,3765.4000,8041,0,1854125580.000,0,-,-,-,-,3764.4000,3764.2000,3764.0000,3763.8000,3763.0000,3766.4000,3766.6000,3767.0000,3767.2000,3767.6000,1,1,4,1,1,1,1,1,1,1
SF,IF2007,2020-05-27 11:04:10.700,3765.4000,8041,0,1854125580.000,0,-,-,-,-,3765.0000,3764.4000,3764.2000,3764.0000,3763.8000,3766.4000,3766.6000,3767.0000,3767.2000,3767.6000,1,1,1,4,1,1,1,1,1,1
SF,IF2007,2020-05-27 11:04:13.700,3765.4000,8041,0,1854125580.000,0,-,-,-,-,3765.0000,3764.4000,3764.2000,3764.0000,3763.8000,3766.2000,3766.4000,3766.6000,3767.0000,3767.2000,1,1,1,4,1,2,1,1,1,1
SF,IF2007,2020-05-27 11:04:14.700,3765.4000,8041,0,1854125580.000,0,-,-,-,-,3765.0000,3764.4000,3764.2000,3764.0000,3763.8000,3766.0000,3766.2000,3766.4000,3766.6000,3767.0000,1,1,1,4,1,1,2,1,1,1
SF,IF2007,2020-05-27 11:04:15.200,3765.4000,8041,0,1854125580.000,0,-,-,-,-,3764.4000,3764.2000,3764.0000,3763.8000,3763.0000,3765.8000,3766.0000,3766.2000,3766.4000,3766.6000,1,1,4,1,1,1,1,1,1,1
SF,IF2007,2020-05-27 11:04:15.700,3765.4000,8041,0,1854125580.000,0,-,-,-,-,3764.4000,3764.2000,3764.0000,3763.8000,3763.0000,3765.8000,3766.0000,3766.2000,3766.4000,3766.6000,1,1,2,1,1,1,1,1,1,1
SF,IF2007,2020-05-27 11:04:16.200,3765.4000,8041,0,1854125580.000,0,-,-,-,-,3764.4000,3764.2000,3764.0000,3763.8000,3763.0000,3765.8000,3766.0000,3766.2000,3766.4000,3766.6000,1,1,1,1,1,1,1,1,1,1
SF,IF2007,2020-05-27 11:04:16.700,3765.4000,8041,0,1854125580.000,0,-,-,-,-,3763.8000,3763.0000,3762.0000,3761.6000,3761.2000,3765.8000,3766.0000,3766.2000,3766.4000,3766.6000,1,1,1,1,2,1,1,1,1,1
SF,IF2007,2020-05-27 11:04:17.200,3765.4000,8041,0,1854125580.000,0,-,-,-,-,3764.2000,3763.8000,3763.0000,3762.0000,3761.6000,3765.8000,3766.2000,3766.4000,3767.0000,3767.2000,2,1,1,1,1,1,1,1,1,1
SF,IF2007,2020-05-27 11:04:17.700,3765.4000,8041,0,1854125580.000,0,-,-,-,-,3764.6000,3764.2000,3763.8000,3763.0000,3762.0000,3765.8000,3766.2000,3766.4000,3767.0000,3767.2000,1,2,1,1,1,1,1,1,1,1
SF,IF2007,2020-05-27 11:04:18.200,3765.4000,8041,0,1854125580.000,0,-,-,-,-,3764.6000,3764.2000,3763.8000,3763.0000,3762.0000,3765.8000,3766.2000,3766.4000,3767.0000,3767.2000,1,1,1,1,1,1,1,1,1,1
SF,IF2007,2020-05-27 11:04:18.700,3765.4000,8041,0,1854125580.000,0,-,-,-,-,3764.6000,3763.8000,3763.0000,3762.0000,3761.6000,3765.8000,3766.2000,3766.4000,3767.0000,3767.2000,1,1,1,1,1,1,1,1,1,1
SF,IF2007,2020-05-27 11:04:19.700,3765.4000,8041,0,1854125580.000,0,-,-,-,-,3763.8000,3763.0000,3762.0000,3761.6000,3761.2000,3765.8000,3766.2000,3766.4000,3767.0000,3767.2000,1,1,1,1,2,1,1,1,1,1
SF,IF2007,2020-05-27 11:04:20.200,3765.4000,8041,0,1854125580.000,0,-,-,-,-,3764.2000,3764.0000,3763.8000,3763.0000,3762.0000,3765.8000,3766.2000,3766.4000,3767.0000,3767.2000,2,1,1,1,1,1,1,1,1,1
SF,IF2007,2020-05-27 11:04:20.700,3765.4000,8041,0,1854125580.000,0,-,-,-,-,3764.2000,3764.0000,3763.8000,3763.0000,3762.0000,3765.8000,3766.2000,3766.4000,3767.0000,3767.2000,2,1,1,1,1,1,1,1,1,1
SF,IF2007,2020-05-27 11:04:21.200,3765.4000,8041,0,1854125580.000,0,-,-,-,-,3764.6000,3764.0000,3763.8000,3763.0000,3762.0000,3765.8000,3766.2000,3766.4000,3767.0000,3767.2000,2,1,1,1,1,1,1,1,1,1
SF,IF2007,2020-05-27 11:04:21.700,3764.8000,8042,1,1855255020.000,1,1,0,双开,S,3764.8000,3764.6000,3764.4000,3764.0000,3763.8000,3765.8000,3766.2000,3767.0000,3767.2000,3767.6000,1,1,1,1,1,1,1,1,1,1
SF,IF2007,2020-05-27 11:04:22.200,3764.8000,8042,0,1855255020.000,0,-,-,-,-,3765.0000,3764.8000,3764.6000,3764.4000,3764.0000,3766.2000,3767.0000,3767.2000,3767.6000,3767.8000,1,1,1,1,1,1,1,1,1,2
SF,IF2007,2020-05-27 11:04:22.700,3764.8000,8042,0,1855255020.000,0,-,-,-,-,3764.6000,3764.0000,3763.8000,3763.0000,3762.0000,3766.2000,3767.0000,3767.2000,3767.6000,3767.8000,1,1,1,1,1,1,1,1,1,2
SF,IF2007,2020-05-27 11:04:23.200,3764.8000,8042,0,1855255020.000,0,-,-,-,-,3764.6000,3764.0000,3763.8000,3763.0000,3762.0000,3766.0000,3766.2000,3767.0000,3767.2000,3767.6000,1,1,1,1,1,1,1,1,1,1
SF,IF2007,2020-05-27 11:04:25.200,3764.8000,8042,0,1855255020.000,0,-,-,-,-,3764.8000,3764.6000,3764.0000,3763.8000,3763.0000,3766.0000,3766.2000,3767.0000,3767.2000,3767.6000,1,1,1,1,1,1,1,1,1,1
SF,IF2007,2020-05-27 11:04:26.700,3764.8000,8042,0,1855255020.000,0,-,-,-,-,3765.0000,3764.6000,3764.0000,3763.8000,3763.0000,3766.0000,3766.2000,3767.0000,3767.2000,3767.6000,1,1,1,1,1,1,1,1,1,1
SF,IF2007,2020-05-27 11:04:37.700,3764.8000,8042,0,1855255020.000,0,-,-,-,-,3765.0000,3764.6000,3764.0000,3763.8000,3763.0000,3765.8000,3766.0000,3766.2000,3767.0000,3767.2000,1,1,1,1,1,1,1,1,1,1
SF,IF2007,2020-05-27 11:04:39.200,3764.8000,8042,0,1855255020.000,0,-,-,-,-,3764.6000,3764.0000,3763.8000,3763.0000,3762.0000,3765.8000,3766.0000,3766.2000,3767.0000,3767.2000,1,1,1,1,1,1,1,1,1,1
SF,IF2007,2020-05-27 11:04:41.200,3764.6000,8043,1,1856384400.000,1,1,0,双开,S,3764.0000,3763.8000,3763.0000,3762.0000,3761.6000,3765.8000,3766.0000,3766.2000,3767.0000,3767.2000,1,1,1,1,1,1,1,1,1,1
SF,IF2007,2020-05-27 11:04:41.700,3764.6000,8043,0,1856384400.000,0,-,-,-,-,3764.0000,3763.8000,3763.0000,3762.0000,3761.6000,3765.6000,3765.8000,3766.2000,3767.0000,3767.2000,1,1,1,1,1,1,1,1,1,1
SF,IF2007,2020-05-27 11:04:42.200,3764.6000,8043,0,1856384400.000,0,-,-,-,-,3764.4000,3764.2000,3764.0000,3763.8000,3763.0000,3765.6000,3765.8000,3766.2000,3767.0000,3767.2000,1,2,1,1,1,1,1,1,1,1
SF,IF2007,2020-05-27 11:04:42.700,3764.6000,8043,0,1856384400.000,0,-,-,-,-,3764.6000,3764.2000,3764.0000,3763.8000,3763.0000,3765.6000,3765.8000,3766.2000,3767.0000,3767.2000,1,2,1,1,1,1,1,1,1,1
SF,IF2007,2020-05-27 11:04:43.200,3764.6000,8043,0,1856384400.000,0,-,-,-,-,3764.6000,3764.2000,3764.0000,3763.8000,3763.0000,3765.6000,3766.2000,3767.0000,3767.2000,3767.6000,1,2,1,1,1,1,1,1,1,1
SF,IF2007,2020-05-27 11:04:43.700,3764.6000,8043,0,1856384400.000,0,-,-,-,-,3764.6000,3764.2000,3764.0000,3763.8000,3763.4000,3765.6000,3766.2000,3767.0000,3767.2000,3767.6000,1,2,1,1,1,1,1,1,1,1
SF,IF2007,2020-05-27 11:04:44.200,3764.6000,8043,0,1856384400.000,0,-,-,-,-,3764.6000,3764.0000,3763.8000,3763.4000,3763.0000,3765.6000,3766.2000,3767.0000,3767.2000,3767.6000,1,1,1,1,1,1,1,1,1,1
SF,IF2007,2020-05-27 11:04:44.700,3764.6000,8043,0,1856384400.000,0,-,-,-,-,3764.8000,3764.6000,3764.0000,3763.8000,3763.4000,3765.6000,3766.2000,3767.0000,3767.2000,3767.6000,1,1,1,1,1,1,1,1,1,1
SF,IF2007,2020-05-27 11:04:45.200,3764.6000,8043,0,1856384400.000,0,-,-,-,-,3764.6000,3764.0000,3763.8000,3763.4000,3763.0000,3765.6000,3766.2000,3767.0000,3767.2000,3767.6000,1,1,1,1,1,1,1,1,1,1
SF,IF2007,2020-05-27 11:04:46.700,3764.6000,8043,0,1856384400.000,0,-,-,-,-,3764.6000,3764.0000,3763.8000,3763.4000,3763.0000,3766.2000,3767.0000,3767.2000,3767.6000,3767.8000,1,1,1,1,1,1,1,1,1,2
SF,IF2007,2020-05-27 11:04:47.200,3764.6000,8043,0,1856384400.000,0,-,-,-,-,3765.0000,3764.0000,3763.8000,3763.4000,3763.0000,3766.0000,3766.2000,3767.0000,3767.2000,3767.6000,1,1,1,1,1,1,1,1,1,1
SF,IF2007,2020-05-27 11:04:48.200,3764.6000,8043,0,1856384400.000,0,-,-,-,-,3765.0000,3764.0000,3763.8000,3763.4000,3763.0000,3766.0000,3767.0000,3767.2000,3767.6000,3767.8000,1,1,1,1,1,1,1,1,1,2
SF,IF2007,2020-05-27 11:04:48.700,3764.6000,8043,0,1856384400.000,0,-,-,-,-,3765.0000,3764.0000,3763.8000,3763.4000,3763.0000,3767.0000,3767.2000,3767.6000,3767.8000,3768.0000,1,1,1,1,1,1,1,1,2,1
SF,IF2007,2020-05-27 11:04:49.200,3764.6000,8043,0,1856384400.000,0,-,-,-,-,3765.2000,3763.8000,3763.4000,3763.0000,3762.0000,3766.4000,3767.0000,3767.2000,3767.6000,3767.8000,1,1,1,1,1,1,1,1,1,2
SF,IF2007,2020-05-27 11:04:49.700,3764.6000,8043,0,1856384400.000,0,-,-,-,-,3765.4000,3763.8000,3763.4000,3763.0000,3762.0000,3766.4000,3767.0000,3767.2000,3767.6000,3767.8000,1,1,1,1,1,1,1,1,1,2
SF,IF2007,2020-05-27 11:04:57.200,3764.6000,8043,0,1856384400.000,0,-,-,-,-,3765.6000,3765.4000,3763.8000,3763.4000,3763.0000,3766.4000,3767.0000,3767.2000,3767.6000,3767.8000,1,1,1,1,1,1,1,1,1,2
SF,IF2007,2020-05-27 11:04:57.700,3764.6000,8043,0,1856384400.000,0,-,-,-,-,3765.6000,3763.8000,3763.4000,3763.0000,3762.0000,3766.4000,3767.0000,3767.2000,3767.6000,3767.8000,1,1,1,1,1,1,1,1,1,2
SF,IF2007,2020-05-27 11:04:59.200,3764.6000,8043,0,1856384400.000,0,-,-,-,-,3765.6000,3763.8000,3763.4000,3763.0000,3762.0000,3768.0000,3769.6000,3769.8000,3770.0000,3771.0000,1,1,1,1,1,1,1,2,2,1
SF,IF2007,2020-05-27 11:04:59.700,3764.6000,8043,0,1856384400.000,0,-,-,-,-,3765.8000,3765.6000,3763.8000,3763.4000,3763.0000,3767.0000,3767.8000,3768.0000,3769.6000,3769.8000,2,1,1,1,1,1,1,1,1,2
SF,IF2007,2020-05-27 11:05:00.200,3764.6000,8043,0,1856384400.000,0,-,-,-,-,3766.0000,3765.8000,3765.6000,3763.8000,3763.4000,3767.0000,3767.8000,3768.0000,3769.6000,3769.8000,1,1,1,1,1,1,1,1,1,2
SF,IF2007,2020-05-27 11:05:01.200,3764.6000,8044,1,1857513780.000,1,1,0,双开,S,3765.8000,3765.6000,3763.8000,3763.4000,3763.0000,3767.0000,3767.8000,3768.0000,3769.6000,3769.8000,1,1,1,1,1,1,1,1,1,2
SF,IF2007,2020-05-27 11:05:01.700,3764.6000,8044,0,1857513780.000,0,-,-,-,-,3765.8000,3765.6000,3763.8000,3763.4000,3763.0000,3767.0000,3768.0000,3769.6000,3769.8000,3770.0000,1,1,1,1,1,1,1,1,2,2
SF,IF2007,2020-05-27 11:05:02.200,3764.6000,8044,0,1857513780.000,0,-,-,-,-,3765.8000,3765.6000,3763.8000,3763.4000,3763.0000,3766.8000,3767.0000,3768.0000,3769.6000,3769.8000,1,1,1,1,1,1,1,1,1,2
SF,IF2007,2020-05-27 11:05:02.700,3764.6000,8044,0,1857513780.000,0,-,-,-,-,3765.8000,3765.6000,3763.8000,3763.4000,3763.0000,3766.8000,3767.0000,3768.0000,3769.6000,3769.8000,1,1,1,1,1,1,1,1,1,2
SF,IF2007,2020-05-27 11:05:03.200,3764.6000,8044,0,1857513780.000,0,-,-,-,-,3765.8000,3765.6000,3764.4000,3763.8000,3763.4000,3766.6000,3766.8000,3768.0000,3769.6000,3769.8000,1,1,2,1,1,1,1,1,1,2
SF,IF2007,2020-05-27 11:05:03.700,3764.6000,8044,0,1857513780.000,0,-,-,-,-,3765.6000,3765.2000,3764.4000,3763.8000,3763.4000,3766.6000,3766.8000,3768.0000,3769.6000,3769.8000,1,1,2,1,1,1,1,1,1,2
SF,IF2007,2020-05-27 11:05:04.700,3764.6000,8044,0,1857513780.000,0,-,-,-,-,3765.6000,3765.2000,3763.8000,3763.4000,3763.0000,3766.6000,3766.8000,3768.0000,3769.6000,3769.8000,1,1,1,1,1,1,1,1,1,2
SF,IF2007,2020-05-27 11:05:07.700,3764.6000,8044,0,1857513780.000,0,-,-,-,-,3765.2000,3763.8000,3763.4000,3763.0000,3762.0000,3766.6000,3766.8000,3768.0000,3769.6000,3769.8000,1,1,1,1,1,1,1,1,1,2
SF,IF2007,2020-05-27 11:05:09.200,3764.6000,8044,0,1857513780.000,0,-,-,-,-,3763.8000,3763.4000,3763.0000,3762.0000,3761.6000,3766.6000,3766.8000,3768.0000,3769.6000,3769.8000,1,1,1,1,1,1,1,1,1,2
SF,IF2007,2020-05-27 11:05:09.700,3764.6000,8044,0,1857513780.000,0,-,-,-,-,3764.6000,3764.4000,3764.2000,3764.0000,3763.8000,3766.2000,3768.0000,3769.6000,3769.8000,3770.0000,1,1,1,7,1,1,1,1,2,2
SF,IF2007,2020-05-27 11:05:10.200,3764.6000,8044,0,1857513780.000,0,-,-,-,-,3764.6000,3764.4000,3764.2000,3764.0000,3763.8000,3766.2000,3768.0000,3769.6000,3769.8000,3770.0000,2,1,1,7,1,1,1,1,2,2
SF,IF2007,2020-05-27 11:05:10.700,3764.6000,8044,0,1857513780.000,0,-,-,-,-,3764.6000,3764.4000,3764.2000,3764.0000,3763.8000,3766.0000,3766.2000,3768.0000,3769.6000,3769.8000,2,1,1,7,1,1,1,1,1,2
SF,IF2007,2020-05-27 11:05:12.200,3764.6000,8044,0,1857513780.000,0,-,-,-,-,3764.6000,3764.4000,3764.2000,3764.0000,3763.8000,3765.8000,3766.0000,3768.0000,3769.6000,3769.8000,2,1,1,7,1,1,1,1,1,2
SF,IF2007,2020-05-27 11:05:13.200,3764.6000,8044,0,1857513780.000,0,-,-,-,-,3764.6000,3764.4000,3764.2000,3764.0000,3763.8000,3765.8000,3766.0000,3768.0000,3769.6000,3769.8000,2,1,1,5,1,1,1,1,1,2
SF,IF2007,2020-05-27 11:05:13.700,3764.6000,8044,0,1857513780.000,0,-,-,-,-,3764.6000,3764.4000,3764.2000,3764.0000,3763.8000,3765.8000,3766.0000,3768.0000,3769.6000,3769.8000,1,1,1,5,1,1,1,1,1,2
SF,IF2007,2020-05-27 11:05:14.200,3764.6000,8044,0,1857513780.000,0,-,-,-,-,3764.6000,3764.4000,3764.2000,3764.0000,3763.8000,3765.6000,3765.8000,3768.0000,3769.6000,3769.8000,1,1,1,5,1,1,1,1,1,2
SF,IF2007,2020-05-27 11:05:14.700,3764.6000,8044,0,1857513780.000,0,-,-,-,-,3764.6000,3764.4000,3764.2000,3764.0000,3763.8000,3765.6000,3765.8000,3768.0000,3769.6000,3769.8000,1,1,1,5,1,1,1,1,1,2
SF,IF2007,2020-05-27 11:05:16.700,3764.6000,8044,0,1857513780.000,0,-,-,-,-,3764.6000,3764.4000,3764.2000,3764.0000,3763.8000,3765.8000,3768.0000,3769.6000,3769.8000,3770.0000,1,1,1,5,1,1,1,1,2,2
SF,IF2007,2020-05-27 11:05:17.200,3764.6000,8044,0,1857513780.000,0,-,-,-,-,3764.6000,3764.4000,3764.2000,3764.0000,3763.8000,3765.8000,3768.0000,3769.6000,3769.8000,3770.0000,1,1,1,5,1,1,1,1,2,2
SF,IF2007,2020-05-27 11:05:17.700,3764.6000,8044,0,1857513780.000,0,-,-,-,-,3764.6000,3764.4000,3764.2000,3764.0000,3763.8000,3765.8000,3768.0000,3769.6000,3769.8000,3770.0000,1,1,1,5,1,1,1,1,2,2
SF,IF2007,2020-05-27 11:05:18.200,3764.6000,8044,0,1857513780.000,0,-,-,-,-,3764.6000,3764.4000,3764.2000,3764.0000,3763.8000,3765.8000,3768.0000,3769.6000,3769.8000,3770.0000,1,1,1,5,1,1,1,1,2,2
SF,IF2007,2020-05-27 11:05:18.700,3764.6000,8044,0,1857513780.000,0,-,-,-,-,3764.8000,3764.6000,3764.4000,3764.2000,3764.0000,3765.6000,3765.8000,3768.0000,3769.6000,3769.8000,1,1,1,1,5,1,1,1,1,2
SF,IF2007,2020-05-27 11:05:21.200,3764.6000,8044,0,1857513780.000,0,-,-,-,-,3764.6000,3764.4000,3764.2000,3764.0000,3763.8000,3765.6000,3765.8000,3768.0000,3769.6000,3769.8000,1,1,1,5,1,1,1,1,1,2
SF,IF2007,2020-05-27 11:05:22.200,3764.6000,8044,0,1857513780.000,0,-,-,-,-,3765.0000,3764.6000,3764.4000,3764.2000,3764.0000,3765.6000,3765.8000,3768.0000,3769.6000,3769.8000,5,1,1,1,2,1,1,1,1,2
SF,IF2007,2020-05-27 11:05:23.200,3764.6000,8045,1,1858643160.000,1,1,0,双开,S,3765.0000,3764.0000,3763.8000,3763.4000,3763.0000,3765.6000,3765.8000,3768.0000,3769.6000,3769.8000,4,2,1,1,1,1,1,1,1,2
SF,IF2007,2020-05-27 11:05:23.700,3764.6000,8045,0,1858643160.000,0,-,-,-,-,3765.0000,3764.6000,3764.0000,3763.8000,3763.4000,3765.6000,3765.8000,3768.0000,3769.6000,3769.8000,4,1,2,1,1,1,1,1,1,2
SF,IF2007,2020-05-27 11:05:24.200,3764.6000,8045,0,1858643160.000,0,-,-,-,-,3765.0000,3764.0000,3763.8000,3763.4000,3763.0000,3765.6000,3765.8000,3768.0000,3769.6000,3769.8000,4,2,1,1,1,1,1,1,1,2
SF,IF2007,2020-05-27 11:05:24.700,3765.6000,8046,1,1859772840.000,1,1,0,双开,S,3765.0000,3764.0000,3763.8000,3763.4000,3763.0000,3765.8000,3768.0000,3769.6000,3769.8000,3770.0000,4,2,1,1,1,1,1,1,2,2
SF,IF2007,2020-05-27 11:05:25.200,3765.6000,8046,0,1859772840.000,0,-,-,-,-,3765.0000,3764.0000,3763.8000,3763.4000,3763.0000,3765.6000,3765.8000,3768.0000,3769.6000,3769.8000,4,2,1,1,1,1,1,1,1,2
SF,IF2007,2020-05-27 11:05:27.200,3765.6000,8045,-1,1860902520.000,1,0,1,双平,S,3765.0000,3764.0000,3763.8000,3763.4000,3763.0000,3765.8000,3768.0000,3769.6000,3769.8000,3770.0000,4,2,1,1,1,1,1,1,2,2
SF,IF2007,2020-05-27 11:05:27.700,3765.6000,8045,0,1860902520.000,0,-,-,-,-,3765.0000,3764.0000,3763.8000,3763.4000,3763.0000,3765.6000,3765.8000,3768.0000,3769.6000,3769.8000,4,2,1,1,1,1,1,1,1,2
SF,IF2007,2020-05-27 11:05:28.700,3765.6000,8045,0,1860902520.000,0,-,-,-,-,3765.0000,3764.0000,3763.8000,3763.4000,3763.0000,3765.6000,3765.8000,3768.0000,3769.6000,3769.8000,4,1,1,1,1,1,1,1,1,2
SF,IF2007,2020-05-27 11:05:29.700,3765.6000,8045,0,1860902520.000,0,-,-,-,-,3765.0000,3763.8000,3763.4000,3763.0000,3762.0000,3765.6000,3765.8000,3768.0000,3769.6000,3769.8000,4,1,1,1,1,1,1,1,1,2
SF,IF2007,2020-05-27 11:05:35.200,3765.6000,8045,0,1860902520.000,0,-,-,-,-,3765.0000,3763.8000,3763.4000,3763.0000,3762.0000,3765.4000,3765.6000,3765.8000,3768.0000,3769.6000,4,1,1,1,1,1,1,1,1,1
SF,IF2007,2020-05-27 11:05:36.200,3765.6000,8045,0,1860902520.000,0,-,-,-,-,3765.0000,3763.8000,3763.4000,3763.0000,3762.0000,3765.6000,3765.8000,3768.0000,3769.6000,3769.8000,4,1,1,1,1,1,1,1,1,2
SF,IF2007,2020-05-27 11:05:37.200,3765.6000,8045,0,1860902520.000,0,-,-,-,-,3765.0000,3763.8000,3763.4000,3763.0000,3762.0000,3765.6000,3765.8000,3768.0000,3769.6000,3769.8000,5,1,1,1,1,1,1,1,1,2
SF,IF2007,2020-05-27 11:05:37.700,3765.6000,8045,0,1860902520.000,0,-,-,-,-,3765.0000,3763.8000,3763.4000,3763.0000,3762.0000,3765.8000,3768.0000,3769.6000,3769.8000,3770.0000,5,1,1,1,1,1,1,1,2,2
SF,IF2007,2020-05-27 11:05:38.200,3765.6000,8045,0,1860902520.000,0,-,-,-,-,3765.0000,3763.8000,3763.4000,3763.0000,3762.0000,3765.8000,3768.0000,3769.6000,3769.8000,3770.0000,4,1,1,1,1,1,1,1,2,2
SF,IF2007,2020-05-27 11:05:39.200,3765.6000,8045,0,1860902520.000,0,-,-,-,-,3765.2000,3765.0000,3763.8000,3763.4000,3763.0000,3765.6000,3765.8000,3768.0000,3769.6000,3769.8000,1,4,1,1,1,1,1,1,1,2
SF,IF2007,2020-05-27 11:05:39.700,3765.6000,8045,0,1860902520.000,0,-,-,-,-,3765.0000,3763.8000,3763.4000,3763.0000,3762.0000,3765.6000,3765.8000,3768.0000,3769.6000,3769.8000,4,1,1,1,1,1,1,1,1,2
SF,IF2007,2020-05-27 11:05:41.200,3765.0000,8046,1,1862032020.000,1,1,0,双开,S,3765.0000,3763.8000,3763.4000,3763.0000,3762.0000,3765.6000,3765.8000,3768.0000,3769.6000,3769.8000,3,1,1,1,1,1,1,1,1,2
SF,IF2007,2020-05-27 11:05:43.200,3765.0000,8046,0,1862032020.000,0,-,-,-,-,3765.0000,3763.8000,3763.4000,3763.0000,3762.0000,3765.4000,3765.6000,3765.8000,3768.0000,3769.6000,3,1,1,1,1,1,1,1,1,1
SF,IF2007,2020-05-27 11:05:44.700,3765.0000,8046,0,1862032020.000,0,-,-,-,-,3765.0000,3763.8000,3763.4000,3763.0000,3762.0000,3765.4000,3765.8000,3768.0000,3769.6000,3769.8000,3,1,1,1,1,1,1,1,1,2
SF,IF2007,2020-05-27 11:05:49.200,3765.4000,8047,1,1863161640.000,1,1,0,双开,S,3765.0000,3763.8000,3763.4000,3763.0000,3762.0000,3765.8000,3768.0000,3769.6000,3769.8000,3770.0000,3,1,1,1,1,1,1,1,2,2
SF,IF2007,2020-05-27 11:05:50.200,3765.4000,8047,0,1863161640.000,0,-,-,-,-,3765.2000,3765.0000,3763.8000,3763.4000,3763.0000,3765.8000,3768.0000,3769.6000,3769.8000,3770.0000,1,3,1,1,1,1,1,1,2,2
SF,IF2007,2020-05-27 11:05:52.700,3765.4000,8047,0,1863161640.000,0,-,-,-,-,3765.0000,3763.8000,3763.4000,3763.0000,3762.0000,3765.8000,3768.0000,3769.6000,3769.8000,3770.0000,3,1,1,1,1,1,1,1,2,2
SF,IF2007,2020-05-27 11:05:56.200,3765.0000,8048,1,1864291140.000,1,1,0,双开,S,3765.0000,3763.8000,3763.4000,3763.0000,3762.0000,3765.8000,3768.0000,3769.6000,3769.8000,3770.0000,2,1,1,1,1,1,1,1,2,2
SF,IF2007,2020-05-27 11:06:01.200,3765.0000,8049,1,1865420640.000,1,1,0,双开,S,3765.0000,3763.8000,3763.4000,3763.0000,3762.0000,3765.8000,3768.0000,3769.6000,3769.8000,3770.0000,1,1,1,1,1,1,1,1,2,2
SF,IF2007,2020-05-27 11:06:01.700,3765.0000,8049,0,1865420640.000,0,-,-,-,-,3765.2000,3765.0000,3763.8000,3763.4000,3763.0000,3765.8000,3768.0000,3769.6000,3769.8000,3770.0000,1,1,1,1,1,1,1,1,2,2
SF,IF2007,2020-05-27 11:06:03.200,3765.0000,8049,0,1865420640.000,0,-,-,-,-,3765.0000,3763.8000,3763.4000,3763.0000,3762.0000,3765.8000,3768.0000,3769.6000,3769.8000,3770.0000,1,1,1,1,1,1,1,1,2,2
SF,IF2007,2020-05-27 11:06:04.200,3765.0000,8049,0,1865420640.000,0,-,-,-,-,3765.0000,3763.8000,3763.4000,3763.0000,3762.0000,3765.2000,3765.8000,3768.0000,3769.6000,3769.8000,1,1,1,1,1,1,1,1,1,2
SF,IF2007,2020-05-27 11:06:08.700,3765.2000,8050,1,1866550200.000,1,1,0,双开,S,3765.0000,3763.8000,3763.4000,3763.0000,3762.0000,3765.8000,3768.0000,3769.6000,3769.8000,3770.0000,1,1,1,1,1,1,1,1,2,2
SF,IF2007,2020-05-27 11:06:10.200,3765.2000,8050,0,1866550200.000,0,-,-,-,-,3765.0000,3763.8000,3763.4000,3763.0000,3762.0000,3765.6000,3765.8000,3768.0000,3769.6000,3769.8000,1,1,1,1,1,1,1,1,1,2
SF,IF2007,2020-05-27 11:06:17.200,3765.0000,8051,1,1867679700.000,1,1,0,双开,S,3763.8000,3763.4000,3763.0000,3762.0000,3761.6000,3765.6000,3765.8000,3768.0000,3769.6000,3769.8000,1,1,1,1,1,1,1,1,1,2
SF,IF2007,2020-05-27 11:06:17.700,3765.0000,8051,0,1867679700.000,0,-,-,-,-,3763.8000,3763.4000,3763.0000,3762.0000,3761.6000,3765.4000,3765.6000,3768.0000,3769.6000,3769.8000,1,1,1,1,1,1,1,1,1,2
SF,IF2007,2020-05-27 11:06:18.200,3765.0000,8051,0,1867679700.000,0,-,-,-,-,3764.4000,3763.8000,3763.4000,3763.0000,3762.0000,3765.4000,3765.6000,3768.0000,3769.6000,3769.8000,1,1,1,1,1,1,1,1,1,2
SF,IF2007,2020-05-27 11:06:21.200,3765.0000,8051,0,1867679700.000,0,-,-,-,-,3765.0000,3764.4000,3763.8000,3763.4000,3763.0000,3765.4000,3765.6000,3768.0000,3769.6000,3769.8000,5,1,1,1,1,1,1,1,1,2
SF,IF2007,2020-05-27 11:06:21.700,3764.4000,8053,2,1874456520.000,6,4,2,空开,S,3763.8000,3763.4000,3763.0000,3762.0000,3761.6000,3765.4000,3765.6000,3768.0000,3769.6000,3769.8000,1,1,1,1,1,1,1,1,1,2
SF,IF2007,2020-05-27 11:06:22.700,3764.4000,8053,0,1874456520.000,0,-,-,-,-,3764.2000,3763.8000,3763.4000,3763.0000,3762.0000,3765.4000,3765.6000,3768.0000,3769.6000,3769.8000,1,1,1,1,1,1,1,1,1,2
SF,IF2007,2020-05-27 11:06:23.200,3764.4000,8053,0,1874456520.000,0,-,-,-,-,3764.2000,3764.0000,3763.8000,3763.4000,3763.0000,3765.4000,3765.6000,3768.0000,3769.6000,3769.8000,1,1,1,1,1,1,1,1,1,2
SF,IF2007,2020-05-27 11:06:25.200,3764.4000,8053,0,1874456520.000,0,-,-,-,-,3764.4000,3764.2000,3763.8000,3763.4000,3763.0000,3765.4000,3765.6000,3768.0000,3769.6000,3769.8000,1,1,1,1,1,1,1,1,1,2
SF,IF2007,2020-05-27 11:06:26.700,3764.4000,8053,0,1874456520.000,0,-,-,-,-,3764.4000,3763.8000,3763.4000,3763.0000,3762.0000,3765.4000,3768.0000,3769.6000,3769.8000,3770.0000,1,1,1,1,1,1,1,1,2,2
SF,IF2007,2020-05-27 11:06:27.200,3764.4000,8053,0,1874456520.000,0,-,-,-,-,3764.4000,3763.8000,3763.4000,3763.0000,3762.0000,3765.4000,3768.0000,3769.6000,3769.8000,3770.0000,1,1,1,1,1,1,1,1,2,7
SF,IF2007,2020-05-27 11:06:27.700,3764.4000,8053,0,1874456520.000,0,-,-,-,-,3765.0000,3763.8000,3763.4000,3763.0000,3762.0000,3765.4000,3768.0000,3769.6000,3769.8000,3770.0000,5,1,1,1,1,1,1,1,2,7
SF,IF2007,2020-05-27 11:06:28.200,3765.0000,8054,1,1876715520.000,2,1,1,空开,S,3765.0000,3763.8000,3763.4000,3763.0000,3762.0000,3765.4000,3768.0000,3769.6000,3769.8000,3770.0000,3,1,1,1,1,1,1,1,2,7
SF,IF2007,2020-05-27 11:06:30.200,3765.0000,8054,0,1876715520.000,0,-,-,-,-,3765.0000,3763.8000,3763.4000,3763.2000,3763.0000,3765.4000,3768.0000,3769.6000,3769.8000,3770.0000,3,1,1,1,1,1,1,1,2,7
SF,IF2007,2020-05-27 11:06:31.200,3765.0000,8055,1,1880104020.000,3,2,1,空开,S,3763.8000,3763.4000,3763.2000,3763.0000,3762.0000,3765.0000,3765.4000,3768.0000,3769.6000,3769.8000,1,1,1,1,1,1,1,1,1,2
SF,IF2007,2020-05-27 11:06:31.700,3765.0000,8055,0,1880104020.000,0,-,-,-,-,3763.8000,3763.4000,3763.2000,3763.0000,3762.0000,3765.0000,3765.4000,3768.0000,3769.6000,3769.8000,1,1,1,1,1,2,1,1,1,2
SF,IF2007,2020-05-27 11:06:32.200,3765.0000,8055,0,1880104020.000,0,-,-,-,-,3763.8000,3763.4000,3763.2000,3763.0000,3762.0000,3765.0000,3765.4000,3768.0000,3769.6000,3769.8000,1,1,1,1,1,1,1,1,1,2
SF,IF2007,2020-05-27 11:06:34.700,3765.0000,8055,0,1880104020.000,0,-,-,-,-,3763.8000,3763.4000,3763.2000,3763.0000,3762.0000,3765.4000,3768.0000,3769.6000,3769.8000,3770.0000,1,1,1,1,1,1,1,1,2,7
SF,IF2007,2020-05-27 11:06:35.700,3765.0000,8055,0,1880104020.000,0,-,-,-,-,3764.0000,3763.8000,3763.4000,3763.2000,3763.0000,3765.4000,3768.0000,3769.6000,3769.8000,3770.0000,1,1,1,1,1,1,1,1,2,7
SF,IF2007,2020-05-27 11:06:39.200,3765.0000,8055,0,1880104020.000,0,-,-,-,-,3765.0000,3764.0000,3763.8000,3763.4000,3763.2000,3765.4000,3768.0000,3769.6000,3769.8000,3770.0000,5,1,1,1,1,1,1,1,2,7
SF,IF2007,2020-05-27 11:06:41.200,3765.0000,8055,0,1880104020.000,0,-,-,-,-,3765.0000,3764.0000,3763.8000,3763.4000,3763.2000,3765.4000,3768.0000,3769.6000,3769.8000,3770.0000,5,1,1,1,1,1,1,1,2,2
SF,IF2007,2020-05-27 11:06:41.700,3765.0000,8055,0,1880104020.000,0,-,-,-,-,3765.0000,3763.8000,3763.4000,3763.2000,3763.0000,3768.0000,3769.6000,3769.8000,3770.0000,3771.0000,5,1,1,1,1,1,1,2,2,1
SF,IF2007,2020-05-27 11:06:42.200,3765.0000,8056,1,1881233520.000,1,1,0,双开,S,3765.0000,3763.8000,3763.4000,3763.2000,3763.0000,3766.2000,3766.4000,3766.8000,3767.0000,3767.2000,4,1,1,1,1,1,1,2,1,2
SF,IF2007,2020-05-27 11:06:42.700,3765.0000,8056,0,1881233520.000,0,-,-,-,-,3765.0000,3763.8000,3763.4000,3763.2000,3763.0000,3765.6000,3766.2000,3766.4000,3766.8000,3767.0000,4,1,1,1,1,1,1,1,2,1
SF,IF2007,2020-05-27 11:06:44.700,3765.0000,8056,0,1881233520.000,0,-,-,-,-,3765.0000,3763.8000,3763.4000,3763.2000,3763.0000,3765.6000,3766.4000,3766.8000,3767.0000,3767.2000,4,1,1,1,1,1,1,2,1,1
SF,IF2007,2020-05-27 11:06:50.700,3765.6000,8057,1,1882363200.000,1,1,0,双开,S,3765.0000,3763.8000,3763.4000,3763.2000,3763.0000,3766.4000,3766.8000,3767.0000,3767.2000,3767.6000,4,1,1,1,1,1,2,1,1,1
SF,IF2007,2020-05-27 11:06:51.200,3765.6000,8057,0,1882363200.000,0,-,-,-,-,3765.0000,3763.8000,3763.4000,3763.2000,3763.0000,3766.0000,3766.4000,3766.8000,3767.0000,3767.2000,4,1,1,1,1,1,1,2,1,1
SF,IF2007,2020-05-27 11:06:54.700,3765.6000,8057,0,1882363200.000,0,-,-,-,-,3765.0000,3763.8000,3763.4000,3763.2000,3763.0000,3766.0000,3767.0000,3767.2000,3767.6000,3767.8000,4,1,1,1,1,1,1,1,1,4
SF,IF2007,2020-05-27 11:06:55.200,3766.0000,8058,1,1883493000.000,1,1,0,双开,S,3765.0000,3763.8000,3763.4000,3763.2000,3763.0000,3767.0000,3767.2000,3767.6000,3767.8000,3768.0000,4,1,1,1,1,1,1,1,4,1
SF,IF2007,2020-05-27 11:06:55.700,3766.0000,8058,0,1883493000.000,0,-,-,-,-,3765.2000,3765.0000,3763.8000,3763.4000,3763.2000,3766.4000,3766.8000,3767.8000,3768.0000,3769.6000,1,4,1,1,1,1,1,3,1,1
SF,IF2007,2020-05-27 11:06:56.200,3766.0000,8058,0,1883493000.000,0,-,-,-,-,3765.4000,3765.2000,3765.0000,3763.8000,3763.4000,3766.4000,3766.8000,3767.8000,3768.0000,3769.6000,1,1,4,1,1,1,1,3,1,1
SF,IF2007,2020-05-27 11:06:56.700,3766.0000,8058,0,1883493000.000,0,-,-,-,-,3765.4000,3765.2000,3765.0000,3763.8000,3763.4000,3766.4000,3766.8000,3767.8000,3768.0000,3769.6000,1,1,4,1,1,1,1,3,1,1
SF,IF2007,2020-05-27 11:06:57.700,3766.0000,8058,0,1883493000.000,0,-,-,-,-,3765.4000,3765.2000,3765.0000,3763.8000,3763.4000,3766.2000,3766.4000,3766.8000,3767.8000,3768.0000,1,1,4,1,1,1,1,1,3,1
SF,IF2007,2020-05-27 11:07:01.200,3766.0000,8058,0,1883493000.000,0,-,-,-,-,3765.2000,3765.0000,3763.8000,3763.4000,3763.2000,3766.4000,3767.8000,3768.0000,3769.6000,3769.8000,1,4,1,1,1,1,2,1,1,2
SF,IF2007,2020-05-27 11:07:01.700,3765.4000,8059,1,1884622620.000,1,1,0,双开,S,3765.2000,3765.0000,3763.8000,3763.4000,3763.2000,3766.4000,3767.8000,3768.0000,3769.6000,3769.8000,1,4,1,1,1,1,2,1,1,2
SF,IF2007,2020-05-27 11:07:02.200,3765.4000,8059,0,1884622620.000,0,-,-,-,-,3765.2000,3765.0000,3763.8000,3763.4000,3763.2000,3766.2000,3766.4000,3767.8000,3768.0000,3769.6000,1,4,1,1,1,1,1,2,1,1
SF,IF2007,2020-05-27 11:07:02.700,3765.4000,8059,0,1884622620.000,0,-,-,-,-,3765.0000,3763.8000,3763.4000,3763.2000,3763.0000,3766.0000,3766.2000,3767.8000,3768.0000,3769.6000,4,1,1,1,1,1,1,2,1,1
SF,IF2007,2020-05-27 11:07:04.200,3765.4000,8059,0,1884622620.000,0,-,-,-,-,3765.0000,3763.8000,3763.4000,3763.2000,3763.0000,3765.8000,3766.0000,3766.2000,3767.8000,3768.0000,4,1,1,1,1,1,1,1,2,1
SF,IF2007,2020-05-27 11:07:05.700,3765.4000,8059,0,1884622620.000,0,-,-,-,-,3765.0000,3763.8000,3763.4000,3763.2000,3763.0000,3766.0000,3767.8000,3768.0000,3769.6000,3769.8000,4,1,1,1,1,1,2,1,1,2
SF,IF2007,2020-05-27 11:07:07.200,3765.4000,8059,0,1884622620.000,0,-,-,-,-,3765.0000,3763.8000,3763.4000,3763.2000,3763.0000,3765.8000,3766.0000,3767.8000,3768.0000,3769.6000,4,1,1,1,1,1,1,2,1,1
SF,IF2007,2020-05-27 11:07:09.700,3765.4000,8059,0,1884622620.000,0,-,-,-,-,3765.0000,3763.8000,3763.4000,3763.2000,3763.0000,3766.0000,3767.8000,3768.0000,3769.6000,3769.8000,4,1,1,1,1,1,2,1,1,2
SF,IF2007,2020-05-27 11:07:10.200,3765.4000,8059,0,1884622620.000,0,-,-,-,-,3765.0000,3763.8000,3763.4000,3763.2000,3763.0000,3767.8000,3768.0000,3769.6000,3769.8000,3770.0000,4,1,1,1,1,2,1,1,2,2
SF,IF2007,2020-05-27 11:07:10.700,3765.4000,8059,0,1884622620.000,0,-,-,-,-,3765.2000,3765.0000,3763.8000,3763.4000,3763.2000,3766.6000,3767.0000,3767.2000,3767.4000,3767.6000,1,4,1,1,1,1,1,2,3,3
SF,IF2007,2020-05-27 11:07:11.200,3765.4000,8059,0,1884622620.000,0,-,-,-,-,3765.2000,3765.0000,3763.8000,3763.4000,3763.2000,3766.6000,3767.6000,3767.8000,3768.0000,3769.6000,1,4,1,1,1,1,2,2,1,1
SF,IF2007,2020-05-27 11:07:12.700,3765.4000,8059,0,1884622620.000,0,-,-,-,-,3765.4000,3765.2000,3765.0000,3763.8000,3763.4000,3766.6000,3767.6000,3767.8000,3768.0000,3769.6000,1,1,4,1,1,1,2,2,1,1
SF,IF2007,2020-05-27 11:07:14.700,3765.4000,8059,0,1884622620.000,0,-,-,-,-,3765.2000,3765.0000,3763.8000,3763.4000,3763.2000,3766.4000,3766.6000,3767.6000,3767.8000,3768.0000,1,4,1,1,1,1,1,2,2,1
SF,IF2007,2020-05-27 11:07:16.700,3765.4000,8059,0,1884622620.000,0,-,-,-,-,3765.2000,3765.0000,3763.8000,3763.4000,3763.2000,3766.2000,3767.6000,3767.8000,3768.0000,3769.6000,1,4,1,1,1,4,2,2,1,1
SF,IF2007,2020-05-27 11:07:17.200,3765.2000,8060,1,1885752180.000,1,1,0,双开,S,3765.0000,3763.8000,3763.4000,3763.2000,3763.0000,3766.2000,3767.6000,3767.8000,3768.0000,3769.6000,4,1,1,1,1,4,2,2,1,1
SF,IF2007,2020-05-27 11:07:18.200,3765.2000,8060,0,1885752180.000,0,-,-,-,-,3765.0000,3763.8000,3763.4000,3763.2000,3763.0000,3766.2000,3767.6000,3767.8000,3768.0000,3769.6000,4,1,1,1,1,2,2,2,1,1
SF,IF2007,2020-05-27 11:07:18.700,3765.2000,8060,0,1885752180.000,0,-,-,-,-,3765.0000,3763.8000,3763.4000,3763.2000,3763.0000,3766.0000,3766.2000,3767.6000,3767.8000,3768.0000,4,1,1,1,1,1,2,2,2,1
SF,IF2007,2020-05-27 11:07:21.700,3765.0000,8061,1,1886881680.000,1,1,0,双开,S,3765.0000,3763.8000,3763.4000,3763.2000,3763.0000,3766.0000,3766.2000,3767.6000,3767.8000,3768.0000,3,1,1,1,1,1,2,2,2,1
SF,IF2007,2020-05-27 11:07:24.700,3765.0000,8061,0,1886881680.000,0,-,-,-,-,3765.0000,3763.8000,3763.4000,3763.2000,3763.0000,3765.8000,3766.0000,3766.2000,3767.6000,3767.8000,3,1,1,1,1,1,1,1,2,2
SF,IF2007,2020-05-27 11:07:25.200,3765.0000,8063,2,1889140680.000,2,2,0,双开,S,3765.0000,3763.8000,3763.4000,3763.2000,3763.0000,3765.8000,3766.2000,3767.6000,3767.8000,3768.0000,1,1,1,1,1,1,1,2,2,1
SF,IF2007,2020-05-27 11:07:25.700,3765.0000,8064,1,1890270180.000,1,1,0,双开,S,3763.8000,3763.4000,3763.2000,3763.0000,3762.0000,3765.8000,3766.2000,3767.6000,3767.8000,3768.0000,1,1,1,1,1,1,1,2,2,1
SF,IF2007,2020-05-27 11:07:26.200,3765.0000,8064,0,1890270180.000,0,-,-,-,-,3763.8000,3763.4000,3763.2000,3763.0000,3762.0000,3765.4000,3765.6000,3766.2000,3767.6000,3767.8000,1,1,1,1,1,1,1,1,2,2
SF,IF2007,2020-05-27 11:07:26.700,3765.0000,8064,0,1890270180.000,0,-,-,-,-,3763.8000,3763.4000,3763.2000,3763.0000,3762.0000,3765.4000,3765.6000,3766.2000,3767.6000,3767.8000,1,1,1,1,1,1,1,1,2,2
SF,IF2007,2020-05-27 11:07:27.200,3765.0000,8064,0,1890270180.000,0,-,-,-,-,3764.0000,3763.8000,3763.4000,3763.2000,3763.0000,3765.4000,3765.6000,3766.2000,3767.6000,3767.8000,1,1,1,1,1,1,1,1,2,2
SF,IF2007,2020-05-27 11:07:28.200,3765.0000,8064,0,1890270180.000,0,-,-,-,-,3764.0000,3763.8000,3763.4000,3763.2000,3763.0000,3765.4000,3765.6000,3767.6000,3767.8000,3768.0000,1,1,1,1,1,1,1,2,2,1
SF,IF2007,2020-05-27 11:07:29.200,3765.0000,8064,0,1890270180.000,0,-,-,-,-,3764.0000,3763.4000,3763.2000,3763.0000,3762.0000,3765.4000,3765.6000,3767.6000,3767.8000,3768.0000,1,1,1,1,1,1,1,2,2,1
SF,IF2007,2020-05-27 11:07:30.700,3765.0000,8064,0,1890270180.000,0,-,-,-,-,3765.0000,3764.0000,3763.4000,3763.2000,3763.0000,3765.4000,3765.6000,3767.6000,3767.8000,3768.0000,1,1,1,1,1,1,1,2,2,1
SF,IF2007,2020-05-27 11:07:31.200,3765.0000,8065,1,1891399680.000,1,1,0,双开,S,3764.0000,3763.4000,3763.2000,3763.0000,3762.0000,3765.6000,3767.6000,3767.8000,3768.0000,3769.8000,1,1,1,1,1,1,2,2,1,2
SF,IF2007,2020-05-27 11:07:31.700,3765.0000,8065,0,1891399680.000,0,-,-,-,-,3764.0000,3763.4000,3763.2000,3763.0000,3762.0000,3765.4000,3765.6000,3767.6000,3767.8000,3768.0000,1,1,1,1,1,1,1,2,2,1
SF,IF2007,2020-05-27 11:07:37.200,3765.0000,8065,0,1891399680.000,0,-,-,-,-,3764.0000,3763.4000,3763.2000,3763.0000,3762.0000,3765.2000,3765.4000,3765.6000,3767.6000,3767.8000,1,1,1,1,1,1,1,1,2,2
SF,IF2007,2020-05-27 11:07:38.200,3765.0000,8065,0,1891399680.000,0,-,-,-,-,3764.0000,3763.4000,3763.2000,3763.0000,3762.0000,3765.4000,3765.6000,3767.6000,3767.8000,3768.0000,1,1,1,1,1,1,1,2,2,1
SF,IF2007,2020-05-27 11:07:41.700,3764.0000,8065,0,1892528880.000,1,0,1,多换,S,3763.4000,3763.2000,3763.0000,3762.0000,3761.6000,3765.4000,3765.6000,3767.6000,3767.8000,3768.0000,1,1,1,1,1,1,1,2,2,1
SF,IF2007,2020-05-27 11:07:43.200,3764.0000,8065,0,1892528880.000,0,-,-,-,-,3763.4000,3763.2000,3763.0000,3762.0000,3761.6000,3765.0000,3765.6000,3767.6000,3767.8000,3768.0000,1,1,1,1,1,1,1,2,2,1
SF,IF2007,2020-05-27 11:07:44.200,3764.0000,8065,0,1892528880.000,0,-,-,-,-,3763.8000,3763.6000,3763.4000,3763.2000,3763.0000,3765.0000,3765.6000,3767.6000,3767.8000,3768.0000,1,1,1,1,1,1,1,2,2,1
SF,IF2007,2020-05-27 11:07:45.700,3764.0000,8065,0,1892528880.000,0,-,-,-,-,3763.8000,3763.4000,3763.2000,3763.0000,3762.0000,3765.0000,3765.6000,3767.6000,3767.8000,3768.0000,1,1,1,1,1,1,1,2,2,1
SF,IF2007,2020-05-27 11:07:46.700,3765.0000,8066,1,1893658380.000,1,1,0,双开,S,3763.8000,3763.4000,3763.2000,3763.0000,3762.0000,3765.6000,3767.6000,3767.8000,3768.0000,3769.8000,1,1,1,1,1,1,2,2,1,2
SF,IF2007,2020-05-27 11:07:47.200,3765.0000,8066,0,1893658380.000,0,-,-,-,-,3764.0000,3763.8000,3763.4000,3763.2000,3763.0000,3765.2000,3765.6000,3767.6000,3767.8000,3768.0000,1,1,1,1,1,1,1,2,2,1
SF,IF2007,2020-05-27 11:07:47.700,3765.0000,8066,0,1893658380.000,0,-,-,-,-,3764.0000,3763.8000,3763.4000,3763.2000,3763.0000,3765.2000,3765.6000,3767.6000,3767.8000,3768.0000,2,1,1,1,1,1,1,2,2,1
SF,IF2007,2020-05-27 11:07:48.200,3765.0000,8066,0,1893658380.000,0,-,-,-,-,3764.0000,3763.8000,3763.4000,3763.2000,3763.0000,3765.2000,3765.6000,3767.6000,3767.8000,3768.0000,2,1,1,1,1,1,1,2,2,1
SF,IF2007,2020-05-27 11:07:49.700,3765.0000,8066,0,1893658380.000,0,-,-,-,-,3764.0000,3763.8000,3763.4000,3763.2000,3763.0000,3765.2000,3765.6000,3766.8000,3767.6000,3767.8000,2,1,1,1,3,1,1,1,2,2
SF,IF2007,2020-05-27 11:07:52.200,3765.0000,8066,0,1893658380.000,0,-,-,-,-,3764.0000,3763.8000,3763.4000,3763.2000,3763.0000,3765.0000,3765.2000,3765.6000,3766.8000,3767.6000,2,1,1,1,3,1,1,1,1,2
SF,IF2007,2020-05-27 11:07:53.200,3765.0000,8066,0,1893658380.000,0,-,-,-,-,3764.0000,3763.4000,3763.2000,3763.0000,3762.0000,3765.0000,3765.2000,3765.6000,3766.8000,3767.6000,1,1,1,3,1,1,1,1,1,2
SF,IF2007,2020-05-27 11:07:53.700,3765.0000,8066,0,1893658380.000,0,-,-,-,-,3763.4000,3763.2000,3763.0000,3762.0000,3761.6000,3765.0000,3765.2000,3765.6000,3766.8000,3767.6000,1,1,3,1,1,1,1,1,1,2
SF,IF2007,2020-05-27 11:07:54.200,3765.0000,8066,0,1893658380.000,0,-,-,-,-,3763.6000,3763.4000,3763.2000,3763.0000,3762.0000,3764.8000,3765.6000,3766.8000,3767.6000,3767.8000,1,1,1,3,1,1,1,1,1,2
SF,IF2007,2020-05-27 11:07:54.700,3765.0000,8066,0,1893658380.000,0,-,-,-,-,3763.6000,3763.4000,3763.2000,3763.0000,3762.0000,3764.6000,3764.8000,3765.6000,3766.8000,3767.6000,1,1,1,3,1,1,1,1,1,1
SF,IF2007,2020-05-27 11:07:58.200,3763.6000,8067,1,1894787460.000,1,1,0,双开,S,3763.4000,3763.2000,3763.0000,3762.0000,3761.6000,3764.6000,3764.8000,3765.6000,3766.8000,3767.6000,1,1,3,1,1,1,1,1,1,1
SF,IF2007,2020-05-27 11:07:59.200,3763.6000,8067,0,1894787460.000,0,-,-,-,-,3763.4000,3763.2000,3763.0000,3762.0000,3761.6000,3764.6000,3764.8000,3765.6000,3766.8000,3767.6000,1,1,3,1,1,1,1,1,1,1
SF,IF2007,2020-05-27 11:08:00.200,3763.6000,8067,0,1894787460.000,0,-,-,-,-,3763.4000,3763.2000,3763.0000,3762.0000,3761.6000,3764.6000,3764.8000,3765.6000,3766.8000,3767.6000,1,1,3,1,1,1,1,1,1,1
SF,IF2007,2020-05-27 11:08:01.200,3763.6000,8067,0,1894787460.000,0,-,-,-,-,3763.4000,3763.2000,3763.0000,3762.0000,3761.6000,3764.4000,3764.6000,3765.6000,3766.8000,3767.6000,1,1,3,1,1,1,1,1,1,1
SF,IF2007,2020-05-27 11:08:01.700,3763.4000,8068,1,1895916480.000,1,1,0,双开,S,3763.2000,3763.0000,3762.0000,3761.6000,3761.2000,3764.4000,3764.6000,3765.6000,3766.8000,3767.6000,1,3,1,1,2,1,1,1,1,1
SF,IF2007,2020-05-27 11:08:02.700,3763.4000,8068,0,1895916480.000,0,-,-,-,-,3763.6000,3763.2000,3763.0000,3762.0000,3761.6000,3764.4000,3764.6000,3765.6000,3766.8000,3767.6000,1,1,3,1,1,1,1,1,1,1
SF,IF2007,2020-05-27 11:08:03.200,3763.4000,8068,0,1895916480.000,0,-,-,-,-,3763.6000,3763.2000,3763.0000,3762.0000,3761.6000,3764.2000,3764.4000,3764.6000,3765.6000,3766.8000,1,1,3,1,1,1,1,1,1,1
SF,IF2007,2020-05-27 11:08:03.700,3764.2000,8068,0,1897045740.000,1,0,1,多换,S,3763.6000,3763.2000,3763.0000,3762.0000,3761.6000,3764.4000,3765.6000,3766.8000,3767.6000,3767.8000,1,1,3,1,1,1,1,1,1,2
SF,IF2007,2020-05-27 11:08:04.700,3764.2000,8068,0,1897045740.000,0,-,-,-,-,3763.6000,3763.2000,3763.0000,3762.0000,3761.6000,3765.6000,3766.8000,3767.6000,3767.8000,3768.0000,1,1,3,1,1,1,1,1,2,1
SF,IF2007,2020-05-27 11:08:05.200,3764.2000,8068,0,1897045740.000,0,-,-,-,-,3763.6000,3763.2000,3763.0000,3762.0000,3761.6000,3765.0000,3765.2000,3765.6000,3766.8000,3767.6000,1,1,3,1,1,1,2,1,1,1
SF,IF2007,2020-05-27 11:08:07.200,3764.2000,8068,0,1897045740.000,0,-,-,-,-,3763.8000,3763.6000,3763.2000,3763.0000,3762.0000,3765.0000,3765.2000,3765.6000,3766.8000,3767.6000,1,1,1,3,1,1,2,1,1,1
SF,IF2007,2020-05-27 11:08:08.200,3764.2000,8068,0,1897045740.000,0,-,-,-,-,3763.8000,3763.6000,3763.2000,3763.0000,3762.0000,3765.0000,3765.6000,3766.8000,3767.6000,3767.8000,1,1,1,3,1,1,1,1,1,2
SF,IF2007,2020-05-27 11:08:09.200,3764.2000,8068,0,1897045740.000,0,-,-,-,-,3764.0000,3763.6000,3763.2000,3763.0000,3762.0000,3765.0000,3765.6000,3766.8000,3767.6000,3767.8000,1,1,1,3,1,1,1,1,1,2
SF,IF2007,2020-05-27 11:08:10.700,3764.2000,8068,0,1897045740.000,0,-,-,-,-,3763.6000,3763.2000,3763.0000,3762.0000,3761.6000,3765.0000,3765.6000,3766.8000,3767.6000,3767.8000,1,1,3,1,1,1,1,1,1,2
SF,IF2007,2020-05-27 11:08:11.200,3764.2000,8068,0,1897045740.000,0,-,-,-,-,3763.8000,3763.6000,3763.2000,3763.0000,3762.0000,3765.0000,3765.6000,3766.8000,3767.6000,3767.8000,1,1,1,3,1,1,1,1,1,2
SF,IF2007,2020-05-27 11:08:12.200,3764.2000,8068,0,1897045740.000,0,-,-,-,-,3763.6000,3763.2000,3763.0000,3762.0000,3761.6000,3765.0000,3765.6000,3766.8000,3767.6000,3767.8000,1,1,3,1,1,1,1,1,1,2
SF,IF2007,2020-05-27 11:08:13.200,3764.2000,8068,0,1897045740.000,0,-,-,-,-,3763.8000,3763.6000,3763.2000,3763.0000,3762.0000,3765.0000,3765.6000,3766.8000,3767.6000,3767.8000,1,1,1,3,1,1,1,1,1,2
SF,IF2007,2020-05-27 11:08:13.700,3764.2000,8068,0,1897045740.000,0,-,-,-,-,3763.8000,3763.6000,3763.2000,3763.0000,3762.0000,3764.8000,3765.0000,3765.6000,3766.8000,3767.6000,1,1,1,3,1,1,1,1,1,1
SF,IF2007,2020-05-27 11:08:14.200,3764.2000,8068,0,1897045740.000,0,-,-,-,-,3764.0000,3763.8000,3763.6000,3763.2000,3763.0000,3765.0000,3765.6000,3766.8000,3767.6000,3767.8000,1,1,1,1,3,1,1,1,1,2
SF,IF2007,2020-05-27 11:08:14.700,3764.2000,8068,0,1897045740.000,0,-,-,-,-,3764.0000,3763.8000,3763.6000,3763.2000,3763.0000,3765.6000,3766.8000,3767.6000,3767.8000,3768.0000,1,1,1,1,3,1,1,1,2,1
SF,IF2007,2020-05-27 11:08:15.200,3764.2000,8068,0,1897045740.000,0,-,-,-,-,3764.2000,3764.0000,3763.8000,3763.6000,3763.2000,3765.4000,3765.6000,3766.8000,3767.6000,3767.8000,1,1,1,1,1,1,1,1,1,2
SF,IF2007,2020-05-27 11:08:15.700,3764.2000,8068,0,1897045740.000,0,-,-,-,-,3764.2000,3764.0000,3763.6000,3763.2000,3763.0000,3765.4000,3765.6000,3766.8000,3767.6000,3767.8000,1,1,1,1,3,1,1,1,1,2
SF,IF2007,2020-05-27 11:08:16.200,3764.2000,8068,0,1897045740.000,0,-,-,-,-,3764.4000,3764.2000,3763.6000,3763.2000,3763.0000,3765.4000,3765.6000,3766.8000,3767.6000,3767.8000,1,1,1,1,3,1,1,1,1,2
SF,IF2007,2020-05-27 11:08:16.700,3764.2000,8068,0,1897045740.000,0,-,-,-,-,3764.4000,3763.6000,3763.2000,3763.0000,3762.0000,3765.4000,3765.6000,3766.8000,3767.6000,3767.8000,1,1,1,3,1,1,1,1,1,2
SF,IF2007,2020-05-27 11:08:17.700,3764.2000,8068,0,1897045740.000,0,-,-,-,-,3763.6000,3763.2000,3763.0000,3762.0000,3761.6000,3765.4000,3765.6000,3766.8000,3767.6000,3767.8000,1,1,3,1,1,1,1,1,1,2
SF,IF2007,2020-05-27 11:08:18.200,3764.2000,8068,0,1897045740.000,0,-,-,-,-,3763.8000,3763.6000,3763.2000,3763.0000,3762.0000,3765.4000,3765.6000,3766.8000,3767.6000,3767.8000,1,1,1,3,1,1,1,1,1,2
SF,IF2007,2020-05-27 11:08:19.200,3764.2000,8068,0,1897045740.000,0,-,-,-,-,3764.0000,3763.8000,3763.6000,3763.2000,3763.0000,3765.0000,3765.6000,3766.8000,3767.6000,3767.8000,1,1,1,1,3,2,1,1,1,2
SF,IF2007,2020-05-27 11:08:20.700,3764.0000,8067,-1,1898174940.000,1,0,1,双平,S,3763.8000,3763.6000,3763.2000,3763.0000,3762.0000,3765.0000,3765.6000,3766.8000,3767.6000,3767.8000,1,1,1,3,1,2,1,1,1,2
SF,IF2007,2020-05-27 11:08:22.200,3763.6000,8067,0,1899304020.000,1,0,1,多换,S,3763.2000,3763.0000,3762.0000,3761.6000,3761.2000,3765.0000,3765.6000,3766.8000,3767.6000,3767.8000,1,3,1,1,2,2,1,1,1,2
SF,IF2007,2020-05-27 11:08:22.700,3763.6000,8067,0,1899304020.000,0,-,-,-,-,3763.8000,3763.4000,3763.2000,3763.0000,3762.0000,3765.0000,3765.6000,3766.8000,3767.6000,3767.8000,1,1,1,3,1,2,1,1,1,2
SF,IF2007,2020-05-27 11:08:23.200,3763.6000,8067,0,1899304020.000,0,-,-,-,-,3763.8000,3763.6000,3763.4000,3763.2000,3763.0000,3765.0000,3765.6000,3766.8000,3767.6000,3767.8000,1,1,1,1,3,2,1,1,1,2
SF,IF2007,2020-05-27 11:08:27.200,3763.6000,8067,0,1899304020.000,0,-,-,-,-,3763.6000,3763.4000,3763.2000,3763.0000,3762.0000,3764.8000,3765.0000,3765.6000,3766.8000,3767.6000,1,1,1,3,1,2,1,1,1,1
SF,IF2007,2020-05-27 11:08:27.700,3763.6000,8067,0,1899304020.000,0,-,-,-,-,3763.4000,3763.2000,3763.0000,3762.0000,3761.6000,3764.8000,3765.0000,3765.6000,3766.8000,3767.6000,1,1,3,1,1,2,1,1,1,1
SF,IF2007,2020-05-27 11:08:28.200,3763.6000,8067,0,1899304020.000,0,-,-,-,-,3763.2000,3763.0000,3762.0000,3761.6000,3761.2000,3764.6000,3764.8000,3765.6000,3766.8000,3767.6000,1,3,1,1,2,1,2,1,1,1
SF,IF2007,2020-05-27 11:08:29.200,3763.6000,8067,0,1899304020.000,0,-,-,-,-,3763.2000,3763.0000,3762.0000,3761.6000,3761.2000,3764.2000,3764.8000,3765.6000,3766.8000,3767.6000,1,3,1,1,2,1,2,1,1,1
SF,IF2007,2020-05-27 11:08:29.700,3763.6000,8067,0,1899304020.000,0,-,-,-,-,3763.2000,3763.0000,3762.0000,3761.6000,3761.2000,3764.2000,3765.6000,3766.8000,3767.6000,3767.8000,1,3,1,1,2,1,1,1,1,2
SF,IF2007,2020-05-27 11:08:30.700,3763.6000,8067,0,1899304020.000,0,-,-,-,-,3763.2000,3763.0000,3762.0000,3761.6000,3761.2000,3763.8000,3764.2000,3765.6000,3766.8000,3767.6000,1,3,1,1,2,1,1,1,1,1
SF,IF2007,2020-05-27 11:08:33.700,3763.8000,8068,1,1900433160.000,1,1,0,双开,S,3763.2000,3763.0000,3762.0000,3761.6000,3761.2000,3764.2000,3765.6000,3766.8000,3767.6000,3767.8000,1,3,1,1,2,1,1,1,1,2
SF,IF2007,2020-05-27 11:08:34.200,3763.8000,8068,0,1900433160.000,0,-,-,-,-,3763.2000,3763.0000,3762.0000,3761.6000,3761.2000,3764.2000,3765.6000,3766.8000,3767.6000,3767.8000,1,3,1,1,2,1,1,1,1,2
SF,IF2007,2020-05-27 11:08:41.200,3763.8000,8068,0,1900433160.000,0,-,-,-,-,3763.4000,3763.2000,3763.0000,3762.0000,3761.6000,3764.2000,3765.6000,3766.8000,3767.6000,3767.8000,1,1,3,1,1,1,1,1,1,2
SF,IF2007,2020-05-27 11:08:42.700,3764.2000,8068,0,1902691440.000,2,1,1,多换,S,3763.2000,3763.0000,3762.0000,3761.6000,3761.2000,3765.6000,3766.8000,3767.6000,3767.8000,3768.0000,1,3,1,1,2,1,1,1,2,1
SF,IF2007,2020-05-27 11:08:43.200,3764.2000,8068,0,1902691440.000,0,-,-,-,-,3764.2000,3763.4000,3763.2000,3763.0000,3762.0000,3764.6000,3765.0000,3765.2000,3765.4000,3765.6000,1,1,1,3,1,1,1,1,2,1
SF,IF2007,2020-05-27 11:08:43.700,3764.2000,8069,1,1903820700.000,1,1,0,双开,S,3763.4000,3763.2000,3763.0000,3762.0000,3761.6000,3764.2000,3765.2000,3765.4000,3765.6000,3766.8000,1,1,3,1,1,1,1,2,1,1
SF,IF2007,2020-05-27 11:08:44.200,3764.2000,8069,0,1903820700.000,0,-,-,-,-,3763.4000,3763.2000,3763.0000,3762.0000,3761.6000,3765.2000,3765.4000,3765.6000,3766.8000,3767.6000,1,1,3,1,1,1,2,1,1,1
SF,IF2007,2020-05-27 11:08:44.700,3764.2000,8069,0,1903820700.000,0,-,-,-,-,3763.4000,3763.2000,3763.0000,3762.0000,3761.6000,3764.6000,3765.0000,3765.2000,3765.4000,3765.6000,1,1,3,1,1,1,2,1,2,1
SF,IF2007,2020-05-27 11:08:45.200,3764.2000,8069,0,1903820700.000,0,-,-,-,-,3763.4000,3763.2000,3763.0000,3762.0000,3761.6000,3764.4000,3764.6000,3765.0000,3765.2000,3765.4000,1,1,3,1,1,1,1,2,1,2
SF,IF2007,2020-05-27 11:08:45.700,3764.2000,8069,0,1903820700.000,0,-,-,-,-,3763.4000,3763.2000,3763.0000,3762.0000,3761.6000,3764.4000,3764.6000,3765.0000,3765.2000,3765.4000,1,1,3,1,1,1,1,2,1,1
SF,IF2007,2020-05-27 11:08:47.700,3764.2000,8069,0,1903820700.000,0,-,-,-,-,3763.4000,3763.2000,3763.0000,3762.0000,3761.6000,3764.2000,3764.4000,3764.6000,3765.0000,3765.2000,1,1,3,1,1,1,1,1,2,1
SF,IF2007,2020-05-27 11:08:49.700,3764.2000,8069,0,1903820700.000,0,-,-,-,-,3763.2000,3763.0000,3762.0000,3761.6000,3761.2000,3764.2000,3764.4000,3764.6000,3765.0000,3765.2000,1,3,1,1,2,1,1,1,2,1
SF,IF2007,2020-05-27 11:08:52.200,3764.2000,8069,0,1903820700.000,0,-,-,-,-,3763.2000,3763.0000,3762.0000,3761.6000,3761.2000,3764.2000,3764.4000,3765.0000,3765.2000,3765.4000,1,3,1,1,2,1,1,2,1,1
SF,IF2007,2020-05-27 11:08:57.200,3764.2000,8069,0,1903820700.000,0,-,-,-,-,3763.2000,3763.0000,3762.0000,3761.6000,3761.2000,3764.2000,3764.4000,3765.0000,3765.2000,3765.4000,2,3,1,1,2,1,1,2,1,1
SF,IF2007,2020-05-27 11:08:58.200,3764.2000,8069,0,1903820700.000,0,-,-,-,-,3763.2000,3763.0000,3762.0000,3761.6000,3761.2000,3764.4000,3765.0000,3765.2000,3765.4000,3765.6000,2,3,1,1,2,1,2,1,1,1
SF,IF2007,2020-05-27 11:09:00.200,3764.2000,8069,0,1903820700.000,0,-,-,-,-,3763.2000,3763.0000,3762.0000,3761.6000,3761.2000,3764.2000,3765.0000,3765.2000,3765.4000,3765.6000,2,3,1,1,2,2,2,1,1,1
SF,IF2007,2020-05-27 11:09:00.700,3764.2000,8069,0,1903820700.000,0,-,-,-,-,3763.2000,3763.0000,3762.0000,3761.6000,3761.2000,3764.2000,3765.0000,3765.2000,3765.4000,3765.6000,2,3,1,1,2,3,2,1,1,1
SF,IF2007,2020-05-27 11:09:01.200,3763.2000,8070,1,1904949660.000,1,1,0,双开,S,3763.2000,3763.0000,3762.0000,3761.6000,3761.2000,3764.2000,3765.0000,3765.2000,3765.4000,3765.6000,1,3,1,1,2,3,2,1,1,1
SF,IF2007,2020-05-27 11:09:02.700,3763.0000,8071,1,1907207520.000,2,1,1,空开,S,3763.0000,3762.0000,3761.6000,3761.2000,3761.0000,3764.2000,3765.0000,3765.2000,3765.4000,3765.6000,2,1,1,2,6,3,2,1,1,1
SF,IF2007,2020-05-27 11:09:03.200,3763.0000,8071,0,1907207520.000,0,-,-,-,-,3763.0000,3762.0000,3761.6000,3761.2000,3761.0000,3764.0000,3764.2000,3765.0000,3765.2000,3765.4000,2,1,1,2,6,1,2,2,1,1
SF,IF2007,2020-05-27 11:09:03.700,3763.0000,8073,2,1909465320.000,2,2,0,双开,S,3762.0000,3761.6000,3761.2000,3761.0000,3760.2000,3763.6000,3763.8000,3764.0000,3764.2000,3765.0000,1,1,2,6,2,1,1,1,1,2
SF,IF2007,2020-05-27 11:09:04.200,3763.0000,8073,0,1909465320.000,0,-,-,-,-,3762.2000,3762.0000,3761.6000,3761.2000,3761.0000,3763.6000,3763.8000,3764.2000,3765.0000,3765.2000,1,1,1,2,6,1,1,1,2,1
SF,IF2007,2020-05-27 11:09:04.700,3762.2000,8074,1,1910593980.000,1,1,0,双开,S,3762.0000,3761.6000,3761.2000,3761.0000,3760.2000,3763.4000,3763.6000,3764.2000,3765.0000,3765.2000,1,1,2,6,2,1,1,1,2,1
SF,IF2007,2020-05-27 11:09:05.700,3762.2000,8074,0,1910593980.000,0,-,-,-,-,3762.0000,3761.6000,3761.2000,3761.0000,3760.2000,3763.0000,3763.6000,3764.2000,3765.0000,3765.2000,1,1,2,6,2,2,1,1,2,1
SF,IF2007,2020-05-27 11:09:06.700,3762.2000,8074,0,1910593980.000,0,-,-,-,-,3762.0000,3761.6000,3761.2000,3761.0000,3760.2000,3763.0000,3763.6000,3764.2000,3765.0000,3765.2000,1,1,2,6,2,1,1,1,2,1
SF,IF2007,2020-05-27 11:09:07.200,3762.2000,8074,0,1910593980.000,0,-,-,-,-,3762.0000,3761.6000,3761.2000,3761.0000,3760.2000,3763.0000,3763.6000,3764.2000,3765.0000,3765.2000,1,1,2,6,2,1,1,1,2,1
SF,IF2007,2020-05-27 11:09:08.200,3762.2000,8074,0,1910593980.000,0,-,-,-,-,3762.0000,3761.6000,3761.2000,3761.0000,3760.2000,3762.8000,3763.6000,3764.2000,3765.0000,3765.2000,1,1,2,6,2,1,1,1,2,1
SF,IF2007,2020-05-27 11:09:09.700,3762.2000,8074,0,1910593980.000,0,-,-,-,-,3762.0000,3761.6000,3761.2000,3761.0000,3760.2000,3762.8000,3763.6000,3765.0000,3765.2000,3765.4000,1,1,2,6,2,1,1,2,1,1
SF,IF2007,2020-05-27 11:09:10.200,3762.2000,8074,0,1910593980.000,0,-,-,-,-,3762.0000,3761.6000,3761.2000,3761.0000,3760.2000,3762.8000,3763.6000,3765.0000,3765.2000,3765.4000,1,1,2,6,2,1,1,2,1,1
SF,IF2007,2020-05-27 11:09:14.700,3762.2000,8074,0,1910593980.000,0,-,-,-,-,3762.0000,3761.6000,3761.2000,3761.0000,3760.2000,3763.6000,3765.0000,3765.2000,3765.4000,3765.6000,1,1,2,6,2,1,2,1,1,1
SF,IF2007,2020-05-27 11:09:15.200,3762.2000,8074,0,1910593980.000,0,-,-,-,-,3762.0000,3761.6000,3761.2000,3761.0000,3760.2000,3763.2000,3763.4000,3763.6000,3765.0000,3765.2000,1,1,2,6,2,1,1,1,2,1
SF,IF2007,2020-05-27 11:09:15.700,3762.2000,8074,0,1910593980.000,0,-,-,-,-,3762.0000,3761.6000,3761.2000,3761.0000,3760.2000,3763.0000,3763.6000,3765.0000,3765.2000,3765.4000,1,1,2,6,2,1,1,2,1,1
SF,IF2007,2020-05-27 11:09:16.200,3762.2000,8074,0,1910593980.000,0,-,-,-,-,3762.0000,3761.6000,3761.2000,3761.0000,3760.2000,3763.0000,3763.6000,3765.0000,3765.2000,3765.4000,1,1,2,6,2,1,1,2,1,1
SF,IF2007,2020-05-27 11:09:22.700,3762.0000,8074,0,1911722580.000,1,0,1,多换,S,3761.6000,3761.2000,3761.0000,3760.2000,3760.0000,3763.0000,3763.6000,3765.0000,3765.2000,3765.4000,1,2,6,2,2,1,1,2,1,1
SF,IF2007,2020-05-27 11:09:23.200,3762.0000,8074,0,1911722580.000,0,-,-,-,-,3762.0000,3761.8000,3761.2000,3761.0000,3760.2000,3763.0000,3763.6000,3765.0000,3765.2000,3765.4000,1,1,2,6,2,1,1,2,1,1
SF,IF2007,2020-05-27 11:09:30.700,3762.0000,8075,1,1912851180.000,1,1,0,双开,S,3761.2000,3761.0000,3760.2000,3760.0000,3758.0000,3762.6000,3762.8000,3763.6000,3765.4000,3765.6000,2,6,2,2,2,1,3,1,1,1
SF,IF2007,2020-05-27 11:09:31.200,3762.0000,8075,0,1912851180.000,0,-,-,-,-,3761.2000,3761.0000,3760.2000,3760.0000,3758.0000,3762.0000,3762.2000,3762.4000,3762.8000,3763.6000,2,6,2,2,2,1,1,3,2,1
SF,IF2007,2020-05-27 11:09:31.700,3761.0000,8079,4,1917364500.000,4,4,0,双开,S,3761.0000,3760.2000,3760.0000,3758.0000,3756.8000,3761.8000,3762.0000,3762.4000,3762.8000,3763.6000,4,2,2,2,3,3,2,2,2,1
SF,IF2007,2020-05-27 11:09:32.200,3761.0000,8082,3,1921877700.000,4,3,1,空开,S,3760.2000,3760.0000,3758.0000,3756.8000,3755.0000,3760.6000,3761.0000,3761.8000,3762.0000,3762.4000,2,2,2,3,6,1,1,3,2,2
SF,IF2007,2020-05-27 11:09:32.700,3761.0000,8082,0,1924134180.000,2,1,1,多换,S,3760.2000,3760.0000,3758.0000,3756.8000,3755.0000,3761.8000,3762.0000,3762.4000,3762.8000,3763.6000,2,2,2,3,6,1,2,2,2,1
SF,IF2007,2020-05-27 11:09:33.200,3761.0000,8082,0,1924134180.000,0,-,-,-,-,3760.2000,3760.0000,3758.0000,3756.8000,3755.0000,3761.2000,3761.4000,3761.6000,3761.8000,3762.0000,2,2,2,3,6,1,3,1,1,2
SF,IF2007,2020-05-27 11:09:33.700,3761.0000,8082,0,1924134180.000,0,-,-,-,-,3760.2000,3760.0000,3758.0000,3756.8000,3755.0000,3761.2000,3761.4000,3761.6000,3761.8000,3762.0000,2,2,2,3,6,1,2,1,1,1
SF,IF2007,2020-05-27 11:09:34.200,3760.4000,8083,1,1925262300.000,1,1,0,双开,S,3760.2000,3760.0000,3758.0000,3756.8000,3755.0000,3761.2000,3761.4000,3761.6000,3761.8000,3762.0000,2,2,2,3,6,1,2,1,1,1
SF,IF2007,2020-05-27 11:09:35.200,3760.4000,8083,0,1925262300.000,0,-,-,-,-,3760.4000,3760.2000,3760.0000,3758.0000,3756.8000,3761.2000,3761.4000,3761.6000,3761.8000,3762.0000,1,2,2,2,3,1,2,1,1,1
SF,IF2007,2020-05-27 11:09:37.200,3760.4000,8083,0,1925262300.000,0,-,-,-,-,3760.4000,3760.2000,3760.0000,3758.0000,3756.8000,3761.4000,3761.8000,3762.0000,3762.4000,3763.6000,1,2,2,2,3,1,1,1,1,1
SF,IF2007,2020-05-27 11:09:37.700,3760.4000,8083,0,1925262300.000,0,-,-,-,-,3760.4000,3760.2000,3760.0000,3758.0000,3756.8000,3761.4000,3761.8000,3762.4000,3763.6000,3765.6000,1,2,2,2,3,1,1,1,1,1
SF,IF2007,2020-05-27 11:09:42.200,3760.4000,8083,0,1926390420.000,1,0,1,多换,S,3760.2000,3760.0000,3758.0000,3756.8000,3755.0000,3761.4000,3761.8000,3762.4000,3763.6000,3765.6000,2,2,2,3,6,1,1,1,1,1
SF,IF2007,2020-05-27 11:09:42.700,3760.4000,8083,0,1926390420.000,0,-,-,-,-,3760.2000,3760.0000,3758.0000,3756.8000,3755.0000,3761.2000,3761.4000,3761.8000,3762.4000,3763.6000,2,2,2,3,6,1,1,1,1,1
SF,IF2007,2020-05-27 11:09:44.200,3760.4000,8083,0,1926390420.000,0,-,-,-,-,3760.4000,3760.2000,3760.0000,3758.0000,3756.8000,3761.2000,3761.4000,3761.8000,3762.4000,3763.6000,1,2,2,2,3,1,1,1,1,1
SF,IF2007,2020-05-27 11:09:44.700,3760.4000,8083,0,1926390420.000,0,-,-,-,-,3760.4000,3760.2000,3760.0000,3758.0000,3756.8000,3761.2000,3761.4000,3761.8000,3762.4000,3763.6000,1,2,2,2,3,1,1,1,1,1
SF,IF2007,2020-05-27 11:09:46.200,3760.4000,8083,0,1926390420.000,0,-,-,-,-,3760.4000,3760.2000,3760.0000,3758.0000,3756.8000,3760.8000,3761.4000,3762.4000,3763.6000,3765.6000,1,2,2,2,3,1,1,1,1,1
SF,IF2007,2020-05-27 11:09:47.200,3760.4000,8083,0,1927518540.000,1,0,1,多换,S,3760.2000,3760.0000,3758.0000,3756.8000,3755.0000,3760.8000,3761.4000,3762.4000,3763.6000,3765.6000,2,2,2,3,6,1,1,1,1,1
SF,IF2007,2020-05-27 11:09:47.700,3760.4000,8083,0,1927518540.000,0,-,-,-,-,3760.2000,3760.0000,3758.0000,3756.8000,3755.0000,3760.8000,3761.4000,3762.4000,3763.6000,3765.6000,2,2,2,3,6,1,1,1,1,1
SF,IF2007,2020-05-27 11:09:48.700,3760.2000,8083,0,1929774660.000,2,1,1,多换,S,3760.0000,3758.0000,3756.8000,3755.0000,3750.0000,3760.8000,3761.4000,3762.4000,3763.6000,3765.6000,2,2,3,6,1,1,1,1,1,1
SF,IF2007,2020-05-27 11:09:49.200,3760.2000,8083,0,1929774660.000,0,-,-,-,-,3760.0000,3758.0000,3756.8000,3755.0000,3750.0000,3760.4000,3761.4000,3762.4000,3763.6000,3765.6000,2,2,3,6,1,1,1,1,1,1
SF,IF2007,2020-05-27 11:09:50.200,3760.0000,8085,2,1932030660.000,2,2,0,双开,S,3758.0000,3756.8000,3755.0000,3750.0000,3747.6000,3760.4000,3761.4000,3762.4000,3763.6000,3765.6000,2,3,6,1,1,1,1,1,1,1
SF,IF2007,2020-05-27 11:09:50.700,3760.0000,8085,0,1932030660.000,0,-,-,-,-,3758.6000,3758.2000,3758.0000,3755.0000,3754.6000,3760.0000,3760.2000,3761.4000,3762.4000,3763.6000,2,3,2,6,3,1,1,1,1,1
SF,IF2007,2020-05-27 11:09:51.200,3760.0000,8085,0,1932030660.000,0,-,-,-,-,3758.6000,3758.2000,3758.0000,3755.0000,3754.6000,3760.0000,3760.2000,3761.4000,3762.4000,3763.6000,2,3,2,6,3,2,1,1,1,1
SF,IF2007,2020-05-27 11:09:51.700,3760.0000,8084,-1,1933158660.000,1,0,1,双平,S,3758.6000,3758.2000,3758.0000,3756.0000,3755.0000,3760.0000,3760.2000,3761.4000,3762.4000,3763.6000,2,3,2,1,6,1,1,1,1,1
SF,IF2007,2020-05-27 11:09:52.200,3760.0000,8084,0,1933158660.000,0,-,-,-,-,3759.0000,3758.6000,3758.2000,3758.0000,3756.0000,3760.0000,3760.2000,3761.4000,3762.4000,3763.6000,1,2,3,2,1,1,1,1,1,1
SF,IF2007,2020-05-27 11:09:52.700,3760.0000,8084,0,1933158660.000,0,-,-,-,-,3759.0000,3758.6000,3758.2000,3758.0000,3756.0000,3760.0000,3760.2000,3761.4000,3762.4000,3763.6000,1,2,3,2,1,1,1,1,1,1
SF,IF2007,2020-05-27 11:09:53.200,3760.0000,8084,0,1933158660.000,0,-,-,-,-,3759.0000,3758.6000,3758.2000,3758.0000,3756.2000,3760.0000,3760.2000,3761.4000,3762.4000,3763.6000,1,2,3,2,1,1,1,1,1,1
SF,IF2007,2020-05-27 11:09:53.700,3760.0000,8084,0,1933158660.000,0,-,-,-,-,3759.0000,3758.6000,3758.2000,3758.0000,3756.2000,3760.0000,3760.2000,3761.4000,3762.4000,3763.6000,1,2,3,2,1,1,1,1,1,1
SF,IF2007,2020-05-27 11:09:54.200,3760.0000,8084,0,1933158660.000,0,-,-,-,-,3759.0000,3758.6000,3758.2000,3758.0000,3756.2000,3760.0000,3760.2000,3761.4000,3762.4000,3763.6000,1,2,3,2,1,1,1,1,1,1
SF,IF2007,2020-05-27 11:09:54.700,3760.0000,8084,0,1933158660.000,0,-,-,-,-,3759.4000,3758.6000,3758.2000,3758.0000,3756.2000,3760.2000,3761.4000,3762.4000,3763.6000,3765.0000,1,2,3,2,1,1,1,1,1,5
SF,IF2007,2020-05-27 11:09:55.200,3760.0000,8084,0,1933158660.000,0,-,-,-,-,3759.4000,3758.6000,3758.2000,3758.0000,3756.2000,3760.2000,3761.4000,3762.4000,3763.6000,3765.0000,1,1,3,2,1,1,1,1,1,5
SF,IF2007,2020-05-27 11:09:55.700,3760.0000,8084,0,1933158660.000,0,-,-,-,-,3759.4000,3758.6000,3758.2000,3758.0000,3756.2000,3761.4000,3762.4000,3763.6000,3765.0000,3765.6000,1,1,3,2,1,1,1,1,5,1
SF,IF2007,2020-05-27 11:09:56.200,3760.0000,8084,0,1933158660.000,0,-,-,-,-,3759.4000,3758.6000,3758.2000,3758.0000,3756.2000,3760.8000,3761.0000,3761.2000,3761.4000,3762.4000,1,1,3,2,1,2,2,2,1,1
SF,IF2007,2020-05-27 11:09:56.700,3760.0000,8084,0,1933158660.000,0,-,-,-,-,3759.4000,3758.6000,3758.2000,3758.0000,3756.2000,3760.8000,3761.0000,3761.2000,3762.4000,3763.6000,1,1,2,2,1,2,2,1,1,1
SF,IF2007,2020-05-27 11:09:57.700,3760.0000,8084,0,1933158660.000,0,-,-,-,-,3759.4000,3758.6000,3758.2000,3758.0000,3756.2000,3760.8000,3761.0000,3761.2000,3762.4000,3763.6000,1,1,2,2,1,2,1,1,1,1
SF,IF2007,2020-05-27 11:09:58.700,3760.8000,8084,0,1934286900.000,1,0,1,多换,S,3759.4000,3758.6000,3758.2000,3758.0000,3756.2000,3760.8000,3761.0000,3761.2000,3762.4000,3763.6000,1,1,2,2,1,1,1,1,1,1
SF,IF2007,2020-05-27 11:09:59.200,3760.8000,8084,0,1934286900.000,0,-,-,-,-,3759.6000,3759.4000,3758.6000,3758.2000,3758.0000,3760.8000,3761.0000,3761.2000,3762.4000,3763.6000,1,1,1,2,2,1,1,1,1,1
SF,IF2007,2020-05-27 11:09:59.700,3760.8000,8084,0,1934286900.000,0,-,-,-,-,3759.8000,3759.6000,3758.6000,3758.2000,3758.0000,3760.8000,3761.2000,3762.4000,3763.6000,3765.6000,1,1,1,2,2,1,1,1,1,1
SF,IF2007,2020-05-27 11:10:01.200,3760.8000,8084,0,1934286900.000,0,-,-,-,-,3759.8000,3759.6000,3758.6000,3758.2000,3758.0000,3760.8000,3762.4000,3763.6000,3765.6000,3766.8000,1,1,1,2,2,1,1,1,1,1
SF,IF2007,2020-05-27 11:10:01.700,3760.8000,8084,0,1934286900.000,0,-,-,-,-,3759.8000,3759.6000,3758.6000,3758.2000,3758.0000,3760.6000,3760.8000,3762.4000,3763.6000,3765.6000,1,1,1,2,2,1,1,1,1,1
SF,IF2007,2020-05-27 11:10:02.200,3760.8000,8084,0,1934286900.000,0,-,-,-,-,3759.8000,3759.6000,3758.6000,3758.2000,3758.0000,3760.6000,3760.8000,3762.4000,3763.6000,3765.6000,1,1,1,3,2,1,1,1,1,1
SF,IF2007,2020-05-27 11:10:03.700,3759.8000,8084,0,1935414840.000,1,0,1,多换,S,3759.6000,3758.6000,3758.2000,3758.0000,3756.6000,3760.6000,3760.8000,3762.4000,3763.6000,3765.6000,1,1,3,2,1,1,1,1,1,1
SF,IF2007,2020-05-27 11:10:04.200,3759.8000,8084,0,1935414840.000,0,-,-,-,-,3759.6000,3758.6000,3758.2000,3758.0000,3756.6000,3760.4000,3760.6000,3760.8000,3762.4000,3763.6000,1,1,3,2,1,1,1,1,1,1
SF,IF2007,2020-05-27 11:10:05.200,3759.8000,8084,0,1935414840.000,0,-,-,-,-,3759.6000,3758.6000,3758.2000,3758.0000,3756.6000,3760.4000,3760.6000,3760.8000,3762.4000,3763.6000,1,1,3,2,1,1,1,1,1,1
SF,IF2007,2020-05-27 11:10:08.200,3759.8000,8084,0,1935414840.000,0,-,-,-,-,3759.6000,3758.6000,3758.2000,3758.0000,3756.6000,3760.4000,3760.6000,3760.8000,3762.4000,3763.0000,1,1,3,2,1,1,1,1,1,1
SF,IF2007,2020-05-27 11:10:08.700,3759.8000,8084,0,1935414840.000,0,-,-,-,-,3759.6000,3758.6000,3758.2000,3758.0000,3756.6000,3760.4000,3760.6000,3760.8000,3762.4000,3763.0000,1,1,3,2,1,1,1,1,1,1
SF,IF2007,2020-05-27 11:10:11.700,3759.8000,8084,0,1935414840.000,0,-,-,-,-,3758.6000,3758.2000,3758.0000,3756.6000,3756.2000,3760.4000,3760.6000,3760.8000,3762.4000,3763.0000,1,3,2,1,1,1,1,1,1,1
SF,IF2007,2020-05-27 11:10:12.200,3759.8000,8084,0,1935414840.000,0,-,-,-,-,3759.2000,3758.8000,3758.6000,3758.2000,3758.0000,3760.4000,3760.6000,3760.8000,3762.4000,3763.0000,1,1,1,3,2,1,1,1,1,1
SF,IF2007,2020-05-27 11:10:13.200,3759.8000,8084,0,1935414840.000,0,-,-,-,-,3759.4000,3759.2000,3758.8000,3758.6000,3758.2000,3760.4000,3760.6000,3760.8000,3762.4000,3763.0000,1,1,1,1,3,1,1,1,1,1
SF,IF2007,2020-05-27 11:10:13.700,3760.4000,8084,0,1936542960.000,1,0,1,多换,S,3759.6000,3759.4000,3758.8000,3758.6000,3758.2000,3760.6000,3760.8000,3762.4000,3763.0000,3763.6000,2,1,1,1,3,1,1,1,1,1
SF,IF2007,2020-05-27 11:10:14.700,3760.4000,8084,0,1936542960.000,0,-,-,-,-,3760.0000,3759.6000,3759.4000,3758.8000,3758.6000,3760.6000,3762.4000,3763.0000,3763.6000,3765.6000,1,1,1,1,1,1,1,1,1,1
SF,IF2007,2020-05-27 11:10:15.200,3760.4000,8084,0,1936542960.000,0,-,-,-,-,3760.0000,3759.6000,3758.8000,3758.6000,3758.2000,3760.6000,3762.4000,3763.0000,3763.6000,3765.6000,1,1,1,1,3,1,1,1,1,1
SF,IF2007,2020-05-27 11:10:18.200,3760.4000,8084,0,1936542960.000,0,-,-,-,-,3760.0000,3759.6000,3758.8000,3758.6000,3758.2000,3760.6000,3762.4000,3763.0000,3763.6000,3765.6000,1,1,1,1,3,1,1,1,1,1
SF,IF2007,2020-05-27 11:10:19.200,3760.6000,8085,1,1937671140.000,1,1,0,双开,S,3760.0000,3759.6000,3758.8000,3758.6000,3758.2000,3762.4000,3763.0000,3763.6000,3765.6000,3768.0000,1,1,1,1,3,1,1,1,1,1
SF,IF2007,2020-05-27 11:10:19.700,3760.6000,8085,0,1937671140.000,0,-,-,-,-,3760.0000,3758.8000,3758.6000,3758.2000,3758.0000,3761.4000,3761.8000,3762.0000,3762.2000,3763.0000,1,1,1,3,2,1,3,2,3,1
SF,IF2007,2020-05-27 11:10:20.200,3760.6000,8085,0,1937671140.000,0,-,-,-,-,3760.0000,3758.6000,3758.2000,3758.0000,3756.6000,3761.4000,3761.8000,3762.0000,3762.2000,3763.0000,1,1,3,2,1,1,2,2,3,1
SF,IF2007,2020-05-27 11:10:21.200,3760.6000,8085,0,1937671140.000,0,-,-,-,-,3760.0000,3758.6000,3758.2000,3758.0000,3756.6000,3761.2000,3761.4000,3761.8000,3762.0000,3762.2000,1,1,3,2,1,1,1,2,2,3
SF,IF2007,2020-05-27 11:10:21.700,3760.6000,8085,0,1937671140.000,0,-,-,-,-,3760.0000,3758.6000,3758.2000,3758.0000,3756.6000,3761.2000,3761.4000,3761.8000,3762.0000,3762.2000,1,1,3,2,1,1,1,1,2,3
SF,IF2007,2020-05-27 11:10:22.200,3760.0000,8085,0,1938799140.000,1,0,1,多换,S,3758.6000,3758.2000,3758.0000,3756.6000,3755.0000,3761.2000,3761.4000,3761.8000,3762.0000,3762.2000,1,3,2,1,6,1,1,1,2,3
SF,IF2007,2020-05-27 11:10:22.700,3760.0000,8085,0,1938799140.000,0,-,-,-,-,3760.0000,3759.8000,3759.4000,3758.8000,3758.6000,3760.8000,3761.2000,3761.4000,3761.8000,3762.0000,1,1,2,3,1,1,1,1,1,2
SF,IF2007,2020-05-27 11:10:23.200,3760.0000,8085,0,1938799140.000,0,-,-,-,-,3760.0000,3759.8000,3759.4000,3758.8000,3758.6000,3760.8000,3761.2000,3761.4000,3761.8000,3762.2000,1,1,1,3,1,1,1,1,1,1
SF,IF2007,2020-05-27 11:10:23.700,3760.8000,8085,0,1939927380.000,1,0,1,多换,S,3760.4000,3760.2000,3760.0000,3759.4000,3758.8000,3761.2000,3761.4000,3761.8000,3762.2000,3763.0000,1,1,1,1,3,1,1,1,1,1
SF,IF2007,2020-05-27 11:10:24.200,3761.2000,8085,0,1941055740.000,1,0,1,多换,S,3760.4000,3760.2000,3760.0000,3759.4000,3758.8000,3761.4000,3762.2000,3763.0000,3763.6000,3765.6000,1,1,1,1,3,1,1,1,1,1
SF,IF2007,2020-05-27 11:10:24.700,3761.4000,8086,1,1942184160.000,1,1,0,双开,S,3760.8000,3760.6000,3760.0000,3759.4000,3758.8000,3763.0000,3763.6000,3765.6000,3768.0000,3769.8000,1,2,1,1,3,1,1,1,1,2
SF,IF2007,2020-05-27 11:10:25.200,3761.4000,8086,0,1942184160.000,0,-,-,-,-,3761.2000,3761.0000,3760.6000,3760.0000,3759.4000,3762.6000,3762.8000,3763.0000,3763.6000,3765.6000,1,1,1,1,1,1,4,1,1,1
SF,IF2007,2020-05-27 11:10:26.200,3761.4000,8086,0,1942184160.000,0,-,-,-,-,3761.4000,3761.2000,3760.6000,3760.0000,3759.4000,3762.6000,3762.8000,3763.0000,3763.6000,3765.6000,1,1,1,1,1,1,4,1,1,1
SF,IF2007,2020-05-27 11:10:26.700,3761.4000,8086,0,1942184160.000,0,-,-,-,-,3761.6000,3761.4000,3760.6000,3760.0000,3759.4000,3762.8000,3763.0000,3763.6000,3765.6000,3768.0000,1,1,1,1,1,4,1,1,1,1
SF,IF2007,2020-05-27 11:10:27.200,3761.4000,8086,0,1942184160.000,0,-,-,-,-,3761.6000,3761.4000,3760.6000,3760.0000,3759.4000,3762.8000,3763.0000,3763.6000,3765.6000,3768.0000,1,1,1,1,1,2,1,1,1,1
SF,IF2007,2020-05-27 11:10:29.200,3761.4000,8086,0,1942184160.000,0,-,-,-,-,3761.6000,3761.4000,3760.6000,3760.0000,3759.4000,3762.6000,3762.8000,3763.0000,3763.6000,3765.6000,1,1,1,1,1,2,2,1,1,1
SF,IF2007,2020-05-27 11:10:29.700,3761.4000,8086,0,1942184160.000,0,-,-,-,-,3761.4000,3760.6000,3760.0000,3759.4000,3758.8000,3762.4000,3762.6000,3762.8000,3763.0000,3763.6000,1,1,1,1,1,1,2,1,1,1
SF,IF2007,2020-05-27 11:10:30.200,3761.4000,8086,0,1942184160.000,0,-,-,-,-,3761.4000,3760.6000,3760.0000,3759.4000,3758.8000,3762.4000,3762.6000,3762.8000,3763.0000,3763.6000,1,1,1,1,1,1,2,1,1,1
SF,IF2007,2020-05-27 11:10:30.700,3761.4000,8086,0,1942184160.000,0,-,-,-,-,3761.4000,3760.6000,3760.0000,3759.4000,3758.8000,3762.6000,3762.8000,3763.0000,3763.6000,3765.6000,1,1,1,1,1,1,1,1,1,1
SF,IF2007,2020-05-27 11:10:31.200,3761.4000,8086,0,1942184160.000,0,-,-,-,-,3761.6000,3761.4000,3760.6000,3760.0000,3759.4000,3762.6000,3762.8000,3763.0000,3763.6000,3765.6000,1,1,1,1,1,1,1,1,1,1
SF,IF2007,2020-05-27 11:10:32.200,3762.8000,8088,2,1944441780.000,2,2,0,双开,S,3762.4000,3761.8000,3761.6000,3760.6000,3760.0000,3763.0000,3763.6000,3765.6000,3768.0000,3769.8000,1,1,1,1,1,1,1,1,1,2
SF,IF2007,2020-05-27 11:10:32.700,3763.0000,8088,0,1945570680.000,1,0,1,多换,S,3760.6000,3760.0000,3759.4000,3758.8000,3758.6000,3763.6000,3765.6000,3768.0000,3769.8000,3770.0000,1,1,1,1,1,1,1,1,2,5
SF,IF2007,2020-05-27 11:10:33.200,3763.0000,8088,0,1945570680.000,0,-,-,-,-,3762.0000,3761.4000,3761.2000,3761.0000,3760.8000,3763.6000,3765.6000,3768.0000,3769.8000,3770.0000,3,1,3,1,3,1,1,1,2,5
SF,IF2007,2020-05-27 11:10:33.700,3763.0000,8088,0,1945570680.000,0,-,-,-,-,3762.6000,3762.4000,3761.2000,3761.0000,3760.8000,3763.6000,3765.6000,3768.0000,3769.8000,3770.0000,1,1,1,1,1,1,1,1,2,5
SF,IF2007,2020-05-27 11:10:34.200,3763.0000,8088,0,1945570680.000,0,-,-,-,-,3762.6000,3762.4000,3761.2000,3761.0000,3760.8000,3763.6000,3765.6000,3768.0000,3769.8000,3770.0000,1,1,1,1,1,4,1,1,2,5
SF,IF2007,2020-05-27 11:10:34.700,3763.0000,8088,0,1945570680.000,0,-,-,-,-,3762.4000,3761.2000,3761.0000,3760.8000,3760.6000,3763.6000,3765.6000,3768.0000,3769.8000,3770.0000,1,1,1,1,1,4,1,1,2,5
SF,IF2007,2020-05-27 11:10:35.200,3763.0000,8088,0,1945570680.000,0,-,-,-,-,3762.4000,3761.2000,3761.0000,3760.6000,3760.0000,3763.6000,3765.6000,3768.0000,3769.8000,3770.0000,1,1,1,1,1,4,1,1,2,5
SF,IF2007,2020-05-27 11:10:35.700,3763.0000,8088,0,1945570680.000,0,-,-,-,-,3762.4000,3761.2000,3761.0000,3760.6000,3760.0000,3763.6000,3765.2000,3765.6000,3768.0000,3769.8000,1,1,1,1,1,4,1,1,1,2
SF,IF2007,2020-05-27 11:10:37.700,3762.4000,8089,1,1946699400.000,1,1,0,双开,S,3761.2000,3761.0000,3760.6000,3760.0000,3759.4000,3763.6000,3765.2000,3765.6000,3768.0000,3769.8000,1,1,1,1,1,4,1,1,1,2
SF,IF2007,2020-05-27 11:10:38.200,3762.4000,8089,0,1946699400.000,0,-,-,-,-,3762.0000,3761.8000,3761.4000,3761.2000,3760.6000,3763.4000,3763.6000,3765.2000,3765.6000,3768.0000,2,2,2,1,1,1,4,1,1,1
SF,IF2007,2020-05-27 11:10:38.700,3762.4000,8089,0,1946699400.000,0,-,-,-,-,3762.4000,3762.0000,3761.8000,3761.4000,3761.2000,3763.4000,3763.6000,3765.2000,3765.6000,3768.0000,2,1,2,2,1,1,4,1,1,1
SF,IF2007,2020-05-27 11:10:39.200,3762.4000,8089,0,1946699400.000,0,-,-,-,-,3762.4000,3762.0000,3761.4000,3761.2000,3760.6000,3763.4000,3763.6000,3765.2000,3765.6000,3768.0000,2,1,2,1,1,1,4,1,1,1
SF,IF2007,2020-05-27 11:10:40.200,3762.4000,8089,0,1946699400.000,0,-,-,-,-,3762.4000,3761.4000,3761.2000,3760.6000,3760.0000,3763.4000,3763.6000,3765.2000,3765.6000,3768.0000,2,2,1,1,1,1,4,1,1,1
SF,IF2007,2020-05-27 11:10:42.200,3762.4000,8089,0,1947828120.000,1,0,1,多换,S,3762.4000,3761.4000,3761.2000,3760.6000,3760.0000,3763.2000,3763.4000,3763.6000,3765.2000,3765.6000,1,2,1,1,1,1,1,4,1,1
SF,IF2007,2020-05-27 11:10:43.700,3762.4000,8089,0,1947828120.000,0,-,-,-,-,3762.4000,3761.4000,3761.2000,3760.6000,3760.0000,3763.2000,3763.4000,3763.6000,3765.2000,3765.6000,2,2,1,1,1,1,1,4,1,1
SF,IF2007,2020-05-27 11:10:50.200,3762.4000,8089,0,1947828120.000,0,-,-,-,-,3762.4000,3761.4000,3761.2000,3760.6000,3760.0000,3763.2000,3763.4000,3763.6000,3765.2000,3765.6000,1,2,1,1,1,1,1,4,1,1
SF,IF2007,2020-05-27 11:10:50.700,3762.4000,8089,0,1947828120.000,0,-,-,-,-,3761.4000,3761.2000,3760.6000,3760.0000,3759.4000,3763.2000,3763.4000,3763.6000,3765.2000,3765.6000,2,1,1,1,1,1,1,4,1,1
SF,IF2007,2020-05-27 11:10:51.200,3762.4000,8089,0,1947828120.000,0,-,-,-,-,3762.0000,3761.8000,3761.4000,3761.2000,3760.6000,3763.2000,3763.4000,3763.6000,3765.2000,3765.6000,1,1,2,1,1,1,1,4,1,1
SF,IF2007,2020-05-27 11:10:52.700,3762.4000,8089,0,1947828120.000,0,-,-,-,-,3762.0000,3761.8000,3761.4000,3761.2000,3760.6000,3762.8000,3763.4000,3763.6000,3765.2000,3765.6000,1,1,2,1,1,1,1,4,1,1
SF,IF2007,2020-05-27 11:10:53.700,3762.4000,8089,0,1947828120.000,0,-,-,-,-,3762.0000,3761.8000,3761.4000,3761.2000,3760.6000,3762.8000,3763.6000,3765.2000,3765.6000,3768.0000,1,1,2,1,1,1,4,1,1,1
SF,IF2007,2020-05-27 11:10:54.200,3762.4000,8089,0,1947828120.000,0,-,-,-,-,3761.8000,3761.4000,3761.2000,3760.6000,3760.0000,3762.8000,3763.6000,3765.2000,3765.6000,3768.0000,1,2,1,1,1,1,4,1,1,1
SF,IF2007,2020-05-27 11:10:57.700,3761.8000,8090,1,1948956660.000,1,1,0,双开,S,3761.2000,3760.6000,3760.0000,3759.4000,3758.6000,3762.4000,3762.6000,3763.6000,3765.2000,3765.6000,1,1,1,1,1,1,1,4,1,1
SF,IF2007,2020-05-27 11:10:58.200,3761.8000,8090,0,1948956660.000,0,-,-,-,-,3761.4000,3760.6000,3760.0000,3759.4000,3758.6000,3762.0000,3762.2000,3763.6000,3764.8000,3765.2000,1,1,1,1,1,1,1,4,1,1
SF,IF2007,2020-05-27 11:10:58.700,3761.8000,8090,0,1948956660.000,0,-,-,-,-,3760.6000,3760.0000,3759.4000,3758.6000,3758.2000,3761.8000,3763.6000,3764.8000,3765.2000,3765.6000,1,1,1,1,1,1,4,1,1,1
SF,IF2007,2020-05-27 11:10:59.200,3761.8000,8090,0,1948956660.000,0,-,-,-,-,3760.6000,3760.0000,3759.4000,3758.6000,3758.2000,3761.4000,3761.8000,3763.6000,3764.8000,3765.2000,1,1,1,1,1,1,1,4,1,1
SF,IF2007,2020-05-27 11:10:59.700,3761.4000,8090,0,1950085080.000,1,0,1,多换,S,3760.6000,3760.0000,3759.4000,3758.6000,3758.2000,3761.8000,3763.6000,3764.8000,3765.2000,3765.6000,1,1,1,1,1,1,4,1,1,1
SF,IF2007,2020-05-27 11:11:00.200,3761.8000,8091,1,1951213620.000,1,1,0,双开,S,3761.0000,3760.8000,3760.6000,3760.0000,3759.4000,3763.6000,3764.8000,3765.2000,3765.6000,3768.0000,2,2,1,1,1,4,1,1,1,1
SF,IF2007,2020-05-27 11:11:00.700,3761.8000,8091,0,1951213620.000,0,-,-,-,-,3761.4000,3761.0000,3760.8000,3760.6000,3760.0000,3762.6000,3762.8000,3763.0000,3763.2000,3763.4000,2,1,2,1,1,1,1,1,1,4
SF,IF2007,2020-05-27 11:11:01.200,3761.8000,8091,0,1951213620.000,0,-,-,-,-,3761.4000,3761.0000,3760.6000,3760.0000,3759.4000,3762.6000,3762.8000,3763.0000,3763.2000,3763.4000,2,1,1,1,1,1,1,1,1,4
SF,IF2007,2020-05-27 11:11:02.700,3761.4000,8092,1,1952342040.000,1,1,0,双开,S,3761.4000,3761.0000,3760.6000,3760.0000,3759.4000,3762.6000,3762.8000,3763.0000,3763.2000,3763.4000,1,1,1,1,1,1,1,1,1,4
SF,IF2007,2020-05-27 11:11:03.200,3761.4000,8092,0,1952342040.000,0,-,-,-,-,3761.4000,3761.0000,3760.6000,3760.0000,3759.4000,3762.6000,3762.8000,3763.0000,3763.2000,3763.4000,1,1,1,1,1,1,1,1,1,4
SF,IF2007,2020-05-27 11:11:10.200,3761.4000,8092,0,1952342040.000,0,-,-,-,-,3761.4000,3760.6000,3760.0000,3759.4000,3758.6000,3762.6000,3762.8000,3763.0000,3763.2000,3763.4000,2,1,1,1,1,1,1,1,1,4
SF,IF2007,2020-05-27 11:11:11.700,3761.4000,8092,0,1952342040.000,0,-,-,-,-,3761.6000,3761.4000,3760.6000,3760.0000,3759.4000,3762.6000,3762.8000,3763.0000,3763.2000,3763.4000,1,2,1,1,1,1,1,1,1,4
SF,IF2007,2020-05-27 11:11:13.700,3761.4000,8092,0,1952342040.000,0,-,-,-,-,3761.6000,3761.4000,3760.6000,3760.0000,3759.4000,3762.4000,3762.6000,3763.0000,3763.2000,3763.4000,1,2,1,1,1,1,1,1,1,4
SF,IF2007,2020-05-27 11:11:14.700,3761.4000,8092,0,1952342040.000,0,-,-,-,-,3761.4000,3760.6000,3760.0000,3759.4000,3758.6000,3762.4000,3762.6000,3763.0000,3763.2000,3763.4000,2,1,1,1,1,1,1,1,1,4
SF,IF2007,2020-05-27 11:11:17.700,3761.4000,8092,0,1952342040.000,0,-,-,-,-,3761.4000,3760.6000,3760.0000,3759.4000,3758.6000,3762.4000,3762.6000,3763.0000,3763.2000,3763.4000,1,1,1,1,1,1,1,1,1,4
SF,IF2007,2020-05-27 11:11:18.200,3762.4000,8092,0,1953470760.000,1,0,1,多换,S,3761.4000,3760.6000,3760.0000,3759.4000,3758.6000,3762.6000,3763.0000,3763.2000,3763.4000,3763.6000,1,1,1,1,1,1,1,1,4,4
SF,IF2007,2020-05-27 11:11:20.200,3762.4000,8092,0,1953470760.000,0,-,-,-,-,3761.8000,3761.6000,3760.6000,3760.0000,3759.4000,3762.6000,3763.2000,3763.4000,3763.6000,3764.8000,1,1,1,1,1,1,1,2,4,1
SF,IF2007,2020-05-27 11:11:20.700,3762.4000,8092,0,1953470760.000,0,-,-,-,-,3761.8000,3761.6000,3760.6000,3760.0000,3759.4000,3762.6000,3763.2000,3763.4000,3763.6000,3764.8000,1,1,1,1,1,1,1,2,4,1
SF,IF2007,2020-05-27 11:11:22.200,3761.8000,8092,0,1954599300.000,1,0,1,多换,S,3761.6000,3760.6000,3760.0000,3759.4000,3758.6000,3762.6000,3763.2000,3763.4000,3763.6000,3764.8000,1,1,1,1,1,1,1,2,4,1
SF,IF2007,2020-05-27 11:11:23.200,3761.8000,8092,0,1954599300.000,0,-,-,-,-,3760.6000,3760.0000,3759.4000,3758.6000,3758.2000,3762.6000,3763.2000,3763.4000,3763.6000,3764.8000,1,1,1,1,1,1,1,2,4,1
SF,IF2007,2020-05-27 11:11:23.700,3761.8000,8092,0,1954599300.000,0,-,-,-,-,3761.0000,3760.8000,3760.6000,3760.0000,3759.4000,3762.6000,3763.2000,3763.4000,3763.6000,3764.8000,3,4,1,1,1,1,1,2,4,1
SF,IF2007,2020-05-27 11:11:24.200,3761.8000,8092,0,1954599300.000,0,-,-,-,-,3761.4000,3760.8000,3760.6000,3760.0000,3759.4000,3762.6000,3763.2000,3763.4000,3763.6000,3764.8000,3,4,1,1,1,1,1,2,4,1
SF,IF2007,2020-05-27 11:11:24.700,3761.8000,8092,0,1954599300.000,0,-,-,-,-,3761.4000,3760.8000,3760.6000,3760.0000,3759.4000,3762.6000,3763.2000,3763.4000,3763.6000,3764.8000,1,3,1,1,1,1,1,2,4,1
SF,IF2007,2020-05-27 11:11:25.200,3761.8000,8092,0,1954599300.000,0,-,-,-,-,3760.8000,3760.6000,3760.0000,3759.4000,3758.6000,3762.2000,3762.4000,3763.2000,3763.4000,3763.6000,3,1,1,1,1,1,1,1,2,4
SF,IF2007,2020-05-27 11:11:26.200,3761.8000,8092,0,1954599300.000,0,-,-,-,-,3760.8000,3760.6000,3760.0000,3759.4000,3758.6000,3762.2000,3762.4000,3763.2000,3763.4000,3763.6000,2,1,1,1,1,1,1,1,2,4
SF,IF2007,2020-05-27 11:11:26.700,3761.8000,8092,0,1954599300.000,0,-,-,-,-,3760.6000,3760.0000,3759.4000,3758.6000,3758.2000,3762.2000,3762.4000,3763.2000,3763.4000,3763.6000,1,1,1,1,1,1,1,1,2,4
SF,IF2007,2020-05-27 11:11:27.200,3761.8000,8092,0,1954599300.000,0,-,-,-,-,3761.0000,3760.8000,3760.6000,3760.0000,3759.4000,3762.0000,3762.2000,3763.2000,3763.4000,3763.6000,3,3,1,1,1,1,1,1,2,4
SF,IF2007,2020-05-27 11:11:27.700,3761.8000,8092,0,1954599300.000,0,-,-,-,-,3761.0000,3760.8000,3760.6000,3760.0000,3759.4000,3762.2000,3763.2000,3763.4000,3763.6000,3764.8000,3,3,1,1,1,1,1,2,4,1
SF,IF2007,2020-05-27 11:11:29.700,3761.8000,8092,0,1954599300.000,0,-,-,-,-,3761.2000,3761.0000,3760.8000,3760.6000,3760.0000,3762.2000,3763.2000,3763.4000,3763.6000,3764.8000,2,1,3,1,1,1,1,2,4,1
SF,IF2007,2020-05-27 11:11:30.700,3761.8000,8092,0,1954599300.000,0,-,-,-,-,3761.2000,3761.0000,3760.8000,3760.6000,3760.0000,3762.2000,3763.2000,3763.4000,3763.6000,3764.8000,2,1,2,1,1,1,1,2,4,1
SF,IF2007,2020-05-27 11:11:31.700,3761.8000,8092,0,1954599300.000,0,-,-,-,-,3761.4000,3761.2000,3760.8000,3760.6000,3760.0000,3762.2000,3763.2000,3763.4000,3763.6000,3764.8000,1,2,2,1,1,1,1,2,4,1
SF,IF2007,2020-05-27 11:11:35.200,3761.8000,8092,0,1954599300.000,0,-,-,-,-,3761.4000,3760.8000,3760.6000,3760.0000,3759.4000,3762.2000,3763.2000,3763.4000,3763.6000,3764.8000,1,2,1,1,1,1,1,2,4,1
SF,IF2007,2020-05-27 11:11:41.200,3761.8000,8092,0,1954599300.000,0,-,-,-,-,3761.4000,3761.0000,3760.8000,3760.6000,3760.0000,3762.2000,3763.2000,3763.4000,3763.6000,3764.8000,1,1,2,1,1,1,1,2,4,1
SF,IF2007,2020-05-27 11:11:42.200,3761.4000,8093,1,1955727720.000,1,1,0,双开,S,3761.0000,3760.8000,3760.6000,3760.0000,3759.4000,3762.2000,3763.2000,3763.4000,3763.6000,3764.8000,1,2,1,1,1,1,1,2,4,1
SF,IF2007,2020-05-27 11:11:42.700,3761.4000,8093,0,1955727720.000,0,-,-,-,-,3761.2000,3761.0000,3760.8000,3760.6000,3760.0000,3762.2000,3763.2000,3763.4000,3763.6000,3764.8000,3,1,2,1,1,1,1,2,4,1
SF,IF2007,2020-05-27 11:11:46.700,3761.4000,8093,0,1955727720.000,0,-,-,-,-,3761.2000,3761.0000,3760.8000,3760.6000,3760.0000,3762.2000,3763.2000,3763.4000,3763.6000,3764.8000,3,1,2,1,1,1,1,1,4,1
SF,IF2007,2020-05-27 11:11:47.200,3762.2000,8094,1,1956856380.000,1,1,0,双开,S,3761.6000,3761.4000,3761.2000,3761.0000,3760.8000,3763.2000,3763.6000,3764.8000,3765.2000,3765.6000,2,2,2,1,2,1,4,1,1,1
SF,IF2007,2020-05-27 11:11:47.700,3762.2000,8094,0,1956856380.000,0,-,-,-,-,3761.6000,3761.4000,3761.0000,3760.8000,3760.6000,3763.0000,3763.2000,3763.6000,3764.8000,3765.2000,1,2,1,2,1,1,1,4,1,1
SF,IF2007,2020-05-27 11:11:56.700,3762.2000,8094,0,1956856380.000,0,-,-,-,-,3762.0000,3761.8000,3761.0000,3760.8000,3760.6000,3763.0000,3763.2000,3763.6000,3764.8000,3765.2000,1,1,1,2,1,1,1,4,1,1
SF,IF2007,2020-05-27 11:11:58.200,3762.2000,8094,0,1956856380.000,0,-,-,-,-,3762.0000,3761.8000,3761.0000,3760.8000,3760.6000,3763.0000,3763.2000,3763.6000,3764.8000,3765.2000,1,1,1,2,1,1,1,4,1,1
SF,IF2007,2020-05-27 11:11:59.700,3762.2000,8094,0,1956856380.000,0,-,-,-,-,3761.8000,3761.0000,3760.8000,3760.6000,3760.0000,3763.0000,3763.2000,3763.6000,3764.8000,3765.2000,1,1,2,1,1,1,1,4,1,1
SF,IF2007,2020-05-27 11:12:00.700,3762.2000,8094,0,1956856380.000,0,-,-,-,-,3762.0000,3761.8000,3761.0000,3760.8000,3760.6000,3763.0000,3763.2000,3763.6000,3764.8000,3765.2000,1,1,1,2,1,1,1,4,1,1
SF,IF2007,2020-05-27 11:12:02.700,3762.0000,8095,1,1957984980.000,1,1,0,双开,S,3761.8000,3761.0000,3760.8000,3760.6000,3760.0000,3763.0000,3763.2000,3763.6000,3764.8000,3765.2000,1,1,2,1,1,1,1,4,1,1
SF,IF2007,2020-05-27 11:12:03.200,3762.0000,8095,0,1957984980.000,0,-,-,-,-,3762.0000,3761.8000,3761.0000,3760.8000,3760.6000,3763.0000,3763.2000,3763.6000,3764.8000,3765.2000,1,1,1,2,1,1,1,4,1,1
SF,IF2007,2020-05-27 11:12:04.200,3762.0000,8095,0,1957984980.000,0,-,-,-,-,3762.2000,3762.0000,3761.8000,3761.0000,3760.8000,3763.2000,3763.6000,3764.8000,3765.2000,3765.6000,1,1,1,1,2,1,4,1,1,1
SF,IF2007,2020-05-27 11:12:09.200,3762.0000,8095,0,1957984980.000,0,-,-,-,-,3762.2000,3762.0000,3761.8000,3761.0000,3760.8000,3763.2000,3763.6000,3764.8000,3765.2000,3765.6000,1,1,1,4,2,1,3,1,1,1
SF,IF2007,2020-05-27 11:12:09.700,3762.0000,8095,0,1957984980.000,0,-,-,-,-,3762.2000,3762.0000,3761.8000,3761.0000,3760.8000,3763.2000,3763.6000,3764.8000,3765.2000,3765.6000,1,1,1,4,2,1,1,1,1,1
SF,IF2007,2020-05-27 11:12:17.700,3762.0000,8095,0,1957984980.000,0,-,-,-,-,3762.2000,3761.8000,3761.0000,3760.8000,3760.6000,3763.2000,3763.6000,3764.8000,3765.2000,3765.6000,1,1,4,2,1,1,1,1,1,1
SF,IF2007,2020-05-27 11:12:22.700,3762.0000,8095,0,1959113580.000,1,0,1,多换,S,3761.0000,3760.8000,3760.6000,3759.4000,3758.0000,3763.0000,3763.2000,3763.6000,3764.8000,3765.2000,4,2,1,1,4,1,1,1,1,1
SF,IF2007,2020-05-27 11:12:23.200,3762.0000,8095,0,1959113580.000,0,-,-,-,-,3761.8000,3761.4000,3761.0000,3760.8000,3760.6000,3763.0000,3763.2000,3763.6000,3764.8000,3765.2000,1,1,4,2,1,1,1,1,1,1
SF,IF2007,2020-05-27 11:12:24.700,3762.0000,8095,0,1959113580.000,0,-,-,-,-,3762.0000,3761.8000,3761.4000,3761.0000,3760.8000,3763.0000,3763.2000,3763.6000,3764.8000,3765.2000,1,1,1,4,2,1,1,1,1,1
SF,IF2007,2020-05-27 11:12:25.200,3762.0000,8095,0,1959113580.000,0,-,-,-,-,3762.0000,3761.8000,3761.0000,3760.8000,3760.6000,3763.0000,3763.2000,3763.6000,3764.8000,3765.2000,1,1,4,2,1,1,1,1,1,1
SF,IF2007,2020-05-27 11:12:27.200,3762.0000,8095,0,1959113580.000,0,-,-,-,-,3761.8000,3761.0000,3760.8000,3760.6000,3759.4000,3763.0000,3763.2000,3763.6000,3764.8000,3765.2000,1,4,2,1,1,1,1,1,1,1
SF,IF2007,2020-05-27 11:12:28.700,3762.0000,8095,0,1959113580.000,0,-,-,-,-,3762.0000,3761.8000,3761.0000,3760.8000,3760.6000,3763.0000,3763.2000,3763.6000,3764.8000,3765.2000,1,1,4,2,1,1,1,1,1,1
SF,IF2007,2020-05-27 11:12:32.200,3762.0000,8095,0,1959113580.000,0,-,-,-,-,3762.0000,3761.8000,3761.0000,3760.8000,3760.6000,3763.0000,3763.2000,3763.6000,3764.8000,3765.2000,2,1,4,2,1,1,1,1,1,1
SF,IF2007,2020-05-27 11:12:35.200,3762.0000,8095,0,1959113580.000,0,-,-,-,-,3762.0000,3761.8000,3761.0000,3760.8000,3760.6000,3763.0000,3763.2000,3763.6000,3764.8000,3765.2000,2,1,4,2,1,1,2,1,1,1
SF,IF2007,2020-05-27 11:12:36.200,3762.0000,8095,0,1959113580.000,0,-,-,-,-,3762.0000,3761.8000,3761.0000,3760.8000,3760.6000,3763.0000,3763.2000,3763.6000,3764.8000,3765.2000,3,1,4,2,1,1,2,1,1,1
SF,IF2007,2020-05-27 11:12:40.200,3762.0000,8095,0,1959113580.000,0,-,-,-,-,3762.0000,3761.8000,3761.0000,3760.8000,3760.6000,3763.0000,3763.2000,3763.6000,3764.8000,3765.2000,2,1,4,2,1,1,2,1,1,1
SF,IF2007,2020-05-27 11:12:42.700,3762.0000,8095,0,1959113580.000,0,-,-,-,-,3762.0000,3761.8000,3761.0000,3760.8000,3760.6000,3762.6000,3763.2000,3763.6000,3764.8000,3765.2000,2,1,4,2,1,1,2,1,1,1
SF,IF2007,2020-05-27 11:12:43.200,3762.0000,8096,1,1960242180.000,1,1,0,双开,S,3762.0000,3761.8000,3761.0000,3760.8000,3760.6000,3762.6000,3763.2000,3763.6000,3764.8000,3765.2000,1,1,4,2,1,1,2,1,1,1
SF,IF2007,2020-05-27 11:12:43.700,3762.0000,8096,0,1960242180.000,0,-,-,-,-,3762.0000,3761.8000,3761.0000,3760.8000,3760.6000,3762.6000,3763.2000,3763.6000,3764.8000,3765.2000,2,1,4,2,1,1,2,1,1,1
SF,IF2007,2020-05-27 11:12:45.200,3762.0000,8096,0,1960242180.000,0,-,-,-,-,3762.2000,3762.0000,3761.8000,3761.0000,3760.8000,3762.6000,3763.2000,3763.6000,3764.8000,3765.2000,1,2,1,4,2,1,2,1,1,1
SF,IF2007,2020-05-27 11:12:45.700,3762.0000,8096,0,1960242180.000,0,-,-,-,-,3762.0000,3761.8000,3761.0000,3760.8000,3760.6000,3762.6000,3763.2000,3763.6000,3764.8000,3765.2000,2,1,4,2,1,1,2,1,1,1
SF,IF2007,2020-05-27 11:12:46.200,3762.6000,8096,0,1961370960.000,1,0,1,多换,S,3762.0000,3761.8000,3761.0000,3760.8000,3760.6000,3763.2000,3763.6000,3764.8000,3765.2000,3765.6000,2,1,4,2,1,2,1,1,1,1
SF,IF2007,2020-05-27 11:12:49.700,3762.6000,8096,0,1961370960.000,0,-,-,-,-,3762.0000,3761.8000,3761.0000,3760.8000,3760.6000,3763.2000,3763.6000,3764.8000,3765.2000,3765.6000,1,1,4,2,1,2,1,1,1,1
SF,IF2007,2020-05-27 11:12:50.700,3762.6000,8096,0,1961370960.000,0,-,-,-,-,3762.0000,3761.8000,3761.0000,3760.8000,3760.6000,3763.0000,3763.2000,3763.6000,3764.8000,3765.2000,1,1,4,2,1,1,2,1,1,1
SF,IF2007,2020-05-27 11:12:54.200,3762.0000,8096,0,1962499560.000,1,0,1,多换,S,3761.8000,3761.0000,3760.8000,3760.6000,3759.4000,3763.0000,3763.2000,3763.6000,3764.8000,3765.2000,1,4,2,1,1,1,2,1,1,1
SF,IF2007,2020-05-27 11:12:56.700,3762.0000,8096,0,1962499560.000,0,-,-,-,-,3762.0000,3761.8000,3761.0000,3760.8000,3760.6000,3763.0000,3763.2000,3763.6000,3764.8000,3765.2000,1,1,4,2,1,1,2,1,1,1
SF,IF2007,2020-05-27 11:13:01.200,3762.0000,8096,0,1962499560.000,0,-,-,-,-,3762.2000,3762.0000,3761.0000,3760.8000,3760.6000,3763.2000,3763.6000,3764.8000,3765.2000,3765.6000,2,1,4,2,1,2,1,1,1,1
SF,IF2007,2020-05-27 11:13:03.200,3762.0000,8097,1,1963628160.000,1,1,0,双开,S,3762.2000,3762.0000,3761.0000,3760.8000,3760.6000,3763.2000,3763.6000,3764.8000,3765.2000,3765.6000,1,1,4,2,1,2,1,1,1,1
SF,IF2007,2020-05-27 11:13:04.700,3762.0000,8097,0,1963628160.000,0,-,-,-,-,3762.2000,3761.0000,3760.8000,3760.6000,3759.4000,3763.0000,3763.2000,3763.6000,3764.8000,3765.2000,1,4,2,1,1,1,2,1,1,1
SF,IF2007,2020-05-27 11:13:05.200,3762.0000,8097,0,1963628160.000,0,-,-,-,-,3761.0000,3760.8000,3760.6000,3759.4000,3758.0000,3763.0000,3763.2000,3763.6000,3764.8000,3765.2000,4,2,1,1,4,1,2,1,1,1
SF,IF2007,2020-05-27 11:13:05.700,3762.0000,8097,0,1963628160.000,0,-,-,-,-,3761.6000,3761.4000,3761.0000,3760.8000,3760.6000,3763.0000,3763.2000,3763.6000,3764.8000,3765.2000,1,1,4,2,1,1,2,1,1,1
SF,IF2007,2020-05-27 11:13:06.200,3762.0000,8097,0,1963628160.000,0,-,-,-,-,3761.6000,3761.4000,3761.0000,3760.8000,3760.6000,3762.6000,3762.8000,3763.2000,3763.6000,3764.8000,1,1,4,2,1,1,1,2,1,1
SF,IF2007,2020-05-27 11:13:08.200,3762.0000,8097,0,1963628160.000,0,-,-,-,-,3761.0000,3760.6000,3759.4000,3758.0000,3756.6000,3762.6000,3762.8000,3763.2000,3763.6000,3764.8000,4,1,1,4,1,1,1,2,1,1
SF,IF2007,2020-05-27 11:13:08.700,3762.0000,8097,0,1963628160.000,0,-,-,-,-,3761.0000,3760.6000,3759.4000,3758.0000,3756.6000,3762.2000,3762.4000,3763.2000,3763.6000,3764.8000,4,1,1,4,1,2,1,2,1,1
SF,IF2007,2020-05-27 11:13:12.700,3762.0000,8097,0,1963628160.000,0,-,-,-,-,3761.0000,3760.6000,3759.4000,3758.0000,3756.6000,3762.2000,3762.4000,3763.2000,3763.6000,3764.8000,4,1,1,4,1,1,1,2,1,1
SF,IF2007,2020-05-27 11:13:14.200,3762.0000,8097,0,1963628160.000,0,-,-,-,-,3761.0000,3760.6000,3759.4000,3758.0000,3756.6000,3761.8000,3762.0000,3762.2000,3762.4000,3763.2000,4,1,1,4,1,1,1,1,1,2
SF,IF2007,2020-05-27 11:13:14.700,3761.0000,8100,3,1968141360.000,4,3,1,空开,S,3760.6000,3759.4000,3758.0000,3756.6000,3755.0000,3761.6000,3761.8000,3763.2000,3763.6000,3764.8000,1,1,4,1,6,1,1,1,1,1
SF,IF2007,2020-05-27 11:13:15.200,3761.0000,8100,0,1968141360.000,0,-,-,-,-,3759.4000,3758.0000,3756.6000,3755.0000,3754.6000,3761.4000,3761.6000,3761.8000,3763.2000,3763.6000,1,4,1,6,3,1,1,1,1,1
SF,IF2007,2020-05-27 11:13:15.700,3761.0000,8100,0,1968141360.000,0,-,-,-,-,3760.2000,3759.8000,3759.6000,3759.4000,3758.0000,3761.2000,3761.4000,3761.8000,3763.2000,3763.6000,1,2,3,1,4,1,1,1,1,1
SF,IF2007,2020-05-27 11:13:16.200,3761.0000,8100,0,1968141360.000,0,-,-,-,-,3760.2000,3759.8000,3759.6000,3759.4000,3758.0000,3761.2000,3761.4000,3761.8000,3763.2000,3763.6000,1,1,3,1,4,1,1,1,1,1
SF,IF2007,2020-05-27 11:13:16.700,3761.0000,8100,0,1968141360.000,0,-,-,-,-,3760.2000,3759.8000,3759.6000,3759.4000,3758.0000,3761.2000,3761.4000,3761.8000,3763.2000,3763.6000,1,1,3,1,4,1,1,1,1,1
SF,IF2007,2020-05-27 11:13:22.700,3760.2000,8101,1,1970397780.000,2,1,1,空开,S,3759.8000,3759.6000,3759.4000,3758.0000,3756.6000,3761.4000,3761.8000,3763.2000,3763.6000,3764.8000,1,3,1,4,1,1,1,1,1,1
SF,IF2007,2020-05-27 11:13:23.200,3760.2000,8101,0,1970397780.000,0,-,-,-,-,3760.8000,3760.2000,3759.8000,3759.6000,3759.4000,3761.8000,3763.2000,3763.6000,3764.8000,3765.2000,1,4,1,2,1,1,1,1,1,1
SF,IF2007,2020-05-27 11:13:23.700,3760.2000,8101,0,1970397780.000,0,-,-,-,-,3760.8000,3760.2000,3759.8000,3759.6000,3759.4000,3761.8000,3763.2000,3763.6000,3764.8000,3765.2000,1,2,1,2,1,1,1,1,1,1
SF,IF2007,2020-05-27 11:13:24.200,3760.2000,8101,0,1970397780.000,0,-,-,-,-,3760.8000,3760.2000,3759.8000,3759.6000,3759.4000,3761.8000,3763.2000,3763.6000,3764.8000,3765.2000,1,2,1,2,1,1,1,1,1,1
SF,IF2007,2020-05-27 11:13:25.200,3760.2000,8101,0,1970397780.000,0,-,-,-,-,3760.2000,3759.8000,3759.6000,3759.4000,3758.0000,3761.8000,3763.2000,3763.6000,3764.8000,3765.2000,2,1,2,1,4,1,1,1,1,1
SF,IF2007,2020-05-27 11:13:25.700,3760.2000,8101,0,1970397780.000,0,-,-,-,-,3760.6000,3760.4000,3760.2000,3759.8000,3759.6000,3761.8000,3763.2000,3763.6000,3764.8000,3765.2000,1,1,2,1,2,1,1,1,1,1
SF,IF2007,2020-05-27 11:13:27.200,3760.2000,8101,0,1970397780.000,0,-,-,-,-,3760.6000,3760.4000,3760.2000,3759.8000,3759.6000,3761.6000,3761.8000,3763.2000,3763.6000,3764.8000,1,1,2,1,2,1,1,1,1,1
SF,IF2007,2020-05-27 11:13:28.200,3760.2000,8101,0,1970397780.000,0,-,-,-,-,3760.6000,3760.4000,3760.2000,3759.8000,3759.6000,3761.6000,3761.8000,3763.2000,3763.6000,3764.8000,1,1,1,1,2,1,1,1,1,1
SF,IF2007,2020-05-27 11:13:28.700,3760.2000,8101,0,1970397780.000,0,-,-,-,-,3760.6000,3760.4000,3760.2000,3759.8000,3759.6000,3761.6000,3761.8000,3763.2000,3763.6000,3764.8000,1,1,1,1,2,1,1,1,1,1
SF,IF2007,2020-05-27 11:13:32.200,3760.2000,8101,0,1970397780.000,0,-,-,-,-,3760.6000,3760.4000,3760.2000,3759.8000,3759.6000,3761.6000,3763.2000,3763.6000,3764.8000,3765.2000,1,1,1,1,2,1,1,1,1,1
SF,IF2007,2020-05-27 11:13:32.700,3761.6000,8102,1,1971526260.000,1,1,0,双开,S,3761.0000,3760.8000,3760.2000,3759.8000,3759.6000,3763.2000,3763.6000,3764.8000,3765.2000,3765.6000,2,1,1,1,2,1,1,1,1,1
SF,IF2007,2020-05-27 11:13:33.200,3761.6000,8102,0,1971526260.000,0,-,-,-,-,3761.2000,3761.0000,3760.2000,3759.8000,3759.6000,3762.6000,3762.8000,3763.0000,3763.2000,3763.6000,1,1,1,1,2,1,1,2,1,1
SF,IF2007,2020-05-27 11:13:33.700,3761.6000,8102,0,1971526260.000,0,-,-,-,-,3761.2000,3761.0000,3760.2000,3759.8000,3759.6000,3762.4000,3762.6000,3763.0000,3763.2000,3763.6000,1,1,1,1,2,1,1,2,1,1
SF,IF2007,2020-05-27 11:13:34.200,3761.6000,8102,0,1971526260.000,0,-,-,-,-,3761.4000,3761.2000,3761.0000,3760.2000,3759.8000,3762.4000,3762.6000,3763.0000,3763.2000,3763.6000,1,1,1,1,1,1,1,2,1,1
SF,IF2007,2020-05-27 11:13:34.700,3761.6000,8102,0,1971526260.000,0,-,-,-,-,3761.0000,3760.2000,3759.8000,3759.6000,3759.4000,3762.2000,3762.4000,3763.0000,3763.2000,3763.6000,1,1,1,2,1,1,1,2,1,1
SF,IF2007,2020-05-27 11:13:35.200,3761.6000,8102,0,1971526260.000,0,-,-,-,-,3761.0000,3760.2000,3759.8000,3759.6000,3759.4000,3761.8000,3762.0000,3762.2000,3763.0000,3763.2000,1,1,1,2,1,1,1,1,2,1
SF,IF2007,2020-05-27 11:13:37.700,3761.6000,8102,0,1971526260.000,0,-,-,-,-,3761.0000,3760.2000,3759.8000,3759.6000,3759.4000,3762.0000,3762.2000,3763.0000,3763.2000,3763.6000,1,1,1,2,1,1,1,2,1,1
SF,IF2007,2020-05-27 11:13:42.200,3761.0000,8102,0,1972654560.000,1,0,1,多换,S,3760.2000,3759.8000,3759.6000,3759.4000,3758.0000,3762.0000,3762.2000,3763.0000,3763.2000,3763.6000,1,1,2,1,4,1,1,2,1,1
SF,IF2007,2020-05-27 11:13:42.700,3761.0000,8102,0,1972654560.000,0,-,-,-,-,3760.8000,3760.2000,3759.8000,3759.6000,3759.4000,3761.6000,3762.2000,3763.0000,3763.2000,3763.6000,2,1,1,2,1,1,1,2,1,1
SF,IF2007,2020-05-27 11:13:50.700,3761.0000,8102,0,1972654560.000,0,-,-,-,-,3760.8000,3760.2000,3759.8000,3759.6000,3759.4000,3761.6000,3763.0000,3763.2000,3763.6000,3764.8000,2,1,1,2,1,1,2,1,1,1
SF,IF2007,2020-05-27 11:14:04.200,3761.0000,8102,0,1972654560.000,0,-,-,-,-,3760.8000,3760.2000,3759.8000,3759.6000,3759.4000,3761.6000,3763.0000,3763.2000,3763.6000,3764.8000,1,1,1,2,1,1,2,1,1,1
SF,IF2007,2020-05-27 11:14:04.700,3761.0000,8102,0,1972654560.000,0,-,-,-,-,3760.2000,3759.8000,3759.6000,3759.4000,3758.0000,3761.2000,3763.0000,3763.2000,3763.6000,3764.8000,1,1,2,1,4,1,2,1,1,1
SF,IF2007,2020-05-27 11:14:05.200,3761.0000,8102,0,1972654560.000,0,-,-,-,-,3760.6000,3760.4000,3760.2000,3759.8000,3759.6000,3761.2000,3763.0000,3763.2000,3763.6000,3764.8000,1,2,1,1,2,1,2,1,1,1
SF,IF2007,2020-05-27 11:14:05.700,3761.0000,8102,0,1972654560.000,0,-,-,-,-,3760.4000,3760.2000,3759.8000,3759.6000,3759.4000,3761.2000,3763.0000,3763.2000,3763.6000,3764.8000,2,1,1,2,1,1,2,1,1,1
SF,IF2007,2020-05-27 11:14:06.200,3761.0000,8102,0,1972654560.000,0,-,-,-,-,3760.4000,3759.8000,3759.6000,3759.4000,3758.0000,3761.2000,3763.0000,3763.2000,3763.6000,3764.8000,2,1,2,1,4,1,2,1,1,1
SF,IF2007,2020-05-27 11:14:06.700,3761.0000,8102,0,1972654560.000,0,-,-,-,-,3760.4000,3759.8000,3759.6000,3759.4000,3758.0000,3760.8000,3763.0000,3763.2000,3763.6000,3764.8000,1,1,2,1,4,1,2,1,1,1
SF,IF2007,2020-05-27 11:14:12.700,3760.4000,8103,1,1973782680.000,1,1,0,双开,S,3759.8000,3759.4000,3758.0000,3756.6000,3755.0000,3760.6000,3760.8000,3763.0000,3763.2000,3763.6000,1,1,4,1,6,1,1,2,1,1
SF,IF2007,2020-05-27 11:14:13.200,3760.4000,8103,0,1973782680.000,0,-,-,-,-,3760.2000,3759.8000,3759.4000,3758.0000,3756.6000,3760.4000,3760.6000,3763.0000,3763.2000,3763.6000,1,1,1,4,1,1,1,2,1,1
SF,IF2007,2020-05-27 11:14:13.700,3760.2000,8102,-1,1974910740.000,1,0,1,双平,S,3759.8000,3759.4000,3758.0000,3756.6000,3755.0000,3760.6000,3763.0000,3763.2000,3763.6000,3764.8000,1,1,4,1,6,1,2,1,1,1
SF,IF2007,2020-05-27 11:14:17.200,3760.2000,8102,0,1974910740.000,0,-,-,-,-,3759.4000,3758.0000,3756.6000,3755.0000,3754.6000,3760.6000,3763.0000,3763.2000,3763.6000,3764.8000,1,4,1,6,3,1,2,1,1,1
SF,IF2007,2020-05-27 11:14:17.700,3760.2000,8102,0,1974910740.000,0,-,-,-,-,3759.6000,3759.4000,3758.0000,3756.6000,3755.0000,3760.6000,3763.0000,3763.2000,3763.6000,3764.8000,1,1,4,1,6,1,2,1,1,1
SF,IF2007,2020-05-27 11:14:18.700,3760.2000,8102,0,1974910740.000,0,-,-,-,-,3759.6000,3759.4000,3758.0000,3756.6000,3755.0000,3763.0000,3763.2000,3763.6000,3764.8000,3765.2000,1,1,4,1,6,2,1,1,1,1
SF,IF2007,2020-05-27 11:14:19.200,3760.2000,8102,0,1974910740.000,0,-,-,-,-,3760.0000,3759.8000,3759.4000,3758.0000,3756.6000,3761.4000,3761.6000,3762.0000,3762.4000,3762.6000,1,1,1,4,1,1,1,3,2,2
SF,IF2007,2020-05-27 11:14:19.700,3760.2000,8102,0,1974910740.000,0,-,-,-,-,3760.0000,3759.8000,3759.4000,3758.0000,3756.6000,3761.0000,3761.2000,3761.4000,3762.0000,3762.4000,1,1,1,4,1,1,1,1,3,2
SF,IF2007,2020-05-27 11:14:22.700,3760.2000,8102,0,1974910740.000,0,-,-,-,-,3760.0000,3759.8000,3759.4000,3758.0000,3756.6000,3761.2000,3761.4000,3762.0000,3762.4000,3762.6000,1,1,1,4,1,1,1,3,2,1
SF,IF2007,2020-05-27 11:14:23.200,3760.2000,8102,0,1974910740.000,0,-,-,-,-,3760.2000,3760.0000,3759.8000,3759.4000,3758.0000,3761.2000,3761.4000,3762.0000,3762.4000,3762.6000,1,1,1,1,4,1,1,3,2,1
SF,IF2007,2020-05-27 11:14:23.700,3760.2000,8102,0,1974910740.000,0,-,-,-,-,3760.2000,3760.0000,3759.4000,3758.0000,3756.6000,3761.2000,3761.4000,3762.0000,3762.4000,3762.6000,1,1,1,4,1,1,1,3,2,1
SF,IF2007,2020-05-27 11:14:24.700,3760.2000,8102,0,1974910740.000,0,-,-,-,-,3760.2000,3760.0000,3759.4000,3758.0000,3756.6000,3761.2000,3761.4000,3762.0000,3762.4000,3762.6000,1,1,1,4,1,1,1,1,2,1
SF,IF2007,2020-05-27 11:14:25.200,3760.2000,8103,1,1976038800.000,1,1,0,双开,S,3760.0000,3759.4000,3758.0000,3756.6000,3755.0000,3761.4000,3762.0000,3762.4000,3762.6000,3763.0000,1,1,4,1,6,1,1,2,1,2
SF,IF2007,2020-05-27 11:14:25.700,3760.2000,8103,0,1976038800.000,0,-,-,-,-,3760.4000,3760.2000,3760.0000,3759.4000,3758.0000,3761.4000,3762.4000,3762.6000,3763.0000,3763.2000,2,1,1,1,4,1,2,1,2,1
SF,IF2007,2020-05-27 11:14:27.200,3760.2000,8103,0,1976038800.000,0,-,-,-,-,3760.4000,3760.2000,3760.0000,3759.4000,3758.0000,3761.4000,3762.4000,3762.6000,3763.0000,3763.2000,1,1,1,1,4,1,2,1,2,1
SF,IF2007,2020-05-27 11:14:31.200,3760.2000,8103,0,1976038800.000,0,-,-,-,-,3760.4000,3760.2000,3760.0000,3759.4000,3758.0000,3761.0000,3761.4000,3762.4000,3762.6000,3763.0000,1,1,1,1,4,1,1,2,1,2
SF,IF2007,2020-05-27 11:14:31.700,3760.2000,8103,0,1976038800.000,0,-,-,-,-,3760.2000,3760.0000,3759.4000,3758.0000,3756.6000,3761.0000,3761.4000,3762.4000,3762.6000,3763.0000,1,1,1,4,1,1,1,2,1,2
SF,IF2007,2020-05-27 11:14:32.700,3760.2000,8103,0,1976038800.000,0,-,-,-,-,3760.0000,3759.4000,3758.0000,3756.6000,3755.0000,3761.0000,3761.4000,3762.4000,3762.6000,3763.0000,1,1,4,1,6,1,1,2,1,2
SF,IF2007,2020-05-27 11:14:33.700,3760.2000,8103,0,1976038800.000,0,-,-,-,-,3760.0000,3759.4000,3758.0000,3756.6000,3755.0000,3761.0000,3762.4000,3762.6000,3763.0000,3763.2000,1,1,4,1,6,1,2,1,2,1
SF,IF2007,2020-05-27 11:14:35.200,3760.2000,8103,0,1976038800.000,0,-,-,-,-,3760.0000,3759.4000,3758.0000,3756.6000,3755.0000,3761.0000,3762.4000,3762.6000,3763.0000,3763.2000,1,1,4,1,6,1,2,1,2,1
SF,IF2007,2020-05-27 11:14:36.200,3760.2000,8103,0,1976038800.000,0,-,-,-,-,3760.0000,3759.4000,3758.0000,3756.6000,3755.0000,3761.0000,3762.4000,3762.6000,3763.0000,3763.2000,1,1,4,1,6,1,2,1,2,1
SF,IF2007,2020-05-27 11:14:39.700,3760.2000,8103,0,1976038800.000,0,-,-,-,-,3760.0000,3759.4000,3758.0000,3756.6000,3755.0000,3762.4000,3762.6000,3763.0000,3763.2000,3763.6000,1,1,4,1,6,2,1,2,1,1
SF,IF2007,2020-05-27 11:14:40.200,3760.2000,8103,0,1976038800.000,0,-,-,-,-,3760.0000,3759.4000,3758.0000,3756.6000,3755.0000,3761.4000,3761.6000,3761.8000,3762.0000,3762.2000,1,1,4,1,6,1,1,1,3,1
SF,IF2007,2020-05-27 11:14:40.700,3760.2000,8103,0,1976038800.000,0,-,-,-,-,3760.0000,3759.4000,3758.0000,3756.6000,3755.0000,3761.4000,3761.6000,3761.8000,3762.0000,3762.4000,1,1,4,1,6,1,1,1,3,2
SF,IF2007,2020-05-27 11:14:45.700,3760.2000,8103,0,1976038800.000,0,-,-,-,-,3760.0000,3759.4000,3758.0000,3756.6000,3755.0000,3761.4000,3761.6000,3761.8000,3762.0000,3762.4000,1,1,4,1,6,1,1,1,3,2
SF,IF2007,2020-05-27 11:14:46.200,3761.4000,8104,1,1977167220.000,1,1,0,双开,S,3760.0000,3759.4000,3758.0000,3756.6000,3755.0000,3761.6000,3761.8000,3762.0000,3762.4000,3762.6000,1,1,4,1,6,1,1,3,2,1
SF,IF2007,2020-05-27 11:14:46.700,3761.4000,8104,0,1977167220.000,0,-,-,-,-,3760.0000,3759.4000,3758.0000,3756.6000,3755.0000,3761.4000,3761.6000,3761.8000,3762.0000,3762.4000,1,1,4,1,6,1,1,1,3,2
SF,IF2007,2020-05-27 11:14:47.700,3761.4000,8104,0,1977167220.000,0,-,-,-,-,3760.0000,3759.4000,3758.0000,3756.6000,3755.0000,3761.4000,3761.6000,3761.8000,3762.0000,3762.4000,1,1,4,1,6,1,1,1,2,2
SF,IF2007,2020-05-27 11:14:48.700,3761.4000,8104,0,1977167220.000,0,-,-,-,-,3760.0000,3759.4000,3758.0000,3756.6000,3755.0000,3761.4000,3761.6000,3761.8000,3762.0000,3762.4000,2,1,4,1,6,1,1,1,2,2
SF,IF2007,2020-05-27 11:14:50.200,3761.4000,8104,0,1977167220.000,0,-,-,-,-,3760.0000,3759.4000,3758.0000,3756.6000,3755.0000,3761.2000,3761.4000,3761.8000,3762.0000,3762.4000,2,1,4,1,6,2,1,1,2,2
SF,IF2007,2020-05-27 11:14:50.700,3761.4000,8104,0,1977167220.000,0,-,-,-,-,3760.0000,3759.4000,3758.0000,3756.6000,3755.0000,3761.0000,3761.2000,3761.4000,3762.0000,3762.4000,1,1,4,1,6,1,2,1,2,2
SF,IF2007,2020-05-27 11:14:51.200,3760.0000,8105,1,1978295220.000,1,1,0,双开,S,3759.4000,3758.0000,3756.6000,3755.0000,3754.6000,3760.8000,3761.0000,3761.2000,3761.4000,3762.0000,1,4,1,6,3,1,1,1,1,2
SF,IF2007,2020-05-27 11:14:52.700,3760.0000,8105,0,1978295220.000,0,-,-,-,-,3759.4000,3758.0000,3756.6000,3755.0000,3754.6000,3760.8000,3761.0000,3761.4000,3762.0000,3762.4000,1,4,1,6,3,1,1,1,2,2
SF,IF2007,2020-05-27 11:14:54.200,3760.0000,8105,0,1978295220.000,0,-,-,-,-,3759.6000,3759.4000,3758.0000,3756.6000,3755.0000,3760.8000,3761.0000,3761.4000,3762.0000,3762.4000,1,1,4,1,6,1,1,1,2,2
SF,IF2007,2020-05-27 11:14:55.700,3760.0000,8105,0,1978295220.000,0,-,-,-,-,3759.8000,3759.6000,3759.4000,3758.0000,3756.6000,3760.8000,3761.4000,3762.0000,3762.4000,3762.6000,1,1,1,4,1,1,1,2,2,1
SF,IF2007,2020-05-27 11:14:56.200,3760.0000,8105,0,1978295220.000,0,-,-,-,-,3759.8000,3759.6000,3759.4000,3758.0000,3756.6000,3761.4000,3762.0000,3762.4000,3762.6000,3763.0000,1,1,1,4,1,1,2,2,1,2
SF,IF2007,2020-05-27 11:14:56.700,3760.0000,8105,0,1978295220.000,0,-,-,-,-,3760.0000,3759.8000,3759.4000,3758.0000,3756.6000,3761.2000,3761.4000,3762.0000,3762.4000,3762.6000,1,1,1,4,1,1,1,2,2,1
SF,IF2007,2020-05-27 11:14:57.700,3760.0000,8105,0,1978295220.000,0,-,-,-,-,3760.2000,3760.0000,3759.8000,3759.4000,3758.0000,3761.2000,3761.4000,3762.0000,3762.4000,3762.6000,1,1,1,1,4,1,1,2,2,1
SF,IF2007,2020-05-27 11:14:58.200,3760.0000,8105,0,1978295220.000,0,-,-,-,-,3760.2000,3760.0000,3759.4000,3758.0000,3756.6000,3761.2000,3761.4000,3762.4000,3762.6000,3763.0000,1,1,1,4,1,1,1,2,1,2
SF,IF2007,2020-05-27 11:14:58.700,3760.0000,8105,0,1978295220.000,0,-,-,-,-,3760.2000,3760.0000,3759.4000,3758.0000,3756.6000,3761.4000,3762.4000,3762.6000,3763.0000,3763.6000,1,1,1,4,1,1,2,1,2,1
SF,IF2007,2020-05-27 11:14:59.200,3760.0000,8105,0,1978295220.000,0,-,-,-,-,3760.4000,3759.4000,3758.0000,3756.6000,3755.0000,3761.4000,3762.4000,3762.6000,3763.0000,3763.6000,2,1,4,1,6,1,2,1,2,1
SF,IF2007,2020-05-27 11:15:00.200,3760.0000,8105,0,1978295220.000,0,-,-,-,-,3760.4000,3759.8000,3759.4000,3758.0000,3756.6000,3762.4000,3762.6000,3763.0000,3763.6000,3765.2000,2,2,1,4,1,2,1,2,1,1
SF,IF2007,2020-05-27 11:15:00.700,3760.0000,8105,0,1978295220.000,0,-,-,-,-,3760.8000,3760.4000,3759.8000,3759.4000,3758.0000,3762.0000,3762.2000,3763.0000,3763.6000,3765.2000,1,1,2,1,4,1,1,2,1,1
SF,IF2007,2020-05-27 11:15:01.200,3760.0000,8105,0,1978295220.000,0,-,-,-,-,3760.4000,3759.8000,3759.4000,3758.0000,3756.6000,3761.6000,3761.8000,3763.0000,3763.6000,3765.2000,1,2,1,4,1,2,1,12,1,1
SF,IF2007,2020-05-27 11:15:01.700,3760.0000,8105,0,1978295220.000,0,-,-,-,-,3760.6000,3760.4000,3759.8000,3759.4000,3758.0000,3761.6000,3763.0000,3763.6000,3765.2000,3765.6000,2,1,2,1,4,2,12,1,1,1
SF,IF2007,2020-05-27 11:15:02.200,3760.0000,8105,0,1978295220.000,0,-,-,-,-,3760.6000,3760.4000,3759.8000,3759.4000,3758.0000,3761.6000,3763.0000,3763.6000,3765.2000,3765.6000,2,1,2,1,4,1,12,1,1,1
SF,IF2007,2020-05-27 11:15:03.200,3760.0000,8105,0,1978295220.000,0,-,-,-,-,3760.6000,3760.4000,3759.8000,3759.4000,3758.0000,3761.4000,3761.6000,3763.0000,3763.6000,3765.2000,1,1,2,1,4,1,1,12,1,1
SF,IF2007,2020-05-27 11:15:11.700,3760.0000,8105,0,1978295220.000,0,-,-,-,-,3760.6000,3760.4000,3759.8000,3759.4000,3758.0000,3761.6000,3763.0000,3763.6000,3765.2000,3765.6000,1,1,2,1,4,1,12,1,1,1
SF,IF2007,2020-05-27 11:15:26.700,3760.0000,8105,0,1978295220.000,0,-,-,-,-,3760.6000,3760.4000,3759.8000,3759.4000,3758.0000,3763.0000,3763.6000,3765.2000,3765.6000,3766.8000,1,1,2,1,4,12,1,1,1,1
SF,IF2007,2020-05-27 11:15:27.200,3760.0000,8105,0,1978295220.000,0,-,-,-,-,3760.8000,3760.6000,3759.8000,3759.4000,3758.0000,3762.2000,3762.4000,3763.0000,3763.6000,3765.2000,1,1,2,1,4,1,1,12,1,1
SF,IF2007,2020-05-27 11:15:27.700,3760.0000,8105,0,1978295220.000,0,-,-,-,-,3761.0000,3760.8000,3759.8000,3759.4000,3758.0000,3762.2000,3762.4000,3763.0000,3763.6000,3765.2000,1,1,2,1,4,1,1,12,1,1
SF,IF2007,2020-05-27 11:15:29.200,3760.0000,8105,0,1978295220.000,0,-,-,-,-,3761.2000,3761.0000,3759.8000,3759.4000,3758.0000,3762.2000,3762.4000,3763.0000,3763.6000,3765.2000,2,1,2,1,4,1,1,12,1,1
SF,IF2007,2020-05-27 11:15:29.700,3760.0000,8105,0,1978295220.000,0,-,-,-,-,3761.4000,3761.2000,3759.8000,3759.4000,3758.0000,3762.2000,3762.4000,3763.0000,3763.6000,3765.2000,1,2,2,1,4,1,1,10,1,1
SF,IF2007,2020-05-27 11:15:30.700,3760.0000,8105,0,1978295220.000,0,-,-,-,-,3761.4000,3761.2000,3759.8000,3759.4000,3758.0000,3762.4000,3763.0000,3763.6000,3765.2000,3765.6000,1,2,2,1,4,1,10,1,1,1
SF,IF2007,2020-05-27 11:15:31.200,3760.0000,8105,0,1978295220.000,0,-,-,-,-,3761.4000,3761.2000,3759.8000,3759.4000,3758.0000,3763.0000,3763.6000,3765.2000,3765.6000,3766.8000,1,2,2,1,4,10,1,1,1,1
SF,IF2007,2020-05-27 11:15:31.700,3760.0000,8105,0,1978295220.000,0,-,-,-,-,3761.6000,3761.4000,3761.2000,3759.8000,3759.4000,3762.8000,3763.0000,3763.6000,3765.2000,3765.6000,1,1,2,2,1,2,10,1,1,1
SF,IF2007,2020-05-27 11:15:34.200,3760.0000,8105,0,1978295220.000,0,-,-,-,-,3761.4000,3761.2000,3759.8000,3759.4000,3758.0000,3762.8000,3763.0000,3763.6000,3765.2000,3765.6000,1,2,2,1,4,2,10,1,1,1
SF,IF2007,2020-05-27 11:15:35.200,3760.0000,8105,0,1978295220.000,0,-,-,-,-,3761.4000,3761.2000,3760.4000,3759.8000,3759.4000,3762.8000,3763.0000,3763.6000,3765.2000,3765.6000,1,2,1,2,1,2,10,1,1,1
SF,IF2007,2020-05-27 11:15:35.700,3760.0000,8105,0,1978295220.000,0,-,-,-,-,3761.6000,3761.4000,3761.2000,3760.4000,3759.8000,3762.8000,3763.0000,3763.6000,3765.2000,3765.6000,1,1,2,1,2,2,10,1,1,1
SF,IF2007,2020-05-27 11:15:36.700,3760.0000,8105,0,1978295220.000,0,-,-,-,-,3761.6000,3761.4000,3761.2000,3760.4000,3759.8000,3762.8000,3763.0000,3763.6000,3765.2000,3765.6000,1,2,2,1,2,2,10,1,1,1
SF,IF2007,2020-05-27 11:15:37.200,3760.0000,8105,0,1978295220.000,0,-,-,-,-,3762.2000,3761.6000,3761.4000,3761.2000,3760.4000,3762.8000,3763.0000,3763.6000,3765.2000,3765.6000,1,1,2,2,1,2,10,1,1,1
SF,IF2007,2020-05-27 11:15:37.700,3760.0000,8105,0,1978295220.000,0,-,-,-,-,3761.4000,3760.4000,3759.8000,3759.4000,3758.0000,3762.8000,3763.0000,3763.6000,3765.2000,3765.6000,2,1,2,1,4,2,10,1,1,1
SF,IF2007,2020-05-27 11:15:38.700,3760.0000,8105,0,1978295220.000,0,-,-,-,-,3761.6000,3761.4000,3760.4000,3759.8000,3759.4000,3762.8000,3763.0000,3763.6000,3765.2000,3765.6000,1,2,1,2,1,2,10,1,1,1
SF,IF2007,2020-05-27 11:15:39.200,3760.0000,8105,0,1978295220.000,0,-,-,-,-,3761.4000,3760.4000,3759.8000,3759.4000,3758.0000,3762.8000,3763.0000,3763.6000,3765.2000,3765.6000,2,1,2,1,4,2,10,1,1,1
SF,IF2007,2020-05-27 11:15:40.200,3760.0000,8105,0,1978295220.000,0,-,-,-,-,3761.4000,3760.4000,3759.8000,3759.4000,3758.0000,3762.8000,3763.0000,3763.6000,3765.2000,3765.6000,1,1,2,1,4,2,10,1,1,1
SF,IF2007,2020-05-27 11:15:41.200,3760.0000,8105,0,1978295220.000,0,-,-,-,-,3761.6000,3761.4000,3760.4000,3759.8000,3759.4000,3762.8000,3763.0000,3763.6000,3765.2000,3765.6000,1,1,1,2,1,2,10,1,1,1
SF,IF2007,2020-05-27 11:15:46.200,3760.0000,8105,0,1978295220.000,0,-,-,-,-,3761.4000,3760.4000,3759.8000,3759.4000,3758.0000,3762.8000,3763.0000,3763.6000,3765.2000,3765.6000,1,1,2,1,4,2,10,1,1,1
SF,IF2007,2020-05-27 11:15:47.200,3760.0000,8105,0,1978295220.000,0,-,-,-,-,3760.4000,3759.8000,3759.4000,3758.0000,3756.6000,3762.4000,3763.0000,3763.6000,3765.2000,3765.6000,1,2,1,4,1,2,10,1,1,1
SF,IF2007,2020-05-27 11:15:47.700,3760.0000,8105,0,1978295220.000,0,-,-,-,-,3761.0000,3760.8000,3760.6000,3760.4000,3759.8000,3762.4000,3763.0000,3763.6000,3765.2000,3765.6000,1,2,3,1,2,2,10,1,1,1
SF,IF2007,2020-05-27 11:15:48.200,3760.0000,8105,0,1978295220.000,0,-,-,-,-,3761.0000,3760.8000,3760.6000,3760.4000,3759.8000,3762.4000,3763.0000,3763.6000,3765.2000,3765.6000,1,2,2,1,2,2,10,1,1,1
SF,IF2007,2020-05-27 11:15:48.700,3760.0000,8105,0,1978295220.000,0,-,-,-,-,3761.2000,3761.0000,3760.8000,3760.6000,3760.4000,3762.4000,3763.0000,3763.6000,3765.2000,3765.6000,2,1,1,2,1,2,10,1,1,1
SF,IF2007,2020-05-27 11:15:49.200,3760.0000,8105,0,1978295220.000,0,-,-,-,-,3761.2000,3761.0000,3760.8000,3760.6000,3760.4000,3762.4000,3763.0000,3763.6000,3765.2000,3765.6000,3,1,1,2,1,2,10,1,1,1
SF,IF2007,2020-05-27 11:15:49.700,3760.0000,8105,0,1978295220.000,0,-,-,-,-,3761.2000,3761.0000,3760.8000,3760.6000,3760.4000,3762.4000,3763.0000,3763.6000,3765.2000,3765.6000,2,1,1,2,1,2,10,1,1,1
SF,IF2007,2020-05-27 11:15:50.200,3760.0000,8105,0,1978295220.000,0,-,-,-,-,3761.2000,3761.0000,3760.8000,3760.6000,3760.4000,3762.4000,3763.0000,3763.6000,3765.2000,3765.6000,1,1,1,2,1,2,10,1,1,1
SF,IF2007,2020-05-27 11:15:52.200,3760.0000,8105,0,1978295220.000,0,-,-,-,-,3761.4000,3761.2000,3761.0000,3760.8000,3760.6000,3762.4000,3763.0000,3763.6000,3765.2000,3765.6000,1,1,1,1,2,2,10,1,1,1
SF,IF2007,2020-05-27 11:15:54.200,3760.0000,8105,0,1978295220.000,0,-,-,-,-,3761.2000,3761.0000,3760.8000,3760.6000,3760.4000,3762.4000,3763.0000,3763.6000,3765.2000,3765.6000,1,1,1,2,1,2,10,1,1,1
SF,IF2007,2020-05-27 11:15:56.700,3760.0000,8105,0,1978295220.000,0,-,-,-,-,3761.2000,3761.0000,3760.8000,3760.4000,3759.8000,3762.4000,3763.0000,3763.6000,3765.2000,3765.6000,1,1,1,1,2,2,10,1,1,1
SF,IF2007,2020-05-27 11:15:57.200,3760.0000,8105,0,1978295220.000,0,-,-,-,-,3761.2000,3761.0000,3760.8000,3760.4000,3759.8000,3762.4000,3763.0000,3763.6000,3765.2000,3765.6000,1,1,1,1,2,2,10,1,1,1
SF,IF2007,2020-05-27 11:16:06.700,3760.0000,8105,0,1978295220.000,0,-,-,-,-,3761.2000,3761.0000,3760.8000,3759.8000,3759.4000,3762.4000,3763.0000,3763.6000,3765.2000,3765.6000,1,1,1,2,1,2,10,1,1,1
SF,IF2007,2020-05-27 11:16:08.700,3760.0000,8105,0,1978295220.000,0,-,-,-,-,3761.2000,3759.8000,3759.4000,3758.0000,3756.6000,3762.0000,3762.4000,3763.0000,3763.6000,3765.2000,1,2,1,4,1,1,1,10,1,1
SF,IF2007,2020-05-27 11:16:09.200,3760.0000,8105,0,1978295220.000,0,-,-,-,-,3759.8000,3759.4000,3758.0000,3756.6000,3755.0000,3762.0000,3762.4000,3763.0000,3763.6000,3765.2000,2,1,4,1,6,1,1,10,1,1
SF,IF2007,2020-05-27 11:16:09.700,3760.0000,8105,0,1978295220.000,0,-,-,-,-,3760.6000,3760.4000,3759.8000,3759.4000,3758.0000,3761.8000,3762.0000,3763.0000,3763.6000,3765.2000,1,1,2,1,4,1,1,10,1,1
SF,IF2007,2020-05-27 11:16:10.200,3760.0000,8105,0,1978295220.000,0,-,-,-,-,3760.6000,3760.4000,3759.8000,3759.4000,3758.0000,3761.6000,3761.8000,3762.0000,3763.0000,3763.6000,1,1,2,1,4,1,1,1,10,1
SF,IF2007,2020-05-27 11:16:11.200,3760.0000,8105,0,1978295220.000,0,-,-,-,-,3760.6000,3760.4000,3759.8000,3759.4000,3758.0000,3761.6000,3761.8000,3763.0000,3763.6000,3765.2000,1,1,2,1,4,1,1,10,1,1
SF,IF2007,2020-05-27 11:16:17.200,3760.0000,8105,0,1978295220.000,0,-,-,-,-,3761.0000,3760.6000,3760.4000,3759.8000,3759.4000,3761.6000,3761.8000,3763.0000,3763.6000,3765.2000,5,1,1,2,1,1,1,10,1,1
SF,IF2007,2020-05-27 11:16:22.700,3760.0000,8105,0,1978295220.000,0,-,-,-,-,3761.0000,3760.6000,3759.8000,3759.4000,3758.0000,3761.6000,3761.8000,3763.0000,3763.6000,3765.2000,5,1,2,1,4,1,1,10,1,1
SF,IF2007,2020-05-27 11:16:23.200,3760.0000,8105,0,1978295220.000,0,-,-,-,-,3761.0000,3760.6000,3759.8000,3759.4000,3758.0000,3761.6000,3761.8000,3763.0000,3763.6000,3765.2000,5,1,2,1,4,1,1,10,1,1
SF,IF2007,2020-05-27 11:16:29.200,3761.6000,8106,1,1979423700.000,1,1,0,双开,S,3761.6000,3761.0000,3760.6000,3759.8000,3759.4000,3761.8000,3763.0000,3763.6000,3765.2000,3765.6000,4,5,1,2,1,1,10,1,1,1
SF,IF2007,2020-05-27 11:16:29.700,3761.6000,8110,4,1983937620.000,4,4,0,双开,S,3761.0000,3760.6000,3759.8000,3759.4000,3758.0000,3763.0000,3763.6000,3765.2000,3765.6000,3766.8000,5,1,2,1,4,10,1,1,1,1
SF,IF2007,2020-05-27 11:16:30.200,3761.6000,8110,0,1983937620.000,0,-,-,-,-,3761.0000,3760.6000,3759.8000,3759.4000,3758.0000,3762.0000,3762.2000,3762.4000,3762.6000,3762.8000,5,1,2,1,4,4,1,2,2,3
SF,IF2007,2020-05-27 11:16:30.700,3761.6000,8110,0,1983937620.000,0,-,-,-,-,3761.0000,3760.6000,3759.8000,3759.4000,3758.0000,3762.0000,3762.2000,3762.8000,3763.0000,3763.6000,5,1,2,1,4,4,1,3,11,1
SF,IF2007,2020-05-27 11:16:31.200,3761.6000,8110,0,1983937620.000,0,-,-,-,-,3761.0000,3760.6000,3759.8000,3759.4000,3758.0000,3762.0000,3762.2000,3762.8000,3763.0000,3763.6000,5,1,3,1,4,4,1,3,11,1
SF,IF2007,2020-05-27 11:16:31.700,3761.6000,8110,0,1983937620.000,0,-,-,-,-,3761.0000,3760.6000,3759.8000,3759.4000,3758.0000,3761.8000,3762.0000,3762.2000,3762.8000,3763.0000,5,1,3,1,4,2,4,1,3,11
SF,IF2007,2020-05-27 11:16:33.200,3761.6000,8110,0,1983937620.000,0,-,-,-,-,3761.0000,3760.6000,3759.8000,3759.4000,3758.0000,3761.8000,3762.0000,3762.8000,3763.0000,3763.6000,5,1,3,1,4,3,4,3,11,1
SF,IF2007,2020-05-27 11:16:33.700,3761.0000,8111,1,1985065920.000,1,1,0,双开,S,3761.0000,3760.6000,3759.8000,3759.4000,3758.0000,3761.6000,3761.8000,3762.0000,3762.8000,3763.0000,4,1,2,1,4,1,3,3,3,11
SF,IF2007,2020-05-27 11:16:35.700,3761.0000,8111,0,1985065920.000,0,-,-,-,-,3761.0000,3760.6000,3759.8000,3759.4000,3758.0000,3761.4000,3761.6000,3761.8000,3762.0000,3762.4000,4,1,2,1,4,1,1,2,3,1
SF,IF2007,2020-05-27 11:16:36.200,3761.0000,8111,0,1985065920.000,0,-,-,-,-,3761.0000,3760.6000,3759.8000,3759.4000,3758.0000,3761.4000,3761.6000,3761.8000,3762.0000,3762.8000,4,1,2,1,4,1,1,2,3,3
SF,IF2007,2020-05-27 11:16:40.700,3761.0000,8111,0,1985065920.000,0,-,-,-,-,3761.0000,3760.6000,3759.8000,3759.4000,3758.0000,3761.6000,3761.8000,3762.0000,3762.8000,3763.0000,4,1,2,1,4,1,2,3,3,11
SF,IF2007,2020-05-27 11:16:43.200,3761.0000,8111,0,1985065920.000,0,-,-,-,-,3761.0000,3760.6000,3759.8000,3759.4000,3758.0000,3761.6000,3761.8000,3762.0000,3762.8000,3763.0000,4,1,2,1,4,1,2,2,3,11
SF,IF2007,2020-05-27 11:16:47.200,3761.0000,8111,0,1985065920.000,0,-,-,-,-,3761.0000,3760.6000,3759.8000,3759.4000,3758.0000,3761.8000,3762.0000,3762.8000,3763.0000,3763.6000,4,1,2,1,4,2,2,3,11,1
SF,IF2007,2020-05-27 11:16:50.700,3761.0000,8111,0,1985065920.000,0,-,-,-,-,3761.0000,3760.6000,3759.8000,3759.4000,3758.0000,3761.8000,3762.0000,3762.8000,3763.0000,3763.6000,4,1,2,1,4,1,2,3,11,1
SF,IF2007,2020-05-27 11:16:55.200,3761.0000,8111,0,1985065920.000,0,-,-,-,-,3761.0000,3759.8000,3759.4000,3758.0000,3756.6000,3761.8000,3762.8000,3763.0000,3763.6000,3765.2000,4,2,1,4,1,1,2,11,1,1
SF,IF2007,2020-05-27 11:16:55.700,3761.0000,8111,0,1985065920.000,0,-,-,-,-,3761.0000,3759.8000,3759.4000,3758.0000,3756.6000,3762.8000,3763.0000,3763.6000,3765.2000,3765.6000,4,2,1,4,1,2,11,1,1,1
SF,IF2007,2020-05-27 11:16:56.200,3761.0000,8111,0,1985065920.000,0,-,-,-,-,3761.8000,3761.0000,3759.8000,3759.4000,3758.0000,3762.4000,3762.6000,3762.8000,3763.0000,3763.6000,5,4,2,1,4,2,1,3,11,1
SF,IF2007,2020-05-27 11:16:57.700,3761.0000,8111,0,1985065920.000,0,-,-,-,-,3761.8000,3761.0000,3759.8000,3759.4000,3758.0000,3762.2000,3762.4000,3762.6000,3762.8000,3763.0000,5,4,2,1,4,1,2,1,3,11
SF,IF2007,2020-05-27 11:16:58.200,3761.0000,8111,0,1985065920.000,0,-,-,-,-,3761.8000,3761.0000,3759.8000,3759.4000,3758.0000,3762.2000,3762.4000,3762.6000,3762.8000,3763.0000,5,4,2,1,4,1,1,1,2,11
SF,IF2007,2020-05-27 11:16:58.700,3762.2000,8112,1,1986194580.000,1,1,0,双开,S,3761.8000,3761.0000,3759.8000,3759.4000,3758.0000,3762.4000,3762.8000,3763.0000,3763.6000,3765.2000,5,4,2,1,4,1,2,10,1,1
SF,IF2007,2020-05-27 11:16:59.200,3762.2000,8112,0,1986194580.000,0,-,-,-,-,3761.8000,3761.0000,3759.8000,3759.4000,3758.0000,3762.8000,3763.0000,3763.6000,3765.2000,3765.6000,5,4,2,1,4,2,10,1,1,1
SF,IF2007,2020-05-27 11:16:59.700,3762.2000,8112,0,1986194580.000,0,-,-,-,-,3761.8000,3761.0000,3759.8000,3759.4000,3758.0000,3762.6000,3762.8000,3763.0000,3763.6000,3765.2000,5,4,2,1,4,1,2,10,1,1
SF,IF2007,2020-05-27 11:17:06.700,3762.2000,8112,0,1986194580.000,0,-,-,-,-,3761.8000,3761.0000,3759.8000,3759.4000,3758.0000,3762.6000,3762.8000,3763.0000,3763.6000,3765.2000,5,4,2,1,4,1,1,10,1,1
SF,IF2007,2020-05-27 11:17:07.700,3762.2000,8112,0,1986194580.000,0,-,-,-,-,3761.8000,3761.0000,3759.8000,3759.4000,3758.0000,3762.6000,3763.0000,3763.6000,3765.2000,3765.6000,5,4,2,1,4,1,10,1,1,1
SF,IF2007,2020-05-27 11:17:08.200,3762.2000,8112,0,1986194580.000,0,-,-,-,-,3761.8000,3761.0000,3759.8000,3759.4000,3758.0000,3763.0000,3763.6000,3765.2000,3765.6000,3766.8000,5,4,2,1,4,10,1,1,1,1
SF,IF2007,2020-05-27 11:17:13.700,3762.2000,8112,0,1986194580.000,0,-,-,-,-,3761.8000,3761.0000,3759.8000,3759.4000,3758.0000,3762.6000,3763.0000,3763.6000,3765.2000,3765.6000,5,4,2,1,4,1,10,1,1,1
SF,IF2007,2020-05-27 11:17:16.200,3762.2000,8112,0,1986194580.000,0,-,-,-,-,3762.0000,3761.8000,3761.0000,3759.8000,3759.4000,3762.6000,3763.0000,3763.6000,3765.2000,3765.6000,1,5,4,2,1,1,10,1,1,1
SF,IF2007,2020-05-27 11:17:17.700,3762.6000,8113,1,1987323360.000,1,1,0,双开,S,3762.0000,3761.8000,3761.0000,3759.8000,3759.4000,3763.0000,3763.6000,3765.2000,3765.6000,3766.8000,1,5,4,2,1,10,1,1,1,1
SF,IF2007,2020-05-27 11:17:20.200,3763.0000,8113,0,1998612360.000,10,5,5,多换,S,3762.0000,3761.8000,3761.0000,3759.8000,3759.4000,3763.6000,3765.2000,3765.6000,3766.8000,3768.0000,1,5,7,2,1,1,1,1,1,1
SF,IF2007,2020-05-27 11:17:20.700,3763.0000,8113,0,1998612360.000,0,-,-,-,-,3762.0000,3761.8000,3761.0000,3759.8000,3759.4000,3763.2000,3763.6000,3765.2000,3765.6000,3766.8000,1,5,7,2,1,1,1,1,1,1
SF,IF2007,2020-05-27 11:17:21.200,3763.0000,8113,0,1998612360.000,0,-,-,-,-,3762.2000,3762.0000,3761.8000,3761.0000,3759.8000,3763.2000,3763.6000,3765.2000,3765.6000,3766.8000,1,1,5,7,2,1,1,1,1,1
SF,IF2007,2020-05-27 11:17:21.700,3763.2000,8114,1,1999741320.000,1,1,0,双开,S,3762.4000,3762.2000,3761.8000,3761.0000,3759.8000,3763.6000,3765.2000,3765.6000,3766.8000,3768.0000,1,1,5,7,2,1,1,1,1,1
SF,IF2007,2020-05-27 11:17:22.200,3763.2000,8114,0,1999741320.000,0,-,-,-,-,3762.4000,3761.8000,3761.0000,3759.8000,3759.4000,3763.4000,3763.6000,3765.2000,3765.6000,3766.8000,1,5,7,2,1,1,1,1,1,1
SF,IF2007,2020-05-27 11:17:25.200,3763.4000,8115,1,2000870340.000,1,1,0,双开,S,3762.4000,3761.8000,3761.0000,3759.8000,3759.4000,3763.6000,3765.2000,3765.6000,3766.8000,3768.0000,1,5,7,2,1,1,1,1,1,1
SF,IF2007,2020-05-27 11:17:25.700,3763.4000,8115,0,2000870340.000,0,-,-,-,-,3762.6000,3762.4000,3761.8000,3761.0000,3759.8000,3763.6000,3765.2000,3765.6000,3766.8000,3768.0000,1,1,5,7,2,1,1,1,1,1
SF,IF2007,2020-05-27 11:17:26.700,3763.6000,8115,0,2001999420.000,1,0,1,多换,S,3762.6000,3762.4000,3761.8000,3761.0000,3759.8000,3765.2000,3765.6000,3766.8000,3768.0000,3769.8000,1,1,5,7,2,1,1,1,1,2
SF,IF2007,2020-05-27 11:17:27.200,3763.6000,8115,0,2001999420.000,0,-,-,-,-,3763.0000,3762.8000,3761.8000,3761.0000,3759.8000,3764.0000,3764.2000,3764.4000,3764.6000,3764.8000,1,1,5,11,2,3,1,3,3,1
SF,IF2007,2020-05-27 11:17:27.700,3763.6000,8115,0,2001999420.000,0,-,-,-,-,3763.0000,3762.8000,3761.8000,3761.0000,3759.8000,3764.0000,3764.4000,3764.6000,3764.8000,3765.0000,1,1,5,11,2,3,3,1,1,3
SF,IF2007,2020-05-27 11:17:28.200,3763.6000,8115,0,2001999420.000,0,-,-,-,-,3763.0000,3762.8000,3761.8000,3761.0000,3759.8000,3763.8000,3764.0000,3764.4000,3764.6000,3764.8000,1,1,5,11,2,1,3,3,1,1
SF,IF2007,2020-05-27 11:17:30.200,3763.6000,8115,0,2001999420.000,0,-,-,-,-,3763.0000,3762.8000,3761.8000,3761.0000,3759.8000,3763.8000,3764.0000,3764.4000,3764.8000,3765.0000,1,1,5,11,2,1,2,1,1,3
SF,IF2007,2020-05-27 11:17:30.700,3763.6000,8115,0,2001999420.000,0,-,-,-,-,3763.0000,3762.8000,3761.8000,3761.0000,3759.8000,3763.8000,3764.0000,3764.4000,3764.8000,3765.0000,1,1,5,11,2,1,2,1,1,2
SF,IF2007,2020-05-27 11:17:31.700,3763.6000,8115,0,2001999420.000,0,-,-,-,-,3763.2000,3763.0000,3762.8000,3761.8000,3761.0000,3763.8000,3764.0000,3764.4000,3764.8000,3765.0000,1,1,1,5,11,1,2,1,1,2
SF,IF2007,2020-05-27 11:17:32.200,3763.6000,8115,0,2001999420.000,0,-,-,-,-,3763.2000,3763.0000,3762.8000,3761.8000,3761.0000,3763.8000,3764.0000,3764.4000,3765.0000,3765.2000,1,1,1,5,11,1,2,1,2,1
SF,IF2007,2020-05-27 11:17:33.200,3763.6000,8115,0,2001999420.000,0,-,-,-,-,3763.0000,3762.8000,3761.8000,3761.0000,3759.8000,3763.8000,3764.0000,3764.4000,3765.0000,3765.2000,1,1,5,11,2,1,2,1,2,1
SF,IF2007,2020-05-27 11:17:34.700,3762.8000,8116,1,2004257160.000,2,1,1,空开,S,3761.8000,3761.0000,3759.8000,3759.4000,3758.0000,3763.6000,3763.8000,3764.0000,3764.4000,3765.0000,5,11,2,1,4,1,1,2,1,2
SF,IF2007,2020-05-27 11:17:35.200,3762.8000,8116,0,2004257160.000,0,-,-,-,-,3762.6000,3762.0000,3761.8000,3761.0000,3759.8000,3763.6000,3763.8000,3764.0000,3764.4000,3765.0000,1,1,5,11,2,1,1,2,1,2
SF,IF2007,2020-05-27 11:17:35.700,3762.8000,8116,0,2004257160.000,0,-,-,-,-,3762.6000,3762.0000,3761.8000,3761.0000,3759.8000,3763.6000,3764.4000,3765.0000,3765.2000,3765.6000,1,1,5,11,2,1,1,2,1,1
SF,IF2007,2020-05-27 11:17:36.700,3762.8000,8116,0,2004257160.000,0,-,-,-,-,3763.4000,3762.6000,3762.0000,3761.8000,3761.0000,3763.6000,3764.4000,3765.0000,3765.2000,3765.6000,1,1,1,5,11,1,1,2,1,1
SF,IF2007,2020-05-27 11:17:37.200,3763.6000,8116,0,2005386240.000,1,0,1,多换,S,3763.4000,3762.6000,3762.0000,3761.8000,3761.0000,3764.4000,3765.0000,3765.2000,3765.6000,3766.8000,1,1,1,5,11,1,2,1,1,1
SF,IF2007,2020-05-27 11:17:37.700,3763.6000,8116,0,2005386240.000,0,-,-,-,-,3763.4000,3762.0000,3761.8000,3761.0000,3760.0000,3764.2000,3764.4000,3765.0000,3765.2000,3765.6000,1,1,5,11,1,1,1,2,1,1
SF,IF2007,2020-05-27 11:17:38.200,3763.6000,8116,0,2005386240.000,0,-,-,-,-,3762.0000,3761.8000,3761.0000,3760.0000,3759.8000,3764.2000,3764.4000,3765.0000,3765.2000,3765.6000,1,5,11,1,2,1,1,2,1,1
SF,IF2007,2020-05-27 11:17:38.700,3763.6000,8116,0,2005386240.000,0,-,-,-,-,3762.8000,3762.0000,3761.8000,3761.0000,3760.0000,3763.8000,3764.0000,3764.2000,3765.0000,3765.2000,2,1,5,11,1,1,2,2,2,1
SF,IF2007,2020-05-27 11:17:39.700,3763.6000,8116,0,2005386240.000,0,-,-,-,-,3763.0000,3762.8000,3762.0000,3761.8000,3761.0000,3764.0000,3764.2000,3765.0000,3765.2000,3765.6000,1,2,1,5,11,1,1,2,1,1
SF,IF2007,2020-05-27 11:17:40.200,3763.6000,8116,0,2005386240.000,0,-,-,-,-,3763.2000,3763.0000,3762.8000,3762.0000,3761.8000,3764.0000,3764.2000,3765.0000,3765.2000,3765.6000,1,1,1,1,5,1,1,2,1,1
SF,IF2007,2020-05-27 11:17:41.700,3763.6000,8116,0,2005386240.000,0,-,-,-,-,3763.2000,3763.0000,3762.8000,3762.0000,3761.8000,3764.2000,3765.0000,3765.2000,3765.6000,3766.8000,1,1,1,1,5,1,2,1,1,1
SF,IF2007,2020-05-27 11:17:57.700,3763.6000,8116,0,2005386240.000,0,-,-,-,-,3763.2000,3763.0000,3762.8000,3762.0000,3761.8000,3763.6000,3764.2000,3765.0000,3765.2000,3765.6000,1,1,1,1,5,2,1,2,1,1
SF,IF2007,2020-05-27 11:17:58.700,3763.6000,8116,0,2007644400.000,2,1,1,多换,S,3763.2000,3763.0000,3762.8000,3762.0000,3761.8000,3764.2000,3765.0000,3765.2000,3765.6000,3766.8000,1,1,1,1,5,1,2,1,1,1
SF,IF2007,2020-05-27 11:18:00.200,3763.6000,8116,0,2007644400.000,0,-,-,-,-,3763.2000,3763.0000,3762.8000,3762.0000,3761.8000,3764.0000,3764.2000,3765.0000,3765.2000,3765.6000,1,1,1,1,5,1,1,2,1,1
SF,IF2007,2020-05-27 11:18:01.700,3763.6000,8116,0,2007644400.000,0,-,-,-,-,3763.2000,3763.0000,3762.8000,3762.0000,3761.8000,3764.2000,3765.0000,3765.2000,3765.6000,3766.8000,1,1,1,1,5,1,2,1,1,1
SF,IF2007,2020-05-27 11:18:02.200,3763.6000,8116,0,2007644400.000,0,-,-,-,-,3763.2000,3763.0000,3762.0000,3761.8000,3761.0000,3764.2000,3765.0000,3765.2000,3765.6000,3766.8000,1,1,1,5,11,1,2,1,1,1
SF,IF2007,2020-05-27 11:18:05.700,3763.6000,8116,0,2007644400.000,0,-,-,-,-,3763.0000,3762.0000,3761.8000,3761.0000,3760.0000,3764.2000,3765.0000,3765.2000,3765.6000,3766.8000,1,1,5,11,1,1,2,1,1,1
SF,IF2007,2020-05-27 11:18:06.200,3763.0000,8116,0,2008773300.000,1,0,1,多换,S,3762.0000,3761.8000,3761.0000,3760.0000,3759.8000,3764.2000,3765.0000,3765.2000,3765.6000,3766.8000,1,5,11,1,2,1,2,1,1,1
SF,IF2007,2020-05-27 11:18:06.700,3762.8000,8117,1,2009902140.000,1,1,0,双开,S,3762.6000,3762.0000,3761.8000,3761.0000,3760.0000,3764.2000,3765.0000,3765.2000,3765.6000,3766.8000,1,1,5,11,1,1,2,1,1,1
SF,IF2007,2020-05-27 11:18:07.200,3762.8000,8117,0,2009902140.000,0,-,-,-,-,3762.8000,3762.6000,3762.0000,3761.8000,3761.0000,3764.2000,3765.0000,3765.2000,3765.6000,3766.8000,1,1,1,5,11,1,2,1,1,1
SF,IF2007,2020-05-27 11:18:07.700,3762.8000,8117,0,2009902140.000,0,-,-,-,-,3762.6000,3762.0000,3761.8000,3761.0000,3760.0000,3764.2000,3765.0000,3765.2000,3765.6000,3766.8000,1,1,5,11,1,1,2,1,1,1
SF,IF2007,2020-05-27 11:18:08.200,3762.8000,8117,0,2009902140.000,0,-,-,-,-,3762.6000,3762.0000,3761.8000,3761.0000,3760.0000,3764.0000,3764.2000,3765.0000,3765.2000,3765.6000,1,1,5,11,1,1,1,2,1,1
SF,IF2007,2020-05-27 11:18:09.700,3762.8000,8117,0,2009902140.000,0,-,-,-,-,3762.6000,3762.0000,3761.8000,3761.0000,3760.0000,3763.8000,3764.0000,3765.0000,3765.2000,3765.6000,1,1,5,11,1,1,1,2,1,1
SF,IF2007,2020-05-27 11:18:14.200,3762.8000,8117,0,2009902140.000,0,-,-,-,-,3762.8000,3762.6000,3762.0000,3761.8000,3761.0000,3763.8000,3764.0000,3765.0000,3765.2000,3765.6000,1,1,1,5,11,1,1,2,1,1
SF,IF2007,2020-05-27 11:18:15.700,3762.8000,8117,0,2009902140.000,0,-,-,-,-,3763.0000,3762.8000,3762.6000,3762.0000,3761.8000,3763.8000,3764.0000,3765.0000,3765.2000,3765.6000,4,1,1,1,5,1,1,2,1,1
SF,IF2007,2020-05-27 11:18:16.200,3762.8000,8117,0,2009902140.000,0,-,-,-,-,3763.0000,3762.8000,3762.0000,3761.8000,3761.0000,3763.8000,3764.0000,3765.0000,3765.2000,3765.6000,4,1,1,5,11,1,1,2,1,1
SF,IF2007,2020-05-27 11:18:16.700,3762.8000,8117,0,2009902140.000,0,-,-,-,-,3763.0000,3762.8000,3762.0000,3761.8000,3761.0000,3764.0000,3765.0000,3765.2000,3765.6000,3766.8000,4,1,1,5,11,1,2,1,1,1
SF,IF2007,2020-05-27 11:18:17.700,3764.0000,8118,1,2011031340.000,1,1,0,双开,S,3763.2000,3763.0000,3762.0000,3761.8000,3761.0000,3765.0000,3765.2000,3765.6000,3766.8000,3768.0000,1,4,1,5,11,2,1,1,1,1
SF,IF2007,2020-05-27 11:18:18.200,3764.0000,8118,0,2011031340.000,0,-,-,-,-,3763.2000,3763.0000,3762.0000,3761.8000,3761.0000,3764.4000,3764.8000,3765.0000,3765.2000,3765.6000,1,4,1,5,11,1,2,2,1,1
SF,IF2007,2020-05-27 11:18:18.700,3764.0000,8118,0,2011031340.000,0,-,-,-,-,3763.4000,3763.2000,3763.0000,3762.0000,3761.8000,3764.4000,3764.8000,3765.0000,3765.2000,3765.6000,1,1,4,1,5,1,2,2,1,1
SF,IF2007,2020-05-27 11:18:20.200,3764.0000,8118,0,2011031340.000,0,-,-,-,-,3763.6000,3763.4000,3763.0000,3762.0000,3761.8000,3764.4000,3764.8000,3765.2000,3765.6000,3766.8000,1,1,4,1,5,1,1,1,1,1
SF,IF2007,2020-05-27 11:18:21.200,3764.0000,8118,0,2011031340.000,0,-,-,-,-,3763.8000,3763.6000,3763.4000,3763.0000,3762.0000,3764.4000,3764.8000,3765.2000,3765.6000,3766.8000,1,1,1,4,1,1,1,1,1,1
SF,IF2007,2020-05-27 11:18:23.700,3764.0000,8118,0,2011031340.000,0,-,-,-,-,3763.6000,3763.4000,3763.0000,3762.0000,3761.8000,3764.4000,3764.8000,3765.2000,3765.6000,3766.8000,1,1,4,1,5,1,1,1,1,1
SF,IF2007,2020-05-27 11:18:24.200,3764.0000,8118,0,2011031340.000,0,-,-,-,-,3763.6000,3763.0000,3762.0000,3761.8000,3761.0000,3764.4000,3764.8000,3765.2000,3765.6000,3766.8000,1,4,1,5,11,1,1,1,1,1
SF,IF2007,2020-05-27 11:18:26.200,3764.0000,8118,0,2011031340.000,0,-,-,-,-,3763.6000,3763.0000,3762.0000,3761.8000,3761.0000,3764.8000,3765.2000,3765.6000,3766.8000,3768.0000,1,4,1,5,11,1,1,1,1,1
SF,IF2007,2020-05-27 11:18:27.200,3764.0000,8118,0,2011031340.000,0,-,-,-,-,3764.0000,3763.6000,3763.0000,3762.0000,3761.8000,3764.8000,3765.2000,3765.6000,3766.8000,3768.0000,1,1,4,1,5,1,1,1,1,1
SF,IF2007,2020-05-27 11:18:27.700,3764.0000,8118,0,2011031340.000,0,-,-,-,-,3764.0000,3763.0000,3762.0000,3761.8000,3761.0000,3765.2000,3765.6000,3766.8000,3768.0000,3769.8000,1,4,1,5,11,1,1,1,1,2
SF,IF2007,2020-05-27 11:18:28.200,3764.0000,8118,0,2011031340.000,0,-,-,-,-,3764.0000,3763.0000,3762.0000,3761.8000,3761.0000,3765.0000,3765.2000,3765.6000,3766.8000,3768.0000,1,4,1,5,11,1,1,1,1,1
SF,IF2007,2020-05-27 11:18:30.200,3764.0000,8118,0,2011031340.000,0,-,-,-,-,3763.0000,3762.0000,3761.8000,3761.0000,3760.0000,3765.0000,3765.2000,3765.6000,3766.8000,3768.0000,4,1,5,11,1,1,1,1,1,1
SF,IF2007,2020-05-27 11:18:30.700,3764.0000,8118,0,2011031340.000,0,-,-,-,-,3763.6000,3763.4000,3763.2000,3763.0000,3762.0000,3765.0000,3765.2000,3765.6000,3766.8000,3768.0000,1,1,1,4,1,1,1,1,1,1
SF,IF2007,2020-05-27 11:18:31.200,3764.0000,8118,0,2011031340.000,0,-,-,-,-,3763.6000,3763.4000,3763.2000,3763.0000,3762.0000,3765.0000,3765.2000,3765.6000,3766.8000,3768.0000,1,1,1,4,1,1,1,1,1,1
SF,IF2007,2020-05-27 11:18:31.700,3764.0000,8118,0,2011031340.000,0,-,-,-,-,3763.6000,3763.4000,3763.2000,3763.0000,3762.0000,3765.0000,3765.2000,3765.6000,3766.8000,3768.0000,1,1,1,4,1,1,1,1,1,1
SF,IF2007,2020-05-27 11:18:32.200,3764.0000,8118,0,2011031340.000,0,-,-,-,-,3763.6000,3763.4000,3763.2000,3763.0000,3762.0000,3765.0000,3765.2000,3765.6000,3766.8000,3768.0000,1,1,1,4,1,1,1,1,1,1
SF,IF2007,2020-05-27 11:18:33.200,3764.0000,8118,0,2011031340.000,0,-,-,-,-,3763.8000,3763.6000,3763.4000,3763.2000,3763.0000,3765.0000,3765.2000,3765.6000,3766.8000,3768.0000,1,1,1,1,4,1,1,1,1,1
SF,IF2007,2020-05-27 11:18:33.700,3764.0000,8118,0,2011031340.000,0,-,-,-,-,3763.8000,3763.6000,3763.2000,3763.0000,3762.0000,3765.0000,3765.2000,3765.6000,3766.8000,3768.0000,1,1,1,4,1,1,1,1,1,1
SF,IF2007,2020-05-27 11:18:35.700,3764.0000,8118,0,2011031340.000,0,-,-,-,-,3764.0000,3763.8000,3763.2000,3763.0000,3762.0000,3765.0000,3765.2000,3765.6000,3766.8000,3768.0000,1,1,1,4,1,1,1,1,1,1
SF,IF2007,2020-05-27 11:18:36.700,3764.0000,8118,0,2011031340.000,0,-,-,-,-,3764.0000,3763.8000,3763.2000,3763.0000,3762.0000,3765.0000,3765.2000,3765.6000,3766.8000,3768.0000,1,1,1,4,1,1,1,1,1,1
SF,IF2007,2020-05-27 11:18:37.700,3764.0000,8118,0,2011031340.000,0,-,-,-,-,3764.0000,3763.8000,3763.2000,3763.0000,3762.0000,3765.0000,3765.2000,3765.6000,3766.8000,3768.0000,1,1,1,4,1,1,1,1,1,1
SF,IF2007,2020-05-27 11:18:41.200,3764.0000,8118,0,2011031340.000,0,-,-,-,-,3764.0000,3763.8000,3763.2000,3762.0000,3761.0000,3765.0000,3765.2000,3765.6000,3766.8000,3768.0000,1,1,1,1,7,1,1,1,1,1
SF,IF2007,2020-05-27 11:18:41.700,3765.0000,8119,1,2012160840.000,1,1,0,双开,S,3765.0000,3764.0000,3763.8000,3763.2000,3762.0000,3765.2000,3765.6000,3766.8000,3768.0000,3769.8000,3,1,1,1,1,1,1,1,1,2
SF,IF2007,2020-05-27 11:18:42.200,3765.0000,8119,0,2012160840.000,0,-,-,-,-,3765.0000,3763.8000,3763.2000,3762.0000,3761.0000,3765.2000,3765.6000,3766.8000,3768.0000,3769.8000,3,1,1,1,7,1,1,1,1,2
SF,IF2007,2020-05-27 11:18:43.200,3765.0000,8121,2,2014419900.000,2,2,0,双开,S,3765.0000,3763.8000,3763.2000,3762.0000,3761.0000,3765.6000,3766.8000,3768.0000,3769.8000,3772.2000,2,1,1,1,7,1,1,1,2,1
SF,IF2007,2020-05-27 11:18:43.700,3765.0000,8122,1,2015549400.000,1,1,0,双开,S,3765.0000,3763.8000,3763.2000,3762.0000,3761.0000,3765.6000,3766.8000,3768.0000,3769.8000,3772.2000,1,1,1,1,7,1,1,1,2,1
SF,IF2007,2020-05-27 11:18:45.700,3765.0000,8122,0,2015549400.000,0,-,-,-,-,3765.0000,3763.8000,3763.2000,3762.0000,3761.0000,3766.8000,3768.0000,3769.8000,3772.2000,3772.6000,1,1,1,1,7,1,1,2,1,1
SF,IF2007,2020-05-27 11:18:46.200,3765.0000,8122,0,2015549400.000,0,-,-,-,-,3765.0000,3763.8000,3763.2000,3762.0000,3761.0000,3766.2000,3766.4000,3766.6000,3766.8000,3768.0000,1,1,1,1,7,4,2,5,1,1
SF,IF2007,2020-05-27 11:18:46.700,3765.0000,8122,0,2015549400.000,0,-,-,-,-,3765.0000,3763.8000,3763.2000,3762.0000,3761.0000,3766.0000,3766.2000,3766.4000,3766.6000,3766.8000,1,1,1,1,7,1,4,1,4,1
SF,IF2007,2020-05-27 11:18:47.200,3765.0000,8122,0,2015549400.000,0,-,-,-,-,3765.0000,3763.8000,3763.2000,3762.0000,3761.0000,3766.0000,3766.2000,3766.6000,3766.8000,3768.0000,1,1,1,1,7,2,4,4,1,1
SF,IF2007,2020-05-27 11:18:50.200,3765.0000,8122,0,2015549400.000,0,-,-,-,-,3765.0000,3763.8000,3763.2000,3762.0000,3761.0000,3766.0000,3766.2000,3766.6000,3766.8000,3768.0000,1,1,1,1,7,2,3,1,1,1
SF,IF2007,2020-05-27 11:18:51.700,3765.0000,8122,0,2015549400.000,0,-,-,-,-,3765.0000,3763.2000,3762.0000,3761.0000,3760.0000,3766.0000,3766.2000,3766.6000,3766.8000,3768.0000,1,1,1,7,1,1,3,1,1,1
SF,IF2007,2020-05-27 11:18:53.200,3765.0000,8122,0,2015549400.000,0,-,-,-,-,3765.0000,3763.2000,3762.0000,3761.0000,3760.0000,3766.0000,3766.2000,3766.8000,3768.0000,3769.8000,1,1,1,7,1,1,1,1,1,2
SF,IF2007,2020-05-27 11:18:56.200,3765.0000,8122,0,2015549400.000,0,-,-,-,-,3765.0000,3763.2000,3762.0000,3761.0000,3760.0000,3765.6000,3766.0000,3766.2000,3766.8000,3768.0000,1,1,1,7,1,1,1,1,1,1
SF,IF2007,2020-05-27 11:19:05.200,3765.0000,8122,0,2015549400.000,0,-,-,-,-,3765.0000,3763.2000,3762.0000,3761.0000,3760.0000,3765.6000,3766.0000,3766.8000,3768.0000,3769.8000,1,1,1,7,1,1,1,1,1,2
SF,IF2007,2020-05-27 11:19:19.200,3765.6000,8122,0,2016679080.000,1,0,1,多换,S,3765.0000,3763.2000,3762.0000,3761.0000,3760.0000,3766.0000,3766.8000,3768.0000,3769.8000,3772.2000,1,1,1,7,1,1,1,1,2,1
SF,IF2007,2020-05-27 11:19:21.700,3765.6000,8122,0,2016679080.000,0,-,-,-,-,3765.0000,3763.2000,3762.0000,3761.0000,3760.0000,3766.8000,3768.0000,3769.8000,3772.2000,3772.6000,1,1,1,7,1,1,1,2,1,1
SF,IF2007,2020-05-27 11:19:22.200,3765.6000,8122,0,2016679080.000,0,-,-,-,-,3765.2000,3765.0000,3763.2000,3762.0000,3761.0000,3766.4000,3766.6000,3766.8000,3768.0000,3769.8000,2,1,1,1,7,1,1,1,1,2
SF,IF2007,2020-05-27 11:19:24.200,3765.6000,8122,0,2016679080.000,0,-,-,-,-,3765.4000,3765.2000,3765.0000,3763.2000,3762.0000,3766.4000,3766.6000,3766.8000,3768.0000,3769.8000,1,2,1,1,1,1,1,1,1,2
SF,IF2007,2020-05-27 11:19:24.700,3765.6000,8122,0,2016679080.000,0,-,-,-,-,3765.4000,3765.2000,3765.0000,3763.2000,3762.0000,3766.6000,3766.8000,3768.0000,3769.8000,3772.2000,1,2,1,1,1,1,1,1,2,1
SF,IF2007,2020-05-27 11:19:26.200,3765.6000,8122,0,2016679080.000,0,-,-,-,-,3765.6000,3765.2000,3765.0000,3763.2000,3762.0000,3766.6000,3766.8000,3768.0000,3769.8000,3772.2000,2,1,1,1,1,1,1,1,2,1
SF,IF2007,2020-05-27 11:19:27.200,3765.6000,8122,0,2016679080.000,0,-,-,-,-,3765.6000,3765.0000,3763.2000,3762.0000,3761.0000,3766.8000,3768.0000,3769.8000,3772.2000,3772.6000,2,1,1,1,7,1,1,2,1,1
SF,IF2007,2020-05-27 11:19:28.200,3765.6000,8122,0,2016679080.000,0,-,-,-,-,3765.8000,3765.6000,3765.0000,3763.2000,3762.0000,3766.8000,3768.0000,3769.8000,3772.2000,3772.6000,1,1,1,1,1,1,1,2,1,1
SF,IF2007,2020-05-27 11:19:29.700,3765.8000,8122,0,2017808820.000,1,0,1,多换,S,3765.6000,3765.0000,3763.2000,3762.0000,3761.0000,3766.8000,3768.0000,3769.8000,3772.2000,3772.6000,1,1,1,1,7,1,1,2,1,1
SF,IF2007,2020-05-27 11:19:30.700,3765.8000,8122,0,2017808820.000,0,-,-,-,-,3766.0000,3765.6000,3763.2000,3762.0000,3761.0000,3766.8000,3768.0000,3769.8000,3772.2000,3772.6000,1,1,1,1,7,1,1,2,1,1
SF,IF2007,2020-05-27 11:19:31.200,3765.8000,8122,0,2017808820.000,0,-,-,-,-,3766.0000,3765.8000,3765.6000,3763.2000,3762.0000,3766.8000,3768.0000,3769.8000,3772.2000,3772.6000,1,1,1,1,1,1,1,2,1,1
SF,IF2007,2020-05-27 11:19:32.200,3765.8000,8122,0,2017808820.000,0,-,-,-,-,3766.2000,3766.0000,3765.6000,3763.2000,3762.0000,3766.8000,3768.0000,3769.8000,3772.2000,3772.6000,1,1,1,1,1,1,1,2,1,1
SF,IF2007,2020-05-27 11:19:32.700,3766.2000,8123,1,2018938680.000,1,1,0,双开,S,3766.0000,3763.2000,3762.0000,3761.0000,3760.0000,3766.8000,3768.0000,3769.8000,3772.2000,3772.6000,1,1,1,7,1,1,1,2,1,1
SF,IF2007,2020-05-27 11:19:33.200,3766.0000,8124,1,2020068480.000,1,1,0,双开,S,3763.2000,3762.0000,3761.0000,3760.0000,3759.8000,3766.6000,3766.8000,3768.0000,3769.8000,3772.2000,1,1,7,1,2,2,1,1,2,1
SF,IF2007,2020-05-27 11:19:33.700,3766.0000,8124,0,2020068480.000,0,-,-,-,-,3764.4000,3764.2000,3764.0000,3763.4000,3763.2000,3765.8000,3766.2000,3766.8000,3768.0000,3769.8000,1,1,2,4,2,2,1,1,1,2
SF,IF2007,2020-05-27 11:19:34.200,3766.0000,8124,0,2020068480.000,0,-,-,-,-,3764.4000,3764.2000,3763.4000,3763.2000,3762.0000,3765.8000,3766.2000,3766.8000,3768.0000,3769.8000,1,1,4,2,1,2,1,1,1,2
SF,IF2007,2020-05-27 11:19:34.700,3766.0000,8124,0,2020068480.000,0,-,-,-,-,3764.4000,3764.2000,3763.4000,3763.2000,3762.0000,3765.4000,3765.8000,3766.2000,3766.8000,3768.0000,1,1,2,2,1,1,2,1,1,1
SF,IF2007,2020-05-27 11:19:35.200,3764.4000,8125,1,2021197800.000,1,1,0,双开,S,3764.2000,3763.4000,3763.2000,3762.0000,3761.0000,3765.4000,3766.2000,3766.8000,3768.0000,3769.8000,1,2,2,1,7,1,1,1,1,2
SF,IF2007,2020-05-27 11:19:35.700,3764.4000,8125,0,2021197800.000,0,-,-,-,-,3763.2000,3762.0000,3761.0000,3760.0000,3759.8000,3765.2000,3766.2000,3766.8000,3768.0000,3769.8000,1,1,7,1,2,4,1,1,1,2
SF,IF2007,2020-05-27 11:19:36.200,3764.4000,8125,0,2021197800.000,0,-,-,-,-,3763.4000,3763.2000,3762.0000,3761.0000,3760.0000,3765.2000,3766.2000,3766.8000,3768.0000,3769.8000,1,1,1,7,1,2,1,1,1,2
SF,IF2007,2020-05-27 11:19:36.700,3764.4000,8125,0,2021197800.000,0,-,-,-,-,3764.4000,3764.0000,3763.6000,3763.2000,3761.0000,3765.2000,3766.2000,3766.8000,3768.0000,3769.8000,2,1,4,1,7,1,1,1,1,2
SF,IF2007,2020-05-27 11:19:37.200,3764.4000,8125,0,2021197800.000,0,-,-,-,-,3763.2000,3761.0000,3760.0000,3759.8000,3759.4000,3766.2000,3766.8000,3768.0000,3769.8000,3772.2000,1,7,1,2,1,1,1,1,2,1
SF,IF2007,2020-05-27 11:19:37.700,3764.4000,8125,0,2021197800.000,0,-,-,-,-,3763.6000,3763.4000,3763.2000,3761.0000,3760.0000,3765.2000,3765.4000,3766.0000,3766.2000,3766.8000,1,1,1,7,1,2,1,1,1,1
SF,IF2007,2020-05-27 11:19:38.200,3764.4000,8125,0,2021197800.000,0,-,-,-,-,3763.6000,3763.4000,3763.2000,3761.0000,3760.0000,3765.2000,3766.2000,3766.8000,3768.0000,3769.8000,1,1,1,7,1,2,1,1,1,2
SF,IF2007,2020-05-27 11:19:38.700,3764.4000,8125,0,2021197800.000,0,-,-,-,-,3764.0000,3763.6000,3763.4000,3763.2000,3761.0000,3765.2000,3766.2000,3766.8000,3768.0000,3769.8000,1,1,1,1,7,2,1,1,1,2
SF,IF2007,2020-05-27 11:19:39.200,3764.4000,8125,0,2021197800.000,0,-,-,-,-,3764.0000,3763.4000,3763.2000,3761.0000,3760.0000,3765.2000,3766.2000,3766.8000,3768.0000,3769.8000,1,1,1,7,1,2,1,1,1,2
SF,IF2007,2020-05-27 11:19:40.200,3764.4000,8125,0,2021197800.000,0,-,-,-,-,3764.2000,3764.0000,3763.4000,3763.2000,3761.0000,3765.2000,3766.2000,3766.8000,3768.0000,3769.8000,1,1,1,1,7,2,1,1,1,2
SF,IF2007,2020-05-27 11:19:40.700,3764.4000,8125,0,2021197800.000,0,-,-,-,-,3764.2000,3764.0000,3763.4000,3763.2000,3761.0000,3766.2000,3766.8000,3768.0000,3769.8000,3772.2000,1,1,1,1,7,1,1,1,2,1
SF,IF2007,2020-05-27 11:19:41.200,3764.4000,8125,0,2021197800.000,0,-,-,-,-,3764.6000,3764.0000,3763.4000,3763.2000,3761.0000,3765.6000,3766.0000,3766.2000,3766.8000,3768.0000,1,1,1,1,7,1,1,1,1,1
SF,IF2007,2020-05-27 11:19:44.700,3764.4000,8125,0,2021197800.000,0,-,-,-,-,3764.6000,3764.0000,3763.4000,3763.2000,3761.0000,3765.6000,3766.0000,3766.2000,3766.8000,3768.0000,1,1,1,1,7,1,1,1,2,1
SF,IF2007,2020-05-27 11:19:45.200,3764.4000,8125,0,2021197800.000,0,-,-,-,-,3764.6000,3763.4000,3763.2000,3761.0000,3760.0000,3765.6000,3766.0000,3766.2000,3766.8000,3768.0000,1,1,1,7,1,1,1,1,2,1
SF,IF2007,2020-05-27 11:19:47.700,3764.4000,8125,0,2021197800.000,0,-,-,-,-,3764.6000,3763.4000,3763.2000,3761.0000,3760.0000,3765.4000,3765.6000,3766.0000,3766.2000,3766.8000,1,1,1,7,1,1,1,1,1,2
SF,IF2007,2020-05-27 11:19:48.700,3764.4000,8125,0,2021197800.000,0,-,-,-,-,3764.8000,3764.6000,3763.4000,3763.2000,3761.0000,3765.4000,3765.6000,3766.0000,3766.2000,3766.8000,1,1,1,1,7,1,1,1,1,2
SF,IF2007,2020-05-27 11:19:49.700,3765.4000,8125,0,2022327420.000,1,0,1,多换,S,3765.4000,3764.8000,3764.6000,3763.4000,3763.2000,3765.6000,3766.0000,3766.2000,3766.8000,3768.0000,12,1,1,1,1,1,1,1,2,1
SF,IF2007,2020-05-27 11:19:50.200,3765.4000,8125,0,2022327420.000,0,-,-,-,-,3765.4000,3764.8000,3763.4000,3763.2000,3761.0000,3766.0000,3766.2000,3766.8000,3768.0000,3769.8000,12,1,1,1,7,1,1,2,1,2
SF,IF2007,2020-05-27 11:19:50.700,3765.4000,8125,0,2022327420.000,0,-,-,-,-,3765.4000,3764.8000,3763.4000,3763.2000,3761.0000,3766.2000,3766.8000,3768.0000,3769.8000,3772.2000,12,1,1,1,7,1,2,1,2,1
SF,IF2007,2020-05-27 11:19:51.700,3765.4000,8125,0,2022327420.000,0,-,-,-,-,3765.4000,3764.8000,3763.4000,3763.2000,3761.0000,3766.2000,3766.8000,3768.0000,3769.8000,3772.2000,12,1,1,1,7,1,1,1,2,1
SF,IF2007,2020-05-27 11:19:55.200,3765.4000,8125,0,2022327420.000,0,-,-,-,-,3765.4000,3764.8000,3763.4000,3763.2000,3761.0000,3766.0000,3766.2000,3766.8000,3768.0000,3769.8000,12,1,1,1,7,1,1,1,1,2
SF,IF2007,2020-05-27 11:19:55.700,3765.4000,8125,0,2022327420.000,0,-,-,-,-,3765.4000,3764.8000,3763.4000,3763.2000,3761.0000,3766.0000,3766.2000,3766.8000,3768.0000,3769.8000,12,1,1,1,7,1,1,1,1,2
SF,IF2007,2020-05-27 11:19:56.200,3765.4000,8125,0,2022327420.000,0,-,-,-,-,3765.4000,3764.8000,3763.4000,3763.2000,3761.0000,3766.0000,3766.2000,3766.8000,3768.0000,3769.8000,12,1,1,1,7,1,1,1,1,2
SF,IF2007,2020-05-27 11:19:58.700,3765.4000,8126,1,2023457040.000,1,1,0,双开,S,3765.4000,3764.8000,3763.4000,3763.2000,3761.0000,3766.0000,3766.2000,3766.8000,3768.0000,3769.8000,11,1,1,1,7,1,1,1,1,2
SF,IF2007,2020-05-27 11:20:01.700,3765.4000,8126,0,2023457040.000,0,-,-,-,-,3765.4000,3764.8000,3763.4000,3763.2000,3761.0000,3766.2000,3766.8000,3768.0000,3769.8000,3772.2000,11,1,1,1,7,1,1,1,2,1
SF,IF2007,2020-05-27 11:20:04.200,3765.4000,8126,0,2023457040.000,0,-,-,-,-,3765.4000,3763.4000,3763.2000,3761.0000,3760.0000,3766.2000,3766.8000,3768.0000,3769.8000,3772.2000,11,1,1,7,1,1,1,1,2,1
SF,IF2007,2020-05-27 11:20:10.700,3765.4000,8127,1,2024586660.000,1,1,0,双开,S,3765.4000,3763.4000,3763.2000,3761.0000,3760.0000,3766.2000,3766.8000,3768.0000,3769.8000,3772.2000,10,1,1,7,1,1,1,1,2,1
SF,IF2007,2020-05-27 11:20:13.200,3765.4000,8128,1,2025716280.000,1,1,0,双开,S,3765.4000,3763.4000,3763.2000,3761.0000,3760.0000,3766.0000,3766.2000,3766.8000,3768.0000,3769.8000,9,1,1,7,1,2,1,1,1,2
SF,IF2007,2020-05-27 11:20:13.700,3765.4000,8135,7,2033623620.000,7,7,0,双开,S,3765.4000,3763.4000,3763.2000,3761.0000,3760.0000,3765.8000,3766.0000,3766.2000,3766.8000,3768.0000,2,1,1,7,1,1,2,1,1,1
SF,IF2007,2020-05-27 11:20:14.200,3765.4000,8135,0,2035882860.000,2,1,1,多换,S,3763.4000,3763.2000,3761.0000,3760.0000,3759.8000,3766.0000,3766.2000,3766.8000,3768.0000,3769.8000,1,1,7,1,2,2,1,1,1,2
SF,IF2007,2020-05-27 11:20:14.700,3765.4000,8135,0,2035882860.000,0,-,-,-,-,3764.0000,3763.8000,3763.4000,3763.2000,3761.0000,3765.6000,3766.2000,3766.8000,3768.0000,3769.8000,2,1,1,1,7,2,1,1,1,2
SF,IF2007,2020-05-27 11:20:15.200,3765.4000,8135,0,2035882860.000,0,-,-,-,-,3764.0000,3763.4000,3763.2000,3761.0000,3760.0000,3765.4000,3765.6000,3766.2000,3766.8000,3768.0000,2,1,1,7,1,1,2,1,1,1
SF,IF2007,2020-05-27 11:20:17.700,3765.4000,8135,0,2035882860.000,0,-,-,-,-,3764.0000,3763.4000,3763.2000,3761.0000,3760.0000,3765.2000,3765.4000,3765.6000,3766.2000,3766.8000,2,1,1,7,1,1,1,1,1,1
SF,IF2007,2020-05-27 11:20:18.700,3765.4000,8135,0,2035882860.000,0,-,-,-,-,3764.0000,3763.4000,3763.2000,3761.0000,3760.0000,3765.2000,3765.4000,3766.2000,3766.8000,3768.0000,2,1,1,7,1,1,1,1,1,1
SF,IF2007,2020-05-27 11:20:21.700,3765.4000,8135,0,2035882860.000,0,-,-,-,-,3764.0000,3763.4000,3763.2000,3761.0000,3760.0000,3765.0000,3765.2000,3765.4000,3766.2000,3766.8000,2,1,1,7,1,1,1,1,1,1
SF,IF2007,2020-05-27 11:20:22.200,3765.4000,8135,0,2035882860.000,0,-,-,-,-,3764.2000,3764.0000,3763.4000,3763.2000,3761.0000,3765.0000,3765.2000,3765.4000,3766.2000,3766.8000,1,2,1,1,7,1,1,1,1,1
SF,IF2007,2020-05-27 11:20:22.700,3765.4000,8135,0,2035882860.000,0,-,-,-,-,3764.2000,3764.0000,3763.4000,3763.2000,3761.0000,3765.2000,3765.4000,3766.2000,3766.8000,3768.0000,1,2,1,1,7,1,1,1,1,1
SF,IF2007,2020-05-27 11:20:23.200,3765.4000,8135,0,2035882860.000,0,-,-,-,-,3764.0000,3763.4000,3763.2000,3761.0000,3760.0000,3765.2000,3765.4000,3766.2000,3766.8000,3768.0000,1,1,1,7,1,1,1,1,1,1
SF,IF2007,2020-05-27 11:20:23.700,3765.4000,8135,0,2035882860.000,0,-,-,-,-,3764.0000,3763.4000,3763.2000,3761.0000,3760.0000,3765.2000,3766.2000,3766.8000,3768.0000,3769.8000,1,1,1,7,1,1,1,1,1,2
SF,IF2007,2020-05-27 11:20:31.700,3765.4000,8135,0,2035882860.000,0,-,-,-,-,3764.0000,3763.4000,3763.2000,3761.0000,3760.0000,3765.0000,3765.2000,3766.2000,3766.8000,3768.0000,1,1,1,7,1,2,1,1,1,1
SF,IF2007,2020-05-27 11:20:32.200,3765.4000,8135,0,2035882860.000,0,-,-,-,-,3764.0000,3763.4000,3763.2000,3761.0000,3760.0000,3765.0000,3765.2000,3766.2000,3766.8000,3768.0000,1,1,1,7,1,2,1,1,1,1
SF,IF2007,2020-05-27 11:20:33.700,3764.0000,8135,0,2037012060.000,1,0,1,多换,S,3763.4000,3763.2000,3761.0000,3760.0000,3759.8000,3764.6000,3765.0000,3766.2000,3766.8000,3768.0000,1,1,7,1,2,1,2,1,1,1
SF,IF2007,2020-05-27 11:20:34.200,3764.0000,8135,0,2037012060.000,0,-,-,-,-,3763.4000,3763.2000,3761.0000,3760.0000,3759.8000,3764.2000,3765.0000,3766.2000,3766.8000,3768.0000,1,1,7,1,2,1,1,1,1,1
SF,IF2007,2020-05-27 11:20:34.700,3764.2000,8135,0,2038141320.000,1,0,1,多换,S,3763.4000,3763.2000,3761.0000,3760.0000,3759.8000,3766.2000,3766.8000,3768.0000,3769.8000,3772.2000,1,1,7,1,2,1,1,1,2,1
SF,IF2007,2020-05-27 11:20:35.200,3764.2000,8135,0,2038141320.000,0,-,-,-,-,3763.6000,3763.4000,3763.2000,3761.0000,3760.0000,3765.0000,3765.2000,3765.6000,3765.8000,3766.0000,1,1,1,7,1,1,1,2,3,4
SF,IF2007,2020-05-27 11:20:35.700,3764.2000,8135,0,2038141320.000,0,-,-,-,-,3763.6000,3763.4000,3763.2000,3761.0000,3760.0000,3764.8000,3765.0000,3765.8000,3766.0000,3766.2000,1,1,1,7,1,1,1,3,3,1
SF,IF2007,2020-05-27 11:20:37.700,3764.2000,8135,0,2038141320.000,0,-,-,-,-,3763.8000,3763.6000,3763.4000,3763.2000,3761.0000,3764.8000,3765.0000,3765.8000,3766.0000,3766.2000,1,1,1,1,7,1,1,3,3,1
SF,IF2007,2020-05-27 11:20:38.200,3764.2000,8135,0,2038141320.000,0,-,-,-,-,3763.8000,3763.6000,3763.4000,3763.2000,3761.0000,3764.8000,3765.0000,3765.8000,3766.0000,3766.2000,1,2,1,1,7,1,1,3,3,1
SF,IF2007,2020-05-27 11:20:38.700,3764.2000,8135,0,2038141320.000,0,-,-,-,-,3763.8000,3763.6000,3763.4000,3763.2000,3761.0000,3765.0000,3765.8000,3766.0000,3766.2000,3766.8000,1,1,1,1,7,1,3,2,1,1
SF,IF2007,2020-05-27 11:20:40.200,3764.2000,8135,0,2038141320.000,0,-,-,-,-,3763.8000,3763.6000,3763.4000,3763.2000,3761.0000,3765.0000,3765.8000,3766.0000,3766.2000,3766.8000,1,1,1,1,7,1,2,2,1,1
SF,IF2007,2020-05-27 11:20:41.200,3764.2000,8135,0,2038141320.000,0,-,-,-,-,3763.8000,3763.6000,3763.4000,3763.2000,3761.0000,3765.0000,3766.0000,3766.2000,3766.8000,3768.0000,1,1,1,1,7,1,1,1,1,1
SF,IF2007,2020-05-27 11:20:41.700,3764.2000,8135,0,2038141320.000,0,-,-,-,-,3764.0000,3763.8000,3763.4000,3763.2000,3761.0000,3765.0000,3766.0000,3766.2000,3766.8000,3768.0000,1,1,1,1,7,1,1,1,1,1
SF,IF2007,2020-05-27 11:20:42.200,3764.2000,8135,0,2038141320.000,0,-,-,-,-,3764.0000,3763.8000,3763.4000,3763.2000,3761.0000,3765.0000,3766.2000,3766.8000,3768.0000,3769.8000,1,1,1,1,7,1,1,1,1,2
SF,IF2007,2020-05-27 11:20:46.700,3764.2000,8135,0,2038141320.000,0,-,-,-,-,3764.2000,3764.0000,3763.8000,3763.4000,3763.2000,3765.0000,3766.2000,3766.8000,3768.0000,3769.8000,1,1,1,1,1,1,1,1,1,2
SF,IF2007,2020-05-27 11:20:48.200,3764.2000,8135,0,2038141320.000,0,-,-,-,-,3764.0000,3763.8000,3763.4000,3763.2000,3761.0000,3765.0000,3766.2000,3766.8000,3768.0000,3769.8000,1,1,1,1,7,1,1,1,1,2
SF,IF2007,2020-05-27 11:20:51.200,3764.2000,8135,0,2038141320.000,0,-,-,-,-,3764.2000,3764.0000,3763.8000,3763.4000,3763.2000,3765.0000,3766.2000,3766.8000,3768.0000,3769.8000,1,1,1,1,1,1,1,1,1,2
SF,IF2007,2020-05-27 11:20:51.700,3764.2000,8135,0,2038141320.000,0,-,-,-,-,3764.0000,3763.8000,3763.4000,3763.2000,3761.0000,3765.0000,3766.2000,3766.8000,3768.0000,3769.8000,1,1,1,1,7,1,1,1,1,2
SF,IF2007,2020-05-27 11:20:52.200,3764.2000,8135,0,2038141320.000,0,-,-,-,-,3764.4000,3764.2000,3764.0000,3763.8000,3763.4000,3765.0000,3766.2000,3766.8000,3768.0000,3769.8000,2,2,1,1,1,1,1,1,1,2
SF,IF2007,2020-05-27 11:20:52.700,3764.2000,8135,0,2038141320.000,0,-,-,-,-,3764.4000,3764.2000,3763.8000,3763.4000,3763.2000,3765.0000,3766.2000,3766.8000,3768.0000,3769.8000,1,1,1,1,1,1,1,1,1,2
SF,IF2007,2020-05-27 11:20:59.200,3765.0000,8136,1,2039270820.000,1,1,0,双开,S,3764.4000,3764.2000,3763.8000,3763.4000,3763.2000,3766.2000,3766.8000,3768.0000,3769.8000,3772.2000,1,1,1,1,1,1,1,1,2,1
SF,IF2007,2020-05-27 11:20:59.700,3765.0000,8136,0,2039270820.000,0,-,-,-,-,3765.0000,3764.4000,3764.2000,3763.8000,3763.4000,3765.6000,3765.8000,3766.2000,3766.8000,3768.0000,5,1,1,1,1,1,1,1,1,1
SF,IF2007,2020-05-27 11:21:00.200,3765.0000,8136,0,2039270820.000,0,-,-,-,-,3765.0000,3764.4000,3763.8000,3763.4000,3763.2000,3765.8000,3766.2000,3766.8000,3768.0000,3769.8000,5,1,1,1,1,1,1,1,1,2
SF,IF2007,2020-05-27 11:21:00.700,3765.0000,8136,0,2039270820.000,0,-,-,-,-,3765.0000,3764.4000,3763.8000,3763.4000,3763.2000,3766.2000,3766.8000,3768.0000,3769.8000,3772.2000,5,1,1,1,1,1,1,1,2,1
SF,IF2007,2020-05-27 11:21:01.200,3766.2000,8136,0,2041530480.000,2,1,1,多换,S,3765.2000,3765.0000,3764.4000,3763.8000,3763.4000,3766.8000,3768.0000,3769.8000,3772.2000,3772.6000,1,5,1,1,1,1,1,2,1,1
SF,IF2007,2020-05-27 11:21:01.700,3766.2000,8136,0,2041530480.000,0,-,-,-,-,3765.4000,3765.2000,3765.0000,3764.4000,3763.8000,3766.6000,3766.8000,3768.0000,3769.8000,3772.2000,1,1,5,1,1,1,1,1,2,1
SF,IF2007,2020-05-27 11:21:02.200,3766.2000,8136,0,2041530480.000,0,-,-,-,-,3765.6000,3765.4000,3765.0000,3764.4000,3763.8000,3766.6000,3766.8000,3768.0000,3769.8000,3772.2000,2,1,5,1,1,1,1,1,2,1
SF,IF2007,2020-05-27 11:21:02.700,3766.2000,8136,0,2041530480.000,0,-,-,-,-,3765.6000,3765.4000,3765.0000,3764.4000,3763.8000,3766.2000,3766.6000,3766.8000,3768.0000,3769.8000,2,1,5,1,1,1,1,1,1,2
SF,IF2007,2020-05-27 11:21:04.700,3766.2000,8136,0,2041530480.000,0,-,-,-,-,3765.6000,3765.0000,3764.4000,3763.8000,3763.4000,3766.2000,3766.6000,3766.8000,3768.0000,3769.8000,1,5,1,1,1,1,1,1,1,2
SF,IF2007,2020-05-27 11:21:07.700,3766.2000,8136,0,2041530480.000,0,-,-,-,-,3765.6000,3765.0000,3764.4000,3763.8000,3763.4000,3766.6000,3766.8000,3768.0000,3769.8000,3772.2000,1,5,1,1,1,1,1,1,2,1
SF,IF2007,2020-05-27 11:21:11.700,3766.8000,8136,0,2042660520.000,1,0,1,多换,S,3766.0000,3765.8000,3765.6000,3765.0000,3764.4000,3768.0000,3769.8000,3772.2000,3772.6000,3773.2000,1,1,1,5,1,1,2,1,1,1
SF,IF2007,2020-05-27 11:21:12.200,3766.8000,8136,0,2042660520.000,0,-,-,-,-,3766.2000,3766.0000,3765.0000,3764.4000,3763.8000,3767.4000,3767.6000,3767.8000,3768.0000,3769.8000,1,1,5,1,1,1,5,3,1,2
SF,IF2007,2020-05-27 11:21:12.700,3766.8000,8136,0,2042660520.000,0,-,-,-,-,3766.2000,3766.0000,3765.0000,3764.4000,3763.8000,3767.2000,3767.4000,3767.6000,3767.8000,3768.0000,1,1,5,1,1,1,1,3,3,1
SF,IF2007,2020-05-27 11:21:13.200,3766.8000,8136,0,2042660520.000,0,-,-,-,-,3766.2000,3766.0000,3765.0000,3764.4000,3763.8000,3767.2000,3767.4000,3767.6000,3767.8000,3768.0000,1,1,5,1,1,1,1,3,2,1
SF,IF2007,2020-05-27 11:21:14.700,3766.8000,8136,0,2042660520.000,0,-,-,-,-,3766.0000,3765.0000,3764.4000,3763.8000,3763.4000,3767.2000,3767.4000,3767.6000,3767.8000,3768.0000,1,5,1,1,1,1,1,3,2,1
SF,IF2007,2020-05-27 11:21:15.700,3766.8000,8136,0,2042660520.000,0,-,-,-,-,3766.0000,3765.0000,3764.4000,3763.8000,3763.4000,3767.2000,3767.4000,3767.6000,3768.0000,3769.8000,1,5,1,1,1,1,1,1,1,2
SF,IF2007,2020-05-27 11:21:16.200,3766.8000,8136,0,2042660520.000,0,-,-,-,-,3766.0000,3765.0000,3764.4000,3763.8000,3763.4000,3767.2000,3767.4000,3768.0000,3769.8000,3772.2000,1,5,1,1,1,1,1,1,2,1
SF,IF2007,2020-05-27 11:21:18.700,3766.8000,8136,0,2042660520.000,0,-,-,-,-,3766.2000,3766.0000,3765.0000,3764.4000,3763.8000,3767.2000,3767.4000,3768.0000,3769.8000,3772.2000,2,1,5,1,1,1,1,1,2,1
SF,IF2007,2020-05-27 11:21:20.700,3766.8000,8136,0,2042660520.000,0,-,-,-,-,3766.2000,3766.0000,3765.0000,3764.4000,3763.8000,3767.4000,3768.0000,3769.8000,3772.2000,3772.6000,2,1,5,1,1,1,1,2,1,1
SF,IF2007,2020-05-27 11:21:21.200,3766.8000,8136,0,2042660520.000,0,-,-,-,-,3766.4000,3766.2000,3766.0000,3765.0000,3764.4000,3767.4000,3768.0000,3769.8000,3772.2000,3772.6000,2,1,1,5,1,1,1,2,1,1
SF,IF2007,2020-05-27 11:21:21.700,3766.8000,8136,0,2042660520.000,0,-,-,-,-,3766.4000,3766.2000,3766.0000,3765.0000,3764.4000,3767.4000,3768.0000,3769.8000,3772.2000,3772.6000,2,1,1,5,1,1,1,2,1,1
SF,IF2007,2020-05-27 11:21:22.200,3766.8000,8136,0,2042660520.000,0,-,-,-,-,3766.4000,3766.2000,3766.0000,3765.0000,3764.4000,3768.0000,3769.8000,3772.2000,3772.6000,3773.2000,2,1,1,5,1,1,2,1,1,1
SF,IF2007,2020-05-27 11:21:22.700,3766.8000,8136,0,2042660520.000,0,-,-,-,-,3766.6000,3766.4000,3766.2000,3766.0000,3765.0000,3767.8000,3768.0000,3769.8000,3772.2000,3772.6000,1,2,1,1,5,1,1,2,1,1
SF,IF2007,2020-05-27 11:21:24.700,3766.8000,8136,0,2042660520.000,0,-,-,-,-,3766.8000,3766.6000,3766.2000,3766.0000,3765.0000,3767.8000,3768.0000,3769.8000,3772.2000,3772.6000,2,1,1,1,5,1,1,2,1,1
SF,IF2007,2020-05-27 11:21:31.200,3766.8000,8136,0,2043790560.000,1,0,1,多换,S,3766.8000,3766.6000,3766.2000,3766.0000,3765.0000,3767.6000,3767.8000,3768.0000,3769.8000,3772.2000,1,1,1,1,5,1,1,1,2,1
SF,IF2007,2020-05-27 11:21:31.700,3766.8000,8136,0,2043790560.000,0,-,-,-,-,3766.8000,3766.6000,3766.2000,3766.0000,3765.0000,3767.6000,3767.8000,3768.0000,3769.8000,3772.2000,1,1,1,1,5,1,1,1,2,1
SF,IF2007,2020-05-27 11:21:32.200,3766.8000,8136,0,2043790560.000,0,-,-,-,-,3766.8000,3766.6000,3766.2000,3766.0000,3765.0000,3767.2000,3767.8000,3768.0000,3769.8000,3772.2000,1,1,1,1,5,1,1,1,2,1
SF,IF2007,2020-05-27 11:21:40.200,3767.2000,8136,0,2044920720.000,1,0,1,多换,S,3766.8000,3766.6000,3766.2000,3766.0000,3765.0000,3767.8000,3768.0000,3769.8000,3772.2000,3772.6000,1,1,1,1,5,1,1,2,1,1
SF,IF2007,2020-05-27 11:21:43.700,3767.2000,8136,0,2044920720.000,0,-,-,-,-,3767.2000,3766.8000,3766.6000,3766.2000,3766.0000,3768.0000,3769.8000,3772.2000,3772.6000,3773.2000,1,1,1,1,1,1,2,1,1,1
SF,IF2007,2020-05-27 11:21:44.700,3767.2000,8136,0,2044920720.000,0,-,-,-,-,3766.8000,3766.6000,3766.2000,3766.0000,3765.0000,3769.8000,3772.2000,3772.6000,3773.2000,3775.0000,1,1,1,1,5,2,1,1,1,6
SF,IF2007,2020-05-27 11:21:45.200,3767.2000,8136,0,2044920720.000,0,-,-,-,-,3767.0000,3766.2000,3766.0000,3765.0000,3764.4000,3768.4000,3768.6000,3768.8000,3769.2000,3769.4000,2,1,1,5,1,1,1,3,2,2
SF,IF2007,2020-05-27 11:21:45.700,3767.2000,8136,0,2044920720.000,0,-,-,-,-,3767.0000,3766.2000,3766.0000,3765.0000,3764.4000,3768.4000,3768.6000,3768.8000,3769.2000,3769.4000,2,1,1,5,1,1,1,3,2,1
SF,IF2007,2020-05-27 11:21:46.200,3767.0000,8137,1,2046050820.000,1,1,0,双开,S,3767.0000,3766.2000,3766.0000,3765.0000,3764.4000,3768.4000,3768.6000,3768.8000,3769.4000,3769.6000,1,1,1,5,1,1,1,2,1,4
SF,IF2007,2020-05-27 11:21:46.700,3767.0000,8137,0,2046050820.000,0,-,-,-,-,3767.4000,3767.0000,3766.2000,3766.0000,3765.0000,3768.4000,3768.6000,3768.8000,3769.4000,3769.6000,1,1,1,1,5,1,1,2,1,4
SF,IF2007,2020-05-27 11:21:47.200,3767.0000,8137,0,2046050820.000,0,-,-,-,-,3767.0000,3766.2000,3766.0000,3765.0000,3764.4000,3768.2000,3768.4000,3768.8000,3769.4000,3769.6000,1,1,1,5,1,1,1,2,1,3
SF,IF2007,2020-05-27 11:21:47.700,3767.0000,8137,0,2046050820.000,0,-,-,-,-,3767.0000,3766.2000,3766.0000,3765.0000,3764.4000,3768.0000,3768.2000,3768.8000,3769.4000,3769.6000,1,1,1,5,1,1,1,2,1,3
SF,IF2007,2020-05-27 11:21:48.700,3767.0000,8137,0,2046050820.000,0,-,-,-,-,3767.2000,3767.0000,3766.2000,3766.0000,3765.0000,3768.0000,3768.2000,3768.8000,3769.4000,3769.6000,1,1,1,1,5,1,1,2,1,3
SF,IF2007,2020-05-27 11:21:50.200,3767.0000,8137,0,2046050820.000,0,-,-,-,-,3767.0000,3766.2000,3766.0000,3765.0000,3764.4000,3768.0000,3768.2000,3768.8000,3769.4000,3769.6000,1,1,1,5,1,1,1,2,1,3
SF,IF2007,2020-05-27 11:21:51.700,3767.0000,8137,0,2046050820.000,0,-,-,-,-,3767.0000,3766.2000,3766.0000,3765.0000,3764.4000,3768.0000,3768.2000,3769.4000,3769.6000,3769.8000,2,1,1,5,1,1,1,1,3,2
SF,IF2007,2020-05-27 11:21:52.200,3767.0000,8137,0,2046050820.000,0,-,-,-,-,3767.0000,3766.2000,3766.0000,3765.0000,3764.4000,3768.0000,3768.2000,3769.4000,3769.6000,3769.8000,3,1,1,5,1,1,1,1,3,2
SF,IF2007,2020-05-27 11:21:52.700,3767.0000,8137,0,2046050820.000,0,-,-,-,-,3767.2000,3767.0000,3766.2000,3766.0000,3765.0000,3768.0000,3768.2000,3769.4000,3769.6000,3769.8000,1,2,1,1,5,1,1,1,3,2
SF,IF2007,2020-05-27 11:21:53.700,3767.0000,8137,0,2046050820.000,0,-,-,-,-,3767.4000,3767.2000,3767.0000,3766.2000,3766.0000,3769.4000,3769.6000,3769.8000,3772.2000,3772.6000,1,1,2,1,1,1,3,2,1,1
SF,IF2007,2020-05-27 11:21:54.200,3767.0000,8137,0,2046050820.000,0,-,-,-,-,3767.4000,3767.2000,3766.2000,3766.0000,3765.0000,3768.6000,3769.0000,3769.2000,3769.6000,3769.8000,2,1,1,1,5,1,2,1,2,2
SF,IF2007,2020-05-27 11:21:54.700,3767.0000,8137,0,2046050820.000,0,-,-,-,-,3767.4000,3767.2000,3766.2000,3766.0000,3765.0000,3768.6000,3769.0000,3769.2000,3769.6000,3769.8000,2,1,1,1,5,1,1,1,2,2
SF,IF2007,2020-05-27 11:21:55.200,3767.0000,8137,0,2046050820.000,0,-,-,-,-,3767.6000,3767.4000,3767.2000,3766.2000,3766.0000,3768.6000,3769.0000,3769.2000,3769.6000,3769.8000,1,2,1,1,1,1,1,1,2,2
SF,IF2007,2020-05-27 11:21:55.700,3767.0000,8137,0,2046050820.000,0,-,-,-,-,3767.8000,3767.6000,3767.4000,3766.2000,3766.0000,3768.6000,3769.0000,3769.2000,3769.6000,3769.8000,1,1,2,1,1,1,1,1,2,2
SF,IF2007,2020-05-27 11:21:56.200,3767.0000,8137,0,2046050820.000,0,-,-,-,-,3767.8000,3767.6000,3767.4000,3766.2000,3766.0000,3768.6000,3769.0000,3769.6000,3769.8000,3772.2000,1,1,2,1,1,1,1,2,2,1
SF,IF2007,2020-05-27 11:21:56.700,3767.0000,8137,0,2046050820.000,0,-,-,-,-,3767.6000,3767.4000,3766.2000,3766.0000,3765.0000,3768.6000,3769.0000,3769.6000,3769.8000,3772.2000,1,2,1,1,5,1,1,2,2,1
SF,IF2007,2020-05-27 11:21:57.200,3768.6000,8137,0,2047181400.000,1,0,1,多换,S,3767.6000,3767.4000,3766.2000,3766.0000,3765.0000,3769.0000,3769.6000,3769.8000,3772.2000,3772.6000,1,1,1,1,5,1,2,2,1,1
SF,IF2007,2020-05-27 11:21:57.700,3768.6000,8137,0,2047181400.000,0,-,-,-,-,3767.6000,3766.2000,3766.0000,3765.0000,3764.4000,3768.8000,3769.0000,3769.6000,3769.8000,3772.2000,1,1,1,5,1,1,1,2,2,1
SF,IF2007,2020-05-27 11:21:58.200,3768.6000,8137,0,2047181400.000,0,-,-,-,-,3766.2000,3766.0000,3765.0000,3764.4000,3763.8000,3768.4000,3768.6000,3769.6000,3769.8000,3772.2000,1,1,5,1,1,1,2,2,2,1
SF,IF2007,2020-05-27 11:21:58.700,3768.6000,8137,0,2047181400.000,0,-,-,-,-,3766.8000,3766.2000,3766.0000,3765.0000,3764.4000,3768.0000,3768.2000,3768.6000,3769.6000,3769.8000,2,1,1,5,1,1,1,1,2,2
SF,IF2007,2020-05-27 11:21:59.200,3768.6000,8137,0,2047181400.000,0,-,-,-,-,3766.8000,3766.2000,3766.0000,3765.0000,3764.4000,3768.0000,3768.2000,3769.6000,3769.8000,3772.2000,2,1,1,5,1,1,1,2,2,1
SF,IF2007,2020-05-27 11:22:01.200,3768.6000,8137,0,2047181400.000,0,-,-,-,-,3767.0000,3766.8000,3766.2000,3766.0000,3765.0000,3768.2000,3769.6000,3769.8000,3772.2000,3772.6000,1,2,1,1,5,1,2,2,1,1
SF,IF2007,2020-05-27 11:22:01.700,3768.6000,8137,0,2047181400.000,0,-,-,-,-,3767.0000,3766.8000,3766.2000,3766.0000,3765.0000,3768.2000,3769.6000,3769.8000,3772.2000,3772.6000,1,2,1,1,5,1,2,2,1,1
SF,IF2007,2020-05-27 11:22:02.200,3768.6000,8137,0,2047181400.000,0,-,-,-,-,3767.2000,3766.2000,3766.0000,3765.0000,3764.4000,3769.6000,3769.8000,3772.2000,3772.6000,3773.2000,3,1,1,5,1,2,2,1,1,1
SF,IF2007,2020-05-27 11:22:02.700,3768.6000,8137,0,2047181400.000,0,-,-,-,-,3767.2000,3766.2000,3766.0000,3765.0000,3764.4000,3768.8000,3769.0000,3769.4000,3769.6000,3769.8000,2,1,1,5,1,1,2,1,2,2
SF,IF2007,2020-05-27 11:22:03.200,3768.6000,8137,0,2047181400.000,0,-,-,-,-,3767.2000,3766.2000,3766.0000,3765.0000,3764.4000,3768.6000,3768.8000,3769.0000,3769.4000,3769.6000,2,1,1,5,1,1,1,1,1,2
SF,IF2007,2020-05-27 11:22:03.700,3768.6000,8137,0,2047181400.000,0,-,-,-,-,3767.2000,3766.2000,3766.0000,3765.0000,3764.4000,3768.6000,3768.8000,3769.0000,3769.4000,3769.6000,2,1,1,5,1,1,1,1,1,2
SF,IF2007,2020-05-27 11:22:04.200,3768.6000,8137,0,2047181400.000,0,-,-,-,-,3767.2000,3766.2000,3766.0000,3765.0000,3764.4000,3768.6000,3768.8000,3769.0000,3769.4000,3769.6000,2,1,1,5,1,1,1,1,1,2
SF,IF2007,2020-05-27 11:22:06.200,3768.6000,8137,0,2047181400.000,0,-,-,-,-,3767.2000,3766.2000,3766.0000,3765.0000,3764.4000,3768.6000,3768.8000,3769.0000,3769.6000,3769.8000,2,1,1,5,1,1,1,1,2,2
SF,IF2007,2020-05-27 11:22:06.700,3768.6000,8137,0,2047181400.000,0,-,-,-,-,3767.4000,3767.2000,3766.2000,3766.0000,3765.0000,3768.6000,3768.8000,3769.0000,3769.6000,3769.8000,1,2,1,1,5,1,1,1,2,2
SF,IF2007,2020-05-27 11:22:07.200,3768.6000,8137,0,2047181400.000,0,-,-,-,-,3767.4000,3767.2000,3766.2000,3766.0000,3765.0000,3768.6000,3768.8000,3769.6000,3769.8000,3772.2000,1,2,1,1,5,1,1,2,2,1
SF,IF2007,2020-05-27 11:22:08.700,3768.6000,8136,-1,2048311980.000,1,0,1,双平,S,3767.8000,3767.6000,3767.4000,3767.2000,3766.2000,3768.8000,3769.6000,3769.8000,3772.2000,3772.6000,1,1,1,1,1,1,2,2,1,1
SF,IF2007,2020-05-27 11:22:09.200,3767.8000,8136,0,2049442320.000,1,0,1,多换,S,3767.6000,3767.4000,3767.2000,3766.2000,3766.0000,3768.8000,3769.6000,3769.8000,3772.2000,3772.6000,1,1,1,1,1,1,2,2,1,1
SF,IF2007,2020-05-27 11:22:09.700,3767.8000,8136,0,2049442320.000,0,-,-,-,-,3767.6000,3767.4000,3767.2000,3766.2000,3766.0000,3768.8000,3769.6000,3769.8000,3772.2000,3772.6000,1,1,1,1,1,1,2,2,1,1
SF,IF2007,2020-05-27 11:22:10.200,3767.8000,8136,0,2049442320.000,0,-,-,-,-,3767.4000,3767.2000,3766.2000,3766.0000,3765.0000,3768.8000,3769.6000,3769.8000,3772.2000,3772.6000,1,1,1,1,5,1,2,2,1,1
SF,IF2007,2020-05-27 11:22:12.700,3767.8000,8136,0,2049442320.000,0,-,-,-,-,3767.4000,3767.2000,3766.2000,3766.0000,3765.0000,3768.6000,3768.8000,3769.6000,3769.8000,3772.2000,1,1,1,1,5,1,1,2,2,1
SF,IF2007,2020-05-27 11:22:14.200,3767.8000,8136,0,2049442320.000,0,-,-,-,-,3767.6000,3767.2000,3766.2000,3766.0000,3765.0000,3768.6000,3768.8000,3769.6000,3769.8000,3772.2000,1,1,1,1,5,1,1,2,2,1
SF,IF2007,2020-05-27 11:22:14.700,3767.8000,8136,0,2049442320.000,0,-,-,-,-,3767.6000,3766.2000,3766.0000,3765.0000,3764.4000,3768.6000,3768.8000,3769.6000,3769.8000,3772.2000,1,1,1,5,1,1,1,2,2,1
SF,IF2007,2020-05-27 11:22:15.700,3767.8000,8136,0,2049442320.000,0,-,-,-,-,3766.2000,3766.0000,3765.0000,3764.4000,3763.4000,3768.6000,3768.8000,3769.6000,3769.8000,3772.2000,1,1,5,1,1,1,1,2,2,1
SF,IF2007,2020-05-27 11:22:16.200,3767.8000,8136,0,2049442320.000,0,-,-,-,-,3767.4000,3767.2000,3767.0000,3766.8000,3766.4000,3768.4000,3768.6000,3769.6000,3769.8000,3772.2000,1,1,2,1,4,1,1,2,2,1
SF,IF2007,2020-05-27 11:22:16.700,3767.8000,8136,0,2049442320.000,0,-,-,-,-,3767.2000,3767.0000,3766.4000,3766.2000,3766.0000,3768.4000,3768.6000,3769.6000,3769.8000,3772.2000,1,2,4,2,1,1,1,2,2,1
SF,IF2007,2020-05-27 11:22:17.200,3767.8000,8136,0,2049442320.000,0,-,-,-,-,3767.2000,3767.0000,3766.2000,3766.0000,3765.0000,3768.4000,3768.6000,3769.6000,3769.8000,3772.2000,1,2,1,1,5,1,1,2,2,1
SF,IF2007,2020-05-27 11:22:22.700,3768.4000,8136,0,2050572840.000,1,0,1,多换,S,3767.2000,3767.0000,3766.2000,3766.0000,3765.0000,3768.6000,3769.6000,3769.8000,3772.2000,3772.6000,1,2,1,1,5,1,2,2,1,1
SF,IF2007,2020-05-27 11:22:23.200,3768.4000,8136,0,2050572840.000,0,-,-,-,-,3767.6000,3767.4000,3767.0000,3766.2000,3766.0000,3768.6000,3769.6000,3769.8000,3772.2000,3772.6000,1,2,1,1,1,1,2,2,1,1
SF,IF2007,2020-05-27 11:22:24.200,3768.4000,8136,0,2050572840.000,0,-,-,-,-,3767.6000,3767.4000,3767.0000,3766.2000,3766.0000,3768.6000,3769.6000,3769.8000,3772.2000,3772.6000,1,1,1,1,1,1,2,2,1,1
SF,IF2007,2020-05-27 11:22:27.700,3768.4000,8136,0,2050572840.000,0,-,-,-,-,3767.6000,3767.4000,3767.0000,3766.2000,3766.0000,3769.6000,3769.8000,3772.2000,3772.6000,3773.2000,1,1,1,1,1,2,2,1,1,1
SF,IF2007,2020-05-27 11:22:28.200,3768.4000,8136,0,2050572840.000,0,-,-,-,-,3767.6000,3767.4000,3767.0000,3766.2000,3766.0000,3768.8000,3769.2000,3769.4000,3769.6000,3769.8000,1,1,1,1,1,1,4,3,2,2
SF,IF2007,2020-05-27 11:22:28.700,3768.4000,8136,0,2050572840.000,0,-,-,-,-,3767.6000,3767.4000,3766.2000,3766.0000,3765.0000,3768.8000,3769.4000,3769.6000,3769.8000,3772.2000,1,1,1,1,5,1,1,2,2,1
SF,IF2007,2020-05-27 11:22:29.200,3768.8000,8136,0,2051703480.000,1,0,1,多换,S,3768.2000,3767.8000,3767.6000,3766.2000,3766.0000,3769.4000,3769.6000,3769.8000,3772.2000,3772.6000,1,1,1,1,1,1,1,2,1,1
SF,IF2007,2020-05-27 11:22:29.700,3769.4000,8137,1,2052834300.000,1,1,0,双开,S,3768.6000,3768.4000,3766.2000,3766.0000,3765.0000,3769.8000,3772.2000,3772.6000,3773.2000,3775.0000,1,1,1,1,5,2,1,1,1,6
SF,IF2007,2020-05-27 11:22:30.200,3769.4000,8137,0,2052834300.000,0,-,-,-,-,3769.2000,3768.8000,3766.2000,3766.0000,3765.0000,3769.8000,3772.2000,3772.6000,3773.2000,3775.0000,1,1,1,1,10,2,1,1,1,6
SF,IF2007,2020-05-27 11:22:30.700,3769.4000,8137,0,2052834300.000,0,-,-,-,-,3769.2000,3768.8000,3766.2000,3766.0000,3765.0000,3769.8000,3772.2000,3772.6000,3773.2000,3775.0000,1,1,1,1,10,2,1,1,1,6
SF,IF2007,2020-05-27 11:22:32.200,3769.4000,8137,0,2052834300.000,0,-,-,-,-,3769.2000,3768.8000,3766.2000,3766.0000,3765.0000,3769.8000,3772.2000,3772.6000,3773.2000,3775.0000,1,1,1,1,10,1,1,1,1,6
SF,IF2007,2020-05-27 11:22:32.700,3769.4000,8137,0,2052834300.000,0,-,-,-,-,3769.6000,3768.8000,3766.2000,3766.0000,3765.0000,3769.8000,3772.2000,3772.6000,3773.2000,3775.0000,1,1,1,1,10,1,1,1,1,6
SF,IF2007,2020-05-27 11:22:33.700,3769.6000,8137,0,2053965180.000,1,0,1,多换,S,3768.8000,3766.2000,3766.0000,3765.0000,3764.4000,3769.8000,3772.2000,3772.6000,3773.2000,3775.0000,1,1,1,10,1,1,1,1,1,6
SF,IF2007,2020-05-27 11:22:34.200,3769.6000,8137,0,2053965180.000,0,-,-,-,-,3768.8000,3766.2000,3766.0000,3765.0000,3764.4000,3769.8000,3772.2000,3772.6000,3773.2000,3775.0000,1,1,1,10,1,1,1,1,1,6
SF,IF2007,2020-05-27 11:22:34.700,3769.6000,8137,0,2053965180.000,0,-,-,-,-,3769.0000,3768.8000,3766.2000,3766.0000,3765.0000,3769.8000,3772.2000,3772.6000,3773.2000,3775.0000,1,1,1,1,10,1,1,1,1,1
SF,IF2007,2020-05-27 11:22:35.200,3769.6000,8137,0,2053965180.000,0,-,-,-,-,3769.0000,3768.8000,3766.2000,3766.0000,3765.0000,3769.8000,3772.2000,3772.6000,3773.2000,3775.0000,1,1,1,1,10,1,1,1,1,1
SF,IF2007,2020-05-27 11:22:35.700,3769.6000,8137,0,2053965180.000,0,-,-,-,-,3768.8000,3766.2000,3766.0000,3765.0000,3764.4000,3769.8000,3772.2000,3772.6000,3773.2000,3775.0000,1,1,1,10,1,1,1,1,1,1
SF,IF2007,2020-05-27 11:22:36.200,3769.6000,8137,0,2053965180.000,0,-,-,-,-,3768.8000,3766.2000,3766.0000,3765.0000,3764.4000,3769.8000,3772.2000,3772.6000,3773.2000,3775.0000,1,1,1,10,1,1,1,1,1,1
SF,IF2007,2020-05-27 11:22:36.700,3769.6000,8137,0,2053965180.000,0,-,-,-,-,3766.2000,3766.0000,3765.0000,3764.4000,3761.0000,3769.0000,3769.6000,3769.8000,3772.2000,3772.6000,1,1,10,1,7,1,1,1,1,1
SF,IF2007,2020-05-27 11:22:37.200,3769.6000,8137,0,2053965180.000,0,-,-,-,-,3767.8000,3767.6000,3767.2000,3766.8000,3766.6000,3768.8000,3769.0000,3769.8000,3772.2000,3772.6000,1,1,2,1,2,1,1,1,1,1
SF,IF2007,2020-05-27 11:22:37.700,3769.6000,8137,0,2053965180.000,0,-,-,-,-,3767.8000,3767.2000,3766.6000,3766.4000,3766.2000,3768.8000,3769.0000,3769.8000,3772.2000,3772.6000,1,2,2,6,1,1,1,1,1,1
SF,IF2007,2020-05-27 11:22:39.200,3769.6000,8137,0,2053965180.000,0,-,-,-,-,3767.8000,3767.2000,3766.6000,3766.4000,3766.2000,3768.8000,3769.0000,3769.8000,3772.2000,3772.6000,1,1,2,6,1,1,1,1,1,1
SF,IF2007,2020-05-27 11:22:39.700,3769.6000,8137,0,2053965180.000,0,-,-,-,-,3767.8000,3767.2000,3766.6000,3766.4000,3766.2000,3768.8000,3769.0000,3769.8000,3772.2000,3772.6000,1,1,2,6,1,1,1,1,1,1
SF,IF2007,2020-05-27 11:22:40.200,3769.6000,8137,0,2053965180.000,0,-,-,-,-,3767.8000,3767.2000,3766.6000,3766.4000,3766.2000,3768.8000,3769.0000,3769.8000,3772.2000,3772.6000,1,1,2,6,1,1,1,1,1,1
SF,IF2007,2020-05-27 11:22:40.700,3769.6000,8137,0,2053965180.000,0,-,-,-,-,3767.8000,3767.2000,3766.6000,3766.4000,3766.2000,3768.8000,3769.0000,3769.8000,3772.2000,3772.6000,1,1,2,6,1,1,1,1,1,1
SF,IF2007,2020-05-27 11:22:45.200,3769.6000,8137,0,2053965180.000,0,-,-,-,-,3768.0000,3767.8000,3767.2000,3766.6000,3766.4000,3768.8000,3769.8000,3772.2000,3772.6000,3773.2000,1,1,1,2,6,1,1,1,1,1
SF,IF2007,2020-05-27 11:22:45.700,3769.6000,8137,0,2053965180.000,0,-,-,-,-,3768.2000,3768.0000,3767.2000,3766.6000,3766.4000,3769.8000,3772.2000,3772.6000,3773.2000,3775.0000,1,1,1,2,6,1,1,1,1,1
SF,IF2007,2020-05-27 11:22:46.200,3769.6000,8137,0,2053965180.000,0,-,-,-,-,3768.2000,3768.0000,3767.2000,3766.6000,3766.4000,3769.4000,3769.6000,3769.8000,3772.2000,3772.6000,1,1,1,2,6,1,1,1,1,1
SF,IF2007,2020-05-27 11:22:47.200,3769.6000,8137,0,2053965180.000,0,-,-,-,-,3768.2000,3768.0000,3767.2000,3766.6000,3766.4000,3769.6000,3769.8000,3772.2000,3772.6000,3773.2000,1,1,1,2,6,1,1,1,1,1
SF,IF2007,2020-05-27 11:22:49.200,3769.6000,8137,0,2053965180.000,0,-,-,-,-,3768.2000,3768.0000,3767.2000,3766.6000,3766.4000,3769.6000,3769.8000,3770.8000,3772.2000,3772.6000,1,1,1,2,6,1,1,1,1,1
SF,IF2007,2020-05-27 11:22:50.700,3769.6000,8137,0,2053965180.000,0,-,-,-,-,3768.2000,3768.0000,3767.2000,3766.6000,3766.4000,3769.4000,3769.6000,3769.8000,3770.8000,3772.2000,1,1,1,2,6,1,1,1,1,1
SF,IF2007,2020-05-27 11:22:53.700,3769.6000,8137,0,2053965180.000,0,-,-,-,-,3768.2000,3768.0000,3767.2000,3766.6000,3766.4000,3769.2000,3769.4000,3769.8000,3770.8000,3772.2000,1,1,1,2,6,2,1,1,1,1
SF,IF2007,2020-05-27 11:22:54.200,3769.6000,8137,0,2053965180.000,0,-,-,-,-,3768.2000,3768.0000,3767.2000,3766.6000,3766.4000,3769.2000,3769.4000,3769.8000,3770.8000,3772.2000,1,1,1,2,6,2,1,1,1,1
SF,IF2007,2020-05-27 11:22:54.700,3769.6000,8137,0,2053965180.000,0,-,-,-,-,3768.2000,3767.2000,3766.6000,3766.4000,3766.2000,3769.2000,3769.4000,3769.8000,3770.8000,3772.2000,1,1,2,6,1,2,1,1,1,1
SF,IF2007,2020-05-27 11:23:01.700,3769.6000,8137,0,2053965180.000,0,-,-,-,-,3768.2000,3767.2000,3766.6000,3766.4000,3766.2000,3768.8000,3769.2000,3769.4000,3769.8000,3770.8000,1,1,2,6,1,1,1,1,1,1
SF,IF2007,2020-05-27 11:23:03.700,3769.6000,8137,0,2053965180.000,0,-,-,-,-,3768.2000,3767.2000,3766.6000,3766.4000,3766.2000,3768.8000,3769.2000,3769.4000,3769.8000,3770.8000,1,1,2,6,1,1,1,1,1,1
SF,IF2007,2020-05-27 11:23:04.700,3769.6000,8137,0,2053965180.000,0,-,-,-,-,3767.2000,3766.6000,3766.4000,3766.2000,3766.0000,3768.8000,3769.2000,3769.4000,3769.8000,3770.8000,1,2,5,1,1,1,1,1,2,1
SF,IF2007,2020-05-27 11:23:05.200,3769.6000,8137,0,2053965180.000,0,-,-,-,-,3767.6000,3767.4000,3767.2000,3766.6000,3766.4000,3768.8000,3769.4000,3769.8000,3770.8000,3772.0000,1,1,1,2,5,1,1,2,1,2
SF,IF2007,2020-05-27 11:23:05.700,3769.6000,8137,0,2053965180.000,0,-,-,-,-,3767.6000,3767.4000,3767.2000,3766.6000,3766.4000,3768.6000,3768.8000,3769.4000,3769.8000,3770.8000,1,1,1,2,5,1,1,1,2,1
SF,IF2007,2020-05-27 11:23:06.700,3769.6000,8137,0,2053965180.000,0,-,-,-,-,3767.6000,3767.4000,3766.6000,3766.4000,3766.2000,3768.6000,3768.8000,3769.4000,3769.8000,3770.8000,1,1,2,3,1,1,1,1,2,1
SF,IF2007,2020-05-27 11:23:07.200,3769.6000,8137,0,2053965180.000,0,-,-,-,-,3767.6000,3767.4000,3766.6000,3766.4000,3766.2000,3768.4000,3768.6000,3769.4000,3769.8000,3770.8000,1,1,2,3,1,1,1,1,2,1
SF,IF2007,2020-05-27 11:23:07.700,3769.6000,8137,0,2053965180.000,0,-,-,-,-,3767.6000,3766.6000,3766.4000,3766.2000,3766.0000,3768.4000,3769.4000,3769.8000,3770.8000,3772.0000,1,2,3,1,1,1,1,2,1,2
SF,IF2007,2020-05-27 11:23:08.700,3768.6000,8137,0,2055095760.000,1,0,1,多换,S,3767.6000,3766.6000,3766.4000,3766.2000,3766.0000,3769.4000,3769.8000,3770.8000,3772.0000,3772.2000,1,2,3,1,1,1,2,1,2,1
SF,IF2007,2020-05-27 11:23:09.200,3768.6000,8137,0,2055095760.000,0,-,-,-,-,3767.6000,3766.6000,3766.4000,3766.2000,3766.0000,3768.8000,3769.2000,3769.4000,3769.8000,3770.8000,1,2,3,1,1,3,4,1,2,1
SF,IF2007,2020-05-27 11:23:09.700,3768.6000,8137,0,2055095760.000,0,-,-,-,-,3767.6000,3766.6000,3766.4000,3766.2000,3766.0000,3768.6000,3768.8000,3769.2000,3769.4000,3769.8000,1,2,1,1,1,3,3,3,1,2
SF,IF2007,2020-05-27 11:23:10.200,3768.6000,8137,0,2055095760.000,0,-,-,-,-,3767.6000,3766.6000,3766.4000,3766.2000,3766.0000,3768.4000,3768.6000,3768.8000,3769.2000,3769.4000,1,2,1,1,1,1,3,3,3,1
SF,IF2007,2020-05-27 11:23:10.700,3767.6000,8138,1,2056226040.000,1,1,0,双开,S,3766.6000,3766.4000,3766.2000,3766.0000,3765.0000,3768.4000,3768.6000,3768.8000,3769.2000,3769.4000,2,1,1,1,5,2,2,3,3,1
SF,IF2007,2020-05-27 11:23:11.200,3767.6000,8138,0,2056226040.000,0,-,-,-,-,3767.0000,3766.2000,3766.0000,3765.0000,3764.4000,3768.4000,3768.6000,3768.8000,3769.2000,3769.4000,2,1,1,5,1,2,2,3,3,1
SF,IF2007,2020-05-27 11:23:11.700,3767.6000,8138,0,2056226040.000,0,-,-,-,-,3767.0000,3766.2000,3766.0000,3765.0000,3764.4000,3768.2000,3768.4000,3768.6000,3768.8000,3769.2000,2,1,1,5,1,1,2,2,3,3
SF,IF2007,2020-05-27 11:23:13.200,3767.6000,8138,0,2056226040.000,0,-,-,-,-,3767.0000,3766.2000,3766.0000,3765.0000,3764.4000,3768.0000,3768.2000,3768.4000,3768.6000,3768.8000,2,1,1,5,1,1,1,2,2,3
SF,IF2007,2020-05-27 11:23:16.700,3767.6000,8138,0,2056226040.000,0,-,-,-,-,3767.0000,3766.2000,3766.0000,3765.0000,3764.4000,3768.0000,3768.2000,3768.4000,3768.6000,3768.8000,2,1,1,5,1,1,1,1,2,3
SF,IF2007,2020-05-27 11:23:17.700,3768.0000,8138,0,2057356440.000,1,0,1,多换,S,3768.0000,3767.0000,3766.2000,3766.0000,3765.0000,3768.2000,3768.4000,3768.6000,3768.8000,3769.2000,4,2,1,1,5,1,1,2,3,3
SF,IF2007,2020-05-27 11:23:18.200,3768.0000,8142,4,2061878040.000,4,4,0,双开,S,3767.0000,3766.2000,3766.0000,3765.0000,3764.4000,3768.4000,3768.6000,3768.8000,3769.2000,3769.4000,1,1,1,5,1,1,2,3,3,1
SF,IF2007,2020-05-27 11:23:18.700,3768.0000,8142,0,2061878040.000,0,-,-,-,-,3767.2000,3767.0000,3766.2000,3766.0000,3765.0000,3768.4000,3768.6000,3768.8000,3769.2000,3769.4000,1,1,1,1,5,1,2,3,3,1
SF,IF2007,2020-05-27 11:23:19.200,3768.0000,8142,0,2061878040.000,0,-,-,-,-,3767.2000,3767.0000,3766.2000,3766.0000,3765.0000,3768.2000,3768.4000,3768.6000,3768.8000,3769.2000,1,1,1,1,5,2,1,2,3,3
SF,IF2007,2020-05-27 11:23:19.700,3768.0000,8142,0,2061878040.000,0,-,-,-,-,3767.2000,3767.0000,3766.2000,3766.0000,3765.0000,3768.2000,3768.4000,3768.6000,3768.8000,3769.2000,1,1,1,1,5,3,1,2,3,3
SF,IF2007,2020-05-27 11:23:20.700,3768.0000,8142,0,2061878040.000,0,-,-,-,-,3767.2000,3767.0000,3766.2000,3766.0000,3765.0000,3768.0000,3768.2000,3768.4000,3768.6000,3768.8000,1,1,1,1,5,2,2,1,2,3
SF,IF2007,2020-05-27 11:23:23.200,3768.0000,8144,2,2064138840.000,2,2,0,双开,S,3768.0000,3767.2000,3767.0000,3766.2000,3766.0000,3768.2000,3768.4000,3768.6000,3768.8000,3769.2000,3,1,1,1,1,2,1,2,3,3
SF,IF2007,2020-05-27 11:23:23.700,3768.0000,8147,3,2067530040.000,3,3,0,双开,S,3767.2000,3767.0000,3766.2000,3766.0000,3765.0000,3768.2000,3768.4000,3768.6000,3768.8000,3769.2000,1,1,1,1,5,1,1,2,1,3
SF,IF2007,2020-05-27 11:23:24.700,3768.0000,8147,0,2067530040.000,0,-,-,-,-,3767.2000,3767.0000,3766.2000,3766.0000,3765.0000,3768.0000,3768.2000,3768.4000,3768.6000,3768.8000,1,1,1,1,5,2,1,1,2,1
SF,IF2007,2020-05-27 11:23:26.200,3768.0000,8147,0,2067530040.000,0,-,-,-,-,3767.2000,3767.0000,3766.2000,3766.0000,3765.0000,3768.0000,3768.2000,3768.4000,3768.6000,3768.8000,1,1,1,1,5,1,1,1,2,1
SF,IF2007,2020-05-27 11:23:28.700,3768.0000,8148,1,2068660440.000,1,1,0,双开,S,3768.0000,3767.2000,3767.0000,3766.2000,3766.0000,3768.2000,3768.4000,3768.6000,3768.8000,3769.2000,4,1,1,1,1,1,1,2,1,3
SF,IF2007,2020-05-27 11:23:29.200,3768.0000,8152,4,2073182040.000,4,4,0,双开,S,3767.2000,3767.0000,3766.2000,3766.0000,3765.0000,3768.2000,3768.4000,3768.6000,3768.8000,3769.2000,1,1,1,1,5,1,1,2,1,3
SF,IF2007,2020-05-27 11:23:30.200,3768.0000,8152,0,2073182040.000,0,-,-,-,-,3767.2000,3767.0000,3766.2000,3766.0000,3765.0000,3768.2000,3768.4000,3768.6000,3768.8000,3769.2000,1,1,1,1,5,2,1,2,1,3
SF,IF2007,2020-05-27 11:23:31.200,3768.0000,8152,0,2073182040.000,0,-,-,-,-,3767.2000,3767.0000,3766.2000,3766.0000,3765.0000,3768.0000,3768.2000,3768.4000,3768.6000,3768.8000,1,1,1,1,5,1,2,1,2,1
SF,IF2007,2020-05-27 11:23:31.700,3768.0000,8152,0,2073182040.000,0,-,-,-,-,3767.4000,3767.2000,3766.2000,3766.0000,3765.0000,3768.4000,3768.6000,3768.8000,3769.2000,3769.4000,1,1,1,1,5,1,2,1,3,1
SF,IF2007,2020-05-27 11:23:32.200,3768.0000,8152,0,2073182040.000,0,-,-,-,-,3767.6000,3767.4000,3766.2000,3766.0000,3765.0000,3768.4000,3768.6000,3768.8000,3769.2000,3769.4000,1,1,1,1,5,1,2,1,3,1
SF,IF2007,2020-05-27 11:23:32.700,3768.0000,8152,0,2073182040.000,0,-,-,-,-,3767.6000,3767.4000,3766.2000,3766.0000,3765.0000,3768.4000,3768.6000,3768.8000,3769.2000,3769.4000,1,1,1,1,5,1,2,1,2,1
SF,IF2007,2020-05-27 11:23:33.200,3768.0000,8152,0,2073182040.000,0,-,-,-,-,3768.0000,3767.8000,3766.2000,3766.0000,3765.0000,3769.2000,3769.4000,3769.8000,3770.8000,3772.0000,2,1,1,1,5,2,1,2,1,2
SF,IF2007,2020-05-27 11:23:33.700,3768.0000,8152,0,2073182040.000,0,-,-,-,-,3768.2000,3768.0000,3767.8000,3766.2000,3766.0000,3769.2000,3769.4000,3769.8000,3770.8000,3772.0000,1,2,1,1,1,2,1,2,1,2
SF,IF2007,2020-05-27 11:23:34.200,3768.0000,8152,0,2073182040.000,0,-,-,-,-,3768.2000,3768.0000,3767.8000,3766.2000,3766.0000,3769.0000,3769.2000,3769.4000,3769.8000,3770.8000,1,2,1,1,1,1,2,1,2,1
SF,IF2007,2020-05-27 11:23:34.700,3768.0000,8152,0,2073182040.000,0,-,-,-,-,3768.0000,3767.8000,3766.2000,3766.0000,3765.0000,3769.0000,3769.2000,3769.4000,3769.8000,3770.8000,2,1,1,1,5,1,2,1,2,1
SF,IF2007,2020-05-27 11:23:35.200,3768.0000,8152,0,2073182040.000,0,-,-,-,-,3768.0000,3767.8000,3766.2000,3766.0000,3765.0000,3769.0000,3769.2000,3769.4000,3769.8000,3770.8000,1,1,1,1,5,2,2,1,2,1
SF,IF2007,2020-05-27 11:23:35.700,3768.0000,8152,0,2073182040.000,0,-,-,-,-,3768.0000,3767.8000,3766.2000,3766.0000,3765.0000,3769.0000,3769.2000,3769.4000,3769.8000,3770.8000,1,1,1,1,5,2,2,1,2,1
SF,IF2007,2020-05-27 11:23:39.200,3768.0000,8152,0,2073182040.000,0,-,-,-,-,3768.2000,3768.0000,3767.8000,3766.2000,3766.0000,3769.0000,3769.2000,3769.4000,3769.8000,3770.8000,1,1,1,1,1,2,1,1,2,1
SF,IF2007,2020-05-27 11:23:39.700,3768.0000,8152,0,2073182040.000,0,-,-,-,-,3768.2000,3768.0000,3767.8000,3766.2000,3766.0000,3769.0000,3769.2000,3769.4000,3769.8000,3770.8000,1,1,1,1,1,1,1,1,2,1
SF,IF2007,2020-05-27 11:23:40.200,3768.0000,8152,0,2073182040.000,0,-,-,-,-,3768.4000,3768.2000,3766.2000,3766.0000,3765.0000,3769.0000,3769.2000,3769.4000,3769.8000,3770.8000,1,1,1,1,5,1,1,1,2,1
SF,IF2007,2020-05-27 11:23:40.700,3768.0000,8152,0,2073182040.000,0,-,-,-,-,3768.4000,3768.2000,3766.2000,3766.0000,3765.0000,3769.4000,3769.8000,3770.8000,3772.0000,3772.2000,1,1,1,1,5,1,2,1,2,1
SF,IF2007,2020-05-27 11:23:41.200,3768.0000,8152,0,2073182040.000,0,-,-,-,-,3768.4000,3768.2000,3766.2000,3766.0000,3765.0000,3769.8000,3770.8000,3772.0000,3772.2000,3772.6000,1,1,1,1,5,2,1,2,1,1
SF,IF2007,2020-05-27 11:23:44.700,3768.0000,8152,0,2073182040.000,0,-,-,-,-,3768.4000,3768.2000,3766.2000,3766.0000,3765.0000,3769.4000,3769.6000,3769.8000,3770.8000,3772.0000,1,1,1,1,5,1,1,2,1,2
SF,IF2007,2020-05-27 11:23:45.200,3768.4000,8152,0,2074312560.000,1,0,1,多换,S,3768.2000,3766.2000,3766.0000,3765.0000,3764.4000,3769.2000,3769.4000,3769.6000,3769.8000,3770.8000,1,1,1,5,1,2,1,1,2,1
SF,IF2007,2020-05-27 11:23:45.700,3768.4000,8152,0,2074312560.000,0,-,-,-,-,3766.2000,3766.0000,3765.0000,3764.4000,3761.0000,3768.8000,3769.2000,3769.4000,3769.6000,3769.8000,1,1,5,1,7,1,1,1,1,2
SF,IF2007,2020-05-27 11:23:46.200,3768.4000,8152,0,2074312560.000,0,-,-,-,-,3767.4000,3767.0000,3766.8000,3766.6000,3766.4000,3768.8000,3769.2000,3769.4000,3769.6000,3769.8000,1,1,1,1,2,1,1,1,2,2
SF,IF2007,2020-05-27 11:23:46.700,3768.4000,8152,0,2074312560.000,0,-,-,-,-,3767.4000,3767.0000,3766.6000,3766.4000,3766.2000,3768.8000,3769.2000,3769.4000,3769.6000,3769.8000,1,1,1,2,1,1,1,1,2,2
SF,IF2007,2020-05-27 11:23:48.200,3768.4000,8152,0,2074312560.000,0,-,-,-,-,3767.4000,3767.0000,3766.6000,3766.4000,3766.2000,3768.4000,3769.2000,3769.4000,3769.6000,3769.8000,1,1,1,2,1,1,1,1,2,2
SF,IF2007,2020-05-27 11:23:48.700,3768.4000,8152,0,2074312560.000,0,-,-,-,-,3767.4000,3767.0000,3766.6000,3766.4000,3766.2000,3768.4000,3769.2000,3769.4000,3769.6000,3769.8000,1,1,1,1,1,1,1,1,2,2
SF,IF2007,2020-05-27 11:23:49.200,3768.4000,8152,0,2074312560.000,0,-,-,-,-,3767.4000,3767.0000,3766.2000,3766.0000,3765.0000,3768.2000,3768.4000,3769.2000,3769.4000,3769.6000,1,1,1,1,5,1,2,1,1,2
SF,IF2007,2020-05-27 11:23:49.700,3767.4000,8153,1,2075442780.000,1,1,0,双开,S,3767.0000,3766.2000,3766.0000,3765.0000,3764.4000,3768.4000,3769.2000,3769.4000,3769.6000,3769.8000,1,1,1,5,1,2,1,1,2,2
SF,IF2007,2020-05-27 11:23:50.200,3767.4000,8153,0,2075442780.000,0,-,-,-,-,3767.2000,3767.0000,3766.2000,3766.0000,3765.0000,3768.4000,3769.2000,3769.4000,3769.6000,3769.8000,1,1,1,1,5,2,1,1,2,2
SF,IF2007,2020-05-27 11:23:51.200,3767.4000,8153,0,2075442780.000,0,-,-,-,-,3767.2000,3767.0000,3766.2000,3766.0000,3765.0000,3768.2000,3768.4000,3769.2000,3769.4000,3769.6000,1,1,1,1,5,1,2,1,1,2
SF,IF2007,2020-05-27 11:23:53.200,3767.4000,8153,0,2075442780.000,0,-,-,-,-,3767.2000,3767.0000,3766.2000,3766.0000,3765.0000,3768.2000,3768.4000,3769.2000,3769.4000,3769.6000,1,1,1,1,5,1,2,1,1,2
SF,IF2007,2020-05-27 11:23:56.700,3767.4000,8153,0,2075442780.000,0,-,-,-,-,3767.2000,3767.0000,3766.2000,3766.0000,3765.0000,3768.4000,3769.2000,3769.4000,3769.6000,3769.8000,1,1,1,1,5,2,1,1,2,2
SF,IF2007,2020-05-27 11:23:57.200,3767.4000,8153,0,2075442780.000,0,-,-,-,-,3767.4000,3767.2000,3767.0000,3766.2000,3766.0000,3768.4000,3769.2000,3769.4000,3769.6000,3769.8000,1,1,1,1,1,2,1,1,2,2
SF,IF2007,2020-05-27 11:24:02.700,3767.4000,8153,0,2075442780.000,0,-,-,-,-,3767.2000,3767.0000,3766.2000,3766.0000,3765.0000,3768.2000,3768.4000,3769.2000,3769.4000,3769.6000,1,1,1,1,5,1,2,1,1,2
SF,IF2007,2020-05-27 11:24:03.700,3767.4000,8153,0,2075442780.000,0,-,-,-,-,3767.2000,3767.0000,3766.2000,3766.0000,3765.0000,3768.4000,3769.2000,3769.4000,3769.6000,3769.8000,1,1,1,1,5,2,1,1,2,2
SF,IF2007,2020-05-27 11:24:05.200,3767.4000,8153,0,2075442780.000,0,-,-,-,-,3767.2000,3767.0000,3766.2000,3766.0000,3765.0000,3768.4000,3769.2000,3769.4000,3769.6000,3769.8000,1,1,1,1,5,2,1,1,1,2
SF,IF2007,2020-05-27 11:24:05.700,3767.4000,8153,0,2075442780.000,0,-,-,-,-,3767.2000,3767.0000,3766.2000,3766.0000,3765.0000,3768.2000,3768.4000,3769.2000,3769.4000,3769.6000,1,1,1,1,5,2,2,1,1,1
SF,IF2007,2020-05-27 11:24:07.700,3767.4000,8153,0,2075442780.000,0,-,-,-,-,3767.2000,3767.0000,3766.2000,3766.0000,3765.0000,3768.0000,3768.2000,3768.4000,3769.2000,3769.4000,1,1,1,1,5,1,2,1,1,1
SF,IF2007,2020-05-27 11:24:08.200,3767.4000,8153,0,2075442780.000,0,-,-,-,-,3767.2000,3767.0000,3766.2000,3766.0000,3765.0000,3768.0000,3768.2000,3768.4000,3769.2000,3769.4000,1,1,1,1,5,1,3,1,1,1
SF,IF2007,2020-05-27 11:24:09.700,3767.4000,8153,0,2075442780.000,0,-,-,-,-,3766.2000,3766.0000,3765.0000,3764.4000,3761.0000,3768.0000,3768.2000,3768.4000,3769.2000,3769.4000,1,1,5,1,7,1,3,1,1,1
SF,IF2007,2020-05-27 11:24:10.200,3767.4000,8153,0,2075442780.000,0,-,-,-,-,3766.6000,3766.4000,3766.2000,3766.0000,3765.0000,3768.0000,3768.2000,3768.4000,3769.2000,3769.4000,1,1,1,1,5,1,3,1,1,1
SF,IF2007,2020-05-27 11:24:22.700,3767.4000,8153,0,2075442780.000,0,-,-,-,-,3766.6000,3766.4000,3766.2000,3766.0000,3765.0000,3768.0000,3768.2000,3768.4000,3769.2000,3769.4000,1,1,1,1,5,2,2,1,1,1
SF,IF2007,2020-05-27 11:24:24.700,3767.4000,8153,0,2075442780.000,0,-,-,-,-,3767.0000,3766.8000,3766.6000,3766.2000,3766.0000,3768.0000,3768.2000,3768.4000,3769.2000,3769.4000,1,1,1,1,1,2,2,1,1,1
SF,IF2007,2020-05-27 11:24:25.200,3767.4000,8153,0,2075442780.000,0,-,-,-,-,3767.0000,3766.8000,3766.2000,3766.0000,3765.0000,3768.4000,3769.2000,3769.4000,3769.6000,3769.8000,1,1,1,1,5,1,1,1,1,2
SF,IF2007,2020-05-27 11:24:25.700,3767.4000,8153,0,2075442780.000,0,-,-,-,-,3767.2000,3767.0000,3766.2000,3766.0000,3765.0000,3769.2000,3769.4000,3769.6000,3769.8000,3770.2000,2,1,1,1,5,1,1,1,2,1
SF,IF2007,2020-05-27 11:24:26.200,3767.4000,8153,0,2075442780.000,0,-,-,-,-,3767.6000,3767.2000,3767.0000,3766.2000,3766.0000,3768.8000,3769.0000,3769.2000,3769.4000,3769.6000,1,1,1,1,1,1,1,1,1,1
SF,IF2007,2020-05-27 11:24:26.700,3767.4000,8153,0,2075442780.000,0,-,-,-,-,3767.8000,3767.6000,3766.2000,3766.0000,3765.0000,3768.8000,3769.0000,3769.4000,3769.6000,3769.8000,2,1,1,1,5,1,1,1,1,2
SF,IF2007,2020-05-27 11:24:30.200,3767.4000,8153,0,2075442780.000,0,-,-,-,-,3767.8000,3767.6000,3766.2000,3766.0000,3765.0000,3768.8000,3769.0000,3769.4000,3769.6000,3769.8000,2,1,1,1,5,1,1,1,1,2
SF,IF2007,2020-05-27 11:24:33.200,3767.4000,8153,0,2075442780.000,0,-,-,-,-,3767.6000,3766.2000,3766.0000,3765.0000,3764.4000,3768.6000,3768.8000,3769.4000,3769.6000,3769.8000,1,1,1,5,1,2,1,1,1,2
SF,IF2007,2020-05-27 11:24:33.700,3767.4000,8153,0,2075442780.000,0,-,-,-,-,3767.6000,3766.2000,3766.0000,3765.0000,3764.4000,3767.8000,3768.6000,3768.8000,3769.4000,3769.6000,1,1,1,5,1,1,2,1,1,1
SF,IF2007,2020-05-27 11:24:34.200,3767.8000,8153,0,2076573120.000,1,0,1,多换,S,3766.2000,3766.0000,3765.0000,3764.4000,3761.0000,3768.6000,3768.8000,3769.4000,3769.6000,3769.8000,1,1,5,1,7,1,1,1,1,2
SF,IF2007,2020-05-27 11:24:34.700,3767.8000,8153,0,2076573120.000,0,-,-,-,-,3767.2000,3767.0000,3766.8000,3766.4000,3766.2000,3768.4000,3768.6000,3769.4000,3769.6000,3769.8000,1,1,2,1,1,1,1,1,1,2
SF,IF2007,2020-05-27 11:24:35.200,3767.8000,8153,0,2076573120.000,0,-,-,-,-,3767.2000,3767.0000,3766.4000,3766.2000,3766.0000,3768.4000,3768.6000,3769.4000,3769.6000,3769.8000,1,1,1,1,1,1,1,1,1,2
SF,IF2007,2020-05-27 11:24:41.200,3767.8000,8153,0,2076573120.000,0,-,-,-,-,3767.4000,3767.2000,3766.4000,3766.2000,3766.0000,3768.4000,3768.6000,3769.4000,3769.6000,3769.8000,3,1,1,1,1,1,1,1,1,2
SF,IF2007,2020-05-27 11:24:42.700,3767.8000,8153,0,2076573120.000,0,-,-,-,-,3767.4000,3767.2000,3766.4000,3766.2000,3766.0000,3768.6000,3769.4000,3769.6000,3769.8000,3770.2000,3,1,1,1,1,1,1,1,2,1
SF,IF2007,2020-05-27 11:24:43.700,3767.8000,8153,0,2076573120.000,0,-,-,-,-,3768.0000,3767.8000,3767.6000,3766.4000,3766.2000,3769.4000,3769.6000,3769.8000,3770.2000,3770.8000,1,1,3,1,1,1,1,2,1,1
SF,IF2007,2020-05-27 11:24:44.200,3767.8000,8153,0,2076573120.000,0,-,-,-,-,3768.0000,3767.8000,3767.6000,3766.4000,3766.2000,3769.2000,3769.4000,3769.8000,3770.2000,3770.8000,1,1,2,1,1,1,1,2,1,1
SF,IF2007,2020-05-27 11:24:49.200,3767.8000,8153,0,2076573120.000,0,-,-,-,-,3768.0000,3767.8000,3766.4000,3766.2000,3766.0000,3769.2000,3769.4000,3769.8000,3770.2000,3770.8000,1,1,1,1,1,1,1,2,1,1
SF,IF2007,2020-05-27 11:24:49.700,3767.8000,8153,0,2076573120.000,0,-,-,-,-,3768.2000,3768.0000,3767.8000,3766.4000,3766.2000,3769.2000,3769.4000,3769.8000,3770.2000,3770.8000,1,1,1,1,1,1,1,2,1,1
SF,IF2007,2020-05-27 11:24:53.200,3767.8000,8153,0,2076573120.000,0,-,-,-,-,3768.0000,3767.8000,3766.4000,3766.2000,3766.0000,3769.0000,3769.2000,3769.4000,3769.8000,3770.2000,1,1,1,1,1,1,1,1,2,1
SF,IF2007,2020-05-27 11:24:53.700,3767.8000,8153,0,2076573120.000,0,-,-,-,-,3767.8000,3766.4000,3766.2000,3766.0000,3765.0000,3769.0000,3769.2000,3769.4000,3769.8000,3770.2000,1,1,1,1,5,1,1,1,2,1
SF,IF2007,2020-05-27 11:24:55.700,3767.8000,8153,0,2076573120.000,0,-,-,-,-,3766.4000,3766.2000,3766.0000,3765.0000,3764.4000,3769.0000,3769.2000,3769.4000,3769.8000,3770.2000,1,1,1,5,1,1,1,1,2,1
SF,IF2007,2020-05-27 11:24:56.200,3767.8000,8153,0,2076573120.000,0,-,-,-,-,3767.4000,3767.2000,3767.0000,3766.8000,3766.6000,3768.8000,3769.0000,3769.4000,3769.8000,3770.2000,1,1,1,1,1,1,1,1,2,1
SF,IF2007,2020-05-27 11:25:00.200,3767.8000,8153,0,2076573120.000,0,-,-,-,-,3767.6000,3767.4000,3767.0000,3766.8000,3766.6000,3768.8000,3769.0000,3769.4000,3769.8000,3770.2000,1,1,1,1,1,1,1,1,2,1
SF,IF2007,2020-05-27 11:25:00.700,3767.8000,8153,0,2076573120.000,0,-,-,-,-,3767.6000,3767.4000,3766.8000,3766.6000,3766.4000,3768.8000,3769.0000,3769.4000,3769.8000,3770.2000,1,1,1,1,1,1,1,1,2,1
SF,IF2007,2020-05-27 11:25:05.200,3767.8000,8153,0,2076573120.000,0,-,-,-,-,3767.8000,3767.6000,3767.4000,3766.8000,3766.6000,3768.8000,3769.0000,3769.4000,3769.8000,3770.2000,1,1,1,1,1,1,1,1,2,1
SF,IF2007,2020-05-27 11:25:05.700,3767.8000,8153,0,2076573120.000,0,-,-,-,-,3767.8000,3767.6000,3766.8000,3766.6000,3766.4000,3768.8000,3769.0000,3769.4000,3769.8000,3770.2000,1,1,1,1,1,1,1,1,2,1
SF,IF2007,2020-05-27 11:25:06.200,3767.8000,8153,0,2076573120.000,0,-,-,-,-,3767.8000,3767.6000,3766.8000,3766.6000,3766.4000,3769.0000,3769.4000,3769.8000,3770.2000,3770.8000,1,1,1,1,1,1,1,2,1,1
SF,IF2007,2020-05-27 11:25:06.700,3767.8000,8153,0,2076573120.000,0,-,-,-,-,3768.0000,3767.6000,3766.8000,3766.6000,3766.4000,3769.0000,3769.4000,3769.8000,3770.2000,3770.8000,4,1,1,1,1,1,1,2,1,1
SF,IF2007,2020-05-27 11:25:07.200,3767.8000,8153,0,2076573120.000,0,-,-,-,-,3768.0000,3766.8000,3766.6000,3766.4000,3766.2000,3769.4000,3769.8000,3770.2000,3770.8000,3772.0000,4,1,1,1,1,1,2,1,1,2
SF,IF2007,2020-05-27 11:25:07.700,3767.8000,8153,0,2076573120.000,0,-,-,-,-,3768.2000,3768.0000,3766.8000,3766.6000,3766.4000,3769.4000,3769.8000,3770.2000,3770.8000,3772.0000,1,4,1,1,1,1,2,1,1,2
SF,IF2007,2020-05-27 11:25:10.200,3767.8000,8153,0,2076573120.000,0,-,-,-,-,3768.6000,3768.4000,3768.2000,3768.0000,3766.8000,3769.8000,3770.2000,3770.8000,3772.0000,3772.2000,1,3,1,1,1,2,1,1,2,1
SF,IF2007,2020-05-27 11:25:11.200,3767.8000,8153,0,2076573120.000,0,-,-,-,-,3768.8000,3768.6000,3768.4000,3768.2000,3768.0000,3769.8000,3770.2000,3770.8000,3772.0000,3772.2000,2,1,1,1,1,2,1,1,2,1
SF,IF2007,2020-05-27 11:25:12.200,3767.8000,8153,0,2076573120.000,0,-,-,-,-,3768.8000,3768.6000,3768.2000,3768.0000,3766.8000,3769.8000,3770.2000,3770.8000,3772.0000,3772.2000,2,1,1,1,1,2,1,1,2,1
SF,IF2007,2020-05-27 11:25:12.700,3767.8000,8153,0,2076573120.000,0,-,-,-,-,3768.8000,3768.6000,3768.2000,3768.0000,3767.4000,3769.8000,3770.2000,3770.8000,3772.0000,3772.2000,2,1,1,1,1,2,1,1,2,1
SF,IF2007,2020-05-27 11:25:19.700,3767.8000,8153,0,2076573120.000,0,-,-,-,-,3768.8000,3768.6000,3768.2000,3768.0000,3767.4000,3769.6000,3769.8000,3770.2000,3770.8000,3772.0000,2,1,1,1,1,1,2,1,1,2
SF,IF2007,2020-05-27 11:25:20.200,3767.8000,8153,0,2076573120.000,0,-,-,-,-,3768.8000,3768.6000,3768.2000,3768.0000,3767.4000,3769.6000,3769.8000,3770.2000,3770.8000,3772.0000,2,1,1,1,1,1,2,1,1,2
SF,IF2007,2020-05-27 11:25:20.700,3767.8000,8153,0,2076573120.000,0,-,-,-,-,3768.8000,3768.6000,3768.2000,3768.0000,3767.4000,3769.6000,3769.8000,3770.2000,3770.8000,3772.0000,2,1,1,1,1,1,2,1,1,2
SF,IF2007,2020-05-27 11:25:21.200,3767.8000,8153,0,2076573120.000,0,-,-,-,-,3768.8000,3768.6000,3768.2000,3768.0000,3767.4000,3769.8000,3770.2000,3770.8000,3772.0000,3772.2000,2,1,1,1,1,2,1,1,2,1
SF,IF2007,2020-05-27 11:25:25.200,3769.8000,8153,0,2077704060.000,1,0,1,多换,S,3768.8000,3768.6000,3768.2000,3768.0000,3767.4000,3769.8000,3770.2000,3770.8000,3772.0000,3772.2000,2,1,1,1,1,1,1,1,2,1
SF,IF2007,2020-05-27 11:25:25.700,3769.8000,8153,0,2077704060.000,0,-,-,-,-,3769.0000,3768.8000,3768.2000,3768.0000,3767.4000,3769.8000,3770.2000,3770.8000,3772.0000,3772.2000,1,2,1,1,1,1,1,1,2,1
SF,IF2007,2020-05-27 11:25:29.200,3769.8000,8154,1,2078835000.000,1,1,0,双开,S,3769.0000,3768.2000,3768.0000,3767.4000,3766.8000,3770.2000,3770.8000,3772.0000,3772.2000,3772.6000,1,1,1,1,1,1,1,2,1,1
SF,IF2007,2020-05-27 11:25:29.700,3769.8000,8154,0,2078835000.000,0,-,-,-,-,3769.2000,3769.0000,3768.2000,3768.0000,3767.4000,3770.2000,3770.8000,3772.0000,3772.2000,3772.6000,1,1,1,1,1,1,1,2,1,1
SF,IF2007,2020-05-27 11:25:31.200,3769.8000,8154,0,2078835000.000,0,-,-,-,-,3769.2000,3769.0000,3768.2000,3768.0000,3767.4000,3770.8000,3772.0000,3772.2000,3772.6000,3773.2000,1,1,1,1,1,1,2,1,1,1
SF,IF2007,2020-05-27 11:25:31.700,3769.8000,8154,0,2078835000.000,0,-,-,-,-,3769.0000,3768.2000,3768.0000,3767.4000,3766.8000,3770.4000,3770.6000,3770.8000,3772.0000,3772.2000,1,1,1,1,1,1,1,1,2,1
SF,IF2007,2020-05-27 11:25:33.200,3769.8000,8154,0,2078835000.000,0,-,-,-,-,3769.0000,3768.2000,3768.0000,3767.4000,3766.8000,3769.8000,3770.2000,3770.4000,3770.8000,3772.0000,1,1,1,1,1,1,1,1,1,2
SF,IF2007,2020-05-27 11:25:33.700,3769.8000,8154,0,2078835000.000,0,-,-,-,-,3769.0000,3768.2000,3768.0000,3767.4000,3766.8000,3769.8000,3770.2000,3770.8000,3772.0000,3772.2000,1,1,1,1,1,1,1,1,2,1
SF,IF2007,2020-05-27 11:25:36.700,3769.8000,8154,0,2078835000.000,0,-,-,-,-,3768.2000,3768.0000,3767.4000,3766.8000,3766.6000,3769.8000,3770.2000,3770.8000,3772.0000,3772.2000,1,1,1,1,1,1,1,1,2,1
SF,IF2007,2020-05-27 11:25:37.200,3769.8000,8154,0,2078835000.000,0,-,-,-,-,3768.4000,3768.2000,3768.0000,3767.4000,3766.8000,3769.8000,3770.8000,3772.0000,3772.2000,3772.6000,1,1,1,1,1,1,1,2,1,1
SF,IF2007,2020-05-27 11:25:38.700,3768.4000,8154,0,2079965520.000,1,0,1,多换,S,3768.2000,3768.0000,3767.4000,3766.8000,3766.6000,3769.8000,3770.8000,3772.0000,3772.2000,3772.6000,1,1,1,1,1,1,1,2,1,1
SF,IF2007,2020-05-27 11:25:39.200,3768.4000,8154,0,2079965520.000,0,-,-,-,-,3768.8000,3768.6000,3768.2000,3768.0000,3767.4000,3769.4000,3769.8000,3770.8000,3772.0000,3772.2000,2,2,1,1,1,1,1,1,2,1
SF,IF2007,2020-05-27 11:25:39.700,3769.4000,8154,0,2081096340.000,1,0,1,多换,S,3769.0000,3768.8000,3768.6000,3768.2000,3768.0000,3770.8000,3772.0000,3772.2000,3772.6000,3773.2000,1,2,2,1,1,1,2,1,1,1
SF,IF2007,2020-05-27 11:25:40.200,3769.4000,8154,0,2081096340.000,0,-,-,-,-,3769.2000,3769.0000,3768.8000,3768.6000,3768.2000,3770.4000,3770.6000,3770.8000,3772.0000,3772.2000,1,1,1,2,1,1,1,1,2,1
SF,IF2007,2020-05-27 11:25:40.700,3769.4000,8154,0,2081096340.000,0,-,-,-,-,3769.4000,3769.2000,3769.0000,3768.8000,3768.2000,3770.4000,3770.6000,3770.8000,3772.0000,3772.2000,2,1,1,1,1,1,1,1,2,1
SF,IF2007,2020-05-27 11:25:41.200,3769.4000,8154,0,2081096340.000,0,-,-,-,-,3769.4000,3769.2000,3768.8000,3768.2000,3768.0000,3770.4000,3770.6000,3770.8000,3772.0000,3772.2000,2,1,1,1,1,1,1,1,2,1
SF,IF2007,2020-05-27 11:25:42.200,3769.4000,8154,0,2081096340.000,0,-,-,-,-,3769.4000,3769.2000,3768.8000,3768.2000,3768.0000,3770.2000,3770.4000,3770.6000,3770.8000,3772.0000,2,1,1,1,1,1,1,1,1,2
SF,IF2007,2020-05-27 11:25:42.700,3769.4000,8154,0,2081096340.000,0,-,-,-,-,3769.4000,3769.2000,3768.8000,3768.2000,3768.0000,3770.2000,3770.4000,3770.6000,3770.8000,3772.0000,1,1,1,1,1,1,1,1,1,2
SF,IF2007,2020-05-27 11:25:43.200,3769.4000,8154,0,2081096340.000,0,-,-,-,-,3769.4000,3769.2000,3768.2000,3768.0000,3767.4000,3770.2000,3770.4000,3770.6000,3770.8000,3772.0000,1,1,1,1,1,1,1,1,1,2
SF,IF2007,2020-05-27 11:25:43.700,3769.4000,8154,0,2081096340.000,0,-,-,-,-,3769.4000,3769.2000,3768.2000,3768.0000,3767.4000,3770.2000,3770.4000,3770.6000,3770.8000,3772.0000,1,1,1,1,1,1,1,1,1,2
SF,IF2007,2020-05-27 11:25:44.700,3769.4000,8154,0,2081096340.000,0,-,-,-,-,3769.4000,3769.2000,3768.2000,3768.0000,3767.4000,3770.2000,3770.4000,3770.6000,3770.8000,3772.0000,1,1,2,1,1,1,1,1,1,2
SF,IF2007,2020-05-27 11:25:46.700,3769.4000,8154,0,2081096340.000,0,-,-,-,-,3769.4000,3769.2000,3768.6000,3768.2000,3768.0000,3770.4000,3770.6000,3770.8000,3772.0000,3772.2000,1,1,1,2,1,1,1,1,2,1
SF,IF2007,2020-05-27 11:25:48.200,3769.4000,8154,0,2081096340.000,0,-,-,-,-,3769.4000,3769.2000,3768.6000,3768.2000,3768.0000,3770.4000,3770.6000,3770.8000,3772.0000,3772.2000,1,1,1,2,1,1,1,1,2,1
SF,IF2007,2020-05-27 11:25:48.700,3769.4000,8154,0,2081096340.000,0,-,-,-,-,3769.4000,3769.2000,3768.6000,3768.2000,3768.0000,3770.4000,3770.6000,3770.8000,3772.0000,3772.2000,1,1,1,2,1,1,1,1,2,1
SF,IF2007,2020-05-27 11:25:49.200,3769.4000,8154,0,2081096340.000,0,-,-,-,-,3769.4000,3769.2000,3768.6000,3768.2000,3768.0000,3770.4000,3770.6000,3770.8000,3772.0000,3772.2000,1,1,1,2,1,1,1,1,2,1
SF,IF2007,2020-05-27 11:25:50.200,3769.4000,8154,0,2081096340.000,0,-,-,-,-,3769.8000,3769.4000,3769.2000,3768.6000,3768.2000,3770.6000,3770.8000,3772.0000,3772.2000,3772.6000,1,1,1,1,2,1,1,2,1,1
SF,IF2007,2020-05-27 11:25:50.700,3769.4000,8154,0,2081096340.000,0,-,-,-,-,3769.4000,3768.6000,3768.2000,3768.0000,3766.8000,3770.6000,3770.8000,3772.0000,3772.2000,3772.6000,1,1,2,1,1,1,1,2,1,1
SF,IF2007,2020-05-27 11:25:51.700,3769.4000,8154,0,2081096340.000,0,-,-,-,-,3769.6000,3769.4000,3768.6000,3768.2000,3768.0000,3770.6000,3770.8000,3772.0000,3772.2000,3772.6000,1,1,1,2,1,1,1,2,1,1
SF,IF2007,2020-05-27 11:25:53.700,3769.4000,8154,0,2081096340.000,0,-,-,-,-,3770.0000,3769.6000,3769.4000,3768.6000,3768.2000,3770.6000,3770.8000,3772.0000,3772.2000,3772.6000,5,1,1,1,2,1,1,2,1,1
SF,IF2007,2020-05-27 11:25:54.200,3769.4000,8154,0,2081096340.000,0,-,-,-,-,3770.0000,3769.6000,3768.6000,3768.2000,3768.0000,3770.8000,3772.0000,3772.2000,3772.6000,3773.2000,5,1,1,2,1,1,2,1,1,1
SF,IF2007,2020-05-27 11:25:54.700,3769.4000,8154,0,2081096340.000,0,-,-,-,-,3770.0000,3769.6000,3768.6000,3768.2000,3768.0000,3770.8000,3772.0000,3772.2000,3772.6000,3773.2000,5,1,1,2,1,1,2,1,1,1
SF,IF2007,2020-05-27 11:25:58.200,3769.4000,8154,0,2081096340.000,0,-,-,-,-,3770.0000,3769.6000,3768.6000,3768.2000,3768.0000,3772.0000,3772.2000,3772.6000,3773.2000,3775.0000,5,1,1,2,1,2,1,1,1,1
SF,IF2007,2020-05-27 11:25:58.700,3769.4000,8154,0,2081096340.000,0,-,-,-,-,3770.0000,3768.6000,3768.2000,3768.0000,3766.8000,3771.4000,3771.6000,3771.8000,3772.0000,3772.2000,5,1,2,1,1,2,2,7,2,1
SF,IF2007,2020-05-27 11:25:59.200,3769.4000,8154,0,2081096340.000,0,-,-,-,-,3770.0000,3768.6000,3768.2000,3768.0000,3766.8000,3771.0000,3771.2000,3771.4000,3771.6000,3771.8000,5,1,2,1,1,1,1,2,1,6
SF,IF2007,2020-05-27 11:25:59.700,3769.4000,8154,0,2081096340.000,0,-,-,-,-,3770.0000,3768.6000,3768.2000,3768.0000,3766.8000,3771.0000,3771.2000,3771.4000,3771.6000,3771.8000,5,1,2,1,1,1,1,1,1,6
SF,IF2007,2020-05-27 11:26:00.200,3769.4000,8154,0,2081096340.000,0,-,-,-,-,3770.0000,3768.6000,3768.2000,3768.0000,3766.8000,3771.0000,3771.2000,3771.6000,3771.8000,3772.0000,5,1,2,1,1,1,1,1,4,2
SF,IF2007,2020-05-27 11:26:01.200,3769.4000,8154,0,2081096340.000,0,-,-,-,-,3770.0000,3768.6000,3768.2000,3768.0000,3766.8000,3771.2000,3771.6000,3771.8000,3772.0000,3772.2000,5,1,2,1,1,1,1,4,2,1
SF,IF2007,2020-05-27 11:26:01.700,3769.4000,8154,0,2081096340.000,0,-,-,-,-,3770.2000,3770.0000,3768.6000,3768.2000,3768.0000,3771.2000,3771.6000,3771.8000,3772.0000,3772.2000,1,5,1,2,1,1,1,4,2,1
SF,IF2007,2020-05-27 11:26:02.200,3769.4000,8154,0,2081096340.000,0,-,-,-,-,3770.2000,3770.0000,3768.6000,3768.2000,3768.0000,3771.2000,3771.8000,3772.0000,3772.2000,3772.6000,1,5,1,2,1,1,4,2,1,1
SF,IF2007,2020-05-27 11:26:02.700,3769.4000,8154,0,2081096340.000,0,-,-,-,-,3770.2000,3770.0000,3768.6000,3768.2000,3768.0000,3771.2000,3771.8000,3772.0000,3772.2000,3772.6000,1,5,1,2,1,1,4,2,1,1
SF,IF2007,2020-05-27 11:26:04.200,3769.4000,8154,0,2081096340.000,0,-,-,-,-,3770.2000,3770.0000,3768.6000,3768.2000,3768.0000,3771.2000,3771.8000,3772.0000,3772.2000,3772.6000,1,5,1,2,1,1,4,2,1,2
SF,IF2007,2020-05-27 11:26:06.700,3770.2000,8154,0,2082227400.000,1,0,1,多换,S,3770.0000,3768.6000,3768.2000,3768.0000,3766.8000,3771.2000,3771.8000,3772.0000,3772.2000,3772.6000,5,1,2,1,1,1,4,2,1,2
SF,IF2007,2020-05-27 11:26:07.200,3770.2000,8154,0,2082227400.000,0,-,-,-,-,3770.0000,3768.6000,3768.2000,3768.0000,3766.8000,3770.2000,3771.0000,3771.2000,3771.8000,3772.0000,5,1,2,1,1,1,1,1,4,2
SF,IF2007,2020-05-27 11:26:07.700,3770.2000,8154,0,2083358460.000,1,0,1,多换,S,3770.0000,3768.6000,3768.2000,3768.0000,3766.8000,3771.0000,3771.2000,3771.8000,3772.0000,3772.2000,5,1,2,1,1,1,1,4,2,1
SF,IF2007,2020-05-27 11:26:10.200,3770.2000,8154,0,2084489520.000,1,0,1,多换,S,3770.2000,3770.0000,3768.6000,3768.2000,3768.0000,3771.2000,3771.8000,3772.0000,3772.2000,3772.6000,2,5,1,2,1,1,2,2,1,2
SF,IF2007,2020-05-27 11:26:10.700,3770.2000,8154,0,2084489520.000,0,-,-,-,-,3770.2000,3770.0000,3768.6000,3768.2000,3768.0000,3771.2000,3771.8000,3772.0000,3772.2000,3772.6000,1,5,1,2,1,1,1,2,1,2
SF,IF2007,2020-05-27 11:26:11.200,3771.2000,8154,0,2085620880.000,1,0,1,多换,S,3770.8000,3770.6000,3770.4000,3770.2000,3770.0000,3772.0000,3772.2000,3772.6000,3773.2000,3775.0000,1,1,1,1,5,2,1,2,1,1
SF,IF2007,2020-05-27 11:26:11.700,3771.2000,8154,0,2085620880.000,0,-,-,-,-,3770.8000,3770.6000,3770.4000,3770.0000,3768.6000,3772.0000,3772.2000,3772.6000,3773.2000,3775.0000,1,1,1,5,1,2,1,2,1,1
SF,IF2007,2020-05-27 11:26:12.200,3771.2000,8154,0,2085620880.000,0,-,-,-,-,3771.0000,3770.8000,3770.4000,3770.0000,3768.6000,3772.0000,3772.2000,3772.6000,3773.2000,3775.0000,2,1,1,5,1,2,1,2,1,1
SF,IF2007,2020-05-27 11:26:12.700,3771.2000,8154,0,2085620880.000,0,-,-,-,-,3771.0000,3770.8000,3770.4000,3770.0000,3768.6000,3772.0000,3772.2000,3772.6000,3773.2000,3775.0000,3,1,1,5,1,2,1,2,1,1
SF,IF2007,2020-05-27 11:26:13.700,3771.0000,8155,1,2086752180.000,1,1,0,双开,S,3770.8000,3770.0000,3768.6000,3768.2000,3768.0000,3771.8000,3772.0000,3772.2000,3772.6000,3773.2000,1,5,1,2,1,2,2,1,2,1
SF,IF2007,2020-05-27 11:26:14.200,3770.8000,8155,0,2087883420.000,1,0,1,多换,S,3770.0000,3768.6000,3768.2000,3768.0000,3766.8000,3771.8000,3772.0000,3772.2000,3772.6000,3773.2000,5,1,2,1,1,2,2,1,2,1
SF,IF2007,2020-05-27 11:26:14.700,3770.8000,8155,0,2087883420.000,0,-,-,-,-,3770.4000,3770.2000,3770.0000,3768.6000,3768.2000,3771.8000,3772.0000,3772.2000,3772.6000,3773.2000,2,1,5,1,2,2,2,1,2,1
SF,IF2007,2020-05-27 11:26:15.200,3770.8000,8155,0,2087883420.000,0,-,-,-,-,3770.4000,3770.2000,3770.0000,3768.6000,3768.2000,3771.8000,3772.0000,3772.2000,3772.6000,3773.2000,2,1,5,1,2,2,2,1,2,1
SF,IF2007,2020-05-27 11:26:15.700,3770.8000,8155,0,2087883420.000,0,-,-,-,-,3770.4000,3770.2000,3770.0000,3768.6000,3768.2000,3771.8000,3772.0000,3772.2000,3772.6000,3773.2000,1,1,5,1,2,2,2,1,2,1
SF,IF2007,2020-05-27 11:26:16.200,3770.8000,8155,0,2087883420.000,0,-,-,-,-,3770.4000,3770.2000,3770.0000,3768.6000,3768.2000,3771.8000,3772.0000,3772.2000,3772.6000,3773.2000,1,1,5,1,2,2,2,1,2,1
SF,IF2007,2020-05-27 11:26:17.200,3770.8000,8155,0,2087883420.000,0,-,-,-,-,3770.4000,3770.2000,3770.0000,3768.2000,3768.0000,3771.8000,3772.0000,3772.2000,3772.6000,3773.2000,1,1,5,2,1,2,2,1,2,1
SF,IF2007,2020-05-27 11:26:19.700,3770.8000,8155,0,2087883420.000,0,-,-,-,-,3770.8000,3770.6000,3770.4000,3770.0000,3768.2000,3771.8000,3772.0000,3772.2000,3772.6000,3773.2000,1,1,1,5,2,2,2,1,2,1
SF,IF2007,2020-05-27 11:26:21.700,3770.8000,8155,0,2087883420.000,0,-,-,-,-,3770.6000,3770.4000,3770.0000,3768.2000,3768.0000,3771.8000,3772.0000,3772.2000,3772.6000,3773.2000,1,1,5,2,1,2,2,1,2,1
SF,IF2007,2020-05-27 11:26:22.200,3770.8000,8155,0,2087883420.000,0,-,-,-,-,3770.8000,3770.6000,3770.0000,3768.2000,3768.0000,3771.8000,3772.0000,3772.2000,3772.6000,3773.2000,1,2,5,2,1,2,2,1,2,1
SF,IF2007,2020-05-27 11:26:23.700,3770.8000,8155,0,2087883420.000,0,-,-,-,-,3770.8000,3770.6000,3770.0000,3768.2000,3768.0000,3771.8000,3772.0000,3772.2000,3772.6000,3773.2000,1,1,5,2,1,2,2,1,2,1
SF,IF2007,2020-05-27 11:26:24.200,3770.8000,8155,0,2087883420.000,0,-,-,-,-,3770.8000,3770.6000,3770.0000,3768.2000,3768.0000,3771.8000,3772.0000,3772.2000,3772.6000,3773.2000,1,1,5,2,1,2,2,1,2,1
SF,IF2007,2020-05-27 11:26:24.700,3770.8000,8155,0,2087883420.000,0,-,-,-,-,3770.8000,3770.6000,3770.0000,3768.2000,3768.0000,3771.8000,3772.0000,3772.2000,3772.6000,3773.2000,1,1,5,2,1,2,2,1,2,1
SF,IF2007,2020-05-27 11:26:25.200,3770.8000,8155,0,2087883420.000,0,-,-,-,-,3770.6000,3770.0000,3768.2000,3768.0000,3766.8000,3771.8000,3772.0000,3772.2000,3772.6000,3773.2000,1,5,2,1,1,2,2,1,2,1
SF,IF2007,2020-05-27 11:26:25.700,3770.8000,8155,0,2087883420.000,0,-,-,-,-,3770.6000,3770.0000,3768.2000,3768.0000,3766.8000,3771.6000,3771.8000,3772.0000,3772.2000,3772.6000,1,5,2,1,1,1,2,2,1,2
SF,IF2007,2020-05-27 11:26:27.200,3770.8000,8155,0,2087883420.000,0,-,-,-,-,3770.6000,3770.0000,3768.2000,3768.0000,3766.8000,3771.6000,3771.8000,3772.0000,3772.2000,3772.6000,2,5,2,1,1,1,2,2,1,2
SF,IF2007,2020-05-27 11:26:27.700,3770.6000,8154,-1,2089014600.000,1,0,1,双平,S,3770.6000,3770.0000,3768.2000,3768.0000,3766.8000,3771.4000,3771.6000,3771.8000,3772.0000,3772.2000,1,5,2,1,1,1,1,1,2,1
SF,IF2007,2020-05-27 11:26:28.200,3770.6000,8154,0,2090145780.000,1,0,1,多换,S,3770.0000,3768.2000,3768.0000,3766.8000,3766.0000,3771.4000,3771.8000,3772.0000,3772.6000,3773.2000,5,2,1,1,1,1,1,2,2,1
SF,IF2007,2020-05-27 11:26:28.700,3770.6000,8154,0,2090145780.000,0,-,-,-,-,3770.4000,3770.0000,3768.2000,3768.0000,3766.8000,3771.4000,3771.8000,3772.0000,3772.6000,3773.2000,1,5,2,1,1,1,1,2,2,1
SF,IF2007,2020-05-27 11:26:30.200,3770.6000,8154,0,2090145780.000,0,-,-,-,-,3770.4000,3770.0000,3768.2000,3768.0000,3766.8000,3771.0000,3771.8000,3772.0000,3772.6000,3773.2000,1,5,2,1,1,1,1,2,2,1
SF,IF2007,2020-05-27 11:26:30.700,3770.6000,8154,0,2090145780.000,0,-,-,-,-,3770.6000,3770.4000,3770.0000,3768.2000,3768.0000,3771.0000,3771.8000,3772.0000,3772.6000,3773.2000,1,1,5,2,1,1,1,2,2,1
SF,IF2007,2020-05-27 11:26:32.200,3770.6000,8154,0,2090145780.000,0,-,-,-,-,3771.0000,3770.6000,3770.0000,3768.2000,3768.0000,3771.8000,3772.0000,3772.6000,3773.2000,3775.0000,1,1,5,2,1,1,2,2,1,1
SF,IF2007,2020-05-27 11:26:32.700,3771.6000,8154,0,2091277260.000,1,0,1,多换,S,3771.0000,3770.6000,3770.0000,3768.2000,3768.0000,3772.0000,3772.6000,3773.2000,3775.0000,3780.0000,6,1,5,2,1,2,2,1,1,5
SF,IF2007,2020-05-27 11:26:33.200,3771.6000,8154,0,2091277260.000,0,-,-,-,-,3771.0000,3770.6000,3770.0000,3768.2000,3768.0000,3772.0000,3772.6000,3773.2000,3775.0000,3780.0000,6,1,5,2,1,2,2,1,1,5
SF,IF2007,2020-05-27 11:26:33.700,3771.6000,8154,0,2091277260.000,0,-,-,-,-,3771.2000,3771.0000,3770.6000,3770.0000,3768.2000,3772.0000,3772.6000,3773.2000,3775.0000,3780.0000,1,6,1,5,2,2,2,1,1,5
SF,IF2007,2020-05-27 11:26:36.200,3771.6000,8154,0,2091277260.000,0,-,-,-,-,3771.0000,3770.6000,3770.0000,3768.2000,3768.0000,3772.0000,3772.6000,3773.2000,3775.0000,3780.0000,5,1,5,2,1,2,2,1,1,5
SF,IF2007,2020-05-27 11:26:36.700,3771.6000,8154,0,2091277260.000,0,-,-,-,-,3771.0000,3770.6000,3770.0000,3768.2000,3768.0000,3771.6000,3771.8000,3772.0000,3772.6000,3773.2000,5,1,5,2,1,1,1,2,2,1
SF,IF2007,2020-05-27 11:26:38.700,3771.6000,8154,0,2091277260.000,0,-,-,-,-,3771.0000,3770.6000,3770.0000,3768.2000,3768.0000,3771.6000,3771.8000,3772.0000,3772.6000,3773.2000,5,1,5,2,1,1,2,2,2,1
SF,IF2007,2020-05-27 11:26:39.200,3771.0000,8154,0,2092408560.000,1,0,1,多换,S,3771.0000,3770.6000,3770.0000,3768.2000,3768.0000,3771.6000,3771.8000,3772.0000,3772.6000,3773.2000,4,1,5,2,1,1,2,2,2,1
SF,IF2007,2020-05-27 11:26:39.700,3771.0000,8154,0,2092408560.000,0,-,-,-,-,3771.0000,3770.6000,3770.0000,3768.2000,3768.0000,3771.6000,3771.8000,3772.0000,3772.6000,3773.2000,5,1,5,2,1,1,2,2,2,1
SF,IF2007,2020-05-27 11:26:40.200,3771.0000,8154,0,2092408560.000,0,-,-,-,-,3771.0000,3770.6000,3770.0000,3768.2000,3768.0000,3771.6000,3771.8000,3772.0000,3772.6000,3773.2000,4,1,5,2,1,1,2,2,2,1
SF,IF2007,2020-05-27 11:26:40.700,3771.6000,8155,1,2093540040.000,1,1,0,双开,S,3771.0000,3770.6000,3770.0000,3768.2000,3768.0000,3771.8000,3772.0000,3772.6000,3773.2000,3775.0000,4,1,5,2,1,1,2,2,1,1
SF,IF2007,2020-05-27 11:26:45.200,3771.6000,8155,0,2093540040.000,0,-,-,-,-,3771.0000,3770.6000,3770.0000,3768.2000,3768.0000,3771.8000,3772.0000,3772.6000,3773.2000,3775.0000,4,1,5,2,1,1,2,1,1,1
SF,IF2007,2020-05-27 11:26:48.700,3771.6000,8155,0,2093540040.000,0,-,-,-,-,3771.0000,3770.6000,3770.0000,3768.2000,3768.0000,3771.8000,3772.0000,3772.6000,3773.2000,3775.0000,4,1,5,2,1,2,2,1,1,1
SF,IF2007,2020-05-27 11:26:49.200,3771.6000,8155,0,2093540040.000,0,-,-,-,-,3771.0000,3770.6000,3770.0000,3768.2000,3768.0000,3771.8000,3772.0000,3772.6000,3773.2000,3775.0000,4,1,5,2,1,2,2,1,1,1
SF,IF2007,2020-05-27 11:27:01.700,3771.6000,8155,0,2093540040.000,0,-,-,-,-,3771.2000,3771.0000,3770.6000,3770.0000,3768.2000,3771.8000,3772.0000,3772.6000,3773.2000,3775.0000,2,4,1,5,2,2,2,1,1,1
SF,IF2007,2020-05-27 11:27:02.200,3771.2000,8155,0,2094671400.000,1,0,1,多换,S,3771.2000,3771.0000,3770.6000,3770.0000,3768.2000,3771.8000,3772.0000,3772.6000,3773.2000,3775.0000,2,4,1,5,2,2,2,1,1,1
SF,IF2007,2020-05-27 11:27:02.700,3771.2000,8155,0,2094671400.000,0,-,-,-,-,3771.4000,3771.2000,3771.0000,3770.6000,3770.0000,3771.8000,3772.0000,3772.6000,3773.2000,3775.0000,1,2,4,1,5,2,2,1,1,1
SF,IF2007,2020-05-27 11:27:03.700,3771.2000,8155,0,2094671400.000,0,-,-,-,-,3771.4000,3771.2000,3771.0000,3770.6000,3770.0000,3771.8000,3772.0000,3772.6000,3773.2000,3775.0000,1,3,4,1,5,2,2,1,1,1
SF,IF2007,2020-05-27 11:27:04.200,3771.2000,8155,0,2094671400.000,0,-,-,-,-,3771.4000,3771.2000,3771.0000,3770.6000,3770.0000,3771.8000,3772.0000,3772.6000,3773.2000,3775.0000,1,3,4,1,5,2,2,1,1,1
SF,IF2007,2020-05-27 11:27:17.700,3771.8000,8155,0,2096934480.000,2,1,1,多换,S,3771.4000,3771.2000,3771.0000,3770.6000,3770.0000,3772.0000,3772.6000,3773.2000,3775.0000,3775.8000,1,3,4,1,5,2,1,1,1,1
SF,IF2007,2020-05-27 11:27:18.200,3772.0000,8155,0,2099197680.000,2,1,1,多换,S,3771.4000,3771.2000,3771.0000,3770.6000,3770.0000,3772.6000,3773.2000,3775.0000,3775.8000,3780.0000,1,3,4,1,5,1,1,1,1,5
SF,IF2007,2020-05-27 11:27:18.700,3772.0000,8155,0,2099197680.000,0,-,-,-,-,3771.4000,3771.2000,3771.0000,3770.6000,3770.0000,3772.4000,3772.6000,3773.2000,3775.0000,3775.8000,1,3,4,1,5,2,1,1,1,1
SF,IF2007,2020-05-27 11:27:19.700,3772.4000,8156,1,2101461120.000,2,1,1,空开,S,3771.8000,3771.4000,3771.2000,3771.0000,3770.6000,3772.6000,3773.2000,3775.0000,3775.8000,3780.0000,1,1,3,4,1,1,1,1,1,5
SF,IF2007,2020-05-27 11:27:20.200,3772.4000,8156,0,2101461120.000,0,-,-,-,-,3771.8000,3771.4000,3771.2000,3771.0000,3770.6000,3772.6000,3773.2000,3775.0000,3775.8000,3780.0000,1,1,3,4,1,1,1,1,1,5
SF,IF2007,2020-05-27 11:27:20.700,3772.4000,8156,0,2101461120.000,0,-,-,-,-,3771.8000,3771.4000,3771.2000,3771.0000,3770.6000,3772.6000,3773.2000,3775.0000,3775.8000,3780.0000,1,1,3,4,1,1,1,1,1,5
SF,IF2007,2020-05-27 11:27:21.200,3772.4000,8156,0,2101461120.000,0,-,-,-,-,3772.2000,3771.4000,3771.2000,3771.0000,3770.6000,3772.6000,3773.2000,3775.0000,3775.8000,3780.0000,1,1,3,4,1,1,1,1,1,5
SF,IF2007,2020-05-27 11:27:22.200,3772.6000,8156,0,2102592900.000,1,0,1,多换,S,3772.2000,3771.4000,3771.2000,3771.0000,3770.6000,3773.2000,3775.0000,3775.8000,3780.0000,3781.0000,1,1,3,4,1,1,1,1,5,1
SF,IF2007,2020-05-27 11:27:22.700,3772.6000,8156,0,2102592900.000,0,-,-,-,-,3772.2000,3771.4000,3771.2000,3771.0000,3770.6000,3773.0000,3773.2000,3775.0000,3775.8000,3780.0000,1,1,3,4,1,2,1,1,1,5
SF,IF2007,2020-05-27 11:27:24.200,3772.6000,8156,0,2102592900.000,0,-,-,-,-,3772.2000,3771.4000,3771.2000,3771.0000,3770.6000,3773.0000,3773.2000,3775.0000,3775.8000,3780.0000,1,1,3,4,1,1,1,1,1,5
SF,IF2007,2020-05-27 11:27:24.700,3772.6000,8156,0,2102592900.000,0,-,-,-,-,3772.6000,3771.4000,3771.2000,3771.0000,3770.6000,3773.2000,3775.0000,3775.8000,3780.0000,3781.0000,1,1,3,4,1,1,1,1,5,1
SF,IF2007,2020-05-27 11:27:25.700,3773.2000,8157,1,2103724860.000,1,1,0,双开,S,3772.6000,3771.4000,3771.2000,3771.0000,3770.6000,3775.0000,3775.8000,3780.0000,3781.0000,3783.0000,1,1,3,4,1,1,1,5,1,2
SF,IF2007,2020-05-27 11:27:26.200,3773.2000,8157,0,2103724860.000,0,-,-,-,-,3773.0000,3771.4000,3771.2000,3771.0000,3770.6000,3773.8000,3774.4000,3774.6000,3774.8000,3775.0000,1,1,3,4,1,2,1,1,7,1
SF,IF2007,2020-05-27 11:27:26.700,3773.0000,8157,0,2104856760.000,1,0,1,多换,S,3771.4000,3771.2000,3771.0000,3770.6000,3770.2000,3773.6000,3773.8000,3774.4000,3774.6000,3774.8000,1,3,4,1,1,1,2,1,1,6
SF,IF2007,2020-05-27 11:27:27.200,3773.0000,8157,0,2104856760.000,0,-,-,-,-,3772.2000,3772.0000,3771.8000,3771.6000,3771.4000,3773.4000,3773.6000,3773.8000,3774.4000,3774.6000,1,2,1,1,1,1,1,1,1,1
SF,IF2007,2020-05-27 11:27:27.700,3773.0000,8157,0,2104856760.000,0,-,-,-,-,3772.2000,3772.0000,3771.6000,3771.4000,3771.2000,3773.4000,3773.6000,3773.8000,3774.4000,3774.6000,1,2,1,1,3,1,1,1,1,1
SF,IF2007,2020-05-27 11:27:28.700,3773.0000,8157,0,2104856760.000,0,-,-,-,-,3772.2000,3772.0000,3771.6000,3771.4000,3771.2000,3773.2000,3773.4000,3773.8000,3774.4000,3774.6000,1,2,1,1,3,1,1,1,1,1
SF,IF2007,2020-05-27 11:27:30.200,3773.0000,8157,0,2104856760.000,0,-,-,-,-,3772.2000,3772.0000,3771.4000,3771.2000,3771.0000,3773.2000,3773.4000,3773.8000,3774.4000,3774.6000,1,2,1,3,4,1,2,1,1,1
SF,IF2007,2020-05-27 11:27:30.700,3773.0000,8157,0,2104856760.000,0,-,-,-,-,3772.2000,3772.0000,3771.4000,3771.2000,3771.0000,3773.4000,3773.8000,3774.4000,3774.6000,3774.8000,1,2,1,3,4,2,1,1,1,6
SF,IF2007,2020-05-27 11:27:31.700,3773.0000,8157,0,2104856760.000,0,-,-,-,-,3772.4000,3772.2000,3772.0000,3771.4000,3771.2000,3773.4000,3774.4000,3774.6000,3774.8000,3775.0000,2,1,1,1,3,1,1,1,6,1
SF,IF2007,2020-05-27 11:27:32.200,3773.0000,8157,0,2104856760.000,0,-,-,-,-,3772.4000,3772.2000,3772.0000,3771.4000,3771.2000,3774.4000,3774.6000,3774.8000,3775.0000,3775.8000,2,1,1,1,3,1,1,6,1,1
SF,IF2007,2020-05-27 11:27:32.700,3773.0000,8157,0,2104856760.000,0,-,-,-,-,3772.6000,3772.0000,3771.4000,3771.2000,3771.0000,3773.8000,3774.0000,3774.2000,3774.4000,3774.6000,1,1,1,3,4,1,1,2,1,1
SF,IF2007,2020-05-27 11:27:33.200,3773.0000,8157,0,2104856760.000,0,-,-,-,-,3772.6000,3772.0000,3771.4000,3771.2000,3771.0000,3773.6000,3773.8000,3774.2000,3774.4000,3774.6000,1,1,1,3,4,1,1,2,1,1
SF,IF2007,2020-05-27 11:27:33.700,3773.0000,8157,0,2104856760.000,0,-,-,-,-,3772.0000,3771.4000,3771.2000,3771.0000,3770.6000,3773.4000,3773.6000,3774.2000,3774.4000,3774.6000,1,1,3,4,1,1,1,2,1,1
SF,IF2007,2020-05-27 11:27:34.200,3773.0000,8157,0,2104856760.000,0,-,-,-,-,3772.2000,3772.0000,3771.4000,3771.2000,3771.0000,3773.4000,3773.6000,3774.2000,3774.4000,3774.6000,1,1,1,3,4,1,1,2,1,1
SF,IF2007,2020-05-27 11:27:35.700,3773.0000,8157,0,2104856760.000,0,-,-,-,-,3772.4000,3772.2000,3772.0000,3771.4000,3771.2000,3773.4000,3773.6000,3774.2000,3774.4000,3774.6000,1,1,1,1,3,1,1,2,1,1
SF,IF2007,2020-05-27 11:27:39.700,3773.0000,8157,0,2104856760.000,0,-,-,-,-,3772.2000,3772.0000,3771.4000,3771.2000,3771.0000,3773.2000,3773.4000,3774.2000,3774.4000,3774.6000,1,1,1,3,4,1,1,2,1,1
SF,IF2007,2020-05-27 11:27:40.200,3773.0000,8157,0,2104856760.000,0,-,-,-,-,3772.2000,3772.0000,3771.4000,3771.2000,3771.0000,3773.2000,3773.4000,3774.2000,3774.4000,3774.6000,1,1,1,3,4,2,1,2,1,1
SF,IF2007,2020-05-27 11:27:40.700,3773.0000,8157,0,2104856760.000,0,-,-,-,-,3772.2000,3772.0000,3771.4000,3771.2000,3771.0000,3773.0000,3773.2000,3774.2000,3774.4000,3774.6000,1,1,1,3,4,1,2,2,1,1
SF,IF2007,2020-05-27 11:27:41.200,3773.0000,8157,0,2104856760.000,0,-,-,-,-,3772.0000,3771.4000,3771.2000,3771.0000,3770.6000,3773.0000,3773.2000,3774.2000,3774.4000,3774.6000,1,1,3,4,1,1,2,2,1,1
SF,IF2007,2020-05-27 11:27:43.200,3773.0000,8157,0,2104856760.000,0,-,-,-,-,3772.0000,3771.4000,3771.2000,3771.0000,3770.6000,3773.0000,3773.2000,3774.2000,3774.4000,3774.6000,1,1,3,4,1,1,1,2,1,1
SF,IF2007,2020-05-27 11:27:43.700,3773.0000,8157,0,2104856760.000,0,-,-,-,-,3771.4000,3771.2000,3771.0000,3770.6000,3770.2000,3773.0000,3773.2000,3774.2000,3774.4000,3774.6000,1,3,4,1,1,1,1,2,1,1
SF,IF2007,2020-05-27 11:27:44.200,3773.0000,8157,0,2104856760.000,0,-,-,-,-,3771.8000,3771.6000,3771.4000,3771.2000,3771.0000,3773.0000,3773.2000,3774.2000,3774.4000,3774.6000,1,2,1,3,4,1,1,2,1,1
SF,IF2007,2020-05-27 11:27:44.700,3773.0000,8157,0,2104856760.000,0,-,-,-,-,3771.6000,3771.4000,3771.2000,3771.0000,3770.6000,3773.0000,3773.2000,3774.2000,3774.4000,3774.6000,2,1,3,4,1,1,1,2,1,1
SF,IF2007,2020-05-27 11:27:45.200,3773.0000,8157,0,2104856760.000,0,-,-,-,-,3771.6000,3771.4000,3771.2000,3771.0000,3770.6000,3772.8000,3773.0000,3774.2000,3774.4000,3774.6000,2,1,3,4,1,1,1,2,1,1
SF,IF2007,2020-05-27 11:27:45.700,3773.0000,8157,0,2104856760.000,0,-,-,-,-,3771.6000,3771.4000,3771.2000,3771.0000,3770.6000,3771.8000,3772.8000,3773.0000,3774.2000,3774.4000,2,1,3,4,1,1,2,1,2,1
SF,IF2007,2020-05-27 11:27:46.200,3771.8000,8156,-1,2105988300.000,1,0,1,双平,S,3771.6000,3771.4000,3771.2000,3771.0000,3770.6000,3772.8000,3774.2000,3774.4000,3774.6000,3774.8000,1,1,3,4,1,1,2,1,1,4
SF,IF2007,2020-05-27 11:27:47.200,3771.8000,8156,0,2105988300.000,0,-,-,-,-,3771.8000,3771.6000,3771.4000,3771.2000,3771.0000,3772.8000,3774.2000,3774.4000,3774.6000,3774.8000,1,1,1,3,4,1,2,1,1,4
SF,IF2007,2020-05-27 11:27:47.700,3771.8000,8156,0,2105988300.000,0,-,-,-,-,3771.8000,3771.6000,3771.4000,3771.2000,3771.0000,3774.2000,3774.4000,3774.6000,3774.8000,3775.0000,1,1,1,3,4,2,1,1,4,1
SF,IF2007,2020-05-27 11:27:48.200,3771.8000,8156,0,2105988300.000,0,-,-,-,-,3771.6000,3771.4000,3771.2000,3771.0000,3770.6000,3773.0000,3773.2000,3774.0000,3774.2000,3774.4000,1,1,3,4,1,1,1,1,2,1
SF,IF2007,2020-05-27 11:27:48.700,3771.8000,8156,0,2105988300.000,0,-,-,-,-,3771.6000,3771.4000,3771.2000,3771.0000,3770.6000,3773.0000,3773.2000,3774.2000,3774.4000,3774.6000,1,1,3,4,1,1,1,2,1,1
SF,IF2007,2020-05-27 11:27:50.200,3771.8000,8156,0,2105988300.000,0,-,-,-,-,3772.0000,3771.6000,3771.4000,3771.2000,3771.0000,3773.0000,3773.2000,3774.2000,3774.4000,3774.6000,1,3,1,3,4,1,1,2,1,1
SF,IF2007,2020-05-27 11:27:50.700,3771.8000,8156,0,2105988300.000,0,-,-,-,-,3772.0000,3771.6000,3771.4000,3771.2000,3771.0000,3773.0000,3773.2000,3774.2000,3774.4000,3774.6000,1,2,1,3,4,1,1,2,1,1
SF,IF2007,2020-05-27 11:27:51.200,3771.8000,8156,0,2105988300.000,0,-,-,-,-,3772.0000,3771.6000,3771.4000,3771.2000,3771.0000,3772.6000,3773.2000,3774.0000,3774.2000,3774.4000,1,1,1,3,4,1,1,1,2,1
SF,IF2007,2020-05-27 11:27:52.200,3772.6000,8156,0,2107120080.000,1,0,1,多换,S,3772.0000,3771.6000,3771.4000,3771.2000,3771.0000,3773.2000,3774.0000,3774.2000,3774.4000,3774.6000,1,1,1,3,4,1,1,2,1,1
SF,IF2007,2020-05-27 11:27:52.700,3772.6000,8156,0,2107120080.000,0,-,-,-,-,3771.6000,3771.4000,3771.2000,3771.0000,3770.6000,3772.4000,3773.2000,3774.0000,3774.2000,3774.4000,1,1,3,4,1,1,1,1,2,1
SF,IF2007,2020-05-27 11:27:53.200,3772.4000,8156,0,2108251800.000,1,0,1,多换,S,3771.8000,3771.6000,3771.4000,3771.2000,3771.0000,3773.2000,3774.0000,3774.2000,3774.4000,3774.6000,1,1,1,3,4,1,1,2,1,1
SF,IF2007,2020-05-27 11:27:53.700,3772.4000,8156,0,2108251800.000,0,-,-,-,-,3771.8000,3771.4000,3771.2000,3771.0000,3770.6000,3773.2000,3774.0000,3774.2000,3774.4000,3774.6000,1,1,3,4,1,1,1,2,1,1
SF,IF2007,2020-05-27 11:27:54.700,3772.4000,8156,0,2108251800.000,0,-,-,-,-,3771.8000,3771.4000,3771.2000,3771.0000,3770.6000,3773.2000,3774.0000,3774.2000,3774.4000,3774.6000,1,1,3,4,1,1,1,2,1,1
SF,IF2007,2020-05-27 11:27:55.200,3772.4000,8156,0,2108251800.000,0,-,-,-,-,3771.8000,3771.4000,3771.2000,3771.0000,3770.6000,3772.4000,3773.0000,3773.2000,3774.0000,3774.2000,1,1,3,4,1,1,1,1,1,2
SF,IF2007,2020-05-27 11:27:56.200,3772.4000,8156,0,2108251800.000,0,-,-,-,-,3771.8000,3771.4000,3771.2000,3771.0000,3770.6000,3772.4000,3773.0000,3774.0000,3774.2000,3774.4000,1,1,3,4,1,1,1,1,2,1
SF,IF2007,2020-05-27 11:27:56.700,3772.4000,8156,0,2108251800.000,0,-,-,-,-,3771.8000,3771.4000,3771.2000,3771.0000,3770.6000,3772.4000,3773.0000,3774.0000,3774.2000,3774.4000,1,1,3,4,1,1,1,1,2,1
SF,IF2007,2020-05-27 11:27:57.200,3772.4000,8157,1,2109383520.000,1,1,0,双开,S,3771.4000,3771.2000,3771.0000,3770.6000,3770.2000,3773.0000,3774.0000,3774.2000,3774.4000,3774.6000,1,3,4,1,1,1,1,2,1,1
SF,IF2007,2020-05-27 11:27:57.700,3772.4000,8157,0,2109383520.000,0,-,-,-,-,3771.4000,3771.2000,3771.0000,3770.6000,3770.2000,3772.8000,3773.0000,3774.0000,3774.2000,3774.4000,1,3,4,1,1,1,1,1,2,1
SF,IF2007,2020-05-27 11:27:58.700,3772.4000,8157,0,2109383520.000,0,-,-,-,-,3771.8000,3771.6000,3771.4000,3771.2000,3771.0000,3772.8000,3774.0000,3774.2000,3774.4000,3774.6000,1,1,1,3,4,1,1,2,1,1
SF,IF2007,2020-05-27 11:27:59.700,3772.4000,8157,0,2109383520.000,0,-,-,-,-,3771.8000,3771.6000,3771.4000,3771.2000,3771.0000,3772.8000,3774.0000,3774.2000,3774.4000,3774.6000,1,1,1,3,4,1,1,3,1,1
SF,IF2007,2020-05-27 11:28:00.200,3772.4000,8157,0,2109383520.000,0,-,-,-,-,3771.8000,3771.6000,3771.4000,3771.2000,3771.0000,3772.8000,3774.0000,3774.2000,3774.4000,3774.6000,1,1,1,3,4,1,1,2,1,1
SF,IF2007,2020-05-27 11:28:01.200,3772.4000,8157,0,2109383520.000,0,-,-,-,-,3772.2000,3771.8000,3771.6000,3771.4000,3771.2000,3774.0000,3774.2000,3774.4000,3774.6000,3774.8000,1,1,1,1,3,1,2,1,1,4
SF,IF2007,2020-05-27 11:28:01.700,3772.4000,8157,0,2109383520.000,0,-,-,-,-,3771.8000,3771.6000,3771.4000,3771.2000,3771.0000,3773.4000,3774.0000,3774.2000,3774.4000,3774.6000,1,1,1,3,4,1,1,2,1,1
SF,IF2007,2020-05-27 11:28:02.200,3772.4000,8157,0,2109383520.000,0,-,-,-,-,3772.2000,3771.8000,3771.6000,3771.4000,3771.2000,3773.2000,3773.4000,3774.0000,3774.2000,3774.4000,1,1,1,1,3,1,1,1,2,1
SF,IF2007,2020-05-27 11:28:02.700,3772.4000,8157,0,2109383520.000,0,-,-,-,-,3772.2000,3771.8000,3771.4000,3771.2000,3771.0000,3773.2000,3773.4000,3774.0000,3774.2000,3774.4000,1,1,1,3,4,2,1,1,2,1
SF,IF2007,2020-05-27 11:28:03.700,3772.4000,8157,0,2109383520.000,0,-,-,-,-,3772.2000,3771.8000,3771.4000,3771.2000,3771.0000,3773.0000,3773.2000,3774.0000,3774.2000,3774.4000,1,1,1,3,4,1,2,1,2,1
SF,IF2007,2020-05-27 11:28:04.200,3772.4000,8157,0,2109383520.000,0,-,-,-,-,3771.8000,3771.4000,3771.2000,3771.0000,3770.6000,3773.0000,3773.2000,3774.0000,3774.2000,3774.4000,1,1,3,4,1,1,2,1,1,1
SF,IF2007,2020-05-27 11:28:04.700,3772.4000,8157,0,2109383520.000,0,-,-,-,-,3772.0000,3771.8000,3771.4000,3771.2000,3771.0000,3773.0000,3773.2000,3774.0000,3774.2000,3774.4000,1,1,1,3,4,1,2,1,1,1
SF,IF2007,2020-05-27 11:28:09.700,3772.4000,8157,0,2109383520.000,0,-,-,-,-,3771.8000,3771.4000,3771.2000,3771.0000,3770.6000,3772.8000,3773.0000,3773.2000,3774.0000,3774.2000,1,1,3,4,1,1,1,1,1,1
SF,IF2007,2020-05-27 11:28:10.200,3772.4000,8157,0,2109383520.000,0,-,-,-,-,3771.8000,3771.4000,3771.2000,3771.0000,3770.6000,3772.8000,3773.0000,3773.2000,3774.0000,3774.2000,1,1,3,4,1,1,1,1,1,1
SF,IF2007,2020-05-27 11:28:14.700,3772.4000,8157,0,2109383520.000,0,-,-,-,-,3771.4000,3771.2000,3771.0000,3770.6000,3770.2000,3772.6000,3772.8000,3773.2000,3774.0000,3774.2000,1,3,4,1,1,1,1,1,1,1
SF,IF2007,2020-05-27 11:28:15.200,3772.4000,8157,0,2109383520.000,0,-,-,-,-,3771.6000,3771.4000,3771.2000,3771.0000,3770.6000,3772.6000,3772.8000,3773.2000,3774.0000,3774.2000,1,1,3,4,1,1,1,1,1,1
SF,IF2007,2020-05-27 11:28:16.200,3772.4000,8157,0,2109383520.000,0,-,-,-,-,3771.4000,3771.2000,3771.0000,3770.6000,3770.2000,3772.6000,3772.8000,3773.2000,3774.0000,3774.2000,1,3,4,1,1,1,1,1,1,1
SF,IF2007,2020-05-27 11:28:16.700,3772.4000,8157,0,2109383520.000,0,-,-,-,-,3771.4000,3771.2000,3771.0000,3770.6000,3770.2000,3772.6000,3773.2000,3774.0000,3774.2000,3774.4000,1,3,4,1,1,1,1,1,1,1
SF,IF2007,2020-05-27 11:28:17.200,3772.4000,8157,0,2109383520.000,0,-,-,-,-,3771.4000,3771.2000,3771.0000,3770.6000,3770.2000,3772.4000,3772.6000,3773.2000,3774.0000,3774.2000,1,3,4,1,1,1,1,1,1,1
SF,IF2007,2020-05-27 11:28:17.700,3772.4000,8157,0,2109383520.000,0,-,-,-,-,3772.0000,3771.4000,3771.2000,3771.0000,3770.6000,3772.4000,3772.6000,3773.2000,3774.0000,3774.2000,5,1,3,4,1,1,1,1,1,1
SF,IF2007,2020-05-27 11:28:18.200,3772.0000,8159,2,2115041520.000,5,3,2,空开,S,3771.4000,3771.2000,3771.0000,3770.6000,3770.2000,3772.4000,3772.6000,3773.2000,3774.0000,3774.2000,1,3,4,1,1,1,1,1,1,1
SF,IF2007,2020-05-27 11:28:18.700,3772.0000,8159,0,2115041520.000,0,-,-,-,-,3771.4000,3771.2000,3771.0000,3770.2000,3770.0000,3772.4000,3772.6000,3773.2000,3774.0000,3774.2000,1,3,4,1,5,1,1,1,1,1
SF,IF2007,2020-05-27 11:28:19.700,3772.0000,8159,0,2115041520.000,0,-,-,-,-,3771.4000,3771.2000,3771.0000,3770.2000,3770.0000,3772.2000,3772.4000,3773.2000,3774.0000,3774.2000,1,3,4,1,5,1,1,1,1,1
SF,IF2007,2020-05-27 11:28:20.200,3772.0000,8159,0,2115041520.000,0,-,-,-,-,3771.4000,3771.2000,3771.0000,3770.2000,3770.0000,3772.2000,3772.4000,3773.2000,3774.2000,3774.4000,1,3,4,1,5,2,1,1,1,1
SF,IF2007,2020-05-27 11:28:21.200,3772.0000,8159,0,2115041520.000,0,-,-,-,-,3771.4000,3771.2000,3771.0000,3770.2000,3770.0000,3772.2000,3772.4000,3773.2000,3774.2000,3774.4000,1,3,4,1,5,1,1,1,1,1
SF,IF2007,2020-05-27 11:28:22.200,3772.0000,8159,0,2115041520.000,0,-,-,-,-,3772.0000,3771.4000,3771.2000,3771.0000,3770.2000,3772.4000,3773.2000,3774.2000,3774.4000,3774.6000,5,1,3,4,1,1,1,1,1,1
SF,IF2007,2020-05-27 11:28:23.700,3772.0000,8159,0,2115041520.000,0,-,-,-,-,3772.0000,3771.4000,3771.2000,3771.0000,3770.2000,3773.2000,3774.2000,3774.4000,3774.6000,3774.8000,5,1,3,4,1,1,1,1,1,4
SF,IF2007,2020-05-27 11:28:24.200,3772.0000,8159,0,2115041520.000,0,-,-,-,-,3772.0000,3771.4000,3771.2000,3771.0000,3770.2000,3772.6000,3773.2000,3774.2000,3774.4000,3774.6000,5,1,3,4,1,1,1,1,1,1
SF,IF2007,2020-05-27 11:28:24.700,3772.0000,8159,0,2115041520.000,0,-,-,-,-,3772.0000,3771.4000,3771.2000,3771.0000,3770.2000,3772.6000,3773.2000,3774.2000,3774.4000,3774.6000,5,1,3,4,1,1,1,1,1,1
SF,IF2007,2020-05-27 11:28:25.200,3772.0000,8159,0,2115041520.000,0,-,-,-,-,3772.0000,3771.4000,3771.2000,3771.0000,3770.2000,3772.6000,3773.2000,3774.2000,3774.4000,3774.6000,5,1,3,4,1,1,1,1,1,1
SF,IF2007,2020-05-27 11:28:26.700,3772.0000,8160,1,2116173120.000,1,1,0,双开,S,3772.0000,3771.4000,3771.2000,3771.0000,3770.2000,3772.6000,3773.2000,3774.2000,3774.4000,3774.6000,4,1,3,4,1,1,1,1,1,1
SF,IF2007,2020-05-27 11:28:27.200,3772.0000,8160,0,2116173120.000,0,-,-,-,-,3772.0000,3771.4000,3771.2000,3771.0000,3770.2000,3772.6000,3773.2000,3774.2000,3774.4000,3774.6000,4,1,3,4,1,1,1,1,1,1
SF,IF2007,2020-05-27 11:28:27.700,3772.0000,8160,0,2116173120.000,0,-,-,-,-,3772.0000,3771.4000,3771.2000,3771.0000,3770.2000,3772.6000,3773.2000,3774.2000,3774.4000,3774.6000,4,1,3,4,1,1,1,1,1,1
SF,IF2007,2020-05-27 11:28:28.700,3772.0000,8160,0,2116173120.000,0,-,-,-,-,3772.0000,3771.4000,3771.2000,3771.0000,3770.2000,3772.6000,3773.2000,3774.2000,3774.4000,3774.8000,4,1,3,4,1,1,1,1,1,2
SF,IF2007,2020-05-27 11:28:30.200,3772.0000,8160,0,2116173120.000,0,-,-,-,-,3772.0000,3771.4000,3771.2000,3771.0000,3770.2000,3772.6000,3773.2000,3774.4000,3774.8000,3775.0000,4,1,3,4,1,1,1,1,2,2
SF,IF2007,2020-05-27 11:28:30.700,3772.0000,8161,1,2118436320.000,2,1,1,空开,S,3772.0000,3771.4000,3771.2000,3771.0000,3770.2000,3772.4000,3772.6000,3773.2000,3774.4000,3774.8000,2,1,3,4,1,1,1,1,1,2
SF,IF2007,2020-05-27 11:28:31.200,3772.0000,8161,0,2118436320.000,0,-,-,-,-,3772.0000,3771.4000,3771.2000,3771.0000,3770.2000,3772.2000,3772.4000,3773.2000,3774.4000,3774.8000,2,1,3,4,1,1,1,1,1,2
SF,IF2007,2020-05-27 11:28:31.700,3772.0000,8161,0,2120699520.000,2,1,1,多换,S,3771.4000,3771.2000,3771.0000,3770.2000,3770.0000,3772.0000,3772.2000,3772.4000,3773.2000,3774.4000,1,3,4,1,5,2,1,1,1,1
SF,IF2007,2020-05-27 11:28:32.200,3772.0000,8161,0,2120699520.000,0,-,-,-,-,3771.4000,3771.2000,3771.0000,3770.2000,3770.0000,3772.0000,3772.2000,3772.4000,3773.2000,3774.4000,1,3,4,1,5,3,1,1,1,1
SF,IF2007,2020-05-27 11:28:33.200,3772.0000,8161,0,2120699520.000,0,-,-,-,-,3771.4000,3771.2000,3771.0000,3770.2000,3770.0000,3772.0000,3772.2000,3772.4000,3773.2000,3774.4000,1,3,4,1,5,2,1,1,1,1
SF,IF2007,2020-05-27 11:28:37.200,3772.0000,8161,0,2120699520.000,0,-,-,-,-,3771.4000,3771.2000,3771.0000,3770.2000,3770.0000,3772.0000,3772.2000,3772.4000,3773.2000,3774.4000,1,3,4,1,5,2,1,1,1,1
SF,IF2007,2020-05-27 11:28:39.200,3771.4000,8162,1,2121830940.000,1,1,0,双开,S,3771.2000,3771.0000,3770.2000,3770.0000,3768.2000,3772.0000,3772.2000,3772.4000,3773.2000,3774.4000,3,4,1,5,2,2,1,1,1,1
SF,IF2007,2020-05-27 11:28:41.200,3771.4000,8162,0,2121830940.000,0,-,-,-,-,3771.2000,3771.0000,3770.2000,3770.0000,3768.2000,3771.8000,3772.0000,3772.4000,3773.2000,3774.4000,3,4,1,5,2,1,2,1,1,1
SF,IF2007,2020-05-27 11:28:45.700,3771.4000,8162,0,2121830940.000,0,-,-,-,-,3771.2000,3771.0000,3770.2000,3770.0000,3768.2000,3772.0000,3773.2000,3774.4000,3774.8000,3775.0000,3,4,1,5,2,2,1,1,3,2
SF,IF2007,2020-05-27 11:28:59.700,3771.4000,8162,0,2121830940.000,0,-,-,-,-,3771.2000,3771.0000,3770.2000,3770.0000,3768.2000,3771.8000,3772.0000,3773.2000,3774.4000,3774.8000,3,4,1,5,2,1,2,1,1,3
SF,IF2007,2020-05-27 11:29:00.200,3771.8000,8163,1,2122962480.000,1,1,0,双开,S,3771.2000,3771.0000,3770.2000,3770.0000,3768.2000,3772.0000,3774.4000,3774.8000,3775.0000,3775.8000,3,4,1,5,2,2,1,3,2,1
SF,IF2007,2020-05-27 11:29:00.700,3771.2000,8164,1,2125225440.000,2,1,1,空开,S,3771.2000,3771.0000,3770.2000,3770.0000,3768.2000,3772.0000,3774.4000,3774.8000,3775.0000,3775.8000,2,4,1,5,2,1,1,3,2,1
SF,IF2007,2020-05-27 11:29:01.200,3772.0000,8164,0,2126357040.000,1,0,1,多换,S,3771.4000,3771.2000,3771.0000,3770.2000,3770.0000,3774.4000,3774.8000,3775.0000,3775.8000,3780.0000,2,3,4,1,5,1,3,2,1,5
SF,IF2007,2020-05-27 11:29:01.700,3772.0000,8164,0,2126357040.000,0,-,-,-,-,3771.8000,3771.4000,3771.2000,3771.0000,3770.2000,3773.0000,3773.2000,3773.6000,3774.0000,3774.2000,1,1,3,4,1,1,1,1,2,4
SF,IF2007,2020-05-27 11:29:02.200,3772.0000,8164,0,2126357040.000,0,-,-,-,-,3772.0000,3771.8000,3771.4000,3771.2000,3771.0000,3773.0000,3773.2000,3773.6000,3774.0000,3774.2000,1,1,1,3,4,1,1,1,1,4
SF,IF2007,2020-05-27 11:29:03.200,3772.0000,8164,0,2126357040.000,0,-,-,-,-,3772.0000,3771.8000,3771.2000,3771.0000,3770.2000,3773.0000,3773.2000,3773.6000,3774.0000,3774.2000,1,1,3,4,1,1,1,1,1,3
SF,IF2007,2020-05-27 11:29:08.700,3772.0000,8164,0,2126357040.000,0,-,-,-,-,3772.0000,3771.8000,3771.2000,3771.0000,3770.2000,3773.0000,3773.2000,3773.6000,3774.0000,3774.2000,1,1,3,4,1,1,1,1,1,3
SF,IF2007,2020-05-27 11:29:10.200,3772.0000,8164,0,2126357040.000,0,-,-,-,-,3772.0000,3771.8000,3771.2000,3771.0000,3770.2000,3772.8000,3773.0000,3773.6000,3774.0000,3774.2000,1,1,2,4,1,1,1,1,1,3
SF,IF2007,2020-05-27 11:29:10.700,3772.0000,8164,0,2126357040.000,0,-,-,-,-,3771.8000,3771.2000,3771.0000,3770.2000,3770.0000,3772.8000,3773.0000,3773.6000,3774.0000,3774.2000,1,2,4,1,5,1,1,1,1,3
SF,IF2007,2020-05-27 11:29:11.200,3772.0000,8164,0,2126357040.000,0,-,-,-,-,3772.0000,3771.8000,3771.2000,3771.0000,3770.2000,3772.8000,3773.0000,3773.6000,3774.0000,3774.2000,1,1,2,4,1,1,1,1,1,3
SF,IF2007,2020-05-27 11:29:15.700,3772.0000,8164,0,2126357040.000,0,-,-,-,-,3772.0000,3771.8000,3771.2000,3771.0000,3770.2000,3772.8000,3773.0000,3773.6000,3774.0000,3774.2000,1,1,2,4,1,1,1,1,1,3
SF,IF2007,2020-05-27 11:29:16.700,3772.0000,8164,0,2126357040.000,0,-,-,-,-,3772.0000,3771.8000,3771.2000,3771.0000,3770.2000,3773.0000,3773.6000,3774.0000,3774.2000,3774.4000,1,1,2,4,1,1,1,1,3,1
SF,IF2007,2020-05-27 11:29:17.700,3772.0000,8164,0,2127488640.000,1,0,1,多换,S,3771.8000,3771.2000,3771.0000,3770.2000,3770.0000,3772.0000,3773.0000,3773.6000,3774.0000,3774.2000,1,2,4,1,5,1,1,1,1,3
SF,IF2007,2020-05-27 11:29:18.200,3772.0000,8165,1,2129751840.000,2,1,1,空开,S,3771.2000,3771.0000,3770.2000,3770.0000,3768.2000,3772.0000,3773.0000,3773.6000,3774.0000,3774.2000,2,4,1,5,2,1,1,1,1,3
SF,IF2007,2020-05-27 11:29:18.700,3772.0000,8165,0,2130883440.000,1,0,1,多换,S,3771.6000,3771.4000,3771.2000,3771.0000,3770.2000,3773.0000,3773.6000,3774.0000,3774.2000,3774.4000,1,2,2,4,1,1,1,1,3,1
SF,IF2007,2020-05-27 11:29:19.200,3772.0000,8165,0,2130883440.000,0,-,-,-,-,3771.8000,3771.4000,3771.2000,3771.0000,3770.2000,3773.0000,3773.6000,3774.0000,3774.2000,3774.4000,2,2,2,4,1,1,1,1,3,1
SF,IF2007,2020-05-27 11:29:19.700,3772.0000,8165,0,2130883440.000,0,-,-,-,-,3772.0000,3771.8000,3771.4000,3771.2000,3771.0000,3773.0000,3773.6000,3774.0000,3774.2000,3774.4000,1,2,2,2,4,1,1,1,3,1
SF,IF2007,2020-05-27 11:29:20.200,3772.0000,8165,0,2130883440.000,0,-,-,-,-,3772.2000,3772.0000,3771.8000,3771.4000,3771.2000,3773.0000,3773.6000,3774.0000,3774.2000,3774.4000,1,1,2,2,2,1,1,1,3,1
SF,IF2007,2020-05-27 11:29:20.700,3772.0000,8165,0,2130883440.000,0,-,-,-,-,3772.2000,3771.8000,3771.4000,3771.2000,3771.0000,3773.0000,3773.6000,3774.0000,3774.2000,3774.4000,1,2,2,2,4,1,1,1,3,1
SF,IF2007,2020-05-27 11:29:21.200,3773.0000,8165,0,2133147240.000,2,1,1,多换,S,3773.0000,3772.2000,3771.8000,3771.4000,3771.2000,3773.6000,3774.0000,3774.2000,3774.4000,3774.8000,2,2,2,2,2,1,1,3,1,3
SF,IF2007,2020-05-27 11:29:21.700,3773.0000,8167,2,2135411040.000,2,2,0,双开,S,3772.2000,3771.8000,3771.4000,3771.2000,3770.2000,3773.4000,3773.6000,3774.0000,3774.2000,3774.4000,2,1,2,2,1,1,1,1,2,1
SF,IF2007,2020-05-27 11:29:22.200,3773.0000,8167,0,2135411040.000,0,-,-,-,-,3772.2000,3771.8000,3771.4000,3771.2000,3770.2000,3773.4000,3773.6000,3774.0000,3774.2000,3774.4000,1,1,2,2,1,1,1,1,2,1
SF,IF2007,2020-05-27 11:29:23.200,3773.0000,8167,0,2135411040.000,0,-,-,-,-,3772.2000,3771.8000,3771.4000,3771.2000,3770.2000,3773.2000,3773.4000,3773.6000,3774.0000,3774.2000,1,1,2,2,1,1,1,1,1,2
SF,IF2007,2020-05-27 11:29:24.200,3773.0000,8167,0,2135411040.000,0,-,-,-,-,3772.2000,3771.8000,3771.4000,3771.2000,3770.2000,3773.2000,3773.4000,3773.6000,3774.0000,3774.2000,1,1,2,2,1,1,1,1,1,2
SF,IF2007,2020-05-27 11:29:25.200,3773.0000,8167,0,2135411040.000,0,-,-,-,-,3772.2000,3771.8000,3771.2000,3770.2000,3770.0000,3773.0000,3773.2000,3773.4000,3773.6000,3774.0000,1,1,2,1,5,1,1,1,1,1
SF,IF2007,2020-05-27 11:29:25.700,3773.2000,8168,1,2137674900.000,2,1,1,空开,S,3772.2000,3771.8000,3771.2000,3770.2000,3770.0000,3773.6000,3774.0000,3774.2000,3774.4000,3774.6000,1,1,2,1,5,1,1,2,1,2
SF,IF2007,2020-05-27 11:29:26.200,3773.2000,8168,0,2137674900.000,0,-,-,-,-,3772.2000,3771.8000,3771.2000,3770.2000,3770.0000,3773.4000,3773.6000,3774.2000,3774.4000,3774.6000,1,1,2,1,5,1,1,2,1,2
SF,IF2007,2020-05-27 11:29:28.200,3773.2000,8168,0,2137674900.000,0,-,-,-,-,3772.2000,3771.8000,3771.2000,3770.2000,3770.0000,3773.4000,3773.6000,3774.2000,3774.4000,3774.8000,1,1,2,1,5,2,1,2,1,3
SF,IF2007,2020-05-27 11:29:31.200,3773.2000,8168,0,2137674900.000,0,-,-,-,-,3772.4000,3772.2000,3771.8000,3771.2000,3770.2000,3773.4000,3773.6000,3774.2000,3774.4000,3774.8000,2,1,1,2,1,2,1,2,1,3
SF,IF2007,2020-05-27 11:29:31.700,3773.2000,8168,0,2137674900.000,0,-,-,-,-,3772.4000,3772.2000,3771.2000,3770.2000,3770.0000,3773.4000,3773.6000,3774.2000,3774.4000,3774.8000,2,1,2,1,5,1,1,2,1,3
SF,IF2007,2020-05-27 11:29:33.200,3773.2000,8168,0,2137674900.000,0,-,-,-,-,3772.4000,3772.2000,3771.2000,3770.2000,3770.0000,3773.2000,3773.4000,3773.6000,3774.2000,3774.4000,2,1,2,1,5,1,1,1,2,1
SF,IF2007,2020-05-27 11:29:33.700,3773.2000,8168,0,2137674900.000,0,-,-,-,-,3772.4000,3772.2000,3771.2000,3770.2000,3770.0000,3773.2000,3773.4000,3773.6000,3774.2000,3774.4000,1,1,2,1,5,2,1,1,2,1
SF,IF2007,2020-05-27 11:29:38.200,3773.2000,8168,0,2137674900.000,0,-,-,-,-,3772.2000,3771.2000,3770.2000,3770.0000,3768.2000,3773.0000,3773.2000,3773.6000,3774.2000,3774.4000,1,2,1,5,1,1,2,1,2,1
SF,IF2007,2020-05-27 11:29:38.700,3773.2000,8168,0,2137674900.000,0,-,-,-,-,3772.2000,3771.2000,3770.2000,3770.0000,3768.2000,3773.0000,3773.2000,3773.6000,3774.2000,3774.4000,1,2,1,5,1,1,2,1,2,1
SF,IF2007,2020-05-27 11:29:44.700,3773.2000,8168,0,2137674900.000,0,-,-,-,-,3771.2000,3770.2000,3770.0000,3768.2000,3765.0000,3773.0000,3773.2000,3773.6000,3774.4000,3774.8000,2,1,5,1,5,1,2,1,1,3
SF,IF2007,2020-05-27 11:29:45.200,3773.2000,8168,0,2137674900.000,0,-,-,-,-,3771.8000,3771.4000,3771.2000,3770.2000,3770.0000,3773.0000,3773.2000,3773.6000,3774.4000,3774.8000,2,1,2,1,5,1,2,1,1,3
SF,IF2007,2020-05-27 11:29:45.700,3773.2000,8168,0,2137674900.000,0,-,-,-,-,3772.2000,3772.0000,3771.2000,3770.2000,3770.0000,3773.0000,3773.2000,3773.6000,3774.4000,3774.8000,1,2,2,1,5,1,1,1,1,3
SF,IF2007,2020-05-27 11:29:46.200,3773.2000,8168,0,2137674900.000,0,-,-,-,-,3772.2000,3772.0000,3771.2000,3770.2000,3770.0000,3773.0000,3773.6000,3774.4000,3774.8000,3775.0000,1,2,2,1,5,1,1,1,3,1
SF,IF2007,2020-05-27 11:29:46.700,3773.2000,8168,0,2137674900.000,0,-,-,-,-,3772.2000,3771.2000,3770.2000,3770.0000,3768.2000,3773.0000,3773.6000,3774.4000,3774.8000,3775.0000,1,2,1,5,1,1,1,1,3,1
SF,IF2007,2020-05-27 11:29:47.200,3773.2000,8168,0,2137674900.000,0,-,-,-,-,3772.2000,3771.4000,3771.2000,3770.2000,3770.0000,3773.0000,3773.6000,3774.4000,3774.8000,3775.0000,1,1,2,1,5,1,1,1,3,1
SF,IF2007,2020-05-27 11:29:49.200,3773.2000,8168,0,2137674900.000,0,-,-,-,-,3772.2000,3771.4000,3771.2000,3770.2000,3770.0000,3773.0000,3773.6000,3774.4000,3774.8000,3775.0000,1,1,2,1,5,1,1,1,3,1
SF,IF2007,2020-05-27 11:29:51.200,3773.2000,8168,0,2137674900.000,0,-,-,-,-,3772.2000,3771.4000,3771.2000,3770.2000,3770.0000,3773.0000,3773.6000,3774.4000,3774.8000,3775.0000,1,1,2,1,5,1,1,1,3,1
SF,IF2007,2020-05-27 11:29:55.700,3773.2000,8168,0,2137674900.000,0,-,-,-,-,3772.2000,3771.4000,3771.2000,3770.2000,3770.0000,3773.0000,3773.6000,3774.8000,3775.0000,3775.8000,1,1,2,1,5,2,1,1,1,1
SF,IF2007,2020-05-27 11:29:57.700,3773.2000,8168,0,2137674900.000,0,-,-,-,-,3771.4000,3771.2000,3770.2000,3770.0000,3768.2000,3773.0000,3774.8000,3775.0000,3775.8000,3781.0000,1,2,1,5,1,1,1,1,1,1
SF,IF2007,2020-05-27 11:29:58.200,3773.2000,8168,0,2137674900.000,0,-,-,-,-,3771.8000,3771.4000,3771.2000,3770.2000,3770.0000,3773.0000,3774.8000,3775.0000,3775.8000,3781.0000,2,1,2,1,5,1,1,1,1,1
SF,IF2007,2020-05-27 11:29:59.700,3773.2000,8168,0,2137674900.000,0,-,-,-,-,3771.4000,3771.2000,3770.2000,3770.0000,3768.2000,3773.0000,3774.8000,3775.0000,3775.8000,3781.0000,1,2,1,5,1,1,1,1,1,1
SF,IF2007,2020-05-27 13:00:00.200,3773.2000,8168,0,2137674900.000,0,-,-,-,-,3771.4000,3771.2000,3770.2000,3770.0000,3768.2000,3773.0000,3774.8000,3775.0000,3775.8000,3781.0000,1,2,1,5,1,2,1,1,1,1
SF,IF2007,2020-05-27 13:00:00.700,3773.2000,8168,0,2137674900.000,0,-,-,-,-,3771.8000,3771.4000,3770.2000,3770.0000,3768.2000,3773.0000,3774.8000,3775.0000,3775.8000,3781.0000,2,1,1,5,1,1,1,1,1,1
SF,IF2007,2020-05-27 13:00:01.200,3773.2000,8168,0,2137674900.000,0,-,-,-,-,3772.4000,3772.2000,3772.0000,3771.4000,3770.2000,3774.8000,3775.0000,3775.8000,3781.0000,3783.0000,1,1,2,1,1,1,1,1,1,2
SF,IF2007,2020-05-27 13:00:01.700,3773.2000,8168,0,2137674900.000,0,-,-,-,-,3772.4000,3772.2000,3771.4000,3770.2000,3770.0000,3773.6000,3774.0000,3774.2000,3774.8000,3775.0000,1,1,1,1,5,1,3,2,2,1
SF,IF2007,2020-05-27 13:00:02.200,3773.2000,8168,0,2137674900.000,0,-,-,-,-,3772.6000,3772.4000,3772.2000,3771.4000,3770.2000,3773.6000,3774.0000,3774.2000,3774.8000,3775.0000,1,1,1,1,1,2,2,1,1,1
SF,IF2007,2020-05-27 13:00:02.700,3773.2000,8168,0,2137674900.000,0,-,-,-,-,3773.0000,3772.2000,3771.4000,3770.2000,3770.0000,3773.2000,3773.6000,3774.0000,3774.2000,3774.8000,1,1,1,1,5,1,2,2,1,1
SF,IF2007,2020-05-27 13:00:03.200,3773.2000,8166,-2,2139938760.000,2,0,2,双平,S,3772.2000,3771.4000,3770.4000,3770.2000,3770.0000,3773.6000,3774.0000,3774.2000,3774.8000,3775.0000,1,1,2,1,5,2,2,1,1,1
SF,IF2007,2020-05-27 13:00:03.700,3773.2000,8166,0,2139938760.000,0,-,-,-,-,3772.2000,3771.4000,3770.4000,3770.2000,3770.0000,3773.0000,3773.6000,3774.0000,3774.2000,3774.8000,1,1,2,1,5,1,2,2,1,1
SF,IF2007,2020-05-27 13:00:04.200,3773.2000,8166,0,2139938760.000,0,-,-,-,-,3772.2000,3771.4000,3770.4000,3770.2000,3770.0000,3773.0000,3774.0000,3774.2000,3774.8000,3775.0000,1,1,2,1,5,1,2,1,1,1
SF,IF2007,2020-05-27 13:00:04.700,3773.0000,8167,1,2141070660.000,1,1,0,双开,S,3772.6000,3771.4000,3770.4000,3770.2000,3770.0000,3774.0000,3774.2000,3774.8000,3775.0000,3775.8000,1,1,2,1,5,2,1,1,1,1
SF,IF2007,2020-05-27 13:00:05.200,3773.0000,8167,0,2141070660.000,0,-,-,-,-,3772.6000,3771.4000,3770.4000,3770.2000,3770.0000,3773.8000,3774.8000,3775.0000,3775.8000,3779.8000,1,1,2,1,5,2,1,1,1,1
SF,IF2007,2020-05-27 13:00:05.700,3773.8000,8167,0,2142202800.000,1,0,1,多换,S,3772.8000,3772.6000,3771.4000,3770.4000,3770.2000,3773.8000,3774.8000,3775.0000,3775.8000,3779.8000,4,1,1,2,1,1,1,1,1,1
SF,IF2007,2020-05-27 13:00:06.200,3773.8000,8167,0,2142202800.000,0,-,-,-,-,3773.0000,3772.8000,3771.4000,3770.4000,3770.2000,3773.8000,3774.8000,3775.0000,3775.8000,3779.8000,1,4,1,2,1,1,1,1,1,1
SF,IF2007,2020-05-27 13:00:07.700,3773.8000,8167,0,2142202800.000,0,-,-,-,-,3773.0000,3772.8000,3771.4000,3770.4000,3770.2000,3773.6000,3773.8000,3774.8000,3775.0000,3775.8000,1,4,1,2,1,1,1,1,1,1
SF,IF2007,2020-05-27 13:00:08.700,3773.8000,8167,0,2142202800.000,0,-,-,-,-,3773.0000,3772.8000,3771.4000,3770.4000,3770.2000,3773.6000,3773.8000,3774.8000,3775.0000,3775.8000,1,3,1,2,1,1,1,1,1,1
SF,IF2007,2020-05-27 13:00:09.200,3773.8000,8167,0,2142202800.000,0,-,-,-,-,3772.8000,3771.4000,3770.4000,3770.2000,3770.0000,3773.6000,3773.8000,3774.8000,3775.0000,3775.8000,3,1,2,1,5,1,1,1,1,1
SF,IF2007,2020-05-27 13:00:09.700,3773.8000,8167,0,2142202800.000,0,-,-,-,-,3771.4000,3770.4000,3770.2000,3770.0000,3768.2000,3772.8000,3773.6000,3773.8000,3774.8000,3775.0000,1,2,1,5,1,1,2,2,1,1
SF,IF2007,2020-05-27 13:00:10.200,3773.8000,8167,0,2142202800.000,0,-,-,-,-,3772.2000,3772.0000,3771.8000,3771.4000,3770.4000,3772.8000,3773.6000,3773.8000,3774.8000,3775.0000,1,2,1,1,2,1,2,2,1,1
SF,IF2007,2020-05-27 13:00:11.200,3773.8000,8167,0,2142202800.000,0,-,-,-,-,3772.0000,3771.8000,3771.4000,3770.4000,3770.2000,3772.8000,3773.6000,3773.8000,3774.8000,3775.0000,2,1,1,2,1,1,2,2,1,1
SF,IF2007,2020-05-27 13:00:11.700,3773.8000,8167,0,2142202800.000,0,-,-,-,-,3771.4000,3770.4000,3770.2000,3770.0000,3768.2000,3772.8000,3773.4000,3773.6000,3773.8000,3774.8000,1,2,1,5,1,1,1,2,2,1
SF,IF2007,2020-05-27 13:00:12.200,3773.8000,8167,0,2142202800.000,0,-,-,-,-,3771.4000,3770.4000,3770.2000,3770.0000,3768.2000,3772.8000,3773.4000,3773.6000,3773.8000,3774.8000,1,2,1,5,1,1,1,2,2,1
SF,IF2007,2020-05-27 13:00:12.700,3773.8000,8167,0,2142202800.000,0,-,-,-,-,3771.4000,3770.4000,3770.2000,3770.0000,3768.2000,3772.6000,3772.8000,3773.4000,3773.6000,3773.8000,1,2,1,5,1,1,2,1,1,2
SF,IF2007,2020-05-27 13:00:13.200,3773.8000,8167,0,2142202800.000,0,-,-,-,-,3771.4000,3770.4000,3770.2000,3770.0000,3768.2000,3772.4000,3772.6000,3772.8000,3773.4000,3773.6000,1,2,1,5,1,2,2,2,1,1
SF,IF2007,2020-05-27 13:00:13.700,3773.8000,8167,0,2142202800.000,0,-,-,-,-,3771.4000,3770.4000,3770.2000,3770.0000,3768.2000,3772.4000,3772.6000,3772.8000,3773.4000,3773.6000,1,2,1,5,1,3,1,2,1,1
SF,IF2007,2020-05-27 13:00:14.200,3771.4000,8168,1,2143334220.000,1,1,0,双开,S,3770.4000,3770.2000,3770.0000,3768.2000,3765.0000,3772.0000,3772.2000,3772.4000,3772.8000,3773.4000,2,1,5,1,10,1,2,2,2,1
SF,IF2007,2020-05-27 13:00:14.700,3771.4000,8168,0,2143334220.000,0,-,-,-,-,3770.6000,3770.4000,3770.2000,3770.0000,3768.2000,3771.8000,3772.0000,3772.4000,3772.8000,3773.4000,2,2,1,5,1,1,2,1,2,1
SF,IF2007,2020-05-27 13:00:15.200,3770.6000,8168,0,2145596580.000,2,1,1,多换,S,3770.4000,3770.2000,3770.0000,3768.2000,3765.0000,3771.8000,3772.0000,3772.4000,3772.8000,3773.6000,2,1,5,1,10,2,1,1,2,1
SF,IF2007,2020-05-27 13:00:15.700,3770.6000,8168,0,2145596580.000,0,-,-,-,-,3770.4000,3770.2000,3770.0000,3768.2000,3765.0000,3771.4000,3771.8000,3772.4000,3772.8000,3773.6000,2,1,5,1,10,1,2,1,2,1
SF,IF2007,2020-05-27 13:00:16.200,3770.6000,8168,0,2145596580.000,0,-,-,-,-,3770.4000,3770.2000,3770.0000,3768.2000,3765.0000,3771.4000,3771.8000,3772.4000,3772.8000,3773.6000,2,1,5,1,10,1,2,1,1,1
SF,IF2007,2020-05-27 13:00:16.700,3770.6000,8168,0,2145596580.000,0,-,-,-,-,3770.4000,3770.2000,3770.0000,3768.2000,3765.0000,3771.4000,3771.8000,3772.4000,3772.8000,3773.6000,2,1,5,1,10,1,1,1,1,1
SF,IF2007,2020-05-27 13:00:17.200,3770.4000,8168,0,2147858820.000,2,1,1,多换,S,3770.2000,3770.0000,3768.2000,3765.0000,3763.8000,3770.4000,3771.4000,3771.8000,3772.4000,3772.8000,1,5,1,10,1,11,1,1,1,1
SF,IF2007,2020-05-27 13:00:17.700,3770.4000,8167,-1,2153514420.000,5,2,3,多平,S,3770.2000,3770.0000,3768.2000,3765.0000,3763.8000,3770.4000,3771.8000,3772.4000,3772.8000,3773.6000,1,5,1,10,1,6,1,1,1,1
SF,IF2007,2020-05-27 13:00:18.200,3770.0000,8168,1,2161431840.000,7,4,3,空开,S,3770.0000,3768.2000,3765.0000,3763.8000,3761.0000,3770.4000,3771.8000,3772.4000,3772.8000,3773.6000,2,1,10,1,7,3,1,1,1,1
SF,IF2007,2020-05-27 13:00:18.700,3770.0000,8168,0,2161431840.000,0,-,-,-,-,3770.0000,3768.2000,3765.0000,3763.8000,3761.0000,3770.4000,3771.8000,3772.4000,3772.8000,3773.6000,2,1,10,1,7,3,1,1,1,1
SF,IF2007,2020-05-27 13:00:19.200,3770.0000,8170,2,2163693840.000,2,2,0,双开,S,3768.2000,3765.0000,3763.8000,3761.0000,3760.0000,3770.4000,3771.8000,3772.4000,3772.8000,3773.6000,1,10,1,7,1,3,1,1,1,1
SF,IF2007,2020-05-27 13:00:19.700,3770.0000,8170,0,2163693840.000,0,-,-,-,-,3769.2000,3768.8000,3768.4000,3768.2000,3765.0000,3770.2000,3770.4000,3771.8000,3772.4000,3772.8000,1,2,1,3,10,2,3,1,1,1
SF,IF2007,2020-05-27 13:00:20.200,3770.0000,8170,0,2163693840.000,0,-,-,-,-,3769.0000,3768.8000,3768.4000,3768.2000,3765.0000,3770.2000,3770.4000,3771.8000,3772.4000,3772.8000,1,2,1,3,10,1,3,1,1,1
SF,IF2007,2020-05-27 13:00:20.700,3770.0000,8170,0,2163693840.000,0,-,-,-,-,3769.4000,3769.0000,3768.8000,3768.4000,3768.2000,3770.2000,3770.4000,3771.8000,3772.4000,3772.8000,1,1,2,1,3,1,3,1,1,1
SF,IF2007,2020-05-27 13:00:21.200,3770.0000,8170,0,2163693840.000,0,-,-,-,-,3769.4000,3769.0000,3768.8000,3768.2000,3765.0000,3770.2000,3770.4000,3771.8000,3772.4000,3772.8000,1,1,1,3,10,1,3,1,1,1
SF,IF2007,2020-05-27 13:00:21.700,3770.0000,8170,0,2163693840.000,0,-,-,-,-,3769.4000,3768.2000,3765.0000,3763.8000,3761.0000,3769.8000,3770.0000,3770.4000,3771.8000,3772.4000,1,3,10,1,7,1,1,3,1,1
SF,IF2007,2020-05-27 13:00:22.200,3770.0000,8170,0,2163693840.000,0,-,-,-,-,3769.4000,3768.2000,3765.0000,3763.8000,3761.0000,3769.8000,3770.0000,3770.4000,3771.8000,3772.4000,1,3,10,1,7,1,1,3,1,1
SF,IF2007,2020-05-27 13:00:23.700,3769.4000,8170,0,2164824660.000,1,0,1,多换,S,3768.2000,3765.0000,3763.8000,3761.0000,3760.0000,3770.4000,3771.8000,3772.4000,3772.8000,3773.6000,3,10,1,7,1,3,1,1,1,1
SF,IF2007,2020-05-27 13:00:24.200,3769.8000,8170,0,2165955600.000,1,0,1,多换,S,3769.8000,3768.6000,3768.4000,3768.2000,3765.0000,3770.2000,3770.4000,3772.4000,3772.8000,3773.6000,1,1,1,1,10,2,4,1,1,1
SF,IF2007,2020-05-27 13:00:24.700,3769.8000,8170,0,2167086540.000,1,0,1,多换,S,3768.6000,3768.4000,3768.2000,3765.0000,3763.8000,3770.2000,3770.4000,3772.4000,3772.8000,3773.8000,1,1,1,10,1,1,4,1,1,2
SF,IF2007,2020-05-27 13:00:25.200,3769.8000,8170,0,2167086540.000,0,-,-,-,-,3768.8000,3768.6000,3768.2000,3765.0000,3763.8000,3769.8000,3770.0000,3770.2000,3770.4000,3772.4000,1,1,1,10,1,3,1,1,4,1
SF,IF2007,2020-05-27 13:00:25.700,3769.8000,8170,0,2167086540.000,0,-,-,-,-,3769.2000,3769.0000,3768.8000,3768.2000,3765.0000,3769.8000,3770.0000,3770.2000,3770.4000,3772.4000,1,2,1,1,10,3,1,1,3,1
SF,IF2007,2020-05-27 13:00:26.200,3769.8000,8170,0,2167086540.000,0,-,-,-,-,3769.2000,3769.0000,3768.8000,3768.6000,3768.2000,3769.8000,3770.0000,3770.2000,3770.4000,3772.4000,1,2,1,1,1,3,1,1,3,1
SF,IF2007,2020-05-27 13:00:27.200,3769.8000,8170,0,2167086540.000,0,-,-,-,-,3769.2000,3769.0000,3768.8000,3768.6000,3768.2000,3769.8000,3770.0000,3770.2000,3770.4000,3772.4000,1,2,1,1,1,3,1,1,3,1
SF,IF2007,2020-05-27 13:00:29.700,3769.8000,8170,0,2167086540.000,0,-,-,-,-,3769.2000,3769.0000,3768.8000,3768.6000,3768.2000,3769.8000,3770.0000,3770.2000,3770.4000,3772.4000,1,1,1,1,1,3,1,1,3,1
SF,IF2007,2020-05-27 13:00:30.200,3769.8000,8170,0,2167086540.000,0,-,-,-,-,3769.2000,3768.8000,3768.6000,3768.2000,3765.0000,3769.8000,3770.0000,3770.2000,3770.4000,3772.4000,1,1,1,1,10,3,1,1,3,1
SF,IF2007,2020-05-27 13:00:30.700,3769.2000,8170,0,2168217300.000,1,0,1,多换,S,3768.6000,3768.2000,3765.0000,3763.8000,3761.0000,3769.2000,3770.0000,3770.4000,3772.4000,3772.8000,1,1,10,1,7,2,1,3,1,1
SF,IF2007,2020-05-27 13:00:31.200,3769.2000,8170,0,2168217300.000,0,-,-,-,-,3768.6000,3768.2000,3765.0000,3763.8000,3761.0000,3769.2000,3770.4000,3772.4000,3772.8000,3773.8000,1,1,10,1,7,2,3,1,1,1
SF,IF2007,2020-05-27 13:00:31.700,3769.2000,8169,-1,2171609580.000,3,1,2,多平,S,3768.8000,3768.2000,3765.0000,3763.8000,3761.0000,3770.4000,3772.4000,3772.8000,3773.8000,3774.8000,2,1,10,1,7,3,1,1,1,1
SF,IF2007,2020-05-27 13:00:32.200,3769.2000,8169,0,2171609580.000,0,-,-,-,-,3768.2000,3765.0000,3763.8000,3761.0000,3760.0000,3769.8000,3770.0000,3770.4000,3772.4000,3772.8000,1,10,1,7,1,1,2,3,1,1
SF,IF2007,2020-05-27 13:00:32.700,3769.2000,8169,0,2171609580.000,0,-,-,-,-,3768.2000,3765.0000,3763.8000,3761.0000,3760.0000,3769.4000,3769.6000,3770.4000,3772.4000,3772.8000,1,10,1,7,1,1,1,3,1,1
SF,IF2007,2020-05-27 13:00:33.200,3769.2000,8169,0,2171609580.000,0,-,-,-,-,3768.6000,3768.4000,3768.2000,3765.0000,3763.8000,3769.4000,3769.6000,3770.4000,3772.4000,3772.8000,1,4,1,10,1,1,1,3,1,1
SF,IF2007,2020-05-27 13:00:33.700,3769.2000,8169,0,2171609580.000,0,-,-,-,-,3768.6000,3768.4000,3768.2000,3765.0000,3763.8000,3769.6000,3770.4000,3772.4000,3772.8000,3773.8000,1,4,1,10,1,1,3,1,1,1
SF,IF2007,2020-05-27 13:00:34.700,3769.2000,8169,0,2171609580.000,0,-,-,-,-,3768.8000,3768.6000,3768.4000,3768.2000,3765.0000,3769.6000,3770.4000,3772.4000,3772.8000,3773.8000,1,1,4,1,10,1,3,1,1,1
SF,IF2007,2020-05-27 13:00:35.200,3769.2000,8169,0,2171609580.000,0,-,-,-,-,3768.8000,3768.6000,3768.4000,3768.2000,3765.0000,3770.4000,3772.4000,3772.8000,3773.8000,3774.8000,1,1,4,1,10,3,1,1,1,1
SF,IF2007,2020-05-27 13:00:35.700,3769.2000,8169,0,2171609580.000,0,-,-,-,-,3768.8000,3768.6000,3768.4000,3768.2000,3765.0000,3770.0000,3770.2000,3770.4000,3772.4000,3772.8000,1,1,3,1,10,1,1,3,1,1
SF,IF2007,2020-05-27 13:00:36.200,3769.2000,8169,0,2171609580.000,0,-,-,-,-,3769.6000,3768.8000,3768.6000,3768.4000,3768.2000,3770.0000,3770.2000,3770.4000,3772.4000,3772.8000,1,1,1,3,1,1,1,3,1,1
SF,IF2007,2020-05-27 13:00:36.700,3769.6000,8168,-1,2172740460.000,1,0,1,双平,S,3768.8000,3768.6000,3768.4000,3768.2000,3765.0000,3770.2000,3770.4000,3772.4000,3772.8000,3773.8000,1,1,2,1,10,1,3,1,1,1
SF,IF2007,2020-05-27 13:00:37.200,3769.6000,8168,0,2172740460.000,0,-,-,-,-,3768.8000,3768.6000,3768.4000,3768.2000,3765.0000,3770.0000,3770.2000,3770.4000,3772.4000,3772.8000,1,1,2,1,10,1,1,3,1,1
SF,IF2007,2020-05-27 13:00:39.200,3770.0000,8168,0,2173871460.000,1,0,1,多换,S,3768.8000,3768.6000,3768.4000,3768.2000,3765.0000,3770.2000,3770.4000,3772.4000,3772.8000,3773.8000,1,1,2,1,10,1,3,1,1,1
SF,IF2007,2020-05-27 13:00:39.700,3770.0000,8168,0,2173871460.000,0,-,-,-,-,3769.0000,3768.8000,3768.6000,3768.4000,3768.2000,3770.2000,3770.4000,3772.4000,3772.8000,3773.8000,2,1,1,2,1,1,3,1,1,1
SF,IF2007,2020-05-27 13:00:41.200,3770.0000,8168,0,2173871460.000,0,-,-,-,-,3769.0000,3768.6000,3768.4000,3768.2000,3765.0000,3770.0000,3770.2000,3770.4000,3772.4000,3772.8000,2,1,2,1,10,1,1,3,1,1
SF,IF2007,2020-05-27 13:00:41.700,3770.0000,8168,0,2173871460.000,0,-,-,-,-,3769.0000,3768.6000,3768.4000,3768.2000,3765.0000,3769.8000,3770.0000,3770.4000,3772.4000,3772.8000,2,1,2,1,10,1,1,3,1,1
SF,IF2007,2020-05-27 13:00:42.200,3769.0000,8168,0,2175002160.000,1,0,1,多换,S,3768.2000,3765.0000,3763.8000,3761.0000,3760.0000,3769.8000,3770.4000,3772.4000,3772.8000,3773.8000,1,5,1,7,6,1,3,1,1,1
SF,IF2007,2020-05-27 13:00:42.700,3769.0000,8168,0,2175002160.000,0,-,-,-,-,3768.2000,3765.0000,3763.8000,3761.0000,3760.0000,3769.4000,3769.6000,3770.4000,3772.4000,3772.8000,1,5,1,7,6,1,1,3,1,1
SF,IF2007,2020-05-27 13:00:43.200,3769.0000,8168,0,2175002160.000,0,-,-,-,-,3768.2000,3765.0000,3763.8000,3761.0000,3760.0000,3769.0000,3769.2000,3770.4000,3772.4000,3772.8000,1,5,1,7,6,1,1,3,1,1
SF,IF2007,2020-05-27 13:00:43.700,3769.0000,8168,0,2175002160.000,0,-,-,-,-,3768.2000,3765.0000,3763.8000,3761.0000,3760.0000,3769.0000,3769.2000,3770.0000,3770.4000,3772.4000,1,5,1,7,6,1,1,1,3,1
SF,IF2007,2020-05-27 13:00:45.200,3768.2000,8169,1,2176132620.000,1,1,0,双开,S,3765.0000,3763.8000,3761.0000,3760.0000,3759.8000,3769.0000,3769.2000,3770.0000,3770.4000,3772.4000,5,1,7,6,2,1,1,1,3,1
SF,IF2007,2020-05-27 13:00:45.700,3768.2000,8169,0,2176132620.000,0,-,-,-,-,3767.2000,3767.0000,3766.8000,3766.4000,3766.2000,3768.6000,3770.0000,3770.4000,3772.4000,3772.8000,2,1,2,1,3,2,1,3,1,1
SF,IF2007,2020-05-27 13:00:46.200,3768.2000,8169,0,2176132620.000,0,-,-,-,-,3767.2000,3766.8000,3766.4000,3766.2000,3766.0000,3768.2000,3768.6000,3770.0000,3770.4000,3772.4000,2,2,1,2,1,1,2,1,3,1
SF,IF2007,2020-05-27 13:00:46.700,3768.2000,8169,0,2176132620.000,0,-,-,-,-,3767.2000,3766.8000,3766.0000,3765.2000,3765.0000,3768.2000,3768.6000,3770.0000,3770.4000,3772.4000,2,2,1,3,5,1,1,1,3,1
SF,IF2007,2020-05-27 13:00:48.200,3768.2000,8169,0,2176132620.000,0,-,-,-,-,3767.2000,3766.8000,3766.0000,3765.2000,3765.0000,3768.2000,3768.6000,3770.0000,3770.4000,3772.4000,2,1,1,3,5,1,1,1,3,1
SF,IF2007,2020-05-27 13:00:48.700,3768.2000,8169,0,2176132620.000,0,-,-,-,-,3767.2000,3766.8000,3766.0000,3765.2000,3765.0000,3768.2000,3768.6000,3770.0000,3770.4000,3772.4000,2,1,1,3,5,1,1,1,3,1
SF,IF2007,2020-05-27 13:00:49.700,3768.2000,8169,0,2176132620.000,0,-,-,-,-,3767.2000,3766.8000,3766.0000,3765.2000,3765.0000,3768.2000,3768.6000,3770.0000,3770.4000,3772.4000,2,1,1,3,5,3,1,1,3,1
SF,IF2007,2020-05-27 13:00:51.700,3768.2000,8169,0,2176132620.000,0,-,-,-,-,3767.2000,3766.8000,3766.0000,3765.2000,3765.0000,3768.0000,3768.2000,3770.4000,3772.4000,3772.8000,1,1,1,3,5,1,3,3,1,1
SF,IF2007,2020-05-27 13:00:53.700,3768.2000,8169,0,2176132620.000,0,-,-,-,-,3767.2000,3766.8000,3766.0000,3765.8000,3765.2000,3768.0000,3768.2000,3770.4000,3772.4000,3772.8000,1,1,1,1,3,1,3,3,1,1
SF,IF2007,2020-05-27 13:00:55.700,3768.2000,8170,1,2178393540.000,2,1,1,空开,S,3767.2000,3766.8000,3766.0000,3765.8000,3765.2000,3768.2000,3770.4000,3772.4000,3772.8000,3773.8000,1,1,1,1,3,2,3,1,1,1
SF,IF2007,2020-05-27 13:00:56.200,3768.2000,8170,0,2178393540.000,0,-,-,-,-,3767.6000,3767.2000,3766.8000,3766.0000,3765.8000,3768.2000,3770.4000,3772.4000,3772.8000,3773.8000,1,1,1,1,1,2,3,1,1,1
SF,IF2007,2020-05-27 13:00:56.700,3768.2000,8170,0,2178393540.000,0,-,-,-,-,3767.6000,3766.0000,3765.8000,3765.2000,3765.0000,3768.2000,3770.4000,3772.4000,3772.8000,3773.8000,1,1,1,3,5,2,3,1,1,1
SF,IF2007,2020-05-27 13:00:58.700,3768.2000,8172,2,2180654460.000,2,2,0,双开,S,3767.6000,3766.0000,3765.8000,3765.2000,3765.0000,3770.4000,3772.4000,3772.8000,3773.8000,3774.8000,1,1,1,3,5,3,1,1,1,1
SF,IF2007,2020-05-27 13:00:59.200,3768.2000,8172,0,2180654460.000,0,-,-,-,-,3768.0000,3767.8000,3765.8000,3765.2000,3765.0000,3769.0000,3769.6000,3769.8000,3770.0000,3770.2000,1,2,1,3,5,1,1,1,3,3
SF,IF2007,2020-05-27 13:00:59.700,3768.2000,8172,0,2180654460.000,0,-,-,-,-,3768.0000,3767.8000,3765.8000,3765.2000,3765.0000,3769.0000,3769.6000,3770.0000,3770.2000,3770.4000,1,1,1,3,5,1,1,2,3,4
SF,IF2007,2020-05-27 13:01:02.200,3768.2000,8172,0,2180654460.000,0,-,-,-,-,3768.0000,3767.8000,3765.8000,3765.2000,3765.0000,3769.0000,3769.6000,3770.0000,3770.2000,3770.4000,1,1,1,3,5,1,1,2,3,1
SF,IF2007,2020-05-27 13:01:03.200,3768.2000,8172,0,2180654460.000,0,-,-,-,-,3768.0000,3767.8000,3765.8000,3765.2000,3765.0000,3769.0000,3769.6000,3770.0000,3770.2000,3772.8000,1,1,1,3,5,2,1,2,3,1
SF,IF2007,2020-05-27 13:01:03.700,3768.2000,8172,0,2180654460.000,0,-,-,-,-,3768.0000,3767.8000,3765.8000,3765.2000,3765.0000,3769.0000,3769.6000,3770.0000,3770.2000,3773.8000,1,1,1,3,5,2,1,2,3,1
SF,IF2007,2020-05-27 13:01:04.200,3768.2000,8172,0,2180654460.000,0,-,-,-,-,3768.0000,3765.8000,3765.2000,3765.0000,3763.8000,3769.0000,3769.6000,3770.0000,3770.2000,3773.8000,1,1,3,5,1,2,1,2,3,1
SF,IF2007,2020-05-27 13:01:04.700,3768.2000,8172,0,2180654460.000,0,-,-,-,-,3768.0000,3765.8000,3765.2000,3765.0000,3763.8000,3768.8000,3769.0000,3769.6000,3770.0000,3770.2000,1,1,3,5,1,1,2,1,2,3
SF,IF2007,2020-05-27 13:01:05.200,3768.2000,8172,0,2181784920.000,1,0,1,多换,S,3768.0000,3765.8000,3765.2000,3765.0000,3763.8000,3768.8000,3769.0000,3769.6000,3770.0000,3770.2000,1,1,3,5,1,1,2,1,2,3
SF,IF2007,2020-05-27 13:01:05.700,3768.2000,8172,0,2181784920.000,0,-,-,-,-,3768.0000,3765.8000,3765.2000,3765.0000,3763.8000,3768.8000,3769.0000,3769.6000,3770.0000,3770.2000,1,1,3,5,1,1,2,1,2,2
SF,IF2007,2020-05-27 13:01:06.700,3768.2000,8172,0,2181784920.000,0,-,-,-,-,3768.0000,3765.8000,3765.2000,3765.0000,3763.8000,3768.8000,3769.0000,3769.6000,3770.0000,3770.2000,1,1,3,5,1,2,2,1,2,2
SF,IF2007,2020-05-27 13:01:07.200,3768.0000,8173,1,2182915320.000,1,1,0,双开,S,3765.8000,3765.2000,3765.0000,3763.8000,3761.0000,3768.8000,3769.0000,3769.6000,3770.0000,3770.2000,1,3,5,1,7,3,1,1,2,2
SF,IF2007,2020-05-27 13:01:07.700,3768.0000,8173,0,2182915320.000,0,-,-,-,-,3767.6000,3767.2000,3767.0000,3766.8000,3766.6000,3768.6000,3768.8000,3769.6000,3770.0000,3770.2000,1,1,2,1,1,3,3,1,2,2
SF,IF2007,2020-05-27 13:01:08.200,3768.0000,8173,0,2182915320.000,0,-,-,-,-,3767.6000,3767.0000,3766.8000,3766.6000,3766.0000,3768.8000,3769.6000,3770.0000,3770.2000,3773.8000,1,1,1,1,2,3,1,2,2,1
SF,IF2007,2020-05-27 13:01:09.700,3767.6000,8173,0,2184045600.000,1,0,1,多换,S,3767.0000,3766.8000,3766.6000,3766.0000,3765.8000,3768.8000,3769.6000,3770.0000,3770.2000,3773.8000,1,1,1,2,1,3,1,2,2,1
SF,IF2007,2020-05-27 13:01:10.200,3767.6000,8173,0,2184045600.000,0,-,-,-,-,3767.4000,3767.2000,3767.0000,3766.8000,3766.6000,3768.6000,3768.8000,3769.6000,3770.0000,3770.2000,1,1,1,1,1,1,3,1,2,2
SF,IF2007,2020-05-27 13:01:10.700,3767.6000,8173,0,2184045600.000,0,-,-,-,-,3767.8000,3767.4000,3767.2000,3767.0000,3766.8000,3768.6000,3768.8000,3769.6000,3770.0000,3770.2000,1,1,1,1,1,1,3,1,2,2
SF,IF2007,2020-05-27 13:01:11.200,3767.8000,8172,-1,2185175940.000,1,0,1,双平,S,3767.4000,3767.0000,3766.8000,3766.6000,3766.0000,3768.6000,3768.8000,3769.6000,3770.0000,3770.2000,1,1,1,1,2,1,3,1,2,2
SF,IF2007,2020-05-27 13:01:12.200,3767.8000,8172,0,2185175940.000,0,-,-,-,-,3767.6000,3767.4000,3767.0000,3766.8000,3766.6000,3768.6000,3768.8000,3769.6000,3770.0000,3770.2000,1,1,1,1,1,1,3,1,2,2
SF,IF2007,2020-05-27 13:01:16.700,3767.8000,8172,0,2185175940.000,0,-,-,-,-,3767.6000,3767.4000,3767.0000,3766.8000,3766.6000,3768.6000,3768.8000,3769.6000,3770.0000,3770.2000,1,1,1,1,1,1,2,1,2,2
SF,IF2007,2020-05-27 13:01:17.700,3767.8000,8172,0,2185175940.000,0,-,-,-,-,3767.4000,3767.0000,3766.8000,3766.6000,3766.0000,3768.6000,3768.8000,3769.6000,3770.0000,3770.2000,1,1,1,1,2,1,2,1,2,2
SF,IF2007,2020-05-27 13:01:18.700,3767.8000,8172,0,2185175940.000,0,-,-,-,-,3767.4000,3767.0000,3766.8000,3766.6000,3766.0000,3768.4000,3768.6000,3768.8000,3769.6000,3770.0000,1,1,1,1,2,1,1,2,1,2
SF,IF2007,2020-05-27 13:01:19.200,3767.8000,8172,0,2185175940.000,0,-,-,-,-,3765.8000,3765.2000,3765.0000,3763.8000,3761.0000,3768.4000,3768.6000,3768.8000,3769.6000,3770.0000,1,3,5,1,7,1,1,2,1,2
SF,IF2007,2020-05-27 13:01:19.700,3767.8000,8172,0,2185175940.000,0,-,-,-,-,3767.0000,3766.8000,3766.6000,3766.0000,3765.8000,3768.2000,3768.4000,3768.8000,3769.6000,3770.0000,1,2,1,2,1,2,1,2,1,2
SF,IF2007,2020-05-27 13:01:20.200,3767.8000,8172,0,2185175940.000,0,-,-,-,-,3767.2000,3767.0000,3766.8000,3766.0000,3765.8000,3768.2000,3768.4000,3768.8000,3769.6000,3770.0000,1,1,1,2,1,1,1,2,1,2
SF,IF2007,2020-05-27 13:01:20.700,3767.8000,8172,0,2185175940.000,0,-,-,-,-,3767.2000,3767.0000,3766.8000,3766.0000,3765.8000,3768.4000,3768.8000,3769.6000,3770.0000,3770.2000,1,1,1,2,1,1,2,1,2,2
SF,IF2007,2020-05-27 13:01:21.700,3767.8000,8172,0,2185175940.000,0,-,-,-,-,3768.2000,3767.2000,3767.0000,3766.8000,3766.0000,3768.4000,3768.8000,3769.6000,3770.0000,3770.2000,1,1,1,1,2,1,2,1,2,2
SF,IF2007,2020-05-27 13:01:22.200,3768.2000,8172,0,2186306400.000,1,0,1,多换,S,3767.2000,3767.0000,3766.8000,3766.0000,3765.8000,3768.4000,3768.8000,3769.6000,3770.0000,3770.2000,1,1,1,1,1,1,2,1,2,2
SF,IF2007,2020-05-27 13:01:24.200,3767.2000,8172,0,2187436560.000,1,0,1,多换,S,3767.0000,3766.8000,3766.0000,3765.8000,3765.2000,3768.2000,3768.4000,3768.8000,3769.6000,3770.0000,1,1,1,1,3,1,1,2,1,2
SF,IF2007,2020-05-27 13:01:24.700,3767.2000,8172,0,2187436560.000,0,-,-,-,-,3766.0000,3765.8000,3765.2000,3765.0000,3763.8000,3768.2000,3768.4000,3768.8000,3769.6000,3770.0000,1,1,3,5,1,1,1,2,1,2
SF,IF2007,2020-05-27 13:01:25.200,3767.2000,8172,0,2187436560.000,0,-,-,-,-,3766.6000,3766.4000,3766.0000,3765.8000,3765.2000,3768.0000,3768.2000,3768.4000,3768.8000,3769.6000,1,1,1,1,3,1,1,1,2,1
SF,IF2007,2020-05-27 13:01:25.700,3767.2000,8172,0,2187436560.000,0,-,-,-,-,3766.6000,3766.4000,3766.0000,3765.8000,3765.2000,3768.2000,3768.4000,3768.8000,3769.6000,3770.0000,1,1,1,1,3,1,1,2,1,2
SF,IF2007,2020-05-27 13:01:26.200,3767.2000,8172,0,2187436560.000,0,-,-,-,-,3766.6000,3766.4000,3766.0000,3765.8000,3765.2000,3767.8000,3768.0000,3768.8000,3769.6000,3770.0000,1,1,1,1,3,2,1,2,1,2
SF,IF2007,2020-05-27 13:01:26.700,3767.2000,8172,0,2187436560.000,0,-,-,-,-,3766.6000,3766.4000,3765.8000,3765.2000,3765.0000,3767.8000,3768.0000,3768.8000,3769.6000,3770.0000,1,1,1,3,5,2,1,2,1,2
SF,IF2007,2020-05-27 13:01:29.200,3767.2000,8172,0,2187436560.000,0,-,-,-,-,3766.6000,3766.4000,3765.8000,3765.2000,3765.0000,3767.8000,3768.0000,3768.8000,3769.6000,3770.0000,1,1,1,3,5,2,1,1,1,2
SF,IF2007,2020-05-27 13:01:29.700,3767.2000,8172,0,2187436560.000,0,-,-,-,-,3766.6000,3766.4000,3765.8000,3765.2000,3765.0000,3767.8000,3768.0000,3768.8000,3769.6000,3770.0000,1,1,1,3,5,2,1,1,1,2
SF,IF2007,2020-05-27 13:01:31.200,3767.2000,8172,0,2187436560.000,0,-,-,-,-,3766.8000,3766.6000,3766.4000,3765.8000,3765.2000,3767.8000,3768.0000,3768.8000,3769.6000,3770.0000,2,1,1,1,3,2,1,1,1,2
SF,IF2007,2020-05-27 13:01:31.700,3767.2000,8172,0,2187436560.000,0,-,-,-,-,3766.8000,3766.6000,3766.4000,3765.8000,3765.2000,3767.2000,3767.8000,3768.0000,3768.8000,3769.6000,2,1,1,1,3,2,2,1,1,1
SF,IF2007,2020-05-27 13:01:32.200,3767.2000,8174,2,2189696880.000,2,2,0,双开,S,3766.8000,3766.6000,3766.4000,3765.8000,3765.2000,3767.8000,3768.0000,3768.8000,3769.6000,3770.0000,2,1,1,1,3,2,1,1,1,2
SF,IF2007,2020-05-27 13:01:33.200,3767.2000,8174,0,2189696880.000,0,-,-,-,-,3766.6000,3766.4000,3765.8000,3765.2000,3765.0000,3767.8000,3768.0000,3768.8000,3769.6000,3770.0000,1,1,1,3,5,2,1,1,1,2
SF,IF2007,2020-05-27 13:01:34.200,3767.8000,8173,-1,2190827220.000,1,0,1,双平,S,3766.6000,3766.4000,3765.8000,3765.2000,3765.0000,3767.8000,3768.0000,3768.8000,3769.6000,3770.0000,1,1,1,3,5,1,1,1,1,2
SF,IF2007,2020-05-27 13:01:34.700,3767.8000,8173,0,2190827220.000,0,-,-,-,-,3766.8000,3766.6000,3766.4000,3765.8000,3765.2000,3767.8000,3768.0000,3768.8000,3769.6000,3770.0000,1,1,1,1,3,1,1,1,1,2
SF,IF2007,2020-05-27 13:01:35.200,3767.8000,8173,0,2190827220.000,0,-,-,-,-,3766.8000,3766.6000,3766.4000,3765.8000,3765.2000,3767.8000,3768.0000,3768.8000,3769.6000,3770.0000,1,1,1,1,3,1,1,1,1,2
SF,IF2007,2020-05-27 13:01:35.700,3767.8000,8173,0,2190827220.000,0,-,-,-,-,3767.0000,3766.8000,3766.4000,3765.8000,3765.2000,3767.8000,3768.0000,3768.8000,3769.6000,3770.0000,1,1,1,1,3,1,1,1,1,2
SF,IF2007,2020-05-27 13:01:36.200,3767.8000,8173,0,2190827220.000,0,-,-,-,-,3767.0000,3766.8000,3766.4000,3765.8000,3765.2000,3767.8000,3768.8000,3769.6000,3770.0000,3770.2000,1,1,1,1,3,1,1,1,2,2
SF,IF2007,2020-05-27 13:01:37.200,3767.8000,8173,0,2191957560.000,1,0,1,多换,S,3767.0000,3766.8000,3766.4000,3765.8000,3765.2000,3768.8000,3769.6000,3770.0000,3770.2000,3773.8000,1,1,1,1,3,1,1,2,2,1
SF,IF2007,2020-05-27 13:01:37.700,3767.8000,8173,0,2191957560.000,0,-,-,-,-,3767.2000,3767.0000,3766.8000,3766.4000,3765.8000,3768.4000,3768.6000,3768.8000,3769.6000,3770.0000,1,1,1,1,1,1,1,2,1,2
SF,IF2007,2020-05-27 13:01:38.200,3767.8000,8173,0,2191957560.000,0,-,-,-,-,3767.2000,3767.0000,3766.8000,3766.4000,3765.8000,3768.4000,3768.6000,3768.8000,3769.6000,3770.0000,1,1,1,1,1,1,1,2,1,2
SF,IF2007,2020-05-27 13:01:38.700,3768.4000,8173,0,2193088080.000,1,0,1,多换,S,3767.4000,3767.2000,3766.8000,3766.4000,3765.8000,3768.6000,3768.8000,3769.6000,3770.0000,3770.2000,2,1,1,1,1,1,2,1,2,2
SF,IF2007,2020-05-27 13:01:39.700,3768.4000,8173,0,2193088080.000,0,-,-,-,-,3767.6000,3767.4000,3766.8000,3766.4000,3765.8000,3768.6000,3768.8000,3769.6000,3770.0000,3770.2000,1,2,1,1,1,1,2,1,2,2
SF,IF2007,2020-05-27 13:01:40.200,3768.4000,8173,0,2193088080.000,0,-,-,-,-,3767.6000,3767.4000,3766.8000,3766.4000,3765.8000,3768.8000,3769.6000,3770.0000,3770.2000,3773.8000,1,2,1,1,1,2,1,2,2,1
SF,IF2007,2020-05-27 13:01:40.700,3768.4000,8173,0,2193088080.000,0,-,-,-,-,3767.6000,3767.4000,3766.4000,3765.8000,3765.2000,3768.8000,3769.6000,3770.0000,3770.2000,3773.8000,1,2,1,1,3,2,1,2,2,1
SF,IF2007,2020-05-27 13:01:41.200,3768.4000,8173,0,2193088080.000,0,-,-,-,-,3767.8000,3767.6000,3766.4000,3765.8000,3765.2000,3768.8000,3769.6000,3770.0000,3770.2000,3773.8000,1,1,1,1,3,2,1,2,2,1
SF,IF2007,2020-05-27 13:01:41.700,3768.8000,8174,1,2194218720.000,1,1,0,双开,S,3767.8000,3767.6000,3766.4000,3765.8000,3765.2000,3769.6000,3770.0000,3770.2000,3773.8000,3775.0000,1,1,1,1,3,1,2,2,1,2
SF,IF2007,2020-05-27 13:01:42.200,3768.8000,8174,0,2194218720.000,0,-,-,-,-,3768.0000,3767.8000,3766.4000,3765.8000,3765.2000,3769.4000,3769.6000,3770.0000,3770.2000,3773.8000,1,1,1,1,3,1,2,2,2,1
SF,IF2007,2020-05-27 13:01:42.700,3768.8000,8174,0,2194218720.000,0,-,-,-,-,3768.0000,3767.8000,3766.4000,3765.8000,3765.2000,3769.2000,3769.4000,3769.6000,3770.0000,3770.2000,1,1,1,1,3,1,1,2,2,2
SF,IF2007,2020-05-27 13:01:48.200,3768.8000,8174,0,2194218720.000,0,-,-,-,-,3768.0000,3767.8000,3766.4000,3765.8000,3765.2000,3769.0000,3769.2000,3769.6000,3770.0000,3770.2000,1,1,1,1,3,1,1,2,2,2
SF,IF2007,2020-05-27 13:01:54.700,3768.8000,8174,0,2194218720.000,0,-,-,-,-,3768.0000,3767.8000,3766.4000,3765.8000,3765.2000,3768.4000,3769.0000,3769.2000,3769.6000,3770.0000,1,1,1,1,3,1,1,1,2,2
SF,IF2007,2020-05-27 13:01:57.700,3768.8000,8174,0,2194218720.000,0,-,-,-,-,3768.2000,3768.0000,3767.8000,3766.4000,3765.8000,3768.4000,3769.0000,3769.2000,3769.6000,3770.0000,1,1,1,1,1,1,1,1,2,2
SF,IF2007,2020-05-27 13:02:00.200,3768.2000,8174,0,2195349180.000,1,0,1,多换,S,3768.0000,3767.8000,3766.4000,3765.8000,3765.2000,3768.4000,3769.0000,3769.2000,3769.6000,3770.0000,1,1,1,1,3,1,1,1,2,2
SF,IF2007,2020-05-27 13:02:00.700,3768.0000,8173,-1,2196479580.000,1,0,1,双平,S,3767.8000,3766.4000,3765.8000,3765.2000,3765.0000,3768.4000,3769.0000,3769.2000,3769.6000,3770.0000,1,1,1,3,5,1,1,1,2,2
SF,IF2007,2020-05-27 13:02:01.200,3768.0000,8173,0,2196479580.000,0,-,-,-,-,3768.2000,3768.0000,3767.8000,3766.4000,3765.8000,3768.4000,3769.0000,3769.6000,3770.0000,3770.2000,1,1,1,1,1,1,1,2,2,2
SF,IF2007,2020-05-27 13:02:01.700,3768.2000,8173,0,2198740560.000,2,1,1,多换,S,3768.0000,3767.8000,3766.4000,3765.8000,3765.2000,3769.0000,3769.6000,3770.0000,3770.2000,3773.8000,1,1,1,1,3,1,2,2,2,1
SF,IF2007,2020-05-27 13:02:02.200,3768.2000,8173,0,2198740560.000,0,-,-,-,-,3767.8000,3766.4000,3765.8000,3765.2000,3765.0000,3769.0000,3769.6000,3770.0000,3770.2000,3773.8000,1,1,1,3,5,1,2,2,2,1
SF,IF2007,2020-05-27 13:02:03.200,3768.2000,8173,0,2198740560.000,0,-,-,-,-,3767.8000,3766.4000,3765.8000,3765.2000,3765.0000,3768.8000,3769.0000,3769.6000,3770.0000,3770.2000,1,1,1,3,5,1,1,2,2,2
SF,IF2007,2020-05-27 13:02:03.700,3767.8000,8174,1,2199870900.000,1,1,0,双开,S,3766.4000,3765.8000,3765.2000,3765.0000,3763.8000,3767.8000,3768.2000,3768.6000,3768.8000,3769.6000,1,1,3,5,1,1,1,1,1,2
SF,IF2007,2020-05-27 13:02:04.200,3766.8000,8174,0,2201000940.000,1,0,1,多换,S,3766.8000,3766.4000,3765.8000,3765.2000,3765.0000,3767.6000,3768.8000,3769.6000,3770.0000,3770.2000,1,1,1,3,5,1,1,2,2,2
SF,IF2007,2020-05-27 13:02:04.700,3766.8000,8174,0,2201000940.000,0,-,-,-,-,3767.0000,3766.8000,3766.4000,3765.8000,3765.2000,3767.6000,3768.8000,3769.6000,3770.0000,3770.2000,1,1,1,1,3,1,1,2,2,2
SF,IF2007,2020-05-27 13:02:05.700,3766.8000,8174,0,2201000940.000,0,-,-,-,-,3767.0000,3766.8000,3766.4000,3765.8000,3765.2000,3767.6000,3768.8000,3769.6000,3770.0000,3770.2000,1,2,1,1,3,1,1,2,2,2
SF,IF2007,2020-05-27 13:02:06.200,3766.8000,8174,0,2201000940.000,0,-,-,-,-,3767.0000,3766.8000,3766.4000,3765.8000,3765.2000,3767.6000,3768.8000,3769.6000,3770.0000,3770.2000,1,2,1,1,3,1,1,2,2,2
SF,IF2007,2020-05-27 13:02:10.200,3766.8000,8174,0,2201000940.000,0,-,-,-,-,3766.8000,3766.4000,3765.8000,3765.2000,3765.0000,3767.6000,3768.8000,3769.6000,3770.0000,3770.2000,2,1,1,3,5,1,1,2,2,2
SF,IF2007,2020-05-27 13:02:12.200,3766.8000,8174,0,2201000940.000,0,-,-,-,-,3767.0000,3766.8000,3766.4000,3765.8000,3765.2000,3767.6000,3768.8000,3769.6000,3770.0000,3770.2000,1,2,1,1,3,1,1,2,2,2
SF,IF2007,2020-05-27 13:02:12.700,3767.0000,8174,0,2202131040.000,1,0,1,多换,S,3766.8000,3766.4000,3765.8000,3765.2000,3765.0000,3767.6000,3768.8000,3769.6000,3770.0000,3770.2000,2,1,1,3,5,1,1,2,2,2
SF,IF2007,2020-05-27 13:02:13.200,3767.0000,8174,0,2202131040.000,0,-,-,-,-,3767.2000,3766.8000,3766.4000,3765.8000,3765.2000,3767.6000,3768.8000,3769.6000,3770.0000,3770.2000,1,2,1,1,3,1,1,2,2,2
SF,IF2007,2020-05-27 13:02:20.200,3767.2000,8175,1,2203261200.000,1,1,0,双开,S,3766.8000,3766.4000,3765.8000,3765.2000,3765.0000,3767.6000,3768.8000,3769.6000,3770.0000,3770.2000,2,1,1,3,5,1,1,2,2,2
SF,IF2007,2020-05-27 13:02:20.700,3767.2000,8175,0,2203261200.000,0,-,-,-,-,3766.8000,3766.4000,3765.8000,3765.2000,3765.0000,3767.6000,3768.8000,3769.6000,3770.0000,3770.2000,1,1,1,3,5,1,1,2,2,2
SF,IF2007,2020-05-27 13:02:21.200,3767.2000,8175,0,2203261200.000,0,-,-,-,-,3766.4000,3765.8000,3765.2000,3765.0000,3763.8000,3767.2000,3768.8000,3769.6000,3770.0000,3770.2000,1,1,3,5,1,1,1,2,2,2
SF,IF2007,2020-05-27 13:02:28.700,3767.2000,8175,0,2203261200.000,0,-,-,-,-,3766.4000,3765.8000,3765.2000,3765.0000,3763.8000,3766.8000,3768.8000,3769.6000,3770.0000,3770.2000,1,1,3,5,1,1,1,2,2,2
SF,IF2007,2020-05-27 13:02:29.200,3766.4000,8175,0,2204391120.000,1,0,1,多换,S,3765.8000,3765.2000,3765.0000,3763.8000,3761.0000,3766.8000,3768.8000,3769.6000,3770.0000,3770.2000,1,3,5,1,7,1,1,2,2,2
SF,IF2007,2020-05-27 13:02:29.700,3766.4000,8175,0,2204391120.000,0,-,-,-,-,3765.8000,3765.2000,3765.0000,3763.8000,3761.0000,3766.8000,3768.8000,3769.6000,3770.0000,3770.2000,1,2,5,1,7,1,1,2,2,2
SF,IF2007,2020-05-27 13:02:30.200,3766.4000,8175,0,2204391120.000,0,-,-,-,-,3766.0000,3765.8000,3765.2000,3765.0000,3763.8000,3766.8000,3768.8000,3769.6000,3770.0000,3770.2000,1,1,2,5,1,1,1,2,2,2
SF,IF2007,2020-05-27 13:02:31.200,3766.4000,8175,0,2204391120.000,0,-,-,-,-,3766.2000,3766.0000,3765.8000,3765.2000,3765.0000,3766.8000,3768.8000,3769.6000,3770.0000,3770.2000,1,1,1,2,5,1,1,2,2,2
SF,IF2007,2020-05-27 13:02:32.200,3766.4000,8175,0,2204391120.000,0,-,-,-,-,3766.0000,3765.8000,3765.2000,3765.0000,3763.8000,3766.8000,3768.8000,3769.6000,3770.0000,3770.2000,1,1,2,5,1,1,1,2,2,2
SF,IF2007,2020-05-27 13:02:35.700,3766.4000,8175,0,2204391120.000,0,-,-,-,-,3766.0000,3765.8000,3765.2000,3765.0000,3763.8000,3766.8000,3768.8000,3769.6000,3770.0000,3770.2000,2,1,2,5,1,1,1,2,2,2
SF,IF2007,2020-05-27 13:02:37.200,3766.8000,8176,1,2205521160.000,1,1,0,双开,S,3766.8000,3766.2000,3766.0000,3765.8000,3765.2000,3768.8000,3769.6000,3770.0000,3770.2000,3773.8000,1,1,2,1,2,1,2,2,2,1
SF,IF2007,2020-05-27 13:02:37.700,3766.8000,8176,0,2205521160.000,0,-,-,-,-,3766.0000,3765.8000,3765.2000,3765.0000,3763.8000,3767.8000,3768.0000,3768.4000,3768.6000,3768.8000,2,1,2,5,1,1,1,2,2,2
SF,IF2007,2020-05-27 13:02:38.200,3766.8000,8176,0,2205521160.000,0,-,-,-,-,3766.4000,3766.2000,3766.0000,3765.8000,3765.2000,3767.8000,3768.0000,3768.4000,3768.6000,3768.8000,1,1,2,1,2,1,1,1,1,2
SF,IF2007,2020-05-27 13:02:39.200,3766.8000,8176,0,2205521160.000,0,-,-,-,-,3766.6000,3766.4000,3766.2000,3766.0000,3765.8000,3767.8000,3768.0000,3768.6000,3768.8000,3769.6000,1,1,1,2,1,1,1,1,2,1
SF,IF2007,2020-05-27 13:02:40.200,3766.8000,8176,0,2205521160.000,0,-,-,-,-,3766.8000,3766.0000,3765.8000,3765.2000,3765.0000,3767.8000,3768.0000,3768.6000,3768.8000,3769.6000,1,2,1,2,5,1,1,1,2,1
SF,IF2007,2020-05-27 13:02:40.700,3766.8000,8176,0,2206651200.000,1,0,1,多换,S,3766.0000,3765.8000,3765.2000,3765.0000,3763.8000,3767.6000,3767.8000,3768.6000,3768.8000,3769.6000,2,1,2,5,1,1,1,1,2,1
SF,IF2007,2020-05-27 13:02:41.200,3766.8000,8176,0,2206651200.000,0,-,-,-,-,3766.4000,3766.0000,3765.8000,3765.2000,3765.0000,3767.6000,3767.8000,3768.6000,3768.8000,3769.6000,4,2,1,2,5,1,1,1,2,1
SF,IF2007,2020-05-27 13:02:41.700,3766.8000,8176,0,2206651200.000,0,-,-,-,-,3766.4000,3766.0000,3765.8000,3765.2000,3765.0000,3767.6000,3767.8000,3768.6000,3768.8000,3769.6000,5,2,1,2,5,1,1,1,2,1
SF,IF2007,2020-05-27 13:02:42.200,3766.8000,8176,0,2206651200.000,0,-,-,-,-,3766.6000,3766.4000,3766.0000,3765.8000,3765.2000,3767.6000,3767.8000,3768.6000,3768.8000,3769.6000,1,4,2,1,2,1,1,1,2,1
SF,IF2007,2020-05-27 13:02:42.700,3766.8000,8176,0,2206651200.000,0,-,-,-,-,3766.6000,3766.4000,3766.0000,3765.8000,3765.2000,3767.6000,3767.8000,3768.6000,3768.8000,3769.6000,2,4,2,1,2,1,1,1,2,1
SF,IF2007,2020-05-27 13:02:46.200,3766.8000,8176,0,2206651200.000,0,-,-,-,-,3766.8000,3766.6000,3766.4000,3766.0000,3765.8000,3767.6000,3767.8000,3768.6000,3768.8000,3769.6000,1,2,4,2,1,1,1,1,2,1
SF,IF2007,2020-05-27 13:02:48.700,3766.8000,8176,0,2207781240.000,1,0,1,多换,S,3766.6000,3766.4000,3766.0000,3765.8000,3765.2000,3767.6000,3767.8000,3768.6000,3768.8000,3769.6000,2,4,2,1,2,1,1,1,2,1
SF,IF2007,2020-05-27 13:02:49.200,3766.8000,8176,0,2207781240.000,0,-,-,-,-,3766.6000,3766.4000,3766.0000,3765.8000,3765.2000,3767.6000,3767.8000,3768.8000,3769.6000,3770.0000,2,4,2,1,2,1,1,2,1,2
SF,IF2007,2020-05-27 13:02:49.700,3766.8000,8176,0,2207781240.000,0,-,-,-,-,3766.6000,3766.4000,3766.0000,3765.8000,3765.2000,3767.6000,3767.8000,3768.8000,3769.6000,3770.0000,2,4,2,1,3,1,1,2,1,2
SF,IF2007,2020-05-27 13:02:50.200,3766.8000,8176,0,2207781240.000,0,-,-,-,-,3766.6000,3766.4000,3766.0000,3765.8000,3765.2000,3767.6000,3767.8000,3768.8000,3769.6000,3770.0000,2,4,2,1,3,1,1,2,1,3
SF,IF2007,2020-05-27 13:02:50.700,3766.8000,8176,0,2207781240.000,0,-,-,-,-,3766.8000,3766.6000,3766.4000,3766.0000,3765.8000,3767.6000,3767.8000,3768.8000,3769.6000,3770.0000,1,1,4,2,1,1,1,2,1,3
SF,IF2007,2020-05-27 13:02:51.200,3766.8000,8176,0,2208911280.000,1,0,1,多换,S,3766.6000,3766.4000,3766.0000,3765.8000,3765.2000,3767.6000,3767.8000,3768.8000,3769.6000,3770.0000,1,4,2,1,3,1,1,2,1,3
SF,IF2007,2020-05-27 13:02:53.200,3767.6000,8177,1,2210041560.000,1,1,0,双开,S,3766.6000,3766.4000,3766.0000,3765.8000,3765.2000,3767.8000,3768.8000,3769.6000,3770.0000,3773.8000,1,4,2,1,3,1,2,1,3,1
SF,IF2007,2020-05-27 13:02:53.700,3767.6000,8177,0,2210041560.000,0,-,-,-,-,3766.8000,3766.6000,3766.4000,3766.0000,3765.8000,3768.8000,3769.6000,3770.0000,3773.8000,3775.0000,2,1,3,2,1,2,1,3,1,2
SF,IF2007,2020-05-27 13:02:54.200,3767.6000,8177,0,2210041560.000,0,-,-,-,-,3767.0000,3766.8000,3766.6000,3766.4000,3766.0000,3768.4000,3768.6000,3768.8000,3769.6000,3770.0000,1,2,1,2,2,2,1,2,1,3
SF,IF2007,2020-05-27 13:02:54.700,3767.6000,8177,0,2210041560.000,0,-,-,-,-,3767.2000,3766.6000,3766.4000,3766.0000,3765.8000,3768.4000,3768.6000,3768.8000,3769.6000,3770.0000,2,1,2,2,1,2,1,2,1,3
SF,IF2007,2020-05-27 13:02:55.200,3767.6000,8177,0,2210041560.000,0,-,-,-,-,3767.4000,3767.2000,3766.6000,3766.4000,3766.0000,3768.4000,3768.6000,3768.8000,3769.6000,3770.0000,1,2,1,2,2,1,1,1,1,3
SF,IF2007,2020-05-27 13:02:55.700,3767.6000,8177,0,2210041560.000,0,-,-,-,-,3767.6000,3767.4000,3767.2000,3766.6000,3766.4000,3768.4000,3768.6000,3768.8000,3769.6000,3770.0000,1,1,1,1,2,1,1,1,1,3
SF,IF2007,2020-05-27 13:02:56.200,3767.6000,8177,0,2210041560.000,0,-,-,-,-,3767.6000,3767.4000,3767.2000,3766.6000,3766.4000,3768.4000,3768.8000,3769.6000,3770.0000,3773.8000,1,1,1,1,2,1,1,1,3,1
SF,IF2007,2020-05-27 13:02:59.200,3767.6000,8178,1,2211171840.000,1,1,0,双开,S,3767.4000,3767.2000,3766.6000,3766.4000,3766.0000,3768.2000,3768.4000,3768.8000,3769.6000,3770.0000,1,1,1,2,2,1,1,1,1,3
SF,IF2007,2020-05-27 13:03:02.700,3768.4000,8177,-1,2213432820.000,2,0,2,多平,S,3767.6000,3766.6000,3766.4000,3766.0000,3765.8000,3768.8000,3769.6000,3770.0000,3773.8000,3775.0000,2,1,2,2,1,1,1,3,1,2
SF,IF2007,2020-05-27 13:03:03.700,3768.4000,8177,0,2213432820.000,0,-,-,-,-,3767.6000,3766.6000,3766.4000,3766.0000,3765.8000,3768.8000,3769.6000,3770.0000,3773.8000,3775.0000,2,1,1,2,1,1,1,3,1,2
SF,IF2007,2020-05-27 13:03:05.200,3768.4000,8177,0,2213432820.000,0,-,-,-,-,3767.8000,3767.6000,3766.6000,3766.4000,3766.0000,3768.8000,3769.6000,3770.0000,3773.8000,3775.0000,1,2,1,1,2,1,1,3,1,2
SF,IF2007,2020-05-27 13:03:05.700,3767.8000,8176,-1,2214563160.000,1,0,1,双平,S,3767.6000,3766.6000,3766.4000,3766.0000,3765.8000,3768.8000,3769.6000,3770.0000,3773.8000,3775.0000,2,1,1,2,1,1,1,3,1,2
SF,IF2007,2020-05-27 13:03:06.200,3767.8000,8176,0,2214563160.000,0,-,-,-,-,3768.2000,3768.0000,3767.8000,3767.6000,3766.4000,3770.0000,3773.8000,3775.0000,3775.8000,3779.8000,1,1,2,2,1,3,1,2,1,1
SF,IF2007,2020-05-27 13:03:06.700,3767.8000,8176,0,2214563160.000,0,-,-,-,-,3768.0000,3767.8000,3767.6000,3766.4000,3766.0000,3769.2000,3769.6000,3773.8000,3775.0000,3775.8000,1,1,1,1,2,1,1,1,2,1
SF,IF2007,2020-05-27 13:03:07.200,3767.8000,8176,0,2214563160.000,0,-,-,-,-,3768.2000,3768.0000,3767.6000,3766.4000,3766.0000,3769.2000,3769.6000,3773.8000,3775.0000,3775.8000,1,1,1,1,2,1,1,1,2,1
SF,IF2007,2020-05-27 13:03:13.700,3767.8000,8176,0,2214563160.000,0,-,-,-,-,3768.2000,3768.0000,3766.4000,3766.0000,3765.8000,3769.2000,3769.6000,3773.8000,3775.0000,3775.8000,1,1,1,2,1,1,1,1,2,1
SF,IF2007,2020-05-27 13:03:14.200,3767.8000,8176,0,2214563160.000,0,-,-,-,-,3768.2000,3768.0000,3766.4000,3766.0000,3765.8000,3769.2000,3769.6000,3773.8000,3775.0000,3775.8000,1,1,1,1,1,1,1,1,2,1
SF,IF2007,2020-05-27 13:03:14.700,3767.8000,8176,0,2214563160.000,0,-,-,-,-,3768.0000,3766.4000,3766.0000,3765.8000,3765.2000,3769.2000,3773.8000,3775.0000,3775.8000,3779.8000,1,1,1,1,3,1,1,2,1,1
SF,IF2007,2020-05-27 13:03:15.200,3767.8000,8176,0,2214563160.000,0,-,-,-,-,3768.0000,3766.4000,3766.0000,3765.8000,3765.2000,3769.0000,3769.2000,3773.8000,3775.0000,3775.8000,1,1,1,1,3,1,1,1,2,1
SF,IF2007,2020-05-27 13:03:15.700,3767.8000,8176,0,2214563160.000,0,-,-,-,-,3766.4000,3766.0000,3765.8000,3765.2000,3765.0000,3769.0000,3769.2000,3773.8000,3775.0000,3775.8000,1,1,1,3,5,1,1,1,2,1
SF,IF2007,2020-05-27 13:03:16.200,3767.8000,8176,0,2214563160.000,0,-,-,-,-,3767.4000,3767.2000,3766.8000,3766.4000,3766.0000,3768.8000,3769.0000,3769.2000,3773.8000,3775.0000,1,1,2,1,1,2,1,1,1,2
SF,IF2007,2020-05-27 13:03:16.700,3767.8000,8176,0,2214563160.000,0,-,-,-,-,3767.4000,3767.2000,3766.8000,3766.4000,3766.0000,3768.8000,3769.0000,3769.2000,3773.8000,3775.0000,1,1,2,1,1,1,1,1,1,2
SF,IF2007,2020-05-27 13:03:18.700,3767.8000,8176,0,2214563160.000,0,-,-,-,-,3767.6000,3767.4000,3766.8000,3766.4000,3766.0000,3768.8000,3769.0000,3769.2000,3773.8000,3775.0000,1,1,2,1,1,1,1,1,1,2
SF,IF2007,2020-05-27 13:03:21.200,3767.8000,8176,0,2214563160.000,0,-,-,-,-,3768.6000,3767.6000,3767.4000,3766.8000,3766.4000,3768.8000,3769.0000,3769.2000,3773.8000,3775.0000,5,1,1,2,1,1,1,1,1,2
SF,IF2007,2020-05-27 13:03:21.700,3768.6000,8178,2,2220216060.000,5,3,2,空开,S,3766.8000,3766.4000,3766.0000,3765.8000,3765.2000,3769.2000,3773.8000,3775.0000,3775.8000,3779.8000,2,1,1,1,3,1,1,2,1,1
SF,IF2007,2020-05-27 13:03:22.200,3768.6000,8178,0,2220216060.000,0,-,-,-,-,3768.0000,3767.6000,3767.4000,3767.0000,3766.8000,3769.0000,3769.2000,3773.8000,3775.0000,3775.8000,1,1,2,1,1,1,1,1,2,1
SF,IF2007,2020-05-27 13:03:22.700,3768.6000,8178,0,2220216060.000,0,-,-,-,-,3768.0000,3767.0000,3766.8000,3766.4000,3766.0000,3769.2000,3773.8000,3775.0000,3775.8000,3779.8000,1,1,1,1,1,1,1,2,1,1
SF,IF2007,2020-05-27 13:03:23.200,3769.2000,8178,0,2221346820.000,1,0,1,多换,S,3768.0000,3767.0000,3766.8000,3766.4000,3766.0000,3773.8000,3775.0000,3775.8000,3779.8000,3780.0000,1,1,1,1,1,1,2,1,1,5
SF,IF2007,2020-05-27 13:03:23.700,3769.2000,8178,0,2221346820.000,0,-,-,-,-,3768.8000,3768.4000,3768.2000,3767.0000,3766.8000,3769.8000,3770.0000,3770.2000,3770.4000,3770.6000,1,1,1,1,1,1,1,1,2,3
SF,IF2007,2020-05-27 13:03:24.200,3769.2000,8178,0,2221346820.000,0,-,-,-,-,3768.8000,3768.4000,3768.2000,3767.0000,3766.8000,3769.6000,3769.8000,3770.0000,3770.2000,3770.4000,1,1,1,1,1,1,1,1,1,2
SF,IF2007,2020-05-27 13:03:24.700,3769.2000,8178,0,2221346820.000,0,-,-,-,-,3768.8000,3768.4000,3768.2000,3767.0000,3766.8000,3769.4000,3769.6000,3769.8000,3770.0000,3770.2000,1,1,1,1,1,1,1,1,1,1
SF,IF2007,2020-05-27 13:03:25.200,3769.2000,8178,0,2221346820.000,0,-,-,-,-,3768.2000,3766.8000,3766.4000,3766.0000,3765.8000,3769.2000,3769.4000,3769.8000,3770.0000,3770.2000,1,1,1,1,1,1,1,1,1,1
SF,IF2007,2020-05-27 13:03:25.700,3769.2000,8178,0,2221346820.000,0,-,-,-,-,3766.8000,3766.4000,3766.0000,3765.8000,3765.2000,3769.2000,3769.4000,3769.8000,3770.0000,3770.2000,1,1,1,1,1,1,1,1,1,1
SF,IF2007,2020-05-27 13:03:26.200,3769.2000,8178,0,2221346820.000,0,-,-,-,-,3767.8000,3767.4000,3766.8000,3766.4000,3766.0000,3769.0000,3769.2000,3769.4000,3769.8000,3770.0000,1,2,1,1,1,1,1,1,1,1
SF,IF2007,2020-05-27 13:03:26.700,3769.2000,8178,0,2221346820.000,0,-,-,-,-,3767.8000,3767.4000,3766.8000,3766.4000,3766.0000,3768.2000,3769.2000,3769.4000,3769.8000,3770.0000,1,2,1,1,1,1,1,1,1,1
SF,IF2007,2020-05-27 13:03:27.200,3768.4000,8179,1,2222477340.000,1,1,0,双开,S,3768.4000,3767.8000,3767.4000,3766.8000,3766.4000,3769.2000,3769.4000,3769.8000,3770.0000,3770.2000,4,1,2,1,1,1,1,1,1,1
SF,IF2007,2020-05-27 13:03:27.700,3768.4000,8179,0,2222477340.000,0,-,-,-,-,3768.4000,3767.8000,3766.8000,3766.4000,3766.0000,3769.2000,3769.4000,3769.8000,3770.0000,3770.2000,4,1,1,1,1,1,1,1,1,1
SF,IF2007,2020-05-27 13:03:29.700,3768.4000,8180,1,2223607860.000,1,1,0,双开,S,3768.4000,3766.8000,3766.4000,3766.0000,3765.8000,3769.2000,3769.4000,3769.8000,3770.0000,3770.2000,3,1,1,1,1,1,1,1,1,1
SF,IF2007,2020-05-27 13:03:31.200,3768.4000,8180,0,2223607860.000,0,-,-,-,-,3768.4000,3766.8000,3766.4000,3766.0000,3765.8000,3769.2000,3769.4000,3769.8000,3770.0000,3770.2000,3,1,1,1,1,1,1,1,1,1
SF,IF2007,2020-05-27 13:03:32.200,3768.4000,8181,1,2224738380.000,1,1,0,双开,S,3768.4000,3766.8000,3766.4000,3766.0000,3765.8000,3769.2000,3769.4000,3769.8000,3770.0000,3770.2000,2,1,1,1,1,1,1,1,1,1
SF,IF2007,2020-05-27 13:03:32.700,3768.4000,8181,0,2225868900.000,1,0,1,多换,S,3768.4000,3766.8000,3766.4000,3766.0000,3765.8000,3769.2000,3769.4000,3769.8000,3770.0000,3770.2000,1,1,1,1,1,1,1,1,1,1
SF,IF2007,2020-05-27 13:03:33.200,3768.4000,8182,1,2226999420.000,1,1,0,双开,S,3766.8000,3766.4000,3766.0000,3765.8000,3765.2000,3769.2000,3769.4000,3769.8000,3770.0000,3770.2000,1,1,1,1,1,1,1,1,1,1
SF,IF2007,2020-05-27 13:03:33.700,3768.4000,8182,0,2226999420.000,0,-,-,-,-,3767.8000,3767.4000,3767.0000,3766.8000,3766.4000,3769.2000,3769.4000,3769.8000,3770.0000,3770.2000,1,2,2,1,1,1,1,1,1,1
SF,IF2007,2020-05-27 13:03:34.200,3768.4000,8182,0,2226999420.000,0,-,-,-,-,3767.8000,3767.4000,3767.0000,3766.8000,3766.4000,3769.2000,3769.4000,3769.8000,3770.0000,3770.2000,1,2,1,1,1,1,1,1,1,1
SF,IF2007,2020-05-27 13:03:34.700,3768.4000,8182,0,2226999420.000,0,-,-,-,-,3768.0000,3767.8000,3767.4000,3767.0000,3766.8000,3769.2000,3769.4000,3769.8000,3770.0000,3770.2000,1,1,1,1,1,1,1,1,1,1
SF,IF2007,2020-05-27 13:03:35.200,3768.4000,8182,0,2226999420.000,0,-,-,-,-,3768.0000,3767.8000,3767.0000,3766.8000,3766.4000,3769.2000,3769.4000,3769.8000,3770.0000,3770.2000,1,1,1,1,1,1,1,1,1,1
SF,IF2007,2020-05-27 13:03:40.200,3768.4000,8182,0,2226999420.000,0,-,-,-,-,3768.0000,3767.8000,3767.0000,3766.8000,3766.4000,3769.0000,3769.2000,3769.4000,3769.8000,3770.0000,1,1,1,1,1,1,1,1,1,1
SF,IF2007,2020-05-27 13:03:41.700,3768.4000,8182,0,2226999420.000,0,-,-,-,-,3768.0000,3767.8000,3767.0000,3766.8000,3766.4000,3768.8000,3769.0000,3769.2000,3769.4000,3769.8000,1,1,1,1,1,2,1,1,1,1
SF,IF2007,2020-05-27 13:03:42.200,3768.4000,8182,0,2226999420.000,0,-,-,-,-,3768.0000,3767.8000,3767.0000,3766.8000,3766.4000,3768.8000,3769.0000,3769.4000,3769.8000,3770.0000,1,1,1,1,1,2,1,1,1,1
SF,IF2007,2020-05-27 13:03:43.200,3768.0000,8182,0,2228129820.000,1,0,1,多换,S,3767.8000,3767.0000,3766.8000,3766.4000,3766.0000,3768.6000,3768.8000,3769.4000,3769.8000,3770.0000,1,1,1,1,1,1,2,1,1,1
SF,IF2007,2020-05-27 13:03:43.700,3767.8000,8182,0,2229260160.000,1,0,1,多换,S,3767.0000,3766.8000,3766.4000,3766.0000,3765.8000,3768.6000,3768.8000,3769.4000,3769.8000,3770.0000,1,1,1,1,1,1,2,1,1,1
SF,IF2007,2020-05-27 13:03:44.200,3767.8000,8182,0,2229260160.000,0,-,-,-,-,3767.2000,3766.4000,3766.0000,3765.8000,3765.2000,3767.8000,3768.2000,3768.4000,3768.6000,3769.4000,1,1,1,1,1,1,2,1,1,1
SF,IF2007,2020-05-27 13:03:44.700,3767.2000,8182,0,2230390320.000,1,0,1,多换,S,3766.0000,3765.8000,3765.2000,3765.0000,3763.8000,3767.8000,3768.2000,3768.6000,3769.4000,3769.8000,1,1,1,5,1,1,1,1,1,1
SF,IF2007,2020-05-27 13:03:45.200,3767.2000,8182,0,2230390320.000,0,-,-,-,-,3766.4000,3766.0000,3765.8000,3765.2000,3765.0000,3767.8000,3768.2000,3768.6000,3769.4000,3769.8000,1,1,1,1,5,1,1,1,1,1
SF,IF2007,2020-05-27 13:03:49.200,3767.2000,8182,0,2230390320.000,0,-,-,-,-,3766.4000,3766.0000,3765.8000,3765.2000,3765.0000,3767.6000,3767.8000,3768.2000,3768.6000,3769.4000,1,1,1,1,5,1,1,1,1,1
SF,IF2007,2020-05-27 13:03:49.700,3767.2000,8182,0,2230390320.000,0,-,-,-,-,3766.4000,3766.0000,3765.8000,3765.2000,3765.0000,3767.6000,3767.8000,3768.6000,3769.4000,3769.8000,1,1,1,1,5,1,1,1,1,1
SF,IF2007,2020-05-27 13:03:57.200,3767.2000,8182,0,2230390320.000,0,-,-,-,-,3766.4000,3766.0000,3765.8000,3765.2000,3765.0000,3767.6000,3767.8000,3768.6000,3769.4000,3769.8000,1,1,1,1,5,1,1,1,1,1
SF,IF2007,2020-05-27 13:04:03.200,3767.2000,8182,0,2230390320.000,0,-,-,-,-,3766.6000,3766.4000,3766.0000,3765.8000,3765.2000,3767.4000,3767.6000,3768.6000,3769.4000,3769.8000,1,1,1,1,1,1,1,1,1,1
SF,IF2007,2020-05-27 13:04:03.700,3766.8000,8181,-1,2232650580.000,2,0,2,多平,S,3766.4000,3766.0000,3765.8000,3765.2000,3765.0000,3767.6000,3768.6000,3769.4000,3769.8000,3770.0000,1,1,1,1,5,1,1,1,1,1
SF,IF2007,2020-05-27 13:04:04.200,3766.8000,8181,0,2232650580.000,0,-,-,-,-,3766.6000,3766.4000,3766.0000,3765.8000,3765.2000,3767.6000,3768.6000,3769.4000,3769.8000,3770.0000,1,1,1,1,1,1,1,1,1,1
SF,IF2007,2020-05-27 13:04:04.700,3766.8000,8181,0,2232650580.000,0,-,-,-,-,3766.8000,3766.6000,3766.0000,3765.8000,3765.2000,3767.6000,3768.6000,3769.4000,3769.8000,3770.0000,1,1,1,1,1,1,1,1,1,1
SF,IF2007,2020-05-27 13:04:05.200,3766.8000,8181,0,2232650580.000,0,-,-,-,-,3766.8000,3766.0000,3765.8000,3765.2000,3765.0000,3767.6000,3768.6000,3769.4000,3769.8000,3770.0000,1,1,1,1,5,1,1,1,1,1
SF,IF2007,2020-05-27 13:04:07.700,3766.8000,8181,0,2233780620.000,1,0,1,多换,S,3766.0000,3765.8000,3765.2000,3765.0000,3763.8000,3766.8000,3767.6000,3768.6000,3769.4000,3769.8000,1,1,1,5,1,2,1,1,1,1
SF,IF2007,2020-05-27 13:04:08.200,3766.8000,8181,0,2236040700.000,2,1,1,多换,S,3766.4000,3766.2000,3766.0000,3765.8000,3765.2000,3767.6000,3768.6000,3769.4000,3769.8000,3770.0000,1,1,1,1,1,1,1,1,1,1
SF,IF2007,2020-05-27 13:04:08.700,3766.8000,8181,0,2236040700.000,0,-,-,-,-,3766.2000,3766.0000,3765.8000,3765.2000,3765.0000,3767.4000,3767.6000,3768.6000,3769.4000,3769.8000,1,1,1,1,5,1,1,1,1,1
SF,IF2007,2020-05-27 13:04:10.200,3766.8000,8181,0,2236040700.000,0,-,-,-,-,3766.2000,3766.0000,3765.8000,3765.2000,3765.0000,3767.0000,3767.6000,3768.6000,3769.4000,3769.8000,1,1,1,1,5,1,1,1,1,1
SF,IF2007,2020-05-27 13:04:10.700,3766.8000,8181,0,2236040700.000,0,-,-,-,-,3766.2000,3766.0000,3765.8000,3765.2000,3765.0000,3767.0000,3768.6000,3769.4000,3769.8000,3770.0000,1,1,1,1,5,1,1,1,1,1
SF,IF2007,2020-05-27 13:04:12.200,3766.8000,8181,0,2236040700.000,0,-,-,-,-,3766.2000,3766.0000,3765.8000,3765.2000,3765.0000,3766.6000,3768.6000,3769.4000,3769.8000,3770.0000,1,1,1,1,5,1,1,1,1,1
SF,IF2007,2020-05-27 13:04:12.700,3766.2000,8182,1,2237170560.000,1,1,0,双开,S,3766.0000,3765.8000,3765.2000,3765.0000,3763.8000,3766.6000,3768.6000,3769.4000,3769.8000,3770.0000,1,1,1,5,1,1,1,1,1,1
SF,IF2007,2020-05-27 13:04:13.200,3766.2000,8182,0,2237170560.000,0,-,-,-,-,3766.0000,3765.8000,3765.2000,3765.0000,3763.8000,3766.2000,3768.6000,3769.4000,3769.8000,3770.0000,1,1,1,5,1,1,1,1,1,1
SF,IF2007,2020-05-27 13:04:13.700,3766.0000,8183,1,2238300360.000,1,1,0,双开,S,3765.8000,3765.2000,3765.0000,3763.8000,3761.0000,3766.2000,3768.6000,3769.4000,3769.8000,3770.0000,1,1,5,1,7,1,1,1,1,1
SF,IF2007,2020-05-27 13:04:15.700,3765.8000,8183,0,2239430100.000,1,0,1,多换,S,3765.2000,3765.0000,3763.8000,3761.0000,3760.0000,3768.6000,3769.4000,3769.8000,3770.0000,3770.2000,1,5,1,7,6,1,1,1,1,1
SF,IF2007,2020-05-27 13:04:16.200,3765.8000,8183,0,2239430100.000,0,-,-,-,-,3765.4000,3765.2000,3765.0000,3763.8000,3761.0000,3766.2000,3766.6000,3767.0000,3767.6000,3767.8000,1,1,5,1,7,1,1,1,1,1
SF,IF2007,2020-05-27 13:04:16.700,3765.4000,8183,0,2240559720.000,1,0,1,多换,S,3765.2000,3765.0000,3763.8000,3761.0000,3760.0000,3766.0000,3766.2000,3766.6000,3767.6000,3768.4000,1,5,1,7,6,1,1,1,1,3
SF,IF2007,2020-05-27 13:04:17.700,3765.4000,8183,0,2240559720.000,0,-,-,-,-,3765.2000,3765.0000,3763.8000,3761.0000,3760.0000,3766.0000,3766.2000,3767.6000,3768.4000,3768.6000,1,5,1,7,6,1,1,1,3,2
SF,IF2007,2020-05-27 13:04:18.200,3765.4000,8183,0,2240559720.000,0,-,-,-,-,3765.2000,3765.0000,3763.8000,3761.0000,3760.0000,3766.0000,3766.2000,3767.0000,3767.6000,3768.4000,1,5,1,7,6,1,1,1,1,3
SF,IF2007,2020-05-27 13:04:21.200,3765.4000,8183,0,2240559720.000,0,-,-,-,-,3765.2000,3765.0000,3763.8000,3761.0000,3760.0000,3765.6000,3766.2000,3767.0000,3767.6000,3768.4000,1,5,1,7,6,1,1,1,1,3
SF,IF2007,2020-05-27 13:04:21.700,3765.6000,8184,1,2241689400.000,1,1,0,双开,S,3765.6000,3765.2000,3765.0000,3763.8000,3761.0000,3766.2000,3767.0000,3767.6000,3768.4000,3768.6000,4,1,5,1,7,1,1,1,3,2
SF,IF2007,2020-05-27 13:04:22.200,3765.6000,8184,0,2241689400.000,0,-,-,-,-,3765.6000,3765.2000,3765.0000,3763.8000,3761.0000,3766.2000,3767.0000,3768.4000,3768.6000,3769.4000,4,1,5,1,7,1,1,3,2,1
SF,IF2007,2020-05-27 13:04:26.200,3765.6000,8184,0,2241689400.000,0,-,-,-,-,3765.6000,3765.2000,3765.0000,3763.8000,3761.0000,3766.2000,3767.0000,3768.4000,3768.6000,3769.4000,4,1,5,1,7,1,1,3,2,1
SF,IF2007,2020-05-27 13:04:26.700,3766.2000,8184,0,2242819260.000,1,0,1,多换,S,3765.6000,3765.2000,3765.0000,3763.8000,3761.0000,3767.0000,3768.4000,3768.6000,3769.4000,3769.8000,4,1,5,1,7,1,3,2,1,1
SF,IF2007,2020-05-27 13:04:27.200,3766.2000,8184,0,2242819260.000,0,-,-,-,-,3765.6000,3765.2000,3765.0000,3763.8000,3761.0000,3766.6000,3767.0000,3768.4000,3768.6000,3769.4000,4,1,5,1,7,1,1,2,2,1
SF,IF2007,2020-05-27 13:04:27.700,3765.6000,8184,0,2243948940.000,1,0,1,多换,S,3765.6000,3765.2000,3765.0000,3763.8000,3761.0000,3766.6000,3767.0000,3768.4000,3768.6000,3769.4000,3,1,5,1,7,1,1,1,2,1
SF,IF2007,2020-05-27 13:04:28.200,3765.6000,8184,0,2243948940.000,0,-,-,-,-,3765.8000,3765.6000,3765.2000,3765.0000,3763.8000,3766.6000,3767.0000,3768.4000,3768.6000,3769.4000,1,3,1,5,1,1,1,1,2,1
SF,IF2007,2020-05-27 13:04:28.700,3765.6000,8184,0,2243948940.000,0,-,-,-,-,3765.6000,3765.2000,3765.0000,3763.8000,3761.0000,3766.6000,3767.0000,3768.4000,3768.6000,3769.4000,3,1,5,1,7,1,1,1,2,1
SF,IF2007,2020-05-27 13:04:36.200,3766.6000,8184,0,2245078920.000,1,0,1,多换,S,3765.8000,3765.6000,3765.2000,3765.0000,3763.8000,3767.0000,3768.4000,3768.6000,3769.4000,3769.8000,1,3,1,5,1,1,1,2,1,1
SF,IF2007,2020-05-27 13:04:37.200,3766.6000,8184,0,2245078920.000,0,-,-,-,-,3766.0000,3765.8000,3765.6000,3765.2000,3765.0000,3767.0000,3768.6000,3769.4000,3769.8000,3770.2000,1,1,3,1,5,1,2,1,1,1
SF,IF2007,2020-05-27 13:04:37.700,3767.0000,8185,1,2246209020.000,1,1,0,双开,S,3766.0000,3765.8000,3765.6000,3765.2000,3765.0000,3768.6000,3769.4000,3769.8000,3770.2000,3772.0000,1,1,3,1,5,2,1,1,1,1
SF,IF2007,2020-05-27 13:04:38.200,3767.0000,8185,0,2246209020.000,0,-,-,-,-,3766.2000,3766.0000,3765.8000,3765.6000,3765.2000,3767.6000,3767.8000,3768.2000,3768.4000,3768.6000,1,1,1,3,1,1,2,3,6,2
SF,IF2007,2020-05-27 13:04:38.700,3767.0000,8185,0,2246209020.000,0,-,-,-,-,3766.2000,3766.0000,3765.8000,3765.6000,3765.2000,3767.4000,3767.6000,3767.8000,3768.2000,3768.4000,1,1,1,3,1,1,1,1,3,6
SF,IF2007,2020-05-27 13:04:39.200,3767.0000,8185,0,2246209020.000,0,-,-,-,-,3766.2000,3766.0000,3765.8000,3765.6000,3765.2000,3767.2000,3767.4000,3767.6000,3767.8000,3768.2000,1,1,1,3,1,1,1,1,1,3
SF,IF2007,2020-05-27 13:04:39.700,3767.0000,8185,0,2246209020.000,0,-,-,-,-,3766.0000,3765.8000,3765.6000,3765.2000,3765.0000,3766.2000,3767.2000,3767.4000,3767.8000,3768.2000,1,1,3,1,5,1,2,1,1,3
SF,IF2007,2020-05-27 13:04:40.200,3766.0000,8186,1,2247338820.000,1,1,0,双开,S,3765.6000,3765.2000,3765.0000,3763.8000,3761.0000,3766.2000,3767.2000,3767.8000,3768.2000,3768.4000,3,1,5,1,7,1,2,1,2,5
SF,IF2007,2020-05-27 13:04:40.700,3766.0000,8186,0,2247338820.000,0,-,-,-,-,3765.6000,3765.2000,3765.0000,3763.8000,3761.0000,3766.2000,3767.2000,3767.8000,3768.2000,3768.4000,3,1,5,1,7,1,2,1,2,5
SF,IF2007,2020-05-27 13:04:41.700,3766.0000,8186,0,2247338820.000,0,-,-,-,-,3765.6000,3765.2000,3765.0000,3763.8000,3761.0000,3766.0000,3766.2000,3767.2000,3767.8000,3768.2000,3,1,5,1,7,1,1,2,1,2
SF,IF2007,2020-05-27 13:04:42.200,3766.0000,8187,1,2248468620.000,1,1,0,双开,S,3765.6000,3765.2000,3765.0000,3763.8000,3761.0000,3766.2000,3767.2000,3767.8000,3768.2000,3768.4000,3,1,5,1,7,1,2,1,2,5
SF,IF2007,2020-05-27 13:04:42.700,3766.0000,8187,0,2248468620.000,0,-,-,-,-,3765.6000,3765.2000,3765.0000,3763.8000,3761.0000,3766.2000,3767.2000,3767.8000,3768.2000,3768.4000,3,1,5,1,7,1,2,1,2,5
SF,IF2007,2020-05-27 13:04:43.200,3766.0000,8187,0,2248468620.000,0,-,-,-,-,3765.6000,3765.2000,3765.0000,3763.8000,3761.0000,3766.2000,3767.2000,3767.8000,3768.2000,3768.4000,3,1,5,1,7,1,2,1,2,5
SF,IF2007,2020-05-27 13:04:43.700,3766.2000,8187,0,2249598480.000,1,0,1,多换,S,3765.6000,3765.2000,3765.0000,3763.8000,3761.0000,3767.2000,3767.8000,3768.2000,3768.4000,3768.6000,3,1,5,1,7,2,1,2,5,1
SF,IF2007,2020-05-27 13:04:44.200,3766.2000,8187,0,2249598480.000,0,-,-,-,-,3765.8000,3765.6000,3765.2000,3765.0000,3763.8000,3766.6000,3767.2000,3767.8000,3768.2000,3768.4000,1,3,1,5,1,1,2,1,2,5
SF,IF2007,2020-05-27 13:04:46.700,3766.2000,8187,0,2249598480.000,0,-,-,-,-,3765.8000,3765.6000,3765.0000,3763.8000,3761.0000,3766.6000,3767.2000,3767.8000,3768.2000,3768.4000,1,3,5,1,7,1,2,1,2,5
SF,IF2007,2020-05-27 13:04:47.200,3766.2000,8187,0,2249598480.000,0,-,-,-,-,3766.0000,3765.8000,3765.6000,3765.0000,3763.8000,3766.6000,3767.2000,3767.8000,3768.2000,3768.4000,1,1,3,5,1,1,2,1,2,5
SF,IF2007,2020-05-27 13:04:48.700,3766.2000,8187,0,2249598480.000,0,-,-,-,-,3766.0000,3765.6000,3765.0000,3763.8000,3761.0000,3766.6000,3767.2000,3767.8000,3768.2000,3768.4000,1,3,5,1,7,1,2,1,2,5
SF,IF2007,2020-05-27 13:04:49.700,3766.0000,8188,1,2250728280.000,1,1,0,双开,S,3765.6000,3765.0000,3763.8000,3761.0000,3760.0000,3766.6000,3767.2000,3767.8000,3768.2000,3768.4000,3,5,1,7,6,1,2,1,2,5
SF,IF2007,2020-05-27 13:04:58.700,3766.0000,8188,0,2250728280.000,0,-,-,-,-,3765.6000,3765.0000,3763.8000,3761.0000,3760.0000,3766.2000,3767.2000,3767.8000,3768.2000,3768.4000,3,5,1,7,6,1,2,1,2,5
SF,IF2007,2020-05-27 13:04:59.200,3765.6000,8188,0,2251857960.000,1,0,1,多换,S,3765.6000,3765.0000,3763.8000,3761.0000,3760.0000,3766.2000,3767.2000,3767.8000,3768.2000,3768.4000,2,5,1,7,6,1,2,1,2,5
SF,IF2007,2020-05-27 13:05:00.700,3765.6000,8190,2,2254117320.000,2,2,0,双开,S,3765.0000,3763.8000,3761.0000,3760.0000,3759.8000,3765.2000,3765.6000,3766.2000,3767.2000,3767.8000,5,1,7,6,2,1,1,1,2,1
SF,IF2007,2020-05-27 13:05:01.200,3765.2000,8191,1,2255246880.000,1,1,0,双开,S,3765.4000,3765.0000,3763.8000,3761.0000,3760.0000,3765.6000,3767.2000,3767.8000,3768.2000,3768.4000,1,5,1,7,6,1,2,1,2,5
SF,IF2007,2020-05-27 13:05:01.700,3765.2000,8191,0,2255246880.000,0,-,-,-,-,3765.0000,3763.8000,3761.0000,3760.0000,3759.8000,3765.6000,3767.2000,3767.8000,3768.2000,3768.4000,5,1,7,6,2,1,2,1,2,5
SF,IF2007,2020-05-27 13:05:02.200,3765.0000,8192,1,2256376380.000,1,1,0,双开,S,3765.0000,3763.8000,3761.0000,3760.0000,3759.8000,3765.6000,3767.2000,3767.8000,3768.2000,3768.4000,4,1,7,6,2,1,2,1,2,5
SF,IF2007,2020-05-27 13:05:02.700,3765.6000,8193,1,2257506060.000,1,1,0,双开,S,3765.6000,3763.8000,3761.0000,3760.0000,3759.8000,3767.2000,3767.8000,3768.2000,3768.4000,3768.6000,3,1,7,6,2,2,1,2,5,1
SF,IF2007,2020-05-27 13:05:03.200,3765.6000,8194,1,2258635740.000,1,1,0,双开,S,3765.6000,3763.8000,3761.0000,3760.0000,3759.8000,3766.2000,3766.6000,3766.8000,3767.2000,3767.8000,2,1,7,6,2,1,1,1,2,1
SF,IF2007,2020-05-27 13:05:03.700,3765.6000,8196,2,2260895100.000,2,2,0,双开,S,3763.8000,3761.0000,3760.0000,3759.8000,3758.0000,3766.2000,3766.6000,3767.2000,3767.8000,3768.2000,1,7,6,2,4,1,1,2,1,2
SF,IF2007,2020-05-27 13:05:04.200,3765.6000,8196,0,2260895100.000,0,-,-,-,-,3765.0000,3764.8000,3764.4000,3764.0000,3763.8000,3765.2000,3765.8000,3766.0000,3766.6000,3767.2000,1,1,4,4,1,1,1,2,1,2
SF,IF2007,2020-05-27 13:05:04.700,3765.2000,8197,1,2262024660.000,1,1,0,双开,S,3765.0000,3764.8000,3764.4000,3764.0000,3763.8000,3765.8000,3766.0000,3766.6000,3767.2000,3767.8000,1,1,2,4,1,1,1,1,2,1
SF,IF2007,2020-05-27 13:05:05.200,3765.0000,8197,0,2263154160.000,1,0,1,多换,S,3764.8000,3764.4000,3764.0000,3763.8000,3761.0000,3765.6000,3765.8000,3766.0000,3766.6000,3767.2000,1,2,4,1,7,1,1,1,1,2
SF,IF2007,2020-05-27 13:05:05.700,3765.6000,8198,1,2264283840.000,1,1,0,双开,S,3764.8000,3764.4000,3764.0000,3763.8000,3761.0000,3765.8000,3766.0000,3766.6000,3767.2000,3767.8000,1,2,4,1,7,1,1,1,2,1
SF,IF2007,2020-05-27 13:05:06.200,3765.6000,8198,0,2264283840.000,0,-,-,-,-,3765.0000,3764.8000,3764.4000,3764.0000,3763.8000,3765.8000,3766.0000,3767.2000,3767.8000,3768.2000,1,1,2,4,1,1,1,2,1,2
SF,IF2007,2020-05-27 13:05:07.200,3765.6000,8198,0,2264283840.000,0,-,-,-,-,3765.0000,3764.8000,3764.4000,3764.0000,3763.8000,3765.8000,3766.0000,3767.2000,3767.8000,3768.2000,1,1,2,4,1,1,1,2,1,2
SF,IF2007,2020-05-27 13:05:07.700,3765.0000,8199,1,2265413340.000,1,1,0,双开,S,3764.8000,3764.4000,3764.0000,3763.8000,3761.0000,3765.8000,3766.0000,3767.2000,3767.8000,3768.2000,1,2,4,1,7,1,1,2,1,2
SF,IF2007,2020-05-27 13:05:09.200,3764.8000,8198,-1,2266542780.000,1,0,1,双平,S,3764.4000,3764.0000,3763.8000,3761.0000,3760.0000,3764.8000,3765.8000,3766.0000,3767.2000,3767.8000,2,4,1,7,6,1,1,1,2,1
SF,IF2007,2020-05-27 13:05:09.700,3764.4000,8198,0,2269930920.000,3,1,2,多换,S,3764.4000,3764.0000,3763.8000,3761.0000,3760.0000,3767.2000,3767.8000,3768.2000,3768.4000,3768.6000,1,4,1,7,6,2,1,2,4,1
SF,IF2007,2020-05-27 13:05:10.200,3764.4000,8198,0,2269930920.000,0,-,-,-,-,3764.4000,3764.0000,3763.8000,3761.0000,3760.0000,3765.8000,3766.0000,3766.6000,3767.0000,3767.2000,1,4,1,7,6,1,1,1,2,2
SF,IF2007,2020-05-27 13:05:10.700,3764.4000,8198,0,2269930920.000,0,-,-,-,-,3764.4000,3764.0000,3763.8000,3761.0000,3760.0000,3765.8000,3766.0000,3767.0000,3767.2000,3767.8000,1,4,1,7,6,1,1,1,2,1
SF,IF2007,2020-05-27 13:05:12.700,3764.4000,8198,0,2269930920.000,0,-,-,-,-,3764.6000,3764.4000,3764.0000,3763.8000,3761.0000,3765.8000,3766.0000,3766.2000,3767.0000,3767.2000,1,1,4,1,7,1,1,1,1,2
SF,IF2007,2020-05-27 13:05:13.200,3764.4000,8198,0,2269930920.000,0,-,-,-,-,3764.8000,3764.6000,3764.4000,3764.0000,3763.8000,3765.8000,3766.0000,3766.2000,3767.0000,3767.2000,1,1,1,4,1,1,1,1,1,2
SF,IF2007,2020-05-27 13:05:13.700,3764.4000,8198,0,2269930920.000,0,-,-,-,-,3764.8000,3764.6000,3764.4000,3764.0000,3763.8000,3765.8000,3766.0000,3766.2000,3767.0000,3767.2000,1,2,1,4,1,1,1,1,1,2
SF,IF2007,2020-05-27 13:05:15.200,3765.8000,8199,1,2271060660.000,1,1,0,双开,S,3765.0000,3764.8000,3764.6000,3764.4000,3764.0000,3766.0000,3767.0000,3767.2000,3767.8000,3768.2000,1,1,2,1,4,1,1,2,1,2
SF,IF2007,2020-05-27 13:05:15.700,3765.8000,8199,0,2271060660.000,0,-,-,-,-,3765.0000,3764.8000,3764.6000,3764.4000,3764.0000,3766.0000,3766.6000,3767.0000,3767.2000,3767.8000,1,1,2,1,4,1,1,1,2,1
SF,IF2007,2020-05-27 13:05:16.200,3765.0000,8200,1,2272190160.000,1,1,0,双开,S,3764.8000,3764.6000,3764.4000,3764.0000,3763.8000,3766.0000,3766.6000,3767.0000,3767.2000,3767.8000,1,2,1,4,1,1,1,1,2,1
SF,IF2007,2020-05-27 13:05:16.700,3765.0000,8200,0,2272190160.000,0,-,-,-,-,3764.6000,3764.4000,3764.0000,3763.8000,3761.0000,3766.0000,3766.6000,3767.0000,3767.2000,3767.8000,2,1,4,1,7,1,1,1,2,1
SF,IF2007,2020-05-27 13:05:17.200,3765.0000,8200,0,2272190160.000,0,-,-,-,-,3764.8000,3764.6000,3764.4000,3764.0000,3763.8000,3766.6000,3767.2000,3767.8000,3768.2000,3768.4000,1,1,1,4,1,1,2,1,2,4
SF,IF2007,2020-05-27 13:05:17.700,3765.0000,8200,0,2272190160.000,0,-,-,-,-,3765.4000,3764.8000,3764.6000,3764.4000,3764.0000,3766.4000,3767.2000,3767.8000,3768.2000,3768.4000,1,1,1,1,4,1,1,1,2,3
SF,IF2007,2020-05-27 13:05:18.200,3766.4000,8201,1,2273320080.000,1,1,0,双开,S,3765.8000,3765.6000,3764.8000,3764.4000,3764.0000,3767.2000,3767.8000,3768.2000,3768.4000,3768.6000,1,2,1,1,2,1,2,2,3,1
SF,IF2007,2020-05-27 13:05:18.700,3766.4000,8201,0,2273320080.000,0,-,-,-,-,3766.2000,3766.0000,3765.6000,3764.8000,3764.4000,3767.0000,3767.2000,3767.8000,3768.2000,3768.4000,1,1,1,1,1,1,1,1,2,3
SF,IF2007,2020-05-27 13:05:19.200,3766.4000,8201,0,2273320080.000,0,-,-,-,-,3765.6000,3764.8000,3764.4000,3763.8000,3761.0000,3767.0000,3767.2000,3767.8000,3768.2000,3768.4000,1,1,1,1,7,1,1,1,2,3
SF,IF2007,2020-05-27 13:05:19.700,3766.2000,8202,1,2274449940.000,1,1,0,双开,S,3764.8000,3764.4000,3763.8000,3761.0000,3760.0000,3767.0000,3767.2000,3767.8000,3768.2000,3768.4000,1,1,1,7,6,1,1,1,2,3
SF,IF2007,2020-05-27 13:05:20.200,3766.2000,8202,0,2274449940.000,0,-,-,-,-,3766.0000,3765.0000,3764.8000,3764.4000,3763.8000,3767.0000,3767.8000,3768.2000,3768.4000,3769.2000,1,5,2,1,1,1,1,2,3,1
SF,IF2007,2020-05-27 13:05:20.700,3766.2000,8202,0,2274449940.000,0,-,-,-,-,3766.0000,3765.0000,3764.8000,3764.4000,3763.8000,3767.0000,3767.8000,3768.2000,3768.4000,3769.2000,2,5,3,1,1,1,1,2,3,1
SF,IF2007,2020-05-27 13:05:21.700,3766.2000,8202,0,2274449940.000,0,-,-,-,-,3766.0000,3765.4000,3765.0000,3764.8000,3764.4000,3767.0000,3767.8000,3768.2000,3768.4000,3769.2000,2,1,5,3,1,1,1,2,3,1
SF,IF2007,2020-05-27 13:05:22.200,3766.0000,8201,-1,2275579740.000,1,0,1,双平,S,3766.2000,3766.0000,3765.4000,3765.0000,3764.8000,3767.0000,3767.8000,3768.2000,3768.4000,3769.2000,1,1,1,5,3,1,1,2,2,1
SF,IF2007,2020-05-27 13:05:23.700,3766.0000,8201,0,2275579740.000,0,-,-,-,-,3766.2000,3766.0000,3765.4000,3765.0000,3764.8000,3767.0000,3767.8000,3768.2000,3768.4000,3769.2000,1,1,1,5,3,1,1,2,1,1
SF,IF2007,2020-05-27 13:05:24.200,3767.0000,8201,0,2276709840.000,1,0,1,多换,S,3766.2000,3766.0000,3765.4000,3765.0000,3764.8000,3767.8000,3768.2000,3768.4000,3769.2000,3769.4000,1,1,1,5,3,1,2,1,1,1
SF,IF2007,2020-05-27 13:05:24.700,3767.0000,8201,0,2276709840.000,0,-,-,-,-,3766.6000,3766.4000,3766.2000,3766.0000,3765.4000,3769.2000,3769.4000,3769.8000,3770.2000,3772.0000,1,2,1,1,1,1,1,1,1,1
SF,IF2007,2020-05-27 13:05:25.200,3767.0000,8201,0,2276709840.000,0,-,-,-,-,3766.8000,3766.4000,3766.2000,3766.0000,3765.4000,3768.0000,3768.2000,3769.0000,3769.2000,3769.4000,2,1,1,1,1,1,1,2,2,1
SF,IF2007,2020-05-27 13:05:25.700,3767.0000,8201,0,2276709840.000,0,-,-,-,-,3766.2000,3766.0000,3765.4000,3765.0000,3764.8000,3767.6000,3767.8000,3768.0000,3768.6000,3769.0000,1,1,1,4,2,1,2,1,1,2
SF,IF2007,2020-05-27 13:05:26.200,3767.0000,8201,0,2276709840.000,0,-,-,-,-,3766.0000,3765.4000,3765.0000,3764.8000,3764.4000,3766.4000,3767.4000,3767.6000,3767.8000,3768.6000,1,1,4,2,1,1,2,1,1,1
SF,IF2007,2020-05-27 13:05:26.700,3766.4000,8201,0,2277839760.000,1,0,1,多换,S,3766.0000,3765.4000,3765.0000,3764.8000,3763.8000,3767.4000,3767.6000,3768.6000,3769.0000,3769.2000,1,1,4,2,1,1,1,1,2,2
SF,IF2007,2020-05-27 13:05:27.200,3766.4000,8201,0,2277839760.000,0,-,-,-,-,3766.2000,3766.0000,3765.4000,3765.0000,3764.8000,3767.2000,3767.4000,3767.6000,3768.6000,3769.0000,1,1,1,4,1,1,1,1,1,2
SF,IF2007,2020-05-27 13:05:27.700,3766.4000,8201,0,2277839760.000,0,-,-,-,-,3766.2000,3766.0000,3765.0000,3764.8000,3763.8000,3767.2000,3767.4000,3767.6000,3768.6000,3769.0000,1,1,3,1,1,1,1,1,1,2
SF,IF2007,2020-05-27 13:05:28.200,3766.4000,8201,0,2277839760.000,0,-,-,-,-,3765.0000,3764.8000,3763.8000,3761.0000,3760.0000,3766.8000,3767.0000,3767.6000,3768.6000,3769.0000,2,1,1,7,6,1,1,1,1,2
SF,IF2007,2020-05-27 13:05:28.700,3766.8000,8202,1,2278969800.000,1,1,0,双开,S,3766.0000,3765.8000,3765.2000,3765.0000,3764.8000,3767.0000,3767.6000,3769.0000,3769.2000,3769.4000,1,2,4,2,1,1,1,2,2,1
SF,IF2007,2020-05-27 13:05:29.200,3767.0000,8202,0,2280099900.000,1,0,1,多换,S,3766.4000,3766.2000,3765.8000,3765.2000,3765.0000,3767.6000,3769.0000,3769.2000,3769.4000,3769.8000,1,1,1,4,2,1,2,2,1,1
SF,IF2007,2020-05-27 13:05:29.700,3767.0000,8202,0,2280099900.000,0,-,-,-,-,3766.8000,3766.6000,3766.4000,3765.8000,3765.2000,3767.6000,3769.0000,3769.2000,3769.4000,3769.8000,1,1,1,1,4,1,2,2,1,1
SF,IF2007,2020-05-27 13:05:30.200,3767.6000,8202,0,2281230180.000,1,0,1,多换,S,3766.8000,3766.6000,3766.4000,3765.8000,3765.2000,3769.0000,3769.2000,3769.4000,3769.8000,3770.2000,1,1,1,1,4,2,2,1,1,1
SF,IF2007,2020-05-27 13:05:30.700,3767.6000,8202,0,2281230180.000,0,-,-,-,-,3767.2000,3767.0000,3765.8000,3765.2000,3765.0000,3768.6000,3769.0000,3769.2000,3769.4000,3769.8000,1,2,1,4,2,1,3,1,1,1
SF,IF2007,2020-05-27 13:05:31.200,3767.6000,8202,0,2281230180.000,0,-,-,-,-,3767.2000,3767.0000,3765.8000,3765.2000,3765.0000,3767.4000,3768.6000,3769.0000,3769.2000,3769.4000,1,2,1,2,2,1,1,3,1,1
SF,IF2007,2020-05-27 13:05:31.700,3767.4000,8201,-1,2282360400.000,1,0,1,双平,S,3767.2000,3767.0000,3765.8000,3765.2000,3765.0000,3768.6000,3769.0000,3769.2000,3769.4000,3769.8000,1,1,1,2,2,1,3,1,1,1
SF,IF2007,2020-05-27 13:05:32.200,3767.4000,8201,0,2282360400.000,0,-,-,-,-,3767.2000,3767.0000,3765.8000,3765.2000,3765.0000,3768.6000,3769.0000,3769.2000,3769.4000,3769.8000,1,1,1,2,2,1,3,1,1,1
SF,IF2007,2020-05-27 13:05:32.700,3767.4000,8201,0,2282360400.000,0,-,-,-,-,3767.2000,3767.0000,3765.8000,3765.2000,3765.0000,3768.4000,3768.6000,3769.0000,3769.2000,3769.4000,1,1,1,2,2,1,1,3,1,1
SF,IF2007,2020-05-27 13:05:33.200,3767.4000,8201,0,2282360400.000,0,-,-,-,-,3767.2000,3767.0000,3765.8000,3765.2000,3765.0000,3768.2000,3768.4000,3768.6000,3769.0000,3769.2000,1,1,1,2,2,1,1,1,3,1
SF,IF2007,2020-05-27 13:05:33.700,3767.2000,8201,0,2283490560.000,1,0,1,多换,S,3767.0000,3765.8000,3765.2000,3765.0000,3764.8000,3768.2000,3768.4000,3768.6000,3769.0000,3769.2000,1,1,2,2,1,1,1,1,3,1
SF,IF2007,2020-05-27 13:05:34.200,3767.2000,8201,0,2283490560.000,0,-,-,-,-,3767.0000,3765.8000,3765.2000,3765.0000,3764.8000,3767.8000,3768.2000,3768.4000,3769.0000,3769.2000,1,1,2,2,1,1,1,1,3,1
SF,IF2007,2020-05-27 13:05:34.700,3767.2000,8201,0,2283490560.000,0,-,-,-,-,3767.0000,3765.8000,3765.2000,3765.0000,3764.8000,3767.8000,3768.2000,3768.4000,3769.0000,3769.4000,1,1,2,2,1,1,1,1,3,1
SF,IF2007,2020-05-27 13:05:35.200,3767.0000,8201,0,2284620660.000,1,0,1,多换,S,3765.8000,3765.2000,3765.0000,3764.8000,3763.8000,3767.4000,3768.4000,3769.0000,3769.4000,3769.8000,1,2,2,1,1,1,1,3,1,1
SF,IF2007,2020-05-27 13:05:35.700,3767.0000,8201,0,2284620660.000,0,-,-,-,-,3766.2000,3765.8000,3765.2000,3765.0000,3764.8000,3767.4000,3768.4000,3769.0000,3769.4000,3769.8000,2,1,2,2,1,1,1,3,1,1
SF,IF2007,2020-05-27 13:05:36.200,3767.0000,8201,0,2284620660.000,0,-,-,-,-,3766.2000,3765.8000,3765.2000,3765.0000,3764.8000,3767.4000,3769.0000,3769.4000,3769.8000,3770.2000,2,1,2,2,1,1,3,1,1,1
SF,IF2007,2020-05-27 13:05:36.700,3767.0000,8201,0,2284620660.000,0,-,-,-,-,3766.2000,3765.8000,3765.2000,3765.0000,3764.8000,3767.4000,3769.0000,3769.4000,3769.8000,3770.2000,1,1,2,2,1,1,3,1,1,1
SF,IF2007,2020-05-27 13:05:37.200,3767.0000,8201,0,2284620660.000,0,-,-,-,-,3766.2000,3765.8000,3765.2000,3765.0000,3764.8000,3767.2000,3767.4000,3769.0000,3769.4000,3769.8000,1,1,2,2,1,1,1,3,1,1
SF,IF2007,2020-05-27 13:05:37.700,3767.0000,8201,0,2284620660.000,0,-,-,-,-,3766.2000,3765.0000,3764.8000,3763.8000,3761.0000,3767.0000,3767.2000,3769.0000,3769.4000,3769.8000,1,2,1,1,7,1,1,3,1,1
SF,IF2007,2020-05-27 13:05:38.200,3767.0000,8202,1,2285750760.000,1,1,0,双开,S,3766.2000,3765.0000,3764.8000,3763.8000,3761.0000,3767.2000,3769.0000,3769.4000,3769.8000,3770.2000,1,2,1,1,7,1,3,1,1,1
SF,IF2007,2020-05-27 13:05:38.700,3767.0000,8202,0,2285750760.000,0,-,-,-,-,3766.2000,3765.0000,3764.8000,3763.8000,3761.0000,3767.2000,3769.0000,3769.4000,3769.8000,3770.2000,1,2,1,1,7,1,3,1,1,1
SF,IF2007,2020-05-27 13:05:40.200,3767.0000,8202,0,2285750760.000,0,-,-,-,-,3766.4000,3766.2000,3765.0000,3764.8000,3763.8000,3767.2000,3769.0000,3769.4000,3769.8000,3770.2000,1,1,2,1,1,1,3,1,1,1
SF,IF2007,2020-05-27 13:05:42.200,3767.0000,8202,0,2285750760.000,0,-,-,-,-,3766.4000,3766.2000,3765.0000,3764.8000,3763.8000,3769.0000,3769.4000,3769.8000,3770.2000,3772.0000,1,1,2,1,1,3,1,1,1,1
SF,IF2007,2020-05-27 13:05:42.700,3767.0000,8202,0,2285750760.000,0,-,-,-,-,3766.6000,3766.4000,3765.0000,3764.8000,3763.8000,3767.8000,3768.2000,3768.6000,3768.8000,3769.0000,2,1,2,1,1,1,1,1,2,3
SF,IF2007,2020-05-27 13:05:43.200,3767.0000,8202,0,2285750760.000,0,-,-,-,-,3766.6000,3766.4000,3765.0000,3764.8000,3763.8000,3767.8000,3768.2000,3768.6000,3768.8000,3769.0000,1,1,2,1,1,1,1,1,1,3
SF,IF2007,2020-05-27 13:05:44.200,3767.0000,8202,0,2285750760.000,0,-,-,-,-,3766.8000,3766.6000,3765.0000,3764.8000,3763.8000,3767.8000,3768.2000,3768.6000,3768.8000,3769.0000,1,1,2,1,1,1,1,1,1,3
SF,IF2007,2020-05-27 13:05:44.700,3766.8000,8202,0,2286880800.000,1,0,1,多换,S,3766.6000,3765.0000,3764.8000,3763.8000,3761.0000,3767.6000,3767.8000,3768.6000,3769.0000,3769.4000,1,2,1,1,7,1,1,1,3,1
SF,IF2007,2020-05-27 13:05:45.200,3766.8000,8202,0,2286880800.000,0,-,-,-,-,3766.8000,3766.6000,3765.0000,3764.8000,3763.8000,3767.6000,3767.8000,3768.6000,3769.0000,3769.4000,1,1,2,1,1,1,1,1,3,1
SF,IF2007,2020-05-27 13:05:45.700,3767.6000,8203,1,2288011080.000,1,1,0,双开,S,3766.8000,3766.6000,3765.0000,3764.8000,3763.8000,3767.8000,3768.6000,3769.0000,3769.4000,3769.8000,1,1,2,1,1,1,1,3,1,1
SF,IF2007,2020-05-27 13:05:46.700,3767.6000,8203,0,2288011080.000,0,-,-,-,-,3766.6000,3765.0000,3764.8000,3763.8000,3761.0000,3767.8000,3768.6000,3769.0000,3769.4000,3769.8000,1,2,1,1,7,1,1,3,1,1
SF,IF2007,2020-05-27 13:05:47.200,3767.6000,8203,0,2288011080.000,0,-,-,-,-,3766.6000,3765.0000,3764.8000,3763.8000,3761.0000,3767.6000,3767.8000,3768.6000,3769.0000,3769.4000,1,2,1,1,7,1,1,1,3,1
SF,IF2007,2020-05-27 13:05:47.700,3767.6000,8203,0,2288011080.000,0,-,-,-,-,3765.0000,3764.8000,3763.8000,3761.0000,3760.2000,3767.4000,3767.6000,3768.6000,3769.0000,3769.4000,2,1,1,7,1,1,1,1,3,1
SF,IF2007,2020-05-27 13:05:48.200,3767.6000,8203,0,2288011080.000,0,-,-,-,-,3765.8000,3765.6000,3765.2000,3765.0000,3764.8000,3767.2000,3767.4000,3768.6000,3769.0000,3769.4000,2,3,1,2,1,1,1,1,3,1
SF,IF2007,2020-05-27 13:05:48.700,3767.6000,8203,0,2288011080.000,0,-,-,-,-,3766.4000,3766.2000,3765.6000,3765.2000,3765.0000,3767.4000,3768.6000,3769.0000,3769.4000,3769.8000,1,3,3,1,2,1,1,3,1,1
SF,IF2007,2020-05-27 13:05:49.200,3767.6000,8203,0,2288011080.000,0,-,-,-,-,3766.6000,3766.4000,3766.2000,3765.6000,3765.2000,3767.4000,3768.6000,3769.0000,3769.4000,3769.8000,1,1,2,2,1,1,1,3,1,1
SF,IF2007,2020-05-27 13:05:51.200,3767.6000,8203,0,2288011080.000,0,-,-,-,-,3766.6000,3766.4000,3766.2000,3765.6000,3765.2000,3768.6000,3769.0000,3769.4000,3769.8000,3770.0000,1,1,2,2,1,1,3,1,1,1
SF,IF2007,2020-05-27 13:05:51.700,3767.6000,8203,0,2288011080.000,0,-,-,-,-,3767.0000,3766.6000,3766.4000,3766.2000,3765.6000,3768.0000,3768.2000,3768.4000,3768.6000,3769.0000,5,1,1,1,2,1,2,1,2,2
SF,IF2007,2020-05-27 13:05:52.200,3767.6000,8203,0,2288011080.000,0,-,-,-,-,3767.0000,3766.6000,3766.4000,3766.2000,3765.6000,3768.0000,3768.2000,3768.6000,3769.0000,3769.4000,5,1,1,1,2,1,2,2,2,1
SF,IF2007,2020-05-27 13:05:52.700,3767.6000,8203,0,2288011080.000,0,-,-,-,-,3767.0000,3766.6000,3766.4000,3765.6000,3765.2000,3768.0000,3768.2000,3768.6000,3769.0000,3769.4000,5,1,1,2,1,1,2,2,2,1
SF,IF2007,2020-05-27 13:05:53.700,3767.6000,8203,0,2288011080.000,0,-,-,-,-,3767.0000,3766.4000,3765.6000,3765.2000,3765.0000,3768.0000,3768.2000,3768.6000,3769.0000,3769.4000,5,1,2,1,2,1,2,2,2,1
SF,IF2007,2020-05-27 13:05:54.200,3767.6000,8203,0,2288011080.000,0,-,-,-,-,3767.0000,3766.4000,3765.6000,3765.2000,3765.0000,3768.0000,3768.2000,3768.6000,3769.0000,3769.4000,5,1,2,1,2,1,2,1,2,1
SF,IF2007,2020-05-27 13:05:56.200,3767.6000,8203,0,2288011080.000,0,-,-,-,-,3767.2000,3767.0000,3766.4000,3765.6000,3765.2000,3768.0000,3768.2000,3768.6000,3769.0000,3769.4000,1,5,1,2,1,1,2,1,2,1
SF,IF2007,2020-05-27 13:05:56.700,3767.6000,8203,0,2288011080.000,0,-,-,-,-,3767.2000,3767.0000,3766.4000,3765.6000,3765.0000,3768.0000,3768.2000,3768.6000,3769.0000,3769.4000,1,5,1,2,2,1,1,1,2,1
SF,IF2007,2020-05-27 13:05:57.200,3767.2000,8203,0,2289141240.000,1,0,1,多换,S,3767.0000,3766.4000,3765.6000,3765.0000,3764.8000,3768.0000,3768.2000,3768.6000,3769.0000,3769.4000,5,1,2,2,1,1,1,1,2,1
SF,IF2007,2020-05-27 13:05:57.700,3767.2000,8203,0,2289141240.000,0,-,-,-,-,3767.2000,3767.0000,3766.4000,3765.6000,3765.0000,3768.2000,3768.6000,3769.0000,3769.4000,3769.8000,1,5,1,2,2,1,1,2,1,1
SF,IF2007,2020-05-27 13:05:58.700,3767.2000,8203,0,2289141240.000,0,-,-,-,-,3767.2000,3767.0000,3766.4000,3765.6000,3765.0000,3768.2000,3768.6000,3769.0000,3769.4000,3769.8000,2,5,1,2,2,1,1,2,1,1
SF,IF2007,2020-05-27 13:05:59.200,3767.2000,8203,0,2289141240.000,0,-,-,-,-,3767.2000,3767.0000,3766.4000,3765.6000,3765.0000,3768.2000,3769.4000,3769.8000,3770.0000,3770.2000,2,5,1,2,2,1,1,1,1,1
SF,IF2007,2020-05-27 13:06:00.200,3768.2000,8204,1,2290271700.000,1,1,0,双开,S,3767.2000,3767.0000,3766.4000,3765.6000,3765.0000,3769.4000,3769.8000,3770.0000,3770.2000,3772.0000,2,5,1,2,2,1,1,1,1,1
SF,IF2007,2020-05-27 13:06:00.700,3768.2000,8204,0,2290271700.000,0,-,-,-,-,3767.6000,3767.2000,3767.0000,3766.4000,3765.6000,3768.8000,3769.2000,3769.4000,3769.8000,3770.0000,2,1,5,1,2,1,2,1,1,1
SF,IF2007,2020-05-27 13:06:01.200,3768.2000,8204,0,2290271700.000,0,-,-,-,-,3767.8000,3767.6000,3767.2000,3767.0000,3766.4000,3768.8000,3769.2000,3769.4000,3769.8000,3770.0000,5,2,1,5,1,1,2,1,1,1
SF,IF2007,2020-05-27 13:06:01.700,3768.2000,8204,0,2290271700.000,0,-,-,-,-,3767.8000,3767.6000,3767.2000,3767.0000,3766.4000,3768.8000,3769.2000,3769.4000,3769.8000,3770.0000,5,2,1,5,1,1,1,1,1,1
SF,IF2007,2020-05-27 13:06:02.200,3768.2000,8204,0,2290271700.000,0,-,-,-,-,3768.0000,3767.8000,3767.6000,3767.2000,3767.0000,3768.8000,3769.2000,3769.4000,3769.8000,3770.0000,1,5,1,1,5,1,1,1,1,1
SF,IF2007,2020-05-27 13:06:03.700,3768.8000,8204,0,2291402340.000,1,0,1,多换,S,3768.0000,3767.8000,3767.2000,3767.0000,3766.4000,3769.2000,3769.4000,3769.8000,3770.0000,3770.2000,1,5,1,5,1,1,1,1,1,1
SF,IF2007,2020-05-27 13:06:04.200,3768.8000,8204,0,2291402340.000,0,-,-,-,-,3768.0000,3767.8000,3767.2000,3767.0000,3766.4000,3769.4000,3769.8000,3770.0000,3770.2000,3772.0000,1,5,1,5,1,1,1,1,1,1
SF,IF2007,2020-05-27 13:06:04.700,3768.8000,8204,0,2291402340.000,0,-,-,-,-,3768.4000,3768.2000,3767.8000,3767.2000,3767.0000,3769.4000,3769.8000,3770.0000,3770.2000,3772.0000,1,1,5,1,5,1,1,1,1,1
SF,IF2007,2020-05-27 13:06:05.200,3768.8000,8204,0,2291402340.000,0,-,-,-,-,3768.4000,3768.2000,3767.8000,3767.0000,3766.4000,3769.4000,3769.8000,3770.0000,3770.2000,3772.0000,1,1,5,5,1,1,1,1,1,1
SF,IF2007,2020-05-27 13:06:05.700,3768.8000,8204,0,2291402340.000,0,-,-,-,-,3768.4000,3768.2000,3767.8000,3767.0000,3766.4000,3769.8000,3770.0000,3770.2000,3775.0000,3775.8000,1,1,5,5,1,1,1,1,2,1
SF,IF2007,2020-05-27 13:06:06.200,3768.8000,8204,0,2291402340.000,0,-,-,-,-,3768.6000,3768.4000,3767.8000,3767.0000,3766.4000,3769.8000,3770.0000,3770.2000,3775.0000,3775.8000,1,1,5,5,1,1,1,1,2,1
SF,IF2007,2020-05-27 13:06:06.700,3768.8000,8204,0,2291402340.000,0,-,-,-,-,3768.6000,3768.4000,3767.8000,3767.0000,3766.4000,3769.6000,3769.8000,3770.0000,3770.2000,3775.0000,1,1,5,5,1,1,1,1,1,2
SF,IF2007,2020-05-27 13:06:07.700,3768.8000,8204,0,2291402340.000,0,-,-,-,-,3768.6000,3768.4000,3767.8000,3767.0000,3766.4000,3769.6000,3769.8000,3770.0000,3770.2000,3775.0000,1,1,5,5,1,2,1,1,1,2
SF,IF2007,2020-05-27 13:06:08.200,3768.6000,8203,-1,2292532920.000,1,0,1,双平,S,3768.4000,3767.8000,3767.0000,3766.4000,3765.6000,3769.6000,3769.8000,3770.0000,3770.2000,3775.0000,1,5,5,1,2,2,1,1,1,2
SF,IF2007,2020-05-27 13:06:09.200,3768.6000,8203,0,2292532920.000,0,-,-,-,-,3768.4000,3767.8000,3767.0000,3766.4000,3765.6000,3769.4000,3769.6000,3769.8000,3770.2000,3775.0000,1,5,5,1,2,1,2,1,1,2
SF,IF2007,2020-05-27 13:06:10.200,3768.6000,8203,0,2292532920.000,0,-,-,-,-,3768.4000,3767.8000,3767.0000,3766.4000,3765.6000,3769.4000,3769.6000,3769.8000,3770.2000,3775.0000,1,5,5,1,2,1,1,1,1,2
SF,IF2007,2020-05-27 13:06:10.700,3768.6000,8203,0,2292532920.000,0,-,-,-,-,3767.8000,3767.0000,3766.4000,3765.6000,3765.0000,3769.2000,3769.4000,3769.6000,3769.8000,3770.2000,5,5,1,2,2,1,1,1,1,1
SF,IF2007,2020-05-27 13:06:11.200,3768.6000,8203,0,2292532920.000,0,-,-,-,-,3768.0000,3767.8000,3767.0000,3766.4000,3765.6000,3769.2000,3769.4000,3769.6000,3769.8000,3770.2000,1,5,5,1,2,1,1,1,1,1
SF,IF2007,2020-05-27 13:06:11.700,3768.6000,8203,0,2292532920.000,0,-,-,-,-,3768.0000,3767.8000,3767.0000,3766.4000,3765.6000,3769.0000,3769.2000,3769.6000,3769.8000,3770.2000,1,5,5,1,2,1,1,1,1,1
SF,IF2007,2020-05-27 13:06:12.200,3768.6000,8203,0,2292532920.000,0,-,-,-,-,3768.0000,3767.8000,3767.0000,3766.4000,3765.6000,3769.0000,3769.2000,3769.8000,3770.2000,3775.0000,1,5,5,1,2,1,1,1,1,2
SF,IF2007,2020-05-27 13:06:12.700,3768.0000,8204,1,2293663320.000,1,1,0,双开,S,3767.8000,3767.0000,3766.4000,3765.6000,3765.0000,3769.0000,3769.2000,3769.8000,3770.2000,3775.0000,5,5,1,2,2,1,1,1,1,2
SF,IF2007,2020-05-27 13:06:13.200,3768.0000,8204,0,2293663320.000,0,-,-,-,-,3767.8000,3767.0000,3766.4000,3765.6000,3765.0000,3768.6000,3768.8000,3769.0000,3769.2000,3769.8000,5,5,1,2,2,1,1,1,1,1
SF,IF2007,2020-05-27 13:06:13.700,3768.0000,8204,0,2293663320.000,0,-,-,-,-,3767.8000,3767.0000,3766.4000,3765.6000,3765.0000,3768.6000,3769.0000,3769.2000,3769.8000,3770.2000,5,5,1,2,2,1,1,1,1,1
SF,IF2007,2020-05-27 13:06:15.700,3768.0000,8204,0,2293663320.000,0,-,-,-,-,3767.8000,3767.0000,3766.4000,3765.6000,3765.0000,3768.6000,3769.0000,3769.8000,3770.2000,3775.0000,5,5,1,2,2,1,1,1,1,2
SF,IF2007,2020-05-27 13:06:16.700,3768.6000,8205,1,2294793900.000,1,1,0,双开,S,3767.8000,3767.0000,3766.4000,3765.6000,3765.0000,3769.0000,3769.8000,3770.2000,3775.0000,3775.8000,5,5,1,2,2,1,1,1,2,1
SF,IF2007,2020-05-27 13:06:17.200,3768.6000,8205,0,2294793900.000,0,-,-,-,-,3768.0000,3767.8000,3767.0000,3766.4000,3765.6000,3769.0000,3769.8000,3770.2000,3775.0000,3775.8000,1,5,5,1,2,1,1,1,2,1
SF,IF2007,2020-05-27 13:06:20.200,3768.6000,8205,0,2294793900.000,0,-,-,-,-,3768.0000,3767.8000,3767.0000,3766.4000,3765.6000,3769.8000,3770.2000,3775.0000,3775.8000,3779.8000,1,5,5,1,2,1,1,2,1,1
SF,IF2007,2020-05-27 13:06:20.700,3768.6000,8205,0,2294793900.000,0,-,-,-,-,3768.4000,3768.2000,3767.8000,3767.0000,3766.4000,3769.6000,3769.8000,3770.2000,3775.0000,3775.8000,1,1,5,5,1,1,1,1,2,1
SF,IF2007,2020-05-27 13:06:21.700,3768.6000,8205,0,2294793900.000,0,-,-,-,-,3769.0000,3768.6000,3768.4000,3767.8000,3767.0000,3769.6000,3769.8000,3770.2000,3775.0000,3775.8000,1,1,1,5,5,1,1,1,2,1
SF,IF2007,2020-05-27 13:06:22.200,3769.6000,8205,0,2295924780.000,1,0,1,多换,S,3769.0000,3768.6000,3767.8000,3767.0000,3766.4000,3775.0000,3775.8000,3779.8000,3780.0000,3781.0000,1,1,5,5,1,2,1,1,5,1
SF,IF2007,2020-05-27 13:06:22.700,3769.6000,8205,0,2295924780.000,0,-,-,-,-,3770.0000,3769.8000,3769.0000,3767.8000,3767.0000,3770.6000,3770.8000,3771.0000,3771.2000,3771.4000,1,1,1,5,5,3,1,1,3,2
SF,IF2007,2020-05-27 13:06:23.200,3770.0000,8205,0,2299317780.000,3,1,2,多换,S,3769.8000,3769.0000,3767.8000,3767.0000,3766.4000,3770.0000,3770.6000,3771.0000,3772.8000,3773.0000,1,1,5,5,1,1,2,1,1,1
SF,IF2007,2020-05-27 13:06:23.700,3770.0000,8205,0,2300448780.000,1,0,1,多换,S,3769.0000,3767.8000,3767.0000,3766.4000,3765.6000,3772.8000,3773.0000,3774.8000,3775.0000,3775.8000,1,5,5,1,1,1,1,2,3,1
SF,IF2007,2020-05-27 13:06:24.200,3770.0000,8205,0,2300448780.000,0,-,-,-,-,3770.0000,3769.8000,3769.2000,3769.0000,3767.8000,3771.0000,3771.2000,3771.4000,3771.6000,3771.8000,1,1,1,1,5,1,2,2,1,4
SF,IF2007,2020-05-27 13:06:24.700,3769.8000,8206,1,2302710720.000,2,1,1,空开,S,3769.2000,3769.0000,3767.8000,3767.0000,3766.4000,3770.8000,3771.0000,3771.2000,3771.4000,3771.6000,1,1,5,5,1,2,1,2,1,1
SF,IF2007,2020-05-27 13:06:25.200,3769.8000,8206,0,2302710720.000,0,-,-,-,-,3769.2000,3769.0000,3767.8000,3767.0000,3766.4000,3769.6000,3769.8000,3770.0000,3770.4000,3770.8000,1,1,5,5,1,1,1,1,2,2
SF,IF2007,2020-05-27 13:06:25.700,3769.8000,8206,0,2302710720.000,0,-,-,-,-,3769.0000,3767.8000,3767.0000,3766.4000,3765.6000,3769.6000,3769.8000,3770.0000,3770.4000,3770.8000,1,5,5,1,1,1,1,1,1,2
SF,IF2007,2020-05-27 13:06:26.200,3769.8000,8206,0,2302710720.000,0,-,-,-,-,3769.0000,3767.8000,3767.0000,3766.4000,3765.6000,3769.6000,3770.0000,3770.8000,3771.2000,3771.4000,1,5,5,1,1,1,1,2,2,1
SF,IF2007,2020-05-27 13:06:27.200,3769.0000,8207,1,2304972300.000,2,1,1,空开,S,3767.8000,3767.0000,3766.4000,3765.6000,3765.0000,3770.0000,3770.8000,3771.2000,3771.4000,3771.6000,5,5,1,1,2,1,2,2,1,1
SF,IF2007,2020-05-27 13:06:27.700,3769.0000,8207,0,2304972300.000,0,-,-,-,-,3769.2000,3768.8000,3768.0000,3767.8000,3767.0000,3770.0000,3770.8000,3771.2000,3771.4000,3771.6000,1,1,3,5,5,1,1,2,1,1
SF,IF2007,2020-05-27 13:06:28.200,3769.0000,8207,0,2304972300.000,0,-,-,-,-,3769.2000,3768.8000,3768.0000,3767.8000,3767.0000,3770.0000,3771.2000,3771.4000,3771.6000,3772.2000,1,1,3,5,5,1,2,1,1,1
SF,IF2007,2020-05-27 13:06:29.200,3770.0000,8208,1,2306103300.000,1,1,0,双开,S,3769.4000,3769.2000,3768.8000,3768.0000,3767.8000,3771.2000,3771.4000,3771.6000,3772.2000,3772.6000,1,1,1,3,5,2,1,1,1,3
SF,IF2007,2020-05-27 13:06:29.700,3769.4000,8209,1,2307234120.000,1,1,0,双开,S,3769.2000,3768.8000,3768.0000,3767.8000,3767.0000,3770.6000,3771.0000,3771.2000,3771.4000,3771.6000,1,1,3,5,5,1,3,3,1,1
SF,IF2007,2020-05-27 13:06:30.200,3769.4000,8209,0,2307234120.000,0,-,-,-,-,3769.2000,3768.0000,3767.8000,3767.0000,3766.4000,3770.2000,3770.4000,3771.0000,3771.2000,3771.4000,1,3,5,5,1,2,1,2,3,1
SF,IF2007,2020-05-27 13:06:30.700,3769.4000,8209,0,2307234120.000,0,-,-,-,-,3769.2000,3768.0000,3767.8000,3767.0000,3766.4000,3769.8000,3770.2000,3770.4000,3771.2000,3771.4000,1,3,5,5,1,1,1,1,3,1
SF,IF2007,2020-05-27 13:06:32.200,3769.2000,8208,-1,2308364880.000,1,0,1,双平,S,3768.0000,3767.8000,3767.0000,3766.4000,3765.6000,3769.8000,3770.2000,3770.4000,3771.2000,3771.4000,3,5,5,1,1,1,1,1,3,1
SF,IF2007,2020-05-27 13:06:32.700,3769.2000,8208,0,2308364880.000,0,-,-,-,-,3768.4000,3768.2000,3768.0000,3767.8000,3767.0000,3769.8000,3770.2000,3770.4000,3770.8000,3771.2000,1,1,3,5,5,1,1,1,1,3
SF,IF2007,2020-05-27 13:06:34.200,3769.2000,8208,0,2308364880.000,0,-,-,-,-,3768.6000,3768.4000,3768.2000,3768.0000,3767.8000,3769.8000,3770.2000,3770.4000,3770.8000,3771.2000,1,1,1,3,5,1,1,1,1,3
SF,IF2007,2020-05-27 13:06:34.700,3769.2000,8208,0,2308364880.000,0,-,-,-,-,3768.8000,3768.6000,3768.2000,3768.0000,3767.8000,3769.8000,3770.2000,3770.4000,3770.8000,3771.2000,2,1,1,3,5,1,1,1,1,3
SF,IF2007,2020-05-27 13:06:35.200,3768.8000,8208,0,2309495520.000,1,0,1,多换,S,3768.8000,3768.6000,3768.2000,3768.0000,3767.8000,3769.8000,3770.2000,3770.8000,3771.2000,3771.4000,1,1,1,3,5,1,1,1,3,1
SF,IF2007,2020-05-27 13:06:35.700,3768.8000,8208,0,2309495520.000,0,-,-,-,-,3768.8000,3768.2000,3768.0000,3767.8000,3767.0000,3769.8000,3770.2000,3770.8000,3771.2000,3771.4000,1,1,3,5,5,1,1,1,3,1
SF,IF2007,2020-05-27 13:06:36.200,3768.8000,8208,0,2309495520.000,0,-,-,-,-,3768.8000,3768.2000,3768.0000,3767.8000,3767.0000,3769.8000,3770.8000,3771.2000,3771.4000,3771.6000,1,1,3,5,5,1,1,3,1,1
SF,IF2007,2020-05-27 13:06:38.700,3768.8000,8208,0,2309495520.000,0,-,-,-,-,3769.0000,3768.8000,3768.2000,3768.0000,3767.8000,3769.8000,3770.8000,3771.2000,3771.4000,3771.6000,2,1,1,3,5,1,1,3,1,1
SF,IF2007,2020-05-27 13:06:39.200,3768.8000,8208,0,2309495520.000,0,-,-,-,-,3768.8000,3768.2000,3768.0000,3767.8000,3767.0000,3769.8000,3770.8000,3771.2000,3771.4000,3771.6000,1,1,3,5,5,1,1,3,1,1
SF,IF2007,2020-05-27 13:06:39.700,3768.8000,8208,0,2309495520.000,0,-,-,-,-,3768.8000,3768.2000,3768.0000,3767.8000,3767.0000,3769.8000,3771.2000,3771.4000,3771.6000,3772.2000,1,3,3,5,5,1,3,1,1,1
SF,IF2007,2020-05-27 13:06:43.700,3768.8000,8208,0,2310626160.000,1,0,1,多换,S,3768.2000,3768.0000,3767.8000,3767.0000,3766.4000,3769.8000,3771.2000,3771.4000,3771.6000,3772.2000,3,3,5,5,1,1,3,1,1,1
SF,IF2007,2020-05-27 13:06:44.200,3768.8000,8208,0,2310626160.000,0,-,-,-,-,3768.6000,3768.4000,3768.2000,3768.0000,3767.8000,3769.8000,3771.2000,3771.4000,3771.6000,3772.2000,1,1,3,3,5,1,3,1,1,1
SF,IF2007,2020-05-27 13:06:46.700,3768.8000,8208,0,2310626160.000,0,-,-,-,-,3768.8000,3768.6000,3768.4000,3768.2000,3768.0000,3769.8000,3771.2000,3771.4000,3771.6000,3772.2000,1,1,1,3,3,1,3,1,1,1
SF,IF2007,2020-05-27 13:06:47.200,3768.8000,8208,0,2310626160.000,0,-,-,-,-,3769.0000,3768.8000,3768.4000,3768.2000,3768.0000,3769.8000,3771.2000,3771.4000,3771.6000,3772.2000,1,1,1,3,3,1,3,1,1,1
SF,IF2007,2020-05-27 13:06:49.700,3768.8000,8208,0,2310626160.000,0,-,-,-,-,3769.0000,3768.8000,3768.4000,3768.2000,3768.0000,3769.8000,3771.2000,3771.4000,3771.6000,3772.2000,1,1,1,3,3,1,3,1,1,1
SF,IF2007,2020-05-27 13:06:55.200,3769.0000,8208,0,2311756860.000,1,0,1,多换,S,3768.4000,3768.2000,3768.0000,3767.8000,3767.0000,3769.8000,3771.2000,3771.4000,3771.6000,3772.2000,1,3,3,5,5,1,3,1,1,1
SF,IF2007,2020-05-27 13:06:55.700,3769.0000,8208,0,2311756860.000,0,-,-,-,-,3769.4000,3769.0000,3768.6000,3768.4000,3768.2000,3769.8000,3771.2000,3771.4000,3771.6000,3772.2000,5,1,1,1,3,1,3,1,1,1
SF,IF2007,2020-05-27 13:06:57.200,3769.8000,8209,1,2312887800.000,1,1,0,双开,S,3769.4000,3769.0000,3768.4000,3768.2000,3768.0000,3771.2000,3771.4000,3771.6000,3772.2000,3772.6000,5,1,1,3,3,3,1,1,1,2
SF,IF2007,2020-05-27 13:06:57.700,3769.8000,8209,0,2312887800.000,0,-,-,-,-,3769.4000,3769.0000,3768.4000,3768.2000,3768.0000,3770.2000,3770.4000,3770.6000,3771.0000,3771.2000,5,1,1,3,3,1,1,2,1,3
SF,IF2007,2020-05-27 13:06:58.200,3769.8000,8209,0,2312887800.000,0,-,-,-,-,3769.4000,3768.4000,3768.2000,3768.0000,3767.8000,3770.2000,3770.4000,3770.6000,3771.2000,3771.4000,5,1,3,3,5,1,1,2,3,1
SF,IF2007,2020-05-27 13:06:59.700,3769.4000,8210,1,2314018620.000,1,1,0,双开,S,3769.4000,3768.4000,3768.2000,3768.0000,3767.8000,3770.2000,3770.4000,3770.6000,3771.2000,3771.4000,4,1,3,3,5,1,1,2,3,1
SF,IF2007,2020-05-27 13:07:00.200,3769.4000,8210,0,2314018620.000,0,-,-,-,-,3769.4000,3768.4000,3768.2000,3768.0000,3767.8000,3769.8000,3770.2000,3770.4000,3770.6000,3771.2000,4,1,3,3,5,1,1,1,2,3
SF,IF2007,2020-05-27 13:07:00.700,3769.8000,8211,1,2315149560.000,1,1,0,双开,S,3769.4000,3768.4000,3768.2000,3768.0000,3767.8000,3770.2000,3770.4000,3770.6000,3771.2000,3771.4000,4,1,3,3,5,1,1,1,3,1
SF,IF2007,2020-05-27 13:07:01.200,3769.8000,8211,0,2315149560.000,0,-,-,-,-,3769.6000,3769.4000,3768.4000,3768.2000,3768.0000,3770.2000,3770.4000,3770.6000,3771.2000,3771.4000,1,4,1,3,3,1,1,1,3,1
SF,IF2007,2020-05-27 13:07:01.700,3769.8000,8211,0,2315149560.000,0,-,-,-,-,3769.6000,3769.4000,3768.4000,3768.2000,3768.0000,3770.4000,3770.6000,3771.2000,3771.4000,3771.6000,1,4,1,3,3,1,1,3,1,1
SF,IF2007,2020-05-27 13:07:03.200,3769.8000,8211,0,2315149560.000,0,-,-,-,-,3769.6000,3769.4000,3768.4000,3768.2000,3768.0000,3770.2000,3770.4000,3770.6000,3771.2000,3771.4000,1,4,1,3,3,1,1,1,3,1
SF,IF2007,2020-05-27 13:07:04.200,3769.8000,8211,0,2315149560.000,0,-,-,-,-,3769.4000,3768.4000,3768.2000,3768.0000,3767.8000,3769.6000,3770.2000,3770.4000,3770.6000,3771.2000,4,1,3,3,5,1,1,1,1,3
SF,IF2007,2020-05-27 13:07:04.700,3769.6000,8212,1,2316280440.000,1,1,0,双开,S,3769.4000,3768.4000,3768.2000,3768.0000,3767.8000,3770.2000,3770.4000,3770.6000,3771.2000,3771.4000,4,1,3,2,5,1,1,1,3,1
SF,IF2007,2020-05-27 13:07:07.200,3769.4000,8216,4,2320803720.000,4,4,0,双开,S,3768.4000,3768.2000,3768.0000,3767.8000,3767.0000,3770.2000,3770.4000,3770.6000,3771.2000,3771.4000,1,3,2,5,5,1,1,1,3,1
SF,IF2007,2020-05-27 13:07:07.700,3769.4000,8216,0,2320803720.000,0,-,-,-,-,3768.8000,3768.6000,3768.4000,3768.2000,3768.0000,3770.0000,3770.2000,3770.6000,3771.2000,3771.4000,1,1,1,3,2,1,1,1,3,1
SF,IF2007,2020-05-27 13:07:08.200,3769.4000,8216,0,2320803720.000,0,-,-,-,-,3768.8000,3768.6000,3768.4000,3768.2000,3768.0000,3769.8000,3770.0000,3770.2000,3771.2000,3771.4000,1,1,1,3,2,1,1,1,3,1
SF,IF2007,2020-05-27 13:07:10.200,3769.4000,8216,0,2320803720.000,0,-,-,-,-,3769.0000,3768.8000,3768.6000,3768.4000,3768.2000,3769.8000,3770.0000,3770.2000,3771.2000,3771.4000,5,1,1,1,3,1,1,1,3,1
SF,IF2007,2020-05-27 13:07:13.700,3769.4000,8216,0,2320803720.000,0,-,-,-,-,3769.0000,3768.8000,3768.6000,3768.4000,3768.2000,3770.0000,3770.2000,3771.2000,3771.4000,3771.6000,5,1,1,1,3,1,1,3,1,1
SF,IF2007,2020-05-27 13:07:14.200,3769.4000,8216,0,2320803720.000,0,-,-,-,-,3769.0000,3768.8000,3768.6000,3768.4000,3768.2000,3769.6000,3770.0000,3770.2000,3771.2000,3771.4000,5,1,1,1,3,1,1,1,3,1
SF,IF2007,2020-05-27 13:07:14.700,3769.4000,8216,0,2320803720.000,0,-,-,-,-,3769.0000,3768.8000,3768.6000,3768.4000,3768.2000,3769.6000,3770.0000,3770.2000,3771.2000,3771.4000,5,1,1,1,2,1,1,1,3,1
SF,IF2007,2020-05-27 13:07:16.200,3769.0000,8218,2,2323065120.000,2,2,0,双开,S,3769.0000,3768.6000,3768.4000,3768.2000,3767.8000,3769.6000,3770.2000,3771.2000,3771.4000,3771.6000,3,1,1,2,5,1,1,3,1,1
SF,IF2007,2020-05-27 13:07:16.700,3769.0000,8218,0,2324195820.000,1,0,1,多换,S,3769.0000,3768.2000,3767.8000,3767.0000,3766.4000,3769.6000,3770.2000,3771.2000,3771.4000,3771.6000,2,2,5,5,1,1,1,3,1,1
SF,IF2007,2020-05-27 13:07:17.200,3769.0000,8218,0,2326457220.000,2,1,1,多换,S,3768.2000,3767.8000,3767.0000,3766.4000,3765.6000,3769.6000,3770.2000,3771.2000,3771.4000,3771.6000,2,5,5,1,1,1,1,3,1,1
SF,IF2007,2020-05-27 13:07:17.700,3769.0000,8218,0,2326457220.000,0,-,-,-,-,3768.4000,3768.2000,3767.8000,3767.0000,3766.4000,3769.6000,3770.2000,3771.2000,3771.4000,3771.6000,1,2,5,5,1,1,1,3,1,1
SF,IF2007,2020-05-27 13:07:20.200,3769.0000,8218,0,2326457220.000,0,-,-,-,-,3768.4000,3768.2000,3767.8000,3767.0000,3766.4000,3770.2000,3771.2000,3771.4000,3771.6000,3772.2000,1,2,5,5,1,1,3,1,1,1
SF,IF2007,2020-05-27 13:07:20.700,3769.0000,8218,0,2326457220.000,0,-,-,-,-,3768.4000,3768.2000,3767.8000,3767.0000,3766.4000,3769.8000,3770.0000,3770.2000,3771.2000,3771.4000,1,2,5,5,1,1,1,1,3,1
SF,IF2007,2020-05-27 13:07:28.700,3769.0000,8218,0,2326457220.000,0,-,-,-,-,3768.6000,3768.4000,3768.2000,3767.8000,3767.0000,3769.8000,3770.0000,3770.2000,3771.2000,3771.4000,1,1,2,5,5,1,1,1,3,1
SF,IF2007,2020-05-27 13:07:33.200,3769.0000,8218,0,2326457220.000,0,-,-,-,-,3768.4000,3768.2000,3767.8000,3767.0000,3766.4000,3768.6000,3769.6000,3769.8000,3770.0000,3770.2000,1,2,5,5,1,1,1,1,1,1
SF,IF2007,2020-05-27 13:07:33.700,3768.6000,8219,1,2328718380.000,2,1,1,空开,S,3768.2000,3767.8000,3767.0000,3766.4000,3765.6000,3769.8000,3770.2000,3771.2000,3771.4000,3771.6000,2,5,5,1,1,1,1,3,1,1
SF,IF2007,2020-05-27 13:07:34.200,3768.6000,8219,0,2328718380.000,0,-,-,-,-,3768.4000,3768.2000,3767.8000,3767.0000,3766.4000,3769.4000,3769.8000,3770.2000,3771.2000,3771.4000,1,2,5,5,1,1,1,1,3,1
SF,IF2007,2020-05-27 13:07:34.700,3768.6000,8219,0,2328718380.000,0,-,-,-,-,3768.4000,3768.2000,3767.8000,3767.0000,3766.4000,3769.4000,3769.8000,3770.2000,3771.2000,3771.4000,1,2,5,5,1,1,1,1,3,1
SF,IF2007,2020-05-27 13:07:40.700,3768.6000,8219,0,2328718380.000,0,-,-,-,-,3768.6000,3768.4000,3768.2000,3767.8000,3767.0000,3769.4000,3770.2000,3771.2000,3771.4000,3771.6000,1,1,2,5,5,1,1,3,1,1
SF,IF2007,2020-05-27 13:07:46.700,3768.6000,8218,-1,2329848960.000,1,0,1,双平,S,3768.4000,3768.2000,3767.8000,3767.0000,3766.4000,3769.4000,3770.2000,3771.2000,3771.4000,3771.6000,1,2,5,5,1,1,1,3,1,1
SF,IF2007,2020-05-27 13:07:47.200,3768.6000,8218,0,2329848960.000,0,-,-,-,-,3768.6000,3768.4000,3768.2000,3767.8000,3767.0000,3769.4000,3770.2000,3771.2000,3771.4000,3771.6000,1,1,2,5,5,1,1,3,1,1
SF,IF2007,2020-05-27 13:07:47.700,3768.6000,8217,-1,2330979540.000,1,0,1,双平,S,3768.8000,3768.2000,3767.8000,3767.0000,3766.4000,3769.4000,3770.2000,3771.2000,3771.4000,3771.6000,1,2,5,5,1,1,1,3,1,1
SF,IF2007,2020-05-27 13:07:52.200,3768.8000,8218,1,2332110180.000,1,1,0,双开,S,3768.2000,3767.8000,3767.0000,3766.4000,3765.6000,3769.4000,3770.2000,3771.2000,3771.4000,3771.6000,2,5,5,1,1,1,1,3,1,1
SF,IF2007,2020-05-27 13:07:52.700,3768.8000,8218,0,2332110180.000,0,-,-,-,-,3768.4000,3768.2000,3767.8000,3767.0000,3766.4000,3769.4000,3770.2000,3771.2000,3771.4000,3771.6000,1,2,5,5,1,1,1,3,1,1
SF,IF2007,2020-05-27 13:07:55.700,3768.4000,8218,0,2333240700.000,1,0,1,多换,S,3768.2000,3767.8000,3767.0000,3766.4000,3765.6000,3769.4000,3770.2000,3771.2000,3771.4000,3771.6000,2,5,5,1,1,1,1,3,1,1
SF,IF2007,2020-05-27 13:07:56.200,3768.4000,8218,0,2333240700.000,0,-,-,-,-,3768.4000,3768.2000,3767.8000,3767.0000,3766.4000,3769.4000,3770.2000,3771.2000,3771.4000,3771.6000,1,2,5,5,1,1,1,3,1,1
SF,IF2007,2020-05-27 13:07:57.200,3768.4000,8218,0,2333240700.000,0,-,-,-,-,3768.4000,3768.2000,3767.8000,3767.0000,3766.4000,3769.4000,3770.2000,3771.2000,3771.4000,3771.6000,2,2,5,5,1,1,1,3,1,1
SF,IF2007,2020-05-27 13:07:59.200,3768.4000,8218,0,2333240700.000,0,-,-,-,-,3769.0000,3768.4000,3768.2000,3767.8000,3767.0000,3769.4000,3770.2000,3771.2000,3771.4000,3771.6000,5,2,2,5,5,1,1,3,1,1
SF,IF2007,2020-05-27 13:08:03.700,3769.0000,8219,1,2334371400.000,1,1,0,双开,S,3769.0000,3768.4000,3768.2000,3767.8000,3767.0000,3769.4000,3770.2000,3771.2000,3771.4000,3771.6000,4,2,2,5,5,1,1,3,1,1
SF,IF2007,2020-05-27 13:08:05.700,3769.0000,8219,0,2334371400.000,0,-,-,-,-,3769.0000,3768.4000,3768.2000,3767.8000,3767.0000,3769.4000,3770.2000,3771.2000,3771.4000,3771.6000,4,1,2,5,5,1,1,3,1,1
SF,IF2007,2020-05-27 13:08:06.200,3769.0000,8219,0,2334371400.000,0,-,-,-,-,3769.0000,3768.4000,3768.2000,3767.8000,3767.0000,3769.4000,3770.2000,3771.2000,3771.4000,3771.6000,4,1,2,5,5,1,1,3,1,1
SF,IF2007,2020-05-27 13:08:07.700,3769.0000,8220,1,2335502100.000,1,1,0,双开,S,3769.0000,3768.4000,3768.2000,3767.8000,3767.0000,3769.4000,3770.2000,3771.2000,3771.4000,3771.6000,3,1,2,5,5,1,1,3,1,1
SF,IF2007,2020-05-27 13:08:11.200,3769.0000,8220,0,2335502100.000,0,-,-,-,-,3769.0000,3768.4000,3767.8000,3767.0000,3766.4000,3769.4000,3770.2000,3771.2000,3771.4000,3771.6000,3,1,5,5,1,1,1,3,1,1
SF,IF2007,2020-05-27 13:08:12.200,3769.0000,8221,1,2336632800.000,1,1,0,双开,S,3769.0000,3768.4000,3767.8000,3767.0000,3766.4000,3769.4000,3770.2000,3771.2000,3771.4000,3771.6000,2,1,5,5,1,1,1,3,1,1
SF,IF2007,2020-05-27 13:08:13.200,3769.0000,8221,0,2336632800.000,0,-,-,-,-,3769.0000,3768.4000,3767.8000,3767.0000,3766.4000,3769.4000,3770.2000,3771.2000,3771.4000,3771.6000,2,1,5,5,1,1,1,3,1,1
SF,IF2007,2020-05-27 13:08:17.200,3769.0000,8222,1,2337763500.000,1,1,0,双开,S,3769.0000,3768.4000,3767.8000,3767.0000,3766.4000,3769.4000,3770.2000,3771.2000,3771.4000,3771.6000,1,1,5,5,1,1,1,3,1,1
SF,IF2007,2020-05-27 13:08:20.700,3769.4000,8222,0,2338894320.000,1,0,1,多换,S,3769.0000,3768.4000,3767.8000,3767.0000,3766.4000,3770.2000,3771.2000,3771.4000,3771.6000,3772.2000,1,1,5,5,1,1,3,1,1,1
SF,IF2007,2020-05-27 13:08:21.200,3769.4000,8222,0,2338894320.000,0,-,-,-,-,3769.0000,3768.4000,3767.8000,3767.0000,3766.4000,3770.0000,3770.2000,3771.2000,3771.4000,3771.6000,1,1,5,5,1,1,1,3,1,1
SF,IF2007,2020-05-27 13:08:22.700,3769.4000,8222,0,2338894320.000,0,-,-,-,-,3769.0000,3768.4000,3767.8000,3767.0000,3766.4000,3770.0000,3771.2000,3771.4000,3771.6000,3772.2000,1,1,5,5,1,1,3,1,1,1
SF,IF2007,2020-05-27 13:08:24.700,3769.4000,8222,0,2338894320.000,0,-,-,-,-,3769.2000,3769.0000,3768.4000,3767.8000,3767.0000,3770.0000,3771.2000,3771.4000,3771.6000,3772.2000,1,1,1,5,5,1,2,1,1,1
SF,IF2007,2020-05-27 13:08:25.700,3769.2000,8222,0,2340025080.000,1,0,1,多换,S,3769.0000,3768.4000,3767.8000,3767.0000,3766.4000,3770.0000,3771.2000,3771.4000,3771.6000,3772.2000,1,1,5,5,1,1,2,1,1,1
SF,IF2007,2020-05-27 13:08:26.200,3769.2000,8222,0,2340025080.000,0,-,-,-,-,3769.4000,3769.0000,3767.8000,3767.0000,3766.4000,3770.0000,3771.2000,3771.4000,3771.6000,3772.2000,1,1,5,5,1,1,2,1,1,1
SF,IF2007,2020-05-27 13:08:26.700,3770.0000,8221,-1,2341156080.000,1,0,1,双平,S,3769.4000,3769.0000,3767.8000,3767.0000,3766.4000,3771.2000,3771.4000,3771.6000,3772.2000,3772.6000,1,1,5,5,1,2,1,1,1,2
SF,IF2007,2020-05-27 13:08:27.200,3770.0000,8221,0,2341156080.000,0,-,-,-,-,3769.4000,3769.0000,3767.8000,3767.0000,3766.4000,3770.2000,3770.6000,3771.2000,3771.6000,3772.2000,1,1,5,5,1,1,1,2,1,1
SF,IF2007,2020-05-27 13:08:27.700,3770.2000,8220,-1,2343418200.000,2,0,2,多平,S,3769.0000,3767.8000,3767.0000,3766.4000,3766.0000,3770.6000,3771.2000,3772.6000,3772.8000,3775.0000,1,5,5,1,1,1,2,1,1,2
SF,IF2007,2020-05-27 13:08:28.200,3770.2000,8220,0,2343418200.000,0,-,-,-,-,3769.4000,3769.2000,3769.0000,3767.8000,3767.0000,3770.2000,3770.6000,3771.2000,3772.6000,3772.8000,1,2,1,5,5,1,1,2,1,1
SF,IF2007,2020-05-27 13:08:28.700,3770.2000,8220,0,2343418200.000,0,-,-,-,-,3769.4000,3769.2000,3769.0000,3767.8000,3767.0000,3770.6000,3771.2000,3772.6000,3772.8000,3775.0000,1,2,1,5,5,1,2,1,1,2
SF,IF2007,2020-05-27 13:08:29.200,3770.2000,8220,0,2343418200.000,0,-,-,-,-,3769.6000,3769.2000,3769.0000,3767.8000,3767.0000,3770.6000,3771.2000,3772.6000,3772.8000,3775.0000,1,2,1,5,5,1,2,1,1,2
SF,IF2007,2020-05-27 13:08:30.200,3770.2000,8220,0,2343418200.000,0,-,-,-,-,3769.6000,3769.2000,3769.0000,3767.8000,3767.0000,3770.6000,3771.2000,3772.6000,3772.8000,3775.0000,1,1,1,5,5,1,2,1,1,2
SF,IF2007,2020-05-27 13:08:32.200,3770.2000,8220,0,2343418200.000,0,-,-,-,-,3769.8000,3769.6000,3769.0000,3767.8000,3767.0000,3771.2000,3772.6000,3772.8000,3775.0000,3775.6000,1,1,1,5,5,2,1,1,2,1
SF,IF2007,2020-05-27 13:08:32.700,3770.2000,8220,0,2343418200.000,0,-,-,-,-,3769.8000,3769.6000,3769.0000,3767.8000,3767.0000,3775.0000,3775.6000,3775.8000,3776.4000,3779.8000,1,1,1,5,5,2,1,1,1,1
SF,IF2007,2020-05-27 13:08:33.200,3770.2000,8220,0,2343418200.000,0,-,-,-,-,3770.4000,3770.2000,3770.0000,3769.0000,3767.8000,3771.8000,3772.2000,3772.4000,3772.6000,3772.8000,1,6,1,1,5,4,1,1,1,3
SF,IF2007,2020-05-27 13:08:33.700,3770.2000,8220,0,2343418200.000,0,-,-,-,-,3770.4000,3770.2000,3770.0000,3769.0000,3767.8000,3771.8000,3772.4000,3772.6000,3772.8000,3773.0000,1,6,1,1,5,3,1,1,3,3
SF,IF2007,2020-05-27 13:08:34.700,3770.2000,8220,0,2343418200.000,0,-,-,-,-,3770.4000,3770.2000,3770.0000,3769.0000,3767.8000,3771.4000,3771.8000,3772.4000,3772.6000,3772.8000,1,6,1,1,5,1,3,1,1,3
SF,IF2007,2020-05-27 13:08:35.200,3770.2000,8220,0,2343418200.000,0,-,-,-,-,3770.4000,3770.2000,3769.0000,3767.8000,3767.0000,3771.4000,3771.8000,3772.4000,3772.6000,3772.8000,1,6,1,5,5,1,3,1,1,3
SF,IF2007,2020-05-27 13:08:36.700,3770.2000,8220,0,2343418200.000,0,-,-,-,-,3770.4000,3770.2000,3769.0000,3767.8000,3766.4000,3771.4000,3771.8000,3772.4000,3772.6000,3772.8000,1,6,1,5,1,1,3,1,1,3
SF,IF2007,2020-05-27 13:08:37.200,3770.2000,8220,0,2343418200.000,0,-,-,-,-,3770.4000,3770.2000,3769.0000,3766.4000,3766.0000,3771.4000,3771.8000,3772.4000,3772.6000,3772.8000,1,6,1,1,1,1,3,1,1,3
SF,IF2007,2020-05-27 13:08:40.200,3770.2000,8220,0,2343418200.000,0,-,-,-,-,3770.4000,3770.2000,3769.0000,3766.4000,3766.0000,3771.4000,3771.8000,3772.4000,3772.6000,3772.8000,1,6,1,1,1,1,3,1,1,3
SF,IF2007,2020-05-27 13:08:40.700,3770.4000,8219,-1,2344549320.000,1,0,1,双平,S,3770.2000,3769.0000,3766.4000,3766.0000,3765.6000,3771.4000,3771.8000,3772.4000,3772.6000,3772.8000,6,1,1,1,1,1,3,1,1,3
SF,IF2007,2020-05-27 13:08:41.200,3770.4000,8219,0,2344549320.000,0,-,-,-,-,3770.2000,3769.0000,3766.4000,3766.0000,3765.6000,3771.8000,3772.4000,3772.6000,3772.8000,3773.0000,6,1,1,1,1,3,1,1,3,3
SF,IF2007,2020-05-27 13:08:41.700,3770.4000,8219,0,2344549320.000,0,-,-,-,-,3770.2000,3769.0000,3766.4000,3766.0000,3765.6000,3771.8000,3772.4000,3772.6000,3772.8000,3773.0000,6,1,1,1,1,3,1,1,3,2
SF,IF2007,2020-05-27 13:08:42.200,3770.4000,8219,0,2344549320.000,0,-,-,-,-,3770.4000,3770.2000,3769.0000,3766.4000,3766.0000,3771.8000,3772.6000,3772.8000,3773.0000,3774.8000,1,6,1,1,1,3,1,3,2,5
SF,IF2007,2020-05-27 13:08:42.700,3770.4000,8219,0,2344549320.000,0,-,-,-,-,3770.6000,3770.4000,3770.2000,3769.0000,3766.4000,3771.8000,3772.6000,3772.8000,3773.0000,3774.8000,1,1,5,1,1,3,1,3,2,5
SF,IF2007,2020-05-27 13:08:44.700,3770.4000,8219,0,2344549320.000,0,-,-,-,-,3770.6000,3770.4000,3770.2000,3769.0000,3766.4000,3771.6000,3771.8000,3772.6000,3772.8000,3773.0000,1,1,5,1,1,1,3,1,3,2
SF,IF2007,2020-05-27 13:08:48.700,3770.4000,8219,0,2344549320.000,0,-,-,-,-,3770.6000,3770.4000,3770.2000,3769.0000,3766.4000,3771.6000,3771.8000,3772.8000,3773.0000,3774.8000,1,1,5,1,1,1,1,3,1,5
SF,IF2007,2020-05-27 13:08:54.700,3770.4000,8219,0,2344549320.000,0,-,-,-,-,3770.6000,3770.4000,3770.2000,3769.0000,3766.4000,3771.4000,3771.6000,3772.8000,3773.0000,3774.8000,1,1,5,1,1,1,1,3,1,5
SF,IF2007,2020-05-27 13:08:55.200,3770.6000,8219,0,2345680500.000,1,0,1,多换,S,3770.4000,3770.2000,3769.0000,3766.4000,3766.0000,3771.2000,3771.4000,3771.6000,3772.8000,3773.0000,1,5,1,1,1,1,1,1,3,1
SF,IF2007,2020-05-27 13:08:55.700,3770.6000,8219,0,2345680500.000,0,-,-,-,-,3770.4000,3770.2000,3769.0000,3766.4000,3766.0000,3771.2000,3771.4000,3772.8000,3773.0000,3774.8000,1,5,1,1,1,1,1,3,1,5
SF,IF2007,2020-05-27 13:08:56.200,3770.6000,8219,0,2345680500.000,0,-,-,-,-,3770.6000,3770.2000,3769.0000,3766.4000,3766.0000,3771.2000,3771.4000,3772.8000,3773.0000,3774.8000,2,5,1,1,1,1,1,3,1,5
SF,IF2007,2020-05-27 13:08:59.200,3770.6000,8219,0,2346811680.000,1,0,1,多换,S,3770.6000,3770.2000,3769.0000,3766.4000,3766.0000,3771.2000,3771.4000,3772.8000,3773.0000,3774.8000,1,5,1,1,1,1,1,3,1,5
SF,IF2007,2020-05-27 13:09:01.700,3771.2000,8220,1,2347943040.000,1,1,0,双开,S,3770.6000,3770.2000,3769.0000,3766.4000,3766.0000,3771.4000,3772.8000,3773.0000,3774.8000,3775.0000,1,5,1,1,1,1,3,1,5,3
SF,IF2007,2020-05-27 13:09:03.700,3771.2000,8220,0,2347943040.000,0,-,-,-,-,3771.0000,3770.6000,3770.2000,3766.4000,3766.0000,3771.4000,3772.8000,3773.0000,3774.8000,3775.0000,1,1,5,1,1,1,3,1,5,3
SF,IF2007,2020-05-27 13:09:04.200,3771.2000,8220,0,2347943040.000,0,-,-,-,-,3771.0000,3770.2000,3766.4000,3766.0000,3765.6000,3771.4000,3772.8000,3773.0000,3774.8000,3775.0000,1,5,1,1,1,1,3,1,5,3
SF,IF2007,2020-05-27 13:09:07.200,3771.0000,8221,1,2349074340.000,1,1,0,双开,S,3770.2000,3766.4000,3766.0000,3765.6000,3763.8000,3771.4000,3772.8000,3773.0000,3774.8000,3775.0000,5,1,1,1,1,1,3,1,5,3
SF,IF2007,2020-05-27 13:09:07.700,3771.0000,8221,0,2349074340.000,0,-,-,-,-,3770.6000,3770.4000,3770.2000,3766.4000,3766.0000,3771.4000,3772.8000,3773.0000,3774.8000,3775.0000,1,1,5,1,1,1,3,1,5,3
SF,IF2007,2020-05-27 13:09:08.200,3770.6000,8221,0,2350205520.000,1,0,1,多换,S,3770.4000,3770.2000,3766.4000,3766.0000,3765.6000,3771.4000,3772.8000,3773.0000,3774.8000,3775.0000,1,5,1,1,1,1,3,1,5,3
SF,IF2007,2020-05-27 13:09:09.200,3770.6000,8221,0,2350205520.000,0,-,-,-,-,3770.4000,3770.2000,3766.4000,3766.0000,3765.6000,3771.0000,3771.2000,3771.4000,3772.8000,3773.0000,1,5,1,1,1,1,1,1,3,1
SF,IF2007,2020-05-27 13:09:09.700,3770.6000,8221,0,2350205520.000,0,-,-,-,-,3770.4000,3770.2000,3766.4000,3766.0000,3765.6000,3771.0000,3771.2000,3771.4000,3772.8000,3773.0000,1,5,1,1,1,1,1,1,3,1
SF,IF2007,2020-05-27 13:09:13.200,3770.6000,8221,0,2350205520.000,0,-,-,-,-,3770.2000,3766.4000,3766.0000,3765.6000,3763.8000,3771.0000,3771.2000,3772.8000,3773.0000,3774.8000,5,1,1,1,1,1,1,3,1,5
SF,IF2007,2020-05-27 13:09:13.700,3770.6000,8221,0,2350205520.000,0,-,-,-,-,3770.2000,3766.4000,3766.0000,3765.6000,3763.8000,3771.0000,3771.2000,3772.8000,3773.0000,3774.8000,5,1,1,1,1,1,1,3,1,5
SF,IF2007,2020-05-27 13:09:14.700,3770.6000,8221,0,2350205520.000,0,-,-,-,-,3770.2000,3766.4000,3766.0000,3765.6000,3763.8000,3771.2000,3772.8000,3773.0000,3774.8000,3775.0000,5,1,1,1,1,1,3,1,5,3
SF,IF2007,2020-05-27 13:09:15.200,3770.6000,8221,0,2350205520.000,0,-,-,-,-,3770.2000,3766.4000,3766.0000,3765.6000,3763.8000,3770.8000,3771.0000,3771.2000,3772.8000,3773.0000,5,1,1,1,1,1,1,1,3,1
SF,IF2007,2020-05-27 13:09:15.700,3770.6000,8221,0,2350205520.000,0,-,-,-,-,3770.4000,3770.2000,3766.4000,3766.0000,3765.6000,3770.8000,3771.0000,3771.2000,3772.8000,3773.0000,1,5,1,1,1,1,1,1,3,1
SF,IF2007,2020-05-27 13:09:16.200,3770.4000,8222,1,2351336640.000,1,1,0,双开,S,3770.2000,3766.4000,3766.0000,3765.6000,3763.8000,3770.8000,3771.0000,3771.2000,3772.8000,3773.0000,5,1,1,1,1,1,1,1,3,1
SF,IF2007,2020-05-27 13:09:16.700,3770.4000,8222,0,2351336640.000,0,-,-,-,-,3770.2000,3766.4000,3766.0000,3765.6000,3763.8000,3770.8000,3771.0000,3771.2000,3772.8000,3773.0000,5,1,1,1,1,1,1,1,3,1
SF,IF2007,2020-05-27 13:09:17.200,3770.4000,8222,0,2351336640.000,0,-,-,-,-,3770.2000,3766.4000,3766.0000,3765.6000,3763.8000,3770.8000,3771.0000,3771.2000,3772.8000,3773.0000,5,1,1,1,1,1,1,1,3,1
SF,IF2007,2020-05-27 13:09:20.200,3770.4000,8222,0,2351336640.000,0,-,-,-,-,3770.2000,3766.4000,3766.0000,3765.6000,3763.8000,3770.8000,3771.0000,3771.2000,3772.8000,3773.0000,5,1,1,1,1,1,1,1,3,1
SF,IF2007,2020-05-27 13:09:20.700,3770.2000,8222,0,2352467700.000,1,0,1,多换,S,3770.2000,3766.4000,3766.0000,3765.6000,3763.8000,3770.8000,3771.0000,3771.2000,3772.8000,3773.0000,4,1,1,1,1,1,1,1,3,1
SF,IF2007,2020-05-27 13:09:26.700,3770.2000,8222,0,2352467700.000,0,-,-,-,-,3770.2000,3766.4000,3766.0000,3765.6000,3763.8000,3770.8000,3771.0000,3771.2000,3772.8000,3773.0000,4,1,1,1,1,1,1,1,3,1
SF,IF2007,2020-05-27 13:09:29.700,3770.2000,8224,2,2354729820.000,2,2,0,双开,S,3770.2000,3766.4000,3766.0000,3765.6000,3763.8000,3770.8000,3771.0000,3771.2000,3772.8000,3773.0000,2,1,1,1,1,1,1,1,3,1
SF,IF2007,2020-05-27 13:09:30.200,3770.2000,8226,2,2356991940.000,2,2,0,双开,S,3766.4000,3766.0000,3765.6000,3763.8000,3761.0000,3770.6000,3770.8000,3771.2000,3772.8000,3773.0000,1,1,1,1,7,1,1,1,3,1
SF,IF2007,2020-05-27 13:09:30.700,3770.2000,8226,0,2356991940.000,0,-,-,-,-,3769.4000,3768.8000,3768.6000,3768.4000,3768.2000,3770.2000,3770.4000,3771.2000,3772.8000,3773.0000,1,1,2,1,1,1,2,1,3,1
SF,IF2007,2020-05-27 13:09:31.200,3770.2000,8226,0,2356991940.000,0,-,-,-,-,3769.4000,3768.6000,3768.2000,3768.0000,3766.6000,3770.2000,3770.4000,3771.2000,3772.8000,3773.0000,1,2,1,1,6,1,1,1,3,1
SF,IF2007,2020-05-27 13:09:31.700,3769.4000,8227,1,2358122760.000,1,1,0,双开,S,3768.6000,3768.2000,3768.0000,3766.6000,3766.4000,3769.4000,3770.2000,3770.4000,3771.2000,3772.8000,2,1,1,6,2,1,1,1,1,3
SF,IF2007,2020-05-27 13:09:32.200,3769.4000,8226,-1,2359253580.000,1,0,1,双平,S,3768.8000,3766.6000,3766.4000,3766.0000,3763.8000,3771.2000,3772.8000,3773.0000,3774.8000,3775.0000,1,6,2,1,1,1,3,1,3,3
SF,IF2007,2020-05-27 13:09:32.700,3769.4000,8226,0,2359253580.000,0,-,-,-,-,3768.8000,3766.6000,3766.4000,3766.0000,3763.8000,3770.2000,3770.4000,3770.6000,3771.0000,3771.2000,1,6,2,1,1,1,1,4,1,2
SF,IF2007,2020-05-27 13:09:33.200,3769.4000,8226,0,2359253580.000,0,-,-,-,-,3768.8000,3766.6000,3766.4000,3766.0000,3763.8000,3769.8000,3770.0000,3770.6000,3771.0000,3771.2000,2,6,2,1,1,1,1,4,1,2
SF,IF2007,2020-05-27 13:09:33.700,3769.4000,8226,0,2359253580.000,0,-,-,-,-,3768.8000,3766.6000,3766.4000,3766.0000,3763.8000,3769.8000,3770.0000,3770.6000,3771.0000,3771.2000,2,6,2,1,1,1,1,2,1,2
SF,IF2007,2020-05-27 13:09:34.700,3769.4000,8226,0,2359253580.000,0,-,-,-,-,3768.8000,3766.6000,3766.4000,3766.0000,3763.8000,3769.8000,3770.0000,3770.6000,3771.0000,3771.2000,1,6,2,1,1,1,1,2,1,2
SF,IF2007,2020-05-27 13:09:37.700,3769.4000,8226,0,2359253580.000,0,-,-,-,-,3768.8000,3766.6000,3766.4000,3766.0000,3763.8000,3770.0000,3771.0000,3771.2000,3771.6000,3772.8000,1,6,2,1,1,1,1,1,1,3
SF,IF2007,2020-05-27 13:09:38.200,3769.4000,8226,0,2359253580.000,0,-,-,-,-,3769.4000,3769.2000,3769.0000,3766.6000,3766.4000,3771.0000,3771.2000,3771.6000,3772.8000,3773.0000,1,1,2,5,2,1,1,1,3,1
SF,IF2007,2020-05-27 13:09:38.700,3769.4000,8226,0,2359253580.000,0,-,-,-,-,3769.2000,3766.6000,3766.4000,3766.0000,3763.8000,3770.6000,3770.8000,3771.0000,3771.2000,3771.6000,1,5,2,1,1,2,1,1,1,1
SF,IF2007,2020-05-27 13:09:39.200,3769.4000,8226,0,2359253580.000,0,-,-,-,-,3769.2000,3766.6000,3766.4000,3766.0000,3763.8000,3770.2000,3770.4000,3770.6000,3771.0000,3771.2000,1,5,2,1,1,1,1,1,1,1
SF,IF2007,2020-05-27 13:09:42.200,3769.4000,8226,0,2359253580.000,0,-,-,-,-,3769.2000,3766.6000,3766.4000,3766.0000,3763.8000,3770.2000,3770.4000,3771.0000,3771.2000,3771.6000,1,5,2,1,1,1,1,1,1,1
SF,IF2007,2020-05-27 13:09:43.200,3769.4000,8226,0,2359253580.000,0,-,-,-,-,3769.2000,3766.6000,3766.4000,3766.0000,3763.8000,3770.2000,3770.4000,3771.0000,3771.2000,3771.6000,1,5,1,1,1,1,1,1,1,1
SF,IF2007,2020-05-27 13:09:43.700,3770.2000,8226,0,2360384640.000,1,0,1,多换,S,3769.4000,3769.2000,3766.6000,3766.4000,3766.0000,3771.0000,3771.2000,3771.6000,3775.0000,3775.8000,7,1,3,1,1,1,1,1,2,1
SF,IF2007,2020-05-27 13:09:44.200,3770.2000,8226,0,2360384640.000,0,-,-,-,-,3770.2000,3769.8000,3769.6000,3769.4000,3766.6000,3771.0000,3771.2000,3771.6000,3775.0000,3775.8000,1,2,3,6,2,1,1,1,2,1
SF,IF2007,2020-05-27 13:09:44.700,3770.2000,8226,0,2360384640.000,0,-,-,-,-,3770.2000,3769.8000,3769.6000,3769.4000,3766.6000,3771.2000,3771.6000,3775.0000,3775.8000,3776.4000,1,1,3,6,2,1,1,2,1,1
SF,IF2007,2020-05-27 13:09:45.700,3770.2000,8226,0,2360384640.000,0,-,-,-,-,3769.8000,3769.4000,3766.6000,3766.4000,3766.0000,3770.8000,3771.0000,3771.2000,3771.6000,3775.0000,1,3,2,1,1,1,1,1,1,2
SF,IF2007,2020-05-27 13:09:46.200,3770.2000,8226,0,2360384640.000,0,-,-,-,-,3769.8000,3769.4000,3766.6000,3766.4000,3766.0000,3770.8000,3771.0000,3771.2000,3771.6000,3775.0000,1,3,2,1,1,1,1,1,1,2
SF,IF2007,2020-05-27 13:09:46.700,3770.2000,8226,0,2360384640.000,0,-,-,-,-,3770.0000,3769.8000,3769.4000,3766.6000,3766.4000,3770.8000,3771.0000,3771.2000,3771.6000,3775.0000,1,1,3,2,1,1,1,1,1,2
SF,IF2007,2020-05-27 13:09:47.200,3770.2000,8226,0,2360384640.000,0,-,-,-,-,3770.0000,3769.8000,3769.4000,3766.6000,3766.4000,3771.0000,3771.2000,3771.6000,3775.0000,3775.8000,1,1,3,2,1,1,1,1,2,1
SF,IF2007,2020-05-27 13:09:49.700,3770.2000,8226,0,2360384640.000,0,-,-,-,-,3770.0000,3769.8000,3769.4000,3766.6000,3766.4000,3771.0000,3771.2000,3771.6000,3775.0000,3775.8000,1,1,1,2,1,1,1,1,2,1
SF,IF2007,2020-05-27 13:09:54.200,3770.2000,8226,0,2360384640.000,0,-,-,-,-,3770.0000,3769.8000,3769.4000,3766.6000,3766.4000,3771.2000,3771.6000,3775.0000,3775.8000,3776.4000,1,1,1,2,1,1,1,2,1,1
SF,IF2007,2020-05-27 13:09:54.700,3770.2000,8226,0,2360384640.000,0,-,-,-,-,3770.2000,3770.0000,3769.8000,3769.4000,3766.6000,3771.2000,3771.6000,3775.0000,3775.8000,3776.4000,1,1,1,1,2,1,1,2,1,1
SF,IF2007,2020-05-27 13:09:55.700,3770.2000,8226,0,2360384640.000,0,-,-,-,-,3770.4000,3770.2000,3769.4000,3766.6000,3766.4000,3771.2000,3771.6000,3775.0000,3775.8000,3776.4000,1,1,1,2,1,1,1,2,1,1
SF,IF2007,2020-05-27 13:09:57.700,3770.2000,8226,0,2360384640.000,0,-,-,-,-,3770.4000,3770.2000,3769.4000,3766.6000,3766.4000,3771.6000,3775.0000,3775.8000,3776.4000,3779.8000,1,1,1,2,1,1,2,1,1,1
SF,IF2007,2020-05-27 13:09:58.200,3770.2000,8226,0,2360384640.000,0,-,-,-,-,3770.4000,3770.2000,3769.4000,3766.6000,3766.4000,3771.4000,3771.6000,3775.0000,3775.8000,3776.4000,1,1,1,2,1,1,1,2,1,1
SF,IF2007,2020-05-27 13:09:59.200,3770.2000,8226,0,2360384640.000,0,-,-,-,-,3770.4000,3770.2000,3769.4000,3766.6000,3766.0000,3771.4000,3771.6000,3775.0000,3775.8000,3776.4000,1,1,1,1,1,1,1,2,1,1
SF,IF2007,2020-05-27 13:09:59.700,3770.2000,8226,0,2360384640.000,0,-,-,-,-,3770.4000,3770.2000,3769.4000,3766.6000,3766.0000,3771.4000,3771.6000,3775.0000,3775.8000,3776.4000,1,1,1,1,1,1,1,2,1,1
SF,IF2007,2020-05-27 13:10:00.200,3770.2000,8226,0,2360384640.000,0,-,-,-,-,3770.4000,3770.2000,3769.4000,3766.6000,3766.0000,3771.4000,3771.6000,3775.0000,3775.8000,3776.4000,1,1,1,1,1,1,1,2,1,1
SF,IF2007,2020-05-27 13:10:01.200,3770.2000,8226,0,2360384640.000,0,-,-,-,-,3770.4000,3769.4000,3766.6000,3766.0000,3763.8000,3771.2000,3771.4000,3771.6000,3775.0000,3775.8000,1,1,1,1,1,1,1,1,2,1
SF,IF2007,2020-05-27 13:10:02.200,3770.2000,8226,0,2360384640.000,0,-,-,-,-,3770.4000,3769.4000,3766.6000,3766.0000,3763.8000,3771.6000,3775.0000,3775.8000,3776.4000,3779.8000,1,1,1,1,1,1,2,1,1,1
SF,IF2007,2020-05-27 13:10:02.700,3770.2000,8226,0,2360384640.000,0,-,-,-,-,3770.6000,3770.4000,3769.4000,3766.6000,3766.0000,3771.6000,3775.0000,3775.8000,3776.4000,3779.8000,1,1,1,1,1,1,2,1,1,1
SF,IF2007,2020-05-27 13:10:03.200,3770.2000,8226,0,2360384640.000,0,-,-,-,-,3770.8000,3770.6000,3769.4000,3766.6000,3766.0000,3771.6000,3775.0000,3775.8000,3776.4000,3779.8000,1,1,1,1,1,1,2,1,1,1
SF,IF2007,2020-05-27 13:10:07.700,3770.8000,8227,1,2361515880.000,1,1,0,双开,S,3770.6000,3769.4000,3766.6000,3766.0000,3763.8000,3771.4000,3771.6000,3775.0000,3775.8000,3776.4000,1,1,1,1,1,2,1,2,1,1
SF,IF2007,2020-05-27 13:10:08.200,3770.8000,8227,0,2361515880.000,0,-,-,-,-,3769.4000,3766.6000,3766.0000,3763.8000,3761.0000,3771.0000,3771.4000,3771.6000,3775.0000,3775.8000,1,1,1,1,7,1,1,1,2,1
SF,IF2007,2020-05-27 13:10:08.700,3770.8000,8227,0,2361515880.000,0,-,-,-,-,3769.8000,3769.4000,3766.6000,3766.0000,3763.8000,3771.0000,3771.4000,3771.6000,3775.0000,3775.8000,1,1,1,1,1,1,1,1,2,1
SF,IF2007,2020-05-27 13:10:10.200,3770.8000,8227,0,2361515880.000,0,-,-,-,-,3770.0000,3769.8000,3769.4000,3766.6000,3766.0000,3771.0000,3771.4000,3771.6000,3775.0000,3775.8000,2,1,1,1,1,1,1,1,2,1
SF,IF2007,2020-05-27 13:10:14.200,3771.0000,8228,1,2362647180.000,1,1,0,双开,S,3770.2000,3770.0000,3769.4000,3766.6000,3766.0000,3771.6000,3775.0000,3775.8000,3776.4000,3779.8000,1,2,1,1,1,1,2,1,1,1
SF,IF2007,2020-05-27 13:10:14.700,3771.0000,8228,0,2362647180.000,0,-,-,-,-,3770.4000,3770.2000,3770.0000,3769.4000,3766.6000,3771.4000,3771.6000,3775.0000,3775.8000,3776.4000,1,1,2,1,1,1,1,2,1,1
SF,IF2007,2020-05-27 13:10:15.700,3771.0000,8228,0,2362647180.000,0,-,-,-,-,3770.4000,3770.2000,3770.0000,3769.4000,3766.6000,3771.4000,3771.6000,3774.6000,3775.0000,3775.8000,1,1,2,1,1,1,1,1,2,1
SF,IF2007,2020-05-27 13:10:16.200,3771.0000,8228,0,2362647180.000,0,-,-,-,-,3770.6000,3770.4000,3770.2000,3770.0000,3769.4000,3771.4000,3771.6000,3774.6000,3775.0000,3775.8000,1,1,1,2,1,1,1,1,2,1
SF,IF2007,2020-05-27 13:10:17.200,3771.0000,8228,0,2362647180.000,0,-,-,-,-,3770.6000,3770.4000,3770.2000,3770.0000,3769.4000,3771.4000,3774.6000,3775.0000,3775.8000,3776.4000,1,1,1,2,1,1,1,2,1,1
SF,IF2007,2020-05-27 13:10:18.700,3771.0000,8228,0,2362647180.000,0,-,-,-,-,3770.6000,3770.4000,3770.2000,3770.0000,3766.6000,3771.4000,3774.6000,3775.0000,3775.8000,3776.4000,1,1,1,2,1,1,1,2,1,1
SF,IF2007,2020-05-27 13:10:19.700,3771.0000,8228,0,2362647180.000,0,-,-,-,-,3770.4000,3770.2000,3770.0000,3766.6000,3766.0000,3771.2000,3771.4000,3774.6000,3775.0000,3775.8000,1,1,2,1,1,1,1,1,2,1
SF,IF2007,2020-05-27 13:10:22.200,3771.0000,8228,0,2362647180.000,0,-,-,-,-,3770.4000,3770.2000,3770.0000,3766.6000,3766.0000,3771.4000,3774.6000,3775.0000,3775.8000,3776.4000,1,1,2,1,1,1,1,2,1,1
SF,IF2007,2020-05-27 13:10:23.700,3771.0000,8228,0,2362647180.000,0,-,-,-,-,3770.4000,3770.2000,3770.0000,3766.6000,3766.0000,3771.0000,3771.2000,3771.4000,3774.6000,3775.0000,1,1,2,1,1,1,1,1,1,2
SF,IF2007,2020-05-27 13:10:26.200,3771.0000,8228,0,2362647180.000,0,-,-,-,-,3770.2000,3770.0000,3766.6000,3766.0000,3763.8000,3771.0000,3771.2000,3771.4000,3774.6000,3775.0000,1,2,1,1,1,1,1,1,1,2
SF,IF2007,2020-05-27 13:10:26.700,3771.0000,8228,0,2362647180.000,0,-,-,-,-,3770.2000,3770.0000,3766.6000,3766.0000,3763.8000,3771.0000,3771.2000,3771.4000,3774.6000,3775.0000,1,2,1,1,1,1,1,1,1,2
SF,IF2007,2020-05-27 13:10:27.200,3771.0000,8228,0,2362647180.000,0,-,-,-,-,3770.0000,3766.6000,3766.0000,3763.8000,3761.0000,3771.0000,3771.2000,3771.4000,3774.6000,3775.0000,2,1,1,1,7,1,1,1,1,2
SF,IF2007,2020-05-27 13:10:27.700,3771.0000,8228,0,2362647180.000,0,-,-,-,-,3770.0000,3766.6000,3766.0000,3763.8000,3761.0000,3771.0000,3771.2000,3774.6000,3775.0000,3775.8000,2,1,1,1,7,1,1,1,2,1
SF,IF2007,2020-05-27 13:10:28.200,3771.0000,8228,0,2362647180.000,0,-,-,-,-,3770.0000,3766.6000,3766.0000,3763.8000,3761.0000,3771.0000,3771.2000,3774.6000,3775.0000,3775.8000,2,1,1,1,7,1,1,1,2,1
SF,IF2007,2020-05-27 13:10:31.700,3771.0000,8228,0,2362647180.000,0,-,-,-,-,3770.0000,3766.6000,3766.0000,3763.8000,3761.0000,3771.0000,3774.6000,3775.0000,3775.8000,3776.4000,2,1,1,1,7,1,1,2,1,1
SF,IF2007,2020-05-27 13:10:33.700,3771.0000,8228,0,2362647180.000,0,-,-,-,-,3770.2000,3770.0000,3766.6000,3766.0000,3763.8000,3771.0000,3774.6000,3775.0000,3775.8000,3776.4000,1,2,1,1,1,1,1,2,1,1
SF,IF2007,2020-05-27 13:10:42.200,3771.0000,8228,0,2362647180.000,0,-,-,-,-,3770.2000,3770.0000,3766.6000,3766.0000,3763.8000,3771.0000,3773.0000,3774.6000,3775.0000,3775.8000,1,2,1,1,1,1,1,1,2,1
SF,IF2007,2020-05-27 13:10:47.700,3771.0000,8228,0,2362647180.000,0,-,-,-,-,3770.2000,3770.0000,3766.6000,3766.0000,3763.8000,3771.0000,3773.0000,3774.6000,3775.0000,3775.2000,1,2,1,1,1,1,1,1,2,1
SF,IF2007,2020-05-27 13:10:59.700,3771.0000,8228,0,2362647180.000,0,-,-,-,-,3770.2000,3770.0000,3766.6000,3766.0000,3763.8000,3773.0000,3774.6000,3775.0000,3775.2000,3775.8000,1,2,1,1,1,1,1,2,1,1
SF,IF2007,2020-05-27 13:11:00.200,3771.0000,8228,0,2362647180.000,0,-,-,-,-,3770.4000,3770.2000,3770.0000,3766.6000,3766.0000,3771.8000,3772.0000,3772.2000,3772.4000,3772.8000,2,1,2,1,1,1,1,3,2,5
SF,IF2007,2020-05-27 13:11:00.700,3771.0000,8228,0,2362647180.000,0,-,-,-,-,3770.4000,3770.2000,3770.0000,3766.6000,3766.0000,3771.4000,3771.6000,3771.8000,3772.2000,3772.8000,1,1,2,1,1,1,1,1,3,4
SF,IF2007,2020-05-27 13:11:01.200,3771.0000,8228,0,2362647180.000,0,-,-,-,-,3770.4000,3770.2000,3770.0000,3766.6000,3766.0000,3771.4000,3771.6000,3771.8000,3772.2000,3772.8000,1,1,2,1,1,1,1,1,3,3
SF,IF2007,2020-05-27 13:11:05.200,3771.0000,8228,0,2362647180.000,0,-,-,-,-,3770.2000,3770.0000,3766.6000,3766.0000,3763.8000,3771.4000,3771.6000,3772.2000,3772.8000,3773.0000,1,2,1,1,1,1,1,3,3,4
SF,IF2007,2020-05-27 13:11:05.700,3771.0000,8228,0,2362647180.000,0,-,-,-,-,3770.2000,3770.0000,3766.6000,3766.0000,3763.8000,3771.2000,3771.4000,3772.2000,3772.8000,3773.0000,1,2,1,1,1,2,1,3,3,4
SF,IF2007,2020-05-27 13:11:06.200,3771.0000,8228,0,2362647180.000,0,-,-,-,-,3770.0000,3766.6000,3766.0000,3763.8000,3761.0000,3771.2000,3771.4000,3772.2000,3772.8000,3773.0000,2,1,1,1,7,2,1,3,3,3
SF,IF2007,2020-05-27 13:11:06.700,3771.0000,8228,0,2362647180.000,0,-,-,-,-,3770.0000,3766.6000,3766.0000,3763.8000,3761.0000,3771.2000,3771.4000,3772.2000,3772.8000,3773.0000,2,1,1,1,7,2,1,3,3,3
SF,IF2007,2020-05-27 13:11:07.200,3771.0000,8228,0,2362647180.000,0,-,-,-,-,3770.0000,3766.6000,3766.0000,3763.8000,3761.0000,3771.0000,3771.2000,3771.4000,3772.2000,3772.8000,2,1,1,1,7,2,1,1,3,3
SF,IF2007,2020-05-27 13:11:07.700,3771.0000,8228,0,2362647180.000,0,-,-,-,-,3770.0000,3766.6000,3766.0000,3763.8000,3761.0000,3771.0000,3771.2000,3771.4000,3772.2000,3772.8000,2,1,1,1,7,2,1,1,3,3
SF,IF2007,2020-05-27 13:11:08.200,3771.0000,8228,0,2362647180.000,0,-,-,-,-,3770.0000,3766.6000,3766.0000,3763.8000,3761.0000,3770.8000,3771.0000,3771.4000,3772.2000,3772.8000,2,1,1,1,7,1,2,1,3,3
SF,IF2007,2020-05-27 13:11:08.700,3770.0000,8230,2,2364909180.000,2,2,0,双开,S,3766.6000,3766.0000,3763.8000,3761.0000,3760.2000,3770.8000,3771.4000,3772.2000,3772.8000,3773.0000,1,1,1,7,1,1,1,3,3,3
SF,IF2007,2020-05-27 13:11:09.200,3770.0000,8230,0,2364909180.000,0,-,-,-,-,3768.8000,3768.4000,3768.2000,3768.0000,3767.6000,3770.2000,3770.4000,3771.4000,3772.2000,3772.8000,2,1,4,2,1,1,1,1,3,3
SF,IF2007,2020-05-27 13:11:09.700,3770.0000,8230,0,2364909180.000,0,-,-,-,-,3769.0000,3768.8000,3768.2000,3768.0000,3767.6000,3770.2000,3770.4000,3771.4000,3772.2000,3772.8000,1,1,4,1,1,1,1,1,3,3
SF,IF2007,2020-05-27 13:11:10.200,3770.0000,8230,0,2364909180.000,0,-,-,-,-,3769.2000,3769.0000,3768.8000,3768.2000,3768.0000,3770.0000,3770.2000,3770.4000,3771.4000,3772.2000,1,1,1,4,1,1,1,1,1,3
SF,IF2007,2020-05-27 13:11:11.200,3770.0000,8230,0,2364909180.000,0,-,-,-,-,3769.2000,3769.0000,3768.2000,3768.0000,3767.6000,3770.0000,3770.2000,3770.4000,3771.4000,3772.2000,1,1,4,1,1,1,1,1,1,3
SF,IF2007,2020-05-27 13:11:12.700,3770.0000,8230,0,2364909180.000,0,-,-,-,-,3769.2000,3769.0000,3768.2000,3768.0000,3767.6000,3770.2000,3770.4000,3771.4000,3772.2000,3772.8000,1,1,4,1,1,1,1,1,3,3
SF,IF2007,2020-05-27 13:11:15.700,3770.0000,8230,0,2364909180.000,0,-,-,-,-,3769.2000,3769.0000,3768.2000,3768.0000,3767.6000,3770.2000,3770.4000,3771.0000,3771.4000,3772.2000,1,1,4,1,1,1,1,1,1,3
SF,IF2007,2020-05-27 13:11:18.700,3770.0000,8230,0,2364909180.000,0,-,-,-,-,3769.2000,3769.0000,3768.2000,3768.0000,3767.6000,3769.8000,3770.2000,3770.4000,3771.0000,3771.4000,1,1,4,1,1,1,1,1,1,1
SF,IF2007,2020-05-27 13:11:19.200,3770.0000,8230,0,2364909180.000,0,-,-,-,-,3769.0000,3768.2000,3768.0000,3766.8000,3766.6000,3769.8000,3770.2000,3771.0000,3771.4000,3772.2000,1,4,1,6,2,1,1,1,1,3
SF,IF2007,2020-05-27 13:11:19.700,3770.0000,8230,0,2364909180.000,0,-,-,-,-,3768.2000,3768.0000,3766.8000,3766.6000,3766.0000,3770.2000,3771.0000,3771.4000,3772.2000,3772.8000,1,1,6,2,1,1,1,1,3,3
SF,IF2007,2020-05-27 13:11:20.200,3770.0000,8230,0,2364909180.000,0,-,-,-,-,3768.6000,3768.4000,3768.2000,3766.8000,3766.6000,3769.6000,3769.8000,3770.0000,3770.2000,3771.0000,1,3,1,5,2,1,1,1,1,1
SF,IF2007,2020-05-27 13:11:20.700,3770.0000,8230,0,2364909180.000,0,-,-,-,-,3768.6000,3768.4000,3768.2000,3766.8000,3766.6000,3769.6000,3769.8000,3770.0000,3771.0000,3771.4000,1,1,1,5,2,1,1,1,1,1
SF,IF2007,2020-05-27 13:11:22.200,3770.0000,8230,0,2364909180.000,0,-,-,-,-,3768.6000,3768.4000,3768.2000,3766.8000,3766.6000,3769.6000,3769.8000,3771.0000,3771.4000,3772.2000,1,1,1,5,2,1,1,1,1,3
SF,IF2007,2020-05-27 13:11:22.700,3770.0000,8230,0,2364909180.000,0,-,-,-,-,3768.4000,3766.8000,3766.6000,3766.0000,3763.8000,3769.4000,3769.6000,3769.8000,3771.0000,3771.4000,1,4,1,1,1,2,1,1,1,1
SF,IF2007,2020-05-27 13:11:23.200,3770.0000,8230,0,2364909180.000,0,-,-,-,-,3766.8000,3766.6000,3766.0000,3763.8000,3761.0000,3769.4000,3769.6000,3769.8000,3771.0000,3771.4000,4,1,1,1,7,2,1,1,1,1
SF,IF2007,2020-05-27 13:11:23.700,3770.0000,8230,0,2364909180.000,0,-,-,-,-,3768.0000,3767.8000,3767.6000,3767.4000,3767.2000,3769.2000,3769.4000,3769.6000,3769.8000,3771.0000,1,1,1,4,2,1,2,1,1,1
SF,IF2007,2020-05-27 13:11:24.200,3770.0000,8230,0,2364909180.000,0,-,-,-,-,3768.0000,3767.8000,3767.6000,3767.4000,3767.2000,3769.0000,3769.4000,3769.6000,3771.0000,3771.4000,1,1,1,4,2,1,2,1,1,1
SF,IF2007,2020-05-27 13:11:24.700,3770.0000,8230,0,2364909180.000,0,-,-,-,-,3768.0000,3767.8000,3767.4000,3767.2000,3767.0000,3769.0000,3769.4000,3769.6000,3771.0000,3771.4000,1,1,4,2,1,1,2,1,1,1
SF,IF2007,2020-05-27 13:11:25.200,3770.0000,8230,0,2364909180.000,0,-,-,-,-,3768.0000,3767.8000,3767.4000,3767.2000,3767.0000,3769.0000,3769.6000,3771.0000,3771.4000,3772.2000,1,1,4,2,1,1,1,1,1,3
SF,IF2007,2020-05-27 13:11:30.200,3770.0000,8230,0,2364909180.000,0,-,-,-,-,3768.0000,3767.8000,3767.4000,3767.2000,3767.0000,3769.6000,3771.0000,3771.4000,3772.2000,3772.8000,1,1,4,2,1,1,1,1,3,3
SF,IF2007,2020-05-27 13:11:30.700,3770.0000,8230,0,2364909180.000,0,-,-,-,-,3768.2000,3767.8000,3767.4000,3767.2000,3767.0000,3769.4000,3769.6000,3771.0000,3771.4000,3772.2000,1,1,4,2,1,1,1,1,1,3
SF,IF2007,2020-05-27 13:11:31.200,3770.0000,8230,0,2364909180.000,0,-,-,-,-,3768.2000,3767.8000,3767.4000,3767.2000,3767.0000,3769.2000,3769.4000,3769.6000,3771.0000,3771.4000,1,1,4,2,1,1,1,1,1,1
SF,IF2007,2020-05-27 13:11:31.700,3770.0000,8230,0,2364909180.000,0,-,-,-,-,3768.4000,3767.4000,3767.2000,3767.0000,3766.8000,3769.2000,3769.4000,3769.6000,3771.0000,3771.4000,1,4,2,1,5,1,1,1,1,1
SF,IF2007,2020-05-27 13:11:32.200,3770.0000,8230,0,2364909180.000,0,-,-,-,-,3768.6000,3767.4000,3767.2000,3767.0000,3766.8000,3769.4000,3769.6000,3771.0000,3771.4000,3772.2000,1,4,2,1,5,1,1,1,1,3
SF,IF2007,2020-05-27 13:11:32.700,3770.0000,8230,0,2364909180.000,0,-,-,-,-,3767.4000,3767.2000,3767.0000,3766.8000,3766.0000,3769.2000,3769.4000,3769.6000,3771.0000,3771.4000,4,2,1,5,1,1,1,1,1,1
SF,IF2007,2020-05-27 13:11:33.200,3770.0000,8230,0,2364909180.000,0,-,-,-,-,3768.2000,3767.8000,3767.6000,3767.4000,3767.2000,3769.4000,3769.6000,3771.0000,3771.4000,3772.2000,2,1,2,4,2,1,1,1,1,3
SF,IF2007,2020-05-27 13:11:33.700,3770.0000,8230,0,2364909180.000,0,-,-,-,-,3768.4000,3768.2000,3767.6000,3767.4000,3767.2000,3769.6000,3771.0000,3771.4000,3772.2000,3772.8000,1,2,2,4,2,1,1,1,3,3
SF,IF2007,2020-05-27 13:11:34.200,3770.0000,8230,0,2364909180.000,0,-,-,-,-,3768.6000,3768.2000,3767.6000,3767.4000,3767.2000,3769.6000,3771.0000,3771.4000,3772.2000,3772.8000,2,1,2,4,2,1,1,1,3,3
SF,IF2007,2020-05-27 13:11:34.700,3770.0000,8230,0,2364909180.000,0,-,-,-,-,3768.8000,3768.6000,3767.6000,3767.4000,3767.2000,3769.6000,3771.0000,3771.4000,3772.2000,3772.8000,1,1,2,4,2,1,1,1,3,3
SF,IF2007,2020-05-27 13:11:42.200,3770.0000,8230,0,2364909180.000,0,-,-,-,-,3768.6000,3767.6000,3767.4000,3767.2000,3767.0000,3769.6000,3771.0000,3771.4000,3772.2000,3772.8000,1,2,4,2,1,1,1,1,3,3
SF,IF2007,2020-05-27 13:11:44.200,3770.0000,8230,0,2364909180.000,0,-,-,-,-,3768.8000,3768.6000,3767.6000,3767.4000,3767.2000,3771.0000,3771.4000,3772.2000,3772.8000,3773.0000,1,1,2,4,2,1,1,3,3,2
SF,IF2007,2020-05-27 13:11:44.700,3770.0000,8230,0,2364909180.000,0,-,-,-,-,3769.2000,3769.0000,3767.6000,3767.4000,3767.2000,3770.4000,3770.6000,3771.0000,3771.4000,3772.2000,1,3,2,4,2,2,1,1,1,3
SF,IF2007,2020-05-27 13:11:45.200,3770.0000,8230,0,2364909180.000,0,-,-,-,-,3769.2000,3769.0000,3767.6000,3767.4000,3767.2000,3770.4000,3770.6000,3771.0000,3771.4000,3772.2000,1,1,2,4,2,2,1,1,1,3
SF,IF2007,2020-05-27 13:11:46.200,3770.0000,8230,0,2364909180.000,0,-,-,-,-,3769.6000,3769.2000,3769.0000,3767.6000,3767.4000,3770.4000,3770.6000,3771.0000,3771.4000,3772.2000,1,1,1,2,4,2,1,1,1,3
SF,IF2007,2020-05-27 13:11:46.700,3770.0000,8230,0,2364909180.000,0,-,-,-,-,3769.6000,3769.2000,3769.0000,3767.4000,3767.2000,3770.4000,3770.6000,3771.0000,3771.4000,3772.2000,1,1,1,4,2,1,1,1,1,3
SF,IF2007,2020-05-27 13:11:47.700,3770.0000,8230,0,2364909180.000,0,-,-,-,-,3769.6000,3769.2000,3767.4000,3767.2000,3766.8000,3770.6000,3771.0000,3771.4000,3772.2000,3772.8000,1,1,4,2,5,1,1,1,3,2
SF,IF2007,2020-05-27 13:11:49.200,3770.0000,8230,0,2364909180.000,0,-,-,-,-,3769.6000,3767.4000,3767.2000,3766.8000,3766.0000,3770.6000,3771.0000,3771.4000,3772.2000,3772.8000,1,4,2,5,1,1,1,1,3,2
SF,IF2007,2020-05-27 13:11:58.700,3770.0000,8230,0,2364909180.000,0,-,-,-,-,3769.6000,3767.4000,3767.2000,3766.8000,3766.0000,3770.6000,3771.0000,3771.4000,3772.2000,3772.8000,1,4,2,5,1,1,1,1,4,2
SF,IF2007,2020-05-27 13:12:06.200,3769.6000,8231,1,2366040060.000,1,1,0,双开,S,3767.4000,3767.2000,3766.8000,3766.0000,3763.8000,3770.6000,3771.0000,3771.4000,3772.2000,3772.8000,4,2,5,1,1,1,1,1,4,2
SF,IF2007,2020-05-27 13:12:06.700,3769.6000,8231,0,2366040060.000,0,-,-,-,-,3768.8000,3768.6000,3768.0000,3767.6000,3767.4000,3770.0000,3770.2000,3771.0000,3771.4000,3772.2000,2,1,1,7,5,1,1,1,1,4
SF,IF2007,2020-05-27 13:12:07.200,3769.6000,8231,0,2366040060.000,0,-,-,-,-,3768.8000,3768.6000,3767.6000,3767.4000,3767.2000,3769.8000,3770.0000,3770.2000,3771.0000,3771.4000,1,1,5,5,1,1,1,1,1,1
SF,IF2007,2020-05-27 13:12:08.700,3769.6000,8231,0,2366040060.000,0,-,-,-,-,3768.8000,3768.6000,3767.6000,3767.4000,3767.2000,3769.8000,3770.0000,3770.2000,3771.0000,3771.4000,1,1,4,5,1,1,1,1,1,1
SF,IF2007,2020-05-27 13:12:09.200,3769.6000,8231,0,2366040060.000,0,-,-,-,-,3768.8000,3768.6000,3767.6000,3767.4000,3767.2000,3769.8000,3770.0000,3770.2000,3771.0000,3771.4000,1,1,4,5,1,1,1,1,1,1
SF,IF2007,2020-05-27 13:12:23.700,3769.6000,8231,0,2366040060.000,0,-,-,-,-,3769.2000,3769.0000,3767.6000,3767.4000,3767.2000,3770.2000,3771.0000,3771.4000,3772.2000,3772.8000,1,2,4,5,1,1,1,1,3,2
SF,IF2007,2020-05-27 13:12:24.200,3769.6000,8231,0,2366040060.000,0,-,-,-,-,3769.6000,3769.2000,3769.0000,3767.6000,3767.4000,3771.0000,3771.4000,3772.2000,3772.8000,3773.0000,1,1,2,4,5,1,1,3,2,1
SF,IF2007,2020-05-27 13:12:24.700,3769.6000,8231,0,2366040060.000,0,-,-,-,-,3769.6000,3769.2000,3769.0000,3767.6000,3767.4000,3770.6000,3770.8000,3771.0000,3771.4000,3772.2000,1,1,1,2,5,1,1,1,1,3
SF,IF2007,2020-05-27 13:12:25.700,3769.6000,8231,0,2366040060.000,0,-,-,-,-,3769.6000,3769.0000,3767.6000,3767.4000,3767.2000,3770.6000,3770.8000,3771.0000,3771.4000,3772.2000,1,1,2,5,1,1,1,1,1,3
SF,IF2007,2020-05-27 13:12:26.200,3769.6000,8231,0,2366040060.000,0,-,-,-,-,3769.8000,3769.0000,3767.6000,3767.4000,3767.2000,3770.6000,3770.8000,3771.0000,3771.4000,3772.2000,1,1,2,5,1,1,1,1,1,3
SF,IF2007,2020-05-27 13:12:30.200,3769.6000,8231,0,2366040060.000,0,-,-,-,-,3769.8000,3769.0000,3767.6000,3767.4000,3767.2000,3770.4000,3770.6000,3770.8000,3771.0000,3771.4000,1,1,2,5,1,1,1,1,1,1
SF,IF2007,2020-05-27 13:12:33.200,3769.6000,8231,0,2366040060.000,0,-,-,-,-,3767.6000,3767.4000,3767.2000,3766.8000,3766.0000,3770.4000,3770.6000,3771.0000,3771.4000,3772.2000,2,5,1,2,1,1,1,1,1,3
SF,IF2007,2020-05-27 13:12:33.700,3769.6000,8231,0,2366040060.000,0,-,-,-,-,3769.2000,3768.8000,3768.4000,3767.8000,3767.6000,3770.2000,3770.4000,3771.0000,3771.4000,3772.2000,1,2,1,2,3,1,1,1,1,3
SF,IF2007,2020-05-27 13:12:34.200,3769.6000,8231,0,2366040060.000,0,-,-,-,-,3769.2000,3768.8000,3768.4000,3767.8000,3767.6000,3770.2000,3770.4000,3771.0000,3771.4000,3772.2000,1,1,1,2,3,1,1,1,1,3
SF,IF2007,2020-05-27 13:12:35.200,3769.6000,8231,0,2366040060.000,0,-,-,-,-,3769.2000,3768.8000,3768.4000,3767.8000,3767.6000,3770.2000,3770.4000,3771.0000,3771.4000,3772.2000,1,1,1,2,3,1,1,2,1,3
SF,IF2007,2020-05-27 13:12:38.700,3769.6000,8231,0,2366040060.000,0,-,-,-,-,3769.2000,3768.8000,3768.4000,3767.8000,3767.6000,3770.2000,3770.4000,3771.0000,3771.4000,3772.0000,1,1,1,2,3,1,1,2,1,1
SF,IF2007,2020-05-27 13:12:39.200,3769.6000,8231,0,2366040060.000,0,-,-,-,-,3769.4000,3768.8000,3768.4000,3767.8000,3767.6000,3770.2000,3770.4000,3771.0000,3771.4000,3772.0000,1,1,1,2,3,1,1,2,1,1
SF,IF2007,2020-05-27 13:12:39.700,3769.6000,8231,0,2366040060.000,0,-,-,-,-,3769.4000,3768.4000,3767.8000,3767.6000,3767.4000,3770.2000,3770.4000,3771.0000,3771.4000,3772.0000,1,1,2,3,1,1,1,2,1,1
SF,IF2007,2020-05-27 13:12:49.700,3769.6000,8231,0,2366040060.000,0,-,-,-,-,3768.4000,3767.8000,3767.6000,3767.4000,3766.8000,3770.2000,3770.4000,3771.0000,3771.4000,3772.0000,1,2,3,1,2,1,1,2,1,1
SF,IF2007,2020-05-27 13:12:50.200,3769.6000,8231,0,2366040060.000,0,-,-,-,-,3768.8000,3768.4000,3767.8000,3767.6000,3767.4000,3770.2000,3770.4000,3771.0000,3771.4000,3772.0000,3,1,2,2,1,1,1,2,1,1
SF,IF2007,2020-05-27 13:12:57.700,3769.6000,8231,0,2366040060.000,0,-,-,-,-,3768.8000,3767.8000,3767.6000,3767.4000,3766.8000,3770.2000,3770.4000,3771.0000,3771.4000,3772.0000,3,2,2,1,2,1,1,2,1,1
SF,IF2007,2020-05-27 13:13:02.700,3769.6000,8231,0,2366040060.000,0,-,-,-,-,3769.2000,3768.8000,3767.8000,3767.6000,3767.4000,3770.2000,3770.4000,3771.0000,3771.4000,3772.0000,1,3,2,2,1,1,1,2,1,1
SF,IF2007,2020-05-27 13:13:03.700,3769.6000,8231,0,2366040060.000,0,-,-,-,-,3768.8000,3767.8000,3767.6000,3767.4000,3766.8000,3769.8000,3770.2000,3770.4000,3771.0000,3771.4000,3,2,1,1,2,1,1,1,2,1
SF,IF2007,2020-05-27 13:13:05.200,3769.6000,8231,0,2366040060.000,0,-,-,-,-,3768.8000,3767.8000,3767.6000,3767.4000,3766.8000,3769.8000,3770.2000,3770.4000,3771.0000,3771.4000,2,2,1,1,2,1,1,1,2,1
SF,IF2007,2020-05-27 13:13:13.700,3769.6000,8231,0,2366040060.000,0,-,-,-,-,3769.0000,3768.8000,3767.8000,3767.6000,3767.4000,3769.8000,3770.2000,3770.4000,3771.0000,3771.4000,1,2,2,1,1,1,1,1,2,1
SF,IF2007,2020-05-27 13:13:17.700,3769.6000,8231,0,2366040060.000,0,-,-,-,-,3768.8000,3767.8000,3767.6000,3767.4000,3766.8000,3769.8000,3770.2000,3770.4000,3771.0000,3771.4000,2,2,1,1,2,1,1,1,2,1
SF,IF2007,2020-05-27 13:13:20.200,3769.6000,8231,0,2366040060.000,0,-,-,-,-,3769.0000,3768.8000,3767.8000,3767.6000,3767.4000,3769.8000,3770.2000,3770.4000,3771.0000,3771.4000,1,2,2,1,1,1,1,1,2,1
SF,IF2007,2020-05-27 13:13:23.200,3769.6000,8231,0,2366040060.000,0,-,-,-,-,3769.0000,3768.8000,3767.8000,3767.6000,3767.4000,3770.2000,3770.4000,3771.0000,3771.4000,3772.0000,1,2,2,1,1,1,1,2,1,1
SF,IF2007,2020-05-27 13:13:23.700,3769.6000,8231,0,2366040060.000,0,-,-,-,-,3769.0000,3768.8000,3767.8000,3767.6000,3767.4000,3770.0000,3770.2000,3770.4000,3771.0000,3771.4000,1,2,2,1,1,1,1,1,2,1
SF,IF2007,2020-05-27 13:13:30.700,3769.6000,8231,0,2366040060.000,0,-,-,-,-,3768.8000,3767.8000,3767.6000,3767.4000,3766.8000,3770.0000,3770.2000,3770.4000,3771.0000,3771.4000,2,2,1,1,2,1,1,1,2,1
SF,IF2007,2020-05-27 13:13:31.200,3769.6000,8231,0,2366040060.000,0,-,-,-,-,3767.8000,3767.6000,3767.4000,3766.8000,3766.0000,3769.8000,3770.4000,3771.0000,3771.4000,3772.0000,2,1,1,2,1,4,1,2,1,1
SF,IF2007,2020-05-27 13:13:31.700,3769.6000,8231,0,2366040060.000,0,-,-,-,-,3768.4000,3768.2000,3768.0000,3767.8000,3767.4000,3769.6000,3769.8000,3770.4000,3771.0000,3771.4000,1,5,1,2,1,2,2,1,2,1
SF,IF2007,2020-05-27 13:13:32.200,3769.6000,8231,0,2366040060.000,0,-,-,-,-,3768.4000,3768.2000,3767.8000,3767.4000,3766.8000,3769.4000,3769.6000,3769.8000,3770.4000,3771.0000,1,3,2,1,2,1,1,2,1,2
SF,IF2007,2020-05-27 13:13:32.700,3769.6000,8231,0,2366040060.000,0,-,-,-,-,3768.4000,3768.2000,3767.8000,3767.4000,3766.8000,3769.4000,3769.6000,3769.8000,3770.4000,3771.0000,1,2,2,1,2,1,1,2,1,2
SF,IF2007,2020-05-27 13:13:33.200,3769.6000,8231,0,2366040060.000,0,-,-,-,-,3768.6000,3768.4000,3768.2000,3767.8000,3767.4000,3769.4000,3769.6000,3769.8000,3770.4000,3771.0000,1,1,1,2,1,1,1,2,1,2
SF,IF2007,2020-05-27 13:13:33.700,3769.6000,8231,0,2366040060.000,0,-,-,-,-,3768.6000,3768.4000,3768.2000,3767.8000,3767.4000,3769.4000,3769.6000,3770.4000,3771.0000,3771.4000,1,1,1,2,1,1,1,1,2,1
SF,IF2007,2020-05-27 13:13:34.700,3769.6000,8231,0,2366040060.000,0,-,-,-,-,3768.6000,3768.4000,3767.8000,3767.4000,3766.8000,3769.6000,3770.4000,3771.0000,3771.4000,3772.0000,1,1,2,1,2,1,1,2,1,1
SF,IF2007,2020-05-27 13:13:41.700,3768.6000,8232,1,2367170640.000,1,1,0,双开,S,3768.4000,3767.8000,3767.4000,3766.8000,3766.0000,3768.6000,3769.6000,3770.4000,3771.0000,3771.4000,1,2,1,2,1,2,1,1,2,1
SF,IF2007,2020-05-27 13:13:42.200,3768.6000,8234,2,2369431800.000,2,2,0,双开,S,3768.4000,3767.8000,3767.4000,3766.8000,3766.0000,3769.6000,3770.4000,3771.0000,3771.4000,3772.0000,1,2,1,2,1,1,1,2,1,1
SF,IF2007,2020-05-27 13:13:44.700,3768.6000,8234,0,2369431800.000,0,-,-,-,-,3768.4000,3767.8000,3767.4000,3766.8000,3766.0000,3769.6000,3770.4000,3771.0000,3771.4000,3772.0000,2,2,1,2,1,1,1,2,1,1
SF,IF2007,2020-05-27 13:13:45.200,3768.6000,8234,0,2369431800.000,0,-,-,-,-,3768.6000,3768.4000,3767.8000,3767.4000,3766.8000,3769.6000,3770.4000,3771.0000,3771.4000,3772.0000,1,2,2,1,2,1,1,2,1,1
SF,IF2007,2020-05-27 13:13:46.700,3768.6000,8234,0,2369431800.000,0,-,-,-,-,3768.8000,3768.6000,3768.4000,3767.8000,3767.4000,3769.6000,3770.4000,3771.0000,3771.4000,3772.0000,1,1,1,2,1,1,1,2,1,1
SF,IF2007,2020-05-27 13:13:47.200,3768.6000,8234,0,2369431800.000,0,-,-,-,-,3768.8000,3768.6000,3768.4000,3767.8000,3767.4000,3769.6000,3770.4000,3771.0000,3771.4000,3772.0000,1,1,1,2,1,1,1,2,1,1
SF,IF2007,2020-05-27 13:13:50.700,3768.6000,8234,0,2369431800.000,0,-,-,-,-,3768.8000,3768.6000,3767.8000,3767.4000,3766.8000,3770.4000,3771.0000,3771.4000,3772.0000,3772.2000,1,1,2,1,2,1,2,1,1,3
SF,IF2007,2020-05-27 13:13:51.200,3768.6000,8234,0,2369431800.000,0,-,-,-,-,3768.8000,3768.6000,3767.8000,3767.4000,3766.8000,3770.0000,3770.2000,3770.4000,3771.0000,3771.4000,1,1,2,1,2,2,2,1,2,1
SF,IF2007,2020-05-27 13:13:52.200,3768.6000,8234,0,2369431800.000,0,-,-,-,-,3768.8000,3768.6000,3767.8000,3767.4000,3766.8000,3770.0000,3770.2000,3770.4000,3771.0000,3771.4000,1,1,2,1,2,2,2,1,2,1
SF,IF2007,2020-05-27 13:13:52.700,3768.6000,8234,0,2369431800.000,0,-,-,-,-,3769.0000,3768.8000,3767.8000,3767.4000,3766.8000,3770.0000,3770.2000,3770.4000,3771.0000,3771.4000,1,1,2,1,2,2,2,1,2,1
SF,IF2007,2020-05-27 13:13:58.700,3768.6000,8234,0,2369431800.000,0,-,-,-,-,3769.0000,3767.8000,3767.4000,3766.8000,3766.0000,3770.0000,3770.2000,3770.4000,3771.0000,3771.4000,1,2,1,2,3,2,2,1,2,1
SF,IF2007,2020-05-27 13:14:01.200,3768.6000,8234,0,2369431800.000,0,-,-,-,-,3769.0000,3767.8000,3767.4000,3766.8000,3766.0000,3770.2000,3770.4000,3771.0000,3771.4000,3772.0000,2,2,1,2,3,2,1,2,1,1
SF,IF2007,2020-05-27 13:14:01.700,3769.6000,8235,1,2371693800.000,2,1,1,空开,S,3769.2000,3769.0000,3767.8000,3767.4000,3766.8000,3771.0000,3771.4000,3772.0000,3772.2000,3772.8000,4,3,2,1,1,2,1,1,3,2
SF,IF2007,2020-05-27 13:14:02.200,3769.6000,8235,0,2371693800.000,0,-,-,-,-,3769.6000,3769.2000,3769.0000,3767.8000,3767.4000,3770.8000,3771.0000,3771.4000,3772.0000,3772.2000,3,2,3,2,1,1,2,1,1,3
SF,IF2007,2020-05-27 13:14:02.700,3769.6000,8235,0,2371693800.000,0,-,-,-,-,3769.6000,3769.4000,3769.2000,3769.0000,3767.8000,3770.8000,3771.0000,3771.4000,3772.0000,3772.2000,3,1,2,2,2,1,2,1,1,3
SF,IF2007,2020-05-27 13:14:08.700,3769.6000,8235,0,2371693800.000,0,-,-,-,-,3769.8000,3769.6000,3769.2000,3769.0000,3767.8000,3770.8000,3771.0000,3771.4000,3772.0000,3772.2000,1,2,2,1,2,1,2,1,1,3
SF,IF2007,2020-05-27 13:14:09.200,3769.6000,8235,0,2371693800.000,0,-,-,-,-,3770.0000,3769.8000,3769.6000,3769.2000,3769.0000,3770.8000,3771.0000,3771.4000,3772.0000,3772.2000,1,1,1,2,1,1,2,1,1,3
SF,IF2007,2020-05-27 13:14:14.200,3769.6000,8235,0,2371693800.000,0,-,-,-,-,3770.0000,3769.6000,3769.2000,3769.0000,3767.8000,3770.8000,3771.0000,3771.4000,3772.0000,3772.2000,1,1,2,1,2,1,2,1,1,3
SF,IF2007,2020-05-27 13:14:18.700,3769.6000,8235,0,2371693800.000,0,-,-,-,-,3770.0000,3769.6000,3769.2000,3769.0000,3767.8000,3770.8000,3771.0000,3771.4000,3772.0000,3772.2000,1,1,2,1,2,1,1,1,1,3
SF,IF2007,2020-05-27 13:14:20.200,3770.0000,8235,0,2372824800.000,1,0,1,多换,S,3769.6000,3769.2000,3769.0000,3767.8000,3767.4000,3770.8000,3771.0000,3771.4000,3772.0000,3772.2000,1,2,1,2,1,1,1,1,1,3
SF,IF2007,2020-05-27 13:14:20.700,3770.0000,8235,0,2372824800.000,0,-,-,-,-,3770.0000,3769.8000,3769.6000,3769.2000,3769.0000,3770.8000,3771.0000,3771.4000,3772.0000,3772.2000,1,1,1,2,1,1,1,1,1,3
SF,IF2007,2020-05-27 13:14:24.700,3770.0000,8235,0,2372824800.000,0,-,-,-,-,3770.0000,3769.8000,3769.6000,3769.2000,3769.0000,3771.0000,3771.4000,3772.0000,3772.2000,3772.8000,1,1,1,2,1,1,1,1,3,2
SF,IF2007,2020-05-27 13:14:26.200,3770.0000,8235,0,2372824800.000,0,-,-,-,-,3770.0000,3769.8000,3769.2000,3769.0000,3767.8000,3771.0000,3771.4000,3772.0000,3772.2000,3772.8000,1,1,2,1,2,1,1,1,3,2
SF,IF2007,2020-05-27 13:14:27.200,3770.0000,8235,0,2372824800.000,0,-,-,-,-,3770.0000,3769.8000,3769.2000,3767.8000,3767.4000,3771.0000,3771.4000,3772.0000,3772.2000,3772.8000,1,1,2,2,1,1,1,1,3,2
SF,IF2007,2020-05-27 13:14:27.700,3770.0000,8235,0,2372824800.000,0,-,-,-,-,3770.4000,3770.2000,3769.2000,3767.8000,3767.4000,3771.0000,3771.4000,3772.0000,3772.2000,3772.8000,1,1,2,2,1,1,1,1,3,2
SF,IF2007,2020-05-27 13:14:30.200,3770.0000,8235,0,2372824800.000,0,-,-,-,-,3770.4000,3770.2000,3769.2000,3767.8000,3767.4000,3771.0000,3771.4000,3772.2000,3772.8000,3773.0000,1,1,2,2,1,1,1,3,2,1
SF,IF2007,2020-05-27 13:14:34.700,3771.0000,8236,1,2373956100.000,1,1,0,双开,S,3770.2000,3769.2000,3767.8000,3767.4000,3766.8000,3771.4000,3772.2000,3772.8000,3773.0000,3774.6000,1,2,2,1,1,1,3,2,1,1
SF,IF2007,2020-05-27 13:14:35.200,3771.0000,8236,0,2373956100.000,0,-,-,-,-,3770.2000,3769.2000,3767.8000,3767.4000,3766.8000,3771.2000,3771.4000,3772.2000,3772.8000,3773.0000,1,2,2,1,1,1,1,3,2,1
SF,IF2007,2020-05-27 13:14:39.700,3770.2000,8235,-1,2375087160.000,1,0,1,双平,S,3769.2000,3767.4000,3766.8000,3766.0000,3763.8000,3771.2000,3771.4000,3772.2000,3772.8000,3773.0000,2,1,1,3,1,1,1,3,2,1
SF,IF2007,2020-05-27 13:14:40.200,3770.2000,8235,0,2375087160.000,0,-,-,-,-,3770.4000,3769.8000,3769.6000,3769.4000,3769.2000,3770.8000,3771.0000,3771.4000,3772.2000,3772.8000,1,4,2,1,2,1,1,1,3,1
SF,IF2007,2020-05-27 13:14:40.700,3770.8000,8235,0,2376218400.000,1,0,1,多换,S,3769.8000,3769.6000,3769.4000,3769.2000,3767.4000,3771.4000,3772.2000,3772.8000,3773.0000,3774.6000,4,2,1,2,1,1,3,1,1,1
SF,IF2007,2020-05-27 13:14:41.200,3770.8000,8235,0,2376218400.000,0,-,-,-,-,3770.2000,3769.8000,3769.6000,3769.4000,3769.2000,3771.4000,3772.2000,3772.8000,3773.0000,3774.6000,2,4,2,1,2,1,3,1,1,1
SF,IF2007,2020-05-27 13:14:41.700,3770.8000,8235,0,2376218400.000,0,-,-,-,-,3770.4000,3770.2000,3770.0000,3769.8000,3769.6000,3771.2000,3771.4000,3772.2000,3772.8000,3773.0000,1,1,1,4,2,1,1,3,1,1
SF,IF2007,2020-05-27 13:14:43.700,3770.8000,8235,0,2376218400.000,0,-,-,-,-,3770.4000,3770.2000,3770.0000,3769.8000,3769.6000,3771.2000,3771.4000,3772.2000,3772.8000,3773.0000,1,1,1,3,2,1,1,3,1,1
SF,IF2007,2020-05-27 13:14:45.200,3771.2000,8236,1,2377349760.000,1,1,0,双开,S,3770.4000,3770.2000,3770.0000,3769.8000,3769.6000,3771.4000,3772.2000,3772.8000,3773.0000,3774.6000,1,1,1,3,2,1,3,1,1,1
SF,IF2007,2020-05-27 13:14:45.700,3771.2000,8236,0,2377349760.000,0,-,-,-,-,3770.6000,3770.0000,3769.8000,3769.6000,3769.4000,3771.4000,3772.2000,3772.8000,3773.0000,3774.6000,2,1,3,2,1,1,3,1,1,1
SF,IF2007,2020-05-27 13:14:48.200,3771.2000,8236,0,2377349760.000,0,-,-,-,-,3770.6000,3769.8000,3769.6000,3769.4000,3769.2000,3771.4000,3772.2000,3772.8000,3773.0000,3774.6000,2,3,2,1,2,1,3,1,1,1
SF,IF2007,2020-05-27 13:14:57.200,3771.2000,8236,0,2377349760.000,0,-,-,-,-,3770.6000,3769.8000,3769.6000,3769.4000,3769.2000,3771.4000,3772.2000,3772.8000,3773.0000,3774.6000,1,3,2,1,2,1,3,1,1,1
SF,IF2007,2020-05-27 13:14:57.700,3770.6000,8237,1,2378480940.000,1,1,0,双开,S,3769.6000,3769.4000,3769.2000,3767.4000,3766.0000,3770.6000,3771.2000,3771.4000,3772.2000,3772.8000,1,1,2,1,3,1,2,1,3,1
SF,IF2007,2020-05-27 13:14:58.200,3770.6000,8237,0,2378480940.000,0,-,-,-,-,3767.4000,3766.0000,3763.8000,3761.0000,3760.2000,3770.2000,3771.4000,3772.2000,3772.8000,3773.0000,1,3,1,7,1,1,1,3,1,1
SF,IF2007,2020-05-27 13:14:58.700,3770.6000,8237,0,2378480940.000,0,-,-,-,-,3768.8000,3768.6000,3768.2000,3768.0000,3767.8000,3770.0000,3771.4000,3772.2000,3772.8000,3773.0000,4,4,1,1,1,1,1,3,1,1
SF,IF2007,2020-05-27 13:14:59.200,3770.0000,8237,0,2379611940.000,1,0,1,多换,S,3769.4000,3769.2000,3769.0000,3768.8000,3768.6000,3771.4000,3772.2000,3772.8000,3773.0000,3774.6000,1,2,3,3,2,1,3,1,1,1
SF,IF2007,2020-05-27 13:14:59.700,3770.0000,8237,0,2379611940.000,0,-,-,-,-,3770.0000,3769.6000,3769.4000,3769.2000,3769.0000,3770.8000,3771.0000,3771.2000,3771.4000,3772.2000,1,1,1,2,2,1,2,1,1,3
SF,IF2007,2020-05-27 13:15:00.200,3770.0000,8236,-1,2380742940.000,1,0,1,双平,S,3769.2000,3769.0000,3768.8000,3768.6000,3768.2000,3770.0000,3770.8000,3771.0000,3771.2000,3771.4000,2,2,3,2,1,1,1,1,1,1
SF,IF2007,2020-05-27 13:15:00.700,3770.0000,8236,0,2380742940.000,0,-,-,-,-,3769.2000,3769.0000,3768.8000,3768.6000,3768.2000,3770.8000,3771.2000,3771.4000,3772.2000,3773.0000,2,2,3,2,1,1,1,1,3,1
SF,IF2007,2020-05-27 13:15:01.200,3770.0000,8236,0,2380742940.000,0,-,-,-,-,3769.4000,3769.2000,3769.0000,3768.8000,3768.6000,3770.8000,3771.2000,3771.4000,3772.2000,3773.0000,1,2,2,3,2,1,1,1,3,1
SF,IF2007,2020-05-27 13:15:01.700,3770.0000,8236,0,2380742940.000,0,-,-,-,-,3769.4000,3769.2000,3768.8000,3768.6000,3768.2000,3770.8000,3771.2000,3771.4000,3772.2000,3773.0000,1,2,3,1,1,1,1,1,3,1
SF,IF2007,2020-05-27 13:15:02.200,3770.0000,8236,0,2380742940.000,0,-,-,-,-,3769.6000,3768.8000,3768.6000,3768.2000,3767.8000,3770.8000,3771.2000,3771.4000,3772.2000,3773.0000,3,3,1,1,1,1,1,1,3,1
SF,IF2007,2020-05-27 13:15:02.700,3770.0000,8236,0,2380742940.000,0,-,-,-,-,3770.0000,3769.6000,3768.8000,3768.6000,3768.2000,3770.8000,3771.2000,3771.4000,3772.2000,3773.0000,1,2,3,1,1,1,1,1,3,1
SF,IF2007,2020-05-27 13:15:03.200,3770.0000,8236,0,2380742940.000,0,-,-,-,-,3770.0000,3769.6000,3768.8000,3768.6000,3768.2000,3770.8000,3771.4000,3772.2000,3773.0000,3774.6000,1,2,3,1,1,1,1,3,1,1
SF,IF2007,2020-05-27 13:15:03.700,3770.0000,8237,1,2381873940.000,1,1,0,双开,S,3769.6000,3768.8000,3768.6000,3768.2000,3767.8000,3770.0000,3770.8000,3771.4000,3772.2000,3773.0000,2,3,1,1,1,1,1,1,3,1
SF,IF2007,2020-05-27 13:15:04.200,3770.0000,8237,0,2381873940.000,0,-,-,-,-,3768.6000,3768.2000,3767.8000,3767.6000,3767.4000,3771.4000,3772.2000,3773.0000,3774.6000,3775.0000,1,1,1,5,3,1,3,1,1,2
SF,IF2007,2020-05-27 13:15:04.700,3770.0000,8237,0,2381873940.000,0,-,-,-,-,3769.0000,3768.8000,3767.8000,3767.6000,3767.4000,3770.4000,3770.8000,3771.2000,3771.4000,3772.2000,2,2,1,4,3,2,1,3,2,3
SF,IF2007,2020-05-27 13:15:05.200,3770.0000,8237,0,2381873940.000,0,-,-,-,-,3769.0000,3768.8000,3767.6000,3767.4000,3766.0000,3770.4000,3770.8000,3771.2000,3771.4000,3772.2000,1,2,4,3,3,2,1,2,2,3
SF,IF2007,2020-05-27 13:15:05.700,3770.0000,8237,0,2381873940.000,0,-,-,-,-,3769.0000,3768.8000,3767.6000,3767.4000,3766.0000,3770.2000,3770.4000,3770.8000,3771.2000,3771.4000,1,2,4,3,3,1,2,1,2,2
SF,IF2007,2020-05-27 13:15:06.200,3770.0000,8237,0,2381873940.000,0,-,-,-,-,3769.0000,3768.8000,3767.6000,3767.4000,3766.0000,3770.2000,3770.4000,3771.2000,3771.4000,3772.2000,1,1,4,3,3,1,2,2,2,3
SF,IF2007,2020-05-27 13:15:06.700,3770.0000,8237,0,2381873940.000,0,-,-,-,-,3769.0000,3768.8000,3767.6000,3767.4000,3766.0000,3770.0000,3770.2000,3771.2000,3771.4000,3772.2000,1,1,4,3,3,3,1,2,2,3
SF,IF2007,2020-05-27 13:15:07.200,3770.0000,8237,0,2381873940.000,0,-,-,-,-,3769.0000,3768.8000,3767.6000,3767.4000,3766.0000,3770.0000,3770.2000,3771.2000,3771.4000,3772.2000,1,1,4,3,3,3,1,2,2,3
SF,IF2007,2020-05-27 13:15:08.700,3770.0000,8237,0,2381873940.000,0,-,-,-,-,3768.8000,3767.6000,3767.4000,3766.0000,3763.8000,3770.0000,3770.2000,3771.2000,3771.4000,3772.2000,1,4,2,3,1,3,1,2,2,3
SF,IF2007,2020-05-27 13:15:09.200,3770.0000,8237,0,2381873940.000,0,-,-,-,-,3767.6000,3767.4000,3766.0000,3763.8000,3761.0000,3770.0000,3771.2000,3771.4000,3772.2000,3773.0000,4,2,3,1,7,2,2,2,3,1
SF,IF2007,2020-05-27 13:15:09.700,3770.0000,8237,0,2381873940.000,0,-,-,-,-,3768.8000,3768.6000,3768.4000,3768.2000,3768.0000,3770.0000,3771.2000,3771.4000,3772.2000,3773.0000,1,1,1,4,2,2,2,2,3,1
SF,IF2007,2020-05-27 13:15:10.200,3770.0000,8237,0,2381873940.000,0,-,-,-,-,3768.8000,3768.6000,3768.4000,3768.2000,3768.0000,3769.8000,3770.0000,3771.2000,3771.4000,3772.2000,1,1,1,3,2,1,2,2,2,3
SF,IF2007,2020-05-27 13:15:10.700,3770.0000,8237,0,2381873940.000,0,-,-,-,-,3768.8000,3768.6000,3768.4000,3768.2000,3768.0000,3769.8000,3770.0000,3771.2000,3771.4000,3772.2000,1,1,1,3,2,1,3,2,2,3
SF,IF2007,2020-05-27 13:15:16.200,3770.0000,8237,0,2381873940.000,0,-,-,-,-,3768.8000,3768.6000,3768.4000,3768.2000,3768.0000,3769.8000,3770.0000,3771.2000,3771.4000,3772.2000,1,1,1,3,2,1,2,2,2,3
SF,IF2007,2020-05-27 13:15:16.700,3770.0000,8237,0,2381873940.000,0,-,-,-,-,3768.8000,3768.6000,3768.4000,3768.2000,3768.0000,3769.8000,3770.0000,3771.2000,3771.4000,3772.2000,1,1,1,3,2,1,2,2,2,3
SF,IF2007,2020-05-27 13:15:17.700,3770.0000,8237,0,2381873940.000,0,-,-,-,-,3768.8000,3768.6000,3768.4000,3768.2000,3768.0000,3769.8000,3770.0000,3771.2000,3771.4000,3772.2000,1,1,1,2,2,1,2,2,2,3
SF,IF2007,2020-05-27 13:15:20.200,3770.0000,8237,0,2381873940.000,0,-,-,-,-,3768.8000,3768.6000,3768.4000,3768.0000,3767.8000,3769.8000,3770.0000,3771.2000,3771.4000,3772.2000,1,1,1,1,3,1,2,2,2,3
SF,IF2007,2020-05-27 13:15:22.700,3770.0000,8237,0,2381873940.000,0,-,-,-,-,3768.8000,3768.6000,3768.0000,3767.8000,3767.6000,3769.8000,3770.0000,3771.2000,3771.4000,3772.2000,1,1,1,3,4,1,2,2,2,3
SF,IF2007,2020-05-27 13:15:44.200,3770.0000,8237,0,2381873940.000,0,-,-,-,-,3768.8000,3768.6000,3768.0000,3767.8000,3767.6000,3769.6000,3769.8000,3770.0000,3771.2000,3771.4000,1,1,1,3,4,1,1,2,2,2
SF,IF2007,2020-05-27 13:15:44.700,3770.0000,8237,0,2381873940.000,0,-,-,-,-,3768.8000,3768.6000,3768.0000,3767.8000,3767.6000,3769.6000,3770.0000,3771.2000,3771.4000,3772.2000,1,1,1,3,4,1,2,2,2,3
SF,IF2007,2020-05-27 13:15:45.700,3770.0000,8237,0,2381873940.000,0,-,-,-,-,3768.6000,3767.8000,3767.6000,3767.4000,3766.0000,3769.6000,3770.0000,3771.2000,3771.4000,3772.2000,1,3,4,1,3,1,2,2,2,3
SF,IF2007,2020-05-27 13:15:46.200,3770.0000,8237,0,2381873940.000,0,-,-,-,-,3768.6000,3767.8000,3767.6000,3767.4000,3766.0000,3769.6000,3770.0000,3771.2000,3771.4000,3772.2000,1,3,4,1,3,1,1,2,2,3
SF,IF2007,2020-05-27 13:15:46.700,3770.0000,8237,0,2381873940.000,0,-,-,-,-,3768.6000,3767.8000,3767.6000,3767.4000,3766.0000,3769.6000,3771.2000,3771.4000,3772.2000,3773.0000,1,3,4,1,3,1,2,2,3,1
SF,IF2007,2020-05-27 13:15:47.700,3770.0000,8237,0,2381873940.000,0,-,-,-,-,3768.6000,3767.8000,3767.6000,3767.4000,3766.0000,3769.4000,3769.6000,3771.2000,3771.4000,3772.2000,1,3,4,1,3,1,1,2,2,3
SF,IF2007,2020-05-27 13:15:48.200,3770.0000,8237,0,2381873940.000,0,-,-,-,-,3768.6000,3767.8000,3767.6000,3767.4000,3766.0000,3769.6000,3771.2000,3771.4000,3772.2000,3773.0000,1,3,4,1,3,1,2,2,3,1
SF,IF2007,2020-05-27 13:15:50.700,3770.0000,8237,0,2381873940.000,0,-,-,-,-,3768.6000,3767.8000,3767.6000,3767.4000,3766.0000,3769.6000,3771.2000,3771.4000,3772.2000,3773.0000,1,1,4,1,3,1,2,2,3,1
SF,IF2007,2020-05-27 13:16:01.200,3770.0000,8237,0,2381873940.000,0,-,-,-,-,3767.8000,3767.6000,3767.4000,3766.0000,3763.8000,3769.6000,3771.2000,3771.4000,3772.2000,3773.0000,1,4,1,3,1,1,2,2,3,1
SF,IF2007,2020-05-27 13:16:01.700,3770.0000,8237,0,2381873940.000,0,-,-,-,-,3768.2000,3768.0000,3767.8000,3767.6000,3767.4000,3769.6000,3771.2000,3771.4000,3772.2000,3773.0000,2,1,1,4,1,1,2,2,3,1
SF,IF2007,2020-05-27 13:16:08.700,3770.0000,8237,0,2381873940.000,0,-,-,-,-,3768.2000,3768.0000,3767.8000,3767.6000,3767.4000,3769.4000,3769.6000,3771.2000,3771.4000,3772.2000,2,1,1,4,1,1,1,2,2,3
SF,IF2007,2020-05-27 13:16:14.700,3770.0000,8237,0,2381873940.000,0,-,-,-,-,3768.2000,3768.0000,3767.8000,3767.6000,3767.4000,3769.6000,3771.2000,3771.4000,3772.2000,3773.0000,2,1,1,4,1,1,2,2,3,1
SF,IF2007,2020-05-27 13:16:15.200,3770.0000,8237,0,2381873940.000,0,-,-,-,-,3768.4000,3768.2000,3767.8000,3767.6000,3767.4000,3769.6000,3771.2000,3771.4000,3772.2000,3773.0000,2,2,1,4,1,1,2,2,3,1
SF,IF2007,2020-05-27 13:16:19.200,3770.0000,8237,0,2381873940.000,0,-,-,-,-,3768.4000,3768.2000,3767.8000,3767.6000,3767.4000,3769.4000,3769.6000,3771.2000,3771.4000,3772.2000,2,2,1,4,1,1,1,2,2,3
SF,IF2007,2020-05-27 13:16:19.700,3770.0000,8237,0,2381873940.000,0,-,-,-,-,3768.4000,3768.2000,3767.8000,3767.6000,3767.4000,3769.4000,3769.6000,3771.2000,3771.4000,3772.2000,1,2,1,2,1,1,1,2,2,3
SF,IF2007,2020-05-27 13:16:20.200,3770.0000,8237,0,2381873940.000,0,-,-,-,-,3768.4000,3768.2000,3767.8000,3767.6000,3767.4000,3769.4000,3769.6000,3771.2000,3771.4000,3772.2000,1,2,1,2,1,1,1,2,2,3
SF,IF2007,2020-05-27 13:16:21.700,3770.0000,8237,0,2381873940.000,0,-,-,-,-,3768.2000,3767.8000,3767.4000,3766.0000,3763.8000,3769.4000,3769.6000,3771.2000,3771.4000,3772.2000,2,1,1,3,1,1,1,2,2,3
SF,IF2007,2020-05-27 13:16:22.200,3770.0000,8237,0,2381873940.000,0,-,-,-,-,3768.2000,3767.8000,3767.4000,3766.0000,3763.8000,3769.2000,3769.6000,3771.2000,3771.4000,3772.2000,2,1,1,3,1,1,1,2,2,3
SF,IF2007,2020-05-27 13:16:22.700,3770.0000,8237,0,2381873940.000,0,-,-,-,-,3767.4000,3766.0000,3763.8000,3761.0000,3760.2000,3769.0000,3769.2000,3769.6000,3771.2000,3771.4000,1,3,1,7,1,1,1,1,2,2
SF,IF2007,2020-05-27 13:16:23.200,3770.0000,8237,0,2381873940.000,0,-,-,-,-,3767.6000,3767.4000,3766.0000,3763.8000,3761.0000,3769.0000,3769.6000,3771.2000,3771.4000,3772.2000,2,1,3,1,7,1,1,2,2,3
SF,IF2007,2020-05-27 13:16:23.700,3770.0000,8237,0,2381873940.000,0,-,-,-,-,3767.8000,3767.6000,3767.4000,3766.0000,3763.8000,3769.0000,3769.6000,3771.2000,3771.4000,3772.2000,1,1,1,3,1,1,1,2,2,3
SF,IF2007,2020-05-27 13:16:25.200,3769.0000,8236,-1,2383004640.000,1,0,1,双平,S,3768.2000,3767.8000,3767.6000,3767.4000,3766.0000,3769.6000,3770.0000,3771.2000,3771.4000,3772.2000,1,1,1,1,3,1,2,2,2,3
SF,IF2007,2020-05-27 13:16:25.700,3769.0000,8236,0,2383004640.000,0,-,-,-,-,3768.6000,3767.8000,3767.4000,3766.0000,3763.8000,3769.4000,3769.6000,3770.0000,3771.2000,3771.4000,1,1,1,3,1,1,1,2,2,2
SF,IF2007,2020-05-27 13:16:26.700,3769.0000,8236,0,2383004640.000,0,-,-,-,-,3768.6000,3767.8000,3767.4000,3766.0000,3763.8000,3769.4000,3769.6000,3771.2000,3771.4000,3772.2000,1,1,1,3,1,1,1,2,2,3
SF,IF2007,2020-05-27 13:16:27.200,3769.0000,8236,0,2383004640.000,0,-,-,-,-,3768.6000,3767.8000,3767.4000,3766.0000,3763.8000,3769.6000,3771.2000,3771.4000,3772.2000,3773.0000,1,1,1,3,1,1,2,2,3,1
SF,IF2007,2020-05-27 13:16:27.700,3769.0000,8236,0,2383004640.000,0,-,-,-,-,3769.0000,3767.8000,3767.4000,3766.0000,3763.8000,3769.6000,3771.2000,3771.4000,3772.2000,3773.0000,1,1,1,3,1,1,2,2,3,1
SF,IF2007,2020-05-27 13:16:28.200,3769.0000,8236,0,2383004640.000,0,-,-,-,-,3769.4000,3767.8000,3767.4000,3766.0000,3763.8000,3769.6000,3771.2000,3771.4000,3772.2000,3773.0000,1,1,1,3,1,1,2,2,3,1
SF,IF2007,2020-05-27 13:16:28.700,3769.4000,8236,0,2384135460.000,1,0,1,多换,S,3767.8000,3767.4000,3766.0000,3763.8000,3761.0000,3769.6000,3771.2000,3771.4000,3772.2000,3773.0000,1,1,3,1,7,1,2,2,1,1
SF,IF2007,2020-05-27 13:16:29.200,3769.4000,8236,0,2384135460.000,0,-,-,-,-,3768.4000,3768.0000,3767.4000,3766.0000,3763.8000,3769.6000,3771.2000,3771.4000,3772.2000,3773.0000,3,2,1,3,1,1,2,2,1,1
SF,IF2007,2020-05-27 13:16:29.700,3769.4000,8236,0,2384135460.000,0,-,-,-,-,3768.4000,3767.4000,3766.0000,3763.8000,3761.0000,3769.4000,3769.6000,3771.2000,3771.4000,3772.2000,3,1,3,1,7,1,1,2,2,1
SF,IF2007,2020-05-27 13:16:30.200,3769.4000,8236,0,2384135460.000,0,-,-,-,-,3768.4000,3767.4000,3766.0000,3763.8000,3761.0000,3769.4000,3769.6000,3771.2000,3771.4000,3772.2000,3,1,3,1,7,2,1,2,2,1
SF,IF2007,2020-05-27 13:16:32.200,3769.4000,8236,0,2384135460.000,0,-,-,-,-,3767.4000,3766.0000,3763.8000,3761.0000,3760.2000,3769.4000,3769.6000,3771.2000,3771.4000,3772.2000,1,3,1,7,1,2,1,2,2,1
SF,IF2007,2020-05-27 13:16:32.700,3769.4000,8236,0,2384135460.000,0,-,-,-,-,3767.8000,3767.6000,3767.4000,3766.0000,3763.8000,3769.2000,3769.4000,3769.6000,3771.2000,3771.4000,2,2,1,3,1,2,1,1,2,2
SF,IF2007,2020-05-27 13:16:33.200,3769.4000,8236,0,2384135460.000,0,-,-,-,-,3768.0000,3767.8000,3767.6000,3767.4000,3766.0000,3769.2000,3769.4000,3769.6000,3771.2000,3771.4000,1,2,1,1,3,2,1,1,2,2
SF,IF2007,2020-05-27 13:16:35.700,3769.4000,8236,0,2384135460.000,0,-,-,-,-,3768.0000,3767.8000,3767.6000,3767.4000,3766.0000,3769.0000,3769.2000,3769.4000,3769.6000,3771.2000,1,2,1,1,3,1,2,1,1,2
SF,IF2007,2020-05-27 13:16:36.200,3769.4000,8236,0,2384135460.000,0,-,-,-,-,3768.0000,3767.8000,3767.4000,3766.0000,3763.8000,3769.0000,3769.2000,3769.4000,3769.6000,3771.2000,1,2,1,3,1,1,2,1,1,2
SF,IF2007,2020-05-27 13:16:36.700,3769.4000,8236,0,2384135460.000,0,-,-,-,-,3767.8000,3767.4000,3766.0000,3763.8000,3761.0000,3769.0000,3769.2000,3769.4000,3769.6000,3771.2000,2,1,3,1,7,1,2,1,1,2
SF,IF2007,2020-05-27 13:16:38.200,3769.4000,8236,0,2384135460.000,0,-,-,-,-,3767.8000,3766.0000,3763.8000,3761.0000,3760.2000,3769.0000,3769.2000,3769.4000,3769.6000,3771.2000,1,3,1,7,1,1,2,1,1,2
SF,IF2007,2020-05-27 13:16:38.700,3769.4000,8236,0,2384135460.000,0,-,-,-,-,3767.8000,3766.0000,3763.8000,3761.0000,3760.2000,3768.8000,3769.4000,3769.6000,3771.2000,3771.4000,1,3,1,7,1,2,1,1,2,2
SF,IF2007,2020-05-27 13:16:39.700,3769.4000,8236,0,2384135460.000,0,-,-,-,-,3766.0000,3763.8000,3761.0000,3760.2000,3760.0000,3768.8000,3769.6000,3771.2000,3771.4000,3772.2000,3,1,7,1,6,3,1,2,2,1
SF,IF2007,2020-05-27 13:16:40.200,3769.4000,8236,0,2384135460.000,0,-,-,-,-,3767.4000,3767.2000,3767.0000,3766.8000,3766.6000,3768.4000,3768.8000,3769.6000,3771.2000,3771.4000,1,1,1,1,5,1,2,1,2,2
SF,IF2007,2020-05-27 13:16:40.700,3769.4000,8236,0,2384135460.000,0,-,-,-,-,3767.4000,3767.2000,3767.0000,3766.8000,3766.6000,3768.4000,3768.8000,3769.6000,3771.2000,3771.4000,1,1,1,1,4,1,2,1,2,2
SF,IF2007,2020-05-27 13:16:41.700,3769.4000,8236,0,2384135460.000,0,-,-,-,-,3767.4000,3767.2000,3767.0000,3766.8000,3766.6000,3768.4000,3768.8000,3769.6000,3771.2000,3771.4000,1,1,1,1,4,1,2,1,2,2
SF,IF2007,2020-05-27 13:16:46.200,3769.4000,8236,0,2384135460.000,0,-,-,-,-,3767.4000,3767.2000,3767.0000,3766.8000,3766.6000,3768.4000,3768.8000,3769.6000,3771.2000,3771.4000,1,1,1,1,4,1,1,1,2,2
SF,IF2007,2020-05-27 13:16:49.700,3769.4000,8236,0,2384135460.000,0,-,-,-,-,3767.4000,3767.2000,3767.0000,3766.8000,3766.6000,3768.4000,3768.8000,3769.6000,3771.2000,3771.4000,1,1,1,1,1,1,1,1,2,2
SF,IF2007,2020-05-27 13:16:50.200,3769.4000,8236,0,2384135460.000,0,-,-,-,-,3767.4000,3767.2000,3767.0000,3766.8000,3766.6000,3768.4000,3768.8000,3769.6000,3771.2000,3771.4000,1,1,1,1,1,1,1,1,2,2
SF,IF2007,2020-05-27 13:16:52.700,3769.4000,8236,0,2384135460.000,0,-,-,-,-,3767.4000,3767.2000,3767.0000,3766.8000,3766.6000,3768.4000,3769.6000,3771.2000,3771.4000,3772.2000,1,1,1,1,1,1,1,2,2,1
SF,IF2007,2020-05-27 13:16:53.200,3769.4000,8236,0,2384135460.000,0,-,-,-,-,3767.4000,3767.2000,3766.8000,3766.6000,3766.4000,3768.4000,3769.6000,3771.2000,3771.4000,3772.2000,1,1,1,1,1,1,1,2,2,1
SF,IF2007,2020-05-27 13:17:03.700,3769.4000,8236,0,2384135460.000,0,-,-,-,-,3767.6000,3767.4000,3767.2000,3766.8000,3766.6000,3768.4000,3769.6000,3771.2000,3771.4000,3772.2000,1,1,1,1,1,1,1,2,2,1
SF,IF2007,2020-05-27 13:17:05.200,3769.4000,8236,0,2384135460.000,0,-,-,-,-,3767.6000,3767.4000,3767.2000,3766.8000,3766.6000,3769.6000,3771.2000,3771.4000,3772.2000,3773.0000,1,1,1,1,1,1,2,2,1,1
SF,IF2007,2020-05-27 13:17:05.700,3769.4000,8236,0,2384135460.000,0,-,-,-,-,3767.8000,3767.6000,3767.4000,3766.8000,3766.6000,3769.0000,3769.2000,3769.6000,3771.2000,3771.4000,1,1,1,1,1,3,2,1,2,2
SF,IF2007,2020-05-27 13:17:06.200,3769.4000,8236,0,2384135460.000,0,-,-,-,-,3767.6000,3766.8000,3766.4000,3766.2000,3766.0000,3769.0000,3769.2000,3769.6000,3771.2000,3771.4000,1,1,1,3,4,3,2,1,2,2
SF,IF2007,2020-05-27 13:17:06.700,3769.4000,8236,0,2384135460.000,0,-,-,-,-,3767.6000,3766.8000,3766.4000,3766.2000,3766.0000,3768.8000,3769.0000,3769.2000,3769.6000,3771.2000,1,1,1,3,4,1,3,1,1,2
SF,IF2007,2020-05-27 13:17:07.200,3769.4000,8236,0,2384135460.000,0,-,-,-,-,3767.6000,3766.8000,3766.4000,3766.2000,3766.0000,3768.8000,3769.0000,3769.2000,3769.6000,3771.2000,1,1,1,3,4,2,3,1,1,2
SF,IF2007,2020-05-27 13:17:07.700,3769.4000,8236,0,2384135460.000,0,-,-,-,-,3767.6000,3766.8000,3766.4000,3766.2000,3766.0000,3768.8000,3769.0000,3769.6000,3771.2000,3771.4000,1,1,1,3,4,2,3,1,2,2
SF,IF2007,2020-05-27 13:17:09.700,3769.4000,8236,0,2384135460.000,0,-,-,-,-,3767.6000,3766.8000,3766.4000,3766.2000,3766.0000,3768.6000,3768.8000,3769.0000,3769.6000,3771.2000,1,1,1,3,4,2,2,2,1,2
SF,IF2007,2020-05-27 13:17:13.700,3769.4000,8236,0,2384135460.000,0,-,-,-,-,3767.6000,3766.8000,3766.4000,3766.2000,3766.0000,3768.6000,3768.8000,3769.0000,3769.6000,3771.2000,1,1,1,3,4,1,1,2,1,2
SF,IF2007,2020-05-27 13:17:14.700,3769.4000,8236,0,2384135460.000,0,-,-,-,-,3767.8000,3767.6000,3766.8000,3766.4000,3766.2000,3768.8000,3769.0000,3769.6000,3771.2000,3771.4000,1,1,1,1,3,1,2,1,2,2
SF,IF2007,2020-05-27 13:17:15.200,3769.4000,8236,0,2384135460.000,0,-,-,-,-,3767.8000,3767.6000,3766.8000,3766.4000,3766.2000,3769.0000,3769.6000,3771.2000,3771.4000,3772.2000,1,1,1,1,3,2,1,2,2,1
SF,IF2007,2020-05-27 13:17:18.700,3769.4000,8236,0,2384135460.000,0,-,-,-,-,3768.0000,3767.8000,3766.8000,3766.4000,3766.2000,3769.6000,3771.2000,3771.4000,3772.2000,3773.0000,2,1,1,1,3,1,2,2,1,1
SF,IF2007,2020-05-27 13:17:19.200,3769.4000,8236,0,2384135460.000,0,-,-,-,-,3768.0000,3767.8000,3766.8000,3766.4000,3766.2000,3769.4000,3769.6000,3771.2000,3771.4000,3772.2000,1,1,1,1,3,1,1,2,2,1
SF,IF2007,2020-05-27 13:17:24.700,3769.4000,8236,0,2384135460.000,0,-,-,-,-,3768.0000,3767.8000,3766.8000,3766.4000,3766.2000,3769.4000,3769.6000,3771.2000,3771.4000,3772.2000,1,2,1,1,3,1,1,2,2,1
SF,IF2007,2020-05-27 13:17:32.700,3769.4000,8236,0,2384135460.000,0,-,-,-,-,3768.2000,3768.0000,3767.8000,3766.8000,3766.4000,3769.4000,3769.6000,3771.2000,3771.4000,3772.2000,1,1,1,1,1,1,1,2,2,1
SF,IF2007,2020-05-27 13:17:34.700,3769.4000,8236,0,2385266280.000,1,0,1,多换,S,3768.2000,3768.0000,3767.8000,3766.8000,3766.4000,3769.4000,3769.6000,3771.2000,3771.4000,3772.2000,1,1,1,1,1,1,1,2,2,1
SF,IF2007,2020-05-27 13:17:35.200,3769.4000,8236,0,2385266280.000,0,-,-,-,-,3768.2000,3768.0000,3767.8000,3766.8000,3766.4000,3769.2000,3769.4000,3769.6000,3771.2000,3771.4000,1,1,1,1,1,1,1,1,2,2
SF,IF2007,2020-05-27 13:17:35.700,3769.4000,8236,0,2385266280.000,0,-,-,-,-,3768.2000,3768.0000,3767.8000,3766.8000,3766.4000,3769.4000,3769.6000,3771.2000,3771.4000,3772.2000,1,1,1,1,1,1,1,2,2,1
SF,IF2007,2020-05-27 13:17:37.700,3769.4000,8236,0,2385266280.000,0,-,-,-,-,3768.2000,3768.0000,3767.8000,3766.8000,3766.4000,3769.4000,3769.6000,3771.2000,3771.4000,3772.2000,1,1,1,1,1,2,1,2,2,1
SF,IF2007,2020-05-27 13:17:38.700,3769.4000,8236,0,2385266280.000,0,-,-,-,-,3768.4000,3768.2000,3768.0000,3767.8000,3766.8000,3769.4000,3769.6000,3771.2000,3771.4000,3772.2000,1,1,1,1,1,2,1,2,2,1
SF,IF2007,2020-05-27 13:17:42.700,3769.4000,8236,0,2385266280.000,0,-,-,-,-,3768.6000,3768.4000,3768.2000,3768.0000,3766.8000,3769.4000,3769.6000,3771.2000,3771.4000,3772.2000,1,1,1,1,1,2,1,2,2,1
SF,IF2007,2020-05-27 13:17:43.200,3769.4000,8236,0,2385266280.000,0,-,-,-,-,3768.6000,3768.2000,3768.0000,3766.8000,3766.4000,3769.4000,3769.6000,3771.2000,3771.4000,3772.2000,1,1,1,1,1,2,1,2,2,1
SF,IF2007,2020-05-27 13:17:44.200,3769.4000,8237,1,2387527920.000,2,1,1,空开,S,3769.4000,3768.6000,3768.2000,3768.0000,3766.8000,3769.6000,3771.2000,3771.4000,3772.2000,3773.0000,3,1,1,1,1,1,2,2,1,1
SF,IF2007,2020-05-27 13:17:44.700,3769.4000,8240,3,2390920380.000,3,3,0,双开,S,3768.6000,3766.8000,3766.4000,3766.2000,3766.0000,3769.4000,3769.6000,3771.2000,3771.4000,3772.2000,1,1,1,3,4,1,1,2,2,1
SF,IF2007,2020-05-27 13:17:46.200,3769.4000,8240,0,2390920380.000,0,-,-,-,-,3768.6000,3766.8000,3766.4000,3766.2000,3766.0000,3769.2000,3769.6000,3771.2000,3771.4000,3772.2000,1,1,1,3,4,1,1,2,2,1
SF,IF2007,2020-05-27 13:17:46.700,3769.4000,8240,0,2390920380.000,0,-,-,-,-,3768.6000,3766.8000,3766.4000,3766.2000,3766.0000,3769.6000,3771.2000,3771.4000,3772.2000,3773.0000,1,1,1,3,4,1,2,2,1,1
SF,IF2007,2020-05-27 13:17:48.200,3769.4000,8240,0,2390920380.000,0,-,-,-,-,3768.6000,3766.8000,3766.4000,3766.2000,3766.0000,3769.6000,3771.2000,3771.4000,3772.2000,3773.0000,1,1,1,3,4,1,2,2,1,1
SF,IF2007,2020-05-27 13:17:51.700,3769.4000,8240,0,2390920380.000,0,-,-,-,-,3768.6000,3766.8000,3766.4000,3766.2000,3766.0000,3769.2000,3769.6000,3771.2000,3771.4000,3772.2000,1,1,1,3,4,2,1,2,2,1
SF,IF2007,2020-05-27 13:17:53.700,3769.4000,8240,0,2390920380.000,0,-,-,-,-,3768.6000,3766.8000,3766.4000,3766.2000,3766.0000,3769.2000,3769.6000,3771.2000,3771.4000,3772.2000,1,1,1,2,4,2,1,2,2,1
SF,IF2007,2020-05-27 13:17:57.200,3769.4000,8240,0,2390920380.000,0,-,-,-,-,3768.6000,3766.8000,3766.4000,3766.2000,3766.0000,3769.6000,3771.2000,3771.4000,3772.2000,3773.0000,1,1,1,2,4,1,2,2,1,1
SF,IF2007,2020-05-27 13:18:03.700,3769.4000,8240,0,2390920380.000,0,-,-,-,-,3768.8000,3768.6000,3766.8000,3766.4000,3766.2000,3769.6000,3771.2000,3771.4000,3772.2000,3773.0000,1,1,1,1,2,1,2,2,1,1
SF,IF2007,2020-05-27 13:18:04.700,3769.4000,8240,0,2390920380.000,0,-,-,-,-,3768.8000,3768.6000,3766.8000,3766.4000,3766.2000,3771.2000,3771.4000,3772.2000,3773.0000,3774.0000,1,1,1,1,2,2,2,1,1,1
SF,IF2007,2020-05-27 13:18:05.200,3769.4000,8240,0,2390920380.000,0,-,-,-,-,3769.0000,3768.8000,3768.6000,3766.8000,3766.4000,3770.0000,3770.4000,3770.8000,3771.0000,3771.2000,1,1,1,1,1,2,1,1,2,3
SF,IF2007,2020-05-27 13:18:05.700,3769.4000,8240,0,2390920380.000,0,-,-,-,-,3768.8000,3768.6000,3766.8000,3766.4000,3766.2000,3770.0000,3770.4000,3770.8000,3771.0000,3771.2000,1,1,1,1,2,2,1,1,1,4
SF,IF2007,2020-05-27 13:18:07.700,3769.4000,8240,0,2390920380.000,0,-,-,-,-,3768.8000,3768.6000,3766.8000,3766.4000,3766.2000,3770.0000,3770.4000,3770.8000,3771.2000,3771.4000,1,1,1,1,2,2,1,1,4,1
SF,IF2007,2020-05-27 13:18:08.200,3769.4000,8240,0,2390920380.000,0,-,-,-,-,3769.0000,3768.8000,3768.6000,3766.8000,3766.4000,3770.0000,3770.4000,3770.8000,3771.2000,3771.4000,1,1,1,1,1,2,1,1,4,1
SF,IF2007,2020-05-27 13:18:09.200,3769.4000,8240,0,2390920380.000,0,-,-,-,-,3769.0000,3768.8000,3768.6000,3766.8000,3766.4000,3770.0000,3770.8000,3771.2000,3771.4000,3772.2000,1,1,1,1,1,2,1,4,1,1
SF,IF2007,2020-05-27 13:18:10.700,3769.4000,8240,0,2390920380.000,0,-,-,-,-,3768.8000,3768.6000,3766.8000,3766.4000,3766.2000,3769.6000,3770.0000,3770.8000,3771.2000,3771.4000,1,1,1,1,2,1,2,1,4,1
SF,IF2007,2020-05-27 13:18:17.700,3769.4000,8240,0,2390920380.000,0,-,-,-,-,3768.8000,3768.6000,3766.8000,3766.4000,3766.2000,3769.6000,3770.0000,3770.8000,3771.2000,3771.4000,1,1,1,1,2,1,2,1,4,1
SF,IF2007,2020-05-27 13:18:23.700,3769.4000,8240,0,2390920380.000,0,-,-,-,-,3768.8000,3768.6000,3766.8000,3766.4000,3766.2000,3769.6000,3770.0000,3770.8000,3771.2000,3771.4000,2,1,1,1,2,1,2,1,4,1
SF,IF2007,2020-05-27 13:18:26.200,3768.8000,8238,-2,2393181660.000,2,0,2,双平,S,3768.6000,3766.8000,3766.4000,3766.2000,3766.0000,3769.6000,3770.8000,3771.2000,3771.4000,3772.2000,1,1,1,2,4,1,1,4,1,1
SF,IF2007,2020-05-27 13:18:32.700,3768.8000,8238,0,2393181660.000,0,-,-,-,-,3768.6000,3766.8000,3766.4000,3766.2000,3766.0000,3768.8000,3769.2000,3769.6000,3770.8000,3771.2000,1,1,1,2,4,1,1,1,1,4
SF,IF2007,2020-05-27 13:18:40.700,3768.8000,8238,0,2393181660.000,0,-,-,-,-,3768.6000,3766.8000,3766.4000,3766.2000,3766.0000,3769.2000,3769.6000,3770.8000,3771.2000,3771.4000,1,1,1,2,4,1,1,1,4,1
SF,IF2007,2020-05-27 13:18:43.200,3768.6000,8239,1,2394312240.000,1,1,0,双开,S,3766.8000,3766.4000,3766.2000,3766.0000,3763.8000,3769.6000,3770.8000,3771.2000,3771.4000,3772.2000,1,1,2,4,1,1,1,4,1,1
SF,IF2007,2020-05-27 13:18:43.700,3768.6000,8239,0,2394312240.000,0,-,-,-,-,3767.8000,3767.6000,3767.4000,3767.0000,3766.8000,3769.2000,3769.4000,3769.6000,3770.8000,3771.2000,2,1,2,2,1,1,1,1,1,4
SF,IF2007,2020-05-27 13:18:44.200,3768.6000,8239,0,2394312240.000,0,-,-,-,-,3767.8000,3767.4000,3767.0000,3766.8000,3766.4000,3769.2000,3769.4000,3769.6000,3770.8000,3771.2000,2,2,2,1,1,1,1,1,1,4
SF,IF2007,2020-05-27 13:18:44.700,3768.6000,8239,0,2394312240.000,0,-,-,-,-,3767.8000,3767.4000,3767.0000,3766.8000,3766.4000,3769.2000,3769.4000,3769.6000,3770.8000,3771.2000,2,2,1,1,1,1,1,1,1,4
SF,IF2007,2020-05-27 13:18:46.700,3768.6000,8239,0,2394312240.000,0,-,-,-,-,3767.8000,3767.4000,3767.0000,3766.8000,3766.4000,3768.8000,3769.0000,3769.2000,3769.6000,3770.8000,2,2,1,1,1,1,1,1,1,1
SF,IF2007,2020-05-27 13:18:49.200,3768.6000,8239,0,2394312240.000,0,-,-,-,-,3767.8000,3767.4000,3767.0000,3766.8000,3766.4000,3768.8000,3769.0000,3769.2000,3769.6000,3769.8000,2,2,1,1,1,1,1,1,1,1
SF,IF2007,2020-05-27 13:18:53.200,3768.6000,8239,0,2394312240.000,0,-,-,-,-,3768.0000,3767.8000,3767.4000,3767.0000,3766.8000,3768.8000,3769.0000,3769.2000,3769.6000,3769.8000,1,2,2,1,1,1,1,1,1,1
SF,IF2007,2020-05-27 13:18:53.700,3768.6000,8239,0,2394312240.000,0,-,-,-,-,3768.0000,3767.8000,3767.0000,3766.8000,3766.4000,3768.8000,3769.0000,3769.2000,3769.6000,3769.8000,1,2,1,1,1,1,1,1,1,1
SF,IF2007,2020-05-27 13:18:55.700,3768.6000,8239,0,2394312240.000,0,-,-,-,-,3768.0000,3767.8000,3767.0000,3766.8000,3766.4000,3769.0000,3769.2000,3769.6000,3769.8000,3770.8000,1,2,1,1,1,1,1,1,1,1
SF,IF2007,2020-05-27 13:19:02.700,3768.6000,8239,0,2394312240.000,0,-,-,-,-,3768.4000,3768.2000,3768.0000,3767.0000,3766.8000,3769.2000,3769.6000,3769.8000,3770.8000,3771.2000,1,2,1,1,1,1,1,1,1,4
SF,IF2007,2020-05-27 13:19:03.200,3768.6000,8239,0,2394312240.000,0,-,-,-,-,3768.4000,3768.2000,3768.0000,3767.0000,3766.8000,3769.6000,3769.8000,3770.8000,3771.2000,3771.4000,1,2,1,1,1,1,1,1,4,1
SF,IF2007,2020-05-27 13:19:05.700,3768.6000,8239,0,2394312240.000,0,-,-,-,-,3768.6000,3768.4000,3768.2000,3768.0000,3767.0000,3769.6000,3769.8000,3770.8000,3771.2000,3771.4000,1,1,1,1,1,1,1,1,4,1
SF,IF2007,2020-05-27 13:19:06.700,3768.6000,8239,0,2394312240.000,0,-,-,-,-,3768.6000,3768.4000,3768.0000,3767.0000,3766.8000,3769.6000,3769.8000,3770.8000,3771.2000,3771.4000,1,1,1,1,1,1,1,1,4,1
SF,IF2007,2020-05-27 13:19:09.200,3768.6000,8239,0,2394312240.000,0,-,-,-,-,3768.8000,3768.6000,3768.4000,3768.0000,3767.0000,3769.6000,3769.8000,3770.8000,3771.2000,3771.4000,1,1,1,1,1,1,1,1,4,1
SF,IF2007,2020-05-27 13:19:09.700,3768.6000,8239,0,2394312240.000,0,-,-,-,-,3768.8000,3768.6000,3768.0000,3767.0000,3766.8000,3769.6000,3769.8000,3770.8000,3771.2000,3771.4000,1,1,1,1,1,1,1,1,4,1
SF,IF2007,2020-05-27 13:19:10.200,3768.6000,8239,0,2394312240.000,0,-,-,-,-,3768.6000,3768.0000,3767.0000,3766.8000,3766.4000,3769.6000,3769.8000,3770.8000,3771.2000,3771.4000,1,1,1,1,1,1,1,1,4,1
SF,IF2007,2020-05-27 13:19:15.700,3768.6000,8239,0,2394312240.000,0,-,-,-,-,3768.6000,3768.0000,3767.0000,3766.8000,3766.4000,3769.6000,3770.8000,3771.2000,3771.4000,3772.2000,1,1,1,1,1,1,1,4,1,1
SF,IF2007,2020-05-27 13:19:21.700,3768.6000,8239,0,2394312240.000,0,-,-,-,-,3768.6000,3768.0000,3767.0000,3766.8000,3766.4000,3770.8000,3771.2000,3771.4000,3772.2000,3774.6000,1,1,1,1,1,1,4,1,1,1
SF,IF2007,2020-05-27 13:19:22.200,3768.6000,8239,0,2394312240.000,0,-,-,-,-,3768.8000,3768.6000,3768.0000,3766.8000,3766.4000,3770.0000,3770.2000,3770.6000,3770.8000,3771.2000,1,1,1,1,1,2,1,1,3,3
SF,IF2007,2020-05-27 13:19:22.700,3768.6000,8239,0,2394312240.000,0,-,-,-,-,3768.6000,3768.0000,3766.8000,3766.4000,3766.2000,3769.8000,3770.0000,3770.8000,3771.2000,3771.4000,1,1,1,1,2,1,2,3,3,1
SF,IF2007,2020-05-27 13:19:23.700,3768.6000,8239,0,2394312240.000,0,-,-,-,-,3768.6000,3768.0000,3766.8000,3766.4000,3766.2000,3769.6000,3769.8000,3770.0000,3770.8000,3771.2000,1,1,1,1,2,1,1,2,3,3
SF,IF2007,2020-05-27 13:19:25.200,3768.6000,8239,0,2394312240.000,0,-,-,-,-,3768.0000,3766.8000,3766.4000,3766.2000,3766.0000,3769.6000,3769.8000,3770.0000,3770.8000,3771.2000,1,1,1,2,4,1,1,1,3,3
SF,IF2007,2020-05-27 13:19:25.700,3768.6000,8239,0,2394312240.000,0,-,-,-,-,3768.4000,3768.2000,3768.0000,3766.8000,3766.4000,3769.4000,3769.6000,3770.0000,3770.8000,3771.2000,2,2,1,1,1,1,1,1,3,3
SF,IF2007,2020-05-27 13:19:26.200,3768.6000,8239,0,2394312240.000,0,-,-,-,-,3768.4000,3768.2000,3768.0000,3766.8000,3766.4000,3769.6000,3770.0000,3770.8000,3771.2000,3771.4000,2,2,1,1,1,1,1,3,3,1
SF,IF2007,2020-05-27 13:19:28.200,3768.6000,8239,0,2394312240.000,0,-,-,-,-,3768.6000,3768.4000,3768.2000,3768.0000,3766.8000,3769.6000,3770.0000,3770.8000,3771.2000,3771.4000,1,2,1,1,1,1,1,3,3,1
SF,IF2007,2020-05-27 13:19:28.700,3768.6000,8239,0,2394312240.000,0,-,-,-,-,3768.6000,3768.4000,3768.0000,3766.8000,3766.4000,3769.6000,3770.0000,3770.8000,3771.2000,3771.4000,1,2,1,1,1,1,1,3,3,1
SF,IF2007,2020-05-27 13:19:29.200,3768.6000,8239,0,2394312240.000,0,-,-,-,-,3768.6000,3768.4000,3768.0000,3766.8000,3766.4000,3770.0000,3770.8000,3771.2000,3771.4000,3772.2000,1,2,1,1,1,1,3,3,1,1
SF,IF2007,2020-05-27 13:19:29.700,3768.6000,8239,0,2394312240.000,0,-,-,-,-,3768.8000,3768.6000,3768.4000,3768.0000,3766.8000,3770.0000,3770.8000,3771.2000,3771.4000,3772.2000,1,1,2,1,1,1,2,3,1,1
SF,IF2007,2020-05-27 13:19:30.200,3768.6000,8239,0,2394312240.000,0,-,-,-,-,3769.0000,3768.8000,3768.0000,3766.8000,3766.4000,3770.0000,3770.8000,3771.2000,3771.4000,3772.2000,3,1,1,1,1,1,2,3,1,1
SF,IF2007,2020-05-27 13:19:30.700,3768.6000,8239,0,2394312240.000,0,-,-,-,-,3769.0000,3768.8000,3768.0000,3766.8000,3766.4000,3770.0000,3770.8000,3771.2000,3771.4000,3772.2000,3,1,1,1,1,1,2,2,1,1
SF,IF2007,2020-05-27 13:19:37.700,3769.0000,8239,0,2395442940.000,1,0,1,多换,S,3769.0000,3768.8000,3768.0000,3766.8000,3766.4000,3769.8000,3770.0000,3770.8000,3771.2000,3771.4000,2,1,1,1,1,1,1,2,2,1
SF,IF2007,2020-05-27 13:19:41.700,3769.0000,8239,0,2395442940.000,0,-,-,-,-,3768.8000,3768.0000,3766.8000,3766.4000,3766.2000,3769.8000,3770.0000,3770.8000,3771.2000,3771.4000,1,1,1,1,2,1,1,2,2,1
SF,IF2007,2020-05-27 13:19:42.200,3769.0000,8239,0,2395442940.000,0,-,-,-,-,3768.8000,3768.0000,3766.8000,3766.4000,3766.2000,3769.4000,3770.0000,3770.8000,3771.2000,3771.4000,1,1,1,1,2,1,1,2,2,1
SF,IF2007,2020-05-27 13:19:42.700,3769.0000,8239,0,2395442940.000,0,-,-,-,-,3768.0000,3766.8000,3766.4000,3766.2000,3766.0000,3769.4000,3770.0000,3770.8000,3771.2000,3771.4000,1,1,1,2,4,1,1,2,2,1
SF,IF2007,2020-05-27 13:19:43.200,3769.0000,8239,0,2395442940.000,0,-,-,-,-,3768.4000,3768.2000,3768.0000,3766.8000,3766.4000,3769.4000,3770.0000,3770.8000,3771.2000,3771.4000,2,1,1,1,1,1,1,2,2,1
SF,IF2007,2020-05-27 13:19:43.700,3769.0000,8239,0,2395442940.000,0,-,-,-,-,3768.6000,3768.4000,3768.0000,3766.8000,3766.4000,3769.4000,3770.0000,3770.8000,3771.2000,3771.4000,1,2,1,1,1,1,1,2,2,1
SF,IF2007,2020-05-27 13:19:44.200,3769.0000,8239,0,2395442940.000,0,-,-,-,-,3768.6000,3768.4000,3768.0000,3766.8000,3766.4000,3769.4000,3770.0000,3770.8000,3771.2000,3771.4000,1,2,1,1,1,1,1,2,2,2
SF,IF2007,2020-05-27 13:19:44.700,3769.0000,8239,0,2395442940.000,0,-,-,-,-,3768.0000,3766.8000,3766.4000,3766.2000,3766.0000,3769.0000,3770.0000,3770.8000,3771.2000,3771.4000,1,1,1,1,4,1,1,2,2,2
SF,IF2007,2020-05-27 13:19:45.200,3769.0000,8239,0,2395442940.000,0,-,-,-,-,3768.4000,3768.2000,3768.0000,3766.8000,3766.4000,3769.0000,3770.0000,3770.8000,3771.2000,3771.4000,1,1,1,1,1,1,1,2,2,2
SF,IF2007,2020-05-27 13:19:45.700,3769.0000,8239,0,2396573640.000,1,0,1,多换,S,3768.4000,3768.2000,3768.0000,3766.8000,3766.4000,3770.0000,3770.8000,3771.2000,3771.4000,3772.2000,1,1,1,1,1,1,2,2,2,1
SF,IF2007,2020-05-27 13:19:46.200,3769.0000,8239,0,2396573640.000,0,-,-,-,-,3768.2000,3768.0000,3766.8000,3766.4000,3766.2000,3769.6000,3769.8000,3770.0000,3770.8000,3771.2000,1,1,1,1,1,2,1,1,2,2
SF,IF2007,2020-05-27 13:19:49.200,3769.0000,8239,0,2396573640.000,0,-,-,-,-,3768.2000,3768.0000,3766.8000,3766.4000,3766.2000,3769.4000,3769.6000,3770.0000,3770.8000,3771.2000,1,1,1,1,1,1,2,1,2,2
SF,IF2007,2020-05-27 13:19:50.700,3769.0000,8239,0,2396573640.000,0,-,-,-,-,3768.0000,3766.8000,3766.4000,3766.2000,3766.0000,3769.0000,3769.2000,3769.6000,3770.0000,3770.8000,1,1,1,1,4,1,1,1,1,2
SF,IF2007,2020-05-27 13:19:51.200,3768.0000,8240,1,2397704040.000,1,1,0,双开,S,3766.8000,3766.4000,3766.2000,3766.0000,3763.8000,3769.0000,3769.2000,3769.6000,3770.0000,3770.8000,1,1,1,4,1,1,1,1,1,2
SF,IF2007,2020-05-27 13:19:51.700,3768.0000,8240,0,2397704040.000,0,-,-,-,-,3767.6000,3767.2000,3767.0000,3766.8000,3766.4000,3768.8000,3769.0000,3769.6000,3770.0000,3770.8000,2,1,2,1,1,1,1,1,1,2
SF,IF2007,2020-05-27 13:19:54.700,3768.0000,8240,0,2397704040.000,0,-,-,-,-,3767.8000,3767.6000,3767.2000,3767.0000,3766.8000,3768.8000,3769.0000,3769.6000,3770.0000,3770.8000,1,2,1,2,1,1,1,1,1,2
SF,IF2007,2020-05-27 13:19:57.700,3768.0000,8240,0,2397704040.000,0,-,-,-,-,3767.6000,3767.2000,3767.0000,3766.8000,3766.4000,3768.8000,3769.0000,3769.6000,3770.0000,3770.8000,2,1,2,1,1,1,1,1,1,2
SF,IF2007,2020-05-27 13:20:01.700,3768.0000,8240,0,2397704040.000,0,-,-,-,-,3767.8000,3767.6000,3767.2000,3767.0000,3766.8000,3768.8000,3769.0000,3769.6000,3770.0000,3770.8000,1,2,1,2,1,1,1,1,1,2
SF,IF2007,2020-05-27 13:20:04.700,3768.0000,8240,0,2397704040.000,0,-,-,-,-,3768.0000,3767.8000,3767.6000,3767.2000,3767.0000,3768.8000,3769.0000,3769.6000,3770.0000,3770.8000,1,1,2,1,2,1,1,1,1,2
SF,IF2007,2020-05-27 13:20:05.200,3768.0000,8240,0,2397704040.000,0,-,-,-,-,3768.0000,3767.6000,3767.2000,3767.0000,3766.8000,3768.8000,3769.0000,3769.6000,3770.0000,3770.8000,1,2,1,2,1,1,1,1,1,2
SF,IF2007,2020-05-27 13:20:09.700,3768.0000,8240,0,2397704040.000,0,-,-,-,-,3768.0000,3767.6000,3767.2000,3767.0000,3766.8000,3768.8000,3769.0000,3769.6000,3770.0000,3770.8000,1,2,1,2,1,1,1,1,1,2
SF,IF2007,2020-05-27 13:20:13.200,3768.0000,8240,0,2397704040.000,0,-,-,-,-,3768.0000,3767.6000,3767.2000,3767.0000,3766.8000,3769.0000,3769.6000,3770.0000,3770.8000,3771.2000,1,2,1,2,1,1,1,1,2,2
SF,IF2007,2020-05-27 13:20:19.200,3768.0000,8240,0,2397704040.000,0,-,-,-,-,3768.0000,3767.6000,3767.2000,3767.0000,3766.8000,3769.0000,3769.6000,3770.0000,3770.8000,3771.2000,1,1,1,2,1,1,1,1,2,2
SF,IF2007,2020-05-27 13:20:20.200,3768.0000,8240,0,2397704040.000,0,-,-,-,-,3768.0000,3767.6000,3767.2000,3767.0000,3766.4000,3769.0000,3769.6000,3770.0000,3770.8000,3771.2000,1,1,1,1,1,1,1,1,2,2
SF,IF2007,2020-05-27 13:20:25.700,3768.0000,8240,0,2397704040.000,0,-,-,-,-,3768.0000,3767.6000,3767.2000,3767.0000,3766.4000,3769.0000,3769.6000,3770.0000,3770.8000,3771.2000,1,1,1,2,1,1,1,1,2,2
SF,IF2007,2020-05-27 13:20:29.200,3768.0000,8240,0,2397704040.000,0,-,-,-,-,3768.0000,3767.6000,3767.2000,3767.0000,3766.4000,3769.0000,3769.6000,3770.0000,3770.8000,3771.2000,1,1,1,2,1,1,1,1,2,2
SF,IF2007,2020-05-27 13:20:31.200,3768.0000,8240,0,2397704040.000,0,-,-,-,-,3768.0000,3767.2000,3767.0000,3766.4000,3766.2000,3769.0000,3769.6000,3770.0000,3770.8000,3771.2000,1,1,2,1,1,1,1,1,2,2
SF,IF2007,2020-05-27 13:20:32.700,3768.0000,8240,0,2397704040.000,0,-,-,-,-,3768.4000,3768.2000,3768.0000,3767.2000,3767.0000,3769.6000,3770.0000,3770.8000,3771.2000,3771.4000,1,1,1,1,2,1,1,2,2,1
SF,IF2007,2020-05-27 13:20:34.200,3768.0000,8240,0,2397704040.000,0,-,-,-,-,3768.2000,3768.0000,3767.2000,3767.0000,3766.4000,3769.4000,3769.6000,3770.0000,3770.8000,3771.2000,1,1,1,2,1,1,1,1,2,2
SF,IF2007,2020-05-27 13:20:34.700,3768.0000,8240,0,2397704040.000,0,-,-,-,-,3768.4000,3768.2000,3768.0000,3767.2000,3767.0000,3769.4000,3769.6000,3770.0000,3770.8000,3771.2000,1,1,1,1,2,1,1,1,2,2
SF,IF2007,2020-05-27 13:20:37.200,3768.0000,8240,0,2397704040.000,0,-,-,-,-,3768.2000,3768.0000,3767.2000,3767.0000,3766.4000,3769.4000,3769.6000,3770.0000,3770.8000,3771.2000,1,1,1,2,1,1,1,1,2,2
SF,IF2007,2020-05-27 13:20:39.200,3768.0000,8240,0,2397704040.000,0,-,-,-,-,3768.4000,3768.2000,3768.0000,3767.2000,3767.0000,3769.4000,3769.6000,3770.0000,3770.8000,3771.2000,1,1,1,1,2,1,1,1,2,2
SF,IF2007,2020-05-27 13:20:54.200,3768.0000,8240,0,2397704040.000,0,-,-,-,-,3768.2000,3768.0000,3767.2000,3767.0000,3766.4000,3769.4000,3769.6000,3770.8000,3771.2000,3771.4000,1,1,1,2,1,1,1,2,2,1
SF,IF2007,2020-05-27 13:20:54.700,3768.0000,8240,0,2397704040.000,0,-,-,-,-,3768.2000,3768.0000,3767.2000,3767.0000,3766.4000,3769.0000,3769.4000,3769.6000,3770.8000,3771.2000,1,1,1,2,1,1,3,1,2,2
SF,IF2007,2020-05-27 13:20:57.200,3768.0000,8240,0,2397704040.000,0,-,-,-,-,3768.0000,3767.2000,3767.0000,3766.4000,3766.2000,3769.0000,3769.4000,3769.6000,3770.8000,3771.2000,1,1,2,1,1,1,3,1,2,2
SF,IF2007,2020-05-27 13:21:01.700,3768.0000,8240,0,2397704040.000,0,-,-,-,-,3768.0000,3767.2000,3767.0000,3766.4000,3766.2000,3768.4000,3769.0000,3769.4000,3769.6000,3770.8000,1,1,2,1,1,1,1,3,1,2
SF,IF2007,2020-05-27 13:21:02.200,3768.0000,8240,0,2397704040.000,0,-,-,-,-,3768.0000,3767.0000,3766.4000,3766.2000,3766.0000,3768.4000,3769.0000,3769.4000,3769.6000,3770.8000,1,1,1,1,3,1,1,2,1,2
SF,IF2007,2020-05-27 13:21:04.700,3768.0000,8240,0,2397704040.000,0,-,-,-,-,3768.0000,3766.4000,3766.2000,3766.0000,3763.8000,3768.4000,3769.0000,3769.4000,3769.6000,3770.8000,1,1,1,3,1,1,1,2,1,2
SF,IF2007,2020-05-27 13:21:09.200,3768.0000,8240,0,2397704040.000,0,-,-,-,-,3768.0000,3766.4000,3766.2000,3766.0000,3763.8000,3768.4000,3769.0000,3769.4000,3769.6000,3770.8000,1,1,1,3,1,2,1,2,1,2
SF,IF2007,2020-05-27 13:21:09.700,3768.0000,8241,1,2398834440.000,1,1,0,双开,S,3766.4000,3766.2000,3766.0000,3763.8000,3761.0000,3768.4000,3769.0000,3769.4000,3769.6000,3770.8000,1,1,3,1,7,2,1,2,1,2
SF,IF2007,2020-05-27 13:21:10.200,3768.0000,8241,0,2398834440.000,0,-,-,-,-,3767.4000,3767.2000,3767.0000,3766.8000,3766.6000,3768.4000,3769.0000,3769.4000,3769.6000,3770.8000,1,1,1,2,4,2,1,2,1,2
SF,IF2007,2020-05-27 13:21:10.700,3768.0000,8241,0,2398834440.000,0,-,-,-,-,3767.6000,3767.4000,3767.0000,3766.6000,3766.2000,3768.4000,3769.0000,3769.4000,3769.6000,3770.8000,1,1,1,4,1,2,1,2,1,2
SF,IF2007,2020-05-27 13:21:11.200,3768.4000,8242,1,2399964960.000,1,1,0,双开,S,3767.6000,3767.4000,3767.0000,3766.6000,3766.2000,3768.4000,3769.0000,3769.4000,3769.6000,3770.8000,1,1,1,4,1,1,1,2,1,2
SF,IF2007,2020-05-27 13:21:12.700,3768.4000,8242,0,2401095480.000,1,0,1,多换,S,3767.6000,3767.4000,3767.0000,3766.6000,3766.2000,3769.0000,3769.4000,3769.6000,3770.8000,3771.2000,1,1,1,4,1,1,2,1,2,2
SF,IF2007,2020-05-27 13:21:13.200,3768.4000,8242,0,2401095480.000,0,-,-,-,-,3767.8000,3767.6000,3767.0000,3766.6000,3766.2000,3769.0000,3769.4000,3769.6000,3770.8000,3771.2000,1,1,1,4,1,1,1,1,2,2
SF,IF2007,2020-05-27 13:21:13.700,3768.4000,8242,0,2401095480.000,0,-,-,-,-,3768.0000,3767.8000,3767.0000,3766.6000,3766.2000,3769.0000,3769.4000,3769.6000,3770.8000,3771.2000,3,1,1,4,1,1,1,1,2,2
SF,IF2007,2020-05-27 13:21:16.700,3768.4000,8242,0,2401095480.000,0,-,-,-,-,3768.0000,3767.8000,3767.0000,3766.6000,3766.2000,3769.4000,3769.6000,3770.8000,3771.2000,3771.4000,3,1,1,4,1,1,1,2,2,1
SF,IF2007,2020-05-27 13:21:17.200,3768.4000,8242,0,2401095480.000,0,-,-,-,-,3768.2000,3768.0000,3767.0000,3766.6000,3766.2000,3769.4000,3769.6000,3770.8000,3771.2000,3771.4000,1,3,1,4,1,1,1,2,2,1
SF,IF2007,2020-05-27 13:21:17.700,3768.4000,8242,0,2401095480.000,0,-,-,-,-,3768.4000,3768.2000,3767.0000,3766.6000,3766.2000,3769.4000,3769.6000,3770.8000,3771.2000,3771.4000,3,1,1,4,1,1,1,2,2,1
SF,IF2007,2020-05-27 13:21:25.200,3768.4000,8242,0,2401095480.000,0,-,-,-,-,3768.4000,3768.2000,3767.0000,3766.6000,3766.2000,3769.4000,3769.6000,3770.8000,3771.2000,3771.4000,3,1,1,4,1,1,1,2,2,1
SF,IF2007,2020-05-27 13:21:32.200,3768.4000,8242,0,2401095480.000,0,-,-,-,-,3768.4000,3768.2000,3767.0000,3766.6000,3766.2000,3769.4000,3769.6000,3770.8000,3771.2000,3771.4000,3,1,1,4,1,1,1,2,2,1
SF,IF2007,2020-05-27 13:21:40.200,3768.4000,8242,0,2401095480.000,0,-,-,-,-,3768.4000,3768.2000,3767.0000,3766.6000,3766.2000,3769.6000,3770.8000,3771.2000,3771.4000,3772.2000,3,1,1,4,1,1,2,2,1,1
SF,IF2007,2020-05-27 13:21:40.700,3768.4000,8242,0,2401095480.000,0,-,-,-,-,3768.6000,3768.4000,3768.2000,3767.0000,3766.6000,3769.6000,3770.8000,3771.2000,3771.4000,3772.2000,2,1,1,1,4,1,2,2,1,1
SF,IF2007,2020-05-27 13:21:42.700,3768.4000,8242,0,2401095480.000,0,-,-,-,-,3768.8000,3768.6000,3768.2000,3767.0000,3766.6000,3770.8000,3771.2000,3771.4000,3772.2000,3773.4000,1,2,1,1,4,2,2,1,1,1
SF,IF2007,2020-05-27 13:21:43.200,3768.4000,8242,0,2401095480.000,0,-,-,-,-,3769.0000,3768.8000,3767.0000,3766.6000,3766.2000,3770.0000,3770.4000,3770.8000,3771.2000,3771.4000,1,1,1,3,1,1,2,2,2,1
SF,IF2007,2020-05-27 13:21:43.700,3768.4000,8242,0,2401095480.000,0,-,-,-,-,3768.8000,3767.0000,3766.6000,3766.2000,3766.0000,3770.0000,3770.4000,3770.8000,3771.2000,3771.4000,1,1,3,1,3,1,2,1,2,1
SF,IF2007,2020-05-27 13:21:44.200,3768.4000,8242,0,2401095480.000,0,-,-,-,-,3769.0000,3768.8000,3767.0000,3766.6000,3766.2000,3770.0000,3770.4000,3770.8000,3771.2000,3771.4000,1,1,1,3,1,1,2,1,2,1
SF,IF2007,2020-05-27 13:21:44.700,3768.4000,8242,0,2401095480.000,0,-,-,-,-,3769.0000,3768.8000,3767.0000,3766.6000,3766.2000,3770.0000,3770.4000,3770.8000,3771.2000,3771.4000,1,1,1,3,1,1,2,1,2,1
SF,IF2007,2020-05-27 13:21:45.200,3768.4000,8242,0,2401095480.000,0,-,-,-,-,3769.0000,3768.8000,3767.0000,3766.6000,3766.2000,3770.0000,3770.4000,3770.8000,3771.2000,3771.4000,1,1,1,3,1,1,1,1,2,1
SF,IF2007,2020-05-27 13:21:45.700,3768.4000,8242,0,2401095480.000,0,-,-,-,-,3769.0000,3768.8000,3767.0000,3766.6000,3766.2000,3770.0000,3770.4000,3770.8000,3771.2000,3771.4000,1,1,1,3,1,1,1,1,2,1
SF,IF2007,2020-05-27 13:21:47.700,3768.4000,8242,0,2401095480.000,0,-,-,-,-,3768.8000,3767.0000,3766.6000,3766.2000,3766.0000,3770.0000,3770.4000,3770.8000,3771.2000,3771.4000,1,1,3,1,3,1,1,1,2,1
SF,IF2007,2020-05-27 13:21:48.200,3768.4000,8242,0,2401095480.000,0,-,-,-,-,3767.0000,3766.6000,3766.2000,3766.0000,3763.8000,3769.8000,3770.0000,3770.4000,3770.8000,3771.2000,1,3,1,3,1,1,1,1,1,2
SF,IF2007,2020-05-27 13:21:48.700,3768.4000,8242,0,2401095480.000,0,-,-,-,-,3768.2000,3768.0000,3767.6000,3767.4000,3767.2000,3769.6000,3769.8000,3770.4000,3770.8000,3771.2000,2,1,4,3,5,1,1,1,1,2
SF,IF2007,2020-05-27 13:21:49.200,3768.4000,8242,0,2401095480.000,0,-,-,-,-,3768.4000,3768.2000,3767.6000,3767.4000,3767.2000,3769.6000,3769.8000,3770.4000,3770.8000,3771.2000,1,2,2,3,5,1,1,1,1,2
SF,IF2007,2020-05-27 13:21:49.700,3768.4000,8242,0,2401095480.000,0,-,-,-,-,3768.4000,3768.2000,3767.6000,3767.4000,3767.2000,3769.6000,3769.8000,3770.0000,3770.4000,3770.8000,1,2,2,3,5,1,1,1,1,1
SF,IF2007,2020-05-27 13:21:50.200,3768.4000,8242,0,2401095480.000,0,-,-,-,-,3768.6000,3768.4000,3768.2000,3767.6000,3767.4000,3769.6000,3769.8000,3770.0000,3770.4000,3770.8000,1,1,2,2,3,1,1,1,1,1
SF,IF2007,2020-05-27 13:21:51.200,3768.4000,8242,0,2401095480.000,0,-,-,-,-,3768.6000,3768.4000,3768.2000,3767.6000,3767.4000,3769.4000,3769.6000,3769.8000,3770.0000,3770.4000,1,1,2,2,3,1,1,1,1,1
SF,IF2007,2020-05-27 13:21:54.200,3768.4000,8242,0,2401095480.000,0,-,-,-,-,3768.6000,3768.4000,3768.2000,3767.6000,3767.4000,3769.4000,3769.6000,3769.8000,3770.0000,3770.4000,1,1,2,2,3,1,1,1,1,1
SF,IF2007,2020-05-27 13:21:54.700,3768.4000,8242,0,2401095480.000,0,-,-,-,-,3768.4000,3768.2000,3767.6000,3767.4000,3767.2000,3769.4000,3769.6000,3769.8000,3770.0000,3770.4000,1,2,2,3,5,1,1,1,1,1
SF,IF2007,2020-05-27 13:21:59.700,3768.4000,8242,0,2401095480.000,0,-,-,-,-,3768.4000,3768.2000,3767.6000,3767.4000,3767.2000,3769.6000,3769.8000,3770.0000,3770.4000,3770.8000,1,2,2,3,5,1,1,1,1,1
SF,IF2007,2020-05-27 13:22:01.700,3768.4000,8242,0,2401095480.000,0,-,-,-,-,3768.6000,3768.4000,3768.2000,3767.6000,3767.4000,3769.6000,3769.8000,3770.0000,3770.4000,3770.8000,2,1,1,2,3,1,1,1,1,1
SF,IF2007,2020-05-27 13:22:03.200,3768.4000,8242,0,2401095480.000,0,-,-,-,-,3768.6000,3768.4000,3768.2000,3767.6000,3767.4000,3769.6000,3769.8000,3770.0000,3770.4000,3770.8000,2,2,1,2,3,1,1,1,1,1
SF,IF2007,2020-05-27 13:22:10.700,3768.4000,8242,0,2401095480.000,0,-,-,-,-,3768.8000,3768.6000,3768.4000,3768.2000,3767.6000,3769.6000,3769.8000,3770.0000,3770.4000,3770.8000,1,2,2,1,2,1,1,1,1,1
SF,IF2007,2020-05-27 13:22:12.700,3769.6000,8243,1,2402226360.000,1,1,0,双开,S,3768.8000,3768.6000,3768.4000,3768.2000,3767.6000,3769.8000,3770.0000,3770.4000,3770.8000,3771.2000,1,2,2,1,2,1,1,1,1,2
SF,IF2007,2020-05-27 13:22:13.200,3769.6000,8243,0,2402226360.000,0,-,-,-,-,3769.0000,3768.8000,3768.6000,3768.4000,3767.6000,3770.0000,3770.4000,3770.8000,3771.2000,3771.4000,2,1,1,1,2,1,1,1,2,1
SF,IF2007,2020-05-27 13:22:14.200,3769.6000,8243,0,2402226360.000,0,-,-,-,-,3769.0000,3768.8000,3768.6000,3768.4000,3767.6000,3770.0000,3770.4000,3771.2000,3771.4000,3771.8000,2,1,1,1,2,1,1,2,1,1
SF,IF2007,2020-05-27 13:22:14.700,3769.6000,8243,0,2402226360.000,0,-,-,-,-,3769.2000,3769.0000,3768.8000,3768.6000,3768.4000,3770.0000,3770.4000,3771.2000,3771.4000,3771.8000,2,1,1,1,1,1,1,2,1,1
SF,IF2007,2020-05-27 13:22:15.200,3769.6000,8243,0,2402226360.000,0,-,-,-,-,3769.2000,3769.0000,3768.8000,3768.4000,3767.6000,3770.0000,3770.4000,3771.2000,3771.4000,3771.8000,2,1,1,1,2,1,1,2,1,1
SF,IF2007,2020-05-27 13:22:16.200,3769.6000,8243,0,2402226360.000,0,-,-,-,-,3769.2000,3769.0000,3768.8000,3768.4000,3767.6000,3770.0000,3771.2000,3771.4000,3771.8000,3772.2000,2,1,1,1,2,1,2,1,1,1
SF,IF2007,2020-05-27 13:22:17.200,3769.6000,8243,0,2402226360.000,0,-,-,-,-,3769.2000,3769.0000,3768.8000,3768.4000,3767.6000,3770.0000,3771.4000,3771.8000,3772.2000,3773.4000,2,1,1,1,2,1,1,1,1,1
SF,IF2007,2020-05-27 13:22:17.700,3769.6000,8243,0,2402226360.000,0,-,-,-,-,3769.4000,3769.2000,3769.0000,3768.8000,3768.4000,3770.0000,3771.4000,3771.8000,3772.2000,3773.4000,1,1,1,1,1,1,1,1,1,1
SF,IF2007,2020-05-27 13:22:21.700,3769.6000,8243,0,2402226360.000,0,-,-,-,-,3769.4000,3769.2000,3769.0000,3768.4000,3767.6000,3770.0000,3771.4000,3771.8000,3772.2000,3773.4000,1,1,1,1,2,1,1,1,1,1
SF,IF2007,2020-05-27 13:22:23.200,3770.0000,8244,1,2403357360.000,1,1,0,双开,S,3769.4000,3769.2000,3769.0000,3768.4000,3767.6000,3771.4000,3771.8000,3772.2000,3773.4000,3774.6000,1,1,1,1,2,1,1,1,1,1
SF,IF2007,2020-05-27 13:22:23.700,3770.0000,8244,0,2403357360.000,0,-,-,-,-,3769.6000,3769.4000,3769.2000,3768.4000,3767.6000,3771.0000,3771.4000,3771.8000,3772.2000,3773.4000,2,1,1,1,2,1,1,1,1,1
SF,IF2007,2020-05-27 13:22:24.200,3770.0000,8244,0,2403357360.000,0,-,-,-,-,3769.6000,3769.4000,3769.2000,3768.4000,3767.6000,3771.0000,3771.4000,3771.8000,3772.2000,3773.4000,1,1,1,1,2,1,1,1,1,1
SF,IF2007,2020-05-27 13:22:27.700,3770.0000,8244,0,2403357360.000,0,-,-,-,-,3769.6000,3769.4000,3768.4000,3767.6000,3767.4000,3771.0000,3771.4000,3771.8000,3772.2000,3773.4000,1,1,1,2,3,1,1,1,1,1
SF,IF2007,2020-05-27 13:22:32.700,3770.0000,8244,0,2403357360.000,0,-,-,-,-,3769.8000,3769.6000,3769.4000,3768.4000,3767.6000,3771.0000,3771.4000,3771.8000,3772.2000,3773.4000,1,1,1,1,2,1,1,1,1,1
SF,IF2007,2020-05-27 13:22:33.200,3770.0000,8244,0,2403357360.000,0,-,-,-,-,3769.8000,3769.6000,3769.4000,3768.4000,3767.6000,3771.0000,3771.4000,3771.8000,3772.2000,3773.4000,1,1,1,1,2,1,1,1,1,1
SF,IF2007,2020-05-27 13:22:33.700,3770.0000,8244,0,2403357360.000,0,-,-,-,-,3770.0000,3769.8000,3769.4000,3768.4000,3767.6000,3771.0000,3771.4000,3771.8000,3772.2000,3773.4000,2,1,1,1,2,1,1,1,1,1
SF,IF2007,2020-05-27 13:22:34.200,3770.0000,8245,1,2404488360.000,1,1,0,双开,S,3769.8000,3769.4000,3768.4000,3767.6000,3767.4000,3771.0000,3771.4000,3771.8000,3772.2000,3773.4000,1,1,1,2,3,1,1,1,1,1
SF,IF2007,2020-05-27 13:22:34.700,3770.0000,8245,0,2404488360.000,0,-,-,-,-,3769.8000,3769.4000,3768.4000,3767.6000,3767.4000,3771.0000,3771.4000,3771.8000,3772.2000,3773.4000,1,1,1,2,3,1,1,1,1,1
SF,IF2007,2020-05-27 13:22:35.200,3770.0000,8245,0,2404488360.000,0,-,-,-,-,3769.8000,3769.4000,3768.4000,3767.6000,3767.4000,3770.8000,3771.0000,3771.4000,3771.8000,3772.2000,1,1,1,2,3,1,1,1,1,1
SF,IF2007,2020-05-27 13:22:35.700,3769.8000,8246,1,2405619300.000,1,1,0,双开,S,3769.4000,3768.4000,3767.6000,3767.4000,3767.2000,3770.6000,3770.8000,3771.4000,3771.8000,3772.2000,1,1,2,3,4,1,1,1,1,1
SF,IF2007,2020-05-27 13:22:36.200,3769.8000,8246,0,2405619300.000,0,-,-,-,-,3768.4000,3767.6000,3767.4000,3767.2000,3767.0000,3770.2000,3770.4000,3771.4000,3771.8000,3772.2000,1,2,3,4,1,1,1,1,1,1
SF,IF2007,2020-05-27 13:22:36.700,3769.8000,8246,0,2405619300.000,0,-,-,-,-,3768.8000,3768.6000,3768.4000,3767.6000,3767.4000,3770.2000,3770.4000,3771.4000,3771.8000,3772.2000,2,1,1,2,3,1,1,1,1,1
SF,IF2007,2020-05-27 13:22:37.200,3769.8000,8246,0,2405619300.000,0,-,-,-,-,3769.0000,3768.8000,3768.6000,3768.4000,3767.6000,3770.2000,3770.4000,3771.4000,3771.8000,3772.2000,1,1,1,1,2,1,1,1,1,1
SF,IF2007,2020-05-27 13:22:39.200,3769.8000,8246,0,2405619300.000,0,-,-,-,-,3769.0000,3768.8000,3768.6000,3768.4000,3767.6000,3770.0000,3770.2000,3770.4000,3771.4000,3771.8000,1,1,1,1,2,1,1,1,1,1
SF,IF2007,2020-05-27 13:22:41.700,3769.8000,8246,0,2405619300.000,0,-,-,-,-,3769.0000,3768.8000,3768.6000,3768.4000,3767.6000,3770.0000,3770.2000,3771.4000,3771.8000,3772.2000,1,1,1,1,2,1,1,1,1,1
SF,IF2007,2020-05-27 13:22:43.700,3769.8000,8246,0,2405619300.000,0,-,-,-,-,3768.8000,3768.6000,3768.4000,3767.6000,3767.4000,3770.0000,3770.2000,3771.4000,3771.8000,3772.2000,1,1,1,2,3,1,1,1,1,1
SF,IF2007,2020-05-27 13:22:44.700,3769.8000,8246,0,2405619300.000,0,-,-,-,-,3768.8000,3768.6000,3768.4000,3767.6000,3767.4000,3769.8000,3770.0000,3771.4000,3771.8000,3772.2000,1,1,1,2,3,1,1,1,1,1
SF,IF2007,2020-05-27 13:22:46.200,3769.8000,8246,0,2405619300.000,0,-,-,-,-,3768.8000,3768.6000,3768.4000,3767.6000,3767.4000,3769.8000,3771.4000,3771.8000,3772.2000,3773.4000,1,1,1,2,3,1,1,1,1,1
SF,IF2007,2020-05-27 13:22:47.700,3769.8000,8246,0,2405619300.000,0,-,-,-,-,3769.2000,3768.8000,3768.6000,3768.4000,3767.6000,3769.8000,3771.4000,3771.8000,3772.2000,3773.4000,1,1,1,1,2,1,1,1,1,1
SF,IF2007,2020-05-27 13:22:56.200,3769.8000,8246,0,2405619300.000,0,-,-,-,-,3768.8000,3768.6000,3768.4000,3767.6000,3767.4000,3769.8000,3771.4000,3771.8000,3772.2000,3773.4000,1,1,1,2,3,1,1,1,1,1
SF,IF2007,2020-05-27 13:23:02.700,3769.8000,8246,0,2405619300.000,0,-,-,-,-,3768.4000,3767.6000,3767.4000,3767.2000,3767.0000,3769.6000,3769.8000,3771.4000,3771.8000,3772.2000,1,2,3,4,1,1,1,1,1,1
SF,IF2007,2020-05-27 13:23:03.200,3769.8000,8246,0,2405619300.000,0,-,-,-,-,3768.4000,3767.6000,3767.4000,3767.2000,3767.0000,3769.4000,3769.6000,3771.4000,3771.8000,3772.2000,1,2,3,4,1,1,1,1,1,1
SF,IF2007,2020-05-27 13:23:04.200,3769.8000,8246,0,2405619300.000,0,-,-,-,-,3768.4000,3767.6000,3767.4000,3767.2000,3767.0000,3769.2000,3769.4000,3769.6000,3771.4000,3771.8000,1,2,3,4,1,1,1,1,1,1
SF,IF2007,2020-05-27 13:23:04.700,3769.8000,8246,0,2405619300.000,0,-,-,-,-,3768.4000,3767.4000,3767.2000,3766.6000,3766.0000,3769.0000,3769.2000,3769.6000,3771.4000,3771.8000,1,3,1,2,3,1,1,1,1,1
SF,IF2007,2020-05-27 13:23:07.200,3768.4000,8247,1,2406749820.000,1,1,0,双开,S,3767.4000,3767.2000,3766.6000,3766.0000,3763.8000,3769.0000,3769.2000,3769.6000,3771.4000,3771.8000,3,1,2,3,1,1,1,1,1,1
SF,IF2007,2020-05-27 13:23:07.700,3768.4000,8247,0,2406749820.000,0,-,-,-,-,3767.8000,3767.6000,3766.6000,3766.0000,3763.8000,3769.0000,3769.2000,3769.6000,3771.4000,3771.8000,2,1,2,3,1,1,1,1,1,1
SF,IF2007,2020-05-27 13:23:09.200,3768.4000,8247,0,2406749820.000,0,-,-,-,-,3767.8000,3767.6000,3766.6000,3766.0000,3763.8000,3769.0000,3769.2000,3769.6000,3771.4000,3771.8000,1,1,2,3,1,1,1,1,1,1
SF,IF2007,2020-05-27 13:23:10.200,3768.4000,8247,0,2406749820.000,0,-,-,-,-,3768.0000,3767.8000,3767.6000,3766.6000,3766.0000,3769.0000,3769.2000,3769.6000,3771.4000,3771.8000,1,1,1,2,3,1,1,1,1,1
SF,IF2007,2020-05-27 13:23:16.200,3768.4000,8247,0,2406749820.000,0,-,-,-,-,3768.4000,3768.0000,3767.8000,3767.6000,3766.6000,3769.0000,3769.2000,3769.6000,3771.4000,3771.8000,5,1,1,1,2,1,1,1,1,1
SF,IF2007,2020-05-27 13:23:16.700,3768.4000,8247,0,2406749820.000,0,-,-,-,-,3768.4000,3768.0000,3767.8000,3766.6000,3766.0000,3769.0000,3769.2000,3769.6000,3771.4000,3771.8000,5,1,1,2,3,1,1,1,1,1
SF,IF2007,2020-05-27 13:23:17.200,3768.4000,8247,0,2406749820.000,0,-,-,-,-,3768.4000,3768.0000,3766.6000,3766.0000,3763.8000,3769.2000,3769.6000,3771.4000,3771.8000,3772.2000,5,1,2,3,1,1,1,1,1,1
SF,IF2007,2020-05-27 13:23:18.700,3768.4000,8247,0,2406749820.000,0,-,-,-,-,3768.4000,3766.6000,3766.0000,3763.8000,3761.0000,3769.2000,3769.6000,3771.4000,3771.8000,3772.2000,5,2,3,1,7,1,1,1,1,1
SF,IF2007,2020-05-27 13:23:20.200,3768.4000,8247,0,2406749820.000,0,-,-,-,-,3768.4000,3766.6000,3766.0000,3763.8000,3761.0000,3769.6000,3771.4000,3771.8000,3772.2000,3773.4000,5,2,3,1,7,1,1,1,1,1
SF,IF2007,2020-05-27 13:23:21.700,3768.4000,8247,0,2406749820.000,0,-,-,-,-,3768.4000,3766.6000,3766.0000,3763.8000,3761.0000,3769.4000,3769.6000,3771.4000,3771.8000,3772.2000,5,2,3,1,7,1,1,1,1,1
SF,IF2007,2020-05-27 13:23:23.700,3768.4000,8247,0,2406749820.000,0,-,-,-,-,3768.4000,3766.6000,3766.0000,3763.8000,3761.0000,3769.4000,3769.6000,3771.4000,3772.2000,3773.4000,5,2,3,1,7,1,1,1,1,1
SF,IF2007,2020-05-27 13:23:31.700,3768.4000,8247,0,2406749820.000,0,-,-,-,-,3768.4000,3766.6000,3766.0000,3763.8000,3761.0000,3769.4000,3769.6000,3769.8000,3771.4000,3772.2000,5,2,3,1,7,1,1,1,1,1
SF,IF2007,2020-05-27 13:23:34.700,3768.4000,8247,0,2406749820.000,0,-,-,-,-,3768.4000,3766.6000,3766.0000,3763.8000,3761.0000,3769.4000,3769.8000,3771.4000,3772.2000,3773.4000,5,2,3,1,7,1,1,1,1,1
SF,IF2007,2020-05-27 13:23:37.200,3768.4000,8247,0,2406749820.000,0,-,-,-,-,3768.4000,3766.6000,3766.0000,3763.8000,3761.0000,3769.8000,3771.4000,3772.2000,3773.4000,3774.6000,5,2,3,1,7,1,1,1,1,1
SF,IF2007,2020-05-27 13:23:37.700,3768.4000,8247,0,2406749820.000,0,-,-,-,-,3768.6000,3768.4000,3766.6000,3766.0000,3763.8000,3769.8000,3771.4000,3772.2000,3773.4000,3774.6000,1,5,2,3,1,1,1,1,1,1
SF,IF2007,2020-05-27 13:23:39.200,3768.4000,8247,0,2406749820.000,0,-,-,-,-,3768.8000,3768.6000,3768.4000,3766.6000,3766.0000,3769.8000,3771.4000,3772.2000,3773.4000,3774.6000,2,1,5,2,3,1,1,1,1,1
SF,IF2007,2020-05-27 13:23:46.700,3769.8000,8248,1,2407880760.000,1,1,0,双开,S,3768.8000,3768.6000,3768.4000,3766.6000,3766.0000,3771.4000,3772.2000,3773.4000,3774.6000,3775.0000,2,1,5,2,3,1,1,1,1,2
SF,IF2007,2020-05-27 13:23:47.200,3769.8000,8248,0,2407880760.000,0,-,-,-,-,3769.2000,3769.0000,3768.8000,3768.4000,3766.6000,3770.4000,3770.6000,3770.8000,3771.2000,3771.4000,1,3,1,5,2,1,1,1,5,2
SF,IF2007,2020-05-27 13:23:47.700,3769.8000,8248,0,2407880760.000,0,-,-,-,-,3769.4000,3769.2000,3768.4000,3766.6000,3766.0000,3770.4000,3770.6000,3770.8000,3771.2000,3771.4000,3,1,5,2,3,1,1,1,4,2
SF,IF2007,2020-05-27 13:23:49.700,3769.8000,8248,0,2407880760.000,0,-,-,-,-,3769.4000,3769.2000,3768.4000,3766.6000,3766.0000,3770.4000,3770.6000,3770.8000,3771.2000,3771.4000,3,1,5,2,3,1,1,1,3,2
SF,IF2007,2020-05-27 13:23:52.700,3769.8000,8248,0,2407880760.000,0,-,-,-,-,3769.2000,3768.4000,3766.6000,3766.0000,3763.8000,3770.4000,3770.6000,3771.2000,3771.4000,3772.2000,1,5,2,3,1,1,1,3,2,1
SF,IF2007,2020-05-27 13:23:53.200,3769.8000,8248,0,2407880760.000,0,-,-,-,-,3769.2000,3768.4000,3766.6000,3766.0000,3763.8000,3770.2000,3770.4000,3770.6000,3771.2000,3771.4000,1,5,2,3,1,1,1,1,3,2
SF,IF2007,2020-05-27 13:24:06.200,3769.8000,8248,0,2407880760.000,0,-,-,-,-,3768.4000,3766.6000,3766.0000,3763.8000,3761.0000,3770.2000,3770.4000,3770.6000,3771.2000,3771.4000,5,2,3,1,7,1,1,1,3,2
SF,IF2007,2020-05-27 13:24:06.700,3769.8000,8248,0,2407880760.000,0,-,-,-,-,3768.8000,3768.6000,3768.4000,3766.6000,3766.0000,3770.2000,3770.4000,3770.6000,3771.2000,3771.4000,1,2,5,2,3,1,1,1,3,2
SF,IF2007,2020-05-27 13:24:07.700,3769.8000,8248,0,2407880760.000,0,-,-,-,-,3768.8000,3768.6000,3768.4000,3766.6000,3766.0000,3770.0000,3770.2000,3770.4000,3770.6000,3771.2000,1,2,5,2,3,1,1,1,1,3
SF,IF2007,2020-05-27 13:24:08.200,3769.8000,8248,0,2407880760.000,0,-,-,-,-,3769.0000,3768.8000,3768.6000,3768.4000,3766.6000,3770.0000,3770.2000,3770.4000,3770.6000,3771.2000,1,1,2,5,2,1,1,1,1,3
SF,IF2007,2020-05-27 13:24:10.200,3769.8000,8248,0,2407880760.000,0,-,-,-,-,3769.0000,3768.8000,3768.6000,3768.4000,3766.6000,3770.0000,3770.2000,3770.4000,3770.6000,3771.2000,1,1,1,5,2,1,1,1,1,3
SF,IF2007,2020-05-27 13:24:17.200,3769.8000,8248,0,2407880760.000,0,-,-,-,-,3769.0000,3768.8000,3768.6000,3768.4000,3766.6000,3770.2000,3770.4000,3770.6000,3771.2000,3771.4000,1,1,1,5,2,1,1,1,3,2
SF,IF2007,2020-05-27 13:24:17.700,3769.8000,8248,0,2407880760.000,0,-,-,-,-,3769.2000,3768.4000,3766.6000,3766.0000,3763.8000,3770.4000,3770.6000,3771.2000,3771.4000,3772.2000,5,5,2,3,1,1,1,3,2,1
SF,IF2007,2020-05-27 13:24:18.200,3769.8000,8248,0,2407880760.000,0,-,-,-,-,3769.6000,3769.2000,3768.4000,3766.6000,3766.0000,3770.4000,3770.6000,3771.2000,3771.4000,3772.2000,5,5,5,2,3,1,1,3,2,1
SF,IF2007,2020-05-27 13:24:19.200,3769.8000,8248,0,2407880760.000,0,-,-,-,-,3769.6000,3769.2000,3768.4000,3766.6000,3766.0000,3770.4000,3770.6000,3771.2000,3771.4000,3772.2000,5,3,5,2,3,1,1,3,2,1
SF,IF2007,2020-05-27 13:24:23.700,3769.8000,8248,0,2407880760.000,0,-,-,-,-,3769.6000,3769.2000,3768.4000,3766.6000,3766.0000,3770.6000,3771.2000,3771.4000,3772.2000,3773.4000,5,2,5,2,3,1,3,2,1,1
SF,IF2007,2020-05-27 13:24:37.700,3769.8000,8248,0,2407880760.000,0,-,-,-,-,3769.6000,3769.2000,3768.4000,3766.6000,3766.0000,3771.2000,3771.4000,3772.2000,3773.4000,3774.6000,5,2,5,2,3,2,2,1,1,1
SF,IF2007,2020-05-27 13:24:38.200,3769.8000,8248,0,2407880760.000,0,-,-,-,-,3769.6000,3769.2000,3768.4000,3766.6000,3766.0000,3771.0000,3771.2000,3771.4000,3772.2000,3773.4000,5,2,5,2,3,2,2,2,1,1
SF,IF2007,2020-05-27 13:24:38.700,3769.8000,8248,0,2407880760.000,0,-,-,-,-,3769.6000,3769.2000,3768.4000,3766.6000,3766.0000,3770.6000,3770.8000,3771.0000,3771.2000,3771.4000,5,2,5,2,3,1,1,2,2,2
SF,IF2007,2020-05-27 13:24:39.200,3769.8000,8248,0,2407880760.000,0,-,-,-,-,3769.6000,3769.2000,3768.4000,3766.6000,3766.0000,3770.6000,3770.8000,3771.0000,3771.2000,3771.4000,5,2,5,2,3,1,1,1,2,2
SF,IF2007,2020-05-27 13:24:43.200,3769.8000,8248,0,2407880760.000,0,-,-,-,-,3769.6000,3769.2000,3768.4000,3766.6000,3766.0000,3770.6000,3770.8000,3771.2000,3771.4000,3772.2000,5,2,5,2,3,1,1,2,2,1
SF,IF2007,2020-05-27 13:24:43.700,3769.8000,8248,0,2407880760.000,0,-,-,-,-,3769.6000,3769.2000,3768.4000,3766.6000,3766.0000,3770.6000,3770.8000,3771.2000,3771.4000,3772.2000,5,2,5,2,3,1,1,2,2,1
SF,IF2007,2020-05-27 13:24:44.200,3769.8000,8248,0,2407880760.000,0,-,-,-,-,3769.6000,3769.2000,3768.4000,3766.6000,3766.0000,3770.4000,3770.6000,3770.8000,3771.2000,3771.4000,5,1,5,2,3,2,1,1,2,2
SF,IF2007,2020-05-27 13:24:44.700,3769.8000,8248,0,2407880760.000,0,-,-,-,-,3769.6000,3769.2000,3768.4000,3766.6000,3766.0000,3770.4000,3770.6000,3770.8000,3771.2000,3771.4000,5,1,5,2,3,2,1,1,2,2
SF,IF2007,2020-05-27 13:24:45.700,3769.8000,8248,0,2407880760.000,0,-,-,-,-,3769.6000,3769.2000,3768.4000,3766.6000,3766.0000,3770.4000,3770.6000,3771.2000,3771.4000,3772.2000,5,1,5,2,3,3,1,2,2,1
SF,IF2007,2020-05-27 13:24:48.200,3769.8000,8248,0,2407880760.000,0,-,-,-,-,3769.6000,3769.2000,3768.4000,3766.6000,3766.0000,3770.2000,3770.4000,3770.6000,3771.2000,3771.4000,5,1,5,2,3,1,2,1,2,2
SF,IF2007,2020-05-27 13:24:54.200,3769.8000,8248,0,2407880760.000,0,-,-,-,-,3769.6000,3769.2000,3768.4000,3766.6000,3766.0000,3770.4000,3770.6000,3771.2000,3771.4000,3772.2000,5,1,5,2,3,2,1,2,2,1
SF,IF2007,2020-05-27 13:24:56.700,3769.8000,8248,0,2407880760.000,0,-,-,-,-,3769.6000,3769.2000,3768.4000,3766.6000,3766.0000,3770.6000,3771.2000,3771.4000,3772.2000,3773.4000,5,1,5,2,3,1,2,2,1,1
SF,IF2007,2020-05-27 13:24:58.200,3769.8000,8248,0,2407880760.000,0,-,-,-,-,3769.6000,3768.4000,3766.6000,3766.0000,3763.8000,3770.6000,3771.2000,3771.4000,3772.2000,3773.4000,5,5,2,3,1,1,2,2,1,1
SF,IF2007,2020-05-27 13:25:08.700,3769.8000,8248,0,2407880760.000,0,-,-,-,-,3769.6000,3768.4000,3766.6000,3766.0000,3763.8000,3770.4000,3770.6000,3771.2000,3771.4000,3772.2000,5,5,2,3,1,1,1,2,2,1
SF,IF2007,2020-05-27 13:25:20.700,3769.6000,8251,3,2411273400.000,3,3,0,双开,S,3769.6000,3768.4000,3766.6000,3766.0000,3763.8000,3770.4000,3770.6000,3771.2000,3771.4000,3772.2000,2,5,2,3,1,1,1,2,2,1
SF,IF2007,2020-05-27 13:25:21.200,3769.6000,8252,1,2413535160.000,2,1,1,空开,S,3768.4000,3766.6000,3766.0000,3763.8000,3761.0000,3770.2000,3770.4000,3771.2000,3771.4000,3772.2000,5,2,3,1,7,1,1,2,2,1
SF,IF2007,2020-05-27 13:25:21.700,3769.6000,8252,0,2413535160.000,0,-,-,-,-,3768.8000,3768.6000,3768.4000,3766.6000,3766.0000,3770.2000,3770.4000,3771.2000,3771.4000,3772.2000,1,1,5,2,3,1,1,2,2,1
SF,IF2007,2020-05-27 13:25:26.700,3769.6000,8252,0,2413535160.000,0,-,-,-,-,3768.8000,3768.6000,3768.4000,3766.6000,3766.0000,3770.2000,3771.2000,3771.4000,3772.2000,3773.4000,1,1,5,2,3,1,2,2,1,1
SF,IF2007,2020-05-27 13:25:29.700,3769.6000,8252,0,2413535160.000,0,-,-,-,-,3769.2000,3769.0000,3768.4000,3766.6000,3766.0000,3770.2000,3771.2000,3771.4000,3772.2000,3773.4000,2,1,5,2,3,1,2,2,1,1
SF,IF2007,2020-05-27 13:25:30.700,3769.6000,8252,0,2413535160.000,0,-,-,-,-,3769.2000,3769.0000,3768.4000,3766.6000,3766.0000,3771.2000,3771.4000,3772.2000,3773.4000,3774.6000,2,1,5,2,3,2,2,1,1,1
SF,IF2007,2020-05-27 13:25:31.200,3769.6000,8252,0,2413535160.000,0,-,-,-,-,3769.4000,3769.2000,3769.0000,3768.4000,3766.6000,3770.8000,3771.2000,3771.4000,3772.2000,3773.4000,1,1,1,5,2,3,2,1,1,1
SF,IF2007,2020-05-27 13:25:31.700,3769.6000,8252,0,2413535160.000,0,-,-,-,-,3769.2000,3768.4000,3766.6000,3766.0000,3763.8000,3770.8000,3771.2000,3771.4000,3772.2000,3773.4000,1,5,2,3,1,3,2,1,1,1
SF,IF2007,2020-05-27 13:25:32.200,3769.6000,8252,0,2413535160.000,0,-,-,-,-,3769.6000,3769.2000,3768.4000,3766.6000,3766.0000,3770.8000,3771.2000,3771.4000,3772.2000,3773.4000,1,1,5,2,3,3,2,1,1,1
SF,IF2007,2020-05-27 13:25:32.700,3769.6000,8252,0,2413535160.000,0,-,-,-,-,3769.2000,3768.4000,3766.6000,3766.0000,3763.8000,3770.8000,3771.2000,3771.4000,3772.2000,3773.4000,1,5,2,3,1,3,1,1,1,1
SF,IF2007,2020-05-27 13:25:33.200,3769.6000,8252,0,2413535160.000,0,-,-,-,-,3769.6000,3769.4000,3769.2000,3768.4000,3766.6000,3770.8000,3771.2000,3771.4000,3772.2000,3773.4000,1,1,1,5,2,3,1,1,1,1
SF,IF2007,2020-05-27 13:25:35.700,3769.6000,8252,0,2413535160.000,0,-,-,-,-,3769.6000,3769.4000,3768.4000,3766.6000,3766.0000,3770.8000,3771.2000,3771.4000,3772.2000,3773.4000,1,1,5,2,3,3,1,1,1,1
SF,IF2007,2020-05-27 13:25:36.200,3769.6000,8252,0,2413535160.000,0,-,-,-,-,3769.4000,3768.4000,3766.6000,3766.0000,3763.8000,3770.8000,3771.2000,3771.4000,3772.2000,3773.4000,1,5,2,3,1,3,1,1,1,1
SF,IF2007,2020-05-27 13:25:42.200,3769.6000,8252,0,2413535160.000,0,-,-,-,-,3769.4000,3768.4000,3766.6000,3766.0000,3763.8000,3770.6000,3770.8000,3771.2000,3771.4000,3772.2000,1,5,2,3,1,1,3,1,1,1
SF,IF2007,2020-05-27 13:25:42.700,3769.6000,8252,0,2413535160.000,0,-,-,-,-,3769.6000,3769.4000,3768.4000,3766.6000,3766.0000,3770.6000,3770.8000,3771.2000,3771.4000,3772.2000,1,1,5,2,3,1,3,1,1,1
SF,IF2007,2020-05-27 13:25:43.700,3769.6000,8252,0,2413535160.000,0,-,-,-,-,3769.6000,3769.4000,3768.4000,3766.6000,3766.0000,3770.6000,3770.8000,3771.2000,3771.4000,3772.2000,2,1,5,2,3,1,3,1,1,1
SF,IF2007,2020-05-27 13:25:48.700,3769.6000,8252,0,2413535160.000,0,-,-,-,-,3769.6000,3769.4000,3768.4000,3766.6000,3766.0000,3770.6000,3770.8000,3771.2000,3771.4000,3772.2000,1,1,5,2,3,1,3,1,1,1
SF,IF2007,2020-05-27 13:25:49.200,3769.6000,8252,0,2413535160.000,0,-,-,-,-,3769.4000,3768.4000,3766.6000,3766.0000,3763.8000,3770.6000,3770.8000,3771.2000,3771.4000,3772.2000,1,5,2,3,1,1,3,1,1,1
SF,IF2007,2020-05-27 13:25:49.700,3769.6000,8252,0,2413535160.000,0,-,-,-,-,3769.4000,3768.4000,3766.6000,3766.0000,3763.8000,3770.4000,3770.6000,3770.8000,3771.2000,3771.4000,1,5,2,3,1,1,1,2,1,1
SF,IF2007,2020-05-27 13:25:50.200,3769.6000,8252,0,2413535160.000,0,-,-,-,-,3769.4000,3768.4000,3766.6000,3766.0000,3763.8000,3770.4000,3770.6000,3770.8000,3771.2000,3771.4000,1,5,2,3,1,2,1,1,1,1
SF,IF2007,2020-05-27 13:26:00.200,3769.6000,8252,0,2413535160.000,0,-,-,-,-,3768.4000,3766.6000,3766.0000,3763.8000,3761.0000,3770.4000,3770.6000,3770.8000,3771.2000,3771.4000,5,2,3,1,7,2,1,1,1,1
SF,IF2007,2020-05-27 13:26:00.700,3769.6000,8252,0,2413535160.000,0,-,-,-,-,3769.0000,3768.8000,3768.6000,3768.4000,3766.6000,3770.4000,3770.6000,3770.8000,3771.2000,3771.4000,1,2,1,5,2,2,1,1,1,1
SF,IF2007,2020-05-27 13:26:06.700,3769.6000,8252,0,2413535160.000,0,-,-,-,-,3769.0000,3768.8000,3768.6000,3768.4000,3766.6000,3770.2000,3770.4000,3770.6000,3770.8000,3771.2000,1,1,1,5,2,1,2,1,1,1
SF,IF2007,2020-05-27 13:26:07.700,3769.6000,8252,0,2413535160.000,0,-,-,-,-,3769.0000,3768.8000,3768.6000,3768.4000,3766.6000,3770.2000,3770.4000,3770.6000,3770.8000,3771.2000,1,1,1,5,2,1,2,1,1,1
SF,IF2007,2020-05-27 13:26:09.700,3770.2000,8251,-1,2414666220.000,1,0,1,双平,S,3769.0000,3768.8000,3768.6000,3768.4000,3766.6000,3770.4000,3770.6000,3770.8000,3771.2000,3771.4000,1,1,1,5,2,1,1,1,1,1
SF,IF2007,2020-05-27 13:26:10.200,3770.2000,8251,0,2414666220.000,0,-,-,-,-,3769.4000,3769.0000,3768.6000,3768.4000,3766.6000,3770.4000,3770.6000,3770.8000,3771.2000,3771.4000,1,1,1,5,2,1,1,1,1,1
SF,IF2007,2020-05-27 13:26:10.700,3770.2000,8251,0,2414666220.000,0,-,-,-,-,3769.4000,3769.0000,3768.6000,3768.4000,3766.6000,3770.2000,3770.4000,3770.6000,3770.8000,3771.2000,1,1,1,5,2,1,1,1,1,1
SF,IF2007,2020-05-27 13:26:15.200,3770.2000,8251,0,2414666220.000,0,-,-,-,-,3769.4000,3769.0000,3768.6000,3768.4000,3766.6000,3770.0000,3770.2000,3770.4000,3770.6000,3770.8000,1,1,1,5,2,1,1,1,1,1
SF,IF2007,2020-05-27 13:26:15.700,3770.2000,8251,0,2414666220.000,0,-,-,-,-,3769.4000,3769.0000,3768.4000,3766.6000,3766.0000,3770.0000,3770.2000,3770.4000,3770.6000,3770.8000,1,1,5,2,3,1,1,1,1,1
SF,IF2007,2020-05-27 13:26:16.200,3770.2000,8251,0,2414666220.000,0,-,-,-,-,3769.4000,3769.0000,3768.4000,3766.6000,3766.0000,3770.0000,3770.2000,3770.4000,3770.6000,3770.8000,1,1,5,2,3,1,1,1,1,1
SF,IF2007,2020-05-27 13:26:17.200,3770.2000,8251,0,2414666220.000,0,-,-,-,-,3769.4000,3769.0000,3768.4000,3766.6000,3766.0000,3770.2000,3770.4000,3770.6000,3770.8000,3771.2000,1,1,5,2,3,1,1,1,1,1
SF,IF2007,2020-05-27 13:26:17.700,3770.2000,8251,0,2414666220.000,0,-,-,-,-,3769.4000,3769.0000,3768.4000,3766.6000,3766.0000,3770.4000,3770.6000,3770.8000,3771.2000,3771.4000,1,1,5,2,3,1,1,1,1,1
SF,IF2007,2020-05-27 13:26:18.200,3770.2000,8251,0,2414666220.000,0,-,-,-,-,3769.4000,3769.0000,3768.4000,3766.6000,3766.0000,3770.0000,3770.4000,3770.6000,3770.8000,3771.2000,1,1,5,2,3,1,1,1,1,1
SF,IF2007,2020-05-27 13:26:20.700,3769.4000,8251,0,2415797040.000,1,0,1,多换,S,3769.0000,3768.4000,3766.6000,3766.0000,3765.8000,3769.4000,3770.0000,3770.4000,3770.6000,3770.8000,1,5,2,3,1,1,1,1,1,1
SF,IF2007,2020-05-27 13:26:21.200,3769.0000,8253,2,2418058560.000,2,2,0,双开,S,3768.4000,3766.6000,3766.0000,3765.8000,3763.8000,3770.0000,3770.6000,3770.8000,3771.2000,3771.4000,5,2,3,1,1,1,1,1,1,1
SF,IF2007,2020-05-27 13:26:21.700,3769.0000,8253,0,2418058560.000,0,-,-,-,-,3768.6000,3768.4000,3766.6000,3766.0000,3765.8000,3770.0000,3770.6000,3770.8000,3771.2000,3771.4000,1,5,2,3,1,1,1,1,1,1
SF,IF2007,2020-05-27 13:26:23.200,3769.0000,8253,0,2418058560.000,0,-,-,-,-,3769.6000,3768.6000,3768.4000,3766.6000,3766.0000,3770.0000,3770.6000,3770.8000,3771.2000,3771.4000,5,1,5,2,3,1,1,1,1,1
SF,IF2007,2020-05-27 13:26:23.700,3769.4000,8253,0,2420320200.000,2,1,1,多换,S,3769.6000,3768.4000,3766.6000,3766.0000,3765.8000,3769.8000,3770.0000,3770.6000,3770.8000,3771.2000,3,5,2,3,1,1,1,1,1,1
SF,IF2007,2020-05-27 13:26:24.200,3769.4000,8254,1,2421451020.000,1,1,0,双开,S,3769.6000,3768.4000,3766.6000,3766.0000,3765.8000,3770.0000,3770.6000,3770.8000,3771.2000,3771.4000,2,5,2,3,1,1,1,1,1,1
SF,IF2007,2020-05-27 13:26:29.700,3769.6000,8255,1,2422581900.000,1,1,0,双开,S,3769.6000,3768.4000,3766.6000,3766.0000,3765.8000,3770.0000,3770.6000,3770.8000,3771.2000,3771.4000,1,5,2,3,1,1,1,1,1,1
SF,IF2007,2020-05-27 13:26:30.200,3769.6000,8256,1,2423712780.000,1,1,0,双开,S,3768.4000,3766.6000,3766.0000,3765.8000,3763.8000,3769.6000,3769.8000,3770.0000,3770.6000,3771.2000,5,2,3,1,1,2,1,1,1,1
SF,IF2007,2020-05-27 13:26:30.700,3769.6000,8256,0,2423712780.000,0,-,-,-,-,3768.6000,3768.4000,3766.6000,3766.0000,3765.8000,3769.2000,3769.6000,3770.0000,3770.6000,3771.2000,3,5,2,3,1,1,3,1,1,1
SF,IF2007,2020-05-27 13:26:31.200,3769.6000,8256,0,2423712780.000,0,-,-,-,-,3768.6000,3768.4000,3766.6000,3766.0000,3765.8000,3769.2000,3769.6000,3770.0000,3770.6000,3771.2000,3,5,2,3,1,1,2,1,1,1
SF,IF2007,2020-05-27 13:26:32.700,3769.6000,8256,0,2423712780.000,0,-,-,-,-,3768.6000,3768.4000,3766.6000,3766.0000,3763.8000,3769.2000,3769.6000,3770.0000,3770.6000,3771.2000,3,5,2,3,1,1,2,1,1,1
SF,IF2007,2020-05-27 13:26:33.700,3769.6000,8256,0,2423712780.000,0,-,-,-,-,3768.6000,3768.4000,3766.6000,3766.0000,3763.8000,3769.2000,3769.6000,3770.0000,3770.6000,3771.2000,3,5,2,3,1,1,1,1,1,1
SF,IF2007,2020-05-27 13:26:35.700,3769.2000,8257,1,2424843540.000,1,1,0,双开,S,3768.6000,3768.4000,3766.6000,3766.0000,3763.8000,3769.6000,3770.0000,3770.6000,3771.2000,3771.4000,3,5,2,3,1,1,1,1,1,1
SF,IF2007,2020-05-27 13:26:38.200,3769.2000,8257,0,2424843540.000,0,-,-,-,-,3768.6000,3768.4000,3766.6000,3766.0000,3763.8000,3769.6000,3770.0000,3770.2000,3770.6000,3771.2000,3,5,2,3,1,1,1,1,1,1
SF,IF2007,2020-05-27 13:26:47.200,3769.2000,8257,0,2424843540.000,0,-,-,-,-,3768.6000,3768.4000,3766.6000,3766.0000,3763.8000,3769.6000,3770.0000,3770.6000,3771.2000,3771.4000,3,5,2,3,1,1,1,1,1,1
SF,IF2007,2020-05-27 13:27:05.700,3769.2000,8257,0,2424843540.000,0,-,-,-,-,3768.6000,3768.4000,3766.6000,3766.0000,3763.8000,3769.4000,3769.6000,3770.0000,3770.6000,3771.2000,3,5,2,3,1,1,1,1,1,1
SF,IF2007,2020-05-27 13:27:06.200,3769.2000,8257,0,2424843540.000,0,-,-,-,-,3768.6000,3768.4000,3766.6000,3766.0000,3763.8000,3769.4000,3769.6000,3770.0000,3770.6000,3771.2000,1,5,2,3,1,1,1,1,1,1
SF,IF2007,2020-05-27 13:27:07.200,3769.2000,8257,0,2424843540.000,0,-,-,-,-,3768.4000,3766.6000,3766.0000,3763.8000,3761.0000,3769.4000,3769.6000,3770.0000,3770.6000,3771.2000,5,2,3,1,7,1,1,1,1,1
SF,IF2007,2020-05-27 13:27:11.700,3769.2000,8257,0,2424843540.000,0,-,-,-,-,3768.4000,3766.6000,3766.0000,3763.8000,3761.0000,3769.2000,3769.4000,3769.6000,3770.0000,3770.6000,5,2,3,1,7,1,1,1,1,1
SF,IF2007,2020-05-27 13:27:12.700,3769.2000,8257,0,2424843540.000,0,-,-,-,-,3768.4000,3766.6000,3766.0000,3763.8000,3761.0000,3769.0000,3769.2000,3769.4000,3769.6000,3770.0000,5,2,3,1,7,1,1,1,1,1
SF,IF2007,2020-05-27 13:27:13.700,3769.0000,8258,1,2425974240.000,1,1,0,双开,S,3768.4000,3766.6000,3766.0000,3763.8000,3761.0000,3769.4000,3769.6000,3770.0000,3770.6000,3771.2000,5,2,3,1,7,1,1,1,1,1
SF,IF2007,2020-05-27 13:27:15.200,3769.0000,8258,0,2425974240.000,0,-,-,-,-,3768.8000,3768.4000,3766.6000,3766.0000,3763.8000,3769.4000,3769.6000,3770.0000,3770.6000,3771.2000,1,5,2,3,1,1,1,1,1,1
SF,IF2007,2020-05-27 13:27:15.700,3769.0000,8258,0,2425974240.000,0,-,-,-,-,3768.8000,3768.4000,3766.6000,3766.0000,3763.8000,3769.6000,3770.0000,3770.6000,3771.2000,3771.4000,2,5,2,3,1,1,1,1,1,1
SF,IF2007,2020-05-27 13:27:17.200,3769.6000,8259,1,2427105120.000,1,1,0,双开,S,3768.8000,3768.4000,3766.6000,3766.0000,3763.8000,3770.0000,3770.6000,3771.2000,3771.4000,3772.0000,1,5,2,3,1,1,1,1,1,1
SF,IF2007,2020-05-27 13:27:18.700,3769.6000,8259,0,2427105120.000,0,-,-,-,-,3768.8000,3768.4000,3766.6000,3766.0000,3763.8000,3769.8000,3770.0000,3770.6000,3771.2000,3771.4000,1,5,2,3,1,1,1,1,1,1
SF,IF2007,2020-05-27 13:27:19.200,3769.6000,8259,0,2427105120.000,0,-,-,-,-,3768.8000,3768.4000,3766.6000,3766.0000,3763.8000,3769.8000,3770.0000,3770.6000,3771.2000,3771.4000,1,5,2,3,1,2,1,1,1,1
SF,IF2007,2020-05-27 13:27:22.200,3769.6000,8259,0,2427105120.000,0,-,-,-,-,3768.8000,3768.4000,3766.6000,3766.0000,3763.8000,3769.8000,3770.0000,3770.6000,3771.2000,3771.4000,1,5,2,3,1,1,1,1,1,1
SF,IF2007,2020-05-27 13:27:22.700,3769.8000,8260,1,2428236060.000,1,1,0,双开,S,3769.2000,3769.0000,3768.8000,3768.4000,3766.6000,3770.0000,3770.6000,3771.2000,3771.4000,3772.0000,1,1,1,5,2,1,1,1,1,1
SF,IF2007,2020-05-27 13:27:23.200,3769.8000,8260,0,2428236060.000,0,-,-,-,-,3769.2000,3769.0000,3768.4000,3766.6000,3766.0000,3770.0000,3770.6000,3771.2000,3771.4000,3772.0000,1,1,5,2,3,1,1,1,1,1
SF,IF2007,2020-05-27 13:27:24.200,3770.0000,8261,1,2429367060.000,1,1,0,双开,S,3769.4000,3769.2000,3768.4000,3766.6000,3766.0000,3770.6000,3771.2000,3771.4000,3772.0000,3774.6000,1,1,5,2,3,1,1,1,1,1
SF,IF2007,2020-05-27 13:27:24.700,3770.0000,8261,0,2429367060.000,0,-,-,-,-,3769.6000,3769.4000,3769.2000,3768.4000,3766.6000,3770.6000,3771.2000,3771.4000,3772.0000,3774.6000,2,1,1,5,2,1,1,1,1,1
SF,IF2007,2020-05-27 13:27:25.200,3770.0000,8261,0,2429367060.000,0,-,-,-,-,3769.6000,3769.4000,3769.2000,3768.4000,3766.6000,3770.6000,3771.4000,3772.0000,3774.6000,3775.0000,2,1,1,5,2,1,1,1,1,2
SF,IF2007,2020-05-27 13:27:25.700,3770.0000,8261,0,2429367060.000,0,-,-,-,-,3769.8000,3769.6000,3769.2000,3768.4000,3766.6000,3770.6000,3771.4000,3772.0000,3774.6000,3775.0000,1,2,1,5,2,1,1,1,1,2
SF,IF2007,2020-05-27 13:27:27.200,3770.0000,8261,0,2429367060.000,0,-,-,-,-,3769.8000,3769.2000,3768.4000,3766.6000,3766.0000,3770.6000,3771.4000,3772.0000,3774.6000,3775.0000,1,1,5,2,3,1,1,1,1,2
SF,IF2007,2020-05-27 13:27:27.700,3770.0000,8261,0,2429367060.000,0,-,-,-,-,3768.4000,3766.6000,3766.0000,3763.8000,3762.2000,3770.6000,3771.4000,3772.0000,3774.6000,3775.0000,5,2,3,1,1,1,1,1,1,2
SF,IF2007,2020-05-27 13:27:28.200,3770.0000,8261,0,2429367060.000,0,-,-,-,-,3769.2000,3769.0000,3768.8000,3768.6000,3768.4000,3770.6000,3771.4000,3772.0000,3774.6000,3775.0000,2,1,2,4,5,1,1,1,1,2
SF,IF2007,2020-05-27 13:27:28.700,3770.0000,8261,0,2429367060.000,0,-,-,-,-,3769.2000,3769.0000,3768.8000,3768.6000,3768.4000,3770.4000,3770.6000,3771.4000,3772.0000,3774.6000,2,1,2,4,5,1,1,1,1,1
SF,IF2007,2020-05-27 13:27:29.200,3770.0000,8261,0,2429367060.000,0,-,-,-,-,3769.6000,3769.2000,3769.0000,3768.8000,3768.6000,3770.4000,3770.6000,3771.4000,3772.0000,3774.6000,1,2,1,2,4,1,1,1,1,1
SF,IF2007,2020-05-27 13:27:29.700,3770.0000,8261,0,2429367060.000,0,-,-,-,-,3769.6000,3769.2000,3768.8000,3768.6000,3768.4000,3770.4000,3770.6000,3771.4000,3772.0000,3774.6000,1,2,1,4,5,1,1,1,1,1
SF,IF2007,2020-05-27 13:27:31.200,3770.0000,8261,0,2429367060.000,0,-,-,-,-,3769.6000,3769.2000,3768.8000,3768.6000,3768.4000,3770.6000,3771.4000,3772.0000,3774.6000,3775.0000,1,2,1,4,5,1,1,1,1,2
SF,IF2007,2020-05-27 13:27:32.200,3770.0000,8261,0,2429367060.000,0,-,-,-,-,3769.6000,3768.8000,3768.6000,3768.4000,3766.6000,3770.6000,3771.4000,3772.0000,3774.6000,3775.0000,1,1,4,5,2,1,1,1,1,2
SF,IF2007,2020-05-27 13:27:33.700,3770.0000,8261,0,2429367060.000,0,-,-,-,-,3770.0000,3769.8000,3769.6000,3768.8000,3768.6000,3770.6000,3771.4000,3772.0000,3774.6000,3775.0000,1,1,1,1,4,1,1,1,1,2
SF,IF2007,2020-05-27 13:27:42.200,3770.0000,8261,0,2429367060.000,0,-,-,-,-,3770.0000,3769.8000,3768.8000,3768.6000,3768.4000,3770.6000,3771.4000,3772.0000,3774.6000,3775.0000,1,1,1,4,5,1,1,1,1,2
SF,IF2007,2020-05-27 13:27:46.700,3770.0000,8261,0,2429367060.000,0,-,-,-,-,3770.0000,3769.8000,3768.8000,3768.6000,3768.4000,3770.6000,3771.4000,3772.0000,3774.6000,3775.0000,1,1,1,4,5,1,1,1,1,2
SF,IF2007,2020-05-27 13:27:55.200,3770.0000,8261,0,2429367060.000,0,-,-,-,-,3770.0000,3769.8000,3768.8000,3768.6000,3768.4000,3770.6000,3771.4000,3772.0000,3774.6000,3775.0000,1,1,1,4,5,1,1,1,1,2
SF,IF2007,2020-05-27 13:27:56.700,3770.6000,8261,0,2430498240.000,1,0,1,多换,S,3770.0000,3769.8000,3768.8000,3768.6000,3768.4000,3771.4000,3772.0000,3774.6000,3775.0000,3775.2000,1,1,1,4,5,1,1,1,2,1
SF,IF2007,2020-05-27 13:27:57.200,3770.6000,8261,0,2430498240.000,0,-,-,-,-,3769.8000,3768.8000,3768.6000,3768.4000,3766.6000,3771.0000,3771.2000,3771.4000,3772.0000,3774.6000,1,1,4,5,2,1,1,1,1,1
SF,IF2007,2020-05-27 13:27:57.700,3770.6000,8261,0,2430498240.000,0,-,-,-,-,3768.8000,3768.6000,3768.4000,3766.6000,3766.0000,3770.8000,3771.0000,3771.4000,3772.0000,3774.6000,1,4,5,2,3,1,1,1,1,1
SF,IF2007,2020-05-27 13:27:58.200,3770.6000,8261,0,2430498240.000,0,-,-,-,-,3769.2000,3769.0000,3768.8000,3768.6000,3768.4000,3770.6000,3770.8000,3771.4000,3772.0000,3774.6000,4,3,1,2,5,1,1,1,1,1
SF,IF2007,2020-05-27 13:27:58.700,3770.6000,8261,0,2430498240.000,0,-,-,-,-,3769.4000,3769.2000,3769.0000,3768.8000,3768.6000,3770.6000,3770.8000,3771.4000,3772.0000,3774.6000,1,4,3,1,2,1,1,1,1,1
SF,IF2007,2020-05-27 13:27:59.700,3770.6000,8261,0,2430498240.000,0,-,-,-,-,3769.4000,3769.2000,3769.0000,3768.8000,3768.6000,3770.6000,3770.8000,3771.4000,3772.0000,3774.6000,1,2,3,1,2,1,1,1,1,1
SF,IF2007,2020-05-27 13:28:01.200,3770.6000,8261,0,2430498240.000,0,-,-,-,-,3769.4000,3769.2000,3769.0000,3768.8000,3768.6000,3770.4000,3770.6000,3771.4000,3772.0000,3774.6000,1,2,3,1,2,1,1,1,1,1
SF,IF2007,2020-05-27 13:28:01.700,3770.6000,8261,0,2430498240.000,0,-,-,-,-,3769.4000,3769.2000,3769.0000,3768.8000,3768.6000,3770.4000,3770.6000,3771.4000,3772.0000,3774.6000,1,2,1,1,2,1,1,1,1,1
SF,IF2007,2020-05-27 13:28:04.200,3770.6000,8261,0,2430498240.000,0,-,-,-,-,3770.0000,3769.4000,3769.2000,3768.8000,3768.6000,3770.4000,3770.6000,3771.4000,3772.0000,3774.6000,5,1,2,1,2,1,1,1,1,1
SF,IF2007,2020-05-27 13:28:06.700,3770.6000,8261,0,2430498240.000,0,-,-,-,-,3770.0000,3769.4000,3769.2000,3768.8000,3768.6000,3770.4000,3770.6000,3771.4000,3772.0000,3774.6000,5,1,2,1,2,1,2,1,1,1
SF,IF2007,2020-05-27 13:28:10.700,3770.6000,8261,0,2430498240.000,0,-,-,-,-,3770.0000,3769.4000,3769.2000,3768.8000,3768.6000,3770.4000,3770.6000,3771.4000,3772.0000,3774.6000,5,1,1,1,2,1,2,1,1,1
SF,IF2007,2020-05-27 13:28:12.200,3770.6000,8261,0,2430498240.000,0,-,-,-,-,3770.0000,3769.4000,3768.8000,3768.6000,3768.4000,3770.6000,3771.4000,3772.0000,3774.6000,3775.0000,5,1,1,2,5,1,1,1,1,2
SF,IF2007,2020-05-27 13:28:13.700,3770.6000,8261,0,2430498240.000,0,-,-,-,-,3770.0000,3768.8000,3768.6000,3768.4000,3766.6000,3770.6000,3771.4000,3772.0000,3774.6000,3775.0000,5,1,2,5,2,1,1,1,1,2
SF,IF2007,2020-05-27 13:28:19.700,3770.6000,8261,0,2431629420.000,1,0,1,多换,S,3770.0000,3768.8000,3768.6000,3768.4000,3766.6000,3771.4000,3772.0000,3774.6000,3775.0000,3775.2000,5,1,2,5,2,1,1,1,2,1
SF,IF2007,2020-05-27 13:28:20.700,3770.6000,8261,0,2431629420.000,0,-,-,-,-,3770.0000,3768.8000,3768.6000,3768.4000,3766.6000,3771.2000,3771.4000,3772.0000,3774.6000,3775.0000,5,1,2,5,2,2,1,1,1,2
SF,IF2007,2020-05-27 13:28:23.200,3770.6000,8261,0,2431629420.000,0,-,-,-,-,3770.2000,3770.0000,3768.8000,3768.6000,3768.4000,3771.0000,3771.2000,3771.4000,3772.0000,3774.6000,1,5,1,2,5,1,2,1,1,1
SF,IF2007,2020-05-27 13:28:32.700,3770.6000,8261,0,2431629420.000,0,-,-,-,-,3770.0000,3768.8000,3768.6000,3768.4000,3766.6000,3771.0000,3771.2000,3771.4000,3772.0000,3774.6000,5,1,2,5,2,1,2,1,1,1
SF,IF2007,2020-05-27 13:28:35.200,3770.6000,8261,0,2431629420.000,0,-,-,-,-,3770.2000,3770.0000,3768.8000,3768.6000,3768.4000,3771.0000,3771.2000,3771.4000,3772.0000,3774.6000,1,5,1,2,5,1,2,1,1,1
SF,IF2007,2020-05-27 13:28:37.200,3770.6000,8261,0,2431629420.000,0,-,-,-,-,3770.2000,3770.0000,3768.8000,3768.6000,3768.4000,3770.8000,3771.0000,3771.2000,3771.4000,3772.0000,1,5,1,2,5,1,1,2,1,1
SF,IF2007,2020-05-27 13:28:40.700,3770.6000,8261,0,2431629420.000,0,-,-,-,-,3770.0000,3768.8000,3768.6000,3768.4000,3766.6000,3770.8000,3771.0000,3771.2000,3771.4000,3772.0000,5,1,2,5,2,1,1,2,1,1
SF,IF2007,2020-05-27 13:28:41.200,3770.6000,8261,0,2431629420.000,0,-,-,-,-,3770.0000,3768.8000,3768.6000,3768.4000,3766.6000,3770.8000,3771.2000,3771.4000,3772.0000,3774.6000,5,1,2,5,2,1,2,1,1,1
SF,IF2007,2020-05-27 13:28:58.200,3770.6000,8261,0,2431629420.000,0,-,-,-,-,3770.0000,3768.8000,3768.6000,3768.4000,3766.6000,3770.8000,3771.2000,3771.4000,3772.0000,3774.6000,5,1,2,5,2,1,1,1,1,1
SF,IF2007,2020-05-27 13:29:19.200,3770.6000,8261,0,2431629420.000,0,-,-,-,-,3770.0000,3768.8000,3768.6000,3768.4000,3766.6000,3770.8000,3771.2000,3771.4000,3772.0000,3774.6000,5,2,2,5,2,1,1,1,1,1
SF,IF2007,2020-05-27 13:29:19.700,3770.0000,8262,1,2432760420.000,1,1,0,双开,S,3770.0000,3768.8000,3768.6000,3768.4000,3766.6000,3770.8000,3771.2000,3771.4000,3772.0000,3774.6000,4,2,2,5,2,1,1,1,1,1
SF,IF2007,2020-05-27 13:29:20.200,3770.0000,8263,1,2433891420.000,1,1,0,双开,S,3770.0000,3768.8000,3768.6000,3768.4000,3766.6000,3770.4000,3770.6000,3770.8000,3771.2000,3771.4000,3,2,2,5,2,1,4,2,1,1
SF,IF2007,2020-05-27 13:29:20.700,3770.0000,8266,3,2437284420.000,3,3,0,双开,S,3768.8000,3768.6000,3768.4000,3766.6000,3766.0000,3770.6000,3770.8000,3771.4000,3772.0000,3774.6000,2,2,5,2,3,1,2,1,1,1
SF,IF2007,2020-05-27 13:29:21.200,3770.0000,8266,0,2437284420.000,0,-,-,-,-,3769.4000,3769.2000,3768.8000,3768.6000,3768.4000,3770.6000,3770.8000,3771.4000,3772.0000,3774.6000,1,1,2,2,5,1,2,1,1,1
SF,IF2007,2020-05-27 13:29:22.200,3770.0000,8266,0,2437284420.000,0,-,-,-,-,3769.4000,3769.2000,3768.8000,3768.6000,3768.4000,3770.4000,3770.6000,3770.8000,3771.4000,3772.0000,2,1,2,2,5,1,1,2,1,1
SF,IF2007,2020-05-27 13:29:23.200,3770.0000,8266,0,2437284420.000,0,-,-,-,-,3769.4000,3769.2000,3768.8000,3768.4000,3766.6000,3770.4000,3770.6000,3770.8000,3771.4000,3772.0000,2,1,1,5,2,1,1,2,1,1
SF,IF2007,2020-05-27 13:29:23.700,3770.0000,8266,0,2437284420.000,0,-,-,-,-,3769.4000,3769.2000,3768.8000,3768.4000,3766.6000,3770.0000,3770.2000,3770.4000,3770.6000,3770.8000,2,1,1,5,2,1,1,1,1,2
SF,IF2007,2020-05-27 13:29:24.700,3770.0000,8266,0,2437284420.000,0,-,-,-,-,3769.2000,3768.8000,3768.4000,3766.6000,3766.0000,3770.0000,3770.2000,3770.4000,3770.6000,3770.8000,1,1,5,2,3,1,1,1,1,2
SF,IF2007,2020-05-27 13:29:25.200,3769.2000,8266,0,2438415180.000,1,0,1,多换,S,3768.8000,3768.4000,3768.0000,3766.6000,3766.0000,3769.6000,3770.0000,3770.2000,3770.4000,3770.6000,1,5,1,2,3,1,1,1,1,1
SF,IF2007,2020-05-27 13:29:25.700,3769.6000,8266,0,2439546060.000,1,0,1,多换,S,3769.0000,3768.8000,3768.4000,3768.0000,3766.6000,3770.0000,3770.2000,3770.4000,3770.8000,3771.4000,1,1,5,1,2,1,1,1,2,1
SF,IF2007,2020-05-27 13:29:26.200,3769.6000,8266,0,2439546060.000,0,-,-,-,-,3769.0000,3768.8000,3768.4000,3768.0000,3766.6000,3770.0000,3770.4000,3770.8000,3771.4000,3772.0000,1,1,5,1,2,1,1,2,1,1
SF,IF2007,2020-05-27 13:29:26.700,3769.6000,8266,0,2439546060.000,0,-,-,-,-,3769.2000,3769.0000,3768.8000,3768.4000,3766.6000,3770.0000,3770.4000,3770.8000,3771.4000,3772.0000,1,1,1,5,2,1,1,2,1,1
SF,IF2007,2020-05-27 13:29:28.200,3769.6000,8266,0,2439546060.000,0,-,-,-,-,3769.2000,3769.0000,3768.8000,3768.4000,3766.6000,3770.4000,3770.8000,3771.4000,3772.0000,3774.6000,1,1,1,5,2,1,2,1,1,1
SF,IF2007,2020-05-27 13:29:28.700,3769.6000,8266,0,2439546060.000,0,-,-,-,-,3769.2000,3769.0000,3768.8000,3768.4000,3766.6000,3770.8000,3771.4000,3772.0000,3774.6000,3775.0000,1,1,1,5,2,1,1,1,1,2
SF,IF2007,2020-05-27 13:29:29.200,3769.6000,8266,0,2439546060.000,0,-,-,-,-,3769.2000,3769.0000,3768.8000,3768.4000,3766.6000,3770.4000,3770.6000,3770.8000,3771.4000,3772.0000,1,1,1,5,2,1,6,1,1,1
SF,IF2007,2020-05-27 13:29:29.700,3769.6000,8266,0,2439546060.000,0,-,-,-,-,3769.2000,3769.0000,3768.8000,3768.4000,3766.6000,3770.2000,3770.4000,3770.6000,3770.8000,3771.4000,1,1,1,5,2,1,1,4,1,1
SF,IF2007,2020-05-27 13:29:30.700,3769.2000,8266,0,2440676820.000,1,0,1,多换,S,3769.0000,3768.8000,3768.4000,3766.6000,3766.0000,3770.2000,3770.4000,3770.6000,3770.8000,3771.4000,1,1,5,2,3,1,1,4,1,1
SF,IF2007,2020-05-27 13:29:31.200,3769.2000,8266,0,2440676820.000,0,-,-,-,-,3769.0000,3768.8000,3768.4000,3766.6000,3766.0000,3770.2000,3770.4000,3770.6000,3770.8000,3771.4000,1,1,5,2,3,1,1,4,1,1
SF,IF2007,2020-05-27 13:29:31.700,3769.0000,8267,1,2441807520.000,1,1,0,双开,S,3768.8000,3768.4000,3766.6000,3766.0000,3763.8000,3769.6000,3769.8000,3770.0000,3770.2000,3770.6000,1,5,2,3,1,2,4,1,1,4
SF,IF2007,2020-05-27 13:29:32.200,3768.8000,8268,1,2442938160.000,1,1,0,双开,S,3768.4000,3766.6000,3766.0000,3763.8000,3762.2000,3768.6000,3769.4000,3769.6000,3769.8000,3770.2000,5,2,3,1,1,1,1,2,3,1
SF,IF2007,2020-05-27 13:29:32.700,3768.6000,8269,1,2444068740.000,1,1,0,双开,S,3768.4000,3766.6000,3766.0000,3763.8000,3762.2000,3768.8000,3769.4000,3769.6000,3769.8000,3770.2000,5,2,3,1,1,1,1,2,2,1
SF,IF2007,2020-05-27 13:29:33.200,3768.8000,8269,0,2445199380.000,1,0,1,多换,S,3768.4000,3766.6000,3766.0000,3763.8000,3762.2000,3769.4000,3769.6000,3769.8000,3770.2000,3770.6000,5,2,3,1,1,1,2,2,1,4
SF,IF2007,2020-05-27 13:29:34.200,3768.4000,8270,1,2446329900.000,1,1,0,双开,S,3768.4000,3766.6000,3766.0000,3763.8000,3762.2000,3769.4000,3769.6000,3769.8000,3770.2000,3770.6000,4,2,3,1,1,1,2,2,1,4
SF,IF2007,2020-05-27 13:29:41.700,3768.4000,8270,0,2446329900.000,0,-,-,-,-,3768.4000,3766.6000,3766.0000,3763.8000,3762.2000,3769.4000,3769.8000,3770.2000,3770.6000,3771.4000,4,2,3,1,1,1,2,1,4,1
SF,IF2007,2020-05-27 13:29:42.200,3768.4000,8270,0,2446329900.000,0,-,-,-,-,3768.8000,3768.6000,3768.4000,3766.6000,3766.0000,3770.2000,3770.6000,3771.4000,3772.0000,3774.6000,1,1,4,2,3,1,4,1,1,1
SF,IF2007,2020-05-27 13:29:42.700,3768.4000,8270,0,2446329900.000,0,-,-,-,-,3768.8000,3768.6000,3768.4000,3766.6000,3766.0000,3770.0000,3770.2000,3770.6000,3771.4000,3772.0000,1,1,4,2,3,1,1,4,1,1
SF,IF2007,2020-05-27 13:29:45.200,3768.4000,8270,0,2446329900.000,0,-,-,-,-,3768.6000,3768.4000,3766.6000,3766.0000,3763.8000,3770.0000,3770.2000,3770.6000,3771.4000,3772.0000,1,4,2,3,1,1,1,4,1,1
SF,IF2007,2020-05-27 13:29:45.700,3768.4000,8270,0,2446329900.000,0,-,-,-,-,3768.6000,3768.4000,3766.6000,3766.0000,3763.8000,3769.8000,3770.0000,3770.2000,3770.6000,3771.4000,1,4,2,3,1,1,1,1,4,1
SF,IF2007,2020-05-27 13:29:46.200,3768.4000,8270,0,2446329900.000,0,-,-,-,-,3768.8000,3768.6000,3768.4000,3766.6000,3766.0000,3769.6000,3769.8000,3770.2000,3770.6000,3771.4000,1,1,4,2,3,1,1,1,4,1
SF,IF2007,2020-05-27 13:29:46.700,3768.4000,8270,0,2446329900.000,0,-,-,-,-,3768.6000,3768.4000,3766.6000,3766.0000,3763.8000,3769.6000,3769.8000,3770.2000,3770.6000,3771.4000,1,4,2,3,1,1,1,1,4,1
SF,IF2007,2020-05-27 13:29:49.200,3768.4000,8270,0,2446329900.000,0,-,-,-,-,3768.6000,3768.4000,3766.6000,3766.0000,3763.8000,3769.6000,3769.8000,3770.2000,3770.6000,3771.4000,1,4,2,3,1,1,1,1,4,1
SF,IF2007,2020-05-27 13:29:56.700,3768.4000,8270,0,2446329900.000,0,-,-,-,-,3768.6000,3768.4000,3766.6000,3766.0000,3763.8000,3769.4000,3769.6000,3769.8000,3770.2000,3770.6000,1,4,2,3,1,1,1,1,1,4
SF,IF2007,2020-05-27 13:29:57.700,3768.4000,8270,0,2446329900.000,0,-,-,-,-,3768.4000,3766.6000,3766.0000,3763.8000,3762.2000,3769.4000,3769.6000,3769.8000,3770.2000,3770.6000,4,2,3,1,1,1,1,1,1,4
SF,IF2007,2020-05-27 13:29:59.200,3768.4000,8270,0,2446329900.000,0,-,-,-,-,3768.4000,3766.6000,3766.0000,3763.8000,3762.2000,3769.4000,3769.6000,3769.8000,3770.2000,3770.6000,4,2,3,1,1,1,1,1,1,4
SF,IF2007,2020-05-27 13:30:01.200,3768.4000,8272,2,2449721460.000,3,2,1,空开,S,3768.4000,3766.6000,3766.0000,3763.8000,3762.2000,3769.2000,3769.4000,3769.6000,3770.2000,3770.6000,1,2,3,1,1,1,2,1,1,4
SF,IF2007,2020-05-27 13:30:01.700,3768.4000,8273,1,2450851980.000,1,1,0,双开,S,3766.6000,3766.0000,3763.8000,3762.2000,3761.0000,3769.0000,3769.2000,3769.4000,3770.2000,3770.6000,2,3,1,1,7,2,1,2,1,4
SF,IF2007,2020-05-27 13:30:02.200,3768.4000,8273,0,2450851980.000,0,-,-,-,-,3767.4000,3767.2000,3767.0000,3766.8000,3766.6000,3769.0000,3769.2000,3769.4000,3770.2000,3770.6000,1,2,1,5,2,2,1,2,1,4
SF,IF2007,2020-05-27 13:30:02.700,3768.4000,8273,0,2450851980.000,0,-,-,-,-,3767.4000,3767.2000,3767.0000,3766.8000,3766.6000,3768.0000,3769.0000,3769.2000,3769.4000,3770.2000,1,2,1,5,2,1,2,1,2,1
SF,IF2007,2020-05-27 13:30:03.200,3768.0000,8274,1,2451982380.000,1,1,0,双开,S,3767.4000,3767.2000,3767.0000,3766.8000,3766.6000,3769.0000,3769.2000,3769.4000,3770.2000,3770.6000,1,2,1,3,2,1,1,2,1,4
SF,IF2007,2020-05-27 13:30:03.700,3768.0000,8274,0,2451982380.000,0,-,-,-,-,3767.4000,3767.2000,3767.0000,3766.8000,3766.6000,3768.8000,3769.0000,3769.2000,3769.4000,3770.2000,1,2,1,3,2,1,1,1,2,1
SF,IF2007,2020-05-27 13:30:04.700,3768.0000,8274,0,2451982380.000,0,-,-,-,-,3767.4000,3767.2000,3767.0000,3766.8000,3766.6000,3768.8000,3769.0000,3769.2000,3769.4000,3770.2000,2,2,1,3,2,1,1,1,2,1
SF,IF2007,2020-05-27 13:30:06.700,3768.0000,8274,0,2451982380.000,0,-,-,-,-,3767.6000,3767.4000,3767.2000,3767.0000,3766.8000,3768.8000,3769.0000,3769.2000,3769.4000,3770.2000,1,2,2,1,3,1,1,1,2,1
SF,IF2007,2020-05-27 13:30:07.200,3768.0000,8274,0,2451982380.000,0,-,-,-,-,3767.6000,3767.4000,3767.0000,3766.8000,3766.6000,3768.8000,3769.0000,3769.2000,3769.4000,3770.2000,1,2,1,3,2,1,1,1,2,1
SF,IF2007,2020-05-27 13:30:09.200,3768.0000,8274,0,2451982380.000,0,-,-,-,-,3767.4000,3767.0000,3766.8000,3766.6000,3766.0000,3768.6000,3768.8000,3769.0000,3769.2000,3769.4000,2,1,2,2,3,1,1,1,1,2
SF,IF2007,2020-05-27 13:30:09.700,3768.0000,8274,0,2451982380.000,0,-,-,-,-,3767.4000,3767.0000,3766.8000,3766.6000,3766.0000,3768.4000,3768.6000,3769.0000,3769.2000,3769.4000,1,1,2,2,3,1,1,1,1,1
SF,IF2007,2020-05-27 13:30:10.200,3768.0000,8274,0,2451982380.000,0,-,-,-,-,3767.4000,3767.0000,3766.8000,3766.0000,3763.8000,3768.4000,3768.6000,3769.0000,3769.2000,3769.4000,1,1,2,3,1,1,1,1,1,1
SF,IF2007,2020-05-27 13:30:10.700,3768.0000,8274,0,2451982380.000,0,-,-,-,-,3766.0000,3763.8000,3762.2000,3761.0000,3760.2000,3768.2000,3768.4000,3769.0000,3769.2000,3769.4000,3,1,1,7,1,1,1,1,1,1
SF,IF2007,2020-05-27 13:30:11.200,3768.0000,8274,0,2451982380.000,0,-,-,-,-,3766.6000,3766.4000,3766.2000,3766.0000,3763.8000,3768.0000,3768.2000,3769.0000,3769.2000,3769.4000,1,1,5,3,1,1,1,1,1,1
SF,IF2007,2020-05-27 13:30:11.700,3768.0000,8274,0,2451982380.000,0,-,-,-,-,3766.6000,3766.4000,3766.2000,3766.0000,3763.8000,3768.0000,3768.2000,3769.0000,3769.2000,3769.4000,1,1,4,3,1,1,1,1,1,1
SF,IF2007,2020-05-27 13:30:13.200,3768.0000,8275,1,2453112780.000,1,1,0,双开,S,3766.6000,3766.4000,3766.2000,3766.0000,3763.8000,3768.2000,3769.0000,3769.2000,3769.4000,3770.2000,1,1,4,3,1,1,1,1,1,1
SF,IF2007,2020-05-27 13:30:13.700,3768.0000,8275,0,2453112780.000,0,-,-,-,-,3766.8000,3766.6000,3766.4000,3766.2000,3766.0000,3768.0000,3768.2000,3769.0000,3769.2000,3769.4000,1,1,1,4,3,1,1,1,1,1
SF,IF2007,2020-05-27 13:30:14.700,3768.0000,8275,0,2453112780.000,0,-,-,-,-,3766.8000,3766.6000,3766.4000,3766.2000,3766.0000,3768.0000,3768.2000,3769.0000,3769.2000,3769.4000,1,1,1,4,3,2,1,1,1,1
SF,IF2007,2020-05-27 13:30:15.200,3768.0000,8275,0,2453112780.000,0,-,-,-,-,3766.8000,3766.6000,3766.4000,3766.2000,3766.0000,3767.8000,3768.0000,3769.0000,3769.2000,3769.4000,1,1,1,4,3,1,2,1,1,1
SF,IF2007,2020-05-27 13:30:15.700,3768.0000,8275,0,2453112780.000,0,-,-,-,-,3766.6000,3766.2000,3766.0000,3763.8000,3762.2000,3767.8000,3768.0000,3769.0000,3769.2000,3769.4000,1,1,3,1,1,1,2,1,1,1
SF,IF2007,2020-05-27 13:30:16.700,3768.0000,8275,0,2453112780.000,0,-,-,-,-,3766.2000,3766.0000,3763.8000,3762.2000,3761.0000,3767.4000,3767.6000,3767.8000,3768.0000,3769.0000,1,3,1,1,7,1,1,1,1,1
SF,IF2007,2020-05-27 13:30:17.200,3768.0000,8275,0,2453112780.000,0,-,-,-,-,3766.0000,3763.8000,3762.2000,3761.0000,3760.2000,3767.4000,3767.6000,3767.8000,3769.0000,3769.2000,3,1,1,7,1,1,1,1,1,1
SF,IF2007,2020-05-27 13:30:17.700,3768.0000,8275,0,2453112780.000,0,-,-,-,-,3766.2000,3766.0000,3763.8000,3762.2000,3761.0000,3767.4000,3767.6000,3767.8000,3769.0000,3769.2000,1,3,1,1,7,1,1,1,1,1
SF,IF2007,2020-05-27 13:30:18.200,3768.0000,8275,0,2453112780.000,0,-,-,-,-,3766.2000,3766.0000,3763.8000,3762.2000,3761.0000,3767.4000,3767.6000,3769.0000,3769.2000,3769.4000,1,3,1,1,7,1,1,1,1,1
SF,IF2007,2020-05-27 13:30:18.700,3768.0000,8275,0,2453112780.000,0,-,-,-,-,3766.2000,3766.0000,3763.8000,3762.2000,3761.0000,3767.4000,3767.6000,3769.2000,3769.4000,3770.2000,1,3,1,1,7,1,1,1,1,1
SF,IF2007,2020-05-27 13:30:21.700,3768.0000,8275,0,2453112780.000,0,-,-,-,-,3766.4000,3766.2000,3766.0000,3763.8000,3762.2000,3767.4000,3769.2000,3769.4000,3770.2000,3770.6000,1,1,3,1,1,1,1,1,1,4
SF,IF2007,2020-05-27 13:30:22.700,3767.4000,8275,0,2454243000.000,1,0,1,多换,S,3766.4000,3766.2000,3766.0000,3763.8000,3762.2000,3769.2000,3769.4000,3770.2000,3770.6000,3771.4000,1,1,3,1,1,1,1,1,4,1
SF,IF2007,2020-05-27 13:30:23.200,3767.4000,8275,0,2454243000.000,0,-,-,-,-,3766.6000,3766.0000,3763.8000,3762.2000,3761.0000,3768.0000,3768.2000,3768.6000,3768.8000,3769.0000,2,3,1,1,7,1,3,5,1,3
SF,IF2007,2020-05-27 13:30:23.700,3767.4000,8275,0,2454243000.000,0,-,-,-,-,3766.6000,3766.0000,3763.8000,3762.2000,3761.0000,3767.8000,3768.0000,3768.2000,3768.6000,3768.8000,1,3,1,1,7,1,1,2,3,1
SF,IF2007,2020-05-27 13:30:24.200,3767.4000,8275,0,2454243000.000,0,-,-,-,-,3766.6000,3766.0000,3763.8000,3762.2000,3761.0000,3767.8000,3768.0000,3768.2000,3768.6000,3768.8000,1,3,1,1,7,1,1,2,3,1
SF,IF2007,2020-05-27 13:30:24.700,3767.4000,8275,0,2454243000.000,0,-,-,-,-,3766.8000,3766.6000,3766.0000,3763.8000,3762.2000,3767.8000,3768.0000,3768.2000,3768.6000,3768.8000,1,1,3,1,1,1,1,2,3,1
SF,IF2007,2020-05-27 13:30:27.700,3767.4000,8275,0,2454243000.000,0,-,-,-,-,3766.8000,3766.6000,3766.0000,3763.8000,3762.2000,3767.8000,3768.0000,3768.2000,3768.8000,3769.0000,1,1,3,1,1,1,1,2,1,2
SF,IF2007,2020-05-27 13:30:28.700,3767.4000,8275,0,2454243000.000,0,-,-,-,-,3766.8000,3766.6000,3766.0000,3763.8000,3762.2000,3767.8000,3768.0000,3768.2000,3768.8000,3769.0000,1,1,3,1,1,1,1,2,1,2
SF,IF2007,2020-05-27 13:30:40.200,3767.4000,8275,0,2454243000.000,0,-,-,-,-,3766.8000,3766.6000,3766.0000,3763.8000,3762.2000,3767.6000,3767.8000,3768.0000,3768.2000,3768.8000,1,1,3,1,1,1,1,1,2,1
SF,IF2007,2020-05-27 13:30:40.700,3767.4000,8275,0,2454243000.000,0,-,-,-,-,3766.6000,3766.0000,3763.8000,3762.2000,3761.0000,3767.6000,3767.8000,3768.0000,3768.2000,3768.8000,1,3,1,1,7,1,1,1,2,1
SF,IF2007,2020-05-27 13:30:41.200,3767.4000,8275,0,2454243000.000,0,-,-,-,-,3766.6000,3766.0000,3763.8000,3762.2000,3761.0000,3767.6000,3767.8000,3768.0000,3768.2000,3768.8000,1,3,1,1,7,1,1,1,2,1
SF,IF2007,2020-05-27 13:30:41.700,3767.4000,8275,0,2454243000.000,0,-,-,-,-,3766.6000,3766.0000,3763.8000,3762.2000,3761.0000,3767.8000,3768.0000,3768.2000,3768.8000,3769.0000,1,3,1,1,7,1,1,2,1,2
SF,IF2007,2020-05-27 13:30:43.700,3767.4000,8275,0,2454243000.000,0,-,-,-,-,3766.6000,3766.0000,3763.8000,3762.2000,3761.0000,3767.6000,3767.8000,3768.0000,3768.2000,3768.8000,1,3,1,1,7,1,1,1,2,1
SF,IF2007,2020-05-27 13:30:44.200,3767.4000,8275,0,2454243000.000,0,-,-,-,-,3766.6000,3766.0000,3763.8000,3762.2000,3761.0000,3767.6000,3767.8000,3768.2000,3768.8000,3769.0000,1,3,1,1,7,1,1,2,1,2
SF,IF2007,2020-05-27 13:30:45.200,3767.4000,8275,0,2454243000.000,0,-,-,-,-,3766.6000,3766.0000,3763.8000,3762.2000,3761.0000,3767.6000,3767.8000,3768.2000,3768.8000,3769.0000,1,3,1,1,7,2,1,2,1,2
SF,IF2007,2020-05-27 13:30:45.700,3767.4000,8275,0,2454243000.000,0,-,-,-,-,3766.6000,3766.0000,3763.8000,3762.2000,3761.0000,3767.6000,3767.8000,3768.2000,3768.8000,3769.0000,1,3,1,1,7,1,1,2,1,2
SF,IF2007,2020-05-27 13:30:46.700,3767.4000,8275,0,2454243000.000,0,-,-,-,-,3766.0000,3763.8000,3762.2000,3761.0000,3760.2000,3767.6000,3767.8000,3768.2000,3768.8000,3769.0000,3,1,1,7,1,1,1,2,1,2
SF,IF2007,2020-05-27 13:30:47.200,3767.4000,8275,0,2454243000.000,0,-,-,-,-,3766.4000,3766.2000,3766.0000,3763.8000,3762.2000,3767.6000,3767.8000,3768.2000,3768.8000,3769.0000,2,2,3,1,1,1,1,2,1,2
SF,IF2007,2020-05-27 13:30:47.700,3767.4000,8275,0,2454243000.000,0,-,-,-,-,3766.6000,3766.4000,3766.2000,3766.0000,3763.8000,3767.6000,3767.8000,3768.2000,3768.8000,3769.0000,1,2,1,3,1,1,1,2,1,2
SF,IF2007,2020-05-27 13:30:50.700,3767.4000,8275,0,2454243000.000,0,-,-,-,-,3766.6000,3766.2000,3766.0000,3763.8000,3762.2000,3767.4000,3767.6000,3767.8000,3768.2000,3768.8000,1,1,3,1,1,1,1,1,2,1
SF,IF2007,2020-05-27 13:30:53.200,3767.4000,8275,0,2454243000.000,0,-,-,-,-,3766.2000,3766.0000,3763.8000,3762.2000,3761.0000,3767.4000,3767.6000,3768.2000,3768.8000,3769.0000,1,3,1,1,7,1,1,2,1,2
SF,IF2007,2020-05-27 13:30:54.200,3767.4000,8275,0,2454243000.000,0,-,-,-,-,3766.4000,3766.2000,3766.0000,3763.8000,3762.2000,3767.4000,3767.6000,3768.2000,3768.8000,3769.0000,1,1,3,1,1,1,1,2,1,2
SF,IF2007,2020-05-27 13:30:55.200,3767.4000,8275,0,2454243000.000,0,-,-,-,-,3766.4000,3766.2000,3766.0000,3763.8000,3762.2000,3767.6000,3768.2000,3768.8000,3769.0000,3769.2000,1,1,3,1,1,1,2,1,2,2
SF,IF2007,2020-05-27 13:30:56.200,3767.4000,8275,0,2454243000.000,0,-,-,-,-,3766.8000,3766.6000,3766.0000,3763.8000,3762.2000,3767.6000,3768.2000,3768.8000,3769.0000,3769.2000,1,4,3,1,1,1,2,1,2,2
SF,IF2007,2020-05-27 13:30:56.700,3767.6000,8276,1,2455373280.000,1,1,0,双开,S,3766.8000,3766.6000,3766.0000,3763.8000,3762.2000,3768.2000,3768.8000,3769.0000,3769.2000,3771.4000,1,2,3,1,1,2,1,1,2,1
SF,IF2007,2020-05-27 13:30:58.200,3767.6000,8276,0,2455373280.000,0,-,-,-,-,3766.8000,3766.6000,3766.0000,3763.8000,3762.2000,3768.0000,3768.2000,3768.8000,3769.0000,3769.2000,1,2,3,1,1,1,2,1,1,2
SF,IF2007,2020-05-27 13:30:59.700,3767.6000,8276,0,2455373280.000,0,-,-,-,-,3766.6000,3766.0000,3763.8000,3762.2000,3761.0000,3767.8000,3768.0000,3768.2000,3768.8000,3769.0000,2,3,1,1,7,2,1,2,1,1
SF,IF2007,2020-05-27 13:31:00.200,3767.6000,8276,0,2455373280.000,0,-,-,-,-,3766.8000,3766.6000,3766.0000,3763.8000,3762.2000,3767.8000,3768.0000,3768.2000,3768.8000,3769.0000,1,2,3,1,1,2,2,2,1,1
SF,IF2007,2020-05-27 13:31:00.700,3767.6000,8276,0,2455373280.000,0,-,-,-,-,3766.8000,3766.6000,3766.0000,3763.8000,3762.2000,3767.4000,3767.8000,3768.0000,3768.2000,3768.8000,1,2,3,1,1,1,3,2,2,1
SF,IF2007,2020-05-27 13:31:01.200,3767.6000,8276,0,2455373280.000,0,-,-,-,-,3766.8000,3766.6000,3766.0000,3763.8000,3762.2000,3767.6000,3767.8000,3768.2000,3768.8000,3769.0000,1,2,3,1,1,2,3,2,1,1
SF,IF2007,2020-05-27 13:31:01.700,3767.6000,8276,0,2455373280.000,0,-,-,-,-,3766.6000,3766.0000,3763.8000,3762.2000,3761.0000,3767.6000,3767.8000,3768.2000,3768.8000,3769.0000,2,3,1,1,7,2,2,2,1,1
SF,IF2007,2020-05-27 13:31:02.200,3767.6000,8276,0,2455373280.000,0,-,-,-,-,3766.6000,3766.0000,3763.8000,3762.2000,3761.0000,3767.8000,3768.2000,3768.8000,3769.0000,3769.2000,2,3,1,1,7,2,2,1,1,2
SF,IF2007,2020-05-27 13:31:04.700,3767.6000,8276,0,2455373280.000,0,-,-,-,-,3766.6000,3766.0000,3763.8000,3762.2000,3761.0000,3767.6000,3767.8000,3768.2000,3768.8000,3769.0000,2,3,1,1,7,1,2,2,1,1
SF,IF2007,2020-05-27 13:31:07.700,3767.6000,8276,0,2455373280.000,0,-,-,-,-,3766.8000,3766.6000,3766.0000,3763.8000,3762.2000,3767.6000,3767.8000,3768.2000,3768.8000,3769.0000,1,2,3,1,1,1,2,2,1,1
SF,IF2007,2020-05-27 13:31:14.200,3767.6000,8276,0,2455373280.000,0,-,-,-,-,3766.8000,3766.6000,3766.0000,3763.8000,3762.2000,3767.6000,3767.8000,3768.2000,3768.8000,3769.0000,1,2,3,1,1,1,2,2,1,1
SF,IF2007,2020-05-27 13:31:17.700,3767.6000,8276,0,2455373280.000,0,-,-,-,-,3766.8000,3766.6000,3766.0000,3763.8000,3762.2000,3767.6000,3767.8000,3768.2000,3768.8000,3769.0000,1,2,3,1,1,2,2,2,1,1
SF,IF2007,2020-05-27 13:31:32.200,3766.8000,8277,1,2456503320.000,1,1,0,双开,S,3766.6000,3766.0000,3763.8000,3762.2000,3761.0000,3767.6000,3767.8000,3768.2000,3768.8000,3769.0000,2,3,1,1,7,2,2,2,1,1
SF,IF2007,2020-05-27 13:31:34.200,3766.8000,8277,0,2456503320.000,0,-,-,-,-,3766.6000,3766.0000,3763.8000,3762.2000,3761.0000,3767.6000,3767.8000,3768.2000,3768.8000,3769.0000,1,3,1,1,7,2,2,2,1,1
SF,IF2007,2020-05-27 13:31:38.200,3766.8000,8277,0,2456503320.000,0,-,-,-,-,3766.6000,3766.0000,3763.8000,3762.2000,3761.0000,3767.6000,3767.8000,3768.2000,3768.8000,3769.0000,1,3,1,1,7,2,2,2,1,1
SF,IF2007,2020-05-27 13:31:38.700,3766.6000,8277,0,2457633300.000,1,0,1,多换,S,3766.0000,3763.8000,3762.2000,3761.0000,3760.2000,3767.6000,3767.8000,3768.2000,3768.8000,3769.0000,3,1,1,7,1,2,2,2,1,1
SF,IF2007,2020-05-27 13:31:39.200,3766.6000,8277,0,2457633300.000,0,-,-,-,-,3766.0000,3763.8000,3762.2000,3761.0000,3760.2000,3767.4000,3767.6000,3768.2000,3768.8000,3769.0000,3,1,1,7,1,3,2,2,1,1
SF,IF2007,2020-05-27 13:31:40.200,3766.6000,8277,0,2457633300.000,0,-,-,-,-,3766.2000,3766.0000,3763.8000,3762.2000,3761.0000,3767.4000,3767.6000,3768.2000,3768.8000,3769.0000,1,3,1,1,7,3,2,2,1,1
SF,IF2007,2020-05-27 13:31:41.700,3766.6000,8277,0,2457633300.000,0,-,-,-,-,3766.2000,3766.0000,3763.8000,3762.2000,3761.0000,3767.2000,3767.4000,3767.6000,3768.2000,3768.8000,1,3,1,1,7,1,3,2,2,1
SF,IF2007,2020-05-27 13:31:42.700,3766.6000,8277,0,2457633300.000,0,-,-,-,-,3766.2000,3766.0000,3763.8000,3762.2000,3761.0000,3767.4000,3767.6000,3768.2000,3768.8000,3769.0000,1,3,1,1,7,3,1,2,1,1
SF,IF2007,2020-05-27 13:31:43.200,3766.6000,8277,0,2457633300.000,0,-,-,-,-,3766.4000,3766.2000,3766.0000,3763.8000,3762.2000,3767.4000,3767.6000,3768.2000,3768.8000,3769.0000,1,1,3,1,1,3,1,2,1,1
SF,IF2007,2020-05-27 13:31:47.200,3766.6000,8277,0,2457633300.000,0,-,-,-,-,3766.4000,3766.2000,3766.0000,3763.8000,3762.2000,3767.2000,3767.4000,3767.6000,3768.2000,3768.8000,1,1,3,1,1,1,3,1,2,1
SF,IF2007,2020-05-27 13:31:49.200,3766.6000,8277,0,2457633300.000,0,-,-,-,-,3766.2000,3766.0000,3763.8000,3762.2000,3761.0000,3767.2000,3767.4000,3767.6000,3768.2000,3768.8000,1,3,1,1,7,1,3,1,2,1
SF,IF2007,2020-05-27 13:31:50.200,3766.6000,8277,0,2457633300.000,0,-,-,-,-,3766.2000,3766.0000,3763.8000,3762.2000,3761.0000,3767.4000,3767.6000,3768.2000,3768.8000,3769.0000,1,3,1,1,7,3,1,2,1,1
SF,IF2007,2020-05-27 13:31:50.700,3766.6000,8277,0,2457633300.000,0,-,-,-,-,3766.4000,3766.2000,3766.0000,3763.8000,3762.2000,3767.4000,3767.6000,3768.2000,3768.8000,3769.0000,1,1,3,1,1,3,1,2,1,1
SF,IF2007,2020-05-27 13:31:51.700,3766.6000,8277,0,2457633300.000,0,-,-,-,-,3766.4000,3766.2000,3766.0000,3763.8000,3762.2000,3767.4000,3767.6000,3768.2000,3768.8000,3769.0000,1,1,3,1,1,2,1,2,1,1
SF,IF2007,2020-05-27 13:31:56.700,3767.4000,8277,0,2458763520.000,1,0,1,多换,S,3766.4000,3766.2000,3766.0000,3763.8000,3762.2000,3767.4000,3767.6000,3768.2000,3768.8000,3769.0000,1,1,3,1,1,1,1,2,1,1
SF,IF2007,2020-05-27 13:31:57.200,3766.8000,8278,1,2459893560.000,1,1,0,双开,S,3766.4000,3766.2000,3766.0000,3763.8000,3762.2000,3767.4000,3767.6000,3768.2000,3768.8000,3769.0000,1,1,3,1,1,1,1,2,1,1
SF,IF2007,2020-05-27 13:31:57.700,3766.8000,8278,0,2459893560.000,0,-,-,-,-,3766.4000,3766.2000,3766.0000,3763.8000,3762.2000,3767.4000,3767.6000,3768.2000,3768.8000,3769.0000,2,1,3,1,1,1,1,2,1,1
SF,IF2007,2020-05-27 13:32:01.200,3766.8000,8278,0,2459893560.000,0,-,-,-,-,3766.4000,3766.2000,3766.0000,3763.8000,3762.2000,3767.2000,3767.4000,3767.6000,3768.2000,3768.8000,2,1,3,1,1,1,1,1,2,1
SF,IF2007,2020-05-27 13:32:01.700,3766.8000,8278,0,2459893560.000,0,-,-,-,-,3766.4000,3766.0000,3763.8000,3762.2000,3761.0000,3767.2000,3767.4000,3767.6000,3768.2000,3768.8000,1,3,1,1,7,1,1,1,2,1
SF,IF2007,2020-05-27 13:32:04.700,3766.4000,8279,1,2461023480.000,1,1,0,双开,S,3766.0000,3763.8000,3762.2000,3761.0000,3760.2000,3767.0000,3767.2000,3767.6000,3768.2000,3768.8000,3,1,1,7,1,2,1,1,2,1
SF,IF2007,2020-05-27 13:32:05.200,3766.0000,8280,1,2462153280.000,1,1,0,双开,S,3766.0000,3763.8000,3762.2000,3761.0000,3760.2000,3767.0000,3767.2000,3767.6000,3768.2000,3768.8000,2,1,1,7,1,2,1,1,2,1
SF,IF2007,2020-05-27 13:32:06.700,3766.0000,8280,0,2462153280.000,0,-,-,-,-,3766.0000,3763.8000,3762.2000,3761.0000,3760.2000,3767.0000,3767.2000,3767.6000,3768.2000,3768.8000,3,1,1,7,1,2,1,1,2,1
SF,IF2007,2020-05-27 13:32:07.200,3766.0000,8280,0,2462153280.000,0,-,-,-,-,3766.0000,3763.8000,3762.2000,3761.0000,3760.2000,3767.0000,3767.2000,3767.6000,3768.2000,3768.8000,2,1,1,7,1,2,1,1,2,1
SF,IF2007,2020-05-27 13:32:11.200,3766.0000,8280,0,2462153280.000,0,-,-,-,-,3766.4000,3766.2000,3766.0000,3763.8000,3762.2000,3767.0000,3767.2000,3767.6000,3768.2000,3768.8000,1,1,2,1,1,2,1,1,2,1
SF,IF2007,2020-05-27 13:32:11.700,3766.0000,8280,0,2462153280.000,0,-,-,-,-,3766.4000,3766.2000,3766.0000,3763.8000,3762.2000,3767.0000,3767.6000,3768.2000,3768.8000,3769.0000,1,1,2,1,1,2,1,2,1,1
SF,IF2007,2020-05-27 13:32:12.200,3766.0000,8280,0,2462153280.000,0,-,-,-,-,3766.4000,3766.2000,3766.0000,3763.8000,3762.2000,3767.0000,3767.6000,3768.2000,3768.8000,3769.0000,1,1,2,1,1,1,1,2,1,1
SF,IF2007,2020-05-27 13:32:12.700,3767.0000,8281,1,2463283380.000,1,1,0,双开,S,3766.4000,3766.2000,3766.0000,3763.8000,3762.2000,3767.6000,3768.2000,3768.8000,3769.0000,3769.2000,1,1,2,1,1,1,2,1,1,2
SF,IF2007,2020-05-27 13:32:13.700,3767.0000,8281,0,2463283380.000,0,-,-,-,-,3766.2000,3766.0000,3763.8000,3762.2000,3761.0000,3767.6000,3768.2000,3768.8000,3769.0000,3769.2000,1,2,1,1,7,1,2,1,1,2
SF,IF2007,2020-05-27 13:32:14.200,3767.0000,8281,0,2463283380.000,0,-,-,-,-,3766.2000,3766.0000,3763.8000,3762.2000,3761.0000,3767.4000,3767.6000,3768.2000,3768.8000,3769.0000,1,2,1,1,7,4,1,2,1,1
SF,IF2007,2020-05-27 13:32:14.700,3767.0000,8281,0,2463283380.000,0,-,-,-,-,3766.2000,3766.0000,3763.8000,3762.2000,3761.0000,3767.4000,3767.6000,3768.2000,3768.8000,3769.0000,1,2,1,1,7,4,1,2,1,1
SF,IF2007,2020-05-27 13:32:16.200,3767.0000,8281,0,2463283380.000,0,-,-,-,-,3766.4000,3766.2000,3766.0000,3763.8000,3762.2000,3767.4000,3767.6000,3768.2000,3768.8000,3769.0000,3,1,2,1,1,4,1,2,1,1
SF,IF2007,2020-05-27 13:32:16.700,3767.0000,8281,0,2463283380.000,0,-,-,-,-,3766.4000,3766.2000,3766.0000,3763.8000,3762.2000,3767.4000,3767.6000,3768.2000,3768.8000,3769.0000,3,1,2,1,1,3,1,2,1,1
SF,IF2007,2020-05-27 13:32:22.700,3767.0000,8281,0,2463283380.000,0,-,-,-,-,3766.4000,3766.2000,3766.0000,3763.8000,3762.2000,3767.4000,3767.6000,3768.2000,3768.8000,3769.0000,3,1,2,1,1,1,1,2,1,1
SF,IF2007,2020-05-27 13:32:24.200,3767.0000,8281,0,2463283380.000,0,-,-,-,-,3766.6000,3766.4000,3766.2000,3766.0000,3763.8000,3767.4000,3767.6000,3768.2000,3768.8000,3769.0000,1,3,1,2,1,1,1,2,1,1
SF,IF2007,2020-05-27 13:32:24.700,3767.0000,8281,0,2463283380.000,0,-,-,-,-,3766.6000,3766.4000,3766.2000,3766.0000,3763.8000,3767.6000,3768.2000,3768.8000,3769.0000,3769.2000,1,3,1,2,1,1,2,1,1,2
SF,IF2007,2020-05-27 13:32:50.200,3767.0000,8281,0,2463283380.000,0,-,-,-,-,3766.6000,3766.4000,3766.2000,3766.0000,3763.8000,3767.4000,3767.6000,3768.2000,3768.8000,3769.0000,1,3,1,2,1,1,1,2,1,1
SF,IF2007,2020-05-27 13:32:50.700,3767.0000,8281,0,2463283380.000,0,-,-,-,-,3766.2000,3766.0000,3763.8000,3762.2000,3761.0000,3767.4000,3767.6000,3768.2000,3768.8000,3769.0000,1,2,1,1,7,1,1,2,1,1
SF,IF2007,2020-05-27 13:32:51.200,3767.0000,8281,0,2463283380.000,0,-,-,-,-,3767.0000,3766.0000,3763.8000,3762.2000,3761.0000,3767.2000,3767.4000,3767.6000,3768.2000,3768.8000,5,2,1,1,7,2,1,1,2,1
SF,IF2007,2020-05-27 13:32:51.700,3767.0000,8286,5,2468933880.000,5,5,0,双开,S,3766.0000,3763.8000,3762.2000,3761.0000,3760.2000,3766.8000,3767.0000,3767.2000,3767.4000,3767.6000,2,1,1,7,1,1,3,1,1,1
SF,IF2007,2020-05-27 13:32:52.200,3767.0000,8286,0,2468933880.000,0,-,-,-,-,3766.0000,3763.8000,3762.2000,3761.0000,3760.2000,3767.0000,3767.4000,3767.6000,3768.8000,3769.0000,2,1,1,7,1,3,1,1,1,1
SF,IF2007,2020-05-27 13:32:52.700,3767.0000,8286,0,2468933880.000,0,-,-,-,-,3766.0000,3763.8000,3762.2000,3761.0000,3760.2000,3767.0000,3767.4000,3767.6000,3768.8000,3769.0000,2,1,1,7,1,2,1,1,1,1
SF,IF2007,2020-05-27 13:32:53.200,3767.0000,8286,0,2468933880.000,0,-,-,-,-,3766.2000,3766.0000,3763.8000,3762.2000,3761.0000,3767.0000,3767.4000,3767.6000,3768.8000,3769.0000,1,2,1,1,7,2,1,1,1,1
SF,IF2007,2020-05-27 13:32:55.700,3767.0000,8286,0,2468933880.000,0,-,-,-,-,3766.6000,3766.2000,3766.0000,3763.8000,3762.2000,3767.0000,3767.4000,3767.6000,3768.8000,3769.0000,5,1,2,1,1,2,1,1,1,1
SF,IF2007,2020-05-27 13:32:58.700,3767.0000,8286,0,2468933880.000,0,-,-,-,-,3766.6000,3766.2000,3766.0000,3763.8000,3762.2000,3767.0000,3767.4000,3767.6000,3768.8000,3769.0000,5,6,2,1,1,2,1,1,1,1
SF,IF2007,2020-05-27 13:33:00.200,3767.0000,8287,1,2470063980.000,1,1,0,双开,S,3766.6000,3766.2000,3766.0000,3763.8000,3762.2000,3767.0000,3767.4000,3767.6000,3768.8000,3769.0000,5,6,2,1,1,1,1,1,1,1
SF,IF2007,2020-05-27 13:33:01.200,3767.0000,8287,0,2470063980.000,0,-,-,-,-,3766.6000,3766.2000,3766.0000,3765.8000,3763.8000,3767.0000,3767.4000,3767.6000,3768.8000,3769.0000,5,6,2,5,1,1,1,1,1,1
SF,IF2007,2020-05-27 13:33:02.700,3767.0000,8287,0,2470063980.000,0,-,-,-,-,3766.6000,3766.2000,3766.0000,3765.8000,3765.4000,3767.0000,3767.4000,3767.6000,3768.8000,3769.0000,5,6,2,5,5,1,1,1,1,1
SF,IF2007,2020-05-27 13:33:04.700,3767.0000,8288,1,2471194080.000,1,1,0,双开,S,3766.6000,3766.2000,3766.0000,3765.8000,3765.4000,3767.4000,3767.6000,3768.8000,3769.0000,3769.2000,5,6,2,5,5,1,1,1,1,2
SF,IF2007,2020-05-27 13:33:05.700,3766.6000,8289,1,2472324060.000,1,1,0,双开,S,3766.6000,3766.2000,3766.0000,3765.8000,3765.4000,3767.4000,3767.6000,3768.8000,3769.0000,3769.2000,4,6,2,5,5,1,1,1,1,2
SF,IF2007,2020-05-27 13:33:07.200,3766.6000,8289,0,2472324060.000,0,-,-,-,-,3766.6000,3766.2000,3766.0000,3765.8000,3765.4000,3767.4000,3767.6000,3768.8000,3769.0000,3769.2000,4,6,2,5,5,1,1,1,1,2
SF,IF2007,2020-05-27 13:33:07.700,3766.6000,8289,0,2472324060.000,0,-,-,-,-,3766.6000,3766.2000,3766.0000,3765.8000,3765.4000,3767.6000,3768.8000,3769.0000,3769.2000,3770.0000,4,6,2,5,5,1,1,1,2,1
SF,IF2007,2020-05-27 13:33:09.200,3766.6000,8289,0,2472324060.000,0,-,-,-,-,3766.6000,3766.2000,3766.0000,3765.8000,3765.4000,3767.4000,3767.6000,3768.8000,3769.0000,3769.2000,4,6,2,5,5,1,2,1,1,1
SF,IF2007,2020-05-27 13:33:09.700,3766.6000,8289,0,2472324060.000,0,-,-,-,-,3766.6000,3766.2000,3766.0000,3765.8000,3765.4000,3767.4000,3767.6000,3768.8000,3769.0000,3769.2000,4,6,2,5,5,2,2,1,1,1
SF,IF2007,2020-05-27 13:33:10.200,3766.6000,8289,0,2472324060.000,0,-,-,-,-,3766.6000,3766.2000,3766.0000,3765.8000,3765.4000,3767.6000,3768.8000,3769.0000,3769.2000,3770.0000,4,6,2,5,5,2,1,1,1,1
SF,IF2007,2020-05-27 13:33:11.200,3766.6000,8289,0,2472324060.000,0,-,-,-,-,3766.8000,3766.6000,3766.2000,3766.0000,3765.8000,3767.6000,3768.8000,3769.0000,3769.2000,3770.0000,1,4,6,2,5,2,1,1,1,1
SF,IF2007,2020-05-27 13:33:28.200,3766.6000,8290,1,2473454040.000,1,1,0,双开,S,3766.6000,3766.2000,3766.0000,3765.8000,3765.4000,3767.6000,3768.8000,3769.0000,3769.2000,3770.0000,4,6,2,5,5,2,1,1,1,1
SF,IF2007,2020-05-27 13:33:28.700,3766.6000,8290,0,2473454040.000,0,-,-,-,-,3766.6000,3766.2000,3766.0000,3765.8000,3765.4000,3767.2000,3767.6000,3768.8000,3769.0000,3769.2000,4,6,2,5,5,1,2,1,1,1
SF,IF2007,2020-05-27 13:33:29.200,3766.6000,8290,0,2473454040.000,0,-,-,-,-,3766.6000,3766.2000,3766.0000,3765.8000,3765.4000,3767.6000,3768.8000,3769.0000,3769.2000,3770.0000,4,6,2,5,5,2,1,1,1,1
SF,IF2007,2020-05-27 13:33:33.200,3766.6000,8290,0,2473454040.000,0,-,-,-,-,3766.6000,3766.2000,3766.0000,3765.8000,3765.4000,3767.4000,3767.6000,3768.8000,3769.0000,3769.2000,4,6,2,5,5,1,2,1,1,1
SF,IF2007,2020-05-27 13:33:34.700,3766.6000,8290,0,2473454040.000,0,-,-,-,-,3766.6000,3766.2000,3766.0000,3765.8000,3765.4000,3767.4000,3767.6000,3768.8000,3769.0000,3769.2000,4,6,2,5,5,2,2,1,1,1
SF,IF2007,2020-05-27 13:33:36.200,3766.6000,8291,1,2474584020.000,1,1,0,双开,S,3766.6000,3766.2000,3766.0000,3765.8000,3765.4000,3767.2000,3767.4000,3767.6000,3768.8000,3769.0000,3,6,2,5,5,1,3,1,1,1
SF,IF2007,2020-05-27 13:33:36.700,3766.6000,8291,0,2474584020.000,0,-,-,-,-,3766.6000,3766.2000,3766.0000,3765.8000,3765.4000,3767.0000,3767.2000,3767.4000,3767.6000,3768.8000,3,6,2,5,5,1,1,3,1,1
SF,IF2007,2020-05-27 13:33:37.200,3766.6000,8291,0,2474584020.000,0,-,-,-,-,3766.6000,3766.2000,3766.0000,3765.8000,3765.4000,3767.2000,3767.4000,3767.6000,3768.8000,3769.0000,3,6,2,5,5,1,3,1,1,1
SF,IF2007,2020-05-27 13:33:37.700,3766.6000,8291,0,2474584020.000,0,-,-,-,-,3766.6000,3766.2000,3766.0000,3765.8000,3765.4000,3767.0000,3767.2000,3767.4000,3767.6000,3768.8000,3,6,2,5,5,2,1,3,1,1
SF,IF2007,2020-05-27 13:33:38.200,3766.6000,8292,1,2475714000.000,1,1,0,双开,S,3766.6000,3766.2000,3766.0000,3765.8000,3765.4000,3767.0000,3767.2000,3767.4000,3767.6000,3768.8000,2,6,2,5,5,2,1,3,1,1
SF,IF2007,2020-05-27 13:33:38.700,3766.6000,8292,0,2475714000.000,0,-,-,-,-,3766.6000,3766.2000,3766.0000,3765.8000,3765.4000,3767.0000,3767.4000,3767.6000,3768.8000,3769.0000,2,6,2,5,5,1,3,1,1,1
SF,IF2007,2020-05-27 13:33:39.700,3766.6000,8293,1,2476843980.000,1,1,0,双开,S,3766.6000,3766.2000,3766.0000,3765.8000,3765.4000,3767.0000,3767.4000,3767.6000,3768.8000,3769.0000,1,6,2,5,5,1,3,1,1,1
SF,IF2007,2020-05-27 13:33:40.200,3766.6000,8294,1,2477973960.000,1,1,0,双开,S,3766.2000,3766.0000,3765.8000,3765.4000,3765.0000,3766.6000,3766.8000,3767.0000,3767.4000,3767.6000,5,2,5,5,5,1,1,1,3,1
SF,IF2007,2020-05-27 13:33:40.700,3766.6000,8294,0,2477973960.000,0,-,-,-,-,3766.2000,3766.0000,3765.8000,3765.4000,3765.0000,3766.6000,3767.4000,3767.6000,3768.8000,3769.0000,5,2,5,5,5,1,3,1,1,1
SF,IF2007,2020-05-27 13:33:41.200,3766.2000,8295,1,2479103820.000,1,1,0,双开,S,3766.2000,3766.0000,3765.8000,3765.4000,3765.0000,3767.4000,3767.6000,3768.8000,3769.0000,3769.2000,4,2,5,5,5,3,1,1,1,1
SF,IF2007,2020-05-27 13:33:41.700,3766.2000,8295,0,2479103820.000,0,-,-,-,-,3766.2000,3766.0000,3765.8000,3765.4000,3765.0000,3766.8000,3767.0000,3767.2000,3767.4000,3767.6000,4,2,5,5,5,1,2,4,3,1
SF,IF2007,2020-05-27 13:33:42.200,3766.2000,8295,0,2479103820.000,0,-,-,-,-,3766.2000,3766.0000,3765.8000,3765.4000,3765.0000,3766.8000,3767.0000,3767.2000,3767.4000,3767.6000,4,2,5,5,5,1,2,3,2,1
SF,IF2007,2020-05-27 13:33:42.700,3766.2000,8295,0,2479103820.000,0,-,-,-,-,3766.2000,3766.0000,3765.8000,3765.4000,3765.0000,3766.8000,3767.0000,3767.2000,3767.4000,3767.6000,4,2,5,5,5,1,1,2,2,1
SF,IF2007,2020-05-27 13:33:43.200,3766.2000,8295,0,2479103820.000,0,-,-,-,-,3766.2000,3766.0000,3765.8000,3765.4000,3765.0000,3767.0000,3767.2000,3767.4000,3767.6000,3768.8000,4,2,5,5,5,1,2,2,1,1
SF,IF2007,2020-05-27 13:33:43.700,3766.2000,8295,0,2479103820.000,0,-,-,-,-,3766.2000,3766.0000,3765.8000,3765.4000,3765.0000,3767.0000,3767.2000,3767.4000,3767.6000,3768.8000,4,2,5,5,5,1,2,1,1,1
SF,IF2007,2020-05-27 13:33:44.200,3766.2000,8295,0,2479103820.000,0,-,-,-,-,3766.2000,3766.0000,3765.8000,3765.4000,3765.0000,3767.0000,3767.2000,3767.4000,3767.6000,3768.8000,4,2,5,5,5,1,2,1,1,1
SF,IF2007,2020-05-27 13:33:55.200,3766.2000,8296,1,2480233680.000,1,1,0,双开,S,3766.2000,3766.0000,3765.8000,3765.4000,3765.0000,3767.0000,3767.2000,3767.4000,3767.6000,3768.8000,3,2,5,5,5,1,2,1,1,1
SF,IF2007,2020-05-27 13:33:58.200,3766.2000,8298,2,2482493400.000,2,2,0,双开,S,3766.2000,3766.0000,3765.8000,3765.4000,3765.0000,3767.0000,3767.2000,3767.4000,3767.6000,3768.8000,1,2,5,5,5,1,2,1,1,1
SF,IF2007,2020-05-27 13:33:59.700,3766.2000,8298,0,2482493400.000,0,-,-,-,-,3766.2000,3766.0000,3765.8000,3765.4000,3765.0000,3766.8000,3767.0000,3767.2000,3767.4000,3767.6000,1,2,5,5,5,1,1,2,1,1
SF,IF2007,2020-05-27 13:34:00.200,3766.8000,8299,1,2483623440.000,1,1,0,双开,S,3766.2000,3766.0000,3765.8000,3765.4000,3765.0000,3767.0000,3767.2000,3767.4000,3767.6000,3768.8000,1,2,5,5,5,1,2,1,1,1
SF,IF2007,2020-05-27 13:34:00.700,3766.8000,8299,0,2483623440.000,0,-,-,-,-,3766.4000,3766.2000,3766.0000,3765.8000,3765.4000,3767.2000,3767.4000,3767.6000,3768.8000,3769.0000,1,1,2,5,5,1,1,1,1,1
SF,IF2007,2020-05-27 13:34:02.700,3766.8000,8299,0,2483623440.000,0,-,-,-,-,3766.2000,3766.0000,3765.8000,3765.4000,3765.0000,3767.2000,3767.4000,3767.6000,3768.8000,3769.0000,1,2,5,5,5,1,1,1,1,1
SF,IF2007,2020-05-27 13:34:05.200,3766.8000,8299,0,2483623440.000,0,-,-,-,-,3766.2000,3766.0000,3765.8000,3765.4000,3765.0000,3767.0000,3767.2000,3767.6000,3768.8000,3769.0000,1,2,5,5,5,1,2,1,1,1
SF,IF2007,2020-05-27 13:34:07.200,3766.8000,8299,0,2483623440.000,0,-,-,-,-,3766.2000,3766.0000,3765.8000,3765.4000,3765.0000,3767.0000,3767.2000,3767.6000,3768.8000,3769.0000,1,2,5,5,5,3,2,1,1,1
SF,IF2007,2020-05-27 13:34:11.200,3766.2000,8300,1,2484753300.000,1,1,0,双开,S,3766.0000,3765.8000,3765.4000,3765.0000,3763.8000,3766.8000,3767.0000,3767.2000,3767.6000,3768.8000,2,5,5,5,1,1,4,1,1,1
SF,IF2007,2020-05-27 13:34:11.700,3766.2000,8300,0,2484753300.000,0,-,-,-,-,3766.0000,3765.8000,3765.4000,3765.0000,3763.8000,3767.0000,3767.2000,3767.6000,3768.8000,3769.0000,2,5,5,5,1,4,1,1,1,1
SF,IF2007,2020-05-27 13:34:12.700,3766.2000,8300,0,2484753300.000,0,-,-,-,-,3766.0000,3765.8000,3765.4000,3765.0000,3763.8000,3766.8000,3767.0000,3767.2000,3767.6000,3768.8000,2,5,5,5,1,1,4,1,1,1
SF,IF2007,2020-05-27 13:34:15.200,3766.2000,8300,0,2484753300.000,0,-,-,-,-,3766.0000,3765.8000,3765.4000,3765.0000,3763.8000,3766.8000,3767.0000,3767.2000,3767.6000,3768.8000,2,5,5,5,1,2,4,1,1,1
SF,IF2007,2020-05-27 13:34:17.700,3766.0000,8301,1,2485883100.000,1,1,0,双开,S,3766.0000,3765.8000,3765.4000,3765.0000,3763.8000,3766.6000,3766.8000,3767.0000,3767.2000,3767.6000,1,5,5,5,1,1,3,2,1,1
SF,IF2007,2020-05-27 13:34:18.200,3766.0000,8302,1,2487012900.000,1,1,0,双开,S,3765.8000,3765.4000,3765.0000,3763.8000,3762.2000,3766.8000,3767.0000,3767.2000,3767.6000,3768.8000,5,5,5,1,1,3,2,1,1,1
SF,IF2007,2020-05-27 13:34:21.200,3766.0000,8302,0,2487012900.000,0,-,-,-,-,3765.8000,3765.4000,3765.0000,3763.8000,3762.2000,3766.8000,3767.0000,3767.2000,3767.6000,3768.8000,5,5,5,1,1,2,2,1,1,1
SF,IF2007,2020-05-27 13:34:21.700,3766.0000,8302,0,2487012900.000,0,-,-,-,-,3765.8000,3765.4000,3765.0000,3763.8000,3762.2000,3766.6000,3766.8000,3767.0000,3767.2000,3767.6000,5,5,5,1,1,1,2,2,1,1
SF,IF2007,2020-05-27 13:34:26.200,3766.0000,8302,0,2487012900.000,0,-,-,-,-,3765.8000,3765.4000,3765.0000,3763.8000,3762.2000,3766.6000,3766.8000,3767.0000,3767.6000,3768.8000,5,5,5,1,1,1,2,2,1,1
SF,IF2007,2020-05-27 13:34:27.700,3766.0000,8302,0,2487012900.000,0,-,-,-,-,3765.8000,3765.4000,3765.0000,3763.8000,3762.2000,3766.8000,3767.0000,3767.6000,3768.8000,3769.0000,5,5,5,1,1,2,2,1,1,1
SF,IF2007,2020-05-27 13:34:29.200,3766.0000,8302,0,2487012900.000,0,-,-,-,-,3765.8000,3765.4000,3765.0000,3763.8000,3762.2000,3766.6000,3766.8000,3767.0000,3767.6000,3768.8000,5,5,5,1,1,1,2,2,1,1
SF,IF2007,2020-05-27 13:34:30.200,3765.8000,8303,1,2488142640.000,1,1,0,双开,S,3765.8000,3765.4000,3765.0000,3763.8000,3762.2000,3766.6000,3766.8000,3767.0000,3767.6000,3768.8000,4,5,5,1,1,1,2,2,1,1
SF,IF2007,2020-05-27 13:34:34.200,3765.8000,8304,1,2489272380.000,1,1,0,双开,S,3765.8000,3765.4000,3765.0000,3763.8000,3762.2000,3766.6000,3766.8000,3767.0000,3767.6000,3768.8000,3,5,5,1,1,1,2,2,1,1
SF,IF2007,2020-05-27 13:34:35.200,3765.8000,8307,3,2492661600.000,3,3,0,双开,S,3765.4000,3765.0000,3763.8000,3762.2000,3761.0000,3765.8000,3766.6000,3766.8000,3767.0000,3767.6000,5,5,1,1,7,1,1,2,2,1
SF,IF2007,2020-05-27 13:34:35.700,3765.8000,8308,1,2493791340.000,1,1,0,双开,S,3765.4000,3765.0000,3763.8000,3762.2000,3761.0000,3766.6000,3766.8000,3767.0000,3767.6000,3768.8000,5,5,1,1,7,1,2,2,1,1
SF,IF2007,2020-05-27 13:34:38.700,3765.8000,8308,0,2493791340.000,0,-,-,-,-,3765.6000,3765.4000,3765.0000,3763.8000,3762.2000,3766.8000,3767.0000,3767.6000,3768.8000,3769.0000,1,5,5,1,1,2,2,1,1,1
SF,IF2007,2020-05-27 13:34:39.200,3765.8000,8308,0,2493791340.000,0,-,-,-,-,3765.4000,3765.0000,3763.8000,3762.2000,3761.0000,3766.8000,3767.0000,3767.6000,3768.8000,3769.0000,5,5,1,1,7,2,2,1,1,1
SF,IF2007,2020-05-27 13:34:39.700,3765.8000,8308,0,2493791340.000,0,-,-,-,-,3765.6000,3765.4000,3765.0000,3763.8000,3762.2000,3766.8000,3767.0000,3767.6000,3768.8000,3769.0000,2,5,5,1,1,2,2,1,1,1
SF,IF2007,2020-05-27 13:34:40.200,3765.8000,8308,0,2493791340.000,0,-,-,-,-,3765.6000,3765.4000,3765.0000,3763.8000,3762.2000,3766.6000,3766.8000,3767.0000,3767.6000,3768.8000,2,5,5,1,1,2,2,2,1,1
SF,IF2007,2020-05-27 13:34:41.700,3765.8000,8308,0,2493791340.000,0,-,-,-,-,3765.6000,3765.4000,3765.0000,3763.8000,3762.2000,3766.4000,3766.6000,3766.8000,3767.0000,3767.6000,2,5,5,1,1,1,2,2,2,1
SF,IF2007,2020-05-27 13:34:43.200,3765.8000,8308,0,2493791340.000,0,-,-,-,-,3765.6000,3765.4000,3765.0000,3763.8000,3762.2000,3766.6000,3766.8000,3767.0000,3767.6000,3768.8000,2,5,5,1,1,2,2,2,1,1
SF,IF2007,2020-05-27 13:34:43.700,3765.8000,8308,0,2493791340.000,0,-,-,-,-,3765.6000,3765.4000,3765.0000,3763.8000,3762.2000,3766.6000,3766.8000,3767.0000,3767.6000,3768.8000,2,5,5,1,1,1,2,2,1,1
SF,IF2007,2020-05-27 13:34:45.700,3765.8000,8308,0,2493791340.000,0,-,-,-,-,3765.6000,3765.4000,3765.0000,3763.8000,3762.2000,3766.6000,3766.8000,3767.6000,3768.8000,3769.0000,2,5,5,1,1,1,2,1,1,1
SF,IF2007,2020-05-27 13:34:46.200,3765.8000,8308,0,2493791340.000,0,-,-,-,-,3765.6000,3765.4000,3765.0000,3763.8000,3762.2000,3766.0000,3766.6000,3766.8000,3767.6000,3768.8000,2,5,5,1,1,2,1,2,1,1
SF,IF2007,2020-05-27 13:34:46.700,3765.8000,8308,0,2493791340.000,0,-,-,-,-,3765.6000,3765.4000,3765.0000,3763.8000,3762.2000,3766.0000,3766.6000,3766.8000,3767.6000,3768.8000,1,5,5,1,1,2,1,2,1,1
SF,IF2007,2020-05-27 13:34:47.700,3765.8000,8308,0,2493791340.000,0,-,-,-,-,3765.4000,3765.0000,3763.8000,3762.2000,3761.0000,3766.0000,3766.6000,3766.8000,3767.6000,3768.8000,5,5,1,1,7,2,1,2,1,1
SF,IF2007,2020-05-27 13:34:49.200,3765.8000,8308,0,2493791340.000,0,-,-,-,-,3765.4000,3765.0000,3763.8000,3762.2000,3761.0000,3766.0000,3766.6000,3766.8000,3767.6000,3768.8000,5,5,1,1,7,2,1,1,1,1
SF,IF2007,2020-05-27 13:34:49.700,3765.4000,8309,1,2494920960.000,1,1,0,双开,S,3765.4000,3765.0000,3763.8000,3762.2000,3761.0000,3766.0000,3766.6000,3766.8000,3767.6000,3768.8000,4,5,1,1,7,2,1,1,1,1
SF,IF2007,2020-05-27 13:34:50.700,3765.4000,8310,1,2496050580.000,1,1,0,双开,S,3765.4000,3765.0000,3763.8000,3762.2000,3761.0000,3766.0000,3766.6000,3766.8000,3767.6000,3768.8000,3,5,1,1,7,2,1,1,1,1
SF,IF2007,2020-05-27 13:35:07.700,3765.4000,8310,0,2496050580.000,0,-,-,-,-,3765.4000,3765.0000,3763.8000,3762.2000,3761.0000,3766.0000,3766.6000,3766.8000,3767.6000,3768.8000,4,5,1,1,7,2,1,1,1,1
SF,IF2007,2020-05-27 13:35:08.700,3765.4000,8311,1,2497180200.000,1,1,0,双开,S,3765.4000,3765.0000,3763.8000,3762.2000,3761.0000,3766.0000,3766.6000,3766.8000,3767.6000,3768.8000,3,5,1,1,7,2,1,1,1,1
SF,IF2007,2020-05-27 13:35:15.700,3765.4000,8312,1,2498309820.000,1,1,0,双开,S,3765.4000,3765.0000,3763.8000,3762.2000,3761.0000,3766.0000,3766.6000,3766.8000,3767.6000,3768.8000,2,5,1,1,7,2,1,1,1,1
SF,IF2007,2020-05-27 13:35:18.700,3765.4000,8313,1,2499439440.000,1,1,0,双开,S,3765.4000,3765.0000,3763.8000,3762.2000,3761.0000,3766.0000,3766.6000,3766.8000,3767.6000,3768.8000,1,5,1,1,7,2,1,1,1,1
SF,IF2007,2020-05-27 13:35:19.200,3765.4000,8314,1,2500569060.000,1,1,0,双开,S,3765.0000,3763.8000,3762.2000,3761.0000,3760.2000,3766.0000,3766.6000,3766.8000,3767.6000,3768.8000,5,1,1,7,1,2,1,1,1,1
SF,IF2007,2020-05-27 13:35:23.700,3765.4000,8314,0,2500569060.000,0,-,-,-,-,3765.2000,3765.0000,3763.8000,3762.2000,3761.0000,3766.0000,3766.6000,3766.8000,3767.6000,3768.8000,1,5,1,1,7,2,1,1,1,1
SF,IF2007,2020-05-27 13:35:24.200,3765.4000,8314,0,2500569060.000,0,-,-,-,-,3765.2000,3765.0000,3763.8000,3762.2000,3761.0000,3766.0000,3766.8000,3767.6000,3768.8000,3769.0000,1,5,1,1,7,2,1,1,1,1
SF,IF2007,2020-05-27 13:35:35.700,3765.2000,8315,1,2501698620.000,1,1,0,双开,S,3765.0000,3763.8000,3762.2000,3761.0000,3760.2000,3765.8000,3766.0000,3766.8000,3767.6000,3768.8000,5,1,1,7,1,1,2,1,1,1
SF,IF2007,2020-05-27 13:35:39.700,3765.2000,8315,0,2501698620.000,0,-,-,-,-,3765.0000,3763.8000,3762.2000,3761.0000,3760.2000,3765.4000,3766.0000,3766.8000,3767.6000,3768.8000,5,1,1,7,1,1,2,1,1,1
SF,IF2007,2020-05-27 13:35:40.700,3765.0000,8316,1,2502828120.000,1,1,0,双开,S,3765.0000,3763.8000,3762.2000,3761.0000,3760.2000,3765.4000,3766.0000,3766.8000,3767.6000,3768.8000,4,1,1,7,1,1,2,1,1,1
SF,IF2007,2020-05-27 13:35:46.200,3765.0000,8317,1,2503957620.000,1,1,0,双开,S,3765.0000,3763.8000,3762.2000,3761.0000,3760.2000,3765.4000,3766.0000,3766.8000,3767.6000,3768.8000,3,1,1,7,1,1,2,1,1,1
SF,IF2007,2020-05-27 13:35:46.700,3765.0000,8318,1,2505087120.000,1,1,0,双开,S,3765.0000,3763.8000,3762.2000,3761.0000,3760.2000,3765.4000,3766.0000,3766.8000,3767.6000,3768.8000,2,1,1,7,1,1,2,1,1,1
SF,IF2007,2020-05-27 13:35:47.200,3765.0000,8320,2,2507346120.000,2,2,0,双开,S,3763.8000,3762.2000,3761.0000,3760.2000,3760.0000,3765.4000,3766.0000,3766.8000,3767.6000,3768.8000,1,1,7,1,6,1,2,1,1,1
SF,IF2007,2020-05-27 13:35:47.700,3765.0000,8320,0,2507346120.000,0,-,-,-,-,3764.4000,3764.2000,3763.8000,3762.2000,3761.0000,3765.0000,3766.0000,3766.8000,3767.6000,3768.8000,1,2,1,1,7,1,2,1,1,1
SF,IF2007,2020-05-27 13:35:49.200,3765.0000,8320,0,2507346120.000,0,-,-,-,-,3764.4000,3764.2000,3763.8000,3762.2000,3761.0000,3765.0000,3766.0000,3766.8000,3767.6000,3768.8000,1,2,1,1,7,2,2,1,1,1
SF,IF2007,2020-05-27 13:35:51.700,3765.0000,8320,0,2507346120.000,0,-,-,-,-,3764.2000,3763.8000,3762.2000,3761.0000,3760.2000,3764.6000,3765.0000,3766.0000,3766.8000,3767.6000,2,1,1,7,1,1,1,2,1,1
SF,IF2007,2020-05-27 13:35:52.700,3765.0000,8320,0,2507346120.000,0,-,-,-,-,3764.2000,3763.8000,3762.2000,3761.0000,3760.2000,3764.6000,3765.0000,3766.0000,3766.8000,3767.6000,1,1,1,7,1,1,1,2,1,1
SF,IF2007,2020-05-27 13:35:53.700,3764.6000,8321,1,2508475500.000,1,1,0,双开,S,3763.8000,3762.2000,3761.0000,3760.2000,3760.0000,3765.0000,3766.0000,3766.8000,3767.6000,3768.8000,1,1,7,1,6,1,2,1,1,1
SF,IF2007,2020-05-27 13:35:54.200,3764.6000,8321,0,2508475500.000,0,-,-,-,-,3764.0000,3763.8000,3762.2000,3761.0000,3760.2000,3765.0000,3766.0000,3766.8000,3767.6000,3768.8000,3,1,1,7,1,1,2,1,1,1
SF,IF2007,2020-05-27 13:35:56.200,3764.6000,8321,0,2508475500.000,0,-,-,-,-,3764.0000,3763.8000,3761.0000,3760.2000,3760.0000,3765.0000,3766.0000,3766.8000,3767.6000,3768.8000,3,1,7,1,6,1,2,1,1,1
SF,IF2007,2020-05-27 13:35:57.700,3764.6000,8321,0,2508475500.000,0,-,-,-,-,3764.0000,3763.8000,3761.0000,3760.2000,3760.0000,3765.0000,3766.0000,3766.8000,3767.6000,3768.8000,3,2,7,1,6,1,2,1,1,1
SF,IF2007,2020-05-27 13:36:00.700,3764.6000,8321,0,2508475500.000,0,-,-,-,-,3764.0000,3763.8000,3761.0000,3760.2000,3760.0000,3764.6000,3765.0000,3766.0000,3766.8000,3767.6000,1,2,7,1,6,1,1,2,1,1
SF,IF2007,2020-05-27 13:36:01.200,3764.6000,8321,0,2508475500.000,0,-,-,-,-,3763.8000,3761.0000,3760.2000,3760.0000,3759.8000,3764.6000,3765.0000,3766.0000,3766.8000,3767.6000,2,7,1,6,2,1,1,2,1,1
SF,IF2007,2020-05-27 13:36:02.700,3764.6000,8321,0,2508475500.000,0,-,-,-,-,3763.8000,3761.0000,3760.2000,3760.0000,3759.8000,3764.6000,3766.0000,3766.8000,3767.6000,3768.8000,2,7,1,1,2,1,2,1,1,1
SF,IF2007,2020-05-27 13:36:05.200,3764.6000,8321,0,2508475500.000,0,-,-,-,-,3763.8000,3761.0000,3760.2000,3760.0000,3759.8000,3764.6000,3765.0000,3766.8000,3767.6000,3768.8000,2,7,1,1,2,1,2,1,1,1
SF,IF2007,2020-05-27 13:36:15.700,3763.8000,8322,1,2509604640.000,1,1,0,双开,S,3763.8000,3761.0000,3760.2000,3760.0000,3759.8000,3764.6000,3765.0000,3766.8000,3767.6000,3768.8000,1,7,1,1,2,1,2,1,1,1
SF,IF2007,2020-05-27 13:36:20.200,3763.8000,8322,0,2510733780.000,1,0,1,多换,S,3761.0000,3760.2000,3760.0000,3759.8000,3758.0000,3763.8000,3764.2000,3764.4000,3764.6000,3765.0000,7,1,1,2,4,1,1,1,2,2
SF,IF2007,2020-05-27 13:36:20.700,3763.8000,8322,0,2510733780.000,0,-,-,-,-,3763.0000,3762.8000,3762.6000,3762.0000,3761.8000,3763.8000,3764.4000,3764.6000,3765.0000,3767.6000,1,3,1,1,4,1,1,2,2,1
SF,IF2007,2020-05-27 13:36:21.200,3763.8000,8322,0,2510733780.000,0,-,-,-,-,3763.2000,3762.8000,3761.8000,3761.4000,3761.2000,3764.4000,3764.6000,3765.0000,3767.6000,3768.8000,2,1,4,1,9,1,2,2,1,1
SF,IF2007,2020-05-27 13:36:21.700,3763.8000,8322,0,2510733780.000,0,-,-,-,-,3763.4000,3763.2000,3762.8000,3761.8000,3761.4000,3764.4000,3764.6000,3765.0000,3767.6000,3768.8000,1,2,1,4,1,1,2,2,1,1
SF,IF2007,2020-05-27 13:36:22.200,3764.6000,8323,1,2512992480.000,2,1,1,空开,S,3764.2000,3763.6000,3763.4000,3762.8000,3761.8000,3765.0000,3767.6000,3768.8000,3769.0000,3769.2000,1,1,1,1,4,2,1,1,1,1
SF,IF2007,2020-05-27 13:36:22.700,3764.6000,8323,0,2512992480.000,0,-,-,-,-,3764.6000,3762.8000,3761.8000,3761.4000,3761.2000,3765.0000,3767.6000,3768.8000,3769.0000,3769.2000,1,1,4,1,9,2,1,1,1,1
SF,IF2007,2020-05-27 13:36:23.200,3764.6000,8324,1,2514121860.000,1,1,0,双开,S,3762.8000,3761.8000,3761.4000,3761.2000,3761.0000,3765.0000,3767.6000,3768.8000,3769.0000,3769.2000,1,4,1,9,8,2,1,1,1,1
SF,IF2007,2020-05-27 13:36:23.700,3764.6000,8324,0,2514121860.000,0,-,-,-,-,3764.0000,3763.6000,3763.4000,3763.2000,3763.0000,3765.0000,3767.6000,3768.8000,3769.0000,3769.2000,2,1,1,2,2,2,1,1,1,1
SF,IF2007,2020-05-27 13:36:24.200,3764.6000,8324,0,2514121860.000,0,-,-,-,-,3764.0000,3763.6000,3763.2000,3763.0000,3762.8000,3765.0000,3767.6000,3768.8000,3769.0000,3769.2000,2,1,2,2,1,2,1,1,1,1
SF,IF2007,2020-05-27 13:36:26.700,3764.6000,8324,0,2514121860.000,0,-,-,-,-,3764.0000,3763.6000,3763.2000,3763.0000,3762.8000,3765.0000,3767.6000,3768.8000,3769.0000,3769.2000,3,1,2,2,1,2,1,1,1,1
SF,IF2007,2020-05-27 13:36:27.700,3764.6000,8324,0,2514121860.000,0,-,-,-,-,3764.4000,3764.0000,3763.6000,3763.2000,3763.0000,3765.0000,3767.6000,3768.8000,3769.0000,3769.2000,1,2,1,2,2,2,1,1,1,1
SF,IF2007,2020-05-27 13:36:28.200,3764.6000,8324,0,2514121860.000,0,-,-,-,-,3764.0000,3763.6000,3763.2000,3763.0000,3762.8000,3765.0000,3767.6000,3768.8000,3769.0000,3769.2000,1,1,2,1,1,2,1,1,1,1
SF,IF2007,2020-05-27 13:36:29.700,3764.6000,8324,0,2514121860.000,0,-,-,-,-,3763.0000,3762.8000,3761.8000,3761.4000,3761.2000,3765.0000,3767.6000,3768.8000,3769.0000,3769.2000,1,1,3,1,5,2,1,1,1,1
SF,IF2007,2020-05-27 13:36:30.200,3764.6000,8324,0,2514121860.000,0,-,-,-,-,3763.4000,3763.0000,3762.8000,3761.8000,3761.4000,3764.8000,3765.0000,3767.6000,3768.8000,3769.0000,3,1,1,3,1,1,2,1,1,1
SF,IF2007,2020-05-27 13:36:30.700,3764.6000,8324,0,2514121860.000,0,-,-,-,-,3763.8000,3763.4000,3763.0000,3762.8000,3761.8000,3764.8000,3765.0000,3767.6000,3768.8000,3769.0000,1,2,1,1,3,1,2,1,1,1
SF,IF2007,2020-05-27 13:36:32.700,3764.6000,8324,0,2514121860.000,0,-,-,-,-,3763.8000,3763.4000,3763.0000,3762.8000,3761.8000,3764.8000,3765.0000,3767.6000,3768.8000,3769.0000,1,1,1,1,3,1,2,1,1,1
SF,IF2007,2020-05-27 13:36:36.700,3764.6000,8324,0,2514121860.000,0,-,-,-,-,3763.8000,3763.4000,3763.0000,3762.8000,3761.8000,3765.0000,3767.6000,3768.8000,3769.0000,3769.2000,1,1,1,1,3,2,1,1,1,1
SF,IF2007,2020-05-27 13:36:37.200,3764.6000,8324,0,2514121860.000,0,-,-,-,-,3763.8000,3763.0000,3762.8000,3761.8000,3761.4000,3764.8000,3765.0000,3767.6000,3768.8000,3769.0000,1,1,1,3,1,1,2,1,1,1
SF,IF2007,2020-05-27 13:36:47.200,3764.6000,8324,0,2514121860.000,0,-,-,-,-,3763.8000,3763.0000,3762.8000,3761.8000,3761.4000,3764.6000,3764.8000,3765.0000,3767.6000,3768.8000,1,1,1,3,1,1,1,2,1,1
SF,IF2007,2020-05-27 13:36:47.700,3764.6000,8324,0,2514121860.000,0,-,-,-,-,3763.8000,3763.0000,3762.8000,3761.8000,3761.4000,3765.0000,3767.6000,3768.8000,3769.0000,3769.2000,1,1,1,3,1,2,1,1,1,1
SF,IF2007,2020-05-27 13:36:48.200,3764.6000,8324,0,2514121860.000,0,-,-,-,-,3763.8000,3763.0000,3762.8000,3761.8000,3761.4000,3764.2000,3765.0000,3767.6000,3768.8000,3769.0000,1,1,1,3,1,1,2,1,1,1
SF,IF2007,2020-05-27 13:36:48.700,3764.6000,8324,0,2514121860.000,0,-,-,-,-,3763.8000,3762.8000,3761.8000,3761.4000,3761.2000,3764.2000,3765.0000,3767.6000,3768.8000,3769.0000,1,1,3,1,5,1,2,1,1,1
SF,IF2007,2020-05-27 13:36:49.200,3764.6000,8324,0,2514121860.000,0,-,-,-,-,3763.8000,3762.8000,3761.8000,3761.4000,3761.2000,3765.0000,3767.6000,3768.8000,3769.0000,3769.2000,1,1,3,1,5,2,1,1,1,1
SF,IF2007,2020-05-27 13:36:49.700,3764.6000,8324,0,2514121860.000,0,-,-,-,-,3762.8000,3761.8000,3761.4000,3761.2000,3761.0000,3764.8000,3765.0000,3767.6000,3768.8000,3769.0000,1,3,1,5,8,2,2,1,1,1
SF,IF2007,2020-05-27 13:36:50.200,3764.6000,8324,0,2514121860.000,0,-,-,-,-,3763.2000,3763.0000,3762.8000,3761.8000,3761.4000,3764.8000,3765.0000,3767.6000,3768.8000,3769.0000,4,1,1,3,1,2,2,1,1,1
SF,IF2007,2020-05-27 13:36:50.700,3764.6000,8324,0,2514121860.000,0,-,-,-,-,3763.6000,3763.2000,3763.0000,3762.8000,3761.8000,3764.6000,3764.8000,3765.0000,3767.6000,3768.8000,1,3,1,1,3,1,2,2,1,1
SF,IF2007,2020-05-27 13:36:51.200,3764.6000,8324,0,2514121860.000,0,-,-,-,-,3763.6000,3763.2000,3763.0000,3762.8000,3761.8000,3764.6000,3764.8000,3765.0000,3767.6000,3768.8000,1,3,1,1,3,1,2,2,1,1
SF,IF2007,2020-05-27 13:36:56.700,3764.6000,8324,0,2514121860.000,0,-,-,-,-,3763.6000,3763.2000,3763.0000,3762.8000,3761.8000,3764.8000,3765.0000,3767.6000,3768.8000,3769.0000,1,3,1,1,3,2,2,1,1,1
SF,IF2007,2020-05-27 13:36:58.200,3764.6000,8324,0,2514121860.000,0,-,-,-,-,3763.6000,3763.2000,3763.0000,3762.8000,3761.8000,3764.8000,3765.0000,3767.6000,3768.8000,3769.0000,1,3,1,1,3,1,2,1,1,1
SF,IF2007,2020-05-27 13:36:58.700,3764.6000,8324,0,2514121860.000,0,-,-,-,-,3763.8000,3763.6000,3763.2000,3763.0000,3762.8000,3764.8000,3765.0000,3767.6000,3768.8000,3769.0000,2,1,1,1,1,1,2,1,1,1
SF,IF2007,2020-05-27 13:36:59.200,3764.6000,8324,0,2514121860.000,0,-,-,-,-,3764.0000,3763.8000,3763.2000,3763.0000,3762.8000,3765.0000,3767.6000,3768.8000,3769.0000,3769.2000,1,2,1,1,1,2,1,1,1,1
SF,IF2007,2020-05-27 13:37:01.200,3764.6000,8324,0,2514121860.000,0,-,-,-,-,3764.0000,3763.8000,3763.2000,3763.0000,3762.8000,3764.8000,3765.0000,3767.6000,3768.8000,3769.0000,1,2,1,1,1,1,2,1,1,1
SF,IF2007,2020-05-27 13:37:01.700,3764.6000,8324,0,2514121860.000,0,-,-,-,-,3763.2000,3763.0000,3762.8000,3761.8000,3761.4000,3764.8000,3765.0000,3767.6000,3768.8000,3769.0000,1,1,1,3,1,1,2,1,1,1
SF,IF2007,2020-05-27 13:37:02.200,3764.6000,8324,0,2514121860.000,0,-,-,-,-,3763.4000,3763.2000,3763.0000,3762.8000,3761.8000,3764.8000,3765.0000,3767.6000,3768.8000,3769.0000,2,1,1,1,3,1,2,1,1,1
SF,IF2007,2020-05-27 13:37:03.700,3764.6000,8324,0,2514121860.000,0,-,-,-,-,3763.4000,3763.2000,3763.0000,3762.8000,3761.8000,3764.6000,3764.8000,3765.0000,3767.6000,3768.8000,2,1,1,1,3,1,1,2,1,1
SF,IF2007,2020-05-27 13:37:04.200,3764.6000,8324,0,2514121860.000,0,-,-,-,-,3763.6000,3763.4000,3763.2000,3763.0000,3762.8000,3764.6000,3764.8000,3765.0000,3767.6000,3768.8000,1,2,1,1,1,1,1,2,1,1
SF,IF2007,2020-05-27 13:37:04.700,3764.6000,8324,0,2514121860.000,0,-,-,-,-,3763.6000,3763.4000,3763.2000,3763.0000,3762.8000,3764.8000,3765.0000,3767.6000,3768.8000,3769.0000,1,2,1,1,1,1,2,1,1,1
SF,IF2007,2020-05-27 13:37:08.700,3764.6000,8324,0,2514121860.000,0,-,-,-,-,3763.8000,3763.2000,3763.0000,3762.8000,3761.8000,3765.0000,3767.6000,3768.8000,3769.0000,3769.2000,4,1,1,1,3,2,1,1,1,1
SF,IF2007,2020-05-27 13:37:09.200,3764.6000,8324,0,2514121860.000,0,-,-,-,-,3764.2000,3764.0000,3763.2000,3763.0000,3762.8000,3765.0000,3767.6000,3768.8000,3769.0000,3769.2000,2,2,1,1,1,2,1,1,1,1
SF,IF2007,2020-05-27 13:37:09.700,3765.0000,8326,2,2516380860.000,2,2,0,双开,S,3764.2000,3763.2000,3763.0000,3762.8000,3761.8000,3767.6000,3768.8000,3769.0000,3769.2000,3770.0000,2,1,1,1,3,1,1,1,1,6
SF,IF2007,2020-05-27 13:37:10.200,3765.0000,8326,0,2516380860.000,0,-,-,-,-,3764.6000,3764.4000,3763.2000,3762.8000,3761.8000,3766.0000,3766.2000,3766.4000,3766.6000,3767.0000,2,3,1,1,3,2,2,1,2,2
SF,IF2007,2020-05-27 13:37:10.700,3765.0000,8326,0,2516380860.000,0,-,-,-,-,3764.6000,3764.4000,3763.2000,3762.8000,3761.8000,3765.8000,3766.0000,3766.2000,3766.4000,3766.6000,2,3,1,1,3,1,1,2,1,1
SF,IF2007,2020-05-27 13:37:11.200,3765.0000,8326,0,2516380860.000,0,-,-,-,-,3764.8000,3764.6000,3764.4000,3763.2000,3762.8000,3765.8000,3766.0000,3766.2000,3766.4000,3766.6000,2,2,2,1,1,1,1,2,1,1
SF,IF2007,2020-05-27 13:37:11.700,3765.0000,8326,0,2516380860.000,0,-,-,-,-,3764.8000,3764.6000,3763.2000,3762.8000,3761.8000,3765.8000,3766.0000,3766.2000,3766.4000,3766.6000,2,2,1,1,3,1,1,2,1,1
SF,IF2007,2020-05-27 13:37:12.200,3765.0000,8326,0,2516380860.000,0,-,-,-,-,3764.6000,3763.2000,3762.8000,3761.8000,3761.4000,3765.6000,3765.8000,3766.2000,3766.4000,3766.6000,2,1,1,3,1,1,1,1,1,1
SF,IF2007,2020-05-27 13:37:14.700,3765.0000,8326,0,2516380860.000,0,-,-,-,-,3763.2000,3762.8000,3761.8000,3761.4000,3761.2000,3765.4000,3765.6000,3765.8000,3766.2000,3766.4000,1,1,3,1,5,1,1,1,1,1
SF,IF2007,2020-05-27 13:37:15.200,3765.0000,8326,0,2516380860.000,0,-,-,-,-,3764.0000,3763.8000,3763.4000,3763.2000,3762.8000,3765.4000,3765.6000,3765.8000,3766.2000,3766.4000,1,2,5,1,1,1,1,1,1,1
SF,IF2007,2020-05-27 13:37:15.700,3765.0000,8326,0,2516380860.000,0,-,-,-,-,3764.2000,3764.0000,3763.8000,3763.4000,3763.2000,3765.4000,3765.6000,3765.8000,3766.2000,3766.4000,1,1,1,5,1,1,1,1,1,1
SF,IF2007,2020-05-27 13:37:24.700,3765.0000,8326,0,2516380860.000,0,-,-,-,-,3764.2000,3764.0000,3763.4000,3763.2000,3762.8000,3765.2000,3765.4000,3765.8000,3766.2000,3766.4000,1,1,5,1,1,2,2,1,1,1
SF,IF2007,2020-05-27 13:37:25.200,3765.0000,8326,0,2516380860.000,0,-,-,-,-,3764.0000,3763.4000,3763.2000,3762.8000,3761.8000,3765.2000,3765.4000,3765.8000,3766.2000,3766.4000,1,4,1,1,3,2,2,1,1,1
SF,IF2007,2020-05-27 13:37:26.700,3765.0000,8326,0,2516380860.000,0,-,-,-,-,3764.2000,3764.0000,3763.4000,3763.2000,3762.8000,3765.2000,3765.4000,3765.8000,3766.2000,3766.4000,1,1,4,1,1,2,2,1,1,1
SF,IF2007,2020-05-27 13:37:31.700,3765.2000,8326,0,2517510420.000,1,0,1,多换,S,3764.4000,3764.2000,3763.4000,3763.2000,3762.8000,3765.4000,3765.8000,3766.2000,3766.4000,3766.6000,1,1,4,1,1,2,1,1,1,1
SF,IF2007,2020-05-27 13:37:32.200,3765.2000,8326,0,2517510420.000,0,-,-,-,-,3764.4000,3764.2000,3763.4000,3763.2000,3762.8000,3765.4000,3765.8000,3766.2000,3766.4000,3766.6000,1,1,4,1,1,1,1,1,1,1
SF,IF2007,2020-05-27 13:37:32.700,3765.2000,8326,0,2517510420.000,0,-,-,-,-,3764.8000,3764.6000,3764.2000,3763.4000,3763.2000,3765.4000,3765.8000,3766.2000,3766.4000,3766.6000,1,1,1,4,1,1,1,1,1,1
SF,IF2007,2020-05-27 13:37:33.200,3765.2000,8326,0,2517510420.000,0,-,-,-,-,3764.8000,3764.6000,3763.4000,3763.2000,3762.8000,3765.4000,3765.8000,3766.2000,3766.4000,3766.6000,1,1,4,1,1,1,1,1,1,1
SF,IF2007,2020-05-27 13:37:36.700,3765.4000,8327,1,2518640040.000,1,1,0,双开,S,3764.8000,3764.6000,3763.4000,3763.2000,3762.8000,3765.8000,3766.2000,3766.4000,3766.6000,3767.0000,1,1,4,1,1,1,1,1,1,1
SF,IF2007,2020-05-27 13:37:37.700,3765.4000,8327,0,2518640040.000,0,-,-,-,-,3764.8000,3764.6000,3763.4000,3763.2000,3762.8000,3766.2000,3766.4000,3766.6000,3767.0000,3767.4000,1,1,4,1,1,1,1,1,1,4
SF,IF2007,2020-05-27 13:37:38.700,3765.4000,8327,0,2518640040.000,0,-,-,-,-,3764.8000,3764.6000,3763.4000,3763.2000,3762.8000,3766.0000,3766.2000,3766.4000,3766.6000,3767.0000,1,1,4,1,1,3,1,1,1,1
SF,IF2007,2020-05-27 13:37:40.700,3765.4000,8327,0,2518640040.000,0,-,-,-,-,3764.8000,3764.6000,3763.4000,3763.2000,3762.8000,3765.8000,3766.0000,3766.2000,3766.4000,3766.6000,1,1,4,1,1,1,3,1,1,1
SF,IF2007,2020-05-27 13:37:41.200,3765.4000,8327,0,2518640040.000,0,-,-,-,-,3764.8000,3764.6000,3763.4000,3763.2000,3762.8000,3765.8000,3766.0000,3766.2000,3766.4000,3766.6000,1,1,4,1,1,2,3,1,1,1
SF,IF2007,2020-05-27 13:37:51.200,3765.4000,8327,0,2518640040.000,0,-,-,-,-,3764.8000,3764.6000,3763.4000,3763.2000,3762.8000,3765.8000,3766.0000,3766.2000,3766.4000,3766.6000,1,1,4,1,1,1,3,1,1,1
SF,IF2007,2020-05-27 13:38:04.200,3765.4000,8327,0,2518640040.000,0,-,-,-,-,3764.8000,3764.6000,3763.4000,3763.2000,3762.8000,3765.6000,3765.8000,3766.0000,3766.2000,3766.4000,1,1,4,1,1,1,1,3,1,1
SF,IF2007,2020-05-27 13:38:05.200,3765.4000,8327,0,2518640040.000,0,-,-,-,-,3764.8000,3764.6000,3763.4000,3763.2000,3762.8000,3765.6000,3765.8000,3766.0000,3766.2000,3766.4000,1,1,4,1,1,1,1,2,1,1
SF,IF2007,2020-05-27 13:38:08.700,3765.4000,8327,0,2518640040.000,0,-,-,-,-,3764.8000,3764.6000,3763.4000,3763.2000,3762.8000,3765.6000,3765.8000,3766.0000,3766.2000,3766.4000,1,1,4,1,1,1,1,1,1,1
SF,IF2007,2020-05-27 13:38:16.700,3765.4000,8327,0,2518640040.000,0,-,-,-,-,3764.8000,3764.6000,3763.4000,3763.2000,3762.8000,3765.8000,3766.0000,3766.2000,3766.4000,3766.6000,1,1,4,1,1,1,1,1,1,1
SF,IF2007,2020-05-27 13:38:22.200,3765.4000,8327,0,2518640040.000,0,-,-,-,-,3764.8000,3764.6000,3763.4000,3763.2000,3762.8000,3765.8000,3766.0000,3766.2000,3766.4000,3766.6000,1,1,4,1,1,2,1,1,1,1
SF,IF2007,2020-05-27 13:38:29.700,3765.4000,8327,0,2518640040.000,0,-,-,-,-,3764.8000,3764.6000,3763.4000,3763.2000,3762.8000,3765.8000,3766.0000,3766.2000,3766.4000,3766.6000,1,1,4,1,1,1,1,1,1,1
SF,IF2007,2020-05-27 13:38:34.700,3765.4000,8327,0,2518640040.000,0,-,-,-,-,3764.8000,3764.6000,3763.4000,3763.2000,3762.8000,3766.0000,3766.2000,3766.4000,3766.6000,3767.0000,1,1,4,1,1,1,1,1,1,1
SF,IF2007,2020-05-27 13:38:35.200,3765.4000,8327,0,2518640040.000,0,-,-,-,-,3765.0000,3764.8000,3764.6000,3763.4000,3763.2000,3766.0000,3766.2000,3766.4000,3766.6000,3767.0000,1,1,1,4,1,1,1,1,1,1
SF,IF2007,2020-05-27 13:38:40.700,3765.4000,8327,0,2518640040.000,0,-,-,-,-,3765.0000,3764.8000,3763.4000,3763.2000,3762.8000,3766.0000,3766.4000,3766.6000,3767.0000,3767.4000,1,1,4,1,1,1,1,1,1,4
SF,IF2007,2020-05-27 13:38:41.200,3765.4000,8327,0,2518640040.000,0,-,-,-,-,3765.2000,3765.0000,3763.4000,3763.2000,3762.8000,3766.0000,3766.4000,3766.6000,3767.0000,3767.4000,1,1,4,1,1,1,1,1,1,4
SF,IF2007,2020-05-27 13:38:41.700,3765.4000,8327,0,2518640040.000,0,-,-,-,-,3765.2000,3765.0000,3763.4000,3763.2000,3762.8000,3766.0000,3766.4000,3766.6000,3767.4000,3767.6000,1,1,4,1,1,1,1,1,4,1
SF,IF2007,2020-05-27 13:38:44.200,3765.4000,8327,0,2518640040.000,0,-,-,-,-,3765.2000,3765.0000,3763.4000,3763.2000,3762.8000,3766.0000,3766.4000,3766.6000,3767.4000,3767.6000,2,1,4,1,1,1,1,1,4,1
SF,IF2007,2020-05-27 13:38:45.700,3765.2000,8327,0,2519769600.000,1,0,1,多换,S,3765.2000,3765.0000,3763.4000,3763.2000,3762.8000,3766.0000,3766.4000,3766.6000,3767.4000,3767.6000,1,1,4,1,1,1,1,1,4,1
SF,IF2007,2020-05-27 13:38:46.200,3765.2000,8327,0,2520899160.000,1,0,1,多换,S,3763.4000,3763.2000,3762.8000,3761.8000,3761.4000,3765.2000,3765.4000,3765.6000,3765.8000,3766.0000,4,1,1,3,1,1,1,1,2,1
SF,IF2007,2020-05-27 13:38:46.700,3765.2000,8327,0,2520899160.000,0,-,-,-,-,3764.2000,3764.0000,3763.6000,3763.4000,3763.2000,3765.0000,3765.2000,3765.6000,3765.8000,3766.0000,1,2,1,3,1,1,1,1,1,1
SF,IF2007,2020-05-27 13:38:47.200,3765.2000,8327,0,2520899160.000,0,-,-,-,-,3764.2000,3764.0000,3763.6000,3763.4000,3763.2000,3765.6000,3765.8000,3766.0000,3766.4000,3766.6000,1,2,1,3,1,1,1,1,1,1
SF,IF2007,2020-05-27 13:38:47.700,3765.2000,8327,0,2520899160.000,0,-,-,-,-,3764.4000,3764.2000,3764.0000,3763.4000,3763.2000,3765.4000,3765.6000,3765.8000,3766.0000,3766.4000,1,1,2,3,1,1,1,1,1,1
SF,IF2007,2020-05-27 13:38:48.200,3765.2000,8327,0,2520899160.000,0,-,-,-,-,3764.4000,3764.2000,3764.0000,3763.4000,3763.2000,3765.4000,3765.6000,3765.8000,3766.0000,3766.4000,1,1,1,3,1,1,1,1,1,1
SF,IF2007,2020-05-27 13:38:50.700,3765.2000,8327,0,2520899160.000,0,-,-,-,-,3764.4000,3764.2000,3764.0000,3763.4000,3763.2000,3765.4000,3765.8000,3766.0000,3766.4000,3766.6000,1,1,1,3,1,1,1,1,1,1
SF,IF2007,2020-05-27 13:38:54.200,3765.2000,8327,0,2520899160.000,0,-,-,-,-,3764.8000,3764.6000,3764.4000,3764.2000,3764.0000,3765.4000,3765.8000,3766.0000,3766.4000,3766.6000,1,1,1,1,1,1,1,1,1,1
SF,IF2007,2020-05-27 13:38:54.700,3765.2000,8327,0,2520899160.000,0,-,-,-,-,3764.8000,3764.6000,3764.4000,3763.4000,3763.2000,3765.8000,3766.0000,3766.4000,3766.6000,3767.4000,1,1,1,3,1,1,1,1,1,4
SF,IF2007,2020-05-27 13:38:55.200,3765.2000,8327,0,2520899160.000,0,-,-,-,-,3764.8000,3764.6000,3764.4000,3763.4000,3763.2000,3766.0000,3766.4000,3766.6000,3767.4000,3767.6000,1,1,1,3,1,1,1,1,4,1
SF,IF2007,2020-05-27 13:38:55.700,3765.2000,8327,0,2520899160.000,0,-,-,-,-,3765.0000,3764.8000,3763.4000,3763.2000,3762.8000,3765.8000,3766.0000,3766.4000,3766.6000,3767.4000,3,1,3,1,1,1,1,1,1,4
SF,IF2007,2020-05-27 13:38:58.700,3765.2000,8327,0,2520899160.000,0,-,-,-,-,3765.0000,3764.8000,3763.4000,3763.2000,3762.8000,3765.6000,3765.8000,3766.0000,3766.4000,3766.6000,3,1,3,1,1,1,1,1,1,1
SF,IF2007,2020-05-27 13:39:02.200,3765.2000,8327,0,2520899160.000,0,-,-,-,-,3765.0000,3764.8000,3763.4000,3763.2000,3762.8000,3765.8000,3766.0000,3766.4000,3766.6000,3767.4000,3,1,3,1,1,1,1,1,1,3
SF,IF2007,2020-05-27 13:39:02.700,3765.2000,8327,0,2520899160.000,0,-,-,-,-,3765.0000,3764.8000,3763.4000,3763.2000,3762.8000,3765.8000,3766.0000,3766.4000,3766.6000,3767.4000,1,1,3,1,1,1,1,1,1,3
SF,IF2007,2020-05-27 13:39:03.200,3765.2000,8327,0,2520899160.000,0,-,-,-,-,3763.4000,3763.2000,3762.8000,3761.8000,3761.4000,3765.6000,3765.8000,3766.0000,3766.4000,3766.6000,3,1,1,3,1,1,1,1,1,1
SF,IF2007,2020-05-27 13:39:03.700,3765.2000,8327,0,2520899160.000,0,-,-,-,-,3764.2000,3764.0000,3763.6000,3763.4000,3763.2000,3765.4000,3765.6000,3766.0000,3766.4000,3766.6000,2,1,1,3,1,2,1,1,1,1
SF,IF2007,2020-05-27 13:39:04.200,3765.2000,8327,0,2520899160.000,0,-,-,-,-,3764.4000,3764.2000,3764.0000,3763.4000,3763.2000,3765.4000,3765.6000,3766.0000,3766.4000,3766.6000,1,2,1,3,1,3,1,1,1,1
SF,IF2007,2020-05-27 13:39:05.700,3765.2000,8327,0,2520899160.000,0,-,-,-,-,3764.4000,3764.2000,3764.0000,3763.4000,3763.2000,3765.2000,3765.4000,3765.6000,3766.0000,3766.4000,1,2,1,3,1,1,2,1,1,1
SF,IF2007,2020-05-27 13:39:07.200,3765.2000,8327,0,2520899160.000,0,-,-,-,-,3764.4000,3764.2000,3764.0000,3763.4000,3763.2000,3765.4000,3765.6000,3766.0000,3766.4000,3766.6000,1,2,1,3,1,2,1,1,1,1
SF,IF2007,2020-05-27 13:39:11.700,3765.2000,8327,0,2520899160.000,0,-,-,-,-,3764.4000,3764.2000,3764.0000,3763.4000,3763.2000,3765.2000,3765.4000,3765.6000,3766.0000,3766.4000,1,2,1,3,1,1,2,1,1,1
SF,IF2007,2020-05-27 13:39:13.200,3765.2000,8327,0,2520899160.000,0,-,-,-,-,3764.4000,3764.2000,3764.0000,3763.4000,3763.2000,3765.4000,3765.6000,3766.0000,3766.4000,3766.6000,1,2,1,3,1,2,1,1,1,1
SF,IF2007,2020-05-27 13:39:16.200,3765.2000,8327,0,2520899160.000,0,-,-,-,-,3764.4000,3764.2000,3764.0000,3763.4000,3763.2000,3765.4000,3765.6000,3766.0000,3766.4000,3766.6000,1,2,1,3,1,2,1,1,1,1
SF,IF2007,2020-05-27 13:39:16.700,3765.2000,8327,0,2520899160.000,0,-,-,-,-,3764.4000,3764.2000,3764.0000,3763.4000,3763.2000,3765.4000,3765.6000,3766.0000,3766.4000,3766.6000,1,2,1,3,1,2,1,1,1,1
SF,IF2007,2020-05-27 13:39:26.700,3765.2000,8327,0,2520899160.000,0,-,-,-,-,3764.6000,3764.4000,3764.2000,3764.0000,3763.4000,3765.4000,3765.6000,3766.0000,3766.4000,3766.6000,1,1,2,1,3,2,1,1,1,1
SF,IF2007,2020-05-27 13:39:27.200,3765.2000,8327,0,2520899160.000,0,-,-,-,-,3764.6000,3764.4000,3764.2000,3763.4000,3763.2000,3765.4000,3766.0000,3766.4000,3766.6000,3767.4000,1,1,2,3,1,2,1,1,1,3
SF,IF2007,2020-05-27 13:39:28.200,3765.2000,8327,0,2520899160.000,0,-,-,-,-,3764.6000,3764.4000,3764.2000,3763.4000,3763.2000,3765.4000,3766.0000,3766.4000,3766.6000,3767.4000,1,1,1,3,1,1,1,1,1,3
SF,IF2007,2020-05-27 13:39:33.200,3765.2000,8327,0,2520899160.000,0,-,-,-,-,3764.6000,3764.4000,3763.4000,3763.2000,3762.8000,3765.4000,3766.0000,3766.4000,3766.6000,3767.4000,1,1,3,1,1,1,1,1,1,3
SF,IF2007,2020-05-27 13:39:33.700,3765.4000,8328,1,2522028780.000,1,1,0,双开,S,3764.6000,3764.4000,3763.4000,3763.2000,3762.8000,3766.0000,3766.4000,3766.6000,3767.4000,3767.6000,1,1,3,1,1,1,1,1,3,1
SF,IF2007,2020-05-27 13:39:34.200,3765.4000,8328,0,2522028780.000,0,-,-,-,-,3765.0000,3764.8000,3764.6000,3763.4000,3763.2000,3765.8000,3766.0000,3766.4000,3766.6000,3767.4000,1,2,1,3,1,1,1,1,1,3
SF,IF2007,2020-05-27 13:39:34.700,3765.4000,8328,0,2522028780.000,0,-,-,-,-,3764.8000,3764.6000,3763.4000,3763.2000,3762.8000,3766.0000,3766.4000,3766.6000,3767.4000,3767.6000,2,1,3,1,1,1,1,1,3,1
SF,IF2007,2020-05-27 13:39:35.200,3765.4000,8328,0,2522028780.000,0,-,-,-,-,3765.0000,3764.8000,3764.6000,3763.4000,3763.2000,3766.0000,3766.4000,3766.6000,3767.4000,3767.6000,1,2,1,3,1,1,1,1,3,1
SF,IF2007,2020-05-27 13:39:35.700,3765.4000,8328,0,2522028780.000,0,-,-,-,-,3765.2000,3765.0000,3764.8000,3764.6000,3763.4000,3766.0000,3766.4000,3766.6000,3767.4000,3767.6000,1,1,1,1,3,1,1,1,3,1
SF,IF2007,2020-05-27 13:39:38.200,3765.4000,8328,0,2522028780.000,0,-,-,-,-,3765.2000,3765.0000,3764.8000,3764.6000,3763.4000,3766.4000,3766.6000,3767.4000,3767.6000,3769.2000,1,1,1,1,3,1,1,2,1,1
SF,IF2007,2020-05-27 13:39:38.700,3765.4000,8328,0,2522028780.000,0,-,-,-,-,3765.2000,3765.0000,3764.6000,3763.4000,3763.2000,3766.2000,3767.4000,3767.6000,3769.2000,3770.0000,1,1,1,3,1,1,2,1,1,2
SF,IF2007,2020-05-27 13:39:39.200,3765.4000,8328,0,2522028780.000,0,-,-,-,-,3765.4000,3765.2000,3765.0000,3764.6000,3763.4000,3766.2000,3767.4000,3767.6000,3769.2000,3770.0000,1,1,1,1,3,1,2,1,1,2
SF,IF2007,2020-05-27 13:39:39.700,3765.4000,8328,0,2522028780.000,0,-,-,-,-,3765.6000,3765.4000,3764.6000,3763.4000,3763.2000,3767.4000,3767.6000,3769.2000,3770.0000,3770.2000,1,1,1,3,1,2,1,1,2,2
SF,IF2007,2020-05-27 13:39:40.200,3765.4000,8328,0,2522028780.000,0,-,-,-,-,3765.6000,3765.4000,3764.6000,3763.4000,3763.2000,3766.6000,3766.8000,3767.0000,3767.2000,3767.4000,1,1,1,3,1,3,1,1,2,2
SF,IF2007,2020-05-27 13:39:40.700,3765.4000,8328,0,2522028780.000,0,-,-,-,-,3765.6000,3765.4000,3764.6000,3763.4000,3763.2000,3766.6000,3766.8000,3767.0000,3767.2000,3767.4000,1,1,1,3,1,2,1,1,2,2
SF,IF2007,2020-05-27 13:39:41.700,3765.4000,8328,0,2522028780.000,0,-,-,-,-,3765.6000,3765.4000,3764.6000,3763.4000,3763.2000,3766.4000,3766.6000,3766.8000,3767.0000,3767.2000,1,1,1,3,1,1,2,1,1,1
SF,IF2007,2020-05-27 13:39:42.700,3765.4000,8328,0,2522028780.000,0,-,-,-,-,3765.6000,3765.4000,3764.6000,3763.4000,3763.2000,3766.4000,3766.6000,3767.0000,3767.2000,3767.4000,1,1,1,3,1,1,2,1,1,2
SF,IF2007,2020-05-27 13:39:43.700,3765.4000,8328,0,2522028780.000,0,-,-,-,-,3765.6000,3765.4000,3764.6000,3763.4000,3763.2000,3766.4000,3766.6000,3767.0000,3767.2000,3767.4000,1,1,1,3,1,1,1,1,1,2
SF,IF2007,2020-05-27 13:39:46.200,3765.4000,8328,0,2522028780.000,0,-,-,-,-,3765.6000,3765.4000,3764.6000,3763.4000,3763.2000,3766.6000,3767.0000,3767.2000,3767.4000,3767.6000,1,1,1,3,1,1,1,1,2,1
SF,IF2007,2020-05-27 13:39:46.700,3765.4000,8328,0,2522028780.000,0,-,-,-,-,3765.6000,3765.4000,3764.6000,3763.4000,3763.2000,3766.4000,3766.6000,3767.0000,3767.2000,3767.4000,1,1,1,3,1,1,1,1,1,2
SF,IF2007,2020-05-27 13:39:48.700,3765.4000,8328,0,2522028780.000,0,-,-,-,-,3765.6000,3765.4000,3764.6000,3763.4000,3763.2000,3766.4000,3766.6000,3767.2000,3767.4000,3767.6000,1,1,1,3,1,1,1,1,2,1
SF,IF2007,2020-05-27 13:39:52.700,3765.4000,8328,0,2522028780.000,0,-,-,-,-,3765.6000,3765.4000,3764.6000,3763.4000,3763.2000,3766.6000,3767.2000,3767.6000,3769.2000,3770.0000,1,1,1,3,1,1,1,1,1,2
SF,IF2007,2020-05-27 13:39:53.200,3765.4000,8328,0,2522028780.000,0,-,-,-,-,3765.6000,3765.4000,3764.6000,3763.4000,3763.2000,3766.4000,3766.6000,3767.2000,3767.6000,3769.2000,1,1,1,3,1,1,1,1,1,1
SF,IF2007,2020-05-27 13:39:55.200,3765.4000,8328,0,2522028780.000,0,-,-,-,-,3765.6000,3765.4000,3764.6000,3763.4000,3763.2000,3766.6000,3767.2000,3767.6000,3769.2000,3770.0000,1,1,1,3,1,1,1,1,1,2
SF,IF2007,2020-05-27 13:39:56.700,3765.4000,8328,0,2522028780.000,0,-,-,-,-,3765.8000,3765.6000,3765.4000,3764.6000,3763.4000,3766.6000,3767.2000,3767.6000,3769.2000,3770.0000,1,1,1,1,3,1,1,1,1,2
SF,IF2007,2020-05-27 13:39:57.200,3765.4000,8328,0,2522028780.000,0,-,-,-,-,3766.0000,3765.8000,3764.6000,3763.4000,3763.2000,3767.2000,3767.6000,3769.2000,3770.0000,3770.2000,1,1,1,3,1,1,1,1,2,2
SF,IF2007,2020-05-27 13:39:57.700,3765.4000,8328,0,2522028780.000,0,-,-,-,-,3766.0000,3765.8000,3764.6000,3763.4000,3763.2000,3767.0000,3767.2000,3767.6000,3769.2000,3770.0000,1,1,1,3,1,2,1,1,1,2
SF,IF2007,2020-05-27 13:40:00.700,3765.4000,8328,0,2522028780.000,0,-,-,-,-,3766.0000,3765.8000,3764.6000,3763.4000,3763.2000,3766.8000,3767.0000,3767.2000,3767.6000,3769.2000,1,1,1,3,1,1,2,1,1,1
SF,IF2007,2020-05-27 13:40:01.200,3765.4000,8328,0,2522028780.000,0,-,-,-,-,3766.0000,3765.8000,3764.6000,3763.4000,3763.2000,3766.6000,3766.8000,3767.0000,3767.2000,3767.6000,1,1,1,3,1,1,1,1,1,1
SF,IF2007,2020-05-27 13:40:04.200,3765.4000,8328,0,2522028780.000,0,-,-,-,-,3766.0000,3765.8000,3764.6000,3763.4000,3763.2000,3766.8000,3767.0000,3767.2000,3767.6000,3769.2000,1,1,1,3,1,1,1,1,1,1
SF,IF2007,2020-05-27 13:40:04.700,3765.4000,8328,0,2522028780.000,0,-,-,-,-,3765.8000,3764.6000,3763.4000,3763.2000,3762.8000,3766.6000,3766.8000,3767.0000,3767.2000,3767.6000,1,1,3,1,1,1,1,1,1,1
SF,IF2007,2020-05-27 13:40:06.700,3765.4000,8328,0,2522028780.000,0,-,-,-,-,3765.8000,3764.6000,3763.4000,3763.2000,3762.8000,3766.6000,3766.8000,3767.2000,3767.6000,3769.2000,1,1,3,1,1,1,1,1,1,1
SF,IF2007,2020-05-27 13:40:07.200,3765.4000,8328,0,2522028780.000,0,-,-,-,-,3766.0000,3765.8000,3764.6000,3763.4000,3763.2000,3766.8000,3767.2000,3767.6000,3769.2000,3770.0000,1,1,1,3,1,1,1,1,1,2
SF,IF2007,2020-05-27 13:40:07.700,3765.4000,8328,0,2522028780.000,0,-,-,-,-,3766.0000,3765.8000,3764.6000,3763.4000,3763.2000,3767.2000,3767.6000,3769.2000,3770.0000,3770.2000,1,1,1,3,1,1,1,1,2,2
SF,IF2007,2020-05-27 13:40:08.200,3765.4000,8328,0,2522028780.000,0,-,-,-,-,3766.2000,3766.0000,3765.8000,3764.6000,3763.4000,3767.0000,3767.2000,3767.6000,3769.2000,3770.0000,1,1,1,1,3,1,1,1,1,2
SF,IF2007,2020-05-27 13:40:09.200,3765.4000,8328,0,2522028780.000,0,-,-,-,-,3766.2000,3766.0000,3765.8000,3764.6000,3763.4000,3767.2000,3767.6000,3769.2000,3770.0000,3770.2000,1,1,1,1,3,1,1,1,2,2
SF,IF2007,2020-05-27 13:40:09.700,3765.4000,8328,0,2522028780.000,0,-,-,-,-,3766.4000,3766.2000,3765.8000,3764.6000,3763.4000,3767.6000,3769.2000,3770.0000,3770.2000,3771.4000,1,1,1,1,3,1,1,2,2,1
SF,IF2007,2020-05-27 13:40:10.200,3765.4000,8328,0,2522028780.000,0,-,-,-,-,3766.4000,3765.8000,3764.6000,3763.4000,3763.2000,3767.4000,3767.6000,3769.2000,3770.0000,3770.2000,1,1,1,3,1,3,1,1,2,2
SF,IF2007,2020-05-27 13:40:10.700,3765.4000,8328,0,2522028780.000,0,-,-,-,-,3766.4000,3765.8000,3764.6000,3763.4000,3763.2000,3767.0000,3767.4000,3767.6000,3769.2000,3770.0000,1,1,1,3,1,1,3,1,1,2
SF,IF2007,2020-05-27 13:40:11.200,3765.4000,8328,0,2522028780.000,0,-,-,-,-,3766.4000,3765.8000,3764.6000,3763.4000,3763.2000,3767.4000,3767.6000,3769.2000,3770.0000,3770.2000,1,1,1,3,1,3,1,1,2,2
SF,IF2007,2020-05-27 13:40:19.700,3765.4000,8328,0,2522028780.000,0,-,-,-,-,3766.4000,3765.8000,3764.6000,3763.4000,3763.2000,3767.4000,3767.6000,3769.2000,3770.0000,3770.2000,1,1,1,3,1,3,1,1,2,2
SF,IF2007,2020-05-27 13:40:20.200,3765.4000,8328,0,2522028780.000,0,-,-,-,-,3766.4000,3765.8000,3764.6000,3763.4000,3763.2000,3767.4000,3767.6000,3769.2000,3770.0000,3770.2000,1,1,1,3,1,2,1,1,2,2
SF,IF2007,2020-05-27 13:40:21.200,3765.4000,8328,0,2522028780.000,0,-,-,-,-,3766.6000,3766.4000,3765.8000,3764.6000,3763.4000,3767.4000,3767.6000,3769.2000,3770.0000,3770.2000,1,1,1,1,3,2,1,1,2,2
SF,IF2007,2020-05-27 13:40:21.700,3765.4000,8328,0,2522028780.000,0,-,-,-,-,3766.8000,3766.6000,3765.8000,3764.6000,3763.4000,3767.4000,3767.6000,3769.2000,3770.0000,3770.2000,1,1,1,1,3,1,1,1,2,2
SF,IF2007,2020-05-27 13:40:24.700,3765.4000,8328,0,2522028780.000,0,-,-,-,-,3766.8000,3766.6000,3764.6000,3763.4000,3763.2000,3767.4000,3767.6000,3769.2000,3770.0000,3770.2000,1,1,1,3,1,1,1,1,2,2
SF,IF2007,2020-05-27 13:40:30.700,3765.4000,8328,0,2522028780.000,0,-,-,-,-,3766.8000,3764.6000,3763.4000,3763.2000,3762.8000,3767.4000,3767.6000,3769.2000,3770.0000,3770.2000,1,1,3,1,1,1,1,1,2,2
SF,IF2007,2020-05-27 13:40:31.200,3765.4000,8328,0,2522028780.000,0,-,-,-,-,3764.6000,3763.4000,3763.2000,3762.8000,3761.8000,3767.4000,3767.6000,3769.2000,3770.0000,3770.2000,1,3,1,1,3,1,1,1,2,2
SF,IF2007,2020-05-27 13:40:31.700,3765.4000,8328,0,2522028780.000,0,-,-,-,-,3765.8000,3765.6000,3765.2000,3764.8000,3764.6000,3767.2000,3767.4000,3767.6000,3769.2000,3770.0000,1,3,3,5,2,3,1,1,1,2
SF,IF2007,2020-05-27 13:40:32.200,3765.4000,8328,0,2522028780.000,0,-,-,-,-,3766.0000,3765.8000,3765.6000,3764.8000,3764.6000,3767.2000,3767.4000,3767.6000,3769.2000,3770.0000,2,1,2,4,2,2,1,1,1,2
SF,IF2007,2020-05-27 13:40:32.700,3765.4000,8328,0,2522028780.000,0,-,-,-,-,3766.2000,3766.0000,3765.8000,3765.6000,3764.8000,3767.2000,3767.4000,3767.6000,3769.2000,3770.0000,1,2,1,2,4,2,1,1,1,2
SF,IF2007,2020-05-27 13:40:33.200,3765.4000,8328,0,2522028780.000,0,-,-,-,-,3766.4000,3766.2000,3766.0000,3765.8000,3765.6000,3767.2000,3767.4000,3767.6000,3769.2000,3770.0000,1,1,1,1,3,2,1,1,1,2
SF,IF2007,2020-05-27 13:40:34.200,3765.4000,8328,0,2522028780.000,0,-,-,-,-,3766.4000,3766.2000,3766.0000,3765.6000,3764.8000,3767.2000,3767.4000,3767.6000,3769.2000,3770.0000,1,1,1,3,4,2,1,1,1,2
SF,IF2007,2020-05-27 13:40:35.200,3765.4000,8328,0,2522028780.000,0,-,-,-,-,3766.4000,3766.0000,3765.6000,3764.8000,3764.6000,3767.2000,3767.4000,3767.6000,3769.2000,3770.0000,1,1,3,4,2,2,1,1,1,2
SF,IF2007,2020-05-27 13:40:36.700,3765.4000,8328,0,2522028780.000,0,-,-,-,-,3766.4000,3766.0000,3765.6000,3764.8000,3764.6000,3767.2000,3767.4000,3767.6000,3769.2000,3770.0000,1,1,3,4,2,1,1,1,1,2
SF,IF2007,2020-05-27 13:40:38.700,3765.4000,8328,0,2522028780.000,0,-,-,-,-,3766.4000,3766.0000,3765.6000,3764.8000,3764.6000,3767.2000,3767.4000,3767.6000,3769.2000,3770.0000,2,1,3,4,2,1,1,1,1,2
SF,IF2007,2020-05-27 13:40:39.200,3765.4000,8328,0,2522028780.000,0,-,-,-,-,3766.4000,3766.0000,3765.6000,3764.8000,3764.6000,3767.4000,3767.6000,3769.2000,3770.0000,3770.2000,2,1,3,4,2,1,1,1,2,2
SF,IF2007,2020-05-27 13:40:41.700,3765.4000,8328,0,2522028780.000,0,-,-,-,-,3766.4000,3765.6000,3764.8000,3764.6000,3763.4000,3767.4000,3767.6000,3769.2000,3770.0000,3770.2000,2,3,4,2,2,1,1,1,2,2
SF,IF2007,2020-05-27 13:40:42.200,3765.4000,8328,0,2522028780.000,0,-,-,-,-,3766.8000,3766.4000,3765.6000,3764.8000,3764.6000,3767.4000,3767.6000,3769.2000,3770.0000,3770.2000,1,2,3,4,2,1,1,1,2,2
SF,IF2007,2020-05-27 13:40:42.700,3765.4000,8328,0,2522028780.000,0,-,-,-,-,3766.8000,3766.4000,3765.6000,3764.8000,3764.6000,3767.4000,3767.6000,3769.2000,3770.0000,3770.2000,1,2,3,2,2,1,1,1,2,2
SF,IF2007,2020-05-27 13:40:50.700,3765.4000,8328,0,2522028780.000,0,-,-,-,-,3766.8000,3766.4000,3765.6000,3764.8000,3764.6000,3767.4000,3767.6000,3769.2000,3770.0000,3770.2000,1,2,2,2,2,1,1,1,2,2
SF,IF2007,2020-05-27 13:40:58.700,3767.4000,8329,1,2523159000.000,1,1,0,双开,S,3766.8000,3766.4000,3765.6000,3764.8000,3764.6000,3767.6000,3769.2000,3770.0000,3770.2000,3771.4000,1,2,2,2,2,1,1,2,2,1
SF,IF2007,2020-05-27 13:40:59.200,3767.4000,8329,0,2523159000.000,0,-,-,-,-,3767.0000,3766.8000,3766.4000,3765.6000,3764.8000,3767.6000,3769.2000,3770.0000,3770.2000,3771.4000,1,1,1,2,2,1,1,2,2,1
SF,IF2007,2020-05-27 13:41:17.700,3767.0000,8330,1,2524289100.000,1,1,0,双开,S,3766.8000,3766.4000,3765.6000,3764.8000,3764.6000,3767.6000,3769.2000,3770.0000,3770.2000,3771.4000,1,1,2,2,2,1,1,2,2,1
SF,IF2007,2020-05-27 13:41:18.200,3767.0000,8330,0,2524289100.000,0,-,-,-,-,3766.4000,3765.6000,3764.8000,3764.6000,3763.4000,3767.4000,3767.6000,3769.2000,3770.0000,3770.2000,1,2,2,2,2,1,1,1,2,2
SF,IF2007,2020-05-27 13:41:25.200,3767.0000,8330,0,2524289100.000,0,-,-,-,-,3766.4000,3765.6000,3764.8000,3764.6000,3763.4000,3767.2000,3767.4000,3767.6000,3769.2000,3770.0000,1,2,2,2,2,1,1,1,1,2
SF,IF2007,2020-05-27 13:41:28.700,3767.0000,8330,0,2524289100.000,0,-,-,-,-,3766.4000,3765.6000,3764.8000,3764.6000,3763.4000,3767.4000,3767.6000,3769.2000,3770.0000,3770.2000,1,2,2,2,2,1,1,1,2,2
SF,IF2007,2020-05-27 13:41:30.700,3767.0000,8330,0,2524289100.000,0,-,-,-,-,3766.4000,3765.6000,3764.8000,3764.6000,3763.4000,3767.2000,3767.4000,3767.6000,3769.2000,3770.0000,1,2,2,2,2,1,1,1,1,2
SF,IF2007,2020-05-27 13:41:33.700,3767.4000,8332,2,2526549480.000,2,2,0,双开,S,3766.6000,3766.4000,3765.6000,3764.8000,3764.6000,3767.6000,3769.2000,3770.0000,3770.2000,3771.4000,1,1,2,2,2,1,1,2,2,1
SF,IF2007,2020-05-27 13:41:34.200,3767.4000,8332,0,2526549480.000,0,-,-,-,-,3766.8000,3766.6000,3766.4000,3765.6000,3764.8000,3767.6000,3769.2000,3770.0000,3770.2000,3771.4000,2,1,1,2,2,1,1,2,2,1
SF,IF2007,2020-05-27 13:41:36.700,3767.4000,8332,0,2526549480.000,0,-,-,-,-,3766.8000,3766.6000,3766.4000,3765.6000,3764.8000,3767.6000,3769.2000,3770.0000,3770.2000,3771.4000,1,1,1,2,2,1,1,2,2,1
SF,IF2007,2020-05-27 13:41:37.200,3767.4000,8332,0,2526549480.000,0,-,-,-,-,3766.8000,3766.4000,3765.6000,3764.8000,3764.6000,3767.6000,3769.2000,3770.0000,3770.2000,3771.4000,1,1,2,2,2,1,1,2,2,1
SF,IF2007,2020-05-27 13:41:37.700,3767.4000,8332,0,2526549480.000,0,-,-,-,-,3766.8000,3766.4000,3765.6000,3764.8000,3764.6000,3767.4000,3767.6000,3769.2000,3770.0000,3770.2000,1,1,2,2,2,1,1,1,2,2
SF,IF2007,2020-05-27 13:41:39.200,3767.4000,8332,0,2526549480.000,0,-,-,-,-,3766.8000,3766.4000,3765.6000,3764.8000,3764.6000,3767.4000,3767.6000,3769.2000,3770.0000,3770.2000,1,1,2,2,2,2,1,1,2,2
SF,IF2007,2020-05-27 13:41:41.700,3767.4000,8332,0,2526549480.000,0,-,-,-,-,3766.8000,3766.4000,3765.6000,3764.8000,3764.6000,3767.4000,3767.6000,3769.2000,3770.0000,3770.2000,1,1,2,2,2,1,1,1,2,2
SF,IF2007,2020-05-27 13:41:47.200,3766.8000,8333,1,2527679520.000,1,1,0,双开,S,3766.4000,3765.6000,3764.8000,3764.6000,3763.4000,3766.8000,3767.4000,3767.6000,3769.2000,3770.0000,1,2,2,2,2,1,1,1,1,2
SF,IF2007,2020-05-27 13:41:47.700,3766.4000,8334,1,2528809440.000,1,1,0,双开,S,3764.8000,3764.6000,3763.4000,3763.2000,3762.8000,3767.4000,3767.6000,3769.2000,3770.0000,3770.2000,2,1,2,1,1,1,1,1,2,2
SF,IF2007,2020-05-27 13:41:48.200,3765.6000,8334,0,2529939120.000,1,0,1,多换,S,3765.4000,3765.0000,3764.8000,3764.6000,3763.2000,3766.6000,3766.8000,3767.0000,3767.2000,3767.4000,1,1,1,1,1,1,1,1,5,1
SF,IF2007,2020-05-27 13:41:48.700,3765.6000,8334,0,2529939120.000,0,-,-,-,-,3765.6000,3765.4000,3765.0000,3764.8000,3764.6000,3766.4000,3766.6000,3766.8000,3767.2000,3767.4000,1,1,1,1,1,2,1,1,3,1
SF,IF2007,2020-05-27 13:41:49.200,3765.6000,8334,0,2529939120.000,0,-,-,-,-,3765.4000,3765.0000,3764.8000,3764.6000,3763.2000,3766.4000,3766.6000,3766.8000,3767.2000,3767.4000,1,1,1,1,1,2,1,1,3,1
SF,IF2007,2020-05-27 13:41:49.700,3765.6000,8334,0,2529939120.000,0,-,-,-,-,3765.6000,3764.8000,3764.6000,3763.2000,3762.8000,3766.4000,3766.6000,3766.8000,3767.2000,3767.4000,1,1,1,1,1,2,1,1,2,1
SF,IF2007,2020-05-27 13:41:50.200,3765.6000,8334,0,2529939120.000,0,-,-,-,-,3765.6000,3764.8000,3764.6000,3763.2000,3762.8000,3766.4000,3766.6000,3766.8000,3767.2000,3767.6000,1,1,1,1,1,2,1,1,2,1
SF,IF2007,2020-05-27 13:41:50.700,3765.6000,8334,0,2529939120.000,0,-,-,-,-,3764.8000,3764.6000,3763.2000,3762.8000,3761.0000,3766.4000,3766.6000,3766.8000,3767.2000,3767.6000,1,1,1,1,7,2,1,1,2,1
SF,IF2007,2020-05-27 13:41:51.200,3765.6000,8334,0,2529939120.000,0,-,-,-,-,3765.2000,3765.0000,3764.8000,3764.6000,3763.2000,3766.4000,3766.6000,3766.8000,3767.2000,3767.6000,1,2,1,1,1,2,1,1,2,1
SF,IF2007,2020-05-27 13:41:51.700,3765.6000,8334,0,2529939120.000,0,-,-,-,-,3765.4000,3765.0000,3764.8000,3764.6000,3763.2000,3766.4000,3766.6000,3766.8000,3767.2000,3767.6000,1,1,1,1,1,2,1,1,2,1
SF,IF2007,2020-05-27 13:41:52.700,3765.6000,8334,0,2529939120.000,0,-,-,-,-,3765.4000,3765.0000,3764.8000,3764.6000,3763.2000,3766.2000,3766.4000,3766.8000,3767.2000,3767.6000,1,1,1,1,1,1,2,1,2,1
SF,IF2007,2020-05-27 13:41:53.200,3765.6000,8334,0,2529939120.000,0,-,-,-,-,3765.4000,3765.0000,3764.6000,3763.2000,3762.8000,3766.2000,3766.4000,3766.8000,3767.2000,3767.6000,1,1,1,1,1,1,2,1,2,1
SF,IF2007,2020-05-27 13:42:08.700,3765.4000,8335,1,2531068740.000,1,1,0,双开,S,3765.0000,3764.6000,3763.2000,3762.8000,3761.0000,3766.2000,3766.4000,3766.8000,3767.2000,3767.6000,1,1,1,1,7,1,2,1,2,1
SF,IF2007,2020-05-27 13:42:09.200,3765.4000,8335,0,2531068740.000,0,-,-,-,-,3765.0000,3764.6000,3763.2000,3762.8000,3761.0000,3766.0000,3766.2000,3766.4000,3766.8000,3767.2000,1,1,1,1,7,1,1,1,1,2
SF,IF2007,2020-05-27 13:42:09.700,3765.4000,8335,0,2531068740.000,0,-,-,-,-,3764.6000,3763.2000,3762.8000,3761.0000,3760.2000,3765.8000,3766.0000,3766.8000,3767.2000,3767.6000,1,1,1,7,2,2,1,1,2,1
SF,IF2007,2020-05-27 13:42:10.200,3765.4000,8335,0,2531068740.000,0,-,-,-,-,3764.6000,3763.2000,3762.8000,3761.0000,3760.2000,3765.6000,3765.8000,3766.8000,3767.2000,3767.6000,1,1,1,7,2,1,2,1,2,1
SF,IF2007,2020-05-27 13:42:11.200,3765.4000,8335,0,2531068740.000,0,-,-,-,-,3764.6000,3763.2000,3762.8000,3761.0000,3760.2000,3765.6000,3765.8000,3766.0000,3766.8000,3767.2000,1,1,1,7,2,1,2,1,1,2
SF,IF2007,2020-05-27 13:42:14.700,3765.4000,8335,0,2531068740.000,0,-,-,-,-,3763.2000,3762.8000,3761.0000,3760.2000,3760.0000,3765.4000,3765.6000,3766.0000,3766.8000,3767.2000,1,1,7,2,1,2,1,1,1,2
SF,IF2007,2020-05-27 13:42:15.200,3765.4000,8335,0,2531068740.000,0,-,-,-,-,3763.8000,3763.4000,3763.2000,3762.8000,3761.0000,3765.2000,3765.4000,3766.0000,3766.8000,3767.2000,4,5,1,1,7,1,2,1,1,2
SF,IF2007,2020-05-27 13:42:15.700,3765.4000,8335,0,2531068740.000,0,-,-,-,-,3764.0000,3763.8000,3763.4000,3763.2000,3762.8000,3765.2000,3765.4000,3766.0000,3766.8000,3767.2000,2,3,4,1,1,1,2,1,1,2
SF,IF2007,2020-05-27 13:42:18.200,3765.4000,8335,0,2531068740.000,0,-,-,-,-,3764.2000,3764.0000,3763.8000,3763.4000,3763.2000,3765.2000,3765.4000,3766.0000,3766.8000,3767.2000,1,2,3,4,1,1,2,1,1,2
SF,IF2007,2020-05-27 13:42:20.700,3765.4000,8335,0,2531068740.000,0,-,-,-,-,3764.2000,3764.0000,3763.8000,3763.4000,3763.2000,3765.2000,3765.4000,3766.8000,3767.2000,3767.6000,1,2,2,4,1,1,2,1,2,1
SF,IF2007,2020-05-27 13:42:25.200,3765.4000,8335,0,2531068740.000,0,-,-,-,-,3764.0000,3763.8000,3763.4000,3763.2000,3762.8000,3765.2000,3765.4000,3766.8000,3767.2000,3767.6000,2,2,4,1,1,1,2,1,2,1
SF,IF2007,2020-05-27 13:42:26.200,3765.4000,8335,0,2531068740.000,0,-,-,-,-,3764.0000,3763.8000,3763.4000,3763.2000,3762.8000,3764.2000,3765.2000,3765.4000,3766.8000,3767.2000,2,2,4,1,1,1,1,2,1,2
SF,IF2007,2020-05-27 13:42:26.700,3764.2000,8335,0,2532198000.000,1,0,1,多换,S,3764.4000,3764.2000,3764.0000,3763.4000,3762.8000,3765.2000,3765.4000,3766.8000,3767.2000,3767.6000,1,1,1,3,1,1,1,1,2,1
SF,IF2007,2020-05-27 13:42:27.200,3764.2000,8335,0,2532198000.000,0,-,-,-,-,3764.6000,3764.0000,3763.4000,3762.8000,3761.0000,3765.2000,3765.4000,3766.8000,3767.2000,3767.6000,1,1,3,1,7,1,1,1,2,1
SF,IF2007,2020-05-27 13:42:28.700,3764.6000,8336,1,2533327380.000,1,1,0,双开,S,3764.0000,3763.4000,3762.8000,3761.0000,3760.2000,3765.0000,3765.2000,3765.4000,3766.8000,3767.2000,1,3,1,7,2,1,1,1,1,2
SF,IF2007,2020-05-27 13:42:29.700,3764.6000,8336,0,2533327380.000,0,-,-,-,-,3764.4000,3764.0000,3763.4000,3762.8000,3761.0000,3765.0000,3765.2000,3765.4000,3766.8000,3767.2000,1,1,3,1,7,1,1,1,1,2
SF,IF2007,2020-05-27 13:42:30.200,3765.0000,8336,0,2534456880.000,1,0,1,多换,S,3764.4000,3764.0000,3763.4000,3762.8000,3761.0000,3765.2000,3765.4000,3766.8000,3767.2000,3767.6000,1,1,3,1,7,1,1,1,2,1
SF,IF2007,2020-05-27 13:42:33.200,3764.4000,8336,0,2535586200.000,1,0,1,多换,S,3764.0000,3763.4000,3762.8000,3761.0000,3760.2000,3765.2000,3765.4000,3766.8000,3767.2000,3767.6000,1,3,1,7,2,1,1,1,2,1
SF,IF2007,2020-05-27 13:42:33.700,3764.4000,8336,0,2535586200.000,0,-,-,-,-,3764.4000,3764.2000,3764.0000,3763.4000,3762.8000,3765.2000,3765.4000,3766.8000,3767.2000,3767.6000,1,4,1,3,1,1,1,1,2,1
SF,IF2007,2020-05-27 13:42:35.200,3764.4000,8336,0,2535586200.000,0,-,-,-,-,3764.4000,3764.2000,3764.0000,3763.4000,3762.8000,3765.2000,3766.8000,3767.2000,3767.6000,3769.2000,1,4,1,3,1,1,1,2,1,1
SF,IF2007,2020-05-27 13:42:35.700,3764.4000,8336,0,2535586200.000,0,-,-,-,-,3764.6000,3764.4000,3764.2000,3764.0000,3763.4000,3765.2000,3766.8000,3767.2000,3767.6000,3769.2000,1,1,3,1,3,1,1,2,1,1
SF,IF2007,2020-05-27 13:42:46.700,3765.2000,8337,1,2536715760.000,1,1,0,双开,S,3764.6000,3764.4000,3764.2000,3764.0000,3763.4000,3766.8000,3767.2000,3767.6000,3769.2000,3770.0000,1,1,3,1,3,1,2,1,1,2
SF,IF2007,2020-05-27 13:42:47.200,3765.2000,8337,0,2536715760.000,0,-,-,-,-,3764.8000,3764.6000,3764.4000,3764.2000,3763.4000,3765.8000,3766.2000,3766.6000,3767.2000,3767.6000,2,1,1,1,3,1,1,4,1,1
SF,IF2007,2020-05-27 13:42:47.700,3765.2000,8337,0,2536715760.000,0,-,-,-,-,3764.8000,3764.6000,3764.4000,3763.4000,3762.8000,3765.8000,3766.6000,3767.2000,3767.6000,3769.2000,1,1,1,3,1,1,4,1,1,1
SF,IF2007,2020-05-27 13:43:01.700,3765.2000,8337,0,2536715760.000,0,-,-,-,-,3764.8000,3764.6000,3764.4000,3763.4000,3762.8000,3765.6000,3765.8000,3766.6000,3767.2000,3767.6000,1,1,1,3,1,1,1,4,1,1
SF,IF2007,2020-05-27 13:43:02.200,3765.2000,8337,0,2536715760.000,0,-,-,-,-,3764.6000,3764.4000,3763.4000,3762.8000,3761.0000,3765.6000,3765.8000,3766.6000,3767.2000,3767.6000,1,1,3,1,7,1,1,4,1,1
SF,IF2007,2020-05-27 13:43:15.200,3765.2000,8337,0,2536715760.000,0,-,-,-,-,3764.6000,3764.4000,3763.4000,3762.8000,3761.0000,3765.8000,3766.6000,3767.2000,3767.6000,3769.2000,1,1,3,1,7,1,4,1,1,1
SF,IF2007,2020-05-27 13:43:15.700,3765.2000,8337,0,2536715760.000,0,-,-,-,-,3764.8000,3764.6000,3764.4000,3763.4000,3762.8000,3765.8000,3766.6000,3767.2000,3767.6000,3769.2000,2,1,1,3,1,1,4,1,1,1
SF,IF2007,2020-05-27 13:43:17.200,3765.2000,8337,0,2536715760.000,0,-,-,-,-,3765.0000,3764.8000,3764.6000,3764.4000,3763.4000,3765.8000,3766.6000,3767.2000,3767.6000,3769.2000,1,2,1,1,3,1,3,1,1,1
SF,IF2007,2020-05-27 13:43:17.700,3765.2000,8337,0,2536715760.000,0,-,-,-,-,3765.0000,3764.8000,3764.4000,3763.4000,3762.8000,3765.8000,3766.6000,3767.2000,3767.6000,3769.2000,1,2,1,3,1,1,3,1,1,1
SF,IF2007,2020-05-27 13:43:18.200,3765.2000,8337,0,2536715760.000,0,-,-,-,-,3765.0000,3764.8000,3764.4000,3763.4000,3762.8000,3765.8000,3766.6000,3767.2000,3767.6000,3769.2000,1,1,1,3,1,1,3,1,1,1
SF,IF2007,2020-05-27 13:43:20.200,3765.2000,8337,0,2536715760.000,0,-,-,-,-,3765.0000,3764.8000,3764.4000,3763.4000,3762.8000,3765.8000,3766.6000,3767.2000,3767.6000,3769.2000,1,1,1,3,1,1,2,1,1,1
SF,IF2007,2020-05-27 13:43:21.200,3765.2000,8337,0,2536715760.000,0,-,-,-,-,3765.0000,3764.8000,3764.4000,3763.4000,3762.8000,3766.6000,3767.2000,3767.6000,3769.2000,3770.0000,1,1,1,3,1,1,1,1,1,2
SF,IF2007,2020-05-27 13:43:21.700,3765.2000,8337,0,2536715760.000,0,-,-,-,-,3765.2000,3765.0000,3764.4000,3763.4000,3762.8000,3766.2000,3766.6000,3767.2000,3767.6000,3769.2000,2,1,1,3,1,1,1,1,1,1
SF,IF2007,2020-05-27 13:43:23.200,3765.2000,8337,0,2536715760.000,0,-,-,-,-,3765.6000,3765.2000,3765.0000,3764.4000,3763.4000,3766.2000,3766.6000,3767.2000,3767.6000,3769.2000,1,2,1,1,3,1,1,1,1,1
SF,IF2007,2020-05-27 13:43:23.700,3765.2000,8337,0,2536715760.000,0,-,-,-,-,3765.6000,3765.2000,3765.0000,3764.4000,3763.4000,3766.2000,3766.6000,3767.2000,3767.6000,3769.2000,1,1,1,1,3,1,1,1,1,1
SF,IF2007,2020-05-27 13:43:30.700,3765.2000,8337,0,2536715760.000,0,-,-,-,-,3765.2000,3765.0000,3764.4000,3763.4000,3762.8000,3766.2000,3766.6000,3767.2000,3767.6000,3769.2000,1,1,1,3,1,1,1,1,1,1
SF,IF2007,2020-05-27 13:43:31.200,3765.2000,8337,0,2536715760.000,0,-,-,-,-,3765.2000,3765.0000,3764.4000,3763.4000,3762.8000,3766.0000,3766.2000,3767.2000,3767.6000,3769.2000,1,1,1,3,1,1,1,1,1,1
SF,IF2007,2020-05-27 13:43:39.200,3765.2000,8338,1,2537845320.000,1,1,0,双开,S,3764.4000,3763.4000,3762.8000,3761.0000,3760.2000,3765.8000,3766.0000,3767.2000,3767.6000,3769.2000,1,3,1,7,2,1,1,1,1,1
SF,IF2007,2020-05-27 13:43:39.700,3765.2000,8338,0,2537845320.000,0,-,-,-,-,3764.6000,3764.4000,3763.4000,3762.8000,3761.0000,3765.6000,3765.8000,3767.2000,3767.6000,3769.2000,1,1,3,1,7,1,1,1,1,1
SF,IF2007,2020-05-27 13:43:40.200,3765.2000,8338,0,2537845320.000,0,-,-,-,-,3764.6000,3764.4000,3763.4000,3762.8000,3761.0000,3765.6000,3765.8000,3767.2000,3767.6000,3769.2000,1,1,3,1,7,1,2,1,1,1
SF,IF2007,2020-05-27 13:43:44.200,3765.2000,8338,0,2537845320.000,0,-,-,-,-,3764.8000,3764.6000,3764.4000,3763.4000,3762.8000,3765.6000,3765.8000,3767.2000,3767.6000,3769.2000,1,1,1,3,1,1,2,1,1,1
SF,IF2007,2020-05-27 13:43:44.700,3765.2000,8338,0,2537845320.000,0,-,-,-,-,3764.8000,3764.4000,3763.4000,3762.8000,3761.0000,3765.6000,3765.8000,3767.2000,3767.6000,3769.2000,1,1,3,1,7,1,1,1,1,1
SF,IF2007,2020-05-27 13:43:45.200,3765.2000,8338,0,2537845320.000,0,-,-,-,-,3764.8000,3764.4000,3763.4000,3762.8000,3761.0000,3765.8000,3767.2000,3767.6000,3769.2000,3770.0000,1,1,3,1,7,1,1,1,1,2
SF,IF2007,2020-05-27 13:43:45.700,3765.2000,8338,0,2537845320.000,0,-,-,-,-,3764.8000,3764.4000,3763.4000,3762.8000,3761.0000,3765.8000,3767.2000,3767.6000,3769.2000,3770.0000,1,1,3,1,7,1,1,1,1,2
SF,IF2007,2020-05-27 13:43:50.700,3765.2000,8338,0,2537845320.000,0,-,-,-,-,3764.4000,3763.4000,3762.8000,3761.0000,3760.2000,3765.8000,3767.2000,3767.6000,3769.2000,3770.0000,1,3,1,7,2,1,1,1,1,2
SF,IF2007,2020-05-27 13:43:51.200,3765.2000,8338,0,2537845320.000,0,-,-,-,-,3764.6000,3764.4000,3763.4000,3762.8000,3761.0000,3765.4000,3765.6000,3767.2000,3767.6000,3769.2000,1,1,3,1,7,1,2,1,1,1
SF,IF2007,2020-05-27 13:43:51.700,3765.2000,8338,0,2537845320.000,0,-,-,-,-,3764.4000,3763.4000,3762.8000,3761.0000,3760.2000,3765.4000,3765.6000,3767.2000,3767.6000,3769.2000,1,3,1,7,2,1,2,1,1,1
SF,IF2007,2020-05-27 13:43:52.200,3765.2000,8338,0,2537845320.000,0,-,-,-,-,3764.4000,3763.4000,3762.8000,3761.0000,3760.2000,3765.2000,3765.4000,3765.6000,3767.2000,3767.6000,1,3,1,7,2,1,1,1,1,1
SF,IF2007,2020-05-27 13:44:01.200,3765.2000,8338,0,2537845320.000,0,-,-,-,-,3764.4000,3763.4000,3762.8000,3761.0000,3760.2000,3765.2000,3765.4000,3767.2000,3767.6000,3769.2000,1,3,1,7,2,1,1,1,1,1
SF,IF2007,2020-05-27 13:44:02.200,3765.2000,8338,0,2537845320.000,0,-,-,-,-,3763.4000,3762.8000,3761.0000,3760.2000,3760.0000,3765.2000,3765.4000,3767.2000,3767.6000,3769.2000,3,1,7,2,1,1,1,1,1,1
SF,IF2007,2020-05-27 13:44:02.700,3765.2000,8338,0,2537845320.000,0,-,-,-,-,3763.8000,3763.6000,3763.4000,3762.8000,3761.0000,3765.0000,3765.2000,3767.2000,3767.6000,3769.2000,2,2,3,1,7,1,1,1,1,1
SF,IF2007,2020-05-27 13:44:03.200,3765.2000,8338,0,2537845320.000,0,-,-,-,-,3764.0000,3763.8000,3763.6000,3763.4000,3762.8000,3764.8000,3765.0000,3767.2000,3767.6000,3769.2000,1,2,1,3,1,1,1,1,1,1
SF,IF2007,2020-05-27 13:44:03.700,3765.2000,8338,0,2537845320.000,0,-,-,-,-,3764.0000,3763.8000,3763.6000,3763.4000,3762.8000,3764.8000,3765.0000,3767.2000,3767.6000,3769.2000,1,2,1,3,1,1,1,1,1,1
SF,IF2007,2020-05-27 13:44:04.200,3765.2000,8338,0,2537845320.000,0,-,-,-,-,3764.0000,3763.8000,3763.6000,3763.4000,3762.8000,3764.8000,3765.0000,3767.2000,3767.6000,3769.2000,1,2,1,2,1,1,1,1,1,1
SF,IF2007,2020-05-27 13:44:04.700,3765.2000,8338,0,2537845320.000,0,-,-,-,-,3763.8000,3763.6000,3763.4000,3762.8000,3761.0000,3764.8000,3765.0000,3767.2000,3767.6000,3769.2000,2,1,2,1,7,1,1,1,1,1
SF,IF2007,2020-05-27 13:44:07.200,3765.2000,8338,0,2537845320.000,0,-,-,-,-,3763.8000,3763.6000,3763.4000,3762.8000,3761.0000,3764.8000,3765.0000,3767.2000,3767.6000,3769.0000,2,1,2,1,7,1,1,1,1,1
SF,IF2007,2020-05-27 13:44:14.200,3764.8000,8339,1,2538974760.000,1,1,0,双开,S,3764.2000,3764.0000,3763.6000,3763.4000,3762.8000,3765.0000,3767.2000,3767.6000,3769.0000,3769.2000,3,1,1,2,1,1,1,1,1,1
SF,IF2007,2020-05-27 13:44:14.700,3764.8000,8339,0,2538974760.000,0,-,-,-,-,3764.4000,3764.2000,3764.0000,3763.6000,3763.4000,3765.0000,3767.2000,3767.6000,3769.0000,3769.2000,1,2,2,1,2,1,1,1,1,1
SF,IF2007,2020-05-27 13:44:15.700,3764.8000,8339,0,2538974760.000,0,-,-,-,-,3764.4000,3764.2000,3764.0000,3763.6000,3763.4000,3765.0000,3767.2000,3767.6000,3769.0000,3769.2000,1,2,1,1,2,1,1,1,1,1
SF,IF2007,2020-05-27 13:44:16.700,3764.8000,8339,0,2538974760.000,0,-,-,-,-,3764.4000,3764.2000,3764.0000,3763.6000,3763.4000,3765.0000,3767.2000,3767.6000,3769.0000,3769.2000,1,1,1,1,2,1,1,1,1,1
SF,IF2007,2020-05-27 13:44:19.700,3764.8000,8339,0,2538974760.000,0,-,-,-,-,3764.4000,3764.2000,3763.6000,3763.4000,3762.8000,3765.0000,3767.2000,3767.6000,3769.0000,3769.2000,1,1,1,2,1,1,1,1,1,1
SF,IF2007,2020-05-27 13:44:22.200,3764.8000,8339,0,2538974760.000,0,-,-,-,-,3764.4000,3764.2000,3763.6000,3763.4000,3762.8000,3765.0000,3767.2000,3767.6000,3769.2000,3770.0000,1,1,1,2,1,1,1,1,1,2
SF,IF2007,2020-05-27 13:44:22.700,3764.8000,8339,0,2538974760.000,0,-,-,-,-,3764.2000,3763.6000,3762.8000,3761.0000,3760.2000,3765.0000,3767.2000,3767.6000,3769.2000,3770.0000,1,1,1,7,2,1,1,1,1,2
SF,IF2007,2020-05-27 13:44:23.200,3764.8000,8339,0,2538974760.000,0,-,-,-,-,3763.6000,3762.8000,3761.0000,3760.2000,3760.0000,3764.4000,3765.0000,3767.2000,3767.6000,3769.2000,1,1,7,2,1,1,1,1,1,1
SF,IF2007,2020-05-27 13:44:23.700,3764.8000,8339,0,2538974760.000,0,-,-,-,-,3763.8000,3762.8000,3761.0000,3760.2000,3760.0000,3764.4000,3767.2000,3767.6000,3769.2000,3770.0000,1,1,7,2,1,1,1,1,1,2
SF,IF2007,2020-05-27 13:44:26.700,3764.4000,8339,0,2540104080.000,1,0,1,多换,S,3763.8000,3762.8000,3761.0000,3760.2000,3760.0000,3767.2000,3767.6000,3769.2000,3770.0000,3770.2000,1,1,7,2,1,1,1,1,2,2
SF,IF2007,2020-05-27 13:44:27.200,3764.4000,8339,0,2540104080.000,0,-,-,-,-,3764.0000,3763.8000,3762.8000,3761.0000,3760.2000,3765.2000,3765.6000,3766.2000,3766.4000,3766.8000,2,1,1,7,2,1,2,3,4,2
SF,IF2007,2020-05-27 13:44:27.700,3764.4000,8339,0,2540104080.000,0,-,-,-,-,3764.0000,3763.8000,3762.8000,3761.0000,3760.2000,3765.2000,3766.2000,3766.4000,3766.8000,3767.0000,1,1,1,7,2,1,3,4,1,5
SF,IF2007,2020-05-27 13:44:28.200,3764.4000,8339,0,2540104080.000,0,-,-,-,-,3764.0000,3763.8000,3762.8000,3761.0000,3760.2000,3765.0000,3765.2000,3766.2000,3766.4000,3766.8000,1,1,1,7,2,1,1,3,4,1
SF,IF2007,2020-05-27 13:44:34.200,3764.4000,8339,0,2540104080.000,0,-,-,-,-,3764.2000,3764.0000,3763.8000,3762.8000,3761.0000,3765.0000,3765.2000,3766.2000,3766.4000,3766.8000,1,1,1,1,7,1,1,3,4,1
SF,IF2007,2020-05-27 13:44:36.200,3764.4000,8339,0,2540104080.000,0,-,-,-,-,3764.0000,3763.8000,3762.8000,3761.0000,3760.2000,3765.0000,3765.2000,3766.2000,3766.4000,3766.8000,1,1,1,7,2,1,1,3,4,1
SF,IF2007,2020-05-27 13:44:40.200,3764.4000,8339,0,2540104080.000,0,-,-,-,-,3764.4000,3764.0000,3763.8000,3762.8000,3761.0000,3765.0000,3765.2000,3766.2000,3766.4000,3766.8000,1,1,1,1,7,1,1,3,4,1
SF,IF2007,2020-05-27 13:44:40.700,3764.4000,8339,0,2540104080.000,0,-,-,-,-,3764.4000,3764.0000,3762.8000,3761.0000,3760.2000,3765.2000,3766.2000,3766.4000,3766.8000,3767.0000,1,1,1,7,2,1,3,4,1,4
SF,IF2007,2020-05-27 13:44:41.200,3764.4000,8339,0,2540104080.000,0,-,-,-,-,3764.0000,3762.8000,3761.0000,3760.2000,3760.0000,3765.2000,3766.2000,3766.4000,3766.8000,3767.0000,1,1,7,2,1,1,3,4,1,4
SF,IF2007,2020-05-27 13:44:41.700,3764.4000,8339,0,2540104080.000,0,-,-,-,-,3764.2000,3764.0000,3762.8000,3761.0000,3760.2000,3765.2000,3766.2000,3766.4000,3766.8000,3767.0000,2,1,1,7,2,1,3,4,1,4
SF,IF2007,2020-05-27 13:44:46.700,3764.4000,8339,0,2540104080.000,0,-,-,-,-,3764.0000,3762.8000,3761.0000,3760.2000,3760.0000,3765.2000,3766.2000,3766.4000,3766.8000,3767.0000,1,1,7,2,1,1,3,4,1,4
SF,IF2007,2020-05-27 13:44:47.200,3764.4000,8339,0,2540104080.000,0,-,-,-,-,3764.0000,3762.8000,3761.0000,3760.2000,3760.0000,3765.0000,3765.2000,3766.2000,3766.4000,3766.8000,1,1,7,2,1,1,1,3,4,1
SF,IF2007,2020-05-27 13:44:47.700,3764.4000,8339,0,2540104080.000,0,-,-,-,-,3762.8000,3761.0000,3760.2000,3760.0000,3759.8000,3765.0000,3765.2000,3766.2000,3766.4000,3766.8000,1,7,2,1,2,1,1,3,4,1
SF,IF2007,2020-05-27 13:44:48.200,3764.4000,8339,0,2540104080.000,0,-,-,-,-,3763.6000,3763.4000,3763.0000,3762.8000,3761.0000,3764.8000,3765.0000,3766.2000,3766.4000,3766.8000,1,3,6,1,7,1,1,3,4,1
SF,IF2007,2020-05-27 13:44:48.700,3764.4000,8339,0,2540104080.000,0,-,-,-,-,3763.8000,3763.6000,3763.4000,3763.0000,3762.8000,3764.6000,3764.8000,3766.2000,3766.4000,3766.8000,2,1,2,5,1,1,1,3,4,1
SF,IF2007,2020-05-27 13:44:51.700,3764.6000,8340,1,2541233460.000,1,1,0,双开,S,3763.8000,3763.6000,3763.4000,3763.0000,3762.8000,3764.8000,3766.2000,3766.4000,3766.8000,3767.0000,2,1,2,5,1,1,3,4,1,4
SF,IF2007,2020-05-27 13:44:53.200,3764.6000,8340,0,2541233460.000,0,-,-,-,-,3764.0000,3763.8000,3763.6000,3763.4000,3763.0000,3764.8000,3766.2000,3766.4000,3766.8000,3767.0000,1,2,1,2,5,1,3,4,1,4
SF,IF2007,2020-05-27 13:44:53.700,3764.6000,8340,0,2541233460.000,0,-,-,-,-,3764.2000,3764.0000,3763.8000,3763.6000,3763.4000,3764.8000,3766.2000,3766.4000,3766.8000,3767.0000,1,1,1,1,2,1,3,4,1,4
SF,IF2007,2020-05-27 13:44:56.200,3764.6000,8340,0,2541233460.000,0,-,-,-,-,3764.2000,3763.8000,3763.6000,3763.4000,3763.0000,3764.8000,3766.2000,3766.4000,3766.8000,3767.0000,1,1,1,2,4,1,3,4,1,4
SF,IF2007,2020-05-27 13:44:56.700,3764.6000,8340,0,2541233460.000,0,-,-,-,-,3763.8000,3763.6000,3763.4000,3763.0000,3762.8000,3764.8000,3766.2000,3766.4000,3766.8000,3767.0000,1,1,2,4,1,1,3,4,1,4
SF,IF2007,2020-05-27 13:44:57.200,3764.6000,8340,0,2541233460.000,0,-,-,-,-,3764.0000,3763.8000,3763.6000,3763.4000,3763.0000,3764.8000,3766.2000,3766.4000,3766.8000,3767.0000,1,1,1,2,4,1,3,4,1,4
SF,IF2007,2020-05-27 13:44:58.700,3764.6000,8340,0,2541233460.000,0,-,-,-,-,3764.2000,3764.0000,3763.8000,3763.6000,3763.4000,3764.8000,3766.2000,3766.4000,3766.8000,3767.0000,1,1,1,1,2,1,3,4,1,4
SF,IF2007,2020-05-27 13:45:00.200,3764.8000,8340,0,2542362900.000,1,0,1,多换,S,3764.2000,3764.0000,3763.6000,3763.4000,3763.0000,3766.2000,3766.4000,3766.8000,3767.0000,3767.2000,1,1,1,2,4,3,4,1,4,1
SF,IF2007,2020-05-27 13:45:00.700,3764.8000,8340,0,2542362900.000,0,-,-,-,-,3764.4000,3764.2000,3763.6000,3763.4000,3763.0000,3765.6000,3765.8000,3766.0000,3766.2000,3766.8000,4,1,1,2,3,1,1,1,3,1
SF,IF2007,2020-05-27 13:45:01.200,3764.8000,8340,0,2542362900.000,0,-,-,-,-,3764.6000,3764.4000,3764.2000,3763.6000,3763.4000,3765.6000,3765.8000,3766.0000,3766.2000,3766.8000,1,3,1,1,2,1,1,1,2,1
SF,IF2007,2020-05-27 13:45:01.700,3764.6000,8340,0,2543492280.000,1,0,1,多换,S,3764.4000,3764.2000,3763.6000,3763.4000,3763.0000,3765.6000,3765.8000,3766.0000,3766.2000,3766.8000,3,1,1,2,3,1,1,1,2,1
SF,IF2007,2020-05-27 13:45:03.200,3764.6000,8340,0,2543492280.000,0,-,-,-,-,3764.4000,3764.2000,3763.6000,3763.4000,3763.0000,3765.4000,3765.6000,3765.8000,3766.0000,3766.2000,3,1,1,2,3,1,1,1,1,2
SF,IF2007,2020-05-27 13:45:04.700,3764.6000,8340,0,2543492280.000,0,-,-,-,-,3764.4000,3764.2000,3763.6000,3763.4000,3763.0000,3765.4000,3765.6000,3766.0000,3766.2000,3766.8000,2,1,1,2,3,1,1,1,2,1
SF,IF2007,2020-05-27 13:45:14.700,3764.6000,8340,0,2543492280.000,0,-,-,-,-,3764.8000,3764.4000,3764.2000,3763.6000,3763.4000,3765.4000,3765.6000,3766.0000,3766.2000,3766.8000,1,2,1,1,2,1,1,1,2,1
SF,IF2007,2020-05-27 13:45:17.700,3764.6000,8340,0,2543492280.000,0,-,-,-,-,3764.4000,3764.2000,3763.6000,3763.4000,3763.0000,3765.4000,3765.6000,3766.0000,3766.2000,3767.0000,2,1,1,2,3,1,1,1,2,4
SF,IF2007,2020-05-27 13:45:30.700,3764.6000,8340,0,2543492280.000,0,-,-,-,-,3764.4000,3764.2000,3763.6000,3763.4000,3763.0000,3765.6000,3766.0000,3766.2000,3767.0000,3767.6000,2,1,1,2,3,1,1,2,4,1
SF,IF2007,2020-05-27 13:45:31.200,3764.6000,8340,0,2543492280.000,0,-,-,-,-,3764.6000,3764.4000,3764.2000,3763.6000,3763.4000,3765.6000,3766.0000,3766.2000,3767.0000,3767.6000,2,2,1,1,2,1,1,2,4,1
SF,IF2007,2020-05-27 13:45:31.700,3764.6000,8340,0,2543492280.000,0,-,-,-,-,3764.8000,3764.6000,3764.4000,3764.2000,3763.6000,3765.6000,3766.0000,3766.2000,3767.0000,3767.6000,1,2,1,1,1,1,1,2,4,1
SF,IF2007,2020-05-27 13:45:36.700,3764.6000,8340,0,2543492280.000,0,-,-,-,-,3764.8000,3764.6000,3764.4000,3764.2000,3763.6000,3765.6000,3766.0000,3766.2000,3767.0000,3767.6000,1,1,1,1,1,1,1,2,4,1
SF,IF2007,2020-05-27 13:45:39.200,3764.6000,8340,0,2543492280.000,0,-,-,-,-,3764.8000,3764.4000,3764.2000,3763.6000,3763.4000,3765.6000,3766.0000,3766.2000,3767.0000,3767.6000,1,1,1,1,2,1,1,2,4,1
SF,IF2007,2020-05-27 13:45:43.200,3764.6000,8340,0,2543492280.000,0,-,-,-,-,3764.8000,3764.4000,3764.2000,3763.6000,3763.4000,3765.6000,3766.0000,3767.0000,3767.6000,3769.2000,1,1,1,1,2,1,1,4,1,1
SF,IF2007,2020-05-27 13:45:45.200,3764.6000,8340,0,2543492280.000,0,-,-,-,-,3764.8000,3764.4000,3764.2000,3763.6000,3763.4000,3766.0000,3767.0000,3767.6000,3769.2000,3770.0000,1,1,1,1,2,1,4,1,1,2
SF,IF2007,2020-05-27 13:45:51.200,3764.6000,8340,0,2543492280.000,0,-,-,-,-,3764.8000,3764.4000,3764.2000,3763.6000,3763.4000,3765.8000,3766.0000,3767.0000,3767.6000,3769.2000,1,1,1,1,2,3,1,4,1,1
SF,IF2007,2020-05-27 13:45:56.700,3764.6000,8340,0,2543492280.000,0,-,-,-,-,3764.8000,3764.4000,3763.6000,3763.4000,3763.0000,3765.8000,3766.0000,3767.0000,3767.6000,3769.2000,1,1,1,2,3,3,1,4,1,1
SF,IF2007,2020-05-27 13:46:02.700,3764.8000,8341,1,2544621720.000,1,1,0,双开,S,3764.4000,3763.6000,3763.4000,3763.0000,3762.8000,3765.8000,3766.0000,3767.0000,3767.6000,3769.2000,1,1,2,3,1,3,1,4,1,1
SF,IF2007,2020-05-27 13:46:03.200,3764.8000,8341,0,2544621720.000,0,-,-,-,-,3763.6000,3763.4000,3763.0000,3762.8000,3761.0000,3765.4000,3765.6000,3765.8000,3767.0000,3767.6000,1,2,3,1,7,2,3,1,4,1
SF,IF2007,2020-05-27 13:46:03.700,3764.8000,8341,0,2544621720.000,0,-,-,-,-,3764.0000,3763.8000,3763.6000,3763.4000,3763.0000,3765.2000,3765.4000,3765.6000,3765.8000,3767.0000,1,2,1,2,3,1,2,2,1,4
SF,IF2007,2020-05-27 13:46:04.200,3764.8000,8341,0,2544621720.000,0,-,-,-,-,3764.0000,3763.8000,3763.6000,3763.4000,3763.0000,3765.2000,3765.4000,3765.6000,3767.0000,3767.6000,1,2,1,2,3,1,2,2,4,1
SF,IF2007,2020-05-27 13:46:04.700,3764.8000,8341,0,2544621720.000,0,-,-,-,-,3764.2000,3764.0000,3763.8000,3763.6000,3763.4000,3765.2000,3765.4000,3765.6000,3767.0000,3767.6000,1,1,1,1,2,1,2,2,4,1
SF,IF2007,2020-05-27 13:46:18.700,3764.2000,8342,1,2545750980.000,1,1,0,双开,S,3764.0000,3763.8000,3763.6000,3763.4000,3763.0000,3765.2000,3765.4000,3765.6000,3767.0000,3767.6000,1,1,1,2,3,1,2,2,4,1
SF,IF2007,2020-05-27 13:46:21.200,3764.2000,8342,0,2545750980.000,0,-,-,-,-,3764.0000,3763.8000,3763.6000,3763.4000,3763.0000,3765.2000,3765.4000,3765.6000,3767.0000,3767.6000,2,1,1,2,3,1,2,2,4,1
SF,IF2007,2020-05-27 13:46:31.700,3764.0000,8343,1,2548009380.000,2,1,1,空开,S,3763.8000,3763.6000,3763.4000,3763.0000,3762.8000,3765.0000,3765.2000,3765.6000,3767.0000,3767.6000,1,1,2,1,1,3,1,2,4,1
SF,IF2007,2020-05-27 13:46:32.200,3764.0000,8343,0,2548009380.000,0,-,-,-,-,3763.6000,3763.4000,3763.0000,3762.8000,3761.0000,3764.8000,3765.0000,3765.6000,3767.0000,3767.6000,1,2,1,1,7,2,2,2,4,1
SF,IF2007,2020-05-27 13:46:33.700,3764.0000,8343,0,2548009380.000,0,-,-,-,-,3763.6000,3763.4000,3763.0000,3762.8000,3761.0000,3764.8000,3765.0000,3765.6000,3767.0000,3767.6000,1,2,1,1,7,1,2,2,4,1
SF,IF2007,2020-05-27 13:46:37.700,3764.0000,8343,0,2548009380.000,0,-,-,-,-,3763.8000,3763.6000,3763.4000,3763.0000,3762.8000,3764.8000,3765.0000,3765.6000,3767.0000,3767.6000,2,1,2,1,1,1,2,2,4,1
SF,IF2007,2020-05-27 13:46:38.200,3764.0000,8343,0,2548009380.000,0,-,-,-,-,3764.0000,3763.8000,3763.6000,3763.4000,3763.0000,3764.8000,3765.0000,3765.6000,3767.0000,3767.6000,1,2,1,2,1,1,1,1,4,1
SF,IF2007,2020-05-27 13:46:38.700,3764.0000,8343,0,2548009380.000,0,-,-,-,-,3763.8000,3763.6000,3763.4000,3763.0000,3762.8000,3764.8000,3765.0000,3765.6000,3767.0000,3767.6000,1,1,2,1,1,1,1,1,4,1
SF,IF2007,2020-05-27 13:46:45.200,3763.8000,8344,1,2549138520.000,1,1,0,双开,S,3762.8000,3761.0000,3760.2000,3760.0000,3759.8000,3764.4000,3764.6000,3764.8000,3765.6000,3767.0000,1,7,2,1,2,1,1,1,1,4
SF,IF2007,2020-05-27 13:46:45.700,3763.8000,8344,0,2549138520.000,0,-,-,-,-,3763.2000,3763.0000,3762.8000,3761.0000,3760.2000,3764.0000,3764.2000,3764.6000,3765.6000,3767.0000,1,1,1,7,2,1,1,1,1,4
SF,IF2007,2020-05-27 13:46:46.200,3763.8000,8344,0,2549138520.000,0,-,-,-,-,3763.2000,3763.0000,3762.8000,3761.0000,3760.2000,3764.0000,3764.2000,3765.6000,3767.0000,3767.6000,1,1,1,7,2,1,1,1,4,1
SF,IF2007,2020-05-27 13:46:48.700,3763.2000,8344,0,2550267480.000,1,0,1,多换,S,3763.0000,3762.8000,3761.0000,3760.2000,3760.0000,3763.2000,3764.0000,3764.2000,3765.6000,3767.0000,1,1,7,2,1,1,1,1,1,4
SF,IF2007,2020-05-27 13:46:49.200,3763.2000,8345,1,2551396440.000,1,1,0,双开,S,3763.4000,3762.8000,3761.0000,3760.2000,3760.0000,3764.2000,3765.6000,3767.0000,3767.6000,3769.2000,1,1,7,2,1,1,1,4,1,1
SF,IF2007,2020-05-27 13:46:49.700,3763.2000,8345,0,2551396440.000,0,-,-,-,-,3762.8000,3761.0000,3760.2000,3760.0000,3759.8000,3763.6000,3764.0000,3764.2000,3765.6000,3767.0000,1,7,2,1,2,1,1,1,1,3
SF,IF2007,2020-05-27 13:46:50.200,3763.6000,8346,1,2552525520.000,1,1,0,双开,S,3762.8000,3761.0000,3760.2000,3760.0000,3759.8000,3764.0000,3764.2000,3765.6000,3767.0000,3767.6000,1,7,2,1,2,1,1,1,3,1
SF,IF2007,2020-05-27 13:46:50.700,3763.6000,8346,0,2552525520.000,0,-,-,-,-,3762.8000,3761.0000,3760.2000,3760.0000,3759.8000,3763.8000,3764.0000,3765.6000,3767.0000,3767.6000,1,7,2,1,2,1,1,1,3,1
SF,IF2007,2020-05-27 13:46:51.200,3763.6000,8346,0,2552525520.000,0,-,-,-,-,3762.8000,3761.0000,3760.2000,3760.0000,3759.8000,3763.8000,3764.0000,3765.6000,3767.0000,3767.6000,1,7,2,1,2,1,1,1,3,1
SF,IF2007,2020-05-27 13:46:51.700,3763.6000,8346,0,2552525520.000,0,-,-,-,-,3763.0000,3762.8000,3761.0000,3760.2000,3760.0000,3763.8000,3764.0000,3765.6000,3767.0000,3767.6000,2,1,7,2,1,1,1,1,3,1
SF,IF2007,2020-05-27 13:46:52.200,3763.6000,8346,0,2552525520.000,0,-,-,-,-,3763.0000,3762.8000,3761.0000,3760.2000,3760.0000,3763.8000,3764.0000,3765.6000,3767.0000,3767.6000,2,1,7,2,1,1,1,1,3,1
SF,IF2007,2020-05-27 13:46:53.200,3763.6000,8346,0,2552525520.000,0,-,-,-,-,3763.0000,3762.8000,3761.0000,3760.2000,3760.0000,3763.8000,3764.0000,3765.6000,3767.0000,3767.6000,2,2,7,2,1,1,1,1,3,1
SF,IF2007,2020-05-27 13:46:53.700,3764.0000,8346,0,2553654720.000,1,0,1,多换,S,3763.4000,3763.2000,3763.0000,3762.8000,3761.0000,3765.6000,3767.0000,3767.6000,3769.2000,3770.0000,1,1,1,2,7,1,3,1,1,2
SF,IF2007,2020-05-27 13:46:54.200,3764.0000,8346,0,2553654720.000,0,-,-,-,-,3763.6000,3763.4000,3762.8000,3761.0000,3760.2000,3764.8000,3765.0000,3765.2000,3765.4000,3765.6000,3,1,2,7,2,1,1,1,3,1
SF,IF2007,2020-05-27 13:46:54.700,3764.0000,8346,0,2553654720.000,0,-,-,-,-,3763.6000,3763.4000,3762.8000,3761.0000,3760.2000,3764.6000,3764.8000,3765.4000,3765.6000,3767.6000,1,1,2,7,2,1,1,2,1,1
SF,IF2007,2020-05-27 13:47:01.200,3764.0000,8346,0,2553654720.000,0,-,-,-,-,3763.4000,3762.8000,3761.0000,3760.2000,3760.0000,3764.6000,3764.8000,3765.4000,3765.6000,3767.6000,1,2,7,2,1,1,1,2,1,1
SF,IF2007,2020-05-27 13:47:01.700,3764.0000,8346,0,2553654720.000,0,-,-,-,-,3763.4000,3762.8000,3761.0000,3760.2000,3760.0000,3764.4000,3764.6000,3764.8000,3765.4000,3765.6000,1,2,7,2,1,1,1,1,2,1
SF,IF2007,2020-05-27 13:47:02.200,3764.0000,8346,0,2553654720.000,0,-,-,-,-,3763.4000,3762.8000,3761.0000,3760.2000,3760.0000,3764.2000,3764.4000,3764.8000,3765.4000,3765.6000,1,2,7,2,1,1,1,1,2,1
SF,IF2007,2020-05-27 13:47:04.200,3764.0000,8346,0,2553654720.000,0,-,-,-,-,3763.4000,3762.8000,3761.0000,3760.2000,3760.0000,3764.2000,3764.4000,3765.4000,3765.6000,3767.6000,1,2,7,2,1,1,1,2,1,1
SF,IF2007,2020-05-27 13:47:06.200,3764.0000,8346,0,2553654720.000,0,-,-,-,-,3763.4000,3762.8000,3761.0000,3760.2000,3760.0000,3764.2000,3764.4000,3765.4000,3765.6000,3767.6000,1,2,7,2,1,1,2,2,1,1
SF,IF2007,2020-05-27 13:47:06.700,3764.0000,8346,0,2553654720.000,0,-,-,-,-,3763.4000,3762.8000,3761.0000,3760.2000,3760.0000,3764.2000,3764.4000,3765.4000,3765.6000,3767.6000,1,2,7,2,1,1,1,2,1,1
SF,IF2007,2020-05-27 13:47:09.200,3764.0000,8346,0,2553654720.000,0,-,-,-,-,3762.8000,3761.0000,3760.2000,3760.0000,3759.8000,3764.2000,3764.4000,3765.4000,3765.6000,3767.6000,2,7,2,1,2,1,1,2,1,1
SF,IF2007,2020-05-27 13:47:09.700,3764.0000,8346,0,2553654720.000,0,-,-,-,-,3763.0000,3762.8000,3761.0000,3760.2000,3760.0000,3764.2000,3764.4000,3765.4000,3765.6000,3767.6000,1,2,7,2,1,1,1,2,1,1
SF,IF2007,2020-05-27 13:47:10.200,3764.0000,8346,0,2553654720.000,0,-,-,-,-,3763.0000,3762.8000,3761.0000,3760.2000,3760.0000,3764.0000,3764.2000,3764.4000,3765.4000,3765.6000,1,2,7,2,1,1,1,1,2,1
SF,IF2007,2020-05-27 13:47:10.700,3764.0000,8346,0,2553654720.000,0,-,-,-,-,3762.8000,3761.0000,3760.2000,3760.0000,3759.8000,3763.8000,3764.0000,3764.4000,3765.4000,3765.6000,2,7,2,1,2,1,1,1,2,1
SF,IF2007,2020-05-27 13:47:13.200,3764.0000,8346,0,2553654720.000,0,-,-,-,-,3762.8000,3761.0000,3760.2000,3760.0000,3759.8000,3763.8000,3764.0000,3765.4000,3765.6000,3767.6000,2,7,2,1,2,1,1,2,1,1
SF,IF2007,2020-05-27 13:47:14.200,3763.8000,8347,1,2554783860.000,1,1,0,双开,S,3763.0000,3762.8000,3761.0000,3760.2000,3760.0000,3765.4000,3765.6000,3767.6000,3769.2000,3770.0000,2,2,7,2,1,2,1,1,1,2
SF,IF2007,2020-05-27 13:47:14.700,3763.8000,8347,0,2554783860.000,0,-,-,-,-,3763.2000,3763.0000,3762.8000,3761.0000,3760.2000,3764.6000,3764.8000,3765.2000,3765.4000,3765.6000,2,2,2,7,2,1,2,3,2,1
SF,IF2007,2020-05-27 13:47:15.200,3763.8000,8347,0,2554783860.000,0,-,-,-,-,3763.2000,3763.0000,3762.8000,3761.0000,3760.2000,3764.4000,3764.6000,3764.8000,3765.2000,3765.4000,1,2,2,7,2,1,1,2,2,2
SF,IF2007,2020-05-27 13:47:15.700,3763.8000,8347,0,2554783860.000,0,-,-,-,-,3763.2000,3763.0000,3762.8000,3761.0000,3760.2000,3764.4000,3764.6000,3764.8000,3765.2000,3765.4000,1,2,2,7,2,1,1,1,2,2
SF,IF2007,2020-05-27 13:47:16.200,3763.8000,8347,0,2554783860.000,0,-,-,-,-,3763.2000,3763.0000,3762.8000,3761.0000,3760.2000,3764.2000,3764.4000,3764.6000,3765.2000,3765.4000,1,2,2,7,2,1,1,1,2,2
SF,IF2007,2020-05-27 13:47:17.700,3763.8000,8347,0,2554783860.000,0,-,-,-,-,3763.2000,3763.0000,3762.8000,3761.0000,3760.2000,3764.2000,3764.4000,3764.6000,3765.2000,3765.4000,1,2,1,7,2,1,1,1,2,2
SF,IF2007,2020-05-27 13:47:29.200,3763.8000,8347,0,2554783860.000,0,-,-,-,-,3763.2000,3763.0000,3762.8000,3761.0000,3760.2000,3764.2000,3764.4000,3765.2000,3765.4000,3765.6000,1,2,1,7,2,1,1,2,2,1
SF,IF2007,2020-05-27 13:47:35.700,3763.8000,8347,0,2554783860.000,0,-,-,-,-,3763.4000,3763.2000,3762.8000,3761.0000,3760.2000,3764.4000,3765.2000,3765.4000,3765.6000,3767.6000,2,1,1,7,2,1,2,2,1,1
SF,IF2007,2020-05-27 13:47:36.200,3763.6000,8348,1,2555912940.000,1,1,0,双开,S,3763.4000,3763.2000,3762.8000,3761.0000,3760.2000,3764.0000,3764.4000,3765.2000,3765.4000,3765.6000,1,1,1,7,2,1,1,2,2,1
SF,IF2007,2020-05-27 13:47:36.700,3763.6000,8348,0,2555912940.000,0,-,-,-,-,3763.6000,3763.4000,3762.8000,3761.0000,3760.2000,3765.2000,3765.4000,3765.6000,3767.6000,3769.2000,1,1,1,7,2,2,2,1,1,1
SF,IF2007,2020-05-27 13:47:37.200,3763.6000,8348,0,2555912940.000,0,-,-,-,-,3763.6000,3763.4000,3762.8000,3761.0000,3760.2000,3764.8000,3765.0000,3765.2000,3765.6000,3767.6000,1,1,1,7,2,3,4,2,1,1
SF,IF2007,2020-05-27 13:47:37.700,3763.6000,8348,0,2555912940.000,0,-,-,-,-,3763.6000,3763.4000,3762.8000,3761.0000,3760.2000,3764.6000,3764.8000,3765.0000,3765.2000,3765.6000,1,1,1,7,2,1,3,3,1,1
SF,IF2007,2020-05-27 13:47:38.200,3763.6000,8348,0,2555912940.000,0,-,-,-,-,3763.4000,3762.8000,3761.0000,3760.2000,3760.0000,3764.6000,3764.8000,3765.0000,3765.2000,3765.6000,1,1,7,2,1,1,3,3,1,1
SF,IF2007,2020-05-27 13:47:38.700,3763.6000,8348,0,2555912940.000,0,-,-,-,-,3763.4000,3762.8000,3761.0000,3760.2000,3760.0000,3764.6000,3764.8000,3765.0000,3765.2000,3765.6000,1,1,7,2,1,1,3,2,1,1
SF,IF2007,2020-05-27 13:47:39.200,3763.6000,8348,0,2555912940.000,0,-,-,-,-,3763.4000,3762.8000,3761.0000,3760.2000,3760.0000,3764.4000,3764.6000,3765.0000,3765.2000,3765.6000,1,1,7,2,1,3,1,1,1,1
SF,IF2007,2020-05-27 13:47:39.700,3763.6000,8348,0,2555912940.000,0,-,-,-,-,3763.4000,3762.8000,3761.0000,3760.2000,3760.0000,3764.4000,3764.6000,3765.0000,3765.2000,3765.6000,1,1,7,2,1,3,1,1,1,1
SF,IF2007,2020-05-27 13:47:51.200,3763.6000,8348,0,2555912940.000,0,-,-,-,-,3762.8000,3761.0000,3760.2000,3760.0000,3759.8000,3764.2000,3764.4000,3764.6000,3765.0000,3765.2000,1,7,2,1,2,1,3,1,1,1
SF,IF2007,2020-05-27 13:47:51.700,3763.6000,8348,0,2555912940.000,0,-,-,-,-,3763.0000,3762.8000,3761.0000,3760.2000,3760.0000,3764.2000,3764.4000,3764.6000,3765.0000,3765.2000,1,1,7,2,1,1,3,1,1,1
SF,IF2007,2020-05-27 13:47:52.200,3763.6000,8348,0,2555912940.000,0,-,-,-,-,3763.0000,3762.8000,3761.0000,3760.2000,3760.0000,3764.0000,3764.2000,3764.4000,3765.0000,3765.2000,1,1,7,2,1,1,1,3,1,1
SF,IF2007,2020-05-27 13:47:53.200,3763.6000,8348,0,2555912940.000,0,-,-,-,-,3763.0000,3762.8000,3761.0000,3760.2000,3760.0000,3764.0000,3764.2000,3764.4000,3765.0000,3765.2000,1,1,7,2,1,1,1,2,1,1
SF,IF2007,2020-05-27 13:47:55.700,3763.6000,8348,0,2555912940.000,0,-,-,-,-,3763.0000,3761.0000,3760.2000,3760.0000,3759.8000,3764.0000,3764.4000,3765.0000,3765.2000,3765.6000,1,7,2,1,2,1,2,1,1,1
SF,IF2007,2020-05-27 13:47:56.200,3763.6000,8348,0,2555912940.000,0,-,-,-,-,3761.0000,3760.2000,3760.0000,3759.8000,3758.0000,3763.8000,3764.0000,3764.4000,3765.0000,3765.2000,7,2,1,2,4,1,1,2,1,1
SF,IF2007,2020-05-27 13:47:56.700,3763.6000,8348,0,2555912940.000,0,-,-,-,-,3762.2000,3762.0000,3761.8000,3761.2000,3761.0000,3763.6000,3763.8000,3765.0000,3765.2000,3765.6000,2,1,2,11,8,1,1,1,1,1
SF,IF2007,2020-05-27 13:47:57.200,3763.6000,8348,0,2555912940.000,0,-,-,-,-,3762.4000,3762.2000,3762.0000,3761.8000,3761.2000,3763.6000,3763.8000,3765.0000,3765.2000,3765.6000,1,2,1,2,10,1,1,1,1,1
SF,IF2007,2020-05-27 13:47:57.700,3763.6000,8348,0,2555912940.000,0,-,-,-,-,3762.4000,3762.2000,3762.0000,3761.8000,3761.2000,3763.4000,3763.6000,3763.8000,3765.0000,3765.2000,1,2,1,2,9,1,1,1,1,1
SF,IF2007,2020-05-27 13:47:59.700,3763.6000,8348,0,2555912940.000,0,-,-,-,-,3762.6000,3762.4000,3762.2000,3762.0000,3761.8000,3763.4000,3763.6000,3763.8000,3765.0000,3765.2000,2,1,1,1,2,1,1,1,1,1
SF,IF2007,2020-05-27 13:48:00.200,3763.6000,8348,0,2555912940.000,0,-,-,-,-,3762.6000,3762.4000,3762.2000,3762.0000,3761.8000,3763.6000,3763.8000,3765.0000,3765.2000,3765.6000,3,1,1,1,2,1,1,1,1,1
SF,IF2007,2020-05-27 13:48:00.700,3763.6000,8348,0,2555912940.000,0,-,-,-,-,3762.8000,3762.6000,3762.0000,3761.8000,3761.2000,3763.6000,3763.8000,3765.0000,3765.2000,3765.6000,1,3,1,2,9,1,1,1,1,1
SF,IF2007,2020-05-27 13:48:01.200,3762.8000,8349,1,2557041780.000,1,1,0,双开,S,3762.6000,3762.0000,3761.8000,3761.2000,3761.0000,3763.8000,3765.0000,3765.2000,3765.6000,3767.6000,3,1,2,9,8,1,1,1,1,1
SF,IF2007,2020-05-27 13:48:01.700,3762.8000,8349,0,2557041780.000,0,-,-,-,-,3762.6000,3762.0000,3761.8000,3761.2000,3761.0000,3763.6000,3763.8000,3765.0000,3765.2000,3765.6000,3,1,2,9,8,1,1,1,1,1
SF,IF2007,2020-05-27 13:48:08.200,3762.8000,8349,0,2557041780.000,0,-,-,-,-,3762.6000,3762.0000,3761.8000,3761.2000,3761.0000,3763.4000,3763.6000,3763.8000,3765.0000,3765.2000,3,1,2,9,8,1,1,1,1,1
SF,IF2007,2020-05-27 13:48:08.700,3762.8000,8349,0,2557041780.000,0,-,-,-,-,3762.8000,3762.6000,3762.0000,3761.8000,3761.2000,3763.4000,3763.6000,3763.8000,3765.0000,3765.2000,1,2,1,2,9,1,1,1,1,1
SF,IF2007,2020-05-27 13:48:10.700,3762.8000,8349,0,2557041780.000,0,-,-,-,-,3762.8000,3762.6000,3762.0000,3761.8000,3761.2000,3763.6000,3763.8000,3765.0000,3765.2000,3765.6000,1,2,1,2,9,1,1,1,1,1
SF,IF2007,2020-05-27 13:48:14.700,3762.8000,8349,0,2557041780.000,0,-,-,-,-,3763.0000,3762.8000,3762.6000,3762.0000,3761.8000,3763.6000,3763.8000,3765.0000,3765.2000,3765.6000,1,1,1,1,2,1,1,1,1,1
SF,IF2007,2020-05-27 13:48:15.200,3762.8000,8349,0,2557041780.000,0,-,-,-,-,3763.0000,3762.8000,3762.6000,3762.0000,3761.8000,3763.8000,3765.0000,3765.2000,3765.6000,3767.6000,1,1,1,1,2,1,1,1,1,1
SF,IF2007,2020-05-27 13:48:16.200,3762.8000,8349,0,2557041780.000,0,-,-,-,-,3763.0000,3762.8000,3762.6000,3762.0000,3761.8000,3765.0000,3765.2000,3765.6000,3767.6000,3769.2000,1,1,1,1,2,1,1,1,1,1
SF,IF2007,2020-05-27 13:48:16.700,3762.8000,8349,0,2557041780.000,0,-,-,-,-,3763.2000,3763.0000,3762.8000,3762.6000,3762.0000,3764.4000,3764.8000,3765.0000,3765.2000,3765.6000,3,1,1,1,1,1,2,1,1,1
SF,IF2007,2020-05-27 13:48:17.200,3762.8000,8349,0,2557041780.000,0,-,-,-,-,3763.2000,3763.0000,3762.8000,3762.6000,3762.0000,3764.2000,3764.4000,3764.8000,3765.0000,3765.2000,2,1,1,1,1,1,1,1,1,1
SF,IF2007,2020-05-27 13:48:18.200,3762.8000,8349,0,2557041780.000,0,-,-,-,-,3763.4000,3763.2000,3762.8000,3762.6000,3762.0000,3764.2000,3764.4000,3764.8000,3765.0000,3765.2000,1,2,1,1,1,1,1,1,1,1
SF,IF2007,2020-05-27 13:48:18.700,3762.8000,8349,0,2557041780.000,0,-,-,-,-,3763.4000,3763.2000,3762.8000,3762.6000,3762.0000,3764.2000,3764.4000,3764.8000,3765.0000,3765.2000,1,1,1,1,1,1,1,1,1,1
SF,IF2007,2020-05-27 13:48:19.700,3764.2000,8350,1,2558171040.000,1,1,0,双开,S,3763.4000,3763.2000,3762.8000,3762.6000,3762.0000,3764.4000,3764.8000,3765.2000,3765.6000,3767.6000,1,1,1,1,1,1,1,1,1,1
SF,IF2007,2020-05-27 13:48:20.200,3764.2000,8350,0,2558171040.000,0,-,-,-,-,3763.6000,3763.4000,3762.8000,3762.6000,3762.0000,3764.8000,3765.6000,3767.6000,3769.2000,3770.0000,2,1,1,1,1,1,1,1,1,2
SF,IF2007,2020-05-27 13:48:20.700,3764.2000,8350,0,2558171040.000,0,-,-,-,-,3763.8000,3763.6000,3762.8000,3762.6000,3762.0000,3765.6000,3767.6000,3769.2000,3770.0000,3770.2000,1,2,1,1,1,1,1,1,2,2
SF,IF2007,2020-05-27 13:48:21.200,3764.2000,8350,0,2558171040.000,0,-,-,-,-,3764.2000,3764.0000,3762.8000,3762.6000,3762.0000,3765.2000,3765.4000,3765.6000,3767.6000,3769.2000,1,2,1,1,1,1,2,1,1,1
SF,IF2007,2020-05-27 13:48:21.700,3764.2000,8350,0,2558171040.000,0,-,-,-,-,3764.2000,3764.0000,3762.8000,3762.6000,3762.0000,3765.0000,3765.2000,3765.4000,3765.6000,3767.6000,1,2,1,1,1,1,1,1,1,1
SF,IF2007,2020-05-27 13:48:22.200,3764.2000,8350,0,2558171040.000,0,-,-,-,-,3764.2000,3764.0000,3762.8000,3762.6000,3762.0000,3765.0000,3765.2000,3765.4000,3767.6000,3769.2000,1,2,1,1,1,1,1,1,1,1
SF,IF2007,2020-05-27 13:48:22.700,3764.2000,8350,0,2558171040.000,0,-,-,-,-,3764.4000,3764.2000,3764.0000,3762.8000,3762.6000,3765.2000,3767.6000,3769.2000,3770.0000,3770.2000,1,1,1,1,1,1,1,1,2,2
SF,IF2007,2020-05-27 13:48:23.200,3764.2000,8350,0,2558171040.000,0,-,-,-,-,3764.6000,3764.4000,3764.0000,3762.8000,3762.6000,3767.6000,3769.2000,3770.0000,3770.2000,3771.4000,1,1,1,1,1,1,1,2,2,1
SF,IF2007,2020-05-27 13:48:23.700,3764.2000,8350,0,2558171040.000,0,-,-,-,-,3764.8000,3764.6000,3762.8000,3762.6000,3762.0000,3766.0000,3766.4000,3766.6000,3766.8000,3767.2000,3,1,1,1,1,2,1,2,3,2
SF,IF2007,2020-05-27 13:48:24.200,3764.2000,8350,0,2558171040.000,0,-,-,-,-,3764.8000,3764.6000,3762.8000,3762.6000,3762.0000,3766.0000,3766.4000,3766.6000,3766.8000,3767.2000,2,1,1,1,1,1,1,1,2,1
SF,IF2007,2020-05-27 13:48:24.700,3764.2000,8350,0,2558171040.000,0,-,-,-,-,3765.0000,3764.8000,3762.8000,3762.6000,3762.0000,3765.8000,3766.0000,3766.4000,3766.6000,3766.8000,1,2,1,1,1,1,1,1,1,2
SF,IF2007,2020-05-27 13:48:25.200,3764.2000,8350,0,2558171040.000,0,-,-,-,-,3765.0000,3764.8000,3762.8000,3762.6000,3762.0000,3766.0000,3766.4000,3766.6000,3766.8000,3767.2000,1,2,1,1,1,1,1,1,2,1
SF,IF2007,2020-05-27 13:48:25.700,3764.2000,8350,0,2558171040.000,0,-,-,-,-,3765.0000,3764.8000,3762.8000,3762.6000,3762.0000,3766.4000,3766.6000,3766.8000,3767.4000,3767.6000,1,2,1,1,1,1,1,2,5,1
SF,IF2007,2020-05-27 13:48:26.200,3764.2000,8350,0,2558171040.000,0,-,-,-,-,3765.4000,3765.2000,3762.8000,3762.6000,3762.0000,3766.2000,3766.4000,3766.6000,3766.8000,3767.4000,1,2,1,1,1,1,1,1,2,5
SF,IF2007,2020-05-27 13:48:26.700,3764.2000,8350,0,2558171040.000,0,-,-,-,-,3765.8000,3765.6000,3762.8000,3762.6000,3762.0000,3767.4000,3767.6000,3769.2000,3770.0000,3770.2000,1,2,1,1,1,4,1,1,2,2
SF,IF2007,2020-05-27 13:48:27.200,3764.2000,8350,0,2558171040.000,0,-,-,-,-,3766.0000,3765.8000,3765.6000,3762.8000,3762.6000,3767.0000,3767.2000,3767.4000,3767.6000,3769.2000,1,1,1,1,1,1,1,4,1,1
SF,IF2007,2020-05-27 13:48:27.700,3764.2000,8350,0,2558171040.000,0,-,-,-,-,3765.8000,3765.6000,3762.8000,3762.6000,3762.0000,3766.8000,3767.0000,3767.4000,3767.6000,3769.2000,1,1,1,1,1,1,1,4,1,1
SF,IF2007,2020-05-27 13:48:29.200,3765.8000,8351,1,2559300780.000,1,1,0,双开,S,3765.6000,3762.8000,3762.6000,3762.0000,3761.8000,3766.6000,3766.8000,3767.0000,3767.4000,3767.6000,1,1,1,1,2,1,1,1,4,1
SF,IF2007,2020-05-27 13:48:29.700,3765.6000,8352,1,2560430460.000,1,1,0,双开,S,3762.8000,3762.6000,3762.0000,3761.8000,3761.2000,3766.4000,3766.6000,3767.0000,3767.4000,3767.6000,1,1,1,2,6,1,1,1,4,1
SF,IF2007,2020-05-27 13:48:30.200,3765.6000,8352,0,2560430460.000,0,-,-,-,-,3765.4000,3764.8000,3764.2000,3764.0000,3763.8000,3766.2000,3766.4000,3767.4000,3767.6000,3769.2000,1,1,1,1,1,2,1,4,1,1
SF,IF2007,2020-05-27 13:48:30.700,3765.4000,8352,0,2561560080.000,1,0,1,多换,S,3764.8000,3764.2000,3764.0000,3763.8000,3763.6000,3766.2000,3766.4000,3767.4000,3767.6000,3769.2000,1,1,1,1,1,2,1,4,1,1
SF,IF2007,2020-05-27 13:48:31.200,3765.4000,8352,0,2561560080.000,0,-,-,-,-,3765.0000,3764.8000,3764.2000,3764.0000,3763.8000,3766.0000,3766.2000,3767.4000,3767.6000,3769.2000,1,1,1,1,1,1,2,4,1,1
SF,IF2007,2020-05-27 13:48:32.700,3765.4000,8352,0,2561560080.000,0,-,-,-,-,3765.0000,3764.8000,3764.0000,3763.8000,3763.6000,3766.0000,3766.2000,3767.4000,3767.6000,3769.2000,1,1,1,1,1,1,2,4,1,1
SF,IF2007,2020-05-27 13:48:33.200,3765.4000,8352,0,2561560080.000,0,-,-,-,-,3765.0000,3764.8000,3764.0000,3763.8000,3763.6000,3766.0000,3766.2000,3767.4000,3767.6000,3769.2000,1,1,1,1,1,1,3,4,1,1
SF,IF2007,2020-05-27 13:48:33.700,3765.4000,8352,0,2561560080.000,0,-,-,-,-,3765.2000,3765.0000,3764.8000,3764.0000,3763.8000,3766.2000,3767.4000,3767.6000,3769.2000,3770.0000,1,1,1,1,1,3,4,1,1,2
SF,IF2007,2020-05-27 13:48:34.200,3765.4000,8352,0,2561560080.000,0,-,-,-,-,3765.4000,3765.2000,3764.8000,3764.0000,3763.8000,3766.2000,3767.4000,3767.6000,3769.2000,3770.0000,1,1,1,1,1,3,4,1,1,2
SF,IF2007,2020-05-27 13:48:34.700,3765.4000,8352,0,2561560080.000,0,-,-,-,-,3765.4000,3765.2000,3764.8000,3764.0000,3763.8000,3766.2000,3767.4000,3767.6000,3769.2000,3770.0000,1,1,1,1,1,3,4,1,1,2
SF,IF2007,2020-05-27 13:48:37.200,3765.4000,8352,0,2561560080.000,0,-,-,-,-,3765.4000,3765.2000,3764.8000,3764.0000,3763.8000,3766.0000,3766.2000,3767.4000,3767.6000,3769.2000,1,1,1,1,1,1,3,4,1,1
SF,IF2007,2020-05-27 13:48:37.700,3765.4000,8352,0,2561560080.000,0,-,-,-,-,3765.2000,3764.8000,3764.0000,3763.8000,3763.6000,3766.0000,3766.2000,3767.4000,3767.6000,3769.2000,1,1,1,1,1,1,3,4,1,1
SF,IF2007,2020-05-27 13:48:40.200,3765.4000,8352,0,2561560080.000,0,-,-,-,-,3765.2000,3764.8000,3764.0000,3763.8000,3763.6000,3765.8000,3766.0000,3766.2000,3767.4000,3767.6000,1,1,1,1,1,1,1,2,4,1
SF,IF2007,2020-05-27 13:48:43.700,3765.4000,8352,0,2561560080.000,0,-,-,-,-,3765.2000,3764.8000,3764.0000,3763.8000,3763.6000,3765.8000,3766.0000,3766.2000,3767.4000,3767.6000,1,1,1,1,1,1,1,1,4,1
SF,IF2007,2020-05-27 13:48:44.700,3765.8000,8352,0,2562689820.000,1,0,1,多换,S,3764.8000,3764.0000,3763.8000,3763.6000,3763.2000,3766.0000,3766.2000,3767.4000,3767.6000,3769.2000,1,1,1,1,2,1,1,4,1,1
SF,IF2007,2020-05-27 13:48:45.200,3765.8000,8352,0,2562689820.000,0,-,-,-,-,3765.2000,3765.0000,3764.8000,3764.0000,3763.8000,3766.0000,3766.2000,3767.4000,3767.6000,3769.2000,1,1,1,1,1,1,1,4,1,1
SF,IF2007,2020-05-27 13:48:47.700,3765.8000,8352,0,2562689820.000,0,-,-,-,-,3765.2000,3765.0000,3764.8000,3764.0000,3763.8000,3765.8000,3766.0000,3767.4000,3767.6000,3769.2000,1,1,1,1,1,1,1,4,1,1
SF,IF2007,2020-05-27 13:48:48.200,3765.8000,8352,0,2562689820.000,0,-,-,-,-,3765.2000,3764.8000,3764.0000,3763.8000,3763.6000,3765.8000,3766.0000,3767.4000,3767.6000,3769.2000,1,1,1,1,1,1,1,4,1,1
SF,IF2007,2020-05-27 13:48:51.700,3765.8000,8352,0,2562689820.000,0,-,-,-,-,3765.2000,3764.8000,3764.0000,3763.8000,3763.6000,3766.0000,3767.4000,3767.6000,3769.2000,3770.0000,1,1,1,1,1,1,4,1,1,2
SF,IF2007,2020-05-27 13:48:54.200,3765.8000,8352,0,2562689820.000,0,-,-,-,-,3764.8000,3764.0000,3763.8000,3763.6000,3763.2000,3765.8000,3766.0000,3767.4000,3767.6000,3769.2000,1,1,1,1,1,2,1,4,1,1
SF,IF2007,2020-05-27 13:48:54.700,3765.8000,8352,0,2562689820.000,0,-,-,-,-,3764.8000,3763.8000,3763.6000,3763.2000,3763.0000,3765.8000,3766.0000,3767.4000,3767.6000,3769.2000,1,1,1,1,2,2,1,4,1,1
SF,IF2007,2020-05-27 13:48:55.200,3765.8000,8352,0,2562689820.000,0,-,-,-,-,3763.6000,3763.2000,3763.0000,3762.8000,3762.6000,3765.6000,3765.8000,3766.0000,3767.4000,3767.6000,1,1,1,1,1,1,2,1,4,1
SF,IF2007,2020-05-27 13:48:55.700,3765.8000,8352,0,2562689820.000,0,-,-,-,-,3764.4000,3764.2000,3763.8000,3763.2000,3762.8000,3765.4000,3765.6000,3765.8000,3766.0000,3767.4000,1,3,6,1,1,1,1,1,1,4
SF,IF2007,2020-05-27 13:48:56.700,3765.8000,8353,1,2563819560.000,1,1,0,双开,S,3764.6000,3764.4000,3764.2000,3763.8000,3763.2000,3765.6000,3765.8000,3766.0000,3767.4000,3767.6000,1,1,2,6,1,1,1,1,4,1
SF,IF2007,2020-05-27 13:48:57.200,3765.8000,8353,0,2563819560.000,0,-,-,-,-,3764.8000,3764.6000,3764.4000,3764.2000,3763.8000,3765.8000,3766.0000,3767.4000,3767.6000,3769.2000,1,1,1,2,5,1,1,4,1,1
SF,IF2007,2020-05-27 13:48:57.700,3765.8000,8353,0,2563819560.000,0,-,-,-,-,3764.8000,3764.6000,3764.4000,3764.2000,3763.8000,3765.8000,3766.0000,3767.4000,3767.6000,3769.2000,1,1,1,2,5,1,1,4,1,1
SF,IF2007,2020-05-27 13:49:00.200,3765.8000,8353,0,2563819560.000,0,-,-,-,-,3764.8000,3764.6000,3764.4000,3764.2000,3763.8000,3765.4000,3765.8000,3766.0000,3767.4000,3767.6000,1,1,1,2,5,1,1,1,4,1
SF,IF2007,2020-05-27 13:49:00.700,3765.8000,8353,0,2563819560.000,0,-,-,-,-,3764.6000,3764.4000,3764.2000,3763.8000,3763.2000,3765.4000,3765.8000,3766.0000,3767.4000,3767.6000,1,1,2,5,1,1,1,1,4,1
SF,IF2007,2020-05-27 13:49:05.200,3765.8000,8353,0,2563819560.000,0,-,-,-,-,3764.6000,3764.4000,3764.2000,3763.8000,3763.2000,3765.8000,3766.0000,3767.4000,3767.6000,3769.2000,1,1,2,5,1,1,1,4,1,1
SF,IF2007,2020-05-27 13:49:05.700,3765.8000,8353,0,2563819560.000,0,-,-,-,-,3764.8000,3764.6000,3764.4000,3764.2000,3763.8000,3765.6000,3765.8000,3766.0000,3767.4000,3767.6000,2,1,1,2,5,1,1,1,4,1
SF,IF2007,2020-05-27 13:49:06.200,3765.8000,8353,0,2563819560.000,0,-,-,-,-,3764.8000,3764.6000,3764.4000,3764.2000,3763.8000,3765.6000,3765.8000,3766.0000,3767.4000,3767.6000,1,1,1,2,5,1,1,1,4,1
SF,IF2007,2020-05-27 13:49:06.700,3765.8000,8353,0,2563819560.000,0,-,-,-,-,3764.6000,3764.4000,3764.2000,3763.8000,3763.2000,3765.2000,3765.6000,3765.8000,3766.0000,3767.4000,1,1,2,5,1,1,1,1,1,4
SF,IF2007,2020-05-27 13:49:07.200,3765.8000,8353,0,2563819560.000,0,-,-,-,-,3764.6000,3764.4000,3764.2000,3763.8000,3763.2000,3765.2000,3765.6000,3765.8000,3766.0000,3767.4000,1,1,2,4,1,1,1,1,1,4
SF,IF2007,2020-05-27 13:49:10.200,3765.8000,8353,0,2563819560.000,0,-,-,-,-,3764.4000,3764.2000,3763.8000,3763.2000,3762.6000,3765.2000,3765.6000,3765.8000,3766.0000,3767.4000,1,2,4,1,1,1,1,1,1,4
SF,IF2007,2020-05-27 13:49:13.200,3765.8000,8353,0,2563819560.000,0,-,-,-,-,3762.6000,3761.8000,3761.0000,3760.2000,3760.0000,3765.2000,3765.6000,3765.8000,3766.0000,3767.4000,1,1,7,2,1,1,1,1,1,4
SF,IF2007,2020-05-27 13:49:13.700,3765.8000,8353,0,2563819560.000,0,-,-,-,-,3763.6000,3763.4000,3763.0000,3762.8000,3762.6000,3765.0000,3765.2000,3765.8000,3766.0000,3767.4000,3,1,5,5,1,3,1,1,1,4
SF,IF2007,2020-05-27 13:49:14.200,3765.8000,8353,0,2563819560.000,0,-,-,-,-,3763.8000,3763.6000,3763.4000,3763.0000,3762.8000,3765.0000,3765.2000,3765.8000,3766.0000,3767.4000,1,3,1,5,4,3,1,1,1,4
SF,IF2007,2020-05-27 13:49:15.200,3765.8000,8353,0,2563819560.000,0,-,-,-,-,3763.8000,3763.6000,3763.0000,3762.8000,3762.6000,3765.0000,3765.2000,3765.8000,3766.0000,3767.4000,1,3,5,4,1,3,1,1,1,4
SF,IF2007,2020-05-27 13:49:19.200,3765.8000,8353,0,2563819560.000,0,-,-,-,-,3763.8000,3763.6000,3763.0000,3762.8000,3762.6000,3765.0000,3765.8000,3766.0000,3767.4000,3767.6000,1,3,5,4,1,3,1,1,4,1
SF,IF2007,2020-05-27 13:49:19.700,3765.8000,8353,0,2563819560.000,0,-,-,-,-,3763.8000,3763.6000,3762.8000,3762.6000,3761.8000,3764.8000,3765.0000,3765.8000,3766.0000,3767.4000,1,3,4,1,1,1,3,1,1,4
SF,IF2007,2020-05-27 13:49:20.200,3765.8000,8353,0,2563819560.000,0,-,-,-,-,3763.8000,3763.6000,3762.8000,3762.6000,3761.8000,3764.8000,3765.0000,3765.8000,3766.0000,3767.4000,1,3,4,1,1,1,3,1,1,3
SF,IF2007,2020-05-27 13:49:25.200,3765.8000,8353,0,2563819560.000,0,-,-,-,-,3764.0000,3763.8000,3763.6000,3762.8000,3762.6000,3764.8000,3765.0000,3765.8000,3766.0000,3767.4000,1,1,3,4,1,1,3,1,1,3
SF,IF2007,2020-05-27 13:49:26.200,3765.8000,8353,0,2563819560.000,0,-,-,-,-,3763.8000,3763.6000,3762.8000,3762.6000,3761.8000,3764.8000,3765.0000,3765.8000,3766.0000,3767.4000,1,3,4,1,1,1,3,1,1,3
SF,IF2007,2020-05-27 13:49:31.700,3765.8000,8353,0,2563819560.000,0,-,-,-,-,3763.8000,3763.6000,3762.8000,3762.6000,3761.8000,3764.8000,3765.0000,3765.6000,3765.8000,3766.0000,1,3,4,1,1,1,3,2,1,1
SF,IF2007,2020-05-27 13:49:32.200,3764.8000,8354,1,2564949000.000,1,1,0,双开,S,3763.8000,3763.6000,3762.8000,3762.6000,3761.8000,3765.0000,3765.6000,3765.8000,3766.0000,3767.4000,1,3,4,1,1,3,2,1,1,3
SF,IF2007,2020-05-27 13:49:32.700,3764.8000,8354,0,2564949000.000,0,-,-,-,-,3763.8000,3763.6000,3762.8000,3762.6000,3761.8000,3764.8000,3765.0000,3765.6000,3765.8000,3766.0000,1,3,4,1,1,1,3,2,1,1
SF,IF2007,2020-05-27 13:49:36.700,3764.8000,8354,0,2564949000.000,0,-,-,-,-,3763.8000,3763.6000,3762.8000,3762.6000,3761.8000,3764.8000,3765.0000,3765.8000,3766.0000,3767.4000,1,3,4,1,1,1,3,1,1,3
SF,IF2007,2020-05-27 13:49:39.200,3764.8000,8354,0,2564949000.000,0,-,-,-,-,3763.8000,3763.6000,3762.8000,3762.6000,3761.8000,3765.0000,3765.8000,3766.0000,3767.4000,3767.6000,1,3,4,1,1,3,1,1,3,1
SF,IF2007,2020-05-27 13:49:39.700,3764.8000,8354,0,2564949000.000,0,-,-,-,-,3764.0000,3763.8000,3763.6000,3762.8000,3762.6000,3765.0000,3765.8000,3766.0000,3767.4000,3767.6000,3,1,2,4,1,3,1,1,3,1
SF,IF2007,2020-05-27 13:49:40.200,3764.8000,8354,0,2564949000.000,0,-,-,-,-,3764.0000,3763.8000,3763.6000,3762.8000,3762.6000,3765.0000,3765.8000,3766.0000,3767.4000,3767.6000,3,1,2,4,1,2,1,1,3,1
SF,IF2007,2020-05-27 13:49:42.700,3764.8000,8354,0,2564949000.000,0,-,-,-,-,3764.2000,3764.0000,3763.8000,3763.6000,3762.8000,3765.0000,3765.8000,3766.0000,3767.4000,3767.6000,1,3,1,2,4,2,1,1,3,1
SF,IF2007,2020-05-27 13:49:43.200,3764.8000,8354,0,2564949000.000,0,-,-,-,-,3764.2000,3764.0000,3763.8000,3763.6000,3762.8000,3765.0000,3765.8000,3766.0000,3767.4000,3767.6000,1,2,1,2,4,2,1,1,3,1
SF,IF2007,2020-05-27 13:49:48.700,3764.8000,8354,0,2564949000.000,0,-,-,-,-,3764.2000,3764.0000,3763.8000,3763.6000,3762.8000,3764.8000,3765.0000,3765.8000,3766.0000,3767.4000,1,2,1,2,4,1,2,1,1,3
SF,IF2007,2020-05-27 13:49:57.700,3764.8000,8354,0,2564949000.000,0,-,-,-,-,3764.2000,3764.0000,3763.8000,3763.6000,3762.8000,3765.0000,3765.8000,3766.0000,3767.4000,3767.6000,1,2,1,2,4,2,1,1,3,1
SF,IF2007,2020-05-27 13:49:58.200,3764.8000,8354,0,2564949000.000,0,-,-,-,-,3764.2000,3764.0000,3763.8000,3763.6000,3762.8000,3765.8000,3766.0000,3767.4000,3767.6000,3769.2000,1,2,1,2,4,1,1,3,1,1
SF,IF2007,2020-05-27 13:49:58.700,3764.8000,8354,0,2564949000.000,0,-,-,-,-,3764.4000,3764.2000,3764.0000,3763.6000,3762.8000,3765.6000,3765.8000,3766.0000,3767.4000,3767.6000,1,1,2,2,4,4,1,1,3,1
SF,IF2007,2020-05-27 13:49:59.200,3764.8000,8354,0,2564949000.000,0,-,-,-,-,3764.6000,3764.4000,3764.2000,3763.6000,3762.8000,3765.6000,3765.8000,3766.0000,3767.4000,3767.6000,1,1,1,2,4,3,1,1,3,1
SF,IF2007,2020-05-27 13:49:59.700,3764.8000,8354,0,2564949000.000,0,-,-,-,-,3764.8000,3764.6000,3764.2000,3763.6000,3762.8000,3765.6000,3765.8000,3766.0000,3767.4000,3767.6000,1,1,1,2,4,3,1,1,3,1
SF,IF2007,2020-05-27 13:50:00.200,3764.8000,8354,0,2564949000.000,0,-,-,-,-,3764.8000,3764.2000,3763.6000,3762.8000,3762.6000,3765.6000,3765.8000,3766.0000,3767.4000,3767.6000,1,1,2,4,1,2,1,1,3,1
SF,IF2007,2020-05-27 13:50:01.200,3764.8000,8355,1,2566078440.000,1,1,0,双开,S,3764.2000,3763.6000,3762.8000,3762.6000,3761.8000,3765.4000,3765.6000,3765.8000,3766.0000,3767.4000,1,2,4,1,1,1,2,1,1,3
SF,IF2007,2020-05-27 13:50:01.700,3764.8000,8355,0,2566078440.000,0,-,-,-,-,3764.2000,3763.6000,3762.8000,3762.6000,3761.8000,3765.2000,3765.4000,3765.6000,3765.8000,3766.0000,1,2,4,1,1,1,1,1,1,1
SF,IF2007,2020-05-27 13:50:02.700,3764.8000,8355,0,2566078440.000,0,-,-,-,-,3764.2000,3763.6000,3762.8000,3762.6000,3761.8000,3765.2000,3765.4000,3765.8000,3766.0000,3767.4000,1,2,4,1,1,1,1,1,1,3
SF,IF2007,2020-05-27 13:50:03.200,3764.8000,8355,0,2566078440.000,0,-,-,-,-,3763.6000,3762.8000,3762.6000,3761.8000,3761.0000,3765.2000,3765.4000,3765.8000,3766.0000,3767.4000,2,4,1,1,7,1,1,1,1,3
SF,IF2007,2020-05-27 13:50:03.700,3764.8000,8355,0,2566078440.000,0,-,-,-,-,3763.8000,3763.6000,3762.8000,3762.6000,3761.8000,3765.2000,3765.4000,3765.8000,3766.0000,3767.4000,3,2,4,1,1,1,1,1,1,3
SF,IF2007,2020-05-27 13:50:04.200,3764.8000,8355,0,2566078440.000,0,-,-,-,-,3764.2000,3764.0000,3763.8000,3763.6000,3762.8000,3765.2000,3765.4000,3765.8000,3766.0000,3767.4000,1,1,2,1,4,1,1,1,1,3
SF,IF2007,2020-05-27 13:50:04.700,3764.8000,8355,0,2566078440.000,0,-,-,-,-,3763.8000,3763.6000,3762.8000,3762.6000,3761.8000,3765.2000,3765.4000,3765.8000,3766.0000,3767.4000,1,1,4,1,1,1,1,1,1,3
SF,IF2007,2020-05-27 13:50:05.200,3764.8000,8355,0,2566078440.000,0,-,-,-,-,3763.8000,3763.6000,3762.8000,3762.6000,3761.8000,3765.0000,3765.2000,3765.8000,3766.0000,3767.4000,1,1,4,1,1,2,1,1,1,3
SF,IF2007,2020-05-27 13:50:05.700,3764.8000,8355,0,2566078440.000,0,-,-,-,-,3762.8000,3762.6000,3761.8000,3761.0000,3760.2000,3764.8000,3765.0000,3765.8000,3766.0000,3767.4000,4,1,1,7,2,2,3,1,1,3
SF,IF2007,2020-05-27 13:50:06.200,3764.8000,8355,0,2566078440.000,0,-,-,-,-,3763.2000,3763.0000,3762.8000,3762.6000,3761.8000,3764.6000,3764.8000,3765.0000,3765.8000,3766.0000,2,2,4,1,1,2,1,1,1,1
SF,IF2007,2020-05-27 13:50:06.700,3764.8000,8355,0,2566078440.000,0,-,-,-,-,3763.4000,3763.2000,3763.0000,3762.8000,3762.6000,3764.4000,3764.6000,3765.0000,3765.8000,3766.0000,2,2,1,4,1,1,2,1,1,1
SF,IF2007,2020-05-27 13:50:07.200,3764.8000,8355,0,2566078440.000,0,-,-,-,-,3763.6000,3763.4000,3763.2000,3763.0000,3762.8000,3764.4000,3764.6000,3765.0000,3765.8000,3766.0000,1,1,1,1,4,1,2,1,1,1
SF,IF2007,2020-05-27 13:50:08.200,3764.8000,8355,0,2566078440.000,0,-,-,-,-,3763.4000,3763.2000,3763.0000,3762.8000,3762.6000,3764.4000,3764.6000,3765.0000,3765.8000,3766.0000,1,1,1,4,1,1,2,1,1,1
SF,IF2007,2020-05-27 13:50:08.700,3764.8000,8355,0,2566078440.000,0,-,-,-,-,3763.2000,3763.0000,3762.8000,3762.6000,3761.8000,3764.4000,3764.6000,3765.0000,3765.8000,3766.0000,1,1,4,1,1,1,2,1,1,1
SF,IF2007,2020-05-27 13:50:09.700,3764.8000,8355,0,2566078440.000,0,-,-,-,-,3763.4000,3763.2000,3763.0000,3762.8000,3762.6000,3764.4000,3764.6000,3765.0000,3765.8000,3766.0000,1,1,1,4,1,1,2,1,1,1
SF,IF2007,2020-05-27 13:50:11.700,3764.8000,8355,0,2566078440.000,0,-,-,-,-,3763.4000,3763.2000,3763.0000,3762.8000,3762.6000,3764.4000,3764.6000,3765.8000,3766.0000,3767.4000,1,1,1,4,1,1,2,1,1,2
SF,IF2007,2020-05-27 13:50:14.200,3764.8000,8355,0,2566078440.000,0,-,-,-,-,3763.2000,3763.0000,3762.8000,3762.6000,3761.8000,3764.4000,3764.6000,3765.8000,3766.0000,3767.4000,1,1,4,1,1,1,2,1,1,2
SF,IF2007,2020-05-27 13:50:15.200,3764.8000,8355,0,2566078440.000,0,-,-,-,-,3763.2000,3763.0000,3762.8000,3762.6000,3761.8000,3764.2000,3764.4000,3765.8000,3766.0000,3767.4000,1,1,1,1,1,4,1,1,1,2
SF,IF2007,2020-05-27 13:50:15.700,3764.8000,8355,0,2566078440.000,0,-,-,-,-,3763.2000,3762.6000,3761.8000,3761.0000,3760.2000,3764.2000,3764.4000,3765.8000,3766.0000,3767.4000,1,1,1,7,2,4,1,1,1,2
SF,IF2007,2020-05-27 13:50:16.200,3764.8000,8355,0,2566078440.000,0,-,-,-,-,3763.2000,3762.6000,3761.8000,3761.0000,3760.2000,3764.0000,3764.2000,3765.8000,3766.0000,3767.4000,1,1,1,7,2,1,4,1,1,2
SF,IF2007,2020-05-27 13:50:20.700,3764.8000,8355,0,2566078440.000,0,-,-,-,-,3762.6000,3761.8000,3761.0000,3760.2000,3760.0000,3764.0000,3764.2000,3765.8000,3766.0000,3767.4000,1,1,7,2,1,1,4,1,1,2
SF,IF2007,2020-05-27 13:50:21.200,3764.8000,8355,0,2566078440.000,0,-,-,-,-,3762.8000,3762.6000,3761.8000,3761.0000,3760.2000,3764.0000,3764.2000,3765.8000,3766.0000,3767.4000,2,1,1,7,2,1,4,1,1,2
SF,IF2007,2020-05-27 13:50:21.700,3764.8000,8355,0,2566078440.000,0,-,-,-,-,3762.8000,3762.6000,3761.8000,3761.0000,3760.2000,3763.8000,3764.0000,3764.2000,3765.8000,3766.0000,1,1,1,7,2,2,1,2,1,1
SF,IF2007,2020-05-27 13:50:22.200,3764.8000,8355,0,2566078440.000,0,-,-,-,-,3762.8000,3762.6000,3761.8000,3761.0000,3760.2000,3763.6000,3763.8000,3764.2000,3765.8000,3766.0000,1,1,1,7,2,1,2,2,1,1
SF,IF2007,2020-05-27 13:50:22.700,3764.8000,8355,0,2566078440.000,0,-,-,-,-,3762.6000,3761.8000,3761.0000,3760.2000,3760.0000,3763.6000,3763.8000,3764.2000,3765.8000,3766.0000,1,1,7,2,1,1,2,1,1,1
SF,IF2007,2020-05-27 13:50:23.200,3764.8000,8355,0,2566078440.000,0,-,-,-,-,3762.6000,3761.8000,3761.0000,3760.2000,3760.0000,3763.6000,3763.8000,3765.8000,3766.0000,3767.4000,1,1,7,2,1,1,2,1,1,2
SF,IF2007,2020-05-27 13:50:24.200,3764.8000,8355,0,2566078440.000,0,-,-,-,-,3762.8000,3762.6000,3761.8000,3761.0000,3760.2000,3763.6000,3763.8000,3765.8000,3766.0000,3767.4000,1,1,1,7,2,1,2,1,1,2
SF,IF2007,2020-05-27 13:50:26.700,3764.8000,8355,0,2566078440.000,0,-,-,-,-,3762.6000,3761.8000,3761.0000,3760.2000,3760.0000,3763.6000,3763.8000,3765.8000,3766.0000,3767.4000,1,1,7,2,1,1,2,1,1,2
SF,IF2007,2020-05-27 13:50:30.200,3764.8000,8355,0,2566078440.000,0,-,-,-,-,3762.8000,3762.6000,3761.8000,3761.0000,3760.2000,3763.6000,3763.8000,3765.8000,3766.0000,3767.4000,1,1,1,7,2,1,2,1,1,2
SF,IF2007,2020-05-27 13:50:38.200,3764.8000,8355,0,2566078440.000,0,-,-,-,-,3763.0000,3762.8000,3762.6000,3761.8000,3761.0000,3763.6000,3763.8000,3765.8000,3766.0000,3767.4000,1,1,1,1,7,1,2,1,1,2
SF,IF2007,2020-05-27 13:50:40.700,3763.6000,8356,1,2567207520.000,1,1,0,双开,S,3763.0000,3762.8000,3762.6000,3761.8000,3761.0000,3763.8000,3765.8000,3766.0000,3767.4000,3767.6000,1,1,1,1,7,2,1,1,2,1
SF,IF2007,2020-05-27 13:50:41.200,3763.6000,8356,0,2567207520.000,0,-,-,-,-,3763.2000,3763.0000,3762.8000,3762.6000,3761.8000,3765.8000,3766.0000,3767.4000,3767.6000,3769.2000,1,1,1,1,1,1,1,2,1,1
SF,IF2007,2020-05-27 13:50:41.700,3763.6000,8356,0,2567207520.000,0,-,-,-,-,3763.4000,3763.2000,3763.0000,3762.8000,3762.6000,3764.6000,3764.8000,3765.0000,3765.2000,3765.6000,1,1,1,1,1,3,1,1,2,9
SF,IF2007,2020-05-27 13:50:42.200,3763.6000,8356,0,2567207520.000,0,-,-,-,-,3763.6000,3763.0000,3762.8000,3762.6000,3761.8000,3764.4000,3764.6000,3765.0000,3765.2000,3765.6000,1,1,1,1,1,1,2,1,2,7
SF,IF2007,2020-05-27 13:50:42.700,3763.6000,8356,0,2567207520.000,0,-,-,-,-,3763.6000,3763.0000,3762.8000,3762.6000,3761.8000,3764.6000,3765.2000,3765.6000,3765.8000,3766.0000,1,1,1,1,1,1,1,6,1,1
SF,IF2007,2020-05-27 13:50:43.200,3763.6000,8356,0,2567207520.000,0,-,-,-,-,3763.6000,3763.0000,3762.8000,3762.6000,3761.8000,3765.6000,3765.8000,3766.0000,3767.6000,3769.2000,1,1,1,1,1,5,1,1,1,1
SF,IF2007,2020-05-27 13:50:43.700,3763.6000,8356,0,2567207520.000,0,-,-,-,-,3763.8000,3763.6000,3763.0000,3762.8000,3762.6000,3765.0000,3765.2000,3765.4000,3765.6000,3765.8000,1,1,1,1,1,2,2,3,1,1
SF,IF2007,2020-05-27 13:50:44.200,3763.6000,8356,0,2567207520.000,0,-,-,-,-,3763.6000,3763.0000,3762.8000,3762.6000,3761.8000,3764.8000,3765.0000,3765.4000,3765.8000,3766.0000,1,1,1,1,1,3,2,3,1,1
SF,IF2007,2020-05-27 13:50:45.700,3763.6000,8356,0,2567207520.000,0,-,-,-,-,3763.6000,3763.0000,3762.8000,3762.6000,3761.8000,3764.6000,3764.8000,3765.0000,3765.4000,3765.8000,1,1,1,1,1,1,3,1,3,1
SF,IF2007,2020-05-27 13:50:46.200,3763.6000,8356,0,2567207520.000,0,-,-,-,-,3763.6000,3763.0000,3762.8000,3762.6000,3761.8000,3764.4000,3764.6000,3764.8000,3765.0000,3765.4000,1,1,1,1,1,1,1,2,1,3
SF,IF2007,2020-05-27 13:50:47.200,3763.6000,8356,0,2567207520.000,0,-,-,-,-,3763.6000,3763.0000,3762.8000,3762.6000,3761.8000,3764.4000,3764.6000,3764.8000,3765.0000,3765.4000,1,1,1,1,1,1,1,1,1,3
SF,IF2007,2020-05-27 13:50:47.700,3763.6000,8356,0,2567207520.000,0,-,-,-,-,3763.6000,3763.0000,3762.8000,3762.6000,3761.8000,3764.6000,3764.8000,3765.0000,3765.4000,3765.8000,1,1,1,1,1,1,1,1,3,1
SF,IF2007,2020-05-27 13:50:48.200,3763.6000,8356,0,2567207520.000,0,-,-,-,-,3763.6000,3763.0000,3762.8000,3762.6000,3761.8000,3764.4000,3764.6000,3764.8000,3765.0000,3765.4000,1,1,1,1,1,1,1,1,1,3
SF,IF2007,2020-05-27 13:50:48.700,3763.6000,8356,0,2567207520.000,0,-,-,-,-,3763.6000,3763.0000,3762.8000,3762.6000,3761.8000,3764.6000,3764.8000,3765.0000,3765.4000,3765.8000,1,1,1,1,1,1,1,1,3,1
SF,IF2007,2020-05-27 13:50:49.200,3763.6000,8356,0,2567207520.000,0,-,-,-,-,3763.6000,3763.0000,3762.8000,3762.6000,3761.8000,3764.8000,3765.0000,3765.4000,3765.8000,3766.0000,1,1,1,1,1,1,1,3,1,1
SF,IF2007,2020-05-27 13:50:50.700,3763.6000,8356,0,2567207520.000,0,-,-,-,-,3763.8000,3763.6000,3763.0000,3762.8000,3762.6000,3764.8000,3765.0000,3765.4000,3765.8000,3766.0000,3,1,1,1,1,1,1,2,1,1
SF,IF2007,2020-05-27 13:50:51.200,3763.6000,8356,0,2567207520.000,0,-,-,-,-,3764.0000,3763.8000,3763.0000,3762.8000,3762.6000,3765.8000,3766.0000,3767.6000,3769.2000,3770.0000,1,3,1,1,1,1,1,1,1,2
SF,IF2007,2020-05-27 13:50:51.700,3763.6000,8356,0,2567207520.000,0,-,-,-,-,3764.2000,3764.0000,3763.8000,3763.0000,3762.8000,3764.8000,3765.4000,3765.6000,3765.8000,3766.0000,2,1,1,1,1,2,1,1,1,1
SF,IF2007,2020-05-27 13:50:52.200,3763.6000,8356,0,2567207520.000,0,-,-,-,-,3764.2000,3764.0000,3763.8000,3763.0000,3762.8000,3764.8000,3765.4000,3765.6000,3765.8000,3766.0000,2,1,1,1,1,2,1,1,1,1
SF,IF2007,2020-05-27 13:50:55.200,3763.6000,8356,0,2567207520.000,0,-,-,-,-,3764.2000,3764.0000,3763.8000,3763.0000,3762.8000,3764.8000,3765.6000,3765.8000,3766.0000,3767.6000,1,1,1,1,1,2,1,1,1,1
SF,IF2007,2020-05-27 13:50:55.700,3763.6000,8356,0,2567207520.000,0,-,-,-,-,3764.0000,3763.8000,3763.0000,3762.8000,3762.6000,3764.8000,3765.6000,3765.8000,3766.0000,3767.6000,1,1,1,1,1,2,1,1,1,1
SF,IF2007,2020-05-27 13:50:57.700,3763.6000,8356,0,2567207520.000,0,-,-,-,-,3764.0000,3763.0000,3762.6000,3761.8000,3761.0000,3764.8000,3765.6000,3765.8000,3766.0000,3767.6000,1,1,1,1,7,2,1,1,1,1
SF,IF2007,2020-05-27 13:51:03.200,3763.6000,8356,0,2567207520.000,0,-,-,-,-,3764.0000,3763.8000,3763.0000,3762.6000,3761.8000,3764.8000,3765.6000,3765.8000,3766.0000,3767.6000,1,1,1,1,1,2,1,1,1,1
SF,IF2007,2020-05-27 13:51:03.700,3763.6000,8356,0,2567207520.000,0,-,-,-,-,3764.2000,3764.0000,3763.8000,3763.0000,3762.6000,3764.8000,3765.6000,3765.8000,3766.0000,3767.6000,1,1,1,1,1,2,1,1,1,1
SF,IF2007,2020-05-27 13:51:07.700,3763.6000,8356,0,2567207520.000,0,-,-,-,-,3764.2000,3764.0000,3763.8000,3763.0000,3762.6000,3764.8000,3765.6000,3765.8000,3766.0000,3767.6000,1,6,1,1,1,2,1,1,1,1
SF,IF2007,2020-05-27 13:51:08.200,3764.8000,8358,2,2569466400.000,2,2,0,双开,S,3764.2000,3764.0000,3763.8000,3763.0000,3762.6000,3765.6000,3765.8000,3766.0000,3767.6000,3769.2000,1,6,1,1,1,1,1,1,1,1
SF,IF2007,2020-05-27 13:51:08.700,3764.8000,8358,0,2569466400.000,0,-,-,-,-,3764.4000,3764.2000,3764.0000,3763.8000,3763.0000,3765.6000,3765.8000,3766.0000,3767.6000,3769.2000,2,1,5,1,1,1,1,1,1,1
SF,IF2007,2020-05-27 13:51:09.700,3764.8000,8358,0,2569466400.000,0,-,-,-,-,3764.6000,3764.4000,3764.2000,3764.0000,3763.8000,3765.6000,3765.8000,3766.0000,3767.6000,3769.2000,1,2,1,5,1,1,1,1,1,1
SF,IF2007,2020-05-27 13:51:10.200,3764.8000,8358,0,2569466400.000,0,-,-,-,-,3765.2000,3764.8000,3764.6000,3764.4000,3764.2000,3765.6000,3765.8000,3766.0000,3767.6000,3769.2000,1,1,1,1,1,1,1,1,1,1
SF,IF2007,2020-05-27 13:51:11.700,3764.8000,8358,0,2569466400.000,0,-,-,-,-,3765.2000,3764.8000,3764.6000,3764.4000,3764.2000,3765.6000,3765.8000,3766.0000,3767.6000,3769.2000,1,1,1,1,1,1,1,1,1,1
SF,IF2007,2020-05-27 13:51:12.200,3764.8000,8358,0,2569466400.000,0,-,-,-,-,3765.2000,3764.8000,3764.6000,3764.2000,3764.0000,3765.8000,3766.0000,3767.6000,3769.2000,3770.0000,1,1,1,1,5,1,1,1,1,2
SF,IF2007,2020-05-27 13:51:14.700,3765.8000,8358,0,2570596140.000,1,0,1,多换,S,3765.2000,3764.8000,3764.2000,3764.0000,3763.0000,3766.0000,3767.6000,3769.2000,3770.0000,3770.2000,1,1,1,5,1,1,1,1,2,2
SF,IF2007,2020-05-27 13:51:15.200,3766.0000,8359,1,2571725940.000,1,1,0,双开,S,3765.2000,3764.8000,3764.2000,3764.0000,3763.0000,3767.6000,3769.2000,3770.0000,3770.2000,3771.4000,1,1,1,5,1,1,1,2,2,1
SF,IF2007,2020-05-27 13:51:15.700,3766.0000,8359,0,2571725940.000,0,-,-,-,-,3765.4000,3765.2000,3764.2000,3764.0000,3763.0000,3766.6000,3766.8000,3767.0000,3767.2000,3767.4000,4,1,1,5,1,1,1,2,1,5
SF,IF2007,2020-05-27 13:51:16.200,3766.0000,8359,0,2571725940.000,0,-,-,-,-,3765.4000,3765.2000,3764.2000,3764.0000,3763.0000,3766.4000,3766.6000,3766.8000,3767.0000,3767.2000,3,1,1,5,1,1,1,1,2,1
SF,IF2007,2020-05-27 13:51:16.700,3766.0000,8359,0,2571725940.000,0,-,-,-,-,3765.4000,3765.2000,3764.2000,3764.0000,3763.0000,3766.4000,3766.6000,3766.8000,3767.0000,3767.2000,3,1,1,5,1,1,1,1,1,1
SF,IF2007,2020-05-27 13:51:18.200,3765.4000,8359,0,2572855560.000,1,0,1,多换,S,3765.4000,3765.2000,3764.2000,3764.0000,3763.0000,3766.2000,3766.4000,3766.6000,3766.8000,3767.2000,2,1,1,5,1,1,1,1,1,1
SF,IF2007,2020-05-27 13:51:20.200,3765.4000,8359,0,2572855560.000,0,-,-,-,-,3765.4000,3765.2000,3764.4000,3764.2000,3764.0000,3766.2000,3766.4000,3766.6000,3766.8000,3767.2000,2,1,5,1,5,1,1,1,1,1
SF,IF2007,2020-05-27 13:51:22.700,3765.4000,8359,0,2572855560.000,0,-,-,-,-,3765.4000,3765.2000,3764.4000,3764.2000,3764.0000,3766.0000,3766.2000,3766.4000,3766.6000,3766.8000,2,1,5,1,5,1,1,1,1,1
SF,IF2007,2020-05-27 13:51:23.200,3766.0000,8360,1,2573985360.000,1,1,0,双开,S,3765.4000,3765.2000,3764.4000,3764.2000,3764.0000,3766.2000,3766.4000,3766.6000,3766.8000,3767.2000,2,1,5,1,5,1,1,1,1,1
SF,IF2007,2020-05-27 13:51:23.700,3766.0000,8360,0,2573985360.000,0,-,-,-,-,3765.4000,3765.2000,3764.8000,3764.4000,3764.2000,3766.2000,3766.4000,3766.6000,3766.8000,3767.2000,2,1,5,5,1,1,1,1,1,1
SF,IF2007,2020-05-27 13:51:24.200,3766.0000,8360,0,2573985360.000,0,-,-,-,-,3765.4000,3765.2000,3764.8000,3764.4000,3764.2000,3766.2000,3766.4000,3766.6000,3766.8000,3767.2000,2,1,5,5,1,1,1,1,1,1
SF,IF2007,2020-05-27 13:51:26.200,3766.0000,8360,0,2573985360.000,0,-,-,-,-,3765.4000,3765.2000,3764.8000,3764.4000,3764.2000,3766.2000,3766.4000,3766.6000,3766.8000,3767.2000,2,2,5,5,1,1,1,1,1,1
SF,IF2007,2020-05-27 13:51:29.200,3766.0000,8360,0,2573985360.000,0,-,-,-,-,3765.4000,3765.2000,3764.8000,3764.4000,3764.2000,3766.2000,3766.4000,3766.8000,3767.2000,3767.4000,1,7,5,5,1,1,1,1,1,3
SF,IF2007,2020-05-27 13:51:29.700,3766.0000,8360,0,2573985360.000,0,-,-,-,-,3765.2000,3764.8000,3764.4000,3764.2000,3764.0000,3766.0000,3766.2000,3766.8000,3767.2000,3767.4000,7,5,5,1,5,1,1,1,1,3
SF,IF2007,2020-05-27 13:51:30.200,3766.0000,8360,0,2573985360.000,0,-,-,-,-,3765.2000,3765.0000,3764.8000,3764.4000,3764.2000,3766.0000,3766.2000,3766.8000,3767.2000,3767.4000,7,1,5,5,1,1,1,1,1,3
SF,IF2007,2020-05-27 13:51:30.700,3766.0000,8360,0,2573985360.000,0,-,-,-,-,3765.2000,3765.0000,3764.8000,3764.4000,3764.2000,3765.8000,3766.0000,3766.8000,3767.2000,3767.4000,7,1,5,5,1,1,1,1,1,3
SF,IF2007,2020-05-27 13:51:34.700,3766.0000,8360,0,2573985360.000,0,-,-,-,-,3765.2000,3765.0000,3764.8000,3764.4000,3764.2000,3765.8000,3766.0000,3766.2000,3766.8000,3767.2000,7,1,5,5,1,1,1,1,1,1
SF,IF2007,2020-05-27 13:51:35.200,3766.0000,8360,0,2573985360.000,0,-,-,-,-,3765.2000,3765.0000,3764.8000,3764.4000,3764.2000,3765.8000,3766.0000,3766.2000,3766.8000,3767.2000,7,1,5,5,1,1,1,1,1,1
SF,IF2007,2020-05-27 13:51:36.700,3766.0000,8360,0,2573985360.000,0,-,-,-,-,3765.2000,3765.0000,3764.8000,3764.4000,3764.2000,3765.8000,3766.0000,3766.2000,3766.8000,3767.2000,7,1,5,5,1,1,1,1,1,1
SF,IF2007,2020-05-27 13:51:38.700,3765.8000,8361,1,2575115100.000,1,1,0,双开,S,3765.2000,3765.0000,3764.8000,3764.4000,3764.2000,3766.0000,3766.2000,3766.8000,3767.2000,3767.4000,7,1,5,5,1,1,1,1,1,3
SF,IF2007,2020-05-27 13:51:58.200,3765.8000,8361,0,2575115100.000,0,-,-,-,-,3765.4000,3765.2000,3765.0000,3764.8000,3764.4000,3766.0000,3766.2000,3766.8000,3767.2000,3767.4000,2,7,1,5,5,1,1,1,1,3
SF,IF2007,2020-05-27 13:51:58.700,3765.8000,8361,0,2575115100.000,0,-,-,-,-,3765.4000,3765.2000,3765.0000,3764.8000,3764.4000,3766.2000,3766.8000,3767.2000,3767.4000,3767.6000,2,7,1,5,5,1,1,1,3,1
SF,IF2007,2020-05-27 13:51:59.700,3765.8000,8361,0,2575115100.000,0,-,-,-,-,3765.4000,3765.2000,3765.0000,3764.8000,3764.4000,3766.2000,3766.8000,3767.2000,3767.4000,3767.6000,1,7,1,5,5,1,1,1,3,1
SF,IF2007,2020-05-27 13:52:01.200,3765.8000,8361,0,2575115100.000,0,-,-,-,-,3765.4000,3765.2000,3765.0000,3764.8000,3764.4000,3766.2000,3766.8000,3767.2000,3767.4000,3767.6000,1,7,1,5,5,1,1,1,3,1
SF,IF2007,2020-05-27 13:52:25.200,3765.8000,8361,0,2575115100.000,0,-,-,-,-,3765.2000,3765.0000,3764.8000,3764.4000,3764.2000,3766.2000,3766.8000,3767.2000,3767.4000,3767.6000,7,1,5,5,1,1,1,1,3,1
SF,IF2007,2020-05-27 13:52:28.700,3765.2000,8363,2,2578503780.000,3,2,1,空开,S,3765.2000,3765.0000,3764.8000,3764.4000,3764.2000,3766.0000,3766.2000,3766.8000,3767.2000,3767.4000,4,1,5,5,1,2,1,1,1,3
SF,IF2007,2020-05-27 13:52:29.200,3765.2000,8365,2,2580762900.000,2,2,0,双开,S,3765.2000,3765.0000,3764.8000,3764.4000,3764.2000,3765.8000,3766.0000,3766.2000,3766.8000,3767.2000,2,1,5,5,1,2,2,1,1,1
SF,IF2007,2020-05-27 13:52:29.700,3765.2000,8366,1,2581892460.000,1,1,0,双开,S,3765.2000,3765.0000,3764.8000,3764.4000,3764.2000,3765.8000,3766.0000,3766.2000,3766.8000,3767.2000,1,1,5,5,1,2,2,1,1,1
SF,IF2007,2020-05-27 13:52:30.200,3765.0000,8367,1,2584151520.000,2,1,1,空开,S,3764.8000,3764.4000,3764.2000,3764.0000,3763.6000,3765.8000,3766.0000,3766.2000,3766.8000,3767.2000,5,5,1,5,5,2,2,1,1,1
SF,IF2007,2020-05-27 13:52:31.700,3765.0000,8367,0,2584151520.000,0,-,-,-,-,3764.8000,3764.4000,3764.2000,3764.0000,3763.6000,3765.6000,3765.8000,3766.0000,3766.2000,3766.8000,5,5,1,5,5,1,2,1,1,1
SF,IF2007,2020-05-27 13:52:32.200,3764.8000,8369,2,2586410400.000,2,2,0,双开,S,3764.8000,3764.4000,3764.0000,3763.6000,3763.2000,3765.2000,3765.4000,3765.8000,3766.2000,3766.8000,3,5,5,5,5,1,2,1,1,1
SF,IF2007,2020-05-27 13:52:32.700,3764.8000,8369,0,2587539840.000,1,0,1,多换,S,3764.8000,3764.4000,3764.0000,3763.6000,3763.2000,3765.2000,3765.4000,3765.8000,3766.2000,3767.2000,2,5,5,5,5,1,2,1,1,1
SF,IF2007,2020-05-27 13:52:33.700,3764.8000,8369,0,2587539840.000,0,-,-,-,-,3764.8000,3764.4000,3764.0000,3763.6000,3763.2000,3765.4000,3765.8000,3766.2000,3767.2000,3767.4000,2,5,5,5,5,1,1,1,1,3
SF,IF2007,2020-05-27 13:52:34.200,3764.8000,8369,0,2587539840.000,0,-,-,-,-,3764.8000,3764.4000,3764.0000,3763.6000,3763.2000,3765.8000,3766.2000,3767.2000,3767.4000,3767.6000,2,5,5,5,5,1,1,1,3,1
SF,IF2007,2020-05-27 13:52:34.700,3764.8000,8369,0,2587539840.000,0,-,-,-,-,3764.8000,3764.4000,3764.0000,3763.6000,3763.2000,3765.8000,3766.2000,3767.2000,3767.4000,3767.6000,2,5,5,5,5,1,1,1,3,1
SF,IF2007,2020-05-27 13:52:35.700,3764.8000,8369,0,2587539840.000,0,-,-,-,-,3765.0000,3764.8000,3764.4000,3764.0000,3763.6000,3765.8000,3766.2000,3767.2000,3767.4000,3767.6000,1,2,5,5,5,1,1,1,3,1
SF,IF2007,2020-05-27 13:52:36.200,3764.8000,8369,0,2587539840.000,0,-,-,-,-,3765.0000,3764.8000,3764.4000,3764.0000,3763.6000,3766.2000,3767.2000,3767.4000,3767.6000,3769.2000,1,2,5,5,5,1,1,3,1,1
SF,IF2007,2020-05-27 13:52:36.700,3764.8000,8369,0,2587539840.000,0,-,-,-,-,3765.0000,3764.8000,3764.4000,3764.0000,3763.6000,3766.0000,3766.2000,3767.2000,3767.4000,3767.6000,1,2,5,5,5,3,1,1,3,1
SF,IF2007,2020-05-27 13:52:38.200,3764.8000,8369,0,2587539840.000,0,-,-,-,-,3765.0000,3764.8000,3764.4000,3764.0000,3763.6000,3766.0000,3766.2000,3767.2000,3767.4000,3767.6000,1,2,5,5,5,3,1,1,2,1
SF,IF2007,2020-05-27 13:52:38.700,3764.8000,8369,0,2587539840.000,0,-,-,-,-,3765.0000,3764.8000,3764.4000,3764.0000,3763.6000,3765.8000,3766.0000,3766.2000,3767.2000,3767.4000,1,2,5,5,5,1,3,1,1,1
SF,IF2007,2020-05-27 13:52:39.700,3764.8000,8369,0,2587539840.000,0,-,-,-,-,3765.0000,3764.8000,3764.4000,3764.0000,3763.6000,3766.0000,3766.2000,3767.2000,3767.4000,3767.6000,1,2,5,5,5,3,1,1,1,1
SF,IF2007,2020-05-27 13:52:45.700,3764.8000,8369,0,2587539840.000,0,-,-,-,-,3765.2000,3765.0000,3764.8000,3764.4000,3764.0000,3766.0000,3766.2000,3767.2000,3767.4000,3767.6000,1,1,2,5,5,3,1,1,1,1
SF,IF2007,2020-05-27 13:52:46.200,3764.8000,8369,0,2587539840.000,0,-,-,-,-,3765.4000,3765.2000,3765.0000,3764.8000,3764.4000,3766.2000,3767.2000,3767.4000,3767.6000,3769.2000,1,1,1,2,5,1,1,1,1,1
SF,IF2007,2020-05-27 13:52:46.700,3764.8000,8369,0,2587539840.000,0,-,-,-,-,3765.4000,3765.2000,3765.0000,3764.8000,3764.4000,3766.2000,3767.2000,3767.4000,3767.6000,3769.2000,1,1,1,2,5,1,1,1,1,1
SF,IF2007,2020-05-27 13:52:49.700,3764.8000,8369,0,2587539840.000,0,-,-,-,-,3765.4000,3765.2000,3764.8000,3764.4000,3764.0000,3766.2000,3767.2000,3767.4000,3767.6000,3769.2000,1,1,2,5,5,1,1,1,1,1
SF,IF2007,2020-05-27 13:52:50.200,3764.8000,8369,0,2587539840.000,0,-,-,-,-,3764.8000,3764.4000,3764.0000,3763.6000,3763.2000,3765.4000,3766.2000,3767.2000,3767.4000,3767.6000,2,5,5,5,5,1,1,1,1,1
SF,IF2007,2020-05-27 13:52:50.700,3764.8000,8369,0,2587539840.000,0,-,-,-,-,3764.8000,3764.4000,3764.0000,3763.6000,3763.2000,3766.2000,3767.2000,3767.4000,3767.6000,3769.2000,2,5,5,5,5,1,1,1,1,1
SF,IF2007,2020-05-27 13:52:51.200,3764.8000,8370,1,2588669280.000,1,1,0,双开,S,3764.8000,3764.4000,3764.0000,3763.6000,3763.2000,3766.0000,3766.2000,3767.2000,3767.4000,3767.6000,2,5,5,5,5,1,1,1,1,1
SF,IF2007,2020-05-27 13:52:52.700,3764.8000,8370,0,2588669280.000,0,-,-,-,-,3765.2000,3765.0000,3764.8000,3764.4000,3764.0000,3766.0000,3766.2000,3767.2000,3767.4000,3767.6000,1,3,2,5,5,1,1,1,1,1
SF,IF2007,2020-05-27 13:52:54.200,3764.8000,8370,0,2588669280.000,0,-,-,-,-,3765.0000,3764.8000,3764.4000,3764.0000,3763.6000,3766.0000,3766.2000,3767.2000,3767.4000,3767.6000,3,2,5,5,5,1,1,1,1,1
SF,IF2007,2020-05-27 13:52:56.200,3764.8000,8370,0,2588669280.000,0,-,-,-,-,3765.2000,3765.0000,3764.8000,3764.4000,3764.0000,3766.0000,3766.2000,3767.2000,3767.4000,3767.6000,1,4,2,5,5,1,1,1,1,1
SF,IF2007,2020-05-27 13:52:56.700,3764.8000,8370,0,2588669280.000,0,-,-,-,-,3765.2000,3765.0000,3764.8000,3764.4000,3764.0000,3766.0000,3766.2000,3767.2000,3767.4000,3767.6000,1,3,2,5,5,1,1,1,1,1
SF,IF2007,2020-05-27 13:52:57.200,3764.8000,8370,0,2588669280.000,0,-,-,-,-,3765.2000,3765.0000,3764.8000,3764.4000,3764.0000,3765.8000,3766.0000,3766.2000,3767.2000,3767.4000,1,3,2,5,5,1,1,1,1,1
SF,IF2007,2020-05-27 13:52:58.200,3765.8000,8371,1,2589799020.000,1,1,0,双开,S,3765.2000,3765.0000,3764.8000,3764.4000,3764.0000,3766.0000,3766.2000,3767.2000,3767.4000,3767.6000,1,3,2,5,5,1,1,1,1,1
SF,IF2007,2020-05-27 13:53:01.700,3765.8000,8371,0,2589799020.000,0,-,-,-,-,3765.4000,3765.2000,3765.0000,3764.8000,3764.4000,3766.0000,3766.2000,3767.2000,3767.4000,3767.6000,1,1,2,2,5,1,1,1,1,1
SF,IF2007,2020-05-27 13:53:02.200,3765.8000,8371,0,2589799020.000,0,-,-,-,-,3765.4000,3765.2000,3765.0000,3764.8000,3764.4000,3766.0000,3766.2000,3767.2000,3767.4000,3767.6000,1,1,2,2,5,1,1,1,1,1
SF,IF2007,2020-05-27 13:53:03.700,3765.8000,8371,0,2589799020.000,0,-,-,-,-,3765.4000,3765.0000,3764.8000,3764.4000,3764.0000,3766.0000,3766.2000,3767.2000,3767.4000,3767.6000,1,2,2,5,5,1,1,1,1,1
SF,IF2007,2020-05-27 13:53:04.200,3765.8000,8371,0,2589799020.000,0,-,-,-,-,3765.0000,3764.8000,3764.4000,3764.0000,3763.6000,3766.0000,3766.2000,3767.2000,3767.4000,3767.6000,2,2,5,5,5,1,1,1,1,1
SF,IF2007,2020-05-27 13:53:05.700,3765.8000,8371,0,2589799020.000,0,-,-,-,-,3765.0000,3764.8000,3764.4000,3764.0000,3763.6000,3766.0000,3766.2000,3767.2000,3767.4000,3767.6000,1,2,5,5,5,1,1,1,1,1
SF,IF2007,2020-05-27 13:53:09.700,3765.8000,8371,0,2589799020.000,0,-,-,-,-,3765.0000,3764.8000,3764.4000,3764.0000,3763.6000,3765.8000,3766.0000,3766.2000,3767.2000,3767.4000,1,2,5,5,5,1,1,1,1,1
SF,IF2007,2020-05-27 13:53:12.200,3765.8000,8371,0,2589799020.000,0,-,-,-,-,3765.0000,3764.8000,3764.4000,3764.0000,3763.6000,3766.0000,3766.2000,3767.2000,3767.4000,3767.6000,1,2,5,5,5,1,1,1,1,1
SF,IF2007,2020-05-27 13:53:14.200,3765.8000,8371,0,2589799020.000,0,-,-,-,-,3765.2000,3765.0000,3764.8000,3764.4000,3764.0000,3766.0000,3766.2000,3767.2000,3767.4000,3767.6000,1,1,2,5,5,1,1,1,1,1
SF,IF2007,2020-05-27 13:53:19.700,3765.8000,8371,0,2589799020.000,0,-,-,-,-,3765.2000,3765.0000,3764.8000,3764.4000,3764.0000,3765.8000,3766.0000,3766.2000,3767.2000,3767.4000,1,1,2,5,5,1,1,1,1,1
SF,IF2007,2020-05-27 13:53:20.200,3765.8000,8371,0,2589799020.000,0,-,-,-,-,3765.2000,3765.0000,3764.8000,3764.4000,3764.0000,3765.8000,3766.0000,3766.2000,3767.2000,3767.4000,1,1,2,5,5,1,1,1,1,1
SF,IF2007,2020-05-27 13:53:25.700,3765.2000,8372,1,2590928580.000,1,1,0,双开,S,3765.0000,3764.8000,3764.4000,3764.0000,3763.6000,3765.8000,3766.0000,3766.2000,3767.2000,3767.4000,1,2,5,5,5,1,1,1,1,1
SF,IF2007,2020-05-27 13:53:26.200,3765.2000,8372,0,2590928580.000,0,-,-,-,-,3765.0000,3764.8000,3764.4000,3764.0000,3763.6000,3765.6000,3765.8000,3766.2000,3767.2000,3767.4000,1,2,5,5,5,1,1,1,1,1
SF,IF2007,2020-05-27 13:53:27.700,3765.2000,8372,0,2590928580.000,0,-,-,-,-,3764.8000,3764.4000,3764.0000,3763.6000,3763.2000,3765.6000,3765.8000,3766.2000,3767.2000,3767.4000,2,5,5,5,5,1,1,1,1,1
SF,IF2007,2020-05-27 13:53:32.200,3765.2000,8372,0,2590928580.000,0,-,-,-,-,3764.8000,3764.4000,3764.0000,3763.6000,3763.2000,3765.6000,3766.2000,3767.2000,3767.4000,3767.6000,2,5,5,5,5,1,1,1,1,1
SF,IF2007,2020-05-27 13:53:32.700,3765.2000,8372,0,2590928580.000,0,-,-,-,-,3764.8000,3764.4000,3764.0000,3763.6000,3763.2000,3765.6000,3766.2000,3767.2000,3767.4000,3767.6000,2,5,5,5,5,1,1,1,1,1
SF,IF2007,2020-05-27 13:53:33.200,3765.2000,8372,0,2590928580.000,0,-,-,-,-,3764.8000,3764.4000,3764.0000,3763.6000,3763.2000,3765.4000,3765.6000,3766.2000,3767.2000,3767.4000,2,5,5,5,5,2,1,1,1,1
SF,IF2007,2020-05-27 13:53:33.700,3764.8000,8374,2,2593187460.000,2,2,0,双开,S,3764.4000,3764.0000,3763.6000,3763.2000,3763.0000,3765.2000,3765.4000,3766.2000,3767.2000,3767.4000,5,5,5,5,1,3,1,1,1,1
SF,IF2007,2020-05-27 13:53:34.200,3764.8000,8374,0,2593187460.000,0,-,-,-,-,3764.4000,3764.0000,3763.6000,3763.2000,3763.0000,3765.2000,3765.4000,3766.2000,3767.2000,3767.4000,5,5,5,5,1,1,1,1,1,1
SF,IF2007,2020-05-27 13:53:35.200,3764.4000,8375,1,2594316780.000,1,1,0,双开,S,3764.4000,3764.0000,3763.6000,3763.2000,3763.0000,3765.2000,3765.4000,3766.2000,3767.2000,3767.4000,4,5,5,5,1,1,1,1,1,1
SF,IF2007,2020-05-27 13:53:35.700,3765.2000,8376,1,2595446340.000,1,1,0,双开,S,3764.6000,3764.4000,3764.0000,3763.6000,3763.2000,3766.2000,3767.2000,3767.4000,3767.6000,3769.2000,1,4,5,5,5,1,1,1,1,1
SF,IF2007,2020-05-27 13:53:36.200,3765.2000,8376,0,2595446340.000,0,-,-,-,-,3764.8000,3764.6000,3764.4000,3764.0000,3763.6000,3765.8000,3766.0000,3766.2000,3767.2000,3767.6000,1,1,4,5,5,3,5,1,1,1
SF,IF2007,2020-05-27 13:53:37.200,3765.2000,8376,0,2595446340.000,0,-,-,-,-,3764.8000,3764.6000,3764.4000,3764.0000,3763.6000,3765.8000,3766.0000,3766.2000,3767.2000,3767.6000,1,1,4,5,5,2,5,1,1,1
SF,IF2007,2020-05-27 13:53:37.700,3765.2000,8376,0,2595446340.000,0,-,-,-,-,3764.8000,3764.6000,3764.4000,3764.0000,3763.6000,3765.6000,3765.8000,3766.0000,3766.2000,3767.2000,1,1,4,5,5,1,2,3,1,1
SF,IF2007,2020-05-27 13:53:38.200,3765.2000,8376,0,2595446340.000,0,-,-,-,-,3764.6000,3764.4000,3764.0000,3763.6000,3763.2000,3765.6000,3765.8000,3766.0000,3766.2000,3767.2000,1,4,5,5,5,1,2,3,1,1
SF,IF2007,2020-05-27 13:53:38.700,3765.2000,8376,0,2595446340.000,0,-,-,-,-,3764.6000,3764.4000,3764.0000,3763.6000,3763.2000,3765.6000,3765.8000,3766.0000,3766.2000,3767.2000,1,4,5,5,5,1,2,2,1,1
SF,IF2007,2020-05-27 13:53:39.200,3765.2000,8376,0,2595446340.000,0,-,-,-,-,3764.6000,3764.4000,3764.0000,3763.6000,3763.2000,3765.6000,3765.8000,3766.0000,3766.2000,3767.2000,1,4,5,5,5,1,2,2,1,1
SF,IF2007,2020-05-27 13:53:40.200,3765.2000,8376,0,2595446340.000,0,-,-,-,-,3764.6000,3764.4000,3764.0000,3763.6000,3763.2000,3765.4000,3765.6000,3765.8000,3766.0000,3766.2000,1,4,5,5,5,1,1,2,2,1
SF,IF2007,2020-05-27 13:53:41.200,3765.2000,8376,0,2595446340.000,0,-,-,-,-,3764.6000,3764.4000,3764.0000,3763.6000,3763.2000,3765.4000,3765.6000,3765.8000,3766.0000,3766.2000,1,4,5,5,6,1,1,2,2,1
SF,IF2007,2020-05-27 13:53:41.700,3765.2000,8376,0,2595446340.000,0,-,-,-,-,3764.6000,3764.4000,3764.0000,3763.6000,3763.2000,3765.4000,3765.6000,3765.8000,3766.0000,3766.2000,1,4,5,5,6,1,1,2,2,1
SF,IF2007,2020-05-27 13:53:42.200,3765.2000,8376,0,2595446340.000,0,-,-,-,-,3764.6000,3764.4000,3764.0000,3763.6000,3763.2000,3765.6000,3765.8000,3766.2000,3767.2000,3767.6000,1,4,5,5,6,1,2,1,1,1
SF,IF2007,2020-05-27 13:53:43.700,3765.2000,8376,0,2595446340.000,0,-,-,-,-,3764.8000,3764.6000,3764.4000,3764.0000,3763.6000,3765.6000,3765.8000,3766.2000,3767.2000,3767.6000,1,1,4,5,5,1,1,1,1,1
SF,IF2007,2020-05-27 13:53:44.200,3765.2000,8376,0,2595446340.000,0,-,-,-,-,3764.8000,3764.6000,3764.4000,3764.0000,3763.6000,3765.8000,3766.2000,3767.2000,3767.6000,3769.2000,1,1,4,5,5,1,1,1,1,1
SF,IF2007,2020-05-27 13:53:44.700,3765.2000,8376,0,2595446340.000,0,-,-,-,-,3765.0000,3764.8000,3764.4000,3764.0000,3763.6000,3766.2000,3767.2000,3767.6000,3769.2000,3770.0000,1,1,4,5,5,1,1,1,1,2
SF,IF2007,2020-05-27 13:53:45.200,3765.2000,8376,0,2595446340.000,0,-,-,-,-,3765.0000,3764.8000,3764.4000,3764.0000,3763.6000,3765.6000,3765.8000,3766.0000,3766.2000,3767.2000,1,1,4,5,5,1,1,5,1,1
SF,IF2007,2020-05-27 13:53:45.700,3765.2000,8376,0,2595446340.000,0,-,-,-,-,3764.4000,3764.0000,3763.6000,3763.2000,3763.0000,3765.6000,3765.8000,3766.0000,3766.2000,3767.2000,4,5,5,6,1,1,1,2,1,1
SF,IF2007,2020-05-27 13:53:46.200,3765.2000,8376,0,2595446340.000,0,-,-,-,-,3764.6000,3764.4000,3764.0000,3763.6000,3763.2000,3765.6000,3765.8000,3766.0000,3766.2000,3767.2000,2,4,5,5,6,1,1,2,1,1
SF,IF2007,2020-05-27 13:53:48.200,3765.2000,8376,0,2595446340.000,0,-,-,-,-,3765.0000,3764.6000,3764.4000,3764.0000,3763.6000,3765.6000,3765.8000,3766.0000,3766.2000,3767.2000,1,2,4,5,5,1,1,2,1,1
SF,IF2007,2020-05-27 13:53:48.700,3765.0000,8376,0,2596575840.000,1,0,1,多换,S,3764.6000,3764.4000,3764.0000,3763.6000,3763.2000,3765.4000,3765.6000,3765.8000,3766.0000,3766.2000,2,4,5,5,6,1,1,1,2,1
SF,IF2007,2020-05-27 13:53:49.200,3765.0000,8376,0,2596575840.000,0,-,-,-,-,3764.6000,3764.4000,3764.0000,3763.6000,3763.2000,3765.4000,3765.6000,3765.8000,3766.0000,3766.2000,2,4,5,5,6,1,1,1,1,1
SF,IF2007,2020-05-27 13:53:52.200,3765.0000,8376,0,2596575840.000,0,-,-,-,-,3764.6000,3764.4000,3764.0000,3763.6000,3763.2000,3765.4000,3765.8000,3766.0000,3766.2000,3767.2000,2,4,5,5,6,1,1,1,1,1
SF,IF2007,2020-05-27 13:54:02.700,3764.6000,8377,1,2597705220.000,1,1,0,双开,S,3764.6000,3764.4000,3764.0000,3763.6000,3763.2000,3765.4000,3765.8000,3766.0000,3766.2000,3767.2000,1,4,5,5,6,1,1,1,1,1
SF,IF2007,2020-05-27 13:54:03.200,3764.6000,8377,0,2597705220.000,0,-,-,-,-,3764.4000,3764.0000,3763.6000,3763.2000,3763.0000,3765.4000,3765.8000,3766.0000,3766.2000,3767.2000,4,5,5,6,1,1,1,1,1,1
SF,IF2007,2020-05-27 13:54:07.700,3764.6000,8377,0,2597705220.000,0,-,-,-,-,3764.6000,3764.4000,3764.0000,3763.6000,3763.2000,3765.4000,3765.8000,3766.0000,3766.2000,3767.2000,2,4,5,5,6,1,1,1,1,1
SF,IF2007,2020-05-27 13:54:08.200,3765.4000,8378,1,2598834840.000,1,1,0,双开,S,3764.8000,3764.6000,3764.4000,3764.0000,3763.6000,3765.8000,3766.0000,3766.2000,3767.2000,3767.6000,1,2,4,5,5,1,1,1,1,1
SF,IF2007,2020-05-27 13:54:08.700,3765.4000,8378,0,2598834840.000,0,-,-,-,-,3765.0000,3764.8000,3764.6000,3764.4000,3764.0000,3766.2000,3767.2000,3767.6000,3769.2000,3770.0000,1,1,2,4,5,1,1,1,1,2
SF,IF2007,2020-05-27 13:54:09.200,3765.4000,8378,0,2598834840.000,0,-,-,-,-,3765.2000,3765.0000,3764.6000,3764.4000,3764.0000,3766.2000,3767.2000,3767.6000,3769.2000,3770.0000,1,1,1,4,5,1,1,1,1,2
SF,IF2007,2020-05-27 13:54:09.700,3765.4000,8378,0,2598834840.000,0,-,-,-,-,3765.2000,3765.0000,3764.4000,3764.0000,3763.6000,3766.2000,3767.2000,3767.6000,3769.2000,3770.0000,1,1,4,5,5,1,1,1,1,2
SF,IF2007,2020-05-27 13:54:11.700,3765.4000,8378,0,2598834840.000,0,-,-,-,-,3765.2000,3764.4000,3764.0000,3763.6000,3763.2000,3766.2000,3767.2000,3767.6000,3769.2000,3770.0000,1,4,5,5,6,1,1,1,1,2
SF,IF2007,2020-05-27 13:54:12.200,3765.4000,8378,0,2598834840.000,0,-,-,-,-,3764.4000,3764.0000,3763.6000,3763.2000,3763.0000,3766.0000,3766.2000,3767.2000,3767.6000,3769.2000,4,5,5,6,1,1,1,1,1,1
SF,IF2007,2020-05-27 13:54:12.700,3765.4000,8378,0,2598834840.000,0,-,-,-,-,3765.0000,3764.8000,3764.6000,3764.4000,3764.0000,3766.0000,3766.2000,3767.2000,3767.6000,3769.2000,1,1,1,4,5,1,1,1,1,1
SF,IF2007,2020-05-27 13:54:21.200,3765.4000,8378,0,2598834840.000,0,-,-,-,-,3765.0000,3764.8000,3764.6000,3764.4000,3764.0000,3765.8000,3766.0000,3766.2000,3767.2000,3767.6000,1,1,1,4,5,1,1,1,1,1
SF,IF2007,2020-05-27 13:54:24.200,3765.4000,8378,0,2598834840.000,0,-,-,-,-,3765.0000,3764.8000,3764.6000,3764.4000,3764.0000,3765.8000,3766.0000,3766.2000,3767.2000,3767.6000,1,1,1,4,15,1,1,1,1,1
SF,IF2007,2020-05-27 13:54:25.200,3765.0000,8379,1,2599964340.000,1,1,0,双开,S,3764.8000,3764.6000,3764.4000,3764.0000,3763.6000,3765.6000,3765.8000,3766.0000,3766.2000,3767.2000,1,1,4,15,5,1,1,1,1,1
SF,IF2007,2020-05-27 13:54:29.700,3765.0000,8379,0,2599964340.000,0,-,-,-,-,3765.0000,3764.8000,3764.6000,3764.4000,3764.0000,3765.6000,3765.8000,3766.0000,3766.2000,3767.2000,1,1,1,4,15,1,1,1,1,1
SF,IF2007,2020-05-27 13:54:33.700,3765.0000,8379,0,2599964340.000,0,-,-,-,-,3765.2000,3765.0000,3764.8000,3764.6000,3764.4000,3765.6000,3765.8000,3766.0000,3766.2000,3767.2000,1,1,1,1,4,1,1,1,1,1
SF,IF2007,2020-05-27 13:54:34.700,3765.0000,8379,0,2599964340.000,0,-,-,-,-,3765.0000,3764.8000,3764.6000,3764.4000,3764.0000,3765.6000,3765.8000,3766.0000,3766.2000,3767.2000,1,1,1,4,15,1,1,1,1,1
SF,IF2007,2020-05-27 13:54:37.200,3765.0000,8379,0,2599964340.000,0,-,-,-,-,3764.8000,3764.6000,3764.4000,3764.0000,3763.6000,3765.6000,3765.8000,3766.0000,3766.2000,3767.2000,1,1,4,15,5,1,1,1,1,1
SF,IF2007,2020-05-27 13:54:40.700,3765.6000,8379,0,2601094020.000,1,0,1,多换,S,3765.2000,3764.8000,3764.6000,3764.4000,3764.0000,3765.8000,3766.0000,3766.2000,3767.2000,3767.6000,1,1,1,4,15,1,1,1,1,1
SF,IF2007,2020-05-27 13:54:41.200,3765.6000,8379,0,2601094020.000,0,-,-,-,-,3764.8000,3764.6000,3764.4000,3764.0000,3763.6000,3765.8000,3766.0000,3766.2000,3767.2000,3767.6000,1,1,4,15,5,1,1,1,1,1
SF,IF2007,2020-05-27 13:54:41.700,3765.6000,8379,0,2601094020.000,0,-,-,-,-,3765.0000,3764.8000,3764.4000,3764.0000,3763.6000,3765.8000,3766.0000,3766.2000,3767.2000,3767.6000,1,1,4,15,5,1,1,1,1,1
SF,IF2007,2020-05-27 13:54:43.700,3765.6000,8379,0,2601094020.000,0,-,-,-,-,3765.0000,3764.4000,3764.0000,3763.6000,3763.2000,3765.8000,3766.0000,3766.2000,3767.2000,3767.6000,1,4,15,5,6,1,1,1,1,1
SF,IF2007,2020-05-27 13:54:56.200,3765.6000,8379,0,2601094020.000,0,-,-,-,-,3765.0000,3764.4000,3764.0000,3763.6000,3763.2000,3765.6000,3765.8000,3766.0000,3766.2000,3767.2000,1,4,15,5,6,1,1,1,1,1
SF,IF2007,2020-05-27 13:54:56.700,3765.6000,8379,0,2601094020.000,0,-,-,-,-,3764.4000,3764.0000,3763.6000,3763.2000,3763.0000,3765.4000,3765.6000,3765.8000,3766.2000,3767.2000,4,15,5,6,1,2,1,1,1,1
SF,IF2007,2020-05-27 13:54:57.200,3765.6000,8379,0,2601094020.000,0,-,-,-,-,3764.4000,3764.0000,3763.6000,3763.2000,3763.0000,3765.4000,3765.6000,3765.8000,3766.2000,3767.2000,4,15,5,6,1,1,1,1,1,1
SF,IF2007,2020-05-27 13:55:00.700,3765.6000,8379,0,2601094020.000,0,-,-,-,-,3764.4000,3764.0000,3763.6000,3763.2000,3763.0000,3765.4000,3765.6000,3765.8000,3766.2000,3767.2000,4,15,5,6,1,2,1,1,1,1
SF,IF2007,2020-05-27 13:55:01.200,3765.6000,8379,0,2601094020.000,0,-,-,-,-,3764.4000,3764.0000,3763.6000,3763.2000,3763.0000,3765.0000,3765.2000,3765.4000,3765.6000,3765.8000,4,15,5,6,1,1,1,2,1,1
SF,IF2007,2020-05-27 13:55:01.700,3765.6000,8379,0,2601094020.000,0,-,-,-,-,3764.4000,3764.0000,3763.6000,3763.2000,3763.0000,3765.2000,3765.4000,3765.6000,3765.8000,3766.2000,4,15,5,6,1,1,2,1,1,1
SF,IF2007,2020-05-27 13:55:02.700,3764.4000,8380,1,2602223340.000,1,1,0,双开,S,3764.4000,3764.0000,3763.6000,3763.2000,3763.0000,3765.2000,3765.4000,3765.6000,3765.8000,3766.2000,3,15,5,6,1,1,2,1,1,1
SF,IF2007,2020-05-27 13:55:03.200,3764.4000,8381,1,2603352660.000,1,1,0,双开,S,3764.4000,3764.0000,3763.6000,3763.2000,3763.0000,3765.2000,3765.4000,3765.6000,3765.8000,3766.2000,2,15,5,6,1,1,3,1,1,1
SF,IF2007,2020-05-27 13:55:03.700,3764.4000,8381,0,2603352660.000,0,-,-,-,-,3764.4000,3764.0000,3763.6000,3763.2000,3763.0000,3764.8000,3765.0000,3765.2000,3765.4000,3765.6000,2,15,5,6,1,1,1,1,2,1
SF,IF2007,2020-05-27 13:55:04.200,3764.4000,8382,1,2605611300.000,2,1,1,空开,S,3764.0000,3763.6000,3763.2000,3763.0000,3762.6000,3764.4000,3765.0000,3765.2000,3765.4000,3765.6000,15,5,6,1,1,1,1,1,1,1
SF,IF2007,2020-05-27 13:55:04.700,3764.4000,8382,0,2605611300.000,0,-,-,-,-,3764.0000,3763.6000,3763.2000,3763.0000,3762.6000,3764.4000,3765.0000,3765.2000,3765.4000,3765.8000,15,5,6,1,1,1,1,1,1,1
SF,IF2007,2020-05-27 13:55:05.700,3764.4000,8384,2,2607869940.000,2,2,0,双开,S,3764.0000,3763.6000,3763.2000,3763.0000,3762.6000,3765.0000,3765.2000,3765.4000,3765.8000,3766.2000,15,5,6,1,1,1,1,1,1,1
SF,IF2007,2020-05-27 13:55:06.200,3764.4000,8384,0,2607869940.000,0,-,-,-,-,3764.0000,3763.6000,3763.2000,3763.0000,3762.6000,3765.0000,3765.2000,3765.4000,3765.8000,3766.2000,15,5,6,1,1,1,1,1,1,1
SF,IF2007,2020-05-27 13:55:06.700,3764.4000,8384,0,2607869940.000,0,-,-,-,-,3764.0000,3763.6000,3763.2000,3763.0000,3762.6000,3765.0000,3765.4000,3765.8000,3766.2000,3767.2000,15,5,6,1,1,1,1,1,1,1
SF,IF2007,2020-05-27 13:55:07.200,3764.4000,8384,0,2607869940.000,0,-,-,-,-,3764.2000,3764.0000,3763.6000,3763.2000,3763.0000,3765.4000,3765.8000,3766.2000,3767.2000,3767.6000,1,15,5,6,1,1,1,1,1,1
SF,IF2007,2020-05-27 13:55:07.700,3764.4000,8384,0,2607869940.000,0,-,-,-,-,3764.2000,3764.0000,3763.6000,3763.2000,3763.0000,3765.2000,3765.4000,3765.8000,3766.2000,3767.2000,1,15,5,6,1,1,1,1,1,1
SF,IF2007,2020-05-27 13:55:09.700,3764.4000,8384,0,2607869940.000,0,-,-,-,-,3764.2000,3764.0000,3763.6000,3763.2000,3763.0000,3765.0000,3765.2000,3765.4000,3765.8000,3766.2000,1,15,5,6,1,2,1,1,1,1
SF,IF2007,2020-05-27 13:55:10.200,3764.4000,8384,0,2607869940.000,0,-,-,-,-,3764.2000,3764.0000,3763.6000,3763.2000,3763.0000,3765.0000,3765.2000,3765.4000,3765.8000,3766.2000,1,15,5,6,1,2,1,1,1,1
SF,IF2007,2020-05-27 13:55:10.700,3764.4000,8384,0,2607869940.000,0,-,-,-,-,3764.0000,3763.6000,3763.2000,3763.0000,3762.6000,3765.0000,3765.2000,3765.4000,3765.8000,3766.2000,15,5,6,1,1,2,1,1,1,1
SF,IF2007,2020-05-27 13:55:11.200,3764.4000,8384,0,2607869940.000,0,-,-,-,-,3764.0000,3763.6000,3763.2000,3763.0000,3762.6000,3765.0000,3765.2000,3765.4000,3765.8000,3766.2000,15,5,6,1,1,2,1,1,1,1
SF,IF2007,2020-05-27 13:55:12.200,3764.4000,8384,0,2607869940.000,0,-,-,-,-,3764.0000,3763.6000,3763.2000,3763.0000,3762.6000,3764.8000,3765.0000,3765.2000,3765.4000,3765.8000,15,5,6,1,1,1,2,1,1,1
SF,IF2007,2020-05-27 13:55:14.700,3764.4000,8384,0,2607869940.000,0,-,-,-,-,3764.0000,3763.6000,3763.2000,3763.0000,3762.6000,3765.0000,3765.2000,3765.4000,3765.8000,3766.2000,15,5,6,1,1,2,1,1,1,1
SF,IF2007,2020-05-27 13:55:16.700,3764.4000,8384,0,2607869940.000,0,-,-,-,-,3764.4000,3764.0000,3763.6000,3763.2000,3763.0000,3765.0000,3765.2000,3765.4000,3765.8000,3766.2000,1,15,5,6,1,2,1,1,1,1
SF,IF2007,2020-05-27 13:55:18.700,3764.4000,8384,0,2608999260.000,1,0,1,多换,S,3764.0000,3763.6000,3763.2000,3763.0000,3762.6000,3765.0000,3765.2000,3765.4000,3765.8000,3766.2000,15,5,6,1,1,2,1,1,1,1
SF,IF2007,2020-05-27 13:55:21.700,3764.4000,8384,0,2608999260.000,0,-,-,-,-,3764.0000,3763.6000,3763.2000,3763.0000,3762.6000,3765.2000,3765.4000,3765.8000,3766.2000,3767.2000,15,5,6,1,1,1,1,1,1,1
SF,IF2007,2020-05-27 13:55:22.200,3764.4000,8384,0,2608999260.000,0,-,-,-,-,3764.2000,3764.0000,3763.6000,3763.2000,3763.0000,3765.2000,3765.4000,3765.8000,3766.2000,3767.2000,4,15,5,6,1,1,1,1,1,1
SF,IF2007,2020-05-27 13:55:23.200,3764.4000,8384,0,2608999260.000,0,-,-,-,-,3764.2000,3764.0000,3763.6000,3763.2000,3763.0000,3765.0000,3765.2000,3765.4000,3765.8000,3766.2000,4,15,5,6,1,1,1,1,1,1
SF,IF2007,2020-05-27 13:55:25.200,3764.4000,8384,0,2608999260.000,0,-,-,-,-,3764.2000,3764.0000,3763.6000,3763.2000,3763.0000,3765.2000,3765.4000,3765.8000,3766.2000,3767.2000,3,15,5,6,1,1,1,1,1,1
SF,IF2007,2020-05-27 13:55:26.200,3764.4000,8384,0,2608999260.000,0,-,-,-,-,3764.2000,3764.0000,3763.6000,3763.2000,3763.0000,3765.2000,3765.8000,3766.2000,3767.2000,3767.6000,3,15,5,6,1,1,1,1,1,1
SF,IF2007,2020-05-27 13:55:30.700,3764.4000,8384,0,2608999260.000,0,-,-,-,-,3764.2000,3764.0000,3763.6000,3763.2000,3763.0000,3765.2000,3765.8000,3766.2000,3767.2000,3767.6000,2,15,5,6,1,1,1,1,1,1
SF,IF2007,2020-05-27 13:55:31.200,3764.4000,8384,0,2608999260.000,0,-,-,-,-,3764.2000,3764.0000,3763.6000,3763.2000,3763.0000,3765.2000,3765.8000,3766.2000,3767.2000,3767.6000,2,15,5,6,1,1,1,1,1,1
SF,IF2007,2020-05-27 13:55:35.200,3764.2000,8385,1,2610128520.000,1,1,0,双开,S,3764.2000,3764.0000,3763.6000,3763.2000,3763.0000,3765.2000,3765.8000,3766.2000,3767.2000,3767.6000,1,15,5,6,1,1,1,1,1,1
SF,IF2007,2020-05-27 13:55:47.200,3764.2000,8386,1,2611257780.000,1,1,0,双开,S,3764.0000,3763.6000,3763.2000,3763.0000,3762.6000,3764.8000,3765.2000,3765.8000,3766.2000,3767.2000,15,5,6,1,1,1,1,1,1,1
SF,IF2007,2020-05-27 13:55:50.200,3764.0000,8387,1,2612386980.000,1,1,0,双开,S,3764.0000,3763.6000,3763.2000,3763.0000,3762.6000,3764.8000,3765.2000,3765.8000,3766.2000,3767.2000,14,5,6,1,1,1,1,1,1,1
SF,IF2007,2020-05-27 13:55:52.700,3764.0000,8387,0,2612386980.000,0,-,-,-,-,3764.2000,3764.0000,3763.6000,3763.2000,3763.0000,3764.8000,3765.2000,3765.8000,3766.2000,3767.2000,1,14,5,6,1,2,1,1,1,1
SF,IF2007,2020-05-27 13:55:54.200,3764.2000,8387,0,2613516240.000,1,0,1,多换,S,3764.0000,3763.6000,3763.2000,3763.0000,3762.6000,3764.8000,3765.2000,3765.8000,3766.2000,3767.2000,14,5,6,1,1,2,1,1,1,1
SF,IF2007,2020-05-27 13:55:55.200,3764.2000,8387,0,2613516240.000,0,-,-,-,-,3764.0000,3763.6000,3763.2000,3763.0000,3762.6000,3764.4000,3764.8000,3765.2000,3765.8000,3766.2000,14,5,6,1,1,1,2,1,1,1
SF,IF2007,2020-05-27 13:55:56.700,3764.2000,8387,0,2613516240.000,0,-,-,-,-,3764.0000,3763.6000,3763.2000,3763.0000,3762.6000,3764.4000,3764.8000,3765.2000,3765.8000,3766.2000,14,5,6,1,1,1,1,1,1,1
SF,IF2007,2020-05-27 13:55:59.700,3764.0000,8392,5,2619162240.000,5,5,0,双开,S,3764.0000,3763.6000,3763.2000,3763.0000,3762.6000,3764.2000,3764.4000,3764.8000,3765.2000,3765.8000,9,5,6,1,1,1,1,1,1,1
SF,IF2007,2020-05-27 13:56:00.200,3764.0000,8395,3,2623679040.000,4,3,1,空开,S,3764.0000,3763.6000,3763.2000,3763.0000,3762.6000,3764.2000,3765.2000,3765.8000,3766.2000,3767.2000,5,5,6,1,1,1,1,1,1,1
SF,IF2007,2020-05-27 13:56:03.700,3764.0000,8396,1,2624808240.000,1,1,0,双开,S,3764.0000,3763.6000,3763.2000,3763.0000,3762.6000,3764.2000,3765.2000,3765.8000,3766.2000,3767.2000,4,5,6,1,1,1,1,1,1,1
SF,IF2007,2020-05-27 13:56:08.700,3764.2000,8396,0,2625937500.000,1,0,1,多换,S,3764.0000,3763.6000,3763.2000,3763.0000,3762.6000,3765.2000,3765.8000,3766.2000,3767.2000,3767.6000,4,5,6,1,1,1,1,1,1,1
SF,IF2007,2020-05-27 13:56:09.700,3764.2000,8396,0,2625937500.000,0,-,-,-,-,3764.2000,3764.0000,3763.6000,3763.2000,3763.0000,3765.2000,3765.8000,3766.2000,3767.2000,3767.6000,2,4,5,6,1,1,1,1,1,1
SF,IF2007,2020-05-27 13:56:13.200,3764.2000,8397,1,2627066760.000,1,1,0,双开,S,3764.2000,3764.0000,3763.6000,3763.2000,3763.0000,3765.2000,3765.8000,3766.2000,3767.2000,3767.6000,1,4,5,6,1,1,1,1,1,1
SF,IF2007,2020-05-27 13:56:13.700,3764.2000,8397,0,2627066760.000,0,-,-,-,-,3764.2000,3764.0000,3763.6000,3763.2000,3763.0000,3764.8000,3765.0000,3765.2000,3765.8000,3766.2000,1,4,5,6,1,2,1,1,1,1
SF,IF2007,2020-05-27 13:56:14.200,3764.2000,8397,0,2627066760.000,0,-,-,-,-,3764.2000,3764.0000,3763.6000,3763.2000,3763.0000,3764.8000,3765.0000,3765.2000,3765.8000,3766.2000,1,4,5,6,1,1,1,1,1,1
SF,IF2007,2020-05-27 13:56:15.200,3764.2000,8397,0,2627066760.000,0,-,-,-,-,3764.2000,3764.0000,3763.6000,3763.2000,3763.0000,3764.8000,3765.2000,3765.8000,3766.2000,3767.2000,1,4,5,6,1,1,1,1,1,1
SF,IF2007,2020-05-27 13:56:22.700,3764.2000,8398,1,2628196020.000,1,1,0,双开,S,3764.0000,3763.6000,3763.2000,3763.0000,3762.6000,3764.8000,3765.2000,3765.8000,3766.2000,3767.2000,4,5,6,1,1,1,1,1,1,1
SF,IF2007,2020-05-27 13:56:34.200,3764.0000,8399,1,2629325220.000,1,1,0,双开,S,3764.0000,3763.6000,3763.2000,3763.0000,3762.6000,3764.8000,3765.2000,3765.8000,3766.2000,3767.2000,3,5,6,1,1,1,1,1,1,1
SF,IF2007,2020-05-27 13:56:44.200,3764.0000,8400,1,2630454420.000,1,1,0,双开,S,3764.0000,3763.6000,3763.2000,3763.0000,3762.6000,3764.8000,3765.2000,3765.8000,3766.2000,3767.2000,2,5,6,1,1,1,1,1,1,1
SF,IF2007,2020-05-27 13:56:44.700,3764.0000,8400,0,2630454420.000,0,-,-,-,-,3764.0000,3763.6000,3763.2000,3763.0000,3762.6000,3764.6000,3764.8000,3765.8000,3766.2000,3767.2000,2,5,6,1,1,1,1,1,1,1
SF,IF2007,2020-05-27 13:56:45.200,3764.0000,8401,1,2631583620.000,1,1,0,双开,S,3764.0000,3763.6000,3763.2000,3763.0000,3762.6000,3764.6000,3764.8000,3765.8000,3766.2000,3767.2000,1,5,6,1,1,1,1,1,1,1
SF,IF2007,2020-05-27 13:56:47.200,3764.0000,8401,0,2631583620.000,0,-,-,-,-,3764.0000,3763.8000,3763.6000,3763.2000,3763.0000,3764.6000,3764.8000,3765.8000,3766.2000,3767.2000,1,1,5,6,1,1,1,1,1,1
SF,IF2007,2020-05-27 13:56:47.700,3763.8000,8402,1,2633841960.000,2,1,1,空开,S,3763.6000,3763.2000,3763.0000,3762.6000,3761.8000,3764.4000,3764.6000,3765.8000,3766.2000,3767.2000,5,6,1,1,1,2,1,1,1,1
SF,IF2007,2020-05-27 13:56:48.200,3763.8000,8402,0,2633841960.000,0,-,-,-,-,3763.6000,3763.2000,3763.0000,3762.6000,3761.8000,3764.0000,3764.4000,3764.6000,3765.8000,3766.2000,5,6,1,1,1,1,1,1,1,1
SF,IF2007,2020-05-27 13:56:53.700,3763.6000,8403,1,2634971040.000,1,1,0,双开,S,3763.6000,3763.2000,3763.0000,3762.6000,3761.8000,3764.0000,3764.4000,3764.6000,3765.8000,3766.2000,4,6,1,1,1,1,1,1,1,1
SF,IF2007,2020-05-27 13:56:56.700,3763.6000,8403,0,2634971040.000,0,-,-,-,-,3763.6000,3763.2000,3763.0000,3762.6000,3761.8000,3764.4000,3764.6000,3765.8000,3766.2000,3767.2000,4,6,1,1,1,1,1,1,1,1
SF,IF2007,2020-05-27 13:56:57.200,3763.6000,8403,0,2634971040.000,0,-,-,-,-,3763.6000,3763.2000,3763.0000,3762.6000,3761.8000,3764.2000,3764.4000,3765.8000,3766.2000,3767.2000,4,6,1,1,1,1,1,1,1,1
SF,IF2007,2020-05-27 13:56:57.700,3763.6000,8403,0,2634971040.000,0,-,-,-,-,3763.6000,3763.2000,3763.0000,3762.6000,3761.8000,3764.0000,3764.2000,3764.4000,3765.8000,3766.2000,4,6,1,1,1,1,1,1,1,1
SF,IF2007,2020-05-27 13:56:58.200,3763.6000,8404,1,2636100120.000,1,1,0,双开,S,3763.6000,3763.2000,3763.0000,3762.6000,3761.8000,3764.2000,3765.8000,3766.2000,3767.2000,3767.6000,3,6,1,1,1,1,1,1,1,1
SF,IF2007,2020-05-27 13:56:58.700,3763.6000,8404,0,2636100120.000,0,-,-,-,-,3763.6000,3763.2000,3763.0000,3762.6000,3761.8000,3764.0000,3764.2000,3765.8000,3766.2000,3767.2000,3,6,1,1,1,1,1,1,1,1
SF,IF2007,2020-05-27 13:57:00.700,3763.6000,8404,0,2636100120.000,0,-,-,-,-,3763.6000,3763.2000,3763.0000,3762.6000,3761.8000,3764.0000,3764.2000,3764.8000,3765.8000,3766.2000,3,6,1,1,1,1,1,1,1,1
SF,IF2007,2020-05-27 13:57:01.200,3763.6000,8405,1,2637229200.000,1,1,0,双开,S,3763.6000,3763.2000,3763.0000,3762.6000,3761.8000,3764.0000,3764.2000,3764.8000,3765.8000,3766.2000,2,6,1,1,1,1,1,1,1,1
SF,IF2007,2020-05-27 13:57:02.200,3763.6000,8406,1,2638358280.000,1,1,0,双开,S,3763.6000,3763.2000,3763.0000,3762.6000,3761.8000,3764.0000,3764.2000,3764.8000,3765.8000,3766.2000,1,6,1,1,1,1,1,1,1,1
SF,IF2007,2020-05-27 13:57:03.200,3763.6000,8407,1,2639487360.000,1,1,0,双开,S,3763.2000,3763.0000,3762.6000,3761.8000,3761.0000,3764.0000,3764.2000,3764.8000,3765.8000,3766.2000,6,1,1,1,7,1,1,1,1,1
SF,IF2007,2020-05-27 13:57:04.700,3763.6000,8407,0,2639487360.000,0,-,-,-,-,3763.2000,3763.0000,3762.6000,3761.8000,3761.0000,3763.6000,3764.2000,3764.8000,3765.8000,3766.2000,6,1,1,1,7,1,1,1,1,1
SF,IF2007,2020-05-27 13:57:05.200,3763.6000,8407,0,2639487360.000,0,-,-,-,-,3763.2000,3763.0000,3762.6000,3761.8000,3761.0000,3763.6000,3764.0000,3764.2000,3764.8000,3765.8000,6,1,1,1,7,1,1,1,1,1
SF,IF2007,2020-05-27 13:57:05.700,3763.2000,8409,2,2641745280.000,2,2,0,双开,S,3763.2000,3763.0000,3762.6000,3761.8000,3761.0000,3763.6000,3764.0000,3764.2000,3764.8000,3765.8000,4,1,1,1,7,1,1,1,1,1
SF,IF2007,2020-05-27 13:57:06.200,3762.6000,8414,5,2648518800.000,6,5,1,空开,S,3761.8000,3761.0000,3760.2000,3760.0000,3759.8000,3763.2000,3763.4000,3764.0000,3764.8000,3765.8000,1,7,2,1,2,6,2,1,1,1
SF,IF2007,2020-05-27 13:57:06.700,3762.6000,8414,0,2648518800.000,0,-,-,-,-,3762.2000,3762.0000,3761.8000,3761.0000,3760.2000,3762.8000,3763.2000,3763.4000,3764.8000,3765.8000,1,3,1,7,2,1,6,1,1,1
SF,IF2007,2020-05-27 13:57:07.200,3762.8000,8415,1,2649647640.000,1,1,0,双开,S,3762.2000,3762.0000,3761.8000,3761.0000,3760.2000,3762.8000,3763.2000,3763.4000,3764.8000,3765.8000,1,3,1,7,2,1,2,1,1,1
SF,IF2007,2020-05-27 13:57:07.700,3762.8000,8416,1,2650776480.000,1,1,0,双开,S,3762.4000,3762.2000,3762.0000,3761.8000,3761.0000,3763.2000,3763.4000,3764.8000,3766.2000,3767.2000,1,1,3,1,7,2,1,1,1,1
SF,IF2007,2020-05-27 13:57:10.700,3762.8000,8416,0,2650776480.000,0,-,-,-,-,3762.4000,3762.2000,3762.0000,3761.8000,3761.0000,3763.2000,3763.4000,3764.8000,3766.2000,3767.2000,1,1,4,1,7,2,1,1,1,1
SF,IF2007,2020-05-27 13:57:11.700,3762.8000,8416,0,2650776480.000,0,-,-,-,-,3762.4000,3762.2000,3762.0000,3761.8000,3761.0000,3763.2000,3763.4000,3764.8000,3766.2000,3767.2000,1,1,3,1,7,2,1,1,1,1
SF,IF2007,2020-05-27 13:57:12.200,3762.4000,8417,1,2651905200.000,1,1,0,双开,S,3762.2000,3762.0000,3761.8000,3761.0000,3760.2000,3763.2000,3763.4000,3764.8000,3766.2000,3767.2000,1,3,1,7,2,2,1,1,1,1
SF,IF2007,2020-05-27 13:57:12.700,3762.4000,8417,0,2651905200.000,0,-,-,-,-,3762.2000,3762.0000,3761.8000,3761.0000,3760.2000,3763.0000,3763.2000,3763.4000,3764.8000,3766.2000,1,3,1,7,2,1,2,1,1,1
SF,IF2007,2020-05-27 13:57:14.700,3762.4000,8417,0,2651905200.000,0,-,-,-,-,3762.0000,3761.0000,3760.2000,3760.0000,3759.8000,3763.0000,3763.2000,3763.4000,3764.8000,3766.2000,2,7,2,1,2,1,2,1,1,1
SF,IF2007,2020-05-27 13:57:15.200,3762.4000,8417,0,2651905200.000,0,-,-,-,-,3762.0000,3761.0000,3760.2000,3760.0000,3759.8000,3762.8000,3763.0000,3763.2000,3764.8000,3766.2000,2,7,2,1,2,1,2,2,1,1
SF,IF2007,2020-05-27 13:57:15.700,3762.4000,8417,0,2651905200.000,0,-,-,-,-,3762.0000,3761.0000,3760.2000,3760.0000,3759.8000,3762.6000,3762.8000,3763.2000,3764.8000,3766.2000,1,7,2,1,2,1,1,2,1,1
SF,IF2007,2020-05-27 13:57:18.700,3762.4000,8417,0,2651905200.000,0,-,-,-,-,3761.0000,3760.2000,3760.0000,3759.8000,3758.0000,3762.6000,3762.8000,3763.2000,3764.8000,3766.2000,7,2,1,2,4,1,1,2,1,1
SF,IF2007,2020-05-27 13:57:19.200,3762.4000,8417,0,2651905200.000,0,-,-,-,-,3761.4000,3761.2000,3761.0000,3760.2000,3760.0000,3762.4000,3762.6000,3763.2000,3764.8000,3766.2000,2,3,7,2,1,2,1,2,1,1
SF,IF2007,2020-05-27 13:57:19.700,3762.4000,8417,0,2651905200.000,0,-,-,-,-,3761.4000,3761.2000,3761.0000,3760.2000,3760.0000,3762.4000,3762.6000,3763.2000,3764.8000,3766.2000,2,3,7,2,1,1,1,2,1,1
SF,IF2007,2020-05-27 13:57:20.200,3762.4000,8418,1,2653033920.000,1,1,0,双开,S,3761.4000,3761.2000,3761.0000,3760.2000,3760.0000,3762.6000,3763.2000,3764.8000,3766.2000,3767.2000,2,3,7,2,1,1,2,1,1,1
SF,IF2007,2020-05-27 13:57:20.700,3762.4000,8418,0,2653033920.000,0,-,-,-,-,3761.6000,3761.4000,3761.2000,3761.0000,3760.2000,3762.6000,3763.2000,3764.8000,3766.2000,3767.2000,1,2,2,7,2,1,2,1,1,1
SF,IF2007,2020-05-27 13:57:21.700,3762.4000,8418,0,2653033920.000,0,-,-,-,-,3761.8000,3761.6000,3761.4000,3761.2000,3761.0000,3762.6000,3763.2000,3764.8000,3766.2000,3767.2000,1,1,2,2,7,1,2,1,1,1
SF,IF2007,2020-05-27 13:57:22.200,3762.4000,8418,0,2653033920.000,0,-,-,-,-,3762.0000,3761.8000,3761.4000,3761.2000,3761.0000,3762.6000,3763.2000,3764.8000,3766.2000,3767.2000,1,1,2,2,7,1,2,1,1,1
SF,IF2007,2020-05-27 13:57:24.700,3762.4000,8418,0,2653033920.000,0,-,-,-,-,3762.0000,3761.8000,3761.4000,3761.2000,3761.0000,3762.6000,3763.2000,3764.8000,3766.2000,3767.2000,1,1,1,2,7,1,2,1,1,1
SF,IF2007,2020-05-27 13:57:25.700,3762.4000,8418,0,2653033920.000,0,-,-,-,-,3762.0000,3761.8000,3761.4000,3761.2000,3761.0000,3762.6000,3763.2000,3764.8000,3766.2000,3767.2000,1,1,1,2,7,2,2,1,1,1
SF,IF2007,2020-05-27 13:57:26.700,3762.6000,8419,1,2654162700.000,1,1,0,双开,S,3762.0000,3761.8000,3761.4000,3761.2000,3761.0000,3762.6000,3763.2000,3764.8000,3766.2000,3767.2000,1,1,1,2,7,1,2,1,1,1
SF,IF2007,2020-05-27 13:57:30.200,3762.6000,8419,0,2654162700.000,0,-,-,-,-,3762.0000,3761.4000,3761.2000,3761.0000,3760.2000,3762.6000,3763.2000,3764.8000,3766.2000,3767.2000,1,1,2,7,2,1,2,1,1,1
SF,IF2007,2020-05-27 13:57:33.700,3762.6000,8420,1,2655291480.000,1,1,0,双开,S,3762.0000,3761.4000,3761.2000,3761.0000,3760.2000,3763.2000,3764.8000,3766.2000,3767.2000,3767.6000,1,1,2,7,2,2,1,1,1,1
SF,IF2007,2020-05-27 13:57:34.200,3762.6000,8420,0,2655291480.000,0,-,-,-,-,3762.0000,3761.4000,3761.2000,3761.0000,3760.2000,3763.0000,3763.2000,3764.8000,3766.2000,3767.2000,1,1,2,7,2,2,2,1,1,1
SF,IF2007,2020-05-27 13:57:35.200,3762.6000,8420,0,2655291480.000,0,-,-,-,-,3762.2000,3762.0000,3761.4000,3761.2000,3761.0000,3763.2000,3764.8000,3766.2000,3767.2000,3767.6000,2,1,1,2,7,2,1,1,1,1
SF,IF2007,2020-05-27 13:57:35.700,3762.6000,8420,0,2655291480.000,0,-,-,-,-,3762.4000,3762.2000,3761.4000,3761.2000,3761.0000,3763.2000,3764.8000,3766.2000,3767.2000,3767.6000,1,2,1,2,7,2,1,1,1,1
SF,IF2007,2020-05-27 13:57:47.200,3762.4000,8421,1,2656420200.000,1,1,0,双开,S,3762.2000,3761.4000,3761.2000,3761.0000,3760.2000,3763.2000,3764.8000,3766.2000,3767.2000,3767.6000,2,1,2,7,2,2,1,1,1,1
SF,IF2007,2020-05-27 13:57:47.700,3762.4000,8421,0,2656420200.000,0,-,-,-,-,3762.2000,3761.4000,3761.2000,3761.0000,3760.2000,3763.0000,3763.2000,3764.8000,3766.2000,3767.2000,2,1,2,7,2,1,2,1,1,1
SF,IF2007,2020-05-27 13:57:50.700,3762.4000,8421,0,2656420200.000,0,-,-,-,-,3762.2000,3761.4000,3761.2000,3761.0000,3760.2000,3763.0000,3763.2000,3764.8000,3766.2000,3767.2000,1,1,2,7,2,1,2,1,1,1
SF,IF2007,2020-05-27 13:57:57.700,3762.4000,8421,0,2656420200.000,0,-,-,-,-,3761.4000,3761.2000,3761.0000,3760.2000,3760.0000,3763.0000,3763.2000,3764.8000,3766.2000,3767.2000,1,2,7,2,1,1,2,1,1,1
SF,IF2007,2020-05-27 13:57:58.200,3762.4000,8421,0,2656420200.000,0,-,-,-,-,3761.6000,3761.4000,3761.2000,3761.0000,3760.2000,3763.0000,3763.2000,3764.8000,3766.2000,3767.2000,3,1,2,7,2,1,2,1,1,1
SF,IF2007,2020-05-27 13:58:01.700,3762.4000,8421,0,2656420200.000,0,-,-,-,-,3761.6000,3761.4000,3761.2000,3761.0000,3760.2000,3762.8000,3763.0000,3763.2000,3764.8000,3766.2000,3,1,2,7,2,1,1,2,1,1
SF,IF2007,2020-05-27 13:58:02.200,3762.4000,8421,0,2656420200.000,0,-,-,-,-,3761.6000,3761.4000,3761.2000,3761.0000,3760.2000,3762.6000,3762.8000,3763.2000,3764.8000,3766.2000,2,1,2,7,2,2,1,2,1,1
SF,IF2007,2020-05-27 13:58:03.200,3762.4000,8421,0,2656420200.000,0,-,-,-,-,3762.0000,3761.6000,3761.4000,3761.2000,3761.0000,3762.6000,3763.2000,3764.8000,3766.2000,3767.2000,1,2,1,2,7,2,2,1,1,1
SF,IF2007,2020-05-27 13:58:03.700,3762.4000,8421,0,2656420200.000,0,-,-,-,-,3762.0000,3761.6000,3761.4000,3761.2000,3761.0000,3762.6000,3763.2000,3764.8000,3766.2000,3767.2000,1,2,1,2,7,2,2,1,1,1
SF,IF2007,2020-05-27 13:58:04.200,3762.4000,8421,0,2656420200.000,0,-,-,-,-,3761.6000,3761.4000,3761.2000,3761.0000,3760.2000,3762.6000,3763.2000,3764.8000,3766.2000,3767.2000,2,1,2,7,2,2,2,1,1,1
SF,IF2007,2020-05-27 13:58:06.700,3762.4000,8421,0,2656420200.000,0,-,-,-,-,3761.8000,3761.6000,3761.4000,3761.2000,3761.0000,3762.6000,3763.2000,3764.8000,3766.2000,3767.2000,1,2,1,2,7,1,2,1,1,1
SF,IF2007,2020-05-27 13:58:07.700,3762.6000,8422,1,2657548980.000,1,1,0,双开,S,3762.0000,3761.8000,3761.6000,3761.4000,3761.2000,3763.2000,3764.8000,3766.2000,3767.2000,3767.6000,1,1,2,1,2,2,1,1,1,1
SF,IF2007,2020-05-27 13:58:08.200,3762.6000,8422,0,2657548980.000,0,-,-,-,-,3762.2000,3762.0000,3761.8000,3761.6000,3761.4000,3763.0000,3763.2000,3764.8000,3766.2000,3767.2000,1,1,1,2,1,1,2,1,1,1
SF,IF2007,2020-05-27 13:58:08.700,3762.6000,8422,0,2657548980.000,0,-,-,-,-,3762.2000,3762.0000,3761.8000,3761.6000,3761.4000,3763.0000,3763.2000,3764.8000,3766.2000,3767.2000,1,1,1,1,1,1,2,1,1,1
SF,IF2007,2020-05-27 13:58:09.700,3762.6000,8422,0,2657548980.000,0,-,-,-,-,3762.2000,3762.0000,3761.8000,3761.4000,3761.2000,3763.2000,3764.8000,3766.2000,3767.2000,3767.6000,1,1,1,1,2,2,1,1,1,1
SF,IF2007,2020-05-27 13:58:10.700,3762.6000,8422,0,2657548980.000,0,-,-,-,-,3762.4000,3762.2000,3762.0000,3761.8000,3761.4000,3763.2000,3764.8000,3766.2000,3767.2000,3767.6000,1,1,1,1,1,2,1,1,1,1
SF,IF2007,2020-05-27 13:58:12.200,3762.6000,8422,0,2657548980.000,0,-,-,-,-,3762.4000,3762.2000,3761.8000,3761.4000,3761.2000,3763.2000,3764.8000,3766.2000,3767.2000,3767.6000,1,1,1,1,2,2,1,1,1,1
SF,IF2007,2020-05-27 13:58:13.700,3762.6000,8422,0,2657548980.000,0,-,-,-,-,3762.4000,3762.2000,3761.8000,3761.4000,3761.2000,3763.0000,3763.2000,3764.8000,3766.2000,3767.2000,1,1,1,1,2,1,2,1,1,1
SF,IF2007,2020-05-27 13:58:20.200,3762.6000,8422,0,2657548980.000,0,-,-,-,-,3762.4000,3762.2000,3761.8000,3761.4000,3761.2000,3763.2000,3764.8000,3766.2000,3767.2000,3767.6000,1,1,1,1,2,2,1,1,1,1
SF,IF2007,2020-05-27 13:58:30.200,3763.2000,8422,0,2658677940.000,1,0,1,多换,S,3762.4000,3762.2000,3761.8000,3761.2000,3761.0000,3763.2000,3764.8000,3766.2000,3767.2000,3767.6000,1,1,1,2,7,1,1,1,1,1
SF,IF2007,2020-05-27 13:58:30.700,3763.2000,8422,0,2658677940.000,0,-,-,-,-,3762.4000,3762.2000,3761.8000,3761.2000,3761.0000,3763.2000,3764.2000,3764.8000,3766.2000,3767.2000,1,1,1,2,7,1,1,1,1,1
SF,IF2007,2020-05-27 13:58:34.200,3763.2000,8423,1,2659806900.000,1,1,0,双开,S,3762.4000,3762.2000,3761.8000,3761.2000,3761.0000,3764.2000,3764.8000,3766.2000,3767.2000,3767.6000,1,1,1,2,7,1,1,1,1,1
SF,IF2007,2020-05-27 13:58:34.700,3763.2000,8423,0,2659806900.000,0,-,-,-,-,3762.6000,3762.4000,3761.8000,3761.2000,3761.0000,3763.8000,3764.0000,3764.8000,3766.2000,3767.2000,1,1,1,2,7,1,1,1,1,1
SF,IF2007,2020-05-27 13:58:35.200,3763.2000,8423,0,2659806900.000,0,-,-,-,-,3762.6000,3762.4000,3761.8000,3761.2000,3761.0000,3763.6000,3763.8000,3764.0000,3764.8000,3766.2000,1,1,1,2,7,1,1,1,1,1
SF,IF2007,2020-05-27 13:58:36.200,3763.2000,8423,0,2659806900.000,0,-,-,-,-,3762.8000,3762.6000,3761.8000,3761.2000,3761.0000,3763.6000,3763.8000,3764.0000,3764.8000,3766.2000,1,1,1,2,7,1,1,1,1,1
SF,IF2007,2020-05-27 13:58:37.700,3763.2000,8423,0,2659806900.000,0,-,-,-,-,3762.8000,3762.6000,3761.8000,3761.2000,3761.0000,3763.8000,3764.0000,3764.8000,3766.2000,3767.2000,1,1,1,2,7,1,1,1,1,1
SF,IF2007,2020-05-27 13:58:38.200,3763.2000,8423,0,2659806900.000,0,-,-,-,-,3763.0000,3762.8000,3761.8000,3761.2000,3761.0000,3763.8000,3764.0000,3764.8000,3766.2000,3767.2000,1,1,1,2,7,1,1,1,1,1
SF,IF2007,2020-05-27 13:58:39.200,3763.2000,8423,0,2659806900.000,0,-,-,-,-,3763.0000,3762.8000,3761.8000,3761.2000,3761.0000,3763.6000,3763.8000,3764.0000,3764.8000,3766.2000,1,1,1,2,7,1,1,1,1,1
SF,IF2007,2020-05-27 13:58:39.700,3763.2000,8423,0,2659806900.000,0,-,-,-,-,3762.8000,3761.8000,3761.2000,3761.0000,3760.2000,3763.6000,3763.8000,3764.0000,3764.8000,3766.2000,1,1,2,7,2,1,1,1,1,1
SF,IF2007,2020-05-27 13:58:40.200,3763.2000,8423,0,2659806900.000,0,-,-,-,-,3762.8000,3761.8000,3761.2000,3761.0000,3760.2000,3763.6000,3763.8000,3764.0000,3764.8000,3766.2000,1,1,2,7,2,1,1,1,1,1
SF,IF2007,2020-05-27 13:58:40.700,3763.2000,8423,0,2659806900.000,0,-,-,-,-,3762.8000,3761.8000,3761.2000,3761.0000,3760.2000,3763.4000,3763.6000,3763.8000,3764.0000,3764.8000,1,1,2,7,2,1,1,1,1,1
SF,IF2007,2020-05-27 13:58:41.200,3763.2000,8423,0,2659806900.000,0,-,-,-,-,3762.8000,3761.8000,3761.2000,3761.0000,3760.2000,3763.4000,3763.8000,3764.0000,3764.8000,3766.2000,1,1,2,7,2,1,1,1,1,1
SF,IF2007,2020-05-27 13:58:41.700,3763.2000,8423,0,2659806900.000,0,-,-,-,-,3762.8000,3761.8000,3761.2000,3761.0000,3760.2000,3763.4000,3763.8000,3764.0000,3764.8000,3766.2000,1,1,2,7,2,2,1,1,1,1
SF,IF2007,2020-05-27 13:58:43.700,3763.2000,8423,0,2659806900.000,0,-,-,-,-,3761.8000,3761.2000,3761.0000,3760.2000,3760.0000,3763.4000,3763.8000,3764.0000,3764.8000,3766.2000,1,2,7,2,1,2,1,1,1,1
SF,IF2007,2020-05-27 13:58:44.200,3763.2000,8425,2,2662064820.000,2,2,0,双开,S,3762.2000,3762.0000,3761.8000,3761.2000,3761.0000,3763.4000,3764.8000,3766.2000,3767.2000,3767.6000,2,5,1,2,7,1,1,1,1,1
SF,IF2007,2020-05-27 13:58:44.700,3763.2000,8425,0,2662064820.000,0,-,-,-,-,3762.4000,3762.2000,3762.0000,3761.8000,3761.2000,3763.2000,3763.4000,3764.4000,3764.8000,3766.2000,1,2,2,1,2,1,1,1,1,1
SF,IF2007,2020-05-27 13:58:45.200,3763.2000,8425,0,2662064820.000,0,-,-,-,-,3762.4000,3762.2000,3762.0000,3761.8000,3761.2000,3763.4000,3764.4000,3764.8000,3766.2000,3767.2000,1,2,2,1,2,1,1,1,1,1
SF,IF2007,2020-05-27 13:58:45.700,3762.4000,8426,1,2663193540.000,1,1,0,双开,S,3762.2000,3762.0000,3761.8000,3761.2000,3761.0000,3763.0000,3763.4000,3764.4000,3764.8000,3766.2000,1,1,1,2,7,1,1,1,1,1
SF,IF2007,2020-05-27 13:58:46.200,3762.4000,8426,0,2663193540.000,0,-,-,-,-,3762.2000,3762.0000,3761.8000,3761.2000,3761.0000,3763.4000,3764.4000,3764.8000,3766.2000,3767.2000,1,1,1,2,7,1,1,1,1,1
SF,IF2007,2020-05-27 13:58:46.700,3762.4000,8426,0,2663193540.000,0,-,-,-,-,3762.0000,3761.2000,3761.0000,3760.2000,3760.0000,3763.2000,3763.4000,3764.4000,3764.8000,3766.2000,1,2,7,2,1,4,1,1,1,1
SF,IF2007,2020-05-27 13:58:47.200,3762.4000,8426,0,2663193540.000,0,-,-,-,-,3762.0000,3761.2000,3761.0000,3760.2000,3760.0000,3763.0000,3763.2000,3763.4000,3764.4000,3764.8000,1,2,7,2,1,2,2,1,1,1
SF,IF2007,2020-05-27 13:58:47.700,3762.4000,8426,0,2663193540.000,0,-,-,-,-,3762.0000,3761.2000,3761.0000,3760.2000,3760.0000,3763.0000,3763.2000,3763.4000,3764.8000,3766.2000,1,2,7,2,1,2,2,1,1,1
SF,IF2007,2020-05-27 13:58:48.200,3762.4000,8426,0,2663193540.000,0,-,-,-,-,3762.0000,3761.2000,3761.0000,3760.2000,3760.0000,3762.8000,3763.0000,3763.2000,3763.4000,3764.8000,1,2,7,2,1,1,2,1,1,1
SF,IF2007,2020-05-27 13:58:48.700,3762.4000,8426,0,2663193540.000,0,-,-,-,-,3762.0000,3761.2000,3761.0000,3760.2000,3760.0000,3762.8000,3763.0000,3763.2000,3763.4000,3764.8000,1,2,7,2,1,2,2,1,1,1
SF,IF2007,2020-05-27 13:58:49.200,3762.4000,8426,0,2663193540.000,0,-,-,-,-,3762.0000,3761.2000,3761.0000,3760.2000,3760.0000,3762.8000,3763.0000,3763.4000,3764.8000,3766.2000,1,2,7,2,1,1,2,1,1,1
SF,IF2007,2020-05-27 13:58:52.700,3762.4000,8426,0,2663193540.000,0,-,-,-,-,3762.0000,3761.2000,3761.0000,3760.2000,3760.0000,3762.6000,3762.8000,3763.0000,3763.4000,3764.8000,1,2,7,2,1,1,1,2,1,1
SF,IF2007,2020-05-27 13:58:53.200,3762.4000,8426,0,2663193540.000,0,-,-,-,-,3762.0000,3761.2000,3761.0000,3760.2000,3760.0000,3762.6000,3762.8000,3763.0000,3763.4000,3764.8000,1,2,7,2,1,2,1,2,1,1
SF,IF2007,2020-05-27 13:59:02.200,3762.4000,8426,0,2663193540.000,0,-,-,-,-,3761.2000,3761.0000,3760.2000,3760.0000,3759.8000,3762.6000,3762.8000,3763.0000,3763.4000,3764.8000,2,7,2,1,2,2,1,2,1,1
SF,IF2007,2020-05-27 13:59:02.700,3762.4000,8426,0,2663193540.000,0,-,-,-,-,3761.6000,3761.4000,3761.2000,3761.0000,3760.2000,3762.4000,3762.6000,3763.0000,3763.4000,3764.8000,2,2,2,7,2,1,1,2,1,1
SF,IF2007,2020-05-27 13:59:03.200,3762.4000,8426,0,2663193540.000,0,-,-,-,-,3761.6000,3761.4000,3761.2000,3761.0000,3760.2000,3762.6000,3763.4000,3764.8000,3766.2000,3767.2000,2,2,2,7,2,1,1,1,1,1
SF,IF2007,2020-05-27 13:59:03.700,3762.4000,8426,0,2663193540.000,0,-,-,-,-,3761.8000,3761.6000,3761.4000,3761.2000,3761.0000,3762.6000,3763.4000,3764.8000,3766.2000,3767.2000,1,2,1,2,7,1,1,1,1,1
SF,IF2007,2020-05-27 13:59:04.200,3762.4000,8426,0,2663193540.000,0,-,-,-,-,3762.0000,3761.8000,3761.6000,3761.2000,3761.0000,3762.6000,3763.4000,3764.8000,3766.2000,3767.2000,1,1,2,2,7,1,1,1,1,1
SF,IF2007,2020-05-27 13:59:04.700,3762.4000,8426,0,2663193540.000,0,-,-,-,-,3762.0000,3761.8000,3761.6000,3761.2000,3761.0000,3762.6000,3763.4000,3764.8000,3766.2000,3767.2000,1,1,1,2,7,1,1,1,1,1
SF,IF2007,2020-05-27 13:59:05.200,3762.4000,8426,0,2663193540.000,0,-,-,-,-,3762.0000,3761.8000,3761.6000,3761.2000,3761.0000,3763.4000,3764.8000,3766.2000,3767.2000,3767.6000,1,1,1,2,7,1,1,1,1,1
SF,IF2007,2020-05-27 13:59:05.700,3762.4000,8426,0,2663193540.000,0,-,-,-,-,3762.0000,3761.8000,3761.6000,3761.2000,3761.0000,3763.2000,3763.4000,3764.2000,3764.8000,3766.2000,1,1,1,2,7,1,1,1,1,1
SF,IF2007,2020-05-27 13:59:06.700,3762.4000,8426,0,2663193540.000,0,-,-,-,-,3762.0000,3761.8000,3761.6000,3761.2000,3761.0000,3763.0000,3763.2000,3763.4000,3764.2000,3764.8000,1,1,1,2,7,1,1,1,1,1
SF,IF2007,2020-05-27 13:59:10.200,3762.4000,8426,0,2663193540.000,0,-,-,-,-,3762.0000,3761.8000,3761.6000,3761.2000,3761.0000,3762.8000,3763.0000,3763.2000,3763.4000,3764.2000,1,1,1,2,7,1,1,1,1,1
SF,IF2007,2020-05-27 13:59:10.700,3762.4000,8426,0,2663193540.000,0,-,-,-,-,3761.8000,3761.6000,3761.2000,3761.0000,3760.2000,3762.8000,3763.2000,3763.4000,3764.2000,3764.8000,1,1,2,7,2,1,1,1,1,1
SF,IF2007,2020-05-27 13:59:11.200,3762.4000,8426,0,2663193540.000,0,-,-,-,-,3761.8000,3761.6000,3761.2000,3761.0000,3760.2000,3762.8000,3763.0000,3763.2000,3763.4000,3764.8000,1,1,2,7,2,1,1,1,1,1
SF,IF2007,2020-05-27 13:59:11.700,3762.4000,8426,0,2663193540.000,0,-,-,-,-,3761.8000,3761.6000,3761.2000,3761.0000,3760.2000,3762.8000,3763.0000,3763.2000,3763.4000,3764.8000,1,1,2,7,2,1,1,1,1,1
SF,IF2007,2020-05-27 13:59:15.700,3762.4000,8426,0,2663193540.000,0,-,-,-,-,3761.8000,3761.6000,3761.2000,3761.0000,3760.2000,3762.8000,3763.0000,3763.2000,3763.4000,3764.8000,1,1,2,7,2,1,1,1,1,1
SF,IF2007,2020-05-27 13:59:16.200,3762.4000,8426,0,2663193540.000,0,-,-,-,-,3762.0000,3761.8000,3761.6000,3761.2000,3761.0000,3762.8000,3763.0000,3763.2000,3763.4000,3764.8000,1,1,1,2,7,1,1,1,1,1
SF,IF2007,2020-05-27 13:59:21.700,3762.4000,8426,0,2663193540.000,0,-,-,-,-,3761.8000,3761.6000,3761.2000,3761.0000,3760.2000,3762.8000,3763.0000,3763.2000,3763.4000,3764.8000,1,1,2,7,2,1,1,1,1,1
SF,IF2007,2020-05-27 13:59:22.200,3762.4000,8426,0,2663193540.000,0,-,-,-,-,3761.8000,3761.6000,3761.2000,3761.0000,3760.2000,3762.6000,3762.8000,3763.0000,3763.4000,3764.8000,1,1,2,7,2,1,1,1,1,1
SF,IF2007,2020-05-27 13:59:22.700,3762.4000,8426,0,2663193540.000,0,-,-,-,-,3761.6000,3761.2000,3761.0000,3760.2000,3760.0000,3762.6000,3762.8000,3763.0000,3763.4000,3764.8000,1,2,7,2,1,1,1,1,1,1
SF,IF2007,2020-05-27 13:59:23.200,3762.4000,8426,0,2663193540.000,0,-,-,-,-,3761.8000,3761.6000,3761.2000,3761.0000,3760.2000,3762.6000,3762.8000,3763.4000,3764.8000,3766.2000,1,1,2,7,2,1,1,1,1,1
SF,IF2007,2020-05-27 13:59:26.200,3762.4000,8426,0,2663193540.000,0,-,-,-,-,3761.8000,3761.6000,3761.2000,3761.0000,3760.2000,3762.6000,3762.8000,3763.4000,3764.8000,3766.2000,1,1,1,7,2,1,1,1,1,1
SF,IF2007,2020-05-27 13:59:27.200,3762.4000,8426,0,2663193540.000,0,-,-,-,-,3761.8000,3761.6000,3761.0000,3760.2000,3760.0000,3762.6000,3762.8000,3763.4000,3764.8000,3766.2000,1,1,7,2,1,1,1,1,1,1
SF,IF2007,2020-05-27 13:59:29.200,3762.4000,8426,0,2663193540.000,0,-,-,-,-,3761.8000,3761.0000,3760.2000,3760.0000,3759.8000,3762.6000,3762.8000,3763.4000,3764.8000,3766.2000,1,7,2,1,2,1,1,1,1,1
SF,IF2007,2020-05-27 13:59:29.700,3762.4000,8426,0,2663193540.000,0,-,-,-,-,3761.0000,3760.2000,3760.0000,3759.8000,3758.0000,3762.6000,3762.8000,3763.4000,3764.8000,3766.2000,7,2,1,2,4,1,1,1,1,1
SF,IF2007,2020-05-27 13:59:30.200,3762.4000,8426,0,2663193540.000,0,-,-,-,-,3761.4000,3761.2000,3761.0000,3760.2000,3760.0000,3762.6000,3762.8000,3763.4000,3764.8000,3766.2000,1,2,7,2,1,2,1,1,1,1
SF,IF2007,2020-05-27 13:59:30.700,3762.4000,8426,0,2663193540.000,0,-,-,-,-,3761.6000,3761.4000,3761.2000,3761.0000,3760.2000,3762.4000,3762.6000,3762.8000,3763.4000,3764.8000,1,1,1,7,2,1,1,1,1,1
SF,IF2007,2020-05-27 13:59:39.200,3762.4000,8426,0,2663193540.000,0,-,-,-,-,3761.6000,3761.4000,3761.2000,3761.0000,3760.2000,3762.6000,3762.8000,3763.4000,3764.8000,3766.2000,1,1,1,7,2,1,1,1,1,1
SF,IF2007,2020-05-27 13:59:39.700,3762.4000,8426,0,2663193540.000,0,-,-,-,-,3761.4000,3761.2000,3761.0000,3760.2000,3760.0000,3762.2000,3762.6000,3762.8000,3763.4000,3764.8000,1,1,7,2,1,1,1,1,1,1
SF,IF2007,2020-05-27 13:59:40.700,3762.4000,8426,0,2663193540.000,0,-,-,-,-,3762.0000,3761.4000,3761.2000,3761.0000,3760.2000,3762.2000,3762.6000,3762.8000,3763.4000,3764.8000,1,1,1,7,2,1,1,1,1,1
SF,IF2007,2020-05-27 13:59:41.200,3762.0000,8426,0,2664322140.000,1,0,1,多换,S,3761.4000,3761.2000,3761.0000,3760.2000,3760.0000,3762.6000,3762.8000,3763.4000,3764.8000,3766.2000,1,1,7,2,1,1,1,1,1,1
SF,IF2007,2020-05-27 13:59:41.700,3762.0000,8426,0,2664322140.000,0,-,-,-,-,3761.4000,3761.2000,3761.0000,3760.2000,3760.0000,3762.4000,3762.6000,3762.8000,3763.4000,3764.8000,1,1,7,2,1,1,1,1,1,1
SF,IF2007,2020-05-27 13:59:44.700,3762.4000,8427,1,2665450860.000,1,1,0,双开,S,3761.6000,3761.4000,3761.0000,3760.2000,3760.0000,3762.6000,3762.8000,3763.4000,3764.8000,3766.2000,1,1,7,2,1,1,1,1,1,1
SF,IF2007,2020-05-27 13:59:45.200,3762.4000,8427,0,2665450860.000,0,-,-,-,-,3761.8000,3761.6000,3761.0000,3760.2000,3760.0000,3762.8000,3763.4000,3764.8000,3766.2000,3767.2000,2,1,7,2,1,1,1,1,1,1
SF,IF2007,2020-05-27 13:59:45.700,3762.4000,8427,0,2665450860.000,0,-,-,-,-,3762.0000,3761.8000,3761.0000,3760.2000,3760.0000,3762.8000,3763.4000,3764.8000,3766.2000,3767.2000,1,2,7,2,1,1,1,1,1,1
SF,IF2007,2020-05-27 13:59:54.700,3762.0000,8428,1,2666579460.000,1,1,0,双开,S,3761.8000,3761.0000,3760.2000,3760.0000,3759.8000,3762.8000,3763.4000,3764.8000,3766.2000,3767.2000,2,7,2,1,2,1,1,1,1,1
SF,IF2007,2020-05-27 13:59:58.200,3762.0000,8428,0,2666579460.000,0,-,-,-,-,3761.8000,3761.0000,3760.2000,3760.0000,3759.8000,3762.6000,3762.8000,3763.4000,3764.8000,3766.2000,2,7,2,1,2,1,1,1,1,1
SF,IF2007,2020-05-27 14:00:04.700,3762.6000,8429,1,2667708240.000,1,1,0,双开,S,3761.8000,3761.0000,3760.2000,3760.0000,3759.8000,3762.8000,3763.4000,3764.8000,3766.2000,3767.2000,2,7,2,1,2,1,1,1,1,1
SF,IF2007,2020-05-27 14:00:05.200,3762.6000,8429,0,2667708240.000,0,-,-,-,-,3762.0000,3761.8000,3761.0000,3760.2000,3760.0000,3762.8000,3763.2000,3763.4000,3764.8000,3766.2000,1,2,7,2,1,1,1,1,1,1
SF,IF2007,2020-05-27 14:00:05.700,3762.6000,8429,0,2667708240.000,0,-,-,-,-,3762.2000,3762.0000,3761.8000,3761.0000,3760.2000,3762.8000,3763.2000,3763.4000,3764.8000,3766.2000,1,1,1,7,2,1,1,1,1,1
SF,IF2007,2020-05-27 14:00:06.700,3762.6000,8429,0,2667708240.000,0,-,-,-,-,3762.2000,3762.0000,3761.8000,3761.0000,3760.2000,3763.2000,3763.4000,3764.8000,3766.2000,3767.2000,1,1,1,7,2,1,1,1,1,1
SF,IF2007,2020-05-27 14:00:07.200,3762.6000,8429,0,2667708240.000,0,-,-,-,-,3762.4000,3762.2000,3761.0000,3760.2000,3760.0000,3763.4000,3764.8000,3766.2000,3767.2000,3767.6000,2,1,7,2,1,1,1,1,1,1
SF,IF2007,2020-05-27 14:00:07.700,3762.6000,8429,0,2667708240.000,0,-,-,-,-,3762.6000,3762.4000,3761.0000,3760.2000,3760.0000,3763.4000,3764.0000,3764.8000,3766.2000,3767.2000,1,2,7,2,1,1,1,1,1,1
SF,IF2007,2020-05-27 14:00:08.200,3762.6000,8429,0,2667708240.000,0,-,-,-,-,3762.6000,3762.4000,3761.0000,3760.2000,3760.0000,3763.8000,3764.8000,3766.2000,3767.2000,3767.6000,1,2,7,2,1,1,1,1,1,1
SF,IF2007,2020-05-27 14:00:08.700,3762.6000,8429,0,2667708240.000,0,-,-,-,-,3762.8000,3762.6000,3761.0000,3760.2000,3760.0000,3764.8000,3766.2000,3767.2000,3767.6000,3769.2000,2,1,7,2,1,1,1,1,1,1
SF,IF2007,2020-05-27 14:00:09.200,3762.6000,8429,0,2667708240.000,0,-,-,-,-,3763.0000,3762.8000,3761.0000,3760.2000,3760.0000,3764.4000,3764.6000,3764.8000,3766.2000,3767.6000,2,2,7,2,1,1,6,2,1,1
SF,IF2007,2020-05-27 14:00:09.700,3762.6000,8429,0,2667708240.000,0,-,-,-,-,3763.0000,3762.8000,3761.0000,3760.2000,3760.0000,3764.0000,3764.2000,3764.4000,3764.6000,3764.8000,1,2,7,2,1,1,1,1,5,1
SF,IF2007,2020-05-27 14:00:10.200,3762.6000,8429,0,2667708240.000,0,-,-,-,-,3763.0000,3762.8000,3761.0000,3760.2000,3760.0000,3763.8000,3764.0000,3764.4000,3764.6000,3764.8000,1,2,7,2,1,2,1,1,4,1
SF,IF2007,2020-05-27 14:00:10.700,3762.6000,8429,0,2667708240.000,0,-,-,-,-,3763.0000,3762.8000,3761.0000,3760.2000,3760.0000,3763.8000,3764.0000,3764.6000,3764.8000,3766.2000,1,2,7,2,1,1,1,3,1,1
SF,IF2007,2020-05-27 14:00:11.200,3762.6000,8429,0,2667708240.000,0,-,-,-,-,3763.0000,3762.8000,3761.0000,3760.2000,3760.0000,3763.6000,3763.8000,3764.0000,3764.6000,3764.8000,1,2,7,2,1,1,1,1,3,1
SF,IF2007,2020-05-27 14:00:12.700,3762.6000,8429,0,2667708240.000,0,-,-,-,-,3762.8000,3761.0000,3760.2000,3760.0000,3759.8000,3763.6000,3763.8000,3764.0000,3764.6000,3764.8000,2,7,2,1,2,1,1,1,3,1
SF,IF2007,2020-05-27 14:00:13.200,3762.6000,8429,0,2667708240.000,0,-,-,-,-,3762.8000,3761.0000,3760.2000,3760.0000,3759.8000,3763.4000,3763.6000,3764.0000,3764.6000,3764.8000,1,7,2,1,2,1,1,1,3,1
SF,IF2007,2020-05-27 14:00:13.700,3762.6000,8429,0,2667708240.000,0,-,-,-,-,3761.0000,3760.2000,3760.0000,3759.8000,3758.0000,3763.4000,3764.0000,3764.6000,3764.8000,3766.2000,7,2,1,2,4,1,1,3,1,1
SF,IF2007,2020-05-27 14:00:14.200,3762.6000,8429,0,2667708240.000,0,-,-,-,-,3762.2000,3761.6000,3761.4000,3761.2000,3761.0000,3763.2000,3763.4000,3764.0000,3764.6000,3764.8000,3,2,2,7,7,1,1,1,3,1
SF,IF2007,2020-05-27 14:00:14.700,3762.6000,8429,0,2667708240.000,0,-,-,-,-,3762.2000,3761.6000,3761.4000,3761.2000,3761.0000,3763.4000,3764.0000,3764.6000,3764.8000,3766.2000,3,1,2,7,7,1,1,3,1,1
SF,IF2007,2020-05-27 14:00:15.200,3762.6000,8429,0,2667708240.000,0,-,-,-,-,3762.4000,3762.2000,3761.6000,3761.4000,3761.2000,3763.4000,3763.6000,3764.0000,3764.6000,3764.8000,1,3,1,2,6,1,1,1,3,1
SF,IF2007,2020-05-27 14:00:15.700,3762.6000,8429,0,2667708240.000,0,-,-,-,-,3762.4000,3762.2000,3761.6000,3761.4000,3761.2000,3763.4000,3764.0000,3764.6000,3764.8000,3766.2000,1,3,1,2,6,1,1,3,1,1
SF,IF2007,2020-05-27 14:00:16.200,3762.6000,8429,0,2667708240.000,0,-,-,-,-,3762.4000,3762.2000,3761.6000,3761.4000,3761.2000,3763.4000,3763.8000,3764.0000,3764.6000,3764.8000,1,3,1,2,5,1,1,1,3,1
SF,IF2007,2020-05-27 14:00:17.700,3762.6000,8429,0,2667708240.000,0,-,-,-,-,3762.4000,3762.2000,3761.6000,3761.4000,3761.2000,3763.4000,3763.8000,3764.0000,3764.6000,3764.8000,1,3,1,2,5,1,1,1,3,1
SF,IF2007,2020-05-27 14:00:18.700,3762.6000,8429,0,2667708240.000,0,-,-,-,-,3762.4000,3762.2000,3761.6000,3761.4000,3761.2000,3763.2000,3763.4000,3763.8000,3764.0000,3764.6000,1,3,1,2,5,1,1,1,1,3
SF,IF2007,2020-05-27 14:00:19.200,3762.6000,8429,0,2667708240.000,0,-,-,-,-,3762.4000,3762.2000,3761.6000,3761.4000,3761.2000,3763.2000,3763.4000,3764.0000,3764.6000,3764.8000,1,3,1,2,5,1,1,1,3,1
SF,IF2007,2020-05-27 14:00:28.700,3762.6000,8429,0,2667708240.000,0,-,-,-,-,3762.6000,3762.4000,3762.2000,3761.6000,3761.4000,3763.2000,3763.4000,3764.0000,3764.6000,3764.8000,2,1,1,1,2,1,1,1,3,1
SF,IF2007,2020-05-27 14:00:29.200,3762.6000,8429,0,2667708240.000,0,-,-,-,-,3762.6000,3762.4000,3762.2000,3761.6000,3761.4000,3763.2000,3764.0000,3764.6000,3764.8000,3766.2000,2,1,1,1,2,1,1,3,1,1
SF,IF2007,2020-05-27 14:00:29.700,3762.6000,8429,0,2667708240.000,0,-,-,-,-,3762.6000,3762.4000,3762.2000,3761.6000,3761.4000,3763.2000,3763.8000,3764.0000,3764.6000,3764.8000,2,1,1,1,2,1,1,1,3,1
SF,IF2007,2020-05-27 14:00:35.700,3763.2000,8429,0,2668837200.000,1,0,1,多换,S,3762.6000,3762.4000,3762.2000,3761.6000,3761.4000,3763.8000,3764.0000,3764.6000,3764.8000,3766.2000,2,1,1,1,2,1,1,3,1,1
SF,IF2007,2020-05-27 14:00:36.200,3763.2000,8429,0,2668837200.000,0,-,-,-,-,3762.6000,3762.4000,3762.2000,3761.6000,3761.4000,3763.6000,3763.8000,3764.0000,3764.6000,3764.8000,2,1,1,1,2,1,1,1,3,1
SF,IF2007,2020-05-27 14:00:51.200,3762.6000,8429,0,2671094760.000,2,1,1,多换,S,3762.4000,3762.2000,3761.6000,3761.4000,3761.2000,3762.6000,3763.2000,3763.6000,3763.8000,3764.0000,1,1,1,2,5,6,1,1,1,1
SF,IF2007,2020-05-27 14:00:51.700,3762.6000,8429,0,2677867440.000,6,3,3,多换,S,3762.6000,3762.4000,3762.2000,3761.6000,3761.4000,3763.2000,3763.6000,3763.8000,3764.0000,3764.6000,1,1,1,1,1,1,1,1,1,3
SF,IF2007,2020-05-27 14:00:52.200,3763.2000,8430,1,2678996400.000,1,1,0,双开,S,3762.4000,3762.2000,3761.6000,3761.4000,3761.2000,3763.6000,3764.0000,3764.6000,3764.8000,3766.2000,1,1,1,1,4,1,1,3,1,1
SF,IF2007,2020-05-27 14:00:53.200,3763.2000,8430,0,2678996400.000,0,-,-,-,-,3762.6000,3762.4000,3762.2000,3761.6000,3761.4000,3763.6000,3764.0000,3764.6000,3764.8000,3766.2000,1,1,1,1,1,1,1,3,1,1
SF,IF2007,2020-05-27 14:00:53.700,3763.2000,8430,0,2678996400.000,0,-,-,-,-,3762.6000,3762.4000,3762.2000,3761.6000,3761.4000,3763.6000,3764.0000,3764.6000,3764.8000,3766.2000,1,1,1,1,1,2,1,3,1,1
SF,IF2007,2020-05-27 14:00:54.700,3763.2000,8430,0,2678996400.000,0,-,-,-,-,3762.4000,3762.2000,3761.6000,3761.4000,3761.2000,3763.6000,3764.0000,3764.6000,3764.8000,3766.2000,1,1,1,1,4,2,1,3,1,1
SF,IF2007,2020-05-27 14:01:01.700,3763.2000,8430,0,2678996400.000,0,-,-,-,-,3762.6000,3762.4000,3762.2000,3761.6000,3761.4000,3763.6000,3764.0000,3764.6000,3764.8000,3766.2000,3,1,1,1,1,2,1,3,1,1
SF,IF2007,2020-05-27 14:01:02.200,3763.2000,8430,0,2678996400.000,0,-,-,-,-,3762.8000,3762.6000,3762.2000,3761.6000,3761.4000,3764.0000,3764.6000,3764.8000,3766.2000,3767.6000,1,4,1,1,1,1,3,1,1,1
SF,IF2007,2020-05-27 14:01:02.700,3763.2000,8430,0,2678996400.000,0,-,-,-,-,3763.0000,3762.8000,3762.6000,3762.2000,3761.6000,3763.8000,3764.0000,3764.2000,3764.6000,3764.8000,1,1,3,1,1,1,1,1,2,1
SF,IF2007,2020-05-27 14:01:03.200,3763.2000,8430,0,2678996400.000,0,-,-,-,-,3763.0000,3762.8000,3762.6000,3762.2000,3761.6000,3764.0000,3764.6000,3764.8000,3766.2000,3767.6000,1,1,1,1,1,1,2,1,1,1
SF,IF2007,2020-05-27 14:01:03.700,3763.2000,8430,0,2678996400.000,0,-,-,-,-,3763.0000,3762.8000,3762.6000,3762.2000,3761.6000,3764.0000,3764.6000,3764.8000,3766.2000,3767.6000,1,1,1,1,1,1,2,1,1,1
SF,IF2007,2020-05-27 14:01:04.200,3764.0000,8430,0,2680125600.000,1,0,1,多换,S,3763.0000,3762.8000,3762.6000,3762.2000,3761.6000,3764.6000,3764.8000,3766.2000,3767.6000,3769.2000,1,1,1,1,1,2,1,1,1,1
SF,IF2007,2020-05-27 14:01:04.700,3764.0000,8430,0,2680125600.000,0,-,-,-,-,3763.4000,3763.2000,3762.6000,3762.2000,3761.6000,3764.8000,3766.2000,3767.6000,3769.2000,3770.0000,2,2,1,1,1,1,1,1,1,2
SF,IF2007,2020-05-27 14:01:05.200,3764.8000,8431,1,2681255040.000,1,1,0,双开,S,3763.8000,3763.6000,3763.4000,3762.6000,3762.2000,3765.4000,3766.2000,3767.6000,3769.2000,3770.0000,1,2,1,1,1,1,1,1,1,2
SF,IF2007,2020-05-27 14:01:05.700,3764.8000,8431,0,2681255040.000,0,-,-,-,-,3764.2000,3764.0000,3762.6000,3762.2000,3761.6000,3765.2000,3766.2000,3767.6000,3769.2000,3770.0000,2,2,1,1,1,1,1,1,1,2
SF,IF2007,2020-05-27 14:01:06.200,3764.8000,8431,0,2681255040.000,0,-,-,-,-,3764.4000,3764.2000,3764.0000,3762.6000,3762.2000,3765.6000,3766.2000,3767.6000,3769.2000,3770.0000,1,2,1,1,1,1,1,1,1,2
SF,IF2007,2020-05-27 14:01:06.700,3764.8000,8431,0,2681255040.000,0,-,-,-,-,3764.6000,3764.4000,3762.6000,3762.2000,3761.6000,3765.4000,3766.2000,3767.6000,3769.2000,3770.0000,2,2,1,1,1,1,1,1,1,2
SF,IF2007,2020-05-27 14:01:07.200,3764.8000,8431,0,2681255040.000,0,-,-,-,-,3764.6000,3764.4000,3762.6000,3762.2000,3761.6000,3765.4000,3765.8000,3766.2000,3767.6000,3769.2000,1,1,1,1,1,1,1,1,1,1
SF,IF2007,2020-05-27 14:01:10.200,3764.8000,8431,0,2681255040.000,0,-,-,-,-,3764.8000,3764.6000,3764.4000,3762.6000,3762.2000,3765.4000,3765.8000,3766.2000,3767.6000,3769.2000,1,1,1,1,1,1,1,1,1,1
SF,IF2007,2020-05-27 14:01:10.700,3765.4000,8432,1,2682384660.000,1,1,0,双开,S,3765.0000,3764.8000,3764.4000,3762.6000,3762.2000,3765.8000,3766.2000,3767.6000,3769.2000,3770.0000,1,1,1,1,1,1,1,1,1,2
SF,IF2007,2020-05-27 14:01:11.200,3765.4000,8432,0,2682384660.000,0,-,-,-,-,3765.0000,3764.8000,3762.6000,3762.2000,3761.6000,3766.2000,3767.6000,3769.2000,3770.0000,3771.4000,1,1,1,1,1,1,1,1,2,1
SF,IF2007,2020-05-27 14:01:11.700,3765.4000,8432,0,2682384660.000,0,-,-,-,-,3765.2000,3765.0000,3764.8000,3762.6000,3762.2000,3766.2000,3766.4000,3767.6000,3769.2000,3770.0000,1,1,1,1,1,1,1,1,1,2
SF,IF2007,2020-05-27 14:01:12.200,3765.4000,8432,0,2682384660.000,0,-,-,-,-,3765.2000,3765.0000,3764.8000,3762.6000,3762.2000,3766.0000,3766.2000,3766.4000,3767.6000,3769.2000,1,1,1,1,1,2,1,1,1,1
SF,IF2007,2020-05-27 14:01:12.700,3765.4000,8432,0,2682384660.000,0,-,-,-,-,3765.2000,3765.0000,3764.8000,3762.6000,3762.2000,3766.0000,3766.2000,3767.6000,3769.2000,3770.0000,1,1,1,1,1,1,1,1,1,2
SF,IF2007,2020-05-27 14:01:13.200,3765.4000,8432,0,2682384660.000,0,-,-,-,-,3765.4000,3765.2000,3764.8000,3762.6000,3762.2000,3766.2000,3767.6000,3769.2000,3770.0000,3771.4000,1,1,1,1,1,1,1,1,2,1
SF,IF2007,2020-05-27 14:01:13.700,3765.4000,8432,0,2682384660.000,0,-,-,-,-,3765.4000,3765.2000,3764.8000,3762.6000,3762.2000,3766.2000,3766.6000,3767.6000,3769.2000,3770.0000,1,1,1,1,1,1,1,1,1,2
SF,IF2007,2020-05-27 14:01:14.700,3766.2000,8433,1,2683514520.000,1,1,0,双开,S,3765.4000,3765.2000,3764.8000,3762.6000,3762.2000,3766.6000,3767.6000,3769.2000,3770.0000,3771.4000,1,1,1,1,1,1,1,1,2,1
SF,IF2007,2020-05-27 14:01:15.200,3766.2000,8433,0,2683514520.000,0,-,-,-,-,3765.8000,3765.6000,3764.8000,3762.6000,3762.2000,3766.6000,3767.6000,3769.2000,3770.0000,3771.4000,1,1,1,1,1,1,1,1,2,1
SF,IF2007,2020-05-27 14:01:15.700,3766.2000,8433,0,2683514520.000,0,-,-,-,-,3765.8000,3765.6000,3764.8000,3762.6000,3762.2000,3767.6000,3769.2000,3770.0000,3771.4000,3771.6000,1,1,1,1,1,1,1,2,1,1
SF,IF2007,2020-05-27 14:01:16.200,3766.2000,8433,0,2683514520.000,0,-,-,-,-,3766.0000,3765.8000,3764.8000,3762.6000,3762.2000,3766.6000,3767.0000,3767.2000,3767.4000,3767.6000,1,1,1,1,1,1,2,2,9,1
SF,IF2007,2020-05-27 14:01:16.700,3765.8000,8435,2,2685774060.000,2,2,0,双开,S,3764.8000,3762.6000,3762.2000,3761.6000,3761.4000,3766.2000,3767.0000,3767.2000,3767.4000,3767.6000,1,1,1,1,1,1,1,2,6,1
SF,IF2007,2020-05-27 14:01:17.200,3765.8000,8435,0,2685774060.000,0,-,-,-,-,3765.0000,3764.8000,3762.6000,3762.2000,3761.6000,3766.0000,3766.2000,3767.0000,3767.2000,3767.4000,2,1,1,1,1,2,1,1,2,4
SF,IF2007,2020-05-27 14:01:17.700,3765.8000,8435,0,2685774060.000,0,-,-,-,-,3765.0000,3764.8000,3762.6000,3762.2000,3761.6000,3766.0000,3766.2000,3766.8000,3767.0000,3767.2000,2,1,1,1,1,1,1,2,1,2
SF,IF2007,2020-05-27 14:01:18.200,3765.8000,8435,0,2685774060.000,0,-,-,-,-,3765.0000,3764.8000,3762.6000,3762.2000,3761.6000,3765.8000,3766.0000,3766.2000,3766.8000,3767.0000,2,1,1,1,1,1,1,1,2,1
SF,IF2007,2020-05-27 14:01:18.700,3765.8000,8435,0,2685774060.000,0,-,-,-,-,3765.0000,3764.8000,3762.6000,3762.2000,3761.6000,3765.8000,3766.0000,3766.8000,3767.0000,3767.2000,2,1,1,1,1,1,1,2,1,2
SF,IF2007,2020-05-27 14:01:22.200,3765.8000,8435,0,2685774060.000,0,-,-,-,-,3765.0000,3764.8000,3762.6000,3762.2000,3761.6000,3765.6000,3765.8000,3766.0000,3766.8000,3767.0000,2,1,1,1,1,1,1,1,2,1
SF,IF2007,2020-05-27 14:01:22.700,3765.8000,8435,0,2685774060.000,0,-,-,-,-,3765.0000,3764.8000,3762.6000,3762.2000,3761.6000,3765.6000,3766.0000,3766.8000,3767.0000,3767.2000,2,1,1,1,1,1,1,2,1,2
SF,IF2007,2020-05-27 14:01:23.200,3765.8000,8435,0,2685774060.000,0,-,-,-,-,3765.0000,3764.8000,3762.6000,3762.2000,3761.6000,3765.4000,3765.6000,3766.0000,3766.8000,3767.0000,2,1,1,1,1,1,1,1,2,1
SF,IF2007,2020-05-27 14:01:23.700,3765.4000,8436,1,2686903680.000,1,1,0,双开,S,3765.0000,3764.8000,3762.6000,3762.2000,3761.6000,3765.4000,3765.6000,3766.0000,3766.8000,3767.0000,1,1,1,1,1,1,1,1,2,1
SF,IF2007,2020-05-27 14:01:24.200,3765.4000,8436,0,2686903680.000,0,-,-,-,-,3764.8000,3762.6000,3762.2000,3761.6000,3761.4000,3765.4000,3765.6000,3766.0000,3766.8000,3767.0000,1,1,1,1,1,1,1,1,2,1
SF,IF2007,2020-05-27 14:01:27.700,3765.4000,8437,1,2688033300.000,1,1,0,双开,S,3764.8000,3762.6000,3762.2000,3761.6000,3761.4000,3765.2000,3765.6000,3766.0000,3766.8000,3767.0000,1,1,1,1,1,1,1,1,2,1
SF,IF2007,2020-05-27 14:01:29.700,3765.4000,8437,0,2688033300.000,0,-,-,-,-,3764.8000,3762.6000,3762.2000,3761.6000,3761.4000,3765.2000,3765.6000,3766.0000,3767.0000,3767.2000,1,1,1,1,1,1,1,1,1,2
SF,IF2007,2020-05-27 14:01:30.200,3765.2000,8438,1,2689162860.000,1,1,0,双开,S,3764.8000,3762.6000,3762.2000,3761.6000,3761.4000,3765.0000,3765.6000,3766.0000,3767.0000,3767.2000,1,1,1,1,1,1,1,1,1,2
SF,IF2007,2020-05-27 14:01:30.700,3765.0000,8438,0,2690292360.000,1,0,1,多换,S,3764.8000,3762.2000,3761.6000,3761.4000,3761.2000,3765.6000,3766.0000,3767.0000,3767.2000,3767.4000,1,1,1,1,4,1,1,1,2,4
SF,IF2007,2020-05-27 14:01:33.700,3765.0000,8438,0,2690292360.000,0,-,-,-,-,3764.8000,3762.4000,3762.2000,3761.6000,3761.4000,3765.6000,3766.0000,3767.0000,3767.2000,3767.4000,1,1,1,1,1,1,1,1,2,4
SF,IF2007,2020-05-27 14:01:36.700,3765.0000,8438,0,2690292360.000,0,-,-,-,-,3762.4000,3762.2000,3761.6000,3761.4000,3761.2000,3765.6000,3766.0000,3767.0000,3767.2000,3767.4000,1,1,1,1,4,1,1,1,2,4
SF,IF2007,2020-05-27 14:01:37.200,3765.0000,8438,0,2690292360.000,0,-,-,-,-,3764.0000,3763.4000,3763.2000,3763.0000,3762.8000,3765.2000,3765.4000,3767.0000,3767.2000,3767.4000,2,5,1,1,1,1,2,1,2,4
SF,IF2007,2020-05-27 14:01:37.700,3765.0000,8438,0,2690292360.000,0,-,-,-,-,3764.2000,3764.0000,3763.4000,3763.2000,3763.0000,3765.2000,3765.4000,3767.0000,3767.2000,3767.4000,3,2,5,1,1,1,2,1,2,4
SF,IF2007,2020-05-27 14:01:38.700,3765.0000,8438,0,2690292360.000,0,-,-,-,-,3764.2000,3764.0000,3763.4000,3763.0000,3762.8000,3765.2000,3765.4000,3767.0000,3767.2000,3767.4000,3,2,5,1,1,1,2,1,2,4
SF,IF2007,2020-05-27 14:01:39.700,3765.0000,8438,0,2690292360.000,0,-,-,-,-,3764.2000,3764.0000,3763.4000,3763.0000,3762.8000,3765.2000,3765.4000,3767.0000,3767.2000,3767.4000,2,2,5,1,1,1,2,1,2,4
SF,IF2007,2020-05-27 14:01:41.700,3765.0000,8438,0,2690292360.000,0,-,-,-,-,3764.2000,3764.0000,3763.4000,3763.0000,3762.8000,3765.2000,3765.4000,3767.0000,3767.2000,3767.4000,2,2,5,1,1,1,2,1,2,4
SF,IF2007,2020-05-27 14:01:42.700,3765.0000,8438,0,2690292360.000,0,-,-,-,-,3764.2000,3764.0000,3763.4000,3762.6000,3762.4000,3764.8000,3765.4000,3767.0000,3767.2000,3767.4000,1,1,1,6,2,1,2,1,2,4
SF,IF2007,2020-05-27 14:01:43.200,3765.0000,8438,0,2690292360.000,0,-,-,-,-,3764.2000,3764.0000,3763.4000,3762.6000,3762.4000,3764.8000,3765.4000,3767.0000,3767.2000,3767.4000,1,1,1,6,2,1,1,1,2,4
SF,IF2007,2020-05-27 14:01:54.200,3764.8000,8439,1,2691421800.000,1,1,0,双开,S,3764.2000,3764.0000,3763.4000,3762.6000,3762.4000,3765.4000,3767.0000,3767.2000,3767.4000,3767.6000,1,1,1,6,2,1,1,2,4,1
SF,IF2007,2020-05-27 14:01:55.700,3764.8000,8439,0,2691421800.000,0,-,-,-,-,3764.4000,3764.2000,3764.0000,3763.4000,3762.6000,3765.4000,3767.0000,3767.2000,3767.4000,3767.6000,1,1,1,1,6,1,1,2,4,1
SF,IF2007,2020-05-27 14:01:56.200,3764.8000,8439,0,2691421800.000,0,-,-,-,-,3764.6000,3764.4000,3763.4000,3762.6000,3762.4000,3765.4000,3767.0000,3767.2000,3767.4000,3767.6000,1,1,1,6,2,1,1,2,4,1
SF,IF2007,2020-05-27 14:01:56.700,3764.8000,8439,0,2691421800.000,0,-,-,-,-,3764.6000,3764.4000,3763.4000,3762.6000,3762.4000,3767.0000,3767.2000,3767.4000,3767.6000,3769.2000,1,1,1,6,2,1,2,4,1,1
SF,IF2007,2020-05-27 14:01:57.200,3764.8000,8439,0,2691421800.000,0,-,-,-,-,3764.8000,3764.6000,3764.4000,3763.4000,3762.6000,3765.8000,3766.2000,3766.4000,3766.8000,3767.0000,1,1,1,1,5,1,1,1,6,1
SF,IF2007,2020-05-27 14:01:57.700,3764.8000,8439,0,2691421800.000,0,-,-,-,-,3764.6000,3764.4000,3763.4000,3762.6000,3762.4000,3765.8000,3766.2000,3766.8000,3767.0000,3767.2000,1,1,1,5,2,1,1,3,1,2
SF,IF2007,2020-05-27 14:01:58.200,3764.8000,8439,0,2691421800.000,0,-,-,-,-,3764.6000,3764.4000,3763.4000,3762.6000,3762.4000,3765.6000,3765.8000,3766.2000,3766.8000,3767.0000,1,1,1,5,2,1,1,1,2,1
SF,IF2007,2020-05-27 14:01:58.700,3764.8000,8439,0,2691421800.000,0,-,-,-,-,3764.6000,3764.4000,3763.4000,3762.6000,3762.4000,3765.6000,3765.8000,3766.8000,3767.0000,3767.2000,1,1,1,5,2,1,1,2,1,2
SF,IF2007,2020-05-27 14:02:05.200,3765.6000,8440,1,2692551480.000,1,1,0,双开,S,3764.6000,3764.4000,3763.4000,3762.6000,3762.4000,3765.8000,3766.8000,3767.0000,3767.2000,3767.4000,1,1,1,5,2,1,2,1,2,2
SF,IF2007,2020-05-27 14:02:05.700,3765.6000,8440,0,2692551480.000,0,-,-,-,-,3764.6000,3764.4000,3763.4000,3762.6000,3762.4000,3765.6000,3765.8000,3766.8000,3767.0000,3767.2000,1,1,1,5,2,1,1,2,1,2
SF,IF2007,2020-05-27 14:02:06.700,3765.6000,8440,0,2692551480.000,0,-,-,-,-,3764.6000,3764.4000,3763.4000,3762.6000,3762.4000,3765.6000,3765.8000,3766.8000,3767.0000,3767.2000,1,1,1,5,2,1,1,2,2,2
SF,IF2007,2020-05-27 14:02:07.700,3765.6000,8440,0,2692551480.000,0,-,-,-,-,3764.6000,3764.4000,3763.4000,3762.6000,3762.4000,3765.4000,3765.6000,3765.8000,3766.8000,3767.0000,1,1,1,5,2,1,1,1,2,2
SF,IF2007,2020-05-27 14:02:08.200,3765.6000,8440,0,2692551480.000,0,-,-,-,-,3764.6000,3764.4000,3763.4000,3762.6000,3762.4000,3765.4000,3765.6000,3765.8000,3766.8000,3767.0000,1,1,1,5,2,2,1,1,2,2
SF,IF2007,2020-05-27 14:02:09.200,3765.6000,8440,0,2692551480.000,0,-,-,-,-,3764.6000,3764.4000,3763.4000,3762.6000,3762.4000,3765.4000,3765.6000,3765.8000,3766.8000,3767.0000,1,1,1,5,2,1,1,1,2,2
SF,IF2007,2020-05-27 14:02:11.200,3764.6000,8441,1,2693680860.000,1,1,0,双开,S,3763.4000,3762.6000,3762.4000,3762.2000,3761.6000,3765.4000,3765.6000,3766.8000,3767.0000,3767.2000,1,5,2,1,1,1,1,2,2,2
SF,IF2007,2020-05-27 14:02:11.700,3764.6000,8441,0,2693680860.000,0,-,-,-,-,3764.0000,3763.8000,3763.6000,3763.4000,3762.6000,3765.2000,3765.4000,3766.8000,3767.0000,3767.2000,1,2,2,1,5,2,1,2,2,2
SF,IF2007,2020-05-27 14:02:12.200,3764.6000,8441,0,2693680860.000,0,-,-,-,-,3764.2000,3764.0000,3763.8000,3763.6000,3762.6000,3765.2000,3765.4000,3766.8000,3767.0000,3767.2000,1,1,2,1,5,2,1,2,2,2
SF,IF2007,2020-05-27 14:02:14.700,3764.6000,8441,0,2693680860.000,0,-,-,-,-,3764.4000,3764.2000,3764.0000,3763.8000,3763.6000,3765.2000,3765.4000,3766.8000,3767.0000,3767.2000,1,1,1,2,1,2,1,2,2,2
SF,IF2007,2020-05-27 14:02:15.200,3764.6000,8441,0,2693680860.000,0,-,-,-,-,3764.4000,3764.2000,3764.0000,3763.6000,3762.6000,3765.2000,3765.4000,3766.8000,3767.0000,3767.2000,1,1,1,1,5,1,1,2,2,2
SF,IF2007,2020-05-27 14:02:19.700,3764.6000,8441,0,2693680860.000,0,-,-,-,-,3764.4000,3764.2000,3764.0000,3763.6000,3762.6000,3765.4000,3766.8000,3767.0000,3767.2000,3767.4000,1,1,1,1,5,1,2,2,2,2
SF,IF2007,2020-05-27 14:02:20.200,3764.6000,8441,0,2693680860.000,0,-,-,-,-,3764.6000,3764.4000,3764.0000,3763.6000,3762.6000,3765.4000,3766.8000,3767.0000,3767.2000,3767.4000,1,1,1,1,5,1,2,2,2,2
SF,IF2007,2020-05-27 14:02:21.200,3764.6000,8441,0,2693680860.000,0,-,-,-,-,3764.6000,3764.4000,3763.6000,3762.6000,3762.4000,3765.4000,3766.8000,3767.0000,3767.2000,3767.4000,1,1,1,5,2,1,2,2,2,2
SF,IF2007,2020-05-27 14:02:24.200,3764.6000,8441,0,2693680860.000,0,-,-,-,-,3764.6000,3764.4000,3763.6000,3762.6000,3762.4000,3765.2000,3765.4000,3766.8000,3767.0000,3767.2000,1,1,1,5,2,1,1,2,2,2
SF,IF2007,2020-05-27 14:02:24.700,3764.6000,8441,0,2693680860.000,0,-,-,-,-,3763.6000,3762.6000,3762.4000,3762.2000,3761.6000,3765.2000,3765.4000,3766.8000,3767.0000,3767.2000,1,5,2,1,1,2,1,2,2,2
SF,IF2007,2020-05-27 14:02:25.200,3764.6000,8441,0,2693680860.000,0,-,-,-,-,3763.8000,3763.6000,3762.6000,3762.4000,3762.2000,3765.0000,3765.2000,3765.4000,3766.8000,3767.0000,3,1,5,2,1,1,1,1,2,2
SF,IF2007,2020-05-27 14:02:25.700,3764.6000,8441,0,2693680860.000,0,-,-,-,-,3763.8000,3762.6000,3762.4000,3762.2000,3761.6000,3765.0000,3765.2000,3765.4000,3766.8000,3767.0000,3,5,2,1,1,2,1,1,2,2
SF,IF2007,2020-05-27 14:02:26.200,3764.6000,8441,0,2693680860.000,0,-,-,-,-,3764.0000,3763.8000,3762.6000,3762.4000,3762.2000,3765.0000,3765.2000,3765.4000,3766.8000,3767.0000,1,3,5,2,1,1,1,1,2,2
SF,IF2007,2020-05-27 14:02:26.700,3764.6000,8441,0,2693680860.000,0,-,-,-,-,3764.0000,3763.8000,3762.6000,3762.4000,3762.2000,3765.0000,3765.2000,3765.4000,3766.8000,3767.0000,1,3,5,2,1,2,1,1,2,2
SF,IF2007,2020-05-27 14:02:27.200,3764.6000,8441,0,2693680860.000,0,-,-,-,-,3763.8000,3762.6000,3762.4000,3762.2000,3761.6000,3765.0000,3765.2000,3765.4000,3766.8000,3767.0000,3,5,2,1,1,1,1,1,2,2
SF,IF2007,2020-05-27 14:02:27.700,3764.6000,8441,0,2693680860.000,0,-,-,-,-,3763.8000,3762.6000,3762.4000,3762.2000,3761.6000,3764.8000,3765.0000,3765.2000,3765.4000,3766.8000,3,5,2,1,1,2,1,1,1,2
SF,IF2007,2020-05-27 14:02:28.200,3764.6000,8441,0,2693680860.000,0,-,-,-,-,3762.6000,3762.4000,3762.2000,3761.6000,3761.4000,3764.6000,3764.8000,3765.2000,3765.4000,3766.8000,5,2,1,1,1,2,1,1,1,2
SF,IF2007,2020-05-27 14:02:28.700,3764.6000,8441,0,2693680860.000,0,-,-,-,-,3763.0000,3762.8000,3762.4000,3762.2000,3761.6000,3764.2000,3764.4000,3764.6000,3765.2000,3765.4000,1,3,1,1,1,2,2,1,1,1
SF,IF2007,2020-05-27 14:02:29.200,3764.6000,8441,0,2693680860.000,0,-,-,-,-,3763.2000,3762.8000,3762.4000,3762.2000,3761.6000,3764.0000,3764.2000,3764.4000,3764.6000,3765.2000,1,1,1,1,1,1,1,1,1,1
SF,IF2007,2020-05-27 14:02:29.700,3764.6000,8441,0,2693680860.000,0,-,-,-,-,3763.2000,3762.8000,3762.4000,3762.2000,3761.6000,3764.0000,3764.2000,3764.6000,3765.2000,3765.4000,1,1,1,1,1,1,1,1,1,1
SF,IF2007,2020-05-27 14:02:31.200,3764.6000,8441,0,2693680860.000,0,-,-,-,-,3763.2000,3762.8000,3762.4000,3762.2000,3761.6000,3764.0000,3764.2000,3764.6000,3765.2000,3765.4000,1,1,1,1,1,1,1,1,1,1
SF,IF2007,2020-05-27 14:02:34.200,3764.6000,8441,0,2693680860.000,0,-,-,-,-,3763.2000,3762.8000,3762.4000,3762.2000,3761.6000,3763.8000,3764.0000,3764.6000,3765.2000,3765.4000,1,1,1,1,1,1,1,1,1,1
SF,IF2007,2020-05-27 14:02:34.700,3764.6000,8441,0,2693680860.000,0,-,-,-,-,3762.8000,3762.4000,3762.2000,3761.6000,3761.4000,3763.8000,3764.0000,3764.6000,3765.2000,3765.4000,1,1,1,1,1,1,1,1,1,1
SF,IF2007,2020-05-27 14:02:35.200,3764.6000,8441,0,2693680860.000,0,-,-,-,-,3763.0000,3762.8000,3762.4000,3762.2000,3761.6000,3763.8000,3764.0000,3764.6000,3765.2000,3765.4000,1,1,1,1,1,1,1,1,1,1
SF,IF2007,2020-05-27 14:02:35.700,3764.6000,8441,0,2693680860.000,0,-,-,-,-,3762.8000,3762.4000,3762.2000,3761.6000,3761.4000,3763.8000,3764.0000,3764.6000,3765.2000,3765.4000,1,1,1,1,1,1,1,1,1,1
SF,IF2007,2020-05-27 14:02:36.200,3764.6000,8441,0,2693680860.000,0,-,-,-,-,3762.4000,3762.2000,3761.6000,3761.4000,3761.2000,3763.4000,3763.6000,3764.0000,3765.2000,3765.4000,1,1,1,1,2,1,2,1,1,1
SF,IF2007,2020-05-27 14:02:36.700,3764.6000,8441,0,2693680860.000,0,-,-,-,-,3762.6000,3762.4000,3762.2000,3761.4000,3761.2000,3765.2000,3765.4000,3766.8000,3767.0000,3767.2000,4,1,1,1,2,1,1,2,2,2
SF,IF2007,2020-05-27 14:02:37.200,3764.6000,8441,0,2693680860.000,0,-,-,-,-,3763.0000,3762.8000,3762.6000,3762.4000,3762.2000,3764.2000,3764.4000,3765.0000,3765.2000,3765.4000,1,2,1,1,1,1,1,5,2,1
SF,IF2007,2020-05-27 14:02:37.700,3764.6000,8441,0,2693680860.000,0,-,-,-,-,3763.0000,3762.8000,3762.6000,3762.4000,3762.2000,3764.0000,3764.2000,3765.0000,3765.2000,3765.4000,1,2,1,1,1,2,1,1,2,1
SF,IF2007,2020-05-27 14:02:38.700,3764.6000,8441,0,2693680860.000,0,-,-,-,-,3763.0000,3762.8000,3762.6000,3762.4000,3762.2000,3764.0000,3764.2000,3765.0000,3765.2000,3765.4000,1,2,1,1,1,3,1,1,1,1
SF,IF2007,2020-05-27 14:02:39.700,3764.6000,8441,0,2693680860.000,0,-,-,-,-,3763.0000,3762.8000,3762.6000,3762.4000,3762.2000,3764.0000,3764.2000,3765.0000,3765.2000,3765.4000,1,2,2,1,1,2,1,1,1,1
SF,IF2007,2020-05-27 14:02:40.200,3764.6000,8441,0,2693680860.000,0,-,-,-,-,3762.8000,3762.6000,3762.4000,3762.2000,3761.4000,3764.0000,3764.2000,3765.0000,3765.2000,3765.4000,2,2,1,1,1,2,1,1,1,1
SF,IF2007,2020-05-27 14:02:40.700,3762.8000,8441,0,2694809700.000,1,0,1,多换,S,3762.6000,3762.4000,3762.2000,3761.4000,3761.2000,3763.6000,3763.8000,3764.0000,3765.0000,3765.2000,2,1,1,1,2,1,2,1,1,1
SF,IF2007,2020-05-27 14:02:41.200,3762.8000,8441,0,2694809700.000,0,-,-,-,-,3762.6000,3762.4000,3762.2000,3761.4000,3761.2000,3763.2000,3763.4000,3763.6000,3763.8000,3764.0000,1,1,1,1,2,1,2,1,1,1
SF,IF2007,2020-05-27 14:02:41.700,3762.6000,8442,1,2695938480.000,1,1,0,双开,S,3762.4000,3761.4000,3761.2000,3761.0000,3760.8000,3763.2000,3763.4000,3765.0000,3765.2000,3765.4000,1,1,2,7,1,1,2,1,1,1
SF,IF2007,2020-05-27 14:02:42.200,3762.4000,8442,0,2697067200.000,1,0,1,多换,S,3761.4000,3761.2000,3761.0000,3760.8000,3760.2000,3762.8000,3763.0000,3763.4000,3765.0000,3765.2000,1,2,7,1,2,1,1,1,1,1
SF,IF2007,2020-05-27 14:02:42.700,3762.4000,8442,0,2697067200.000,0,-,-,-,-,3761.6000,3761.4000,3761.2000,3761.0000,3760.8000,3762.8000,3763.0000,3763.4000,3765.0000,3765.2000,3,1,2,7,1,1,1,1,1,1
SF,IF2007,2020-05-27 14:02:43.200,3762.4000,8442,0,2697067200.000,0,-,-,-,-,3761.6000,3761.4000,3761.2000,3761.0000,3760.8000,3762.8000,3763.0000,3763.4000,3765.0000,3765.2000,3,1,2,7,1,1,1,1,1,1
SF,IF2007,2020-05-27 14:02:43.700,3762.4000,8442,0,2697067200.000,0,-,-,-,-,3761.6000,3761.4000,3761.0000,3760.8000,3760.2000,3762.6000,3762.8000,3763.0000,3763.4000,3765.0000,3,1,7,1,2,1,1,1,1,1
SF,IF2007,2020-05-27 14:02:44.700,3762.4000,8442,0,2697067200.000,0,-,-,-,-,3761.6000,3761.4000,3761.0000,3760.8000,3760.2000,3761.8000,3762.6000,3762.8000,3763.0000,3763.4000,3,1,7,1,2,1,1,1,1,1
SF,IF2007,2020-05-27 14:02:45.200,3761.8000,8443,1,2698195740.000,1,1,0,双开,S,3761.6000,3761.0000,3760.8000,3760.2000,3760.0000,3762.4000,3762.8000,3763.0000,3763.4000,3765.0000,2,7,1,2,1,1,1,1,1,1
SF,IF2007,2020-05-27 14:02:45.700,3761.8000,8443,0,2698195740.000,0,-,-,-,-,3761.6000,3761.0000,3760.8000,3760.2000,3760.0000,3762.8000,3763.0000,3763.4000,3765.0000,3765.2000,2,7,1,2,1,1,1,1,1,1
SF,IF2007,2020-05-27 14:02:46.200,3761.8000,8443,0,2698195740.000,0,-,-,-,-,3761.6000,3761.0000,3760.8000,3760.2000,3760.0000,3762.6000,3762.8000,3763.0000,3765.0000,3765.2000,2,7,1,2,1,2,2,1,1,1
SF,IF2007,2020-05-27 14:02:46.700,3761.8000,8443,0,2698195740.000,0,-,-,-,-,3761.6000,3761.0000,3760.8000,3760.2000,3760.0000,3762.4000,3762.6000,3762.8000,3763.0000,3765.0000,2,7,1,2,1,1,2,1,1,1
SF,IF2007,2020-05-27 14:02:47.200,3761.8000,8443,0,2698195740.000,0,-,-,-,-,3761.6000,3761.0000,3760.8000,3760.2000,3760.0000,3762.4000,3762.6000,3762.8000,3763.0000,3765.0000,1,7,1,2,1,1,2,1,1,1
SF,IF2007,2020-05-27 14:02:47.700,3761.8000,8443,0,2698195740.000,0,-,-,-,-,3761.6000,3761.0000,3760.8000,3760.2000,3760.0000,3762.4000,3762.6000,3763.0000,3765.0000,3765.2000,1,7,1,2,1,1,2,1,1,1
SF,IF2007,2020-05-27 14:02:48.200,3761.8000,8443,0,2698195740.000,0,-,-,-,-,3761.6000,3761.0000,3760.8000,3760.2000,3760.0000,3762.4000,3762.6000,3763.0000,3765.0000,3765.2000,1,7,1,2,1,1,1,1,1,1
SF,IF2007,2020-05-27 14:02:48.700,3761.8000,8443,0,2698195740.000,0,-,-,-,-,3762.0000,3761.6000,3761.0000,3760.8000,3760.2000,3763.0000,3765.0000,3765.2000,3765.4000,3767.0000,1,1,7,1,2,1,1,1,1,1
SF,IF2007,2020-05-27 14:02:49.200,3761.8000,8443,0,2698195740.000,0,-,-,-,-,3762.2000,3762.0000,3761.0000,3760.8000,3760.2000,3763.4000,3765.0000,3765.2000,3765.4000,3767.0000,1,1,7,1,2,1,1,1,1,1
SF,IF2007,2020-05-27 14:02:49.700,3761.8000,8443,0,2698195740.000,0,-,-,-,-,3762.2000,3762.0000,3761.0000,3760.8000,3760.2000,3763.2000,3765.0000,3765.2000,3765.4000,3767.0000,1,1,7,1,2,2,1,1,1,1
SF,IF2007,2020-05-27 14:02:50.200,3761.8000,8443,0,2698195740.000,0,-,-,-,-,3762.2000,3762.0000,3761.0000,3760.8000,3760.2000,3763.2000,3765.0000,3765.2000,3765.4000,3767.0000,1,1,7,1,2,1,1,1,1,1
SF,IF2007,2020-05-27 14:02:50.700,3761.8000,8443,0,2698195740.000,0,-,-,-,-,3762.2000,3762.0000,3761.0000,3760.8000,3760.2000,3763.2000,3763.6000,3765.0000,3765.2000,3765.4000,1,1,7,1,2,1,1,1,1,1
SF,IF2007,2020-05-27 14:02:51.200,3761.8000,8443,0,2698195740.000,0,-,-,-,-,3762.2000,3762.0000,3761.0000,3760.8000,3760.2000,3763.2000,3763.4000,3763.6000,3765.0000,3765.2000,1,1,7,1,2,1,1,1,1,1
SF,IF2007,2020-05-27 14:02:51.700,3761.8000,8443,0,2698195740.000,0,-,-,-,-,3762.2000,3762.0000,3761.0000,3760.8000,3760.2000,3763.2000,3763.4000,3765.0000,3765.2000,3765.4000,1,1,7,1,2,1,1,1,1,1
SF,IF2007,2020-05-27 14:02:55.700,3761.8000,8443,0,2698195740.000,0,-,-,-,-,3762.4000,3762.2000,3762.0000,3761.0000,3760.8000,3763.2000,3763.4000,3765.0000,3765.2000,3765.4000,1,1,1,7,1,1,1,1,1,1
SF,IF2007,2020-05-27 14:03:01.200,3761.8000,8443,0,2698195740.000,0,-,-,-,-,3762.2000,3762.0000,3761.0000,3760.8000,3760.2000,3763.2000,3763.4000,3765.0000,3765.2000,3765.4000,1,1,7,1,2,1,1,1,1,1
SF,IF2007,2020-05-27 14:03:03.700,3761.8000,8443,0,2698195740.000,0,-,-,-,-,3762.6000,3762.4000,3762.2000,3762.0000,3761.0000,3763.4000,3765.0000,3765.2000,3765.4000,3767.0000,1,1,1,1,7,1,1,1,1,1
SF,IF2007,2020-05-27 14:03:04.200,3761.8000,8443,0,2698195740.000,0,-,-,-,-,3762.6000,3762.4000,3762.2000,3762.0000,3761.0000,3763.4000,3764.0000,3765.0000,3765.2000,3765.4000,1,1,1,1,7,1,1,1,1,1
SF,IF2007,2020-05-27 14:03:07.200,3761.8000,8443,0,2698195740.000,0,-,-,-,-,3762.6000,3762.2000,3762.0000,3761.0000,3760.8000,3763.4000,3764.0000,3765.0000,3765.2000,3765.4000,1,1,1,7,1,1,1,1,1,1
SF,IF2007,2020-05-27 14:03:20.200,3762.6000,8443,0,2699324520.000,1,0,1,多换,S,3762.2000,3762.0000,3761.0000,3760.8000,3760.2000,3763.4000,3764.0000,3765.0000,3765.2000,3765.4000,1,1,7,1,2,1,1,1,1,1
SF,IF2007,2020-05-27 14:03:20.700,3762.6000,8443,0,2699324520.000,0,-,-,-,-,3762.2000,3762.0000,3761.0000,3760.8000,3760.2000,3763.2000,3763.4000,3764.0000,3765.0000,3765.2000,1,1,7,1,2,2,1,1,1,1
SF,IF2007,2020-05-27 14:03:32.200,3762.6000,8443,0,2699324520.000,0,-,-,-,-,3762.4000,3762.2000,3762.0000,3761.0000,3760.8000,3763.2000,3763.4000,3764.0000,3765.0000,3765.2000,1,1,1,7,1,2,1,1,1,1
SF,IF2007,2020-05-27 14:03:32.700,3762.6000,8443,0,2699324520.000,0,-,-,-,-,3762.2000,3762.0000,3761.0000,3760.8000,3760.2000,3763.2000,3763.4000,3764.0000,3765.0000,3765.2000,1,1,7,1,2,2,1,1,1,1
SF,IF2007,2020-05-27 14:03:34.700,3762.6000,8443,0,2699324520.000,0,-,-,-,-,3762.4000,3762.2000,3762.0000,3761.0000,3760.8000,3763.2000,3763.4000,3764.0000,3765.0000,3765.2000,1,1,1,7,1,2,1,1,1,1
SF,IF2007,2020-05-27 14:03:35.200,3762.6000,8443,0,2699324520.000,0,-,-,-,-,3762.4000,3762.2000,3762.0000,3761.0000,3760.8000,3763.2000,3763.4000,3764.0000,3765.0000,3765.2000,1,1,1,7,1,1,1,1,1,1
SF,IF2007,2020-05-27 14:03:35.700,3762.6000,8443,0,2699324520.000,0,-,-,-,-,3762.2000,3762.0000,3761.0000,3760.8000,3760.2000,3763.4000,3764.0000,3765.0000,3765.2000,3765.4000,1,1,7,1,2,1,1,1,1,1
SF,IF2007,2020-05-27 14:03:44.200,3762.6000,8443,0,2699324520.000,0,-,-,-,-,3762.2000,3762.0000,3761.0000,3760.8000,3760.2000,3763.4000,3764.0000,3765.0000,3765.2000,3765.4000,1,1,7,1,2,1,1,1,1,1
SF,IF2007,2020-05-27 14:03:44.700,3762.6000,8443,0,2699324520.000,0,-,-,-,-,3762.4000,3762.2000,3762.0000,3761.0000,3760.8000,3763.4000,3764.0000,3765.0000,3765.2000,3765.4000,1,1,1,7,1,1,1,1,1,1
SF,IF2007,2020-05-27 14:03:45.200,3762.6000,8443,0,2699324520.000,0,-,-,-,-,3762.6000,3762.4000,3762.0000,3761.0000,3760.8000,3763.4000,3764.0000,3765.0000,3765.2000,3765.4000,1,1,1,7,1,1,1,1,1,1
SF,IF2007,2020-05-27 14:03:46.200,3763.4000,8444,1,2700453540.000,1,1,0,双开,S,3763.6000,3762.8000,3762.6000,3762.0000,3761.0000,3764.0000,3765.0000,3765.2000,3765.4000,3767.0000,1,2,1,1,7,1,1,1,1,1
SF,IF2007,2020-05-27 14:03:46.700,3763.4000,8444,0,2700453540.000,0,-,-,-,-,3763.6000,3762.8000,3762.6000,3762.0000,3761.0000,3765.2000,3765.4000,3767.0000,3767.2000,3767.6000,1,1,1,1,7,1,1,1,2,1
SF,IF2007,2020-05-27 14:03:47.200,3763.4000,8444,0,2700453540.000,0,-,-,-,-,3763.6000,3762.6000,3762.0000,3761.0000,3760.8000,3764.6000,3764.8000,3765.0000,3765.2000,3765.4000,1,1,1,7,1,1,2,4,1,1
SF,IF2007,2020-05-27 14:03:47.700,3763.4000,8444,0,2700453540.000,0,-,-,-,-,3763.6000,3762.6000,3762.0000,3761.0000,3760.8000,3764.4000,3764.6000,3764.8000,3765.0000,3765.2000,1,1,1,7,1,1,1,2,2,1
SF,IF2007,2020-05-27 14:03:48.200,3763.4000,8444,0,2700453540.000,0,-,-,-,-,3763.6000,3762.6000,3762.0000,3761.0000,3760.8000,3764.2000,3764.4000,3764.6000,3764.8000,3765.0000,1,1,1,7,1,1,1,1,2,2
SF,IF2007,2020-05-27 14:03:48.700,3763.4000,8444,0,2700453540.000,0,-,-,-,-,3763.6000,3762.6000,3762.0000,3761.0000,3760.8000,3764.2000,3764.4000,3764.6000,3765.0000,3765.2000,1,1,1,7,1,1,1,1,2,1
SF,IF2007,2020-05-27 14:04:05.200,3763.4000,8444,0,2700453540.000,0,-,-,-,-,3763.6000,3763.0000,3762.6000,3762.0000,3761.0000,3764.2000,3764.4000,3764.6000,3765.0000,3765.2000,1,1,1,1,7,1,1,1,2,1
SF,IF2007,2020-05-27 14:04:09.700,3763.6000,8445,1,2701582620.000,1,1,0,双开,S,3763.0000,3762.6000,3762.0000,3761.0000,3760.8000,3764.2000,3764.4000,3764.6000,3765.0000,3765.2000,1,1,1,7,1,1,1,1,2,1
SF,IF2007,2020-05-27 14:04:10.200,3763.6000,8445,0,2701582620.000,0,-,-,-,-,3763.0000,3762.6000,3762.0000,3761.0000,3760.8000,3764.0000,3764.2000,3765.0000,3765.2000,3765.4000,1,1,1,7,1,2,1,2,1,1
SF,IF2007,2020-05-27 14:04:10.700,3763.6000,8445,0,2701582620.000,0,-,-,-,-,3763.0000,3762.6000,3762.0000,3761.0000,3760.8000,3764.0000,3765.0000,3765.2000,3765.4000,3767.0000,1,1,1,7,1,2,2,1,1,1
SF,IF2007,2020-05-27 14:04:16.700,3764.0000,8446,1,2702711820.000,1,1,0,双开,S,3763.2000,3763.0000,3762.6000,3762.0000,3761.0000,3765.0000,3765.2000,3765.4000,3767.0000,3767.2000,2,1,1,1,7,2,1,1,1,2
SF,IF2007,2020-05-27 14:04:17.200,3764.0000,8446,0,2702711820.000,0,-,-,-,-,3763.6000,3763.4000,3763.0000,3762.0000,3761.0000,3764.8000,3765.2000,3765.4000,3767.0000,3767.2000,2,2,1,1,7,2,1,1,1,2
SF,IF2007,2020-05-27 14:04:17.700,3764.0000,8446,0,2702711820.000,0,-,-,-,-,3763.8000,3763.6000,3763.4000,3763.0000,3762.0000,3764.8000,3765.2000,3765.4000,3767.0000,3767.2000,1,2,1,1,1,1,1,1,1,2
SF,IF2007,2020-05-27 14:04:18.200,3764.0000,8446,0,2702711820.000,0,-,-,-,-,3764.0000,3763.8000,3763.6000,3763.4000,3763.0000,3765.0000,3765.2000,3765.4000,3767.0000,3767.2000,1,1,1,1,1,1,1,1,1,2
SF,IF2007,2020-05-27 14:04:18.700,3764.0000,8446,0,2702711820.000,0,-,-,-,-,3764.0000,3763.8000,3763.4000,3763.0000,3762.0000,3765.0000,3765.2000,3765.4000,3767.0000,3767.2000,1,1,1,1,1,1,1,1,1,2
SF,IF2007,2020-05-27 14:04:19.200,3764.0000,8446,0,2702711820.000,0,-,-,-,-,3764.2000,3764.0000,3763.4000,3763.0000,3762.0000,3765.0000,3765.2000,3765.4000,3767.0000,3767.2000,1,1,1,1,1,1,1,1,1,2
SF,IF2007,2020-05-27 14:04:19.700,3764.0000,8446,0,2702711820.000,0,-,-,-,-,3764.2000,3764.0000,3763.4000,3763.0000,3762.0000,3765.0000,3765.2000,3765.4000,3767.0000,3767.2000,1,1,1,1,1,1,1,1,1,2
SF,IF2007,2020-05-27 14:04:26.200,3764.2000,8447,1,2703841080.000,1,1,0,双开,S,3764.0000,3763.0000,3762.0000,3761.0000,3760.8000,3765.0000,3765.2000,3765.4000,3767.0000,3767.2000,1,1,1,7,1,1,1,1,1,2
SF,IF2007,2020-05-27 14:04:26.700,3764.2000,8447,0,2703841080.000,0,-,-,-,-,3763.0000,3762.0000,3761.0000,3760.8000,3760.2000,3764.8000,3765.0000,3765.2000,3765.4000,3767.0000,1,1,7,1,2,5,1,1,1,1
SF,IF2007,2020-05-27 14:04:27.200,3764.2000,8447,0,2703841080.000,0,-,-,-,-,3763.0000,3762.0000,3761.0000,3760.8000,3760.2000,3764.4000,3764.8000,3765.2000,3765.4000,3767.0000,1,1,7,1,2,2,3,1,1,1
SF,IF2007,2020-05-27 14:04:27.700,3764.2000,8447,0,2703841080.000,0,-,-,-,-,3763.2000,3763.0000,3762.0000,3761.0000,3760.8000,3764.2000,3764.4000,3764.8000,3765.2000,3765.4000,1,1,1,7,1,2,2,2,1,1
SF,IF2007,2020-05-27 14:04:28.200,3764.2000,8447,0,2703841080.000,0,-,-,-,-,3763.2000,3763.0000,3762.0000,3761.0000,3760.8000,3764.0000,3764.2000,3764.4000,3764.8000,3765.2000,1,1,1,7,1,1,1,2,2,1
SF,IF2007,2020-05-27 14:04:29.200,3763.8000,8448,1,2706099420.000,2,1,1,空开,S,3763.4000,3763.2000,3763.0000,3762.0000,3761.0000,3763.8000,3764.2000,3764.4000,3765.2000,3765.4000,2,1,1,1,7,1,1,1,1,1
SF,IF2007,2020-05-27 14:04:29.700,3763.8000,8449,1,2708357700.000,2,1,1,空开,S,3763.4000,3763.2000,3763.0000,3762.0000,3761.0000,3764.2000,3765.2000,3765.4000,3767.0000,3767.2000,1,1,1,1,7,1,1,1,1,2
SF,IF2007,2020-05-27 14:04:30.200,3763.8000,8449,0,2708357700.000,0,-,-,-,-,3763.4000,3763.2000,3763.0000,3762.0000,3761.0000,3765.2000,3765.4000,3767.0000,3767.2000,3767.6000,1,1,1,1,7,1,1,1,2,1
SF,IF2007,2020-05-27 14:04:30.700,3763.8000,8449,0,2708357700.000,0,-,-,-,-,3763.6000,3763.4000,3763.0000,3762.0000,3761.0000,3764.8000,3765.0000,3765.2000,3765.4000,3767.0000,2,1,1,1,7,2,3,1,1,1
SF,IF2007,2020-05-27 14:04:31.200,3763.8000,8449,0,2708357700.000,0,-,-,-,-,3763.6000,3763.4000,3763.0000,3762.0000,3761.0000,3764.6000,3764.8000,3765.0000,3765.2000,3765.4000,2,1,1,1,7,1,2,1,1,1
SF,IF2007,2020-05-27 14:04:31.700,3763.8000,8449,0,2708357700.000,0,-,-,-,-,3763.6000,3763.4000,3763.0000,3762.0000,3761.0000,3764.4000,3764.6000,3764.8000,3765.0000,3765.2000,2,1,1,1,7,1,1,2,1,1
SF,IF2007,2020-05-27 14:04:39.200,3763.8000,8449,0,2708357700.000,0,-,-,-,-,3763.8000,3763.6000,3763.4000,3763.0000,3762.0000,3764.4000,3764.6000,3764.8000,3765.0000,3765.2000,1,2,1,1,1,1,1,1,1,1
SF,IF2007,2020-05-27 14:04:39.700,3763.8000,8449,0,2708357700.000,0,-,-,-,-,3763.8000,3763.6000,3763.0000,3762.0000,3761.0000,3764.4000,3764.8000,3765.0000,3765.2000,3765.4000,1,2,1,1,7,1,1,1,1,1
SF,IF2007,2020-05-27 14:04:42.200,3763.8000,8449,0,2708357700.000,0,-,-,-,-,3763.6000,3763.0000,3762.0000,3761.0000,3760.8000,3764.4000,3764.8000,3765.0000,3765.2000,3765.4000,2,1,1,7,1,1,1,1,1,1
SF,IF2007,2020-05-27 14:04:44.700,3763.8000,8449,0,2708357700.000,0,-,-,-,-,3763.6000,3762.0000,3761.0000,3760.8000,3760.2000,3764.4000,3764.8000,3765.0000,3765.2000,3765.4000,2,1,7,1,2,1,1,1,1,1
SF,IF2007,2020-05-27 14:04:45.200,3763.8000,8449,0,2708357700.000,0,-,-,-,-,3763.6000,3762.0000,3761.0000,3760.8000,3760.2000,3764.4000,3764.8000,3765.0000,3765.2000,3765.4000,2,1,7,1,2,1,1,1,1,1
SF,IF2007,2020-05-27 14:04:47.700,3763.8000,8449,0,2708357700.000,0,-,-,-,-,3763.8000,3763.6000,3762.0000,3761.0000,3760.8000,3764.4000,3764.8000,3765.0000,3765.2000,3765.4000,1,2,1,7,1,1,1,1,1,1
SF,IF2007,2020-05-27 14:04:55.700,3764.4000,8449,0,2709487020.000,1,0,1,多换,S,3764.0000,3763.8000,3763.6000,3762.0000,3761.0000,3764.8000,3765.0000,3765.2000,3765.4000,3767.0000,1,1,2,1,7,1,1,1,1,1
SF,IF2007,2020-05-27 14:04:56.200,3764.4000,8449,0,2709487020.000,0,-,-,-,-,3763.8000,3763.6000,3762.0000,3761.0000,3760.8000,3764.8000,3765.0000,3765.2000,3765.4000,3767.0000,1,2,1,7,1,1,1,1,1,1
SF,IF2007,2020-05-27 14:04:56.700,3764.4000,8449,0,2709487020.000,0,-,-,-,-,3764.0000,3763.8000,3763.6000,3762.0000,3761.0000,3764.8000,3765.0000,3765.2000,3765.4000,3767.0000,1,1,1,1,7,1,1,1,1,1
SF,IF2007,2020-05-27 14:04:58.700,3764.4000,8449,0,2709487020.000,0,-,-,-,-,3764.0000,3763.8000,3763.6000,3762.0000,3761.0000,3765.0000,3765.2000,3765.4000,3767.0000,3767.2000,1,1,1,1,7,1,1,1,1,2
SF,IF2007,2020-05-27 14:05:00.200,3764.4000,8449,0,2709487020.000,0,-,-,-,-,3764.2000,3764.0000,3763.8000,3762.0000,3761.0000,3765.2000,3765.4000,3767.0000,3767.2000,3767.6000,2,1,1,1,7,1,1,1,2,1
SF,IF2007,2020-05-27 14:05:00.700,3764.4000,8449,0,2709487020.000,0,-,-,-,-,3764.2000,3764.0000,3763.8000,3762.0000,3761.0000,3765.2000,3765.4000,3767.0000,3767.2000,3767.6000,1,1,1,1,7,1,1,1,2,1
SF,IF2007,2020-05-27 14:05:01.200,3764.4000,8449,0,2709487020.000,0,-,-,-,-,3764.4000,3764.2000,3763.8000,3762.0000,3761.0000,3765.2000,3765.4000,3767.0000,3767.2000,3767.6000,1,1,1,1,7,1,1,1,2,1
SF,IF2007,2020-05-27 14:05:05.200,3764.4000,8449,0,2709487020.000,0,-,-,-,-,3764.4000,3764.2000,3763.8000,3762.0000,3761.0000,3765.0000,3765.2000,3765.4000,3767.0000,3767.2000,1,1,1,1,7,1,1,1,1,2
SF,IF2007,2020-05-27 14:05:05.700,3764.4000,8449,0,2709487020.000,0,-,-,-,-,3764.2000,3763.8000,3762.0000,3761.0000,3760.8000,3765.0000,3765.2000,3765.4000,3767.0000,3767.2000,1,1,1,7,1,1,1,1,1,2
SF,IF2007,2020-05-27 14:05:06.200,3764.4000,8449,0,2709487020.000,0,-,-,-,-,3763.8000,3762.0000,3761.0000,3760.8000,3760.2000,3765.0000,3765.2000,3765.4000,3767.0000,3767.2000,1,1,7,1,2,1,1,1,1,2
SF,IF2007,2020-05-27 14:05:06.700,3764.4000,8449,0,2709487020.000,0,-,-,-,-,3764.4000,3764.0000,3763.8000,3762.0000,3761.0000,3765.0000,3765.2000,3765.4000,3767.0000,3767.2000,1,6,1,1,7,1,1,1,1,2
SF,IF2007,2020-05-27 14:05:07.200,3764.4000,8449,0,2709487020.000,0,-,-,-,-,3764.0000,3763.8000,3762.0000,3761.0000,3760.8000,3765.0000,3765.2000,3765.4000,3767.0000,3767.2000,4,1,1,7,1,1,1,1,1,2
SF,IF2007,2020-05-27 14:05:13.200,3764.4000,8449,0,2709487020.000,0,-,-,-,-,3764.0000,3763.8000,3762.0000,3761.0000,3760.8000,3765.2000,3765.4000,3767.0000,3767.2000,3767.6000,4,1,1,7,1,1,1,1,2,1
SF,IF2007,2020-05-27 14:05:13.700,3764.4000,8449,0,2709487020.000,0,-,-,-,-,3764.0000,3763.8000,3762.0000,3761.0000,3760.8000,3765.0000,3765.2000,3765.4000,3767.0000,3767.2000,4,1,1,7,1,1,1,1,1,2
SF,IF2007,2020-05-27 14:05:14.700,3764.4000,8449,0,2709487020.000,0,-,-,-,-,3764.0000,3762.0000,3761.0000,3760.8000,3760.2000,3764.8000,3765.0000,3765.2000,3765.4000,3767.0000,4,1,7,1,2,1,1,1,1,1
SF,IF2007,2020-05-27 14:05:15.200,3764.4000,8449,0,2709487020.000,0,-,-,-,-,3762.0000,3761.0000,3760.8000,3760.2000,3760.0000,3764.6000,3764.8000,3765.2000,3765.4000,3767.0000,1,7,1,2,1,1,1,1,1,1
SF,IF2007,2020-05-27 14:05:15.700,3764.4000,8449,0,2709487020.000,0,-,-,-,-,3763.2000,3763.0000,3762.8000,3762.6000,3762.4000,3764.2000,3764.4000,3764.8000,3765.2000,3765.4000,1,2,1,4,1,1,2,1,1,1
SF,IF2007,2020-05-27 14:05:16.700,3764.4000,8449,0,2709487020.000,0,-,-,-,-,3763.2000,3763.0000,3762.8000,3762.2000,3762.0000,3764.2000,3764.4000,3764.8000,3765.2000,3765.4000,1,2,1,10,3,1,2,1,1,1
SF,IF2007,2020-05-27 14:05:17.200,3764.4000,8449,0,2709487020.000,0,-,-,-,-,3763.2000,3763.0000,3762.8000,3762.2000,3762.0000,3764.2000,3764.4000,3764.8000,3765.2000,3765.4000,1,2,1,10,3,1,2,1,1,1
SF,IF2007,2020-05-27 14:05:17.700,3764.4000,8449,0,2709487020.000,0,-,-,-,-,3763.2000,3763.0000,3762.8000,3762.2000,3762.0000,3764.2000,3764.4000,3764.8000,3765.2000,3765.4000,1,2,1,9,3,1,2,1,1,1
SF,IF2007,2020-05-27 14:05:19.200,3764.4000,8449,0,2709487020.000,0,-,-,-,-,3763.4000,3763.2000,3763.0000,3762.2000,3762.0000,3764.4000,3764.8000,3765.2000,3765.4000,3767.0000,2,1,1,9,3,1,1,1,1,1
SF,IF2007,2020-05-27 14:05:19.700,3764.4000,8449,0,2709487020.000,0,-,-,-,-,3763.6000,3763.4000,3763.2000,3763.0000,3762.2000,3764.8000,3765.2000,3765.4000,3767.0000,3767.2000,1,2,1,1,8,1,1,1,1,2
SF,IF2007,2020-05-27 14:05:28.700,3764.4000,8449,0,2709487020.000,0,-,-,-,-,3763.8000,3763.6000,3763.4000,3763.2000,3763.0000,3764.8000,3765.2000,3765.4000,3767.0000,3767.2000,2,1,1,1,1,1,1,1,1,2
SF,IF2007,2020-05-27 14:05:29.200,3764.4000,8449,0,2709487020.000,0,-,-,-,-,3763.8000,3763.6000,3763.4000,3763.2000,3763.0000,3764.8000,3765.2000,3765.4000,3767.0000,3767.2000,1,1,1,1,1,1,1,1,1,2
SF,IF2007,2020-05-27 14:05:40.700,3764.4000,8449,0,2709487020.000,0,-,-,-,-,3763.8000,3763.6000,3763.4000,3763.2000,3763.0000,3765.2000,3765.4000,3767.0000,3767.2000,3767.6000,1,1,1,1,1,1,1,1,2,1
SF,IF2007,2020-05-27 14:05:41.200,3764.4000,8449,0,2709487020.000,0,-,-,-,-,3764.0000,3763.8000,3763.2000,3763.0000,3762.2000,3765.0000,3765.2000,3765.4000,3767.0000,3767.2000,1,1,1,1,8,1,1,1,1,2
SF,IF2007,2020-05-27 14:05:46.700,3764.4000,8449,0,2709487020.000,0,-,-,-,-,3764.0000,3763.8000,3763.2000,3763.0000,3762.2000,3765.0000,3765.2000,3765.4000,3767.0000,3767.2000,1,1,1,1,8,1,1,1,2,2
SF,IF2007,2020-05-27 14:05:47.200,3764.4000,8449,0,2709487020.000,0,-,-,-,-,3763.8000,3763.2000,3763.0000,3762.2000,3762.0000,3764.8000,3765.0000,3765.2000,3765.4000,3767.0000,1,1,1,8,3,2,1,1,1,2
SF,IF2007,2020-05-27 14:05:47.700,3764.4000,8449,0,2709487020.000,0,-,-,-,-,3763.2000,3763.0000,3762.2000,3762.0000,3761.0000,3764.6000,3764.8000,3765.2000,3765.4000,3767.0000,1,1,8,3,7,2,2,1,1,2
SF,IF2007,2020-05-27 14:05:48.200,3764.4000,8449,0,2709487020.000,0,-,-,-,-,3763.4000,3763.2000,3763.0000,3762.2000,3762.0000,3764.6000,3764.8000,3765.2000,3765.4000,3767.0000,1,1,1,8,3,2,2,1,1,2
SF,IF2007,2020-05-27 14:06:09.200,3764.4000,8449,0,2709487020.000,0,-,-,-,-,3763.4000,3763.2000,3763.0000,3762.2000,3762.0000,3764.4000,3764.6000,3764.8000,3765.2000,3765.4000,1,1,1,8,3,2,2,1,1,1
SF,IF2007,2020-05-27 14:06:09.700,3764.4000,8449,0,2709487020.000,0,-,-,-,-,3763.4000,3763.2000,3763.0000,3762.2000,3762.0000,3764.2000,3764.4000,3764.6000,3765.2000,3765.4000,1,1,1,8,3,1,2,1,1,1
SF,IF2007,2020-05-27 14:06:10.700,3764.4000,8449,0,2709487020.000,0,-,-,-,-,3763.4000,3762.2000,3762.0000,3761.0000,3760.8000,3764.2000,3764.4000,3764.6000,3765.2000,3765.4000,1,7,3,7,1,1,1,1,1,1
SF,IF2007,2020-05-27 14:06:12.200,3764.4000,8449,0,2709487020.000,0,-,-,-,-,3763.4000,3762.2000,3762.0000,3761.0000,3760.8000,3764.2000,3764.4000,3764.6000,3765.2000,3765.4000,1,7,3,7,1,1,1,1,1,1
SF,IF2007,2020-05-27 14:06:12.700,3764.4000,8449,0,2709487020.000,0,-,-,-,-,3762.2000,3762.0000,3761.0000,3760.8000,3760.2000,3764.2000,3764.4000,3764.6000,3765.2000,3765.4000,7,2,7,1,2,1,1,1,1,1
SF,IF2007,2020-05-27 14:06:13.200,3764.4000,8449,0,2709487020.000,0,-,-,-,-,3762.8000,3762.6000,3762.4000,3762.2000,3762.0000,3764.0000,3764.2000,3764.4000,3764.6000,3765.2000,1,2,2,7,2,1,1,1,1,1
SF,IF2007,2020-05-27 14:06:13.700,3764.4000,8449,0,2709487020.000,0,-,-,-,-,3763.0000,3762.8000,3762.6000,3762.4000,3762.2000,3764.0000,3764.2000,3764.4000,3764.6000,3765.2000,1,1,2,2,7,1,1,1,1,1
SF,IF2007,2020-05-27 14:06:14.200,3764.4000,8449,0,2709487020.000,0,-,-,-,-,3763.0000,3762.8000,3762.6000,3762.4000,3762.2000,3763.8000,3764.0000,3764.6000,3765.2000,3765.4000,1,1,2,2,7,1,1,1,1,1
SF,IF2007,2020-05-27 14:06:15.200,3764.4000,8449,0,2709487020.000,0,-,-,-,-,3763.0000,3762.8000,3762.6000,3762.4000,3762.2000,3763.8000,3764.6000,3765.2000,3765.4000,3767.0000,1,1,2,2,7,1,1,1,1,2
SF,IF2007,2020-05-27 14:06:15.700,3764.4000,8449,0,2709487020.000,0,-,-,-,-,3763.0000,3762.8000,3762.6000,3762.4000,3762.2000,3763.8000,3764.6000,3765.2000,3765.4000,3767.0000,1,1,2,2,7,1,1,1,1,2
SF,IF2007,2020-05-27 14:06:16.200,3764.4000,8449,0,2709487020.000,0,-,-,-,-,3763.0000,3762.8000,3762.6000,3762.4000,3762.2000,3763.8000,3764.6000,3765.2000,3765.4000,3767.0000,1,1,2,2,7,1,1,1,1,2
SF,IF2007,2020-05-27 14:06:16.700,3764.4000,8449,0,2709487020.000,0,-,-,-,-,3763.0000,3762.8000,3762.6000,3762.4000,3762.2000,3763.8000,3764.6000,3765.2000,3765.4000,3767.0000,1,1,2,2,7,1,1,1,1,2
SF,IF2007,2020-05-27 14:06:17.200,3764.4000,8449,0,2709487020.000,0,-,-,-,-,3763.0000,3762.8000,3762.6000,3762.4000,3762.2000,3763.8000,3764.6000,3765.2000,3765.4000,3767.0000,1,1,2,2,7,1,1,1,1,2
SF,IF2007,2020-05-27 14:06:17.700,3764.4000,8449,0,2709487020.000,0,-,-,-,-,3762.8000,3762.6000,3762.4000,3762.2000,3762.0000,3763.8000,3764.6000,3765.2000,3765.4000,3767.0000,1,2,1,3,2,1,1,1,1,2
SF,IF2007,2020-05-27 14:06:18.200,3764.4000,8449,0,2709487020.000,0,-,-,-,-,3762.6000,3762.2000,3762.0000,3761.0000,3760.8000,3763.6000,3763.8000,3764.6000,3765.2000,3765.4000,1,1,2,7,1,2,1,1,1,1
SF,IF2007,2020-05-27 14:06:18.700,3764.4000,8449,0,2709487020.000,0,-,-,-,-,3762.0000,3761.0000,3760.8000,3760.2000,3760.0000,3763.4000,3763.6000,3764.6000,3765.2000,3765.4000,1,7,1,2,1,1,2,1,1,1
SF,IF2007,2020-05-27 14:06:19.200,3764.4000,8449,0,2709487020.000,0,-,-,-,-,3762.2000,3762.0000,3761.0000,3760.8000,3760.2000,3763.4000,3763.6000,3764.6000,3765.2000,3765.4000,2,1,7,1,2,1,1,1,1,1
SF,IF2007,2020-05-27 14:06:21.200,3764.4000,8449,0,2709487020.000,0,-,-,-,-,3762.2000,3762.0000,3761.0000,3760.8000,3760.2000,3763.2000,3763.4000,3763.6000,3764.2000,3764.6000,2,1,7,1,2,1,1,1,1,1
SF,IF2007,2020-05-27 14:06:21.700,3764.4000,8449,0,2709487020.000,0,-,-,-,-,3762.2000,3762.0000,3761.0000,3760.8000,3760.2000,3763.2000,3763.4000,3763.6000,3764.6000,3765.2000,2,1,7,1,2,4,1,1,1,1
SF,IF2007,2020-05-27 14:06:22.200,3764.4000,8449,0,2709487020.000,0,-,-,-,-,3762.2000,3762.0000,3761.0000,3760.8000,3760.2000,3763.2000,3763.4000,3764.6000,3765.2000,3765.4000,2,1,7,1,2,1,1,1,1,1
SF,IF2007,2020-05-27 14:06:23.200,3764.4000,8449,0,2709487020.000,0,-,-,-,-,3762.2000,3762.0000,3761.0000,3760.8000,3760.2000,3763.2000,3763.4000,3763.8000,3764.6000,3765.2000,2,1,7,1,2,1,1,1,1,1
SF,IF2007,2020-05-27 14:06:24.200,3764.4000,8449,0,2709487020.000,0,-,-,-,-,3762.2000,3762.0000,3761.0000,3760.8000,3760.2000,3763.2000,3763.4000,3764.6000,3765.2000,3765.4000,2,1,7,1,2,1,1,1,1,1
SF,IF2007,2020-05-27 14:06:25.700,3764.4000,8449,0,2709487020.000,0,-,-,-,-,3762.2000,3762.0000,3761.0000,3760.8000,3760.2000,3763.2000,3763.4000,3763.8000,3764.6000,3765.2000,2,1,7,1,2,1,1,1,1,1
SF,IF2007,2020-05-27 14:06:26.700,3764.4000,8449,0,2709487020.000,0,-,-,-,-,3762.2000,3762.0000,3761.0000,3760.8000,3760.2000,3763.2000,3763.4000,3764.6000,3765.2000,3765.4000,2,1,7,1,2,1,1,1,1,1
SF,IF2007,2020-05-27 14:06:29.700,3764.4000,8449,0,2709487020.000,0,-,-,-,-,3762.2000,3762.0000,3761.0000,3760.8000,3760.2000,3763.2000,3763.4000,3763.8000,3764.6000,3765.2000,2,1,7,1,2,1,1,1,1,1
SF,IF2007,2020-05-27 14:06:30.200,3764.4000,8449,0,2709487020.000,0,-,-,-,-,3762.2000,3762.0000,3761.0000,3760.8000,3760.2000,3763.2000,3763.4000,3764.6000,3765.2000,3765.4000,2,1,7,1,2,1,1,1,1,1
SF,IF2007,2020-05-27 14:06:31.200,3764.4000,8449,0,2709487020.000,0,-,-,-,-,3762.2000,3762.0000,3761.0000,3760.8000,3760.2000,3763.2000,3763.4000,3764.6000,3765.2000,3765.4000,1,1,7,1,2,1,1,1,1,1
SF,IF2007,2020-05-27 14:06:31.700,3764.4000,8449,0,2709487020.000,0,-,-,-,-,3762.2000,3762.0000,3761.0000,3760.8000,3760.2000,3763.0000,3763.2000,3763.8000,3764.6000,3765.2000,1,1,7,1,2,1,1,1,1,1
SF,IF2007,2020-05-27 14:06:32.200,3764.4000,8449,0,2709487020.000,0,-,-,-,-,3762.2000,3762.0000,3761.0000,3760.8000,3760.2000,3763.0000,3763.2000,3764.6000,3765.2000,3765.4000,1,1,7,1,2,1,1,1,1,1
SF,IF2007,2020-05-27 14:06:32.700,3764.4000,8449,0,2709487020.000,0,-,-,-,-,3762.2000,3762.0000,3761.0000,3760.8000,3760.2000,3763.0000,3764.6000,3765.2000,3765.4000,3767.0000,1,1,7,1,2,1,1,1,1,2
SF,IF2007,2020-05-27 14:06:33.700,3764.4000,8449,0,2709487020.000,0,-,-,-,-,3762.2000,3762.0000,3761.0000,3760.8000,3760.2000,3763.0000,3763.8000,3764.6000,3765.2000,3765.4000,1,1,7,1,2,1,1,1,1,1
SF,IF2007,2020-05-27 14:06:34.700,3764.4000,8449,0,2709487020.000,0,-,-,-,-,3762.2000,3762.0000,3761.0000,3760.8000,3760.2000,3763.0000,3764.6000,3765.2000,3765.4000,3767.0000,1,1,7,1,2,1,1,1,1,2
SF,IF2007,2020-05-27 14:06:36.200,3764.4000,8449,0,2709487020.000,0,-,-,-,-,3762.2000,3762.0000,3761.0000,3760.8000,3760.2000,3763.0000,3763.8000,3764.6000,3765.2000,3765.4000,1,1,7,1,2,1,1,1,1,1
SF,IF2007,2020-05-27 14:06:36.700,3764.4000,8449,0,2709487020.000,0,-,-,-,-,3762.2000,3762.0000,3761.0000,3760.8000,3760.2000,3763.0000,3764.6000,3765.2000,3765.4000,3767.0000,1,1,7,1,2,1,1,1,1,2
SF,IF2007,2020-05-27 14:06:37.200,3764.4000,8449,0,2709487020.000,0,-,-,-,-,3762.2000,3762.0000,3761.0000,3760.8000,3760.2000,3764.6000,3765.2000,3765.4000,3767.0000,3767.2000,1,1,7,1,2,1,1,1,2,2
SF,IF2007,2020-05-27 14:06:37.700,3764.4000,8449,0,2709487020.000,0,-,-,-,-,3762.4000,3762.2000,3762.0000,3761.0000,3760.8000,3763.6000,3763.8000,3764.0000,3764.2000,3764.4000,1,1,1,7,1,2,1,2,2,10
SF,IF2007,2020-05-27 14:06:38.200,3764.4000,8449,0,2709487020.000,0,-,-,-,-,3762.2000,3762.0000,3761.0000,3760.8000,3760.2000,3763.4000,3763.6000,3763.8000,3764.0000,3764.2000,1,1,7,1,2,2,2,1,1,1
SF,IF2007,2020-05-27 14:06:38.700,3764.4000,8449,0,2709487020.000,0,-,-,-,-,3762.2000,3762.0000,3761.0000,3760.8000,3760.2000,3763.2000,3763.4000,3763.6000,3763.8000,3764.0000,1,1,7,1,2,2,2,1,1,1
SF,IF2007,2020-05-27 14:06:39.700,3764.4000,8449,0,2709487020.000,0,-,-,-,-,3762.2000,3762.0000,3761.0000,3760.8000,3760.2000,3763.2000,3763.4000,3763.6000,3763.8000,3764.0000,1,1,7,1,2,2,2,1,1,1
SF,IF2007,2020-05-27 14:06:40.200,3764.4000,8449,0,2709487020.000,0,-,-,-,-,3762.2000,3762.0000,3761.0000,3760.8000,3760.2000,3763.2000,3763.4000,3763.6000,3764.0000,3764.4000,1,1,7,1,2,2,2,1,1,8
SF,IF2007,2020-05-27 14:06:41.200,3764.4000,8449,0,2709487020.000,0,-,-,-,-,3762.2000,3762.0000,3761.0000,3760.8000,3760.2000,3763.2000,3763.4000,3763.6000,3764.0000,3764.4000,1,1,7,1,2,2,1,1,1,8
SF,IF2007,2020-05-27 14:06:41.700,3764.4000,8449,0,2709487020.000,0,-,-,-,-,3762.2000,3762.0000,3761.0000,3760.8000,3760.2000,3763.2000,3763.4000,3763.6000,3763.8000,3764.0000,1,1,7,1,2,1,1,1,1,1
SF,IF2007,2020-05-27 14:06:42.200,3764.4000,8449,0,2709487020.000,0,-,-,-,-,3762.2000,3762.0000,3761.0000,3760.8000,3760.2000,3763.4000,3763.6000,3763.8000,3764.0000,3764.4000,1,1,7,1,2,1,1,1,1,8
SF,IF2007,2020-05-27 14:06:42.700,3764.4000,8449,0,2709487020.000,0,-,-,-,-,3762.4000,3762.2000,3762.0000,3761.0000,3760.8000,3763.4000,3763.6000,3764.0000,3764.4000,3764.6000,1,1,1,7,1,1,1,1,8,1
SF,IF2007,2020-05-27 14:06:46.200,3764.4000,8449,0,2709487020.000,0,-,-,-,-,3762.4000,3762.2000,3762.0000,3761.0000,3760.8000,3763.4000,3763.6000,3764.0000,3764.4000,3764.6000,1,1,1,7,1,1,1,1,7,1
SF,IF2007,2020-05-27 14:06:46.700,3764.4000,8449,0,2709487020.000,0,-,-,-,-,3762.6000,3762.4000,3762.0000,3761.0000,3760.8000,3763.6000,3764.4000,3764.6000,3765.2000,3765.4000,2,1,1,7,1,1,7,1,1,1
SF,IF2007,2020-05-27 14:06:47.200,3764.4000,8449,0,2709487020.000,0,-,-,-,-,3762.6000,3762.4000,3762.0000,3761.0000,3760.8000,3763.6000,3764.4000,3764.6000,3765.2000,3765.4000,2,1,1,7,1,1,3,1,1,1
SF,IF2007,2020-05-27 14:06:47.700,3764.4000,8449,0,2709487020.000,0,-,-,-,-,3762.6000,3762.4000,3762.0000,3761.0000,3760.8000,3763.6000,3764.4000,3764.6000,3765.2000,3765.4000,2,1,1,7,1,1,2,1,1,1
SF,IF2007,2020-05-27 14:06:48.200,3764.4000,8449,0,2709487020.000,0,-,-,-,-,3762.8000,3762.6000,3762.4000,3762.0000,3761.0000,3764.4000,3764.6000,3765.2000,3765.4000,3767.0000,1,2,1,1,7,2,1,1,1,2
SF,IF2007,2020-05-27 14:06:48.700,3764.4000,8449,0,2709487020.000,0,-,-,-,-,3763.0000,3762.8000,3762.6000,3762.0000,3761.0000,3764.2000,3764.4000,3764.6000,3765.2000,3765.4000,1,1,1,1,7,3,2,1,1,1
SF,IF2007,2020-05-27 14:06:49.200,3764.4000,8449,0,2709487020.000,0,-,-,-,-,3762.8000,3762.6000,3762.0000,3761.0000,3760.8000,3764.0000,3764.2000,3764.4000,3764.6000,3765.2000,1,1,1,7,1,1,3,2,1,1
SF,IF2007,2020-05-27 14:06:50.700,3764.4000,8449,0,2709487020.000,0,-,-,-,-,3762.8000,3762.6000,3762.0000,3761.0000,3760.8000,3763.8000,3764.0000,3764.2000,3764.4000,3764.6000,1,1,1,7,1,1,1,3,2,1
SF,IF2007,2020-05-27 14:06:52.700,3764.4000,8449,0,2709487020.000,0,-,-,-,-,3762.8000,3762.6000,3762.0000,3761.0000,3760.8000,3763.8000,3764.0000,3764.2000,3764.4000,3764.6000,1,1,1,7,1,1,1,1,2,1
SF,IF2007,2020-05-27 14:06:53.200,3764.4000,8449,0,2709487020.000,0,-,-,-,-,3762.8000,3762.6000,3762.0000,3761.0000,3760.8000,3763.6000,3763.8000,3764.0000,3764.4000,3764.6000,1,1,1,7,1,1,1,1,2,1
SF,IF2007,2020-05-27 14:06:55.700,3764.4000,8449,0,2709487020.000,0,-,-,-,-,3762.6000,3762.0000,3761.0000,3760.8000,3760.2000,3763.6000,3763.8000,3764.0000,3764.4000,3764.6000,1,1,7,1,2,1,1,1,2,1
SF,IF2007,2020-05-27 14:07:04.700,3764.4000,8449,0,2709487020.000,0,-,-,-,-,3762.6000,3762.0000,3761.0000,3760.8000,3760.2000,3763.6000,3764.0000,3764.4000,3764.6000,3765.2000,1,1,7,1,2,1,1,2,1,1
SF,IF2007,2020-05-27 14:07:08.700,3764.4000,8449,0,2709487020.000,0,-,-,-,-,3762.0000,3761.0000,3760.8000,3760.2000,3760.0000,3763.6000,3764.0000,3764.4000,3764.6000,3765.2000,1,7,1,2,1,1,1,2,1,1
SF,IF2007,2020-05-27 14:07:09.200,3764.4000,8449,0,2709487020.000,0,-,-,-,-,3762.4000,3762.2000,3762.0000,3761.0000,3760.8000,3763.4000,3763.6000,3764.4000,3764.6000,3765.2000,1,3,1,7,1,1,1,2,1,1
SF,IF2007,2020-05-27 14:07:13.700,3764.4000,8449,0,2709487020.000,0,-,-,-,-,3762.4000,3762.2000,3762.0000,3761.0000,3760.8000,3763.6000,3764.4000,3764.6000,3765.2000,3765.4000,1,3,1,7,1,1,2,1,1,1
SF,IF2007,2020-05-27 14:07:14.200,3764.4000,8449,0,2709487020.000,0,-,-,-,-,3762.6000,3762.4000,3762.2000,3762.0000,3761.0000,3763.6000,3764.4000,3764.6000,3765.2000,3765.4000,1,1,2,1,7,1,2,1,1,1
SF,IF2007,2020-05-27 14:07:15.200,3764.4000,8449,0,2709487020.000,0,-,-,-,-,3762.6000,3762.4000,3762.0000,3761.0000,3760.8000,3763.6000,3764.4000,3764.6000,3765.2000,3765.4000,1,1,1,7,1,1,2,1,1,1
SF,IF2007,2020-05-27 14:07:23.200,3764.4000,8449,0,2709487020.000,0,-,-,-,-,3762.8000,3762.6000,3762.4000,3762.0000,3761.0000,3763.6000,3764.6000,3765.2000,3765.4000,3767.0000,2,1,1,1,7,1,1,1,1,2
SF,IF2007,2020-05-27 14:07:23.700,3764.4000,8449,0,2709487020.000,0,-,-,-,-,3762.8000,3762.0000,3761.0000,3760.8000,3760.2000,3764.6000,3765.2000,3765.4000,3767.0000,3767.2000,2,1,7,1,2,1,1,1,2,2
SF,IF2007,2020-05-27 14:07:24.200,3764.4000,8449,0,2709487020.000,0,-,-,-,-,3763.4000,3763.2000,3763.0000,3762.0000,3761.0000,3764.4000,3764.6000,3765.2000,3765.4000,3767.0000,1,2,4,1,7,2,1,1,1,2
SF,IF2007,2020-05-27 14:07:24.700,3764.4000,8449,0,2709487020.000,0,-,-,-,-,3763.4000,3763.2000,3763.0000,3762.0000,3761.0000,3764.4000,3764.6000,3765.2000,3765.4000,3767.0000,1,1,1,1,7,2,1,1,1,2
SF,IF2007,2020-05-27 14:07:38.200,3764.4000,8449,0,2709487020.000,0,-,-,-,-,3763.0000,3762.0000,3761.0000,3760.8000,3760.2000,3764.2000,3764.4000,3764.6000,3765.2000,3765.4000,1,1,7,1,2,1,2,1,1,1
SF,IF2007,2020-05-27 14:07:38.700,3764.4000,8449,0,2709487020.000,0,-,-,-,-,3763.2000,3763.0000,3762.0000,3761.0000,3760.8000,3764.0000,3764.2000,3764.4000,3764.6000,3765.2000,1,1,1,7,1,1,1,1,1,1
SF,IF2007,2020-05-27 14:07:39.200,3764.4000,8449,0,2709487020.000,0,-,-,-,-,3763.0000,3762.0000,3761.0000,3760.8000,3760.2000,3764.0000,3764.2000,3764.4000,3764.6000,3765.2000,1,1,7,1,2,1,1,1,1,1
SF,IF2007,2020-05-27 14:07:39.700,3764.4000,8449,0,2709487020.000,0,-,-,-,-,3763.0000,3762.0000,3761.0000,3760.8000,3760.2000,3764.0000,3764.2000,3764.4000,3764.6000,3765.2000,1,1,7,1,2,1,1,1,1,1
SF,IF2007,2020-05-27 14:07:42.700,3764.4000,8449,0,2709487020.000,0,-,-,-,-,3763.0000,3762.0000,3761.0000,3760.8000,3760.2000,3764.0000,3764.2000,3764.6000,3765.2000,3765.4000,1,1,7,1,2,1,1,1,1,1
SF,IF2007,2020-05-27 14:07:43.200,3764.4000,8449,0,2709487020.000,0,-,-,-,-,3763.0000,3762.0000,3761.0000,3760.8000,3760.2000,3764.0000,3764.2000,3764.6000,3765.2000,3765.4000,1,1,7,1,2,1,1,1,1,1
SF,IF2007,2020-05-27 14:07:44.700,3764.4000,8449,0,2709487020.000,0,-,-,-,-,3763.0000,3762.0000,3761.0000,3760.8000,3760.2000,3763.8000,3764.0000,3764.6000,3765.2000,3765.4000,1,1,7,1,2,2,1,1,1,1
SF,IF2007,2020-05-27 14:07:45.200,3764.4000,8449,0,2709487020.000,0,-,-,-,-,3762.0000,3761.0000,3760.8000,3760.2000,3760.0000,3763.0000,3763.6000,3763.8000,3764.6000,3765.2000,1,7,1,2,1,1,1,2,1,1
SF,IF2007,2020-05-27 14:07:45.700,3764.4000,8449,0,2709487020.000,0,-,-,-,-,3762.2000,3762.0000,3761.0000,3760.8000,3760.2000,3763.6000,3764.6000,3765.2000,3765.4000,3767.0000,1,1,7,1,2,1,1,1,1,2
SF,IF2007,2020-05-27 14:07:48.200,3764.4000,8449,0,2709487020.000,0,-,-,-,-,3762.4000,3762.2000,3762.0000,3761.0000,3760.8000,3763.6000,3764.6000,3765.2000,3765.4000,3767.0000,2,1,1,7,1,1,1,1,1,2
SF,IF2007,2020-05-27 14:07:48.700,3764.4000,8449,0,2709487020.000,0,-,-,-,-,3762.6000,3762.4000,3762.0000,3761.0000,3760.8000,3763.6000,3764.6000,3765.2000,3765.4000,3767.0000,1,2,1,7,1,1,1,1,1,2
SF,IF2007,2020-05-27 14:07:49.200,3764.4000,8449,0,2709487020.000,0,-,-,-,-,3762.4000,3762.0000,3761.0000,3760.8000,3760.2000,3763.6000,3764.6000,3765.2000,3765.4000,3767.0000,2,1,7,1,2,1,1,1,1,2
SF,IF2007,2020-05-27 14:07:49.700,3764.4000,8449,0,2709487020.000,0,-,-,-,-,3762.4000,3762.0000,3761.0000,3760.8000,3760.2000,3763.6000,3764.6000,3765.2000,3765.4000,3767.0000,2,1,7,1,2,1,1,1,1,2
SF,IF2007,2020-05-27 14:07:50.200,3764.4000,8449,0,2709487020.000,0,-,-,-,-,3762.6000,3762.4000,3762.0000,3761.0000,3760.8000,3763.6000,3764.6000,3765.2000,3765.4000,3767.0000,1,2,1,7,1,1,1,1,1,2
SF,IF2007,2020-05-27 14:07:59.700,3764.4000,8449,0,2709487020.000,0,-,-,-,-,3762.8000,3762.6000,3762.4000,3762.0000,3761.0000,3763.6000,3764.6000,3765.2000,3765.4000,3767.0000,1,1,1,1,7,1,1,1,1,2
SF,IF2007,2020-05-27 14:08:00.200,3764.4000,8449,0,2709487020.000,0,-,-,-,-,3762.8000,3762.6000,3762.4000,3762.0000,3761.0000,3764.6000,3765.2000,3765.4000,3767.0000,3767.2000,1,1,1,1,7,1,1,1,2,2
SF,IF2007,2020-05-27 14:08:00.700,3764.4000,8449,0,2709487020.000,0,-,-,-,-,3763.0000,3762.8000,3762.0000,3761.0000,3760.8000,3764.2000,3764.4000,3764.6000,3765.2000,3765.4000,1,1,1,7,1,2,4,1,1,1
SF,IF2007,2020-05-27 14:08:01.200,3764.4000,8449,0,2709487020.000,0,-,-,-,-,3763.2000,3763.0000,3762.8000,3762.0000,3761.0000,3764.2000,3764.4000,3764.6000,3765.2000,3765.4000,1,1,1,1,7,2,4,1,1,1
SF,IF2007,2020-05-27 14:08:01.700,3764.4000,8449,0,2709487020.000,0,-,-,-,-,3763.4000,3763.2000,3762.0000,3761.0000,3760.8000,3764.2000,3764.4000,3764.6000,3765.2000,3765.4000,1,1,1,7,1,1,1,1,1,1
SF,IF2007,2020-05-27 14:08:02.200,3764.4000,8449,0,2709487020.000,0,-,-,-,-,3763.4000,3762.0000,3761.0000,3760.8000,3760.2000,3764.4000,3764.6000,3765.2000,3765.4000,3767.0000,1,1,7,1,2,1,1,1,1,2
SF,IF2007,2020-05-27 14:08:16.700,3764.4000,8449,0,2709487020.000,0,-,-,-,-,3763.4000,3762.0000,3761.0000,3760.8000,3760.2000,3764.2000,3764.4000,3764.6000,3765.2000,3765.4000,1,1,7,1,2,2,1,1,1,1
SF,IF2007,2020-05-27 14:08:17.200,3764.4000,8449,0,2709487020.000,0,-,-,-,-,3762.0000,3761.0000,3760.8000,3760.2000,3760.0000,3764.2000,3764.4000,3764.6000,3765.2000,3765.4000,1,7,1,2,1,2,1,1,1,1
SF,IF2007,2020-05-27 14:08:17.700,3764.4000,8449,0,2709487020.000,0,-,-,-,-,3762.8000,3762.6000,3762.4000,3762.2000,3762.0000,3764.0000,3764.2000,3764.6000,3765.2000,3765.4000,1,2,1,6,3,1,2,1,1,1
SF,IF2007,2020-05-27 14:08:18.200,3764.4000,8449,0,2709487020.000,0,-,-,-,-,3763.0000,3762.8000,3762.6000,3762.4000,3762.2000,3764.0000,3764.2000,3764.6000,3765.2000,3765.4000,1,1,1,1,5,1,2,1,1,1
SF,IF2007,2020-05-27 14:08:19.700,3764.4000,8449,0,2709487020.000,0,-,-,-,-,3763.0000,3762.8000,3762.6000,3762.4000,3762.2000,3764.0000,3764.2000,3764.6000,3765.2000,3765.4000,1,1,1,1,5,1,2,1,1,1
SF,IF2007,2020-05-27 14:08:21.200,3764.4000,8449,0,2709487020.000,0,-,-,-,-,3763.0000,3762.8000,3762.6000,3762.4000,3762.2000,3764.0000,3764.2000,3764.6000,3765.2000,3765.4000,1,1,1,1,5,1,1,1,1,1
SF,IF2007,2020-05-27 14:08:23.700,3764.4000,8449,0,2709487020.000,0,-,-,-,-,3763.0000,3762.8000,3762.6000,3762.4000,3762.2000,3764.0000,3764.2000,3764.6000,3765.2000,3765.4000,1,1,1,1,5,1,1,1,1,1
SF,IF2007,2020-05-27 14:08:32.700,3764.4000,8449,0,2709487020.000,0,-,-,-,-,3763.0000,3762.8000,3762.2000,3762.0000,3761.0000,3764.0000,3764.2000,3764.6000,3765.2000,3765.4000,1,1,3,2,7,1,1,1,1,1
SF,IF2007,2020-05-27 14:08:33.200,3764.4000,8449,0,2709487020.000,0,-,-,-,-,3763.0000,3762.8000,3762.2000,3762.0000,3761.0000,3764.0000,3764.2000,3764.6000,3765.2000,3765.4000,1,1,2,2,7,1,1,1,1,1
SF,IF2007,2020-05-27 14:08:33.700,3764.4000,8449,0,2709487020.000,0,-,-,-,-,3763.0000,3762.8000,3762.2000,3762.0000,3761.0000,3764.0000,3764.2000,3764.6000,3765.2000,3765.4000,1,1,1,2,7,1,1,1,1,1
SF,IF2007,2020-05-27 14:08:43.200,3764.4000,8449,0,2709487020.000,0,-,-,-,-,3763.0000,3762.8000,3762.2000,3762.0000,3761.0000,3763.8000,3764.0000,3764.2000,3764.6000,3765.2000,1,1,1,2,7,1,1,1,1,1
SF,IF2007,2020-05-27 14:08:47.700,3764.4000,8449,0,2709487020.000,0,-,-,-,-,3763.0000,3762.8000,3762.2000,3762.0000,3761.0000,3764.0000,3764.2000,3764.6000,3765.2000,3765.4000,1,1,1,2,7,1,1,1,1,1
SF,IF2007,2020-05-27 14:08:48.200,3764.4000,8449,0,2709487020.000,0,-,-,-,-,3763.2000,3763.0000,3762.8000,3762.2000,3762.0000,3764.2000,3764.6000,3765.2000,3765.4000,3767.0000,1,1,1,1,2,1,1,1,1,2
SF,IF2007,2020-05-27 14:08:51.200,3764.4000,8449,0,2709487020.000,0,-,-,-,-,3763.2000,3763.0000,3762.2000,3762.0000,3761.0000,3764.2000,3764.6000,3765.2000,3765.4000,3767.0000,1,1,1,2,7,1,1,1,1,2
SF,IF2007,2020-05-27 14:08:56.200,3764.4000,8449,0,2709487020.000,0,-,-,-,-,3763.2000,3763.0000,3762.2000,3762.0000,3761.0000,3764.0000,3764.2000,3764.6000,3765.2000,3765.4000,1,1,1,2,7,1,1,1,1,1
SF,IF2007,2020-05-27 14:08:56.700,3764.4000,8449,0,2709487020.000,0,-,-,-,-,3763.2000,3763.0000,3762.2000,3762.0000,3761.0000,3764.0000,3764.2000,3764.6000,3765.2000,3765.4000,1,1,1,2,7,2,1,1,1,1
SF,IF2007,2020-05-27 14:08:57.200,3763.2000,8449,0,2710615980.000,1,0,1,多换,S,3763.0000,3762.2000,3762.0000,3761.0000,3760.8000,3764.0000,3764.2000,3764.6000,3765.2000,3765.4000,1,1,2,7,1,2,1,1,1,1
SF,IF2007,2020-05-27 14:09:02.200,3763.2000,8449,0,2710615980.000,0,-,-,-,-,3763.0000,3762.2000,3762.0000,3761.0000,3760.8000,3764.0000,3764.2000,3764.6000,3765.2000,3765.4000,1,1,2,7,1,1,1,1,1,1
SF,IF2007,2020-05-27 14:09:02.700,3763.2000,8449,0,2710615980.000,0,-,-,-,-,3763.0000,3762.2000,3762.0000,3761.0000,3760.8000,3764.2000,3764.6000,3765.2000,3765.4000,3767.0000,1,1,2,7,1,1,1,1,1,2
SF,IF2007,2020-05-27 14:09:03.200,3763.2000,8449,0,2710615980.000,0,-,-,-,-,3763.2000,3763.0000,3762.2000,3762.0000,3761.0000,3764.0000,3764.2000,3764.6000,3765.2000,3765.4000,1,1,1,2,7,1,1,1,1,1
SF,IF2007,2020-05-27 14:09:03.700,3763.2000,8449,0,2710615980.000,0,-,-,-,-,3763.0000,3762.2000,3762.0000,3761.0000,3760.8000,3764.0000,3764.2000,3764.6000,3765.2000,3765.4000,1,1,2,7,1,1,1,1,1,1
SF,IF2007,2020-05-27 14:09:07.700,3763.2000,8449,0,2710615980.000,0,-,-,-,-,3763.0000,3762.2000,3762.0000,3761.0000,3760.8000,3763.8000,3764.0000,3764.2000,3764.6000,3765.2000,1,1,2,7,1,1,1,1,1,1
SF,IF2007,2020-05-27 14:09:13.200,3763.0000,8450,1,2711744880.000,1,1,0,双开,S,3762.2000,3762.0000,3761.0000,3760.8000,3760.2000,3763.8000,3764.0000,3764.2000,3764.6000,3765.2000,1,2,7,1,2,1,1,1,1,1
SF,IF2007,2020-05-27 14:09:13.700,3763.0000,8450,0,2711744880.000,0,-,-,-,-,3762.6000,3762.4000,3762.2000,3762.0000,3761.0000,3763.6000,3763.8000,3764.2000,3764.6000,3765.2000,2,3,2,1,7,2,1,1,1,1
SF,IF2007,2020-05-27 14:09:14.200,3763.0000,8450,0,2711744880.000,0,-,-,-,-,3762.6000,3762.4000,3762.2000,3762.0000,3761.0000,3763.6000,3763.8000,3764.2000,3764.6000,3765.2000,2,3,1,1,7,2,1,1,1,1
SF,IF2007,2020-05-27 14:09:15.700,3763.0000,8450,0,2711744880.000,0,-,-,-,-,3762.6000,3762.4000,3762.2000,3762.0000,3761.0000,3763.6000,3764.2000,3764.6000,3765.2000,3765.4000,2,3,1,1,7,2,1,1,1,1
SF,IF2007,2020-05-27 14:09:19.700,3762.6000,8452,2,2714002440.000,2,2,0,双开,S,3762.4000,3762.2000,3762.0000,3761.0000,3760.8000,3762.6000,3763.6000,3764.2000,3764.6000,3765.2000,3,1,1,7,1,1,2,1,1,1
SF,IF2007,2020-05-27 14:09:20.200,3762.6000,8453,1,2715131220.000,1,1,0,双开,S,3762.8000,3762.4000,3762.2000,3762.0000,3761.0000,3763.6000,3764.2000,3764.6000,3765.2000,3765.4000,1,3,1,1,7,1,1,1,1,1
SF,IF2007,2020-05-27 14:09:20.700,3762.6000,8453,0,2715131220.000,0,-,-,-,-,3762.4000,3762.2000,3762.0000,3761.0000,3760.8000,3763.6000,3764.2000,3764.6000,3765.2000,3765.4000,3,1,1,7,1,1,1,1,1,1
SF,IF2007,2020-05-27 14:09:21.700,3762.6000,8453,0,2715131220.000,0,-,-,-,-,3762.4000,3762.2000,3762.0000,3761.0000,3760.8000,3763.4000,3763.6000,3764.2000,3764.6000,3765.2000,3,1,1,7,1,1,1,1,1,1
SF,IF2007,2020-05-27 14:09:22.200,3762.6000,8453,0,2715131220.000,0,-,-,-,-,3762.6000,3762.4000,3762.2000,3762.0000,3761.0000,3763.2000,3763.4000,3764.2000,3764.6000,3765.2000,1,3,1,1,7,1,1,1,1,1
SF,IF2007,2020-05-27 14:09:25.700,3762.6000,8453,0,2715131220.000,0,-,-,-,-,3762.6000,3762.4000,3762.2000,3762.0000,3761.0000,3763.2000,3763.4000,3764.2000,3764.6000,3765.2000,1,2,1,1,7,1,1,1,1,1
SF,IF2007,2020-05-27 14:09:27.200,3762.6000,8453,0,2715131220.000,0,-,-,-,-,3762.4000,3762.2000,3762.0000,3761.0000,3760.8000,3763.2000,3763.4000,3764.2000,3764.6000,3765.2000,2,1,1,7,1,1,1,1,1,1
SF,IF2007,2020-05-27 14:09:29.700,3762.6000,8453,0,2715131220.000,0,-,-,-,-,3762.4000,3762.2000,3762.0000,3761.0000,3760.8000,3763.0000,3763.2000,3764.2000,3764.6000,3765.2000,1,1,1,7,1,1,1,1,1,1
SF,IF2007,2020-05-27 14:09:30.200,3762.6000,8453,0,2715131220.000,0,-,-,-,-,3762.0000,3761.0000,3760.8000,3760.2000,3760.0000,3763.0000,3763.2000,3764.2000,3764.6000,3765.2000,1,7,1,2,1,1,1,1,1,1
SF,IF2007,2020-05-27 14:09:30.700,3762.6000,8453,0,2715131220.000,0,-,-,-,-,3762.0000,3761.0000,3760.8000,3760.2000,3760.0000,3762.6000,3762.8000,3764.2000,3764.6000,3765.2000,1,7,1,2,1,1,1,1,1,1
SF,IF2007,2020-05-27 14:09:31.700,3762.6000,8453,0,2715131220.000,0,-,-,-,-,3761.0000,3760.8000,3760.2000,3760.0000,3759.8000,3762.6000,3762.8000,3764.2000,3764.6000,3765.2000,7,1,2,1,2,1,1,1,1,1
SF,IF2007,2020-05-27 14:09:32.200,3762.6000,8453,0,2715131220.000,0,-,-,-,-,3761.6000,3761.4000,3761.2000,3761.0000,3760.8000,3762.4000,3762.6000,3764.2000,3764.6000,3765.2000,1,2,8,8,1,1,1,1,1,1
SF,IF2007,2020-05-27 14:09:37.200,3762.6000,8453,0,2715131220.000,0,-,-,-,-,3761.8000,3761.6000,3761.4000,3761.2000,3761.0000,3762.4000,3762.6000,3764.2000,3764.6000,3765.2000,1,1,2,8,8,1,1,1,1,1
SF,IF2007,2020-05-27 14:09:37.700,3762.6000,8453,0,2715131220.000,0,-,-,-,-,3761.8000,3761.6000,3761.4000,3761.2000,3761.0000,3762.6000,3764.2000,3764.6000,3765.2000,3765.4000,1,1,2,8,8,1,1,1,1,1
SF,IF2007,2020-05-27 14:09:40.200,3762.6000,8453,0,2715131220.000,0,-,-,-,-,3761.8000,3761.6000,3761.4000,3761.2000,3761.0000,3762.6000,3764.2000,3764.6000,3765.2000,3765.4000,1,1,2,8,8,1,1,1,1,1
SF,IF2007,2020-05-27 14:09:44.200,3762.6000,8453,0,2715131220.000,0,-,-,-,-,3762.0000,3761.8000,3761.6000,3761.4000,3761.2000,3762.6000,3764.2000,3764.6000,3765.2000,3765.4000,1,1,1,2,8,1,1,1,1,1
SF,IF2007,2020-05-27 14:09:49.200,3762.6000,8453,0,2715131220.000,0,-,-,-,-,3762.0000,3761.6000,3761.4000,3761.2000,3761.0000,3762.4000,3762.6000,3764.2000,3764.6000,3765.2000,1,1,2,8,8,1,1,1,1,1
SF,IF2007,2020-05-27 14:09:50.200,3762.6000,8453,0,2715131220.000,0,-,-,-,-,3762.0000,3761.6000,3761.4000,3761.2000,3761.0000,3762.2000,3762.4000,3764.2000,3764.6000,3765.2000,1,1,2,8,8,1,1,1,1,1
SF,IF2007,2020-05-27 14:09:51.200,3762.2000,8454,1,2716259880.000,1,1,0,双开,S,3762.0000,3761.6000,3761.4000,3761.2000,3761.0000,3762.4000,3764.2000,3764.6000,3765.2000,3765.4000,1,1,1,8,8,1,1,1,1,1
SF,IF2007,2020-05-27 14:09:51.700,3762.0000,8455,1,2717388480.000,1,1,0,双开,S,3761.6000,3761.4000,3761.2000,3761.0000,3760.8000,3762.0000,3764.2000,3764.6000,3765.2000,3765.4000,1,1,8,8,1,5,1,1,1,1
SF,IF2007,2020-05-27 14:09:54.200,3762.0000,8456,1,2718517080.000,1,1,0,双开,S,3761.6000,3761.4000,3761.2000,3761.0000,3760.8000,3762.0000,3764.2000,3764.6000,3765.2000,3765.4000,1,1,8,8,1,4,1,1,1,1
SF,IF2007,2020-05-27 14:10:01.200,3762.0000,8456,0,2719645680.000,1,0,1,多换,S,3761.4000,3761.2000,3761.0000,3760.8000,3760.2000,3762.0000,3764.2000,3764.6000,3765.2000,3765.4000,1,8,8,1,2,3,1,1,1,1
SF,IF2007,2020-05-27 14:10:01.700,3762.0000,8458,2,2721902880.000,2,2,0,双开,S,3761.6000,3761.4000,3761.2000,3761.0000,3760.8000,3762.0000,3764.2000,3764.6000,3765.2000,3765.4000,1,1,7,8,1,1,1,1,1,1
SF,IF2007,2020-05-27 14:10:02.200,3762.0000,8459,1,2723031480.000,1,1,0,双开,S,3762.2000,3761.6000,3761.4000,3761.2000,3761.0000,3764.2000,3764.6000,3765.2000,3765.4000,3766.8000,1,1,1,5,8,1,1,1,1,1
SF,IF2007,2020-05-27 14:10:02.700,3762.0000,8459,0,2723031480.000,0,-,-,-,-,3762.4000,3761.6000,3761.4000,3761.2000,3761.0000,3763.0000,3763.4000,3763.8000,3764.0000,3764.2000,1,1,1,5,8,1,1,4,5,3
SF,IF2007,2020-05-27 14:10:03.200,3762.4000,8458,-1,2724160200.000,1,0,1,双平,S,3761.6000,3761.4000,3761.2000,3761.0000,3760.8000,3762.8000,3763.8000,3764.0000,3764.2000,3764.6000,1,1,5,8,1,2,2,2,3,1
SF,IF2007,2020-05-27 14:10:03.700,3762.4000,8458,0,2724160200.000,0,-,-,-,-,3761.6000,3761.4000,3761.2000,3761.0000,3760.8000,3762.6000,3762.8000,3763.8000,3764.0000,3764.2000,1,1,5,8,1,1,2,2,2,3
SF,IF2007,2020-05-27 14:10:04.200,3762.4000,8458,0,2724160200.000,0,-,-,-,-,3761.4000,3761.2000,3761.0000,3760.8000,3760.2000,3762.4000,3762.6000,3762.8000,3763.8000,3764.0000,1,5,8,1,2,1,1,1,2,2
SF,IF2007,2020-05-27 14:10:06.200,3762.4000,8458,0,2724160200.000,0,-,-,-,-,3761.6000,3761.4000,3761.2000,3761.0000,3760.8000,3762.4000,3762.6000,3762.8000,3763.8000,3764.0000,3,1,5,8,1,1,1,1,2,2
SF,IF2007,2020-05-27 14:10:06.700,3762.4000,8458,0,2724160200.000,0,-,-,-,-,3761.6000,3761.4000,3761.2000,3761.0000,3760.8000,3762.4000,3762.6000,3762.8000,3763.8000,3764.0000,2,1,5,8,1,1,1,1,2,2
SF,IF2007,2020-05-27 14:10:07.200,3762.4000,8458,0,2724160200.000,0,-,-,-,-,3761.6000,3761.4000,3761.2000,3761.0000,3760.8000,3762.4000,3762.6000,3762.8000,3763.8000,3764.0000,3,1,5,8,1,1,1,1,2,2
SF,IF2007,2020-05-27 14:10:08.200,3762.4000,8458,0,2724160200.000,0,-,-,-,-,3761.8000,3761.6000,3761.4000,3761.2000,3761.0000,3762.4000,3762.6000,3762.8000,3763.8000,3764.0000,1,3,1,5,8,1,1,1,2,2
SF,IF2007,2020-05-27 14:10:08.700,3762.4000,8458,0,2724160200.000,0,-,-,-,-,3761.8000,3761.6000,3761.4000,3761.2000,3761.0000,3762.4000,3762.6000,3762.8000,3763.8000,3764.0000,1,2,1,3,8,1,1,1,2,2
SF,IF2007,2020-05-27 14:10:14.200,3762.4000,8458,0,2724160200.000,0,-,-,-,-,3761.8000,3761.6000,3761.4000,3761.2000,3761.0000,3762.4000,3762.6000,3762.8000,3763.8000,3764.0000,1,2,1,3,8,1,1,2,2,2
SF,IF2007,2020-05-27 14:10:18.200,3762.4000,8458,0,2724160200.000,0,-,-,-,-,3761.6000,3761.4000,3761.2000,3761.0000,3760.8000,3762.4000,3762.6000,3762.8000,3763.8000,3764.0000,2,1,3,8,1,1,1,2,2,2
SF,IF2007,2020-05-27 14:10:18.700,3762.4000,8458,0,2724160200.000,0,-,-,-,-,3761.6000,3761.4000,3761.2000,3761.0000,3760.8000,3762.4000,3762.6000,3762.8000,3763.8000,3764.0000,2,1,1,8,1,1,1,2,2,2
SF,IF2007,2020-05-27 14:10:19.200,3762.4000,8458,0,2724160200.000,0,-,-,-,-,3761.6000,3761.0000,3760.8000,3760.2000,3760.0000,3762.4000,3762.6000,3762.8000,3763.8000,3764.0000,1,8,1,2,1,1,1,2,2,2
SF,IF2007,2020-05-27 14:10:28.200,3761.6000,8458,0,2725288680.000,1,0,1,多换,S,3761.0000,3760.8000,3760.2000,3760.0000,3759.8000,3762.4000,3762.6000,3762.8000,3763.8000,3764.0000,8,1,2,1,2,1,1,2,2,2
SF,IF2007,2020-05-27 14:10:28.700,3761.6000,8458,0,2725288680.000,0,-,-,-,-,3761.0000,3760.8000,3760.2000,3760.0000,3759.8000,3762.2000,3762.4000,3762.8000,3763.8000,3764.0000,7,1,2,1,2,1,1,2,2,2
SF,IF2007,2020-05-27 14:10:29.200,3761.6000,8458,0,2725288680.000,0,-,-,-,-,3761.0000,3760.8000,3760.2000,3760.0000,3759.8000,3762.0000,3762.2000,3762.8000,3763.8000,3764.0000,7,1,2,1,2,1,1,2,2,2
SF,IF2007,2020-05-27 14:10:31.200,3761.6000,8458,0,2725288680.000,0,-,-,-,-,3761.2000,3761.0000,3760.8000,3760.2000,3760.0000,3762.0000,3762.2000,3762.8000,3763.8000,3764.0000,1,7,1,2,1,1,1,2,2,2
SF,IF2007,2020-05-27 14:10:35.200,3761.6000,8458,0,2725288680.000,0,-,-,-,-,3761.2000,3761.0000,3760.8000,3760.2000,3760.0000,3762.0000,3762.2000,3762.8000,3763.8000,3764.0000,1,7,1,1,1,1,1,2,2,2
SF,IF2007,2020-05-27 14:10:37.700,3761.6000,8458,0,2725288680.000,0,-,-,-,-,3761.0000,3760.8000,3760.2000,3760.0000,3759.8000,3762.0000,3762.2000,3762.8000,3763.8000,3764.0000,7,1,1,1,2,1,1,2,2,2
SF,IF2007,2020-05-27 14:10:41.700,3762.0000,8458,0,2726417280.000,1,0,1,多换,S,3761.0000,3760.8000,3760.2000,3760.0000,3759.8000,3762.2000,3762.8000,3763.8000,3764.0000,3764.2000,7,1,1,1,2,1,2,2,2,3
SF,IF2007,2020-05-27 14:10:42.200,3762.0000,8458,0,2726417280.000,0,-,-,-,-,3761.0000,3760.8000,3760.2000,3760.0000,3759.8000,3762.0000,3762.2000,3762.8000,3763.8000,3764.0000,7,1,1,1,2,2,1,2,2,2
SF,IF2007,2020-05-27 14:10:43.200,3762.0000,8458,0,2726417280.000,0,-,-,-,-,3761.0000,3760.8000,3760.2000,3760.0000,3758.0000,3762.0000,3762.2000,3762.8000,3763.8000,3764.0000,7,1,1,1,4,2,1,2,2,2
SF,IF2007,2020-05-27 14:10:46.700,3762.0000,8458,0,2726417280.000,0,-,-,-,-,3761.0000,3760.8000,3760.2000,3760.0000,3758.0000,3761.8000,3762.0000,3762.8000,3763.8000,3764.0000,7,1,1,1,4,1,2,2,2,2
SF,IF2007,2020-05-27 14:10:47.700,3762.0000,8458,0,2726417280.000,0,-,-,-,-,3761.0000,3760.8000,3760.2000,3760.0000,3758.0000,3761.8000,3762.0000,3762.8000,3763.8000,3764.0000,7,1,1,1,4,1,1,2,2,2
SF,IF2007,2020-05-27 14:10:48.200,3761.8000,8459,1,2727545820.000,1,1,0,双开,S,3761.2000,3761.0000,3760.8000,3760.2000,3760.0000,3762.8000,3763.8000,3764.0000,3764.2000,3764.6000,1,7,1,1,1,2,2,2,3,1
SF,IF2007,2020-05-27 14:10:48.700,3761.8000,8459,0,2727545820.000,0,-,-,-,-,3761.2000,3761.0000,3760.8000,3760.2000,3760.0000,3762.4000,3762.6000,3762.8000,3763.8000,3764.0000,1,7,1,1,1,1,3,2,2,2
SF,IF2007,2020-05-27 14:10:49.200,3761.8000,8459,0,2727545820.000,0,-,-,-,-,3761.2000,3761.0000,3760.8000,3760.2000,3760.0000,3762.2000,3762.4000,3762.6000,3762.8000,3763.8000,1,7,1,1,1,1,1,2,2,2
SF,IF2007,2020-05-27 14:10:54.200,3761.8000,8459,0,2727545820.000,0,-,-,-,-,3761.2000,3761.0000,3760.8000,3760.2000,3760.0000,3762.2000,3762.4000,3762.8000,3763.8000,3764.0000,1,7,1,1,1,1,1,2,2,2
SF,IF2007,2020-05-27 14:10:54.700,3761.8000,8459,0,2727545820.000,0,-,-,-,-,3761.2000,3761.0000,3760.8000,3760.2000,3760.0000,3762.2000,3762.4000,3762.8000,3763.8000,3764.0000,1,7,1,1,1,1,1,2,2,2
SF,IF2007,2020-05-27 14:10:56.200,3761.8000,8459,0,2727545820.000,0,-,-,-,-,3761.6000,3761.4000,3761.2000,3761.0000,3760.8000,3762.2000,3762.8000,3763.8000,3764.0000,3764.2000,1,2,1,7,1,1,2,2,2,3
SF,IF2007,2020-05-27 14:10:56.700,3762.2000,8460,1,2728674480.000,1,1,0,双开,S,3761.6000,3761.4000,3761.2000,3761.0000,3760.8000,3762.8000,3763.8000,3764.0000,3764.2000,3764.6000,1,2,1,7,1,2,2,2,3,1
SF,IF2007,2020-05-27 14:10:57.200,3762.2000,8460,0,2728674480.000,0,-,-,-,-,3761.8000,3761.6000,3761.4000,3761.0000,3760.8000,3762.8000,3763.8000,3764.0000,3764.2000,3764.6000,1,1,2,7,1,2,2,2,3,1
SF,IF2007,2020-05-27 14:10:58.200,3762.2000,8460,0,2728674480.000,0,-,-,-,-,3761.8000,3761.6000,3761.4000,3761.0000,3760.8000,3762.8000,3763.8000,3764.0000,3764.2000,3764.6000,1,1,1,7,1,2,2,2,3,1
SF,IF2007,2020-05-27 14:10:58.700,3762.2000,8460,0,2728674480.000,0,-,-,-,-,3761.8000,3761.6000,3761.4000,3761.0000,3760.8000,3762.8000,3763.8000,3764.0000,3764.2000,3764.6000,1,1,1,7,1,2,1,2,3,1
SF,IF2007,2020-05-27 14:10:59.200,3762.2000,8460,0,2728674480.000,0,-,-,-,-,3761.8000,3761.6000,3761.4000,3761.0000,3760.8000,3762.4000,3762.6000,3762.8000,3763.8000,3764.0000,1,1,1,7,1,1,1,2,1,2
SF,IF2007,2020-05-27 14:10:59.700,3762.2000,8460,0,2728674480.000,0,-,-,-,-,3761.8000,3761.4000,3761.0000,3760.8000,3760.2000,3762.4000,3762.8000,3763.8000,3764.0000,3764.2000,1,1,7,1,1,1,2,1,2,3
SF,IF2007,2020-05-27 14:11:01.200,3762.4000,8461,1,2729803200.000,1,1,0,双开,S,3762.0000,3761.8000,3761.0000,3760.8000,3760.2000,3762.8000,3763.8000,3764.0000,3764.2000,3764.6000,1,1,7,1,1,1,1,2,3,1
SF,IF2007,2020-05-27 14:11:01.700,3762.4000,8461,0,2729803200.000,0,-,-,-,-,3762.2000,3762.0000,3761.0000,3760.8000,3760.2000,3762.8000,3763.8000,3764.0000,3764.2000,3764.6000,1,1,7,1,1,1,1,2,2,1
SF,IF2007,2020-05-27 14:11:02.700,3762.4000,8461,0,2729803200.000,0,-,-,-,-,3762.2000,3761.0000,3760.8000,3760.2000,3760.0000,3762.8000,3763.8000,3764.0000,3764.2000,3764.6000,1,7,1,1,1,1,1,2,2,1
SF,IF2007,2020-05-27 14:11:03.200,3762.4000,8461,0,2729803200.000,0,-,-,-,-,3762.2000,3761.0000,3760.8000,3760.2000,3760.0000,3762.8000,3763.8000,3764.0000,3764.2000,3764.6000,1,7,1,1,1,1,1,2,2,1
SF,IF2007,2020-05-27 14:11:07.200,3762.4000,8461,0,2729803200.000,0,-,-,-,-,3762.4000,3762.2000,3761.0000,3760.8000,3760.2000,3762.8000,3763.8000,3764.0000,3764.2000,3764.6000,1,1,7,1,1,1,1,2,2,1
SF,IF2007,2020-05-27 14:11:07.700,3762.8000,8462,1,2730932040.000,1,1,0,双开,S,3762.4000,3762.2000,3761.0000,3760.8000,3760.2000,3763.8000,3764.0000,3764.2000,3764.6000,3765.2000,1,1,7,1,1,1,2,1,1,1
SF,IF2007,2020-05-27 14:11:08.200,3762.8000,8462,0,2730932040.000,0,-,-,-,-,3762.6000,3762.4000,3761.0000,3760.8000,3760.2000,3763.6000,3764.0000,3764.2000,3764.6000,3765.2000,1,1,7,1,1,2,2,1,1,1
SF,IF2007,2020-05-27 14:11:08.700,3762.8000,8462,0,2730932040.000,0,-,-,-,-,3762.6000,3762.4000,3761.0000,3760.8000,3760.2000,3763.6000,3764.2000,3764.6000,3765.2000,3765.4000,1,1,7,1,1,1,1,1,1,1
SF,IF2007,2020-05-27 14:11:10.700,3762.8000,8462,0,2730932040.000,0,-,-,-,-,3762.8000,3762.6000,3761.0000,3760.8000,3760.2000,3763.8000,3764.2000,3764.6000,3765.2000,3765.4000,1,1,7,1,1,1,1,1,1,1
SF,IF2007,2020-05-27 14:11:11.200,3762.8000,8462,0,2730932040.000,0,-,-,-,-,3763.0000,3762.8000,3761.0000,3760.8000,3760.2000,3763.8000,3764.2000,3764.6000,3765.2000,3765.4000,1,1,7,1,1,1,1,1,1,1
SF,IF2007,2020-05-27 14:11:13.700,3763.8000,8462,0,2732061180.000,1,0,1,多换,S,3763.0000,3762.8000,3761.0000,3760.8000,3760.2000,3764.2000,3764.6000,3765.2000,3765.4000,3766.8000,1,1,7,1,1,1,1,1,1,1
SF,IF2007,2020-05-27 14:11:14.200,3763.8000,8462,0,2732061180.000,0,-,-,-,-,3763.2000,3763.0000,3761.0000,3760.8000,3760.2000,3764.2000,3764.6000,3765.2000,3765.4000,3766.8000,2,1,7,1,1,1,1,1,1,1
SF,IF2007,2020-05-27 14:11:14.700,3763.8000,8462,0,2732061180.000,0,-,-,-,-,3763.4000,3763.2000,3761.0000,3760.8000,3760.2000,3764.2000,3764.6000,3765.2000,3765.4000,3766.8000,1,2,7,1,1,2,1,1,1,1
SF,IF2007,2020-05-27 14:11:15.700,3763.8000,8462,0,2732061180.000,0,-,-,-,-,3763.4000,3763.2000,3761.0000,3760.8000,3760.2000,3764.2000,3764.6000,3765.2000,3765.4000,3766.8000,1,1,7,1,1,2,1,1,1,1
SF,IF2007,2020-05-27 14:11:20.200,3763.4000,8462,0,2733190200.000,1,0,1,多换,S,3763.2000,3761.0000,3760.8000,3760.2000,3760.0000,3764.2000,3764.6000,3765.2000,3765.4000,3766.8000,1,7,1,1,1,2,1,1,1,1
SF,IF2007,2020-05-27 14:11:20.700,3763.4000,8462,0,2733190200.000,0,-,-,-,-,3763.2000,3761.0000,3760.8000,3760.2000,3760.0000,3764.0000,3764.2000,3764.6000,3765.2000,3765.4000,1,7,1,1,1,1,2,1,1,1
SF,IF2007,2020-05-27 14:11:21.200,3763.4000,8462,0,2733190200.000,0,-,-,-,-,3763.2000,3761.0000,3760.8000,3760.2000,3760.0000,3764.0000,3764.2000,3764.6000,3765.2000,3765.4000,1,7,1,1,1,1,1,1,1,1
SF,IF2007,2020-05-27 14:11:21.700,3763.4000,8462,0,2733190200.000,0,-,-,-,-,3763.2000,3761.0000,3760.8000,3760.2000,3760.0000,3763.8000,3764.0000,3764.2000,3764.6000,3765.2000,1,7,1,1,1,1,1,1,1,1
SF,IF2007,2020-05-27 14:11:25.200,3763.8000,8464,2,2735448480.000,2,2,0,双开,S,3763.2000,3761.0000,3760.8000,3760.2000,3760.0000,3763.6000,3764.0000,3764.2000,3764.6000,3765.2000,1,7,1,1,1,1,1,1,1,1
SF,IF2007,2020-05-27 14:11:25.700,3763.8000,8464,0,2735448480.000,0,-,-,-,-,3763.2000,3761.0000,3760.8000,3760.2000,3760.0000,3763.6000,3764.0000,3764.2000,3764.6000,3765.2000,1,7,1,1,1,1,1,1,1,1
SF,IF2007,2020-05-27 14:11:26.200,3763.2000,8465,1,2736577440.000,1,1,0,双开,S,3761.0000,3760.8000,3760.2000,3760.0000,3758.0000,3763.6000,3764.0000,3764.2000,3764.6000,3765.2000,7,1,1,1,4,1,1,1,1,1
SF,IF2007,2020-05-27 14:11:26.700,3763.2000,8465,0,2736577440.000,0,-,-,-,-,3762.4000,3762.2000,3762.0000,3761.8000,3761.6000,3763.4000,3763.6000,3764.0000,3764.2000,3764.6000,2,1,5,1,2,1,1,1,1,1
SF,IF2007,2020-05-27 14:11:27.200,3763.2000,8465,0,2736577440.000,0,-,-,-,-,3762.4000,3762.2000,3761.8000,3761.6000,3761.4000,3763.4000,3764.0000,3764.2000,3764.6000,3765.2000,2,1,1,2,1,1,1,1,1,1
SF,IF2007,2020-05-27 14:11:27.700,3763.2000,8465,0,2736577440.000,0,-,-,-,-,3762.4000,3762.2000,3761.8000,3761.6000,3761.4000,3763.4000,3764.0000,3764.2000,3764.6000,3765.2000,2,1,1,1,1,2,1,1,1,1
SF,IF2007,2020-05-27 14:11:28.200,3763.2000,8465,0,2736577440.000,0,-,-,-,-,3762.4000,3761.8000,3761.4000,3761.2000,3761.0000,3763.2000,3763.4000,3764.0000,3764.2000,3764.6000,1,1,1,8,8,1,2,1,1,1
SF,IF2007,2020-05-27 14:11:28.700,3763.2000,8465,0,2736577440.000,0,-,-,-,-,3762.4000,3761.8000,3761.4000,3761.2000,3761.0000,3763.2000,3763.4000,3764.0000,3764.2000,3764.6000,1,1,1,8,8,1,1,1,1,1
SF,IF2007,2020-05-27 14:11:29.200,3763.2000,8465,0,2736577440.000,0,-,-,-,-,3762.4000,3761.4000,3761.2000,3761.0000,3760.8000,3763.2000,3763.4000,3764.0000,3764.2000,3764.6000,1,1,8,8,1,1,1,1,1,1
SF,IF2007,2020-05-27 14:11:29.700,3763.2000,8465,0,2736577440.000,0,-,-,-,-,3762.4000,3761.4000,3761.2000,3761.0000,3760.8000,3763.2000,3763.4000,3764.2000,3764.6000,3765.2000,1,1,8,8,1,2,1,1,1,1
SF,IF2007,2020-05-27 14:11:32.200,3763.2000,8465,0,2736577440.000,0,-,-,-,-,3762.6000,3762.4000,3761.4000,3761.2000,3761.0000,3763.2000,3763.4000,3764.2000,3764.6000,3765.2000,1,1,1,8,8,2,1,1,1,1
SF,IF2007,2020-05-27 14:11:32.700,3763.2000,8465,0,2736577440.000,0,-,-,-,-,3762.6000,3762.4000,3761.4000,3761.2000,3761.0000,3763.2000,3763.4000,3764.2000,3764.6000,3765.2000,1,1,1,8,8,1,1,1,1,1
SF,IF2007,2020-05-27 14:11:34.200,3763.2000,8465,0,2736577440.000,0,-,-,-,-,3762.4000,3761.4000,3761.2000,3761.0000,3760.8000,3763.2000,3763.4000,3764.2000,3764.6000,3765.2000,1,1,8,8,1,1,1,1,1,1
SF,IF2007,2020-05-27 14:11:43.200,3763.2000,8465,0,2736577440.000,0,-,-,-,-,3761.4000,3761.2000,3761.0000,3760.8000,3760.2000,3763.2000,3763.4000,3764.2000,3764.6000,3765.2000,1,8,8,1,1,1,1,1,1,1
SF,IF2007,2020-05-27 14:11:43.700,3763.2000,8465,0,2736577440.000,0,-,-,-,-,3762.0000,3761.8000,3761.6000,3761.4000,3761.2000,3763.2000,3763.4000,3764.2000,3764.6000,3765.2000,1,1,2,1,8,2,1,1,1,1
SF,IF2007,2020-05-27 14:11:44.200,3763.2000,8465,0,2736577440.000,0,-,-,-,-,3762.0000,3761.8000,3761.6000,3761.4000,3761.2000,3762.8000,3763.4000,3764.2000,3764.6000,3765.2000,1,1,2,1,8,1,1,1,1,1
SF,IF2007,2020-05-27 14:11:44.700,3763.2000,8465,0,2736577440.000,0,-,-,-,-,3762.0000,3761.8000,3761.6000,3761.2000,3761.0000,3762.8000,3763.4000,3764.2000,3764.6000,3765.2000,1,1,2,8,8,1,1,1,1,1
SF,IF2007,2020-05-27 14:11:45.700,3763.2000,8465,0,2736577440.000,0,-,-,-,-,3761.8000,3761.6000,3761.2000,3761.0000,3760.8000,3762.8000,3763.4000,3764.2000,3764.6000,3765.2000,1,2,8,8,1,1,1,1,1,1
SF,IF2007,2020-05-27 14:11:46.200,3763.2000,8465,0,2736577440.000,0,-,-,-,-,3761.8000,3761.6000,3761.2000,3761.0000,3760.8000,3762.8000,3763.2000,3763.4000,3764.2000,3764.6000,1,2,8,8,1,1,1,1,1,1
SF,IF2007,2020-05-27 14:11:50.200,3763.2000,8465,0,2736577440.000,0,-,-,-,-,3761.8000,3761.2000,3761.0000,3760.8000,3760.2000,3762.6000,3762.8000,3763.2000,3763.4000,3764.2000,1,6,8,1,1,1,1,1,1,1
SF,IF2007,2020-05-27 14:11:50.700,3763.2000,8465,0,2736577440.000,0,-,-,-,-,3761.8000,3761.2000,3761.0000,3760.8000,3760.2000,3762.4000,3762.6000,3763.4000,3764.2000,3764.6000,1,6,8,1,1,1,1,1,1,1
SF,IF2007,2020-05-27 14:11:51.200,3763.2000,8465,0,2736577440.000,0,-,-,-,-,3761.8000,3761.2000,3761.0000,3760.8000,3760.2000,3762.4000,3762.6000,3763.4000,3764.2000,3764.6000,1,4,8,1,1,1,1,1,1,1
SF,IF2007,2020-05-27 14:11:51.700,3762.6000,8467,2,2738834940.000,2,2,0,双开,S,3761.8000,3761.2000,3761.0000,3760.8000,3760.2000,3763.4000,3764.2000,3764.6000,3765.2000,3765.4000,1,4,8,1,1,1,1,1,1,1
SF,IF2007,2020-05-27 14:11:52.200,3762.6000,8467,0,2738834940.000,0,-,-,-,-,3762.0000,3761.8000,3761.2000,3761.0000,3760.8000,3763.2000,3763.4000,3764.2000,3764.6000,3765.2000,3,1,3,8,1,1,1,1,1,1
SF,IF2007,2020-05-27 14:11:54.200,3762.6000,8467,0,2738834940.000,0,-,-,-,-,3762.0000,3761.8000,3761.2000,3761.0000,3760.8000,3763.0000,3763.2000,3763.4000,3764.2000,3764.6000,1,1,3,8,1,1,1,1,1,1
SF,IF2007,2020-05-27 14:11:54.700,3762.6000,8467,0,2738834940.000,0,-,-,-,-,3761.8000,3761.2000,3761.0000,3760.8000,3760.2000,3762.6000,3762.8000,3763.0000,3763.2000,3764.2000,1,3,8,1,1,1,1,2,1,1
SF,IF2007,2020-05-27 14:11:55.200,3762.6000,8467,0,2738834940.000,0,-,-,-,-,3761.2000,3761.0000,3760.8000,3760.2000,3760.0000,3762.6000,3762.8000,3763.0000,3764.2000,3764.6000,3,8,1,1,1,1,1,1,1,1
SF,IF2007,2020-05-27 14:11:55.700,3762.6000,8467,0,2738834940.000,0,-,-,-,-,3761.4000,3761.2000,3761.0000,3760.8000,3760.2000,3762.4000,3762.6000,3763.0000,3764.2000,3764.6000,1,2,8,1,1,1,2,1,1,1
SF,IF2007,2020-05-27 14:11:56.200,3762.6000,8467,0,2738834940.000,0,-,-,-,-,3761.4000,3761.2000,3761.0000,3760.8000,3760.2000,3762.4000,3762.6000,3764.2000,3764.6000,3765.2000,1,2,8,1,1,1,2,1,1,1
SF,IF2007,2020-05-27 14:11:56.700,3762.6000,8467,0,2738834940.000,0,-,-,-,-,3761.4000,3761.2000,3761.0000,3760.8000,3760.2000,3762.4000,3762.6000,3764.2000,3764.6000,3765.2000,1,2,8,1,1,1,1,1,1,1
SF,IF2007,2020-05-27 14:11:57.200,3762.6000,8467,0,2738834940.000,0,-,-,-,-,3761.6000,3761.4000,3761.2000,3761.0000,3760.8000,3762.6000,3764.2000,3764.6000,3765.2000,3765.4000,1,1,2,8,1,1,1,1,1,1
SF,IF2007,2020-05-27 14:11:57.700,3762.6000,8467,0,2738834940.000,0,-,-,-,-,3761.6000,3761.4000,3761.2000,3761.0000,3760.8000,3762.6000,3763.2000,3764.2000,3764.6000,3765.2000,1,1,2,8,1,1,1,1,1,1
SF,IF2007,2020-05-27 14:12:01.200,3762.6000,8467,0,2738834940.000,0,-,-,-,-,3761.8000,3761.6000,3761.4000,3761.2000,3761.0000,3763.2000,3764.2000,3764.6000,3765.2000,3765.4000,2,1,1,2,8,1,1,1,1,1
SF,IF2007,2020-05-27 14:12:01.700,3762.6000,8467,0,2738834940.000,0,-,-,-,-,3762.0000,3761.2000,3761.0000,3760.8000,3760.2000,3762.8000,3763.0000,3764.2000,3764.6000,3765.2000,1,2,8,1,1,1,1,1,1,1
SF,IF2007,2020-05-27 14:12:05.200,3762.6000,8467,0,2738834940.000,0,-,-,-,-,3762.0000,3761.2000,3761.0000,3760.8000,3760.2000,3762.6000,3762.8000,3763.0000,3764.2000,3764.6000,1,2,8,1,1,1,1,1,1,1
SF,IF2007,2020-05-27 14:12:05.700,3762.6000,8467,0,2738834940.000,0,-,-,-,-,3761.2000,3761.0000,3760.8000,3760.2000,3760.0000,3762.6000,3762.8000,3763.0000,3764.2000,3764.6000,2,8,1,1,1,1,1,1,1,1
SF,IF2007,2020-05-27 14:12:06.200,3762.6000,8467,0,2738834940.000,0,-,-,-,-,3761.4000,3761.2000,3761.0000,3760.8000,3760.2000,3762.4000,3762.6000,3762.8000,3764.2000,3764.6000,1,2,8,1,1,1,2,1,1,1
SF,IF2007,2020-05-27 14:12:07.200,3762.6000,8467,0,2738834940.000,0,-,-,-,-,3761.4000,3761.0000,3760.8000,3760.2000,3760.0000,3762.4000,3762.6000,3764.2000,3764.6000,3765.2000,1,8,1,1,1,1,2,1,1,1
SF,IF2007,2020-05-27 14:12:08.200,3762.6000,8467,0,2738834940.000,0,-,-,-,-,3761.4000,3761.0000,3760.8000,3760.2000,3760.0000,3762.4000,3762.6000,3764.2000,3764.6000,3765.2000,1,7,1,1,1,1,2,1,1,1
SF,IF2007,2020-05-27 14:12:14.700,3762.6000,8467,0,2738834940.000,0,-,-,-,-,3761.6000,3761.4000,3761.0000,3760.8000,3760.2000,3762.4000,3762.6000,3764.2000,3764.6000,3765.2000,1,1,7,1,1,1,1,1,1,1
SF,IF2007,2020-05-27 14:12:15.200,3762.6000,8467,0,2738834940.000,0,-,-,-,-,3761.8000,3761.6000,3761.0000,3760.8000,3760.2000,3764.2000,3764.6000,3765.2000,3765.4000,3766.8000,1,1,7,1,1,1,1,1,1,1
SF,IF2007,2020-05-27 14:12:15.700,3762.6000,8467,0,2738834940.000,0,-,-,-,-,3762.0000,3761.8000,3761.6000,3761.0000,3760.8000,3763.2000,3763.6000,3763.8000,3764.0000,3764.2000,1,1,1,7,1,1,1,2,9,2
SF,IF2007,2020-05-27 14:12:16.200,3762.6000,8467,0,2738834940.000,0,-,-,-,-,3762.0000,3761.8000,3761.6000,3761.0000,3760.8000,3763.0000,3763.2000,3763.8000,3764.0000,3764.2000,1,1,1,7,1,1,1,2,4,2
SF,IF2007,2020-05-27 14:12:16.700,3762.6000,8467,0,2738834940.000,0,-,-,-,-,3761.6000,3761.0000,3760.8000,3760.2000,3760.0000,3762.8000,3763.0000,3763.2000,3763.8000,3764.0000,1,7,1,1,1,2,2,1,2,4
SF,IF2007,2020-05-27 14:12:17.200,3762.6000,8467,0,2738834940.000,0,-,-,-,-,3761.8000,3761.0000,3760.8000,3760.2000,3760.0000,3762.8000,3763.0000,3763.8000,3764.0000,3764.2000,1,7,1,1,1,2,1,2,3,2
SF,IF2007,2020-05-27 14:12:17.700,3762.6000,8467,0,2738834940.000,0,-,-,-,-,3761.8000,3761.0000,3760.8000,3760.2000,3760.0000,3762.6000,3762.8000,3763.0000,3763.8000,3764.0000,1,7,1,1,1,1,2,1,2,3
SF,IF2007,2020-05-27 14:12:23.200,3762.6000,8467,0,2738834940.000,0,-,-,-,-,3761.8000,3761.0000,3760.8000,3760.2000,3760.0000,3762.6000,3762.8000,3763.8000,3764.0000,3764.2000,1,7,1,1,1,1,2,2,3,2
SF,IF2007,2020-05-27 14:12:25.200,3762.6000,8467,0,2738834940.000,0,-,-,-,-,3761.8000,3761.0000,3760.8000,3760.2000,3760.0000,3762.6000,3762.8000,3763.8000,3764.0000,3764.2000,1,7,1,1,1,1,2,2,3,2
SF,IF2007,2020-05-27 14:12:36.200,3762.6000,8467,0,2738834940.000,0,-,-,-,-,3761.8000,3761.0000,3760.8000,3760.2000,3760.0000,3762.6000,3762.8000,3763.8000,3764.0000,3764.2000,1,7,1,1,1,1,1,2,2,1
SF,IF2007,2020-05-27 14:12:36.700,3762.6000,8467,0,2738834940.000,0,-,-,-,-,3761.8000,3761.0000,3760.8000,3760.2000,3760.0000,3762.6000,3763.8000,3764.0000,3764.2000,3764.6000,1,7,1,1,1,1,1,2,1,1
SF,IF2007,2020-05-27 14:12:37.200,3762.6000,8467,0,2738834940.000,0,-,-,-,-,3762.0000,3761.8000,3761.0000,3760.8000,3760.2000,3763.8000,3764.0000,3764.2000,3764.6000,3765.2000,1,1,7,1,1,1,2,1,1,1
SF,IF2007,2020-05-27 14:12:37.700,3762.6000,8467,0,2738834940.000,0,-,-,-,-,3762.2000,3762.0000,3761.0000,3760.8000,3760.2000,3763.4000,3763.6000,3763.8000,3764.0000,3764.2000,1,1,7,1,1,1,2,1,2,1
SF,IF2007,2020-05-27 14:12:38.200,3762.6000,8467,0,2738834940.000,0,-,-,-,-,3762.2000,3762.0000,3761.0000,3760.8000,3760.2000,3763.4000,3763.6000,3764.0000,3764.2000,3764.6000,1,1,7,1,1,1,1,2,1,1
SF,IF2007,2020-05-27 14:12:38.700,3762.6000,8467,0,2738834940.000,0,-,-,-,-,3762.2000,3762.0000,3761.0000,3760.8000,3760.2000,3763.2000,3763.4000,3763.6000,3764.0000,3764.2000,1,1,7,1,1,1,1,1,2,1
SF,IF2007,2020-05-27 14:12:43.700,3762.6000,8467,0,2738834940.000,0,-,-,-,-,3762.6000,3762.4000,3762.2000,3762.0000,3761.0000,3763.2000,3763.4000,3763.6000,3764.2000,3764.6000,1,1,1,1,7,1,1,1,1,1
SF,IF2007,2020-05-27 14:12:44.200,3762.6000,8467,0,2738834940.000,0,-,-,-,-,3762.6000,3762.4000,3762.2000,3762.0000,3761.0000,3763.6000,3764.2000,3764.6000,3765.2000,3765.4000,1,1,1,1,7,1,1,1,1,1
SF,IF2007,2020-05-27 14:12:44.700,3762.6000,8467,0,2738834940.000,0,-,-,-,-,3762.6000,3762.4000,3762.2000,3762.0000,3761.0000,3763.6000,3763.8000,3764.2000,3764.6000,3765.2000,1,1,1,1,7,1,1,1,1,1
SF,IF2007,2020-05-27 14:12:47.700,3762.6000,8467,0,2738834940.000,0,-,-,-,-,3762.6000,3762.4000,3762.2000,3762.0000,3761.0000,3763.4000,3763.6000,3763.8000,3764.2000,3764.6000,1,1,1,1,7,1,1,1,1,1
SF,IF2007,2020-05-27 14:12:48.200,3762.6000,8467,0,2738834940.000,0,-,-,-,-,3762.6000,3762.4000,3762.2000,3762.0000,3761.0000,3763.4000,3763.6000,3764.2000,3764.6000,3765.2000,1,1,1,1,7,1,1,1,1,1
SF,IF2007,2020-05-27 14:12:48.700,3762.6000,8467,0,2738834940.000,0,-,-,-,-,3762.4000,3762.2000,3762.0000,3761.0000,3760.8000,3763.4000,3763.6000,3764.2000,3764.6000,3765.2000,1,1,1,7,1,1,1,1,1,1
SF,IF2007,2020-05-27 14:12:58.200,3762.6000,8467,0,2738834940.000,0,-,-,-,-,3762.4000,3762.2000,3761.0000,3760.8000,3760.2000,3763.4000,3763.6000,3764.2000,3764.6000,3765.2000,1,1,7,1,1,1,1,1,1,1
SF,IF2007,2020-05-27 14:12:58.700,3762.6000,8467,0,2738834940.000,0,-,-,-,-,3762.4000,3762.2000,3761.0000,3760.8000,3760.2000,3763.2000,3763.4000,3764.2000,3764.6000,3765.2000,1,1,7,1,1,2,1,1,1,1
SF,IF2007,2020-05-27 14:12:59.200,3762.6000,8467,0,2738834940.000,0,-,-,-,-,3762.2000,3761.0000,3760.8000,3760.2000,3760.0000,3763.2000,3763.4000,3764.2000,3764.6000,3765.2000,1,7,1,1,1,2,1,1,1,1
SF,IF2007,2020-05-27 14:12:59.700,3762.6000,8467,0,2738834940.000,0,-,-,-,-,3762.2000,3761.0000,3760.8000,3760.2000,3760.0000,3763.2000,3763.4000,3764.2000,3764.6000,3765.2000,1,7,1,1,1,1,1,1,1,1
SF,IF2007,2020-05-27 14:13:00.200,3762.6000,8467,0,2738834940.000,0,-,-,-,-,3762.2000,3761.0000,3760.8000,3760.2000,3760.0000,3763.0000,3763.2000,3763.4000,3764.2000,3764.6000,1,7,1,1,1,1,1,1,1,1
SF,IF2007,2020-05-27 14:13:00.700,3762.6000,8467,0,2738834940.000,0,-,-,-,-,3762.4000,3762.2000,3761.0000,3760.8000,3760.2000,3763.0000,3763.2000,3763.4000,3764.2000,3764.6000,1,1,7,1,1,1,1,1,1,1
SF,IF2007,2020-05-27 14:13:02.700,3762.6000,8467,0,2738834940.000,0,-,-,-,-,3762.2000,3761.0000,3760.8000,3760.2000,3760.0000,3763.0000,3763.2000,3763.4000,3764.2000,3764.6000,1,7,1,1,1,1,1,1,1,1
SF,IF2007,2020-05-27 14:13:03.700,3762.6000,8467,0,2738834940.000,0,-,-,-,-,3762.2000,3761.0000,3760.8000,3760.2000,3760.0000,3763.0000,3763.2000,3763.4000,3764.2000,3764.6000,1,7,1,2,1,1,1,1,1,1
SF,IF2007,2020-05-27 14:13:07.200,3762.6000,8467,0,2738834940.000,0,-,-,-,-,3762.2000,3761.0000,3760.8000,3760.2000,3760.0000,3763.0000,3763.2000,3764.2000,3764.6000,3765.2000,1,7,1,2,1,1,1,1,1,1
SF,IF2007,2020-05-27 14:13:07.700,3762.2000,8467,0,2739963600.000,1,0,1,多换,S,3761.0000,3760.8000,3760.2000,3760.0000,3758.0000,3763.0000,3763.2000,3764.2000,3764.6000,3765.2000,7,1,2,1,4,1,1,1,1,1
SF,IF2007,2020-05-27 14:13:08.200,3762.2000,8467,0,2739963600.000,0,-,-,-,-,3761.8000,3761.6000,3761.4000,3761.2000,3761.0000,3762.8000,3763.0000,3764.2000,3764.6000,3765.2000,1,1,2,9,8,1,1,1,1,1
SF,IF2007,2020-05-27 14:13:08.700,3762.2000,8467,0,2739963600.000,0,-,-,-,-,3761.8000,3761.6000,3761.4000,3761.2000,3761.0000,3762.8000,3764.2000,3764.6000,3765.2000,3765.4000,1,1,2,9,8,1,1,1,1,1
SF,IF2007,2020-05-27 14:13:09.200,3762.2000,8467,0,2739963600.000,0,-,-,-,-,3761.8000,3761.6000,3761.4000,3761.2000,3761.0000,3762.8000,3763.4000,3764.2000,3764.6000,3765.2000,1,1,2,9,8,1,1,1,1,1
SF,IF2007,2020-05-27 14:13:19.700,3762.2000,8467,0,2739963600.000,0,-,-,-,-,3762.0000,3761.8000,3761.4000,3761.2000,3761.0000,3762.8000,3763.4000,3764.2000,3764.6000,3765.2000,2,1,2,9,8,1,1,1,1,1
SF,IF2007,2020-05-27 14:13:20.200,3762.2000,8467,0,2739963600.000,0,-,-,-,-,3762.0000,3761.8000,3761.4000,3761.2000,3761.0000,3762.8000,3763.4000,3764.2000,3764.6000,3765.2000,1,1,1,9,8,1,1,1,1,1
SF,IF2007,2020-05-27 14:13:24.200,3762.2000,8467,0,2739963600.000,0,-,-,-,-,3762.0000,3761.8000,3761.4000,3761.2000,3761.0000,3762.8000,3763.4000,3764.2000,3764.6000,3765.2000,1,1,1,9,8,1,1,1,1,1
SF,IF2007,2020-05-27 14:13:29.200,3762.2000,8467,0,2739963600.000,0,-,-,-,-,3762.2000,3762.0000,3761.8000,3761.4000,3761.2000,3762.8000,3763.4000,3764.2000,3764.6000,3765.2000,1,1,1,1,9,1,1,1,1,1
SF,IF2007,2020-05-27 14:13:29.700,3762.2000,8467,0,2739963600.000,0,-,-,-,-,3762.0000,3761.8000,3761.4000,3761.2000,3761.0000,3762.8000,3763.4000,3764.2000,3764.6000,3765.2000,1,1,1,9,8,1,1,1,1,1
SF,IF2007,2020-05-27 14:13:38.200,3762.2000,8467,0,2739963600.000,0,-,-,-,-,3762.2000,3762.0000,3761.8000,3761.4000,3761.2000,3762.8000,3763.4000,3764.2000,3764.6000,3765.2000,1,1,1,1,9,1,1,1,1,1
SF,IF2007,2020-05-27 14:13:38.700,3762.2000,8467,0,2739963600.000,0,-,-,-,-,3762.2000,3762.0000,3761.8000,3761.4000,3761.2000,3763.4000,3764.2000,3764.6000,3765.2000,3765.4000,1,1,1,1,9,1,1,1,1,1
SF,IF2007,2020-05-27 14:13:39.200,3762.2000,8467,0,2739963600.000,0,-,-,-,-,3762.2000,3762.0000,3761.8000,3761.4000,3761.2000,3763.2000,3764.2000,3764.6000,3765.2000,3765.4000,1,1,1,1,9,1,1,1,1,1
SF,IF2007,2020-05-27 14:13:39.700,3762.2000,8467,0,2739963600.000,0,-,-,-,-,3762.2000,3762.0000,3761.8000,3761.4000,3761.2000,3763.2000,3763.6000,3764.2000,3764.6000,3765.2000,1,1,1,1,9,1,1,1,1,1
SF,IF2007,2020-05-27 14:13:41.700,3762.2000,8467,0,2739963600.000,0,-,-,-,-,3762.0000,3761.8000,3761.4000,3761.2000,3761.0000,3763.2000,3763.6000,3764.2000,3764.6000,3765.2000,1,1,1,9,8,1,1,1,1,1
SF,IF2007,2020-05-27 14:13:42.200,3762.2000,8467,0,2739963600.000,0,-,-,-,-,3762.2000,3762.0000,3761.8000,3761.4000,3761.2000,3763.2000,3763.6000,3764.2000,3764.6000,3765.2000,3,1,1,1,8,1,1,1,1,1
SF,IF2007,2020-05-27 14:13:42.700,3762.2000,8467,0,2739963600.000,0,-,-,-,-,3762.4000,3762.2000,3761.4000,3761.2000,3761.0000,3763.2000,3763.6000,3764.2000,3764.6000,3765.2000,1,1,1,8,8,1,1,1,1,1
SF,IF2007,2020-05-27 14:13:44.700,3762.2000,8467,0,2739963600.000,0,-,-,-,-,3762.6000,3762.4000,3762.2000,3761.4000,3761.2000,3763.2000,3763.6000,3764.2000,3764.6000,3765.2000,1,1,1,1,8,1,1,1,1,1
SF,IF2007,2020-05-27 14:13:45.200,3762.2000,8467,0,2739963600.000,0,-,-,-,-,3762.4000,3762.2000,3761.4000,3761.2000,3761.0000,3763.2000,3763.6000,3764.2000,3764.6000,3765.2000,1,1,1,8,8,1,1,1,1,1
SF,IF2007,2020-05-27 14:14:10.700,3762.2000,8467,0,2739963600.000,0,-,-,-,-,3762.6000,3762.4000,3762.2000,3761.4000,3761.2000,3763.2000,3763.6000,3764.2000,3764.6000,3765.2000,1,1,1,1,8,1,1,1,1,1
SF,IF2007,2020-05-27 14:14:17.700,3762.2000,8467,0,2739963600.000,0,-,-,-,-,3762.4000,3762.2000,3761.4000,3761.2000,3761.0000,3763.2000,3763.6000,3764.2000,3764.6000,3765.2000,1,1,1,8,8,1,1,1,1,1
SF,IF2007,2020-05-27 14:14:26.700,3762.2000,8467,0,2739963600.000,0,-,-,-,-,3762.6000,3762.4000,3762.2000,3761.4000,3761.2000,3763.2000,3763.6000,3764.2000,3764.6000,3765.2000,1,1,1,1,8,1,1,1,1,1
SF,IF2007,2020-05-27 14:14:27.200,3762.2000,8467,0,2739963600.000,0,-,-,-,-,3762.6000,3762.4000,3762.2000,3761.4000,3761.2000,3763.6000,3764.2000,3764.6000,3765.2000,3765.4000,1,1,1,1,8,1,1,1,1,1
SF,IF2007,2020-05-27 14:14:27.700,3762.2000,8467,0,2739963600.000,0,-,-,-,-,3762.6000,3762.4000,3762.2000,3761.4000,3761.2000,3763.4000,3764.2000,3764.6000,3765.2000,3765.4000,1,1,1,1,8,1,1,1,1,1
SF,IF2007,2020-05-27 14:14:28.200,3762.2000,8467,0,2739963600.000,0,-,-,-,-,3762.6000,3762.4000,3762.2000,3761.4000,3761.2000,3763.4000,3763.8000,3764.2000,3764.6000,3765.2000,1,1,1,1,8,1,1,1,1,1
SF,IF2007,2020-05-27 14:14:31.700,3762.2000,8467,0,2739963600.000,0,-,-,-,-,3762.4000,3762.2000,3761.4000,3761.2000,3761.0000,3763.4000,3763.8000,3764.2000,3764.6000,3765.2000,1,1,1,8,8,1,1,1,1,1
SF,IF2007,2020-05-27 14:14:36.700,3762.4000,8467,0,2741092320.000,1,0,1,多换,S,3762.2000,3761.4000,3761.2000,3761.0000,3760.8000,3763.2000,3763.4000,3763.8000,3764.2000,3764.6000,1,1,8,8,1,1,1,1,1,1
SF,IF2007,2020-05-27 14:14:37.200,3762.4000,8467,0,2741092320.000,0,-,-,-,-,3762.4000,3762.2000,3761.4000,3761.2000,3761.0000,3763.0000,3763.2000,3764.2000,3764.6000,3765.2000,1,1,1,8,8,1,1,1,1,1
SF,IF2007,2020-05-27 14:14:43.700,3762.4000,8467,0,2741092320.000,0,-,-,-,-,3762.2000,3762.0000,3761.4000,3761.2000,3761.0000,3763.0000,3763.2000,3764.2000,3764.6000,3765.2000,1,1,1,8,8,1,1,1,1,1
SF,IF2007,2020-05-27 14:14:44.200,3762.4000,8467,0,2741092320.000,0,-,-,-,-,3762.0000,3761.4000,3761.2000,3761.0000,3760.8000,3763.0000,3763.2000,3764.2000,3764.6000,3765.2000,1,1,8,8,1,1,1,1,1,1
SF,IF2007,2020-05-27 14:14:44.700,3762.4000,8467,0,2741092320.000,0,-,-,-,-,3762.2000,3762.0000,3761.4000,3761.2000,3761.0000,3763.0000,3763.2000,3764.2000,3764.6000,3765.2000,2,2,1,7,7,1,1,1,1,1
SF,IF2007,2020-05-27 14:14:47.200,3762.4000,8467,0,2741092320.000,0,-,-,-,-,3762.2000,3762.0000,3761.4000,3761.2000,3761.0000,3763.0000,3763.2000,3764.2000,3764.6000,3765.2000,1,2,1,7,7,1,1,1,1,1
SF,IF2007,2020-05-27 14:14:51.200,3762.4000,8467,0,2741092320.000,0,-,-,-,-,3762.2000,3762.0000,3761.4000,3761.2000,3761.0000,3762.8000,3763.0000,3764.2000,3764.6000,3765.2000,1,2,1,7,7,1,1,1,1,1
SF,IF2007,2020-05-27 14:14:55.200,3762.4000,8467,0,2741092320.000,0,-,-,-,-,3762.2000,3762.0000,3761.4000,3761.2000,3761.0000,3762.8000,3763.0000,3764.2000,3764.6000,3765.2000,6,2,1,7,7,1,1,1,1,1
SF,IF2007,2020-05-27 14:14:59.200,3762.8000,8468,1,2742221160.000,1,1,0,双开,S,3762.2000,3762.0000,3761.4000,3761.2000,3761.0000,3763.0000,3764.2000,3764.6000,3765.2000,3765.4000,6,2,1,7,7,1,1,1,1,1
SF,IF2007,2020-05-27 14:15:00.700,3762.8000,8468,0,2742221160.000,0,-,-,-,-,3762.4000,3762.2000,3762.0000,3761.4000,3761.2000,3763.0000,3764.2000,3764.6000,3765.2000,3765.4000,1,6,2,1,7,1,1,1,1,1
SF,IF2007,2020-05-27 14:15:01.200,3762.8000,8468,0,2742221160.000,0,-,-,-,-,3762.4000,3762.2000,3762.0000,3761.4000,3761.2000,3763.0000,3763.8000,3764.2000,3764.6000,3765.2000,1,6,2,1,7,1,1,1,1,1
SF,IF2007,2020-05-27 14:15:04.200,3762.8000,8468,0,2742221160.000,0,-,-,-,-,3762.6000,3762.4000,3762.2000,3762.0000,3761.4000,3763.0000,3763.8000,3764.2000,3764.6000,3765.2000,1,1,6,2,1,1,1,1,1,1
SF,IF2007,2020-05-27 14:15:04.700,3763.0000,8469,1,2743350060.000,1,1,0,双开,S,3762.6000,3762.4000,3762.2000,3762.0000,3761.4000,3763.8000,3764.2000,3764.6000,3765.2000,3765.4000,1,1,6,2,1,1,1,1,1,1
SF,IF2007,2020-05-27 14:15:05.200,3763.0000,8469,0,2743350060.000,0,-,-,-,-,3762.4000,3762.2000,3762.0000,3761.4000,3761.2000,3763.6000,3763.8000,3764.2000,3764.6000,3765.2000,1,6,2,1,7,3,1,1,1,1
SF,IF2007,2020-05-27 14:15:07.700,3763.0000,8469,0,2743350060.000,0,-,-,-,-,3762.6000,3762.4000,3762.2000,3762.0000,3761.4000,3763.6000,3763.8000,3764.2000,3764.6000,3765.2000,1,1,6,2,1,3,1,1,1,1
SF,IF2007,2020-05-27 14:15:08.200,3763.0000,8469,0,2743350060.000,0,-,-,-,-,3762.8000,3762.6000,3762.4000,3762.2000,3762.0000,3763.6000,3763.8000,3764.2000,3764.6000,3765.2000,1,1,1,6,2,3,1,1,1,1
SF,IF2007,2020-05-27 14:15:09.200,3763.0000,8469,0,2743350060.000,0,-,-,-,-,3763.0000,3762.8000,3762.6000,3762.4000,3762.2000,3763.6000,3763.8000,3764.2000,3764.6000,3765.2000,1,1,1,1,6,1,1,1,1,1
SF,IF2007,2020-05-27 14:15:09.700,3763.0000,8469,0,2743350060.000,0,-,-,-,-,3762.8000,3762.6000,3762.2000,3762.0000,3761.4000,3763.6000,3764.2000,3764.6000,3765.2000,3765.4000,1,1,6,2,1,1,1,1,1,1
SF,IF2007,2020-05-27 14:15:10.200,3763.0000,8469,0,2743350060.000,0,-,-,-,-,3762.8000,3762.6000,3762.2000,3762.0000,3761.4000,3763.6000,3763.8000,3764.2000,3764.6000,3765.2000,1,1,6,2,1,1,1,1,1,1
SF,IF2007,2020-05-27 14:15:10.700,3763.0000,8469,0,2743350060.000,0,-,-,-,-,3762.8000,3762.6000,3762.2000,3762.0000,3761.4000,3763.8000,3764.2000,3764.6000,3765.2000,3765.4000,1,1,6,2,1,1,1,1,1,1
SF,IF2007,2020-05-27 14:15:14.200,3763.0000,8469,0,2743350060.000,0,-,-,-,-,3763.0000,3762.8000,3762.6000,3762.2000,3762.0000,3763.8000,3764.2000,3764.6000,3765.2000,3765.4000,1,1,1,6,2,1,1,1,1,1
SF,IF2007,2020-05-27 14:15:14.700,3763.0000,8469,0,2743350060.000,0,-,-,-,-,3762.8000,3762.6000,3762.2000,3762.0000,3761.4000,3764.2000,3764.6000,3765.2000,3765.4000,3766.8000,1,1,6,2,1,1,1,1,1,1
SF,IF2007,2020-05-27 14:15:15.200,3763.0000,8469,0,2743350060.000,0,-,-,-,-,3763.0000,3762.8000,3762.6000,3762.2000,3762.0000,3764.2000,3764.6000,3765.2000,3765.4000,3766.8000,2,1,1,6,2,2,1,1,1,1
SF,IF2007,2020-05-27 14:15:15.700,3763.0000,8469,0,2743350060.000,0,-,-,-,-,3763.2000,3763.0000,3762.6000,3762.2000,3762.0000,3764.2000,3764.6000,3765.2000,3765.4000,3766.8000,1,2,1,6,2,1,1,1,1,1
SF,IF2007,2020-05-27 14:15:16.200,3763.0000,8469,0,2743350060.000,0,-,-,-,-,3763.2000,3763.0000,3762.6000,3762.2000,3762.0000,3764.2000,3764.4000,3764.6000,3765.2000,3765.4000,1,2,1,6,2,1,1,1,1,1
SF,IF2007,2020-05-27 14:15:23.700,3763.0000,8469,0,2743350060.000,0,-,-,-,-,3763.4000,3763.2000,3763.0000,3762.6000,3762.2000,3764.2000,3764.4000,3764.6000,3765.2000,3765.4000,1,1,2,1,6,1,1,1,1,1
SF,IF2007,2020-05-27 14:15:24.200,3763.0000,8469,0,2743350060.000,0,-,-,-,-,3763.2000,3763.0000,3762.6000,3762.2000,3762.0000,3764.2000,3764.4000,3764.6000,3765.2000,3765.4000,1,2,1,6,2,1,1,1,1,1
SF,IF2007,2020-05-27 14:15:24.700,3763.0000,8469,0,2743350060.000,0,-,-,-,-,3763.2000,3763.0000,3762.6000,3762.2000,3762.0000,3764.0000,3764.2000,3764.4000,3764.6000,3765.2000,1,2,1,6,2,1,1,1,1,1
SF,IF2007,2020-05-27 14:15:25.200,3763.0000,8469,0,2743350060.000,0,-,-,-,-,3763.2000,3763.0000,3762.6000,3762.2000,3762.0000,3764.0000,3764.2000,3764.6000,3765.2000,3765.4000,1,2,1,6,2,1,1,1,1,1
SF,IF2007,2020-05-27 14:15:26.700,3763.0000,8469,0,2743350060.000,0,-,-,-,-,3763.2000,3763.0000,3762.6000,3762.2000,3762.0000,3764.0000,3764.2000,3764.6000,3765.2000,3765.4000,1,1,1,6,2,1,1,1,1,1
SF,IF2007,2020-05-27 14:15:27.200,3763.0000,8469,0,2743350060.000,0,-,-,-,-,3763.0000,3762.6000,3762.2000,3762.0000,3761.4000,3764.0000,3764.2000,3764.6000,3765.2000,3765.4000,1,1,6,2,1,1,1,1,1,1
SF,IF2007,2020-05-27 14:15:27.700,3763.0000,8469,0,2743350060.000,0,-,-,-,-,3763.0000,3762.6000,3762.2000,3762.0000,3761.4000,3764.0000,3764.2000,3764.6000,3765.2000,3765.4000,1,1,6,2,1,2,1,1,1,1
SF,IF2007,2020-05-27 14:15:28.200,3763.0000,8469,0,2743350060.000,0,-,-,-,-,3763.0000,3762.6000,3762.2000,3762.0000,3761.4000,3764.0000,3764.2000,3764.6000,3765.2000,3765.4000,1,1,6,2,1,1,1,1,1,1
SF,IF2007,2020-05-27 14:15:28.700,3763.0000,8469,0,2743350060.000,0,-,-,-,-,3763.0000,3762.6000,3762.2000,3762.0000,3761.4000,3764.0000,3764.2000,3764.6000,3765.2000,3765.4000,1,1,6,2,1,2,1,1,1,1
SF,IF2007,2020-05-27 14:15:29.200,3763.0000,8469,0,2743350060.000,0,-,-,-,-,3763.0000,3762.6000,3762.2000,3762.0000,3761.4000,3764.0000,3764.2000,3764.6000,3765.2000,3765.4000,1,1,6,2,1,1,1,1,1,1
SF,IF2007,2020-05-27 14:15:29.700,3763.0000,8469,0,2743350060.000,0,-,-,-,-,3763.0000,3762.6000,3762.2000,3762.0000,3761.4000,3764.0000,3764.2000,3764.6000,3765.2000,3765.4000,1,1,6,2,1,2,1,1,1,1
SF,IF2007,2020-05-27 14:15:30.200,3763.0000,8469,0,2743350060.000,0,-,-,-,-,3763.0000,3762.6000,3762.2000,3762.0000,3761.4000,3764.0000,3764.2000,3764.6000,3765.2000,3765.4000,1,1,6,2,1,1,1,1,1,1
SF,IF2007,2020-05-27 14:15:30.700,3763.0000,8469,0,2743350060.000,0,-,-,-,-,3763.0000,3762.6000,3762.2000,3762.0000,3761.4000,3764.0000,3764.2000,3764.6000,3765.2000,3765.4000,1,1,6,2,1,2,1,1,1,1
SF,IF2007,2020-05-27 14:15:31.200,3763.0000,8469,0,2743350060.000,0,-,-,-,-,3763.0000,3762.6000,3762.2000,3762.0000,3761.4000,3764.0000,3764.2000,3764.6000,3765.2000,3765.4000,1,1,6,2,1,1,1,1,1,1
SF,IF2007,2020-05-27 14:15:31.700,3763.0000,8469,0,2743350060.000,0,-,-,-,-,3763.0000,3762.6000,3762.2000,3762.0000,3761.4000,3764.0000,3764.2000,3764.6000,3765.2000,3765.4000,1,1,6,2,1,2,1,1,1,1
SF,IF2007,2020-05-27 14:15:32.200,3763.0000,8469,0,2743350060.000,0,-,-,-,-,3763.0000,3762.6000,3762.2000,3762.0000,3761.4000,3764.0000,3764.2000,3764.6000,3765.2000,3765.4000,1,1,6,2,1,1,1,1,1,1
SF,IF2007,2020-05-27 14:15:32.700,3763.0000,8469,0,2743350060.000,0,-,-,-,-,3763.0000,3762.6000,3762.2000,3762.0000,3761.4000,3764.0000,3764.2000,3764.6000,3765.2000,3765.4000,1,1,6,2,1,2,1,1,1,1
SF,IF2007,2020-05-27 14:15:33.200,3763.0000,8469,0,2743350060.000,0,-,-,-,-,3763.0000,3762.6000,3762.2000,3762.0000,3761.4000,3764.0000,3764.2000,3764.6000,3765.2000,3765.4000,1,1,6,2,1,1,1,1,1,1
SF,IF2007,2020-05-27 14:15:33.700,3763.0000,8469,0,2743350060.000,0,-,-,-,-,3763.0000,3762.6000,3762.2000,3762.0000,3761.4000,3764.0000,3764.2000,3764.6000,3765.2000,3765.4000,1,1,6,2,1,2,1,1,1,1
SF,IF2007,2020-05-27 14:15:34.200,3763.0000,8469,0,2743350060.000,0,-,-,-,-,3763.0000,3762.6000,3762.2000,3762.0000,3761.4000,3764.0000,3764.2000,3764.6000,3765.2000,3765.4000,1,1,6,2,1,1,1,1,1,1
SF,IF2007,2020-05-27 14:15:34.700,3763.0000,8469,0,2743350060.000,0,-,-,-,-,3763.0000,3762.6000,3762.2000,3762.0000,3761.4000,3764.0000,3764.2000,3764.6000,3765.2000,3765.4000,1,1,6,2,1,2,1,1,1,1
SF,IF2007,2020-05-27 14:15:35.200,3763.0000,8469,0,2743350060.000,0,-,-,-,-,3763.0000,3762.6000,3762.2000,3762.0000,3761.4000,3764.0000,3764.2000,3764.6000,3765.2000,3765.4000,1,1,6,2,1,1,1,1,1,1
SF,IF2007,2020-05-27 14:15:35.700,3763.0000,8469,0,2743350060.000,0,-,-,-,-,3763.2000,3763.0000,3762.6000,3762.2000,3762.0000,3764.0000,3764.2000,3764.6000,3765.2000,3765.4000,1,1,1,6,2,2,1,1,1,1
SF,IF2007,2020-05-27 14:15:39.700,3764.0000,8472,3,2746737420.000,3,3,0,双开,S,3764.0000,3762.6000,3762.2000,3762.0000,3761.4000,3764.2000,3764.6000,3765.2000,3765.4000,3766.8000,3,1,6,2,1,1,1,1,1,1
SF,IF2007,2020-05-27 14:15:40.200,3764.0000,8473,1,2750125020.000,3,2,1,空开,S,3762.6000,3762.2000,3762.0000,3761.4000,3761.2000,3764.0000,3764.2000,3764.6000,3765.2000,3765.4000,1,6,2,1,7,2,1,1,1,1
SF,IF2007,2020-05-27 14:15:40.700,3764.0000,8473,0,2750125020.000,0,-,-,-,-,3762.8000,3762.6000,3762.2000,3762.0000,3761.4000,3763.8000,3764.0000,3764.2000,3764.6000,3765.2000,4,1,6,2,1,2,1,1,1,1
SF,IF2007,2020-05-27 14:15:41.200,3763.0000,8473,0,2751253920.000,1,0,1,多换,S,3762.8000,3762.6000,3762.2000,3762.0000,3761.4000,3764.0000,3764.2000,3764.6000,3765.2000,3765.4000,4,1,6,2,1,1,1,1,1,1
SF,IF2007,2020-05-27 14:15:41.700,3763.0000,8473,0,2751253920.000,0,-,-,-,-,3762.8000,3762.6000,3762.2000,3762.0000,3761.4000,3764.0000,3764.2000,3764.6000,3765.2000,3765.4000,4,1,6,2,1,2,1,1,1,1
SF,IF2007,2020-05-27 14:15:42.200,3763.0000,8473,0,2751253920.000,0,-,-,-,-,3762.8000,3762.6000,3762.2000,3762.0000,3761.4000,3763.8000,3764.0000,3764.2000,3764.6000,3765.2000,4,1,6,2,1,1,2,1,1,1
SF,IF2007,2020-05-27 14:15:42.700,3763.0000,8473,0,2751253920.000,0,-,-,-,-,3762.8000,3762.6000,3762.2000,3762.0000,3761.4000,3763.8000,3764.0000,3764.2000,3764.6000,3765.2000,4,1,6,2,1,1,1,1,1,1
SF,IF2007,2020-05-27 14:15:43.200,3763.0000,8473,0,2751253920.000,0,-,-,-,-,3762.8000,3762.6000,3762.2000,3762.0000,3761.4000,3763.8000,3764.0000,3764.2000,3764.6000,3765.2000,4,1,6,2,1,2,1,1,1,1
SF,IF2007,2020-05-27 14:15:43.700,3763.0000,8473,0,2751253920.000,0,-,-,-,-,3762.8000,3762.6000,3762.2000,3762.0000,3761.4000,3763.8000,3764.0000,3764.2000,3764.6000,3765.2000,5,1,6,2,1,2,1,1,1,1
SF,IF2007,2020-05-27 14:15:44.200,3763.0000,8473,0,2751253920.000,0,-,-,-,-,3763.6000,3762.8000,3762.6000,3762.2000,3762.0000,3763.8000,3764.0000,3764.2000,3764.6000,3765.2000,5,5,1,6,2,2,1,1,1,1
SF,IF2007,2020-05-27 14:15:44.700,3763.6000,8478,5,2756899320.000,5,5,0,双开,S,3762.8000,3762.6000,3762.2000,3762.0000,3761.4000,3764.0000,3764.2000,3764.6000,3765.2000,3765.4000,5,1,6,2,1,1,1,1,1,1
SF,IF2007,2020-05-27 14:15:45.200,3763.6000,8478,0,2756899320.000,0,-,-,-,-,3762.8000,3762.6000,3762.2000,3762.0000,3761.4000,3764.0000,3764.2000,3764.6000,3765.2000,3765.4000,5,1,6,2,1,2,1,1,1,1
SF,IF2007,2020-05-27 14:15:45.700,3763.6000,8478,0,2756899320.000,0,-,-,-,-,3763.0000,3762.8000,3762.6000,3762.2000,3762.0000,3763.8000,3764.0000,3764.2000,3764.6000,3765.2000,2,4,1,6,2,1,2,1,1,1
SF,IF2007,2020-05-27 14:15:46.200,3763.6000,8478,0,2756899320.000,0,-,-,-,-,3763.0000,3762.8000,3762.6000,3762.2000,3762.0000,3764.0000,3764.2000,3764.6000,3765.2000,3765.4000,3,4,1,6,2,2,1,1,1,1
SF,IF2007,2020-05-27 14:15:46.700,3763.6000,8478,0,2756899320.000,0,-,-,-,-,3763.0000,3762.8000,3762.6000,3762.2000,3762.0000,3764.0000,3764.2000,3764.6000,3765.2000,3765.4000,3,4,1,6,2,1,1,1,1,1
SF,IF2007,2020-05-27 14:15:47.200,3763.6000,8478,0,2756899320.000,0,-,-,-,-,3763.2000,3763.0000,3762.8000,3762.6000,3762.2000,3764.0000,3764.2000,3764.6000,3765.2000,3765.4000,2,3,3,1,6,1,1,1,1,1
SF,IF2007,2020-05-27 14:15:47.700,3763.6000,8478,0,2756899320.000,0,-,-,-,-,3763.2000,3763.0000,3762.8000,3762.6000,3762.2000,3764.0000,3764.2000,3764.6000,3765.2000,3765.4000,1,3,3,1,6,1,1,1,1,1
SF,IF2007,2020-05-27 14:15:51.200,3763.6000,8478,0,2756899320.000,0,-,-,-,-,3763.2000,3763.0000,3762.8000,3762.6000,3762.2000,3764.0000,3764.2000,3764.6000,3765.2000,3765.4000,6,2,3,1,6,1,1,1,1,1
SF,IF2007,2020-05-27 14:15:51.700,3763.6000,8478,0,2756899320.000,0,-,-,-,-,3763.2000,3763.0000,3762.8000,3762.6000,3762.2000,3764.0000,3764.2000,3764.6000,3765.2000,3765.4000,5,2,2,1,6,1,1,1,1,1
SF,IF2007,2020-05-27 14:15:54.200,3763.6000,8478,0,2756899320.000,0,-,-,-,-,3763.2000,3762.8000,3762.6000,3762.2000,3762.0000,3764.0000,3764.2000,3764.6000,3765.2000,3765.4000,5,2,1,6,2,1,1,1,1,1
SF,IF2007,2020-05-27 14:15:54.700,3763.6000,8478,0,2756899320.000,0,-,-,-,-,3763.2000,3762.8000,3762.6000,3762.2000,3762.0000,3763.8000,3764.0000,3764.2000,3764.6000,3765.2000,5,2,1,6,2,1,1,1,1,1
SF,IF2007,2020-05-27 14:15:55.200,3763.6000,8478,0,2756899320.000,0,-,-,-,-,3763.2000,3762.8000,3762.6000,3762.2000,3762.0000,3763.8000,3764.0000,3764.2000,3764.6000,3765.2000,5,7,1,6,2,1,1,1,1,1
SF,IF2007,2020-05-27 14:15:56.200,3763.6000,8478,0,2756899320.000,0,-,-,-,-,3763.2000,3762.8000,3762.2000,3762.0000,3761.4000,3763.8000,3764.0000,3764.2000,3764.6000,3765.2000,5,7,6,2,1,1,1,1,1,1
SF,IF2007,2020-05-27 14:15:56.700,3763.6000,8478,0,2756899320.000,0,-,-,-,-,3763.2000,3762.8000,3762.2000,3762.0000,3761.4000,3763.8000,3764.0000,3764.2000,3764.6000,3765.2000,5,7,6,2,1,2,1,1,1,1
SF,IF2007,2020-05-27 14:15:58.200,3763.2000,8479,1,2758028280.000,1,1,0,双开,S,3763.2000,3762.8000,3762.2000,3762.0000,3761.4000,3763.8000,3764.0000,3764.2000,3764.6000,3765.2000,4,7,6,2,1,2,1,1,1,1
SF,IF2007,2020-05-27 14:15:58.700,3763.2000,8479,0,2758028280.000,0,-,-,-,-,3763.2000,3762.8000,3762.2000,3762.0000,3761.4000,3763.8000,3764.0000,3764.2000,3764.6000,3765.2000,4,7,6,2,1,1,1,1,1,1
SF,IF2007,2020-05-27 14:15:59.200,3763.2000,8479,0,2758028280.000,0,-,-,-,-,3763.2000,3762.8000,3762.4000,3762.2000,3762.0000,3764.0000,3764.2000,3764.6000,3765.2000,3765.4000,4,7,5,6,2,1,1,1,1,1
SF,IF2007,2020-05-27 14:15:59.700,3763.2000,8480,1,2759157240.000,1,1,0,双开,S,3763.2000,3762.8000,3762.4000,3762.2000,3762.0000,3763.8000,3764.0000,3764.2000,3764.6000,3765.2000,3,7,5,6,2,1,1,1,1,1
SF,IF2007,2020-05-27 14:16:00.200,3763.2000,8480,0,2759157240.000,0,-,-,-,-,3763.2000,3762.8000,3762.4000,3762.2000,3762.0000,3763.6000,3763.8000,3764.0000,3764.2000,3764.6000,3,7,5,6,2,1,1,1,1,1
SF,IF2007,2020-05-27 14:16:01.700,3763.2000,8481,1,2760286200.000,1,1,0,双开,S,3763.2000,3762.8000,3762.4000,3762.2000,3762.0000,3763.6000,3763.8000,3764.0000,3764.2000,3764.6000,2,7,5,6,2,1,1,1,1,1
SF,IF2007,2020-05-27 14:16:02.700,3763.2000,8481,0,2760286200.000,0,-,-,-,-,3763.2000,3762.8000,3762.4000,3762.2000,3762.0000,3763.6000,3763.8000,3764.0000,3764.2000,3764.6000,2,7,5,6,7,1,1,1,1,1
SF,IF2007,2020-05-27 14:16:04.200,3763.2000,8481,0,2760286200.000,0,-,-,-,-,3763.2000,3762.8000,3762.4000,3762.2000,3762.0000,3763.6000,3763.8000,3764.0000,3764.2000,3764.6000,2,7,5,5,7,1,1,1,1,1
SF,IF2007,2020-05-27 14:16:04.700,3763.2000,8482,1,2761415160.000,1,1,0,双开,S,3763.2000,3762.8000,3762.4000,3762.2000,3762.0000,3763.6000,3763.8000,3764.0000,3764.2000,3764.6000,1,6,5,5,7,1,1,1,1,1
SF,IF2007,2020-05-27 14:16:07.700,3763.2000,8483,1,2762544120.000,1,1,0,双开,S,3762.8000,3762.4000,3762.2000,3762.0000,3761.4000,3763.6000,3763.8000,3764.0000,3764.2000,3764.6000,6,5,5,6,1,1,1,1,1,1
SF,IF2007,2020-05-27 14:16:08.200,3763.2000,8483,0,2762544120.000,0,-,-,-,-,3762.8000,3762.4000,3762.2000,3762.0000,3761.4000,3763.6000,3763.8000,3764.0000,3764.2000,3764.6000,6,5,5,6,1,2,1,1,1,1
SF,IF2007,2020-05-27 14:16:14.700,3763.2000,8483,0,2762544120.000,0,-,-,-,-,3762.8000,3762.4000,3762.2000,3762.0000,3761.4000,3763.6000,3763.8000,3764.0000,3764.2000,3764.6000,5,5,5,6,1,2,1,1,1,1
SF,IF2007,2020-05-27 14:16:15.200,3763.2000,8483,0,2762544120.000,0,-,-,-,-,3762.8000,3762.4000,3762.2000,3762.0000,3761.4000,3763.6000,3764.0000,3764.2000,3764.6000,3765.2000,5,5,5,6,1,2,1,1,1,1
SF,IF2007,2020-05-27 14:16:15.700,3763.2000,8483,0,2762544120.000,0,-,-,-,-,3762.8000,3762.4000,3762.2000,3762.0000,3761.4000,3763.4000,3763.6000,3764.0000,3764.2000,3764.6000,5,5,5,6,1,1,1,1,1,1
SF,IF2007,2020-05-27 14:16:16.200,3763.2000,8483,0,2762544120.000,0,-,-,-,-,3762.8000,3762.4000,3762.2000,3762.0000,3761.4000,3763.6000,3764.0000,3764.2000,3764.6000,3765.2000,5,5,5,6,1,1,1,1,1,1
SF,IF2007,2020-05-27 14:16:16.700,3763.2000,8483,0,2762544120.000,0,-,-,-,-,3762.8000,3762.4000,3762.2000,3762.0000,3761.4000,3763.6000,3763.8000,3764.0000,3764.2000,3764.6000,5,5,5,6,1,1,1,1,1,1
SF,IF2007,2020-05-27 14:16:17.200,3763.2000,8483,0,2762544120.000,0,-,-,-,-,3762.8000,3762.4000,3762.2000,3762.0000,3761.4000,3763.6000,3763.8000,3764.0000,3764.2000,3764.6000,5,5,5,6,1,1,1,1,1,1
SF,IF2007,2020-05-27 14:16:18.700,3762.8000,8485,2,2764801800.000,2,2,0,双开,S,3762.8000,3762.4000,3762.2000,3762.0000,3761.4000,3763.6000,3763.8000,3764.0000,3764.2000,3764.6000,3,5,5,6,1,1,1,1,1,1
SF,IF2007,2020-05-27 14:16:19.200,3762.8000,8485,0,2764801800.000,0,-,-,-,-,3762.8000,3762.4000,3762.2000,3762.0000,3761.4000,3763.6000,3763.8000,3764.0000,3764.2000,3764.6000,3,5,5,6,1,1,1,1,1,1
SF,IF2007,2020-05-27 14:16:22.700,3762.8000,8485,0,2764801800.000,0,-,-,-,-,3762.8000,3762.4000,3762.2000,3762.0000,3761.4000,3763.4000,3763.6000,3763.8000,3764.0000,3764.2000,3,5,5,6,1,2,1,1,1,1
SF,IF2007,2020-05-27 14:16:24.200,3762.8000,8488,3,2768188320.000,3,3,0,双开,S,3762.4000,3762.2000,3762.0000,3761.4000,3761.2000,3763.4000,3763.6000,3763.8000,3764.0000,3764.2000,5,5,6,1,5,2,1,1,1,1
SF,IF2007,2020-05-27 14:16:24.700,3762.8000,8488,0,2768188320.000,0,-,-,-,-,3762.4000,3762.2000,3762.0000,3761.4000,3761.2000,3763.2000,3763.4000,3763.6000,3763.8000,3764.0000,5,5,6,1,5,2,2,1,1,1
SF,IF2007,2020-05-27 14:16:25.200,3762.8000,8488,0,2768188320.000,0,-,-,-,-,3762.4000,3762.2000,3762.0000,3761.4000,3761.2000,3763.2000,3763.4000,3763.6000,3763.8000,3764.0000,5,5,6,1,4,2,2,1,1,1
SF,IF2007,2020-05-27 14:16:27.200,3762.8000,8488,0,2768188320.000,0,-,-,-,-,3762.4000,3762.2000,3762.0000,3761.2000,3761.0000,3763.2000,3763.4000,3763.6000,3763.8000,3764.0000,5,5,6,4,7,2,2,1,1,1
SF,IF2007,2020-05-27 14:16:27.700,3762.8000,8488,0,2768188320.000,0,-,-,-,-,3762.4000,3762.2000,3762.0000,3761.2000,3761.0000,3763.2000,3763.4000,3763.6000,3763.8000,3764.0000,5,5,6,2,7,2,2,1,1,1
SF,IF2007,2020-05-27 14:16:28.700,3762.4000,8488,0,2769317040.000,1,0,1,多换,S,3762.4000,3762.2000,3762.0000,3761.2000,3761.0000,3763.2000,3763.4000,3763.6000,3763.8000,3764.0000,4,5,6,2,7,2,2,1,1,1
SF,IF2007,2020-05-27 14:16:29.200,3762.4000,8488,0,2769317040.000,0,-,-,-,-,3762.4000,3762.2000,3762.0000,3761.2000,3761.0000,3763.2000,3763.4000,3763.6000,3763.8000,3764.0000,4,5,6,2,7,2,2,1,1,1
SF,IF2007,2020-05-27 14:16:30.700,3762.4000,8490,2,2771574480.000,2,2,0,双开,S,3762.4000,3762.2000,3762.0000,3761.2000,3761.0000,3763.2000,3763.4000,3763.6000,3763.8000,3764.0000,2,5,6,2,7,2,2,1,1,1
SF,IF2007,2020-05-27 14:16:33.200,3762.4000,8490,0,2771574480.000,0,-,-,-,-,3762.4000,3762.2000,3762.0000,3761.2000,3761.0000,3763.2000,3763.4000,3763.6000,3763.8000,3764.0000,2,5,6,2,7,2,2,1,2,1
SF,IF2007,2020-05-27 14:16:36.700,3762.4000,8490,0,2771574480.000,0,-,-,-,-,3762.4000,3762.2000,3762.0000,3761.2000,3761.0000,3763.0000,3763.2000,3763.4000,3763.6000,3763.8000,2,5,6,2,7,1,2,2,1,2
SF,IF2007,2020-05-27 14:16:42.700,3762.4000,8491,1,2772703200.000,1,1,0,双开,S,3762.4000,3762.2000,3762.0000,3761.2000,3761.0000,3763.0000,3763.2000,3763.4000,3763.6000,3763.8000,1,5,6,2,7,1,2,2,1,2
SF,IF2007,2020-05-27 14:16:43.200,3762.4000,8491,0,2772703200.000,0,-,-,-,-,3762.4000,3762.2000,3762.0000,3761.2000,3761.0000,3763.0000,3763.2000,3763.4000,3763.6000,3763.8000,1,5,6,2,7,1,2,2,1,1
SF,IF2007,2020-05-27 14:16:46.200,3762.4000,8491,0,2772703200.000,0,-,-,-,-,3762.4000,3762.2000,3762.0000,3761.2000,3761.0000,3763.2000,3763.4000,3763.6000,3763.8000,3764.0000,1,5,6,2,7,2,2,1,1,1
SF,IF2007,2020-05-27 14:16:46.700,3762.4000,8491,0,2772703200.000,0,-,-,-,-,3762.4000,3762.2000,3762.0000,3761.0000,3760.8000,3763.2000,3763.4000,3763.6000,3763.8000,3764.0000,1,5,6,7,1,2,2,1,1,1
SF,IF2007,2020-05-27 14:16:47.200,3762.4000,8491,0,2772703200.000,0,-,-,-,-,3762.4000,3762.2000,3762.0000,3761.0000,3760.8000,3763.2000,3763.4000,3763.6000,3763.8000,3764.0000,1,5,6,7,1,3,2,1,1,1
SF,IF2007,2020-05-27 14:16:50.200,3762.4000,8491,0,2773831920.000,1,0,1,多换,S,3762.2000,3762.0000,3761.0000,3760.8000,3760.2000,3762.4000,3763.2000,3763.4000,3763.6000,3763.8000,5,6,7,1,2,1,3,2,1,1
SF,IF2007,2020-05-27 14:16:50.700,3762.4000,8491,0,2773831920.000,0,-,-,-,-,3762.2000,3762.0000,3761.0000,3760.8000,3760.2000,3762.4000,3762.8000,3763.2000,3763.4000,3763.6000,5,6,7,1,2,1,1,3,2,1
SF,IF2007,2020-05-27 14:16:51.200,3762.4000,8491,0,2773831920.000,0,-,-,-,-,3762.2000,3762.0000,3761.0000,3760.8000,3760.2000,3762.4000,3762.8000,3763.2000,3763.4000,3763.6000,5,6,7,1,2,1,1,4,2,1
SF,IF2007,2020-05-27 14:16:52.200,3762.4000,8492,1,2774960640.000,1,1,0,双开,S,3762.2000,3762.0000,3761.0000,3760.8000,3760.2000,3762.8000,3763.2000,3763.4000,3763.6000,3763.8000,5,6,7,1,2,1,4,2,1,1
SF,IF2007,2020-05-27 14:17:04.200,3762.4000,8492,0,2774960640.000,0,-,-,-,-,3762.2000,3762.0000,3761.0000,3760.8000,3760.2000,3762.8000,3763.2000,3763.4000,3763.6000,3763.8000,5,6,7,1,2,1,3,2,1,1
SF,IF2007,2020-05-27 14:17:04.700,3762.4000,8492,0,2774960640.000,0,-,-,-,-,3762.2000,3762.0000,3761.0000,3760.8000,3760.2000,3762.6000,3762.8000,3763.2000,3763.4000,3763.6000,5,6,7,1,2,1,1,3,2,1
SF,IF2007,2020-05-27 14:17:08.200,3762.6000,8492,0,2776089420.000,1,0,1,多换,S,3762.2000,3762.0000,3761.0000,3760.8000,3760.2000,3762.8000,3763.2000,3763.4000,3763.6000,3763.8000,5,6,7,1,2,1,3,2,1,1
SF,IF2007,2020-05-27 14:17:08.700,3762.8000,8493,1,2777218260.000,1,1,0,双开,S,3762.2000,3762.0000,3761.0000,3760.8000,3760.2000,3762.8000,3763.2000,3763.4000,3763.6000,3763.8000,5,6,7,1,2,1,3,2,1,1
SF,IF2007,2020-05-27 14:17:09.200,3762.8000,8494,1,2778347100.000,1,1,0,双开,S,3762.2000,3762.0000,3761.0000,3760.8000,3760.2000,3763.2000,3763.4000,3763.6000,3763.8000,3764.0000,5,6,7,1,2,3,2,1,1,1
SF,IF2007,2020-05-27 14:17:11.200,3762.8000,8494,0,2778347100.000,0,-,-,-,-,3762.2000,3762.0000,3761.0000,3760.8000,3760.2000,3763.2000,3763.4000,3763.6000,3763.8000,3764.0000,5,6,7,1,2,3,1,1,1,1
SF,IF2007,2020-05-27 14:17:11.700,3762.8000,8494,0,2778347100.000,0,-,-,-,-,3762.4000,3762.2000,3762.0000,3761.0000,3760.8000,3763.2000,3763.4000,3763.6000,3763.8000,3764.0000,1,5,6,7,1,2,1,1,1,1
SF,IF2007,2020-05-27 14:17:17.700,3762.8000,8494,0,2778347100.000,0,-,-,-,-,3762.4000,3762.2000,3762.0000,3761.0000,3760.8000,3763.2000,3763.6000,3763.8000,3764.0000,3764.2000,1,5,6,7,1,2,1,1,1,1
SF,IF2007,2020-05-27 14:17:18.200,3762.8000,8494,0,2778347100.000,0,-,-,-,-,3762.4000,3762.2000,3762.0000,3761.0000,3760.8000,3763.2000,3763.6000,3763.8000,3764.0000,3764.2000,1,5,6,7,1,1,1,1,1,1
SF,IF2007,2020-05-27 14:17:18.700,3763.2000,8494,0,2779476060.000,1,0,1,多换,S,3762.6000,3762.4000,3762.2000,3762.0000,3761.0000,3763.6000,3763.8000,3764.0000,3764.2000,3764.6000,1,1,5,6,7,1,1,1,1,1
SF,IF2007,2020-05-27 14:17:19.200,3763.2000,8494,0,2779476060.000,0,-,-,-,-,3762.6000,3762.4000,3762.2000,3762.0000,3761.0000,3763.4000,3763.6000,3763.8000,3764.0000,3764.2000,1,1,5,6,7,1,1,1,1,1
SF,IF2007,2020-05-27 14:17:20.700,3763.2000,8494,0,2779476060.000,0,-,-,-,-,3762.4000,3762.2000,3762.0000,3761.0000,3760.8000,3763.4000,3763.6000,3763.8000,3764.0000,3764.2000,1,5,6,7,1,1,1,1,1,1
SF,IF2007,2020-05-27 14:17:23.200,3763.2000,8494,0,2779476060.000,0,-,-,-,-,3762.4000,3762.2000,3762.0000,3761.0000,3760.8000,3763.2000,3763.4000,3763.6000,3763.8000,3764.0000,1,5,6,7,1,1,1,1,1,1
SF,IF2007,2020-05-27 14:17:45.200,3763.2000,8494,0,2780605020.000,1,0,1,多换,S,3762.4000,3762.2000,3762.0000,3761.0000,3760.8000,3763.4000,3763.6000,3763.8000,3764.0000,3764.2000,1,5,6,7,1,1,1,1,1,1
SF,IF2007,2020-05-27 14:17:45.700,3763.2000,8494,0,2780605020.000,0,-,-,-,-,3762.4000,3762.2000,3762.0000,3761.0000,3760.8000,3763.4000,3763.6000,3763.8000,3764.0000,3764.2000,1,5,6,7,1,1,1,1,1,1
SF,IF2007,2020-05-27 14:17:54.700,3763.2000,8494,0,2780605020.000,0,-,-,-,-,3762.6000,3762.4000,3762.2000,3762.0000,3761.0000,3763.4000,3763.6000,3763.8000,3764.0000,3764.2000,1,1,5,6,7,1,1,1,1,1
SF,IF2007,2020-05-27 14:17:57.200,3762.4000,8496,2,2782862520.000,2,2,0,双开,S,3762.2000,3762.0000,3761.0000,3760.8000,3760.2000,3763.2000,3763.4000,3763.6000,3763.8000,3764.0000,5,6,7,1,2,1,1,1,1,1
SF,IF2007,2020-05-27 14:17:57.700,3762.2000,8498,2,2785119840.000,2,2,0,双开,S,3762.2000,3762.0000,3761.0000,3760.8000,3760.2000,3763.0000,3763.2000,3763.6000,3763.8000,3764.0000,3,6,7,1,2,1,1,1,1,1
SF,IF2007,2020-05-27 14:18:08.200,3762.2000,8498,0,2785119840.000,0,-,-,-,-,3762.2000,3762.0000,3761.0000,3760.8000,3760.2000,3762.8000,3763.0000,3763.6000,3763.8000,3764.0000,3,6,7,1,2,1,1,1,1,1
SF,IF2007,2020-05-27 14:18:14.700,3762.2000,8498,0,2785119840.000,0,-,-,-,-,3762.2000,3762.0000,3761.0000,3760.8000,3760.2000,3762.6000,3762.8000,3763.0000,3763.6000,3763.8000,3,6,7,1,2,1,1,1,1,1
SF,IF2007,2020-05-27 14:18:17.700,3762.2000,8498,0,2785119840.000,0,-,-,-,-,3762.2000,3762.0000,3761.0000,3760.8000,3760.2000,3762.8000,3763.0000,3763.6000,3763.8000,3764.0000,3,6,7,1,2,1,1,1,1,1
SF,IF2007,2020-05-27 14:18:21.700,3762.2000,8500,2,2787377160.000,2,2,0,双开,S,3762.2000,3762.0000,3761.0000,3760.8000,3760.2000,3762.8000,3763.0000,3763.6000,3763.8000,3764.0000,1,6,7,1,2,1,1,1,1,1
SF,IF2007,2020-05-27 14:18:22.200,3762.2000,8500,0,2787377160.000,0,-,-,-,-,3762.4000,3762.2000,3762.0000,3761.0000,3760.8000,3762.8000,3763.0000,3763.6000,3763.8000,3764.0000,1,1,6,7,1,1,1,1,1,1
SF,IF2007,2020-05-27 14:18:22.700,3762.2000,8500,0,2787377160.000,0,-,-,-,-,3762.4000,3762.2000,3762.0000,3761.0000,3760.8000,3762.8000,3763.0000,3763.6000,3763.8000,3764.0000,2,1,6,7,1,1,1,1,1,1
SF,IF2007,2020-05-27 14:18:24.200,3762.2000,8500,0,2787377160.000,0,-,-,-,-,3762.4000,3762.2000,3762.0000,3761.0000,3760.8000,3762.8000,3763.0000,3763.6000,3763.8000,3764.0000,3,1,6,7,1,1,1,1,1,1
SF,IF2007,2020-05-27 14:18:25.700,3762.2000,8500,0,2787377160.000,0,-,-,-,-,3762.4000,3762.2000,3762.0000,3761.0000,3760.8000,3762.8000,3763.0000,3763.6000,3763.8000,3764.0000,4,1,6,7,1,1,1,1,1,1
SF,IF2007,2020-05-27 14:18:30.200,3762.8000,8501,1,2788506000.000,1,1,0,双开,S,3762.4000,3762.2000,3762.0000,3761.0000,3760.8000,3763.0000,3763.6000,3763.8000,3764.0000,3764.2000,4,1,6,7,1,1,1,1,1,1
SF,IF2007,2020-05-27 14:18:39.200,3763.0000,8502,1,2789634900.000,1,1,0,双开,S,3762.4000,3762.2000,3762.0000,3761.0000,3760.8000,3763.6000,3763.8000,3764.0000,3764.2000,3764.6000,4,1,6,7,1,1,1,1,1,1
SF,IF2007,2020-05-27 14:18:39.700,3763.0000,8502,0,2789634900.000,0,-,-,-,-,3762.6000,3762.4000,3762.2000,3762.0000,3761.0000,3763.6000,3763.8000,3764.0000,3764.2000,3764.6000,1,4,1,6,7,1,1,1,1,1
SF,IF2007,2020-05-27 14:18:40.700,3763.0000,8502,0,2789634900.000,0,-,-,-,-,3762.8000,3762.6000,3762.4000,3762.2000,3762.0000,3763.6000,3763.8000,3764.0000,3764.2000,3764.6000,1,1,4,1,6,1,1,1,1,1
SF,IF2007,2020-05-27 14:18:45.200,3763.0000,8502,0,2789634900.000,0,-,-,-,-,3763.0000,3762.8000,3762.6000,3762.4000,3762.2000,3763.6000,3763.8000,3764.0000,3764.2000,3764.6000,1,1,1,4,1,1,1,1,1,1
SF,IF2007,2020-05-27 14:18:49.200,3763.6000,8503,1,2790763980.000,1,1,0,双开,S,3763.0000,3762.8000,3762.6000,3762.4000,3762.2000,3763.8000,3764.0000,3764.2000,3764.6000,3765.2000,1,1,1,4,1,1,1,1,1,1
SF,IF2007,2020-05-27 14:18:49.700,3763.6000,8503,0,2790763980.000,0,-,-,-,-,3763.2000,3763.0000,3762.4000,3762.2000,3762.0000,3763.8000,3764.0000,3764.2000,3764.6000,3765.2000,2,1,4,1,6,1,1,1,1,1
SF,IF2007,2020-05-27 14:18:55.200,3763.6000,8503,0,2790763980.000,0,-,-,-,-,3763.2000,3762.4000,3762.2000,3762.0000,3761.0000,3763.8000,3764.0000,3764.2000,3764.6000,3765.2000,2,4,1,6,7,1,1,1,1,1
SF,IF2007,2020-05-27 14:18:55.700,3763.2000,8505,2,2793021900.000,2,2,0,双开,S,3762.4000,3762.2000,3762.0000,3761.0000,3760.8000,3763.6000,3763.8000,3764.0000,3764.2000,3764.6000,4,1,6,7,1,1,1,1,1,1
SF,IF2007,2020-05-27 14:18:56.200,3763.2000,8505,0,2793021900.000,0,-,-,-,-,3762.4000,3762.2000,3762.0000,3761.0000,3760.8000,3763.2000,3763.4000,3763.8000,3764.0000,3764.2000,4,1,6,7,1,1,2,1,1,1
SF,IF2007,2020-05-27 14:18:56.700,3763.2000,8505,0,2793021900.000,0,-,-,-,-,3762.4000,3762.2000,3762.0000,3761.0000,3760.8000,3763.2000,3763.4000,3763.8000,3764.0000,3764.2000,4,1,6,7,1,1,1,1,1,1
SF,IF2007,2020-05-27 14:19:01.200,3763.2000,8505,0,2793021900.000,0,-,-,-,-,3762.6000,3762.4000,3762.2000,3762.0000,3761.0000,3763.2000,3763.4000,3763.8000,3764.0000,3764.2000,1,4,1,6,7,1,1,1,1,1
SF,IF2007,2020-05-27 14:19:02.200,3763.2000,8506,1,2794150860.000,1,1,0,双开,S,3762.8000,3762.6000,3762.4000,3762.2000,3762.0000,3763.4000,3763.8000,3764.0000,3764.2000,3764.6000,1,1,4,1,6,1,1,1,1,1
SF,IF2007,2020-05-27 14:19:02.700,3763.2000,8506,0,2794150860.000,0,-,-,-,-,3762.8000,3762.6000,3762.4000,3762.2000,3762.0000,3763.8000,3764.0000,3764.2000,3764.6000,3765.2000,1,1,4,1,6,1,1,1,1,1
SF,IF2007,2020-05-27 14:19:14.200,3762.4000,8508,2,2796408420.000,2,2,0,双开,S,3762.4000,3762.2000,3762.0000,3761.0000,3760.8000,3763.2000,3763.6000,3763.8000,3764.0000,3764.2000,3,1,6,7,1,1,1,1,1,1
SF,IF2007,2020-05-27 14:19:14.700,3762.4000,8508,0,2796408420.000,0,-,-,-,-,3762.6000,3762.4000,3762.2000,3762.0000,3761.0000,3763.2000,3763.6000,3763.8000,3764.0000,3764.2000,1,3,1,6,7,1,1,1,1,1
SF,IF2007,2020-05-27 14:19:15.200,3762.4000,8508,0,2796408420.000,0,-,-,-,-,3762.4000,3762.2000,3762.0000,3761.0000,3760.8000,3763.2000,3763.6000,3763.8000,3764.0000,3764.2000,3,1,6,7,1,1,1,1,1,1
SF,IF2007,2020-05-27 14:19:20.200,3762.4000,8508,0,2796408420.000,0,-,-,-,-,3762.6000,3762.4000,3762.2000,3762.0000,3761.0000,3763.2000,3763.6000,3763.8000,3764.0000,3764.2000,1,3,1,6,7,1,1,1,1,1
SF,IF2007,2020-05-27 14:19:26.200,3762.4000,8508,0,2796408420.000,0,-,-,-,-,3762.6000,3762.4000,3762.2000,3762.0000,3761.0000,3763.2000,3763.6000,3763.8000,3764.0000,3764.2000,2,3,1,6,7,1,1,1,1,1
SF,IF2007,2020-05-27 14:19:31.700,3762.4000,8508,0,2796408420.000,0,-,-,-,-,3762.6000,3762.4000,3762.2000,3762.0000,3761.0000,3763.2000,3763.6000,3763.8000,3764.0000,3764.2000,1,3,1,6,7,1,1,1,1,1
SF,IF2007,2020-05-27 14:19:39.200,3762.4000,8508,0,2796408420.000,0,-,-,-,-,3762.4000,3762.2000,3762.0000,3761.0000,3760.8000,3763.2000,3763.6000,3763.8000,3764.0000,3764.2000,3,1,6,7,1,1,1,1,1,1
SF,IF2007,2020-05-27 14:19:41.700,3763.2000,8508,0,2797537380.000,1,0,1,多换,S,3762.6000,3762.4000,3762.2000,3762.0000,3761.0000,3763.6000,3763.8000,3764.0000,3764.2000,3764.6000,2,3,1,6,7,1,1,1,1,1
SF,IF2007,2020-05-27 14:19:46.700,3763.8000,8508,0,2799795600.000,2,1,1,多换,S,3763.6000,3763.0000,3762.8000,3762.6000,3762.4000,3764.0000,3764.2000,3764.6000,3765.2000,3765.4000,1,1,10,1,3,1,1,1,1,1
SF,IF2007,2020-05-27 14:19:47.200,3763.8000,8508,0,2800924740.000,1,0,1,多换,S,3762.8000,3762.6000,3762.4000,3762.2000,3762.0000,3764.0000,3764.2000,3764.6000,3765.2000,3765.4000,2,1,3,1,6,1,1,1,1,1
SF,IF2007,2020-05-27 14:19:47.700,3763.8000,8508,0,2800924740.000,0,-,-,-,-,3763.0000,3762.8000,3762.6000,3762.4000,3762.2000,3763.8000,3764.0000,3764.2000,3764.6000,3765.2000,5,2,1,3,1,1,1,1,1,1
SF,IF2007,2020-05-27 14:19:48.700,3763.8000,8508,0,2800924740.000,0,-,-,-,-,3763.0000,3762.8000,3762.6000,3762.4000,3762.2000,3763.8000,3764.0000,3764.2000,3764.6000,3765.2000,4,2,1,3,1,1,1,1,1,1
SF,IF2007,2020-05-27 14:19:49.200,3763.8000,8508,0,2800924740.000,0,-,-,-,-,3763.2000,3763.0000,3762.8000,3762.6000,3762.4000,3763.8000,3764.0000,3764.2000,3764.6000,3765.2000,1,2,2,1,3,1,1,1,1,1
SF,IF2007,2020-05-27 14:19:50.200,3763.8000,8508,0,2800924740.000,0,-,-,-,-,3763.0000,3762.6000,3762.4000,3762.2000,3762.0000,3763.8000,3764.0000,3764.2000,3764.6000,3765.2000,2,1,3,1,6,1,1,1,1,1
SF,IF2007,2020-05-27 14:19:52.700,3763.8000,8508,0,2800924740.000,0,-,-,-,-,3763.0000,3762.6000,3762.2000,3762.0000,3761.0000,3763.8000,3764.0000,3764.2000,3764.6000,3765.2000,2,1,1,6,7,1,1,1,1,1
SF,IF2007,2020-05-27 14:19:53.200,3763.8000,8508,0,2800924740.000,0,-,-,-,-,3763.2000,3763.0000,3762.6000,3762.2000,3762.0000,3763.8000,3764.0000,3764.2000,3764.6000,3765.2000,1,2,1,1,6,1,1,1,1,1
SF,IF2007,2020-05-27 14:20:00.200,3763.8000,8508,0,2800924740.000,0,-,-,-,-,3763.2000,3763.0000,3762.6000,3762.2000,3762.0000,3763.8000,3764.0000,3764.2000,3764.6000,3765.2000,1,2,1,1,7,1,1,1,1,1
SF,IF2007,2020-05-27 14:20:04.200,3763.2000,8508,0,2802053700.000,1,0,1,多换,S,3762.2000,3762.0000,3761.0000,3760.8000,3760.2000,3763.8000,3764.0000,3764.2000,3764.6000,3765.2000,1,7,7,1,2,1,1,1,1,1
SF,IF2007,2020-05-27 14:20:04.700,3763.2000,8508,0,2802053700.000,0,-,-,-,-,3762.6000,3762.4000,3762.2000,3762.0000,3761.0000,3763.6000,3763.8000,3764.0000,3764.2000,3764.6000,1,2,1,7,7,1,1,1,1,1
SF,IF2007,2020-05-27 14:20:05.200,3763.2000,8508,0,2802053700.000,0,-,-,-,-,3762.6000,3762.4000,3762.2000,3762.0000,3761.0000,3763.4000,3763.6000,3764.0000,3764.2000,3764.6000,1,1,1,7,7,1,1,1,1,1
SF,IF2007,2020-05-27 14:20:07.700,3763.2000,8508,0,2802053700.000,0,-,-,-,-,3762.6000,3762.4000,3762.2000,3762.0000,3761.0000,3763.2000,3763.4000,3763.6000,3764.0000,3764.2000,1,1,1,7,7,1,1,1,1,1
SF,IF2007,2020-05-27 14:20:08.700,3763.2000,8508,0,2802053700.000,0,-,-,-,-,3762.4000,3762.2000,3762.0000,3761.0000,3760.8000,3763.2000,3763.4000,3763.6000,3764.0000,3764.2000,1,1,7,7,1,1,1,1,1,1
SF,IF2007,2020-05-27 14:20:11.200,3763.2000,8508,0,2802053700.000,0,-,-,-,-,3762.2000,3762.0000,3761.0000,3760.8000,3760.2000,3762.8000,3763.2000,3763.4000,3763.6000,3764.0000,1,7,7,1,2,1,1,1,1,1
SF,IF2007,2020-05-27 14:20:12.200,3763.2000,8508,0,2802053700.000,0,-,-,-,-,3762.2000,3762.0000,3761.0000,3760.8000,3760.2000,3763.2000,3763.4000,3764.0000,3764.2000,3764.6000,1,7,7,1,2,2,1,1,1,1
SF,IF2007,2020-05-27 14:20:12.700,3763.2000,8508,0,2802053700.000,0,-,-,-,-,3762.2000,3762.0000,3761.0000,3760.8000,3760.2000,3763.0000,3763.2000,3764.0000,3764.2000,3764.6000,1,7,7,1,2,1,2,1,1,1
SF,IF2007,2020-05-27 14:20:15.700,3762.0000,8510,2,2804310960.000,2,2,0,双开,S,3762.0000,3761.0000,3760.8000,3760.2000,3760.0000,3763.0000,3763.2000,3764.0000,3764.2000,3764.6000,6,7,1,2,1,1,2,1,1,1
SF,IF2007,2020-05-27 14:20:16.200,3762.0000,8510,0,2804310960.000,0,-,-,-,-,3762.0000,3761.0000,3760.8000,3760.2000,3760.0000,3762.6000,3762.8000,3763.0000,3763.2000,3764.0000,6,7,1,2,1,1,1,1,2,1
SF,IF2007,2020-05-27 14:20:18.700,3762.0000,8512,2,2806568160.000,2,2,0,双开,S,3762.0000,3761.0000,3760.8000,3760.2000,3760.0000,3762.6000,3762.8000,3763.0000,3763.2000,3764.0000,4,7,1,2,1,1,1,1,2,1
SF,IF2007,2020-05-27 14:20:19.700,3762.0000,8512,0,2806568160.000,0,-,-,-,-,3762.0000,3761.0000,3760.8000,3760.2000,3760.0000,3762.8000,3763.0000,3763.2000,3764.0000,3764.2000,3,7,1,2,1,1,1,2,1,1
SF,IF2007,2020-05-27 14:20:21.200,3762.0000,8512,0,2806568160.000,0,-,-,-,-,3762.0000,3761.0000,3760.8000,3760.2000,3760.0000,3762.4000,3762.8000,3763.0000,3763.2000,3764.0000,3,7,1,2,1,1,1,1,2,1
SF,IF2007,2020-05-27 14:20:21.700,3762.0000,8515,3,2809953960.000,3,3,0,双开,S,3761.0000,3760.8000,3760.2000,3760.0000,3758.0000,3762.4000,3762.8000,3763.0000,3763.2000,3764.0000,7,1,2,1,4,1,1,1,2,1
SF,IF2007,2020-05-27 14:20:22.200,3762.0000,8515,0,2809953960.000,0,-,-,-,-,3761.4000,3761.2000,3761.0000,3760.8000,3760.2000,3762.2000,3762.4000,3763.2000,3764.0000,3764.2000,1,2,7,1,2,1,1,2,1,1
SF,IF2007,2020-05-27 14:20:22.700,3762.0000,8515,0,2809953960.000,0,-,-,-,-,3761.4000,3761.2000,3761.0000,3760.8000,3760.2000,3762.2000,3762.4000,3763.2000,3764.0000,3764.2000,1,1,7,1,2,1,1,2,1,1
SF,IF2007,2020-05-27 14:20:24.200,3762.0000,8515,0,2809953960.000,0,-,-,-,-,3761.4000,3761.2000,3761.0000,3760.8000,3760.2000,3762.2000,3763.2000,3764.0000,3764.2000,3764.6000,1,1,7,1,2,1,2,1,1,1
SF,IF2007,2020-05-27 14:20:26.700,3762.0000,8515,0,2809953960.000,0,-,-,-,-,3761.4000,3761.2000,3761.0000,3760.8000,3760.2000,3762.2000,3763.2000,3764.0000,3764.2000,3764.6000,1,1,7,1,2,1,2,1,1,1
SF,IF2007,2020-05-27 14:20:28.200,3762.0000,8515,0,2809953960.000,0,-,-,-,-,3761.4000,3761.2000,3761.0000,3760.8000,3760.2000,3762.0000,3762.2000,3763.2000,3764.0000,3764.2000,1,1,7,1,2,1,1,2,1,1
SF,IF2007,2020-05-27 14:20:29.700,3761.4000,8516,1,2811082380.000,1,1,0,双开,S,3761.2000,3761.0000,3760.8000,3760.2000,3760.0000,3762.0000,3762.2000,3763.2000,3764.0000,3764.2000,1,7,1,2,1,1,1,2,1,1
SF,IF2007,2020-05-27 14:20:30.200,3761.4000,8516,0,2811082380.000,0,-,-,-,-,3761.0000,3760.8000,3760.2000,3760.0000,3758.0000,3762.0000,3762.2000,3763.2000,3764.0000,3764.2000,7,1,2,1,4,1,1,2,1,1
SF,IF2007,2020-05-27 14:20:30.700,3761.4000,8516,0,2811082380.000,0,-,-,-,-,3761.0000,3760.8000,3760.2000,3760.0000,3758.0000,3761.8000,3762.0000,3763.2000,3764.0000,3764.2000,7,1,2,1,4,1,1,1,1,1
SF,IF2007,2020-05-27 14:20:34.200,3761.4000,8516,0,2811082380.000,0,-,-,-,-,3761.0000,3760.8000,3760.2000,3760.0000,3758.0000,3761.8000,3762.0000,3763.2000,3764.0000,3764.2000,7,1,2,1,4,1,1,1,1,1
SF,IF2007,2020-05-27 14:20:34.700,3761.4000,8516,0,2811082380.000,0,-,-,-,-,3761.0000,3760.8000,3760.2000,3760.0000,3758.0000,3761.4000,3761.8000,3762.0000,3763.2000,3764.0000,7,1,2,1,4,1,1,1,1,1
SF,IF2007,2020-05-27 14:20:36.700,3761.4000,8516,0,2811082380.000,0,-,-,-,-,3761.0000,3760.8000,3760.2000,3760.0000,3758.0000,3761.4000,3761.8000,3762.0000,3762.8000,3763.2000,7,1,2,1,4,1,1,1,1,1
SF,IF2007,2020-05-27 14:20:37.200,3761.4000,8517,1,2812210800.000,1,1,0,双开,S,3761.4000,3761.0000,3760.8000,3760.2000,3760.0000,3761.8000,3762.0000,3762.8000,3763.2000,3764.0000,1,7,1,2,1,1,1,1,1,1
SF,IF2007,2020-05-27 14:20:37.700,3761.4000,8517,0,2812210800.000,0,-,-,-,-,3761.0000,3760.8000,3760.2000,3760.0000,3758.0000,3761.8000,3762.0000,3762.8000,3763.2000,3764.0000,7,1,2,1,4,1,1,1,1,1
SF,IF2007,2020-05-27 14:20:38.700,3761.8000,8518,1,2813339340.000,1,1,0,双开,S,3761.8000,3761.6000,3761.0000,3760.8000,3760.2000,3762.8000,3763.2000,3764.0000,3764.2000,3764.6000,1,1,7,1,2,1,1,1,1,1
SF,IF2007,2020-05-27 14:20:39.200,3761.8000,8518,0,2813339340.000,0,-,-,-,-,3761.6000,3761.0000,3760.8000,3760.2000,3760.0000,3762.6000,3762.8000,3763.2000,3764.0000,3764.2000,1,7,1,2,1,3,1,1,1,1
SF,IF2007,2020-05-27 14:20:39.700,3761.8000,8518,0,2813339340.000,0,-,-,-,-,3761.0000,3760.8000,3760.2000,3760.0000,3758.0000,3762.4000,3762.6000,3762.8000,3763.2000,3764.0000,7,1,2,1,4,1,3,1,1,1
SF,IF2007,2020-05-27 14:20:40.200,3761.8000,8518,0,2813339340.000,0,-,-,-,-,3761.2000,3761.0000,3760.8000,3760.2000,3760.0000,3762.2000,3762.4000,3762.6000,3762.8000,3763.2000,2,7,1,2,1,1,1,2,1,1
SF,IF2007,2020-05-27 14:20:41.700,3761.8000,8518,0,2813339340.000,0,-,-,-,-,3761.2000,3761.0000,3760.8000,3760.2000,3760.0000,3762.2000,3762.4000,3762.6000,3762.8000,3763.2000,2,7,1,2,1,1,1,1,1,1
SF,IF2007,2020-05-27 14:20:42.700,3761.8000,8518,0,2813339340.000,0,-,-,-,-,3761.2000,3761.0000,3760.8000,3760.2000,3760.0000,3762.2000,3762.4000,3762.8000,3763.2000,3764.0000,2,7,1,2,1,1,1,1,1,1
SF,IF2007,2020-05-27 14:20:44.700,3761.8000,8518,0,2813339340.000,0,-,-,-,-,3761.2000,3761.0000,3760.8000,3760.2000,3760.0000,3762.0000,3762.2000,3762.4000,3762.8000,3763.2000,2,7,1,2,1,1,2,1,1,1
SF,IF2007,2020-05-27 14:20:45.200,3761.8000,8518,0,2813339340.000,0,-,-,-,-,3761.0000,3760.8000,3760.2000,3760.0000,3758.0000,3761.2000,3762.0000,3762.2000,3762.4000,3762.8000,7,1,2,1,4,1,1,2,1,1
SF,IF2007,2020-05-27 14:20:45.700,3761.2000,8518,0,2814467700.000,1,0,1,多换,S,3761.4000,3761.0000,3760.8000,3760.2000,3760.0000,3762.0000,3762.2000,3762.4000,3762.8000,3763.2000,1,7,1,2,1,1,1,1,1,1
SF,IF2007,2020-05-27 14:20:46.200,3761.2000,8518,0,2814467700.000,0,-,-,-,-,3761.0000,3760.8000,3760.2000,3760.0000,3758.0000,3762.2000,3762.4000,3762.8000,3763.2000,3764.0000,7,1,2,1,4,1,1,1,1,1
SF,IF2007,2020-05-27 14:20:46.700,3761.2000,8518,0,2814467700.000,0,-,-,-,-,3761.2000,3761.0000,3760.8000,3760.2000,3760.0000,3762.2000,3762.4000,3762.8000,3763.2000,3764.0000,1,7,1,2,1,1,1,1,1,1
SF,IF2007,2020-05-27 14:20:47.200,3761.2000,8518,0,2814467700.000,0,-,-,-,-,3761.0000,3760.8000,3760.2000,3760.0000,3758.0000,3762.2000,3762.4000,3762.8000,3763.2000,3764.0000,7,1,2,1,4,1,1,1,1,1
SF,IF2007,2020-05-27 14:20:48.700,3761.2000,8518,0,2814467700.000,0,-,-,-,-,3761.0000,3760.8000,3760.2000,3760.0000,3758.0000,3762.0000,3762.2000,3762.4000,3762.8000,3763.2000,7,1,2,1,4,1,1,1,1,1
SF,IF2007,2020-05-27 14:20:49.200,3761.2000,8518,0,2814467700.000,0,-,-,-,-,3761.0000,3760.8000,3760.2000,3760.0000,3758.0000,3761.8000,3762.0000,3762.4000,3762.8000,3763.2000,7,1,2,1,4,1,1,1,1,1
SF,IF2007,2020-05-27 14:20:52.700,3761.2000,8518,0,2814467700.000,0,-,-,-,-,3761.0000,3760.8000,3760.2000,3760.0000,3758.0000,3761.8000,3762.4000,3762.8000,3763.2000,3764.0000,7,1,2,1,4,1,1,1,1,1
SF,IF2007,2020-05-27 14:20:59.200,3761.2000,8518,0,2814467700.000,0,-,-,-,-,3761.0000,3760.8000,3760.2000,3760.0000,3758.0000,3761.2000,3761.8000,3762.4000,3762.8000,3763.2000,7,1,2,1,4,1,2,1,1,1
SF,IF2007,2020-05-27 14:21:00.200,3761.2000,8519,1,2815596060.000,1,1,0,双开,S,3761.0000,3760.8000,3760.2000,3760.0000,3758.0000,3761.8000,3762.4000,3762.8000,3763.2000,3764.0000,7,1,2,1,4,2,1,1,1,1
SF,IF2007,2020-05-27 14:21:01.700,3761.2000,8519,0,2815596060.000,0,-,-,-,-,3761.0000,3760.8000,3760.2000,3760.0000,3758.0000,3761.6000,3761.8000,3762.4000,3762.8000,3763.2000,7,1,2,1,4,1,2,1,1,1
SF,IF2007,2020-05-27 14:21:02.700,3761.6000,8520,1,2816724540.000,1,1,0,双开,S,3761.6000,3761.2000,3761.0000,3760.8000,3760.2000,3761.8000,3762.4000,3762.8000,3763.2000,3764.0000,1,1,7,1,2,2,1,1,1,1
SF,IF2007,2020-05-27 14:21:03.200,3761.6000,8520,0,2817853020.000,1,0,1,多换,S,3761.2000,3761.0000,3760.8000,3760.2000,3760.0000,3761.8000,3762.4000,3762.8000,3763.2000,3764.0000,1,7,1,2,1,2,1,1,1,1
SF,IF2007,2020-05-27 14:21:03.700,3761.6000,8520,0,2817853020.000,0,-,-,-,-,3761.0000,3760.8000,3760.2000,3760.0000,3758.0000,3762.4000,3762.8000,3763.2000,3764.0000,3764.2000,7,1,2,1,4,1,1,1,1,1
SF,IF2007,2020-05-27 14:21:04.200,3761.6000,8520,0,2817853020.000,0,-,-,-,-,3761.2000,3761.0000,3760.8000,3760.2000,3760.0000,3762.2000,3762.4000,3762.8000,3763.2000,3764.0000,3,7,1,2,1,1,1,1,1,1
SF,IF2007,2020-05-27 14:21:05.200,3761.6000,8520,0,2817853020.000,0,-,-,-,-,3761.6000,3761.2000,3761.0000,3760.8000,3760.2000,3762.2000,3762.8000,3763.2000,3764.0000,3764.2000,1,3,7,1,2,1,1,1,1,1
SF,IF2007,2020-05-27 14:21:05.700,3761.6000,8520,0,2817853020.000,0,-,-,-,-,3761.8000,3761.6000,3761.2000,3761.0000,3760.8000,3762.8000,3763.2000,3764.0000,3764.2000,3764.6000,1,1,1,7,1,1,1,1,1,1
SF,IF2007,2020-05-27 14:21:06.200,3761.6000,8520,0,2817853020.000,0,-,-,-,-,3762.2000,3762.0000,3761.6000,3761.0000,3760.8000,3762.8000,3763.2000,3764.0000,3764.2000,3764.6000,1,2,1,7,1,1,1,1,1,1
SF,IF2007,2020-05-27 14:21:11.700,3761.6000,8520,0,2817853020.000,0,-,-,-,-,3762.2000,3762.0000,3761.6000,3761.0000,3760.8000,3762.8000,3763.2000,3764.0000,3764.2000,3764.6000,1,1,1,7,1,1,1,1,1,1
SF,IF2007,2020-05-27 14:21:12.200,3761.6000,8520,0,2817853020.000,0,-,-,-,-,3762.0000,3761.6000,3761.0000,3760.8000,3760.2000,3762.2000,3762.8000,3763.2000,3764.0000,3764.2000,1,1,7,1,2,1,1,1,1,1
SF,IF2007,2020-05-27 14:21:12.700,3762.2000,8521,1,2818981680.000,1,1,0,双开,S,3762.0000,3761.6000,3761.0000,3760.8000,3760.2000,3762.8000,3763.2000,3764.0000,3764.2000,3764.6000,1,1,7,1,2,1,1,1,1,1
SF,IF2007,2020-05-27 14:21:15.700,3762.2000,8521,0,2818981680.000,0,-,-,-,-,3762.0000,3761.6000,3761.0000,3760.8000,3760.2000,3762.4000,3762.8000,3763.2000,3764.0000,3764.2000,1,1,7,1,2,1,1,1,1,1
SF,IF2007,2020-05-27 14:21:16.700,3762.4000,8522,1,2820110400.000,1,1,0,双开,S,3762.2000,3762.0000,3761.6000,3761.0000,3760.8000,3762.8000,3763.2000,3764.0000,3764.2000,3764.6000,1,1,1,7,1,1,1,1,1,1
SF,IF2007,2020-05-27 14:21:17.200,3762.2000,8523,1,2821239060.000,1,1,0,双开,S,3762.0000,3761.6000,3761.0000,3760.8000,3760.2000,3762.2000,3762.8000,3763.2000,3764.0000,3764.2000,1,1,7,1,2,3,1,1,1,1
SF,IF2007,2020-05-27 14:21:17.700,3762.2000,8526,3,2824625040.000,3,3,0,双开,S,3762.0000,3761.6000,3761.0000,3760.8000,3760.2000,3762.8000,3763.2000,3764.0000,3764.2000,3764.6000,1,1,7,1,2,1,1,1,1,1
SF,IF2007,2020-05-27 14:21:20.200,3762.2000,8526,0,2824625040.000,0,-,-,-,-,3762.0000,3761.6000,3761.0000,3760.8000,3760.2000,3762.6000,3762.8000,3763.2000,3764.0000,3764.2000,1,1,7,1,2,1,1,1,1,1
SF,IF2007,2020-05-27 14:21:21.200,3762.2000,8526,0,2824625040.000,0,-,-,-,-,3762.0000,3761.6000,3761.0000,3760.8000,3760.2000,3762.6000,3762.8000,3763.2000,3764.0000,3764.6000,1,1,7,1,2,1,1,1,1,1
SF,IF2007,2020-05-27 14:21:25.200,3762.2000,8526,0,2824625040.000,0,-,-,-,-,3762.0000,3761.6000,3761.0000,3760.8000,3760.2000,3762.4000,3762.6000,3762.8000,3763.2000,3764.0000,1,1,7,1,2,1,1,1,1,1
SF,IF2007,2020-05-27 14:21:25.700,3762.2000,8526,0,2824625040.000,0,-,-,-,-,3761.6000,3761.0000,3760.8000,3760.2000,3760.0000,3762.4000,3762.6000,3762.8000,3763.2000,3764.0000,1,7,1,2,1,1,1,1,1,1
SF,IF2007,2020-05-27 14:21:26.700,3762.2000,8526,0,2824625040.000,0,-,-,-,-,3761.0000,3760.8000,3760.2000,3760.0000,3758.0000,3762.4000,3762.6000,3762.8000,3763.2000,3764.0000,7,1,2,1,4,1,1,1,1,1
SF,IF2007,2020-05-27 14:21:27.200,3762.2000,8526,0,2824625040.000,0,-,-,-,-,3761.2000,3761.0000,3760.8000,3760.2000,3760.0000,3762.2000,3762.4000,3762.6000,3762.8000,3763.2000,2,7,1,2,1,1,1,1,1,1
SF,IF2007,2020-05-27 14:21:27.700,3762.2000,8526,0,2824625040.000,0,-,-,-,-,3761.4000,3761.2000,3761.0000,3760.8000,3760.2000,3762.2000,3762.4000,3762.6000,3762.8000,3763.2000,1,2,7,1,2,1,1,1,1,1
SF,IF2007,2020-05-27 14:21:29.200,3762.2000,8526,0,2824625040.000,0,-,-,-,-,3761.6000,3761.4000,3761.2000,3761.0000,3760.8000,3762.2000,3762.4000,3762.6000,3762.8000,3763.2000,1,1,2,7,1,1,1,1,1,1
SF,IF2007,2020-05-27 14:21:29.700,3762.2000,8526,0,2824625040.000,0,-,-,-,-,3761.6000,3761.4000,3761.2000,3761.0000,3760.8000,3762.4000,3762.6000,3762.8000,3763.2000,3764.0000,1,1,2,7,1,1,1,1,1,1
SF,IF2007,2020-05-27 14:21:35.700,3762.2000,8526,0,2824625040.000,0,-,-,-,-,3761.4000,3761.2000,3761.0000,3760.8000,3760.2000,3762.4000,3762.6000,3762.8000,3763.2000,3764.0000,1,2,7,1,2,1,1,1,1,1
SF,IF2007,2020-05-27 14:21:36.200,3762.2000,8526,0,2824625040.000,0,-,-,-,-,3761.2000,3761.0000,3760.8000,3760.2000,3760.0000,3762.4000,3762.6000,3762.8000,3763.2000,3764.0000,2,7,1,2,1,1,1,1,1,1
SF,IF2007,2020-05-27 14:21:36.700,3762.2000,8526,0,2824625040.000,0,-,-,-,-,3761.2000,3761.0000,3760.8000,3760.2000,3760.0000,3762.2000,3762.4000,3762.6000,3762.8000,3763.2000,2,7,1,2,1,1,1,1,1,1
SF,IF2007,2020-05-27 14:21:37.200,3761.2000,8528,2,2826881760.000,2,2,0,双开,S,3761.0000,3760.8000,3760.2000,3760.0000,3758.0000,3762.2000,3762.4000,3762.6000,3762.8000,3763.2000,7,1,2,1,4,1,1,1,1,1
SF,IF2007,2020-05-27 14:21:37.700,3761.2000,8528,0,2826881760.000,0,-,-,-,-,3761.2000,3761.0000,3760.8000,3760.2000,3760.0000,3762.2000,3762.4000,3762.6000,3762.8000,3763.2000,3,7,1,2,1,1,1,1,1,1
SF,IF2007,2020-05-27 14:21:39.200,3761.2000,8528,0,2826881760.000,0,-,-,-,-,3761.2000,3761.0000,3760.8000,3760.2000,3760.0000,3762.2000,3762.4000,3762.6000,3762.8000,3763.2000,3,7,1,2,1,1,1,1,1,1
SF,IF2007,2020-05-27 14:21:39.700,3761.2000,8527,-1,2828010120.000,1,0,1,双平,S,3761.0000,3760.8000,3760.2000,3760.0000,3758.0000,3762.0000,3762.2000,3762.6000,3762.8000,3763.2000,7,1,2,1,4,1,1,1,1,1
SF,IF2007,2020-05-27 14:21:40.200,3761.2000,8527,0,2828010120.000,0,-,-,-,-,3761.0000,3760.8000,3760.2000,3760.0000,3758.0000,3761.8000,3762.0000,3762.6000,3762.8000,3763.2000,7,1,2,1,4,1,1,1,1,1
SF,IF2007,2020-05-27 14:21:44.200,3761.8000,8528,1,2829138660.000,1,1,0,双开,S,3761.0000,3760.8000,3760.2000,3760.0000,3758.0000,3762.0000,3762.6000,3762.8000,3763.2000,3764.0000,7,1,2,1,4,1,1,1,1,1
SF,IF2007,2020-05-27 14:21:45.200,3761.8000,8528,0,2829138660.000,0,-,-,-,-,3761.2000,3761.0000,3760.8000,3760.2000,3760.0000,3762.0000,3762.6000,3762.8000,3763.2000,3764.0000,1,7,1,2,1,1,1,1,1,1
SF,IF2007,2020-05-27 14:21:47.700,3761.2000,8529,1,2830267020.000,1,1,0,双开,S,3761.0000,3760.8000,3760.2000,3760.0000,3758.0000,3762.0000,3762.6000,3762.8000,3763.2000,3764.0000,7,1,2,1,4,1,1,1,1,1
SF,IF2007,2020-05-27 14:21:48.200,3761.2000,8529,0,2830267020.000,0,-,-,-,-,3761.0000,3760.8000,3760.2000,3760.0000,3758.0000,3761.6000,3761.8000,3762.6000,3762.8000,3763.2000,7,1,2,1,4,1,1,1,1,1
SF,IF2007,2020-05-27 14:21:50.700,3761.2000,8529,0,2830267020.000,0,-,-,-,-,3761.2000,3761.0000,3760.8000,3760.2000,3760.0000,3761.6000,3761.8000,3762.6000,3762.8000,3764.0000,1,7,1,2,1,1,1,1,1,1
SF,IF2007,2020-05-27 14:21:51.200,3761.2000,8529,0,2830267020.000,0,-,-,-,-,3761.2000,3761.0000,3760.8000,3760.2000,3760.0000,3761.6000,3761.8000,3762.8000,3764.0000,3764.6000,1,7,1,2,1,1,1,1,1,1
SF,IF2007,2020-05-27 14:21:52.200,3761.2000,8530,1,2831395380.000,1,1,0,双开,S,3761.0000,3760.8000,3760.2000,3760.0000,3758.0000,3761.6000,3761.8000,3762.8000,3764.0000,3764.6000,7,1,2,1,4,1,1,1,1,1
SF,IF2007,2020-05-27 14:21:56.700,3761.0000,8532,2,2833651980.000,2,2,0,双开,S,3761.0000,3760.8000,3760.2000,3760.0000,3758.0000,3761.6000,3761.8000,3762.8000,3764.0000,3764.6000,5,1,2,1,4,1,1,1,1,1
SF,IF2007,2020-05-27 14:21:57.700,3761.6000,8532,0,2834780460.000,1,0,1,多换,S,3761.0000,3760.8000,3760.2000,3760.0000,3758.0000,3761.8000,3762.8000,3764.0000,3764.6000,3765.2000,5,1,2,1,4,1,1,1,1,2
SF,IF2007,2020-05-27 14:21:59.700,3761.6000,8532,0,2834780460.000,0,-,-,-,-,3761.0000,3760.8000,3760.2000,3760.0000,3758.0000,3761.8000,3762.8000,3764.0000,3764.6000,3765.2000,5,1,1,1,4,1,1,1,1,2
SF,IF2007,2020-05-27 14:22:01.200,3761.0000,8534,2,2837037060.000,2,2,0,双开,S,3761.0000,3760.8000,3760.2000,3760.0000,3758.0000,3761.8000,3762.8000,3764.0000,3764.6000,3765.2000,3,1,1,1,4,1,1,1,1,2
SF,IF2007,2020-05-27 14:22:01.700,3761.0000,8534,0,2837037060.000,0,-,-,-,-,3761.2000,3761.0000,3760.8000,3760.2000,3760.0000,3762.8000,3764.0000,3764.6000,3765.2000,3765.4000,1,3,1,1,1,1,1,1,2,1
SF,IF2007,2020-05-27 14:22:02.200,3761.0000,8534,0,2837037060.000,0,-,-,-,-,3761.4000,3761.2000,3761.0000,3760.8000,3760.2000,3762.4000,3762.6000,3762.8000,3764.0000,3764.6000,1,1,3,1,1,3,1,1,1,1
SF,IF2007,2020-05-27 14:22:04.200,3761.0000,8535,1,2838165360.000,1,1,0,双开,S,3761.2000,3761.0000,3760.8000,3760.2000,3760.0000,3762.4000,3762.6000,3762.8000,3764.0000,3764.6000,1,3,1,1,1,3,1,1,1,1
SF,IF2007,2020-05-27 14:22:04.700,3761.0000,8535,0,2838165360.000,0,-,-,-,-,3761.2000,3761.0000,3760.8000,3760.2000,3760.0000,3762.2000,3762.4000,3762.6000,3762.8000,3764.0000,1,3,1,1,1,1,1,1,1,1
SF,IF2007,2020-05-27 14:22:06.200,3761.0000,8535,0,2838165360.000,0,-,-,-,-,3761.2000,3761.0000,3760.8000,3760.2000,3760.0000,3762.2000,3762.4000,3762.6000,3762.8000,3764.0000,2,3,1,1,1,1,1,1,1,1
SF,IF2007,2020-05-27 14:22:10.200,3761.2000,8537,2,2840422080.000,2,2,0,双开,S,3761.0000,3760.8000,3760.2000,3760.0000,3758.0000,3762.2000,3762.4000,3762.6000,3762.8000,3764.0000,3,1,1,1,4,1,1,1,1,1
SF,IF2007,2020-05-27 14:22:10.700,3761.2000,8537,0,2840422080.000,0,-,-,-,-,3761.0000,3760.8000,3760.2000,3760.0000,3758.0000,3761.8000,3762.0000,3762.4000,3762.8000,3764.0000,3,1,1,1,4,1,2,1,1,1
SF,IF2007,2020-05-27 14:22:11.200,3761.2000,8537,0,2840422080.000,0,-,-,-,-,3761.0000,3760.8000,3760.2000,3760.0000,3758.0000,3761.8000,3762.0000,3762.8000,3764.0000,3764.6000,3,1,1,1,4,1,1,1,1,1
SF,IF2007,2020-05-27 14:22:12.700,3761.2000,8537,0,2840422080.000,0,-,-,-,-,3761.2000,3761.0000,3760.8000,3760.2000,3760.0000,3761.8000,3762.0000,3762.8000,3764.0000,3764.6000,1,3,1,1,1,1,1,1,1,1
SF,IF2007,2020-05-27 14:22:13.700,3761.2000,8537,0,2840422080.000,0,-,-,-,-,3761.0000,3760.8000,3760.2000,3760.0000,3758.0000,3761.8000,3762.0000,3762.8000,3764.0000,3764.6000,3,1,1,1,4,1,1,1,1,1
SF,IF2007,2020-05-27 14:22:14.700,3761.2000,8537,0,2840422080.000,0,-,-,-,-,3761.0000,3760.8000,3760.2000,3760.0000,3758.0000,3761.4000,3762.0000,3762.8000,3764.0000,3764.6000,3,1,1,1,4,1,1,1,1,1
SF,IF2007,2020-05-27 14:22:17.200,3761.0000,8538,1,2841550380.000,1,1,0,双开,S,3761.0000,3760.8000,3760.2000,3760.0000,3758.0000,3761.4000,3762.0000,3762.8000,3764.0000,3764.6000,2,1,1,1,4,1,1,1,1,1
SF,IF2007,2020-05-27 14:22:18.700,3761.0000,8538,0,2841550380.000,0,-,-,-,-,3761.0000,3760.8000,3760.2000,3760.0000,3758.0000,3761.4000,3762.0000,3762.8000,3764.0000,3764.6000,2,1,1,1,4,1,2,1,1,1
SF,IF2007,2020-05-27 14:22:26.700,3761.4000,8538,0,2842678800.000,1,0,1,多换,S,3761.4000,3761.0000,3760.8000,3760.2000,3760.0000,3762.0000,3762.8000,3764.0000,3764.6000,3765.2000,1,2,1,1,1,2,1,1,1,2
SF,IF2007,2020-05-27 14:22:28.200,3762.0000,8540,2,2846064420.000,3,2,1,空开,S,3761.0000,3760.8000,3760.2000,3760.0000,3758.0000,3762.8000,3764.0000,3764.6000,3765.2000,3765.4000,2,1,1,1,4,1,1,1,2,1
SF,IF2007,2020-05-27 14:22:28.700,3762.0000,8540,0,2846064420.000,0,-,-,-,-,3761.2000,3761.0000,3760.8000,3760.2000,3760.0000,3762.0000,3762.4000,3762.6000,3762.8000,3764.0000,1,2,1,1,1,2,1,5,1,1
SF,IF2007,2020-05-27 14:22:29.200,3762.0000,8540,0,2846064420.000,0,-,-,-,-,3761.2000,3761.0000,3760.8000,3760.2000,3760.0000,3762.0000,3762.6000,3762.8000,3764.0000,3764.6000,1,2,1,1,1,2,5,1,1,1
SF,IF2007,2020-05-27 14:22:33.200,3762.0000,8540,0,2846064420.000,0,-,-,-,-,3761.2000,3761.0000,3760.8000,3760.2000,3760.0000,3762.0000,3762.6000,3762.8000,3764.0000,3764.6000,1,2,1,1,1,2,4,1,1,1
SF,IF2007,2020-05-27 14:22:39.200,3762.0000,8540,0,2846064420.000,0,-,-,-,-,3761.2000,3761.0000,3760.8000,3760.2000,3760.0000,3762.6000,3762.8000,3764.0000,3764.6000,3765.2000,1,2,1,1,1,1,1,1,1,2
SF,IF2007,2020-05-27 14:22:39.700,3762.0000,8540,0,2846064420.000,0,-,-,-,-,3761.2000,3761.0000,3760.8000,3760.2000,3760.0000,3762.4000,3762.6000,3762.8000,3764.0000,3764.6000,1,2,1,1,1,1,1,1,1,1
SF,IF2007,2020-05-27 14:22:40.700,3762.0000,8540,0,2846064420.000,0,-,-,-,-,3761.4000,3761.2000,3761.0000,3760.8000,3760.2000,3762.4000,3762.6000,3762.8000,3764.0000,3764.6000,2,1,2,1,1,1,1,1,1,1
SF,IF2007,2020-05-27 14:22:45.200,3762.0000,8540,0,2846064420.000,0,-,-,-,-,3761.6000,3761.4000,3761.2000,3761.0000,3760.8000,3762.4000,3762.6000,3762.8000,3764.0000,3764.6000,1,2,1,2,1,1,1,1,1,1
SF,IF2007,2020-05-27 14:22:47.700,3762.0000,8540,0,2846064420.000,0,-,-,-,-,3761.4000,3761.2000,3761.0000,3760.8000,3760.2000,3762.4000,3762.6000,3762.8000,3764.0000,3764.6000,2,1,2,1,1,1,1,1,1,1
SF,IF2007,2020-05-27 14:22:52.700,3762.0000,8540,0,2846064420.000,0,-,-,-,-,3761.6000,3761.4000,3761.2000,3761.0000,3760.8000,3762.4000,3762.6000,3762.8000,3764.0000,3764.6000,1,2,1,2,1,1,1,1,1,1
SF,IF2007,2020-05-27 14:22:58.700,3761.6000,8540,0,2847192900.000,1,0,1,多换,S,3761.4000,3761.2000,3761.0000,3760.8000,3760.2000,3762.4000,3762.6000,3762.8000,3764.0000,3764.6000,2,1,2,1,1,1,1,1,1,1
SF,IF2007,2020-05-27 14:22:59.200,3761.6000,8540,0,2847192900.000,0,-,-,-,-,3761.4000,3761.2000,3761.0000,3760.8000,3760.2000,3762.4000,3762.6000,3762.8000,3764.0000,3764.6000,1,1,2,1,1,1,1,1,1,1
SF,IF2007,2020-05-27 14:22:59.700,3761.6000,8540,0,2847192900.000,0,-,-,-,-,3761.4000,3761.2000,3761.0000,3760.8000,3760.2000,3761.6000,3762.4000,3762.6000,3762.8000,3764.0000,1,1,2,1,1,1,1,1,1,1
SF,IF2007,2020-05-27 14:23:00.200,3761.6000,8541,1,2849449860.000,2,1,1,空开,S,3761.4000,3761.2000,3761.0000,3760.8000,3760.2000,3762.4000,3762.6000,3762.8000,3764.0000,3764.6000,1,1,2,1,1,1,1,1,1,1
SF,IF2007,2020-05-27 14:23:02.700,3761.4000,8542,1,2850578280.000,1,1,0,双开,S,3761.2000,3761.0000,3760.8000,3760.2000,3760.0000,3762.4000,3762.6000,3762.8000,3764.0000,3764.6000,1,2,1,1,1,1,1,1,1,1
SF,IF2007,2020-05-27 14:23:03.200,3761.4000,8542,0,2850578280.000,0,-,-,-,-,3761.2000,3761.0000,3760.8000,3760.2000,3760.0000,3762.0000,3762.4000,3762.8000,3764.0000,3764.6000,1,2,1,1,1,1,1,1,1,1
SF,IF2007,2020-05-27 14:23:04.700,3761.4000,8542,0,2850578280.000,0,-,-,-,-,3761.2000,3761.0000,3760.8000,3760.2000,3760.0000,3762.0000,3762.4000,3762.8000,3764.0000,3764.6000,2,2,1,1,1,1,1,1,1,1
SF,IF2007,2020-05-27 14:23:08.200,3761.4000,8542,0,2850578280.000,0,-,-,-,-,3761.4000,3761.2000,3761.0000,3760.8000,3760.2000,3762.0000,3762.4000,3762.8000,3764.0000,3764.6000,1,2,2,1,1,1,1,1,1,1
SF,IF2007,2020-05-27 14:23:10.200,3761.4000,8542,0,2850578280.000,0,-,-,-,-,3761.4000,3761.2000,3761.0000,3760.8000,3760.2000,3762.0000,3762.4000,3762.8000,3764.0000,3764.6000,1,1,2,1,1,1,1,1,1,1
SF,IF2007,2020-05-27 14:23:10.700,3761.4000,8542,0,2850578280.000,0,-,-,-,-,3761.2000,3761.0000,3760.8000,3760.2000,3760.0000,3762.0000,3762.4000,3762.8000,3764.0000,3764.6000,1,2,1,1,1,1,1,1,1,1
SF,IF2007,2020-05-27 14:23:11.700,3761.4000,8542,0,2850578280.000,0,-,-,-,-,3761.2000,3761.0000,3760.8000,3760.2000,3760.0000,3762.0000,3762.8000,3764.0000,3764.6000,3765.2000,1,2,1,1,1,1,1,1,1,2
SF,IF2007,2020-05-27 14:23:12.700,3761.4000,8542,0,2850578280.000,0,-,-,-,-,3761.2000,3761.0000,3760.8000,3760.2000,3760.0000,3761.6000,3762.8000,3764.0000,3764.6000,3765.2000,1,2,1,1,1,1,1,1,1,2
SF,IF2007,2020-05-27 14:23:14.700,3761.4000,8542,0,2850578280.000,0,-,-,-,-,3761.2000,3761.0000,3760.8000,3760.2000,3760.0000,3761.6000,3762.8000,3764.0000,3764.6000,3765.2000,1,7,1,1,1,1,1,1,1,2
SF,IF2007,2020-05-27 14:23:23.700,3761.4000,8542,0,2850578280.000,0,-,-,-,-,3761.2000,3761.0000,3760.8000,3760.2000,3760.0000,3761.6000,3762.8000,3764.0000,3764.6000,3765.2000,1,2,1,1,1,1,1,1,1,2
SF,IF2007,2020-05-27 14:23:24.200,3761.6000,8543,1,2851706760.000,1,1,0,双开,S,3761.2000,3761.0000,3760.8000,3760.2000,3760.0000,3762.8000,3764.0000,3764.6000,3765.2000,3765.4000,1,2,1,1,1,1,1,1,2,1
SF,IF2007,2020-05-27 14:23:24.700,3761.6000,8543,0,2851706760.000,0,-,-,-,-,3761.2000,3761.0000,3760.8000,3760.2000,3760.0000,3762.4000,3762.6000,3762.8000,3764.0000,3764.6000,1,2,1,1,1,3,3,1,1,1
SF,IF2007,2020-05-27 14:23:25.200,3761.6000,8543,0,2851706760.000,0,-,-,-,-,3761.2000,3761.0000,3760.8000,3760.2000,3760.0000,3762.2000,3762.4000,3762.6000,3762.8000,3764.0000,1,2,1,1,1,1,3,1,1,1
SF,IF2007,2020-05-27 14:23:33.700,3761.6000,8543,0,2851706760.000,0,-,-,-,-,3761.2000,3761.0000,3760.8000,3760.2000,3760.0000,3762.0000,3762.2000,3762.4000,3762.6000,3762.8000,1,2,1,1,1,1,1,2,1,1
SF,IF2007,2020-05-27 14:23:34.200,3761.6000,8543,0,2851706760.000,0,-,-,-,-,3761.0000,3760.8000,3760.2000,3760.0000,3758.0000,3761.2000,3762.0000,3762.2000,3762.4000,3762.6000,2,1,1,1,4,1,1,1,2,1
SF,IF2007,2020-05-27 14:23:34.700,3761.6000,8543,0,2851706760.000,0,-,-,-,-,3761.0000,3760.8000,3760.2000,3760.0000,3758.0000,3761.2000,3762.0000,3762.2000,3762.4000,3762.6000,2,1,1,1,4,1,1,1,1,1
SF,IF2007,2020-05-27 14:23:38.700,3761.6000,8543,0,2851706760.000,0,-,-,-,-,3761.0000,3760.8000,3760.2000,3760.0000,3758.0000,3761.2000,3762.2000,3762.4000,3762.6000,3762.8000,2,1,1,1,4,1,1,1,1,1
SF,IF2007,2020-05-27 14:23:41.700,3761.2000,8544,1,2852835120.000,1,1,0,双开,S,3761.0000,3760.8000,3760.2000,3760.0000,3758.0000,3762.2000,3762.4000,3762.6000,3762.8000,3764.0000,2,1,1,1,4,1,1,1,1,1
SF,IF2007,2020-05-27 14:23:42.200,3761.2000,8544,0,2852835120.000,0,-,-,-,-,3761.2000,3761.0000,3760.8000,3760.2000,3760.0000,3762.0000,3762.2000,3762.4000,3762.6000,3762.8000,1,2,1,1,1,1,1,1,1,1
SF,IF2007,2020-05-27 14:23:57.200,3761.2000,8545,1,2853963480.000,1,1,0,双开,S,3761.0000,3760.8000,3760.2000,3760.0000,3758.0000,3762.0000,3762.2000,3762.4000,3762.6000,3762.8000,2,1,1,1,4,1,1,1,1,1
SF,IF2007,2020-05-27 14:23:57.700,3761.2000,8545,0,2853963480.000,0,-,-,-,-,3761.0000,3760.8000,3760.2000,3760.0000,3758.0000,3761.8000,3762.0000,3762.4000,3762.6000,3762.8000,2,1,1,1,4,1,1,1,1,1
SF,IF2007,2020-05-27 14:23:58.200,3761.0000,8545,0,2855091780.000,1,0,1,多换,S,3761.0000,3760.8000,3760.2000,3760.0000,3758.0000,3761.8000,3762.0000,3762.4000,3762.6000,3762.8000,1,1,1,1,4,1,1,1,1,1
SF,IF2007,2020-05-27 14:24:03.700,3761.0000,8545,0,2855091780.000,0,-,-,-,-,3761.0000,3760.8000,3760.2000,3760.0000,3758.0000,3761.8000,3762.0000,3762.4000,3762.6000,3762.8000,2,1,1,1,4,1,1,1,1,1
SF,IF2007,2020-05-27 14:24:07.200,3761.0000,8547,2,2857348380.000,2,2,0,双开,S,3760.8000,3760.2000,3760.0000,3758.0000,3755.0000,3761.8000,3762.0000,3762.4000,3762.6000,3762.8000,1,1,1,4,6,1,1,1,1,1
SF,IF2007,2020-05-27 14:24:09.200,3761.0000,8547,0,2857348380.000,0,-,-,-,-,3761.0000,3760.8000,3760.2000,3760.0000,3758.0000,3761.8000,3762.0000,3762.4000,3762.6000,3762.8000,3,1,1,1,4,1,1,1,1,1
SF,IF2007,2020-05-27 14:24:09.700,3761.0000,8547,0,2857348380.000,0,-,-,-,-,3761.0000,3760.8000,3760.2000,3760.0000,3758.0000,3761.8000,3762.0000,3762.4000,3762.6000,3762.8000,2,1,1,1,4,1,1,1,1,1
SF,IF2007,2020-05-27 14:24:11.700,3761.0000,8547,0,2857348380.000,0,-,-,-,-,3761.0000,3760.8000,3760.2000,3760.0000,3758.0000,3761.8000,3762.0000,3762.4000,3762.6000,3762.8000,1,1,1,1,4,1,1,1,1,1
SF,IF2007,2020-05-27 14:24:18.700,3761.0000,8548,1,2858476680.000,1,1,0,双开,S,3760.8000,3760.2000,3760.0000,3758.0000,3755.0000,3761.0000,3761.8000,3762.0000,3762.4000,3762.6000,1,1,1,4,6,1,1,1,1,1
SF,IF2007,2020-05-27 14:24:19.200,3761.0000,8549,1,2859604980.000,1,1,0,双开,S,3760.8000,3760.2000,3760.0000,3758.0000,3755.0000,3761.8000,3762.0000,3762.4000,3762.6000,3762.8000,1,1,1,4,6,1,1,1,1,1
SF,IF2007,2020-05-27 14:24:19.700,3761.0000,8549,0,2859604980.000,0,-,-,-,-,3760.8000,3760.2000,3760.0000,3758.0000,3755.0000,3761.6000,3761.8000,3762.0000,3762.4000,3762.6000,1,1,1,4,6,1,1,1,1,1
SF,IF2007,2020-05-27 14:24:25.200,3761.0000,8549,0,2859604980.000,0,-,-,-,-,3760.8000,3760.2000,3760.0000,3758.0000,3755.0000,3761.6000,3761.8000,3762.4000,3762.6000,3762.8000,1,1,1,4,6,1,1,1,1,1
SF,IF2007,2020-05-27 14:24:31.200,3761.0000,8549,0,2859604980.000,0,-,-,-,-,3761.0000,3760.8000,3760.2000,3760.0000,3758.0000,3761.6000,3761.8000,3762.4000,3762.6000,3762.8000,1,1,1,1,4,1,1,1,1,1
SF,IF2007,2020-05-27 14:24:35.200,3761.0000,8549,0,2859604980.000,0,-,-,-,-,3760.8000,3760.2000,3760.0000,3758.0000,3755.0000,3761.6000,3761.8000,3762.4000,3762.6000,3762.8000,1,1,1,4,6,1,1,1,1,1
SF,IF2007,2020-05-27 14:24:36.700,3761.0000,8549,0,2859604980.000,0,-,-,-,-,3761.0000,3760.8000,3760.2000,3760.0000,3758.0000,3761.6000,3761.8000,3762.4000,3762.6000,3762.8000,1,1,1,1,4,1,1,1,1,1
SF,IF2007,2020-05-27 14:24:37.200,3761.0000,8549,0,2859604980.000,0,-,-,-,-,3760.8000,3760.2000,3760.0000,3758.0000,3755.0000,3761.6000,3761.8000,3762.4000,3762.6000,3762.8000,1,1,1,4,6,1,1,1,1,1
SF,IF2007,2020-05-27 14:24:37.700,3761.0000,8549,0,2859604980.000,0,-,-,-,-,3761.0000,3760.8000,3760.2000,3760.0000,3758.0000,3761.6000,3761.8000,3762.4000,3762.6000,3762.8000,1,1,1,1,4,1,1,1,1,1
SF,IF2007,2020-05-27 14:24:39.700,3761.0000,8549,0,2859604980.000,0,-,-,-,-,3760.8000,3760.2000,3760.0000,3758.0000,3755.0000,3761.6000,3761.8000,3762.4000,3762.6000,3762.8000,1,1,1,4,6,1,1,1,1,1
SF,IF2007,2020-05-27 14:24:40.200,3760.8000,8550,1,2860733220.000,1,1,0,双开,S,3760.2000,3760.0000,3758.0000,3755.0000,3754.2000,3760.8000,3761.6000,3761.8000,3762.4000,3762.6000,1,1,4,6,1,1,1,1,1,1
SF,IF2007,2020-05-27 14:24:40.700,3760.8000,8551,1,2861861460.000,1,1,0,双开,S,3760.4000,3760.2000,3760.0000,3758.0000,3755.0000,3761.8000,3762.4000,3762.6000,3762.8000,3764.0000,3,1,1,4,6,1,1,1,1,1
SF,IF2007,2020-05-27 14:24:41.200,3760.8000,8551,0,2861861460.000,0,-,-,-,-,3760.6000,3760.4000,3760.2000,3760.0000,3758.0000,3761.0000,3761.6000,3761.8000,3762.4000,3762.6000,1,3,1,1,4,1,2,1,1,1
SF,IF2007,2020-05-27 14:24:41.700,3761.0000,8551,0,2862989760.000,1,0,1,多换,S,3760.4000,3760.2000,3760.0000,3758.0000,3755.0000,3761.6000,3761.8000,3762.4000,3762.6000,3762.8000,3,1,1,4,6,2,1,1,1,1
SF,IF2007,2020-05-27 14:24:42.200,3761.0000,8551,0,2862989760.000,0,-,-,-,-,3760.6000,3760.4000,3760.2000,3760.0000,3758.0000,3761.4000,3761.6000,3762.4000,3762.6000,3762.8000,3,3,1,1,4,1,2,1,1,1
SF,IF2007,2020-05-27 14:24:42.700,3761.0000,8551,0,2862989760.000,0,-,-,-,-,3760.8000,3760.6000,3760.4000,3760.2000,3760.0000,3761.6000,3762.4000,3762.6000,3762.8000,3764.0000,1,3,3,1,1,2,1,1,1,1
SF,IF2007,2020-05-27 14:24:44.700,3761.0000,8551,0,2862989760.000,0,-,-,-,-,3761.0000,3760.8000,3760.6000,3760.4000,3760.2000,3761.6000,3762.4000,3762.6000,3762.8000,3764.0000,1,1,2,3,1,2,1,1,1,1
SF,IF2007,2020-05-27 14:24:45.200,3761.0000,8551,0,2862989760.000,0,-,-,-,-,3761.0000,3760.8000,3760.6000,3760.4000,3760.2000,3761.6000,3762.4000,3762.6000,3762.8000,3764.0000,1,2,2,3,1,2,1,1,1,1
SF,IF2007,2020-05-27 14:24:48.200,3761.0000,8551,0,2862989760.000,0,-,-,-,-,3760.8000,3760.6000,3760.4000,3760.2000,3760.0000,3761.6000,3762.4000,3762.6000,3762.8000,3764.0000,2,2,3,1,1,2,1,1,1,1
SF,IF2007,2020-05-27 14:24:48.700,3761.0000,8551,0,2862989760.000,0,-,-,-,-,3760.8000,3760.6000,3760.4000,3760.2000,3760.0000,3761.6000,3762.4000,3762.6000,3764.0000,3764.6000,2,2,3,1,1,2,1,1,1,1
SF,IF2007,2020-05-27 14:24:50.700,3761.0000,8551,0,2862989760.000,0,-,-,-,-,3760.8000,3760.6000,3760.4000,3760.2000,3760.0000,3761.6000,3762.4000,3762.6000,3764.0000,3764.6000,3,2,3,1,1,2,1,1,1,1
SF,IF2007,2020-05-27 14:24:52.200,3761.0000,8551,0,2862989760.000,0,-,-,-,-,3761.0000,3760.8000,3760.6000,3760.4000,3760.2000,3761.6000,3762.4000,3762.6000,3764.0000,3764.6000,1,2,2,3,1,2,1,1,1,1
SF,IF2007,2020-05-27 14:24:54.200,3761.0000,8552,1,2864118060.000,1,1,0,双开,S,3760.8000,3760.6000,3760.4000,3760.2000,3760.0000,3761.6000,3762.4000,3762.6000,3764.0000,3764.6000,2,2,3,1,1,2,1,1,1,1
SF,IF2007,2020-05-27 14:24:54.700,3761.0000,8552,0,2864118060.000,0,-,-,-,-,3760.8000,3760.4000,3760.2000,3760.0000,3758.0000,3761.2000,3761.6000,3762.4000,3762.6000,3764.0000,1,3,1,1,4,1,1,1,1,1
SF,IF2007,2020-05-27 14:24:55.200,3760.8000,8553,1,2865246300.000,1,1,0,双开,S,3760.4000,3760.2000,3760.0000,3758.0000,3757.4000,3761.2000,3761.6000,3762.4000,3762.6000,3764.0000,2,1,1,4,3,1,1,1,1,1
SF,IF2007,2020-05-27 14:24:57.200,3760.4000,8553,0,2867502540.000,2,1,1,多换,S,3760.2000,3760.0000,3758.0000,3757.4000,3755.0000,3761.2000,3761.6000,3762.4000,3762.6000,3764.0000,1,1,4,3,6,1,1,1,1,1
SF,IF2007,2020-05-27 14:24:58.200,3760.4000,8553,0,2867502540.000,0,-,-,-,-,3760.2000,3760.0000,3758.0000,3757.4000,3755.0000,3760.8000,3762.4000,3762.6000,3764.0000,3764.6000,1,1,4,3,6,1,1,1,1,1
SF,IF2007,2020-05-27 14:24:58.700,3760.8000,8553,0,2868630780.000,1,0,1,多换,S,3760.4000,3760.2000,3760.0000,3758.0000,3757.4000,3762.4000,3762.6000,3764.0000,3764.6000,3765.2000,1,1,1,4,3,1,1,1,1,2
SF,IF2007,2020-05-27 14:24:59.200,3760.8000,8553,0,2868630780.000,0,-,-,-,-,3760.6000,3760.4000,3760.2000,3760.0000,3758.0000,3761.6000,3762.0000,3762.2000,3762.4000,3764.0000,1,1,1,1,4,1,2,4,1,1
SF,IF2007,2020-05-27 14:24:59.700,3760.8000,8553,0,2868630780.000,0,-,-,-,-,3760.4000,3760.2000,3760.0000,3758.0000,3757.4000,3761.4000,3761.6000,3762.0000,3762.2000,3762.4000,1,1,1,4,3,1,1,2,3,1
SF,IF2007,2020-05-27 14:25:00.200,3760.8000,8553,0,2868630780.000,0,-,-,-,-,3760.4000,3760.2000,3760.0000,3758.0000,3757.4000,3761.4000,3761.6000,3762.2000,3762.4000,3764.0000,1,1,1,4,3,1,1,3,1,1
SF,IF2007,2020-05-27 14:25:00.700,3760.8000,8553,0,2868630780.000,0,-,-,-,-,3760.6000,3760.4000,3760.2000,3760.0000,3758.0000,3761.4000,3761.6000,3762.2000,3762.4000,3764.0000,1,1,1,1,4,1,1,3,1,1
SF,IF2007,2020-05-27 14:25:01.700,3760.8000,8553,0,2868630780.000,0,-,-,-,-,3760.8000,3760.6000,3760.4000,3760.2000,3760.0000,3761.4000,3761.6000,3762.2000,3762.4000,3764.0000,2,1,2,1,1,1,1,2,1,1
SF,IF2007,2020-05-27 14:25:02.200,3760.8000,8553,0,2868630780.000,0,-,-,-,-,3760.6000,3760.4000,3760.2000,3760.0000,3758.0000,3761.4000,3761.6000,3762.2000,3762.4000,3764.0000,1,2,1,1,4,1,1,1,1,1
SF,IF2007,2020-05-27 14:25:02.700,3761.4000,8553,0,2869759200.000,1,0,1,多换,S,3760.8000,3760.6000,3760.4000,3760.2000,3760.0000,3761.6000,3762.2000,3762.4000,3764.0000,3764.6000,3,1,2,1,1,1,1,1,1,1
SF,IF2007,2020-05-27 14:25:03.200,3761.4000,8553,0,2869759200.000,0,-,-,-,-,3760.8000,3760.6000,3760.4000,3760.2000,3760.0000,3762.2000,3762.4000,3764.0000,3764.6000,3765.2000,3,1,2,1,1,1,1,1,1,2
SF,IF2007,2020-05-27 14:25:03.700,3761.4000,8553,0,2869759200.000,0,-,-,-,-,3761.0000,3760.8000,3760.6000,3760.4000,3760.2000,3762.0000,3762.2000,3762.4000,3764.0000,3764.6000,1,1,1,1,1,2,1,1,1,1
SF,IF2007,2020-05-27 14:25:04.200,3761.4000,8553,0,2869759200.000,0,-,-,-,-,3761.0000,3760.8000,3760.6000,3760.2000,3760.0000,3762.0000,3762.2000,3762.4000,3764.0000,3764.6000,1,1,1,1,1,2,1,1,1,1
SF,IF2007,2020-05-27 14:25:06.200,3761.4000,8553,0,2869759200.000,0,-,-,-,-,3761.0000,3760.8000,3760.2000,3760.0000,3758.0000,3762.0000,3762.2000,3762.4000,3764.0000,3764.6000,1,1,1,1,4,2,1,1,1,1
SF,IF2007,2020-05-27 14:25:06.700,3761.4000,8553,0,2869759200.000,0,-,-,-,-,3760.8000,3760.2000,3760.0000,3758.0000,3757.4000,3762.0000,3762.2000,3762.4000,3764.0000,3764.6000,1,1,1,4,3,2,1,1,1,1
SF,IF2007,2020-05-27 14:25:07.200,3761.4000,8553,0,2869759200.000,0,-,-,-,-,3760.8000,3760.2000,3760.0000,3758.0000,3757.4000,3761.8000,3762.0000,3762.2000,3762.4000,3764.0000,1,1,1,4,3,1,2,1,1,1
SF,IF2007,2020-05-27 14:25:12.200,3761.4000,8553,0,2869759200.000,0,-,-,-,-,3760.8000,3760.2000,3760.0000,3758.0000,3757.4000,3761.8000,3762.0000,3762.2000,3762.4000,3764.0000,1,1,1,4,3,1,2,1,1,1
SF,IF2007,2020-05-27 14:25:12.700,3761.4000,8553,0,2869759200.000,0,-,-,-,-,3760.2000,3760.0000,3758.0000,3757.4000,3755.0000,3761.8000,3762.0000,3762.2000,3762.4000,3764.0000,1,1,4,3,6,1,2,1,1,1
SF,IF2007,2020-05-27 14:25:13.200,3761.4000,8553,0,2869759200.000,0,-,-,-,-,3760.4000,3760.2000,3760.0000,3758.0000,3757.4000,3761.6000,3761.8000,3762.2000,3762.4000,3764.0000,5,1,1,4,3,2,1,1,1,1
SF,IF2007,2020-05-27 14:25:14.700,3760.4000,8554,1,2870887320.000,1,1,0,双开,S,3760.4000,3760.2000,3760.0000,3758.0000,3757.4000,3761.6000,3761.8000,3762.2000,3762.4000,3764.0000,4,1,1,4,3,2,1,1,1,1
SF,IF2007,2020-05-27 14:25:15.200,3760.4000,8554,0,2870887320.000,0,-,-,-,-,3760.4000,3760.2000,3760.0000,3758.0000,3757.4000,3761.6000,3762.2000,3762.4000,3764.0000,3764.6000,4,1,1,4,3,2,1,1,1,1
SF,IF2007,2020-05-27 14:25:15.700,3760.4000,8554,0,2870887320.000,0,-,-,-,-,3760.6000,3760.4000,3760.2000,3760.0000,3758.0000,3761.6000,3762.2000,3762.4000,3764.0000,3764.6000,1,4,1,1,4,1,1,1,1,1
SF,IF2007,2020-05-27 14:25:16.700,3760.4000,8554,0,2870887320.000,0,-,-,-,-,3760.6000,3760.4000,3760.2000,3760.0000,3758.0000,3761.6000,3762.2000,3762.4000,3764.0000,3764.6000,1,2,1,1,4,1,1,1,1,1
SF,IF2007,2020-05-27 14:25:19.700,3760.4000,8554,0,2870887320.000,0,-,-,-,-,3760.8000,3760.6000,3760.4000,3760.2000,3760.0000,3761.6000,3762.2000,3762.4000,3764.0000,3764.6000,2,1,2,1,1,1,1,1,1,1
SF,IF2007,2020-05-27 14:25:20.200,3760.4000,8554,0,2870887320.000,0,-,-,-,-,3760.8000,3760.6000,3760.4000,3760.2000,3760.0000,3761.6000,3762.2000,3762.4000,3764.0000,3764.6000,2,1,2,1,2,1,1,1,1,1
SF,IF2007,2020-05-27 14:25:21.200,3760.4000,8554,0,2870887320.000,0,-,-,-,-,3760.8000,3760.6000,3760.4000,3760.2000,3760.0000,3761.6000,3762.2000,3762.4000,3764.0000,3764.6000,1,1,2,1,2,1,1,1,1,1
SF,IF2007,2020-05-27 14:25:34.200,3760.8000,8555,1,2872015560.000,1,1,0,双开,S,3760.6000,3760.4000,3760.2000,3760.0000,3758.0000,3761.2000,3761.6000,3762.2000,3762.4000,3764.0000,1,2,1,2,4,1,1,1,1,1
SF,IF2007,2020-05-27 14:25:34.700,3760.8000,8555,0,2872015560.000,0,-,-,-,-,3760.4000,3760.2000,3760.0000,3758.0000,3757.4000,3761.0000,3761.2000,3761.6000,3762.2000,3762.4000,2,1,2,4,3,1,1,1,1,1
SF,IF2007,2020-05-27 14:25:35.700,3760.8000,8555,0,2872015560.000,0,-,-,-,-,3760.4000,3760.2000,3760.0000,3758.0000,3757.4000,3760.8000,3761.0000,3762.2000,3762.4000,3764.0000,1,1,2,4,3,1,1,1,1,1
SF,IF2007,2020-05-27 14:25:36.700,3760.8000,8555,0,2872015560.000,0,-,-,-,-,3760.2000,3760.0000,3758.0000,3757.4000,3755.0000,3760.8000,3761.0000,3762.2000,3762.4000,3764.0000,1,2,4,3,6,1,1,1,1,1
SF,IF2007,2020-05-27 14:25:40.200,3760.0000,8557,2,2874271620.000,2,2,0,双开,S,3760.0000,3758.0000,3757.4000,3755.0000,3754.2000,3760.8000,3761.0000,3762.2000,3762.4000,3764.0000,1,4,3,6,1,1,1,1,1,1
SF,IF2007,2020-05-27 14:25:40.700,3758.0000,8559,2,2876527020.000,2,2,0,双开,S,3760.0000,3758.0000,3757.4000,3755.0000,3754.2000,3760.4000,3760.6000,3762.2000,3762.4000,3764.0000,1,3,3,6,1,1,1,1,1,1
SF,IF2007,2020-05-27 14:25:41.200,3760.0000,8559,0,2877655020.000,1,0,1,多换,S,3758.0000,3757.4000,3755.0000,3754.2000,3752.2000,3760.6000,3762.2000,3762.4000,3764.0000,3764.6000,3,3,6,1,1,1,1,1,1,1
SF,IF2007,2020-05-27 14:25:41.700,3760.0000,8559,0,2877655020.000,0,-,-,-,-,3759.4000,3759.0000,3758.8000,3758.4000,3758.2000,3760.2000,3760.4000,3760.6000,3762.2000,3762.4000,1,1,2,6,6,1,2,1,1,1
SF,IF2007,2020-05-27 14:25:42.200,3760.0000,8559,0,2877655020.000,0,-,-,-,-,3759.4000,3759.0000,3758.8000,3758.4000,3758.2000,3760.2000,3760.4000,3760.6000,3762.2000,3762.4000,1,1,2,6,10,1,1,1,1,1
SF,IF2007,2020-05-27 14:25:42.700,3760.0000,8559,0,2877655020.000,0,-,-,-,-,3759.4000,3759.0000,3758.8000,3758.4000,3758.2000,3760.2000,3760.4000,3760.6000,3762.2000,3762.4000,1,1,2,5,10,1,1,1,1,1
SF,IF2007,2020-05-27 14:25:43.200,3760.0000,8559,0,2877655020.000,0,-,-,-,-,3759.4000,3759.0000,3758.8000,3758.4000,3758.2000,3760.2000,3760.4000,3760.6000,3762.2000,3762.4000,1,1,2,5,11,1,1,1,1,1
SF,IF2007,2020-05-27 14:25:44.200,3760.0000,8559,0,2877655020.000,0,-,-,-,-,3759.4000,3759.0000,3758.8000,3758.4000,3758.2000,3760.2000,3760.4000,3760.6000,3762.2000,3762.4000,1,1,2,5,11,1,1,1,1,1
SF,IF2007,2020-05-27 14:25:44.700,3760.0000,8559,0,2877655020.000,0,-,-,-,-,3759.4000,3759.0000,3758.8000,3758.4000,3758.2000,3760.2000,3760.4000,3760.6000,3762.2000,3762.4000,1,1,2,6,11,1,1,1,1,1
SF,IF2007,2020-05-27 14:25:45.700,3760.0000,8559,0,2877655020.000,0,-,-,-,-,3759.0000,3758.8000,3758.4000,3758.2000,3758.0000,3760.2000,3760.4000,3760.6000,3762.2000,3762.4000,1,2,6,11,6,1,1,1,1,1
SF,IF2007,2020-05-27 14:25:46.200,3760.0000,8559,0,2877655020.000,0,-,-,-,-,3759.0000,3758.8000,3758.4000,3758.2000,3758.0000,3759.8000,3760.0000,3760.4000,3762.2000,3762.4000,1,2,2,11,6,1,2,1,1,1
SF,IF2007,2020-05-27 14:25:46.700,3760.0000,8559,0,2877655020.000,0,-,-,-,-,3759.0000,3758.8000,3758.4000,3758.2000,3758.0000,3759.8000,3760.0000,3762.2000,3762.4000,3764.0000,1,2,2,11,5,1,2,1,1,1
SF,IF2007,2020-05-27 14:25:48.200,3760.0000,8559,0,2877655020.000,0,-,-,-,-,3759.0000,3758.8000,3758.4000,3758.2000,3758.0000,3759.8000,3760.0000,3762.2000,3762.4000,3764.0000,1,2,2,11,4,1,2,1,1,1
SF,IF2007,2020-05-27 14:25:49.700,3760.0000,8559,0,2877655020.000,0,-,-,-,-,3759.0000,3758.8000,3758.4000,3758.2000,3758.0000,3759.8000,3760.0000,3762.2000,3762.4000,3764.0000,1,2,3,11,4,1,2,1,1,1
SF,IF2007,2020-05-27 14:25:50.200,3760.0000,8559,0,2877655020.000,0,-,-,-,-,3758.4000,3758.2000,3758.0000,3757.0000,3755.4000,3759.6000,3759.8000,3762.2000,3762.4000,3764.0000,2,11,5,1,3,1,1,1,1,1
SF,IF2007,2020-05-27 14:25:50.700,3760.0000,8559,0,2877655020.000,0,-,-,-,-,3758.6000,3758.4000,3758.2000,3758.0000,3757.0000,3759.4000,3759.6000,3762.2000,3762.4000,3764.0000,1,1,4,5,1,1,1,1,1,1
SF,IF2007,2020-05-27 14:25:51.200,3759.4000,8560,1,2878782840.000,1,1,0,双开,S,3758.8000,3758.6000,3758.2000,3758.0000,3757.4000,3762.2000,3762.4000,3764.0000,3764.6000,3765.2000,1,1,4,4,2,1,1,1,1,2
SF,IF2007,2020-05-27 14:25:51.700,3759.4000,8560,0,2878782840.000,0,-,-,-,-,3759.2000,3759.0000,3758.2000,3758.0000,3757.4000,3760.4000,3760.8000,3761.0000,3761.6000,3761.8000,1,2,3,4,2,1,1,2,6,2
SF,IF2007,2020-05-27 14:25:52.200,3759.4000,8560,0,2878782840.000,0,-,-,-,-,3759.2000,3759.0000,3758.2000,3758.0000,3757.4000,3760.2000,3760.4000,3760.8000,3761.6000,3761.8000,1,2,4,4,2,3,1,1,5,1
SF,IF2007,2020-05-27 14:25:52.700,3759.4000,8560,0,2878782840.000,0,-,-,-,-,3759.2000,3759.0000,3758.4000,3758.2000,3758.0000,3760.2000,3760.4000,3760.8000,3761.6000,3761.8000,1,2,1,5,4,3,1,1,5,1
SF,IF2007,2020-05-27 14:25:53.200,3759.2000,8561,1,2879910600.000,1,1,0,双开,S,3759.0000,3758.4000,3758.2000,3758.0000,3757.4000,3759.2000,3760.0000,3760.2000,3760.4000,3760.8000,2,2,6,4,2,1,1,3,1,1
SF,IF2007,2020-05-27 14:25:53.700,3759.2000,8562,1,2881038360.000,1,1,0,双开,S,3759.0000,3758.4000,3758.2000,3758.0000,3757.4000,3760.0000,3760.2000,3760.8000,3761.6000,3761.8000,1,2,8,3,2,1,2,1,5,1
SF,IF2007,2020-05-27 14:25:54.200,3759.2000,8562,0,2881038360.000,0,-,-,-,-,3759.0000,3758.4000,3758.2000,3758.0000,3757.4000,3759.8000,3760.0000,3760.2000,3760.8000,3761.6000,1,1,8,3,2,1,1,1,1,5
SF,IF2007,2020-05-27 14:25:54.700,3759.2000,8562,0,2881038360.000,0,-,-,-,-,3759.0000,3758.4000,3758.2000,3758.0000,3757.4000,3759.6000,3759.8000,3760.2000,3760.8000,3761.6000,1,1,9,4,2,1,1,1,1,5
SF,IF2007,2020-05-27 14:25:55.200,3759.2000,8562,0,2881038360.000,0,-,-,-,-,3759.0000,3758.4000,3758.2000,3758.0000,3757.4000,3759.6000,3759.8000,3760.2000,3760.8000,3761.6000,1,1,8,4,2,1,1,1,1,5
SF,IF2007,2020-05-27 14:25:55.700,3759.2000,8562,0,2881038360.000,0,-,-,-,-,3759.0000,3758.4000,3758.2000,3758.0000,3757.4000,3759.6000,3759.8000,3760.2000,3760.8000,3761.6000,1,2,7,4,2,1,1,1,1,5
SF,IF2007,2020-05-27 14:25:57.200,3759.2000,8562,0,2881038360.000,0,-,-,-,-,3759.0000,3758.4000,3758.2000,3758.0000,3757.4000,3759.6000,3759.8000,3760.2000,3760.8000,3761.6000,1,2,7,5,2,1,1,1,1,5
SF,IF2007,2020-05-27 14:25:59.200,3759.2000,8562,0,2881038360.000,0,-,-,-,-,3758.4000,3758.2000,3758.0000,3757.4000,3756.4000,3759.6000,3759.8000,3760.2000,3760.8000,3761.6000,2,7,5,2,1,1,1,1,1,5
SF,IF2007,2020-05-27 14:25:59.700,3759.2000,8562,0,2881038360.000,0,-,-,-,-,3758.6000,3758.4000,3758.2000,3758.0000,3757.4000,3759.4000,3759.6000,3760.2000,3760.8000,3761.6000,3,1,7,5,2,1,1,1,1,5
SF,IF2007,2020-05-27 14:26:00.200,3759.2000,8562,0,2881038360.000,0,-,-,-,-,3758.6000,3758.4000,3758.2000,3758.0000,3757.4000,3759.4000,3759.6000,3760.2000,3760.8000,3761.6000,3,1,5,4,2,1,1,1,1,5
SF,IF2007,2020-05-27 14:26:01.200,3759.2000,8562,0,2881038360.000,0,-,-,-,-,3758.6000,3758.2000,3758.0000,3757.4000,3756.4000,3759.4000,3759.6000,3760.2000,3760.8000,3761.6000,1,5,4,3,1,1,1,1,1,5
SF,IF2007,2020-05-27 14:26:03.200,3759.2000,8562,0,2881038360.000,0,-,-,-,-,3758.6000,3758.2000,3758.0000,3757.4000,3756.4000,3759.4000,3759.6000,3760.2000,3760.8000,3761.6000,1,5,4,3,1,1,1,1,1,5
SF,IF2007,2020-05-27 14:26:05.700,3759.2000,8562,0,2881038360.000,0,-,-,-,-,3758.6000,3758.2000,3758.0000,3757.4000,3756.4000,3759.2000,3759.4000,3760.2000,3760.8000,3761.6000,1,5,4,3,1,1,1,1,1,5
SF,IF2007,2020-05-27 14:26:06.200,3759.2000,8563,1,2882166120.000,1,1,0,双开,S,3758.6000,3758.2000,3758.0000,3757.4000,3756.4000,3759.4000,3760.2000,3760.8000,3761.6000,3761.8000,1,5,4,3,1,1,1,1,5,1
SF,IF2007,2020-05-27 14:26:07.200,3759.2000,8563,0,2882166120.000,0,-,-,-,-,3758.8000,3758.6000,3758.2000,3758.0000,3757.4000,3759.4000,3760.2000,3760.8000,3761.6000,3761.8000,1,1,5,4,3,1,1,1,5,1
SF,IF2007,2020-05-27 14:26:08.700,3759.4000,8564,1,2883293940.000,1,1,0,双开,S,3758.8000,3758.6000,3758.2000,3758.0000,3757.4000,3760.2000,3760.8000,3761.6000,3761.8000,3762.0000,1,1,5,4,3,1,1,5,1,10
SF,IF2007,2020-05-27 14:26:09.200,3759.4000,8564,0,2883293940.000,0,-,-,-,-,3759.0000,3758.8000,3758.6000,3758.2000,3758.0000,3760.0000,3760.2000,3760.8000,3761.6000,3761.8000,1,1,1,5,4,2,1,1,5,1
SF,IF2007,2020-05-27 14:26:09.700,3759.4000,8564,0,2883293940.000,0,-,-,-,-,3759.0000,3758.8000,3758.6000,3758.2000,3758.0000,3760.0000,3760.2000,3760.8000,3761.6000,3761.8000,1,1,1,5,4,3,1,1,5,1
SF,IF2007,2020-05-27 14:26:10.200,3759.4000,8564,0,2883293940.000,0,-,-,-,-,3759.0000,3758.8000,3758.6000,3758.2000,3758.0000,3760.0000,3760.2000,3760.8000,3761.6000,3761.8000,1,1,1,5,4,2,1,1,5,1
SF,IF2007,2020-05-27 14:26:10.700,3759.0000,8565,1,2884421640.000,1,1,0,双开,S,3758.8000,3758.6000,3758.2000,3758.0000,3757.4000,3759.0000,3760.0000,3760.2000,3760.8000,3761.6000,1,1,5,6,3,1,2,1,1,5
SF,IF2007,2020-05-27 14:26:11.200,3759.0000,8566,1,2885549340.000,1,1,0,双开,S,3758.8000,3758.2000,3758.0000,3757.4000,3756.4000,3760.0000,3760.2000,3760.8000,3761.6000,3761.8000,1,5,6,3,1,2,1,1,5,1
SF,IF2007,2020-05-27 14:26:11.700,3759.0000,8566,0,2885549340.000,0,-,-,-,-,3758.8000,3758.2000,3758.0000,3757.4000,3756.4000,3759.8000,3760.0000,3760.2000,3760.8000,3761.6000,1,5,6,3,1,1,2,1,1,5
SF,IF2007,2020-05-27 14:26:12.200,3759.0000,8566,0,2885549340.000,0,-,-,-,-,3758.8000,3758.2000,3758.0000,3757.4000,3756.4000,3759.6000,3759.8000,3760.0000,3760.2000,3760.8000,1,5,6,3,1,1,1,1,1,1
SF,IF2007,2020-05-27 14:26:14.200,3759.0000,8566,0,2885549340.000,0,-,-,-,-,3758.8000,3758.2000,3758.0000,3757.4000,3756.4000,3759.0000,3759.6000,3759.8000,3760.0000,3760.2000,1,5,6,3,1,1,1,1,1,1
SF,IF2007,2020-05-27 14:26:14.700,3759.0000,8566,0,2886677040.000,1,0,1,多换,S,3758.8000,3758.2000,3758.0000,3757.4000,3756.4000,3759.6000,3760.2000,3760.8000,3761.6000,3761.8000,1,5,6,3,1,1,1,1,5,1
SF,IF2007,2020-05-27 14:26:15.200,3759.0000,8566,0,2886677040.000,0,-,-,-,-,3758.8000,3758.2000,3758.0000,3757.4000,3756.4000,3759.6000,3760.2000,3760.8000,3761.6000,3761.8000,1,5,6,2,1,1,1,1,5,1
SF,IF2007,2020-05-27 14:26:15.700,3759.0000,8566,0,2886677040.000,0,-,-,-,-,3758.8000,3758.2000,3758.0000,3757.4000,3756.4000,3759.0000,3759.6000,3760.2000,3760.8000,3761.6000,1,5,4,2,1,1,1,1,1,5
SF,IF2007,2020-05-27 14:26:16.200,3759.0000,8566,0,2887804740.000,1,0,1,多换,S,3758.8000,3758.2000,3758.0000,3757.4000,3756.4000,3759.6000,3760.2000,3760.8000,3761.6000,3761.8000,1,5,4,2,1,1,1,1,5,1
SF,IF2007,2020-05-27 14:26:16.700,3759.0000,8566,0,2887804740.000,0,-,-,-,-,3758.8000,3758.2000,3758.0000,3757.4000,3756.4000,3759.6000,3760.2000,3760.8000,3761.6000,3761.8000,1,5,4,2,1,1,1,1,5,1
SF,IF2007,2020-05-27 14:26:23.200,3759.0000,8566,0,2887804740.000,0,-,-,-,-,3758.8000,3758.2000,3758.0000,3757.4000,3756.4000,3759.6000,3760.2000,3760.8000,3761.6000,3761.8000,1,4,4,2,1,1,1,1,5,1
SF,IF2007,2020-05-27 14:26:23.700,3759.0000,8566,0,2887804740.000,0,-,-,-,-,3758.8000,3758.2000,3758.0000,3757.4000,3756.4000,3759.4000,3759.6000,3760.2000,3760.8000,3761.6000,1,4,4,2,1,1,1,1,1,5
SF,IF2007,2020-05-27 14:26:24.700,3759.0000,8566,0,2887804740.000,0,-,-,-,-,3758.8000,3758.2000,3758.0000,3757.4000,3756.4000,3759.4000,3759.6000,3760.2000,3760.8000,3761.6000,1,3,4,2,1,1,1,1,1,5
SF,IF2007,2020-05-27 14:26:25.700,3758.8000,8567,1,2888932380.000,1,1,0,双开,S,3758.2000,3758.0000,3757.4000,3756.4000,3755.4000,3758.8000,3759.4000,3759.6000,3760.2000,3760.8000,3,4,2,1,6,1,1,1,1,1
SF,IF2007,2020-05-27 14:26:26.200,3758.8000,8567,0,2888932380.000,0,-,-,-,-,3758.4000,3758.2000,3758.0000,3757.4000,3756.4000,3758.8000,3759.4000,3759.6000,3760.2000,3760.8000,1,2,4,2,1,1,1,1,1,1
SF,IF2007,2020-05-27 14:26:26.700,3758.8000,8568,1,2890060020.000,1,1,0,双开,S,3758.4000,3758.2000,3758.0000,3757.4000,3756.4000,3759.4000,3759.6000,3760.2000,3760.8000,3761.6000,1,2,3,2,1,1,1,1,1,5
SF,IF2007,2020-05-27 14:26:27.200,3758.8000,8568,0,2890060020.000,0,-,-,-,-,3758.2000,3758.0000,3757.4000,3756.4000,3755.4000,3759.2000,3759.4000,3760.2000,3760.8000,3761.6000,2,3,2,1,6,3,1,1,1,5
SF,IF2007,2020-05-27 14:26:27.700,3758.2000,8568,0,2892314940.000,2,1,1,多换,S,3758.0000,3757.4000,3756.4000,3755.4000,3755.0000,3758.8000,3759.2000,3759.4000,3760.2000,3760.8000,3,2,1,6,6,2,2,1,1,1
SF,IF2007,2020-05-27 14:26:28.200,3758.0000,8569,1,2893442340.000,1,1,0,双开,S,3758.0000,3757.4000,3756.4000,3755.4000,3755.0000,3758.8000,3759.2000,3759.4000,3760.2000,3760.8000,2,2,1,3,6,2,1,1,1,1
SF,IF2007,2020-05-27 14:26:28.700,3758.0000,8569,0,2893442340.000,0,-,-,-,-,3758.0000,3757.4000,3756.4000,3755.4000,3755.0000,3758.4000,3758.8000,3759.2000,3759.4000,3760.2000,2,2,1,3,6,1,1,1,1,1
SF,IF2007,2020-05-27 14:26:29.200,3758.0000,8571,2,2895697140.000,2,2,0,双开,S,3756.4000,3755.4000,3755.0000,3754.2000,3753.6000,3758.4000,3758.8000,3759.2000,3759.4000,3760.2000,1,3,6,1,3,1,1,1,1,1
SF,IF2007,2020-05-27 14:26:29.700,3758.0000,8571,0,2895697140.000,0,-,-,-,-,3757.4000,3757.2000,3756.8000,3756.6000,3756.4000,3758.0000,3758.2000,3760.2000,3760.8000,3761.6000,1,2,1,4,2,1,3,1,1,5
SF,IF2007,2020-05-27 14:26:30.200,3758.0000,8571,0,2895697140.000,0,-,-,-,-,3757.4000,3757.2000,3756.8000,3756.6000,3755.4000,3758.0000,3758.2000,3760.2000,3760.8000,3761.6000,1,2,1,3,3,1,2,1,1,5
SF,IF2007,2020-05-27 14:26:30.700,3758.0000,8571,0,2895697140.000,0,-,-,-,-,3757.4000,3757.2000,3756.8000,3756.6000,3755.0000,3758.0000,3758.2000,3760.2000,3760.8000,3761.6000,1,2,1,3,1,1,2,1,1,5
SF,IF2007,2020-05-27 14:26:31.200,3758.0000,8571,0,2895697140.000,0,-,-,-,-,3757.4000,3757.2000,3756.8000,3756.6000,3755.0000,3758.0000,3758.2000,3760.2000,3760.8000,3761.6000,1,2,1,3,1,1,2,1,1,5
SF,IF2007,2020-05-27 14:26:31.700,3758.0000,8571,0,2895697140.000,0,-,-,-,-,3757.4000,3757.2000,3756.8000,3756.6000,3755.0000,3758.0000,3758.2000,3760.2000,3760.8000,3761.6000,1,2,1,3,1,1,2,1,1,5
SF,IF2007,2020-05-27 14:26:32.200,3758.0000,8572,1,2896824540.000,1,1,0,双开,S,3757.4000,3757.2000,3756.8000,3756.6000,3755.0000,3758.2000,3760.2000,3760.8000,3761.6000,3761.8000,1,2,1,3,1,1,1,1,5,1
SF,IF2007,2020-05-27 14:26:32.700,3758.0000,8572,0,2896824540.000,0,-,-,-,-,3757.6000,3757.2000,3756.8000,3756.6000,3755.0000,3760.2000,3760.8000,3761.6000,3761.8000,3762.0000,3,2,1,3,1,1,1,5,1,6
SF,IF2007,2020-05-27 14:26:33.200,3758.0000,8572,0,2896824540.000,0,-,-,-,-,3757.8000,3757.6000,3757.2000,3756.8000,3756.6000,3759.0000,3759.4000,3759.6000,3759.8000,3760.0000,1,3,2,1,2,1,1,2,1,5
SF,IF2007,2020-05-27 14:26:33.700,3758.0000,8572,0,2896824540.000,0,-,-,-,-,3757.6000,3757.2000,3756.6000,3755.0000,3754.2000,3757.8000,3758.8000,3759.0000,3759.6000,3759.8000,2,2,2,1,3,2,1,1,1,1
SF,IF2007,2020-05-27 14:26:34.200,3758.0000,8572,0,2896824540.000,0,-,-,-,-,3757.2000,3756.6000,3755.0000,3754.2000,3754.0000,3757.8000,3758.8000,3759.6000,3760.0000,3760.2000,2,2,1,3,1,2,1,1,4,1
SF,IF2007,2020-05-27 14:26:34.700,3758.0000,8572,0,2896824540.000,0,-,-,-,-,3757.2000,3756.6000,3755.0000,3754.2000,3754.0000,3757.8000,3758.8000,3759.6000,3760.0000,3760.2000,2,2,1,3,1,2,1,1,4,1
SF,IF2007,2020-05-27 14:26:35.700,3757.8000,8574,2,2899079220.000,2,2,0,双开,S,3757.2000,3756.6000,3755.0000,3754.2000,3754.0000,3758.8000,3759.6000,3760.0000,3760.2000,3760.8000,2,2,1,3,1,1,1,4,1,1
SF,IF2007,2020-05-27 14:26:36.200,3757.8000,8574,0,2899079220.000,0,-,-,-,-,3757.4000,3757.2000,3756.6000,3755.0000,3754.2000,3758.4000,3758.6000,3758.8000,3759.6000,3760.0000,1,2,2,1,3,2,1,1,1,3
SF,IF2007,2020-05-27 14:26:37.200,3757.8000,8574,0,2899079220.000,0,-,-,-,-,3757.4000,3757.2000,3756.6000,3755.0000,3754.2000,3758.2000,3758.4000,3758.6000,3758.8000,3759.6000,1,2,2,1,3,1,2,1,1,1
SF,IF2007,2020-05-27 14:26:37.700,3757.8000,8574,0,2899079220.000,0,-,-,-,-,3756.6000,3755.0000,3754.2000,3754.0000,3753.8000,3758.0000,3758.2000,3758.4000,3758.6000,3759.6000,2,1,3,1,4,1,1,2,1,1
SF,IF2007,2020-05-27 14:26:38.200,3757.8000,8574,0,2899079220.000,0,-,-,-,-,3757.0000,3756.8000,3756.6000,3755.0000,3754.2000,3758.0000,3758.2000,3758.6000,3759.6000,3760.0000,2,2,2,1,3,1,1,1,1,3
SF,IF2007,2020-05-27 14:26:40.200,3757.8000,8574,0,2899079220.000,0,-,-,-,-,3757.0000,3756.8000,3756.6000,3755.0000,3754.2000,3758.0000,3758.2000,3758.6000,3759.6000,3760.0000,1,2,2,1,3,1,1,1,1,3
SF,IF2007,2020-05-27 14:26:41.200,3757.8000,8574,0,2899079220.000,0,-,-,-,-,3757.0000,3756.8000,3755.0000,3754.2000,3754.0000,3757.6000,3758.0000,3758.2000,3758.6000,3759.6000,1,2,1,3,1,1,1,1,1,1
SF,IF2007,2020-05-27 14:26:41.700,3757.8000,8574,0,2899079220.000,0,-,-,-,-,3757.0000,3756.8000,3755.0000,3754.2000,3754.0000,3757.6000,3758.0000,3758.2000,3758.6000,3759.6000,1,2,1,3,1,1,1,1,1,1
SF,IF2007,2020-05-27 14:26:42.200,3757.8000,8574,0,2899079220.000,0,-,-,-,-,3757.0000,3756.8000,3755.0000,3754.2000,3754.0000,3757.6000,3758.0000,3758.2000,3758.6000,3759.6000,1,1,1,3,1,1,1,1,1,1
SF,IF2007,2020-05-27 14:26:42.700,3756.8000,8576,2,2901333360.000,2,2,0,双开,S,3755.0000,3754.2000,3754.0000,3753.8000,3753.6000,3757.4000,3757.6000,3758.0000,3758.2000,3758.6000,1,3,1,4,3,1,1,1,1,1
SF,IF2007,2020-05-27 14:26:43.200,3756.8000,8576,0,2901333360.000,0,-,-,-,-,3756.6000,3756.4000,3756.2000,3756.0000,3755.4000,3757.2000,3757.4000,3758.2000,3758.6000,3759.6000,1,2,1,1,3,2,1,1,1,1
SF,IF2007,2020-05-27 14:26:43.700,3756.8000,8576,0,2901333360.000,0,-,-,-,-,3756.6000,3756.4000,3756.0000,3755.4000,3755.2000,3757.2000,3757.4000,3758.2000,3758.6000,3759.6000,1,2,1,3,3,1,1,1,1,1
SF,IF2007,2020-05-27 14:26:44.200,3756.8000,8576,0,2901333360.000,0,-,-,-,-,3756.6000,3756.4000,3756.0000,3755.4000,3755.2000,3757.4000,3758.2000,3758.6000,3759.6000,3760.0000,1,2,1,3,3,1,1,1,1,3
SF,IF2007,2020-05-27 14:26:44.700,3756.8000,8576,0,2901333360.000,0,-,-,-,-,3756.8000,3756.4000,3756.0000,3755.4000,3755.2000,3757.4000,3758.2000,3758.6000,3759.6000,3760.0000,2,2,1,3,3,1,1,1,1,3
SF,IF2007,2020-05-27 14:26:46.700,3756.8000,8577,1,2902460400.000,1,1,0,双开,S,3756.8000,3756.4000,3756.0000,3755.4000,3755.2000,3757.4000,3758.2000,3758.6000,3759.6000,3760.0000,1,2,1,3,3,1,1,1,1,3
SF,IF2007,2020-05-27 14:26:47.200,3756.8000,8577,0,2902460400.000,0,-,-,-,-,3756.8000,3756.4000,3756.0000,3755.4000,3755.2000,3757.4000,3758.2000,3758.6000,3759.6000,3760.0000,1,2,1,3,3,1,1,1,1,3
SF,IF2007,2020-05-27 14:26:49.200,3756.8000,8577,0,2902460400.000,0,-,-,-,-,3756.4000,3756.0000,3755.4000,3755.2000,3755.0000,3757.4000,3758.2000,3758.6000,3759.6000,3760.0000,2,1,3,3,1,1,1,1,1,3
SF,IF2007,2020-05-27 14:26:49.700,3756.8000,8577,0,2902460400.000,0,-,-,-,-,3756.4000,3756.0000,3755.4000,3755.2000,3755.0000,3757.2000,3757.4000,3758.2000,3758.6000,3759.6000,2,1,2,3,1,1,1,1,1,1
SF,IF2007,2020-05-27 14:26:50.200,3756.8000,8577,0,2902460400.000,0,-,-,-,-,3756.4000,3756.0000,3755.4000,3755.2000,3755.0000,3757.0000,3758.2000,3758.6000,3759.6000,3760.0000,2,1,2,3,1,1,1,1,1,3
SF,IF2007,2020-05-27 14:26:50.700,3757.0000,8578,1,2903587500.000,1,1,0,双开,S,3756.4000,3756.0000,3755.4000,3755.2000,3755.0000,3758.2000,3758.6000,3759.6000,3760.0000,3760.2000,2,1,2,3,1,1,1,1,3,1
SF,IF2007,2020-05-27 14:26:51.200,3757.0000,8578,0,2903587500.000,0,-,-,-,-,3756.6000,3756.4000,3756.0000,3755.4000,3755.2000,3757.8000,3758.0000,3758.2000,3759.6000,3760.0000,2,2,1,2,2,1,3,1,1,3
SF,IF2007,2020-05-27 14:26:51.700,3757.0000,8578,0,2903587500.000,0,-,-,-,-,3756.8000,3756.6000,3756.4000,3755.4000,3755.2000,3757.6000,3757.8000,3758.0000,3758.2000,3759.6000,1,1,2,2,2,1,1,2,1,1
SF,IF2007,2020-05-27 14:26:54.700,3757.0000,8578,0,2903587500.000,0,-,-,-,-,3756.6000,3756.4000,3755.4000,3755.2000,3755.0000,3757.6000,3757.8000,3758.0000,3758.2000,3759.6000,1,2,1,2,1,1,1,2,1,1
SF,IF2007,2020-05-27 14:26:55.200,3757.0000,8578,0,2903587500.000,0,-,-,-,-,3756.6000,3756.4000,3755.4000,3755.2000,3755.0000,3757.6000,3757.8000,3758.0000,3758.2000,3759.6000,1,2,1,2,1,1,1,1,1,1
SF,IF2007,2020-05-27 14:26:55.700,3757.0000,8578,0,2903587500.000,0,-,-,-,-,3756.6000,3755.4000,3755.2000,3755.0000,3754.2000,3757.2000,3757.6000,3757.8000,3758.0000,3758.2000,1,1,2,1,3,1,1,1,1,1
SF,IF2007,2020-05-27 14:26:56.200,3757.0000,8578,0,2903587500.000,0,-,-,-,-,3755.4000,3755.2000,3755.0000,3754.2000,3754.0000,3757.2000,3757.6000,3758.0000,3758.2000,3759.6000,1,2,1,3,1,1,1,1,1,1
SF,IF2007,2020-05-27 14:26:56.700,3757.0000,8578,0,2903587500.000,0,-,-,-,-,3756.2000,3755.8000,3755.6000,3755.4000,3755.2000,3757.0000,3758.0000,3758.2000,3759.6000,3760.0000,4,1,2,1,2,1,1,1,1,3
SF,IF2007,2020-05-27 14:26:57.200,3757.0000,8578,0,2903587500.000,0,-,-,-,-,3756.2000,3755.6000,3755.4000,3755.2000,3755.0000,3757.0000,3758.0000,3758.2000,3759.6000,3760.0000,4,2,1,2,1,1,1,1,1,3
SF,IF2007,2020-05-27 14:26:57.700,3757.0000,8578,0,2903587500.000,0,-,-,-,-,3756.4000,3756.2000,3755.6000,3755.4000,3755.2000,3757.0000,3758.0000,3758.2000,3759.6000,3760.0000,1,4,2,1,2,1,1,1,1,3
SF,IF2007,2020-05-27 14:26:58.700,3757.0000,8578,0,2904714600.000,1,0,1,多换,S,3756.6000,3756.4000,3756.2000,3755.6000,3755.4000,3758.0000,3758.2000,3759.6000,3760.0000,3760.2000,1,1,2,2,1,1,1,1,3,1
SF,IF2007,2020-05-27 14:26:59.200,3757.0000,8578,0,2904714600.000,0,-,-,-,-,3756.6000,3756.4000,3756.2000,3755.6000,3755.4000,3757.8000,3758.0000,3758.2000,3759.6000,3760.0000,1,1,2,2,1,2,1,1,1,3
SF,IF2007,2020-05-27 14:26:59.700,3757.0000,8578,0,2904714600.000,0,-,-,-,-,3756.8000,3756.6000,3756.4000,3756.2000,3755.6000,3757.8000,3758.0000,3758.2000,3759.6000,3760.0000,1,1,1,2,1,2,1,1,1,3
SF,IF2007,2020-05-27 14:27:00.200,3757.0000,8578,0,2904714600.000,0,-,-,-,-,3756.8000,3756.6000,3756.2000,3755.6000,3755.4000,3757.8000,3758.0000,3758.2000,3759.6000,3760.0000,2,1,2,1,1,2,1,1,1,3
SF,IF2007,2020-05-27 14:27:00.700,3757.0000,8578,0,2904714600.000,0,-,-,-,-,3756.8000,3756.6000,3756.2000,3756.0000,3755.6000,3757.8000,3758.0000,3758.2000,3759.6000,3760.0000,2,1,2,1,1,2,1,1,1,3
SF,IF2007,2020-05-27 14:27:01.200,3757.0000,8578,0,2904714600.000,0,-,-,-,-,3756.8000,3756.6000,3756.2000,3756.0000,3755.6000,3757.8000,3758.0000,3758.2000,3759.6000,3760.0000,2,1,1,1,1,2,1,1,1,3
SF,IF2007,2020-05-27 14:27:01.700,3757.0000,8578,0,2904714600.000,0,-,-,-,-,3756.8000,3756.2000,3756.0000,3755.6000,3755.4000,3757.4000,3757.6000,3757.8000,3758.2000,3759.6000,1,1,1,1,1,2,1,1,1,1
SF,IF2007,2020-05-27 14:27:02.200,3756.8000,8579,1,2905841640.000,1,1,0,双开,S,3756.2000,3756.0000,3755.6000,3755.4000,3755.2000,3757.4000,3757.6000,3757.8000,3758.2000,3759.6000,1,1,1,1,2,2,2,1,1,1
SF,IF2007,2020-05-27 14:27:02.700,3756.8000,8579,0,2905841640.000,0,-,-,-,-,3756.2000,3756.0000,3755.6000,3755.4000,3755.2000,3757.2000,3757.4000,3757.6000,3758.2000,3759.6000,1,1,1,1,2,1,1,2,1,1
SF,IF2007,2020-05-27 14:27:04.700,3756.8000,8579,0,2905841640.000,0,-,-,-,-,3756.0000,3755.6000,3755.4000,3755.2000,3755.0000,3757.2000,3757.4000,3757.6000,3758.2000,3759.6000,1,1,1,2,1,1,1,2,1,1
SF,IF2007,2020-05-27 14:27:05.200,3756.8000,8579,0,2905841640.000,0,-,-,-,-,3756.0000,3755.6000,3755.2000,3755.0000,3754.2000,3757.0000,3757.2000,3757.4000,3757.6000,3758.2000,1,1,2,1,3,1,1,1,2,1
SF,IF2007,2020-05-27 14:27:05.700,3756.8000,8579,0,2905841640.000,0,-,-,-,-,3756.0000,3755.2000,3755.0000,3754.2000,3754.0000,3756.8000,3757.0000,3757.6000,3758.2000,3759.6000,1,2,1,3,1,1,1,1,1,1
SF,IF2007,2020-05-27 14:27:06.700,3756.8000,8579,0,2905841640.000,0,-,-,-,-,3756.0000,3755.2000,3755.0000,3754.2000,3754.0000,3756.8000,3757.0000,3757.6000,3758.2000,3759.6000,1,2,1,3,1,1,1,1,1,1
SF,IF2007,2020-05-27 14:27:07.700,3756.8000,8579,0,2905841640.000,0,-,-,-,-,3756.0000,3755.2000,3755.0000,3754.2000,3754.0000,3756.8000,3757.6000,3758.2000,3759.6000,3760.0000,1,2,1,3,1,1,1,1,1,1
SF,IF2007,2020-05-27 14:27:10.700,3756.8000,8579,0,2906968680.000,1,0,1,多换,S,3756.0000,3755.2000,3755.0000,3754.2000,3754.0000,3757.6000,3758.2000,3759.6000,3760.0000,3760.2000,1,2,1,3,1,1,1,1,1,1
SF,IF2007,2020-05-27 14:27:11.200,3756.8000,8579,0,2906968680.000,0,-,-,-,-,3756.2000,3756.0000,3755.2000,3755.0000,3754.2000,3757.2000,3757.4000,3757.6000,3758.2000,3759.6000,1,1,2,1,3,2,2,1,1,1
SF,IF2007,2020-05-27 14:27:14.700,3756.8000,8579,0,2906968680.000,0,-,-,-,-,3756.2000,3756.0000,3755.2000,3755.0000,3754.2000,3757.2000,3757.4000,3758.2000,3759.6000,3760.0000,1,1,2,1,3,2,2,1,1,1
SF,IF2007,2020-05-27 14:27:15.200,3756.8000,8579,0,2906968680.000,0,-,-,-,-,3756.0000,3755.2000,3755.0000,3754.2000,3754.0000,3757.0000,3757.2000,3757.4000,3758.2000,3759.6000,1,2,1,3,1,2,2,1,1,1
SF,IF2007,2020-05-27 14:27:15.700,3756.8000,8579,0,2906968680.000,0,-,-,-,-,3756.0000,3755.2000,3755.0000,3754.2000,3754.0000,3756.8000,3757.0000,3757.2000,3758.2000,3759.6000,1,2,1,3,1,1,2,1,1,1
SF,IF2007,2020-05-27 14:27:16.200,3756.8000,8579,0,2906968680.000,0,-,-,-,-,3756.4000,3756.0000,3755.2000,3755.0000,3754.2000,3756.8000,3757.0000,3757.2000,3758.2000,3759.6000,1,1,2,1,3,1,2,1,1,1
SF,IF2007,2020-05-27 14:27:16.700,3756.8000,8579,0,2906968680.000,0,-,-,-,-,3756.4000,3756.0000,3755.2000,3755.0000,3754.2000,3756.8000,3757.0000,3758.2000,3759.6000,3760.0000,1,1,2,1,3,1,2,1,1,1
SF,IF2007,2020-05-27 14:27:17.200,3756.4000,8580,1,2908095600.000,1,1,0,双开,S,3756.0000,3755.2000,3755.0000,3754.2000,3754.0000,3756.8000,3757.0000,3758.2000,3759.6000,3760.0000,1,2,1,3,1,1,2,1,1,1
SF,IF2007,2020-05-27 14:27:17.700,3756.4000,8580,0,2908095600.000,0,-,-,-,-,3756.0000,3755.0000,3754.2000,3754.0000,3753.8000,3756.8000,3757.0000,3758.2000,3759.6000,3760.0000,1,1,3,1,3,1,2,1,1,1
SF,IF2007,2020-05-27 14:27:20.700,3756.0000,8581,1,2909222400.000,1,1,0,双开,S,3755.0000,3754.2000,3754.0000,3753.8000,3752.8000,3756.6000,3756.8000,3757.0000,3758.2000,3759.6000,1,3,1,3,1,1,1,2,1,1
SF,IF2007,2020-05-27 14:27:21.200,3756.0000,8581,0,2909222400.000,0,-,-,-,-,3755.2000,3755.0000,3754.2000,3754.0000,3753.8000,3756.4000,3756.6000,3757.0000,3758.2000,3759.6000,1,1,3,1,3,2,1,1,1,1
SF,IF2007,2020-05-27 14:27:21.700,3756.0000,8581,0,2909222400.000,0,-,-,-,-,3755.4000,3755.2000,3755.0000,3754.2000,3754.0000,3756.4000,3756.6000,3757.0000,3758.2000,3759.6000,1,1,1,3,1,2,1,1,1,1
SF,IF2007,2020-05-27 14:27:23.700,3756.0000,8581,0,2909222400.000,0,-,-,-,-,3755.4000,3755.2000,3755.0000,3754.2000,3754.0000,3756.0000,3756.4000,3756.6000,3757.0000,3758.2000,1,1,1,3,1,1,2,1,1,1
SF,IF2007,2020-05-27 14:27:25.200,3756.0000,8581,0,2909222400.000,0,-,-,-,-,3755.4000,3755.0000,3754.2000,3754.0000,3753.8000,3756.0000,3756.4000,3756.6000,3757.0000,3758.2000,1,1,3,1,3,1,2,1,1,1
SF,IF2007,2020-05-27 14:27:26.200,3756.0000,8581,0,2909222400.000,0,-,-,-,-,3755.4000,3755.0000,3754.2000,3754.0000,3753.8000,3756.0000,3756.4000,3757.0000,3758.2000,3759.6000,1,1,3,1,3,1,2,1,1,1
SF,IF2007,2020-05-27 14:27:26.700,3756.0000,8581,0,2910349200.000,1,0,1,多换,S,3755.4000,3755.0000,3754.2000,3754.0000,3752.8000,3756.4000,3757.0000,3758.2000,3759.6000,3760.0000,1,1,3,1,1,1,1,1,1,1
SF,IF2007,2020-05-27 14:27:27.200,3756.4000,8582,1,2911476120.000,1,1,0,双开,S,3755.6000,3755.4000,3755.0000,3754.2000,3754.0000,3757.0000,3758.2000,3759.6000,3760.0000,3760.2000,1,1,1,3,1,1,1,1,1,1
SF,IF2007,2020-05-27 14:27:27.700,3756.4000,8582,0,2911476120.000,0,-,-,-,-,3755.8000,3755.6000,3755.0000,3754.2000,3754.0000,3756.8000,3757.0000,3758.2000,3759.6000,3760.0000,2,1,1,3,1,1,1,1,1,1
SF,IF2007,2020-05-27 14:27:28.200,3756.4000,8582,0,2911476120.000,0,-,-,-,-,3755.8000,3755.6000,3755.0000,3754.2000,3754.0000,3757.0000,3758.2000,3759.6000,3760.0000,3760.2000,2,1,1,3,1,1,1,1,1,1
SF,IF2007,2020-05-27 14:27:28.700,3756.4000,8582,0,2911476120.000,0,-,-,-,-,3756.0000,3755.8000,3755.0000,3754.2000,3754.0000,3756.6000,3757.0000,3758.2000,3759.6000,3760.0000,1,2,1,3,1,1,1,1,1,1
SF,IF2007,2020-05-27 14:27:29.700,3756.4000,8582,0,2911476120.000,0,-,-,-,-,3756.0000,3755.8000,3755.0000,3754.2000,3754.0000,3756.6000,3758.2000,3759.6000,3760.0000,3760.2000,1,2,1,3,1,1,1,1,1,1
SF,IF2007,2020-05-27 14:27:31.200,3756.4000,8582,0,2911476120.000,0,-,-,-,-,3755.8000,3755.0000,3754.2000,3754.0000,3752.8000,3756.6000,3758.2000,3759.6000,3760.0000,3760.2000,2,1,3,1,1,1,1,1,1,1
SF,IF2007,2020-05-27 14:27:32.200,3756.4000,8582,0,2911476120.000,0,-,-,-,-,3755.8000,3755.0000,3754.2000,3754.0000,3752.8000,3756.6000,3758.2000,3759.6000,3760.0000,3760.2000,1,1,3,1,1,1,1,1,1,1
SF,IF2007,2020-05-27 14:27:35.200,3755.8000,8583,1,2912602860.000,1,1,0,双开,S,3755.6000,3755.0000,3754.2000,3754.0000,3752.8000,3756.6000,3758.2000,3759.6000,3760.0000,3760.2000,2,1,3,1,1,1,1,1,1,1
SF,IF2007,2020-05-27 14:27:37.200,3755.8000,8583,0,2912602860.000,0,-,-,-,-,3755.8000,3755.6000,3755.0000,3754.2000,3754.0000,3756.6000,3758.2000,3759.6000,3760.0000,3760.2000,1,2,1,3,1,1,1,1,1,1
SF,IF2007,2020-05-27 14:27:40.700,3756.6000,8583,0,2913729840.000,1,0,1,多换,S,3755.8000,3755.6000,3755.0000,3754.2000,3754.0000,3758.2000,3759.6000,3760.0000,3760.2000,3760.8000,1,2,1,3,1,1,1,1,1,1
SF,IF2007,2020-05-27 14:27:41.200,3756.6000,8583,0,2913729840.000,0,-,-,-,-,3756.0000,3755.8000,3755.6000,3755.0000,3754.2000,3757.6000,3758.0000,3758.2000,3759.6000,3760.2000,1,1,2,1,3,2,10,1,1,1
SF,IF2007,2020-05-27 14:27:41.700,3756.6000,8583,0,2913729840.000,0,-,-,-,-,3756.0000,3755.8000,3755.6000,3755.0000,3754.2000,3757.2000,3757.4000,3758.0000,3758.2000,3759.6000,1,1,2,1,3,2,4,6,1,1
SF,IF2007,2020-05-27 14:27:42.200,3756.6000,8583,0,2913729840.000,0,-,-,-,-,3756.0000,3755.8000,3755.6000,3755.0000,3754.2000,3757.2000,3757.4000,3758.0000,3758.2000,3759.6000,1,1,2,1,3,2,4,5,1,1
SF,IF2007,2020-05-27 14:27:43.700,3756.6000,8583,0,2913729840.000,0,-,-,-,-,3756.0000,3755.8000,3755.6000,3755.0000,3754.2000,3757.2000,3757.4000,3758.0000,3758.2000,3759.6000,1,1,2,1,3,1,4,5,1,1
SF,IF2007,2020-05-27 14:27:44.200,3756.6000,8583,0,2913729840.000,0,-,-,-,-,3756.0000,3755.8000,3755.6000,3755.0000,3754.2000,3757.0000,3757.2000,3757.4000,3758.0000,3758.2000,1,1,2,1,3,3,1,1,5,1
SF,IF2007,2020-05-27 14:27:44.700,3756.6000,8583,0,2913729840.000,0,-,-,-,-,3756.0000,3755.8000,3755.6000,3755.0000,3754.2000,3756.8000,3757.0000,3757.4000,3758.0000,3758.2000,1,1,2,1,3,1,3,1,5,1
SF,IF2007,2020-05-27 14:27:45.700,3756.6000,8583,0,2913729840.000,0,-,-,-,-,3756.0000,3755.8000,3755.6000,3755.0000,3754.2000,3756.8000,3757.0000,3758.0000,3758.2000,3759.6000,1,1,2,1,3,1,3,5,1,1
SF,IF2007,2020-05-27 14:27:46.700,3756.6000,8583,0,2913729840.000,0,-,-,-,-,3756.0000,3755.8000,3755.6000,3755.0000,3754.2000,3756.8000,3757.0000,3758.0000,3758.2000,3759.6000,1,1,2,1,3,1,2,5,1,1
SF,IF2007,2020-05-27 14:27:52.200,3756.0000,8583,0,2914856640.000,1,0,1,多换,S,3755.8000,3755.6000,3755.0000,3754.2000,3754.0000,3756.0000,3756.8000,3757.0000,3758.0000,3758.2000,1,2,1,3,1,4,1,2,5,1
SF,IF2007,2020-05-27 14:27:52.700,3756.0000,8582,-1,2915983440.000,1,0,1,双平,S,3755.8000,3755.6000,3755.0000,3754.2000,3754.0000,3756.0000,3756.8000,3757.0000,3758.0000,3758.2000,1,2,1,1,1,3,1,2,5,1
SF,IF2007,2020-05-27 14:27:54.200,3756.0000,8582,0,2917110240.000,1,0,1,多换,S,3755.6000,3755.0000,3754.2000,3754.0000,3752.8000,3756.0000,3756.8000,3757.0000,3758.0000,3758.2000,2,1,1,1,1,2,1,2,5,1
SF,IF2007,2020-05-27 14:27:54.700,3756.0000,8582,0,2918237040.000,1,0,1,多换,S,3755.6000,3755.0000,3754.2000,3754.0000,3752.8000,3756.0000,3756.8000,3757.0000,3758.0000,3758.2000,2,1,1,1,1,1,1,2,5,1
SF,IF2007,2020-05-27 14:27:55.200,3756.0000,8582,0,2919363840.000,1,0,1,多换,S,3755.6000,3755.0000,3754.2000,3754.0000,3752.8000,3756.8000,3757.0000,3758.0000,3758.2000,3759.6000,2,1,1,1,1,1,2,5,1,1
SF,IF2007,2020-05-27 14:27:55.700,3756.0000,8582,0,2919363840.000,0,-,-,-,-,3755.6000,3755.0000,3754.2000,3754.0000,3752.8000,3756.6000,3756.8000,3757.0000,3758.0000,3758.2000,2,1,1,1,1,1,1,1,5,1
SF,IF2007,2020-05-27 14:27:56.200,3756.0000,8582,0,2919363840.000,0,-,-,-,-,3755.6000,3755.0000,3754.2000,3754.0000,3752.8000,3755.8000,3756.6000,3756.8000,3757.0000,3758.0000,2,1,1,1,1,1,1,1,1,5
SF,IF2007,2020-05-27 14:27:56.700,3755.8000,8583,1,2920490580.000,1,1,0,双开,S,3755.6000,3755.0000,3754.2000,3754.0000,3752.8000,3756.6000,3756.8000,3757.0000,3758.0000,3758.2000,2,1,1,1,1,1,1,1,5,1
SF,IF2007,2020-05-27 14:27:57.200,3755.8000,8583,0,2920490580.000,0,-,-,-,-,3755.6000,3755.4000,3755.0000,3754.2000,3754.0000,3756.6000,3756.8000,3757.0000,3758.0000,3758.2000,2,1,1,1,1,1,1,1,5,1
SF,IF2007,2020-05-27 14:27:59.200,3755.6000,8581,-2,2922743940.000,2,0,2,双平,S,3755.4000,3755.0000,3754.2000,3754.0000,3752.8000,3755.6000,3756.6000,3756.8000,3757.0000,3758.0000,1,1,1,1,1,3,1,1,1,5
SF,IF2007,2020-05-27 14:27:59.700,3755.6000,8581,0,2926123980.000,3,1,2,多换,S,3755.4000,3755.0000,3754.2000,3754.0000,3753.2000,3756.6000,3757.0000,3758.0000,3758.2000,3759.6000,1,1,1,1,1,1,1,5,1,1
SF,IF2007,2020-05-27 14:28:00.200,3755.6000,8581,0,2926123980.000,0,-,-,-,-,3755.6000,3755.4000,3755.0000,3754.2000,3754.0000,3756.6000,3757.0000,3758.0000,3758.2000,3759.6000,1,1,1,1,1,1,1,5,1,1
SF,IF2007,2020-05-27 14:28:02.200,3755.6000,8582,1,2927250660.000,1,1,0,双开,S,3755.4000,3755.0000,3754.2000,3754.0000,3753.2000,3756.6000,3757.0000,3758.0000,3758.2000,3759.6000,1,1,1,1,1,1,1,5,1,1
SF,IF2007,2020-05-27 14:28:02.700,3755.6000,8582,0,2927250660.000,0,-,-,-,-,3755.4000,3755.0000,3754.2000,3754.0000,3753.2000,3756.4000,3756.6000,3758.0000,3758.2000,3759.6000,1,1,1,1,1,1,1,5,1,1
SF,IF2007,2020-05-27 14:28:03.200,3755.6000,8582,0,2927250660.000,0,-,-,-,-,3755.4000,3755.0000,3754.2000,3754.0000,3753.2000,3756.2000,3756.4000,3758.0000,3758.2000,3759.6000,1,1,1,1,1,1,1,5,1,1
SF,IF2007,2020-05-27 14:28:03.700,3755.6000,8582,0,2927250660.000,0,-,-,-,-,3755.4000,3755.0000,3754.2000,3754.0000,3753.2000,3756.2000,3756.4000,3758.0000,3758.2000,3759.6000,1,1,1,1,1,2,1,5,1,1
SF,IF2007,2020-05-27 14:28:05.700,3755.6000,8582,0,2927250660.000,0,-,-,-,-,3755.4000,3755.0000,3754.2000,3754.0000,3753.2000,3756.2000,3758.0000,3758.2000,3759.6000,3760.2000,1,1,1,1,1,2,5,1,1,1
SF,IF2007,2020-05-27 14:28:08.700,3755.6000,8582,0,2927250660.000,0,-,-,-,-,3755.4000,3755.0000,3754.2000,3754.0000,3753.2000,3756.2000,3758.0000,3758.2000,3759.6000,3760.2000,1,1,1,1,1,1,5,1,1,1
SF,IF2007,2020-05-27 14:28:11.200,3755.4000,8583,1,2928377280.000,1,1,0,双开,S,3755.0000,3754.2000,3754.0000,3753.2000,3752.8000,3756.2000,3758.0000,3758.2000,3759.6000,3760.2000,1,1,1,1,1,1,5,1,1,1
SF,IF2007,2020-05-27 14:28:11.700,3755.4000,8583,0,2928377280.000,0,-,-,-,-,3755.2000,3755.0000,3754.2000,3754.0000,3753.2000,3756.2000,3758.0000,3758.2000,3759.6000,3760.2000,1,1,1,1,1,1,4,1,1,1
SF,IF2007,2020-05-27 14:28:12.700,3755.4000,8583,0,2928377280.000,0,-,-,-,-,3755.2000,3755.0000,3754.2000,3753.2000,3752.8000,3756.0000,3756.2000,3758.0000,3758.2000,3759.6000,1,1,1,1,1,1,1,4,1,1
SF,IF2007,2020-05-27 14:28:13.200,3755.4000,8583,0,2928377280.000,0,-,-,-,-,3755.2000,3755.0000,3754.2000,3753.2000,3752.8000,3756.2000,3758.0000,3758.2000,3759.6000,3760.2000,1,1,1,1,1,1,4,1,1,1
SF,IF2007,2020-05-27 14:28:13.700,3755.4000,8583,0,2928377280.000,0,-,-,-,-,3755.2000,3755.0000,3754.2000,3753.2000,3752.8000,3756.0000,3756.2000,3758.0000,3758.2000,3759.6000,1,1,1,1,1,1,1,4,1,1
SF,IF2007,2020-05-27 14:28:14.700,3755.4000,8583,0,2928377280.000,0,-,-,-,-,3755.0000,3754.2000,3753.2000,3752.8000,3752.2000,3756.0000,3756.2000,3758.0000,3758.2000,3759.6000,1,1,1,1,1,1,1,4,1,1
SF,IF2007,2020-05-27 14:28:15.200,3755.4000,8583,0,2928377280.000,0,-,-,-,-,3755.0000,3754.2000,3753.2000,3752.8000,3752.2000,3755.8000,3756.0000,3758.0000,3758.2000,3759.6000,1,1,1,1,1,1,1,4,1,1
SF,IF2007,2020-05-27 14:28:15.700,3755.4000,8583,0,2928377280.000,0,-,-,-,-,3755.0000,3754.2000,3753.2000,3752.8000,3752.2000,3755.8000,3758.0000,3758.2000,3759.6000,3760.2000,1,1,1,1,1,1,4,1,1,1
SF,IF2007,2020-05-27 14:28:16.700,3755.4000,8583,0,2928377280.000,0,-,-,-,-,3755.0000,3754.2000,3753.2000,3752.8000,3752.2000,3755.8000,3758.0000,3758.2000,3759.6000,3760.2000,1,1,1,1,1,1,4,1,1,1
SF,IF2007,2020-05-27 14:28:20.700,3755.4000,8583,0,2928377280.000,0,-,-,-,-,3755.2000,3755.0000,3754.2000,3753.2000,3752.8000,3755.8000,3758.0000,3758.2000,3759.6000,3760.2000,1,1,1,1,1,1,4,1,1,1
SF,IF2007,2020-05-27 14:28:26.700,3755.8000,8584,1,2929504020.000,1,1,0,双开,S,3755.2000,3755.0000,3754.2000,3753.2000,3752.8000,3758.0000,3758.2000,3759.6000,3760.2000,3760.8000,1,1,1,1,1,4,1,1,1,1
SF,IF2007,2020-05-27 14:28:27.200,3755.8000,8584,0,2929504020.000,0,-,-,-,-,3755.4000,3755.2000,3755.0000,3754.2000,3753.2000,3757.0000,3757.4000,3757.6000,3757.8000,3758.0000,1,1,1,1,1,1,1,2,7,4
SF,IF2007,2020-05-27 14:28:27.700,3755.8000,8584,0,2929504020.000,0,-,-,-,-,3755.4000,3755.2000,3755.0000,3754.2000,3753.2000,3756.6000,3756.8000,3757.6000,3757.8000,3758.0000,1,1,1,1,1,1,4,1,2,4
SF,IF2007,2020-05-27 14:28:28.700,3755.8000,8584,0,2929504020.000,0,-,-,-,-,3756.0000,3755.6000,3755.4000,3755.0000,3754.2000,3756.8000,3757.6000,3757.8000,3758.0000,3758.2000,1,3,1,1,1,4,1,1,4,1
SF,IF2007,2020-05-27 14:28:29.200,3755.8000,8585,1,2930630760.000,1,1,0,双开,S,3755.6000,3755.4000,3755.0000,3754.2000,3753.2000,3756.8000,3757.6000,3757.8000,3758.0000,3758.2000,3,1,1,1,1,4,1,1,4,1
SF,IF2007,2020-05-27 14:28:29.700,3755.8000,8585,0,2930630760.000,0,-,-,-,-,3755.8000,3755.6000,3755.0000,3754.2000,3753.2000,3756.8000,3757.6000,3757.8000,3758.0000,3758.2000,2,2,1,1,1,3,1,1,4,1
SF,IF2007,2020-05-27 14:28:30.200,3755.8000,8585,0,2930630760.000,0,-,-,-,-,3756.0000,3755.8000,3755.6000,3755.0000,3754.2000,3757.6000,3757.8000,3758.0000,3758.2000,3760.2000,1,2,1,1,1,1,1,3,1,1
SF,IF2007,2020-05-27 14:28:30.700,3755.8000,8585,0,2930630760.000,0,-,-,-,-,3756.2000,3756.0000,3755.6000,3755.0000,3754.2000,3757.4000,3757.6000,3758.0000,3758.2000,3760.2000,1,1,1,1,1,4,1,3,1,1
SF,IF2007,2020-05-27 14:28:31.200,3755.8000,8585,0,2930630760.000,0,-,-,-,-,3756.2000,3756.0000,3755.6000,3755.0000,3754.2000,3757.2000,3757.4000,3757.6000,3758.0000,3758.2000,1,1,1,1,1,1,5,1,3,1
SF,IF2007,2020-05-27 14:28:31.700,3755.8000,8585,0,2930630760.000,0,-,-,-,-,3756.2000,3756.0000,3755.0000,3754.2000,3753.2000,3757.2000,3757.4000,3758.0000,3758.2000,3760.2000,1,1,1,1,1,1,5,2,1,1
SF,IF2007,2020-05-27 14:28:32.200,3755.8000,8585,0,2930630760.000,0,-,-,-,-,3756.0000,3755.0000,3754.2000,3753.2000,3752.8000,3757.0000,3757.2000,3757.4000,3758.0000,3758.2000,1,1,1,1,1,1,1,3,2,1
SF,IF2007,2020-05-27 14:28:32.700,3755.8000,8585,0,2930630760.000,0,-,-,-,-,3756.0000,3755.0000,3754.2000,3753.2000,3752.8000,3757.0000,3757.2000,3757.4000,3758.0000,3758.2000,1,1,1,1,1,1,1,2,2,1
SF,IF2007,2020-05-27 14:28:33.200,3755.8000,8585,0,2930630760.000,0,-,-,-,-,3756.2000,3756.0000,3755.0000,3754.2000,3753.2000,3757.4000,3758.0000,3758.2000,3760.2000,3760.8000,1,1,1,1,1,2,2,1,1,1
SF,IF2007,2020-05-27 14:28:33.700,3755.8000,8585,0,2930630760.000,0,-,-,-,-,3756.2000,3756.0000,3755.4000,3755.0000,3754.2000,3757.2000,3757.4000,3758.0000,3758.2000,3760.2000,1,1,1,1,1,1,1,1,1,1
SF,IF2007,2020-05-27 14:28:34.200,3756.2000,8586,1,2931757620.000,1,1,0,双开,S,3756.0000,3755.4000,3755.0000,3754.2000,3753.2000,3756.2000,3757.2000,3757.4000,3758.0000,3758.2000,1,1,1,1,1,10,1,1,1,1
SF,IF2007,2020-05-27 14:28:34.700,3756.2000,8588,2,2935138200.000,3,2,1,空开,S,3756.0000,3755.4000,3755.0000,3754.2000,3753.2000,3756.2000,3757.2000,3758.0000,3758.2000,3760.2000,1,1,1,1,1,7,1,1,1,1
SF,IF2007,2020-05-27 14:28:35.200,3756.2000,8588,0,2936265060.000,1,0,1,多换,S,3756.0000,3755.4000,3755.0000,3754.2000,3753.2000,3756.2000,3757.2000,3758.0000,3758.2000,3760.2000,1,1,1,1,1,6,1,1,1,1
SF,IF2007,2020-05-27 14:28:35.700,3756.2000,8588,0,2936265060.000,0,-,-,-,-,3755.4000,3755.0000,3754.2000,3753.2000,3752.8000,3756.2000,3757.2000,3758.0000,3758.2000,3760.2000,1,1,1,1,1,6,1,1,1,1
SF,IF2007,2020-05-27 14:28:36.200,3756.2000,8588,0,2936265060.000,0,-,-,-,-,3755.4000,3755.0000,3754.2000,3753.2000,3752.8000,3756.2000,3757.2000,3758.0000,3758.2000,3760.2000,1,1,1,1,1,6,1,1,1,1
SF,IF2007,2020-05-27 14:28:37.200,3756.2000,8588,0,2936265060.000,0,-,-,-,-,3755.6000,3755.4000,3755.0000,3754.2000,3753.2000,3756.2000,3757.2000,3758.0000,3758.2000,3760.2000,7,2,1,1,1,6,1,1,1,1
SF,IF2007,2020-05-27 14:28:37.700,3756.2000,8588,0,2936265060.000,0,-,-,-,-,3755.6000,3755.4000,3755.0000,3754.2000,3753.2000,3756.2000,3757.2000,3758.0000,3758.2000,3760.2000,8,2,1,1,1,6,1,1,1,1
SF,IF2007,2020-05-27 14:28:38.200,3756.2000,8588,0,2936265060.000,0,-,-,-,-,3755.6000,3755.4000,3755.0000,3754.2000,3753.2000,3756.2000,3757.2000,3758.0000,3758.2000,3760.2000,3,1,1,1,1,6,1,1,1,1
SF,IF2007,2020-05-27 14:28:39.200,3756.2000,8588,0,2936265060.000,0,-,-,-,-,3755.8000,3755.6000,3755.4000,3755.0000,3754.2000,3756.2000,3757.2000,3758.0000,3758.2000,3760.2000,1,3,1,1,1,6,1,1,1,1
SF,IF2007,2020-05-27 14:28:40.200,3756.2000,8588,0,2936265060.000,0,-,-,-,-,3755.8000,3755.6000,3755.4000,3755.0000,3754.2000,3756.2000,3757.0000,3757.2000,3758.0000,3758.2000,1,3,1,1,1,6,1,1,1,1
SF,IF2007,2020-05-27 14:28:41.200,3756.2000,8588,0,2936265060.000,0,-,-,-,-,3755.8000,3755.6000,3755.4000,3755.0000,3754.2000,3756.2000,3757.0000,3757.2000,3758.0000,3758.2000,1,2,1,1,1,6,1,1,1,1
SF,IF2007,2020-05-27 14:28:41.700,3756.2000,8589,1,2937391920.000,1,1,0,双开,S,3755.8000,3755.6000,3755.4000,3755.0000,3754.2000,3756.2000,3757.0000,3757.2000,3758.0000,3758.2000,1,1,1,1,1,5,1,1,1,1
SF,IF2007,2020-05-27 14:28:42.200,3756.2000,8590,1,2940772500.000,3,2,1,空开,S,3755.8000,3755.6000,3755.4000,3755.0000,3754.2000,3756.2000,3757.0000,3757.2000,3758.0000,3758.2000,1,1,1,1,1,2,1,1,1,1
SF,IF2007,2020-05-27 14:28:43.200,3756.2000,8590,0,2940772500.000,0,-,-,-,-,3756.0000,3755.6000,3755.4000,3755.0000,3754.2000,3756.2000,3757.0000,3757.2000,3758.0000,3758.2000,1,1,1,1,1,2,1,1,1,1
SF,IF2007,2020-05-27 14:28:44.200,3756.2000,8592,2,2943026220.000,2,2,0,双开,S,3756.2000,3755.6000,3755.4000,3755.0000,3754.2000,3757.0000,3757.2000,3758.0000,3758.2000,3760.2000,2,1,1,1,1,1,1,1,1,1
SF,IF2007,2020-05-27 14:28:44.700,3756.2000,8592,0,2943026220.000,0,-,-,-,-,3756.2000,3756.0000,3755.4000,3755.0000,3754.2000,3757.0000,3757.2000,3758.0000,3758.2000,3760.2000,1,1,1,1,1,1,1,1,1,1
SF,IF2007,2020-05-27 14:28:46.200,3756.2000,8592,0,2943026220.000,0,-,-,-,-,3756.2000,3756.0000,3755.4000,3755.0000,3754.2000,3757.0000,3757.2000,3758.2000,3760.2000,3760.8000,3,1,1,1,1,1,1,1,1,1
SF,IF2007,2020-05-27 14:28:46.700,3756.2000,8592,0,2943026220.000,0,-,-,-,-,3756.4000,3756.2000,3755.4000,3755.0000,3754.2000,3757.0000,3757.2000,3758.2000,3760.2000,3760.8000,1,3,1,1,1,1,1,1,1,1
SF,IF2007,2020-05-27 14:28:48.200,3756.2000,8592,0,2943026220.000,0,-,-,-,-,3756.2000,3755.4000,3755.0000,3754.2000,3753.2000,3757.0000,3757.2000,3758.2000,3760.2000,3760.8000,3,1,1,1,1,1,1,1,1,1
SF,IF2007,2020-05-27 14:28:49.700,3756.2000,8592,0,2943026220.000,0,-,-,-,-,3756.2000,3755.4000,3755.0000,3754.2000,3753.2000,3757.0000,3757.2000,3758.2000,3760.2000,3760.8000,1,1,1,1,1,1,1,1,1,1
SF,IF2007,2020-05-27 14:28:50.200,3756.2000,8592,0,2943026220.000,0,-,-,-,-,3756.2000,3755.4000,3755.0000,3754.2000,3753.2000,3756.8000,3757.0000,3758.2000,3760.2000,3760.8000,1,1,1,1,1,1,1,1,1,1
SF,IF2007,2020-05-27 14:28:51.200,3756.2000,8592,0,2943026220.000,0,-,-,-,-,3755.4000,3755.0000,3754.2000,3753.2000,3752.2000,3756.8000,3757.0000,3758.2000,3760.2000,3760.8000,1,1,1,1,1,1,1,1,1,1
SF,IF2007,2020-05-27 14:28:51.700,3756.2000,8592,0,2943026220.000,0,-,-,-,-,3755.8000,3755.6000,3755.4000,3755.0000,3754.2000,3756.8000,3757.0000,3758.2000,3760.2000,3760.8000,6,4,2,1,1,1,1,1,1,1
SF,IF2007,2020-05-27 14:28:52.200,3756.2000,8592,0,2943026220.000,0,-,-,-,-,3756.2000,3755.8000,3755.6000,3755.4000,3755.0000,3756.8000,3757.0000,3758.2000,3760.2000,3760.8000,1,2,4,1,1,1,1,1,1,1
SF,IF2007,2020-05-27 14:28:53.200,3756.2000,8592,0,2943026220.000,0,-,-,-,-,3756.2000,3756.0000,3755.8000,3755.6000,3755.4000,3756.8000,3757.0000,3758.2000,3760.2000,3760.8000,1,1,2,4,1,1,1,1,1,1
SF,IF2007,2020-05-27 14:28:54.200,3756.2000,8592,0,2943026220.000,0,-,-,-,-,3756.2000,3756.0000,3755.8000,3755.6000,3755.4000,3756.8000,3757.0000,3758.0000,3758.2000,3760.2000,1,1,2,4,1,1,1,1,1,1
SF,IF2007,2020-05-27 14:28:54.700,3756.2000,8592,0,2943026220.000,0,-,-,-,-,3756.4000,3756.2000,3755.8000,3755.6000,3755.4000,3756.8000,3757.0000,3758.0000,3758.2000,3760.2000,1,1,2,4,1,1,1,1,1,1
SF,IF2007,2020-05-27 14:29:05.200,3756.2000,8592,0,2943026220.000,0,-,-,-,-,3756.4000,3756.2000,3755.8000,3755.6000,3755.4000,3756.8000,3757.0000,3758.2000,3760.2000,3760.8000,1,1,2,4,1,1,1,1,1,1
SF,IF2007,2020-05-27 14:29:05.700,3756.2000,8592,0,2943026220.000,0,-,-,-,-,3756.2000,3755.8000,3755.6000,3755.4000,3755.0000,3757.0000,3758.2000,3760.2000,3760.8000,3761.6000,1,1,4,1,1,1,1,1,1,3
SF,IF2007,2020-05-27 14:29:06.200,3756.2000,8592,0,2943026220.000,0,-,-,-,-,3756.2000,3755.8000,3755.6000,3755.4000,3755.0000,3757.0000,3758.2000,3760.2000,3760.8000,3761.6000,3,1,4,1,1,1,1,1,1,3
SF,IF2007,2020-05-27 14:29:09.700,3756.2000,8592,0,2943026220.000,0,-,-,-,-,3756.2000,3755.8000,3755.6000,3755.4000,3755.0000,3757.0000,3758.2000,3760.2000,3760.8000,3761.6000,1,1,4,1,1,1,1,1,1,3
SF,IF2007,2020-05-27 14:29:10.200,3756.2000,8592,0,2943026220.000,0,-,-,-,-,3756.2000,3755.8000,3755.6000,3755.4000,3755.0000,3757.0000,3758.2000,3760.2000,3760.8000,3761.6000,1,1,3,1,1,1,1,1,1,3
SF,IF2007,2020-05-27 14:29:12.700,3756.2000,8593,1,2944153080.000,1,1,0,双开,S,3755.8000,3755.6000,3755.4000,3755.0000,3754.2000,3757.0000,3758.2000,3760.2000,3760.8000,3761.6000,1,3,1,1,1,1,1,1,1,3
SF,IF2007,2020-05-27 14:29:13.200,3756.2000,8593,0,2944153080.000,0,-,-,-,-,3755.8000,3755.6000,3755.4000,3755.0000,3754.2000,3756.8000,3757.0000,3758.2000,3760.2000,3760.8000,1,3,1,1,1,1,1,1,1,1
SF,IF2007,2020-05-27 14:29:13.700,3756.2000,8593,0,2944153080.000,0,-,-,-,-,3756.0000,3755.8000,3755.6000,3755.4000,3755.0000,3756.8000,3757.0000,3758.2000,3760.2000,3760.8000,1,1,3,1,1,1,1,1,1,1
SF,IF2007,2020-05-27 14:29:15.200,3756.2000,8593,0,2944153080.000,0,-,-,-,-,3755.8000,3755.6000,3755.4000,3755.0000,3754.2000,3756.8000,3757.0000,3758.2000,3760.2000,3760.8000,1,3,1,1,1,1,1,1,1,1
SF,IF2007,2020-05-27 14:29:16.700,3756.2000,8593,0,2944153080.000,0,-,-,-,-,3756.0000,3755.8000,3755.6000,3755.4000,3755.0000,3756.8000,3757.0000,3758.2000,3760.2000,3760.8000,1,2,3,1,1,1,1,1,1,1
SF,IF2007,2020-05-27 14:29:17.200,3756.2000,8593,0,2944153080.000,0,-,-,-,-,3756.0000,3755.8000,3755.6000,3755.4000,3755.0000,3757.0000,3758.2000,3760.2000,3760.8000,3761.6000,1,2,3,1,1,1,1,1,1,3
SF,IF2007,2020-05-27 14:29:18.200,3756.2000,8593,0,2944153080.000,0,-,-,-,-,3756.0000,3755.8000,3755.6000,3755.4000,3755.0000,3756.8000,3757.0000,3758.2000,3760.2000,3760.8000,1,2,3,1,1,1,1,1,1,1
SF,IF2007,2020-05-27 14:29:18.700,3756.2000,8593,0,2944153080.000,0,-,-,-,-,3756.0000,3755.8000,3755.6000,3755.4000,3755.0000,3756.6000,3756.8000,3757.0000,3758.2000,3760.2000,1,2,3,1,1,1,1,1,1,1
SF,IF2007,2020-05-27 14:29:19.200,3756.0000,8594,1,2945279880.000,1,1,0,双开,S,3755.8000,3755.4000,3755.0000,3754.2000,3753.2000,3756.4000,3756.6000,3757.0000,3758.2000,3760.2000,1,1,1,1,1,1,1,1,1,1
SF,IF2007,2020-05-27 14:29:19.700,3755.8000,8595,1,2946406620.000,1,1,0,双开,S,3755.4000,3755.0000,3754.2000,3753.2000,3752.2000,3756.0000,3756.2000,3757.0000,3758.2000,3760.2000,1,1,1,1,1,1,1,1,1,1
SF,IF2007,2020-05-27 14:29:32.200,3756.0000,8596,1,2947533420.000,1,1,0,双开,S,3755.6000,3755.4000,3755.0000,3754.2000,3753.2000,3756.2000,3757.0000,3758.2000,3760.2000,3760.8000,5,2,1,1,1,1,1,1,1,1
SF,IF2007,2020-05-27 14:29:32.700,3756.0000,8596,0,2947533420.000,0,-,-,-,-,3755.6000,3755.4000,3755.0000,3754.2000,3753.2000,3757.0000,3758.2000,3760.2000,3760.8000,3761.6000,3,1,1,1,1,1,1,1,1,3
SF,IF2007,2020-05-27 14:29:33.200,3756.0000,8596,0,2947533420.000,0,-,-,-,-,3755.8000,3755.6000,3755.4000,3755.0000,3754.2000,3756.8000,3757.0000,3758.2000,3760.2000,3760.8000,1,3,1,1,1,1,1,1,1,1
SF,IF2007,2020-05-27 14:29:36.200,3756.0000,8596,0,2947533420.000,0,-,-,-,-,3755.8000,3755.6000,3755.4000,3755.0000,3754.2000,3756.8000,3757.0000,3758.2000,3760.2000,3760.8000,2,3,1,1,1,1,1,1,1,1
SF,IF2007,2020-05-27 14:29:36.700,3756.0000,8596,0,2947533420.000,0,-,-,-,-,3755.8000,3755.6000,3755.4000,3755.0000,3754.2000,3756.8000,3757.0000,3758.2000,3760.2000,3760.8000,1,3,1,1,1,1,1,1,1,1
SF,IF2007,2020-05-27 14:29:38.700,3756.0000,8596,0,2947533420.000,0,-,-,-,-,3756.0000,3755.8000,3755.6000,3755.4000,3755.0000,3756.8000,3757.0000,3758.2000,3760.2000,3760.8000,2,1,1,1,1,1,1,1,1,1
SF,IF2007,2020-05-27 14:29:43.700,3756.0000,8596,0,2947533420.000,0,-,-,-,-,3756.2000,3756.0000,3755.8000,3755.4000,3755.0000,3756.8000,3757.0000,3758.2000,3760.2000,3760.8000,1,2,1,1,1,1,1,1,1,1
SF,IF2007,2020-05-27 14:29:44.200,3756.0000,8596,0,2947533420.000,0,-,-,-,-,3756.4000,3756.2000,3756.0000,3755.4000,3755.0000,3757.0000,3758.2000,3760.2000,3760.8000,3761.6000,1,1,2,1,1,1,1,1,1,3
SF,IF2007,2020-05-27 14:29:44.700,3756.0000,8596,0,2947533420.000,0,-,-,-,-,3756.4000,3756.2000,3756.0000,3755.4000,3755.0000,3757.0000,3758.2000,3760.2000,3760.8000,3761.6000,1,1,1,1,1,1,1,1,1,3
SF,IF2007,2020-05-27 14:29:47.700,3756.0000,8596,0,2947533420.000,0,-,-,-,-,3756.2000,3756.0000,3755.4000,3755.0000,3754.2000,3757.0000,3758.2000,3760.2000,3760.8000,3761.6000,1,1,1,1,1,1,1,1,1,3
SF,IF2007,2020-05-27 14:29:49.200,3756.0000,8596,0,2947533420.000,0,-,-,-,-,3756.2000,3755.4000,3755.0000,3754.2000,3753.2000,3757.0000,3758.2000,3760.2000,3760.8000,3761.6000,1,1,1,1,1,1,1,1,1,3
SF,IF2007,2020-05-27 14:29:55.200,3756.0000,8596,0,2947533420.000,0,-,-,-,-,3756.4000,3756.2000,3755.4000,3755.0000,3754.2000,3757.0000,3758.2000,3760.2000,3760.8000,3761.6000,1,1,1,1,1,1,1,1,1,3
SF,IF2007,2020-05-27 14:29:59.700,3756.0000,8596,0,2947533420.000,0,-,-,-,-,3756.2000,3755.4000,3755.0000,3754.2000,3753.2000,3757.0000,3758.2000,3760.2000,3760.8000,3761.6000,1,1,1,1,1,1,1,1,1,3
SF,IF2007,2020-05-27 14:30:01.200,3756.0000,8596,0,2947533420.000,0,-,-,-,-,3756.4000,3756.2000,3755.4000,3755.0000,3754.2000,3757.0000,3758.2000,3760.2000,3760.8000,3761.6000,2,1,1,1,1,1,1,1,1,3
SF,IF2007,2020-05-27 14:30:03.700,3757.0000,8596,0,2948660520.000,1,0,1,多换,S,3756.6000,3756.4000,3755.4000,3755.0000,3754.2000,3758.2000,3760.2000,3760.8000,3761.6000,3762.0000,1,2,1,1,1,1,1,1,3,2
SF,IF2007,2020-05-27 14:30:04.200,3757.0000,8596,0,2948660520.000,0,-,-,-,-,3756.8000,3756.6000,3756.4000,3755.4000,3755.0000,3758.0000,3758.2000,3760.2000,3760.8000,3761.6000,1,1,2,1,1,2,1,1,1,3
SF,IF2007,2020-05-27 14:30:04.700,3757.0000,8596,0,2948660520.000,0,-,-,-,-,3756.8000,3756.6000,3756.4000,3755.4000,3755.0000,3758.0000,3758.2000,3760.2000,3760.8000,3761.6000,1,1,1,1,1,1,1,1,1,3
SF,IF2007,2020-05-27 14:30:05.200,3757.0000,8596,0,2948660520.000,0,-,-,-,-,3757.0000,3756.8000,3756.6000,3755.4000,3755.0000,3758.0000,3758.2000,3760.2000,3760.8000,3761.6000,1,1,1,1,1,1,1,1,1,3
SF,IF2007,2020-05-27 14:30:08.200,3757.0000,8596,0,2948660520.000,0,-,-,-,-,3757.0000,3756.8000,3756.6000,3755.4000,3755.0000,3758.0000,3758.2000,3760.2000,3760.8000,3761.6000,1,1,1,1,1,1,1,1,1,3
SF,IF2007,2020-05-27 14:30:09.200,3757.0000,8596,0,2948660520.000,0,-,-,-,-,3756.8000,3756.6000,3755.4000,3755.0000,3754.2000,3758.0000,3758.2000,3760.2000,3760.8000,3761.6000,1,1,1,1,1,1,1,1,1,3
SF,IF2007,2020-05-27 14:30:10.200,3757.0000,8596,0,2948660520.000,0,-,-,-,-,3757.0000,3756.8000,3756.6000,3755.4000,3755.0000,3758.0000,3758.2000,3760.2000,3760.8000,3761.6000,1,1,1,1,1,1,1,1,1,3
SF,IF2007,2020-05-27 14:30:10.700,3757.0000,8596,0,2948660520.000,0,-,-,-,-,3757.0000,3756.6000,3755.4000,3755.0000,3754.2000,3758.0000,3758.2000,3760.2000,3760.8000,3761.6000,1,1,1,1,1,1,1,1,1,3
SF,IF2007,2020-05-27 14:30:12.200,3757.0000,8596,0,2948660520.000,0,-,-,-,-,3757.2000,3757.0000,3755.4000,3755.0000,3754.2000,3758.0000,3758.2000,3760.2000,3760.8000,3761.6000,2,1,1,1,1,1,1,1,1,3
SF,IF2007,2020-05-27 14:30:13.200,3757.0000,8596,0,2948660520.000,0,-,-,-,-,3757.4000,3757.2000,3755.4000,3755.0000,3754.2000,3758.0000,3760.2000,3760.8000,3761.6000,3762.0000,1,2,1,1,1,1,1,1,3,2
SF,IF2007,2020-05-27 14:30:15.700,3757.0000,8596,0,2948660520.000,0,-,-,-,-,3757.6000,3757.4000,3757.2000,3755.4000,3755.0000,3758.0000,3760.2000,3760.8000,3761.6000,3762.0000,1,1,1,1,1,1,1,1,3,2
SF,IF2007,2020-05-27 14:30:17.700,3758.0000,8597,1,2949787920.000,1,1,0,双开,S,3757.6000,3757.4000,3757.2000,3755.4000,3755.0000,3760.2000,3760.8000,3761.6000,3762.0000,3762.4000,1,1,1,1,1,1,1,3,2,1
SF,IF2007,2020-05-27 14:30:18.200,3757.8000,8597,0,2950915260.000,1,0,1,多换,S,3757.6000,3757.4000,3757.2000,3755.4000,3755.0000,3759.0000,3759.2000,3759.6000,3759.8000,3760.0000,1,1,1,1,1,1,1,1,1,9
SF,IF2007,2020-05-27 14:30:18.700,3757.8000,8597,0,2950915260.000,0,-,-,-,-,3757.8000,3757.6000,3755.4000,3755.0000,3754.2000,3758.8000,3759.0000,3759.2000,3759.8000,3760.0000,4,1,1,1,1,1,1,1,1,6
SF,IF2007,2020-05-27 14:30:19.200,3757.8000,8597,0,2950915260.000,0,-,-,-,-,3758.0000,3757.8000,3755.4000,3755.0000,3754.2000,3758.8000,3759.0000,3759.2000,3760.0000,3760.2000,1,4,1,1,1,1,1,1,6,1
SF,IF2007,2020-05-27 14:30:19.700,3757.8000,8597,0,2950915260.000,0,-,-,-,-,3758.0000,3757.8000,3755.4000,3755.0000,3754.2000,3758.8000,3759.0000,3759.2000,3760.0000,3760.2000,1,4,1,1,1,1,1,1,5,1
SF,IF2007,2020-05-27 14:30:20.200,3757.8000,8597,0,2950915260.000,0,-,-,-,-,3758.0000,3757.8000,3755.4000,3755.0000,3754.2000,3758.8000,3759.0000,3759.2000,3760.0000,3760.2000,1,3,1,1,1,1,1,1,5,1
SF,IF2007,2020-05-27 14:30:26.200,3758.8000,8598,1,2952042900.000,1,1,0,双开,S,3758.0000,3757.8000,3755.4000,3755.0000,3754.2000,3759.0000,3759.2000,3760.0000,3760.2000,3760.8000,1,3,1,1,1,1,1,5,1,1
SF,IF2007,2020-05-27 14:30:26.700,3758.8000,8598,0,2952042900.000,0,-,-,-,-,3758.0000,3757.8000,3755.4000,3755.0000,3754.2000,3758.8000,3759.0000,3759.2000,3760.0000,3760.2000,1,3,1,1,1,1,1,1,4,1
SF,IF2007,2020-05-27 14:30:28.700,3758.8000,8598,0,2952042900.000,0,-,-,-,-,3758.0000,3757.8000,3755.4000,3755.0000,3754.2000,3758.8000,3759.0000,3759.2000,3760.0000,3760.2000,1,3,1,1,1,1,1,1,4,1
SF,IF2007,2020-05-27 14:30:29.200,3758.8000,8598,0,2952042900.000,0,-,-,-,-,3758.0000,3757.8000,3755.4000,3755.0000,3754.2000,3759.0000,3759.2000,3760.0000,3760.2000,3760.8000,1,2,1,1,1,1,1,4,1,1
SF,IF2007,2020-05-27 14:30:31.200,3758.8000,8598,0,2952042900.000,0,-,-,-,-,3758.0000,3757.8000,3755.4000,3755.0000,3754.2000,3759.2000,3760.0000,3760.2000,3760.8000,3761.6000,1,1,1,1,1,1,4,1,1,3
SF,IF2007,2020-05-27 14:30:31.700,3758.8000,8598,0,2952042900.000,0,-,-,-,-,3758.2000,3758.0000,3757.8000,3755.4000,3755.0000,3759.2000,3760.0000,3760.2000,3760.8000,3761.6000,1,1,1,1,1,1,4,1,1,3
SF,IF2007,2020-05-27 14:30:32.200,3758.8000,8598,0,2952042900.000,0,-,-,-,-,3758.2000,3758.0000,3757.8000,3755.4000,3755.0000,3759.2000,3760.0000,3760.2000,3760.8000,3761.6000,1,1,1,1,1,1,3,1,1,3
SF,IF2007,2020-05-27 14:30:32.700,3758.8000,8598,0,2952042900.000,0,-,-,-,-,3758.0000,3757.8000,3755.4000,3755.0000,3754.2000,3759.0000,3760.0000,3760.2000,3760.8000,3761.6000,1,1,1,1,1,1,3,1,1,3
SF,IF2007,2020-05-27 14:30:33.200,3758.8000,8598,0,2952042900.000,0,-,-,-,-,3758.2000,3758.0000,3757.8000,3755.4000,3755.0000,3759.0000,3760.0000,3760.2000,3760.8000,3761.6000,1,1,1,1,1,1,3,1,1,3
SF,IF2007,2020-05-27 14:30:36.700,3758.8000,8598,0,2952042900.000,0,-,-,-,-,3758.2000,3758.0000,3757.8000,3755.4000,3755.0000,3759.0000,3760.0000,3760.2000,3760.8000,3761.6000,1,1,1,1,1,1,3,2,1,3
SF,IF2007,2020-05-27 14:30:37.200,3758.8000,8598,0,2952042900.000,0,-,-,-,-,3758.0000,3757.8000,3755.4000,3755.0000,3754.2000,3759.0000,3760.0000,3760.2000,3760.8000,3761.6000,1,1,1,1,1,1,3,2,1,3
SF,IF2007,2020-05-27 14:30:39.700,3758.8000,8598,0,2952042900.000,0,-,-,-,-,3758.0000,3757.8000,3755.4000,3755.0000,3754.2000,3759.0000,3760.0000,3760.2000,3760.8000,3762.0000,1,1,1,1,1,1,3,2,1,2
SF,IF2007,2020-05-27 14:30:41.700,3758.8000,8598,0,2952042900.000,0,-,-,-,-,3758.0000,3757.8000,3755.4000,3755.0000,3754.2000,3759.0000,3760.0000,3760.2000,3760.8000,3762.0000,2,1,1,1,1,1,3,2,1,2
SF,IF2007,2020-05-27 14:30:42.200,3758.8000,8598,0,2952042900.000,0,-,-,-,-,3758.0000,3757.8000,3755.4000,3755.0000,3754.2000,3759.0000,3760.0000,3760.2000,3760.8000,3762.0000,3,1,1,1,1,1,3,2,1,2
SF,IF2007,2020-05-27 14:30:43.700,3758.8000,8598,0,2952042900.000,0,-,-,-,-,3758.2000,3758.0000,3757.8000,3755.4000,3755.0000,3759.0000,3760.0000,3760.2000,3760.8000,3762.0000,1,3,1,1,1,1,3,2,1,2
SF,IF2007,2020-05-27 14:30:45.200,3758.8000,8598,0,2952042900.000,0,-,-,-,-,3758.2000,3758.0000,3757.8000,3755.0000,3754.2000,3759.0000,3760.0000,3760.2000,3760.8000,3762.0000,1,3,1,1,1,1,3,2,1,2
SF,IF2007,2020-05-27 14:30:56.700,3758.8000,8598,0,2952042900.000,0,-,-,-,-,3758.4000,3758.2000,3758.0000,3755.0000,3754.2000,3759.0000,3760.0000,3760.2000,3760.8000,3762.0000,1,1,2,1,1,1,1,2,1,2
SF,IF2007,2020-05-27 14:30:57.200,3758.8000,8598,0,2952042900.000,0,-,-,-,-,3758.4000,3758.2000,3758.0000,3755.0000,3754.2000,3760.2000,3760.8000,3762.0000,3762.4000,3763.0000,1,1,2,1,1,2,1,2,1,1
SF,IF2007,2020-05-27 14:30:57.700,3758.8000,8598,0,2952042900.000,0,-,-,-,-,3758.6000,3758.4000,3758.2000,3758.0000,3755.0000,3759.6000,3760.0000,3760.2000,3760.8000,3762.0000,1,1,1,2,1,1,3,2,1,2
SF,IF2007,2020-05-27 14:30:59.200,3758.8000,8598,0,2952042900.000,0,-,-,-,-,3758.8000,3758.6000,3758.4000,3758.0000,3755.0000,3759.6000,3760.0000,3760.2000,3760.8000,3762.0000,1,1,1,2,1,1,2,2,1,2
SF,IF2007,2020-05-27 14:31:00.700,3758.8000,8598,0,2953170540.000,1,0,1,多换,S,3758.6000,3758.4000,3758.0000,3755.0000,3754.2000,3759.6000,3760.0000,3760.2000,3760.8000,3762.0000,1,1,2,1,1,1,2,2,1,2
SF,IF2007,2020-05-27 14:31:01.200,3758.8000,8598,0,2953170540.000,0,-,-,-,-,3758.8000,3758.6000,3758.4000,3758.0000,3755.0000,3759.6000,3760.0000,3760.2000,3760.8000,3762.0000,2,1,1,2,1,1,1,2,1,2
SF,IF2007,2020-05-27 14:31:05.200,3758.8000,8598,0,2953170540.000,0,-,-,-,-,3758.8000,3758.6000,3758.4000,3758.0000,3755.0000,3759.6000,3760.0000,3760.2000,3760.8000,3762.0000,1,1,1,2,1,1,1,2,1,2
SF,IF2007,2020-05-27 14:31:05.700,3758.8000,8598,0,2953170540.000,0,-,-,-,-,3758.8000,3758.6000,3758.0000,3755.0000,3754.2000,3760.0000,3760.2000,3760.8000,3762.0000,3762.4000,2,1,2,1,1,1,2,1,2,1
SF,IF2007,2020-05-27 14:31:06.200,3758.8000,8598,0,2953170540.000,0,-,-,-,-,3759.0000,3758.8000,3758.0000,3755.0000,3754.2000,3760.0000,3760.2000,3760.8000,3762.0000,3762.4000,1,2,2,1,1,1,2,1,2,1
SF,IF2007,2020-05-27 14:31:06.700,3758.8000,8598,0,2953170540.000,0,-,-,-,-,3758.8000,3758.0000,3755.0000,3754.2000,3753.2000,3760.0000,3760.2000,3760.8000,3762.0000,3762.4000,2,2,1,1,1,1,2,1,2,1
SF,IF2007,2020-05-27 14:31:07.200,3758.8000,8598,0,2953170540.000,0,-,-,-,-,3759.0000,3758.8000,3758.0000,3755.0000,3754.2000,3760.0000,3760.2000,3760.8000,3762.0000,3762.4000,1,2,2,1,1,1,2,1,2,1
SF,IF2007,2020-05-27 14:31:09.200,3759.0000,8599,1,2954298240.000,1,1,0,双开,S,3758.0000,3755.0000,3754.2000,3753.2000,3752.2000,3759.8000,3760.0000,3760.2000,3760.8000,3762.0000,2,1,1,1,1,2,1,2,1,2
SF,IF2007,2020-05-27 14:31:09.700,3759.0000,8599,0,2954298240.000,0,-,-,-,-,3758.2000,3758.0000,3755.0000,3754.2000,3753.2000,3759.6000,3759.8000,3760.2000,3760.8000,3762.0000,3,2,1,1,1,1,2,2,1,2
SF,IF2007,2020-05-27 14:31:11.200,3759.0000,8599,0,2954298240.000,0,-,-,-,-,3758.4000,3758.2000,3758.0000,3755.0000,3754.2000,3759.6000,3759.8000,3760.2000,3760.8000,3762.0000,2,3,2,1,1,1,2,2,1,2
SF,IF2007,2020-05-27 14:31:13.700,3759.0000,8599,0,2954298240.000,0,-,-,-,-,3758.4000,3758.2000,3758.0000,3755.0000,3754.2000,3759.6000,3759.8000,3760.2000,3760.8000,3762.0000,1,3,2,1,1,1,2,2,1,2
SF,IF2007,2020-05-27 14:31:17.200,3759.0000,8599,0,2954298240.000,0,-,-,-,-,3758.4000,3758.2000,3758.0000,3755.0000,3754.2000,3759.4000,3759.6000,3759.8000,3760.2000,3760.8000,1,3,2,1,1,2,1,1,2,1
SF,IF2007,2020-05-27 14:31:17.700,3759.0000,8599,0,2954298240.000,0,-,-,-,-,3758.4000,3758.2000,3758.0000,3755.0000,3754.2000,3759.4000,3760.2000,3760.8000,3762.0000,3762.4000,1,2,2,1,1,2,2,1,2,1
SF,IF2007,2020-05-27 14:31:18.200,3759.0000,8599,0,2954298240.000,0,-,-,-,-,3758.2000,3758.0000,3755.0000,3754.2000,3753.2000,3759.2000,3759.4000,3760.2000,3760.8000,3762.0000,2,2,1,1,1,1,2,2,1,2
SF,IF2007,2020-05-27 14:31:19.200,3759.0000,8599,0,2954298240.000,0,-,-,-,-,3758.2000,3758.0000,3755.0000,3754.2000,3753.2000,3759.2000,3759.4000,3760.2000,3760.8000,3762.0000,1,2,1,1,1,1,2,2,1,2
SF,IF2007,2020-05-27 14:31:19.700,3759.0000,8599,0,2954298240.000,0,-,-,-,-,3758.2000,3758.0000,3755.0000,3754.2000,3753.2000,3759.2000,3759.4000,3760.2000,3760.8000,3762.0000,1,2,1,1,1,1,2,2,1,2
SF,IF2007,2020-05-27 14:31:20.200,3759.0000,8599,0,2954298240.000,0,-,-,-,-,3758.2000,3758.0000,3755.0000,3754.2000,3753.2000,3759.2000,3759.4000,3760.2000,3760.8000,3762.0000,1,1,1,1,1,1,2,2,1,2
SF,IF2007,2020-05-27 14:31:21.700,3759.0000,8599,0,2954298240.000,0,-,-,-,-,3755.0000,3754.2000,3753.2000,3752.2000,3752.0000,3759.2000,3759.4000,3760.2000,3760.8000,3762.0000,1,1,1,1,2,1,2,2,1,2
SF,IF2007,2020-05-27 14:31:22.200,3759.0000,8599,0,2954298240.000,0,-,-,-,-,3757.6000,3757.4000,3757.2000,3757.0000,3756.8000,3758.6000,3758.8000,3759.2000,3760.2000,3760.8000,2,4,1,1,3,1,1,1,2,1
SF,IF2007,2020-05-27 14:31:22.700,3759.0000,8599,0,2954298240.000,0,-,-,-,-,3757.4000,3757.2000,3756.8000,3756.4000,3755.4000,3758.6000,3758.8000,3759.2000,3760.2000,3760.8000,4,1,3,1,1,1,1,1,2,1
SF,IF2007,2020-05-27 14:31:23.200,3759.0000,8599,0,2954298240.000,0,-,-,-,-,3757.6000,3757.4000,3757.2000,3756.8000,3756.4000,3758.4000,3758.6000,3758.8000,3760.2000,3760.8000,2,4,1,2,1,1,1,1,2,1
SF,IF2007,2020-05-27 14:31:23.700,3759.0000,8599,0,2954298240.000,0,-,-,-,-,3757.2000,3756.4000,3755.4000,3755.2000,3755.0000,3758.4000,3758.6000,3758.8000,3760.2000,3760.8000,1,1,1,7,2,1,1,1,2,1
SF,IF2007,2020-05-27 14:31:24.200,3759.0000,8599,0,2954298240.000,0,-,-,-,-,3757.2000,3756.4000,3755.4000,3755.2000,3755.0000,3758.2000,3758.4000,3760.2000,3760.8000,3762.0000,1,1,1,7,2,1,1,2,1,2
SF,IF2007,2020-05-27 14:31:24.700,3759.0000,8599,0,2954298240.000,0,-,-,-,-,3757.2000,3756.4000,3755.4000,3755.2000,3755.0000,3758.0000,3758.2000,3760.2000,3760.8000,3762.0000,1,1,1,7,2,1,1,2,1,2
SF,IF2007,2020-05-27 14:31:25.200,3759.0000,8599,0,2954298240.000,0,-,-,-,-,3755.4000,3755.2000,3755.0000,3754.2000,3753.2000,3758.0000,3758.2000,3760.2000,3760.8000,3762.0000,1,7,2,1,1,1,1,2,1,2
SF,IF2007,2020-05-27 14:31:25.700,3759.0000,8599,0,2954298240.000,0,-,-,-,-,3757.0000,3756.8000,3756.6000,3756.4000,3756.0000,3757.8000,3758.0000,3760.2000,3760.8000,3762.0000,1,1,5,1,2,2,1,2,1,2
SF,IF2007,2020-05-27 14:31:26.200,3759.0000,8599,0,2954298240.000,0,-,-,-,-,3756.8000,3756.6000,3756.0000,3755.6000,3755.4000,3757.8000,3758.0000,3760.2000,3760.8000,3762.0000,1,5,2,7,2,1,1,2,1,2
SF,IF2007,2020-05-27 14:31:26.700,3759.0000,8599,0,2954298240.000,0,-,-,-,-,3756.8000,3756.6000,3756.0000,3755.6000,3755.4000,3758.0000,3760.2000,3760.8000,3762.0000,3762.4000,1,5,2,7,2,1,2,1,2,1
SF,IF2007,2020-05-27 14:31:27.200,3759.0000,8599,0,2954298240.000,0,-,-,-,-,3757.0000,3756.6000,3756.0000,3755.6000,3755.4000,3758.0000,3760.2000,3760.8000,3762.0000,3762.4000,4,4,2,6,2,1,2,1,2,1
SF,IF2007,2020-05-27 14:31:27.700,3759.0000,8599,0,2954298240.000,0,-,-,-,-,3757.0000,3756.0000,3755.6000,3755.4000,3755.2000,3758.0000,3760.2000,3760.8000,3762.0000,3762.4000,4,2,6,2,3,1,2,1,2,1
SF,IF2007,2020-05-27 14:31:28.200,3759.0000,8599,0,2954298240.000,0,-,-,-,-,3757.0000,3756.0000,3755.6000,3755.4000,3755.2000,3758.0000,3760.2000,3760.8000,3762.0000,3762.4000,4,2,5,2,2,1,2,1,2,1
SF,IF2007,2020-05-27 14:31:30.200,3759.0000,8599,0,2954298240.000,0,-,-,-,-,3757.0000,3756.0000,3755.6000,3755.4000,3755.2000,3758.0000,3760.2000,3760.8000,3762.0000,3762.4000,4,2,5,2,2,2,2,1,2,1
SF,IF2007,2020-05-27 14:31:34.700,3759.0000,8599,0,2954298240.000,0,-,-,-,-,3757.0000,3756.0000,3755.6000,3755.4000,3755.2000,3758.0000,3760.2000,3760.8000,3762.0000,3762.4000,4,2,5,2,2,1,2,1,2,1
SF,IF2007,2020-05-27 14:31:35.200,3759.0000,8599,0,2954298240.000,0,-,-,-,-,3757.2000,3757.0000,3756.0000,3755.6000,3755.4000,3758.0000,3760.2000,3760.8000,3762.0000,3762.4000,1,4,2,5,2,1,2,1,2,1
SF,IF2007,2020-05-27 14:31:38.700,3759.0000,8599,0,2954298240.000,0,-,-,-,-,3757.4000,3757.2000,3757.0000,3756.0000,3755.6000,3758.0000,3760.2000,3760.8000,3762.0000,3762.4000,1,1,3,2,5,1,2,1,2,1
SF,IF2007,2020-05-27 14:31:42.700,3759.0000,8599,0,2954298240.000,0,-,-,-,-,3757.4000,3757.2000,3757.0000,3756.0000,3755.6000,3758.0000,3760.2000,3760.8000,3762.0000,3762.4000,1,1,3,2,4,1,2,1,2,1
SF,IF2007,2020-05-27 14:31:43.700,3759.0000,8599,0,2954298240.000,0,-,-,-,-,3757.4000,3757.0000,3756.0000,3755.6000,3755.4000,3758.0000,3760.2000,3760.8000,3762.0000,3762.4000,1,3,2,4,2,1,2,1,2,1
SF,IF2007,2020-05-27 14:31:44.200,3759.0000,8599,0,2954298240.000,0,-,-,-,-,3757.6000,3757.4000,3757.0000,3756.0000,3755.6000,3760.2000,3760.8000,3762.0000,3762.4000,3763.0000,1,1,3,2,4,2,1,2,1,1
SF,IF2007,2020-05-27 14:31:44.700,3757.8000,8599,0,2955425580.000,1,0,1,多换,S,3757.4000,3757.0000,3756.0000,3755.6000,3755.4000,3759.0000,3759.4000,3759.6000,3760.0000,3760.2000,1,1,2,4,2,1,1,1,7,2
SF,IF2007,2020-05-27 14:31:45.200,3757.8000,8599,0,2955425580.000,0,-,-,-,-,3757.4000,3756.0000,3755.6000,3755.4000,3755.2000,3758.8000,3759.0000,3760.0000,3760.2000,3760.8000,1,2,4,2,2,2,1,6,2,1
SF,IF2007,2020-05-27 14:31:45.700,3757.8000,8599,0,2955425580.000,0,-,-,-,-,3757.6000,3757.4000,3756.0000,3755.6000,3755.4000,3758.6000,3758.8000,3760.0000,3760.2000,3760.8000,1,1,2,4,2,1,2,6,2,1
SF,IF2007,2020-05-27 14:31:46.200,3757.8000,8599,0,2955425580.000,0,-,-,-,-,3757.6000,3757.4000,3756.0000,3755.6000,3755.4000,3758.4000,3758.6000,3758.8000,3760.0000,3760.2000,2,1,2,4,2,1,1,1,6,2
SF,IF2007,2020-05-27 14:31:47.200,3757.8000,8599,0,2955425580.000,0,-,-,-,-,3757.6000,3757.4000,3756.0000,3755.6000,3755.4000,3758.4000,3758.6000,3758.8000,3760.0000,3760.2000,2,1,2,4,2,1,1,1,5,2
SF,IF2007,2020-05-27 14:31:48.200,3757.8000,8599,0,2955425580.000,0,-,-,-,-,3757.6000,3757.4000,3756.0000,3755.6000,3755.4000,3758.4000,3758.6000,3758.8000,3760.0000,3760.2000,1,1,2,4,2,1,1,1,5,2
SF,IF2007,2020-05-27 14:31:50.200,3757.8000,8599,0,2955425580.000,0,-,-,-,-,3757.4000,3756.0000,3755.6000,3755.4000,3755.2000,3758.4000,3758.6000,3758.8000,3760.0000,3760.2000,1,2,4,2,2,1,1,1,5,2
SF,IF2007,2020-05-27 14:31:51.700,3757.8000,8599,0,2955425580.000,0,-,-,-,-,3757.4000,3756.0000,3755.6000,3755.4000,3755.2000,3758.4000,3758.6000,3760.0000,3760.2000,3760.8000,1,2,4,2,2,1,1,5,2,1
SF,IF2007,2020-05-27 14:31:52.200,3757.8000,8599,0,2955425580.000,0,-,-,-,-,3757.4000,3756.0000,3755.6000,3755.4000,3755.2000,3758.4000,3758.6000,3760.0000,3760.2000,3760.8000,1,2,4,2,2,1,1,5,2,1
SF,IF2007,2020-05-27 14:31:55.700,3757.8000,8599,0,2955425580.000,0,-,-,-,-,3757.6000,3757.4000,3756.0000,3755.6000,3755.4000,3758.4000,3758.6000,3760.0000,3760.2000,3760.8000,2,1,2,4,2,1,1,5,2,1
SF,IF2007,2020-05-27 14:32:01.700,3757.8000,8599,0,2955425580.000,0,-,-,-,-,3757.6000,3757.4000,3756.0000,3755.6000,3755.4000,3758.4000,3760.0000,3760.2000,3760.8000,3762.0000,2,1,2,4,2,1,5,2,1,2
SF,IF2007,2020-05-27 14:32:02.200,3757.8000,8599,0,2955425580.000,0,-,-,-,-,3757.6000,3757.4000,3756.0000,3755.6000,3755.4000,3758.4000,3760.0000,3760.2000,3760.8000,3762.0000,2,1,2,4,2,1,4,2,1,2
SF,IF2007,2020-05-27 14:32:03.200,3758.4000,8600,1,2956553100.000,1,1,0,双开,S,3757.8000,3757.6000,3756.0000,3755.6000,3755.4000,3760.0000,3760.2000,3760.8000,3762.0000,3762.4000,1,2,2,4,2,4,2,1,2,1
SF,IF2007,2020-05-27 14:32:03.700,3758.4000,8600,0,2956553100.000,0,-,-,-,-,3758.0000,3757.8000,3757.6000,3756.0000,3755.6000,3759.2000,3759.4000,3759.8000,3760.0000,3760.2000,1,1,1,2,4,1,1,2,4,2
SF,IF2007,2020-05-27 14:32:04.200,3758.4000,8600,0,2956553100.000,0,-,-,-,-,3758.0000,3757.8000,3757.6000,3756.0000,3755.6000,3759.0000,3759.2000,3759.4000,3760.0000,3760.2000,1,1,1,2,4,1,1,1,4,2
SF,IF2007,2020-05-27 14:32:05.700,3758.4000,8600,0,2956553100.000,0,-,-,-,-,3758.0000,3757.8000,3756.0000,3755.6000,3755.4000,3759.0000,3759.2000,3759.4000,3760.0000,3760.2000,1,1,2,4,1,1,1,1,3,2
SF,IF2007,2020-05-27 14:32:08.200,3758.4000,8600,0,2956553100.000,0,-,-,-,-,3758.2000,3758.0000,3757.8000,3756.0000,3755.6000,3759.0000,3759.2000,3759.4000,3760.0000,3760.2000,2,1,1,2,4,1,1,1,2,2
SF,IF2007,2020-05-27 14:32:08.700,3758.2000,8602,2,2958808020.000,2,2,0,双开,S,3758.0000,3757.8000,3756.0000,3755.6000,3755.4000,3758.2000,3759.0000,3759.2000,3759.4000,3760.0000,1,1,2,4,1,1,1,1,1,2
SF,IF2007,2020-05-27 14:32:09.200,3758.2000,8603,1,2959935480.000,1,1,0,双开,S,3758.4000,3758.2000,3757.8000,3756.0000,3755.6000,3759.0000,3759.2000,3759.4000,3760.0000,3760.2000,1,1,1,2,4,1,1,1,2,2
SF,IF2007,2020-05-27 14:32:09.700,3758.2000,8603,0,2959935480.000,0,-,-,-,-,3758.4000,3758.2000,3757.8000,3756.0000,3755.6000,3759.0000,3759.2000,3759.4000,3760.0000,3760.2000,1,1,1,2,4,1,1,1,2,2
SF,IF2007,2020-05-27 14:32:10.200,3758.4000,8604,1,2961063000.000,1,1,0,双开,S,3758.2000,3757.8000,3756.0000,3755.6000,3755.4000,3759.0000,3759.2000,3759.4000,3760.0000,3760.2000,1,1,2,4,1,1,1,1,2,2
SF,IF2007,2020-05-27 14:32:10.700,3758.4000,8604,0,2961063000.000,0,-,-,-,-,3758.2000,3757.8000,3756.0000,3755.6000,3755.4000,3759.0000,3759.2000,3759.4000,3760.0000,3760.2000,2,1,2,4,1,1,1,1,2,2
SF,IF2007,2020-05-27 14:32:11.700,3758.4000,8604,0,2961063000.000,0,-,-,-,-,3758.2000,3757.8000,3756.0000,3755.6000,3755.4000,3759.0000,3759.2000,3759.4000,3760.0000,3760.2000,1,1,2,4,1,1,1,1,2,2
SF,IF2007,2020-05-27 14:32:13.200,3758.4000,8604,0,2961063000.000,0,-,-,-,-,3757.8000,3756.0000,3755.6000,3755.4000,3755.2000,3759.0000,3759.2000,3760.0000,3760.2000,3760.8000,1,2,4,1,2,1,1,2,2,1
SF,IF2007,2020-05-27 14:32:13.700,3758.4000,8604,0,2961063000.000,0,-,-,-,-,3758.0000,3757.8000,3756.0000,3755.6000,3755.4000,3759.0000,3759.2000,3760.0000,3760.2000,3760.8000,1,1,2,4,1,1,1,2,2,1
SF,IF2007,2020-05-27 14:32:14.700,3758.4000,8604,0,2961063000.000,0,-,-,-,-,3758.0000,3757.8000,3756.0000,3755.6000,3755.4000,3759.0000,3759.2000,3760.0000,3760.2000,3760.8000,2,1,2,4,1,1,1,2,2,1
SF,IF2007,2020-05-27 14:32:15.200,3758.4000,8604,0,2961063000.000,0,-,-,-,-,3758.0000,3757.8000,3756.0000,3755.6000,3755.4000,3759.0000,3759.2000,3760.0000,3760.2000,3760.8000,1,1,2,4,1,1,1,2,2,1
SF,IF2007,2020-05-27 14:32:15.700,3758.0000,8605,1,2962190400.000,1,1,0,双开,S,3757.8000,3756.0000,3755.6000,3755.4000,3755.2000,3759.0000,3759.2000,3760.0000,3760.2000,3760.8000,1,2,4,1,2,1,1,2,2,1
SF,IF2007,2020-05-27 14:32:17.700,3757.8000,8607,2,2964445140.000,2,2,0,双开,S,3756.0000,3755.6000,3755.4000,3755.2000,3755.0000,3757.8000,3759.0000,3759.2000,3760.0000,3760.2000,2,4,1,2,1,1,1,1,2,2
SF,IF2007,2020-05-27 14:32:18.200,3757.8000,8608,1,2965572480.000,1,1,0,双开,S,3758.2000,3757.8000,3757.6000,3757.2000,3756.8000,3759.0000,3760.0000,3760.2000,3760.8000,3762.0000,1,1,4,1,1,1,2,2,1,2
SF,IF2007,2020-05-27 14:32:18.700,3757.8000,8608,0,2965572480.000,0,-,-,-,-,3758.2000,3757.8000,3757.6000,3756.8000,3756.2000,3758.8000,3759.0000,3760.0000,3760.2000,3760.8000,1,1,4,1,4,1,1,2,2,1
SF,IF2007,2020-05-27 14:32:19.200,3757.8000,8608,0,2965572480.000,0,-,-,-,-,3758.2000,3757.6000,3757.4000,3756.8000,3756.2000,3758.8000,3759.0000,3760.0000,3760.2000,3760.8000,1,4,1,1,5,1,1,2,2,1
SF,IF2007,2020-05-27 14:32:19.700,3757.8000,8608,0,2965572480.000,0,-,-,-,-,3758.2000,3757.6000,3757.4000,3757.2000,3756.8000,3758.8000,3759.0000,3760.0000,3760.2000,3760.8000,1,4,1,1,1,1,1,2,2,1
SF,IF2007,2020-05-27 14:32:20.200,3757.8000,8608,0,2965572480.000,0,-,-,-,-,3757.4000,3757.2000,3756.8000,3756.2000,3756.0000,3758.8000,3759.0000,3760.0000,3760.2000,3760.8000,1,1,1,5,3,1,1,2,2,1
SF,IF2007,2020-05-27 14:32:20.700,3757.8000,8608,0,2965572480.000,0,-,-,-,-,3757.6000,3757.4000,3757.2000,3756.8000,3756.2000,3758.6000,3758.8000,3760.0000,3760.2000,3760.8000,3,1,1,1,5,1,1,2,2,1
SF,IF2007,2020-05-27 14:32:21.200,3757.8000,8608,0,2965572480.000,0,-,-,-,-,3757.6000,3757.4000,3757.2000,3756.8000,3756.2000,3758.6000,3758.8000,3760.0000,3760.2000,3760.8000,3,1,1,1,4,1,1,2,2,1
SF,IF2007,2020-05-27 14:32:23.700,3757.8000,8608,0,2965572480.000,0,-,-,-,-,3757.6000,3757.4000,3757.2000,3756.8000,3756.6000,3758.6000,3758.8000,3760.0000,3760.2000,3760.8000,3,1,1,1,1,1,1,2,2,1
SF,IF2007,2020-05-27 14:32:24.200,3757.8000,8608,0,2965572480.000,0,-,-,-,-,3757.8000,3757.6000,3757.4000,3757.2000,3756.8000,3758.6000,3758.8000,3760.0000,3760.2000,3760.8000,1,2,1,1,1,1,1,2,2,1
SF,IF2007,2020-05-27 14:32:25.200,3757.8000,8608,0,2965572480.000,0,-,-,-,-,3757.8000,3757.6000,3757.2000,3756.8000,3756.6000,3758.6000,3758.8000,3760.0000,3760.2000,3760.8000,1,2,1,1,1,1,1,2,2,1
SF,IF2007,2020-05-27 14:32:27.700,3757.8000,8608,0,2965572480.000,0,-,-,-,-,3757.8000,3757.6000,3757.2000,3756.8000,3756.6000,3758.6000,3758.8000,3760.0000,3760.2000,3760.8000,2,2,1,1,1,1,1,2,2,1
SF,IF2007,2020-05-27 14:32:28.200,3757.8000,8608,0,2965572480.000,0,-,-,-,-,3757.8000,3757.6000,3757.2000,3756.8000,3756.6000,3758.6000,3758.8000,3760.0000,3760.2000,3760.8000,2,3,1,1,1,1,1,2,2,1
SF,IF2007,2020-05-27 14:32:30.200,3757.8000,8608,0,2965572480.000,0,-,-,-,-,3757.8000,3757.6000,3757.2000,3756.8000,3756.6000,3758.4000,3758.6000,3760.0000,3760.2000,3760.8000,2,3,1,1,1,1,1,2,2,1
SF,IF2007,2020-05-27 14:32:31.200,3757.8000,8608,0,2965572480.000,0,-,-,-,-,3757.8000,3757.6000,3757.2000,3756.8000,3756.6000,3758.4000,3758.6000,3760.0000,3760.2000,3760.8000,1,3,1,1,1,1,1,2,2,1
SF,IF2007,2020-05-27 14:32:32.200,3757.8000,8608,0,2965572480.000,0,-,-,-,-,3757.8000,3757.6000,3757.2000,3756.8000,3756.6000,3758.4000,3758.6000,3760.0000,3760.2000,3760.8000,1,3,1,1,1,1,1,2,2,1
SF,IF2007,2020-05-27 14:32:34.700,3757.8000,8609,1,2966699820.000,1,1,0,双开,S,3757.6000,3757.2000,3756.8000,3756.6000,3756.2000,3757.8000,3758.4000,3758.6000,3760.0000,3760.2000,3,1,1,1,3,2,1,1,2,2
SF,IF2007,2020-05-27 14:32:35.200,3757.8000,8611,2,2968954500.000,2,2,0,双开,S,3758.0000,3757.6000,3757.2000,3756.8000,3756.6000,3758.4000,3758.6000,3760.0000,3760.2000,3760.8000,1,1,1,1,1,1,1,2,2,1
SF,IF2007,2020-05-27 14:32:36.200,3758.0000,8612,1,2970081900.000,1,1,0,双开,S,3757.6000,3757.2000,3756.8000,3756.6000,3756.2000,3758.4000,3758.6000,3760.0000,3760.2000,3760.8000,1,1,1,1,3,1,1,2,2,1
SF,IF2007,2020-05-27 14:32:40.200,3758.0000,8612,0,2970081900.000,0,-,-,-,-,3757.2000,3756.8000,3756.6000,3756.2000,3756.0000,3758.4000,3758.6000,3760.0000,3760.2000,3760.8000,1,1,1,3,3,1,1,2,2,1
SF,IF2007,2020-05-27 14:32:40.700,3758.0000,8612,0,2970081900.000,0,-,-,-,-,3757.6000,3757.4000,3757.2000,3756.8000,3756.6000,3758.2000,3758.4000,3760.0000,3760.2000,3760.8000,1,6,1,1,1,1,1,2,2,1
SF,IF2007,2020-05-27 14:32:41.200,3758.0000,8612,0,2970081900.000,0,-,-,-,-,3757.6000,3757.4000,3757.2000,3756.8000,3756.6000,3758.2000,3758.4000,3760.0000,3760.2000,3760.8000,1,6,1,1,1,1,1,2,2,1
SF,IF2007,2020-05-27 14:32:43.200,3757.6000,8613,1,2971209180.000,1,1,0,双开,S,3757.4000,3757.2000,3756.8000,3756.6000,3756.2000,3758.2000,3758.4000,3760.0000,3760.2000,3760.8000,6,1,1,1,3,1,1,2,2,1
SF,IF2007,2020-05-27 14:32:43.700,3757.6000,8613,0,2971209180.000,0,-,-,-,-,3757.6000,3757.4000,3757.2000,3756.8000,3756.6000,3758.2000,3758.4000,3760.0000,3760.2000,3760.8000,1,6,1,1,1,1,1,2,2,1
SF,IF2007,2020-05-27 14:32:45.700,3757.6000,8613,0,2971209180.000,0,-,-,-,-,3757.6000,3757.4000,3756.8000,3756.6000,3756.2000,3758.2000,3758.4000,3760.0000,3760.2000,3760.8000,2,6,1,1,3,1,1,2,2,1
SF,IF2007,2020-05-27 14:32:49.200,3757.6000,8613,0,2971209180.000,0,-,-,-,-,3757.6000,3757.4000,3756.8000,3756.6000,3756.2000,3758.2000,3758.4000,3760.0000,3760.2000,3760.8000,2,6,1,1,3,1,1,2,2,1
SF,IF2007,2020-05-27 14:32:53.200,3758.2000,8614,1,2972336640.000,1,1,0,双开,S,3757.6000,3757.4000,3756.8000,3756.6000,3756.2000,3758.4000,3760.0000,3760.2000,3760.8000,3762.0000,1,6,1,1,3,1,2,2,1,2
SF,IF2007,2020-05-27 14:32:53.700,3758.2000,8614,0,2972336640.000,0,-,-,-,-,3757.8000,3757.6000,3757.4000,3756.8000,3756.6000,3758.4000,3760.0000,3760.2000,3760.8000,3762.0000,1,1,6,1,1,1,2,2,1,2
SF,IF2007,2020-05-27 14:32:55.200,3758.4000,8615,1,2973464160.000,1,1,0,双开,S,3757.6000,3757.4000,3756.8000,3756.6000,3756.2000,3760.0000,3760.2000,3760.8000,3762.0000,3762.4000,1,6,1,1,3,2,2,1,2,1
SF,IF2007,2020-05-27 14:32:55.700,3758.4000,8615,0,2973464160.000,0,-,-,-,-,3758.0000,3757.8000,3757.6000,3757.4000,3756.8000,3759.0000,3759.4000,3759.8000,3760.0000,3760.2000,1,4,1,5,1,1,2,3,2,2
SF,IF2007,2020-05-27 14:32:56.200,3758.4000,8615,0,2973464160.000,0,-,-,-,-,3757.8000,3757.6000,3757.4000,3756.8000,3756.6000,3759.0000,3759.4000,3759.8000,3760.0000,3760.2000,4,1,5,1,1,1,2,2,2,2
SF,IF2007,2020-05-27 14:32:56.700,3758.4000,8615,0,2973464160.000,0,-,-,-,-,3758.2000,3757.8000,3757.6000,3757.4000,3756.8000,3759.0000,3759.4000,3759.8000,3760.0000,3760.2000,1,3,1,5,1,1,2,2,2,2
SF,IF2007,2020-05-27 14:32:57.200,3758.2000,8615,0,2974591620.000,1,0,1,多换,S,3757.8000,3757.6000,3757.4000,3756.8000,3756.6000,3759.0000,3759.4000,3759.8000,3760.0000,3760.2000,3,1,5,1,1,1,2,2,2,2
SF,IF2007,2020-05-27 14:32:57.700,3758.2000,8615,0,2974591620.000,0,-,-,-,-,3758.0000,3757.8000,3757.6000,3757.4000,3756.8000,3759.0000,3759.4000,3759.8000,3760.0000,3760.2000,1,3,1,5,1,1,2,2,2,2
SF,IF2007,2020-05-27 14:33:00.700,3758.2000,8615,0,2974591620.000,0,-,-,-,-,3758.0000,3757.8000,3757.6000,3757.4000,3756.8000,3759.0000,3759.4000,3759.8000,3760.0000,3760.2000,1,3,1,5,1,1,2,1,2,2
SF,IF2007,2020-05-27 14:33:02.200,3758.2000,8615,0,2974591620.000,0,-,-,-,-,3758.2000,3758.0000,3757.8000,3757.6000,3757.4000,3759.0000,3759.4000,3759.8000,3760.0000,3760.2000,1,2,2,1,5,1,2,1,2,2
SF,IF2007,2020-05-27 14:33:02.700,3758.2000,8615,0,2974591620.000,0,-,-,-,-,3758.2000,3758.0000,3757.8000,3757.6000,3757.4000,3759.0000,3759.4000,3759.8000,3760.0000,3760.2000,1,2,2,1,5,1,1,1,2,2
SF,IF2007,2020-05-27 14:33:04.200,3758.2000,8615,0,2974591620.000,0,-,-,-,-,3758.2000,3758.0000,3757.8000,3757.6000,3757.4000,3759.4000,3759.8000,3760.0000,3760.2000,3760.8000,1,2,2,1,5,1,1,2,2,1
SF,IF2007,2020-05-27 14:33:04.700,3758.2000,8615,0,2974591620.000,0,-,-,-,-,3758.4000,3758.2000,3758.0000,3757.6000,3757.4000,3759.2000,3759.4000,3760.0000,3760.2000,3760.8000,1,1,2,1,5,1,1,2,2,1
SF,IF2007,2020-05-27 14:33:06.700,3759.2000,8615,0,2975719380.000,1,0,1,多换,S,3758.4000,3758.2000,3758.0000,3757.6000,3757.4000,3759.4000,3760.0000,3760.2000,3760.8000,3762.0000,1,1,1,1,5,1,2,2,1,2
SF,IF2007,2020-05-27 14:33:10.700,3759.2000,8615,0,2975719380.000,0,-,-,-,-,3758.4000,3758.2000,3758.0000,3757.4000,3756.8000,3759.4000,3760.0000,3760.2000,3760.8000,3762.0000,1,1,1,5,1,1,2,2,1,2
SF,IF2007,2020-05-27 14:33:11.200,3759.2000,8615,0,2975719380.000,0,-,-,-,-,3758.4000,3758.2000,3758.0000,3757.4000,3756.8000,3759.2000,3759.4000,3760.0000,3760.2000,3760.8000,1,1,1,5,1,1,1,2,2,1
SF,IF2007,2020-05-27 14:33:11.700,3759.2000,8615,0,2975719380.000,0,-,-,-,-,3758.4000,3758.2000,3758.0000,3757.4000,3756.8000,3759.2000,3759.4000,3760.0000,3760.2000,3760.8000,1,1,1,5,1,1,1,2,2,1
SF,IF2007,2020-05-27 14:33:12.200,3759.2000,8615,0,2975719380.000,0,-,-,-,-,3758.2000,3758.0000,3757.4000,3756.8000,3756.6000,3759.2000,3759.4000,3760.0000,3760.2000,3760.8000,1,1,5,1,1,1,1,2,2,1
SF,IF2007,2020-05-27 14:33:12.700,3759.2000,8615,0,2975719380.000,0,-,-,-,-,3758.2000,3758.0000,3757.4000,3756.8000,3756.6000,3759.2000,3759.4000,3760.0000,3760.2000,3760.8000,1,1,5,1,1,1,1,2,2,1
SF,IF2007,2020-05-27 14:33:15.700,3759.2000,8615,0,2975719380.000,0,-,-,-,-,3757.4000,3756.6000,3756.2000,3756.0000,3755.6000,3759.2000,3759.4000,3760.0000,3760.2000,3760.8000,5,1,1,3,2,1,1,2,2,1
SF,IF2007,2020-05-27 14:33:16.200,3759.2000,8615,0,2975719380.000,0,-,-,-,-,3757.8000,3757.6000,3757.4000,3756.6000,3756.2000,3759.0000,3759.2000,3759.4000,3760.0000,3760.2000,1,3,5,1,1,1,1,1,2,2
SF,IF2007,2020-05-27 14:33:16.700,3759.2000,8615,0,2975719380.000,0,-,-,-,-,3758.0000,3757.6000,3757.4000,3756.6000,3756.2000,3759.0000,3759.2000,3759.4000,3760.0000,3760.2000,2,1,5,1,1,2,1,1,2,2
SF,IF2007,2020-05-27 14:33:17.200,3759.2000,8615,0,2975719380.000,0,-,-,-,-,3757.6000,3757.4000,3756.6000,3756.2000,3756.0000,3759.0000,3759.2000,3760.0000,3760.2000,3760.8000,1,1,1,1,3,2,1,2,2,1
SF,IF2007,2020-05-27 14:33:17.700,3759.2000,8615,0,2975719380.000,0,-,-,-,-,3757.8000,3757.6000,3757.4000,3756.6000,3756.2000,3758.8000,3759.0000,3760.0000,3760.2000,3760.8000,1,1,1,1,1,2,2,2,2,1
SF,IF2007,2020-05-27 14:33:18.200,3759.2000,8615,0,2975719380.000,0,-,-,-,-,3757.8000,3757.6000,3757.4000,3756.6000,3756.2000,3758.8000,3759.0000,3760.0000,3760.2000,3760.8000,1,1,1,1,1,1,2,2,2,1
SF,IF2007,2020-05-27 14:33:19.200,3759.2000,8615,0,2975719380.000,0,-,-,-,-,3757.8000,3757.6000,3757.4000,3756.6000,3756.2000,3758.8000,3759.0000,3760.0000,3760.2000,3760.8000,1,1,1,1,1,1,1,2,2,1
SF,IF2007,2020-05-27 14:33:21.700,3758.8000,8616,1,2976847020.000,1,1,0,双开,S,3757.8000,3757.6000,3757.4000,3756.6000,3756.2000,3759.0000,3760.0000,3760.2000,3760.8000,3762.0000,1,1,1,1,1,1,2,2,1,2
SF,IF2007,2020-05-27 14:33:22.200,3758.8000,8616,0,2976847020.000,0,-,-,-,-,3758.0000,3757.8000,3757.6000,3757.4000,3756.6000,3758.8000,3759.0000,3760.0000,3760.2000,3760.8000,1,1,1,1,1,1,1,2,2,1
SF,IF2007,2020-05-27 14:33:22.700,3758.8000,8616,0,2976847020.000,0,-,-,-,-,3758.0000,3757.8000,3757.6000,3757.4000,3756.6000,3759.0000,3760.0000,3760.2000,3760.8000,3762.0000,1,1,1,1,1,1,2,2,1,2
SF,IF2007,2020-05-27 14:33:23.200,3758.8000,8616,0,2976847020.000,0,-,-,-,-,3758.0000,3757.8000,3757.6000,3756.6000,3756.0000,3759.0000,3760.0000,3760.2000,3760.8000,3762.0000,1,1,1,1,3,1,2,2,1,2
SF,IF2007,2020-05-27 14:33:28.700,3758.8000,8616,0,2976847020.000,0,-,-,-,-,3758.0000,3757.8000,3757.6000,3756.0000,3755.6000,3759.0000,3760.0000,3760.2000,3760.8000,3762.0000,1,1,1,3,2,1,2,2,1,2
SF,IF2007,2020-05-27 14:33:30.200,3758.8000,8616,0,2976847020.000,0,-,-,-,-,3758.0000,3757.8000,3757.6000,3756.0000,3755.6000,3758.8000,3759.0000,3760.0000,3760.2000,3760.8000,1,1,1,3,2,1,1,2,2,1
SF,IF2007,2020-05-27 14:33:31.700,3758.8000,8616,0,2976847020.000,0,-,-,-,-,3758.0000,3757.8000,3757.6000,3756.0000,3755.6000,3758.8000,3759.0000,3760.0000,3760.2000,3760.8000,1,1,1,3,2,1,1,2,2,1
SF,IF2007,2020-05-27 14:33:32.200,3758.8000,8616,0,2976847020.000,0,-,-,-,-,3758.4000,3757.8000,3757.6000,3756.0000,3755.6000,3758.8000,3759.0000,3760.0000,3760.2000,3760.8000,1,1,1,3,2,1,1,2,2,1
SF,IF2007,2020-05-27 14:33:32.700,3758.4000,8617,1,2977974540.000,1,1,0,双开,S,3757.8000,3757.6000,3756.0000,3755.6000,3755.2000,3758.8000,3759.0000,3760.0000,3760.2000,3760.8000,1,1,3,2,2,1,1,2,2,1
SF,IF2007,2020-05-27 14:33:38.700,3758.4000,8617,0,2977974540.000,0,-,-,-,-,3757.8000,3757.6000,3756.0000,3755.6000,3755.2000,3759.0000,3760.0000,3760.2000,3760.8000,3762.0000,1,1,3,2,2,1,2,2,1,2
SF,IF2007,2020-05-27 14:33:43.200,3758.4000,8617,0,2977974540.000,0,-,-,-,-,3757.8000,3757.6000,3756.0000,3755.6000,3755.2000,3758.8000,3759.0000,3760.0000,3760.2000,3760.8000,1,1,3,2,2,1,1,2,2,1
SF,IF2007,2020-05-27 14:33:48.700,3758.4000,8617,0,2977974540.000,0,-,-,-,-,3758.0000,3757.8000,3756.0000,3755.6000,3755.2000,3758.8000,3759.0000,3760.0000,3760.2000,3760.8000,2,1,3,2,2,1,1,2,2,1
SF,IF2007,2020-05-27 14:33:49.200,3758.4000,8617,0,2977974540.000,0,-,-,-,-,3758.0000,3757.8000,3756.0000,3755.6000,3755.2000,3759.0000,3760.0000,3760.2000,3760.8000,3762.0000,2,1,3,2,2,1,2,2,1,2
SF,IF2007,2020-05-27 14:33:49.700,3758.4000,8617,0,2977974540.000,0,-,-,-,-,3758.2000,3758.0000,3756.0000,3755.6000,3755.2000,3760.0000,3760.2000,3760.8000,3762.0000,3762.4000,1,2,3,2,2,2,2,1,2,1
SF,IF2007,2020-05-27 14:33:50.200,3758.4000,8617,0,2977974540.000,0,-,-,-,-,3758.4000,3758.2000,3756.0000,3755.6000,3755.2000,3759.6000,3759.8000,3760.0000,3760.2000,3760.8000,2,1,3,2,2,1,4,2,2,1
SF,IF2007,2020-05-27 14:33:50.700,3758.4000,8617,0,2977974540.000,0,-,-,-,-,3758.6000,3758.4000,3756.0000,3755.6000,3755.2000,3759.4000,3759.6000,3759.8000,3760.0000,3760.2000,1,2,3,2,2,1,1,2,1,2
SF,IF2007,2020-05-27 14:33:52.700,3758.4000,8617,0,2977974540.000,0,-,-,-,-,3758.6000,3758.4000,3756.0000,3755.6000,3755.2000,3759.6000,3759.8000,3760.0000,3760.2000,3760.8000,1,2,3,2,2,1,2,1,2,1
SF,IF2007,2020-05-27 14:34:06.200,3758.4000,8617,0,2977974540.000,0,-,-,-,-,3758.6000,3758.4000,3756.0000,3755.6000,3755.2000,3759.4000,3759.6000,3759.8000,3760.0000,3760.2000,1,2,3,2,2,1,1,2,1,2
SF,IF2007,2020-05-27 14:34:10.700,3758.4000,8617,0,2977974540.000,0,-,-,-,-,3758.6000,3758.4000,3756.0000,3755.6000,3755.2000,3759.6000,3759.8000,3760.0000,3760.2000,3760.8000,1,2,3,2,2,1,2,1,2,1
SF,IF2007,2020-05-27 14:34:11.200,3758.4000,8617,0,2977974540.000,0,-,-,-,-,3758.6000,3758.4000,3756.0000,3755.6000,3755.2000,3759.4000,3759.6000,3759.8000,3760.0000,3760.2000,1,2,3,2,2,1,1,1,1,2
SF,IF2007,2020-05-27 14:34:15.200,3758.4000,8617,0,2977974540.000,0,-,-,-,-,3758.6000,3758.4000,3756.0000,3755.6000,3755.2000,3759.2000,3759.4000,3759.6000,3759.8000,3760.0000,1,2,3,2,2,1,1,1,1,1
SF,IF2007,2020-05-27 14:34:21.700,3758.4000,8618,1,2979102060.000,1,1,0,双开,S,3758.4000,3756.0000,3755.6000,3755.2000,3755.0000,3759.2000,3759.4000,3759.6000,3759.8000,3760.0000,2,3,2,2,3,1,1,1,1,1
SF,IF2007,2020-05-27 14:34:23.200,3758.4000,8618,0,2979102060.000,0,-,-,-,-,3758.4000,3756.0000,3755.6000,3755.2000,3755.0000,3759.2000,3759.4000,3759.6000,3760.0000,3760.2000,2,3,2,2,3,1,1,1,1,2
SF,IF2007,2020-05-27 14:34:23.700,3758.4000,8619,1,2980229580.000,1,1,0,双开,S,3758.4000,3756.0000,3755.6000,3755.2000,3755.0000,3759.2000,3759.4000,3759.6000,3760.0000,3760.2000,1,3,2,2,3,1,1,1,1,2
SF,IF2007,2020-05-27 14:34:24.200,3758.4000,8619,0,2980229580.000,0,-,-,-,-,3758.4000,3756.0000,3755.6000,3755.2000,3755.0000,3758.8000,3759.2000,3759.4000,3759.6000,3760.0000,1,3,2,2,3,1,1,1,1,1
SF,IF2007,2020-05-27 14:34:25.700,3758.4000,8619,0,2981357100.000,1,0,1,多换,S,3756.0000,3755.6000,3755.2000,3755.0000,3754.2000,3758.8000,3759.2000,3759.4000,3760.0000,3760.2000,3,2,2,3,1,1,1,1,1,2
SF,IF2007,2020-05-27 14:34:26.200,3758.4000,8619,0,2981357100.000,0,-,-,-,-,3757.4000,3756.8000,3756.6000,3756.2000,3756.0000,3758.4000,3758.8000,3759.2000,3759.4000,3760.0000,4,1,1,3,3,1,1,1,1,1
SF,IF2007,2020-05-27 14:34:26.700,3758.4000,8619,0,2981357100.000,0,-,-,-,-,3757.6000,3757.4000,3756.8000,3756.2000,3756.0000,3758.4000,3758.8000,3759.2000,3759.4000,3760.0000,2,1,1,3,3,1,1,1,1,1
SF,IF2007,2020-05-27 14:34:27.200,3758.4000,8619,0,2981357100.000,0,-,-,-,-,3757.6000,3757.4000,3756.8000,3756.2000,3756.0000,3758.4000,3759.2000,3759.4000,3760.0000,3760.2000,2,1,1,3,3,2,1,1,1,2
SF,IF2007,2020-05-27 14:34:27.700,3758.4000,8619,0,2981357100.000,0,-,-,-,-,3757.6000,3757.4000,3756.8000,3756.2000,3756.0000,3758.2000,3758.4000,3759.2000,3759.4000,3760.0000,2,1,1,3,3,1,2,1,1,1
SF,IF2007,2020-05-27 14:34:29.700,3758.4000,8619,0,2981357100.000,0,-,-,-,-,3757.6000,3757.4000,3756.2000,3756.0000,3755.6000,3758.2000,3758.4000,3759.2000,3759.4000,3760.0000,2,1,3,3,2,2,2,1,1,1
SF,IF2007,2020-05-27 14:34:30.200,3758.4000,8619,0,2981357100.000,0,-,-,-,-,3757.6000,3757.4000,3756.2000,3756.0000,3755.6000,3758.2000,3758.4000,3759.2000,3759.4000,3760.0000,2,1,1,3,2,2,2,1,1,1
SF,IF2007,2020-05-27 14:34:31.700,3758.4000,8619,0,2981357100.000,0,-,-,-,-,3757.6000,3757.4000,3756.2000,3756.0000,3755.6000,3758.2000,3758.4000,3759.2000,3759.4000,3760.0000,2,1,1,3,2,3,2,1,1,1
SF,IF2007,2020-05-27 14:34:32.200,3758.4000,8619,0,2981357100.000,0,-,-,-,-,3757.8000,3757.6000,3756.2000,3756.0000,3755.6000,3758.2000,3758.4000,3759.2000,3759.4000,3760.0000,1,2,1,3,2,3,2,1,1,1
SF,IF2007,2020-05-27 14:34:33.200,3757.8000,8620,1,2982484440.000,1,1,0,双开,S,3757.6000,3756.2000,3756.0000,3755.6000,3755.2000,3758.0000,3758.2000,3758.4000,3759.2000,3759.4000,2,1,3,2,2,1,3,2,1,1
SF,IF2007,2020-05-27 14:34:33.700,3757.8000,8620,0,2982484440.000,0,-,-,-,-,3757.6000,3756.2000,3756.0000,3755.6000,3755.2000,3758.0000,3758.2000,3758.4000,3759.2000,3759.4000,1,1,3,2,2,1,4,2,1,1
SF,IF2007,2020-05-27 14:34:34.200,3757.8000,8620,0,2982484440.000,0,-,-,-,-,3757.6000,3756.2000,3756.0000,3755.6000,3755.2000,3758.0000,3758.2000,3758.4000,3759.2000,3759.4000,1,1,3,2,2,1,4,2,1,1
SF,IF2007,2020-05-27 14:34:34.700,3757.6000,8621,1,2983611720.000,1,1,0,双开,S,3756.2000,3756.0000,3755.6000,3755.2000,3755.0000,3758.0000,3758.2000,3758.4000,3759.2000,3759.4000,1,3,2,2,3,1,4,2,1,1
SF,IF2007,2020-05-27 14:34:35.200,3757.6000,8621,0,2983611720.000,0,-,-,-,-,3757.2000,3756.8000,3756.4000,3756.2000,3756.0000,3757.8000,3758.0000,3758.2000,3758.4000,3759.2000,1,4,1,1,3,1,1,4,2,1
SF,IF2007,2020-05-27 14:34:35.700,3757.6000,8621,0,2983611720.000,0,-,-,-,-,3757.2000,3756.8000,3756.4000,3756.0000,3755.6000,3758.0000,3758.2000,3758.4000,3759.2000,3760.0000,1,4,1,3,1,1,5,2,1,1
SF,IF2007,2020-05-27 14:34:36.700,3757.6000,8621,0,2983611720.000,0,-,-,-,-,3757.2000,3756.8000,3756.4000,3756.0000,3755.6000,3758.0000,3758.2000,3758.4000,3758.8000,3759.2000,1,4,1,3,1,1,5,2,1,1
SF,IF2007,2020-05-27 14:34:37.700,3757.6000,8621,0,2983611720.000,0,-,-,-,-,3757.2000,3756.8000,3756.4000,3756.0000,3755.6000,3758.0000,3758.2000,3758.4000,3759.2000,3760.0000,1,4,1,3,1,1,6,2,1,1
SF,IF2007,2020-05-27 14:34:38.700,3757.6000,8621,0,2983611720.000,0,-,-,-,-,3757.2000,3756.4000,3756.0000,3755.6000,3755.2000,3758.0000,3758.2000,3758.4000,3759.2000,3760.0000,1,1,3,1,2,1,6,2,1,1
SF,IF2007,2020-05-27 14:34:39.200,3757.6000,8621,0,2983611720.000,0,-,-,-,-,3757.2000,3756.4000,3756.0000,3755.6000,3755.2000,3757.6000,3758.2000,3758.4000,3759.2000,3760.0000,1,1,3,1,2,1,6,2,1,1
SF,IF2007,2020-05-27 14:34:39.700,3757.6000,8621,0,2983611720.000,0,-,-,-,-,3756.4000,3756.0000,3755.6000,3755.2000,3755.0000,3757.6000,3758.2000,3758.4000,3759.2000,3760.0000,1,3,1,2,3,1,6,2,1,1
SF,IF2007,2020-05-27 14:34:40.200,3757.6000,8621,0,2983611720.000,0,-,-,-,-,3757.0000,3756.6000,3756.4000,3756.0000,3755.6000,3757.6000,3758.2000,3758.4000,3759.2000,3760.0000,1,6,1,3,1,1,7,2,1,1
SF,IF2007,2020-05-27 14:34:40.700,3757.6000,8622,1,2984739000.000,1,1,0,双开,S,3756.6000,3756.4000,3756.0000,3755.6000,3755.2000,3758.2000,3759.2000,3760.0000,3760.2000,3760.8000,6,1,3,1,2,7,1,1,2,1
SF,IF2007,2020-05-27 14:34:41.200,3757.6000,8622,0,2984739000.000,0,-,-,-,-,3757.0000,3756.8000,3756.6000,3756.0000,3755.6000,3758.0000,3758.2000,3759.2000,3760.0000,3760.2000,1,2,6,3,1,2,7,1,1,2
SF,IF2007,2020-05-27 14:34:49.200,3757.6000,8622,0,2984739000.000,0,-,-,-,-,3757.0000,3756.8000,3756.6000,3756.0000,3755.6000,3757.8000,3758.0000,3758.2000,3759.2000,3760.0000,1,2,6,3,1,1,2,7,1,1
SF,IF2007,2020-05-27 14:34:49.700,3757.6000,8622,0,2984739000.000,0,-,-,-,-,3757.0000,3756.8000,3756.6000,3756.0000,3755.6000,3757.8000,3758.0000,3758.2000,3759.2000,3760.0000,1,2,4,3,2,1,2,7,1,1
SF,IF2007,2020-05-27 14:34:50.200,3757.6000,8622,0,2984739000.000,0,-,-,-,-,3757.0000,3756.8000,3756.0000,3755.6000,3755.2000,3757.8000,3758.0000,3758.2000,3759.2000,3760.0000,1,2,2,2,2,1,2,7,1,1
SF,IF2007,2020-05-27 14:34:50.700,3757.6000,8622,0,2984739000.000,0,-,-,-,-,3756.8000,3756.0000,3755.6000,3755.2000,3755.0000,3757.8000,3758.0000,3758.2000,3759.2000,3760.0000,1,2,2,2,3,1,1,7,1,1
SF,IF2007,2020-05-27 14:34:51.200,3757.6000,8622,0,2984739000.000,0,-,-,-,-,3755.6000,3755.2000,3755.0000,3754.2000,3753.2000,3757.8000,3758.0000,3758.2000,3759.2000,3760.0000,2,2,3,1,1,1,1,7,1,1
SF,IF2007,2020-05-27 14:34:51.700,3757.6000,8622,0,2984739000.000,0,-,-,-,-,3756.6000,3756.2000,3755.8000,3755.6000,3755.2000,3757.6000,3757.8000,3758.2000,3759.2000,3760.0000,1,5,3,2,2,3,1,7,1,1
SF,IF2007,2020-05-27 14:34:52.200,3757.6000,8622,0,2984739000.000,0,-,-,-,-,3756.8000,3756.6000,3756.2000,3755.8000,3755.6000,3757.6000,3757.8000,3758.2000,3759.2000,3760.0000,1,1,4,2,2,2,1,7,1,1
SF,IF2007,2020-05-27 14:35:00.200,3756.8000,8623,1,2985866040.000,1,1,0,双开,S,3756.6000,3756.2000,3755.8000,3755.6000,3755.2000,3757.6000,3757.8000,3758.2000,3759.2000,3760.0000,1,4,2,2,2,2,1,7,1,1
SF,IF2007,2020-05-27 14:35:00.700,3756.8000,8623,0,2985866040.000,0,-,-,-,-,3756.6000,3756.2000,3755.8000,3755.6000,3755.2000,3757.6000,3757.8000,3758.2000,3759.2000,3760.0000,1,4,2,3,2,2,1,7,1,1
SF,IF2007,2020-05-27 14:35:01.200,3756.8000,8623,0,2985866040.000,0,-,-,-,-,3756.6000,3756.2000,3755.8000,3755.6000,3755.2000,3757.6000,3757.8000,3758.2000,3759.2000,3760.0000,1,4,2,2,2,2,1,7,1,1
SF,IF2007,2020-05-27 14:35:01.700,3757.6000,8624,1,2986993320.000,1,1,0,双开,S,3757.0000,3756.2000,3755.8000,3755.6000,3755.2000,3757.6000,3757.8000,3758.2000,3759.2000,3760.0000,1,4,2,2,2,1,1,7,1,1
SF,IF2007,2020-05-27 14:35:02.200,3757.6000,8624,0,2986993320.000,0,-,-,-,-,3757.0000,3756.8000,3756.2000,3755.8000,3755.6000,3757.8000,3758.2000,3759.2000,3760.0000,3760.2000,1,1,4,2,2,1,7,1,1,2
SF,IF2007,2020-05-27 14:35:02.700,3757.6000,8624,0,2986993320.000,0,-,-,-,-,3757.0000,3756.2000,3755.8000,3755.6000,3755.2000,3758.2000,3759.2000,3760.0000,3760.2000,3760.8000,1,4,2,2,2,7,1,1,2,1
SF,IF2007,2020-05-27 14:35:03.200,3757.6000,8624,0,2986993320.000,0,-,-,-,-,3757.0000,3756.2000,3755.8000,3755.6000,3755.2000,3758.0000,3758.2000,3759.2000,3760.0000,3760.2000,2,4,2,2,2,1,7,1,1,2
SF,IF2007,2020-05-27 14:35:03.700,3757.6000,8624,0,2986993320.000,0,-,-,-,-,3757.0000,3756.2000,3755.8000,3755.6000,3755.2000,3758.0000,3758.2000,3759.2000,3760.0000,3760.2000,1,4,2,2,2,1,7,1,1,2
SF,IF2007,2020-05-27 14:35:04.200,3757.0000,8625,1,2988120420.000,1,1,0,双开,S,3756.2000,3755.8000,3755.6000,3755.2000,3755.0000,3758.0000,3758.2000,3759.2000,3760.0000,3760.2000,4,2,2,2,3,1,7,1,1,2
SF,IF2007,2020-05-27 14:35:04.700,3757.0000,8625,0,2988120420.000,0,-,-,-,-,3757.0000,3756.6000,3756.4000,3756.2000,3755.8000,3758.0000,3758.2000,3759.2000,3760.0000,3760.2000,1,2,1,4,1,1,7,1,1,2
SF,IF2007,2020-05-27 14:35:05.200,3757.0000,8625,0,2988120420.000,0,-,-,-,-,3757.0000,3756.6000,3756.4000,3756.2000,3755.8000,3758.0000,3758.2000,3759.2000,3760.0000,3760.2000,1,3,1,4,1,1,7,1,1,2
SF,IF2007,2020-05-27 14:35:21.200,3757.0000,8625,0,2988120420.000,0,-,-,-,-,3757.2000,3757.0000,3756.4000,3756.2000,3755.8000,3758.0000,3758.2000,3759.2000,3760.0000,3760.2000,1,1,1,4,1,1,7,1,1,2
SF,IF2007,2020-05-27 14:35:21.700,3757.2000,8625,0,2989247580.000,1,0,1,多换,S,3757.0000,3756.4000,3756.2000,3755.8000,3755.6000,3758.0000,3758.2000,3759.2000,3760.0000,3760.2000,1,1,4,1,1,1,7,1,1,2
SF,IF2007,2020-05-27 14:35:22.200,3757.2000,8625,0,2989247580.000,0,-,-,-,-,3757.0000,3756.4000,3756.2000,3755.8000,3755.6000,3758.0000,3758.2000,3759.2000,3760.0000,3760.2000,1,1,4,1,1,1,7,1,1,2
SF,IF2007,2020-05-27 14:35:23.200,3757.2000,8625,0,2989247580.000,0,-,-,-,-,3757.0000,3756.4000,3756.2000,3755.8000,3755.6000,3757.8000,3758.0000,3758.2000,3759.2000,3760.0000,1,1,4,1,1,1,1,7,1,1
SF,IF2007,2020-05-27 14:35:25.700,3757.2000,8625,0,2989247580.000,0,-,-,-,-,3757.2000,3757.0000,3756.4000,3756.2000,3755.8000,3757.8000,3758.0000,3758.2000,3759.2000,3760.0000,1,1,1,4,1,1,1,7,1,1
SF,IF2007,2020-05-27 14:35:26.200,3757.2000,8625,0,2989247580.000,0,-,-,-,-,3757.0000,3756.4000,3756.2000,3755.8000,3755.6000,3757.8000,3758.0000,3758.2000,3759.2000,3760.0000,1,1,4,1,1,1,1,7,1,1
SF,IF2007,2020-05-27 14:35:27.200,3757.0000,8626,1,2990374680.000,1,1,0,双开,S,3756.4000,3756.2000,3755.8000,3755.6000,3755.2000,3757.8000,3758.0000,3758.2000,3759.2000,3760.0000,1,4,1,1,1,1,1,7,1,1
SF,IF2007,2020-05-27 14:35:27.700,3757.0000,8626,0,2990374680.000,0,-,-,-,-,3756.8000,3756.6000,3756.4000,3756.2000,3755.8000,3757.6000,3757.8000,3758.2000,3759.2000,3760.0000,1,6,1,4,1,1,1,7,1,1
SF,IF2007,2020-05-27 14:35:31.200,3757.0000,8626,0,2990374680.000,0,-,-,-,-,3756.8000,3756.6000,3756.4000,3756.2000,3755.8000,3757.6000,3757.8000,3758.2000,3759.2000,3760.0000,1,5,1,4,1,1,1,7,1,1
SF,IF2007,2020-05-27 14:35:31.700,3756.8000,8627,1,2991501720.000,1,1,0,双开,S,3756.6000,3756.4000,3756.2000,3755.8000,3755.6000,3757.6000,3757.8000,3758.2000,3759.2000,3760.0000,5,1,4,1,1,1,1,7,1,1
SF,IF2007,2020-05-27 14:35:32.200,3756.8000,8627,0,2991501720.000,0,-,-,-,-,3756.8000,3756.6000,3756.4000,3756.2000,3755.8000,3757.6000,3758.2000,3759.2000,3760.0000,3760.2000,1,5,1,4,1,1,7,1,1,2
SF,IF2007,2020-05-27 14:35:32.700,3756.8000,8627,0,2991501720.000,0,-,-,-,-,3757.6000,3756.8000,3756.6000,3756.4000,3756.2000,3758.2000,3759.2000,3760.0000,3760.2000,3760.8000,1,2,5,1,4,7,1,1,2,1
SF,IF2007,2020-05-27 14:35:33.200,3757.6000,8628,1,2992629000.000,1,1,0,双开,S,3756.8000,3756.6000,3756.4000,3756.2000,3755.8000,3757.8000,3758.0000,3758.2000,3759.2000,3760.0000,1,4,1,4,1,1,2,7,1,1
SF,IF2007,2020-05-27 14:35:33.700,3757.6000,8628,0,2992629000.000,0,-,-,-,-,3756.8000,3756.6000,3756.4000,3756.2000,3755.8000,3757.6000,3757.8000,3758.0000,3758.2000,3759.2000,1,4,1,4,1,1,1,2,7,1
SF,IF2007,2020-05-27 14:35:36.700,3757.6000,8628,0,2992629000.000,0,-,-,-,-,3756.8000,3756.6000,3756.4000,3756.2000,3755.8000,3757.6000,3758.0000,3758.2000,3759.2000,3760.0000,1,4,1,4,1,1,2,7,1,1
SF,IF2007,2020-05-27 14:35:37.200,3757.6000,8628,0,2992629000.000,0,-,-,-,-,3757.0000,3756.6000,3756.4000,3756.2000,3755.8000,3757.6000,3758.0000,3758.2000,3759.2000,3760.0000,1,4,1,4,1,1,2,7,1,1
SF,IF2007,2020-05-27 14:35:37.700,3757.6000,8628,0,2993756280.000,1,0,1,多换,S,3757.0000,3756.6000,3756.4000,3756.2000,3755.8000,3758.0000,3758.2000,3759.2000,3760.0000,3760.2000,1,4,1,4,1,2,7,1,1,2
SF,IF2007,2020-05-27 14:35:44.700,3757.6000,8628,0,2993756280.000,0,-,-,-,-,3757.0000,3756.6000,3756.4000,3756.2000,3755.8000,3758.0000,3758.2000,3759.2000,3760.0000,3760.2000,1,4,1,4,1,2,7,1,1,2
SF,IF2007,2020-05-27 14:35:47.200,3757.6000,8628,0,2993756280.000,0,-,-,-,-,3757.0000,3756.6000,3756.4000,3756.2000,3755.8000,3758.0000,3758.2000,3759.2000,3760.0000,3760.2000,1,3,1,4,1,2,7,1,1,2
SF,IF2007,2020-05-27 14:35:47.700,3757.6000,8628,0,2993756280.000,0,-,-,-,-,3757.2000,3756.6000,3756.4000,3756.2000,3755.8000,3758.0000,3758.2000,3759.2000,3760.0000,3760.2000,1,3,1,4,1,2,7,1,1,2
SF,IF2007,2020-05-27 14:35:51.200,3757.6000,8628,0,2993756280.000,0,-,-,-,-,3756.6000,3756.4000,3756.2000,3755.8000,3755.2000,3758.0000,3758.2000,3759.2000,3760.0000,3760.2000,1,1,4,1,1,2,7,1,1,2
SF,IF2007,2020-05-27 14:35:51.700,3757.6000,8628,0,2993756280.000,0,-,-,-,-,3756.8000,3756.2000,3755.8000,3755.2000,3755.0000,3757.8000,3758.0000,3758.2000,3759.2000,3760.0000,1,4,1,1,3,1,2,7,1,1
SF,IF2007,2020-05-27 14:35:55.700,3757.6000,8628,0,2993756280.000,0,-,-,-,-,3756.8000,3756.2000,3755.2000,3755.0000,3754.2000,3757.6000,3757.8000,3758.0000,3758.2000,3759.2000,1,4,1,3,1,2,1,1,7,1
SF,IF2007,2020-05-27 14:35:56.200,3757.6000,8628,0,2993756280.000,0,-,-,-,-,3756.2000,3755.2000,3755.0000,3754.2000,3753.2000,3757.6000,3758.0000,3758.2000,3759.2000,3760.0000,4,1,3,1,1,2,1,7,1,1
SF,IF2007,2020-05-27 14:35:56.700,3757.6000,8628,0,2993756280.000,0,-,-,-,-,3756.4000,3756.2000,3755.2000,3755.0000,3754.2000,3757.4000,3757.6000,3758.0000,3758.2000,3759.2000,3,4,1,3,1,1,2,1,7,1
SF,IF2007,2020-05-27 14:35:58.700,3757.6000,8628,0,2993756280.000,0,-,-,-,-,3756.4000,3756.2000,3755.2000,3755.0000,3754.2000,3757.4000,3757.6000,3758.2000,3759.2000,3760.0000,3,4,1,3,1,1,2,7,1,1
SF,IF2007,2020-05-27 14:35:59.200,3757.6000,8628,0,2993756280.000,0,-,-,-,-,3756.4000,3756.2000,3755.2000,3755.0000,3754.2000,3757.4000,3757.6000,3758.2000,3759.2000,3760.0000,2,4,1,3,1,1,2,7,1,1
SF,IF2007,2020-05-27 14:35:59.700,3757.6000,8628,0,2993756280.000,0,-,-,-,-,3756.4000,3755.2000,3755.0000,3754.2000,3753.2000,3757.2000,3757.4000,3757.6000,3758.2000,3759.2000,2,1,3,1,1,1,1,2,7,1
SF,IF2007,2020-05-27 14:36:01.200,3757.6000,8628,0,2993756280.000,0,-,-,-,-,3756.4000,3755.0000,3754.2000,3753.2000,3752.2000,3757.2000,3757.4000,3757.6000,3758.2000,3759.2000,1,3,1,1,1,1,1,2,7,1
SF,IF2007,2020-05-27 14:36:01.700,3757.6000,8628,0,2993756280.000,0,-,-,-,-,3755.0000,3754.2000,3753.2000,3752.2000,3752.0000,3757.0000,3757.2000,3757.6000,3758.2000,3759.2000,3,1,1,1,2,2,1,1,7,1
SF,IF2007,2020-05-27 14:36:02.200,3757.6000,8628,0,2993756280.000,0,-,-,-,-,3755.6000,3755.4000,3755.2000,3755.0000,3754.2000,3756.8000,3757.0000,3757.6000,3758.2000,3759.2000,2,5,4,4,1,1,2,1,7,1
SF,IF2007,2020-05-27 14:36:02.700,3757.6000,8628,0,2993756280.000,0,-,-,-,-,3755.8000,3755.6000,3755.4000,3755.2000,3755.0000,3757.0000,3757.6000,3758.2000,3759.2000,3760.0000,1,2,5,3,4,2,1,7,1,1
SF,IF2007,2020-05-27 14:36:03.200,3757.6000,8628,0,2993756280.000,0,-,-,-,-,3755.8000,3755.6000,3755.4000,3755.2000,3755.0000,3756.8000,3757.0000,3757.6000,3758.2000,3759.2000,1,2,1,3,4,1,2,1,7,1
SF,IF2007,2020-05-27 14:36:03.700,3757.6000,8628,0,2993756280.000,0,-,-,-,-,3755.8000,3755.6000,3755.4000,3755.2000,3755.0000,3756.8000,3757.0000,3757.6000,3758.2000,3759.2000,1,2,1,2,4,1,2,1,7,1
SF,IF2007,2020-05-27 14:36:04.200,3757.6000,8628,0,2993756280.000,0,-,-,-,-,3755.8000,3755.6000,3755.4000,3755.2000,3755.0000,3756.6000,3756.8000,3757.0000,3757.6000,3758.2000,1,2,1,2,4,1,1,1,1,7
SF,IF2007,2020-05-27 14:36:05.700,3757.6000,8628,0,2993756280.000,0,-,-,-,-,3755.8000,3755.6000,3755.4000,3755.0000,3754.2000,3756.6000,3757.0000,3757.6000,3758.2000,3759.2000,1,2,1,4,1,1,1,1,7,1
SF,IF2007,2020-05-27 14:36:06.200,3757.6000,8628,0,2993756280.000,0,-,-,-,-,3755.8000,3755.6000,3755.4000,3755.0000,3754.2000,3756.6000,3756.8000,3757.0000,3757.6000,3758.2000,1,2,1,4,1,1,1,1,1,7
SF,IF2007,2020-05-27 14:36:06.700,3757.6000,8628,0,2993756280.000,0,-,-,-,-,3755.6000,3755.4000,3755.0000,3754.2000,3753.2000,3756.6000,3756.8000,3757.0000,3757.6000,3758.2000,1,1,4,1,1,1,1,1,1,7
SF,IF2007,2020-05-27 14:36:07.200,3757.6000,8628,0,2993756280.000,0,-,-,-,-,3755.6000,3755.4000,3755.0000,3754.2000,3753.2000,3756.6000,3757.6000,3758.2000,3759.2000,3760.0000,1,1,3,1,1,1,1,7,1,1
SF,IF2007,2020-05-27 14:36:07.700,3757.6000,8628,0,2993756280.000,0,-,-,-,-,3755.6000,3755.4000,3755.0000,3754.2000,3753.2000,3756.6000,3757.6000,3758.2000,3759.2000,3760.0000,1,1,3,1,1,2,1,7,1,1
SF,IF2007,2020-05-27 14:36:17.700,3755.6000,8629,1,2994882960.000,1,1,0,双开,S,3755.4000,3755.0000,3754.2000,3753.2000,3752.2000,3756.6000,3757.6000,3758.2000,3759.2000,3760.0000,1,3,1,1,1,2,1,7,1,1
SF,IF2007,2020-05-27 14:36:18.200,3755.6000,8629,0,2994882960.000,0,-,-,-,-,3755.4000,3755.0000,3754.2000,3753.2000,3752.2000,3756.6000,3757.6000,3758.2000,3759.2000,3760.0000,1,3,1,1,1,1,1,7,1,1
SF,IF2007,2020-05-27 14:36:18.700,3755.6000,8629,0,2994882960.000,0,-,-,-,-,3755.4000,3755.0000,3754.2000,3753.2000,3752.2000,3756.4000,3756.6000,3757.6000,3758.2000,3759.2000,1,3,1,1,1,1,1,1,7,1
SF,IF2007,2020-05-27 14:36:19.200,3755.6000,8629,0,2994882960.000,0,-,-,-,-,3755.6000,3755.4000,3755.0000,3754.2000,3753.2000,3756.4000,3756.6000,3757.6000,3758.2000,3759.2000,1,1,3,1,1,1,1,1,7,1
SF,IF2007,2020-05-27 14:36:21.200,3755.6000,8630,1,2996009640.000,1,1,0,双开,S,3755.4000,3755.0000,3754.2000,3753.2000,3752.2000,3756.4000,3756.6000,3757.6000,3758.2000,3759.2000,1,3,1,1,1,1,1,1,7,1
SF,IF2007,2020-05-27 14:36:21.700,3755.6000,8630,0,2996009640.000,0,-,-,-,-,3755.4000,3755.0000,3754.2000,3753.2000,3752.2000,3756.2000,3756.4000,3757.6000,3758.2000,3759.2000,1,3,1,1,1,1,1,1,7,1
SF,IF2007,2020-05-27 14:36:22.200,3755.6000,8630,0,2996009640.000,0,-,-,-,-,3755.4000,3755.0000,3754.2000,3753.2000,3752.2000,3756.2000,3757.6000,3758.2000,3759.2000,3760.0000,1,3,1,1,1,1,1,7,1,1
SF,IF2007,2020-05-27 14:36:22.700,3755.6000,8630,0,2996009640.000,0,-,-,-,-,3755.0000,3754.2000,3753.2000,3752.2000,3752.0000,3756.2000,3757.6000,3758.2000,3759.2000,3760.0000,3,1,1,1,2,2,1,7,1,1
SF,IF2007,2020-05-27 14:36:23.200,3755.6000,8630,0,2996009640.000,0,-,-,-,-,3755.2000,3755.0000,3754.2000,3753.2000,3752.2000,3756.2000,3757.6000,3758.2000,3759.2000,3760.0000,2,3,1,1,1,1,1,7,1,1
SF,IF2007,2020-05-27 14:36:23.700,3755.6000,8630,0,2996009640.000,0,-,-,-,-,3755.2000,3755.0000,3754.2000,3753.2000,3752.2000,3756.2000,3756.4000,3757.6000,3758.2000,3759.2000,2,3,1,1,1,1,1,1,7,1
SF,IF2007,2020-05-27 14:36:24.200,3755.6000,8630,0,2996009640.000,0,-,-,-,-,3755.2000,3755.0000,3754.2000,3753.2000,3752.2000,3756.2000,3757.6000,3758.2000,3759.2000,3760.0000,2,3,1,1,1,1,1,7,1,1
SF,IF2007,2020-05-27 14:36:24.700,3755.6000,8630,0,2996009640.000,0,-,-,-,-,3755.2000,3755.0000,3754.2000,3753.2000,3752.8000,3756.2000,3756.4000,3757.6000,3758.2000,3759.2000,2,3,1,1,3,1,1,1,7,1
SF,IF2007,2020-05-27 14:36:25.200,3755.6000,8630,0,2996009640.000,0,-,-,-,-,3755.2000,3755.0000,3754.2000,3753.2000,3752.8000,3755.8000,3756.2000,3756.4000,3757.6000,3758.2000,2,3,1,1,3,2,1,1,1,7
SF,IF2007,2020-05-27 14:36:27.200,3755.6000,8630,0,2996009640.000,0,-,-,-,-,3755.2000,3755.0000,3754.2000,3753.2000,3752.8000,3755.8000,3756.2000,3756.4000,3757.6000,3758.2000,5,3,1,1,3,2,1,1,1,7
SF,IF2007,2020-05-27 14:36:27.700,3755.6000,8630,0,2996009640.000,0,-,-,-,-,3755.2000,3755.0000,3754.2000,3753.2000,3752.8000,3755.8000,3756.2000,3756.4000,3757.6000,3758.2000,1,3,1,1,3,2,1,1,1,7
SF,IF2007,2020-05-27 14:36:28.200,3755.6000,8630,0,2996009640.000,0,-,-,-,-,3755.2000,3755.0000,3754.2000,3753.2000,3752.8000,3755.8000,3756.2000,3757.6000,3758.2000,3759.2000,1,3,1,1,3,2,1,1,7,1
SF,IF2007,2020-05-27 14:36:33.200,3755.8000,8632,2,2998263120.000,2,2,0,双开,S,3755.2000,3755.0000,3754.2000,3753.2000,3752.8000,3756.2000,3757.6000,3758.2000,3759.2000,3760.0000,1,3,1,1,3,1,1,7,1,1
SF,IF2007,2020-05-27 14:36:33.700,3755.8000,8632,0,2998263120.000,0,-,-,-,-,3755.4000,3755.2000,3755.0000,3754.2000,3753.2000,3756.2000,3757.6000,3758.2000,3759.2000,3760.0000,2,5,3,1,1,1,1,7,1,1
SF,IF2007,2020-05-27 14:36:34.200,3755.8000,8632,0,2998263120.000,0,-,-,-,-,3755.6000,3755.4000,3755.2000,3755.0000,3754.2000,3756.8000,3757.6000,3758.2000,3759.2000,3760.0000,1,1,4,3,1,1,1,7,1,1
SF,IF2007,2020-05-27 14:36:34.700,3755.8000,8632,0,2998263120.000,0,-,-,-,-,3755.6000,3755.4000,3755.2000,3755.0000,3754.2000,3756.6000,3757.6000,3758.2000,3759.2000,3760.0000,1,1,4,3,1,2,1,7,1,1
SF,IF2007,2020-05-27 14:36:38.200,3755.8000,8632,0,2998263120.000,0,-,-,-,-,3755.4000,3755.0000,3754.2000,3753.2000,3752.8000,3756.6000,3757.6000,3758.2000,3759.2000,3760.0000,1,3,1,1,3,2,1,7,1,1
SF,IF2007,2020-05-27 14:36:41.200,3755.4000,8633,1,2999389740.000,1,1,0,双开,S,3755.0000,3754.2000,3753.2000,3752.8000,3752.2000,3756.4000,3756.6000,3757.6000,3758.2000,3759.2000,3,1,1,3,1,1,2,1,7,1
SF,IF2007,2020-05-27 14:36:41.700,3755.4000,8633,0,2999389740.000,0,-,-,-,-,3755.4000,3755.2000,3755.0000,3754.2000,3753.2000,3756.2000,3756.4000,3756.6000,3757.6000,3758.2000,1,5,3,1,1,2,1,1,1,7
SF,IF2007,2020-05-27 14:36:44.200,3756.2000,8634,1,3000516600.000,1,1,0,双开,S,3755.4000,3755.2000,3755.0000,3754.2000,3753.2000,3756.2000,3756.4000,3756.6000,3757.6000,3758.2000,1,5,3,1,1,1,1,1,1,7
SF,IF2007,2020-05-27 14:36:44.700,3756.2000,8634,0,3000516600.000,0,-,-,-,-,3755.6000,3755.2000,3755.0000,3754.2000,3753.2000,3756.2000,3756.4000,3756.6000,3757.6000,3758.2000,2,4,3,1,1,1,1,1,1,7
SF,IF2007,2020-05-27 14:36:46.700,3756.2000,8636,2,3002770320.000,2,2,0,双开,S,3755.6000,3755.2000,3755.0000,3754.2000,3753.2000,3756.2000,3756.4000,3756.6000,3757.6000,3758.2000,1,4,3,1,1,1,1,1,1,7
SF,IF2007,2020-05-27 14:36:47.200,3756.2000,8637,1,3003897180.000,1,1,0,双开,S,3755.6000,3755.2000,3755.0000,3754.2000,3753.2000,3756.0000,3756.4000,3756.6000,3757.6000,3758.2000,1,4,3,1,1,1,1,1,1,7
SF,IF2007,2020-05-27 14:36:47.700,3756.0000,8639,2,3006150780.000,2,2,0,双开,S,3756.2000,3756.0000,3755.6000,3755.2000,3755.0000,3756.4000,3756.6000,3757.6000,3758.2000,3759.2000,1,1,1,4,3,1,1,1,7,1
SF,IF2007,2020-05-27 14:36:48.200,3756.0000,8639,0,3006150780.000,0,-,-,-,-,3756.0000,3755.6000,3755.2000,3755.0000,3754.2000,3756.4000,3756.6000,3757.6000,3758.2000,3759.2000,1,1,4,3,1,1,1,1,7,1
SF,IF2007,2020-05-27 14:36:48.700,3756.4000,8640,1,3007277700.000,1,1,0,双开,S,3755.6000,3755.2000,3755.0000,3754.2000,3753.2000,3756.6000,3757.6000,3758.2000,3759.2000,3760.0000,1,4,3,1,1,1,1,7,1,1
SF,IF2007,2020-05-27 14:36:49.200,3756.4000,8640,0,3007277700.000,0,-,-,-,-,3755.8000,3755.6000,3755.2000,3755.0000,3754.2000,3756.6000,3757.6000,3758.2000,3759.2000,3760.0000,1,1,4,3,1,1,1,7,1,1
SF,IF2007,2020-05-27 14:36:50.200,3756.6000,8641,1,3008404680.000,1,1,0,双开,S,3755.6000,3755.2000,3755.0000,3754.2000,3753.2000,3757.6000,3758.2000,3759.2000,3760.0000,3760.2000,1,4,3,1,1,1,7,1,1,2
SF,IF2007,2020-05-27 14:36:50.700,3756.6000,8641,0,3008404680.000,0,-,-,-,-,3755.8000,3755.6000,3755.2000,3755.0000,3754.2000,3757.2000,3757.4000,3757.6000,3758.2000,3759.2000,2,1,4,3,1,2,1,1,7,1
SF,IF2007,2020-05-27 14:36:51.200,3756.6000,8641,0,3008404680.000,0,-,-,-,-,3756.0000,3755.8000,3755.2000,3755.0000,3754.2000,3757.0000,3757.2000,3757.6000,3758.2000,3759.2000,1,2,4,3,1,1,2,1,7,1
SF,IF2007,2020-05-27 14:36:55.700,3756.0000,8642,1,3009531480.000,1,1,0,双开,S,3755.8000,3755.2000,3755.0000,3754.2000,3753.2000,3757.0000,3757.2000,3757.6000,3758.2000,3759.2000,2,4,3,1,1,1,2,1,7,1
SF,IF2007,2020-05-27 14:36:56.200,3756.0000,8642,0,3009531480.000,0,-,-,-,-,3756.2000,3756.0000,3755.8000,3755.2000,3755.0000,3757.0000,3757.2000,3757.6000,3758.2000,3759.2000,1,1,1,4,3,1,1,1,7,1
SF,IF2007,2020-05-27 14:36:58.200,3756.2000,8643,1,3010658340.000,1,1,0,双开,S,3756.0000,3755.8000,3755.2000,3755.0000,3754.2000,3757.0000,3757.2000,3757.6000,3758.2000,3759.2000,1,1,4,3,1,1,1,1,7,1
SF,IF2007,2020-05-27 14:36:58.700,3756.2000,8643,0,3010658340.000,0,-,-,-,-,3756.2000,3756.0000,3755.8000,3755.2000,3755.0000,3757.0000,3757.2000,3757.6000,3758.2000,3759.2000,1,1,1,4,3,1,1,1,7,1
SF,IF2007,2020-05-27 14:37:02.200,3756.2000,8643,0,3010658340.000,0,-,-,-,-,3756.2000,3756.0000,3755.8000,3755.2000,3755.0000,3757.0000,3757.2000,3757.6000,3758.2000,3759.2000,2,1,1,4,3,1,1,1,7,1
SF,IF2007,2020-05-27 14:37:02.700,3756.2000,8643,0,3010658340.000,0,-,-,-,-,3756.2000,3755.8000,3755.2000,3755.0000,3754.2000,3757.0000,3757.2000,3757.6000,3758.2000,3759.2000,2,1,4,3,1,1,1,1,7,1
SF,IF2007,2020-05-27 14:37:03.200,3756.2000,8643,0,3010658340.000,0,-,-,-,-,3756.4000,3755.8000,3755.2000,3755.0000,3754.2000,3757.0000,3757.2000,3757.6000,3758.2000,3759.2000,1,1,4,3,1,1,1,1,7,1
SF,IF2007,2020-05-27 14:37:04.200,3756.2000,8643,0,3010658340.000,0,-,-,-,-,3756.4000,3756.0000,3755.8000,3755.2000,3755.0000,3757.0000,3757.2000,3757.6000,3758.2000,3759.2000,1,1,1,4,3,1,1,1,7,1
SF,IF2007,2020-05-27 14:37:04.700,3756.2000,8643,0,3010658340.000,0,-,-,-,-,3756.4000,3756.0000,3755.8000,3755.6000,3755.2000,3757.0000,3757.2000,3757.6000,3758.2000,3759.2000,1,1,1,1,4,1,1,1,7,1
SF,IF2007,2020-05-27 14:37:05.200,3756.2000,8643,0,3010658340.000,0,-,-,-,-,3756.4000,3756.0000,3755.8000,3755.6000,3755.2000,3757.0000,3757.2000,3757.6000,3758.2000,3759.2000,1,1,1,1,5,1,1,1,7,1
SF,IF2007,2020-05-27 14:37:05.700,3756.2000,8643,0,3010658340.000,0,-,-,-,-,3756.4000,3756.0000,3755.8000,3755.6000,3755.2000,3757.0000,3757.2000,3757.6000,3758.2000,3759.2000,1,1,1,1,5,1,1,1,7,1
SF,IF2007,2020-05-27 14:37:10.700,3756.2000,8643,0,3010658340.000,0,-,-,-,-,3756.0000,3755.8000,3755.6000,3755.2000,3755.0000,3756.4000,3757.0000,3757.2000,3757.6000,3758.2000,1,1,1,5,3,1,1,1,1,7
SF,IF2007,2020-05-27 14:37:11.700,3756.4000,8644,1,3011785260.000,1,1,0,双开,S,3756.4000,3756.0000,3755.8000,3755.6000,3755.2000,3757.0000,3757.2000,3757.6000,3758.2000,3759.2000,1,1,1,1,5,1,1,1,7,1
SF,IF2007,2020-05-27 14:37:12.700,3756.4000,8644,0,3011785260.000,0,-,-,-,-,3756.0000,3755.8000,3755.6000,3755.2000,3755.0000,3757.0000,3757.2000,3757.6000,3758.2000,3759.2000,1,1,1,5,3,1,1,1,7,1
SF,IF2007,2020-05-27 14:37:13.200,3756.0000,8645,1,3012912060.000,1,1,0,双开,S,3755.8000,3755.6000,3755.2000,3755.0000,3754.8000,3757.0000,3757.2000,3757.6000,3758.2000,3759.2000,1,1,5,3,1,1,1,1,7,1
SF,IF2007,2020-05-27 14:37:13.700,3756.0000,8645,0,3012912060.000,0,-,-,-,-,3756.0000,3755.8000,3755.6000,3755.2000,3755.0000,3757.0000,3757.2000,3757.6000,3758.2000,3759.2000,2,1,1,5,3,1,1,1,7,1
SF,IF2007,2020-05-27 14:37:16.700,3757.0000,8646,1,3014039160.000,1,1,0,双开,S,3756.2000,3756.0000,3755.6000,3755.2000,3755.0000,3757.6000,3758.2000,3759.2000,3760.0000,3760.2000,1,2,1,1,3,1,7,1,1,2
SF,IF2007,2020-05-27 14:37:17.200,3757.0000,8646,0,3014039160.000,0,-,-,-,-,3756.4000,3756.2000,3756.0000,3755.6000,3755.2000,3757.4000,3757.6000,3758.2000,3759.2000,3760.0000,1,2,1,1,1,1,1,7,1,1
SF,IF2007,2020-05-27 14:37:19.700,3757.0000,8646,0,3014039160.000,0,-,-,-,-,3756.6000,3756.4000,3756.2000,3756.0000,3755.6000,3757.4000,3757.6000,3758.2000,3759.2000,3760.0000,4,1,2,1,1,1,1,7,1,1
SF,IF2007,2020-05-27 14:37:20.200,3757.0000,8646,0,3014039160.000,0,-,-,-,-,3756.6000,3756.4000,3756.2000,3756.0000,3755.6000,3757.6000,3758.2000,3759.2000,3760.0000,3760.2000,4,1,2,1,1,1,7,1,1,2
SF,IF2007,2020-05-27 14:37:20.700,3757.0000,8646,0,3014039160.000,0,-,-,-,-,3756.6000,3756.4000,3756.2000,3756.0000,3755.6000,3757.6000,3758.2000,3759.2000,3760.0000,3760.2000,4,1,1,1,1,1,7,1,1,2
SF,IF2007,2020-05-27 14:37:21.200,3757.0000,8646,0,3014039160.000,0,-,-,-,-,3757.0000,3756.8000,3756.6000,3756.0000,3755.6000,3757.6000,3758.2000,3759.2000,3760.0000,3760.2000,1,1,4,1,1,1,7,1,1,2
SF,IF2007,2020-05-27 14:37:21.700,3757.0000,8646,0,3014039160.000,0,-,-,-,-,3756.0000,3755.6000,3755.2000,3755.0000,3754.8000,3758.2000,3759.2000,3760.0000,3760.2000,3760.8000,1,1,1,3,1,7,1,1,2,1
SF,IF2007,2020-05-27 14:37:22.200,3757.0000,8646,0,3014039160.000,0,-,-,-,-,3756.2000,3756.0000,3755.6000,3755.2000,3755.0000,3757.6000,3758.0000,3758.2000,3759.2000,3760.0000,7,1,1,1,3,1,1,7,1,1
SF,IF2007,2020-05-27 14:37:22.700,3757.0000,8646,0,3014039160.000,0,-,-,-,-,3756.2000,3756.0000,3755.6000,3755.2000,3755.0000,3757.4000,3757.6000,3758.2000,3759.2000,3760.0000,6,1,1,1,3,1,1,7,1,1
SF,IF2007,2020-05-27 14:37:23.200,3757.0000,8646,0,3014039160.000,0,-,-,-,-,3756.4000,3756.2000,3756.0000,3755.6000,3755.2000,3757.4000,3757.6000,3758.2000,3759.2000,3760.0000,1,6,1,1,1,1,1,7,1,1
SF,IF2007,2020-05-27 14:37:25.200,3756.4000,8647,1,3015166080.000,1,1,0,双开,S,3756.2000,3756.0000,3755.6000,3755.2000,3755.0000,3757.4000,3757.6000,3758.2000,3759.2000,3760.0000,6,1,1,1,3,1,1,7,1,1
SF,IF2007,2020-05-27 14:37:26.700,3756.4000,8647,0,3015166080.000,0,-,-,-,-,3756.2000,3756.0000,3755.6000,3755.2000,3755.0000,3757.2000,3757.4000,3757.6000,3758.2000,3759.2000,6,1,1,1,3,1,1,1,7,1
SF,IF2007,2020-05-27 14:37:27.200,3756.4000,8647,0,3015166080.000,0,-,-,-,-,3756.2000,3756.0000,3755.6000,3755.2000,3755.0000,3757.0000,3757.2000,3758.2000,3759.2000,3760.0000,6,1,1,1,3,1,1,7,1,1
SF,IF2007,2020-05-27 14:37:27.700,3756.4000,8647,0,3015166080.000,0,-,-,-,-,3756.0000,3755.6000,3755.2000,3755.0000,3754.8000,3757.0000,3757.2000,3758.2000,3759.2000,3760.0000,1,1,1,3,1,1,1,7,1,1
SF,IF2007,2020-05-27 14:37:28.200,3756.4000,8647,0,3015166080.000,0,-,-,-,-,3755.6000,3755.2000,3755.0000,3754.8000,3754.2000,3756.2000,3757.0000,3757.2000,3758.2000,3759.2000,1,1,3,1,1,1,1,1,7,1
SF,IF2007,2020-05-27 14:37:28.700,3756.4000,8647,0,3015166080.000,0,-,-,-,-,3755.8000,3755.6000,3755.2000,3755.0000,3754.8000,3756.2000,3757.0000,3757.2000,3758.2000,3759.2000,1,1,1,3,1,1,1,1,7,1
SF,IF2007,2020-05-27 14:37:30.700,3756.4000,8647,0,3015166080.000,0,-,-,-,-,3755.6000,3755.2000,3755.0000,3754.8000,3754.2000,3756.2000,3757.0000,3757.2000,3758.2000,3759.2000,1,1,3,1,1,1,1,1,7,1
SF,IF2007,2020-05-27 14:37:31.700,3756.4000,8647,0,3015166080.000,0,-,-,-,-,3755.8000,3755.6000,3755.2000,3755.0000,3754.8000,3756.2000,3757.0000,3757.2000,3758.2000,3759.2000,1,1,1,3,1,1,1,1,7,1
SF,IF2007,2020-05-27 14:37:32.700,3756.4000,8647,0,3015166080.000,0,-,-,-,-,3755.6000,3755.2000,3755.0000,3754.8000,3754.2000,3756.2000,3757.0000,3757.2000,3758.2000,3759.2000,1,1,3,1,1,1,1,1,7,1
SF,IF2007,2020-05-27 14:37:38.700,3756.4000,8647,0,3015166080.000,0,-,-,-,-,3755.8000,3755.6000,3755.2000,3755.0000,3754.8000,3756.2000,3757.0000,3757.2000,3758.2000,3759.2000,1,1,1,3,1,1,1,1,7,1
SF,IF2007,2020-05-27 14:37:40.200,3755.6000,8648,1,3016292760.000,1,1,0,双开,S,3755.2000,3755.0000,3754.8000,3754.2000,3753.2000,3756.2000,3757.0000,3757.2000,3758.2000,3759.2000,1,3,1,1,1,1,1,1,7,1
SF,IF2007,2020-05-27 14:37:40.700,3755.6000,8648,0,3016292760.000,0,-,-,-,-,3755.4000,3755.2000,3755.0000,3754.8000,3754.2000,3756.2000,3757.0000,3757.2000,3758.2000,3759.2000,7,1,3,1,1,1,1,1,7,1
SF,IF2007,2020-05-27 14:37:41.700,3755.6000,8648,0,3016292760.000,0,-,-,-,-,3755.4000,3755.2000,3755.0000,3754.8000,3754.2000,3756.2000,3757.0000,3757.2000,3758.2000,3759.2000,8,1,3,1,1,1,1,1,7,1
SF,IF2007,2020-05-27 14:37:42.200,3755.6000,8648,0,3016292760.000,0,-,-,-,-,3755.6000,3755.4000,3755.2000,3755.0000,3754.8000,3756.2000,3757.0000,3757.2000,3758.2000,3759.2000,1,7,1,3,1,1,1,1,7,1
SF,IF2007,2020-05-27 14:37:42.700,3755.6000,8648,0,3016292760.000,0,-,-,-,-,3755.6000,3755.4000,3755.2000,3755.0000,3754.8000,3756.2000,3757.0000,3757.2000,3758.2000,3759.2000,1,6,1,3,1,1,1,1,7,1
SF,IF2007,2020-05-27 14:37:43.200,3755.6000,8649,1,3017419440.000,1,1,0,双开,S,3755.4000,3755.2000,3755.0000,3754.8000,3754.2000,3757.0000,3757.2000,3758.2000,3759.2000,3760.0000,6,1,3,1,1,1,1,7,1,1
SF,IF2007,2020-05-27 14:37:43.700,3755.6000,8649,0,3017419440.000,0,-,-,-,-,3755.4000,3755.2000,3755.0000,3754.8000,3754.2000,3756.6000,3756.8000,3757.0000,3757.2000,3758.2000,6,1,3,1,1,1,1,1,1,7
SF,IF2007,2020-05-27 14:37:44.200,3755.6000,8649,0,3017419440.000,0,-,-,-,-,3755.4000,3755.2000,3755.0000,3754.8000,3754.2000,3756.4000,3756.6000,3756.8000,3757.2000,3758.2000,6,1,3,1,1,1,1,1,1,7
SF,IF2007,2020-05-27 14:37:44.700,3755.6000,8649,0,3017419440.000,0,-,-,-,-,3755.6000,3755.4000,3755.2000,3755.0000,3754.8000,3756.4000,3756.6000,3757.2000,3758.2000,3759.2000,1,2,1,3,1,1,1,1,7,1
SF,IF2007,2020-05-27 14:37:45.200,3755.6000,8649,0,3017419440.000,0,-,-,-,-,3755.6000,3755.4000,3755.2000,3755.0000,3754.8000,3756.4000,3757.2000,3758.2000,3759.2000,3760.0000,1,2,1,3,1,1,1,7,1,1
SF,IF2007,2020-05-27 14:37:46.700,3755.6000,8649,0,3017419440.000,0,-,-,-,-,3755.6000,3755.4000,3755.2000,3755.0000,3754.8000,3756.4000,3757.2000,3758.2000,3759.2000,3760.0000,2,2,1,3,1,1,1,7,1,1
SF,IF2007,2020-05-27 14:37:47.200,3755.6000,8649,0,3017419440.000,0,-,-,-,-,3755.6000,3755.4000,3755.2000,3755.0000,3754.8000,3756.4000,3757.2000,3758.2000,3759.2000,3760.0000,1,2,1,3,1,1,1,7,1,1
SF,IF2007,2020-05-27 14:37:50.200,3755.6000,8649,0,3017419440.000,0,-,-,-,-,3755.6000,3755.4000,3755.2000,3755.0000,3754.8000,3756.4000,3757.2000,3758.2000,3759.2000,3760.0000,1,2,2,3,1,1,1,7,1,1
SF,IF2007,2020-05-27 14:37:50.700,3755.6000,8649,0,3018546120.000,1,0,1,多换,S,3755.4000,3755.2000,3755.0000,3754.8000,3754.2000,3756.4000,3757.2000,3758.2000,3759.2000,3760.0000,2,2,3,1,1,1,1,7,1,1
SF,IF2007,2020-05-27 14:37:52.700,3755.6000,8649,0,3018546120.000,0,-,-,-,-,3755.4000,3755.2000,3755.0000,3754.8000,3754.2000,3756.4000,3757.2000,3758.2000,3759.2000,3760.0000,1,2,3,1,1,1,1,7,1,1
SF,IF2007,2020-05-27 14:37:53.200,3755.6000,8649,0,3018546120.000,0,-,-,-,-,3755.6000,3755.4000,3755.2000,3755.0000,3754.8000,3756.4000,3757.2000,3758.2000,3759.2000,3760.0000,4,1,2,3,1,1,1,7,1,1
SF,IF2007,2020-05-27 14:37:53.700,3755.6000,8649,0,3018546120.000,0,-,-,-,-,3755.4000,3755.2000,3755.0000,3754.8000,3754.2000,3756.4000,3757.2000,3758.2000,3759.2000,3760.0000,1,1,3,1,1,1,1,7,1,1
SF,IF2007,2020-05-27 14:37:54.700,3756.4000,8649,0,3019673040.000,1,0,1,多换,S,3755.4000,3755.2000,3755.0000,3754.8000,3754.2000,3757.2000,3758.2000,3759.2000,3760.0000,3760.2000,1,1,3,1,1,1,7,1,1,2
SF,IF2007,2020-05-27 14:37:55.200,3755.4000,8650,1,3020799660.000,1,1,0,双开,S,3755.2000,3755.0000,3754.8000,3754.2000,3753.2000,3756.8000,3757.0000,3757.2000,3758.2000,3759.2000,1,3,1,1,1,1,1,1,7,1
SF,IF2007,2020-05-27 14:37:55.700,3755.4000,8650,0,3020799660.000,0,-,-,-,-,3755.6000,3755.4000,3755.2000,3755.0000,3754.8000,3756.6000,3756.8000,3757.2000,3758.2000,3759.2000,1,2,1,3,1,1,1,1,7,1
SF,IF2007,2020-05-27 14:37:56.200,3755.4000,8650,0,3020799660.000,0,-,-,-,-,3755.4000,3755.2000,3755.0000,3754.8000,3754.2000,3756.6000,3756.8000,3757.2000,3758.2000,3759.2000,2,1,3,1,1,1,1,1,7,1
SF,IF2007,2020-05-27 14:37:57.700,3755.4000,8650,0,3020799660.000,0,-,-,-,-,3755.4000,3755.2000,3755.0000,3754.8000,3754.2000,3756.4000,3756.6000,3757.2000,3758.2000,3759.2000,2,1,3,1,1,2,1,1,7,1
SF,IF2007,2020-05-27 14:37:58.200,3755.4000,8651,1,3021926280.000,1,1,0,双开,S,3755.4000,3755.2000,3755.0000,3754.8000,3754.2000,3756.4000,3756.6000,3757.2000,3758.2000,3759.2000,1,1,3,1,1,2,1,1,7,1
SF,IF2007,2020-05-27 14:37:58.700,3755.4000,8651,0,3021926280.000,0,-,-,-,-,3755.4000,3755.2000,3755.0000,3754.8000,3754.2000,3756.2000,3756.4000,3757.2000,3758.2000,3759.2000,1,1,3,1,1,1,2,1,7,1
SF,IF2007,2020-05-27 14:38:04.200,3755.4000,8651,0,3021926280.000,0,-,-,-,-,3755.4000,3755.2000,3755.0000,3754.8000,3754.2000,3756.2000,3756.4000,3757.2000,3758.2000,3759.2000,1,1,3,1,1,1,1,1,7,1
SF,IF2007,2020-05-27 14:38:04.700,3755.4000,8651,0,3021926280.000,0,-,-,-,-,3755.4000,3755.2000,3755.0000,3754.8000,3754.2000,3756.2000,3756.4000,3757.2000,3758.2000,3759.2000,1,1,3,1,1,3,1,1,7,1
SF,IF2007,2020-05-27 14:38:06.200,3755.4000,8651,0,3021926280.000,0,-,-,-,-,3755.6000,3755.4000,3755.2000,3755.0000,3754.8000,3756.2000,3756.4000,3757.2000,3758.2000,3759.2000,1,1,1,3,1,3,1,1,7,1
SF,IF2007,2020-05-27 14:38:06.700,3755.6000,8652,1,3023052960.000,1,1,0,双开,S,3755.2000,3755.0000,3754.8000,3754.2000,3753.2000,3756.2000,3756.4000,3757.2000,3758.2000,3759.2000,1,3,1,1,1,3,1,1,7,1
SF,IF2007,2020-05-27 14:38:10.200,3755.2000,8653,1,3024179520.000,1,1,0,双开,S,3755.0000,3754.8000,3754.2000,3753.2000,3752.8000,3756.2000,3756.4000,3757.2000,3758.2000,3759.2000,3,1,1,1,3,3,1,1,7,1
SF,IF2007,2020-05-27 14:38:11.700,3755.2000,8653,0,3024179520.000,0,-,-,-,-,3755.2000,3755.0000,3754.8000,3754.2000,3753.2000,3756.2000,3756.4000,3757.2000,3758.2000,3759.2000,1,3,1,1,1,3,1,1,7,1
SF,IF2007,2020-05-27 14:38:13.200,3755.2000,8654,1,3025306080.000,1,1,0,双开,S,3755.0000,3754.8000,3754.2000,3753.2000,3752.8000,3756.2000,3756.4000,3757.2000,3758.2000,3759.2000,3,1,1,1,3,3,1,1,7,1
SF,IF2007,2020-05-27 14:38:13.700,3755.2000,8654,0,3025306080.000,0,-,-,-,-,3755.4000,3755.2000,3755.0000,3754.8000,3754.2000,3756.2000,3756.4000,3757.2000,3758.2000,3759.2000,1,2,3,1,1,3,1,1,7,1
SF,IF2007,2020-05-27 14:38:15.200,3755.2000,8654,0,3025306080.000,0,-,-,-,-,3755.2000,3755.0000,3754.8000,3754.2000,3753.2000,3756.2000,3756.4000,3757.2000,3758.2000,3759.2000,2,3,1,1,1,3,1,1,7,1
SF,IF2007,2020-05-27 14:38:15.700,3755.2000,8654,0,3025306080.000,0,-,-,-,-,3755.2000,3755.0000,3754.8000,3754.2000,3753.2000,3756.2000,3756.4000,3757.2000,3758.2000,3759.2000,6,3,1,1,1,3,1,1,7,1
SF,IF2007,2020-05-27 14:38:16.200,3755.2000,8654,0,3025306080.000,0,-,-,-,-,3755.2000,3755.0000,3754.8000,3754.2000,3753.2000,3756.2000,3756.4000,3757.2000,3758.2000,3759.2000,8,3,1,1,1,3,1,1,7,1
SF,IF2007,2020-05-27 14:38:18.200,3755.2000,8654,0,3025306080.000,0,-,-,-,-,3755.2000,3755.0000,3754.8000,3754.2000,3753.2000,3756.2000,3756.4000,3757.2000,3758.2000,3759.2000,7,3,1,1,1,3,1,1,7,1
SF,IF2007,2020-05-27 14:38:20.700,3755.2000,8654,0,3025306080.000,0,-,-,-,-,3755.4000,3755.2000,3755.0000,3754.8000,3754.2000,3756.2000,3756.4000,3757.2000,3758.2000,3759.2000,1,7,3,1,1,3,1,1,7,1
SF,IF2007,2020-05-27 14:38:24.700,3755.2000,8654,0,3025306080.000,0,-,-,-,-,3755.2000,3755.0000,3754.8000,3754.2000,3753.2000,3756.2000,3756.4000,3757.2000,3758.2000,3759.2000,2,3,1,1,1,3,1,1,7,1
SF,IF2007,2020-05-27 14:38:25.200,3755.2000,8654,0,3025306080.000,0,-,-,-,-,3755.2000,3755.0000,3754.8000,3754.2000,3753.2000,3756.2000,3756.4000,3757.2000,3758.2000,3759.2000,1,3,1,1,1,3,1,1,7,1
SF,IF2007,2020-05-27 14:38:26.200,3755.2000,8654,0,3025306080.000,0,-,-,-,-,3755.4000,3755.2000,3755.0000,3754.8000,3754.2000,3756.2000,3756.4000,3757.2000,3758.2000,3759.2000,1,1,3,1,1,3,1,1,7,1
SF,IF2007,2020-05-27 14:38:29.200,3755.4000,8654,0,3026432700.000,1,0,1,多换,S,3755.2000,3755.0000,3754.8000,3754.2000,3753.2000,3756.2000,3756.4000,3757.2000,3758.2000,3759.2000,1,3,1,1,1,3,1,1,7,1
SF,IF2007,2020-05-27 14:38:29.700,3755.4000,8654,0,3026432700.000,0,-,-,-,-,3755.4000,3755.2000,3755.0000,3754.8000,3754.2000,3756.2000,3756.4000,3757.2000,3758.2000,3759.2000,1,5,3,1,1,3,1,1,7,1
SF,IF2007,2020-05-27 14:38:30.200,3755.4000,8654,0,3026432700.000,0,-,-,-,-,3755.6000,3755.4000,3755.2000,3755.0000,3754.8000,3756.2000,3756.4000,3757.2000,3758.2000,3759.2000,1,1,4,3,1,2,1,1,7,1
SF,IF2007,2020-05-27 14:38:30.700,3755.4000,8654,0,3026432700.000,0,-,-,-,-,3755.6000,3755.4000,3755.2000,3755.0000,3754.8000,3756.2000,3756.4000,3757.2000,3758.2000,3759.2000,1,2,4,3,1,2,1,1,7,1
SF,IF2007,2020-05-27 14:38:31.700,3755.4000,8654,0,3026432700.000,0,-,-,-,-,3755.6000,3755.4000,3755.2000,3755.0000,3754.8000,3756.2000,3756.4000,3757.2000,3758.2000,3759.2000,2,2,4,3,1,2,1,1,7,1
SF,IF2007,2020-05-27 14:38:34.700,3755.4000,8654,0,3026432700.000,0,-,-,-,-,3755.6000,3755.4000,3755.2000,3755.0000,3754.8000,3756.2000,3756.4000,3757.2000,3758.2000,3759.2000,1,2,4,3,1,2,1,1,7,1
SF,IF2007,2020-05-27 14:38:35.700,3755.4000,8654,0,3026432700.000,0,-,-,-,-,3755.6000,3755.4000,3755.2000,3755.0000,3754.8000,3756.2000,3756.4000,3757.2000,3758.2000,3759.2000,1,1,4,3,1,2,1,1,7,1
SF,IF2007,2020-05-27 14:38:37.700,3755.4000,8654,0,3026432700.000,0,-,-,-,-,3755.6000,3755.4000,3755.2000,3755.0000,3754.8000,3756.2000,3756.4000,3757.2000,3758.2000,3759.2000,1,1,4,3,1,2,1,1,7,1
SF,IF2007,2020-05-27 14:38:39.700,3755.4000,8654,0,3026432700.000,0,-,-,-,-,3755.6000,3755.4000,3755.2000,3755.0000,3754.8000,3756.2000,3756.4000,3757.2000,3758.2000,3759.2000,1,2,4,3,1,2,1,1,7,1
SF,IF2007,2020-05-27 14:38:42.700,3755.4000,8654,0,3026432700.000,0,-,-,-,-,3755.6000,3755.4000,3755.2000,3755.0000,3754.8000,3756.2000,3756.4000,3757.2000,3758.2000,3759.2000,2,2,4,3,1,2,1,1,7,1
SF,IF2007,2020-05-27 14:38:44.700,3755.6000,8655,1,3027559380.000,1,1,0,双开,S,3755.6000,3755.4000,3755.2000,3755.0000,3754.8000,3756.2000,3756.4000,3757.2000,3758.2000,3759.2000,1,2,4,3,1,2,1,1,7,1
SF,IF2007,2020-05-27 14:38:49.700,3756.2000,8656,1,3028686240.000,1,1,0,双开,S,3755.6000,3755.4000,3755.2000,3755.0000,3754.8000,3756.2000,3756.4000,3757.2000,3758.2000,3759.2000,1,2,4,3,1,1,1,1,7,1
SF,IF2007,2020-05-27 14:38:51.700,3756.2000,8656,0,3028686240.000,0,-,-,-,-,3756.0000,3755.6000,3755.4000,3755.2000,3755.0000,3756.2000,3756.4000,3757.2000,3758.2000,3759.2000,1,1,2,4,3,1,1,1,7,1
SF,IF2007,2020-05-27 14:38:52.200,3756.2000,8657,1,3029813100.000,1,1,0,双开,S,3756.0000,3755.6000,3755.4000,3755.2000,3755.0000,3756.4000,3757.2000,3758.2000,3759.2000,3760.0000,1,1,2,4,3,1,1,7,1,1
SF,IF2007,2020-05-27 14:38:53.700,3756.2000,8657,0,3029813100.000,0,-,-,-,-,3756.0000,3755.6000,3755.4000,3755.2000,3755.0000,3756.4000,3757.2000,3758.2000,3759.2000,3760.0000,1,1,1,4,4,1,1,7,1,1
SF,IF2007,2020-05-27 14:38:55.700,3756.2000,8657,0,3029813100.000,0,-,-,-,-,3756.0000,3755.6000,3755.2000,3755.0000,3754.8000,3756.4000,3757.2000,3758.2000,3759.2000,3760.0000,1,1,4,4,1,1,1,7,1,1
SF,IF2007,2020-05-27 14:38:56.200,3756.4000,8657,0,3030940020.000,1,0,1,多换,S,3756.4000,3756.0000,3755.6000,3755.2000,3755.0000,3757.2000,3758.2000,3759.2000,3760.0000,3760.2000,2,1,2,4,4,1,7,1,1,2
SF,IF2007,2020-05-27 14:38:56.700,3756.4000,8657,0,3033193860.000,2,1,1,多换,S,3756.0000,3755.6000,3755.2000,3755.0000,3754.8000,3757.0000,3757.2000,3758.2000,3759.2000,3760.0000,1,2,4,4,1,2,1,7,1,1
SF,IF2007,2020-05-27 14:38:58.700,3756.4000,8657,0,3033193860.000,0,-,-,-,-,3756.0000,3755.6000,3755.2000,3755.0000,3754.8000,3757.0000,3757.2000,3758.2000,3759.2000,3760.0000,1,1,4,4,1,2,1,7,1,1
SF,IF2007,2020-05-27 14:39:03.200,3756.4000,8657,0,3033193860.000,0,-,-,-,-,3756.0000,3755.6000,3755.2000,3755.0000,3754.8000,3756.8000,3757.0000,3757.2000,3758.2000,3759.2000,1,1,4,4,1,1,2,1,7,1
SF,IF2007,2020-05-27 14:39:04.700,3756.4000,8657,0,3033193860.000,0,-,-,-,-,3756.0000,3755.6000,3755.2000,3755.0000,3754.8000,3757.0000,3757.2000,3758.2000,3759.2000,3760.0000,1,1,4,4,1,2,1,7,1,1
SF,IF2007,2020-05-27 14:39:05.700,3756.4000,8657,0,3033193860.000,0,-,-,-,-,3756.0000,3755.6000,3755.2000,3755.0000,3754.8000,3757.0000,3757.2000,3758.2000,3759.2000,3760.0000,1,1,4,4,1,2,1,7,1,1
SF,IF2007,2020-05-27 14:39:08.700,3757.0000,8658,1,3034320960.000,1,1,0,双开,S,3756.0000,3755.6000,3755.2000,3755.0000,3754.8000,3757.0000,3757.2000,3758.2000,3759.2000,3760.0000,1,1,4,4,1,1,1,7,1,1
SF,IF2007,2020-05-27 14:39:11.700,3757.0000,8658,0,3034320960.000,0,-,-,-,-,3756.2000,3756.0000,3755.2000,3755.0000,3754.8000,3757.0000,3757.2000,3758.2000,3759.2000,3760.0000,1,1,4,4,1,1,1,7,1,1
SF,IF2007,2020-05-27 14:39:13.200,3757.0000,8658,0,3034320960.000,0,-,-,-,-,3756.2000,3756.0000,3755.2000,3755.0000,3754.8000,3757.2000,3758.2000,3759.2000,3760.0000,3760.2000,1,1,4,4,1,1,7,1,1,2
SF,IF2007,2020-05-27 14:39:15.700,3757.2000,8658,0,3035448120.000,1,0,1,多换,S,3757.2000,3756.2000,3756.0000,3755.2000,3755.0000,3758.2000,3759.2000,3760.0000,3760.2000,3760.8000,1,1,1,4,4,7,1,1,2,1
SF,IF2007,2020-05-27 14:39:16.200,3757.2000,8658,0,3036575280.000,1,0,1,多换,S,3756.2000,3756.0000,3755.2000,3755.0000,3754.8000,3757.6000,3758.2000,3759.2000,3760.0000,3760.2000,1,1,4,4,1,2,7,1,1,2
SF,IF2007,2020-05-27 14:39:16.700,3757.4000,8659,1,3037702500.000,1,1,0,双开,S,3756.4000,3756.2000,3756.0000,3755.2000,3755.0000,3757.6000,3758.2000,3759.2000,3760.0000,3760.2000,1,1,1,4,4,2,7,1,1,2
SF,IF2007,2020-05-27 14:39:18.200,3757.6000,8660,1,3038829780.000,1,1,0,双开,S,3756.4000,3756.2000,3756.0000,3755.2000,3755.0000,3757.4000,3757.6000,3758.2000,3759.2000,3760.0000,1,1,1,4,4,1,1,7,1,1
SF,IF2007,2020-05-27 14:39:18.700,3757.6000,8660,0,3038829780.000,0,-,-,-,-,3756.4000,3756.2000,3756.0000,3755.2000,3755.0000,3757.6000,3758.2000,3759.2000,3760.0000,3760.2000,1,1,1,4,4,1,7,1,1,2
SF,IF2007,2020-05-27 14:39:19.200,3757.6000,8660,0,3038829780.000,0,-,-,-,-,3756.6000,3756.4000,3756.2000,3756.0000,3755.2000,3757.6000,3758.2000,3759.2000,3760.0000,3760.2000,1,1,1,1,4,1,7,1,1,2
SF,IF2007,2020-05-27 14:39:20.200,3757.6000,8660,0,3038829780.000,0,-,-,-,-,3756.6000,3756.4000,3756.2000,3756.0000,3755.2000,3757.4000,3757.6000,3758.2000,3759.2000,3760.0000,1,1,1,1,4,1,1,7,1,1
SF,IF2007,2020-05-27 14:39:24.200,3757.6000,8660,0,3038829780.000,0,-,-,-,-,3756.6000,3756.4000,3756.2000,3756.0000,3755.2000,3757.6000,3758.2000,3759.2000,3760.0000,3760.2000,1,1,1,1,4,1,7,1,1,2
SF,IF2007,2020-05-27 14:39:24.700,3757.6000,8660,0,3038829780.000,0,-,-,-,-,3756.8000,3756.6000,3756.2000,3756.0000,3755.2000,3757.6000,3758.2000,3759.2000,3760.0000,3760.2000,1,1,1,1,4,1,7,1,1,2
SF,IF2007,2020-05-27 14:39:30.200,3757.6000,8660,0,3038829780.000,0,-,-,-,-,3756.8000,3756.6000,3756.2000,3756.0000,3755.2000,3758.2000,3759.2000,3760.0000,3760.2000,3760.8000,1,1,1,1,4,7,1,1,2,1
SF,IF2007,2020-05-27 14:39:30.700,3757.6000,8660,0,3038829780.000,0,-,-,-,-,3756.8000,3756.6000,3756.2000,3756.0000,3755.2000,3758.0000,3758.2000,3759.2000,3760.0000,3760.2000,1,1,1,1,4,1,7,1,1,2
SF,IF2007,2020-05-27 14:39:31.700,3757.6000,8660,0,3038829780.000,0,-,-,-,-,3756.8000,3756.6000,3756.2000,3756.0000,3755.2000,3757.8000,3758.0000,3758.2000,3759.2000,3760.0000,1,1,1,1,4,2,1,7,1,1
SF,IF2007,2020-05-27 14:39:32.200,3757.6000,8660,0,3038829780.000,0,-,-,-,-,3757.0000,3756.8000,3756.6000,3756.2000,3756.0000,3757.8000,3758.0000,3758.2000,3759.2000,3760.0000,1,1,1,1,1,2,1,7,1,1
SF,IF2007,2020-05-27 14:39:33.200,3757.6000,8660,0,3038829780.000,0,-,-,-,-,3757.0000,3756.8000,3756.6000,3756.2000,3756.0000,3757.6000,3757.8000,3758.0000,3758.2000,3759.2000,1,1,1,1,1,1,1,1,7,1
SF,IF2007,2020-05-27 14:39:34.700,3757.6000,8660,0,3038829780.000,0,-,-,-,-,3757.0000,3756.8000,3756.6000,3756.2000,3756.0000,3757.4000,3757.6000,3757.8000,3758.0000,3758.2000,1,1,1,1,1,1,1,1,1,7
SF,IF2007,2020-05-27 14:39:37.700,3757.4000,8661,1,3039957000.000,1,1,0,双开,S,3757.0000,3756.8000,3756.6000,3756.2000,3756.0000,3757.8000,3758.0000,3758.2000,3759.2000,3760.0000,1,1,1,1,1,1,1,7,1,1
SF,IF2007,2020-05-27 14:39:38.200,3757.4000,8661,0,3039957000.000,0,-,-,-,-,3757.0000,3756.8000,3756.6000,3756.2000,3756.0000,3758.0000,3758.2000,3759.2000,3760.0000,3760.2000,1,1,1,1,1,1,7,1,1,2
SF,IF2007,2020-05-27 14:39:38.700,3757.4000,8661,0,3039957000.000,0,-,-,-,-,3757.2000,3757.0000,3756.2000,3756.0000,3755.2000,3758.0000,3758.2000,3759.2000,3760.0000,3760.2000,1,1,1,1,4,1,7,1,1,2
SF,IF2007,2020-05-27 14:39:45.700,3757.0000,8662,1,3042211260.000,2,1,1,空开,S,3756.2000,3756.0000,3755.2000,3755.0000,3754.8000,3758.0000,3758.2000,3759.2000,3760.0000,3760.2000,1,1,4,4,1,1,7,1,1,2
SF,IF2007,2020-05-27 14:39:46.200,3757.0000,8662,0,3042211260.000,0,-,-,-,-,3756.8000,3756.4000,3756.2000,3756.0000,3755.0000,3758.0000,3758.2000,3759.2000,3760.0000,3760.2000,2,1,1,1,4,1,7,1,1,2
SF,IF2007,2020-05-27 14:39:46.700,3757.0000,8662,0,3042211260.000,0,-,-,-,-,3757.0000,3756.8000,3756.2000,3756.0000,3755.0000,3758.0000,3758.2000,3759.2000,3760.0000,3760.2000,1,2,1,1,4,1,7,1,1,2
SF,IF2007,2020-05-27 14:39:49.700,3757.0000,8662,0,3042211260.000,0,-,-,-,-,3757.2000,3757.0000,3756.8000,3756.2000,3756.0000,3758.0000,3758.2000,3759.2000,3760.0000,3760.2000,1,1,1,1,1,1,7,1,1,2
SF,IF2007,2020-05-27 14:39:56.700,3758.0000,8663,1,3043338660.000,1,1,0,双开,S,3757.2000,3757.0000,3756.8000,3756.2000,3756.0000,3758.2000,3759.2000,3760.0000,3760.2000,3760.8000,5,1,1,1,1,7,1,1,2,1
SF,IF2007,2020-05-27 14:39:57.200,3758.0000,8663,0,3043338660.000,0,-,-,-,-,3757.4000,3757.2000,3756.8000,3756.2000,3756.0000,3758.2000,3759.2000,3760.0000,3760.2000,3760.8000,1,5,1,1,1,7,1,1,2,1
SF,IF2007,2020-05-27 14:40:01.700,3758.0000,8663,0,3043338660.000,0,-,-,-,-,3757.4000,3757.2000,3756.8000,3756.2000,3756.0000,3758.2000,3759.2000,3760.0000,3760.2000,3760.8000,1,1,1,1,1,7,1,1,2,1
SF,IF2007,2020-05-27 14:40:02.200,3758.0000,8663,0,3043338660.000,0,-,-,-,-,3757.6000,3757.4000,3757.2000,3756.8000,3756.2000,3758.2000,3759.2000,3760.0000,3760.2000,3760.8000,1,1,1,1,1,7,1,1,2,1
SF,IF2007,2020-05-27 14:40:05.700,3758.0000,8663,0,3043338660.000,0,-,-,-,-,3758.0000,3757.6000,3757.4000,3757.2000,3756.8000,3758.2000,3759.2000,3760.0000,3760.2000,3760.8000,1,1,1,1,1,7,1,1,2,1
SF,IF2007,2020-05-27 14:40:06.200,3758.0000,8664,1,3044466060.000,1,1,0,双开,S,3757.6000,3757.4000,3756.8000,3756.2000,3756.0000,3757.8000,3758.2000,3759.2000,3760.0000,3760.2000,1,1,1,1,1,1,7,1,1,2
SF,IF2007,2020-05-27 14:40:06.700,3757.6000,8664,0,3045593340.000,1,0,1,多换,S,3757.4000,3756.8000,3756.2000,3756.0000,3755.0000,3758.2000,3759.2000,3760.0000,3760.2000,3760.8000,1,1,1,1,4,7,1,1,2,1
SF,IF2007,2020-05-27 14:40:07.200,3757.6000,8664,0,3045593340.000,0,-,-,-,-,3757.4000,3756.8000,3756.2000,3756.0000,3755.0000,3758.2000,3759.2000,3760.0000,3760.2000,3760.8000,1,1,1,1,4,7,1,1,2,1
SF,IF2007,2020-05-27 14:40:09.200,3757.4000,8665,1,3046720560.000,1,1,0,双开,S,3756.8000,3756.2000,3756.0000,3755.0000,3754.8000,3758.2000,3759.2000,3760.0000,3760.2000,3760.8000,1,1,1,4,1,7,1,1,2,1
SF,IF2007,2020-05-27 14:40:09.700,3757.4000,8665,0,3046720560.000,0,-,-,-,-,3757.0000,3756.8000,3756.2000,3756.0000,3755.0000,3758.0000,3758.2000,3759.2000,3760.0000,3760.2000,2,1,1,1,4,1,7,1,1,2
SF,IF2007,2020-05-27 14:40:15.200,3757.4000,8665,0,3046720560.000,0,-,-,-,-,3757.0000,3756.2000,3756.0000,3755.0000,3754.8000,3757.8000,3758.0000,3758.2000,3759.2000,3760.0000,2,1,1,4,1,1,1,7,1,1
SF,IF2007,2020-05-27 14:40:15.700,3757.4000,8665,0,3046720560.000,0,-,-,-,-,3756.2000,3756.0000,3755.0000,3754.8000,3754.2000,3757.8000,3758.2000,3759.2000,3760.0000,3760.2000,1,1,4,1,1,1,7,1,1,2
SF,IF2007,2020-05-27 14:40:16.200,3757.4000,8665,0,3046720560.000,0,-,-,-,-,3756.4000,3756.2000,3756.0000,3755.0000,3754.8000,3757.8000,3758.2000,3759.2000,3760.0000,3760.2000,2,5,1,4,1,1,7,1,1,2
SF,IF2007,2020-05-27 14:40:16.700,3757.4000,8665,0,3046720560.000,0,-,-,-,-,3756.4000,3756.2000,3756.0000,3755.0000,3754.8000,3757.6000,3757.8000,3758.2000,3759.2000,3760.0000,2,5,1,4,1,1,1,7,1,1
SF,IF2007,2020-05-27 14:40:17.200,3757.4000,8665,0,3046720560.000,0,-,-,-,-,3756.4000,3756.2000,3756.0000,3755.0000,3754.8000,3757.4000,3757.6000,3757.8000,3758.2000,3759.2000,2,1,1,4,1,1,1,1,7,1
SF,IF2007,2020-05-27 14:40:26.200,3757.4000,8665,0,3046720560.000,0,-,-,-,-,3756.6000,3756.4000,3756.2000,3756.0000,3755.0000,3757.4000,3757.6000,3757.8000,3758.2000,3759.2000,1,2,1,1,4,1,1,1,7,1
SF,IF2007,2020-05-27 14:40:31.200,3757.4000,8665,0,3046720560.000,0,-,-,-,-,3756.6000,3756.4000,3756.2000,3756.0000,3755.0000,3757.6000,3757.8000,3758.2000,3759.2000,3760.0000,1,1,1,1,4,1,1,7,1,1
SF,IF2007,2020-05-27 14:40:31.700,3757.4000,8665,0,3046720560.000,0,-,-,-,-,3756.8000,3756.6000,3756.2000,3756.0000,3755.0000,3757.6000,3757.8000,3758.2000,3759.2000,3760.0000,1,1,1,1,4,1,1,7,1,1
SF,IF2007,2020-05-27 14:40:35.700,3757.4000,8665,0,3046720560.000,0,-,-,-,-,3756.8000,3756.6000,3756.2000,3756.0000,3755.0000,3757.6000,3758.2000,3759.2000,3760.0000,3760.2000,1,1,1,1,4,1,7,1,1,2
SF,IF2007,2020-05-27 14:40:36.200,3757.4000,8665,0,3046720560.000,0,-,-,-,-,3756.8000,3756.6000,3756.2000,3756.0000,3755.0000,3758.2000,3759.2000,3760.0000,3760.2000,3760.8000,1,1,1,1,4,7,1,1,2,1
SF,IF2007,2020-05-27 14:40:36.700,3757.4000,8665,0,3046720560.000,0,-,-,-,-,3756.8000,3756.6000,3756.2000,3756.0000,3755.0000,3758.0000,3758.2000,3759.2000,3760.0000,3760.2000,1,1,1,1,4,3,7,1,1,2
SF,IF2007,2020-05-27 14:40:37.700,3757.4000,8665,0,3046720560.000,0,-,-,-,-,3756.8000,3756.2000,3756.0000,3755.0000,3754.8000,3758.0000,3758.2000,3759.2000,3760.0000,3760.2000,1,1,1,4,1,3,7,1,1,2
SF,IF2007,2020-05-27 14:40:38.200,3757.4000,8665,0,3046720560.000,0,-,-,-,-,3756.8000,3756.2000,3756.0000,3755.0000,3754.8000,3758.0000,3758.2000,3759.2000,3760.0000,3760.2000,1,1,1,4,1,3,7,1,1,2
SF,IF2007,2020-05-27 14:40:38.700,3757.4000,8665,0,3046720560.000,0,-,-,-,-,3756.8000,3756.2000,3756.0000,3755.0000,3754.8000,3758.0000,3758.2000,3759.2000,3760.0000,3760.2000,1,1,1,4,1,3,7,1,1,2
SF,IF2007,2020-05-27 14:40:39.200,3757.4000,8665,0,3046720560.000,0,-,-,-,-,3756.8000,3756.2000,3756.0000,3755.0000,3754.8000,3758.0000,3758.2000,3759.2000,3760.0000,3760.2000,1,1,1,4,1,3,7,1,1,2
SF,IF2007,2020-05-27 14:40:40.700,3757.4000,8665,0,3046720560.000,0,-,-,-,-,3757.0000,3756.8000,3756.2000,3756.0000,3755.0000,3758.0000,3758.2000,3759.2000,3760.0000,3760.2000,1,1,1,1,4,3,7,1,1,2
SF,IF2007,2020-05-27 14:40:41.200,3757.4000,8665,0,3046720560.000,0,-,-,-,-,3757.0000,3756.8000,3756.2000,3756.0000,3755.0000,3757.8000,3758.0000,3758.2000,3759.2000,3760.0000,1,1,1,1,4,1,3,7,1,1
SF,IF2007,2020-05-27 14:40:41.700,3757.4000,8665,0,3046720560.000,0,-,-,-,-,3757.0000,3756.8000,3756.2000,3756.0000,3755.0000,3758.0000,3758.2000,3759.2000,3760.0000,3760.2000,1,1,1,1,4,3,7,1,1,2
SF,IF2007,2020-05-27 14:40:43.200,3757.4000,8665,0,3046720560.000,0,-,-,-,-,3757.0000,3756.8000,3756.2000,3756.0000,3755.0000,3758.0000,3758.2000,3759.2000,3760.0000,3760.2000,1,1,1,1,4,4,7,1,1,2
SF,IF2007,2020-05-27 14:40:45.700,3757.4000,8665,0,3046720560.000,0,-,-,-,-,3757.0000,3756.8000,3756.2000,3756.0000,3755.0000,3758.0000,3758.2000,3759.2000,3760.0000,3760.2000,1,1,1,1,4,3,7,1,1,2
SF,IF2007,2020-05-27 14:40:51.200,3757.4000,8665,0,3046720560.000,0,-,-,-,-,3756.8000,3756.2000,3756.0000,3755.0000,3754.8000,3757.8000,3758.0000,3758.2000,3759.2000,3760.0000,1,1,1,4,1,1,3,7,1,1
SF,IF2007,2020-05-27 14:40:51.700,3757.4000,8665,0,3046720560.000,0,-,-,-,-,3756.8000,3756.2000,3756.0000,3755.0000,3754.8000,3757.6000,3757.8000,3758.0000,3758.2000,3759.2000,1,1,1,4,1,1,1,2,7,1
SF,IF2007,2020-05-27 14:40:53.200,3757.4000,8665,0,3046720560.000,0,-,-,-,-,3757.0000,3756.8000,3756.2000,3756.0000,3755.0000,3757.6000,3758.0000,3758.2000,3759.2000,3760.0000,1,1,1,1,4,1,2,7,1,1
SF,IF2007,2020-05-27 14:40:58.200,3757.4000,8665,0,3046720560.000,0,-,-,-,-,3757.0000,3756.8000,3756.2000,3756.0000,3755.0000,3757.6000,3758.0000,3758.2000,3759.2000,3760.0000,1,1,1,1,4,1,1,7,1,1
SF,IF2007,2020-05-27 14:40:58.700,3757.4000,8665,0,3046720560.000,0,-,-,-,-,3757.6000,3757.2000,3757.0000,3756.2000,3756.0000,3758.2000,3759.2000,3760.0000,3760.2000,3760.8000,2,1,1,1,1,7,1,1,2,1
SF,IF2007,2020-05-27 14:40:59.200,3757.6000,8665,0,3047847840.000,1,0,1,多换,S,3757.2000,3757.0000,3756.2000,3756.0000,3755.0000,3758.2000,3759.2000,3760.0000,3760.2000,3760.8000,1,1,1,1,4,7,1,1,2,1
SF,IF2007,2020-05-27 14:40:59.700,3757.6000,8665,0,3047847840.000,0,-,-,-,-,3757.2000,3757.0000,3756.2000,3756.0000,3755.0000,3758.0000,3758.2000,3759.2000,3760.0000,3760.2000,1,1,1,1,4,1,7,1,1,2
SF,IF2007,2020-05-27 14:41:00.200,3757.6000,8665,0,3047847840.000,0,-,-,-,-,3757.2000,3757.0000,3756.2000,3756.0000,3755.0000,3758.0000,3758.2000,3759.2000,3760.0000,3760.2000,1,1,1,1,4,1,7,1,1,2
SF,IF2007,2020-05-27 14:41:22.200,3757.6000,8665,0,3047847840.000,0,-,-,-,-,3757.2000,3757.0000,3756.0000,3755.0000,3754.8000,3758.0000,3758.2000,3759.2000,3760.0000,3760.2000,1,1,1,4,1,1,7,1,1,2
SF,IF2007,2020-05-27 14:41:22.700,3757.6000,8665,0,3047847840.000,0,-,-,-,-,3757.2000,3757.0000,3756.0000,3755.0000,3754.8000,3758.2000,3759.2000,3760.0000,3760.2000,3760.8000,1,1,1,4,1,7,1,1,2,1
SF,IF2007,2020-05-27 14:41:25.700,3757.6000,8665,0,3047847840.000,0,-,-,-,-,3757.2000,3757.0000,3756.0000,3755.0000,3754.8000,3758.2000,3759.2000,3760.0000,3760.2000,3760.8000,5,1,1,4,1,7,1,1,2,1
SF,IF2007,2020-05-27 14:41:26.200,3757.6000,8665,0,3047847840.000,0,-,-,-,-,3757.2000,3757.0000,3756.0000,3755.0000,3754.8000,3758.2000,3759.2000,3760.0000,3760.2000,3760.8000,1,1,1,4,1,7,1,1,2,1
SF,IF2007,2020-05-27 14:41:28.700,3757.6000,8665,0,3047847840.000,0,-,-,-,-,3757.2000,3757.0000,3756.0000,3755.0000,3754.8000,3758.2000,3758.6000,3759.2000,3760.0000,3760.2000,1,1,1,4,1,7,1,1,1,2
SF,IF2007,2020-05-27 14:41:30.200,3757.6000,8665,0,3047847840.000,0,-,-,-,-,3757.2000,3757.0000,3756.0000,3755.0000,3754.8000,3758.2000,3758.6000,3759.2000,3760.0000,3760.2000,1,1,1,4,1,7,1,1,1,2
SF,IF2007,2020-05-27 14:41:31.700,3757.6000,8665,0,3047847840.000,0,-,-,-,-,3757.4000,3757.2000,3757.0000,3756.0000,3755.0000,3758.2000,3758.6000,3759.2000,3760.0000,3760.2000,1,1,1,1,4,7,1,1,1,2
SF,IF2007,2020-05-27 14:41:32.200,3757.2000,8667,2,3050102220.000,2,2,0,双开,S,3757.0000,3756.0000,3755.0000,3754.8000,3754.2000,3757.2000,3758.2000,3758.6000,3759.2000,3760.0000,1,1,4,1,1,2,7,1,1,1
SF,IF2007,2020-05-27 14:41:32.700,3757.2000,8668,1,3052356540.000,2,1,1,空开,S,3757.4000,3757.2000,3757.0000,3756.0000,3755.0000,3758.2000,3758.6000,3759.2000,3760.0000,3760.2000,1,3,1,1,4,7,1,1,1,2
SF,IF2007,2020-05-27 14:41:33.200,3757.2000,8668,0,3052356540.000,0,-,-,-,-,3757.2000,3757.0000,3756.0000,3755.0000,3754.8000,3758.0000,3758.2000,3758.6000,3759.2000,3760.0000,2,1,1,4,1,1,7,1,1,1
SF,IF2007,2020-05-27 14:41:33.700,3758.0000,8669,1,3053483940.000,1,1,0,双开,S,3757.0000,3756.0000,3755.0000,3754.8000,3754.2000,3758.2000,3758.6000,3759.2000,3760.0000,3760.2000,1,1,4,1,1,7,1,1,1,2
SF,IF2007,2020-05-27 14:41:34.200,3758.0000,8669,0,3053483940.000,0,-,-,-,-,3757.0000,3756.0000,3755.0000,3754.8000,3754.2000,3758.0000,3758.2000,3758.6000,3759.2000,3760.0000,1,1,4,1,1,2,7,1,1,1
SF,IF2007,2020-05-27 14:41:34.700,3758.0000,8669,0,3053483940.000,0,-,-,-,-,3757.0000,3756.0000,3755.0000,3754.8000,3754.2000,3758.0000,3758.2000,3758.6000,3759.2000,3760.0000,1,1,4,1,1,3,7,1,1,1
SF,IF2007,2020-05-27 14:41:35.700,3758.0000,8669,0,3053483940.000,0,-,-,-,-,3756.0000,3755.0000,3754.8000,3754.2000,3753.2000,3758.0000,3758.2000,3758.6000,3759.2000,3760.0000,1,4,1,1,1,3,7,1,1,1
SF,IF2007,2020-05-27 14:41:36.200,3758.0000,8669,0,3053483940.000,0,-,-,-,-,3756.6000,3756.4000,3756.2000,3756.0000,3755.0000,3758.0000,3758.2000,3758.6000,3759.2000,3760.0000,1,5,5,1,4,3,7,1,1,1
SF,IF2007,2020-05-27 14:41:36.700,3758.0000,8669,0,3053483940.000,0,-,-,-,-,3756.8000,3756.6000,3756.4000,3756.2000,3756.0000,3758.0000,3758.2000,3758.6000,3759.2000,3760.0000,1,1,5,3,1,3,7,1,1,1
SF,IF2007,2020-05-27 14:41:37.200,3758.0000,8669,0,3053483940.000,0,-,-,-,-,3756.8000,3756.6000,3756.4000,3756.2000,3756.0000,3758.0000,3758.2000,3758.6000,3759.2000,3760.0000,1,1,5,2,1,3,7,1,1,1
SF,IF2007,2020-05-27 14:41:37.700,3758.0000,8669,0,3053483940.000,0,-,-,-,-,3756.8000,3756.6000,3756.4000,3756.2000,3756.0000,3757.8000,3758.0000,3758.2000,3758.6000,3759.2000,1,1,5,2,1,1,3,7,1,1
SF,IF2007,2020-05-27 14:41:38.200,3758.0000,8669,0,3053483940.000,0,-,-,-,-,3756.8000,3756.6000,3756.4000,3756.2000,3756.0000,3757.8000,3758.0000,3758.2000,3758.6000,3759.2000,1,1,5,2,1,2,2,7,1,1
SF,IF2007,2020-05-27 14:41:40.200,3758.0000,8669,0,3053483940.000,0,-,-,-,-,3756.8000,3756.6000,3756.4000,3756.0000,3755.0000,3757.8000,3758.0000,3758.2000,3758.6000,3759.2000,1,1,5,1,4,2,2,7,1,1
SF,IF2007,2020-05-27 14:41:40.700,3758.0000,8669,0,3053483940.000,0,-,-,-,-,3756.8000,3756.6000,3756.4000,3756.0000,3755.0000,3757.6000,3757.8000,3758.0000,3758.2000,3758.6000,1,1,1,1,4,1,2,1,7,1
SF,IF2007,2020-05-27 14:41:43.700,3758.0000,8669,0,3053483940.000,0,-,-,-,-,3756.8000,3756.6000,3756.0000,3755.0000,3754.8000,3757.6000,3757.8000,3758.0000,3758.2000,3758.6000,1,1,1,4,1,1,2,1,7,1
SF,IF2007,2020-05-27 14:41:44.200,3758.0000,8669,0,3053483940.000,0,-,-,-,-,3756.8000,3756.6000,3756.0000,3755.0000,3754.8000,3757.8000,3758.0000,3758.2000,3758.6000,3759.2000,1,1,1,4,1,1,1,7,1,1
SF,IF2007,2020-05-27 14:41:48.700,3758.0000,8669,0,3053483940.000,0,-,-,-,-,3756.8000,3756.6000,3756.0000,3755.0000,3754.8000,3757.8000,3758.0000,3758.2000,3758.6000,3759.2000,1,1,1,4,1,1,1,7,1,1
SF,IF2007,2020-05-27 14:41:49.200,3758.0000,8669,0,3053483940.000,0,-,-,-,-,3756.8000,3756.6000,3756.0000,3755.0000,3754.8000,3757.6000,3757.8000,3758.0000,3758.2000,3758.6000,1,1,1,4,1,1,1,1,7,1
SF,IF2007,2020-05-27 14:41:56.200,3758.0000,8669,0,3053483940.000,0,-,-,-,-,3757.0000,3756.8000,3756.0000,3755.0000,3754.8000,3757.6000,3758.0000,3758.2000,3758.6000,3759.2000,1,1,1,4,1,1,1,7,1,1
SF,IF2007,2020-05-27 14:41:57.200,3758.0000,8669,0,3053483940.000,0,-,-,-,-,3757.0000,3756.8000,3756.0000,3755.0000,3754.8000,3757.6000,3758.0000,3758.2000,3758.6000,3759.2000,1,1,1,4,1,1,1,7,1,1
SF,IF2007,2020-05-27 14:41:57.700,3758.0000,8669,0,3053483940.000,0,-,-,-,-,3756.0000,3755.0000,3754.8000,3754.2000,3753.2000,3757.6000,3758.0000,3758.2000,3758.6000,3759.2000,1,4,1,1,1,1,1,7,1,1
SF,IF2007,2020-05-27 14:41:58.200,3758.0000,8669,0,3053483940.000,0,-,-,-,-,3756.4000,3756.2000,3756.0000,3755.0000,3754.8000,3757.6000,3758.2000,3758.6000,3759.2000,3760.0000,1,7,1,4,1,1,7,1,1,1
SF,IF2007,2020-05-27 14:41:58.700,3758.0000,8669,0,3053483940.000,0,-,-,-,-,3756.6000,3756.4000,3756.2000,3756.0000,3755.0000,3757.6000,3758.2000,3758.6000,3759.2000,3760.0000,1,1,6,1,4,1,7,1,1,1
SF,IF2007,2020-05-27 14:42:00.200,3758.0000,8669,0,3053483940.000,0,-,-,-,-,3756.6000,3756.4000,3756.2000,3756.0000,3755.0000,3757.6000,3758.2000,3758.6000,3759.2000,3760.0000,1,1,2,1,4,1,7,1,1,1
SF,IF2007,2020-05-27 14:42:00.700,3758.0000,8669,0,3053483940.000,0,-,-,-,-,3756.6000,3756.4000,3756.2000,3756.0000,3755.0000,3757.6000,3758.2000,3758.6000,3759.2000,3760.0000,1,1,1,1,4,1,7,1,1,1
SF,IF2007,2020-05-27 14:42:01.700,3758.0000,8669,0,3053483940.000,0,-,-,-,-,3756.8000,3756.6000,3756.2000,3756.0000,3755.0000,3757.6000,3758.2000,3758.6000,3759.2000,3760.0000,1,1,1,1,4,1,7,1,1,1
SF,IF2007,2020-05-27 14:42:02.200,3758.0000,8669,0,3053483940.000,0,-,-,-,-,3756.8000,3756.6000,3756.2000,3756.0000,3755.0000,3758.2000,3758.6000,3759.2000,3760.0000,3760.2000,1,1,1,1,4,7,1,1,1,2
SF,IF2007,2020-05-27 14:42:02.700,3758.0000,8669,0,3053483940.000,0,-,-,-,-,3757.0000,3756.8000,3756.2000,3756.0000,3755.0000,3758.0000,3758.2000,3758.6000,3759.2000,3760.0000,1,1,1,1,4,1,7,1,1,1
SF,IF2007,2020-05-27 14:42:05.200,3758.0000,8669,0,3053483940.000,0,-,-,-,-,3757.0000,3756.8000,3756.2000,3756.0000,3755.0000,3757.8000,3758.0000,3758.2000,3758.6000,3759.2000,1,1,1,1,4,1,1,7,1,1
SF,IF2007,2020-05-27 14:42:05.700,3758.0000,8669,0,3053483940.000,0,-,-,-,-,3756.8000,3756.2000,3756.0000,3755.0000,3754.8000,3757.8000,3758.0000,3758.2000,3758.6000,3759.2000,1,1,1,4,1,1,1,7,1,1
SF,IF2007,2020-05-27 14:42:07.700,3758.0000,8669,0,3053483940.000,0,-,-,-,-,3756.8000,3756.2000,3756.0000,3755.0000,3754.8000,3758.0000,3758.2000,3758.6000,3759.2000,3760.0000,1,1,1,4,1,1,7,1,1,1
SF,IF2007,2020-05-27 14:42:08.200,3758.0000,8669,0,3053483940.000,0,-,-,-,-,3756.8000,3756.2000,3756.0000,3755.0000,3754.8000,3757.8000,3758.0000,3758.2000,3758.6000,3759.2000,1,1,1,4,1,1,1,7,1,1
SF,IF2007,2020-05-27 14:42:08.700,3758.0000,8669,0,3053483940.000,0,-,-,-,-,3757.0000,3756.8000,3756.2000,3756.0000,3755.0000,3757.8000,3758.0000,3758.2000,3758.6000,3759.2000,1,1,1,1,4,1,1,7,1,1
SF,IF2007,2020-05-27 14:42:10.200,3758.0000,8669,0,3053483940.000,0,-,-,-,-,3757.0000,3756.8000,3756.2000,3756.0000,3755.0000,3757.8000,3758.0000,3758.2000,3758.6000,3759.2000,1,1,1,1,4,1,2,7,1,1
SF,IF2007,2020-05-27 14:42:23.700,3758.0000,8669,0,3053483940.000,0,-,-,-,-,3757.2000,3757.0000,3756.8000,3756.2000,3756.0000,3757.8000,3758.0000,3758.2000,3758.6000,3759.2000,1,1,1,1,1,1,2,7,1,1
SF,IF2007,2020-05-27 14:42:24.200,3758.0000,8669,0,3053483940.000,0,-,-,-,-,3757.2000,3757.0000,3756.8000,3756.2000,3756.0000,3758.0000,3758.2000,3758.6000,3759.2000,3760.0000,1,1,1,1,1,2,7,1,1,1
SF,IF2007,2020-05-27 14:42:24.700,3758.0000,8669,0,3053483940.000,0,-,-,-,-,3757.2000,3757.0000,3756.8000,3756.2000,3756.0000,3758.0000,3758.2000,3758.6000,3759.2000,3760.0000,2,1,1,1,1,2,7,1,1,1
SF,IF2007,2020-05-27 14:42:26.200,3758.0000,8670,1,3054611340.000,1,1,0,双开,S,3757.2000,3757.0000,3756.8000,3756.2000,3756.0000,3758.0000,3758.2000,3758.6000,3759.2000,3760.0000,2,1,1,1,1,1,7,1,1,1
SF,IF2007,2020-05-27 14:42:26.700,3758.0000,8670,0,3054611340.000,0,-,-,-,-,3757.4000,3757.2000,3757.0000,3756.8000,3756.2000,3758.0000,3758.2000,3758.6000,3759.2000,3760.0000,1,2,1,1,1,1,7,1,1,1
SF,IF2007,2020-05-27 14:42:28.700,3758.0000,8670,0,3054611340.000,0,-,-,-,-,3757.4000,3757.2000,3757.0000,3756.2000,3756.0000,3758.0000,3758.2000,3758.6000,3759.2000,3760.0000,1,2,1,1,1,1,7,1,1,1
SF,IF2007,2020-05-27 14:42:30.200,3757.4000,8671,1,3055738560.000,1,1,0,双开,S,3757.2000,3757.0000,3756.2000,3756.0000,3755.0000,3758.0000,3758.2000,3758.6000,3759.2000,3760.0000,2,1,1,1,4,1,7,1,1,1
SF,IF2007,2020-05-27 14:42:49.200,3757.4000,8671,0,3055738560.000,0,-,-,-,-,3757.4000,3757.2000,3757.0000,3756.2000,3756.0000,3758.0000,3758.2000,3758.6000,3759.2000,3760.0000,1,2,1,1,1,1,7,1,1,1
SF,IF2007,2020-05-27 14:42:49.700,3757.4000,8671,0,3055738560.000,0,-,-,-,-,3757.4000,3757.2000,3756.2000,3756.0000,3755.0000,3758.0000,3758.2000,3758.6000,3759.2000,3760.0000,1,2,1,1,4,1,7,1,1,1
SF,IF2007,2020-05-27 14:42:56.700,3757.4000,8671,0,3055738560.000,0,-,-,-,-,3757.4000,3757.2000,3756.2000,3756.0000,3755.0000,3758.0000,3758.2000,3758.6000,3759.2000,3760.0000,1,2,1,1,4,1,7,1,1,1
SF,IF2007,2020-05-27 14:42:58.200,3758.0000,8672,1,3056865960.000,1,1,0,双开,S,3758.0000,3757.4000,3757.2000,3756.2000,3756.0000,3758.2000,3758.6000,3759.2000,3760.0000,3760.2000,2,1,2,1,1,7,1,1,1,2
SF,IF2007,2020-05-27 14:42:58.700,3758.2000,8676,4,3062503260.000,5,4,1,空开,S,3757.4000,3757.2000,3756.2000,3756.0000,3755.0000,3758.2000,3758.6000,3759.2000,3760.0000,3760.2000,1,2,1,1,4,2,1,1,1,2
SF,IF2007,2020-05-27 14:42:59.200,3758.2000,8678,2,3064758180.000,2,2,0,双开,S,3757.6000,3757.4000,3757.2000,3756.2000,3756.0000,3758.6000,3759.2000,3760.0000,3760.2000,3760.8000,1,1,1,1,1,1,1,1,2,1
SF,IF2007,2020-05-27 14:43:01.700,3758.2000,8678,0,3064758180.000,0,-,-,-,-,3757.4000,3757.2000,3756.2000,3756.0000,3755.0000,3758.6000,3759.2000,3760.0000,3760.2000,3760.8000,1,1,1,1,4,1,1,1,2,1
SF,IF2007,2020-05-27 14:43:02.200,3758.2000,8678,0,3064758180.000,0,-,-,-,-,3757.6000,3757.4000,3757.2000,3756.2000,3756.0000,3758.6000,3759.2000,3760.0000,3760.2000,3760.8000,3,1,1,1,1,1,1,1,2,1
SF,IF2007,2020-05-27 14:43:03.700,3758.2000,8678,0,3064758180.000,0,-,-,-,-,3757.8000,3757.6000,3757.4000,3757.2000,3756.2000,3758.6000,3759.2000,3760.0000,3760.2000,3760.8000,1,3,1,1,1,1,1,1,2,1
SF,IF2007,2020-05-27 14:43:04.200,3758.2000,8678,0,3064758180.000,0,-,-,-,-,3758.0000,3757.8000,3757.6000,3757.4000,3757.2000,3758.6000,3759.2000,3760.0000,3760.2000,3760.8000,1,1,2,1,1,1,1,1,2,1
SF,IF2007,2020-05-27 14:43:07.200,3758.2000,8678,0,3064758180.000,0,-,-,-,-,3758.0000,3757.6000,3757.4000,3757.2000,3756.2000,3758.6000,3759.2000,3760.0000,3760.2000,3760.8000,1,2,1,1,1,1,1,1,2,1
SF,IF2007,2020-05-27 14:43:07.700,3758.2000,8678,0,3064758180.000,0,-,-,-,-,3757.6000,3757.4000,3757.2000,3756.2000,3756.0000,3758.6000,3759.2000,3760.0000,3760.2000,3760.8000,2,1,1,1,1,1,1,1,2,1
SF,IF2007,2020-05-27 14:43:08.200,3758.2000,8678,0,3064758180.000,0,-,-,-,-,3757.8000,3757.6000,3757.4000,3757.2000,3756.0000,3758.6000,3759.2000,3760.0000,3760.2000,3760.8000,6,2,1,1,1,1,1,1,2,1
SF,IF2007,2020-05-27 14:43:09.700,3758.2000,8678,0,3064758180.000,0,-,-,-,-,3757.8000,3757.6000,3757.4000,3757.2000,3756.0000,3758.6000,3759.2000,3760.0000,3760.2000,3760.8000,2,2,1,1,1,1,1,1,2,1
SF,IF2007,2020-05-27 14:43:14.700,3758.6000,8678,0,3065885760.000,1,0,1,多换,S,3758.6000,3758.0000,3757.8000,3757.4000,3757.2000,3759.2000,3760.0000,3760.2000,3760.8000,3762.0000,1,6,2,1,1,1,1,2,1,2
SF,IF2007,2020-05-27 14:43:15.200,3758.6000,8678,0,3065885760.000,0,-,-,-,-,3758.0000,3757.8000,3757.4000,3757.2000,3756.0000,3759.2000,3760.0000,3760.2000,3760.8000,3762.0000,2,2,1,1,1,1,1,2,1,2
SF,IF2007,2020-05-27 14:43:15.700,3758.6000,8678,0,3065885760.000,0,-,-,-,-,3758.2000,3758.0000,3757.8000,3757.4000,3757.2000,3759.2000,3760.0000,3760.2000,3760.8000,3762.0000,1,2,1,1,1,1,1,2,1,2
SF,IF2007,2020-05-27 14:43:19.700,3758.6000,8678,0,3065885760.000,0,-,-,-,-,3758.4000,3758.2000,3758.0000,3757.8000,3757.4000,3759.2000,3760.0000,3760.2000,3760.8000,3762.0000,1,1,1,1,1,1,1,2,1,2
SF,IF2007,2020-05-27 14:43:20.200,3758.6000,8678,0,3065885760.000,0,-,-,-,-,3758.6000,3758.4000,3758.0000,3757.8000,3757.4000,3759.2000,3760.0000,3760.2000,3760.8000,3762.0000,1,1,1,1,1,1,1,2,1,2
SF,IF2007,2020-05-27 14:43:21.200,3758.6000,8678,0,3065885760.000,0,-,-,-,-,3758.6000,3758.4000,3757.8000,3757.4000,3757.2000,3759.2000,3760.0000,3760.2000,3760.8000,3762.0000,1,1,1,1,1,1,1,2,1,2
SF,IF2007,2020-05-27 14:43:22.200,3758.6000,8678,0,3065885760.000,0,-,-,-,-,3758.6000,3758.4000,3757.8000,3757.4000,3757.2000,3759.2000,3760.0000,3760.2000,3760.8000,3762.4000,1,1,1,1,1,1,1,2,1,1
SF,IF2007,2020-05-27 14:43:22.700,3759.2000,8679,1,3067013520.000,1,1,0,双开,S,3759.2000,3758.6000,3758.4000,3757.8000,3757.4000,3760.2000,3760.8000,3762.4000,3763.0000,3763.4000,1,1,1,1,1,2,1,1,1,3
SF,IF2007,2020-05-27 14:43:23.200,3759.2000,8679,0,3067013520.000,0,-,-,-,-,3758.6000,3757.8000,3757.4000,3757.2000,3756.0000,3760.0000,3760.2000,3760.8000,3762.4000,3763.0000,1,1,1,1,1,2,2,1,1,1
SF,IF2007,2020-05-27 14:43:27.200,3759.2000,8679,0,3067013520.000,0,-,-,-,-,3758.6000,3757.8000,3757.4000,3757.2000,3756.0000,3759.6000,3759.8000,3760.0000,3760.2000,3760.8000,1,1,1,1,1,1,1,1,2,1
SF,IF2007,2020-05-27 14:43:27.700,3759.2000,8679,0,3067013520.000,0,-,-,-,-,3758.6000,3757.8000,3757.4000,3757.2000,3756.0000,3759.4000,3759.6000,3759.8000,3760.2000,3760.8000,1,1,1,1,1,1,1,1,2,1
SF,IF2007,2020-05-27 14:43:28.700,3759.2000,8679,0,3067013520.000,0,-,-,-,-,3758.6000,3757.8000,3757.4000,3757.2000,3756.0000,3759.4000,3759.6000,3760.2000,3760.8000,3762.4000,1,1,1,1,1,1,1,2,1,1
SF,IF2007,2020-05-27 14:43:40.200,3759.2000,8679,0,3067013520.000,0,-,-,-,-,3758.6000,3757.8000,3757.4000,3757.2000,3756.0000,3759.4000,3759.6000,3760.2000,3760.8000,3762.4000,1,1,1,1,1,1,1,2,1,1
SF,IF2007,2020-05-27 14:43:41.700,3759.4000,8680,1,3068141340.000,1,1,0,双开,S,3758.6000,3757.8000,3757.4000,3757.2000,3756.0000,3759.6000,3760.2000,3760.8000,3762.4000,3763.0000,1,1,1,1,1,1,2,1,1,1
SF,IF2007,2020-05-27 14:43:49.200,3759.4000,8680,0,3068141340.000,0,-,-,-,-,3758.6000,3757.8000,3757.4000,3757.2000,3756.0000,3759.4000,3759.6000,3760.2000,3760.8000,3762.4000,1,1,1,1,1,1,1,2,1,1
SF,IF2007,2020-05-27 14:43:50.200,3758.6000,8681,1,3069268920.000,1,1,0,双开,S,3757.8000,3757.4000,3757.2000,3756.0000,3755.0000,3759.2000,3759.4000,3760.2000,3760.8000,3762.4000,1,1,1,1,4,1,1,2,1,1
SF,IF2007,2020-05-27 14:43:50.700,3758.6000,8681,0,3069268920.000,0,-,-,-,-,3758.0000,3757.8000,3757.4000,3757.2000,3756.0000,3759.2000,3759.4000,3760.2000,3760.8000,3762.4000,2,1,1,1,1,1,1,2,1,1
SF,IF2007,2020-05-27 14:43:51.200,3758.6000,8681,0,3069268920.000,0,-,-,-,-,3758.0000,3757.8000,3757.4000,3757.2000,3756.0000,3759.0000,3759.2000,3760.2000,3760.8000,3762.4000,2,1,1,1,1,3,1,2,1,1
SF,IF2007,2020-05-27 14:43:52.700,3758.6000,8681,0,3069268920.000,0,-,-,-,-,3758.0000,3757.4000,3757.2000,3756.0000,3755.0000,3758.8000,3759.0000,3760.2000,3760.8000,3762.4000,2,1,1,1,4,1,3,2,1,1
SF,IF2007,2020-05-27 14:43:53.200,3758.6000,8681,0,3069268920.000,0,-,-,-,-,3758.0000,3757.4000,3757.2000,3756.0000,3755.0000,3758.8000,3759.0000,3760.2000,3760.8000,3762.4000,1,1,1,1,4,1,2,2,1,1
SF,IF2007,2020-05-27 14:43:54.200,3758.6000,8681,0,3069268920.000,0,-,-,-,-,3758.0000,3757.4000,3757.2000,3756.0000,3755.0000,3758.6000,3758.8000,3759.0000,3760.2000,3760.8000,1,1,1,1,4,1,1,2,2,1
SF,IF2007,2020-05-27 14:43:56.700,3758.6000,8681,0,3069268920.000,0,-,-,-,-,3758.0000,3757.4000,3757.2000,3756.0000,3755.0000,3758.8000,3759.0000,3760.2000,3760.8000,3762.4000,1,1,1,1,4,1,2,2,1,1
SF,IF2007,2020-05-27 14:44:00.200,3758.6000,8681,0,3069268920.000,0,-,-,-,-,3757.4000,3757.2000,3756.0000,3755.0000,3754.8000,3758.6000,3758.8000,3759.0000,3760.2000,3760.8000,1,1,1,4,1,1,1,1,2,1
SF,IF2007,2020-05-27 14:44:00.700,3758.6000,8681,0,3069268920.000,0,-,-,-,-,3757.6000,3757.4000,3757.2000,3756.0000,3755.0000,3758.6000,3758.8000,3760.2000,3760.8000,3762.4000,2,1,1,1,4,1,1,2,1,1
SF,IF2007,2020-05-27 14:44:01.200,3758.6000,8681,0,3069268920.000,0,-,-,-,-,3757.6000,3757.4000,3757.2000,3756.0000,3755.0000,3758.8000,3760.2000,3760.8000,3762.4000,3763.0000,2,1,1,1,4,1,2,1,1,1
SF,IF2007,2020-05-27 14:44:01.700,3758.6000,8681,0,3069268920.000,0,-,-,-,-,3757.6000,3757.4000,3757.2000,3756.0000,3755.0000,3758.6000,3758.8000,3760.2000,3760.8000,3762.4000,2,1,1,1,4,1,1,2,1,1
SF,IF2007,2020-05-27 14:44:10.200,3758.6000,8681,0,3069268920.000,0,-,-,-,-,3757.6000,3757.4000,3757.2000,3756.0000,3755.0000,3758.4000,3758.6000,3758.8000,3760.2000,3760.8000,2,1,1,1,4,1,1,1,2,1
SF,IF2007,2020-05-27 14:44:12.700,3758.6000,8681,0,3069268920.000,0,-,-,-,-,3757.6000,3757.4000,3757.2000,3756.0000,3755.0000,3758.6000,3758.8000,3760.2000,3760.8000,3762.4000,2,1,1,1,4,1,1,2,1,1
SF,IF2007,2020-05-27 14:44:20.200,3758.6000,8681,0,3069268920.000,0,-,-,-,-,3757.6000,3757.4000,3757.2000,3756.0000,3755.0000,3758.4000,3758.6000,3758.8000,3760.2000,3760.8000,2,1,1,1,4,1,1,1,2,1
SF,IF2007,2020-05-27 14:44:20.700,3758.6000,8681,0,3069268920.000,0,-,-,-,-,3757.6000,3757.2000,3756.0000,3755.0000,3754.8000,3758.6000,3760.2000,3760.8000,3763.0000,3763.4000,1,1,1,4,1,1,1,1,1,3
SF,IF2007,2020-05-27 14:44:21.200,3758.6000,8681,0,3069268920.000,0,-,-,-,-,3757.6000,3757.2000,3756.0000,3755.0000,3754.8000,3758.4000,3758.6000,3760.2000,3760.8000,3763.0000,1,1,1,4,1,3,1,1,1,1
SF,IF2007,2020-05-27 14:44:21.700,3758.6000,8681,0,3069268920.000,0,-,-,-,-,3757.6000,3757.2000,3756.0000,3755.0000,3754.8000,3758.4000,3758.6000,3760.2000,3760.8000,3763.0000,1,1,1,4,1,2,1,1,1,1
SF,IF2007,2020-05-27 14:44:23.200,3758.6000,8681,0,3069268920.000,0,-,-,-,-,3757.6000,3757.2000,3756.0000,3755.0000,3754.8000,3758.2000,3758.4000,3758.6000,3760.2000,3760.8000,1,1,1,4,1,1,2,1,1,1
SF,IF2007,2020-05-27 14:44:25.200,3757.6000,8682,1,3070396200.000,1,1,0,双开,S,3757.2000,3756.0000,3755.0000,3754.8000,3754.2000,3757.8000,3758.0000,3758.2000,3758.4000,3758.6000,1,1,4,1,1,1,1,1,1,1
SF,IF2007,2020-05-27 14:44:25.700,3757.6000,8682,0,3070396200.000,0,-,-,-,-,3757.2000,3756.0000,3755.0000,3754.8000,3754.2000,3757.8000,3758.2000,3758.4000,3758.6000,3760.2000,1,1,4,1,1,1,1,1,1,1
SF,IF2007,2020-05-27 14:44:26.200,3757.6000,8682,0,3070396200.000,0,-,-,-,-,3756.0000,3755.0000,3754.8000,3754.2000,3753.2000,3757.8000,3758.2000,3758.4000,3758.6000,3760.2000,1,4,1,1,1,1,1,1,1,1
SF,IF2007,2020-05-27 14:44:26.700,3757.6000,8682,0,3070396200.000,0,-,-,-,-,3756.6000,3756.2000,3756.0000,3755.0000,3754.8000,3757.8000,3758.2000,3758.4000,3760.2000,3763.0000,1,6,2,4,1,1,1,1,1,1
SF,IF2007,2020-05-27 14:44:27.200,3757.6000,8682,0,3070396200.000,0,-,-,-,-,3756.6000,3756.2000,3756.0000,3755.0000,3754.8000,3757.6000,3757.8000,3758.2000,3758.4000,3760.2000,1,2,2,4,1,1,1,1,1,1
SF,IF2007,2020-05-27 14:44:27.700,3757.6000,8682,0,3070396200.000,0,-,-,-,-,3756.6000,3756.2000,3756.0000,3755.0000,3754.8000,3757.6000,3757.8000,3758.2000,3758.4000,3760.2000,1,1,2,4,1,1,1,1,1,1
SF,IF2007,2020-05-27 14:44:29.200,3757.6000,8682,0,3070396200.000,0,-,-,-,-,3756.6000,3756.2000,3756.0000,3755.0000,3754.8000,3757.6000,3757.8000,3758.2000,3758.4000,3760.2000,1,1,2,3,1,1,1,1,1,1
SF,IF2007,2020-05-27 14:44:30.200,3757.6000,8682,0,3070396200.000,0,-,-,-,-,3756.6000,3756.2000,3756.0000,3755.0000,3754.8000,3757.6000,3757.8000,3758.4000,3760.2000,3763.0000,1,1,2,3,1,1,1,1,1,1
SF,IF2007,2020-05-27 14:44:30.700,3757.6000,8682,0,3070396200.000,0,-,-,-,-,3756.8000,3756.6000,3756.0000,3755.0000,3754.8000,3757.6000,3757.8000,3758.4000,3760.2000,3763.0000,1,1,2,3,1,1,1,1,1,1
SF,IF2007,2020-05-27 14:44:31.700,3757.6000,8682,0,3070396200.000,0,-,-,-,-,3756.8000,3756.6000,3756.0000,3755.0000,3754.8000,3757.6000,3757.8000,3758.4000,3760.2000,3763.0000,1,1,2,3,1,1,1,1,1,1
SF,IF2007,2020-05-27 14:44:43.200,3757.6000,8682,0,3070396200.000,0,-,-,-,-,3756.8000,3756.6000,3756.0000,3755.0000,3754.8000,3757.6000,3757.8000,3760.2000,3763.0000,3763.4000,1,1,2,3,1,1,1,1,1,3
SF,IF2007,2020-05-27 14:44:43.700,3757.6000,8682,0,3070396200.000,0,-,-,-,-,3756.8000,3756.6000,3756.0000,3755.0000,3754.8000,3757.8000,3760.2000,3763.0000,3763.4000,3764.0000,1,1,2,3,1,1,1,1,3,1
SF,IF2007,2020-05-27 14:44:44.700,3757.6000,8682,0,3070396200.000,0,-,-,-,-,3756.8000,3756.6000,3756.0000,3755.0000,3754.8000,3757.6000,3757.8000,3760.2000,3763.0000,3763.4000,1,1,2,3,1,1,1,1,1,3
SF,IF2007,2020-05-27 14:44:47.200,3757.6000,8682,0,3070396200.000,0,-,-,-,-,3756.8000,3756.6000,3756.0000,3755.0000,3754.8000,3757.8000,3760.2000,3763.0000,3763.4000,3764.0000,1,1,2,3,1,1,1,1,3,1
SF,IF2007,2020-05-27 14:44:57.700,3757.6000,8682,0,3070396200.000,0,-,-,-,-,3757.0000,3756.8000,3756.0000,3755.0000,3754.8000,3760.2000,3763.0000,3763.4000,3764.0000,3764.2000,1,1,2,3,1,1,1,3,1,1
SF,IF2007,2020-05-27 14:44:58.200,3757.6000,8682,0,3070396200.000,0,-,-,-,-,3757.4000,3757.2000,3756.0000,3755.0000,3754.8000,3758.6000,3759.0000,3759.2000,3759.6000,3759.8000,1,2,2,3,1,5,1,3,2,4
SF,IF2007,2020-05-27 14:44:58.700,3757.6000,8682,0,3070396200.000,0,-,-,-,-,3757.6000,3757.4000,3757.2000,3756.0000,3755.0000,3758.6000,3759.2000,3759.6000,3759.8000,3760.0000,1,1,1,2,3,5,3,1,4,3
SF,IF2007,2020-05-27 14:44:59.200,3757.6000,8682,0,3070396200.000,0,-,-,-,-,3757.6000,3757.4000,3757.2000,3756.0000,3755.0000,3758.6000,3759.2000,3759.6000,3759.8000,3760.0000,1,1,1,2,3,1,1,1,3,2
SF,IF2007,2020-05-27 14:44:59.700,3757.6000,8682,0,3070396200.000,0,-,-,-,-,3757.6000,3757.4000,3757.2000,3756.0000,3755.0000,3758.6000,3759.6000,3759.8000,3760.0000,3760.2000,1,1,1,2,3,1,1,3,2,1
SF,IF2007,2020-05-27 14:45:00.200,3757.6000,8682,0,3070396200.000,0,-,-,-,-,3757.6000,3757.4000,3756.0000,3755.0000,3754.8000,3758.6000,3759.6000,3759.8000,3760.0000,3760.2000,1,1,2,3,1,1,1,3,2,1
SF,IF2007,2020-05-27 14:45:00.700,3757.6000,8682,0,3070396200.000,0,-,-,-,-,3757.6000,3757.4000,3756.0000,3755.0000,3754.8000,3758.6000,3759.6000,3759.8000,3760.0000,3760.2000,1,1,2,3,1,1,1,3,1,1
SF,IF2007,2020-05-27 14:45:07.700,3757.6000,8682,0,3070396200.000,0,-,-,-,-,3757.8000,3757.6000,3756.0000,3755.0000,3754.8000,3759.6000,3759.8000,3760.0000,3760.2000,3763.0000,2,1,2,3,1,1,3,1,1,1
SF,IF2007,2020-05-27 14:45:08.200,3757.6000,8682,0,3070396200.000,0,-,-,-,-,3758.2000,3758.0000,3757.8000,3756.0000,3755.0000,3759.2000,3759.4000,3760.0000,3760.2000,3763.0000,1,1,2,2,3,1,1,1,1,1
SF,IF2007,2020-05-27 14:45:08.700,3757.6000,8682,0,3070396200.000,0,-,-,-,-,3758.2000,3758.0000,3757.8000,3756.0000,3755.0000,3759.0000,3759.2000,3759.4000,3760.0000,3760.2000,1,1,2,2,3,1,1,1,1,1
SF,IF2007,2020-05-27 14:45:18.200,3757.6000,8682,0,3070396200.000,0,-,-,-,-,3758.2000,3758.0000,3756.0000,3755.0000,3754.8000,3759.0000,3759.2000,3759.4000,3760.0000,3760.2000,1,1,2,3,1,1,1,1,1,1
SF,IF2007,2020-05-27 14:45:18.700,3757.6000,8682,0,3070396200.000,0,-,-,-,-,3758.2000,3758.0000,3756.0000,3755.0000,3754.8000,3759.4000,3760.0000,3760.2000,3763.0000,3763.4000,1,1,2,3,1,1,1,1,1,3
SF,IF2007,2020-05-27 14:45:19.200,3757.6000,8682,0,3070396200.000,0,-,-,-,-,3758.4000,3758.2000,3756.0000,3755.0000,3754.8000,3759.4000,3760.0000,3760.2000,3763.0000,3763.4000,1,1,2,3,1,1,1,1,1,3
SF,IF2007,2020-05-27 14:45:21.700,3757.6000,8682,0,3070396200.000,0,-,-,-,-,3758.4000,3758.2000,3756.0000,3755.0000,3754.8000,3760.0000,3760.2000,3763.0000,3763.4000,3764.0000,1,1,2,3,1,1,1,1,3,1
SF,IF2007,2020-05-27 14:45:22.200,3757.6000,8682,0,3070396200.000,0,-,-,-,-,3758.6000,3758.4000,3758.2000,3756.0000,3755.0000,3759.6000,3759.8000,3760.0000,3760.2000,3763.0000,1,1,1,2,3,1,4,1,1,1
SF,IF2007,2020-05-27 14:45:22.700,3757.6000,8682,0,3070396200.000,0,-,-,-,-,3758.6000,3758.4000,3758.2000,3756.0000,3755.0000,3759.4000,3759.6000,3759.8000,3760.0000,3760.2000,1,1,1,2,3,1,1,3,1,1
SF,IF2007,2020-05-27 14:45:27.200,3757.6000,8682,0,3070396200.000,0,-,-,-,-,3758.6000,3758.4000,3758.2000,3756.0000,3755.0000,3759.4000,3759.8000,3760.0000,3760.2000,3763.0000,1,1,1,2,3,1,3,1,1,1
SF,IF2007,2020-05-27 14:45:28.700,3757.6000,8682,0,3070396200.000,0,-,-,-,-,3758.6000,3758.4000,3758.2000,3756.0000,3755.0000,3759.2000,3759.4000,3759.8000,3760.0000,3760.2000,1,1,1,2,3,1,1,3,1,1
SF,IF2007,2020-05-27 14:45:33.700,3759.2000,8683,1,3071523960.000,1,1,0,双开,S,3758.6000,3758.4000,3758.2000,3756.0000,3755.0000,3759.4000,3759.8000,3760.0000,3760.2000,3763.0000,1,1,1,2,3,1,3,1,1,1
SF,IF2007,2020-05-27 14:45:36.700,3759.4000,8684,1,3072651780.000,1,1,0,双开,S,3758.6000,3758.4000,3758.2000,3756.0000,3755.0000,3759.8000,3760.0000,3760.2000,3763.0000,3763.4000,1,1,1,2,3,2,1,1,1,3
SF,IF2007,2020-05-27 14:45:37.200,3759.4000,8684,0,3072651780.000,0,-,-,-,-,3758.8000,3758.6000,3758.2000,3756.0000,3755.0000,3760.2000,3763.0000,3763.4000,3764.0000,3764.2000,3,1,1,2,3,1,1,3,1,1
SF,IF2007,2020-05-27 14:45:37.700,3759.4000,8684,0,3072651780.000,0,-,-,-,-,3759.2000,3759.0000,3758.8000,3758.2000,3756.0000,3760.2000,3763.0000,3763.4000,3764.0000,3764.2000,1,1,2,1,2,1,1,3,1,1
SF,IF2007,2020-05-27 14:45:38.200,3760.2000,8685,1,3073779840.000,1,1,0,双开,S,3759.4000,3759.2000,3759.0000,3758.8000,3758.2000,3760.0000,3763.0000,3763.4000,3764.0000,3764.2000,1,1,1,1,1,1,1,3,1,1
SF,IF2007,2020-05-27 14:45:38.700,3760.0000,8686,1,3074907840.000,1,1,0,双开,S,3759.6000,3759.4000,3758.2000,3756.0000,3755.0000,3763.0000,3763.4000,3764.0000,3764.2000,3765.2000,1,1,1,2,3,1,3,1,1,2
SF,IF2007,2020-05-27 14:45:39.200,3760.0000,8686,0,3074907840.000,0,-,-,-,-,3760.0000,3759.8000,3758.2000,3756.0000,3755.0000,3761.0000,3761.2000,3761.4000,3761.6000,3762.0000,1,2,1,2,3,4,2,1,3,1
SF,IF2007,2020-05-27 14:45:39.700,3760.0000,8686,0,3074907840.000,0,-,-,-,-,3760.2000,3760.0000,3759.8000,3758.2000,3756.0000,3761.0000,3761.2000,3761.4000,3761.6000,3762.0000,1,1,1,1,1,4,1,1,3,1
SF,IF2007,2020-05-27 14:45:40.200,3761.0000,8687,1,3076036140.000,1,1,0,双开,S,3760.2000,3760.0000,3759.8000,3758.2000,3756.0000,3761.0000,3761.2000,3761.4000,3761.6000,3762.0000,1,1,1,1,1,3,1,1,2,1
SF,IF2007,2020-05-27 14:45:40.700,3761.0000,8687,0,3076036140.000,0,-,-,-,-,3760.2000,3760.0000,3758.2000,3756.0000,3755.0000,3761.0000,3761.2000,3761.4000,3761.6000,3762.0000,1,1,1,1,3,3,1,1,2,1
SF,IF2007,2020-05-27 14:45:41.200,3761.0000,8687,0,3076036140.000,0,-,-,-,-,3760.2000,3760.0000,3758.2000,3756.0000,3755.0000,3760.8000,3761.0000,3761.2000,3761.4000,3761.6000,1,1,1,1,3,1,3,1,1,2
SF,IF2007,2020-05-27 14:45:42.200,3761.0000,8687,0,3076036140.000,0,-,-,-,-,3760.2000,3760.0000,3758.2000,3756.0000,3755.0000,3760.8000,3761.0000,3761.2000,3761.4000,3761.6000,1,1,1,1,3,1,3,1,1,1
SF,IF2007,2020-05-27 14:45:42.700,3761.0000,8687,0,3076036140.000,0,-,-,-,-,3760.0000,3758.2000,3756.0000,3755.0000,3754.8000,3761.0000,3761.2000,3761.4000,3761.6000,3762.2000,1,1,2,3,1,3,1,1,1,4
SF,IF2007,2020-05-27 14:45:43.200,3761.0000,8687,0,3076036140.000,0,-,-,-,-,3760.0000,3758.2000,3756.0000,3755.0000,3754.8000,3761.0000,3761.2000,3761.4000,3761.6000,3762.2000,1,1,2,3,1,3,1,1,1,4
SF,IF2007,2020-05-27 14:45:43.700,3761.0000,8687,0,3076036140.000,0,-,-,-,-,3760.0000,3758.2000,3756.0000,3755.0000,3754.8000,3761.0000,3761.2000,3761.4000,3761.6000,3762.2000,1,1,2,3,1,3,1,1,1,4
SF,IF2007,2020-05-27 14:45:44.200,3761.0000,8687,0,3076036140.000,0,-,-,-,-,3760.0000,3758.2000,3756.0000,3755.0000,3754.8000,3761.0000,3761.2000,3761.4000,3761.6000,3762.2000,1,1,2,3,1,3,1,1,1,4
SF,IF2007,2020-05-27 14:45:44.700,3761.0000,8687,0,3076036140.000,0,-,-,-,-,3760.0000,3758.2000,3756.0000,3755.0000,3754.8000,3761.0000,3761.2000,3761.4000,3761.6000,3762.2000,1,1,2,3,1,3,1,1,1,4
SF,IF2007,2020-05-27 14:45:45.200,3761.0000,8687,0,3076036140.000,0,-,-,-,-,3760.2000,3760.0000,3758.2000,3756.0000,3755.0000,3761.0000,3761.2000,3761.4000,3761.6000,3762.2000,1,1,1,2,3,3,1,1,1,4
SF,IF2007,2020-05-27 14:45:45.700,3761.0000,8687,0,3076036140.000,0,-,-,-,-,3760.2000,3760.0000,3758.2000,3756.0000,3755.0000,3761.0000,3761.2000,3761.4000,3761.6000,3762.2000,1,1,1,2,3,3,1,1,1,4
SF,IF2007,2020-05-27 14:45:46.200,3761.0000,8687,0,3076036140.000,0,-,-,-,-,3760.2000,3760.0000,3758.2000,3756.0000,3755.0000,3761.0000,3761.2000,3761.4000,3761.6000,3762.2000,1,1,1,2,3,3,1,1,1,4
SF,IF2007,2020-05-27 14:45:46.700,3761.0000,8687,0,3076036140.000,0,-,-,-,-,3760.2000,3760.0000,3758.2000,3756.0000,3755.0000,3760.8000,3761.0000,3761.2000,3761.4000,3761.6000,1,1,1,2,3,1,3,1,1,1
SF,IF2007,2020-05-27 14:45:48.700,3761.0000,8687,0,3076036140.000,0,-,-,-,-,3760.2000,3760.0000,3758.2000,3756.0000,3755.0000,3761.0000,3761.2000,3761.4000,3761.6000,3762.2000,1,1,1,2,3,3,1,1,1,4
SF,IF2007,2020-05-27 14:45:49.200,3761.0000,8687,0,3076036140.000,0,-,-,-,-,3760.2000,3760.0000,3758.2000,3756.0000,3755.0000,3761.0000,3761.2000,3761.4000,3761.6000,3762.2000,1,1,1,2,3,3,1,1,1,4
SF,IF2007,2020-05-27 14:45:52.200,3761.0000,8687,0,3076036140.000,0,-,-,-,-,3760.2000,3760.0000,3758.2000,3756.0000,3755.0000,3761.2000,3761.4000,3762.2000,3762.4000,3762.8000,1,1,1,2,3,1,1,4,1,5
SF,IF2007,2020-05-27 14:45:55.200,3761.0000,8687,0,3076036140.000,0,-,-,-,-,3760.2000,3760.0000,3758.2000,3756.0000,3755.0000,3761.0000,3761.2000,3761.4000,3762.2000,3762.8000,1,1,1,2,3,1,1,1,4,5
SF,IF2007,2020-05-27 14:45:59.700,3761.0000,8687,0,3076036140.000,0,-,-,-,-,3760.2000,3760.0000,3758.2000,3756.0000,3755.0000,3761.4000,3762.2000,3762.8000,3763.0000,3764.0000,1,1,1,2,3,1,4,5,1,1
SF,IF2007,2020-05-27 14:46:00.200,3760.2000,8688,1,3077164200.000,1,1,0,双开,S,3760.0000,3758.2000,3756.0000,3755.0000,3754.8000,3761.4000,3762.8000,3763.0000,3764.0000,3764.2000,1,1,2,3,1,1,5,1,1,1
SF,IF2007,2020-05-27 14:46:00.700,3760.2000,8688,0,3077164200.000,0,-,-,-,-,3760.2000,3760.0000,3758.2000,3756.0000,3755.0000,3761.4000,3762.8000,3763.0000,3764.0000,3764.2000,2,1,1,2,3,1,5,1,1,1
SF,IF2007,2020-05-27 14:46:01.200,3760.2000,8688,0,3077164200.000,0,-,-,-,-,3760.2000,3760.0000,3758.2000,3756.0000,3755.0000,3761.2000,3761.4000,3762.8000,3763.0000,3764.0000,2,1,1,2,3,1,1,5,1,1
SF,IF2007,2020-05-27 14:46:01.700,3760.2000,8688,0,3078292260.000,1,0,1,多换,S,3760.2000,3760.0000,3758.2000,3756.0000,3755.0000,3761.2000,3761.4000,3762.8000,3763.0000,3764.0000,1,1,1,2,3,1,1,5,1,1
SF,IF2007,2020-05-27 14:46:02.200,3760.2000,8688,0,3078292260.000,0,-,-,-,-,3760.0000,3758.2000,3756.0000,3755.0000,3754.8000,3761.2000,3761.4000,3762.8000,3763.0000,3764.0000,1,1,2,3,1,1,1,5,1,1
SF,IF2007,2020-05-27 14:46:02.700,3760.2000,8688,0,3078292260.000,0,-,-,-,-,3760.0000,3758.2000,3756.0000,3755.0000,3754.8000,3761.0000,3761.2000,3761.4000,3762.8000,3763.0000,1,1,2,3,1,1,1,1,5,1
SF,IF2007,2020-05-27 14:46:03.200,3760.2000,8688,0,3078292260.000,0,-,-,-,-,3760.0000,3758.2000,3756.0000,3755.0000,3754.8000,3760.8000,3761.0000,3761.4000,3762.8000,3763.0000,1,1,2,3,1,1,1,1,5,1
SF,IF2007,2020-05-27 14:46:03.700,3760.2000,8688,0,3078292260.000,0,-,-,-,-,3760.0000,3758.2000,3756.0000,3755.0000,3754.8000,3760.8000,3761.0000,3762.8000,3763.0000,3764.0000,1,1,2,3,1,1,1,5,1,1
SF,IF2007,2020-05-27 14:46:05.200,3760.2000,8688,0,3078292260.000,0,-,-,-,-,3758.2000,3756.0000,3755.0000,3754.8000,3754.2000,3760.8000,3761.0000,3762.8000,3763.0000,3764.0000,1,2,3,1,1,1,1,5,1,1
SF,IF2007,2020-05-27 14:46:05.700,3760.2000,8688,0,3078292260.000,0,-,-,-,-,3759.0000,3758.8000,3758.6000,3758.4000,3758.2000,3760.6000,3760.8000,3762.8000,3763.0000,3764.0000,1,1,5,3,1,1,1,5,1,1
SF,IF2007,2020-05-27 14:46:06.200,3760.2000,8688,0,3078292260.000,0,-,-,-,-,3759.6000,3759.4000,3759.2000,3758.8000,3758.6000,3760.6000,3760.8000,3762.8000,3763.0000,3764.0000,1,1,1,1,5,1,1,5,1,1
SF,IF2007,2020-05-27 14:46:06.700,3760.2000,8688,0,3078292260.000,0,-,-,-,-,3759.8000,3759.6000,3759.4000,3758.8000,3758.6000,3760.6000,3760.8000,3762.8000,3763.0000,3764.0000,1,1,1,1,5,1,1,5,1,1
SF,IF2007,2020-05-27 14:46:07.200,3760.2000,8688,0,3078292260.000,0,-,-,-,-,3759.8000,3759.6000,3759.4000,3758.8000,3758.6000,3760.6000,3760.8000,3762.8000,3763.0000,3764.0000,1,1,1,1,5,1,1,5,1,1
SF,IF2007,2020-05-27 14:46:07.700,3760.2000,8688,0,3078292260.000,0,-,-,-,-,3760.0000,3759.8000,3758.8000,3758.6000,3758.4000,3762.8000,3763.0000,3764.0000,3764.2000,3765.2000,1,1,1,5,2,5,1,1,1,2
SF,IF2007,2020-05-27 14:46:08.200,3760.2000,8688,0,3078292260.000,0,-,-,-,-,3760.2000,3760.0000,3758.6000,3758.4000,3758.2000,3761.4000,3761.8000,3762.0000,3762.2000,3762.6000,1,1,5,2,1,4,1,2,3,1
SF,IF2007,2020-05-27 14:46:08.700,3760.2000,8688,0,3078292260.000,0,-,-,-,-,3760.2000,3760.0000,3758.6000,3758.4000,3758.2000,3761.2000,3761.4000,3761.8000,3762.0000,3762.2000,1,1,5,2,1,1,4,1,2,1
SF,IF2007,2020-05-27 14:46:09.200,3760.2000,8688,0,3078292260.000,0,-,-,-,-,3760.0000,3758.6000,3758.4000,3756.0000,3755.0000,3761.2000,3761.4000,3762.0000,3762.2000,3762.8000,1,5,2,2,3,1,4,2,1,5
SF,IF2007,2020-05-27 14:46:09.700,3760.2000,8688,0,3078292260.000,0,-,-,-,-,3760.2000,3760.0000,3758.6000,3758.4000,3756.0000,3761.2000,3761.4000,3762.0000,3762.2000,3762.8000,1,1,5,2,2,1,4,2,1,5
SF,IF2007,2020-05-27 14:46:11.200,3760.2000,8688,0,3078292260.000,0,-,-,-,-,3760.4000,3760.2000,3758.6000,3758.4000,3756.0000,3761.2000,3761.4000,3762.0000,3762.2000,3762.8000,1,1,5,2,2,1,4,2,1,5
SF,IF2007,2020-05-27 14:46:11.700,3760.2000,8688,0,3078292260.000,0,-,-,-,-,3760.6000,3760.4000,3758.6000,3758.4000,3756.0000,3761.4000,3762.0000,3762.8000,3763.0000,3764.0000,1,1,5,2,2,4,2,5,1,1
SF,IF2007,2020-05-27 14:46:12.200,3760.2000,8688,0,3078292260.000,0,-,-,-,-,3760.6000,3760.4000,3758.6000,3758.4000,3756.0000,3762.8000,3763.0000,3764.0000,3764.2000,3765.2000,1,1,5,2,2,5,1,1,1,2
SF,IF2007,2020-05-27 14:46:12.700,3760.2000,8688,0,3078292260.000,0,-,-,-,-,3760.8000,3760.6000,3758.6000,3758.4000,3756.0000,3762.0000,3762.4000,3762.6000,3762.8000,3763.0000,1,1,5,2,2,4,1,4,5,1
SF,IF2007,2020-05-27 14:46:13.200,3760.2000,8688,0,3078292260.000,0,-,-,-,-,3761.0000,3760.8000,3758.6000,3758.4000,3756.0000,3762.0000,3762.4000,3762.6000,3762.8000,3763.0000,2,1,5,2,2,4,1,3,5,1
SF,IF2007,2020-05-27 14:46:13.700,3760.2000,8688,0,3078292260.000,0,-,-,-,-,3761.0000,3760.8000,3758.6000,3758.4000,3756.0000,3761.8000,3762.0000,3762.4000,3762.6000,3762.8000,1,1,5,2,2,1,4,1,2,4
SF,IF2007,2020-05-27 14:46:14.200,3760.2000,8688,0,3078292260.000,0,-,-,-,-,3761.0000,3760.8000,3758.6000,3758.4000,3756.0000,3761.8000,3762.0000,3762.4000,3762.6000,3762.8000,1,1,5,2,2,2,4,1,2,4
SF,IF2007,2020-05-27 14:46:14.700,3760.2000,8688,0,3078292260.000,0,-,-,-,-,3761.0000,3760.8000,3758.6000,3758.4000,3756.0000,3761.8000,3762.0000,3762.4000,3762.6000,3762.8000,1,1,5,2,2,1,4,1,2,4
SF,IF2007,2020-05-27 14:46:15.200,3760.2000,8688,0,3078292260.000,0,-,-,-,-,3761.0000,3760.8000,3758.6000,3758.4000,3756.0000,3761.8000,3762.0000,3762.6000,3762.8000,3763.0000,1,1,5,2,2,1,4,2,4,1
SF,IF2007,2020-05-27 14:46:16.700,3760.2000,8688,0,3078292260.000,0,-,-,-,-,3761.0000,3760.8000,3758.6000,3758.4000,3756.0000,3761.8000,3762.0000,3762.6000,3762.8000,3763.0000,1,1,5,2,2,1,4,1,4,1
SF,IF2007,2020-05-27 14:46:18.200,3760.2000,8688,0,3078292260.000,0,-,-,-,-,3760.8000,3758.6000,3758.4000,3756.0000,3755.0000,3761.8000,3762.0000,3762.6000,3762.8000,3763.0000,1,5,2,2,3,1,4,1,4,1
SF,IF2007,2020-05-27 14:46:18.700,3760.2000,8688,0,3078292260.000,0,-,-,-,-,3758.6000,3758.4000,3756.0000,3755.0000,3754.8000,3761.6000,3761.8000,3762.0000,3762.6000,3762.8000,5,2,2,3,1,2,1,3,1,4
SF,IF2007,2020-05-27 14:46:19.200,3760.2000,8688,0,3078292260.000,0,-,-,-,-,3760.0000,3759.6000,3759.4000,3758.8000,3758.6000,3761.2000,3761.4000,3761.6000,3761.8000,3762.0000,1,1,1,5,6,1,1,1,1,3
SF,IF2007,2020-05-27 14:46:19.700,3760.2000,8688,0,3078292260.000,0,-,-,-,-,3760.2000,3760.0000,3759.6000,3759.4000,3758.8000,3761.2000,3761.4000,3761.6000,3761.8000,3762.0000,1,1,1,1,4,1,1,1,1,3
SF,IF2007,2020-05-27 14:46:20.200,3760.2000,8688,0,3078292260.000,0,-,-,-,-,3760.2000,3760.0000,3759.6000,3758.8000,3758.6000,3761.2000,3761.4000,3761.6000,3761.8000,3762.0000,1,1,1,4,6,1,1,1,1,3
SF,IF2007,2020-05-27 14:46:20.700,3760.2000,8688,0,3078292260.000,0,-,-,-,-,3760.2000,3760.0000,3759.6000,3758.8000,3758.6000,3761.0000,3761.2000,3761.4000,3761.6000,3761.8000,1,1,1,4,6,1,1,1,1,1
SF,IF2007,2020-05-27 14:46:21.200,3760.2000,8688,0,3078292260.000,0,-,-,-,-,3760.2000,3760.0000,3759.6000,3758.8000,3758.6000,3761.0000,3761.2000,3761.4000,3761.6000,3761.8000,1,1,1,2,6,2,1,1,1,1
SF,IF2007,2020-05-27 14:46:21.700,3760.2000,8688,0,3078292260.000,0,-,-,-,-,3760.2000,3760.0000,3759.6000,3758.8000,3758.6000,3761.0000,3761.2000,3761.4000,3761.6000,3761.8000,1,1,1,2,6,1,1,1,1,1
SF,IF2007,2020-05-27 14:46:26.700,3760.2000,8689,1,3079420320.000,1,1,0,双开,S,3760.0000,3759.6000,3758.8000,3758.6000,3758.4000,3761.0000,3761.2000,3761.4000,3761.6000,3761.8000,1,1,2,6,2,1,1,1,1,1
SF,IF2007,2020-05-27 14:46:27.200,3760.2000,8689,0,3079420320.000,0,-,-,-,-,3760.2000,3760.0000,3759.6000,3758.8000,3758.6000,3761.0000,3761.2000,3761.4000,3761.6000,3761.8000,1,1,1,2,6,1,1,1,1,1
SF,IF2007,2020-05-27 14:46:31.700,3760.2000,8689,0,3079420320.000,0,-,-,-,-,3760.2000,3760.0000,3759.6000,3758.8000,3758.6000,3761.0000,3761.2000,3761.6000,3761.8000,3762.0000,1,1,1,2,6,1,1,1,1,3
SF,IF2007,2020-05-27 14:46:32.200,3760.2000,8689,0,3079420320.000,0,-,-,-,-,3760.0000,3759.6000,3758.8000,3758.6000,3758.4000,3760.8000,3761.0000,3761.6000,3761.8000,3762.0000,1,1,2,6,2,1,1,1,1,3
SF,IF2007,2020-05-27 14:46:32.700,3760.2000,8689,0,3079420320.000,0,-,-,-,-,3759.6000,3758.8000,3758.6000,3758.4000,3756.0000,3760.8000,3761.0000,3761.6000,3761.8000,3762.0000,1,2,6,2,2,1,1,1,1,3
SF,IF2007,2020-05-27 14:46:33.200,3760.2000,8689,0,3079420320.000,0,-,-,-,-,3759.8000,3759.6000,3758.8000,3758.6000,3758.4000,3760.8000,3761.0000,3761.8000,3762.0000,3762.8000,1,1,2,6,2,1,1,1,3,4
SF,IF2007,2020-05-27 14:46:55.200,3760.2000,8689,0,3079420320.000,0,-,-,-,-,3760.0000,3759.8000,3758.8000,3758.6000,3758.4000,3760.8000,3761.0000,3761.8000,3762.0000,3762.8000,3,1,2,6,2,1,1,1,3,4
SF,IF2007,2020-05-27 14:47:09.200,3760.2000,8689,0,3079420320.000,0,-,-,-,-,3760.2000,3760.0000,3759.8000,3758.8000,3758.6000,3760.8000,3761.0000,3761.8000,3762.0000,3762.8000,1,3,1,2,6,1,1,1,3,4
SF,IF2007,2020-05-27 14:47:09.700,3760.2000,8689,0,3079420320.000,0,-,-,-,-,3760.0000,3759.8000,3758.8000,3758.6000,3758.4000,3760.8000,3761.0000,3761.8000,3762.0000,3762.8000,3,1,2,6,2,1,1,1,3,4
SF,IF2007,2020-05-27 14:47:34.200,3760.8000,8690,1,3080548560.000,1,1,0,双开,S,3760.0000,3759.8000,3758.8000,3758.6000,3758.4000,3761.0000,3761.8000,3762.0000,3762.8000,3763.0000,3,1,2,6,2,1,1,3,4,1
SF,IF2007,2020-05-27 14:47:34.700,3760.8000,8690,0,3080548560.000,0,-,-,-,-,3760.2000,3760.0000,3759.8000,3758.8000,3758.6000,3761.0000,3761.8000,3762.0000,3762.8000,3763.0000,1,3,1,2,6,1,1,3,4,1
SF,IF2007,2020-05-27 14:47:37.700,3760.8000,8690,0,3080548560.000,0,-,-,-,-,3760.0000,3759.8000,3758.8000,3758.6000,3758.4000,3761.0000,3761.8000,3762.0000,3762.8000,3763.0000,3,1,2,6,2,1,1,3,4,1
SF,IF2007,2020-05-27 14:47:43.200,3760.8000,8690,0,3080548560.000,0,-,-,-,-,3760.0000,3759.8000,3758.8000,3758.6000,3758.4000,3760.8000,3761.0000,3761.8000,3762.0000,3762.8000,3,1,2,6,2,1,1,1,3,4
SF,IF2007,2020-05-27 14:47:57.700,3760.8000,8690,0,3080548560.000,0,-,-,-,-,3760.0000,3759.8000,3758.8000,3758.6000,3758.4000,3761.0000,3761.8000,3762.0000,3762.8000,3763.0000,3,1,2,6,2,1,1,3,4,1
SF,IF2007,2020-05-27 14:47:58.200,3760.8000,8690,0,3080548560.000,0,-,-,-,-,3760.0000,3759.8000,3758.8000,3758.6000,3758.4000,3760.8000,3761.0000,3761.8000,3762.0000,3762.8000,3,1,2,6,2,1,1,1,3,4
SF,IF2007,2020-05-27 14:48:14.200,3760.8000,8690,0,3080548560.000,0,-,-,-,-,3760.2000,3760.0000,3759.8000,3758.8000,3758.6000,3760.8000,3761.0000,3761.8000,3762.0000,3762.8000,1,3,1,2,6,1,1,1,3,4
SF,IF2007,2020-05-27 14:48:15.200,3760.8000,8690,0,3080548560.000,0,-,-,-,-,3760.0000,3759.8000,3758.8000,3758.6000,3758.4000,3760.8000,3761.0000,3761.8000,3762.0000,3762.8000,3,1,2,6,2,1,1,1,3,4
SF,IF2007,2020-05-27 14:48:17.700,3760.8000,8690,0,3080548560.000,0,-,-,-,-,3760.0000,3759.8000,3758.8000,3758.6000,3758.4000,3760.8000,3761.0000,3761.8000,3762.0000,3762.8000,3,1,2,6,2,1,1,1,3,3
SF,IF2007,2020-05-27 14:48:19.200,3760.8000,8691,1,3081676800.000,1,1,0,双开,S,3760.0000,3759.8000,3758.8000,3758.6000,3758.4000,3761.0000,3761.8000,3762.0000,3762.8000,3763.0000,3,1,2,6,2,1,1,3,3,1
SF,IF2007,2020-05-27 14:48:19.700,3760.8000,8691,0,3081676800.000,0,-,-,-,-,3760.2000,3760.0000,3758.8000,3758.6000,3758.4000,3761.0000,3761.8000,3762.0000,3762.8000,3763.0000,1,3,2,6,2,1,1,3,3,1
SF,IF2007,2020-05-27 14:48:30.700,3760.2000,8692,1,3082804860.000,1,1,0,双开,S,3760.0000,3758.8000,3758.6000,3758.4000,3756.0000,3760.8000,3761.0000,3761.8000,3762.0000,3762.8000,3,2,6,2,2,1,1,1,3,3
SF,IF2007,2020-05-27 14:48:31.200,3760.2000,8692,0,3082804860.000,0,-,-,-,-,3760.0000,3758.8000,3758.6000,3758.4000,3756.0000,3760.6000,3760.8000,3761.0000,3761.8000,3762.0000,3,2,6,2,2,1,1,1,1,3
SF,IF2007,2020-05-27 14:48:45.200,3760.2000,8692,0,3082804860.000,0,-,-,-,-,3760.0000,3758.8000,3758.6000,3758.4000,3756.0000,3760.6000,3760.8000,3761.0000,3761.8000,3762.0000,3,2,6,2,2,1,1,1,1,3
SF,IF2007,2020-05-27 14:48:52.700,3760.6000,8693,1,3083933040.000,1,1,0,双开,S,3760.0000,3758.8000,3758.6000,3758.4000,3756.0000,3760.8000,3761.0000,3761.8000,3762.0000,3762.8000,3,2,6,2,2,1,1,1,3,3
SF,IF2007,2020-05-27 14:48:53.700,3760.0000,8694,1,3085061040.000,1,1,0,双开,S,3760.0000,3758.8000,3758.6000,3758.4000,3756.0000,3760.8000,3761.0000,3761.8000,3762.0000,3762.8000,2,2,6,2,2,1,1,1,3,3
SF,IF2007,2020-05-27 14:48:57.700,3760.0000,8694,0,3085061040.000,0,-,-,-,-,3760.0000,3758.8000,3758.6000,3758.4000,3756.0000,3761.0000,3761.8000,3762.0000,3762.8000,3763.0000,2,2,6,2,2,1,1,3,3,1
SF,IF2007,2020-05-27 14:49:13.200,3760.0000,8694,0,3085061040.000,0,-,-,-,-,3760.0000,3758.8000,3758.6000,3758.4000,3756.0000,3761.0000,3761.8000,3762.0000,3762.8000,3763.0000,3,2,6,2,2,1,1,3,3,1
SF,IF2007,2020-05-27 14:49:14.700,3760.0000,8696,2,3087317040.000,2,2,0,双开,S,3760.0000,3758.8000,3758.6000,3758.4000,3756.0000,3761.0000,3761.8000,3762.0000,3762.8000,3763.0000,1,2,6,2,2,1,1,3,3,1
SF,IF2007,2020-05-27 14:49:15.200,3760.0000,8696,0,3087317040.000,0,-,-,-,-,3758.8000,3758.6000,3758.4000,3756.0000,3755.0000,3761.0000,3761.8000,3762.0000,3762.8000,3763.0000,2,6,2,2,1,1,1,3,3,1
SF,IF2007,2020-05-27 14:49:15.700,3760.0000,8696,0,3087317040.000,0,-,-,-,-,3759.8000,3759.6000,3759.4000,3759.2000,3759.0000,3760.8000,3761.0000,3761.8000,3762.0000,3762.8000,1,1,1,1,4,1,1,1,3,3
SF,IF2007,2020-05-27 14:49:16.200,3760.0000,8696,0,3087317040.000,0,-,-,-,-,3759.8000,3759.6000,3759.4000,3759.2000,3759.0000,3761.0000,3761.8000,3762.0000,3762.8000,3763.0000,1,1,1,1,4,1,1,3,3,1
SF,IF2007,2020-05-27 14:49:16.700,3760.0000,8696,0,3087317040.000,0,-,-,-,-,3759.8000,3759.6000,3759.4000,3759.2000,3759.0000,3760.8000,3761.0000,3761.8000,3762.0000,3762.8000,1,1,1,1,4,1,1,1,3,3
SF,IF2007,2020-05-27 14:49:17.700,3760.0000,8696,0,3087317040.000,0,-,-,-,-,3759.6000,3759.4000,3759.2000,3759.0000,3758.8000,3760.6000,3760.8000,3761.0000,3761.8000,3762.0000,1,1,1,3,3,2,1,1,1,3
SF,IF2007,2020-05-27 14:49:18.200,3760.0000,8696,0,3087317040.000,0,-,-,-,-,3759.8000,3759.6000,3759.4000,3759.0000,3758.8000,3760.6000,3760.8000,3761.0000,3761.8000,3762.0000,1,1,1,2,3,2,1,1,1,3
SF,IF2007,2020-05-27 14:49:18.700,3760.6000,8696,0,3089573400.000,2,1,1,多换,S,3759.8000,3759.6000,3759.0000,3758.8000,3758.6000,3760.8000,3761.0000,3761.8000,3762.0000,3762.8000,1,1,2,3,5,1,1,1,3,3
SF,IF2007,2020-05-27 14:49:20.700,3760.6000,8696,0,3089573400.000,0,-,-,-,-,3759.8000,3759.6000,3759.0000,3758.8000,3758.6000,3760.8000,3761.0000,3761.8000,3762.0000,3762.8000,1,1,2,3,5,2,1,1,3,3
SF,IF2007,2020-05-27 14:49:24.700,3760.6000,8696,0,3089573400.000,0,-,-,-,-,3759.8000,3759.6000,3759.0000,3758.8000,3758.6000,3760.8000,3761.0000,3761.8000,3762.0000,3762.8000,1,1,2,3,5,3,1,1,3,3
SF,IF2007,2020-05-27 14:49:25.200,3760.6000,8696,0,3089573400.000,0,-,-,-,-,3759.8000,3759.6000,3759.0000,3758.8000,3758.6000,3760.6000,3760.8000,3761.0000,3761.8000,3762.0000,1,1,2,3,5,1,3,1,1,3
SF,IF2007,2020-05-27 14:49:26.700,3760.6000,8696,0,3089573400.000,0,-,-,-,-,3759.8000,3759.6000,3759.0000,3758.8000,3758.6000,3760.6000,3760.8000,3761.0000,3761.8000,3762.0000,1,1,2,3,5,1,2,1,1,3
SF,IF2007,2020-05-27 14:49:29.200,3760.6000,8696,0,3089573400.000,0,-,-,-,-,3759.8000,3759.6000,3759.0000,3758.8000,3758.6000,3760.6000,3760.8000,3761.0000,3761.8000,3762.0000,1,1,2,3,5,1,2,1,1,3
SF,IF2007,2020-05-27 14:49:31.700,3760.6000,8696,0,3089573400.000,0,-,-,-,-,3759.8000,3759.6000,3759.0000,3758.8000,3758.6000,3760.6000,3760.8000,3761.0000,3761.8000,3762.0000,3,1,2,3,5,1,2,1,1,3
SF,IF2007,2020-05-27 14:49:37.200,3760.6000,8696,0,3089573400.000,0,-,-,-,-,3759.8000,3759.6000,3759.0000,3758.8000,3758.6000,3760.6000,3760.8000,3761.0000,3761.8000,3762.0000,1,1,2,3,5,1,2,1,1,3
SF,IF2007,2020-05-27 14:49:37.700,3760.6000,8696,0,3089573400.000,0,-,-,-,-,3759.0000,3758.8000,3758.6000,3758.4000,3756.0000,3760.6000,3760.8000,3761.0000,3761.8000,3762.0000,2,3,5,2,2,1,2,1,1,3
SF,IF2007,2020-05-27 14:49:38.200,3760.6000,8696,0,3089573400.000,0,-,-,-,-,3759.2000,3758.8000,3758.6000,3758.4000,3756.0000,3760.4000,3760.6000,3760.8000,3761.0000,3761.8000,2,2,1,2,2,2,1,1,1,1
SF,IF2007,2020-05-27 14:49:38.700,3760.6000,8696,0,3089573400.000,0,-,-,-,-,3759.2000,3758.8000,3758.6000,3758.4000,3756.0000,3760.2000,3760.4000,3760.8000,3761.0000,3761.8000,2,2,1,2,2,3,2,1,1,1
SF,IF2007,2020-05-27 14:49:39.700,3759.2000,8698,2,3091828920.000,2,2,0,双开,S,3758.8000,3758.6000,3758.4000,3756.0000,3755.0000,3760.2000,3760.4000,3760.8000,3761.0000,3761.8000,2,1,2,2,1,3,2,1,1,1
SF,IF2007,2020-05-27 14:49:40.200,3759.2000,8698,0,3091828920.000,0,-,-,-,-,3759.0000,3758.8000,3758.6000,3758.4000,3756.0000,3760.2000,3760.4000,3760.8000,3761.0000,3761.8000,2,2,1,2,2,2,2,1,1,1
SF,IF2007,2020-05-27 14:49:40.700,3759.2000,8698,0,3091828920.000,0,-,-,-,-,3759.0000,3758.8000,3758.6000,3758.4000,3756.0000,3760.2000,3760.4000,3760.8000,3761.0000,3761.8000,2,2,1,2,2,2,1,1,1,1
SF,IF2007,2020-05-27 14:49:42.200,3759.2000,8698,0,3091828920.000,0,-,-,-,-,3759.2000,3759.0000,3758.8000,3758.6000,3758.4000,3760.2000,3760.4000,3760.8000,3761.0000,3761.8000,2,2,2,1,2,2,1,1,1,1
SF,IF2007,2020-05-27 14:49:43.200,3759.2000,8698,0,3091828920.000,0,-,-,-,-,3759.2000,3759.0000,3758.8000,3758.6000,3758.4000,3760.2000,3760.4000,3760.8000,3761.0000,3761.8000,2,2,2,1,2,1,1,1,1,1
SF,IF2007,2020-05-27 14:49:44.200,3760.2000,8699,1,3092956980.000,1,1,0,双开,S,3759.4000,3759.2000,3759.0000,3758.8000,3758.6000,3760.4000,3760.8000,3761.0000,3761.8000,3762.0000,1,2,1,2,1,1,1,1,1,3
SF,IF2007,2020-05-27 14:49:44.700,3760.2000,8699,0,3092956980.000,0,-,-,-,-,3759.6000,3759.4000,3759.2000,3758.8000,3758.6000,3760.4000,3760.8000,3761.0000,3761.8000,3762.0000,1,1,2,2,1,1,1,1,1,3
SF,IF2007,2020-05-27 14:49:45.200,3760.2000,8699,0,3092956980.000,0,-,-,-,-,3760.4000,3759.6000,3759.4000,3759.2000,3758.8000,3760.8000,3761.0000,3761.8000,3762.0000,3762.8000,1,2,1,2,2,1,1,1,3,3
SF,IF2007,2020-05-27 14:49:45.700,3760.2000,8699,0,3092956980.000,0,-,-,-,-,3759.6000,3759.2000,3758.8000,3758.6000,3758.4000,3760.8000,3761.0000,3761.8000,3762.0000,3762.8000,2,2,2,1,2,1,1,1,3,3
SF,IF2007,2020-05-27 14:49:46.200,3760.2000,8699,0,3092956980.000,0,-,-,-,-,3759.8000,3759.6000,3759.2000,3758.8000,3758.6000,3760.8000,3761.0000,3761.8000,3762.0000,3762.8000,2,2,2,2,1,1,1,1,3,3
SF,IF2007,2020-05-27 14:49:50.700,3760.2000,8699,0,3092956980.000,0,-,-,-,-,3759.8000,3759.6000,3759.2000,3758.8000,3758.6000,3760.8000,3761.0000,3761.8000,3762.0000,3762.8000,2,1,2,2,1,1,1,1,3,3
SF,IF2007,2020-05-27 14:49:51.200,3760.2000,8699,0,3092956980.000,0,-,-,-,-,3760.0000,3759.8000,3759.2000,3758.8000,3758.6000,3760.8000,3761.0000,3761.8000,3762.0000,3762.8000,2,2,2,2,1,1,1,1,3,3
SF,IF2007,2020-05-27 14:49:52.200,3760.2000,8699,0,3092956980.000,0,-,-,-,-,3760.0000,3759.8000,3759.2000,3758.8000,3758.6000,3760.8000,3761.0000,3761.8000,3762.0000,3762.8000,1,2,2,2,1,1,1,1,3,3
SF,IF2007,2020-05-27 14:49:54.700,3760.2000,8699,0,3092956980.000,0,-,-,-,-,3760.0000,3759.8000,3759.2000,3758.8000,3758.6000,3760.8000,3761.0000,3761.8000,3762.0000,3762.8000,1,2,2,2,1,1,1,1,3,3
SF,IF2007,2020-05-27 14:49:56.700,3760.2000,8699,0,3092956980.000,0,-,-,-,-,3760.0000,3759.8000,3759.2000,3758.8000,3758.6000,3760.8000,3761.0000,3761.8000,3762.0000,3762.8000,1,2,2,2,1,2,1,1,3,3
SF,IF2007,2020-05-27 14:49:59.200,3760.2000,8699,0,3092956980.000,0,-,-,-,-,3760.0000,3759.8000,3759.2000,3758.8000,3758.6000,3760.8000,3761.0000,3761.8000,3762.0000,3762.8000,1,1,2,2,1,1,1,1,3,3
SF,IF2007,2020-05-27 14:50:00.200,3760.8000,8699,0,3094085220.000,1,0,1,多换,S,3760.2000,3760.0000,3759.2000,3758.8000,3758.6000,3761.0000,3761.8000,3762.0000,3762.8000,3763.0000,1,1,2,2,1,1,1,3,3,1
SF,IF2007,2020-05-27 14:50:01.700,3760.8000,8699,0,3094085220.000,0,-,-,-,-,3760.2000,3760.0000,3759.2000,3758.8000,3758.6000,3761.0000,3761.8000,3762.0000,3762.8000,3763.0000,2,1,2,2,1,1,1,3,3,1
SF,IF2007,2020-05-27 14:50:04.700,3761.0000,8699,0,3095213520.000,1,0,1,多换,S,3760.2000,3760.0000,3759.2000,3758.8000,3758.6000,3761.8000,3762.0000,3762.8000,3763.0000,3764.0000,2,1,2,2,1,1,3,3,1,1
SF,IF2007,2020-05-27 14:50:05.200,3761.0000,8699,0,3095213520.000,0,-,-,-,-,3760.4000,3760.2000,3759.2000,3758.8000,3758.6000,3761.4000,3761.8000,3762.0000,3762.8000,3763.0000,1,2,2,2,1,1,1,3,3,1
SF,IF2007,2020-05-27 14:50:07.200,3761.0000,8699,0,3095213520.000,0,-,-,-,-,3760.6000,3760.4000,3760.2000,3758.8000,3758.6000,3761.4000,3761.8000,3762.0000,3762.8000,3763.0000,2,1,2,2,1,1,1,3,3,1
SF,IF2007,2020-05-27 14:50:07.700,3761.0000,8699,0,3095213520.000,0,-,-,-,-,3760.6000,3760.4000,3760.2000,3758.8000,3758.6000,3761.4000,3761.8000,3762.0000,3762.8000,3763.0000,2,1,1,2,1,1,1,3,3,1
SF,IF2007,2020-05-27 14:50:08.200,3761.0000,8699,0,3095213520.000,0,-,-,-,-,3761.4000,3760.8000,3760.6000,3760.2000,3758.8000,3761.8000,3762.8000,3763.0000,3764.0000,3764.2000,1,2,2,1,2,1,3,1,1,1
SF,IF2007,2020-05-27 14:50:08.700,3761.0000,8699,0,3095213520.000,0,-,-,-,-,3760.8000,3760.6000,3760.2000,3758.8000,3758.6000,3761.8000,3762.8000,3763.0000,3764.0000,3764.2000,2,2,1,2,1,1,2,1,1,1
SF,IF2007,2020-05-27 14:50:11.200,3761.0000,8699,0,3095213520.000,0,-,-,-,-,3761.0000,3760.8000,3760.2000,3758.8000,3758.6000,3761.8000,3762.8000,3763.0000,3764.0000,3764.2000,2,2,1,2,1,1,2,1,1,1
SF,IF2007,2020-05-27 14:50:14.700,3761.0000,8699,0,3095213520.000,0,-,-,-,-,3760.8000,3760.2000,3758.8000,3758.6000,3758.4000,3761.8000,3762.8000,3763.0000,3764.0000,3764.2000,2,1,2,1,2,1,2,1,1,1
SF,IF2007,2020-05-27 14:50:16.200,3761.0000,8699,0,3095213520.000,0,-,-,-,-,3761.0000,3760.8000,3760.2000,3758.8000,3758.6000,3761.8000,3763.0000,3764.0000,3764.2000,3765.2000,2,2,1,2,1,1,1,1,1,2
SF,IF2007,2020-05-27 14:50:16.700,3761.0000,8699,0,3095213520.000,0,-,-,-,-,3761.2000,3761.0000,3760.8000,3760.2000,3758.8000,3761.8000,3763.0000,3764.0000,3764.2000,3765.2000,1,2,1,1,2,1,1,1,1,2
SF,IF2007,2020-05-27 14:50:17.200,3761.0000,8699,0,3095213520.000,0,-,-,-,-,3761.2000,3761.0000,3760.8000,3758.8000,3758.6000,3761.8000,3763.0000,3764.0000,3764.2000,3765.2000,1,2,1,2,1,1,1,1,1,2
SF,IF2007,2020-05-27 14:50:19.200,3761.8000,8700,1,3096342060.000,1,1,0,双开,S,3761.2000,3761.0000,3760.8000,3758.8000,3758.6000,3763.0000,3764.0000,3764.2000,3765.2000,3765.4000,1,2,1,2,1,1,1,1,2,1
SF,IF2007,2020-05-27 14:50:19.700,3761.8000,8700,0,3096342060.000,0,-,-,-,-,3761.4000,3761.2000,3761.0000,3758.8000,3758.6000,3762.0000,3762.4000,3762.8000,3763.0000,3764.0000,1,1,2,2,1,1,1,1,1,1
SF,IF2007,2020-05-27 14:50:20.200,3761.8000,8700,0,3096342060.000,0,-,-,-,-,3761.4000,3761.2000,3761.0000,3758.8000,3758.6000,3762.0000,3762.4000,3763.0000,3764.0000,3764.2000,1,1,2,2,1,1,1,1,1,1
SF,IF2007,2020-05-27 14:50:20.700,3761.8000,8700,0,3096342060.000,0,-,-,-,-,3761.4000,3761.2000,3761.0000,3758.8000,3758.6000,3762.0000,3762.4000,3763.0000,3764.0000,3764.2000,1,1,2,2,1,1,1,1,1,1
SF,IF2007,2020-05-27 14:50:27.200,3762.0000,8700,0,3097470660.000,1,0,1,多换,S,3761.4000,3761.2000,3761.0000,3758.8000,3758.6000,3762.4000,3763.0000,3764.0000,3764.2000,3765.2000,1,1,2,2,1,1,1,1,1,2
SF,IF2007,2020-05-27 14:50:33.700,3762.0000,8700,0,3097470660.000,0,-,-,-,-,3761.6000,3761.4000,3761.2000,3758.8000,3758.6000,3762.4000,3763.0000,3764.0000,3764.2000,3765.2000,2,1,1,2,1,1,1,1,1,2
SF,IF2007,2020-05-27 14:50:34.200,3762.4000,8701,1,3098599380.000,1,1,0,双开,S,3761.8000,3761.6000,3758.8000,3758.6000,3758.4000,3763.0000,3764.0000,3764.2000,3765.2000,3765.4000,1,2,2,1,2,1,1,1,2,1
SF,IF2007,2020-05-27 14:50:34.700,3762.4000,8701,0,3098599380.000,0,-,-,-,-,3761.8000,3761.6000,3758.8000,3758.6000,3758.4000,3762.8000,3763.0000,3764.0000,3764.2000,3765.2000,1,2,1,1,2,4,1,1,1,2
SF,IF2007,2020-05-27 14:50:35.200,3762.4000,8701,0,3098599380.000,0,-,-,-,-,3761.6000,3758.8000,3758.6000,3758.4000,3756.0000,3762.4000,3762.8000,3763.0000,3764.0000,3764.2000,2,1,1,2,2,1,3,1,1,1
SF,IF2007,2020-05-27 14:50:35.700,3761.6000,8703,2,3100856340.000,2,2,0,双开,S,3758.8000,3758.6000,3758.4000,3756.0000,3755.0000,3762.2000,3762.4000,3763.0000,3764.0000,3764.2000,1,1,2,2,1,1,1,1,1,1
SF,IF2007,2020-05-27 14:50:36.200,3761.6000,8703,0,3100856340.000,0,-,-,-,-,3760.6000,3760.2000,3760.0000,3759.8000,3759.0000,3762.0000,3762.2000,3763.0000,3764.0000,3764.2000,7,1,2,2,7,2,1,1,1,1
SF,IF2007,2020-05-27 14:50:36.700,3761.6000,8703,0,3100856340.000,0,-,-,-,-,3760.8000,3760.6000,3760.0000,3759.8000,3759.0000,3762.0000,3763.0000,3764.0000,3764.2000,3765.2000,1,6,2,2,6,2,1,1,1,2
SF,IF2007,2020-05-27 14:50:37.200,3761.6000,8703,0,3100856340.000,0,-,-,-,-,3760.8000,3760.6000,3760.0000,3759.8000,3759.0000,3761.8000,3762.0000,3763.0000,3764.0000,3764.2000,1,6,2,2,6,1,2,1,1,1
SF,IF2007,2020-05-27 14:50:38.200,3761.6000,8703,0,3100856340.000,0,-,-,-,-,3760.8000,3760.6000,3759.8000,3759.0000,3758.8000,3761.8000,3762.0000,3763.0000,3764.0000,3764.2000,1,2,2,5,1,1,2,1,1,1
SF,IF2007,2020-05-27 14:50:44.700,3761.6000,8703,0,3100856340.000,0,-,-,-,-,3761.0000,3760.8000,3760.6000,3759.8000,3759.0000,3761.8000,3762.0000,3763.0000,3764.0000,3764.2000,1,1,2,2,5,1,2,1,1,1
SF,IF2007,2020-05-27 14:50:45.200,3761.6000,8703,0,3100856340.000,0,-,-,-,-,3761.2000,3761.0000,3760.6000,3759.8000,3759.0000,3761.8000,3762.0000,3763.0000,3764.0000,3764.2000,1,1,2,2,5,1,2,1,1,1
SF,IF2007,2020-05-27 14:50:50.200,3761.6000,8703,0,3100856340.000,0,-,-,-,-,3761.2000,3761.0000,3760.6000,3759.8000,3759.0000,3761.8000,3762.0000,3763.0000,3764.0000,3764.2000,1,1,2,2,5,1,2,1,1,1
SF,IF2007,2020-05-27 14:50:51.700,3761.8000,8702,-1,3101984880.000,1,0,1,双平,S,3761.8000,3761.2000,3761.0000,3760.6000,3759.8000,3762.0000,3763.0000,3764.0000,3764.2000,3765.2000,5,1,1,2,2,2,1,1,1,2
SF,IF2007,2020-05-27 14:50:52.200,3761.8000,8702,0,3104241960.000,2,1,1,多换,S,3761.8000,3761.2000,3761.0000,3760.6000,3759.8000,3762.0000,3763.0000,3764.0000,3764.2000,3765.2000,3,1,2,1,2,1,1,1,1,2
SF,IF2007,2020-05-27 14:50:53.700,3761.8000,8702,0,3104241960.000,0,-,-,-,-,3761.8000,3761.2000,3761.0000,3760.6000,3759.8000,3763.0000,3764.0000,3764.2000,3765.2000,3765.4000,3,1,2,1,2,1,1,1,2,1
SF,IF2007,2020-05-27 14:50:54.200,3761.8000,8702,0,3104241960.000,0,-,-,-,-,3761.8000,3761.2000,3761.0000,3760.6000,3759.8000,3762.6000,3762.8000,3763.0000,3764.0000,3764.2000,3,1,2,1,2,2,1,1,1,1
SF,IF2007,2020-05-27 14:50:59.700,3761.8000,8702,0,3104241960.000,0,-,-,-,-,3761.8000,3761.2000,3761.0000,3760.6000,3759.8000,3762.4000,3762.6000,3762.8000,3763.0000,3764.0000,3,1,2,1,2,1,2,1,1,1
SF,IF2007,2020-05-27 14:51:01.700,3761.8000,8702,0,3104241960.000,0,-,-,-,-,3761.8000,3761.2000,3761.0000,3760.6000,3759.8000,3762.6000,3762.8000,3763.0000,3764.0000,3764.2000,3,1,2,1,2,2,1,1,1,1
SF,IF2007,2020-05-27 14:51:02.200,3761.8000,8702,0,3104241960.000,0,-,-,-,-,3761.8000,3761.2000,3761.0000,3760.6000,3759.8000,3762.6000,3762.8000,3763.0000,3763.6000,3764.0000,4,1,2,1,2,2,1,1,1,1
SF,IF2007,2020-05-27 14:51:02.700,3761.8000,8702,0,3104241960.000,0,-,-,-,-,3761.8000,3761.2000,3761.0000,3760.6000,3759.8000,3762.8000,3763.0000,3763.6000,3764.0000,3764.2000,4,1,2,1,2,1,1,1,1,1
SF,IF2007,2020-05-27 14:51:03.200,3761.8000,8702,0,3104241960.000,0,-,-,-,-,3761.8000,3761.2000,3761.0000,3760.6000,3759.8000,3762.8000,3763.0000,3763.6000,3764.0000,3764.2000,4,1,1,1,2,1,1,1,1,1
SF,IF2007,2020-05-27 14:51:14.200,3761.8000,8702,0,3104241960.000,0,-,-,-,-,3761.8000,3761.2000,3761.0000,3760.6000,3759.8000,3762.6000,3762.8000,3763.0000,3763.6000,3764.0000,4,1,1,1,2,1,1,1,1,1
SF,IF2007,2020-05-27 14:51:14.700,3761.8000,8702,0,3104241960.000,0,-,-,-,-,3761.8000,3761.2000,3761.0000,3760.6000,3759.8000,3762.6000,3762.8000,3763.0000,3763.6000,3764.0000,4,1,1,1,2,1,1,1,1,1
SF,IF2007,2020-05-27 14:51:17.700,3761.8000,8702,0,3104241960.000,0,-,-,-,-,3761.8000,3761.2000,3761.0000,3760.6000,3759.8000,3762.8000,3763.0000,3763.6000,3764.0000,3764.2000,4,1,1,1,2,1,1,1,1,1
SF,IF2007,2020-05-27 14:51:24.200,3761.8000,8702,0,3104241960.000,0,-,-,-,-,3762.0000,3761.8000,3761.2000,3761.0000,3760.6000,3762.6000,3762.8000,3763.0000,3763.6000,3764.0000,1,4,1,1,1,1,1,1,1,1
SF,IF2007,2020-05-27 14:51:24.700,3762.6000,8703,1,3105370740.000,1,1,0,双开,S,3762.0000,3761.8000,3761.2000,3761.0000,3760.6000,3762.8000,3763.0000,3763.6000,3764.0000,3764.2000,1,4,1,1,1,1,1,1,1,1
SF,IF2007,2020-05-27 14:51:26.200,3762.6000,8703,0,3105370740.000,0,-,-,-,-,3762.0000,3761.8000,3761.2000,3761.0000,3760.6000,3762.8000,3763.0000,3763.6000,3764.0000,3764.2000,1,4,1,1,1,1,1,1,1,1
SF,IF2007,2020-05-27 14:51:30.700,3762.8000,8704,1,3106499580.000,1,1,0,双开,S,3762.0000,3761.8000,3761.2000,3761.0000,3760.6000,3763.0000,3763.6000,3764.0000,3764.2000,3765.2000,1,4,1,1,1,1,1,1,1,2
SF,IF2007,2020-05-27 14:51:31.200,3762.8000,8704,0,3106499580.000,0,-,-,-,-,3762.4000,3762.2000,3762.0000,3761.8000,3761.0000,3763.0000,3763.6000,3764.0000,3764.2000,3765.2000,1,1,1,4,1,1,1,1,1,2
SF,IF2007,2020-05-27 14:51:32.700,3762.8000,8704,0,3106499580.000,0,-,-,-,-,3762.4000,3762.2000,3762.0000,3761.8000,3761.0000,3763.0000,3763.6000,3764.0000,3764.2000,3765.2000,1,1,1,4,1,1,1,1,1,2
SF,IF2007,2020-05-27 14:51:39.700,3762.8000,8704,0,3106499580.000,0,-,-,-,-,3762.2000,3762.0000,3761.8000,3761.0000,3760.6000,3763.0000,3763.6000,3764.0000,3764.2000,3765.2000,1,1,4,1,1,1,1,1,1,2
SF,IF2007,2020-05-27 14:51:45.200,3762.8000,8704,0,3106499580.000,0,-,-,-,-,3762.2000,3762.0000,3761.8000,3761.0000,3760.6000,3762.8000,3763.0000,3763.6000,3764.0000,3764.2000,1,1,4,1,1,1,1,1,1,1
SF,IF2007,2020-05-27 14:51:48.200,3762.8000,8704,0,3106499580.000,0,-,-,-,-,3762.2000,3762.0000,3761.8000,3761.0000,3760.6000,3763.0000,3763.6000,3764.0000,3764.2000,3765.2000,1,1,4,1,1,1,1,1,1,2
SF,IF2007,2020-05-27 14:51:51.700,3762.8000,8704,0,3106499580.000,0,-,-,-,-,3762.2000,3762.0000,3761.8000,3761.0000,3760.6000,3763.0000,3763.6000,3764.0000,3764.2000,3765.2000,1,1,4,1,1,1,1,1,1,2
SF,IF2007,2020-05-27 14:51:55.200,3762.8000,8704,0,3106499580.000,0,-,-,-,-,3762.2000,3762.0000,3761.8000,3761.0000,3760.6000,3763.0000,3763.6000,3764.0000,3764.2000,3765.2000,1,1,4,1,1,1,1,1,1,2
SF,IF2007,2020-05-27 14:51:56.200,3762.8000,8704,0,3106499580.000,0,-,-,-,-,3762.2000,3762.0000,3761.8000,3761.0000,3760.6000,3763.0000,3763.6000,3764.0000,3764.2000,3765.2000,1,1,4,1,1,1,1,1,1,2
SF,IF2007,2020-05-27 14:51:59.200,3762.8000,8704,0,3106499580.000,0,-,-,-,-,3762.2000,3762.0000,3761.8000,3761.0000,3760.6000,3762.8000,3763.0000,3763.6000,3764.0000,3764.2000,1,1,4,1,1,1,1,1,1,1
SF,IF2007,2020-05-27 14:52:11.200,3762.8000,8705,1,3107628420.000,1,1,0,双开,S,3762.2000,3762.0000,3761.8000,3761.0000,3760.6000,3763.0000,3763.6000,3764.0000,3764.2000,3765.2000,1,1,4,1,1,1,1,1,1,2
SF,IF2007,2020-05-27 14:52:13.200,3762.8000,8705,0,3107628420.000,0,-,-,-,-,3762.2000,3762.0000,3761.8000,3761.0000,3760.6000,3763.0000,3763.6000,3763.8000,3764.0000,3764.2000,1,1,4,1,1,1,1,1,1,1
SF,IF2007,2020-05-27 14:52:16.200,3762.8000,8705,0,3107628420.000,0,-,-,-,-,3762.4000,3762.2000,3762.0000,3761.8000,3761.0000,3763.0000,3763.6000,3763.8000,3764.0000,3764.2000,1,1,1,4,1,1,1,1,1,1
SF,IF2007,2020-05-27 14:52:18.200,3762.8000,8705,0,3107628420.000,0,-,-,-,-,3762.2000,3762.0000,3761.8000,3761.0000,3760.6000,3763.0000,3763.6000,3763.8000,3764.0000,3764.2000,1,1,4,1,1,1,1,1,1,1
SF,IF2007,2020-05-27 14:52:21.200,3763.0000,8705,0,3108757320.000,1,0,1,多换,S,3762.4000,3762.2000,3762.0000,3761.8000,3761.0000,3763.6000,3763.8000,3764.0000,3764.2000,3765.2000,1,1,1,4,1,1,1,1,1,2
SF,IF2007,2020-05-27 14:52:21.700,3763.0000,8705,0,3108757320.000,0,-,-,-,-,3762.6000,3762.4000,3762.0000,3761.8000,3761.0000,3763.6000,3763.8000,3764.0000,3764.2000,3765.2000,1,1,1,4,1,1,1,1,1,2
SF,IF2007,2020-05-27 14:52:22.200,3763.0000,8705,0,3108757320.000,0,-,-,-,-,3762.6000,3762.4000,3761.8000,3761.0000,3760.6000,3763.6000,3763.8000,3764.0000,3764.2000,3765.2000,1,1,4,1,1,1,1,1,1,2
SF,IF2007,2020-05-27 14:52:24.700,3762.6000,8706,1,3109886100.000,1,1,0,双开,S,3762.4000,3761.8000,3761.0000,3760.6000,3759.8000,3763.6000,3763.8000,3764.0000,3764.2000,3765.2000,1,4,1,1,1,1,1,1,1,2
SF,IF2007,2020-05-27 14:52:25.200,3762.6000,8706,0,3109886100.000,0,-,-,-,-,3762.6000,3762.4000,3761.8000,3761.0000,3760.6000,3763.6000,3763.8000,3764.0000,3764.2000,3765.2000,4,1,4,1,1,1,1,1,1,2
SF,IF2007,2020-05-27 14:52:25.700,3762.6000,8706,0,3109886100.000,0,-,-,-,-,3762.8000,3762.6000,3761.8000,3761.0000,3760.6000,3763.6000,3763.8000,3764.0000,3764.2000,3765.2000,1,4,4,1,1,1,1,1,1,2
SF,IF2007,2020-05-27 14:52:26.200,3762.6000,8706,0,3109886100.000,0,-,-,-,-,3762.8000,3762.6000,3761.8000,3761.0000,3760.6000,3763.6000,3763.8000,3764.0000,3764.2000,3765.2000,2,2,4,1,1,1,1,1,1,2
SF,IF2007,2020-05-27 14:52:26.700,3763.6000,8707,1,3111015180.000,1,1,0,双开,S,3763.0000,3762.8000,3762.6000,3761.8000,3761.0000,3763.8000,3764.0000,3764.2000,3765.2000,3765.4000,1,2,1,4,1,1,1,1,2,1
SF,IF2007,2020-05-27 14:52:29.200,3763.6000,8707,0,3111015180.000,0,-,-,-,-,3763.0000,3762.8000,3762.6000,3761.8000,3761.0000,3763.8000,3764.0000,3764.2000,3765.2000,3765.4000,1,1,1,4,1,1,1,1,2,1
SF,IF2007,2020-05-27 14:52:33.200,3763.6000,8707,0,3111015180.000,0,-,-,-,-,3763.0000,3762.8000,3762.6000,3761.8000,3761.0000,3763.8000,3764.0000,3765.2000,3765.4000,3766.0000,1,1,1,4,1,1,1,2,1,1
SF,IF2007,2020-05-27 14:52:33.700,3763.6000,8707,0,3111015180.000,0,-,-,-,-,3762.8000,3762.6000,3761.8000,3761.0000,3760.6000,3763.8000,3764.0000,3765.2000,3765.4000,3766.0000,1,1,4,1,1,1,1,2,1,1
SF,IF2007,2020-05-27 14:52:35.700,3763.6000,8707,0,3111015180.000,0,-,-,-,-,3762.8000,3762.6000,3761.8000,3761.0000,3760.6000,3763.6000,3763.8000,3764.0000,3765.2000,3765.4000,1,1,4,1,1,1,1,1,2,1
SF,IF2007,2020-05-27 14:52:36.700,3763.6000,8707,0,3111015180.000,0,-,-,-,-,3762.6000,3761.8000,3761.0000,3760.6000,3759.8000,3763.6000,3763.8000,3764.0000,3765.2000,3765.4000,1,4,1,1,1,1,1,1,2,1
SF,IF2007,2020-05-27 14:52:38.700,3763.6000,8707,0,3111015180.000,0,-,-,-,-,3762.6000,3761.8000,3761.0000,3760.6000,3759.8000,3763.6000,3763.8000,3764.0000,3765.2000,3765.4000,1,3,1,1,1,1,1,1,2,1
SF,IF2007,2020-05-27 14:52:39.200,3763.6000,8707,0,3111015180.000,0,-,-,-,-,3763.0000,3762.8000,3762.6000,3761.8000,3761.0000,3763.6000,3763.8000,3764.0000,3765.2000,3765.4000,1,1,1,3,1,1,1,1,2,1
SF,IF2007,2020-05-27 14:52:57.200,3763.0000,8706,-1,3113273160.000,2,0,2,多平,S,3762.8000,3762.6000,3761.8000,3761.0000,3760.6000,3763.0000,3763.8000,3764.0000,3765.2000,3765.4000,1,1,3,1,1,1,1,1,2,1
SF,IF2007,2020-05-27 14:52:57.700,3763.0000,8706,0,3114402060.000,1,0,1,多换,S,3763.0000,3762.8000,3761.8000,3761.0000,3760.6000,3763.8000,3764.0000,3765.2000,3765.4000,3766.0000,1,1,3,1,1,1,1,2,1,1
SF,IF2007,2020-05-27 14:52:58.200,3763.0000,8706,0,3114402060.000,0,-,-,-,-,3763.2000,3763.0000,3761.8000,3761.0000,3760.6000,3763.8000,3764.0000,3765.2000,3765.4000,3766.0000,1,1,3,1,1,1,1,2,1,1
SF,IF2007,2020-05-27 14:52:58.700,3763.0000,8706,0,3114402060.000,0,-,-,-,-,3763.2000,3761.8000,3761.0000,3760.6000,3759.8000,3763.8000,3764.0000,3765.2000,3765.4000,3766.0000,1,3,1,1,1,1,1,2,1,1
SF,IF2007,2020-05-27 14:52:59.200,3763.0000,8706,0,3114402060.000,0,-,-,-,-,3763.2000,3761.8000,3761.0000,3760.6000,3759.8000,3763.8000,3764.0000,3765.2000,3765.4000,3766.0000,2,3,1,1,1,1,1,2,1,1
SF,IF2007,2020-05-27 14:52:59.700,3763.8000,8707,1,3115531200.000,1,1,0,双开,S,3763.8000,3763.2000,3763.0000,3761.8000,3761.0000,3764.0000,3765.2000,3765.4000,3766.0000,3766.8000,1,2,1,3,1,1,2,1,1,1
SF,IF2007,2020-05-27 14:53:00.200,3764.0000,8707,0,3116660400.000,1,0,1,多换,S,3764.0000,3763.2000,3763.0000,3761.8000,3761.0000,3765.2000,3765.4000,3766.0000,3766.8000,3767.0000,1,2,1,3,1,2,1,1,1,1
SF,IF2007,2020-05-27 14:53:00.700,3764.0000,8707,0,3116660400.000,0,-,-,-,-,3764.0000,3763.2000,3763.0000,3761.8000,3761.0000,3765.0000,3765.2000,3765.4000,3766.0000,3766.8000,1,2,1,3,1,4,2,1,1,1
SF,IF2007,2020-05-27 14:53:01.200,3764.0000,8707,0,3116660400.000,0,-,-,-,-,3764.0000,3763.4000,3763.2000,3763.0000,3761.8000,3765.0000,3765.2000,3765.4000,3766.0000,3766.8000,1,1,2,1,3,4,2,1,1,1
SF,IF2007,2020-05-27 14:53:01.700,3764.0000,8707,0,3116660400.000,0,-,-,-,-,3763.4000,3763.2000,3763.0000,3761.8000,3761.0000,3765.0000,3765.2000,3765.4000,3766.0000,3766.8000,1,2,1,3,1,4,2,1,1,1
SF,IF2007,2020-05-27 14:53:02.200,3764.0000,8707,0,3116660400.000,0,-,-,-,-,3763.6000,3763.4000,3763.2000,3763.0000,3761.8000,3765.0000,3765.2000,3765.4000,3766.0000,3766.8000,3,1,1,1,3,4,2,1,1,1
SF,IF2007,2020-05-27 14:53:02.700,3764.0000,8707,0,3116660400.000,0,-,-,-,-,3763.6000,3763.4000,3763.2000,3763.0000,3761.8000,3764.8000,3765.0000,3765.2000,3765.4000,3766.0000,3,1,1,1,3,1,4,2,1,1
SF,IF2007,2020-05-27 14:53:03.200,3764.0000,8707,0,3116660400.000,0,-,-,-,-,3763.8000,3763.6000,3763.2000,3763.0000,3761.8000,3764.6000,3764.8000,3765.0000,3765.2000,3765.4000,2,3,1,1,3,1,1,3,2,1
SF,IF2007,2020-05-27 14:53:03.700,3764.0000,8707,0,3116660400.000,0,-,-,-,-,3763.8000,3763.6000,3763.2000,3763.0000,3761.8000,3764.6000,3764.8000,3765.0000,3765.2000,3765.4000,1,3,1,1,3,1,1,2,2,1
SF,IF2007,2020-05-27 14:53:04.200,3764.0000,8707,0,3116660400.000,0,-,-,-,-,3763.6000,3763.2000,3763.0000,3761.8000,3761.0000,3764.0000,3764.4000,3764.6000,3764.8000,3765.0000,3,1,1,3,1,1,1,1,1,1
SF,IF2007,2020-05-27 14:53:04.700,3764.0000,8707,0,3116660400.000,0,-,-,-,-,3763.6000,3763.2000,3763.0000,3761.8000,3761.0000,3764.0000,3764.4000,3764.6000,3764.8000,3765.2000,2,1,1,3,1,1,1,1,1,2
SF,IF2007,2020-05-27 14:53:05.200,3764.0000,8707,0,3116660400.000,0,-,-,-,-,3763.6000,3763.2000,3763.0000,3761.8000,3761.0000,3764.0000,3764.4000,3764.6000,3764.8000,3765.2000,1,1,1,3,1,1,1,1,1,2
SF,IF2007,2020-05-27 14:53:07.200,3764.0000,8707,0,3116660400.000,0,-,-,-,-,3763.6000,3763.0000,3761.8000,3761.0000,3760.6000,3764.0000,3764.4000,3764.6000,3764.8000,3765.2000,1,1,3,1,1,1,1,1,1,2
SF,IF2007,2020-05-27 14:53:08.200,3764.0000,8708,1,3117789600.000,1,1,0,双开,S,3763.6000,3763.0000,3761.8000,3761.0000,3760.6000,3764.4000,3764.6000,3764.8000,3765.2000,3765.4000,1,1,3,1,1,1,1,1,2,1
SF,IF2007,2020-05-27 14:53:08.700,3764.0000,8708,0,3117789600.000,0,-,-,-,-,3763.6000,3763.0000,3761.8000,3761.0000,3760.6000,3764.6000,3764.8000,3765.2000,3765.4000,3766.0000,1,1,3,1,1,1,1,2,1,1
SF,IF2007,2020-05-27 14:53:09.200,3764.0000,8708,0,3117789600.000,0,-,-,-,-,3763.8000,3763.6000,3763.0000,3761.8000,3761.0000,3764.6000,3764.8000,3765.2000,3765.4000,3766.0000,1,1,1,3,1,1,1,2,1,1
SF,IF2007,2020-05-27 14:53:09.700,3764.0000,8708,0,3117789600.000,0,-,-,-,-,3763.8000,3763.6000,3763.0000,3761.8000,3761.0000,3764.6000,3765.2000,3765.4000,3766.0000,3766.8000,1,1,1,3,1,1,2,1,1,1
SF,IF2007,2020-05-27 14:53:11.200,3764.6000,8708,0,3120048120.000,2,1,1,多换,S,3764.6000,3763.6000,3763.0000,3761.8000,3761.0000,3765.2000,3765.4000,3766.0000,3766.8000,3767.0000,4,1,1,3,1,2,1,1,1,1
SF,IF2007,2020-05-27 14:53:11.700,3764.6000,8708,0,3124565640.000,4,2,2,多换,S,3763.6000,3763.0000,3761.8000,3761.0000,3760.6000,3764.4000,3764.8000,3765.0000,3765.2000,3765.4000,1,1,3,1,1,1,1,1,2,1
SF,IF2007,2020-05-27 14:53:12.200,3764.6000,8708,0,3124565640.000,0,-,-,-,-,3763.0000,3761.8000,3761.0000,3760.6000,3759.8000,3764.4000,3764.8000,3765.2000,3765.4000,3766.0000,1,3,1,1,1,1,1,2,1,1
SF,IF2007,2020-05-27 14:53:12.700,3764.6000,8708,0,3124565640.000,0,-,-,-,-,3763.2000,3763.0000,3761.8000,3761.0000,3760.6000,3764.4000,3764.6000,3765.2000,3765.4000,3766.0000,2,1,3,1,1,1,1,2,1,1
SF,IF2007,2020-05-27 14:53:14.700,3764.6000,8708,0,3124565640.000,0,-,-,-,-,3763.2000,3763.0000,3761.8000,3761.0000,3760.6000,3764.4000,3764.6000,3765.2000,3765.4000,3766.0000,2,1,3,1,1,2,1,2,1,1
SF,IF2007,2020-05-27 14:53:15.200,3764.6000,8708,0,3124565640.000,0,-,-,-,-,3763.4000,3763.2000,3763.0000,3761.8000,3761.0000,3764.4000,3764.6000,3765.2000,3765.4000,3766.0000,1,2,1,3,1,2,1,2,1,1
SF,IF2007,2020-05-27 14:53:15.700,3764.6000,8708,0,3124565640.000,0,-,-,-,-,3763.6000,3763.4000,3763.2000,3763.0000,3761.8000,3764.4000,3764.6000,3765.2000,3765.4000,3766.0000,1,1,1,1,3,2,1,2,1,1
SF,IF2007,2020-05-27 14:53:16.700,3764.6000,8708,0,3124565640.000,0,-,-,-,-,3763.6000,3763.4000,3763.2000,3763.0000,3761.8000,3764.4000,3765.2000,3765.4000,3766.0000,3766.8000,1,1,1,1,3,2,2,1,1,1
SF,IF2007,2020-05-27 14:53:18.200,3764.6000,8708,0,3124565640.000,0,-,-,-,-,3763.6000,3763.4000,3763.2000,3761.8000,3761.0000,3764.4000,3765.2000,3765.4000,3766.0000,3766.8000,1,1,1,3,1,1,2,1,1,1
SF,IF2007,2020-05-27 14:53:18.700,3764.6000,8708,0,3124565640.000,0,-,-,-,-,3763.6000,3763.2000,3761.8000,3761.0000,3760.6000,3764.4000,3765.2000,3765.4000,3766.0000,3766.8000,1,1,3,1,1,1,2,1,1,1
SF,IF2007,2020-05-27 14:53:21.200,3764.6000,8708,0,3124565640.000,0,-,-,-,-,3763.6000,3763.2000,3761.8000,3761.0000,3760.6000,3765.2000,3765.4000,3766.0000,3766.8000,3767.0000,1,1,3,1,1,2,1,1,1,1
SF,IF2007,2020-05-27 14:53:21.700,3764.6000,8708,0,3124565640.000,0,-,-,-,-,3763.6000,3763.2000,3761.8000,3761.0000,3760.6000,3764.8000,3765.0000,3765.2000,3765.4000,3766.0000,1,1,3,1,1,3,1,2,1,1
SF,IF2007,2020-05-27 14:53:22.200,3764.6000,8708,0,3124565640.000,0,-,-,-,-,3763.6000,3763.2000,3761.8000,3761.0000,3760.6000,3764.8000,3765.0000,3765.2000,3765.4000,3766.0000,1,1,3,1,1,5,1,2,1,1
SF,IF2007,2020-05-27 14:53:22.700,3764.6000,8708,0,3124565640.000,0,-,-,-,-,3763.6000,3763.2000,3761.8000,3761.0000,3760.6000,3764.8000,3765.0000,3765.2000,3765.4000,3766.0000,1,1,3,1,1,4,1,2,1,1
SF,IF2007,2020-05-27 14:53:23.200,3764.6000,8708,0,3124565640.000,0,-,-,-,-,3763.8000,3763.6000,3763.2000,3761.8000,3761.0000,3764.8000,3765.0000,3765.2000,3765.4000,3766.0000,1,1,1,3,1,3,1,2,1,1
SF,IF2007,2020-05-27 14:53:23.700,3764.6000,8708,0,3124565640.000,0,-,-,-,-,3764.0000,3763.8000,3761.8000,3761.0000,3760.6000,3764.8000,3765.0000,3765.2000,3765.4000,3766.0000,1,1,3,1,1,3,1,2,1,1
SF,IF2007,2020-05-27 14:53:24.200,3764.6000,8708,0,3124565640.000,0,-,-,-,-,3764.0000,3763.8000,3761.8000,3761.0000,3760.6000,3764.8000,3765.0000,3765.2000,3765.4000,3766.0000,1,1,3,1,1,2,1,2,1,1
SF,IF2007,2020-05-27 14:53:24.700,3764.6000,8708,0,3124565640.000,0,-,-,-,-,3764.0000,3761.8000,3761.0000,3760.6000,3759.8000,3764.6000,3764.8000,3765.0000,3765.2000,3765.4000,1,3,1,1,1,1,2,1,2,1
SF,IF2007,2020-05-27 14:53:25.200,3764.6000,8708,0,3124565640.000,0,-,-,-,-,3764.0000,3761.8000,3761.0000,3760.6000,3759.8000,3764.6000,3764.8000,3765.0000,3765.2000,3765.4000,1,3,1,1,1,1,2,1,2,1
SF,IF2007,2020-05-27 14:53:25.700,3764.0000,8709,1,3125694840.000,1,1,0,双开,S,3761.8000,3761.0000,3760.6000,3759.8000,3759.0000,3764.6000,3764.8000,3765.0000,3765.2000,3765.4000,3,1,1,1,1,1,2,1,2,1
SF,IF2007,2020-05-27 14:53:26.200,3764.0000,8709,0,3125694840.000,0,-,-,-,-,3763.2000,3763.0000,3762.8000,3762.4000,3762.2000,3764.4000,3764.6000,3765.2000,3765.4000,3766.0000,1,2,4,1,1,2,1,2,1,1
SF,IF2007,2020-05-27 14:53:26.700,3764.0000,8709,0,3125694840.000,0,-,-,-,-,3763.4000,3763.2000,3763.0000,3762.8000,3762.2000,3764.4000,3764.6000,3765.2000,3765.4000,3766.0000,1,1,2,4,1,3,1,2,1,1
SF,IF2007,2020-05-27 14:53:27.200,3764.0000,8709,0,3125694840.000,0,-,-,-,-,3763.4000,3763.2000,3763.0000,3762.2000,3762.0000,3764.4000,3764.6000,3765.2000,3765.4000,3766.0000,1,1,2,1,5,2,1,2,1,1
SF,IF2007,2020-05-27 14:53:29.200,3764.0000,8709,0,3125694840.000,0,-,-,-,-,3763.4000,3763.2000,3763.0000,3762.2000,3762.0000,3764.4000,3764.6000,3765.2000,3765.4000,3766.0000,1,1,2,1,4,2,1,2,1,1
SF,IF2007,2020-05-27 14:53:29.700,3764.0000,8709,0,3125694840.000,0,-,-,-,-,3763.2000,3763.0000,3762.2000,3762.0000,3761.8000,3764.2000,3764.4000,3764.6000,3765.2000,3765.4000,1,1,1,4,4,2,2,1,2,1
SF,IF2007,2020-05-27 14:53:30.200,3764.0000,8709,0,3125694840.000,0,-,-,-,-,3763.2000,3763.0000,3762.0000,3761.8000,3761.0000,3764.0000,3764.2000,3764.4000,3765.2000,3765.4000,1,1,4,4,1,1,3,1,2,1
SF,IF2007,2020-05-27 14:53:31.700,3764.0000,8709,0,3125694840.000,0,-,-,-,-,3763.0000,3762.0000,3761.8000,3761.0000,3758.6000,3764.0000,3764.2000,3764.4000,3765.2000,3765.4000,1,4,4,1,1,1,3,1,2,1
SF,IF2007,2020-05-27 14:53:34.700,3764.0000,8709,0,3125694840.000,0,-,-,-,-,3763.0000,3762.0000,3761.8000,3761.0000,3758.6000,3764.0000,3764.2000,3764.4000,3765.2000,3765.4000,1,4,4,1,1,1,2,1,2,1
SF,IF2007,2020-05-27 14:53:35.200,3764.0000,8709,0,3125694840.000,0,-,-,-,-,3763.2000,3763.0000,3762.0000,3761.8000,3761.0000,3764.0000,3764.2000,3764.4000,3765.2000,3765.4000,1,1,4,4,1,1,2,1,2,1
SF,IF2007,2020-05-27 14:53:35.700,3764.0000,8709,0,3125694840.000,0,-,-,-,-,3763.2000,3763.0000,3762.0000,3761.8000,3761.0000,3764.0000,3764.2000,3764.4000,3765.2000,3765.4000,1,1,4,4,1,1,1,1,2,1
SF,IF2007,2020-05-27 14:53:38.200,3764.0000,8709,0,3125694840.000,0,-,-,-,-,3763.2000,3763.0000,3762.0000,3761.8000,3761.0000,3764.2000,3764.4000,3765.2000,3765.4000,3766.0000,1,1,4,4,1,1,1,2,1,1
SF,IF2007,2020-05-27 14:53:39.200,3764.0000,8709,0,3125694840.000,0,-,-,-,-,3763.2000,3763.0000,3762.0000,3761.8000,3761.0000,3764.2000,3764.4000,3764.8000,3765.2000,3765.4000,1,1,4,4,1,1,1,1,2,1
SF,IF2007,2020-05-27 14:53:39.700,3764.0000,8709,0,3125694840.000,0,-,-,-,-,3763.2000,3763.0000,3762.0000,3761.8000,3761.0000,3764.4000,3764.8000,3765.2000,3765.4000,3766.0000,1,1,4,4,1,1,1,2,1,1
SF,IF2007,2020-05-27 14:53:41.700,3764.0000,8709,0,3125694840.000,0,-,-,-,-,3763.2000,3763.0000,3762.0000,3761.8000,3761.0000,3764.2000,3764.4000,3765.2000,3765.4000,3766.0000,1,1,4,4,1,1,1,2,1,1
SF,IF2007,2020-05-27 14:53:42.200,3764.0000,8709,0,3125694840.000,0,-,-,-,-,3763.4000,3763.2000,3763.0000,3762.0000,3761.8000,3764.2000,3764.4000,3765.2000,3765.4000,3766.0000,2,1,1,4,4,1,1,2,1,1
SF,IF2007,2020-05-27 14:53:42.700,3764.0000,8709,0,3125694840.000,0,-,-,-,-,3763.4000,3763.2000,3763.0000,3762.0000,3761.8000,3764.4000,3765.2000,3765.4000,3766.0000,3766.8000,2,1,1,4,4,1,2,1,1,1
SF,IF2007,2020-05-27 14:53:43.700,3764.0000,8709,0,3125694840.000,0,-,-,-,-,3763.4000,3763.2000,3763.0000,3762.0000,3761.8000,3764.4000,3765.0000,3765.2000,3765.4000,3766.0000,2,1,1,4,4,1,1,2,1,1
SF,IF2007,2020-05-27 14:53:45.700,3764.0000,8709,0,3125694840.000,0,-,-,-,-,3763.4000,3763.2000,3762.0000,3761.8000,3761.0000,3765.0000,3765.2000,3765.4000,3766.0000,3766.8000,2,1,4,4,1,1,2,1,1,1
SF,IF2007,2020-05-27 14:53:46.200,3764.0000,8709,0,3125694840.000,0,-,-,-,-,3763.6000,3763.4000,3762.0000,3761.8000,3761.0000,3764.6000,3764.8000,3765.0000,3765.2000,3765.4000,1,2,4,4,1,1,2,1,2,1
SF,IF2007,2020-05-27 14:53:46.700,3764.0000,8709,0,3125694840.000,0,-,-,-,-,3763.6000,3763.4000,3762.0000,3761.8000,3761.0000,3764.6000,3764.8000,3765.0000,3765.2000,3765.4000,1,2,4,4,1,1,2,1,2,1
SF,IF2007,2020-05-27 14:53:47.700,3764.0000,8709,0,3125694840.000,0,-,-,-,-,3763.6000,3763.4000,3762.0000,3761.8000,3761.0000,3764.4000,3764.6000,3764.8000,3765.2000,3765.4000,1,2,4,4,1,1,1,2,2,1
SF,IF2007,2020-05-27 14:53:48.700,3764.0000,8709,0,3125694840.000,0,-,-,-,-,3763.6000,3763.4000,3762.0000,3761.8000,3761.0000,3764.6000,3764.8000,3765.2000,3765.4000,3766.0000,1,2,4,4,1,1,2,2,1,1
SF,IF2007,2020-05-27 14:53:49.700,3763.6000,8709,0,3126823920.000,1,0,1,多换,S,3763.4000,3762.0000,3761.8000,3761.0000,3758.6000,3763.6000,3764.4000,3764.6000,3764.8000,3765.2000,2,4,4,1,1,2,1,1,2,2
SF,IF2007,2020-05-27 14:53:50.200,3763.6000,8708,-1,3129082080.000,2,0,2,多平,S,3764.0000,3763.8000,3763.6000,3763.4000,3762.0000,3764.4000,3765.2000,3765.4000,3766.0000,3766.8000,1,1,2,2,4,1,2,1,1,1
SF,IF2007,2020-05-27 14:53:50.700,3763.6000,8708,0,3129082080.000,0,-,-,-,-,3763.6000,3763.4000,3762.0000,3761.8000,3761.0000,3764.4000,3765.2000,3765.4000,3766.0000,3766.8000,2,2,4,4,1,1,2,1,1,1
SF,IF2007,2020-05-27 14:53:51.200,3764.4000,8707,-1,3130211400.000,1,0,1,双平,S,3763.4000,3762.0000,3761.8000,3761.0000,3756.0000,3765.2000,3765.4000,3766.0000,3766.8000,3767.0000,2,4,4,1,2,2,1,1,1,1
SF,IF2007,2020-05-27 14:53:51.700,3764.4000,8707,0,3130211400.000,0,-,-,-,-,3763.6000,3763.4000,3762.0000,3761.8000,3761.0000,3764.6000,3764.8000,3765.2000,3765.4000,3766.0000,1,2,4,4,1,1,1,2,1,1
SF,IF2007,2020-05-27 14:53:52.200,3764.4000,8707,0,3130211400.000,0,-,-,-,-,3763.6000,3763.4000,3762.0000,3761.8000,3761.0000,3764.4000,3764.6000,3764.8000,3765.2000,3765.4000,1,2,4,4,1,1,1,1,2,1
SF,IF2007,2020-05-27 14:53:52.700,3764.4000,8707,0,3130211400.000,0,-,-,-,-,3763.6000,3762.0000,3761.8000,3761.0000,3756.0000,3764.4000,3764.6000,3764.8000,3765.2000,3765.4000,1,4,4,1,2,1,1,1,2,1
SF,IF2007,2020-05-27 14:53:53.200,3764.4000,8707,0,3130211400.000,0,-,-,-,-,3762.0000,3761.8000,3761.0000,3756.0000,3755.0000,3764.4000,3764.6000,3764.8000,3765.2000,3765.4000,4,4,1,2,6,1,1,1,2,1
SF,IF2007,2020-05-27 14:53:53.700,3764.4000,8707,0,3130211400.000,0,-,-,-,-,3763.2000,3763.0000,3762.6000,3762.4000,3762.2000,3764.2000,3764.4000,3765.2000,3765.4000,3766.0000,2,5,2,1,5,1,1,2,1,1
SF,IF2007,2020-05-27 14:53:54.200,3764.4000,8707,0,3130211400.000,0,-,-,-,-,3763.2000,3763.0000,3762.6000,3762.4000,3762.2000,3764.0000,3764.2000,3765.2000,3765.4000,3766.0000,2,5,1,1,5,1,1,2,1,1
SF,IF2007,2020-05-27 14:53:54.700,3764.4000,8707,0,3130211400.000,0,-,-,-,-,3763.2000,3763.0000,3762.6000,3762.4000,3762.2000,3764.0000,3764.2000,3765.2000,3765.4000,3766.0000,3,5,1,1,5,1,1,2,1,1
SF,IF2007,2020-05-27 14:53:55.200,3764.0000,8708,1,3131340600.000,1,1,0,双开,S,3763.4000,3763.2000,3763.0000,3762.6000,3762.4000,3764.2000,3765.2000,3765.4000,3766.0000,3766.8000,1,3,5,1,2,1,2,1,1,1
SF,IF2007,2020-05-27 14:53:56.200,3764.0000,8708,0,3131340600.000,0,-,-,-,-,3763.4000,3763.2000,3763.0000,3762.6000,3762.4000,3764.2000,3765.2000,3765.4000,3766.0000,3766.8000,1,3,5,1,2,1,2,1,1,1
SF,IF2007,2020-05-27 14:53:56.700,3764.0000,8708,0,3131340600.000,0,-,-,-,-,3763.4000,3763.2000,3763.0000,3762.6000,3762.4000,3764.2000,3765.2000,3765.4000,3766.0000,3766.8000,1,3,5,1,2,1,2,1,1,1
SF,IF2007,2020-05-27 14:53:57.200,3764.0000,8708,0,3131340600.000,0,-,-,-,-,3763.6000,3763.4000,3763.2000,3763.0000,3762.6000,3764.2000,3765.2000,3765.4000,3766.0000,3766.8000,1,1,3,5,1,1,2,1,1,1
SF,IF2007,2020-05-27 14:53:57.700,3764.2000,8709,1,3132469860.000,1,1,0,双开,S,3763.6000,3763.4000,3763.2000,3763.0000,3762.6000,3765.2000,3765.4000,3766.0000,3766.8000,3767.0000,1,1,3,4,1,2,1,1,1,1
SF,IF2007,2020-05-27 14:53:58.200,3764.2000,8709,0,3132469860.000,0,-,-,-,-,3763.8000,3763.6000,3763.4000,3763.2000,3763.0000,3764.8000,3765.2000,3765.4000,3766.0000,3766.8000,1,1,1,3,4,3,2,1,1,1
SF,IF2007,2020-05-27 14:53:58.700,3764.2000,8709,0,3132469860.000,0,-,-,-,-,3763.6000,3763.4000,3763.2000,3763.0000,3762.6000,3764.6000,3764.8000,3765.2000,3765.4000,3766.0000,1,1,3,4,1,1,3,2,1,1
SF,IF2007,2020-05-27 14:53:59.200,3764.2000,8709,0,3132469860.000,0,-,-,-,-,3763.4000,3763.2000,3762.6000,3762.4000,3762.2000,3764.6000,3764.8000,3765.2000,3765.4000,3766.0000,1,3,1,1,3,1,3,2,1,1
SF,IF2007,2020-05-27 14:54:01.200,3764.2000,8709,0,3132469860.000,0,-,-,-,-,3763.6000,3763.4000,3763.2000,3762.6000,3762.4000,3764.6000,3764.8000,3765.2000,3765.4000,3766.0000,1,1,3,1,1,1,2,2,1,1
SF,IF2007,2020-05-27 14:54:01.700,3764.2000,8709,0,3132469860.000,0,-,-,-,-,3763.8000,3763.6000,3763.4000,3763.2000,3762.6000,3764.8000,3765.2000,3765.4000,3766.0000,3766.8000,1,1,1,3,1,2,2,1,1,1
SF,IF2007,2020-05-27 14:54:02.200,3764.2000,8709,0,3132469860.000,0,-,-,-,-,3763.8000,3763.6000,3763.4000,3763.2000,3762.6000,3764.6000,3764.8000,3765.2000,3765.4000,3766.0000,1,1,1,3,1,1,2,2,1,1
SF,IF2007,2020-05-27 14:54:02.700,3764.2000,8709,0,3132469860.000,0,-,-,-,-,3763.6000,3763.4000,3763.2000,3762.6000,3762.4000,3764.6000,3764.8000,3765.2000,3765.4000,3766.0000,1,1,3,1,1,1,2,2,1,1
SF,IF2007,2020-05-27 14:54:03.700,3764.2000,8709,0,3132469860.000,0,-,-,-,-,3763.6000,3763.2000,3762.6000,3762.4000,3762.2000,3764.6000,3764.8000,3765.2000,3765.4000,3766.0000,1,3,1,1,3,1,2,2,1,1
SF,IF2007,2020-05-27 14:54:04.700,3764.2000,8709,0,3132469860.000,0,-,-,-,-,3763.2000,3762.6000,3762.4000,3762.2000,3762.0000,3764.4000,3764.6000,3764.8000,3765.2000,3765.4000,3,1,1,3,5,1,1,1,2,1
SF,IF2007,2020-05-27 14:54:05.200,3764.2000,8709,0,3132469860.000,0,-,-,-,-,3763.4000,3763.2000,3762.6000,3762.2000,3762.0000,3764.4000,3764.8000,3765.2000,3765.4000,3766.0000,1,3,1,3,5,1,2,2,1,1
SF,IF2007,2020-05-27 14:54:06.700,3764.2000,8709,0,3132469860.000,0,-,-,-,-,3763.6000,3763.4000,3763.2000,3762.6000,3762.2000,3764.4000,3764.8000,3765.2000,3765.4000,3766.0000,1,1,3,1,3,1,2,2,1,1
SF,IF2007,2020-05-27 14:54:08.700,3764.2000,8709,0,3132469860.000,0,-,-,-,-,3763.6000,3763.4000,3763.2000,3762.6000,3762.2000,3764.4000,3764.8000,3765.2000,3765.4000,3766.0000,1,1,3,1,3,1,3,2,1,1
SF,IF2007,2020-05-27 14:54:11.200,3764.2000,8709,0,3132469860.000,0,-,-,-,-,3763.4000,3763.2000,3762.6000,3762.2000,3762.0000,3764.4000,3764.8000,3765.2000,3765.4000,3766.0000,1,3,1,3,5,1,3,2,1,1
SF,IF2007,2020-05-27 14:54:12.700,3764.2000,8709,0,3132469860.000,0,-,-,-,-,3763.4000,3763.2000,3762.6000,3762.2000,3762.0000,3764.2000,3764.4000,3764.8000,3765.2000,3765.4000,1,3,1,3,5,1,1,3,2,1
SF,IF2007,2020-05-27 14:54:13.200,3764.2000,8709,0,3132469860.000,0,-,-,-,-,3763.4000,3763.2000,3762.2000,3762.0000,3761.8000,3764.2000,3764.4000,3764.8000,3765.2000,3765.4000,1,3,3,5,3,1,1,3,2,1
SF,IF2007,2020-05-27 14:54:13.700,3764.2000,8709,0,3132469860.000,0,-,-,-,-,3763.2000,3762.2000,3762.0000,3761.8000,3756.0000,3764.2000,3764.4000,3764.8000,3765.2000,3765.4000,3,3,5,3,2,1,1,3,2,1
SF,IF2007,2020-05-27 14:54:14.200,3764.2000,8709,0,3132469860.000,0,-,-,-,-,3763.2000,3762.2000,3762.0000,3761.8000,3756.0000,3764.0000,3764.2000,3764.4000,3764.8000,3765.2000,1,3,5,3,2,1,1,1,2,2
SF,IF2007,2020-05-27 14:54:14.700,3764.2000,8709,0,3132469860.000,0,-,-,-,-,3762.2000,3762.0000,3761.8000,3756.0000,3755.0000,3764.0000,3764.2000,3764.4000,3764.8000,3765.2000,3,5,3,2,6,1,1,1,2,2
SF,IF2007,2020-05-27 14:54:15.200,3764.2000,8709,0,3132469860.000,0,-,-,-,-,3762.8000,3762.6000,3762.4000,3762.2000,3762.0000,3764.0000,3764.2000,3764.4000,3764.8000,3765.2000,4,4,1,3,5,1,1,1,2,2
SF,IF2007,2020-05-27 14:54:15.700,3764.2000,8709,0,3132469860.000,0,-,-,-,-,3763.0000,3762.8000,3762.6000,3762.2000,3762.0000,3764.0000,3764.2000,3764.4000,3764.8000,3765.2000,1,4,4,3,5,1,1,1,2,2
SF,IF2007,2020-05-27 14:54:16.700,3764.2000,8709,0,3132469860.000,0,-,-,-,-,3763.0000,3762.8000,3762.6000,3762.2000,3762.0000,3764.0000,3764.2000,3764.4000,3764.8000,3765.2000,3,4,4,3,5,1,1,1,2,2
SF,IF2007,2020-05-27 14:54:17.700,3764.2000,8709,0,3132469860.000,0,-,-,-,-,3763.0000,3762.8000,3762.6000,3762.2000,3762.0000,3764.0000,3764.2000,3764.4000,3764.8000,3765.2000,1,4,4,3,5,1,1,1,2,2
SF,IF2007,2020-05-27 14:54:19.200,3764.2000,8709,0,3132469860.000,0,-,-,-,-,3763.2000,3763.0000,3762.8000,3762.6000,3762.2000,3764.0000,3764.2000,3764.4000,3764.8000,3765.2000,2,1,2,4,3,1,1,1,2,2
SF,IF2007,2020-05-27 14:54:19.700,3764.2000,8709,0,3132469860.000,0,-,-,-,-,3763.4000,3763.2000,3762.8000,3762.6000,3762.2000,3764.2000,3764.4000,3764.8000,3765.2000,3765.4000,1,2,2,4,3,1,1,2,2,1
SF,IF2007,2020-05-27 14:54:23.700,3764.2000,8709,0,3132469860.000,0,-,-,-,-,3763.6000,3763.4000,3763.2000,3762.8000,3762.6000,3764.2000,3764.4000,3764.8000,3765.2000,3765.4000,1,1,2,2,4,1,1,2,2,1
SF,IF2007,2020-05-27 14:54:25.200,3764.2000,8709,0,3132469860.000,0,-,-,-,-,3763.4000,3763.2000,3762.8000,3762.6000,3762.2000,3764.2000,3764.4000,3764.8000,3765.2000,3765.4000,1,2,2,4,3,1,1,2,2,1
SF,IF2007,2020-05-27 14:54:36.200,3764.2000,8709,0,3132469860.000,0,-,-,-,-,3763.4000,3763.2000,3762.8000,3762.6000,3762.2000,3764.2000,3764.4000,3764.8000,3765.2000,3765.4000,1,2,2,4,3,2,1,2,2,1
SF,IF2007,2020-05-27 14:54:36.700,3764.2000,8709,0,3132469860.000,0,-,-,-,-,3763.2000,3762.8000,3762.6000,3762.2000,3762.0000,3764.2000,3764.4000,3764.8000,3765.2000,3765.4000,2,2,4,3,5,2,1,2,2,1
SF,IF2007,2020-05-27 14:54:37.200,3764.2000,8709,0,3132469860.000,0,-,-,-,-,3763.2000,3762.8000,3762.6000,3762.2000,3762.0000,3764.0000,3764.2000,3764.4000,3764.8000,3765.2000,2,2,4,3,5,1,2,1,2,2
SF,IF2007,2020-05-27 14:54:38.200,3764.2000,8709,0,3132469860.000,0,-,-,-,-,3763.2000,3762.8000,3762.6000,3762.2000,3762.0000,3764.0000,3764.2000,3764.4000,3764.8000,3765.2000,2,2,4,3,5,3,2,1,2,2
SF,IF2007,2020-05-27 14:54:39.200,3764.2000,8709,0,3132469860.000,0,-,-,-,-,3763.2000,3762.8000,3762.6000,3762.2000,3762.0000,3764.0000,3764.2000,3764.4000,3764.8000,3765.2000,2,2,4,3,5,1,2,1,2,2
SF,IF2007,2020-05-27 14:54:45.200,3764.2000,8709,0,3132469860.000,0,-,-,-,-,3763.4000,3763.2000,3762.8000,3762.6000,3762.2000,3764.0000,3764.2000,3764.4000,3764.8000,3765.2000,1,2,2,4,3,1,2,1,2,2
SF,IF2007,2020-05-27 14:54:46.700,3764.2000,8711,2,3134728320.000,2,2,0,双开,S,3763.4000,3763.2000,3762.8000,3762.6000,3762.2000,3764.2000,3764.4000,3764.8000,3765.2000,3765.4000,1,2,2,4,3,1,1,2,2,1
SF,IF2007,2020-05-27 14:54:47.200,3764.2000,8711,0,3134728320.000,0,-,-,-,-,3763.6000,3763.4000,3763.2000,3762.8000,3762.6000,3764.2000,3764.4000,3764.8000,3765.2000,3765.4000,1,1,2,2,4,1,1,2,2,1
SF,IF2007,2020-05-27 14:54:48.700,3763.4000,8712,1,3136986420.000,2,1,1,空开,S,3763.2000,3762.8000,3762.6000,3762.2000,3762.0000,3764.2000,3764.4000,3764.8000,3765.2000,3765.4000,2,2,4,3,5,1,1,2,2,1
SF,IF2007,2020-05-27 14:54:49.200,3763.4000,8712,0,3136986420.000,0,-,-,-,-,3763.2000,3762.8000,3762.6000,3762.2000,3762.0000,3764.2000,3764.4000,3764.8000,3765.2000,3765.4000,2,2,4,3,5,1,1,2,2,1
SF,IF2007,2020-05-27 14:54:49.700,3763.4000,8712,0,3136986420.000,0,-,-,-,-,3763.4000,3763.2000,3762.8000,3762.6000,3762.2000,3764.0000,3764.2000,3764.4000,3764.8000,3765.2000,1,2,2,4,3,1,1,1,2,2
SF,IF2007,2020-05-27 14:54:50.200,3764.0000,8711,-1,3138115620.000,1,0,1,双平,S,3763.4000,3763.2000,3762.8000,3762.6000,3762.2000,3764.2000,3764.4000,3764.8000,3765.2000,3765.4000,3,2,2,4,3,1,1,2,2,1
SF,IF2007,2020-05-27 14:54:50.700,3764.0000,8711,0,3138115620.000,0,-,-,-,-,3763.4000,3763.2000,3762.8000,3762.6000,3762.2000,3764.2000,3764.4000,3764.8000,3765.2000,3765.4000,3,2,2,4,3,1,1,2,2,1
SF,IF2007,2020-05-27 14:54:51.200,3764.0000,8711,0,3138115620.000,0,-,-,-,-,3763.6000,3763.4000,3763.2000,3762.8000,3762.6000,3764.2000,3764.8000,3765.2000,3765.4000,3766.0000,1,3,2,2,4,1,2,2,1,1
SF,IF2007,2020-05-27 14:54:52.700,3764.0000,8711,0,3138115620.000,0,-,-,-,-,3763.6000,3763.4000,3763.2000,3762.8000,3762.6000,3764.2000,3764.8000,3765.2000,3765.4000,3766.0000,1,3,2,2,4,1,2,2,1,1
SF,IF2007,2020-05-27 14:54:53.200,3764.0000,8711,0,3138115620.000,0,-,-,-,-,3763.4000,3763.2000,3762.8000,3762.6000,3762.2000,3764.2000,3764.8000,3765.2000,3765.4000,3766.0000,3,2,2,4,3,1,2,2,1,1
SF,IF2007,2020-05-27 14:54:54.700,3764.0000,8711,0,3138115620.000,0,-,-,-,-,3763.6000,3763.4000,3763.2000,3762.8000,3762.6000,3764.2000,3764.8000,3765.2000,3765.4000,3766.0000,1,3,2,2,4,1,2,2,1,1
SF,IF2007,2020-05-27 14:54:58.200,3764.0000,8711,0,3138115620.000,0,-,-,-,-,3763.4000,3763.2000,3762.8000,3762.6000,3762.2000,3764.2000,3764.8000,3765.2000,3765.4000,3766.0000,3,2,2,4,3,1,2,2,1,1
SF,IF2007,2020-05-27 14:54:58.700,3764.2000,8711,0,3139244880.000,1,0,1,多换,S,3763.4000,3763.2000,3762.8000,3762.6000,3762.2000,3764.8000,3765.2000,3765.4000,3766.0000,3767.0000,3,2,2,4,3,2,2,1,1,1
SF,IF2007,2020-05-27 14:54:59.200,3763.4000,8713,2,3141502920.000,2,2,0,双开,S,3763.6000,3763.4000,3763.2000,3762.8000,3762.6000,3764.6000,3764.8000,3765.2000,3765.4000,3766.0000,1,1,2,2,4,2,2,2,1,1
SF,IF2007,2020-05-27 14:55:00.200,3763.4000,8713,0,3141502920.000,0,-,-,-,-,3763.4000,3762.8000,3762.6000,3762.2000,3762.0000,3764.6000,3764.8000,3765.2000,3765.4000,3766.0000,1,2,4,3,5,2,2,2,1,1
SF,IF2007,2020-05-27 14:55:00.700,3763.4000,8713,0,3141502920.000,0,-,-,-,-,3763.6000,3763.4000,3762.8000,3762.6000,3762.2000,3764.6000,3764.8000,3765.2000,3765.4000,3766.0000,2,1,2,4,3,2,2,2,1,1
SF,IF2007,2020-05-27 14:55:01.200,3764.8000,8713,0,3144891120.000,3,1,2,多换,S,3764.6000,3763.8000,3763.6000,3763.4000,3762.8000,3764.8000,3765.2000,3765.4000,3766.0000,3767.0000,3,2,3,1,2,1,2,1,1,1
SF,IF2007,2020-05-27 14:55:01.700,3764.6000,8715,2,3149408700.000,4,3,1,空开,S,3764.8000,3764.0000,3763.8000,3763.6000,3763.4000,3765.2000,3765.4000,3766.0000,3767.0000,3767.6000,1,2,2,2,1,2,1,1,1,1
SF,IF2007,2020-05-27 14:55:02.200,3764.6000,8716,1,3150538080.000,1,1,0,双开,S,3764.0000,3763.8000,3763.6000,3762.8000,3762.6000,3765.0000,3765.2000,3765.4000,3766.0000,3767.0000,2,2,1,2,4,1,2,1,1,1
SF,IF2007,2020-05-27 14:55:02.700,3764.6000,8716,0,3150538080.000,0,-,-,-,-,3764.0000,3763.8000,3763.6000,3762.8000,3762.6000,3765.0000,3765.2000,3765.4000,3766.0000,3767.0000,2,2,1,2,4,2,2,1,1,1
SF,IF2007,2020-05-27 14:55:03.200,3764.0000,8718,2,3152796480.000,2,2,0,双开,S,3763.8000,3763.6000,3762.8000,3762.6000,3762.2000,3765.0000,3765.2000,3765.4000,3766.0000,3767.0000,2,2,2,4,3,2,2,1,1,1
SF,IF2007,2020-05-27 14:55:03.700,3763.6000,8719,1,3156183840.000,3,2,1,空开,S,3762.8000,3762.6000,3762.2000,3762.0000,3761.8000,3764.4000,3764.6000,3764.8000,3765.0000,3765.2000,1,4,3,5,3,1,1,4,1,2
SF,IF2007,2020-05-27 14:55:04.200,3763.6000,8719,0,3156183840.000,0,-,-,-,-,3763.2000,3763.0000,3762.2000,3762.0000,3761.8000,3764.0000,3764.4000,3764.6000,3764.8000,3765.2000,1,2,3,5,3,1,1,2,4,2
SF,IF2007,2020-05-27 14:55:04.700,3763.6000,8719,0,3156183840.000,0,-,-,-,-,3763.2000,3763.0000,3762.2000,3762.0000,3761.8000,3764.0000,3764.6000,3764.8000,3765.2000,3765.4000,1,2,2,4,3,1,2,3,2,1
SF,IF2007,2020-05-27 14:55:05.200,3763.2000,8720,1,3157312800.000,1,1,0,双开,S,3763.0000,3762.2000,3762.0000,3761.8000,3756.0000,3764.0000,3764.6000,3764.8000,3765.2000,3765.4000,2,2,4,3,2,1,2,3,2,1
SF,IF2007,2020-05-27 14:55:08.700,3763.2000,8720,0,3157312800.000,0,-,-,-,-,3763.0000,3762.2000,3762.0000,3761.8000,3756.0000,3764.6000,3764.8000,3765.2000,3765.4000,3766.0000,2,2,4,3,2,2,3,2,1,1
SF,IF2007,2020-05-27 14:55:09.200,3763.2000,8720,0,3157312800.000,0,-,-,-,-,3763.0000,3762.2000,3762.0000,3761.8000,3756.0000,3764.2000,3764.4000,3764.6000,3764.8000,3765.2000,2,2,4,3,2,4,1,2,3,2
SF,IF2007,2020-05-27 14:55:09.700,3763.0000,8722,2,3159570600.000,2,2,0,双开,S,3762.2000,3762.0000,3761.8000,3756.0000,3755.0000,3763.6000,3764.0000,3764.2000,3764.6000,3764.8000,2,2,3,2,6,1,2,3,2,3
SF,IF2007,2020-05-27 14:55:10.200,3763.0000,8722,0,3159570600.000,0,-,-,-,-,3762.6000,3762.4000,3762.2000,3762.0000,3761.8000,3763.6000,3764.0000,3764.2000,3764.6000,3764.8000,1,1,2,2,3,1,4,1,1,1
SF,IF2007,2020-05-27 14:55:10.700,3763.0000,8722,0,3159570600.000,0,-,-,-,-,3762.8000,3762.6000,3762.2000,3762.0000,3761.8000,3763.6000,3764.0000,3764.2000,3764.6000,3764.8000,1,1,2,2,3,1,4,1,1,1
SF,IF2007,2020-05-27 14:55:11.200,3763.2000,8723,1,3160699560.000,1,1,0,双开,S,3762.6000,3762.0000,3761.8000,3756.0000,3755.0000,3763.4000,3764.0000,3764.2000,3764.6000,3764.8000,1,1,3,2,6,1,4,1,1,1
SF,IF2007,2020-05-27 14:55:11.700,3763.2000,8723,0,3160699560.000,0,-,-,-,-,3762.6000,3762.0000,3761.8000,3756.0000,3755.0000,3763.4000,3764.0000,3764.2000,3764.6000,3764.8000,1,1,3,2,6,1,4,1,1,1
SF,IF2007,2020-05-27 14:55:12.200,3763.4000,8724,1,3161828580.000,1,1,0,双开,S,3762.6000,3762.0000,3761.8000,3756.0000,3755.0000,3764.0000,3764.2000,3764.6000,3764.8000,3765.2000,1,1,3,2,6,2,1,1,1,2
SF,IF2007,2020-05-27 14:55:12.700,3763.4000,8724,0,3161828580.000,0,-,-,-,-,3762.8000,3762.6000,3762.0000,3761.8000,3756.0000,3763.8000,3764.0000,3764.2000,3764.6000,3764.8000,1,1,1,3,2,2,2,1,1,1
SF,IF2007,2020-05-27 14:55:13.200,3763.4000,8724,0,3161828580.000,0,-,-,-,-,3762.8000,3762.6000,3762.0000,3761.8000,3756.0000,3763.4000,3763.8000,3764.0000,3764.2000,3764.6000,1,1,1,3,2,1,4,1,1,1
SF,IF2007,2020-05-27 14:55:13.700,3763.4000,8724,0,3161828580.000,0,-,-,-,-,3762.8000,3762.6000,3762.0000,3761.8000,3756.0000,3763.4000,3763.8000,3764.0000,3764.2000,3764.6000,1,1,1,3,2,1,4,1,1,1
SF,IF2007,2020-05-27 14:55:14.200,3763.4000,8724,0,3161828580.000,0,-,-,-,-,3762.6000,3762.0000,3761.8000,3756.0000,3755.0000,3763.8000,3764.0000,3764.2000,3764.6000,3764.8000,1,1,3,2,6,4,1,1,1,1
SF,IF2007,2020-05-27 14:55:14.700,3763.4000,8724,0,3161828580.000,0,-,-,-,-,3762.6000,3762.0000,3761.8000,3756.0000,3755.0000,3763.6000,3763.8000,3764.2000,3764.6000,3764.8000,1,1,3,2,6,2,4,1,1,1
SF,IF2007,2020-05-27 14:55:15.200,3763.4000,8724,0,3161828580.000,0,-,-,-,-,3762.6000,3761.8000,3756.0000,3755.0000,3754.8000,3763.6000,3763.8000,3764.2000,3764.6000,3764.8000,1,3,2,6,1,3,4,1,1,1
SF,IF2007,2020-05-27 14:55:15.700,3763.4000,8724,0,3161828580.000,0,-,-,-,-,3762.6000,3761.8000,3756.0000,3755.0000,3754.8000,3763.4000,3763.6000,3763.8000,3764.2000,3764.6000,1,3,2,6,1,2,2,4,1,1
SF,IF2007,2020-05-27 14:55:19.200,3763.4000,8724,0,3161828580.000,0,-,-,-,-,3762.6000,3761.8000,3756.0000,3755.0000,3754.8000,3763.4000,3763.6000,3763.8000,3764.2000,3764.6000,1,3,2,6,1,1,2,4,1,1
SF,IF2007,2020-05-27 14:55:19.700,3763.4000,8724,0,3161828580.000,0,-,-,-,-,3762.6000,3761.8000,3756.0000,3755.0000,3754.8000,3763.6000,3763.8000,3764.2000,3764.6000,3764.8000,1,3,2,6,1,2,4,1,1,1
SF,IF2007,2020-05-27 14:55:20.200,3763.4000,8724,0,3161828580.000,0,-,-,-,-,3762.6000,3761.8000,3756.0000,3755.0000,3754.8000,3763.6000,3763.8000,3764.2000,3764.4000,3764.6000,1,3,2,6,1,2,4,1,1,1
SF,IF2007,2020-05-27 14:55:27.700,3763.4000,8724,0,3161828580.000,0,-,-,-,-,3762.6000,3761.8000,3756.0000,3755.0000,3754.8000,3763.4000,3763.6000,3763.8000,3764.2000,3764.6000,1,3,2,6,1,1,2,4,1,1
SF,IF2007,2020-05-27 14:55:31.200,3763.4000,8724,0,3161828580.000,0,-,-,-,-,3761.8000,3756.0000,3755.0000,3754.8000,3754.2000,3763.4000,3763.6000,3763.8000,3764.2000,3764.6000,3,2,6,1,1,1,2,4,1,1
SF,IF2007,2020-05-27 14:55:31.700,3763.4000,8724,0,3161828580.000,0,-,-,-,-,3762.2000,3762.0000,3761.8000,3756.0000,3755.0000,3763.4000,3763.8000,3764.2000,3764.6000,3764.8000,2,3,3,2,6,1,4,1,1,1
SF,IF2007,2020-05-27 14:55:32.200,3763.4000,8724,0,3161828580.000,0,-,-,-,-,3762.4000,3762.2000,3762.0000,3761.8000,3756.0000,3763.8000,3764.2000,3764.6000,3764.8000,3765.2000,2,2,1,3,2,4,1,1,1,2
SF,IF2007,2020-05-27 14:55:32.700,3763.4000,8724,0,3161828580.000,0,-,-,-,-,3762.4000,3762.2000,3762.0000,3761.8000,3756.0000,3763.6000,3763.8000,3764.2000,3764.6000,3764.8000,2,2,1,3,2,1,4,1,1,1
SF,IF2007,2020-05-27 14:55:33.200,3763.4000,8724,0,3161828580.000,0,-,-,-,-,3762.4000,3762.2000,3762.0000,3761.8000,3756.0000,3763.6000,3763.8000,3764.2000,3764.6000,3764.8000,2,2,1,3,2,2,4,1,1,1
SF,IF2007,2020-05-27 14:55:33.700,3763.4000,8724,0,3161828580.000,0,-,-,-,-,3762.4000,3762.2000,3762.0000,3761.8000,3756.0000,3763.6000,3763.8000,3764.2000,3764.6000,3764.8000,2,1,1,3,2,2,4,1,1,1
SF,IF2007,2020-05-27 14:55:34.200,3763.4000,8724,0,3161828580.000,0,-,-,-,-,3762.4000,3762.2000,3762.0000,3761.8000,3756.0000,3763.4000,3763.6000,3763.8000,3764.2000,3764.6000,2,1,1,3,2,1,1,4,1,1
SF,IF2007,2020-05-27 14:55:35.700,3763.4000,8724,0,3161828580.000,0,-,-,-,-,3762.4000,3762.2000,3762.0000,3761.8000,3756.0000,3763.6000,3763.8000,3764.2000,3764.6000,3764.8000,2,1,1,3,2,1,4,1,1,1
SF,IF2007,2020-05-27 14:55:36.200,3763.4000,8724,0,3161828580.000,0,-,-,-,-,3762.4000,3762.2000,3762.0000,3761.8000,3756.0000,3763.6000,3763.8000,3764.2000,3764.6000,3764.8000,2,1,1,3,2,1,2,1,1,1
SF,IF2007,2020-05-27 14:55:36.700,3763.4000,8724,0,3161828580.000,0,-,-,-,-,3762.4000,3762.2000,3762.0000,3761.8000,3756.0000,3763.6000,3763.8000,3764.2000,3764.6000,3764.8000,2,1,1,3,2,2,2,1,1,1
SF,IF2007,2020-05-27 14:55:37.700,3763.4000,8724,0,3161828580.000,0,-,-,-,-,3762.6000,3762.4000,3762.2000,3762.0000,3761.8000,3763.6000,3763.8000,3764.2000,3764.6000,3764.8000,1,2,1,1,3,2,2,1,3,1
SF,IF2007,2020-05-27 14:55:38.200,3763.4000,8724,0,3161828580.000,0,-,-,-,-,3762.8000,3762.6000,3762.4000,3762.2000,3762.0000,3763.6000,3763.8000,3764.2000,3764.6000,3764.8000,1,1,1,1,1,1,2,1,3,1
SF,IF2007,2020-05-27 14:55:38.700,3763.4000,8724,0,3161828580.000,0,-,-,-,-,3762.8000,3762.6000,3762.4000,3762.2000,3762.0000,3763.8000,3764.2000,3764.6000,3764.8000,3765.2000,1,1,1,1,1,2,1,3,1,2
SF,IF2007,2020-05-27 14:55:39.200,3763.4000,8724,0,3161828580.000,0,-,-,-,-,3762.8000,3762.4000,3762.0000,3761.8000,3756.0000,3763.6000,3763.8000,3764.2000,3764.6000,3764.8000,1,1,1,3,2,1,2,1,3,1
SF,IF2007,2020-05-27 14:55:39.700,3763.4000,8724,0,3161828580.000,0,-,-,-,-,3762.4000,3762.0000,3761.8000,3756.0000,3755.0000,3763.6000,3763.8000,3764.2000,3764.6000,3764.8000,1,1,3,2,6,2,2,1,3,1
SF,IF2007,2020-05-27 14:55:40.200,3763.4000,8724,0,3161828580.000,0,-,-,-,-,3762.6000,3762.4000,3762.0000,3761.8000,3756.0000,3763.6000,3763.8000,3764.2000,3764.6000,3764.8000,1,1,1,3,2,3,2,1,3,1
SF,IF2007,2020-05-27 14:55:41.200,3763.4000,8724,0,3161828580.000,0,-,-,-,-,3762.6000,3762.4000,3762.0000,3761.8000,3756.0000,3763.6000,3763.8000,3764.2000,3764.6000,3764.8000,1,1,1,3,2,3,2,1,1,1
SF,IF2007,2020-05-27 14:55:45.700,3763.4000,8724,0,3161828580.000,0,-,-,-,-,3762.6000,3762.4000,3762.0000,3761.8000,3756.0000,3763.4000,3763.6000,3763.8000,3764.2000,3764.6000,1,1,1,3,2,1,2,2,1,1
SF,IF2007,2020-05-27 14:55:46.200,3763.4000,8724,0,3161828580.000,0,-,-,-,-,3762.4000,3762.0000,3761.8000,3756.0000,3755.0000,3763.4000,3763.6000,3763.8000,3764.2000,3764.6000,1,1,3,2,6,1,2,2,1,1
SF,IF2007,2020-05-27 14:55:46.700,3763.4000,8724,0,3161828580.000,0,-,-,-,-,3762.4000,3762.0000,3761.8000,3756.0000,3755.0000,3763.4000,3763.6000,3763.8000,3764.2000,3764.6000,1,1,3,2,6,1,1,2,1,1
SF,IF2007,2020-05-27 14:55:47.200,3763.4000,8724,0,3161828580.000,0,-,-,-,-,3762.4000,3762.0000,3761.8000,3756.0000,3755.0000,3763.4000,3763.6000,3763.8000,3764.2000,3764.8000,1,1,3,2,6,2,1,2,1,1
SF,IF2007,2020-05-27 14:55:48.200,3763.4000,8724,0,3161828580.000,0,-,-,-,-,3762.4000,3762.0000,3761.8000,3756.0000,3755.0000,3763.4000,3763.6000,3763.8000,3764.2000,3764.8000,1,1,3,2,6,2,1,1,1,1
SF,IF2007,2020-05-27 14:55:48.700,3763.4000,8724,0,3161828580.000,0,-,-,-,-,3762.4000,3762.0000,3761.8000,3756.0000,3755.0000,3763.4000,3763.6000,3763.8000,3764.2000,3764.8000,1,1,3,2,6,1,1,1,1,1
SF,IF2007,2020-05-27 14:55:49.200,3763.4000,8724,0,3161828580.000,0,-,-,-,-,3762.6000,3762.4000,3762.0000,3761.8000,3756.0000,3763.6000,3763.8000,3764.2000,3764.8000,3765.2000,1,1,1,3,2,1,1,1,1,2
SF,IF2007,2020-05-27 14:55:49.700,3763.4000,8724,0,3161828580.000,0,-,-,-,-,3762.6000,3762.4000,3762.0000,3761.8000,3756.0000,3763.6000,3763.8000,3764.2000,3764.8000,3765.2000,3,1,1,3,2,1,1,1,1,2
SF,IF2007,2020-05-27 14:55:50.200,3763.4000,8724,0,3161828580.000,0,-,-,-,-,3762.6000,3762.4000,3762.0000,3761.8000,3756.0000,3763.6000,3763.8000,3764.2000,3764.8000,3765.2000,4,1,1,3,2,1,1,1,1,2
SF,IF2007,2020-05-27 14:55:52.200,3763.4000,8724,0,3161828580.000,0,-,-,-,-,3762.8000,3762.6000,3762.4000,3762.0000,3761.8000,3763.6000,3763.8000,3764.2000,3764.8000,3765.2000,3,1,1,1,3,1,1,1,1,2
SF,IF2007,2020-05-27 14:55:53.200,3763.4000,8724,0,3161828580.000,0,-,-,-,-,3762.8000,3762.6000,3762.0000,3761.8000,3756.0000,3763.6000,3763.8000,3764.2000,3764.8000,3765.2000,3,1,1,3,2,1,1,1,1,2
SF,IF2007,2020-05-27 14:55:54.700,3763.4000,8724,0,3161828580.000,0,-,-,-,-,3762.8000,3762.6000,3762.0000,3761.8000,3756.0000,3763.6000,3763.8000,3764.2000,3764.8000,3765.2000,1,1,1,3,2,1,1,1,1,2
SF,IF2007,2020-05-27 14:55:55.200,3763.4000,8724,0,3161828580.000,0,-,-,-,-,3762.8000,3762.6000,3762.0000,3761.8000,3756.0000,3763.8000,3764.2000,3764.8000,3765.2000,3765.4000,1,1,1,3,2,1,1,1,2,1
SF,IF2007,2020-05-27 14:55:56.200,3763.4000,8724,0,3161828580.000,0,-,-,-,-,3762.8000,3762.6000,3762.0000,3761.8000,3756.0000,3763.6000,3763.8000,3764.2000,3764.8000,3765.2000,1,1,1,3,2,1,1,1,1,2
SF,IF2007,2020-05-27 14:55:56.700,3763.4000,8724,0,3161828580.000,0,-,-,-,-,3762.8000,3762.6000,3762.0000,3761.8000,3756.0000,3763.6000,3763.8000,3764.2000,3764.8000,3765.2000,1,1,1,3,2,1,1,1,1,2
SF,IF2007,2020-05-27 14:56:00.200,3763.4000,8724,0,3161828580.000,0,-,-,-,-,3762.8000,3762.6000,3762.0000,3761.8000,3756.0000,3763.8000,3764.2000,3764.8000,3765.2000,3765.4000,1,1,1,3,2,1,1,1,2,1
SF,IF2007,2020-05-27 14:56:00.700,3763.4000,8724,0,3161828580.000,0,-,-,-,-,3762.8000,3762.6000,3762.0000,3761.8000,3756.0000,3763.6000,3763.8000,3764.2000,3764.8000,3765.2000,1,1,1,3,2,1,1,1,1,2
SF,IF2007,2020-05-27 14:56:01.200,3763.4000,8724,0,3161828580.000,0,-,-,-,-,3763.0000,3762.8000,3762.0000,3761.8000,3756.0000,3763.6000,3763.8000,3764.2000,3764.4000,3764.8000,1,1,1,3,2,1,1,1,1,1
SF,IF2007,2020-05-27 14:56:01.700,3763.6000,8725,1,3162957660.000,1,1,0,双开,S,3763.8000,3763.6000,3763.0000,3762.8000,3762.0000,3764.2000,3764.4000,3764.8000,3765.2000,3765.4000,1,1,1,1,1,1,1,1,2,1
SF,IF2007,2020-05-27 14:56:02.200,3763.6000,8725,0,3162957660.000,0,-,-,-,-,3763.6000,3763.0000,3762.8000,3762.0000,3761.8000,3764.4000,3764.8000,3765.2000,3765.4000,3766.0000,1,1,1,1,3,1,1,2,1,1
SF,IF2007,2020-05-27 14:56:02.700,3764.4000,8725,0,3164086980.000,1,0,1,多换,S,3763.0000,3762.8000,3762.0000,3761.8000,3756.0000,3764.8000,3765.2000,3765.4000,3766.0000,3767.0000,1,1,1,3,2,1,2,1,1,1
SF,IF2007,2020-05-27 14:56:03.200,3764.4000,8725,0,3164086980.000,0,-,-,-,-,3763.2000,3763.0000,3762.8000,3762.0000,3761.8000,3764.6000,3765.2000,3765.4000,3766.0000,3767.0000,2,1,1,1,3,3,2,1,1,1
SF,IF2007,2020-05-27 14:56:03.700,3764.4000,8725,0,3164086980.000,0,-,-,-,-,3763.4000,3763.2000,3762.8000,3762.0000,3761.8000,3764.6000,3765.2000,3765.4000,3766.0000,3767.0000,1,2,1,1,3,4,2,1,1,1
SF,IF2007,2020-05-27 14:56:04.200,3764.4000,8725,0,3164086980.000,0,-,-,-,-,3763.4000,3763.2000,3762.8000,3762.0000,3761.8000,3764.4000,3764.6000,3765.2000,3765.4000,3766.0000,1,2,1,1,3,2,5,2,1,1
SF,IF2007,2020-05-27 14:56:04.700,3764.4000,8725,0,3164086980.000,0,-,-,-,-,3763.4000,3763.2000,3762.8000,3762.0000,3761.8000,3764.2000,3764.4000,3764.6000,3765.2000,3765.4000,1,2,1,1,3,1,4,3,2,1
SF,IF2007,2020-05-27 14:56:05.200,3764.4000,8725,0,3164086980.000,0,-,-,-,-,3763.4000,3763.2000,3762.8000,3762.0000,3761.8000,3764.2000,3764.4000,3764.6000,3765.2000,3765.4000,1,2,1,1,3,1,5,3,2,1
SF,IF2007,2020-05-27 14:56:05.700,3764.4000,8725,0,3164086980.000,0,-,-,-,-,3763.4000,3763.2000,3762.8000,3762.0000,3761.8000,3764.2000,3764.4000,3764.6000,3765.2000,3765.4000,1,2,1,1,3,1,5,3,2,1
SF,IF2007,2020-05-27 14:56:06.200,3764.4000,8725,0,3164086980.000,0,-,-,-,-,3763.4000,3763.2000,3762.8000,3762.0000,3761.8000,3764.4000,3764.6000,3765.2000,3765.4000,3766.0000,1,2,1,1,3,5,3,2,1,1
SF,IF2007,2020-05-27 14:56:06.700,3764.4000,8725,0,3164086980.000,0,-,-,-,-,3763.4000,3763.2000,3762.8000,3762.0000,3756.0000,3764.4000,3764.6000,3765.2000,3765.4000,3766.0000,1,2,1,1,2,4,3,2,1,1
SF,IF2007,2020-05-27 14:56:09.700,3764.4000,8726,1,3166345320.000,2,1,1,空开,S,3763.2000,3762.8000,3762.0000,3756.0000,3755.0000,3764.4000,3764.6000,3765.2000,3765.4000,3766.0000,2,1,1,2,6,1,2,2,1,1
SF,IF2007,2020-05-27 14:56:10.200,3764.4000,8726,0,3166345320.000,0,-,-,-,-,3763.2000,3762.8000,3762.0000,3756.0000,3755.0000,3764.2000,3764.4000,3764.6000,3765.2000,3765.4000,2,1,1,2,6,1,1,2,2,1
SF,IF2007,2020-05-27 14:56:11.200,3764.4000,8726,0,3166345320.000,0,-,-,-,-,3763.2000,3762.8000,3762.0000,3756.0000,3755.0000,3764.2000,3764.6000,3765.2000,3765.4000,3766.0000,2,1,1,2,6,1,2,2,1,1
SF,IF2007,2020-05-27 14:56:12.700,3764.4000,8726,0,3166345320.000,0,-,-,-,-,3763.4000,3763.2000,3762.0000,3756.0000,3755.0000,3764.2000,3764.6000,3765.2000,3765.4000,3766.0000,1,2,1,2,6,1,2,2,1,1
SF,IF2007,2020-05-27 14:56:14.700,3764.2000,8727,1,3167474580.000,1,1,0,双开,S,3763.4000,3763.2000,3762.0000,3756.0000,3755.0000,3764.6000,3765.2000,3765.4000,3766.0000,3767.0000,1,2,1,2,6,2,2,1,1,1
SF,IF2007,2020-05-27 14:56:15.200,3764.2000,8727,0,3167474580.000,0,-,-,-,-,3763.6000,3763.4000,3763.2000,3762.0000,3756.0000,3764.6000,3765.2000,3765.4000,3766.0000,3767.0000,1,1,2,1,2,2,2,1,1,1
SF,IF2007,2020-05-27 14:56:15.700,3764.2000,8727,0,3167474580.000,0,-,-,-,-,3763.6000,3763.4000,3763.2000,3762.0000,3756.0000,3764.6000,3765.2000,3765.4000,3766.0000,3767.0000,2,1,2,1,2,2,2,1,1,1
SF,IF2007,2020-05-27 14:56:17.200,3764.2000,8727,0,3167474580.000,0,-,-,-,-,3763.8000,3763.6000,3763.4000,3763.2000,3762.0000,3764.6000,3765.2000,3765.4000,3765.8000,3766.0000,1,1,1,2,1,2,2,1,2,1
SF,IF2007,2020-05-27 14:56:17.700,3764.2000,8727,0,3167474580.000,0,-,-,-,-,3763.6000,3763.4000,3763.2000,3762.0000,3756.0000,3764.4000,3764.6000,3765.2000,3765.4000,3765.8000,1,1,2,1,2,1,2,2,1,2
SF,IF2007,2020-05-27 14:56:18.700,3764.2000,8727,0,3167474580.000,0,-,-,-,-,3763.6000,3763.4000,3763.2000,3762.0000,3756.0000,3764.6000,3765.2000,3765.4000,3765.8000,3766.0000,1,1,2,1,2,2,2,1,2,1
SF,IF2007,2020-05-27 14:56:19.200,3764.2000,8727,0,3167474580.000,0,-,-,-,-,3763.8000,3763.6000,3763.4000,3763.2000,3762.0000,3764.6000,3765.2000,3765.4000,3765.8000,3766.0000,1,1,1,2,1,2,2,1,2,1
SF,IF2007,2020-05-27 14:56:20.200,3764.2000,8727,0,3167474580.000,0,-,-,-,-,3763.6000,3763.4000,3763.2000,3762.0000,3756.0000,3764.6000,3765.2000,3765.4000,3765.8000,3766.0000,1,1,2,1,2,2,2,1,2,1
SF,IF2007,2020-05-27 14:56:21.200,3764.2000,8727,0,3167474580.000,0,-,-,-,-,3763.6000,3763.4000,3763.2000,3762.0000,3756.0000,3764.6000,3765.2000,3765.4000,3765.8000,3766.0000,1,1,2,1,2,2,2,1,2,1
SF,IF2007,2020-05-27 14:56:21.700,3764.2000,8727,0,3167474580.000,0,-,-,-,-,3763.6000,3763.4000,3763.2000,3762.0000,3756.0000,3764.6000,3765.2000,3765.4000,3765.8000,3766.0000,1,1,2,1,2,2,2,1,2,1
SF,IF2007,2020-05-27 14:56:22.200,3764.2000,8727,0,3167474580.000,0,-,-,-,-,3763.6000,3763.2000,3762.0000,3756.0000,3755.0000,3764.6000,3765.2000,3765.4000,3765.8000,3766.0000,1,2,1,2,6,2,2,1,2,1
SF,IF2007,2020-05-27 14:56:23.200,3764.2000,8727,0,3167474580.000,0,-,-,-,-,3763.8000,3763.6000,3763.2000,3762.0000,3756.0000,3764.0000,3764.6000,3765.2000,3765.4000,3765.8000,1,1,2,1,2,1,2,2,1,2
SF,IF2007,2020-05-27 14:56:23.700,3764.0000,8729,2,3169732980.000,2,2,0,双开,S,3764.0000,3763.6000,3763.2000,3762.0000,3756.0000,3764.6000,3765.2000,3765.4000,3765.8000,3766.0000,1,1,2,1,2,2,2,1,2,1
SF,IF2007,2020-05-27 14:56:24.700,3764.0000,8729,0,3169732980.000,0,-,-,-,-,3763.6000,3763.2000,3762.0000,3756.0000,3755.0000,3764.6000,3765.2000,3765.4000,3765.8000,3766.0000,1,2,1,2,6,2,2,1,2,1
SF,IF2007,2020-05-27 14:56:27.200,3764.0000,8729,0,3169732980.000,0,-,-,-,-,3763.6000,3763.2000,3762.0000,3756.0000,3755.0000,3764.4000,3764.6000,3765.2000,3765.4000,3766.0000,1,2,1,2,6,2,2,2,1,1
SF,IF2007,2020-05-27 14:56:27.700,3764.4000,8729,0,3171991620.000,2,1,1,多换,S,3763.6000,3763.2000,3762.0000,3756.0000,3755.0000,3764.4000,3764.6000,3765.2000,3765.4000,3766.0000,1,2,1,2,6,1,2,2,1,1
SF,IF2007,2020-05-27 14:56:29.700,3764.4000,8729,0,3171991620.000,0,-,-,-,-,3763.6000,3763.2000,3762.0000,3756.0000,3755.0000,3764.4000,3764.6000,3765.2000,3765.4000,3766.0000,1,1,1,2,6,1,2,2,1,1
SF,IF2007,2020-05-27 14:56:30.200,3764.4000,8729,0,3171991620.000,0,-,-,-,-,3763.6000,3763.2000,3762.0000,3756.0000,3755.0000,3764.0000,3764.6000,3765.2000,3765.4000,3766.0000,1,1,1,2,6,2,2,2,1,1
SF,IF2007,2020-05-27 14:56:30.700,3764.0000,8731,2,3174250020.000,2,2,0,双开,S,3764.0000,3763.6000,3763.2000,3762.0000,3756.0000,3764.6000,3765.2000,3765.4000,3766.0000,3767.0000,1,1,1,1,2,2,2,1,1,1
SF,IF2007,2020-05-27 14:56:31.200,3764.0000,8731,0,3174250020.000,0,-,-,-,-,3764.0000,3763.6000,3762.0000,3756.0000,3755.0000,3764.6000,3765.2000,3765.4000,3766.0000,3767.0000,1,1,1,2,6,2,2,1,1,1
SF,IF2007,2020-05-27 14:56:31.700,3764.0000,8731,0,3174250020.000,0,-,-,-,-,3763.6000,3762.0000,3756.0000,3755.0000,3754.8000,3764.6000,3765.2000,3765.4000,3766.0000,3767.0000,1,1,2,6,1,2,2,1,1,1
SF,IF2007,2020-05-27 14:56:32.200,3764.0000,8731,0,3174250020.000,0,-,-,-,-,3762.0000,3756.0000,3755.0000,3754.8000,3754.2000,3764.4000,3764.6000,3765.2000,3765.4000,3766.0000,1,2,6,1,1,1,2,2,1,1
SF,IF2007,2020-05-27 14:56:32.700,3764.0000,8731,0,3174250020.000,0,-,-,-,-,3763.0000,3762.6000,3762.4000,3762.2000,3762.0000,3764.4000,3764.6000,3765.2000,3765.4000,3766.0000,1,3,6,3,1,2,2,2,1,1
SF,IF2007,2020-05-27 14:56:33.200,3764.0000,8731,0,3174250020.000,0,-,-,-,-,3763.2000,3763.0000,3762.6000,3762.4000,3762.2000,3764.4000,3764.6000,3765.2000,3765.4000,3766.0000,1,1,2,6,2,2,2,2,1,1
SF,IF2007,2020-05-27 14:56:33.700,3764.0000,8731,0,3174250020.000,0,-,-,-,-,3763.2000,3763.0000,3762.6000,3762.4000,3762.2000,3764.4000,3764.6000,3765.2000,3765.4000,3766.0000,1,1,1,6,2,2,2,2,1,1
SF,IF2007,2020-05-27 14:56:35.200,3764.0000,8731,0,3174250020.000,0,-,-,-,-,3763.4000,3763.2000,3763.0000,3762.6000,3762.4000,3764.2000,3764.4000,3764.6000,3765.2000,3765.4000,1,1,1,1,6,2,2,2,2,1
SF,IF2007,2020-05-27 14:56:35.700,3764.0000,8731,0,3174250020.000,0,-,-,-,-,3763.4000,3763.2000,3763.0000,3762.6000,3762.4000,3764.4000,3764.6000,3765.2000,3765.4000,3766.0000,1,1,1,1,6,2,2,2,1,1
SF,IF2007,2020-05-27 14:56:36.700,3764.0000,8731,0,3174250020.000,0,-,-,-,-,3763.4000,3763.2000,3763.0000,3762.6000,3762.4000,3764.4000,3764.6000,3765.2000,3765.4000,3766.0000,1,1,1,1,6,1,2,2,1,1
SF,IF2007,2020-05-27 14:56:40.700,3764.0000,8731,0,3174250020.000,0,-,-,-,-,3763.6000,3763.4000,3763.2000,3762.6000,3762.4000,3764.4000,3764.6000,3765.2000,3765.4000,3766.0000,2,1,1,1,6,1,2,2,1,1
SF,IF2007,2020-05-27 14:56:44.200,3764.0000,8731,0,3174250020.000,0,-,-,-,-,3763.4000,3763.2000,3762.6000,3762.4000,3762.2000,3764.4000,3764.6000,3765.2000,3765.4000,3766.0000,1,1,1,6,2,1,2,2,1,1
SF,IF2007,2020-05-27 14:56:47.700,3764.0000,8731,0,3174250020.000,0,-,-,-,-,3763.4000,3763.2000,3762.6000,3762.4000,3762.2000,3764.0000,3764.4000,3764.6000,3765.2000,3765.4000,1,1,1,6,2,2,1,2,2,1
SF,IF2007,2020-05-27 14:56:48.200,3764.0000,8733,2,3176508420.000,2,2,0,双开,S,3764.0000,3763.8000,3763.4000,3763.2000,3762.6000,3764.4000,3764.6000,3765.2000,3765.4000,3766.0000,2,2,1,1,1,1,2,2,1,1
SF,IF2007,2020-05-27 14:56:49.200,3764.0000,8733,0,3176508420.000,0,-,-,-,-,3763.8000,3763.4000,3763.2000,3762.6000,3762.4000,3764.4000,3764.6000,3765.2000,3765.4000,3766.0000,2,1,1,1,6,1,2,2,1,1
SF,IF2007,2020-05-27 14:56:53.700,3764.0000,8733,0,3176508420.000,0,-,-,-,-,3763.8000,3763.2000,3762.6000,3762.4000,3762.2000,3764.4000,3764.6000,3765.2000,3765.4000,3766.0000,2,1,1,6,2,1,2,2,1,1
SF,IF2007,2020-05-27 14:56:54.200,3764.0000,8733,0,3176508420.000,0,-,-,-,-,3763.8000,3763.2000,3762.6000,3762.4000,3762.2000,3764.6000,3765.2000,3765.4000,3766.0000,3767.0000,2,1,1,6,2,2,2,1,1,1
SF,IF2007,2020-05-27 14:56:55.200,3764.0000,8733,0,3176508420.000,0,-,-,-,-,3763.8000,3763.2000,3762.6000,3762.4000,3762.2000,3764.6000,3765.2000,3765.4000,3766.0000,3767.0000,2,1,1,6,2,1,2,1,1,1
SF,IF2007,2020-05-27 14:56:55.700,3764.0000,8733,0,3176508420.000,0,-,-,-,-,3763.8000,3763.2000,3762.6000,3762.4000,3762.2000,3765.2000,3765.4000,3766.0000,3766.6000,3767.0000,2,1,1,6,2,2,1,1,2,1
SF,IF2007,2020-05-27 14:56:56.200,3764.0000,8733,0,3176508420.000,0,-,-,-,-,3763.8000,3763.2000,3762.6000,3762.4000,3762.2000,3765.0000,3765.2000,3765.4000,3766.0000,3766.6000,2,1,1,6,2,3,2,1,1,2
SF,IF2007,2020-05-27 14:56:57.200,3764.0000,8733,0,3176508420.000,0,-,-,-,-,3764.0000,3763.8000,3763.2000,3762.6000,3762.4000,3764.8000,3765.0000,3765.2000,3765.4000,3766.0000,1,2,1,1,6,5,3,2,1,1
SF,IF2007,2020-05-27 14:56:57.700,3764.0000,8733,0,3176508420.000,0,-,-,-,-,3764.0000,3763.8000,3763.2000,3762.6000,3762.4000,3764.8000,3765.0000,3765.2000,3765.4000,3766.0000,1,2,1,1,6,5,3,2,1,1
SF,IF2007,2020-05-27 14:56:58.700,3764.0000,8733,0,3176508420.000,0,-,-,-,-,3764.0000,3763.8000,3763.2000,3762.6000,3762.4000,3764.6000,3764.8000,3765.0000,3765.2000,3765.4000,2,2,1,1,6,1,4,3,2,1
SF,IF2007,2020-05-27 14:56:59.700,3764.0000,8733,0,3176508420.000,0,-,-,-,-,3764.0000,3763.8000,3763.2000,3762.6000,3762.4000,3764.8000,3765.0000,3765.2000,3765.4000,3766.0000,2,2,1,1,6,4,3,2,1,1
SF,IF2007,2020-05-27 14:57:00.200,3764.0000,8733,0,3176508420.000,0,-,-,-,-,3764.0000,3763.8000,3763.2000,3762.6000,3762.4000,3764.8000,3765.0000,3765.2000,3765.4000,3766.0000,2,2,1,1,6,3,3,2,1,1
SF,IF2007,2020-05-27 14:57:00.700,3764.0000,8733,0,3177637620.000,1,0,1,多换,S,3763.8000,3763.2000,3762.6000,3762.4000,3762.2000,3764.8000,3765.0000,3765.2000,3765.4000,3766.0000,2,1,1,6,2,3,1,2,1,1
SF,IF2007,2020-05-27 14:57:01.200,3764.0000,8733,0,3177637620.000,0,-,-,-,-,3763.8000,3763.2000,3762.6000,3762.4000,3762.2000,3764.6000,3764.8000,3765.2000,3765.4000,3766.0000,2,1,1,6,2,2,3,2,1,1
SF,IF2007,2020-05-27 14:57:01.700,3764.0000,8733,0,3177637620.000,0,-,-,-,-,3763.8000,3763.2000,3762.6000,3762.4000,3762.2000,3764.6000,3764.8000,3765.2000,3765.4000,3766.0000,2,1,1,6,2,2,2,2,1,1
SF,IF2007,2020-05-27 14:57:02.200,3764.0000,8733,0,3177637620.000,0,-,-,-,-,3763.8000,3763.2000,3762.6000,3762.4000,3762.2000,3764.4000,3764.6000,3764.8000,3765.2000,3765.4000,2,1,1,6,2,1,3,2,2,1
SF,IF2007,2020-05-27 14:57:03.200,3764.0000,8733,0,3177637620.000,0,-,-,-,-,3763.8000,3763.2000,3762.6000,3762.4000,3762.2000,3764.6000,3764.8000,3765.2000,3765.4000,3766.0000,2,1,1,6,2,3,2,2,1,1
SF,IF2007,2020-05-27 14:57:03.700,3764.0000,8733,0,3177637620.000,0,-,-,-,-,3763.8000,3763.2000,3762.6000,3762.4000,3762.2000,3764.6000,3765.2000,3765.4000,3766.0000,3767.0000,2,1,1,6,2,2,2,1,1,1
SF,IF2007,2020-05-27 14:57:05.200,3764.0000,8733,0,3177637620.000,0,-,-,-,-,3763.8000,3763.2000,3762.6000,3762.4000,3762.2000,3764.6000,3765.2000,3765.4000,3766.0000,3767.0000,2,1,1,6,2,1,2,1,1,1
SF,IF2007,2020-05-27 14:57:05.700,3764.0000,8733,0,3177637620.000,0,-,-,-,-,3763.8000,3763.2000,3762.6000,3762.4000,3762.2000,3764.6000,3765.0000,3765.2000,3765.4000,3766.0000,2,1,1,6,2,1,1,2,1,1
SF,IF2007,2020-05-27 14:57:09.700,3764.6000,8734,1,3178767000.000,1,1,0,双开,S,3763.8000,3763.2000,3762.6000,3762.4000,3762.2000,3765.0000,3765.2000,3765.4000,3766.0000,3767.0000,2,1,1,6,2,1,2,1,1,1
SF,IF2007,2020-05-27 14:57:10.200,3764.6000,8734,0,3178767000.000,0,-,-,-,-,3764.0000,3763.8000,3762.6000,3762.4000,3762.2000,3765.0000,3765.2000,3765.4000,3766.0000,3767.0000,1,2,1,6,2,1,2,1,1,1
SF,IF2007,2020-05-27 14:57:11.200,3764.6000,8734,0,3178767000.000,0,-,-,-,-,3764.0000,3763.8000,3762.6000,3762.4000,3762.2000,3765.2000,3765.4000,3766.0000,3767.0000,3767.6000,1,2,1,6,2,2,1,1,1,1
SF,IF2007,2020-05-27 14:57:12.200,3764.6000,8734,0,3178767000.000,0,-,-,-,-,3764.2000,3764.0000,3763.8000,3762.6000,3762.4000,3765.2000,3765.4000,3765.6000,3766.0000,3767.0000,1,1,2,1,6,2,1,1,1,1
SF,IF2007,2020-05-27 14:57:12.700,3764.6000,8734,0,3178767000.000,0,-,-,-,-,3764.4000,3764.2000,3763.8000,3762.6000,3762.4000,3765.2000,3765.4000,3765.6000,3766.0000,3767.0000,1,1,2,1,6,2,1,1,1,1
SF,IF2007,2020-05-27 14:57:16.200,3764.6000,8734,0,3178767000.000,0,-,-,-,-,3764.4000,3764.2000,3763.8000,3762.6000,3762.4000,3765.0000,3765.2000,3765.4000,3766.0000,3767.0000,1,1,2,1,6,1,2,1,1,1
SF,IF2007,2020-05-27 14:57:16.700,3765.0000,8735,1,3179896500.000,1,1,0,双开,S,3765.0000,3764.4000,3764.2000,3763.8000,3762.6000,3765.2000,3765.4000,3766.0000,3767.0000,3767.6000,1,1,1,2,1,2,1,1,1,1
SF,IF2007,2020-05-27 14:57:17.200,3765.2000,8736,1,3183285120.000,3,2,1,空开,S,3765.2000,3764.4000,3764.2000,3763.8000,3762.6000,3765.4000,3766.0000,3767.0000,3767.6000,3768.4000,1,1,1,2,1,1,1,1,1,3
SF,IF2007,2020-05-27 14:57:18.200,3765.2000,8737,1,3184414680.000,1,1,0,双开,S,3764.4000,3764.2000,3763.8000,3762.6000,3762.4000,3765.4000,3766.0000,3767.0000,3767.6000,3768.4000,1,1,2,1,6,1,1,1,1,3
SF,IF2007,2020-05-27 14:57:19.200,3765.4000,8738,1,3185544300.000,1,1,0,双开,S,3764.6000,3764.4000,3764.2000,3763.8000,3762.6000,3766.0000,3767.0000,3767.6000,3768.4000,3768.8000,2,1,1,2,1,1,1,1,3,1
SF,IF2007,2020-05-27 14:57:19.700,3765.4000,8738,0,3185544300.000,0,-,-,-,-,3764.8000,3764.6000,3763.8000,3762.6000,3762.4000,3765.8000,3766.0000,3767.0000,3767.6000,3768.4000,1,2,2,1,6,1,1,1,1,3
SF,IF2007,2020-05-27 14:57:20.200,3765.4000,8738,0,3185544300.000,0,-,-,-,-,3765.4000,3764.8000,3764.6000,3763.8000,3762.6000,3765.8000,3766.0000,3767.0000,3767.6000,3768.4000,1,1,2,2,1,2,1,1,1,3
SF,IF2007,2020-05-27 14:57:21.700,3765.4000,8739,1,3186673920.000,1,1,0,双开,S,3764.8000,3764.6000,3763.8000,3762.6000,3762.4000,3765.8000,3766.0000,3767.0000,3767.6000,3768.8000,1,2,2,1,6,1,1,1,1,1
SF,IF2007,2020-05-27 14:57:22.200,3765.4000,8739,0,3186673920.000,0,-,-,-,-,3764.8000,3764.6000,3763.8000,3762.6000,3762.4000,3765.8000,3766.0000,3767.0000,3767.6000,3768.8000,1,2,2,1,6,1,1,1,1,1
SF,IF2007,2020-05-27 14:57:30.200,3765.4000,8739,0,3186673920.000,0,-,-,-,-,3764.8000,3764.6000,3763.8000,3762.6000,3762.4000,3765.8000,3766.0000,3767.0000,3767.6000,3768.8000,1,1,2,1,6,1,1,1,1,1
SF,IF2007,2020-05-27 14:57:30.700,3765.4000,8739,0,3186673920.000,0,-,-,-,-,3764.8000,3764.6000,3763.8000,3762.6000,3762.4000,3765.6000,3765.8000,3766.0000,3767.0000,3767.6000,1,1,2,1,6,1,1,1,1,1
SF,IF2007,2020-05-27 14:57:31.200,3765.4000,8739,0,3186673920.000,0,-,-,-,-,3765.0000,3764.8000,3764.6000,3763.8000,3762.6000,3765.6000,3765.8000,3766.0000,3767.0000,3767.6000,2,1,1,2,1,1,1,1,1,1
SF,IF2007,2020-05-27 14:57:32.200,3765.6000,8739,0,3187803600.000,1,0,1,多换,S,3765.0000,3764.8000,3764.6000,3763.8000,3762.6000,3765.8000,3766.0000,3767.0000,3767.6000,3768.8000,2,1,1,2,1,1,1,1,1,1
SF,IF2007,2020-05-27 14:57:32.700,3765.6000,8739,0,3187803600.000,0,-,-,-,-,3765.6000,3765.2000,3765.0000,3764.6000,3763.8000,3765.8000,3766.0000,3767.0000,3767.6000,3768.8000,1,1,2,1,2,1,1,1,1,1
SF,IF2007,2020-05-27 14:57:33.200,3765.6000,8740,1,3188933280.000,1,1,0,双开,S,3765.2000,3765.0000,3763.8000,3762.6000,3762.4000,3766.0000,3767.0000,3767.6000,3768.8000,3770.0000,1,2,2,1,6,1,1,1,1,3
SF,IF2007,2020-05-27 14:57:36.700,3765.6000,8740,0,3188933280.000,0,-,-,-,-,3765.2000,3765.0000,3763.8000,3762.6000,3762.4000,3765.8000,3766.0000,3767.0000,3767.6000,3768.8000,1,2,2,1,6,1,1,1,1,1
SF,IF2007,2020-05-27 14:57:37.200,3765.8000,8741,1,3190063020.000,1,1,0,双开,S,3765.2000,3765.0000,3763.8000,3762.6000,3762.4000,3766.0000,3767.0000,3767.6000,3768.8000,3770.0000,1,2,2,1,6,1,1,1,1,3
SF,IF2007,2020-05-27 14:57:38.700,3765.2000,8741,0,3191192580.000,1,0,1,多换,S,3765.0000,3763.8000,3762.6000,3762.4000,3762.2000,3766.0000,3767.0000,3767.6000,3768.8000,3770.0000,2,2,1,6,2,1,1,1,1,3
SF,IF2007,2020-05-27 14:57:40.200,3765.2000,8741,0,3191192580.000,0,-,-,-,-,3765.0000,3763.8000,3762.6000,3762.4000,3762.2000,3766.0000,3767.0000,3767.6000,3768.8000,3770.0000,3,2,1,6,2,1,1,1,1,3
SF,IF2007,2020-05-27 14:57:40.700,3765.2000,8741,0,3191192580.000,0,-,-,-,-,3765.0000,3763.8000,3762.6000,3762.4000,3762.2000,3766.0000,3767.0000,3767.6000,3768.8000,3770.0000,3,2,1,6,2,2,1,1,1,3
SF,IF2007,2020-05-27 14:57:41.200,3765.2000,8741,0,3191192580.000,0,-,-,-,-,3765.2000,3765.0000,3763.8000,3762.6000,3762.4000,3766.0000,3767.0000,3767.6000,3768.8000,3770.0000,1,3,2,1,6,2,1,1,1,3
SF,IF2007,2020-05-27 14:57:42.200,3766.0000,8742,1,3192322380.000,1,1,0,双开,S,3765.2000,3765.0000,3763.8000,3762.6000,3762.4000,3766.0000,3767.0000,3767.6000,3768.8000,3770.0000,1,3,2,1,6,1,1,1,1,3
SF,IF2007,2020-05-27 14:57:44.200,3766.0000,8743,1,3193452180.000,1,1,0,双开,S,3765.2000,3765.0000,3763.8000,3762.6000,3762.4000,3767.0000,3767.6000,3768.8000,3770.0000,3772.2000,1,3,2,1,6,1,1,1,3,1
SF,IF2007,2020-05-27 14:57:44.700,3766.0000,8743,0,3193452180.000,0,-,-,-,-,3765.2000,3765.0000,3763.8000,3762.6000,3762.4000,3766.4000,3766.6000,3766.8000,3767.0000,3767.6000,1,3,2,1,6,1,1,1,1,1
SF,IF2007,2020-05-27 14:57:45.200,3766.0000,8743,0,3193452180.000,0,-,-,-,-,3766.0000,3765.2000,3765.0000,3763.8000,3762.6000,3766.4000,3766.6000,3766.8000,3767.0000,3767.6000,1,1,4,2,1,2,1,1,1,1
SF,IF2007,2020-05-27 14:57:46.700,3766.0000,8743,0,3193452180.000,0,-,-,-,-,3766.0000,3765.2000,3765.0000,3763.8000,3762.6000,3766.4000,3766.6000,3766.8000,3767.0000,3767.6000,1,1,4,2,1,2,1,1,1,1
SF,IF2007,2020-05-27 14:57:51.200,3766.0000,8743,0,3193452180.000,0,-,-,-,-,3765.2000,3765.0000,3763.8000,3762.6000,3762.4000,3766.4000,3766.6000,3766.8000,3767.0000,3767.6000,1,4,2,1,6,2,1,1,1,1
SF,IF2007,2020-05-27 14:57:51.700,3766.0000,8743,0,3193452180.000,0,-,-,-,-,3765.4000,3765.2000,3765.0000,3763.8000,3762.6000,3766.6000,3766.8000,3767.0000,3767.6000,3768.8000,3,1,3,2,1,1,1,1,1,1
SF,IF2007,2020-05-27 14:57:52.200,3766.0000,8743,0,3193452180.000,0,-,-,-,-,3765.6000,3765.4000,3765.0000,3763.8000,3762.6000,3766.6000,3766.8000,3767.0000,3767.6000,3768.8000,1,3,3,2,1,1,1,1,1,1
SF,IF2007,2020-05-27 14:57:54.200,3766.0000,8743,0,3193452180.000,0,-,-,-,-,3765.8000,3765.6000,3765.4000,3765.0000,3763.8000,3766.6000,3766.8000,3767.0000,3767.6000,3768.8000,1,1,3,3,2,1,1,1,1,1
SF,IF2007,2020-05-27 14:57:54.700,3766.0000,8743,0,3193452180.000,0,-,-,-,-,3766.0000,3765.8000,3765.4000,3765.0000,3763.8000,3767.0000,3767.6000,3768.8000,3770.0000,3772.2000,1,1,3,3,2,1,1,1,3,1
SF,IF2007,2020-05-27 14:57:55.200,3766.0000,8743,0,3193452180.000,0,-,-,-,-,3766.0000,3765.8000,3765.0000,3763.8000,3762.6000,3767.0000,3767.6000,3768.8000,3770.0000,3772.2000,1,1,3,2,1,1,1,1,3,1
SF,IF2007,2020-05-27 14:57:56.200,3766.0000,8744,1,3194581980.000,1,1,0,双开,S,3765.0000,3763.8000,3762.6000,3762.4000,3762.2000,3766.0000,3767.0000,3767.6000,3768.8000,3770.0000,3,2,1,6,2,1,1,1,1,3
SF,IF2007,2020-05-27 14:57:56.700,3766.0000,8745,1,3195711780.000,1,1,0,双开,S,3766.6000,3766.0000,3765.2000,3765.0000,3763.8000,3767.0000,3767.6000,3768.8000,3770.0000,3772.2000,1,1,3,3,2,1,1,1,3,1
SF,IF2007,2020-05-27 14:57:57.200,3766.6000,8745,0,3196841760.000,1,0,1,多换,S,3766.0000,3765.2000,3765.0000,3763.8000,3762.6000,3766.8000,3767.0000,3767.6000,3768.8000,3770.0000,1,1,3,2,1,2,1,1,1,3
SF,IF2007,2020-05-27 14:57:57.700,3766.6000,8745,0,3196841760.000,0,-,-,-,-,3765.2000,3765.0000,3763.8000,3762.6000,3762.4000,3766.8000,3767.0000,3767.6000,3768.8000,3770.0000,1,3,2,1,5,2,1,1,1,3
SF,IF2007,2020-05-27 14:57:58.200,3766.6000,8745,0,3196841760.000,0,-,-,-,-,3765.6000,3765.4000,3765.2000,3765.0000,3763.8000,3766.6000,3766.8000,3767.0000,3767.6000,3768.8000,1,2,1,3,2,4,2,1,1,1
SF,IF2007,2020-05-27 14:57:58.700,3765.4000,8746,1,3199101060.000,2,1,1,空开,S,3765.4000,3765.2000,3765.0000,3763.8000,3762.6000,3766.2000,3766.4000,3766.6000,3766.8000,3767.0000,1,1,3,2,1,2,1,4,1,1
SF,IF2007,2020-05-27 14:57:59.200,3766.2000,8747,1,3202490640.000,3,2,1,空开,S,3766.2000,3765.4000,3765.2000,3765.0000,3763.8000,3766.4000,3766.6000,3766.8000,3767.0000,3767.6000,2,1,1,3,2,1,4,1,1,1
SF,IF2007,2020-05-27 14:57:59.700,3766.2000,8747,0,3202490640.000,0,-,-,-,-,3766.4000,3766.2000,3765.6000,3765.4000,3765.2000,3766.6000,3766.8000,3767.0000,3767.6000,3768.8000,1,2,1,1,1,3,1,1,1,1
SF,IF2007,2020-05-27 14:58:00.200,3766.6000,8748,1,3204750540.000,2,1,1,空开,S,3766.2000,3765.8000,3765.4000,3765.2000,3765.0000,3766.6000,3766.8000,3767.0000,3767.6000,3768.8000,2,1,1,1,3,1,1,1,1,1
SF,IF2007,2020-05-27 14:58:00.700,3766.6000,8748,0,3204750540.000,0,-,-,-,-,3765.8000,3765.4000,3765.2000,3765.0000,3763.8000,3766.6000,3766.8000,3767.0000,3767.2000,3767.6000,2,1,1,3,2,1,1,1,1,1
SF,IF2007,2020-05-27 14:58:01.700,3766.6000,8748,0,3204750540.000,0,-,-,-,-,3765.8000,3765.4000,3765.2000,3765.0000,3763.8000,3766.6000,3766.8000,3767.0000,3767.2000,3767.6000,1,1,1,3,2,1,1,1,1,1
SF,IF2007,2020-05-27 14:58:02.200,3766.6000,8748,0,3204750540.000,0,-,-,-,-,3765.8000,3765.2000,3765.0000,3763.8000,3762.6000,3766.6000,3766.8000,3767.0000,3767.2000,3767.6000,1,1,3,2,1,2,1,1,1,1
SF,IF2007,2020-05-27 14:58:02.700,3765.2000,8750,2,3208139640.000,3,2,1,空开,S,3766.0000,3765.0000,3763.8000,3762.6000,3762.4000,3766.6000,3766.8000,3767.0000,3767.2000,3767.6000,1,3,2,1,4,2,1,1,1,1
SF,IF2007,2020-05-27 14:58:03.200,3765.2000,8750,0,3208139640.000,0,-,-,-,-,3765.0000,3763.8000,3762.6000,3762.4000,3762.2000,3766.4000,3766.6000,3766.8000,3767.0000,3767.2000,3,2,1,4,2,2,2,1,1,1
SF,IF2007,2020-05-27 14:58:03.700,3765.2000,8750,0,3208139640.000,0,-,-,-,-,3765.4000,3765.2000,3765.0000,3763.8000,3762.4000,3766.4000,3766.6000,3766.8000,3767.0000,3767.2000,2,3,3,2,4,2,2,1,1,1
SF,IF2007,2020-05-27 14:58:04.200,3765.2000,8750,0,3208139640.000,0,-,-,-,-,3765.4000,3765.2000,3765.0000,3763.8000,3762.4000,3766.4000,3766.6000,3766.8000,3767.0000,3767.6000,1,2,3,2,4,2,2,1,1,1
SF,IF2007,2020-05-27 14:58:04.700,3765.2000,8750,0,3208139640.000,0,-,-,-,-,3765.4000,3765.2000,3765.0000,3764.8000,3763.8000,3766.4000,3766.6000,3766.8000,3767.0000,3767.6000,2,2,3,1,2,2,2,1,1,1
SF,IF2007,2020-05-27 14:58:05.200,3765.2000,8750,0,3208139640.000,0,-,-,-,-,3765.4000,3765.2000,3765.0000,3764.8000,3763.8000,3766.2000,3766.4000,3766.6000,3766.8000,3767.0000,2,2,3,1,2,1,2,2,1,1
SF,IF2007,2020-05-27 14:58:05.700,3766.2000,8751,1,3210399300.000,2,1,1,空开,S,3765.2000,3765.0000,3764.8000,3763.8000,3762.4000,3766.4000,3766.6000,3766.8000,3767.0000,3767.6000,2,4,1,2,4,1,2,1,1,1
SF,IF2007,2020-05-27 14:58:06.200,3766.2000,8751,0,3210399300.000,0,-,-,-,-,3765.4000,3765.2000,3765.0000,3764.8000,3763.8000,3766.4000,3766.6000,3767.0000,3767.6000,3768.8000,1,2,4,1,2,1,3,1,1,1
SF,IF2007,2020-05-27 14:58:06.700,3766.2000,8751,0,3210399300.000,0,-,-,-,-,3765.4000,3765.2000,3765.0000,3764.8000,3763.8000,3766.0000,3766.2000,3766.4000,3766.6000,3767.0000,2,2,3,1,2,2,1,1,2,1
SF,IF2007,2020-05-27 14:58:07.200,3766.0000,8753,2,3212658900.000,2,2,0,双开,S,3766.0000,3765.4000,3765.2000,3765.0000,3763.8000,3766.4000,3766.6000,3767.0000,3767.6000,3768.8000,2,4,2,3,2,1,2,1,1,1
SF,IF2007,2020-05-27 14:58:07.700,3766.4000,8754,1,3213788820.000,1,1,0,双开,S,3765.4000,3765.2000,3765.0000,3763.8000,3762.4000,3766.6000,3767.0000,3767.6000,3768.8000,3770.0000,4,2,3,2,4,2,1,1,1,3
SF,IF2007,2020-05-27 14:58:08.200,3766.4000,8754,0,3213788820.000,0,-,-,-,-,3765.4000,3765.2000,3765.0000,3763.8000,3762.4000,3766.4000,3766.6000,3767.0000,3767.6000,3768.8000,4,2,3,2,4,1,2,2,1,1
SF,IF2007,2020-05-27 14:58:09.200,3766.4000,8754,0,3213788820.000,0,-,-,-,-,3765.6000,3765.4000,3765.2000,3765.0000,3763.8000,3766.4000,3766.6000,3767.0000,3767.6000,3768.8000,1,4,2,3,2,1,2,2,1,1
SF,IF2007,2020-05-27 14:58:09.700,3766.4000,8754,0,3213788820.000,0,-,-,-,-,3765.6000,3765.4000,3765.2000,3765.0000,3763.8000,3766.4000,3766.6000,3767.0000,3767.6000,3768.8000,1,3,2,3,2,2,2,1,1,1
SF,IF2007,2020-05-27 14:58:10.200,3766.4000,8754,0,3213788820.000,0,-,-,-,-,3765.6000,3765.4000,3765.2000,3765.0000,3763.8000,3766.4000,3766.6000,3767.0000,3767.6000,3768.8000,1,3,1,3,2,2,2,1,1,1
SF,IF2007,2020-05-27 14:58:10.700,3766.4000,8754,0,3213788820.000,0,-,-,-,-,3765.8000,3765.6000,3765.4000,3765.2000,3765.0000,3766.4000,3766.6000,3767.0000,3767.6000,3768.8000,1,1,3,1,3,2,2,1,1,1
SF,IF2007,2020-05-27 14:58:11.200,3766.4000,8755,1,3216048660.000,2,1,1,空开,S,3766.4000,3765.8000,3765.6000,3765.4000,3765.2000,3766.6000,3767.0000,3767.6000,3768.8000,3770.0000,1,1,1,3,1,2,1,1,1,3
SF,IF2007,2020-05-27 14:58:11.700,3766.4000,8756,1,3217178580.000,1,1,0,双开,S,3765.8000,3765.6000,3765.4000,3765.2000,3765.0000,3766.6000,3767.0000,3767.6000,3768.8000,3770.0000,1,2,3,1,3,2,2,1,1,3
SF,IF2007,2020-05-27 14:58:12.200,3766.4000,8756,0,3217178580.000,0,-,-,-,-,3765.8000,3765.6000,3765.4000,3765.2000,3765.0000,3766.6000,3767.0000,3767.6000,3768.8000,3770.0000,1,3,3,1,3,2,2,1,1,3
SF,IF2007,2020-05-27 14:58:12.700,3765.8000,8757,1,3218308320.000,1,1,0,双开,S,3765.6000,3765.4000,3765.2000,3765.0000,3763.8000,3766.6000,3767.0000,3767.6000,3768.8000,3770.0000,5,2,1,4,2,2,2,1,1,3
SF,IF2007,2020-05-27 14:58:13.200,3765.8000,8757,0,3218308320.000,0,-,-,-,-,3765.8000,3765.6000,3765.4000,3765.2000,3765.0000,3766.4000,3766.6000,3767.0000,3767.6000,3768.8000,1,5,1,1,4,1,2,2,1,1
SF,IF2007,2020-05-27 14:58:13.700,3766.4000,8757,0,3219438240.000,1,0,1,多换,S,3766.4000,3766.0000,3765.8000,3765.6000,3765.4000,3766.6000,3767.0000,3767.6000,3768.8000,3770.0000,1,1,1,5,1,2,2,1,1,3
SF,IF2007,2020-05-27 14:58:14.200,3766.4000,8759,2,3225088080.000,5,3,2,空开,S,3766.0000,3765.8000,3765.6000,3765.4000,3765.2000,3767.0000,3767.6000,3768.8000,3770.0000,3772.2000,2,1,5,1,1,2,1,1,3,1
SF,IF2007,2020-05-27 14:58:14.700,3767.0000,8761,2,3227348280.000,2,2,0,双开,S,3766.0000,3765.8000,3765.6000,3765.4000,3765.2000,3767.6000,3768.8000,3770.0000,3772.2000,3772.6000,2,2,5,1,1,1,1,3,1,3
SF,IF2007,2020-05-27 14:58:15.200,3767.0000,8762,1,3228478380.000,1,1,0,双开,S,3766.2000,3766.0000,3765.8000,3765.6000,3765.4000,3766.4000,3767.2000,3767.6000,3768.8000,3770.0000,1,2,1,5,1,1,1,1,1,3
SF,IF2007,2020-05-27 14:58:15.700,3766.4000,8763,1,3229608300.000,1,1,0,双开,S,3766.6000,3766.4000,3766.2000,3766.0000,3765.8000,3767.2000,3767.6000,3768.8000,3770.0000,3772.2000,1,1,1,2,1,1,2,1,3,1
SF,IF2007,2020-05-27 14:58:16.200,3766.4000,8763,0,3229608300.000,0,-,-,-,-,3766.4000,3766.2000,3766.0000,3765.8000,3765.6000,3767.2000,3767.4000,3767.6000,3768.8000,3770.0000,1,1,2,1,5,1,2,2,1,3
SF,IF2007,2020-05-27 14:58:16.700,3767.2000,8764,1,3230738460.000,1,1,0,双开,S,3766.6000,3766.0000,3765.8000,3765.6000,3765.4000,3767.6000,3768.8000,3770.0000,3772.2000,3772.6000,1,2,1,5,1,2,1,3,1,3
SF,IF2007,2020-05-27 14:58:17.200,3767.2000,8764,0,3230738460.000,0,-,-,-,-,3766.0000,3765.8000,3765.6000,3765.4000,3765.2000,3767.4000,3767.6000,3768.8000,3770.0000,3772.2000,2,1,5,1,1,1,2,1,3,1
SF,IF2007,2020-05-27 14:58:17.700,3767.2000,8764,0,3230738460.000,0,-,-,-,-,3766.4000,3766.2000,3766.0000,3765.6000,3765.4000,3767.4000,3767.6000,3768.8000,3770.0000,3772.2000,1,1,2,5,1,1,2,1,3,1
SF,IF2007,2020-05-27 14:58:18.200,3767.2000,8764,0,3230738460.000,0,-,-,-,-,3766.2000,3766.0000,3765.6000,3765.4000,3765.2000,3767.4000,3767.6000,3768.8000,3770.0000,3772.2000,1,2,5,1,1,1,2,1,3,1
SF,IF2007,2020-05-27 14:58:18.700,3767.2000,8764,0,3230738460.000,0,-,-,-,-,3766.2000,3766.0000,3765.6000,3765.4000,3765.2000,3766.8000,3767.2000,3767.4000,3767.6000,3768.8000,1,2,4,1,1,2,1,2,2,1
SF,IF2007,2020-05-27 14:58:19.700,3766.8000,8766,2,3232998540.000,2,2,0,双开,S,3766.2000,3766.0000,3765.6000,3765.4000,3765.2000,3767.2000,3767.4000,3767.6000,3768.8000,3770.0000,2,2,4,1,1,1,2,2,1,3
SF,IF2007,2020-05-27 14:58:20.200,3766.8000,8766,0,3232998540.000,0,-,-,-,-,3766.2000,3766.0000,3765.6000,3765.4000,3765.2000,3767.4000,3767.6000,3768.8000,3770.0000,3772.2000,2,2,4,1,1,2,2,1,3,1
SF,IF2007,2020-05-27 14:58:20.700,3766.8000,8766,0,3232998540.000,0,-,-,-,-,3766.6000,3766.2000,3766.0000,3765.6000,3765.4000,3767.4000,3767.6000,3768.8000,3770.0000,3772.2000,1,2,3,4,1,2,2,1,3,1
SF,IF2007,2020-05-27 14:58:21.200,3766.8000,8766,0,3232998540.000,0,-,-,-,-,3766.6000,3766.4000,3766.2000,3766.0000,3765.6000,3767.4000,3767.6000,3768.8000,3770.0000,3772.2000,1,1,2,3,4,2,2,1,3,1
SF,IF2007,2020-05-27 14:58:21.700,3766.8000,8766,0,3232998540.000,0,-,-,-,-,3766.4000,3766.2000,3766.0000,3765.6000,3765.2000,3767.4000,3767.6000,3768.8000,3770.0000,3772.2000,1,2,3,3,1,2,2,1,3,1
SF,IF2007,2020-05-27 14:58:22.700,3766.8000,8766,0,3232998540.000,0,-,-,-,-,3766.4000,3766.2000,3766.0000,3765.6000,3765.0000,3767.4000,3767.6000,3768.8000,3770.0000,3772.2000,1,2,3,2,4,2,2,1,3,1
SF,IF2007,2020-05-27 14:58:23.200,3766.8000,8766,0,3232998540.000,0,-,-,-,-,3766.4000,3766.2000,3766.0000,3765.6000,3765.0000,3767.2000,3767.4000,3767.6000,3768.8000,3770.0000,1,2,3,2,4,1,2,2,1,3
SF,IF2007,2020-05-27 14:58:23.700,3766.8000,8766,0,3232998540.000,0,-,-,-,-,3766.2000,3766.0000,3765.6000,3765.0000,3763.8000,3767.2000,3767.4000,3767.6000,3768.8000,3770.0000,2,3,2,4,2,1,2,2,1,3
SF,IF2007,2020-05-27 14:58:24.200,3766.8000,8766,0,3232998540.000,0,-,-,-,-,3766.2000,3766.0000,3765.6000,3765.0000,3763.8000,3767.0000,3767.2000,3767.4000,3767.6000,3768.8000,2,3,2,4,2,1,1,2,2,1
SF,IF2007,2020-05-27 14:58:25.200,3766.8000,8766,0,3232998540.000,0,-,-,-,-,3766.2000,3766.0000,3765.6000,3765.0000,3763.8000,3767.2000,3767.4000,3767.6000,3768.8000,3770.0000,2,3,2,4,2,1,2,2,1,3
SF,IF2007,2020-05-27 14:58:26.700,3766.8000,8766,0,3232998540.000,0,-,-,-,-,3766.2000,3766.0000,3765.6000,3765.0000,3763.8000,3767.0000,3767.2000,3767.4000,3767.6000,3768.8000,2,3,2,4,2,1,1,2,1,1
SF,IF2007,2020-05-27 14:58:27.200,3766.8000,8766,0,3232998540.000,0,-,-,-,-,3766.2000,3766.0000,3765.6000,3765.0000,3763.8000,3766.8000,3767.0000,3767.2000,3767.4000,3767.6000,1,3,1,4,2,1,1,1,2,1
SF,IF2007,2020-05-27 14:58:27.700,3766.8000,8766,0,3232998540.000,0,-,-,-,-,3766.0000,3765.6000,3765.0000,3763.8000,3762.4000,3767.0000,3767.2000,3767.4000,3767.6000,3768.4000,3,1,4,2,4,1,1,2,1,2
SF,IF2007,2020-05-27 14:58:28.200,3766.8000,8766,0,3232998540.000,0,-,-,-,-,3766.0000,3765.6000,3765.0000,3763.8000,3762.4000,3766.8000,3767.0000,3767.2000,3767.4000,3767.6000,3,1,4,2,4,1,1,3,2,1
SF,IF2007,2020-05-27 14:58:28.700,3766.8000,8766,0,3232998540.000,0,-,-,-,-,3766.0000,3765.0000,3763.8000,3762.4000,3762.2000,3766.8000,3767.0000,3767.2000,3767.4000,3767.6000,3,4,2,4,1,1,1,3,2,1
SF,IF2007,2020-05-27 14:58:30.700,3766.8000,8766,0,3232998540.000,0,-,-,-,-,3766.0000,3765.0000,3763.8000,3762.4000,3762.2000,3767.0000,3767.2000,3767.4000,3767.6000,3768.8000,3,4,2,4,1,1,3,2,1,1
SF,IF2007,2020-05-27 14:58:32.200,3766.8000,8766,0,3232998540.000,0,-,-,-,-,3766.2000,3766.0000,3765.0000,3763.8000,3762.4000,3767.0000,3767.2000,3767.4000,3767.6000,3768.8000,1,3,4,2,4,1,2,2,1,1
SF,IF2007,2020-05-27 14:58:33.200,3766.8000,8766,0,3232998540.000,0,-,-,-,-,3766.2000,3766.0000,3765.0000,3763.8000,3762.4000,3767.0000,3767.2000,3767.4000,3767.6000,3768.0000,1,3,4,2,4,1,2,2,1,10
SF,IF2007,2020-05-27 14:58:33.700,3766.8000,8766,0,3232998540.000,0,-,-,-,-,3766.0000,3765.0000,3763.8000,3762.4000,3762.2000,3767.0000,3767.2000,3767.4000,3767.6000,3768.0000,3,4,2,4,1,1,2,2,1,10
SF,IF2007,2020-05-27 14:58:34.200,3766.8000,8766,0,3232998540.000,0,-,-,-,-,3766.0000,3765.0000,3763.8000,3762.4000,3762.2000,3766.8000,3767.0000,3767.2000,3767.4000,3767.6000,3,4,2,4,1,1,1,2,2,1
SF,IF2007,2020-05-27 14:58:37.200,3766.8000,8766,0,3232998540.000,0,-,-,-,-,3766.0000,3765.0000,3763.8000,3762.4000,3762.2000,3766.6000,3766.8000,3767.0000,3767.2000,3767.4000,3,4,2,4,1,1,1,1,2,2
SF,IF2007,2020-05-27 14:58:38.200,3766.8000,8766,0,3232998540.000,0,-,-,-,-,3766.0000,3765.0000,3763.8000,3762.4000,3762.2000,3766.2000,3766.8000,3767.0000,3767.2000,3767.4000,3,4,2,4,1,2,1,1,2,2
SF,IF2007,2020-05-27 14:58:38.700,3766.2000,8766,0,3235258260.000,2,1,1,多换,S,3766.2000,3766.0000,3765.0000,3763.8000,3762.4000,3767.0000,3767.2000,3767.4000,3767.6000,3768.0000,2,3,4,2,4,1,2,1,1,10
SF,IF2007,2020-05-27 14:58:39.700,3766.2000,8766,0,3235258260.000,0,-,-,-,-,3766.0000,3765.0000,3763.8000,3762.4000,3762.2000,3766.8000,3767.0000,3767.2000,3767.4000,3767.6000,3,4,2,4,1,1,1,2,1,1
SF,IF2007,2020-05-27 14:58:41.700,3766.2000,8766,0,3235258260.000,0,-,-,-,-,3766.0000,3765.0000,3763.8000,3762.4000,3762.2000,3766.8000,3767.0000,3767.2000,3767.4000,3767.6000,3,4,2,4,1,2,1,2,1,1
SF,IF2007,2020-05-27 14:58:42.200,3766.2000,8766,0,3235258260.000,0,-,-,-,-,3766.0000,3765.0000,3763.8000,3762.4000,3762.2000,3766.6000,3766.8000,3767.2000,3767.4000,3767.6000,3,4,2,4,1,1,2,2,1,1
SF,IF2007,2020-05-27 14:58:42.700,3766.6000,8766,0,3236388240.000,1,0,1,多换,S,3766.0000,3765.0000,3763.8000,3762.4000,3762.2000,3766.8000,3767.2000,3767.4000,3767.6000,3768.0000,3,4,2,4,1,2,2,1,1,10
SF,IF2007,2020-05-27 14:58:45.200,3766.6000,8766,0,3236388240.000,0,-,-,-,-,3766.0000,3765.0000,3763.8000,3762.4000,3762.2000,3766.6000,3766.8000,3767.2000,3767.4000,3767.6000,3,4,2,4,1,1,1,2,1,1
SF,IF2007,2020-05-27 14:58:45.700,3766.6000,8766,0,3236388240.000,0,-,-,-,-,3766.0000,3765.0000,3763.8000,3762.4000,3762.2000,3766.6000,3766.8000,3767.2000,3767.4000,3767.6000,2,4,2,4,1,1,1,2,1,1
SF,IF2007,2020-05-27 14:58:46.200,3766.0000,8766,0,3237518040.000,1,0,1,多换,S,3766.0000,3765.0000,3763.8000,3762.4000,3762.2000,3766.6000,3766.8000,3767.2000,3767.4000,3767.6000,1,4,2,4,1,1,1,2,1,1
SF,IF2007,2020-05-27 14:58:46.700,3766.6000,8765,-1,3238648020.000,1,0,1,双平,S,3766.0000,3765.0000,3763.8000,3762.4000,3762.2000,3766.8000,3767.2000,3767.4000,3767.6000,3768.0000,1,4,2,4,1,1,2,1,1,10
SF,IF2007,2020-05-27 14:58:47.700,3766.6000,8765,0,3238648020.000,0,-,-,-,-,3766.0000,3765.0000,3763.8000,3762.4000,3762.2000,3766.6000,3766.8000,3767.2000,3767.4000,3767.6000,1,3,2,4,1,1,2,2,1,1
SF,IF2007,2020-05-27 14:58:48.700,3766.8000,8765,0,3239778060.000,1,0,1,多换,S,3766.0000,3765.0000,3763.8000,3762.4000,3762.2000,3766.8000,3767.2000,3767.4000,3767.6000,3768.0000,1,3,2,4,1,1,2,1,1,10
SF,IF2007,2020-05-27 14:58:49.700,3766.8000,8765,0,3239778060.000,0,-,-,-,-,3766.0000,3765.0000,3763.8000,3762.4000,3762.2000,3766.8000,3767.2000,3767.4000,3767.6000,3768.0000,1,3,2,4,1,1,2,1,1,10
SF,IF2007,2020-05-27 14:58:50.200,3766.8000,8765,0,3239778060.000,0,-,-,-,-,3766.0000,3765.0000,3763.8000,3762.4000,3762.2000,3766.6000,3766.8000,3767.2000,3767.4000,3767.6000,1,3,2,4,1,1,1,2,1,1
SF,IF2007,2020-05-27 14:58:56.700,3766.6000,8765,0,3240908040.000,1,0,1,多换,S,3766.0000,3765.0000,3763.8000,3762.4000,3762.2000,3766.8000,3767.2000,3767.4000,3767.6000,3768.0000,1,3,2,4,1,1,2,1,1,10
SF,IF2007,2020-05-27 14:58:57.200,3766.6000,8765,0,3240908040.000,0,-,-,-,-,3766.2000,3766.0000,3765.0000,3763.8000,3762.4000,3766.8000,3767.2000,3767.4000,3767.6000,3768.0000,1,1,3,2,4,1,2,1,1,10
SF,IF2007,2020-05-27 14:58:57.700,3766.6000,8765,0,3240908040.000,0,-,-,-,-,3766.2000,3766.0000,3765.0000,3763.8000,3762.4000,3766.8000,3767.2000,3767.4000,3767.6000,3768.0000,1,2,3,2,4,1,2,1,1,10
SF,IF2007,2020-05-27 14:58:58.200,3766.8000,8764,-1,3242038080.000,1,0,1,双平,S,3766.2000,3766.0000,3765.0000,3763.8000,3762.4000,3767.2000,3767.4000,3767.6000,3768.0000,3768.8000,1,2,3,2,4,2,1,1,10,1
SF,IF2007,2020-05-27 14:58:58.700,3766.8000,8764,0,3242038080.000,0,-,-,-,-,3766.2000,3766.0000,3765.0000,3763.8000,3762.4000,3767.0000,3767.2000,3767.6000,3768.0000,3768.8000,1,2,3,2,4,1,2,1,10,1
SF,IF2007,2020-05-27 14:58:59.700,3766.2000,8765,1,3243167940.000,1,1,0,双开,S,3766.0000,3765.0000,3763.8000,3762.4000,3762.2000,3766.8000,3767.0000,3767.6000,3768.0000,3768.8000,2,3,2,4,1,2,1,1,10,1
SF,IF2007,2020-05-27 14:59:00.200,3766.0000,8766,1,3244297740.000,1,1,0,双开,S,3766.0000,3765.0000,3763.8000,3762.4000,3762.2000,3766.8000,3767.0000,3767.6000,3768.0000,3768.8000,1,3,2,4,1,2,1,1,10,1
SF,IF2007,2020-05-27 14:59:00.700,3766.0000,8766,0,3244297740.000,0,-,-,-,-,3766.0000,3765.0000,3763.8000,3762.4000,3762.2000,3766.6000,3766.8000,3767.0000,3767.6000,3768.0000,1,3,2,4,1,1,2,1,1,10
SF,IF2007,2020-05-27 14:59:01.200,3766.6000,8767,1,3245427720.000,1,1,0,双开,S,3766.0000,3765.0000,3763.8000,3762.4000,3762.2000,3766.8000,3767.0000,3767.6000,3768.0000,3768.8000,1,3,2,4,1,2,1,1,10,1
SF,IF2007,2020-05-27 14:59:01.700,3766.6000,8767,0,3245427720.000,0,-,-,-,-,3766.2000,3766.0000,3765.0000,3763.8000,3762.4000,3767.0000,3767.6000,3768.0000,3768.8000,3770.0000,1,1,3,2,4,1,1,10,1,3
SF,IF2007,2020-05-27 14:59:02.200,3766.0000,8767,0,3247687380.000,2,1,1,多换,S,3765.0000,3763.8000,3762.4000,3762.2000,3760.6000,3767.0000,3767.6000,3768.0000,3768.8000,3770.0000,3,2,4,1,3,1,1,10,1,3
SF,IF2007,2020-05-27 14:59:02.700,3766.0000,8767,0,3247687380.000,0,-,-,-,-,3765.2000,3765.0000,3763.8000,3762.4000,3760.6000,3767.0000,3767.6000,3768.0000,3768.8000,3770.0000,2,3,2,4,3,1,1,10,1,3
SF,IF2007,2020-05-27 14:59:03.200,3767.0000,8768,1,3248817480.000,1,1,0,双开,S,3765.4000,3765.2000,3765.0000,3763.8000,3762.4000,3767.6000,3768.0000,3768.8000,3770.0000,3770.8000,2,2,3,2,4,1,10,1,3,1
SF,IF2007,2020-05-27 14:59:03.700,3767.6000,8768,0,3249947760.000,1,0,1,多换,S,3765.6000,3765.4000,3765.2000,3765.0000,3763.8000,3768.0000,3768.8000,3770.0000,3770.8000,3772.2000,1,2,2,3,2,10,1,3,1,1
SF,IF2007,2020-05-27 14:59:04.200,3767.6000,8768,0,3249947760.000,0,-,-,-,-,3765.6000,3765.4000,3765.2000,3765.0000,3763.8000,3767.4000,3767.8000,3768.0000,3768.8000,3770.0000,2,2,2,3,2,2,3,10,1,3
SF,IF2007,2020-05-27 14:59:04.700,3767.6000,8768,0,3249947760.000,0,-,-,-,-,3766.0000,3765.6000,3765.4000,3765.2000,3765.0000,3767.4000,3767.6000,3767.8000,3768.0000,3768.8000,1,2,2,1,3,2,2,3,10,1
SF,IF2007,2020-05-27 14:59:05.200,3767.6000,8768,0,3249947760.000,0,-,-,-,-,3766.2000,3766.0000,3765.6000,3765.4000,3765.2000,3767.4000,3767.6000,3767.8000,3768.0000,3768.8000,1,1,1,2,1,2,2,3,10,1
SF,IF2007,2020-05-27 14:59:06.200,3767.6000,8768,0,3249947760.000,0,-,-,-,-,3766.2000,3766.0000,3765.6000,3765.4000,3765.2000,3767.4000,3767.6000,3767.8000,3768.0000,3768.8000,1,1,1,2,1,2,2,3,10,1
SF,IF2007,2020-05-27 14:59:07.700,3767.6000,8768,0,3249947760.000,0,-,-,-,-,3766.2000,3766.0000,3765.6000,3765.4000,3765.2000,3767.2000,3767.4000,3767.6000,3767.8000,3768.0000,1,1,1,2,1,1,2,2,3,10
SF,IF2007,2020-05-27 14:59:09.200,3767.4000,8769,1,3251077980.000,1,1,0,双开,S,3766.2000,3766.0000,3765.6000,3765.4000,3765.2000,3767.4000,3767.6000,3767.8000,3768.0000,3768.8000,1,1,1,1,1,2,2,3,10,1
SF,IF2007,2020-05-27 14:59:09.700,3767.4000,8769,0,3251077980.000,0,-,-,-,-,3766.2000,3766.0000,3765.6000,3765.4000,3765.2000,3767.4000,3767.6000,3767.8000,3768.0000,3768.8000,1,1,1,1,1,2,2,3,10,2
SF,IF2007,2020-05-27 14:59:10.200,3767.4000,8769,0,3251077980.000,0,-,-,-,-,3766.4000,3766.2000,3765.6000,3765.4000,3765.2000,3767.4000,3767.6000,3767.8000,3768.0000,3768.8000,1,1,1,1,1,2,2,3,10,2
SF,IF2007,2020-05-27 14:59:10.700,3767.4000,8769,0,3251077980.000,0,-,-,-,-,3766.6000,3766.4000,3765.4000,3765.2000,3765.0000,3767.2000,3767.4000,3767.6000,3767.8000,3768.0000,1,1,1,1,3,1,2,1,3,10
SF,IF2007,2020-05-27 14:59:11.200,3766.4000,8770,1,3252207900.000,1,1,0,双开,S,3765.2000,3765.0000,3763.8000,3762.4000,3756.0000,3767.2000,3767.4000,3767.6000,3767.8000,3768.0000,1,3,2,4,1,1,2,1,2,10
SF,IF2007,2020-05-27 14:59:11.700,3766.4000,8770,0,3252207900.000,0,-,-,-,-,3765.4000,3765.2000,3765.0000,3763.8000,3762.4000,3767.0000,3767.2000,3767.4000,3767.6000,3767.8000,1,1,3,2,4,1,1,2,1,2
SF,IF2007,2020-05-27 14:59:12.200,3766.4000,8770,0,3252207900.000,0,-,-,-,-,3765.6000,3765.4000,3765.2000,3765.0000,3763.8000,3767.0000,3767.2000,3767.4000,3767.6000,3767.8000,1,1,1,3,2,1,1,2,1,2
SF,IF2007,2020-05-27 14:59:12.700,3766.4000,8770,0,3252207900.000,0,-,-,-,-,3765.8000,3765.6000,3765.2000,3765.0000,3763.8000,3767.0000,3767.2000,3767.4000,3767.6000,3767.8000,2,2,1,3,2,1,1,2,1,2
SF,IF2007,2020-05-27 14:59:13.200,3766.4000,8770,0,3252207900.000,0,-,-,-,-,3765.8000,3765.6000,3765.2000,3765.0000,3763.8000,3767.0000,3767.2000,3767.4000,3767.6000,3767.8000,3,1,1,3,2,1,1,2,1,2
SF,IF2007,2020-05-27 14:59:13.700,3766.4000,8770,0,3252207900.000,0,-,-,-,-,3765.8000,3765.6000,3765.2000,3765.0000,3763.8000,3766.8000,3767.0000,3767.2000,3767.4000,3767.8000,3,1,1,3,2,1,1,1,2,2
SF,IF2007,2020-05-27 14:59:14.200,3766.4000,8770,0,3252207900.000,0,-,-,-,-,3765.8000,3765.6000,3765.2000,3765.0000,3763.8000,3767.0000,3767.2000,3767.4000,3767.8000,3768.0000,3,1,1,3,2,1,1,2,2,10
SF,IF2007,2020-05-27 14:59:15.700,3767.0000,8771,1,3253338000.000,1,1,0,双开,S,3765.8000,3765.6000,3765.2000,3765.0000,3763.8000,3767.2000,3767.4000,3767.8000,3768.0000,3768.8000,2,1,2,3,2,1,2,2,10,2
SF,IF2007,2020-05-27 14:59:17.200,3767.0000,8771,0,3253338000.000,0,-,-,-,-,3766.0000,3765.8000,3765.6000,3765.2000,3765.0000,3767.2000,3767.4000,3767.8000,3768.0000,3768.8000,1,2,1,2,3,1,2,2,10,2
SF,IF2007,2020-05-27 14:59:17.700,3767.0000,8771,0,3253338000.000,0,-,-,-,-,3766.2000,3766.0000,3765.8000,3765.6000,3765.2000,3767.2000,3767.4000,3767.8000,3768.0000,3768.8000,1,1,1,1,2,1,2,2,10,2
SF,IF2007,2020-05-27 14:59:18.200,3767.0000,8771,0,3253338000.000,0,-,-,-,-,3766.2000,3766.0000,3765.8000,3765.6000,3765.2000,3767.0000,3767.2000,3767.8000,3768.0000,3768.8000,1,1,1,1,2,1,1,2,10,2
SF,IF2007,2020-05-27 14:59:18.700,3767.0000,8771,0,3253338000.000,0,-,-,-,-,3766.2000,3766.0000,3765.8000,3765.2000,3765.0000,3767.0000,3767.2000,3767.8000,3768.0000,3768.8000,1,1,1,2,3,1,1,2,10,2
SF,IF2007,2020-05-27 14:59:19.200,3767.0000,8771,0,3253338000.000,0,-,-,-,-,3766.2000,3766.0000,3765.8000,3765.2000,3765.0000,3767.2000,3767.8000,3768.0000,3768.8000,3770.0000,1,1,1,2,3,1,2,10,2,3
SF,IF2007,2020-05-27 14:59:19.700,3767.0000,8771,0,3253338000.000,0,-,-,-,-,3766.4000,3766.2000,3765.2000,3765.0000,3763.8000,3767.2000,3767.6000,3767.8000,3768.0000,3768.8000,1,1,2,3,2,1,2,2,10,2
SF,IF2007,2020-05-27 14:59:20.200,3767.0000,8771,0,3253338000.000,0,-,-,-,-,3766.6000,3766.4000,3765.2000,3765.0000,3763.8000,3767.2000,3767.6000,3767.8000,3768.0000,3768.8000,1,1,2,3,2,1,2,2,10,2
SF,IF2007,2020-05-27 14:59:21.200,3767.0000,8771,0,3253338000.000,0,-,-,-,-,3766.6000,3765.2000,3765.0000,3763.8000,3762.4000,3767.2000,3767.8000,3768.0000,3768.8000,3770.0000,1,2,3,2,4,1,2,10,2,3
SF,IF2007,2020-05-27 14:59:22.200,3767.0000,8771,0,3253338000.000,0,-,-,-,-,3766.6000,3765.2000,3765.0000,3763.8000,3762.4000,3767.8000,3768.0000,3768.8000,3770.0000,3770.4000,1,2,3,2,4,2,10,1,3,1
SF,IF2007,2020-05-27 14:59:23.700,3767.0000,8771,0,3253338000.000,0,-,-,-,-,3766.6000,3765.2000,3765.0000,3763.8000,3762.4000,3767.4000,3767.8000,3768.0000,3768.8000,3770.0000,1,2,3,2,4,1,2,10,1,3
SF,IF2007,2020-05-27 14:59:24.200,3767.0000,8771,0,3253338000.000,0,-,-,-,-,3766.6000,3765.2000,3765.0000,3763.8000,3762.4000,3767.4000,3767.8000,3768.0000,3768.8000,3770.0000,1,2,3,2,4,1,3,10,1,3
SF,IF2007,2020-05-27 14:59:24.700,3766.6000,8772,1,3254467980.000,1,1,0,双开,S,3765.2000,3765.0000,3763.8000,3762.4000,3756.0000,3767.4000,3767.8000,3768.0000,3768.8000,3770.0000,2,3,2,4,1,1,3,10,1,3
SF,IF2007,2020-05-27 14:59:25.200,3766.6000,8772,0,3254467980.000,0,-,-,-,-,3765.4000,3765.2000,3765.0000,3763.8000,3762.4000,3767.4000,3767.8000,3768.0000,3768.8000,3770.0000,1,2,3,2,4,1,3,10,1,3
SF,IF2007,2020-05-27 14:59:25.700,3766.6000,8772,0,3254467980.000,0,-,-,-,-,3765.4000,3765.2000,3765.0000,3763.8000,3762.4000,3767.2000,3767.4000,3767.8000,3768.0000,3768.8000,1,2,3,2,4,1,1,3,10,1
SF,IF2007,2020-05-27 14:59:26.200,3766.6000,8772,0,3254467980.000,0,-,-,-,-,3765.6000,3765.4000,3765.2000,3765.0000,3763.8000,3767.2000,3767.4000,3767.8000,3768.0000,3768.8000,2,1,2,3,2,1,1,3,10,1
SF,IF2007,2020-05-27 14:59:26.700,3766.6000,8772,0,3254467980.000,0,-,-,-,-,3765.8000,3765.6000,3765.2000,3765.0000,3763.8000,3767.2000,3767.8000,3768.0000,3768.8000,3770.0000,1,2,2,3,2,1,3,10,1,3
SF,IF2007,2020-05-27 14:59:27.200,3766.6000,8772,0,3254467980.000,0,-,-,-,-,3766.0000,3765.8000,3765.6000,3765.2000,3765.0000,3767.2000,3767.8000,3768.0000,3768.8000,3770.0000,1,1,2,2,3,1,3,10,1,3
SF,IF2007,2020-05-27 14:59:27.700,3766.6000,8772,0,3254467980.000,0,-,-,-,-,3766.2000,3766.0000,3765.6000,3765.2000,3765.0000,3767.2000,3767.8000,3768.0000,3768.8000,3770.0000,1,1,2,2,3,1,3,10,1,3
SF,IF2007,2020-05-27 14:59:28.200,3766.6000,8772,0,3254467980.000,0,-,-,-,-,3766.2000,3766.0000,3765.6000,3765.2000,3765.0000,3767.0000,3767.2000,3767.8000,3768.0000,3768.8000,1,1,2,2,3,1,1,2,10,1
SF,IF2007,2020-05-27 14:59:28.700,3767.0000,8773,1,3255598080.000,1,1,0,双开,S,3766.2000,3766.0000,3765.6000,3765.2000,3765.0000,3767.2000,3767.8000,3768.0000,3768.8000,3770.0000,1,1,2,2,3,1,2,10,1,3
SF,IF2007,2020-05-27 14:59:30.200,3767.0000,8773,0,3255598080.000,0,-,-,-,-,3766.2000,3765.6000,3765.2000,3765.0000,3763.8000,3767.2000,3767.8000,3768.0000,3768.8000,3770.0000,1,2,2,3,2,1,2,10,1,3
SF,IF2007,2020-05-27 14:59:30.700,3767.0000,8773,0,3255598080.000,0,-,-,-,-,3766.4000,3766.2000,3765.6000,3765.2000,3765.0000,3767.8000,3768.0000,3768.8000,3770.0000,3770.4000,2,1,1,2,3,2,10,1,3,1
SF,IF2007,2020-05-27 14:59:31.200,3767.0000,8773,0,3255598080.000,0,-,-,-,-,3766.6000,3766.4000,3765.6000,3765.2000,3765.0000,3767.8000,3768.0000,3768.8000,3770.0000,3770.4000,1,2,1,2,3,2,10,1,3,1
SF,IF2007,2020-05-27 14:59:31.700,3767.0000,8773,0,3255598080.000,0,-,-,-,-,3766.6000,3766.4000,3765.6000,3765.2000,3765.0000,3767.6000,3767.8000,3768.0000,3768.8000,3770.0000,1,2,1,2,3,1,2,10,1,3
SF,IF2007,2020-05-27 14:59:32.200,3767.0000,8773,0,3255598080.000,0,-,-,-,-,3766.6000,3766.4000,3765.6000,3765.2000,3765.0000,3767.6000,3767.8000,3768.0000,3768.8000,3770.0000,1,2,1,2,3,1,2,10,1,3
SF,IF2007,2020-05-27 14:59:32.700,3767.0000,8773,0,3255598080.000,0,-,-,-,-,3766.6000,3766.4000,3765.6000,3765.2000,3765.0000,3767.6000,3767.8000,3768.0000,3768.8000,3770.0000,1,1,1,2,3,1,2,10,1,3
SF,IF2007,2020-05-27 14:59:33.700,3767.0000,8773,0,3255598080.000,0,-,-,-,-,3766.6000,3766.4000,3765.6000,3765.2000,3765.0000,3767.4000,3767.6000,3767.8000,3768.0000,3768.8000,1,1,1,2,3,1,1,2,10,1
SF,IF2007,2020-05-27 14:59:35.200,3767.4000,8774,1,3256728300.000,1,1,0,双开,S,3766.8000,3766.6000,3766.4000,3765.6000,3765.2000,3767.6000,3768.0000,3768.8000,3770.0000,3770.4000,1,1,1,1,2,1,10,1,3,1
SF,IF2007,2020-05-27 14:59:37.200,3767.4000,8774,0,3256728300.000,0,-,-,-,-,3767.0000,3766.8000,3766.6000,3766.4000,3765.6000,3767.6000,3768.0000,3768.8000,3770.0000,3770.4000,1,1,1,1,1,1,10,1,3,1
SF,IF2007,2020-05-27 14:59:37.700,3767.0000,8774,0,3257858400.000,1,0,1,多换,S,3766.8000,3766.6000,3766.4000,3765.6000,3765.2000,3768.0000,3768.8000,3770.0000,3770.4000,3772.2000,1,1,1,1,1,10,1,3,1,1
SF,IF2007,2020-05-27 14:59:38.200,3767.0000,8774,0,3258988500.000,1,0,1,多换,S,3766.8000,3766.4000,3765.6000,3765.2000,3765.0000,3768.0000,3768.8000,3770.0000,3770.4000,3772.2000,1,1,1,1,3,10,1,3,1,1
SF,IF2007,2020-05-27 14:59:38.700,3766.4000,8776,2,3261248520.000,2,2,0,双开,S,3765.6000,3765.2000,3765.0000,3763.8000,3762.4000,3767.8000,3768.0000,3768.8000,3770.0000,3770.4000,1,1,3,2,4,1,10,1,3,1
SF,IF2007,2020-05-27 14:59:39.200,3768.0000,8777,1,3263509260.000,2,1,1,空开,S,3765.8000,3765.6000,3765.2000,3765.0000,3763.8000,3768.0000,3768.8000,3770.0000,3770.4000,3772.2000,3,1,1,3,2,9,1,3,1,1
SF,IF2007,2020-05-27 14:59:39.700,3768.0000,8777,0,3263509260.000,0,-,-,-,-,3766.6000,3766.0000,3765.8000,3765.6000,3765.4000,3767.8000,3768.0000,3768.8000,3770.0000,3770.4000,1,4,2,1,1,1,9,1,3,1
SF,IF2007,2020-05-27 14:59:40.200,3768.0000,8777,0,3263509260.000,0,-,-,-,-,3766.8000,3766.6000,3766.4000,3766.2000,3766.0000,3767.8000,3768.0000,3768.8000,3770.0000,3770.4000,1,1,1,1,4,1,9,1,3,1
SF,IF2007,2020-05-27 14:59:40.700,3768.0000,8777,0,3263509260.000,0,-,-,-,-,3766.8000,3766.6000,3766.4000,3766.2000,3766.0000,3767.8000,3768.0000,3768.8000,3770.0000,3770.4000,1,1,1,1,4,2,9,1,3,1
SF,IF2007,2020-05-27 14:59:41.700,3768.0000,8777,0,3263509260.000,0,-,-,-,-,3766.8000,3766.6000,3766.4000,3766.0000,3765.8000,3767.8000,3768.0000,3768.8000,3770.0000,3770.4000,1,1,1,4,1,2,9,1,3,1
SF,IF2007,2020-05-27 14:59:42.200,3768.0000,8777,0,3263509260.000,0,-,-,-,-,3766.8000,3766.6000,3766.4000,3766.0000,3765.8000,3767.8000,3768.0000,3768.8000,3770.0000,3770.4000,1,1,1,4,1,1,9,1,3,1
SF,IF2007,2020-05-27 14:59:43.700,3768.0000,8777,0,3263509260.000,0,-,-,-,-,3766.8000,3766.6000,3766.0000,3765.8000,3765.2000,3767.8000,3768.0000,3768.8000,3770.0000,3770.4000,1,1,4,1,1,1,9,1,3,1
SF,IF2007,2020-05-27 14:59:44.200,3768.0000,8777,0,3263509260.000,0,-,-,-,-,3766.8000,3766.6000,3766.0000,3765.8000,3765.2000,3767.8000,3768.0000,3768.8000,3770.0000,3770.4000,1,1,4,1,1,1,9,1,3,1
SF,IF2007,2020-05-27 14:59:44.700,3768.0000,8777,0,3263509260.000,0,-,-,-,-,3766.8000,3766.6000,3766.0000,3765.8000,3765.2000,3767.8000,3768.0000,3768.8000,3770.0000,3770.4000,1,1,5,1,1,1,9,1,3,1
SF,IF2007,2020-05-27 14:59:46.200,3768.0000,8777,0,3263509260.000,0,-,-,-,-,3766.8000,3766.6000,3766.0000,3765.8000,3765.2000,3768.0000,3768.8000,3770.0000,3770.4000,3772.2000,1,1,5,1,1,9,1,3,1,1
SF,IF2007,2020-05-27 14:59:46.700,3768.0000,8777,0,3263509260.000,0,-,-,-,-,3766.8000,3766.6000,3766.0000,3765.8000,3765.2000,3767.8000,3768.0000,3768.8000,3770.0000,3770.4000,1,1,1,1,1,1,9,1,3,1
SF,IF2007,2020-05-27 14:59:47.200,3768.0000,8777,0,3263509260.000,0,-,-,-,-,3766.8000,3766.0000,3765.8000,3765.2000,3765.0000,3767.8000,3768.0000,3768.8000,3770.0000,3770.4000,1,1,1,1,3,1,9,1,3,1
SF,IF2007,2020-05-27 14:59:48.700,3768.0000,8777,0,3263509260.000,0,-,-,-,-,3766.8000,3766.0000,3765.8000,3765.2000,3765.0000,3767.8000,3768.0000,3768.8000,3769.4000,3770.0000,1,1,1,1,3,1,9,1,1,3
SF,IF2007,2020-05-27 14:59:49.200,3766.0000,8778,1,3265769100.000,2,1,1,空开,S,3765.0000,3763.8000,3756.0000,3755.0000,3754.2000,3767.8000,3768.0000,3768.8000,3769.4000,3770.0000,3,2,1,6,1,2,9,1,1,3
SF,IF2007,2020-05-27 14:59:49.700,3766.0000,8779,1,3266898900.000,1,1,0,双开,S,3766.4000,3765.8000,3765.2000,3765.0000,3763.8000,3767.2000,3767.8000,3768.0000,3768.8000,3769.4000,1,4,3,3,2,1,2,9,1,1
SF,IF2007,2020-05-27 14:59:50.200,3767.2000,8780,1,3269159160.000,2,1,1,空开,S,3767.2000,3765.8000,3765.2000,3765.0000,3763.8000,3767.8000,3768.0000,3768.8000,3769.4000,3770.0000,1,4,3,3,2,1,9,1,1,3
SF,IF2007,2020-05-27 14:59:50.700,3767.2000,8780,0,3269159160.000,0,-,-,-,-,3767.2000,3765.8000,3765.2000,3765.0000,3763.8000,3767.8000,3768.0000,3768.8000,3769.4000,3770.0000,1,4,3,3,2,1,9,1,1,3
SF,IF2007,2020-05-27 14:59:51.200,3767.2000,8780,0,3270289320.000,1,0,1,多换,S,3765.8000,3765.6000,3765.2000,3765.0000,3763.8000,3767.8000,3768.0000,3768.8000,3769.4000,3770.0000,4,1,3,3,2,1,9,1,1,3
SF,IF2007,2020-05-27 14:59:51.700,3767.2000,8780,0,3270289320.000,0,-,-,-,-,3766.2000,3766.0000,3765.8000,3765.6000,3765.2000,3767.8000,3768.0000,3768.8000,3769.4000,3770.0000,1,1,4,1,2,1,9,1,1,3
SF,IF2007,2020-05-27 14:59:52.200,3767.2000,8780,0,3270289320.000,0,-,-,-,-,3766.4000,3765.8000,3765.6000,3765.2000,3765.0000,3767.8000,3768.0000,3768.8000,3769.4000,3770.0000,2,4,1,2,3,1,9,1,1,3
SF,IF2007,2020-05-27 14:59:52.700,3767.2000,8780,0,3270289320.000,0,-,-,-,-,3766.4000,3765.8000,3765.6000,3765.2000,3765.0000,3767.6000,3767.8000,3768.0000,3768.8000,3769.4000,1,4,1,2,3,1,1,9,1,1
SF,IF2007,2020-05-27 14:59:55.200,3767.6000,8781,1,3271419600.000,1,1,0,双开,S,3766.4000,3765.8000,3765.6000,3765.2000,3765.0000,3767.8000,3768.0000,3768.8000,3769.4000,3770.0000,1,4,1,2,3,1,9,1,1,3
SF,IF2007,2020-05-27 14:59:55.700,3767.6000,8781,0,3271419600.000,0,-,-,-,-,3766.4000,3765.6000,3765.2000,3765.0000,3763.8000,3767.8000,3768.0000,3768.8000,3769.4000,3770.0000,1,1,1,3,2,1,9,1,1,3
SF,IF2007,2020-05-27 14:59:57.700,3767.6000,8781,0,3271419600.000,0,-,-,-,-,3766.4000,3765.2000,3765.0000,3763.8000,3756.0000,3767.8000,3768.0000,3768.8000,3770.0000,3772.2000,1,1,3,2,1,1,9,1,3,1
SF,IF2007,2020-05-27 15:00:00.200,3767.6000,8781,0,3271419600.000,0,-,-,-,-,3766.4000,3765.2000,3765.0000,3763.8000,3756.0000,3767.8000,3768.0000,3768.8000,3770.0000,3772.2000,1,1,3,2,1,1,9,1,3,1
SF,IF2007,2020-05-27 15:26:45.700,3767.6000,8781,0,3271419600.000,0,-,-,-,-,3766.4000,3765.2000,3765.0000,3763.8000,3756.0000,3767.8000,3768.0000,3768.8000,3770.0000,3772.2000,1,1,3,2,1,1,9,1,3,1
SF,IF2007,2020-05-27 15:31:28.700,3767.6000,8781,0,3271419600.000,0,-,-,-,-,3766.4000,3765.2000,3765.0000,3763.8000,3756.0000,3767.8000,3768.0000,3768.8000,3770.0000,3772.2000,1,1,3,2,1,1,9,1,3,1
SF,IF2007,2020-05-27 15:36:15.700,3767.6000,8781,0,3271419600.000,0,-,-,-,-,3766.4000,3765.2000,3765.0000,3763.8000,3756.0000,3767.8000,3768.0000,3768.8000,3770.0000,3772.2000,1,1,3,2,1,1,9,1,3,1
