市场代码,合约代码,时间,最新,持仓,增仓,成交额,成交量,开仓,平仓,成交类型,方向,买一价,买二价,买三价,买四价,买五价,卖一价,卖二价,卖三价,卖四价,卖五价,买一量,买二量,买三量,买四量,买五量,卖一量,卖二量,卖三量,卖四量,卖五量
SF,IF2005,2020-04-13 09:29:00.100,3735.0000,10359,0,8964000.000,8.000,-,-,-,-,3734.2000,3731.8000,3731.4000,3730.0000,3725.8000,3735.0000,3743.2000,3745.0000,3746.2000,3747.2000,1,1,1,1,1,2,1,1,1,1
SF,IF2005,2020-04-13 09:30:00.100,3732.6000,10359,0,20157540.000,10,5,5,多换,S,3725.6000,3722.0000,3721.0000,3720.8000,3720.2000,3732.0000,3732.2000,3732.6000,3732.8000,3733.2000,1,1,1,2,1,1,3,1,1,2
SF,IF2005,2020-04-13 09:30:00.600,3732.6000,10361,2,23516880.000,3,2,1,空开,S,3726.2000,3726.0000,3725.8000,3725.6000,3722.0000,3730.6000,3731.0000,3731.2000,3731.6000,3731.8000,1,4,10,1,1,1,1,2,2,9
SF,IF2005,2020-04-13 09:30:01.100,3732.6000,10361,0,23516880.000,0,-,-,-,-,3726.8000,3726.4000,3725.6000,3722.0000,3721.0000,3730.2000,3730.4000,3730.6000,3731.0000,3731.2000,1,1,1,1,1,3,5,2,1,3
SF,IF2005,2020-04-13 09:30:01.600,3732.6000,10361,0,23516880.000,0,-,-,-,-,3727.0000,3726.8000,3725.6000,3722.0000,3721.0000,3729.2000,3729.4000,3729.6000,3730.0000,3730.2000,1,1,1,1,1,1,2,1,6,4
SF,IF2005,2020-04-13 09:30:02.100,3732.6000,10361,0,23516880.000,0,-,-,-,-,3727.6000,3727.0000,3725.6000,3722.0000,3721.0000,3728.8000,3729.0000,3729.2000,3729.4000,3729.6000,1,1,1,1,1,1,6,2,2,1
SF,IF2005,2020-04-13 09:30:02.600,3732.6000,10359,-2,25756440.000,2,0,2,双平,S,3727.8000,3727.6000,3727.2000,3725.6000,3722.0000,3730.2000,3730.4000,3730.6000,3731.0000,3731.2000,2,1,3,1,1,2,1,2,1,3
SF,IF2005,2020-04-13 09:30:03.100,3732.6000,10359,0,25756440.000,0,-,-,-,-,3728.4000,3727.8000,3725.6000,3722.0000,3721.0000,3729.4000,3729.6000,3729.8000,3730.0000,3730.2000,1,2,1,1,1,1,3,1,10,2
SF,IF2005,2020-04-13 09:30:03.600,3729.0000,10358,-1,31349040.000,5,2,3,多平,S,3725.6000,3722.0000,3721.0000,3720.8000,3720.2000,3729.0000,3729.2000,3729.4000,3729.6000,3729.8000,1,1,1,2,1,2,4,2,3,1
SF,IF2005,2020-04-13 09:30:04.100,3729.0000,10357,-1,32467740.000,1,0,1,双平,S,3725.8000,3725.6000,3722.0000,3721.0000,3720.8000,3728.8000,3729.0000,3729.4000,3729.6000,3729.8000,4,2,1,1,2,2,1,2,3,1
SF,IF2005,2020-04-13 09:30:04.600,3729.0000,10356,-1,33586440.000,1,0,1,双平,S,3729.0000,3727.4000,3727.0000,3726.2000,3726.0000,3730.2000,3730.6000,3731.0000,3731.2000,3731.4000,1,2,1,2,4,1,2,1,3,2
SF,IF2005,2020-04-13 09:30:05.100,3729.0000,10356,0,33586440.000,0,-,-,-,-,3729.2000,3728.8000,3728.2000,3726.8000,3726.2000,3730.2000,3731.2000,3731.4000,3732.0000,3732.2000,1,1,1,2,3,1,1,2,2,1
SF,IF2005,2020-04-13 09:30:05.600,3729.2000,10355,-1,34705200.000,1,0,1,双平,S,3729.4000,3728.8000,3728.2000,3726.8000,3726.2000,3731.4000,3732.6000,3732.8000,3733.8000,3734.0000,1,1,1,1,2,2,1,8,2,1
SF,IF2005,2020-04-13 09:30:06.100,3729.8000,10349,-6,42537120.000,7,0,7,多平,S,3728.8000,3726.2000,3726.0000,3725.8000,3725.6000,3729.8000,3730.0000,3730.2000,3730.4000,3730.6000,4,1,2,6,1,1,4,1,1,1
SF,IF2005,2020-04-13 09:30:06.600,3728.8000,10349,0,43655760.000,1,0,1,多换,S,3728.8000,3726.2000,3726.0000,3725.8000,3725.6000,3730.0000,3730.2000,3730.6000,3731.0000,3731.2000,4,1,2,6,1,2,1,1,2,7
SF,IF2005,2020-04-13 09:30:07.100,3730.0000,10348,-1,45893400.000,2,0,2,多平,S,3728.8000,3726.0000,3725.8000,3725.6000,3722.0000,3730.0000,3730.2000,3730.6000,3731.0000,3731.2000,3,2,5,1,1,1,1,1,1,5
SF,IF2005,2020-04-13 09:30:07.600,3730.0000,10348,0,45893400.000,0,-,-,-,-,3728.8000,3726.0000,3725.8000,3725.6000,3722.0000,3730.0000,3730.2000,3730.6000,3731.0000,3731.2000,3,2,5,1,1,3,1,1,1,5
SF,IF2005,2020-04-13 09:30:08.100,3728.8000,10348,0,49249320.000,3,1,2,多换,S,3726.0000,3725.8000,3725.6000,3722.0000,3721.8000,3728.8000,3730.0000,3730.2000,3730.6000,3730.8000,2,5,1,1,4,4,2,1,1,1
SF,IF2005,2020-04-13 09:30:08.600,3728.8000,10348,0,49249320.000,0,-,-,-,-,3726.8000,3726.4000,3726.2000,3726.0000,3725.8000,3728.8000,3730.0000,3730.2000,3730.6000,3730.8000,1,2,11,2,2,4,2,1,1,1
SF,IF2005,2020-04-13 09:30:09.100,3730.0000,10343,-5,54842880.000,5,0,5,双平,S,3727.8000,3727.2000,3727.0000,3726.8000,3726.4000,3730.2000,3730.6000,3730.8000,3731.0000,3731.2000,2,1,4,2,3,1,1,1,1,5
SF,IF2005,2020-04-13 09:30:09.600,3730.0000,10343,0,54842880.000,0,-,-,-,-,3728.0000,3727.0000,3726.8000,3726.4000,3726.2000,3728.8000,3730.0000,3730.2000,3730.6000,3730.8000,2,1,2,1,8,1,1,1,1,1
SF,IF2005,2020-04-13 09:30:10.100,3728.8000,10342,-1,57079980.000,2,0,2,多平,S,3728.0000,3727.0000,3726.8000,3726.4000,3726.2000,3730.2000,3730.6000,3730.8000,3731.2000,3731.4000,2,1,2,1,8,1,1,1,4,1
SF,IF2005,2020-04-13 09:30:10.600,3728.8000,10342,0,57079980.000,0,-,-,-,-,3729.0000,3728.8000,3728.4000,3728.2000,3728.0000,3730.0000,3730.8000,3731.4000,3732.6000,3734.0000,1,1,2,5,2,1,1,1,3,1
SF,IF2005,2020-04-13 09:30:11.100,3729.8000,10342,0,58198920.000,1,0,1,多换,S,3730.0000,3729.6000,3728.8000,3728.4000,3728.2000,3730.8000,3731.4000,3732.6000,3734.0000,3734.2000,1,1,1,1,1,1,1,3,1,6
SF,IF2005,2020-04-13 09:30:11.600,3730.0000,10342,0,59317920.000,1,0,1,多换,S,3729.6000,3729.0000,3728.8000,3728.4000,3728.0000,3730.0000,3730.8000,3731.4000,3732.6000,3734.0000,1,1,1,1,2,1,2,1,3,1
SF,IF2005,2020-04-13 09:30:12.100,3729.0000,10340,-2,63793500.000,4,1,3,多平,S,3728.4000,3728.0000,3727.0000,3726.8000,3726.4000,3730.8000,3731.4000,3732.6000,3734.0000,3734.2000,1,2,1,1,1,1,1,3,1,6
SF,IF2005,2020-04-13 09:30:12.600,3729.0000,10340,0,63793500.000,0,-,-,-,-,3728.4000,3728.0000,3727.0000,3726.8000,3726.4000,3730.6000,3730.8000,3731.4000,3732.6000,3734.0000,1,2,1,1,1,1,1,1,3,1
SF,IF2005,2020-04-13 09:30:13.100,3729.0000,10340,0,63793500.000,0,-,-,-,-,3728.6000,3728.4000,3728.0000,3727.2000,3727.0000,3730.0000,3730.6000,3730.8000,3731.4000,3732.6000,1,2,2,1,1,1,1,2,1,3
SF,IF2005,2020-04-13 09:30:13.600,3730.0000,10339,-1,64912500.000,1,0,1,双平,S,3728.6000,3728.4000,3727.6000,3727.2000,3727.0000,3730.6000,3730.8000,3731.4000,3732.6000,3733.2000,3,2,2,1,1,2,2,1,3,1
SF,IF2005,2020-04-13 09:30:14.100,3730.0000,10339,0,64912500.000,0,-,-,-,-,3728.6000,3728.4000,3727.6000,3727.2000,3727.0000,3730.6000,3730.8000,3731.4000,3732.6000,3733.2000,3,2,2,1,1,1,2,1,3,1
SF,IF2005,2020-04-13 09:30:14.600,3730.0000,10339,0,64912500.000,0,-,-,-,-,3728.6000,3728.4000,3727.6000,3727.2000,3727.0000,3730.8000,3731.4000,3732.6000,3733.2000,3734.0000,3,2,2,1,1,2,1,3,1,1
SF,IF2005,2020-04-13 09:30:15.100,3730.0000,10339,0,64912500.000,0,-,-,-,-,3729.0000,3728.8000,3728.6000,3728.4000,3727.6000,3730.8000,3731.4000,3732.6000,3733.2000,3734.0000,2,4,4,2,2,1,1,3,1,1
SF,IF2005,2020-04-13 09:30:15.600,3730.8000,10339,0,66031740.000,1,0,1,多换,S,3730.2000,3729.4000,3729.2000,3729.0000,3728.8000,3732.6000,3733.2000,3734.0000,3734.2000,3734.8000,1,1,2,3,4,3,1,1,6,8
SF,IF2005,2020-04-13 09:30:16.100,3730.8000,10339,0,66031740.000,0,-,-,-,-,3730.4000,3730.2000,3729.4000,3729.2000,3729.0000,3732.6000,3734.0000,3734.2000,3734.8000,3735.0000,4,1,2,5,3,1,1,6,8,6
SF,IF2005,2020-04-13 09:30:16.600,3730.8000,10339,0,66031740.000,0,-,-,-,-,3730.4000,3730.2000,3729.4000,3729.2000,3729.0000,3732.0000,3732.2000,3732.4000,3732.6000,3734.0000,1,1,2,1,3,1,1,7,1,1
SF,IF2005,2020-04-13 09:30:17.100,3730.8000,10339,0,66031740.000,0,-,-,-,-,3730.4000,3730.2000,3729.4000,3729.2000,3729.0000,3732.2000,3732.4000,3732.6000,3734.0000,3734.2000,1,1,1,1,3,1,3,1,1,6
SF,IF2005,2020-04-13 09:30:17.600,3730.4000,10338,-1,67150860.000,1,0,1,双平,S,3730.2000,3729.4000,3729.2000,3729.0000,3728.8000,3731.8000,3732.2000,3732.4000,3732.6000,3734.0000,1,1,1,3,3,1,1,2,1,1
SF,IF2005,2020-04-13 09:30:18.100,3730.4000,10338,0,67150860.000,0,-,-,-,-,3730.2000,3729.4000,3729.2000,3729.0000,3728.8000,3731.8000,3732.2000,3732.4000,3732.6000,3734.0000,1,1,1,1,3,1,1,2,1,1
SF,IF2005,2020-04-13 09:30:18.600,3730.4000,10338,0,67150860.000,0,-,-,-,-,3730.6000,3730.4000,3730.2000,3729.4000,3729.2000,3731.8000,3732.2000,3732.6000,3734.0000,3734.2000,1,1,1,1,1,1,1,1,1,6
SF,IF2005,2020-04-13 09:30:19.100,3730.4000,10338,0,67150860.000,0,-,-,-,-,3730.4000,3730.2000,3729.4000,3729.2000,3729.0000,3731.8000,3732.2000,3732.6000,3734.0000,3734.2000,1,1,1,1,1,1,1,1,1,6
SF,IF2005,2020-04-13 09:30:19.600,3730.2000,10337,-1,68269920.000,1,0,1,双平,S,3729.4000,3729.2000,3729.0000,3728.8000,3728.4000,3730.0000,3731.8000,3732.2000,3732.6000,3734.0000,1,1,1,3,1,2,1,1,1,1
SF,IF2005,2020-04-13 09:30:20.100,3729.2000,10336,-1,69388680.000,1,0,1,双平,S,3729.0000,3728.8000,3728.4000,3726.4000,3726.2000,3730.0000,3730.2000,3731.4000,3731.6000,3731.8000,1,1,1,1,5,2,5,1,3,1
SF,IF2005,2020-04-13 09:30:20.600,3729.0000,10335,-1,70507380.000,1,0,1,双平,S,3728.4000,3726.4000,3726.2000,3726.0000,3725.8000,3730.0000,3730.2000,3731.4000,3731.6000,3731.8000,1,1,5,1,1,2,5,1,3,1
SF,IF2005,2020-04-13 09:30:21.100,3729.0000,10335,0,70507380.000,0,-,-,-,-,3728.6000,3728.4000,3726.4000,3726.2000,3726.0000,3730.0000,3730.2000,3731.4000,3731.6000,3731.8000,1,1,1,5,1,2,5,1,3,1
SF,IF2005,2020-04-13 09:30:21.600,3729.0000,10335,0,70507380.000,0,-,-,-,-,3728.8000,3728.6000,3728.4000,3726.4000,3726.2000,3730.0000,3730.2000,3731.4000,3731.6000,3731.8000,1,1,1,1,5,2,5,1,3,1
SF,IF2005,2020-04-13 09:30:22.100,3728.8000,10334,-1,71626020.000,1,0,1,双平,S,3728.6000,3728.4000,3726.4000,3726.2000,3726.0000,3729.8000,3730.0000,3730.2000,3731.4000,3731.6000,1,1,1,5,1,1,2,5,1,3
SF,IF2005,2020-04-13 09:30:22.600,3728.6000,10333,-1,72744600.000,1,0,1,双平,S,3728.4000,3726.4000,3726.2000,3726.0000,3725.8000,3729.8000,3730.0000,3730.2000,3731.4000,3731.6000,1,1,5,1,1,1,2,5,1,3
SF,IF2005,2020-04-13 09:30:23.100,3728.4000,10333,0,73863120.000,1,0,1,多换,S,3726.4000,3726.2000,3726.0000,3725.8000,3725.6000,3729.8000,3730.0000,3730.2000,3731.4000,3731.6000,1,3,1,1,1,1,2,5,1,3
SF,IF2005,2020-04-13 09:30:23.600,3728.4000,10333,0,73863120.000,0,-,-,-,-,3727.0000,3726.8000,3726.6000,3726.4000,3726.2000,3729.6000,3729.8000,3730.0000,3730.2000,3730.4000,2,3,8,1,2,1,1,2,5,1
SF,IF2005,2020-04-13 09:30:24.100,3729.4000,10333,0,74981940.000,1,0,1,多换,S,3727.4000,3727.2000,3727.0000,3726.8000,3726.6000,3729.6000,3730.0000,3730.2000,3730.4000,3731.4000,1,1,2,4,5,1,2,5,1,1
SF,IF2005,2020-04-13 09:30:24.600,3729.4000,10333,0,74981940.000,0,-,-,-,-,3727.6000,3727.4000,3727.0000,3726.8000,3726.6000,3729.6000,3730.0000,3730.2000,3730.4000,3731.4000,1,1,2,1,3,1,2,5,1,1
SF,IF2005,2020-04-13 09:30:25.100,3729.4000,10333,0,74981940.000,0,-,-,-,-,3727.6000,3727.4000,3727.0000,3726.8000,3726.6000,3729.2000,3729.4000,3729.6000,3730.0000,3730.2000,1,1,2,1,3,1,1,1,2,5
SF,IF2005,2020-04-13 09:30:26.100,3727.6000,10332,-1,76100220.000,1,0,1,双平,S,3727.0000,3726.8000,3726.2000,3726.0000,3725.8000,3729.0000,3729.2000,3729.4000,3729.6000,3730.0000,2,1,2,1,1,1,1,1,1,2
SF,IF2005,2020-04-13 09:30:26.600,3727.6000,10332,0,76100220.000,0,-,-,-,-,3727.2000,3727.0000,3726.8000,3726.2000,3726.0000,3728.8000,3729.0000,3729.2000,3729.4000,3730.0000,1,2,1,2,1,1,1,1,1,2
SF,IF2005,2020-04-13 09:30:27.100,3727.6000,10332,0,76100220.000,0,-,-,-,-,3727.0000,3726.2000,3726.0000,3725.8000,3725.6000,3728.6000,3728.8000,3729.0000,3729.2000,3729.4000,2,2,1,1,1,1,1,1,1,1
SF,IF2005,2020-04-13 09:30:28.600,3727.6000,10332,0,76100220.000,0,-,-,-,-,3727.0000,3726.2000,3726.0000,3725.8000,3725.6000,3727.4000,3728.6000,3728.8000,3729.0000,3729.2000,2,2,1,1,1,1,1,1,1,1
SF,IF2005,2020-04-13 09:30:29.100,3727.6000,10333,1,77218500.000,1,1,0,双开,S,3727.0000,3726.0000,3725.8000,3725.6000,3722.0000,3728.6000,3728.8000,3729.0000,3729.2000,3729.4000,2,1,1,1,1,1,1,1,1,1
SF,IF2005,2020-04-13 09:30:29.600,3728.4000,10332,-1,79455120.000,2,0,2,多平,S,3725.8000,3725.6000,3722.0000,3721.4000,3721.0000,3727.0000,3728.6000,3728.8000,3729.0000,3729.2000,1,1,1,4,1,1,1,1,1,1
SF,IF2005,2020-04-13 09:30:30.100,3727.0000,10332,0,80573220.000,1,0,1,多换,S,3726.2000,3725.8000,3725.6000,3722.0000,3721.4000,3728.6000,3728.8000,3729.0000,3729.4000,3730.2000,1,1,1,1,4,1,1,1,1,5
SF,IF2005,2020-04-13 09:30:30.600,3727.0000,10332,0,80573220.000,0,-,-,-,-,3725.6000,3722.0000,3721.4000,3721.0000,3720.0000,3726.2000,3727.6000,3728.4000,3728.6000,3729.0000,1,1,4,1,3,1,1,3,1,1
SF,IF2005,2020-04-13 09:30:31.100,3726.0000,10332,0,82808880.000,2,1,1,多换,S,3725.6000,3722.0000,3721.4000,3721.0000,3720.0000,3727.6000,3728.2000,3728.4000,3728.6000,3729.0000,1,1,4,1,3,1,1,3,1,1
SF,IF2005,2020-04-13 09:30:31.600,3726.0000,10332,0,82808880.000,0,-,-,-,-,3725.6000,3722.0000,3721.4000,3721.0000,3720.0000,3726.0000,3727.4000,3727.6000,3728.2000,3728.4000,1,1,4,1,3,1,1,1,1,2
SF,IF2005,2020-04-13 09:30:32.100,3725.8000,10332,0,85044420.000,2,1,1,多换,S,3725.6000,3722.0000,3721.4000,3721.0000,3720.0000,3727.4000,3727.6000,3728.2000,3728.4000,3728.6000,1,1,4,1,3,1,1,1,2,1
SF,IF2005,2020-04-13 09:30:32.600,3725.8000,10332,0,85044420.000,0,-,-,-,-,3725.6000,3722.0000,3721.4000,3721.0000,3720.0000,3727.2000,3727.4000,3727.6000,3728.2000,3728.4000,1,1,4,1,3,2,1,1,1,2
SF,IF2005,2020-04-13 09:30:33.100,3725.8000,10332,0,85044420.000,0,-,-,-,-,3725.8000,3725.6000,3722.0000,3721.4000,3721.0000,3727.2000,3727.6000,3728.2000,3728.4000,3730.2000,1,1,1,4,1,2,1,1,2,5
SF,IF2005,2020-04-13 09:30:33.600,3725.8000,10332,0,85044420.000,0,-,-,-,-,3726.2000,3725.8000,3725.6000,3722.0000,3721.4000,3727.2000,3727.6000,3728.2000,3728.4000,3730.2000,2,1,1,1,4,3,1,1,2,5
SF,IF2005,2020-04-13 09:30:34.100,3725.8000,10332,0,86162160.000,1,0,1,多换,S,3726.2000,3725.8000,3725.6000,3722.0000,3721.4000,3727.2000,3727.6000,3728.4000,3730.2000,3730.4000,1,1,1,1,4,3,1,2,5,1
SF,IF2005,2020-04-13 09:30:34.600,3725.8000,10332,0,86162160.000,0,-,-,-,-,3726.2000,3725.6000,3722.0000,3721.4000,3721.0000,3727.2000,3727.6000,3728.4000,3730.2000,3730.4000,1,1,1,4,1,3,1,2,5,1
SF,IF2005,2020-04-13 09:30:35.100,3725.8000,10332,0,86162160.000,0,-,-,-,-,3726.2000,3725.6000,3722.0000,3721.4000,3721.0000,3727.2000,3728.4000,3730.2000,3730.4000,3731.4000,1,1,1,4,1,3,2,5,1,1
SF,IF2005,2020-04-13 09:30:35.600,3725.8000,10332,0,86162160.000,0,-,-,-,-,3726.4000,3726.2000,3725.6000,3722.0000,3721.4000,3727.2000,3728.4000,3730.2000,3730.4000,3731.4000,1,1,1,1,4,3,2,5,1,1
SF,IF2005,2020-04-13 09:30:36.100,3725.8000,10332,0,86162160.000,0,-,-,-,-,3726.2000,3726.0000,3725.6000,3722.0000,3721.4000,3727.2000,3728.4000,3730.2000,3730.4000,3731.4000,1,1,1,1,4,3,2,5,1,1
SF,IF2005,2020-04-13 09:30:37.600,3727.2000,10334,2,88398480.000,2,2,0,双开,S,3726.2000,3726.0000,3725.6000,3722.0000,3721.4000,3727.2000,3728.4000,3730.2000,3730.4000,3731.4000,1,1,1,1,4,1,2,5,1,1
SF,IF2005,2020-04-13 09:30:38.600,3727.2000,10333,-1,89516640.000,1,0,1,双平,S,3726.2000,3726.0000,3725.6000,3722.0000,3721.4000,3728.4000,3730.2000,3730.4000,3731.4000,3731.6000,1,1,1,1,4,2,5,1,1,2
SF,IF2005,2020-04-13 09:30:39.100,3727.2000,10333,0,89516640.000,0,-,-,-,-,3726.2000,3726.0000,3725.6000,3722.0000,3721.4000,3728.2000,3728.4000,3730.2000,3730.4000,3731.4000,1,1,1,1,4,1,1,5,1,1
SF,IF2005,2020-04-13 09:30:39.600,3727.2000,10333,0,89516640.000,0,-,-,-,-,3726.2000,3726.0000,3725.6000,3722.0000,3721.4000,3728.2000,3728.4000,3730.2000,3730.4000,3731.4000,1,1,1,1,4,2,1,5,1,1
SF,IF2005,2020-04-13 09:30:40.100,3727.2000,10333,0,89516640.000,0,-,-,-,-,3726.2000,3726.0000,3725.6000,3722.0000,3721.4000,3728.0000,3728.2000,3728.4000,3730.2000,3730.4000,1,1,1,1,4,1,2,1,5,1
SF,IF2005,2020-04-13 09:30:41.100,3727.2000,10333,0,89516640.000,0,-,-,-,-,3726.2000,3726.0000,3725.6000,3722.0000,3721.4000,3727.8000,3728.0000,3728.2000,3730.2000,3730.4000,1,1,1,1,4,2,1,2,5,1
SF,IF2005,2020-04-13 09:30:42.100,3727.2000,10333,0,89516640.000,0,-,-,-,-,3726.2000,3726.0000,3725.6000,3722.0000,3721.4000,3727.8000,3728.0000,3728.2000,3730.2000,3730.4000,1,1,1,1,4,2,1,1,5,1
SF,IF2005,2020-04-13 09:30:42.600,3727.2000,10333,0,89516640.000,0,-,-,-,-,3726.2000,3726.0000,3725.6000,3722.0000,3721.4000,3727.8000,3728.0000,3730.2000,3730.4000,3731.4000,1,1,1,1,4,1,1,5,1,1
SF,IF2005,2020-04-13 09:30:43.100,3727.2000,10333,0,89516640.000,0,-,-,-,-,3726.2000,3726.0000,3725.6000,3722.0000,3721.4000,3727.8000,3728.0000,3730.2000,3730.4000,3731.4000,1,2,1,1,4,1,1,5,1,1
SF,IF2005,2020-04-13 09:30:43.600,3727.2000,10333,0,89516640.000,0,-,-,-,-,3726.2000,3726.0000,3725.6000,3722.0000,3721.4000,3727.8000,3728.0000,3730.2000,3730.4000,3731.4000,1,2,1,1,4,1,1,5,1,1
SF,IF2005,2020-04-13 09:30:44.100,3727.2000,10333,0,89516640.000,0,-,-,-,-,3726.2000,3726.0000,3725.6000,3722.0000,3721.4000,3728.0000,3730.2000,3730.4000,3731.4000,3731.6000,1,2,1,1,4,1,5,1,1,2
SF,IF2005,2020-04-13 09:30:45.100,3727.2000,10333,0,89516640.000,0,-,-,-,-,3726.2000,3726.0000,3725.6000,3722.0000,3721.4000,3728.0000,3730.2000,3730.4000,3731.4000,3731.6000,2,2,1,1,4,1,5,1,1,2
SF,IF2005,2020-04-13 09:30:45.600,3727.2000,10333,0,89516640.000,0,-,-,-,-,3726.4000,3726.2000,3726.0000,3725.6000,3722.0000,3728.0000,3730.2000,3730.4000,3731.4000,3731.6000,1,1,2,1,1,1,5,1,1,2
SF,IF2005,2020-04-13 09:30:46.600,3727.2000,10333,0,89516640.000,0,-,-,-,-,3726.6000,3726.4000,3726.2000,3726.0000,3725.6000,3728.0000,3730.2000,3730.4000,3731.4000,3731.6000,1,1,1,2,1,1,5,1,1,2
SF,IF2005,2020-04-13 09:30:48.100,3727.2000,10333,0,89516640.000,0,-,-,-,-,3726.6000,3726.4000,3726.2000,3726.0000,3725.6000,3728.0000,3730.2000,3730.4000,3731.4000,3731.6000,1,1,1,2,1,1,5,1,1,2
SF,IF2005,2020-04-13 09:30:48.600,3727.2000,10333,0,89516640.000,0,-,-,-,-,3726.6000,3726.4000,3726.2000,3726.0000,3725.6000,3728.0000,3730.2000,3730.4000,3731.4000,3731.6000,1,1,1,2,1,1,5,1,1,2
SF,IF2005,2020-04-13 09:30:49.100,3727.8000,10334,1,90634980.000,1,1,0,双开,S,3726.4000,3726.2000,3726.0000,3725.6000,3724.2000,3728.0000,3730.2000,3730.4000,3731.4000,3731.6000,1,1,2,1,2,1,5,1,1,2
SF,IF2005,2020-04-13 09:30:49.600,3727.8000,10334,0,90634980.000,0,-,-,-,-,3726.4000,3726.2000,3726.0000,3725.6000,3722.0000,3728.0000,3730.2000,3730.4000,3731.4000,3731.6000,1,1,2,1,1,1,5,1,1,2
SF,IF2005,2020-04-13 09:30:50.100,3728.0000,10332,-2,92871780.000,2,0,2,双平,S,3726.8000,3726.4000,3726.2000,3726.0000,3725.6000,3730.2000,3730.4000,3731.4000,3731.6000,3731.8000,1,2,1,2,1,5,1,1,2,1
SF,IF2005,2020-04-13 09:30:50.600,3728.0000,10332,0,92871780.000,0,-,-,-,-,3726.4000,3726.2000,3726.0000,3725.6000,3722.0000,3729.8000,3730.0000,3730.2000,3730.4000,3731.8000,3,1,2,1,1,4,6,6,1,1
SF,IF2005,2020-04-13 09:30:51.100,3728.0000,10332,0,92871780.000,0,-,-,-,-,3727.0000,3726.8000,3726.4000,3726.2000,3726.0000,3729.6000,3729.8000,3730.0000,3730.2000,3730.4000,1,1,2,1,2,4,3,6,6,1
SF,IF2005,2020-04-13 09:30:51.600,3728.0000,10332,0,92871780.000,0,-,-,-,-,3727.0000,3726.8000,3726.6000,3726.4000,3726.2000,3728.6000,3729.6000,3729.8000,3730.0000,3730.2000,1,4,1,1,1,1,1,2,5,6
SF,IF2005,2020-04-13 09:30:52.100,3728.0000,10332,0,92871780.000,0,-,-,-,-,3727.2000,3727.0000,3726.8000,3726.6000,3726.4000,3728.0000,3728.6000,3729.8000,3730.0000,3730.2000,1,1,3,1,1,2,1,2,1,6
SF,IF2005,2020-04-13 09:30:52.600,3728.0000,10332,0,92871780.000,0,-,-,-,-,3727.0000,3726.4000,3726.2000,3726.0000,3725.6000,3728.0000,3728.6000,3729.8000,3730.0000,3730.2000,1,1,1,2,1,2,1,2,1,6
SF,IF2005,2020-04-13 09:30:53.100,3728.0000,10330,-2,95108580.000,2,0,2,双平,S,3728.2000,3727.6000,3727.0000,3726.2000,3726.0000,3729.6000,3730.2000,3730.4000,3731.8000,3732.6000,1,1,1,1,2,1,6,1,1,2
SF,IF2005,2020-04-13 09:30:53.600,3728.0000,10330,0,95108580.000,0,-,-,-,-,3728.4000,3727.6000,3727.0000,3726.2000,3726.0000,3729.6000,3730.2000,3730.4000,3731.8000,3732.6000,2,1,1,1,4,1,6,1,1,2
SF,IF2005,2020-04-13 09:30:54.100,3728.2000,10328,-2,97345500.000,2,0,2,双平,S,3727.6000,3727.0000,3726.2000,3726.0000,3725.6000,3728.2000,3729.6000,3730.2000,3731.8000,3732.6000,1,1,2,4,1,1,1,6,1,2
SF,IF2005,2020-04-13 09:30:54.600,3728.2000,10327,-1,98463960.000,1,0,1,双平,S,3727.0000,3726.2000,3726.0000,3725.6000,3722.0000,3729.6000,3730.2000,3731.8000,3732.6000,3733.8000,1,2,4,1,1,1,6,1,2,4
SF,IF2005,2020-04-13 09:30:55.100,3728.2000,10326,-1,99582420.000,1,0,1,双平,S,3727.0000,3726.2000,3726.0000,3725.6000,3722.0000,3729.4000,3729.6000,3730.2000,3731.8000,3732.6000,1,2,4,1,1,3,1,6,1,2
SF,IF2005,2020-04-13 09:30:55.600,3728.2000,10326,0,99582420.000,0,-,-,-,-,3727.0000,3726.2000,3726.0000,3725.6000,3722.0000,3728.0000,3729.4000,3729.6000,3730.2000,3731.8000,1,1,4,1,1,1,3,1,6,1
SF,IF2005,2020-04-13 09:30:56.100,3728.2000,10326,0,99582420.000,0,-,-,-,-,3727.2000,3727.0000,3726.2000,3726.0000,3725.6000,3728.0000,3729.4000,3729.6000,3730.2000,3731.8000,2,1,1,4,1,1,3,1,6,1
SF,IF2005,2020-04-13 09:30:56.600,3728.0000,10326,0,100700820.000,1,0,1,多换,S,3728.2000,3727.2000,3727.0000,3726.2000,3726.0000,3729.4000,3729.6000,3730.2000,3731.8000,3732.6000,1,3,1,1,4,2,1,6,1,2
SF,IF2005,2020-04-13 09:30:57.100,3728.0000,10326,0,100700820.000,0,-,-,-,-,3727.2000,3726.2000,3726.0000,3725.6000,3722.0000,3729.4000,3729.6000,3730.2000,3731.8000,3732.6000,4,1,4,1,1,1,1,6,1,2
SF,IF2005,2020-04-13 09:30:57.600,3728.0000,10326,0,100700820.000,0,-,-,-,-,3727.2000,3726.2000,3726.0000,3725.6000,3722.0000,3729.2000,3729.4000,3729.6000,3730.2000,3731.8000,3,1,4,1,1,1,1,1,6,1
SF,IF2005,2020-04-13 09:30:59.600,3728.0000,10326,0,100700820.000,0,-,-,-,-,3727.2000,3726.2000,3726.0000,3725.6000,3722.0000,3729.2000,3729.4000,3729.6000,3730.2000,3731.8000,3,1,4,1,1,1,1,1,6,1
SF,IF2005,2020-04-13 09:31:00.100,3728.0000,10326,0,100700820.000,0,-,-,-,-,3727.4000,3727.2000,3726.2000,3726.0000,3725.6000,3729.0000,3729.4000,3729.6000,3730.2000,3731.8000,1,3,1,4,1,1,1,1,6,1
SF,IF2005,2020-04-13 09:31:00.600,3728.0000,10326,0,100700820.000,0,-,-,-,-,3727.4000,3727.2000,3726.2000,3726.0000,3725.6000,3729.0000,3729.4000,3729.6000,3730.2000,3731.8000,1,2,2,4,1,1,1,1,6,1
SF,IF2005,2020-04-13 09:31:01.600,3728.0000,10326,0,100700820.000,0,-,-,-,-,3727.4000,3727.2000,3726.2000,3726.0000,3725.6000,3729.0000,3729.4000,3729.6000,3730.2000,3731.8000,1,2,2,2,1,1,1,1,6,1
SF,IF2005,2020-04-13 09:31:02.100,3728.0000,10326,0,100700820.000,0,-,-,-,-,3727.4000,3727.2000,3726.2000,3726.0000,3725.6000,3728.8000,3729.0000,3729.4000,3729.6000,3730.0000,2,2,2,2,1,1,1,1,1,2
SF,IF2005,2020-04-13 09:31:02.600,3727.4000,10324,-2,102937260.000,2,0,2,双平,S,3727.2000,3726.2000,3726.0000,3725.6000,3722.0000,3728.6000,3728.8000,3729.4000,3729.6000,3730.0000,1,2,2,1,1,2,1,1,1,2
SF,IF2005,2020-04-13 09:31:03.100,3727.4000,10324,0,102937260.000,0,-,-,-,-,3726.2000,3726.0000,3725.6000,3722.0000,3721.4000,3727.0000,3728.6000,3728.8000,3729.4000,3729.6000,2,2,1,1,4,1,1,1,1,1
SF,IF2005,2020-04-13 09:31:03.600,3728.6000,10323,-1,106292400.000,3,1,2,多平,S,3726.4000,3726.2000,3726.0000,3725.6000,3722.0000,3728.2000,3728.8000,3729.0000,3729.4000,3729.6000,1,1,3,1,1,1,1,1,1,1
SF,IF2005,2020-04-13 09:31:04.100,3728.6000,10323,0,106292400.000,0,-,-,-,-,3726.4000,3726.2000,3726.0000,3725.6000,3722.0000,3728.0000,3728.2000,3728.8000,3729.0000,3729.4000,1,1,3,1,1,1,1,1,1,1
SF,IF2005,2020-04-13 09:31:04.600,3728.6000,10323,0,106292400.000,0,-,-,-,-,3726.4000,3726.2000,3726.0000,3725.6000,3722.0000,3728.0000,3728.2000,3729.0000,3729.6000,3730.0000,1,1,3,1,1,1,1,1,1,2
SF,IF2005,2020-04-13 09:31:05.100,3728.6000,10323,0,106292400.000,0,-,-,-,-,3726.6000,3726.4000,3726.2000,3726.0000,3725.6000,3728.2000,3729.0000,3729.6000,3730.0000,3730.2000,1,1,1,3,1,1,1,1,2,6
SF,IF2005,2020-04-13 09:31:05.600,3728.6000,10323,0,106292400.000,0,-,-,-,-,3726.8000,3726.6000,3726.2000,3726.0000,3725.6000,3728.0000,3729.0000,3729.6000,3730.0000,3730.2000,1,1,1,3,1,1,1,1,2,6
SF,IF2005,2020-04-13 09:31:06.100,3728.6000,10323,0,106292400.000,0,-,-,-,-,3726.8000,3726.2000,3726.0000,3725.6000,3722.0000,3728.0000,3729.0000,3729.6000,3730.0000,3730.2000,1,1,3,1,1,1,1,1,2,6
SF,IF2005,2020-04-13 09:31:06.600,3728.6000,10323,0,106292400.000,0,-,-,-,-,3726.2000,3726.0000,3725.6000,3722.0000,3721.4000,3728.0000,3729.0000,3729.4000,3729.6000,3730.0000,1,3,1,1,4,1,1,1,1,2
SF,IF2005,2020-04-13 09:31:07.100,3728.6000,10323,0,106292400.000,0,-,-,-,-,3726.4000,3726.2000,3726.0000,3725.6000,3722.0000,3726.8000,3728.0000,3729.0000,3729.4000,3729.6000,1,1,2,1,1,2,1,1,1,1
SF,IF2005,2020-04-13 09:31:07.600,3728.6000,10323,0,106292400.000,0,-,-,-,-,3726.4000,3726.2000,3726.0000,3725.6000,3725.2000,3726.8000,3728.0000,3729.0000,3729.4000,3729.6000,1,1,2,1,1,2,1,1,1,1
SF,IF2005,2020-04-13 09:31:08.100,3726.8000,10321,-2,108528480.000,2,0,2,双平,S,3726.4000,3726.2000,3726.0000,3725.6000,3725.2000,3728.0000,3729.0000,3729.4000,3729.6000,3730.0000,1,1,2,1,1,1,1,1,1,2
SF,IF2005,2020-04-13 09:31:08.600,3726.8000,10321,0,108528480.000,0,-,-,-,-,3726.6000,3726.4000,3726.2000,3726.0000,3725.6000,3728.0000,3729.0000,3729.6000,3730.0000,3730.2000,1,1,1,2,1,1,1,1,2,6
SF,IF2005,2020-04-13 09:31:09.100,3726.8000,10321,0,108528480.000,0,-,-,-,-,3726.8000,3726.6000,3726.2000,3726.0000,3725.6000,3728.0000,3729.0000,3729.6000,3730.0000,3730.2000,5,1,1,2,1,1,1,1,2,6
SF,IF2005,2020-04-13 09:31:09.600,3726.8000,10321,0,108528480.000,0,-,-,-,-,3726.8000,3726.2000,3726.0000,3725.6000,3725.2000,3728.0000,3729.0000,3729.6000,3730.0000,3730.2000,5,1,2,1,1,1,1,1,2,6
SF,IF2005,2020-04-13 09:31:10.100,3726.8000,10321,0,108528480.000,0,-,-,-,-,3726.8000,3726.2000,3726.0000,3725.6000,3725.2000,3727.6000,3728.0000,3729.0000,3729.6000,3730.0000,5,1,2,1,1,1,1,1,1,2
SF,IF2005,2020-04-13 09:31:10.600,3726.8000,10321,0,108528480.000,0,-,-,-,-,3726.8000,3726.6000,3726.2000,3726.0000,3725.6000,3727.6000,3728.0000,3729.0000,3729.2000,3729.6000,5,1,1,2,1,1,1,1,1,1
SF,IF2005,2020-04-13 09:31:11.600,3726.8000,10318,-3,111882600.000,3,0,3,双平,S,3726.8000,3726.6000,3726.2000,3726.0000,3725.6000,3727.6000,3728.0000,3729.0000,3729.2000,3729.6000,2,1,1,2,1,1,1,1,1,1
SF,IF2005,2020-04-13 09:31:12.100,3726.8000,10316,-2,114118680.000,2,0,2,双平,S,3726.6000,3726.2000,3726.0000,3725.6000,3725.2000,3727.4000,3727.6000,3729.0000,3729.2000,3729.6000,1,1,2,1,1,1,1,1,1,1
SF,IF2005,2020-04-13 09:31:12.600,3726.8000,10316,0,114118680.000,0,-,-,-,-,3726.6000,3726.2000,3726.0000,3725.6000,3725.2000,3727.4000,3727.6000,3729.0000,3729.2000,3729.6000,1,1,2,1,1,1,1,1,1,1
SF,IF2005,2020-04-13 09:31:13.100,3726.6000,10316,0,115236660.000,1,0,1,多换,S,3726.2000,3726.0000,3725.6000,3725.2000,3722.0000,3727.4000,3727.6000,3729.0000,3729.2000,3729.6000,1,2,1,1,1,1,1,1,1,1
SF,IF2005,2020-04-13 09:31:13.600,3726.2000,10316,0,116354520.000,1,0,1,多换,S,3726.0000,3725.6000,3725.2000,3722.0000,3721.4000,3726.6000,3727.0000,3727.4000,3727.6000,3729.0000,2,1,1,1,4,1,1,1,1,1
SF,IF2005,2020-04-13 09:31:14.100,3726.0000,10316,0,117472320.000,1,0,1,多换,S,3726.0000,3725.6000,3725.2000,3722.0000,3721.4000,3726.6000,3727.0000,3727.4000,3727.6000,3727.8000,1,1,1,1,4,1,1,1,1,1
SF,IF2005,2020-04-13 09:31:14.600,3726.0000,10315,-1,118590120.000,1,0,1,双平,S,3725.6000,3725.2000,3722.0000,3721.6000,3721.4000,3726.6000,3727.0000,3727.4000,3727.6000,3727.8000,1,1,1,1,4,1,1,1,1,1
SF,IF2005,2020-04-13 09:31:15.100,3726.0000,10315,0,118590120.000,0,-,-,-,-,3725.6000,3725.2000,3722.0000,3721.6000,3721.4000,3726.6000,3727.0000,3727.4000,3727.6000,3727.8000,1,1,1,1,4,1,1,1,1,1
SF,IF2005,2020-04-13 09:31:15.600,3726.0000,10315,0,118590120.000,0,-,-,-,-,3725.6000,3725.2000,3722.0000,3721.6000,3721.4000,3726.6000,3727.0000,3727.4000,3727.6000,3727.8000,1,1,1,1,4,1,1,1,1,1
SF,IF2005,2020-04-13 09:31:16.100,3726.6000,10314,-1,119708100.000,1,0,1,双平,S,3725.6000,3725.2000,3722.0000,3721.6000,3721.4000,3727.0000,3727.4000,3727.6000,3727.8000,3729.0000,1,1,2,1,4,1,1,1,1,1
SF,IF2005,2020-04-13 09:31:16.600,3726.6000,10314,0,119708100.000,0,-,-,-,-,3726.6000,3725.8000,3725.6000,3725.2000,3722.0000,3727.4000,3727.6000,3727.8000,3729.0000,3729.6000,1,2,1,1,2,1,1,1,1,1
SF,IF2005,2020-04-13 09:31:17.100,3726.6000,10314,0,119708100.000,0,-,-,-,-,3726.6000,3725.8000,3725.6000,3725.2000,3722.0000,3727.4000,3727.6000,3727.8000,3729.0000,3729.6000,1,2,1,1,2,1,1,1,1,1
SF,IF2005,2020-04-13 09:31:18.100,3727.4000,10313,-1,120826320.000,1,0,1,双平,S,3726.6000,3725.8000,3725.6000,3725.2000,3722.0000,3727.6000,3727.8000,3729.0000,3729.6000,3730.0000,1,2,1,1,2,1,1,1,1,4
SF,IF2005,2020-04-13 09:31:18.600,3727.6000,10313,0,121944600.000,1,0,1,多换,S,3726.8000,3726.6000,3725.8000,3725.6000,3725.2000,3727.8000,3729.0000,3729.6000,3730.0000,3730.2000,1,1,1,1,1,1,1,1,4,6
SF,IF2005,2020-04-13 09:31:19.100,3727.8000,10312,-1,123062940.000,1,0,1,双平,S,3727.0000,3726.8000,3726.6000,3725.8000,3725.6000,3729.0000,3729.6000,3730.0000,3730.2000,3731.8000,1,1,1,1,1,1,1,4,6,1
SF,IF2005,2020-04-13 09:31:19.600,3727.8000,10312,0,123062940.000,0,-,-,-,-,3727.2000,3727.0000,3726.6000,3725.8000,3725.6000,3728.8000,3729.0000,3729.6000,3730.0000,3730.2000,1,1,1,1,1,2,1,1,4,6
SF,IF2005,2020-04-13 09:31:20.100,3727.2000,10312,0,124181100.000,1,0,1,多换,S,3727.0000,3726.6000,3725.8000,3725.6000,3725.2000,3728.8000,3729.0000,3729.6000,3730.0000,3730.2000,1,1,1,1,1,2,1,1,4,6
SF,IF2005,2020-04-13 09:31:20.600,3727.2000,10312,0,124181100.000,0,-,-,-,-,3727.2000,3727.0000,3726.6000,3725.8000,3725.6000,3728.8000,3729.0000,3729.6000,3730.0000,3730.2000,1,1,1,1,1,1,1,1,4,6
SF,IF2005,2020-04-13 09:31:21.100,3727.2000,10312,0,125299260.000,1,0,1,多换,S,3727.0000,3726.6000,3725.6000,3725.2000,3722.0000,3728.8000,3729.0000,3729.6000,3730.0000,3730.2000,1,1,1,1,2,1,1,1,4,6
SF,IF2005,2020-04-13 09:31:21.600,3727.2000,10312,0,125299260.000,0,-,-,-,-,3727.2000,3726.6000,3726.2000,3725.6000,3725.2000,3728.8000,3729.0000,3729.6000,3730.0000,3730.2000,1,1,1,1,1,1,1,1,4,6
SF,IF2005,2020-04-13 09:31:22.100,3727.2000,10312,0,125299260.000,0,-,-,-,-,3726.6000,3726.2000,3725.6000,3725.2000,3722.0000,3728.4000,3728.6000,3728.8000,3729.0000,3729.6000,1,1,1,1,1,1,1,1,1,1
SF,IF2005,2020-04-13 09:31:22.600,3727.2000,10312,0,125299260.000,0,-,-,-,-,3726.8000,3726.6000,3726.2000,3725.6000,3725.2000,3728.2000,3728.4000,3728.6000,3729.0000,3729.6000,1,1,1,1,1,1,1,3,1,1
SF,IF2005,2020-04-13 09:31:23.100,3727.2000,10312,0,125299260.000,0,-,-,-,-,3726.8000,3726.6000,3726.2000,3725.6000,3725.2000,3728.2000,3728.4000,3728.6000,3729.0000,3729.6000,1,1,1,1,1,1,1,2,1,1
SF,IF2005,2020-04-13 09:31:23.600,3727.2000,10312,0,125299260.000,0,-,-,-,-,3726.8000,3726.6000,3725.6000,3725.2000,3722.0000,3727.8000,3728.2000,3729.0000,3729.6000,3730.0000,1,1,1,1,1,1,1,1,1,4
SF,IF2005,2020-04-13 09:31:24.100,3727.8000,10311,-1,126417600.000,1,0,1,双平,S,3726.8000,3726.6000,3725.6000,3725.2000,3722.0000,3728.2000,3729.0000,3729.6000,3730.0000,3730.2000,1,1,1,1,1,1,1,1,4,6
SF,IF2005,2020-04-13 09:31:24.600,3727.8000,10311,0,126417600.000,0,-,-,-,-,3726.8000,3726.6000,3725.6000,3725.2000,3722.0000,3729.0000,3729.6000,3730.0000,3730.2000,3731.8000,1,1,1,1,1,1,1,4,6,1
SF,IF2005,2020-04-13 09:31:25.100,3727.8000,10311,0,126417600.000,0,-,-,-,-,3727.0000,3726.8000,3726.6000,3725.6000,3725.2000,3728.8000,3729.0000,3729.6000,3730.0000,3730.2000,1,2,1,1,1,1,1,1,4,6
SF,IF2005,2020-04-13 09:31:25.600,3727.8000,10311,0,126417600.000,0,-,-,-,-,3727.2000,3727.0000,3726.6000,3725.6000,3725.2000,3728.8000,3729.0000,3729.6000,3730.0000,3730.2000,1,1,1,1,1,1,1,1,4,6
SF,IF2005,2020-04-13 09:31:26.100,3727.2000,10310,-1,127535760.000,1,0,1,双平,S,3727.0000,3726.6000,3725.6000,3725.2000,3724.2000,3728.8000,3729.0000,3729.6000,3730.0000,3730.2000,1,1,1,1,1,1,1,1,4,6
SF,IF2005,2020-04-13 09:31:26.600,3727.2000,10310,0,127535760.000,0,-,-,-,-,3726.6000,3725.6000,3725.2000,3724.2000,3722.0000,3728.8000,3729.0000,3729.6000,3730.0000,3730.2000,1,1,1,1,1,1,1,1,4,6
SF,IF2005,2020-04-13 09:31:27.100,3727.2000,10310,0,127535760.000,0,-,-,-,-,3727.2000,3726.6000,3725.6000,3725.2000,3724.2000,3728.6000,3728.8000,3729.0000,3729.6000,3730.0000,1,1,1,1,1,1,1,1,1,4
SF,IF2005,2020-04-13 09:31:27.600,3727.2000,10310,0,127535760.000,0,-,-,-,-,3727.2000,3726.8000,3726.6000,3725.6000,3725.2000,3728.4000,3729.0000,3729.6000,3730.0000,3730.2000,1,1,1,1,1,1,1,1,4,6
SF,IF2005,2020-04-13 09:31:28.100,3727.2000,10310,0,127535760.000,0,-,-,-,-,3727.2000,3726.8000,3726.6000,3725.6000,3725.2000,3729.0000,3729.6000,3730.0000,3730.2000,3731.0000,1,1,1,1,1,1,1,4,6,1
SF,IF2005,2020-04-13 09:31:28.600,3727.2000,10310,0,127535760.000,0,-,-,-,-,3727.4000,3727.2000,3726.8000,3726.6000,3725.6000,3728.8000,3729.0000,3729.6000,3730.0000,3730.2000,1,1,1,1,1,1,1,1,4,6
SF,IF2005,2020-04-13 09:31:29.100,3727.2000,10310,0,127535760.000,0,-,-,-,-,3727.4000,3727.2000,3726.8000,3726.6000,3725.6000,3728.8000,3729.0000,3729.6000,3730.0000,3730.2000,2,1,1,1,1,1,1,1,4,6
SF,IF2005,2020-04-13 09:31:29.600,3727.2000,10310,0,127535760.000,0,-,-,-,-,3727.4000,3727.2000,3726.8000,3726.6000,3725.6000,3729.0000,3729.6000,3730.0000,3730.2000,3731.0000,2,1,1,1,1,1,1,4,6,1
SF,IF2005,2020-04-13 09:31:30.100,3727.2000,10310,0,127535760.000,0,-,-,-,-,3727.8000,3727.4000,3726.8000,3726.6000,3725.6000,3728.8000,3729.0000,3729.6000,3730.0000,3730.2000,1,2,1,1,1,1,1,1,4,6
SF,IF2005,2020-04-13 09:31:30.600,3727.8000,10310,0,128654100.000,1,0,1,多换,S,3727.4000,3726.8000,3726.6000,3725.6000,3725.2000,3728.8000,3729.0000,3729.6000,3730.0000,3730.2000,2,1,1,1,1,1,1,1,4,6
SF,IF2005,2020-04-13 09:31:31.100,3727.8000,10309,-1,129772440.000,1,0,1,双平,S,3727.4000,3726.6000,3725.6000,3725.2000,3724.2000,3728.8000,3729.0000,3729.6000,3730.0000,3730.2000,3,1,1,1,1,1,1,1,4,6
SF,IF2005,2020-04-13 09:31:31.600,3727.8000,10309,0,129772440.000,0,-,-,-,-,3726.6000,3725.6000,3725.2000,3724.2000,3722.0000,3728.8000,3729.0000,3729.6000,3730.0000,3730.2000,1,1,1,1,1,2,1,1,4,6
SF,IF2005,2020-04-13 09:31:32.100,3727.8000,10309,0,129772440.000,0,-,-,-,-,3726.8000,3726.6000,3725.6000,3725.2000,3724.2000,3728.8000,3729.0000,3729.6000,3730.0000,3730.2000,2,1,1,1,1,2,1,1,4,6
SF,IF2005,2020-04-13 09:31:32.600,3727.8000,10309,0,129772440.000,0,-,-,-,-,3726.8000,3726.6000,3725.6000,3725.2000,3724.2000,3728.8000,3729.0000,3729.6000,3730.0000,3730.2000,3,2,1,1,1,2,1,1,4,6
SF,IF2005,2020-04-13 09:31:33.100,3727.8000,10309,0,129772440.000,0,-,-,-,-,3727.0000,3726.8000,3726.6000,3725.6000,3725.2000,3728.8000,3729.0000,3729.6000,3730.0000,3730.2000,1,3,2,1,1,2,1,1,4,6
SF,IF2005,2020-04-13 09:31:34.100,3727.8000,10309,0,129772440.000,0,-,-,-,-,3727.2000,3727.0000,3726.8000,3726.6000,3725.6000,3728.8000,3729.0000,3729.6000,3730.0000,3730.2000,1,2,3,2,1,2,1,1,4,6
SF,IF2005,2020-04-13 09:31:34.600,3727.8000,10309,0,129772440.000,0,-,-,-,-,3727.2000,3727.0000,3726.8000,3726.6000,3725.6000,3728.8000,3729.0000,3729.6000,3730.0000,3730.2000,1,2,2,2,1,2,1,1,4,6
SF,IF2005,2020-04-13 09:31:36.600,3727.8000,10309,0,129772440.000,0,-,-,-,-,3727.4000,3727.2000,3727.0000,3726.8000,3726.6000,3728.8000,3729.0000,3729.6000,3730.0000,3730.2000,1,1,2,2,2,2,1,1,4,6
SF,IF2005,2020-04-13 09:31:38.100,3727.8000,10309,0,129772440.000,0,-,-,-,-,3727.4000,3727.2000,3727.0000,3726.8000,3726.6000,3728.8000,3729.0000,3729.6000,3730.0000,3730.2000,2,1,1,2,2,2,1,1,4,6
SF,IF2005,2020-04-13 09:31:38.600,3729.0000,10309,0,130891140.000,1,0,1,多换,S,3727.4000,3727.2000,3727.0000,3726.8000,3726.6000,3729.6000,3730.0000,3730.2000,3731.0000,3731.8000,2,1,1,1,2,1,4,6,1,1
SF,IF2005,2020-04-13 09:31:39.100,3729.0000,10309,0,130891140.000,0,-,-,-,-,3727.6000,3727.4000,3727.2000,3727.0000,3726.8000,3729.4000,3729.6000,3730.0000,3730.2000,3731.0000,1,2,1,1,1,1,1,4,6,1
SF,IF2005,2020-04-13 09:31:41.600,3729.0000,10309,0,130891140.000,0,-,-,-,-,3727.8000,3727.6000,3727.4000,3727.2000,3727.0000,3729.4000,3729.6000,3730.0000,3730.2000,3731.0000,1,1,1,1,1,1,1,4,6,1
SF,IF2005,2020-04-13 09:31:42.100,3729.4000,10309,0,132009960.000,1,0,1,多换,S,3727.8000,3727.2000,3727.0000,3726.8000,3726.6000,3729.6000,3730.0000,3730.2000,3731.0000,3731.8000,1,1,1,1,2,1,4,6,1,1
SF,IF2005,2020-04-13 09:31:42.600,3729.4000,10309,0,132009960.000,0,-,-,-,-,3728.0000,3727.8000,3727.2000,3727.0000,3726.8000,3729.4000,3729.6000,3730.0000,3730.2000,3731.0000,1,1,1,1,1,1,1,4,6,1
SF,IF2005,2020-04-13 09:31:43.100,3729.4000,10309,0,132009960.000,0,-,-,-,-,3728.0000,3727.8000,3727.2000,3727.0000,3726.8000,3729.2000,3729.4000,3729.6000,3730.0000,3730.2000,1,1,1,1,1,1,1,1,4,6
SF,IF2005,2020-04-13 09:31:43.600,3729.4000,10309,0,132009960.000,0,-,-,-,-,3728.0000,3727.8000,3727.2000,3727.0000,3726.8000,3729.0000,3729.2000,3729.6000,3730.0000,3730.2000,1,1,1,1,1,1,1,1,4,6
SF,IF2005,2020-04-13 09:31:44.100,3729.4000,10309,0,132009960.000,0,-,-,-,-,3728.0000,3727.2000,3727.0000,3726.8000,3726.6000,3729.0000,3729.6000,3730.0000,3730.2000,3731.0000,1,1,2,1,2,1,1,4,6,1
SF,IF2005,2020-04-13 09:31:44.600,3729.4000,10309,0,132009960.000,0,-,-,-,-,3728.0000,3727.2000,3727.0000,3726.8000,3726.6000,3729.6000,3730.0000,3730.2000,3731.0000,3731.8000,1,1,2,1,2,1,4,6,1,1
SF,IF2005,2020-04-13 09:31:45.100,3729.4000,10309,0,132009960.000,0,-,-,-,-,3728.2000,3728.0000,3727.2000,3727.0000,3726.8000,3729.4000,3729.6000,3730.0000,3730.2000,3731.0000,1,1,1,1,1,1,1,4,6,1
SF,IF2005,2020-04-13 09:31:45.600,3729.4000,10309,0,132009960.000,0,-,-,-,-,3728.4000,3728.2000,3727.2000,3727.0000,3726.8000,3729.4000,3729.6000,3730.0000,3730.2000,3731.0000,1,1,1,1,1,1,1,4,6,1
SF,IF2005,2020-04-13 09:31:47.600,3729.4000,10309,0,132009960.000,0,-,-,-,-,3728.4000,3727.2000,3727.0000,3726.8000,3726.6000,3729.4000,3729.6000,3730.0000,3730.2000,3731.0000,1,1,2,1,2,1,1,4,6,1
SF,IF2005,2020-04-13 09:31:50.100,3728.4000,10309,0,134247000.000,2,1,1,多换,S,3727.2000,3727.0000,3726.8000,3726.6000,3725.6000,3729.4000,3729.6000,3730.0000,3730.2000,3731.0000,1,2,1,2,1,1,1,4,6,1
SF,IF2005,2020-04-13 09:31:50.600,3728.4000,10309,0,134247000.000,0,-,-,-,-,3727.6000,3727.4000,3727.2000,3727.0000,3726.8000,3729.4000,3729.6000,3730.0000,3730.2000,3731.0000,3,4,2,2,1,1,1,4,6,1
SF,IF2005,2020-04-13 09:31:51.100,3728.4000,10309,0,134247000.000,0,-,-,-,-,3728.0000,3727.6000,3727.2000,3727.0000,3726.8000,3729.4000,3729.6000,3730.0000,3730.2000,3731.0000,1,2,1,2,1,1,1,4,6,1
SF,IF2005,2020-04-13 09:31:52.100,3728.4000,10309,0,134247000.000,0,-,-,-,-,3728.2000,3728.0000,3727.6000,3727.2000,3727.0000,3729.4000,3729.6000,3730.0000,3730.2000,3731.0000,1,1,2,1,2,1,1,4,5,1
SF,IF2005,2020-04-13 09:31:53.600,3728.4000,10309,0,134247000.000,0,-,-,-,-,3728.4000,3728.2000,3728.0000,3727.6000,3727.2000,3729.4000,3729.6000,3730.0000,3730.2000,3731.0000,1,1,1,2,1,1,1,4,5,1
SF,IF2005,2020-04-13 09:31:54.100,3728.4000,10309,0,134247000.000,0,-,-,-,-,3728.4000,3728.2000,3728.0000,3727.6000,3727.2000,3729.6000,3730.0000,3730.2000,3731.0000,3731.8000,1,1,1,2,1,1,4,5,1,1
SF,IF2005,2020-04-13 09:31:54.600,3728.4000,10309,0,136484040.000,2,1,1,多换,S,3728.2000,3727.6000,3727.2000,3727.0000,3726.8000,3729.6000,3730.0000,3730.2000,3731.0000,3731.8000,1,2,1,2,1,1,4,5,1,1
SF,IF2005,2020-04-13 09:31:55.100,3728.4000,10309,0,136484040.000,0,-,-,-,-,3728.6000,3727.6000,3727.2000,3727.0000,3726.8000,3729.6000,3730.0000,3730.2000,3731.0000,3731.8000,1,2,1,2,1,1,4,5,1,1
SF,IF2005,2020-04-13 09:31:55.600,3728.4000,10309,0,137602560.000,1,0,1,多换,S,3728.2000,3727.6000,3727.2000,3727.0000,3726.8000,3729.6000,3730.0000,3730.2000,3731.0000,3731.8000,1,1,1,2,1,1,4,5,1,1
SF,IF2005,2020-04-13 09:31:56.100,3728.4000,10309,0,137602560.000,0,-,-,-,-,3728.2000,3727.6000,3727.2000,3727.0000,3726.8000,3729.4000,3729.6000,3730.0000,3730.2000,3731.0000,1,1,1,2,1,1,1,4,5,1
SF,IF2005,2020-04-13 09:31:56.600,3728.4000,10309,0,137602560.000,0,-,-,-,-,3728.2000,3727.6000,3727.2000,3727.0000,3726.8000,3729.4000,3729.6000,3730.0000,3730.2000,3731.0000,1,1,1,2,1,1,1,4,5,1
SF,IF2005,2020-04-13 09:31:57.100,3728.4000,10309,0,137602560.000,0,-,-,-,-,3728.4000,3728.2000,3727.6000,3727.2000,3727.0000,3729.4000,3729.6000,3730.0000,3730.2000,3731.0000,1,1,1,1,2,1,1,4,5,1
SF,IF2005,2020-04-13 09:31:57.600,3729.4000,10308,-1,138721380.000,1,0,1,双平,S,3728.2000,3727.6000,3727.2000,3727.0000,3726.8000,3729.6000,3730.0000,3730.2000,3731.0000,3731.8000,1,1,1,2,1,1,4,5,1,1
SF,IF2005,2020-04-13 09:31:58.100,3729.4000,10308,0,138721380.000,0,-,-,-,-,3728.4000,3728.2000,3727.6000,3727.2000,3727.0000,3729.4000,3729.6000,3730.0000,3730.2000,3731.0000,1,1,1,1,2,1,1,4,5,1
SF,IF2005,2020-04-13 09:31:59.100,3729.4000,10308,0,138721380.000,0,-,-,-,-,3728.4000,3728.2000,3727.6000,3727.2000,3727.0000,3729.4000,3729.6000,3730.0000,3730.2000,3731.0000,1,1,1,1,2,2,1,4,5,1
SF,IF2005,2020-04-13 09:31:59.600,3729.4000,10308,0,139840200.000,1,0,1,多换,S,3728.4000,3728.2000,3727.6000,3727.2000,3727.0000,3729.4000,3729.6000,3730.0000,3730.2000,3731.8000,1,1,1,1,2,2,1,4,5,1
SF,IF2005,2020-04-13 09:32:00.100,3729.4000,10308,0,139840200.000,0,-,-,-,-,3728.2000,3727.2000,3727.0000,3726.8000,3726.6000,3729.2000,3729.4000,3729.6000,3730.0000,3730.2000,1,1,2,1,1,1,2,1,4,5
SF,IF2005,2020-04-13 09:32:00.600,3729.4000,10308,0,139840200.000,0,-,-,-,-,3728.2000,3727.2000,3727.0000,3726.8000,3726.6000,3729.0000,3729.2000,3729.4000,3729.6000,3730.0000,1,1,2,1,1,1,1,1,1,4
SF,IF2005,2020-04-13 09:32:01.100,3728.8000,10307,-1,142077300.000,2,0,2,多平,S,3727.2000,3727.0000,3726.6000,3725.8000,3725.6000,3728.2000,3729.0000,3729.4000,3729.6000,3730.0000,1,2,1,1,1,1,1,1,1,4
SF,IF2005,2020-04-13 09:32:01.600,3728.2000,10308,1,143195760.000,1,1,0,双开,S,3727.0000,3726.6000,3725.6000,3725.2000,3722.0000,3729.0000,3729.4000,3729.6000,3730.0000,3730.2000,2,1,1,1,1,1,1,1,4,5
SF,IF2005,2020-04-13 09:32:02.100,3728.2000,10308,0,143195760.000,0,-,-,-,-,3727.2000,3727.0000,3726.6000,3725.6000,3725.2000,3728.8000,3729.0000,3729.4000,3729.6000,3730.0000,1,2,1,1,1,2,1,1,1,4
SF,IF2005,2020-04-13 09:32:02.600,3728.2000,10308,0,143195760.000,0,-,-,-,-,3727.2000,3727.0000,3726.6000,3725.6000,3725.2000,3728.4000,3728.6000,3728.8000,3729.6000,3730.0000,1,2,1,1,1,1,3,1,1,4
SF,IF2005,2020-04-13 09:32:03.100,3728.2000,10308,0,143195760.000,0,-,-,-,-,3727.2000,3727.0000,3726.6000,3725.6000,3725.2000,3728.2000,3728.4000,3728.6000,3728.8000,3729.6000,1,2,1,1,1,1,1,1,1,1
SF,IF2005,2020-04-13 09:32:04.600,3727.4000,10308,0,145432440.000,2,1,1,多换,S,3727.2000,3727.0000,3726.6000,3725.6000,3725.2000,3728.4000,3728.6000,3728.8000,3729.6000,3730.0000,1,2,1,1,1,1,1,1,1,4
SF,IF2005,2020-04-13 09:32:07.600,3727.4000,10308,0,145432440.000,0,-,-,-,-,3727.2000,3727.0000,3726.6000,3725.6000,3725.2000,3728.0000,3728.4000,3728.8000,3729.6000,3730.0000,1,2,1,1,1,1,1,1,1,4
SF,IF2005,2020-04-13 09:32:08.100,3727.4000,10308,0,145432440.000,0,-,-,-,-,3727.2000,3727.0000,3726.6000,3725.6000,3725.2000,3728.4000,3728.8000,3729.6000,3730.0000,3730.2000,1,2,1,1,1,1,1,1,4,5
SF,IF2005,2020-04-13 09:32:08.600,3727.4000,10308,0,145432440.000,0,-,-,-,-,3727.0000,3726.6000,3725.6000,3725.2000,3722.0000,3728.2000,3728.4000,3728.8000,3729.6000,3730.0000,2,1,1,1,1,1,1,1,1,4
SF,IF2005,2020-04-13 09:32:09.600,3727.4000,10308,0,145432440.000,0,-,-,-,-,3727.0000,3726.6000,3725.6000,3725.2000,3722.0000,3728.2000,3728.4000,3728.8000,3729.6000,3730.0000,2,1,1,1,1,1,1,1,1,4
SF,IF2005,2020-04-13 09:32:10.100,3727.4000,10308,0,145432440.000,0,-,-,-,-,3727.0000,3726.6000,3725.6000,3725.2000,3722.0000,3728.2000,3728.4000,3728.8000,3729.6000,3730.0000,2,1,1,1,1,1,1,1,1,4
SF,IF2005,2020-04-13 09:32:11.100,3728.2000,10307,-1,146550900.000,1,0,1,双平,S,3727.0000,3726.6000,3725.6000,3725.2000,3722.0000,3728.4000,3728.8000,3729.6000,3730.0000,3730.2000,2,1,1,1,1,1,1,1,4,5
SF,IF2005,2020-04-13 09:32:11.600,3728.2000,10307,0,146550900.000,0,-,-,-,-,3727.2000,3727.0000,3726.6000,3725.6000,3725.2000,3729.6000,3730.0000,3730.2000,3731.8000,3732.6000,1,2,1,1,1,1,4,5,1,1
SF,IF2005,2020-04-13 09:32:12.100,3728.2000,10307,0,146550900.000,0,-,-,-,-,3727.4000,3727.2000,3727.0000,3726.6000,3725.6000,3729.4000,3729.6000,3730.0000,3730.2000,3731.8000,1,1,2,1,1,2,1,4,5,1
SF,IF2005,2020-04-13 09:32:12.600,3728.2000,10307,0,146550900.000,0,-,-,-,-,3727.6000,3727.4000,3727.0000,3726.6000,3725.6000,3729.2000,3729.4000,3729.6000,3730.0000,3730.2000,1,1,2,1,1,1,2,1,4,5
SF,IF2005,2020-04-13 09:32:13.100,3728.2000,10307,0,146550900.000,0,-,-,-,-,3727.6000,3727.4000,3727.0000,3726.6000,3725.6000,3729.0000,3729.4000,3729.6000,3730.0000,3730.2000,1,1,2,1,1,1,1,1,4,5
SF,IF2005,2020-04-13 09:32:13.600,3728.2000,10307,0,146550900.000,0,-,-,-,-,3727.6000,3727.0000,3726.6000,3725.6000,3725.2000,3728.8000,3729.0000,3729.4000,3729.6000,3730.0000,1,2,1,1,1,1,1,1,1,4
SF,IF2005,2020-04-13 09:32:14.100,3728.2000,10307,0,146550900.000,0,-,-,-,-,3727.0000,3726.6000,3725.6000,3725.2000,3722.0000,3728.6000,3728.8000,3729.4000,3729.6000,3730.0000,2,1,1,1,1,1,1,1,1,4
SF,IF2005,2020-04-13 09:32:14.600,3728.2000,10307,0,146550900.000,0,-,-,-,-,3727.2000,3727.0000,3726.6000,3725.6000,3725.2000,3728.4000,3728.6000,3728.8000,3729.4000,3729.6000,1,3,1,1,1,1,1,1,1,1
SF,IF2005,2020-04-13 09:32:15.100,3727.0000,10305,-2,148787160.000,2,0,2,双平,S,3727.0000,3726.6000,3725.6000,3725.2000,3722.0000,3728.6000,3728.8000,3729.4000,3729.6000,3730.0000,1,1,1,1,1,1,1,1,1,4
SF,IF2005,2020-04-13 09:32:15.600,3727.0000,10305,0,148787160.000,0,-,-,-,-,3727.2000,3727.0000,3726.6000,3725.6000,3725.2000,3728.6000,3728.8000,3729.4000,3729.6000,3730.0000,1,1,1,1,1,1,1,1,1,4
SF,IF2005,2020-04-13 09:32:17.100,3727.0000,10305,0,148787160.000,0,-,-,-,-,3727.2000,3727.0000,3726.6000,3725.6000,3725.2000,3728.4000,3728.6000,3729.4000,3729.6000,3730.0000,2,1,1,1,1,1,1,1,1,4
SF,IF2005,2020-04-13 09:32:17.600,3727.0000,10305,0,148787160.000,0,-,-,-,-,3727.2000,3727.0000,3726.6000,3725.6000,3725.2000,3728.4000,3728.6000,3729.4000,3729.6000,3730.0000,2,1,1,1,1,1,1,1,1,4
SF,IF2005,2020-04-13 09:32:18.100,3727.0000,10305,0,148787160.000,0,-,-,-,-,3727.2000,3727.0000,3726.6000,3725.6000,3725.2000,3728.4000,3728.6000,3729.4000,3729.6000,3730.0000,2,1,1,1,1,1,1,1,1,4
SF,IF2005,2020-04-13 09:32:18.600,3727.0000,10305,0,148787160.000,0,-,-,-,-,3727.2000,3727.0000,3726.6000,3725.6000,3725.2000,3728.4000,3728.6000,3729.4000,3729.6000,3730.0000,2,1,1,1,1,1,1,1,1,4
SF,IF2005,2020-04-13 09:32:19.100,3727.0000,10305,0,148787160.000,0,-,-,-,-,3727.4000,3727.2000,3727.0000,3726.6000,3725.6000,3728.4000,3729.6000,3730.0000,3730.2000,3731.8000,2,2,1,1,1,1,1,4,5,1
SF,IF2005,2020-04-13 09:32:19.600,3728.4000,10304,-1,149905680.000,1,0,1,双平,S,3728.4000,3727.6000,3727.4000,3727.2000,3727.0000,3729.6000,3730.0000,3730.2000,3731.8000,3732.6000,1,1,2,1,1,1,4,5,1,1
SF,IF2005,2020-04-13 09:32:20.100,3728.4000,10304,0,149905680.000,0,-,-,-,-,3728.6000,3727.6000,3727.4000,3727.0000,3726.6000,3729.6000,3730.0000,3730.2000,3731.8000,3732.6000,1,1,1,1,1,1,4,5,1,1
SF,IF2005,2020-04-13 09:32:20.600,3728.4000,10304,0,149905680.000,0,-,-,-,-,3728.6000,3727.8000,3727.6000,3727.4000,3727.0000,3729.6000,3730.0000,3730.2000,3731.8000,3732.6000,1,1,1,1,1,1,4,5,1,1
SF,IF2005,2020-04-13 09:32:21.100,3728.4000,10304,0,149905680.000,0,-,-,-,-,3728.6000,3727.6000,3727.4000,3727.0000,3726.6000,3729.6000,3730.0000,3730.2000,3731.8000,3732.6000,1,1,1,1,1,1,4,5,1,1
SF,IF2005,2020-04-13 09:32:21.600,3728.4000,10304,0,149905680.000,0,-,-,-,-,3727.6000,3727.4000,3727.0000,3726.6000,3725.6000,3729.4000,3729.6000,3730.0000,3730.2000,3731.8000,1,1,1,1,1,1,1,4,5,1
SF,IF2005,2020-04-13 09:32:22.100,3728.4000,10304,0,149905680.000,0,-,-,-,-,3727.6000,3727.0000,3726.6000,3725.6000,3725.2000,3728.8000,3729.2000,3729.4000,3729.6000,3730.0000,1,1,1,1,1,1,1,1,1,4
SF,IF2005,2020-04-13 09:32:22.600,3727.6000,10304,0,151023960.000,1,0,1,多换,S,3727.0000,3726.6000,3725.6000,3725.2000,3722.0000,3728.8000,3729.2000,3729.4000,3729.6000,3730.0000,1,1,1,1,1,1,1,1,1,4
SF,IF2005,2020-04-13 09:32:23.100,3727.6000,10304,0,151023960.000,0,-,-,-,-,3727.2000,3727.0000,3726.6000,3725.6000,3725.2000,3728.6000,3728.8000,3729.2000,3729.6000,3730.0000,2,1,1,1,1,1,1,1,1,4
SF,IF2005,2020-04-13 09:32:23.600,3727.6000,10304,0,151023960.000,0,-,-,-,-,3727.2000,3727.0000,3726.6000,3725.6000,3725.2000,3728.6000,3728.8000,3729.6000,3730.0000,3730.2000,2,1,1,1,1,1,1,1,4,5
SF,IF2005,2020-04-13 09:32:24.100,3727.6000,10304,0,151023960.000,0,-,-,-,-,3727.2000,3727.0000,3726.6000,3725.6000,3725.2000,3728.6000,3728.8000,3729.6000,3730.0000,3730.2000,2,1,1,1,1,1,1,1,4,5
SF,IF2005,2020-04-13 09:32:24.600,3727.6000,10304,0,151023960.000,0,-,-,-,-,3727.2000,3727.0000,3726.6000,3725.6000,3725.2000,3728.6000,3728.8000,3729.6000,3730.0000,3730.2000,2,1,1,1,1,1,1,1,4,5
SF,IF2005,2020-04-13 09:32:25.100,3727.6000,10304,0,151023960.000,0,-,-,-,-,3727.4000,3727.2000,3727.0000,3726.6000,3725.6000,3728.6000,3728.8000,3729.6000,3730.0000,3730.2000,1,2,1,1,1,1,1,1,4,5
SF,IF2005,2020-04-13 09:32:25.600,3727.6000,10304,0,151023960.000,0,-,-,-,-,3727.6000,3727.4000,3727.2000,3727.0000,3726.6000,3728.6000,3728.8000,3729.6000,3730.0000,3730.2000,1,1,1,1,1,1,1,1,4,5
SF,IF2005,2020-04-13 09:32:26.100,3728.6000,10303,-1,152142540.000,1,0,1,双平,S,3727.6000,3727.4000,3727.2000,3727.0000,3726.6000,3728.8000,3729.6000,3730.0000,3730.2000,3731.8000,1,1,1,1,1,1,1,4,5,1
SF,IF2005,2020-04-13 09:32:26.600,3728.6000,10303,0,152142540.000,0,-,-,-,-,3727.6000,3727.4000,3727.0000,3726.6000,3725.6000,3728.8000,3729.6000,3730.0000,3730.2000,3731.8000,1,1,1,1,1,1,1,4,5,1
SF,IF2005,2020-04-13 09:32:27.600,3728.6000,10303,0,152142540.000,0,-,-,-,-,3727.8000,3727.6000,3727.4000,3727.0000,3726.6000,3728.8000,3729.6000,3730.0000,3730.2000,3731.8000,1,1,1,1,1,1,1,4,5,1
SF,IF2005,2020-04-13 09:32:28.100,3728.6000,10303,0,152142540.000,0,-,-,-,-,3727.8000,3727.6000,3727.4000,3727.0000,3726.6000,3728.8000,3729.6000,3730.0000,3730.2000,3731.8000,1,1,1,1,1,1,1,4,5,1
SF,IF2005,2020-04-13 09:32:29.100,3728.6000,10303,0,152142540.000,0,-,-,-,-,3727.6000,3727.4000,3727.0000,3726.6000,3725.6000,3728.8000,3729.6000,3730.0000,3730.2000,3731.8000,1,1,1,1,1,1,1,4,5,1
SF,IF2005,2020-04-13 09:32:29.600,3728.6000,10303,0,152142540.000,0,-,-,-,-,3727.6000,3727.4000,3727.0000,3726.6000,3725.6000,3727.8000,3728.8000,3729.6000,3730.0000,3730.2000,1,1,1,1,1,1,1,1,4,5
SF,IF2005,2020-04-13 09:32:30.100,3727.8000,10303,0,153260880.000,1,0,1,多换,S,3727.6000,3727.4000,3727.0000,3726.6000,3726.4000,3728.8000,3729.6000,3730.0000,3730.2000,3731.8000,1,1,1,1,1,1,1,4,5,1
SF,IF2005,2020-04-13 09:32:33.100,3727.6000,10302,-1,154379160.000,1,0,1,双平,S,3727.4000,3727.0000,3726.6000,3726.4000,3725.6000,3727.6000,3728.8000,3729.6000,3730.0000,3730.2000,1,1,1,1,1,19,1,1,4,5
SF,IF2005,2020-04-13 09:32:33.600,3727.6000,10301,-1,156615660.000,2,0,2,多平,S,3727.0000,3726.6000,3726.4000,3725.6000,3725.2000,3727.6000,3728.8000,3729.6000,3730.0000,3730.2000,1,1,1,1,1,18,1,1,4,5
SF,IF2005,2020-04-13 09:32:34.600,3727.6000,10301,0,156615660.000,0,-,-,-,-,3727.0000,3726.6000,3725.6000,3725.2000,3722.0000,3727.6000,3728.8000,3729.6000,3730.0000,3730.2000,1,1,1,1,1,18,1,1,4,5
SF,IF2005,2020-04-13 09:32:35.100,3727.0000,10301,0,157733760.000,1,0,1,多换,S,3726.6000,3726.0000,3725.6000,3725.2000,3724.2000,3727.6000,3728.8000,3729.6000,3730.0000,3730.2000,1,1,1,1,1,18,1,1,4,5
SF,IF2005,2020-04-13 09:32:35.600,3727.0000,10301,0,157733760.000,0,-,-,-,-,3726.6000,3726.0000,3725.6000,3725.2000,3724.2000,3727.6000,3729.6000,3730.0000,3730.2000,3731.8000,1,1,1,1,1,18,1,4,5,1
SF,IF2005,2020-04-13 09:32:37.600,3726.6000,10301,0,158851740.000,1,0,1,多换,S,3726.0000,3725.6000,3725.2000,3724.2000,3722.0000,3727.6000,3729.6000,3730.0000,3730.2000,3731.8000,1,1,1,1,1,18,1,4,5,1
SF,IF2005,2020-04-13 09:32:38.100,3726.6000,10301,0,158851740.000,0,-,-,-,-,3725.6000,3725.2000,3722.0000,3721.4000,3721.0000,3727.4000,3727.6000,3729.6000,3730.0000,3730.2000,1,1,1,4,1,2,18,1,4,5
SF,IF2005,2020-04-13 09:32:38.600,3727.4000,10300,-1,159969960.000,1,0,1,双平,S,3725.8000,3725.6000,3725.2000,3722.0000,3721.4000,3727.4000,3727.6000,3729.6000,3730.0000,3730.2000,1,1,1,1,4,1,18,1,4,5
SF,IF2005,2020-04-13 09:32:39.100,3727.4000,10300,0,159969960.000,0,-,-,-,-,3725.8000,3725.6000,3725.2000,3723.6000,3723.2000,3727.2000,3727.4000,3727.6000,3729.6000,3730.0000,1,1,1,1,1,1,1,18,1,4
SF,IF2005,2020-04-13 09:32:39.600,3727.4000,10300,0,159969960.000,0,-,-,-,-,3725.8000,3725.6000,3725.2000,3723.6000,3723.2000,3727.2000,3727.4000,3727.6000,3729.6000,3730.0000,1,1,1,1,1,2,1,18,1,4
SF,IF2005,2020-04-13 09:32:40.100,3727.4000,10300,0,159969960.000,0,-,-,-,-,3725.8000,3725.6000,3725.2000,3723.6000,3723.2000,3727.0000,3727.2000,3727.4000,3727.6000,3729.6000,1,1,1,1,1,1,2,1,18,1
SF,IF2005,2020-04-13 09:32:40.600,3727.4000,10300,0,159969960.000,0,-,-,-,-,3725.6000,3725.2000,3723.6000,3723.2000,3722.0000,3726.8000,3727.0000,3727.2000,3727.4000,3727.6000,1,1,1,1,1,1,1,1,1,18
SF,IF2005,2020-04-13 09:32:41.100,3727.4000,10300,0,159969960.000,0,-,-,-,-,3725.6000,3725.2000,3723.6000,3723.2000,3722.0000,3725.8000,3726.6000,3726.8000,3727.0000,3727.2000,1,1,1,1,1,5,1,1,1,1
SF,IF2005,2020-04-13 09:32:41.600,3725.8000,10300,0,166676340.000,6,3,3,多换,S,3725.8000,3725.2000,3723.6000,3723.2000,3722.0000,3726.6000,3726.8000,3727.0000,3727.2000,3727.4000,1,1,1,1,1,2,1,1,1,1
SF,IF2005,2020-04-13 09:32:42.100,3725.8000,10300,0,166676340.000,0,-,-,-,-,3725.2000,3723.6000,3722.0000,3721.4000,3721.0000,3726.6000,3726.8000,3727.0000,3727.2000,3727.6000,1,1,1,4,1,2,1,1,1,18
SF,IF2005,2020-04-13 09:32:42.600,3726.4000,10299,-1,167794260.000,1,0,1,双平,S,3725.4000,3725.2000,3723.6000,3722.0000,3721.4000,3726.6000,3727.0000,3727.2000,3727.6000,3729.6000,3,1,1,1,4,2,1,1,18,1
SF,IF2005,2020-04-13 09:32:43.100,3726.6000,10298,-1,168912240.000,1,0,1,双平,S,3725.4000,3725.2000,3723.6000,3722.0000,3721.4000,3726.6000,3727.0000,3727.2000,3727.6000,3729.6000,3,1,1,1,4,1,6,1,18,1
SF,IF2005,2020-04-13 09:32:43.600,3726.6000,10298,0,168912240.000,0,-,-,-,-,3725.4000,3725.2000,3723.6000,3722.0000,3721.4000,3726.6000,3727.0000,3727.6000,3729.6000,3730.0000,3,1,1,1,4,1,6,18,1,4
SF,IF2005,2020-04-13 09:32:44.100,3726.6000,10298,0,168912240.000,0,-,-,-,-,3725.4000,3725.2000,3723.6000,3722.0000,3721.4000,3726.6000,3727.0000,3727.6000,3729.6000,3730.0000,3,1,1,1,4,1,6,18,1,4
SF,IF2005,2020-04-13 09:32:45.100,3725.4000,10297,-1,170029860.000,1,0,1,双平,S,3725.4000,3725.2000,3723.6000,3722.0000,3721.4000,3726.6000,3727.0000,3727.6000,3729.6000,3730.0000,3,1,1,1,4,1,6,18,1,4
SF,IF2005,2020-04-13 09:32:46.100,3725.4000,10297,0,170029860.000,0,-,-,-,-,3725.4000,3725.2000,3723.6000,3722.0000,3721.4000,3726.4000,3726.6000,3727.0000,3727.6000,3729.6000,1,1,1,1,4,1,1,6,18,1
SF,IF2005,2020-04-13 09:32:46.600,3725.4000,10297,0,170029860.000,0,-,-,-,-,3725.4000,3725.2000,3723.6000,3722.0000,3721.4000,3726.2000,3726.4000,3726.6000,3727.0000,3727.6000,1,1,1,1,4,1,1,1,6,18
SF,IF2005,2020-04-13 09:32:47.100,3725.4000,10297,0,170029860.000,0,-,-,-,-,3725.4000,3725.2000,3723.6000,3722.0000,3721.4000,3726.4000,3726.6000,3727.0000,3727.6000,3729.6000,1,1,1,1,4,1,1,6,18,1
SF,IF2005,2020-04-13 09:32:47.600,3726.0000,10296,-1,171147660.000,1,0,1,双平,S,3725.4000,3725.2000,3723.6000,3722.0000,3721.4000,3726.0000,3726.4000,3726.6000,3727.0000,3727.6000,1,1,1,1,4,4,1,1,6,18
SF,IF2005,2020-04-13 09:32:48.100,3726.0000,10295,-1,172265460.000,1,0,1,双平,S,3725.4000,3725.2000,3723.6000,3722.0000,3721.4000,3726.0000,3726.4000,3726.6000,3727.0000,3727.6000,1,1,1,1,4,3,1,1,6,18
SF,IF2005,2020-04-13 09:32:48.600,3726.0000,10293,-2,175618860.000,3,0,3,多平,S,3725.6000,3725.4000,3725.2000,3723.6000,3722.0000,3726.4000,3726.6000,3727.0000,3727.6000,3729.6000,1,1,1,1,1,1,1,6,18,1
SF,IF2005,2020-04-13 09:32:49.100,3726.0000,10293,0,175618860.000,0,-,-,-,-,3725.6000,3725.2000,3723.6000,3722.0000,3721.4000,3726.4000,3726.6000,3727.0000,3727.6000,3729.6000,2,1,1,1,4,1,1,6,18,1
SF,IF2005,2020-04-13 09:32:50.600,3726.0000,10293,0,175618860.000,0,-,-,-,-,3725.6000,3725.2000,3723.6000,3722.0000,3721.4000,3726.6000,3727.0000,3727.6000,3729.6000,3730.0000,2,1,1,1,4,1,6,18,1,4
SF,IF2005,2020-04-13 09:32:51.600,3726.0000,10293,0,175618860.000,0,-,-,-,-,3725.6000,3725.2000,3723.6000,3722.0000,3721.4000,3726.4000,3726.6000,3727.0000,3727.6000,3729.6000,2,1,1,1,4,1,1,6,18,1
SF,IF2005,2020-04-13 09:32:52.100,3726.0000,10293,0,175618860.000,0,-,-,-,-,3725.6000,3725.2000,3723.6000,3722.0000,3721.4000,3726.4000,3726.6000,3727.0000,3727.6000,3729.6000,2,1,1,1,4,1,1,6,18,1
SF,IF2005,2020-04-13 09:32:53.100,3726.0000,10293,0,175618860.000,0,-,-,-,-,3725.6000,3725.2000,3724.8000,3723.6000,3722.0000,3726.4000,3726.6000,3727.0000,3727.6000,3729.6000,2,1,1,1,1,1,1,6,18,1
SF,IF2005,2020-04-13 09:32:53.600,3726.0000,10293,0,175618860.000,0,-,-,-,-,3725.6000,3725.2000,3724.8000,3723.6000,3722.0000,3726.4000,3726.6000,3727.0000,3727.6000,3729.6000,2,1,1,1,1,1,1,6,18,1
SF,IF2005,2020-04-13 09:32:54.600,3726.0000,10293,0,175618860.000,0,-,-,-,-,3725.6000,3725.2000,3724.8000,3723.6000,3722.0000,3726.4000,3726.6000,3727.0000,3727.6000,3729.6000,1,1,1,1,1,1,1,6,18,1
SF,IF2005,2020-04-13 09:32:55.100,3726.0000,10293,0,175618860.000,0,-,-,-,-,3725.6000,3725.2000,3724.8000,3723.6000,3722.0000,3726.4000,3726.6000,3727.0000,3727.6000,3729.6000,1,1,1,1,1,1,1,6,18,1
SF,IF2005,2020-04-13 09:32:56.600,3726.0000,10293,0,175618860.000,0,-,-,-,-,3725.6000,3725.2000,3724.8000,3723.6000,3722.0000,3726.6000,3727.0000,3727.6000,3729.6000,3730.0000,1,1,1,1,1,1,6,18,1,4
SF,IF2005,2020-04-13 09:32:57.600,3726.6000,10292,-1,176736840.000,1,0,1,双平,S,3725.8000,3725.6000,3725.2000,3724.8000,3723.6000,3726.6000,3727.0000,3727.6000,3729.6000,3730.0000,3,2,1,1,1,1,6,18,1,4
SF,IF2005,2020-04-13 09:32:58.100,3726.6000,10292,0,176736840.000,0,-,-,-,-,3725.8000,3725.6000,3725.2000,3724.8000,3723.6000,3727.0000,3727.6000,3729.6000,3730.0000,3730.2000,2,1,1,1,1,6,18,1,4,5
SF,IF2005,2020-04-13 09:32:58.600,3726.6000,10292,0,176736840.000,0,-,-,-,-,3725.6000,3725.2000,3724.8000,3723.6000,3722.0000,3726.8000,3727.0000,3727.6000,3729.6000,3730.0000,1,1,1,1,1,1,6,18,1,4
SF,IF2005,2020-04-13 09:32:59.100,3726.6000,10292,0,176736840.000,0,-,-,-,-,3725.6000,3725.2000,3724.8000,3723.6000,3722.0000,3726.8000,3727.0000,3727.6000,3729.6000,3730.0000,1,1,1,1,1,2,6,18,1,4
SF,IF2005,2020-04-13 09:32:59.600,3726.6000,10292,0,176736840.000,0,-,-,-,-,3725.2000,3724.8000,3723.6000,3722.0000,3721.4000,3726.6000,3726.8000,3727.0000,3727.6000,3729.6000,1,1,1,1,4,1,1,6,18,1
SF,IF2005,2020-04-13 09:33:00.100,3726.6000,10292,0,176736840.000,0,-,-,-,-,3725.4000,3725.2000,3724.8000,3723.6000,3722.0000,3725.6000,3726.4000,3726.6000,3727.0000,3727.6000,1,1,1,1,1,5,1,1,6,18
SF,IF2005,2020-04-13 09:33:00.600,3725.6000,10291,-1,180089700.000,3,1,2,多平,S,3724.8000,3723.6000,3722.0000,3721.4000,3721.0000,3725.6000,3726.4000,3726.6000,3727.0000,3727.6000,1,1,1,4,1,4,1,1,6,18
SF,IF2005,2020-04-13 09:33:01.100,3725.6000,10294,3,184560420.000,4,3,1,空开,S,3725.6000,3725.0000,3724.8000,3722.0000,3721.4000,3726.4000,3726.6000,3727.0000,3727.6000,3728.2000,2,9,1,1,4,1,1,5,18,1
SF,IF2005,2020-04-13 09:33:01.600,3725.6000,10294,0,184560420.000,0,-,-,-,-,3725.6000,3725.0000,3724.8000,3722.6000,3722.0000,3726.4000,3726.6000,3727.0000,3727.6000,3729.6000,1,1,1,1,1,1,1,5,18,1
SF,IF2005,2020-04-13 09:33:02.100,3725.6000,10293,-1,185678100.000,1,0,1,双平,S,3725.0000,3724.8000,3722.6000,3722.0000,3721.4000,3726.2000,3726.4000,3727.0000,3727.6000,3729.6000,1,1,1,1,4,1,1,5,18,1
SF,IF2005,2020-04-13 09:33:02.600,3725.6000,10293,0,185678100.000,0,-,-,-,-,3725.0000,3724.8000,3722.6000,3722.0000,3721.4000,3726.2000,3726.4000,3727.0000,3727.6000,3729.6000,1,1,1,1,4,1,1,5,18,1
SF,IF2005,2020-04-13 09:33:03.100,3725.6000,10293,0,185678100.000,0,-,-,-,-,3725.0000,3724.8000,3722.6000,3722.0000,3721.4000,3726.2000,3726.4000,3727.0000,3727.6000,3729.6000,1,1,1,1,4,1,1,5,18,1
SF,IF2005,2020-04-13 09:33:04.100,3725.6000,10293,0,185678100.000,0,-,-,-,-,3725.0000,3724.8000,3722.6000,3722.0000,3721.4000,3726.0000,3726.2000,3726.4000,3727.0000,3727.6000,1,1,1,1,4,1,1,1,5,18
SF,IF2005,2020-04-13 09:33:04.600,3725.6000,10293,0,185678100.000,0,-,-,-,-,3725.2000,3725.0000,3724.8000,3722.6000,3722.0000,3726.0000,3726.2000,3726.4000,3727.0000,3727.6000,1,1,1,1,1,1,1,1,5,18
SF,IF2005,2020-04-13 09:33:05.100,3725.6000,10293,0,185678100.000,0,-,-,-,-,3725.2000,3725.0000,3724.8000,3722.6000,3722.0000,3725.8000,3726.0000,3726.4000,3727.0000,3727.6000,1,1,1,1,1,1,1,1,5,18
SF,IF2005,2020-04-13 09:33:05.600,3721.4000,10293,0,192380400.000,6,3,3,多换,S,3721.4000,3721.0000,3720.0000,3716.0000,3715.0000,3725.8000,3726.0000,3726.4000,3727.0000,3727.6000,3,1,4,1,5,1,1,1,5,18
SF,IF2005,2020-04-13 09:33:06.100,3725.6000,10293,0,193498080.000,1,0,1,多换,S,3724.4000,3724.2000,3724.0000,3723.8000,3723.4000,3725.2000,3725.6000,3725.8000,3726.0000,3727.0000,2,1,3,2,3,1,1,1,1,5
SF,IF2005,2020-04-13 09:33:06.600,3725.6000,10293,0,193498080.000,0,-,-,-,-,3724.4000,3724.2000,3724.0000,3723.8000,3723.4000,3724.6000,3725.2000,3726.0000,3727.0000,3727.6000,1,1,3,1,3,1,1,1,5,18
SF,IF2005,2020-04-13 09:33:07.100,3724.6000,10292,-1,194615460.000,1,0,1,双平,S,3724.8000,3724.6000,3724.4000,3724.2000,3724.0000,3725.2000,3727.0000,3727.6000,3729.6000,3730.0000,1,2,1,1,3,1,5,18,1,4
SF,IF2005,2020-04-13 09:33:07.600,3724.6000,10291,-1,195732840.000,1,0,1,双平,S,3724.6000,3724.4000,3724.2000,3724.0000,3723.8000,3725.2000,3727.0000,3727.6000,3729.6000,3730.0000,1,1,1,3,1,1,5,18,1,4
SF,IF2005,2020-04-13 09:33:08.100,3724.6000,10291,0,195732840.000,0,-,-,-,-,3724.4000,3724.2000,3724.0000,3723.8000,3723.4000,3725.2000,3727.0000,3727.6000,3729.6000,3730.0000,1,1,3,1,3,1,5,18,1,4
SF,IF2005,2020-04-13 09:33:08.600,3724.4000,10290,-1,196850160.000,1,0,1,双平,S,3724.2000,3724.0000,3723.4000,3723.2000,3723.0000,3725.0000,3727.0000,3727.6000,3729.6000,3730.0000,1,3,3,2,2,2,5,18,1,4
SF,IF2005,2020-04-13 09:33:09.100,3724.8000,10289,-1,199084860.000,2,0,2,多平,S,3724.0000,3723.4000,3722.8000,3722.6000,3722.4000,3725.0000,3727.0000,3727.6000,3729.6000,3730.0000,1,2,2,1,1,2,5,18,1,4
SF,IF2005,2020-04-13 09:33:09.600,3724.8000,10287,-2,201319500.000,2,0,2,双平,S,3722.6000,3722.2000,3722.0000,3721.8000,3721.6000,3724.8000,3725.0000,3727.0000,3727.6000,3729.6000,1,11,3,10,18,3,1,5,18,1
SF,IF2005,2020-04-13 09:33:10.100,3724.8000,10286,-1,202436940.000,1,0,1,双平,S,3722.8000,3722.2000,3722.0000,3721.8000,3721.6000,3724.6000,3724.8000,3725.0000,3727.0000,3727.6000,1,9,3,6,14,3,2,1,5,18
SF,IF2005,2020-04-13 09:33:10.600,3724.8000,10285,-1,203554380.000,1,0,1,双平,S,3723.0000,3722.8000,3721.8000,3721.6000,3721.4000,3724.4000,3724.6000,3725.0000,3727.0000,3727.6000,3,3,4,13,2,1,1,1,5,18
SF,IF2005,2020-04-13 09:33:11.100,3724.8000,10285,0,203554380.000,0,-,-,-,-,3723.2000,3721.8000,3721.6000,3721.4000,3721.0000,3724.2000,3724.4000,3724.6000,3725.0000,3727.0000,1,4,10,2,1,2,2,1,1,5
SF,IF2005,2020-04-13 09:33:11.600,3723.6000,10286,1,205788840.000,2,1,1,空开,S,3723.6000,3721.8000,3721.6000,3721.4000,3721.0000,3724.2000,3724.4000,3724.8000,3727.0000,3727.6000,1,4,6,2,1,2,2,2,5,18
SF,IF2005,2020-04-13 09:33:12.100,3723.6000,10286,0,206905920.000,1,0,1,多换,S,3721.8000,3721.6000,3721.4000,3721.0000,3720.2000,3724.0000,3724.2000,3724.4000,3724.8000,3727.0000,3,5,2,1,2,1,1,2,1,5
SF,IF2005,2020-04-13 09:33:12.600,3723.6000,10286,0,206905920.000,0,-,-,-,-,3722.0000,3721.8000,3721.6000,3721.4000,3721.0000,3723.6000,3723.8000,3724.4000,3724.8000,3727.0000,1,1,5,2,1,1,2,2,1,5
SF,IF2005,2020-04-13 09:33:13.100,3723.6000,10286,0,206905920.000,0,-,-,-,-,3722.2000,3722.0000,3721.6000,3721.4000,3721.0000,3723.8000,3724.4000,3724.8000,3727.0000,3727.6000,2,1,4,2,1,2,2,1,5,18
SF,IF2005,2020-04-13 09:33:13.600,3723.6000,10285,-1,208023000.000,1,0,1,双平,S,3722.4000,3721.6000,3721.4000,3721.0000,3720.0000,3723.8000,3724.4000,3727.0000,3727.6000,3729.6000,1,4,2,1,5,2,2,5,18,1
SF,IF2005,2020-04-13 09:33:14.100,3723.6000,10285,0,208023000.000,0,-,-,-,-,3722.6000,3722.4000,3721.6000,3721.4000,3721.0000,3723.8000,3727.0000,3727.6000,3729.6000,3730.0000,3,4,5,3,1,1,5,18,1,4
SF,IF2005,2020-04-13 09:33:14.600,3723.6000,10285,0,208023000.000,0,-,-,-,-,3722.8000,3721.6000,3721.4000,3721.0000,3720.0000,3723.8000,3727.0000,3727.6000,3729.6000,3730.0000,3,5,3,1,5,1,5,18,1,4
SF,IF2005,2020-04-13 09:33:15.100,3723.6000,10285,0,208023000.000,0,-,-,-,-,3722.8000,3721.6000,3721.4000,3721.0000,3720.0000,3723.8000,3727.0000,3727.6000,3729.6000,3730.0000,3,5,5,1,5,1,5,18,1,4
SF,IF2005,2020-04-13 09:33:15.600,3723.8000,10284,-1,209140140.000,1,0,1,双平,S,3722.8000,3721.6000,3721.4000,3721.0000,3720.0000,3724.4000,3727.0000,3727.6000,3729.6000,3730.0000,3,5,5,1,5,1,5,18,1,4
SF,IF2005,2020-04-13 09:33:16.100,3723.8000,10284,0,209140140.000,0,-,-,-,-,3722.8000,3721.8000,3721.6000,3721.4000,3721.0000,3724.2000,3724.4000,3727.0000,3727.6000,3729.6000,1,1,5,3,1,1,1,5,18,1
SF,IF2005,2020-04-13 09:33:16.600,3723.8000,10284,0,209140140.000,0,-,-,-,-,3723.0000,3722.8000,3721.8000,3721.6000,3721.4000,3724.2000,3724.4000,3727.0000,3727.6000,3729.6000,2,1,1,5,5,1,1,5,18,1
SF,IF2005,2020-04-13 09:33:17.100,3723.8000,10284,0,209140140.000,0,-,-,-,-,3723.2000,3723.0000,3721.8000,3721.6000,3721.4000,3724.0000,3724.2000,3727.0000,3727.6000,3729.6000,1,2,1,5,5,1,1,5,18,1
SF,IF2005,2020-04-13 09:33:17.600,3723.8000,10284,0,209140140.000,0,-,-,-,-,3721.8000,3721.6000,3721.4000,3721.0000,3720.4000,3724.0000,3724.2000,3727.0000,3727.6000,3729.6000,1,5,4,1,1,2,1,5,18,1
SF,IF2005,2020-04-13 09:33:18.100,3723.8000,10283,-1,210257280.000,1,0,1,双平,S,3722.2000,3722.0000,3721.8000,3721.6000,3721.4000,3724.0000,3727.0000,3727.6000,3729.6000,3730.0000,4,5,1,5,4,2,5,18,1,4
SF,IF2005,2020-04-13 09:33:18.600,3723.8000,10283,0,210257280.000,0,-,-,-,-,3722.8000,3722.4000,3722.2000,3722.0000,3721.8000,3723.8000,3724.0000,3727.0000,3727.6000,3729.6000,1,3,7,4,1,1,1,5,18,1
SF,IF2005,2020-04-13 09:33:19.100,3723.8000,10283,0,210257280.000,0,-,-,-,-,3722.8000,3722.4000,3722.2000,3722.0000,3721.8000,3723.8000,3724.0000,3727.0000,3727.6000,3729.6000,1,1,3,4,1,1,1,5,18,1
SF,IF2005,2020-04-13 09:33:19.600,3723.8000,10283,0,210257280.000,0,-,-,-,-,3722.8000,3722.4000,3722.2000,3722.0000,3721.8000,3723.8000,3724.0000,3724.6000,3727.0000,3727.6000,1,1,3,4,1,1,1,3,5,18
SF,IF2005,2020-04-13 09:33:20.100,3723.8000,10283,0,210257280.000,0,-,-,-,-,3722.8000,3722.4000,3722.2000,3722.0000,3721.8000,3723.8000,3724.0000,3724.6000,3727.0000,3727.6000,1,1,3,4,1,1,1,3,5,18
SF,IF2005,2020-04-13 09:33:20.600,3723.8000,10283,0,210257280.000,0,-,-,-,-,3723.0000,3722.8000,3722.2000,3722.0000,3721.8000,3724.0000,3724.6000,3727.0000,3727.6000,3729.2000,2,1,3,4,1,1,3,5,18,3
SF,IF2005,2020-04-13 09:33:21.100,3723.8000,10283,0,210257280.000,0,-,-,-,-,3723.0000,3722.8000,3722.2000,3722.0000,3721.8000,3724.0000,3724.6000,3727.0000,3727.6000,3729.2000,3,1,3,4,1,1,3,5,18,3
SF,IF2005,2020-04-13 09:33:21.600,3723.8000,10283,0,210257280.000,0,-,-,-,-,3723.0000,3722.8000,3722.2000,3722.0000,3721.8000,3724.0000,3724.6000,3727.0000,3727.6000,3729.2000,1,1,3,4,1,1,3,5,18,3
SF,IF2005,2020-04-13 09:33:22.100,3724.0000,10282,-1,211374480.000,1,0,1,双平,S,3723.2000,3723.0000,3722.8000,3722.2000,3722.0000,3724.6000,3727.0000,3727.6000,3729.2000,3729.6000,2,1,1,3,4,3,5,18,3,1
SF,IF2005,2020-04-13 09:33:22.600,3724.0000,10282,0,211374480.000,0,-,-,-,-,3723.4000,3723.2000,3722.8000,3722.2000,3722.0000,3724.6000,3727.0000,3727.6000,3729.2000,3729.6000,3,4,1,2,4,3,5,18,3,1
SF,IF2005,2020-04-13 09:33:23.100,3724.0000,10282,0,211374480.000,0,-,-,-,-,3723.4000,3723.2000,3722.8000,3722.2000,3722.0000,3724.6000,3727.0000,3727.6000,3729.2000,3729.6000,3,3,1,2,4,3,5,18,3,1
SF,IF2005,2020-04-13 09:33:23.600,3724.6000,10282,0,212491860.000,1,0,1,多换,S,3724.0000,3723.8000,3723.6000,3723.4000,3723.2000,3724.6000,3727.0000,3727.6000,3729.2000,3729.6000,1,1,1,3,2,2,5,18,3,1
SF,IF2005,2020-04-13 09:33:24.100,3724.6000,10280,-2,214726620.000,2,0,2,双平,S,3724.0000,3723.8000,3723.6000,3723.4000,3723.2000,3727.0000,3727.6000,3729.2000,3729.6000,3730.0000,3,1,2,3,3,5,18,3,1,4
SF,IF2005,2020-04-13 09:33:24.600,3724.6000,10280,0,214726620.000,0,-,-,-,-,3724.2000,3724.0000,3723.8000,3723.6000,3723.4000,3726.2000,3726.8000,3727.0000,3727.6000,3729.2000,1,3,1,2,1,1,8,5,18,3
SF,IF2005,2020-04-13 09:33:25.100,3724.0000,10281,1,215843820.000,1,1,0,双开,S,3724.4000,3724.0000,3723.6000,3723.2000,3722.8000,3726.0000,3726.6000,3726.8000,3727.0000,3727.6000,1,1,1,2,2,1,3,8,5,18
SF,IF2005,2020-04-13 09:33:25.600,3724.4000,10280,-1,216961140.000,1,0,1,双平,S,3724.0000,3723.6000,3722.8000,3722.6000,3722.2000,3725.2000,3725.6000,3726.0000,3726.8000,3727.0000,1,1,2,1,2,1,2,5,5,5
SF,IF2005,2020-04-13 09:33:26.100,3724.4000,10280,0,216961140.000,0,-,-,-,-,3724.0000,3723.6000,3722.8000,3722.6000,3722.2000,3725.0000,3725.6000,3726.0000,3726.8000,3727.0000,1,1,1,1,2,1,1,4,5,5
SF,IF2005,2020-04-13 09:33:26.600,3724.4000,10280,0,216961140.000,0,-,-,-,-,3724.0000,3723.6000,3722.8000,3722.2000,3722.0000,3725.0000,3725.6000,3726.0000,3726.8000,3727.0000,1,1,1,2,3,1,1,4,5,5
SF,IF2005,2020-04-13 09:33:27.100,3724.4000,10280,0,216961140.000,0,-,-,-,-,3724.0000,3723.6000,3722.8000,3722.2000,3722.0000,3724.6000,3725.0000,3725.6000,3726.0000,3726.8000,1,1,1,2,4,1,1,1,4,5
SF,IF2005,2020-04-13 09:33:27.600,3724.4000,10280,0,216961140.000,0,-,-,-,-,3724.0000,3723.6000,3722.8000,3722.2000,3722.0000,3725.0000,3725.6000,3726.0000,3726.8000,3727.0000,1,1,1,2,4,1,1,4,3,5
SF,IF2005,2020-04-13 09:33:28.100,3724.0000,10280,0,218078340.000,1,0,1,多换,S,3723.6000,3722.8000,3722.2000,3722.0000,3721.8000,3725.0000,3725.6000,3726.0000,3726.8000,3727.0000,1,1,2,4,6,1,1,4,3,5
SF,IF2005,2020-04-13 09:33:28.600,3724.0000,10280,0,218078340.000,0,-,-,-,-,3722.8000,3722.2000,3722.0000,3721.8000,3721.6000,3724.8000,3725.0000,3725.6000,3726.0000,3726.8000,1,2,4,6,7,1,1,1,4,3
SF,IF2005,2020-04-13 09:33:29.100,3724.0000,10280,0,218078340.000,0,-,-,-,-,3723.0000,3722.8000,3722.2000,3722.0000,3721.8000,3724.6000,3724.8000,3725.0000,3725.2000,3725.6000,1,1,3,4,6,1,1,1,1,1
SF,IF2005,2020-04-13 09:33:29.600,3724.0000,10280,0,218078340.000,0,-,-,-,-,3723.0000,3722.8000,3722.2000,3722.0000,3721.8000,3724.4000,3724.6000,3725.0000,3725.2000,3725.6000,1,1,3,4,6,1,1,1,1,1
SF,IF2005,2020-04-13 09:33:30.100,3724.0000,10280,0,218078340.000,0,-,-,-,-,3723.0000,3722.8000,3722.2000,3722.0000,3721.8000,3724.4000,3724.6000,3725.0000,3725.2000,3725.6000,1,1,3,4,6,1,1,1,1,1
SF,IF2005,2020-04-13 09:33:30.600,3724.0000,10280,0,218078340.000,0,-,-,-,-,3723.0000,3722.8000,3722.2000,3722.0000,3721.8000,3724.4000,3724.6000,3725.0000,3725.2000,3725.6000,1,1,3,4,2,1,1,1,1,1
SF,IF2005,2020-04-13 09:33:31.100,3724.0000,10280,0,218078340.000,0,-,-,-,-,3723.0000,3722.8000,3722.2000,3722.0000,3721.8000,3724.4000,3724.6000,3725.0000,3725.2000,3725.6000,1,1,3,4,2,1,1,1,1,1
SF,IF2005,2020-04-13 09:33:31.600,3723.0000,10279,-1,219195240.000,1,0,1,双平,S,3722.8000,3722.2000,3722.0000,3721.8000,3721.6000,3723.0000,3724.4000,3724.6000,3725.0000,3725.2000,1,3,4,2,7,19,1,1,1,1
SF,IF2005,2020-04-13 09:33:32.100,3723.0000,10263,-16,240416340.000,19,1,18,多平,S,3723.4000,3723.0000,3722.8000,3722.2000,3722.0000,3724.4000,3724.6000,3725.0000,3725.2000,3725.6000,1,4,2,3,4,1,1,1,1,1
SF,IF2005,2020-04-13 09:33:32.600,3724.4000,10260,-3,243768000.000,3,0,3,双平,S,3724.4000,3723.0000,3722.8000,3722.2000,3722.0000,3724.6000,3725.0000,3725.2000,3725.6000,3726.0000,1,2,1,3,4,1,1,1,1,4
SF,IF2005,2020-04-13 09:33:33.100,3724.4000,10259,-1,244885320.000,1,0,1,双平,S,3723.0000,3722.8000,3722.2000,3722.0000,3721.8000,3724.2000,3725.0000,3725.2000,3725.6000,3726.0000,1,1,3,4,1,2,1,1,1,4
SF,IF2005,2020-04-13 09:33:33.600,3724.4000,10259,0,244885320.000,0,-,-,-,-,3723.0000,3722.8000,3722.2000,3722.0000,3721.8000,3724.0000,3725.0000,3725.2000,3725.6000,3726.0000,2,1,3,4,2,1,1,1,1,4
SF,IF2005,2020-04-13 09:33:34.100,3724.4000,10259,0,244885320.000,0,-,-,-,-,3723.0000,3722.8000,3722.2000,3722.0000,3721.8000,3724.0000,3725.0000,3725.2000,3725.6000,3726.0000,1,1,3,4,2,1,1,1,1,4
SF,IF2005,2020-04-13 09:33:34.600,3723.2000,10258,-1,246002280.000,1,0,1,双平,S,3723.0000,3722.8000,3722.2000,3722.0000,3721.8000,3724.0000,3725.0000,3725.2000,3725.6000,3726.0000,1,1,3,4,2,1,1,1,1,4
SF,IF2005,2020-04-13 09:33:35.100,3723.2000,10258,0,246002280.000,0,-,-,-,-,3723.0000,3722.8000,3722.2000,3722.0000,3721.8000,3724.0000,3725.0000,3725.2000,3725.6000,3726.0000,1,1,3,3,2,1,1,1,1,4
SF,IF2005,2020-04-13 09:33:35.600,3723.2000,10258,0,246002280.000,0,-,-,-,-,3723.2000,3723.0000,3722.8000,3722.2000,3722.0000,3725.0000,3725.2000,3725.6000,3726.0000,3726.8000,1,1,1,3,3,1,1,1,4,3
SF,IF2005,2020-04-13 09:33:36.100,3723.2000,10258,0,246002280.000,0,-,-,-,-,3722.8000,3722.2000,3722.0000,3721.8000,3721.6000,3724.4000,3724.8000,3725.0000,3725.2000,3725.6000,1,3,3,2,7,1,1,1,1,1
SF,IF2005,2020-04-13 09:33:36.600,3723.2000,10258,0,246002280.000,0,-,-,-,-,3722.8000,3722.2000,3722.0000,3721.8000,3721.6000,3723.2000,3724.2000,3725.0000,3725.2000,3726.0000,1,3,3,2,7,1,1,1,1,4
SF,IF2005,2020-04-13 09:33:37.100,3723.2000,10258,0,247119240.000,1,0,1,多换,S,3722.8000,3722.2000,3722.0000,3721.8000,3721.6000,3724.2000,3725.0000,3725.2000,3726.0000,3726.8000,1,1,1,2,5,1,1,1,4,3
SF,IF2005,2020-04-13 09:33:37.600,3723.2000,10258,0,247119240.000,0,-,-,-,-,3722.8000,3722.2000,3722.0000,3721.8000,3721.6000,3724.2000,3725.0000,3725.2000,3726.0000,3726.8000,1,1,1,2,2,1,1,1,4,3
SF,IF2005,2020-04-13 09:33:38.100,3723.2000,10258,0,247119240.000,0,-,-,-,-,3723.0000,3722.8000,3722.2000,3722.0000,3721.6000,3724.2000,3725.0000,3725.2000,3726.0000,3726.8000,1,1,1,1,3,1,1,1,4,3
SF,IF2005,2020-04-13 09:33:38.600,3723.2000,10258,0,247119240.000,0,-,-,-,-,3722.8000,3722.2000,3722.0000,3721.6000,3721.4000,3724.2000,3725.0000,3725.2000,3726.0000,3726.8000,1,1,1,3,2,1,1,1,4,3
SF,IF2005,2020-04-13 09:33:39.100,3723.0000,10258,0,248236140.000,1,0,1,多换,S,3722.8000,3722.2000,3722.0000,3721.6000,3721.4000,3724.2000,3725.0000,3725.2000,3726.0000,3726.8000,1,1,1,3,2,1,1,1,4,3
SF,IF2005,2020-04-13 09:33:39.600,3723.0000,10258,0,248236140.000,0,-,-,-,-,3723.0000,3722.8000,3722.2000,3722.0000,3721.6000,3724.2000,3725.0000,3725.2000,3726.0000,3726.8000,1,1,1,1,3,1,1,1,4,3
SF,IF2005,2020-04-13 09:33:40.100,3723.0000,10258,0,248236140.000,0,-,-,-,-,3722.8000,3722.2000,3722.0000,3721.6000,3721.4000,3724.2000,3725.0000,3725.2000,3726.0000,3726.8000,1,1,1,3,3,1,1,1,4,3
SF,IF2005,2020-04-13 09:33:40.600,3723.0000,10258,0,248236140.000,0,-,-,-,-,3722.8000,3722.2000,3722.0000,3721.6000,3721.4000,3723.0000,3724.2000,3725.0000,3726.0000,3726.8000,1,1,1,3,2,1,1,1,4,3
SF,IF2005,2020-04-13 09:33:41.100,3723.0000,10258,0,248236140.000,0,-,-,-,-,3722.8000,3722.2000,3721.6000,3721.4000,3721.0000,3723.0000,3724.2000,3725.0000,3726.0000,3726.8000,1,1,3,2,1,1,1,1,4,3
SF,IF2005,2020-04-13 09:33:41.600,3723.0000,10258,0,249353040.000,1,0,1,多换,S,3722.8000,3722.2000,3721.6000,3721.4000,3721.0000,3724.2000,3725.0000,3726.0000,3726.8000,3727.0000,1,1,2,2,1,1,1,4,3,5
SF,IF2005,2020-04-13 09:33:42.100,3723.0000,10258,0,249353040.000,0,-,-,-,-,3722.8000,3722.2000,3721.6000,3721.4000,3721.0000,3724.0000,3724.2000,3725.0000,3726.0000,3726.8000,1,1,2,2,1,2,1,1,4,3
SF,IF2005,2020-04-13 09:33:42.600,3723.0000,10258,0,249353040.000,0,-,-,-,-,3723.0000,3722.8000,3722.2000,3721.6000,3721.4000,3723.6000,3723.8000,3725.0000,3726.0000,3726.8000,1,1,1,2,2,1,1,1,4,3
SF,IF2005,2020-04-13 09:33:43.100,3723.0000,10258,0,250469940.000,1,0,1,多换,S,3722.8000,3722.2000,3721.6000,3721.4000,3721.0000,3723.6000,3723.8000,3725.0000,3726.0000,3726.8000,1,1,2,2,1,1,1,1,4,3
SF,IF2005,2020-04-13 09:33:43.600,3723.0000,10258,0,250469940.000,0,-,-,-,-,3722.8000,3722.2000,3721.6000,3721.4000,3721.0000,3723.6000,3725.0000,3726.0000,3726.8000,3727.0000,1,1,2,2,1,1,1,4,3,5
SF,IF2005,2020-04-13 09:33:44.100,3723.0000,10258,0,250469940.000,0,-,-,-,-,3722.8000,3722.2000,3721.6000,3721.4000,3721.0000,3723.6000,3725.0000,3726.0000,3726.8000,3727.0000,1,1,2,6,1,1,1,4,3,5
SF,IF2005,2020-04-13 09:33:45.600,3722.8000,10258,0,251586780.000,1,0,1,多换,S,3722.2000,3722.0000,3721.6000,3721.4000,3721.0000,3722.8000,3723.6000,3725.0000,3726.0000,3726.8000,1,2,2,6,1,1,1,1,4,3
SF,IF2005,2020-04-13 09:33:46.100,3722.8000,10257,-1,252703620.000,1,0,1,双平,S,3722.4000,3722.2000,3722.0000,3721.6000,3721.4000,3723.6000,3725.0000,3726.0000,3726.8000,3727.0000,1,1,2,2,6,1,1,4,3,5
SF,IF2005,2020-04-13 09:33:46.600,3722.8000,10257,0,252703620.000,0,-,-,-,-,3722.6000,3722.4000,3722.2000,3722.0000,3721.6000,3723.6000,3725.0000,3726.0000,3726.8000,3727.0000,1,1,1,2,2,1,1,4,3,5
SF,IF2005,2020-04-13 09:33:47.100,3723.6000,10257,0,253820700.000,1,0,1,多换,S,3722.6000,3722.4000,3722.2000,3722.0000,3721.6000,3725.0000,3726.0000,3726.6000,3726.8000,3727.0000,1,1,1,2,2,1,4,1,3,5
SF,IF2005,2020-04-13 09:33:47.600,3723.6000,10257,0,253820700.000,0,-,-,-,-,3722.6000,3722.4000,3722.2000,3722.0000,3721.6000,3724.4000,3724.8000,3725.0000,3726.0000,3726.6000,1,1,1,2,2,1,4,1,4,1
SF,IF2005,2020-04-13 09:33:48.100,3723.6000,10257,0,253820700.000,0,-,-,-,-,3722.6000,3722.4000,3722.2000,3722.0000,3721.6000,3724.2000,3724.8000,3725.0000,3726.0000,3726.6000,1,1,1,2,2,1,3,1,4,1
SF,IF2005,2020-04-13 09:33:48.600,3723.6000,10257,0,253820700.000,0,-,-,-,-,3722.6000,3722.4000,3722.2000,3722.0000,3721.6000,3724.2000,3724.8000,3725.0000,3726.0000,3726.6000,1,1,1,2,2,1,1,1,4,1
SF,IF2005,2020-04-13 09:33:50.100,3722.6000,10256,-1,254937480.000,1,0,1,双平,S,3722.4000,3722.2000,3722.0000,3721.6000,3721.4000,3722.6000,3724.2000,3724.8000,3725.0000,3726.0000,1,1,2,2,2,9,1,1,1,4
SF,IF2005,2020-04-13 09:33:50.600,3722.6000,10250,-6,262754940.000,7,0,7,多平,S,3722.4000,3722.2000,3722.0000,3721.6000,3721.4000,3722.6000,3724.2000,3724.8000,3725.0000,3726.0000,1,1,2,2,2,2,1,1,1,4
SF,IF2005,2020-04-13 09:33:51.600,3722.6000,10249,-1,264988500.000,2,0,2,多平,S,3722.2000,3722.0000,3721.6000,3721.4000,3721.0000,3724.2000,3724.8000,3725.0000,3726.0000,3726.6000,1,2,2,2,1,1,1,1,4,1
SF,IF2005,2020-04-13 09:33:52.100,3722.6000,10249,0,264988500.000,0,-,-,-,-,3722.4000,3722.2000,3722.0000,3721.6000,3721.4000,3724.0000,3724.2000,3725.0000,3726.0000,3726.6000,2,1,2,2,2,2,1,1,4,1
SF,IF2005,2020-04-13 09:33:52.600,3723.8000,10248,-1,266105640.000,1,0,1,双平,S,3723.6000,3722.4000,3722.2000,3722.0000,3721.6000,3723.8000,3724.0000,3725.0000,3726.0000,3726.6000,1,1,1,2,2,1,2,1,4,1
SF,IF2005,2020-04-13 09:33:53.100,3723.6000,10248,0,267222720.000,1,0,1,多换,S,3722.2000,3722.0000,3721.6000,3721.4000,3721.0000,3723.2000,3723.4000,3723.6000,3723.8000,3724.0000,1,2,2,3,1,2,1,1,1,1
SF,IF2005,2020-04-13 09:33:53.600,3723.6000,10248,0,268339800.000,1,0,1,多换,S,3722.4000,3722.2000,3722.0000,3721.6000,3721.4000,3723.8000,3724.0000,3725.0000,3726.0000,3726.6000,1,1,2,2,3,1,1,1,4,1
SF,IF2005,2020-04-13 09:33:54.100,3723.6000,10248,0,268339800.000,0,-,-,-,-,3722.4000,3722.2000,3722.0000,3721.6000,3721.4000,3723.6000,3723.8000,3724.0000,3725.0000,3726.0000,1,1,2,2,2,2,1,1,1,4
SF,IF2005,2020-04-13 09:33:54.600,3722.2000,10247,-1,270573180.000,2,0,2,多平,S,3722.0000,3721.4000,3721.0000,3720.4000,3720.0000,3723.6000,3723.8000,3724.0000,3725.0000,3726.0000,2,1,1,1,5,2,1,1,1,4
SF,IF2005,2020-04-13 09:33:55.100,3722.0000,10245,-2,272806380.000,2,0,2,双平,S,3721.0000,3720.0000,3719.6000,3718.6000,3718.4000,3723.0000,3723.2000,3723.4000,3723.6000,3723.8000,1,5,1,1,1,1,1,4,2,1
SF,IF2005,2020-04-13 09:33:55.600,3722.0000,10245,0,272806380.000,0,-,-,-,-,3721.2000,3721.0000,3720.0000,3719.6000,3719.0000,3722.8000,3723.2000,3723.4000,3723.6000,3723.8000,1,1,5,1,1,2,1,2,1,1
SF,IF2005,2020-04-13 09:33:56.100,3721.2000,10243,-2,275039400.000,2,0,2,双平,S,3721.0000,3720.0000,3719.0000,3718.4000,3717.8000,3722.4000,3722.8000,3723.6000,3723.8000,3724.0000,1,5,1,2,2,1,2,1,1,1
SF,IF2005,2020-04-13 09:33:56.600,3721.2000,10243,0,275039400.000,0,-,-,-,-,3721.2000,3721.0000,3720.0000,3719.0000,3718.4000,3722.8000,3723.6000,3725.0000,3726.0000,3726.6000,1,1,5,1,1,2,1,6,2,1
SF,IF2005,2020-04-13 09:33:57.100,3721.2000,10243,0,275039400.000,0,-,-,-,-,3721.2000,3721.0000,3720.0000,3719.0000,3718.4000,3722.6000,3722.8000,3723.6000,3725.0000,3726.0000,1,1,5,1,1,2,2,1,6,2
SF,IF2005,2020-04-13 09:33:57.600,3721.2000,10243,0,275039400.000,0,-,-,-,-,3721.0000,3720.0000,3719.0000,3718.4000,3717.8000,3722.4000,3722.6000,3722.8000,3723.6000,3725.0000,1,5,1,1,2,1,2,1,1,6
SF,IF2005,2020-04-13 09:33:58.100,3721.2000,10243,0,275039400.000,0,-,-,-,-,3721.0000,3720.0000,3719.0000,3718.4000,3717.8000,3721.2000,3722.0000,3722.2000,3722.4000,3722.6000,1,5,1,1,2,1,1,1,1,2
SF,IF2005,2020-04-13 09:33:58.600,3721.2000,10243,0,275039400.000,0,-,-,-,-,3721.0000,3720.0000,3719.0000,3718.4000,3717.8000,3721.2000,3722.0000,3722.2000,3722.4000,3722.6000,1,5,1,1,2,1,1,1,1,2
SF,IF2005,2020-04-13 09:33:59.100,3721.0000,10242,-1,276155700.000,1,0,1,双平,S,3720.0000,3718.4000,3717.8000,3717.6000,3716.4000,3721.2000,3722.0000,3722.2000,3722.4000,3722.6000,5,1,2,5,8,1,1,1,1,2
SF,IF2005,2020-04-13 09:33:59.600,3721.0000,10242,0,276155700.000,0,-,-,-,-,3720.0000,3718.4000,3717.8000,3717.6000,3716.0000,3721.2000,3722.0000,3722.2000,3722.4000,3722.6000,5,1,2,5,1,1,1,1,1,2
SF,IF2005,2020-04-13 09:34:00.100,3721.0000,10242,0,276155700.000,0,-,-,-,-,3720.2000,3720.0000,3717.8000,3717.6000,3716.0000,3721.0000,3721.2000,3722.0000,3722.2000,3722.4000,1,5,2,2,1,1,1,1,1,1
SF,IF2005,2020-04-13 09:34:00.600,3721.0000,10242,0,276155700.000,0,-,-,-,-,3720.2000,3720.0000,3717.8000,3717.6000,3716.0000,3721.0000,3721.2000,3722.0000,3722.2000,3722.4000,1,5,2,2,1,1,1,1,1,1
SF,IF2005,2020-04-13 09:34:01.100,3720.0000,10240,-2,278387760.000,2,0,2,双平,S,3720.0000,3717.6000,3716.0000,3715.0000,3714.6000,3721.0000,3721.2000,3722.0000,3722.2000,3722.4000,4,2,1,4,2,1,1,1,1,1
SF,IF2005,2020-04-13 09:34:01.600,3720.0000,10240,0,282851760.000,4,2,2,多换,S,3717.6000,3716.0000,3715.0000,3714.6000,3714.0000,3720.2000,3720.8000,3721.0000,3721.2000,3722.0000,2,1,4,2,8,18,1,1,1,1
SF,IF2005,2020-04-13 09:34:02.100,3720.0000,10240,0,285083760.000,2,1,1,多换,S,3718.4000,3718.2000,3718.0000,3717.8000,3717.6000,3720.2000,3720.8000,3721.0000,3721.2000,3722.2000,1,1,2,8,2,18,2,1,1,1
SF,IF2005,2020-04-13 09:34:02.600,3720.0000,10240,0,285083760.000,0,-,-,-,-,3718.8000,3718.6000,3718.4000,3718.2000,3718.0000,3720.0000,3720.2000,3720.8000,3721.0000,3721.2000,1,3,2,1,6,1,18,2,1,1
SF,IF2005,2020-04-13 09:34:03.100,3720.0000,10240,0,285083760.000,0,-,-,-,-,3719.0000,3718.8000,3718.4000,3718.2000,3718.0000,3720.0000,3720.2000,3720.8000,3721.0000,3721.2000,1,1,2,1,3,1,18,2,1,1
SF,IF2005,2020-04-13 09:34:03.600,3719.0000,10239,-1,286199460.000,1,0,1,双平,S,3718.8000,3718.4000,3718.0000,3717.8000,3717.6000,3720.0000,3720.2000,3720.8000,3721.0000,3721.2000,1,1,1,4,1,1,18,2,1,1
SF,IF2005,2020-04-13 09:34:04.100,3718.8000,10238,-1,287315100.000,1,0,1,双平,S,3718.0000,3717.8000,3717.6000,3716.0000,3715.0000,3718.6000,3718.8000,3720.0000,3720.2000,3720.8000,1,4,1,3,4,1,1,1,18,2
SF,IF2005,2020-04-13 09:34:04.600,3718.8000,10237,-1,288430740.000,1,0,1,双平,S,3718.0000,3717.8000,3717.6000,3716.0000,3715.4000,3720.0000,3720.2000,3720.8000,3721.2000,3722.2000,1,2,1,3,1,1,18,2,1,1
SF,IF2005,2020-04-13 09:34:05.100,3718.6000,10237,0,289546320.000,1,0,1,多换,S,3718.6000,3718.2000,3718.0000,3717.8000,3717.6000,3720.0000,3720.2000,3720.8000,3721.2000,3722.2000,1,1,1,1,1,1,18,2,1,1
SF,IF2005,2020-04-13 09:34:05.600,3718.6000,10237,0,290661900.000,1,0,1,多换,S,3718.2000,3717.6000,3716.0000,3715.4000,3715.0000,3720.0000,3720.2000,3720.8000,3721.2000,3722.2000,1,1,2,1,3,1,18,2,1,1
SF,IF2005,2020-04-13 09:34:06.100,3720.0000,10237,0,292893900.000,2,1,1,多换,S,3720.0000,3718.2000,3717.6000,3716.0000,3715.8000,3720.2000,3720.8000,3721.2000,3722.2000,3722.6000,1,1,1,2,1,18,2,1,1,2
SF,IF2005,2020-04-13 09:34:06.600,3720.0000,10238,1,294009900.000,1,1,0,双开,S,3718.2000,3717.6000,3716.0000,3715.8000,3715.4000,3719.6000,3720.0000,3720.2000,3720.8000,3722.2000,1,1,2,1,1,2,1,18,2,1
SF,IF2005,2020-04-13 09:34:07.100,3720.0000,10239,1,295125900.000,1,1,0,双开,S,3719.6000,3718.4000,3717.6000,3716.0000,3715.8000,3720.2000,3722.2000,3722.6000,3725.0000,3726.0000,1,2,1,2,1,18,1,2,6,1
SF,IF2005,2020-04-13 09:34:07.600,3720.0000,10239,0,295125900.000,0,-,-,-,-,3719.6000,3718.4000,3717.6000,3716.0000,3715.8000,3720.2000,3722.2000,3722.6000,3725.0000,3726.0000,1,3,1,2,1,18,1,2,6,1
SF,IF2005,2020-04-13 09:34:08.100,3719.8000,10238,-1,298473960.000,3,1,2,多平,S,3719.6000,3718.4000,3717.6000,3716.0000,3715.8000,3720.2000,3722.2000,3722.6000,3725.0000,3726.0000,1,3,1,2,1,16,1,2,6,1
SF,IF2005,2020-04-13 09:34:08.600,3719.8000,10238,0,298473960.000,0,-,-,-,-,3719.6000,3718.4000,3717.6000,3716.0000,3715.4000,3720.2000,3722.2000,3722.6000,3725.0000,3726.0000,1,3,1,2,1,16,1,2,6,1
SF,IF2005,2020-04-13 09:34:09.600,3719.6000,10239,1,299589840.000,1,1,0,双开,S,3718.4000,3717.6000,3716.0000,3715.4000,3715.0000,3720.2000,3722.2000,3722.6000,3725.0000,3726.0000,3,1,2,1,3,16,1,2,6,1
SF,IF2005,2020-04-13 09:34:10.100,3720.2000,10240,1,302937900.000,3,2,1,空开,S,3718.4000,3717.6000,3716.0000,3715.4000,3715.0000,3719.6000,3720.2000,3722.2000,3722.6000,3725.0000,3,1,2,1,3,1,15,1,1,6
SF,IF2005,2020-04-13 09:34:10.600,3719.8000,10240,0,304053840.000,1,0,1,多换,S,3718.8000,3718.6000,3718.4000,3717.8000,3717.6000,3719.6000,3720.2000,3722.2000,3722.6000,3725.0000,4,3,4,1,1,1,15,1,1,6
SF,IF2005,2020-04-13 09:34:11.100,3719.8000,10240,0,304053840.000,0,-,-,-,-,3718.8000,3718.6000,3718.4000,3717.8000,3717.6000,3719.6000,3720.2000,3722.2000,3722.6000,3725.0000,1,1,4,1,1,1,15,1,1,6
SF,IF2005,2020-04-13 09:34:11.600,3719.8000,10241,1,305169780.000,1,1,0,双开,S,3719.6000,3718.8000,3718.4000,3717.8000,3717.6000,3720.2000,3722.2000,3722.6000,3725.0000,3726.0000,1,1,4,1,1,15,1,1,6,1
SF,IF2005,2020-04-13 09:34:12.100,3720.2000,10241,0,308517780.000,3,1,2,多换,S,3718.8000,3718.4000,3717.8000,3717.6000,3716.0000,3720.0000,3720.2000,3722.2000,3722.6000,3725.0000,1,3,1,1,2,1,13,1,1,6
SF,IF2005,2020-04-13 09:34:12.600,3720.0000,10242,1,309633780.000,1,1,0,双开,S,3720.0000,3718.8000,3718.4000,3717.8000,3717.6000,3720.2000,3722.2000,3722.6000,3725.0000,3726.0000,1,1,2,1,1,13,1,1,6,1
SF,IF2005,2020-04-13 09:34:13.100,3720.0000,10243,1,311865780.000,2,1,1,空开,S,3718.8000,3718.4000,3717.8000,3717.6000,3716.0000,3720.0000,3720.2000,3722.2000,3722.6000,3725.0000,1,2,1,1,2,3,13,1,1,6
SF,IF2005,2020-04-13 09:34:13.600,3720.0000,10245,2,315213780.000,3,2,1,空开,S,3718.4000,3717.6000,3716.0000,3715.4000,3715.0000,3720.2000,3722.2000,3722.6000,3725.0000,3726.0000,2,1,2,1,3,13,1,1,6,1
SF,IF2005,2020-04-13 09:34:14.100,3720.0000,10245,0,315213780.000,0,-,-,-,-,3718.4000,3717.6000,3716.0000,3715.4000,3715.0000,3720.0000,3720.2000,3722.2000,3722.6000,3725.0000,1,1,2,1,3,1,13,1,1,6
SF,IF2005,2020-04-13 09:34:15.100,3720.0000,10245,0,315213780.000,0,-,-,-,-,3718.4000,3717.6000,3716.0000,3715.8000,3715.4000,3720.0000,3720.2000,3722.2000,3722.6000,3725.0000,1,1,2,1,1,1,13,1,1,6
SF,IF2005,2020-04-13 09:34:16.100,3720.0000,10245,0,315213780.000,0,-,-,-,-,3718.4000,3717.6000,3716.0000,3715.8000,3715.4000,3720.0000,3720.2000,3722.2000,3722.6000,3725.0000,1,1,2,1,1,1,13,1,1,6
SF,IF2005,2020-04-13 09:34:16.600,3720.0000,10245,0,315213780.000,0,-,-,-,-,3718.4000,3717.6000,3716.0000,3715.8000,3715.4000,3719.8000,3720.0000,3720.2000,3722.2000,3722.6000,1,1,2,1,1,1,1,13,1,1
SF,IF2005,2020-04-13 09:34:17.100,3719.8000,10245,0,317445720.000,2,1,1,多换,S,3719.8000,3718.4000,3717.6000,3716.0000,3715.8000,3720.2000,3722.2000,3722.6000,3725.0000,3726.0000,2,1,1,2,1,13,1,1,5,1
SF,IF2005,2020-04-13 09:34:17.600,3719.8000,10244,-1,319677600.000,2,0,2,多平,S,3718.4000,3717.6000,3716.0000,3715.8000,3715.4000,3719.0000,3719.8000,3720.2000,3722.2000,3722.6000,1,1,2,1,1,1,1,13,1,1
SF,IF2005,2020-04-13 09:34:18.100,3719.8000,10244,0,320793540.000,1,0,1,多换,S,3719.0000,3718.4000,3717.6000,3716.0000,3715.8000,3719.8000,3720.2000,3722.2000,3722.6000,3725.0000,1,2,1,2,1,1,13,1,1,5
SF,IF2005,2020-04-13 09:34:18.600,3719.0000,10243,-1,323024940.000,2,0,2,多平,S,3718.4000,3717.6000,3716.0000,3715.8000,3715.4000,3719.6000,3719.8000,3720.2000,3722.2000,3722.6000,1,1,2,1,1,3,1,13,1,1
SF,IF2005,2020-04-13 09:34:19.100,3719.0000,10243,0,323024940.000,0,-,-,-,-,3718.4000,3717.6000,3716.0000,3715.8000,3715.4000,3719.6000,3719.8000,3720.2000,3722.2000,3722.6000,1,1,2,1,1,4,1,13,1,1
SF,IF2005,2020-04-13 09:34:19.600,3719.0000,10243,0,323024940.000,0,-,-,-,-,3718.4000,3717.6000,3716.0000,3715.8000,3715.4000,3719.6000,3719.8000,3720.2000,3722.2000,3722.6000,1,1,2,1,1,2,1,13,1,1
SF,IF2005,2020-04-13 09:34:20.100,3719.6000,10244,1,325256700.000,2,1,1,空开,S,3719.6000,3718.4000,3717.6000,3716.0000,3715.4000,3719.8000,3720.2000,3722.2000,3722.6000,3725.0000,1,1,1,2,1,1,13,1,1,5
SF,IF2005,2020-04-13 09:34:20.600,3719.6000,10244,0,326372580.000,1,0,1,多换,S,3718.4000,3716.0000,3715.4000,3715.0000,3714.6000,3719.2000,3719.6000,3719.8000,3720.2000,3722.2000,1,2,1,3,2,2,1,1,13,1
SF,IF2005,2020-04-13 09:34:21.100,3719.6000,10244,0,326372580.000,0,-,-,-,-,3718.4000,3716.0000,3715.6000,3715.4000,3715.0000,3719.6000,3719.8000,3720.2000,3725.0000,3725.6000,1,2,1,1,3,1,1,13,5,8
SF,IF2005,2020-04-13 09:34:21.600,3719.6000,10244,0,326372580.000,0,-,-,-,-,3718.4000,3716.0000,3715.6000,3715.4000,3715.0000,3719.4000,3719.6000,3719.8000,3720.2000,3725.0000,1,2,1,1,3,1,1,1,13,5
SF,IF2005,2020-04-13 09:34:22.600,3719.6000,10244,0,326372580.000,0,-,-,-,-,3718.4000,3716.0000,3715.6000,3715.4000,3715.0000,3719.4000,3719.6000,3720.2000,3725.0000,3725.6000,1,2,1,1,3,1,1,13,5,8
SF,IF2005,2020-04-13 09:34:23.100,3719.6000,10244,0,326372580.000,0,-,-,-,-,3716.0000,3715.6000,3715.4000,3715.0000,3714.6000,3719.4000,3719.6000,3720.2000,3725.0000,3725.6000,2,1,1,3,2,1,1,13,5,8
SF,IF2005,2020-04-13 09:34:23.600,3719.6000,10244,0,326372580.000,0,-,-,-,-,3716.8000,3716.6000,3716.4000,3716.2000,3716.0000,3719.4000,3720.2000,3725.0000,3725.6000,3726.0000,1,2,2,14,3,1,13,5,8,1
SF,IF2005,2020-04-13 09:34:24.100,3719.4000,10245,1,328604220.000,2,1,1,空开,S,3719.4000,3717.0000,3716.8000,3716.6000,3716.4000,3720.2000,3725.0000,3725.6000,3726.0000,3726.6000,1,4,1,2,5,13,5,8,1,1
SF,IF2005,2020-04-13 09:34:24.600,3719.4000,10245,0,329720040.000,1,0,1,多换,S,3717.4000,3717.2000,3717.0000,3716.8000,3716.6000,3720.0000,3720.2000,3725.0000,3725.6000,3726.0000,1,1,6,1,2,1,13,5,8,1
SF,IF2005,2020-04-13 09:34:25.100,3719.4000,10245,0,329720040.000,0,-,-,-,-,3717.6000,3717.4000,3717.2000,3717.0000,3716.8000,3720.0000,3720.2000,3725.0000,3725.6000,3726.0000,2,1,1,4,1,2,13,5,8,1
SF,IF2005,2020-04-13 09:34:25.600,3719.4000,10245,0,329720040.000,0,-,-,-,-,3717.8000,3717.6000,3717.4000,3717.2000,3717.0000,3720.0000,3720.2000,3725.0000,3725.6000,3726.0000,2,3,1,1,4,1,13,5,8,1
SF,IF2005,2020-04-13 09:34:26.100,3719.4000,10245,0,329720040.000,0,-,-,-,-,3718.0000,3717.8000,3717.4000,3717.0000,3716.8000,3719.6000,3720.0000,3720.2000,3725.0000,3725.6000,3,2,1,4,1,1,1,13,5,8
SF,IF2005,2020-04-13 09:34:26.600,3719.4000,10245,0,329720040.000,0,-,-,-,-,3719.6000,3718.0000,3717.8000,3717.4000,3717.0000,3720.0000,3720.2000,3725.0000,3725.6000,3726.0000,1,3,2,1,3,1,13,5,8,1
SF,IF2005,2020-04-13 09:34:27.100,3719.6000,10245,0,330835920.000,1,0,1,多换,S,3718.0000,3717.4000,3717.0000,3716.8000,3716.6000,3720.0000,3720.2000,3725.0000,3725.6000,3726.0000,3,1,3,1,1,1,13,5,8,1
SF,IF2005,2020-04-13 09:34:27.600,3720.0000,10245,0,331951920.000,1,0,1,多换,S,3720.0000,3718.0000,3717.4000,3717.0000,3716.8000,3720.2000,3725.0000,3725.6000,3726.0000,3726.6000,1,3,1,3,1,13,5,8,1,1
SF,IF2005,2020-04-13 09:34:28.100,3720.0000,10245,0,333067920.000,1,0,1,多换,S,3718.0000,3717.4000,3717.0000,3716.8000,3716.6000,3719.6000,3719.8000,3720.0000,3720.2000,3725.0000,3,1,3,1,1,3,1,1,13,5
SF,IF2005,2020-04-13 09:34:28.600,3719.6000,10246,1,334183800.000,1,1,0,双开,S,3718.0000,3717.4000,3717.0000,3716.8000,3716.6000,3719.8000,3720.0000,3720.2000,3725.0000,3725.6000,3,1,3,1,1,1,1,13,5,8
SF,IF2005,2020-04-13 09:34:29.100,3718.0000,10243,-3,337530000.000,3,0,3,双平,S,3717.4000,3717.0000,3716.6000,3716.4000,3716.2000,3719.4000,3719.6000,3719.8000,3720.0000,3720.2000,1,2,1,2,7,3,2,2,1,13
SF,IF2005,2020-04-13 09:34:29.600,3718.0000,10243,0,337530000.000,0,-,-,-,-,3717.4000,3717.0000,3716.6000,3716.4000,3716.2000,3719.2000,3719.4000,3719.6000,3719.8000,3720.0000,1,1,1,2,5,5,6,3,2,1
SF,IF2005,2020-04-13 09:34:30.100,3718.0000,10243,0,337530000.000,0,-,-,-,-,3717.4000,3717.0000,3716.4000,3716.2000,3716.0000,3718.0000,3719.0000,3719.2000,3719.4000,3719.6000,1,1,2,4,2,1,2,7,5,2
SF,IF2005,2020-04-13 09:34:30.600,3718.0000,10244,1,338645400.000,1,1,0,双开,S,3718.0000,3717.4000,3717.0000,3716.4000,3716.2000,3719.0000,3719.2000,3719.4000,3719.6000,3719.8000,1,1,1,2,2,2,6,2,2,2
SF,IF2005,2020-04-13 09:34:31.100,3718.0000,10244,0,339760800.000,1,0,1,多换,S,3717.4000,3717.0000,3716.4000,3716.2000,3716.0000,3718.8000,3719.0000,3719.2000,3719.4000,3719.6000,1,1,2,2,2,1,2,2,2,2
SF,IF2005,2020-04-13 09:34:31.600,3718.0000,10244,0,339760800.000,0,-,-,-,-,3717.6000,3717.4000,3717.0000,3716.4000,3716.2000,3718.6000,3718.8000,3719.0000,3719.2000,3719.4000,1,1,1,2,2,3,1,1,2,1
SF,IF2005,2020-04-13 09:34:32.100,3718.0000,10244,0,339760800.000,0,-,-,-,-,3717.6000,3717.4000,3717.0000,3716.4000,3716.2000,3718.0000,3718.4000,3718.6000,3718.8000,3719.0000,1,1,1,2,2,1,1,3,1,1
SF,IF2005,2020-04-13 09:34:32.600,3718.0000,10245,1,341991600.000,2,1,1,空开,S,3718.0000,3717.6000,3717.4000,3717.0000,3716.4000,3718.4000,3718.6000,3718.8000,3719.0000,3719.2000,1,1,1,1,2,1,3,1,1,2
SF,IF2005,2020-04-13 09:34:33.100,3718.0000,10245,0,341991600.000,0,-,-,-,-,3718.0000,3717.6000,3717.4000,3717.0000,3716.4000,3718.4000,3718.6000,3718.8000,3719.0000,3719.2000,1,1,1,1,2,1,3,1,1,2
SF,IF2005,2020-04-13 09:34:33.600,3718.0000,10244,-1,344222520.000,2,0,2,多平,S,3717.6000,3717.4000,3717.0000,3716.4000,3716.2000,3718.6000,3718.8000,3719.2000,3720.0000,3720.2000,1,1,1,2,2,3,1,2,1,13
SF,IF2005,2020-04-13 09:34:34.100,3718.0000,10244,0,344222520.000,0,-,-,-,-,3717.0000,3716.4000,3716.2000,3716.0000,3714.6000,3718.0000,3718.4000,3718.6000,3719.2000,3720.0000,1,2,2,2,2,1,1,3,2,1
SF,IF2005,2020-04-13 09:34:34.600,3718.0000,10244,0,344222520.000,0,-,-,-,-,3716.4000,3716.2000,3716.0000,3714.6000,3713.8000,3717.8000,3718.0000,3718.4000,3718.6000,3719.2000,2,2,2,2,4,1,1,1,3,2
SF,IF2005,2020-04-13 09:34:35.100,3716.0000,10244,0,345337320.000,1,0,1,多换,S,3714.6000,3713.8000,3713.6000,3713.4000,3712.8000,3717.0000,3717.2000,3717.4000,3717.6000,3717.8000,2,4,1,2,3,1,1,1,2,4
SF,IF2005,2020-04-13 09:34:35.600,3716.0000,10244,0,345337320.000,0,-,-,-,-,3714.8000,3714.6000,3713.8000,3713.6000,3713.4000,3716.8000,3717.2000,3717.4000,3717.8000,3718.0000,1,2,4,1,2,1,1,1,3,3
SF,IF2005,2020-04-13 09:34:36.100,3716.0000,10244,0,345337320.000,0,-,-,-,-,3717.0000,3715.2000,3715.0000,3714.8000,3714.6000,3717.4000,3717.8000,3718.0000,3719.2000,3720.0000,1,1,4,4,2,1,3,2,1,1
SF,IF2005,2020-04-13 09:34:36.600,3717.0000,10244,0,346452420.000,1,0,1,多换,S,3717.4000,3715.6000,3715.2000,3715.0000,3714.8000,3717.6000,3717.8000,3718.0000,3719.2000,3720.0000,1,1,1,2,5,1,1,2,1,1
SF,IF2005,2020-04-13 09:34:37.100,3717.0000,10244,0,346452420.000,0,-,-,-,-,3717.4000,3715.6000,3715.0000,3714.8000,3714.6000,3717.6000,3718.0000,3719.2000,3720.0000,3720.2000,1,1,2,4,2,1,2,1,1,13
SF,IF2005,2020-04-13 09:34:37.600,3717.6000,10245,1,349798200.000,3,2,1,空开,S,3717.6000,3717.4000,3715.6000,3715.0000,3714.8000,3718.0000,3719.2000,3720.0000,3720.2000,3725.0000,1,1,1,2,4,1,1,1,13,5
SF,IF2005,2020-04-13 09:34:38.100,3717.8000,10245,0,352028940.000,2,1,1,多换,S,3717.6000,3717.4000,3715.6000,3715.0000,3714.8000,3719.2000,3720.0000,3720.2000,3725.0000,3726.6000,1,1,1,2,4,1,1,13,5,1
SF,IF2005,2020-04-13 09:34:38.600,3717.8000,10245,0,352028940.000,0,-,-,-,-,3717.8000,3717.4000,3715.6000,3715.0000,3714.8000,3718.8000,3719.0000,3719.2000,3720.0000,3720.2000,1,1,1,2,3,1,6,1,1,13
SF,IF2005,2020-04-13 09:34:39.100,3717.8000,10245,0,352028940.000,0,-,-,-,-,3717.8000,3717.4000,3715.6000,3715.0000,3714.8000,3718.8000,3719.0000,3719.2000,3720.0000,3720.2000,1,1,1,2,4,2,4,1,1,13
SF,IF2005,2020-04-13 09:34:39.600,3717.8000,10245,0,352028940.000,0,-,-,-,-,3718.0000,3717.8000,3717.4000,3715.6000,3715.0000,3718.8000,3719.0000,3719.2000,3720.0000,3720.2000,1,1,1,1,2,2,3,1,1,13
SF,IF2005,2020-04-13 09:34:40.100,3717.8000,10244,-1,353144280.000,1,0,1,双平,S,3717.4000,3715.6000,3715.0000,3714.8000,3714.6000,3718.8000,3719.0000,3719.2000,3720.0000,3720.2000,1,1,2,4,2,2,3,1,1,13
SF,IF2005,2020-04-13 09:34:40.600,3717.8000,10244,0,353144280.000,0,-,-,-,-,3717.4000,3715.6000,3715.0000,3714.8000,3714.6000,3718.6000,3718.8000,3719.0000,3719.2000,3720.0000,1,1,2,4,2,1,2,2,1,1
SF,IF2005,2020-04-13 09:34:41.100,3717.4000,10243,-1,354259500.000,1,0,1,双平,S,3715.6000,3715.0000,3714.8000,3714.6000,3713.6000,3717.4000,3718.2000,3718.4000,3718.6000,3718.8000,1,2,4,2,1,1,1,1,2,1
SF,IF2005,2020-04-13 09:34:41.600,3717.4000,10244,1,355374720.000,1,1,0,双开,S,3717.4000,3715.8000,3715.6000,3715.0000,3714.8000,3718.2000,3718.4000,3718.6000,3719.0000,3719.2000,1,3,1,2,4,1,1,2,1,1
SF,IF2005,2020-04-13 09:34:42.100,3717.4000,10244,0,355374720.000,0,-,-,-,-,3715.8000,3715.6000,3715.0000,3714.8000,3714.6000,3718.0000,3718.2000,3718.4000,3718.6000,3719.2000,3,1,2,4,2,1,1,1,1,1
SF,IF2005,2020-04-13 09:34:42.600,3717.4000,10244,0,355374720.000,0,-,-,-,-,3715.8000,3715.6000,3715.0000,3714.8000,3713.6000,3717.8000,3718.6000,3719.2000,3720.0000,3720.2000,3,1,2,4,1,1,3,1,1,13
SF,IF2005,2020-04-13 09:34:43.100,3717.8000,10243,-1,356490060.000,1,0,1,双平,S,3718.0000,3716.2000,3716.0000,3715.8000,3715.6000,3718.6000,3719.2000,3720.0000,3720.2000,3725.0000,1,3,5,3,1,2,1,1,13,5
SF,IF2005,2020-04-13 09:34:43.600,3717.8000,10243,0,356490060.000,0,-,-,-,-,3718.0000,3716.2000,3716.0000,3715.8000,3715.6000,3718.6000,3719.2000,3720.0000,3720.2000,3725.0000,1,4,7,3,1,2,1,1,13,5
SF,IF2005,2020-04-13 09:34:44.100,3718.0000,10244,1,357605460.000,1,1,0,双开,S,3718.0000,3716.2000,3716.0000,3715.8000,3715.6000,3718.6000,3720.0000,3720.2000,3725.0000,3726.6000,1,4,7,3,1,2,1,13,5,1
SF,IF2005,2020-04-13 09:34:44.600,3718.6000,10242,-2,359836620.000,2,0,2,双平,S,3718.0000,3716.2000,3716.0000,3715.8000,3715.6000,3720.0000,3720.2000,3725.0000,3726.6000,3727.0000,1,4,7,3,1,1,13,5,1,5
SF,IF2005,2020-04-13 09:34:45.100,3718.6000,10242,0,359836620.000,0,-,-,-,-,3718.2000,3716.2000,3716.0000,3715.8000,3715.6000,3719.8000,3720.0000,3720.2000,3725.0000,3726.6000,2,2,5,2,1,5,1,13,5,1
SF,IF2005,2020-04-13 09:34:45.600,3718.2000,10241,-1,362067540.000,2,0,2,多平,S,3716.2000,3716.0000,3715.8000,3715.6000,3715.0000,3719.6000,3719.8000,3720.0000,3720.2000,3725.0000,2,5,2,1,1,3,5,1,13,5
SF,IF2005,2020-04-13 09:34:46.100,3718.2000,10241,0,362067540.000,0,-,-,-,-,3716.4000,3716.2000,3716.0000,3715.8000,3715.6000,3718.0000,3718.2000,3719.2000,3719.4000,3719.6000,1,2,4,1,1,1,1,2,6,1
SF,IF2005,2020-04-13 09:34:46.600,3718.0000,10242,1,363182940.000,1,1,0,双开,S,3718.0000,3716.6000,3716.4000,3716.2000,3716.0000,3719.2000,3719.4000,3719.6000,3720.0000,3720.2000,1,1,1,2,4,3,6,1,1,13
SF,IF2005,2020-04-13 09:34:47.100,3718.0000,10242,0,363182940.000,0,-,-,-,-,3716.6000,3716.4000,3716.2000,3716.0000,3715.8000,3719.0000,3719.2000,3719.4000,3719.6000,3720.0000,3,1,2,4,2,1,2,4,1,1
SF,IF2005,2020-04-13 09:34:47.600,3718.0000,10242,0,363182940.000,0,-,-,-,-,3716.8000,3716.6000,3716.2000,3716.0000,3715.8000,3718.0000,3718.8000,3719.0000,3719.2000,3719.4000,1,3,2,4,2,1,1,1,2,4
SF,IF2005,2020-04-13 09:34:48.100,3718.0000,10244,2,365413740.000,2,2,0,双开,S,3718.0000,3716.8000,3716.6000,3716.2000,3716.0000,3718.8000,3719.0000,3719.2000,3719.4000,3719.6000,1,1,2,2,4,1,1,2,2,1
SF,IF2005,2020-04-13 09:34:48.600,3718.0000,10244,0,365413740.000,0,-,-,-,-,3716.8000,3716.6000,3716.2000,3716.0000,3715.8000,3718.0000,3718.6000,3719.2000,3719.4000,3719.6000,1,2,1,2,2,1,1,2,2,1
SF,IF2005,2020-04-13 09:34:49.100,3718.0000,10244,0,365413740.000,0,-,-,-,-,3717.0000,3716.8000,3716.6000,3716.2000,3716.0000,3718.0000,3718.6000,3719.2000,3719.4000,3719.6000,1,2,2,1,2,1,1,2,2,1
SF,IF2005,2020-04-13 09:34:49.600,3718.0000,10245,1,366529140.000,1,1,0,双开,S,3716.8000,3716.6000,3716.2000,3716.0000,3715.8000,3718.6000,3719.2000,3719.4000,3719.6000,3720.0000,1,1,1,2,2,1,2,2,1,1
SF,IF2005,2020-04-13 09:34:50.100,3718.6000,10246,1,368760120.000,2,1,1,空开,S,3718.6000,3717.2000,3716.8000,3716.6000,3716.2000,3719.2000,3719.4000,3719.6000,3720.0000,3720.2000,1,1,1,1,1,2,2,1,1,13
SF,IF2005,2020-04-13 09:34:50.600,3718.6000,10246,0,370991280.000,2,1,1,多换,S,3717.2000,3716.8000,3716.6000,3716.2000,3716.0000,3718.6000,3719.0000,3719.2000,3720.0000,3720.2000,1,1,1,1,1,1,8,2,1,13
SF,IF2005,2020-04-13 09:34:51.100,3718.6000,10247,1,373222440.000,2,1,1,空开,S,3718.6000,3717.4000,3717.2000,3716.6000,3716.2000,3719.0000,3719.2000,3720.0000,3720.2000,3725.0000,1,1,1,1,1,4,2,1,13,5
SF,IF2005,2020-04-13 09:34:51.600,3719.0000,10246,-1,376569420.000,3,1,2,多平,S,3717.4000,3716.6000,3716.2000,3716.0000,3715.8000,3719.0000,3719.2000,3720.0000,3720.2000,3725.0000,1,1,1,1,2,1,2,1,13,5
SF,IF2005,2020-04-13 09:34:52.100,3719.0000,10246,0,376569420.000,0,-,-,-,-,3717.6000,3717.4000,3716.6000,3716.2000,3716.0000,3718.6000,3719.0000,3719.2000,3720.0000,3720.2000,1,1,1,1,1,1,1,2,1,13
SF,IF2005,2020-04-13 09:34:52.600,3718.6000,10248,2,378800580.000,2,2,0,双开,S,3718.6000,3717.8000,3717.6000,3716.6000,3716.2000,3719.2000,3720.0000,3720.2000,3725.0000,3726.6000,1,1,1,1,1,2,1,13,5,1
SF,IF2005,2020-04-13 09:34:53.100,3718.6000,10248,0,379916160.000,1,0,1,多换,S,3717.8000,3717.6000,3716.6000,3716.2000,3716.0000,3718.6000,3719.2000,3720.0000,3720.2000,3725.0000,1,1,1,1,1,2,2,1,13,5
SF,IF2005,2020-04-13 09:34:53.600,3718.6000,10248,0,379916160.000,0,-,-,-,-,3716.6000,3716.2000,3716.0000,3715.8000,3715.6000,3718.2000,3718.4000,3718.6000,3718.8000,3719.0000,1,1,1,2,1,1,1,2,1,3
SF,IF2005,2020-04-13 09:34:54.100,3718.6000,10248,0,379916160.000,0,-,-,-,-,3716.6000,3716.0000,3715.8000,3715.6000,3715.0000,3717.8000,3718.0000,3718.2000,3718.4000,3718.6000,1,1,2,1,1,3,3,2,1,2
SF,IF2005,2020-04-13 09:34:54.600,3718.6000,10248,0,379916160.000,0,-,-,-,-,3716.6000,3716.0000,3715.8000,3715.6000,3715.0000,3717.6000,3717.8000,3718.0000,3718.2000,3718.4000,1,1,2,1,1,2,3,2,2,1
SF,IF2005,2020-04-13 09:34:55.100,3718.6000,10248,0,379916160.000,0,-,-,-,-,3716.6000,3716.0000,3715.8000,3715.0000,3714.8000,3717.6000,3717.8000,3718.0000,3718.2000,3718.4000,1,1,2,1,4,2,2,2,2,1
SF,IF2005,2020-04-13 09:34:55.600,3717.6000,10247,-1,382146720.000,2,0,2,多平,S,3716.6000,3716.0000,3715.8000,3715.0000,3714.8000,3717.8000,3718.0000,3718.2000,3718.4000,3718.6000,1,1,2,1,4,2,2,2,1,2
SF,IF2005,2020-04-13 09:34:56.100,3717.6000,10247,0,382146720.000,0,-,-,-,-,3716.8000,3716.6000,3716.0000,3715.8000,3715.0000,3717.8000,3718.2000,3718.6000,3720.0000,3720.2000,1,1,1,2,1,2,1,2,1,13
SF,IF2005,2020-04-13 09:34:56.600,3717.8000,10248,1,383262060.000,1,1,0,双开,S,3717.8000,3716.8000,3716.6000,3716.0000,3715.8000,3718.6000,3720.0000,3720.2000,3725.0000,3726.6000,1,1,1,1,2,2,1,13,5,1
SF,IF2005,2020-04-13 09:34:57.100,3717.8000,10248,0,385492740.000,2,1,1,多换,S,3716.8000,3716.6000,3716.0000,3715.8000,3715.0000,3717.8000,3718.6000,3720.0000,3720.2000,3725.0000,1,1,1,2,1,1,1,1,13,5
SF,IF2005,2020-04-13 09:34:57.600,3717.8000,10249,1,386608080.000,1,1,0,双开,S,3716.8000,3716.6000,3716.0000,3715.8000,3715.0000,3718.2000,3718.6000,3720.0000,3720.2000,3725.0000,1,1,1,2,1,1,1,1,13,6
SF,IF2005,2020-04-13 09:34:58.100,3717.8000,10249,0,386608080.000,0,-,-,-,-,3717.8000,3716.8000,3716.6000,3716.0000,3715.8000,3718.2000,3718.6000,3720.0000,3720.2000,3725.0000,1,1,1,1,2,1,1,1,13,6
SF,IF2005,2020-04-13 09:34:58.600,3717.8000,10249,0,387723420.000,1,0,1,多换,S,3716.8000,3716.6000,3716.0000,3715.8000,3715.0000,3718.2000,3718.6000,3720.0000,3720.2000,3725.0000,1,1,1,2,1,1,1,1,13,6
SF,IF2005,2020-04-13 09:34:59.100,3717.8000,10249,0,387723420.000,0,-,-,-,-,3717.0000,3716.8000,3716.6000,3716.0000,3715.8000,3718.2000,3718.6000,3720.0000,3720.2000,3725.0000,1,1,1,1,2,1,1,1,13,6
SF,IF2005,2020-04-13 09:34:59.600,3718.2000,10250,1,391069800.000,3,2,1,空开,S,3717.2000,3717.0000,3716.6000,3716.0000,3715.8000,3718.6000,3720.0000,3720.2000,3725.0000,3726.6000,1,1,1,1,2,1,1,13,6,1
SF,IF2005,2020-04-13 09:35:00.100,3718.2000,10250,0,391069800.000,0,-,-,-,-,3717.2000,3716.6000,3716.0000,3715.8000,3715.0000,3717.8000,3718.4000,3718.6000,3720.0000,3720.2000,1,1,1,2,1,1,2,1,1,13
SF,IF2005,2020-04-13 09:35:00.600,3718.2000,10250,0,391069800.000,0,-,-,-,-,3718.2000,3717.2000,3716.6000,3716.0000,3715.8000,3718.6000,3720.0000,3720.2000,3725.0000,3726.6000,1,1,1,1,2,1,1,13,6,1
SF,IF2005,2020-04-13 09:35:01.100,3717.2000,10250,0,393300420.000,2,1,1,多换,S,3716.8000,3716.6000,3716.0000,3715.8000,3715.0000,3718.6000,3720.0000,3720.2000,3725.0000,3726.6000,1,1,1,2,1,1,1,13,6,1
SF,IF2005,2020-04-13 09:35:01.600,3717.2000,10250,0,393300420.000,0,-,-,-,-,3717.0000,3716.8000,3716.6000,3716.0000,3715.8000,3718.2000,3718.4000,3718.6000,3720.0000,3720.2000,1,1,1,1,2,2,2,1,1,13
SF,IF2005,2020-04-13 09:35:02.100,3718.2000,10251,1,395531280.000,2,1,1,空开,S,3717.0000,3716.8000,3716.6000,3716.0000,3715.8000,3718.2000,3718.4000,3718.6000,3720.0000,3720.2000,2,1,1,1,2,2,1,1,1,13
SF,IF2005,2020-04-13 09:35:02.600,3717.0000,10251,0,397761840.000,2,1,1,多换,S,3717.0000,3716.8000,3716.6000,3716.0000,3715.8000,3718.0000,3718.2000,3718.4000,3718.6000,3720.0000,1,1,1,1,2,1,1,1,1,1
SF,IF2005,2020-04-13 09:35:03.100,3717.0000,10251,0,397761840.000,0,-,-,-,-,3717.2000,3717.0000,3716.8000,3716.6000,3716.0000,3718.0000,3718.2000,3718.4000,3718.6000,3720.0000,1,1,1,1,1,1,1,1,1,1
SF,IF2005,2020-04-13 09:35:03.600,3718.0000,10250,-1,399992640.000,2,0,2,多平,S,3718.0000,3717.2000,3717.0000,3716.8000,3716.6000,3718.2000,3718.6000,3720.0000,3720.2000,3725.0000,1,1,1,1,1,1,1,1,13,6
SF,IF2005,2020-04-13 09:35:04.100,3718.0000,10251,1,401108040.000,1,1,0,双开,S,3718.2000,3717.2000,3717.0000,3716.8000,3716.6000,3718.6000,3720.0000,3720.2000,3725.0000,3726.6000,1,1,1,1,1,1,1,13,6,1
SF,IF2005,2020-04-13 09:35:04.600,3718.0000,10251,0,401108040.000,0,-,-,-,-,3718.2000,3717.2000,3717.0000,3716.8000,3716.6000,3718.6000,3720.0000,3720.2000,3725.0000,3726.6000,1,1,1,1,1,1,1,13,6,1
SF,IF2005,2020-04-13 09:35:05.100,3718.4000,10252,1,403339140.000,2,1,1,空开,S,3718.4000,3718.2000,3717.2000,3717.0000,3716.8000,3720.0000,3720.2000,3725.0000,3726.6000,3727.0000,1,1,1,1,1,1,13,6,1,5
SF,IF2005,2020-04-13 09:35:05.600,3718.4000,10252,0,405570180.000,2,1,1,多换,S,3717.0000,3716.8000,3716.6000,3716.0000,3715.8000,3719.8000,3720.0000,3720.2000,3725.0000,3726.6000,1,1,1,1,2,1,1,13,6,1
SF,IF2005,2020-04-13 09:35:06.100,3718.4000,10252,0,405570180.000,0,-,-,-,-,3718.0000,3717.2000,3717.0000,3716.8000,3716.6000,3719.6000,3719.8000,3720.0000,3720.2000,3725.0000,2,4,1,2,1,1,1,1,13,6
SF,IF2005,2020-04-13 09:35:06.600,3719.6000,10252,0,406686060.000,1,0,1,多换,S,3719.6000,3718.2000,3718.0000,3717.4000,3717.2000,3720.0000,3720.2000,3725.0000,3726.6000,3727.0000,1,1,2,3,3,1,13,6,1,5
SF,IF2005,2020-04-13 09:35:07.100,3719.6000,10252,0,407801940.000,1,0,1,多换,S,3718.2000,3718.0000,3717.2000,3716.8000,3716.6000,3719.4000,3719.6000,3719.8000,3720.0000,3720.2000,1,2,1,2,1,2,3,1,1,13
SF,IF2005,2020-04-13 09:35:07.600,3719.6000,10252,0,407801940.000,0,-,-,-,-,3718.0000,3716.8000,3716.6000,3716.2000,3716.0000,3719.2000,3719.6000,3719.8000,3720.0000,3720.2000,2,1,1,1,1,1,4,3,1,13
SF,IF2005,2020-04-13 09:35:08.100,3718.4000,10251,-1,408917460.000,1,0,1,双平,S,3718.0000,3716.8000,3716.6000,3716.2000,3716.0000,3719.2000,3719.6000,3719.8000,3720.0000,3720.2000,2,1,1,1,2,1,4,3,1,13
SF,IF2005,2020-04-13 09:35:08.600,3718.4000,10251,0,408917460.000,0,-,-,-,-,3719.2000,3718.2000,3718.0000,3716.8000,3716.6000,3719.6000,3720.0000,3720.2000,3724.4000,3725.0000,1,1,2,1,1,4,1,13,1,6
SF,IF2005,2020-04-13 09:35:09.100,3719.6000,10252,1,413380980.000,4,2,2,空开,S,3719.2000,3718.2000,3718.0000,3716.8000,3716.6000,3720.0000,3720.2000,3724.4000,3725.0000,3726.6000,1,1,2,1,1,1,13,1,6,1
SF,IF2005,2020-04-13 09:35:09.600,3719.4000,10252,0,415612800.000,2,1,1,多换,S,3719.2000,3718.0000,3716.8000,3716.6000,3716.2000,3720.2000,3724.4000,3725.0000,3726.6000,3727.0000,1,2,1,1,1,13,1,6,1,5
SF,IF2005,2020-04-13 09:35:10.100,3719.4000,10249,-3,421192860.000,5,1,4,多平,S,3719.4000,3719.2000,3716.8000,3716.6000,3716.2000,3720.2000,3724.4000,3725.0000,3726.6000,3727.0000,1,1,1,1,1,9,1,6,1,5
SF,IF2005,2020-04-13 09:35:10.600,3720.2000,10249,0,424541040.000,3,1,2,多换,S,3719.6000,3719.4000,3716.8000,3716.6000,3716.2000,3720.2000,3724.4000,3725.0000,3726.6000,3727.0000,2,1,1,1,1,6,1,6,1,5
SF,IF2005,2020-04-13 09:35:11.100,3720.2000,10243,-6,432353460.000,7,0,7,多平,S,3720.2000,3719.8000,3719.6000,3716.8000,3716.6000,3724.4000,3725.0000,3726.6000,3727.0000,3729.2000,1,1,2,1,1,1,6,1,5,3
SF,IF2005,2020-04-13 09:35:11.600,3720.2000,10243,0,432353460.000,0,-,-,-,-,3720.4000,3720.2000,3719.6000,3716.8000,3716.6000,3722.0000,3722.2000,3722.4000,3722.6000,3723.2000,2,1,2,1,2,1,3,1,3,1
SF,IF2005,2020-04-13 09:35:12.100,3720.2000,10243,0,432353460.000,0,-,-,-,-,3720.4000,3720.2000,3719.6000,3717.6000,3716.8000,3721.8000,3722.0000,3722.2000,3722.4000,3722.6000,2,1,2,1,1,1,1,3,1,3
SF,IF2005,2020-04-13 09:35:12.600,3720.2000,10243,0,432353460.000,0,-,-,-,-,3720.4000,3720.2000,3717.6000,3716.8000,3716.6000,3721.8000,3722.0000,3722.2000,3722.4000,3722.6000,1,1,1,1,2,1,1,3,1,3
SF,IF2005,2020-04-13 09:35:13.100,3720.4000,10243,0,433469580.000,1,0,1,多换,S,3720.6000,3720.2000,3717.8000,3717.6000,3716.8000,3721.8000,3722.0000,3722.2000,3722.4000,3722.6000,1,1,1,1,1,1,1,3,1,3
SF,IF2005,2020-04-13 09:35:13.600,3720.4000,10243,0,433469580.000,0,-,-,-,-,3720.2000,3717.8000,3717.6000,3716.8000,3716.6000,3721.4000,3721.6000,3721.8000,3722.0000,3722.2000,1,1,1,1,2,1,1,1,1,3
SF,IF2005,2020-04-13 09:35:14.100,3720.4000,10243,0,433469580.000,0,-,-,-,-,3720.2000,3717.8000,3717.6000,3716.8000,3716.6000,3721.2000,3721.4000,3721.6000,3722.0000,3722.2000,1,1,1,1,2,1,3,2,1,2
SF,IF2005,2020-04-13 09:35:14.600,3720.4000,10243,0,433469580.000,0,-,-,-,-,3720.2000,3717.8000,3717.6000,3717.4000,3716.8000,3721.2000,3721.4000,3721.6000,3722.0000,3722.2000,1,1,1,1,1,2,3,1,1,2
SF,IF2005,2020-04-13 09:35:15.100,3720.4000,10243,0,433469580.000,0,-,-,-,-,3717.8000,3717.6000,3717.4000,3716.8000,3716.6000,3721.2000,3721.4000,3721.6000,3722.0000,3722.2000,1,1,1,1,2,1,3,1,1,2
SF,IF2005,2020-04-13 09:35:15.600,3721.2000,10243,0,434585940.000,1,0,1,多换,S,3721.2000,3719.4000,3718.4000,3718.2000,3718.0000,3721.4000,3721.6000,3722.2000,3722.4000,3722.6000,1,1,2,1,8,2,1,2,1,2
SF,IF2005,2020-04-13 09:35:16.100,3721.2000,10244,1,436818660.000,2,1,1,空开,S,3719.4000,3718.4000,3718.2000,3718.0000,3717.8000,3721.2000,3721.4000,3722.2000,3722.6000,3723.2000,1,2,4,9,1,1,1,1,2,1
SF,IF2005,2020-04-13 09:35:16.600,3721.4000,10245,1,439051440.000,2,1,1,空开,S,3721.4000,3719.6000,3719.4000,3719.0000,3718.4000,3722.2000,3722.6000,3723.2000,3724.0000,3724.2000,1,2,1,1,2,1,2,1,2,4
SF,IF2005,2020-04-13 09:35:17.100,3721.4000,10245,0,439051440.000,0,-,-,-,-,3719.6000,3719.4000,3719.0000,3718.4000,3718.2000,3721.8000,3722.0000,3722.2000,3722.6000,3723.2000,2,1,1,2,4,1,2,1,2,1
SF,IF2005,2020-04-13 09:35:17.600,3721.4000,10245,0,439051440.000,0,-,-,-,-,3719.8000,3719.6000,3719.0000,3718.4000,3718.2000,3721.4000,3721.6000,3721.8000,3722.2000,3722.6000,1,2,1,2,4,1,2,2,1,2
SF,IF2005,2020-04-13 09:35:18.100,3721.4000,10245,0,439051440.000,0,-,-,-,-,3721.0000,3720.0000,3719.8000,3719.6000,3719.0000,3721.2000,3721.4000,3721.6000,3721.8000,3722.2000,18,2,1,1,1,1,1,1,2,1
SF,IF2005,2020-04-13 09:35:18.600,3721.0000,10230,-15,463610160.000,22,3,19,多平,S,3721.2000,3720.0000,3719.0000,3718.4000,3718.2000,3721.4000,3721.6000,3721.8000,3722.2000,3722.6000,1,1,1,2,2,1,1,2,1,2
SF,IF2005,2020-04-13 09:35:19.100,3721.2000,10230,0,465842880.000,2,1,1,多换,S,3719.0000,3718.4000,3718.2000,3718.0000,3717.8000,3721.2000,3721.4000,3721.8000,3722.2000,3722.6000,1,2,1,6,1,1,2,2,1,2
SF,IF2005,2020-04-13 09:35:19.600,3721.2000,10230,0,465842880.000,0,-,-,-,-,3719.2000,3719.0000,3718.4000,3718.2000,3718.0000,3721.0000,3721.2000,3721.4000,3722.2000,3722.6000,2,1,2,1,6,1,3,2,1,2
SF,IF2005,2020-04-13 09:35:20.100,3721.2000,10230,0,465842880.000,0,-,-,-,-,3719.2000,3719.0000,3718.4000,3718.2000,3718.0000,3721.0000,3721.2000,3721.4000,3722.2000,3722.6000,3,1,1,1,6,1,2,2,1,2
SF,IF2005,2020-04-13 09:35:20.600,3721.2000,10230,0,465842880.000,0,-,-,-,-,3721.0000,3719.6000,3719.4000,3719.2000,3719.0000,3721.2000,3721.4000,3722.2000,3722.6000,3723.2000,1,1,1,3,1,1,1,1,2,1
SF,IF2005,2020-04-13 09:35:21.100,3721.2000,10230,0,465842880.000,0,-,-,-,-,3719.4000,3719.2000,3718.4000,3718.2000,3718.0000,3721.4000,3722.2000,3722.6000,3723.2000,3724.0000,2,3,1,1,6,1,1,2,1,2
SF,IF2005,2020-04-13 09:35:21.600,3721.2000,10230,0,468075660.000,2,1,1,多换,S,3721.4000,3719.6000,3719.4000,3719.2000,3718.4000,3722.2000,3722.6000,3723.2000,3724.0000,3724.2000,1,3,2,1,1,1,2,1,2,4
SF,IF2005,2020-04-13 09:35:22.100,3721.2000,10230,0,468075660.000,0,-,-,-,-,3720.0000,3719.6000,3719.4000,3719.2000,3718.4000,3722.0000,3722.6000,3723.2000,3724.0000,3724.2000,1,3,2,1,1,2,2,1,2,4
SF,IF2005,2020-04-13 09:35:22.600,3721.8000,10230,0,469192200.000,1,0,1,多换,S,3722.0000,3721.2000,3720.2000,3720.0000,3719.6000,3723.2000,3724.0000,3724.2000,3724.4000,3725.0000,1,1,3,1,1,1,2,4,1,6
SF,IF2005,2020-04-13 09:35:23.100,3721.8000,10230,0,469192200.000,0,-,-,-,-,3721.2000,3720.2000,3720.0000,3719.6000,3719.4000,3722.0000,3722.8000,3723.0000,3723.2000,3724.0000,1,2,1,1,1,2,2,4,1,2
SF,IF2005,2020-04-13 09:35:23.600,3722.0000,10232,2,471425400.000,2,2,0,双开,S,3721.4000,3721.2000,3720.2000,3720.0000,3719.6000,3722.8000,3723.0000,3723.2000,3724.0000,3724.2000,2,1,1,1,1,3,3,1,2,3
SF,IF2005,2020-04-13 09:35:24.100,3721.2000,10233,1,472541760.000,1,1,0,双开,S,3722.0000,3720.2000,3720.0000,3719.4000,3719.2000,3722.6000,3722.8000,3723.2000,3724.0000,3724.2000,1,1,1,1,1,4,3,1,2,3
SF,IF2005,2020-04-13 09:35:24.600,3722.0000,10233,0,473658360.000,1,0,1,多换,S,3720.2000,3720.0000,3719.4000,3719.0000,3718.4000,3722.2000,3722.4000,3722.6000,3723.2000,3724.0000,1,1,1,1,2,3,1,6,1,2
SF,IF2005,2020-04-13 09:35:25.100,3722.0000,10233,0,473658360.000,0,-,-,-,-,3720.4000,3720.2000,3720.0000,3719.4000,3719.0000,3722.0000,3722.2000,3722.6000,3723.2000,3724.0000,4,1,1,1,1,2,3,4,1,2
SF,IF2005,2020-04-13 09:35:25.600,3722.2000,10233,0,474775020.000,1,0,1,多换,S,3720.6000,3720.4000,3720.2000,3720.0000,3719.4000,3722.2000,3722.6000,3723.2000,3724.0000,3724.2000,1,3,1,1,1,1,1,1,2,1
SF,IF2005,2020-04-13 09:35:26.100,3722.0000,10233,0,475891620.000,1,0,1,多换,S,3720.8000,3720.6000,3720.4000,3720.2000,3720.0000,3722.2000,3722.6000,3723.2000,3723.8000,3724.0000,2,1,2,1,1,1,1,1,1,2
SF,IF2005,2020-04-13 09:35:26.600,3722.2000,10232,-1,478124940.000,2,0,2,多平,S,3720.8000,3720.4000,3720.2000,3720.0000,3719.4000,3722.6000,3723.2000,3723.8000,3724.0000,3724.2000,3,2,1,1,1,1,1,1,2,1
SF,IF2005,2020-04-13 09:35:27.100,3722.2000,10232,0,478124940.000,0,-,-,-,-,3722.2000,3721.0000,3720.8000,3720.4000,3720.2000,3723.8000,3724.0000,3724.2000,3724.4000,3725.0000,1,1,2,2,1,1,2,1,1,6
SF,IF2005,2020-04-13 09:35:27.600,3722.2000,10233,1,479241600.000,1,1,0,双开,S,3721.2000,3721.0000,3720.8000,3720.4000,3720.2000,3723.2000,3723.4000,3723.6000,3723.8000,3724.0000,2,1,2,2,1,1,1,6,2,2
SF,IF2005,2020-04-13 09:35:28.100,3722.2000,10233,0,479241600.000,0,-,-,-,-,3721.4000,3721.2000,3720.8000,3720.4000,3720.0000,3722.8000,3723.0000,3723.2000,3723.4000,3723.6000,3,1,1,2,1,3,5,2,1,2
SF,IF2005,2020-04-13 09:35:28.600,3722.2000,10233,0,479241600.000,0,-,-,-,-,3721.6000,3721.4000,3721.2000,3720.8000,3720.4000,3722.6000,3722.8000,3723.0000,3723.2000,3723.6000,1,1,1,1,2,1,3,4,1,1
SF,IF2005,2020-04-13 09:35:29.100,3722.2000,10233,0,479241600.000,0,-,-,-,-,3721.6000,3721.4000,3721.2000,3720.8000,3720.4000,3722.4000,3722.6000,3722.8000,3723.0000,3723.2000,1,1,1,1,2,1,1,2,4,1
SF,IF2005,2020-04-13 09:35:29.600,3722.8000,10230,-3,482591940.000,3,0,3,双平,S,3722.6000,3721.8000,3721.2000,3720.8000,3720.4000,3723.0000,3723.2000,3723.6000,3723.8000,3724.0000,2,3,1,1,2,2,1,1,2,1
SF,IF2005,2020-04-13 09:35:30.100,3723.0000,10229,-1,483708840.000,1,0,1,双平,S,3722.6000,3721.8000,3721.2000,3720.8000,3720.4000,3723.6000,3723.8000,3724.2000,3724.4000,3725.0000,1,2,1,1,2,1,1,1,1,1
SF,IF2005,2020-04-13 09:35:30.600,3722.8000,10229,0,484825680.000,1,0,1,多换,S,3721.8000,3721.2000,3720.8000,3720.4000,3720.0000,3723.8000,3724.2000,3724.4000,3725.0000,3726.6000,2,1,1,2,1,1,1,1,1,1
SF,IF2005,2020-04-13 09:35:31.100,3722.8000,10229,0,484825680.000,0,-,-,-,-,3722.0000,3721.8000,3721.2000,3720.4000,3720.0000,3723.8000,3724.2000,3724.4000,3725.0000,3726.6000,3,1,1,2,1,1,1,1,1,1
SF,IF2005,2020-04-13 09:35:31.600,3722.8000,10229,0,484825680.000,0,-,-,-,-,3722.2000,3722.0000,3721.2000,3720.0000,3719.0000,3723.4000,3723.6000,3723.8000,3724.2000,3724.4000,3,2,1,1,1,1,1,1,1,1
SF,IF2005,2020-04-13 09:35:32.100,3722.8000,10229,0,484825680.000,0,-,-,-,-,3722.2000,3722.0000,3721.2000,3720.0000,3719.0000,3723.4000,3723.6000,3723.8000,3724.2000,3724.4000,3,1,1,1,1,1,1,1,1,1
SF,IF2005,2020-04-13 09:35:32.600,3722.2000,10229,0,485942340.000,1,0,1,多换,S,3722.2000,3721.2000,3720.0000,3719.0000,3718.4000,3723.2000,3723.4000,3723.6000,3723.8000,3724.2000,2,1,1,1,1,1,1,1,1,1
SF,IF2005,2020-04-13 09:35:33.100,3722.2000,10229,0,485942340.000,0,-,-,-,-,3722.2000,3721.2000,3720.0000,3719.0000,3718.4000,3723.2000,3723.8000,3724.2000,3724.4000,3725.0000,2,1,1,1,1,1,1,1,1,1
SF,IF2005,2020-04-13 09:35:33.600,3723.2000,10230,1,487059300.000,1,1,0,双开,S,3723.2000,3722.2000,3721.2000,3720.0000,3719.0000,3723.8000,3724.2000,3724.4000,3725.0000,3725.4000,1,1,1,1,1,1,1,1,1,1
SF,IF2005,2020-04-13 09:35:34.100,3723.2000,10230,0,488176260.000,1,0,1,多换,S,3721.2000,3720.0000,3719.0000,3718.4000,3718.0000,3723.2000,3723.6000,3723.8000,3724.0000,3724.2000,1,1,1,1,5,2,2,1,1,1
SF,IF2005,2020-04-13 09:35:34.600,3723.2000,10230,0,488176260.000,0,-,-,-,-,3721.4000,3721.2000,3720.0000,3719.0000,3718.4000,3723.2000,3723.6000,3723.8000,3724.0000,3724.2000,5,1,1,1,1,2,2,1,1,1
SF,IF2005,2020-04-13 09:35:35.100,3723.2000,10231,1,489293220.000,1,1,0,双开,S,3723.4000,3721.8000,3721.4000,3721.2000,3720.0000,3723.8000,3724.2000,3724.4000,3725.0000,3725.4000,1,2,4,1,1,1,1,1,1,1
SF,IF2005,2020-04-13 09:35:35.600,3723.2000,10231,0,491527200.000,2,1,1,多换,S,3721.4000,3721.2000,3720.0000,3719.0000,3718.4000,3723.8000,3724.2000,3724.4000,3725.0000,3725.4000,4,1,1,1,3,1,1,1,1,1
SF,IF2005,2020-04-13 09:35:36.100,3723.2000,10231,0,491527200.000,0,-,-,-,-,3721.8000,3721.4000,3721.2000,3720.0000,3719.0000,3723.4000,3723.6000,3723.8000,3724.2000,3724.4000,1,3,1,1,1,1,1,1,1,1
SF,IF2005,2020-04-13 09:35:36.600,3723.2000,10231,0,491527200.000,0,-,-,-,-,3722.0000,3721.6000,3721.4000,3721.2000,3720.0000,3723.4000,3723.6000,3723.8000,3724.2000,3724.4000,1,2,2,1,1,1,1,1,1,1
SF,IF2005,2020-04-13 09:35:37.100,3723.4000,10232,1,492644220.000,1,1,0,双开,S,3723.4000,3722.0000,3721.6000,3721.4000,3721.2000,3723.6000,3723.8000,3724.2000,3724.4000,3725.0000,1,4,2,2,1,1,1,1,1,1
SF,IF2005,2020-04-13 09:35:37.600,3723.4000,10232,0,493761240.000,1,0,1,多换,S,3722.0000,3721.6000,3721.4000,3721.2000,3720.0000,3723.8000,3724.2000,3724.4000,3725.0000,3725.4000,2,2,2,1,1,1,1,1,1,1
SF,IF2005,2020-04-13 09:35:38.600,3723.4000,10232,0,493761240.000,0,-,-,-,-,3722.4000,3722.0000,3721.6000,3721.4000,3721.2000,3723.8000,3724.2000,3724.4000,3725.0000,3725.4000,1,2,2,2,1,1,1,1,1,1
SF,IF2005,2020-04-13 09:35:39.100,3722.6000,10232,0,494878020.000,1,0,1,多换,S,3722.4000,3722.0000,3721.6000,3721.4000,3721.2000,3723.8000,3724.2000,3724.4000,3725.0000,3725.4000,1,1,2,2,1,1,1,1,1,1
SF,IF2005,2020-04-13 09:35:39.600,3722.6000,10232,0,494878020.000,0,-,-,-,-,3722.6000,3722.4000,3722.0000,3721.4000,3721.2000,3723.8000,3724.2000,3724.4000,3725.0000,3725.4000,1,1,1,2,1,1,1,1,1,1
SF,IF2005,2020-04-13 09:35:40.100,3722.6000,10232,0,494878020.000,0,-,-,-,-,3722.6000,3722.4000,3722.0000,3721.4000,3721.2000,3723.8000,3724.2000,3724.4000,3725.0000,3725.4000,1,1,1,2,1,1,1,1,1,1
SF,IF2005,2020-04-13 09:35:40.600,3722.6000,10232,0,495994800.000,1,0,1,多换,S,3722.4000,3722.0000,3721.4000,3721.2000,3720.0000,3723.8000,3724.2000,3724.4000,3725.0000,3725.4000,1,1,2,1,1,1,1,1,1,1
SF,IF2005,2020-04-13 09:35:41.100,3722.6000,10232,0,495994800.000,0,-,-,-,-,3722.6000,3722.0000,3721.4000,3721.2000,3720.0000,3723.6000,3723.8000,3724.2000,3724.4000,3725.0000,1,1,1,1,1,2,1,1,1,1
SF,IF2005,2020-04-13 09:35:42.100,3722.6000,10232,0,495994800.000,0,-,-,-,-,3722.8000,3722.6000,3722.0000,3721.4000,3721.2000,3723.6000,3724.2000,3724.4000,3725.0000,3726.4000,1,1,1,1,1,2,1,1,1,1
SF,IF2005,2020-04-13 09:35:42.600,3723.6000,10232,0,497111880.000,1,0,1,多换,S,3723.6000,3722.6000,3722.0000,3721.4000,3721.2000,3724.2000,3724.4000,3725.0000,3726.4000,3726.6000,1,1,1,1,1,1,1,1,1,1
SF,IF2005,2020-04-13 09:35:43.100,3723.6000,10232,0,498228960.000,1,0,1,多换,S,3722.6000,3722.0000,3721.4000,3721.2000,3720.0000,3722.8000,3723.6000,3724.2000,3724.4000,3725.0000,1,1,1,1,1,1,1,1,1,1
SF,IF2005,2020-04-13 09:35:43.600,3722.8000,10233,1,499345800.000,1,1,0,双开,S,3722.8000,3722.6000,3722.0000,3721.2000,3720.0000,3723.6000,3724.2000,3724.4000,3725.0000,3726.4000,2,1,1,1,1,1,1,1,1,1
SF,IF2005,2020-04-13 09:35:44.100,3722.8000,10233,0,499345800.000,0,-,-,-,-,3723.0000,3722.6000,3722.0000,3721.2000,3720.0000,3723.6000,3724.4000,3725.0000,3726.4000,3726.6000,1,1,1,1,1,1,1,1,1,1
SF,IF2005,2020-04-13 09:35:44.600,3722.8000,10233,0,499345800.000,0,-,-,-,-,3723.0000,3722.6000,3722.0000,3721.2000,3720.0000,3723.6000,3724.4000,3725.0000,3726.4000,3726.6000,1,1,1,1,1,1,1,1,2,1
SF,IF2005,2020-04-13 09:35:45.100,3723.0000,10232,-1,500462700.000,1,0,1,双平,S,3722.6000,3722.0000,3721.2000,3720.0000,3719.0000,3723.6000,3724.4000,3725.0000,3726.4000,3726.6000,1,1,1,1,1,1,1,1,2,1
SF,IF2005,2020-04-13 09:35:45.600,3723.0000,10232,0,500462700.000,0,-,-,-,-,3722.6000,3722.0000,3721.2000,3720.0000,3719.0000,3723.6000,3724.4000,3725.0000,3726.4000,3726.6000,1,1,1,1,1,1,1,1,2,1
SF,IF2005,2020-04-13 09:35:46.100,3722.6000,10231,-1,501579480.000,1,0,1,双平,S,3722.0000,3721.2000,3720.0000,3719.0000,3718.6000,3723.2000,3723.4000,3723.6000,3724.4000,3725.0000,1,1,1,1,8,1,2,1,1,1
SF,IF2005,2020-04-13 09:35:46.600,3722.6000,10231,0,501579480.000,0,-,-,-,-,3722.0000,3720.0000,3719.0000,3718.6000,3718.4000,3722.8000,3723.0000,3723.2000,3723.4000,3723.6000,1,1,1,8,3,1,1,1,1,1
SF,IF2005,2020-04-13 09:35:47.100,3722.2000,10232,1,502696140.000,1,1,0,双开,S,3722.0000,3720.0000,3719.0000,3718.6000,3718.4000,3722.8000,3723.0000,3724.4000,3725.0000,3726.4000,1,1,1,8,3,1,1,1,1,2
SF,IF2005,2020-04-13 09:35:47.600,3723.0000,10232,0,504929880.000,2,1,1,多换,S,3722.8000,3722.0000,3720.0000,3719.0000,3718.6000,3724.4000,3725.0000,3726.4000,3726.6000,3727.0000,1,1,1,2,8,1,1,2,1,5
SF,IF2005,2020-04-13 09:35:48.100,3723.0000,10232,0,504929880.000,0,-,-,-,-,3722.0000,3720.0000,3719.0000,3718.6000,3718.4000,3722.8000,3723.8000,3724.0000,3724.2000,3724.4000,1,1,2,8,3,1,1,3,6,1
SF,IF2005,2020-04-13 09:35:48.600,3722.8000,10233,1,507163560.000,2,1,1,空开,S,3722.8000,3722.2000,3722.0000,3720.0000,3719.0000,3724.0000,3724.2000,3724.4000,3725.0000,3726.4000,1,1,1,1,2,3,4,1,1,2
SF,IF2005,2020-04-13 09:35:49.100,3722.8000,10233,0,507163560.000,0,-,-,-,-,3722.8000,3722.2000,3722.0000,3720.0000,3719.0000,3723.8000,3724.0000,3724.2000,3724.4000,3725.0000,1,1,1,1,2,2,3,3,1,1
SF,IF2005,2020-04-13 09:35:49.600,3722.8000,10233,0,507163560.000,0,-,-,-,-,3722.8000,3722.2000,3722.0000,3720.0000,3719.0000,3723.6000,3723.8000,3724.0000,3724.2000,3724.4000,1,1,1,1,2,1,2,3,3,1
SF,IF2005,2020-04-13 09:35:50.100,3722.8000,10233,0,507163560.000,0,-,-,-,-,3722.8000,3722.2000,3722.0000,3720.0000,3719.0000,3723.8000,3724.0000,3724.2000,3724.4000,3725.0000,1,1,1,1,2,1,2,3,1,1
SF,IF2005,2020-04-13 09:35:50.600,3722.8000,10233,0,507163560.000,0,-,-,-,-,3722.8000,3722.2000,3722.0000,3720.0000,3719.0000,3723.6000,3723.8000,3724.0000,3724.2000,3724.4000,1,1,1,1,2,2,1,2,3,1
SF,IF2005,2020-04-13 09:35:51.100,3722.8000,10233,0,508280400.000,1,0,1,多换,S,3722.2000,3722.0000,3720.0000,3719.0000,3718.6000,3722.8000,3723.4000,3723.8000,3724.0000,3724.2000,1,1,1,2,8,1,4,1,2,3
SF,IF2005,2020-04-13 09:35:51.600,3722.8000,10233,0,508280400.000,0,-,-,-,-,3722.2000,3722.0000,3720.0000,3719.0000,3718.6000,3722.8000,3723.4000,3723.8000,3724.0000,3724.2000,1,1,1,2,8,1,2,1,2,3
SF,IF2005,2020-04-13 09:35:52.600,3722.0000,10232,-1,510513660.000,2,0,2,多平,S,3720.0000,3719.0000,3718.6000,3718.4000,3718.0000,3722.8000,3723.4000,3723.8000,3724.0000,3724.2000,1,2,8,3,5,2,2,1,2,3
SF,IF2005,2020-04-13 09:35:53.100,3722.0000,10232,0,510513660.000,0,-,-,-,-,3720.2000,3720.0000,3719.0000,3718.4000,3718.0000,3722.2000,3722.6000,3722.8000,3723.4000,3724.4000,2,1,2,3,5,1,4,2,1,1
SF,IF2005,2020-04-13 09:35:53.600,3722.0000,10232,0,510513660.000,0,-,-,-,-,3720.4000,3720.2000,3720.0000,3719.0000,3718.4000,3722.0000,3722.2000,3722.4000,3722.6000,3722.8000,1,2,1,2,1,1,1,2,3,2
SF,IF2005,2020-04-13 09:35:54.100,3722.0000,10232,0,510513660.000,0,-,-,-,-,3720.6000,3720.4000,3720.2000,3720.0000,3719.0000,3722.0000,3722.2000,3722.6000,3722.8000,3723.4000,2,1,1,1,1,1,1,3,2,1
SF,IF2005,2020-04-13 09:35:54.600,3722.0000,10232,0,510513660.000,0,-,-,-,-,3720.6000,3720.2000,3720.0000,3719.0000,3718.4000,3722.0000,3722.2000,3722.6000,3722.8000,3723.4000,2,1,1,1,1,1,1,3,2,1
SF,IF2005,2020-04-13 09:35:55.100,3720.6000,10232,0,511629840.000,1,0,1,多换,S,3720.6000,3720.2000,3720.0000,3719.0000,3718.4000,3722.0000,3722.2000,3722.6000,3722.8000,3723.4000,1,1,1,1,1,1,1,3,2,1
SF,IF2005,2020-04-13 09:35:55.600,3722.0000,10232,0,512746440.000,1,0,1,多换,S,3720.8000,3720.6000,3720.2000,3720.0000,3718.4000,3722.2000,3722.6000,3722.8000,3723.4000,3723.8000,1,1,1,1,1,1,3,2,1,4
SF,IF2005,2020-04-13 09:35:56.100,3722.0000,10232,0,512746440.000,0,-,-,-,-,3720.8000,3720.6000,3720.2000,3720.0000,3718.4000,3722.0000,3722.2000,3722.6000,3722.8000,3723.4000,1,1,1,1,1,1,1,3,2,1
SF,IF2005,2020-04-13 09:35:56.600,3722.0000,10232,0,512746440.000,0,-,-,-,-,3720.8000,3720.6000,3720.2000,3720.0000,3718.4000,3721.8000,3722.0000,3722.2000,3722.6000,3722.8000,1,1,1,1,1,3,1,1,3,2
SF,IF2005,2020-04-13 09:35:57.100,3722.0000,10232,0,512746440.000,0,-,-,-,-,3720.6000,3720.2000,3720.0000,3719.0000,3718.4000,3721.6000,3721.8000,3722.2000,3722.6000,3722.8000,1,1,1,1,1,1,1,1,3,2
SF,IF2005,2020-04-13 09:35:57.600,3722.0000,10232,0,512746440.000,0,-,-,-,-,3720.6000,3720.0000,3719.0000,3718.4000,3718.0000,3721.6000,3722.2000,3722.6000,3722.8000,3723.4000,1,1,1,1,5,1,1,3,2,1
SF,IF2005,2020-04-13 09:35:58.100,3721.6000,10232,0,513862920.000,1,0,1,多换,S,3721.6000,3720.8000,3720.6000,3720.0000,3719.0000,3722.0000,3722.6000,3722.8000,3723.4000,3723.8000,1,1,1,1,1,1,3,2,1,4
SF,IF2005,2020-04-13 09:35:58.600,3721.6000,10232,0,514979400.000,1,0,1,多换,S,3720.6000,3720.0000,3719.0000,3718.4000,3718.0000,3722.0000,3722.6000,3722.8000,3723.4000,3723.8000,1,1,1,1,5,1,2,2,1,4
SF,IF2005,2020-04-13 09:35:59.100,3721.6000,10232,0,514979400.000,0,-,-,-,-,3720.8000,3720.6000,3720.0000,3719.0000,3718.4000,3721.6000,3721.8000,3722.0000,3722.6000,3722.8000,1,1,1,1,1,1,1,1,2,2
SF,IF2005,2020-04-13 09:35:59.600,3720.8000,10232,0,516095640.000,1,0,1,多换,S,3720.6000,3720.0000,3719.0000,3718.4000,3718.0000,3722.0000,3722.6000,3722.8000,3723.4000,3723.8000,1,1,1,1,5,1,2,2,1,4
SF,IF2005,2020-04-13 09:36:00.100,3720.8000,10232,0,516095640.000,0,-,-,-,-,3720.8000,3720.6000,3720.0000,3719.0000,3718.4000,3722.0000,3722.6000,3722.8000,3723.4000,3723.8000,1,1,1,1,1,1,2,2,1,4
SF,IF2005,2020-04-13 09:36:00.600,3720.8000,10232,0,516095640.000,0,-,-,-,-,3720.8000,3720.6000,3720.0000,3719.0000,3718.4000,3721.6000,3721.8000,3722.0000,3722.6000,3722.8000,1,1,1,1,1,1,2,1,2,2
SF,IF2005,2020-04-13 09:36:01.100,3720.8000,10232,0,516095640.000,0,-,-,-,-,3720.6000,3720.0000,3719.0000,3718.4000,3718.0000,3721.8000,3722.0000,3722.6000,3722.8000,3723.4000,1,1,1,1,5,3,1,2,2,1
SF,IF2005,2020-04-13 09:36:01.600,3720.8000,10232,0,516095640.000,0,-,-,-,-,3720.6000,3720.0000,3719.0000,3718.4000,3718.0000,3721.8000,3722.0000,3722.6000,3722.8000,3723.4000,1,1,1,1,5,2,1,2,2,1
SF,IF2005,2020-04-13 09:36:02.100,3720.6000,10231,-1,517211820.000,1,0,1,双平,S,3720.0000,3719.0000,3718.4000,3718.0000,3717.8000,3721.4000,3721.6000,3721.8000,3722.0000,3722.8000,1,1,1,5,1,1,3,2,1,2
SF,IF2005,2020-04-13 09:36:02.600,3720.6000,10231,0,517211820.000,0,-,-,-,-,3720.0000,3719.0000,3718.4000,3718.0000,3717.8000,3720.6000,3721.2000,3721.4000,3721.6000,3721.8000,1,1,1,5,1,1,1,3,3,1
SF,IF2005,2020-04-13 09:36:03.100,3720.6000,10232,1,519444180.000,2,1,1,空开,S,3720.6000,3720.0000,3719.0000,3718.4000,3718.0000,3721.2000,3721.4000,3721.6000,3722.8000,3723.4000,1,1,1,1,5,1,3,2,2,1
SF,IF2005,2020-04-13 09:36:03.600,3720.6000,10232,0,519444180.000,0,-,-,-,-,3720.0000,3719.0000,3718.4000,3718.0000,3717.8000,3720.6000,3721.2000,3721.4000,3721.6000,3721.8000,1,1,1,3,1,1,1,3,2,1
SF,IF2005,2020-04-13 09:36:04.100,3720.0000,10231,-1,520560180.000,1,0,1,双平,S,3719.0000,3718.4000,3718.0000,3717.8000,3717.4000,3720.2000,3720.6000,3720.8000,3721.2000,3721.4000,1,1,1,1,4,1,1,1,2,1
SF,IF2005,2020-04-13 09:36:04.600,3719.2000,10232,1,521675940.000,1,1,0,双开,S,3720.2000,3719.2000,3719.0000,3718.4000,3718.0000,3720.6000,3721.2000,3721.4000,3721.8000,3722.8000,1,2,1,1,1,1,2,1,1,2
SF,IF2005,2020-04-13 09:36:05.100,3719.2000,10232,0,521675940.000,0,-,-,-,-,3719.2000,3719.0000,3718.4000,3718.0000,3717.8000,3720.6000,3721.2000,3721.4000,3721.8000,3722.8000,1,1,1,1,1,1,2,1,1,2
SF,IF2005,2020-04-13 09:36:05.600,3719.2000,10232,0,521675940.000,0,-,-,-,-,3719.2000,3719.0000,3718.4000,3718.0000,3717.8000,3720.6000,3721.2000,3721.4000,3721.8000,3722.8000,1,1,1,1,1,1,2,1,1,2
SF,IF2005,2020-04-13 09:36:06.100,3719.2000,10232,0,521675940.000,0,-,-,-,-,3719.2000,3719.0000,3718.4000,3718.0000,3717.8000,3720.6000,3721.2000,3721.4000,3721.8000,3722.8000,1,1,1,1,1,1,2,1,1,2
SF,IF2005,2020-04-13 09:36:06.600,3719.2000,10232,0,521675940.000,0,-,-,-,-,3719.2000,3719.0000,3718.4000,3718.0000,3717.8000,3720.4000,3720.6000,3721.2000,3721.4000,3721.8000,1,1,1,1,1,1,1,1,1,1
SF,IF2005,2020-04-13 09:36:07.100,3719.2000,10232,0,521675940.000,0,-,-,-,-,3719.0000,3717.8000,3716.8000,3716.6000,3716.2000,3720.2000,3720.4000,3720.6000,3721.2000,3721.4000,1,1,8,1,4,1,1,1,1,1
SF,IF2005,2020-04-13 09:36:07.600,3719.2000,10232,0,522791700.000,1,0,1,多换,S,3716.8000,3716.6000,3716.2000,3716.0000,3715.8000,3720.0000,3720.2000,3720.6000,3721.2000,3721.4000,8,1,4,4,2,4,1,2,1,1
SF,IF2005,2020-04-13 09:36:08.100,3720.0000,10230,-2,525023580.000,2,0,2,双平,S,3717.4000,3717.2000,3717.0000,3716.0000,3715.8000,3719.6000,3720.2000,3720.6000,3721.2000,3721.4000,1,1,5,4,2,1,1,2,1,1
SF,IF2005,2020-04-13 09:36:08.600,3720.0000,10230,0,525023580.000,0,-,-,-,-,3717.8000,3717.6000,3717.4000,3717.0000,3716.0000,3719.4000,3719.6000,3720.6000,3721.2000,3721.4000,1,4,1,5,4,1,1,1,1,1
SF,IF2005,2020-04-13 09:36:09.100,3720.0000,10230,0,525023580.000,0,-,-,-,-,3718.0000,3717.8000,3717.6000,3717.4000,3717.0000,3720.6000,3721.2000,3721.4000,3721.6000,3722.8000,1,2,3,1,5,1,1,1,1,2
SF,IF2005,2020-04-13 09:36:09.600,3720.0000,10230,0,525023580.000,0,-,-,-,-,3718.2000,3718.0000,3717.8000,3717.6000,3717.4000,3720.4000,3720.6000,3721.2000,3721.4000,3721.6000,1,1,1,2,1,3,1,1,1,1
SF,IF2005,2020-04-13 09:36:10.100,3720.0000,10230,0,525023580.000,0,-,-,-,-,3720.0000,3718.4000,3718.2000,3717.6000,3717.4000,3720.2000,3720.4000,3720.6000,3721.2000,3721.4000,1,1,2,2,1,3,2,1,1,1
SF,IF2005,2020-04-13 09:36:10.600,3720.0000,10230,0,526139580.000,1,0,1,多换,S,3718.4000,3718.2000,3717.4000,3717.0000,3716.0000,3719.6000,3719.8000,3720.0000,3720.2000,3720.4000,1,2,1,1,5,2,1,3,1,1
SF,IF2005,2020-04-13 09:36:11.100,3719.8000,10228,-2,528371400.000,2,0,2,双平,S,3718.6000,3718.4000,3717.4000,3717.0000,3716.0000,3720.0000,3720.4000,3720.6000,3721.2000,3721.4000,1,1,1,1,5,1,1,1,1,1
SF,IF2005,2020-04-13 09:36:11.600,3719.8000,10228,0,528371400.000,0,-,-,-,-,3718.8000,3718.6000,3717.4000,3717.0000,3716.0000,3720.0000,3720.6000,3721.2000,3721.4000,3721.6000,1,1,1,1,5,1,1,1,1,1
SF,IF2005,2020-04-13 09:36:12.100,3720.0000,10228,0,529487400.000,1,0,1,多换,S,3720.0000,3719.0000,3718.8000,3717.4000,3717.0000,3720.6000,3721.2000,3721.4000,3721.6000,3722.8000,1,1,1,1,1,1,1,1,1,1
SF,IF2005,2020-04-13 09:36:12.600,3720.0000,10228,0,529487400.000,0,-,-,-,-,3720.0000,3718.8000,3717.4000,3717.0000,3716.0000,3720.6000,3721.2000,3721.4000,3721.6000,3722.8000,1,1,1,1,5,1,1,1,1,1
SF,IF2005,2020-04-13 09:36:13.100,3720.0000,10228,0,529487400.000,0,-,-,-,-,3718.8000,3717.4000,3717.0000,3716.0000,3715.8000,3720.6000,3721.2000,3721.4000,3721.6000,3722.8000,1,1,1,5,2,1,1,1,1,1
SF,IF2005,2020-04-13 09:36:13.600,3719.2000,10229,1,530603160.000,1,1,0,双开,S,3719.0000,3718.8000,3717.0000,3716.0000,3715.8000,3720.6000,3721.2000,3721.4000,3721.6000,3722.8000,1,1,1,5,2,1,1,1,1,1
SF,IF2005,2020-04-13 09:36:14.100,3720.6000,10230,1,531719340.000,1,1,0,双开,S,3720.6000,3719.4000,3719.2000,3717.0000,3716.0000,3721.2000,3721.4000,3722.8000,3723.4000,3724.0000,1,1,2,1,5,1,2,1,1,1
SF,IF2005,2020-04-13 09:36:14.600,3720.6000,10230,0,531719340.000,0,-,-,-,-,3719.4000,3719.2000,3717.0000,3716.0000,3715.8000,3720.6000,3721.2000,3721.4000,3722.8000,3723.4000,1,2,1,5,2,1,1,2,1,1
SF,IF2005,2020-04-13 09:36:15.100,3720.6000,10230,0,532835520.000,1,0,1,多换,S,3721.2000,3719.6000,3719.4000,3717.0000,3716.0000,3721.4000,3722.8000,3723.4000,3724.0000,3724.4000,1,3,1,9,5,1,1,1,1,1
SF,IF2005,2020-04-13 09:36:15.600,3720.6000,10230,0,532835520.000,0,-,-,-,-,3719.6000,3719.4000,3717.2000,3717.0000,3716.0000,3721.4000,3722.8000,3723.4000,3724.0000,3724.4000,2,1,4,9,1,1,1,1,1,1
SF,IF2005,2020-04-13 09:36:16.100,3720.6000,10230,0,532835520.000,0,-,-,-,-,3719.6000,3717.2000,3717.0000,3716.4000,3716.0000,3721.4000,3722.8000,3723.4000,3724.0000,3724.4000,1,4,9,1,1,1,1,1,1,1
SF,IF2005,2020-04-13 09:36:16.600,3721.4000,10230,0,533951940.000,1,0,1,多换,S,3719.8000,3719.6000,3717.2000,3717.0000,3716.4000,3722.8000,3723.4000,3724.0000,3724.4000,3725.0000,1,1,4,9,1,1,1,1,1,1
SF,IF2005,2020-04-13 09:36:17.100,3721.4000,10230,0,533951940.000,0,-,-,-,-,3721.4000,3720.0000,3719.8000,3717.2000,3717.0000,3722.2000,3722.4000,3722.6000,3722.8000,3723.4000,1,3,3,4,9,1,1,3,1,1
SF,IF2005,2020-04-13 09:36:17.600,3721.4000,10230,0,533951940.000,0,-,-,-,-,3721.4000,3720.0000,3719.8000,3717.2000,3717.0000,3722.4000,3722.6000,3722.8000,3723.4000,3724.0000,1,3,3,4,9,3,1,1,1,1
SF,IF2005,2020-04-13 09:36:18.100,3721.4000,10230,0,533951940.000,0,-,-,-,-,3721.4000,3720.0000,3719.8000,3717.2000,3717.0000,3722.2000,3722.4000,3722.6000,3722.8000,3723.4000,1,3,3,4,9,1,3,1,1,1
SF,IF2005,2020-04-13 09:36:19.100,3721.4000,10230,0,533951940.000,0,-,-,-,-,3721.4000,3720.0000,3719.8000,3717.4000,3717.2000,3722.6000,3722.8000,3723.4000,3724.0000,3724.4000,1,3,3,1,4,1,1,1,1,1
SF,IF2005,2020-04-13 09:36:19.600,3721.4000,10230,0,533951940.000,0,-,-,-,-,3721.6000,3721.4000,3720.0000,3719.8000,3717.8000,3722.6000,3722.8000,3723.4000,3724.0000,3724.4000,2,1,2,2,1,1,1,1,1,1
SF,IF2005,2020-04-13 09:36:20.100,3721.8000,10229,-1,536185260.000,2,0,2,多平,S,3721.8000,3721.6000,3720.0000,3719.8000,3718.4000,3723.4000,3724.0000,3724.4000,3725.0000,3726.6000,2,1,2,2,4,1,1,1,1,6
SF,IF2005,2020-04-13 09:36:20.600,3721.8000,10229,0,536185260.000,0,-,-,-,-,3722.0000,3721.8000,3720.0000,3719.8000,3718.4000,3723.2000,3723.4000,3724.4000,3725.0000,3726.6000,2,1,2,2,4,1,1,1,1,6
SF,IF2005,2020-04-13 09:36:21.100,3721.8000,10229,0,537301800.000,1,0,1,多换,S,3722.2000,3721.8000,3720.0000,3719.8000,3718.4000,3723.4000,3724.4000,3725.0000,3726.6000,3726.8000,2,1,2,2,4,1,1,1,6,8
SF,IF2005,2020-04-13 09:36:21.600,3721.8000,10229,0,538418340.000,1,0,1,多换,S,3722.2000,3721.8000,3720.0000,3719.8000,3718.4000,3723.4000,3724.4000,3725.0000,3726.6000,3727.0000,1,1,2,2,4,1,1,1,6,5
SF,IF2005,2020-04-13 09:36:22.100,3721.8000,10229,0,538418340.000,0,-,-,-,-,3722.4000,3721.8000,3720.0000,3719.8000,3718.4000,3723.2000,3723.4000,3724.4000,3725.0000,3726.2000,2,1,2,2,4,2,1,1,1,1
SF,IF2005,2020-04-13 09:36:22.600,3721.8000,10229,0,538418340.000,0,-,-,-,-,3722.4000,3721.8000,3720.0000,3719.8000,3718.4000,3723.4000,3724.4000,3725.0000,3726.2000,3726.6000,1,1,2,2,4,1,1,1,1,6
SF,IF2005,2020-04-13 09:36:23.100,3721.8000,10229,0,538418340.000,0,-,-,-,-,3721.8000,3720.0000,3719.8000,3718.4000,3717.8000,3723.2000,3723.4000,3724.4000,3725.0000,3726.2000,1,2,2,4,1,3,1,1,1,1
SF,IF2005,2020-04-13 09:36:23.600,3721.8000,10229,0,538418340.000,0,-,-,-,-,3722.0000,3721.8000,3720.0000,3719.8000,3718.4000,3723.2000,3723.4000,3724.4000,3725.0000,3726.2000,1,1,2,2,4,1,1,1,1,1
SF,IF2005,2020-04-13 09:36:24.100,3721.8000,10229,0,538418340.000,0,-,-,-,-,3722.2000,3721.8000,3720.0000,3719.8000,3718.4000,3723.2000,3723.4000,3724.4000,3725.0000,3726.2000,1,1,2,2,4,1,1,1,1,1
SF,IF2005,2020-04-13 09:36:24.600,3721.8000,10229,0,538418340.000,0,-,-,-,-,3722.2000,3721.8000,3720.0000,3719.8000,3718.4000,3723.0000,3723.2000,3723.4000,3724.4000,3725.0000,1,1,2,2,4,1,1,1,1,1
SF,IF2005,2020-04-13 09:36:25.100,3722.2000,10228,-1,539535000.000,1,0,1,双平,S,3720.0000,3719.8000,3718.4000,3717.8000,3717.4000,3722.8000,3723.0000,3723.4000,3724.4000,3725.0000,2,2,4,1,1,3,2,1,1,1
SF,IF2005,2020-04-13 09:36:25.600,3722.2000,10228,0,539535000.000,0,-,-,-,-,3720.6000,3720.2000,3720.0000,3719.8000,3718.4000,3722.4000,3722.8000,3723.0000,3723.2000,3723.4000,1,1,2,2,4,2,1,1,1,1
SF,IF2005,2020-04-13 09:36:26.100,3722.2000,10228,0,539535000.000,0,-,-,-,-,3720.8000,3720.6000,3720.0000,3718.4000,3717.8000,3722.2000,3722.4000,3722.6000,3723.0000,3723.2000,1,1,1,4,1,1,3,2,1,1
SF,IF2005,2020-04-13 09:36:26.600,3722.2000,10228,0,539535000.000,0,-,-,-,-,3720.0000,3717.8000,3717.4000,3717.0000,3716.4000,3721.8000,3722.2000,3722.4000,3722.6000,3723.0000,1,1,1,1,1,2,1,2,2,1
SF,IF2005,2020-04-13 09:36:27.100,3722.2000,10228,0,539535000.000,0,-,-,-,-,3720.2000,3720.0000,3717.8000,3717.4000,3717.0000,3721.6000,3721.8000,3722.4000,3722.6000,3723.2000,1,1,1,1,1,1,2,2,2,1
SF,IF2005,2020-04-13 09:36:27.600,3722.2000,10228,0,539535000.000,0,-,-,-,-,3721.6000,3720.2000,3720.0000,3717.8000,3717.4000,3723.2000,3723.4000,3724.4000,3725.0000,3726.2000,1,2,1,1,1,1,1,1,1,1
SF,IF2005,2020-04-13 09:36:28.100,3722.2000,10228,0,539535000.000,0,-,-,-,-,3721.8000,3720.2000,3720.0000,3717.8000,3717.4000,3723.0000,3723.4000,3724.4000,3725.0000,3726.2000,1,2,1,1,5,4,1,1,1,1
SF,IF2005,2020-04-13 09:36:28.600,3722.2000,10228,0,539535000.000,0,-,-,-,-,3721.8000,3720.2000,3720.0000,3717.8000,3717.4000,3722.8000,3723.0000,3723.4000,3724.4000,3725.0000,1,1,1,1,5,3,3,1,1,1
SF,IF2005,2020-04-13 09:36:29.100,3722.2000,10228,0,539535000.000,0,-,-,-,-,3722.0000,3721.8000,3720.0000,3718.6000,3717.8000,3723.0000,3723.4000,3724.4000,3725.0000,3726.2000,1,1,1,4,1,2,1,1,1,1
SF,IF2005,2020-04-13 09:36:29.600,3722.2000,10228,0,539535000.000,0,-,-,-,-,3722.0000,3721.8000,3720.0000,3718.6000,3717.8000,3723.0000,3723.4000,3724.4000,3725.0000,3726.2000,1,1,1,4,1,1,1,1,1,1
SF,IF2005,2020-04-13 09:36:30.100,3722.2000,10228,0,539535000.000,0,-,-,-,-,3722.0000,3721.8000,3720.0000,3718.6000,3717.8000,3722.8000,3723.0000,3724.4000,3725.0000,3726.2000,1,1,1,4,1,1,1,1,1,1
SF,IF2005,2020-04-13 09:36:30.600,3722.2000,10228,0,539535000.000,0,-,-,-,-,3721.8000,3720.0000,3718.6000,3717.8000,3717.4000,3722.8000,3723.0000,3724.4000,3725.0000,3726.2000,1,1,4,1,1,3,1,1,1,1
SF,IF2005,2020-04-13 09:36:31.100,3722.2000,10228,0,539535000.000,0,-,-,-,-,3721.8000,3720.0000,3718.6000,3717.8000,3717.4000,3722.4000,3722.6000,3722.8000,3724.4000,3725.0000,1,1,4,1,1,2,4,2,1,1
SF,IF2005,2020-04-13 09:36:31.600,3721.8000,10227,-1,540651540.000,1,0,1,双平,S,3720.0000,3718.6000,3717.8000,3717.4000,3717.0000,3721.6000,3721.8000,3722.0000,3722.2000,3722.6000,1,4,1,1,1,1,1,1,3,1
SF,IF2005,2020-04-13 09:36:32.100,3721.8000,10227,0,540651540.000,0,-,-,-,-,3720.2000,3720.0000,3717.4000,3717.0000,3716.4000,3721.4000,3721.8000,3722.0000,3722.2000,3722.4000,1,1,1,1,1,3,2,3,2,1
SF,IF2005,2020-04-13 09:36:32.600,3721.8000,10227,0,540651540.000,0,-,-,-,-,3720.2000,3717.4000,3717.0000,3716.4000,3716.0000,3721.4000,3721.8000,3722.0000,3722.2000,3722.4000,1,1,1,1,3,3,2,1,2,1
SF,IF2005,2020-04-13 09:36:33.100,3721.8000,10227,0,540651540.000,0,-,-,-,-,3720.4000,3720.2000,3717.4000,3717.0000,3716.4000,3721.4000,3721.8000,3722.0000,3722.2000,3722.4000,1,1,1,1,1,2,2,1,2,1
SF,IF2005,2020-04-13 09:36:33.600,3721.8000,10227,0,540651540.000,0,-,-,-,-,3720.6000,3720.4000,3717.4000,3717.0000,3716.4000,3721.2000,3721.8000,3722.0000,3722.8000,3724.4000,1,1,1,1,1,1,2,1,3,1
SF,IF2005,2020-04-13 09:36:34.100,3721.8000,10227,0,540651540.000,0,-,-,-,-,3721.4000,3720.6000,3720.4000,3717.4000,3717.0000,3721.8000,3722.8000,3724.4000,3725.0000,3726.2000,1,2,1,1,1,2,3,1,1,1
SF,IF2005,2020-04-13 09:36:34.600,3721.4000,10228,1,541767960.000,1,1,0,双开,S,3720.6000,3720.4000,3717.4000,3717.0000,3716.4000,3721.8000,3722.8000,3724.4000,3725.0000,3726.2000,2,1,1,1,1,3,3,1,1,1
SF,IF2005,2020-04-13 09:36:35.100,3721.4000,10228,0,541767960.000,0,-,-,-,-,3720.6000,3720.4000,3717.4000,3717.0000,3716.4000,3721.4000,3721.8000,3722.8000,3724.4000,3725.0000,2,1,1,1,1,1,3,3,1,1
SF,IF2005,2020-04-13 09:36:35.600,3721.4000,10228,0,541767960.000,0,-,-,-,-,3721.4000,3720.6000,3720.4000,3717.4000,3717.0000,3721.8000,3722.8000,3724.4000,3725.0000,3726.2000,1,2,1,1,1,3,3,1,1,1
SF,IF2005,2020-04-13 09:36:36.100,3720.6000,10228,0,542884140.000,1,0,1,多换,S,3720.4000,3717.4000,3717.0000,3716.4000,3716.0000,3721.8000,3722.8000,3724.4000,3725.0000,3726.2000,1,1,1,1,3,3,3,1,1,1
SF,IF2005,2020-04-13 09:36:36.600,3720.6000,10228,0,542884140.000,0,-,-,-,-,3720.6000,3720.4000,3717.4000,3717.0000,3716.4000,3721.8000,3722.8000,3724.4000,3725.0000,3726.2000,1,1,1,1,1,2,3,1,1,1
SF,IF2005,2020-04-13 09:36:37.100,3720.6000,10228,0,542884140.000,0,-,-,-,-,3720.6000,3720.4000,3717.4000,3717.0000,3716.4000,3721.6000,3721.8000,3722.8000,3724.4000,3725.0000,1,1,1,1,1,1,1,3,1,1
SF,IF2005,2020-04-13 09:36:37.600,3720.6000,10228,0,542884140.000,0,-,-,-,-,3720.6000,3720.4000,3717.4000,3717.0000,3716.4000,3721.6000,3721.8000,3722.8000,3724.4000,3725.0000,1,1,1,1,1,1,1,3,1,1
SF,IF2005,2020-04-13 09:36:38.100,3720.6000,10228,0,542884140.000,0,-,-,-,-,3720.4000,3717.4000,3717.0000,3716.4000,3716.0000,3721.4000,3721.6000,3721.8000,3722.8000,3724.4000,1,1,1,1,3,1,1,1,3,1
SF,IF2005,2020-04-13 09:36:38.600,3720.6000,10228,0,542884140.000,0,-,-,-,-,3720.4000,3717.4000,3717.0000,3716.4000,3716.0000,3721.4000,3721.6000,3721.8000,3722.8000,3724.4000,1,1,1,1,3,2,1,1,3,1
SF,IF2005,2020-04-13 09:36:39.100,3720.4000,10228,0,544000260.000,1,0,1,多换,S,3717.4000,3717.0000,3716.4000,3716.0000,3715.8000,3720.4000,3721.4000,3721.6000,3721.8000,3722.8000,1,1,1,3,2,1,1,1,1,3
SF,IF2005,2020-04-13 09:36:39.600,3720.4000,10230,2,547348620.000,3,2,1,空开,S,3720.4000,3719.2000,3718.4000,3718.2000,3718.0000,3721.4000,3721.6000,3721.8000,3722.8000,3724.4000,1,1,4,2,2,1,1,1,2,1
SF,IF2005,2020-04-13 09:36:40.100,3720.4000,10230,0,547348620.000,0,-,-,-,-,3719.2000,3718.4000,3718.2000,3718.0000,3717.8000,3721.4000,3721.6000,3721.8000,3722.8000,3724.4000,1,4,2,2,4,1,1,1,2,1
SF,IF2005,2020-04-13 09:36:40.600,3720.4000,10230,0,547348620.000,0,-,-,-,-,3719.4000,3719.2000,3719.0000,3718.4000,3718.2000,3720.4000,3721.4000,3721.6000,3721.8000,3722.8000,3,1,1,4,2,1,1,1,1,2
SF,IF2005,2020-04-13 09:36:41.100,3720.4000,10230,0,548464740.000,1,0,1,多换,S,3720.4000,3719.4000,3719.0000,3718.4000,3718.2000,3721.4000,3721.6000,3721.8000,3722.8000,3724.4000,1,2,1,4,2,1,1,1,2,1
SF,IF2005,2020-04-13 09:36:41.600,3720.4000,10230,0,549580860.000,1,0,1,多换,S,3720.4000,3719.6000,3719.4000,3719.0000,3718.4000,3721.4000,3721.6000,3721.8000,3722.8000,3724.4000,1,1,2,1,4,1,1,1,2,1
SF,IF2005,2020-04-13 09:36:42.100,3721.4000,10229,-1,550697280.000,1,0,1,双平,S,3719.6000,3719.4000,3719.0000,3718.4000,3718.2000,3721.2000,3721.8000,3722.8000,3724.4000,3725.0000,1,2,1,4,2,1,1,2,1,1
SF,IF2005,2020-04-13 09:36:42.600,3721.2000,10230,1,554046360.000,3,2,1,空开,S,3721.2000,3720.2000,3719.8000,3719.6000,3719.4000,3721.4000,3721.8000,3722.8000,3724.4000,3725.0000,1,1,2,1,1,1,1,2,1,1
SF,IF2005,2020-04-13 09:36:43.100,3721.2000,10230,0,554046360.000,0,-,-,-,-,3720.2000,3719.8000,3719.6000,3719.4000,3719.0000,3721.2000,3721.4000,3721.8000,3722.8000,3724.4000,1,2,1,1,1,1,1,1,2,1
SF,IF2005,2020-04-13 09:36:43.600,3721.4000,10230,0,556279140.000,2,1,1,多换,S,3721.4000,3721.0000,3720.4000,3720.2000,3719.8000,3721.8000,3722.8000,3724.4000,3725.0000,3726.6000,3,1,1,1,1,1,2,1,1,6
SF,IF2005,2020-04-13 09:36:44.100,3721.8000,10231,1,561861480.000,5,3,2,空开,S,3721.8000,3721.0000,3720.4000,3720.2000,3719.8000,3722.8000,3724.4000,3725.0000,3726.6000,3727.0000,1,1,1,1,1,2,1,1,6,5
SF,IF2005,2020-04-13 09:36:44.600,3721.8000,10231,0,562978020.000,1,0,1,多换,S,3721.0000,3720.4000,3720.2000,3719.6000,3719.4000,3721.6000,3721.8000,3722.6000,3722.8000,3724.4000,1,1,1,1,1,1,1,3,2,1
SF,IF2005,2020-04-13 09:36:45.100,3721.8000,10231,0,562978020.000,0,-,-,-,-,3721.0000,3720.4000,3720.2000,3719.6000,3719.4000,3721.8000,3722.4000,3722.6000,3722.8000,3724.4000,1,1,1,1,1,1,2,1,2,1
SF,IF2005,2020-04-13 09:36:45.600,3721.6000,10232,1,565211040.000,2,1,1,空开,S,3721.8000,3721.0000,3720.4000,3720.2000,3719.6000,3722.4000,3722.6000,3722.8000,3724.4000,3725.0000,1,1,1,1,1,2,1,2,1,1
SF,IF2005,2020-04-13 09:36:46.100,3721.6000,10232,0,565211040.000,0,-,-,-,-,3721.0000,3720.4000,3720.2000,3719.6000,3719.4000,3722.4000,3722.6000,3722.8000,3724.4000,3725.0000,1,1,1,1,1,2,1,2,1,1
SF,IF2005,2020-04-13 09:36:46.600,3721.6000,10232,0,565211040.000,0,-,-,-,-,3721.2000,3721.0000,3719.6000,3719.4000,3719.0000,3722.4000,3722.6000,3722.8000,3724.4000,3725.0000,1,1,1,1,1,1,1,2,1,1
SF,IF2005,2020-04-13 09:36:47.100,3721.4000,10233,1,566327460.000,1,1,0,双开,S,3721.2000,3721.0000,3719.6000,3719.4000,3719.0000,3722.4000,3722.6000,3722.8000,3724.4000,3725.0000,1,1,1,1,1,1,1,2,1,1
SF,IF2005,2020-04-13 09:36:47.600,3721.4000,10233,0,566327460.000,0,-,-,-,-,3721.2000,3721.0000,3719.6000,3719.4000,3719.0000,3722.4000,3722.6000,3722.8000,3724.4000,3725.0000,1,1,1,1,1,1,1,2,1,1
SF,IF2005,2020-04-13 09:36:48.100,3722.4000,10234,1,568560600.000,2,1,1,空开,S,3722.4000,3721.4000,3721.2000,3721.0000,3719.6000,3722.6000,3722.8000,3724.4000,3725.0000,3726.6000,1,1,1,1,5,1,2,1,1,6
SF,IF2005,2020-04-13 09:36:48.600,3722.4000,10235,1,570794160.000,2,1,1,空开,S,3722.6000,3721.4000,3721.2000,3721.0000,3719.6000,3724.4000,3725.0000,3726.6000,3727.0000,3729.2000,1,1,1,1,5,1,1,6,5,3
SF,IF2005,2020-04-13 09:36:49.100,3722.6000,10235,0,571910940.000,1,0,1,多换,S,3721.4000,3721.0000,3719.6000,3719.4000,3719.0000,3724.0000,3724.2000,3724.4000,3725.0000,3726.6000,1,1,5,1,1,2,1,1,1,6
SF,IF2005,2020-04-13 09:36:49.600,3721.6000,10235,0,573027420.000,1,0,1,多换,S,3721.6000,3721.0000,3719.6000,3719.0000,3718.4000,3723.8000,3724.0000,3724.4000,3725.0000,3726.6000,2,1,5,1,3,1,4,1,1,6
SF,IF2005,2020-04-13 09:36:50.100,3721.6000,10235,0,573027420.000,0,-,-,-,-,3721.8000,3721.6000,3721.0000,3719.6000,3719.0000,3723.8000,3724.0000,3724.4000,3725.0000,3726.6000,1,2,1,5,1,1,3,1,1,6
SF,IF2005,2020-04-13 09:36:50.600,3721.6000,10235,0,573027420.000,0,-,-,-,-,3722.0000,3721.8000,3721.6000,3721.0000,3719.6000,3723.8000,3724.0000,3724.4000,3725.0000,3726.6000,1,1,1,1,5,1,3,1,1,6
SF,IF2005,2020-04-13 09:36:51.100,3722.0000,10235,0,574144020.000,1,0,1,多换,S,3722.0000,3721.6000,3719.6000,3719.0000,3718.4000,3723.4000,3723.6000,3723.8000,3724.0000,3724.4000,1,1,5,1,3,1,1,1,2,1
SF,IF2005,2020-04-13 09:36:51.600,3722.0000,10235,0,574144020.000,0,-,-,-,-,3721.6000,3719.6000,3719.0000,3718.4000,3718.2000,3722.0000,3723.2000,3723.4000,3723.6000,3724.0000,1,5,1,3,1,1,1,1,1,2
SF,IF2005,2020-04-13 09:36:52.100,3722.0000,10235,0,576377220.000,2,1,1,多换,S,3722.0000,3721.6000,3719.6000,3719.0000,3718.4000,3723.2000,3723.4000,3724.0000,3724.4000,3725.0000,2,1,5,1,3,1,1,2,1,1
SF,IF2005,2020-04-13 09:36:52.600,3722.0000,10235,0,576377220.000,0,-,-,-,-,3721.6000,3719.6000,3719.0000,3718.4000,3718.2000,3722.0000,3723.2000,3723.4000,3724.0000,3724.4000,1,5,1,3,1,1,1,1,2,1
SF,IF2005,2020-04-13 09:36:53.100,3722.0000,10236,1,578610420.000,2,1,1,空开,S,3722.0000,3721.6000,3719.6000,3719.0000,3718.4000,3723.2000,3723.4000,3724.0000,3724.4000,3725.0000,1,1,5,1,3,1,1,2,1,1
SF,IF2005,2020-04-13 09:36:53.600,3722.0000,10236,0,578610420.000,0,-,-,-,-,3719.6000,3719.0000,3718.4000,3718.2000,3718.0000,3721.6000,3723.2000,3723.4000,3724.0000,3724.4000,5,1,3,1,2,1,1,1,2,1
SF,IF2005,2020-04-13 09:36:54.100,3721.6000,10237,1,580843440.000,2,1,1,空开,S,3721.6000,3720.6000,3720.0000,3719.8000,3719.6000,3723.0000,3723.2000,3723.4000,3724.0000,3724.4000,1,1,2,7,6,2,1,1,2,1
SF,IF2005,2020-04-13 09:36:54.600,3721.6000,10237,0,581959920.000,1,0,1,多换,S,3720.6000,3720.0000,3719.8000,3719.6000,3719.0000,3721.6000,3722.8000,3723.4000,3724.0000,3724.4000,1,2,11,6,1,1,2,1,1,1
SF,IF2005,2020-04-13 09:36:55.100,3721.6000,10239,2,585309360.000,3,2,1,空开,S,3720.6000,3720.0000,3719.8000,3719.6000,3719.0000,3722.6000,3722.8000,3724.4000,3725.0000,3726.6000,1,2,10,6,1,2,2,1,1,6
SF,IF2005,2020-04-13 09:36:55.600,3721.6000,10239,0,585309360.000,0,-,-,-,-,3720.8000,3719.8000,3719.6000,3719.0000,3718.2000,3722.4000,3722.8000,3724.4000,3725.0000,3726.6000,2,4,6,1,1,4,1,1,1,6
SF,IF2005,2020-04-13 09:36:56.100,3720.8000,10239,0,587541840.000,2,1,1,多换,S,3719.8000,3719.6000,3719.0000,3718.2000,3718.0000,3722.2000,3722.4000,3722.8000,3724.4000,3725.0000,2,2,1,5,2,6,1,1,1,1
SF,IF2005,2020-04-13 09:36:56.600,3720.2000,10239,0,588657900.000,1,0,1,多换,S,3721.6000,3719.8000,3719.6000,3719.0000,3718.2000,3722.0000,3722.2000,3722.8000,3724.4000,3725.0000,1,2,2,1,5,2,1,1,1,1
SF,IF2005,2020-04-13 09:36:57.100,3721.6000,10239,0,589774380.000,1,0,1,多换,S,3719.8000,3719.6000,3719.0000,3718.2000,3718.0000,3721.4000,3721.6000,3722.0000,3722.2000,3722.8000,2,2,1,1,2,1,1,1,1,1
SF,IF2005,2020-04-13 09:36:57.600,3721.6000,10239,0,589774380.000,0,-,-,-,-,3721.4000,3720.0000,3719.8000,3719.6000,3719.0000,3721.6000,3722.0000,3722.8000,3724.4000,3725.0000,1,1,2,2,1,2,1,1,1,1
SF,IF2005,2020-04-13 09:36:58.100,3721.4000,10239,0,590890800.000,1,0,1,多换,S,3720.0000,3719.8000,3719.6000,3719.0000,3718.2000,3721.2000,3721.6000,3722.0000,3722.8000,3724.4000,1,2,2,1,1,1,2,1,1,1
SF,IF2005,2020-04-13 09:36:58.600,3721.4000,10239,0,590890800.000,0,-,-,-,-,3721.2000,3720.0000,3719.8000,3719.6000,3719.0000,3721.6000,3722.0000,3722.8000,3724.4000,3725.0000,1,1,2,2,1,2,1,1,1,1
SF,IF2005,2020-04-13 09:36:59.100,3721.2000,10239,0,593123520.000,2,1,1,多换,S,3720.0000,3719.8000,3719.6000,3719.0000,3718.6000,3721.4000,3721.6000,3722.8000,3724.4000,3725.0000,1,2,2,1,1,1,2,1,1,1
SF,IF2005,2020-04-13 09:36:59.600,3721.4000,10239,0,594239940.000,1,0,1,多换,S,3720.0000,3719.6000,3719.0000,3718.6000,3718.2000,3721.6000,3722.8000,3724.4000,3725.0000,3726.6000,1,2,1,1,1,2,1,1,1,6
SF,IF2005,2020-04-13 09:37:00.100,3721.4000,10239,0,594239940.000,0,-,-,-,-,3720.0000,3719.6000,3719.0000,3718.6000,3718.2000,3721.4000,3721.6000,3722.8000,3724.4000,3725.0000,1,1,1,1,1,2,2,1,1,1
SF,IF2005,2020-04-13 09:37:00.600,3721.4000,10239,0,594239940.000,0,-,-,-,-,3720.0000,3719.6000,3719.0000,3718.6000,3718.2000,3721.2000,3721.4000,3721.6000,3722.8000,3724.4000,1,1,1,1,1,2,4,2,1,1
SF,IF2005,2020-04-13 09:37:01.100,3721.4000,10239,0,594239940.000,0,-,-,-,-,3720.0000,3719.6000,3719.0000,3718.6000,3718.2000,3721.0000,3721.4000,3721.6000,3722.8000,3724.4000,1,1,1,1,1,3,1,2,1,1
SF,IF2005,2020-04-13 09:37:01.600,3721.4000,10239,0,594239940.000,0,-,-,-,-,3720.0000,3719.6000,3719.0000,3718.6000,3718.2000,3721.0000,3721.6000,3722.8000,3724.4000,3725.0000,1,1,1,1,1,3,2,1,1,1
SF,IF2005,2020-04-13 09:37:02.100,3721.4000,10239,0,594239940.000,0,-,-,-,-,3720.0000,3719.6000,3719.0000,3718.6000,3718.2000,3721.0000,3721.4000,3721.6000,3722.8000,3724.4000,1,1,1,1,1,3,1,1,1,1
SF,IF2005,2020-04-13 09:37:03.100,3721.0000,10238,-1,595356240.000,1,0,1,双平,S,3720.2000,3720.0000,3719.6000,3719.0000,3718.6000,3721.0000,3721.4000,3721.6000,3722.8000,3724.4000,1,1,1,1,1,2,1,1,1,1
SF,IF2005,2020-04-13 09:37:04.100,3721.0000,10238,0,595356240.000,0,-,-,-,-,3721.0000,3720.2000,3720.0000,3719.6000,3719.0000,3721.4000,3721.6000,3722.8000,3724.4000,3725.0000,1,1,1,1,1,1,1,1,1,1
SF,IF2005,2020-04-13 09:37:04.600,3721.0000,10238,0,596472540.000,1,0,1,多换,S,3720.2000,3720.0000,3719.6000,3719.0000,3718.6000,3721.2000,3721.4000,3721.6000,3722.8000,3724.4000,1,1,1,1,1,1,2,1,1,1
SF,IF2005,2020-04-13 09:37:05.100,3721.0000,10238,0,596472540.000,0,-,-,-,-,3720.2000,3720.0000,3719.6000,3719.0000,3718.6000,3721.0000,3721.2000,3721.4000,3721.6000,3722.8000,1,1,1,1,1,2,1,2,1,1
SF,IF2005,2020-04-13 09:37:05.600,3720.2000,10238,0,597588600.000,1,0,1,多换,S,3719.6000,3719.0000,3718.6000,3718.2000,3718.0000,3720.8000,3721.4000,3721.6000,3722.8000,3724.4000,1,1,1,1,1,3,2,1,1,1
SF,IF2005,2020-04-13 09:37:06.100,3720.8000,10238,0,598704840.000,1,0,1,多换,S,3721.0000,3719.8000,3719.0000,3718.6000,3718.2000,3721.4000,3721.6000,3722.8000,3724.4000,3725.0000,1,1,1,1,1,1,1,1,1,1
SF,IF2005,2020-04-13 09:37:06.600,3720.8000,10238,0,599821080.000,1,0,1,多换,S,3719.8000,3719.2000,3718.6000,3718.2000,3718.0000,3721.4000,3721.6000,3722.8000,3724.4000,3725.0000,1,1,1,1,1,2,2,1,1,1
SF,IF2005,2020-04-13 09:37:07.100,3720.8000,10238,0,599821080.000,0,-,-,-,-,3720.0000,3719.8000,3719.2000,3718.6000,3718.2000,3721.6000,3722.8000,3724.4000,3725.0000,3726.6000,1,1,1,1,1,1,1,1,1,6
SF,IF2005,2020-04-13 09:37:07.600,3720.8000,10238,0,599821080.000,0,-,-,-,-,3720.2000,3720.0000,3719.2000,3718.6000,3718.2000,3721.2000,3721.6000,3722.8000,3724.4000,3725.0000,1,1,1,1,1,1,1,1,1,1
SF,IF2005,2020-04-13 09:37:08.100,3721.2000,10238,0,600937440.000,1,0,1,多换,S,3721.2000,3720.4000,3720.2000,3720.0000,3719.2000,3721.6000,3722.8000,3724.4000,3725.0000,3726.6000,1,1,1,1,1,1,1,1,1,6
SF,IF2005,2020-04-13 09:37:08.600,3721.2000,10238,0,600937440.000,0,-,-,-,-,3720.4000,3720.2000,3719.2000,3719.0000,3718.6000,3721.2000,3721.6000,3722.8000,3724.4000,3725.0000,1,1,1,2,1,1,1,1,1,1
SF,IF2005,2020-04-13 09:37:09.100,3721.2000,10240,2,604286640.000,3,2,1,空开,S,3721.2000,3720.2000,3719.2000,3719.0000,3718.6000,3722.8000,3724.4000,3725.0000,3726.6000,3727.0000,1,1,1,2,1,1,1,1,6,5
SF,IF2005,2020-04-13 09:37:09.600,3721.2000,10240,0,604286640.000,0,-,-,-,-,3720.2000,3719.2000,3718.6000,3718.2000,3717.8000,3721.2000,3722.6000,3722.8000,3724.4000,3725.0000,1,1,1,1,1,1,7,1,1,1
SF,IF2005,2020-04-13 09:37:10.100,3721.2000,10242,2,606519360.000,2,2,0,双开,S,3721.2000,3720.2000,3719.2000,3718.6000,3718.2000,3722.4000,3722.6000,3722.8000,3724.4000,3725.0000,1,1,1,1,1,1,4,1,1,1
SF,IF2005,2020-04-13 09:37:10.600,3720.2000,10242,0,608751780.000,2,1,1,多换,S,3719.2000,3718.6000,3718.2000,3717.8000,3717.6000,3722.2000,3722.4000,3722.6000,3722.8000,3724.4000,1,1,1,1,3,4,1,2,1,1
SF,IF2005,2020-04-13 09:37:11.100,3720.2000,10242,0,608751780.000,0,-,-,-,-,3719.4000,3719.2000,3718.6000,3718.2000,3717.8000,3722.0000,3722.2000,3722.4000,3722.6000,3722.8000,3,1,1,1,1,2,2,1,2,1
SF,IF2005,2020-04-13 09:37:11.600,3720.2000,10242,0,608751780.000,0,-,-,-,-,3719.4000,3719.2000,3718.6000,3718.2000,3717.8000,3721.4000,3721.6000,3721.8000,3722.0000,3722.2000,1,1,1,1,1,1,2,3,1,1
SF,IF2005,2020-04-13 09:37:12.100,3720.2000,10242,0,608751780.000,0,-,-,-,-,3719.4000,3719.2000,3718.6000,3718.2000,3717.8000,3721.2000,3721.4000,3721.6000,3721.8000,3722.2000,1,1,1,1,1,3,1,4,4,1
SF,IF2005,2020-04-13 09:37:12.600,3720.2000,10242,0,608751780.000,0,-,-,-,-,3719.4000,3719.2000,3718.6000,3718.2000,3717.8000,3720.8000,3721.2000,3721.4000,3721.6000,3721.8000,1,1,1,1,1,2,2,1,1,4
SF,IF2005,2020-04-13 09:37:13.100,3720.2000,10242,0,608751780.000,0,-,-,-,-,3719.4000,3719.2000,3718.6000,3718.2000,3717.8000,3720.6000,3720.8000,3721.2000,3721.4000,3721.6000,1,1,1,1,1,1,3,1,1,1
SF,IF2005,2020-04-13 09:37:13.600,3720.6000,10242,0,609867960.000,1,0,1,多换,S,3719.4000,3719.2000,3718.6000,3718.2000,3717.8000,3720.8000,3721.4000,3721.6000,3721.8000,3722.2000,1,1,1,1,1,2,1,1,2,1
SF,IF2005,2020-04-13 09:37:14.100,3720.6000,10242,0,609867960.000,0,-,-,-,-,3719.4000,3719.2000,3718.6000,3718.2000,3717.8000,3720.6000,3720.8000,3721.4000,3721.6000,3721.8000,1,1,1,1,1,1,2,1,1,1
SF,IF2005,2020-04-13 09:37:14.600,3720.6000,10242,0,609867960.000,0,-,-,-,-,3719.4000,3719.2000,3718.6000,3718.2000,3717.8000,3721.8000,3722.2000,3722.6000,3722.8000,3724.4000,1,1,1,1,1,1,1,2,1,1
SF,IF2005,2020-04-13 09:37:15.100,3720.6000,10242,0,609867960.000,0,-,-,-,-,3719.4000,3719.2000,3718.6000,3718.2000,3717.8000,3721.4000,3721.6000,3721.8000,3722.2000,3722.8000,1,1,1,1,1,2,4,2,1,1
SF,IF2005,2020-04-13 09:37:15.600,3720.6000,10242,0,609867960.000,0,-,-,-,-,3719.4000,3719.2000,3718.6000,3718.2000,3717.8000,3721.2000,3721.4000,3721.8000,3722.2000,3722.8000,1,1,1,1,1,1,2,2,1,1
SF,IF2005,2020-04-13 09:37:16.100,3720.6000,10242,0,609867960.000,0,-,-,-,-,3719.4000,3719.2000,3718.6000,3718.2000,3717.8000,3721.2000,3721.4000,3721.8000,3722.2000,3722.8000,1,1,1,1,1,1,1,2,1,1
SF,IF2005,2020-04-13 09:37:16.600,3720.6000,10242,0,609867960.000,0,-,-,-,-,3719.4000,3719.2000,3718.6000,3718.2000,3717.8000,3721.0000,3721.2000,3721.4000,3721.8000,3722.2000,1,1,1,1,1,1,1,1,2,1
SF,IF2005,2020-04-13 09:37:17.100,3721.0000,10242,0,610984260.000,1,0,1,多换,S,3719.6000,3719.4000,3719.2000,3718.6000,3718.2000,3721.2000,3721.8000,3722.2000,3722.8000,3724.4000,1,1,1,1,1,1,1,1,1,1
SF,IF2005,2020-04-13 09:37:17.600,3721.0000,10242,0,610984260.000,0,-,-,-,-,3719.8000,3719.6000,3719.2000,3718.6000,3718.2000,3721.2000,3721.8000,3722.2000,3722.8000,3724.4000,1,1,1,1,1,1,1,1,1,1
SF,IF2005,2020-04-13 09:37:18.100,3721.0000,10242,0,610984260.000,0,-,-,-,-,3719.8000,3719.6000,3719.2000,3718.6000,3718.2000,3721.2000,3721.8000,3722.2000,3722.8000,3724.4000,1,1,1,1,3,1,1,1,1,1
SF,IF2005,2020-04-13 09:37:19.100,3721.0000,10242,0,610984260.000,0,-,-,-,-,3719.8000,3719.6000,3719.2000,3718.6000,3718.2000,3721.2000,3721.8000,3722.2000,3722.8000,3724.4000,1,1,1,1,1,1,1,1,1,1
SF,IF2005,2020-04-13 09:37:19.600,3721.0000,10242,0,610984260.000,0,-,-,-,-,3719.8000,3719.6000,3719.2000,3718.2000,3717.8000,3721.2000,3721.8000,3722.2000,3722.8000,3724.4000,1,1,1,1,1,1,1,1,1,1
SF,IF2005,2020-04-13 09:37:20.100,3721.2000,10241,-1,612100620.000,1,0,1,双平,S,3719.8000,3719.6000,3719.2000,3718.2000,3717.8000,3721.8000,3722.2000,3722.8000,3724.4000,3725.0000,1,1,1,1,1,1,1,1,1,1
SF,IF2005,2020-04-13 09:37:20.600,3721.2000,10241,0,612100620.000,0,-,-,-,-,3721.2000,3720.0000,3719.8000,3719.6000,3719.2000,3722.2000,3722.8000,3724.4000,3725.0000,3726.6000,1,5,1,1,1,1,1,1,1,6
SF,IF2005,2020-04-13 09:37:21.100,3721.2000,10241,0,612100620.000,0,-,-,-,-,3720.0000,3719.8000,3719.6000,3719.2000,3718.2000,3722.2000,3722.8000,3724.4000,3725.0000,3726.6000,5,1,1,1,1,1,1,1,1,6
SF,IF2005,2020-04-13 09:37:21.600,3721.2000,10241,0,612100620.000,0,-,-,-,-,3720.2000,3720.0000,3719.6000,3719.2000,3718.2000,3722.0000,3722.2000,3722.8000,3724.4000,3725.0000,1,4,1,1,1,1,1,1,1,1
SF,IF2005,2020-04-13 09:37:22.100,3721.2000,10241,0,612100620.000,0,-,-,-,-,3720.2000,3720.0000,3719.6000,3719.2000,3718.2000,3722.0000,3722.2000,3722.8000,3724.4000,3725.0000,1,4,1,1,1,1,1,1,1,1
SF,IF2005,2020-04-13 09:37:22.600,3721.2000,10241,0,612100620.000,0,-,-,-,-,3720.2000,3720.0000,3719.6000,3719.2000,3718.2000,3722.0000,3722.2000,3722.8000,3724.4000,3725.0000,1,4,1,1,1,6,1,1,1,1
SF,IF2005,2020-04-13 09:37:23.100,3721.2000,10241,0,612100620.000,0,-,-,-,-,3720.2000,3720.0000,3719.6000,3719.2000,3718.2000,3722.0000,3722.2000,3722.8000,3724.4000,3725.0000,1,4,1,1,5,6,1,1,1,1
SF,IF2005,2020-04-13 09:37:24.600,3721.2000,10241,0,612100620.000,0,-,-,-,-,3720.4000,3720.2000,3720.0000,3719.6000,3719.2000,3722.0000,3722.2000,3722.8000,3724.4000,3725.0000,2,1,2,1,1,6,1,1,1,1
SF,IF2005,2020-04-13 09:37:25.100,3721.2000,10241,0,612100620.000,0,-,-,-,-,3720.6000,3720.0000,3719.6000,3719.2000,3718.2000,3722.0000,3722.2000,3722.8000,3724.4000,3725.0000,1,2,1,1,5,6,1,1,1,1
SF,IF2005,2020-04-13 09:37:25.600,3721.2000,10241,0,612100620.000,0,-,-,-,-,3720.6000,3720.0000,3719.6000,3719.2000,3718.2000,3722.0000,3722.2000,3722.8000,3724.4000,3725.0000,1,2,1,1,5,6,1,1,1,1
SF,IF2005,2020-04-13 09:37:26.100,3721.2000,10241,0,612100620.000,0,-,-,-,-,3720.6000,3720.0000,3719.6000,3719.2000,3718.2000,3722.0000,3722.2000,3722.8000,3724.4000,3725.0000,1,2,1,1,1,6,1,1,1,1
SF,IF2005,2020-04-13 09:37:27.100,3721.2000,10241,0,612100620.000,0,-,-,-,-,3720.6000,3720.0000,3719.6000,3719.2000,3718.2000,3722.0000,3722.8000,3724.4000,3725.0000,3726.6000,1,2,1,1,1,6,1,1,1,6
SF,IF2005,2020-04-13 09:37:27.600,3720.6000,10241,0,613216800.000,1,0,1,多换,S,3720.0000,3719.6000,3719.2000,3718.2000,3717.8000,3722.0000,3722.8000,3724.4000,3725.0000,3726.6000,2,1,1,1,1,6,1,1,1,6
SF,IF2005,2020-04-13 09:37:28.100,3722.0000,10241,0,616566600.000,3,1,2,多换,S,3720.2000,3720.0000,3719.6000,3719.2000,3718.2000,3722.0000,3722.8000,3724.4000,3725.0000,3726.6000,5,2,1,1,1,3,1,1,1,6
SF,IF2005,2020-04-13 09:37:28.600,3722.0000,10241,0,616566600.000,0,-,-,-,-,3720.6000,3720.2000,3720.0000,3719.6000,3719.2000,3721.8000,3722.0000,3722.8000,3724.4000,3725.0000,1,3,2,1,1,1,3,1,1,1
SF,IF2005,2020-04-13 09:37:29.100,3722.0000,10241,0,617683200.000,1,0,1,多换,S,3720.8000,3720.6000,3720.4000,3720.2000,3720.0000,3722.0000,3722.8000,3724.4000,3725.0000,3726.6000,1,1,3,2,2,3,1,1,1,6
SF,IF2005,2020-04-13 09:37:29.600,3722.0000,10241,0,617683200.000,0,-,-,-,-,3720.8000,3720.4000,3720.2000,3720.0000,3719.6000,3721.6000,3721.8000,3722.0000,3722.8000,3724.4000,1,3,2,1,1,1,2,3,1,1
SF,IF2005,2020-04-13 09:37:30.100,3722.0000,10241,0,617683200.000,0,-,-,-,-,3720.8000,3720.4000,3720.2000,3720.0000,3719.6000,3722.0000,3722.8000,3724.4000,3725.0000,3726.6000,1,3,2,1,1,3,1,1,1,6
SF,IF2005,2020-04-13 09:37:30.600,3722.0000,10241,0,617683200.000,0,-,-,-,-,3721.6000,3720.8000,3720.2000,3720.0000,3719.2000,3721.8000,3722.0000,3722.8000,3724.4000,3725.0000,1,1,2,1,1,2,3,1,1,1
SF,IF2005,2020-04-13 09:37:31.100,3722.0000,10241,0,617683200.000,0,-,-,-,-,3721.6000,3721.0000,3720.8000,3720.2000,3720.0000,3722.0000,3724.4000,3725.0000,3726.6000,3727.0000,1,2,1,2,1,3,1,1,6,5
SF,IF2005,2020-04-13 09:37:31.600,3721.6000,10242,1,618799680.000,1,1,0,双开,S,3721.0000,3720.8000,3720.2000,3720.0000,3719.2000,3722.0000,3724.4000,3725.0000,3726.6000,3727.0000,2,1,2,1,1,3,1,1,6,5
SF,IF2005,2020-04-13 09:37:32.100,3722.0000,10242,0,619916280.000,1,0,1,多换,S,3721.2000,3721.0000,3720.2000,3720.0000,3719.2000,3722.0000,3724.4000,3725.0000,3726.6000,3727.0000,1,2,2,1,1,2,1,1,6,5
SF,IF2005,2020-04-13 09:37:32.600,3722.0000,10243,1,621032880.000,1,1,0,双开,S,3721.2000,3720.2000,3720.0000,3719.2000,3718.2000,3721.8000,3722.0000,3724.4000,3725.0000,3726.6000,1,2,1,1,1,1,2,1,1,6
SF,IF2005,2020-04-13 09:37:33.600,3721.8000,10244,1,622149420.000,1,1,0,双开,S,3721.8000,3721.2000,3720.2000,3720.0000,3719.2000,3722.0000,3724.4000,3725.0000,3726.6000,3727.0000,1,1,2,1,1,2,1,1,6,5
SF,IF2005,2020-04-13 09:37:34.100,3721.8000,10244,0,622149420.000,0,-,-,-,-,3721.8000,3721.2000,3720.2000,3720.0000,3719.2000,3722.0000,3722.2000,3724.4000,3725.0000,3726.6000,1,1,2,1,1,2,1,1,1,6
SF,IF2005,2020-04-13 09:37:36.600,3721.8000,10244,0,622149420.000,0,-,-,-,-,3721.2000,3720.2000,3720.0000,3719.2000,3718.2000,3722.0000,3722.2000,3724.4000,3725.0000,3726.6000,1,2,1,1,1,2,1,1,1,6
SF,IF2005,2020-04-13 09:37:37.100,3721.8000,10244,0,622149420.000,0,-,-,-,-,3721.2000,3720.2000,3720.0000,3719.2000,3718.2000,3722.0000,3722.2000,3724.4000,3725.0000,3726.6000,1,2,2,1,1,2,1,1,1,6
SF,IF2005,2020-04-13 09:37:38.600,3722.0000,10244,0,624382620.000,2,1,1,多换,S,3722.0000,3721.2000,3720.2000,3720.0000,3719.2000,3722.2000,3724.4000,3725.0000,3726.6000,3727.0000,1,1,2,2,1,1,1,1,6,5
SF,IF2005,2020-04-13 09:37:39.600,3722.0000,10244,0,625499220.000,1,0,1,多换,S,3721.2000,3721.0000,3720.0000,3718.2000,3717.8000,3722.0000,3722.2000,3724.4000,3725.0000,3726.6000,1,1,2,1,1,1,1,1,1,6
SF,IF2005,2020-04-13 09:37:40.600,3722.0000,10244,0,625499220.000,0,-,-,-,-,3721.4000,3721.2000,3721.0000,3720.0000,3718.2000,3722.0000,3722.2000,3724.4000,3725.0000,3726.6000,1,1,1,2,1,1,1,1,1,6
SF,IF2005,2020-04-13 09:37:41.100,3722.0000,10245,1,626615820.000,1,1,0,双开,S,3722.0000,3721.4000,3721.2000,3721.0000,3720.0000,3722.2000,3724.4000,3725.0000,3726.6000,3727.0000,1,1,1,1,2,1,1,1,6,5
SF,IF2005,2020-04-13 09:37:41.600,3722.0000,10245,0,626615820.000,0,-,-,-,-,3721.4000,3721.2000,3721.0000,3720.0000,3718.2000,3722.2000,3724.4000,3725.0000,3726.6000,3727.0000,1,1,1,2,1,1,1,1,6,5
SF,IF2005,2020-04-13 09:37:42.100,3722.2000,10245,0,627732480.000,1,0,1,多换,S,3721.4000,3721.2000,3721.0000,3720.0000,3718.2000,3724.4000,3725.0000,3726.6000,3727.0000,3729.2000,1,1,1,2,1,1,1,6,5,3
SF,IF2005,2020-04-13 09:37:42.600,3722.2000,10245,0,627732480.000,0,-,-,-,-,3722.2000,3721.6000,3721.4000,3721.0000,3720.0000,3724.0000,3724.2000,3724.4000,3725.0000,3726.6000,1,3,2,1,1,1,4,1,1,6
SF,IF2005,2020-04-13 09:37:43.100,3722.2000,10245,0,627732480.000,0,-,-,-,-,3722.4000,3722.2000,3722.0000,3721.6000,3721.0000,3723.6000,3723.8000,3724.0000,3724.2000,3724.4000,1,1,1,2,1,1,2,4,3,1
SF,IF2005,2020-04-13 09:37:43.600,3722.2000,10245,0,627732480.000,0,-,-,-,-,3722.2000,3721.6000,3721.0000,3720.0000,3718.2000,3723.4000,3723.6000,3723.8000,3724.0000,3724.2000,1,1,1,1,1,2,1,4,2,1
SF,IF2005,2020-04-13 09:37:44.100,3722.2000,10245,0,627732480.000,0,-,-,-,-,3722.2000,3721.6000,3721.0000,3720.0000,3718.2000,3723.0000,3723.4000,3723.6000,3723.8000,3724.2000,1,1,1,1,1,2,3,1,4,1
SF,IF2005,2020-04-13 09:37:44.600,3722.2000,10245,0,627732480.000,0,-,-,-,-,3722.2000,3722.0000,3721.6000,3721.0000,3720.0000,3723.4000,3723.6000,3723.8000,3724.4000,3725.0000,1,1,1,1,1,3,1,4,1,1
SF,IF2005,2020-04-13 09:37:45.600,3722.2000,10245,0,627732480.000,0,-,-,-,-,3722.2000,3722.0000,3721.6000,3721.0000,3720.0000,3723.4000,3723.6000,3723.8000,3724.4000,3725.0000,1,1,1,1,1,2,1,4,1,1
SF,IF2005,2020-04-13 09:37:46.100,3722.2000,10245,0,627732480.000,0,-,-,-,-,3722.0000,3721.0000,3720.0000,3718.4000,3718.2000,3723.4000,3723.6000,3723.8000,3724.4000,3725.0000,1,1,1,1,1,1,1,2,1,1
SF,IF2005,2020-04-13 09:37:46.600,3722.2000,10245,0,627732480.000,0,-,-,-,-,3722.0000,3721.0000,3720.0000,3718.4000,3718.2000,3723.0000,3723.4000,3723.6000,3723.8000,3724.4000,1,1,1,1,1,2,1,1,2,1
SF,IF2005,2020-04-13 09:37:47.100,3722.2000,10245,0,627732480.000,0,-,-,-,-,3722.0000,3721.0000,3720.0000,3718.4000,3718.2000,3723.4000,3723.6000,3723.8000,3724.4000,3725.0000,1,1,1,1,1,1,1,2,1,1
SF,IF2005,2020-04-13 09:37:48.100,3722.2000,10245,0,627732480.000,0,-,-,-,-,3722.0000,3721.0000,3720.0000,3718.4000,3718.2000,3723.0000,3723.4000,3723.6000,3723.8000,3724.4000,1,1,1,1,1,2,1,1,2,1
SF,IF2005,2020-04-13 09:37:48.600,3722.2000,10245,0,627732480.000,0,-,-,-,-,3722.0000,3721.0000,3720.0000,3718.4000,3718.2000,3723.4000,3723.8000,3724.4000,3725.0000,3726.6000,1,1,3,1,1,1,2,1,1,6
SF,IF2005,2020-04-13 09:37:49.100,3722.2000,10245,0,627732480.000,0,-,-,-,-,3722.2000,3722.0000,3721.0000,3720.0000,3718.4000,3723.4000,3723.8000,3724.4000,3725.0000,3726.6000,1,1,1,3,1,1,2,1,1,6
SF,IF2005,2020-04-13 09:37:49.600,3722.2000,10244,-1,628849140.000,1,0,1,双平,S,3722.0000,3721.0000,3720.0000,3718.4000,3718.2000,3722.2000,3723.0000,3723.4000,3723.8000,3724.4000,1,1,3,1,1,1,2,1,2,1
SF,IF2005,2020-04-13 09:37:50.100,3722.2000,10244,0,629965800.000,1,0,1,多换,S,3722.4000,3722.2000,3722.0000,3721.0000,3720.0000,3723.4000,3723.8000,3724.4000,3725.0000,3726.6000,1,1,1,1,3,1,2,1,1,6
SF,IF2005,2020-04-13 09:37:50.600,3722.2000,10244,0,629965800.000,0,-,-,-,-,3722.0000,3721.0000,3720.0000,3718.4000,3718.2000,3723.4000,3723.8000,3724.4000,3725.0000,3726.6000,1,1,3,1,1,1,2,1,1,6
SF,IF2005,2020-04-13 09:37:51.100,3722.2000,10244,0,629965800.000,0,-,-,-,-,3722.2000,3722.0000,3721.0000,3720.0000,3718.4000,3723.4000,3723.8000,3724.4000,3725.0000,3726.6000,1,1,1,5,1,1,1,1,1,6
SF,IF2005,2020-04-13 09:37:51.600,3722.2000,10244,0,629965800.000,0,-,-,-,-,3722.4000,3722.2000,3722.0000,3721.0000,3720.0000,3723.4000,3723.8000,3724.4000,3725.0000,3726.6000,1,1,1,1,9,1,1,1,1,6
SF,IF2005,2020-04-13 09:37:52.100,3722.2000,10244,0,629965800.000,0,-,-,-,-,3722.4000,3722.2000,3722.0000,3721.0000,3720.0000,3723.4000,3723.8000,3724.4000,3725.0000,3726.6000,2,1,1,1,9,1,1,1,1,6
SF,IF2005,2020-04-13 09:37:52.600,3722.2000,10244,0,631082460.000,1,0,1,多换,S,3722.4000,3722.2000,3722.0000,3721.0000,3720.0000,3723.4000,3723.8000,3724.4000,3725.0000,3726.6000,1,1,1,1,9,1,1,1,1,6
SF,IF2005,2020-04-13 09:37:53.100,3723.4000,10244,0,632199480.000,1,0,1,多换,S,3723.4000,3722.4000,3722.2000,3722.0000,3721.0000,3723.8000,3724.4000,3725.0000,3726.6000,3727.0000,1,1,1,1,1,1,1,1,6,5
SF,IF2005,2020-04-13 09:37:53.600,3723.4000,10244,0,633316500.000,1,0,1,多换,S,3723.4000,3722.2000,3722.0000,3721.0000,3720.0000,3723.8000,3724.4000,3725.0000,3726.6000,3727.0000,1,1,1,1,9,1,1,1,6,5
SF,IF2005,2020-04-13 09:37:54.100,3723.4000,10244,0,634433520.000,1,0,1,多换,S,3722.2000,3722.0000,3721.0000,3720.0000,3718.4000,3723.8000,3724.4000,3725.0000,3726.6000,3727.0000,1,1,1,9,1,1,1,1,6,5
SF,IF2005,2020-04-13 09:37:54.600,3723.4000,10244,0,634433520.000,0,-,-,-,-,3722.2000,3722.0000,3721.0000,3720.0000,3718.4000,3723.6000,3723.8000,3724.4000,3725.0000,3726.6000,1,1,1,9,1,1,1,1,1,6
SF,IF2005,2020-04-13 09:37:55.100,3723.4000,10244,0,634433520.000,0,-,-,-,-,3722.2000,3722.0000,3721.0000,3720.0000,3718.4000,3723.2000,3723.4000,3723.6000,3723.8000,3724.0000,1,1,1,11,1,1,3,1,1,1
SF,IF2005,2020-04-13 09:37:55.600,3723.4000,10244,0,634433520.000,0,-,-,-,-,3722.0000,3721.0000,3720.0000,3718.4000,3718.2000,3722.2000,3722.8000,3723.0000,3723.2000,3723.4000,1,1,7,1,1,1,2,1,1,1
SF,IF2005,2020-04-13 09:37:56.100,3722.2000,10245,1,635550180.000,1,1,0,双开,S,3722.2000,3722.0000,3721.0000,3720.0000,3718.4000,3723.0000,3723.4000,3723.8000,3724.4000,3725.0000,1,1,1,7,1,1,1,1,1,2
SF,IF2005,2020-04-13 09:37:56.600,3722.2000,10245,0,635550180.000,0,-,-,-,-,3722.0000,3721.0000,3720.0000,3718.4000,3718.2000,3723.0000,3723.4000,3723.8000,3724.4000,3725.0000,1,1,7,1,1,1,1,1,1,2
SF,IF2005,2020-04-13 09:37:57.600,3723.0000,10245,0,636667080.000,1,0,1,多换,S,3723.0000,3722.4000,3722.0000,3721.0000,3720.0000,3723.4000,3723.8000,3724.4000,3725.0000,3726.6000,1,2,1,1,7,1,1,1,2,6
SF,IF2005,2020-04-13 09:37:58.100,3723.0000,10245,0,636667080.000,0,-,-,-,-,3723.0000,3722.4000,3722.0000,3721.0000,3720.0000,3723.4000,3723.8000,3724.4000,3725.0000,3726.6000,1,2,1,1,7,1,1,1,2,6
SF,IF2005,2020-04-13 09:37:58.600,3723.0000,10245,0,637783980.000,1,0,1,多换,S,3722.4000,3722.0000,3721.0000,3720.0000,3718.4000,3723.4000,3723.8000,3724.4000,3725.0000,3726.6000,2,1,1,7,1,1,1,1,2,6
SF,IF2005,2020-04-13 09:37:59.100,3723.0000,10245,0,637783980.000,0,-,-,-,-,3722.4000,3722.0000,3721.0000,3720.0000,3718.4000,3723.8000,3724.4000,3725.0000,3726.6000,3727.0000,2,1,1,7,1,1,1,2,6,5
SF,IF2005,2020-04-13 09:37:59.600,3722.4000,10245,0,640017480.000,2,1,1,多换,S,3722.4000,3722.0000,3721.0000,3720.0000,3718.4000,3723.6000,3723.8000,3724.4000,3725.0000,3726.6000,2,1,1,7,1,1,1,1,2,6
SF,IF2005,2020-04-13 09:38:00.100,3722.4000,10245,0,641134200.000,1,0,1,多换,S,3722.4000,3722.0000,3721.0000,3720.0000,3718.4000,3723.4000,3723.6000,3723.8000,3724.4000,3725.0000,1,1,1,7,1,3,1,1,1,2
SF,IF2005,2020-04-13 09:38:00.600,3722.4000,10246,1,642250920.000,1,1,0,双开,S,3722.0000,3721.0000,3720.0000,3718.4000,3718.2000,3723.0000,3723.4000,3723.6000,3723.8000,3724.4000,1,1,7,1,1,2,1,1,1,1
SF,IF2005,2020-04-13 09:38:01.100,3722.4000,10246,0,642250920.000,0,-,-,-,-,3723.0000,3722.2000,3722.0000,3721.0000,3720.0000,3723.6000,3723.8000,3724.4000,3725.0000,3726.6000,1,2,1,1,7,1,1,1,2,6
SF,IF2005,2020-04-13 09:38:01.600,3723.0000,10246,0,643367820.000,1,0,1,多换,S,3722.2000,3722.0000,3721.0000,3720.0000,3718.4000,3723.4000,3723.6000,3723.8000,3724.4000,3725.0000,1,1,1,7,1,1,1,1,1,2
SF,IF2005,2020-04-13 09:38:02.100,3723.0000,10246,0,643367820.000,0,-,-,-,-,3722.0000,3721.0000,3720.0000,3718.4000,3718.2000,3723.2000,3723.4000,3723.8000,3724.4000,3725.0000,1,1,7,1,1,3,1,1,1,2
SF,IF2005,2020-04-13 09:38:02.600,3723.0000,10246,0,643367820.000,0,-,-,-,-,3722.0000,3721.0000,3720.0000,3718.4000,3718.2000,3723.0000,3723.2000,3723.4000,3723.8000,3724.4000,1,1,7,1,1,2,3,1,1,1
SF,IF2005,2020-04-13 09:38:03.100,3723.0000,10246,0,643367820.000,0,-,-,-,-,3722.0000,3721.0000,3720.0000,3718.4000,3718.2000,3722.8000,3723.2000,3723.4000,3723.8000,3724.4000,1,1,7,1,1,1,2,1,1,1
SF,IF2005,2020-04-13 09:38:03.600,3723.0000,10246,0,643367820.000,0,-,-,-,-,3722.0000,3721.0000,3720.0000,3718.4000,3718.2000,3722.8000,3723.2000,3723.4000,3723.8000,3724.4000,1,1,7,1,1,1,1,1,1,1
SF,IF2005,2020-04-13 09:38:04.100,3723.0000,10246,0,643367820.000,0,-,-,-,-,3722.0000,3721.0000,3720.0000,3718.4000,3718.2000,3722.8000,3723.2000,3723.4000,3723.6000,3723.8000,1,1,7,1,1,1,1,1,1,1
SF,IF2005,2020-04-13 09:38:06.100,3722.0000,10246,0,644484420.000,1,0,1,多换,S,3721.0000,3720.0000,3718.4000,3718.2000,3717.8000,3722.8000,3723.2000,3723.4000,3723.6000,3723.8000,1,7,1,1,1,1,1,1,1,1
SF,IF2005,2020-04-13 09:38:06.600,3722.0000,10246,0,644484420.000,0,-,-,-,-,3721.4000,3721.2000,3721.0000,3720.0000,3718.4000,3722.8000,3723.2000,3723.6000,3723.8000,3724.4000,1,1,1,7,1,1,1,1,1,1
SF,IF2005,2020-04-13 09:38:07.100,3722.0000,10246,0,644484420.000,0,-,-,-,-,3721.6000,3721.4000,3721.2000,3721.0000,3720.0000,3722.8000,3723.2000,3723.6000,3723.8000,3724.4000,1,1,1,1,7,1,1,1,1,1
SF,IF2005,2020-04-13 09:38:07.600,3722.0000,10246,0,644484420.000,0,-,-,-,-,3721.8000,3721.6000,3721.2000,3721.0000,3720.0000,3722.8000,3723.2000,3723.6000,3723.8000,3724.4000,1,1,1,1,7,1,1,1,1,1
SF,IF2005,2020-04-13 09:38:08.100,3722.0000,10246,0,644484420.000,0,-,-,-,-,3721.8000,3721.6000,3721.0000,3720.0000,3718.4000,3722.8000,3723.2000,3723.6000,3723.8000,3724.4000,1,1,1,7,1,1,1,1,1,1
SF,IF2005,2020-04-13 09:38:10.600,3722.0000,10246,0,644484420.000,0,-,-,-,-,3721.6000,3721.0000,3720.0000,3718.4000,3718.2000,3722.8000,3723.2000,3723.6000,3723.8000,3724.4000,1,1,27,1,1,1,1,1,1,1
SF,IF2005,2020-04-13 09:38:11.600,3722.0000,10246,0,644484420.000,0,-,-,-,-,3721.6000,3721.0000,3720.0000,3718.4000,3718.2000,3722.6000,3722.8000,3723.2000,3723.6000,3723.8000,1,1,27,1,1,1,1,1,1,1
SF,IF2005,2020-04-13 09:38:12.100,3722.0000,10246,0,644484420.000,0,-,-,-,-,3721.6000,3721.0000,3720.0000,3719.2000,3718.2000,3722.6000,3722.8000,3723.2000,3723.6000,3723.8000,1,1,27,4,1,1,1,1,1,1
SF,IF2005,2020-04-13 09:38:13.600,3722.6000,10247,1,645601200.000,1,1,0,双开,S,3722.6000,3721.6000,3721.0000,3720.0000,3719.2000,3722.8000,3723.2000,3723.6000,3723.8000,3724.4000,1,1,1,27,4,1,1,1,1,1
SF,IF2005,2020-04-13 09:38:14.100,3722.6000,10247,0,646717980.000,1,0,1,多换,S,3721.6000,3721.0000,3720.0000,3719.2000,3718.2000,3722.4000,3722.6000,3722.8000,3723.2000,3723.6000,1,1,27,4,1,1,3,1,1,1
SF,IF2005,2020-04-13 09:38:14.600,3722.6000,10247,0,646717980.000,0,-,-,-,-,3722.4000,3721.6000,3721.0000,3720.0000,3719.2000,3722.6000,3722.8000,3723.2000,3723.6000,3723.8000,1,1,1,27,4,1,1,1,1,1
SF,IF2005,2020-04-13 09:38:15.100,3721.6000,10247,0,648951180.000,2,1,1,多换,S,3721.0000,3720.0000,3719.2000,3718.2000,3717.8000,3722.2000,3722.4000,3722.6000,3722.8000,3723.2000,1,27,4,1,1,1,3,1,1,1
SF,IF2005,2020-04-13 09:38:15.600,3721.6000,10247,0,648951180.000,0,-,-,-,-,3721.0000,3720.0000,3719.2000,3718.2000,3717.8000,3721.8000,3722.0000,3722.6000,3723.2000,3723.6000,1,27,4,1,1,1,1,1,1,1
SF,IF2005,2020-04-13 09:38:16.100,3721.6000,10247,0,648951180.000,0,-,-,-,-,3721.0000,3720.0000,3719.2000,3718.2000,3717.8000,3721.8000,3722.0000,3722.6000,3723.2000,3723.6000,1,27,4,1,1,3,1,1,1,1
SF,IF2005,2020-04-13 09:38:16.600,3721.6000,10247,0,648951180.000,0,-,-,-,-,3721.0000,3720.0000,3718.2000,3717.8000,3717.6000,3721.8000,3722.0000,3722.6000,3723.2000,3723.6000,1,27,1,1,3,1,1,1,1,1
SF,IF2005,2020-04-13 09:38:17.100,3721.6000,10247,0,648951180.000,0,-,-,-,-,3721.0000,3720.0000,3718.2000,3717.8000,3717.6000,3721.8000,3722.0000,3722.6000,3723.2000,3723.6000,1,27,1,1,3,1,1,1,1,1
SF,IF2005,2020-04-13 09:38:17.600,3721.6000,10247,0,648951180.000,0,-,-,-,-,3721.0000,3720.0000,3718.2000,3717.8000,3717.6000,3721.4000,3721.8000,3722.0000,3722.6000,3723.2000,1,27,1,1,3,2,1,1,1,1
SF,IF2005,2020-04-13 09:38:18.100,3721.6000,10247,0,648951180.000,0,-,-,-,-,3721.0000,3720.0000,3718.2000,3717.8000,3717.6000,3721.8000,3722.0000,3722.6000,3723.2000,3723.6000,1,27,1,1,3,1,1,1,1,1
SF,IF2005,2020-04-13 09:38:19.100,3721.8000,10247,0,650067720.000,1,0,1,多换,S,3721.0000,3720.0000,3718.2000,3717.8000,3717.6000,3722.0000,3722.4000,3723.2000,3723.6000,3723.8000,1,27,1,1,3,1,1,1,1,1
SF,IF2005,2020-04-13 09:38:19.600,3721.8000,10247,0,650067720.000,0,-,-,-,-,3720.0000,3718.2000,3717.8000,3717.6000,3717.4000,3722.0000,3722.4000,3723.2000,3723.6000,3723.8000,27,1,1,3,5,1,1,1,1,1
SF,IF2005,2020-04-13 09:38:20.100,3721.8000,10247,0,650067720.000,0,-,-,-,-,3721.2000,3720.2000,3720.0000,3718.2000,3717.8000,3722.0000,3722.4000,3723.2000,3723.6000,3723.8000,2,4,27,1,1,1,1,1,1,1
SF,IF2005,2020-04-13 09:38:20.600,3721.8000,10247,0,650067720.000,0,-,-,-,-,3721.2000,3720.2000,3720.0000,3718.2000,3717.8000,3722.0000,3722.4000,3723.2000,3723.6000,3723.8000,2,3,27,1,1,1,1,1,1,1
SF,IF2005,2020-04-13 09:38:21.100,3721.8000,10247,0,650067720.000,0,-,-,-,-,3721.2000,3720.2000,3720.0000,3718.2000,3717.8000,3722.4000,3723.2000,3723.6000,3723.8000,3724.4000,1,3,27,1,1,1,1,1,1,1
SF,IF2005,2020-04-13 09:38:21.600,3721.8000,10247,0,650067720.000,0,-,-,-,-,3720.2000,3720.0000,3718.2000,3717.8000,3717.6000,3722.2000,3722.4000,3723.2000,3723.6000,3723.8000,3,27,1,1,3,1,1,1,1,1
SF,IF2005,2020-04-13 09:38:22.100,3721.8000,10247,0,650067720.000,0,-,-,-,-,3720.4000,3720.2000,3720.0000,3718.2000,3717.8000,3722.0000,3722.2000,3722.4000,3723.2000,3723.6000,2,1,27,1,1,3,1,1,1,1
SF,IF2005,2020-04-13 09:38:22.600,3721.8000,10247,0,650067720.000,0,-,-,-,-,3720.6000,3720.4000,3720.0000,3718.2000,3717.8000,3721.8000,3722.0000,3722.4000,3723.2000,3723.6000,1,1,27,1,1,1,1,1,1,1
SF,IF2005,2020-04-13 09:38:23.100,3721.8000,10247,0,650067720.000,0,-,-,-,-,3720.6000,3720.4000,3720.0000,3718.2000,3717.8000,3721.6000,3721.8000,3722.4000,3723.2000,3723.6000,1,1,27,1,1,2,1,1,1,1
SF,IF2005,2020-04-13 09:38:24.100,3721.8000,10247,0,650067720.000,0,-,-,-,-,3720.6000,3720.4000,3720.0000,3718.2000,3717.8000,3721.6000,3721.8000,3723.2000,3723.6000,3723.8000,1,1,27,1,1,2,1,1,1,1
SF,IF2005,2020-04-13 09:38:24.600,3721.8000,10247,0,650067720.000,0,-,-,-,-,3720.6000,3720.4000,3720.0000,3718.2000,3717.8000,3721.6000,3721.8000,3722.2000,3723.2000,3723.6000,1,1,27,1,1,3,1,1,1,1
SF,IF2005,2020-04-13 09:38:25.100,3721.8000,10247,0,650067720.000,0,-,-,-,-,3720.6000,3720.4000,3720.0000,3718.2000,3717.8000,3721.6000,3721.8000,3722.2000,3723.2000,3723.6000,1,1,27,1,1,2,1,1,1,1
SF,IF2005,2020-04-13 09:38:25.600,3721.8000,10247,0,650067720.000,0,-,-,-,-,3720.6000,3720.4000,3720.0000,3718.2000,3717.8000,3721.6000,3721.8000,3722.2000,3723.2000,3723.6000,1,1,27,1,1,2,1,1,1,1
SF,IF2005,2020-04-13 09:38:26.100,3721.8000,10247,0,650067720.000,0,-,-,-,-,3720.6000,3720.4000,3720.0000,3718.2000,3717.8000,3721.6000,3721.8000,3722.2000,3723.2000,3723.6000,1,1,27,1,1,2,1,1,1,1
SF,IF2005,2020-04-13 09:38:26.600,3721.8000,10247,0,650067720.000,0,-,-,-,-,3720.6000,3720.4000,3720.0000,3718.2000,3717.8000,3721.6000,3721.8000,3722.2000,3723.2000,3723.6000,1,1,27,1,1,2,1,1,1,1
SF,IF2005,2020-04-13 09:38:27.100,3721.8000,10247,0,650067720.000,0,-,-,-,-,3720.6000,3720.4000,3720.0000,3718.2000,3717.8000,3721.6000,3721.8000,3722.2000,3723.2000,3723.6000,1,1,27,1,1,2,1,1,1,1
SF,IF2005,2020-04-13 09:38:27.600,3720.6000,10247,0,651183900.000,1,0,1,多换,S,3720.4000,3720.0000,3718.2000,3717.8000,3717.6000,3721.8000,3722.2000,3723.2000,3723.6000,3723.8000,1,27,1,1,3,1,1,1,1,1
SF,IF2005,2020-04-13 09:38:28.100,3720.6000,10247,0,651183900.000,0,-,-,-,-,3720.6000,3720.4000,3720.0000,3718.2000,3717.8000,3721.8000,3722.2000,3723.2000,3723.6000,3723.8000,1,1,27,1,1,1,1,1,1,1
SF,IF2005,2020-04-13 09:38:28.600,3720.6000,10247,0,651183900.000,0,-,-,-,-,3720.6000,3720.4000,3720.0000,3718.2000,3717.8000,3721.4000,3721.8000,3722.2000,3723.2000,3723.6000,1,1,27,1,1,2,1,1,1,1
SF,IF2005,2020-04-13 09:38:29.100,3720.6000,10247,0,651183900.000,0,-,-,-,-,3720.6000,3720.4000,3720.0000,3718.2000,3717.8000,3721.4000,3721.8000,3722.2000,3723.2000,3723.6000,1,1,27,1,1,2,1,1,1,1
SF,IF2005,2020-04-13 09:38:29.600,3720.6000,10247,0,651183900.000,0,-,-,-,-,3720.4000,3720.0000,3718.2000,3717.8000,3717.6000,3721.4000,3721.8000,3722.0000,3723.2000,3723.6000,1,27,1,1,3,3,1,1,1,1
SF,IF2005,2020-04-13 09:38:30.100,3720.4000,10248,1,652300020.000,1,1,0,双开,S,3720.0000,3718.2000,3717.8000,3717.6000,3717.4000,3721.4000,3721.8000,3722.0000,3723.2000,3723.6000,27,1,1,3,5,3,1,1,1,1
SF,IF2005,2020-04-13 09:38:30.600,3720.4000,10248,0,652300020.000,0,-,-,-,-,3720.2000,3720.0000,3718.2000,3717.8000,3717.6000,3721.2000,3721.4000,3722.0000,3723.2000,3723.6000,1,27,1,1,3,1,3,1,1,1
SF,IF2005,2020-04-13 09:38:31.100,3720.4000,10248,0,652300020.000,0,-,-,-,-,3720.2000,3720.0000,3718.2000,3717.8000,3717.6000,3721.2000,3721.4000,3722.0000,3723.2000,3723.6000,1,27,1,1,3,1,3,1,1,1
SF,IF2005,2020-04-13 09:38:31.600,3720.2000,10248,0,653416080.000,1,0,1,多换,S,3720.0000,3718.2000,3717.8000,3717.6000,3717.4000,3721.2000,3721.4000,3722.0000,3723.2000,3723.6000,27,1,1,3,5,1,3,1,1,1
SF,IF2005,2020-04-13 09:38:32.100,3720.2000,10248,0,653416080.000,0,-,-,-,-,3720.2000,3720.0000,3718.2000,3717.8000,3717.6000,3721.4000,3722.0000,3723.2000,3723.6000,3724.4000,1,27,1,1,3,3,1,1,1,1
SF,IF2005,2020-04-13 09:38:32.600,3720.2000,10248,0,653416080.000,0,-,-,-,-,3720.2000,3720.0000,3718.2000,3718.0000,3717.8000,3721.2000,3721.4000,3722.0000,3723.2000,3723.6000,2,27,1,1,1,1,3,1,1,1
SF,IF2005,2020-04-13 09:38:33.100,3720.2000,10247,-1,654532140.000,1,0,1,双平,S,3720.0000,3718.2000,3718.0000,3717.8000,3717.6000,3721.4000,3722.0000,3723.2000,3723.6000,3724.4000,27,1,1,1,3,2,1,1,1,1
SF,IF2005,2020-04-13 09:38:33.600,3720.2000,10247,0,654532140.000,0,-,-,-,-,3720.4000,3720.2000,3720.0000,3718.2000,3718.0000,3721.2000,3721.4000,3722.0000,3723.2000,3723.6000,1,1,27,1,1,2,2,1,1,1
SF,IF2005,2020-04-13 09:38:34.100,3720.2000,10247,0,654532140.000,0,-,-,-,-,3720.4000,3720.2000,3720.0000,3718.2000,3718.0000,3721.2000,3721.4000,3722.0000,3723.2000,3723.6000,1,1,27,1,1,2,2,1,1,1
SF,IF2005,2020-04-13 09:38:34.600,3720.2000,10247,0,654532140.000,0,-,-,-,-,3720.4000,3720.2000,3720.0000,3718.2000,3718.0000,3721.2000,3721.4000,3723.2000,3723.6000,3724.4000,1,1,27,1,1,2,2,1,1,1
SF,IF2005,2020-04-13 09:38:35.100,3720.2000,10247,0,654532140.000,0,-,-,-,-,3720.4000,3720.2000,3720.0000,3718.2000,3718.0000,3721.2000,3721.4000,3721.8000,3723.2000,3723.6000,1,1,27,1,1,2,2,1,1,1
SF,IF2005,2020-04-13 09:38:35.600,3721.2000,10246,-1,656764860.000,2,0,2,多平,S,3720.4000,3720.2000,3720.0000,3718.2000,3718.0000,3721.4000,3721.8000,3723.2000,3723.6000,3724.4000,1,1,27,1,1,2,1,1,1,1
SF,IF2005,2020-04-13 09:38:36.100,3721.4000,10244,-2,658997700.000,2,0,2,双平,S,3720.2000,3720.0000,3718.2000,3718.0000,3717.8000,3721.4000,3721.8000,3723.2000,3723.6000,3724.4000,1,27,1,1,1,1,1,1,1,1
SF,IF2005,2020-04-13 09:38:36.600,3721.4000,10243,-1,660114120.000,1,0,1,双平,S,3720.6000,3720.4000,3720.2000,3720.0000,3718.2000,3721.8000,3723.2000,3723.6000,3724.4000,3725.0000,2,1,1,27,1,1,1,1,1,2
SF,IF2005,2020-04-13 09:38:37.100,3721.4000,10243,0,660114120.000,0,-,-,-,-,3720.8000,3720.6000,3720.4000,3720.0000,3718.2000,3721.8000,3723.2000,3723.6000,3724.4000,3725.0000,4,1,1,27,1,2,1,1,1,2
SF,IF2005,2020-04-13 09:38:37.600,3721.0000,10242,-1,661230420.000,1,0,1,双平,S,3720.8000,3720.6000,3720.4000,3720.0000,3718.2000,3721.8000,3723.2000,3723.6000,3724.4000,3725.0000,3,1,1,27,1,2,1,1,1,2
SF,IF2005,2020-04-13 09:38:38.100,3721.8000,10242,0,663463500.000,2,1,1,多换,S,3721.8000,3721.0000,3720.8000,3720.6000,3720.4000,3723.2000,3723.6000,3724.4000,3725.0000,3726.0000,1,2,1,1,1,1,1,1,2,1
SF,IF2005,2020-04-13 09:38:38.600,3721.8000,10242,0,663463500.000,0,-,-,-,-,3721.0000,3720.8000,3720.6000,3720.4000,3720.0000,3723.0000,3723.2000,3723.6000,3724.4000,3725.0000,2,1,1,1,27,1,1,1,1,2
SF,IF2005,2020-04-13 09:38:39.100,3721.8000,10242,0,663463500.000,0,-,-,-,-,3721.2000,3720.4000,3720.0000,3718.2000,3718.0000,3722.8000,3723.0000,3723.2000,3723.6000,3724.4000,4,1,27,1,1,2,1,1,1,1
SF,IF2005,2020-04-13 09:38:39.600,3721.8000,10242,0,663463500.000,0,-,-,-,-,3721.2000,3720.0000,3718.2000,3718.0000,3717.8000,3722.4000,3722.6000,3723.2000,3723.6000,3724.4000,1,27,1,1,1,2,1,2,1,1
SF,IF2005,2020-04-13 09:38:40.100,3721.8000,10242,0,663463500.000,0,-,-,-,-,3721.2000,3720.0000,3718.2000,3718.0000,3717.8000,3722.2000,3722.4000,3722.6000,3723.2000,3723.6000,1,27,1,1,1,1,2,2,2,1
SF,IF2005,2020-04-13 09:38:40.600,3721.2000,10242,0,664579860.000,1,0,1,多换,S,3720.0000,3718.2000,3718.0000,3717.8000,3717.6000,3721.2000,3722.0000,3722.2000,3722.4000,3722.6000,27,1,1,1,3,1,1,1,2,2
SF,IF2005,2020-04-13 09:38:41.100,3721.2000,10242,0,664579860.000,0,-,-,-,-,3720.2000,3720.0000,3718.2000,3718.0000,3717.8000,3721.2000,3722.0000,3722.2000,3722.6000,3723.2000,3,27,1,1,1,1,1,1,2,1
SF,IF2005,2020-04-13 09:38:41.600,3721.2000,10242,0,665696220.000,1,0,1,多换,S,3720.2000,3720.0000,3718.2000,3718.0000,3717.8000,3722.0000,3722.2000,3722.6000,3723.2000,3723.6000,3,27,1,1,1,1,1,2,1,1
SF,IF2005,2020-04-13 09:38:42.100,3721.2000,10242,0,665696220.000,0,-,-,-,-,3720.4000,3720.2000,3720.0000,3718.2000,3718.0000,3721.8000,3722.0000,3722.6000,3723.2000,3723.6000,1,3,27,1,1,1,1,2,1,1
SF,IF2005,2020-04-13 09:38:42.600,3721.2000,10242,0,665696220.000,0,-,-,-,-,3720.4000,3720.2000,3720.0000,3718.2000,3718.0000,3721.6000,3721.8000,3722.0000,3723.2000,3723.6000,1,3,27,1,1,2,1,1,1,1
SF,IF2005,2020-04-13 09:38:43.100,3720.4000,10242,0,666812340.000,1,0,1,多换,S,3720.2000,3720.0000,3718.2000,3718.0000,3717.8000,3720.4000,3721.2000,3721.4000,3722.0000,3723.2000,1,27,1,1,1,11,2,1,1,1
SF,IF2005,2020-04-13 09:38:43.600,3720.4000,10240,-2,673509060.000,6,2,4,多平,S,3720.2000,3720.0000,3718.2000,3718.0000,3717.8000,3720.4000,3721.2000,3721.4000,3722.0000,3723.2000,1,27,1,1,1,5,2,2,1,1
SF,IF2005,2020-04-13 09:38:44.100,3720.4000,10240,0,674625180.000,1,0,1,多换,S,3720.2000,3720.0000,3718.2000,3718.0000,3717.8000,3720.4000,3721.2000,3721.4000,3722.0000,3723.2000,1,27,1,1,1,4,2,2,1,1
SF,IF2005,2020-04-13 09:38:45.600,3720.4000,10244,4,679089600.000,4,4,0,双开,S,3720.0000,3718.2000,3718.0000,3717.8000,3717.6000,3720.4000,3721.2000,3721.4000,3722.0000,3723.2000,27,1,1,1,3,1,2,2,1,1
SF,IF2005,2020-04-13 09:38:46.100,3720.4000,10244,0,680205720.000,1,0,1,多换,S,3720.0000,3718.2000,3718.0000,3717.8000,3717.6000,3721.4000,3722.0000,3723.2000,3723.6000,3724.4000,27,1,1,1,3,1,1,1,1,1
SF,IF2005,2020-04-13 09:38:46.600,3720.4000,10244,0,680205720.000,0,-,-,-,-,3720.4000,3720.0000,3718.2000,3718.0000,3717.8000,3721.4000,3721.6000,3722.0000,3723.2000,3723.6000,1,27,1,1,1,2,1,1,1,1
SF,IF2005,2020-04-13 09:38:47.100,3720.4000,10244,0,680205720.000,0,-,-,-,-,3720.4000,3720.0000,3718.2000,3718.0000,3717.8000,3721.2000,3721.4000,3722.0000,3723.2000,3723.6000,1,27,1,1,1,1,1,1,1,1
SF,IF2005,2020-04-13 09:38:47.600,3720.4000,10244,0,680205720.000,0,-,-,-,-,3720.4000,3720.0000,3718.2000,3718.0000,3717.8000,3721.2000,3721.4000,3722.0000,3723.2000,3723.6000,1,27,1,1,1,2,1,1,1,1
SF,IF2005,2020-04-13 09:38:48.100,3720.4000,10244,0,680205720.000,0,-,-,-,-,3720.6000,3720.4000,3720.0000,3718.2000,3718.0000,3721.2000,3721.4000,3722.0000,3723.2000,3723.6000,1,1,27,1,1,2,1,1,1,1
SF,IF2005,2020-04-13 09:38:49.600,3720.4000,10244,0,680205720.000,0,-,-,-,-,3720.6000,3720.4000,3720.2000,3720.0000,3718.2000,3721.2000,3721.4000,3722.0000,3723.2000,3723.6000,1,1,1,27,1,2,1,1,1,1
SF,IF2005,2020-04-13 09:38:50.100,3720.6000,10243,-1,681321900.000,1,0,1,双平,S,3720.0000,3718.2000,3718.0000,3717.8000,3717.6000,3720.6000,3721.2000,3721.4000,3722.0000,3723.2000,27,1,1,1,3,1,2,1,1,1
SF,IF2005,2020-04-13 09:38:50.600,3720.6000,10243,0,682438080.000,1,0,1,多换,S,3720.0000,3718.2000,3718.0000,3717.8000,3717.6000,3720.6000,3721.2000,3721.4000,3722.0000,3723.2000,27,1,1,1,3,1,1,1,1,1
SF,IF2005,2020-04-13 09:38:51.100,3720.0000,10244,1,683554080.000,1,1,0,双开,S,3720.0000,3718.2000,3718.0000,3717.8000,3717.6000,3720.6000,3721.2000,3721.4000,3722.0000,3723.2000,26,1,1,1,3,1,1,1,1,1
SF,IF2005,2020-04-13 09:38:51.600,3720.6000,10246,2,685786440.000,2,2,0,双开,S,3720.0000,3718.2000,3718.0000,3717.8000,3717.6000,3721.2000,3721.4000,3722.0000,3723.2000,3723.6000,26,1,1,1,3,1,1,1,1,1
SF,IF2005,2020-04-13 09:38:52.100,3720.6000,10246,0,685786440.000,0,-,-,-,-,3720.0000,3718.2000,3718.0000,3717.8000,3717.6000,3721.0000,3721.2000,3722.0000,3723.2000,3723.6000,26,1,1,1,3,1,2,1,1,1
SF,IF2005,2020-04-13 09:38:52.600,3720.0000,10246,0,686902440.000,1,0,1,多换,S,3720.6000,3720.0000,3718.2000,3718.0000,3717.8000,3720.8000,3721.0000,3721.2000,3722.0000,3723.2000,1,25,1,1,1,2,1,2,1,1
SF,IF2005,2020-04-13 09:38:53.100,3720.6000,10246,0,688018620.000,1,0,1,多换,S,3720.0000,3718.2000,3718.0000,3717.8000,3717.6000,3720.8000,3721.0000,3721.2000,3722.0000,3723.2000,25,1,1,1,3,2,1,2,1,1
SF,IF2005,2020-04-13 09:38:55.100,3720.0000,10246,0,689134620.000,1,0,1,多换,S,3720.0000,3718.2000,3718.0000,3717.8000,3717.6000,3720.8000,3721.0000,3721.2000,3722.0000,3723.2000,24,1,1,1,3,2,1,2,1,1
SF,IF2005,2020-04-13 09:38:55.600,3720.0000,10246,0,690250620.000,1,0,1,多换,S,3720.0000,3718.2000,3718.0000,3717.8000,3717.6000,3720.8000,3721.0000,3721.2000,3722.0000,3723.2000,23,1,1,1,3,2,1,2,1,1
SF,IF2005,2020-04-13 09:38:56.100,3720.0000,10246,0,692482620.000,2,1,1,多换,S,3720.0000,3718.2000,3718.0000,3717.8000,3717.6000,3720.8000,3721.0000,3721.2000,3722.0000,3723.2000,21,1,1,1,3,2,1,2,1,1
SF,IF2005,2020-04-13 09:38:56.600,3720.0000,10246,0,692482620.000,0,-,-,-,-,3720.0000,3718.2000,3718.0000,3717.8000,3717.6000,3721.0000,3721.2000,3722.0000,3723.2000,3723.6000,21,1,1,1,3,1,2,1,1,1
SF,IF2005,2020-04-13 09:38:59.100,3720.0000,10238,-8,701410620.000,8,0,8,双平,S,3720.0000,3718.2000,3718.0000,3717.8000,3717.6000,3720.6000,3721.0000,3721.2000,3722.0000,3723.2000,13,1,1,1,3,2,1,2,1,1
SF,IF2005,2020-04-13 09:38:59.600,3720.0000,10237,-1,702526620.000,1,0,1,双平,S,3720.0000,3718.2000,3718.0000,3717.8000,3717.6000,3720.6000,3721.0000,3721.2000,3722.0000,3723.2000,12,1,1,1,3,2,1,2,1,1
SF,IF2005,2020-04-13 09:39:00.100,3720.0000,10235,-2,704758620.000,2,0,2,双平,S,3720.0000,3718.2000,3718.0000,3717.8000,3717.6000,3720.4000,3720.6000,3721.2000,3722.0000,3723.2000,10,1,1,1,3,4,2,2,1,1
SF,IF2005,2020-04-13 09:39:00.600,3720.4000,10233,-2,706990740.000,2,0,2,双平,S,3720.0000,3718.2000,3718.0000,3717.8000,3717.6000,3720.4000,3720.6000,3721.2000,3722.0000,3723.2000,9,1,1,1,3,3,2,2,1,1
SF,IF2005,2020-04-13 09:39:01.100,3720.0000,10232,-1,709222740.000,2,0,2,多平,S,3720.0000,3718.2000,3718.0000,3717.8000,3717.6000,3720.4000,3720.6000,3721.2000,3722.0000,3723.2000,7,1,1,1,3,3,2,2,1,1
SF,IF2005,2020-04-13 09:39:01.600,3720.0000,10232,0,710338740.000,1,0,1,多换,S,3720.0000,3718.2000,3718.0000,3717.8000,3717.6000,3720.4000,3720.6000,3721.2000,3722.0000,3723.2000,6,1,1,1,3,3,2,2,1,1
SF,IF2005,2020-04-13 09:39:02.100,3720.4000,10232,0,711454860.000,1,0,1,多换,S,3720.0000,3718.2000,3718.0000,3717.8000,3717.6000,3720.4000,3720.6000,3721.2000,3722.0000,3723.2000,6,1,1,1,3,2,2,2,1,1
SF,IF2005,2020-04-13 09:39:02.600,3720.4000,10229,-3,717035580.000,5,1,4,多平,S,3720.0000,3718.2000,3718.0000,3717.8000,3717.6000,3721.2000,3722.0000,3723.2000,3723.6000,3724.4000,6,1,1,1,3,2,1,1,1,1
SF,IF2005,2020-04-13 09:39:03.100,3720.4000,10229,0,717035580.000,0,-,-,-,-,3720.2000,3720.0000,3718.2000,3718.0000,3717.8000,3721.2000,3722.0000,3723.2000,3723.6000,3724.4000,2,6,1,1,1,1,1,1,1,1
SF,IF2005,2020-04-13 09:39:03.600,3721.2000,10229,0,718151940.000,1,0,1,多换,S,3720.2000,3720.0000,3718.2000,3718.0000,3717.8000,3722.0000,3723.2000,3723.6000,3724.4000,3725.0000,2,6,1,1,1,1,1,1,1,2
SF,IF2005,2020-04-13 09:39:04.100,3721.2000,10229,0,718151940.000,0,-,-,-,-,3721.2000,3720.4000,3720.2000,3720.0000,3718.2000,3721.8000,3722.0000,3723.2000,3723.6000,3724.4000,1,2,1,6,1,1,1,1,1,1
SF,IF2005,2020-04-13 09:39:04.600,3721.2000,10229,0,718151940.000,0,-,-,-,-,3721.2000,3720.6000,3720.2000,3720.0000,3718.2000,3721.8000,3723.2000,3723.6000,3724.4000,3725.0000,1,2,1,6,1,1,1,1,1,2
SF,IF2005,2020-04-13 09:39:05.100,3721.2000,10229,0,718151940.000,0,-,-,-,-,3721.2000,3720.2000,3720.0000,3718.2000,3718.0000,3721.4000,3721.8000,3723.2000,3723.6000,3724.4000,1,1,6,1,1,2,1,1,1,1
SF,IF2005,2020-04-13 09:39:05.600,3721.2000,10230,1,719268300.000,1,1,0,双开,S,3720.2000,3720.0000,3718.2000,3718.0000,3717.8000,3721.0000,3721.4000,3721.8000,3723.2000,3723.6000,1,6,1,1,1,1,2,1,1,1
SF,IF2005,2020-04-13 09:39:06.100,3721.2000,10230,0,719268300.000,0,-,-,-,-,3720.2000,3720.0000,3718.2000,3718.0000,3717.8000,3721.0000,3721.8000,3723.2000,3723.6000,3724.4000,1,6,1,1,1,1,1,1,1,1
SF,IF2005,2020-04-13 09:39:07.100,3721.2000,10230,0,720384660.000,1,0,1,多换,S,3721.0000,3720.2000,3720.0000,3718.2000,3718.0000,3721.8000,3723.2000,3723.6000,3724.4000,3725.0000,1,1,6,1,1,1,1,1,1,2
SF,IF2005,2020-04-13 09:39:07.600,3721.2000,10230,0,720384660.000,0,-,-,-,-,3720.2000,3720.0000,3718.2000,3718.0000,3717.8000,3721.8000,3723.2000,3723.6000,3724.4000,3725.0000,1,6,1,1,1,1,1,1,1,2
SF,IF2005,2020-04-13 09:39:08.100,3721.2000,10230,0,720384660.000,0,-,-,-,-,3720.4000,3720.2000,3720.0000,3718.2000,3718.0000,3721.0000,3721.8000,3723.2000,3723.6000,3724.4000,1,1,6,1,1,1,1,1,1,1
SF,IF2005,2020-04-13 09:39:08.600,3721.0000,10230,0,721500960.000,1,0,1,多换,S,3721.0000,3720.4000,3720.2000,3720.0000,3718.2000,3721.4000,3721.8000,3723.2000,3723.6000,3724.4000,1,1,1,6,1,2,1,1,1,1
SF,IF2005,2020-04-13 09:39:09.100,3721.0000,10230,0,721500960.000,0,-,-,-,-,3721.0000,3720.2000,3720.0000,3718.2000,3718.0000,3721.8000,3723.2000,3723.6000,3724.4000,3725.0000,1,1,6,1,1,1,1,1,1,2
SF,IF2005,2020-04-13 09:39:09.600,3721.0000,10230,0,721500960.000,0,-,-,-,-,3720.2000,3720.0000,3718.2000,3718.0000,3717.8000,3721.8000,3723.2000,3723.6000,3724.4000,3725.0000,1,6,1,1,1,1,1,1,1,2
SF,IF2005,2020-04-13 09:39:10.100,3721.0000,10230,0,721500960.000,0,-,-,-,-,3720.4000,3720.2000,3720.0000,3718.2000,3718.0000,3721.8000,3723.2000,3723.6000,3724.4000,3725.0000,3,1,6,1,1,1,1,1,1,2
SF,IF2005,2020-04-13 09:39:10.600,3721.8000,10229,-1,722617500.000,1,0,1,双平,S,3720.6000,3720.4000,3720.0000,3718.2000,3718.0000,3723.2000,3723.6000,3724.4000,3725.0000,3726.0000,1,3,6,1,1,1,1,1,2,1
SF,IF2005,2020-04-13 09:39:11.100,3721.8000,10229,0,722617500.000,0,-,-,-,-,3720.6000,3720.4000,3720.0000,3718.2000,3718.0000,3722.2000,3722.4000,3722.6000,3722.8000,3723.0000,1,1,6,1,1,1,2,3,4,4
SF,IF2005,2020-04-13 09:39:11.600,3721.8000,10229,0,722617500.000,0,-,-,-,-,3720.8000,3720.6000,3720.4000,3720.0000,3718.2000,3722.0000,3722.2000,3722.4000,3722.6000,3722.8000,2,1,1,6,1,1,1,2,3,5
SF,IF2005,2020-04-13 09:39:12.100,3721.0000,10228,-1,723733800.000,1,0,1,双平,S,3720.8000,3720.0000,3718.2000,3718.0000,3717.8000,3721.8000,3722.0000,3722.2000,3722.4000,3722.6000,2,6,1,1,1,1,1,1,2,3
SF,IF2005,2020-04-13 09:39:12.600,3721.0000,10228,0,723733800.000,0,-,-,-,-,3720.0000,3718.2000,3718.0000,3717.8000,3717.6000,3721.6000,3722.0000,3722.2000,3722.4000,3722.6000,6,1,1,1,3,1,1,1,2,3
SF,IF2005,2020-04-13 09:39:13.100,3721.0000,10228,0,723733800.000,0,-,-,-,-,3720.2000,3720.0000,3718.2000,3718.0000,3717.8000,3721.4000,3722.2000,3722.4000,3722.6000,3722.8000,3,6,1,1,1,2,1,2,3,4
SF,IF2005,2020-04-13 09:39:13.600,3721.0000,10228,0,723733800.000,0,-,-,-,-,3720.4000,3720.2000,3720.0000,3718.2000,3718.0000,3721.4000,3722.2000,3722.4000,3722.6000,3722.8000,2,1,6,1,1,1,1,2,3,4
SF,IF2005,2020-04-13 09:39:15.100,3721.0000,10228,0,723733800.000,0,-,-,-,-,3720.2000,3720.0000,3718.2000,3718.0000,3717.8000,3721.4000,3722.2000,3722.4000,3722.6000,3722.8000,1,6,1,1,1,1,1,2,3,4
SF,IF2005,2020-04-13 09:39:16.100,3721.0000,10228,0,723733800.000,0,-,-,-,-,3720.4000,3720.2000,3720.0000,3718.2000,3718.0000,3721.4000,3722.2000,3722.4000,3722.6000,3722.8000,2,1,6,1,1,1,1,2,3,4
SF,IF2005,2020-04-13 09:39:16.600,3721.0000,10228,0,723733800.000,0,-,-,-,-,3720.4000,3720.2000,3720.0000,3718.2000,3718.0000,3721.4000,3722.2000,3722.4000,3722.6000,3722.8000,3,1,6,1,1,1,1,2,3,4
SF,IF2005,2020-04-13 09:39:18.100,3721.4000,10227,-1,724850220.000,1,0,1,双平,S,3721.4000,3720.6000,3720.4000,3720.2000,3720.0000,3722.2000,3722.4000,3722.6000,3722.8000,3723.0000,1,2,1,1,6,1,2,3,4,4
SF,IF2005,2020-04-13 09:39:18.600,3721.4000,10229,2,727083060.000,2,2,0,双开,S,3720.4000,3720.2000,3720.0000,3718.2000,3718.0000,3722.0000,3722.4000,3722.6000,3722.8000,3723.0000,1,1,6,1,1,1,1,2,4,3
SF,IF2005,2020-04-13 09:39:19.100,3721.4000,10229,0,727083060.000,0,-,-,-,-,3720.6000,3720.4000,3720.0000,3718.2000,3718.0000,3721.2000,3721.8000,3722.0000,3722.4000,3722.6000,4,1,6,1,1,1,1,1,1,2
SF,IF2005,2020-04-13 09:39:19.600,3721.2000,10229,0,728199420.000,1,0,1,多换,S,3721.2000,3720.6000,3720.4000,3720.0000,3718.2000,3721.8000,3722.0000,3722.4000,3722.6000,3722.8000,1,2,1,6,1,1,1,1,2,4
SF,IF2005,2020-04-13 09:39:20.100,3721.2000,10229,0,728199420.000,0,-,-,-,-,3720.6000,3720.4000,3720.0000,3718.2000,3718.0000,3721.8000,3722.0000,3722.4000,3722.6000,3722.8000,1,1,6,1,1,1,1,1,2,4
SF,IF2005,2020-04-13 09:39:20.600,3721.2000,10229,0,728199420.000,0,-,-,-,-,3720.8000,3720.6000,3720.4000,3720.0000,3718.2000,3721.8000,3722.0000,3722.4000,3722.6000,3722.8000,2,1,1,6,1,1,1,1,2,4
SF,IF2005,2020-04-13 09:39:21.100,3720.6000,10228,-1,729315600.000,1,0,1,双平,S,3720.4000,3720.0000,3718.2000,3718.0000,3717.8000,3721.4000,3721.8000,3722.0000,3722.4000,3722.6000,1,6,1,1,1,2,1,1,1,2
SF,IF2005,2020-04-13 09:39:21.600,3720.6000,10228,0,729315600.000,0,-,-,-,-,3720.6000,3720.4000,3720.0000,3718.2000,3718.0000,3721.4000,3721.8000,3722.0000,3722.4000,3722.6000,1,1,6,1,1,2,1,1,1,2
SF,IF2005,2020-04-13 09:39:22.100,3720.6000,10228,0,729315600.000,0,-,-,-,-,3720.6000,3720.4000,3720.0000,3718.2000,3718.0000,3721.4000,3721.8000,3722.0000,3722.4000,3722.6000,1,1,10,1,1,2,1,1,1,2
SF,IF2005,2020-04-13 09:39:23.100,3720.6000,10228,0,729315600.000,0,-,-,-,-,3720.8000,3720.4000,3720.0000,3718.2000,3718.0000,3721.8000,3722.0000,3722.4000,3722.6000,3722.8000,1,1,10,1,1,1,1,1,2,4
SF,IF2005,2020-04-13 09:39:23.600,3720.6000,10228,0,729315600.000,0,-,-,-,-,3721.4000,3721.0000,3720.8000,3720.4000,3720.0000,3722.4000,3722.6000,3722.8000,3723.0000,3723.2000,1,2,1,1,10,1,2,1,1,2
SF,IF2005,2020-04-13 09:39:24.100,3721.4000,10228,0,730432020.000,1,0,1,多换,S,3721.0000,3720.8000,3720.4000,3720.0000,3718.2000,3722.6000,3722.8000,3723.2000,3723.6000,3724.4000,3,1,1,10,1,2,1,1,1,1
SF,IF2005,2020-04-13 09:39:24.600,3721.4000,10228,0,730432020.000,0,-,-,-,-,3721.2000,3721.0000,3720.8000,3720.4000,3720.0000,3722.4000,3723.2000,3723.6000,3724.4000,3725.0000,2,1,1,1,10,1,1,1,1,2
SF,IF2005,2020-04-13 09:39:25.100,3721.4000,10228,0,730432020.000,0,-,-,-,-,3721.2000,3721.0000,3720.4000,3720.0000,3718.2000,3722.4000,3723.2000,3723.6000,3724.4000,3725.0000,2,1,1,10,1,1,1,1,1,2
SF,IF2005,2020-04-13 09:39:25.600,3721.4000,10228,0,730432020.000,0,-,-,-,-,3721.2000,3721.0000,3720.4000,3720.0000,3718.2000,3722.4000,3723.2000,3723.6000,3724.4000,3725.0000,2,1,1,10,1,1,1,1,1,2
SF,IF2005,2020-04-13 09:39:26.100,3721.4000,10228,0,730432020.000,0,-,-,-,-,3721.4000,3720.4000,3720.0000,3718.2000,3718.0000,3722.4000,3723.2000,3723.6000,3724.4000,3725.0000,4,1,10,1,1,1,1,1,1,2
SF,IF2005,2020-04-13 09:39:26.600,3721.4000,10228,0,730432020.000,0,-,-,-,-,3721.4000,3721.2000,3720.4000,3720.0000,3718.2000,3722.4000,3723.2000,3723.6000,3724.4000,3725.0000,4,1,1,10,1,1,1,1,1,2
SF,IF2005,2020-04-13 09:39:27.600,3721.4000,10228,0,730432020.000,0,-,-,-,-,3721.4000,3721.2000,3720.4000,3720.0000,3718.2000,3722.4000,3723.2000,3723.6000,3724.4000,3725.0000,4,1,1,20,1,1,1,1,1,2
SF,IF2005,2020-04-13 09:39:28.100,3721.4000,10228,0,730432020.000,0,-,-,-,-,3721.4000,3721.2000,3720.4000,3720.0000,3718.2000,3722.4000,3723.2000,3723.6000,3724.4000,3725.0000,4,1,1,20,1,1,1,1,1,2
SF,IF2005,2020-04-13 09:39:28.600,3722.4000,10227,-1,731548740.000,1,0,1,双平,S,3721.4000,3721.2000,3720.4000,3720.0000,3718.2000,3723.2000,3723.6000,3724.4000,3725.0000,3726.0000,1,2,1,20,1,1,1,1,2,1
SF,IF2005,2020-04-13 09:39:29.100,3722.4000,10227,0,731548740.000,0,-,-,-,-,3721.6000,3721.4000,3721.2000,3720.4000,3720.0000,3723.0000,3723.2000,3723.6000,3724.4000,3725.0000,2,1,2,1,20,4,1,1,1,2
SF,IF2005,2020-04-13 09:39:29.600,3722.4000,10227,0,731548740.000,0,-,-,-,-,3722.0000,3721.8000,3721.6000,3721.4000,3721.2000,3722.8000,3723.0000,3723.6000,3724.4000,3725.0000,2,2,1,1,2,1,3,1,1,2
SF,IF2005,2020-04-13 09:39:30.100,3722.8000,10226,-1,734899080.000,3,1,2,多平,S,3721.8000,3721.6000,3721.4000,3721.2000,3720.4000,3723.0000,3723.6000,3724.4000,3725.0000,3726.0000,2,1,1,2,1,2,1,1,2,1
SF,IF2005,2020-04-13 09:39:30.600,3723.0000,10224,-2,737132880.000,2,0,2,双平,S,3722.2000,3722.0000,3721.8000,3721.4000,3721.2000,3723.6000,3724.4000,3725.0000,3726.0000,3726.6000,1,3,2,1,2,1,1,2,1,5
SF,IF2005,2020-04-13 09:39:31.100,3722.4000,10225,1,740483580.000,3,2,1,空开,S,3722.4000,3722.2000,3722.0000,3721.8000,3721.4000,3724.4000,3725.0000,3726.0000,3726.6000,3727.0000,1,1,2,2,1,1,2,1,5,5
SF,IF2005,2020-04-13 09:39:31.600,3723.2000,10224,-1,741600540.000,1,0,1,双平,S,3722.4000,3722.2000,3721.8000,3721.4000,3721.2000,3724.0000,3724.2000,3724.4000,3725.0000,3726.0000,1,1,2,1,2,1,1,1,2,1
SF,IF2005,2020-04-13 09:39:32.100,3723.2000,10224,0,741600540.000,0,-,-,-,-,3722.6000,3722.4000,3722.2000,3721.8000,3721.4000,3723.8000,3724.0000,3724.4000,3725.0000,3726.0000,2,1,1,2,1,1,1,1,2,1
SF,IF2005,2020-04-13 09:39:32.600,3723.2000,10224,0,741600540.000,0,-,-,-,-,3722.4000,3722.2000,3721.8000,3721.2000,3720.4000,3722.6000,3723.6000,3723.8000,3724.0000,3724.4000,1,1,2,2,1,1,1,1,1,1
SF,IF2005,2020-04-13 09:39:33.100,3722.8000,10225,1,742717380.000,1,1,0,双开,S,3722.8000,3722.6000,3722.4000,3722.2000,3721.8000,3723.6000,3723.8000,3724.0000,3724.4000,3725.0000,2,1,1,1,2,1,1,1,1,2
SF,IF2005,2020-04-13 09:39:33.600,3722.8000,10225,0,742717380.000,0,-,-,-,-,3722.4000,3722.2000,3721.2000,3720.4000,3720.0000,3723.6000,3723.8000,3724.0000,3724.4000,3725.0000,1,1,2,1,24,1,1,1,1,2
SF,IF2005,2020-04-13 09:39:34.100,3722.4000,10225,0,743834100.000,1,0,1,多换,S,3721.2000,3720.4000,3720.0000,3718.2000,3718.0000,3723.4000,3723.6000,3724.0000,3724.4000,3725.0000,2,1,24,1,1,1,1,1,1,2
SF,IF2005,2020-04-13 09:39:34.600,3722.4000,10225,0,743834100.000,0,-,-,-,-,3721.6000,3721.4000,3721.2000,3720.4000,3720.0000,3723.4000,3723.6000,3724.0000,3724.4000,3725.0000,1,5,3,1,24,2,1,1,1,2
SF,IF2005,2020-04-13 09:39:35.100,3721.6000,10226,1,746067120.000,2,1,1,空开,S,3721.4000,3721.2000,3720.4000,3720.0000,3718.2000,3723.4000,3723.6000,3724.0000,3724.4000,3725.0000,4,3,1,24,1,1,1,1,1,2
SF,IF2005,2020-04-13 09:39:35.600,3721.6000,10226,0,746067120.000,0,-,-,-,-,3721.8000,3721.6000,3721.4000,3721.2000,3720.4000,3723.2000,3723.4000,3723.6000,3724.0000,3724.4000,1,1,4,3,1,1,1,1,1,1
SF,IF2005,2020-04-13 09:39:36.100,3721.8000,10226,0,748300200.000,2,1,1,多换,S,3721.4000,3721.2000,3720.4000,3720.0000,3718.2000,3723.0000,3723.6000,3724.4000,3725.0000,3726.0000,4,3,1,24,1,1,1,1,2,1
SF,IF2005,2020-04-13 09:39:36.600,3723.0000,10226,0,749417100.000,1,0,1,多换,S,3723.0000,3722.0000,3721.6000,3721.4000,3721.2000,3723.6000,3724.4000,3725.0000,3726.0000,3726.6000,1,1,1,4,3,1,1,2,1,5
SF,IF2005,2020-04-13 09:39:37.100,3723.0000,10226,0,749417100.000,0,-,-,-,-,3722.0000,3721.6000,3721.4000,3721.2000,3720.4000,3723.6000,3724.4000,3725.0000,3726.0000,3726.6000,1,1,4,3,1,1,1,2,1,5
SF,IF2005,2020-04-13 09:39:37.600,3723.0000,10226,0,749417100.000,0,-,-,-,-,3722.2000,3722.0000,3721.4000,3721.2000,3720.4000,3723.4000,3723.6000,3724.4000,3725.0000,3726.0000,1,1,4,3,1,1,1,1,2,1
SF,IF2005,2020-04-13 09:39:38.100,3723.0000,10226,0,749417100.000,0,-,-,-,-,3722.2000,3721.4000,3721.2000,3720.4000,3720.0000,3723.2000,3723.4000,3723.6000,3724.4000,3725.0000,1,4,3,1,20,1,2,1,1,2
SF,IF2005,2020-04-13 09:39:38.600,3722.2000,10226,0,750533760.000,1,0,1,多换,S,3721.4000,3721.2000,3720.4000,3720.0000,3718.2000,3722.2000,3723.2000,3723.4000,3723.6000,3724.4000,4,3,1,20,1,1,1,1,1,1
SF,IF2005,2020-04-13 09:39:39.100,3722.2000,10226,0,751650420.000,1,0,1,多换,S,3722.2000,3721.6000,3721.4000,3721.2000,3720.4000,3723.0000,3723.2000,3723.4000,3723.6000,3724.4000,1,1,4,3,1,1,1,1,1,1
SF,IF2005,2020-04-13 09:39:39.600,3722.2000,10226,0,751650420.000,0,-,-,-,-,3721.6000,3721.4000,3721.2000,3720.4000,3720.0000,3722.2000,3723.2000,3723.4000,3723.6000,3724.4000,1,4,3,1,20,2,1,1,1,1
SF,IF2005,2020-04-13 09:39:40.100,3722.2000,10228,2,753883740.000,2,2,0,双开,S,3722.2000,3721.6000,3721.4000,3721.2000,3720.4000,3723.2000,3723.4000,3723.6000,3724.4000,3725.0000,1,1,4,3,1,1,1,1,1,2
SF,IF2005,2020-04-13 09:39:40.600,3722.2000,10228,0,753883740.000,0,-,-,-,-,3721.6000,3721.2000,3720.4000,3720.0000,3718.2000,3722.2000,3723.0000,3723.2000,3723.6000,3724.4000,1,2,1,20,1,3,2,1,1,1
SF,IF2005,2020-04-13 09:39:41.100,3722.2000,10231,3,757233720.000,3,3,0,双开,S,3721.6000,3721.2000,3720.4000,3720.0000,3718.2000,3723.0000,3723.2000,3723.6000,3724.4000,3725.0000,1,2,1,20,1,2,1,1,1,2
SF,IF2005,2020-04-13 09:39:41.600,3722.2000,10231,0,757233720.000,0,-,-,-,-,3721.2000,3720.4000,3720.0000,3718.2000,3718.0000,3723.0000,3723.2000,3723.6000,3724.4000,3725.0000,2,1,20,1,1,1,1,1,1,2
SF,IF2005,2020-04-13 09:39:42.100,3722.2000,10232,1,759467040.000,2,1,1,空开,S,3721.4000,3721.2000,3720.4000,3720.0000,3718.2000,3722.6000,3723.0000,3723.2000,3723.6000,3724.4000,1,2,1,20,1,1,1,1,1,1
SF,IF2005,2020-04-13 09:39:42.600,3722.2000,10232,0,759467040.000,0,-,-,-,-,3722.6000,3721.4000,3721.2000,3720.4000,3720.0000,3723.0000,3723.2000,3723.6000,3724.4000,3725.0000,1,1,3,1,20,1,1,1,1,2
SF,IF2005,2020-04-13 09:39:43.100,3722.6000,10232,0,760583820.000,1,0,1,多换,S,3721.4000,3721.2000,3720.4000,3720.0000,3718.2000,3722.6000,3723.0000,3723.2000,3723.6000,3724.4000,1,2,1,20,1,2,1,1,1,1
SF,IF2005,2020-04-13 09:39:43.600,3722.6000,10232,0,760583820.000,0,-,-,-,-,3721.4000,3721.2000,3720.4000,3720.0000,3718.2000,3722.4000,3722.6000,3723.2000,3723.6000,3724.4000,1,2,1,20,1,1,2,1,1,1
SF,IF2005,2020-04-13 09:39:44.100,3722.4000,10232,0,761700540.000,1,0,1,多换,S,3722.4000,3721.4000,3721.2000,3720.4000,3720.0000,3722.6000,3723.2000,3723.6000,3724.4000,3725.0000,1,1,2,1,20,2,1,1,1,2
SF,IF2005,2020-04-13 09:39:44.600,3722.6000,10232,0,763934100.000,2,1,1,多换,S,3722.4000,3721.6000,3721.4000,3721.2000,3720.4000,3723.2000,3723.6000,3724.4000,3725.0000,3726.0000,1,1,1,2,1,1,1,1,2,1
SF,IF2005,2020-04-13 09:39:45.100,3722.6000,10232,0,763934100.000,0,-,-,-,-,3721.6000,3721.4000,3721.2000,3720.4000,3720.0000,3722.4000,3723.2000,3723.6000,3724.4000,3725.0000,1,1,2,1,20,2,1,1,1,2
SF,IF2005,2020-04-13 09:39:45.600,3722.4000,10232,0,766167540.000,2,1,1,多换,S,3722.4000,3721.8000,3721.6000,3721.2000,3720.4000,3723.2000,3723.6000,3724.4000,3725.0000,3726.0000,1,1,1,2,1,1,1,1,2,1
SF,IF2005,2020-04-13 09:39:46.100,3722.4000,10233,1,767284260.000,1,1,0,双开,S,3721.8000,3721.2000,3720.4000,3720.0000,3718.2000,3722.4000,3723.6000,3724.4000,3725.0000,3726.0000,1,2,1,20,1,1,1,1,2,1
SF,IF2005,2020-04-13 09:39:46.600,3722.4000,10233,0,768400980.000,1,0,1,多换,S,3722.4000,3721.8000,3721.2000,3720.4000,3720.0000,3723.6000,3724.4000,3725.0000,3726.0000,3726.6000,1,1,2,1,20,1,1,2,1,5
SF,IF2005,2020-04-13 09:39:47.100,3722.4000,10233,0,768400980.000,0,-,-,-,-,3721.8000,3721.2000,3720.4000,3720.0000,3718.2000,3722.4000,3723.4000,3723.6000,3724.4000,3725.0000,1,2,1,20,1,2,3,1,1,2
SF,IF2005,2020-04-13 09:39:47.600,3722.4000,10235,2,770634420.000,2,2,0,双开,S,3722.4000,3721.8000,3721.2000,3720.4000,3720.0000,3723.4000,3723.6000,3724.4000,3725.0000,3726.0000,1,1,2,1,20,1,1,1,2,1
SF,IF2005,2020-04-13 09:39:48.100,3722.4000,10236,1,771751140.000,1,1,0,双开,S,3721.8000,3721.2000,3720.4000,3720.0000,3718.2000,3722.4000,3723.2000,3723.4000,3723.6000,3724.4000,1,2,1,20,1,1,1,1,1,1
SF,IF2005,2020-04-13 09:39:48.600,3722.4000,10236,0,772867860.000,1,0,1,多换,S,3722.4000,3721.8000,3721.2000,3720.4000,3720.0000,3723.4000,3723.6000,3724.4000,3725.0000,3726.0000,1,1,2,1,20,1,1,1,2,1
SF,IF2005,2020-04-13 09:39:49.100,3722.4000,10236,0,772867860.000,0,-,-,-,-,3721.8000,3721.2000,3720.4000,3720.0000,3718.2000,3722.4000,3723.4000,3723.6000,3724.4000,3725.0000,1,2,1,20,1,2,1,1,1,2
SF,IF2005,2020-04-13 09:39:49.600,3723.0000,10236,0,776218200.000,3,1,2,多换,S,3722.4000,3722.0000,3721.8000,3721.2000,3720.4000,3723.6000,3724.4000,3725.0000,3726.0000,3726.6000,1,4,1,2,1,1,1,2,1,5
SF,IF2005,2020-04-13 09:39:50.100,3723.0000,10236,0,776218200.000,0,-,-,-,-,3722.6000,3722.4000,3722.0000,3721.2000,3720.4000,3723.6000,3725.0000,3726.0000,3726.6000,3727.0000,1,1,4,2,1,1,2,1,5,5
SF,IF2005,2020-04-13 09:39:50.600,3723.6000,10237,1,777335280.000,1,1,0,双开,S,3723.6000,3722.6000,3722.0000,3721.2000,3720.0000,3725.0000,3726.0000,3726.6000,3727.0000,3729.0000,1,1,4,2,20,2,1,5,5,2
SF,IF2005,2020-04-13 09:39:51.100,3723.6000,10237,0,778452360.000,1,0,1,多换,S,3722.0000,3721.2000,3720.0000,3718.2000,3718.0000,3723.6000,3724.4000,3724.6000,3724.8000,3725.0000,2,2,20,1,1,1,2,7,6,2
SF,IF2005,2020-04-13 09:39:51.600,3723.6000,10237,0,778452360.000,0,-,-,-,-,3722.2000,3722.0000,3721.2000,3720.0000,3718.2000,3723.4000,3723.6000,3724.4000,3724.6000,3724.8000,1,1,2,20,1,1,1,1,4,4
SF,IF2005,2020-04-13 09:39:52.100,3722.2000,10237,0,780685800.000,2,1,1,多换,S,3722.0000,3721.2000,3720.0000,3718.2000,3718.0000,3723.4000,3723.6000,3724.4000,3724.6000,3724.8000,1,2,20,1,1,2,1,1,4,3
SF,IF2005,2020-04-13 09:39:52.600,3722.2000,10237,0,780685800.000,0,-,-,-,-,3721.2000,3720.0000,3718.2000,3718.0000,3717.8000,3723.2000,3723.4000,3723.6000,3724.4000,3724.6000,2,20,1,1,1,1,2,1,1,4
SF,IF2005,2020-04-13 09:39:53.100,3722.2000,10237,0,780685800.000,0,-,-,-,-,3721.4000,3721.2000,3720.0000,3718.2000,3718.0000,3723.0000,3723.4000,3723.6000,3724.4000,3724.6000,5,2,20,1,1,1,1,1,1,3
SF,IF2005,2020-04-13 09:39:53.600,3723.0000,10237,0,781802700.000,1,0,1,多换,S,3723.0000,3721.6000,3721.4000,3721.2000,3720.0000,3723.4000,3723.6000,3724.4000,3724.6000,3724.8000,1,1,3,2,20,1,1,1,3,3
SF,IF2005,2020-04-13 09:39:54.100,3723.0000,10238,1,782919600.000,1,1,0,双开,S,3721.6000,3721.4000,3721.2000,3720.0000,3718.2000,3722.8000,3723.0000,3723.2000,3723.4000,3723.6000,1,2,1,20,1,3,2,1,1,1
SF,IF2005,2020-04-13 09:39:54.600,3723.0000,10238,0,784036500.000,1,0,1,多换,S,3721.8000,3721.6000,3721.4000,3721.2000,3720.0000,3723.0000,3723.2000,3723.4000,3723.6000,3724.6000,2,1,1,1,20,1,1,1,1,3
SF,IF2005,2020-04-13 09:39:55.100,3723.0000,10238,0,784036500.000,0,-,-,-,-,3721.8000,3721.6000,3721.4000,3721.2000,3720.0000,3723.0000,3723.2000,3723.4000,3723.6000,3724.6000,2,1,1,1,20,1,1,1,1,3
SF,IF2005,2020-04-13 09:39:55.600,3723.0000,10238,0,784036500.000,0,-,-,-,-,3721.8000,3721.4000,3721.2000,3720.0000,3718.4000,3723.0000,3723.2000,3723.4000,3723.6000,3724.6000,1,1,1,20,2,1,1,1,1,3
SF,IF2005,2020-04-13 09:39:56.100,3723.0000,10239,1,785153400.000,1,1,0,双开,S,3723.0000,3722.0000,3721.8000,3721.4000,3721.2000,3723.2000,3723.4000,3724.6000,3724.8000,3725.0000,4,2,1,1,1,1,2,3,3,2
SF,IF2005,2020-04-13 09:39:56.600,3723.0000,10235,-4,794088600.000,8,2,6,多平,S,3723.0000,3722.0000,3721.8000,3721.6000,3721.4000,3723.2000,3723.4000,3724.6000,3724.8000,3725.0000,12,1,1,1,1,1,2,3,3,2
SF,IF2005,2020-04-13 09:39:57.100,3723.0000,10226,-9,806374500.000,11,1,10,多平,S,3723.0000,3721.8000,3721.6000,3721.4000,3721.2000,3723.2000,3723.4000,3724.6000,3724.8000,3725.0000,1,1,1,1,1,1,2,3,3,2
SF,IF2005,2020-04-13 09:39:57.600,3723.0000,10225,-1,808608300.000,2,0,2,多平,S,3722.0000,3721.8000,3721.4000,3721.2000,3720.0000,3723.0000,3723.2000,3723.4000,3724.6000,3724.8000,1,1,1,1,20,1,1,2,2,3
SF,IF2005,2020-04-13 09:39:58.100,3723.0000,10226,1,809725200.000,1,1,0,双开,S,3722.2000,3722.0000,3721.4000,3721.2000,3720.0000,3723.2000,3723.4000,3724.6000,3724.8000,3725.0000,1,1,1,1,20,1,2,2,3,2
SF,IF2005,2020-04-13 09:39:58.600,3723.0000,10226,0,810842100.000,1,0,1,多换,S,3722.0000,3721.4000,3721.2000,3720.0000,3718.4000,3722.2000,3722.8000,3723.2000,3723.4000,3724.6000,1,1,1,20,2,2,1,1,2,2
SF,IF2005,2020-04-13 09:39:59.100,3722.2000,10227,1,813075420.000,2,1,1,空开,S,3722.2000,3721.4000,3721.2000,3720.0000,3718.4000,3723.2000,3723.4000,3724.6000,3724.8000,3725.0000,1,1,1,20,2,1,2,2,3,2
SF,IF2005,2020-04-13 09:39:59.600,3722.2000,10227,0,813075420.000,0,-,-,-,-,3721.4000,3721.2000,3720.0000,3718.4000,3718.2000,3723.2000,3723.4000,3724.6000,3724.8000,3725.0000,1,1,20,2,1,1,2,2,3,2
SF,IF2005,2020-04-13 09:40:00.100,3722.2000,10227,0,813075420.000,0,-,-,-,-,3721.8000,3721.6000,3721.4000,3721.2000,3720.0000,3723.2000,3723.4000,3724.6000,3724.8000,3725.0000,1,1,1,1,20,1,2,2,3,2
SF,IF2005,2020-04-13 09:40:00.600,3722.2000,10227,0,813075420.000,0,-,-,-,-,3722.0000,3721.8000,3721.4000,3721.2000,3721.0000,3723.2000,3723.4000,3724.6000,3724.8000,3725.0000,1,1,1,1,1,1,2,2,3,2
SF,IF2005,2020-04-13 09:40:01.100,3722.2000,10227,0,813075420.000,0,-,-,-,-,3722.0000,3721.8000,3721.4000,3721.2000,3721.0000,3723.2000,3723.4000,3724.6000,3724.8000,3725.0000,1,1,1,1,1,1,1,2,3,2
SF,IF2005,2020-04-13 09:40:01.600,3722.2000,10227,0,813075420.000,0,-,-,-,-,3721.4000,3721.2000,3721.0000,3720.0000,3718.4000,3722.0000,3723.0000,3723.2000,3723.4000,3724.6000,1,1,1,20,2,2,6,2,1,2
SF,IF2005,2020-04-13 09:40:02.100,3722.0000,10229,2,815308620.000,2,2,0,双开,S,3722.0000,3721.4000,3721.2000,3720.0000,3718.4000,3723.0000,3723.2000,3723.4000,3724.6000,3724.8000,1,1,1,20,2,4,2,1,2,3
SF,IF2005,2020-04-13 09:40:02.600,3722.0000,10229,0,816425220.000,1,0,1,多换,S,3721.4000,3721.2000,3720.0000,3718.4000,3718.2000,3721.6000,3722.0000,3722.2000,3722.4000,3722.6000,1,1,20,2,1,1,2,2,2,1
SF,IF2005,2020-04-13 09:40:03.100,3721.4000,10229,0,817541640.000,1,0,1,多换,S,3721.6000,3721.2000,3720.0000,3718.4000,3718.2000,3722.0000,3722.2000,3722.8000,3723.0000,3723.2000,1,1,20,2,1,3,1,4,6,3
SF,IF2005,2020-04-13 09:40:03.600,3721.4000,10229,0,818658060.000,1,0,1,多换,S,3721.2000,3720.0000,3718.4000,3718.2000,3718.0000,3721.8000,3722.0000,3722.2000,3722.8000,3723.0000,1,20,2,1,1,1,3,1,3,6
SF,IF2005,2020-04-13 09:40:04.100,3721.4000,10229,0,818658060.000,0,-,-,-,-,3721.2000,3720.0000,3718.4000,3718.2000,3718.0000,3721.8000,3722.0000,3722.2000,3722.8000,3723.0000,1,20,2,1,1,2,3,1,3,6
SF,IF2005,2020-04-13 09:40:04.600,3721.2000,10228,-1,819774420.000,1,0,1,双平,S,3720.0000,3718.4000,3718.2000,3718.0000,3717.8000,3721.8000,3722.0000,3722.2000,3722.8000,3723.0000,20,2,1,1,1,2,3,1,3,6
SF,IF2005,2020-04-13 09:40:05.100,3721.2000,10228,0,819774420.000,0,-,-,-,-,3720.2000,3720.0000,3718.4000,3718.2000,3718.0000,3721.8000,3722.0000,3722.2000,3722.8000,3723.0000,1,20,2,1,1,2,3,1,3,6
SF,IF2005,2020-04-13 09:40:05.600,3721.2000,10228,0,819774420.000,0,-,-,-,-,3720.2000,3720.0000,3718.4000,3718.2000,3718.0000,3721.8000,3722.0000,3722.2000,3722.8000,3723.0000,1,20,2,1,1,2,3,1,1,6
SF,IF2005,2020-04-13 09:40:06.100,3721.8000,10227,-1,820890960.000,1,0,1,双平,S,3720.4000,3720.2000,3720.0000,3718.4000,3718.2000,3721.8000,3722.0000,3722.2000,3722.8000,3723.0000,1,1,20,2,1,1,3,1,1,6
SF,IF2005,2020-04-13 09:40:06.600,3721.8000,10227,0,820890960.000,0,-,-,-,-,3720.6000,3720.4000,3720.0000,3718.4000,3718.2000,3721.8000,3722.0000,3722.2000,3722.8000,3723.0000,2,1,20,2,1,1,3,1,1,7
SF,IF2005,2020-04-13 09:40:07.100,3721.8000,10227,0,820890960.000,0,-,-,-,-,3720.6000,3720.4000,3720.2000,3720.0000,3718.4000,3721.8000,3722.0000,3722.2000,3722.8000,3723.0000,2,1,1,20,2,1,1,1,1,7
SF,IF2005,2020-04-13 09:40:07.600,3720.6000,10228,1,823123320.000,2,1,1,空开,S,3720.4000,3720.2000,3720.0000,3718.4000,3718.2000,3721.8000,3722.2000,3722.8000,3723.0000,3723.2000,1,1,20,2,1,1,1,1,7,2
SF,IF2005,2020-04-13 09:40:08.100,3720.6000,10228,0,824239500.000,1,0,1,多换,S,3720.2000,3720.0000,3718.4000,3718.2000,3718.0000,3720.4000,3721.6000,3721.8000,3722.2000,3722.8000,1,20,2,1,1,1,3,1,1,1
SF,IF2005,2020-04-13 09:40:08.600,3720.4000,10228,0,825355620.000,1,0,1,多换,S,3720.6000,3720.4000,3720.2000,3720.0000,3718.4000,3721.6000,3722.2000,3722.8000,3723.0000,3723.2000,3,1,1,20,2,2,1,1,7,2
SF,IF2005,2020-04-13 09:40:09.100,3720.4000,10228,0,825355620.000,0,-,-,-,-,3720.2000,3720.0000,3718.4000,3718.2000,3718.0000,3720.6000,3721.6000,3722.2000,3722.8000,3723.0000,1,20,2,1,1,2,3,1,1,7
SF,IF2005,2020-04-13 09:40:09.600,3720.6000,10228,0,827587980.000,2,1,1,多换,S,3720.8000,3720.6000,3720.2000,3720.0000,3718.4000,3721.6000,3722.2000,3722.8000,3723.0000,3723.2000,1,1,2,20,2,2,1,1,7,2
SF,IF2005,2020-04-13 09:40:10.100,3720.6000,10228,0,827587980.000,0,-,-,-,-,3720.2000,3720.0000,3718.4000,3718.2000,3718.0000,3721.6000,3722.2000,3722.8000,3723.0000,3723.2000,1,20,2,1,1,2,1,1,7,2
SF,IF2005,2020-04-13 09:40:10.600,3720.6000,10228,0,827587980.000,0,-,-,-,-,3720.4000,3720.2000,3720.0000,3718.4000,3718.2000,3721.6000,3722.2000,3722.8000,3723.0000,3723.2000,1,2,20,2,1,2,1,1,7,2
SF,IF2005,2020-04-13 09:40:11.100,3720.6000,10228,0,827587980.000,0,-,-,-,-,3720.4000,3720.2000,3720.0000,3718.4000,3718.2000,3720.8000,3721.6000,3722.2000,3722.8000,3723.0000,2,1,20,2,1,2,2,1,1,7
SF,IF2005,2020-04-13 09:40:11.600,3720.8000,10230,2,829820460.000,2,2,0,双开,S,3720.8000,3720.4000,3720.2000,3720.0000,3718.4000,3721.6000,3722.2000,3722.8000,3723.0000,3723.2000,1,2,1,20,2,2,1,1,6,2
SF,IF2005,2020-04-13 09:40:12.100,3720.8000,10231,1,830936700.000,1,1,0,双开,S,3720.4000,3720.2000,3720.0000,3718.4000,3718.2000,3720.8000,3721.6000,3722.2000,3722.8000,3723.0000,1,1,20,2,1,1,2,1,2,6
SF,IF2005,2020-04-13 09:40:12.600,3720.8000,10232,1,832052940.000,1,1,0,双开,S,3720.8000,3720.2000,3720.0000,3718.4000,3718.2000,3721.4000,3721.6000,3722.2000,3722.8000,3723.0000,1,1,20,2,1,1,2,1,2,6
SF,IF2005,2020-04-13 09:40:13.100,3720.8000,10232,0,832052940.000,0,-,-,-,-,3720.2000,3720.0000,3718.4000,3718.2000,3718.0000,3721.4000,3721.6000,3722.2000,3722.8000,3723.0000,1,20,2,1,1,1,2,1,2,6
SF,IF2005,2020-04-13 09:40:13.600,3720.8000,10232,0,832052940.000,0,-,-,-,-,3721.4000,3720.4000,3720.2000,3720.0000,3718.4000,3721.6000,3722.2000,3722.8000,3723.0000,3723.2000,1,2,2,20,2,2,1,2,6,2
SF,IF2005,2020-04-13 09:40:14.100,3721.4000,10232,0,833169360.000,1,0,1,多换,S,3720.4000,3720.2000,3720.0000,3718.4000,3718.2000,3720.8000,3721.6000,3722.2000,3722.8000,3723.0000,1,1,20,2,1,2,2,1,2,6
SF,IF2005,2020-04-13 09:40:14.600,3721.6000,10233,1,837634800.000,4,2,2,空开,S,3721.6000,3720.8000,3720.4000,3720.2000,3720.0000,3722.2000,3722.8000,3723.0000,3723.2000,3723.4000,1,1,2,1,20,1,2,6,2,1
SF,IF2005,2020-04-13 09:40:15.100,3721.6000,10234,1,838751280.000,1,1,0,双开,S,3720.8000,3720.6000,3720.4000,3720.2000,3720.0000,3721.6000,3722.2000,3722.8000,3723.0000,3723.2000,1,2,1,1,20,1,1,2,5,2
SF,IF2005,2020-04-13 09:40:15.600,3721.6000,10234,0,839867760.000,1,0,1,多换,S,3721.6000,3721.2000,3721.0000,3720.8000,3720.6000,3722.2000,3722.8000,3723.0000,3723.2000,3723.4000,1,1,1,2,2,1,2,4,2,1
SF,IF2005,2020-04-13 09:40:16.100,3721.6000,10234,0,840984240.000,1,0,1,多换,S,3721.2000,3720.8000,3720.2000,3720.0000,3718.4000,3722.0000,3722.2000,3722.8000,3723.0000,3723.2000,1,1,1,20,2,2,1,1,4,2
SF,IF2005,2020-04-13 09:40:16.600,3721.6000,10234,0,840984240.000,0,-,-,-,-,3721.2000,3720.8000,3720.2000,3720.0000,3718.2000,3721.6000,3721.8000,3722.0000,3722.2000,3722.8000,1,1,1,20,1,2,1,2,1,1
SF,IF2005,2020-04-13 09:40:17.100,3722.0000,10232,-2,845450340.000,4,1,3,多平,S,3721.2000,3720.8000,3720.2000,3720.0000,3718.2000,3722.0000,3722.2000,3723.0000,3723.2000,3723.4000,1,1,1,20,1,1,1,4,2,1
SF,IF2005,2020-04-13 09:40:17.600,3721.2000,10234,2,847683180.000,2,2,0,双开,S,3720.8000,3720.2000,3720.0000,3718.2000,3718.0000,3722.0000,3722.2000,3722.6000,3723.0000,3723.2000,1,1,20,1,1,1,1,1,4,2
SF,IF2005,2020-04-13 09:40:18.100,3721.2000,10234,0,847683180.000,0,-,-,-,-,3721.0000,3720.8000,3720.2000,3720.0000,3718.2000,3722.0000,3722.2000,3722.6000,3723.0000,3723.2000,2,1,1,20,1,1,1,1,4,2
SF,IF2005,2020-04-13 09:40:18.600,3721.0000,10235,1,849915840.000,2,1,1,空开,S,3721.0000,3720.8000,3720.2000,3720.0000,3718.2000,3722.0000,3722.2000,3722.6000,3723.0000,3723.2000,2,1,1,20,1,1,1,1,4,2
SF,IF2005,2020-04-13 09:40:19.100,3722.0000,10237,2,852149040.000,2,2,0,双开,S,3722.0000,3721.0000,3720.8000,3720.2000,3720.0000,3722.2000,3722.6000,3723.0000,3723.2000,3723.4000,1,2,1,1,20,1,1,4,2,1
SF,IF2005,2020-04-13 09:40:19.600,3722.0000,10237,0,852149040.000,0,-,-,-,-,3721.0000,3720.8000,3720.2000,3720.0000,3718.2000,3722.0000,3722.2000,3722.6000,3723.0000,3723.2000,2,1,1,20,1,2,1,1,4,2
SF,IF2005,2020-04-13 09:40:20.100,3722.0000,10237,0,852149040.000,0,-,-,-,-,3721.2000,3721.0000,3720.8000,3720.2000,3720.0000,3722.0000,3722.2000,3722.6000,3723.0000,3723.2000,2,2,1,1,20,2,1,1,4,2
SF,IF2005,2020-04-13 09:40:20.600,3722.0000,10237,0,853265640.000,1,0,1,多换,S,3721.2000,3721.0000,3720.8000,3720.0000,3718.2000,3722.0000,3722.2000,3722.6000,3723.0000,3723.2000,2,2,2,20,1,1,1,1,4,2
SF,IF2005,2020-04-13 09:40:21.100,3722.0000,10238,1,854382240.000,1,1,0,双开,S,3722.0000,3721.2000,3721.0000,3720.8000,3720.0000,3722.2000,3722.6000,3723.0000,3723.2000,3723.4000,1,2,2,2,20,1,1,4,2,1
SF,IF2005,2020-04-13 09:40:21.600,3722.0000,10238,0,855498840.000,1,0,1,多换,S,3722.0000,3721.2000,3721.0000,3720.8000,3720.0000,3722.2000,3722.6000,3723.0000,3723.2000,3723.4000,1,1,2,2,20,1,1,4,2,1
SF,IF2005,2020-04-13 09:40:22.100,3722.0000,10238,0,856615440.000,1,0,1,多换,S,3721.0000,3720.8000,3720.0000,3718.2000,3718.0000,3722.0000,3722.2000,3722.6000,3723.0000,3723.2000,2,2,20,1,1,2,1,1,4,2
SF,IF2005,2020-04-13 09:40:22.600,3722.0000,10239,1,857732040.000,1,1,0,双开,S,3721.0000,3720.8000,3720.0000,3718.2000,3718.0000,3721.6000,3722.0000,3722.2000,3722.4000,3723.0000,2,2,20,1,1,1,1,1,1,4
SF,IF2005,2020-04-13 09:40:23.100,3721.6000,10241,2,859965120.000,2,2,0,双开,S,3720.8000,3720.0000,3718.2000,3718.0000,3717.8000,3721.8000,3722.0000,3722.2000,3722.4000,3723.0000,2,20,1,1,1,2,1,1,1,4
SF,IF2005,2020-04-13 09:40:23.600,3721.8000,10241,0,861081660.000,1,0,1,多换,S,3720.8000,3720.0000,3718.2000,3718.0000,3717.8000,3721.8000,3722.0000,3722.2000,3722.4000,3723.0000,2,20,1,1,1,1,1,1,1,4
SF,IF2005,2020-04-13 09:40:24.100,3721.8000,10241,0,861081660.000,0,-,-,-,-,3721.8000,3720.8000,3720.0000,3718.2000,3718.0000,3722.0000,3722.2000,3722.4000,3723.0000,3723.2000,1,2,20,1,1,1,1,1,4,2
SF,IF2005,2020-04-13 09:40:25.100,3722.0000,10242,1,863314800.000,2,1,1,空开,S,3722.0000,3720.8000,3720.0000,3718.2000,3718.0000,3722.2000,3722.4000,3723.0000,3723.2000,3723.4000,1,2,20,1,1,1,1,4,2,1
SF,IF2005,2020-04-13 09:40:25.600,3722.0000,10242,0,863314800.000,0,-,-,-,-,3722.0000,3720.8000,3720.0000,3718.2000,3718.0000,3722.2000,3722.4000,3723.0000,3723.2000,3723.4000,1,2,20,1,1,1,1,4,2,1
SF,IF2005,2020-04-13 09:40:26.100,3722.2000,10244,2,866664660.000,3,2,1,空开,S,3722.2000,3720.8000,3720.0000,3718.2000,3718.0000,3722.4000,3723.0000,3723.2000,3723.4000,3724.6000,1,2,20,1,1,1,4,2,1,1
SF,IF2005,2020-04-13 09:40:26.600,3722.2000,10244,0,867781320.000,1,0,1,多换,S,3720.8000,3720.0000,3718.2000,3718.0000,3717.8000,3722.4000,3723.0000,3723.2000,3723.4000,3724.6000,2,20,1,1,1,1,4,2,1,3
SF,IF2005,2020-04-13 09:40:27.100,3722.2000,10244,0,867781320.000,0,-,-,-,-,3721.0000,3720.8000,3720.0000,3718.2000,3718.0000,3722.2000,3722.4000,3723.0000,3723.2000,3723.4000,4,2,20,1,1,2,1,4,2,1
SF,IF2005,2020-04-13 09:40:27.600,3722.2000,10246,2,870014640.000,2,2,0,双开,S,3722.2000,3721.2000,3721.0000,3720.8000,3720.0000,3723.0000,3723.2000,3723.4000,3724.6000,3724.8000,1,2,3,2,20,4,2,1,3,3
SF,IF2005,2020-04-13 09:40:28.100,3722.2000,10247,1,871131300.000,1,1,0,双开,S,3721.2000,3721.0000,3720.8000,3720.0000,3718.2000,3723.0000,3723.2000,3723.4000,3724.6000,3724.8000,2,2,2,20,1,4,2,1,3,3
SF,IF2005,2020-04-13 09:40:28.600,3721.4000,10247,0,873364140.000,2,1,1,多换,S,3721.4000,3721.2000,3721.0000,3720.8000,3720.0000,3722.2000,3722.8000,3723.0000,3723.2000,3723.4000,1,1,2,2,20,1,1,4,2,1
SF,IF2005,2020-04-13 09:40:29.100,3722.2000,10247,0,874480800.000,1,0,1,多换,S,3722.2000,3721.6000,3721.4000,3721.2000,3721.0000,3722.8000,3723.0000,3723.2000,3723.4000,3724.6000,1,1,1,1,2,1,4,2,1,3
SF,IF2005,2020-04-13 09:40:30.100,3722.2000,10247,0,875597460.000,1,0,1,多换,S,3721.6000,3721.4000,3721.0000,3720.8000,3720.0000,3722.2000,3722.8000,3723.0000,3723.2000,3723.4000,1,1,2,2,20,1,1,4,2,1
SF,IF2005,2020-04-13 09:40:30.600,3722.8000,10247,0,877830960.000,2,1,1,多换,S,3722.4000,3722.2000,3721.8000,3721.6000,3721.4000,3723.0000,3723.2000,3723.4000,3724.6000,3724.8000,1,1,2,1,1,4,2,1,3,3
SF,IF2005,2020-04-13 09:40:31.100,3722.8000,10247,0,877830960.000,0,-,-,-,-,3721.8000,3721.6000,3721.4000,3720.8000,3720.0000,3723.0000,3723.2000,3723.4000,3724.6000,3724.8000,2,1,1,2,20,4,2,1,3,2
SF,IF2005,2020-04-13 09:40:31.600,3723.0000,10250,3,881181660.000,3,3,0,双开,S,3722.0000,3721.8000,3721.4000,3720.8000,3720.0000,3723.0000,3723.2000,3723.4000,3724.6000,3725.0000,4,2,1,2,20,1,2,1,3,2
SF,IF2005,2020-04-13 09:40:32.100,3723.0000,10251,1,882298560.000,1,1,0,双开,S,3723.0000,3722.0000,3721.8000,3721.4000,3720.8000,3723.2000,3723.4000,3724.6000,3725.0000,3726.0000,1,4,2,1,2,2,1,3,2,1
SF,IF2005,2020-04-13 09:40:32.600,3723.0000,10251,0,883415460.000,1,0,1,多换,S,3722.0000,3721.8000,3720.8000,3720.0000,3718.2000,3723.2000,3723.4000,3724.6000,3725.0000,3726.0000,7,1,2,20,1,2,1,3,2,1
SF,IF2005,2020-04-13 09:40:33.100,3722.0000,10251,0,885648660.000,2,1,1,多换,S,3722.0000,3721.8000,3720.8000,3720.0000,3718.2000,3723.0000,3723.2000,3723.4000,3724.6000,3725.0000,2,1,2,20,1,1,2,1,3,2
SF,IF2005,2020-04-13 09:40:34.100,3722.0000,10251,0,888998760.000,3,1,2,多换,S,3723.0000,3721.8000,3720.8000,3720.0000,3718.2000,3723.2000,3723.4000,3724.6000,3725.0000,3726.0000,1,1,2,20,1,2,1,3,2,1
SF,IF2005,2020-04-13 09:40:34.600,3723.0000,10251,0,890115660.000,1,0,1,多换,S,3721.8000,3720.8000,3720.0000,3718.2000,3718.0000,3722.8000,3723.0000,3723.2000,3723.4000,3724.6000,1,2,20,1,1,3,1,2,1,3
SF,IF2005,2020-04-13 09:40:35.100,3722.0000,10253,2,893466000.000,3,2,1,空开,S,3722.8000,3722.0000,3721.8000,3720.8000,3720.0000,3723.2000,3723.4000,3724.6000,3725.0000,3726.0000,1,3,1,2,20,2,1,3,2,1
SF,IF2005,2020-04-13 09:40:35.600,3722.0000,10253,0,893466000.000,0,-,-,-,-,3722.0000,3721.8000,3720.8000,3720.0000,3718.2000,3723.2000,3723.4000,3724.6000,3725.0000,3726.0000,3,1,2,20,1,2,1,3,2,1
SF,IF2005,2020-04-13 09:40:36.100,3722.0000,10253,0,895699200.000,2,1,1,多换,S,3722.0000,3721.8000,3720.8000,3720.0000,3718.2000,3723.2000,3723.4000,3724.6000,3725.0000,3726.0000,1,1,2,20,1,2,1,3,2,1
SF,IF2005,2020-04-13 09:40:36.600,3723.2000,10255,2,897933120.000,2,2,0,双开,S,3723.2000,3722.4000,3722.2000,3722.0000,3721.8000,3723.4000,3724.6000,3725.0000,3726.0000,3726.6000,1,1,1,1,1,1,3,2,1,5
SF,IF2005,2020-04-13 09:40:37.100,3722.4000,10256,1,901283760.000,3,2,1,空开,S,3723.2000,3722.2000,3721.8000,3721.0000,3720.8000,3723.4000,3724.6000,3725.0000,3726.0000,3726.6000,2,1,1,4,2,1,3,2,1,5
SF,IF2005,2020-04-13 09:40:37.600,3723.4000,10255,-1,904634700.000,3,1,2,多平,S,3723.4000,3722.2000,3721.8000,3721.0000,3720.8000,3724.6000,3725.0000,3726.0000,3726.6000,3727.0000,1,1,1,4,2,3,2,1,5,5
SF,IF2005,2020-04-13 09:40:38.100,3723.4000,10255,0,905751720.000,1,0,1,多换,S,3722.2000,3721.8000,3721.0000,3720.8000,3720.0000,3723.4000,3724.2000,3724.4000,3724.6000,3724.8000,1,1,4,2,20,2,2,3,3,1
SF,IF2005,2020-04-13 09:40:38.600,3723.4000,10255,0,905751720.000,0,-,-,-,-,3722.2000,3721.8000,3721.0000,3720.8000,3720.0000,3723.2000,3723.4000,3724.2000,3724.4000,3724.6000,1,1,4,2,20,2,2,2,3,4
SF,IF2005,2020-04-13 09:40:39.100,3723.4000,10255,0,905751720.000,0,-,-,-,-,3722.2000,3721.8000,3720.8000,3720.0000,3718.6000,3723.2000,3723.4000,3724.2000,3724.4000,3724.6000,1,1,2,20,1,1,2,2,3,4
SF,IF2005,2020-04-13 09:40:39.600,3723.4000,10255,0,905751720.000,0,-,-,-,-,3722.2000,3721.8000,3720.8000,3720.4000,3720.0000,3723.4000,3724.2000,3724.4000,3724.6000,3724.8000,1,1,2,4,20,2,2,3,4,1
SF,IF2005,2020-04-13 09:40:40.600,3723.4000,10257,2,907985760.000,2,2,0,双开,S,3723.4000,3722.2000,3721.8000,3720.8000,3720.4000,3724.2000,3724.4000,3724.6000,3724.8000,3725.0000,1,1,1,2,4,2,1,4,1,2
SF,IF2005,2020-04-13 09:40:41.100,3723.4000,10257,0,909102780.000,1,0,1,多换,S,3722.2000,3721.8000,3720.8000,3720.4000,3720.0000,3723.4000,3724.0000,3724.2000,3724.4000,3724.6000,1,1,2,4,20,3,1,2,1,4
SF,IF2005,2020-04-13 09:40:41.600,3723.4000,10257,0,909102780.000,0,-,-,-,-,3722.2000,3721.8000,3720.8000,3720.4000,3720.0000,3723.4000,3724.0000,3724.2000,3724.4000,3724.6000,1,1,2,4,20,3,1,2,1,4
SF,IF2005,2020-04-13 09:40:42.100,3723.4000,10259,2,912453840.000,3,2,1,空开,S,3723.4000,3722.4000,3722.2000,3721.8000,3720.8000,3724.0000,3724.2000,3724.4000,3724.6000,3724.8000,1,2,1,1,2,1,1,1,3,1
SF,IF2005,2020-04-13 09:40:42.600,3723.4000,10259,0,912453840.000,0,-,-,-,-,3722.4000,3722.2000,3721.8000,3720.8000,3720.4000,3724.2000,3724.6000,3725.0000,3726.6000,3727.0000,2,1,1,2,4,1,3,2,5,6
SF,IF2005,2020-04-13 09:40:43.100,3724.0000,10259,0,913571040.000,1,0,1,多换,S,3722.6000,3722.4000,3721.8000,3720.8000,3720.4000,3724.2000,3724.6000,3725.0000,3726.6000,3727.0000,1,2,1,2,4,1,2,2,5,6
SF,IF2005,2020-04-13 09:40:43.600,3724.2000,10259,0,914688300.000,1,0,1,多换,S,3722.8000,3722.6000,3722.4000,3721.8000,3720.8000,3724.6000,3725.0000,3726.6000,3727.0000,3729.0000,1,1,2,1,2,2,2,5,6,2
SF,IF2005,2020-04-13 09:40:44.100,3722.8000,10259,0,916922040.000,2,1,1,多换,S,3722.4000,3721.8000,3720.8000,3720.4000,3720.0000,3724.4000,3724.6000,3725.0000,3726.6000,3727.0000,2,1,2,4,20,1,2,2,5,6
SF,IF2005,2020-04-13 09:40:44.600,3722.8000,10259,0,916922040.000,0,-,-,-,-,3722.6000,3722.4000,3721.8000,3720.8000,3720.4000,3724.4000,3724.6000,3725.0000,3726.6000,3727.0000,5,2,1,2,4,1,2,2,5,6
SF,IF2005,2020-04-13 09:40:45.100,3722.8000,10259,0,916922040.000,0,-,-,-,-,3722.6000,3721.8000,3720.8000,3720.4000,3720.0000,3724.4000,3724.6000,3725.0000,3726.6000,3727.0000,5,1,2,4,20,1,2,2,5,6
SF,IF2005,2020-04-13 09:40:45.600,3722.8000,10259,0,916922040.000,0,-,-,-,-,3722.8000,3722.6000,3721.8000,3720.8000,3720.4000,3724.4000,3724.6000,3725.0000,3726.6000,3727.0000,1,4,1,2,4,1,2,2,5,6
SF,IF2005,2020-04-13 09:40:46.100,3722.8000,10259,0,919155720.000,2,1,1,多换,S,3722.8000,3722.6000,3721.8000,3720.8000,3720.4000,3724.4000,3724.6000,3725.0000,3726.6000,3727.0000,3,3,1,2,4,1,2,2,5,6
SF,IF2005,2020-04-13 09:40:46.600,3724.4000,10259,0,920273040.000,1,0,1,多换,S,3724.4000,3723.0000,3722.8000,3722.6000,3721.8000,3724.6000,3725.0000,3726.6000,3727.0000,3729.2000,1,3,3,1,1,2,2,5,6,3
SF,IF2005,2020-04-13 09:40:47.100,3724.4000,10259,0,921390360.000,1,0,1,多换,S,3723.0000,3722.6000,3721.8000,3720.8000,3720.4000,3724.4000,3724.6000,3725.0000,3726.6000,3727.0000,1,1,1,2,4,4,2,2,5,6
SF,IF2005,2020-04-13 09:40:47.600,3724.4000,10260,1,922507680.000,1,1,0,双开,S,3723.0000,3722.6000,3721.8000,3720.8000,3720.0000,3724.4000,3724.6000,3725.0000,3726.6000,3727.0000,2,1,1,6,20,2,2,2,5,6
SF,IF2005,2020-04-13 09:40:48.100,3724.4000,10262,2,924742320.000,2,2,0,双开,S,3724.4000,3723.2000,3723.0000,3722.6000,3721.8000,3724.6000,3725.0000,3726.6000,3727.0000,3729.2000,1,2,2,1,1,2,2,5,6,3
SF,IF2005,2020-04-13 09:40:48.600,3724.6000,10262,0,926977080.000,2,1,1,多换,S,3724.4000,3723.2000,3723.0000,3722.6000,3721.8000,3725.0000,3726.6000,3727.0000,3729.2000,3729.6000,1,2,1,1,1,2,5,6,3,1
SF,IF2005,2020-04-13 09:40:49.100,3724.4000,10263,1,928094400.000,1,1,0,双开,S,3723.2000,3723.0000,3722.6000,3722.4000,3721.8000,3724.4000,3725.0000,3726.6000,3727.0000,3729.2000,2,1,1,1,1,1,2,5,6,3
SF,IF2005,2020-04-13 09:40:49.600,3725.0000,10264,1,930329220.000,2,1,1,空开,S,3724.6000,3723.4000,3723.2000,3722.4000,3721.8000,3725.0000,3726.6000,3727.0000,3729.2000,3729.6000,1,5,2,1,1,1,5,6,3,1
SF,IF2005,2020-04-13 09:40:50.100,3725.0000,10264,0,930329220.000,0,-,-,-,-,3724.4000,3723.4000,3721.8000,3720.8000,3720.0000,3725.0000,3726.6000,3727.0000,3729.2000,3729.6000,1,8,1,6,20,1,5,6,3,1
SF,IF2005,2020-04-13 09:40:50.600,3725.0000,10264,0,931446720.000,1,0,1,多换,S,3725.0000,3724.4000,3723.4000,3721.8000,3720.8000,3726.6000,3727.0000,3729.2000,3729.6000,3730.0000,1,1,8,1,6,5,6,3,1,8
SF,IF2005,2020-04-13 09:40:51.100,3725.0000,10264,0,931446720.000,0,-,-,-,-,3724.4000,3723.4000,3721.8000,3720.8000,3720.0000,3726.0000,3726.4000,3726.6000,3727.0000,3729.2000,1,8,1,6,20,1,5,5,6,3
SF,IF2005,2020-04-13 09:40:51.600,3725.8000,10263,-1,932564460.000,1,0,1,双平,S,3724.4000,3723.4000,3721.8000,3720.8000,3720.0000,3726.0000,3726.4000,3726.6000,3727.0000,3729.2000,1,8,1,6,20,1,5,5,6,3
SF,IF2005,2020-04-13 09:40:52.100,3725.8000,10263,0,932564460.000,0,-,-,-,-,3724.6000,3724.4000,3723.4000,3721.8000,3720.8000,3725.8000,3726.4000,3726.6000,3727.0000,3729.2000,2,1,6,1,6,1,5,5,6,3
SF,IF2005,2020-04-13 09:40:52.600,3725.8000,10263,0,932564460.000,0,-,-,-,-,3724.6000,3724.4000,3723.4000,3721.8000,3720.8000,3725.8000,3726.0000,3726.4000,3726.6000,3727.0000,1,1,6,1,6,1,1,4,5,6
SF,IF2005,2020-04-13 09:40:53.100,3725.8000,10263,0,932564460.000,0,-,-,-,-,3724.8000,3724.4000,3723.4000,3721.8000,3720.8000,3725.8000,3726.4000,3726.6000,3727.0000,3729.2000,3,1,5,1,6,1,4,5,6,3
SF,IF2005,2020-04-13 09:40:53.600,3725.8000,10263,0,932564460.000,0,-,-,-,-,3725.0000,3724.8000,3723.4000,3721.8000,3720.8000,3725.8000,3726.4000,3726.6000,3727.0000,3729.2000,1,2,5,1,6,1,2,5,6,3
SF,IF2005,2020-04-13 09:40:54.600,3725.8000,10263,0,933682200.000,1,0,1,多换,S,3725.8000,3725.0000,3724.8000,3723.4000,3721.8000,3726.4000,3726.6000,3727.0000,3729.6000,3730.0000,1,1,2,5,1,2,5,6,1,8
SF,IF2005,2020-04-13 09:40:55.100,3725.8000,10263,0,934799940.000,1,0,1,多换,S,3725.0000,3724.8000,3723.4000,3721.8000,3720.8000,3725.6000,3725.8000,3726.4000,3726.6000,3727.0000,1,1,4,1,6,1,2,2,5,6
SF,IF2005,2020-04-13 09:40:55.600,3725.8000,10263,0,934799940.000,0,-,-,-,-,3725.0000,3724.8000,3723.4000,3721.8000,3720.8000,3725.6000,3725.8000,3726.0000,3726.4000,3726.6000,1,1,4,1,6,1,3,1,2,5
SF,IF2005,2020-04-13 09:40:56.100,3725.0000,10262,-1,935917440.000,1,0,1,双平,S,3723.4000,3721.8000,3720.8000,3720.0000,3718.6000,3725.0000,3725.6000,3725.8000,3726.0000,3726.4000,4,1,6,20,1,1,1,3,1,2
SF,IF2005,2020-04-13 09:40:56.600,3725.0000,10263,1,938152440.000,2,1,1,空开,S,3723.6000,3723.4000,3721.8000,3720.8000,3720.0000,3725.6000,3725.8000,3726.0000,3726.4000,3726.6000,1,2,1,6,20,1,2,1,2,5
SF,IF2005,2020-04-13 09:40:57.100,3725.0000,10263,0,938152440.000,0,-,-,-,-,3723.6000,3721.8000,3720.8000,3720.0000,3718.6000,3725.4000,3725.6000,3725.8000,3726.0000,3726.4000,1,1,6,20,1,4,1,2,1,1
SF,IF2005,2020-04-13 09:40:58.100,3725.0000,10263,0,938152440.000,0,-,-,-,-,3723.6000,3721.8000,3720.8000,3720.0000,3718.6000,3725.4000,3725.6000,3725.8000,3726.0000,3726.4000,1,1,1,20,1,3,1,2,1,1
SF,IF2005,2020-04-13 09:40:58.600,3725.0000,10263,0,938152440.000,0,-,-,-,-,3723.6000,3721.8000,3720.8000,3720.0000,3718.6000,3725.0000,3725.2000,3725.4000,3725.6000,3725.8000,1,1,1,20,1,1,5,3,1,2
SF,IF2005,2020-04-13 09:40:59.100,3723.6000,10263,0,939269520.000,1,0,1,多换,S,3723.6000,3721.8000,3720.8000,3720.0000,3718.6000,3724.8000,3725.0000,3725.2000,3725.4000,3725.6000,1,1,1,20,1,1,1,5,2,1
SF,IF2005,2020-04-13 09:40:59.600,3723.6000,10263,0,939269520.000,0,-,-,-,-,3723.8000,3723.6000,3721.8000,3720.8000,3720.0000,3724.8000,3725.0000,3725.2000,3725.4000,3725.6000,1,1,1,1,20,1,6,2,2,1
SF,IF2005,2020-04-13 09:41:00.100,3723.6000,10263,0,939269520.000,0,-,-,-,-,3723.8000,3723.6000,3721.8000,3720.8000,3720.0000,3724.8000,3725.0000,3725.2000,3725.4000,3725.6000,1,1,1,1,20,1,6,2,1,2
SF,IF2005,2020-04-13 09:41:02.600,3723.8000,10263,0,940386660.000,1,0,1,多换,S,3723.6000,3721.8000,3720.8000,3720.0000,3718.6000,3724.6000,3724.8000,3725.0000,3725.2000,3725.4000,1,1,1,20,1,1,1,6,2,1
SF,IF2005,2020-04-13 09:41:03.100,3723.6000,10263,0,941503740.000,1,0,1,多换,S,3721.8000,3720.8000,3720.0000,3718.6000,3718.2000,3724.4000,3724.6000,3724.8000,3725.0000,3725.2000,1,1,20,1,1,3,1,2,6,2
SF,IF2005,2020-04-13 09:41:03.600,3723.6000,10263,0,941503740.000,0,-,-,-,-,3722.0000,3721.8000,3720.8000,3720.0000,3718.6000,3724.4000,3724.6000,3724.8000,3725.0000,3725.2000,3,1,1,20,1,3,1,2,6,2
SF,IF2005,2020-04-13 09:41:04.100,3723.6000,10263,0,941503740.000,0,-,-,-,-,3722.0000,3721.8000,3720.8000,3720.0000,3718.6000,3724.2000,3724.4000,3724.6000,3724.8000,3725.0000,1,1,1,20,1,4,2,1,2,6
SF,IF2005,2020-04-13 09:41:04.600,3723.6000,10263,0,941503740.000,0,-,-,-,-,3722.2000,3722.0000,3721.8000,3720.8000,3720.0000,3724.0000,3724.4000,3724.6000,3725.0000,3725.2000,3,1,1,1,20,1,1,1,6,1
SF,IF2005,2020-04-13 09:41:05.100,3723.6000,10263,0,941503740.000,0,-,-,-,-,3722.4000,3722.2000,3721.8000,3720.8000,3720.0000,3724.0000,3724.2000,3724.4000,3724.6000,3725.0000,1,3,1,1,20,1,1,1,1,6
SF,IF2005,2020-04-13 09:41:05.600,3723.6000,10263,0,941503740.000,0,-,-,-,-,3722.4000,3722.2000,3721.8000,3720.8000,3720.0000,3724.0000,3724.2000,3724.6000,3725.0000,3725.2000,3,3,1,1,20,1,1,1,6,1
SF,IF2005,2020-04-13 09:41:06.100,3723.6000,10263,0,941503740.000,0,-,-,-,-,3722.4000,3722.2000,3721.8000,3720.8000,3720.0000,3724.2000,3724.6000,3725.0000,3725.2000,3725.4000,3,3,1,1,20,1,1,6,1,1
SF,IF2005,2020-04-13 09:41:06.600,3723.6000,10263,0,941503740.000,0,-,-,-,-,3724.0000,3722.6000,3722.4000,3722.2000,3721.8000,3724.2000,3725.0000,3725.2000,3725.4000,3725.6000,1,4,3,3,1,1,6,1,1,1
SF,IF2005,2020-04-13 09:41:07.100,3723.6000,10263,0,941503740.000,0,-,-,-,-,3724.0000,3722.6000,3722.4000,3721.8000,3720.8000,3724.2000,3724.4000,3725.0000,3725.2000,3725.4000,1,3,3,1,1,1,1,6,1,1
SF,IF2005,2020-04-13 09:41:07.600,3724.0000,10263,0,942620940.000,1,0,1,多换,S,3722.6000,3722.4000,3721.8000,3720.8000,3720.0000,3724.2000,3724.4000,3725.0000,3725.2000,3725.4000,3,3,1,1,20,1,1,6,1,1
SF,IF2005,2020-04-13 09:41:08.100,3724.0000,10263,0,942620940.000,0,-,-,-,-,3722.8000,3722.6000,3722.4000,3721.8000,3720.8000,3724.0000,3724.2000,3724.4000,3725.0000,3725.2000,3,2,2,1,1,1,1,1,6,1
SF,IF2005,2020-04-13 09:41:08.600,3724.2000,10263,0,943738200.000,1,0,1,多换,S,3724.0000,3722.8000,3722.6000,3721.8000,3720.8000,3724.4000,3725.0000,3725.2000,3725.4000,3725.6000,1,5,2,1,1,1,6,1,1,1
SF,IF2005,2020-04-13 09:41:09.100,3724.0000,10263,0,944855400.000,1,0,1,多换,S,3724.0000,3722.8000,3722.6000,3721.8000,3720.8000,3724.4000,3725.0000,3725.2000,3725.4000,3725.6000,1,2,2,1,1,1,6,1,1,1
SF,IF2005,2020-04-13 09:41:10.600,3724.0000,10263,0,944855400.000,0,-,-,-,-,3724.0000,3722.8000,3722.6000,3721.8000,3720.8000,3724.4000,3725.0000,3725.2000,3725.6000,3726.0000,1,2,2,1,1,1,6,2,1,1
SF,IF2005,2020-04-13 09:41:11.100,3724.0000,10263,0,944855400.000,0,-,-,-,-,3724.0000,3722.8000,3722.6000,3721.8000,3720.8000,3724.4000,3725.0000,3725.2000,3725.6000,3726.0000,1,1,2,1,1,1,6,2,1,1
SF,IF2005,2020-04-13 09:41:11.600,3724.0000,10263,0,944855400.000,0,-,-,-,-,3724.0000,3722.8000,3722.6000,3721.8000,3720.8000,3724.4000,3725.0000,3725.2000,3725.6000,3726.0000,1,1,2,1,1,1,6,2,1,1
SF,IF2005,2020-04-13 09:41:12.100,3724.4000,10263,0,945972720.000,1,0,1,多换,S,3724.4000,3724.2000,3724.0000,3722.8000,3722.6000,3725.0000,3725.2000,3725.6000,3726.0000,3726.4000,2,1,1,1,2,6,2,1,1,1
SF,IF2005,2020-04-13 09:41:12.600,3725.2000,10261,-2,954912840.000,8,3,5,多平,S,3725.0000,3724.4000,3724.2000,3722.8000,3722.6000,3725.6000,3726.0000,3726.4000,3726.6000,3727.0000,1,1,1,1,2,1,1,1,5,6
SF,IF2005,2020-04-13 09:41:13.100,3725.2000,10261,0,954912840.000,0,-,-,-,-,3725.0000,3724.4000,3724.2000,3723.6000,3722.8000,3725.6000,3726.4000,3726.6000,3727.0000,3729.0000,1,1,1,2,1,1,1,5,6,1
SF,IF2005,2020-04-13 09:41:13.600,3725.2000,10261,0,954912840.000,0,-,-,-,-,3725.0000,3724.4000,3724.2000,3723.6000,3722.8000,3725.6000,3726.4000,3726.6000,3727.0000,3729.0000,1,1,1,2,1,1,1,5,6,1
SF,IF2005,2020-04-13 09:41:14.100,3725.2000,10261,0,954912840.000,0,-,-,-,-,3725.0000,3724.4000,3724.2000,3723.6000,3722.8000,3725.6000,3726.4000,3726.6000,3727.0000,3729.0000,1,1,1,2,1,1,1,5,6,1
SF,IF2005,2020-04-13 09:41:14.600,3725.2000,10261,0,954912840.000,0,-,-,-,-,3725.0000,3724.4000,3724.2000,3723.6000,3722.8000,3725.6000,3726.6000,3727.0000,3729.0000,3729.6000,1,1,1,2,1,1,5,6,1,2
SF,IF2005,2020-04-13 09:41:15.600,3725.2000,10261,0,954912840.000,0,-,-,-,-,3725.0000,3724.2000,3723.6000,3722.8000,3722.6000,3725.6000,3726.6000,3727.0000,3729.0000,3729.6000,1,1,2,1,2,1,5,6,1,2
SF,IF2005,2020-04-13 09:41:16.100,3725.2000,10261,0,954912840.000,0,-,-,-,-,3724.2000,3723.6000,3722.8000,3722.6000,3721.8000,3725.6000,3726.6000,3727.0000,3729.0000,3729.6000,1,2,1,2,1,1,5,6,1,2
SF,IF2005,2020-04-13 09:41:16.600,3725.2000,10261,0,954912840.000,0,-,-,-,-,3724.4000,3724.2000,3723.6000,3722.6000,3721.8000,3725.6000,3726.6000,3727.0000,3729.0000,3729.6000,4,1,2,1,1,1,5,6,1,2
SF,IF2005,2020-04-13 09:41:17.100,3725.6000,10262,1,956030520.000,1,1,0,双开,S,3725.6000,3724.6000,3724.4000,3724.2000,3723.6000,3726.6000,3727.0000,3729.0000,3729.6000,3730.0000,1,1,2,1,2,5,6,1,2,8
SF,IF2005,2020-04-13 09:41:17.600,3725.6000,10262,0,956030520.000,0,-,-,-,-,3724.4000,3724.2000,3723.6000,3722.6000,3721.8000,3726.4000,3726.6000,3727.0000,3729.0000,3729.6000,2,1,2,1,1,2,5,6,1,2
SF,IF2005,2020-04-13 09:41:18.100,3725.6000,10262,0,956030520.000,0,-,-,-,-,3724.6000,3724.4000,3723.6000,3722.6000,3721.8000,3725.6000,3726.4000,3726.6000,3727.0000,3729.0000,1,2,2,1,1,1,3,5,6,1
SF,IF2005,2020-04-13 09:41:18.600,3725.6000,10262,0,956030520.000,0,-,-,-,-,3724.8000,3724.6000,3724.4000,3723.6000,3722.6000,3725.6000,3726.4000,3726.6000,3727.0000,3729.0000,1,6,1,2,1,1,2,5,6,1
SF,IF2005,2020-04-13 09:41:19.100,3725.6000,10262,0,956030520.000,0,-,-,-,-,3724.8000,3724.6000,3724.4000,3723.6000,3722.6000,3725.6000,3726.4000,3726.6000,3727.0000,3729.0000,1,5,1,2,1,1,2,5,6,1
SF,IF2005,2020-04-13 09:41:19.600,3725.6000,10263,1,957148200.000,1,1,0,双开,S,3725.6000,3724.8000,3724.6000,3724.4000,3723.6000,3726.4000,3726.6000,3727.0000,3729.0000,3729.6000,1,1,3,1,2,1,5,6,1,2
SF,IF2005,2020-04-13 09:41:20.100,3725.6000,10264,1,958265880.000,1,1,0,双开,S,3724.8000,3724.4000,3723.6000,3722.6000,3721.8000,3726.2000,3726.4000,3726.6000,3727.0000,3729.0000,1,1,2,1,1,1,1,5,6,1
SF,IF2005,2020-04-13 09:41:20.600,3725.6000,10264,0,958265880.000,0,-,-,-,-,3724.8000,3723.6000,3722.6000,3721.8000,3720.8000,3726.0000,3726.2000,3726.6000,3727.0000,3729.0000,1,2,1,1,1,1,1,5,6,1
SF,IF2005,2020-04-13 09:41:21.100,3725.8000,10264,0,959383620.000,1,0,1,多换,S,3723.6000,3722.6000,3721.8000,3720.8000,3720.0000,3726.0000,3726.2000,3726.6000,3727.0000,3729.0000,2,1,1,1,20,2,1,5,6,1
SF,IF2005,2020-04-13 09:41:21.600,3725.8000,10264,0,959383620.000,0,-,-,-,-,3724.0000,3723.8000,3723.6000,3722.6000,3721.8000,3725.8000,3726.0000,3726.2000,3726.6000,3727.0000,1,3,2,1,1,1,1,1,5,6
SF,IF2005,2020-04-13 09:41:22.100,3725.8000,10264,0,959383620.000,0,-,-,-,-,3724.2000,3724.0000,3723.8000,3723.6000,3722.6000,3725.6000,3725.8000,3726.6000,3727.0000,3729.0000,1,2,2,2,1,1,1,5,6,1
SF,IF2005,2020-04-13 09:41:22.600,3725.6000,10264,0,960501300.000,1,0,1,多换,S,3725.6000,3724.2000,3724.0000,3723.8000,3723.6000,3725.8000,3726.6000,3727.0000,3729.0000,3729.6000,1,1,3,2,2,1,5,6,1,2
SF,IF2005,2020-04-13 09:41:23.100,3725.6000,10265,1,961618980.000,1,1,0,双开,S,3724.2000,3723.8000,3723.6000,3722.6000,3721.8000,3725.6000,3726.6000,3727.0000,3729.0000,3729.6000,1,2,2,1,1,1,5,6,1,2
SF,IF2005,2020-04-13 09:41:23.600,3725.6000,10266,1,962736660.000,1,1,0,双开,S,3725.8000,3724.6000,3724.2000,3723.8000,3723.6000,3726.6000,3727.0000,3729.0000,3729.6000,3730.0000,1,2,1,2,2,5,6,1,2,8
SF,IF2005,2020-04-13 09:41:24.100,3725.8000,10267,1,963854400.000,1,1,0,双开,S,3724.2000,3723.8000,3723.6000,3722.6000,3721.8000,3726.4000,3726.6000,3727.0000,3729.0000,3729.6000,1,2,2,1,1,3,5,6,1,2
SF,IF2005,2020-04-13 09:41:24.600,3726.2000,10267,0,964972260.000,1,0,1,多换,S,3724.4000,3724.2000,3723.8000,3723.6000,3722.6000,3726.4000,3726.6000,3727.0000,3729.0000,3729.6000,1,1,2,2,1,3,5,6,1,2
SF,IF2005,2020-04-13 09:41:25.100,3726.2000,10267,0,964972260.000,0,-,-,-,-,3724.6000,3724.4000,3723.8000,3723.6000,3722.6000,3725.6000,3726.0000,3726.2000,3726.4000,3726.6000,1,1,2,2,1,1,1,3,2,5
SF,IF2005,2020-04-13 09:41:25.600,3726.2000,10267,0,964972260.000,0,-,-,-,-,3724.6000,3723.8000,3723.6000,3722.6000,3721.8000,3725.6000,3726.2000,3726.4000,3726.6000,3727.0000,1,2,2,1,1,1,2,2,5,6
SF,IF2005,2020-04-13 09:41:26.100,3726.2000,10267,0,964972260.000,0,-,-,-,-,3723.8000,3723.6000,3722.6000,3721.8000,3721.0000,3725.4000,3725.6000,3726.2000,3726.4000,3726.6000,2,2,1,1,8,1,1,2,1,5
SF,IF2005,2020-04-13 09:41:26.600,3726.2000,10267,0,964972260.000,0,-,-,-,-,3724.0000,3723.8000,3723.6000,3722.6000,3721.8000,3725.4000,3725.6000,3726.2000,3726.4000,3726.6000,1,2,2,1,1,1,1,2,1,5
SF,IF2005,2020-04-13 09:41:27.100,3726.2000,10267,0,964972260.000,0,-,-,-,-,3724.4000,3724.0000,3723.8000,3723.6000,3722.6000,3725.4000,3725.6000,3726.2000,3726.4000,3726.6000,1,1,2,2,1,1,1,2,1,5
SF,IF2005,2020-04-13 09:41:29.100,3726.2000,10267,0,964972260.000,0,-,-,-,-,3724.6000,3724.4000,3724.0000,3723.8000,3723.6000,3725.4000,3725.6000,3726.2000,3726.4000,3726.6000,2,1,1,2,2,1,1,2,1,5
SF,IF2005,2020-04-13 09:41:29.600,3726.2000,10267,0,964972260.000,0,-,-,-,-,3724.4000,3724.0000,3723.8000,3723.6000,3722.6000,3725.6000,3726.2000,3726.4000,3726.6000,3726.8000,1,1,2,2,1,1,2,1,5,1
SF,IF2005,2020-04-13 09:41:30.100,3726.2000,10267,0,964972260.000,0,-,-,-,-,3724.6000,3724.4000,3724.0000,3723.6000,3722.6000,3725.6000,3726.2000,3726.4000,3726.6000,3726.8000,2,1,1,2,1,1,1,1,5,1
SF,IF2005,2020-04-13 09:41:33.100,3726.2000,10267,0,964972260.000,0,-,-,-,-,3724.4000,3724.0000,3723.6000,3722.6000,3721.8000,3725.6000,3726.2000,3726.4000,3726.6000,3726.8000,1,1,3,1,1,1,1,1,5,1
SF,IF2005,2020-04-13 09:41:33.600,3726.2000,10267,0,964972260.000,0,-,-,-,-,3724.4000,3724.0000,3723.6000,3722.6000,3721.8000,3724.6000,3725.4000,3725.6000,3726.2000,3726.4000,1,1,3,1,1,1,1,1,1,1
SF,IF2005,2020-04-13 09:41:34.100,3724.6000,10268,1,966089640.000,1,1,0,双开,S,3724.6000,3724.4000,3724.0000,3723.6000,3722.6000,3725.4000,3725.6000,3726.2000,3726.4000,3726.6000,1,1,1,3,1,1,1,1,1,5
SF,IF2005,2020-04-13 09:41:34.600,3724.6000,10268,0,966089640.000,0,-,-,-,-,3724.4000,3724.0000,3723.6000,3722.6000,3721.8000,3725.4000,3725.6000,3726.2000,3726.4000,3726.6000,1,1,3,1,1,1,1,1,1,5
SF,IF2005,2020-04-13 09:41:35.100,3724.4000,10267,-1,967206960.000,1,0,1,双平,S,3723.6000,3722.6000,3721.8000,3721.0000,3720.0000,3725.4000,3725.6000,3726.2000,3726.4000,3726.6000,3,1,1,8,20,1,1,1,1,5
SF,IF2005,2020-04-13 09:41:35.600,3724.4000,10267,0,967206960.000,0,-,-,-,-,3723.8000,3723.6000,3722.6000,3721.8000,3721.0000,3725.2000,3725.4000,3725.6000,3726.2000,3726.6000,1,3,1,1,8,2,1,1,1,5
SF,IF2005,2020-04-13 09:41:36.100,3724.4000,10267,0,967206960.000,0,-,-,-,-,3723.8000,3723.6000,3722.6000,3721.8000,3721.0000,3725.0000,3725.2000,3725.6000,3726.2000,3726.6000,1,3,1,1,8,1,5,1,1,5
SF,IF2005,2020-04-13 09:41:37.100,3724.4000,10267,0,967206960.000,0,-,-,-,-,3723.8000,3723.6000,3722.6000,3721.8000,3721.0000,3725.0000,3725.2000,3725.6000,3726.2000,3726.6000,1,3,1,1,8,1,3,1,1,5
SF,IF2005,2020-04-13 09:41:37.600,3724.4000,10267,0,967206960.000,0,-,-,-,-,3723.8000,3723.6000,3722.6000,3721.8000,3721.0000,3725.2000,3725.6000,3726.2000,3726.6000,3726.8000,1,3,1,1,8,1,1,1,5,1
SF,IF2005,2020-04-13 09:41:38.100,3724.4000,10267,0,967206960.000,0,-,-,-,-,3724.0000,3723.8000,3723.6000,3722.6000,3721.8000,3725.0000,3725.6000,3726.2000,3726.6000,3726.8000,2,1,3,1,1,1,1,1,5,1
SF,IF2005,2020-04-13 09:41:40.600,3725.0000,10267,0,968324460.000,1,0,1,多换,S,3724.0000,3723.8000,3723.6000,3722.6000,3721.8000,3725.6000,3726.2000,3726.6000,3726.8000,3727.0000,2,1,3,1,1,1,1,5,1,6
SF,IF2005,2020-04-13 09:41:41.100,3725.0000,10267,0,968324460.000,0,-,-,-,-,3724.2000,3723.6000,3722.6000,3721.8000,3721.0000,3725.4000,3725.6000,3726.2000,3726.6000,3726.8000,1,3,1,1,8,1,1,1,5,1
SF,IF2005,2020-04-13 09:41:41.600,3725.4000,10266,-1,969442080.000,1,0,1,双平,S,3725.4000,3724.2000,3723.6000,3722.6000,3721.8000,3725.6000,3726.2000,3726.6000,3726.8000,3727.0000,11,2,3,1,1,1,1,5,1,6
SF,IF2005,2020-04-13 09:41:42.100,3725.4000,10263,-3,980618280.000,10,3,7,多平,S,3725.4000,3724.2000,3723.6000,3722.6000,3721.8000,3725.6000,3726.2000,3726.6000,3726.8000,3727.0000,1,2,3,1,1,1,1,5,1,6
SF,IF2005,2020-04-13 09:41:42.600,3725.4000,10263,0,981735900.000,1,0,1,多换,S,3724.2000,3723.6000,3722.6000,3721.0000,3720.0000,3725.2000,3725.4000,3725.6000,3726.2000,3726.6000,3,3,1,8,20,1,3,1,1,5
SF,IF2005,2020-04-13 09:41:43.100,3725.4000,10263,0,982853520.000,1,0,1,多换,S,3724.4000,3724.2000,3723.6000,3722.6000,3721.0000,3725.4000,3725.6000,3726.2000,3726.8000,3727.0000,2,3,3,1,8,7,1,1,1,6
SF,IF2005,2020-04-13 09:41:43.600,3725.4000,10263,0,982853520.000,0,-,-,-,-,3724.6000,3724.2000,3723.6000,3722.6000,3721.0000,3725.4000,3725.6000,3726.2000,3726.8000,3727.0000,3,2,3,1,8,7,1,1,1,6
SF,IF2005,2020-04-13 09:41:44.100,3725.4000,10263,0,982853520.000,0,-,-,-,-,3724.6000,3724.2000,3723.6000,3722.6000,3721.0000,3725.4000,3725.6000,3726.2000,3726.8000,3727.0000,1,2,3,1,8,6,1,1,1,6
SF,IF2005,2020-04-13 09:41:44.600,3725.4000,10263,0,982853520.000,0,-,-,-,-,3724.8000,3724.6000,3724.2000,3723.6000,3722.6000,3725.4000,3725.6000,3726.2000,3726.8000,3727.0000,3,1,2,3,1,6,1,1,1,6
SF,IF2005,2020-04-13 09:41:45.100,3725.4000,10263,0,982853520.000,0,-,-,-,-,3724.8000,3724.6000,3724.2000,3723.6000,3722.6000,3725.4000,3725.6000,3726.8000,3727.0000,3729.0000,3,1,2,3,1,6,1,1,6,1
SF,IF2005,2020-04-13 09:41:45.600,3725.4000,10266,3,988441620.000,5,4,1,空开,S,3724.8000,3724.6000,3724.2000,3723.6000,3722.6000,3725.4000,3725.6000,3726.8000,3727.0000,3729.0000,3,1,2,3,1,1,1,1,6,1
SF,IF2005,2020-04-13 09:41:46.100,3725.4000,10267,1,989559240.000,1,1,0,双开,S,3724.8000,3724.6000,3724.2000,3723.6000,3722.6000,3725.6000,3726.8000,3727.0000,3729.0000,3729.6000,3,1,2,3,1,1,1,6,1,2
SF,IF2005,2020-04-13 09:41:46.600,3725.4000,10267,0,989559240.000,0,-,-,-,-,3725.4000,3725.0000,3724.8000,3724.2000,3723.6000,3725.6000,3726.8000,3727.0000,3729.0000,3729.6000,1,1,3,2,3,1,1,6,1,2
SF,IF2005,2020-04-13 09:41:47.100,3725.4000,10268,1,991794540.000,2,1,1,空开,S,3725.0000,3724.8000,3724.2000,3723.6000,3722.6000,3726.8000,3727.0000,3729.0000,3729.6000,3730.0000,1,3,2,3,1,1,6,1,2,8
SF,IF2005,2020-04-13 09:41:47.600,3725.4000,10268,0,991794540.000,0,-,-,-,-,3725.0000,3724.2000,3723.6000,3722.6000,3721.0000,3726.6000,3726.8000,3727.0000,3729.0000,3729.6000,1,2,3,1,8,5,1,6,1,2
SF,IF2005,2020-04-13 09:41:48.100,3725.4000,10268,0,991794540.000,0,-,-,-,-,3725.0000,3724.2000,3723.6000,3722.6000,3721.0000,3725.6000,3726.6000,3726.8000,3727.0000,3729.0000,1,2,3,1,8,1,6,1,6,1
SF,IF2005,2020-04-13 09:41:48.600,3725.4000,10268,0,991794540.000,0,-,-,-,-,3725.0000,3724.2000,3723.6000,3722.6000,3721.0000,3725.6000,3726.2000,3726.6000,3726.8000,3727.0000,1,2,3,1,8,1,1,6,1,6
SF,IF2005,2020-04-13 09:41:49.100,3725.6000,10268,0,992912220.000,1,0,1,多换,S,3725.6000,3725.0000,3724.2000,3723.6000,3722.6000,3726.2000,3726.6000,3726.8000,3727.0000,3729.0000,1,1,2,3,1,1,4,1,6,1
SF,IF2005,2020-04-13 09:41:49.600,3725.6000,10268,0,992912220.000,0,-,-,-,-,3725.0000,3724.2000,3723.6000,3722.6000,3721.0000,3726.0000,3726.2000,3726.6000,3726.8000,3727.0000,1,2,3,1,8,1,1,2,1,6
SF,IF2005,2020-04-13 09:41:50.100,3725.6000,10268,0,992912220.000,0,-,-,-,-,3725.2000,3725.0000,3724.2000,3723.6000,3722.6000,3726.0000,3726.6000,3726.8000,3727.0000,3729.0000,1,1,2,3,1,1,2,1,6,1
SF,IF2005,2020-04-13 09:41:50.600,3725.6000,10268,0,992912220.000,0,-,-,-,-,3725.2000,3725.0000,3724.2000,3723.6000,3722.6000,3726.0000,3726.6000,3726.8000,3727.0000,3729.0000,1,1,2,3,1,1,2,1,6,1
SF,IF2005,2020-04-13 09:41:51.100,3725.6000,10268,0,992912220.000,0,-,-,-,-,3725.0000,3724.2000,3723.6000,3722.6000,3721.0000,3726.0000,3726.6000,3726.8000,3727.0000,3729.0000,1,2,3,1,8,1,1,1,6,1
SF,IF2005,2020-04-13 09:41:51.600,3725.6000,10268,0,992912220.000,0,-,-,-,-,3725.2000,3725.0000,3724.2000,3723.6000,3722.6000,3726.0000,3726.6000,3726.8000,3727.0000,3729.0000,2,1,2,3,1,1,1,1,6,1
SF,IF2005,2020-04-13 09:41:52.100,3725.6000,10268,0,992912220.000,0,-,-,-,-,3725.0000,3724.2000,3723.6000,3722.6000,3721.0000,3726.0000,3726.6000,3726.8000,3727.0000,3729.0000,1,2,3,1,8,1,1,1,6,1
SF,IF2005,2020-04-13 09:41:52.600,3725.6000,10268,0,992912220.000,0,-,-,-,-,3725.0000,3724.2000,3723.6000,3722.6000,3720.0000,3725.2000,3726.0000,3726.6000,3726.8000,3727.0000,1,2,3,1,20,1,1,1,1,6
SF,IF2005,2020-04-13 09:41:53.100,3725.2000,10269,1,994029780.000,1,1,0,双开,S,3725.2000,3725.0000,3724.2000,3723.6000,3722.6000,3726.0000,3726.6000,3726.8000,3727.0000,3729.0000,1,1,2,3,1,1,1,1,6,1
SF,IF2005,2020-04-13 09:41:53.600,3725.2000,10269,0,994029780.000,0,-,-,-,-,3725.0000,3724.2000,3723.6000,3722.6000,3720.0000,3726.0000,3726.6000,3726.8000,3727.0000,3729.0000,1,2,3,1,20,1,1,1,6,1
SF,IF2005,2020-04-13 09:41:54.100,3725.2000,10269,0,994029780.000,0,-,-,-,-,3725.2000,3725.0000,3724.2000,3723.6000,3722.6000,3726.0000,3726.6000,3726.8000,3727.0000,3729.0000,1,1,2,3,1,1,1,1,6,1
SF,IF2005,2020-04-13 09:41:54.600,3725.2000,10269,0,994029780.000,0,-,-,-,-,3725.0000,3724.2000,3723.6000,3722.6000,3720.0000,3726.0000,3726.6000,3726.8000,3727.0000,3729.0000,1,2,3,1,20,1,1,1,6,1
SF,IF2005,2020-04-13 09:41:55.100,3725.2000,10269,0,994029780.000,0,-,-,-,-,3725.0000,3724.2000,3723.6000,3722.6000,3720.2000,3726.0000,3726.6000,3726.8000,3727.0000,3729.0000,1,2,3,1,1,1,1,1,6,1
SF,IF2005,2020-04-13 09:41:56.100,3725.2000,10269,0,994029780.000,0,-,-,-,-,3725.0000,3724.2000,3723.6000,3722.6000,3720.2000,3726.0000,3726.6000,3726.8000,3727.0000,3729.0000,1,2,3,1,1,2,1,1,6,1
SF,IF2005,2020-04-13 09:41:56.600,3725.2000,10269,0,994029780.000,0,-,-,-,-,3725.2000,3725.0000,3724.2000,3723.6000,3722.6000,3726.0000,3726.6000,3726.8000,3727.0000,3729.0000,1,1,2,3,1,1,1,1,6,1
SF,IF2005,2020-04-13 09:41:57.100,3725.2000,10269,0,994029780.000,0,-,-,-,-,3725.2000,3725.0000,3724.2000,3723.6000,3722.6000,3726.0000,3726.6000,3726.8000,3727.0000,3729.0000,1,1,2,3,1,1,1,1,6,1
SF,IF2005,2020-04-13 09:41:57.600,3725.2000,10269,0,994029780.000,0,-,-,-,-,3725.0000,3724.2000,3723.6000,3722.6000,3720.2000,3725.2000,3726.0000,3726.6000,3726.8000,3727.0000,1,2,3,1,1,1,1,1,1,6
SF,IF2005,2020-04-13 09:41:58.100,3725.2000,10269,0,995147340.000,1,0,1,多换,S,3725.2000,3725.0000,3724.2000,3723.6000,3722.6000,3726.0000,3726.6000,3726.8000,3727.0000,3729.0000,1,1,2,3,1,1,1,1,6,1
SF,IF2005,2020-04-13 09:41:58.600,3725.2000,10269,0,995147340.000,0,-,-,-,-,3725.0000,3724.2000,3723.6000,3722.6000,3720.2000,3726.0000,3726.6000,3726.8000,3727.0000,3729.0000,1,2,3,1,1,1,1,1,6,1
SF,IF2005,2020-04-13 09:42:00.100,3726.0000,10269,0,996265140.000,1,0,1,多换,S,3726.0000,3725.0000,3724.2000,3723.6000,3722.6000,3726.6000,3726.8000,3727.0000,3729.0000,3729.6000,1,1,2,3,1,1,1,6,1,2
SF,IF2005,2020-04-13 09:42:00.600,3726.0000,10268,-1,997382940.000,1,0,1,双平,S,3725.0000,3724.2000,3723.6000,3722.6000,3722.0000,3726.6000,3726.8000,3727.0000,3729.0000,3729.6000,1,2,3,1,2,1,1,6,1,2
SF,IF2005,2020-04-13 09:42:01.100,3726.0000,10268,0,997382940.000,0,-,-,-,-,3725.0000,3724.2000,3723.6000,3722.6000,3722.0000,3726.6000,3726.8000,3727.0000,3729.0000,3729.6000,1,2,3,1,2,1,1,6,1,2
SF,IF2005,2020-04-13 09:42:01.600,3726.0000,10268,0,997382940.000,0,-,-,-,-,3725.2000,3725.0000,3724.2000,3723.6000,3722.6000,3726.4000,3726.6000,3726.8000,3727.0000,3729.0000,1,1,2,3,1,1,2,1,6,1
SF,IF2005,2020-04-13 09:42:02.100,3726.0000,10268,0,997382940.000,0,-,-,-,-,3725.0000,3724.2000,3723.6000,3722.6000,3722.0000,3726.4000,3726.6000,3726.8000,3727.0000,3729.0000,1,2,3,1,2,1,2,1,6,1
SF,IF2005,2020-04-13 09:42:02.600,3726.0000,10268,0,997382940.000,0,-,-,-,-,3725.0000,3724.2000,3723.6000,3722.6000,3722.0000,3726.0000,3726.2000,3726.4000,3726.6000,3726.8000,1,2,3,1,2,1,1,1,1,1
SF,IF2005,2020-04-13 09:42:03.100,3726.0000,10268,0,997382940.000,0,-,-,-,-,3725.2000,3725.0000,3724.2000,3723.6000,3722.6000,3726.0000,3726.2000,3726.4000,3726.6000,3726.8000,1,1,2,3,1,1,1,1,1,1
SF,IF2005,2020-04-13 09:42:04.100,3726.0000,10268,0,997382940.000,0,-,-,-,-,3725.0000,3724.2000,3723.6000,3722.6000,3722.0000,3725.2000,3726.0000,3726.2000,3726.4000,3726.6000,1,2,3,1,2,1,1,1,1,1
SF,IF2005,2020-04-13 09:42:04.600,3725.2000,10269,1,998500500.000,1,1,0,双开,S,3725.2000,3725.0000,3724.2000,3723.6000,3722.6000,3726.0000,3726.2000,3726.4000,3726.6000,3726.8000,1,1,2,3,1,2,1,1,1,1
SF,IF2005,2020-04-13 09:42:05.100,3725.2000,10269,0,998500500.000,0,-,-,-,-,3725.0000,3724.2000,3723.6000,3722.6000,3722.0000,3726.0000,3726.2000,3726.4000,3726.6000,3726.8000,1,2,3,1,2,1,1,1,1,1
SF,IF2005,2020-04-13 09:42:05.600,3725.2000,10269,0,998500500.000,0,-,-,-,-,3725.0000,3724.2000,3723.6000,3722.6000,3722.0000,3725.8000,3726.0000,3726.2000,3726.4000,3726.6000,1,2,3,1,2,1,2,1,1,1
SF,IF2005,2020-04-13 09:42:06.100,3725.2000,10269,0,998500500.000,0,-,-,-,-,3725.0000,3724.2000,3723.6000,3722.6000,3722.0000,3725.8000,3726.0000,3726.2000,3726.4000,3726.6000,1,2,3,1,2,1,1,1,1,1
SF,IF2005,2020-04-13 09:42:07.600,3725.8000,10270,1,999618240.000,1,1,0,双开,S,3725.8000,3725.0000,3724.2000,3723.6000,3722.6000,3726.0000,3726.2000,3726.4000,3726.6000,3726.8000,1,1,2,3,1,1,1,1,1,1
SF,IF2005,2020-04-13 09:42:08.100,3725.8000,10270,0,1000735980.000,1,0,1,多换,S,3725.0000,3724.2000,3723.6000,3723.0000,3722.6000,3726.0000,3726.2000,3726.4000,3726.6000,3726.8000,1,2,3,5,1,1,1,1,1,1
SF,IF2005,2020-04-13 09:42:08.600,3725.8000,10270,0,1000735980.000,0,-,-,-,-,3725.0000,3724.2000,3723.6000,3723.0000,3722.6000,3725.8000,3726.0000,3726.2000,3726.4000,3726.6000,1,2,3,5,1,1,1,1,1,1
SF,IF2005,2020-04-13 09:42:09.100,3725.0000,10270,0,1001853480.000,1,0,1,多换,S,3724.2000,3723.6000,3723.0000,3722.6000,3722.0000,3725.8000,3726.0000,3726.2000,3726.4000,3726.6000,2,3,5,1,2,1,2,1,1,1
SF,IF2005,2020-04-13 09:42:09.600,3724.4000,10270,0,1002970800.000,1,0,1,多换,S,3724.4000,3724.2000,3723.6000,3722.6000,3722.0000,3726.0000,3726.2000,3726.4000,3726.6000,3726.8000,2,2,3,1,2,2,1,1,1,1
SF,IF2005,2020-04-13 09:42:10.100,3724.4000,10270,0,1002970800.000,0,-,-,-,-,3724.6000,3724.4000,3724.2000,3723.6000,3722.6000,3725.8000,3726.0000,3726.4000,3726.6000,3726.8000,1,2,2,3,1,1,2,1,1,1
SF,IF2005,2020-04-13 09:42:10.600,3724.4000,10270,0,1002970800.000,0,-,-,-,-,3724.8000,3724.6000,3724.2000,3723.6000,3722.6000,3725.8000,3726.0000,3726.4000,3726.6000,3726.8000,2,1,2,3,1,1,1,1,1,1
SF,IF2005,2020-04-13 09:42:11.100,3724.4000,10270,0,1002970800.000,0,-,-,-,-,3725.8000,3725.0000,3724.2000,3723.6000,3722.6000,3726.0000,3726.4000,3726.6000,3726.8000,3727.0000,1,3,2,3,1,1,1,1,1,6
SF,IF2005,2020-04-13 09:42:11.600,3725.8000,10270,0,1004088540.000,1,0,1,多换,S,3725.0000,3724.2000,3723.6000,3722.6000,3722.0000,3726.0000,3726.4000,3726.6000,3726.8000,3727.0000,1,2,3,1,2,1,1,1,1,6
SF,IF2005,2020-04-13 09:42:12.100,3725.8000,10270,0,1004088540.000,0,-,-,-,-,3725.2000,3725.0000,3724.2000,3723.6000,3722.6000,3726.0000,3726.4000,3726.6000,3726.8000,3727.0000,1,1,2,3,1,1,1,1,1,6
SF,IF2005,2020-04-13 09:42:12.600,3726.0000,10270,0,1005206340.000,1,0,1,多换,S,3726.0000,3725.2000,3725.0000,3724.2000,3723.6000,3726.4000,3726.6000,3726.8000,3727.0000,3729.0000,1,1,1,2,3,1,1,1,6,1
SF,IF2005,2020-04-13 09:42:13.100,3726.0000,10270,0,1005206340.000,0,-,-,-,-,3725.0000,3724.2000,3723.6000,3722.6000,3722.0000,3726.4000,3726.6000,3726.8000,3727.0000,3729.0000,1,2,3,1,2,1,1,1,6,1
SF,IF2005,2020-04-13 09:42:13.600,3726.0000,10270,0,1005206340.000,0,-,-,-,-,3725.4000,3725.0000,3724.2000,3723.6000,3722.6000,3726.4000,3726.8000,3727.0000,3729.0000,3729.6000,2,1,2,3,1,1,1,6,1,2
SF,IF2005,2020-04-13 09:42:14.100,3726.0000,10270,0,1005206340.000,0,-,-,-,-,3725.6000,3725.4000,3724.2000,3723.6000,3722.6000,3726.4000,3726.8000,3727.0000,3729.0000,3729.6000,1,2,2,3,1,1,1,6,1,2
SF,IF2005,2020-04-13 09:42:14.600,3726.0000,10270,0,1005206340.000,0,-,-,-,-,3724.2000,3723.6000,3722.6000,3722.0000,3721.8000,3725.4000,3726.0000,3726.4000,3726.8000,3727.0000,2,3,1,2,5,1,1,1,1,6
SF,IF2005,2020-04-13 09:42:15.100,3725.6000,10270,0,1006324020.000,1,0,1,多换,S,3725.6000,3725.4000,3724.4000,3724.2000,3723.6000,3726.4000,3726.8000,3727.0000,3729.0000,3729.6000,1,1,8,2,3,1,1,6,1,2
SF,IF2005,2020-04-13 09:42:15.600,3725.6000,10270,0,1006324020.000,0,-,-,-,-,3724.4000,3724.2000,3723.6000,3722.6000,3722.0000,3726.4000,3726.8000,3727.0000,3729.0000,3729.6000,7,2,3,1,2,1,1,6,1,2
SF,IF2005,2020-04-13 09:42:16.100,3725.6000,10270,0,1006324020.000,0,-,-,-,-,3724.6000,3724.4000,3724.2000,3723.6000,3722.6000,3726.2000,3726.4000,3726.8000,3727.0000,3729.0000,3,7,2,3,1,1,1,1,6,1
SF,IF2005,2020-04-13 09:42:16.600,3725.6000,10270,0,1006324020.000,0,-,-,-,-,3726.2000,3724.8000,3724.6000,3724.4000,3724.2000,3726.4000,3726.8000,3727.0000,3729.0000,3729.6000,1,3,1,5,2,1,1,6,1,2
SF,IF2005,2020-04-13 09:42:17.100,3726.2000,10270,0,1008559680.000,2,1,1,多换,S,3724.8000,3724.6000,3724.4000,3724.2000,3723.6000,3726.4000,3726.8000,3727.0000,3729.0000,3729.6000,1,1,5,2,3,1,1,6,1,2
SF,IF2005,2020-04-13 09:42:17.600,3726.2000,10270,0,1008559680.000,0,-,-,-,-,3724.8000,3724.6000,3724.4000,3724.2000,3723.6000,3726.2000,3726.4000,3726.8000,3727.0000,3729.0000,1,1,5,2,3,2,1,1,6,1
SF,IF2005,2020-04-13 09:42:18.100,3726.2000,10270,0,1008559680.000,0,-,-,-,-,3725.0000,3724.8000,3724.6000,3724.4000,3724.2000,3726.2000,3726.4000,3726.8000,3727.0000,3729.0000,1,1,1,5,2,1,1,1,6,1
SF,IF2005,2020-04-13 09:42:18.600,3726.2000,10270,0,1008559680.000,0,-,-,-,-,3725.2000,3724.6000,3724.4000,3724.2000,3723.6000,3726.2000,3726.4000,3726.8000,3727.0000,3729.0000,3,1,5,2,3,1,1,1,6,1
SF,IF2005,2020-04-13 09:42:19.100,3726.2000,10270,0,1008559680.000,0,-,-,-,-,3725.2000,3724.6000,3724.4000,3724.2000,3723.6000,3726.2000,3726.4000,3726.8000,3727.0000,3729.0000,1,1,5,2,3,1,1,1,6,1
SF,IF2005,2020-04-13 09:42:19.600,3726.2000,10270,0,1008559680.000,0,-,-,-,-,3725.2000,3724.6000,3724.4000,3724.2000,3723.6000,3726.2000,3726.4000,3726.8000,3727.0000,3729.0000,1,1,4,2,3,1,1,1,6,1
SF,IF2005,2020-04-13 09:42:20.100,3726.2000,10270,0,1008559680.000,0,-,-,-,-,3725.2000,3724.6000,3724.4000,3724.2000,3723.6000,3726.2000,3726.4000,3726.8000,3727.0000,3729.0000,1,1,1,2,3,1,1,1,6,1
SF,IF2005,2020-04-13 09:42:20.600,3726.2000,10270,0,1008559680.000,0,-,-,-,-,3724.6000,3724.4000,3724.2000,3723.6000,3722.6000,3726.0000,3726.2000,3726.4000,3726.8000,3727.0000,1,1,2,3,1,4,1,1,1,6
SF,IF2005,2020-04-13 09:42:21.100,3726.2000,10270,0,1008559680.000,0,-,-,-,-,3724.8000,3724.4000,3724.2000,3723.6000,3722.6000,3726.0000,3726.2000,3726.4000,3726.8000,3727.0000,1,1,2,3,1,4,1,1,1,6
SF,IF2005,2020-04-13 09:42:21.600,3726.2000,10270,0,1008559680.000,0,-,-,-,-,3725.0000,3724.8000,3724.4000,3724.2000,3723.6000,3726.0000,3726.2000,3726.4000,3726.8000,3727.0000,1,1,1,2,3,5,1,1,1,6
SF,IF2005,2020-04-13 09:42:22.100,3726.2000,10270,0,1008559680.000,0,-,-,-,-,3725.0000,3724.8000,3724.4000,3724.2000,3723.6000,3726.0000,3726.2000,3726.4000,3726.8000,3727.0000,2,1,1,2,3,5,1,1,1,6
SF,IF2005,2020-04-13 09:42:22.600,3726.2000,10270,0,1008559680.000,0,-,-,-,-,3724.8000,3724.4000,3724.2000,3723.6000,3722.6000,3726.0000,3726.2000,3726.4000,3726.8000,3727.0000,1,1,2,3,1,5,1,1,1,6
SF,IF2005,2020-04-13 09:42:23.100,3726.2000,10270,0,1008559680.000,0,-,-,-,-,3724.8000,3724.4000,3724.2000,3723.6000,3722.6000,3725.8000,3726.0000,3726.4000,3726.8000,3727.0000,1,1,2,3,1,1,5,1,1,6
SF,IF2005,2020-04-13 09:42:23.600,3726.2000,10270,0,1008559680.000,0,-,-,-,-,3725.0000,3724.8000,3724.4000,3724.2000,3723.6000,3725.8000,3726.0000,3726.4000,3726.8000,3727.0000,1,1,1,2,3,1,6,1,1,6
SF,IF2005,2020-04-13 09:42:24.100,3725.8000,10271,1,1009677420.000,1,1,0,双开,S,3725.8000,3725.0000,3724.8000,3724.4000,3724.2000,3726.0000,3726.4000,3726.8000,3727.0000,3729.0000,1,1,1,1,2,6,1,1,6,1
SF,IF2005,2020-04-13 09:42:24.600,3725.8000,10271,0,1010795160.000,1,0,1,多换,S,3724.8000,3724.4000,3724.2000,3723.6000,3722.6000,3725.8000,3726.0000,3726.4000,3726.8000,3727.0000,1,1,2,3,1,1,6,1,1,6
SF,IF2005,2020-04-13 09:42:25.100,3725.8000,10271,0,1010795160.000,0,-,-,-,-,3725.0000,3724.8000,3724.4000,3724.2000,3723.6000,3725.8000,3726.0000,3726.4000,3726.8000,3727.0000,1,1,1,2,3,1,6,1,1,6
SF,IF2005,2020-04-13 09:42:25.600,3725.8000,10272,1,1011912900.000,1,1,0,双开,S,3725.8000,3724.8000,3724.4000,3724.2000,3723.6000,3726.0000,3726.4000,3726.8000,3727.0000,3729.0000,1,1,1,2,3,6,1,1,6,1
SF,IF2005,2020-04-13 09:42:26.600,3725.8000,10272,0,1018619640.000,6,3,3,多换,S,3726.0000,3724.8000,3724.4000,3724.2000,3723.6000,3726.4000,3726.8000,3727.0000,3729.0000,3729.6000,1,1,1,2,3,1,1,6,1,2
SF,IF2005,2020-04-13 09:42:27.100,3726.4000,10272,0,1019737560.000,1,0,1,多换,S,3724.8000,3724.4000,3724.2000,3723.6000,3722.6000,3726.8000,3727.0000,3729.0000,3729.6000,3730.0000,1,1,2,3,1,1,6,1,2,8
SF,IF2005,2020-04-13 09:42:27.600,3726.4000,10272,0,1019737560.000,0,-,-,-,-,3726.4000,3725.0000,3724.8000,3724.4000,3724.2000,3726.8000,3727.0000,3729.0000,3729.6000,3730.0000,1,7,1,1,2,1,6,1,2,8
SF,IF2005,2020-04-13 09:42:28.100,3726.4000,10272,0,1019737560.000,0,-,-,-,-,3726.4000,3725.0000,3724.8000,3724.4000,3724.2000,3726.8000,3727.0000,3729.0000,3729.6000,3730.0000,1,5,1,1,2,1,6,1,2,8
SF,IF2005,2020-04-13 09:42:28.600,3726.8000,10271,-1,1020855600.000,1,0,1,双平,S,3726.4000,3725.0000,3724.8000,3724.4000,3724.2000,3727.0000,3729.0000,3729.6000,3730.0000,3731.0000,1,5,1,1,2,6,1,2,8,4
SF,IF2005,2020-04-13 09:42:29.100,3726.8000,10271,0,1020855600.000,0,-,-,-,-,3726.4000,3725.0000,3724.8000,3724.4000,3724.2000,3727.0000,3729.0000,3729.6000,3730.0000,3731.0000,1,5,1,1,2,6,1,2,3,4
SF,IF2005,2020-04-13 09:42:29.600,3726.8000,10271,0,1020855600.000,0,-,-,-,-,3726.4000,3725.0000,3724.8000,3724.4000,3724.2000,3727.0000,3729.0000,3729.6000,3730.0000,3731.0000,1,5,1,1,2,6,1,2,3,4
SF,IF2005,2020-04-13 09:42:31.100,3726.8000,10271,0,1020855600.000,0,-,-,-,-,3726.4000,3725.8000,3725.0000,3724.8000,3724.4000,3727.0000,3729.0000,3729.6000,3730.0000,3731.0000,1,1,5,1,1,6,1,2,3,4
SF,IF2005,2020-04-13 09:42:31.600,3727.0000,10271,0,1025327820.000,4,2,2,多换,S,3725.8000,3725.0000,3724.8000,3724.4000,3724.2000,3727.0000,3729.0000,3729.6000,3730.0000,3731.0000,1,5,1,1,2,3,1,2,3,4
SF,IF2005,2020-04-13 09:42:32.100,3727.0000,10271,0,1025327820.000,0,-,-,-,-,3726.0000,3725.8000,3725.0000,3724.8000,3724.4000,3726.4000,3727.0000,3729.0000,3729.6000,3730.0000,1,1,5,1,1,1,3,1,2,3
SF,IF2005,2020-04-13 09:42:32.600,3726.4000,10271,0,1026445740.000,1,0,1,多换,S,3726.6000,3726.4000,3726.0000,3725.8000,3725.0000,3727.0000,3729.0000,3729.6000,3730.0000,3731.0000,1,1,3,1,4,3,1,2,3,4
SF,IF2005,2020-04-13 09:42:33.100,3726.4000,10271,0,1026445740.000,0,-,-,-,-,3726.0000,3725.8000,3725.0000,3724.8000,3724.4000,3727.0000,3729.0000,3729.6000,3730.0000,3731.0000,1,1,4,1,1,3,1,2,3,4
SF,IF2005,2020-04-13 09:42:33.600,3726.4000,10271,0,1026445740.000,0,-,-,-,-,3726.2000,3726.0000,3725.8000,3725.0000,3724.4000,3726.6000,3727.0000,3729.0000,3729.6000,3730.0000,2,1,1,4,1,1,3,1,2,3
SF,IF2005,2020-04-13 09:42:34.100,3726.6000,10273,2,1028681700.000,2,2,0,双开,S,3726.6000,3725.8000,3725.0000,3724.4000,3724.2000,3727.0000,3729.0000,3729.6000,3730.0000,3731.0000,1,1,4,1,2,3,1,2,3,4
SF,IF2005,2020-04-13 09:42:34.600,3726.6000,10273,0,1029799680.000,1,0,1,多换,S,3725.8000,3725.0000,3724.4000,3724.2000,3723.6000,3727.0000,3729.0000,3729.6000,3730.0000,3731.0000,2,4,1,2,3,3,1,2,3,4
SF,IF2005,2020-04-13 09:42:35.100,3725.8000,10274,1,1030917420.000,1,1,0,双开,S,3725.8000,3725.0000,3724.4000,3724.2000,3723.6000,3726.8000,3727.0000,3729.0000,3729.6000,3730.0000,1,2,1,2,3,1,3,1,2,3
SF,IF2005,2020-04-13 09:42:36.100,3725.8000,10274,0,1030917420.000,0,-,-,-,-,3725.8000,3725.0000,3724.4000,3724.2000,3723.6000,3726.6000,3726.8000,3727.0000,3729.0000,3729.6000,1,2,1,2,3,1,1,3,1,2
SF,IF2005,2020-04-13 09:42:36.600,3725.8000,10274,0,1030917420.000,0,-,-,-,-,3726.0000,3725.8000,3725.0000,3724.4000,3724.2000,3726.6000,3727.0000,3729.0000,3729.6000,3730.0000,1,1,2,1,2,1,3,1,2,3
SF,IF2005,2020-04-13 09:42:37.100,3725.8000,10274,0,1030917420.000,0,-,-,-,-,3726.0000,3725.8000,3725.0000,3724.4000,3724.2000,3727.0000,3729.0000,3729.6000,3730.0000,3731.0000,1,1,2,1,2,3,1,2,3,4
SF,IF2005,2020-04-13 09:42:37.600,3725.8000,10274,0,1030917420.000,0,-,-,-,-,3726.2000,3726.0000,3725.8000,3725.0000,3724.4000,3727.0000,3729.0000,3729.6000,3730.0000,3731.0000,1,1,1,2,1,3,1,2,3,4
SF,IF2005,2020-04-13 09:42:38.600,3726.2000,10275,1,1032035280.000,1,1,0,双开,S,3726.0000,3725.8000,3725.0000,3724.4000,3724.2000,3727.0000,3729.0000,3729.6000,3730.0000,3731.0000,1,1,2,1,2,3,1,2,3,4
SF,IF2005,2020-04-13 09:42:39.600,3726.2000,10276,1,1033153140.000,1,1,0,双开,S,3726.2000,3726.0000,3725.8000,3725.0000,3724.4000,3727.0000,3729.0000,3729.6000,3730.0000,3731.0000,1,2,1,2,1,3,1,2,3,4
SF,IF2005,2020-04-13 09:42:40.100,3727.0000,10277,1,1036507440.000,3,2,1,空开,S,3726.2000,3726.0000,3725.8000,3725.0000,3724.4000,3729.0000,3729.6000,3730.0000,3731.0000,3731.8000,1,2,1,2,1,1,2,3,4,4
SF,IF2005,2020-04-13 09:42:40.600,3727.0000,10277,0,1036507440.000,0,-,-,-,-,3726.4000,3726.2000,3726.0000,3725.8000,3725.0000,3728.2000,3728.4000,3728.6000,3728.8000,3729.0000,2,1,1,1,2,4,1,4,5,3
SF,IF2005,2020-04-13 09:42:41.100,3727.0000,10277,0,1036507440.000,0,-,-,-,-,3727.0000,3726.4000,3726.2000,3726.0000,3725.8000,3728.0000,3728.2000,3728.4000,3728.6000,3728.8000,1,2,1,1,1,3,4,1,4,4
SF,IF2005,2020-04-13 09:42:41.600,3727.0000,10278,1,1037625540.000,1,1,0,双开,S,3726.4000,3726.2000,3726.0000,3725.8000,3725.0000,3727.0000,3728.0000,3728.2000,3728.4000,3728.6000,2,1,1,1,2,1,3,3,1,3
SF,IF2005,2020-04-13 09:42:42.100,3727.0000,10278,0,1037625540.000,0,-,-,-,-,3726.4000,3726.2000,3726.0000,3725.8000,3725.0000,3727.0000,3727.8000,3728.0000,3728.2000,3728.4000,1,1,1,1,2,2,2,5,3,1
SF,IF2005,2020-04-13 09:42:42.600,3727.0000,10278,0,1037625540.000,0,-,-,-,-,3726.2000,3726.0000,3725.8000,3725.0000,3724.4000,3727.0000,3727.8000,3728.0000,3728.2000,3728.4000,1,1,1,2,1,1,2,3,3,1
SF,IF2005,2020-04-13 09:42:43.100,3726.2000,10278,0,1038743400.000,1,0,1,多换,S,3726.0000,3725.8000,3725.0000,3724.4000,3724.2000,3727.0000,3727.8000,3728.0000,3728.2000,3728.4000,1,1,2,1,1,1,2,3,3,1
SF,IF2005,2020-04-13 09:42:44.100,3726.0000,10278,0,1039861200.000,1,0,1,多换,S,3725.8000,3725.0000,3724.4000,3724.2000,3723.6000,3726.8000,3728.0000,3728.2000,3728.4000,3728.6000,1,2,1,1,3,1,3,3,1,3
SF,IF2005,2020-04-13 09:42:45.100,3726.8000,10278,0,1040979240.000,1,0,1,多换,S,3726.8000,3726.0000,3725.8000,3725.0000,3724.4000,3728.0000,3728.2000,3728.4000,3728.6000,3728.8000,1,1,1,2,1,3,3,1,3,3
SF,IF2005,2020-04-13 09:42:45.600,3726.8000,10278,0,1042097280.000,1,0,1,多换,S,3725.8000,3725.0000,3724.4000,3724.2000,3723.6000,3727.8000,3728.0000,3728.2000,3728.6000,3728.8000,1,2,1,1,3,1,3,2,3,3
SF,IF2005,2020-04-13 09:42:46.100,3726.8000,10278,0,1042097280.000,0,-,-,-,-,3726.0000,3725.8000,3725.0000,3724.4000,3724.2000,3726.8000,3727.6000,3727.8000,3728.0000,3728.2000,2,1,2,1,1,1,1,1,3,2
SF,IF2005,2020-04-13 09:42:46.600,3726.8000,10279,1,1044333360.000,2,1,1,空开,S,3726.0000,3725.8000,3725.0000,3724.4000,3724.2000,3727.6000,3728.0000,3728.2000,3728.6000,3728.8000,2,1,2,1,1,1,1,2,3,3
SF,IF2005,2020-04-13 09:42:47.100,3726.8000,10279,0,1044333360.000,0,-,-,-,-,3726.0000,3725.8000,3725.0000,3724.4000,3724.2000,3727.6000,3728.0000,3728.2000,3728.6000,3728.8000,1,1,2,1,1,1,1,2,3,3
SF,IF2005,2020-04-13 09:42:47.600,3726.8000,10279,0,1044333360.000,0,-,-,-,-,3726.2000,3726.0000,3725.8000,3725.0000,3724.4000,3727.4000,3727.6000,3728.0000,3728.2000,3728.6000,1,1,1,2,1,1,1,1,2,3
SF,IF2005,2020-04-13 09:42:48.100,3726.8000,10279,0,1044333360.000,0,-,-,-,-,3726.4000,3725.8000,3725.0000,3724.4000,3724.2000,3727.6000,3728.0000,3728.2000,3728.6000,3728.8000,2,1,2,1,1,1,1,2,3,2
SF,IF2005,2020-04-13 09:42:49.600,3726.8000,10279,0,1044333360.000,0,-,-,-,-,3726.4000,3725.8000,3725.0000,3724.4000,3724.2000,3727.6000,3728.0000,3728.2000,3728.6000,3728.8000,1,1,2,1,1,1,1,2,3,2
SF,IF2005,2020-04-13 09:42:50.100,3726.4000,10279,0,1045451280.000,1,0,1,多换,S,3725.0000,3724.4000,3724.2000,3723.6000,3722.6000,3727.4000,3727.6000,3728.0000,3728.2000,3728.6000,2,1,1,3,1,1,2,1,2,3
SF,IF2005,2020-04-13 09:42:50.600,3727.2000,10279,0,1046569440.000,1,0,1,多换,S,3727.4000,3726.8000,3725.4000,3725.2000,3725.0000,3727.6000,3728.0000,3728.2000,3728.6000,3728.8000,1,1,3,4,3,1,1,1,3,2
SF,IF2005,2020-04-13 09:42:51.100,3727.4000,10279,0,1047687660.000,1,0,1,多换,S,3725.4000,3725.2000,3725.0000,3724.2000,3723.6000,3727.2000,3727.4000,3727.6000,3728.0000,3728.2000,2,2,3,1,3,4,1,1,1,1
SF,IF2005,2020-04-13 09:42:51.600,3727.4000,10279,0,1047687660.000,0,-,-,-,-,3725.8000,3725.6000,3725.4000,3725.2000,3725.0000,3727.0000,3727.2000,3727.4000,3727.6000,3728.0000,1,1,2,1,3,1,1,2,1,1
SF,IF2005,2020-04-13 09:42:52.100,3727.4000,10279,0,1047687660.000,0,-,-,-,-,3726.0000,3725.8000,3725.4000,3725.2000,3725.0000,3727.0000,3727.2000,3727.4000,3727.6000,3728.0000,1,1,1,1,3,1,1,2,1,1
SF,IF2005,2020-04-13 09:42:53.600,3727.4000,10279,0,1047687660.000,0,-,-,-,-,3726.6000,3726.0000,3725.8000,3725.4000,3725.2000,3727.0000,3727.2000,3727.4000,3727.6000,3728.0000,1,1,1,1,1,1,1,2,1,1
SF,IF2005,2020-04-13 09:42:54.100,3727.4000,10279,0,1047687660.000,0,-,-,-,-,3726.6000,3726.0000,3725.4000,3725.2000,3725.0000,3727.0000,3727.2000,3727.4000,3727.6000,3728.0000,1,1,1,1,3,1,1,2,1,1
SF,IF2005,2020-04-13 09:42:54.600,3727.4000,10279,0,1047687660.000,0,-,-,-,-,3727.0000,3726.6000,3726.0000,3725.4000,3725.2000,3727.2000,3727.4000,3727.6000,3728.0000,3728.2000,1,1,1,1,1,1,2,1,1,1
SF,IF2005,2020-04-13 09:42:55.100,3727.4000,10279,0,1047687660.000,0,-,-,-,-,3727.0000,3726.6000,3726.0000,3725.4000,3725.2000,3727.2000,3727.4000,3728.0000,3728.2000,3728.6000,1,1,1,1,1,1,2,1,1,3
SF,IF2005,2020-04-13 09:42:55.600,3727.2000,10282,3,1051042080.000,3,3,0,双开,S,3727.2000,3726.6000,3726.0000,3725.4000,3725.2000,3727.4000,3728.0000,3728.2000,3728.6000,3728.8000,1,1,1,1,1,2,1,1,3,2
SF,IF2005,2020-04-13 09:42:56.100,3727.2000,10282,0,1052160240.000,1,0,1,多换,S,3726.6000,3726.0000,3725.4000,3725.2000,3725.0000,3727.0000,3727.2000,3727.4000,3728.0000,3728.2000,1,1,1,1,3,1,1,1,1,1
SF,IF2005,2020-04-13 09:42:56.600,3727.2000,10282,0,1052160240.000,0,-,-,-,-,3726.6000,3726.0000,3725.4000,3725.2000,3725.0000,3727.0000,3727.2000,3728.0000,3728.2000,3728.6000,1,1,1,1,3,1,1,1,1,3
SF,IF2005,2020-04-13 09:42:57.100,3726.6000,10282,0,1053278220.000,1,0,1,多换,S,3726.0000,3725.4000,3725.2000,3725.0000,3724.2000,3727.2000,3728.0000,3728.2000,3728.6000,3728.8000,1,1,1,3,1,1,1,1,3,2
SF,IF2005,2020-04-13 09:42:57.600,3726.6000,10282,0,1054396200.000,1,0,1,多换,S,3726.2000,3726.0000,3725.4000,3725.2000,3725.0000,3727.2000,3728.0000,3728.2000,3728.6000,3728.8000,1,1,1,1,3,1,1,1,3,2
SF,IF2005,2020-04-13 09:42:58.100,3726.6000,10282,0,1054396200.000,0,-,-,-,-,3726.2000,3726.0000,3725.2000,3725.0000,3724.2000,3727.2000,3728.0000,3728.2000,3728.6000,3728.8000,1,1,1,3,1,1,1,1,3,2
SF,IF2005,2020-04-13 09:42:59.100,3726.6000,10282,0,1054396200.000,0,-,-,-,-,3727.0000,3726.2000,3726.0000,3725.2000,3725.0000,3727.2000,3728.0000,3728.2000,3728.6000,3728.8000,1,1,1,1,3,1,1,1,3,2
SF,IF2005,2020-04-13 09:42:59.600,3726.6000,10282,0,1054396200.000,0,-,-,-,-,3727.0000,3726.0000,3725.2000,3725.0000,3724.2000,3727.2000,3728.0000,3728.2000,3728.6000,3728.8000,1,1,1,3,1,2,1,1,3,2
SF,IF2005,2020-04-13 09:43:00.100,3727.0000,10282,0,1055514300.000,1,0,1,多换,S,3726.0000,3725.2000,3725.0000,3724.2000,3723.6000,3727.0000,3727.2000,3728.0000,3728.2000,3728.6000,1,1,3,1,3,2,2,1,1,3
SF,IF2005,2020-04-13 09:43:00.600,3727.0000,10282,0,1055514300.000,0,-,-,-,-,3726.0000,3725.2000,3725.0000,3724.2000,3723.6000,3727.0000,3727.2000,3728.0000,3728.2000,3728.6000,1,1,3,1,3,1,2,1,1,3
SF,IF2005,2020-04-13 09:43:01.100,3727.0000,10282,0,1055514300.000,0,-,-,-,-,3726.0000,3725.2000,3725.0000,3724.2000,3723.6000,3727.2000,3728.0000,3728.2000,3728.6000,3728.8000,1,1,3,1,3,1,1,1,3,2
SF,IF2005,2020-04-13 09:43:01.600,3727.0000,10282,0,1055514300.000,0,-,-,-,-,3726.0000,3725.2000,3725.0000,3724.2000,3723.6000,3727.0000,3727.2000,3728.0000,3728.2000,3728.6000,1,1,3,1,3,1,1,1,1,3
SF,IF2005,2020-04-13 09:43:02.100,3727.0000,10282,0,1055514300.000,0,-,-,-,-,3726.2000,3726.0000,3725.2000,3725.0000,3724.2000,3727.0000,3727.2000,3728.0000,3728.2000,3728.6000,1,1,1,3,1,1,1,1,1,3
SF,IF2005,2020-04-13 09:43:02.600,3727.0000,10283,1,1056632400.000,1,1,0,双开,S,3727.0000,3726.0000,3725.2000,3725.0000,3724.2000,3727.2000,3728.0000,3728.2000,3728.6000,3728.8000,1,1,1,3,1,1,1,1,3,2
SF,IF2005,2020-04-13 09:43:03.100,3727.0000,10283,0,1056632400.000,0,-,-,-,-,3726.0000,3725.2000,3725.0000,3724.2000,3723.6000,3727.0000,3727.2000,3727.4000,3728.0000,3728.2000,1,1,3,1,3,1,1,1,1,1
SF,IF2005,2020-04-13 09:43:03.600,3727.0000,10284,1,1057750500.000,1,1,0,双开,S,3727.0000,3726.2000,3726.0000,3725.2000,3725.0000,3727.4000,3728.0000,3728.2000,3728.6000,3728.8000,2,1,1,1,3,1,1,1,3,2
SF,IF2005,2020-04-13 09:43:04.100,3727.0000,10285,1,1058868600.000,1,1,0,双开,S,3726.0000,3725.2000,3725.0000,3724.2000,3723.6000,3727.4000,3728.0000,3728.2000,3728.6000,3728.8000,1,1,3,1,3,1,1,1,3,2
SF,IF2005,2020-04-13 09:43:05.100,3727.0000,10285,0,1058868600.000,0,-,-,-,-,3726.0000,3725.2000,3725.0000,3724.2000,3723.6000,3727.4000,3728.0000,3728.2000,3728.6000,3728.8000,1,1,3,1,3,1,1,1,3,2
SF,IF2005,2020-04-13 09:43:05.600,3727.0000,10285,0,1058868600.000,0,-,-,-,-,3726.4000,3726.0000,3725.2000,3725.0000,3724.2000,3727.4000,3728.0000,3728.2000,3728.6000,3728.8000,1,1,1,3,1,1,1,1,3,2
SF,IF2005,2020-04-13 09:43:06.100,3727.0000,10285,0,1058868600.000,0,-,-,-,-,3726.6000,3726.4000,3725.2000,3725.0000,3724.2000,3727.4000,3728.0000,3728.2000,3728.6000,3728.8000,1,1,1,3,1,1,1,1,3,2
SF,IF2005,2020-04-13 09:43:06.600,3727.0000,10285,0,1058868600.000,0,-,-,-,-,3726.6000,3725.2000,3725.0000,3724.2000,3723.6000,3727.4000,3728.0000,3728.2000,3728.6000,3728.8000,1,1,3,1,3,1,1,1,3,2
SF,IF2005,2020-04-13 09:43:07.100,3727.4000,10285,0,1059986820.000,1,0,1,多换,S,3727.4000,3726.8000,3726.6000,3725.2000,3725.0000,3728.0000,3728.2000,3728.6000,3728.8000,3729.0000,1,1,1,1,3,1,1,3,2,2
SF,IF2005,2020-04-13 09:43:07.600,3727.4000,10285,0,1061105040.000,1,0,1,多换,S,3726.8000,3726.6000,3725.2000,3725.0000,3724.2000,3728.0000,3728.2000,3728.6000,3728.8000,3729.0000,1,1,1,3,1,1,1,3,2,2
SF,IF2005,2020-04-13 09:43:08.100,3727.4000,10285,0,1061105040.000,0,-,-,-,-,3726.8000,3726.6000,3725.2000,3725.0000,3724.2000,3727.8000,3728.0000,3728.2000,3728.6000,3728.8000,1,1,1,3,1,1,1,1,3,2
SF,IF2005,2020-04-13 09:43:08.600,3727.4000,10285,0,1061105040.000,0,-,-,-,-,3726.8000,3726.6000,3725.2000,3725.0000,3724.2000,3727.2000,3727.6000,3727.8000,3728.0000,3728.2000,1,1,1,3,1,1,1,2,1,1
SF,IF2005,2020-04-13 09:43:09.100,3727.4000,10285,0,1061105040.000,0,-,-,-,-,3726.6000,3725.2000,3725.0000,3724.2000,3723.6000,3727.2000,3727.6000,3727.8000,3728.0000,3728.2000,1,1,3,1,3,1,1,1,1,1
SF,IF2005,2020-04-13 09:43:09.600,3727.2000,10286,1,1062223200.000,1,1,0,双开,S,3727.2000,3726.8000,3726.6000,3725.2000,3725.0000,3727.6000,3727.8000,3728.0000,3728.2000,3728.6000,1,1,1,1,3,1,1,1,1,3
SF,IF2005,2020-04-13 09:43:10.100,3727.2000,10286,0,1062223200.000,0,-,-,-,-,3726.6000,3725.2000,3725.0000,3724.2000,3723.6000,3727.2000,3727.8000,3728.0000,3728.2000,3728.6000,1,1,3,1,3,1,1,1,1,3
SF,IF2005,2020-04-13 09:43:10.600,3727.2000,10287,1,1063341360.000,1,1,0,双开,S,3727.2000,3726.6000,3725.2000,3725.0000,3724.2000,3727.8000,3728.0000,3728.6000,3728.8000,3729.0000,1,1,1,3,1,1,1,3,1,2
SF,IF2005,2020-04-13 09:43:11.100,3727.2000,10287,0,1063341360.000,0,-,-,-,-,3726.8000,3726.6000,3725.2000,3725.0000,3724.2000,3728.0000,3728.6000,3728.8000,3729.0000,3729.2000,1,1,1,3,1,1,2,1,2,1
SF,IF2005,2020-04-13 09:43:11.600,3727.2000,10287,0,1063341360.000,0,-,-,-,-,3727.0000,3726.8000,3725.2000,3725.0000,3724.2000,3728.0000,3728.6000,3728.8000,3729.0000,3729.2000,1,1,1,3,1,1,1,1,2,1
SF,IF2005,2020-04-13 09:43:12.100,3727.2000,10287,0,1063341360.000,0,-,-,-,-,3727.0000,3726.8000,3725.2000,3725.0000,3724.2000,3728.0000,3728.8000,3729.0000,3729.2000,3729.6000,1,1,1,3,1,1,1,2,1,2
SF,IF2005,2020-04-13 09:43:13.100,3727.2000,10287,0,1063341360.000,0,-,-,-,-,3727.0000,3725.2000,3725.0000,3724.2000,3723.6000,3727.8000,3728.0000,3728.8000,3729.0000,3729.2000,1,1,3,1,3,1,1,1,2,1
SF,IF2005,2020-04-13 09:43:13.600,3727.2000,10287,0,1063341360.000,0,-,-,-,-,3725.2000,3725.0000,3724.2000,3723.6000,3722.6000,3728.0000,3728.8000,3729.0000,3729.2000,3729.6000,1,3,1,3,1,1,1,2,1,2
SF,IF2005,2020-04-13 09:43:14.100,3727.2000,10287,0,1063341360.000,0,-,-,-,-,3726.8000,3726.0000,3725.8000,3725.6000,3725.4000,3727.8000,3728.0000,3728.8000,3729.0000,3729.2000,1,1,1,2,5,1,1,1,2,1
SF,IF2005,2020-04-13 09:43:14.600,3727.2000,10287,0,1063341360.000,0,-,-,-,-,3726.0000,3725.8000,3725.6000,3725.4000,3725.2000,3727.6000,3727.8000,3728.0000,3728.8000,3729.0000,1,1,1,4,1,1,1,1,1,2
SF,IF2005,2020-04-13 09:43:15.100,3727.2000,10287,0,1063341360.000,0,-,-,-,-,3726.2000,3726.0000,3725.4000,3725.2000,3725.0000,3727.4000,3727.6000,3728.0000,3728.8000,3729.0000,1,1,3,1,1,2,1,1,1,2
SF,IF2005,2020-04-13 09:43:15.600,3726.2000,10287,0,1064459220.000,1,0,1,多换,S,3726.0000,3725.4000,3725.2000,3725.0000,3724.2000,3727.2000,3727.4000,3727.6000,3728.0000,3728.8000,1,2,1,1,1,1,1,1,1,1
SF,IF2005,2020-04-13 09:43:16.100,3726.2000,10287,0,1064459220.000,0,-,-,-,-,3726.0000,3725.4000,3725.2000,3725.0000,3724.2000,3727.0000,3727.6000,3728.0000,3728.8000,3729.0000,1,2,1,1,1,2,1,1,1,2
SF,IF2005,2020-04-13 09:43:17.100,3727.0000,10287,0,1065577320.000,1,0,1,多换,S,3727.0000,3726.0000,3725.4000,3725.2000,3725.0000,3728.0000,3728.8000,3729.0000,3729.2000,3729.6000,1,1,2,1,1,1,1,2,1,2
SF,IF2005,2020-04-13 09:43:17.600,3727.0000,10287,0,1066695420.000,1,0,1,多换,S,3726.0000,3725.4000,3725.2000,3725.0000,3724.2000,3726.8000,3727.4000,3727.8000,3728.0000,3728.8000,1,2,1,1,1,2,1,8,3,1
SF,IF2005,2020-04-13 09:43:18.100,3727.0000,10288,1,1067813520.000,1,1,0,双开,S,3726.0000,3725.4000,3725.2000,3725.0000,3724.2000,3727.8000,3728.0000,3728.8000,3729.0000,3729.2000,1,2,1,1,1,5,1,1,2,1
SF,IF2005,2020-04-13 09:43:18.600,3727.0000,10288,0,1067813520.000,0,-,-,-,-,3726.2000,3726.0000,3725.4000,3725.2000,3725.0000,3727.8000,3728.0000,3728.8000,3729.0000,3729.2000,1,1,2,1,1,5,1,1,2,1
SF,IF2005,2020-04-13 09:43:19.100,3727.0000,10288,0,1067813520.000,0,-,-,-,-,3726.2000,3726.0000,3725.4000,3725.2000,3725.0000,3727.6000,3727.8000,3728.0000,3728.8000,3729.0000,1,1,2,1,1,1,4,1,1,2
SF,IF2005,2020-04-13 09:43:19.600,3727.0000,10288,0,1067813520.000,0,-,-,-,-,3726.4000,3726.2000,3726.0000,3725.4000,3725.2000,3727.6000,3727.8000,3728.0000,3728.8000,3729.0000,1,1,1,2,1,1,1,1,1,2
SF,IF2005,2020-04-13 09:43:20.600,3727.0000,10288,0,1067813520.000,0,-,-,-,-,3726.2000,3726.0000,3725.4000,3725.2000,3725.0000,3727.6000,3727.8000,3728.0000,3728.8000,3729.0000,1,1,2,1,1,1,1,1,1,2
SF,IF2005,2020-04-13 09:43:21.100,3727.0000,10288,0,1067813520.000,0,-,-,-,-,3726.2000,3726.0000,3725.4000,3725.2000,3725.0000,3726.4000,3727.4000,3727.6000,3727.8000,3728.0000,1,1,2,1,1,1,1,1,1,1
SF,IF2005,2020-04-13 09:43:21.600,3726.4000,10288,0,1068931440.000,1,0,1,多换,S,3726.4000,3726.2000,3726.0000,3725.4000,3725.0000,3727.6000,3727.8000,3728.0000,3728.8000,3729.0000,1,1,1,2,1,1,1,1,1,2
SF,IF2005,2020-04-13 09:43:22.100,3726.4000,10288,0,1068931440.000,0,-,-,-,-,3726.2000,3726.0000,3725.4000,3725.0000,3724.2000,3727.4000,3727.6000,3728.0000,3728.8000,3729.0000,1,1,2,1,1,2,1,1,1,2
SF,IF2005,2020-04-13 09:43:22.600,3726.4000,10288,0,1068931440.000,0,-,-,-,-,3726.4000,3726.2000,3726.0000,3725.4000,3725.0000,3727.4000,3727.6000,3728.0000,3728.8000,3729.0000,1,1,1,2,1,1,1,1,1,2
SF,IF2005,2020-04-13 09:43:23.100,3726.4000,10288,0,1068931440.000,0,-,-,-,-,3726.4000,3726.2000,3726.0000,3725.4000,3725.0000,3727.4000,3727.6000,3728.0000,3728.8000,3729.0000,1,1,1,2,1,1,1,1,1,2
SF,IF2005,2020-04-13 09:43:23.600,3726.4000,10288,0,1068931440.000,0,-,-,-,-,3726.2000,3726.0000,3725.4000,3725.0000,3724.2000,3727.4000,3727.6000,3728.0000,3728.8000,3729.0000,1,1,2,1,1,1,1,1,1,2
SF,IF2005,2020-04-13 09:43:24.100,3726.4000,10288,0,1068931440.000,0,-,-,-,-,3726.2000,3726.0000,3725.4000,3725.0000,3724.2000,3727.2000,3727.4000,3727.6000,3728.0000,3728.8000,1,1,2,1,1,1,1,1,1,1
SF,IF2005,2020-04-13 09:43:25.100,3726.4000,10288,0,1068931440.000,0,-,-,-,-,3726.2000,3726.0000,3725.4000,3725.0000,3724.2000,3727.2000,3727.4000,3727.6000,3728.0000,3728.8000,1,1,2,1,1,1,1,1,2,1
SF,IF2005,2020-04-13 09:43:25.600,3727.2000,10289,1,1070049600.000,1,1,0,双开,S,3726.2000,3726.0000,3725.4000,3725.0000,3724.2000,3727.4000,3727.6000,3728.0000,3728.8000,3729.0000,1,1,2,1,1,1,1,2,1,2
SF,IF2005,2020-04-13 09:43:26.100,3727.2000,10289,0,1070049600.000,0,-,-,-,-,3726.2000,3726.0000,3725.4000,3725.0000,3724.2000,3727.4000,3727.6000,3728.0000,3728.8000,3729.0000,1,1,2,1,1,1,1,2,1,2
SF,IF2005,2020-04-13 09:43:26.600,3727.2000,10289,0,1070049600.000,0,-,-,-,-,3726.2000,3726.0000,3725.4000,3725.0000,3724.2000,3727.4000,3728.0000,3728.8000,3729.0000,3729.2000,1,1,2,1,1,1,2,1,2,1
SF,IF2005,2020-04-13 09:43:27.100,3726.2000,10289,0,1071167460.000,1,0,1,多换,S,3726.0000,3725.4000,3725.0000,3724.2000,3723.6000,3727.2000,3727.4000,3728.0000,3728.8000,3729.0000,1,2,1,1,3,1,1,2,1,2
SF,IF2005,2020-04-13 09:43:27.600,3726.2000,10289,0,1071167460.000,0,-,-,-,-,3726.0000,3724.2000,3723.6000,3722.0000,3721.6000,3727.0000,3727.2000,3728.0000,3728.8000,3729.0000,1,1,3,2,4,3,2,2,1,2
SF,IF2005,2020-04-13 09:43:28.100,3726.0000,10288,-1,1072285260.000,1,0,1,双平,S,3724.2000,3723.6000,3722.0000,3721.6000,3720.2000,3726.8000,3727.0000,3727.2000,3728.0000,3728.8000,1,3,2,4,1,4,1,2,2,1
SF,IF2005,2020-04-13 09:43:28.600,3726.0000,10288,0,1072285260.000,0,-,-,-,-,3724.6000,3724.4000,3724.2000,3723.6000,3722.0000,3726.6000,3726.8000,3727.2000,3728.0000,3728.8000,2,4,1,3,2,1,5,1,2,1
SF,IF2005,2020-04-13 09:43:29.100,3726.0000,10288,0,1072285260.000,0,-,-,-,-,3724.8000,3724.4000,3724.2000,3723.6000,3722.0000,3726.6000,3726.8000,3727.2000,3728.0000,3728.8000,6,1,1,3,2,1,2,1,2,1
SF,IF2005,2020-04-13 09:43:30.100,3726.0000,10288,0,1072285260.000,0,-,-,-,-,3724.8000,3724.4000,3724.2000,3723.6000,3722.0000,3726.6000,3726.8000,3727.2000,3728.0000,3728.8000,6,1,1,3,2,1,2,1,2,1
SF,IF2005,2020-04-13 09:43:30.600,3726.0000,10288,0,1072285260.000,0,-,-,-,-,3724.8000,3724.4000,3724.2000,3723.6000,3722.0000,3726.6000,3726.8000,3727.2000,3728.0000,3728.8000,4,1,1,3,2,1,2,1,2,1
SF,IF2005,2020-04-13 09:43:31.100,3728.0000,10287,-1,1075639800.000,3,1,2,多平,S,3726.6000,3725.2000,3725.0000,3724.8000,3724.4000,3728.0000,3728.8000,3729.0000,3729.2000,3729.6000,1,2,1,4,1,1,1,2,1,2
SF,IF2005,2020-04-13 09:43:31.600,3726.6000,10287,0,1076757780.000,1,0,1,多换,S,3725.2000,3725.0000,3724.8000,3724.4000,3724.2000,3727.2000,3727.6000,3727.8000,3728.0000,3728.8000,1,1,4,1,1,1,4,4,4,1
SF,IF2005,2020-04-13 09:43:32.100,3726.6000,10287,0,1076757780.000,0,-,-,-,-,3725.4000,3725.2000,3725.0000,3724.4000,3724.2000,3726.6000,3727.0000,3727.6000,3727.8000,3728.0000,6,1,1,1,1,1,1,2,2,4
SF,IF2005,2020-04-13 09:43:32.600,3726.6000,10287,0,1076757780.000,0,-,-,-,-,3725.6000,3725.4000,3724.4000,3724.2000,3723.6000,3726.6000,3727.0000,3727.6000,3727.8000,3728.0000,2,3,1,1,3,1,1,2,1,2
SF,IF2005,2020-04-13 09:43:33.100,3726.6000,10287,0,1076757780.000,0,-,-,-,-,3725.8000,3725.4000,3724.4000,3724.2000,3723.6000,3726.6000,3727.0000,3727.8000,3728.0000,3728.2000,3,2,1,1,3,1,1,1,2,1
SF,IF2005,2020-04-13 09:43:34.100,3726.6000,10287,0,1076757780.000,0,-,-,-,-,3725.8000,3725.4000,3724.4000,3724.2000,3723.6000,3726.6000,3727.0000,3727.8000,3728.0000,3728.2000,1,2,1,1,3,1,1,1,2,1
SF,IF2005,2020-04-13 09:43:34.600,3727.0000,10286,-1,1078993860.000,2,0,2,多平,S,3725.8000,3725.4000,3724.4000,3724.2000,3723.6000,3727.8000,3728.0000,3728.2000,3728.8000,3729.0000,1,2,1,1,3,1,2,1,1,2
SF,IF2005,2020-04-13 09:43:35.100,3727.0000,10286,0,1078993860.000,0,-,-,-,-,3726.0000,3725.8000,3725.4000,3724.4000,3724.2000,3727.6000,3727.8000,3728.0000,3728.2000,3728.8000,1,1,2,1,1,3,1,2,1,1
SF,IF2005,2020-04-13 09:43:35.600,3727.0000,10286,0,1078993860.000,0,-,-,-,-,3726.2000,3726.0000,3725.4000,3724.4000,3724.2000,3727.4000,3727.6000,3728.0000,3728.2000,3728.8000,1,1,2,1,1,1,4,2,1,1
SF,IF2005,2020-04-13 09:43:36.100,3727.0000,10286,0,1078993860.000,0,-,-,-,-,3726.2000,3725.4000,3724.4000,3724.2000,3723.6000,3727.4000,3727.6000,3728.0000,3728.2000,3728.8000,1,2,1,1,3,1,4,2,1,1
SF,IF2005,2020-04-13 09:43:36.600,3727.0000,10286,0,1078993860.000,0,-,-,-,-,3726.2000,3725.4000,3724.4000,3724.2000,3723.6000,3727.2000,3727.4000,3727.6000,3728.0000,3728.2000,1,2,1,1,3,1,1,3,2,1
SF,IF2005,2020-04-13 09:43:37.100,3727.0000,10286,0,1078993860.000,0,-,-,-,-,3726.2000,3725.4000,3724.4000,3724.2000,3723.6000,3727.2000,3727.4000,3727.6000,3728.0000,3728.2000,1,2,1,1,3,1,1,2,2,1
SF,IF2005,2020-04-13 09:43:37.600,3726.2000,10286,0,1080111720.000,1,0,1,多换,S,3724.4000,3724.2000,3723.6000,3722.0000,3721.8000,3727.2000,3727.4000,3727.6000,3728.0000,3728.2000,1,1,3,2,5,1,1,2,2,1
SF,IF2005,2020-04-13 09:43:38.100,3726.2000,10286,0,1080111720.000,0,-,-,-,-,3725.0000,3724.8000,3724.6000,3724.4000,3724.2000,3727.0000,3727.2000,3727.4000,3728.0000,3728.2000,1,2,7,1,1,1,1,1,2,1
SF,IF2005,2020-04-13 09:43:38.600,3727.0000,10285,-1,1081229820.000,1,0,1,双平,S,3725.2000,3725.0000,3724.8000,3724.6000,3724.4000,3727.2000,3727.4000,3728.0000,3728.2000,3728.8000,4,1,2,2,1,1,1,2,1,1
SF,IF2005,2020-04-13 09:43:39.100,3727.0000,10285,0,1081229820.000,0,-,-,-,-,3725.2000,3725.0000,3724.6000,3724.4000,3724.2000,3727.0000,3727.2000,3728.0000,3728.2000,3728.8000,4,1,2,1,1,2,1,2,1,1
SF,IF2005,2020-04-13 09:43:39.600,3727.0000,10285,0,1081229820.000,0,-,-,-,-,3725.4000,3725.2000,3725.0000,3724.6000,3724.4000,3727.0000,3727.2000,3728.0000,3728.2000,3728.8000,1,4,1,2,1,2,1,2,1,1
SF,IF2005,2020-04-13 09:43:40.100,3727.0000,10285,0,1081229820.000,0,-,-,-,-,3725.6000,3725.2000,3725.0000,3724.6000,3724.4000,3726.8000,3727.0000,3727.2000,3728.0000,3728.2000,1,3,1,2,1,1,2,1,7,1
SF,IF2005,2020-04-13 09:43:41.100,3727.0000,10283,-2,1083466020.000,2,0,2,双平,S,3725.6000,3725.2000,3725.0000,3724.6000,3724.4000,3727.0000,3727.2000,3728.0000,3728.2000,3728.8000,1,3,1,2,1,1,1,7,1,1
SF,IF2005,2020-04-13 09:43:41.600,3727.0000,10283,0,1083466020.000,0,-,-,-,-,3726.8000,3725.6000,3725.2000,3725.0000,3724.4000,3727.0000,3727.2000,3728.0000,3728.2000,3728.8000,10,1,3,1,1,1,1,7,1,1
SF,IF2005,2020-04-13 09:43:42.100,3726.8000,10283,0,1087938180.000,4,2,2,多换,S,3726.8000,3725.6000,3725.2000,3724.4000,3724.2000,3727.0000,3727.2000,3728.0000,3728.2000,3728.8000,6,1,3,1,1,1,1,7,1,1
SF,IF2005,2020-04-13 09:43:42.600,3726.8000,10286,3,1094646420.000,6,4,2,空开,S,3725.6000,3725.2000,3724.4000,3724.2000,3723.6000,3726.6000,3726.8000,3727.2000,3728.0000,3728.2000,1,3,1,1,3,1,1,1,7,1
SF,IF2005,2020-04-13 09:43:43.100,3726.6000,10287,1,1095764400.000,1,1,0,双开,S,3726.6000,3725.8000,3725.6000,3725.2000,3724.4000,3726.8000,3727.2000,3728.0000,3728.2000,3728.8000,1,2,1,2,1,1,1,7,1,1
SF,IF2005,2020-04-13 09:43:43.600,3726.6000,10287,0,1095764400.000,0,-,-,-,-,3725.8000,3725.6000,3725.2000,3724.4000,3724.2000,3726.8000,3727.2000,3728.0000,3728.2000,3728.8000,2,1,2,1,1,1,1,7,1,1
SF,IF2005,2020-04-13 09:43:44.100,3726.6000,10287,0,1095764400.000,0,-,-,-,-,3726.0000,3725.8000,3725.2000,3724.4000,3724.2000,3726.8000,3727.2000,3728.0000,3728.2000,3728.8000,1,2,2,1,1,1,1,7,1,1
SF,IF2005,2020-04-13 09:43:44.600,3726.6000,10287,0,1095764400.000,0,-,-,-,-,3726.0000,3725.8000,3725.2000,3724.4000,3724.2000,3726.8000,3727.2000,3728.0000,3728.2000,3728.8000,4,1,2,1,1,1,1,7,1,1
SF,IF2005,2020-04-13 09:43:45.100,3726.8000,10287,0,1096882440.000,1,0,1,多换,S,3727.0000,3726.0000,3725.8000,3725.2000,3724.4000,3727.2000,3728.0000,3728.2000,3728.8000,3729.0000,1,2,1,2,1,1,7,1,1,2
SF,IF2005,2020-04-13 09:43:45.600,3726.8000,10287,0,1096882440.000,0,-,-,-,-,3726.8000,3726.0000,3725.2000,3724.4000,3724.2000,3727.2000,3728.0000,3728.8000,3729.0000,3729.2000,1,2,2,1,1,1,7,1,2,1
SF,IF2005,2020-04-13 09:43:46.100,3727.2000,10287,0,1098000600.000,1,0,1,多换,S,3726.8000,3726.0000,3725.2000,3724.4000,3724.2000,3728.0000,3728.8000,3729.0000,3729.2000,3729.6000,2,2,2,1,1,7,1,2,1,2
SF,IF2005,2020-04-13 09:43:46.600,3727.2000,10287,0,1098000600.000,0,-,-,-,-,3727.0000,3726.8000,3726.0000,3725.2000,3724.4000,3728.0000,3728.8000,3729.0000,3729.2000,3729.6000,1,3,1,2,1,7,1,2,1,2
SF,IF2005,2020-04-13 09:43:47.100,3727.2000,10287,0,1098000600.000,0,-,-,-,-,3727.0000,3726.8000,3726.0000,3725.2000,3724.4000,3727.8000,3728.0000,3728.8000,3729.0000,3729.2000,1,2,1,2,1,1,7,1,2,1
SF,IF2005,2020-04-13 09:43:48.100,3727.0000,10287,0,1099118700.000,1,0,1,多换,S,3726.8000,3726.0000,3725.2000,3724.4000,3724.2000,3728.0000,3728.8000,3729.0000,3729.2000,3729.6000,2,1,2,1,1,7,1,2,1,2
SF,IF2005,2020-04-13 09:43:48.600,3727.0000,10287,0,1099118700.000,0,-,-,-,-,3727.0000,3726.8000,3726.0000,3725.2000,3724.4000,3728.0000,3728.8000,3729.0000,3729.2000,3729.6000,1,2,1,2,1,6,1,2,1,2
SF,IF2005,2020-04-13 09:43:49.600,3727.0000,10287,0,1099118700.000,0,-,-,-,-,3727.2000,3727.0000,3726.8000,3726.0000,3725.2000,3728.0000,3728.8000,3729.0000,3729.2000,3729.6000,1,1,1,1,2,6,1,2,1,2
SF,IF2005,2020-04-13 09:43:50.100,3727.0000,10287,0,1099118700.000,0,-,-,-,-,3727.0000,3726.8000,3726.0000,3725.2000,3724.4000,3728.0000,3728.8000,3729.0000,3729.2000,3729.6000,1,1,1,2,1,6,1,2,1,2
SF,IF2005,2020-04-13 09:43:51.100,3727.0000,10287,0,1100236800.000,1,0,1,多换,S,3726.8000,3726.0000,3725.2000,3724.4000,3724.2000,3728.0000,3728.8000,3729.0000,3729.2000,3729.6000,1,1,2,1,1,6,1,2,1,2
SF,IF2005,2020-04-13 09:43:51.600,3727.0000,10287,0,1100236800.000,0,-,-,-,-,3727.0000,3726.8000,3726.0000,3725.2000,3724.4000,3728.0000,3728.8000,3729.0000,3729.2000,3729.6000,2,2,1,2,1,6,1,2,1,2
SF,IF2005,2020-04-13 09:43:52.100,3727.0000,10287,0,1100236800.000,0,-,-,-,-,3727.0000,3726.8000,3726.0000,3725.2000,3724.4000,3728.0000,3728.8000,3729.0000,3729.2000,3729.6000,3,2,1,2,1,6,1,2,1,2
SF,IF2005,2020-04-13 09:43:52.600,3727.0000,10287,0,1100236800.000,0,-,-,-,-,3727.0000,3726.8000,3726.0000,3725.2000,3724.4000,3728.0000,3728.8000,3729.0000,3729.2000,3729.6000,3,2,1,2,1,7,1,2,1,2
SF,IF2005,2020-04-13 09:43:53.100,3727.0000,10286,-1,1103591100.000,3,1,2,多平,S,3727.2000,3726.8000,3725.2000,3724.4000,3724.2000,3728.0000,3728.8000,3729.0000,3729.2000,3729.6000,1,2,2,1,1,6,1,2,1,2
SF,IF2005,2020-04-13 09:43:53.600,3727.0000,10286,0,1104709200.000,1,0,1,多换,S,3726.8000,3725.2000,3724.4000,3724.2000,3723.6000,3727.0000,3728.0000,3728.8000,3729.0000,3729.2000,2,2,1,1,3,2,7,1,2,1
SF,IF2005,2020-04-13 09:43:54.100,3727.0000,10286,0,1106945400.000,2,1,1,多换,S,3727.2000,3727.0000,3726.8000,3725.2000,3724.4000,3728.0000,3728.8000,3729.0000,3729.2000,3729.6000,2,1,2,2,1,6,1,2,1,2
SF,IF2005,2020-04-13 09:43:54.600,3727.0000,10286,0,1108063500.000,1,0,1,多换,S,3726.8000,3725.2000,3724.4000,3724.2000,3723.6000,3728.0000,3728.8000,3729.0000,3729.2000,3729.6000,2,2,1,1,3,6,1,2,1,2
SF,IF2005,2020-04-13 09:43:55.100,3727.0000,10286,0,1108063500.000,0,-,-,-,-,3726.8000,3725.2000,3724.4000,3724.2000,3723.6000,3727.8000,3728.0000,3728.8000,3729.0000,3729.2000,2,2,1,1,3,1,6,1,2,1
SF,IF2005,2020-04-13 09:43:55.600,3727.8000,10286,0,1110300180.000,2,1,1,多换,S,3727.8000,3726.8000,3725.2000,3724.4000,3724.2000,3728.0000,3728.8000,3729.0000,3729.2000,3729.6000,1,2,2,1,1,6,1,2,1,2
SF,IF2005,2020-04-13 09:43:56.100,3728.0000,10290,4,1114773720.000,4,4,0,双开,S,3726.8000,3725.2000,3724.4000,3724.2000,3723.6000,3728.0000,3728.8000,3729.0000,3729.2000,3729.6000,2,2,1,1,3,3,1,2,1,2
SF,IF2005,2020-04-13 09:43:56.600,3728.0000,10290,0,1118128920.000,3,1,2,多换,S,3728.0000,3727.0000,3726.8000,3725.2000,3724.4000,3729.0000,3729.2000,3729.6000,3729.8000,3730.0000,2,1,2,2,1,2,1,2,4,4
SF,IF2005,2020-04-13 09:43:57.100,3728.0000,10290,0,1118128920.000,0,-,-,-,-,3728.0000,3727.0000,3726.8000,3725.2000,3724.4000,3729.0000,3729.2000,3729.6000,3729.8000,3730.0000,2,1,2,2,1,1,1,2,4,4
SF,IF2005,2020-04-13 09:43:57.600,3728.0000,10290,0,1118128920.000,0,-,-,-,-,3728.0000,3727.0000,3726.8000,3725.2000,3724.4000,3728.8000,3729.0000,3729.2000,3729.6000,3729.8000,2,1,2,2,1,2,1,1,2,4
SF,IF2005,2020-04-13 09:43:58.100,3728.0000,10290,0,1118128920.000,0,-,-,-,-,3728.0000,3727.0000,3726.8000,3725.2000,3724.4000,3728.8000,3729.0000,3729.2000,3729.6000,3729.8000,2,1,2,2,1,2,1,1,2,4
SF,IF2005,2020-04-13 09:43:58.600,3728.0000,10290,0,1118128920.000,0,-,-,-,-,3728.0000,3727.0000,3726.8000,3725.2000,3724.4000,3728.8000,3729.0000,3729.2000,3729.6000,3729.8000,2,1,2,2,1,2,1,1,2,4
SF,IF2005,2020-04-13 09:43:59.100,3728.0000,10291,1,1119247320.000,1,1,0,双开,S,3728.0000,3727.0000,3726.8000,3725.2000,3724.4000,3728.6000,3728.8000,3729.0000,3729.2000,3729.6000,1,1,2,2,1,1,2,1,1,2
SF,IF2005,2020-04-13 09:43:59.600,3728.0000,10291,0,1120365720.000,1,0,1,多换,S,3727.0000,3726.8000,3725.2000,3724.4000,3724.2000,3728.0000,3728.4000,3728.8000,3729.0000,3729.2000,1,2,2,1,1,2,1,2,1,1
SF,IF2005,2020-04-13 09:44:00.100,3728.0000,10291,0,1120365720.000,0,-,-,-,-,3727.2000,3727.0000,3726.8000,3725.2000,3724.4000,3728.0000,3728.4000,3728.8000,3729.0000,3729.2000,1,1,2,2,1,2,1,2,1,1
SF,IF2005,2020-04-13 09:44:01.600,3727.2000,10291,0,1121483880.000,1,0,1,多换,S,3727.0000,3726.8000,3725.2000,3724.4000,3724.2000,3728.0000,3728.4000,3728.8000,3729.0000,3729.2000,1,2,2,1,1,2,1,2,1,1
SF,IF2005,2020-04-13 09:44:02.100,3727.2000,10291,0,1121483880.000,0,-,-,-,-,3726.8000,3725.2000,3724.4000,3724.2000,3723.6000,3727.8000,3728.0000,3728.4000,3728.8000,3729.0000,2,2,1,1,3,1,2,1,1,1
SF,IF2005,2020-04-13 09:44:02.600,3727.2000,10291,0,1121483880.000,0,-,-,-,-,3726.8000,3725.2000,3724.4000,3724.2000,3723.6000,3727.6000,3727.8000,3728.0000,3728.8000,3729.0000,1,2,1,1,3,1,2,2,1,1
SF,IF2005,2020-04-13 09:44:03.100,3726.8000,10291,0,1122601920.000,1,0,1,多换,S,3725.2000,3724.4000,3724.2000,3723.6000,3722.0000,3727.4000,3728.0000,3728.8000,3729.0000,3729.2000,2,1,1,3,2,2,2,1,1,1
SF,IF2005,2020-04-13 09:44:03.600,3726.8000,10291,0,1122601920.000,0,-,-,-,-,3725.4000,3725.2000,3724.4000,3724.2000,3723.6000,3727.4000,3728.0000,3728.8000,3729.0000,3729.2000,5,2,1,1,3,2,2,1,1,1
SF,IF2005,2020-04-13 09:44:04.100,3726.8000,10291,0,1122601920.000,0,-,-,-,-,3725.6000,3725.4000,3724.4000,3724.2000,3723.6000,3726.8000,3727.4000,3728.0000,3728.8000,3729.0000,2,6,1,1,3,2,2,2,1,1
SF,IF2005,2020-04-13 09:44:04.600,3726.8000,10293,2,1124838000.000,2,2,0,双开,S,3726.8000,3725.8000,3725.6000,3725.4000,3724.4000,3727.2000,3727.4000,3728.0000,3728.8000,3729.0000,1,3,2,3,1,1,2,2,1,1
SF,IF2005,2020-04-13 09:44:05.100,3727.4000,10292,-1,1127074380.000,2,0,2,多平,S,3726.0000,3725.8000,3725.6000,3725.4000,3724.4000,3727.4000,3728.0000,3728.8000,3729.0000,3729.2000,1,3,2,3,1,1,2,1,1,1
SF,IF2005,2020-04-13 09:44:05.600,3727.4000,10292,0,1127074380.000,0,-,-,-,-,3726.2000,3726.0000,3725.8000,3725.6000,3725.4000,3727.4000,3728.0000,3728.8000,3729.0000,3729.2000,2,1,2,2,1,1,2,1,1,1
SF,IF2005,2020-04-13 09:44:06.100,3727.4000,10292,0,1127074380.000,0,-,-,-,-,3726.2000,3726.0000,3725.6000,3725.4000,3724.4000,3727.4000,3728.0000,3728.8000,3729.0000,3729.2000,2,1,2,1,1,1,2,1,1,1
SF,IF2005,2020-04-13 09:44:07.600,3727.4000,10292,0,1127074380.000,0,-,-,-,-,3726.2000,3726.0000,3725.6000,3725.4000,3724.4000,3727.0000,3727.4000,3728.0000,3728.8000,3729.0000,2,1,2,1,1,5,1,2,1,1
SF,IF2005,2020-04-13 09:44:08.100,3727.0000,10295,3,1130428680.000,3,3,0,双开,S,3726.4000,3726.2000,3726.0000,3725.6000,3725.4000,3727.0000,3727.4000,3728.0000,3728.8000,3729.0000,3,2,1,2,1,2,1,2,1,1
SF,IF2005,2020-04-13 09:44:08.600,3726.4000,10295,0,1131546600.000,1,0,1,多换,S,3726.4000,3726.2000,3726.0000,3725.6000,3725.4000,3727.0000,3727.4000,3728.0000,3728.8000,3729.0000,2,2,1,2,1,2,1,2,1,1
SF,IF2005,2020-04-13 09:44:09.100,3727.0000,10295,0,1133782800.000,2,1,1,多换,S,3727.0000,3726.4000,3726.2000,3726.0000,3725.6000,3727.4000,3728.0000,3728.8000,3729.0000,3729.2000,1,2,1,1,2,1,2,1,1,1
SF,IF2005,2020-04-13 09:44:09.600,3727.0000,10295,0,1133782800.000,0,-,-,-,-,3727.0000,3726.2000,3726.0000,3725.6000,3725.4000,3728.0000,3728.8000,3729.0000,3729.2000,3729.6000,1,1,1,2,1,2,1,1,1,2
SF,IF2005,2020-04-13 09:44:10.100,3727.0000,10295,0,1133782800.000,0,-,-,-,-,3727.0000,3726.2000,3726.0000,3725.6000,3725.4000,3727.8000,3728.0000,3729.0000,3729.2000,3729.6000,1,1,1,2,1,4,2,1,1,2
SF,IF2005,2020-04-13 09:44:10.600,3727.0000,10295,0,1133782800.000,0,-,-,-,-,3727.0000,3726.2000,3726.0000,3725.6000,3725.4000,3727.8000,3728.0000,3729.0000,3729.2000,3729.6000,1,1,1,2,1,4,2,1,1,2
SF,IF2005,2020-04-13 09:44:11.100,3727.0000,10296,1,1134900900.000,1,1,0,双开,S,3726.2000,3726.0000,3725.6000,3725.4000,3724.4000,3727.0000,3727.6000,3727.8000,3728.0000,3729.0000,1,1,2,1,1,1,1,4,3,1
SF,IF2005,2020-04-13 09:44:11.600,3727.6000,10294,-2,1137137280.000,2,0,2,双平,S,3726.2000,3726.0000,3725.6000,3725.4000,3724.4000,3727.8000,3728.0000,3729.0000,3729.2000,3729.6000,1,1,2,1,1,3,3,1,1,2
SF,IF2005,2020-04-13 09:44:12.100,3727.6000,10294,0,1137137280.000,0,-,-,-,-,3726.2000,3726.0000,3725.6000,3725.4000,3724.4000,3727.8000,3728.0000,3729.0000,3729.2000,3729.6000,1,1,2,1,1,3,2,1,1,2
SF,IF2005,2020-04-13 09:44:12.600,3727.6000,10294,0,1137137280.000,0,-,-,-,-,3726.2000,3726.0000,3725.4000,3724.4000,3724.2000,3727.8000,3728.0000,3729.0000,3729.2000,3729.6000,1,1,1,1,1,3,3,1,1,2
SF,IF2005,2020-04-13 09:44:13.100,3727.6000,10294,0,1137137280.000,0,-,-,-,-,3726.0000,3725.4000,3724.4000,3724.2000,3723.6000,3727.2000,3727.4000,3727.6000,3727.8000,3728.0000,1,1,1,1,3,1,1,5,4,3
SF,IF2005,2020-04-13 09:44:13.600,3727.6000,10294,0,1137137280.000,0,-,-,-,-,3726.0000,3725.4000,3724.4000,3724.2000,3723.6000,3726.2000,3727.0000,3727.2000,3727.4000,3727.6000,1,1,1,1,3,1,1,1,1,6
SF,IF2005,2020-04-13 09:44:14.100,3726.0000,10293,-1,1138255080.000,1,0,1,双平,S,3725.4000,3724.4000,3724.2000,3723.6000,3722.0000,3726.2000,3727.0000,3727.2000,3727.4000,3727.6000,1,1,1,3,2,1,2,1,1,6
SF,IF2005,2020-04-13 09:44:14.600,3727.0000,10292,-1,1140491040.000,2,0,2,多平,S,3724.4000,3724.2000,3723.6000,3722.0000,3721.6000,3727.0000,3727.2000,3727.4000,3727.6000,3727.8000,1,1,3,2,4,1,1,1,4,3
SF,IF2005,2020-04-13 09:44:15.100,3727.0000,10292,0,1140491040.000,0,-,-,-,-,3724.6000,3724.4000,3724.2000,3723.6000,3722.0000,3726.8000,3727.0000,3727.2000,3727.4000,3727.6000,5,1,1,3,2,1,1,1,1,4
SF,IF2005,2020-04-13 09:44:16.100,3727.0000,10292,0,1140491040.000,0,-,-,-,-,3724.8000,3724.6000,3724.4000,3724.2000,3723.6000,3726.8000,3727.0000,3727.2000,3727.4000,3727.6000,1,5,1,1,3,1,1,1,1,4
SF,IF2005,2020-04-13 09:44:16.600,3727.0000,10292,0,1140491040.000,0,-,-,-,-,3725.0000,3724.8000,3724.4000,3724.2000,3723.6000,3726.6000,3726.8000,3727.0000,3727.2000,3727.4000,4,1,1,1,3,1,1,1,1,1
SF,IF2005,2020-04-13 09:44:17.100,3727.0000,10290,-2,1142727240.000,2,0,2,双平,S,3725.0000,3724.8000,3724.4000,3724.2000,3723.6000,3727.0000,3727.2000,3727.4000,3727.6000,3727.8000,4,1,1,1,3,1,1,1,4,3
SF,IF2005,2020-04-13 09:44:17.600,3727.0000,10290,0,1142727240.000,0,-,-,-,-,3725.0000,3724.8000,3724.4000,3724.2000,3723.6000,3726.8000,3727.0000,3727.4000,3727.6000,3727.8000,4,1,1,1,3,3,1,1,4,2
SF,IF2005,2020-04-13 09:44:18.600,3727.0000,10290,0,1142727240.000,0,-,-,-,-,3725.0000,3724.8000,3724.4000,3724.2000,3723.6000,3726.8000,3727.0000,3727.4000,3727.6000,3727.8000,2,1,1,1,3,3,1,1,4,2
SF,IF2005,2020-04-13 09:44:19.100,3727.0000,10290,0,1142727240.000,0,-,-,-,-,3725.0000,3724.8000,3724.4000,3724.2000,3723.6000,3726.6000,3726.8000,3727.0000,3727.4000,3727.6000,2,1,1,1,3,1,3,1,1,4
SF,IF2005,2020-04-13 09:44:19.600,3727.0000,10288,-2,1144963440.000,2,0,2,双平,S,3725.0000,3724.8000,3724.4000,3724.2000,3723.6000,3726.8000,3727.0000,3727.4000,3727.6000,3727.8000,2,1,1,1,3,3,1,1,4,2
SF,IF2005,2020-04-13 09:44:20.100,3727.0000,10288,0,1144963440.000,0,-,-,-,-,3725.0000,3724.4000,3724.2000,3723.6000,3722.0000,3726.8000,3727.0000,3727.4000,3727.6000,3727.8000,2,1,1,3,2,2,1,1,4,2
SF,IF2005,2020-04-13 09:44:20.600,3727.0000,10288,0,1144963440.000,0,-,-,-,-,3725.2000,3725.0000,3724.4000,3724.2000,3723.6000,3726.8000,3727.0000,3727.4000,3727.6000,3727.8000,2,2,1,1,3,2,1,1,4,2
SF,IF2005,2020-04-13 09:44:21.100,3727.0000,10288,0,1144963440.000,0,-,-,-,-,3725.4000,3725.2000,3725.0000,3724.4000,3724.2000,3726.8000,3727.0000,3727.4000,3727.6000,3727.8000,1,2,1,1,1,1,1,1,4,2
SF,IF2005,2020-04-13 09:44:22.600,3725.4000,10288,0,1146081060.000,1,0,1,多换,S,3725.2000,3725.0000,3724.4000,3724.2000,3723.6000,3727.0000,3727.4000,3727.6000,3727.8000,3728.0000,2,1,1,1,3,1,1,4,2,3
SF,IF2005,2020-04-13 09:44:23.100,3726.8000,10288,0,1148317080.000,2,1,1,多换,S,3725.4000,3725.2000,3725.0000,3724.4000,3724.2000,3726.8000,3727.0000,3727.6000,3727.8000,3728.0000,1,1,1,1,1,4,1,4,2,3
SF,IF2005,2020-04-13 09:44:23.600,3726.8000,10288,0,1148317080.000,0,-,-,-,-,3725.4000,3725.2000,3725.0000,3724.4000,3724.2000,3726.8000,3727.0000,3727.6000,3727.8000,3728.0000,1,1,1,1,1,4,1,4,2,3
SF,IF2005,2020-04-13 09:44:24.100,3725.4000,10288,0,1149434700.000,1,0,1,多换,S,3725.2000,3725.0000,3724.4000,3724.2000,3723.6000,3726.8000,3727.0000,3727.6000,3727.8000,3728.0000,1,1,1,1,3,4,1,4,2,3
SF,IF2005,2020-04-13 09:44:24.600,3725.4000,10288,0,1149434700.000,0,-,-,-,-,3725.4000,3725.2000,3725.0000,3724.4000,3724.2000,3726.6000,3726.8000,3727.0000,3727.6000,3727.8000,1,1,1,1,1,1,3,1,4,2
SF,IF2005,2020-04-13 09:44:25.100,3726.6000,10287,-1,1151670600.000,2,0,2,多平,S,3725.4000,3725.0000,3724.4000,3724.2000,3723.6000,3726.8000,3727.0000,3727.6000,3727.8000,3728.0000,1,1,1,1,3,2,1,4,2,3
SF,IF2005,2020-04-13 09:44:27.600,3725.4000,10287,0,1152788220.000,1,0,1,多换,S,3725.0000,3724.4000,3724.2000,3723.6000,3722.0000,3726.8000,3727.0000,3727.6000,3727.8000,3728.0000,1,1,1,3,2,2,1,4,2,3
SF,IF2005,2020-04-13 09:44:28.100,3726.4000,10288,1,1153906140.000,1,1,0,双开,S,3725.2000,3725.0000,3724.4000,3724.2000,3723.6000,3726.6000,3726.8000,3727.0000,3727.6000,3727.8000,1,1,1,1,3,1,1,1,4,2
SF,IF2005,2020-04-13 09:44:28.600,3726.6000,10286,-2,1156142040.000,2,0,2,双平,S,3725.2000,3725.0000,3724.4000,3724.2000,3723.6000,3727.0000,3727.6000,3727.8000,3728.0000,3728.2000,1,1,1,1,3,1,4,2,3,2
SF,IF2005,2020-04-13 09:44:29.100,3726.6000,10286,0,1156142040.000,0,-,-,-,-,3725.2000,3725.0000,3724.4000,3724.2000,3723.6000,3726.6000,3726.8000,3727.0000,3727.6000,3727.8000,1,1,1,1,3,1,3,1,4,2
SF,IF2005,2020-04-13 09:44:29.600,3726.6000,10286,0,1156142040.000,0,-,-,-,-,3725.2000,3725.0000,3724.4000,3724.2000,3723.6000,3726.4000,3726.8000,3727.0000,3727.6000,3727.8000,1,1,1,1,3,1,2,1,4,2
SF,IF2005,2020-04-13 09:44:30.100,3726.8000,10284,-2,1158378060.000,2,0,2,双平,S,3725.2000,3724.4000,3724.2000,3723.6000,3722.0000,3726.8000,3727.0000,3727.6000,3727.8000,3728.0000,1,1,1,3,2,1,1,4,2,3
SF,IF2005,2020-04-13 09:44:30.600,3726.8000,10284,0,1158378060.000,0,-,-,-,-,3725.4000,3725.2000,3724.4000,3724.2000,3723.6000,3726.6000,3726.8000,3727.0000,3727.6000,3727.8000,1,1,1,1,3,1,1,1,4,2
SF,IF2005,2020-04-13 09:44:31.100,3726.8000,10284,0,1158378060.000,0,-,-,-,-,3725.6000,3725.4000,3724.4000,3724.2000,3723.6000,3726.6000,3726.8000,3727.0000,3727.6000,3727.8000,1,1,1,1,3,1,1,1,4,2
SF,IF2005,2020-04-13 09:44:32.100,3726.8000,10284,0,1158378060.000,0,-,-,-,-,3725.6000,3724.4000,3724.2000,3723.6000,3722.0000,3726.6000,3726.8000,3727.0000,3727.6000,3727.8000,1,1,1,3,2,1,1,1,4,2
SF,IF2005,2020-04-13 09:44:32.600,3725.6000,10284,0,1159495740.000,1,0,1,多换,S,3724.4000,3724.2000,3723.6000,3722.0000,3721.6000,3726.6000,3726.8000,3727.0000,3727.6000,3727.8000,1,1,3,2,4,1,1,1,4,2
SF,IF2005,2020-04-13 09:44:33.100,3726.8000,10282,-2,1161731760.000,2,0,2,双平,S,3724.6000,3724.4000,3724.2000,3723.6000,3722.0000,3725.6000,3727.0000,3727.6000,3727.8000,3728.0000,2,1,1,3,2,1,1,4,2,3
SF,IF2005,2020-04-13 09:44:33.600,3726.8000,10282,0,1161731760.000,0,-,-,-,-,3724.6000,3724.4000,3724.2000,3723.6000,3722.0000,3725.6000,3726.0000,3727.0000,3727.6000,3727.8000,3,1,1,3,2,1,1,1,4,2
SF,IF2005,2020-04-13 09:44:34.100,3725.6000,10282,0,1162849440.000,1,0,1,多换,S,3725.8000,3724.8000,3724.6000,3724.4000,3724.2000,3726.6000,3727.0000,3727.6000,3727.8000,3728.0000,1,1,3,1,1,1,1,4,2,3
SF,IF2005,2020-04-13 09:44:34.600,3725.6000,10282,0,1162849440.000,0,-,-,-,-,3725.0000,3724.8000,3724.6000,3724.4000,3724.2000,3726.6000,3727.0000,3727.6000,3727.8000,3728.0000,1,1,3,1,1,1,1,4,2,3
SF,IF2005,2020-04-13 09:44:35.100,3725.6000,10282,0,1162849440.000,0,-,-,-,-,3725.2000,3725.0000,3724.8000,3724.6000,3724.4000,3726.6000,3727.0000,3727.6000,3727.8000,3728.0000,1,1,1,2,1,1,1,4,2,3
SF,IF2005,2020-04-13 09:44:35.600,3725.6000,10282,0,1162849440.000,0,-,-,-,-,3725.2000,3724.2000,3723.6000,3722.0000,3721.6000,3726.4000,3726.6000,3727.0000,3727.6000,3727.8000,1,1,3,2,4,1,1,1,5,2
SF,IF2005,2020-04-13 09:44:36.100,3725.6000,10282,0,1162849440.000,0,-,-,-,-,3725.2000,3724.2000,3723.6000,3722.0000,3721.6000,3726.0000,3726.4000,3726.6000,3727.0000,3727.6000,1,1,3,2,4,1,1,1,1,5
SF,IF2005,2020-04-13 09:44:36.600,3725.6000,10282,0,1162849440.000,0,-,-,-,-,3725.2000,3724.2000,3723.6000,3722.0000,3721.6000,3726.0000,3726.4000,3726.6000,3727.0000,3727.2000,1,1,3,2,4,1,1,1,1,1
SF,IF2005,2020-04-13 09:44:37.100,3726.4000,10280,-2,1165085160.000,2,0,2,双平,S,3725.2000,3724.2000,3723.6000,3722.0000,3721.6000,3726.6000,3727.0000,3727.2000,3727.6000,3727.8000,1,1,3,2,4,1,1,1,5,2
SF,IF2005,2020-04-13 09:44:37.600,3726.4000,10280,0,1165085160.000,0,-,-,-,-,3725.2000,3724.2000,3723.6000,3722.0000,3721.6000,3726.2000,3726.4000,3726.6000,3727.0000,3727.2000,1,1,3,2,4,1,1,1,1,1
SF,IF2005,2020-04-13 09:44:38.100,3725.2000,10280,0,1166202720.000,1,0,1,多换,S,3724.2000,3723.6000,3722.0000,3721.6000,3720.2000,3726.2000,3726.4000,3726.6000,3727.0000,3727.2000,1,3,2,4,1,1,1,1,1,1
SF,IF2005,2020-04-13 09:44:38.600,3725.2000,10280,0,1166202720.000,0,-,-,-,-,3724.4000,3724.2000,3723.6000,3722.0000,3721.6000,3726.0000,3726.2000,3726.6000,3727.0000,3727.2000,2,1,3,2,4,1,1,1,1,1
SF,IF2005,2020-04-13 09:44:39.100,3724.4000,10280,0,1167320040.000,1,0,1,多换,S,3724.4000,3724.2000,3723.6000,3722.0000,3721.6000,3726.0000,3726.2000,3726.6000,3727.0000,3727.2000,1,1,3,2,4,1,1,1,1,1
SF,IF2005,2020-04-13 09:44:39.600,3724.4000,10280,0,1167320040.000,0,-,-,-,-,3724.4000,3724.2000,3723.6000,3722.0000,3721.6000,3726.0000,3726.2000,3726.6000,3727.0000,3727.2000,1,1,3,2,4,1,1,1,1,1
SF,IF2005,2020-04-13 09:44:40.600,3726.2000,10278,-2,1169555700.000,2,0,2,双平,S,3724.6000,3724.4000,3724.2000,3723.6000,3722.0000,3726.6000,3727.0000,3727.2000,3727.4000,3727.6000,1,2,1,3,2,1,1,2,1,3
SF,IF2005,2020-04-13 09:44:41.100,3726.2000,10278,0,1169555700.000,0,-,-,-,-,3724.8000,3724.6000,3724.4000,3724.2000,3723.6000,3726.4000,3726.6000,3727.0000,3727.2000,3727.4000,1,1,1,1,3,3,1,1,2,1
SF,IF2005,2020-04-13 09:44:41.600,3724.8000,10278,0,1170673140.000,1,0,1,多换,S,3724.6000,3724.4000,3724.2000,3723.6000,3722.0000,3726.4000,3726.6000,3727.0000,3727.2000,3727.4000,1,1,1,3,2,3,1,1,2,1
SF,IF2005,2020-04-13 09:44:42.100,3724.8000,10278,0,1170673140.000,0,-,-,-,-,3724.8000,3724.6000,3724.4000,3724.2000,3723.6000,3726.2000,3726.4000,3726.6000,3727.0000,3727.2000,1,1,1,1,3,1,2,1,1,2
SF,IF2005,2020-04-13 09:44:43.100,3724.8000,10278,0,1170673140.000,0,-,-,-,-,3724.8000,3724.4000,3724.2000,3723.6000,3722.0000,3726.2000,3726.4000,3726.6000,3727.0000,3727.2000,1,1,1,3,2,1,2,1,1,2
SF,IF2005,2020-04-13 09:44:44.600,3726.2000,10278,0,1171791000.000,1,0,1,多换,S,3724.8000,3724.4000,3724.2000,3723.6000,3722.0000,3726.4000,3726.6000,3727.0000,3727.2000,3727.4000,1,1,2,3,2,2,1,1,2,1
SF,IF2005,2020-04-13 09:44:45.100,3726.2000,10278,0,1171791000.000,0,-,-,-,-,3725.0000,3724.8000,3724.4000,3724.2000,3723.6000,3726.2000,3726.4000,3726.6000,3727.0000,3727.2000,1,1,1,2,3,1,2,1,1,2
SF,IF2005,2020-04-13 09:44:45.600,3725.0000,10279,1,1172908500.000,1,1,0,双开,S,3724.8000,3724.4000,3724.2000,3723.6000,3722.0000,3725.0000,3726.0000,3726.4000,3726.6000,3727.0000,1,1,2,3,2,1,1,1,1,1
SF,IF2005,2020-04-13 09:44:46.100,3725.0000,10279,0,1174026000.000,1,0,1,多换,S,3725.2000,3725.0000,3724.8000,3724.4000,3724.2000,3726.0000,3726.4000,3726.6000,3727.0000,3727.2000,1,1,1,1,2,1,1,1,1,1
SF,IF2005,2020-04-13 09:44:46.600,3725.0000,10279,0,1174026000.000,0,-,-,-,-,3724.8000,3724.4000,3724.2000,3723.6000,3722.0000,3726.0000,3726.4000,3726.6000,3727.0000,3727.2000,1,1,2,3,2,2,1,1,1,1
SF,IF2005,2020-04-13 09:44:47.100,3725.0000,10279,0,1174026000.000,0,-,-,-,-,3724.8000,3724.4000,3724.2000,3723.6000,3722.0000,3726.0000,3726.4000,3726.6000,3727.0000,3727.2000,1,1,2,3,2,2,2,1,1,1
SF,IF2005,2020-04-13 09:44:47.600,3724.8000,10279,0,1175143440.000,1,0,1,多换,S,3724.4000,3724.2000,3723.6000,3722.0000,3721.6000,3726.0000,3726.4000,3726.6000,3727.0000,3727.2000,1,2,3,2,4,2,2,1,1,1
SF,IF2005,2020-04-13 09:44:48.100,3724.8000,10279,0,1175143440.000,0,-,-,-,-,3724.6000,3724.4000,3724.2000,3723.6000,3722.0000,3725.8000,3726.0000,3726.4000,3726.6000,3727.0000,1,1,2,3,2,1,2,1,1,1
SF,IF2005,2020-04-13 09:44:48.600,3724.8000,10279,0,1175143440.000,0,-,-,-,-,3724.6000,3724.4000,3724.2000,3723.6000,3722.0000,3725.6000,3725.8000,3726.0000,3726.4000,3726.6000,2,1,2,3,2,1,1,1,1,1
SF,IF2005,2020-04-13 09:44:49.100,3724.8000,10279,0,1175143440.000,0,-,-,-,-,3724.6000,3724.4000,3724.2000,3723.6000,3722.0000,3725.6000,3725.8000,3726.0000,3726.4000,3726.6000,2,1,2,3,2,1,1,1,1,1
SF,IF2005,2020-04-13 09:44:49.600,3724.6000,10279,0,1176260820.000,1,0,1,多换,S,3724.6000,3724.4000,3724.2000,3723.6000,3722.0000,3725.6000,3725.8000,3726.0000,3726.4000,3726.6000,1,1,2,3,2,1,1,1,1,1
SF,IF2005,2020-04-13 09:44:50.100,3724.6000,10279,0,1176260820.000,0,-,-,-,-,3724.6000,3724.2000,3723.6000,3722.0000,3721.6000,3725.4000,3725.6000,3726.0000,3726.4000,3726.6000,1,2,3,2,4,1,1,1,1,1
SF,IF2005,2020-04-13 09:44:50.600,3724.6000,10279,0,1176260820.000,0,-,-,-,-,3724.6000,3724.2000,3723.6000,3722.0000,3721.6000,3725.2000,3725.4000,3726.0000,3726.4000,3726.6000,1,2,3,2,4,1,1,1,1,1
SF,IF2005,2020-04-13 09:44:51.100,3724.6000,10279,0,1176260820.000,0,-,-,-,-,3724.2000,3723.6000,3722.0000,3721.6000,3720.2000,3725.2000,3725.4000,3726.4000,3726.6000,3727.0000,2,3,2,4,1,1,1,1,1,1
SF,IF2005,2020-04-13 09:44:52.100,3724.6000,10279,0,1176260820.000,0,-,-,-,-,3724.4000,3724.2000,3723.6000,3722.0000,3721.6000,3725.2000,3725.4000,3726.4000,3726.6000,3727.0000,1,2,3,2,4,1,1,1,1,1
SF,IF2005,2020-04-13 09:44:53.100,3724.6000,10279,0,1176260820.000,0,-,-,-,-,3724.6000,3724.4000,3724.2000,3723.6000,3722.0000,3725.2000,3725.4000,3726.4000,3726.6000,3727.0000,1,1,2,3,2,1,1,1,1,1
SF,IF2005,2020-04-13 09:44:53.600,3724.6000,10280,1,1177378200.000,1,1,0,双开,S,3724.6000,3724.4000,3724.2000,3723.6000,3722.0000,3725.2000,3725.4000,3726.4000,3726.6000,3727.0000,1,1,2,3,2,1,1,1,1,1
SF,IF2005,2020-04-13 09:44:54.600,3724.6000,10281,1,1178495580.000,1,1,0,双开,S,3724.4000,3724.2000,3723.6000,3722.0000,3721.6000,3725.2000,3725.4000,3726.4000,3726.6000,3727.0000,1,2,3,2,4,1,1,1,1,1
SF,IF2005,2020-04-13 09:44:55.100,3724.6000,10281,0,1178495580.000,0,-,-,-,-,3724.2000,3723.6000,3722.0000,3721.6000,3720.2000,3724.6000,3725.2000,3725.4000,3726.4000,3726.6000,2,3,2,4,1,1,1,1,1,1
SF,IF2005,2020-04-13 09:44:55.600,3724.6000,10281,0,1179612960.000,1,0,1,多换,S,3724.6000,3724.2000,3723.6000,3722.0000,3721.6000,3725.2000,3725.4000,3726.4000,3726.6000,3727.0000,1,2,3,2,4,1,1,1,1,1
SF,IF2005,2020-04-13 09:44:56.100,3724.6000,10281,0,1179612960.000,0,-,-,-,-,3724.2000,3723.6000,3722.0000,3721.6000,3720.2000,3725.2000,3725.4000,3726.4000,3726.6000,3727.0000,2,3,2,4,1,1,1,1,1,1
SF,IF2005,2020-04-13 09:44:56.600,3724.6000,10281,0,1179612960.000,0,-,-,-,-,3724.2000,3723.6000,3722.0000,3721.6000,3720.2000,3724.6000,3725.2000,3725.4000,3726.4000,3726.6000,2,3,2,4,1,1,1,1,1,1
SF,IF2005,2020-04-13 09:44:57.100,3725.2000,10283,2,1181847900.000,2,2,0,双开,S,3724.6000,3724.2000,3723.6000,3722.0000,3720.2000,3725.4000,3726.4000,3726.6000,3727.0000,3727.6000,1,2,3,2,1,1,1,1,1,3
SF,IF2005,2020-04-13 09:44:57.600,3725.2000,10283,0,1181847900.000,0,-,-,-,-,3724.4000,3724.2000,3723.6000,3722.0000,3720.2000,3725.4000,3726.4000,3726.6000,3727.0000,3727.6000,1,2,3,2,1,1,1,1,1,3
SF,IF2005,2020-04-13 09:44:58.100,3725.2000,10283,0,1181847900.000,0,-,-,-,-,3724.2000,3723.6000,3722.0000,3720.2000,3719.2000,3725.4000,3726.4000,3726.6000,3727.0000,3727.6000,2,3,2,1,4,1,1,1,1,3
SF,IF2005,2020-04-13 09:44:58.600,3725.2000,10283,0,1181847900.000,0,-,-,-,-,3724.2000,3723.6000,3722.0000,3720.2000,3719.2000,3725.4000,3725.8000,3726.4000,3726.6000,3727.0000,2,3,2,1,4,1,1,1,1,1
SF,IF2005,2020-04-13 09:44:59.100,3724.2000,10283,0,1182965160.000,1,0,1,多换,S,3724.2000,3723.6000,3722.0000,3720.2000,3719.2000,3725.4000,3725.8000,3726.4000,3726.6000,3727.0000,1,3,2,1,4,1,1,1,1,1
SF,IF2005,2020-04-13 09:44:59.600,3724.2000,10283,0,1182965160.000,0,-,-,-,-,3724.2000,3723.6000,3722.0000,3720.2000,3719.2000,3725.2000,3725.4000,3726.4000,3726.6000,3727.0000,1,3,2,1,4,1,2,1,1,1
SF,IF2005,2020-04-13 09:45:00.100,3724.2000,10283,0,1184082420.000,1,0,1,多换,S,3723.6000,3722.0000,3720.2000,3719.2000,3718.2000,3725.0000,3725.2000,3725.4000,3726.4000,3726.6000,3,2,1,4,1,1,1,1,1,1
SF,IF2005,2020-04-13 09:45:00.600,3724.2000,10283,0,1184082420.000,0,-,-,-,-,3724.0000,3723.8000,3723.6000,3722.0000,3720.2000,3725.0000,3725.2000,3725.4000,3726.4000,3726.6000,1,1,3,2,1,1,1,1,1,1
SF,IF2005,2020-04-13 09:45:01.100,3724.2000,10283,0,1184082420.000,0,-,-,-,-,3724.0000,3723.8000,3723.6000,3722.0000,3720.2000,3725.0000,3726.4000,3726.6000,3727.0000,3727.6000,1,1,3,2,1,1,1,1,1,3
SF,IF2005,2020-04-13 09:45:01.600,3725.0000,10283,0,1185199920.000,1,0,1,多换,S,3725.0000,3724.2000,3724.0000,3723.8000,3723.6000,3726.4000,3726.6000,3727.0000,3727.6000,3727.8000,1,1,1,1,3,1,1,1,3,1
SF,IF2005,2020-04-13 09:45:02.100,3724.2000,10284,1,1187434680.000,2,1,1,空开,S,3723.8000,3723.6000,3722.0000,3720.2000,3719.2000,3724.8000,3725.8000,3726.0000,3726.2000,3726.4000,1,3,2,1,4,1,3,2,4,2
SF,IF2005,2020-04-13 09:45:02.600,3724.2000,10284,0,1187434680.000,0,-,-,-,-,3723.6000,3722.0000,3720.2000,3719.2000,3718.2000,3725.0000,3725.8000,3726.0000,3726.2000,3726.4000,3,2,1,4,1,1,4,3,4,2
SF,IF2005,2020-04-13 09:45:03.100,3724.2000,10284,0,1187434680.000,0,-,-,-,-,3723.6000,3722.0000,3720.2000,3719.2000,3718.2000,3724.8000,3725.0000,3725.8000,3726.0000,3726.2000,3,2,1,4,1,2,1,4,3,3
SF,IF2005,2020-04-13 09:45:03.600,3724.2000,10284,0,1187434680.000,0,-,-,-,-,3723.6000,3722.0000,3720.2000,3719.2000,3718.2000,3724.8000,3725.0000,3725.8000,3726.0000,3726.2000,3,2,1,4,1,2,1,3,3,3
SF,IF2005,2020-04-13 09:45:04.100,3724.2000,10284,0,1187434680.000,0,-,-,-,-,3723.6000,3722.0000,3720.2000,3719.2000,3718.2000,3724.8000,3725.0000,3725.8000,3726.0000,3726.2000,3,2,1,4,1,2,1,3,3,3
SF,IF2005,2020-04-13 09:45:05.600,3723.6000,10284,0,1190785920.000,3,1,2,多换,S,3722.0000,3720.2000,3719.2000,3718.2000,3718.0000,3724.6000,3724.8000,3725.0000,3725.8000,3726.0000,2,1,4,1,2,1,4,1,2,3
SF,IF2005,2020-04-13 09:45:06.100,3723.6000,10284,0,1190785920.000,0,-,-,-,-,3722.2000,3722.0000,3720.2000,3719.2000,3718.2000,3724.4000,3724.6000,3724.8000,3725.0000,3725.8000,2,2,1,4,1,3,1,1,1,2
SF,IF2005,2020-04-13 09:45:06.600,3723.6000,10284,0,1190785920.000,0,-,-,-,-,3722.2000,3722.0000,3720.2000,3719.2000,3718.2000,3724.4000,3724.8000,3725.0000,3725.8000,3726.0000,2,2,1,4,1,3,2,1,2,3
SF,IF2005,2020-04-13 09:45:07.100,3723.6000,10284,0,1190785920.000,0,-,-,-,-,3722.4000,3722.2000,3722.0000,3720.2000,3719.2000,3724.4000,3724.8000,3725.0000,3725.8000,3726.0000,6,2,2,1,4,3,1,1,2,3
SF,IF2005,2020-04-13 09:45:07.600,3723.6000,10284,0,1190785920.000,0,-,-,-,-,3722.6000,3722.4000,3722.2000,3722.0000,3720.2000,3724.4000,3724.8000,3725.8000,3726.0000,3726.2000,1,7,2,2,1,3,1,2,3,3
SF,IF2005,2020-04-13 09:45:08.100,3723.6000,10284,0,1190785920.000,0,-,-,-,-,3722.6000,3722.4000,3722.2000,3722.0000,3720.2000,3724.4000,3724.8000,3725.8000,3726.0000,3726.2000,1,5,2,2,1,2,1,2,3,3
SF,IF2005,2020-04-13 09:45:09.600,3723.6000,10284,0,1190785920.000,0,-,-,-,-,3722.6000,3722.4000,3722.2000,3722.0000,3720.2000,3724.4000,3724.8000,3725.8000,3726.0000,3726.2000,2,5,1,2,1,2,1,2,3,3
SF,IF2005,2020-04-13 09:45:11.100,3723.6000,10284,0,1190785920.000,0,-,-,-,-,3722.8000,3722.6000,3722.4000,3722.2000,3722.0000,3724.4000,3724.8000,3725.8000,3726.0000,3726.2000,4,2,2,1,2,2,1,2,3,3
SF,IF2005,2020-04-13 09:45:11.600,3723.6000,10284,0,1190785920.000,0,-,-,-,-,3723.0000,3722.8000,3722.6000,3722.4000,3722.2000,3724.4000,3724.8000,3725.8000,3726.0000,3726.2000,1,2,1,2,1,2,1,2,3,3
SF,IF2005,2020-04-13 09:45:12.100,3723.6000,10284,0,1190785920.000,0,-,-,-,-,3723.0000,3722.8000,3722.6000,3722.4000,3722.2000,3724.4000,3724.8000,3725.8000,3726.0000,3726.2000,1,2,1,2,1,1,1,1,3,3
SF,IF2005,2020-04-13 09:45:13.100,3723.6000,10284,0,1190785920.000,0,-,-,-,-,3723.0000,3722.8000,3722.6000,3722.4000,3722.2000,3724.4000,3724.8000,3725.8000,3726.0000,3726.2000,1,2,1,2,1,2,1,1,3,3
SF,IF2005,2020-04-13 09:45:13.600,3723.6000,10284,0,1190785920.000,0,-,-,-,-,3723.0000,3722.8000,3722.6000,3722.4000,3722.2000,3724.4000,3724.8000,3725.8000,3726.0000,3726.2000,1,2,1,2,1,2,1,1,2,3
SF,IF2005,2020-04-13 09:45:14.100,3724.4000,10284,0,1191903240.000,1,0,1,多换,S,3723.0000,3722.8000,3722.6000,3722.4000,3722.2000,3724.4000,3724.8000,3725.8000,3726.0000,3726.2000,1,2,1,2,1,1,1,1,2,3
SF,IF2005,2020-04-13 09:45:15.600,3723.0000,10284,0,1193020140.000,1,0,1,多换,S,3722.8000,3722.6000,3722.4000,3722.2000,3722.0000,3724.4000,3724.8000,3725.8000,3726.0000,3726.2000,1,1,2,1,2,2,1,1,2,3
SF,IF2005,2020-04-13 09:45:16.100,3723.0000,10284,0,1193020140.000,0,-,-,-,-,3723.0000,3722.8000,3722.6000,3722.4000,3722.2000,3724.2000,3724.4000,3724.8000,3725.8000,3726.0000,1,1,1,1,1,1,2,1,1,2
SF,IF2005,2020-04-13 09:45:16.600,3723.0000,10284,0,1193020140.000,0,-,-,-,-,3723.0000,3722.6000,3722.4000,3722.2000,3722.0000,3724.2000,3724.4000,3724.8000,3725.8000,3726.0000,1,1,1,1,2,2,2,1,1,2
SF,IF2005,2020-04-13 09:45:17.100,3723.0000,10284,0,1193020140.000,0,-,-,-,-,3723.0000,3722.6000,3722.0000,3720.2000,3719.2000,3724.2000,3724.4000,3724.8000,3725.8000,3726.0000,1,1,2,1,4,2,1,1,1,2
SF,IF2005,2020-04-13 09:45:17.600,3723.0000,10284,0,1193020140.000,0,-,-,-,-,3722.6000,3722.0000,3720.2000,3719.2000,3718.2000,3724.2000,3724.4000,3724.8000,3725.8000,3726.0000,1,2,1,4,1,2,1,1,1,2
SF,IF2005,2020-04-13 09:45:18.100,3723.0000,10284,0,1193020140.000,0,-,-,-,-,3723.0000,3722.0000,3720.2000,3719.2000,3718.2000,3724.2000,3724.4000,3724.8000,3725.8000,3726.0000,1,2,1,4,1,2,1,1,1,2
SF,IF2005,2020-04-13 09:45:18.600,3723.0000,10284,0,1193020140.000,0,-,-,-,-,3723.0000,3722.0000,3720.2000,3719.2000,3718.2000,3724.2000,3724.4000,3724.8000,3725.8000,3726.0000,1,2,1,4,1,2,1,1,1,2
SF,IF2005,2020-04-13 09:45:19.100,3723.0000,10283,-1,1194137040.000,1,0,1,双平,S,3722.0000,3720.2000,3719.2000,3718.2000,3718.0000,3724.2000,3724.4000,3724.8000,3725.8000,3726.0000,2,1,4,1,2,2,1,1,1,2
SF,IF2005,2020-04-13 09:45:19.600,3723.0000,10283,0,1194137040.000,0,-,-,-,-,3722.2000,3722.0000,3720.2000,3719.2000,3718.2000,3724.0000,3724.2000,3724.4000,3724.8000,3725.8000,1,2,1,4,1,1,2,1,1,1
SF,IF2005,2020-04-13 09:45:20.100,3723.0000,10283,0,1194137040.000,0,-,-,-,-,3722.2000,3722.0000,3720.2000,3719.2000,3718.2000,3723.8000,3724.0000,3724.2000,3724.4000,3724.8000,1,2,1,4,1,1,1,1,1,1
SF,IF2005,2020-04-13 09:45:20.600,3723.0000,10283,0,1194137040.000,0,-,-,-,-,3722.2000,3722.0000,3720.2000,3719.2000,3718.2000,3723.8000,3724.0000,3724.2000,3724.4000,3724.8000,1,2,1,4,1,2,1,1,1,1
SF,IF2005,2020-04-13 09:45:21.100,3723.0000,10283,0,1194137040.000,0,-,-,-,-,3722.2000,3722.0000,3720.2000,3719.2000,3718.2000,3723.8000,3724.0000,3724.4000,3724.8000,3725.8000,1,2,1,4,1,2,1,1,1,1
SF,IF2005,2020-04-13 09:45:21.600,3723.0000,10283,0,1194137040.000,0,-,-,-,-,3722.4000,3722.2000,3722.0000,3720.2000,3719.2000,3723.8000,3724.0000,3724.4000,3724.8000,3725.8000,1,1,2,1,4,1,1,1,1,1
SF,IF2005,2020-04-13 09:45:22.100,3723.0000,10283,0,1194137040.000,0,-,-,-,-,3722.6000,3722.4000,3722.0000,3720.2000,3719.2000,3723.8000,3724.0000,3724.4000,3724.8000,3725.8000,1,1,2,1,4,1,1,1,1,1
SF,IF2005,2020-04-13 09:45:22.600,3723.0000,10283,0,1194137040.000,0,-,-,-,-,3722.6000,3722.4000,3722.0000,3720.2000,3719.2000,3723.8000,3724.4000,3724.8000,3725.8000,3726.0000,1,1,2,1,4,1,1,1,1,2
SF,IF2005,2020-04-13 09:45:23.100,3722.6000,10283,0,1195253820.000,1,0,1,多换,S,3722.4000,3722.0000,3720.2000,3719.2000,3718.2000,3723.8000,3724.4000,3724.8000,3725.8000,3726.0000,1,2,1,4,1,1,1,1,1,2
SF,IF2005,2020-04-13 09:45:24.100,3722.6000,10283,0,1195253820.000,0,-,-,-,-,3722.0000,3720.2000,3719.2000,3718.2000,3718.0000,3723.6000,3723.8000,3724.4000,3724.8000,3725.8000,2,1,4,1,2,1,1,1,1,1
SF,IF2005,2020-04-13 09:45:24.600,3722.6000,10283,0,1195253820.000,0,-,-,-,-,3722.2000,3722.0000,3720.2000,3719.2000,3718.2000,3723.4000,3723.6000,3724.4000,3724.8000,3725.8000,1,2,1,4,1,1,1,1,1,1
SF,IF2005,2020-04-13 09:45:25.600,3722.6000,10283,0,1195253820.000,0,-,-,-,-,3722.2000,3722.0000,3720.2000,3719.2000,3718.2000,3723.2000,3723.4000,3723.6000,3724.4000,3724.8000,1,2,1,4,1,1,1,1,1,1
SF,IF2005,2020-04-13 09:45:26.100,3722.6000,10283,0,1195253820.000,0,-,-,-,-,3722.0000,3720.2000,3719.2000,3718.2000,3718.0000,3723.0000,3723.2000,3723.6000,3724.4000,3724.8000,2,1,4,1,2,1,1,1,1,1
SF,IF2005,2020-04-13 09:45:27.100,3722.6000,10283,0,1195253820.000,0,-,-,-,-,3722.2000,3722.0000,3720.2000,3719.2000,3718.2000,3723.0000,3723.2000,3723.6000,3724.4000,3724.8000,1,2,1,4,1,1,1,1,1,1
SF,IF2005,2020-04-13 09:45:27.600,3722.6000,10283,0,1195253820.000,0,-,-,-,-,3722.0000,3720.2000,3719.2000,3718.2000,3718.0000,3723.0000,3723.2000,3723.6000,3724.4000,3724.8000,2,1,4,1,2,1,1,1,1,1
SF,IF2005,2020-04-13 09:45:28.100,3722.6000,10283,0,1195253820.000,0,-,-,-,-,3722.0000,3720.2000,3719.2000,3718.2000,3718.0000,3722.2000,3723.0000,3723.2000,3723.6000,3724.4000,2,1,4,1,2,1,1,1,1,1
SF,IF2005,2020-04-13 09:45:28.600,3722.2000,10283,0,1196370480.000,1,0,1,多换,S,3722.2000,3722.0000,3720.2000,3719.2000,3718.2000,3723.0000,3723.2000,3723.6000,3724.4000,3724.8000,1,2,1,4,1,1,1,1,1,1
SF,IF2005,2020-04-13 09:45:29.100,3722.2000,10283,0,1196370480.000,0,-,-,-,-,3722.0000,3720.2000,3719.2000,3718.2000,3718.0000,3723.0000,3723.2000,3723.6000,3724.4000,3724.8000,2,1,4,1,2,1,1,1,1,1
SF,IF2005,2020-04-13 09:45:30.100,3723.0000,10283,0,1197487380.000,1,0,1,多换,S,3723.0000,3722.0000,3720.2000,3719.2000,3718.2000,3723.2000,3723.6000,3724.4000,3724.8000,3725.8000,1,2,1,4,1,1,1,1,1,1
SF,IF2005,2020-04-13 09:45:30.600,3723.0000,10283,0,1198604280.000,1,0,1,多换,S,3722.2000,3722.0000,3720.2000,3719.2000,3718.2000,3723.2000,3723.6000,3724.4000,3724.8000,3725.8000,1,2,1,4,1,1,1,1,1,1
SF,IF2005,2020-04-13 09:45:31.100,3723.0000,10283,0,1198604280.000,0,-,-,-,-,3722.2000,3722.0000,3720.2000,3719.2000,3718.2000,3723.0000,3723.2000,3723.6000,3724.4000,3724.8000,1,2,1,4,1,2,1,1,1,1
SF,IF2005,2020-04-13 09:45:31.600,3723.0000,10285,2,1200838080.000,2,2,0,双开,S,3723.0000,3722.2000,3722.0000,3720.2000,3719.2000,3723.2000,3724.4000,3724.8000,3725.8000,3726.0000,1,1,2,1,4,1,1,1,1,2
SF,IF2005,2020-04-13 09:45:32.100,3723.0000,10285,0,1201954980.000,1,0,1,多换,S,3722.2000,3722.0000,3720.2000,3719.2000,3718.2000,3723.2000,3724.4000,3724.8000,3725.8000,3726.0000,1,2,1,4,1,1,1,1,1,2
SF,IF2005,2020-04-13 09:45:32.600,3723.0000,10285,0,1201954980.000,0,-,-,-,-,3722.0000,3720.2000,3719.2000,3718.2000,3718.0000,3724.4000,3724.8000,3725.8000,3726.0000,3726.2000,2,1,4,1,2,1,1,1,2,1
SF,IF2005,2020-04-13 09:45:33.100,3723.0000,10285,0,1201954980.000,0,-,-,-,-,3722.2000,3722.0000,3720.2000,3719.2000,3718.2000,3723.8000,3724.0000,3724.2000,3724.4000,3724.8000,1,2,1,4,1,1,3,7,1,1
SF,IF2005,2020-04-13 09:45:33.600,3722.2000,10285,0,1203071640.000,1,0,1,多换,S,3722.0000,3720.2000,3719.2000,3718.2000,3718.0000,3723.6000,3723.8000,3724.0000,3724.2000,3724.4000,2,1,4,1,2,1,1,2,7,1
SF,IF2005,2020-04-13 09:45:34.100,3722.2000,10285,0,1203071640.000,0,-,-,-,-,3722.2000,3722.0000,3720.2000,3719.2000,3718.2000,3723.4000,3723.6000,3723.8000,3724.0000,3724.2000,1,2,1,4,1,1,1,1,1,7
SF,IF2005,2020-04-13 09:45:34.600,3722.2000,10285,0,1203071640.000,0,-,-,-,-,3722.2000,3722.0000,3720.2000,3719.2000,3718.2000,3723.2000,3723.4000,3723.8000,3724.0000,3724.2000,1,2,1,4,1,1,2,1,1,5
SF,IF2005,2020-04-13 09:45:35.100,3722.2000,10285,0,1203071640.000,0,-,-,-,-,3722.2000,3722.0000,3720.2000,3719.2000,3718.2000,3723.2000,3723.4000,3723.8000,3724.0000,3724.2000,2,2,1,4,1,1,2,1,1,4
SF,IF2005,2020-04-13 09:45:35.600,3722.2000,10285,0,1203071640.000,0,-,-,-,-,3722.2000,3722.0000,3720.2000,3719.2000,3718.2000,3723.2000,3723.4000,3723.8000,3724.0000,3724.2000,1,2,1,4,1,1,2,1,1,4
SF,IF2005,2020-04-13 09:45:36.100,3722.2000,10285,0,1203071640.000,0,-,-,-,-,3722.2000,3722.0000,3720.2000,3719.2000,3718.2000,3723.0000,3723.2000,3723.4000,3723.8000,3724.0000,1,2,1,4,1,1,1,2,1,1
SF,IF2005,2020-04-13 09:45:36.600,3722.2000,10285,0,1203071640.000,0,-,-,-,-,3722.2000,3722.0000,3720.2000,3719.2000,3718.2000,3722.8000,3723.0000,3723.4000,3723.8000,3724.0000,1,2,1,4,1,1,1,2,1,1
SF,IF2005,2020-04-13 09:45:37.100,3722.2000,10285,0,1203071640.000,0,-,-,-,-,3722.0000,3720.6000,3720.2000,3719.2000,3718.2000,3722.8000,3723.0000,3723.4000,3723.8000,3724.0000,2,2,1,4,1,1,1,2,1,1
SF,IF2005,2020-04-13 09:45:37.600,3722.2000,10285,0,1203071640.000,0,-,-,-,-,3722.0000,3720.6000,3720.2000,3719.2000,3718.2000,3722.6000,3722.8000,3723.0000,3723.4000,3723.8000,2,2,1,4,1,1,1,1,1,1
SF,IF2005,2020-04-13 09:45:38.100,3722.0000,10287,2,1205304840.000,2,2,0,双开,S,3720.6000,3720.2000,3719.2000,3718.2000,3718.0000,3722.0000,3722.6000,3722.8000,3723.0000,3723.4000,2,1,4,1,2,1,1,1,1,1
SF,IF2005,2020-04-13 09:45:38.600,3722.0000,10288,1,1206421440.000,1,1,0,双开,S,3722.0000,3721.4000,3721.2000,3720.8000,3720.6000,3722.6000,3722.8000,3723.0000,3723.4000,3723.8000,1,1,1,6,2,1,1,1,1,1
SF,IF2005,2020-04-13 09:45:39.100,3722.0000,10289,1,1208654640.000,2,1,1,空开,S,3721.2000,3720.8000,3720.6000,3720.2000,3719.2000,3722.4000,3722.6000,3723.0000,3723.4000,3724.2000,1,4,2,1,4,1,1,1,1,4
SF,IF2005,2020-04-13 09:45:39.600,3721.2000,10289,0,1209771000.000,1,0,1,多换,S,3721.0000,3720.8000,3720.6000,3720.2000,3719.2000,3722.4000,3722.6000,3723.0000,3723.4000,3724.2000,1,3,2,1,4,1,1,1,1,4
SF,IF2005,2020-04-13 09:45:40.100,3721.2000,10289,0,1209771000.000,0,-,-,-,-,3720.8000,3720.6000,3720.2000,3719.2000,3718.2000,3722.4000,3722.6000,3723.0000,3723.4000,3724.2000,3,2,1,4,1,1,1,1,1,4
SF,IF2005,2020-04-13 09:45:40.600,3721.2000,10289,0,1209771000.000,0,-,-,-,-,3720.8000,3720.6000,3720.2000,3718.2000,3718.0000,3722.4000,3722.6000,3723.0000,3723.4000,3724.2000,3,2,1,1,2,1,1,1,1,4
SF,IF2005,2020-04-13 09:45:41.100,3721.2000,10289,0,1209771000.000,0,-,-,-,-,3721.0000,3720.8000,3720.6000,3720.2000,3718.2000,3722.4000,3722.6000,3723.0000,3723.4000,3724.2000,1,1,2,1,1,1,1,1,1,4
SF,IF2005,2020-04-13 09:45:41.600,3721.2000,10289,0,1209771000.000,0,-,-,-,-,3720.8000,3720.6000,3720.2000,3720.0000,3718.2000,3722.4000,3722.6000,3723.0000,3723.4000,3724.2000,1,2,1,1,1,1,1,1,1,4
SF,IF2005,2020-04-13 09:45:42.100,3721.2000,10289,0,1209771000.000,0,-,-,-,-,3720.8000,3720.2000,3720.0000,3718.2000,3718.0000,3722.4000,3722.6000,3723.0000,3723.4000,3724.2000,1,1,1,1,2,1,1,1,1,4
SF,IF2005,2020-04-13 09:45:42.600,3721.2000,10289,0,1209771000.000,0,-,-,-,-,3720.8000,3720.2000,3720.0000,3718.2000,3718.0000,3722.4000,3722.6000,3723.0000,3723.4000,3724.2000,1,1,1,1,2,1,1,1,1,4
SF,IF2005,2020-04-13 09:45:43.100,3721.2000,10289,0,1209771000.000,0,-,-,-,-,3720.8000,3720.2000,3720.0000,3718.2000,3718.0000,3722.4000,3722.6000,3723.4000,3724.2000,3724.4000,1,1,1,1,2,1,1,1,4,1
SF,IF2005,2020-04-13 09:45:43.600,3721.2000,10289,0,1209771000.000,0,-,-,-,-,3721.0000,3720.8000,3720.2000,3720.0000,3718.2000,3722.4000,3722.6000,3723.4000,3724.2000,3724.4000,1,1,1,1,1,1,1,1,4,1
SF,IF2005,2020-04-13 09:45:44.100,3721.2000,10289,0,1209771000.000,0,-,-,-,-,3721.2000,3721.0000,3720.2000,3720.0000,3718.2000,3722.4000,3722.6000,3724.2000,3724.4000,3724.8000,1,1,1,1,1,1,1,4,1,1
SF,IF2005,2020-04-13 09:45:44.600,3721.2000,10289,0,1209771000.000,0,-,-,-,-,3721.0000,3720.2000,3720.0000,3718.2000,3718.0000,3722.4000,3722.6000,3724.2000,3724.4000,3724.8000,3,1,1,1,2,1,1,4,1,1
SF,IF2005,2020-04-13 09:45:45.100,3721.2000,10289,0,1209771000.000,0,-,-,-,-,3721.0000,3720.2000,3720.0000,3718.2000,3718.0000,3722.4000,3722.6000,3724.2000,3724.4000,3724.8000,1,1,1,1,2,1,1,4,1,1
SF,IF2005,2020-04-13 09:45:45.600,3721.2000,10289,0,1209771000.000,0,-,-,-,-,3721.0000,3720.2000,3720.0000,3718.2000,3718.0000,3722.4000,3722.6000,3724.2000,3724.4000,3724.8000,1,1,1,1,2,1,1,4,1,1
SF,IF2005,2020-04-13 09:45:46.100,3721.2000,10289,0,1209771000.000,0,-,-,-,-,3720.2000,3720.0000,3718.2000,3718.0000,3717.6000,3722.4000,3722.6000,3724.2000,3724.4000,3724.8000,1,1,1,2,2,1,1,4,1,1
SF,IF2005,2020-04-13 09:45:46.600,3721.2000,10289,0,1209771000.000,0,-,-,-,-,3720.4000,3720.2000,3720.0000,3718.2000,3718.0000,3721.0000,3722.2000,3722.4000,3722.6000,3724.2000,1,1,1,1,2,1,1,2,1,3
SF,IF2005,2020-04-13 09:45:47.100,3721.0000,10290,1,1212003600.000,2,1,1,空开,S,3721.0000,3720.4000,3720.2000,3720.0000,3718.2000,3722.2000,3722.4000,3724.2000,3724.4000,3724.8000,1,1,1,1,1,1,1,3,1,1
SF,IF2005,2020-04-13 09:45:47.600,3721.0000,10290,0,1212003600.000,0,-,-,-,-,3720.4000,3720.2000,3720.0000,3718.2000,3718.0000,3722.0000,3724.2000,3724.4000,3724.8000,3725.0000,1,1,1,1,2,1,3,1,1,5
SF,IF2005,2020-04-13 09:45:49.100,3721.0000,10290,0,1212003600.000,0,-,-,-,-,3720.6000,3720.4000,3720.2000,3720.0000,3718.2000,3722.0000,3724.2000,3724.4000,3724.8000,3725.0000,1,1,1,1,1,1,3,1,1,5
SF,IF2005,2020-04-13 09:45:49.600,3720.6000,10290,0,1214236020.000,2,1,1,多换,S,3720.2000,3720.0000,3718.2000,3718.0000,3717.6000,3722.0000,3724.2000,3724.4000,3724.8000,3725.0000,1,1,1,2,2,1,3,1,1,5
SF,IF2005,2020-04-13 09:45:50.100,3720.6000,10290,0,1214236020.000,0,-,-,-,-,3720.4000,3720.2000,3720.0000,3718.2000,3718.0000,3722.0000,3724.2000,3724.4000,3724.8000,3725.0000,3,1,1,1,2,1,3,1,1,5
SF,IF2005,2020-04-13 09:45:50.600,3720.6000,10290,0,1214236020.000,0,-,-,-,-,3720.6000,3720.4000,3720.2000,3720.0000,3718.2000,3722.0000,3724.2000,3724.4000,3724.8000,3725.0000,1,3,1,1,1,1,3,1,1,5
SF,IF2005,2020-04-13 09:45:51.100,3720.6000,10290,0,1214236020.000,0,-,-,-,-,3720.6000,3720.4000,3720.2000,3720.0000,3718.2000,3722.0000,3724.2000,3724.4000,3724.8000,3725.0000,4,3,1,1,1,1,3,1,1,5
SF,IF2005,2020-04-13 09:45:51.600,3720.6000,10290,0,1214236020.000,0,-,-,-,-,3720.6000,3720.4000,3720.2000,3720.0000,3718.2000,3722.0000,3724.2000,3724.4000,3724.8000,3725.0000,4,3,1,1,1,1,3,1,1,5
SF,IF2005,2020-04-13 09:45:52.600,3720.6000,10290,0,1214236020.000,0,-,-,-,-,3720.6000,3720.4000,3720.2000,3720.0000,3718.2000,3722.0000,3724.2000,3724.8000,3725.0000,3726.2000,4,3,1,1,1,1,3,1,5,1
SF,IF2005,2020-04-13 09:45:53.100,3720.6000,10292,2,1216468380.000,2,2,0,双开,S,3720.6000,3720.4000,3720.2000,3720.0000,3718.2000,3722.0000,3724.2000,3724.8000,3725.0000,3726.2000,2,3,1,1,1,1,3,1,5,1
SF,IF2005,2020-04-13 09:45:53.600,3720.6000,10292,0,1216468380.000,0,-,-,-,-,3720.8000,3720.6000,3720.4000,3720.2000,3720.0000,3722.0000,3724.2000,3724.8000,3725.0000,3726.2000,1,2,2,1,1,1,3,1,5,1
SF,IF2005,2020-04-13 09:45:54.100,3722.0000,10292,0,1217584980.000,1,0,1,多换,S,3721.4000,3721.0000,3720.8000,3720.6000,3720.4000,3724.2000,3724.8000,3725.0000,3726.2000,3726.4000,1,1,2,1,2,3,1,5,1,2
SF,IF2005,2020-04-13 09:45:54.600,3721.6000,10292,0,1218701460.000,1,0,1,多换,S,3721.0000,3720.4000,3720.2000,3720.0000,3718.2000,3723.0000,3723.2000,3723.4000,3723.8000,3724.0000,1,2,1,1,1,2,3,1,3,8
SF,IF2005,2020-04-13 09:45:55.100,3721.6000,10292,0,1218701460.000,0,-,-,-,-,3721.2000,3721.0000,3720.4000,3720.2000,3720.0000,3722.8000,3723.2000,3723.4000,3723.8000,3724.0000,1,1,2,1,1,2,1,1,1,4
SF,IF2005,2020-04-13 09:45:55.600,3721.6000,10292,0,1218701460.000,0,-,-,-,-,3721.4000,3721.2000,3721.0000,3720.4000,3720.2000,3722.8000,3723.2000,3723.8000,3724.0000,3724.2000,1,1,1,2,1,2,1,1,2,4
SF,IF2005,2020-04-13 09:45:56.100,3721.6000,10292,0,1218701460.000,0,-,-,-,-,3721.4000,3721.2000,3721.0000,3720.4000,3720.2000,3722.8000,3723.2000,3723.8000,3724.0000,3724.2000,2,1,1,2,1,1,1,1,2,4
SF,IF2005,2020-04-13 09:45:56.600,3721.6000,10292,0,1218701460.000,0,-,-,-,-,3721.8000,3721.6000,3721.4000,3721.0000,3720.4000,3722.8000,3723.2000,3724.0000,3724.2000,3724.8000,1,1,1,1,2,1,1,1,4,1
SF,IF2005,2020-04-13 09:45:57.100,3721.6000,10292,0,1218701460.000,0,-,-,-,-,3721.8000,3721.4000,3721.0000,3720.4000,3720.2000,3722.8000,3723.2000,3724.0000,3724.2000,3724.8000,1,1,1,2,1,1,1,1,4,1
SF,IF2005,2020-04-13 09:45:58.600,3721.6000,10292,0,1218701460.000,0,-,-,-,-,3721.4000,3721.0000,3720.4000,3720.2000,3720.0000,3722.8000,3723.2000,3724.0000,3724.2000,3724.8000,1,1,2,1,1,1,1,1,4,1
SF,IF2005,2020-04-13 09:45:59.600,3721.6000,10292,0,1218701460.000,0,-,-,-,-,3721.0000,3720.4000,3720.2000,3720.0000,3718.2000,3722.8000,3723.2000,3724.0000,3724.2000,3724.8000,1,2,1,1,1,1,1,1,4,1
SF,IF2005,2020-04-13 09:46:00.100,3721.6000,10292,0,1218701460.000,0,-,-,-,-,3720.4000,3720.2000,3720.0000,3718.2000,3718.0000,3722.4000,3722.6000,3722.8000,3723.2000,3724.0000,2,1,1,1,2,1,1,1,1,1
SF,IF2005,2020-04-13 09:46:00.600,3721.6000,10292,0,1218701460.000,0,-,-,-,-,3720.6000,3720.4000,3720.2000,3720.0000,3718.2000,3722.2000,3722.6000,3723.2000,3724.0000,3724.2000,3,2,1,1,1,1,1,1,1,4
SF,IF2005,2020-04-13 09:46:01.100,3721.6000,10292,0,1218701460.000,0,-,-,-,-,3720.8000,3720.6000,3720.2000,3720.0000,3718.2000,3722.2000,3722.6000,3723.2000,3724.0000,3724.2000,2,4,1,1,1,1,1,1,1,4
SF,IF2005,2020-04-13 09:46:01.600,3721.6000,10292,0,1218701460.000,0,-,-,-,-,3720.8000,3720.6000,3720.2000,3720.0000,3718.2000,3722.2000,3722.6000,3723.2000,3724.0000,3724.2000,3,3,1,1,1,1,1,1,1,4
SF,IF2005,2020-04-13 09:46:02.100,3721.6000,10292,0,1218701460.000,0,-,-,-,-,3720.8000,3720.6000,3720.2000,3720.0000,3718.2000,3722.2000,3723.2000,3724.0000,3724.2000,3724.8000,1,3,1,1,1,1,1,1,4,1
SF,IF2005,2020-04-13 09:46:02.600,3721.6000,10292,0,1218701460.000,0,-,-,-,-,3720.6000,3720.2000,3720.0000,3718.2000,3718.0000,3722.2000,3723.2000,3724.0000,3724.2000,3724.8000,2,1,2,1,2,1,1,1,4,1
SF,IF2005,2020-04-13 09:46:03.100,3721.6000,10292,0,1218701460.000,0,-,-,-,-,3720.8000,3720.6000,3720.2000,3720.0000,3718.2000,3722.2000,3723.2000,3724.0000,3724.2000,3724.8000,2,2,1,2,1,1,1,1,4,1
SF,IF2005,2020-04-13 09:46:03.600,3721.6000,10292,0,1218701460.000,0,-,-,-,-,3720.8000,3720.6000,3720.2000,3720.0000,3718.2000,3722.2000,3723.2000,3724.0000,3724.2000,3724.8000,3,2,1,2,1,1,1,1,4,1
SF,IF2005,2020-04-13 09:46:04.100,3722.2000,10292,0,1219818120.000,1,0,1,多换,S,3720.8000,3720.6000,3720.2000,3720.0000,3718.2000,3723.2000,3724.0000,3724.2000,3724.8000,3726.4000,3,2,1,2,1,1,1,4,1,2
SF,IF2005,2020-04-13 09:46:04.600,3722.2000,10292,0,1219818120.000,0,-,-,-,-,3721.0000,3720.8000,3720.6000,3720.2000,3720.0000,3722.8000,3723.0000,3723.2000,3724.0000,3724.2000,1,2,1,1,2,1,2,1,1,4
SF,IF2005,2020-04-13 09:46:05.100,3722.2000,10292,0,1219818120.000,0,-,-,-,-,3721.0000,3720.8000,3720.6000,3720.2000,3720.0000,3722.6000,3722.8000,3723.0000,3723.2000,3724.0000,1,2,1,1,2,2,1,1,1,1
SF,IF2005,2020-04-13 09:46:05.600,3722.2000,10292,0,1219818120.000,0,-,-,-,-,3721.0000,3720.8000,3720.6000,3720.2000,3720.0000,3722.4000,3722.6000,3723.0000,3723.2000,3724.0000,1,2,1,1,2,1,2,1,1,1
SF,IF2005,2020-04-13 09:46:06.100,3722.2000,10292,0,1219818120.000,0,-,-,-,-,3721.0000,3720.8000,3720.2000,3720.0000,3718.2000,3722.2000,3722.4000,3722.6000,3723.0000,3723.2000,1,2,1,2,1,2,1,1,1,1
SF,IF2005,2020-04-13 09:46:06.600,3722.2000,10292,0,1219818120.000,0,-,-,-,-,3721.0000,3720.8000,3720.2000,3720.0000,3718.2000,3722.2000,3722.4000,3722.6000,3723.0000,3724.0000,1,2,1,2,1,2,1,1,1,1
SF,IF2005,2020-04-13 09:46:08.100,3722.2000,10292,0,1219818120.000,0,-,-,-,-,3721.0000,3720.8000,3720.2000,3720.0000,3718.2000,3722.0000,3722.2000,3722.6000,3723.0000,3724.0000,1,2,1,2,1,1,2,1,1,1
SF,IF2005,2020-04-13 09:46:08.600,3722.2000,10292,0,1219818120.000,0,-,-,-,-,3721.0000,3720.8000,3720.2000,3720.0000,3718.2000,3722.2000,3722.6000,3723.0000,3724.0000,3724.2000,1,2,1,2,1,2,1,1,1,4
SF,IF2005,2020-04-13 09:46:09.100,3722.2000,10292,0,1219818120.000,0,-,-,-,-,3721.0000,3720.8000,3720.2000,3720.0000,3718.2000,3722.2000,3722.6000,3723.0000,3724.0000,3724.2000,1,2,1,1,1,1,1,1,1,4
SF,IF2005,2020-04-13 09:46:10.100,3722.2000,10292,0,1219818120.000,0,-,-,-,-,3721.2000,3721.0000,3720.8000,3720.2000,3720.0000,3722.2000,3722.6000,3723.0000,3724.0000,3724.2000,1,1,2,1,1,1,1,1,1,4
SF,IF2005,2020-04-13 09:46:10.600,3722.2000,10291,-1,1220934780.000,1,0,1,双平,S,3721.2000,3721.0000,3720.8000,3720.2000,3720.0000,3722.6000,3723.0000,3724.0000,3724.2000,3724.8000,1,1,2,1,1,1,1,1,4,1
SF,IF2005,2020-04-13 09:46:11.100,3722.2000,10291,0,1220934780.000,0,-,-,-,-,3722.2000,3721.4000,3721.2000,3720.8000,3720.2000,3722.4000,3723.0000,3724.0000,3724.2000,3724.8000,1,1,1,2,1,1,1,1,4,1
SF,IF2005,2020-04-13 09:46:11.600,3722.2000,10292,1,1222051440.000,1,1,0,双开,S,3721.4000,3720.8000,3720.2000,3720.0000,3718.2000,3722.2000,3723.0000,3724.0000,3724.2000,3724.8000,2,2,1,1,1,1,1,1,4,1
SF,IF2005,2020-04-13 09:46:12.100,3722.2000,10293,1,1223168100.000,1,1,0,双开,S,3722.2000,3721.4000,3720.8000,3720.2000,3720.0000,3723.0000,3724.0000,3724.2000,3724.8000,3726.4000,1,2,2,1,1,1,1,4,1,1
SF,IF2005,2020-04-13 09:46:12.600,3722.2000,10293,0,1223168100.000,0,-,-,-,-,3721.4000,3720.8000,3720.2000,3720.0000,3718.2000,3722.8000,3723.0000,3724.0000,3724.2000,3724.8000,2,2,1,1,1,1,1,1,4,1
SF,IF2005,2020-04-13 09:46:13.100,3722.2000,10293,0,1223168100.000,0,-,-,-,-,3721.4000,3720.8000,3720.2000,3720.0000,3718.2000,3722.6000,3722.8000,3723.0000,3724.0000,3724.2000,1,2,1,1,1,1,2,1,1,4
SF,IF2005,2020-04-13 09:46:13.600,3722.2000,10293,0,1223168100.000,0,-,-,-,-,3721.6000,3721.4000,3721.0000,3720.8000,3720.2000,3722.6000,3722.8000,3723.0000,3724.0000,3724.2000,1,2,1,2,1,1,2,1,1,4
SF,IF2005,2020-04-13 09:46:14.100,3722.2000,10293,0,1223168100.000,0,-,-,-,-,3721.4000,3721.0000,3720.8000,3720.2000,3720.0000,3722.4000,3722.6000,3722.8000,3723.0000,3724.0000,2,1,2,1,1,1,1,2,1,1
SF,IF2005,2020-04-13 09:46:14.600,3722.2000,10293,0,1223168100.000,0,-,-,-,-,3721.4000,3721.0000,3720.8000,3720.2000,3720.0000,3722.4000,3722.6000,3722.8000,3723.0000,3724.0000,1,1,2,1,1,1,1,2,1,1
SF,IF2005,2020-04-13 09:46:15.100,3722.4000,10293,0,1224284820.000,1,0,1,多换,S,3722.4000,3721.4000,3721.0000,3720.8000,3720.2000,3722.8000,3723.0000,3724.0000,3724.2000,3724.8000,1,2,1,2,1,2,1,1,4,1
SF,IF2005,2020-04-13 09:46:15.600,3722.4000,10293,0,1224284820.000,0,-,-,-,-,3722.4000,3721.6000,3721.4000,3721.0000,3720.8000,3722.8000,3723.0000,3724.0000,3724.2000,3724.8000,1,1,2,1,2,2,1,1,4,1
SF,IF2005,2020-04-13 09:46:16.100,3722.4000,10293,0,1224284820.000,0,-,-,-,-,3721.8000,3721.4000,3721.0000,3720.8000,3720.2000,3722.8000,3723.0000,3724.0000,3724.2000,3724.8000,1,2,1,2,1,2,1,1,4,1
SF,IF2005,2020-04-13 09:46:16.600,3722.4000,10293,0,1224284820.000,0,-,-,-,-,3721.6000,3721.4000,3721.0000,3720.8000,3720.2000,3722.8000,3723.0000,3724.0000,3724.2000,3724.8000,1,2,1,2,1,1,1,1,4,1
SF,IF2005,2020-04-13 09:46:17.100,3723.0000,10292,-1,1226518560.000,2,0,2,多平,S,3722.0000,3721.8000,3721.6000,3721.4000,3721.0000,3724.0000,3724.2000,3724.8000,3726.4000,3726.6000,1,4,1,1,1,1,4,1,1,1
SF,IF2005,2020-04-13 09:46:17.600,3723.0000,10292,0,1226518560.000,0,-,-,-,-,3722.8000,3722.2000,3722.0000,3721.8000,3721.6000,3724.2000,3724.8000,3726.4000,3726.6000,3728.0000,1,3,1,3,1,3,1,1,1,2
SF,IF2005,2020-04-13 09:46:18.100,3723.0000,10293,1,1227635460.000,1,1,0,双开,S,3723.0000,3722.8000,3722.2000,3721.8000,3721.4000,3724.2000,3724.8000,3726.4000,3726.6000,3728.0000,4,1,2,2,1,1,1,1,1,2
SF,IF2005,2020-04-13 09:46:18.600,3723.0000,10293,0,1227635460.000,0,-,-,-,-,3723.0000,3722.8000,3722.2000,3721.8000,3721.4000,3724.0000,3724.8000,3726.4000,3726.6000,3728.0000,2,1,2,1,1,1,1,1,1,2
SF,IF2005,2020-04-13 09:46:19.100,3723.0000,10293,0,1228752360.000,1,0,1,多换,S,3723.0000,3722.8000,3722.2000,3721.8000,3721.4000,3724.0000,3724.8000,3726.4000,3726.6000,3728.0000,1,1,1,1,1,5,1,1,1,2
SF,IF2005,2020-04-13 09:46:19.600,3722.8000,10293,0,1230986100.000,2,1,1,多换,S,3722.2000,3721.8000,3721.4000,3721.0000,3720.2000,3723.0000,3723.8000,3724.0000,3724.8000,3726.4000,1,1,1,1,1,1,3,3,1,1
SF,IF2005,2020-04-13 09:46:20.100,3722.8000,10293,0,1230986100.000,0,-,-,-,-,3721.8000,3721.4000,3721.0000,3720.2000,3720.0000,3723.0000,3723.8000,3724.0000,3724.8000,3726.4000,1,1,1,1,1,1,1,3,1,1
SF,IF2005,2020-04-13 09:46:20.600,3722.8000,10293,0,1230986100.000,0,-,-,-,-,3721.4000,3721.0000,3720.2000,3720.0000,3718.2000,3722.8000,3723.0000,3724.0000,3724.8000,3726.4000,1,1,1,1,1,4,1,3,1,1
SF,IF2005,2020-04-13 09:46:21.100,3722.8000,10293,0,1230986100.000,0,-,-,-,-,3721.6000,3721.4000,3721.0000,3720.2000,3720.0000,3722.8000,3723.0000,3724.0000,3724.8000,3726.4000,1,1,1,1,1,4,1,1,1,1
SF,IF2005,2020-04-13 09:46:21.600,3722.8000,10292,-1,1234336620.000,3,1,2,多平,S,3721.8000,3721.6000,3721.4000,3721.0000,3720.2000,3723.0000,3724.0000,3724.8000,3726.4000,3726.6000,1,3,1,1,1,1,1,1,1,1
SF,IF2005,2020-04-13 09:46:22.100,3723.0000,10292,0,1235453520.000,1,0,1,多换,S,3722.8000,3722.0000,3721.8000,3721.6000,3721.4000,3724.0000,3724.8000,3726.4000,3726.6000,3728.0000,1,2,2,2,1,1,1,1,1,2
SF,IF2005,2020-04-13 09:46:22.600,3723.0000,10292,0,1235453520.000,0,-,-,-,-,3722.0000,3721.8000,3721.4000,3721.0000,3720.2000,3723.8000,3724.0000,3724.8000,3726.4000,3726.6000,3,2,1,1,1,1,1,1,1,1
SF,IF2005,2020-04-13 09:46:23.100,3723.0000,10292,0,1235453520.000,0,-,-,-,-,3722.0000,3721.8000,3721.4000,3721.0000,3720.2000,3723.6000,3724.0000,3724.8000,3726.4000,3726.6000,3,2,1,1,1,1,1,1,1,1
SF,IF2005,2020-04-13 09:46:23.600,3723.0000,10292,0,1235453520.000,0,-,-,-,-,3722.0000,3721.0000,3720.2000,3720.0000,3718.2000,3723.4000,3723.6000,3724.0000,3724.8000,3726.4000,1,1,1,1,1,2,1,1,1,1
SF,IF2005,2020-04-13 09:46:24.100,3723.0000,10292,0,1235453520.000,0,-,-,-,-,3722.0000,3721.0000,3720.2000,3720.0000,3718.2000,3723.2000,3723.4000,3724.0000,3724.8000,3726.4000,1,1,1,1,1,1,2,1,1,1
SF,IF2005,2020-04-13 09:46:24.600,3722.0000,10292,0,1236570120.000,1,0,1,多换,S,3721.0000,3720.2000,3720.0000,3718.2000,3718.0000,3723.0000,3723.2000,3723.4000,3724.0000,3724.8000,1,1,1,1,2,1,2,2,1,1
SF,IF2005,2020-04-13 09:46:25.100,3722.0000,10292,0,1236570120.000,0,-,-,-,-,3721.4000,3721.2000,3721.0000,3720.2000,3720.0000,3722.8000,3723.2000,3723.4000,3724.0000,3724.8000,1,4,1,1,1,1,1,1,1,1
SF,IF2005,2020-04-13 09:46:25.600,3722.0000,10292,0,1236570120.000,0,-,-,-,-,3721.6000,3721.4000,3721.2000,3721.0000,3720.2000,3722.8000,3723.4000,3724.0000,3724.8000,3726.4000,3,1,2,1,1,1,1,1,1,1
SF,IF2005,2020-04-13 09:46:26.100,3722.0000,10292,0,1236570120.000,0,-,-,-,-,3721.8000,3721.6000,3721.4000,3721.2000,3721.0000,3722.8000,3723.4000,3724.0000,3724.8000,3726.4000,1,3,1,1,1,1,1,1,1,1
SF,IF2005,2020-04-13 09:46:26.600,3722.8000,10291,-1,1237686960.000,1,0,1,双平,S,3722.8000,3722.0000,3721.8000,3721.4000,3721.2000,3723.4000,3724.0000,3724.8000,3726.4000,3726.6000,1,4,2,1,1,1,1,1,1,1
SF,IF2005,2020-04-13 09:46:27.100,3722.8000,10291,0,1237686960.000,0,-,-,-,-,3722.0000,3721.8000,3721.4000,3721.0000,3720.2000,3723.4000,3724.0000,3724.8000,3726.4000,3726.6000,4,2,1,1,1,1,1,1,1,1
SF,IF2005,2020-04-13 09:46:27.600,3722.8000,10291,0,1237686960.000,0,-,-,-,-,3722.4000,3722.0000,3721.8000,3721.4000,3721.0000,3723.4000,3724.0000,3724.8000,3726.4000,3726.6000,1,4,2,1,1,1,1,1,1,1
SF,IF2005,2020-04-13 09:46:28.100,3723.4000,10292,1,1238803980.000,1,1,0,双开,S,3723.4000,3722.6000,3722.4000,3722.0000,3721.8000,3724.0000,3724.8000,3726.4000,3726.6000,3728.0000,1,1,1,3,2,1,1,1,1,2
SF,IF2005,2020-04-13 09:46:28.600,3723.4000,10292,0,1238803980.000,0,-,-,-,-,3722.6000,3722.0000,3721.8000,3721.4000,3721.0000,3723.4000,3724.0000,3724.8000,3726.4000,3726.6000,1,3,2,1,1,1,1,1,1,1
SF,IF2005,2020-04-13 09:46:29.100,3723.4000,10292,0,1239921000.000,1,0,1,多换,S,3723.4000,3722.6000,3722.0000,3721.8000,3721.4000,3724.0000,3724.8000,3726.4000,3726.6000,3728.0000,1,1,3,2,1,1,1,1,1,2
SF,IF2005,2020-04-13 09:46:29.600,3724.0000,10293,1,1241038200.000,1,1,0,双开,S,3723.6000,3722.8000,3722.0000,3721.8000,3721.4000,3724.8000,3726.4000,3726.6000,3728.0000,3728.2000,1,3,1,2,1,1,1,1,2,2
SF,IF2005,2020-04-13 09:46:30.100,3724.0000,10293,0,1241038200.000,0,-,-,-,-,3723.6000,3722.8000,3722.0000,3721.4000,3721.0000,3724.8000,3726.4000,3726.6000,3728.0000,3728.2000,1,3,1,1,1,1,1,1,2,2
SF,IF2005,2020-04-13 09:46:30.600,3724.0000,10293,0,1241038200.000,0,-,-,-,-,3723.6000,3722.8000,3722.0000,3721.4000,3721.0000,3724.8000,3726.4000,3726.6000,3728.0000,3728.2000,1,2,1,1,1,1,1,1,2,2
SF,IF2005,2020-04-13 09:46:31.100,3724.0000,10293,0,1241038200.000,0,-,-,-,-,3723.8000,3723.6000,3722.8000,3722.0000,3721.4000,3724.8000,3726.4000,3726.6000,3728.0000,3728.2000,1,1,2,1,1,1,1,1,2,2
SF,IF2005,2020-04-13 09:46:32.100,3724.0000,10293,0,1241038200.000,0,-,-,-,-,3723.6000,3722.8000,3722.0000,3721.4000,3721.0000,3723.8000,3724.8000,3726.4000,3726.6000,3728.0000,1,2,1,1,1,1,1,1,1,2
SF,IF2005,2020-04-13 09:46:32.600,3723.8000,10293,0,1242155340.000,1,0,1,多换,S,3723.8000,3723.6000,3722.8000,3722.0000,3721.4000,3724.8000,3726.4000,3726.6000,3728.0000,3728.2000,1,1,2,1,1,1,1,1,2,2
SF,IF2005,2020-04-13 09:46:33.100,3723.8000,10293,0,1242155340.000,0,-,-,-,-,3724.0000,3722.8000,3722.0000,3721.4000,3721.0000,3724.8000,3726.4000,3726.6000,3728.0000,3728.2000,1,2,1,1,1,1,1,1,2,2
SF,IF2005,2020-04-13 09:46:33.600,3724.8000,10294,1,1243272780.000,1,1,0,双开,S,3724.0000,3722.8000,3722.0000,3721.4000,3721.0000,3726.4000,3726.6000,3728.0000,3728.2000,3729.0000,1,2,1,1,1,1,1,2,2,1
SF,IF2005,2020-04-13 09:46:34.100,3724.8000,10294,0,1243272780.000,0,-,-,-,-,3724.0000,3722.8000,3722.0000,3721.4000,3721.0000,3725.8000,3726.0000,3726.2000,3726.4000,3726.6000,1,2,1,1,1,1,5,7,1,1
SF,IF2005,2020-04-13 09:46:34.600,3724.8000,10294,0,1243272780.000,0,-,-,-,-,3724.0000,3722.8000,3722.0000,3721.4000,3721.0000,3725.4000,3725.6000,3725.8000,3726.0000,3726.2000,1,2,1,1,1,2,5,1,3,5
SF,IF2005,2020-04-13 09:46:35.100,3724.8000,10294,0,1243272780.000,0,-,-,-,-,3724.0000,3722.8000,3722.0000,3721.4000,3721.0000,3725.2000,3725.4000,3725.6000,3726.0000,3726.2000,1,2,1,1,1,2,2,4,3,5
SF,IF2005,2020-04-13 09:46:35.600,3724.8000,10294,0,1243272780.000,0,-,-,-,-,3724.0000,3722.8000,3722.0000,3721.4000,3721.0000,3725.2000,3725.4000,3725.6000,3726.0000,3726.2000,1,2,1,1,1,1,1,3,2,3
SF,IF2005,2020-04-13 09:46:36.100,3724.8000,10294,0,1243272780.000,0,-,-,-,-,3724.2000,3724.0000,3722.8000,3722.0000,3721.4000,3725.4000,3725.6000,3726.0000,3726.2000,3726.4000,1,1,2,1,1,1,3,2,3,1
SF,IF2005,2020-04-13 09:46:36.600,3724.8000,10294,0,1243272780.000,0,-,-,-,-,3724.4000,3722.8000,3722.0000,3721.4000,3721.0000,3726.0000,3726.2000,3726.4000,3726.6000,3728.0000,2,2,1,1,1,2,2,1,1,2
SF,IF2005,2020-04-13 09:46:37.100,3724.4000,10293,-1,1244390100.000,1,0,1,双平,S,3722.0000,3721.4000,3721.0000,3720.2000,3720.0000,3724.4000,3725.2000,3725.4000,3725.6000,3725.8000,1,1,1,1,1,1,2,1,1,5
SF,IF2005,2020-04-13 09:46:37.600,3724.4000,10293,0,1244390100.000,0,-,-,-,-,3722.4000,3722.2000,3722.0000,3721.4000,3721.0000,3724.2000,3724.4000,3725.2000,3725.4000,3725.6000,3,4,1,1,1,2,3,1,1,1
SF,IF2005,2020-04-13 09:46:38.100,3724.4000,10293,0,1244390100.000,0,-,-,-,-,3722.8000,3722.6000,3722.4000,3722.0000,3721.4000,3724.2000,3724.4000,3725.2000,3725.6000,3725.8000,1,4,2,2,1,2,3,1,1,3
SF,IF2005,2020-04-13 09:46:38.600,3724.4000,10293,0,1244390100.000,0,-,-,-,-,3723.0000,3722.8000,3722.6000,3722.4000,3722.0000,3724.2000,3724.4000,3725.6000,3725.8000,3726.0000,1,1,4,2,2,1,3,1,3,2
SF,IF2005,2020-04-13 09:46:39.600,3724.4000,10293,0,1244390100.000,0,-,-,-,-,3723.2000,3723.0000,3722.6000,3722.4000,3722.0000,3724.2000,3724.4000,3725.6000,3725.8000,3726.0000,1,1,4,2,2,1,3,1,3,2
SF,IF2005,2020-04-13 09:46:40.100,3724.4000,10293,0,1244390100.000,0,-,-,-,-,3723.0000,3722.6000,3722.0000,3721.4000,3721.0000,3724.2000,3724.4000,3725.6000,3725.8000,3726.0000,1,2,2,1,1,1,3,1,3,2
SF,IF2005,2020-04-13 09:46:40.600,3723.4000,10292,-1,1245507120.000,1,0,1,双平,S,3723.2000,3723.0000,3722.0000,3721.4000,3721.0000,3724.4000,3725.8000,3726.0000,3726.2000,3726.4000,3,1,2,1,1,3,2,2,2,1
SF,IF2005,2020-04-13 09:46:41.100,3723.4000,10292,0,1245507120.000,0,-,-,-,-,3724.2000,3723.4000,3723.2000,3722.0000,3721.4000,3724.4000,3725.8000,3726.0000,3726.2000,3726.4000,1,2,2,2,1,3,2,2,2,1
SF,IF2005,2020-04-13 09:46:41.600,3724.2000,10292,0,1246624380.000,1,0,1,多换,S,3723.4000,3722.0000,3721.4000,3721.0000,3720.2000,3724.2000,3724.4000,3725.8000,3726.0000,3726.2000,1,2,1,1,1,2,3,2,2,2
SF,IF2005,2020-04-13 09:46:42.100,3724.2000,10292,0,1246624380.000,0,-,-,-,-,3724.2000,3723.6000,3723.4000,3722.0000,3721.4000,3724.4000,3725.8000,3726.0000,3726.2000,3726.4000,1,3,1,2,1,2,2,2,2,1
SF,IF2005,2020-04-13 09:46:42.600,3724.4000,10295,3,1249976280.000,3,3,0,双开,S,3724.4000,3723.6000,3723.4000,3722.0000,3721.4000,3725.8000,3726.0000,3726.2000,3726.4000,3726.6000,1,1,1,2,1,2,2,2,1,1
SF,IF2005,2020-04-13 09:46:43.100,3724.4000,10295,0,1251093600.000,1,0,1,多换,S,3723.6000,3723.4000,3722.0000,3721.8000,3721.4000,3724.2000,3725.4000,3725.6000,3725.8000,3726.0000,1,1,2,2,1,1,1,5,2,2
SF,IF2005,2020-04-13 09:46:43.600,3724.4000,10295,0,1251093600.000,0,-,-,-,-,3723.6000,3723.4000,3722.0000,3721.8000,3721.4000,3724.2000,3725.6000,3725.8000,3726.0000,3726.2000,1,1,2,2,1,1,5,2,2,2
SF,IF2005,2020-04-13 09:46:44.100,3724.2000,10296,1,1252210860.000,1,1,0,双开,S,3724.2000,3723.6000,3723.4000,3722.0000,3721.8000,3725.6000,3725.8000,3726.0000,3726.2000,3726.4000,1,1,1,2,2,4,2,2,2,1
SF,IF2005,2020-04-13 09:46:44.600,3724.2000,10296,0,1252210860.000,0,-,-,-,-,3723.6000,3723.4000,3722.0000,3721.8000,3721.4000,3725.4000,3725.6000,3725.8000,3726.0000,3726.2000,1,1,2,2,1,1,2,1,2,2
SF,IF2005,2020-04-13 09:46:45.100,3724.2000,10296,0,1252210860.000,0,-,-,-,-,3723.8000,3723.6000,3722.0000,3721.8000,3721.4000,3725.2000,3725.4000,3725.8000,3726.0000,3726.2000,1,1,2,2,1,1,1,1,2,2
SF,IF2005,2020-04-13 09:46:46.100,3724.2000,10296,0,1252210860.000,0,-,-,-,-,3723.8000,3723.6000,3722.0000,3721.8000,3721.4000,3724.8000,3725.2000,3725.4000,3725.8000,3726.0000,1,1,2,2,1,1,1,1,1,2
SF,IF2005,2020-04-13 09:46:46.600,3724.2000,10296,0,1252210860.000,0,-,-,-,-,3723.6000,3722.0000,3721.8000,3721.4000,3721.0000,3724.6000,3725.4000,3725.8000,3726.0000,3726.2000,1,2,2,1,1,3,1,1,2,2
SF,IF2005,2020-04-13 09:46:47.100,3723.6000,10295,-1,1253327940.000,1,0,1,双平,S,3722.0000,3721.8000,3721.4000,3721.0000,3720.2000,3723.4000,3724.4000,3724.6000,3725.4000,3725.8000,2,2,1,1,1,1,1,2,1,1
SF,IF2005,2020-04-13 09:46:47.600,3723.6000,10295,0,1253327940.000,0,-,-,-,-,3722.2000,3722.0000,3721.4000,3721.0000,3720.2000,3724.4000,3724.6000,3724.8000,3725.4000,3725.8000,1,2,1,1,1,1,2,1,1,1
SF,IF2005,2020-04-13 09:46:48.100,3723.6000,10295,0,1253327940.000,0,-,-,-,-,3722.2000,3722.0000,3721.4000,3721.0000,3720.2000,3724.2000,3724.4000,3724.6000,3724.8000,3725.4000,1,2,1,1,1,5,1,1,1,1
SF,IF2005,2020-04-13 09:46:48.600,3723.6000,10295,0,1253327940.000,0,-,-,-,-,3722.2000,3722.0000,3721.4000,3721.0000,3720.2000,3724.2000,3724.6000,3724.8000,3725.4000,3725.8000,1,2,1,1,1,3,1,1,1,1
SF,IF2005,2020-04-13 09:46:49.100,3723.6000,10295,0,1253327940.000,0,-,-,-,-,3722.2000,3722.0000,3721.4000,3721.0000,3720.2000,3724.2000,3724.6000,3725.4000,3725.8000,3726.0000,1,2,1,1,1,1,1,1,1,2
SF,IF2005,2020-04-13 09:46:49.600,3723.6000,10295,0,1253327940.000,0,-,-,-,-,3722.4000,3722.2000,3722.0000,3721.4000,3721.0000,3724.2000,3724.6000,3725.4000,3725.8000,3726.0000,2,1,2,1,1,1,1,1,1,2
SF,IF2005,2020-04-13 09:46:50.100,3723.6000,10295,0,1253327940.000,0,-,-,-,-,3722.6000,3722.4000,3722.0000,3721.4000,3721.0000,3724.0000,3724.2000,3724.6000,3725.4000,3725.8000,1,3,2,1,1,1,1,1,1,1
SF,IF2005,2020-04-13 09:46:50.600,3723.6000,10295,0,1253327940.000,0,-,-,-,-,3722.6000,3722.4000,3722.0000,3721.4000,3721.0000,3723.8000,3724.0000,3724.6000,3725.4000,3725.8000,1,2,2,1,1,1,1,1,1,1
SF,IF2005,2020-04-13 09:46:51.100,3723.8000,10295,0,1254445080.000,1,0,1,多换,S,3722.6000,3722.4000,3722.0000,3721.4000,3721.0000,3724.0000,3724.6000,3725.4000,3725.8000,3726.0000,1,2,2,1,1,1,1,1,1,2
SF,IF2005,2020-04-13 09:46:51.600,3723.8000,10295,0,1254445080.000,0,-,-,-,-,3722.6000,3722.0000,3721.4000,3721.0000,3720.2000,3724.0000,3724.6000,3725.4000,3725.8000,3726.0000,1,2,1,1,1,1,1,1,1,2
SF,IF2005,2020-04-13 09:46:52.600,3723.8000,10295,0,1254445080.000,0,-,-,-,-,3722.8000,3722.6000,3722.0000,3721.4000,3721.0000,3724.0000,3724.6000,3725.4000,3725.8000,3726.0000,1,1,2,1,1,1,1,1,1,2
SF,IF2005,2020-04-13 09:46:53.100,3723.8000,10295,0,1254445080.000,0,-,-,-,-,3723.0000,3722.8000,3722.0000,3721.4000,3721.0000,3724.0000,3724.6000,3725.4000,3725.8000,3726.0000,1,1,2,1,1,1,1,1,1,2
SF,IF2005,2020-04-13 09:46:53.600,3723.0000,10294,-1,1255561980.000,1,0,1,双平,S,3722.8000,3722.0000,3721.4000,3721.0000,3720.2000,3723.0000,3724.0000,3724.6000,3725.4000,3725.8000,1,2,1,1,1,1,1,1,1,1
SF,IF2005,2020-04-13 09:46:54.100,3723.0000,10296,2,1257795780.000,2,2,0,双开,S,3723.0000,3722.0000,3721.4000,3721.0000,3720.2000,3724.0000,3724.6000,3725.4000,3725.8000,3726.0000,1,2,1,1,1,1,1,1,1,2
SF,IF2005,2020-04-13 09:46:54.600,3723.0000,10297,1,1258912680.000,1,1,0,双开,S,3721.4000,3721.0000,3720.2000,3720.0000,3718.2000,3723.8000,3724.0000,3724.6000,3725.4000,3725.8000,1,1,1,1,1,3,1,1,1,1
SF,IF2005,2020-04-13 09:46:55.100,3723.0000,10297,0,1258912680.000,0,-,-,-,-,3721.8000,3721.6000,3721.4000,3721.0000,3720.2000,3723.6000,3723.8000,3724.0000,3724.6000,3725.4000,1,3,1,1,1,1,2,1,1,1
SF,IF2005,2020-04-13 09:46:55.600,3723.0000,10297,0,1258912680.000,0,-,-,-,-,3722.0000,3721.8000,3721.6000,3721.4000,3721.0000,3723.4000,3723.6000,3723.8000,3724.0000,3724.6000,3,1,1,1,1,1,1,1,1,1
SF,IF2005,2020-04-13 09:46:56.100,3723.0000,10297,0,1258912680.000,0,-,-,-,-,3722.0000,3721.8000,3721.6000,3721.4000,3721.0000,3723.4000,3723.6000,3723.8000,3724.0000,3724.6000,2,1,1,1,1,1,1,1,1,1
SF,IF2005,2020-04-13 09:46:57.100,3723.0000,10297,0,1258912680.000,0,-,-,-,-,3722.0000,3721.8000,3721.6000,3721.4000,3721.0000,3723.4000,3723.6000,3723.8000,3724.0000,3724.6000,1,1,1,1,1,1,1,1,1,1
SF,IF2005,2020-04-13 09:46:57.600,3723.0000,10297,0,1258912680.000,0,-,-,-,-,3722.0000,3721.8000,3721.6000,3721.4000,3721.0000,3723.4000,3723.6000,3724.0000,3724.6000,3725.4000,1,1,1,1,1,1,1,1,1,1
SF,IF2005,2020-04-13 09:46:58.600,3723.0000,10297,0,1258912680.000,0,-,-,-,-,3722.4000,3722.0000,3721.6000,3721.4000,3721.0000,3723.4000,3723.6000,3724.0000,3724.6000,3725.4000,1,1,1,1,1,1,1,1,1,1
SF,IF2005,2020-04-13 09:46:59.100,3723.0000,10297,0,1258912680.000,0,-,-,-,-,3723.4000,3722.6000,3722.4000,3722.2000,3721.6000,3724.0000,3724.6000,3725.4000,3725.8000,3726.0000,1,1,1,2,1,1,1,1,1,2
SF,IF2005,2020-04-13 09:46:59.600,3723.0000,10297,0,1258912680.000,0,-,-,-,-,3722.6000,3722.2000,3721.6000,3721.4000,3721.0000,3723.4000,3724.0000,3724.6000,3725.4000,3725.8000,1,2,1,1,1,1,1,1,1,1
SF,IF2005,2020-04-13 09:47:00.600,3723.0000,10297,0,1258912680.000,0,-,-,-,-,3722.6000,3722.2000,3722.0000,3721.6000,3721.4000,3723.4000,3724.0000,3724.6000,3725.4000,3725.8000,1,2,1,1,1,1,1,1,1,1
SF,IF2005,2020-04-13 09:47:01.100,3722.6000,10297,0,1260029460.000,1,0,1,多换,S,3722.2000,3722.0000,3721.6000,3721.4000,3721.0000,3723.4000,3724.0000,3724.6000,3725.4000,3725.8000,2,1,1,1,1,1,1,1,1,1
SF,IF2005,2020-04-13 09:47:01.600,3723.4000,10298,1,1261146480.000,1,1,0,双开,S,3723.4000,3722.4000,3722.2000,3722.0000,3721.6000,3724.6000,3725.4000,3725.8000,3726.0000,3726.2000,1,2,2,1,1,1,1,1,2,2
SF,IF2005,2020-04-13 09:47:02.100,3723.4000,10298,0,1261146480.000,0,-,-,-,-,3722.4000,3722.2000,3722.0000,3721.6000,3721.4000,3724.4000,3724.6000,3725.8000,3726.0000,3726.2000,1,2,1,1,1,4,1,1,2,2
SF,IF2005,2020-04-13 09:47:02.600,3723.4000,10298,0,1261146480.000,0,-,-,-,-,3722.4000,3722.2000,3722.0000,3721.6000,3721.4000,3724.2000,3724.4000,3724.6000,3725.8000,3726.0000,1,2,1,1,1,1,4,1,1,2
SF,IF2005,2020-04-13 09:47:03.100,3723.4000,10298,0,1261146480.000,0,-,-,-,-,3722.4000,3722.2000,3722.0000,3721.6000,3721.4000,3724.0000,3724.2000,3724.4000,3724.6000,3725.8000,1,2,1,1,1,1,1,2,1,1
SF,IF2005,2020-04-13 09:47:03.600,3723.4000,10298,0,1261146480.000,0,-,-,-,-,3722.6000,3722.4000,3722.2000,3722.0000,3721.6000,3724.0000,3724.2000,3724.4000,3724.6000,3725.8000,2,1,2,1,1,1,1,1,1,1
SF,IF2005,2020-04-13 09:47:04.100,3723.4000,10298,0,1261146480.000,0,-,-,-,-,3723.0000,3722.8000,3722.6000,3722.0000,3721.6000,3724.0000,3724.2000,3724.6000,3725.8000,3726.0000,1,1,3,1,1,1,1,1,1,2
SF,IF2005,2020-04-13 09:47:05.100,3724.0000,10298,0,1262263680.000,1,0,1,多换,S,3723.0000,3722.8000,3722.6000,3722.0000,3721.6000,3724.2000,3724.6000,3725.8000,3726.0000,3726.2000,1,1,2,1,1,1,1,1,2,2
SF,IF2005,2020-04-13 09:47:05.600,3724.0000,10298,0,1262263680.000,0,-,-,-,-,3722.8000,3722.6000,3722.0000,3721.6000,3721.4000,3724.2000,3724.6000,3725.8000,3726.0000,3726.2000,1,2,1,1,1,1,1,1,2,2
SF,IF2005,2020-04-13 09:47:06.100,3724.0000,10298,0,1262263680.000,0,-,-,-,-,3722.8000,3722.6000,3722.0000,3721.6000,3721.4000,3724.0000,3724.2000,3724.6000,3725.8000,3726.0000,1,2,1,1,1,1,1,1,1,2
SF,IF2005,2020-04-13 09:47:06.600,3724.0000,10298,0,1262263680.000,0,-,-,-,-,3722.8000,3722.0000,3721.6000,3721.4000,3721.0000,3724.0000,3724.2000,3724.6000,3725.8000,3726.0000,1,1,1,1,1,1,1,1,1,2
SF,IF2005,2020-04-13 09:47:07.100,3724.0000,10298,0,1262263680.000,0,-,-,-,-,3723.0000,3722.8000,3722.0000,3721.6000,3721.4000,3724.0000,3724.2000,3724.6000,3725.8000,3726.0000,3,1,1,1,1,1,1,1,1,2
SF,IF2005,2020-04-13 09:47:07.600,3724.0000,10297,-1,1263380880.000,1,0,1,双平,S,3723.2000,3723.0000,3722.0000,3721.6000,3721.4000,3724.6000,3725.8000,3726.0000,3726.2000,3726.4000,2,2,1,1,1,1,1,2,2,1
SF,IF2005,2020-04-13 09:47:08.100,3724.0000,10297,0,1263380880.000,0,-,-,-,-,3723.2000,3723.0000,3722.0000,3721.6000,3721.4000,3725.8000,3726.0000,3726.2000,3726.4000,3726.6000,2,2,1,1,1,1,2,2,1,1
SF,IF2005,2020-04-13 09:47:08.600,3724.0000,10297,0,1263380880.000,0,-,-,-,-,3723.2000,3723.0000,3722.0000,3721.6000,3721.4000,3725.4000,3725.6000,3725.8000,3726.0000,3726.2000,1,2,1,1,1,2,4,1,2,2
SF,IF2005,2020-04-13 09:47:09.100,3724.0000,10297,0,1263380880.000,0,-,-,-,-,3723.2000,3723.0000,3722.0000,3721.6000,3721.4000,3725.2000,3725.4000,3725.6000,3725.8000,3726.0000,1,2,1,1,1,2,1,3,2,2
SF,IF2005,2020-04-13 09:47:09.600,3724.0000,10297,0,1263380880.000,0,-,-,-,-,3723.2000,3723.0000,3722.0000,3721.6000,3721.4000,3725.2000,3725.4000,3725.6000,3725.8000,3726.0000,1,2,1,1,1,2,1,3,1,2
SF,IF2005,2020-04-13 09:47:10.100,3724.0000,10297,0,1263380880.000,0,-,-,-,-,3723.4000,3723.2000,3723.0000,3722.0000,3721.6000,3725.2000,3725.6000,3725.8000,3726.0000,3726.2000,1,1,2,1,1,2,3,1,2,2
SF,IF2005,2020-04-13 09:47:10.600,3724.0000,10297,0,1263380880.000,0,-,-,-,-,3723.6000,3723.4000,3723.0000,3722.0000,3721.6000,3725.2000,3725.6000,3725.8000,3726.0000,3726.2000,1,1,2,1,1,2,3,1,2,2
SF,IF2005,2020-04-13 09:47:11.100,3724.0000,10297,0,1263380880.000,0,-,-,-,-,3723.8000,3723.6000,3722.0000,3721.6000,3721.4000,3725.6000,3725.8000,3726.0000,3726.2000,3726.4000,1,3,1,1,1,3,1,2,2,1
SF,IF2005,2020-04-13 09:47:11.600,3724.0000,10297,0,1263380880.000,0,-,-,-,-,3724.0000,3723.8000,3723.6000,3722.0000,3721.6000,3725.4000,3725.6000,3725.8000,3726.0000,3726.2000,1,1,2,1,1,1,3,1,2,2
SF,IF2005,2020-04-13 09:47:12.100,3724.0000,10297,0,1263380880.000,0,-,-,-,-,3724.0000,3723.8000,3723.6000,3722.0000,3721.6000,3725.4000,3725.6000,3726.0000,3726.2000,3726.4000,1,1,2,1,1,1,1,2,2,1
SF,IF2005,2020-04-13 09:47:15.100,3724.0000,10297,0,1263380880.000,0,-,-,-,-,3724.0000,3723.8000,3723.6000,3722.0000,3721.6000,3725.4000,3725.6000,3726.0000,3726.2000,3726.4000,1,1,2,1,1,1,1,1,1,1
SF,IF2005,2020-04-13 09:47:15.600,3724.0000,10297,0,1263380880.000,0,-,-,-,-,3724.0000,3723.6000,3722.0000,3721.6000,3721.4000,3725.2000,3725.4000,3725.6000,3726.0000,3726.2000,1,2,1,1,1,1,1,1,1,1
SF,IF2005,2020-04-13 09:47:16.100,3724.0000,10296,-1,1264498080.000,1,0,1,双平,S,3722.0000,3721.6000,3721.4000,3721.0000,3720.2000,3725.0000,3725.2000,3725.6000,3726.0000,3726.2000,1,1,1,1,1,2,1,1,1,1
SF,IF2005,2020-04-13 09:47:16.600,3724.0000,10296,0,1264498080.000,0,-,-,-,-,3722.6000,3722.2000,3722.0000,3721.4000,3721.0000,3724.0000,3724.8000,3725.0000,3725.2000,3725.6000,1,5,1,1,1,1,2,1,1,1
SF,IF2005,2020-04-13 09:47:17.100,3724.0000,10296,0,1264498080.000,0,-,-,-,-,3722.8000,3722.6000,3722.2000,3722.0000,3721.4000,3723.8000,3724.0000,3724.8000,3725.6000,3726.0000,3,1,2,1,1,1,1,2,1,1
SF,IF2005,2020-04-13 09:47:17.600,3724.0000,10296,0,1264498080.000,0,-,-,-,-,3723.8000,3722.8000,3722.6000,3722.2000,3722.0000,3724.0000,3724.8000,3725.6000,3726.0000,3726.2000,1,3,1,2,1,1,1,1,1,1
SF,IF2005,2020-04-13 09:47:18.100,3724.0000,10296,0,1264498080.000,0,-,-,-,-,3723.8000,3722.8000,3722.2000,3722.0000,3721.4000,3724.0000,3726.0000,3726.2000,3726.4000,3726.6000,1,3,2,1,1,1,1,1,1,1
SF,IF2005,2020-04-13 09:47:18.600,3724.0000,10296,0,1264498080.000,0,-,-,-,-,3722.8000,3722.2000,3722.0000,3721.4000,3721.0000,3724.0000,3726.0000,3726.2000,3726.4000,3726.6000,3,2,1,1,1,1,1,1,1,1
SF,IF2005,2020-04-13 09:47:19.100,3724.0000,10296,0,1264498080.000,0,-,-,-,-,3723.0000,3722.8000,3722.2000,3722.0000,3721.4000,3724.0000,3726.0000,3726.2000,3726.4000,3726.6000,1,3,2,1,1,1,1,1,1,1
SF,IF2005,2020-04-13 09:47:19.600,3724.0000,10296,0,1264498080.000,0,-,-,-,-,3723.2000,3723.0000,3722.8000,3722.2000,3722.0000,3724.0000,3726.0000,3726.2000,3726.4000,3726.6000,1,1,2,2,1,1,1,1,1,1
SF,IF2005,2020-04-13 09:47:20.600,3724.0000,10296,0,1264498080.000,0,-,-,-,-,3723.2000,3722.8000,3722.2000,3722.0000,3721.4000,3724.0000,3726.0000,3726.2000,3726.4000,3726.6000,1,2,2,1,1,1,1,1,1,1
SF,IF2005,2020-04-13 09:47:21.100,3723.2000,10295,-1,1265615040.000,1,0,1,双平,S,3722.2000,3722.0000,3721.4000,3721.0000,3720.2000,3723.8000,3724.0000,3726.0000,3726.2000,3726.4000,2,2,1,1,1,1,1,1,1,1
SF,IF2005,2020-04-13 09:47:21.600,3723.2000,10295,0,1265615040.000,0,-,-,-,-,3722.0000,3721.4000,3721.0000,3720.2000,3720.0000,3723.6000,3723.8000,3726.0000,3726.2000,3726.4000,2,1,1,1,1,2,2,1,1,1
SF,IF2005,2020-04-13 09:47:22.100,3723.2000,10295,0,1265615040.000,0,-,-,-,-,3722.2000,3722.0000,3721.4000,3721.0000,3720.2000,3723.6000,3723.8000,3726.0000,3726.2000,3726.4000,1,2,1,1,1,2,2,1,1,1
SF,IF2005,2020-04-13 09:47:22.600,3723.2000,10295,0,1265615040.000,0,-,-,-,-,3722.2000,3722.0000,3721.4000,3721.0000,3720.2000,3723.6000,3723.8000,3726.0000,3726.2000,3726.4000,1,2,1,1,1,1,1,1,1,1
SF,IF2005,2020-04-13 09:47:24.100,3723.2000,10295,0,1265615040.000,0,-,-,-,-,3722.6000,3722.2000,3722.0000,3721.4000,3721.0000,3723.6000,3723.8000,3726.0000,3726.2000,3726.4000,1,1,2,1,1,1,1,1,1,1
SF,IF2005,2020-04-13 09:47:26.600,3723.2000,10295,0,1265615040.000,0,-,-,-,-,3722.6000,3722.2000,3722.0000,3721.4000,3721.0000,3723.6000,3726.0000,3726.2000,3726.4000,3726.6000,1,1,2,1,1,1,1,1,1,1
SF,IF2005,2020-04-13 09:47:27.100,3723.2000,10295,0,1265615040.000,0,-,-,-,-,3722.6000,3722.2000,3722.0000,3721.4000,3721.0000,3723.6000,3726.0000,3726.2000,3726.4000,3726.6000,1,1,2,1,1,2,1,1,1,1
SF,IF2005,2020-04-13 09:47:27.600,3723.2000,10295,0,1265615040.000,0,-,-,-,-,3722.2000,3722.0000,3721.4000,3721.0000,3720.2000,3723.4000,3723.6000,3726.0000,3726.2000,3726.4000,1,2,1,1,1,2,2,1,1,1
SF,IF2005,2020-04-13 09:47:28.100,3723.2000,10295,0,1265615040.000,0,-,-,-,-,3722.0000,3721.4000,3721.0000,3720.2000,3720.0000,3723.2000,3723.4000,3723.6000,3726.0000,3726.2000,2,1,1,1,1,2,1,1,1,1
SF,IF2005,2020-04-13 09:47:29.100,3723.2000,10295,0,1265615040.000,0,-,-,-,-,3722.0000,3721.4000,3721.0000,3720.2000,3720.0000,3723.2000,3723.4000,3723.6000,3726.0000,3726.2000,2,1,1,1,1,1,1,1,1,1
SF,IF2005,2020-04-13 09:47:31.100,3723.2000,10295,0,1265615040.000,0,-,-,-,-,3722.2000,3722.0000,3721.4000,3721.0000,3720.2000,3723.2000,3723.4000,3723.6000,3726.0000,3726.2000,1,2,1,1,1,1,1,1,1,1
SF,IF2005,2020-04-13 09:47:31.600,3723.2000,10295,0,1265615040.000,0,-,-,-,-,3722.2000,3722.0000,3721.4000,3721.0000,3720.0000,3723.2000,3723.4000,3723.6000,3726.0000,3726.2000,1,2,1,1,1,2,1,1,1,1
SF,IF2005,2020-04-13 09:47:32.100,3723.2000,10295,0,1266732000.000,1,0,1,多换,S,3722.2000,3722.0000,3721.4000,3721.0000,3720.0000,3723.4000,3726.0000,3726.2000,3726.4000,3726.6000,1,2,1,1,1,1,1,1,1,1
SF,IF2005,2020-04-13 09:47:32.600,3723.2000,10295,0,1266732000.000,0,-,-,-,-,3722.2000,3722.0000,3721.4000,3721.0000,3720.0000,3723.4000,3726.0000,3726.2000,3726.4000,3726.6000,1,2,1,1,1,2,1,1,1,1
SF,IF2005,2020-04-13 09:47:33.600,3723.2000,10295,0,1266732000.000,0,-,-,-,-,3722.2000,3722.0000,3721.4000,3721.0000,3720.0000,3723.4000,3726.0000,3726.2000,3726.4000,3726.6000,1,2,1,1,1,2,1,1,1,1
SF,IF2005,2020-04-13 09:47:34.100,3723.2000,10295,0,1266732000.000,0,-,-,-,-,3722.4000,3722.2000,3722.0000,3721.4000,3721.0000,3723.4000,3726.0000,3726.2000,3726.4000,3726.6000,1,1,2,1,1,3,1,1,1,1
SF,IF2005,2020-04-13 09:47:34.600,3723.2000,10295,0,1266732000.000,0,-,-,-,-,3722.4000,3722.2000,3722.0000,3721.4000,3721.0000,3723.4000,3726.0000,3726.2000,3726.4000,3726.6000,1,1,2,1,1,2,1,1,1,1
SF,IF2005,2020-04-13 09:47:35.100,3722.4000,10294,-1,1267848720.000,1,0,1,双平,S,3722.2000,3722.0000,3721.4000,3721.0000,3720.0000,3723.4000,3726.0000,3726.2000,3726.4000,3726.6000,1,2,1,1,1,2,1,1,1,1
SF,IF2005,2020-04-13 09:47:35.600,3722.4000,10294,0,1267848720.000,0,-,-,-,-,3722.2000,3722.0000,3721.4000,3721.0000,3720.0000,3723.2000,3723.4000,3726.0000,3726.2000,3726.4000,1,2,1,1,1,1,2,1,1,1
SF,IF2005,2020-04-13 09:47:36.100,3722.4000,10294,0,1267848720.000,0,-,-,-,-,3722.2000,3722.0000,3721.4000,3721.0000,3720.0000,3723.2000,3723.4000,3726.0000,3726.2000,3726.4000,1,2,1,1,1,1,2,1,1,1
SF,IF2005,2020-04-13 09:47:36.600,3722.4000,10294,0,1267848720.000,0,-,-,-,-,3722.2000,3722.0000,3721.4000,3721.0000,3720.0000,3723.2000,3723.4000,3726.0000,3726.2000,3726.4000,1,2,1,1,1,1,2,1,1,1
SF,IF2005,2020-04-13 09:47:37.100,3723.2000,10294,0,1268965680.000,1,0,1,多换,S,3722.2000,3722.0000,3721.4000,3721.0000,3720.0000,3723.4000,3726.0000,3726.2000,3726.4000,3726.6000,1,2,1,1,1,2,1,1,1,1
SF,IF2005,2020-04-13 09:47:37.600,3723.2000,10294,0,1268965680.000,0,-,-,-,-,3722.0000,3721.4000,3721.0000,3720.0000,3718.2000,3723.2000,3723.4000,3726.0000,3726.2000,3726.4000,2,1,1,1,1,2,2,1,1,1
SF,IF2005,2020-04-13 09:47:38.100,3722.0000,10293,-1,1270082280.000,1,0,1,双平,S,3722.0000,3721.4000,3721.0000,3720.0000,3718.2000,3723.2000,3723.4000,3726.0000,3726.2000,3726.4000,1,1,1,1,1,3,1,1,1,1
SF,IF2005,2020-04-13 09:47:38.600,3722.0000,10293,0,1270082280.000,0,-,-,-,-,3722.0000,3721.4000,3721.0000,3720.0000,3718.2000,3723.2000,3723.4000,3726.0000,3726.2000,3726.4000,1,1,1,1,1,2,1,1,1,1
SF,IF2005,2020-04-13 09:47:39.100,3722.0000,10293,0,1270082280.000,0,-,-,-,-,3722.0000,3721.4000,3721.0000,3720.0000,3718.2000,3723.0000,3723.2000,3723.4000,3726.0000,3726.2000,1,1,1,1,1,1,2,1,1,1
SF,IF2005,2020-04-13 09:47:39.600,3722.0000,10293,0,1270082280.000,0,-,-,-,-,3722.0000,3721.0000,3720.0000,3718.2000,3718.0000,3722.8000,3723.0000,3723.2000,3723.4000,3726.0000,1,1,1,1,6,1,1,2,1,1
SF,IF2005,2020-04-13 09:47:40.100,3722.0000,10293,0,1270082280.000,0,-,-,-,-,3722.0000,3721.0000,3720.0000,3718.2000,3718.0000,3722.8000,3723.2000,3723.4000,3726.0000,3726.2000,1,1,1,1,6,1,1,1,1,1
SF,IF2005,2020-04-13 09:47:40.600,3722.0000,10293,0,1270082280.000,0,-,-,-,-,3722.0000,3721.0000,3720.0000,3718.2000,3718.0000,3723.2000,3723.4000,3726.0000,3726.2000,3726.4000,1,1,1,1,6,1,1,1,1,1
SF,IF2005,2020-04-13 09:47:41.100,3722.0000,10293,0,1270082280.000,0,-,-,-,-,3722.0000,3721.0000,3720.0000,3718.2000,3718.0000,3723.0000,3723.2000,3723.4000,3726.0000,3726.2000,1,1,1,1,6,2,1,1,1,1
SF,IF2005,2020-04-13 09:47:41.600,3722.0000,10293,0,1270082280.000,0,-,-,-,-,3722.0000,3721.0000,3720.0000,3718.2000,3718.0000,3723.0000,3723.2000,3723.4000,3726.0000,3726.2000,1,1,1,1,6,1,1,1,1,1
SF,IF2005,2020-04-13 09:47:42.100,3723.0000,10294,1,1273432740.000,3,2,1,空开,S,3723.0000,3722.2000,3722.0000,3721.0000,3720.0000,3723.2000,3723.4000,3726.0000,3726.2000,3726.4000,1,3,1,1,1,1,1,1,1,1
SF,IF2005,2020-04-13 09:47:42.600,3723.4000,10295,1,1275666720.000,2,1,1,空开,S,3723.4000,3723.0000,3722.2000,3722.0000,3721.0000,3726.0000,3726.2000,3726.4000,3726.6000,3728.0000,1,1,3,1,1,1,1,1,1,2
SF,IF2005,2020-04-13 09:47:43.100,3723.4000,10295,0,1276783740.000,1,0,1,多换,S,3722.2000,3722.0000,3721.0000,3720.0000,3718.2000,3724.0000,3724.8000,3725.0000,3725.2000,3725.4000,2,1,1,1,1,1,1,1,1,1
SF,IF2005,2020-04-13 09:47:43.600,3723.4000,10294,-1,1277900760.000,1,0,1,双平,S,3724.0000,3723.2000,3722.6000,3722.4000,3722.2000,3724.8000,3725.0000,3725.8000,3726.0000,3726.2000,1,1,3,2,4,1,1,3,1,1
SF,IF2005,2020-04-13 09:47:44.100,3724.0000,10294,0,1280135100.000,2,1,1,多换,S,3723.2000,3722.6000,3722.4000,3722.2000,3722.0000,3723.4000,3724.6000,3725.8000,3726.0000,3726.2000,1,1,3,4,1,1,2,2,1,1
SF,IF2005,2020-04-13 09:47:44.600,3723.4000,10295,1,1281252120.000,1,1,0,双开,S,3723.2000,3722.6000,3722.4000,3722.2000,3722.0000,3724.6000,3725.8000,3726.0000,3726.2000,3726.4000,1,1,3,3,1,3,2,1,1,1
SF,IF2005,2020-04-13 09:47:45.100,3723.4000,10295,0,1281252120.000,0,-,-,-,-,3723.2000,3722.6000,3722.4000,3722.2000,3722.0000,3724.6000,3725.8000,3726.0000,3726.2000,3726.4000,1,1,3,3,1,3,2,1,1,1
SF,IF2005,2020-04-13 09:47:45.600,3723.4000,10295,0,1281252120.000,0,-,-,-,-,3723.2000,3722.6000,3722.4000,3722.2000,3722.0000,3724.6000,3725.8000,3726.0000,3726.2000,3726.4000,1,1,3,3,1,3,2,1,1,1
SF,IF2005,2020-04-13 09:47:46.100,3723.4000,10295,0,1281252120.000,0,-,-,-,-,3723.2000,3722.6000,3722.4000,3722.2000,3722.0000,3724.6000,3725.8000,3726.0000,3726.2000,3726.4000,1,1,3,3,1,2,2,1,1,1
SF,IF2005,2020-04-13 09:47:49.100,3723.2000,10296,1,1282369080.000,1,1,0,双开,S,3722.6000,3722.4000,3722.2000,3722.0000,3721.0000,3724.6000,3725.8000,3726.0000,3726.2000,3726.4000,1,3,3,1,1,2,2,1,1,1
SF,IF2005,2020-04-13 09:47:49.600,3723.2000,10296,0,1282369080.000,0,-,-,-,-,3722.8000,3722.4000,3722.2000,3722.0000,3721.0000,3724.4000,3724.6000,3725.8000,3726.0000,3726.2000,1,2,3,1,1,3,2,2,1,1
SF,IF2005,2020-04-13 09:47:50.100,3723.2000,10296,0,1282369080.000,0,-,-,-,-,3722.8000,3722.4000,3722.2000,3722.0000,3721.0000,3724.2000,3724.4000,3725.8000,3726.0000,3726.2000,1,2,3,1,1,1,3,2,1,1
SF,IF2005,2020-04-13 09:47:50.600,3723.2000,10296,0,1282369080.000,0,-,-,-,-,3722.8000,3722.4000,3722.2000,3722.0000,3721.0000,3723.4000,3724.0000,3724.2000,3724.4000,3725.8000,1,2,3,1,1,1,1,1,3,2
SF,IF2005,2020-04-13 09:47:51.100,3723.2000,10296,0,1282369080.000,0,-,-,-,-,3722.4000,3722.2000,3722.0000,3721.0000,3720.0000,3723.4000,3724.0000,3724.2000,3724.4000,3725.8000,1,2,1,1,1,1,2,1,3,2
SF,IF2005,2020-04-13 09:47:51.600,3723.2000,10296,0,1282369080.000,0,-,-,-,-,3722.2000,3722.0000,3721.0000,3720.0000,3718.2000,3723.4000,3724.0000,3724.2000,3724.4000,3725.8000,2,1,1,1,1,1,2,1,3,2
SF,IF2005,2020-04-13 09:47:52.100,3723.2000,10296,0,1282369080.000,0,-,-,-,-,3722.6000,3722.4000,3722.2000,3722.0000,3721.0000,3723.2000,3723.4000,3724.0000,3724.4000,3725.8000,1,1,2,1,1,1,1,2,3,2
SF,IF2005,2020-04-13 09:47:52.600,3723.2000,10296,0,1282369080.000,0,-,-,-,-,3722.6000,3722.4000,3722.2000,3722.0000,3721.6000,3723.2000,3723.4000,3724.0000,3724.4000,3725.8000,1,1,2,1,1,1,1,2,3,2
SF,IF2005,2020-04-13 09:47:53.100,3723.2000,10296,0,1282369080.000,0,-,-,-,-,3722.2000,3722.0000,3721.6000,3721.0000,3720.0000,3723.2000,3723.4000,3724.0000,3724.4000,3725.8000,2,1,1,1,1,1,1,2,3,2
SF,IF2005,2020-04-13 09:47:53.600,3723.2000,10296,0,1282369080.000,0,-,-,-,-,3722.0000,3721.6000,3721.0000,3720.0000,3718.2000,3723.2000,3723.4000,3724.0000,3724.4000,3725.8000,1,1,1,1,1,1,1,2,3,2
SF,IF2005,2020-04-13 09:47:54.100,3723.2000,10296,0,1282369080.000,0,-,-,-,-,3722.0000,3721.6000,3721.0000,3720.0000,3718.2000,3723.2000,3724.0000,3724.4000,3725.8000,3726.0000,1,1,1,1,1,1,2,3,2,1
SF,IF2005,2020-04-13 09:47:54.600,3722.0000,10295,-1,1283485680.000,1,0,1,双平,S,3721.6000,3721.0000,3720.0000,3718.2000,3718.0000,3722.0000,3722.6000,3723.2000,3724.0000,3724.4000,1,1,1,1,6,1,1,1,2,3
SF,IF2005,2020-04-13 09:47:55.100,3722.0000,10295,0,1284602280.000,1,0,1,多换,S,3721.6000,3721.0000,3720.0000,3718.2000,3718.0000,3722.6000,3723.2000,3724.0000,3724.4000,3725.8000,1,1,1,1,6,1,1,1,3,2
SF,IF2005,2020-04-13 09:47:55.600,3722.0000,10295,0,1284602280.000,0,-,-,-,-,3721.8000,3721.6000,3721.0000,3720.0000,3718.2000,3722.6000,3723.2000,3724.0000,3724.4000,3725.8000,1,1,1,1,1,1,1,1,3,2
SF,IF2005,2020-04-13 09:47:56.100,3722.0000,10295,0,1284602280.000,0,-,-,-,-,3721.8000,3721.6000,3721.0000,3720.0000,3718.2000,3722.6000,3723.2000,3724.0000,3724.4000,3725.8000,1,1,1,1,1,1,1,1,3,2
SF,IF2005,2020-04-13 09:47:56.600,3722.6000,10294,-1,1285719060.000,1,0,1,双平,S,3721.6000,3721.0000,3720.0000,3718.2000,3718.0000,3723.2000,3724.0000,3724.4000,3725.8000,3726.0000,1,1,1,1,6,1,1,3,2,1
SF,IF2005,2020-04-13 09:47:57.100,3722.6000,10294,0,1285719060.000,0,-,-,-,-,3721.8000,3721.6000,3721.0000,3720.0000,3718.2000,3723.2000,3724.0000,3724.4000,3725.8000,3726.0000,3,1,1,1,1,1,1,3,2,1
SF,IF2005,2020-04-13 09:47:57.600,3722.6000,10294,0,1285719060.000,0,-,-,-,-,3721.8000,3721.6000,3721.0000,3720.0000,3718.2000,3723.2000,3724.0000,3724.4000,3725.8000,3726.0000,5,1,1,1,1,1,1,3,2,1
SF,IF2005,2020-04-13 09:48:00.100,3721.8000,10294,0,1286835600.000,1,0,1,多换,S,3721.6000,3721.0000,3720.0000,3718.2000,3718.0000,3723.2000,3724.0000,3724.4000,3725.8000,3726.0000,1,1,1,1,6,1,1,3,2,1
SF,IF2005,2020-04-13 09:48:00.600,3721.8000,10293,-1,1287952140.000,1,0,1,双平,S,3722.0000,3721.6000,3721.0000,3720.0000,3718.2000,3723.0000,3723.2000,3724.0000,3724.4000,3725.8000,1,1,1,1,1,1,1,1,3,2
SF,IF2005,2020-04-13 09:48:01.100,3721.8000,10293,0,1287952140.000,0,-,-,-,-,3721.6000,3721.0000,3720.0000,3718.2000,3718.0000,3722.8000,3723.0000,3724.0000,3724.4000,3725.8000,1,1,1,1,6,1,1,1,3,2
SF,IF2005,2020-04-13 09:48:01.600,3721.8000,10293,0,1287952140.000,0,-,-,-,-,3721.8000,3721.6000,3721.0000,3720.0000,3718.2000,3722.8000,3723.0000,3723.4000,3724.0000,3724.4000,2,1,1,1,1,1,1,1,1,3
SF,IF2005,2020-04-13 09:48:02.100,3721.8000,10293,0,1287952140.000,0,-,-,-,-,3721.8000,3721.6000,3721.0000,3720.0000,3718.2000,3722.6000,3722.8000,3723.0000,3723.4000,3724.0000,2,1,1,1,1,1,1,1,1,1
SF,IF2005,2020-04-13 09:48:02.600,3721.8000,10293,0,1287952140.000,0,-,-,-,-,3721.6000,3721.0000,3720.0000,3718.2000,3718.0000,3722.4000,3722.6000,3723.0000,3723.4000,3724.0000,1,1,1,1,6,1,1,1,1,1
SF,IF2005,2020-04-13 09:48:03.100,3721.6000,10292,-1,1289068620.000,1,0,1,双平,S,3721.0000,3720.0000,3718.2000,3718.0000,3717.6000,3722.4000,3722.6000,3723.0000,3723.4000,3724.0000,1,1,1,6,2,1,1,1,1,1
SF,IF2005,2020-04-13 09:48:03.600,3721.6000,10292,0,1289068620.000,0,-,-,-,-,3721.4000,3721.2000,3721.0000,3720.0000,3718.2000,3722.4000,3722.6000,3723.0000,3723.4000,3724.0000,2,1,1,1,1,1,1,1,1,1
SF,IF2005,2020-04-13 09:48:04.100,3721.6000,10292,0,1289068620.000,0,-,-,-,-,3722.0000,3721.6000,3721.4000,3721.0000,3720.0000,3722.4000,3722.6000,3723.4000,3724.0000,3724.4000,1,3,1,1,3,1,1,1,1,3
SF,IF2005,2020-04-13 09:48:05.600,3721.6000,10292,0,1289068620.000,0,-,-,-,-,3722.0000,3721.6000,3721.4000,3721.0000,3720.0000,3722.4000,3722.6000,3723.4000,3724.0000,3724.4000,1,1,1,1,3,1,1,1,1,3
SF,IF2005,2020-04-13 09:48:06.100,3722.0000,10292,0,1290185220.000,1,0,1,多换,S,3721.6000,3721.4000,3721.0000,3720.0000,3718.2000,3722.4000,3722.6000,3723.4000,3724.0000,3724.4000,1,1,1,3,1,1,1,1,1,3
SF,IF2005,2020-04-13 09:48:06.600,3722.4000,10291,-1,1291301940.000,1,0,1,双平,S,3721.6000,3721.4000,3721.0000,3720.0000,3718.2000,3723.4000,3724.0000,3724.4000,3725.8000,3726.0000,1,1,1,3,1,1,1,3,2,1
SF,IF2005,2020-04-13 09:48:07.100,3722.4000,10291,0,1291301940.000,0,-,-,-,-,3721.6000,3721.4000,3721.0000,3720.0000,3718.2000,3723.2000,3723.4000,3724.0000,3724.4000,3725.8000,1,1,1,3,1,2,1,1,3,2
SF,IF2005,2020-04-13 09:48:07.600,3722.4000,10291,0,1291301940.000,0,-,-,-,-,3721.8000,3721.6000,3721.4000,3721.0000,3720.0000,3723.2000,3723.4000,3724.0000,3724.4000,3725.8000,1,1,1,1,3,2,1,1,3,2
SF,IF2005,2020-04-13 09:48:08.100,3722.4000,10291,0,1291301940.000,0,-,-,-,-,3721.8000,3721.6000,3721.4000,3721.0000,3720.0000,3723.2000,3723.4000,3724.0000,3724.4000,3725.8000,2,1,1,1,1,1,1,1,2,2
SF,IF2005,2020-04-13 09:48:11.100,3722.4000,10291,0,1291301940.000,0,-,-,-,-,3722.0000,3721.8000,3721.4000,3721.0000,3720.0000,3723.2000,3723.4000,3724.0000,3724.4000,3725.8000,1,2,1,1,1,1,1,1,2,2
SF,IF2005,2020-04-13 09:48:11.600,3722.4000,10291,0,1291301940.000,0,-,-,-,-,3721.8000,3721.4000,3721.0000,3720.0000,3718.2000,3723.2000,3723.4000,3724.0000,3724.4000,3725.8000,2,1,1,1,1,1,1,1,2,2
SF,IF2005,2020-04-13 09:48:12.100,3722.4000,10291,0,1291301940.000,0,-,-,-,-,3722.2000,3721.8000,3721.4000,3721.0000,3720.0000,3723.2000,3723.4000,3724.0000,3724.4000,3725.8000,1,2,1,1,1,1,1,1,2,2
SF,IF2005,2020-04-13 09:48:13.100,3722.4000,10291,0,1291301940.000,0,-,-,-,-,3722.2000,3721.8000,3721.4000,3721.0000,3720.0000,3723.2000,3723.4000,3724.0000,3724.4000,3725.8000,1,1,1,1,1,1,1,1,2,2
SF,IF2005,2020-04-13 09:48:14.100,3722.2000,10292,1,1292418600.000,1,1,0,双开,S,3721.8000,3721.4000,3721.0000,3720.0000,3718.2000,3723.2000,3723.4000,3724.0000,3724.4000,3725.8000,1,1,1,1,1,1,1,1,2,2
SF,IF2005,2020-04-13 09:48:16.100,3722.2000,10292,0,1292418600.000,0,-,-,-,-,3722.2000,3721.8000,3721.4000,3721.0000,3720.0000,3723.2000,3723.4000,3724.0000,3724.4000,3725.8000,1,1,1,1,1,1,1,1,2,2
SF,IF2005,2020-04-13 09:48:16.600,3722.2000,10292,0,1292418600.000,0,-,-,-,-,3722.2000,3721.8000,3721.4000,3721.0000,3720.0000,3723.2000,3723.4000,3724.0000,3724.4000,3725.8000,1,1,1,1,1,1,1,1,2,2
SF,IF2005,2020-04-13 09:48:17.100,3723.2000,10291,-1,1293535560.000,1,0,1,双平,S,3722.4000,3721.8000,3721.4000,3721.0000,3720.0000,3723.4000,3724.0000,3724.4000,3725.8000,3726.0000,2,1,1,1,1,1,1,2,2,1
SF,IF2005,2020-04-13 09:48:17.600,3723.2000,10291,0,1293535560.000,0,-,-,-,-,3722.6000,3721.8000,3721.4000,3721.0000,3720.0000,3723.4000,3724.0000,3724.4000,3725.8000,3726.0000,2,1,1,1,1,1,1,2,2,1
SF,IF2005,2020-04-13 09:48:18.100,3723.2000,10291,0,1293535560.000,0,-,-,-,-,3721.8000,3721.4000,3721.0000,3720.0000,3718.2000,3723.4000,3724.4000,3725.8000,3726.0000,3726.2000,1,1,1,1,1,1,1,2,1,1
SF,IF2005,2020-04-13 09:48:18.600,3723.2000,10291,0,1293535560.000,0,-,-,-,-,3722.2000,3722.0000,3721.8000,3721.4000,3721.0000,3723.4000,3724.4000,3725.8000,3726.0000,3726.2000,2,3,1,1,1,1,1,2,1,1
SF,IF2005,2020-04-13 09:48:19.100,3723.2000,10291,0,1293535560.000,0,-,-,-,-,3722.4000,3722.2000,3721.4000,3721.0000,3720.0000,3723.4000,3725.8000,3726.0000,3726.2000,3726.4000,3,2,1,1,1,1,2,1,1,1
SF,IF2005,2020-04-13 09:48:19.600,3723.2000,10291,0,1293535560.000,0,-,-,-,-,3722.4000,3721.4000,3721.0000,3720.0000,3718.2000,3723.4000,3725.8000,3726.0000,3726.2000,3726.4000,3,1,1,1,1,1,2,1,1,1
SF,IF2005,2020-04-13 09:48:20.100,3723.2000,10291,0,1293535560.000,0,-,-,-,-,3722.4000,3721.4000,3721.0000,3720.0000,3718.2000,3723.4000,3725.8000,3726.0000,3726.2000,3726.4000,1,1,1,1,1,1,2,1,1,1
SF,IF2005,2020-04-13 09:48:21.100,3723.2000,10291,0,1293535560.000,0,-,-,-,-,3722.6000,3722.4000,3721.4000,3721.0000,3720.0000,3723.4000,3725.8000,3726.0000,3726.2000,3726.4000,1,1,1,1,1,1,2,1,1,1
SF,IF2005,2020-04-13 09:48:22.100,3723.2000,10291,0,1293535560.000,0,-,-,-,-,3722.4000,3721.4000,3721.0000,3720.0000,3718.2000,3725.8000,3726.0000,3726.2000,3726.4000,3726.6000,1,1,1,1,1,2,1,1,1,1
SF,IF2005,2020-04-13 09:48:22.600,3722.6000,10292,1,1294652340.000,1,1,0,双开,S,3723.4000,3722.6000,3722.4000,3721.4000,3721.0000,3724.2000,3724.4000,3724.6000,3724.8000,3725.4000,1,1,1,1,1,2,3,1,4,1
SF,IF2005,2020-04-13 09:48:23.100,3722.6000,10292,0,1296886140.000,2,1,1,多换,S,3722.4000,3721.4000,3721.0000,3720.0000,3718.2000,3724.0000,3724.2000,3724.4000,3724.6000,3724.8000,1,1,1,1,1,1,1,1,1,1
SF,IF2005,2020-04-13 09:48:23.600,3722.6000,10292,0,1296886140.000,0,-,-,-,-,3722.4000,3721.4000,3721.0000,3720.0000,3718.2000,3724.0000,3724.2000,3724.8000,3725.2000,3725.4000,1,1,1,1,1,1,1,1,1,1
SF,IF2005,2020-04-13 09:48:24.100,3722.6000,10292,0,1296886140.000,0,-,-,-,-,3722.4000,3721.4000,3721.0000,3720.0000,3718.2000,3724.0000,3724.2000,3724.4000,3724.8000,3725.4000,1,1,1,1,1,2,1,1,1,1
SF,IF2005,2020-04-13 09:48:24.600,3722.6000,10292,0,1296886140.000,0,-,-,-,-,3722.4000,3721.4000,3721.0000,3720.0000,3718.2000,3723.8000,3724.0000,3724.2000,3724.4000,3724.8000,1,1,1,1,1,1,2,1,1,1
SF,IF2005,2020-04-13 09:48:25.100,3722.6000,10292,0,1296886140.000,0,-,-,-,-,3721.4000,3721.0000,3720.0000,3718.2000,3718.0000,3723.6000,3723.8000,3724.2000,3724.8000,3725.4000,1,1,1,1,6,3,1,1,1,1
SF,IF2005,2020-04-13 09:48:25.600,3722.6000,10292,0,1296886140.000,0,-,-,-,-,3721.8000,3721.6000,3721.4000,3721.0000,3720.0000,3723.4000,3723.6000,3724.2000,3724.8000,3725.4000,2,2,1,1,1,1,3,1,1,1
SF,IF2005,2020-04-13 09:48:26.100,3722.6000,10292,0,1296886140.000,0,-,-,-,-,3722.0000,3721.8000,3721.4000,3721.0000,3720.0000,3723.2000,3723.4000,3724.2000,3724.8000,3725.4000,1,2,1,1,1,3,1,1,1,1
SF,IF2005,2020-04-13 09:48:26.600,3723.4000,10291,-1,1301354040.000,4,1,3,多平,S,3723.6000,3723.4000,3723.2000,3722.6000,3722.4000,3724.2000,3724.8000,3725.8000,3726.2000,3726.4000,3,4,2,2,2,1,1,3,1,1
SF,IF2005,2020-04-13 09:48:27.100,3723.4000,10287,-4,1309173180.000,7,1,6,多平,S,3722.0000,3721.8000,3721.4000,3721.0000,3720.0000,3724.0000,3724.2000,3725.8000,3726.2000,3726.4000,3,1,1,1,1,1,1,3,1,1
SF,IF2005,2020-04-13 09:48:27.600,3723.4000,10287,0,1309173180.000,0,-,-,-,-,3722.2000,3722.0000,3721.8000,3721.4000,3721.0000,3723.4000,3723.6000,3724.0000,3724.2000,3725.8000,4,3,1,1,1,3,1,1,1,3
SF,IF2005,2020-04-13 09:48:28.100,3723.4000,10287,0,1309173180.000,0,-,-,-,-,3722.4000,3722.2000,3722.0000,3721.8000,3721.4000,3723.6000,3724.0000,3724.2000,3725.8000,3726.2000,3,3,2,1,1,1,1,1,3,1
SF,IF2005,2020-04-13 09:48:28.600,3723.4000,10287,0,1309173180.000,0,-,-,-,-,3722.6000,3722.4000,3722.2000,3722.0000,3721.8000,3723.6000,3724.0000,3724.2000,3725.8000,3726.2000,2,3,2,2,1,1,1,1,3,1
SF,IF2005,2020-04-13 09:48:29.100,3723.4000,10287,0,1309173180.000,0,-,-,-,-,3722.8000,3722.6000,3722.4000,3722.2000,3722.0000,3723.6000,3724.2000,3725.8000,3726.2000,3726.4000,1,2,3,2,1,1,1,3,1,1
SF,IF2005,2020-04-13 09:48:29.600,3723.6000,10287,0,1310290260.000,1,0,1,多换,S,3722.8000,3722.4000,3722.2000,3722.0000,3721.8000,3724.2000,3725.8000,3726.2000,3726.4000,3726.6000,1,1,2,1,1,1,3,1,1,1
SF,IF2005,2020-04-13 09:48:30.100,3723.6000,10287,0,1310290260.000,0,-,-,-,-,3723.0000,3722.8000,3722.4000,3722.2000,3722.0000,3724.2000,3725.8000,3726.2000,3726.4000,3726.6000,1,1,1,2,1,1,3,1,1,1
SF,IF2005,2020-04-13 09:48:30.600,3723.6000,10287,0,1310290260.000,0,-,-,-,-,3723.2000,3723.0000,3722.4000,3722.2000,3722.0000,3724.2000,3725.8000,3726.2000,3726.4000,3726.6000,2,1,1,2,1,1,3,1,1,1
SF,IF2005,2020-04-13 09:48:31.100,3723.6000,10287,0,1310290260.000,0,-,-,-,-,3723.2000,3723.0000,3722.4000,3722.0000,3721.8000,3724.2000,3725.8000,3726.2000,3726.4000,3726.6000,3,1,1,1,1,1,3,1,1,1
SF,IF2005,2020-04-13 09:48:32.100,3723.6000,10287,0,1310290260.000,0,-,-,-,-,3723.2000,3723.0000,3722.0000,3721.8000,3721.4000,3724.2000,3725.8000,3726.2000,3726.4000,3726.6000,3,1,2,1,1,1,3,1,1,1
SF,IF2005,2020-04-13 09:48:32.600,3723.2000,10288,1,1311407220.000,1,1,0,双开,S,3723.2000,3722.0000,3721.8000,3721.4000,3721.0000,3724.2000,3725.8000,3726.2000,3726.4000,3726.6000,2,2,1,1,1,1,3,1,1,1
SF,IF2005,2020-04-13 09:48:33.100,3723.2000,10288,0,1311407220.000,0,-,-,-,-,3723.2000,3722.0000,3721.8000,3721.4000,3721.0000,3724.2000,3725.8000,3726.2000,3726.4000,3726.6000,1,2,1,1,1,1,3,1,1,1
SF,IF2005,2020-04-13 09:48:34.600,3723.2000,10288,0,1311407220.000,0,-,-,-,-,3723.4000,3723.2000,3722.0000,3721.8000,3721.4000,3724.2000,3725.8000,3726.2000,3726.4000,3726.6000,1,1,2,1,1,1,2,1,1,1
SF,IF2005,2020-04-13 09:48:35.100,3724.2000,10288,0,1312524480.000,1,0,1,多换,S,3723.6000,3722.0000,3721.8000,3721.4000,3721.0000,3725.8000,3726.2000,3726.4000,3726.6000,3728.0000,1,2,1,1,1,1,1,1,1,2
SF,IF2005,2020-04-13 09:48:35.600,3723.8000,10289,1,1313641620.000,1,1,0,双开,S,3723.6000,3722.0000,3721.8000,3721.4000,3721.0000,3725.6000,3725.8000,3726.2000,3726.4000,3726.6000,1,2,1,1,1,3,1,1,1,1
SF,IF2005,2020-04-13 09:48:36.100,3723.8000,10289,0,1313641620.000,0,-,-,-,-,3723.6000,3722.0000,3721.8000,3721.4000,3721.2000,3725.6000,3726.2000,3726.4000,3726.6000,3728.0000,1,2,1,1,1,2,1,1,1,2
SF,IF2005,2020-04-13 09:48:36.600,3723.8000,10289,0,1313641620.000,0,-,-,-,-,3723.6000,3722.0000,3721.8000,3721.4000,3721.2000,3725.4000,3725.6000,3726.2000,3726.4000,3726.6000,1,2,1,1,1,1,2,1,1,1
SF,IF2005,2020-04-13 09:48:37.100,3723.8000,10289,0,1313641620.000,0,-,-,-,-,3723.6000,3722.0000,3721.8000,3721.4000,3721.2000,3725.2000,3725.4000,3725.6000,3726.2000,3726.4000,1,2,1,1,1,1,2,1,1,1
SF,IF2005,2020-04-13 09:48:37.600,3723.8000,10289,0,1313641620.000,0,-,-,-,-,3723.6000,3722.0000,3721.8000,3721.4000,3721.2000,3725.0000,3725.2000,3725.4000,3725.6000,3726.2000,1,2,1,1,1,1,1,2,1,1
SF,IF2005,2020-04-13 09:48:38.100,3723.8000,10289,0,1313641620.000,0,-,-,-,-,3723.6000,3722.0000,3721.8000,3721.4000,3721.2000,3725.0000,3725.2000,3725.4000,3725.6000,3726.2000,1,2,1,1,1,1,1,1,1,1
SF,IF2005,2020-04-13 09:48:38.600,3723.8000,10289,0,1313641620.000,0,-,-,-,-,3723.6000,3722.0000,3721.8000,3721.4000,3721.2000,3725.0000,3725.2000,3725.6000,3726.2000,3726.4000,1,2,1,1,1,1,1,1,1,1
SF,IF2005,2020-04-13 09:48:39.100,3723.6000,10289,0,1314758700.000,1,0,1,多换,S,3722.0000,3721.8000,3721.4000,3721.2000,3721.0000,3724.8000,3725.0000,3725.6000,3726.2000,3726.4000,2,1,1,1,1,1,1,1,1,1
SF,IF2005,2020-04-13 09:48:39.600,3723.6000,10289,0,1314758700.000,0,-,-,-,-,3722.6000,3722.4000,3722.2000,3722.0000,3721.8000,3724.8000,3726.2000,3726.4000,3726.6000,3728.0000,1,4,6,3,1,1,1,1,1,2
SF,IF2005,2020-04-13 09:48:40.100,3723.6000,10289,0,1314758700.000,0,-,-,-,-,3723.0000,3722.8000,3722.6000,3722.4000,3722.2000,3726.2000,3726.4000,3726.6000,3728.0000,3728.2000,2,8,2,5,7,1,1,1,2,2
SF,IF2005,2020-04-13 09:48:40.600,3723.6000,10289,0,1314758700.000,0,-,-,-,-,3723.2000,3723.0000,3722.8000,3722.6000,3722.4000,3726.0000,3726.2000,3726.4000,3726.6000,3728.0000,4,2,5,1,1,2,1,1,1,2
SF,IF2005,2020-04-13 09:48:41.100,3723.6000,10289,0,1314758700.000,0,-,-,-,-,3723.6000,3723.2000,3723.0000,3722.8000,3722.6000,3726.0000,3726.2000,3726.4000,3726.6000,3728.0000,3,5,1,5,1,2,1,1,1,2
SF,IF2005,2020-04-13 09:48:41.600,3723.6000,10289,0,1314758700.000,0,-,-,-,-,3723.8000,3723.6000,3723.2000,3722.8000,3722.6000,3725.8000,3726.0000,3726.2000,3726.4000,3726.6000,2,3,3,5,1,2,2,1,1,1
SF,IF2005,2020-04-13 09:48:42.100,3723.6000,10289,0,1314758700.000,0,-,-,-,-,3724.0000,3723.8000,3723.2000,3722.8000,3722.6000,3725.6000,3725.8000,3726.0000,3726.2000,3726.4000,2,2,3,5,1,1,2,1,1,1
SF,IF2005,2020-04-13 09:48:42.600,3723.6000,10289,0,1314758700.000,0,-,-,-,-,3724.2000,3724.0000,3723.8000,3723.2000,3722.8000,3725.6000,3726.0000,3726.2000,3726.4000,3726.6000,2,1,1,3,5,1,1,1,1,1
SF,IF2005,2020-04-13 09:48:43.100,3723.6000,10289,0,1314758700.000,0,-,-,-,-,3724.6000,3724.2000,3724.0000,3723.2000,3722.8000,3726.6000,3728.0000,3728.2000,3729.0000,3729.2000,1,2,1,3,5,1,2,2,1,2
SF,IF2005,2020-04-13 09:48:43.600,3723.6000,10289,0,1314758700.000,0,-,-,-,-,3724.8000,3724.6000,3724.0000,3723.2000,3722.8000,3726.4000,3726.6000,3728.0000,3728.2000,3729.0000,2,1,1,3,5,1,1,2,2,1
SF,IF2005,2020-04-13 09:48:44.100,3726.6000,10290,1,1316994600.000,2,1,1,空开,S,3725.0000,3724.8000,3723.2000,3722.8000,3722.6000,3728.0000,3728.2000,3729.0000,3729.2000,3729.6000,3,3,3,5,1,2,2,1,2,2
SF,IF2005,2020-04-13 09:48:44.600,3726.6000,10290,0,1316994600.000,0,-,-,-,-,3726.0000,3725.2000,3725.0000,3724.8000,3723.2000,3727.8000,3728.0000,3728.2000,3729.0000,3729.2000,1,2,7,2,3,3,2,2,1,2
SF,IF2005,2020-04-13 09:48:45.100,3726.2000,10290,0,1318112460.000,1,0,1,多换,S,3726.0000,3725.2000,3725.0000,3724.8000,3723.2000,3727.6000,3727.8000,3728.0000,3728.2000,3729.0000,1,2,6,2,3,2,1,2,2,1
SF,IF2005,2020-04-13 09:48:45.600,3726.2000,10290,0,1318112460.000,0,-,-,-,-,3726.2000,3725.2000,3725.0000,3724.8000,3723.2000,3727.4000,3727.6000,3728.0000,3728.2000,3729.0000,1,2,6,2,3,1,2,2,2,1
SF,IF2005,2020-04-13 09:48:46.100,3726.2000,10289,-1,1319230320.000,1,0,1,双平,S,3725.2000,3725.0000,3724.8000,3723.2000,3722.8000,3726.0000,3727.4000,3727.6000,3728.0000,3728.2000,2,6,1,3,4,16,1,2,2,2
SF,IF2005,2020-04-13 09:48:46.600,3726.0000,10292,3,1322583720.000,3,3,0,双开,S,3725.2000,3725.0000,3724.8000,3723.2000,3722.8000,3726.0000,3726.2000,3727.2000,3727.4000,3728.0000,2,5,1,3,4,13,1,1,1,2
SF,IF2005,2020-04-13 09:48:47.100,3726.0000,10293,1,1324819320.000,2,1,1,空开,S,3725.2000,3725.0000,3724.8000,3723.2000,3722.8000,3726.0000,3726.2000,3727.4000,3728.0000,3728.2000,2,5,1,3,4,11,1,1,2,2
SF,IF2005,2020-04-13 09:48:47.600,3726.0000,10293,0,1324819320.000,0,-,-,-,-,3725.2000,3725.0000,3724.8000,3723.2000,3722.8000,3726.0000,3726.2000,3727.4000,3728.0000,3728.2000,2,3,1,3,4,11,1,1,2,2
SF,IF2005,2020-04-13 09:48:48.100,3726.0000,10293,0,1324819320.000,0,-,-,-,-,3725.2000,3725.0000,3724.8000,3723.6000,3723.2000,3726.0000,3726.2000,3727.4000,3728.0000,3728.2000,2,2,1,5,3,11,1,1,2,2
SF,IF2005,2020-04-13 09:48:48.600,3726.0000,10293,0,1324819320.000,0,-,-,-,-,3724.8000,3723.6000,3723.2000,3722.8000,3722.6000,3726.0000,3726.2000,3727.4000,3728.0000,3728.2000,1,5,3,4,1,11,1,1,2,2
SF,IF2005,2020-04-13 09:48:49.100,3726.0000,10293,0,1324819320.000,0,-,-,-,-,3725.0000,3724.8000,3723.6000,3723.2000,3722.8000,3726.0000,3726.2000,3727.4000,3728.0000,3728.2000,1,1,5,3,4,11,1,1,2,2
SF,IF2005,2020-04-13 09:48:49.600,3726.0000,10293,0,1324819320.000,0,-,-,-,-,3725.0000,3724.8000,3723.6000,3723.2000,3722.8000,3725.8000,3726.0000,3726.2000,3727.4000,3728.0000,1,1,5,3,4,1,11,1,1,2
SF,IF2005,2020-04-13 09:48:50.100,3726.0000,10293,0,1324819320.000,0,-,-,-,-,3725.0000,3724.8000,3723.6000,3723.2000,3722.8000,3726.0000,3726.2000,3727.4000,3728.0000,3728.2000,1,1,5,3,4,11,1,1,2,2
SF,IF2005,2020-04-13 09:48:50.600,3726.0000,10293,0,1324819320.000,0,-,-,-,-,3725.0000,3724.8000,3723.6000,3723.2000,3722.8000,3726.0000,3726.2000,3727.4000,3728.0000,3728.2000,1,1,5,3,4,12,1,1,2,2
SF,IF2005,2020-04-13 09:48:51.600,3726.0000,10293,0,1324819320.000,0,-,-,-,-,3725.2000,3725.0000,3724.8000,3723.6000,3723.2000,3726.0000,3727.4000,3728.0000,3728.2000,3729.0000,1,1,1,5,3,13,1,2,2,1
SF,IF2005,2020-04-13 09:48:52.100,3726.0000,10293,0,1324819320.000,0,-,-,-,-,3725.2000,3725.0000,3724.8000,3723.6000,3723.2000,3726.0000,3727.4000,3728.0000,3728.2000,3729.0000,1,1,1,5,3,13,1,2,2,1
SF,IF2005,2020-04-13 09:48:52.600,3726.0000,10294,1,1328172720.000,3,2,1,空开,S,3725.2000,3725.0000,3724.8000,3723.6000,3723.2000,3726.0000,3727.4000,3728.0000,3728.2000,3729.0000,1,1,1,5,3,10,1,2,2,1
SF,IF2005,2020-04-13 09:48:54.600,3725.2000,10293,-1,1329290280.000,1,0,1,双平,S,3725.0000,3724.8000,3723.6000,3723.2000,3722.8000,3726.0000,3727.4000,3728.0000,3728.2000,3729.0000,1,1,5,3,4,10,1,2,2,1
SF,IF2005,2020-04-13 09:48:55.100,3725.2000,10293,0,1329290280.000,0,-,-,-,-,3724.8000,3723.6000,3723.2000,3722.8000,3722.6000,3725.8000,3726.0000,3728.0000,3728.2000,3729.0000,1,5,3,4,1,1,10,2,2,1
SF,IF2005,2020-04-13 09:48:55.600,3724.8000,10292,-1,1330407720.000,1,0,1,双平,S,3723.6000,3723.2000,3722.8000,3722.6000,3722.4000,3725.0000,3725.6000,3725.8000,3726.0000,3728.0000,5,3,4,1,1,1,1,2,10,2
SF,IF2005,2020-04-13 09:48:56.100,3724.8000,10292,0,1330407720.000,0,-,-,-,-,3723.6000,3723.2000,3722.8000,3722.6000,3722.4000,3724.8000,3725.0000,3725.6000,3726.0000,3728.0000,5,3,4,1,1,1,1,1,10,2
SF,IF2005,2020-04-13 09:48:56.600,3725.0000,10291,-1,1332642660.000,2,0,2,多平,S,3725.0000,3724.0000,3723.8000,3723.6000,3723.2000,3725.6000,3726.0000,3728.0000,3728.2000,3729.0000,1,2,3,5,1,1,9,2,2,1
SF,IF2005,2020-04-13 09:48:57.100,3725.0000,10291,0,1332642660.000,0,-,-,-,-,3725.0000,3724.0000,3723.8000,3723.2000,3722.8000,3725.8000,3726.0000,3728.0000,3728.2000,3729.0000,1,1,5,1,4,1,9,2,2,1
SF,IF2005,2020-04-13 09:48:57.600,3725.0000,10291,0,1332642660.000,0,-,-,-,-,3725.4000,3724.0000,3723.8000,3723.2000,3722.8000,3725.8000,3726.0000,3728.0000,3728.2000,3729.0000,1,1,5,1,4,1,9,2,2,1
SF,IF2005,2020-04-13 09:48:58.100,3725.0000,10292,1,1333760160.000,1,1,0,双开,S,3724.0000,3723.8000,3723.2000,3722.8000,3722.6000,3725.8000,3726.0000,3728.0000,3728.2000,3729.0000,1,3,1,4,1,1,9,2,2,1
SF,IF2005,2020-04-13 09:48:58.600,3725.0000,10292,0,1333760160.000,0,-,-,-,-,3724.2000,3724.0000,3723.8000,3723.2000,3722.8000,3725.6000,3725.8000,3726.0000,3728.0000,3728.2000,1,2,2,1,4,1,1,9,2,2
SF,IF2005,2020-04-13 09:48:59.100,3725.0000,10292,0,1333760160.000,0,-,-,-,-,3724.4000,3724.2000,3724.0000,3723.8000,3723.2000,3725.6000,3725.8000,3726.0000,3728.0000,3728.2000,1,1,2,2,1,1,1,9,2,2
SF,IF2005,2020-04-13 09:48:59.600,3725.0000,10292,0,1333760160.000,0,-,-,-,-,3724.6000,3724.4000,3724.0000,3723.8000,3723.2000,3725.6000,3725.8000,3726.0000,3728.0000,3728.2000,1,1,2,2,1,1,1,9,2,2
SF,IF2005,2020-04-13 09:49:01.100,3725.0000,10292,0,1333760160.000,0,-,-,-,-,3725.0000,3724.6000,3724.4000,3724.0000,3723.8000,3725.6000,3725.8000,3726.0000,3728.0000,3728.2000,1,1,1,2,2,1,1,9,2,2
SF,IF2005,2020-04-13 09:49:01.600,3725.0000,10293,1,1334877660.000,1,1,0,双开,S,3724.6000,3724.0000,3723.8000,3723.2000,3722.8000,3725.6000,3725.8000,3726.0000,3728.0000,3728.2000,1,2,2,1,4,1,1,9,2,2
SF,IF2005,2020-04-13 09:49:02.100,3725.8000,10292,-1,1337113080.000,2,0,2,多平,S,3725.6000,3724.8000,3724.6000,3724.0000,3723.8000,3726.0000,3728.0000,3728.2000,3729.0000,3729.2000,1,1,1,2,2,9,2,2,1,2
SF,IF2005,2020-04-13 09:49:02.600,3726.0000,10292,0,1340466480.000,3,1,2,多换,S,3725.6000,3724.8000,3724.6000,3724.0000,3723.8000,3726.0000,3728.0000,3728.2000,3729.0000,3729.2000,2,3,2,1,2,6,2,2,1,2
SF,IF2005,2020-04-13 09:49:03.100,3726.0000,10293,1,1342702080.000,2,1,1,空开,S,3725.6000,3724.8000,3724.6000,3724.0000,3723.8000,3726.0000,3728.0000,3728.2000,3729.0000,3729.2000,1,1,2,3,2,4,2,2,1,2
SF,IF2005,2020-04-13 09:49:03.600,3726.0000,10293,0,1347173280.000,4,2,2,多换,S,3726.0000,3725.6000,3724.8000,3724.6000,3724.0000,3728.0000,3728.2000,3729.0000,3729.2000,3729.6000,2,1,1,2,3,2,2,1,2,2
SF,IF2005,2020-04-13 09:49:04.100,3726.0000,10293,0,1347173280.000,0,-,-,-,-,3726.2000,3726.0000,3725.6000,3724.6000,3724.0000,3727.8000,3728.0000,3728.2000,3729.0000,3729.2000,1,2,1,1,3,4,4,2,1,2
SF,IF2005,2020-04-13 09:49:04.600,3726.0000,10291,-2,1350526680.000,3,0,3,多平,S,3725.6000,3724.6000,3724.0000,3723.8000,3723.2000,3726.0000,3727.6000,3727.8000,3728.0000,3728.2000,1,1,3,2,1,1,2,4,3,2
SF,IF2005,2020-04-13 09:49:05.100,3726.0000,10291,0,1350526680.000,0,-,-,-,-,3724.6000,3724.0000,3723.8000,3723.2000,3722.8000,3726.0000,3727.6000,3727.8000,3728.0000,3728.2000,1,3,2,1,4,1,1,3,3,2
SF,IF2005,2020-04-13 09:49:05.600,3726.0000,10291,0,1350526680.000,0,-,-,-,-,3724.8000,3724.6000,3724.0000,3723.8000,3723.2000,3725.8000,3726.0000,3727.6000,3727.8000,3728.0000,1,1,3,2,1,1,2,1,2,3
SF,IF2005,2020-04-13 09:49:06.100,3726.0000,10291,0,1350526680.000,0,-,-,-,-,3724.8000,3724.6000,3724.0000,3723.8000,3723.2000,3725.6000,3725.8000,3726.0000,3727.6000,3727.8000,1,1,1,2,1,1,2,1,1,2
SF,IF2005,2020-04-13 09:49:06.600,3726.0000,10291,0,1350526680.000,0,-,-,-,-,3724.8000,3724.6000,3724.0000,3723.8000,3723.2000,3725.6000,3725.8000,3726.0000,3727.6000,3728.0000,1,1,1,2,1,1,1,1,1,3
SF,IF2005,2020-04-13 09:49:07.600,3726.0000,10291,0,1350526680.000,0,-,-,-,-,3724.8000,3724.6000,3724.0000,3723.8000,3723.2000,3725.8000,3726.0000,3727.6000,3728.0000,3728.2000,2,1,1,2,1,1,1,1,3,2
SF,IF2005,2020-04-13 09:49:08.100,3725.8000,10290,-1,1351644420.000,1,0,1,双平,S,3724.8000,3724.6000,3724.0000,3723.8000,3723.2000,3726.0000,3727.6000,3728.0000,3728.2000,3729.0000,2,1,1,2,1,1,1,3,2,1
SF,IF2005,2020-04-13 09:49:09.100,3726.0000,10290,0,1352762220.000,1,0,1,多换,S,3725.0000,3724.8000,3724.6000,3724.0000,3723.8000,3727.6000,3728.0000,3728.2000,3729.0000,3729.2000,2,2,1,1,2,1,3,2,1,2
SF,IF2005,2020-04-13 09:49:09.600,3726.0000,10290,0,1352762220.000,0,-,-,-,-,3726.6000,3726.0000,3725.4000,3725.2000,3725.0000,3727.4000,3728.0000,3728.2000,3729.0000,3729.2000,1,2,2,5,7,1,2,2,1,2
SF,IF2005,2020-04-13 09:49:10.100,3726.0000,10290,0,1352762220.000,0,-,-,-,-,3726.6000,3726.0000,3725.8000,3725.4000,3725.2000,3727.4000,3728.0000,3728.2000,3729.0000,3729.2000,2,2,1,1,4,1,2,2,1,2
SF,IF2005,2020-04-13 09:49:10.600,3727.4000,10289,-1,1353880440.000,1,0,1,双平,S,3726.8000,3726.6000,3726.4000,3726.0000,3725.8000,3728.0000,3728.2000,3729.0000,3729.2000,3729.6000,1,2,1,1,1,2,2,1,2,2
SF,IF2005,2020-04-13 09:49:11.100,3727.4000,10289,0,1353880440.000,0,-,-,-,-,3726.8000,3726.6000,3726.4000,3726.0000,3725.8000,3728.0000,3728.2000,3729.0000,3729.2000,3729.6000,2,1,1,1,1,2,2,1,2,2
SF,IF2005,2020-04-13 09:49:11.600,3727.8000,10290,1,1354998780.000,1,1,0,双开,S,3726.8000,3726.6000,3726.0000,3725.8000,3725.4000,3728.0000,3728.2000,3729.0000,3729.2000,3729.6000,2,1,1,1,1,2,2,1,2,2
SF,IF2005,2020-04-13 09:49:12.100,3726.8000,10290,0,1356116820.000,1,0,1,多换,S,3726.8000,3726.6000,3726.0000,3725.8000,3725.4000,3728.0000,3728.2000,3729.0000,3729.2000,3729.6000,1,1,1,1,1,2,2,1,2,2
SF,IF2005,2020-04-13 09:49:12.600,3726.8000,10290,0,1356116820.000,0,-,-,-,-,3726.8000,3726.6000,3726.0000,3725.4000,3725.2000,3727.8000,3728.0000,3728.2000,3729.0000,3729.2000,1,1,1,1,3,2,2,2,1,2
SF,IF2005,2020-04-13 09:49:13.100,3726.8000,10290,0,1357234860.000,1,0,1,多换,S,3725.4000,3725.2000,3725.0000,3724.6000,3724.4000,3726.8000,3727.8000,3728.0000,3728.2000,3729.0000,1,1,2,1,2,1,2,2,2,1
SF,IF2005,2020-04-13 09:49:13.600,3726.8000,10290,0,1357234860.000,0,-,-,-,-,3725.8000,3725.6000,3725.4000,3725.2000,3725.0000,3726.8000,3727.8000,3728.0000,3728.2000,3729.0000,1,1,1,1,1,2,1,2,2,1
SF,IF2005,2020-04-13 09:49:14.100,3726.8000,10290,0,1357234860.000,0,-,-,-,-,3726.0000,3725.8000,3725.4000,3725.0000,3724.6000,3726.8000,3727.8000,3728.0000,3728.2000,3729.0000,1,2,2,1,1,2,1,2,2,1
SF,IF2005,2020-04-13 09:49:15.100,3726.8000,10289,-1,1359470940.000,2,0,2,多平,S,3726.2000,3726.0000,3725.4000,3725.0000,3724.6000,3727.8000,3728.0000,3728.2000,3729.0000,3729.2000,1,1,2,1,1,1,2,2,1,2
SF,IF2005,2020-04-13 09:49:15.600,3726.8000,10289,0,1359470940.000,0,-,-,-,-,3726.4000,3726.2000,3725.4000,3725.0000,3724.6000,3727.8000,3728.0000,3728.2000,3729.0000,3729.2000,1,2,2,1,1,1,2,2,1,2
SF,IF2005,2020-04-13 09:49:16.100,3726.8000,10289,0,1359470940.000,0,-,-,-,-,3726.4000,3725.4000,3725.0000,3724.6000,3724.4000,3727.6000,3727.8000,3728.0000,3728.2000,3729.0000,2,2,1,1,2,1,1,2,2,1
SF,IF2005,2020-04-13 09:49:16.600,3726.8000,10289,0,1359470940.000,0,-,-,-,-,3726.6000,3726.4000,3725.4000,3725.0000,3724.6000,3727.6000,3727.8000,3728.0000,3728.2000,3729.0000,1,2,2,1,1,1,1,2,2,1
SF,IF2005,2020-04-13 09:49:17.100,3726.8000,10289,0,1359470940.000,0,-,-,-,-,3726.8000,3726.6000,3725.4000,3725.0000,3724.6000,3727.6000,3728.0000,3728.2000,3729.0000,3729.2000,1,2,2,1,1,1,2,2,1,2
SF,IF2005,2020-04-13 09:49:17.600,3726.8000,10289,0,1359470940.000,0,-,-,-,-,3725.4000,3725.0000,3724.6000,3724.0000,3723.8000,3726.6000,3727.6000,3728.0000,3728.2000,3729.0000,2,1,1,1,1,1,1,2,2,1
SF,IF2005,2020-04-13 09:49:18.100,3726.8000,10289,0,1359470940.000,0,-,-,-,-,3725.6000,3725.4000,3725.0000,3724.6000,3724.0000,3726.6000,3728.0000,3728.2000,3729.0000,3729.2000,3,3,1,1,1,1,2,2,1,2
SF,IF2005,2020-04-13 09:49:18.600,3726.8000,10289,0,1360588980.000,1,0,1,多换,S,3726.6000,3726.0000,3725.8000,3725.6000,3725.4000,3728.0000,3728.2000,3729.0000,3729.2000,3729.6000,2,1,6,6,1,2,2,1,2,2
SF,IF2005,2020-04-13 09:49:19.100,3726.8000,10289,0,1360588980.000,0,-,-,-,-,3727.0000,3726.8000,3726.6000,3726.0000,3725.8000,3728.0000,3728.2000,3729.0000,3729.2000,3729.6000,1,1,7,4,6,2,2,1,2,2
SF,IF2005,2020-04-13 09:49:19.600,3726.8000,10289,0,1360588980.000,0,-,-,-,-,3727.0000,3726.8000,3726.6000,3726.0000,3725.8000,3728.0000,3728.2000,3729.0000,3729.2000,3729.6000,4,1,2,2,6,2,2,1,2,2
SF,IF2005,2020-04-13 09:49:20.100,3726.8000,10289,0,1360588980.000,0,-,-,-,-,3727.2000,3727.0000,3726.8000,3726.6000,3726.0000,3728.0000,3728.2000,3729.0000,3729.2000,3729.6000,3,2,1,2,2,2,2,1,2,2
SF,IF2005,2020-04-13 09:49:20.600,3728.0000,10290,1,1361707380.000,1,1,0,双开,S,3727.2000,3727.0000,3726.8000,3726.6000,3726.0000,3728.0000,3728.2000,3729.0000,3729.2000,3729.6000,3,2,1,2,2,1,2,1,2,2
SF,IF2005,2020-04-13 09:49:21.100,3728.0000,10290,0,1362825780.000,1,0,1,多换,S,3727.2000,3727.0000,3726.8000,3726.6000,3726.0000,3728.2000,3729.0000,3729.2000,3729.6000,3729.8000,3,2,1,1,2,2,1,2,2,4
SF,IF2005,2020-04-13 09:49:21.600,3728.2000,10290,0,1365062700.000,2,1,1,多换,S,3728.0000,3727.4000,3727.2000,3727.0000,3726.8000,3729.0000,3729.2000,3729.6000,3729.8000,3730.0000,1,3,2,2,1,1,2,2,4,15
SF,IF2005,2020-04-13 09:49:22.100,3728.2000,10290,0,1365062700.000,0,-,-,-,-,3728.0000,3727.4000,3727.2000,3727.0000,3726.8000,3729.0000,3729.2000,3729.6000,3729.8000,3730.0000,2,1,1,2,1,1,2,2,5,15
SF,IF2005,2020-04-13 09:49:22.600,3728.2000,10290,0,1365062700.000,0,-,-,-,-,3728.4000,3728.2000,3728.0000,3727.4000,3727.0000,3729.0000,3729.2000,3729.6000,3729.8000,3730.0000,1,1,1,1,2,1,2,2,5,15
SF,IF2005,2020-04-13 09:49:23.100,3728.4000,10290,0,1366181220.000,1,0,1,多换,S,3728.4000,3728.2000,3727.4000,3727.0000,3726.8000,3729.0000,3729.2000,3729.6000,3729.8000,3730.0000,1,2,1,2,1,1,2,2,5,15
SF,IF2005,2020-04-13 09:49:23.600,3729.0000,10291,1,1367299920.000,1,1,0,双开,S,3728.4000,3728.2000,3727.4000,3727.0000,3726.8000,3729.2000,3729.6000,3729.8000,3730.0000,3731.0000,1,2,1,2,1,2,2,5,15,2
SF,IF2005,2020-04-13 09:49:24.100,3729.0000,10291,0,1367299920.000,0,-,-,-,-,3729.0000,3728.4000,3728.2000,3727.4000,3727.0000,3729.2000,3729.6000,3729.8000,3730.0000,3731.0000,1,1,2,1,2,2,2,5,15,2
SF,IF2005,2020-04-13 09:49:24.600,3729.0000,10291,0,1368418620.000,1,0,1,多换,S,3728.2000,3727.4000,3727.0000,3726.8000,3726.6000,3729.0000,3729.2000,3729.6000,3729.8000,3730.0000,1,1,2,1,1,4,2,2,5,15
SF,IF2005,2020-04-13 09:49:25.100,3729.0000,10291,0,1368418620.000,0,-,-,-,-,3728.2000,3727.4000,3727.0000,3726.8000,3726.6000,3729.0000,3729.2000,3729.6000,3729.8000,3730.0000,1,1,2,1,1,3,2,2,5,15
SF,IF2005,2020-04-13 09:49:25.600,3728.2000,10291,0,1369537080.000,1,0,1,多换,S,3727.4000,3727.0000,3726.8000,3726.6000,3726.0000,3729.0000,3729.2000,3729.6000,3729.8000,3730.0000,1,2,1,1,2,3,2,2,5,15
SF,IF2005,2020-04-13 09:49:26.100,3728.2000,10291,0,1369537080.000,0,-,-,-,-,3727.6000,3727.4000,3727.0000,3726.8000,3726.6000,3728.8000,3729.0000,3729.2000,3729.6000,3729.8000,3,1,2,1,1,1,3,2,2,5
SF,IF2005,2020-04-13 09:49:26.600,3728.2000,10291,0,1369537080.000,0,-,-,-,-,3727.6000,3727.4000,3727.0000,3726.8000,3726.6000,3728.8000,3729.0000,3729.2000,3729.6000,3729.8000,1,1,2,1,1,1,3,2,2,5
SF,IF2005,2020-04-13 09:49:27.100,3728.2000,10291,0,1369537080.000,0,-,-,-,-,3727.0000,3726.8000,3726.6000,3726.0000,3725.8000,3728.8000,3729.0000,3729.2000,3729.6000,3729.8000,2,1,1,2,4,1,3,2,2,5
SF,IF2005,2020-04-13 09:49:27.600,3728.2000,10291,0,1369537080.000,0,-,-,-,-,3727.2000,3726.8000,3726.6000,3726.0000,3725.8000,3727.6000,3728.8000,3729.0000,3729.2000,3729.6000,1,1,1,1,4,1,1,3,2,2
SF,IF2005,2020-04-13 09:49:28.100,3728.2000,10291,0,1369537080.000,0,-,-,-,-,3727.2000,3726.8000,3726.6000,3726.0000,3725.8000,3727.6000,3728.8000,3729.0000,3729.2000,3729.6000,1,1,1,1,4,1,1,3,2,2
SF,IF2005,2020-04-13 09:49:28.600,3727.6000,10292,1,1371773700.000,2,1,1,空开,S,3727.2000,3726.8000,3726.6000,3726.0000,3725.8000,3728.8000,3729.0000,3729.2000,3729.6000,3729.8000,1,1,1,1,4,1,3,2,2,5
SF,IF2005,2020-04-13 09:49:29.100,3727.2000,10292,0,1372891860.000,1,0,1,多换,S,3726.8000,3726.6000,3726.0000,3725.8000,3725.6000,3728.8000,3729.0000,3729.2000,3729.6000,3729.8000,1,1,1,4,2,1,2,2,2,5
SF,IF2005,2020-04-13 09:49:29.600,3727.2000,10292,0,1372891860.000,0,-,-,-,-,3727.4000,3727.0000,3726.8000,3726.6000,3726.0000,3728.8000,3729.0000,3729.2000,3729.6000,3729.8000,1,3,1,1,1,2,1,2,2,5
SF,IF2005,2020-04-13 09:49:30.100,3727.2000,10292,0,1372891860.000,0,-,-,-,-,3727.6000,3727.4000,3727.0000,3726.8000,3726.6000,3728.8000,3729.0000,3729.2000,3729.6000,3729.8000,1,1,2,1,1,2,1,2,2,5
SF,IF2005,2020-04-13 09:49:30.600,3727.2000,10292,0,1372891860.000,0,-,-,-,-,3727.6000,3727.4000,3727.0000,3726.8000,3726.6000,3728.8000,3729.0000,3729.2000,3729.6000,3729.8000,1,1,1,1,1,2,1,2,2,5
SF,IF2005,2020-04-13 09:49:31.100,3727.2000,10292,0,1372891860.000,0,-,-,-,-,3727.6000,3727.0000,3726.8000,3726.6000,3726.0000,3728.8000,3729.0000,3729.2000,3729.6000,3729.8000,1,1,1,1,1,2,1,2,2,5
SF,IF2005,2020-04-13 09:49:31.600,3727.6000,10293,1,1374010140.000,1,1,0,双开,S,3727.8000,3727.6000,3727.0000,3726.8000,3726.6000,3728.8000,3729.2000,3729.6000,3729.8000,3730.0000,1,1,1,1,1,2,2,2,5,15
SF,IF2005,2020-04-13 09:49:32.100,3727.6000,10293,0,1374010140.000,0,-,-,-,-,3727.8000,3727.0000,3726.8000,3726.6000,3726.0000,3728.8000,3729.2000,3729.6000,3729.8000,3730.0000,1,1,1,1,1,2,2,2,5,15
SF,IF2005,2020-04-13 09:49:33.100,3727.6000,10293,0,1374010140.000,0,-,-,-,-,3727.8000,3727.0000,3726.8000,3726.6000,3726.0000,3728.8000,3729.2000,3729.6000,3729.8000,3730.0000,1,1,1,1,1,2,2,2,5,15
SF,IF2005,2020-04-13 09:49:33.600,3727.6000,10293,0,1374010140.000,0,-,-,-,-,3727.0000,3726.8000,3726.6000,3726.0000,3725.8000,3728.8000,3729.2000,3729.6000,3729.8000,3730.0000,1,1,1,1,4,2,2,2,5,15
SF,IF2005,2020-04-13 09:49:34.100,3727.6000,10293,0,1374010140.000,0,-,-,-,-,3727.2000,3726.8000,3726.6000,3726.0000,3725.8000,3728.8000,3729.2000,3729.6000,3729.8000,3730.0000,1,1,1,1,4,2,2,2,5,15
SF,IF2005,2020-04-13 09:49:34.600,3727.6000,10293,0,1374010140.000,0,-,-,-,-,3727.2000,3726.8000,3726.6000,3726.0000,3725.8000,3728.8000,3729.2000,3729.6000,3729.8000,3730.0000,1,1,1,1,4,1,2,2,5,15
SF,IF2005,2020-04-13 09:49:35.100,3727.6000,10293,0,1374010140.000,0,-,-,-,-,3727.2000,3726.8000,3726.6000,3726.0000,3725.8000,3728.6000,3728.8000,3729.2000,3729.6000,3729.8000,1,1,1,1,4,1,1,2,2,5
SF,IF2005,2020-04-13 09:49:35.600,3727.6000,10293,0,1374010140.000,0,-,-,-,-,3727.4000,3726.6000,3726.0000,3725.8000,3725.6000,3728.4000,3728.6000,3729.2000,3729.6000,3729.8000,1,1,1,4,2,1,2,2,2,5
SF,IF2005,2020-04-13 09:49:36.100,3727.6000,10293,0,1374010140.000,0,-,-,-,-,3726.6000,3726.0000,3725.8000,3725.6000,3725.4000,3728.4000,3728.6000,3729.2000,3729.6000,3729.8000,1,1,4,2,1,1,2,2,2,5
SF,IF2005,2020-04-13 09:49:36.600,3727.6000,10293,0,1374010140.000,0,-,-,-,-,3726.8000,3726.6000,3726.0000,3725.8000,3725.6000,3727.4000,3728.4000,3728.6000,3729.2000,3729.6000,1,1,1,4,2,1,1,1,2,3
SF,IF2005,2020-04-13 09:49:37.100,3727.4000,10294,1,1375128360.000,1,1,0,双开,S,3726.8000,3726.6000,3726.0000,3725.8000,3725.6000,3728.4000,3728.6000,3729.2000,3729.6000,3729.8000,1,1,1,4,2,1,1,2,3,5
SF,IF2005,2020-04-13 09:49:37.600,3727.4000,10294,0,1375128360.000,0,-,-,-,-,3726.8000,3726.6000,3726.0000,3725.8000,3725.6000,3728.4000,3728.6000,3729.2000,3729.6000,3729.8000,1,1,1,4,2,1,1,2,3,5
SF,IF2005,2020-04-13 09:49:38.100,3727.4000,10294,0,1375128360.000,0,-,-,-,-,3727.0000,3726.8000,3726.6000,3726.0000,3725.8000,3728.2000,3728.4000,3728.6000,3729.2000,3729.6000,1,1,1,1,4,1,1,1,2,3
SF,IF2005,2020-04-13 09:49:38.600,3727.4000,10294,0,1375128360.000,0,-,-,-,-,3727.2000,3727.0000,3726.8000,3726.6000,3726.0000,3727.8000,3728.2000,3728.4000,3728.6000,3729.2000,1,2,1,1,1,1,1,1,1,2
SF,IF2005,2020-04-13 09:49:39.100,3727.4000,10294,0,1375128360.000,0,-,-,-,-,3727.2000,3727.0000,3726.8000,3726.6000,3726.0000,3727.8000,3728.2000,3728.4000,3728.6000,3729.2000,1,1,1,1,1,1,1,1,1,2
SF,IF2005,2020-04-13 09:49:39.600,3727.4000,10294,0,1375128360.000,0,-,-,-,-,3727.2000,3727.0000,3726.8000,3726.6000,3726.0000,3727.8000,3728.2000,3728.4000,3728.6000,3729.2000,1,1,1,1,1,1,1,1,1,2
SF,IF2005,2020-04-13 09:49:40.100,3727.4000,10294,0,1375128360.000,0,-,-,-,-,3727.2000,3727.0000,3726.8000,3726.6000,3726.0000,3727.8000,3728.2000,3728.4000,3729.2000,3729.6000,1,1,1,1,1,1,1,2,2,3
SF,IF2005,2020-04-13 09:49:41.100,3727.4000,10294,0,1375128360.000,0,-,-,-,-,3727.2000,3727.0000,3726.8000,3726.6000,3726.0000,3727.8000,3728.2000,3728.4000,3729.2000,3729.6000,1,1,1,1,3,1,1,2,2,3
SF,IF2005,2020-04-13 09:49:42.600,3727.4000,10294,0,1375128360.000,0,-,-,-,-,3727.2000,3727.0000,3726.8000,3726.6000,3726.0000,3727.8000,3728.2000,3728.4000,3728.6000,3729.2000,1,1,1,1,3,1,1,2,1,2
SF,IF2005,2020-04-13 09:49:43.600,3727.8000,10294,0,1376246700.000,1,0,1,多换,S,3727.0000,3726.8000,3726.6000,3726.0000,3725.8000,3728.2000,3728.4000,3728.6000,3729.2000,3729.6000,1,1,1,3,4,1,2,1,2,3
SF,IF2005,2020-04-13 09:49:44.100,3727.8000,10294,0,1376246700.000,0,-,-,-,-,3727.0000,3726.8000,3726.6000,3726.0000,3725.8000,3728.0000,3728.2000,3728.4000,3728.6000,3729.2000,1,1,1,3,4,1,1,1,1,2
SF,IF2005,2020-04-13 09:49:44.600,3727.8000,10294,0,1376246700.000,0,-,-,-,-,3727.2000,3727.0000,3726.8000,3726.6000,3726.0000,3728.0000,3728.2000,3728.4000,3728.6000,3729.2000,1,1,1,1,3,1,1,1,1,2
SF,IF2005,2020-04-13 09:49:45.100,3727.8000,10294,0,1376246700.000,0,-,-,-,-,3727.2000,3727.0000,3726.8000,3726.6000,3726.0000,3728.0000,3728.2000,3728.6000,3729.2000,3729.6000,1,1,1,1,3,1,1,1,2,3
SF,IF2005,2020-04-13 09:49:45.600,3727.8000,10294,0,1376246700.000,0,-,-,-,-,3727.2000,3727.0000,3726.8000,3726.6000,3726.0000,3728.0000,3728.2000,3728.6000,3729.2000,3729.6000,1,1,1,1,3,1,2,1,2,3
SF,IF2005,2020-04-13 09:49:46.100,3727.8000,10294,0,1376246700.000,0,-,-,-,-,3727.0000,3726.8000,3726.6000,3726.0000,3725.8000,3727.2000,3728.0000,3728.2000,3728.6000,3729.2000,1,1,1,3,4,1,1,2,1,2
SF,IF2005,2020-04-13 09:49:46.600,3727.2000,10294,0,1377364860.000,1,0,1,多换,S,3727.4000,3727.2000,3727.0000,3726.8000,3726.6000,3728.0000,3728.2000,3728.6000,3729.2000,3729.6000,1,1,1,1,1,1,2,1,2,3
SF,IF2005,2020-04-13 09:49:47.100,3727.2000,10294,0,1377364860.000,0,-,-,-,-,3727.2000,3727.0000,3726.8000,3726.6000,3726.0000,3728.0000,3728.2000,3728.6000,3729.2000,3729.6000,3,1,1,1,3,1,2,1,2,3
SF,IF2005,2020-04-13 09:49:47.600,3727.2000,10294,0,1377364860.000,0,-,-,-,-,3727.6000,3727.0000,3726.8000,3726.6000,3726.0000,3728.0000,3728.2000,3728.6000,3729.2000,3729.6000,1,1,1,1,3,11,2,1,2,3
SF,IF2005,2020-04-13 09:49:48.600,3727.6000,10294,0,1378483140.000,1,0,1,多换,S,3727.0000,3726.8000,3726.6000,3726.0000,3725.8000,3728.0000,3728.2000,3728.6000,3729.2000,3729.6000,1,1,1,3,4,11,2,1,2,3
SF,IF2005,2020-04-13 09:49:49.100,3728.0000,10294,0,1379601540.000,1,0,1,多换,S,3727.0000,3726.8000,3726.6000,3726.0000,3725.8000,3728.0000,3728.2000,3728.6000,3729.2000,3729.6000,1,1,1,3,4,10,2,1,2,3
SF,IF2005,2020-04-13 09:49:50.600,3728.0000,10294,0,1379601540.000,0,-,-,-,-,3727.0000,3726.8000,3726.6000,3726.0000,3725.8000,3728.0000,3728.2000,3728.6000,3729.2000,3729.6000,1,1,1,3,4,10,1,1,2,3
SF,IF2005,2020-04-13 09:49:51.100,3728.0000,10294,0,1379601540.000,0,-,-,-,-,3727.0000,3726.8000,3726.6000,3726.0000,3725.8000,3728.0000,3728.2000,3728.6000,3729.2000,3729.6000,1,1,1,2,2,11,1,1,2,3
SF,IF2005,2020-04-13 09:49:51.600,3727.0000,10294,0,1380719640.000,1,0,1,多换,S,3726.8000,3726.6000,3726.0000,3725.8000,3725.6000,3727.8000,3728.0000,3728.6000,3729.2000,3729.6000,1,1,2,2,1,2,11,1,2,3
SF,IF2005,2020-04-13 09:49:53.600,3727.8000,10295,1,1382956320.000,2,1,1,空开,S,3727.0000,3726.8000,3726.6000,3726.0000,3725.8000,3728.0000,3728.6000,3729.2000,3729.6000,3729.8000,1,1,1,2,2,11,1,2,3,5
SF,IF2005,2020-04-13 09:49:54.100,3727.8000,10295,0,1382956320.000,0,-,-,-,-,3727.0000,3726.8000,3726.6000,3726.0000,3725.8000,3728.0000,3728.6000,3729.2000,3729.6000,3729.8000,1,2,1,2,2,11,1,2,3,5
SF,IF2005,2020-04-13 09:49:54.600,3727.0000,10295,0,1384074420.000,1,0,1,多换,S,3726.8000,3726.6000,3726.0000,3725.8000,3725.6000,3728.0000,3728.6000,3729.2000,3729.6000,3729.8000,2,1,2,2,1,11,1,2,3,5
SF,IF2005,2020-04-13 09:49:55.100,3727.0000,10296,1,1385192520.000,1,1,0,双开,S,3726.8000,3726.6000,3726.0000,3725.8000,3725.6000,3727.0000,3727.8000,3728.0000,3728.6000,3729.2000,2,1,2,2,1,4,1,11,1,2
SF,IF2005,2020-04-13 09:49:55.600,3727.0000,10297,1,1389664920.000,4,2,2,空开,S,3727.0000,3726.8000,3726.6000,3726.0000,3725.8000,3727.8000,3728.0000,3728.6000,3729.2000,3729.6000,2,2,1,2,2,1,11,1,2,3
SF,IF2005,2020-04-13 09:49:56.100,3727.0000,10297,0,1389664920.000,0,-,-,-,-,3727.0000,3726.8000,3726.6000,3726.0000,3725.8000,3727.8000,3728.0000,3728.6000,3729.2000,3729.6000,2,2,1,2,2,2,10,1,2,3
SF,IF2005,2020-04-13 09:49:56.600,3727.0000,10297,0,1390783020.000,1,0,1,多换,S,3727.4000,3726.8000,3726.6000,3726.0000,3725.8000,3727.8000,3728.0000,3728.6000,3729.2000,3729.6000,1,2,1,2,2,2,10,1,2,3
SF,IF2005,2020-04-13 09:49:57.100,3727.8000,10297,0,1393019580.000,2,1,1,多换,S,3726.8000,3726.6000,3726.0000,3725.8000,3725.6000,3727.8000,3728.0000,3728.6000,3729.2000,3729.6000,2,1,2,2,1,1,10,1,2,3
SF,IF2005,2020-04-13 09:49:57.600,3727.8000,10297,0,1393019580.000,0,-,-,-,-,3726.8000,3726.6000,3726.0000,3725.8000,3725.6000,3727.4000,3727.8000,3728.0000,3728.6000,3729.2000,2,1,2,2,1,1,1,10,1,2
SF,IF2005,2020-04-13 09:49:58.100,3727.4000,10297,0,1394137800.000,1,0,1,多换,S,3726.8000,3726.6000,3726.0000,3725.8000,3725.6000,3727.8000,3728.0000,3728.6000,3729.2000,3729.6000,2,1,2,2,1,1,10,1,2,3
SF,IF2005,2020-04-13 09:49:58.600,3727.4000,10297,0,1394137800.000,0,-,-,-,-,3727.4000,3726.8000,3726.6000,3726.0000,3725.8000,3727.8000,3728.0000,3728.6000,3729.2000,3729.6000,1,2,1,2,2,1,10,1,2,3
SF,IF2005,2020-04-13 09:49:59.100,3727.8000,10298,1,1396374360.000,2,1,1,空开,S,3727.8000,3727.0000,3726.8000,3726.6000,3726.0000,3728.0000,3728.6000,3729.2000,3729.6000,3729.8000,2,1,2,1,2,11,1,2,3,5
SF,IF2005,2020-04-13 09:49:59.600,3726.8000,10296,-2,1399729080.000,3,0,3,多平,S,3726.6000,3726.0000,3725.8000,3725.6000,3725.4000,3727.8000,3728.0000,3728.6000,3729.2000,3729.6000,1,2,2,1,1,1,11,1,2,3
SF,IF2005,2020-04-13 09:50:00.100,3726.8000,10296,0,1399729080.000,0,-,-,-,-,3726.8000,3726.6000,3726.0000,3725.8000,3725.6000,3727.8000,3728.0000,3728.6000,3729.2000,3729.6000,2,1,2,2,1,2,11,1,2,3
SF,IF2005,2020-04-13 09:50:00.600,3727.8000,10297,1,1400847420.000,1,1,0,双开,S,3727.0000,3726.8000,3726.6000,3726.0000,3725.8000,3727.8000,3728.0000,3728.6000,3729.2000,3729.6000,1,3,1,2,2,1,11,1,2,3
SF,IF2005,2020-04-13 09:50:01.100,3727.8000,10297,0,1400847420.000,0,-,-,-,-,3727.0000,3726.8000,3726.6000,3726.0000,3725.8000,3727.8000,3728.0000,3728.6000,3729.2000,3729.6000,1,4,1,2,2,1,11,1,2,3
SF,IF2005,2020-04-13 09:50:01.600,3727.8000,10297,0,1400847420.000,0,-,-,-,-,3726.8000,3726.6000,3726.0000,3725.8000,3725.6000,3727.8000,3728.0000,3728.6000,3729.2000,3729.6000,3,1,2,2,1,1,11,1,2,3
SF,IF2005,2020-04-13 09:50:02.100,3727.8000,10297,0,1400847420.000,0,-,-,-,-,3726.8000,3726.6000,3726.0000,3725.8000,3725.6000,3727.6000,3727.8000,3728.0000,3728.6000,3729.2000,3,1,2,2,1,2,1,11,1,2
SF,IF2005,2020-04-13 09:50:02.600,3727.6000,10296,-1,1403083980.000,2,0,2,多平,S,3726.8000,3726.6000,3726.0000,3725.8000,3725.6000,3727.8000,3728.0000,3728.6000,3729.2000,3729.6000,3,1,2,2,1,1,11,1,2,3
SF,IF2005,2020-04-13 09:50:03.600,3727.6000,10296,0,1403083980.000,0,-,-,-,-,3726.8000,3726.6000,3725.8000,3725.6000,3725.4000,3727.8000,3728.0000,3728.6000,3729.2000,3729.6000,2,1,2,1,1,1,11,1,2,3
SF,IF2005,2020-04-13 09:50:04.600,3727.8000,10297,1,1404202320.000,1,1,0,双开,S,3726.8000,3726.6000,3725.8000,3725.6000,3725.4000,3728.0000,3728.6000,3729.2000,3729.6000,3729.8000,2,1,2,1,1,11,1,2,3,5
SF,IF2005,2020-04-13 09:50:05.100,3726.8000,10297,0,1405320360.000,1,0,1,多换,S,3726.6000,3725.8000,3725.6000,3725.4000,3725.0000,3727.8000,3728.0000,3728.6000,3729.2000,3729.6000,1,2,1,1,1,2,11,1,2,3
SF,IF2005,2020-04-13 09:50:05.600,3726.8000,10297,0,1405320360.000,0,-,-,-,-,3726.8000,3726.6000,3725.8000,3725.6000,3725.4000,3727.8000,3728.0000,3728.6000,3729.2000,3729.6000,1,1,2,1,1,1,11,1,2,3
SF,IF2005,2020-04-13 09:50:07.100,3726.8000,10297,0,1406438400.000,1,0,1,多换,S,3725.8000,3725.6000,3725.4000,3725.0000,3724.6000,3727.8000,3728.0000,3728.6000,3729.2000,3729.6000,2,1,1,1,1,1,11,1,2,3
SF,IF2005,2020-04-13 09:50:07.600,3726.8000,10297,0,1406438400.000,0,-,-,-,-,3726.2000,3726.0000,3725.8000,3725.6000,3725.4000,3727.6000,3727.8000,3728.0000,3728.6000,3729.2000,1,3,2,1,1,1,1,11,1,2
SF,IF2005,2020-04-13 09:50:08.100,3726.8000,10297,0,1406438400.000,0,-,-,-,-,3726.2000,3726.0000,3725.8000,3725.6000,3725.4000,3727.4000,3727.6000,3728.0000,3728.6000,3729.2000,1,3,2,1,1,1,1,11,1,2
SF,IF2005,2020-04-13 09:50:09.600,3726.8000,10297,0,1406438400.000,0,-,-,-,-,3726.4000,3726.2000,3726.0000,3725.8000,3725.6000,3727.4000,3727.6000,3728.0000,3728.6000,3729.2000,1,1,2,2,1,1,1,11,1,2
SF,IF2005,2020-04-13 09:50:10.100,3727.6000,10297,0,1407556680.000,1,0,1,多换,S,3726.8000,3726.4000,3726.2000,3726.0000,3725.8000,3728.0000,3728.6000,3729.2000,3729.6000,3729.8000,1,1,1,2,2,11,1,2,3,5
SF,IF2005,2020-04-13 09:50:10.600,3727.6000,10297,0,1407556680.000,0,-,-,-,-,3727.4000,3726.8000,3726.4000,3726.2000,3726.0000,3727.8000,3728.0000,3728.6000,3729.2000,3729.6000,1,1,3,1,2,1,11,1,2,3
SF,IF2005,2020-04-13 09:50:11.100,3727.4000,10298,1,1408674900.000,1,1,0,双开,S,3726.4000,3726.0000,3725.8000,3725.6000,3725.4000,3727.8000,3728.0000,3728.6000,3729.2000,3729.6000,3,2,2,1,1,1,11,1,2,3
SF,IF2005,2020-04-13 09:50:11.600,3727.4000,10298,0,1408674900.000,0,-,-,-,-,3726.8000,3726.6000,3726.4000,3726.0000,3725.8000,3727.8000,3728.0000,3728.6000,3729.2000,3729.6000,1,2,3,1,2,1,11,1,2,3
SF,IF2005,2020-04-13 09:50:12.100,3727.4000,10298,0,1408674900.000,0,-,-,-,-,3726.8000,3726.6000,3726.4000,3726.0000,3725.8000,3727.8000,3728.0000,3728.6000,3729.2000,3729.6000,2,2,1,1,2,1,11,1,2,3
SF,IF2005,2020-04-13 09:50:12.600,3727.4000,10298,0,1408674900.000,0,-,-,-,-,3726.8000,3726.6000,3726.0000,3725.8000,3725.6000,3727.8000,3728.0000,3728.6000,3729.2000,3729.6000,5,3,1,2,1,1,11,1,2,3
SF,IF2005,2020-04-13 09:50:13.100,3727.4000,10298,0,1408674900.000,0,-,-,-,-,3726.8000,3726.6000,3726.0000,3725.8000,3725.6000,3727.2000,3727.8000,3728.0000,3728.6000,3729.2000,4,3,1,2,1,1,1,11,1,2
SF,IF2005,2020-04-13 09:50:13.600,3727.2000,10298,0,1409793060.000,1,0,1,多换,S,3726.8000,3726.6000,3726.0000,3725.8000,3725.6000,3727.8000,3728.0000,3728.6000,3729.2000,3729.6000,4,3,1,2,1,1,11,1,2,3
SF,IF2005,2020-04-13 09:50:14.100,3726.8000,10294,-4,1414265220.000,4,0,4,双平,S,3726.6000,3726.0000,3725.8000,3725.6000,3725.4000,3726.8000,3727.6000,3727.8000,3728.0000,3728.6000,2,1,2,1,1,1,1,1,11,1
SF,IF2005,2020-04-13 09:50:14.600,3726.8000,10294,0,1414265220.000,0,-,-,-,-,3726.0000,3725.8000,3725.6000,3725.4000,3725.0000,3726.8000,3727.6000,3727.8000,3728.0000,3728.6000,1,2,1,1,1,1,3,1,11,1
SF,IF2005,2020-04-13 09:50:15.100,3726.8000,10295,1,1415383260.000,1,1,0,双开,S,3725.6000,3725.4000,3725.0000,3724.6000,3723.8000,3727.6000,3727.8000,3728.0000,3728.6000,3729.2000,1,1,1,1,6,1,1,11,1,2
SF,IF2005,2020-04-13 09:50:15.600,3725.8000,10295,0,1416501000.000,1,0,1,多换,S,3725.8000,3725.6000,3725.4000,3725.0000,3724.6000,3727.0000,3727.4000,3727.6000,3727.8000,3728.0000,1,1,1,2,1,5,1,1,1,11
SF,IF2005,2020-04-13 09:50:16.100,3725.8000,10295,0,1416501000.000,0,-,-,-,-,3726.0000,3725.8000,3725.6000,3725.4000,3725.0000,3727.0000,3727.4000,3727.6000,3727.8000,3728.0000,2,1,1,1,2,5,1,1,1,11
SF,IF2005,2020-04-13 09:50:16.600,3727.0000,10296,1,1418737200.000,2,1,1,空开,S,3726.0000,3725.8000,3725.6000,3725.4000,3725.0000,3727.0000,3727.4000,3727.6000,3727.8000,3728.0000,2,2,1,1,2,3,1,1,1,11
SF,IF2005,2020-04-13 09:50:17.100,3727.0000,10296,0,1418737200.000,0,-,-,-,-,3726.4000,3726.0000,3725.8000,3725.6000,3725.4000,3727.0000,3727.6000,3727.8000,3728.0000,3728.6000,1,2,2,1,1,3,1,1,11,1
SF,IF2005,2020-04-13 09:50:17.600,3727.0000,10296,0,1418737200.000,0,-,-,-,-,3725.8000,3725.6000,3725.4000,3725.0000,3724.6000,3726.8000,3727.0000,3727.6000,3727.8000,3728.0000,2,1,1,2,1,1,3,1,1,11
SF,IF2005,2020-04-13 09:50:18.100,3727.0000,10296,0,1418737200.000,0,-,-,-,-,3725.8000,3725.6000,3725.4000,3725.0000,3724.6000,3726.8000,3727.0000,3727.6000,3727.8000,3728.0000,2,1,2,2,1,1,3,1,1,11
SF,IF2005,2020-04-13 09:50:19.100,3726.8000,10296,0,1419855240.000,1,0,1,多换,S,3726.0000,3725.8000,3725.6000,3725.4000,3725.0000,3727.0000,3727.6000,3727.8000,3728.0000,3728.6000,1,2,1,2,2,3,1,1,11,1
SF,IF2005,2020-04-13 09:50:19.600,3726.8000,10296,0,1419855240.000,0,-,-,-,-,3726.0000,3725.8000,3725.6000,3725.4000,3725.0000,3727.0000,3727.6000,3727.8000,3728.0000,3728.6000,2,2,1,1,2,3,1,1,11,1
SF,IF2005,2020-04-13 09:50:20.100,3727.0000,10297,1,1420973340.000,1,1,0,双开,S,3726.0000,3725.8000,3725.6000,3725.4000,3725.0000,3727.0000,3727.6000,3727.8000,3728.0000,3728.6000,3,2,3,1,2,2,1,1,11,1
SF,IF2005,2020-04-13 09:50:20.600,3727.0000,10297,0,1420973340.000,0,-,-,-,-,3726.0000,3725.8000,3725.6000,3725.4000,3725.0000,3727.0000,3727.6000,3727.8000,3728.0000,3728.6000,2,2,3,1,2,2,1,1,11,1
SF,IF2005,2020-04-13 09:50:21.600,3727.0000,10297,0,1420973340.000,0,-,-,-,-,3726.0000,3725.8000,3725.6000,3725.4000,3725.0000,3726.8000,3727.0000,3727.6000,3727.8000,3728.0000,2,2,3,1,2,2,2,1,1,11
SF,IF2005,2020-04-13 09:50:22.100,3727.0000,10297,0,1420973340.000,0,-,-,-,-,3726.0000,3725.8000,3725.6000,3725.4000,3725.0000,3726.8000,3727.0000,3727.6000,3727.8000,3728.0000,2,1,1,1,2,2,2,1,1,11
SF,IF2005,2020-04-13 09:50:22.600,3727.0000,10297,0,1420973340.000,0,-,-,-,-,3726.0000,3725.8000,3725.6000,3725.4000,3725.0000,3726.8000,3727.0000,3727.4000,3727.6000,3727.8000,2,1,1,1,2,1,2,1,1,1
SF,IF2005,2020-04-13 09:50:23.100,3726.0000,10297,0,1422091140.000,1,0,1,多换,S,3725.6000,3725.4000,3725.0000,3724.6000,3723.8000,3726.8000,3727.0000,3727.4000,3727.6000,3727.8000,1,1,2,1,1,1,2,1,1,1
SF,IF2005,2020-04-13 09:50:23.600,3726.0000,10297,0,1422091140.000,0,-,-,-,-,3725.4000,3725.0000,3724.6000,3723.8000,3722.8000,3726.6000,3726.8000,3727.0000,3727.4000,3727.8000,1,2,1,1,2,1,1,2,1,1
SF,IF2005,2020-04-13 09:50:24.100,3726.0000,10297,0,1422091140.000,0,-,-,-,-,3725.6000,3725.4000,3725.0000,3724.6000,3723.8000,3726.6000,3726.8000,3727.0000,3727.4000,3727.8000,1,1,2,1,1,2,1,2,1,1
SF,IF2005,2020-04-13 09:50:24.600,3726.0000,10297,0,1422091140.000,0,-,-,-,-,3725.6000,3725.4000,3725.0000,3724.6000,3724.0000,3726.6000,3726.8000,3727.0000,3727.4000,3727.8000,1,1,2,1,1,2,1,2,1,1
SF,IF2005,2020-04-13 09:50:26.600,3726.0000,10297,0,1422091140.000,0,-,-,-,-,3725.6000,3725.4000,3725.0000,3724.6000,3724.0000,3726.6000,3726.8000,3727.0000,3727.4000,3727.6000,1,1,2,1,1,2,1,2,1,5
SF,IF2005,2020-04-13 09:50:28.100,3726.0000,10297,0,1422091140.000,0,-,-,-,-,3725.6000,3725.4000,3725.0000,3724.6000,3724.0000,3726.6000,3726.8000,3727.0000,3727.4000,3727.6000,1,1,2,1,1,1,1,2,1,5
SF,IF2005,2020-04-13 09:50:29.100,3726.0000,10297,0,1422091140.000,0,-,-,-,-,3725.6000,3725.4000,3725.0000,3724.6000,3724.0000,3726.4000,3726.6000,3726.8000,3727.0000,3727.4000,1,1,2,1,1,1,1,1,2,1
SF,IF2005,2020-04-13 09:50:29.600,3726.0000,10297,0,1422091140.000,0,-,-,-,-,3725.6000,3725.4000,3725.0000,3724.6000,3723.8000,3726.4000,3726.6000,3726.8000,3727.0000,3727.4000,1,1,2,1,1,1,1,1,2,1
SF,IF2005,2020-04-13 09:50:30.100,3726.0000,10297,0,1422091140.000,0,-,-,-,-,3726.4000,3725.8000,3725.6000,3725.4000,3725.0000,3726.6000,3726.8000,3727.0000,3727.4000,3727.6000,1,1,1,1,2,1,1,2,1,5
SF,IF2005,2020-04-13 09:50:30.600,3726.4000,10297,0,1423209060.000,1,0,1,多换,S,3725.8000,3725.6000,3725.4000,3725.0000,3724.6000,3726.4000,3726.6000,3726.8000,3727.0000,3727.4000,1,1,1,2,1,1,1,1,2,1
SF,IF2005,2020-04-13 09:50:31.100,3726.4000,10297,0,1423209060.000,0,-,-,-,-,3725.8000,3725.6000,3725.4000,3725.0000,3724.6000,3726.4000,3726.6000,3726.8000,3727.0000,3727.4000,1,1,1,4,1,1,1,1,2,1
SF,IF2005,2020-04-13 09:50:31.600,3726.4000,10298,1,1424326980.000,1,1,0,双开,S,3725.8000,3725.6000,3725.4000,3725.0000,3724.6000,3726.6000,3726.8000,3727.0000,3727.4000,3727.6000,1,1,1,4,1,1,1,2,1,5
SF,IF2005,2020-04-13 09:50:32.100,3726.4000,10298,0,1424326980.000,0,-,-,-,-,3725.8000,3725.6000,3725.4000,3725.0000,3724.6000,3726.0000,3726.6000,3726.8000,3727.0000,3727.4000,1,1,1,4,1,5,1,1,2,1
SF,IF2005,2020-04-13 09:50:32.600,3726.0000,10299,1,1428798180.000,4,2,2,空开,S,3725.8000,3725.4000,3725.0000,3724.6000,3723.8000,3726.0000,3726.6000,3726.8000,3727.0000,3727.4000,1,1,4,1,1,1,1,1,2,1
SF,IF2005,2020-04-13 09:50:33.100,3726.6000,10298,-1,1431033960.000,2,0,2,多平,S,3726.0000,3725.8000,3725.4000,3725.0000,3724.6000,3726.8000,3727.0000,3727.6000,3728.0000,3729.2000,1,1,1,4,1,1,2,5,11,2
SF,IF2005,2020-04-13 09:50:34.100,3726.6000,10298,0,1431033960.000,0,-,-,-,-,3726.4000,3725.8000,3725.4000,3725.0000,3724.6000,3726.8000,3727.0000,3727.6000,3728.0000,3729.2000,1,1,1,4,1,1,2,5,11,2
SF,IF2005,2020-04-13 09:50:34.600,3726.4000,10298,0,1432151880.000,1,0,1,多换,S,3725.8000,3725.4000,3725.0000,3724.6000,3723.8000,3726.8000,3727.0000,3727.6000,3728.0000,3729.2000,1,1,4,1,1,1,2,5,11,2
SF,IF2005,2020-04-13 09:50:35.100,3726.8000,10298,0,1433269920.000,1,0,1,多换,S,3726.0000,3725.8000,3725.4000,3725.0000,3724.6000,3727.0000,3727.6000,3728.0000,3729.2000,3729.6000,1,1,1,4,1,2,5,11,2,2
SF,IF2005,2020-04-13 09:50:35.600,3726.8000,10298,0,1433269920.000,0,-,-,-,-,3725.8000,3725.4000,3725.0000,3724.6000,3723.8000,3726.8000,3727.0000,3727.6000,3728.0000,3729.2000,1,1,4,1,1,3,2,5,11,2
SF,IF2005,2020-04-13 09:50:36.100,3725.8000,10297,-1,1434387660.000,1,0,1,双平,S,3725.4000,3725.0000,3724.6000,3723.8000,3722.8000,3726.0000,3726.4000,3726.6000,3726.8000,3727.0000,1,4,1,1,2,1,1,1,1,2
SF,IF2005,2020-04-13 09:50:36.600,3726.0000,10298,1,1435505460.000,1,1,0,双开,S,3725.0000,3724.6000,3723.8000,3722.8000,3722.4000,3726.4000,3726.8000,3727.0000,3727.6000,3728.0000,4,1,1,2,1,1,1,2,5,11
SF,IF2005,2020-04-13 09:50:37.100,3726.0000,10298,0,1435505460.000,0,-,-,-,-,3725.2000,3725.0000,3724.6000,3723.8000,3722.8000,3726.2000,3726.4000,3727.0000,3727.6000,3728.0000,2,4,1,1,2,1,1,2,5,11
SF,IF2005,2020-04-13 09:50:37.600,3726.0000,10298,0,1435505460.000,0,-,-,-,-,3725.2000,3725.0000,3724.6000,3723.8000,3722.8000,3726.2000,3726.4000,3727.0000,3727.6000,3728.0000,2,2,1,1,2,1,1,2,5,11
SF,IF2005,2020-04-13 09:50:38.100,3726.0000,10298,0,1435505460.000,0,-,-,-,-,3725.2000,3725.0000,3724.6000,3723.8000,3722.8000,3726.2000,3726.4000,3727.0000,3727.6000,3728.0000,1,2,1,1,2,1,1,2,5,11
SF,IF2005,2020-04-13 09:50:38.600,3726.0000,10298,0,1435505460.000,0,-,-,-,-,3725.2000,3725.0000,3724.6000,3723.8000,3722.8000,3726.0000,3726.2000,3727.0000,3727.6000,3728.0000,1,2,1,1,2,3,1,2,5,11
SF,IF2005,2020-04-13 09:50:39.100,3726.0000,10298,0,1435505460.000,0,-,-,-,-,3725.2000,3725.0000,3724.6000,3723.8000,3722.8000,3726.0000,3726.2000,3727.0000,3727.6000,3728.0000,1,2,1,1,2,2,1,2,5,11
SF,IF2005,2020-04-13 09:50:40.100,3726.0000,10298,0,1435505460.000,0,-,-,-,-,3725.0000,3723.8000,3722.8000,3722.4000,3722.2000,3725.2000,3725.6000,3726.0000,3726.2000,3727.0000,2,1,2,1,2,1,1,1,1,2
SF,IF2005,2020-04-13 09:50:40.600,3725.2000,10299,1,1438858020.000,3,2,1,空开,S,3723.8000,3722.8000,3722.4000,3722.2000,3722.0000,3725.6000,3726.0000,3726.2000,3727.0000,3727.6000,1,2,1,2,5,1,1,1,2,5
SF,IF2005,2020-04-13 09:50:41.100,3725.2000,10299,0,1438858020.000,0,-,-,-,-,3724.0000,3722.2000,3722.0000,3721.2000,3721.0000,3725.0000,3725.4000,3726.0000,3727.0000,3727.6000,2,2,5,1,4,1,1,1,2,5
SF,IF2005,2020-04-13 09:50:41.600,3725.2000,10299,0,1438858020.000,0,-,-,-,-,3724.0000,3722.2000,3722.0000,3721.2000,3721.0000,3725.0000,3725.4000,3727.0000,3727.6000,3728.0000,2,2,5,1,4,1,1,2,5,11
SF,IF2005,2020-04-13 09:50:43.100,3725.0000,10300,1,1439975520.000,1,1,0,双开,S,3724.0000,3722.2000,3722.0000,3721.2000,3721.0000,3725.4000,3727.0000,3727.6000,3728.0000,3729.2000,2,2,5,1,4,1,2,5,11,2
SF,IF2005,2020-04-13 09:50:43.600,3725.0000,10300,0,1439975520.000,0,-,-,-,-,3724.0000,3722.2000,3722.0000,3721.2000,3721.0000,3725.4000,3726.8000,3727.0000,3727.6000,3728.0000,2,2,5,1,4,1,1,2,5,11
SF,IF2005,2020-04-13 09:50:44.600,3725.0000,10300,0,1439975520.000,0,-,-,-,-,3724.4000,3724.0000,3722.2000,3722.0000,3721.2000,3725.4000,3726.8000,3727.0000,3727.6000,3728.0000,1,1,2,5,1,1,2,2,5,11
SF,IF2005,2020-04-13 09:50:46.600,3725.0000,10300,0,1439975520.000,0,-,-,-,-,3725.0000,3724.6000,3724.4000,3724.0000,3722.2000,3725.4000,3726.8000,3727.0000,3727.6000,3728.0000,1,1,1,1,2,1,2,2,5,11
SF,IF2005,2020-04-13 09:50:47.100,3725.4000,10299,-1,1441093140.000,1,0,1,双平,S,3725.4000,3725.0000,3724.8000,3724.6000,3724.4000,3726.8000,3727.0000,3727.6000,3728.0000,3729.2000,1,1,1,1,1,2,2,5,11,2
SF,IF2005,2020-04-13 09:50:47.600,3725.0000,10300,1,1443328260.000,2,1,1,空开,S,3725.0000,3724.4000,3724.0000,3722.2000,3722.0000,3725.8000,3726.4000,3726.6000,3726.8000,3727.0000,1,1,1,2,5,1,1,2,2,2
SF,IF2005,2020-04-13 09:50:48.100,3725.0000,10300,0,1443328260.000,0,-,-,-,-,3725.4000,3725.2000,3725.0000,3724.4000,3722.2000,3726.4000,3726.6000,3726.8000,3727.0000,3727.6000,1,2,1,1,2,1,2,2,2,5
SF,IF2005,2020-04-13 09:50:48.600,3725.0000,10300,0,1443328260.000,0,-,-,-,-,3725.8000,3725.4000,3725.2000,3725.0000,3724.4000,3726.0000,3726.6000,3726.8000,3727.0000,3727.6000,1,1,2,1,1,1,2,1,2,5
SF,IF2005,2020-04-13 09:50:49.100,3725.2000,10300,0,1444445820.000,1,0,1,多换,S,3725.4000,3725.2000,3725.0000,3724.4000,3722.2000,3725.8000,3726.2000,3726.6000,3726.8000,3727.0000,1,2,1,1,2,2,1,2,1,2
SF,IF2005,2020-04-13 09:50:49.600,3725.2000,10300,0,1444445820.000,0,-,-,-,-,3725.4000,3725.2000,3725.0000,3724.4000,3722.2000,3726.6000,3726.8000,3727.0000,3727.6000,3728.0000,1,2,1,1,2,2,1,2,5,11
SF,IF2005,2020-04-13 09:50:50.100,3725.2000,10300,0,1444445820.000,0,-,-,-,-,3725.4000,3725.2000,3725.0000,3724.4000,3722.2000,3725.8000,3726.4000,3726.6000,3726.8000,3727.0000,1,2,1,1,2,1,1,2,1,2
SF,IF2005,2020-04-13 09:50:50.600,3725.2000,10300,0,1444445820.000,0,-,-,-,-,3725.4000,3725.2000,3725.0000,3724.4000,3722.2000,3725.8000,3726.6000,3726.8000,3727.0000,3727.6000,1,2,1,1,2,1,1,1,2,5
SF,IF2005,2020-04-13 09:50:51.100,3725.2000,10300,0,1444445820.000,0,-,-,-,-,3725.8000,3725.4000,3725.2000,3725.0000,3724.4000,3726.6000,3726.8000,3727.0000,3727.6000,3728.0000,1,1,2,1,1,1,1,2,5,11
SF,IF2005,2020-04-13 09:50:51.600,3725.2000,10300,0,1444445820.000,0,-,-,-,-,3725.8000,3725.4000,3725.2000,3725.0000,3724.4000,3726.0000,3726.6000,3726.8000,3727.0000,3727.6000,1,1,2,1,1,1,1,1,2,5
SF,IF2005,2020-04-13 09:50:52.100,3726.0000,10300,0,1445563620.000,1,0,1,多换,S,3725.4000,3725.2000,3725.0000,3724.4000,3723.4000,3726.6000,3726.8000,3727.0000,3727.6000,3728.0000,1,2,1,1,1,1,1,2,5,11
SF,IF2005,2020-04-13 09:50:52.600,3726.0000,10300,0,1445563620.000,0,-,-,-,-,3726.6000,3725.6000,3725.4000,3725.0000,3724.4000,3726.8000,3727.0000,3727.6000,3728.0000,3729.2000,1,3,1,1,1,1,2,5,11,2
SF,IF2005,2020-04-13 09:50:53.100,3726.6000,10301,1,1446681600.000,1,1,0,双开,S,3725.6000,3725.4000,3725.0000,3724.4000,3723.4000,3726.6000,3726.8000,3727.0000,3727.6000,3728.0000,1,1,1,1,1,1,1,2,5,11
SF,IF2005,2020-04-13 09:50:53.600,3726.8000,10301,0,1448917620.000,2,1,1,多换,S,3726.6000,3726.2000,3725.8000,3725.6000,3725.4000,3727.0000,3727.6000,3728.0000,3729.2000,3729.6000,1,1,2,1,1,2,5,11,2,2
SF,IF2005,2020-04-13 09:50:54.100,3726.8000,10301,0,1448917620.000,0,-,-,-,-,3726.6000,3726.0000,3725.6000,3725.4000,3725.0000,3727.0000,3727.6000,3728.0000,3729.2000,3729.6000,1,3,1,1,1,2,5,11,2,2
SF,IF2005,2020-04-13 09:50:54.600,3727.0000,10302,1,1450035720.000,1,1,0,双开,S,3725.6000,3725.4000,3725.0000,3724.4000,3723.4000,3727.0000,3727.6000,3728.0000,3729.2000,3729.6000,1,1,1,1,1,1,5,11,2,2
SF,IF2005,2020-04-13 09:50:55.100,3726.4000,10302,0,1451153640.000,1,0,1,多换,S,3726.0000,3725.8000,3725.6000,3725.4000,3725.0000,3726.6000,3727.0000,3727.6000,3728.0000,3729.2000,2,1,1,1,1,1,1,5,11,2
SF,IF2005,2020-04-13 09:50:55.600,3727.0000,10303,1,1453389720.000,2,1,1,空开,S,3727.0000,3726.8000,3726.4000,3726.2000,3726.0000,3727.6000,3728.0000,3729.2000,3729.6000,3729.8000,1,1,1,1,3,5,11,2,2,5
SF,IF2005,2020-04-13 09:50:56.100,3726.8000,10302,-1,1455625860.000,2,0,2,多平,S,3726.2000,3725.8000,3725.6000,3725.4000,3725.0000,3727.4000,3727.6000,3728.0000,3729.2000,3729.6000,1,2,1,1,1,1,5,11,2,2
SF,IF2005,2020-04-13 09:50:56.600,3726.8000,10302,0,1455625860.000,0,-,-,-,-,3726.2000,3725.8000,3725.6000,3725.4000,3725.0000,3727.2000,3727.4000,3727.6000,3728.0000,3729.2000,1,2,1,1,1,1,1,5,11,2
SF,IF2005,2020-04-13 09:50:57.100,3726.8000,10302,0,1455625860.000,0,-,-,-,-,3726.4000,3726.2000,3725.8000,3725.6000,3725.4000,3727.2000,3727.4000,3727.6000,3728.0000,3729.2000,1,1,2,1,1,1,1,5,11,2
SF,IF2005,2020-04-13 09:50:57.600,3726.8000,10302,0,1455625860.000,0,-,-,-,-,3727.2000,3726.6000,3726.4000,3726.2000,3725.8000,3727.4000,3727.6000,3728.0000,3729.2000,3729.6000,1,1,3,1,2,1,5,11,2,2
SF,IF2005,2020-04-13 09:50:58.100,3727.2000,10302,0,1456744020.000,1,0,1,多换,S,3726.6000,3726.4000,3726.2000,3725.8000,3725.6000,3727.2000,3727.4000,3727.6000,3728.0000,3729.2000,1,2,1,1,1,1,1,5,11,2
SF,IF2005,2020-04-13 09:50:58.600,3727.2000,10303,1,1457862180.000,1,1,0,双开,S,3726.6000,3726.4000,3726.2000,3725.8000,3725.6000,3727.6000,3728.0000,3729.2000,3729.6000,3729.8000,1,1,1,1,1,5,11,2,2,5
SF,IF2005,2020-04-13 09:51:00.100,3727.2000,10303,0,1457862180.000,0,-,-,-,-,3726.6000,3726.4000,3726.2000,3725.8000,3725.6000,3727.4000,3727.6000,3728.0000,3729.2000,3729.6000,1,1,1,1,1,1,5,11,2,2
SF,IF2005,2020-04-13 09:51:00.600,3726.6000,10304,1,1458980160.000,1,1,0,双开,S,3726.4000,3726.2000,3725.8000,3725.6000,3725.4000,3727.4000,3727.6000,3728.0000,3729.2000,3729.6000,1,1,1,1,1,1,5,11,2,2
SF,IF2005,2020-04-13 09:51:01.100,3726.6000,10304,0,1458980160.000,0,-,-,-,-,3726.2000,3725.8000,3725.6000,3725.4000,3725.0000,3727.2000,3727.4000,3727.6000,3728.0000,3729.2000,1,1,1,1,1,1,1,5,11,2
SF,IF2005,2020-04-13 09:51:02.100,3726.6000,10304,0,1458980160.000,0,-,-,-,-,3726.4000,3726.2000,3725.8000,3725.6000,3725.4000,3727.4000,3727.6000,3728.0000,3729.2000,3729.6000,1,1,1,1,1,1,5,11,2,2
SF,IF2005,2020-04-13 09:51:02.600,3726.6000,10304,0,1458980160.000,0,-,-,-,-,3726.4000,3726.2000,3725.8000,3725.6000,3725.4000,3727.4000,3727.6000,3728.0000,3729.2000,3729.6000,1,1,1,1,1,1,5,11,2,2
SF,IF2005,2020-04-13 09:51:03.100,3726.6000,10304,0,1458980160.000,0,-,-,-,-,3726.6000,3726.4000,3725.8000,3725.6000,3725.4000,3727.4000,3727.6000,3728.0000,3729.2000,3729.6000,1,1,1,1,1,1,5,11,2,2
SF,IF2005,2020-04-13 09:51:03.600,3726.6000,10304,0,1458980160.000,0,-,-,-,-,3726.6000,3725.8000,3725.6000,3725.4000,3725.0000,3727.4000,3727.6000,3728.0000,3729.2000,3729.6000,1,1,1,1,1,1,5,11,2,2
SF,IF2005,2020-04-13 09:51:04.100,3726.6000,10304,0,1458980160.000,0,-,-,-,-,3726.6000,3725.8000,3725.6000,3725.4000,3725.0000,3727.4000,3727.6000,3728.0000,3729.2000,3729.6000,1,1,1,1,1,1,5,11,2,2
SF,IF2005,2020-04-13 09:51:05.100,3726.6000,10303,-1,1460098140.000,1,0,1,双平,S,3725.8000,3725.4000,3725.0000,3724.4000,3723.8000,3726.6000,3727.2000,3727.4000,3727.6000,3728.0000,1,1,1,1,5,1,1,1,5,11
SF,IF2005,2020-04-13 09:51:05.600,3726.6000,10303,0,1461216120.000,1,0,1,多换,S,3726.6000,3726.2000,3726.0000,3725.8000,3725.4000,3727.2000,3727.4000,3727.6000,3728.0000,3729.2000,1,2,1,1,1,1,1,5,11,2
SF,IF2005,2020-04-13 09:51:06.100,3726.6000,10303,0,1461216120.000,0,-,-,-,-,3726.6000,3726.2000,3726.0000,3725.8000,3725.4000,3727.4000,3727.6000,3728.0000,3729.2000,3729.6000,1,1,1,1,1,1,5,11,2,2
SF,IF2005,2020-04-13 09:51:06.600,3726.6000,10303,0,1461216120.000,0,-,-,-,-,3727.0000,3726.2000,3726.0000,3725.8000,3725.4000,3727.6000,3728.0000,3729.2000,3729.6000,3729.8000,1,1,1,1,1,5,11,2,2,5
SF,IF2005,2020-04-13 09:51:07.100,3727.0000,10304,1,1462334220.000,1,1,0,双开,S,3726.2000,3726.0000,3725.8000,3725.4000,3725.0000,3727.0000,3727.4000,3727.6000,3728.0000,3729.2000,1,1,1,1,1,1,3,5,11,2
SF,IF2005,2020-04-13 09:51:07.600,3727.0000,10304,0,1462334220.000,0,-,-,-,-,3726.4000,3726.2000,3726.0000,3725.8000,3725.4000,3727.0000,3727.4000,3727.6000,3728.0000,3729.2000,1,1,1,1,1,1,3,5,11,2
SF,IF2005,2020-04-13 09:51:08.100,3727.0000,10304,0,1462334220.000,0,-,-,-,-,3726.2000,3726.0000,3725.8000,3725.4000,3725.0000,3727.0000,3727.4000,3727.6000,3728.0000,3729.2000,1,1,1,1,1,1,3,5,11,2
SF,IF2005,2020-04-13 09:51:08.600,3727.0000,10304,0,1462334220.000,0,-,-,-,-,3726.2000,3726.0000,3725.8000,3725.4000,3725.0000,3726.4000,3727.0000,3727.6000,3728.0000,3729.2000,1,1,1,1,1,1,1,5,11,2
SF,IF2005,2020-04-13 09:51:09.100,3726.4000,10304,0,1463452140.000,1,0,1,多换,S,3726.4000,3726.2000,3726.0000,3725.8000,3725.4000,3727.0000,3727.6000,3728.0000,3729.2000,3729.6000,3,1,1,1,1,1,5,11,2,2
SF,IF2005,2020-04-13 09:51:09.600,3727.0000,10305,1,1464570240.000,1,1,0,双开,S,3726.4000,3726.0000,3725.8000,3725.4000,3725.0000,3727.6000,3728.0000,3729.2000,3729.6000,3729.8000,1,1,1,1,1,5,11,2,2,5
SF,IF2005,2020-04-13 09:51:10.100,3727.0000,10305,0,1464570240.000,0,-,-,-,-,3726.8000,3726.0000,3725.8000,3725.4000,3725.0000,3727.4000,3727.6000,3728.0000,3729.2000,3729.6000,1,1,1,1,1,1,5,11,2,2
SF,IF2005,2020-04-13 09:51:10.600,3727.0000,10305,0,1464570240.000,0,-,-,-,-,3726.8000,3726.0000,3725.8000,3725.4000,3725.0000,3727.4000,3727.6000,3728.0000,3729.2000,3729.6000,1,1,1,1,1,2,5,11,2,2
SF,IF2005,2020-04-13 09:51:11.100,3727.4000,10305,0,1465688460.000,1,0,1,多换,S,3726.0000,3725.8000,3725.4000,3725.0000,3724.4000,3727.4000,3727.6000,3728.0000,3729.2000,3729.6000,1,1,1,1,1,1,5,11,2,2
SF,IF2005,2020-04-13 09:51:11.600,3727.4000,10305,0,1465688460.000,0,-,-,-,-,3726.2000,3726.0000,3725.8000,3725.4000,3725.0000,3727.4000,3727.6000,3728.0000,3729.2000,3729.6000,2,1,1,1,1,1,5,11,2,2
SF,IF2005,2020-04-13 09:51:12.100,3727.4000,10305,0,1465688460.000,0,-,-,-,-,3726.2000,3726.0000,3725.8000,3725.4000,3725.0000,3727.2000,3727.6000,3728.0000,3729.2000,3729.6000,2,1,1,1,1,3,5,11,2,2
SF,IF2005,2020-04-13 09:51:12.600,3727.4000,10305,0,1465688460.000,0,-,-,-,-,3726.4000,3726.2000,3725.8000,3725.4000,3725.0000,3727.2000,3727.6000,3728.0000,3729.2000,3729.6000,1,2,1,1,1,2,5,11,2,2
SF,IF2005,2020-04-13 09:51:13.100,3726.4000,10305,0,1466806380.000,1,0,1,多换,S,3726.2000,3725.8000,3725.4000,3725.0000,3724.4000,3727.2000,3727.6000,3728.0000,3729.2000,3729.6000,2,1,1,1,1,3,5,11,2,2
SF,IF2005,2020-04-13 09:51:13.600,3726.4000,10305,0,1466806380.000,0,-,-,-,-,3726.2000,3725.8000,3725.4000,3725.0000,3724.4000,3727.2000,3727.6000,3728.0000,3729.2000,3729.6000,2,1,1,1,1,1,5,11,2,2
SF,IF2005,2020-04-13 09:51:14.100,3726.4000,10305,0,1466806380.000,0,-,-,-,-,3726.2000,3725.8000,3725.4000,3725.0000,3724.4000,3727.2000,3727.6000,3728.0000,3729.2000,3729.6000,2,1,1,1,1,2,5,11,2,2
SF,IF2005,2020-04-13 09:51:14.600,3726.4000,10305,0,1466806380.000,0,-,-,-,-,3726.2000,3725.8000,3725.4000,3725.0000,3724.4000,3727.2000,3727.6000,3728.0000,3729.2000,3729.6000,2,1,1,1,1,1,5,11,2,2
SF,IF2005,2020-04-13 09:51:15.100,3726.4000,10305,0,1466806380.000,0,-,-,-,-,3726.2000,3725.8000,3725.4000,3725.0000,3724.4000,3727.2000,3727.6000,3728.0000,3729.0000,3729.2000,2,1,1,1,1,1,5,11,1,1
SF,IF2005,2020-04-13 09:51:15.600,3726.4000,10305,0,1466806380.000,0,-,-,-,-,3726.2000,3725.8000,3725.4000,3725.0000,3724.4000,3727.2000,3727.6000,3728.0000,3729.0000,3729.2000,2,1,1,1,1,1,5,11,1,1
SF,IF2005,2020-04-13 09:51:16.100,3726.2000,10305,0,1467924240.000,1,0,1,多换,S,3726.4000,3726.2000,3725.8000,3725.4000,3725.0000,3727.6000,3728.0000,3729.0000,3729.2000,3729.6000,1,1,1,1,1,5,11,1,1,2
SF,IF2005,2020-04-13 09:51:16.600,3726.2000,10305,0,1467924240.000,0,-,-,-,-,3726.6000,3726.4000,3725.8000,3725.4000,3725.0000,3727.2000,3727.6000,3728.0000,3729.0000,3729.2000,1,2,1,1,1,1,5,11,1,1
SF,IF2005,2020-04-13 09:51:17.100,3726.2000,10305,0,1467924240.000,0,-,-,-,-,3726.6000,3726.4000,3725.8000,3725.4000,3725.0000,3727.4000,3727.6000,3728.0000,3729.0000,3729.2000,1,1,1,1,1,1,6,11,1,1
SF,IF2005,2020-04-13 09:51:17.600,3726.2000,10305,0,1467924240.000,0,-,-,-,-,3726.6000,3725.8000,3725.4000,3725.0000,3724.4000,3727.2000,3727.4000,3727.6000,3728.0000,3729.0000,1,1,1,1,1,1,1,5,11,1
SF,IF2005,2020-04-13 09:51:18.100,3726.6000,10304,-1,1469042220.000,1,0,1,双平,S,3725.8000,3725.4000,3725.0000,3724.4000,3722.2000,3727.2000,3727.4000,3727.6000,3728.0000,3729.0000,1,1,1,1,2,1,1,5,11,1
SF,IF2005,2020-04-13 09:51:18.600,3726.6000,10304,0,1469042220.000,0,-,-,-,-,3726.0000,3725.4000,3725.0000,3724.4000,3722.2000,3727.0000,3727.2000,3727.4000,3727.6000,3728.0000,1,1,1,1,2,1,1,1,5,11
SF,IF2005,2020-04-13 09:51:19.600,3726.6000,10304,0,1469042220.000,0,-,-,-,-,3726.0000,3725.4000,3725.0000,3724.4000,3722.2000,3727.0000,3727.4000,3727.6000,3728.0000,3729.0000,1,1,1,1,2,2,1,5,11,1
SF,IF2005,2020-04-13 09:51:20.100,3726.6000,10304,0,1469042220.000,0,-,-,-,-,3726.2000,3726.0000,3725.4000,3725.0000,3724.4000,3727.0000,3727.4000,3727.6000,3728.0000,3729.0000,1,1,1,1,1,1,1,5,11,1
SF,IF2005,2020-04-13 09:51:20.600,3726.6000,10304,0,1469042220.000,0,-,-,-,-,3726.2000,3726.0000,3725.4000,3725.0000,3724.4000,3727.0000,3727.4000,3727.6000,3728.0000,3729.0000,1,1,1,1,1,1,1,5,11,1
SF,IF2005,2020-04-13 09:51:21.600,3726.6000,10304,0,1469042220.000,0,-,-,-,-,3726.2000,3726.0000,3725.4000,3725.0000,3724.4000,3727.0000,3727.4000,3727.6000,3728.0000,3729.0000,1,1,1,1,1,2,1,5,11,1
SF,IF2005,2020-04-13 09:51:22.100,3726.6000,10304,0,1469042220.000,0,-,-,-,-,3726.2000,3726.0000,3725.4000,3725.0000,3724.4000,3727.0000,3727.4000,3727.6000,3728.0000,3729.0000,1,1,1,1,1,1,1,5,11,1
SF,IF2005,2020-04-13 09:51:22.600,3726.6000,10304,0,1469042220.000,0,-,-,-,-,3726.2000,3726.0000,3725.4000,3725.0000,3724.4000,3727.0000,3727.4000,3727.6000,3728.0000,3729.0000,1,2,1,1,1,1,1,5,11,1
SF,IF2005,2020-04-13 09:51:23.100,3726.6000,10304,0,1469042220.000,0,-,-,-,-,3726.8000,3726.2000,3726.0000,3725.4000,3725.0000,3727.0000,3727.4000,3727.6000,3728.0000,3729.0000,1,1,2,1,1,2,1,5,11,1
SF,IF2005,2020-04-13 09:51:23.600,3726.8000,10304,0,1470160260.000,1,0,1,多换,S,3726.2000,3726.0000,3725.4000,3725.0000,3724.4000,3727.0000,3727.4000,3727.6000,3728.0000,3729.0000,1,2,1,1,1,1,1,5,11,1
SF,IF2005,2020-04-13 09:51:24.100,3726.8000,10304,0,1470160260.000,0,-,-,-,-,3726.2000,3726.0000,3725.4000,3725.0000,3724.4000,3727.0000,3727.6000,3728.0000,3729.0000,3729.2000,1,2,1,1,1,1,5,11,1,1
SF,IF2005,2020-04-13 09:51:24.600,3726.8000,10304,0,1470160260.000,0,-,-,-,-,3726.2000,3726.0000,3725.4000,3725.0000,3724.4000,3727.0000,3727.6000,3728.0000,3729.0000,3729.2000,1,2,1,1,1,1,5,11,1,1
SF,IF2005,2020-04-13 09:51:25.100,3726.8000,10304,0,1470160260.000,0,-,-,-,-,3726.2000,3726.0000,3725.4000,3725.0000,3724.4000,3727.0000,3727.6000,3728.0000,3729.0000,3729.2000,1,2,1,1,1,1,5,11,1,1
SF,IF2005,2020-04-13 09:51:25.600,3726.8000,10304,0,1470160260.000,0,-,-,-,-,3726.2000,3726.0000,3725.4000,3725.0000,3724.4000,3727.0000,3727.6000,3728.0000,3729.0000,3729.2000,1,3,1,1,1,2,5,11,1,1
SF,IF2005,2020-04-13 09:51:26.100,3726.8000,10304,0,1470160260.000,0,-,-,-,-,3726.2000,3726.0000,3725.4000,3725.0000,3724.4000,3727.0000,3727.6000,3728.0000,3729.0000,3729.2000,1,3,1,1,1,1,5,11,1,1
SF,IF2005,2020-04-13 09:51:26.600,3726.8000,10304,0,1470160260.000,0,-,-,-,-,3726.2000,3726.0000,3725.4000,3725.0000,3724.4000,3727.0000,3727.6000,3728.0000,3729.0000,3729.2000,1,3,1,1,1,1,5,11,1,1
SF,IF2005,2020-04-13 09:51:27.100,3726.8000,10304,0,1470160260.000,0,-,-,-,-,3726.2000,3726.0000,3725.4000,3725.0000,3724.4000,3727.0000,3727.6000,3728.0000,3729.0000,3729.2000,1,3,1,1,1,2,5,11,1,1
SF,IF2005,2020-04-13 09:51:27.600,3726.8000,10304,0,1470160260.000,0,-,-,-,-,3726.2000,3726.0000,3725.4000,3725.0000,3724.4000,3727.0000,3727.6000,3728.0000,3729.0000,3729.2000,1,3,1,1,1,1,5,11,1,1
SF,IF2005,2020-04-13 09:51:28.100,3726.8000,10304,0,1470160260.000,0,-,-,-,-,3726.2000,3726.0000,3725.4000,3725.0000,3724.4000,3727.0000,3727.6000,3728.0000,3729.0000,3729.2000,1,3,1,1,1,1,5,11,1,1
SF,IF2005,2020-04-13 09:51:28.600,3726.8000,10304,0,1470160260.000,0,-,-,-,-,3726.2000,3726.0000,3725.4000,3725.0000,3724.4000,3727.0000,3727.6000,3728.0000,3729.0000,3729.2000,1,3,1,1,1,1,5,11,1,1
SF,IF2005,2020-04-13 09:51:29.100,3726.8000,10304,0,1470160260.000,0,-,-,-,-,3726.2000,3726.0000,3725.4000,3725.0000,3724.4000,3727.0000,3727.6000,3728.0000,3729.0000,3729.2000,1,2,1,1,1,1,5,11,1,1
SF,IF2005,2020-04-13 09:51:29.600,3726.8000,10304,0,1470160260.000,0,-,-,-,-,3726.2000,3726.0000,3725.4000,3725.0000,3724.4000,3727.0000,3727.6000,3728.0000,3729.0000,3729.2000,1,2,1,1,1,1,5,11,1,1
SF,IF2005,2020-04-13 09:51:30.100,3726.8000,10304,0,1470160260.000,0,-,-,-,-,3726.2000,3726.0000,3725.4000,3725.0000,3724.4000,3727.0000,3727.6000,3728.0000,3728.6000,3729.0000,1,2,1,1,1,1,5,11,2,1
SF,IF2005,2020-04-13 09:51:30.600,3726.8000,10304,0,1470160260.000,0,-,-,-,-,3726.2000,3726.0000,3725.4000,3725.0000,3724.4000,3727.0000,3727.6000,3728.0000,3728.6000,3729.0000,1,2,1,1,1,1,5,11,2,1
SF,IF2005,2020-04-13 09:51:31.100,3726.8000,10304,0,1470160260.000,0,-,-,-,-,3726.2000,3726.0000,3725.4000,3725.0000,3724.4000,3727.0000,3727.6000,3728.0000,3728.6000,3729.0000,1,2,1,1,1,1,5,11,2,1
SF,IF2005,2020-04-13 09:51:31.600,3726.8000,10304,0,1470160260.000,0,-,-,-,-,3726.2000,3726.0000,3725.4000,3725.0000,3724.4000,3726.8000,3727.0000,3727.6000,3728.0000,3728.6000,1,2,1,1,1,1,1,5,11,2
SF,IF2005,2020-04-13 09:51:32.100,3726.8000,10304,0,1470160260.000,0,-,-,-,-,3726.2000,3726.0000,3725.4000,3725.0000,3724.4000,3726.8000,3727.0000,3727.6000,3728.0000,3728.6000,1,2,1,1,1,1,1,5,11,2
SF,IF2005,2020-04-13 09:51:32.600,3726.8000,10304,0,1470160260.000,0,-,-,-,-,3726.0000,3725.4000,3725.0000,3724.4000,3722.2000,3726.2000,3726.8000,3727.0000,3727.6000,3728.0000,2,1,1,1,2,1,2,1,5,11
SF,IF2005,2020-04-13 09:51:33.100,3726.2000,10304,0,1471278120.000,1,0,1,多换,S,3726.2000,3726.0000,3725.4000,3725.0000,3724.4000,3726.8000,3727.0000,3727.6000,3728.0000,3728.6000,1,2,1,1,1,2,1,5,11,2
SF,IF2005,2020-04-13 09:51:33.600,3726.2000,10304,0,1472395980.000,1,0,1,多换,S,3726.0000,3725.4000,3725.0000,3724.4000,3722.2000,3726.8000,3727.0000,3727.6000,3728.0000,3728.6000,1,1,1,1,2,1,1,5,11,2
SF,IF2005,2020-04-13 09:51:34.100,3726.6000,10304,0,1473513960.000,1,0,1,多换,S,3726.0000,3725.4000,3725.0000,3724.4000,3722.2000,3726.6000,3726.8000,3727.0000,3727.6000,3728.0000,1,1,1,1,2,1,1,1,5,11
SF,IF2005,2020-04-13 09:51:34.600,3726.0000,10305,1,1474631760.000,1,1,0,双开,S,3725.4000,3725.0000,3724.4000,3722.2000,3721.2000,3726.6000,3726.8000,3727.0000,3727.6000,3728.0000,1,1,1,2,1,1,1,1,5,11
SF,IF2005,2020-04-13 09:51:35.100,3726.0000,10305,0,1474631760.000,0,-,-,-,-,3725.4000,3725.0000,3724.4000,3722.2000,3721.2000,3726.0000,3726.4000,3726.6000,3726.8000,3727.6000,1,1,1,2,1,1,3,1,1,5
SF,IF2005,2020-04-13 09:51:35.600,3725.4000,10305,0,1475749380.000,1,0,1,多换,S,3725.0000,3724.4000,3722.2000,3721.2000,3721.0000,3725.8000,3726.0000,3726.4000,3726.8000,3727.4000,1,1,2,1,4,1,2,2,1,2
SF,IF2005,2020-04-13 09:51:36.100,3725.0000,10304,-1,1476866880.000,1,0,1,双平,S,3722.2000,3721.2000,3721.0000,3720.0000,3718.0000,3726.0000,3726.4000,3726.8000,3727.4000,3727.6000,2,1,4,1,1,2,1,1,2,5
SF,IF2005,2020-04-13 09:51:36.600,3725.0000,10304,0,1476866880.000,0,-,-,-,-,3723.8000,3723.6000,3723.4000,3723.2000,3723.0000,3725.0000,3725.6000,3725.8000,3726.0000,3727.4000,3,6,1,1,2,1,1,4,1,2
SF,IF2005,2020-04-13 09:51:37.100,3725.0000,10305,1,1477984380.000,1,1,0,双开,S,3724.2000,3724.0000,3723.6000,3723.4000,3723.2000,3725.0000,3725.6000,3725.8000,3726.0000,3727.4000,1,2,5,1,1,1,1,3,1,2
SF,IF2005,2020-04-13 09:51:37.600,3725.0000,10305,0,1477984380.000,0,-,-,-,-,3724.2000,3724.0000,3723.6000,3723.4000,3723.2000,3725.6000,3725.8000,3726.0000,3727.4000,3727.6000,1,2,5,1,1,1,2,1,2,5
SF,IF2005,2020-04-13 09:51:38.100,3725.0000,10305,0,1477984380.000,0,-,-,-,-,3724.4000,3724.2000,3724.0000,3723.6000,3723.4000,3725.4000,3725.6000,3725.8000,3726.0000,3727.4000,1,1,2,5,1,2,2,1,1,2
SF,IF2005,2020-04-13 09:51:38.600,3725.0000,10305,0,1477984380.000,0,-,-,-,-,3724.4000,3724.2000,3724.0000,3723.6000,3723.4000,3725.4000,3725.6000,3726.0000,3727.4000,3727.6000,2,1,1,5,1,2,1,1,2,5
SF,IF2005,2020-04-13 09:51:39.100,3725.0000,10305,0,1477984380.000,0,-,-,-,-,3724.6000,3724.4000,3723.6000,3723.4000,3723.2000,3725.2000,3725.4000,3725.6000,3726.0000,3727.4000,2,2,5,1,1,1,1,1,1,2
SF,IF2005,2020-04-13 09:51:39.600,3725.2000,10305,0,1479101940.000,1,0,1,多换,S,3724.8000,3724.6000,3724.4000,3723.6000,3723.4000,3725.4000,3725.6000,3726.0000,3727.4000,3727.6000,1,3,2,4,1,1,1,1,2,5
SF,IF2005,2020-04-13 09:51:40.100,3725.2000,10305,0,1479101940.000,0,-,-,-,-,3724.6000,3724.4000,3723.6000,3723.4000,3723.2000,3725.4000,3725.6000,3726.0000,3727.4000,3727.6000,2,2,4,1,1,1,1,1,2,5
SF,IF2005,2020-04-13 09:51:40.600,3725.2000,10305,0,1479101940.000,0,-,-,-,-,3724.6000,3724.4000,3723.6000,3723.4000,3723.2000,3725.4000,3725.6000,3726.0000,3727.4000,3727.6000,2,2,4,1,1,2,1,1,2,5
SF,IF2005,2020-04-13 09:51:41.100,3725.2000,10305,0,1479101940.000,0,-,-,-,-,3724.6000,3724.4000,3723.6000,3723.4000,3723.2000,3725.4000,3725.6000,3726.0000,3727.4000,3727.6000,2,2,4,1,1,1,1,1,2,5
SF,IF2005,2020-04-13 09:51:41.600,3725.2000,10305,0,1479101940.000,0,-,-,-,-,3724.6000,3724.4000,3723.6000,3723.4000,3723.2000,3725.4000,3725.6000,3726.0000,3727.4000,3727.6000,2,2,4,1,1,2,1,1,2,5
SF,IF2005,2020-04-13 09:51:42.100,3725.2000,10305,0,1479101940.000,0,-,-,-,-,3724.6000,3724.4000,3723.6000,3723.4000,3723.2000,3725.4000,3725.6000,3726.0000,3727.4000,3727.6000,2,2,4,1,1,1,1,1,2,5
SF,IF2005,2020-04-13 09:51:42.600,3725.4000,10305,0,1480219560.000,1,0,1,多换,S,3724.6000,3724.4000,3723.6000,3723.4000,3723.2000,3725.4000,3725.6000,3726.0000,3727.4000,3727.6000,2,2,4,1,1,1,1,1,2,5
SF,IF2005,2020-04-13 09:51:43.100,3725.4000,10305,0,1480219560.000,0,-,-,-,-,3724.8000,3724.6000,3724.4000,3723.6000,3723.4000,3725.6000,3726.0000,3727.4000,3727.6000,3728.0000,1,2,1,4,1,1,1,2,5,11
SF,IF2005,2020-04-13 09:51:43.600,3725.4000,10305,0,1480219560.000,0,-,-,-,-,3724.8000,3724.6000,3724.4000,3723.6000,3723.4000,3725.6000,3726.0000,3727.4000,3727.6000,3728.0000,1,2,1,4,1,1,1,2,5,11
SF,IF2005,2020-04-13 09:51:44.100,3725.4000,10305,0,1480219560.000,0,-,-,-,-,3724.8000,3724.6000,3724.4000,3723.6000,3723.4000,3725.6000,3726.0000,3727.4000,3727.6000,3728.0000,1,2,1,4,1,1,1,2,5,11
SF,IF2005,2020-04-13 09:51:44.600,3725.4000,10305,0,1480219560.000,0,-,-,-,-,3724.8000,3724.6000,3724.4000,3723.6000,3723.4000,3725.6000,3726.0000,3727.4000,3727.6000,3728.0000,1,2,1,4,1,1,1,2,5,11
SF,IF2005,2020-04-13 09:51:45.100,3725.4000,10305,0,1480219560.000,0,-,-,-,-,3724.8000,3724.6000,3724.4000,3723.6000,3723.4000,3725.6000,3726.0000,3727.4000,3727.6000,3728.0000,1,2,1,4,1,2,1,2,5,11
SF,IF2005,2020-04-13 09:51:45.600,3725.4000,10305,0,1480219560.000,0,-,-,-,-,3724.8000,3724.6000,3724.4000,3723.6000,3723.4000,3725.6000,3726.0000,3727.4000,3727.6000,3728.0000,1,2,1,4,1,1,1,2,5,11
SF,IF2005,2020-04-13 09:51:46.100,3725.6000,10305,0,1481337240.000,1,0,1,多换,S,3725.0000,3724.8000,3724.6000,3724.4000,3723.6000,3725.6000,3726.0000,3727.0000,3727.4000,3727.6000,1,1,1,1,4,1,1,1,2,5
SF,IF2005,2020-04-13 09:51:46.600,3725.6000,10305,0,1481337240.000,0,-,-,-,-,3725.0000,3724.8000,3724.6000,3724.4000,3723.6000,3726.0000,3727.0000,3727.4000,3727.6000,3728.0000,1,1,1,1,4,1,1,2,5,11
SF,IF2005,2020-04-13 09:51:47.100,3725.6000,10305,0,1481337240.000,0,-,-,-,-,3725.0000,3724.8000,3724.6000,3724.4000,3723.6000,3726.0000,3727.0000,3727.4000,3727.6000,3728.0000,1,1,1,1,4,1,1,2,5,11
SF,IF2005,2020-04-13 09:51:47.600,3725.6000,10305,0,1481337240.000,0,-,-,-,-,3725.0000,3724.8000,3724.6000,3724.4000,3723.6000,3726.0000,3727.0000,3727.4000,3727.6000,3728.0000,1,1,1,1,4,1,1,2,5,11
SF,IF2005,2020-04-13 09:51:48.100,3725.6000,10305,0,1481337240.000,0,-,-,-,-,3725.2000,3725.0000,3724.6000,3724.4000,3723.6000,3726.0000,3727.0000,3727.4000,3727.6000,3728.0000,1,1,1,1,4,1,1,2,5,11
SF,IF2005,2020-04-13 09:51:48.600,3725.6000,10305,0,1481337240.000,0,-,-,-,-,3725.2000,3725.0000,3724.6000,3724.4000,3723.6000,3726.0000,3727.0000,3727.4000,3727.6000,3728.0000,1,1,1,1,4,1,1,2,5,11
SF,IF2005,2020-04-13 09:51:49.100,3725.6000,10305,0,1481337240.000,0,-,-,-,-,3725.2000,3725.0000,3724.6000,3724.4000,3723.6000,3726.0000,3727.0000,3727.4000,3727.6000,3728.0000,1,1,1,1,4,1,1,2,5,11
SF,IF2005,2020-04-13 09:51:49.600,3725.6000,10305,0,1481337240.000,0,-,-,-,-,3725.2000,3725.0000,3724.6000,3724.4000,3723.6000,3726.0000,3727.0000,3727.4000,3727.6000,3728.0000,1,1,1,1,4,1,1,2,5,11
SF,IF2005,2020-04-13 09:51:50.100,3725.6000,10305,0,1481337240.000,0,-,-,-,-,3725.2000,3725.0000,3724.6000,3724.4000,3723.6000,3726.0000,3727.0000,3727.4000,3727.6000,3728.0000,1,1,1,1,4,1,1,2,5,11
SF,IF2005,2020-04-13 09:51:50.600,3725.6000,10305,0,1481337240.000,0,-,-,-,-,3725.2000,3725.0000,3724.6000,3724.4000,3723.6000,3726.0000,3727.0000,3727.4000,3727.6000,3728.0000,1,1,1,1,4,2,1,2,5,11
SF,IF2005,2020-04-13 09:51:51.100,3725.0000,10304,-1,1483572300.000,2,0,2,多平,S,3724.6000,3724.4000,3723.6000,3723.4000,3723.2000,3725.8000,3726.0000,3727.0000,3727.4000,3727.6000,1,1,4,1,1,2,1,1,2,5
SF,IF2005,2020-04-13 09:51:51.600,3725.0000,10304,0,1483572300.000,0,-,-,-,-,3724.6000,3724.4000,3723.6000,3723.4000,3723.2000,3725.8000,3726.0000,3727.0000,3727.4000,3727.6000,1,1,4,1,1,2,1,1,2,5
SF,IF2005,2020-04-13 09:51:52.100,3725.0000,10304,0,1483572300.000,0,-,-,-,-,3724.6000,3724.4000,3723.6000,3723.4000,3723.2000,3725.6000,3725.8000,3726.0000,3727.0000,3727.4000,1,1,4,1,1,2,2,1,1,2
SF,IF2005,2020-04-13 09:51:52.600,3725.0000,10304,0,1483572300.000,0,-,-,-,-,3724.4000,3723.6000,3723.4000,3723.0000,3722.8000,3725.4000,3725.6000,3725.8000,3726.0000,3727.0000,1,4,1,1,1,2,3,1,1,1
SF,IF2005,2020-04-13 09:51:53.100,3725.0000,10304,0,1483572300.000,0,-,-,-,-,3724.4000,3723.6000,3723.4000,3723.0000,3722.8000,3725.2000,3725.4000,3725.6000,3725.8000,3726.0000,1,4,1,1,1,1,1,2,1,1
SF,IF2005,2020-04-13 09:51:53.600,3725.0000,10304,0,1483572300.000,0,-,-,-,-,3724.4000,3723.4000,3723.0000,3722.8000,3722.6000,3725.2000,3725.4000,3725.6000,3725.8000,3726.0000,1,1,1,1,2,1,1,2,1,1
SF,IF2005,2020-04-13 09:51:54.100,3725.0000,10304,0,1483572300.000,0,-,-,-,-,3724.4000,3723.4000,3723.0000,3722.8000,3722.6000,3725.4000,3725.6000,3725.8000,3726.0000,3727.0000,1,1,1,1,2,1,2,1,1,1
SF,IF2005,2020-04-13 09:51:54.600,3725.0000,10304,0,1483572300.000,0,-,-,-,-,3724.4000,3723.4000,3723.0000,3722.8000,3722.6000,3725.4000,3725.6000,3725.8000,3726.0000,3727.0000,1,1,1,1,2,1,2,1,1,1
SF,IF2005,2020-04-13 09:51:55.100,3725.0000,10304,0,1483572300.000,0,-,-,-,-,3724.4000,3723.4000,3723.0000,3722.8000,3722.6000,3725.4000,3725.6000,3725.8000,3726.0000,3727.0000,1,1,1,1,2,1,2,1,1,1
SF,IF2005,2020-04-13 09:51:55.600,3725.0000,10304,0,1483572300.000,0,-,-,-,-,3724.4000,3723.4000,3723.0000,3722.8000,3722.6000,3725.4000,3725.6000,3725.8000,3726.0000,3727.0000,1,1,1,1,2,1,2,1,1,1
SF,IF2005,2020-04-13 09:51:56.100,3724.4000,10303,-1,1484689620.000,1,0,1,双平,S,3723.4000,3722.8000,3722.6000,3722.4000,3722.2000,3725.2000,3725.4000,3725.6000,3725.8000,3726.0000,1,1,2,6,2,2,1,1,1,1
SF,IF2005,2020-04-13 09:51:56.600,3724.4000,10303,0,1484689620.000,0,-,-,-,-,3723.6000,3723.4000,3722.8000,3722.6000,3722.4000,3725.2000,3725.4000,3725.8000,3726.0000,3727.0000,2,1,1,2,6,2,1,1,1,1
SF,IF2005,2020-04-13 09:51:57.100,3725.0000,10303,0,1485807120.000,1,0,1,多换,S,3723.6000,3722.6000,3722.4000,3722.2000,3721.2000,3725.0000,3725.2000,3725.8000,3726.0000,3726.4000,2,2,5,2,1,1,1,1,1,2
SF,IF2005,2020-04-13 09:51:57.600,3725.0000,10303,0,1485807120.000,0,-,-,-,-,3723.6000,3722.6000,3722.4000,3722.2000,3721.2000,3724.8000,3725.0000,3725.8000,3726.4000,3727.0000,2,2,5,2,1,1,2,1,2,1
SF,IF2005,2020-04-13 09:51:58.100,3725.0000,10303,0,1485807120.000,0,-,-,-,-,3723.8000,3723.6000,3722.6000,3722.4000,3722.2000,3724.8000,3725.0000,3725.8000,3726.4000,3727.0000,1,2,1,5,2,1,1,1,2,1
SF,IF2005,2020-04-13 09:51:58.600,3725.0000,10303,0,1485807120.000,0,-,-,-,-,3723.6000,3722.4000,3722.2000,3721.2000,3720.0000,3724.6000,3724.8000,3725.0000,3725.8000,3726.4000,2,5,2,1,1,1,1,1,1,2
SF,IF2005,2020-04-13 09:51:59.100,3725.0000,10303,0,1485807120.000,0,-,-,-,-,3723.6000,3722.4000,3722.2000,3721.2000,3720.0000,3724.4000,3724.8000,3725.0000,3725.8000,3726.4000,2,2,1,1,1,1,1,1,1,2
SF,IF2005,2020-04-13 09:51:59.600,3725.0000,10303,0,1485807120.000,0,-,-,-,-,3723.6000,3722.4000,3722.2000,3721.2000,3720.0000,3724.8000,3725.0000,3725.8000,3726.4000,3727.0000,2,2,1,1,1,1,1,1,2,1
SF,IF2005,2020-04-13 09:52:00.100,3725.0000,10303,0,1485807120.000,0,-,-,-,-,3723.6000,3722.4000,3722.2000,3721.2000,3720.0000,3724.4000,3724.8000,3725.0000,3725.8000,3726.4000,2,2,1,1,1,1,1,1,1,2
SF,IF2005,2020-04-13 09:52:01.100,3725.0000,10303,0,1485807120.000,0,-,-,-,-,3723.6000,3722.4000,3722.2000,3721.2000,3720.0000,3724.4000,3724.8000,3725.0000,3725.8000,3726.4000,2,1,1,1,1,1,1,1,1,2
SF,IF2005,2020-04-13 09:52:02.100,3724.4000,10304,1,1486924440.000,1,1,0,双开,S,3723.6000,3722.4000,3722.2000,3721.2000,3720.0000,3724.8000,3725.0000,3725.8000,3726.4000,3727.0000,2,1,1,1,1,1,1,1,2,1
SF,IF2005,2020-04-13 09:52:02.600,3724.4000,10304,0,1486924440.000,0,-,-,-,-,3724.0000,3723.8000,3723.6000,3722.4000,3722.2000,3725.0000,3725.8000,3726.4000,3727.0000,3727.6000,1,1,1,1,1,1,1,2,1,5
SF,IF2005,2020-04-13 09:52:03.100,3725.0000,10304,0,1488041940.000,1,0,1,多换,S,3724.8000,3724.4000,3724.2000,3724.0000,3723.8000,3725.8000,3726.4000,3727.0000,3727.6000,3728.0000,1,1,3,2,1,1,2,1,5,12
SF,IF2005,2020-04-13 09:52:03.600,3725.8000,10305,1,1489159680.000,1,1,0,双开,S,3725.4000,3725.2000,3725.0000,3724.8000,3724.4000,3727.0000,3727.6000,3728.0000,3729.0000,3729.2000,1,1,3,1,1,1,5,12,1,1
SF,IF2005,2020-04-13 09:52:04.100,3725.8000,10305,0,1489159680.000,0,-,-,-,-,3725.6000,3725.4000,3725.2000,3725.0000,3724.2000,3726.8000,3727.0000,3727.6000,3728.0000,3728.2000,1,1,1,1,3,3,1,5,12,2
SF,IF2005,2020-04-13 09:52:04.600,3725.8000,10305,0,1489159680.000,0,-,-,-,-,3725.8000,3725.2000,3725.0000,3724.2000,3724.0000,3726.8000,3727.0000,3727.6000,3728.0000,3728.2000,1,1,1,2,1,2,1,5,12,2
SF,IF2005,2020-04-13 09:52:05.100,3726.6000,10306,1,1490277660.000,1,1,0,双开,S,3725.8000,3724.2000,3724.0000,3722.2000,3721.2000,3726.8000,3727.0000,3727.6000,3728.0000,3728.2000,2,2,1,1,1,2,1,5,12,2
SF,IF2005,2020-04-13 09:52:05.600,3725.8000,10305,-1,1491395400.000,1,0,1,双平,S,3724.2000,3724.0000,3722.2000,3721.2000,3720.0000,3726.8000,3727.0000,3727.6000,3728.0000,3728.2000,2,1,1,1,1,2,1,5,12,2
SF,IF2005,2020-04-13 09:52:06.100,3725.8000,10305,0,1491395400.000,0,-,-,-,-,3724.8000,3724.4000,3724.2000,3724.0000,3722.2000,3725.8000,3726.6000,3726.8000,3727.0000,3727.6000,2,4,5,1,1,1,2,2,1,5
SF,IF2005,2020-04-13 09:52:06.600,3725.8000,10305,0,1491395400.000,0,-,-,-,-,3724.8000,3724.4000,3724.2000,3724.0000,3722.2000,3725.8000,3726.8000,3727.0000,3727.6000,3728.0000,2,2,1,1,1,1,1,1,5,12
SF,IF2005,2020-04-13 09:52:07.100,3725.8000,10306,1,1492513140.000,1,1,0,双开,S,3725.0000,3724.8000,3724.4000,3724.2000,3724.0000,3726.8000,3727.0000,3727.4000,3727.6000,3728.0000,1,2,1,1,1,1,1,2,5,12
SF,IF2005,2020-04-13 09:52:07.600,3725.8000,10306,0,1492513140.000,0,-,-,-,-,3725.0000,3724.8000,3724.4000,3724.2000,3724.0000,3726.4000,3726.8000,3727.0000,3727.4000,3727.6000,1,2,1,1,1,1,1,1,2,5
SF,IF2005,2020-04-13 09:52:08.100,3725.8000,10306,0,1492513140.000,0,-,-,-,-,3725.2000,3725.0000,3724.8000,3724.4000,3724.2000,3726.4000,3726.8000,3727.0000,3727.4000,3727.6000,1,1,1,1,1,1,1,1,2,5
SF,IF2005,2020-04-13 09:52:08.600,3725.8000,10306,0,1492513140.000,0,-,-,-,-,3725.2000,3725.0000,3724.4000,3724.2000,3724.0000,3726.4000,3726.8000,3727.0000,3727.4000,3727.6000,1,1,1,1,1,1,1,1,2,5
SF,IF2005,2020-04-13 09:52:09.100,3725.8000,10306,0,1492513140.000,0,-,-,-,-,3725.4000,3725.2000,3724.4000,3724.2000,3724.0000,3726.4000,3726.8000,3727.0000,3727.4000,3727.6000,2,1,1,1,1,1,1,1,2,5
SF,IF2005,2020-04-13 09:52:10.600,3725.8000,10306,0,1492513140.000,0,-,-,-,-,3725.4000,3725.2000,3724.4000,3724.2000,3724.0000,3726.4000,3726.8000,3727.0000,3727.4000,3727.6000,2,1,1,1,1,1,1,1,2,5
SF,IF2005,2020-04-13 09:52:12.100,3725.8000,10306,0,1492513140.000,0,-,-,-,-,3725.4000,3725.2000,3724.4000,3724.2000,3724.0000,3726.4000,3726.8000,3727.0000,3727.4000,3727.6000,2,1,1,1,1,1,1,1,2,5
SF,IF2005,2020-04-13 09:52:13.600,3725.4000,10306,0,1493630760.000,1,0,1,多换,S,3725.2000,3724.4000,3724.2000,3724.0000,3723.8000,3726.4000,3726.8000,3727.0000,3727.4000,3727.6000,1,1,1,1,1,1,1,1,2,5
SF,IF2005,2020-04-13 09:52:14.100,3725.4000,10306,0,1493630760.000,0,-,-,-,-,3725.2000,3724.4000,3724.2000,3724.0000,3723.8000,3726.2000,3726.4000,3727.0000,3727.4000,3727.6000,1,1,1,1,1,1,1,1,2,5
SF,IF2005,2020-04-13 09:52:15.600,3726.2000,10306,0,1494748620.000,1,0,1,多换,S,3725.2000,3724.4000,3724.2000,3724.0000,3723.8000,3726.4000,3727.0000,3727.4000,3727.6000,3728.0000,1,1,1,1,1,1,1,2,5,12
SF,IF2005,2020-04-13 09:52:16.100,3726.2000,10306,0,1494748620.000,0,-,-,-,-,3725.2000,3724.4000,3724.2000,3724.0000,3723.8000,3726.2000,3726.4000,3727.0000,3727.4000,3727.6000,1,1,1,1,1,1,1,1,2,5
SF,IF2005,2020-04-13 09:52:16.600,3726.2000,10306,0,1494748620.000,0,-,-,-,-,3725.2000,3724.4000,3724.2000,3724.0000,3723.8000,3726.2000,3726.4000,3727.0000,3727.4000,3727.6000,1,1,1,1,1,2,1,1,2,5
SF,IF2005,2020-04-13 09:52:17.100,3726.2000,10306,0,1494748620.000,0,-,-,-,-,3724.2000,3724.0000,3723.8000,3722.2000,3721.2000,3726.0000,3726.2000,3727.0000,3727.4000,3727.6000,1,1,1,1,1,1,2,1,2,5
SF,IF2005,2020-04-13 09:52:17.600,3726.2000,10306,0,1494748620.000,0,-,-,-,-,3724.6000,3724.4000,3724.2000,3724.0000,3723.8000,3725.8000,3726.0000,3727.0000,3727.4000,3727.6000,1,2,1,1,1,1,1,1,2,5
SF,IF2005,2020-04-13 09:52:18.100,3726.2000,10306,0,1494748620.000,0,-,-,-,-,3724.8000,3724.6000,3724.4000,3724.2000,3724.0000,3725.6000,3725.8000,3727.0000,3727.4000,3727.6000,1,1,1,1,1,2,1,1,2,5
SF,IF2005,2020-04-13 09:52:19.600,3726.2000,10306,0,1494748620.000,0,-,-,-,-,3724.8000,3724.6000,3724.4000,3724.2000,3724.0000,3725.6000,3725.8000,3727.0000,3727.4000,3727.6000,1,1,1,1,1,1,1,1,2,5
SF,IF2005,2020-04-13 09:52:20.100,3726.2000,10306,0,1494748620.000,0,-,-,-,-,3724.8000,3724.6000,3724.4000,3724.2000,3724.0000,3725.6000,3727.0000,3727.4000,3727.6000,3728.0000,2,1,1,1,1,1,1,2,5,12
SF,IF2005,2020-04-13 09:52:23.100,3724.8000,10306,0,1495866060.000,1,0,1,多换,S,3724.8000,3724.6000,3724.4000,3724.2000,3724.0000,3725.6000,3727.0000,3727.4000,3727.6000,3728.0000,1,1,1,1,1,1,1,2,5,12
SF,IF2005,2020-04-13 09:52:23.600,3724.8000,10306,0,1495866060.000,0,-,-,-,-,3724.8000,3724.6000,3724.4000,3724.2000,3724.0000,3725.4000,3725.6000,3727.0000,3727.4000,3727.6000,1,1,1,1,1,1,1,1,2,5
SF,IF2005,2020-04-13 09:52:24.100,3724.8000,10306,0,1495866060.000,0,-,-,-,-,3724.8000,3724.4000,3724.2000,3724.0000,3723.8000,3725.4000,3725.6000,3727.0000,3727.4000,3727.6000,1,1,1,1,1,1,1,1,2,5
SF,IF2005,2020-04-13 09:52:25.100,3724.8000,10306,0,1496983500.000,1,0,1,多换,S,3724.2000,3724.0000,3723.8000,3722.2000,3721.2000,3725.2000,3725.4000,3727.0000,3727.4000,3727.6000,1,1,1,1,1,1,1,1,2,5
SF,IF2005,2020-04-13 09:52:25.600,3724.8000,10306,0,1496983500.000,0,-,-,-,-,3724.0000,3723.8000,3722.2000,3721.2000,3720.8000,3725.2000,3725.4000,3727.0000,3727.4000,3727.6000,1,1,1,1,1,1,1,1,2,5
SF,IF2005,2020-04-13 09:52:26.100,3724.8000,10306,0,1496983500.000,0,-,-,-,-,3724.0000,3723.8000,3722.2000,3721.2000,3720.8000,3725.0000,3725.2000,3727.0000,3727.4000,3727.6000,1,1,1,1,1,1,1,1,2,5
SF,IF2005,2020-04-13 09:52:29.600,3724.8000,10306,0,1496983500.000,0,-,-,-,-,3724.0000,3723.8000,3722.2000,3721.2000,3720.8000,3724.8000,3725.0000,3725.2000,3727.0000,3727.4000,1,1,1,1,1,1,1,1,1,2
SF,IF2005,2020-04-13 09:52:30.100,3724.8000,10306,0,1496983500.000,0,-,-,-,-,3724.0000,3723.8000,3722.2000,3721.2000,3720.8000,3725.0000,3725.2000,3727.0000,3727.4000,3727.6000,1,1,1,1,1,1,1,1,2,5
SF,IF2005,2020-04-13 09:52:30.600,3725.0000,10306,0,1498101000.000,1,0,1,多换,S,3724.0000,3723.8000,3722.2000,3721.2000,3720.8000,3725.2000,3727.0000,3727.4000,3727.6000,3728.0000,1,1,1,1,1,1,1,2,5,12
SF,IF2005,2020-04-13 09:52:31.100,3725.0000,10306,0,1498101000.000,0,-,-,-,-,3724.0000,3723.8000,3722.2000,3721.2000,3720.8000,3725.0000,3725.2000,3727.0000,3727.6000,3728.0000,1,1,1,1,1,1,1,1,5,12
SF,IF2005,2020-04-13 09:52:31.600,3725.0000,10306,0,1498101000.000,0,-,-,-,-,3724.0000,3723.8000,3722.2000,3721.2000,3720.8000,3725.0000,3725.2000,3727.0000,3727.6000,3728.0000,1,1,1,1,1,2,1,1,5,12
SF,IF2005,2020-04-13 09:52:32.100,3725.0000,10306,0,1498101000.000,0,-,-,-,-,3724.0000,3723.8000,3722.2000,3721.2000,3720.8000,3725.0000,3725.2000,3726.4000,3727.0000,3727.6000,1,1,1,1,1,2,1,2,1,5
SF,IF2005,2020-04-13 09:52:34.100,3724.0000,10307,1,1499218200.000,1,1,0,双开,S,3723.8000,3722.2000,3721.2000,3720.8000,3719.4000,3725.0000,3725.2000,3726.4000,3727.0000,3727.6000,1,1,1,1,4,2,1,2,1,5
SF,IF2005,2020-04-13 09:52:34.600,3724.0000,10307,0,1499218200.000,0,-,-,-,-,3723.8000,3722.2000,3721.2000,3720.8000,3719.4000,3724.8000,3725.0000,3726.4000,3727.0000,3727.6000,1,1,1,1,4,3,1,2,1,5
SF,IF2005,2020-04-13 09:52:35.100,3724.0000,10307,0,1499218200.000,0,-,-,-,-,3723.8000,3722.2000,3721.2000,3720.8000,3719.4000,3724.8000,3725.0000,3726.4000,3727.0000,3727.6000,1,1,1,1,4,2,1,2,1,5
SF,IF2005,2020-04-13 09:52:37.600,3723.8000,10308,1,1500335340.000,1,1,0,双开,S,3722.2000,3721.2000,3720.8000,3719.4000,3718.4000,3724.8000,3725.0000,3726.4000,3727.0000,3727.6000,1,1,1,4,1,2,1,2,1,5
SF,IF2005,2020-04-13 09:52:38.100,3723.8000,10308,0,1500335340.000,0,-,-,-,-,3722.8000,3722.6000,3722.4000,3722.2000,3721.2000,3724.4000,3724.6000,3726.4000,3727.0000,3727.6000,1,1,1,1,1,1,3,2,1,5
SF,IF2005,2020-04-13 09:52:38.600,3723.8000,10308,0,1500335340.000,0,-,-,-,-,3723.0000,3722.8000,3722.6000,3722.2000,3721.2000,3724.2000,3724.4000,3724.6000,3726.4000,3727.0000,1,1,2,1,1,1,1,2,2,1
SF,IF2005,2020-04-13 09:52:39.100,3723.8000,10308,0,1500335340.000,0,-,-,-,-,3723.0000,3722.8000,3722.6000,3722.2000,3721.2000,3724.2000,3724.4000,3724.6000,3726.4000,3727.0000,1,1,1,1,1,1,1,1,2,1
SF,IF2005,2020-04-13 09:52:39.600,3723.8000,10308,0,1500335340.000,0,-,-,-,-,3723.2000,3723.0000,3722.6000,3722.2000,3721.2000,3724.2000,3724.4000,3724.6000,3726.4000,3727.0000,1,1,1,1,1,1,1,1,2,1
SF,IF2005,2020-04-13 09:52:40.100,3723.8000,10308,0,1500335340.000,0,-,-,-,-,3723.2000,3723.0000,3722.6000,3722.2000,3721.2000,3724.2000,3724.4000,3726.4000,3727.0000,3727.6000,3,1,1,1,1,1,1,2,1,5
SF,IF2005,2020-04-13 09:52:41.100,3723.8000,10308,0,1500335340.000,0,-,-,-,-,3723.2000,3723.0000,3722.6000,3722.2000,3721.2000,3724.2000,3724.4000,3726.4000,3727.0000,3727.6000,2,1,1,1,1,1,1,2,1,5
SF,IF2005,2020-04-13 09:52:41.600,3723.8000,10308,0,1500335340.000,0,-,-,-,-,3723.2000,3723.0000,3722.6000,3722.2000,3721.2000,3724.0000,3724.2000,3726.4000,3727.0000,3727.6000,1,1,1,1,1,2,1,2,1,5
SF,IF2005,2020-04-13 09:52:42.600,3723.8000,10308,0,1500335340.000,0,-,-,-,-,3723.2000,3723.0000,3722.6000,3722.2000,3721.2000,3724.0000,3724.2000,3726.4000,3727.0000,3727.6000,1,1,1,1,1,1,1,2,1,5
SF,IF2005,2020-04-13 09:52:43.100,3723.8000,10308,0,1500335340.000,0,-,-,-,-,3723.2000,3723.0000,3722.6000,3722.2000,3721.2000,3724.0000,3724.2000,3726.4000,3727.0000,3727.6000,1,1,1,1,1,1,1,2,1,5
SF,IF2005,2020-04-13 09:52:43.600,3724.0000,10307,-1,1501452540.000,1,0,1,双平,S,3723.4000,3723.2000,3723.0000,3722.2000,3721.2000,3724.2000,3727.0000,3727.6000,3728.0000,3729.0000,1,1,1,1,1,1,1,5,12,1
SF,IF2005,2020-04-13 09:52:44.100,3723.6000,10307,0,1503686880.000,2,1,1,多换,S,3723.4000,3723.2000,3723.0000,3722.2000,3721.2000,3725.6000,3727.0000,3727.6000,3728.0000,3729.0000,1,1,1,1,1,2,1,5,12,1
SF,IF2005,2020-04-13 09:52:44.600,3723.6000,10307,0,1503686880.000,0,-,-,-,-,3723.8000,3723.6000,3722.2000,3721.2000,3720.8000,3725.4000,3725.6000,3727.0000,3727.6000,3728.0000,1,2,1,1,1,4,3,1,5,12
SF,IF2005,2020-04-13 09:52:45.100,3723.6000,10307,0,1503686880.000,0,-,-,-,-,3724.0000,3723.8000,3723.6000,3722.2000,3721.2000,3725.2000,3725.4000,3725.6000,3727.0000,3727.6000,1,1,1,1,1,1,5,3,1,5
SF,IF2005,2020-04-13 09:52:45.600,3723.6000,10307,0,1503686880.000,0,-,-,-,-,3723.8000,3723.6000,3722.2000,3721.2000,3720.8000,3725.0000,3725.2000,3725.4000,3725.6000,3727.0000,1,1,1,1,1,2,1,3,3,1
SF,IF2005,2020-04-13 09:52:46.100,3723.6000,10307,0,1503686880.000,0,-,-,-,-,3723.8000,3723.6000,3722.2000,3721.2000,3720.8000,3724.0000,3724.8000,3725.0000,3725.2000,3725.4000,1,1,1,1,1,1,1,1,2,3
SF,IF2005,2020-04-13 09:52:46.600,3724.0000,10308,1,1504804080.000,1,1,0,双开,S,3723.8000,3723.6000,3722.2000,3721.2000,3720.8000,3725.0000,3725.2000,3725.4000,3725.6000,3727.0000,1,1,1,1,1,1,2,3,3,1
SF,IF2005,2020-04-13 09:52:47.100,3724.0000,10308,0,1504804080.000,0,-,-,-,-,3723.8000,3723.6000,3722.2000,3721.2000,3720.8000,3724.8000,3725.0000,3725.2000,3725.4000,3725.6000,1,1,1,1,1,2,1,2,3,3
SF,IF2005,2020-04-13 09:52:47.600,3723.8000,10308,0,1505921220.000,1,0,1,多换,S,3723.6000,3722.2000,3721.2000,3720.8000,3719.4000,3724.8000,3725.0000,3725.2000,3725.4000,3725.6000,1,1,1,1,4,2,1,2,3,3
SF,IF2005,2020-04-13 09:52:48.100,3723.8000,10307,-1,1507038360.000,1,0,1,双平,S,3723.6000,3722.2000,3721.2000,3720.8000,3719.4000,3724.8000,3725.0000,3725.2000,3725.4000,3725.6000,1,1,1,1,4,2,1,2,1,3
SF,IF2005,2020-04-13 09:52:48.600,3723.8000,10307,0,1507038360.000,0,-,-,-,-,3723.6000,3722.2000,3721.2000,3720.8000,3719.4000,3724.6000,3724.8000,3725.2000,3725.4000,3725.6000,1,1,1,1,4,2,2,2,1,3
SF,IF2005,2020-04-13 09:52:49.100,3723.8000,10307,0,1507038360.000,0,-,-,-,-,3723.6000,3722.2000,3721.2000,3720.8000,3719.4000,3724.6000,3724.8000,3725.2000,3725.4000,3725.6000,1,1,1,1,4,2,1,2,1,3
SF,IF2005,2020-04-13 09:52:49.600,3723.6000,10307,0,1508155440.000,1,0,1,多换,S,3722.2000,3721.2000,3720.8000,3719.4000,3718.4000,3724.4000,3724.6000,3724.8000,3725.2000,3725.4000,1,1,1,4,1,1,2,1,2,1
SF,IF2005,2020-04-13 09:52:50.100,3723.6000,10307,0,1508155440.000,0,-,-,-,-,3722.8000,3722.6000,3722.4000,3722.2000,3721.2000,3724.2000,3724.4000,3724.8000,3725.2000,3725.4000,1,1,6,5,1,2,2,1,2,1
SF,IF2005,2020-04-13 09:52:50.600,3723.6000,10307,0,1508155440.000,0,-,-,-,-,3723.0000,3722.8000,3722.6000,3722.4000,3722.2000,3724.2000,3724.4000,3724.8000,3725.2000,3725.4000,1,1,2,5,5,2,2,1,1,1
SF,IF2005,2020-04-13 09:52:51.100,3723.6000,10307,0,1508155440.000,0,-,-,-,-,3723.2000,3723.0000,3722.6000,3722.4000,3722.2000,3724.2000,3724.4000,3725.2000,3725.4000,3725.6000,2,1,1,5,5,2,2,1,1,3
SF,IF2005,2020-04-13 09:52:51.600,3723.6000,10307,0,1508155440.000,0,-,-,-,-,3723.4000,3723.2000,3722.6000,3722.4000,3722.2000,3724.2000,3724.4000,3725.2000,3725.4000,3725.6000,1,2,1,4,5,1,1,1,1,3
SF,IF2005,2020-04-13 09:52:53.600,3723.6000,10307,0,1508155440.000,0,-,-,-,-,3723.4000,3723.2000,3722.6000,3722.4000,3722.2000,3724.2000,3724.4000,3725.2000,3725.4000,3725.6000,1,1,1,4,5,1,1,1,1,3
SF,IF2005,2020-04-13 09:52:56.100,3723.4000,10307,0,1509272460.000,1,0,1,多换,S,3723.2000,3722.6000,3722.4000,3722.2000,3721.2000,3724.2000,3724.4000,3725.2000,3725.4000,3725.6000,1,1,4,5,1,1,1,1,1,3
SF,IF2005,2020-04-13 09:52:57.100,3723.4000,10307,0,1509272460.000,0,-,-,-,-,3723.2000,3722.6000,3722.4000,3722.2000,3721.2000,3724.0000,3724.4000,3725.2000,3725.4000,3725.6000,1,1,4,5,1,1,1,1,1,3
SF,IF2005,2020-04-13 09:52:57.600,3724.0000,10306,-1,1510389660.000,1,0,1,双平,S,3724.2000,3723.4000,3723.2000,3722.6000,3722.4000,3724.4000,3725.2000,3725.4000,3725.6000,3727.0000,1,1,1,1,4,1,1,1,3,1
SF,IF2005,2020-04-13 09:52:58.100,3724.2000,10306,0,1511506920.000,1,0,1,多换,S,3722.6000,3722.4000,3722.2000,3721.2000,3720.8000,3724.2000,3724.4000,3725.2000,3725.4000,3725.6000,1,4,5,1,1,1,1,1,1,3
SF,IF2005,2020-04-13 09:52:58.600,3724.2000,10306,0,1511506920.000,0,-,-,-,-,3723.2000,3722.8000,3722.6000,3722.4000,3722.2000,3724.0000,3724.2000,3725.2000,3725.4000,3725.6000,1,3,1,4,5,4,2,1,1,3
SF,IF2005,2020-04-13 09:52:59.100,3724.0000,10305,-1,1512624120.000,1,0,1,双平,S,3724.0000,3723.2000,3722.8000,3722.6000,3722.4000,3724.2000,3725.4000,3725.6000,3727.0000,3727.6000,1,1,5,1,4,2,1,3,1,5
SF,IF2005,2020-04-13 09:52:59.600,3724.2000,10305,0,1514858640.000,2,1,1,多换,S,3724.0000,3723.6000,3722.8000,3722.4000,3722.2000,3725.4000,3725.6000,3727.0000,3727.6000,3728.0000,1,1,4,4,5,1,3,1,5,2
SF,IF2005,2020-04-13 09:53:00.100,3724.2000,10305,0,1514858640.000,0,-,-,-,-,3724.4000,3723.6000,3722.8000,3722.4000,3722.2000,3725.0000,3725.2000,3725.4000,3725.6000,3727.0000,1,1,4,4,5,1,2,1,3,1
SF,IF2005,2020-04-13 09:53:00.600,3724.4000,10306,1,1515975960.000,1,1,0,双开,S,3722.8000,3722.4000,3722.2000,3721.2000,3720.8000,3725.0000,3725.2000,3725.6000,3727.0000,3727.6000,3,4,5,1,1,1,3,1,1,5
SF,IF2005,2020-04-13 09:53:01.100,3724.4000,10306,0,1515975960.000,0,-,-,-,-,3723.6000,3723.4000,3723.2000,3723.0000,3722.8000,3724.8000,3725.0000,3725.2000,3725.6000,3726.6000,1,3,2,2,3,1,1,2,1,2
SF,IF2005,2020-04-13 09:53:01.600,3724.4000,10306,0,1515975960.000,0,-,-,-,-,3723.8000,3723.6000,3723.4000,3723.2000,3723.0000,3724.8000,3725.0000,3725.2000,3725.6000,3726.2000,2,1,3,2,2,1,1,2,1,1
SF,IF2005,2020-04-13 09:53:02.600,3724.8000,10306,0,1517093400.000,1,0,1,多换,S,3723.8000,3723.6000,3723.4000,3723.2000,3723.0000,3725.0000,3725.2000,3725.6000,3726.2000,3726.6000,2,1,3,2,2,1,2,1,1,2
SF,IF2005,2020-04-13 09:53:03.600,3724.8000,10306,0,1517093400.000,0,-,-,-,-,3723.8000,3723.6000,3723.4000,3723.2000,3723.0000,3725.0000,3725.2000,3725.6000,3726.2000,3726.6000,2,1,3,2,3,1,2,1,1,2
SF,IF2005,2020-04-13 09:53:04.100,3724.8000,10306,0,1517093400.000,0,-,-,-,-,3725.0000,3724.2000,3724.0000,3723.8000,3723.6000,3725.2000,3725.6000,3726.2000,3726.6000,3727.0000,1,1,1,1,1,1,1,1,2,1
SF,IF2005,2020-04-13 09:53:04.600,3725.0000,10307,1,1518210900.000,1,1,0,双开,S,3723.8000,3723.4000,3723.2000,3723.0000,3722.8000,3725.0000,3725.2000,3725.6000,3726.2000,3726.6000,1,2,1,3,2,3,1,1,1,2
SF,IF2005,2020-04-13 09:53:05.100,3725.0000,10307,0,1518210900.000,0,-,-,-,-,3723.8000,3723.4000,3723.2000,3723.0000,3722.8000,3725.0000,3725.6000,3726.2000,3726.6000,3727.0000,1,2,1,3,2,1,1,1,2,1
SF,IF2005,2020-04-13 09:53:05.600,3725.0000,10307,0,1518210900.000,0,-,-,-,-,3724.0000,3723.8000,3723.4000,3723.2000,3723.0000,3725.0000,3725.6000,3726.2000,3726.6000,3727.0000,2,1,2,1,1,1,1,1,2,1
SF,IF2005,2020-04-13 09:53:06.100,3725.0000,10307,0,1518210900.000,0,-,-,-,-,3724.0000,3723.8000,3723.4000,3723.2000,3723.0000,3724.8000,3725.0000,3725.6000,3726.2000,3726.6000,2,1,2,1,1,1,1,1,1,2
SF,IF2005,2020-04-13 09:53:06.600,3725.0000,10307,0,1518210900.000,0,-,-,-,-,3723.8000,3723.4000,3723.2000,3723.0000,3722.8000,3724.8000,3725.0000,3725.6000,3726.2000,3726.6000,1,2,1,1,2,1,1,1,1,2
SF,IF2005,2020-04-13 09:53:07.100,3725.0000,10307,0,1518210900.000,0,-,-,-,-,3723.8000,3723.4000,3723.2000,3723.0000,3722.8000,3724.0000,3724.6000,3725.0000,3725.6000,3726.2000,1,2,1,1,1,1,1,1,1,1
SF,IF2005,2020-04-13 09:53:07.600,3725.0000,10307,0,1518210900.000,0,-,-,-,-,3723.0000,3722.8000,3722.2000,3721.2000,3720.8000,3724.0000,3724.6000,3725.0000,3725.6000,3726.6000,1,1,5,1,1,1,2,1,1,2
SF,IF2005,2020-04-13 09:53:08.100,3725.0000,10307,0,1518210900.000,0,-,-,-,-,3723.2000,3723.0000,3722.8000,3722.2000,3721.2000,3724.0000,3724.6000,3725.0000,3725.6000,3727.0000,1,1,1,5,1,1,1,1,1,1
SF,IF2005,2020-04-13 09:53:08.600,3725.0000,10307,0,1518210900.000,0,-,-,-,-,3723.2000,3723.0000,3722.8000,3722.2000,3721.2000,3724.0000,3724.6000,3725.0000,3725.6000,3727.0000,1,1,1,5,1,1,1,1,3,1
SF,IF2005,2020-04-13 09:53:09.100,3725.0000,10307,0,1518210900.000,0,-,-,-,-,3723.2000,3723.0000,3722.8000,3722.2000,3721.2000,3724.0000,3724.6000,3724.8000,3725.0000,3725.6000,1,1,1,5,1,1,1,1,1,3
SF,IF2005,2020-04-13 09:53:10.100,3724.0000,10308,1,1519328100.000,1,1,0,双开,S,3723.2000,3723.0000,3722.8000,3722.2000,3722.0000,3724.6000,3724.8000,3725.0000,3725.6000,3727.0000,1,1,1,5,1,1,1,1,3,1
SF,IF2005,2020-04-13 09:53:10.600,3724.0000,10308,0,1519328100.000,0,-,-,-,-,3724.0000,3723.2000,3723.0000,3722.8000,3722.2000,3724.4000,3724.6000,3724.8000,3725.0000,3725.6000,1,1,1,1,5,1,1,1,1,3
SF,IF2005,2020-04-13 09:53:11.100,3724.0000,10308,0,1519328100.000,0,-,-,-,-,3724.0000,3723.2000,3723.0000,3722.8000,3722.2000,3724.4000,3724.6000,3725.0000,3725.6000,3727.0000,1,1,1,1,5,1,1,1,3,1
SF,IF2005,2020-04-13 09:53:11.600,3724.0000,10309,1,1520445300.000,1,1,0,双开,S,3723.2000,3723.0000,3722.8000,3722.2000,3722.0000,3724.0000,3724.4000,3724.6000,3725.0000,3725.6000,1,1,1,5,1,1,1,1,1,3
SF,IF2005,2020-04-13 09:53:12.100,3724.0000,10309,0,1521562500.000,1,0,1,多换,S,3724.0000,3723.4000,3723.2000,3723.0000,3722.8000,3724.4000,3724.6000,3725.0000,3725.6000,3727.0000,1,1,1,1,1,1,1,1,3,1
SF,IF2005,2020-04-13 09:53:13.100,3724.4000,10309,0,1522679820.000,1,0,1,多换,S,3723.4000,3723.2000,3723.0000,3722.8000,3722.2000,3724.6000,3725.0000,3725.6000,3727.0000,3727.6000,1,1,1,1,5,1,1,3,1,5
SF,IF2005,2020-04-13 09:53:13.600,3724.4000,10309,0,1522679820.000,0,-,-,-,-,3724.4000,3723.6000,3723.0000,3722.8000,3722.2000,3725.0000,3725.6000,3727.0000,3727.6000,3728.0000,1,3,1,1,5,1,3,1,5,2
SF,IF2005,2020-04-13 09:53:14.100,3724.4000,10309,0,1522679820.000,0,-,-,-,-,3724.4000,3723.6000,3723.0000,3722.8000,3722.2000,3725.0000,3725.6000,3727.0000,3727.6000,3728.0000,1,1,1,1,5,1,3,1,5,2
SF,IF2005,2020-04-13 09:53:14.600,3724.4000,10309,0,1523797140.000,1,0,1,多换,S,3723.6000,3723.0000,3722.8000,3722.2000,3722.0000,3724.8000,3725.0000,3725.6000,3727.0000,3727.6000,1,1,1,5,1,1,1,3,1,5
SF,IF2005,2020-04-13 09:53:15.100,3724.4000,10309,0,1523797140.000,0,-,-,-,-,3723.8000,3723.6000,3723.0000,3722.8000,3722.2000,3724.8000,3725.0000,3725.6000,3727.0000,3727.6000,1,1,1,1,5,1,1,3,1,5
SF,IF2005,2020-04-13 09:53:15.600,3724.4000,10309,0,1523797140.000,0,-,-,-,-,3723.8000,3723.6000,3723.0000,3722.8000,3722.2000,3725.0000,3725.6000,3727.0000,3727.6000,3728.0000,1,1,1,1,5,1,3,1,5,2
SF,IF2005,2020-04-13 09:53:16.100,3724.4000,10309,0,1523797140.000,0,-,-,-,-,3723.8000,3723.6000,3723.0000,3722.8000,3722.2000,3724.8000,3725.0000,3725.6000,3727.0000,3727.6000,1,1,1,1,5,2,1,3,1,5
SF,IF2005,2020-04-13 09:53:17.100,3724.4000,10309,0,1523797140.000,0,-,-,-,-,3723.8000,3723.6000,3723.0000,3722.8000,3722.2000,3724.8000,3725.0000,3725.6000,3727.0000,3727.6000,1,1,1,1,5,3,1,3,1,5
SF,IF2005,2020-04-13 09:53:17.600,3724.4000,10309,0,1523797140.000,0,-,-,-,-,3723.8000,3723.6000,3723.0000,3722.8000,3722.2000,3724.8000,3725.0000,3725.6000,3727.0000,3727.6000,1,1,1,1,5,1,1,3,1,5
SF,IF2005,2020-04-13 09:53:18.100,3724.8000,10309,0,1524914580.000,1,0,1,多换,S,3723.8000,3723.6000,3723.0000,3722.8000,3722.2000,3725.0000,3725.6000,3727.0000,3727.6000,3728.0000,1,1,1,1,5,1,3,1,5,2
SF,IF2005,2020-04-13 09:53:18.600,3724.8000,10309,0,1524914580.000,0,-,-,-,-,3724.0000,3723.8000,3723.0000,3722.8000,3722.2000,3724.6000,3724.8000,3725.0000,3725.6000,3727.0000,1,1,1,1,5,1,1,1,3,1
SF,IF2005,2020-04-13 09:53:19.600,3724.8000,10309,0,1524914580.000,0,-,-,-,-,3724.0000,3723.8000,3723.0000,3722.8000,3722.2000,3724.6000,3724.8000,3725.0000,3725.6000,3727.0000,1,1,1,1,5,1,1,1,3,1
SF,IF2005,2020-04-13 09:53:20.100,3724.8000,10309,0,1524914580.000,0,-,-,-,-,3724.0000,3723.8000,3723.0000,3722.8000,3722.2000,3724.6000,3724.8000,3725.0000,3725.6000,3727.0000,1,1,1,1,5,1,1,2,3,1
SF,IF2005,2020-04-13 09:53:20.600,3724.8000,10309,0,1524914580.000,0,-,-,-,-,3723.8000,3723.0000,3722.8000,3722.2000,3722.0000,3724.8000,3725.0000,3725.6000,3727.0000,3727.6000,1,1,1,5,1,1,2,3,1,5
SF,IF2005,2020-04-13 09:53:21.100,3724.8000,10309,0,1524914580.000,0,-,-,-,-,3723.8000,3723.0000,3722.8000,3722.2000,3722.0000,3724.6000,3724.8000,3725.0000,3725.6000,3727.0000,1,1,1,5,1,1,1,2,3,1
SF,IF2005,2020-04-13 09:53:21.600,3724.8000,10309,0,1524914580.000,0,-,-,-,-,3723.8000,3723.0000,3722.8000,3722.2000,3722.0000,3724.8000,3725.0000,3725.6000,3727.0000,3727.6000,1,1,1,5,1,1,2,3,1,5
SF,IF2005,2020-04-13 09:53:22.100,3724.8000,10309,0,1524914580.000,0,-,-,-,-,3723.8000,3723.0000,3722.8000,3722.2000,3722.0000,3724.6000,3724.8000,3725.0000,3725.6000,3727.0000,1,1,1,5,1,1,1,2,3,1
SF,IF2005,2020-04-13 09:53:22.600,3724.8000,10309,0,1524914580.000,0,-,-,-,-,3723.8000,3723.0000,3722.8000,3722.2000,3722.0000,3724.8000,3725.0000,3725.6000,3727.0000,3727.6000,1,1,1,5,1,1,2,3,1,5
SF,IF2005,2020-04-13 09:53:23.100,3724.8000,10309,0,1524914580.000,0,-,-,-,-,3723.8000,3723.0000,3722.8000,3722.2000,3722.0000,3724.6000,3724.8000,3725.0000,3725.6000,3727.0000,1,1,1,5,1,1,1,2,3,1
SF,IF2005,2020-04-13 09:53:23.600,3724.8000,10309,0,1524914580.000,0,-,-,-,-,3723.8000,3723.0000,3722.8000,3722.2000,3722.0000,3724.8000,3725.0000,3725.6000,3727.0000,3727.6000,1,1,1,5,1,1,2,3,1,5
SF,IF2005,2020-04-13 09:53:24.600,3724.8000,10309,0,1524914580.000,0,-,-,-,-,3723.8000,3723.0000,3722.8000,3722.2000,3722.0000,3724.8000,3725.0000,3725.6000,3727.0000,3727.6000,2,1,1,5,1,1,2,3,1,5
SF,IF2005,2020-04-13 09:53:25.100,3724.8000,10309,0,1526032020.000,1,0,1,多换,S,3723.8000,3723.0000,3722.8000,3722.2000,3722.0000,3725.0000,3725.6000,3727.0000,3727.6000,3728.0000,2,1,1,5,1,2,3,1,5,2
SF,IF2005,2020-04-13 09:53:25.600,3724.8000,10309,0,1526032020.000,0,-,-,-,-,3724.0000,3723.8000,3723.0000,3722.8000,3722.2000,3724.8000,3725.0000,3725.6000,3727.0000,3727.6000,1,2,1,1,5,1,2,3,1,5
SF,IF2005,2020-04-13 09:53:26.100,3724.8000,10309,0,1526032020.000,0,-,-,-,-,3724.0000,3723.8000,3723.0000,3722.8000,3722.2000,3724.8000,3725.0000,3725.6000,3727.0000,3727.6000,1,2,1,1,5,2,2,3,1,5
SF,IF2005,2020-04-13 09:53:26.600,3724.8000,10309,0,1526032020.000,0,-,-,-,-,3724.0000,3723.8000,3723.0000,3722.8000,3722.2000,3724.8000,3725.0000,3725.6000,3727.0000,3727.6000,1,2,1,1,5,2,1,3,1,5
SF,IF2005,2020-04-13 09:53:27.100,3724.8000,10309,0,1526032020.000,0,-,-,-,-,3724.0000,3723.8000,3723.0000,3722.8000,3722.2000,3724.8000,3725.0000,3725.6000,3727.0000,3727.6000,1,2,1,1,5,2,1,3,1,5
SF,IF2005,2020-04-13 09:53:28.100,3724.0000,10308,-1,1530500700.000,4,1,3,多平,S,3723.0000,3722.8000,3722.2000,3722.0000,3721.2000,3724.6000,3724.8000,3725.0000,3725.6000,3727.0000,1,1,5,1,1,2,2,1,3,1
SF,IF2005,2020-04-13 09:53:28.600,3724.0000,10308,0,1530500700.000,0,-,-,-,-,3723.4000,3723.2000,3723.0000,3722.8000,3722.2000,3724.4000,3724.6000,3725.0000,3725.6000,3727.0000,1,2,1,1,5,1,2,1,3,1
SF,IF2005,2020-04-13 09:53:29.100,3724.0000,10308,0,1530500700.000,0,-,-,-,-,3723.4000,3723.2000,3723.0000,3722.2000,3722.0000,3724.4000,3724.6000,3725.0000,3725.6000,3727.0000,1,2,1,5,1,1,2,1,3,1
SF,IF2005,2020-04-13 09:53:29.600,3724.0000,10308,0,1530500700.000,0,-,-,-,-,3723.4000,3723.2000,3723.0000,3722.2000,3722.0000,3724.4000,3724.6000,3725.6000,3727.0000,3727.6000,1,2,1,5,1,1,2,3,1,5
SF,IF2005,2020-04-13 09:53:30.100,3724.0000,10308,0,1530500700.000,0,-,-,-,-,3723.4000,3723.2000,3723.0000,3722.2000,3722.0000,3724.4000,3724.6000,3725.6000,3727.0000,3727.6000,1,2,1,5,1,1,3,3,1,5
SF,IF2005,2020-04-13 09:53:30.600,3724.0000,10308,0,1530500700.000,0,-,-,-,-,3723.4000,3723.2000,3723.0000,3722.2000,3722.0000,3724.2000,3724.4000,3724.6000,3725.6000,3727.0000,1,2,1,5,1,3,1,2,3,1
SF,IF2005,2020-04-13 09:53:31.100,3723.2000,10308,0,1532734680.000,2,1,1,多换,S,3723.6000,3723.0000,3722.2000,3722.0000,3721.2000,3723.8000,3724.2000,3724.4000,3724.6000,3725.6000,1,1,4,1,1,1,1,1,2,3
SF,IF2005,2020-04-13 09:53:31.600,3723.0000,10309,1,1534968600.000,2,1,1,空开,S,3722.2000,3722.0000,3721.2000,3720.8000,3719.4000,3724.0000,3724.2000,3724.4000,3724.6000,3725.6000,4,1,1,1,4,1,1,1,2,3
SF,IF2005,2020-04-13 09:53:32.100,3723.0000,10309,0,1534968600.000,0,-,-,-,-,3722.4000,3722.2000,3722.0000,3721.2000,3720.8000,3723.6000,3723.8000,3724.2000,3724.6000,3725.6000,1,4,1,1,1,1,1,1,2,1
SF,IF2005,2020-04-13 09:53:32.600,3723.0000,10309,0,1534968600.000,0,-,-,-,-,3722.0000,3721.2000,3720.8000,3719.4000,3718.0000,3723.4000,3723.6000,3724.2000,3724.6000,3725.6000,1,1,1,4,1,1,2,1,4,1
SF,IF2005,2020-04-13 09:53:33.100,3723.0000,10309,0,1534968600.000,0,-,-,-,-,3722.0000,3721.2000,3720.8000,3719.4000,3718.0000,3723.2000,3723.4000,3724.2000,3724.6000,3725.6000,1,1,1,4,1,1,2,1,3,1
SF,IF2005,2020-04-13 09:53:33.600,3723.0000,10309,0,1534968600.000,0,-,-,-,-,3722.0000,3721.2000,3720.8000,3719.4000,3718.0000,3723.0000,3723.2000,3724.2000,3724.6000,3725.6000,1,1,1,4,1,1,1,1,3,1
SF,IF2005,2020-04-13 09:53:34.100,3723.0000,10309,0,1534968600.000,0,-,-,-,-,3722.2000,3722.0000,3721.2000,3720.8000,3719.4000,3723.0000,3723.2000,3724.2000,3724.6000,3725.6000,1,1,1,1,4,1,1,1,3,1
SF,IF2005,2020-04-13 09:53:34.600,3723.0000,10309,0,1534968600.000,0,-,-,-,-,3722.0000,3721.2000,3720.8000,3719.4000,3718.0000,3723.0000,3723.2000,3724.2000,3724.6000,3725.6000,1,1,1,4,1,1,1,1,3,1
SF,IF2005,2020-04-13 09:53:35.600,3723.0000,10309,0,1534968600.000,0,-,-,-,-,3722.2000,3722.0000,3721.2000,3720.8000,3719.8000,3723.0000,3723.2000,3724.2000,3724.6000,3725.6000,1,1,1,1,1,1,1,1,3,1
SF,IF2005,2020-04-13 09:53:36.100,3723.0000,10309,0,1536085500.000,1,0,1,多换,S,3722.2000,3722.0000,3721.2000,3720.8000,3719.8000,3723.2000,3724.6000,3725.6000,3727.0000,3727.6000,1,1,1,1,1,1,3,1,1,5
SF,IF2005,2020-04-13 09:53:36.600,3723.2000,10308,-1,1537202460.000,1,0,1,双平,S,3722.4000,3722.2000,3722.0000,3721.2000,3720.8000,3724.6000,3725.6000,3727.0000,3727.6000,3728.0000,2,1,1,1,1,3,1,1,5,2
SF,IF2005,2020-04-13 09:53:37.100,3723.2000,10308,0,1537202460.000,0,-,-,-,-,3723.2000,3722.6000,3722.4000,3722.0000,3721.2000,3724.0000,3724.4000,3724.6000,3727.0000,3727.6000,1,1,1,1,1,1,7,4,1,5
SF,IF2005,2020-04-13 09:53:37.600,3723.2000,10309,1,1538319420.000,1,1,0,双开,S,3722.6000,3722.4000,3722.0000,3721.2000,3720.8000,3724.0000,3724.4000,3724.6000,3727.0000,3727.6000,1,1,1,1,1,1,7,4,1,5
SF,IF2005,2020-04-13 09:53:38.100,3723.2000,10309,0,1538319420.000,0,-,-,-,-,3722.6000,3722.4000,3722.0000,3721.2000,3720.8000,3723.2000,3723.6000,3723.8000,3724.4000,3724.6000,1,1,1,1,1,2,1,2,6,4
SF,IF2005,2020-04-13 09:53:41.600,3722.6000,10308,-1,1539436200.000,1,0,1,双平,S,3722.4000,3722.0000,3721.2000,3720.8000,3719.8000,3723.2000,3723.6000,3723.8000,3724.4000,3724.6000,1,1,1,1,1,2,1,2,6,4
SF,IF2005,2020-04-13 09:53:42.100,3722.6000,10308,0,1539436200.000,0,-,-,-,-,3722.0000,3721.2000,3720.8000,3719.8000,3719.4000,3723.0000,3723.2000,3723.6000,3723.8000,3724.4000,1,1,1,1,4,1,2,1,2,6
SF,IF2005,2020-04-13 09:53:43.100,3722.6000,10308,0,1539436200.000,0,-,-,-,-,3722.0000,3721.2000,3720.8000,3719.8000,3719.4000,3723.0000,3723.2000,3723.8000,3724.4000,3724.6000,1,1,1,1,4,2,1,2,6,4
SF,IF2005,2020-04-13 09:53:45.100,3722.6000,10308,0,1539436200.000,0,-,-,-,-,3722.0000,3721.2000,3720.8000,3719.8000,3719.4000,3723.0000,3723.2000,3723.8000,3724.4000,3724.6000,1,1,1,1,4,2,1,2,6,4
SF,IF2005,2020-04-13 09:53:45.600,3722.6000,10308,0,1539436200.000,0,-,-,-,-,3722.0000,3721.2000,3720.8000,3719.8000,3719.4000,3723.0000,3723.2000,3723.8000,3724.4000,3724.6000,1,1,1,1,4,2,1,2,6,4
SF,IF2005,2020-04-13 09:53:46.100,3722.6000,10308,0,1539436200.000,0,-,-,-,-,3722.0000,3721.2000,3720.8000,3719.8000,3719.4000,3723.0000,3723.2000,3723.8000,3724.4000,3724.6000,1,1,1,1,4,2,1,2,6,4
SF,IF2005,2020-04-13 09:53:46.600,3722.6000,10308,0,1539436200.000,0,-,-,-,-,3722.0000,3721.2000,3720.8000,3719.8000,3719.4000,3723.0000,3723.2000,3723.8000,3724.4000,3724.6000,1,1,1,1,4,2,1,2,6,4
SF,IF2005,2020-04-13 09:53:47.100,3722.0000,10308,0,1540552800.000,1,0,1,多换,S,3721.2000,3720.8000,3719.8000,3719.4000,3718.0000,3722.8000,3723.0000,3723.2000,3723.8000,3724.4000,1,1,1,4,1,7,2,1,1,6
SF,IF2005,2020-04-13 09:53:47.600,3722.8000,10308,0,1541669640.000,1,0,1,多换,S,3721.4000,3721.2000,3720.8000,3719.8000,3719.4000,3722.8000,3723.0000,3723.2000,3723.8000,3724.4000,2,1,1,1,4,4,2,1,1,4
SF,IF2005,2020-04-13 09:53:48.100,3722.8000,10308,0,1541669640.000,0,-,-,-,-,3721.4000,3721.2000,3720.8000,3719.8000,3719.4000,3722.8000,3723.0000,3723.2000,3724.4000,3724.6000,3,1,1,1,4,4,1,1,4,4
SF,IF2005,2020-04-13 09:53:48.600,3722.8000,10308,0,1541669640.000,0,-,-,-,-,3721.4000,3721.2000,3720.8000,3719.8000,3719.4000,3722.8000,3723.0000,3723.2000,3724.4000,3724.6000,3,1,1,1,4,5,1,1,4,4
SF,IF2005,2020-04-13 09:53:49.100,3722.8000,10308,0,1541669640.000,0,-,-,-,-,3721.4000,3721.2000,3720.8000,3719.8000,3719.4000,3722.8000,3723.0000,3723.2000,3724.4000,3724.6000,3,1,1,1,4,4,1,1,4,4
SF,IF2005,2020-04-13 09:53:49.600,3722.8000,10308,0,1541669640.000,0,-,-,-,-,3721.4000,3721.2000,3720.8000,3719.8000,3719.4000,3722.4000,3722.8000,3723.0000,3723.2000,3724.4000,3,1,1,1,4,1,4,1,1,4
SF,IF2005,2020-04-13 09:53:50.100,3722.8000,10308,0,1541669640.000,0,-,-,-,-,3721.4000,3721.2000,3720.8000,3719.8000,3719.4000,3722.4000,3722.6000,3722.8000,3723.0000,3723.2000,3,1,1,1,4,1,1,2,1,1
SF,IF2005,2020-04-13 09:53:50.600,3722.8000,10308,0,1541669640.000,0,-,-,-,-,3721.4000,3721.2000,3720.8000,3719.8000,3719.4000,3722.4000,3722.8000,3723.0000,3723.2000,3723.6000,3,1,1,1,4,1,2,1,1,2
SF,IF2005,2020-04-13 09:53:51.100,3722.8000,10308,0,1541669640.000,0,-,-,-,-,3721.4000,3721.2000,3720.8000,3719.8000,3719.4000,3722.4000,3722.8000,3723.0000,3723.2000,3723.6000,3,1,1,1,4,1,2,1,1,2
SF,IF2005,2020-04-13 09:53:51.600,3722.8000,10308,0,1541669640.000,0,-,-,-,-,3721.4000,3721.2000,3720.8000,3719.8000,3719.4000,3722.4000,3722.8000,3723.0000,3723.2000,3723.6000,3,1,1,1,4,2,2,1,1,2
SF,IF2005,2020-04-13 09:53:52.100,3722.8000,10308,0,1541669640.000,0,-,-,-,-,3721.4000,3721.2000,3720.8000,3719.8000,3719.4000,3722.8000,3723.0000,3723.2000,3723.6000,3724.4000,3,1,1,1,4,2,1,1,2,4
SF,IF2005,2020-04-13 09:53:52.600,3722.8000,10308,0,1541669640.000,0,-,-,-,-,3721.6000,3721.4000,3721.2000,3720.8000,3719.8000,3722.8000,3723.2000,3723.6000,3724.4000,3724.6000,1,3,1,1,1,2,1,2,4,2
SF,IF2005,2020-04-13 09:53:53.100,3722.8000,10308,0,1541669640.000,0,-,-,-,-,3721.8000,3721.4000,3721.2000,3720.8000,3719.8000,3722.8000,3723.2000,3723.6000,3724.4000,3724.6000,3,1,1,1,1,2,1,2,4,2
SF,IF2005,2020-04-13 09:53:53.600,3722.8000,10308,0,1541669640.000,0,-,-,-,-,3721.8000,3721.4000,3721.2000,3720.8000,3719.8000,3722.8000,3723.2000,3723.6000,3724.4000,3724.6000,3,1,1,1,1,1,1,2,4,2
SF,IF2005,2020-04-13 09:53:54.100,3722.8000,10308,0,1541669640.000,0,-,-,-,-,3721.8000,3721.4000,3721.2000,3720.8000,3719.8000,3722.6000,3722.8000,3723.2000,3723.6000,3724.4000,3,1,1,1,1,1,1,1,2,4
SF,IF2005,2020-04-13 09:53:54.600,3722.8000,10308,0,1541669640.000,0,-,-,-,-,3721.8000,3721.4000,3721.2000,3720.8000,3719.8000,3722.6000,3722.8000,3723.2000,3723.6000,3724.4000,3,1,1,1,1,1,1,1,2,4
SF,IF2005,2020-04-13 09:53:55.100,3722.8000,10308,0,1541669640.000,0,-,-,-,-,3721.8000,3721.4000,3721.2000,3720.8000,3719.8000,3722.6000,3722.8000,3723.2000,3723.6000,3724.4000,2,1,1,1,1,2,1,1,2,4
SF,IF2005,2020-04-13 09:53:55.600,3722.8000,10308,0,1541669640.000,0,-,-,-,-,3721.8000,3721.4000,3721.2000,3720.8000,3719.8000,3722.6000,3722.8000,3723.2000,3723.6000,3724.4000,2,1,1,1,1,1,1,1,2,4
SF,IF2005,2020-04-13 09:53:56.100,3722.8000,10308,0,1541669640.000,0,-,-,-,-,3721.8000,3721.4000,3721.2000,3720.8000,3719.8000,3722.6000,3722.8000,3723.2000,3723.6000,3724.4000,2,1,1,1,1,1,1,1,2,4
SF,IF2005,2020-04-13 09:53:56.600,3722.8000,10308,0,1541669640.000,0,-,-,-,-,3721.8000,3721.4000,3721.2000,3720.8000,3719.8000,3722.6000,3722.8000,3723.2000,3723.6000,3724.4000,2,1,1,1,1,1,1,1,2,4
SF,IF2005,2020-04-13 09:53:57.100,3722.8000,10308,0,1541669640.000,0,-,-,-,-,3721.8000,3721.4000,3721.2000,3720.8000,3719.8000,3722.6000,3722.8000,3723.2000,3723.6000,3724.4000,2,1,1,1,1,1,1,1,2,4
SF,IF2005,2020-04-13 09:53:57.600,3722.8000,10308,0,1541669640.000,0,-,-,-,-,3721.8000,3721.4000,3721.2000,3720.8000,3719.8000,3722.6000,3722.8000,3723.2000,3723.6000,3724.4000,2,1,1,1,1,1,1,1,2,4
SF,IF2005,2020-04-13 09:53:58.100,3722.8000,10308,0,1541669640.000,0,-,-,-,-,3721.8000,3721.4000,3721.2000,3720.8000,3719.8000,3722.6000,3722.8000,3723.2000,3723.6000,3724.4000,2,1,1,1,1,1,1,1,2,4
SF,IF2005,2020-04-13 09:53:58.600,3722.8000,10308,0,1541669640.000,0,-,-,-,-,3721.8000,3721.4000,3721.2000,3720.8000,3719.8000,3722.0000,3722.6000,3722.8000,3723.2000,3723.6000,2,1,1,1,1,1,1,1,1,2
SF,IF2005,2020-04-13 09:53:59.100,3722.6000,10309,1,1543903020.000,2,1,1,空开,S,3722.2000,3721.8000,3721.4000,3721.2000,3720.8000,3722.4000,3722.8000,3723.2000,3723.6000,3724.4000,1,1,1,1,1,1,1,1,2,4
SF,IF2005,2020-04-13 09:53:59.600,3722.6000,10309,0,1543903020.000,0,-,-,-,-,3721.8000,3721.4000,3721.2000,3720.8000,3719.8000,3722.4000,3722.8000,3723.2000,3723.6000,3724.4000,1,1,1,1,1,1,1,1,2,4
SF,IF2005,2020-04-13 09:54:00.100,3722.4000,10310,1,1545019740.000,1,1,0,双开,S,3722.0000,3721.8000,3721.4000,3721.2000,3720.8000,3722.8000,3723.2000,3723.6000,3724.4000,3724.6000,1,1,1,1,1,1,1,2,4,1
SF,IF2005,2020-04-13 09:54:00.600,3722.4000,10310,0,1545019740.000,0,-,-,-,-,3722.0000,3721.8000,3721.4000,3721.2000,3720.8000,3722.8000,3723.2000,3723.6000,3724.4000,3724.6000,1,1,1,1,1,1,1,3,4,1
SF,IF2005,2020-04-13 09:54:01.100,3722.0000,10310,0,1546136340.000,1,0,1,多换,S,3721.4000,3721.2000,3720.8000,3719.8000,3718.0000,3722.6000,3722.8000,3723.2000,3723.6000,3724.4000,1,1,1,1,2,2,1,1,2,4
SF,IF2005,2020-04-13 09:54:02.100,3722.0000,10310,0,1546136340.000,0,-,-,-,-,3721.4000,3721.2000,3720.8000,3719.8000,3718.0000,3722.4000,3722.6000,3722.8000,3723.2000,3723.6000,1,1,1,1,2,1,2,1,1,2
SF,IF2005,2020-04-13 09:54:02.600,3722.0000,10310,0,1546136340.000,0,-,-,-,-,3721.4000,3721.2000,3720.8000,3719.8000,3718.0000,3722.2000,3722.4000,3722.6000,3722.8000,3723.2000,1,1,1,1,2,1,1,1,1,1
SF,IF2005,2020-04-13 09:54:03.100,3722.0000,10310,0,1546136340.000,0,-,-,-,-,3721.4000,3721.2000,3720.8000,3719.8000,3718.0000,3722.2000,3722.6000,3722.8000,3723.2000,3723.6000,1,1,1,1,2,2,1,1,1,2
SF,IF2005,2020-04-13 09:54:03.600,3722.0000,10310,0,1546136340.000,0,-,-,-,-,3721.4000,3721.2000,3720.8000,3719.8000,3718.0000,3722.2000,3722.6000,3722.8000,3723.2000,3723.6000,1,1,1,1,2,1,1,1,1,2
SF,IF2005,2020-04-13 09:54:04.600,3722.2000,10310,0,1547253000.000,1,0,1,多换,S,3721.4000,3721.2000,3720.8000,3719.8000,3718.0000,3722.6000,3722.8000,3723.2000,3723.6000,3724.4000,1,1,1,1,2,1,1,1,2,4
SF,IF2005,2020-04-13 09:54:05.100,3722.2000,10310,0,1547253000.000,0,-,-,-,-,3721.4000,3721.2000,3720.8000,3719.8000,3718.0000,3722.2000,3722.6000,3722.8000,3723.6000,3724.4000,3,1,1,1,2,1,1,1,2,4
SF,IF2005,2020-04-13 09:54:06.100,3722.2000,10310,0,1547253000.000,0,-,-,-,-,3721.4000,3721.2000,3720.8000,3719.8000,3718.0000,3722.2000,3722.6000,3722.8000,3723.6000,3724.4000,2,1,1,1,2,1,1,1,2,4
SF,IF2005,2020-04-13 09:54:06.600,3722.2000,10311,1,1548369660.000,1,1,0,双开,S,3721.8000,3721.6000,3721.4000,3721.2000,3720.8000,3722.6000,3722.8000,3724.4000,3724.6000,3727.0000,1,1,3,1,1,1,1,4,1,1
SF,IF2005,2020-04-13 09:54:07.100,3722.2000,10311,0,1548369660.000,0,-,-,-,-,3721.6000,3721.4000,3721.2000,3720.8000,3719.8000,3722.6000,3722.8000,3724.4000,3724.6000,3727.0000,2,3,1,1,1,1,1,4,3,1
SF,IF2005,2020-04-13 09:54:09.600,3722.6000,10311,0,1549486440.000,1,0,1,多换,S,3721.6000,3721.4000,3721.2000,3720.8000,3719.8000,3722.8000,3724.4000,3724.6000,3727.0000,3727.6000,2,3,1,1,1,1,4,3,1,5
SF,IF2005,2020-04-13 09:54:10.600,3722.6000,10311,0,1549486440.000,0,-,-,-,-,3721.6000,3721.4000,3721.2000,3720.8000,3719.8000,3722.6000,3722.8000,3724.4000,3724.6000,3727.0000,2,3,1,1,1,1,1,4,3,1
SF,IF2005,2020-04-13 09:54:11.100,3721.6000,10312,1,1551719400.000,2,1,1,空开,S,3721.4000,3721.2000,3720.8000,3719.8000,3718.0000,3722.6000,3722.8000,3724.4000,3724.6000,3727.0000,3,1,1,1,2,1,1,4,3,1
SF,IF2005,2020-04-13 09:54:11.600,3721.6000,10312,0,1551719400.000,0,-,-,-,-,3721.4000,3721.2000,3720.8000,3719.8000,3718.0000,3722.8000,3724.4000,3724.6000,3727.0000,3727.6000,4,1,1,1,2,1,4,3,1,5
SF,IF2005,2020-04-13 09:54:12.100,3721.6000,10312,0,1551719400.000,0,-,-,-,-,3721.6000,3721.4000,3721.2000,3720.8000,3719.8000,3722.6000,3722.8000,3724.4000,3724.6000,3727.0000,1,4,1,1,1,1,1,4,3,1
SF,IF2005,2020-04-13 09:54:13.100,3721.6000,10312,0,1551719400.000,0,-,-,-,-,3721.6000,3721.4000,3721.2000,3720.8000,3719.8000,3722.6000,3722.8000,3724.4000,3724.6000,3727.0000,1,3,1,1,1,1,1,4,3,1
SF,IF2005,2020-04-13 09:54:15.600,3722.6000,10312,0,1552836180.000,1,0,1,多换,S,3721.6000,3721.4000,3721.2000,3720.8000,3719.8000,3722.8000,3724.4000,3724.6000,3727.0000,3727.6000,1,3,1,1,1,1,4,3,1,5
SF,IF2005,2020-04-13 09:54:16.100,3722.6000,10312,0,1552836180.000,0,-,-,-,-,3721.8000,3721.6000,3721.4000,3721.2000,3720.8000,3722.8000,3724.4000,3724.6000,3727.0000,3727.6000,2,1,2,1,1,1,4,3,1,5
SF,IF2005,2020-04-13 09:54:16.600,3722.8000,10312,0,1553953020.000,1,0,1,多换,S,3722.0000,3721.8000,3721.4000,3721.2000,3720.8000,3724.4000,3724.6000,3727.0000,3727.6000,3728.0000,1,2,2,1,1,4,3,1,5,2
SF,IF2005,2020-04-13 09:54:17.100,3722.8000,10312,0,1553953020.000,0,-,-,-,-,3722.2000,3721.8000,3721.4000,3721.2000,3720.8000,3723.2000,3723.8000,3724.0000,3724.2000,3724.4000,1,1,2,1,1,1,1,1,4,4
SF,IF2005,2020-04-13 09:54:17.600,3722.8000,10312,0,1553953020.000,0,-,-,-,-,3722.2000,3721.8000,3721.4000,3721.2000,3720.8000,3723.2000,3723.8000,3724.2000,3724.4000,3724.6000,1,1,2,1,1,1,1,4,4,2
SF,IF2005,2020-04-13 09:54:18.600,3722.2000,10312,0,1555069680.000,1,0,1,多换,S,3721.8000,3721.4000,3721.2000,3720.8000,3719.8000,3723.0000,3723.2000,3723.8000,3724.2000,3724.4000,1,2,1,1,1,1,1,1,4,4
SF,IF2005,2020-04-13 09:54:19.100,3722.2000,10312,0,1555069680.000,0,-,-,-,-,3721.8000,3721.4000,3721.2000,3720.8000,3719.8000,3722.8000,3723.0000,3723.2000,3723.8000,3724.2000,1,2,1,1,1,1,1,1,1,3
SF,IF2005,2020-04-13 09:54:19.600,3722.2000,10312,0,1555069680.000,0,-,-,-,-,3721.8000,3721.4000,3721.2000,3720.8000,3719.8000,3722.8000,3723.2000,3723.8000,3724.2000,3724.4000,1,2,1,1,1,1,1,1,3,4
SF,IF2005,2020-04-13 09:54:20.100,3722.2000,10312,0,1555069680.000,0,-,-,-,-,3721.8000,3721.4000,3721.2000,3720.8000,3719.8000,3722.8000,3723.8000,3724.2000,3724.4000,3724.6000,1,2,1,1,1,1,1,3,4,2
SF,IF2005,2020-04-13 09:54:20.600,3722.2000,10312,0,1555069680.000,0,-,-,-,-,3721.8000,3721.4000,3721.2000,3720.8000,3719.8000,3722.6000,3722.8000,3723.8000,3724.2000,3724.4000,1,2,1,1,1,1,1,1,3,4
SF,IF2005,2020-04-13 09:54:21.100,3722.2000,10312,0,1555069680.000,0,-,-,-,-,3721.8000,3721.4000,3721.2000,3720.8000,3719.8000,3722.6000,3722.8000,3723.6000,3723.8000,3724.4000,1,2,1,1,1,1,1,2,1,4
SF,IF2005,2020-04-13 09:54:23.100,3721.8000,10312,0,1556186220.000,1,0,1,多换,S,3721.4000,3721.2000,3720.8000,3719.8000,3718.0000,3722.6000,3722.8000,3723.6000,3723.8000,3724.4000,2,1,1,1,2,1,1,2,1,4
SF,IF2005,2020-04-13 09:54:23.600,3721.8000,10312,0,1556186220.000,0,-,-,-,-,3721.6000,3721.4000,3721.2000,3720.8000,3719.8000,3722.8000,3723.6000,3723.8000,3724.4000,3727.0000,2,3,1,1,1,1,2,1,4,1
SF,IF2005,2020-04-13 09:54:24.100,3721.8000,10312,0,1556186220.000,0,-,-,-,-,3721.6000,3721.4000,3721.2000,3720.8000,3719.8000,3722.8000,3723.6000,3723.8000,3724.4000,3727.0000,3,3,1,1,1,1,2,1,4,1
SF,IF2005,2020-04-13 09:54:26.100,3721.8000,10312,0,1556186220.000,0,-,-,-,-,3721.6000,3721.4000,3721.2000,3720.8000,3719.8000,3722.8000,3723.6000,3723.8000,3724.4000,3727.0000,2,2,1,1,1,1,2,1,4,1
SF,IF2005,2020-04-13 09:54:27.100,3721.8000,10312,0,1556186220.000,0,-,-,-,-,3721.8000,3721.6000,3721.4000,3721.2000,3720.8000,3722.8000,3723.6000,3723.8000,3724.4000,3727.0000,1,2,2,1,1,1,2,1,4,1
SF,IF2005,2020-04-13 09:54:27.600,3721.6000,10312,0,1557302700.000,1,0,1,多换,S,3721.6000,3721.4000,3721.2000,3720.8000,3719.8000,3722.6000,3722.8000,3723.6000,3723.8000,3724.4000,1,2,1,1,1,3,1,2,1,4
SF,IF2005,2020-04-13 09:54:28.100,3721.6000,10312,0,1557302700.000,0,-,-,-,-,3721.6000,3721.4000,3721.2000,3720.8000,3719.8000,3722.4000,3722.6000,3723.6000,3723.8000,3724.4000,1,2,1,1,1,1,3,2,1,4
SF,IF2005,2020-04-13 09:54:28.600,3721.6000,10312,0,1557302700.000,0,-,-,-,-,3721.6000,3721.4000,3721.2000,3720.8000,3719.8000,3722.4000,3722.6000,3723.6000,3723.8000,3724.4000,1,2,1,1,1,1,2,2,1,4
SF,IF2005,2020-04-13 09:54:34.100,3722.4000,10312,0,1558419420.000,1,0,1,多换,S,3721.6000,3721.4000,3721.2000,3720.8000,3719.8000,3722.6000,3723.6000,3723.8000,3724.4000,3727.0000,1,2,1,1,1,2,2,1,4,1
SF,IF2005,2020-04-13 09:54:34.600,3722.4000,10312,0,1558419420.000,0,-,-,-,-,3721.4000,3721.2000,3720.8000,3719.8000,3718.0000,3722.6000,3723.6000,3723.8000,3724.4000,3727.0000,2,1,1,1,2,1,2,1,4,1
SF,IF2005,2020-04-13 09:54:35.100,3722.4000,10312,0,1558419420.000,0,-,-,-,-,3721.6000,3721.4000,3721.2000,3720.8000,3719.8000,3722.6000,3723.6000,3723.8000,3724.4000,3727.0000,1,2,1,1,1,1,2,1,4,1
SF,IF2005,2020-04-13 09:54:35.600,3721.6000,10312,0,1559535900.000,1,0,1,多换,S,3721.4000,3721.2000,3720.8000,3719.8000,3718.0000,3722.6000,3723.6000,3723.8000,3724.4000,3727.0000,2,1,1,1,2,1,2,1,4,1
SF,IF2005,2020-04-13 09:54:36.100,3721.6000,10312,0,1559535900.000,0,-,-,-,-,3721.4000,3721.2000,3720.8000,3719.8000,3718.0000,3722.4000,3722.6000,3723.6000,3723.8000,3724.4000,2,1,1,1,2,1,1,2,1,4
SF,IF2005,2020-04-13 09:54:37.100,3721.6000,10312,0,1559535900.000,0,-,-,-,-,3721.8000,3721.4000,3721.2000,3720.8000,3719.8000,3722.4000,3722.6000,3723.6000,3723.8000,3724.4000,1,2,1,1,1,1,1,2,1,4
SF,IF2005,2020-04-13 09:54:37.600,3721.8000,10312,0,1560652440.000,1,0,1,多换,S,3721.4000,3721.2000,3720.8000,3719.8000,3718.0000,3722.4000,3722.6000,3723.6000,3723.8000,3724.4000,2,1,1,1,2,1,1,2,1,4
SF,IF2005,2020-04-13 09:54:38.100,3721.8000,10312,0,1560652440.000,0,-,-,-,-,3721.4000,3721.2000,3720.8000,3719.8000,3718.0000,3721.6000,3722.4000,3722.6000,3723.6000,3723.8000,2,1,1,1,2,2,1,1,2,1
SF,IF2005,2020-04-13 09:54:38.600,3721.6000,10313,1,1561768920.000,1,1,0,双开,S,3721.4000,3721.2000,3720.8000,3719.8000,3718.0000,3721.6000,3722.4000,3723.6000,3723.8000,3724.4000,2,1,1,1,2,1,1,2,1,4
SF,IF2005,2020-04-13 09:54:39.100,3721.6000,10313,0,1561768920.000,0,-,-,-,-,3721.4000,3721.2000,3720.8000,3719.8000,3718.0000,3721.6000,3722.4000,3723.6000,3723.8000,3724.4000,3,1,1,1,2,1,1,2,1,4
SF,IF2005,2020-04-13 09:54:39.600,3721.6000,10314,1,1562885400.000,1,1,0,双开,S,3721.4000,3721.2000,3720.8000,3719.8000,3718.0000,3722.4000,3723.6000,3723.8000,3724.4000,3727.0000,2,1,1,1,2,1,2,1,4,1
SF,IF2005,2020-04-13 09:54:40.100,3721.4000,10315,1,1564001820.000,1,1,0,双开,S,3721.2000,3720.8000,3719.8000,3718.0000,3717.6000,3722.2000,3722.4000,3723.6000,3723.8000,3724.4000,1,1,1,2,2,2,1,2,1,4
SF,IF2005,2020-04-13 09:54:40.600,3721.4000,10316,1,1565118240.000,1,1,0,双开,S,3721.2000,3720.8000,3719.8000,3718.0000,3717.6000,3722.0000,3722.2000,3723.6000,3723.8000,3724.4000,1,1,1,2,2,1,2,2,1,4
SF,IF2005,2020-04-13 09:54:41.100,3721.4000,10316,0,1565118240.000,0,-,-,-,-,3721.2000,3720.8000,3719.8000,3718.0000,3717.6000,3722.0000,3722.2000,3723.6000,3723.8000,3724.4000,1,1,1,2,2,1,2,2,1,4
SF,IF2005,2020-04-13 09:54:44.600,3721.2000,10316,0,1566234600.000,1,0,1,多换,S,3720.8000,3719.8000,3718.0000,3717.6000,3717.4000,3722.0000,3722.2000,3723.6000,3723.8000,3724.4000,1,1,2,2,4,1,2,2,1,4
SF,IF2005,2020-04-13 09:54:45.100,3721.2000,10316,0,1566234600.000,0,-,-,-,-,3720.8000,3719.8000,3718.0000,3717.6000,3717.4000,3721.8000,3722.0000,3722.2000,3723.6000,3723.8000,1,1,2,2,4,2,1,1,2,1
SF,IF2005,2020-04-13 09:54:45.600,3721.2000,10316,0,1566234600.000,0,-,-,-,-,3720.8000,3719.8000,3718.0000,3717.6000,3717.4000,3721.6000,3721.8000,3722.2000,3723.6000,3723.8000,1,1,2,2,4,1,4,1,2,1
SF,IF2005,2020-04-13 09:54:46.100,3720.8000,10316,0,1567350840.000,1,0,1,多换,S,3719.8000,3718.0000,3717.6000,3717.4000,3717.0000,3721.6000,3721.8000,3722.2000,3723.6000,3723.8000,1,2,2,4,1,1,3,1,2,1
SF,IF2005,2020-04-13 09:54:46.600,3720.8000,10316,0,1567350840.000,0,-,-,-,-,3720.0000,3719.8000,3718.0000,3717.6000,3717.4000,3721.6000,3721.8000,3722.2000,3723.6000,3723.8000,6,1,2,2,4,1,3,1,2,1
SF,IF2005,2020-04-13 09:54:47.100,3720.8000,10316,0,1567350840.000,0,-,-,-,-,3720.2000,3720.0000,3719.8000,3718.0000,3717.6000,3721.6000,3721.8000,3722.2000,3723.6000,3723.8000,5,5,1,2,2,1,3,1,2,1
SF,IF2005,2020-04-13 09:54:47.600,3720.8000,10316,0,1567350840.000,0,-,-,-,-,3720.6000,3720.4000,3720.2000,3720.0000,3719.8000,3721.4000,3721.6000,3721.8000,3722.2000,3723.6000,1,1,4,4,1,1,1,2,1,2
SF,IF2005,2020-04-13 09:54:48.100,3720.8000,10316,0,1567350840.000,0,-,-,-,-,3720.6000,3720.4000,3720.2000,3720.0000,3719.8000,3721.4000,3721.6000,3721.8000,3722.2000,3723.6000,1,1,4,2,1,1,1,2,1,2
SF,IF2005,2020-04-13 09:54:48.600,3720.8000,10316,0,1567350840.000,0,-,-,-,-,3720.6000,3720.4000,3720.2000,3720.0000,3719.8000,3721.4000,3721.6000,3721.8000,3722.2000,3723.6000,2,1,3,2,1,1,1,2,1,2
SF,IF2005,2020-04-13 09:54:49.100,3721.4000,10316,0,1568467260.000,1,0,1,多换,S,3720.6000,3720.4000,3720.2000,3720.0000,3719.8000,3721.6000,3721.8000,3722.2000,3723.6000,3723.8000,2,1,2,2,1,1,2,1,2,1
SF,IF2005,2020-04-13 09:54:49.600,3721.6000,10316,0,1569583740.000,1,0,1,多换,S,3720.6000,3720.4000,3720.2000,3720.0000,3719.8000,3721.8000,3722.2000,3723.6000,3723.8000,3724.4000,2,1,2,2,1,2,1,2,1,4
SF,IF2005,2020-04-13 09:54:53.100,3721.6000,10316,0,1569583740.000,0,-,-,-,-,3720.6000,3720.4000,3720.2000,3720.0000,3719.8000,3721.8000,3722.2000,3723.6000,3723.8000,3724.4000,2,1,2,2,1,2,1,2,1,4
SF,IF2005,2020-04-13 09:54:53.600,3721.6000,10316,0,1569583740.000,0,-,-,-,-,3720.6000,3720.4000,3720.2000,3720.0000,3719.8000,3721.6000,3721.8000,3722.2000,3723.6000,3723.8000,2,1,2,2,1,1,2,1,2,1
SF,IF2005,2020-04-13 09:54:54.100,3721.6000,10316,0,1569583740.000,0,-,-,-,-,3720.6000,3720.4000,3720.2000,3720.0000,3719.8000,3721.6000,3721.8000,3722.2000,3723.6000,3723.8000,2,1,2,2,1,1,2,1,2,1
SF,IF2005,2020-04-13 09:54:56.100,3721.6000,10316,0,1569583740.000,0,-,-,-,-,3720.6000,3720.4000,3720.2000,3720.0000,3719.8000,3721.6000,3721.8000,3722.2000,3723.6000,3723.8000,2,1,2,1,1,1,2,1,2,1
SF,IF2005,2020-04-13 09:54:57.100,3721.6000,10316,0,1569583740.000,0,-,-,-,-,3720.6000,3720.4000,3720.2000,3720.0000,3719.8000,3721.6000,3721.8000,3722.2000,3723.6000,3723.8000,1,1,2,1,1,1,2,1,2,1
SF,IF2005,2020-04-13 09:54:57.600,3721.6000,10316,0,1569583740.000,0,-,-,-,-,3720.6000,3720.4000,3720.2000,3720.0000,3719.8000,3721.6000,3721.8000,3722.2000,3723.6000,3723.8000,1,1,2,1,1,1,2,1,2,1
SF,IF2005,2020-04-13 09:54:59.600,3721.6000,10316,0,1569583740.000,0,-,-,-,-,3720.4000,3720.2000,3720.0000,3719.8000,3718.0000,3721.6000,3721.8000,3722.2000,3723.6000,3723.8000,1,2,1,1,2,1,2,1,2,1
SF,IF2005,2020-04-13 09:55:00.100,3720.6000,10316,0,1570699920.000,1,0,1,多换,S,3720.4000,3720.2000,3720.0000,3719.8000,3718.0000,3721.4000,3721.6000,3721.8000,3722.2000,3723.6000,1,2,1,1,2,3,1,1,1,2
SF,IF2005,2020-04-13 09:55:01.600,3720.6000,10316,0,1570699920.000,0,-,-,-,-,3720.6000,3720.4000,3720.2000,3720.0000,3719.8000,3721.4000,3721.6000,3721.8000,3722.2000,3723.6000,1,1,2,1,1,3,1,1,1,2
SF,IF2005,2020-04-13 09:55:02.100,3720.6000,10316,0,1570699920.000,0,-,-,-,-,3720.6000,3720.4000,3720.2000,3720.0000,3719.8000,3721.4000,3721.6000,3721.8000,3722.2000,3723.6000,1,1,2,1,1,3,1,1,1,2
SF,IF2005,2020-04-13 09:55:02.600,3720.6000,10316,0,1570699920.000,0,-,-,-,-,3720.6000,3720.4000,3720.2000,3720.0000,3719.8000,3721.4000,3721.6000,3721.8000,3722.2000,3723.6000,1,1,2,1,1,2,1,1,1,2
SF,IF2005,2020-04-13 09:55:03.100,3720.6000,10316,0,1570699920.000,0,-,-,-,-,3720.6000,3720.4000,3720.2000,3720.0000,3719.8000,3721.4000,3721.6000,3721.8000,3722.2000,3723.6000,1,1,2,1,1,2,1,1,1,2
SF,IF2005,2020-04-13 09:55:03.600,3720.6000,10316,0,1570699920.000,0,-,-,-,-,3720.6000,3720.4000,3720.2000,3720.0000,3719.8000,3721.4000,3721.6000,3721.8000,3723.6000,3723.8000,1,1,2,1,1,2,1,1,2,1
SF,IF2005,2020-04-13 09:55:04.100,3720.6000,10316,0,1570699920.000,0,-,-,-,-,3720.6000,3720.4000,3720.2000,3720.0000,3719.8000,3721.4000,3721.6000,3721.8000,3723.6000,3723.8000,1,1,2,1,1,2,1,1,2,1
SF,IF2005,2020-04-13 09:55:04.600,3720.6000,10316,0,1570699920.000,0,-,-,-,-,3720.4000,3720.2000,3720.0000,3719.8000,3718.0000,3721.4000,3721.6000,3721.8000,3723.0000,3723.6000,1,2,1,1,2,2,1,1,1,2
SF,IF2005,2020-04-13 09:55:05.100,3720.6000,10316,0,1570699920.000,0,-,-,-,-,3720.4000,3720.2000,3720.0000,3719.8000,3718.0000,3721.2000,3721.4000,3721.6000,3721.8000,3723.0000,1,2,1,1,2,1,2,1,1,1
SF,IF2005,2020-04-13 09:55:05.600,3720.6000,10316,0,1570699920.000,0,-,-,-,-,3720.4000,3720.2000,3720.0000,3719.8000,3718.0000,3721.2000,3721.4000,3721.6000,3721.8000,3722.6000,1,2,1,1,2,2,2,1,1,2
SF,IF2005,2020-04-13 09:55:06.100,3720.6000,10316,0,1570699920.000,0,-,-,-,-,3720.4000,3720.2000,3720.0000,3719.8000,3718.0000,3721.2000,3721.4000,3721.6000,3721.8000,3722.6000,1,2,1,1,2,1,2,1,1,2
SF,IF2005,2020-04-13 09:55:08.100,3720.4000,10316,0,1571816040.000,1,0,1,多换,S,3720.2000,3720.0000,3719.8000,3718.0000,3717.6000,3720.4000,3721.2000,3721.4000,3721.6000,3721.8000,2,1,1,2,2,1,1,2,1,1
SF,IF2005,2020-04-13 09:55:08.600,3720.4000,10317,1,1572932160.000,1,1,0,双开,S,3720.0000,3719.8000,3718.0000,3717.6000,3717.4000,3721.4000,3721.6000,3721.8000,3722.6000,3723.8000,1,1,2,2,12,2,1,1,2,1
SF,IF2005,2020-04-13 09:55:09.100,3720.4000,10317,0,1572932160.000,0,-,-,-,-,3720.0000,3719.8000,3718.0000,3717.6000,3717.4000,3721.2000,3721.4000,3721.8000,3722.6000,3723.8000,1,1,2,2,12,2,2,1,2,1
SF,IF2005,2020-04-13 09:55:10.100,3720.4000,10317,0,1572932160.000,0,-,-,-,-,3720.0000,3719.8000,3718.0000,3717.6000,3717.4000,3721.0000,3721.2000,3721.4000,3721.8000,3722.6000,1,1,2,2,12,1,2,2,1,2
SF,IF2005,2020-04-13 09:55:10.600,3720.4000,10317,0,1572932160.000,0,-,-,-,-,3720.0000,3719.8000,3718.0000,3717.6000,3717.4000,3720.8000,3721.0000,3721.2000,3721.4000,3721.8000,1,1,2,2,12,1,3,1,1,1
SF,IF2005,2020-04-13 09:55:11.100,3720.4000,10317,0,1572932160.000,0,-,-,-,-,3720.2000,3720.0000,3719.8000,3718.0000,3717.6000,3720.8000,3721.0000,3721.2000,3721.4000,3721.8000,2,1,1,2,2,1,2,1,1,1
SF,IF2005,2020-04-13 09:55:11.600,3720.4000,10317,0,1572932160.000,0,-,-,-,-,3720.2000,3720.0000,3719.8000,3718.0000,3717.6000,3720.8000,3721.0000,3721.2000,3721.8000,3722.6000,2,1,1,2,2,1,1,1,1,2
SF,IF2005,2020-04-13 09:55:12.100,3720.4000,10317,0,1572932160.000,0,-,-,-,-,3720.2000,3720.0000,3719.8000,3718.0000,3717.6000,3720.8000,3721.0000,3721.2000,3721.8000,3722.6000,2,1,1,2,2,1,1,1,1,2
SF,IF2005,2020-04-13 09:55:12.600,3720.2000,10318,1,1575164280.000,2,1,1,空开,S,3719.8000,3718.0000,3717.6000,3717.4000,3717.0000,3720.8000,3721.0000,3721.2000,3721.8000,3722.6000,1,2,2,4,1,1,1,1,1,2
SF,IF2005,2020-04-13 09:55:13.100,3720.2000,10318,0,1575164280.000,0,-,-,-,-,3719.8000,3718.0000,3717.6000,3717.4000,3717.0000,3720.6000,3720.8000,3721.0000,3721.2000,3721.8000,1,2,2,4,1,1,1,1,1,1
SF,IF2005,2020-04-13 09:55:14.600,3720.6000,10318,0,1576280460.000,1,0,1,多换,S,3719.8000,3718.0000,3717.6000,3717.0000,3716.8000,3720.8000,3721.0000,3721.2000,3721.8000,3722.6000,1,2,2,1,1,1,1,1,1,2
SF,IF2005,2020-04-13 09:55:15.100,3720.6000,10318,0,1576280460.000,0,-,-,-,-,3720.0000,3719.8000,3718.0000,3717.6000,3717.0000,3720.8000,3721.0000,3721.8000,3722.6000,3723.8000,1,1,2,2,1,1,1,1,2,1
SF,IF2005,2020-04-13 09:55:15.600,3720.6000,10318,0,1576280460.000,0,-,-,-,-,3720.0000,3719.8000,3718.0000,3717.6000,3717.0000,3720.8000,3721.0000,3722.6000,3723.8000,3724.4000,1,1,2,2,1,1,1,2,1,4
SF,IF2005,2020-04-13 09:55:17.100,3720.8000,10318,0,1577396700.000,1,0,1,多换,S,3720.0000,3719.8000,3718.0000,3717.6000,3717.0000,3721.0000,3722.6000,3723.8000,3724.4000,3725.0000,1,1,2,2,1,1,2,1,4,1
SF,IF2005,2020-04-13 09:55:19.600,3720.8000,10318,0,1577396700.000,0,-,-,-,-,3720.0000,3718.0000,3717.6000,3717.0000,3716.8000,3721.0000,3722.6000,3723.8000,3724.4000,3725.0000,1,2,2,1,1,1,2,1,4,1
SF,IF2005,2020-04-13 09:55:20.100,3721.0000,10318,0,1578513000.000,1,0,1,多换,S,3720.0000,3718.0000,3717.6000,3717.0000,3716.8000,3722.6000,3723.8000,3724.4000,3725.0000,3727.0000,1,2,2,1,1,2,1,4,1,1
SF,IF2005,2020-04-13 09:55:20.600,3721.0000,10318,0,1578513000.000,0,-,-,-,-,3720.2000,3718.2000,3718.0000,3717.6000,3717.0000,3720.8000,3721.0000,3721.2000,3721.6000,3721.8000,1,1,2,2,1,1,1,1,5,1
SF,IF2005,2020-04-13 09:55:21.100,3720.2000,10317,-1,1579629060.000,1,0,1,双平,S,3718.2000,3718.0000,3717.6000,3717.0000,3716.8000,3720.8000,3721.0000,3721.2000,3721.6000,3721.8000,1,2,2,1,1,1,1,1,5,1
SF,IF2005,2020-04-13 09:55:21.600,3720.2000,10317,0,1579629060.000,0,-,-,-,-,3719.4000,3719.2000,3719.0000,3718.8000,3718.6000,3720.6000,3721.6000,3721.8000,3722.0000,3722.4000,2,1,2,5,2,2,5,1,1,1
SF,IF2005,2020-04-13 09:55:22.100,3720.2000,10317,0,1579629060.000,0,-,-,-,-,3719.8000,3719.4000,3719.0000,3718.8000,3718.6000,3720.6000,3721.6000,3721.8000,3722.0000,3722.6000,1,2,3,5,3,2,6,1,1,2
SF,IF2005,2020-04-13 09:55:22.600,3720.6000,10317,0,1580745240.000,1,0,1,多换,S,3720.6000,3720.0000,3719.8000,3719.6000,3719.0000,3721.6000,3721.8000,3722.0000,3722.6000,3724.4000,1,2,1,1,3,1,1,1,2,1
SF,IF2005,2020-04-13 09:55:23.100,3720.6000,10317,0,1581861420.000,1,0,1,多换,S,3720.0000,3719.8000,3719.0000,3718.8000,3718.6000,3721.2000,3721.4000,3721.6000,3721.8000,3722.0000,2,1,3,5,2,1,3,1,1,1
SF,IF2005,2020-04-13 09:55:23.600,3720.6000,10317,0,1581861420.000,0,-,-,-,-,3720.0000,3719.0000,3718.8000,3718.6000,3718.4000,3721.2000,3721.4000,3721.6000,3721.8000,3722.0000,2,3,5,2,11,1,3,1,1,1
SF,IF2005,2020-04-13 09:55:24.100,3720.6000,10317,0,1581861420.000,0,-,-,-,-,3720.0000,3719.0000,3718.8000,3718.6000,3718.4000,3720.6000,3721.2000,3721.4000,3721.6000,3721.8000,2,2,5,2,11,2,1,3,1,1
SF,IF2005,2020-04-13 09:55:24.600,3720.6000,10317,0,1584093780.000,2,1,1,多换,S,3720.6000,3720.2000,3720.0000,3719.0000,3718.8000,3721.2000,3721.4000,3721.6000,3721.8000,3722.0000,1,2,2,2,5,1,1,1,1,1
SF,IF2005,2020-04-13 09:55:25.600,3721.0000,10318,1,1585210080.000,1,1,0,双开,S,3720.2000,3720.0000,3719.0000,3718.8000,3718.6000,3721.2000,3721.4000,3721.6000,3721.8000,3722.0000,2,2,2,5,2,1,1,1,1,1
SF,IF2005,2020-04-13 09:55:26.100,3721.0000,10318,0,1585210080.000,0,-,-,-,-,3720.6000,3720.4000,3720.2000,3720.0000,3719.0000,3721.6000,3721.8000,3722.0000,3722.6000,3724.4000,1,2,1,1,2,1,1,1,2,1
SF,IF2005,2020-04-13 09:55:26.600,3721.0000,10318,0,1585210080.000,0,-,-,-,-,3721.0000,3720.8000,3720.4000,3720.0000,3719.0000,3721.6000,3721.8000,3722.6000,3724.4000,3725.0000,1,1,2,1,2,1,1,2,1,1
SF,IF2005,2020-04-13 09:55:27.100,3721.0000,10318,0,1585210080.000,0,-,-,-,-,3721.0000,3720.8000,3720.4000,3720.0000,3719.0000,3721.8000,3722.6000,3724.4000,3725.0000,3727.0000,1,2,1,1,2,1,2,1,1,1
SF,IF2005,2020-04-13 09:55:27.600,3721.0000,10318,0,1585210080.000,0,-,-,-,-,3721.0000,3720.8000,3720.0000,3719.0000,3718.8000,3722.6000,3724.4000,3725.0000,3727.0000,3727.6000,1,2,1,2,5,2,1,1,1,5
SF,IF2005,2020-04-13 09:55:28.100,3721.0000,10318,0,1585210080.000,0,-,-,-,-,3721.0000,3720.8000,3719.0000,3718.8000,3718.6000,3722.4000,3722.6000,3722.8000,3724.4000,3725.0000,1,2,2,5,2,3,2,1,1,1
SF,IF2005,2020-04-13 09:55:28.600,3721.0000,10318,0,1585210080.000,0,-,-,-,-,3721.0000,3720.8000,3719.0000,3718.8000,3718.6000,3722.4000,3722.6000,3722.8000,3724.4000,3725.0000,1,2,2,5,2,3,2,1,1,1
SF,IF2005,2020-04-13 09:55:29.600,3721.0000,10318,0,1585210080.000,0,-,-,-,-,3721.0000,3720.8000,3719.0000,3718.8000,3718.6000,3722.0000,3722.2000,3722.4000,3722.6000,3722.8000,1,2,2,5,2,1,1,2,2,1
SF,IF2005,2020-04-13 09:55:30.100,3721.0000,10318,0,1585210080.000,0,-,-,-,-,3721.0000,3720.8000,3719.0000,3718.8000,3718.6000,3722.0000,3722.2000,3722.4000,3722.6000,3723.0000,1,2,2,5,2,1,2,2,2,2
SF,IF2005,2020-04-13 09:55:30.600,3721.0000,10318,0,1586326380.000,1,0,1,多换,S,3720.8000,3719.0000,3718.8000,3718.6000,3718.4000,3722.0000,3722.2000,3722.4000,3722.6000,3723.0000,2,2,5,2,10,1,2,2,2,2
SF,IF2005,2020-04-13 09:55:31.100,3721.0000,10318,0,1586326380.000,0,-,-,-,-,3720.8000,3719.0000,3718.8000,3718.6000,3718.4000,3722.0000,3722.2000,3722.4000,3722.6000,3723.0000,2,2,5,2,10,1,2,1,2,2
SF,IF2005,2020-04-13 09:55:31.600,3721.0000,10318,0,1586326380.000,0,-,-,-,-,3720.8000,3719.0000,3718.8000,3718.6000,3718.4000,3722.0000,3722.2000,3722.4000,3723.0000,3724.4000,2,2,5,2,10,1,2,1,2,1
SF,IF2005,2020-04-13 09:55:32.100,3721.0000,10318,0,1586326380.000,0,-,-,-,-,3720.8000,3719.0000,3718.8000,3718.6000,3718.4000,3722.0000,3722.2000,3722.4000,3723.0000,3723.8000,2,2,5,2,10,1,2,1,2,2
SF,IF2005,2020-04-13 09:55:32.600,3721.0000,10318,0,1586326380.000,0,-,-,-,-,3721.0000,3720.8000,3719.0000,3718.8000,3718.6000,3721.8000,3722.0000,3722.2000,3723.0000,3723.8000,1,2,2,5,1,1,1,2,2,2
SF,IF2005,2020-04-13 09:55:33.100,3721.0000,10318,0,1586326380.000,0,-,-,-,-,3720.8000,3719.0000,3718.8000,3718.6000,3718.4000,3721.8000,3722.0000,3722.2000,3723.0000,3723.8000,2,2,5,1,10,2,1,2,2,2
SF,IF2005,2020-04-13 09:55:34.100,3721.0000,10318,0,1586326380.000,0,-,-,-,-,3720.8000,3719.0000,3718.8000,3718.6000,3718.4000,3721.8000,3722.0000,3722.2000,3723.0000,3723.8000,2,2,5,1,10,2,1,1,2,2
SF,IF2005,2020-04-13 09:55:34.600,3721.0000,10318,0,1586326380.000,0,-,-,-,-,3720.8000,3719.0000,3718.8000,3718.6000,3718.4000,3721.8000,3722.0000,3722.2000,3723.0000,3723.8000,2,2,5,1,10,2,1,1,2,2
SF,IF2005,2020-04-13 09:55:35.100,3721.0000,10318,0,1586326380.000,0,-,-,-,-,3720.8000,3719.0000,3718.8000,3718.6000,3718.4000,3721.6000,3721.8000,3722.2000,3723.0000,3723.8000,2,2,5,1,10,3,2,1,2,2
SF,IF2005,2020-04-13 09:55:35.600,3721.0000,10318,0,1586326380.000,0,-,-,-,-,3720.8000,3719.0000,3718.8000,3718.6000,3718.4000,3721.6000,3721.8000,3722.2000,3723.0000,3723.8000,2,2,5,1,10,3,2,1,2,2
SF,IF2005,2020-04-13 09:55:36.100,3721.6000,10318,0,1587442860.000,1,0,1,多换,S,3720.8000,3719.0000,3718.8000,3718.6000,3718.4000,3721.8000,3722.2000,3723.0000,3723.8000,3724.4000,2,2,5,1,10,2,1,2,2,1
SF,IF2005,2020-04-13 09:55:36.600,3721.6000,10318,0,1587442860.000,0,-,-,-,-,3720.8000,3719.0000,3718.8000,3718.6000,3718.4000,3721.8000,3723.0000,3723.8000,3724.4000,3725.0000,2,3,5,1,10,2,2,2,1,1
SF,IF2005,2020-04-13 09:55:38.100,3721.6000,10318,0,1587442860.000,0,-,-,-,-,3720.8000,3719.0000,3718.8000,3718.6000,3718.4000,3721.8000,3723.0000,3723.8000,3724.4000,3725.0000,2,3,5,1,10,2,2,2,1,1
SF,IF2005,2020-04-13 09:55:38.600,3721.6000,10318,0,1587442860.000,0,-,-,-,-,3720.8000,3719.0000,3718.8000,3718.6000,3718.4000,3721.6000,3721.8000,3723.0000,3723.8000,3724.4000,2,3,5,1,10,1,2,2,2,1
SF,IF2005,2020-04-13 09:55:39.100,3721.6000,10318,0,1587442860.000,0,-,-,-,-,3721.0000,3720.8000,3719.0000,3718.8000,3718.6000,3721.6000,3721.8000,3723.0000,3723.8000,3724.4000,1,2,3,5,1,1,2,2,2,1
SF,IF2005,2020-04-13 09:55:41.100,3721.8000,10319,1,1589675880.000,2,1,1,空开,S,3721.0000,3720.8000,3719.0000,3718.8000,3718.6000,3721.8000,3723.0000,3723.8000,3724.4000,3725.0000,1,2,3,5,1,1,2,2,1,1
SF,IF2005,2020-04-13 09:55:42.600,3721.8000,10319,0,1589675880.000,0,-,-,-,-,3721.0000,3720.8000,3719.0000,3718.8000,3718.6000,3721.8000,3723.0000,3723.8000,3724.4000,3725.0000,1,2,3,5,1,1,2,2,1,1
SF,IF2005,2020-04-13 09:55:43.100,3721.8000,10319,0,1589675880.000,0,-,-,-,-,3721.0000,3720.8000,3719.0000,3718.8000,3718.6000,3721.8000,3723.0000,3723.8000,3724.4000,3725.0000,1,2,3,5,1,1,2,2,1,1
SF,IF2005,2020-04-13 09:55:43.600,3721.8000,10319,0,1589675880.000,0,-,-,-,-,3721.0000,3720.8000,3719.0000,3718.8000,3718.6000,3721.8000,3723.0000,3723.8000,3724.4000,3725.0000,1,2,3,5,1,1,2,2,1,1
SF,IF2005,2020-04-13 09:55:44.600,3721.8000,10319,0,1589675880.000,0,-,-,-,-,3721.0000,3720.8000,3719.0000,3718.8000,3718.6000,3721.8000,3723.0000,3723.8000,3724.4000,3725.0000,1,2,3,5,1,1,2,2,1,1
SF,IF2005,2020-04-13 09:55:45.100,3721.8000,10319,0,1589675880.000,0,-,-,-,-,3721.0000,3720.8000,3719.0000,3718.8000,3718.6000,3721.8000,3723.0000,3723.8000,3724.4000,3725.0000,1,2,3,5,1,1,2,2,1,1
SF,IF2005,2020-04-13 09:55:45.600,3721.8000,10319,0,1589675880.000,0,-,-,-,-,3721.0000,3720.8000,3719.0000,3718.8000,3718.6000,3721.8000,3723.0000,3723.8000,3724.4000,3725.0000,1,2,3,5,1,1,2,2,1,1
SF,IF2005,2020-04-13 09:55:46.100,3721.8000,10319,0,1589675880.000,0,-,-,-,-,3721.0000,3720.8000,3719.0000,3718.8000,3718.6000,3721.8000,3723.0000,3723.8000,3724.4000,3725.0000,1,2,3,5,1,1,2,2,1,1
SF,IF2005,2020-04-13 09:55:46.600,3721.8000,10319,0,1589675880.000,0,-,-,-,-,3721.0000,3720.8000,3719.0000,3718.8000,3718.6000,3721.8000,3723.0000,3724.4000,3725.0000,3726.4000,1,2,3,5,1,2,2,1,1,8
SF,IF2005,2020-04-13 09:55:47.100,3721.8000,10319,0,1589675880.000,0,-,-,-,-,3721.0000,3720.8000,3719.0000,3718.8000,3718.6000,3721.8000,3722.8000,3723.0000,3724.4000,3725.0000,1,2,3,5,1,1,2,2,1,1
SF,IF2005,2020-04-13 09:55:47.600,3721.8000,10319,0,1589675880.000,0,-,-,-,-,3721.0000,3720.8000,3719.0000,3718.8000,3718.6000,3721.8000,3722.8000,3723.0000,3724.4000,3725.0000,1,2,3,5,1,1,2,2,1,1
SF,IF2005,2020-04-13 09:55:48.100,3721.8000,10319,0,1589675880.000,0,-,-,-,-,3721.0000,3720.8000,3719.0000,3718.8000,3718.6000,3721.8000,3722.8000,3723.0000,3724.4000,3725.0000,1,2,3,5,1,1,2,2,1,1
SF,IF2005,2020-04-13 09:55:48.600,3721.8000,10319,0,1589675880.000,0,-,-,-,-,3721.0000,3720.8000,3719.0000,3718.8000,3718.6000,3721.8000,3722.8000,3723.0000,3724.4000,3725.0000,1,2,3,5,1,1,2,2,1,1
SF,IF2005,2020-04-13 09:55:49.100,3721.8000,10319,0,1589675880.000,0,-,-,-,-,3721.0000,3720.8000,3719.0000,3718.8000,3718.6000,3721.8000,3722.8000,3723.0000,3724.4000,3725.0000,1,2,3,5,1,1,2,2,1,1
SF,IF2005,2020-04-13 09:55:49.600,3721.8000,10319,0,1589675880.000,0,-,-,-,-,3721.0000,3720.8000,3719.0000,3718.8000,3718.6000,3721.8000,3722.8000,3723.0000,3724.4000,3725.0000,1,2,3,5,1,1,2,2,1,1
SF,IF2005,2020-04-13 09:55:50.100,3721.8000,10319,0,1589675880.000,0,-,-,-,-,3721.0000,3720.8000,3719.0000,3718.8000,3718.6000,3721.8000,3722.8000,3723.0000,3724.4000,3725.0000,1,2,3,5,1,1,2,2,1,1
SF,IF2005,2020-04-13 09:55:50.600,3721.8000,10319,0,1589675880.000,0,-,-,-,-,3721.0000,3720.8000,3719.0000,3718.8000,3718.6000,3721.6000,3721.8000,3722.8000,3723.0000,3724.4000,1,2,3,5,1,1,1,2,2,1
SF,IF2005,2020-04-13 09:55:51.100,3721.8000,10319,0,1589675880.000,0,-,-,-,-,3721.0000,3720.8000,3719.0000,3718.8000,3718.6000,3721.6000,3721.8000,3722.8000,3723.0000,3724.4000,1,2,3,5,1,1,1,2,2,1
SF,IF2005,2020-04-13 09:55:51.600,3721.8000,10319,0,1589675880.000,0,-,-,-,-,3721.0000,3720.8000,3719.0000,3718.8000,3718.6000,3721.6000,3721.8000,3722.8000,3723.0000,3724.4000,1,2,3,5,1,1,1,2,2,1
SF,IF2005,2020-04-13 09:55:52.100,3721.8000,10319,0,1589675880.000,0,-,-,-,-,3721.0000,3720.8000,3719.0000,3718.8000,3718.6000,3721.8000,3722.8000,3723.0000,3724.4000,3725.0000,1,2,3,5,1,1,2,2,1,1
SF,IF2005,2020-04-13 09:55:52.600,3721.8000,10319,0,1589675880.000,0,-,-,-,-,3721.0000,3720.8000,3719.0000,3718.8000,3718.6000,3721.8000,3722.8000,3723.0000,3724.4000,3725.0000,1,2,3,5,1,1,2,2,1,1
SF,IF2005,2020-04-13 09:55:53.100,3721.8000,10319,0,1589675880.000,0,-,-,-,-,3721.0000,3720.8000,3719.0000,3718.8000,3718.6000,3722.8000,3723.0000,3724.4000,3725.0000,3726.4000,1,2,3,5,1,2,2,1,1,8
SF,IF2005,2020-04-13 09:55:53.600,3721.8000,10319,0,1589675880.000,0,-,-,-,-,3721.2000,3721.0000,3720.8000,3719.0000,3718.8000,3721.6000,3722.2000,3722.4000,3722.6000,3722.8000,1,1,1,3,5,1,1,3,5,3
SF,IF2005,2020-04-13 09:55:54.100,3721.8000,10319,0,1589675880.000,0,-,-,-,-,3721.2000,3721.0000,3720.8000,3719.0000,3718.8000,3721.6000,3722.2000,3722.4000,3722.6000,3722.8000,1,1,1,3,5,1,1,1,4,3
SF,IF2005,2020-04-13 09:55:54.600,3721.8000,10319,0,1589675880.000,0,-,-,-,-,3721.2000,3721.0000,3720.8000,3719.0000,3718.8000,3722.2000,3722.4000,3722.6000,3722.8000,3723.0000,1,1,1,3,5,1,1,4,3,2
SF,IF2005,2020-04-13 09:55:55.100,3721.8000,10319,0,1589675880.000,0,-,-,-,-,3721.2000,3721.0000,3720.8000,3719.0000,3718.8000,3722.2000,3722.4000,3722.6000,3722.8000,3723.0000,1,1,1,3,5,1,1,4,3,2
SF,IF2005,2020-04-13 09:55:55.600,3721.2000,10319,0,1590792240.000,1,0,1,多换,S,3721.0000,3720.8000,3719.0000,3718.8000,3718.6000,3722.2000,3722.4000,3722.6000,3722.8000,3723.0000,1,1,3,5,1,2,1,4,3,2
SF,IF2005,2020-04-13 09:55:56.100,3721.2000,10319,0,1590792240.000,0,-,-,-,-,3721.0000,3720.8000,3719.0000,3718.8000,3718.6000,3722.2000,3722.6000,3722.8000,3723.0000,3724.4000,1,1,3,5,1,1,4,3,2,1
SF,IF2005,2020-04-13 09:55:56.600,3721.2000,10319,0,1590792240.000,0,-,-,-,-,3721.0000,3720.8000,3719.0000,3718.8000,3718.6000,3722.0000,3722.2000,3722.6000,3722.8000,3723.0000,1,1,3,5,1,1,2,3,3,2
SF,IF2005,2020-04-13 09:55:57.100,3721.2000,10319,0,1590792240.000,0,-,-,-,-,3721.0000,3720.8000,3719.0000,3718.8000,3718.6000,3722.0000,3722.2000,3722.6000,3722.8000,3723.0000,1,1,3,5,1,1,2,1,3,2
SF,IF2005,2020-04-13 09:55:57.600,3721.2000,10319,0,1590792240.000,0,-,-,-,-,3721.2000,3721.0000,3719.0000,3718.8000,3718.6000,3722.0000,3722.2000,3722.6000,3722.8000,3723.0000,1,1,3,5,1,1,1,1,3,2
SF,IF2005,2020-04-13 09:55:58.100,3721.2000,10319,0,1590792240.000,0,-,-,-,-,3721.2000,3721.0000,3719.0000,3718.8000,3718.6000,3722.0000,3722.2000,3722.6000,3722.8000,3723.0000,1,1,3,5,1,1,1,1,3,2
SF,IF2005,2020-04-13 09:55:58.600,3721.2000,10319,0,1590792240.000,0,-,-,-,-,3721.2000,3721.0000,3719.0000,3718.8000,3718.6000,3722.0000,3722.2000,3722.6000,3722.8000,3723.0000,1,1,3,5,1,1,1,1,3,2
SF,IF2005,2020-04-13 09:55:59.600,3721.2000,10319,0,1590792240.000,0,-,-,-,-,3721.2000,3721.0000,3719.0000,3718.8000,3718.6000,3722.0000,3722.2000,3722.6000,3722.8000,3723.0000,1,1,3,5,1,2,1,1,3,2
SF,IF2005,2020-04-13 09:56:01.600,3721.2000,10319,0,1590792240.000,0,-,-,-,-,3721.2000,3721.0000,3719.0000,3718.8000,3718.6000,3721.8000,3722.0000,3722.2000,3722.6000,3722.8000,1,1,3,5,1,1,2,1,1,3
SF,IF2005,2020-04-13 09:56:02.100,3721.2000,10319,0,1590792240.000,0,-,-,-,-,3721.0000,3719.0000,3718.8000,3718.6000,3718.4000,3721.8000,3722.0000,3722.6000,3722.8000,3723.0000,1,3,5,1,10,1,2,1,3,2
SF,IF2005,2020-04-13 09:56:07.600,3721.0000,10319,0,1591908540.000,1,0,1,多换,S,3719.0000,3718.8000,3718.6000,3718.4000,3718.2000,3721.8000,3722.0000,3722.6000,3722.8000,3723.0000,3,5,1,10,6,1,2,1,3,2
SF,IF2005,2020-04-13 09:56:08.100,3721.0000,10319,0,1591908540.000,0,-,-,-,-,3720.4000,3720.2000,3720.0000,3719.8000,3719.6000,3721.6000,3721.8000,3722.0000,3722.6000,3722.8000,1,1,1,1,2,2,1,1,1,3
SF,IF2005,2020-04-13 09:56:08.600,3721.0000,10319,0,1591908540.000,0,-,-,-,-,3720.4000,3720.2000,3720.0000,3719.8000,3719.6000,3721.4000,3721.6000,3722.0000,3722.6000,3722.8000,1,1,1,1,2,1,2,1,1,3
SF,IF2005,2020-04-13 09:56:09.600,3721.0000,10319,0,1591908540.000,0,-,-,-,-,3720.4000,3720.2000,3720.0000,3719.8000,3719.6000,3721.4000,3721.6000,3722.0000,3722.6000,3722.8000,1,1,1,1,2,1,2,1,1,3
SF,IF2005,2020-04-13 09:56:10.100,3721.0000,10319,0,1591908540.000,0,-,-,-,-,3721.0000,3720.4000,3720.2000,3720.0000,3719.8000,3721.4000,3721.6000,3722.0000,3722.6000,3722.8000,2,1,1,1,1,1,2,1,1,3
SF,IF2005,2020-04-13 09:56:10.600,3721.0000,10319,0,1594141140.000,2,1,1,多换,S,3720.4000,3720.2000,3720.0000,3719.8000,3719.6000,3721.0000,3721.4000,3721.6000,3722.0000,3722.6000,1,1,1,1,2,1,1,2,1,1
SF,IF2005,2020-04-13 09:56:11.100,3721.0000,10319,0,1594141140.000,0,-,-,-,-,3720.4000,3720.2000,3720.0000,3719.8000,3719.6000,3721.0000,3721.4000,3721.6000,3722.0000,3722.6000,1,1,1,1,2,2,1,2,1,1
SF,IF2005,2020-04-13 09:56:12.600,3721.0000,10319,0,1594141140.000,0,-,-,-,-,3720.4000,3720.2000,3720.0000,3719.8000,3719.6000,3721.0000,3721.4000,3721.6000,3722.0000,3722.6000,1,1,1,1,2,2,1,2,1,1
SF,IF2005,2020-04-13 09:56:15.600,3721.0000,10319,0,1594141140.000,0,-,-,-,-,3720.4000,3720.2000,3720.0000,3719.8000,3719.6000,3720.8000,3721.0000,3721.4000,3721.6000,3722.0000,1,1,1,1,2,1,1,1,2,1
SF,IF2005,2020-04-13 09:56:16.100,3721.0000,10319,0,1594141140.000,0,-,-,-,-,3720.4000,3720.2000,3720.0000,3719.8000,3719.6000,3720.8000,3721.0000,3721.6000,3722.0000,3722.6000,1,1,1,1,2,1,1,1,1,1
SF,IF2005,2020-04-13 09:56:17.100,3721.0000,10319,0,1594141140.000,0,-,-,-,-,3720.4000,3720.0000,3719.8000,3719.6000,3719.4000,3720.8000,3721.0000,3721.6000,3722.0000,3722.6000,1,1,1,2,2,1,1,1,1,1
SF,IF2005,2020-04-13 09:56:18.600,3720.8000,10320,1,1595257380.000,1,1,0,双开,S,3720.4000,3720.0000,3719.8000,3719.6000,3719.4000,3721.0000,3721.6000,3722.0000,3722.6000,3722.8000,1,1,1,2,2,1,1,1,1,3
SF,IF2005,2020-04-13 09:56:20.600,3720.8000,10320,0,1595257380.000,0,-,-,-,-,3720.4000,3720.0000,3719.8000,3719.6000,3719.4000,3720.8000,3721.6000,3722.0000,3722.6000,3722.8000,1,1,1,2,2,1,1,1,1,3
SF,IF2005,2020-04-13 09:56:22.100,3720.8000,10320,0,1596373620.000,1,0,1,多换,S,3720.4000,3720.0000,3719.8000,3719.6000,3719.4000,3721.6000,3722.0000,3722.6000,3722.8000,3723.0000,1,1,1,2,2,1,1,1,3,2
SF,IF2005,2020-04-13 09:56:22.600,3720.8000,10320,0,1596373620.000,0,-,-,-,-,3720.4000,3720.0000,3719.8000,3719.6000,3719.4000,3721.4000,3721.6000,3722.0000,3722.6000,3722.8000,1,1,1,2,2,3,1,1,1,3
SF,IF2005,2020-04-13 09:56:23.100,3720.8000,10320,0,1596373620.000,0,-,-,-,-,3720.4000,3720.0000,3719.8000,3719.6000,3719.4000,3721.4000,3721.6000,3722.0000,3722.6000,3722.8000,1,1,1,2,2,4,1,1,1,3
SF,IF2005,2020-04-13 09:56:23.600,3720.8000,10320,0,1596373620.000,0,-,-,-,-,3720.4000,3720.0000,3719.8000,3719.4000,3719.2000,3721.4000,3721.6000,3722.0000,3722.6000,3722.8000,1,1,1,1,2,4,1,1,1,3
SF,IF2005,2020-04-13 09:56:24.600,3720.8000,10320,0,1596373620.000,0,-,-,-,-,3720.0000,3719.8000,3719.4000,3719.2000,3719.0000,3721.4000,3721.6000,3722.0000,3722.6000,3722.8000,1,1,1,2,1,4,1,1,1,3
SF,IF2005,2020-04-13 09:56:25.100,3720.8000,10320,0,1596373620.000,0,-,-,-,-,3720.2000,3720.0000,3719.8000,3719.4000,3719.2000,3720.4000,3721.2000,3721.4000,3722.0000,3722.6000,1,1,1,1,1,1,1,2,1,1
SF,IF2005,2020-04-13 09:56:25.600,3720.4000,10320,0,1597489740.000,1,0,1,多换,S,3720.2000,3720.0000,3719.8000,3719.4000,3719.2000,3721.2000,3721.4000,3722.0000,3722.6000,3722.8000,1,1,1,1,1,1,1,1,1,3
SF,IF2005,2020-04-13 09:56:26.100,3720.4000,10320,0,1597489740.000,0,-,-,-,-,3720.0000,3719.8000,3719.4000,3719.2000,3719.0000,3721.0000,3721.2000,3721.4000,3722.0000,3722.6000,1,1,1,1,1,1,1,1,1,1
SF,IF2005,2020-04-13 09:56:26.600,3720.4000,10320,0,1597489740.000,0,-,-,-,-,3720.0000,3719.8000,3719.4000,3719.2000,3719.0000,3720.2000,3721.0000,3721.2000,3721.4000,3722.0000,1,1,1,1,1,1,1,1,1,1
SF,IF2005,2020-04-13 09:56:27.100,3720.2000,10320,0,1598605800.000,1,0,1,多换,S,3720.2000,3720.0000,3719.8000,3719.4000,3719.2000,3721.0000,3721.2000,3722.0000,3722.6000,3722.8000,1,1,1,1,1,1,1,1,1,3
SF,IF2005,2020-04-13 09:56:28.100,3720.2000,10320,0,1598605800.000,0,-,-,-,-,3720.6000,3720.0000,3719.8000,3719.4000,3719.2000,3721.0000,3721.2000,3722.0000,3722.6000,3722.8000,1,1,1,1,1,1,1,1,1,3
SF,IF2005,2020-04-13 09:56:29.100,3721.0000,10320,0,1599722100.000,1,0,1,多换,S,3720.0000,3719.8000,3719.4000,3719.2000,3719.0000,3721.0000,3721.2000,3722.0000,3722.6000,3722.8000,1,1,1,1,1,2,1,1,1,3
SF,IF2005,2020-04-13 09:56:30.600,3721.0000,10320,0,1599722100.000,0,-,-,-,-,3720.0000,3719.8000,3719.2000,3719.0000,3718.8000,3721.0000,3721.2000,3722.0000,3722.6000,3722.8000,1,1,1,1,4,2,1,1,1,3
SF,IF2005,2020-04-13 09:56:31.100,3721.0000,10320,0,1599722100.000,0,-,-,-,-,3720.0000,3719.8000,3719.2000,3719.0000,3718.8000,3720.8000,3721.0000,3722.0000,3722.6000,3722.8000,1,1,1,1,4,2,2,1,1,3
SF,IF2005,2020-04-13 09:56:31.600,3721.0000,10320,0,1599722100.000,0,-,-,-,-,3719.2000,3719.0000,3718.8000,3718.6000,3718.4000,3720.8000,3721.0000,3722.0000,3722.6000,3722.8000,1,1,4,1,6,4,2,1,1,3
SF,IF2005,2020-04-13 09:56:32.100,3721.0000,10320,0,1599722100.000,0,-,-,-,-,3719.4000,3719.0000,3718.8000,3718.6000,3718.4000,3720.8000,3721.0000,3722.0000,3722.6000,3722.8000,4,1,4,1,4,3,2,1,1,1
SF,IF2005,2020-04-13 09:56:32.600,3721.0000,10320,0,1599722100.000,0,-,-,-,-,3719.4000,3719.0000,3718.4000,3718.2000,3718.0000,3720.8000,3721.0000,3721.8000,3722.0000,3722.6000,4,1,3,1,1,3,2,2,1,1
SF,IF2005,2020-04-13 09:56:33.600,3721.0000,10320,0,1599722100.000,0,-,-,-,-,3719.4000,3719.0000,3718.4000,3718.2000,3718.0000,3720.6000,3720.8000,3721.0000,3721.8000,3722.0000,4,1,3,1,1,1,2,2,2,1
SF,IF2005,2020-04-13 09:56:34.600,3721.0000,10320,0,1599722100.000,0,-,-,-,-,3719.4000,3719.0000,3718.4000,3718.2000,3718.0000,3720.6000,3720.8000,3721.0000,3721.8000,3722.6000,4,1,3,1,1,1,2,2,2,1
SF,IF2005,2020-04-13 09:56:35.100,3721.0000,10320,0,1599722100.000,0,-,-,-,-,3719.4000,3719.0000,3718.4000,3718.2000,3718.0000,3720.4000,3720.6000,3720.8000,3721.0000,3721.8000,4,1,3,1,1,1,1,2,2,2
SF,IF2005,2020-04-13 09:56:35.600,3721.0000,10320,0,1599722100.000,0,-,-,-,-,3719.4000,3719.0000,3718.4000,3718.2000,3718.0000,3720.4000,3720.6000,3720.8000,3721.0000,3721.8000,4,1,3,1,1,1,1,1,2,2
SF,IF2005,2020-04-13 09:56:36.100,3721.0000,10320,0,1599722100.000,0,-,-,-,-,3719.4000,3719.0000,3718.4000,3718.2000,3718.0000,3720.4000,3720.6000,3720.8000,3721.0000,3721.8000,4,1,3,1,1,1,1,1,2,2
SF,IF2005,2020-04-13 09:56:37.100,3721.0000,10320,0,1599722100.000,0,-,-,-,-,3719.4000,3719.0000,3718.4000,3718.2000,3718.0000,3720.4000,3720.6000,3720.8000,3721.0000,3721.8000,4,1,1,1,1,1,1,1,2,2
SF,IF2005,2020-04-13 09:56:37.600,3719.4000,10320,0,1600837920.000,1,0,1,多换,S,3719.4000,3719.0000,3718.4000,3718.2000,3718.0000,3720.4000,3720.6000,3720.8000,3721.0000,3721.8000,3,1,1,1,1,1,1,1,2,2
SF,IF2005,2020-04-13 09:56:38.100,3719.4000,10320,0,1600837920.000,0,-,-,-,-,3719.6000,3719.4000,3719.0000,3718.4000,3718.2000,3720.2000,3720.4000,3720.6000,3721.0000,3721.8000,1,1,1,1,1,2,1,1,2,2
SF,IF2005,2020-04-13 09:56:38.600,3719.6000,10319,-1,1601953800.000,1,0,1,双平,S,3719.4000,3719.0000,3718.4000,3718.2000,3718.0000,3720.2000,3720.4000,3720.6000,3721.0000,3721.8000,1,1,1,1,1,3,2,1,2,2
SF,IF2005,2020-04-13 09:56:39.100,3719.6000,10319,0,1601953800.000,0,-,-,-,-,3719.0000,3718.4000,3718.2000,3718.0000,3717.6000,3720.0000,3720.2000,3720.4000,3721.0000,3721.8000,1,1,1,1,2,1,2,1,2,2
SF,IF2005,2020-04-13 09:56:39.600,3719.6000,10319,0,1601953800.000,0,-,-,-,-,3719.0000,3718.8000,3718.4000,3718.2000,3718.0000,3719.8000,3720.0000,3720.2000,3721.0000,3721.8000,1,1,1,1,1,1,2,1,2,2
SF,IF2005,2020-04-13 09:56:40.100,3719.8000,10319,0,1603069740.000,1,0,1,多换,S,3719.0000,3718.8000,3718.4000,3718.2000,3718.0000,3720.0000,3720.2000,3721.0000,3721.8000,3722.6000,1,1,1,1,1,1,3,2,2,1
SF,IF2005,2020-04-13 09:56:40.600,3719.8000,10319,0,1603069740.000,0,-,-,-,-,3719.0000,3718.8000,3718.4000,3718.2000,3718.0000,3720.0000,3720.2000,3721.0000,3721.8000,3722.6000,1,1,1,1,1,2,3,2,2,1
SF,IF2005,2020-04-13 09:56:41.100,3719.8000,10319,0,1603069740.000,0,-,-,-,-,3719.0000,3718.8000,3718.4000,3718.2000,3718.0000,3720.0000,3720.2000,3721.0000,3721.8000,3722.6000,1,1,1,1,1,2,3,2,2,1
SF,IF2005,2020-04-13 09:56:41.600,3719.8000,10319,0,1603069740.000,0,-,-,-,-,3719.0000,3718.8000,3718.4000,3718.0000,3717.6000,3719.8000,3720.0000,3720.2000,3721.0000,3722.6000,1,1,1,1,2,1,3,3,2,1
SF,IF2005,2020-04-13 09:56:42.100,3719.0000,10318,-1,1604185440.000,1,0,1,双平,S,3718.8000,3718.4000,3718.0000,3717.6000,3717.2000,3719.8000,3720.0000,3720.2000,3720.8000,3721.0000,1,1,1,2,1,1,1,3,2,2
SF,IF2005,2020-04-13 09:56:42.600,3719.0000,10318,0,1604185440.000,0,-,-,-,-,3718.8000,3718.0000,3717.2000,3717.0000,3716.2000,3719.6000,3719.8000,3720.0000,3720.2000,3720.8000,1,1,1,5,1,3,2,1,3,2
SF,IF2005,2020-04-13 09:56:43.100,3719.0000,10318,0,1604185440.000,0,-,-,-,-,3718.8000,3718.0000,3717.2000,3717.0000,3716.2000,3719.6000,3719.8000,3720.0000,3720.2000,3720.8000,1,1,1,5,1,2,1,1,3,2
SF,IF2005,2020-04-13 09:56:43.600,3719.0000,10318,0,1604185440.000,0,-,-,-,-,3718.8000,3718.0000,3717.0000,3716.0000,3715.8000,3719.4000,3719.6000,3719.8000,3720.0000,3720.2000,1,1,5,6,2,1,2,1,1,3
SF,IF2005,2020-04-13 09:56:44.100,3719.0000,10318,0,1604185440.000,0,-,-,-,-,3718.8000,3718.0000,3717.0000,3716.0000,3715.8000,3719.4000,3719.6000,3719.8000,3720.2000,3720.8000,1,1,5,6,2,2,2,1,3,2
SF,IF2005,2020-04-13 09:56:44.600,3718.8000,10319,1,1605301080.000,1,1,0,双开,S,3718.0000,3717.0000,3716.0000,3715.8000,3715.0000,3719.4000,3719.6000,3719.8000,3720.2000,3720.8000,1,5,2,2,1,2,2,1,3,2
SF,IF2005,2020-04-13 09:56:45.100,3718.8000,10319,0,1606416720.000,1,0,1,多换,S,3718.6000,3718.4000,3718.2000,3718.0000,3716.0000,3719.4000,3719.6000,3719.8000,3720.2000,3720.8000,1,1,3,1,2,2,2,1,2,2
SF,IF2005,2020-04-13 09:56:45.600,3718.8000,10319,0,1606416720.000,0,-,-,-,-,3718.8000,3718.6000,3718.4000,3718.2000,3718.0000,3719.4000,3720.2000,3720.8000,3721.0000,3722.6000,2,1,1,3,1,2,2,2,2,1
SF,IF2005,2020-04-13 09:56:46.100,3718.8000,10319,0,1606416720.000,0,-,-,-,-,3719.0000,3718.8000,3718.2000,3718.0000,3716.0000,3719.4000,3720.2000,3720.8000,3721.0000,3722.6000,1,2,3,1,7,1,2,2,2,1
SF,IF2005,2020-04-13 09:56:46.600,3718.8000,10319,0,1606416720.000,0,-,-,-,-,3719.0000,3718.8000,3718.2000,3718.0000,3716.0000,3719.4000,3720.0000,3720.2000,3720.8000,3721.0000,1,2,2,1,7,1,1,2,2,2
SF,IF2005,2020-04-13 09:56:47.100,3718.8000,10319,0,1606416720.000,0,-,-,-,-,3718.8000,3718.2000,3718.0000,3716.0000,3715.8000,3719.4000,3720.0000,3720.2000,3720.8000,3721.0000,2,2,1,7,2,1,1,2,2,2
SF,IF2005,2020-04-13 09:56:47.600,3718.8000,10319,0,1606416720.000,0,-,-,-,-,3718.8000,3718.2000,3718.0000,3716.0000,3715.8000,3719.4000,3720.0000,3720.2000,3720.8000,3721.0000,1,2,2,7,2,2,1,2,2,2
SF,IF2005,2020-04-13 09:56:48.100,3718.8000,10319,0,1606416720.000,0,-,-,-,-,3718.8000,3718.2000,3718.0000,3716.0000,3715.8000,3719.4000,3720.2000,3720.8000,3721.0000,3722.6000,1,2,2,7,2,1,2,2,2,1
SF,IF2005,2020-04-13 09:56:48.600,3718.8000,10319,0,1606416720.000,0,-,-,-,-,3718.8000,3718.2000,3718.0000,3716.0000,3715.8000,3719.4000,3720.2000,3720.8000,3721.0000,3722.6000,1,2,2,7,2,1,2,2,2,1
SF,IF2005,2020-04-13 09:56:49.100,3719.4000,10320,1,1607532540.000,1,1,0,双开,S,3718.8000,3718.2000,3718.0000,3716.0000,3715.8000,3720.2000,3720.8000,3721.0000,3722.6000,3722.8000,1,2,1,7,2,2,2,2,1,1
SF,IF2005,2020-04-13 09:56:49.600,3719.4000,10320,0,1607532540.000,0,-,-,-,-,3719.0000,3718.8000,3718.2000,3718.0000,3716.0000,3719.4000,3720.0000,3720.2000,3720.8000,3721.0000,1,1,1,1,7,1,4,2,2,2
SF,IF2005,2020-04-13 09:56:50.100,3719.4000,10321,1,1608648360.000,1,1,0,双开,S,3719.0000,3718.8000,3718.2000,3718.0000,3716.0000,3720.0000,3720.2000,3720.8000,3721.0000,3722.6000,1,1,1,1,7,3,2,2,2,1
SF,IF2005,2020-04-13 09:56:50.600,3719.4000,10321,0,1608648360.000,0,-,-,-,-,3718.8000,3718.2000,3718.0000,3716.0000,3715.8000,3719.8000,3720.0000,3720.2000,3720.8000,3721.0000,1,1,1,7,2,1,2,2,2,2
SF,IF2005,2020-04-13 09:56:51.100,3719.4000,10321,0,1608648360.000,0,-,-,-,-,3718.8000,3718.2000,3718.0000,3716.0000,3715.8000,3719.6000,3719.8000,3720.0000,3720.2000,3720.8000,1,1,1,7,2,1,1,2,2,2
SF,IF2005,2020-04-13 09:56:52.100,3719.4000,10321,0,1608648360.000,0,-,-,-,-,3719.4000,3718.8000,3718.2000,3718.0000,3716.0000,3719.6000,3719.8000,3720.0000,3720.2000,3720.8000,1,1,1,1,7,1,1,2,2,2
SF,IF2005,2020-04-13 09:56:52.600,3719.4000,10321,0,1609764180.000,1,0,1,多换,S,3718.8000,3718.2000,3718.0000,3716.0000,3715.8000,3719.6000,3719.8000,3720.0000,3720.2000,3720.8000,1,1,1,7,2,1,1,2,2,2
SF,IF2005,2020-04-13 09:56:55.100,3719.4000,10321,0,1609764180.000,0,-,-,-,-,3718.8000,3718.2000,3718.0000,3716.0000,3715.8000,3719.6000,3719.8000,3720.0000,3720.2000,3720.8000,2,1,1,7,2,1,1,2,2,2
SF,IF2005,2020-04-13 09:56:55.600,3719.6000,10322,1,1610880060.000,1,1,0,双开,S,3718.8000,3718.2000,3718.0000,3716.0000,3715.8000,3719.4000,3719.8000,3720.0000,3720.2000,3720.8000,2,1,1,7,2,1,1,2,2,2
SF,IF2005,2020-04-13 09:56:56.100,3719.6000,10322,0,1610880060.000,0,-,-,-,-,3718.8000,3718.2000,3718.0000,3716.0000,3715.8000,3719.4000,3719.8000,3720.0000,3720.2000,3720.8000,2,1,1,8,2,1,1,2,2,2
SF,IF2005,2020-04-13 09:56:56.600,3719.4000,10324,2,1613111700.000,2,2,0,双开,S,3718.8000,3718.2000,3718.0000,3716.4000,3716.0000,3719.2000,3719.8000,3720.0000,3720.2000,3720.8000,2,1,1,5,3,1,1,2,2,2
SF,IF2005,2020-04-13 09:56:57.100,3719.4000,10324,0,1613111700.000,0,-,-,-,-,3718.8000,3718.2000,3718.0000,3716.4000,3716.0000,3719.2000,3720.0000,3720.2000,3720.8000,3721.0000,2,1,1,5,3,1,1,2,2,2
SF,IF2005,2020-04-13 09:56:57.600,3719.4000,10324,0,1613111700.000,0,-,-,-,-,3718.8000,3718.2000,3718.0000,3716.4000,3716.0000,3720.0000,3720.2000,3720.8000,3721.0000,3722.6000,2,1,1,5,3,1,2,2,2,1
SF,IF2005,2020-04-13 09:56:58.100,3719.4000,10324,0,1613111700.000,0,-,-,-,-,3718.8000,3718.2000,3718.0000,3716.4000,3716.0000,3719.6000,3719.8000,3720.0000,3720.2000,3720.8000,1,1,1,5,3,1,3,1,2,2
SF,IF2005,2020-04-13 09:56:58.600,3719.4000,10324,0,1613111700.000,0,-,-,-,-,3718.8000,3718.2000,3718.0000,3716.4000,3716.0000,3719.6000,3719.8000,3720.0000,3720.2000,3720.8000,1,1,1,5,3,1,1,1,2,2
SF,IF2005,2020-04-13 09:56:59.100,3719.4000,10324,0,1613111700.000,0,-,-,-,-,3718.8000,3718.2000,3718.0000,3716.4000,3716.0000,3719.4000,3719.6000,3719.8000,3720.0000,3720.2000,1,1,1,5,3,1,1,1,1,2
SF,IF2005,2020-04-13 09:56:59.600,3719.4000,10324,0,1613111700.000,0,-,-,-,-,3718.8000,3718.2000,3718.0000,3716.4000,3716.0000,3719.4000,3719.6000,3719.8000,3720.0000,3720.2000,1,1,1,5,4,1,1,1,3,2
SF,IF2005,2020-04-13 09:57:00.100,3719.4000,10325,1,1614227520.000,1,1,0,双开,S,3718.8000,3718.2000,3718.0000,3716.4000,3716.0000,3719.2000,3719.6000,3719.8000,3720.0000,3720.2000,1,1,1,5,4,1,1,1,3,2
SF,IF2005,2020-04-13 09:57:00.600,3718.8000,10324,-1,1615343160.000,1,0,1,双平,S,3718.2000,3718.0000,3716.4000,3716.0000,3715.8000,3719.2000,3719.6000,3719.8000,3720.0000,3720.2000,1,1,5,4,2,1,1,1,3,2
SF,IF2005,2020-04-13 09:57:01.100,3718.8000,10324,0,1615343160.000,0,-,-,-,-,3718.2000,3718.0000,3716.4000,3716.0000,3715.8000,3719.2000,3720.0000,3720.2000,3720.8000,3721.0000,1,1,5,4,2,1,3,2,2,2
SF,IF2005,2020-04-13 09:57:01.600,3718.8000,10324,0,1615343160.000,0,-,-,-,-,3718.0000,3716.4000,3716.0000,3715.8000,3715.0000,3719.2000,3720.0000,3720.2000,3720.8000,3721.0000,1,5,4,2,1,1,3,2,2,2
SF,IF2005,2020-04-13 09:57:02.100,3718.8000,10324,0,1615343160.000,0,-,-,-,-,3718.2000,3718.0000,3716.4000,3716.0000,3715.8000,3719.0000,3719.2000,3720.0000,3720.2000,3720.8000,1,1,5,4,2,1,1,3,2,2
SF,IF2005,2020-04-13 09:57:02.600,3718.8000,10324,0,1615343160.000,0,-,-,-,-,3718.2000,3718.0000,3716.4000,3716.0000,3715.8000,3719.0000,3720.0000,3720.2000,3720.8000,3721.0000,1,1,5,4,2,2,3,2,2,2
SF,IF2005,2020-04-13 09:57:03.100,3718.8000,10324,0,1615343160.000,0,-,-,-,-,3718.0000,3716.4000,3716.0000,3715.8000,3715.0000,3719.0000,3720.0000,3720.2000,3720.8000,3721.0000,1,5,4,2,1,2,3,2,2,2
SF,IF2005,2020-04-13 09:57:03.600,3718.8000,10324,0,1615343160.000,0,-,-,-,-,3718.0000,3716.4000,3716.0000,3715.8000,3715.0000,3718.8000,3719.0000,3720.0000,3720.2000,3720.8000,1,5,4,2,1,1,2,3,2,2
SF,IF2005,2020-04-13 09:57:05.100,3718.8000,10324,0,1615343160.000,0,-,-,-,-,3718.0000,3716.4000,3716.0000,3715.8000,3715.0000,3718.6000,3718.8000,3719.0000,3720.0000,3720.2000,2,5,4,2,1,1,1,1,3,2
SF,IF2005,2020-04-13 09:57:05.600,3718.8000,10323,-1,1616458800.000,1,0,1,双平,S,3718.0000,3716.4000,3716.0000,3715.8000,3715.0000,3718.6000,3719.0000,3720.0000,3720.2000,3720.8000,2,5,4,2,1,1,1,3,2,2
SF,IF2005,2020-04-13 09:57:06.100,3718.0000,10320,-3,1620920640.000,4,0,4,多平,S,3716.0000,3715.8000,3715.0000,3714.8000,3714.2000,3718.6000,3719.0000,3720.0000,3720.2000,3721.0000,4,2,6,2,4,1,1,3,2,2
SF,IF2005,2020-04-13 09:57:06.600,3718.0000,10320,0,1620920640.000,0,-,-,-,-,3717.2000,3717.0000,3716.6000,3716.4000,3716.2000,3718.4000,3718.6000,3720.0000,3720.2000,3721.0000,1,1,4,6,9,6,1,2,2,2
SF,IF2005,2020-04-13 09:57:07.100,3718.0000,10320,0,1620920640.000,0,-,-,-,-,3717.4000,3717.2000,3717.0000,3716.6000,3716.4000,3718.2000,3718.4000,3719.8000,3720.0000,3720.2000,1,1,1,3,7,2,4,2,2,2
SF,IF2005,2020-04-13 09:57:07.600,3717.4000,10320,0,1622035860.000,1,0,1,多换,S,3717.2000,3717.0000,3716.6000,3716.4000,3716.2000,3718.0000,3718.2000,3718.4000,3719.8000,3720.0000,1,1,3,7,7,1,1,3,2,2
SF,IF2005,2020-04-13 09:57:08.100,3717.4000,10320,0,1622035860.000,0,-,-,-,-,3717.2000,3717.0000,3716.6000,3716.4000,3716.2000,3718.0000,3718.2000,3718.4000,3719.8000,3720.0000,1,1,3,6,6,1,1,3,2,2
SF,IF2005,2020-04-13 09:57:08.600,3717.4000,10320,0,1622035860.000,0,-,-,-,-,3717.2000,3717.0000,3716.6000,3716.4000,3716.2000,3718.0000,3718.2000,3718.4000,3719.8000,3720.0000,1,1,3,2,5,1,1,3,2,2
SF,IF2005,2020-04-13 09:57:09.100,3717.4000,10320,0,1622035860.000,0,-,-,-,-,3717.2000,3717.0000,3716.6000,3716.4000,3716.2000,3718.0000,3718.2000,3718.4000,3719.8000,3720.0000,1,1,3,1,5,1,1,3,2,2
SF,IF2005,2020-04-13 09:57:09.600,3717.4000,10320,0,1622035860.000,0,-,-,-,-,3717.0000,3716.6000,3716.4000,3716.2000,3716.0000,3718.0000,3718.2000,3718.4000,3719.8000,3720.0000,1,3,1,3,4,1,1,3,2,2
SF,IF2005,2020-04-13 09:57:10.100,3717.4000,10320,0,1622035860.000,0,-,-,-,-,3717.4000,3717.0000,3716.6000,3716.4000,3716.2000,3717.8000,3718.0000,3718.2000,3718.4000,3719.8000,2,1,2,1,3,1,2,1,2,2
SF,IF2005,2020-04-13 09:57:10.600,3717.4000,10320,0,1622035860.000,0,-,-,-,-,3717.4000,3717.0000,3716.6000,3716.4000,3716.2000,3717.8000,3718.0000,3718.2000,3718.4000,3719.8000,2,1,2,1,2,1,2,1,2,2
SF,IF2005,2020-04-13 09:57:11.100,3717.4000,10321,1,1624266300.000,2,1,1,空开,S,3717.0000,3716.2000,3716.0000,3715.8000,3715.0000,3717.8000,3718.0000,3718.4000,3720.0000,3720.2000,1,2,4,2,6,1,1,1,2,2
SF,IF2005,2020-04-13 09:57:11.600,3717.4000,10321,0,1624266300.000,0,-,-,-,-,3717.0000,3716.2000,3716.0000,3715.8000,3715.0000,3717.4000,3717.8000,3718.0000,3718.4000,3720.0000,1,2,4,2,6,1,1,1,1,2
SF,IF2005,2020-04-13 09:57:12.100,3717.4000,10322,1,1625381520.000,1,1,0,双开,S,3716.2000,3716.0000,3715.8000,3715.0000,3714.8000,3717.6000,3717.8000,3718.0000,3718.4000,3719.2000,2,3,2,6,2,1,1,1,1,2
SF,IF2005,2020-04-13 09:57:12.600,3717.4000,10322,0,1625381520.000,0,-,-,-,-,3716.6000,3716.4000,3716.2000,3716.0000,3715.8000,3717.4000,3717.6000,3717.8000,3718.4000,3719.2000,1,4,1,3,2,1,1,1,1,2
SF,IF2005,2020-04-13 09:57:13.100,3717.4000,10322,0,1626496740.000,1,0,1,多换,S,3716.6000,3716.4000,3716.2000,3716.0000,3715.8000,3717.6000,3717.8000,3718.4000,3719.2000,3720.0000,2,5,1,3,2,2,1,1,2,2
SF,IF2005,2020-04-13 09:57:13.600,3717.4000,10322,0,1626496740.000,0,-,-,-,-,3717.4000,3716.8000,3716.6000,3716.4000,3716.2000,3717.8000,3719.2000,3720.0000,3720.2000,3721.0000,1,2,1,3,1,1,2,2,2,2
SF,IF2005,2020-04-13 09:57:14.100,3717.8000,10321,-1,1627612080.000,1,0,1,双平,S,3717.4000,3716.8000,3716.4000,3716.2000,3716.0000,3719.2000,3720.0000,3720.2000,3721.0000,3722.6000,1,4,3,1,3,2,2,2,2,1
SF,IF2005,2020-04-13 09:57:14.600,3717.8000,10321,0,1627612080.000,0,-,-,-,-,3717.8000,3717.6000,3716.8000,3716.4000,3716.2000,3718.6000,3718.8000,3719.0000,3719.2000,3720.0000,1,1,1,1,1,2,1,4,3,2
SF,IF2005,2020-04-13 09:57:15.100,3717.8000,10321,0,1627612080.000,0,-,-,-,-,3717.8000,3716.4000,3716.2000,3716.0000,3715.8000,3718.4000,3718.6000,3718.8000,3719.0000,3719.2000,1,1,1,3,2,1,2,2,4,3
SF,IF2005,2020-04-13 09:57:15.600,3717.8000,10321,0,1628727420.000,1,0,1,多换,S,3716.4000,3716.2000,3716.0000,3715.8000,3715.0000,3718.2000,3718.4000,3718.6000,3718.8000,3719.0000,1,1,3,2,1,5,1,1,2,4
SF,IF2005,2020-04-13 09:57:16.100,3717.8000,10321,0,1628727420.000,0,-,-,-,-,3716.6000,3716.4000,3716.2000,3716.0000,3715.8000,3717.8000,3718.0000,3718.2000,3718.8000,3719.0000,3,1,1,3,2,2,2,1,2,4
SF,IF2005,2020-04-13 09:57:16.600,3717.8000,10321,0,1628727420.000,0,-,-,-,-,3716.6000,3716.4000,3716.2000,3716.0000,3715.8000,3717.8000,3718.0000,3718.2000,3718.8000,3719.0000,3,1,1,3,2,2,3,1,2,1
SF,IF2005,2020-04-13 09:57:17.600,3717.8000,10321,0,1628727420.000,0,-,-,-,-,3716.8000,3716.6000,3716.4000,3716.2000,3716.0000,3717.8000,3718.0000,3718.2000,3718.8000,3719.0000,1,3,1,1,3,2,3,1,2,1
SF,IF2005,2020-04-13 09:57:18.100,3717.8000,10321,0,1628727420.000,0,-,-,-,-,3717.0000,3716.8000,3716.6000,3716.4000,3716.2000,3717.8000,3718.0000,3718.2000,3718.8000,3719.0000,1,1,2,1,1,2,3,1,2,1
SF,IF2005,2020-04-13 09:57:19.100,3717.8000,10321,0,1628727420.000,0,-,-,-,-,3717.0000,3716.8000,3716.6000,3716.4000,3716.2000,3717.6000,3717.8000,3718.0000,3718.2000,3718.8000,1,1,2,1,1,1,2,2,1,2
SF,IF2005,2020-04-13 09:57:19.600,3717.8000,10321,0,1628727420.000,0,-,-,-,-,3717.0000,3716.6000,3716.4000,3716.2000,3716.0000,3717.6000,3717.8000,3718.0000,3718.2000,3719.0000,1,2,1,1,3,1,2,2,1,1
SF,IF2005,2020-04-13 09:57:20.100,3717.8000,10321,0,1628727420.000,0,-,-,-,-,3716.6000,3716.4000,3716.2000,3716.0000,3715.8000,3717.6000,3717.8000,3718.0000,3718.2000,3719.0000,2,1,1,3,2,1,2,2,1,1
SF,IF2005,2020-04-13 09:57:20.600,3717.6000,10321,0,1629842700.000,1,0,1,多换,S,3716.8000,3716.6000,3716.2000,3716.0000,3715.8000,3717.8000,3718.0000,3719.0000,3719.2000,3720.0000,2,2,1,3,2,1,2,1,3,2
SF,IF2005,2020-04-13 09:57:21.100,3717.6000,10321,0,1629842700.000,0,-,-,-,-,3716.8000,3716.6000,3716.2000,3716.0000,3715.8000,3718.0000,3719.0000,3719.2000,3720.0000,3720.2000,3,3,1,3,2,2,1,3,2,2
SF,IF2005,2020-04-13 09:57:21.600,3717.6000,10321,0,1629842700.000,0,-,-,-,-,3717.8000,3717.2000,3717.0000,3716.8000,3716.2000,3719.2000,3720.0000,3720.2000,3721.0000,3723.0000,1,2,2,1,1,3,2,2,2,2
SF,IF2005,2020-04-13 09:57:22.100,3717.6000,10321,0,1629842700.000,0,-,-,-,-,3717.8000,3717.2000,3717.0000,3716.8000,3716.2000,3718.6000,3718.8000,3719.0000,3719.2000,3720.0000,1,1,1,1,1,1,2,2,3,2
SF,IF2005,2020-04-13 09:57:22.600,3717.6000,10321,0,1629842700.000,0,-,-,-,-,3718.2000,3717.2000,3717.0000,3716.8000,3716.2000,3718.4000,3718.6000,3718.8000,3719.0000,3719.2000,1,1,1,1,1,1,1,1,6,3
SF,IF2005,2020-04-13 09:57:23.100,3717.6000,10321,0,1629842700.000,0,-,-,-,-,3718.2000,3717.2000,3717.0000,3716.8000,3716.2000,3718.4000,3718.6000,3718.8000,3719.0000,3719.2000,1,1,1,1,1,1,1,1,1,1
SF,IF2005,2020-04-13 09:57:23.600,3718.2000,10321,0,1630958160.000,1,0,1,多换,S,3717.2000,3717.0000,3716.8000,3716.2000,3716.0000,3718.6000,3718.8000,3719.0000,3719.2000,3720.0000,1,1,1,1,3,1,1,1,1,4
SF,IF2005,2020-04-13 09:57:24.100,3718.2000,10321,0,1630958160.000,0,-,-,-,-,3717.6000,3717.4000,3716.2000,3716.0000,3715.8000,3718.4000,3718.8000,3719.0000,3719.2000,3720.0000,4,1,1,3,2,1,1,1,1,4
SF,IF2005,2020-04-13 09:57:24.600,3718.4000,10322,1,1632073680.000,1,1,0,双开,S,3717.6000,3717.4000,3717.2000,3716.2000,3716.0000,3718.8000,3719.0000,3719.2000,3720.0000,3720.2000,4,1,1,1,3,1,1,1,4,2
SF,IF2005,2020-04-13 09:57:25.100,3718.4000,10322,0,1632073680.000,0,-,-,-,-,3717.4000,3717.2000,3716.2000,3716.0000,3715.8000,3718.6000,3719.2000,3720.0000,3720.2000,3721.0000,1,1,1,3,2,4,1,4,2,2
SF,IF2005,2020-04-13 09:57:25.600,3718.4000,10322,0,1632073680.000,0,-,-,-,-,3717.4000,3717.2000,3716.2000,3716.0000,3715.8000,3718.4000,3718.6000,3719.2000,3720.0000,3720.2000,1,1,1,3,2,1,4,1,4,2
SF,IF2005,2020-04-13 09:57:26.100,3718.4000,10322,0,1632073680.000,0,-,-,-,-,3717.4000,3717.2000,3716.2000,3716.0000,3715.8000,3718.4000,3718.6000,3719.2000,3720.0000,3720.2000,1,1,1,3,2,1,3,1,4,2
SF,IF2005,2020-04-13 09:57:28.100,3718.4000,10322,0,1632073680.000,0,-,-,-,-,3717.4000,3717.2000,3716.2000,3716.0000,3715.8000,3718.2000,3718.4000,3718.6000,3719.2000,3720.0000,1,1,1,3,2,1,1,3,1,4
SF,IF2005,2020-04-13 09:57:28.600,3718.4000,10322,0,1632073680.000,0,-,-,-,-,3717.4000,3717.2000,3716.2000,3716.0000,3715.8000,3718.2000,3718.4000,3718.6000,3719.2000,3720.0000,1,1,1,3,2,1,1,3,1,4
SF,IF2005,2020-04-13 09:57:29.100,3718.2000,10322,0,1633189140.000,1,0,1,多换,S,3717.6000,3717.4000,3717.2000,3716.2000,3716.0000,3718.4000,3718.6000,3719.2000,3720.0000,3720.2000,1,1,1,1,3,1,3,1,4,2
SF,IF2005,2020-04-13 09:57:30.100,3718.2000,10322,0,1633189140.000,0,-,-,-,-,3717.6000,3717.4000,3717.2000,3716.2000,3716.0000,3718.4000,3718.6000,3719.2000,3720.0000,3720.2000,2,1,1,1,3,1,3,1,4,2
SF,IF2005,2020-04-13 09:57:30.600,3718.2000,10322,0,1633189140.000,0,-,-,-,-,3717.6000,3717.4000,3717.2000,3716.2000,3716.0000,3718.6000,3719.2000,3720.0000,3720.2000,3721.0000,1,1,1,1,3,3,1,4,2,2
SF,IF2005,2020-04-13 09:57:31.600,3718.2000,10322,0,1633189140.000,0,-,-,-,-,3717.8000,3717.6000,3717.4000,3717.2000,3716.2000,3718.6000,3719.2000,3720.0000,3720.2000,3721.0000,1,1,1,1,1,2,1,4,2,2
SF,IF2005,2020-04-13 09:57:32.100,3718.2000,10322,0,1633189140.000,0,-,-,-,-,3717.8000,3717.6000,3717.4000,3717.2000,3716.2000,3718.6000,3719.2000,3720.0000,3720.2000,3721.0000,1,1,1,1,1,1,1,4,2,2
SF,IF2005,2020-04-13 09:57:32.600,3718.2000,10322,0,1633189140.000,0,-,-,-,-,3717.8000,3717.6000,3717.4000,3717.2000,3716.2000,3718.6000,3718.8000,3719.2000,3720.0000,3720.2000,1,1,1,1,1,1,1,1,4,2
SF,IF2005,2020-04-13 09:57:34.100,3718.2000,10322,0,1633189140.000,0,-,-,-,-,3717.8000,3717.6000,3717.4000,3717.2000,3716.2000,3718.8000,3719.2000,3720.0000,3720.2000,3721.0000,1,1,1,1,1,1,1,4,2,2
SF,IF2005,2020-04-13 09:57:34.600,3718.2000,10322,0,1633189140.000,0,-,-,-,-,3717.8000,3717.6000,3717.4000,3717.2000,3716.2000,3718.0000,3718.8000,3719.2000,3720.0000,3720.2000,1,1,1,1,1,2,1,1,4,2
SF,IF2005,2020-04-13 09:57:35.100,3718.0000,10323,1,1634304540.000,1,1,0,双开,S,3717.8000,3717.6000,3717.4000,3717.2000,3716.2000,3718.0000,3718.8000,3719.2000,3720.0000,3720.2000,1,1,1,1,1,1,1,1,4,2
SF,IF2005,2020-04-13 09:57:35.600,3718.0000,10323,0,1635419940.000,1,0,1,多换,S,3717.6000,3717.4000,3717.2000,3716.2000,3716.0000,3718.8000,3719.2000,3720.0000,3720.2000,3721.0000,1,1,1,1,3,1,1,4,2,2
SF,IF2005,2020-04-13 09:57:36.100,3718.0000,10323,0,1635419940.000,0,-,-,-,-,3717.6000,3717.4000,3717.2000,3716.2000,3716.0000,3718.6000,3718.8000,3719.2000,3720.0000,3720.2000,1,1,1,1,3,1,1,1,4,2
SF,IF2005,2020-04-13 09:57:36.600,3718.0000,10323,0,1635419940.000,0,-,-,-,-,3717.8000,3717.6000,3717.2000,3716.2000,3716.0000,3718.6000,3719.2000,3720.0000,3720.2000,3721.0000,1,1,1,1,3,2,1,4,2,2
SF,IF2005,2020-04-13 09:57:37.100,3718.0000,10323,0,1635419940.000,0,-,-,-,-,3717.8000,3717.6000,3717.2000,3716.2000,3716.0000,3718.6000,3719.2000,3720.0000,3720.2000,3721.0000,1,1,1,1,3,2,1,4,2,2
SF,IF2005,2020-04-13 09:57:37.600,3718.0000,10323,0,1635419940.000,0,-,-,-,-,3717.6000,3717.2000,3716.2000,3716.0000,3715.8000,3718.6000,3719.2000,3720.0000,3720.2000,3721.0000,1,1,1,3,2,1,1,4,2,2
SF,IF2005,2020-04-13 09:57:38.100,3718.0000,10323,0,1635419940.000,0,-,-,-,-,3717.6000,3717.2000,3716.2000,3716.0000,3715.8000,3718.6000,3719.2000,3720.0000,3720.2000,3721.0000,1,1,1,3,2,2,1,4,2,2
SF,IF2005,2020-04-13 09:57:42.100,3718.0000,10323,0,1635419940.000,0,-,-,-,-,3717.6000,3717.2000,3716.2000,3716.0000,3715.8000,3718.6000,3719.2000,3720.0000,3720.2000,3721.0000,2,1,1,3,2,2,1,4,2,2
SF,IF2005,2020-04-13 09:57:43.600,3718.6000,10323,0,1636535520.000,1,0,1,多换,S,3717.6000,3717.2000,3716.2000,3716.0000,3715.8000,3718.6000,3719.2000,3720.0000,3720.2000,3721.0000,2,1,1,3,2,1,1,4,2,2
SF,IF2005,2020-04-13 09:57:44.100,3718.6000,10323,0,1636535520.000,0,-,-,-,-,3717.8000,3717.6000,3717.2000,3716.2000,3716.0000,3718.6000,3719.2000,3720.0000,3720.2000,3721.0000,1,2,1,1,3,1,1,4,2,2
SF,IF2005,2020-04-13 09:57:44.600,3718.6000,10323,0,1636535520.000,0,-,-,-,-,3717.8000,3717.6000,3717.2000,3716.2000,3716.0000,3718.0000,3719.2000,3720.0000,3720.2000,3721.0000,1,2,1,1,3,2,1,4,2,2
SF,IF2005,2020-04-13 09:57:45.100,3718.0000,10323,0,1638766320.000,2,1,1,多换,S,3718.0000,3717.8000,3717.6000,3717.2000,3716.2000,3719.2000,3720.0000,3720.2000,3721.0000,3723.0000,1,1,2,1,1,1,4,2,2,2
SF,IF2005,2020-04-13 09:57:45.600,3718.0000,10323,0,1638766320.000,0,-,-,-,-,3718.6000,3718.0000,3717.8000,3717.6000,3717.2000,3719.0000,3719.2000,3720.0000,3720.2000,3721.0000,1,1,1,2,1,3,1,4,2,2
SF,IF2005,2020-04-13 09:57:46.100,3718.6000,10323,0,1639881900.000,1,0,1,多换,S,3718.4000,3717.8000,3717.6000,3717.2000,3716.2000,3719.0000,3719.2000,3720.0000,3720.2000,3721.0000,1,1,2,1,1,4,1,4,2,2
SF,IF2005,2020-04-13 09:57:46.600,3718.6000,10323,0,1639881900.000,0,-,-,-,-,3718.4000,3717.8000,3717.6000,3717.2000,3716.2000,3718.6000,3719.0000,3719.2000,3720.0000,3720.2000,1,1,2,1,1,1,4,1,4,2
SF,IF2005,2020-04-13 09:57:47.100,3718.6000,10324,1,1640997480.000,1,1,0,双开,S,3717.8000,3717.6000,3717.2000,3716.2000,3716.0000,3718.8000,3719.0000,3719.2000,3720.0000,3720.2000,1,2,1,1,3,1,4,1,4,2
SF,IF2005,2020-04-13 09:57:47.600,3718.6000,10324,0,1640997480.000,0,-,-,-,-,3718.0000,3717.8000,3717.6000,3717.2000,3716.2000,3718.8000,3719.0000,3719.2000,3720.0000,3720.2000,2,1,1,1,1,1,3,1,4,2
SF,IF2005,2020-04-13 09:57:48.100,3718.6000,10324,0,1640997480.000,0,-,-,-,-,3718.0000,3717.8000,3717.6000,3717.2000,3716.2000,3718.8000,3719.0000,3719.2000,3720.0000,3720.2000,2,1,1,1,1,1,3,1,4,2
SF,IF2005,2020-04-13 09:57:49.600,3718.6000,10324,0,1640997480.000,0,-,-,-,-,3717.8000,3717.6000,3717.2000,3716.2000,3716.0000,3718.8000,3719.0000,3719.2000,3720.0000,3720.2000,1,1,1,1,4,1,3,1,4,2
SF,IF2005,2020-04-13 09:57:51.100,3718.8000,10325,1,1642113120.000,1,1,0,双开,S,3717.8000,3717.6000,3717.2000,3716.2000,3716.0000,3718.6000,3719.0000,3719.2000,3720.0000,3720.2000,1,1,1,1,4,1,3,1,4,2
SF,IF2005,2020-04-13 09:57:52.100,3718.8000,10325,0,1642113120.000,0,-,-,-,-,3717.8000,3717.6000,3717.2000,3716.2000,3716.0000,3718.6000,3719.0000,3719.2000,3720.0000,3720.2000,1,1,1,1,4,1,2,1,4,2
SF,IF2005,2020-04-13 09:57:53.600,3718.8000,10325,0,1642113120.000,0,-,-,-,-,3717.8000,3717.6000,3717.2000,3716.2000,3716.0000,3718.4000,3718.6000,3719.0000,3719.2000,3720.0000,1,1,1,1,4,1,1,1,1,4
SF,IF2005,2020-04-13 09:57:54.100,3718.6000,10326,1,1643228700.000,1,1,0,双开,S,3717.8000,3717.6000,3717.2000,3716.2000,3716.0000,3718.6000,3719.0000,3719.2000,3720.0000,3720.2000,1,1,1,1,4,1,1,1,4,2
SF,IF2005,2020-04-13 09:57:55.100,3717.8000,10327,1,1644344040.000,1,1,0,双开,S,3717.6000,3716.2000,3716.0000,3715.8000,3715.0000,3718.6000,3719.0000,3719.2000,3720.0000,3720.2000,1,1,4,2,1,1,1,1,4,2
SF,IF2005,2020-04-13 09:57:55.600,3717.8000,10327,0,1644344040.000,0,-,-,-,-,3717.6000,3716.2000,3716.0000,3715.8000,3715.0000,3717.8000,3718.4000,3718.6000,3719.2000,3720.0000,1,1,4,2,1,1,2,1,1,4
SF,IF2005,2020-04-13 09:57:56.100,3717.8000,10327,0,1644344040.000,0,-,-,-,-,3717.6000,3716.2000,3716.0000,3715.8000,3715.0000,3717.8000,3718.4000,3719.2000,3720.0000,3720.2000,1,1,4,2,1,1,1,1,4,2
SF,IF2005,2020-04-13 09:57:56.600,3717.8000,10327,0,1644344040.000,0,-,-,-,-,3717.6000,3716.2000,3716.0000,3715.8000,3715.0000,3717.8000,3718.0000,3718.4000,3719.2000,3720.0000,1,1,4,2,1,1,1,1,1,4
SF,IF2005,2020-04-13 09:57:57.600,3717.8000,10328,1,1645459380.000,1,1,0,双开,S,3717.6000,3716.2000,3716.0000,3715.8000,3715.0000,3718.0000,3718.4000,3719.2000,3720.0000,3720.2000,1,1,4,2,1,1,1,1,4,2
SF,IF2005,2020-04-13 09:57:59.600,3717.8000,10328,0,1645459380.000,0,-,-,-,-,3717.6000,3716.2000,3716.0000,3715.8000,3715.0000,3718.0000,3718.4000,3719.2000,3720.0000,3720.2000,1,2,4,2,1,1,1,1,4,2
SF,IF2005,2020-04-13 09:58:00.600,3717.8000,10328,0,1645459380.000,0,-,-,-,-,3717.6000,3716.2000,3716.0000,3715.8000,3715.0000,3718.0000,3718.4000,3719.2000,3720.0000,3720.2000,1,2,4,2,1,1,1,1,4,2
SF,IF2005,2020-04-13 09:58:01.600,3717.6000,10329,1,1646574660.000,1,1,0,双开,S,3716.2000,3716.0000,3715.8000,3715.0000,3714.8000,3718.0000,3718.4000,3719.2000,3720.0000,3720.2000,2,4,2,1,2,1,1,1,2,2
SF,IF2005,2020-04-13 09:58:02.100,3717.6000,10329,0,1646574660.000,0,-,-,-,-,3716.8000,3716.6000,3716.4000,3716.2000,3716.0000,3717.6000,3717.8000,3718.0000,3719.0000,3719.2000,3,1,2,2,4,1,1,1,2,1
SF,IF2005,2020-04-13 09:58:02.600,3717.6000,10329,0,1646574660.000,0,-,-,-,-,3716.8000,3716.6000,3716.4000,3716.2000,3716.0000,3717.6000,3717.8000,3718.0000,3719.0000,3719.2000,3,1,2,1,4,1,2,1,2,1
SF,IF2005,2020-04-13 09:58:03.100,3717.6000,10329,0,1646574660.000,0,-,-,-,-,3716.8000,3716.6000,3716.4000,3716.2000,3716.0000,3717.6000,3717.8000,3718.0000,3719.0000,3719.2000,3,1,1,1,4,1,2,1,2,1
SF,IF2005,2020-04-13 09:58:03.600,3717.6000,10329,0,1646574660.000,0,-,-,-,-,3716.8000,3716.6000,3716.4000,3716.2000,3716.0000,3717.6000,3717.8000,3718.0000,3719.0000,3719.2000,3,1,1,1,4,1,1,1,2,1
SF,IF2005,2020-04-13 09:58:04.600,3717.6000,10330,1,1647689940.000,1,1,0,双开,S,3716.8000,3716.6000,3716.4000,3716.2000,3716.0000,3717.8000,3718.0000,3719.0000,3719.2000,3720.0000,3,1,1,1,4,1,1,2,1,2
SF,IF2005,2020-04-13 09:58:05.100,3717.6000,10330,0,1647689940.000,0,-,-,-,-,3717.0000,3716.8000,3716.4000,3716.2000,3716.0000,3717.8000,3718.0000,3719.0000,3719.2000,3720.0000,1,3,1,1,4,1,1,2,1,2
SF,IF2005,2020-04-13 09:58:05.600,3717.6000,10330,0,1647689940.000,0,-,-,-,-,3717.2000,3717.0000,3716.8000,3716.4000,3716.2000,3718.0000,3719.0000,3719.2000,3720.0000,3721.0000,1,2,2,1,1,1,2,1,2,2
SF,IF2005,2020-04-13 09:58:06.100,3717.6000,10330,0,1647689940.000,0,-,-,-,-,3717.8000,3717.4000,3717.2000,3717.0000,3716.8000,3719.0000,3719.2000,3720.0000,3721.0000,3723.0000,1,1,2,1,1,2,1,2,2,2
SF,IF2005,2020-04-13 09:58:06.600,3717.6000,10330,0,1647689940.000,0,-,-,-,-,3717.8000,3717.4000,3717.2000,3716.8000,3716.4000,3718.8000,3719.0000,3719.2000,3720.0000,3721.0000,1,1,1,1,1,6,2,1,2,2
SF,IF2005,2020-04-13 09:58:07.100,3717.6000,10330,0,1647689940.000,0,-,-,-,-,3718.2000,3717.4000,3717.2000,3716.8000,3716.4000,3718.6000,3718.8000,3719.0000,3719.2000,3720.0000,1,1,1,1,1,1,3,2,1,2
SF,IF2005,2020-04-13 09:58:07.600,3718.2000,10330,0,1648805400.000,1,0,1,多换,S,3717.4000,3716.8000,3716.4000,3716.2000,3716.0000,3718.2000,3718.6000,3718.8000,3719.0000,3719.2000,1,1,1,1,9,1,1,3,2,1
SF,IF2005,2020-04-13 09:58:08.100,3718.2000,10330,0,1648805400.000,0,-,-,-,-,3717.4000,3716.8000,3716.4000,3716.2000,3716.0000,3718.2000,3718.6000,3718.8000,3719.0000,3719.2000,1,1,1,1,9,1,1,3,2,1
SF,IF2005,2020-04-13 09:58:08.600,3718.2000,10330,0,1648805400.000,0,-,-,-,-,3717.4000,3716.8000,3716.4000,3716.2000,3716.0000,3718.2000,3718.6000,3718.8000,3719.0000,3719.2000,1,1,1,1,9,1,3,2,2,1
SF,IF2005,2020-04-13 09:58:09.600,3718.2000,10330,0,1648805400.000,0,-,-,-,-,3717.4000,3716.8000,3716.4000,3716.2000,3716.0000,3718.2000,3718.6000,3718.8000,3719.0000,3719.2000,3,1,1,1,9,1,3,2,2,1
SF,IF2005,2020-04-13 09:58:10.100,3718.2000,10330,0,1648805400.000,0,-,-,-,-,3717.4000,3716.8000,3716.4000,3716.2000,3716.0000,3718.0000,3718.2000,3718.6000,3718.8000,3719.0000,3,1,1,1,9,1,1,3,1,2
SF,IF2005,2020-04-13 09:58:10.600,3718.2000,10332,2,1651036320.000,2,2,0,双开,S,3717.4000,3716.8000,3716.4000,3716.2000,3716.0000,3718.6000,3718.8000,3719.0000,3719.2000,3720.0000,3,1,1,1,9,3,1,2,1,2
SF,IF2005,2020-04-13 09:58:11.100,3718.2000,10332,0,1651036320.000,0,-,-,-,-,3717.4000,3716.8000,3716.4000,3716.2000,3716.0000,3718.2000,3718.4000,3718.6000,3719.0000,3719.2000,3,1,1,1,9,3,2,3,2,1
SF,IF2005,2020-04-13 09:58:11.600,3718.2000,10332,0,1651036320.000,0,-,-,-,-,3717.6000,3717.4000,3716.8000,3716.4000,3716.2000,3718.2000,3718.4000,3718.6000,3719.0000,3719.2000,1,3,1,1,1,3,1,2,2,1
SF,IF2005,2020-04-13 09:58:12.100,3718.2000,10332,0,1654382700.000,3,1,2,多换,S,3717.6000,3717.4000,3716.8000,3716.4000,3716.2000,3718.6000,3719.2000,3720.0000,3721.0000,3723.0000,2,3,1,1,1,2,1,2,2,2
SF,IF2005,2020-04-13 09:58:12.600,3718.2000,10332,0,1654382700.000,0,-,-,-,-,3718.0000,3717.8000,3717.6000,3717.4000,3716.8000,3718.6000,3719.2000,3720.0000,3720.4000,3721.0000,1,2,1,2,1,2,1,2,2,2
SF,IF2005,2020-04-13 09:58:13.100,3718.6000,10330,-2,1656613860.000,2,0,2,双平,S,3718.0000,3717.8000,3717.4000,3716.8000,3716.2000,3718.6000,3719.2000,3720.0000,3720.4000,3721.0000,1,3,2,1,1,2,1,2,2,2
SF,IF2005,2020-04-13 09:58:13.600,3718.6000,10331,1,1657729440.000,1,1,0,双开,S,3718.0000,3717.8000,3717.4000,3716.8000,3716.2000,3718.6000,3719.2000,3720.0000,3720.4000,3721.0000,1,2,2,1,1,1,1,2,2,2
SF,IF2005,2020-04-13 09:58:14.100,3718.6000,10332,1,1658845020.000,1,1,0,双开,S,3718.2000,3718.0000,3717.8000,3717.4000,3716.8000,3718.8000,3719.2000,3720.0000,3720.4000,3721.0000,1,1,1,2,1,1,1,2,2,2
SF,IF2005,2020-04-13 09:58:14.600,3718.6000,10332,0,1658845020.000,0,-,-,-,-,3718.6000,3718.2000,3718.0000,3717.8000,3717.4000,3719.2000,3720.0000,3720.4000,3721.0000,3723.0000,1,1,1,1,2,1,2,2,2,2
SF,IF2005,2020-04-13 09:58:15.100,3718.6000,10332,0,1659960600.000,1,0,1,多换,S,3718.2000,3718.0000,3717.8000,3717.4000,3716.8000,3719.2000,3719.6000,3720.0000,3720.4000,3721.0000,1,1,1,2,1,1,1,2,2,2
SF,IF2005,2020-04-13 09:58:15.600,3718.6000,10332,0,1659960600.000,0,-,-,-,-,3718.2000,3718.0000,3717.8000,3717.4000,3716.8000,3719.2000,3719.6000,3720.0000,3720.4000,3721.0000,2,1,1,2,1,1,1,2,2,2
SF,IF2005,2020-04-13 09:58:16.100,3718.6000,10332,0,1659960600.000,0,-,-,-,-,3718.2000,3718.0000,3717.8000,3717.4000,3716.8000,3719.2000,3719.6000,3720.0000,3720.4000,3721.0000,2,1,1,2,1,1,1,2,2,2
SF,IF2005,2020-04-13 09:58:18.100,3718.6000,10332,0,1659960600.000,0,-,-,-,-,3718.2000,3718.0000,3717.8000,3717.4000,3716.8000,3719.0000,3719.2000,3719.6000,3720.0000,3720.4000,2,1,1,2,1,1,3,1,2,2
SF,IF2005,2020-04-13 09:58:18.600,3719.0000,10333,1,1661076300.000,1,1,0,双开,S,3718.4000,3718.2000,3717.8000,3717.4000,3716.8000,3719.2000,3720.0000,3720.4000,3721.0000,3723.0000,1,2,1,2,1,3,2,2,2,2
SF,IF2005,2020-04-13 09:58:19.600,3719.2000,10333,0,1663307820.000,2,1,1,多换,S,3718.4000,3718.2000,3717.8000,3717.4000,3716.8000,3720.0000,3720.4000,3721.0000,3723.0000,3723.8000,1,2,1,2,1,2,2,2,2,8
SF,IF2005,2020-04-13 09:58:20.100,3719.2000,10333,0,1663307820.000,0,-,-,-,-,3718.8000,3718.6000,3718.2000,3717.4000,3716.8000,3719.8000,3720.0000,3720.4000,3721.0000,3723.0000,1,4,1,2,1,1,2,2,2,2
SF,IF2005,2020-04-13 09:58:20.600,3719.8000,10334,1,1664423760.000,1,1,0,双开,S,3719.2000,3719.0000,3718.6000,3718.4000,3718.2000,3720.0000,3720.4000,3721.0000,3723.0000,3723.8000,1,2,3,1,1,2,2,2,2,8
SF,IF2005,2020-04-13 09:58:21.100,3720.0000,10334,0,1665539760.000,1,0,1,多换,S,3719.8000,3719.6000,3719.4000,3719.0000,3718.6000,3720.0000,3721.0000,3723.0000,3723.8000,3725.0000,1,1,1,2,1,1,2,2,8,1
SF,IF2005,2020-04-13 09:58:21.600,3719.8000,10334,0,1666655700.000,1,0,1,多换,S,3719.6000,3719.4000,3719.0000,3718.6000,3718.4000,3720.0000,3721.0000,3721.4000,3723.0000,3723.8000,1,1,2,1,1,1,2,2,2,8
SF,IF2005,2020-04-13 09:58:22.100,3719.8000,10334,0,1666655700.000,0,-,-,-,-,3719.6000,3719.4000,3719.0000,3718.6000,3718.4000,3720.0000,3720.8000,3721.0000,3721.4000,3723.0000,1,1,2,1,1,1,1,2,2,2
SF,IF2005,2020-04-13 09:58:24.100,3720.0000,10335,1,1667771700.000,1,1,0,双开,S,3719.8000,3719.6000,3719.4000,3719.0000,3718.6000,3720.0000,3720.8000,3721.0000,3721.4000,3723.0000,1,1,1,2,1,2,1,2,2,2
SF,IF2005,2020-04-13 09:58:25.100,3720.0000,10335,0,1670003700.000,2,1,1,多换,S,3720.0000,3719.6000,3719.4000,3719.0000,3718.6000,3720.8000,3721.0000,3721.4000,3723.0000,3723.8000,1,1,1,2,1,1,2,2,2,8
SF,IF2005,2020-04-13 09:58:25.600,3720.0000,10335,0,1670003700.000,0,-,-,-,-,3720.0000,3719.0000,3718.6000,3718.4000,3718.2000,3721.0000,3721.4000,3723.0000,3723.8000,3725.0000,2,2,1,1,1,2,2,2,8,1
SF,IF2005,2020-04-13 09:58:26.100,3721.4000,10339,4,1674469140.000,4,4,0,双开,S,3720.4000,3720.2000,3720.0000,3719.0000,3718.6000,3722.4000,3723.0000,3725.0000,3725.4000,3725.8000,3,2,1,1,1,2,2,1,4,8
SF,IF2005,2020-04-13 09:58:26.600,3721.4000,10339,0,1674469140.000,0,-,-,-,-,3720.8000,3720.6000,3720.4000,3720.2000,3720.0000,3722.2000,3722.4000,3723.0000,3725.0000,3725.4000,1,1,1,1,1,7,2,2,1,4
SF,IF2005,2020-04-13 09:58:27.100,3722.2000,10339,0,1675585800.000,1,0,1,多换,S,3721.2000,3721.0000,3720.8000,3720.6000,3720.0000,3723.0000,3725.0000,3725.4000,3725.8000,3727.0000,1,1,1,3,1,2,1,4,8,1
SF,IF2005,2020-04-13 09:58:27.600,3722.2000,10339,0,1675585800.000,0,-,-,-,-,3721.4000,3721.2000,3720.6000,3720.0000,3719.0000,3722.8000,3723.0000,3723.4000,3725.0000,3725.4000,1,2,2,1,2,6,3,2,1,4
SF,IF2005,2020-04-13 09:58:28.100,3721.4000,10338,-1,1676702220.000,1,0,1,双平,S,3721.2000,3720.6000,3720.0000,3719.0000,3718.6000,3722.6000,3722.8000,3723.0000,3723.4000,3725.0000,2,2,1,2,1,1,10,2,2,1
SF,IF2005,2020-04-13 09:58:28.600,3721.2000,10337,-1,1677818580.000,1,0,1,双平,S,3720.6000,3720.0000,3719.0000,3718.2000,3717.4000,3722.2000,3722.4000,3722.6000,3722.8000,3723.0000,2,1,2,1,2,1,2,4,10,2
SF,IF2005,2020-04-13 09:58:29.100,3721.2000,10337,0,1677818580.000,0,-,-,-,-,3720.8000,3720.6000,3720.0000,3719.0000,3718.2000,3721.2000,3721.8000,3722.0000,3722.2000,3722.4000,1,2,1,1,1,1,1,7,1,1
SF,IF2005,2020-04-13 09:58:29.600,3721.2000,10338,1,1678934940.000,1,1,0,双开,S,3720.8000,3720.6000,3720.0000,3719.0000,3718.2000,3721.2000,3721.8000,3722.0000,3722.8000,3723.0000,3,2,1,1,1,1,1,2,2,2
SF,IF2005,2020-04-13 09:58:30.100,3721.4000,10339,1,1681167720.000,2,1,1,空开,S,3720.8000,3720.6000,3720.0000,3719.0000,3718.2000,3721.4000,3721.8000,3722.0000,3722.8000,3723.0000,2,2,1,1,1,1,1,2,2,2
SF,IF2005,2020-04-13 09:58:30.600,3721.4000,10339,0,1682284140.000,1,0,1,多换,S,3721.2000,3720.8000,3720.6000,3720.0000,3719.0000,3722.0000,3722.8000,3723.0000,3723.4000,3725.0000,2,1,2,1,1,1,2,2,2,1
SF,IF2005,2020-04-13 09:58:31.100,3721.4000,10339,0,1682284140.000,0,-,-,-,-,3721.2000,3720.8000,3720.0000,3719.0000,3718.2000,3722.0000,3722.8000,3723.0000,3723.4000,3725.0000,2,1,1,1,1,1,2,2,2,1
SF,IF2005,2020-04-13 09:58:31.600,3721.4000,10339,0,1682284140.000,0,-,-,-,-,3721.6000,3721.2000,3720.8000,3720.0000,3719.0000,3722.0000,3722.8000,3723.0000,3723.4000,3725.0000,1,1,1,1,1,1,2,2,2,1
SF,IF2005,2020-04-13 09:58:32.100,3721.6000,10339,0,1683400620.000,1,0,1,多换,S,3721.2000,3720.8000,3720.0000,3719.0000,3718.2000,3722.0000,3722.8000,3723.0000,3723.4000,3725.0000,1,1,1,1,1,4,2,2,2,1
SF,IF2005,2020-04-13 09:58:32.600,3721.6000,10339,0,1683400620.000,0,-,-,-,-,3721.2000,3720.8000,3720.0000,3719.0000,3718.2000,3722.0000,3722.8000,3723.0000,3723.4000,3725.0000,1,1,1,1,1,3,2,2,2,1
SF,IF2005,2020-04-13 09:58:33.100,3721.6000,10339,0,1683400620.000,0,-,-,-,-,3721.2000,3720.8000,3720.0000,3719.0000,3718.2000,3722.0000,3722.8000,3723.0000,3723.4000,3725.0000,1,1,1,1,1,3,2,2,2,1
SF,IF2005,2020-04-13 09:58:33.600,3721.2000,10338,-1,1684516980.000,1,0,1,双平,S,3720.0000,3719.0000,3718.2000,3717.4000,3716.8000,3721.8000,3722.0000,3722.8000,3723.0000,3723.4000,1,1,1,2,6,1,3,2,2,2
SF,IF2005,2020-04-13 09:58:34.100,3721.2000,10338,0,1684516980.000,0,-,-,-,-,3720.4000,3720.2000,3720.0000,3719.0000,3718.2000,3721.8000,3722.0000,3722.8000,3723.0000,3723.4000,1,2,1,1,1,1,3,2,2,2
SF,IF2005,2020-04-13 09:58:34.600,3721.2000,10338,0,1684516980.000,0,-,-,-,-,3720.8000,3720.6000,3720.4000,3720.2000,3720.0000,3721.8000,3722.0000,3722.8000,3723.0000,3723.4000,1,1,2,3,1,1,3,2,2,2
SF,IF2005,2020-04-13 09:58:35.100,3721.2000,10338,0,1684516980.000,0,-,-,-,-,3721.0000,3720.8000,3720.6000,3720.4000,3720.2000,3722.0000,3722.8000,3723.0000,3723.4000,3725.0000,1,1,1,1,2,3,2,2,2,1
SF,IF2005,2020-04-13 09:58:35.600,3721.2000,10338,0,1684516980.000,0,-,-,-,-,3721.0000,3720.8000,3720.6000,3720.4000,3720.2000,3722.0000,3722.8000,3723.0000,3723.4000,3725.0000,1,1,1,1,2,3,2,2,2,1
SF,IF2005,2020-04-13 09:58:36.100,3721.2000,10338,0,1684516980.000,0,-,-,-,-,3721.0000,3720.8000,3720.6000,3720.4000,3720.2000,3722.0000,3722.8000,3723.0000,3723.4000,3725.0000,1,1,1,1,2,3,2,2,2,1
SF,IF2005,2020-04-13 09:58:36.600,3721.2000,10338,0,1684516980.000,0,-,-,-,-,3721.0000,3720.8000,3720.6000,3720.4000,3720.2000,3722.0000,3722.8000,3723.0000,3723.4000,3725.0000,1,1,1,1,2,5,2,2,2,1
SF,IF2005,2020-04-13 09:58:37.100,3721.2000,10338,0,1684516980.000,0,-,-,-,-,3721.0000,3720.8000,3720.6000,3720.2000,3720.0000,3721.6000,3722.0000,3722.8000,3723.0000,3723.4000,1,1,1,2,1,2,5,2,2,2
SF,IF2005,2020-04-13 09:58:37.600,3721.2000,10338,0,1684516980.000,0,-,-,-,-,3720.8000,3720.6000,3720.2000,3720.0000,3719.0000,3721.6000,3722.0000,3722.8000,3723.0000,3723.4000,1,1,2,1,1,2,5,2,2,2
SF,IF2005,2020-04-13 09:58:38.100,3721.2000,10338,0,1684516980.000,0,-,-,-,-,3720.8000,3720.6000,3720.2000,3720.0000,3719.0000,3721.6000,3722.0000,3722.8000,3723.0000,3723.4000,1,1,2,1,1,2,5,2,2,2
SF,IF2005,2020-04-13 09:58:38.600,3721.2000,10338,0,1684516980.000,0,-,-,-,-,3720.8000,3720.6000,3720.2000,3720.0000,3719.0000,3721.6000,3722.0000,3722.8000,3723.0000,3723.4000,1,1,2,1,1,2,5,2,2,2
SF,IF2005,2020-04-13 09:58:39.100,3721.6000,10339,1,1685633460.000,1,1,0,双开,S,3720.8000,3720.6000,3720.2000,3720.0000,3719.0000,3721.6000,3722.0000,3722.8000,3723.0000,3723.4000,1,1,2,1,1,2,5,2,2,2
SF,IF2005,2020-04-13 09:58:39.600,3721.6000,10339,0,1685633460.000,0,-,-,-,-,3720.2000,3720.0000,3719.0000,3718.2000,3716.8000,3721.4000,3721.6000,3722.0000,3722.8000,3723.0000,1,1,1,1,6,1,2,4,2,2
SF,IF2005,2020-04-13 09:58:40.100,3721.6000,10339,0,1685633460.000,0,-,-,-,-,3720.4000,3720.0000,3719.0000,3718.2000,3716.8000,3721.4000,3721.6000,3722.0000,3722.8000,3723.0000,1,1,1,1,6,1,1,4,2,2
SF,IF2005,2020-04-13 09:58:40.600,3721.6000,10339,0,1685633460.000,0,-,-,-,-,3720.4000,3720.0000,3719.0000,3718.2000,3716.8000,3721.4000,3721.6000,3722.0000,3722.8000,3723.0000,1,1,1,1,6,1,1,4,2,2
SF,IF2005,2020-04-13 09:58:41.100,3721.6000,10339,0,1685633460.000,0,-,-,-,-,3720.4000,3720.0000,3719.0000,3718.2000,3716.8000,3721.4000,3721.6000,3722.0000,3722.8000,3723.0000,1,1,1,1,6,1,1,4,2,2
SF,IF2005,2020-04-13 09:58:41.600,3721.6000,10339,0,1685633460.000,0,-,-,-,-,3720.4000,3720.0000,3719.0000,3718.2000,3716.8000,3721.4000,3721.6000,3722.0000,3722.8000,3723.0000,1,1,1,1,6,1,1,4,2,2
SF,IF2005,2020-04-13 09:58:42.100,3721.6000,10339,0,1685633460.000,0,-,-,-,-,3720.4000,3720.0000,3719.0000,3718.2000,3716.8000,3721.4000,3721.6000,3722.0000,3722.8000,3723.0000,1,1,1,1,6,1,1,4,2,2
SF,IF2005,2020-04-13 09:58:42.600,3721.6000,10339,0,1685633460.000,0,-,-,-,-,3720.4000,3720.0000,3719.0000,3718.2000,3716.8000,3721.4000,3721.6000,3722.0000,3722.8000,3723.0000,1,1,1,1,6,2,1,4,2,2
SF,IF2005,2020-04-13 09:58:43.100,3721.6000,10339,0,1685633460.000,0,-,-,-,-,3720.4000,3720.0000,3719.0000,3718.2000,3716.8000,3721.4000,3721.6000,3722.0000,3722.8000,3723.0000,1,1,1,1,6,1,1,4,2,2
SF,IF2005,2020-04-13 09:58:43.600,3721.6000,10339,0,1685633460.000,0,-,-,-,-,3720.4000,3720.0000,3719.0000,3718.2000,3716.8000,3721.4000,3721.6000,3722.0000,3722.8000,3723.0000,1,1,1,1,6,1,1,4,2,2
SF,IF2005,2020-04-13 09:58:44.100,3721.6000,10339,0,1685633460.000,0,-,-,-,-,3720.4000,3720.0000,3719.0000,3718.2000,3716.8000,3721.4000,3721.6000,3722.0000,3722.8000,3723.0000,1,1,1,1,6,2,1,4,2,2
SF,IF2005,2020-04-13 09:58:44.600,3721.6000,10339,0,1685633460.000,0,-,-,-,-,3720.4000,3720.0000,3719.0000,3718.2000,3716.8000,3721.4000,3721.6000,3722.0000,3722.8000,3723.0000,1,1,1,1,6,1,1,4,2,2
SF,IF2005,2020-04-13 09:58:45.100,3721.6000,10339,0,1685633460.000,0,-,-,-,-,3720.4000,3720.0000,3719.0000,3718.2000,3716.8000,3721.4000,3721.6000,3722.0000,3722.4000,3722.8000,1,1,1,1,6,1,1,4,2,2
SF,IF2005,2020-04-13 09:58:45.600,3721.6000,10339,0,1685633460.000,0,-,-,-,-,3720.0000,3719.0000,3718.2000,3716.8000,3716.2000,3721.4000,3721.6000,3722.0000,3722.4000,3722.8000,1,1,1,6,4,1,1,4,2,2
SF,IF2005,2020-04-13 09:58:46.100,3721.6000,10339,0,1685633460.000,0,-,-,-,-,3720.2000,3720.0000,3719.0000,3718.2000,3716.8000,3721.2000,3721.4000,3721.6000,3722.0000,3722.4000,1,1,1,1,6,1,2,1,4,2
SF,IF2005,2020-04-13 09:58:46.600,3721.6000,10339,0,1685633460.000,0,-,-,-,-,3720.2000,3720.0000,3719.0000,3718.2000,3716.8000,3721.2000,3721.4000,3721.6000,3722.0000,3722.4000,1,1,1,1,6,1,1,1,4,2
SF,IF2005,2020-04-13 09:58:47.100,3721.6000,10339,0,1685633460.000,0,-,-,-,-,3720.2000,3720.0000,3719.0000,3718.2000,3716.8000,3721.2000,3721.4000,3721.6000,3722.0000,3722.4000,1,1,1,1,6,1,1,1,4,2
SF,IF2005,2020-04-13 09:58:48.600,3721.6000,10339,0,1685633460.000,0,-,-,-,-,3720.2000,3720.0000,3719.0000,3718.2000,3716.8000,3721.2000,3721.4000,3721.6000,3722.0000,3722.4000,1,1,1,1,6,1,1,1,4,2
SF,IF2005,2020-04-13 09:58:49.100,3721.6000,10339,0,1685633460.000,0,-,-,-,-,3720.2000,3720.0000,3719.0000,3718.2000,3716.8000,3721.2000,3721.4000,3721.6000,3722.0000,3722.4000,1,1,1,1,6,1,1,1,4,2
SF,IF2005,2020-04-13 09:58:49.600,3721.6000,10339,0,1685633460.000,0,-,-,-,-,3720.2000,3720.0000,3719.0000,3718.2000,3716.8000,3721.2000,3721.4000,3721.6000,3722.0000,3722.4000,1,1,1,1,6,1,1,1,4,2
SF,IF2005,2020-04-13 09:58:50.100,3721.6000,10339,0,1685633460.000,0,-,-,-,-,3720.4000,3720.2000,3720.0000,3719.0000,3718.2000,3721.4000,3721.6000,3722.0000,3722.4000,3722.8000,2,1,1,1,1,1,1,4,2,2
SF,IF2005,2020-04-13 09:58:50.600,3721.6000,10339,0,1685633460.000,0,-,-,-,-,3720.4000,3720.2000,3720.0000,3719.0000,3718.2000,3721.6000,3722.0000,3722.4000,3722.8000,3723.0000,2,1,1,1,1,1,4,2,2,2
SF,IF2005,2020-04-13 09:58:51.100,3721.6000,10339,0,1685633460.000,0,-,-,-,-,3720.4000,3720.2000,3720.0000,3719.0000,3718.2000,3721.4000,3721.6000,3722.0000,3722.4000,3722.8000,2,1,1,1,1,2,1,4,2,2
SF,IF2005,2020-04-13 09:58:51.600,3721.6000,10339,0,1685633460.000,0,-,-,-,-,3720.4000,3720.2000,3720.0000,3719.0000,3718.2000,3721.4000,3721.6000,3722.0000,3722.4000,3722.8000,1,1,1,1,1,2,1,4,2,2
SF,IF2005,2020-04-13 09:58:52.100,3721.6000,10339,0,1685633460.000,0,-,-,-,-,3720.4000,3720.2000,3720.0000,3719.0000,3718.2000,3721.2000,3721.4000,3721.6000,3722.0000,3722.4000,1,1,1,1,1,1,2,1,4,2
SF,IF2005,2020-04-13 09:58:52.600,3721.6000,10339,0,1685633460.000,0,-,-,-,-,3720.2000,3720.0000,3719.0000,3718.2000,3716.8000,3721.2000,3721.4000,3721.6000,3722.0000,3722.4000,1,1,1,1,6,1,2,1,4,2
SF,IF2005,2020-04-13 09:58:53.100,3721.6000,10339,0,1685633460.000,0,-,-,-,-,3720.2000,3720.0000,3719.0000,3718.2000,3716.8000,3721.2000,3721.4000,3721.6000,3722.0000,3722.4000,1,1,1,1,6,1,2,1,4,2
SF,IF2005,2020-04-13 09:58:53.600,3721.6000,10339,0,1685633460.000,0,-,-,-,-,3720.2000,3720.0000,3719.0000,3718.2000,3716.8000,3721.2000,3721.4000,3721.6000,3722.0000,3722.4000,1,1,1,1,6,2,2,1,4,2
SF,IF2005,2020-04-13 09:58:54.100,3721.6000,10339,0,1685633460.000,0,-,-,-,-,3720.0000,3719.0000,3718.2000,3716.8000,3716.4000,3721.0000,3721.2000,3721.4000,3721.6000,3722.0000,1,1,1,6,1,1,2,2,1,4
SF,IF2005,2020-04-13 09:58:54.600,3720.0000,10339,0,1686749460.000,1,0,1,多换,S,3719.0000,3718.2000,3716.8000,3716.4000,3716.2000,3720.8000,3721.0000,3721.2000,3721.4000,3721.6000,1,1,6,1,4,1,2,1,1,1
SF,IF2005,2020-04-13 09:58:55.100,3720.0000,10339,0,1686749460.000,0,-,-,-,-,3719.6000,3719.4000,3719.2000,3719.0000,3718.2000,3720.8000,3721.0000,3721.2000,3721.4000,3721.6000,1,1,1,1,1,5,2,1,1,1
SF,IF2005,2020-04-13 09:58:55.600,3720.0000,10339,0,1686749460.000,0,-,-,-,-,3719.6000,3719.4000,3719.2000,3719.0000,3718.2000,3720.6000,3720.8000,3721.0000,3721.2000,3721.4000,1,1,1,1,1,2,5,2,1,1
SF,IF2005,2020-04-13 09:58:56.100,3719.6000,10338,-1,1687865340.000,1,0,1,双平,S,3719.4000,3719.2000,3719.0000,3718.2000,3716.8000,3720.4000,3720.6000,3720.8000,3721.0000,3721.2000,1,1,1,1,6,3,3,1,2,1
SF,IF2005,2020-04-13 09:58:56.600,3719.6000,10338,0,1687865340.000,0,-,-,-,-,3719.4000,3719.2000,3719.0000,3718.2000,3716.8000,3720.4000,3720.6000,3721.0000,3721.2000,3721.4000,1,1,1,1,6,3,2,2,1,1
SF,IF2005,2020-04-13 09:58:57.100,3719.6000,10338,0,1687865340.000,0,-,-,-,-,3719.4000,3719.2000,3719.0000,3718.2000,3716.8000,3720.4000,3720.6000,3721.0000,3721.2000,3721.4000,1,1,1,1,6,3,2,2,1,3
SF,IF2005,2020-04-13 09:58:57.600,3719.6000,10338,0,1687865340.000,0,-,-,-,-,3719.2000,3719.0000,3718.2000,3716.8000,3716.4000,3720.0000,3720.2000,3720.4000,3720.6000,3721.0000,1,1,1,1,1,1,1,2,2,2
SF,IF2005,2020-04-13 09:58:58.100,3719.6000,10338,0,1687865340.000,0,-,-,-,-,3719.2000,3719.0000,3718.2000,3716.8000,3716.4000,3720.0000,3720.2000,3720.4000,3720.6000,3721.0000,1,1,1,1,1,1,1,2,2,2
SF,IF2005,2020-04-13 09:58:58.600,3719.6000,10338,0,1687865340.000,0,-,-,-,-,3719.0000,3718.2000,3716.8000,3716.4000,3716.2000,3720.0000,3720.2000,3720.4000,3720.6000,3721.0000,1,1,1,1,5,1,1,1,2,2
SF,IF2005,2020-04-13 09:58:59.100,3719.6000,10338,0,1687865340.000,0,-,-,-,-,3719.2000,3719.0000,3718.2000,3716.8000,3716.4000,3720.2000,3720.4000,3720.6000,3721.0000,3721.4000,3,1,1,1,1,1,1,2,1,2
SF,IF2005,2020-04-13 09:58:59.600,3719.6000,10338,0,1687865340.000,0,-,-,-,-,3719.2000,3719.0000,3718.2000,3716.8000,3716.4000,3720.2000,3720.4000,3720.6000,3721.4000,3721.6000,3,1,1,1,1,1,1,2,2,1
SF,IF2005,2020-04-13 09:59:00.100,3719.6000,10338,0,1687865340.000,0,-,-,-,-,3719.2000,3719.0000,3718.2000,3716.8000,3716.4000,3720.2000,3720.4000,3720.6000,3721.4000,3721.6000,3,1,1,1,1,1,1,2,2,1
SF,IF2005,2020-04-13 09:59:00.600,3719.6000,10338,0,1687865340.000,0,-,-,-,-,3719.2000,3719.0000,3718.2000,3716.8000,3716.4000,3720.0000,3720.2000,3720.4000,3720.6000,3721.4000,3,1,1,1,1,2,2,1,2,2
SF,IF2005,2020-04-13 09:59:01.100,3719.6000,10338,0,1687865340.000,0,-,-,-,-,3719.2000,3719.0000,3718.2000,3716.8000,3716.4000,3720.0000,3720.2000,3720.4000,3720.6000,3721.4000,2,1,1,1,1,3,2,1,2,2
SF,IF2005,2020-04-13 09:59:01.600,3720.0000,10337,-1,1690097340.000,2,0,2,多平,S,3719.2000,3719.0000,3718.2000,3716.8000,3716.4000,3720.2000,3720.4000,3720.6000,3721.4000,3721.6000,2,1,1,1,1,2,1,2,2,1
SF,IF2005,2020-04-13 09:59:02.100,3720.0000,10337,0,1690097340.000,0,-,-,-,-,3719.2000,3719.0000,3718.2000,3716.8000,3716.4000,3719.8000,3720.0000,3720.2000,3720.4000,3720.6000,2,1,1,1,1,2,2,2,1,2
SF,IF2005,2020-04-13 09:59:02.600,3720.0000,10337,0,1690097340.000,0,-,-,-,-,3719.0000,3718.2000,3716.8000,3716.4000,3716.2000,3719.8000,3720.0000,3720.2000,3720.4000,3720.6000,1,1,1,1,5,2,2,2,1,2
SF,IF2005,2020-04-13 09:59:03.600,3719.8000,10337,0,1691213280.000,1,0,1,多换,S,3719.0000,3718.2000,3716.8000,3716.4000,3716.2000,3719.8000,3720.0000,3720.2000,3720.4000,3720.6000,1,1,1,1,5,1,2,2,1,2
SF,IF2005,2020-04-13 09:59:04.600,3719.8000,10337,0,1691213280.000,0,-,-,-,-,3719.0000,3718.2000,3716.8000,3716.4000,3716.2000,3720.0000,3720.2000,3720.4000,3720.6000,3721.4000,1,1,1,1,5,2,1,1,2,2
SF,IF2005,2020-04-13 09:59:05.100,3719.8000,10337,0,1691213280.000,0,-,-,-,-,3719.8000,3719.2000,3719.0000,3718.2000,3716.8000,3720.2000,3720.4000,3721.4000,3721.6000,3722.0000,1,3,1,1,1,1,1,2,1,4
SF,IF2005,2020-04-13 09:59:05.600,3719.8000,10337,0,1691213280.000,0,-,-,-,-,3719.8000,3719.2000,3719.0000,3718.2000,3716.8000,3720.2000,3720.4000,3721.4000,3721.6000,3722.0000,1,2,1,1,1,1,1,2,1,4
SF,IF2005,2020-04-13 09:59:06.100,3720.2000,10338,1,1692329340.000,1,1,0,双开,S,3719.2000,3719.0000,3718.2000,3716.8000,3716.4000,3720.4000,3721.4000,3721.6000,3722.0000,3722.8000,2,1,1,1,1,1,2,1,4,2
SF,IF2005,2020-04-13 09:59:06.600,3720.2000,10338,0,1692329340.000,0,-,-,-,-,3720.2000,3719.4000,3719.2000,3719.0000,3718.2000,3720.4000,3721.4000,3721.6000,3722.0000,3722.8000,1,1,2,1,1,1,2,1,4,2
SF,IF2005,2020-04-13 09:59:07.100,3720.2000,10338,0,1692329340.000,0,-,-,-,-,3720.2000,3719.2000,3719.0000,3718.2000,3716.8000,3720.4000,3721.4000,3721.6000,3722.0000,3722.8000,1,2,1,1,1,1,2,1,4,2
SF,IF2005,2020-04-13 09:59:07.600,3720.2000,10338,0,1692329340.000,0,-,-,-,-,3720.6000,3719.2000,3719.0000,3718.2000,3716.8000,3721.6000,3722.0000,3722.8000,3723.0000,3725.0000,1,1,1,1,1,1,4,2,2,1
SF,IF2005,2020-04-13 09:59:08.100,3720.2000,10338,0,1692329340.000,0,-,-,-,-,3720.6000,3719.2000,3719.0000,3718.2000,3716.8000,3721.0000,3721.2000,3721.4000,3721.6000,3722.0000,1,1,1,1,1,1,1,3,1,4
SF,IF2005,2020-04-13 09:59:08.600,3720.6000,10338,0,1693445520.000,1,0,1,多换,S,3719.2000,3719.0000,3718.2000,3716.8000,3716.4000,3721.0000,3721.2000,3721.4000,3721.6000,3722.0000,1,1,1,1,1,1,1,3,1,4
SF,IF2005,2020-04-13 09:59:09.100,3720.6000,10338,0,1693445520.000,0,-,-,-,-,3719.8000,3719.6000,3719.4000,3719.2000,3719.0000,3721.0000,3721.2000,3721.4000,3721.6000,3722.0000,1,2,1,1,1,1,1,3,1,4
SF,IF2005,2020-04-13 09:59:09.600,3720.6000,10338,0,1693445520.000,0,-,-,-,-,3720.0000,3719.8000,3719.6000,3719.4000,3719.0000,3721.0000,3721.2000,3721.4000,3721.6000,3722.0000,1,1,3,3,1,1,1,2,1,4
SF,IF2005,2020-04-13 09:59:10.100,3720.6000,10338,0,1693445520.000,0,-,-,-,-,3720.2000,3720.0000,3719.6000,3719.4000,3719.0000,3721.0000,3721.2000,3721.4000,3721.6000,3722.0000,1,1,2,3,1,1,1,2,1,4
SF,IF2005,2020-04-13 09:59:10.600,3721.0000,10338,0,1694561820.000,1,0,1,多换,S,3721.0000,3720.6000,3720.4000,3720.2000,3719.6000,3721.4000,3721.6000,3722.0000,3722.4000,3722.8000,1,2,1,3,1,1,1,4,2,2
SF,IF2005,2020-04-13 09:59:11.100,3721.0000,10338,0,1694561820.000,0,-,-,-,-,3721.0000,3720.6000,3720.4000,3720.2000,3719.6000,3721.6000,3722.0000,3722.8000,3723.0000,3725.0000,1,3,1,1,1,1,4,2,2,1
SF,IF2005,2020-04-13 09:59:11.600,3721.0000,10338,0,1694561820.000,0,-,-,-,-,3721.4000,3720.6000,3720.4000,3720.2000,3719.6000,3721.6000,3722.0000,3722.8000,3723.0000,3723.2000,1,2,1,1,1,1,4,2,2,2
SF,IF2005,2020-04-13 09:59:12.100,3721.4000,10339,1,1695678240.000,1,1,0,双开,S,3720.6000,3720.4000,3719.6000,3719.4000,3719.0000,3721.6000,3722.0000,3722.8000,3723.0000,3723.2000,2,1,1,2,1,1,4,2,2,2
SF,IF2005,2020-04-13 09:59:15.100,3721.4000,10339,0,1695678240.000,0,-,-,-,-,3720.6000,3720.4000,3719.6000,3719.4000,3719.0000,3721.6000,3722.0000,3722.8000,3723.0000,3723.2000,2,1,1,2,1,1,4,2,2,2
SF,IF2005,2020-04-13 09:59:15.600,3721.6000,10340,1,1696794720.000,1,1,0,双开,S,3720.8000,3719.6000,3719.4000,3719.0000,3718.2000,3722.0000,3722.8000,3723.0000,3723.2000,3725.0000,2,1,2,1,1,4,2,2,2,1
SF,IF2005,2020-04-13 09:59:16.100,3721.6000,10340,0,1696794720.000,0,-,-,-,-,3721.6000,3721.4000,3720.8000,3719.6000,3719.4000,3722.0000,3722.8000,3723.0000,3723.2000,3725.0000,1,2,2,1,2,4,2,2,2,1
SF,IF2005,2020-04-13 09:59:16.600,3721.6000,10340,0,1696794720.000,0,-,-,-,-,3721.6000,3721.4000,3720.8000,3719.6000,3719.4000,3722.0000,3722.8000,3723.0000,3723.2000,3725.0000,1,2,1,1,2,4,2,2,2,1
SF,IF2005,2020-04-13 09:59:17.600,3721.6000,10340,0,1697911200.000,1,0,1,多换,S,3721.4000,3720.8000,3719.6000,3719.4000,3719.0000,3722.0000,3722.8000,3723.0000,3723.2000,3725.0000,2,1,1,2,1,4,2,2,2,1
SF,IF2005,2020-04-13 09:59:21.100,3721.6000,10340,0,1697911200.000,0,-,-,-,-,3720.8000,3719.6000,3719.4000,3719.0000,3718.2000,3722.0000,3722.8000,3723.0000,3723.2000,3725.0000,1,1,2,1,1,4,2,2,2,1
SF,IF2005,2020-04-13 09:59:21.600,3721.6000,10340,0,1697911200.000,0,-,-,-,-,3721.6000,3720.8000,3719.6000,3719.4000,3719.0000,3722.0000,3722.8000,3723.0000,3723.2000,3725.0000,2,1,1,2,1,8,2,2,2,1
SF,IF2005,2020-04-13 09:59:22.100,3721.6000,10340,0,1699027680.000,1,0,1,多换,S,3721.6000,3721.0000,3720.8000,3719.6000,3719.4000,3722.0000,3722.8000,3723.0000,3723.2000,3725.0000,1,1,1,1,2,8,2,2,2,1
SF,IF2005,2020-04-13 09:59:22.600,3721.6000,10341,1,1700144160.000,1,1,0,双开,S,3720.8000,3719.6000,3719.4000,3719.0000,3718.2000,3721.4000,3722.0000,3722.8000,3723.0000,3723.2000,1,1,2,1,1,1,8,2,2,2
SF,IF2005,2020-04-13 09:59:23.100,3721.6000,10341,0,1700144160.000,0,-,-,-,-,3720.8000,3719.6000,3719.4000,3719.0000,3718.2000,3722.0000,3722.8000,3723.0000,3723.2000,3725.0000,1,1,2,1,1,8,2,2,2,1
SF,IF2005,2020-04-13 09:59:24.100,3721.6000,10341,0,1700144160.000,0,-,-,-,-,3720.8000,3719.6000,3719.4000,3719.0000,3718.2000,3721.8000,3722.0000,3722.8000,3723.0000,3723.2000,1,1,2,1,1,4,8,2,2,2
SF,IF2005,2020-04-13 09:59:24.600,3721.8000,10341,0,1701260700.000,1,0,1,多换,S,3720.8000,3719.6000,3719.4000,3719.0000,3718.2000,3721.8000,3722.0000,3722.8000,3723.0000,3723.2000,1,1,2,1,1,2,8,2,2,2
SF,IF2005,2020-04-13 09:59:25.100,3721.8000,10341,0,1701260700.000,0,-,-,-,-,3720.8000,3719.6000,3719.4000,3719.0000,3718.2000,3721.8000,3722.0000,3722.8000,3723.0000,3723.2000,1,1,2,1,1,1,8,2,2,2
SF,IF2005,2020-04-13 09:59:26.100,3721.8000,10341,0,1701260700.000,0,-,-,-,-,3720.8000,3719.6000,3719.4000,3719.0000,3718.2000,3721.6000,3721.8000,3722.0000,3722.8000,3723.0000,1,1,2,1,1,2,1,8,2,2
SF,IF2005,2020-04-13 09:59:26.600,3721.8000,10341,0,1701260700.000,0,-,-,-,-,3719.6000,3719.4000,3719.0000,3718.2000,3716.4000,3721.6000,3721.8000,3722.0000,3722.8000,3723.0000,1,2,1,1,9,1,1,8,2,2
SF,IF2005,2020-04-13 09:59:27.100,3721.8000,10341,0,1701260700.000,0,-,-,-,-,3720.2000,3719.8000,3719.6000,3719.4000,3719.0000,3721.4000,3721.6000,3721.8000,3722.0000,3722.8000,2,3,1,2,1,2,1,1,8,2
SF,IF2005,2020-04-13 09:59:27.600,3721.8000,10341,0,1701260700.000,0,-,-,-,-,3720.4000,3720.2000,3720.0000,3719.8000,3719.6000,3721.4000,3721.6000,3721.8000,3722.0000,3722.8000,2,2,1,1,1,1,1,1,8,2
SF,IF2005,2020-04-13 09:59:28.600,3721.8000,10341,0,1701260700.000,0,-,-,-,-,3720.4000,3720.2000,3720.0000,3719.6000,3719.4000,3721.4000,3721.6000,3721.8000,3722.0000,3722.8000,2,2,1,1,2,1,1,1,8,2
SF,IF2005,2020-04-13 09:59:29.600,3721.8000,10341,0,1701260700.000,0,-,-,-,-,3720.4000,3720.2000,3720.0000,3719.6000,3719.4000,3721.4000,3721.6000,3721.8000,3722.0000,3722.8000,2,2,1,1,2,1,1,1,8,2
SF,IF2005,2020-04-13 09:59:30.100,3721.8000,10341,0,1701260700.000,0,-,-,-,-,3721.4000,3720.6000,3720.4000,3720.2000,3720.0000,3721.6000,3721.8000,3722.0000,3722.8000,3723.0000,1,2,1,1,1,1,1,8,2,2
SF,IF2005,2020-04-13 09:59:30.600,3721.4000,10341,0,1702377120.000,1,0,1,多换,S,3720.4000,3720.0000,3719.6000,3719.4000,3719.0000,3721.8000,3722.0000,3722.8000,3723.0000,3723.2000,1,1,1,2,1,1,8,2,2,2
SF,IF2005,2020-04-13 09:59:31.100,3721.4000,10341,0,1702377120.000,0,-,-,-,-,3720.6000,3720.4000,3720.0000,3719.6000,3719.4000,3721.6000,3721.8000,3722.0000,3722.8000,3723.0000,1,1,1,1,2,1,1,8,2,2
SF,IF2005,2020-04-13 09:59:35.600,3721.4000,10341,0,1702377120.000,0,-,-,-,-,3720.4000,3719.6000,3719.4000,3719.0000,3718.2000,3721.4000,3721.6000,3722.0000,3722.8000,3723.0000,1,1,2,1,1,2,1,8,2,2
SF,IF2005,2020-04-13 09:59:37.100,3720.4000,10341,0,1703493240.000,1,0,1,多换,S,3719.6000,3719.4000,3719.0000,3718.2000,3716.4000,3720.8000,3721.0000,3721.2000,3721.6000,3722.0000,1,2,1,1,9,1,1,1,1,8
SF,IF2005,2020-04-13 09:59:37.600,3720.4000,10341,0,1703493240.000,0,-,-,-,-,3719.4000,3719.0000,3718.2000,3716.4000,3716.2000,3720.6000,3720.8000,3722.0000,3722.2000,3722.8000,1,1,1,9,5,3,1,8,2,2
SF,IF2005,2020-04-13 09:59:38.100,3720.4000,10341,0,1703493240.000,0,-,-,-,-,3719.4000,3719.0000,3718.2000,3716.4000,3716.2000,3720.4000,3720.6000,3722.0000,3722.2000,3722.8000,1,1,1,9,5,2,2,8,2,2
SF,IF2005,2020-04-13 09:59:38.600,3720.4000,10341,0,1703493240.000,0,-,-,-,-,3719.0000,3718.2000,3716.4000,3716.2000,3716.0000,3720.2000,3720.4000,3722.0000,3722.2000,3722.8000,1,1,9,5,9,2,2,8,2,2
SF,IF2005,2020-04-13 09:59:39.100,3720.4000,10341,0,1703493240.000,0,-,-,-,-,3719.0000,3718.2000,3716.4000,3716.2000,3716.0000,3720.2000,3720.4000,3722.0000,3722.2000,3722.8000,1,1,9,5,9,2,1,8,2,2
SF,IF2005,2020-04-13 09:59:39.600,3720.2000,10342,1,1705725360.000,2,1,1,空开,S,3719.2000,3719.0000,3718.2000,3716.4000,3716.2000,3720.2000,3720.4000,3722.0000,3722.2000,3722.8000,1,1,1,9,5,1,1,8,2,2
SF,IF2005,2020-04-13 09:59:40.100,3720.2000,10342,0,1705725360.000,0,-,-,-,-,3719.6000,3719.4000,3719.2000,3719.0000,3718.2000,3720.4000,3721.0000,3722.0000,3722.2000,3722.8000,1,1,4,1,1,1,1,8,2,2
SF,IF2005,2020-04-13 09:59:40.600,3720.2000,10342,0,1705725360.000,0,-,-,-,-,3719.6000,3719.4000,3719.2000,3719.0000,3718.2000,3721.0000,3722.0000,3722.2000,3722.8000,3723.0000,1,1,1,1,1,1,8,2,2,2
SF,IF2005,2020-04-13 09:59:41.100,3720.2000,10342,0,1705725360.000,0,-,-,-,-,3720.4000,3720.0000,3719.8000,3719.2000,3719.0000,3720.8000,3722.0000,3722.2000,3722.8000,3723.0000,1,2,2,1,1,1,8,2,2,2
SF,IF2005,2020-04-13 09:59:41.600,3720.2000,10342,0,1705725360.000,0,-,-,-,-,3720.4000,3719.8000,3719.0000,3718.2000,3716.4000,3720.8000,3722.0000,3722.2000,3722.8000,3723.0000,1,2,1,1,9,1,8,2,2,2
SF,IF2005,2020-04-13 09:59:42.100,3720.8000,10342,0,1706841600.000,1,0,1,多换,S,3720.6000,3719.8000,3719.0000,3718.2000,3716.4000,3722.0000,3722.2000,3722.8000,3723.0000,3725.0000,1,1,1,1,9,8,2,2,2,1
SF,IF2005,2020-04-13 09:59:42.600,3720.8000,10342,0,1706841600.000,0,-,-,-,-,3720.6000,3719.8000,3719.0000,3718.2000,3716.4000,3721.6000,3721.8000,3722.0000,3722.2000,3722.8000,1,1,1,1,9,1,1,9,2,2
SF,IF2005,2020-04-13 09:59:43.100,3720.6000,10341,-1,1707957780.000,1,0,1,双平,S,3719.8000,3719.0000,3718.2000,3716.4000,3716.2000,3721.4000,3721.6000,3721.8000,3722.0000,3722.2000,1,1,1,9,5,2,7,1,9,2
SF,IF2005,2020-04-13 09:59:43.600,3720.6000,10341,0,1707957780.000,0,-,-,-,-,3720.0000,3719.8000,3719.0000,3718.2000,3716.4000,3721.2000,3721.4000,3721.6000,3721.8000,3722.0000,1,1,1,1,9,1,2,6,1,9
SF,IF2005,2020-04-13 09:59:44.100,3720.6000,10341,0,1707957780.000,0,-,-,-,-,3720.0000,3719.8000,3719.0000,3718.2000,3716.4000,3721.0000,3721.2000,3721.4000,3721.6000,3721.8000,1,1,1,1,9,1,1,2,6,1
SF,IF2005,2020-04-13 09:59:44.600,3720.6000,10341,0,1707957780.000,0,-,-,-,-,3720.2000,3720.0000,3719.8000,3719.2000,3719.0000,3721.0000,3721.2000,3721.4000,3721.6000,3722.0000,3,1,1,1,1,1,1,2,1,9
SF,IF2005,2020-04-13 09:59:45.600,3720.6000,10341,0,1707957780.000,0,-,-,-,-,3720.0000,3719.8000,3719.2000,3719.0000,3718.2000,3721.0000,3721.2000,3721.4000,3721.6000,3722.0000,1,1,1,1,1,1,1,2,1,9
SF,IF2005,2020-04-13 09:59:46.100,3720.6000,10341,0,1707957780.000,0,-,-,-,-,3720.0000,3719.8000,3719.2000,3719.0000,3718.2000,3721.0000,3721.2000,3721.4000,3721.6000,3722.0000,1,1,1,1,1,2,1,1,1,9
SF,IF2005,2020-04-13 09:59:46.600,3720.6000,10341,0,1707957780.000,0,-,-,-,-,3720.6000,3720.2000,3719.2000,3719.0000,3718.2000,3721.0000,3721.6000,3722.0000,3722.2000,3722.8000,1,5,1,1,1,1,1,8,2,2
SF,IF2005,2020-04-13 09:59:47.100,3720.8000,10342,1,1710190320.000,2,1,1,空开,S,3720.6000,3720.2000,3719.2000,3719.0000,3718.2000,3721.6000,3722.0000,3722.2000,3722.8000,3723.0000,1,4,1,1,1,1,8,2,2,2
SF,IF2005,2020-04-13 09:59:47.600,3720.8000,10342,0,1710190320.000,0,-,-,-,-,3721.0000,3720.6000,3720.2000,3719.2000,3719.0000,3721.6000,3722.0000,3722.2000,3722.8000,3723.0000,1,1,3,1,1,1,8,2,2,2
SF,IF2005,2020-04-13 09:59:48.600,3721.0000,10342,0,1711306620.000,1,0,1,多换,S,3720.6000,3720.2000,3719.2000,3719.0000,3718.2000,3721.6000,3722.0000,3722.2000,3722.8000,3723.0000,1,3,1,1,1,1,8,2,2,2
SF,IF2005,2020-04-13 09:59:49.100,3721.0000,10342,0,1711306620.000,0,-,-,-,-,3720.6000,3720.2000,3719.2000,3719.0000,3718.2000,3721.4000,3721.6000,3722.0000,3722.2000,3722.8000,1,3,1,1,1,1,1,8,2,2
SF,IF2005,2020-04-13 09:59:49.600,3721.0000,10342,0,1711306620.000,0,-,-,-,-,3720.2000,3719.2000,3719.0000,3718.2000,3718.0000,3721.4000,3721.6000,3722.0000,3722.2000,3722.8000,2,1,1,1,5,4,1,8,2,2
SF,IF2005,2020-04-13 09:59:50.100,3721.0000,10342,0,1711306620.000,0,-,-,-,-,3720.2000,3719.2000,3719.0000,3718.2000,3718.0000,3721.0000,3721.4000,3721.6000,3722.0000,3722.2000,1,1,1,1,5,1,3,1,8,2
SF,IF2005,2020-04-13 09:59:50.600,3721.0000,10342,0,1711306620.000,0,-,-,-,-,3719.2000,3719.0000,3718.2000,3718.0000,3716.4000,3721.0000,3721.4000,3721.6000,3722.0000,3722.2000,1,1,1,5,9,1,3,1,8,2
SF,IF2005,2020-04-13 09:59:51.100,3721.0000,10342,0,1711306620.000,0,-,-,-,-,3719.6000,3719.4000,3719.2000,3719.0000,3718.2000,3720.0000,3720.8000,3721.0000,3721.4000,3721.6000,3,3,1,1,1,5,1,1,1,1
SF,IF2005,2020-04-13 09:59:51.600,3720.0000,10345,3,1716886620.000,5,4,1,空开,S,3720.0000,3719.6000,3719.4000,3719.2000,3719.0000,3720.8000,3721.0000,3721.6000,3722.0000,3722.2000,1,3,3,1,1,1,1,1,8,2
SF,IF2005,2020-04-13 09:59:52.100,3720.0000,10345,0,1716886620.000,0,-,-,-,-,3720.0000,3719.6000,3719.4000,3719.2000,3719.0000,3720.8000,3721.0000,3722.0000,3722.2000,3722.8000,1,3,2,1,1,1,1,8,2,2
SF,IF2005,2020-04-13 09:59:52.600,3720.0000,10345,0,1716886620.000,0,-,-,-,-,3720.4000,3719.6000,3719.4000,3719.2000,3719.0000,3720.8000,3721.0000,3722.0000,3722.2000,3722.8000,1,3,2,1,1,1,1,8,2,2
SF,IF2005,2020-04-13 09:59:53.100,3720.0000,10345,0,1716886620.000,0,-,-,-,-,3720.4000,3719.6000,3719.4000,3719.2000,3719.0000,3720.8000,3721.0000,3722.0000,3722.2000,3722.8000,1,1,2,1,1,1,1,8,2,2
SF,IF2005,2020-04-13 09:59:53.600,3720.4000,10345,0,1718002740.000,1,0,1,多换,S,3719.6000,3719.4000,3719.2000,3719.0000,3718.2000,3720.4000,3720.8000,3721.0000,3722.0000,3722.2000,1,2,1,1,1,1,1,1,8,2
SF,IF2005,2020-04-13 09:59:54.100,3720.4000,10345,0,1718002740.000,0,-,-,-,-,3719.6000,3719.4000,3719.2000,3719.0000,3718.2000,3720.8000,3721.0000,3722.0000,3722.2000,3722.8000,1,2,1,1,1,1,1,8,2,2
SF,IF2005,2020-04-13 09:59:54.600,3720.4000,10345,0,1718002740.000,0,-,-,-,-,3719.6000,3719.4000,3719.2000,3719.0000,3718.2000,3720.8000,3721.0000,3722.0000,3722.2000,3722.8000,1,2,1,1,1,1,1,8,2,2
SF,IF2005,2020-04-13 09:59:55.600,3720.4000,10345,0,1718002740.000,0,-,-,-,-,3719.8000,3719.6000,3719.4000,3719.2000,3719.0000,3720.8000,3721.0000,3722.0000,3722.2000,3722.8000,1,1,2,1,1,1,1,8,2,2
SF,IF2005,2020-04-13 09:59:56.100,3720.4000,10345,0,1718002740.000,0,-,-,-,-,3719.8000,3719.6000,3719.4000,3719.2000,3719.0000,3720.8000,3721.0000,3722.0000,3722.2000,3722.8000,2,1,2,1,1,1,1,6,2,2
SF,IF2005,2020-04-13 10:00:01.100,3720.4000,10345,0,1718002740.000,0,-,-,-,-,3719.8000,3719.6000,3719.4000,3719.2000,3719.0000,3720.6000,3720.8000,3721.0000,3722.0000,3722.2000,2,1,2,1,1,1,1,1,6,2
SF,IF2005,2020-04-13 10:00:02.100,3720.4000,10345,0,1718002740.000,0,-,-,-,-,3719.8000,3719.6000,3719.4000,3719.2000,3719.0000,3720.6000,3720.8000,3721.0000,3722.0000,3722.2000,1,1,2,1,1,1,1,1,6,2
SF,IF2005,2020-04-13 10:00:02.600,3720.4000,10345,0,1718002740.000,0,-,-,-,-,3719.8000,3719.6000,3719.4000,3719.2000,3719.0000,3720.6000,3720.8000,3721.0000,3722.0000,3722.2000,1,1,1,1,1,1,1,3,6,2
SF,IF2005,2020-04-13 10:00:03.100,3720.4000,10345,0,1718002740.000,0,-,-,-,-,3719.8000,3719.6000,3719.4000,3719.2000,3719.0000,3720.4000,3720.6000,3720.8000,3721.0000,3722.0000,1,1,1,1,1,1,1,1,3,6
SF,IF2005,2020-04-13 10:00:04.600,3720.4000,10344,-1,1719118860.000,1,0,1,双平,S,3720.2000,3719.6000,3719.4000,3719.2000,3719.0000,3720.6000,3720.8000,3721.0000,3722.0000,3722.8000,1,1,1,1,1,1,1,3,6,2
SF,IF2005,2020-04-13 10:00:05.100,3720.6000,10344,0,1720235040.000,1,0,1,多换,S,3719.6000,3719.4000,3719.2000,3719.0000,3718.2000,3720.8000,3721.0000,3722.0000,3722.8000,3725.0000,1,1,1,1,1,1,3,6,4,1
SF,IF2005,2020-04-13 10:00:05.600,3720.6000,10344,0,1720235040.000,0,-,-,-,-,3720.0000,3719.8000,3719.6000,3719.2000,3719.0000,3721.0000,3722.0000,3722.8000,3725.0000,3725.4000,1,3,1,1,1,3,6,4,1,4
SF,IF2005,2020-04-13 10:00:06.100,3720.6000,10344,0,1720235040.000,0,-,-,-,-,3720.0000,3719.8000,3719.2000,3719.0000,3718.2000,3721.0000,3722.0000,3722.8000,3725.0000,3725.4000,1,3,1,1,1,3,6,4,1,4
SF,IF2005,2020-04-13 10:00:07.600,3720.6000,10344,0,1720235040.000,0,-,-,-,-,3720.0000,3719.8000,3719.2000,3719.0000,3718.2000,3720.4000,3721.0000,3722.0000,3722.8000,3725.0000,1,3,1,1,1,5,3,6,4,1
SF,IF2005,2020-04-13 10:00:08.100,3720.4000,10341,-3,1724699520.000,4,0,4,多平,S,3720.0000,3719.8000,3719.2000,3719.0000,3718.2000,3720.4000,3721.0000,3722.0000,3722.8000,3725.0000,1,1,1,1,1,1,3,6,4,1
SF,IF2005,2020-04-13 10:00:08.600,3720.4000,10340,-1,1725815640.000,1,0,1,双平,S,3720.4000,3719.8000,3719.2000,3719.0000,3718.2000,3721.0000,3722.0000,3722.8000,3725.0000,3725.4000,1,1,1,1,1,5,6,4,1,4
SF,IF2005,2020-04-13 10:00:09.600,3720.4000,10340,0,1725815640.000,0,-,-,-,-,3720.8000,3719.8000,3719.2000,3719.0000,3718.2000,3721.0000,3722.0000,3722.8000,3725.0000,3725.4000,1,1,1,1,1,5,6,4,1,4
SF,IF2005,2020-04-13 10:00:10.100,3721.0000,10340,0,1729164540.000,3,1,2,多换,S,3720.8000,3719.8000,3719.2000,3719.0000,3718.2000,3721.0000,3722.0000,3722.8000,3725.0000,3725.4000,1,1,1,1,1,1,6,4,1,4
SF,IF2005,2020-04-13 10:00:10.600,3722.0000,10341,1,1731397440.000,2,1,1,空开,S,3720.4000,3719.8000,3719.2000,3719.0000,3718.2000,3722.0000,3722.8000,3725.0000,3725.4000,3725.8000,2,1,1,1,1,5,4,1,4,8
SF,IF2005,2020-04-13 10:00:11.100,3722.0000,10341,0,1731397440.000,0,-,-,-,-,3720.6000,3720.4000,3719.2000,3719.0000,3718.2000,3721.8000,3722.0000,3722.8000,3725.0000,3725.4000,3,2,1,1,1,1,5,4,1,4
SF,IF2005,2020-04-13 10:00:11.600,3722.0000,10341,0,1731397440.000,0,-,-,-,-,3720.6000,3720.4000,3719.2000,3719.0000,3718.2000,3722.0000,3722.8000,3725.0000,3725.4000,3725.8000,4,2,1,1,1,5,4,1,4,8
SF,IF2005,2020-04-13 10:00:12.100,3722.0000,10341,0,1731397440.000,0,-,-,-,-,3720.6000,3720.4000,3719.2000,3719.0000,3718.2000,3722.0000,3722.8000,3725.0000,3725.4000,3725.8000,3,2,1,1,1,5,4,1,4,8
SF,IF2005,2020-04-13 10:00:12.600,3722.0000,10341,0,1731397440.000,0,-,-,-,-,3721.0000,3720.6000,3720.4000,3719.2000,3719.0000,3722.0000,3722.6000,3722.8000,3725.0000,3725.4000,1,3,2,1,1,5,1,4,1,4
SF,IF2005,2020-04-13 10:00:13.100,3722.0000,10341,0,1731397440.000,0,-,-,-,-,3721.0000,3720.6000,3720.4000,3719.2000,3719.0000,3722.0000,3722.8000,3725.0000,3725.4000,3725.8000,1,1,2,1,1,5,2,1,4,8
SF,IF2005,2020-04-13 10:00:13.600,3722.0000,10341,0,1731397440.000,0,-,-,-,-,3721.0000,3720.6000,3720.4000,3719.2000,3719.0000,3722.0000,3722.8000,3723.6000,3725.0000,3725.4000,1,1,2,1,1,5,2,2,1,4
SF,IF2005,2020-04-13 10:00:14.100,3722.0000,10342,1,1732514040.000,1,1,0,双开,S,3721.2000,3720.4000,3719.2000,3719.0000,3718.2000,3722.0000,3722.8000,3723.6000,3725.0000,3725.4000,7,2,1,1,1,4,2,2,1,4
SF,IF2005,2020-04-13 10:00:14.600,3722.0000,10342,0,1732514040.000,0,-,-,-,-,3721.2000,3720.4000,3719.2000,3719.0000,3718.2000,3722.0000,3722.8000,3723.6000,3725.0000,3725.4000,5,2,1,1,1,4,2,2,1,4
SF,IF2005,2020-04-13 10:00:15.100,3722.0000,10342,0,1732514040.000,0,-,-,-,-,3721.2000,3720.4000,3719.2000,3719.0000,3718.2000,3722.0000,3722.8000,3723.6000,3725.0000,3725.4000,2,2,1,1,1,4,2,2,1,4
SF,IF2005,2020-04-13 10:00:15.600,3722.0000,10344,2,1734747240.000,2,2,0,双开,S,3721.2000,3719.2000,3719.0000,3718.2000,3717.4000,3722.0000,3722.8000,3723.6000,3725.0000,3725.4000,2,1,1,1,5,2,2,2,1,4
SF,IF2005,2020-04-13 10:00:16.600,3722.0000,10346,2,1736980440.000,2,2,0,双开,S,3721.2000,3719.2000,3719.0000,3718.2000,3717.4000,3722.8000,3723.6000,3725.0000,3725.4000,3725.8000,2,1,1,1,5,2,2,1,4,8
SF,IF2005,2020-04-13 10:00:17.100,3722.0000,10346,0,1736980440.000,0,-,-,-,-,3721.4000,3721.2000,3719.0000,3718.2000,3717.4000,3722.6000,3722.8000,3723.6000,3725.0000,3725.4000,2,2,1,1,5,2,2,2,1,4
SF,IF2005,2020-04-13 10:00:17.600,3722.0000,10346,0,1736980440.000,0,-,-,-,-,3721.6000,3721.4000,3721.2000,3719.0000,3718.2000,3722.6000,3722.8000,3723.6000,3725.0000,3725.4000,1,5,1,1,1,2,1,2,1,4
SF,IF2005,2020-04-13 10:00:18.100,3722.0000,10346,0,1736980440.000,0,-,-,-,-,3721.6000,3721.4000,3721.2000,3719.0000,3718.2000,3722.6000,3722.8000,3723.6000,3725.0000,3725.4000,1,3,1,1,1,2,1,2,1,4
SF,IF2005,2020-04-13 10:00:18.600,3722.0000,10346,0,1736980440.000,0,-,-,-,-,3721.8000,3721.6000,3721.4000,3721.2000,3719.0000,3722.6000,3722.8000,3723.6000,3725.0000,3725.4000,2,1,3,1,1,2,1,2,1,4
SF,IF2005,2020-04-13 10:00:19.100,3722.0000,10346,0,1736980440.000,0,-,-,-,-,3721.8000,3721.6000,3721.4000,3721.2000,3719.0000,3722.6000,3723.6000,3725.0000,3725.4000,3725.8000,2,1,3,1,1,2,2,1,4,8
SF,IF2005,2020-04-13 10:00:19.600,3722.0000,10346,0,1736980440.000,0,-,-,-,-,3721.8000,3721.6000,3721.4000,3721.2000,3719.0000,3722.6000,3723.6000,3725.0000,3725.4000,3725.8000,1,1,3,1,1,2,2,1,4,8
SF,IF2005,2020-04-13 10:00:20.100,3722.0000,10346,0,1736980440.000,0,-,-,-,-,3721.8000,3721.6000,3721.4000,3721.2000,3719.0000,3723.6000,3725.0000,3725.4000,3725.8000,3727.0000,1,1,3,1,1,2,1,4,8,1
SF,IF2005,2020-04-13 10:00:20.600,3722.0000,10346,0,1736980440.000,0,-,-,-,-,3722.0000,3721.8000,3721.4000,3719.0000,3718.8000,3723.4000,3723.6000,3725.0000,3725.4000,3727.0000,2,1,2,1,5,3,2,1,4,1
SF,IF2005,2020-04-13 10:00:21.600,3722.0000,10346,0,1736980440.000,0,-,-,-,-,3722.4000,3722.0000,3721.8000,3721.4000,3719.6000,3723.4000,3725.0000,3725.4000,3727.0000,3727.4000,1,2,1,2,1,3,1,4,1,8
SF,IF2005,2020-04-13 10:00:22.100,3722.4000,10347,1,1738097160.000,1,1,0,双开,S,3722.4000,3722.0000,3721.8000,3721.4000,3719.6000,3723.4000,3724.6000,3725.0000,3725.4000,3727.0000,1,2,1,2,1,3,2,1,4,1
SF,IF2005,2020-04-13 10:00:22.600,3722.6000,10347,0,1743681300.000,5,2,3,多换,S,3721.8000,3721.4000,3719.6000,3719.0000,3718.8000,3722.0000,3724.6000,3725.0000,3725.4000,3727.0000,1,2,1,1,5,6,2,1,4,1
SF,IF2005,2020-04-13 10:00:23.100,3722.0000,10350,3,1750381440.000,6,4,2,空开,S,3723.4000,3722.8000,3722.4000,3722.2000,3722.0000,3724.6000,3725.0000,3725.4000,3727.0000,3727.4000,1,1,3,3,11,2,1,4,1,8
SF,IF2005,2020-04-13 10:00:23.600,3723.4000,10351,1,1752615060.000,2,1,1,空开,S,3722.2000,3722.0000,3721.8000,3721.4000,3719.6000,3723.8000,3724.0000,3724.2000,3724.4000,3724.6000,1,7,1,2,1,2,5,1,3,2
SF,IF2005,2020-04-13 10:00:24.100,3723.4000,10351,0,1752615060.000,0,-,-,-,-,3722.4000,3722.2000,3722.0000,3721.8000,3721.4000,3723.4000,3723.8000,3724.4000,3724.6000,3725.0000,1,1,4,1,2,1,2,3,2,1
SF,IF2005,2020-04-13 10:00:24.600,3723.4000,10351,0,1752615060.000,0,-,-,-,-,3722.0000,3721.8000,3719.6000,3719.0000,3718.8000,3723.2000,3723.4000,3723.6000,3723.8000,3724.4000,3,1,1,1,5,1,2,1,1,3
SF,IF2005,2020-04-13 10:00:25.100,3723.4000,10351,0,1752615060.000,0,-,-,-,-,3722.0000,3721.8000,3719.6000,3719.0000,3718.8000,3723.2000,3723.4000,3723.6000,3724.4000,3724.6000,3,1,1,1,5,1,2,1,3,2
SF,IF2005,2020-04-13 10:00:25.600,3723.2000,10351,0,1753732020.000,1,0,1,多换,S,3722.4000,3722.2000,3722.0000,3721.8000,3719.6000,3723.4000,3723.6000,3724.4000,3724.6000,3725.0000,1,3,3,1,1,2,1,3,2,1
SF,IF2005,2020-04-13 10:00:26.100,3723.2000,10351,0,1753732020.000,0,-,-,-,-,3722.6000,3722.4000,3722.2000,3722.0000,3721.8000,3723.4000,3723.6000,3724.4000,3724.6000,3725.0000,1,1,2,3,1,2,1,2,2,1
SF,IF2005,2020-04-13 10:00:26.600,3723.2000,10351,0,1753732020.000,0,-,-,-,-,3722.6000,3722.4000,3722.2000,3722.0000,3721.8000,3723.4000,3723.6000,3724.4000,3724.6000,3725.0000,1,1,2,3,1,2,1,2,2,1
SF,IF2005,2020-04-13 10:00:27.100,3723.2000,10351,0,1753732020.000,0,-,-,-,-,3722.6000,3722.2000,3722.0000,3721.8000,3720.0000,3723.4000,3723.6000,3724.4000,3724.6000,3725.0000,1,2,3,1,1,2,1,2,2,1
SF,IF2005,2020-04-13 10:00:27.600,3723.2000,10351,0,1753732020.000,0,-,-,-,-,3722.2000,3722.0000,3721.8000,3720.0000,3719.6000,3723.4000,3723.6000,3724.4000,3724.6000,3725.0000,2,3,1,1,1,2,1,2,2,1
SF,IF2005,2020-04-13 10:00:28.100,3723.2000,10351,0,1753732020.000,0,-,-,-,-,3722.0000,3721.8000,3720.0000,3719.6000,3719.2000,3723.0000,3723.2000,3723.4000,3724.4000,3724.6000,2,1,1,1,8,1,3,1,2,2
SF,IF2005,2020-04-13 10:00:28.600,3723.2000,10351,0,1753732020.000,0,-,-,-,-,3722.0000,3720.0000,3719.6000,3719.2000,3719.0000,3723.0000,3723.2000,3724.4000,3724.6000,3725.0000,2,1,1,8,1,1,3,2,2,1
SF,IF2005,2020-04-13 10:00:29.600,3723.2000,10351,0,1753732020.000,0,-,-,-,-,3722.0000,3720.0000,3719.6000,3719.2000,3719.0000,3722.8000,3723.0000,3723.2000,3724.4000,3724.6000,2,1,1,8,1,1,1,2,2,2
SF,IF2005,2020-04-13 10:00:30.600,3723.0000,10350,-1,1754848920.000,1,0,1,双平,S,3722.0000,3720.0000,3719.6000,3719.4000,3719.2000,3723.0000,3723.2000,3724.4000,3724.6000,3725.0000,2,1,1,1,8,1,2,2,2,1
SF,IF2005,2020-04-13 10:00:31.100,3723.0000,10350,0,1754848920.000,0,-,-,-,-,3722.2000,3722.0000,3720.0000,3719.6000,3719.4000,3723.0000,3723.2000,3724.4000,3724.6000,3725.0000,1,2,1,1,1,1,2,2,2,1
SF,IF2005,2020-04-13 10:00:31.600,3723.0000,10350,0,1754848920.000,0,-,-,-,-,3722.2000,3722.0000,3720.0000,3719.6000,3719.4000,3723.0000,3723.2000,3724.4000,3724.6000,3725.0000,1,2,1,1,1,1,1,2,2,1
SF,IF2005,2020-04-13 10:00:32.100,3723.0000,10350,0,1754848920.000,0,-,-,-,-,3722.4000,3722.2000,3722.0000,3720.0000,3719.6000,3723.2000,3724.0000,3724.4000,3724.6000,3725.0000,1,1,2,1,1,1,10,2,2,1
SF,IF2005,2020-04-13 10:00:33.600,3723.0000,10350,0,1754848920.000,0,-,-,-,-,3722.2000,3722.0000,3720.0000,3719.6000,3719.4000,3723.2000,3724.0000,3724.4000,3724.6000,3725.0000,1,2,1,1,1,1,10,2,2,1
SF,IF2005,2020-04-13 10:00:34.100,3723.0000,10350,0,1754848920.000,0,-,-,-,-,3722.2000,3722.0000,3720.0000,3719.6000,3719.4000,3723.0000,3723.2000,3724.0000,3724.4000,3724.6000,1,2,1,1,1,1,1,10,2,2
SF,IF2005,2020-04-13 10:00:34.600,3723.0000,10350,0,1754848920.000,0,-,-,-,-,3722.0000,3720.0000,3719.6000,3719.4000,3719.2000,3722.8000,3723.0000,3724.0000,3724.4000,3724.6000,2,1,1,1,8,1,1,10,2,2
SF,IF2005,2020-04-13 10:00:35.600,3723.0000,10350,0,1754848920.000,0,-,-,-,-,3722.0000,3720.0000,3719.6000,3719.4000,3719.2000,3722.2000,3722.8000,3723.0000,3724.0000,3724.4000,2,1,1,1,8,1,1,1,10,2
SF,IF2005,2020-04-13 10:00:36.600,3722.0000,10348,-2,1757082120.000,2,0,2,双平,S,3720.0000,3719.6000,3719.4000,3719.2000,3719.0000,3722.2000,3724.0000,3724.4000,3724.6000,3725.0000,1,1,1,8,1,1,10,2,2,1
SF,IF2005,2020-04-13 10:00:37.100,3722.0000,10348,0,1757082120.000,0,-,-,-,-,3720.8000,3720.6000,3720.4000,3720.2000,3720.0000,3722.0000,3722.2000,3724.0000,3724.4000,3724.6000,4,3,3,4,2,2,1,10,2,2
SF,IF2005,2020-04-13 10:00:37.600,3722.0000,10348,0,1757082120.000,0,-,-,-,-,3720.8000,3720.6000,3720.4000,3720.2000,3720.0000,3722.0000,3722.2000,3723.0000,3724.0000,3724.4000,2,1,1,3,1,2,1,10,10,2
SF,IF2005,2020-04-13 10:00:38.100,3722.0000,10348,0,1757082120.000,0,-,-,-,-,3721.0000,3720.8000,3720.6000,3720.4000,3720.2000,3722.0000,3722.2000,3723.0000,3723.6000,3724.0000,1,2,1,1,1,2,1,10,2,10
SF,IF2005,2020-04-13 10:00:43.100,3721.0000,10347,-1,1758198420.000,1,0,1,双平,S,3720.8000,3720.6000,3720.4000,3720.2000,3720.0000,3721.6000,3722.2000,3723.0000,3723.6000,3724.0000,1,1,1,1,1,2,1,10,2,10
SF,IF2005,2020-04-13 10:00:43.600,3721.0000,10347,0,1758198420.000,0,-,-,-,-,3720.2000,3720.0000,3719.4000,3719.0000,3718.8000,3721.6000,3722.2000,3723.0000,3723.6000,3724.0000,1,1,1,1,5,2,1,10,2,10
SF,IF2005,2020-04-13 10:00:44.100,3721.0000,10347,0,1758198420.000,0,-,-,-,-,3720.4000,3720.2000,3720.0000,3719.0000,3718.8000,3721.0000,3721.6000,3722.2000,3723.0000,3723.6000,1,1,1,1,5,1,2,1,10,2
SF,IF2005,2020-04-13 10:00:44.600,3721.0000,10348,1,1759314720.000,1,1,0,双开,S,3721.0000,3720.4000,3720.2000,3720.0000,3719.0000,3721.6000,3722.2000,3723.0000,3723.6000,3724.0000,1,1,1,1,1,2,1,10,2,10
SF,IF2005,2020-04-13 10:00:45.100,3721.0000,10348,0,1759314720.000,0,-,-,-,-,3721.0000,3720.4000,3720.2000,3720.0000,3719.0000,3721.4000,3721.6000,3722.2000,3723.0000,3723.6000,1,1,1,1,1,1,2,1,10,2
SF,IF2005,2020-04-13 10:00:46.100,3721.0000,10348,0,1759314720.000,0,-,-,-,-,3721.0000,3720.4000,3720.2000,3720.0000,3719.0000,3721.4000,3721.6000,3722.2000,3723.0000,3723.6000,1,1,1,1,1,1,2,1,10,2
SF,IF2005,2020-04-13 10:00:46.600,3721.4000,10348,0,1761547440.000,2,1,1,多换,S,3720.4000,3720.2000,3720.0000,3719.0000,3718.8000,3721.6000,3722.2000,3723.0000,3723.6000,3724.0000,1,1,1,1,5,2,1,10,2,10
SF,IF2005,2020-04-13 10:00:47.100,3721.4000,10348,0,1761547440.000,0,-,-,-,-,3720.4000,3720.2000,3720.0000,3719.0000,3718.8000,3721.4000,3721.6000,3722.2000,3723.0000,3723.6000,1,1,1,1,5,1,2,1,10,2
SF,IF2005,2020-04-13 10:00:48.600,3721.4000,10348,0,1762663860.000,1,0,1,多换,S,3720.4000,3720.2000,3720.0000,3719.0000,3718.8000,3721.6000,3722.2000,3723.0000,3723.6000,3724.0000,1,1,1,1,5,2,1,10,2,10
SF,IF2005,2020-04-13 10:00:49.100,3721.4000,10348,0,1762663860.000,0,-,-,-,-,3720.4000,3720.2000,3720.0000,3719.0000,3718.8000,3721.6000,3722.2000,3723.0000,3723.6000,3724.0000,1,1,1,1,5,3,1,10,2,10
SF,IF2005,2020-04-13 10:00:49.600,3721.4000,10348,0,1762663860.000,0,-,-,-,-,3720.4000,3720.2000,3720.0000,3719.0000,3718.8000,3721.6000,3722.2000,3723.0000,3723.6000,3724.0000,1,1,1,1,5,2,1,10,2,10
SF,IF2005,2020-04-13 10:00:50.100,3721.4000,10348,0,1762663860.000,0,-,-,-,-,3720.4000,3720.2000,3720.0000,3719.0000,3718.8000,3721.6000,3722.2000,3723.6000,3724.0000,3724.4000,1,1,2,1,5,3,1,2,10,2
SF,IF2005,2020-04-13 10:00:50.600,3721.4000,10348,0,1762663860.000,0,-,-,-,-,3720.4000,3720.2000,3720.0000,3719.0000,3718.8000,3721.2000,3721.4000,3721.6000,3722.2000,3723.6000,1,1,2,1,5,1,1,1,1,2
SF,IF2005,2020-04-13 10:00:51.100,3721.4000,10348,0,1762663860.000,0,-,-,-,-,3720.4000,3720.2000,3720.0000,3719.0000,3718.8000,3721.2000,3721.4000,3722.2000,3723.6000,3724.0000,1,1,2,1,5,1,1,1,2,10
SF,IF2005,2020-04-13 10:00:51.600,3721.4000,10348,0,1762663860.000,0,-,-,-,-,3720.4000,3720.2000,3720.0000,3719.0000,3718.8000,3721.2000,3721.4000,3722.2000,3723.6000,3724.0000,1,1,2,1,5,1,1,1,2,10
SF,IF2005,2020-04-13 10:00:52.100,3721.4000,10348,0,1762663860.000,0,-,-,-,-,3720.4000,3720.2000,3720.0000,3719.0000,3718.8000,3721.2000,3721.4000,3722.2000,3723.6000,3724.0000,1,1,2,1,5,1,1,1,2,10
SF,IF2005,2020-04-13 10:00:52.600,3721.2000,10348,0,1763780220.000,1,0,1,多换,S,3720.4000,3720.2000,3720.0000,3719.0000,3718.8000,3721.2000,3721.4000,3722.2000,3723.6000,3724.0000,1,1,2,1,5,1,1,1,2,10
SF,IF2005,2020-04-13 10:00:53.100,3721.2000,10348,0,1763780220.000,0,-,-,-,-,3720.4000,3720.2000,3720.0000,3719.0000,3718.8000,3722.2000,3723.6000,3724.0000,3724.4000,3725.0000,1,1,2,1,5,1,2,10,2,1
SF,IF2005,2020-04-13 10:00:53.600,3721.2000,10349,1,1764896580.000,1,1,0,双开,S,3720.6000,3720.4000,3720.2000,3720.0000,3719.0000,3721.8000,3722.0000,3722.2000,3723.6000,3724.0000,1,1,1,2,1,1,2,1,2,10
SF,IF2005,2020-04-13 10:00:54.100,3721.2000,10349,0,1764896580.000,0,-,-,-,-,3720.8000,3720.6000,3720.2000,3720.0000,3719.0000,3721.8000,3722.0000,3722.2000,3723.0000,3723.6000,1,1,1,2,1,1,2,1,5,2
SF,IF2005,2020-04-13 10:00:55.100,3721.2000,10349,0,1764896580.000,0,-,-,-,-,3721.0000,3720.8000,3720.2000,3720.0000,3719.0000,3721.8000,3722.0000,3722.2000,3723.0000,3723.6000,1,1,1,2,1,1,2,1,5,2
SF,IF2005,2020-04-13 10:00:55.600,3721.2000,10349,0,1764896580.000,0,-,-,-,-,3721.0000,3720.8000,3720.2000,3720.0000,3719.0000,3721.8000,3722.0000,3722.2000,3723.0000,3723.6000,1,1,1,2,1,1,1,1,5,2
SF,IF2005,2020-04-13 10:00:59.600,3721.8000,10348,-1,1766013120.000,1,0,1,双平,S,3720.8000,3720.2000,3720.0000,3719.0000,3718.8000,3722.0000,3722.2000,3723.0000,3723.6000,3724.0000,1,1,2,1,5,1,1,5,3,10
SF,IF2005,2020-04-13 10:01:00.100,3721.8000,10348,0,1766013120.000,0,-,-,-,-,3720.8000,3720.2000,3720.0000,3719.0000,3718.8000,3721.8000,3722.0000,3722.2000,3723.0000,3723.6000,1,1,2,1,5,2,1,1,5,3
SF,IF2005,2020-04-13 10:01:01.100,3721.8000,10348,0,1766013120.000,0,-,-,-,-,3720.8000,3720.2000,3720.0000,3719.0000,3718.8000,3721.6000,3721.8000,3722.2000,3723.0000,3723.6000,1,1,2,1,5,1,2,1,5,3
SF,IF2005,2020-04-13 10:01:01.600,3721.8000,10348,0,1767129660.000,1,0,1,多换,S,3720.8000,3720.2000,3720.0000,3719.0000,3718.8000,3721.8000,3722.2000,3723.0000,3723.6000,3724.0000,1,1,2,1,5,1,1,5,3,10
SF,IF2005,2020-04-13 10:01:04.100,3721.8000,10348,0,1767129660.000,0,-,-,-,-,3720.8000,3720.2000,3720.0000,3719.0000,3718.8000,3721.8000,3722.2000,3723.0000,3723.6000,3724.0000,1,1,2,1,5,1,1,5,3,10
SF,IF2005,2020-04-13 10:01:04.600,3721.8000,10348,0,1767129660.000,0,-,-,-,-,3720.8000,3720.2000,3720.0000,3719.0000,3718.8000,3721.6000,3721.8000,3722.2000,3723.0000,3723.6000,1,1,2,1,5,1,1,1,5,1
SF,IF2005,2020-04-13 10:01:05.100,3721.8000,10348,0,1767129660.000,0,-,-,-,-,3720.8000,3720.2000,3720.0000,3719.0000,3718.8000,3721.6000,3721.8000,3722.2000,3722.8000,3723.0000,1,1,2,1,5,1,1,1,2,5
SF,IF2005,2020-04-13 10:01:05.600,3720.8000,10347,-1,1768245900.000,1,0,1,双平,S,3720.2000,3720.0000,3719.0000,3718.8000,3718.6000,3721.6000,3721.8000,3722.2000,3722.8000,3723.0000,1,2,1,5,1,1,1,1,2,5
SF,IF2005,2020-04-13 10:01:06.100,3720.8000,10347,0,1768245900.000,0,-,-,-,-,3720.4000,3720.2000,3720.0000,3719.0000,3718.8000,3721.6000,3721.8000,3722.2000,3722.8000,3723.0000,1,1,2,1,5,1,1,1,2,5
SF,IF2005,2020-04-13 10:01:08.100,3720.8000,10347,0,1768245900.000,0,-,-,-,-,3720.8000,3720.2000,3720.0000,3719.0000,3718.8000,3721.8000,3722.2000,3722.8000,3723.0000,3723.6000,1,1,2,1,5,1,1,2,5,1
SF,IF2005,2020-04-13 10:01:08.600,3720.8000,10347,0,1768245900.000,0,-,-,-,-,3720.8000,3720.0000,3719.0000,3718.8000,3718.6000,3721.4000,3721.6000,3722.2000,3722.8000,3723.0000,1,1,1,5,1,1,6,1,2,5
SF,IF2005,2020-04-13 10:01:09.100,3720.8000,10347,0,1768245900.000,0,-,-,-,-,3720.8000,3720.0000,3719.0000,3718.8000,3718.6000,3721.6000,3722.2000,3722.8000,3723.0000,3723.6000,1,1,1,5,1,1,1,2,5,1
SF,IF2005,2020-04-13 10:01:11.100,3720.8000,10347,0,1768245900.000,0,-,-,-,-,3720.8000,3720.0000,3719.0000,3718.8000,3718.6000,3721.6000,3722.2000,3722.8000,3723.0000,3723.6000,3,1,1,5,1,1,1,2,5,1
SF,IF2005,2020-04-13 10:01:11.600,3720.8000,10348,1,1771594620.000,3,2,1,空开,S,3720.0000,3719.0000,3718.8000,3718.6000,3718.2000,3721.6000,3722.2000,3722.8000,3723.0000,3723.6000,1,1,5,1,1,1,1,2,5,1
SF,IF2005,2020-04-13 10:01:12.100,3720.8000,10348,0,1771594620.000,0,-,-,-,-,3720.2000,3720.0000,3719.0000,3718.8000,3718.6000,3721.4000,3721.6000,3722.2000,3722.8000,3723.0000,3,1,1,5,1,1,1,1,2,5
SF,IF2005,2020-04-13 10:01:15.100,3720.8000,10348,0,1771594620.000,0,-,-,-,-,3720.2000,3720.0000,3719.0000,3718.6000,3718.2000,3721.4000,3721.6000,3722.2000,3722.8000,3723.0000,3,1,1,1,1,1,1,1,2,5
SF,IF2005,2020-04-13 10:01:15.600,3720.8000,10348,0,1771594620.000,0,-,-,-,-,3720.2000,3720.0000,3719.0000,3718.6000,3718.2000,3721.2000,3721.4000,3722.2000,3722.8000,3723.0000,3,1,1,1,1,1,1,1,2,5
SF,IF2005,2020-04-13 10:01:19.100,3721.2000,10348,0,1772710980.000,1,0,1,多换,S,3720.2000,3720.0000,3719.0000,3718.6000,3718.2000,3721.0000,3721.4000,3722.2000,3722.8000,3723.0000,3,1,1,1,1,1,1,1,2,5
SF,IF2005,2020-04-13 10:01:20.100,3721.2000,10348,0,1772710980.000,0,-,-,-,-,3720.2000,3720.0000,3719.0000,3718.6000,3718.2000,3721.0000,3721.4000,3722.2000,3722.8000,3723.0000,2,1,1,1,1,1,1,1,2,5
SF,IF2005,2020-04-13 10:01:20.600,3721.2000,10348,0,1772710980.000,0,-,-,-,-,3720.2000,3720.0000,3719.0000,3718.6000,3718.2000,3721.0000,3722.2000,3723.0000,3723.6000,3724.0000,1,1,1,1,1,1,1,5,1,10
SF,IF2005,2020-04-13 10:01:21.100,3721.2000,10348,0,1772710980.000,0,-,-,-,-,3720.2000,3720.0000,3719.0000,3718.6000,3718.2000,3721.0000,3721.8000,3722.2000,3723.0000,3723.6000,1,1,1,1,1,1,2,1,6,1
SF,IF2005,2020-04-13 10:01:21.600,3721.2000,10349,1,1773827340.000,1,1,0,双开,S,3720.2000,3720.0000,3719.0000,3718.2000,3717.8000,3721.8000,3722.2000,3723.0000,3723.6000,3724.0000,1,1,1,1,5,2,1,5,1,10
SF,IF2005,2020-04-13 10:01:22.100,3720.2000,10349,0,1774943400.000,1,0,1,多换,S,3720.0000,3719.0000,3718.2000,3717.8000,3717.2000,3721.2000,3721.6000,3721.8000,3722.2000,3723.0000,1,1,1,5,9,2,5,3,1,5
SF,IF2005,2020-04-13 10:01:22.600,3720.2000,10349,0,1774943400.000,0,-,-,-,-,3720.0000,3719.0000,3718.2000,3717.8000,3717.2000,3721.0000,3721.2000,3721.6000,3721.8000,3722.2000,1,1,1,5,9,2,2,1,4,1
SF,IF2005,2020-04-13 10:01:23.100,3720.2000,10349,0,1774943400.000,0,-,-,-,-,3720.0000,3719.0000,3718.2000,3717.8000,3717.2000,3720.8000,3721.0000,3721.2000,3721.6000,3721.8000,1,1,1,5,9,1,1,2,1,4
SF,IF2005,2020-04-13 10:01:23.600,3720.2000,10349,0,1774943400.000,0,-,-,-,-,3720.0000,3719.0000,3718.2000,3717.8000,3717.2000,3720.8000,3721.0000,3721.2000,3721.6000,3721.8000,1,1,1,5,9,2,1,2,1,4
SF,IF2005,2020-04-13 10:01:24.100,3720.0000,10348,-1,1776059400.000,1,0,1,双平,S,3719.0000,3718.2000,3717.8000,3717.2000,3716.4000,3721.0000,3721.2000,3721.6000,3721.8000,3722.2000,1,1,5,9,1,1,2,1,4,1
SF,IF2005,2020-04-13 10:01:24.600,3720.0000,10348,0,1776059400.000,0,-,-,-,-,3719.6000,3719.4000,3719.2000,3719.0000,3718.2000,3720.8000,3721.0000,3721.2000,3721.6000,3721.8000,1,1,2,1,1,3,1,1,1,4
SF,IF2005,2020-04-13 10:01:25.100,3720.0000,10348,0,1776059400.000,0,-,-,-,-,3719.6000,3719.4000,3719.2000,3719.0000,3718.2000,3720.6000,3720.8000,3721.0000,3721.2000,3721.6000,1,1,2,1,1,1,3,1,1,1
SF,IF2005,2020-04-13 10:01:25.600,3720.0000,10348,0,1776059400.000,0,-,-,-,-,3719.4000,3719.2000,3719.0000,3718.2000,3717.8000,3720.6000,3720.8000,3721.0000,3721.2000,3721.6000,1,2,1,1,5,2,2,1,1,1
SF,IF2005,2020-04-13 10:01:26.100,3720.0000,10348,0,1776059400.000,0,-,-,-,-,3719.4000,3719.2000,3719.0000,3718.2000,3717.8000,3720.4000,3720.6000,3720.8000,3721.0000,3721.2000,1,2,1,1,5,1,1,2,1,1
SF,IF2005,2020-04-13 10:01:26.600,3720.0000,10348,0,1776059400.000,0,-,-,-,-,3719.4000,3719.2000,3719.0000,3718.2000,3717.8000,3719.6000,3720.2000,3720.4000,3720.8000,3721.0000,1,2,1,1,5,1,1,1,2,1
SF,IF2005,2020-04-13 10:01:27.100,3720.0000,10348,0,1776059400.000,0,-,-,-,-,3719.4000,3719.2000,3719.0000,3718.2000,3717.8000,3719.6000,3720.2000,3720.8000,3721.0000,3721.6000,1,2,1,1,5,1,1,1,1,1
SF,IF2005,2020-04-13 10:01:27.600,3720.0000,10348,0,1776059400.000,0,-,-,-,-,3719.2000,3719.0000,3718.2000,3717.8000,3717.2000,3719.6000,3720.2000,3720.8000,3721.0000,3721.6000,2,1,1,5,9,1,1,1,1,1
SF,IF2005,2020-04-13 10:01:28.600,3720.0000,10348,0,1776059400.000,0,-,-,-,-,3719.2000,3719.0000,3718.2000,3717.8000,3717.2000,3719.6000,3720.2000,3720.8000,3721.6000,3721.8000,1,1,1,5,1,1,1,1,1,2
SF,IF2005,2020-04-13 10:01:29.100,3720.0000,10348,0,1776059400.000,0,-,-,-,-,3719.0000,3718.2000,3717.8000,3717.2000,3716.4000,3719.6000,3720.2000,3720.8000,3721.6000,3721.8000,1,1,5,1,1,1,1,1,1,2
SF,IF2005,2020-04-13 10:01:29.600,3720.0000,10348,0,1776059400.000,0,-,-,-,-,3719.0000,3718.2000,3717.8000,3717.2000,3716.4000,3719.6000,3720.2000,3720.8000,3721.4000,3721.6000,1,1,5,1,1,1,1,1,2,1
SF,IF2005,2020-04-13 10:01:30.100,3719.0000,10348,0,1777175100.000,1,0,1,多换,S,3718.2000,3717.8000,3717.2000,3716.4000,3716.2000,3719.6000,3720.2000,3720.8000,3721.4000,3721.6000,1,5,1,1,4,1,1,1,2,1
SF,IF2005,2020-04-13 10:01:30.600,3719.0000,10348,0,1777175100.000,0,-,-,-,-,3718.6000,3718.4000,3718.2000,3717.8000,3717.2000,3719.4000,3719.6000,3720.8000,3721.4000,3721.6000,1,3,1,5,1,1,1,1,2,1
SF,IF2005,2020-04-13 10:01:31.100,3719.0000,10348,0,1777175100.000,0,-,-,-,-,3718.6000,3718.4000,3718.2000,3717.8000,3717.2000,3719.2000,3719.6000,3720.8000,3721.4000,3721.6000,1,3,1,5,1,1,1,1,2,1
SF,IF2005,2020-04-13 10:01:31.600,3719.2000,10348,0,1778290860.000,1,0,1,多换,S,3719.2000,3718.6000,3718.4000,3718.2000,3717.2000,3719.6000,3720.8000,3721.4000,3721.6000,3721.8000,1,1,3,1,1,1,1,2,1,2
SF,IF2005,2020-04-13 10:01:32.100,3719.2000,10348,0,1778290860.000,0,-,-,-,-,3719.2000,3718.6000,3718.4000,3718.2000,3717.2000,3719.6000,3720.8000,3721.4000,3721.6000,3721.8000,1,1,2,1,1,1,1,2,1,2
SF,IF2005,2020-04-13 10:01:32.600,3719.2000,10348,0,1778290860.000,0,-,-,-,-,3719.2000,3718.6000,3718.4000,3718.2000,3717.2000,3719.6000,3720.8000,3721.4000,3721.6000,3721.8000,1,1,1,1,1,1,1,2,1,2
SF,IF2005,2020-04-13 10:01:33.100,3719.2000,10348,0,1778290860.000,0,-,-,-,-,3719.2000,3718.6000,3718.4000,3718.2000,3717.2000,3719.6000,3720.0000,3720.8000,3721.4000,3721.6000,1,1,1,1,1,1,2,1,2,1
SF,IF2005,2020-04-13 10:01:35.600,3719.6000,10349,1,1779406740.000,1,1,0,双开,S,3718.4000,3718.2000,3717.2000,3716.4000,3716.2000,3720.0000,3720.8000,3721.4000,3721.6000,3721.8000,1,1,1,1,9,2,1,2,1,2
SF,IF2005,2020-04-13 10:01:36.100,3719.6000,10349,0,1779406740.000,0,-,-,-,-,3719.4000,3719.0000,3718.6000,3718.4000,3718.2000,3720.0000,3721.4000,3721.6000,3721.8000,3722.2000,1,2,4,1,1,2,2,1,2,1
SF,IF2005,2020-04-13 10:01:36.600,3719.6000,10349,0,1779406740.000,0,-,-,-,-,3719.4000,3719.0000,3718.8000,3718.6000,3718.4000,3720.0000,3721.4000,3721.6000,3721.8000,3722.2000,1,2,1,2,1,2,2,1,2,1
SF,IF2005,2020-04-13 10:01:37.100,3719.0000,10349,0,1781638260.000,2,1,1,多换,S,3719.0000,3718.8000,3718.6000,3718.4000,3718.2000,3720.0000,3721.4000,3721.6000,3721.8000,3722.2000,1,1,2,1,1,2,2,1,2,1
SF,IF2005,2020-04-13 10:01:37.600,3720.0000,10350,1,1782754260.000,1,1,0,双开,S,3719.2000,3718.8000,3718.6000,3718.4000,3718.2000,3720.0000,3721.4000,3721.6000,3721.8000,3722.2000,3,1,2,1,1,1,2,1,2,1
SF,IF2005,2020-04-13 10:01:38.100,3720.0000,10350,0,1782754260.000,0,-,-,-,-,3719.2000,3718.6000,3718.4000,3718.2000,3717.2000,3720.0000,3721.4000,3721.6000,3721.8000,3722.2000,2,1,1,1,1,1,2,1,2,1
SF,IF2005,2020-04-13 10:01:38.600,3720.0000,10350,0,1782754260.000,0,-,-,-,-,3719.2000,3718.6000,3718.4000,3718.2000,3717.2000,3719.8000,3720.0000,3721.4000,3721.6000,3721.8000,1,1,1,1,1,1,1,2,1,2
SF,IF2005,2020-04-13 10:01:40.100,3720.0000,10350,0,1782754260.000,0,-,-,-,-,3719.2000,3718.6000,3718.4000,3718.2000,3717.2000,3719.8000,3720.0000,3721.4000,3721.6000,3721.8000,2,1,1,1,1,1,1,2,1,2
SF,IF2005,2020-04-13 10:01:44.600,3719.2000,10349,-1,1783870020.000,1,0,1,双平,S,3719.2000,3718.6000,3718.4000,3718.2000,3717.2000,3719.8000,3720.0000,3721.4000,3721.6000,3721.8000,1,1,1,1,1,1,1,2,1,2
SF,IF2005,2020-04-13 10:01:45.100,3719.2000,10349,0,1783870020.000,0,-,-,-,-,3719.2000,3718.6000,3718.4000,3718.2000,3717.2000,3719.8000,3720.0000,3721.4000,3721.6000,3721.8000,1,1,1,1,1,1,1,2,1,2
SF,IF2005,2020-04-13 10:01:45.600,3719.2000,10350,1,1786101720.000,2,1,1,空开,S,3718.6000,3718.4000,3718.2000,3717.2000,3716.4000,3720.0000,3721.4000,3721.6000,3721.8000,3722.2000,1,1,1,1,1,1,2,1,2,1
SF,IF2005,2020-04-13 10:01:46.100,3719.2000,10350,0,1786101720.000,0,-,-,-,-,3718.4000,3718.2000,3717.2000,3716.4000,3716.2000,3719.8000,3720.0000,3721.4000,3721.6000,3721.8000,1,1,1,1,9,2,1,2,1,2
SF,IF2005,2020-04-13 10:01:46.600,3719.2000,10350,0,1786101720.000,0,-,-,-,-,3718.6000,3718.4000,3718.2000,3717.2000,3716.4000,3719.8000,3720.0000,3721.4000,3721.6000,3721.8000,2,1,1,1,1,2,1,2,1,2
SF,IF2005,2020-04-13 10:01:47.100,3719.2000,10350,0,1786101720.000,0,-,-,-,-,3718.6000,3718.4000,3718.2000,3717.2000,3716.4000,3719.6000,3719.8000,3720.0000,3721.4000,3721.6000,2,1,1,1,1,1,2,1,2,1
SF,IF2005,2020-04-13 10:01:48.100,3719.2000,10350,0,1786101720.000,0,-,-,-,-,3718.6000,3718.4000,3718.2000,3717.2000,3716.4000,3719.4000,3719.6000,3719.8000,3720.0000,3721.4000,2,1,1,1,1,1,1,1,1,2
SF,IF2005,2020-04-13 10:01:50.100,3719.2000,10350,0,1786101720.000,0,-,-,-,-,3718.6000,3718.4000,3718.2000,3717.2000,3716.4000,3719.4000,3719.6000,3719.8000,3720.0000,3721.4000,2,1,1,1,1,1,1,1,1,2
SF,IF2005,2020-04-13 10:01:50.600,3719.2000,10350,0,1786101720.000,0,-,-,-,-,3718.6000,3718.4000,3718.2000,3717.2000,3716.4000,3719.8000,3720.0000,3721.4000,3721.6000,3721.8000,2,1,1,1,1,1,1,2,1,2
SF,IF2005,2020-04-13 10:01:51.100,3719.2000,10350,0,1786101720.000,0,-,-,-,-,3719.0000,3718.8000,3718.6000,3718.2000,3717.2000,3720.0000,3721.4000,3721.6000,3721.8000,3722.2000,1,4,1,1,1,1,2,1,2,1
SF,IF2005,2020-04-13 10:01:52.600,3719.2000,10350,0,1786101720.000,0,-,-,-,-,3719.0000,3718.8000,3718.6000,3717.2000,3716.4000,3720.0000,3721.4000,3721.6000,3721.8000,3722.2000,1,4,1,1,1,1,2,1,2,1
SF,IF2005,2020-04-13 10:01:53.100,3719.2000,10350,0,1786101720.000,0,-,-,-,-,3719.0000,3718.8000,3718.6000,3717.2000,3716.4000,3720.0000,3721.4000,3721.6000,3721.8000,3722.2000,1,3,1,1,1,1,2,1,2,1
SF,IF2005,2020-04-13 10:01:53.600,3719.2000,10350,0,1786101720.000,0,-,-,-,-,3719.0000,3718.8000,3718.6000,3717.2000,3716.4000,3720.0000,3721.4000,3721.6000,3721.8000,3722.2000,1,1,1,1,1,1,2,1,2,1
SF,IF2005,2020-04-13 10:01:54.100,3720.0000,10351,1,1787217720.000,1,1,0,双开,S,3719.0000,3718.8000,3718.6000,3717.2000,3716.4000,3721.4000,3721.6000,3721.8000,3722.2000,3723.0000,1,1,1,1,1,2,1,2,1,5
SF,IF2005,2020-04-13 10:01:54.600,3720.0000,10351,0,1787217720.000,0,-,-,-,-,3719.2000,3719.0000,3717.2000,3716.4000,3716.2000,3720.2000,3720.8000,3721.0000,3721.2000,3721.4000,1,1,1,1,9,4,2,2,5,3
SF,IF2005,2020-04-13 10:01:55.100,3720.0000,10351,0,1787217720.000,0,-,-,-,-,3719.0000,3717.2000,3716.4000,3716.2000,3716.0000,3719.8000,3720.0000,3720.2000,3720.4000,3720.8000,1,1,9,9,4,1,5,3,1,2
SF,IF2005,2020-04-13 10:01:55.600,3720.0000,10351,0,1787217720.000,0,-,-,-,-,3719.0000,3717.2000,3716.4000,3716.2000,3716.0000,3719.8000,3720.0000,3720.2000,3720.4000,3720.8000,1,1,9,9,4,1,1,1,1,2
SF,IF2005,2020-04-13 10:01:56.100,3719.0000,10350,-1,1788333420.000,1,0,1,双平,S,3717.2000,3716.4000,3716.2000,3716.0000,3715.8000,3719.8000,3720.0000,3720.4000,3720.8000,3721.0000,1,9,9,4,2,1,1,1,2,1
SF,IF2005,2020-04-13 10:01:56.600,3719.0000,10350,0,1788333420.000,0,-,-,-,-,3718.2000,3718.0000,3717.8000,3717.6000,3717.4000,3719.6000,3719.8000,3720.4000,3720.8000,3721.2000,1,1,4,5,5,4,1,1,2,3
SF,IF2005,2020-04-13 10:01:57.100,3719.0000,10350,0,1788333420.000,0,-,-,-,-,3718.4000,3718.2000,3718.0000,3717.8000,3717.6000,3719.6000,3719.8000,3720.4000,3720.8000,3721.2000,1,1,1,4,5,3,1,1,2,3
SF,IF2005,2020-04-13 10:01:57.600,3719.0000,10350,0,1788333420.000,0,-,-,-,-,3718.4000,3718.2000,3717.8000,3717.6000,3717.4000,3719.6000,3719.8000,3720.8000,3721.2000,3721.4000,2,1,3,5,6,2,1,2,3,3
SF,IF2005,2020-04-13 10:01:58.100,3719.0000,10350,0,1788333420.000,0,-,-,-,-,3718.6000,3718.4000,3718.2000,3717.8000,3717.6000,3719.6000,3719.8000,3720.8000,3721.2000,3721.4000,2,2,1,3,4,2,1,2,3,3
SF,IF2005,2020-04-13 10:01:59.100,3719.0000,10350,0,1788333420.000,0,-,-,-,-,3718.6000,3718.4000,3717.8000,3717.6000,3717.4000,3719.6000,3719.8000,3720.8000,3721.2000,3721.4000,2,2,3,4,5,2,1,2,3,3
SF,IF2005,2020-04-13 10:02:01.600,3719.0000,10350,0,1788333420.000,0,-,-,-,-,3718.6000,3718.4000,3717.8000,3717.6000,3717.4000,3719.6000,3719.8000,3720.8000,3721.2000,3721.4000,2,2,3,4,5,2,1,2,3,3
SF,IF2005,2020-04-13 10:02:03.600,3719.6000,10350,0,1789449300.000,1,0,1,多换,S,3718.6000,3718.4000,3717.8000,3717.6000,3717.4000,3719.6000,3719.8000,3720.8000,3721.2000,3721.4000,2,2,3,4,5,1,1,2,3,3
SF,IF2005,2020-04-13 10:02:04.100,3719.6000,10350,0,1789449300.000,0,-,-,-,-,3718.8000,3717.8000,3717.6000,3717.4000,3717.2000,3719.6000,3720.8000,3721.2000,3721.4000,3721.6000,4,3,4,5,2,1,1,2,3,1
SF,IF2005,2020-04-13 10:02:04.600,3718.8000,10350,0,1790564940.000,1,0,1,多换,S,3718.8000,3717.8000,3717.6000,3717.4000,3717.2000,3719.6000,3720.8000,3721.2000,3721.4000,3721.6000,1,3,4,5,2,1,1,2,3,1
SF,IF2005,2020-04-13 10:02:05.600,3718.8000,10350,0,1790564940.000,0,-,-,-,-,3717.8000,3717.6000,3717.4000,3717.2000,3716.4000,3719.6000,3720.8000,3721.2000,3721.4000,3721.6000,3,4,5,2,9,1,1,2,3,1
SF,IF2005,2020-04-13 10:02:06.100,3718.8000,10350,0,1790564940.000,0,-,-,-,-,3718.2000,3718.0000,3717.8000,3717.6000,3717.4000,3719.4000,3719.6000,3720.8000,3721.2000,3721.4000,3,4,3,4,4,1,1,1,2,3
SF,IF2005,2020-04-13 10:02:06.600,3718.8000,10350,0,1790564940.000,0,-,-,-,-,3718.2000,3718.0000,3717.8000,3717.6000,3717.4000,3719.4000,3719.6000,3720.8000,3721.2000,3721.4000,2,4,3,3,4,1,1,1,2,3
SF,IF2005,2020-04-13 10:02:07.100,3718.8000,10350,0,1790564940.000,0,-,-,-,-,3718.4000,3718.2000,3718.0000,3717.8000,3717.6000,3719.4000,3719.6000,3720.8000,3721.2000,3721.4000,2,2,3,1,3,1,1,1,2,3
SF,IF2005,2020-04-13 10:02:07.600,3718.8000,10350,0,1790564940.000,0,-,-,-,-,3718.2000,3718.0000,3717.8000,3717.6000,3717.4000,3719.4000,3719.6000,3720.8000,3721.2000,3721.4000,2,3,1,3,4,1,1,1,2,3
SF,IF2005,2020-04-13 10:02:08.600,3718.8000,10350,0,1790564940.000,0,-,-,-,-,3718.2000,3718.0000,3717.8000,3717.6000,3717.4000,3719.4000,3719.6000,3720.8000,3721.2000,3721.4000,2,2,1,3,4,1,1,1,2,3
SF,IF2005,2020-04-13 10:02:09.100,3718.8000,10350,0,1790564940.000,0,-,-,-,-,3718.2000,3718.0000,3717.8000,3717.6000,3717.4000,3719.4000,3719.6000,3720.8000,3721.2000,3721.4000,2,2,1,1,2,1,1,1,2,3
SF,IF2005,2020-04-13 10:02:09.600,3718.8000,10350,0,1790564940.000,0,-,-,-,-,3718.4000,3718.2000,3718.0000,3717.8000,3717.6000,3719.4000,3719.6000,3720.8000,3721.2000,3721.4000,1,2,1,1,1,1,1,1,2,3
SF,IF2005,2020-04-13 10:02:10.100,3718.8000,10350,0,1790564940.000,0,-,-,-,-,3718.4000,3718.2000,3718.0000,3717.8000,3717.6000,3719.4000,3719.6000,3720.8000,3721.2000,3721.4000,2,2,1,1,1,1,1,1,2,3
SF,IF2005,2020-04-13 10:02:11.100,3718.8000,10350,0,1790564940.000,0,-,-,-,-,3718.8000,3718.4000,3718.2000,3718.0000,3717.8000,3719.4000,3719.6000,3720.8000,3721.2000,3721.4000,2,1,2,1,1,1,1,1,2,3
SF,IF2005,2020-04-13 10:02:12.600,3718.8000,10350,0,1790564940.000,0,-,-,-,-,3718.8000,3718.4000,3718.2000,3718.0000,3717.8000,3719.4000,3719.6000,3720.8000,3721.2000,3721.4000,2,1,1,1,1,1,1,1,2,3
SF,IF2005,2020-04-13 10:02:13.100,3718.8000,10350,0,1790564940.000,0,-,-,-,-,3718.8000,3718.2000,3718.0000,3717.8000,3717.6000,3719.4000,3719.6000,3720.8000,3721.2000,3721.4000,2,1,1,1,1,1,1,1,2,3
SF,IF2005,2020-04-13 10:02:13.600,3718.8000,10350,0,1790564940.000,0,-,-,-,-,3718.8000,3718.2000,3718.0000,3717.8000,3717.6000,3719.4000,3719.6000,3720.8000,3721.2000,3721.4000,2,1,1,1,1,1,1,1,2,3
SF,IF2005,2020-04-13 10:02:16.100,3718.8000,10350,0,1790564940.000,0,-,-,-,-,3718.2000,3718.0000,3717.8000,3717.6000,3717.4000,3719.4000,3719.6000,3720.8000,3721.2000,3721.4000,1,1,1,1,2,1,1,1,2,3
SF,IF2005,2020-04-13 10:02:16.600,3718.8000,10350,0,1790564940.000,0,-,-,-,-,3718.8000,3718.2000,3718.0000,3717.8000,3717.6000,3719.4000,3719.6000,3720.8000,3721.2000,3721.4000,2,1,1,1,1,1,1,1,2,3
SF,IF2005,2020-04-13 10:02:17.100,3718.8000,10350,0,1790564940.000,0,-,-,-,-,3718.8000,3718.4000,3718.2000,3718.0000,3717.8000,3719.4000,3719.6000,3720.8000,3721.2000,3721.4000,2,1,1,1,1,1,1,1,2,3
SF,IF2005,2020-04-13 10:02:17.600,3718.8000,10350,0,1790564940.000,0,-,-,-,-,3718.8000,3718.0000,3717.8000,3717.6000,3717.4000,3719.4000,3719.6000,3720.8000,3721.2000,3721.4000,2,1,1,1,2,1,1,1,2,3
SF,IF2005,2020-04-13 10:02:18.100,3719.4000,10349,-1,1791680760.000,1,0,1,双平,S,3719.0000,3718.8000,3718.0000,3717.8000,3717.6000,3720.8000,3721.2000,3721.4000,3721.6000,3723.0000,1,2,1,1,1,1,2,3,1,5
SF,IF2005,2020-04-13 10:02:18.600,3719.4000,10349,0,1791680760.000,0,-,-,-,-,3719.4000,3719.2000,3719.0000,3718.8000,3717.8000,3720.4000,3720.6000,3720.8000,3721.2000,3721.4000,1,1,1,2,1,2,4,1,2,3
SF,IF2005,2020-04-13 10:02:19.100,3719.4000,10349,0,1791680760.000,0,-,-,-,-,3719.4000,3719.2000,3718.8000,3717.8000,3717.6000,3720.4000,3720.6000,3720.8000,3721.2000,3721.4000,2,2,2,1,1,2,1,1,2,2
SF,IF2005,2020-04-13 10:02:19.600,3719.4000,10349,0,1791680760.000,0,-,-,-,-,3719.8000,3719.6000,3719.4000,3719.2000,3718.8000,3720.4000,3720.6000,3720.8000,3721.2000,3721.4000,1,1,1,2,2,2,1,1,2,2
SF,IF2005,2020-04-13 10:02:20.100,3719.8000,10349,0,1792796700.000,1,0,1,多换,S,3719.4000,3719.2000,3718.8000,3718.0000,3717.8000,3720.4000,3720.6000,3720.8000,3721.2000,3721.4000,1,2,2,1,1,2,1,1,2,2
SF,IF2005,2020-04-13 10:02:21.100,3719.8000,10349,0,1792796700.000,0,-,-,-,-,3719.4000,3719.2000,3718.0000,3717.8000,3717.6000,3720.4000,3720.6000,3720.8000,3721.2000,3721.4000,1,2,1,1,1,2,1,1,2,2
SF,IF2005,2020-04-13 10:02:22.100,3719.8000,10349,0,1792796700.000,0,-,-,-,-,3719.8000,3719.4000,3719.2000,3718.0000,3717.8000,3720.4000,3720.6000,3720.8000,3721.2000,3721.4000,2,1,2,1,1,2,1,1,2,2
SF,IF2005,2020-04-13 10:02:22.600,3719.4000,10349,0,1796144400.000,3,1,2,多换,S,3719.2000,3718.0000,3717.8000,3717.6000,3717.4000,3719.8000,3720.2000,3720.4000,3720.6000,3720.8000,2,1,1,1,2,1,1,2,1,1
SF,IF2005,2020-04-13 10:02:23.100,3719.4000,10349,0,1796144400.000,0,-,-,-,-,3719.2000,3718.0000,3717.8000,3717.6000,3717.4000,3719.8000,3720.2000,3720.4000,3720.6000,3720.8000,2,1,1,1,2,2,1,2,1,1
SF,IF2005,2020-04-13 10:02:23.600,3719.4000,10349,0,1796144400.000,0,-,-,-,-,3719.2000,3718.0000,3717.8000,3717.6000,3717.4000,3719.8000,3720.2000,3720.4000,3720.6000,3720.8000,2,1,1,1,2,2,1,2,1,1
SF,IF2005,2020-04-13 10:02:24.600,3719.4000,10349,0,1796144400.000,0,-,-,-,-,3719.2000,3718.0000,3717.8000,3717.6000,3717.4000,3719.8000,3720.2000,3720.4000,3720.6000,3720.8000,1,1,1,1,2,2,1,2,1,1
SF,IF2005,2020-04-13 10:02:25.600,3719.4000,10349,0,1796144400.000,0,-,-,-,-,3719.2000,3718.0000,3717.8000,3717.6000,3717.4000,3719.8000,3720.2000,3720.4000,3720.6000,3720.8000,1,1,1,1,2,2,1,1,1,1
SF,IF2005,2020-04-13 10:02:27.600,3719.4000,10349,0,1796144400.000,0,-,-,-,-,3719.2000,3718.0000,3717.8000,3717.6000,3717.4000,3719.6000,3720.2000,3720.4000,3720.6000,3720.8000,1,1,1,1,2,1,1,1,1,1
SF,IF2005,2020-04-13 10:02:28.100,3719.4000,10349,0,1796144400.000,0,-,-,-,-,3719.2000,3718.0000,3717.8000,3717.6000,3717.4000,3719.6000,3720.4000,3720.6000,3720.8000,3721.2000,1,1,1,1,2,1,1,1,1,2
SF,IF2005,2020-04-13 10:02:28.600,3719.4000,10349,0,1796144400.000,0,-,-,-,-,3718.0000,3717.8000,3717.6000,3717.4000,3717.2000,3719.6000,3720.4000,3720.6000,3720.8000,3721.2000,1,1,1,2,1,1,1,1,1,2
SF,IF2005,2020-04-13 10:02:29.100,3719.4000,10349,0,1796144400.000,0,-,-,-,-,3718.4000,3718.2000,3718.0000,3717.4000,3717.2000,3719.6000,3720.4000,3720.6000,3720.8000,3721.2000,2,10,1,2,1,1,1,1,1,2
SF,IF2005,2020-04-13 10:02:29.600,3719.4000,10349,0,1796144400.000,0,-,-,-,-,3718.6000,3718.4000,3718.2000,3718.0000,3717.4000,3719.6000,3720.4000,3720.6000,3720.8000,3721.2000,3,3,7,1,2,1,1,1,1,2
SF,IF2005,2020-04-13 10:02:30.100,3719.4000,10349,0,1796144400.000,0,-,-,-,-,3718.6000,3718.4000,3718.2000,3718.0000,3717.4000,3719.6000,3720.4000,3720.6000,3720.8000,3721.2000,3,2,7,1,2,1,1,1,1,2
SF,IF2005,2020-04-13 10:02:31.100,3719.4000,10349,0,1796144400.000,0,-,-,-,-,3718.6000,3718.4000,3718.2000,3718.0000,3717.4000,3719.6000,3720.4000,3720.6000,3720.8000,3721.2000,4,2,5,1,2,1,1,1,1,2
SF,IF2005,2020-04-13 10:02:31.600,3719.4000,10349,0,1796144400.000,0,-,-,-,-,3718.6000,3718.4000,3718.2000,3718.0000,3717.4000,3719.6000,3720.6000,3720.8000,3721.2000,3721.4000,3,2,3,1,2,1,1,1,2,2
SF,IF2005,2020-04-13 10:02:32.100,3719.4000,10349,0,1796144400.000,0,-,-,-,-,3718.6000,3718.4000,3718.2000,3718.0000,3717.4000,3719.4000,3719.6000,3720.8000,3721.2000,3721.6000,2,2,1,1,2,2,1,1,2,1
SF,IF2005,2020-04-13 10:02:32.600,3719.4000,10349,0,1796144400.000,0,-,-,-,-,3718.6000,3718.4000,3718.2000,3718.0000,3717.4000,3719.4000,3720.8000,3721.2000,3721.6000,3723.0000,2,2,1,1,2,1,1,2,1,5
SF,IF2005,2020-04-13 10:02:33.100,3719.4000,10349,0,1796144400.000,0,-,-,-,-,3718.6000,3718.4000,3718.2000,3718.0000,3717.4000,3719.4000,3720.8000,3721.2000,3721.6000,3723.0000,2,2,1,1,2,2,1,4,1,5
SF,IF2005,2020-04-13 10:02:34.100,3719.4000,10349,0,1796144400.000,0,-,-,-,-,3718.6000,3718.4000,3718.2000,3718.0000,3717.4000,3718.8000,3719.4000,3720.0000,3720.8000,3721.2000,2,2,1,1,2,1,2,1,1,4
SF,IF2005,2020-04-13 10:02:34.600,3718.8000,10349,0,1797260040.000,1,0,1,多换,S,3718.8000,3718.6000,3718.4000,3718.2000,3718.0000,3719.4000,3720.0000,3720.8000,3721.2000,3721.6000,1,2,2,1,1,2,1,1,4,1
SF,IF2005,2020-04-13 10:02:35.600,3718.8000,10349,0,1797260040.000,0,-,-,-,-,3719.2000,3718.6000,3718.4000,3718.2000,3718.0000,3719.4000,3720.0000,3720.8000,3721.2000,3721.6000,1,2,2,1,1,2,1,1,4,1
SF,IF2005,2020-04-13 10:02:36.100,3719.2000,10349,0,1798375800.000,1,0,1,多换,S,3718.6000,3718.4000,3718.2000,3718.0000,3717.4000,3719.2000,3719.4000,3720.8000,3721.2000,3721.6000,2,2,1,1,2,1,2,1,4,1
SF,IF2005,2020-04-13 10:02:36.600,3719.2000,10349,0,1798375800.000,0,-,-,-,-,3718.6000,3718.4000,3718.2000,3718.0000,3717.4000,3719.2000,3719.4000,3720.8000,3721.2000,3721.6000,2,2,1,1,2,2,2,1,4,1
SF,IF2005,2020-04-13 10:02:37.100,3719.2000,10349,0,1798375800.000,0,-,-,-,-,3718.6000,3718.4000,3718.2000,3718.0000,3717.4000,3719.2000,3719.4000,3720.8000,3721.2000,3721.6000,2,2,1,1,2,2,2,1,4,1
SF,IF2005,2020-04-13 10:02:37.600,3719.2000,10349,0,1798375800.000,0,-,-,-,-,3718.6000,3718.4000,3718.2000,3718.0000,3717.4000,3719.2000,3719.4000,3720.8000,3721.2000,3721.6000,2,2,1,1,2,2,2,1,4,1
SF,IF2005,2020-04-13 10:02:38.100,3719.2000,10349,0,1798375800.000,0,-,-,-,-,3718.6000,3718.4000,3718.2000,3718.0000,3717.4000,3719.2000,3719.4000,3720.8000,3721.2000,3721.6000,2,2,1,1,2,3,1,1,4,1
SF,IF2005,2020-04-13 10:02:39.100,3719.2000,10349,0,1798375800.000,0,-,-,-,-,3718.6000,3718.4000,3718.2000,3718.0000,3717.4000,3719.2000,3719.4000,3720.8000,3721.2000,3721.6000,2,2,1,1,2,3,1,1,4,1
SF,IF2005,2020-04-13 10:02:39.600,3719.2000,10349,0,1798375800.000,0,-,-,-,-,3718.6000,3718.4000,3718.2000,3718.0000,3717.4000,3719.2000,3719.4000,3720.8000,3721.2000,3721.6000,2,2,1,1,2,4,1,1,4,1
SF,IF2005,2020-04-13 10:02:40.100,3719.2000,10350,1,1801723080.000,3,2,1,空开,S,3718.8000,3718.6000,3718.4000,3718.2000,3718.0000,3719.4000,3720.8000,3721.2000,3721.6000,3723.0000,1,2,2,1,1,1,1,4,1,5
SF,IF2005,2020-04-13 10:02:41.100,3719.2000,10350,0,1801723080.000,0,-,-,-,-,3718.8000,3718.6000,3718.4000,3718.2000,3718.0000,3719.4000,3720.8000,3721.2000,3721.6000,3723.0000,1,2,2,1,1,1,1,4,1,5
SF,IF2005,2020-04-13 10:02:41.600,3719.2000,10350,0,1801723080.000,0,-,-,-,-,3718.8000,3718.6000,3718.4000,3718.2000,3718.0000,3719.4000,3720.8000,3721.2000,3721.6000,3723.0000,1,2,2,1,1,2,1,4,1,5
SF,IF2005,2020-04-13 10:02:42.100,3719.2000,10350,0,1801723080.000,0,-,-,-,-,3718.8000,3718.6000,3718.4000,3718.2000,3718.0000,3719.4000,3720.8000,3721.2000,3721.6000,3723.0000,1,2,2,1,1,2,1,4,1,5
SF,IF2005,2020-04-13 10:02:42.600,3719.2000,10350,0,1801723080.000,0,-,-,-,-,3718.8000,3718.6000,3718.4000,3718.0000,3717.4000,3719.4000,3720.8000,3721.2000,3721.6000,3723.0000,1,2,2,1,2,1,1,4,1,5
SF,IF2005,2020-04-13 10:02:43.100,3719.2000,10350,0,1801723080.000,0,-,-,-,-,3719.2000,3718.8000,3718.6000,3718.4000,3718.0000,3719.4000,3720.8000,3721.2000,3721.6000,3723.0000,1,1,2,2,1,1,1,4,1,5
SF,IF2005,2020-04-13 10:02:43.600,3719.2000,10350,0,1801723080.000,0,-,-,-,-,3719.2000,3718.8000,3718.6000,3718.4000,3718.0000,3720.8000,3721.2000,3721.6000,3723.0000,3723.6000,1,1,2,2,1,1,4,1,5,1
SF,IF2005,2020-04-13 10:02:44.100,3719.4000,10351,1,1802838900.000,1,1,0,双开,S,3719.2000,3718.8000,3718.6000,3718.4000,3718.0000,3720.2000,3720.4000,3720.6000,3720.8000,3721.2000,1,1,2,1,1,2,6,2,1,4
SF,IF2005,2020-04-13 10:02:44.600,3719.4000,10351,0,1802838900.000,0,-,-,-,-,3719.2000,3718.8000,3718.6000,3718.4000,3718.0000,3720.0000,3720.2000,3720.4000,3720.6000,3720.8000,1,1,2,1,1,1,7,6,2,2
SF,IF2005,2020-04-13 10:02:45.100,3719.4000,10351,0,1802838900.000,0,-,-,-,-,3719.2000,3718.8000,3718.6000,3718.4000,3718.0000,3720.0000,3720.2000,3720.4000,3720.6000,3720.8000,1,1,2,1,1,1,8,6,2,2
SF,IF2005,2020-04-13 10:02:45.600,3719.4000,10351,0,1802838900.000,0,-,-,-,-,3719.2000,3718.8000,3718.6000,3718.4000,3718.0000,3720.0000,3720.2000,3720.4000,3720.6000,3720.8000,1,1,2,1,1,1,3,6,2,2
SF,IF2005,2020-04-13 10:02:46.100,3719.4000,10351,0,1802838900.000,0,-,-,-,-,3719.2000,3718.8000,3718.6000,3718.4000,3718.0000,3720.0000,3720.2000,3720.4000,3720.6000,3720.8000,1,1,2,1,1,1,3,5,2,2
SF,IF2005,2020-04-13 10:02:47.600,3719.4000,10351,0,1802838900.000,0,-,-,-,-,3719.2000,3718.8000,3718.6000,3718.4000,3718.0000,3719.8000,3720.0000,3720.2000,3720.4000,3720.6000,1,1,2,1,1,1,1,3,5,2
SF,IF2005,2020-04-13 10:02:48.600,3719.4000,10351,0,1802838900.000,0,-,-,-,-,3719.2000,3718.8000,3718.6000,3718.4000,3718.0000,3719.8000,3720.0000,3720.2000,3720.4000,3720.6000,1,1,2,1,1,2,1,3,5,2
SF,IF2005,2020-04-13 10:02:49.100,3719.4000,10351,0,1802838900.000,0,-,-,-,-,3719.2000,3718.8000,3718.6000,3718.4000,3718.0000,3719.8000,3720.0000,3720.2000,3720.4000,3720.6000,1,1,2,1,1,2,1,2,5,2
SF,IF2005,2020-04-13 10:02:50.100,3719.4000,10351,0,1802838900.000,0,-,-,-,-,3719.2000,3718.8000,3718.6000,3718.4000,3718.0000,3719.6000,3719.8000,3720.0000,3720.2000,3720.4000,1,1,2,1,1,1,1,1,2,5
SF,IF2005,2020-04-13 10:02:52.100,3719.4000,10351,0,1802838900.000,0,-,-,-,-,3719.2000,3718.8000,3718.6000,3718.4000,3718.0000,3719.6000,3719.8000,3720.0000,3720.2000,3720.4000,1,1,2,1,1,1,1,1,1,5
SF,IF2005,2020-04-13 10:02:53.100,3719.2000,10352,1,1803954660.000,1,1,0,双开,S,3718.8000,3718.6000,3718.4000,3718.0000,3717.4000,3719.6000,3719.8000,3720.0000,3720.4000,3720.6000,1,2,1,1,2,1,1,1,5,2
SF,IF2005,2020-04-13 10:02:56.600,3719.2000,10352,0,1803954660.000,0,-,-,-,-,3718.8000,3718.6000,3718.4000,3718.0000,3717.4000,3719.4000,3719.6000,3719.8000,3720.0000,3720.4000,1,2,1,1,2,1,1,1,1,5
SF,IF2005,2020-04-13 10:02:57.100,3718.8000,10353,1,1805070300.000,1,1,0,双开,S,3718.6000,3718.0000,3717.4000,3717.2000,3716.4000,3719.4000,3719.6000,3719.8000,3720.0000,3720.4000,2,1,2,1,1,2,1,1,1,5
SF,IF2005,2020-04-13 10:02:58.600,3718.6000,10354,1,1806185880.000,1,1,0,双开,S,3718.6000,3718.0000,3717.4000,3717.2000,3716.4000,3719.2000,3719.4000,3719.8000,3720.0000,3720.4000,1,1,2,1,1,4,2,1,1,5
SF,IF2005,2020-04-13 10:02:59.100,3718.6000,10355,1,1807301460.000,1,1,0,双开,S,3718.0000,3717.4000,3717.2000,3716.4000,3716.2000,3719.2000,3719.4000,3719.8000,3720.0000,3720.6000,1,2,1,1,5,1,2,1,1,4
SF,IF2005,2020-04-13 10:03:00.100,3718.6000,10355,0,1807301460.000,0,-,-,-,-,3718.0000,3717.4000,3717.2000,3716.4000,3716.2000,3719.0000,3719.2000,3719.4000,3719.8000,3720.0000,1,2,1,1,5,1,1,1,1,1
SF,IF2005,2020-04-13 10:03:01.600,3718.6000,10355,0,1807301460.000,0,-,-,-,-,3718.0000,3717.4000,3717.2000,3716.4000,3716.2000,3719.0000,3719.2000,3719.4000,3719.8000,3720.0000,1,2,1,1,5,1,1,2,1,1
SF,IF2005,2020-04-13 10:03:02.100,3718.6000,10355,0,1807301460.000,0,-,-,-,-,3718.0000,3717.4000,3716.4000,3716.2000,3716.0000,3718.8000,3719.0000,3719.2000,3719.4000,3719.8000,1,2,1,5,4,1,1,1,2,1
SF,IF2005,2020-04-13 10:03:03.100,3718.6000,10355,0,1807301460.000,0,-,-,-,-,3718.0000,3717.4000,3716.4000,3716.2000,3716.0000,3718.8000,3719.0000,3719.2000,3719.4000,3719.8000,1,2,1,5,4,1,1,1,1,1
SF,IF2005,2020-04-13 10:03:03.600,3718.0000,10356,1,1808416860.000,1,1,0,双开,S,3717.4000,3716.4000,3716.2000,3716.0000,3715.8000,3718.6000,3718.8000,3719.2000,3719.4000,3719.8000,2,1,5,4,2,1,1,1,1,1
SF,IF2005,2020-04-13 10:03:04.100,3718.0000,10356,0,1808416860.000,0,-,-,-,-,3716.4000,3716.2000,3716.0000,3715.8000,3715.0000,3718.4000,3718.6000,3719.2000,3719.4000,3719.8000,1,5,4,2,3,1,1,1,1,1
SF,IF2005,2020-04-13 10:03:04.600,3718.0000,10356,0,1808416860.000,0,-,-,-,-,3717.2000,3717.0000,3716.6000,3716.4000,3716.2000,3718.2000,3718.4000,3718.6000,3719.4000,3719.8000,1,1,7,1,5,2,1,1,1,1
SF,IF2005,2020-04-13 10:03:05.100,3718.0000,10356,0,1808416860.000,0,-,-,-,-,3717.2000,3717.0000,3716.6000,3716.4000,3716.2000,3718.2000,3718.4000,3718.6000,3719.4000,3719.8000,1,1,3,1,5,1,1,1,1,1
SF,IF2005,2020-04-13 10:03:05.600,3718.0000,10356,0,1808416860.000,0,-,-,-,-,3717.2000,3717.0000,3716.6000,3716.4000,3716.0000,3718.2000,3718.4000,3718.6000,3719.4000,3719.8000,1,1,1,1,4,1,1,1,1,1
SF,IF2005,2020-04-13 10:03:06.100,3718.0000,10356,0,1808416860.000,0,-,-,-,-,3717.2000,3717.0000,3716.6000,3716.4000,3716.0000,3718.2000,3718.4000,3718.6000,3719.4000,3719.6000,1,1,1,1,4,1,1,1,1,2
SF,IF2005,2020-04-13 10:03:06.600,3718.2000,10356,0,1809532320.000,1,0,1,多换,S,3717.4000,3717.2000,3717.0000,3716.6000,3716.4000,3718.4000,3718.6000,3719.4000,3719.6000,3719.8000,1,1,1,1,1,1,1,1,2,1
SF,IF2005,2020-04-13 10:03:07.100,3718.2000,10356,0,1809532320.000,0,-,-,-,-,3717.4000,3717.2000,3717.0000,3716.6000,3716.4000,3718.4000,3718.6000,3719.6000,3719.8000,3720.6000,3,1,1,1,1,1,1,2,1,1
SF,IF2005,2020-04-13 10:03:09.100,3718.4000,10356,0,1810647840.000,1,0,1,多换,S,3717.4000,3717.2000,3716.6000,3716.4000,3716.0000,3718.6000,3719.6000,3719.8000,3720.6000,3720.8000,1,1,1,1,4,1,2,1,1,2
SF,IF2005,2020-04-13 10:03:09.600,3718.4000,10356,0,1810647840.000,0,-,-,-,-,3717.8000,3717.6000,3716.4000,3716.0000,3715.8000,3718.6000,3719.6000,3719.8000,3720.6000,3720.8000,1,3,1,4,2,1,2,1,1,2
SF,IF2005,2020-04-13 10:03:10.600,3718.4000,10356,0,1810647840.000,0,-,-,-,-,3717.8000,3717.6000,3716.4000,3716.0000,3715.8000,3718.6000,3719.6000,3719.8000,3720.6000,3720.8000,1,2,1,4,2,1,2,1,1,2
SF,IF2005,2020-04-13 10:03:11.100,3718.4000,10356,0,1810647840.000,0,-,-,-,-,3718.4000,3717.8000,3717.6000,3716.4000,3716.0000,3718.6000,3719.6000,3719.8000,3720.6000,3720.8000,2,1,2,1,4,1,2,1,1,2
SF,IF2005,2020-04-13 10:03:11.600,3718.4000,10356,0,1810647840.000,0,-,-,-,-,3718.4000,3717.8000,3717.6000,3716.4000,3716.0000,3718.6000,3719.6000,3719.8000,3720.6000,3720.8000,2,1,2,1,4,2,2,1,1,2
SF,IF2005,2020-04-13 10:03:12.100,3718.4000,10356,0,1810647840.000,0,-,-,-,-,3718.4000,3717.8000,3717.6000,3716.4000,3716.0000,3718.6000,3719.6000,3719.8000,3720.6000,3720.8000,2,1,2,1,4,1,2,1,1,2
SF,IF2005,2020-04-13 10:03:12.600,3718.6000,10356,0,1811763420.000,1,0,1,多换,S,3718.4000,3717.6000,3716.4000,3716.0000,3715.8000,3719.6000,3719.8000,3720.6000,3720.8000,3721.2000,2,1,1,4,2,2,1,1,2,2
SF,IF2005,2020-04-13 10:03:13.100,3718.6000,10356,0,1811763420.000,0,-,-,-,-,3718.6000,3718.4000,3716.4000,3716.0000,3715.8000,3719.4000,3719.6000,3719.8000,3720.6000,3720.8000,1,2,1,4,2,1,2,1,1,2
SF,IF2005,2020-04-13 10:03:13.600,3718.6000,10356,0,1811763420.000,0,-,-,-,-,3718.6000,3718.4000,3716.4000,3716.0000,3715.8000,3719.4000,3719.8000,3720.6000,3720.8000,3721.2000,1,2,1,4,2,1,1,1,2,2
SF,IF2005,2020-04-13 10:03:14.100,3718.6000,10356,0,1811763420.000,0,-,-,-,-,3718.6000,3718.4000,3716.4000,3716.0000,3715.8000,3719.4000,3719.8000,3720.6000,3720.8000,3721.2000,1,2,1,4,2,1,1,3,2,2
SF,IF2005,2020-04-13 10:03:15.100,3718.6000,10356,0,1811763420.000,0,-,-,-,-,3718.6000,3718.4000,3716.4000,3716.0000,3715.8000,3719.2000,3719.4000,3719.8000,3720.6000,3720.8000,1,2,1,4,2,1,1,1,3,2
SF,IF2005,2020-04-13 10:03:16.100,3718.6000,10356,0,1811763420.000,0,-,-,-,-,3718.6000,3716.4000,3716.0000,3715.8000,3715.2000,3719.2000,3719.4000,3719.8000,3720.6000,3720.8000,1,1,4,2,5,1,1,1,3,2
SF,IF2005,2020-04-13 10:03:17.100,3718.6000,10356,0,1811763420.000,0,-,-,-,-,3718.6000,3716.4000,3716.0000,3715.8000,3715.2000,3719.2000,3719.4000,3719.8000,3720.6000,3720.8000,3,1,4,2,5,1,1,1,3,2
SF,IF2005,2020-04-13 10:03:18.100,3718.6000,10356,0,1812879000.000,1,0,1,多换,S,3718.6000,3716.4000,3716.0000,3715.8000,3715.2000,3719.2000,3719.8000,3720.6000,3720.8000,3721.2000,2,1,4,2,5,1,1,3,2,2
SF,IF2005,2020-04-13 10:03:21.600,3718.6000,10356,0,1812879000.000,0,-,-,-,-,3718.6000,3716.4000,3716.0000,3715.8000,3715.2000,3719.2000,3719.8000,3720.6000,3720.8000,3721.2000,2,1,4,2,5,2,1,3,2,2
SF,IF2005,2020-04-13 10:03:22.100,3718.6000,10356,0,1812879000.000,0,-,-,-,-,3716.4000,3716.0000,3715.8000,3715.2000,3715.0000,3719.2000,3719.8000,3720.6000,3720.8000,3721.2000,1,4,2,5,3,2,1,3,2,2
SF,IF2005,2020-04-13 10:03:22.600,3718.6000,10356,0,1812879000.000,0,-,-,-,-,3718.6000,3718.2000,3718.0000,3717.6000,3717.4000,3719.0000,3719.2000,3719.8000,3720.6000,3720.8000,2,1,2,4,3,2,2,1,3,2
SF,IF2005,2020-04-13 10:03:23.100,3719.0000,10356,0,1813994700.000,1,0,1,多换,S,3718.6000,3718.2000,3718.0000,3717.6000,3717.4000,3719.2000,3719.8000,3720.6000,3720.8000,3721.2000,2,1,1,4,3,2,1,3,2,2
SF,IF2005,2020-04-13 10:03:23.600,3719.0000,10356,0,1813994700.000,0,-,-,-,-,3718.6000,3718.2000,3718.0000,3717.6000,3717.4000,3719.2000,3719.8000,3720.6000,3720.8000,3721.2000,2,1,1,4,3,2,1,3,2,2
SF,IF2005,2020-04-13 10:03:24.100,3719.0000,10356,0,1813994700.000,0,-,-,-,-,3718.6000,3717.6000,3717.4000,3717.2000,3717.0000,3719.2000,3719.8000,3720.6000,3720.8000,3721.2000,2,4,3,1,1,2,1,3,2,2
SF,IF2005,2020-04-13 10:03:24.600,3719.0000,10356,0,1813994700.000,0,-,-,-,-,3718.6000,3717.6000,3717.4000,3717.2000,3717.0000,3719.2000,3719.8000,3720.6000,3720.8000,3721.2000,2,4,3,1,1,2,1,3,2,2
SF,IF2005,2020-04-13 10:03:25.100,3719.0000,10356,0,1813994700.000,0,-,-,-,-,3718.6000,3717.6000,3717.4000,3717.2000,3717.0000,3719.2000,3719.8000,3720.6000,3720.8000,3721.2000,2,4,3,1,1,1,1,3,2,2
SF,IF2005,2020-04-13 10:03:25.600,3719.2000,10357,1,1815110460.000,1,1,0,双开,S,3718.8000,3718.6000,3717.6000,3717.4000,3717.2000,3719.8000,3720.6000,3720.8000,3721.2000,3721.6000,1,2,4,3,1,1,3,2,2,1
SF,IF2005,2020-04-13 10:03:26.100,3719.2000,10357,0,1815110460.000,0,-,-,-,-,3718.8000,3718.6000,3717.6000,3717.4000,3717.2000,3719.8000,3720.6000,3720.8000,3721.2000,3721.6000,1,2,4,3,1,1,2,2,2,1
SF,IF2005,2020-04-13 10:03:27.100,3719.2000,10357,0,1815110460.000,0,-,-,-,-,3719.2000,3718.8000,3718.6000,3717.6000,3717.4000,3719.8000,3720.6000,3720.8000,3721.2000,3721.6000,1,1,2,4,3,1,2,2,2,1
SF,IF2005,2020-04-13 10:03:27.600,3719.2000,10357,0,1815110460.000,0,-,-,-,-,3719.2000,3718.8000,3717.6000,3717.4000,3717.2000,3719.8000,3720.6000,3720.8000,3721.2000,3721.6000,1,1,4,3,1,1,2,2,2,1
SF,IF2005,2020-04-13 10:03:28.100,3719.2000,10357,0,1815110460.000,0,-,-,-,-,3719.2000,3718.8000,3717.6000,3717.4000,3717.2000,3719.8000,3720.6000,3720.8000,3721.2000,3721.6000,3,1,4,3,1,1,2,2,2,1
SF,IF2005,2020-04-13 10:03:29.600,3719.2000,10357,0,1815110460.000,0,-,-,-,-,3719.2000,3718.8000,3717.6000,3717.4000,3717.2000,3719.8000,3720.8000,3721.2000,3721.6000,3723.0000,3,1,4,3,1,1,2,2,1,5
SF,IF2005,2020-04-13 10:03:30.100,3719.2000,10357,0,1815110460.000,0,-,-,-,-,3719.2000,3717.6000,3717.4000,3717.2000,3717.0000,3719.8000,3720.8000,3721.2000,3721.6000,3722.0000,3,4,3,1,1,1,2,2,1,2
SF,IF2005,2020-04-13 10:03:31.100,3719.8000,10358,1,1816226400.000,1,1,0,双开,S,3719.4000,3719.2000,3717.6000,3717.4000,3717.2000,3720.8000,3721.2000,3721.6000,3722.0000,3723.0000,2,3,4,3,1,1,2,1,2,5
SF,IF2005,2020-04-13 10:03:31.600,3719.8000,10358,0,1816226400.000,0,-,-,-,-,3719.4000,3719.2000,3717.6000,3717.4000,3717.2000,3720.6000,3720.8000,3721.2000,3721.6000,3722.0000,2,3,4,3,1,2,1,2,1,2
SF,IF2005,2020-04-13 10:03:33.100,3719.8000,10358,0,1816226400.000,0,-,-,-,-,3719.8000,3719.4000,3719.2000,3717.6000,3717.4000,3720.4000,3720.6000,3720.8000,3721.2000,3721.6000,1,1,1,4,3,1,2,1,2,1
SF,IF2005,2020-04-13 10:03:33.600,3719.8000,10359,1,1819574220.000,3,2,1,空开,S,3719.2000,3717.6000,3717.4000,3717.2000,3717.0000,3720.2000,3720.4000,3720.8000,3721.0000,3721.2000,1,4,3,1,1,7,1,1,2,2
SF,IF2005,2020-04-13 10:03:34.100,3719.8000,10359,0,1819574220.000,0,-,-,-,-,3719.2000,3717.6000,3717.4000,3717.2000,3717.0000,3719.8000,3720.2000,3720.4000,3720.8000,3721.0000,1,4,3,1,1,1,8,1,1,2
SF,IF2005,2020-04-13 10:03:35.100,3719.2000,10359,0,1820689980.000,1,0,1,多换,S,3717.6000,3717.4000,3717.2000,3717.0000,3716.8000,3719.8000,3720.2000,3720.4000,3720.8000,3721.0000,4,3,1,1,2,1,7,1,1,2
SF,IF2005,2020-04-13 10:03:35.600,3719.2000,10359,0,1820689980.000,0,-,-,-,-,3718.4000,3718.2000,3718.0000,3717.8000,3717.6000,3719.6000,3719.8000,3720.2000,3720.4000,3720.8000,2,1,3,7,2,1,1,6,1,1
SF,IF2005,2020-04-13 10:03:36.100,3719.6000,10359,0,1821805860.000,1,0,1,多换,S,3718.6000,3718.4000,3718.2000,3718.0000,3717.8000,3719.6000,3719.8000,3720.2000,3720.8000,3721.0000,3,2,1,1,6,1,1,6,1,2
SF,IF2005,2020-04-13 10:03:36.600,3719.6000,10359,0,1821805860.000,0,-,-,-,-,3718.6000,3718.4000,3718.2000,3718.0000,3717.8000,3719.6000,3719.8000,3720.2000,3720.8000,3721.0000,3,2,1,1,4,1,1,6,1,2
SF,IF2005,2020-04-13 10:03:38.100,3719.6000,10359,0,1821805860.000,0,-,-,-,-,3718.6000,3718.4000,3718.2000,3718.0000,3717.8000,3719.4000,3719.6000,3719.8000,3720.2000,3720.8000,1,2,1,1,4,1,1,1,6,1
SF,IF2005,2020-04-13 10:03:38.600,3719.6000,10359,0,1821805860.000,0,-,-,-,-,3718.6000,3718.4000,3718.2000,3718.0000,3717.8000,3719.4000,3719.6000,3720.2000,3720.8000,3721.0000,1,2,1,1,4,1,1,6,2,2
SF,IF2005,2020-04-13 10:03:39.100,3719.6000,10359,0,1821805860.000,0,-,-,-,-,3718.6000,3718.4000,3718.2000,3717.8000,3717.6000,3719.4000,3719.6000,3720.2000,3720.8000,3721.0000,1,2,1,4,2,1,1,5,2,2
SF,IF2005,2020-04-13 10:03:40.600,3719.6000,10359,0,1821805860.000,0,-,-,-,-,3718.6000,3718.4000,3718.2000,3717.8000,3717.6000,3719.6000,3720.2000,3720.8000,3721.0000,3721.2000,1,2,1,4,2,1,5,2,2,2
SF,IF2005,2020-04-13 10:03:41.100,3719.6000,10359,0,1821805860.000,0,-,-,-,-,3718.6000,3718.4000,3718.2000,3717.8000,3717.6000,3719.6000,3720.2000,3720.4000,3720.8000,3721.0000,1,2,1,4,2,1,5,1,2,2
SF,IF2005,2020-04-13 10:03:41.600,3719.6000,10359,0,1821805860.000,0,-,-,-,-,3718.8000,3718.6000,3718.4000,3718.2000,3717.8000,3719.6000,3720.2000,3720.4000,3720.8000,3721.0000,1,1,1,1,4,1,5,1,2,2
SF,IF2005,2020-04-13 10:03:42.100,3719.6000,10359,0,1821805860.000,0,-,-,-,-,3718.8000,3718.6000,3718.4000,3717.8000,3717.6000,3719.6000,3720.2000,3720.4000,3720.8000,3721.0000,2,1,1,4,2,1,5,1,2,2
SF,IF2005,2020-04-13 10:03:42.600,3719.6000,10359,0,1821805860.000,0,-,-,-,-,3718.8000,3718.6000,3717.8000,3717.6000,3717.4000,3719.6000,3720.2000,3720.4000,3720.8000,3721.0000,1,1,4,2,2,1,5,1,2,2
SF,IF2005,2020-04-13 10:03:43.100,3719.6000,10359,0,1822921740.000,1,0,1,多换,S,3719.8000,3719.2000,3719.0000,3717.8000,3717.6000,3720.4000,3720.8000,3721.0000,3721.2000,3721.6000,1,1,2,4,2,1,2,2,2,1
SF,IF2005,2020-04-13 10:03:43.600,3719.6000,10359,0,1822921740.000,0,-,-,-,-,3719.0000,3717.8000,3717.6000,3717.4000,3717.2000,3720.4000,3720.8000,3721.2000,3721.6000,3723.0000,2,4,2,2,1,1,2,2,1,5
SF,IF2005,2020-04-13 10:03:44.100,3719.6000,10359,0,1822921740.000,0,-,-,-,-,3719.2000,3719.0000,3717.8000,3717.6000,3717.4000,3720.4000,3720.8000,3721.2000,3721.6000,3723.0000,1,2,4,2,2,1,2,2,1,5
SF,IF2005,2020-04-13 10:03:44.600,3719.6000,10359,0,1822921740.000,0,-,-,-,-,3719.4000,3719.2000,3719.0000,3717.8000,3717.6000,3720.4000,3720.8000,3721.2000,3721.6000,3721.8000,1,1,1,4,2,1,2,2,1,2
SF,IF2005,2020-04-13 10:03:45.100,3719.4000,10358,-1,1824037560.000,1,0,1,双平,S,3719.2000,3719.0000,3717.8000,3717.6000,3717.4000,3720.4000,3720.8000,3721.2000,3721.6000,3721.8000,1,1,4,2,2,1,2,2,1,2
SF,IF2005,2020-04-13 10:03:46.100,3719.4000,10358,0,1824037560.000,0,-,-,-,-,3719.4000,3719.2000,3719.0000,3717.8000,3717.6000,3720.4000,3720.8000,3721.2000,3721.6000,3721.8000,1,1,1,4,2,1,2,2,1,2
SF,IF2005,2020-04-13 10:03:46.600,3719.4000,10358,0,1824037560.000,0,-,-,-,-,3719.6000,3719.4000,3719.0000,3717.8000,3717.6000,3720.4000,3720.8000,3721.2000,3721.6000,3721.8000,1,2,1,4,2,1,2,2,1,2
SF,IF2005,2020-04-13 10:03:47.100,3719.4000,10358,0,1824037560.000,0,-,-,-,-,3720.0000,3719.4000,3717.8000,3717.6000,3717.4000,3720.4000,3720.8000,3721.2000,3721.6000,3721.8000,1,2,4,2,2,1,2,2,1,2
SF,IF2005,2020-04-13 10:03:47.600,3719.4000,10358,0,1824037560.000,0,-,-,-,-,3717.8000,3717.6000,3717.4000,3717.2000,3717.0000,3720.4000,3720.8000,3721.2000,3721.6000,3721.8000,4,2,2,1,1,1,2,2,1,2
SF,IF2005,2020-04-13 10:03:48.100,3719.4000,10358,0,1824037560.000,0,-,-,-,-,3719.4000,3719.2000,3718.6000,3718.4000,3718.2000,3720.2000,3720.4000,3720.8000,3721.2000,3721.6000,1,2,2,2,2,1,1,2,2,1
SF,IF2005,2020-04-13 10:03:48.600,3719.4000,10358,0,1824037560.000,0,-,-,-,-,3719.4000,3719.2000,3718.6000,3718.4000,3718.2000,3720.2000,3720.4000,3720.8000,3721.2000,3721.6000,1,2,2,1,1,1,1,2,2,1
SF,IF2005,2020-04-13 10:03:49.100,3719.4000,10358,0,1824037560.000,0,-,-,-,-,3719.4000,3719.2000,3718.6000,3718.4000,3718.2000,3720.4000,3720.8000,3721.2000,3721.6000,3721.8000,1,2,2,1,1,1,2,2,1,2
SF,IF2005,2020-04-13 10:03:50.100,3719.4000,10358,0,1824037560.000,0,-,-,-,-,3719.6000,3719.4000,3719.2000,3718.6000,3718.4000,3720.0000,3720.4000,3720.8000,3721.2000,3721.6000,2,1,1,2,1,2,1,2,2,1
SF,IF2005,2020-04-13 10:03:50.600,3720.0000,10359,1,1826269560.000,2,1,1,空开,S,3719.8000,3719.6000,3719.2000,3718.6000,3718.4000,3720.4000,3720.8000,3721.2000,3721.6000,3721.8000,1,3,1,2,1,1,1,2,1,2
SF,IF2005,2020-04-13 10:03:51.100,3720.0000,10359,0,1826269560.000,0,-,-,-,-,3719.8000,3719.6000,3719.2000,3718.6000,3718.4000,3720.4000,3720.8000,3721.2000,3721.8000,3723.0000,1,3,1,2,1,1,1,2,2,6
SF,IF2005,2020-04-13 10:03:51.600,3720.0000,10359,0,1826269560.000,0,-,-,-,-,3719.8000,3719.6000,3719.2000,3718.6000,3718.4000,3720.4000,3720.8000,3721.2000,3721.8000,3723.0000,1,3,1,2,1,2,1,2,2,6
SF,IF2005,2020-04-13 10:03:52.100,3720.0000,10359,0,1826269560.000,0,-,-,-,-,3719.8000,3719.6000,3719.2000,3718.6000,3718.4000,3720.4000,3720.8000,3721.2000,3721.8000,3723.0000,1,1,1,2,1,2,1,2,2,6
SF,IF2005,2020-04-13 10:03:53.100,3720.0000,10359,0,1826269560.000,0,-,-,-,-,3719.8000,3719.6000,3719.2000,3718.6000,3718.4000,3720.4000,3720.8000,3721.2000,3721.8000,3723.0000,1,1,1,2,1,2,1,2,2,6
SF,IF2005,2020-04-13 10:03:54.100,3720.0000,10359,0,1826269560.000,0,-,-,-,-,3719.8000,3719.6000,3718.6000,3718.4000,3718.2000,3720.4000,3720.8000,3721.2000,3721.8000,3723.0000,1,1,2,1,1,2,1,2,2,6
SF,IF2005,2020-04-13 10:03:54.600,3720.4000,10359,0,1827385680.000,1,0,1,多换,S,3719.8000,3719.6000,3718.6000,3718.4000,3718.2000,3720.4000,3720.8000,3721.2000,3721.8000,3723.0000,1,1,2,1,1,1,1,2,2,6
SF,IF2005,2020-04-13 10:03:55.100,3720.4000,10359,0,1827385680.000,0,-,-,-,-,3720.0000,3719.8000,3718.6000,3718.4000,3718.2000,3720.4000,3720.8000,3721.2000,3721.8000,3723.0000,1,1,2,1,1,1,1,2,2,6
SF,IF2005,2020-04-13 10:03:56.100,3720.4000,10359,0,1827385680.000,0,-,-,-,-,3720.0000,3719.8000,3718.6000,3718.4000,3718.2000,3720.4000,3720.8000,3721.2000,3721.8000,3723.0000,1,1,2,1,1,1,1,2,2,6
SF,IF2005,2020-04-13 10:03:58.100,3720.4000,10359,0,1827385680.000,0,-,-,-,-,3719.8000,3718.6000,3718.4000,3718.2000,3718.0000,3720.4000,3720.8000,3721.2000,3721.8000,3723.0000,1,2,1,1,3,1,1,2,2,6
SF,IF2005,2020-04-13 10:03:59.600,3720.4000,10359,0,1827385680.000,0,-,-,-,-,3719.8000,3719.0000,3718.6000,3718.4000,3718.2000,3720.4000,3720.8000,3721.2000,3721.8000,3723.0000,1,1,2,1,1,1,1,2,2,6
SF,IF2005,2020-04-13 10:04:00.100,3720.4000,10359,0,1827385680.000,0,-,-,-,-,3719.8000,3719.0000,3718.6000,3718.4000,3718.2000,3720.4000,3720.8000,3721.0000,3721.2000,3721.8000,1,1,2,1,1,1,1,1,2,2
SF,IF2005,2020-04-13 10:04:02.600,3719.8000,10359,0,1828501620.000,1,0,1,多换,S,3719.0000,3718.6000,3718.4000,3718.2000,3718.0000,3719.8000,3720.4000,3720.8000,3721.0000,3721.2000,1,2,1,1,3,1,1,1,1,2
SF,IF2005,2020-04-13 10:04:03.100,3719.8000,10359,0,1829617560.000,1,0,1,多换,S,3719.4000,3719.2000,3719.0000,3718.6000,3718.4000,3720.4000,3720.8000,3721.0000,3721.2000,3721.8000,1,3,1,2,1,1,1,1,2,2
SF,IF2005,2020-04-13 10:04:04.600,3719.8000,10359,0,1829617560.000,0,-,-,-,-,3719.4000,3719.2000,3719.0000,3718.6000,3718.4000,3720.4000,3720.8000,3721.0000,3721.2000,3721.8000,1,2,1,2,1,1,1,1,2,2
SF,IF2005,2020-04-13 10:04:05.100,3719.8000,10359,0,1829617560.000,0,-,-,-,-,3719.4000,3719.2000,3719.0000,3718.6000,3718.4000,3720.2000,3720.4000,3720.8000,3721.0000,3721.2000,1,2,1,2,1,2,1,1,1,2
SF,IF2005,2020-04-13 10:04:06.100,3719.8000,10359,0,1829617560.000,0,-,-,-,-,3719.2000,3719.0000,3718.6000,3718.4000,3718.2000,3720.2000,3720.4000,3720.8000,3721.0000,3721.2000,2,1,2,1,1,1,1,1,1,2
SF,IF2005,2020-04-13 10:04:06.600,3719.8000,10359,0,1829617560.000,0,-,-,-,-,3719.2000,3719.0000,3718.6000,3718.4000,3718.2000,3720.2000,3720.8000,3721.0000,3721.2000,3721.8000,2,1,2,1,1,2,1,1,2,2
SF,IF2005,2020-04-13 10:04:07.100,3719.8000,10359,0,1829617560.000,0,-,-,-,-,3719.2000,3719.0000,3718.6000,3718.4000,3718.2000,3720.2000,3720.8000,3721.0000,3721.2000,3721.8000,2,1,2,1,1,2,1,1,2,2
SF,IF2005,2020-04-13 10:04:10.100,3719.8000,10359,0,1829617560.000,0,-,-,-,-,3719.2000,3719.0000,3718.6000,3718.4000,3718.2000,3720.0000,3720.2000,3720.8000,3721.0000,3721.2000,2,1,2,1,1,2,2,1,1,2
SF,IF2005,2020-04-13 10:04:10.600,3720.0000,10360,1,1830733560.000,1,1,0,双开,S,3719.2000,3719.0000,3718.6000,3718.4000,3718.2000,3720.0000,3720.2000,3720.8000,3721.0000,3721.2000,2,1,2,1,1,1,2,1,1,2
SF,IF2005,2020-04-13 10:04:11.600,3720.0000,10362,2,1832965560.000,2,2,0,双开,S,3719.2000,3719.0000,3718.6000,3718.4000,3718.2000,3720.2000,3720.8000,3721.0000,3721.2000,3721.8000,2,1,2,1,1,2,1,1,2,2
SF,IF2005,2020-04-13 10:04:12.100,3720.0000,10362,0,1832965560.000,0,-,-,-,-,3719.2000,3719.0000,3718.6000,3718.2000,3718.0000,3720.2000,3720.8000,3721.0000,3721.2000,3721.8000,2,1,2,1,3,2,1,1,2,2
SF,IF2005,2020-04-13 10:04:12.600,3720.0000,10362,0,1832965560.000,0,-,-,-,-,3719.2000,3719.0000,3718.6000,3718.0000,3717.8000,3720.0000,3720.2000,3720.8000,3721.0000,3721.2000,2,1,2,3,3,1,2,1,1,2
SF,IF2005,2020-04-13 10:04:15.100,3720.0000,10362,0,1832965560.000,0,-,-,-,-,3719.2000,3719.0000,3718.6000,3718.0000,3717.8000,3720.0000,3720.2000,3720.8000,3721.0000,3721.2000,2,1,2,3,3,1,2,1,3,2
SF,IF2005,2020-04-13 10:04:15.600,3720.0000,10362,0,1832965560.000,0,-,-,-,-,3719.2000,3719.0000,3718.6000,3718.0000,3717.8000,3720.0000,3720.2000,3720.8000,3721.0000,3721.2000,2,1,2,3,3,2,1,1,3,2
SF,IF2005,2020-04-13 10:04:18.600,3720.0000,10362,0,1834081560.000,1,0,1,多换,S,3719.2000,3719.0000,3718.6000,3718.0000,3717.8000,3720.0000,3720.8000,3721.0000,3721.2000,3721.8000,2,1,2,3,3,1,1,3,2,2
SF,IF2005,2020-04-13 10:04:19.100,3720.0000,10362,0,1834081560.000,0,-,-,-,-,3719.4000,3719.2000,3719.0000,3718.6000,3718.0000,3720.0000,3720.8000,3721.0000,3721.2000,3721.8000,2,2,1,2,3,1,1,3,2,2
SF,IF2005,2020-04-13 10:04:19.600,3720.0000,10363,1,1835197560.000,1,1,0,双开,S,3720.0000,3719.6000,3719.4000,3719.2000,3719.0000,3720.8000,3721.0000,3721.2000,3721.8000,3723.0000,1,1,2,2,1,1,3,2,2,6
SF,IF2005,2020-04-13 10:04:20.100,3720.0000,10363,0,1835197560.000,0,-,-,-,-,3720.0000,3719.6000,3719.4000,3719.0000,3718.6000,3720.8000,3721.0000,3721.2000,3721.8000,3723.0000,6,2,3,1,2,1,3,2,2,6
SF,IF2005,2020-04-13 10:04:20.600,3720.0000,10363,0,1835197560.000,0,-,-,-,-,3720.4000,3720.0000,3719.6000,3719.4000,3719.0000,3720.8000,3721.0000,3721.2000,3721.8000,3723.0000,1,5,2,2,1,1,3,2,2,6
SF,IF2005,2020-04-13 10:04:21.100,3721.0000,10363,0,1838546400.000,3,1,2,多换,S,3720.4000,3720.2000,3720.0000,3719.6000,3719.4000,3721.0000,3721.2000,3721.8000,3723.0000,3723.6000,1,4,5,1,1,1,2,2,6,1
SF,IF2005,2020-04-13 10:04:21.600,3721.8000,10364,1,1840779240.000,2,1,1,空开,S,3720.6000,3720.2000,3720.0000,3719.4000,3719.0000,3721.8000,3723.0000,3723.6000,3724.0000,3724.2000,1,4,5,1,1,1,6,1,10,1
SF,IF2005,2020-04-13 10:04:22.100,3721.8000,10364,0,1840779240.000,0,-,-,-,-,3721.0000,3720.6000,3720.2000,3720.0000,3719.4000,3723.0000,3723.6000,3724.0000,3724.2000,3725.0000,1,2,3,5,1,8,1,10,1,1
SF,IF2005,2020-04-13 10:04:22.600,3721.8000,10364,0,1840779240.000,0,-,-,-,-,3721.2000,3721.0000,3720.8000,3720.2000,3720.0000,3722.2000,3722.4000,3722.6000,3722.8000,3723.0000,2,1,2,3,5,6,1,1,3,8
SF,IF2005,2020-04-13 10:04:23.100,3721.8000,10364,0,1840779240.000,0,-,-,-,-,3721.4000,3721.2000,3720.2000,3720.0000,3719.4000,3722.2000,3722.6000,3722.8000,3723.0000,3723.6000,1,3,3,5,1,1,1,3,8,1
SF,IF2005,2020-04-13 10:04:23.600,3721.8000,10364,0,1840779240.000,0,-,-,-,-,3722.4000,3721.6000,3721.4000,3721.2000,3720.2000,3722.6000,3722.8000,3723.0000,3723.6000,3724.0000,1,2,3,1,3,1,3,8,1,10
SF,IF2005,2020-04-13 10:04:24.100,3722.4000,10364,0,1843012680.000,2,1,1,多换,S,3721.6000,3721.2000,3720.0000,3719.4000,3719.0000,3722.4000,3722.8000,3723.0000,3723.6000,3724.0000,2,1,5,1,1,2,3,8,1,10
SF,IF2005,2020-04-13 10:04:24.600,3721.6000,10363,-1,1845245640.000,2,0,2,多平,S,3721.2000,3720.0000,3719.4000,3719.0000,3718.6000,3722.4000,3722.8000,3723.0000,3723.6000,3724.0000,1,5,1,1,2,3,3,8,1,10
SF,IF2005,2020-04-13 10:04:25.100,3721.6000,10363,0,1845245640.000,0,-,-,-,-,3721.2000,3720.0000,3719.4000,3719.0000,3718.6000,3722.2000,3722.4000,3722.8000,3723.0000,3723.6000,1,5,1,1,2,3,3,3,8,1
SF,IF2005,2020-04-13 10:04:25.600,3721.6000,10363,0,1845245640.000,0,-,-,-,-,3721.2000,3720.0000,3719.4000,3719.0000,3718.6000,3722.2000,3722.4000,3722.8000,3723.0000,3723.6000,1,5,1,1,2,3,3,3,8,1
SF,IF2005,2020-04-13 10:04:26.100,3721.6000,10363,0,1845245640.000,0,-,-,-,-,3721.2000,3720.0000,3719.4000,3719.0000,3718.6000,3722.0000,3722.2000,3722.4000,3722.8000,3723.0000,1,5,1,1,2,2,3,3,3,8
SF,IF2005,2020-04-13 10:04:26.600,3722.0000,10364,1,1846362240.000,1,1,0,双开,S,3721.4000,3721.2000,3720.0000,3719.4000,3719.0000,3722.0000,3722.2000,3722.4000,3722.8000,3723.0000,4,1,5,1,1,1,2,3,3,6
SF,IF2005,2020-04-13 10:04:27.100,3722.0000,10364,0,1846362240.000,0,-,-,-,-,3721.4000,3721.2000,3720.0000,3719.4000,3719.0000,3722.0000,3722.2000,3722.4000,3722.8000,3723.0000,4,1,5,1,1,1,2,3,3,6
SF,IF2005,2020-04-13 10:04:27.600,3722.0000,10364,0,1846362240.000,0,-,-,-,-,3721.4000,3721.2000,3720.0000,3719.4000,3719.0000,3722.0000,3722.2000,3722.4000,3722.8000,3723.0000,2,1,5,1,1,1,2,3,3,6
SF,IF2005,2020-04-13 10:04:28.100,3721.4000,10365,1,1847478660.000,1,1,0,双开,S,3721.4000,3721.2000,3720.0000,3719.4000,3719.0000,3722.0000,3722.2000,3722.4000,3722.8000,3723.0000,1,1,5,1,1,1,2,2,3,6
SF,IF2005,2020-04-13 10:04:28.600,3721.4000,10365,0,1847478660.000,0,-,-,-,-,3721.2000,3720.0000,3719.4000,3719.0000,3718.6000,3722.0000,3722.2000,3722.4000,3722.8000,3723.0000,1,5,1,1,2,1,2,2,3,6
SF,IF2005,2020-04-13 10:04:29.100,3721.4000,10365,0,1847478660.000,0,-,-,-,-,3721.2000,3720.0000,3719.4000,3719.0000,3718.6000,3722.0000,3722.2000,3722.4000,3722.8000,3723.0000,1,5,1,1,2,1,2,2,3,6
SF,IF2005,2020-04-13 10:04:29.600,3721.4000,10365,0,1847478660.000,0,-,-,-,-,3721.2000,3720.0000,3719.4000,3719.0000,3718.6000,3721.8000,3722.0000,3722.2000,3722.4000,3722.8000,1,5,1,1,2,1,1,2,1,3
SF,IF2005,2020-04-13 10:04:30.100,3721.4000,10365,0,1847478660.000,0,-,-,-,-,3721.2000,3720.0000,3719.4000,3719.0000,3718.6000,3721.8000,3722.0000,3722.2000,3722.4000,3722.8000,1,5,1,1,2,1,1,2,1,3
SF,IF2005,2020-04-13 10:04:30.600,3721.4000,10365,0,1847478660.000,0,-,-,-,-,3721.2000,3720.0000,3719.4000,3719.0000,3718.6000,3721.8000,3722.0000,3722.2000,3722.4000,3722.8000,1,5,1,1,2,1,1,2,1,3
SF,IF2005,2020-04-13 10:04:31.100,3721.2000,10365,0,1848595020.000,1,0,1,多换,S,3720.0000,3719.4000,3719.0000,3718.6000,3718.0000,3721.8000,3722.0000,3722.2000,3722.8000,3723.0000,5,1,1,2,2,1,1,2,2,6
SF,IF2005,2020-04-13 10:04:31.600,3721.2000,10365,0,1848595020.000,0,-,-,-,-,3720.6000,3720.4000,3720.2000,3720.0000,3719.4000,3721.6000,3721.8000,3722.0000,3722.8000,3723.0000,1,3,7,5,1,1,2,1,2,8
SF,IF2005,2020-04-13 10:04:32.100,3721.6000,10366,1,1849711500.000,1,1,0,双开,S,3721.0000,3720.8000,3720.4000,3720.2000,3720.0000,3721.8000,3722.0000,3722.8000,3723.0000,3723.4000,1,2,3,6,5,2,1,2,8,2
SF,IF2005,2020-04-13 10:04:32.600,3721.6000,10366,0,1849711500.000,0,-,-,-,-,3721.0000,3720.8000,3720.4000,3720.2000,3720.0000,3721.8000,3722.0000,3722.8000,3723.0000,3723.4000,1,2,2,6,5,2,1,2,8,2
SF,IF2005,2020-04-13 10:04:33.100,3721.6000,10366,0,1849711500.000,0,-,-,-,-,3721.0000,3720.8000,3720.4000,3720.2000,3720.0000,3721.8000,3722.0000,3722.8000,3723.0000,3723.4000,1,2,2,5,5,2,1,2,8,2
SF,IF2005,2020-04-13 10:04:34.600,3721.8000,10367,1,1850828040.000,1,1,0,双开,S,3721.2000,3721.0000,3720.8000,3720.4000,3720.2000,3721.8000,3722.0000,3722.8000,3723.0000,3723.4000,1,1,2,2,5,1,1,2,8,2
SF,IF2005,2020-04-13 10:04:35.100,3721.8000,10368,1,1851944580.000,1,1,0,双开,S,3721.2000,3721.0000,3720.8000,3720.4000,3720.2000,3722.0000,3722.8000,3723.0000,3723.4000,3723.6000,1,1,2,2,5,1,2,8,2,1
SF,IF2005,2020-04-13 10:04:36.100,3721.8000,10368,0,1851944580.000,0,-,-,-,-,3721.2000,3721.0000,3720.8000,3720.4000,3720.2000,3721.8000,3722.0000,3722.8000,3723.0000,3723.4000,1,1,2,2,5,1,1,2,8,2
SF,IF2005,2020-04-13 10:04:36.600,3721.8000,10368,0,1851944580.000,0,-,-,-,-,3721.2000,3721.0000,3720.8000,3720.4000,3720.2000,3721.8000,3722.0000,3722.8000,3723.0000,3723.4000,1,1,2,2,2,1,1,2,8,2
SF,IF2005,2020-04-13 10:04:38.100,3721.8000,10368,0,1851944580.000,0,-,-,-,-,3721.2000,3721.0000,3720.8000,3720.4000,3720.2000,3721.8000,3722.0000,3722.8000,3723.0000,3723.4000,1,1,1,2,2,1,1,2,8,2
SF,IF2005,2020-04-13 10:04:38.600,3721.8000,10368,0,1851944580.000,0,-,-,-,-,3721.2000,3721.0000,3720.8000,3720.4000,3720.2000,3721.8000,3722.0000,3722.8000,3723.0000,3723.4000,1,1,1,2,2,1,1,2,8,2
SF,IF2005,2020-04-13 10:04:39.600,3721.8000,10369,1,1853061120.000,1,1,0,双开,S,3721.8000,3721.2000,3721.0000,3720.8000,3720.4000,3722.0000,3722.8000,3723.0000,3723.4000,3723.6000,1,1,1,1,2,1,2,8,2,1
SF,IF2005,2020-04-13 10:04:40.100,3721.8000,10369,0,1854177660.000,1,0,1,多换,S,3721.0000,3720.8000,3720.4000,3720.2000,3720.0000,3721.8000,3722.0000,3722.8000,3723.0000,3723.4000,1,1,2,2,5,2,1,2,8,2
SF,IF2005,2020-04-13 10:04:40.600,3721.8000,10370,1,1855294200.000,1,1,0,双开,S,3721.2000,3721.0000,3720.4000,3720.2000,3720.0000,3721.8000,3722.0000,3722.8000,3723.0000,3723.4000,1,1,2,2,5,1,1,2,8,2
SF,IF2005,2020-04-13 10:04:41.100,3721.8000,10371,1,1856410740.000,1,1,0,双开,S,3721.2000,3721.0000,3720.4000,3720.2000,3720.0000,3722.0000,3722.8000,3723.0000,3723.4000,3723.6000,2,1,2,2,5,1,2,8,2,1
SF,IF2005,2020-04-13 10:04:41.600,3721.8000,10371,0,1856410740.000,0,-,-,-,-,3721.2000,3721.0000,3720.4000,3720.2000,3720.0000,3722.0000,3722.8000,3723.0000,3723.4000,3723.6000,2,1,2,2,5,2,2,8,2,1
SF,IF2005,2020-04-13 10:04:42.600,3721.8000,10371,0,1856410740.000,0,-,-,-,-,3721.2000,3721.0000,3720.4000,3720.2000,3720.0000,3722.0000,3722.8000,3723.0000,3723.4000,3723.6000,2,1,2,2,5,2,3,8,2,1
SF,IF2005,2020-04-13 10:04:43.100,3722.0000,10372,1,1857527340.000,1,1,0,双开,S,3721.2000,3721.0000,3720.4000,3720.2000,3720.0000,3722.0000,3722.8000,3723.0000,3723.4000,3723.6000,2,1,2,2,5,1,3,8,2,1
SF,IF2005,2020-04-13 10:04:49.600,3722.0000,10373,1,1858643940.000,1,1,0,双开,S,3721.4000,3721.2000,3721.0000,3720.4000,3720.2000,3722.8000,3723.0000,3723.4000,3723.6000,3724.0000,1,2,1,2,2,3,8,2,1,10
SF,IF2005,2020-04-13 10:04:50.100,3722.0000,10373,0,1858643940.000,0,-,-,-,-,3721.4000,3721.2000,3721.0000,3720.4000,3720.2000,3722.4000,3722.6000,3722.8000,3723.0000,3723.4000,1,1,1,2,2,2,2,3,8,2
SF,IF2005,2020-04-13 10:04:50.600,3722.4000,10373,0,1859760660.000,1,0,1,多换,S,3721.4000,3721.2000,3721.0000,3720.4000,3720.2000,3722.4000,3722.6000,3722.8000,3723.0000,3723.4000,1,1,1,2,2,1,2,3,8,2
SF,IF2005,2020-04-13 10:04:51.600,3722.4000,10374,1,1860877380.000,1,1,0,双开,S,3721.4000,3721.2000,3721.0000,3720.4000,3720.2000,3722.6000,3722.8000,3723.0000,3723.4000,3723.6000,1,1,1,2,2,2,3,8,2,1
SF,IF2005,2020-04-13 10:04:52.100,3722.4000,10374,0,1860877380.000,0,-,-,-,-,3721.4000,3721.2000,3721.0000,3720.4000,3720.2000,3722.6000,3722.8000,3723.0000,3723.4000,3723.6000,1,1,2,2,2,2,3,8,2,1
SF,IF2005,2020-04-13 10:04:52.600,3722.6000,10374,0,1861994160.000,1,0,1,多换,S,3721.6000,3721.4000,3721.0000,3720.4000,3720.2000,3722.6000,3722.8000,3723.0000,3723.4000,3723.6000,2,1,2,2,2,1,3,8,2,1
SF,IF2005,2020-04-13 10:04:53.100,3722.6000,10374,0,1861994160.000,0,-,-,-,-,3721.6000,3721.4000,3721.0000,3720.4000,3720.2000,3722.6000,3722.8000,3723.0000,3723.4000,3723.6000,3,1,1,2,2,1,3,8,2,1
SF,IF2005,2020-04-13 10:04:53.600,3722.6000,10374,0,1861994160.000,0,-,-,-,-,3722.6000,3721.8000,3721.6000,3721.0000,3720.4000,3722.8000,3723.0000,3723.4000,3723.6000,3724.0000,2,1,3,1,2,3,8,2,1,10
SF,IF2005,2020-04-13 10:04:54.100,3722.8000,10374,0,1863111000.000,1,0,1,多换,S,3722.6000,3721.8000,3721.6000,3721.0000,3720.4000,3723.0000,3723.4000,3723.6000,3724.0000,3724.2000,3,2,2,1,2,8,2,1,10,1
SF,IF2005,2020-04-13 10:04:54.600,3723.0000,10376,2,1865344800.000,2,2,0,双开,S,3722.6000,3721.6000,3721.0000,3720.4000,3720.2000,3723.0000,3723.6000,3724.0000,3724.2000,3725.0000,3,2,1,2,2,6,1,10,1,1
SF,IF2005,2020-04-13 10:04:55.100,3723.0000,10377,1,1867578600.000,2,1,1,空开,S,3722.6000,3721.6000,3721.0000,3720.4000,3720.2000,3723.0000,3723.6000,3724.0000,3724.2000,3724.4000,3,2,1,2,2,4,1,10,1,2
SF,IF2005,2020-04-13 10:04:55.600,3723.0000,10377,0,1867578600.000,0,-,-,-,-,3722.6000,3721.6000,3721.0000,3720.4000,3720.2000,3723.0000,3723.6000,3724.0000,3724.2000,3724.4000,3,2,1,2,2,4,1,10,1,2
SF,IF2005,2020-04-13 10:04:56.100,3723.0000,10377,0,1872046200.000,4,2,2,多换,S,3723.0000,3722.8000,3722.6000,3721.6000,3721.0000,3723.6000,3724.0000,3724.2000,3724.4000,3725.0000,1,1,3,2,1,1,10,1,2,1
SF,IF2005,2020-04-13 10:04:57.100,3723.0000,10377,0,1872046200.000,0,-,-,-,-,3723.4000,3723.0000,3722.8000,3722.6000,3721.6000,3723.6000,3724.0000,3724.2000,3724.4000,3725.0000,1,1,1,3,2,1,10,1,2,1
SF,IF2005,2020-04-13 10:04:57.600,3723.4000,10378,1,1873163220.000,1,1,0,双开,S,3723.0000,3722.8000,3722.6000,3721.6000,3721.0000,3723.4000,3723.6000,3724.0000,3724.2000,3724.4000,1,1,3,1,1,1,1,10,1,2
SF,IF2005,2020-04-13 10:04:58.100,3723.4000,10378,0,1873163220.000,0,-,-,-,-,3723.0000,3722.8000,3722.6000,3721.6000,3721.0000,3723.4000,3723.6000,3724.0000,3724.2000,3724.4000,1,1,3,1,1,2,1,10,1,2
SF,IF2005,2020-04-13 10:04:59.600,3723.4000,10378,0,1873163220.000,0,-,-,-,-,3723.0000,3722.8000,3722.6000,3721.6000,3721.0000,3723.4000,3723.6000,3724.0000,3724.2000,3724.4000,1,1,3,1,1,3,1,10,2,2
SF,IF2005,2020-04-13 10:05:00.100,3723.4000,10379,1,1875397260.000,2,1,1,空开,S,3723.0000,3722.8000,3722.6000,3721.6000,3721.0000,3723.4000,3723.6000,3724.0000,3724.2000,3724.4000,1,1,3,1,1,1,1,10,2,2
SF,IF2005,2020-04-13 10:05:00.600,3723.4000,10379,0,1876514280.000,1,0,1,多换,S,3723.0000,3722.8000,3722.6000,3721.6000,3721.0000,3723.6000,3724.0000,3724.2000,3724.4000,3725.0000,1,1,3,1,1,1,10,1,2,1
SF,IF2005,2020-04-13 10:05:01.600,3722.8000,10379,0,1878748020.000,2,1,1,多换,S,3722.6000,3721.6000,3721.0000,3720.4000,3720.2000,3723.6000,3724.0000,3724.2000,3724.4000,3725.0000,3,1,1,7,2,1,10,1,2,1
SF,IF2005,2020-04-13 10:05:02.100,3722.8000,10379,0,1878748020.000,0,-,-,-,-,3722.6000,3721.6000,3721.0000,3720.4000,3720.2000,3723.4000,3723.6000,3724.0000,3724.2000,3724.4000,3,1,1,7,2,1,1,10,1,2
SF,IF2005,2020-04-13 10:05:02.600,3722.6000,10379,0,1880981580.000,2,1,1,多换,S,3721.6000,3721.0000,3720.4000,3720.2000,3720.0000,3723.0000,3723.4000,3723.6000,3724.0000,3724.2000,1,1,7,2,5,1,2,1,10,1
SF,IF2005,2020-04-13 10:05:03.100,3722.6000,10379,0,1880981580.000,0,-,-,-,-,3722.0000,3721.8000,3721.6000,3721.0000,3720.4000,3723.0000,3723.2000,3723.4000,3723.6000,3723.8000,2,2,1,1,7,2,1,1,1,2
SF,IF2005,2020-04-13 10:05:03.600,3722.6000,10379,0,1880981580.000,0,-,-,-,-,3722.2000,3722.0000,3721.8000,3721.0000,3720.4000,3723.0000,3723.2000,3723.6000,3723.8000,3724.0000,1,2,2,1,7,2,1,1,2,10
SF,IF2005,2020-04-13 10:05:04.100,3722.6000,10379,0,1880981580.000,0,-,-,-,-,3722.2000,3722.0000,3721.8000,3721.0000,3720.4000,3723.0000,3723.2000,3723.6000,3723.8000,3724.0000,1,1,2,1,7,2,1,1,2,10
SF,IF2005,2020-04-13 10:05:04.600,3722.6000,10379,0,1880981580.000,0,-,-,-,-,3722.2000,3722.0000,3721.8000,3721.0000,3720.4000,3723.0000,3723.6000,3723.8000,3724.0000,3724.2000,1,1,2,1,2,2,1,2,10,1
SF,IF2005,2020-04-13 10:05:05.100,3722.6000,10379,0,1880981580.000,0,-,-,-,-,3722.2000,3722.0000,3721.8000,3721.0000,3720.4000,3723.0000,3723.6000,3723.8000,3724.0000,3724.2000,1,1,1,1,2,2,1,2,10,1
SF,IF2005,2020-04-13 10:05:06.100,3722.6000,10379,0,1880981580.000,0,-,-,-,-,3722.2000,3722.0000,3721.8000,3721.0000,3720.4000,3723.0000,3723.6000,3723.8000,3724.0000,3724.2000,1,1,1,1,2,2,1,1,10,1
SF,IF2005,2020-04-13 10:05:06.600,3722.2000,10379,0,1882098240.000,1,0,1,多换,S,3722.0000,3721.8000,3721.0000,3720.4000,3720.2000,3723.0000,3723.6000,3723.8000,3724.0000,3724.2000,1,1,1,2,1,2,1,1,10,1
SF,IF2005,2020-04-13 10:05:07.100,3722.2000,10379,0,1882098240.000,0,-,-,-,-,3721.8000,3721.0000,3720.4000,3720.2000,3720.0000,3722.8000,3723.0000,3723.6000,3723.8000,3724.0000,1,1,2,1,5,1,3,1,1,10
SF,IF2005,2020-04-13 10:05:07.600,3722.2000,10379,0,1882098240.000,0,-,-,-,-,3721.8000,3721.0000,3720.4000,3720.2000,3720.0000,3722.6000,3722.8000,3723.0000,3723.6000,3723.8000,1,1,2,1,5,1,1,2,1,1
SF,IF2005,2020-04-13 10:05:09.600,3722.2000,10379,0,1882098240.000,0,-,-,-,-,3721.8000,3721.0000,3720.4000,3720.2000,3720.0000,3722.6000,3722.8000,3723.0000,3723.6000,3723.8000,1,1,2,1,5,1,1,3,1,1
SF,IF2005,2020-04-13 10:05:10.100,3722.2000,10379,0,1882098240.000,0,-,-,-,-,3721.8000,3721.0000,3720.4000,3720.2000,3720.0000,3722.6000,3722.8000,3723.0000,3723.6000,3723.8000,1,1,2,1,5,1,1,2,1,1
SF,IF2005,2020-04-13 10:05:10.600,3722.2000,10379,0,1882098240.000,0,-,-,-,-,3721.0000,3720.4000,3720.2000,3720.0000,3719.0000,3722.6000,3722.8000,3723.0000,3723.6000,3723.8000,1,2,1,5,1,1,1,2,1,1
SF,IF2005,2020-04-13 10:05:11.100,3722.2000,10379,0,1882098240.000,0,-,-,-,-,3721.4000,3721.2000,3721.0000,3720.4000,3720.2000,3722.6000,3722.8000,3723.0000,3723.6000,3723.8000,2,4,1,2,1,1,1,2,1,1
SF,IF2005,2020-04-13 10:05:11.600,3722.2000,10379,0,1882098240.000,0,-,-,-,-,3722.2000,3721.6000,3721.4000,3721.2000,3721.0000,3722.6000,3722.8000,3723.0000,3723.6000,3723.8000,2,1,2,3,1,1,1,2,1,1
SF,IF2005,2020-04-13 10:05:12.100,3722.2000,10379,0,1882098240.000,0,-,-,-,-,3722.2000,3721.6000,3721.4000,3721.2000,3721.0000,3722.6000,3722.8000,3723.0000,3723.6000,3723.8000,2,1,2,1,1,1,1,2,1,1
SF,IF2005,2020-04-13 10:05:13.100,3722.2000,10379,0,1882098240.000,0,-,-,-,-,3722.2000,3721.6000,3721.2000,3721.0000,3720.4000,3722.8000,3723.0000,3723.6000,3723.8000,3724.0000,2,1,1,1,2,1,2,1,1,10
SF,IF2005,2020-04-13 10:05:13.600,3722.2000,10379,0,1882098240.000,0,-,-,-,-,3722.2000,3721.6000,3721.2000,3721.0000,3720.4000,3723.0000,3723.6000,3723.8000,3724.0000,3724.2000,2,1,1,1,2,2,1,1,10,1
SF,IF2005,2020-04-13 10:05:14.100,3722.2000,10379,0,1882098240.000,0,-,-,-,-,3722.2000,3721.6000,3721.2000,3721.0000,3720.4000,3723.0000,3723.6000,3723.8000,3724.0000,3724.2000,2,1,1,1,2,3,1,1,10,1
SF,IF2005,2020-04-13 10:05:14.600,3723.0000,10380,1,1885448940.000,3,2,1,空开,S,3722.4000,3722.2000,3721.6000,3721.2000,3721.0000,3723.6000,3723.8000,3724.0000,3724.2000,3724.4000,3,2,1,1,1,1,1,10,1,2
SF,IF2005,2020-04-13 10:05:15.100,3723.0000,10380,0,1885448940.000,0,-,-,-,-,3723.0000,3722.6000,3722.4000,3722.2000,3721.2000,3723.6000,3723.8000,3724.0000,3724.2000,3724.4000,1,3,4,2,1,1,1,10,1,2
SF,IF2005,2020-04-13 10:05:15.600,3723.0000,10380,0,1885448940.000,0,-,-,-,-,3723.0000,3722.6000,3722.4000,3722.2000,3721.2000,3723.6000,3723.8000,3724.0000,3724.2000,3724.4000,1,1,4,2,1,1,1,10,1,2
SF,IF2005,2020-04-13 10:05:16.100,3723.0000,10380,0,1885448940.000,0,-,-,-,-,3723.4000,3722.6000,3722.4000,3722.2000,3721.2000,3723.6000,3723.8000,3724.0000,3724.2000,3724.4000,1,1,4,2,1,1,1,10,1,2
SF,IF2005,2020-04-13 10:05:16.600,3723.0000,10380,0,1885448940.000,0,-,-,-,-,3723.4000,3722.6000,3722.4000,3721.2000,3721.0000,3723.6000,3723.8000,3724.0000,3724.2000,3724.4000,1,1,3,1,1,1,1,10,1,2
SF,IF2005,2020-04-13 10:05:17.100,3723.6000,10381,1,1886566020.000,1,1,0,双开,S,3723.0000,3722.6000,3722.4000,3721.2000,3721.0000,3723.8000,3724.0000,3724.2000,3724.4000,3725.0000,2,1,2,1,1,1,10,1,2,1
SF,IF2005,2020-04-13 10:05:17.600,3723.6000,10381,0,1886566020.000,0,-,-,-,-,3723.0000,3722.6000,3721.2000,3721.0000,3720.4000,3723.8000,3724.0000,3724.2000,3724.4000,3725.0000,2,1,1,1,2,1,10,1,2,1
SF,IF2005,2020-04-13 10:05:18.600,3723.6000,10381,0,1886566020.000,0,-,-,-,-,3723.0000,3722.6000,3721.2000,3721.0000,3720.4000,3723.8000,3724.0000,3724.2000,3724.4000,3725.0000,2,1,1,1,2,1,10,1,2,1
SF,IF2005,2020-04-13 10:05:20.100,3723.6000,10381,0,1886566020.000,0,-,-,-,-,3723.0000,3722.6000,3721.2000,3721.0000,3720.4000,3723.6000,3723.8000,3724.0000,3724.2000,3724.4000,2,1,1,1,2,1,1,10,1,2
SF,IF2005,2020-04-13 10:05:20.600,3723.0000,10381,0,1888799820.000,2,1,1,多换,S,3722.6000,3721.2000,3721.0000,3720.4000,3720.2000,3723.6000,3723.8000,3724.0000,3724.2000,3724.4000,1,1,1,2,1,1,1,10,1,2
SF,IF2005,2020-04-13 10:05:21.100,3723.0000,10381,0,1888799820.000,0,-,-,-,-,3721.2000,3721.0000,3720.4000,3720.2000,3720.0000,3723.4000,3723.6000,3723.8000,3724.0000,3724.2000,1,1,2,1,5,1,1,1,10,1
SF,IF2005,2020-04-13 10:05:21.600,3723.0000,10381,0,1888799820.000,0,-,-,-,-,3722.0000,3721.8000,3721.6000,3721.4000,3721.2000,3723.2000,3723.4000,3723.8000,3724.0000,3724.2000,1,1,3,9,2,2,1,1,10,1
SF,IF2005,2020-04-13 10:05:22.100,3723.0000,10381,0,1888799820.000,0,-,-,-,-,3722.2000,3722.0000,3721.8000,3721.6000,3721.4000,3723.2000,3723.4000,3723.8000,3724.0000,3724.2000,3,1,1,2,10,2,1,1,10,1
SF,IF2005,2020-04-13 10:05:23.100,3723.0000,10381,0,1888799820.000,0,-,-,-,-,3722.2000,3722.0000,3721.6000,3721.4000,3721.2000,3723.2000,3723.4000,3723.8000,3724.0000,3724.2000,3,1,2,10,2,2,1,1,10,1
SF,IF2005,2020-04-13 10:05:23.600,3723.2000,10380,-1,1891033740.000,2,0,2,多平,S,3722.4000,3722.2000,3722.0000,3721.6000,3721.4000,3723.8000,3724.0000,3724.2000,3724.4000,3725.0000,2,3,1,2,10,1,10,1,2,1
SF,IF2005,2020-04-13 10:05:24.100,3723.2000,10380,0,1891033740.000,0,-,-,-,-,3722.6000,3722.4000,3721.6000,3721.4000,3721.2000,3723.8000,3724.0000,3724.2000,3724.4000,3725.0000,1,3,2,10,2,1,10,1,2,1
SF,IF2005,2020-04-13 10:05:24.600,3723.2000,10380,0,1891033740.000,0,-,-,-,-,3722.8000,3722.6000,3722.4000,3721.6000,3721.4000,3723.8000,3724.0000,3724.2000,3724.4000,3725.0000,1,1,3,2,9,1,10,1,2,1
SF,IF2005,2020-04-13 10:05:26.100,3723.2000,10380,0,1891033740.000,0,-,-,-,-,3722.6000,3722.4000,3721.6000,3721.4000,3721.2000,3723.8000,3724.0000,3724.2000,3724.4000,3725.0000,1,3,2,9,2,1,10,1,2,1
SF,IF2005,2020-04-13 10:05:26.600,3723.2000,10380,0,1891033740.000,0,-,-,-,-,3722.6000,3722.4000,3721.6000,3721.4000,3721.2000,3723.8000,3724.0000,3724.2000,3724.4000,3725.0000,1,3,2,9,2,1,10,1,2,1
SF,IF2005,2020-04-13 10:05:27.100,3723.2000,10380,0,1891033740.000,0,-,-,-,-,3722.6000,3722.4000,3721.6000,3721.4000,3721.2000,3723.6000,3723.8000,3724.0000,3724.2000,3724.4000,1,3,2,9,2,1,1,10,1,2
SF,IF2005,2020-04-13 10:05:27.600,3723.6000,10380,0,1892150820.000,1,0,1,多换,S,3722.6000,3722.4000,3721.6000,3721.4000,3721.2000,3723.8000,3724.0000,3724.2000,3724.4000,3725.0000,1,3,2,9,2,1,10,1,2,1
SF,IF2005,2020-04-13 10:05:28.100,3723.8000,10381,1,1893267960.000,1,1,0,双开,S,3722.6000,3722.4000,3721.6000,3721.4000,3721.2000,3724.0000,3724.2000,3724.4000,3725.0000,3725.8000,1,3,2,9,2,10,1,2,1,1
SF,IF2005,2020-04-13 10:05:29.100,3723.8000,10383,2,1895502240.000,2,2,0,双开,S,3722.6000,3722.4000,3721.6000,3721.4000,3721.2000,3723.8000,3724.0000,3724.2000,3724.4000,3725.0000,1,3,1,9,2,4,10,1,2,1
SF,IF2005,2020-04-13 10:05:29.600,3723.8000,10385,2,1897736580.000,2,2,0,双开,S,3723.8000,3722.8000,3722.6000,3722.4000,3721.6000,3724.0000,3724.2000,3724.4000,3725.0000,3725.8000,1,1,1,2,1,9,1,2,1,1
SF,IF2005,2020-04-13 10:05:30.100,3723.8000,10385,0,1899970860.000,2,1,1,多换,S,3722.8000,3722.6000,3722.4000,3721.6000,3721.4000,3723.6000,3723.8000,3724.0000,3724.2000,3724.4000,1,1,1,1,9,3,1,9,1,2
SF,IF2005,2020-04-13 10:05:30.600,3723.8000,10385,0,1899970860.000,0,-,-,-,-,3722.8000,3722.6000,3722.4000,3721.6000,3721.4000,3723.6000,3723.8000,3724.0000,3724.2000,3724.4000,1,1,1,1,9,2,6,9,1,2
SF,IF2005,2020-04-13 10:05:31.100,3723.8000,10385,0,1899970860.000,0,-,-,-,-,3722.8000,3722.6000,3722.4000,3721.6000,3721.4000,3723.6000,3723.8000,3724.0000,3724.2000,3724.4000,1,1,1,1,9,2,7,9,1,2
SF,IF2005,2020-04-13 10:05:31.600,3723.8000,10385,0,1899970860.000,0,-,-,-,-,3722.8000,3722.6000,3722.4000,3721.6000,3721.4000,3723.8000,3724.0000,3724.2000,3724.4000,3725.0000,1,1,1,1,9,2,9,1,2,1
SF,IF2005,2020-04-13 10:05:33.600,3723.8000,10385,0,1899970860.000,0,-,-,-,-,3722.8000,3722.6000,3722.4000,3721.6000,3721.4000,3723.8000,3724.0000,3724.2000,3724.4000,3725.0000,1,1,1,1,9,2,14,1,2,1
SF,IF2005,2020-04-13 10:05:35.100,3723.8000,10385,0,1899970860.000,0,-,-,-,-,3722.8000,3722.6000,3722.4000,3721.6000,3721.4000,3723.6000,3723.8000,3724.0000,3724.2000,3724.4000,1,1,1,1,9,1,1,14,1,2
SF,IF2005,2020-04-13 10:05:35.600,3723.8000,10385,0,1899970860.000,0,-,-,-,-,3722.8000,3722.6000,3722.4000,3721.6000,3721.4000,3723.6000,3724.0000,3724.2000,3724.4000,3725.0000,1,1,1,1,9,1,14,1,2,1
SF,IF2005,2020-04-13 10:05:36.100,3723.8000,10385,0,1899970860.000,0,-,-,-,-,3722.8000,3722.6000,3722.4000,3721.6000,3721.4000,3723.6000,3723.8000,3724.0000,3724.2000,3724.4000,1,1,1,1,9,1,1,14,1,2
SF,IF2005,2020-04-13 10:05:38.100,3722.8000,10385,0,1901087700.000,1,0,1,多换,S,3722.6000,3722.4000,3721.6000,3721.4000,3721.2000,3723.4000,3723.6000,3723.8000,3724.0000,3724.2000,1,1,1,8,2,1,1,1,14,1
SF,IF2005,2020-04-13 10:05:38.600,3722.6000,10385,0,1902204480.000,1,0,1,多换,S,3721.6000,3721.4000,3721.2000,3721.0000,3720.0000,3723.4000,3723.6000,3723.8000,3724.0000,3724.2000,1,7,2,1,5,1,1,1,14,1
SF,IF2005,2020-04-13 10:05:39.100,3722.6000,10385,0,1902204480.000,0,-,-,-,-,3722.2000,3722.0000,3721.8000,3721.6000,3721.4000,3723.4000,3723.6000,3723.8000,3724.0000,3724.2000,1,2,3,1,7,1,1,1,14,1
SF,IF2005,2020-04-13 10:05:39.600,3722.6000,10385,0,1902204480.000,0,-,-,-,-,3722.2000,3722.0000,3721.8000,3721.6000,3721.4000,3723.2000,3723.4000,3723.6000,3723.8000,3724.0000,1,2,3,1,3,1,1,1,1,14
SF,IF2005,2020-04-13 10:05:40.100,3722.6000,10385,0,1902204480.000,0,-,-,-,-,3722.2000,3722.0000,3721.8000,3721.6000,3721.4000,3723.2000,3723.4000,3723.8000,3724.0000,3724.2000,1,1,3,1,3,1,1,1,14,1
SF,IF2005,2020-04-13 10:05:40.600,3722.6000,10385,0,1902204480.000,0,-,-,-,-,3722.2000,3722.0000,3721.8000,3721.6000,3721.4000,3723.2000,3723.4000,3723.8000,3724.0000,3724.2000,1,1,3,1,3,1,2,1,14,1
SF,IF2005,2020-04-13 10:05:42.100,3722.6000,10385,0,1902204480.000,0,-,-,-,-,3722.4000,3722.2000,3722.0000,3721.8000,3721.6000,3723.2000,3723.4000,3723.8000,3724.0000,3724.2000,1,1,1,3,1,1,2,1,14,1
SF,IF2005,2020-04-13 10:05:42.600,3722.6000,10385,0,1902204480.000,0,-,-,-,-,3722.4000,3722.2000,3722.0000,3721.8000,3721.6000,3723.2000,3723.4000,3723.8000,3724.0000,3724.2000,1,1,1,2,1,1,2,1,14,1
SF,IF2005,2020-04-13 10:05:43.100,3722.6000,10385,0,1902204480.000,0,-,-,-,-,3722.2000,3722.0000,3721.8000,3721.6000,3721.4000,3723.2000,3723.4000,3723.8000,3724.0000,3724.2000,1,1,2,1,3,1,2,1,14,1
SF,IF2005,2020-04-13 10:05:43.600,3722.6000,10385,0,1902204480.000,0,-,-,-,-,3722.2000,3722.0000,3721.8000,3721.6000,3721.4000,3723.2000,3723.4000,3723.8000,3724.0000,3724.2000,1,1,1,1,3,1,2,1,14,1
SF,IF2005,2020-04-13 10:05:44.100,3722.6000,10385,0,1902204480.000,0,-,-,-,-,3722.2000,3722.0000,3721.8000,3721.6000,3721.4000,3723.4000,3723.8000,3724.0000,3724.2000,3724.4000,1,1,1,1,3,2,1,14,1,2
SF,IF2005,2020-04-13 10:05:44.600,3722.6000,10385,0,1902204480.000,0,-,-,-,-,3722.4000,3722.2000,3722.0000,3721.8000,3721.6000,3723.4000,3723.8000,3724.0000,3724.2000,3724.4000,1,1,1,1,1,2,1,14,1,2
SF,IF2005,2020-04-13 10:05:45.100,3722.6000,10385,0,1902204480.000,0,-,-,-,-,3722.4000,3722.2000,3721.8000,3721.6000,3721.4000,3723.4000,3723.8000,3724.0000,3724.2000,3724.4000,1,1,1,1,3,2,1,14,1,2
SF,IF2005,2020-04-13 10:05:45.600,3722.6000,10385,0,1902204480.000,0,-,-,-,-,3722.4000,3722.2000,3721.8000,3721.6000,3721.4000,3723.2000,3723.4000,3723.8000,3724.0000,3724.2000,1,1,1,1,3,1,1,1,14,1
SF,IF2005,2020-04-13 10:05:49.600,3722.6000,10385,0,1902204480.000,0,-,-,-,-,3722.4000,3722.2000,3721.8000,3721.6000,3721.4000,3723.2000,3723.4000,3723.8000,3724.0000,3724.4000,1,1,1,1,3,1,1,2,14,2
SF,IF2005,2020-04-13 10:05:50.100,3722.6000,10385,0,1902204480.000,0,-,-,-,-,3722.2000,3721.8000,3721.6000,3721.4000,3721.2000,3723.2000,3723.4000,3723.8000,3724.0000,3724.4000,1,1,1,3,1,1,1,2,14,2
SF,IF2005,2020-04-13 10:05:50.600,3722.6000,10385,0,1902204480.000,0,-,-,-,-,3722.2000,3721.8000,3721.6000,3721.4000,3721.2000,3723.4000,3723.8000,3724.0000,3724.4000,3725.0000,1,1,1,3,1,1,2,14,2,1
SF,IF2005,2020-04-13 10:05:51.100,3722.6000,10385,0,1902204480.000,0,-,-,-,-,3722.2000,3721.8000,3721.6000,3721.4000,3721.2000,3723.0000,3723.2000,3723.4000,3723.8000,3724.0000,1,1,1,3,1,1,1,1,2,14
SF,IF2005,2020-04-13 10:05:51.600,3722.6000,10385,0,1902204480.000,0,-,-,-,-,3722.2000,3721.8000,3721.6000,3721.4000,3721.2000,3723.0000,3723.2000,3723.4000,3723.8000,3724.0000,1,1,1,3,1,2,1,1,2,14
SF,IF2005,2020-04-13 10:05:55.600,3722.6000,10385,0,1902204480.000,0,-,-,-,-,3722.2000,3721.8000,3721.6000,3721.4000,3721.2000,3723.0000,3723.2000,3723.4000,3723.8000,3724.0000,1,1,1,3,1,7,1,1,2,14
SF,IF2005,2020-04-13 10:05:56.100,3722.6000,10385,0,1902204480.000,0,-,-,-,-,3722.2000,3721.8000,3721.6000,3721.4000,3721.2000,3723.0000,3723.2000,3723.4000,3723.8000,3724.0000,1,1,1,3,1,6,1,1,2,14
SF,IF2005,2020-04-13 10:05:56.600,3722.6000,10385,0,1902204480.000,0,-,-,-,-,3722.2000,3721.8000,3721.6000,3721.4000,3721.2000,3722.8000,3723.0000,3723.2000,3723.4000,3723.8000,1,1,1,3,1,1,6,1,1,2
SF,IF2005,2020-04-13 10:05:57.100,3722.6000,10385,0,1902204480.000,0,-,-,-,-,3722.2000,3721.8000,3721.6000,3721.4000,3721.2000,3722.8000,3723.0000,3723.2000,3723.4000,3723.8000,1,1,1,2,1,1,5,1,1,2
SF,IF2005,2020-04-13 10:06:01.600,3722.6000,10385,0,1902204480.000,0,-,-,-,-,3722.2000,3721.8000,3721.6000,3721.4000,3721.2000,3722.6000,3723.0000,3723.2000,3723.4000,3723.8000,1,1,1,2,1,1,5,1,1,2
SF,IF2005,2020-04-13 10:06:03.100,3722.6000,10386,1,1903321260.000,1,1,0,双开,S,3722.2000,3721.8000,3721.6000,3721.4000,3721.2000,3723.0000,3723.2000,3723.4000,3723.8000,3724.0000,1,1,1,2,1,5,1,1,2,14
SF,IF2005,2020-04-13 10:06:04.100,3723.0000,10387,1,1904438160.000,1,1,0,双开,S,3722.2000,3721.8000,3721.6000,3721.4000,3721.2000,3722.6000,3723.0000,3723.2000,3723.4000,3723.8000,1,1,1,2,1,5,4,1,1,2
SF,IF2005,2020-04-13 10:06:04.600,3722.6000,10388,1,1905554940.000,1,1,0,双开,S,3722.2000,3721.8000,3721.6000,3721.4000,3721.2000,3722.6000,3723.0000,3723.2000,3723.4000,3723.8000,1,1,1,2,1,4,4,1,1,2
SF,IF2005,2020-04-13 10:06:06.600,3722.6000,10389,1,1906671720.000,1,1,0,双开,S,3722.2000,3721.8000,3721.6000,3721.4000,3721.2000,3722.6000,3723.0000,3723.2000,3723.4000,3723.8000,1,1,1,2,1,3,4,1,1,2
SF,IF2005,2020-04-13 10:06:07.600,3722.6000,10389,0,1906671720.000,0,-,-,-,-,3722.2000,3721.8000,3721.6000,3721.4000,3721.2000,3722.6000,3723.0000,3723.2000,3723.8000,3724.0000,1,1,1,2,1,3,4,1,2,14
SF,IF2005,2020-04-13 10:06:10.100,3722.6000,10390,1,1907788500.000,1,1,0,双开,S,3722.2000,3721.8000,3721.6000,3721.4000,3721.2000,3722.6000,3723.0000,3723.2000,3723.8000,3724.0000,1,1,1,2,1,2,4,1,2,14
SF,IF2005,2020-04-13 10:06:10.600,3722.6000,10392,2,1910022060.000,2,2,0,双开,S,3722.2000,3721.8000,3721.6000,3721.4000,3721.2000,3723.0000,3723.2000,3723.8000,3724.0000,3724.4000,1,1,1,2,1,4,1,2,14,2
SF,IF2005,2020-04-13 10:06:11.100,3722.6000,10392,0,1910022060.000,0,-,-,-,-,3722.6000,3722.2000,3721.8000,3721.6000,3721.4000,3723.0000,3723.2000,3723.8000,3724.0000,3724.4000,1,1,1,1,2,4,1,2,14,2
SF,IF2005,2020-04-13 10:06:11.600,3722.6000,10392,0,1910022060.000,0,-,-,-,-,3722.6000,3722.2000,3721.8000,3721.6000,3721.4000,3723.0000,3723.2000,3723.8000,3724.0000,3724.4000,3,1,1,1,2,4,1,2,14,2
SF,IF2005,2020-04-13 10:06:12.600,3722.6000,10392,0,1910022060.000,0,-,-,-,-,3722.6000,3722.2000,3721.8000,3721.6000,3721.4000,3723.0000,3723.2000,3723.8000,3724.0000,3724.4000,2,1,1,1,2,4,1,2,14,2
SF,IF2005,2020-04-13 10:06:13.100,3722.6000,10392,0,1912255620.000,2,1,1,多换,S,3722.2000,3721.8000,3721.6000,3721.4000,3721.2000,3723.0000,3723.2000,3723.8000,3724.0000,3724.4000,1,1,1,2,1,4,1,2,14,2
SF,IF2005,2020-04-13 10:06:14.600,3722.6000,10392,0,1912255620.000,0,-,-,-,-,3722.2000,3721.8000,3721.6000,3721.4000,3721.2000,3723.0000,3723.2000,3723.8000,3724.0000,3724.4000,1,1,1,2,1,4,1,2,14,2
SF,IF2005,2020-04-13 10:06:15.100,3722.6000,10392,0,1912255620.000,0,-,-,-,-,3722.2000,3721.8000,3721.6000,3721.4000,3721.2000,3723.0000,3723.2000,3723.8000,3724.0000,3724.4000,1,1,1,2,1,4,1,2,14,2
SF,IF2005,2020-04-13 10:06:15.600,3722.6000,10392,0,1912255620.000,0,-,-,-,-,3722.2000,3721.8000,3721.6000,3721.4000,3721.2000,3723.0000,3723.2000,3723.8000,3724.0000,3724.4000,1,1,1,2,1,4,1,2,14,2
SF,IF2005,2020-04-13 10:06:16.100,3722.6000,10392,0,1912255620.000,0,-,-,-,-,3722.2000,3721.8000,3721.6000,3721.4000,3721.2000,3723.0000,3723.2000,3723.8000,3724.0000,3724.4000,1,1,1,2,1,4,1,2,14,2
SF,IF2005,2020-04-13 10:06:16.600,3722.6000,10392,0,1912255620.000,0,-,-,-,-,3722.2000,3721.8000,3721.6000,3721.4000,3721.2000,3723.0000,3723.2000,3723.8000,3724.0000,3724.4000,1,1,1,2,1,5,1,2,14,2
SF,IF2005,2020-04-13 10:06:17.100,3722.6000,10392,0,1912255620.000,0,-,-,-,-,3722.2000,3721.8000,3721.6000,3721.4000,3721.2000,3723.0000,3723.2000,3723.8000,3724.0000,3724.4000,1,1,1,2,1,4,1,2,14,2
SF,IF2005,2020-04-13 10:06:18.100,3722.6000,10392,0,1912255620.000,0,-,-,-,-,3722.4000,3722.2000,3721.8000,3721.6000,3721.4000,3723.0000,3723.2000,3723.8000,3724.0000,3724.4000,1,1,1,1,2,5,1,2,14,2
SF,IF2005,2020-04-13 10:06:18.600,3722.6000,10392,0,1912255620.000,0,-,-,-,-,3722.4000,3722.2000,3721.8000,3721.6000,3721.4000,3723.0000,3723.2000,3723.8000,3724.0000,3724.4000,1,1,1,1,2,4,1,2,14,2
SF,IF2005,2020-04-13 10:06:19.100,3722.6000,10392,0,1912255620.000,0,-,-,-,-,3722.4000,3722.2000,3721.8000,3721.6000,3721.4000,3723.0000,3723.2000,3723.8000,3724.0000,3724.4000,1,1,1,1,2,4,1,2,14,2
SF,IF2005,2020-04-13 10:06:19.600,3722.6000,10392,0,1912255620.000,0,-,-,-,-,3722.4000,3722.2000,3721.8000,3721.6000,3721.4000,3723.0000,3723.2000,3723.8000,3724.0000,3724.4000,1,1,1,1,2,4,1,2,14,2
SF,IF2005,2020-04-13 10:06:20.100,3722.6000,10392,0,1912255620.000,0,-,-,-,-,3722.4000,3722.2000,3721.8000,3721.6000,3721.4000,3723.0000,3723.2000,3723.8000,3724.0000,3724.4000,1,1,1,1,2,5,1,2,14,2
SF,IF2005,2020-04-13 10:06:21.100,3722.6000,10392,0,1912255620.000,0,-,-,-,-,3722.2000,3721.8000,3721.6000,3721.4000,3721.2000,3723.0000,3723.2000,3723.8000,3724.0000,3724.4000,1,1,1,2,1,4,1,2,14,2
SF,IF2005,2020-04-13 10:06:21.600,3722.6000,10392,0,1912255620.000,0,-,-,-,-,3722.2000,3721.8000,3721.6000,3721.4000,3721.2000,3723.0000,3723.2000,3723.8000,3724.0000,3724.4000,1,1,1,2,1,4,1,2,14,2
SF,IF2005,2020-04-13 10:06:22.100,3722.6000,10392,0,1912255620.000,0,-,-,-,-,3722.2000,3721.8000,3721.6000,3721.4000,3721.2000,3723.0000,3723.2000,3723.8000,3724.0000,3724.4000,1,1,1,2,1,4,1,2,14,2
SF,IF2005,2020-04-13 10:06:22.600,3722.6000,10392,0,1912255620.000,0,-,-,-,-,3722.2000,3721.8000,3721.6000,3721.4000,3721.2000,3723.0000,3723.2000,3723.8000,3724.0000,3724.4000,1,1,1,2,1,4,1,2,14,2
SF,IF2005,2020-04-13 10:06:23.100,3722.6000,10392,0,1912255620.000,0,-,-,-,-,3722.2000,3721.8000,3721.6000,3721.4000,3721.2000,3723.0000,3723.2000,3723.8000,3724.0000,3724.4000,1,1,1,2,1,5,1,2,14,2
SF,IF2005,2020-04-13 10:06:23.600,3722.6000,10392,0,1912255620.000,0,-,-,-,-,3722.4000,3722.2000,3721.8000,3721.6000,3721.4000,3723.0000,3723.2000,3723.8000,3724.0000,3724.4000,1,1,1,1,2,5,1,2,14,2
SF,IF2005,2020-04-13 10:06:24.100,3723.0000,10392,0,1914489420.000,2,1,1,多换,S,3722.4000,3722.2000,3721.8000,3721.6000,3721.4000,3723.0000,3723.2000,3723.8000,3724.0000,3724.4000,1,1,1,1,2,2,1,2,14,2
SF,IF2005,2020-04-13 10:06:24.600,3723.0000,10392,0,1916723220.000,2,1,1,多换,S,3722.4000,3722.2000,3721.8000,3721.6000,3721.4000,3723.2000,3723.8000,3724.0000,3724.4000,3725.0000,1,1,1,1,2,1,2,14,2,1
SF,IF2005,2020-04-13 10:06:25.100,3723.0000,10393,1,1917840120.000,1,1,0,双开,S,3722.6000,3722.4000,3721.8000,3721.6000,3721.4000,3723.8000,3724.0000,3724.4000,3725.0000,3725.8000,1,1,1,1,2,2,14,2,1,1
SF,IF2005,2020-04-13 10:06:25.600,3723.0000,10393,0,1917840120.000,0,-,-,-,-,3722.8000,3722.6000,3721.6000,3721.4000,3721.2000,3723.8000,3724.0000,3724.4000,3725.0000,3725.8000,3,2,1,2,1,2,14,2,1,1
SF,IF2005,2020-04-13 10:06:26.100,3723.0000,10393,0,1917840120.000,0,-,-,-,-,3722.8000,3722.6000,3721.6000,3721.4000,3721.2000,3723.8000,3724.0000,3724.4000,3725.0000,3725.8000,3,2,1,2,1,2,14,2,1,1
SF,IF2005,2020-04-13 10:06:26.600,3723.0000,10393,0,1917840120.000,0,-,-,-,-,3723.0000,3722.8000,3722.6000,3721.6000,3721.4000,3723.6000,3723.8000,3724.0000,3724.4000,3725.0000,1,1,2,1,2,1,2,14,2,1
SF,IF2005,2020-04-13 10:06:27.600,3723.0000,10393,0,1917840120.000,0,-,-,-,-,3722.8000,3722.6000,3721.6000,3721.4000,3721.2000,3723.6000,3723.8000,3724.0000,3724.2000,3724.4000,1,2,1,2,1,1,2,14,1,2
SF,IF2005,2020-04-13 10:06:29.600,3723.0000,10393,0,1917840120.000,0,-,-,-,-,3722.8000,3722.6000,3721.6000,3721.4000,3721.2000,3723.6000,3723.8000,3724.0000,3724.2000,3725.0000,1,2,1,2,1,1,2,14,1,1
SF,IF2005,2020-04-13 10:06:30.100,3723.0000,10393,0,1917840120.000,0,-,-,-,-,3722.8000,3722.6000,3721.6000,3721.4000,3721.2000,3723.8000,3724.0000,3724.2000,3725.0000,3725.4000,1,2,1,2,1,2,14,1,1,2
SF,IF2005,2020-04-13 10:06:30.600,3723.8000,10393,0,1918957260.000,1,0,1,多换,S,3723.0000,3722.8000,3722.6000,3721.6000,3721.4000,3723.8000,3724.0000,3724.2000,3725.0000,3725.4000,2,1,2,1,2,1,14,1,1,2
SF,IF2005,2020-04-13 10:06:31.100,3723.8000,10393,0,1918957260.000,0,-,-,-,-,3723.2000,3723.0000,3722.6000,3721.6000,3721.4000,3723.8000,3724.0000,3724.2000,3725.0000,3725.4000,1,2,1,1,2,1,14,1,1,2
SF,IF2005,2020-04-13 10:06:31.600,3723.8000,10392,-1,1920074400.000,1,0,1,双平,S,3723.2000,3723.0000,3722.6000,3721.6000,3721.4000,3724.0000,3724.2000,3725.0000,3725.4000,3725.8000,1,2,1,1,2,14,1,1,2,1
SF,IF2005,2020-04-13 10:06:32.100,3723.8000,10392,0,1920074400.000,0,-,-,-,-,3723.8000,3723.4000,3723.2000,3723.0000,3721.6000,3724.0000,3725.0000,3725.4000,3725.8000,3726.0000,1,1,1,1,1,14,1,2,1,1
SF,IF2005,2020-04-13 10:06:32.600,3723.8000,10392,0,1920074400.000,0,-,-,-,-,3723.8000,3723.6000,3723.4000,3721.6000,3721.4000,3724.0000,3725.0000,3725.4000,3725.8000,3726.0000,1,1,1,1,2,14,1,2,1,1
SF,IF2005,2020-04-13 10:06:33.100,3724.0000,10393,1,1921191600.000,1,1,0,双开,S,3723.6000,3723.4000,3721.6000,3721.4000,3721.2000,3724.0000,3725.0000,3725.8000,3726.0000,3728.0000,1,1,1,2,1,13,1,1,1,2
SF,IF2005,2020-04-13 10:06:33.600,3724.0000,10393,0,1921191600.000,0,-,-,-,-,3723.6000,3723.4000,3721.6000,3721.4000,3721.2000,3724.0000,3725.0000,3725.8000,3726.0000,3726.4000,1,1,1,2,1,13,1,1,1,2
SF,IF2005,2020-04-13 10:06:34.100,3724.0000,10393,0,1921191600.000,0,-,-,-,-,3723.6000,3723.4000,3722.6000,3721.6000,3721.4000,3724.0000,3725.0000,3725.8000,3726.0000,3726.4000,1,1,1,1,2,13,1,1,1,2
SF,IF2005,2020-04-13 10:06:34.600,3724.0000,10394,1,1922308800.000,1,1,0,双开,S,3723.6000,3723.4000,3722.6000,3721.6000,3721.4000,3724.0000,3725.0000,3725.8000,3726.0000,3726.4000,1,1,1,1,2,12,1,1,1,2
SF,IF2005,2020-04-13 10:06:35.600,3724.0000,10394,0,1922308800.000,0,-,-,-,-,3723.4000,3722.6000,3721.6000,3721.4000,3721.2000,3724.0000,3725.0000,3725.8000,3726.0000,3726.4000,1,1,1,2,1,12,1,1,1,2
SF,IF2005,2020-04-13 10:06:36.600,3723.4000,10393,-1,1923425820.000,1,0,1,双平,S,3722.6000,3721.6000,3721.4000,3721.2000,3721.0000,3724.0000,3725.0000,3725.8000,3726.0000,3726.4000,1,1,2,1,1,12,1,1,1,2
SF,IF2005,2020-04-13 10:06:37.100,3723.4000,10393,0,1923425820.000,0,-,-,-,-,3723.0000,3722.8000,3722.6000,3721.6000,3721.4000,3724.0000,3725.0000,3725.8000,3726.0000,3726.4000,1,4,1,1,2,12,1,1,1,2
SF,IF2005,2020-04-13 10:06:37.600,3723.4000,10393,0,1923425820.000,0,-,-,-,-,3723.0000,3722.8000,3722.6000,3721.6000,3721.4000,3724.0000,3725.0000,3725.8000,3726.0000,3728.0000,2,6,1,1,2,12,1,1,1,2
SF,IF2005,2020-04-13 10:06:38.100,3724.0000,10394,1,1924543020.000,1,1,0,双开,S,3723.2000,3723.0000,3722.8000,3722.6000,3721.6000,3724.0000,3725.0000,3725.4000,3725.8000,3726.0000,2,2,4,1,1,11,1,2,1,1
SF,IF2005,2020-04-13 10:06:38.600,3724.0000,10394,0,1924543020.000,0,-,-,-,-,3722.8000,3722.6000,3721.6000,3721.4000,3721.2000,3724.0000,3725.0000,3725.4000,3725.8000,3726.0000,3,1,1,2,1,11,1,2,1,1
SF,IF2005,2020-04-13 10:06:39.100,3724.0000,10394,0,1924543020.000,0,-,-,-,-,3723.0000,3722.8000,3722.6000,3721.6000,3721.4000,3724.0000,3725.0000,3725.4000,3725.8000,3726.0000,4,3,1,1,2,11,1,2,1,1
SF,IF2005,2020-04-13 10:06:40.600,3724.0000,10394,0,1924543020.000,0,-,-,-,-,3723.0000,3722.8000,3722.6000,3721.6000,3721.4000,3724.0000,3725.0000,3725.4000,3725.8000,3726.0000,6,3,1,1,2,11,1,2,1,1
SF,IF2005,2020-04-13 10:06:41.100,3724.0000,10395,1,1925660220.000,1,1,0,双开,S,3723.2000,3723.0000,3722.8000,3722.6000,3721.6000,3724.0000,3725.0000,3725.4000,3725.8000,3726.0000,2,4,3,1,1,10,1,2,1,1
SF,IF2005,2020-04-13 10:06:41.600,3724.0000,10395,0,1930129020.000,4,2,2,多换,S,3723.4000,3723.0000,3722.8000,3722.6000,3721.6000,3724.0000,3725.0000,3725.4000,3725.8000,3726.0000,2,3,3,1,1,6,1,2,1,1
SF,IF2005,2020-04-13 10:06:42.100,3724.0000,10396,1,1931246220.000,1,1,0,双开,S,3723.4000,3723.0000,3722.8000,3722.6000,3721.6000,3724.0000,3725.0000,3725.4000,3725.8000,3726.0000,2,3,3,1,1,5,1,2,1,1
SF,IF2005,2020-04-13 10:06:43.100,3724.0000,10397,1,1932363420.000,1,1,0,双开,S,3723.4000,3723.0000,3722.8000,3722.6000,3721.6000,3724.0000,3725.0000,3725.4000,3725.8000,3726.0000,2,3,2,1,1,4,1,2,1,1
SF,IF2005,2020-04-13 10:06:44.600,3724.0000,10398,1,1933480620.000,1,1,0,双开,S,3723.4000,3723.0000,3722.8000,3722.6000,3721.6000,3724.0000,3725.0000,3725.4000,3725.8000,3726.0000,2,3,2,1,1,3,1,2,1,1
SF,IF2005,2020-04-13 10:06:45.100,3724.0000,10398,0,1933480620.000,0,-,-,-,-,3723.4000,3723.0000,3722.8000,3722.6000,3721.6000,3724.0000,3725.0000,3725.4000,3725.8000,3726.0000,1,3,2,1,1,3,1,2,1,1
SF,IF2005,2020-04-13 10:06:46.100,3724.0000,10398,0,1933480620.000,0,-,-,-,-,3723.4000,3723.0000,3722.8000,3722.6000,3721.6000,3724.0000,3725.0000,3725.4000,3725.8000,3726.0000,1,3,2,1,1,3,1,2,1,1
SF,IF2005,2020-04-13 10:06:46.600,3724.0000,10399,1,1934597820.000,1,1,0,双开,S,3723.4000,3723.0000,3722.8000,3722.6000,3721.6000,3725.0000,3725.4000,3725.8000,3726.0000,3728.0000,1,2,2,1,1,1,2,1,1,2
SF,IF2005,2020-04-13 10:06:47.100,3724.0000,10399,0,1934597820.000,0,-,-,-,-,3723.6000,3723.4000,3723.0000,3722.6000,3721.6000,3724.8000,3725.0000,3725.4000,3725.8000,3726.0000,1,1,2,1,1,2,1,2,1,1
SF,IF2005,2020-04-13 10:06:47.600,3724.0000,10399,0,1934597820.000,0,-,-,-,-,3724.0000,3723.6000,3723.0000,3722.6000,3721.6000,3724.6000,3724.8000,3725.0000,3725.4000,3725.8000,1,1,2,1,1,1,4,1,2,1
SF,IF2005,2020-04-13 10:06:48.100,3724.0000,10399,0,1934597820.000,0,-,-,-,-,3724.0000,3723.6000,3723.0000,3722.6000,3721.6000,3724.6000,3724.8000,3725.0000,3725.4000,3725.8000,1,1,2,1,1,1,2,1,2,1
SF,IF2005,2020-04-13 10:06:49.600,3724.0000,10398,-1,1935715020.000,1,0,1,双平,S,3723.6000,3723.0000,3722.6000,3721.6000,3721.4000,3724.6000,3724.8000,3725.0000,3725.4000,3725.8000,1,2,1,1,2,1,2,1,2,1
SF,IF2005,2020-04-13 10:06:50.100,3724.6000,10398,0,1936832400.000,1,0,1,多换,S,3723.6000,3723.0000,3722.6000,3721.6000,3721.4000,3724.8000,3725.0000,3725.4000,3725.8000,3726.0000,1,2,1,1,2,2,1,2,1,1
SF,IF2005,2020-04-13 10:06:51.100,3724.6000,10398,0,1936832400.000,0,-,-,-,-,3723.6000,3722.6000,3721.6000,3721.4000,3721.2000,3724.8000,3725.0000,3725.4000,3725.8000,3726.0000,1,1,1,2,1,2,1,2,1,1
SF,IF2005,2020-04-13 10:06:52.100,3724.6000,10398,0,1936832400.000,0,-,-,-,-,3723.6000,3722.6000,3721.6000,3721.4000,3721.2000,3724.6000,3724.8000,3725.0000,3725.4000,3725.8000,1,1,1,2,1,1,2,1,2,1
SF,IF2005,2020-04-13 10:06:52.600,3724.6000,10398,0,1936832400.000,0,-,-,-,-,3723.8000,3723.6000,3722.6000,3721.6000,3721.4000,3724.6000,3724.8000,3725.0000,3725.4000,3725.8000,1,1,1,1,2,1,2,1,2,1
SF,IF2005,2020-04-13 10:06:53.600,3724.6000,10398,0,1936832400.000,0,-,-,-,-,3723.6000,3722.6000,3721.6000,3721.4000,3721.2000,3724.6000,3724.8000,3725.0000,3725.4000,3725.8000,1,1,1,2,1,1,3,1,2,1
SF,IF2005,2020-04-13 10:06:54.600,3724.6000,10398,0,1936832400.000,0,-,-,-,-,3724.0000,3723.8000,3723.6000,3722.6000,3721.6000,3724.8000,3725.0000,3725.4000,3725.8000,3726.0000,2,1,1,1,1,3,1,2,1,1
SF,IF2005,2020-04-13 10:06:55.100,3724.0000,10398,0,1939066800.000,2,1,1,多换,S,3723.6000,3722.6000,3721.6000,3721.4000,3721.2000,3724.8000,3725.0000,3725.4000,3725.8000,3726.0000,1,1,1,2,1,3,1,2,1,1
SF,IF2005,2020-04-13 10:06:57.100,3724.0000,10398,0,1939066800.000,0,-,-,-,-,3723.6000,3722.6000,3721.6000,3721.4000,3721.2000,3724.6000,3724.8000,3725.0000,3725.4000,3725.8000,1,1,1,2,1,1,3,1,2,1
SF,IF2005,2020-04-13 10:06:59.100,3724.0000,10398,0,1939066800.000,0,-,-,-,-,3723.6000,3722.6000,3721.6000,3721.4000,3721.2000,3724.6000,3724.8000,3725.0000,3725.4000,3725.8000,1,1,1,2,1,1,3,1,2,1
SF,IF2005,2020-04-13 10:06:59.600,3724.0000,10398,0,1939066800.000,0,-,-,-,-,3723.6000,3722.6000,3721.6000,3721.4000,3721.2000,3724.6000,3724.8000,3725.0000,3725.4000,3725.8000,1,1,1,2,1,1,3,1,2,1
SF,IF2005,2020-04-13 10:07:00.100,3724.0000,10398,0,1939066800.000,0,-,-,-,-,3723.6000,3722.6000,3721.6000,3721.4000,3721.2000,3724.4000,3724.6000,3724.8000,3725.0000,3725.4000,1,1,1,2,1,2,1,2,1,2
SF,IF2005,2020-04-13 10:07:01.100,3724.0000,10398,0,1939066800.000,0,-,-,-,-,3723.6000,3722.6000,3721.6000,3721.4000,3721.2000,3724.4000,3724.6000,3724.8000,3725.0000,3725.4000,1,1,1,2,1,1,1,2,1,2
SF,IF2005,2020-04-13 10:07:02.600,3724.0000,10398,0,1939066800.000,0,-,-,-,-,3723.6000,3722.6000,3721.6000,3721.4000,3721.2000,3724.4000,3724.8000,3725.0000,3725.4000,3725.8000,1,1,1,2,1,1,2,1,2,1
SF,IF2005,2020-04-13 10:07:03.100,3724.0000,10398,0,1939066800.000,0,-,-,-,-,3722.6000,3721.6000,3721.4000,3721.2000,3720.0000,3724.4000,3724.8000,3725.0000,3725.4000,3725.8000,1,1,2,1,6,1,1,1,2,1
SF,IF2005,2020-04-13 10:07:03.600,3724.0000,10398,0,1939066800.000,0,-,-,-,-,3723.2000,3722.8000,3722.6000,3721.6000,3721.4000,3724.4000,3724.8000,3725.0000,3725.4000,3725.8000,1,2,1,1,2,1,1,1,2,1
SF,IF2005,2020-04-13 10:07:04.100,3724.0000,10398,0,1939066800.000,0,-,-,-,-,3723.4000,3723.2000,3722.8000,3722.6000,3721.6000,3724.4000,3724.8000,3725.0000,3725.4000,3725.8000,1,1,1,1,1,1,1,1,2,1
SF,IF2005,2020-04-13 10:07:04.600,3724.0000,10398,0,1939066800.000,0,-,-,-,-,3723.4000,3723.2000,3722.6000,3721.6000,3721.4000,3723.6000,3724.4000,3724.8000,3725.0000,3725.4000,1,1,1,1,2,1,1,1,1,2
SF,IF2005,2020-04-13 10:07:05.100,3724.0000,10398,0,1939066800.000,0,-,-,-,-,3723.4000,3723.2000,3722.6000,3721.6000,3721.4000,3723.6000,3724.2000,3724.4000,3724.8000,3725.0000,1,1,1,1,2,1,3,1,1,1
SF,IF2005,2020-04-13 10:07:05.600,3723.6000,10398,0,1940183880.000,1,0,1,多换,S,3723.4000,3723.2000,3722.6000,3721.6000,3721.4000,3724.0000,3724.4000,3724.8000,3725.0000,3725.4000,1,1,1,1,2,8,1,1,1,2
SF,IF2005,2020-04-13 10:07:06.100,3723.4000,10398,0,1941300900.000,1,0,1,多换,S,3723.2000,3722.6000,3721.6000,3721.4000,3721.2000,3724.0000,3724.4000,3724.8000,3725.0000,3725.4000,1,1,1,2,1,8,1,1,1,2
SF,IF2005,2020-04-13 10:07:06.600,3723.4000,10398,0,1941300900.000,0,-,-,-,-,3723.2000,3722.6000,3721.6000,3721.4000,3721.2000,3724.0000,3724.4000,3724.8000,3725.0000,3725.4000,1,1,1,2,1,8,1,1,1,2
SF,IF2005,2020-04-13 10:07:07.100,3723.4000,10398,0,1941300900.000,0,-,-,-,-,3723.2000,3722.6000,3721.6000,3721.4000,3721.2000,3724.0000,3724.4000,3724.8000,3725.0000,3725.4000,1,1,1,2,1,8,1,1,1,2
SF,IF2005,2020-04-13 10:07:09.100,3723.4000,10398,0,1941300900.000,0,-,-,-,-,3722.6000,3721.6000,3721.4000,3721.2000,3720.0000,3724.0000,3724.4000,3724.8000,3725.0000,3725.4000,1,1,2,1,6,8,1,1,1,2
SF,IF2005,2020-04-13 10:07:09.600,3723.4000,10398,0,1941300900.000,0,-,-,-,-,3723.0000,3722.8000,3722.6000,3721.6000,3721.4000,3724.0000,3724.4000,3724.8000,3725.0000,3725.4000,1,2,1,1,2,8,1,1,1,2
SF,IF2005,2020-04-13 10:07:10.100,3723.4000,10398,0,1941300900.000,0,-,-,-,-,3722.8000,3722.6000,3721.6000,3721.4000,3721.2000,3724.0000,3724.4000,3724.8000,3725.0000,3725.4000,2,1,1,2,1,8,1,1,1,2
SF,IF2005,2020-04-13 10:07:11.600,3722.8000,10398,0,1942417740.000,1,0,1,多换,S,3723.0000,3722.8000,3722.6000,3721.6000,3721.4000,3724.0000,3724.8000,3725.0000,3725.4000,3725.8000,1,1,1,1,2,8,1,1,2,1
SF,IF2005,2020-04-13 10:07:12.100,3722.8000,10398,0,1942417740.000,0,-,-,-,-,3723.4000,3723.0000,3722.8000,3722.6000,3721.6000,3723.8000,3724.0000,3724.8000,3725.0000,3725.4000,2,1,2,1,1,1,8,1,1,2
SF,IF2005,2020-04-13 10:07:12.600,3722.8000,10396,-2,1946885520.000,4,1,3,多平,S,3722.6000,3721.6000,3721.4000,3721.2000,3720.0000,3723.2000,3723.4000,3723.8000,3724.0000,3724.8000,1,1,2,1,6,1,1,7,8,1
SF,IF2005,2020-04-13 10:07:13.100,3722.8000,10396,0,1946885520.000,0,-,-,-,-,3722.6000,3721.6000,3721.4000,3721.2000,3720.0000,3723.4000,3723.8000,3724.0000,3724.8000,3725.0000,1,1,2,1,6,1,7,8,1,1
SF,IF2005,2020-04-13 10:07:13.600,3722.8000,10396,0,1946885520.000,0,-,-,-,-,3722.6000,3721.6000,3721.4000,3721.2000,3720.0000,3723.4000,3723.8000,3724.0000,3724.8000,3725.0000,1,1,2,1,6,1,3,8,1,1
SF,IF2005,2020-04-13 10:07:17.100,3723.4000,10396,0,1948002540.000,1,0,1,多换,S,3722.8000,3722.6000,3721.6000,3721.4000,3721.2000,3723.8000,3724.0000,3724.8000,3725.0000,3725.4000,1,1,1,2,1,3,8,1,1,2
SF,IF2005,2020-04-13 10:07:17.600,3723.4000,10396,0,1949119560.000,1,0,1,多换,S,3723.4000,3723.0000,3722.8000,3722.6000,3721.6000,3724.0000,3724.8000,3725.0000,3725.4000,3725.8000,1,4,3,1,1,8,1,1,2,1
SF,IF2005,2020-04-13 10:07:18.100,3723.4000,10396,0,1949119560.000,0,-,-,-,-,3723.4000,3723.0000,3722.8000,3722.6000,3721.6000,3724.0000,3724.8000,3725.0000,3725.4000,3725.8000,1,1,3,1,1,8,1,1,2,1
SF,IF2005,2020-04-13 10:07:18.600,3723.4000,10396,0,1949119560.000,0,-,-,-,-,3723.8000,3723.0000,3722.8000,3722.6000,3721.6000,3724.0000,3724.8000,3725.0000,3725.4000,3725.8000,1,1,3,1,1,8,1,1,2,1
SF,IF2005,2020-04-13 10:07:19.100,3723.4000,10396,0,1950236580.000,1,0,1,多换,S,3723.0000,3722.8000,3722.6000,3721.6000,3721.4000,3723.8000,3724.0000,3724.8000,3725.0000,3725.4000,1,2,1,1,2,1,8,1,1,2
SF,IF2005,2020-04-13 10:07:19.600,3723.4000,10396,0,1950236580.000,0,-,-,-,-,3723.0000,3722.8000,3722.6000,3721.6000,3721.4000,3723.6000,3723.8000,3724.0000,3724.8000,3725.0000,1,1,1,1,2,2,1,8,1,1
SF,IF2005,2020-04-13 10:07:20.100,3723.0000,10396,0,1951353480.000,1,0,1,多换,S,3722.8000,3722.6000,3721.6000,3721.4000,3720.0000,3723.8000,3724.0000,3724.8000,3725.0000,3725.4000,1,1,1,2,6,1,8,1,1,2
SF,IF2005,2020-04-13 10:07:20.600,3723.0000,10396,0,1951353480.000,0,-,-,-,-,3723.0000,3722.8000,3722.6000,3721.6000,3721.4000,3723.8000,3724.0000,3724.8000,3725.0000,3725.4000,1,1,1,1,2,1,8,1,1,2
SF,IF2005,2020-04-13 10:07:22.100,3723.0000,10396,0,1951353480.000,0,-,-,-,-,3722.8000,3722.6000,3721.6000,3721.4000,3720.0000,3723.8000,3724.0000,3724.8000,3725.0000,3725.4000,1,1,1,2,6,1,8,1,1,2
SF,IF2005,2020-04-13 10:07:23.100,3723.0000,10396,0,1951353480.000,0,-,-,-,-,3723.0000,3722.8000,3722.6000,3721.6000,3721.4000,3723.8000,3724.0000,3724.8000,3725.0000,3725.4000,1,1,1,1,2,1,8,1,1,2
SF,IF2005,2020-04-13 10:07:24.100,3723.0000,10396,0,1951353480.000,0,-,-,-,-,3722.8000,3722.6000,3721.6000,3721.4000,3720.0000,3723.8000,3724.0000,3724.8000,3725.0000,3725.4000,1,1,1,2,6,1,8,1,1,2
SF,IF2005,2020-04-13 10:07:24.600,3723.0000,10396,0,1951353480.000,0,-,-,-,-,3723.0000,3722.8000,3722.6000,3721.6000,3721.4000,3723.6000,3724.0000,3724.8000,3725.0000,3725.4000,1,1,1,1,2,1,8,1,1,2
SF,IF2005,2020-04-13 10:07:25.100,3723.0000,10396,0,1952470380.000,1,0,1,多换,S,3723.0000,3722.8000,3722.6000,3721.6000,3721.4000,3723.6000,3724.0000,3724.8000,3725.0000,3725.4000,2,1,1,1,2,1,8,1,1,2
SF,IF2005,2020-04-13 10:07:25.600,3723.6000,10397,1,1953587460.000,1,1,0,双开,S,3723.0000,3722.8000,3722.6000,3721.6000,3721.4000,3724.0000,3724.8000,3725.0000,3725.4000,3725.8000,1,1,1,1,2,8,1,1,2,1
SF,IF2005,2020-04-13 10:07:26.100,3723.6000,10397,0,1953587460.000,0,-,-,-,-,3723.0000,3722.8000,3722.6000,3721.6000,3721.4000,3723.8000,3724.0000,3724.8000,3725.0000,3725.4000,1,1,1,1,2,1,8,1,1,2
SF,IF2005,2020-04-13 10:07:26.600,3723.6000,10397,0,1953587460.000,0,-,-,-,-,3723.2000,3723.0000,3722.8000,3722.6000,3721.6000,3723.8000,3724.0000,3724.8000,3725.0000,3725.4000,1,1,1,1,1,1,8,1,1,2
SF,IF2005,2020-04-13 10:07:27.100,3723.6000,10397,0,1953587460.000,0,-,-,-,-,3723.8000,3723.0000,3722.8000,3722.6000,3721.6000,3724.0000,3724.8000,3725.0000,3725.4000,3725.8000,1,1,1,1,1,8,1,1,2,1
SF,IF2005,2020-04-13 10:07:27.600,3723.8000,10398,1,1954704600.000,1,1,0,双开,S,3723.0000,3722.8000,3722.6000,3721.6000,3721.4000,3724.0000,3724.8000,3725.0000,3725.4000,3725.8000,1,1,1,1,2,8,1,1,2,1
SF,IF2005,2020-04-13 10:07:28.100,3723.8000,10398,0,1954704600.000,0,-,-,-,-,3723.2000,3723.0000,3722.8000,3722.6000,3721.6000,3724.0000,3724.8000,3725.0000,3725.4000,3725.8000,1,1,1,1,1,8,1,1,2,1
SF,IF2005,2020-04-13 10:07:29.600,3723.8000,10398,0,1954704600.000,0,-,-,-,-,3723.0000,3722.8000,3722.6000,3721.6000,3721.4000,3724.0000,3724.8000,3725.0000,3725.4000,3725.8000,1,1,1,1,2,8,1,1,2,1
SF,IF2005,2020-04-13 10:07:30.100,3724.0000,10399,1,1955821800.000,1,1,0,双开,S,3723.2000,3723.0000,3722.8000,3722.6000,3721.6000,3724.0000,3724.8000,3725.0000,3725.4000,3725.8000,4,1,1,1,1,7,1,1,2,1
SF,IF2005,2020-04-13 10:07:30.600,3723.2000,10399,0,1956938760.000,1,0,1,多换,S,3723.2000,3723.0000,3722.8000,3722.6000,3721.6000,3724.0000,3724.8000,3725.0000,3725.4000,3725.8000,3,1,1,1,1,7,1,1,2,1
SF,IF2005,2020-04-13 10:07:31.100,3723.2000,10399,0,1956938760.000,0,-,-,-,-,3723.2000,3723.0000,3722.8000,3722.6000,3721.6000,3724.0000,3724.8000,3725.0000,3725.4000,3725.8000,1,1,1,1,1,7,1,1,2,1
SF,IF2005,2020-04-13 10:07:31.600,3723.2000,10399,0,1956938760.000,0,-,-,-,-,3723.2000,3723.0000,3722.8000,3722.6000,3721.6000,3724.0000,3724.8000,3725.0000,3725.4000,3725.8000,2,1,1,1,1,7,1,1,2,1
SF,IF2005,2020-04-13 10:07:33.100,3723.2000,10399,0,1956938760.000,0,-,-,-,-,3723.2000,3722.8000,3722.6000,3721.6000,3721.4000,3723.8000,3724.0000,3724.8000,3725.0000,3725.4000,1,1,1,1,2,3,7,1,1,2
SF,IF2005,2020-04-13 10:07:33.600,3723.2000,10399,0,1956938760.000,0,-,-,-,-,3723.2000,3722.8000,3722.6000,3721.6000,3721.4000,3723.8000,3724.0000,3724.8000,3725.0000,3725.4000,1,1,1,1,2,1,7,1,1,2
SF,IF2005,2020-04-13 10:07:34.600,3723.2000,10400,1,1958055720.000,1,1,0,双开,S,3722.6000,3722.0000,3721.6000,3721.4000,3720.0000,3723.2000,3723.4000,3723.6000,3724.0000,3724.8000,1,1,1,2,6,1,1,1,7,1
SF,IF2005,2020-04-13 10:07:35.100,3723.2000,10401,1,1960289460.000,2,1,1,空开,S,3722.0000,3721.6000,3721.4000,3720.0000,3718.6000,3723.6000,3724.0000,3724.8000,3725.0000,3725.4000,1,1,2,6,4,1,7,1,1,2
SF,IF2005,2020-04-13 10:07:35.600,3723.2000,10401,0,1960289460.000,0,-,-,-,-,3722.0000,3721.4000,3720.0000,3718.6000,3718.0000,3722.6000,3723.2000,3723.4000,3723.6000,3724.0000,1,1,6,4,10,1,2,1,1,7
SF,IF2005,2020-04-13 10:07:36.100,3722.6000,10401,0,1961406240.000,1,0,1,多换,S,3722.0000,3721.4000,3720.0000,3718.6000,3718.0000,3723.2000,3723.4000,3723.6000,3724.0000,3724.4000,1,1,6,4,10,2,1,1,7,2
SF,IF2005,2020-04-13 10:07:36.600,3723.2000,10399,-2,1963640100.000,2,0,2,双平,S,3722.2000,3722.0000,3721.4000,3720.0000,3718.6000,3723.2000,3723.6000,3724.0000,3724.4000,3724.8000,2,1,1,6,4,1,1,7,2,1
SF,IF2005,2020-04-13 10:07:37.100,3723.2000,10399,0,1963640100.000,0,-,-,-,-,3722.4000,3722.2000,3722.0000,3721.4000,3720.0000,3723.6000,3724.0000,3724.8000,3725.0000,3725.8000,4,3,1,1,6,1,7,1,1,1
SF,IF2005,2020-04-13 10:07:37.600,3723.2000,10399,0,1963640100.000,0,-,-,-,-,3722.6000,3722.4000,3722.2000,3722.0000,3721.4000,3724.0000,3724.8000,3725.0000,3725.6000,3725.8000,4,2,1,1,1,7,1,1,2,1
SF,IF2005,2020-04-13 10:07:38.100,3723.2000,10399,0,1963640100.000,0,-,-,-,-,3722.8000,3722.6000,3722.2000,3722.0000,3721.4000,3724.0000,3724.8000,3725.0000,3725.6000,3725.8000,2,4,1,1,1,7,1,1,2,1
SF,IF2005,2020-04-13 10:07:39.100,3723.2000,10399,0,1963640100.000,0,-,-,-,-,3722.8000,3722.6000,3722.2000,3722.0000,3721.4000,3724.0000,3724.8000,3725.0000,3725.6000,3725.8000,2,2,1,1,1,7,1,1,2,1
SF,IF2005,2020-04-13 10:07:40.600,3723.2000,10399,0,1963640100.000,0,-,-,-,-,3723.0000,3722.8000,3722.6000,3722.2000,3722.0000,3724.0000,3724.8000,3725.0000,3725.6000,3725.8000,1,2,2,1,1,7,1,1,2,1
SF,IF2005,2020-04-13 10:07:41.100,3723.2000,10399,0,1963640100.000,0,-,-,-,-,3722.8000,3722.6000,3722.2000,3722.0000,3721.4000,3723.8000,3724.0000,3724.8000,3725.0000,3725.6000,2,2,1,1,1,1,7,1,1,2
SF,IF2005,2020-04-13 10:07:41.600,3723.2000,10399,0,1963640100.000,0,-,-,-,-,3722.8000,3722.6000,3722.2000,3722.0000,3721.4000,3724.0000,3724.8000,3725.0000,3725.6000,3725.8000,2,2,1,1,1,7,1,1,2,1
SF,IF2005,2020-04-13 10:07:42.100,3723.2000,10399,0,1963640100.000,0,-,-,-,-,3723.0000,3722.8000,3722.6000,3722.2000,3722.0000,3724.0000,3724.8000,3725.0000,3725.6000,3725.8000,1,2,2,1,1,7,1,1,2,1
SF,IF2005,2020-04-13 10:07:42.600,3723.2000,10399,0,1963640100.000,0,-,-,-,-,3722.8000,3722.6000,3722.2000,3722.0000,3721.4000,3724.0000,3724.8000,3725.0000,3725.6000,3725.8000,2,2,1,1,1,7,1,1,2,1
SF,IF2005,2020-04-13 10:07:44.600,3723.2000,10399,0,1963640100.000,0,-,-,-,-,3722.8000,3722.6000,3722.2000,3722.0000,3721.4000,3723.8000,3724.0000,3724.8000,3725.0000,3725.6000,2,2,1,1,1,1,7,1,1,2
SF,IF2005,2020-04-13 10:07:45.100,3723.2000,10399,0,1963640100.000,0,-,-,-,-,3722.8000,3722.6000,3722.0000,3721.4000,3720.0000,3723.8000,3724.0000,3724.8000,3725.0000,3725.6000,2,2,1,1,6,2,7,1,1,2
SF,IF2005,2020-04-13 10:07:46.600,3723.2000,10399,0,1963640100.000,0,-,-,-,-,3723.0000,3722.8000,3722.6000,3722.0000,3721.4000,3723.8000,3724.0000,3724.8000,3725.0000,3725.6000,1,2,2,1,1,1,7,1,1,2
SF,IF2005,2020-04-13 10:07:47.100,3723.2000,10399,0,1963640100.000,0,-,-,-,-,3722.8000,3722.6000,3722.0000,3721.4000,3720.0000,3723.8000,3724.0000,3724.8000,3725.0000,3725.6000,2,2,1,1,6,1,7,1,1,2
SF,IF2005,2020-04-13 10:07:48.600,3723.2000,10399,0,1963640100.000,0,-,-,-,-,3722.8000,3722.6000,3722.0000,3721.4000,3720.0000,3723.8000,3724.0000,3724.8000,3725.0000,3725.6000,2,1,1,1,6,1,7,1,1,2
SF,IF2005,2020-04-13 10:07:49.100,3723.8000,10400,1,1964757240.000,1,1,0,双开,S,3723.0000,3722.8000,3722.6000,3722.0000,3721.4000,3724.0000,3724.8000,3725.0000,3725.6000,3725.8000,1,2,1,1,1,7,1,1,2,1
SF,IF2005,2020-04-13 10:07:49.600,3723.8000,10400,0,1964757240.000,0,-,-,-,-,3723.2000,3723.0000,3722.8000,3722.6000,3722.0000,3724.0000,3724.8000,3725.0000,3725.6000,3725.8000,1,1,1,1,1,7,1,1,2,1
SF,IF2005,2020-04-13 10:07:50.100,3723.8000,10400,0,1964757240.000,0,-,-,-,-,3723.2000,3723.0000,3722.8000,3722.0000,3721.4000,3724.0000,3724.8000,3725.0000,3725.6000,3725.8000,1,1,1,1,1,7,1,1,2,1
SF,IF2005,2020-04-13 10:07:50.600,3724.0000,10401,1,1965874440.000,1,1,0,双开,S,3723.6000,3723.4000,3723.2000,3723.0000,3722.0000,3724.0000,3724.8000,3725.0000,3725.6000,3725.8000,1,1,1,1,1,6,1,1,2,1
SF,IF2005,2020-04-13 10:07:51.600,3724.0000,10402,1,1966991640.000,1,1,0,双开,S,3723.6000,3723.4000,3723.2000,3723.0000,3722.0000,3724.0000,3724.8000,3725.0000,3725.6000,3725.8000,1,1,1,1,1,5,1,1,2,1
SF,IF2005,2020-04-13 10:07:52.100,3724.0000,10402,0,1966991640.000,0,-,-,-,-,3723.6000,3723.4000,3723.2000,3723.0000,3722.0000,3724.0000,3724.8000,3725.0000,3725.6000,3725.8000,1,1,1,2,1,5,1,1,2,1
SF,IF2005,2020-04-13 10:07:53.100,3724.0000,10402,0,1966991640.000,0,-,-,-,-,3723.6000,3723.4000,3723.2000,3723.0000,3722.0000,3724.0000,3724.8000,3725.0000,3725.6000,3725.8000,1,1,1,2,1,5,1,1,2,1
SF,IF2005,2020-04-13 10:07:54.600,3724.0000,10402,0,1966991640.000,0,-,-,-,-,3723.6000,3723.4000,3723.0000,3722.0000,3721.4000,3724.0000,3724.8000,3725.0000,3725.6000,3725.8000,1,1,2,1,1,5,1,1,2,1
SF,IF2005,2020-04-13 10:07:55.600,3724.0000,10402,0,1966991640.000,0,-,-,-,-,3723.6000,3723.4000,3723.0000,3721.4000,3720.0000,3724.0000,3724.8000,3725.0000,3725.6000,3725.8000,1,1,2,1,6,5,1,1,2,1
SF,IF2005,2020-04-13 10:08:01.600,3724.0000,10403,1,1968108840.000,1,1,0,双开,S,3723.6000,3723.4000,3723.0000,3721.4000,3720.0000,3724.0000,3724.8000,3725.0000,3725.6000,3725.8000,1,1,2,1,6,4,1,1,2,1
SF,IF2005,2020-04-13 10:08:02.600,3724.0000,10403,0,1970343240.000,2,1,1,多换,S,3723.6000,3723.4000,3723.0000,3721.4000,3720.0000,3724.0000,3724.8000,3725.0000,3725.6000,3725.8000,1,1,2,1,6,2,1,1,2,1
SF,IF2005,2020-04-13 10:08:03.100,3724.0000,10404,1,1971460440.000,1,1,0,双开,S,3723.6000,3723.4000,3723.0000,3721.4000,3720.0000,3724.0000,3724.8000,3725.0000,3725.6000,3725.8000,1,1,2,1,6,1,1,1,2,1
SF,IF2005,2020-04-13 10:08:04.100,3724.0000,10405,1,1972577640.000,1,1,0,双开,S,3723.6000,3723.4000,3723.0000,3721.4000,3720.0000,3724.8000,3725.0000,3725.6000,3725.8000,3726.0000,1,1,2,1,6,1,1,2,1,1
SF,IF2005,2020-04-13 10:08:04.600,3724.0000,10405,0,1972577640.000,0,-,-,-,-,3724.0000,3723.8000,3723.6000,3723.0000,3721.4000,3724.8000,3725.0000,3725.6000,3725.8000,3726.0000,1,1,1,2,1,1,1,2,1,1
SF,IF2005,2020-04-13 10:08:05.100,3724.0000,10405,0,1972577640.000,0,-,-,-,-,3724.0000,3723.8000,3723.6000,3723.0000,3721.4000,3724.8000,3725.0000,3725.6000,3725.8000,3726.0000,1,2,1,2,1,1,1,2,1,1
SF,IF2005,2020-04-13 10:08:05.600,3724.0000,10405,0,1972577640.000,0,-,-,-,-,3724.4000,3723.8000,3723.0000,3721.4000,3720.0000,3724.8000,3725.0000,3725.6000,3725.8000,3726.0000,1,1,2,1,6,1,1,2,1,1
SF,IF2005,2020-04-13 10:08:06.600,3724.8000,10406,1,1973695080.000,1,1,0,双开,S,3723.8000,3723.0000,3721.4000,3720.0000,3718.6000,3725.0000,3725.6000,3725.8000,3726.0000,3728.0000,1,1,1,6,4,1,2,1,1,2
SF,IF2005,2020-04-13 10:08:07.100,3724.8000,10406,0,1973695080.000,0,-,-,-,-,3724.2000,3724.0000,3723.8000,3723.0000,3721.4000,3725.0000,3725.6000,3725.8000,3726.0000,3728.0000,1,3,1,1,1,1,2,1,1,2
SF,IF2005,2020-04-13 10:08:07.600,3724.8000,10406,0,1973695080.000,0,-,-,-,-,3724.2000,3724.0000,3723.8000,3723.0000,3721.4000,3725.0000,3725.8000,3726.0000,3728.0000,3728.8000,1,3,1,1,1,1,1,1,2,4
SF,IF2005,2020-04-13 10:08:08.100,3725.0000,10408,2,1975930080.000,2,2,0,双开,S,3724.6000,3724.4000,3724.2000,3724.0000,3723.0000,3725.8000,3726.0000,3727.2000,3728.0000,3728.8000,1,3,2,1,1,1,1,2,2,4
SF,IF2005,2020-04-13 10:08:08.600,3725.0000,10408,0,1975930080.000,0,-,-,-,-,3724.4000,3724.0000,3723.0000,3721.4000,3720.0000,3725.6000,3725.8000,3726.0000,3727.2000,3728.0000,3,1,1,1,6,1,1,1,2,2
SF,IF2005,2020-04-13 10:08:09.100,3725.0000,10408,0,1975930080.000,0,-,-,-,-,3724.8000,3724.6000,3724.4000,3724.0000,3723.0000,3725.6000,3725.8000,3726.0000,3727.2000,3728.0000,2,1,3,1,1,1,1,1,2,2
SF,IF2005,2020-04-13 10:08:10.100,3724.8000,10408,0,1977047520.000,1,0,1,多换,S,3724.6000,3724.4000,3724.0000,3723.0000,3721.4000,3725.6000,3725.8000,3726.0000,3727.2000,3728.0000,1,3,1,1,1,1,1,1,2,2
SF,IF2005,2020-04-13 10:08:11.100,3724.8000,10408,0,1977047520.000,0,-,-,-,-,3724.8000,3724.4000,3724.0000,3723.0000,3721.4000,3725.6000,3725.8000,3726.0000,3727.2000,3728.0000,2,2,1,1,1,1,1,1,2,2
SF,IF2005,2020-04-13 10:08:11.600,3724.8000,10408,0,1977047520.000,0,-,-,-,-,3724.8000,3724.4000,3723.0000,3721.4000,3720.0000,3725.6000,3725.8000,3726.0000,3727.2000,3728.0000,2,2,1,1,6,1,1,1,2,2
SF,IF2005,2020-04-13 10:08:12.100,3724.8000,10408,0,1977047520.000,0,-,-,-,-,3724.8000,3724.4000,3723.0000,3721.4000,3720.0000,3725.6000,3725.8000,3726.0000,3727.2000,3728.0000,4,2,1,1,6,1,1,1,2,2
SF,IF2005,2020-04-13 10:08:13.100,3725.6000,10408,0,1978165200.000,1,0,1,多换,S,3724.8000,3724.4000,3723.0000,3721.4000,3720.0000,3725.8000,3726.0000,3727.2000,3728.0000,3728.8000,3,2,1,1,6,1,1,2,2,4
SF,IF2005,2020-04-13 10:08:13.600,3725.6000,10408,0,1978165200.000,0,-,-,-,-,3724.8000,3724.4000,3723.0000,3721.4000,3720.0000,3725.4000,3725.8000,3726.0000,3727.2000,3728.0000,3,2,1,1,6,1,1,1,2,2
SF,IF2005,2020-04-13 10:08:15.100,3725.6000,10408,0,1978165200.000,0,-,-,-,-,3724.8000,3724.4000,3723.0000,3721.4000,3720.0000,3725.4000,3725.8000,3726.0000,3727.2000,3728.0000,2,2,1,1,6,1,2,1,2,2
SF,IF2005,2020-04-13 10:08:17.100,3725.6000,10408,0,1978165200.000,0,-,-,-,-,3724.4000,3723.0000,3721.4000,3720.0000,3718.6000,3725.4000,3725.8000,3726.0000,3727.2000,3728.0000,2,1,1,6,4,1,2,1,2,2
SF,IF2005,2020-04-13 10:08:17.600,3725.6000,10409,1,1979282880.000,1,1,0,双开,S,3725.6000,3724.4000,3723.0000,3721.4000,3720.0000,3725.8000,3726.0000,3727.2000,3728.0000,3728.8000,1,2,1,1,6,2,1,2,2,4
SF,IF2005,2020-04-13 10:08:18.100,3725.6000,10409,0,1980400560.000,1,0,1,多换,S,3724.4000,3723.0000,3721.4000,3720.0000,3718.6000,3725.4000,3725.6000,3725.8000,3726.0000,3727.2000,2,1,1,6,4,1,2,2,1,2
SF,IF2005,2020-04-13 10:08:18.600,3725.6000,10409,0,1980400560.000,0,-,-,-,-,3724.6000,3724.4000,3723.0000,3721.4000,3720.0000,3725.6000,3725.8000,3726.0000,3727.2000,3728.0000,1,2,1,1,6,3,2,1,2,2
SF,IF2005,2020-04-13 10:08:19.100,3725.6000,10409,0,1980400560.000,0,-,-,-,-,3724.6000,3724.4000,3723.0000,3721.4000,3720.0000,3725.4000,3725.6000,3725.8000,3726.0000,3727.2000,1,2,1,1,6,1,3,3,1,2
SF,IF2005,2020-04-13 10:08:19.600,3725.6000,10409,0,1980400560.000,0,-,-,-,-,3724.8000,3724.6000,3724.4000,3723.0000,3721.4000,3725.4000,3725.6000,3725.8000,3726.0000,3727.2000,1,1,1,1,1,1,3,3,1,2
SF,IF2005,2020-04-13 10:08:20.100,3725.6000,10409,0,1980400560.000,0,-,-,-,-,3725.0000,3724.8000,3724.4000,3723.0000,3721.4000,3725.4000,3725.6000,3725.8000,3726.0000,3727.2000,1,1,1,1,1,1,3,2,1,2
SF,IF2005,2020-04-13 10:08:22.100,3725.0000,10410,1,1981518060.000,1,1,0,双开,S,3724.8000,3724.4000,3723.0000,3721.4000,3720.0000,3725.4000,3725.6000,3725.8000,3726.0000,3727.2000,1,1,1,1,6,1,2,2,1,2
SF,IF2005,2020-04-13 10:08:23.100,3725.0000,10410,0,1981518060.000,0,-,-,-,-,3724.8000,3724.4000,3723.0000,3721.4000,3720.0000,3725.4000,3725.6000,3725.8000,3726.0000,3727.2000,1,1,1,1,6,2,1,2,1,2
SF,IF2005,2020-04-13 10:08:23.600,3725.4000,10410,0,1982635680.000,1,0,1,多换,S,3724.8000,3724.4000,3723.0000,3721.4000,3720.0000,3725.4000,3725.8000,3726.0000,3727.2000,3728.0000,1,1,1,1,6,1,2,1,2,2
SF,IF2005,2020-04-13 10:08:24.100,3725.4000,10410,0,1982635680.000,0,-,-,-,-,3724.8000,3724.4000,3723.0000,3721.4000,3720.0000,3725.4000,3725.8000,3726.0000,3727.2000,3728.0000,1,1,1,1,6,1,2,1,2,2
SF,IF2005,2020-04-13 10:08:26.100,3725.4000,10410,0,1982635680.000,0,-,-,-,-,3725.0000,3724.8000,3724.4000,3723.0000,3721.4000,3725.4000,3725.8000,3726.0000,3727.2000,3728.0000,1,1,1,1,1,1,2,1,2,2
SF,IF2005,2020-04-13 10:08:26.600,3725.8000,10410,0,1984871040.000,2,1,1,多换,S,3725.4000,3725.0000,3724.8000,3723.0000,3721.4000,3725.8000,3726.0000,3727.2000,3728.0000,3728.8000,1,1,1,1,1,1,1,2,2,5
SF,IF2005,2020-04-13 10:08:27.600,3725.4000,10410,0,1985988660.000,1,0,1,多换,S,3724.8000,3723.0000,3721.4000,3720.0000,3718.6000,3725.8000,3726.0000,3727.2000,3728.0000,3728.8000,1,1,1,6,4,1,1,2,2,1
SF,IF2005,2020-04-13 10:08:29.100,3725.4000,10410,0,1985988660.000,0,-,-,-,-,3724.8000,3723.0000,3721.4000,3720.0000,3718.6000,3725.6000,3725.8000,3726.0000,3727.2000,3728.0000,1,1,1,6,4,1,1,1,2,2
SF,IF2005,2020-04-13 10:08:29.600,3725.4000,10410,0,1985988660.000,0,-,-,-,-,3724.8000,3723.0000,3721.4000,3720.0000,3718.6000,3725.8000,3726.0000,3727.2000,3728.0000,3728.8000,1,1,1,6,4,1,1,2,2,1
SF,IF2005,2020-04-13 10:08:31.100,3725.4000,10410,0,1985988660.000,0,-,-,-,-,3724.8000,3723.0000,3721.4000,3720.0000,3718.6000,3725.6000,3725.8000,3726.0000,3727.2000,3728.0000,1,1,1,6,4,1,1,1,2,2
SF,IF2005,2020-04-13 10:08:32.100,3725.4000,10410,0,1985988660.000,0,-,-,-,-,3724.8000,3723.0000,3721.4000,3720.0000,3718.6000,3725.6000,3725.8000,3726.0000,3727.2000,3728.0000,1,1,1,6,4,1,1,1,2,2
SF,IF2005,2020-04-13 10:08:32.600,3725.4000,10410,0,1985988660.000,0,-,-,-,-,3725.0000,3724.8000,3723.0000,3721.4000,3720.0000,3725.6000,3725.8000,3726.0000,3727.2000,3728.0000,1,1,1,1,6,1,1,1,2,2
SF,IF2005,2020-04-13 10:08:33.100,3725.4000,10410,0,1985988660.000,0,-,-,-,-,3724.8000,3723.0000,3721.4000,3720.0000,3718.6000,3725.6000,3725.8000,3726.0000,3727.2000,3728.0000,1,1,1,6,4,1,1,1,2,2
SF,IF2005,2020-04-13 10:08:33.600,3725.4000,10410,0,1985988660.000,0,-,-,-,-,3724.8000,3723.0000,3721.4000,3720.0000,3718.6000,3725.8000,3726.0000,3727.2000,3728.0000,3728.8000,1,1,1,6,4,1,1,2,2,1
SF,IF2005,2020-04-13 10:08:34.100,3725.4000,10410,0,1985988660.000,0,-,-,-,-,3724.8000,3723.0000,3721.4000,3720.0000,3718.6000,3725.8000,3726.0000,3727.2000,3728.0000,3728.8000,1,1,1,6,4,1,1,2,2,1
SF,IF2005,2020-04-13 10:08:34.600,3725.4000,10410,0,1985988660.000,0,-,-,-,-,3725.0000,3724.8000,3723.0000,3721.4000,3720.0000,3725.8000,3726.0000,3727.2000,3728.0000,3728.8000,1,2,1,1,6,1,1,2,2,1
SF,IF2005,2020-04-13 10:08:35.100,3725.4000,10410,0,1985988660.000,0,-,-,-,-,3725.0000,3724.8000,3723.0000,3721.4000,3720.0000,3725.8000,3726.0000,3727.2000,3728.0000,3728.8000,1,2,1,1,6,1,1,2,2,1
SF,IF2005,2020-04-13 10:08:36.100,3725.4000,10410,0,1985988660.000,0,-,-,-,-,3724.8000,3723.0000,3721.4000,3720.0000,3718.6000,3725.6000,3725.8000,3726.0000,3727.2000,3728.0000,1,1,1,6,4,2,1,1,2,2
SF,IF2005,2020-04-13 10:08:36.600,3724.8000,10409,-1,1987106100.000,1,0,1,双平,S,3723.0000,3721.4000,3720.0000,3718.6000,3718.0000,3725.6000,3725.8000,3726.0000,3727.2000,3728.0000,1,1,6,4,10,2,1,1,2,2
SF,IF2005,2020-04-13 10:08:37.100,3724.8000,10409,0,1987106100.000,0,-,-,-,-,3724.2000,3724.0000,3723.8000,3723.6000,3723.4000,3725.4000,3725.6000,3725.8000,3726.0000,3727.2000,2,2,3,3,4,1,2,1,1,2
SF,IF2005,2020-04-13 10:08:37.600,3724.8000,10409,0,1987106100.000,0,-,-,-,-,3724.4000,3724.2000,3724.0000,3723.8000,3723.6000,3725.4000,3725.6000,3725.8000,3726.0000,3727.2000,1,2,2,3,2,1,2,1,1,2
SF,IF2005,2020-04-13 10:08:38.100,3724.8000,10409,0,1987106100.000,0,-,-,-,-,3724.4000,3724.2000,3724.0000,3723.8000,3723.6000,3725.4000,3725.6000,3725.8000,3726.0000,3727.2000,1,2,2,3,2,1,1,1,1,2
SF,IF2005,2020-04-13 10:08:38.600,3724.8000,10409,0,1987106100.000,0,-,-,-,-,3724.4000,3724.2000,3724.0000,3723.8000,3723.6000,3724.8000,3725.4000,3725.6000,3725.8000,3726.0000,2,2,1,3,2,1,1,1,1,1
SF,IF2005,2020-04-13 10:08:39.100,3724.8000,10408,-1,1988223540.000,1,0,1,双平,S,3724.8000,3724.6000,3724.4000,3724.2000,3724.0000,3725.4000,3725.6000,3725.8000,3726.0000,3727.2000,1,1,2,1,1,1,1,1,1,2
SF,IF2005,2020-04-13 10:08:40.100,3724.8000,10408,0,1988223540.000,0,-,-,-,-,3725.2000,3724.6000,3724.4000,3724.0000,3723.8000,3725.6000,3725.8000,3726.0000,3727.2000,3728.0000,1,1,2,1,3,1,1,1,2,2
SF,IF2005,2020-04-13 10:08:40.600,3724.8000,10408,0,1988223540.000,0,-,-,-,-,3725.2000,3724.6000,3724.4000,3724.0000,3723.8000,3725.8000,3726.0000,3727.2000,3728.0000,3728.8000,1,1,2,1,3,1,1,2,2,1
SF,IF2005,2020-04-13 10:08:41.100,3725.8000,10409,1,1989341280.000,1,1,0,双开,S,3724.6000,3724.4000,3724.0000,3723.8000,3723.6000,3726.0000,3727.2000,3728.0000,3728.8000,3729.0000,1,2,1,3,2,1,2,2,1,1
SF,IF2005,2020-04-13 10:08:41.600,3725.8000,10409,0,1989341280.000,0,-,-,-,-,3724.8000,3724.6000,3724.4000,3724.0000,3723.8000,3726.0000,3727.2000,3728.0000,3728.8000,3729.0000,3,1,1,1,3,1,2,2,1,1
SF,IF2005,2020-04-13 10:08:42.100,3725.8000,10409,0,1989341280.000,0,-,-,-,-,3724.8000,3724.6000,3724.4000,3724.0000,3723.8000,3725.2000,3726.0000,3727.2000,3728.0000,3728.8000,3,1,1,1,3,1,1,2,2,1
SF,IF2005,2020-04-13 10:08:42.600,3725.2000,10409,0,1990458840.000,1,0,1,多换,S,3724.8000,3724.6000,3724.4000,3723.8000,3723.6000,3726.0000,3727.2000,3728.0000,3728.8000,3729.0000,3,1,1,2,2,1,2,2,1,1
SF,IF2005,2020-04-13 10:08:43.600,3725.2000,10409,0,1990458840.000,0,-,-,-,-,3725.0000,3724.8000,3723.8000,3723.6000,3723.4000,3726.0000,3727.2000,3728.0000,3728.8000,3729.0000,3,3,2,2,4,1,2,2,1,1
SF,IF2005,2020-04-13 10:08:44.100,3725.2000,10409,0,1990458840.000,0,-,-,-,-,3725.2000,3725.0000,3724.8000,3723.8000,3723.6000,3726.0000,3727.2000,3728.0000,3728.8000,3729.0000,2,4,1,2,2,1,2,2,1,1
SF,IF2005,2020-04-13 10:08:44.600,3725.2000,10409,0,1990458840.000,0,-,-,-,-,3725.2000,3725.0000,3723.8000,3723.6000,3723.4000,3726.0000,3727.2000,3728.0000,3728.8000,3729.0000,2,3,2,2,4,1,2,2,1,1
SF,IF2005,2020-04-13 10:08:45.100,3725.2000,10409,0,1990458840.000,0,-,-,-,-,3725.4000,3725.2000,3725.0000,3723.8000,3723.6000,3726.0000,3727.2000,3728.0000,3728.8000,3729.0000,1,2,2,2,2,1,2,2,1,1
SF,IF2005,2020-04-13 10:08:45.600,3726.0000,10410,1,1991576640.000,1,1,0,双开,S,3725.4000,3725.2000,3725.0000,3723.8000,3723.6000,3727.2000,3728.0000,3728.8000,3729.0000,3729.2000,1,2,2,2,2,2,2,1,1,1
SF,IF2005,2020-04-13 10:08:46.100,3726.0000,10410,0,1991576640.000,0,-,-,-,-,3726.0000,3725.6000,3725.4000,3725.2000,3723.8000,3726.8000,3727.0000,3727.2000,3728.0000,3728.8000,1,1,1,2,2,1,4,2,2,1
SF,IF2005,2020-04-13 10:08:46.600,3726.0000,10410,0,1991576640.000,0,-,-,-,-,3726.0000,3725.6000,3725.4000,3725.2000,3723.8000,3726.8000,3727.0000,3727.2000,3728.0000,3728.8000,1,1,1,1,2,1,4,2,2,1
SF,IF2005,2020-04-13 10:08:47.100,3726.0000,10410,0,1992694440.000,1,0,1,多换,S,3725.6000,3725.4000,3725.2000,3723.8000,3723.6000,3726.8000,3727.0000,3727.2000,3728.0000,3728.8000,1,1,1,2,2,1,1,2,2,1
SF,IF2005,2020-04-13 10:08:47.600,3726.0000,10410,0,1992694440.000,0,-,-,-,-,3725.6000,3725.4000,3725.2000,3723.8000,3723.6000,3726.6000,3726.8000,3727.0000,3727.2000,3728.0000,1,1,1,2,2,1,1,1,2,2
SF,IF2005,2020-04-13 10:08:48.100,3726.0000,10410,0,1992694440.000,0,-,-,-,-,3725.6000,3725.4000,3725.2000,3723.8000,3723.6000,3726.6000,3726.8000,3727.0000,3727.2000,3728.0000,1,1,1,2,2,1,1,1,2,2
SF,IF2005,2020-04-13 10:08:48.600,3726.0000,10410,0,1992694440.000,0,-,-,-,-,3725.8000,3725.6000,3725.2000,3723.8000,3723.6000,3726.6000,3726.8000,3727.0000,3727.2000,3728.0000,1,1,1,2,2,1,1,1,2,2
SF,IF2005,2020-04-13 10:08:49.600,3726.0000,10410,0,1992694440.000,0,-,-,-,-,3725.8000,3725.6000,3723.8000,3723.6000,3723.4000,3726.6000,3726.8000,3727.0000,3727.2000,3728.0000,1,1,2,2,4,1,1,1,2,2
SF,IF2005,2020-04-13 10:08:52.100,3726.0000,10410,0,1992694440.000,0,-,-,-,-,3725.8000,3725.6000,3723.8000,3723.6000,3723.4000,3726.0000,3726.6000,3726.8000,3727.0000,3727.2000,1,1,2,2,4,1,1,1,1,2
SF,IF2005,2020-04-13 10:08:52.600,3726.0000,10410,0,1993812240.000,1,0,1,多换,S,3725.6000,3723.8000,3723.6000,3723.4000,3723.2000,3726.6000,3726.8000,3727.2000,3728.0000,3728.8000,1,2,2,4,5,1,1,2,2,1
SF,IF2005,2020-04-13 10:08:53.100,3726.0000,10410,0,1993812240.000,0,-,-,-,-,3723.8000,3723.6000,3723.4000,3723.2000,3723.0000,3726.6000,3726.8000,3727.2000,3728.0000,3728.8000,2,2,4,5,2,1,1,2,2,1
SF,IF2005,2020-04-13 10:08:53.600,3726.4000,10410,0,1994930160.000,1,0,1,多换,S,3725.4000,3725.2000,3725.0000,3724.4000,3724.2000,3726.6000,3726.8000,3727.2000,3728.0000,3728.8000,2,1,2,1,1,1,1,2,2,1
SF,IF2005,2020-04-13 10:08:54.100,3726.4000,10410,0,1994930160.000,0,-,-,-,-,3725.4000,3725.2000,3725.0000,3724.4000,3724.0000,3726.4000,3726.6000,3727.2000,3728.0000,3728.8000,2,1,1,1,8,1,1,2,2,1
SF,IF2005,2020-04-13 10:08:54.600,3726.4000,10410,0,1994930160.000,0,-,-,-,-,3725.8000,3725.4000,3725.2000,3725.0000,3724.4000,3726.4000,3726.6000,3727.2000,3728.0000,3728.8000,1,2,1,1,1,1,1,2,2,1
SF,IF2005,2020-04-13 10:08:55.100,3726.4000,10410,0,1994930160.000,0,-,-,-,-,3725.8000,3725.4000,3725.2000,3725.0000,3724.0000,3726.6000,3727.2000,3728.0000,3728.8000,3729.0000,1,2,1,1,7,1,2,2,1,1
SF,IF2005,2020-04-13 10:08:57.600,3726.4000,10410,0,1994930160.000,0,-,-,-,-,3725.8000,3725.4000,3725.2000,3725.0000,3724.0000,3726.6000,3726.8000,3727.2000,3728.0000,3728.8000,1,2,1,1,7,1,1,2,2,1
SF,IF2005,2020-04-13 10:08:58.100,3726.4000,10410,0,1994930160.000,0,-,-,-,-,3726.4000,3725.8000,3725.4000,3725.2000,3725.0000,3726.6000,3726.8000,3727.2000,3728.0000,3728.8000,1,1,2,1,1,1,1,2,2,1
SF,IF2005,2020-04-13 10:08:58.600,3726.4000,10410,0,1996048080.000,1,0,1,多换,S,3725.8000,3725.2000,3725.0000,3724.0000,3723.8000,3726.6000,3726.8000,3727.2000,3728.0000,3728.8000,1,1,1,7,3,1,1,2,2,1
SF,IF2005,2020-04-13 10:08:59.100,3725.8000,10409,-1,1997165820.000,1,0,1,双平,S,3725.2000,3725.0000,3724.0000,3723.8000,3723.2000,3726.8000,3727.2000,3728.0000,3728.8000,3729.0000,1,1,7,3,3,1,2,2,1,1
SF,IF2005,2020-04-13 10:08:59.600,3725.8000,10409,0,1997165820.000,0,-,-,-,-,3725.8000,3725.6000,3725.4000,3725.2000,3725.0000,3726.8000,3727.2000,3728.0000,3728.8000,3729.0000,1,2,1,1,1,1,2,2,1,1
SF,IF2005,2020-04-13 10:09:00.100,3725.8000,10409,0,1997165820.000,0,-,-,-,-,3726.0000,3725.8000,3725.6000,3725.4000,3725.2000,3726.8000,3727.2000,3728.0000,3728.8000,3729.0000,1,1,2,2,1,1,2,2,1,1
SF,IF2005,2020-04-13 10:09:00.600,3726.8000,10409,0,1998283860.000,1,0,1,多换,S,3726.2000,3726.0000,3725.8000,3725.6000,3725.2000,3728.0000,3728.8000,3729.0000,3729.2000,3729.4000,1,2,1,1,1,2,1,1,1,1
SF,IF2005,2020-04-13 10:09:01.100,3726.8000,10409,0,1998283860.000,0,-,-,-,-,3726.4000,3726.2000,3726.0000,3725.6000,3725.2000,3727.6000,3727.8000,3728.0000,3728.2000,3728.8000,1,2,2,1,1,5,3,2,2,1
SF,IF2005,2020-04-13 10:09:01.600,3726.8000,10409,0,1998283860.000,0,-,-,-,-,3726.6000,3726.4000,3726.2000,3726.0000,3725.2000,3727.8000,3728.0000,3728.2000,3728.8000,3729.0000,1,3,1,1,1,3,2,2,1,1
SF,IF2005,2020-04-13 10:09:02.100,3726.8000,10409,0,1998283860.000,0,-,-,-,-,3726.6000,3726.4000,3726.2000,3725.2000,3725.0000,3727.8000,3728.0000,3728.2000,3728.8000,3729.0000,1,3,1,1,1,3,2,2,1,1
SF,IF2005,2020-04-13 10:09:02.600,3726.6000,10408,-1,1999401840.000,1,0,1,双平,S,3726.4000,3726.2000,3725.2000,3725.0000,3724.0000,3727.6000,3727.8000,3728.0000,3728.2000,3728.8000,3,1,1,1,6,1,3,2,2,1
SF,IF2005,2020-04-13 10:09:03.100,3726.6000,10408,0,1999401840.000,0,-,-,-,-,3726.4000,3726.2000,3725.2000,3725.0000,3724.0000,3727.4000,3727.6000,3727.8000,3728.0000,3728.2000,3,1,1,1,6,1,2,2,2,2
SF,IF2005,2020-04-13 10:09:04.100,3726.6000,10408,0,1999401840.000,0,-,-,-,-,3726.4000,3726.2000,3725.2000,3725.0000,3724.0000,3727.2000,3727.4000,3727.6000,3727.8000,3728.0000,2,1,1,1,6,1,1,2,2,2
SF,IF2005,2020-04-13 10:09:04.600,3726.6000,10408,0,1999401840.000,0,-,-,-,-,3726.4000,3726.2000,3725.2000,3725.0000,3724.0000,3727.0000,3727.2000,3727.6000,3728.0000,3728.2000,2,1,1,1,6,1,1,1,2,2
SF,IF2005,2020-04-13 10:09:05.600,3727.0000,10408,0,2000519940.000,1,0,1,多换,S,3726.4000,3726.2000,3725.2000,3725.0000,3724.0000,3727.6000,3728.0000,3728.2000,3728.8000,3729.0000,2,1,1,1,6,1,2,2,1,1
SF,IF2005,2020-04-13 10:09:06.100,3727.0000,10408,0,2000519940.000,0,-,-,-,-,3726.4000,3726.2000,3725.2000,3725.0000,3724.0000,3728.0000,3728.2000,3728.8000,3729.0000,3729.2000,2,1,1,1,6,2,2,1,1,1
SF,IF2005,2020-04-13 10:09:06.600,3727.0000,10408,0,2000519940.000,0,-,-,-,-,3726.6000,3726.4000,3726.2000,3725.2000,3725.0000,3727.8000,3728.0000,3728.2000,3728.8000,3729.0000,2,2,1,1,1,2,2,2,1,1
SF,IF2005,2020-04-13 10:09:07.100,3727.0000,10408,0,2000519940.000,0,-,-,-,-,3726.8000,3726.6000,3726.4000,3725.2000,3725.0000,3727.8000,3728.0000,3728.2000,3728.8000,3729.0000,1,3,2,1,1,2,2,2,1,1
SF,IF2005,2020-04-13 10:09:07.600,3727.0000,10408,0,2000519940.000,0,-,-,-,-,3726.8000,3726.6000,3726.4000,3725.2000,3725.0000,3727.6000,3727.8000,3728.0000,3728.2000,3728.8000,1,2,2,1,1,1,3,2,2,1
SF,IF2005,2020-04-13 10:09:08.100,3726.6000,10406,-2,2003873940.000,3,0,3,多平,S,3726.4000,3725.2000,3725.0000,3724.0000,3723.8000,3727.6000,3727.8000,3728.0000,3728.2000,3728.8000,2,1,1,6,3,4,2,2,2,1
SF,IF2005,2020-04-13 10:09:08.600,3726.6000,10406,0,2003873940.000,0,-,-,-,-,3726.4000,3725.4000,3725.2000,3725.0000,3724.0000,3727.4000,3727.6000,3727.8000,3728.0000,3728.2000,2,1,1,1,6,1,2,1,2,2
SF,IF2005,2020-04-13 10:09:09.100,3726.6000,10406,0,2003873940.000,0,-,-,-,-,3726.4000,3725.4000,3725.2000,3725.0000,3724.0000,3727.2000,3727.4000,3728.0000,3728.2000,3728.8000,2,1,1,1,6,1,3,2,2,1
SF,IF2005,2020-04-13 10:09:09.600,3726.6000,10406,0,2003873940.000,0,-,-,-,-,3726.4000,3725.4000,3725.2000,3725.0000,3724.0000,3727.2000,3727.4000,3728.0000,3728.2000,3728.8000,2,1,1,1,6,1,2,2,2,1
SF,IF2005,2020-04-13 10:09:10.100,3726.6000,10406,0,2003873940.000,0,-,-,-,-,3726.4000,3725.4000,3725.2000,3725.0000,3724.0000,3727.2000,3727.4000,3728.0000,3728.2000,3728.8000,2,1,1,1,6,1,1,2,2,1
SF,IF2005,2020-04-13 10:09:12.100,3726.6000,10406,0,2003873940.000,0,-,-,-,-,3726.6000,3726.4000,3725.4000,3725.2000,3725.0000,3727.2000,3727.4000,3728.0000,3728.2000,3728.8000,2,2,1,1,1,1,1,2,2,1
SF,IF2005,2020-04-13 10:09:12.600,3726.6000,10407,1,2004991920.000,1,1,0,双开,S,3726.6000,3726.4000,3725.4000,3725.2000,3725.0000,3727.2000,3727.4000,3728.0000,3728.2000,3728.8000,1,2,1,1,1,1,1,2,2,1
SF,IF2005,2020-04-13 10:09:13.600,3726.6000,10407,0,2006109900.000,1,0,1,多换,S,3726.4000,3725.4000,3725.2000,3725.0000,3724.0000,3727.2000,3727.4000,3728.0000,3728.2000,3728.8000,2,1,1,1,6,1,1,2,2,1
SF,IF2005,2020-04-13 10:09:15.600,3726.4000,10407,0,2007227820.000,1,0,1,多换,S,3726.4000,3725.4000,3725.2000,3725.0000,3724.0000,3727.2000,3727.4000,3728.0000,3728.2000,3728.8000,1,1,1,1,6,1,1,2,2,1
SF,IF2005,2020-04-13 10:09:16.100,3726.4000,10406,-1,2008345740.000,1,0,1,双平,S,3725.4000,3725.2000,3725.0000,3724.0000,3723.8000,3727.2000,3727.4000,3728.0000,3728.2000,3728.8000,1,1,1,6,3,1,1,2,2,1
SF,IF2005,2020-04-13 10:09:16.600,3726.4000,10406,0,2008345740.000,0,-,-,-,-,3725.6000,3725.4000,3725.2000,3725.0000,3724.0000,3727.0000,3727.2000,3728.0000,3728.2000,3728.8000,1,1,1,1,6,2,1,2,2,1
SF,IF2005,2020-04-13 10:09:17.100,3726.4000,10406,0,2008345740.000,0,-,-,-,-,3725.8000,3725.6000,3725.4000,3725.2000,3725.0000,3726.8000,3727.0000,3728.0000,3728.2000,3728.8000,2,1,1,1,1,1,2,2,2,1
SF,IF2005,2020-04-13 10:09:17.600,3726.8000,10406,0,2009463780.000,1,0,1,多换,S,3726.0000,3725.8000,3725.6000,3725.4000,3725.2000,3727.0000,3728.0000,3728.2000,3728.8000,3729.0000,1,3,1,1,1,2,2,2,1,1
SF,IF2005,2020-04-13 10:09:18.100,3726.8000,10406,0,2009463780.000,0,-,-,-,-,3726.0000,3725.8000,3725.6000,3725.4000,3725.2000,3727.0000,3728.0000,3728.2000,3728.8000,3729.0000,1,2,1,1,1,2,2,2,1,1
SF,IF2005,2020-04-13 10:09:18.600,3726.8000,10406,0,2009463780.000,0,-,-,-,-,3726.0000,3725.8000,3725.6000,3725.4000,3725.2000,3727.0000,3728.0000,3728.2000,3728.8000,3729.0000,1,1,1,1,1,2,2,2,1,1
SF,IF2005,2020-04-13 10:09:19.100,3726.8000,10406,0,2009463780.000,0,-,-,-,-,3726.0000,3725.8000,3725.6000,3725.4000,3725.2000,3726.8000,3727.0000,3728.0000,3728.2000,3728.8000,1,1,1,1,1,1,2,2,2,1
SF,IF2005,2020-04-13 10:09:20.100,3726.8000,10406,0,2009463780.000,0,-,-,-,-,3726.0000,3725.8000,3725.6000,3725.4000,3725.2000,3727.0000,3728.0000,3728.2000,3728.8000,3729.0000,1,1,1,1,1,2,2,2,1,1
SF,IF2005,2020-04-13 10:09:21.600,3727.0000,10406,0,2011699980.000,2,1,1,多换,S,3727.0000,3726.0000,3725.8000,3725.6000,3725.4000,3727.8000,3728.0000,3728.2000,3728.8000,3729.0000,3,1,1,1,1,1,2,2,1,1
SF,IF2005,2020-04-13 10:09:22.100,3726.0000,10406,0,2016172080.000,4,2,2,多换,S,3725.6000,3725.4000,3725.2000,3725.0000,3724.0000,3726.6000,3727.0000,3727.2000,3727.4000,3727.6000,1,1,1,1,6,1,1,1,1,6
SF,IF2005,2020-04-13 10:09:22.600,3726.0000,10406,0,2016172080.000,0,-,-,-,-,3725.6000,3725.4000,3724.0000,3723.8000,3723.2000,3726.6000,3727.0000,3727.4000,3727.6000,3727.8000,1,1,6,3,3,1,2,5,7,2
SF,IF2005,2020-04-13 10:09:24.100,3725.6000,10405,-1,2017289760.000,1,0,1,双平,S,3725.4000,3724.0000,3723.8000,3723.2000,3723.0000,3726.6000,3727.0000,3727.4000,3727.6000,3727.8000,1,5,3,3,2,1,2,5,7,2
SF,IF2005,2020-04-13 10:09:24.600,3725.6000,10405,0,2017289760.000,0,-,-,-,-,3725.4000,3724.0000,3723.8000,3723.2000,3723.0000,3726.4000,3726.6000,3727.0000,3727.4000,3727.6000,1,5,3,3,2,1,1,3,5,6
SF,IF2005,2020-04-13 10:09:25.100,3725.4000,10405,0,2018407380.000,1,0,1,多换,S,3724.0000,3723.8000,3723.2000,3723.0000,3720.0000,3726.2000,3726.4000,3727.0000,3727.4000,3727.6000,4,3,3,2,12,1,4,3,5,3
SF,IF2005,2020-04-13 10:09:25.600,3726.0000,10405,0,2019525180.000,1,0,1,多换,S,3724.8000,3724.6000,3724.4000,3724.2000,3724.0000,3726.2000,3726.4000,3727.0000,3727.6000,3727.8000,1,1,2,2,3,1,1,3,3,2
SF,IF2005,2020-04-13 10:09:26.100,3726.0000,10405,0,2019525180.000,0,-,-,-,-,3725.0000,3724.8000,3724.4000,3724.2000,3724.0000,3726.2000,3726.4000,3727.0000,3727.6000,3727.8000,2,1,3,4,3,1,1,3,3,2
SF,IF2005,2020-04-13 10:09:26.600,3726.0000,10405,0,2019525180.000,0,-,-,-,-,3725.0000,3724.8000,3724.4000,3724.2000,3724.0000,3725.4000,3726.2000,3726.4000,3727.0000,3727.6000,2,1,2,4,3,1,1,1,3,3
SF,IF2005,2020-04-13 10:09:27.100,3725.4000,10405,0,2021760420.000,2,1,1,多换,S,3725.2000,3725.0000,3724.4000,3724.2000,3724.0000,3726.4000,3726.8000,3727.0000,3727.6000,3727.8000,2,1,2,4,2,1,1,2,3,2
SF,IF2005,2020-04-13 10:09:27.600,3725.4000,10405,0,2021760420.000,0,-,-,-,-,3725.2000,3725.0000,3724.4000,3724.2000,3724.0000,3726.2000,3726.4000,3726.8000,3727.0000,3727.6000,1,1,2,2,2,1,1,1,1,3
SF,IF2005,2020-04-13 10:09:29.100,3726.2000,10405,0,2022878280.000,1,0,1,多换,S,3725.6000,3725.4000,3725.0000,3724.4000,3724.2000,3726.8000,3727.0000,3727.6000,3727.8000,3728.0000,1,2,1,2,2,1,1,3,2,2
SF,IF2005,2020-04-13 10:09:29.600,3726.2000,10405,0,2022878280.000,0,-,-,-,-,3725.6000,3725.4000,3725.0000,3724.4000,3724.2000,3726.6000,3726.8000,3727.0000,3727.6000,3727.8000,1,2,1,1,2,1,1,1,3,2
SF,IF2005,2020-04-13 10:09:31.100,3726.2000,10405,0,2022878280.000,0,-,-,-,-,3725.6000,3725.4000,3725.0000,3724.4000,3724.2000,3726.6000,3726.8000,3727.6000,3727.8000,3728.0000,1,2,1,1,2,1,1,3,2,2
SF,IF2005,2020-04-13 10:09:32.100,3726.2000,10405,0,2022878280.000,0,-,-,-,-,3725.6000,3725.4000,3725.0000,3724.4000,3724.2000,3726.4000,3726.6000,3727.6000,3727.8000,3728.0000,1,1,1,1,2,2,1,3,2,2
SF,IF2005,2020-04-13 10:09:32.600,3726.2000,10405,0,2022878280.000,0,-,-,-,-,3725.6000,3725.4000,3725.0000,3724.4000,3724.2000,3726.4000,3726.6000,3727.6000,3727.8000,3728.0000,1,1,1,1,2,1,2,3,2,2
SF,IF2005,2020-04-13 10:09:33.100,3726.2000,10405,0,2022878280.000,0,-,-,-,-,3725.6000,3725.4000,3725.0000,3724.4000,3724.2000,3726.6000,3727.6000,3727.8000,3728.0000,3728.2000,1,1,1,1,2,2,3,2,2,2
SF,IF2005,2020-04-13 10:09:36.100,3726.2000,10405,0,2022878280.000,0,-,-,-,-,3725.8000,3725.6000,3725.4000,3725.0000,3724.4000,3726.6000,3727.6000,3727.8000,3728.0000,3728.2000,1,1,1,1,1,2,3,2,2,2
SF,IF2005,2020-04-13 10:09:36.600,3726.2000,10405,0,2022878280.000,0,-,-,-,-,3725.6000,3725.4000,3725.0000,3724.4000,3724.2000,3726.6000,3727.6000,3727.8000,3728.0000,3728.2000,1,1,1,1,2,2,3,2,2,2
SF,IF2005,2020-04-13 10:09:37.100,3726.2000,10405,0,2022878280.000,0,-,-,-,-,3725.8000,3725.6000,3725.4000,3725.0000,3724.4000,3726.6000,3727.6000,3727.8000,3728.0000,3728.2000,1,1,1,1,1,2,3,2,2,2
SF,IF2005,2020-04-13 10:09:37.600,3726.2000,10405,0,2022878280.000,0,-,-,-,-,3725.6000,3725.4000,3725.0000,3724.4000,3724.2000,3726.6000,3727.4000,3727.6000,3727.8000,3728.0000,1,1,1,1,2,1,1,3,2,2
SF,IF2005,2020-04-13 10:09:38.100,3726.2000,10405,0,2022878280.000,0,-,-,-,-,3725.6000,3725.4000,3725.0000,3724.4000,3724.2000,3726.4000,3726.6000,3727.4000,3727.6000,3727.8000,1,1,1,1,2,1,1,1,3,2
SF,IF2005,2020-04-13 10:09:38.600,3726.2000,10405,0,2022878280.000,0,-,-,-,-,3725.6000,3725.4000,3725.0000,3724.4000,3724.2000,3726.4000,3726.6000,3727.2000,3727.4000,3727.6000,1,1,1,1,2,2,1,1,1,3
SF,IF2005,2020-04-13 10:09:39.100,3726.2000,10405,0,2022878280.000,0,-,-,-,-,3725.6000,3725.4000,3725.0000,3724.4000,3724.2000,3726.4000,3726.6000,3727.2000,3727.4000,3727.6000,1,1,1,1,2,1,1,1,1,3
SF,IF2005,2020-04-13 10:09:41.100,3726.2000,10405,0,2022878280.000,0,-,-,-,-,3726.0000,3725.6000,3725.4000,3725.0000,3724.4000,3726.4000,3726.6000,3727.2000,3727.4000,3727.6000,2,1,1,1,1,1,1,1,1,3
SF,IF2005,2020-04-13 10:09:43.100,3726.2000,10405,0,2022878280.000,0,-,-,-,-,3726.0000,3725.6000,3725.4000,3725.0000,3724.4000,3726.2000,3726.6000,3727.2000,3727.4000,3727.6000,2,1,1,1,1,1,1,1,1,3
SF,IF2005,2020-04-13 10:09:43.600,3726.2000,10406,1,2023996140.000,1,1,0,双开,S,3726.0000,3725.6000,3725.4000,3725.0000,3724.4000,3726.6000,3727.2000,3727.4000,3727.6000,3727.8000,2,1,1,1,1,1,1,1,2,2
SF,IF2005,2020-04-13 10:09:45.100,3726.2000,10406,0,2023996140.000,0,-,-,-,-,3726.0000,3725.6000,3725.4000,3725.0000,3724.4000,3726.6000,3727.4000,3727.6000,3727.8000,3728.0000,2,1,1,1,1,1,1,2,2,2
SF,IF2005,2020-04-13 10:09:45.600,3726.2000,10406,0,2023996140.000,0,-,-,-,-,3726.4000,3726.0000,3725.6000,3725.4000,3725.0000,3726.6000,3727.4000,3727.6000,3727.8000,3728.0000,1,2,1,1,1,1,1,2,2,2
SF,IF2005,2020-04-13 10:09:46.100,3726.4000,10406,0,2025114060.000,1,0,1,多换,S,3726.0000,3725.6000,3725.4000,3725.0000,3724.4000,3726.6000,3727.4000,3727.6000,3727.8000,3728.0000,2,1,1,1,1,1,1,2,2,2
SF,IF2005,2020-04-13 10:09:46.600,3726.4000,10406,0,2025114060.000,0,-,-,-,-,3726.0000,3725.6000,3725.4000,3725.0000,3724.4000,3726.6000,3727.4000,3727.6000,3727.8000,3728.0000,2,1,1,1,1,2,1,2,2,2
SF,IF2005,2020-04-13 10:09:48.100,3726.6000,10406,0,2026232040.000,1,0,1,多换,S,3726.0000,3725.6000,3725.0000,3724.4000,3724.2000,3726.6000,3727.4000,3727.6000,3727.8000,3728.0000,2,1,1,1,2,1,1,2,2,1
SF,IF2005,2020-04-13 10:09:48.600,3726.6000,10406,0,2026232040.000,0,-,-,-,-,3726.0000,3725.6000,3725.0000,3724.4000,3724.2000,3726.4000,3726.6000,3727.4000,3727.6000,3727.8000,2,1,1,1,2,1,1,1,1,2
SF,IF2005,2020-04-13 10:09:49.600,3726.6000,10406,0,2026232040.000,0,-,-,-,-,3726.0000,3725.6000,3725.0000,3724.4000,3724.2000,3726.4000,3726.6000,3727.4000,3727.6000,3727.8000,2,1,1,1,2,1,1,1,1,2
SF,IF2005,2020-04-13 10:09:50.100,3726.0000,10406,0,2028467640.000,2,1,1,多换,S,3725.6000,3725.0000,3724.4000,3724.2000,3724.0000,3726.4000,3726.6000,3727.4000,3727.6000,3727.8000,1,1,1,2,2,1,1,1,1,2
SF,IF2005,2020-04-13 10:09:50.600,3726.0000,10406,0,2028467640.000,0,-,-,-,-,3725.6000,3725.0000,3724.4000,3724.2000,3724.0000,3726.4000,3726.6000,3727.4000,3727.6000,3727.8000,1,1,1,2,2,1,1,1,1,2
SF,IF2005,2020-04-13 10:09:51.100,3726.0000,10406,0,2028467640.000,0,-,-,-,-,3725.6000,3725.0000,3724.4000,3724.2000,3724.0000,3726.4000,3726.6000,3727.4000,3727.6000,3727.8000,1,1,1,2,2,1,1,1,1,2
SF,IF2005,2020-04-13 10:09:51.600,3726.4000,10405,-1,2029585560.000,1,0,1,双平,S,3725.6000,3725.0000,3724.4000,3724.2000,3724.0000,3726.6000,3727.4000,3727.6000,3727.8000,3728.0000,1,1,1,2,2,1,1,1,2,1
SF,IF2005,2020-04-13 10:09:52.100,3726.4000,10405,0,2029585560.000,0,-,-,-,-,3725.6000,3725.0000,3724.4000,3724.2000,3724.0000,3726.6000,3727.4000,3727.6000,3727.8000,3728.0000,1,1,1,2,2,1,1,1,2,1
SF,IF2005,2020-04-13 10:09:52.600,3726.4000,10405,0,2029585560.000,0,-,-,-,-,3725.6000,3725.0000,3724.4000,3724.2000,3724.0000,3726.6000,3727.4000,3727.6000,3727.8000,3728.0000,1,1,1,2,2,1,1,1,2,1
SF,IF2005,2020-04-13 10:09:53.100,3726.4000,10405,0,2029585560.000,0,-,-,-,-,3725.8000,3725.6000,3724.4000,3724.2000,3724.0000,3726.6000,3727.4000,3727.6000,3727.8000,3728.0000,1,1,1,2,2,1,1,1,2,1
SF,IF2005,2020-04-13 10:09:53.600,3726.4000,10405,0,2029585560.000,0,-,-,-,-,3725.8000,3725.6000,3724.4000,3724.2000,3724.0000,3726.6000,3727.4000,3727.6000,3727.8000,3728.0000,1,1,1,2,2,1,1,1,2,1
SF,IF2005,2020-04-13 10:09:54.100,3726.4000,10405,0,2029585560.000,0,-,-,-,-,3725.8000,3725.6000,3724.4000,3724.2000,3724.0000,3726.6000,3727.4000,3727.6000,3727.8000,3728.0000,1,1,1,2,2,1,1,1,2,1
SF,IF2005,2020-04-13 10:09:54.600,3725.8000,10404,-1,2030703300.000,1,0,1,双平,S,3725.6000,3724.4000,3724.2000,3724.0000,3723.8000,3726.6000,3727.4000,3727.6000,3727.8000,3728.0000,1,1,2,2,3,1,1,1,2,1
SF,IF2005,2020-04-13 10:09:55.100,3725.8000,10404,0,2030703300.000,0,-,-,-,-,3725.6000,3724.4000,3724.2000,3724.0000,3723.8000,3726.6000,3727.4000,3727.6000,3727.8000,3728.0000,1,1,2,2,3,1,1,1,2,1
SF,IF2005,2020-04-13 10:09:55.600,3726.6000,10404,0,2031821280.000,1,0,1,多换,S,3725.8000,3725.6000,3724.4000,3724.2000,3724.0000,3726.6000,3727.4000,3727.6000,3727.8000,3728.0000,2,1,1,2,2,1,1,1,2,1
SF,IF2005,2020-04-13 10:09:56.100,3726.6000,10404,0,2031821280.000,0,-,-,-,-,3725.8000,3725.6000,3724.4000,3724.2000,3724.0000,3727.4000,3727.6000,3727.8000,3728.0000,3728.2000,1,1,1,2,2,1,1,2,1,2
SF,IF2005,2020-04-13 10:09:56.600,3726.6000,10404,0,2031821280.000,0,-,-,-,-,3726.6000,3725.8000,3725.6000,3724.4000,3724.2000,3727.2000,3727.4000,3727.6000,3727.8000,3728.0000,1,1,1,1,2,3,2,1,2,1
SF,IF2005,2020-04-13 10:09:57.100,3726.6000,10404,0,2032939260.000,1,0,1,多换,S,3725.8000,3724.4000,3724.2000,3724.0000,3723.8000,3727.2000,3727.4000,3727.6000,3727.8000,3728.0000,1,1,2,2,3,4,1,1,2,1
SF,IF2005,2020-04-13 10:09:57.600,3726.6000,10404,0,2032939260.000,0,-,-,-,-,3726.0000,3725.8000,3724.4000,3724.2000,3724.0000,3727.2000,3727.4000,3727.6000,3727.8000,3728.0000,1,1,1,2,2,3,1,1,2,1
SF,IF2005,2020-04-13 10:09:58.100,3726.6000,10404,0,2032939260.000,0,-,-,-,-,3726.0000,3725.8000,3724.4000,3724.2000,3724.0000,3727.2000,3727.4000,3727.6000,3727.8000,3728.0000,1,1,1,2,2,3,1,1,2,1
SF,IF2005,2020-04-13 10:09:58.600,3726.6000,10404,0,2032939260.000,0,-,-,-,-,3726.2000,3726.0000,3724.4000,3724.2000,3724.0000,3727.2000,3727.4000,3727.6000,3727.8000,3728.0000,2,1,1,2,2,2,1,1,2,1
SF,IF2005,2020-04-13 10:09:59.100,3726.6000,10404,0,2032939260.000,0,-,-,-,-,3726.4000,3726.2000,3724.4000,3724.2000,3724.0000,3727.2000,3727.4000,3727.6000,3727.8000,3728.0000,2,1,1,2,2,1,1,1,2,1
SF,IF2005,2020-04-13 10:09:59.600,3727.2000,10405,1,2034057420.000,1,1,0,双开,S,3726.4000,3726.2000,3724.4000,3724.2000,3724.0000,3727.4000,3727.8000,3728.0000,3728.2000,3728.8000,1,1,1,2,2,1,1,1,2,1
SF,IF2005,2020-04-13 10:10:00.100,3727.2000,10405,0,2034057420.000,0,-,-,-,-,3726.4000,3726.2000,3724.4000,3724.2000,3724.0000,3727.4000,3727.8000,3728.0000,3728.2000,3728.8000,1,1,1,2,2,1,1,1,2,1
SF,IF2005,2020-04-13 10:10:00.600,3727.4000,10406,1,2035175640.000,1,1,0,双开,S,3726.8000,3726.6000,3726.2000,3724.4000,3724.2000,3727.8000,3728.0000,3728.2000,3728.8000,3729.0000,1,3,1,1,2,1,1,2,1,1
SF,IF2005,2020-04-13 10:10:01.100,3727.4000,10406,0,2035175640.000,0,-,-,-,-,3726.8000,3726.6000,3724.4000,3724.2000,3724.0000,3727.4000,3727.8000,3728.0000,3728.2000,3728.8000,1,4,1,2,2,1,1,1,2,1
SF,IF2005,2020-04-13 10:10:01.600,3727.4000,10406,0,2036293860.000,1,0,1,多换,S,3727.6000,3727.2000,3727.0000,3726.6000,3724.4000,3727.8000,3728.0000,3728.8000,3729.0000,3729.2000,2,1,1,2,1,1,1,1,1,1
SF,IF2005,2020-04-13 10:10:02.100,3728.0000,10408,2,2038530600.000,2,2,0,双开,S,3727.4000,3727.0000,3726.6000,3724.4000,3724.2000,3728.8000,3729.0000,3729.2000,3729.4000,3729.6000,1,2,1,1,2,1,1,1,3,1
SF,IF2005,2020-04-13 10:10:02.600,3728.0000,10408,0,2038530600.000,0,-,-,-,-,3727.8000,3727.4000,3727.0000,3724.4000,3724.2000,3728.6000,3728.8000,3729.0000,3729.2000,3729.4000,1,1,1,1,2,1,1,1,1,3
SF,IF2005,2020-04-13 10:10:03.100,3728.0000,10408,0,2038530600.000,0,-,-,-,-,3727.8000,3724.4000,3724.2000,3724.0000,3723.8000,3728.6000,3728.8000,3729.0000,3729.2000,3729.4000,2,1,2,2,3,1,2,1,1,3
SF,IF2005,2020-04-13 10:10:04.100,3728.6000,10408,0,2039649180.000,1,0,1,多换,S,3728.0000,3727.8000,3724.4000,3724.2000,3724.0000,3728.8000,3729.0000,3729.2000,3729.4000,3729.6000,1,1,1,2,2,2,1,1,3,1
SF,IF2005,2020-04-13 10:10:04.600,3729.0000,10412,4,2044123740.000,4,4,0,双开,S,3728.2000,3728.0000,3724.4000,3724.2000,3724.0000,3729.2000,3729.4000,3729.6000,3729.8000,3730.0000,2,1,1,2,2,1,1,1,4,4
SF,IF2005,2020-04-13 10:10:05.100,3728.2000,10411,-1,2045242200.000,1,0,1,双平,S,3728.2000,3728.0000,3724.4000,3724.2000,3724.0000,3729.2000,3729.4000,3729.6000,3729.8000,3730.0000,1,1,1,2,2,1,1,1,4,6
SF,IF2005,2020-04-13 10:10:05.600,3728.2000,10411,0,2045242200.000,0,-,-,-,-,3728.8000,3728.2000,3728.0000,3724.4000,3724.2000,3729.2000,3729.4000,3729.6000,3729.8000,3730.0000,1,1,1,1,2,1,1,1,4,6
SF,IF2005,2020-04-13 10:10:06.100,3728.8000,10411,0,2046360840.000,1,0,1,多换,S,3728.2000,3728.0000,3724.4000,3724.2000,3724.0000,3728.8000,3729.2000,3729.4000,3729.6000,3729.8000,1,1,1,2,2,4,1,1,1,4
SF,IF2005,2020-04-13 10:10:06.600,3728.8000,10412,1,2047479480.000,1,1,0,双开,S,3728.2000,3728.0000,3724.4000,3724.2000,3724.0000,3728.8000,3729.2000,3729.4000,3729.6000,3729.8000,1,1,1,2,2,2,1,1,1,4
SF,IF2005,2020-04-13 10:10:07.100,3728.0000,10410,-2,2049716340.000,2,0,2,双平,S,3724.4000,3724.2000,3724.0000,3723.8000,3723.2000,3728.6000,3728.8000,3729.2000,3729.4000,3729.6000,1,2,2,3,2,1,2,1,1,1
SF,IF2005,2020-04-13 10:10:07.600,3728.0000,10410,0,2049716340.000,0,-,-,-,-,3726.6000,3726.4000,3726.2000,3726.0000,3725.8000,3727.8000,3728.4000,3728.8000,3729.2000,3729.4000,2,2,2,3,3,1,3,3,1,1
SF,IF2005,2020-04-13 10:10:08.100,3728.0000,10410,0,2049716340.000,0,-,-,-,-,3726.6000,3726.4000,3726.2000,3726.0000,3725.8000,3727.8000,3728.2000,3728.4000,3728.8000,3729.2000,1,1,1,1,2,1,5,2,3,1
SF,IF2005,2020-04-13 10:10:08.600,3728.0000,10410,0,2049716340.000,0,-,-,-,-,3726.2000,3726.0000,3725.8000,3725.2000,3725.0000,3727.6000,3727.8000,3728.4000,3728.8000,3729.2000,1,1,2,1,2,1,1,2,5,1
SF,IF2005,2020-04-13 10:10:09.100,3728.0000,10410,0,2049716340.000,0,-,-,-,-,3726.2000,3725.2000,3725.0000,3724.8000,3724.6000,3727.4000,3727.6000,3728.4000,3728.8000,3729.2000,1,1,1,1,6,3,1,2,5,1
SF,IF2005,2020-04-13 10:10:09.600,3728.0000,10410,0,2049716340.000,0,-,-,-,-,3726.2000,3725.2000,3725.0000,3724.8000,3724.6000,3727.4000,3727.6000,3728.4000,3728.8000,3729.2000,1,1,1,1,6,3,1,2,4,1
SF,IF2005,2020-04-13 10:10:10.100,3726.4000,10410,0,2050834260.000,1,0,1,多换,S,3726.2000,3725.2000,3725.0000,3724.8000,3724.6000,3727.4000,3728.4000,3728.8000,3729.2000,3729.4000,1,1,1,1,6,3,1,3,1,1
SF,IF2005,2020-04-13 10:10:10.600,3727.4000,10407,-3,2054188920.000,3,0,3,双平,S,3727.4000,3726.6000,3726.4000,3725.2000,3725.0000,3728.4000,3728.8000,3729.2000,3729.4000,3729.6000,1,3,2,1,1,1,3,1,1,1
SF,IF2005,2020-04-13 10:10:11.100,3727.4000,10408,1,2055307140.000,1,1,0,双开,S,3726.6000,3726.4000,3725.2000,3725.0000,3724.8000,3728.4000,3728.8000,3729.2000,3729.4000,3729.6000,1,1,1,1,1,1,3,1,1,1
SF,IF2005,2020-04-13 10:10:11.600,3727.4000,10408,0,2055307140.000,0,-,-,-,-,3727.2000,3727.0000,3726.8000,3726.6000,3725.2000,3727.4000,3729.2000,3729.4000,3729.6000,3729.8000,2,3,1,1,1,1,1,1,1,4
SF,IF2005,2020-04-13 10:10:12.100,3727.4000,10408,0,2056425360.000,1,0,1,多换,S,3727.4000,3727.0000,3726.6000,3725.2000,3725.0000,3729.2000,3729.4000,3729.6000,3729.8000,3730.0000,1,1,1,1,1,1,1,1,6,4
SF,IF2005,2020-04-13 10:10:12.600,3727.4000,10408,0,2056425360.000,0,-,-,-,-,3727.4000,3725.2000,3725.0000,3724.8000,3724.6000,3728.8000,3729.0000,3729.2000,3729.4000,3729.6000,3,1,1,1,5,8,1,1,1,1
SF,IF2005,2020-04-13 10:10:13.100,3727.4000,10408,0,2058661800.000,2,1,1,多换,S,3727.4000,3725.2000,3725.0000,3724.8000,3724.6000,3728.8000,3729.0000,3729.2000,3729.4000,3729.6000,1,1,1,1,5,3,1,1,1,1
SF,IF2005,2020-04-13 10:10:13.600,3727.4000,10408,0,2058661800.000,0,-,-,-,-,3727.4000,3725.2000,3725.0000,3724.8000,3724.6000,3728.6000,3728.8000,3729.0000,3729.2000,3729.4000,1,1,1,1,5,1,3,1,1,1
SF,IF2005,2020-04-13 10:10:14.100,3727.4000,10409,1,2059780020.000,1,1,0,双开,S,3725.2000,3725.0000,3724.8000,3724.6000,3724.4000,3728.6000,3728.8000,3729.2000,3729.4000,3729.6000,1,1,1,5,1,3,3,1,1,1
SF,IF2005,2020-04-13 10:10:14.600,3728.6000,10409,0,2060898600.000,1,0,1,多换,S,3727.2000,3727.0000,3726.8000,3726.6000,3726.2000,3728.6000,3728.8000,3729.2000,3729.4000,3729.6000,1,2,7,2,1,2,2,1,1,1
SF,IF2005,2020-04-13 10:10:15.100,3728.6000,10409,0,2060898600.000,0,-,-,-,-,3727.2000,3727.0000,3726.8000,3726.2000,3726.0000,3728.2000,3728.8000,3729.2000,3729.4000,3729.6000,1,2,2,1,1,1,1,1,1,1
SF,IF2005,2020-04-13 10:10:15.600,3728.6000,10409,0,2060898600.000,0,-,-,-,-,3727.2000,3727.0000,3726.8000,3726.2000,3726.0000,3728.2000,3729.2000,3729.4000,3729.6000,3729.8000,1,2,1,1,1,2,1,1,1,6
SF,IF2005,2020-04-13 10:10:16.100,3728.6000,10409,0,2060898600.000,0,-,-,-,-,3727.0000,3726.8000,3726.2000,3726.0000,3725.4000,3728.2000,3729.2000,3729.4000,3729.6000,3729.8000,1,1,1,1,5,3,1,1,1,6
SF,IF2005,2020-04-13 10:10:16.600,3728.6000,10409,0,2060898600.000,0,-,-,-,-,3727.0000,3726.8000,3726.2000,3726.0000,3725.4000,3728.0000,3728.2000,3729.2000,3729.4000,3729.6000,1,1,1,1,5,2,2,1,1,1
SF,IF2005,2020-04-13 10:10:17.100,3728.6000,10409,0,2060898600.000,0,-,-,-,-,3727.0000,3726.8000,3726.2000,3726.0000,3725.4000,3728.0000,3728.2000,3729.2000,3729.4000,3729.6000,1,1,1,1,5,2,3,1,1,1
SF,IF2005,2020-04-13 10:10:17.600,3728.6000,10409,0,2060898600.000,0,-,-,-,-,3727.0000,3726.8000,3726.2000,3726.0000,3725.4000,3728.0000,3728.2000,3729.2000,3729.4000,3729.6000,1,1,1,1,5,1,3,1,1,1
SF,IF2005,2020-04-13 10:10:18.100,3728.6000,10409,0,2060898600.000,0,-,-,-,-,3727.2000,3727.0000,3726.8000,3726.2000,3726.0000,3728.0000,3728.2000,3728.4000,3729.0000,3729.2000,1,1,1,1,1,1,2,1,1,1
SF,IF2005,2020-04-13 10:10:18.600,3728.6000,10409,0,2062017180.000,1,0,1,多换,S,3727.2000,3727.0000,3726.8000,3726.2000,3726.0000,3728.2000,3728.4000,3729.0000,3729.2000,3729.4000,1,1,1,1,1,1,1,1,1,1
SF,IF2005,2020-04-13 10:10:20.100,3728.6000,10409,0,2062017180.000,0,-,-,-,-,3727.2000,3727.0000,3726.8000,3726.2000,3726.0000,3728.2000,3728.4000,3728.8000,3729.0000,3729.2000,1,1,1,1,1,1,1,1,1,1
SF,IF2005,2020-04-13 10:10:20.600,3728.6000,10409,0,2062017180.000,0,-,-,-,-,3727.2000,3727.0000,3726.8000,3726.2000,3726.0000,3728.2000,3728.4000,3728.8000,3729.0000,3729.2000,1,1,1,1,1,1,1,2,1,1
SF,IF2005,2020-04-13 10:10:22.600,3728.6000,10409,0,2062017180.000,0,-,-,-,-,3727.2000,3727.0000,3726.8000,3726.2000,3726.0000,3728.2000,3728.4000,3728.8000,3729.0000,3729.2000,1,1,1,1,1,1,1,2,1,1
SF,IF2005,2020-04-13 10:10:23.100,3728.6000,10409,0,2062017180.000,0,-,-,-,-,3727.6000,3727.4000,3727.0000,3726.2000,3726.0000,3728.2000,3728.4000,3728.8000,3729.0000,3729.2000,1,1,1,1,1,1,1,1,1,1
SF,IF2005,2020-04-13 10:10:24.100,3728.6000,10409,0,2062017180.000,0,-,-,-,-,3727.6000,3727.0000,3726.2000,3726.0000,3725.4000,3728.2000,3728.4000,3728.8000,3729.0000,3729.2000,1,1,1,1,5,1,1,1,1,1
SF,IF2005,2020-04-13 10:10:24.600,3728.6000,10409,0,2062017180.000,0,-,-,-,-,3727.6000,3726.2000,3726.0000,3725.4000,3725.2000,3728.2000,3728.4000,3728.8000,3729.0000,3729.2000,1,1,1,5,2,1,1,1,1,1
SF,IF2005,2020-04-13 10:10:26.100,3727.6000,10408,-1,2063135460.000,1,0,1,双平,S,3726.2000,3726.0000,3725.4000,3725.2000,3725.0000,3728.2000,3728.4000,3728.8000,3729.0000,3729.2000,1,1,5,2,1,1,1,1,1,1
SF,IF2005,2020-04-13 10:10:26.600,3727.6000,10408,0,2063135460.000,0,-,-,-,-,3727.0000,3726.8000,3726.6000,3726.4000,3726.2000,3728.2000,3728.4000,3728.8000,3729.0000,3729.2000,1,1,2,4,5,1,1,1,1,1
SF,IF2005,2020-04-13 10:10:27.100,3727.6000,10408,0,2063135460.000,0,-,-,-,-,3727.0000,3726.8000,3726.6000,3726.4000,3726.2000,3728.0000,3728.2000,3728.4000,3728.8000,3729.0000,1,1,2,3,4,2,1,1,1,1
SF,IF2005,2020-04-13 10:10:27.600,3727.6000,10408,0,2063135460.000,0,-,-,-,-,3727.0000,3726.8000,3726.6000,3726.4000,3726.0000,3727.8000,3728.0000,3728.2000,3728.4000,3728.8000,1,1,2,2,1,1,2,1,1,1
SF,IF2005,2020-04-13 10:10:28.100,3727.6000,10408,0,2063135460.000,0,-,-,-,-,3727.0000,3726.8000,3726.6000,3726.4000,3726.0000,3728.0000,3728.2000,3728.4000,3728.8000,3729.0000,1,1,2,1,1,2,1,1,1,1
SF,IF2005,2020-04-13 10:10:28.600,3727.6000,10408,0,2063135460.000,0,-,-,-,-,3726.8000,3726.6000,3726.4000,3725.4000,3725.2000,3727.6000,3727.8000,3728.2000,3728.4000,3728.8000,1,1,1,3,2,2,1,1,1,1
SF,IF2005,2020-04-13 10:10:29.100,3727.6000,10408,0,2064253740.000,1,0,1,多换,S,3725.4000,3725.2000,3725.0000,3724.6000,3724.4000,3727.6000,3727.8000,3728.2000,3728.4000,3728.8000,1,1,1,1,1,1,6,1,3,1
SF,IF2005,2020-04-13 10:10:29.600,3727.6000,10408,0,2064253740.000,0,-,-,-,-,3726.2000,3726.0000,3725.6000,3725.2000,3725.0000,3727.6000,3727.8000,3728.2000,3728.4000,3728.8000,1,2,1,1,1,1,6,1,3,1
SF,IF2005,2020-04-13 10:10:30.100,3727.6000,10408,0,2065372020.000,1,0,1,多换,S,3726.4000,3726.2000,3726.0000,3725.8000,3725.6000,3727.8000,3728.2000,3728.4000,3728.8000,3729.0000,1,1,1,1,1,6,1,3,1,1
SF,IF2005,2020-04-13 10:10:30.600,3727.6000,10409,1,2066490300.000,1,1,0,双开,S,3726.4000,3726.2000,3726.0000,3725.8000,3725.6000,3727.6000,3727.8000,3728.2000,3728.4000,3728.8000,1,1,1,1,1,3,6,1,3,1
SF,IF2005,2020-04-13 10:10:31.100,3727.6000,10409,0,2066490300.000,0,-,-,-,-,3726.4000,3726.2000,3726.0000,3725.6000,3725.2000,3727.6000,3727.8000,3728.2000,3728.4000,3728.8000,1,1,1,1,1,4,6,1,3,1
SF,IF2005,2020-04-13 10:10:31.600,3727.6000,10409,0,2066490300.000,0,-,-,-,-,3726.4000,3726.2000,3726.0000,3725.6000,3725.2000,3727.4000,3727.6000,3727.8000,3728.2000,3728.4000,1,1,1,1,1,1,5,6,1,3
SF,IF2005,2020-04-13 10:10:32.100,3727.6000,10409,0,2066490300.000,0,-,-,-,-,3726.4000,3726.2000,3726.0000,3725.6000,3725.2000,3727.4000,3727.6000,3727.8000,3728.2000,3728.4000,1,1,1,1,1,1,5,6,1,3
SF,IF2005,2020-04-13 10:10:32.600,3727.6000,10409,0,2066490300.000,0,-,-,-,-,3726.4000,3726.2000,3726.0000,3725.6000,3725.2000,3727.4000,3727.6000,3727.8000,3728.2000,3728.4000,1,1,1,1,1,1,4,6,1,3
SF,IF2005,2020-04-13 10:10:33.100,3726.4000,10408,-1,2067608220.000,1,0,1,双平,S,3726.2000,3726.0000,3725.6000,3725.0000,3724.6000,3727.2000,3727.4000,3727.6000,3727.8000,3728.2000,1,1,1,1,1,2,2,4,6,1
SF,IF2005,2020-04-13 10:10:33.600,3726.4000,10408,0,2067608220.000,0,-,-,-,-,3726.2000,3726.0000,3725.6000,3724.6000,3724.4000,3727.2000,3727.4000,3727.6000,3727.8000,3728.2000,1,1,1,1,1,3,2,4,6,1
SF,IF2005,2020-04-13 10:10:34.100,3726.4000,10408,0,2067608220.000,0,-,-,-,-,3726.2000,3726.0000,3725.6000,3724.6000,3724.4000,3727.0000,3727.2000,3727.4000,3727.6000,3727.8000,1,1,1,1,1,1,1,2,3,6
SF,IF2005,2020-04-13 10:10:34.600,3726.4000,10408,0,2067608220.000,0,-,-,-,-,3726.4000,3726.2000,3724.6000,3724.4000,3724.2000,3727.4000,3727.6000,3727.8000,3728.2000,3728.4000,4,1,1,1,1,1,1,6,1,3
SF,IF2005,2020-04-13 10:10:35.100,3726.4000,10408,0,2067608220.000,0,-,-,-,-,3726.4000,3726.2000,3724.6000,3724.4000,3724.2000,3727.4000,3727.6000,3727.8000,3728.2000,3728.4000,4,1,1,1,1,1,1,1,1,3
SF,IF2005,2020-04-13 10:10:35.600,3726.4000,10408,0,2067608220.000,0,-,-,-,-,3726.4000,3726.2000,3724.6000,3724.4000,3724.2000,3727.4000,3727.6000,3727.8000,3728.2000,3728.4000,2,1,1,1,1,1,1,1,1,3
SF,IF2005,2020-04-13 10:10:36.100,3726.4000,10408,0,2068726140.000,1,0,1,多换,S,3726.4000,3726.2000,3724.6000,3724.4000,3724.2000,3727.4000,3727.8000,3728.2000,3728.4000,3728.8000,1,1,1,1,1,1,1,1,3,1
SF,IF2005,2020-04-13 10:10:36.600,3726.4000,10408,0,2068726140.000,0,-,-,-,-,3726.6000,3726.4000,3724.6000,3724.4000,3724.2000,3727.8000,3728.2000,3728.4000,3728.8000,3729.0000,2,1,1,1,1,1,1,3,1,1
SF,IF2005,2020-04-13 10:10:37.100,3726.4000,10408,0,2068726140.000,0,-,-,-,-,3726.8000,3726.6000,3724.6000,3724.4000,3724.2000,3727.8000,3728.2000,3728.4000,3728.8000,3729.0000,1,2,1,1,1,1,1,3,1,1
SF,IF2005,2020-04-13 10:10:37.600,3726.4000,10408,0,2068726140.000,0,-,-,-,-,3726.8000,3726.6000,3724.6000,3724.4000,3724.2000,3727.8000,3728.2000,3728.4000,3728.8000,3729.0000,1,1,1,1,1,1,1,3,1,1
SF,IF2005,2020-04-13 10:10:38.100,3726.4000,10408,0,2068726140.000,0,-,-,-,-,3727.0000,3726.8000,3726.6000,3724.6000,3724.4000,3727.8000,3728.2000,3728.4000,3728.8000,3729.0000,1,1,1,1,1,1,1,3,1,1
SF,IF2005,2020-04-13 10:10:38.600,3726.4000,10408,0,2068726140.000,0,-,-,-,-,3726.8000,3726.6000,3724.6000,3724.4000,3724.2000,3727.8000,3728.2000,3728.4000,3728.8000,3729.0000,1,1,1,1,6,1,1,3,1,1
SF,IF2005,2020-04-13 10:10:39.600,3726.4000,10408,0,2068726140.000,0,-,-,-,-,3726.8000,3726.6000,3724.6000,3724.4000,3724.2000,3728.2000,3728.4000,3728.8000,3729.0000,3729.2000,1,1,1,1,6,1,3,1,1,1
SF,IF2005,2020-04-13 10:10:40.100,3726.4000,10408,0,2068726140.000,0,-,-,-,-,3726.8000,3726.6000,3724.6000,3724.4000,3724.2000,3728.0000,3728.2000,3728.4000,3728.8000,3729.0000,1,1,1,1,6,1,1,3,1,1
SF,IF2005,2020-04-13 10:10:40.600,3726.4000,10408,0,2068726140.000,0,-,-,-,-,3727.0000,3726.8000,3724.6000,3724.4000,3724.2000,3728.0000,3728.2000,3728.4000,3728.8000,3729.0000,2,1,1,1,6,1,1,3,1,1
SF,IF2005,2020-04-13 10:10:41.100,3726.4000,10408,0,2068726140.000,0,-,-,-,-,3727.2000,3727.0000,3724.6000,3724.4000,3724.2000,3728.0000,3728.2000,3728.4000,3728.8000,3729.0000,1,3,1,1,6,1,1,1,1,1
SF,IF2005,2020-04-13 10:10:41.600,3726.4000,10408,0,2068726140.000,0,-,-,-,-,3727.2000,3727.0000,3724.6000,3724.4000,3724.2000,3728.0000,3728.2000,3728.4000,3728.8000,3729.0000,1,3,1,1,6,1,1,1,1,1
SF,IF2005,2020-04-13 10:10:42.100,3726.4000,10408,0,2068726140.000,0,-,-,-,-,3727.2000,3727.0000,3724.6000,3724.4000,3724.2000,3728.0000,3728.2000,3728.4000,3728.8000,3729.0000,1,1,1,1,6,1,1,1,1,1
SF,IF2005,2020-04-13 10:10:43.600,3726.4000,10408,0,2068726140.000,0,-,-,-,-,3727.2000,3727.0000,3724.6000,3724.4000,3724.2000,3728.0000,3728.2000,3728.4000,3728.8000,3729.0000,1,1,1,1,6,1,1,2,1,1
SF,IF2005,2020-04-13 10:10:44.600,3727.8000,10409,1,2069844480.000,1,1,0,双开,S,3727.4000,3727.2000,3724.6000,3724.4000,3724.2000,3728.2000,3728.4000,3728.8000,3729.0000,3729.2000,1,1,1,1,6,1,1,1,1,3
SF,IF2005,2020-04-13 10:10:45.600,3727.8000,10409,0,2069844480.000,0,-,-,-,-,3728.0000,3727.6000,3727.4000,3724.6000,3724.4000,3728.2000,3728.4000,3728.8000,3729.0000,3729.2000,1,1,1,1,1,1,1,1,1,3
SF,IF2005,2020-04-13 10:10:46.600,3728.0000,10410,1,2070962880.000,1,1,0,双开,S,3727.6000,3727.4000,3724.6000,3724.4000,3724.2000,3728.2000,3728.4000,3728.8000,3729.0000,3729.2000,1,1,1,1,6,1,1,1,1,3
SF,IF2005,2020-04-13 10:10:47.100,3728.0000,10410,0,2070962880.000,0,-,-,-,-,3727.6000,3727.4000,3724.6000,3724.4000,3724.2000,3728.0000,3728.2000,3728.4000,3728.8000,3729.0000,1,1,1,1,6,1,1,1,1,1
SF,IF2005,2020-04-13 10:10:47.600,3728.0000,10410,0,2070962880.000,0,-,-,-,-,3727.6000,3727.4000,3724.6000,3724.4000,3724.2000,3728.0000,3728.2000,3728.4000,3728.8000,3729.0000,1,1,1,1,6,1,1,1,1,1
SF,IF2005,2020-04-13 10:10:48.100,3727.4000,10408,-2,2073199380.000,2,0,2,双平,S,3724.6000,3724.4000,3724.2000,3724.0000,3723.8000,3728.0000,3728.2000,3728.4000,3728.8000,3729.0000,1,1,6,1,1,1,1,1,1,1
SF,IF2005,2020-04-13 10:10:48.600,3727.4000,10408,0,2073199380.000,0,-,-,-,-,3726.4000,3726.2000,3726.0000,3725.8000,3725.6000,3727.8000,3728.0000,3728.2000,3728.4000,3728.8000,3,1,5,2,2,3,1,1,1,1
SF,IF2005,2020-04-13 10:10:49.100,3727.4000,10408,0,2073199380.000,0,-,-,-,-,3726.4000,3726.2000,3726.0000,3725.8000,3725.6000,3727.8000,3728.0000,3728.2000,3728.4000,3728.8000,3,1,5,1,2,2,1,1,1,1
SF,IF2005,2020-04-13 10:10:50.100,3727.4000,10408,0,2073199380.000,0,-,-,-,-,3726.4000,3726.2000,3726.0000,3725.6000,3725.2000,3727.8000,3728.0000,3728.2000,3728.4000,3728.8000,3,1,1,2,1,2,1,1,1,1
SF,IF2005,2020-04-13 10:10:51.100,3727.4000,10408,0,2073199380.000,0,-,-,-,-,3726.8000,3726.4000,3726.2000,3726.0000,3725.6000,3727.8000,3728.0000,3728.2000,3728.4000,3728.8000,2,3,1,1,2,2,1,1,1,1
SF,IF2005,2020-04-13 10:10:51.600,3727.4000,10408,0,2073199380.000,0,-,-,-,-,3726.8000,3726.4000,3726.2000,3726.0000,3725.6000,3727.8000,3728.0000,3728.2000,3728.4000,3728.8000,3,1,1,1,2,1,1,1,1,1
SF,IF2005,2020-04-13 10:10:52.100,3727.4000,10408,0,2073199380.000,0,-,-,-,-,3727.0000,3726.8000,3726.4000,3726.2000,3726.0000,3727.8000,3728.0000,3728.2000,3728.4000,3728.8000,2,1,1,1,1,1,1,1,1,1
SF,IF2005,2020-04-13 10:10:52.600,3727.4000,10408,0,2073199380.000,0,-,-,-,-,3727.0000,3726.8000,3726.4000,3726.2000,3726.0000,3727.8000,3728.2000,3728.4000,3728.8000,3729.0000,1,1,1,1,1,1,1,1,1,1
SF,IF2005,2020-04-13 10:10:53.600,3727.4000,10408,0,2073199380.000,0,-,-,-,-,3727.8000,3727.0000,3726.8000,3726.4000,3726.2000,3728.2000,3728.4000,3728.8000,3729.0000,3729.2000,1,1,1,1,1,1,1,1,1,3
SF,IF2005,2020-04-13 10:10:54.100,3727.6000,10408,0,2074317660.000,1,0,1,多换,S,3727.0000,3726.8000,3726.4000,3726.2000,3726.0000,3727.6000,3727.8000,3728.0000,3728.2000,3728.4000,1,1,1,1,1,2,1,1,1,1
SF,IF2005,2020-04-13 10:10:54.600,3727.6000,10408,0,2074317660.000,0,-,-,-,-,3727.0000,3726.8000,3726.0000,3725.6000,3725.2000,3727.8000,3728.0000,3728.2000,3728.4000,3728.8000,1,1,1,2,1,2,1,1,1,1
SF,IF2005,2020-04-13 10:10:55.100,3727.6000,10408,0,2074317660.000,0,-,-,-,-,3727.6000,3727.2000,3727.0000,3726.8000,3726.0000,3727.8000,3728.0000,3728.2000,3728.4000,3728.8000,1,1,1,1,1,2,1,1,1,1
SF,IF2005,2020-04-13 10:10:55.600,3727.6000,10408,0,2075435940.000,1,0,1,多换,S,3727.2000,3727.0000,3726.8000,3726.0000,3725.6000,3727.8000,3728.0000,3728.2000,3728.4000,3728.8000,1,1,1,1,2,2,1,1,1,1
SF,IF2005,2020-04-13 10:10:57.600,3727.8000,10409,1,2076554280.000,1,1,0,双开,S,3727.2000,3727.0000,3726.8000,3726.0000,3725.6000,3727.8000,3728.0000,3728.2000,3728.4000,3728.6000,1,2,1,1,2,1,1,1,1,1
SF,IF2005,2020-04-13 10:10:59.600,3727.2000,10409,0,2077672440.000,1,0,1,多换,S,3727.0000,3726.8000,3726.0000,3725.6000,3725.2000,3728.0000,3728.2000,3728.4000,3728.6000,3728.8000,2,1,1,2,1,1,1,1,1,1
SF,IF2005,2020-04-13 10:11:00.100,3727.2000,10409,0,2077672440.000,0,-,-,-,-,3727.0000,3726.8000,3726.0000,3725.6000,3725.2000,3727.8000,3728.0000,3728.2000,3728.4000,3728.6000,1,1,1,1,1,1,1,1,1,1
SF,IF2005,2020-04-13 10:11:01.100,3727.2000,10409,0,2077672440.000,0,-,-,-,-,3727.0000,3726.8000,3725.6000,3725.2000,3724.8000,3727.8000,3728.0000,3728.2000,3728.4000,3728.6000,1,1,1,1,9,1,1,1,1,1
SF,IF2005,2020-04-13 10:11:01.600,3727.2000,10409,0,2077672440.000,0,-,-,-,-,3727.0000,3726.8000,3725.6000,3725.2000,3724.8000,3727.8000,3728.0000,3728.2000,3728.4000,3728.8000,1,1,1,1,9,1,1,1,1,1
SF,IF2005,2020-04-13 10:11:02.600,3727.2000,10409,0,2077672440.000,0,-,-,-,-,3727.0000,3726.8000,3725.6000,3725.2000,3724.8000,3727.6000,3727.8000,3728.2000,3728.4000,3728.8000,1,1,1,1,9,1,1,1,1,1
SF,IF2005,2020-04-13 10:11:03.600,3727.2000,10409,0,2077672440.000,0,-,-,-,-,3727.0000,3725.6000,3725.2000,3724.8000,3724.6000,3727.6000,3727.8000,3728.2000,3728.4000,3728.8000,1,1,1,9,1,1,1,1,1,1
SF,IF2005,2020-04-13 10:11:04.100,3727.2000,10409,0,2077672440.000,0,-,-,-,-,3727.0000,3725.2000,3724.8000,3724.6000,3724.4000,3727.6000,3727.8000,3728.2000,3728.4000,3728.8000,1,1,9,1,1,1,1,1,1,1
SF,IF2005,2020-04-13 10:11:04.600,3727.0000,10409,0,2078790540.000,1,0,1,多换,S,3725.2000,3724.8000,3724.6000,3724.4000,3724.2000,3727.6000,3727.8000,3728.2000,3728.4000,3728.8000,1,8,1,1,6,1,1,1,1,1
SF,IF2005,2020-04-13 10:11:05.100,3727.0000,10409,0,2078790540.000,0,-,-,-,-,3726.2000,3725.8000,3725.6000,3725.4000,3725.2000,3727.4000,3727.6000,3728.2000,3728.4000,3728.8000,1,1,3,4,5,2,1,1,1,1
SF,IF2005,2020-04-13 10:11:05.600,3727.0000,10409,0,2078790540.000,0,-,-,-,-,3726.4000,3726.2000,3725.8000,3725.6000,3725.4000,3727.4000,3727.6000,3728.2000,3728.4000,3728.8000,1,1,1,2,4,2,1,1,1,1
SF,IF2005,2020-04-13 10:11:06.100,3727.0000,10409,0,2078790540.000,0,-,-,-,-,3726.4000,3726.2000,3725.6000,3725.4000,3725.2000,3727.6000,3728.2000,3728.4000,3728.8000,3729.0000,3,1,2,4,4,1,1,1,1,1
SF,IF2005,2020-04-13 10:11:06.600,3726.6000,10408,-1,2079908520.000,1,0,1,双平,S,3726.4000,3726.2000,3725.6000,3725.4000,3725.2000,3727.6000,3728.2000,3728.4000,3728.8000,3729.0000,3,1,2,4,4,1,1,1,1,1
SF,IF2005,2020-04-13 10:11:07.100,3726.6000,10408,0,2079908520.000,0,-,-,-,-,3726.6000,3726.4000,3725.6000,3725.4000,3725.2000,3727.6000,3728.2000,3728.4000,3728.8000,3729.0000,3,1,2,3,4,1,1,1,1,1
SF,IF2005,2020-04-13 10:11:08.100,3726.6000,10408,0,2079908520.000,0,-,-,-,-,3726.6000,3726.4000,3725.6000,3725.4000,3725.2000,3727.6000,3728.2000,3728.4000,3728.8000,3729.0000,1,1,1,3,4,1,1,1,1,1
SF,IF2005,2020-04-13 10:11:11.100,3726.6000,10408,0,2079908520.000,0,-,-,-,-,3726.8000,3726.6000,3726.4000,3725.6000,3725.4000,3728.2000,3728.4000,3728.8000,3729.0000,3729.2000,1,1,1,1,3,1,1,1,1,3
SF,IF2005,2020-04-13 10:11:11.600,3726.6000,10408,0,2079908520.000,0,-,-,-,-,3726.6000,3726.4000,3725.6000,3725.4000,3725.2000,3727.8000,3728.0000,3728.2000,3728.4000,3728.8000,1,1,1,3,4,1,2,1,1,1
SF,IF2005,2020-04-13 10:11:12.100,3726.6000,10408,0,2079908520.000,0,-,-,-,-,3726.8000,3726.6000,3725.6000,3725.4000,3725.2000,3727.8000,3728.0000,3728.2000,3728.4000,3728.8000,2,1,1,3,4,1,2,1,1,1
SF,IF2005,2020-04-13 10:11:12.600,3726.6000,10408,0,2079908520.000,0,-,-,-,-,3726.8000,3726.6000,3725.6000,3725.4000,3725.2000,3727.8000,3728.0000,3728.2000,3728.4000,3728.8000,3,3,1,3,4,1,2,1,1,1
SF,IF2005,2020-04-13 10:11:13.100,3726.6000,10408,0,2079908520.000,0,-,-,-,-,3726.8000,3726.6000,3725.6000,3725.4000,3725.2000,3727.8000,3728.0000,3728.2000,3728.4000,3728.8000,1,3,1,3,4,1,1,1,1,1
SF,IF2005,2020-04-13 10:11:13.600,3726.6000,10408,0,2079908520.000,0,-,-,-,-,3727.0000,3726.8000,3726.6000,3725.6000,3725.4000,3727.8000,3728.0000,3728.2000,3728.4000,3728.8000,2,2,3,1,3,1,1,1,1,1
SF,IF2005,2020-04-13 10:11:14.100,3727.8000,10408,0,2081026860.000,1,0,1,多换,S,3727.0000,3726.8000,3726.6000,3725.6000,3725.4000,3728.0000,3728.2000,3728.4000,3728.8000,3729.0000,2,1,2,1,3,1,1,1,1,1
SF,IF2005,2020-04-13 10:11:14.600,3727.8000,10408,0,2081026860.000,0,-,-,-,-,3727.0000,3726.8000,3726.6000,3725.6000,3725.4000,3728.0000,3728.2000,3728.4000,3728.8000,3729.0000,2,1,2,1,3,1,1,1,1,1
SF,IF2005,2020-04-13 10:11:15.100,3728.0000,10408,0,2082145260.000,1,0,1,多换,S,3727.0000,3726.8000,3726.6000,3725.6000,3725.4000,3728.2000,3728.4000,3728.8000,3729.0000,3729.2000,2,1,2,1,3,1,1,1,1,3
SF,IF2005,2020-04-13 10:11:15.600,3728.0000,10408,0,2082145260.000,0,-,-,-,-,3727.2000,3727.0000,3726.6000,3725.6000,3725.4000,3728.2000,3728.4000,3728.8000,3729.0000,3729.2000,3,2,2,1,3,1,1,1,1,3
SF,IF2005,2020-04-13 10:11:17.600,3728.0000,10408,0,2082145260.000,0,-,-,-,-,3727.6000,3727.4000,3727.2000,3727.0000,3725.6000,3728.2000,3728.4000,3728.8000,3729.0000,3729.2000,1,1,2,2,1,1,1,1,1,1
SF,IF2005,2020-04-13 10:11:18.100,3728.0000,10408,0,2082145260.000,0,-,-,-,-,3728.0000,3727.6000,3727.4000,3727.2000,3727.0000,3728.2000,3728.4000,3728.8000,3729.0000,3729.2000,2,1,1,1,2,1,1,1,1,1
SF,IF2005,2020-04-13 10:11:18.600,3728.0000,10408,0,2084382060.000,2,1,1,多换,S,3727.6000,3727.4000,3727.2000,3725.6000,3725.4000,3728.2000,3728.4000,3728.8000,3729.0000,3729.2000,1,1,1,1,3,1,1,1,1,1
SF,IF2005,2020-04-13 10:11:19.600,3728.0000,10408,0,2084382060.000,0,-,-,-,-,3727.6000,3727.4000,3727.2000,3725.6000,3725.4000,3728.2000,3728.4000,3728.8000,3729.0000,3729.2000,1,1,1,1,4,1,1,1,1,1
SF,IF2005,2020-04-13 10:11:21.100,3727.6000,10408,0,2085500340.000,1,0,1,多换,S,3727.2000,3725.6000,3725.4000,3725.2000,3724.8000,3728.0000,3728.2000,3728.4000,3728.8000,3729.0000,1,1,4,4,7,2,1,1,1,1
SF,IF2005,2020-04-13 10:11:21.600,3727.6000,10408,0,2085500340.000,0,-,-,-,-,3725.6000,3725.4000,3725.2000,3724.8000,3724.6000,3728.0000,3728.2000,3728.4000,3728.8000,3729.0000,1,4,4,7,1,2,1,1,2,1
SF,IF2005,2020-04-13 10:11:22.100,3727.6000,10408,0,2085500340.000,0,-,-,-,-,3726.6000,3726.2000,3726.0000,3725.8000,3725.4000,3727.6000,3727.8000,3728.2000,3728.4000,3728.8000,1,2,3,5,2,1,1,1,1,2
SF,IF2005,2020-04-13 10:11:22.600,3727.6000,10408,0,2085500340.000,0,-,-,-,-,3726.6000,3726.2000,3726.0000,3725.8000,3725.4000,3727.6000,3727.8000,3728.2000,3728.4000,3728.8000,1,2,1,4,2,3,1,1,1,2
SF,IF2005,2020-04-13 10:11:23.100,3727.6000,10408,0,2085500340.000,0,-,-,-,-,3726.6000,3726.2000,3726.0000,3725.8000,3725.4000,3727.6000,3727.8000,3728.2000,3728.4000,3728.8000,1,2,1,3,2,3,1,1,1,2
SF,IF2005,2020-04-13 10:11:23.600,3727.6000,10408,0,2085500340.000,0,-,-,-,-,3726.6000,3726.2000,3726.0000,3725.8000,3725.4000,3727.6000,3727.8000,3728.2000,3728.4000,3728.8000,1,2,1,2,2,3,1,1,1,2
SF,IF2005,2020-04-13 10:11:24.600,3727.6000,10408,0,2085500340.000,0,-,-,-,-,3726.6000,3726.2000,3726.0000,3725.8000,3725.4000,3727.6000,3727.8000,3728.2000,3728.4000,3728.8000,1,2,1,2,2,3,1,1,1,1
SF,IF2005,2020-04-13 10:11:27.600,3727.6000,10408,0,2085500340.000,0,-,-,-,-,3726.6000,3726.2000,3726.0000,3725.8000,3725.4000,3727.6000,3727.8000,3728.2000,3728.4000,3728.8000,1,2,1,2,2,4,1,1,1,1
SF,IF2005,2020-04-13 10:11:28.100,3727.6000,10408,0,2085500340.000,0,-,-,-,-,3726.6000,3726.2000,3726.0000,3725.8000,3725.4000,3727.4000,3727.6000,3728.2000,3728.4000,3728.8000,1,1,1,2,1,2,4,1,1,1
SF,IF2005,2020-04-13 10:11:28.600,3726.6000,10408,0,2086618320.000,1,0,1,多换,S,3726.2000,3726.0000,3725.8000,3725.4000,3725.2000,3727.4000,3727.6000,3728.2000,3728.4000,3728.8000,1,1,2,1,4,2,3,3,1,1
SF,IF2005,2020-04-13 10:11:29.600,3726.6000,10408,0,2086618320.000,0,-,-,-,-,3726.2000,3726.0000,3725.8000,3725.4000,3725.2000,3727.2000,3727.4000,3727.6000,3728.2000,3728.4000,1,1,2,1,4,1,2,3,3,1
SF,IF2005,2020-04-13 10:11:30.100,3727.2000,10409,1,2087736480.000,1,1,0,双开,S,3727.2000,3725.8000,3725.4000,3725.2000,3724.8000,3727.4000,3727.6000,3728.2000,3728.4000,3728.8000,1,1,1,4,4,2,3,3,1,1
SF,IF2005,2020-04-13 10:11:30.600,3727.2000,10409,0,2088854640.000,1,0,1,多换,S,3725.8000,3725.4000,3725.2000,3724.8000,3724.6000,3727.2000,3727.4000,3727.6000,3728.2000,3728.4000,1,1,4,4,1,1,1,3,3,1
SF,IF2005,2020-04-13 10:11:31.100,3727.2000,10409,0,2088854640.000,0,-,-,-,-,3726.6000,3726.2000,3726.0000,3725.8000,3725.4000,3727.2000,3727.4000,3727.6000,3728.2000,3728.4000,1,2,1,1,1,2,1,3,3,1
SF,IF2005,2020-04-13 10:11:31.600,3727.2000,10409,0,2088854640.000,0,-,-,-,-,3726.6000,3726.2000,3726.0000,3725.8000,3725.4000,3727.2000,3727.4000,3727.6000,3728.2000,3728.4000,1,2,1,1,1,2,1,3,3,1
SF,IF2005,2020-04-13 10:11:32.100,3727.2000,10409,0,2091090960.000,2,1,1,多换,S,3727.2000,3726.8000,3726.6000,3726.2000,3726.0000,3727.6000,3728.2000,3728.4000,3728.8000,3729.0000,1,1,1,1,1,3,1,1,1,1
SF,IF2005,2020-04-13 10:11:32.600,3727.2000,10409,0,2091090960.000,0,-,-,-,-,3727.2000,3726.8000,3726.6000,3726.2000,3726.0000,3727.6000,3728.2000,3728.4000,3728.8000,3729.0000,1,3,1,1,1,2,1,1,1,1
SF,IF2005,2020-04-13 10:11:33.100,3727.6000,10409,0,2093327520.000,2,1,1,多换,S,3727.6000,3726.8000,3726.6000,3726.2000,3726.0000,3728.2000,3728.4000,3728.8000,3729.0000,3729.2000,1,2,1,1,1,1,1,1,1,3
SF,IF2005,2020-04-13 10:11:33.600,3727.6000,10409,0,2093327520.000,0,-,-,-,-,3727.6000,3726.8000,3726.6000,3726.2000,3726.0000,3728.2000,3728.4000,3728.8000,3729.0000,3729.2000,1,1,1,1,1,1,1,1,1,3
SF,IF2005,2020-04-13 10:11:34.100,3727.6000,10409,0,2094445800.000,1,0,1,多换,S,3726.8000,3726.6000,3725.8000,3725.4000,3725.2000,3728.0000,3728.2000,3728.4000,3728.8000,3729.0000,1,1,1,1,4,4,1,1,1,1
SF,IF2005,2020-04-13 10:11:34.600,3727.6000,10409,0,2094445800.000,0,-,-,-,-,3726.8000,3726.6000,3725.8000,3725.4000,3725.2000,3727.8000,3728.0000,3728.2000,3728.4000,3728.8000,1,1,1,1,4,1,4,1,1,1
SF,IF2005,2020-04-13 10:11:35.100,3727.6000,10409,0,2094445800.000,0,-,-,-,-,3726.8000,3726.6000,3725.8000,3725.4000,3725.2000,3727.8000,3728.0000,3728.2000,3728.4000,3728.8000,1,1,1,1,4,1,3,1,1,1
SF,IF2005,2020-04-13 10:11:36.100,3727.6000,10409,0,2094445800.000,0,-,-,-,-,3726.6000,3725.8000,3725.4000,3725.2000,3724.8000,3727.8000,3728.0000,3728.2000,3728.4000,3728.8000,1,1,1,4,4,1,3,1,1,1
SF,IF2005,2020-04-13 10:11:36.600,3727.6000,10409,0,2094445800.000,0,-,-,-,-,3727.0000,3726.6000,3725.8000,3725.4000,3725.2000,3727.8000,3728.0000,3728.2000,3728.4000,3728.8000,1,1,1,1,4,1,3,1,1,1
SF,IF2005,2020-04-13 10:11:37.600,3727.6000,10409,0,2094445800.000,0,-,-,-,-,3727.0000,3726.6000,3725.8000,3725.4000,3725.2000,3727.8000,3728.0000,3728.2000,3728.4000,3728.8000,1,1,1,1,4,1,3,1,1,1
SF,IF2005,2020-04-13 10:11:39.100,3727.6000,10409,0,2094445800.000,0,-,-,-,-,3726.6000,3725.8000,3725.4000,3725.2000,3724.8000,3727.8000,3728.0000,3728.2000,3728.4000,3728.8000,1,1,1,4,4,1,3,1,1,1
SF,IF2005,2020-04-13 10:11:40.600,3727.6000,10409,0,2094445800.000,0,-,-,-,-,3726.6000,3725.8000,3725.4000,3725.2000,3724.8000,3727.6000,3727.8000,3728.0000,3728.2000,3728.4000,1,1,1,4,4,1,1,2,1,1
SF,IF2005,2020-04-13 10:11:41.600,3727.6000,10409,0,2094445800.000,0,-,-,-,-,3726.6000,3725.8000,3725.4000,3725.2000,3724.8000,3727.6000,3727.8000,3728.0000,3728.2000,3728.4000,1,1,1,4,4,1,1,2,1,1
SF,IF2005,2020-04-13 10:11:42.100,3727.6000,10409,0,2094445800.000,0,-,-,-,-,3726.6000,3725.8000,3725.4000,3725.2000,3724.8000,3727.6000,3727.8000,3728.0000,3728.2000,3728.4000,1,1,1,4,4,1,1,2,1,1
SF,IF2005,2020-04-13 10:11:42.600,3727.6000,10409,0,2094445800.000,0,-,-,-,-,3726.6000,3725.8000,3725.4000,3725.2000,3724.8000,3727.6000,3727.8000,3728.0000,3728.2000,3728.4000,1,1,1,4,4,1,1,2,1,1
SF,IF2005,2020-04-13 10:11:43.100,3727.6000,10409,0,2094445800.000,0,-,-,-,-,3726.6000,3725.8000,3725.4000,3725.2000,3724.8000,3727.6000,3727.8000,3728.0000,3728.2000,3728.4000,1,1,1,4,4,1,1,2,1,1
SF,IF2005,2020-04-13 10:11:43.600,3726.6000,10408,-1,2095563780.000,1,0,1,双平,S,3725.8000,3725.4000,3725.2000,3724.8000,3724.6000,3727.6000,3727.8000,3728.0000,3728.2000,3728.4000,1,1,4,4,1,1,1,3,1,1
SF,IF2005,2020-04-13 10:11:44.100,3726.6000,10408,0,2095563780.000,0,-,-,-,-,3726.6000,3726.2000,3726.0000,3725.8000,3725.4000,3727.4000,3727.6000,3728.0000,3728.2000,3728.4000,1,2,1,1,1,1,1,2,1,1
SF,IF2005,2020-04-13 10:11:45.100,3726.6000,10408,0,2095563780.000,0,-,-,-,-,3726.6000,3726.2000,3726.0000,3725.8000,3725.4000,3727.4000,3727.6000,3728.0000,3728.2000,3728.4000,1,2,1,1,1,1,1,2,1,1
SF,IF2005,2020-04-13 10:11:45.600,3726.6000,10408,0,2095563780.000,0,-,-,-,-,3726.6000,3726.2000,3726.0000,3725.8000,3725.4000,3727.4000,3727.6000,3728.0000,3728.2000,3728.4000,1,1,1,1,1,2,1,2,1,1
SF,IF2005,2020-04-13 10:11:46.100,3726.6000,10408,0,2095563780.000,0,-,-,-,-,3726.6000,3726.0000,3725.8000,3725.4000,3725.2000,3727.4000,3727.6000,3728.0000,3728.2000,3728.4000,1,1,1,1,4,1,1,2,1,1
SF,IF2005,2020-04-13 10:11:47.100,3727.4000,10408,0,2096682000.000,1,0,1,多换,S,3727.0000,3726.8000,3726.6000,3726.0000,3725.8000,3727.6000,3728.0000,3728.2000,3728.4000,3728.8000,1,2,1,1,1,1,2,1,2,1
SF,IF2005,2020-04-13 10:11:47.600,3727.4000,10408,0,2096682000.000,0,-,-,-,-,3727.0000,3726.8000,3726.6000,3726.0000,3725.8000,3727.6000,3728.0000,3728.2000,3728.4000,3728.8000,1,2,1,1,1,2,2,1,2,1
SF,IF2005,2020-04-13 10:11:48.100,3727.4000,10408,0,2096682000.000,0,-,-,-,-,3727.0000,3726.8000,3726.6000,3726.0000,3725.8000,3727.6000,3728.0000,3728.2000,3728.4000,3728.8000,1,2,1,1,1,2,2,1,2,1
SF,IF2005,2020-04-13 10:11:48.600,3727.4000,10408,0,2096682000.000,0,-,-,-,-,3727.0000,3726.8000,3726.6000,3726.0000,3725.8000,3727.6000,3728.0000,3728.2000,3728.4000,3728.8000,1,2,1,1,1,1,2,1,2,1
SF,IF2005,2020-04-13 10:11:49.100,3727.0000,10408,0,2097800100.000,1,0,1,多换,S,3726.8000,3726.6000,3726.0000,3725.8000,3725.4000,3727.6000,3728.0000,3728.2000,3728.4000,3728.8000,2,1,1,1,1,2,2,1,2,1
SF,IF2005,2020-04-13 10:11:49.600,3727.0000,10408,0,2097800100.000,0,-,-,-,-,3726.8000,3726.6000,3725.8000,3725.4000,3725.2000,3727.6000,3728.0000,3728.2000,3728.4000,3728.8000,1,1,1,1,4,1,2,1,2,1
SF,IF2005,2020-04-13 10:11:50.100,3727.0000,10408,0,2097800100.000,0,-,-,-,-,3726.6000,3725.8000,3725.4000,3725.2000,3724.8000,3727.6000,3728.0000,3728.2000,3728.4000,3728.8000,1,1,1,4,4,1,2,1,2,1
SF,IF2005,2020-04-13 10:11:50.600,3727.0000,10408,0,2097800100.000,0,-,-,-,-,3726.6000,3725.8000,3725.4000,3725.2000,3724.8000,3727.6000,3728.0000,3728.2000,3728.4000,3728.8000,1,1,1,4,4,1,2,1,2,1
SF,IF2005,2020-04-13 10:11:51.100,3727.0000,10408,0,2097800100.000,0,-,-,-,-,3726.6000,3725.8000,3725.4000,3725.2000,3724.8000,3727.6000,3728.0000,3728.2000,3728.4000,3728.8000,1,1,1,4,4,1,2,1,2,1
SF,IF2005,2020-04-13 10:11:51.600,3727.0000,10408,0,2097800100.000,0,-,-,-,-,3726.6000,3725.8000,3725.4000,3725.2000,3724.8000,3727.6000,3728.0000,3728.2000,3728.4000,3728.8000,1,1,1,4,4,1,2,1,2,1
SF,IF2005,2020-04-13 10:11:52.100,3727.0000,10408,0,2097800100.000,0,-,-,-,-,3726.6000,3725.8000,3725.4000,3725.2000,3724.8000,3727.6000,3728.0000,3728.2000,3728.4000,3728.8000,1,1,1,4,4,1,2,1,2,1
SF,IF2005,2020-04-13 10:11:52.600,3727.0000,10408,0,2097800100.000,0,-,-,-,-,3726.6000,3725.8000,3725.4000,3725.2000,3724.8000,3727.6000,3728.0000,3728.2000,3728.4000,3728.8000,1,1,1,4,4,1,2,1,2,1
SF,IF2005,2020-04-13 10:11:53.100,3727.0000,10408,0,2097800100.000,0,-,-,-,-,3725.8000,3725.4000,3725.2000,3724.8000,3724.6000,3727.6000,3728.0000,3728.2000,3728.4000,3728.8000,1,1,4,4,1,1,2,1,2,1
SF,IF2005,2020-04-13 10:11:53.600,3727.0000,10408,0,2097800100.000,0,-,-,-,-,3726.2000,3726.0000,3725.8000,3725.4000,3725.2000,3726.6000,3727.2000,3727.4000,3727.6000,3728.0000,1,3,1,1,4,2,1,1,1,2
SF,IF2005,2020-04-13 10:11:54.100,3726.6000,10409,1,2101154040.000,3,2,1,空开,S,3726.2000,3726.0000,3725.8000,3725.4000,3725.2000,3727.2000,3727.4000,3728.0000,3728.2000,3728.4000,1,2,1,1,4,1,1,2,1,2
SF,IF2005,2020-04-13 10:11:54.600,3726.6000,10409,0,2101154040.000,0,-,-,-,-,3726.4000,3726.2000,3726.0000,3725.4000,3725.2000,3727.2000,3727.4000,3728.0000,3728.2000,3728.4000,1,1,2,1,4,1,1,2,1,2
SF,IF2005,2020-04-13 10:11:55.100,3726.2000,10409,0,2103389820.000,2,1,1,多换,S,3726.0000,3725.4000,3725.2000,3724.8000,3724.6000,3727.2000,3727.4000,3728.0000,3728.2000,3728.4000,2,1,4,4,1,1,1,2,1,2
SF,IF2005,2020-04-13 10:11:55.600,3726.2000,10409,0,2103389820.000,0,-,-,-,-,3726.2000,3726.0000,3725.4000,3725.2000,3724.8000,3727.2000,3727.4000,3728.0000,3728.2000,3728.4000,1,2,1,4,4,1,1,2,1,2
SF,IF2005,2020-04-13 10:11:56.600,3726.2000,10409,0,2104507680.000,1,0,1,多换,S,3726.4000,3726.2000,3726.0000,3725.4000,3725.2000,3727.2000,3727.4000,3728.0000,3728.2000,3728.4000,1,1,2,1,4,1,1,2,1,2
SF,IF2005,2020-04-13 10:11:57.100,3726.2000,10409,0,2104507680.000,0,-,-,-,-,3726.4000,3726.2000,3726.0000,3725.4000,3725.2000,3727.2000,3727.4000,3728.0000,3728.2000,3728.4000,1,2,2,1,4,1,1,2,1,2
SF,IF2005,2020-04-13 10:11:57.600,3726.2000,10409,0,2104507680.000,0,-,-,-,-,3726.4000,3726.2000,3726.0000,3725.4000,3725.2000,3727.2000,3727.4000,3728.0000,3728.2000,3728.4000,1,2,1,1,4,1,1,2,1,2
SF,IF2005,2020-04-13 10:11:58.100,3726.4000,10410,1,2105625600.000,1,1,0,双开,S,3726.2000,3726.0000,3725.4000,3725.2000,3724.8000,3726.4000,3727.2000,3727.4000,3728.0000,3728.2000,2,1,1,4,4,1,1,1,2,1
SF,IF2005,2020-04-13 10:11:58.600,3727.2000,10411,1,2107861680.000,2,1,1,空开,S,3726.4000,3726.2000,3725.4000,3725.2000,3724.8000,3727.4000,3728.0000,3728.2000,3728.4000,3728.8000,3,2,1,4,4,1,2,1,1,1
SF,IF2005,2020-04-13 10:11:59.100,3727.2000,10411,0,2107861680.000,0,-,-,-,-,3726.4000,3726.2000,3725.4000,3725.2000,3724.8000,3727.2000,3727.4000,3728.0000,3728.2000,3728.4000,2,2,1,4,4,2,1,2,1,1
SF,IF2005,2020-04-13 10:11:59.600,3726.4000,10411,0,2110097520.000,2,1,1,多换,S,3726.2000,3725.4000,3725.2000,3724.8000,3724.6000,3727.2000,3727.4000,3728.0000,3728.2000,3728.4000,2,1,4,3,1,2,1,2,1,1
SF,IF2005,2020-04-13 10:12:00.600,3726.4000,10411,0,2110097520.000,0,-,-,-,-,3726.2000,3725.4000,3725.2000,3724.8000,3724.6000,3726.6000,3727.2000,3727.4000,3728.0000,3728.2000,2,1,4,3,1,1,2,1,2,1
SF,IF2005,2020-04-13 10:12:01.100,3726.6000,10411,0,2111215500.000,1,0,1,多换,S,3726.2000,3725.4000,3725.2000,3724.8000,3724.6000,3727.2000,3727.4000,3728.0000,3728.2000,3728.4000,2,1,4,3,1,2,1,2,1,1
SF,IF2005,2020-04-13 10:12:01.600,3726.6000,10411,0,2111215500.000,0,-,-,-,-,3726.6000,3726.2000,3725.4000,3725.2000,3724.8000,3727.2000,3728.0000,3728.2000,3728.4000,3728.8000,1,2,1,4,3,1,2,1,1,1
SF,IF2005,2020-04-13 10:12:02.100,3726.6000,10411,0,2111215500.000,0,-,-,-,-,3726.6000,3726.2000,3725.4000,3725.2000,3724.8000,3728.0000,3728.2000,3728.4000,3728.8000,3729.2000,1,2,1,4,3,2,1,1,1,2
SF,IF2005,2020-04-13 10:12:02.600,3726.6000,10411,0,2111215500.000,0,-,-,-,-,3727.0000,3726.8000,3726.2000,3725.4000,3725.2000,3727.8000,3728.0000,3728.2000,3728.4000,3728.8000,1,1,1,1,4,3,2,1,1,1
SF,IF2005,2020-04-13 10:12:03.100,3727.0000,10412,1,2112333600.000,1,1,0,双开,S,3726.8000,3726.2000,3725.4000,3725.2000,3724.8000,3727.0000,3727.8000,3728.0000,3728.2000,3728.4000,1,1,1,4,3,1,3,2,1,1
SF,IF2005,2020-04-13 10:12:03.600,3727.0000,10412,0,2112333600.000,0,-,-,-,-,3726.2000,3725.4000,3725.2000,3724.8000,3724.6000,3727.0000,3727.8000,3728.0000,3728.2000,3728.4000,1,1,4,3,1,1,3,2,1,1
SF,IF2005,2020-04-13 10:12:04.100,3727.0000,10412,0,2113451700.000,1,0,1,多换,S,3727.0000,3726.4000,3726.2000,3725.4000,3725.2000,3727.8000,3728.0000,3728.2000,3728.4000,3728.8000,1,2,1,1,4,3,2,1,1,1
SF,IF2005,2020-04-13 10:12:04.600,3727.6000,10413,1,2114569980.000,1,1,0,双开,S,3727.0000,3726.4000,3726.2000,3725.4000,3725.2000,3727.6000,3727.8000,3728.0000,3728.2000,3728.4000,1,2,1,1,4,1,1,2,1,1
SF,IF2005,2020-04-13 10:12:05.100,3727.0000,10414,1,2115688080.000,1,1,0,双开,S,3726.4000,3726.2000,3725.4000,3725.2000,3724.8000,3727.0000,3727.6000,3727.8000,3728.0000,3728.2000,2,1,1,4,3,1,1,1,2,1
SF,IF2005,2020-04-13 10:12:05.600,3727.0000,10415,1,2116806180.000,1,1,0,双开,S,3726.4000,3726.2000,3725.4000,3725.2000,3724.8000,3727.6000,3727.8000,3728.0000,3728.2000,3728.4000,2,1,1,4,3,1,1,2,1,1
SF,IF2005,2020-04-13 10:12:06.100,3726.4000,10415,0,2117924100.000,1,0,1,多换,S,3726.2000,3725.4000,3725.2000,3724.8000,3724.6000,3726.4000,3727.4000,3728.0000,3728.2000,3728.4000,1,1,4,3,1,1,3,2,1,1
SF,IF2005,2020-04-13 10:12:06.600,3726.4000,10415,0,2119042020.000,1,0,1,多换,S,3726.6000,3726.4000,3726.2000,3725.4000,3725.2000,3727.4000,3728.0000,3728.2000,3728.4000,3728.8000,1,5,1,1,4,3,2,2,1,1
SF,IF2005,2020-04-13 10:12:07.100,3726.4000,10415,0,2119042020.000,0,-,-,-,-,3726.6000,3726.4000,3726.2000,3725.4000,3725.2000,3727.4000,3728.0000,3728.2000,3728.4000,3728.8000,1,3,1,1,4,3,2,2,1,1
SF,IF2005,2020-04-13 10:12:07.600,3726.6000,10416,1,2120160000.000,1,1,0,双开,S,3726.4000,3726.2000,3725.4000,3725.2000,3724.8000,3726.6000,3727.4000,3728.0000,3728.2000,3728.4000,1,1,1,4,3,1,3,2,2,1
SF,IF2005,2020-04-13 10:12:08.100,3726.6000,10417,1,2121277980.000,1,1,0,双开,S,3726.8000,3726.6000,3726.2000,3725.4000,3725.2000,3727.4000,3728.0000,3728.2000,3728.4000,3728.8000,1,3,1,1,4,3,2,1,1,1
SF,IF2005,2020-04-13 10:12:08.600,3726.6000,10417,0,2121277980.000,0,-,-,-,-,3726.8000,3726.6000,3726.2000,3725.4000,3725.2000,3727.4000,3728.0000,3728.2000,3728.4000,3728.8000,1,2,1,1,4,3,2,1,1,1
SF,IF2005,2020-04-13 10:12:09.100,3727.4000,10417,0,2122396200.000,1,0,1,多换,S,3726.6000,3726.2000,3725.4000,3725.2000,3724.8000,3726.8000,3727.4000,3728.0000,3728.2000,3728.4000,2,1,1,4,3,2,2,2,1,1
SF,IF2005,2020-04-13 10:12:09.600,3727.4000,10417,0,2125750500.000,3,1,2,多换,S,3726.8000,3726.2000,3725.4000,3725.2000,3724.8000,3727.4000,3728.0000,3728.2000,3728.4000,3728.8000,1,1,1,4,3,1,2,1,1,1
SF,IF2005,2020-04-13 10:12:10.100,3726.8000,10417,0,2126868540.000,1,0,1,多换,S,3726.2000,3725.4000,3725.2000,3724.8000,3724.6000,3726.8000,3727.4000,3728.0000,3728.2000,3728.4000,1,1,4,3,1,1,1,2,1,1
SF,IF2005,2020-04-13 10:12:10.600,3726.8000,10418,1,2127986580.000,1,1,0,双开,S,3725.4000,3725.2000,3724.8000,3724.6000,3724.4000,3727.4000,3728.0000,3728.2000,3728.4000,3728.8000,1,4,3,1,1,1,2,1,1,1
SF,IF2005,2020-04-13 10:12:11.100,3726.8000,10418,0,2127986580.000,0,-,-,-,-,3726.0000,3725.8000,3725.6000,3725.4000,3725.2000,3727.2000,3727.4000,3728.0000,3728.2000,3728.4000,2,1,7,1,4,1,1,2,1,1
SF,IF2005,2020-04-13 10:12:11.600,3726.8000,10418,0,2127986580.000,0,-,-,-,-,3726.2000,3726.0000,3725.8000,3725.6000,3725.4000,3727.2000,3727.4000,3728.0000,3728.2000,3728.4000,1,3,2,7,1,1,1,2,1,1
SF,IF2005,2020-04-13 10:12:12.100,3726.8000,10418,0,2127986580.000,0,-,-,-,-,3726.2000,3726.0000,3725.8000,3725.6000,3725.4000,3727.0000,3727.2000,3728.0000,3728.2000,3728.4000,1,2,1,5,1,1,1,2,1,1
SF,IF2005,2020-04-13 10:12:12.600,3726.8000,10418,0,2129104620.000,1,0,1,多换,S,3726.8000,3726.0000,3725.8000,3725.6000,3725.4000,3727.0000,3727.2000,3728.0000,3728.2000,3728.4000,1,2,1,2,1,1,1,3,1,1
SF,IF2005,2020-04-13 10:12:13.100,3726.8000,10419,1,2130222660.000,1,1,0,双开,S,3726.0000,3725.8000,3725.6000,3725.4000,3725.2000,3726.2000,3726.6000,3727.2000,3728.0000,3728.2000,1,1,2,1,4,2,1,1,2,1
SF,IF2005,2020-04-13 10:12:13.600,3726.2000,10420,1,2132458380.000,2,1,1,空开,S,3725.6000,3725.4000,3725.2000,3724.8000,3724.6000,3727.2000,3728.0000,3728.2000,3728.4000,3728.8000,2,1,4,2,1,1,2,1,3,1
SF,IF2005,2020-04-13 10:12:14.100,3726.2000,10420,0,2132458380.000,0,-,-,-,-,3726.2000,3725.8000,3725.6000,3725.4000,3725.2000,3727.0000,3727.2000,3728.0000,3728.2000,3728.4000,2,2,2,1,4,1,1,2,1,3
SF,IF2005,2020-04-13 10:12:14.600,3727.0000,10420,0,2133576480.000,1,0,1,多换,S,3726.2000,3725.8000,3725.4000,3724.8000,3724.6000,3727.0000,3727.2000,3728.0000,3728.2000,3728.4000,2,1,1,2,1,1,1,2,1,3
SF,IF2005,2020-04-13 10:12:15.100,3726.2000,10420,0,2135812200.000,2,1,1,多换,S,3725.8000,3725.4000,3724.8000,3724.6000,3724.4000,3727.0000,3727.2000,3728.0000,3728.2000,3728.4000,1,1,2,1,1,1,1,2,1,3
SF,IF2005,2020-04-13 10:12:16.100,3726.2000,10420,0,2135812200.000,0,-,-,-,-,3726.2000,3725.8000,3725.4000,3724.8000,3724.6000,3727.0000,3727.2000,3728.0000,3728.2000,3728.4000,1,1,1,2,1,1,1,2,1,3
SF,IF2005,2020-04-13 10:12:17.100,3726.2000,10420,0,2136930060.000,1,0,1,多换,S,3725.8000,3725.4000,3724.8000,3724.6000,3724.4000,3726.2000,3727.0000,3727.2000,3728.0000,3728.2000,1,1,2,1,1,1,1,1,2,1
SF,IF2005,2020-04-13 10:12:17.600,3726.2000,10421,1,2138047920.000,1,1,0,双开,S,3726.2000,3725.8000,3725.4000,3724.8000,3724.6000,3727.0000,3727.2000,3728.0000,3728.2000,3728.4000,1,1,1,2,1,2,1,2,1,3
SF,IF2005,2020-04-13 10:12:18.100,3726.2000,10421,0,2139165780.000,1,0,1,多换,S,3726.2000,3726.0000,3725.8000,3725.4000,3724.8000,3727.0000,3727.2000,3728.0000,3728.2000,3728.4000,1,1,1,1,2,2,1,2,1,3
SF,IF2005,2020-04-13 10:12:18.600,3727.0000,10421,0,2140283880.000,1,0,1,多换,S,3726.2000,3726.0000,3725.8000,3725.4000,3724.8000,3727.0000,3727.2000,3728.0000,3728.2000,3728.4000,1,1,1,1,2,1,1,2,1,3
SF,IF2005,2020-04-13 10:12:19.100,3727.0000,10421,0,2140283880.000,0,-,-,-,-,3726.2000,3725.8000,3725.4000,3724.8000,3724.6000,3727.0000,3727.2000,3728.0000,3728.2000,3728.4000,1,1,1,2,1,1,1,2,1,3
SF,IF2005,2020-04-13 10:12:19.600,3727.0000,10421,0,2140283880.000,0,-,-,-,-,3725.8000,3725.4000,3724.8000,3724.6000,3724.4000,3726.2000,3727.0000,3727.2000,3728.0000,3728.2000,1,1,2,1,1,2,1,1,2,1
SF,IF2005,2020-04-13 10:12:20.100,3727.0000,10423,2,2143637700.000,3,2,1,空开,S,3726.2000,3726.0000,3725.8000,3725.4000,3724.8000,3727.2000,3728.0000,3728.2000,3728.4000,3728.8000,2,1,1,1,2,1,2,1,3,1
SF,IF2005,2020-04-13 10:12:20.600,3727.0000,10423,0,2143637700.000,0,-,-,-,-,3727.0000,3726.2000,3726.0000,3725.8000,3725.4000,3727.2000,3728.0000,3728.2000,3728.4000,3728.8000,3,1,1,1,1,1,2,1,3,1
SF,IF2005,2020-04-13 10:12:21.100,3727.0000,10425,2,2146992000.000,3,2,1,空开,S,3726.2000,3726.0000,3725.8000,3725.4000,3724.8000,3727.2000,3728.0000,3728.2000,3728.4000,3728.8000,1,1,1,1,2,1,2,1,3,1
SF,IF2005,2020-04-13 10:12:21.600,3727.0000,10425,0,2146992000.000,0,-,-,-,-,3725.8000,3725.4000,3724.8000,3724.6000,3724.4000,3727.2000,3728.0000,3728.2000,3728.4000,3728.8000,1,1,2,1,1,1,2,1,3,1
SF,IF2005,2020-04-13 10:12:22.100,3727.0000,10425,0,2146992000.000,0,-,-,-,-,3726.0000,3725.8000,3725.4000,3724.8000,3724.6000,3727.2000,3728.0000,3728.2000,3728.4000,3728.8000,2,1,1,2,1,1,2,1,3,1
SF,IF2005,2020-04-13 10:12:22.600,3727.0000,10425,0,2146992000.000,0,-,-,-,-,3726.2000,3726.0000,3725.4000,3724.8000,3724.6000,3727.2000,3728.0000,3728.2000,3728.4000,3728.8000,1,3,1,2,1,1,2,1,3,1
SF,IF2005,2020-04-13 10:12:23.100,3727.0000,10425,0,2146992000.000,0,-,-,-,-,3726.2000,3726.0000,3725.4000,3724.8000,3724.6000,3727.2000,3728.0000,3728.2000,3728.4000,3728.8000,1,4,1,2,1,1,2,1,3,1
SF,IF2005,2020-04-13 10:12:23.600,3727.2000,10425,0,2148110160.000,1,0,1,多换,S,3726.2000,3726.0000,3725.4000,3724.8000,3724.6000,3728.0000,3728.2000,3728.4000,3728.8000,3729.4000,1,4,1,2,1,2,1,3,1,1
SF,IF2005,2020-04-13 10:12:24.100,3727.2000,10425,0,2148110160.000,0,-,-,-,-,3726.4000,3726.2000,3726.0000,3725.4000,3724.8000,3727.6000,3727.8000,3728.0000,3728.2000,3728.4000,1,1,3,1,2,1,3,2,1,3
SF,IF2005,2020-04-13 10:12:24.600,3727.6000,10425,0,2149228440.000,1,0,1,多换,S,3726.4000,3726.2000,3726.0000,3725.4000,3724.8000,3727.8000,3728.0000,3728.2000,3728.4000,3728.8000,1,1,2,1,2,3,2,1,3,1
SF,IF2005,2020-04-13 10:12:25.100,3726.4000,10425,0,2151464340.000,2,1,1,多换,S,3726.0000,3725.4000,3724.8000,3724.6000,3724.4000,3727.8000,3728.0000,3728.2000,3728.4000,3728.8000,2,1,2,1,1,3,2,1,3,1
SF,IF2005,2020-04-13 10:12:25.600,3726.4000,10425,0,2151464340.000,0,-,-,-,-,3726.6000,3726.2000,3726.0000,3725.4000,3724.8000,3727.8000,3728.0000,3728.2000,3728.4000,3728.8000,1,1,3,1,2,3,2,1,3,1
SF,IF2005,2020-04-13 10:12:26.100,3726.4000,10425,0,2151464340.000,0,-,-,-,-,3726.6000,3726.4000,3726.2000,3726.0000,3725.4000,3727.8000,3728.0000,3728.2000,3728.4000,3728.8000,1,2,1,3,1,3,2,1,3,1
SF,IF2005,2020-04-13 10:12:27.100,3726.4000,10425,0,2151464340.000,0,-,-,-,-,3726.6000,3726.4000,3726.2000,3726.0000,3725.4000,3727.8000,3728.0000,3728.2000,3728.4000,3728.8000,1,2,1,3,1,3,2,1,3,2
SF,IF2005,2020-04-13 10:12:27.600,3726.4000,10425,0,2151464340.000,0,-,-,-,-,3726.6000,3726.4000,3726.2000,3726.0000,3725.4000,3727.8000,3728.0000,3728.2000,3728.4000,3728.8000,1,1,1,3,1,3,2,1,3,2
SF,IF2005,2020-04-13 10:12:29.100,3726.4000,10425,0,2151464340.000,0,-,-,-,-,3726.8000,3726.6000,3726.2000,3726.0000,3725.4000,3727.4000,3727.8000,3728.0000,3728.2000,3728.4000,1,1,1,3,1,1,3,2,1,3
SF,IF2005,2020-04-13 10:12:30.100,3726.8000,10425,0,2152582380.000,1,0,1,多换,S,3726.6000,3726.2000,3726.0000,3725.4000,3724.8000,3726.8000,3727.8000,3728.0000,3728.2000,3728.4000,1,1,3,1,2,1,3,2,1,3
SF,IF2005,2020-04-13 10:12:30.600,3726.8000,10426,1,2153700420.000,1,1,0,双开,S,3726.2000,3726.0000,3725.4000,3724.8000,3724.6000,3727.8000,3728.0000,3728.2000,3728.4000,3728.8000,1,2,1,2,1,2,2,1,3,1
SF,IF2005,2020-04-13 10:12:31.100,3727.2000,10426,0,2154818580.000,1,0,1,多换,S,3726.4000,3726.2000,3726.0000,3725.4000,3724.8000,3727.6000,3727.8000,3728.0000,3728.2000,3728.4000,1,1,2,1,2,1,2,2,1,3
SF,IF2005,2020-04-13 10:12:31.600,3727.2000,10426,0,2154818580.000,0,-,-,-,-,3726.6000,3726.4000,3726.0000,3725.4000,3724.8000,3727.6000,3727.8000,3728.0000,3728.2000,3728.4000,2,1,1,1,2,1,2,2,1,3
SF,IF2005,2020-04-13 10:12:32.100,3727.6000,10426,0,2155936860.000,1,0,1,多换,S,3726.6000,3726.4000,3726.0000,3725.4000,3724.8000,3727.8000,3728.0000,3728.2000,3728.4000,3728.8000,2,1,1,1,2,1,2,1,3,1
SF,IF2005,2020-04-13 10:12:33.100,3727.6000,10426,0,2155936860.000,0,-,-,-,-,3726.8000,3726.6000,3726.0000,3725.4000,3724.8000,3728.0000,3728.2000,3728.4000,3728.8000,3729.4000,2,2,1,1,2,2,1,1,1,1
SF,IF2005,2020-04-13 10:12:33.600,3727.6000,10426,0,2155936860.000,0,-,-,-,-,3727.0000,3726.8000,3726.6000,3726.0000,3725.4000,3728.0000,3728.2000,3728.4000,3728.8000,3729.4000,1,2,1,1,1,2,1,1,1,3
SF,IF2005,2020-04-13 10:12:34.100,3727.6000,10426,0,2155936860.000,0,-,-,-,-,3727.0000,3726.8000,3726.0000,3725.4000,3724.8000,3728.0000,3728.2000,3728.4000,3728.8000,3729.4000,1,2,1,1,2,2,1,1,1,3
SF,IF2005,2020-04-13 10:12:34.600,3727.6000,10426,0,2155936860.000,0,-,-,-,-,3726.8000,3726.0000,3725.4000,3724.8000,3724.6000,3727.0000,3727.8000,3728.0000,3728.2000,3728.4000,2,1,1,2,1,2,2,2,1,1
SF,IF2005,2020-04-13 10:12:35.100,3727.0000,10426,0,2158173060.000,2,1,1,多换,S,3727.0000,3726.8000,3726.4000,3726.0000,3725.4000,3727.8000,3728.0000,3728.2000,3728.4000,3728.8000,1,1,10,1,1,2,2,1,1,1
SF,IF2005,2020-04-13 10:12:35.600,3727.0000,10426,0,2159291160.000,1,0,1,多换,S,3726.4000,3726.0000,3725.4000,3724.8000,3724.6000,3727.8000,3728.0000,3728.2000,3728.4000,3728.8000,10,1,1,2,1,2,2,1,1,1
SF,IF2005,2020-04-13 10:12:36.100,3727.0000,10426,0,2159291160.000,0,-,-,-,-,3726.6000,3726.4000,3726.0000,3725.4000,3724.8000,3727.0000,3727.8000,3728.0000,3728.2000,3728.4000,2,10,1,1,2,2,5,2,1,1
SF,IF2005,2020-04-13 10:12:36.600,3727.0000,10427,1,2161527360.000,2,1,1,空开,S,3726.8000,3726.6000,3726.4000,3726.0000,3725.4000,3727.8000,3728.0000,3728.2000,3728.4000,3728.8000,1,5,10,1,1,2,2,1,1,1
SF,IF2005,2020-04-13 10:12:37.100,3727.0000,10427,0,2161527360.000,0,-,-,-,-,3726.6000,3726.4000,3726.0000,3725.4000,3724.8000,3727.8000,3728.0000,3728.2000,3728.4000,3728.8000,4,10,1,1,2,2,2,1,1,1
SF,IF2005,2020-04-13 10:12:39.600,3727.0000,10427,0,2161527360.000,0,-,-,-,-,3726.8000,3726.6000,3726.4000,3726.0000,3725.4000,3727.8000,3728.0000,3728.2000,3728.4000,3728.8000,1,3,10,1,1,2,2,1,1,1
SF,IF2005,2020-04-13 10:12:42.600,3727.0000,10427,0,2161527360.000,0,-,-,-,-,3727.0000,3726.8000,3726.6000,3726.4000,3726.0000,3727.8000,3728.0000,3728.2000,3728.4000,3728.8000,1,1,2,10,1,2,2,1,1,1
SF,IF2005,2020-04-13 10:12:43.100,3727.0000,10427,0,2161527360.000,0,-,-,-,-,3727.0000,3726.8000,3726.6000,3726.4000,3726.0000,3727.8000,3728.0000,3728.2000,3728.4000,3728.8000,2,1,1,10,2,2,2,1,1,1
SF,IF2005,2020-04-13 10:12:43.600,3727.0000,10428,1,2163763560.000,2,1,1,空开,S,3726.8000,3726.6000,3726.4000,3726.0000,3724.8000,3727.8000,3728.0000,3728.2000,3728.4000,3728.8000,1,1,10,2,2,2,2,1,1,1
SF,IF2005,2020-04-13 10:12:44.100,3727.0000,10428,0,2163763560.000,0,-,-,-,-,3726.6000,3726.4000,3726.0000,3724.8000,3724.6000,3727.8000,3728.0000,3728.2000,3728.4000,3728.8000,1,10,2,2,1,2,2,1,1,1
SF,IF2005,2020-04-13 10:12:44.600,3726.6000,10428,0,2164881540.000,1,0,1,多换,S,3726.4000,3726.0000,3724.8000,3724.6000,3724.4000,3726.6000,3727.8000,3728.0000,3728.2000,3728.4000,10,2,2,1,1,1,2,2,1,1
SF,IF2005,2020-04-13 10:12:45.100,3726.6000,10429,1,2165999520.000,1,1,0,双开,S,3726.6000,3726.4000,3726.0000,3724.8000,3724.6000,3727.8000,3728.0000,3728.2000,3728.4000,3728.8000,3,10,2,2,1,2,2,1,1,1
SF,IF2005,2020-04-13 10:12:45.600,3726.6000,10429,0,2165999520.000,0,-,-,-,-,3726.6000,3726.4000,3726.0000,3724.8000,3724.6000,3727.8000,3728.0000,3728.2000,3728.4000,3728.8000,3,10,2,2,1,2,2,1,1,1
SF,IF2005,2020-04-13 10:12:46.100,3726.6000,10429,0,2165999520.000,0,-,-,-,-,3727.0000,3726.6000,3726.4000,3726.0000,3724.8000,3727.8000,3728.0000,3728.2000,3728.4000,3728.8000,1,2,10,2,2,2,2,1,1,1
SF,IF2005,2020-04-13 10:12:46.600,3726.6000,10429,0,2165999520.000,0,-,-,-,-,3727.0000,3726.8000,3726.6000,3726.4000,3726.0000,3727.8000,3728.0000,3728.2000,3728.4000,3728.8000,1,3,1,10,2,2,2,1,1,1
SF,IF2005,2020-04-13 10:12:47.100,3727.8000,10429,0,2167117860.000,1,0,1,多换,S,3726.8000,3726.4000,3726.0000,3724.8000,3724.6000,3728.0000,3728.2000,3728.4000,3728.8000,3729.4000,4,10,2,2,1,2,1,1,1,3
SF,IF2005,2020-04-13 10:12:47.600,3727.8000,10429,0,2167117860.000,0,-,-,-,-,3727.0000,3726.8000,3726.4000,3726.0000,3724.8000,3728.0000,3728.2000,3728.4000,3728.8000,3729.4000,2,3,10,2,2,2,1,1,1,3
SF,IF2005,2020-04-13 10:12:48.100,3727.8000,10429,0,2167117860.000,0,-,-,-,-,3727.0000,3726.8000,3726.4000,3726.0000,3724.8000,3728.0000,3728.2000,3728.4000,3728.8000,3729.4000,3,2,10,2,2,2,1,1,1,3
SF,IF2005,2020-04-13 10:12:48.600,3727.8000,10429,0,2167117860.000,0,-,-,-,-,3727.2000,3727.0000,3726.8000,3726.0000,3724.8000,3728.0000,3728.2000,3728.4000,3728.8000,3729.4000,1,3,1,2,2,2,1,1,1,3
SF,IF2005,2020-04-13 10:12:49.100,3727.8000,10429,0,2167117860.000,0,-,-,-,-,3727.2000,3727.0000,3726.8000,3726.0000,3724.8000,3728.0000,3728.2000,3728.4000,3728.8000,3729.4000,2,1,1,2,2,2,1,1,1,3
SF,IF2005,2020-04-13 10:12:49.600,3728.0000,10429,0,2168236260.000,1,0,1,多换,S,3727.2000,3727.0000,3726.8000,3726.0000,3724.8000,3728.0000,3728.2000,3728.4000,3728.8000,3729.4000,2,1,1,2,2,1,1,1,1,3
SF,IF2005,2020-04-13 10:12:50.100,3727.2000,10430,1,2170472580.000,2,1,1,空开,S,3727.0000,3726.8000,3726.0000,3724.8000,3724.6000,3728.2000,3728.4000,3728.8000,3729.4000,3729.8000,1,1,2,2,1,1,1,1,3,4
SF,IF2005,2020-04-13 10:12:50.600,3727.2000,10430,0,2170472580.000,0,-,-,-,-,3726.8000,3726.0000,3724.8000,3724.6000,3724.4000,3727.8000,3728.0000,3728.2000,3728.4000,3728.8000,1,2,2,1,1,1,2,1,1,1
SF,IF2005,2020-04-13 10:12:51.100,3727.2000,10430,0,2170472580.000,0,-,-,-,-,3726.8000,3726.0000,3724.8000,3724.6000,3724.4000,3727.0000,3727.8000,3728.0000,3728.2000,3728.4000,2,2,2,1,1,2,2,4,1,1
SF,IF2005,2020-04-13 10:12:51.600,3727.0000,10431,1,2171590680.000,1,1,0,双开,S,3726.0000,3724.8000,3724.6000,3724.4000,3724.2000,3727.0000,3727.8000,3728.0000,3728.2000,3728.4000,2,2,1,1,1,1,2,4,1,1
SF,IF2005,2020-04-13 10:12:52.100,3727.0000,10431,0,2172708780.000,1,0,1,多换,S,3727.2000,3726.6000,3726.4000,3726.2000,3726.0000,3727.8000,3728.0000,3728.2000,3728.4000,3728.8000,1,2,1,7,3,2,4,1,1,1
SF,IF2005,2020-04-13 10:12:52.600,3727.0000,10431,0,2172708780.000,0,-,-,-,-,3726.6000,3726.4000,3726.2000,3726.0000,3724.8000,3727.8000,3728.0000,3728.2000,3728.4000,3728.8000,2,1,9,3,2,1,2,1,1,1
SF,IF2005,2020-04-13 10:12:53.100,3727.0000,10431,0,2172708780.000,0,-,-,-,-,3726.8000,3726.6000,3726.4000,3726.2000,3726.0000,3727.8000,3728.0000,3728.2000,3728.4000,3728.8000,1,2,1,8,3,1,2,1,1,1
SF,IF2005,2020-04-13 10:12:53.600,3727.8000,10431,0,2173827120.000,1,0,1,多换,S,3727.0000,3726.8000,3726.6000,3726.2000,3726.0000,3728.0000,3728.2000,3728.4000,3728.8000,3729.4000,1,2,2,6,3,2,1,1,1,3
SF,IF2005,2020-04-13 10:12:54.600,3727.0000,10431,0,2174945220.000,1,0,1,多换,S,3726.8000,3726.6000,3726.2000,3726.0000,3724.8000,3727.0000,3727.2000,3728.0000,3728.2000,3728.4000,2,2,6,3,2,1,1,2,2,1
SF,IF2005,2020-04-13 10:12:55.100,3727.2000,10430,-1,2177181480.000,2,0,2,多平,S,3727.2000,3727.0000,3726.8000,3726.6000,3726.2000,3728.0000,3728.2000,3728.4000,3728.8000,3729.4000,1,3,2,2,6,2,2,1,1,3
SF,IF2005,2020-04-13 10:12:55.600,3727.2000,10430,0,2177181480.000,0,-,-,-,-,3727.2000,3727.0000,3726.8000,3726.6000,3726.2000,3728.0000,3728.2000,3728.4000,3728.8000,3729.4000,1,1,2,2,6,2,2,1,1,3
SF,IF2005,2020-04-13 10:12:56.100,3727.2000,10431,1,2179417800.000,2,1,1,空开,S,3726.8000,3726.6000,3726.2000,3726.0000,3724.8000,3728.0000,3728.2000,3728.4000,3728.6000,3728.8000,2,2,6,3,2,2,2,1,1,1
SF,IF2005,2020-04-13 10:12:57.100,3727.2000,10431,0,2179417800.000,0,-,-,-,-,3726.8000,3726.6000,3726.2000,3726.0000,3724.8000,3728.0000,3728.2000,3728.4000,3728.6000,3728.8000,2,2,6,3,2,2,2,1,1,1
SF,IF2005,2020-04-13 10:12:57.600,3727.2000,10431,0,2179417800.000,0,-,-,-,-,3727.0000,3726.8000,3726.6000,3726.2000,3726.0000,3728.0000,3728.2000,3728.4000,3728.6000,3728.8000,1,1,2,6,3,2,2,1,1,1
SF,IF2005,2020-04-13 10:13:00.100,3727.2000,10431,0,2179417800.000,0,-,-,-,-,3726.8000,3726.6000,3726.2000,3726.0000,3724.8000,3728.0000,3728.2000,3728.4000,3728.6000,3728.8000,1,2,6,3,2,2,2,1,1,1
SF,IF2005,2020-04-13 10:13:00.600,3728.0000,10431,0,2181654600.000,2,1,1,多换,S,3728.0000,3726.8000,3726.6000,3726.2000,3726.0000,3728.2000,3728.4000,3728.6000,3728.8000,3729.4000,41,1,2,6,3,2,1,1,1,3
SF,IF2005,2020-04-13 10:13:01.100,3728.0000,10437,6,2192838600.000,10,8,2,空开,S,3728.0000,3727.0000,3726.8000,3726.6000,3726.2000,3728.2000,3728.4000,3728.6000,3728.8000,3729.4000,31,1,1,1,6,2,1,1,1,3
SF,IF2005,2020-04-13 10:13:01.600,3728.2000,10437,0,2195075520.000,2,1,1,多换,S,3728.0000,3726.8000,3726.2000,3726.0000,3724.8000,3728.4000,3728.8000,3729.4000,3729.8000,3730.0000,31,2,6,3,2,1,1,3,5,3
SF,IF2005,2020-04-13 10:13:02.100,3728.0000,10439,2,2197312320.000,2,2,0,双开,S,3728.0000,3726.8000,3726.2000,3726.0000,3724.8000,3728.4000,3728.8000,3729.4000,3729.8000,3730.0000,29,2,6,3,2,1,1,3,5,3
SF,IF2005,2020-04-13 10:13:02.600,3728.4000,10440,1,2198430840.000,1,1,0,双开,S,3728.0000,3726.8000,3726.2000,3726.0000,3724.8000,3728.8000,3729.4000,3729.8000,3730.0000,3730.2000,29,2,6,3,2,1,3,5,3,2
SF,IF2005,2020-04-13 10:13:03.100,3728.2000,10440,0,2200667820.000,2,1,1,多换,S,3728.0000,3727.2000,3726.2000,3726.0000,3724.8000,3728.8000,3729.4000,3729.8000,3730.0000,3730.2000,29,2,6,3,2,1,1,5,3,2
SF,IF2005,2020-04-13 10:13:03.600,3728.2000,10440,0,2200667820.000,0,-,-,-,-,3728.0000,3727.2000,3726.2000,3726.0000,3724.8000,3728.6000,3728.8000,3729.4000,3729.8000,3730.0000,32,2,6,3,2,1,1,1,5,3
SF,IF2005,2020-04-13 10:13:04.100,3728.0000,10442,2,2202904620.000,2,2,0,双开,S,3728.0000,3726.2000,3726.0000,3724.8000,3724.6000,3728.6000,3728.8000,3729.4000,3729.8000,3730.0000,30,6,3,2,1,1,1,1,5,3
SF,IF2005,2020-04-13 10:13:04.600,3728.0000,10442,0,2202904620.000,0,-,-,-,-,3728.0000,3727.0000,3726.2000,3726.0000,3724.8000,3728.6000,3728.8000,3729.4000,3729.8000,3730.0000,31,1,6,3,2,1,1,1,5,3
SF,IF2005,2020-04-13 10:13:05.100,3728.0000,10444,2,2205141420.000,2,2,0,双开,S,3728.0000,3727.0000,3726.2000,3726.0000,3724.8000,3728.6000,3728.8000,3729.4000,3729.8000,3730.0000,28,1,6,3,2,1,1,1,5,3
SF,IF2005,2020-04-13 10:13:05.600,3728.0000,10444,0,2205141420.000,0,-,-,-,-,3728.0000,3727.0000,3726.2000,3726.0000,3724.8000,3728.6000,3728.8000,3729.4000,3729.8000,3730.0000,28,1,6,3,2,1,1,1,5,3
SF,IF2005,2020-04-13 10:13:06.600,3728.0000,10446,2,2207378220.000,2,2,0,双开,S,3728.0000,3727.0000,3726.2000,3726.0000,3724.8000,3728.6000,3728.8000,3729.4000,3729.8000,3730.0000,26,1,6,3,2,1,1,1,5,3
SF,IF2005,2020-04-13 10:13:08.100,3728.0000,10448,2,2209615020.000,2,2,0,双开,S,3728.0000,3727.0000,3726.2000,3726.0000,3724.8000,3728.4000,3728.6000,3728.8000,3729.4000,3729.8000,24,1,6,3,2,1,1,1,1,5
SF,IF2005,2020-04-13 10:13:08.600,3728.6000,10446,-2,2211852120.000,2,0,2,双平,S,3728.6000,3728.0000,3727.0000,3726.2000,3726.0000,3728.8000,3729.4000,3729.8000,3730.0000,3730.2000,3,24,1,6,3,1,1,5,3,2
SF,IF2005,2020-04-13 10:13:09.100,3728.6000,10445,-1,2214089280.000,2,0,2,多平,S,3728.6000,3728.2000,3728.0000,3727.0000,3726.2000,3728.8000,3729.4000,3729.8000,3730.0000,3730.2000,1,1,24,1,6,1,1,5,3,2
SF,IF2005,2020-04-13 10:13:09.600,3728.6000,10444,-1,2215207860.000,1,0,1,双平,S,3728.2000,3728.0000,3727.0000,3726.2000,3726.0000,3728.4000,3728.6000,3728.8000,3729.4000,3729.8000,1,24,1,6,3,3,2,1,1,5
SF,IF2005,2020-04-13 10:13:10.100,3728.6000,10444,0,2215207860.000,0,-,-,-,-,3728.2000,3728.0000,3727.0000,3726.2000,3726.0000,3728.6000,3728.8000,3729.4000,3729.8000,3730.0000,1,24,1,6,3,3,1,1,5,5
SF,IF2005,2020-04-13 10:13:10.600,3728.6000,10444,0,2215207860.000,0,-,-,-,-,3728.2000,3728.0000,3727.0000,3726.2000,3726.0000,3728.6000,3728.8000,3729.4000,3729.8000,3730.0000,1,24,2,6,3,3,1,1,5,5
SF,IF2005,2020-04-13 10:13:11.100,3728.6000,10444,0,2215207860.000,0,-,-,-,-,3728.2000,3728.0000,3727.0000,3726.2000,3726.0000,3728.6000,3728.8000,3729.4000,3729.8000,3730.0000,1,24,2,6,4,3,1,1,5,5
SF,IF2005,2020-04-13 10:13:11.600,3728.6000,10444,0,2215207860.000,0,-,-,-,-,3728.2000,3728.0000,3727.0000,3726.2000,3726.0000,3728.6000,3728.8000,3729.4000,3729.8000,3730.0000,1,24,2,6,3,3,1,1,5,6
SF,IF2005,2020-04-13 10:13:13.100,3728.6000,10446,2,2217445020.000,2,2,0,双开,S,3728.2000,3728.0000,3727.0000,3726.2000,3726.0000,3728.6000,3728.8000,3729.4000,3729.8000,3730.0000,1,24,2,6,3,1,1,1,5,6
SF,IF2005,2020-04-13 10:13:13.600,3728.6000,10447,1,2218563600.000,1,1,0,双开,S,3728.6000,3728.2000,3728.0000,3727.0000,3726.2000,3728.8000,3729.4000,3729.8000,3730.0000,3730.2000,1,1,24,2,6,1,1,5,6,2
SF,IF2005,2020-04-13 10:13:14.100,3728.8000,10448,1,2219682240.000,1,1,0,双开,S,3728.6000,3728.2000,3728.0000,3727.0000,3726.2000,3729.4000,3729.8000,3730.0000,3730.2000,3731.0000,2,1,24,2,6,1,5,6,2,2
SF,IF2005,2020-04-13 10:13:14.600,3728.6000,10448,0,2220800820.000,1,0,1,多换,S,3728.2000,3728.0000,3727.0000,3726.2000,3726.0000,3728.6000,3729.4000,3729.8000,3730.0000,3730.2000,1,24,2,6,3,2,1,5,6,2
SF,IF2005,2020-04-13 10:13:15.100,3728.6000,10449,1,2221919400.000,1,1,0,双开,S,3728.4000,3728.2000,3728.0000,3727.0000,3726.2000,3728.6000,3729.4000,3729.8000,3730.0000,3730.2000,1,1,24,2,6,1,1,5,6,2
SF,IF2005,2020-04-13 10:13:15.600,3728.6000,10449,0,2221919400.000,0,-,-,-,-,3728.4000,3728.2000,3728.0000,3727.0000,3726.2000,3728.6000,3729.4000,3729.8000,3730.0000,3730.2000,1,1,24,2,6,1,1,5,5,2
SF,IF2005,2020-04-13 10:13:16.100,3728.6000,10450,1,2223037980.000,1,1,0,双开,S,3728.4000,3728.2000,3728.0000,3727.0000,3726.2000,3729.4000,3729.6000,3729.8000,3730.0000,3730.2000,1,1,24,2,6,1,1,5,5,2
SF,IF2005,2020-04-13 10:13:16.600,3728.6000,10450,0,2223037980.000,0,-,-,-,-,3728.2000,3728.0000,3727.0000,3726.2000,3726.0000,3729.2000,3729.4000,3729.6000,3729.8000,3730.0000,1,24,2,6,3,3,1,1,5,5
SF,IF2005,2020-04-13 10:13:17.100,3728.6000,10450,0,2223037980.000,0,-,-,-,-,3728.2000,3728.0000,3727.0000,3726.2000,3726.0000,3728.4000,3729.0000,3729.2000,3729.4000,3729.6000,1,24,2,6,3,2,1,8,2,1
SF,IF2005,2020-04-13 10:13:17.600,3728.2000,10450,0,2224156440.000,1,0,1,多换,S,3728.0000,3727.0000,3726.2000,3726.0000,3724.8000,3728.4000,3729.0000,3729.2000,3729.4000,3729.6000,24,2,6,3,2,2,3,7,2,1
SF,IF2005,2020-04-13 10:13:18.100,3728.2000,10450,0,2224156440.000,0,-,-,-,-,3728.0000,3727.0000,3726.2000,3726.0000,3724.8000,3728.4000,3729.2000,3729.4000,3729.6000,3729.8000,24,2,6,2,2,2,7,2,1,5
SF,IF2005,2020-04-13 10:13:18.600,3728.2000,10450,0,2224156440.000,0,-,-,-,-,3728.0000,3727.0000,3726.2000,3726.0000,3724.8000,3728.4000,3729.0000,3729.2000,3729.4000,3729.8000,24,2,6,2,2,2,1,7,2,5
SF,IF2005,2020-04-13 10:13:19.100,3728.4000,10450,0,2226393480.000,2,1,1,多换,S,3728.4000,3728.0000,3727.0000,3726.2000,3726.0000,3729.0000,3729.2000,3729.4000,3729.8000,3730.0000,3,24,2,6,2,1,3,2,5,5
SF,IF2005,2020-04-13 10:13:19.600,3731.4000,10440,-10,2252130780.000,23,6,17,多平,S,3731.6000,3728.4000,3728.2000,3728.0000,3727.0000,3732.0000,3733.2000,3733.6000,3735.0000,3735.2000,2,4,1,24,2,2,1,13,9,1
SF,IF2005,2020-04-13 10:13:20.100,3728.4000,10438,-2,2256606780.000,4,1,3,多平,S,3728.4000,3728.2000,3728.0000,3727.0000,3726.2000,3729.6000,3729.8000,3730.0000,3730.2000,3730.6000,2,1,24,2,4,6,2,1,2,2
SF,IF2005,2020-04-13 10:13:20.600,3729.6000,10438,0,2257725660.000,1,0,1,多换,S,3728.8000,3728.6000,3728.4000,3728.0000,3727.0000,3729.4000,3729.6000,3729.8000,3730.0000,3730.2000,1,3,1,24,2,3,1,1,2,2
SF,IF2005,2020-04-13 10:13:21.100,3728.8000,10439,1,2264438340.000,6,3,3,空开,S,3728.6000,3728.4000,3728.0000,3727.0000,3726.2000,3728.8000,3729.6000,3729.8000,3730.0000,3730.2000,2,1,24,1,4,1,1,1,2,2
SF,IF2005,2020-04-13 10:13:21.600,3728.8000,10438,-1,2265556980.000,1,0,1,双平,S,3728.8000,3728.6000,3728.4000,3728.0000,3727.0000,3729.6000,3729.8000,3730.2000,3730.6000,3731.0000,2,1,2,24,1,1,1,2,5,4
SF,IF2005,2020-04-13 10:13:22.100,3728.8000,10439,1,2266675620.000,1,1,0,双开,S,3728.6000,3728.4000,3728.0000,3727.0000,3726.2000,3728.8000,3729.8000,3730.0000,3730.2000,3730.6000,1,2,24,1,4,1,1,3,2,2
SF,IF2005,2020-04-13 10:13:22.600,3729.0000,10439,0,2272268880.000,5,2,3,多换,S,3728.4000,3728.0000,3727.0000,3726.2000,3726.0000,3729.0000,3729.8000,3730.2000,3730.6000,3731.0000,2,24,1,4,2,1,1,2,2,5
SF,IF2005,2020-04-13 10:13:23.100,3728.4000,10439,0,2278980600.000,6,3,3,多换,S,3728.4000,3728.0000,3727.0000,3726.2000,3726.0000,3730.2000,3730.6000,3731.0000,3731.2000,3731.4000,1,24,1,4,2,2,2,3,3,6
SF,IF2005,2020-04-13 10:13:23.600,3728.4000,10439,0,2278980600.000,0,-,-,-,-,3728.8000,3728.6000,3728.4000,3728.0000,3727.0000,3730.0000,3730.2000,3730.6000,3731.0000,3731.2000,2,1,1,24,1,1,2,1,3,1
SF,IF2005,2020-04-13 10:13:24.100,3728.4000,10439,0,2280099120.000,1,0,1,多换,S,3729.0000,3728.8000,3728.6000,3728.4000,3728.0000,3729.8000,3730.0000,3730.6000,3731.0000,3731.2000,1,2,1,1,24,1,1,1,1,1
SF,IF2005,2020-04-13 10:13:24.600,3728.4000,10439,0,2280099120.000,0,-,-,-,-,3728.8000,3728.6000,3728.4000,3728.0000,3727.0000,3729.8000,3730.0000,3731.0000,3731.2000,3731.4000,4,1,1,24,1,1,1,1,3,3
SF,IF2005,2020-04-13 10:13:25.100,3728.4000,10439,0,2280099120.000,0,-,-,-,-,3728.8000,3728.4000,3728.0000,3727.0000,3726.2000,3729.0000,3729.6000,3729.8000,3731.0000,3731.2000,2,1,24,1,4,2,2,1,2,3
SF,IF2005,2020-04-13 10:13:25.600,3729.0000,10439,0,2282336520.000,2,1,1,多换,S,3728.8000,3728.4000,3728.2000,3728.0000,3727.0000,3729.6000,3729.8000,3731.0000,3731.2000,3731.4000,1,1,1,24,1,2,1,4,3,5
SF,IF2005,2020-04-13 10:13:26.100,3729.0000,10439,0,2282336520.000,0,-,-,-,-,3728.8000,3728.4000,3728.2000,3728.0000,3727.2000,3729.6000,3729.8000,3731.0000,3731.2000,3731.4000,1,1,1,24,1,2,1,4,3,5
SF,IF2005,2020-04-13 10:13:26.600,3728.8000,10439,0,2283455160.000,1,0,1,多换,S,3728.4000,3728.0000,3727.2000,3727.0000,3726.2000,3728.8000,3729.4000,3729.6000,3729.8000,3731.0000,2,24,1,1,4,1,1,1,1,3
SF,IF2005,2020-04-13 10:13:27.100,3728.8000,10439,0,2284573800.000,1,0,1,多换,S,3728.4000,3728.0000,3727.2000,3727.0000,3726.2000,3728.8000,3729.4000,3729.6000,3729.8000,3731.0000,2,24,1,1,4,2,1,1,1,3
SF,IF2005,2020-04-13 10:13:27.600,3728.8000,10439,0,2286811080.000,2,1,1,多换,S,3728.4000,3728.0000,3727.2000,3727.0000,3726.2000,3729.4000,3729.6000,3729.8000,3731.0000,3731.2000,2,24,1,1,4,1,1,1,1,5
SF,IF2005,2020-04-13 10:13:28.100,3728.8000,10439,0,2286811080.000,0,-,-,-,-,3728.8000,3728.6000,3728.4000,3728.0000,3727.2000,3729.4000,3729.6000,3729.8000,3731.0000,3731.2000,1,1,2,24,1,1,1,2,1,5
SF,IF2005,2020-04-13 10:13:28.600,3728.8000,10439,0,2286811080.000,0,-,-,-,-,3728.8000,3728.6000,3728.4000,3728.0000,3727.2000,3729.6000,3729.8000,3731.0000,3731.2000,3731.4000,1,2,2,24,1,1,2,1,5,8
SF,IF2005,2020-04-13 10:13:29.100,3728.8000,10440,1,2287929720.000,1,1,0,双开,S,3728.6000,3728.4000,3728.0000,3727.2000,3727.0000,3728.8000,3729.6000,3729.8000,3731.0000,3731.2000,1,2,24,1,1,1,1,2,1,5
SF,IF2005,2020-04-13 10:13:29.600,3728.8000,10441,1,2289048360.000,1,1,0,双开,S,3729.0000,3728.8000,3728.6000,3728.4000,3728.0000,3729.6000,3729.8000,3731.0000,3731.2000,3731.4000,1,1,1,1,24,1,2,1,4,8
SF,IF2005,2020-04-13 10:13:30.100,3728.8000,10442,1,2291285700.000,2,1,1,空开,S,3728.4000,3728.0000,3727.2000,3727.0000,3726.4000,3728.6000,3729.0000,3729.4000,3729.6000,3729.8000,1,24,1,1,2,1,1,3,1,2
SF,IF2005,2020-04-13 10:13:30.600,3728.6000,10442,0,2292404280.000,1,0,1,多换,S,3728.4000,3728.0000,3727.8000,3727.2000,3727.0000,3729.4000,3729.6000,3729.8000,3730.4000,3731.2000,1,24,2,1,1,3,1,2,1,6
SF,IF2005,2020-04-13 10:13:31.100,3728.6000,10442,0,2292404280.000,0,-,-,-,-,3728.6000,3728.4000,3728.0000,3727.8000,3727.2000,3729.4000,3729.6000,3729.8000,3730.4000,3731.2000,1,1,24,2,1,3,1,2,1,6
SF,IF2005,2020-04-13 10:13:31.600,3728.6000,10442,0,2292404280.000,0,-,-,-,-,3728.6000,3728.4000,3728.0000,3727.8000,3727.2000,3729.4000,3729.6000,3729.8000,3730.4000,3731.2000,3,1,24,2,1,1,1,2,1,6
SF,IF2005,2020-04-13 10:13:32.100,3729.4000,10441,-1,2293523100.000,1,0,1,双平,S,3729.4000,3729.0000,3728.6000,3728.4000,3728.0000,3729.6000,3729.8000,3730.4000,3731.2000,3731.4000,1,1,1,1,24,1,2,1,4,7
SF,IF2005,2020-04-13 10:13:32.600,3729.0000,10440,-1,2295760620.000,2,0,2,多平,S,3728.6000,3728.4000,3728.0000,3727.8000,3727.2000,3729.4000,3729.6000,3729.8000,3730.4000,3731.2000,1,1,24,2,1,3,2,2,1,4
SF,IF2005,2020-04-13 10:13:33.100,3729.2000,10440,0,2296879380.000,1,0,1,多换,S,3728.6000,3728.4000,3728.0000,3727.8000,3727.2000,3729.4000,3729.6000,3729.8000,3730.4000,3731.2000,1,1,24,2,1,2,2,2,1,4
SF,IF2005,2020-04-13 10:13:33.600,3729.2000,10440,0,2296879380.000,0,-,-,-,-,3728.6000,3728.4000,3728.0000,3727.8000,3727.2000,3729.4000,3729.6000,3729.8000,3730.4000,3731.2000,1,1,24,2,1,2,2,2,1,4
SF,IF2005,2020-04-13 10:13:34.100,3729.2000,10440,0,2296879380.000,0,-,-,-,-,3728.6000,3728.4000,3728.0000,3727.8000,3727.2000,3729.4000,3729.6000,3729.8000,3730.4000,3730.8000,1,1,24,2,1,2,2,2,1,1
SF,IF2005,2020-04-13 10:13:35.100,3729.2000,10440,0,2296879380.000,0,-,-,-,-,3728.6000,3728.4000,3728.0000,3727.8000,3727.2000,3729.4000,3729.6000,3729.8000,3730.8000,3731.2000,1,1,24,2,1,2,2,3,1,4
SF,IF2005,2020-04-13 10:13:35.600,3729.2000,10440,0,2296879380.000,0,-,-,-,-,3728.4000,3728.0000,3727.8000,3727.0000,3726.6000,3729.2000,3729.4000,3729.6000,3729.8000,3730.8000,1,24,2,1,1,1,2,1,3,1
SF,IF2005,2020-04-13 10:13:36.100,3729.2000,10440,0,2296879380.000,0,-,-,-,-,3728.4000,3728.0000,3727.8000,3727.0000,3726.6000,3729.2000,3729.4000,3729.6000,3729.8000,3730.8000,1,24,2,1,1,2,2,1,3,1
SF,IF2005,2020-04-13 10:13:36.600,3729.2000,10440,0,2296879380.000,0,-,-,-,-,3728.4000,3728.0000,3727.8000,3727.0000,3726.6000,3729.2000,3729.4000,3729.6000,3729.8000,3730.8000,1,24,2,1,1,1,2,1,3,1
SF,IF2005,2020-04-13 10:13:37.100,3728.4000,10441,1,2297997900.000,1,1,0,双开,S,3728.0000,3727.8000,3727.0000,3726.6000,3726.2000,3728.4000,3729.2000,3729.6000,3729.8000,3730.8000,24,2,1,1,4,1,1,1,3,1
SF,IF2005,2020-04-13 10:13:37.600,3728.4000,10443,2,2300234940.000,2,2,0,双开,S,3728.2000,3728.0000,3727.8000,3727.0000,3726.6000,3729.2000,3729.6000,3729.8000,3730.8000,3731.0000,1,24,2,1,1,1,1,3,1,1
SF,IF2005,2020-04-13 10:13:38.600,3728.4000,10443,0,2300234940.000,0,-,-,-,-,3728.2000,3728.0000,3727.0000,3726.6000,3726.2000,3729.2000,3729.6000,3729.8000,3730.8000,3731.0000,2,24,1,1,4,1,1,3,1,1
SF,IF2005,2020-04-13 10:13:39.100,3728.4000,10443,0,2300234940.000,0,-,-,-,-,3728.2000,3728.0000,3727.0000,3726.6000,3726.2000,3729.2000,3729.6000,3729.8000,3730.8000,3731.0000,2,24,1,1,4,1,1,3,1,1
SF,IF2005,2020-04-13 10:13:39.600,3728.2000,10443,0,2302471860.000,2,1,1,多换,S,3728.0000,3727.0000,3726.6000,3726.2000,3726.0000,3729.2000,3729.6000,3729.8000,3730.8000,3731.0000,24,1,1,4,1,1,1,3,1,1
SF,IF2005,2020-04-13 10:13:40.100,3728.2000,10443,0,2302471860.000,0,-,-,-,-,3728.0000,3727.0000,3726.6000,3726.2000,3726.0000,3729.0000,3729.2000,3729.6000,3729.8000,3730.2000,24,1,1,4,1,2,1,1,2,2
SF,IF2005,2020-04-13 10:13:40.600,3728.2000,10443,0,2302471860.000,0,-,-,-,-,3728.0000,3727.0000,3726.6000,3726.2000,3726.0000,3729.0000,3729.2000,3729.6000,3729.8000,3730.2000,24,1,1,4,1,2,2,1,2,2
SF,IF2005,2020-04-13 10:13:41.100,3728.2000,10443,0,2302471860.000,0,-,-,-,-,3728.0000,3727.0000,3726.6000,3726.2000,3726.0000,3729.0000,3729.2000,3729.6000,3729.8000,3730.2000,25,1,1,4,1,2,2,1,3,2
SF,IF2005,2020-04-13 10:13:41.600,3728.2000,10443,0,2302471860.000,0,-,-,-,-,3728.2000,3728.0000,3727.0000,3726.6000,3726.2000,3729.0000,3729.2000,3729.6000,3729.8000,3730.2000,1,24,1,1,4,2,2,1,3,2
SF,IF2005,2020-04-13 10:13:42.600,3728.2000,10443,0,2302471860.000,0,-,-,-,-,3728.2000,3728.0000,3727.6000,3727.0000,3726.6000,3729.0000,3729.2000,3729.6000,3729.8000,3730.2000,1,24,1,1,1,3,2,1,2,2
SF,IF2005,2020-04-13 10:13:43.100,3728.2000,10443,0,2302471860.000,0,-,-,-,-,3728.2000,3728.0000,3727.6000,3727.0000,3726.6000,3729.0000,3729.2000,3729.6000,3729.8000,3730.2000,1,24,1,1,1,3,2,1,2,2
SF,IF2005,2020-04-13 10:13:43.600,3728.2000,10443,0,2303590320.000,1,0,1,多换,S,3728.0000,3727.6000,3727.0000,3726.6000,3726.2000,3728.2000,3729.0000,3729.2000,3729.6000,3729.8000,24,1,1,1,4,1,3,2,1,2
SF,IF2005,2020-04-13 10:13:44.100,3728.2000,10443,0,2304708780.000,1,0,1,多换,S,3728.2000,3728.0000,3727.6000,3727.0000,3726.6000,3728.8000,3729.0000,3729.2000,3729.6000,3729.8000,1,24,1,1,1,1,3,2,1,2
SF,IF2005,2020-04-13 10:13:44.600,3728.2000,10443,0,2304708780.000,0,-,-,-,-,3728.2000,3728.0000,3727.6000,3727.0000,3726.6000,3728.8000,3729.0000,3729.2000,3729.6000,3729.8000,1,24,1,1,1,1,3,2,1,2
SF,IF2005,2020-04-13 10:13:45.100,3728.6000,10443,0,2305827360.000,1,0,1,多换,S,3728.0000,3727.6000,3727.0000,3726.6000,3726.2000,3728.8000,3729.0000,3729.2000,3729.6000,3729.8000,24,1,1,1,4,1,3,2,1,2
SF,IF2005,2020-04-13 10:13:45.600,3728.0000,10444,1,2306945760.000,1,1,0,双开,S,3728.0000,3727.6000,3727.0000,3726.6000,3726.2000,3728.8000,3729.0000,3729.2000,3729.6000,3729.8000,23,1,1,1,4,1,3,1,1,2
SF,IF2005,2020-04-13 10:13:46.100,3728.0000,10446,2,2309182560.000,2,2,0,双开,S,3728.0000,3727.6000,3727.0000,3726.6000,3726.2000,3728.6000,3728.8000,3729.0000,3729.2000,3729.6000,21,1,1,1,4,1,1,2,1,1
SF,IF2005,2020-04-13 10:13:46.600,3728.6000,10446,0,2310301140.000,1,0,1,多换,S,3728.0000,3727.6000,3727.0000,3726.6000,3726.2000,3728.8000,3729.0000,3729.2000,3729.6000,3729.8000,21,1,1,1,4,1,1,1,1,2
SF,IF2005,2020-04-13 10:13:47.100,3728.6000,10446,0,2310301140.000,0,-,-,-,-,3728.0000,3727.6000,3727.0000,3726.6000,3726.2000,3728.2000,3728.8000,3729.2000,3729.6000,3729.8000,21,1,1,1,4,1,1,1,1,2
SF,IF2005,2020-04-13 10:13:47.600,3728.2000,10446,0,2311419600.000,1,0,1,多换,S,3728.2000,3728.0000,3727.6000,3727.0000,3726.6000,3728.8000,3729.2000,3729.6000,3729.8000,3730.2000,1,21,1,1,1,1,1,1,2,2
SF,IF2005,2020-04-13 10:13:48.100,3728.2000,10446,0,2311419600.000,0,-,-,-,-,3728.2000,3728.0000,3727.6000,3727.0000,3726.4000,3728.8000,3729.2000,3729.6000,3729.8000,3730.2000,1,21,1,1,1,1,1,1,2,2
SF,IF2005,2020-04-13 10:13:48.600,3728.2000,10447,1,2312538060.000,1,1,0,双开,S,3728.0000,3727.6000,3727.0000,3726.4000,3726.2000,3728.2000,3729.2000,3729.6000,3729.8000,3730.0000,21,1,1,1,4,1,1,1,2,1
SF,IF2005,2020-04-13 10:13:49.100,3728.2000,10447,0,2313656520.000,1,0,1,多换,S,3728.8000,3728.2000,3728.0000,3727.6000,3727.0000,3729.2000,3729.6000,3729.8000,3730.0000,3730.2000,1,2,21,1,1,1,1,2,1,2
SF,IF2005,2020-04-13 10:13:49.600,3728.8000,10447,0,2314775160.000,1,0,1,多换,S,3728.0000,3727.6000,3727.0000,3726.4000,3726.2000,3728.8000,3729.2000,3729.6000,3729.8000,3730.0000,21,1,1,1,4,1,1,1,2,1
SF,IF2005,2020-04-13 10:13:50.100,3728.8000,10448,1,2315893800.000,1,1,0,双开,S,3728.0000,3727.6000,3727.0000,3726.4000,3726.2000,3728.8000,3729.0000,3729.2000,3729.6000,3729.8000,21,1,1,1,4,1,1,1,1,2
SF,IF2005,2020-04-13 10:13:50.600,3728.8000,10449,1,2317012440.000,1,1,0,双开,S,3728.0000,3727.6000,3727.0000,3726.4000,3726.2000,3728.6000,3729.2000,3729.6000,3729.8000,3730.0000,21,1,1,1,4,1,1,1,2,1
SF,IF2005,2020-04-13 10:13:51.100,3728.8000,10449,0,2317012440.000,0,-,-,-,-,3728.0000,3727.6000,3727.0000,3726.4000,3726.2000,3728.6000,3729.2000,3729.6000,3729.8000,3730.0000,22,1,1,1,4,1,1,1,2,1
SF,IF2005,2020-04-13 10:13:51.600,3728.0000,10451,2,2319249240.000,2,2,0,双开,S,3728.0000,3727.6000,3727.0000,3726.4000,3726.2000,3728.6000,3729.2000,3729.6000,3729.8000,3730.0000,20,1,1,1,4,1,1,1,2,1
SF,IF2005,2020-04-13 10:13:52.100,3728.6000,10450,-1,2320367820.000,1,0,1,双平,S,3728.6000,3728.0000,3727.6000,3727.0000,3726.4000,3729.2000,3729.6000,3729.8000,3730.0000,3730.2000,1,20,1,1,1,1,1,2,1,2
SF,IF2005,2020-04-13 10:13:52.600,3728.6000,10450,0,2321486400.000,1,0,1,多换,S,3728.0000,3727.6000,3727.0000,3726.4000,3726.2000,3729.2000,3729.6000,3729.8000,3730.0000,3730.2000,20,1,1,1,4,1,1,2,1,2
SF,IF2005,2020-04-13 10:13:53.100,3728.6000,10450,0,2321486400.000,0,-,-,-,-,3728.2000,3728.0000,3727.6000,3727.0000,3726.4000,3728.6000,3729.2000,3729.6000,3729.8000,3730.0000,1,20,1,1,1,2,1,1,2,1
SF,IF2005,2020-04-13 10:13:53.600,3728.6000,10451,1,2322604980.000,1,1,0,双开,S,3728.2000,3728.0000,3727.6000,3727.0000,3726.4000,3728.6000,3729.0000,3729.2000,3729.6000,3729.8000,2,20,1,1,1,1,1,1,1,2
SF,IF2005,2020-04-13 10:13:54.100,3728.6000,10451,0,2322604980.000,0,-,-,-,-,3728.2000,3728.0000,3727.6000,3727.0000,3726.4000,3728.6000,3729.2000,3729.6000,3729.8000,3730.0000,1,19,1,1,1,1,1,1,2,1
SF,IF2005,2020-04-13 10:13:54.600,3728.6000,10451,0,2322604980.000,0,-,-,-,-,3728.2000,3728.0000,3727.6000,3727.0000,3726.4000,3728.6000,3729.2000,3729.6000,3729.8000,3730.0000,1,19,1,1,1,1,1,1,2,1
SF,IF2005,2020-04-13 10:13:55.100,3728.6000,10451,0,2322604980.000,0,-,-,-,-,3728.2000,3728.0000,3727.6000,3727.0000,3726.4000,3728.6000,3729.2000,3729.6000,3729.8000,3730.0000,1,19,1,1,1,1,1,1,2,1
SF,IF2005,2020-04-13 10:13:55.600,3728.6000,10452,1,2323723560.000,1,1,0,双开,S,3728.2000,3728.0000,3727.6000,3727.0000,3726.4000,3729.2000,3729.6000,3729.8000,3730.0000,3730.2000,2,19,1,1,1,1,1,2,1,2
SF,IF2005,2020-04-13 10:13:56.600,3729.2000,10454,2,2327079240.000,3,2,1,空开,S,3728.0000,3727.6000,3727.0000,3726.4000,3726.2000,3729.6000,3729.8000,3730.2000,3730.4000,3730.8000,19,1,1,1,4,1,2,2,1,2
SF,IF2005,2020-04-13 10:13:57.100,3729.4000,10454,0,2328198060.000,1,0,1,多换,S,3728.2000,3728.0000,3727.6000,3727.0000,3726.4000,3729.4000,3729.8000,3730.2000,3730.4000,3730.8000,2,19,1,1,1,5,2,3,1,2
SF,IF2005,2020-04-13 10:13:57.600,3729.4000,10454,0,2328198060.000,0,-,-,-,-,3728.6000,3728.2000,3728.0000,3727.6000,3727.0000,3729.2000,3729.4000,3729.8000,3730.2000,3730.4000,1,3,19,1,1,1,4,2,3,1
SF,IF2005,2020-04-13 10:13:58.100,3728.2000,10454,0,2331553560.000,3,1,2,多换,S,3728.2000,3728.0000,3727.6000,3727.0000,3726.4000,3729.2000,3729.4000,3729.8000,3730.2000,3730.4000,1,19,1,1,1,1,4,2,3,1
SF,IF2005,2020-04-13 10:13:58.600,3728.2000,10454,0,2331553560.000,0,-,-,-,-,3728.2000,3728.0000,3727.6000,3727.0000,3726.4000,3729.0000,3729.4000,3729.8000,3730.0000,3730.2000,1,19,1,1,1,2,2,2,12,3
SF,IF2005,2020-04-13 10:13:59.100,3728.2000,10453,-1,2332672020.000,1,0,1,双平,S,3728.0000,3727.6000,3727.0000,3726.4000,3726.2000,3729.0000,3729.4000,3729.8000,3730.0000,3730.2000,19,1,1,1,4,3,1,2,12,3
SF,IF2005,2020-04-13 10:13:59.600,3728.2000,10453,0,2332672020.000,0,-,-,-,-,3728.0000,3727.6000,3727.0000,3726.4000,3726.2000,3728.2000,3729.0000,3729.4000,3729.8000,3730.0000,19,1,1,1,4,2,2,1,2,13
SF,IF2005,2020-04-13 10:14:00.100,3728.2000,10454,1,2333790480.000,1,1,0,双开,S,3728.0000,3727.6000,3727.0000,3726.4000,3726.2000,3728.2000,3729.0000,3729.8000,3730.0000,3730.2000,19,1,1,1,4,1,2,2,13,3
SF,IF2005,2020-04-13 10:14:00.600,3728.2000,10454,0,2334908940.000,1,0,1,多换,S,3728.0000,3727.6000,3727.0000,3726.4000,3726.2000,3729.0000,3729.8000,3730.0000,3730.2000,3730.4000,19,1,1,1,4,2,2,13,3,1
SF,IF2005,2020-04-13 10:14:01.100,3728.2000,10454,0,2334908940.000,0,-,-,-,-,3728.0000,3727.6000,3727.0000,3726.4000,3726.2000,3728.8000,3729.0000,3729.8000,3730.0000,3730.2000,19,1,1,1,4,1,2,2,13,3
SF,IF2005,2020-04-13 10:14:01.600,3728.0000,10456,2,2337145740.000,2,2,0,双开,S,3728.0000,3727.6000,3727.0000,3726.4000,3726.2000,3728.8000,3729.0000,3729.8000,3730.0000,3730.2000,17,1,1,1,4,2,1,2,13,3
SF,IF2005,2020-04-13 10:14:02.100,3728.0000,10456,0,2337145740.000,0,-,-,-,-,3728.0000,3727.6000,3727.0000,3726.4000,3726.2000,3728.8000,3729.0000,3729.8000,3730.0000,3730.2000,17,1,1,1,4,2,1,2,14,2
SF,IF2005,2020-04-13 10:14:02.600,3728.0000,10459,3,2340500940.000,3,3,0,双开,S,3728.0000,3727.6000,3727.0000,3726.4000,3726.2000,3728.8000,3729.0000,3729.8000,3730.0000,3730.2000,14,1,1,1,4,2,1,2,14,2
SF,IF2005,2020-04-13 10:14:03.100,3728.0000,10459,0,2340500940.000,0,-,-,-,-,3728.0000,3727.6000,3727.0000,3726.4000,3726.2000,3728.8000,3729.0000,3729.8000,3730.0000,3730.2000,14,1,1,1,4,2,1,2,14,2
SF,IF2005,2020-04-13 10:14:03.600,3728.0000,10459,0,2340500940.000,0,-,-,-,-,3728.2000,3728.0000,3727.6000,3727.0000,3726.4000,3728.8000,3729.0000,3729.8000,3730.0000,3730.2000,2,14,1,1,1,2,1,2,14,2
SF,IF2005,2020-04-13 10:14:04.100,3728.0000,10459,0,2340500940.000,0,-,-,-,-,3728.2000,3728.0000,3727.6000,3727.0000,3726.4000,3728.8000,3729.0000,3729.8000,3730.0000,3730.2000,2,14,1,1,1,2,1,2,14,2
SF,IF2005,2020-04-13 10:14:04.600,3728.0000,10459,0,2343856260.000,3,1,2,多换,S,3728.0000,3727.6000,3727.0000,3726.4000,3726.2000,3728.2000,3728.8000,3729.0000,3729.8000,3730.0000,13,1,1,1,4,2,2,1,2,14
SF,IF2005,2020-04-13 10:14:05.100,3728.2000,10462,3,2347211520.000,3,3,0,双开,S,3728.0000,3727.6000,3727.0000,3726.4000,3726.2000,3728.2000,3728.8000,3729.0000,3729.8000,3730.0000,11,1,1,1,4,1,2,1,2,14
SF,IF2005,2020-04-13 10:14:05.600,3728.0000,10466,4,2359513920.000,11,7,4,空开,S,3727.6000,3727.0000,3726.4000,3726.2000,3726.0000,3728.2000,3728.8000,3729.0000,3729.8000,3730.0000,1,1,1,4,1,1,1,1,2,14
SF,IF2005,2020-04-13 10:14:06.100,3727.6000,10467,1,2360632200.000,1,1,0,双开,S,3727.0000,3726.4000,3726.2000,3726.0000,3725.2000,3727.6000,3727.8000,3728.0000,3728.2000,3728.8000,1,1,4,1,2,1,1,1,1,1
SF,IF2005,2020-04-13 10:14:06.600,3727.6000,10467,0,2360632200.000,0,-,-,-,-,3727.0000,3726.4000,3726.2000,3726.0000,3725.2000,3727.4000,3728.0000,3728.2000,3728.8000,3729.8000,1,1,3,1,2,1,1,1,3,2
SF,IF2005,2020-04-13 10:14:07.100,3727.0000,10468,1,2361750300.000,1,1,0,双开,S,3726.4000,3725.2000,3724.8000,3724.6000,3724.4000,3727.4000,3728.0000,3728.2000,3728.8000,3729.8000,1,2,2,1,1,1,1,1,2,2
SF,IF2005,2020-04-13 10:14:07.600,3727.0000,10468,0,2361750300.000,0,-,-,-,-,3726.4000,3725.2000,3724.8000,3724.6000,3724.4000,3727.4000,3728.0000,3728.2000,3728.8000,3729.8000,1,2,2,1,1,1,1,1,2,3
SF,IF2005,2020-04-13 10:14:08.100,3727.0000,10468,0,2361750300.000,0,-,-,-,-,3726.6000,3726.4000,3724.8000,3724.6000,3724.4000,3727.4000,3728.0000,3728.2000,3728.8000,3729.8000,1,1,2,1,1,1,1,1,2,3
SF,IF2005,2020-04-13 10:14:08.600,3727.4000,10468,0,2362868520.000,1,0,1,多换,S,3726.8000,3726.6000,3726.4000,3724.8000,3724.6000,3728.0000,3728.2000,3728.8000,3729.8000,3730.0000,1,2,1,2,1,1,1,2,3,13
SF,IF2005,2020-04-13 10:14:09.100,3726.8000,10468,0,2363986560.000,1,0,1,多换,S,3726.8000,3726.6000,3726.4000,3724.8000,3724.6000,3727.8000,3728.0000,3728.8000,3729.8000,3730.0000,1,1,1,2,1,1,1,2,3,13
SF,IF2005,2020-04-13 10:14:09.600,3726.8000,10468,0,2363986560.000,0,-,-,-,-,3726.8000,3726.6000,3726.4000,3724.8000,3724.6000,3727.6000,3727.8000,3728.8000,3729.8000,3730.0000,1,1,1,2,1,1,1,2,3,13
SF,IF2005,2020-04-13 10:14:10.100,3726.8000,10468,0,2363986560.000,0,-,-,-,-,3726.8000,3726.6000,3726.4000,3724.8000,3724.6000,3727.6000,3727.8000,3728.8000,3729.8000,3730.0000,1,1,1,2,1,1,1,2,3,13
SF,IF2005,2020-04-13 10:14:10.600,3727.6000,10468,0,2365104840.000,1,0,1,多换,S,3727.6000,3727.0000,3726.8000,3726.4000,3724.8000,3727.8000,3728.8000,3729.8000,3730.0000,3730.4000,1,1,1,1,2,1,2,3,13,3
SF,IF2005,2020-04-13 10:14:11.100,3727.6000,10468,0,2366223120.000,1,0,1,多换,S,3727.0000,3726.4000,3724.8000,3724.6000,3724.4000,3727.4000,3727.6000,3728.8000,3729.8000,3730.0000,1,1,2,1,1,1,2,2,3,13
SF,IF2005,2020-04-13 10:14:11.600,3727.0000,10467,-1,2367341220.000,1,0,1,双平,S,3726.4000,3724.8000,3724.6000,3724.4000,3724.2000,3727.6000,3728.8000,3729.8000,3730.0000,3730.4000,1,2,1,1,1,4,2,3,13,4
SF,IF2005,2020-04-13 10:14:12.100,3727.0000,10467,0,2367341220.000,0,-,-,-,-,3726.6000,3726.4000,3724.8000,3724.6000,3724.4000,3727.4000,3727.6000,3728.8000,3729.8000,3730.0000,1,1,2,1,1,1,4,2,3,13
SF,IF2005,2020-04-13 10:14:12.600,3727.0000,10467,0,2367341220.000,0,-,-,-,-,3726.6000,3726.4000,3724.8000,3724.6000,3724.4000,3727.4000,3727.6000,3728.8000,3729.6000,3729.8000,2,1,2,1,1,1,4,2,1,2
SF,IF2005,2020-04-13 10:14:13.100,3727.0000,10467,0,2367341220.000,0,-,-,-,-,3727.0000,3726.6000,3726.4000,3724.8000,3724.6000,3727.4000,3727.6000,3728.8000,3729.6000,3729.8000,2,1,1,2,1,1,4,2,1,2
SF,IF2005,2020-04-13 10:14:14.100,3727.0000,10467,0,2367341220.000,0,-,-,-,-,3727.0000,3726.6000,3726.4000,3724.8000,3724.6000,3727.4000,3727.6000,3728.8000,3729.6000,3729.8000,2,1,1,2,1,1,4,2,1,4
SF,IF2005,2020-04-13 10:14:14.600,3727.0000,10468,1,2368459320.000,1,1,0,双开,S,3727.0000,3726.6000,3726.4000,3724.8000,3724.6000,3727.4000,3727.6000,3728.8000,3729.6000,3729.8000,1,1,1,2,1,1,4,2,1,4
SF,IF2005,2020-04-13 10:14:15.100,3727.0000,10469,1,2369577420.000,1,1,0,双开,S,3726.6000,3726.4000,3724.8000,3724.6000,3724.4000,3727.2000,3727.4000,3727.6000,3728.8000,3729.6000,1,1,2,1,1,1,1,4,2,1
SF,IF2005,2020-04-13 10:14:15.600,3727.0000,10469,0,2369577420.000,0,-,-,-,-,3726.4000,3724.8000,3724.6000,3724.4000,3724.2000,3727.0000,3727.4000,3727.6000,3728.8000,3729.6000,1,2,1,1,1,1,1,4,2,1
SF,IF2005,2020-04-13 10:14:16.100,3726.4000,10470,1,2370695340.000,1,1,0,双开,S,3724.8000,3724.6000,3724.4000,3724.2000,3724.0000,3726.4000,3727.0000,3727.4000,3727.6000,3728.8000,2,1,1,1,1,1,1,1,2,2
SF,IF2005,2020-04-13 10:14:16.600,3727.0000,10470,0,2372931360.000,2,1,1,多换,S,3726.6000,3726.4000,3726.0000,3725.8000,3725.6000,3727.4000,3727.6000,3728.8000,3729.6000,3729.8000,1,2,1,5,2,1,2,2,1,4
SF,IF2005,2020-04-13 10:14:17.100,3727.0000,10470,0,2372931360.000,0,-,-,-,-,3726.6000,3726.4000,3725.8000,3725.2000,3725.0000,3727.4000,3727.6000,3728.8000,3729.6000,3729.8000,1,1,1,3,8,1,2,3,1,4
SF,IF2005,2020-04-13 10:14:17.600,3726.6000,10471,1,2374049340.000,1,1,0,双开,S,3725.8000,3725.2000,3725.0000,3724.8000,3724.6000,3726.6000,3727.4000,3727.6000,3728.8000,3729.8000,1,3,8,2,1,1,1,2,3,4
SF,IF2005,2020-04-13 10:14:18.100,3726.6000,10472,1,2375167320.000,1,1,0,双开,S,3726.2000,3726.0000,3725.8000,3725.2000,3725.0000,3727.4000,3727.6000,3728.8000,3729.4000,3729.8000,1,2,1,3,7,1,2,3,1,4
SF,IF2005,2020-04-13 10:14:18.600,3726.6000,10472,0,2375167320.000,0,-,-,-,-,3726.2000,3726.0000,3725.8000,3725.2000,3725.0000,3727.2000,3727.4000,3727.6000,3728.8000,3729.4000,1,2,1,3,7,3,1,2,3,1
SF,IF2005,2020-04-13 10:14:19.100,3726.2000,10472,0,2376285180.000,1,0,1,多换,S,3726.0000,3725.8000,3725.2000,3725.0000,3724.8000,3726.2000,3727.2000,3727.4000,3727.6000,3728.8000,2,1,3,7,2,1,3,1,2,3
SF,IF2005,2020-04-13 10:14:19.600,3726.2000,10473,1,2377403040.000,1,1,0,双开,S,3726.2000,3726.0000,3725.8000,3725.2000,3725.0000,3727.2000,3727.6000,3728.8000,3729.4000,3729.8000,5,2,1,3,7,2,2,3,1,4
SF,IF2005,2020-04-13 10:14:20.100,3726.2000,10473,0,2377403040.000,0,-,-,-,-,3726.2000,3726.0000,3725.8000,3725.2000,3725.0000,3727.2000,3727.6000,3728.8000,3729.4000,3729.8000,3,2,1,3,6,1,2,3,1,4
SF,IF2005,2020-04-13 10:14:20.600,3726.2000,10473,0,2377403040.000,0,-,-,-,-,3726.6000,3726.2000,3726.0000,3725.8000,3725.2000,3727.2000,3727.6000,3728.8000,3729.4000,3729.8000,1,3,2,1,3,1,2,3,1,4
SF,IF2005,2020-04-13 10:14:21.100,3726.2000,10473,0,2377403040.000,0,-,-,-,-,3726.6000,3726.2000,3726.0000,3725.8000,3725.2000,3727.6000,3728.8000,3729.4000,3729.8000,3730.0000,1,3,2,1,2,2,3,1,4,13
SF,IF2005,2020-04-13 10:14:21.600,3726.2000,10475,2,2379638880.000,2,2,0,双开,S,3726.2000,3726.0000,3725.8000,3725.2000,3725.0000,3726.6000,3727.4000,3727.6000,3728.8000,3729.4000,1,1,1,2,6,1,1,2,3,1
SF,IF2005,2020-04-13 10:14:22.100,3726.6000,10475,0,2380756860.000,1,0,1,多换,S,3726.6000,3726.2000,3726.0000,3725.8000,3725.2000,3727.4000,3727.6000,3728.8000,3729.4000,3729.8000,1,1,1,1,2,1,2,3,1,4
SF,IF2005,2020-04-13 10:14:22.600,3726.6000,10475,0,2380756860.000,0,-,-,-,-,3726.6000,3726.0000,3725.8000,3725.2000,3725.0000,3727.4000,3727.6000,3728.8000,3729.4000,3729.8000,1,1,1,2,6,1,2,3,1,4
SF,IF2005,2020-04-13 10:14:23.100,3726.6000,10475,0,2381874840.000,1,0,1,多换,S,3726.0000,3725.8000,3725.2000,3725.0000,3724.8000,3726.6000,3727.2000,3727.4000,3727.6000,3728.8000,1,1,2,6,2,2,1,1,2,3
SF,IF2005,2020-04-13 10:14:23.600,3726.6000,10476,1,2382992820.000,1,1,0,双开,S,3726.0000,3725.8000,3725.2000,3725.0000,3724.8000,3726.6000,3727.2000,3727.4000,3727.6000,3728.8000,1,1,2,6,2,1,1,1,2,3
SF,IF2005,2020-04-13 10:14:24.100,3726.6000,10476,0,2382992820.000,0,-,-,-,-,3726.0000,3725.8000,3725.2000,3725.0000,3724.8000,3726.6000,3727.4000,3727.6000,3728.8000,3729.2000,1,1,2,5,2,1,1,2,3,1
SF,IF2005,2020-04-13 10:14:25.100,3726.6000,10476,0,2382992820.000,0,-,-,-,-,3726.0000,3725.8000,3725.2000,3725.0000,3724.8000,3726.6000,3727.4000,3727.6000,3728.8000,3729.2000,1,1,2,3,2,1,1,2,3,1
SF,IF2005,2020-04-13 10:14:25.600,3726.6000,10477,1,2384110800.000,1,1,0,双开,S,3726.0000,3725.8000,3725.2000,3725.0000,3724.8000,3727.4000,3727.6000,3728.8000,3729.2000,3729.8000,1,1,2,3,2,1,2,3,1,4
SF,IF2005,2020-04-13 10:14:26.100,3726.6000,10477,0,2384110800.000,0,-,-,-,-,3726.0000,3725.8000,3725.2000,3725.0000,3724.8000,3727.2000,3727.4000,3727.6000,3728.8000,3729.2000,1,1,2,3,2,3,1,2,3,1
SF,IF2005,2020-04-13 10:14:28.100,3726.6000,10477,0,2384110800.000,0,-,-,-,-,3726.6000,3726.0000,3725.8000,3725.2000,3725.0000,3727.2000,3727.4000,3727.6000,3728.8000,3729.8000,1,1,1,2,3,3,1,2,3,4
SF,IF2005,2020-04-13 10:14:28.600,3726.0000,10477,0,2386346580.000,2,1,1,多换,S,3725.8000,3725.2000,3725.0000,3724.8000,3724.6000,3726.0000,3727.2000,3727.4000,3727.6000,3728.8000,1,2,3,2,1,1,3,1,2,3
SF,IF2005,2020-04-13 10:14:29.100,3726.0000,10477,0,2387464380.000,1,0,1,多换,S,3726.2000,3726.0000,3725.8000,3725.2000,3725.0000,3727.2000,3727.4000,3727.6000,3728.8000,3729.0000,1,2,1,2,3,2,1,2,3,1
SF,IF2005,2020-04-13 10:14:29.600,3726.0000,10477,0,2387464380.000,0,-,-,-,-,3726.2000,3726.0000,3725.8000,3725.2000,3725.0000,3727.0000,3727.2000,3727.6000,3728.8000,3729.0000,1,1,1,2,3,2,2,2,3,1
SF,IF2005,2020-04-13 10:14:30.100,3726.2000,10479,2,2389700100.000,2,2,0,双开,S,3725.8000,3725.2000,3725.0000,3724.8000,3724.6000,3727.0000,3727.2000,3727.6000,3728.8000,3729.0000,1,2,3,2,1,3,2,2,3,1
SF,IF2005,2020-04-13 10:14:30.600,3726.2000,10479,0,2389700100.000,0,-,-,-,-,3725.8000,3725.2000,3725.0000,3724.8000,3724.6000,3727.0000,3727.2000,3727.6000,3728.8000,3729.0000,2,2,3,2,1,2,2,2,3,1
SF,IF2005,2020-04-13 10:14:31.600,3726.2000,10479,0,2389700100.000,0,-,-,-,-,3725.8000,3725.2000,3725.0000,3724.8000,3724.6000,3726.8000,3727.0000,3727.2000,3727.6000,3728.8000,1,2,3,2,1,1,2,2,2,3
SF,IF2005,2020-04-13 10:14:32.100,3725.8000,10480,1,2390817840.000,1,1,0,双开,S,3725.2000,3725.0000,3724.8000,3724.6000,3724.4000,3725.8000,3726.8000,3727.0000,3727.2000,3727.6000,2,3,2,1,1,1,1,2,2,2
SF,IF2005,2020-04-13 10:14:32.600,3725.8000,10481,1,2393053320.000,2,1,1,空开,S,3725.2000,3725.0000,3724.8000,3724.6000,3724.4000,3726.6000,3727.0000,3727.6000,3728.8000,3729.0000,1,2,2,1,1,1,1,2,1,1
SF,IF2005,2020-04-13 10:14:33.100,3725.8000,10481,0,2393053320.000,0,-,-,-,-,3725.4000,3725.0000,3724.8000,3724.6000,3724.4000,3726.4000,3726.6000,3727.6000,3728.8000,3729.0000,3,1,2,1,1,1,1,2,1,1
SF,IF2005,2020-04-13 10:14:33.600,3726.4000,10481,0,2394171240.000,1,0,1,多换,S,3725.6000,3725.4000,3725.0000,3724.8000,3724.6000,3726.6000,3727.6000,3728.0000,3728.8000,3729.8000,1,3,1,2,1,1,2,2,1,4
SF,IF2005,2020-04-13 10:14:34.100,3726.4000,10481,0,2394171240.000,0,-,-,-,-,3725.6000,3725.4000,3725.0000,3724.8000,3724.6000,3726.4000,3726.6000,3727.6000,3728.0000,3728.8000,1,3,1,2,1,1,1,2,2,2
SF,IF2005,2020-04-13 10:14:34.600,3726.4000,10481,0,2395289160.000,1,0,1,多换,S,3725.6000,3725.4000,3725.0000,3724.8000,3724.6000,3726.4000,3727.6000,3728.0000,3728.8000,3729.8000,1,3,1,2,1,1,2,2,2,4
SF,IF2005,2020-04-13 10:14:35.600,3726.4000,10481,0,2395289160.000,0,-,-,-,-,3725.6000,3725.4000,3725.0000,3724.8000,3724.6000,3726.4000,3727.6000,3728.0000,3728.8000,3729.8000,1,2,1,2,1,1,2,2,2,4
SF,IF2005,2020-04-13 10:14:36.600,3725.6000,10480,-1,2396406840.000,1,0,1,双平,S,3725.0000,3724.6000,3724.4000,3724.2000,3724.0000,3726.2000,3727.6000,3728.0000,3728.8000,3729.8000,1,1,1,1,1,1,2,2,2,4
SF,IF2005,2020-04-13 10:14:37.100,3725.6000,10480,0,2396406840.000,0,-,-,-,-,3724.6000,3724.4000,3724.2000,3724.0000,3723.8000,3726.0000,3726.2000,3727.6000,3728.0000,3728.8000,1,1,1,1,1,1,2,2,2,2
SF,IF2005,2020-04-13 10:14:37.600,3726.0000,10480,0,2397524640.000,1,0,1,多换,S,3724.8000,3724.6000,3724.4000,3724.2000,3724.0000,3726.2000,3727.6000,3728.0000,3728.8000,3729.8000,3,1,1,1,1,2,2,2,2,4
SF,IF2005,2020-04-13 10:14:38.100,3726.0000,10480,0,2397524640.000,0,-,-,-,-,3724.8000,3724.4000,3724.2000,3724.0000,3723.8000,3725.8000,3726.0000,3726.2000,3727.6000,3728.0000,3,1,1,1,1,1,1,1,2,2
SF,IF2005,2020-04-13 10:14:38.600,3726.0000,10480,0,2397524640.000,0,-,-,-,-,3725.2000,3724.8000,3724.4000,3724.2000,3724.0000,3725.8000,3726.0000,3726.2000,3727.6000,3728.0000,1,2,1,1,1,1,1,1,2,2
SF,IF2005,2020-04-13 10:14:39.100,3725.8000,10480,0,2398642380.000,1,0,1,多换,S,3725.2000,3724.8000,3724.4000,3724.2000,3724.0000,3725.8000,3726.0000,3727.6000,3728.0000,3728.6000,1,2,1,1,1,1,1,2,2,1
SF,IF2005,2020-04-13 10:14:39.600,3725.8000,10480,0,2398642380.000,0,-,-,-,-,3725.2000,3724.8000,3724.4000,3724.2000,3724.0000,3726.0000,3727.6000,3727.8000,3728.0000,3728.6000,1,2,1,1,1,1,2,1,2,1
SF,IF2005,2020-04-13 10:14:40.100,3726.0000,10480,0,2399760180.000,1,0,1,多换,S,3725.2000,3724.8000,3724.4000,3724.2000,3724.0000,3727.6000,3727.8000,3728.0000,3728.6000,3728.8000,1,2,1,1,1,2,1,2,1,1
SF,IF2005,2020-04-13 10:14:40.600,3726.0000,10480,0,2399760180.000,0,-,-,-,-,3725.4000,3724.4000,3724.2000,3724.0000,3723.8000,3726.4000,3726.6000,3726.8000,3727.0000,3727.2000,2,1,1,1,1,1,3,1,1,1
SF,IF2005,2020-04-13 10:14:41.100,3726.0000,10480,0,2399760180.000,0,-,-,-,-,3725.8000,3725.4000,3724.4000,3724.2000,3724.0000,3726.2000,3726.4000,3726.6000,3727.0000,3727.4000,1,1,1,1,1,1,1,3,1,4
SF,IF2005,2020-04-13 10:14:41.600,3725.8000,10480,0,2400877920.000,1,0,1,多换,S,3725.4000,3724.4000,3724.2000,3724.0000,3723.8000,3726.2000,3726.4000,3726.6000,3727.0000,3727.4000,1,1,1,1,1,2,1,3,1,4
SF,IF2005,2020-04-13 10:14:42.100,3725.8000,10480,0,2400877920.000,0,-,-,-,-,3725.4000,3724.4000,3724.2000,3724.0000,3723.8000,3726.2000,3726.4000,3727.0000,3727.4000,3727.6000,1,1,1,1,1,2,1,1,4,6
SF,IF2005,2020-04-13 10:14:42.600,3725.8000,10480,0,2400877920.000,0,-,-,-,-,3725.4000,3724.4000,3724.2000,3724.0000,3723.8000,3726.2000,3726.4000,3727.0000,3727.4000,3727.6000,1,1,1,1,1,1,1,1,4,6
SF,IF2005,2020-04-13 10:14:43.100,3725.8000,10480,0,2400877920.000,0,-,-,-,-,3724.2000,3723.8000,3723.2000,3722.2000,3720.2000,3726.2000,3726.4000,3727.0000,3727.4000,3727.6000,1,1,2,6,1,1,1,1,4,6
SF,IF2005,2020-04-13 10:14:43.600,3725.8000,10480,0,2400877920.000,0,-,-,-,-,3724.8000,3724.6000,3724.4000,3724.2000,3723.8000,3726.0000,3726.4000,3727.0000,3727.4000,3727.6000,1,1,2,1,1,2,1,1,3,6
SF,IF2005,2020-04-13 10:14:44.100,3725.8000,10480,0,2400877920.000,0,-,-,-,-,3725.0000,3724.8000,3724.6000,3724.4000,3724.2000,3726.0000,3726.4000,3727.0000,3727.4000,3727.6000,1,1,2,1,1,2,1,1,3,6
SF,IF2005,2020-04-13 10:14:44.600,3725.0000,10479,-1,2401995420.000,1,0,1,双平,S,3724.8000,3724.6000,3724.4000,3724.2000,3723.8000,3725.8000,3726.0000,3727.0000,3727.4000,3727.6000,1,2,1,1,1,2,2,1,3,6
SF,IF2005,2020-04-13 10:14:45.100,3725.0000,10479,0,2401995420.000,0,-,-,-,-,3724.8000,3724.6000,3724.2000,3723.8000,3723.2000,3725.8000,3726.0000,3727.0000,3727.2000,3727.4000,1,2,1,1,2,3,1,1,2,3
SF,IF2005,2020-04-13 10:14:45.600,3725.0000,10479,0,2401995420.000,0,-,-,-,-,3724.8000,3724.6000,3724.2000,3723.8000,3723.2000,3725.8000,3726.0000,3727.0000,3727.2000,3727.4000,1,2,1,1,2,2,1,1,2,3
SF,IF2005,2020-04-13 10:14:46.600,3725.0000,10479,0,2401995420.000,0,-,-,-,-,3724.8000,3724.6000,3724.2000,3723.8000,3723.2000,3725.6000,3725.8000,3726.0000,3727.0000,3727.2000,1,2,1,1,2,1,2,1,1,2
SF,IF2005,2020-04-13 10:14:47.100,3725.0000,10479,0,2401995420.000,0,-,-,-,-,3724.8000,3724.6000,3724.2000,3723.8000,3723.2000,3725.6000,3725.8000,3726.0000,3727.0000,3727.2000,1,2,1,1,2,1,2,1,1,2
SF,IF2005,2020-04-13 10:14:48.600,3725.0000,10479,0,2401995420.000,0,-,-,-,-,3724.8000,3724.6000,3724.2000,3723.8000,3723.2000,3725.6000,3725.8000,3726.0000,3726.8000,3727.0000,1,2,1,1,2,1,1,1,1,1
SF,IF2005,2020-04-13 10:14:49.100,3725.0000,10479,0,2401995420.000,0,-,-,-,-,3724.8000,3724.6000,3724.2000,3723.8000,3723.2000,3725.6000,3725.8000,3726.0000,3726.8000,3727.0000,1,2,1,1,2,1,1,1,1,1
SF,IF2005,2020-04-13 10:14:50.100,3725.6000,10478,-1,2403113100.000,1,0,1,双平,S,3725.6000,3725.0000,3724.8000,3724.6000,3724.2000,3726.0000,3726.8000,3727.0000,3727.2000,3727.4000,1,1,1,1,1,1,1,1,2,3
SF,IF2005,2020-04-13 10:14:50.600,3725.6000,10478,0,2404230780.000,1,0,1,多换,S,3725.0000,3724.8000,3724.6000,3724.2000,3723.8000,3726.0000,3726.8000,3727.0000,3727.2000,3727.4000,1,1,1,1,1,1,1,1,2,3
SF,IF2005,2020-04-13 10:14:51.100,3726.0000,10477,-1,2405348580.000,1,0,1,双平,S,3725.4000,3725.2000,3724.6000,3724.2000,3723.8000,3726.8000,3727.0000,3727.2000,3727.4000,3727.6000,1,2,1,1,1,1,1,2,3,1
SF,IF2005,2020-04-13 10:14:51.600,3726.0000,10477,0,2405348580.000,0,-,-,-,-,3726.0000,3725.6000,3725.4000,3725.2000,3724.2000,3726.8000,3727.0000,3727.2000,3727.4000,3727.6000,1,1,1,2,1,1,1,2,3,1
SF,IF2005,2020-04-13 10:14:52.100,3726.0000,10477,0,2405348580.000,0,-,-,-,-,3726.0000,3725.8000,3725.6000,3724.2000,3723.8000,3726.8000,3727.2000,3727.4000,3727.6000,3727.8000,1,1,2,1,1,1,2,3,1,1
SF,IF2005,2020-04-13 10:14:52.600,3726.0000,10477,0,2406466380.000,1,0,1,多换,S,3725.8000,3725.6000,3724.2000,3723.8000,3723.2000,3726.8000,3727.2000,3727.4000,3727.6000,3727.8000,1,2,1,1,2,1,2,3,1,1
SF,IF2005,2020-04-13 10:14:53.100,3726.0000,10477,0,2406466380.000,0,-,-,-,-,3725.8000,3725.6000,3724.2000,3723.8000,3723.2000,3726.8000,3727.4000,3727.6000,3727.8000,3728.6000,1,2,1,1,2,1,3,1,1,1
SF,IF2005,2020-04-13 10:14:53.600,3726.0000,10477,0,2406466380.000,0,-,-,-,-,3725.8000,3725.6000,3724.2000,3723.8000,3723.2000,3726.8000,3727.4000,3727.6000,3727.8000,3728.2000,1,2,1,1,2,1,1,1,1,2
SF,IF2005,2020-04-13 10:14:54.100,3726.0000,10477,0,2406466380.000,0,-,-,-,-,3726.0000,3725.8000,3725.6000,3724.2000,3723.8000,3726.8000,3727.4000,3727.6000,3727.8000,3728.2000,1,1,2,1,1,1,1,1,1,2
SF,IF2005,2020-04-13 10:14:56.100,3726.0000,10477,0,2406466380.000,0,-,-,-,-,3726.0000,3725.8000,3725.6000,3724.2000,3723.8000,3726.8000,3727.4000,3727.6000,3727.8000,3728.2000,1,1,1,1,1,1,1,1,1,2
SF,IF2005,2020-04-13 10:14:56.600,3726.0000,10477,0,2406466380.000,0,-,-,-,-,3726.2000,3726.0000,3725.6000,3724.2000,3723.8000,3726.8000,3727.4000,3727.6000,3727.8000,3728.2000,1,1,1,1,1,1,1,1,1,2
SF,IF2005,2020-04-13 10:15:01.100,3726.2000,10476,-1,2407584240.000,1,0,1,双平,S,3726.0000,3725.6000,3724.2000,3723.8000,3723.2000,3726.8000,3727.4000,3727.6000,3727.8000,3728.2000,1,1,1,1,2,1,1,1,1,2
SF,IF2005,2020-04-13 10:15:01.600,3726.0000,10475,-1,2408702040.000,1,0,1,双平,S,3725.6000,3724.2000,3723.8000,3723.2000,3722.2000,3726.2000,3726.6000,3726.8000,3727.4000,3727.6000,1,1,1,2,2,1,1,1,1,1
SF,IF2005,2020-04-13 10:15:02.100,3726.0000,10475,0,2408702040.000,0,-,-,-,-,3724.2000,3723.8000,3723.2000,3722.2000,3720.2000,3726.6000,3726.8000,3727.4000,3727.6000,3727.8000,1,1,2,2,1,6,1,1,1,1
SF,IF2005,2020-04-13 10:15:02.600,3726.0000,10475,0,2408702040.000,0,-,-,-,-,3725.2000,3725.0000,3724.8000,3724.6000,3724.4000,3726.0000,3726.4000,3726.6000,3726.8000,3727.2000,1,1,1,2,8,1,1,1,1,2
SF,IF2005,2020-04-13 10:15:03.100,3726.0000,10476,1,2409819840.000,1,1,0,双开,S,3725.4000,3725.2000,3725.0000,3724.8000,3724.6000,3726.2000,3726.8000,3727.2000,3727.4000,3727.6000,1,1,1,1,2,1,1,2,1,1
SF,IF2005,2020-04-13 10:15:03.600,3726.0000,10476,0,2409819840.000,0,-,-,-,-,3725.4000,3725.2000,3725.0000,3724.8000,3724.6000,3726.2000,3726.8000,3727.2000,3727.4000,3727.6000,1,1,1,1,2,1,1,2,1,1
SF,IF2005,2020-04-13 10:15:04.600,3726.0000,10476,0,2409819840.000,0,-,-,-,-,3725.4000,3725.2000,3725.0000,3724.8000,3724.6000,3726.2000,3726.8000,3727.2000,3727.4000,3727.6000,1,1,1,1,2,1,1,2,1,1
SF,IF2005,2020-04-13 10:15:05.100,3726.0000,10476,0,2409819840.000,0,-,-,-,-,3725.4000,3725.2000,3725.0000,3724.8000,3724.6000,3726.2000,3726.8000,3727.2000,3727.4000,3727.6000,1,1,1,1,2,1,1,2,1,1
SF,IF2005,2020-04-13 10:15:05.600,3726.0000,10476,0,2409819840.000,0,-,-,-,-,3725.4000,3725.2000,3724.8000,3724.6000,3724.4000,3726.8000,3727.2000,3727.4000,3727.6000,3727.8000,1,1,1,2,6,1,2,1,1,1
SF,IF2005,2020-04-13 10:15:06.100,3726.0000,10476,0,2409819840.000,0,-,-,-,-,3725.4000,3725.2000,3724.8000,3724.6000,3724.4000,3726.6000,3726.8000,3727.2000,3727.4000,3727.6000,1,1,1,2,6,3,1,2,1,1
SF,IF2005,2020-04-13 10:15:06.600,3726.0000,10476,0,2409819840.000,0,-,-,-,-,3725.4000,3725.2000,3724.8000,3724.6000,3724.4000,3726.4000,3726.6000,3726.8000,3727.2000,3727.4000,1,1,1,2,6,1,3,1,2,1
SF,IF2005,2020-04-13 10:15:08.600,3726.0000,10476,0,2409819840.000,0,-,-,-,-,3725.4000,3725.2000,3724.8000,3724.6000,3724.4000,3726.2000,3726.4000,3726.6000,3726.8000,3727.2000,1,1,1,2,6,2,1,2,1,2
SF,IF2005,2020-04-13 10:15:09.100,3726.0000,10476,0,2409819840.000,0,-,-,-,-,3725.4000,3725.2000,3724.8000,3724.6000,3724.4000,3726.2000,3726.4000,3726.6000,3726.8000,3727.2000,1,1,1,2,6,2,1,2,1,2
SF,IF2005,2020-04-13 10:15:11.100,3726.0000,10476,0,2409819840.000,0,-,-,-,-,3725.4000,3725.2000,3724.8000,3724.6000,3724.4000,3726.2000,3726.4000,3726.6000,3726.8000,3727.2000,1,1,1,2,6,1,1,2,1,2
SF,IF2005,2020-04-13 10:15:11.600,3726.0000,10476,0,2409819840.000,0,-,-,-,-,3726.0000,3725.4000,3725.2000,3724.8000,3724.6000,3726.4000,3726.6000,3726.8000,3727.2000,3727.4000,1,1,1,1,2,1,1,1,2,1
SF,IF2005,2020-04-13 10:15:12.100,3726.0000,10476,0,2409819840.000,0,-,-,-,-,3726.0000,3725.4000,3724.8000,3724.6000,3724.4000,3726.6000,3726.8000,3727.2000,3727.4000,3727.6000,1,1,1,2,6,1,1,2,1,1
SF,IF2005,2020-04-13 10:15:12.600,3726.0000,10476,0,2409819840.000,0,-,-,-,-,3726.0000,3725.4000,3724.6000,3724.4000,3724.2000,3726.6000,3726.8000,3727.2000,3727.4000,3727.6000,1,1,2,6,2,1,1,2,1,1
SF,IF2005,2020-04-13 10:15:13.100,3726.0000,10476,0,2409819840.000,0,-,-,-,-,3726.0000,3725.4000,3724.6000,3724.4000,3724.2000,3726.6000,3726.8000,3727.2000,3727.4000,3727.6000,3,1,2,6,2,1,1,2,1,1
SF,IF2005,2020-04-13 10:15:13.600,3726.0000,10476,0,2409819840.000,0,-,-,-,-,3726.0000,3725.4000,3724.6000,3724.4000,3724.2000,3726.8000,3727.2000,3727.4000,3727.6000,3727.8000,3,1,2,6,2,1,2,1,1,1
SF,IF2005,2020-04-13 10:15:14.100,3726.0000,10476,0,2409819840.000,0,-,-,-,-,3726.0000,3725.4000,3724.6000,3724.4000,3724.2000,3726.6000,3726.8000,3727.2000,3727.4000,3727.6000,3,1,2,6,2,1,1,2,1,1
SF,IF2005,2020-04-13 10:15:15.100,3726.0000,10476,0,2409819840.000,0,-,-,-,-,3726.0000,3725.4000,3724.6000,3724.4000,3724.2000,3726.6000,3726.8000,3727.2000,3727.4000,3727.6000,3,1,1,6,2,1,1,2,1,1
SF,IF2005,2020-04-13 10:15:15.600,3726.0000,10476,0,2409819840.000,0,-,-,-,-,3726.0000,3725.4000,3724.6000,3724.4000,3724.2000,3726.6000,3726.8000,3727.2000,3727.4000,3727.6000,3,1,1,6,2,1,1,2,1,1
SF,IF2005,2020-04-13 10:15:16.100,3726.0000,10478,2,2412055440.000,2,2,0,双开,S,3726.0000,3725.4000,3724.6000,3724.4000,3724.2000,3726.4000,3726.6000,3726.8000,3727.2000,3727.4000,1,1,1,6,2,1,1,1,2,1
SF,IF2005,2020-04-13 10:15:16.600,3726.0000,10478,0,2412055440.000,0,-,-,-,-,3726.0000,3725.4000,3724.6000,3724.4000,3724.2000,3726.6000,3726.8000,3727.2000,3727.4000,3727.6000,1,1,1,6,2,1,1,2,1,1
SF,IF2005,2020-04-13 10:15:17.100,3726.0000,10479,1,2413173240.000,1,1,0,双开,S,3725.4000,3724.6000,3724.4000,3724.2000,3723.8000,3726.6000,3726.8000,3727.2000,3727.4000,3727.6000,1,1,6,2,1,1,1,2,1,1
SF,IF2005,2020-04-13 10:15:18.100,3726.0000,10479,0,2413173240.000,0,-,-,-,-,3725.4000,3724.6000,3724.4000,3724.2000,3723.8000,3726.4000,3726.6000,3726.8000,3727.2000,3727.4000,1,1,6,2,1,1,1,1,2,1
SF,IF2005,2020-04-13 10:15:19.600,3726.0000,10479,0,2413173240.000,0,-,-,-,-,3725.4000,3724.6000,3724.4000,3724.2000,3723.8000,3726.4000,3726.6000,3726.8000,3727.2000,3727.4000,1,1,6,2,1,1,1,1,2,1
SF,IF2005,2020-04-13 10:15:20.100,3726.0000,10479,0,2413173240.000,0,-,-,-,-,3725.4000,3724.6000,3724.4000,3724.2000,3723.8000,3726.4000,3726.6000,3726.8000,3727.2000,3727.4000,1,1,6,2,1,1,1,1,2,1
SF,IF2005,2020-04-13 10:15:20.600,3726.0000,10479,0,2413173240.000,0,-,-,-,-,3725.4000,3724.6000,3724.4000,3724.2000,3723.8000,3726.4000,3726.6000,3726.8000,3727.2000,3727.4000,1,1,6,2,1,1,1,1,2,1
SF,IF2005,2020-04-13 10:15:21.100,3726.0000,10479,0,2413173240.000,0,-,-,-,-,3725.4000,3724.6000,3724.4000,3724.2000,3723.8000,3726.4000,3726.6000,3726.8000,3727.2000,3727.4000,1,1,6,2,1,1,1,1,2,1
SF,IF2005,2020-04-13 10:15:22.600,3726.0000,10479,0,2413173240.000,0,-,-,-,-,3725.4000,3724.6000,3724.4000,3724.2000,3723.8000,3726.2000,3726.4000,3726.6000,3726.8000,3727.2000,1,1,6,2,1,1,1,1,1,2
SF,IF2005,2020-04-13 10:15:23.100,3726.0000,10479,0,2413173240.000,0,-,-,-,-,3725.4000,3724.6000,3724.4000,3724.2000,3723.8000,3726.4000,3726.6000,3726.8000,3727.2000,3727.4000,1,1,6,2,1,1,1,1,2,1
SF,IF2005,2020-04-13 10:15:23.600,3726.0000,10479,0,2413173240.000,0,-,-,-,-,3725.4000,3724.6000,3724.4000,3724.2000,3723.8000,3726.4000,3726.6000,3726.8000,3727.2000,3727.4000,1,1,6,2,1,1,1,1,2,1
SF,IF2005,2020-04-13 10:15:24.100,3726.0000,10479,0,2413173240.000,0,-,-,-,-,3725.4000,3724.6000,3724.4000,3724.2000,3723.8000,3726.4000,3726.6000,3726.8000,3727.2000,3727.4000,1,1,6,2,1,2,1,1,2,1
SF,IF2005,2020-04-13 10:15:24.600,3726.0000,10479,0,2413173240.000,0,-,-,-,-,3725.4000,3724.6000,3724.4000,3724.2000,3723.8000,3726.4000,3726.6000,3726.8000,3727.2000,3727.4000,1,1,6,2,1,1,1,1,2,1
SF,IF2005,2020-04-13 10:15:25.100,3726.0000,10479,0,2413173240.000,0,-,-,-,-,3725.4000,3724.6000,3724.4000,3724.2000,3723.8000,3726.4000,3726.6000,3726.8000,3727.2000,3727.4000,1,1,6,2,1,2,1,1,2,1
SF,IF2005,2020-04-13 10:15:25.600,3726.0000,10479,0,2413173240.000,0,-,-,-,-,3725.4000,3724.6000,3724.4000,3724.2000,3723.8000,3726.4000,3726.6000,3726.8000,3727.2000,3727.4000,1,1,6,2,1,2,1,1,2,1
SF,IF2005,2020-04-13 10:15:26.100,3726.0000,10479,0,2413173240.000,0,-,-,-,-,3725.4000,3724.6000,3724.4000,3724.2000,3723.8000,3726.4000,3726.6000,3726.8000,3727.2000,3727.4000,1,1,6,2,1,1,1,1,2,1
SF,IF2005,2020-04-13 10:15:26.600,3726.0000,10479,0,2413173240.000,0,-,-,-,-,3725.4000,3724.6000,3724.4000,3724.2000,3723.8000,3726.4000,3726.6000,3726.8000,3727.2000,3727.4000,1,1,6,2,1,1,1,1,2,1
SF,IF2005,2020-04-13 10:15:27.100,3726.0000,10479,0,2413173240.000,0,-,-,-,-,3725.6000,3725.4000,3724.6000,3724.4000,3724.2000,3726.6000,3726.8000,3727.2000,3727.4000,3727.6000,1,1,1,6,2,1,1,2,1,1
SF,IF2005,2020-04-13 10:15:27.600,3726.0000,10479,0,2413173240.000,0,-,-,-,-,3725.8000,3725.6000,3724.6000,3724.4000,3724.2000,3726.6000,3726.8000,3727.2000,3727.4000,3727.6000,1,1,1,6,2,2,1,2,1,1
SF,IF2005,2020-04-13 10:15:28.100,3726.0000,10479,0,2413173240.000,0,-,-,-,-,3725.8000,3725.6000,3724.6000,3724.4000,3724.2000,3726.4000,3726.6000,3726.8000,3727.2000,3727.4000,1,1,1,6,2,1,1,1,2,1
SF,IF2005,2020-04-13 10:15:28.600,3726.0000,10479,0,2413173240.000,0,-,-,-,-,3725.8000,3725.6000,3724.6000,3724.4000,3724.2000,3726.6000,3726.8000,3727.2000,3727.4000,3727.6000,1,1,1,6,2,1,1,2,1,1
SF,IF2005,2020-04-13 10:15:29.100,3726.0000,10479,0,2413173240.000,0,-,-,-,-,3725.8000,3725.6000,3724.6000,3724.4000,3724.2000,3726.6000,3726.8000,3727.2000,3727.4000,3727.6000,1,1,1,6,2,1,1,2,1,1
SF,IF2005,2020-04-13 10:15:29.600,3726.0000,10479,0,2413173240.000,0,-,-,-,-,3725.8000,3725.6000,3724.6000,3724.4000,3724.2000,3726.6000,3726.8000,3727.2000,3727.4000,3727.6000,1,1,1,6,2,1,1,2,1,1
SF,IF2005,2020-04-13 10:15:30.100,3726.0000,10479,0,2413173240.000,0,-,-,-,-,3725.8000,3725.6000,3724.6000,3724.4000,3724.2000,3726.6000,3726.8000,3727.2000,3727.4000,3727.6000,1,1,1,6,2,1,1,2,1,1
SF,IF2005,2020-04-13 10:15:30.600,3726.0000,10479,0,2413173240.000,0,-,-,-,-,3725.8000,3725.6000,3724.6000,3724.4000,3724.2000,3726.6000,3726.8000,3727.2000,3727.4000,3727.6000,1,1,1,6,2,1,1,2,1,1
SF,IF2005,2020-04-13 10:15:31.100,3726.0000,10479,0,2413173240.000,0,-,-,-,-,3725.8000,3725.6000,3724.6000,3724.4000,3724.2000,3726.6000,3726.8000,3727.2000,3727.4000,3727.6000,1,1,1,6,2,1,1,2,1,1
SF,IF2005,2020-04-13 10:15:31.600,3726.0000,10479,0,2413173240.000,0,-,-,-,-,3726.0000,3725.8000,3724.6000,3724.4000,3724.2000,3726.8000,3727.2000,3727.4000,3727.6000,3727.8000,1,1,1,6,2,1,2,1,1,1
SF,IF2005,2020-04-13 10:15:32.100,3726.0000,10479,0,2413173240.000,0,-,-,-,-,3726.2000,3726.0000,3724.6000,3724.4000,3724.2000,3726.8000,3727.4000,3727.6000,3727.8000,3728.6000,1,2,1,6,2,1,1,1,1,1
SF,IF2005,2020-04-13 10:15:32.600,3726.0000,10479,0,2413173240.000,0,-,-,-,-,3726.2000,3726.0000,3724.6000,3724.4000,3724.2000,3726.8000,3727.4000,3727.6000,3727.8000,3728.2000,1,2,1,6,2,2,1,1,1,2
SF,IF2005,2020-04-13 10:15:33.100,3726.0000,10479,0,2413173240.000,0,-,-,-,-,3726.2000,3726.0000,3724.6000,3724.4000,3724.2000,3726.8000,3727.4000,3727.6000,3727.8000,3728.2000,1,2,1,6,2,2,1,1,1,2
SF,IF2005,2020-04-13 10:15:33.600,3726.0000,10479,0,2413173240.000,0,-,-,-,-,3726.2000,3726.0000,3724.6000,3724.4000,3724.2000,3726.8000,3727.4000,3727.6000,3727.8000,3728.2000,1,2,1,6,2,1,1,1,1,2
SF,IF2005,2020-04-13 10:15:34.100,3726.0000,10479,0,2413173240.000,0,-,-,-,-,3726.2000,3726.0000,3724.6000,3724.4000,3724.2000,3726.8000,3727.4000,3727.6000,3727.8000,3728.2000,1,2,1,6,2,1,1,1,1,2
SF,IF2005,2020-04-13 10:15:34.600,3726.0000,10479,0,2413173240.000,0,-,-,-,-,3726.2000,3726.0000,3724.6000,3724.4000,3724.2000,3726.6000,3726.8000,3727.4000,3727.6000,3727.8000,1,2,1,6,2,5,1,1,1,1
SF,IF2005,2020-04-13 10:15:35.100,3726.0000,10479,0,2413173240.000,0,-,-,-,-,3726.2000,3726.0000,3724.6000,3724.4000,3724.2000,3726.6000,3726.8000,3727.4000,3727.6000,3727.8000,1,2,1,6,2,5,1,1,1,1
SF,IF2005,2020-04-13 10:15:35.600,3726.0000,10479,0,2413173240.000,0,-,-,-,-,3726.2000,3726.0000,3724.6000,3724.4000,3724.2000,3726.6000,3726.8000,3727.4000,3727.6000,3727.8000,1,2,1,6,2,6,1,1,1,1
SF,IF2005,2020-04-13 10:15:36.100,3726.0000,10479,0,2413173240.000,0,-,-,-,-,3726.2000,3726.0000,3724.6000,3724.4000,3724.2000,3726.6000,3726.8000,3727.4000,3727.6000,3727.8000,1,2,1,6,2,5,1,1,1,1
SF,IF2005,2020-04-13 10:15:36.600,3726.0000,10479,0,2413173240.000,0,-,-,-,-,3726.2000,3726.0000,3724.6000,3724.4000,3724.2000,3726.6000,3726.8000,3727.4000,3727.6000,3727.8000,1,2,1,6,2,5,1,1,1,1
SF,IF2005,2020-04-13 10:15:37.100,3726.6000,10479,0,2414291220.000,1,0,1,多换,S,3726.2000,3726.0000,3724.6000,3724.4000,3724.2000,3726.6000,3726.8000,3727.4000,3727.6000,3727.8000,1,2,1,6,2,5,1,1,1,1
SF,IF2005,2020-04-13 10:15:37.600,3726.6000,10479,0,2414291220.000,0,-,-,-,-,3726.2000,3726.0000,3724.6000,3724.4000,3724.2000,3726.6000,3726.8000,3727.4000,3727.6000,3727.8000,1,2,1,6,2,4,1,1,1,1
SF,IF2005,2020-04-13 10:15:38.100,3726.6000,10479,0,2414291220.000,0,-,-,-,-,3726.2000,3726.0000,3724.6000,3724.4000,3724.2000,3726.6000,3726.8000,3727.4000,3727.6000,3727.8000,1,2,1,6,2,4,1,1,1,1
SF,IF2005,2020-04-13 10:15:38.600,3726.6000,10476,-3,2418763140.000,4,0,4,多平,S,3726.2000,3726.0000,3724.6000,3724.4000,3724.2000,3726.8000,3727.4000,3727.6000,3727.8000,3728.2000,1,2,1,6,2,1,1,1,1,2
SF,IF2005,2020-04-13 10:15:39.100,3726.6000,10476,0,2420999160.000,2,1,1,多换,S,3726.4000,3726.2000,3724.6000,3724.4000,3724.2000,3727.4000,3727.8000,3728.2000,3728.6000,3728.8000,3,1,1,6,2,1,1,2,1,1
SF,IF2005,2020-04-13 10:15:39.600,3726.6000,10476,0,2420999160.000,0,-,-,-,-,3726.8000,3726.6000,3726.4000,3724.6000,3724.4000,3727.8000,3728.2000,3728.6000,3728.8000,3729.2000,1,1,3,1,6,1,2,1,1,2
SF,IF2005,2020-04-13 10:15:40.100,3726.6000,10476,0,2420999160.000,0,-,-,-,-,3726.8000,3726.6000,3726.4000,3724.6000,3724.4000,3727.8000,3728.2000,3728.6000,3728.8000,3729.8000,1,2,2,1,6,1,2,1,1,2
SF,IF2005,2020-04-13 10:15:40.600,3726.6000,10476,0,2420999160.000,0,-,-,-,-,3727.2000,3726.6000,3726.4000,3724.6000,3724.4000,3727.8000,3728.2000,3728.6000,3728.8000,3729.8000,1,2,1,1,6,1,2,1,1,2
SF,IF2005,2020-04-13 10:15:41.100,3726.6000,10476,0,2420999160.000,0,-,-,-,-,3727.2000,3726.6000,3726.4000,3724.6000,3724.4000,3727.8000,3728.2000,3728.6000,3728.8000,3729.8000,1,1,1,1,6,1,2,1,1,2
SF,IF2005,2020-04-13 10:15:41.600,3727.8000,10477,1,2422117500.000,1,1,0,双开,S,3726.6000,3726.4000,3724.6000,3724.4000,3724.2000,3728.2000,3728.6000,3728.8000,3729.8000,3730.0000,1,1,1,6,2,2,1,1,2,12
SF,IF2005,2020-04-13 10:15:42.100,3727.8000,10477,0,2422117500.000,0,-,-,-,-,3726.8000,3726.6000,3726.4000,3724.6000,3724.4000,3728.2000,3728.6000,3728.8000,3729.8000,3730.0000,2,1,1,1,6,2,1,1,2,12
SF,IF2005,2020-04-13 10:15:42.600,3727.8000,10477,0,2422117500.000,0,-,-,-,-,3727.0000,3726.8000,3726.4000,3724.6000,3724.4000,3728.0000,3728.2000,3728.6000,3728.8000,3729.8000,1,2,1,1,6,1,2,1,1,2
SF,IF2005,2020-04-13 10:15:43.100,3727.0000,10477,0,2423235600.000,1,0,1,多换,S,3726.8000,3726.4000,3724.6000,3724.4000,3724.2000,3727.8000,3728.0000,3728.2000,3728.6000,3728.8000,2,1,1,6,2,2,7,2,1,1
SF,IF2005,2020-04-13 10:15:43.600,3727.0000,10477,0,2423235600.000,0,-,-,-,-,3726.8000,3726.4000,3724.6000,3724.4000,3724.2000,3727.8000,3728.0000,3728.2000,3728.6000,3728.8000,2,1,1,6,2,7,7,2,1,1
SF,IF2005,2020-04-13 10:15:44.100,3727.0000,10477,0,2423235600.000,0,-,-,-,-,3726.8000,3726.4000,3724.6000,3724.4000,3724.2000,3727.6000,3727.8000,3728.0000,3728.2000,3728.6000,2,1,1,6,2,1,1,7,2,1
SF,IF2005,2020-04-13 10:15:45.600,3727.0000,10477,0,2423235600.000,0,-,-,-,-,3726.8000,3726.4000,3724.6000,3724.4000,3724.2000,3728.0000,3728.2000,3728.6000,3728.8000,3729.8000,2,1,1,6,2,2,2,1,1,2
SF,IF2005,2020-04-13 10:15:46.100,3727.0000,10477,0,2423235600.000,0,-,-,-,-,3727.0000,3726.8000,3724.6000,3724.4000,3724.2000,3728.0000,3728.6000,3728.8000,3729.8000,3730.0000,2,2,1,6,2,1,1,1,2,12
SF,IF2005,2020-04-13 10:15:47.100,3727.0000,10477,0,2423235600.000,0,-,-,-,-,3727.0000,3726.8000,3724.6000,3724.4000,3724.2000,3728.0000,3728.6000,3728.8000,3729.2000,3729.8000,2,2,1,6,2,1,1,1,2,2
SF,IF2005,2020-04-13 10:15:47.600,3727.0000,10477,0,2423235600.000,0,-,-,-,-,3727.0000,3726.8000,3724.6000,3724.4000,3724.2000,3728.0000,3728.6000,3728.8000,3729.2000,3729.8000,1,2,1,6,2,1,1,1,2,2
SF,IF2005,2020-04-13 10:15:48.100,3727.0000,10477,0,2423235600.000,0,-,-,-,-,3727.0000,3726.8000,3724.6000,3724.4000,3724.2000,3727.8000,3728.0000,3728.6000,3728.8000,3729.2000,1,2,1,6,2,1,1,1,1,2
SF,IF2005,2020-04-13 10:15:49.100,3727.0000,10477,0,2423235600.000,0,-,-,-,-,3727.0000,3726.8000,3724.6000,3724.4000,3724.2000,3728.0000,3728.6000,3728.8000,3729.2000,3729.8000,1,2,1,6,2,1,1,1,2,2
SF,IF2005,2020-04-13 10:15:49.600,3727.0000,10477,0,2423235600.000,0,-,-,-,-,3726.8000,3724.6000,3724.4000,3724.2000,3723.8000,3727.8000,3728.0000,3728.6000,3728.8000,3729.2000,2,1,6,2,1,3,1,1,1,2
SF,IF2005,2020-04-13 10:15:50.100,3727.0000,10477,0,2423235600.000,0,-,-,-,-,3726.8000,3724.6000,3724.4000,3724.2000,3723.8000,3727.8000,3728.0000,3728.6000,3728.8000,3729.2000,2,1,6,2,1,1,1,1,1,2
SF,IF2005,2020-04-13 10:15:51.100,3727.0000,10477,0,2423235600.000,0,-,-,-,-,3726.8000,3726.4000,3724.6000,3724.4000,3724.2000,3727.8000,3728.0000,3728.6000,3728.8000,3729.2000,2,1,1,6,2,1,1,1,1,2
SF,IF2005,2020-04-13 10:15:56.100,3727.0000,10477,0,2423235600.000,0,-,-,-,-,3726.8000,3726.4000,3724.6000,3724.4000,3724.2000,3727.6000,3727.8000,3728.0000,3728.6000,3728.8000,2,1,1,6,2,1,1,1,1,1
SF,IF2005,2020-04-13 10:15:56.600,3727.0000,10477,0,2423235600.000,0,-,-,-,-,3726.8000,3726.4000,3724.6000,3724.4000,3724.2000,3727.6000,3727.8000,3728.0000,3728.6000,3728.8000,2,1,1,6,2,2,1,1,1,1
SF,IF2005,2020-04-13 10:15:57.100,3727.0000,10477,0,2423235600.000,0,-,-,-,-,3726.8000,3726.4000,3724.6000,3724.4000,3724.2000,3727.8000,3728.0000,3728.6000,3728.8000,3729.2000,2,1,1,6,2,1,1,1,1,2
SF,IF2005,2020-04-13 10:15:57.600,3727.0000,10477,0,2423235600.000,0,-,-,-,-,3726.8000,3726.4000,3724.6000,3724.4000,3724.2000,3727.8000,3728.0000,3728.6000,3728.8000,3729.2000,2,1,1,6,2,1,1,1,1,2
SF,IF2005,2020-04-13 10:15:58.100,3726.8000,10476,-1,2424353640.000,1,0,1,双平,S,3726.8000,3726.4000,3724.6000,3724.4000,3724.2000,3727.6000,3727.8000,3728.0000,3728.6000,3728.8000,1,1,1,6,2,1,1,1,1,1
SF,IF2005,2020-04-13 10:15:59.100,3726.8000,10476,0,2424353640.000,0,-,-,-,-,3726.8000,3726.4000,3724.6000,3724.4000,3724.2000,3727.6000,3727.8000,3728.6000,3728.8000,3729.2000,1,1,1,6,2,1,1,1,1,2
SF,IF2005,2020-04-13 10:16:00.100,3726.8000,10476,0,2424353640.000,0,-,-,-,-,3726.8000,3726.4000,3724.6000,3724.4000,3724.2000,3727.8000,3728.6000,3728.8000,3729.2000,3729.8000,1,1,1,6,2,1,1,1,2,2
SF,IF2005,2020-04-13 10:16:00.600,3726.8000,10476,0,2424353640.000,0,-,-,-,-,3726.8000,3726.4000,3724.6000,3724.4000,3724.2000,3727.4000,3727.6000,3727.8000,3728.6000,3728.8000,1,1,1,6,2,1,2,1,1,1
SF,IF2005,2020-04-13 10:16:01.100,3726.8000,10476,0,2424353640.000,0,-,-,-,-,3726.8000,3726.4000,3724.6000,3724.4000,3724.2000,3727.6000,3727.8000,3728.6000,3728.8000,3729.8000,1,1,1,6,2,2,1,1,3,2
SF,IF2005,2020-04-13 10:16:01.600,3726.8000,10476,0,2424353640.000,0,-,-,-,-,3726.4000,3724.6000,3724.4000,3724.2000,3723.8000,3727.6000,3727.8000,3728.6000,3728.8000,3729.8000,1,1,6,2,1,2,1,1,3,2
SF,IF2005,2020-04-13 10:16:02.100,3726.8000,10476,0,2424353640.000,0,-,-,-,-,3726.6000,3726.4000,3724.6000,3724.4000,3724.2000,3727.6000,3727.8000,3728.6000,3728.8000,3729.8000,1,1,1,6,2,2,1,1,3,2
SF,IF2005,2020-04-13 10:16:07.600,3726.8000,10476,0,2424353640.000,0,-,-,-,-,3726.6000,3726.4000,3724.6000,3724.4000,3724.2000,3727.4000,3727.6000,3727.8000,3728.6000,3728.8000,1,1,1,6,2,5,2,1,1,3
SF,IF2005,2020-04-13 10:16:08.100,3726.6000,10475,-1,2425471620.000,1,0,1,双平,S,3726.4000,3724.6000,3724.4000,3724.2000,3723.8000,3727.4000,3727.6000,3727.8000,3728.6000,3728.8000,1,1,6,2,1,6,1,1,1,3
SF,IF2005,2020-04-13 10:16:08.600,3726.6000,10475,0,2425471620.000,0,-,-,-,-,3726.4000,3724.6000,3724.4000,3724.2000,3723.8000,3727.4000,3727.6000,3727.8000,3728.6000,3728.8000,1,1,6,2,1,1,1,1,1,3
SF,IF2005,2020-04-13 10:16:10.600,3727.4000,10475,0,2426589840.000,1,0,1,多换,S,3726.6000,3726.4000,3724.6000,3724.4000,3724.2000,3727.6000,3727.8000,3728.6000,3728.8000,3729.8000,3,1,1,6,2,1,1,1,3,2
SF,IF2005,2020-04-13 10:16:11.100,3727.4000,10475,0,2426589840.000,0,-,-,-,-,3726.8000,3726.6000,3726.4000,3724.6000,3724.4000,3728.6000,3728.8000,3729.8000,3730.0000,3730.2000,2,2,1,1,6,1,3,2,12,2
SF,IF2005,2020-04-13 10:16:11.600,3727.4000,10475,0,2426589840.000,0,-,-,-,-,3727.0000,3726.8000,3726.6000,3726.4000,3724.6000,3728.2000,3728.4000,3728.6000,3728.8000,3729.8000,1,2,1,1,1,3,3,1,3,2
SF,IF2005,2020-04-13 10:16:12.100,3727.4000,10475,0,2426589840.000,0,-,-,-,-,3727.2000,3727.0000,3726.8000,3726.4000,3724.6000,3728.4000,3728.6000,3728.8000,3729.8000,3730.0000,1,2,1,1,1,3,1,3,2,12
SF,IF2005,2020-04-13 10:16:13.100,3727.4000,10475,0,2426589840.000,0,-,-,-,-,3727.4000,3727.2000,3727.0000,3726.4000,3724.6000,3728.2000,3728.4000,3728.6000,3728.8000,3729.8000,2,1,2,1,1,5,3,1,3,2
SF,IF2005,2020-04-13 10:16:13.600,3727.4000,10475,0,2426589840.000,0,-,-,-,-,3727.4000,3727.0000,3726.4000,3724.6000,3724.4000,3728.0000,3728.2000,3728.4000,3728.6000,3728.8000,2,2,1,1,6,1,4,2,1,3
SF,IF2005,2020-04-13 10:16:16.100,3727.4000,10475,0,2426589840.000,0,-,-,-,-,3727.4000,3727.0000,3724.6000,3724.4000,3724.2000,3728.0000,3728.2000,3728.4000,3728.6000,3728.8000,2,2,1,6,2,1,4,2,1,3
SF,IF2005,2020-04-13 10:16:16.600,3727.4000,10475,0,2428826280.000,2,1,1,多换,S,3727.0000,3724.6000,3724.4000,3724.2000,3723.8000,3728.0000,3728.2000,3728.4000,3728.6000,3728.8000,2,1,6,2,1,1,4,2,1,3
SF,IF2005,2020-04-13 10:16:18.100,3727.4000,10475,0,2428826280.000,0,-,-,-,-,3727.0000,3724.6000,3724.4000,3724.2000,3723.8000,3728.0000,3728.2000,3728.4000,3728.6000,3728.8000,2,1,6,2,1,2,4,2,1,3
SF,IF2005,2020-04-13 10:16:19.100,3727.4000,10475,0,2428826280.000,0,-,-,-,-,3727.0000,3724.6000,3724.4000,3724.2000,3723.8000,3728.0000,3728.2000,3728.4000,3728.6000,3728.8000,2,1,6,2,1,2,5,2,1,3
SF,IF2005,2020-04-13 10:16:21.600,3728.0000,10475,0,2429944680.000,1,0,1,多换,S,3727.0000,3724.6000,3724.4000,3724.2000,3723.8000,3728.0000,3728.2000,3728.4000,3728.6000,3728.8000,2,1,6,2,1,1,5,2,1,3
SF,IF2005,2020-04-13 10:16:23.600,3728.0000,10475,0,2429944680.000,0,-,-,-,-,3727.0000,3724.6000,3724.4000,3724.2000,3723.8000,3728.0000,3728.2000,3728.4000,3728.6000,3728.8000,2,1,6,2,1,2,5,2,1,3
SF,IF2005,2020-04-13 10:16:26.100,3728.0000,10475,0,2429944680.000,0,-,-,-,-,3727.2000,3727.0000,3724.6000,3724.4000,3724.2000,3728.0000,3728.2000,3728.4000,3728.6000,3728.8000,1,2,1,6,2,2,5,2,1,3
SF,IF2005,2020-04-13 10:16:26.600,3728.0000,10475,0,2429944680.000,0,-,-,-,-,3727.2000,3727.0000,3724.6000,3724.4000,3724.2000,3728.0000,3728.2000,3728.4000,3728.6000,3728.8000,2,2,1,6,2,1,1,2,1,3
SF,IF2005,2020-04-13 10:16:27.100,3728.0000,10474,-1,2431063080.000,1,0,1,双平,S,3727.2000,3727.0000,3724.6000,3724.4000,3724.2000,3728.2000,3728.4000,3728.6000,3728.8000,3729.8000,1,2,1,6,2,1,2,1,3,2
SF,IF2005,2020-04-13 10:16:27.600,3728.0000,10474,0,2431063080.000,0,-,-,-,-,3727.4000,3727.2000,3727.0000,3724.6000,3724.4000,3728.2000,3728.4000,3728.6000,3728.8000,3729.8000,2,1,2,1,6,1,2,1,3,2
SF,IF2005,2020-04-13 10:16:28.100,3728.0000,10474,0,2431063080.000,0,-,-,-,-,3727.6000,3727.4000,3724.6000,3724.4000,3724.2000,3728.2000,3728.6000,3728.8000,3729.8000,3730.0000,1,3,1,6,2,1,1,1,2,12
SF,IF2005,2020-04-13 10:16:28.600,3728.0000,10474,0,2431063080.000,0,-,-,-,-,3727.6000,3727.4000,3724.6000,3724.4000,3724.2000,3728.2000,3728.6000,3728.8000,3729.8000,3730.0000,1,3,1,6,2,1,1,1,4,12
SF,IF2005,2020-04-13 10:16:30.100,3728.0000,10474,0,2431063080.000,0,-,-,-,-,3727.6000,3727.4000,3724.6000,3724.4000,3724.2000,3728.2000,3728.6000,3728.8000,3729.8000,3730.0000,1,3,1,6,2,1,1,1,4,12
SF,IF2005,2020-04-13 10:16:30.600,3728.0000,10474,0,2431063080.000,0,-,-,-,-,3727.6000,3727.4000,3724.6000,3724.4000,3724.2000,3728.2000,3728.6000,3728.8000,3729.8000,3730.0000,1,3,1,6,2,1,1,1,4,12
SF,IF2005,2020-04-13 10:16:31.100,3728.2000,10475,1,2432181540.000,1,1,0,双开,S,3727.8000,3727.6000,3727.4000,3724.6000,3724.4000,3728.6000,3728.8000,3729.8000,3730.0000,3730.4000,1,1,2,1,6,1,1,4,12,1
SF,IF2005,2020-04-13 10:16:31.600,3728.2000,10475,0,2432181540.000,0,-,-,-,-,3728.0000,3727.8000,3727.4000,3724.6000,3724.4000,3728.6000,3728.8000,3729.8000,3730.0000,3730.4000,1,1,1,1,6,1,1,4,12,1
SF,IF2005,2020-04-13 10:16:32.100,3728.6000,10476,1,2433300120.000,1,1,0,双开,S,3728.6000,3728.0000,3727.8000,3727.4000,3724.6000,3728.8000,3729.8000,3730.0000,3730.4000,3731.0000,1,2,1,1,1,1,4,12,1,3
SF,IF2005,2020-04-13 10:16:32.600,3728.6000,10476,0,2433300120.000,0,-,-,-,-,3728.6000,3728.2000,3728.0000,3727.4000,3724.6000,3728.8000,3729.8000,3730.0000,3731.0000,3731.2000,1,1,2,1,1,1,4,12,3,2
SF,IF2005,2020-04-13 10:16:33.100,3728.8000,10477,1,2434418760.000,1,1,0,双开,S,3728.2000,3728.0000,3727.4000,3724.6000,3724.4000,3729.8000,3730.0000,3731.0000,3731.2000,3731.4000,1,1,1,1,6,4,12,3,2,2
SF,IF2005,2020-04-13 10:16:33.600,3728.8000,10477,0,2434418760.000,0,-,-,-,-,3728.8000,3728.4000,3728.2000,3728.0000,3724.6000,3729.6000,3729.8000,3730.0000,3731.0000,3731.2000,1,2,1,1,1,7,4,12,3,2
SF,IF2005,2020-04-13 10:16:34.100,3728.8000,10477,0,2434418760.000,0,-,-,-,-,3728.8000,3728.6000,3728.4000,3728.2000,3724.6000,3729.6000,3729.8000,3730.0000,3731.0000,3731.4000,1,1,3,1,1,2,4,12,1,2
SF,IF2005,2020-04-13 10:16:34.600,3728.8000,10477,0,2434418760.000,0,-,-,-,-,3729.2000,3728.6000,3728.4000,3728.2000,3724.6000,3729.6000,3729.8000,3730.0000,3731.0000,3731.4000,1,1,2,1,1,2,4,12,1,2
SF,IF2005,2020-04-13 10:16:35.100,3729.2000,10478,1,2435537520.000,1,1,0,双开,S,3728.6000,3728.4000,3728.2000,3724.6000,3724.4000,3729.6000,3729.8000,3730.0000,3731.0000,3731.4000,1,2,1,1,6,2,4,12,1,2
SF,IF2005,2020-04-13 10:16:35.600,3729.2000,10478,0,2435537520.000,0,-,-,-,-,3728.6000,3728.4000,3728.2000,3724.6000,3724.4000,3729.2000,3729.6000,3729.8000,3730.0000,3731.0000,1,1,1,1,6,1,2,3,12,1
SF,IF2005,2020-04-13 10:16:36.100,3729.2000,10478,0,2435537520.000,0,-,-,-,-,3728.6000,3728.4000,3728.2000,3724.6000,3724.4000,3729.2000,3729.6000,3729.8000,3730.0000,3730.4000,1,1,1,1,6,1,2,3,12,2
SF,IF2005,2020-04-13 10:16:36.600,3729.2000,10478,0,2435537520.000,0,-,-,-,-,3728.6000,3728.4000,3724.6000,3724.4000,3724.2000,3729.2000,3729.6000,3729.8000,3730.0000,3730.4000,1,1,1,6,2,1,2,3,12,2
SF,IF2005,2020-04-13 10:16:37.100,3729.2000,10478,0,2435537520.000,0,-,-,-,-,3728.6000,3724.6000,3724.4000,3724.2000,3723.8000,3729.2000,3729.6000,3729.8000,3730.0000,3730.4000,1,1,6,2,1,1,2,3,12,2
SF,IF2005,2020-04-13 10:16:37.600,3728.6000,10477,-1,2436656100.000,1,0,1,双平,S,3724.6000,3724.4000,3724.2000,3723.8000,3723.6000,3729.2000,3729.6000,3729.8000,3730.0000,3730.4000,1,6,2,1,4,1,2,3,12,2
SF,IF2005,2020-04-13 10:16:38.100,3728.6000,10477,0,2436656100.000,0,-,-,-,-,3727.6000,3727.4000,3727.2000,3726.8000,3726.6000,3729.0000,3729.2000,3729.8000,3730.0000,3730.4000,2,1,1,1,2,6,1,3,12,2
SF,IF2005,2020-04-13 10:16:38.600,3729.0000,10477,0,2437774800.000,1,0,1,多换,S,3728.2000,3728.0000,3727.8000,3727.4000,3726.8000,3729.0000,3729.2000,3729.8000,3730.0000,3730.4000,1,3,3,1,1,2,1,3,12,2
SF,IF2005,2020-04-13 10:16:39.100,3729.0000,10477,0,2437774800.000,0,-,-,-,-,3728.2000,3728.0000,3727.8000,3727.4000,3726.8000,3729.0000,3729.2000,3729.8000,3730.0000,3730.4000,1,2,2,1,1,2,1,2,12,2
SF,IF2005,2020-04-13 10:16:39.600,3729.0000,10477,0,2437774800.000,0,-,-,-,-,3728.2000,3728.0000,3727.8000,3727.4000,3726.8000,3729.0000,3729.2000,3729.8000,3730.0000,3730.4000,1,2,1,1,1,2,1,2,12,2
SF,IF2005,2020-04-13 10:16:40.100,3729.0000,10477,0,2437774800.000,0,-,-,-,-,3728.0000,3727.8000,3726.8000,3726.6000,3726.4000,3729.0000,3729.2000,3729.8000,3730.0000,3730.4000,2,1,1,1,1,2,1,2,12,2
SF,IF2005,2020-04-13 10:16:41.100,3729.0000,10477,0,2437774800.000,0,-,-,-,-,3728.0000,3727.8000,3726.8000,3726.6000,3726.4000,3729.0000,3729.8000,3730.0000,3730.4000,3731.0000,2,1,1,1,1,2,2,12,2,1
SF,IF2005,2020-04-13 10:16:45.100,3729.0000,10477,0,2438893500.000,1,0,1,多换,S,3728.4000,3728.2000,3728.0000,3727.8000,3726.8000,3729.0000,3729.8000,3730.0000,3730.4000,3731.0000,1,1,2,1,1,1,2,12,2,1
SF,IF2005,2020-04-13 10:16:45.600,3729.0000,10477,0,2438893500.000,0,-,-,-,-,3728.2000,3728.0000,3727.8000,3726.8000,3726.6000,3729.0000,3729.8000,3730.0000,3730.4000,3731.0000,1,2,1,1,1,1,2,12,2,1
SF,IF2005,2020-04-13 10:16:46.100,3729.0000,10477,0,2440012200.000,1,0,1,多换,S,3728.4000,3728.2000,3728.0000,3726.8000,3726.6000,3729.8000,3730.0000,3730.4000,3731.0000,3731.4000,2,1,1,1,1,2,12,2,1,2
SF,IF2005,2020-04-13 10:16:46.600,3729.0000,10477,0,2440012200.000,0,-,-,-,-,3728.4000,3728.2000,3728.0000,3726.8000,3726.6000,3729.6000,3729.8000,3730.0000,3730.4000,3731.0000,2,1,1,1,1,1,2,12,2,1
SF,IF2005,2020-04-13 10:16:47.100,3729.0000,10477,0,2440012200.000,0,-,-,-,-,3728.4000,3728.2000,3726.8000,3726.6000,3726.4000,3729.6000,3729.8000,3730.0000,3730.4000,3731.0000,2,1,1,1,1,1,2,12,2,1
SF,IF2005,2020-04-13 10:16:47.600,3729.0000,10477,0,2440012200.000,0,-,-,-,-,3728.4000,3728.2000,3726.8000,3726.6000,3726.4000,3729.4000,3729.6000,3729.8000,3730.0000,3730.4000,2,1,1,1,1,1,1,2,12,2
SF,IF2005,2020-04-13 10:16:49.100,3729.0000,10477,0,2440012200.000,0,-,-,-,-,3728.4000,3728.2000,3726.8000,3726.6000,3726.4000,3729.4000,3729.6000,3729.8000,3730.0000,3730.4000,2,1,1,1,1,1,1,2,12,2
SF,IF2005,2020-04-13 10:16:50.600,3728.4000,10476,-1,2441130720.000,1,0,1,双平,S,3728.4000,3728.2000,3726.8000,3726.6000,3726.4000,3729.4000,3729.6000,3729.8000,3730.0000,3730.4000,1,1,1,1,1,1,1,2,12,2
SF,IF2005,2020-04-13 10:16:52.100,3728.4000,10475,-1,2442249240.000,1,0,1,双平,S,3728.2000,3726.8000,3726.6000,3726.4000,3726.0000,3729.2000,3729.4000,3729.6000,3729.8000,3730.0000,1,1,1,1,1,3,1,1,2,12
SF,IF2005,2020-04-13 10:16:52.600,3728.2000,10475,0,2443367700.000,1,0,1,多换,S,3726.8000,3726.6000,3726.4000,3726.0000,3725.8000,3729.6000,3729.8000,3730.0000,3730.4000,3731.0000,1,1,1,1,1,1,2,12,2,1
SF,IF2005,2020-04-13 10:16:53.100,3728.2000,10475,0,2443367700.000,0,-,-,-,-,3728.0000,3727.8000,3727.2000,3727.0000,3726.8000,3729.4000,3729.6000,3729.8000,3730.0000,3730.4000,1,1,3,5,1,2,1,2,12,2
SF,IF2005,2020-04-13 10:16:53.600,3728.2000,10475,0,2443367700.000,0,-,-,-,-,3728.0000,3727.8000,3727.2000,3727.0000,3726.8000,3729.2000,3729.4000,3729.8000,3730.0000,3730.4000,1,1,3,6,1,1,2,2,12,2
SF,IF2005,2020-04-13 10:16:55.100,3728.2000,10475,0,2443367700.000,0,-,-,-,-,3728.4000,3728.2000,3728.0000,3727.2000,3727.0000,3729.2000,3729.4000,3729.8000,3730.0000,3730.4000,1,2,1,2,6,1,2,2,12,2
SF,IF2005,2020-04-13 10:16:55.600,3728.2000,10475,0,2443367700.000,0,-,-,-,-,3728.4000,3728.2000,3728.0000,3727.2000,3727.0000,3729.4000,3729.8000,3730.0000,3730.4000,3731.0000,1,2,1,2,6,2,2,12,2,1
SF,IF2005,2020-04-13 10:16:56.100,3728.2000,10474,-1,2444486160.000,1,0,1,双平,S,3728.6000,3728.2000,3727.2000,3727.0000,3726.8000,3729.4000,3729.8000,3730.0000,3730.4000,3731.0000,1,1,2,6,1,2,2,12,2,1
SF,IF2005,2020-04-13 10:16:58.600,3728.2000,10474,0,2444486160.000,0,-,-,-,-,3728.6000,3727.2000,3727.0000,3726.8000,3726.6000,3729.4000,3729.8000,3730.0000,3730.4000,3731.0000,1,2,6,1,1,2,2,12,2,1
SF,IF2005,2020-04-13 10:17:00.100,3728.2000,10473,-1,2445604620.000,1,0,1,双平,S,3727.2000,3727.0000,3726.8000,3726.6000,3726.4000,3729.4000,3729.8000,3730.0000,3730.4000,3731.0000,2,6,1,1,1,2,2,12,2,1
SF,IF2005,2020-04-13 10:17:00.600,3728.2000,10473,0,2445604620.000,0,-,-,-,-,3728.0000,3727.6000,3727.4000,3727.2000,3727.0000,3729.2000,3729.4000,3729.8000,3730.0000,3730.4000,1,2,3,3,4,1,2,2,12,2
SF,IF2005,2020-04-13 10:17:01.100,3729.2000,10473,0,2446723380.000,1,0,1,多换,S,3728.2000,3728.0000,3727.6000,3727.4000,3727.2000,3729.4000,3729.8000,3730.0000,3730.4000,3731.0000,1,1,3,3,3,2,2,12,2,1
SF,IF2005,2020-04-13 10:17:01.600,3729.2000,10473,0,2446723380.000,0,-,-,-,-,3728.4000,3728.2000,3727.6000,3727.4000,3727.2000,3729.4000,3729.8000,3730.0000,3730.4000,3731.0000,1,1,1,3,3,2,2,12,2,1
SF,IF2005,2020-04-13 10:17:02.100,3729.4000,10473,0,2447842200.000,1,0,1,多换,S,3728.6000,3728.4000,3727.6000,3727.4000,3727.2000,3729.8000,3730.0000,3730.4000,3731.0000,3731.4000,2,2,1,3,3,2,12,2,1,2
SF,IF2005,2020-04-13 10:17:02.600,3729.4000,10473,0,2447842200.000,0,-,-,-,-,3728.6000,3728.4000,3727.6000,3727.4000,3727.2000,3729.8000,3730.0000,3730.4000,3731.0000,3731.4000,2,1,1,3,3,2,12,2,1,1
SF,IF2005,2020-04-13 10:17:03.600,3729.4000,10473,0,2447842200.000,0,-,-,-,-,3728.6000,3728.4000,3727.6000,3727.4000,3727.2000,3729.8000,3730.0000,3730.4000,3731.0000,3731.4000,1,1,1,3,3,2,12,2,1,1
SF,IF2005,2020-04-13 10:17:04.100,3729.4000,10473,0,2447842200.000,0,-,-,-,-,3728.8000,3728.6000,3728.4000,3727.6000,3727.4000,3729.8000,3730.0000,3730.4000,3731.0000,3731.4000,2,1,1,1,3,2,12,2,1,1
SF,IF2005,2020-04-13 10:17:04.600,3729.4000,10473,0,2447842200.000,0,-,-,-,-,3728.6000,3728.4000,3727.6000,3727.4000,3727.2000,3729.6000,3729.8000,3730.0000,3730.4000,3731.0000,1,1,1,3,3,3,2,12,2,1
SF,IF2005,2020-04-13 10:17:05.100,3729.4000,10473,0,2447842200.000,0,-,-,-,-,3728.6000,3728.4000,3727.6000,3727.4000,3727.2000,3729.6000,3729.8000,3730.0000,3730.4000,3731.0000,1,1,1,3,3,3,2,12,2,1
SF,IF2005,2020-04-13 10:17:05.600,3729.4000,10473,0,2447842200.000,0,-,-,-,-,3728.6000,3728.4000,3727.6000,3727.4000,3727.2000,3729.2000,3729.4000,3729.6000,3729.8000,3730.0000,1,1,1,3,3,1,1,1,2,12
SF,IF2005,2020-04-13 10:17:06.100,3728.6000,10472,-1,2448960780.000,1,0,1,双平,S,3727.6000,3727.4000,3727.2000,3727.0000,3726.8000,3729.2000,3729.4000,3729.8000,3730.0000,3730.4000,1,2,3,3,1,2,6,2,12,2
SF,IF2005,2020-04-13 10:17:06.600,3728.6000,10472,0,2448960780.000,0,-,-,-,-,3727.8000,3727.6000,3727.4000,3727.2000,3727.0000,3729.0000,3729.2000,3729.4000,3729.8000,3730.0000,2,1,2,3,3,1,2,6,2,12
SF,IF2005,2020-04-13 10:17:07.100,3728.6000,10472,0,2448960780.000,0,-,-,-,-,3727.8000,3727.6000,3727.4000,3727.2000,3727.0000,3729.0000,3729.2000,3729.4000,3729.8000,3730.0000,2,1,2,1,3,1,2,6,2,12
SF,IF2005,2020-04-13 10:17:07.600,3728.6000,10472,0,2448960780.000,0,-,-,-,-,3727.8000,3727.6000,3727.4000,3727.2000,3727.0000,3728.8000,3729.0000,3729.2000,3729.4000,3729.8000,2,1,2,1,3,2,1,1,1,2
SF,IF2005,2020-04-13 10:17:08.100,3728.6000,10472,0,2448960780.000,0,-,-,-,-,3727.8000,3727.6000,3727.4000,3727.2000,3727.0000,3728.8000,3729.0000,3729.2000,3729.4000,3729.8000,2,1,1,1,3,1,1,1,1,2
SF,IF2005,2020-04-13 10:17:09.100,3728.6000,10473,1,2450079360.000,1,1,0,双开,S,3727.8000,3727.6000,3727.4000,3727.2000,3727.0000,3728.8000,3729.0000,3729.2000,3729.4000,3729.8000,2,1,1,1,3,1,1,1,1,2
SF,IF2005,2020-04-13 10:17:09.600,3728.6000,10473,0,2450079360.000,0,-,-,-,-,3727.8000,3727.6000,3727.4000,3727.0000,3726.8000,3728.8000,3729.0000,3729.2000,3729.4000,3729.8000,2,1,1,3,1,1,1,1,1,2
SF,IF2005,2020-04-13 10:17:10.100,3728.8000,10473,0,2451198000.000,1,0,1,多换,S,3727.8000,3727.6000,3727.4000,3726.8000,3726.4000,3729.0000,3729.2000,3729.4000,3729.8000,3730.0000,2,1,1,1,1,1,1,1,2,12
SF,IF2005,2020-04-13 10:17:11.100,3729.0000,10473,0,2452316700.000,1,0,1,多换,S,3728.0000,3727.8000,3727.6000,3727.4000,3726.8000,3729.2000,3729.4000,3729.8000,3730.0000,3730.4000,3,2,1,1,1,1,1,2,12,2
SF,IF2005,2020-04-13 10:17:11.600,3729.0000,10473,0,2452316700.000,0,-,-,-,-,3728.2000,3728.0000,3727.8000,3727.6000,3727.4000,3729.2000,3729.4000,3729.8000,3730.0000,3730.4000,1,3,1,1,1,1,1,2,12,2
SF,IF2005,2020-04-13 10:17:12.100,3729.0000,10473,0,2452316700.000,0,-,-,-,-,3728.2000,3728.0000,3727.8000,3727.6000,3727.4000,3729.2000,3729.4000,3729.8000,3730.0000,3730.4000,1,1,1,1,1,1,1,2,12,2
SF,IF2005,2020-04-13 10:17:13.600,3729.0000,10474,1,2456791260.000,4,2,2,空开,S,3728.0000,3727.8000,3727.6000,3727.4000,3726.8000,3729.0000,3729.2000,3729.4000,3729.8000,3730.0000,1,1,1,1,1,3,1,1,2,12
SF,IF2005,2020-04-13 10:17:14.100,3729.0000,10474,0,2456791260.000,0,-,-,-,-,3728.0000,3727.8000,3727.4000,3726.0000,3725.8000,3728.8000,3729.0000,3729.2000,3729.8000,3730.0000,1,1,1,2,1,1,3,1,2,12
SF,IF2005,2020-04-13 10:17:14.600,3729.0000,10474,0,2456791260.000,0,-,-,-,-,3728.0000,3727.8000,3727.4000,3726.0000,3725.8000,3728.8000,3729.0000,3729.8000,3730.0000,3730.4000,1,1,1,2,1,2,3,2,12,2
SF,IF2005,2020-04-13 10:17:15.100,3729.0000,10474,0,2456791260.000,0,-,-,-,-,3726.0000,3725.6000,3725.2000,3725.0000,3724.8000,3728.0000,3728.8000,3729.0000,3729.8000,3730.0000,2,1,1,1,8,1,2,3,2,12
SF,IF2005,2020-04-13 10:17:15.600,3728.8000,10475,1,2457909900.000,1,1,0,双开,S,3727.0000,3726.2000,3726.0000,3725.6000,3725.2000,3728.8000,3729.0000,3729.8000,3730.0000,3730.4000,3,7,2,1,1,1,3,2,12,2
SF,IF2005,2020-04-13 10:17:16.100,3728.8000,10475,0,2457909900.000,0,-,-,-,-,3727.2000,3727.0000,3726.2000,3725.6000,3725.2000,3728.4000,3728.6000,3728.8000,3729.0000,3729.8000,1,3,2,1,1,1,1,1,3,2
SF,IF2005,2020-04-13 10:17:16.600,3728.8000,10475,0,2457909900.000,0,-,-,-,-,3727.2000,3727.0000,3726.2000,3725.6000,3725.2000,3728.4000,3728.6000,3728.8000,3729.0000,3729.4000,1,3,2,1,1,1,6,1,3,2
SF,IF2005,2020-04-13 10:17:17.100,3728.8000,10475,0,2457909900.000,0,-,-,-,-,3727.2000,3727.0000,3726.2000,3725.6000,3725.2000,3728.2000,3728.4000,3728.6000,3729.0000,3729.4000,1,3,2,1,1,1,1,6,3,2
SF,IF2005,2020-04-13 10:17:17.600,3728.4000,10475,0,2459028420.000,1,0,1,多换,S,3727.4000,3727.2000,3727.0000,3726.2000,3725.6000,3728.4000,3728.6000,3729.0000,3729.4000,3729.8000,1,1,2,2,1,1,6,3,2,2
SF,IF2005,2020-04-13 10:17:18.100,3728.4000,10475,0,2459028420.000,0,-,-,-,-,3727.4000,3727.2000,3727.0000,3726.2000,3725.6000,3728.2000,3728.4000,3728.6000,3729.0000,3729.4000,1,1,2,2,1,2,1,6,3,2
SF,IF2005,2020-04-13 10:17:18.600,3728.4000,10475,0,2459028420.000,0,-,-,-,-,3727.4000,3727.2000,3727.0000,3726.2000,3725.6000,3728.4000,3728.6000,3729.0000,3729.4000,3729.8000,1,1,2,2,1,1,6,3,2,2
SF,IF2005,2020-04-13 10:17:19.100,3728.4000,10475,0,2459028420.000,0,-,-,-,-,3727.6000,3727.4000,3727.0000,3726.2000,3725.6000,3728.4000,3729.0000,3729.4000,3729.8000,3730.0000,2,1,2,2,1,1,3,2,2,12
SF,IF2005,2020-04-13 10:17:19.600,3728.4000,10475,0,2459028420.000,0,-,-,-,-,3727.6000,3727.4000,3727.0000,3726.2000,3725.6000,3728.4000,3729.0000,3729.4000,3729.8000,3730.0000,1,1,2,2,1,1,3,2,2,12
SF,IF2005,2020-04-13 10:17:20.100,3728.4000,10475,0,2459028420.000,0,-,-,-,-,3727.6000,3727.4000,3727.0000,3726.2000,3725.6000,3728.4000,3729.0000,3729.4000,3729.8000,3730.0000,1,1,1,2,1,1,3,2,2,12
SF,IF2005,2020-04-13 10:17:21.600,3728.4000,10475,0,2459028420.000,0,-,-,-,-,3727.6000,3727.4000,3727.0000,3726.2000,3725.6000,3728.4000,3729.0000,3729.4000,3729.8000,3730.0000,1,1,1,2,1,1,3,2,2,12
SF,IF2005,2020-04-13 10:17:22.100,3728.4000,10475,0,2459028420.000,0,-,-,-,-,3727.6000,3727.4000,3727.0000,3726.2000,3725.6000,3728.4000,3729.0000,3729.4000,3729.8000,3730.0000,1,1,1,2,1,1,3,2,2,12
SF,IF2005,2020-04-13 10:17:22.600,3728.4000,10475,0,2459028420.000,0,-,-,-,-,3727.6000,3727.4000,3727.0000,3726.2000,3725.6000,3728.4000,3729.0000,3729.4000,3729.8000,3730.0000,1,1,1,2,1,1,3,2,2,12
SF,IF2005,2020-04-13 10:17:23.100,3728.4000,10475,0,2459028420.000,0,-,-,-,-,3727.6000,3727.4000,3727.0000,3726.2000,3725.6000,3728.4000,3729.0000,3729.4000,3729.8000,3730.0000,1,1,1,2,1,1,3,2,2,12
SF,IF2005,2020-04-13 10:17:23.600,3728.4000,10475,0,2459028420.000,0,-,-,-,-,3727.8000,3727.6000,3727.0000,3726.2000,3725.6000,3729.0000,3729.4000,3729.8000,3730.0000,3731.4000,1,1,1,2,1,3,2,2,12,1
SF,IF2005,2020-04-13 10:17:24.100,3728.4000,10475,0,2459028420.000,0,-,-,-,-,3728.0000,3727.8000,3726.2000,3725.6000,3725.2000,3729.0000,3729.4000,3729.8000,3730.0000,3731.4000,1,1,2,1,1,4,2,2,12,1
SF,IF2005,2020-04-13 10:17:24.600,3728.4000,10475,0,2459028420.000,0,-,-,-,-,3728.2000,3728.0000,3726.2000,3725.6000,3725.2000,3729.0000,3729.4000,3729.8000,3730.0000,3731.4000,1,2,2,1,1,3,2,2,12,1
SF,IF2005,2020-04-13 10:17:25.100,3728.4000,10475,0,2459028420.000,0,-,-,-,-,3728.2000,3728.0000,3726.2000,3725.6000,3725.2000,3728.8000,3729.0000,3729.4000,3729.8000,3730.0000,1,1,2,1,1,1,3,2,2,12
SF,IF2005,2020-04-13 10:17:25.600,3728.0000,10474,-1,2461265280.000,2,0,2,多平,S,3726.2000,3725.6000,3725.2000,3725.0000,3724.8000,3728.8000,3729.0000,3729.4000,3729.8000,3730.0000,2,1,1,1,6,4,3,2,2,12
SF,IF2005,2020-04-13 10:17:26.100,3728.0000,10474,0,2461265280.000,0,-,-,-,-,3727.0000,3726.8000,3726.6000,3726.4000,3726.2000,3728.4000,3728.6000,3728.8000,3729.0000,3729.4000,2,1,3,2,4,1,2,2,3,2
SF,IF2005,2020-04-13 10:17:26.600,3728.0000,10474,0,2461265280.000,0,-,-,-,-,3727.2000,3727.0000,3726.8000,3726.6000,3726.4000,3728.2000,3728.4000,3728.6000,3728.8000,3729.0000,1,2,1,4,2,1,1,1,2,3
SF,IF2005,2020-04-13 10:17:27.100,3727.2000,10473,-1,2462383440.000,1,0,1,双平,S,3727.0000,3726.8000,3726.6000,3726.4000,3726.2000,3728.4000,3728.6000,3728.8000,3729.0000,3729.4000,2,1,2,2,4,1,1,2,3,2
SF,IF2005,2020-04-13 10:17:27.600,3727.2000,10473,0,2462383440.000,0,-,-,-,-,3727.0000,3726.8000,3726.6000,3726.4000,3726.2000,3728.2000,3728.4000,3728.6000,3728.8000,3729.0000,2,1,2,2,4,1,2,1,2,3
SF,IF2005,2020-04-13 10:17:28.100,3727.2000,10473,0,2462383440.000,0,-,-,-,-,3727.0000,3726.8000,3726.6000,3726.4000,3726.2000,3728.2000,3728.4000,3728.8000,3729.0000,3729.4000,2,1,2,2,4,1,1,1,3,2
SF,IF2005,2020-04-13 10:17:28.600,3727.2000,10473,0,2462383440.000,0,-,-,-,-,3727.0000,3726.8000,3726.6000,3726.4000,3726.2000,3728.2000,3728.4000,3728.8000,3729.0000,3729.4000,2,1,1,2,4,2,1,1,3,2
SF,IF2005,2020-04-13 10:17:29.100,3727.2000,10473,0,2462383440.000,0,-,-,-,-,3727.0000,3726.8000,3726.6000,3726.4000,3726.2000,3728.2000,3728.4000,3728.8000,3729.0000,3729.4000,2,1,1,2,4,1,1,1,3,2
SF,IF2005,2020-04-13 10:17:29.600,3727.2000,10473,0,2462383440.000,0,-,-,-,-,3727.0000,3726.8000,3726.6000,3726.4000,3726.2000,3728.2000,3728.4000,3728.8000,3729.0000,3729.4000,2,1,1,2,4,1,1,1,3,2
SF,IF2005,2020-04-13 10:17:30.100,3727.0000,10472,-1,2463501540.000,1,0,1,双平,S,3727.0000,3726.8000,3726.6000,3726.4000,3726.2000,3728.2000,3728.4000,3728.8000,3729.0000,3729.4000,1,1,1,2,4,1,1,1,3,2
SF,IF2005,2020-04-13 10:17:30.600,3727.0000,10472,0,2463501540.000,0,-,-,-,-,3727.0000,3726.8000,3726.6000,3726.4000,3726.2000,3728.2000,3728.4000,3728.8000,3729.0000,3729.4000,1,1,1,2,4,1,1,1,3,2
SF,IF2005,2020-04-13 10:17:31.100,3727.0000,10472,0,2463501540.000,0,-,-,-,-,3727.0000,3726.8000,3726.6000,3726.4000,3726.2000,3728.2000,3728.4000,3728.8000,3729.0000,3729.4000,1,1,1,2,4,1,1,1,3,2
SF,IF2005,2020-04-13 10:17:31.600,3727.0000,10472,0,2463501540.000,0,-,-,-,-,3727.0000,3726.8000,3726.6000,3726.4000,3726.2000,3728.2000,3728.4000,3728.8000,3729.0000,3729.4000,1,1,1,2,4,1,1,1,3,2
SF,IF2005,2020-04-13 10:17:32.100,3727.0000,10472,0,2463501540.000,0,-,-,-,-,3727.0000,3726.8000,3726.6000,3726.4000,3726.2000,3728.0000,3728.2000,3728.8000,3729.0000,3729.4000,1,1,1,2,2,4,2,1,3,2
SF,IF2005,2020-04-13 10:17:32.600,3727.8000,10471,-1,2464619880.000,1,0,1,双平,S,3727.0000,3726.6000,3726.4000,3726.2000,3725.6000,3727.8000,3728.0000,3728.8000,3729.0000,3729.4000,1,1,1,2,1,1,5,1,3,2
SF,IF2005,2020-04-13 10:17:33.100,3727.8000,10471,0,2464619880.000,0,-,-,-,-,3727.0000,3726.4000,3726.2000,3725.0000,3724.8000,3727.8000,3728.0000,3728.8000,3729.4000,3729.8000,1,1,2,1,5,1,5,1,2,2
SF,IF2005,2020-04-13 10:17:33.600,3727.6000,10470,-1,2466856260.000,2,0,2,多平,S,3726.4000,3726.2000,3724.8000,3724.6000,3723.8000,3727.6000,3727.8000,3728.0000,3728.8000,3729.4000,1,2,5,1,1,1,1,4,1,2
SF,IF2005,2020-04-13 10:17:34.100,3727.6000,10470,0,2466856260.000,0,-,-,-,-,3726.2000,3724.8000,3724.6000,3723.8000,3723.6000,3727.4000,3727.6000,3727.8000,3728.0000,3728.8000,1,3,1,1,4,1,7,1,3,1
SF,IF2005,2020-04-13 10:17:34.600,3727.6000,10470,0,2466856260.000,0,-,-,-,-,3726.4000,3726.2000,3724.8000,3724.6000,3723.8000,3727.4000,3727.6000,3727.8000,3728.0000,3728.6000,3,1,3,1,1,1,2,1,3,2
SF,IF2005,2020-04-13 10:17:35.100,3727.6000,10470,0,2466856260.000,0,-,-,-,-,3726.4000,3726.2000,3724.8000,3724.6000,3723.8000,3727.4000,3727.6000,3727.8000,3728.0000,3728.6000,3,1,3,1,1,1,2,1,3,2
SF,IF2005,2020-04-13 10:17:35.600,3727.4000,10470,0,2467974480.000,1,0,1,多换,S,3726.4000,3726.2000,3724.8000,3724.6000,3723.8000,3727.4000,3727.6000,3727.8000,3728.0000,3728.6000,1,1,3,1,1,1,2,1,3,2
SF,IF2005,2020-04-13 10:17:36.100,3727.4000,10470,0,2467974480.000,0,-,-,-,-,3726.4000,3726.2000,3724.8000,3724.6000,3723.8000,3727.6000,3727.8000,3728.0000,3728.6000,3728.8000,1,1,3,1,1,2,1,3,2,1
SF,IF2005,2020-04-13 10:17:36.600,3727.4000,10470,0,2467974480.000,0,-,-,-,-,3726.4000,3726.2000,3724.8000,3724.6000,3723.8000,3727.2000,3727.4000,3727.6000,3727.8000,3728.0000,1,1,2,1,1,1,4,1,1,3
SF,IF2005,2020-04-13 10:17:37.100,3727.4000,10470,0,2467974480.000,0,-,-,-,-,3726.4000,3726.2000,3724.8000,3724.6000,3723.8000,3727.2000,3727.4000,3727.6000,3727.8000,3728.0000,1,1,2,1,1,1,4,1,1,3
SF,IF2005,2020-04-13 10:17:37.600,3727.2000,10470,0,2469092640.000,1,0,1,多换,S,3726.4000,3726.2000,3724.8000,3724.6000,3723.8000,3727.4000,3727.6000,3727.8000,3728.0000,3728.6000,1,1,2,1,1,1,1,1,3,2
SF,IF2005,2020-04-13 10:17:38.100,3727.2000,10470,0,2469092640.000,0,-,-,-,-,3726.4000,3726.2000,3724.8000,3724.6000,3723.8000,3727.4000,3727.6000,3727.8000,3728.0000,3728.6000,1,1,2,1,1,1,1,1,2,2
SF,IF2005,2020-04-13 10:17:38.600,3727.2000,10470,0,2469092640.000,0,-,-,-,-,3726.4000,3726.2000,3724.8000,3724.6000,3723.8000,3727.4000,3727.6000,3727.8000,3728.0000,3728.6000,1,1,2,1,1,1,1,1,2,2
SF,IF2005,2020-04-13 10:17:39.100,3727.2000,10470,0,2469092640.000,0,-,-,-,-,3726.4000,3726.2000,3724.8000,3724.6000,3723.8000,3727.4000,3727.6000,3727.8000,3728.0000,3728.6000,1,1,2,1,1,1,1,1,2,2
SF,IF2005,2020-04-13 10:17:39.600,3727.2000,10470,0,2470210800.000,1,0,1,多换,S,3726.4000,3724.8000,3724.6000,3723.8000,3723.6000,3727.2000,3727.4000,3727.8000,3728.0000,3728.6000,1,1,1,1,4,4,1,1,2,2
SF,IF2005,2020-04-13 10:17:40.100,3727.2000,10470,0,2470210800.000,0,-,-,-,-,3726.4000,3724.8000,3724.6000,3723.8000,3723.6000,3727.2000,3727.4000,3727.8000,3728.0000,3728.6000,1,1,1,1,4,4,1,1,2,2
SF,IF2005,2020-04-13 10:17:40.600,3726.4000,10469,-1,2471328720.000,1,0,1,双平,S,3724.8000,3724.6000,3723.8000,3723.6000,3723.2000,3726.4000,3726.8000,3727.2000,3727.4000,3727.8000,1,1,1,4,2,1,4,4,1,1
SF,IF2005,2020-04-13 10:17:41.100,3726.4000,10470,1,2474682480.000,3,2,1,空开,S,3725.8000,3725.6000,3725.0000,3724.8000,3724.6000,3727.2000,3727.4000,3728.2000,3728.8000,3729.8000,2,1,3,1,1,1,1,2,1,2
SF,IF2005,2020-04-13 10:17:41.600,3727.2000,10471,1,2476918560.000,2,1,1,空开,S,3726.2000,3726.0000,3725.6000,3725.0000,3724.8000,3727.4000,3728.2000,3728.8000,3729.8000,3730.0000,2,1,1,3,1,1,2,1,2,12
SF,IF2005,2020-04-13 10:17:42.100,3727.2000,10471,0,2476918560.000,0,-,-,-,-,3726.2000,3726.0000,3725.0000,3724.8000,3724.6000,3727.4000,3728.2000,3728.8000,3729.8000,3730.0000,3,2,3,1,1,1,2,1,2,12
SF,IF2005,2020-04-13 10:17:42.600,3727.2000,10471,0,2476918560.000,0,-,-,-,-,3726.6000,3726.4000,3726.0000,3725.0000,3724.8000,3727.4000,3728.2000,3728.8000,3729.8000,3730.0000,2,3,1,3,1,4,2,1,2,12
SF,IF2005,2020-04-13 10:17:43.100,3727.4000,10471,0,2478036780.000,1,0,1,多换,S,3726.6000,3726.4000,3725.0000,3724.8000,3724.6000,3728.2000,3728.8000,3729.8000,3730.0000,3731.4000,2,2,3,1,1,2,1,2,12,1
SF,IF2005,2020-04-13 10:17:43.600,3727.4000,10471,0,2478036780.000,0,-,-,-,-,3727.0000,3726.8000,3726.6000,3726.4000,3725.0000,3728.0000,3728.2000,3728.8000,3729.8000,3730.0000,1,1,1,1,3,5,2,1,2,12
SF,IF2005,2020-04-13 10:17:44.100,3727.4000,10471,0,2478036780.000,0,-,-,-,-,3727.0000,3726.8000,3726.6000,3726.4000,3725.0000,3728.0000,3728.2000,3728.8000,3729.8000,3730.0000,1,1,1,1,3,5,2,1,2,12
SF,IF2005,2020-04-13 10:17:44.600,3727.4000,10471,0,2478036780.000,0,-,-,-,-,3727.0000,3726.8000,3726.6000,3726.4000,3725.0000,3728.0000,3728.2000,3728.8000,3729.8000,3730.0000,1,1,1,1,3,5,2,1,2,12
SF,IF2005,2020-04-13 10:17:45.100,3727.4000,10471,0,2478036780.000,0,-,-,-,-,3727.0000,3726.8000,3726.6000,3726.4000,3725.0000,3728.0000,3728.2000,3728.8000,3729.8000,3730.0000,1,1,1,1,3,8,2,1,2,12
SF,IF2005,2020-04-13 10:17:45.600,3727.0000,10470,-1,2479154880.000,1,0,1,双平,S,3726.8000,3726.6000,3726.4000,3725.0000,3724.8000,3728.0000,3728.2000,3728.8000,3729.8000,3730.0000,1,1,1,3,1,8,2,1,2,12
SF,IF2005,2020-04-13 10:17:46.100,3727.0000,10470,0,2479154880.000,0,-,-,-,-,3726.8000,3726.6000,3726.4000,3725.0000,3724.8000,3727.8000,3728.0000,3728.2000,3728.8000,3729.8000,1,1,1,3,1,6,8,2,1,2
SF,IF2005,2020-04-13 10:17:46.600,3726.8000,10469,-1,2480272920.000,1,0,1,双平,S,3726.6000,3726.4000,3725.0000,3724.8000,3724.6000,3727.6000,3727.8000,3728.0000,3728.2000,3728.8000,1,1,3,1,1,5,9,5,2,1
SF,IF2005,2020-04-13 10:17:47.100,3726.8000,10469,0,2480272920.000,0,-,-,-,-,3725.0000,3724.8000,3724.6000,3723.8000,3723.6000,3727.4000,3727.6000,3727.8000,3728.0000,3728.2000,3,1,1,1,4,4,5,8,5,2
SF,IF2005,2020-04-13 10:17:47.600,3726.8000,10469,0,2480272920.000,0,-,-,-,-,3726.0000,3725.8000,3725.6000,3725.4000,3725.2000,3727.2000,3727.4000,3727.6000,3727.8000,3728.0000,1,1,1,4,3,1,2,5,7,5
SF,IF2005,2020-04-13 10:17:48.100,3726.8000,10469,0,2480272920.000,0,-,-,-,-,3726.2000,3726.0000,3725.8000,3725.4000,3725.2000,3727.0000,3727.2000,3727.4000,3727.6000,3727.8000,2,1,1,3,3,1,1,1,5,7
SF,IF2005,2020-04-13 10:17:48.600,3726.8000,10469,0,2480272920.000,0,-,-,-,-,3726.0000,3725.8000,3725.4000,3725.2000,3725.0000,3727.0000,3727.2000,3727.4000,3727.6000,3727.8000,1,1,3,3,3,1,1,1,5,7
SF,IF2005,2020-04-13 10:17:49.100,3726.8000,10469,0,2480272920.000,0,-,-,-,-,3726.2000,3726.0000,3725.8000,3725.4000,3725.2000,3727.0000,3727.2000,3727.4000,3727.6000,3727.8000,1,1,1,3,3,1,1,1,5,8
SF,IF2005,2020-04-13 10:17:50.600,3726.8000,10469,0,2480272920.000,0,-,-,-,-,3726.2000,3726.0000,3725.8000,3725.4000,3725.2000,3727.0000,3727.2000,3727.4000,3727.6000,3727.8000,1,1,1,3,3,1,1,1,5,7
SF,IF2005,2020-04-13 10:17:51.100,3727.0000,10469,0,2481391020.000,1,0,1,多换,S,3726.0000,3725.8000,3725.4000,3725.2000,3725.0000,3727.2000,3727.4000,3727.6000,3727.8000,3728.0000,1,1,3,3,3,1,1,5,7,5
SF,IF2005,2020-04-13 10:17:51.600,3727.0000,10469,0,2481391020.000,0,-,-,-,-,3726.2000,3726.0000,3725.8000,3725.4000,3725.2000,3727.2000,3727.4000,3727.6000,3727.8000,3728.0000,1,1,1,3,2,1,1,5,7,5
SF,IF2005,2020-04-13 10:17:53.600,3727.2000,10469,0,2482509180.000,1,0,1,多换,S,3726.2000,3726.0000,3725.8000,3725.4000,3725.2000,3727.4000,3727.6000,3727.8000,3728.0000,3728.2000,1,1,1,3,2,1,5,7,5,2
SF,IF2005,2020-04-13 10:17:54.600,3727.2000,10469,0,2482509180.000,0,-,-,-,-,3726.2000,3726.0000,3725.4000,3725.2000,3725.0000,3727.4000,3727.6000,3727.8000,3728.0000,3728.2000,1,1,3,2,3,1,5,7,5,2
SF,IF2005,2020-04-13 10:17:55.100,3727.2000,10469,0,2482509180.000,0,-,-,-,-,3726.4000,3726.2000,3726.0000,3725.4000,3725.2000,3727.4000,3727.6000,3727.8000,3728.0000,3728.2000,1,1,1,3,2,1,5,7,5,2
SF,IF2005,2020-04-13 10:17:55.600,3727.2000,10469,0,2482509180.000,0,-,-,-,-,3726.6000,3726.0000,3725.4000,3725.2000,3725.0000,3727.4000,3727.6000,3727.8000,3728.0000,3728.2000,1,1,3,2,3,4,5,4,5,2
SF,IF2005,2020-04-13 10:17:56.100,3727.4000,10469,0,2483627400.000,1,0,1,多换,S,3726.6000,3725.4000,3725.2000,3725.0000,3724.8000,3727.4000,3727.6000,3727.8000,3728.0000,3728.2000,1,3,2,3,1,3,5,4,5,2
SF,IF2005,2020-04-13 10:17:56.600,3727.4000,10469,0,2483627400.000,0,-,-,-,-,3726.6000,3725.4000,3725.2000,3725.0000,3724.8000,3727.4000,3727.8000,3728.0000,3728.2000,3728.8000,1,3,2,3,1,3,4,5,2,1
SF,IF2005,2020-04-13 10:17:57.100,3727.4000,10469,0,2483627400.000,0,-,-,-,-,3726.8000,3726.6000,3725.4000,3725.2000,3725.0000,3727.4000,3727.8000,3728.0000,3728.2000,3728.8000,1,1,3,2,3,3,1,5,2,1
SF,IF2005,2020-04-13 10:17:58.100,3727.4000,10471,2,2485863840.000,2,2,0,双开,S,3726.8000,3726.6000,3725.4000,3725.2000,3725.0000,3727.4000,3727.8000,3728.0000,3728.2000,3728.8000,1,1,3,2,3,1,1,5,2,1
SF,IF2005,2020-04-13 10:17:58.600,3727.4000,10471,0,2485863840.000,0,-,-,-,-,3726.8000,3726.6000,3725.4000,3725.2000,3725.0000,3727.8000,3728.0000,3728.2000,3728.8000,3729.8000,1,1,3,2,3,1,5,2,1,2
SF,IF2005,2020-04-13 10:17:59.100,3727.4000,10471,0,2485863840.000,0,-,-,-,-,3727.0000,3726.8000,3725.4000,3725.2000,3725.0000,3727.8000,3728.0000,3728.2000,3728.8000,3729.8000,1,1,3,2,3,1,5,2,1,2
SF,IF2005,2020-04-13 10:17:59.600,3727.4000,10471,0,2485863840.000,0,-,-,-,-,3727.0000,3726.8000,3725.4000,3725.2000,3725.0000,3727.8000,3728.0000,3728.2000,3728.8000,3729.8000,1,1,3,2,3,4,5,2,1,2
SF,IF2005,2020-04-13 10:18:00.100,3727.4000,10471,0,2485863840.000,0,-,-,-,-,3727.0000,3726.8000,3726.2000,3725.4000,3725.2000,3727.8000,3728.0000,3728.2000,3728.8000,3729.8000,1,1,1,3,2,4,5,2,1,2
SF,IF2005,2020-04-13 10:18:00.600,3727.4000,10471,0,2485863840.000,0,-,-,-,-,3727.0000,3726.8000,3726.2000,3725.4000,3725.2000,3727.8000,3728.0000,3728.2000,3728.8000,3729.8000,1,1,1,2,2,4,5,2,1,2
SF,IF2005,2020-04-13 10:18:02.100,3727.8000,10472,1,2486982180.000,1,1,0,双开,S,3727.2000,3727.0000,3726.2000,3725.4000,3725.2000,3727.8000,3728.2000,3728.8000,3729.8000,3730.0000,1,1,1,2,2,3,2,1,2,12
SF,IF2005,2020-04-13 10:18:03.100,3727.8000,10472,0,2486982180.000,0,-,-,-,-,3727.2000,3727.0000,3726.2000,3725.4000,3725.2000,3727.8000,3728.8000,3729.8000,3730.0000,3731.4000,1,1,1,2,2,3,1,2,12,1
SF,IF2005,2020-04-13 10:18:03.600,3727.8000,10472,0,2486982180.000,0,-,-,-,-,3727.2000,3727.0000,3726.2000,3725.4000,3725.2000,3728.8000,3729.2000,3729.8000,3730.0000,3731.4000,1,1,1,2,2,1,2,2,12,1
SF,IF2005,2020-04-13 10:18:04.100,3727.8000,10472,0,2486982180.000,0,-,-,-,-,3727.4000,3727.2000,3726.2000,3725.4000,3725.2000,3728.4000,3728.6000,3728.8000,3729.2000,3729.8000,1,1,1,2,2,6,2,1,2,2
SF,IF2005,2020-04-13 10:18:04.600,3727.8000,10472,0,2486982180.000,0,-,-,-,-,3727.4000,3727.2000,3726.2000,3725.4000,3725.2000,3728.4000,3728.6000,3728.8000,3729.2000,3729.8000,1,1,1,2,2,6,2,1,2,2
SF,IF2005,2020-04-13 10:18:05.100,3727.4000,10472,0,2488100400.000,1,0,1,多换,S,3727.2000,3726.2000,3725.4000,3725.2000,3725.0000,3727.4000,3727.8000,3728.2000,3728.4000,3728.6000,1,1,2,2,3,1,5,4,5,1
SF,IF2005,2020-04-13 10:18:05.600,3727.4000,10472,0,2489218620.000,1,0,1,多换,S,3727.2000,3726.2000,3725.4000,3725.2000,3725.0000,3727.4000,3728.2000,3728.4000,3728.6000,3728.8000,1,1,2,2,3,1,4,5,1,1
SF,IF2005,2020-04-13 10:18:06.100,3727.4000,10472,0,2489218620.000,0,-,-,-,-,3726.2000,3725.4000,3725.2000,3725.0000,3724.8000,3727.4000,3728.2000,3728.4000,3728.6000,3728.8000,1,2,2,3,1,1,4,5,1,1
SF,IF2005,2020-04-13 10:18:06.600,3727.4000,10472,0,2489218620.000,0,-,-,-,-,3726.6000,3726.4000,3726.2000,3725.4000,3725.2000,3727.4000,3728.2000,3728.4000,3728.6000,3728.8000,1,4,1,2,2,1,4,5,1,1
SF,IF2005,2020-04-13 10:18:07.600,3727.4000,10472,0,2489218620.000,0,-,-,-,-,3726.6000,3726.4000,3726.2000,3725.4000,3725.2000,3727.4000,3728.2000,3728.4000,3728.6000,3728.8000,1,2,1,2,2,1,4,5,1,1
SF,IF2005,2020-04-13 10:18:08.100,3727.4000,10472,0,2489218620.000,0,-,-,-,-,3726.6000,3726.4000,3726.2000,3725.4000,3725.2000,3727.4000,3728.2000,3728.4000,3728.6000,3728.8000,1,2,1,2,2,1,3,5,1,1
SF,IF2005,2020-04-13 10:18:08.600,3727.4000,10472,0,2489218620.000,0,-,-,-,-,3726.4000,3726.2000,3725.4000,3725.2000,3725.0000,3727.4000,3728.2000,3728.4000,3728.6000,3728.8000,2,1,2,2,3,1,5,5,1,1
SF,IF2005,2020-04-13 10:18:09.600,3727.4000,10472,0,2489218620.000,0,-,-,-,-,3726.4000,3726.2000,3725.4000,3725.2000,3725.0000,3727.4000,3728.2000,3728.4000,3728.6000,3728.8000,2,1,2,2,3,2,2,5,1,1
SF,IF2005,2020-04-13 10:18:10.100,3727.4000,10472,0,2489218620.000,0,-,-,-,-,3726.4000,3726.2000,3725.4000,3725.2000,3725.0000,3727.2000,3727.4000,3728.2000,3728.4000,3728.8000,1,1,2,2,2,7,2,2,5,1
SF,IF2005,2020-04-13 10:18:10.600,3727.4000,10472,0,2489218620.000,0,-,-,-,-,3726.4000,3726.2000,3725.4000,3725.2000,3725.0000,3727.2000,3727.4000,3728.2000,3728.8000,3729.8000,1,1,2,2,2,7,1,2,1,2
SF,IF2005,2020-04-13 10:18:11.100,3727.4000,10472,0,2489218620.000,0,-,-,-,-,3726.4000,3726.2000,3725.4000,3725.2000,3725.0000,3727.0000,3727.2000,3727.4000,3728.2000,3728.8000,1,1,2,2,2,1,7,1,2,1
SF,IF2005,2020-04-13 10:18:12.100,3727.0000,10472,0,2490336720.000,1,0,1,多换,S,3726.4000,3726.2000,3725.4000,3725.2000,3725.0000,3727.2000,3727.4000,3728.2000,3728.8000,3729.8000,1,1,2,2,2,6,1,2,1,2
SF,IF2005,2020-04-13 10:18:12.600,3727.0000,10472,0,2490336720.000,0,-,-,-,-,3726.4000,3726.2000,3725.4000,3725.2000,3725.0000,3727.2000,3727.4000,3728.2000,3728.8000,3729.8000,1,1,1,2,2,6,1,2,1,2
SF,IF2005,2020-04-13 10:18:13.100,3727.0000,10472,0,2490336720.000,0,-,-,-,-,3726.4000,3726.2000,3725.2000,3725.0000,3724.8000,3727.2000,3728.2000,3728.8000,3729.8000,3730.0000,1,1,2,2,1,9,2,1,2,12
SF,IF2005,2020-04-13 10:18:13.600,3727.0000,10472,0,2490336720.000,0,-,-,-,-,3727.0000,3726.4000,3726.2000,3725.2000,3725.0000,3727.2000,3728.2000,3728.8000,3729.8000,3730.0000,2,1,1,2,2,4,2,1,2,12
SF,IF2005,2020-04-13 10:18:14.100,3727.0000,10474,2,2492572920.000,2,2,0,双开,S,3726.4000,3726.2000,3725.2000,3725.0000,3724.8000,3727.2000,3728.2000,3728.8000,3729.8000,3730.0000,1,1,2,2,1,4,2,1,2,12
SF,IF2005,2020-04-13 10:18:14.600,3727.0000,10474,0,2492572920.000,0,-,-,-,-,3726.4000,3726.2000,3725.2000,3725.0000,3724.8000,3727.0000,3727.2000,3728.2000,3728.8000,3729.8000,1,1,2,2,1,1,4,2,1,2
SF,IF2005,2020-04-13 10:18:15.100,3727.0000,10474,0,2492572920.000,0,-,-,-,-,3726.4000,3726.2000,3725.2000,3725.0000,3724.8000,3726.8000,3727.0000,3727.2000,3728.2000,3728.8000,1,1,2,2,1,2,1,4,2,1
SF,IF2005,2020-04-13 10:18:15.600,3726.4000,10474,0,2493690840.000,1,0,1,多换,S,3726.2000,3725.2000,3725.0000,3724.8000,3724.6000,3727.0000,3727.2000,3728.2000,3728.8000,3729.8000,1,2,2,1,1,1,1,2,1,2
SF,IF2005,2020-04-13 10:18:16.100,3726.2000,10475,1,2494808700.000,1,1,0,双开,S,3725.2000,3725.0000,3724.8000,3724.6000,3723.8000,3727.0000,3727.2000,3728.2000,3728.8000,3729.8000,2,2,1,1,1,1,1,2,1,2
SF,IF2005,2020-04-13 10:18:16.600,3726.2000,10475,0,2494808700.000,0,-,-,-,-,3725.8000,3725.6000,3725.4000,3725.2000,3725.0000,3726.8000,3727.0000,3728.2000,3728.8000,3729.8000,1,1,3,2,2,6,1,2,1,2
SF,IF2005,2020-04-13 10:18:17.100,3726.2000,10475,0,2494808700.000,0,-,-,-,-,3725.8000,3725.4000,3725.2000,3725.0000,3724.8000,3726.6000,3726.8000,3727.0000,3728.2000,3728.8000,1,3,1,1,1,1,6,1,2,1
SF,IF2005,2020-04-13 10:18:17.600,3726.2000,10475,0,2494808700.000,0,-,-,-,-,3725.4000,3725.0000,3724.8000,3723.8000,3723.2000,3726.2000,3726.4000,3726.6000,3726.8000,3727.0000,2,1,1,1,2,3,4,2,2,1
SF,IF2005,2020-04-13 10:18:18.100,3726.2000,10478,3,2498162280.000,3,3,0,双开,S,3725.4000,3725.0000,3724.8000,3723.8000,3723.2000,3726.4000,3726.6000,3726.8000,3727.0000,3727.4000,2,1,1,1,2,1,2,1,1,2
SF,IF2005,2020-04-13 10:18:18.600,3726.2000,10478,0,2498162280.000,0,-,-,-,-,3725.4000,3725.0000,3724.8000,3723.8000,3723.2000,3726.2000,3726.4000,3726.6000,3726.8000,3727.0000,2,1,1,1,2,3,1,2,1,1
SF,IF2005,2020-04-13 10:18:19.600,3726.2000,10478,0,2498162280.000,0,-,-,-,-,3725.4000,3725.0000,3724.8000,3723.8000,3723.2000,3726.2000,3726.4000,3726.6000,3726.8000,3727.4000,2,1,1,1,2,3,1,2,1,2
SF,IF2005,2020-04-13 10:18:21.600,3726.2000,10479,1,2499280140.000,1,1,0,双开,S,3725.4000,3725.0000,3724.8000,3723.8000,3723.2000,3726.2000,3726.4000,3726.6000,3726.8000,3727.4000,2,1,1,1,2,2,1,2,1,2
SF,IF2005,2020-04-13 10:18:22.100,3726.2000,10479,0,2499280140.000,0,-,-,-,-,3725.4000,3725.0000,3724.8000,3723.8000,3723.2000,3726.4000,3726.6000,3726.8000,3727.4000,3728.8000,2,1,1,1,2,1,2,1,2,1
SF,IF2005,2020-04-13 10:18:22.600,3726.2000,10479,0,2499280140.000,0,-,-,-,-,3726.2000,3725.4000,3725.0000,3724.8000,3723.8000,3726.4000,3726.6000,3726.8000,3727.4000,3728.8000,2,2,1,1,1,1,2,1,2,1
SF,IF2005,2020-04-13 10:18:23.100,3726.2000,10481,2,2501515860.000,2,2,0,双开,S,3725.4000,3725.0000,3724.8000,3723.8000,3723.2000,3726.2000,3726.4000,3726.6000,3726.8000,3727.4000,2,1,1,1,2,1,1,2,1,2
SF,IF2005,2020-04-13 10:18:23.600,3726.2000,10481,0,2501515860.000,0,-,-,-,-,3725.4000,3725.0000,3724.8000,3723.8000,3723.2000,3726.2000,3726.4000,3726.6000,3726.8000,3727.4000,2,1,1,1,2,2,1,2,1,2
SF,IF2005,2020-04-13 10:18:24.100,3726.2000,10481,0,2501515860.000,0,-,-,-,-,3725.6000,3725.4000,3725.0000,3724.8000,3723.8000,3726.2000,3726.4000,3726.6000,3726.8000,3727.4000,1,2,1,1,1,2,1,2,1,2
SF,IF2005,2020-04-13 10:18:24.600,3726.2000,10481,0,2501515860.000,0,-,-,-,-,3725.6000,3725.4000,3725.0000,3724.8000,3723.8000,3726.2000,3726.4000,3726.6000,3726.8000,3727.4000,1,2,1,1,1,2,1,1,1,2
SF,IF2005,2020-04-13 10:18:25.100,3726.2000,10481,0,2501515860.000,0,-,-,-,-,3725.6000,3725.4000,3725.0000,3724.8000,3723.8000,3726.2000,3726.4000,3726.6000,3726.8000,3727.4000,1,2,1,1,1,2,1,1,1,2
SF,IF2005,2020-04-13 10:18:25.600,3726.2000,10481,0,2501515860.000,0,-,-,-,-,3725.4000,3725.0000,3724.8000,3723.8000,3723.2000,3726.2000,3726.4000,3726.6000,3726.8000,3727.4000,2,1,1,1,2,3,1,1,1,2
SF,IF2005,2020-04-13 10:18:27.100,3726.2000,10481,0,2501515860.000,0,-,-,-,-,3725.4000,3725.0000,3724.8000,3723.8000,3723.2000,3726.2000,3726.4000,3726.6000,3726.8000,3727.4000,2,1,1,1,2,3,1,1,1,2
SF,IF2005,2020-04-13 10:18:28.100,3726.2000,10481,0,2501515860.000,0,-,-,-,-,3725.4000,3725.0000,3724.8000,3723.8000,3723.2000,3726.2000,3726.4000,3726.6000,3726.8000,3727.0000,2,1,1,1,2,3,1,1,1,1
SF,IF2005,2020-04-13 10:18:28.600,3726.2000,10481,0,2501515860.000,0,-,-,-,-,3725.4000,3725.0000,3724.8000,3723.8000,3723.2000,3726.2000,3726.4000,3726.6000,3726.8000,3727.0000,2,1,1,1,2,2,1,1,1,1
SF,IF2005,2020-04-13 10:18:29.100,3726.2000,10481,0,2501515860.000,0,-,-,-,-,3725.6000,3725.4000,3725.0000,3724.8000,3723.8000,3726.2000,3726.4000,3726.6000,3726.8000,3727.0000,1,2,1,1,1,1,1,1,1,1
SF,IF2005,2020-04-13 10:18:34.100,3726.2000,10481,0,2501515860.000,0,-,-,-,-,3725.6000,3725.4000,3725.0000,3724.8000,3723.8000,3726.2000,3726.4000,3726.6000,3726.8000,3727.0000,1,2,1,1,1,1,1,1,1,1
SF,IF2005,2020-04-13 10:18:35.600,3726.2000,10481,0,2501515860.000,0,-,-,-,-,3725.6000,3725.4000,3725.0000,3724.8000,3723.8000,3726.2000,3726.4000,3726.6000,3726.8000,3727.0000,1,2,1,1,1,1,1,1,1,1
SF,IF2005,2020-04-13 10:18:38.100,3726.2000,10481,0,2501515860.000,0,-,-,-,-,3725.6000,3725.4000,3725.0000,3724.8000,3723.8000,3726.4000,3726.6000,3726.8000,3727.0000,3727.4000,1,2,1,1,1,1,1,1,1,2
SF,IF2005,2020-04-13 10:18:38.600,3726.2000,10481,0,2501515860.000,0,-,-,-,-,3725.6000,3725.4000,3725.0000,3724.8000,3723.8000,3726.4000,3726.6000,3726.8000,3727.0000,3727.4000,1,2,1,1,1,1,1,1,1,2
SF,IF2005,2020-04-13 10:18:39.100,3726.2000,10481,0,2501515860.000,0,-,-,-,-,3725.4000,3725.0000,3724.8000,3723.8000,3723.2000,3726.4000,3726.6000,3726.8000,3727.0000,3727.4000,2,1,1,1,2,1,1,1,1,2
SF,IF2005,2020-04-13 10:18:39.600,3726.2000,10481,0,2501515860.000,0,-,-,-,-,3725.0000,3724.8000,3723.8000,3723.2000,3722.2000,3726.4000,3726.6000,3726.8000,3727.0000,3727.4000,1,1,1,2,2,1,1,1,1,2
SF,IF2005,2020-04-13 10:18:40.100,3726.2000,10481,0,2501515860.000,0,-,-,-,-,3725.0000,3723.8000,3723.2000,3722.2000,3721.0000,3726.0000,3726.2000,3726.6000,3727.0000,3727.4000,1,1,2,2,6,1,5,1,1,2
SF,IF2005,2020-04-13 10:18:41.100,3726.2000,10481,0,2501515860.000,0,-,-,-,-,3723.8000,3723.2000,3722.2000,3721.0000,3720.2000,3726.0000,3726.2000,3726.6000,3727.0000,3727.4000,1,2,2,6,1,1,5,1,1,2
SF,IF2005,2020-04-13 10:18:41.600,3726.2000,10481,0,2501515860.000,0,-,-,-,-,3724.8000,3724.6000,3724.4000,3724.2000,3724.0000,3725.8000,3726.0000,3726.2000,3726.6000,3727.0000,1,1,1,5,7,1,1,4,1,1
SF,IF2005,2020-04-13 10:18:42.100,3726.2000,10481,0,2501515860.000,0,-,-,-,-,3724.8000,3724.6000,3724.2000,3724.0000,3723.8000,3725.8000,3726.0000,3726.2000,3726.6000,3727.0000,1,1,4,8,1,1,2,4,1,1
SF,IF2005,2020-04-13 10:18:44.600,3724.8000,10481,0,2502633300.000,1,0,1,多换,S,3724.6000,3724.2000,3724.0000,3723.8000,3723.2000,3725.8000,3726.0000,3726.2000,3727.0000,3727.4000,1,4,8,1,2,1,2,4,1,2
SF,IF2005,2020-04-13 10:18:45.100,3724.8000,10481,0,2502633300.000,0,-,-,-,-,3724.8000,3724.6000,3724.2000,3724.0000,3723.8000,3725.8000,3726.0000,3726.2000,3727.0000,3727.4000,3,1,4,7,1,1,2,4,1,2
SF,IF2005,2020-04-13 10:18:46.100,3724.8000,10481,0,2502633300.000,0,-,-,-,-,3724.8000,3724.6000,3724.2000,3724.0000,3723.8000,3725.8000,3726.0000,3726.2000,3727.0000,3727.4000,3,1,2,4,1,1,2,4,1,2
SF,IF2005,2020-04-13 10:18:51.600,3724.8000,10481,0,2502633300.000,0,-,-,-,-,3724.8000,3724.6000,3724.2000,3724.0000,3723.8000,3725.8000,3726.0000,3726.2000,3727.0000,3727.4000,2,1,2,4,1,1,2,4,1,2
SF,IF2005,2020-04-13 10:18:52.600,3724.8000,10481,0,2502633300.000,0,-,-,-,-,3724.8000,3724.6000,3724.2000,3724.0000,3723.8000,3725.8000,3726.0000,3726.2000,3727.0000,3727.4000,2,1,2,4,1,1,1,4,1,2
SF,IF2005,2020-04-13 10:18:56.600,3724.8000,10481,0,2502633300.000,0,-,-,-,-,3725.0000,3724.8000,3724.6000,3724.2000,3724.0000,3725.8000,3726.0000,3726.2000,3727.0000,3727.4000,1,2,1,2,4,1,1,4,1,2
SF,IF2005,2020-04-13 10:18:57.100,3724.8000,10481,0,2502633300.000,0,-,-,-,-,3725.0000,3724.8000,3724.6000,3724.2000,3724.0000,3726.0000,3726.2000,3727.0000,3727.4000,3727.8000,1,2,1,2,4,1,4,1,2,1
SF,IF2005,2020-04-13 10:18:57.600,3724.8000,10481,0,2502633300.000,0,-,-,-,-,3724.8000,3724.6000,3724.2000,3724.0000,3723.8000,3726.0000,3726.2000,3727.0000,3727.4000,3727.8000,2,1,2,4,1,1,4,1,2,1
SF,IF2005,2020-04-13 10:18:58.600,3724.8000,10481,0,2502633300.000,0,-,-,-,-,3724.8000,3724.6000,3724.2000,3724.0000,3723.8000,3725.8000,3726.0000,3726.2000,3727.0000,3727.4000,2,1,2,4,1,3,1,4,1,2
SF,IF2005,2020-04-13 10:18:59.100,3724.8000,10481,0,2502633300.000,0,-,-,-,-,3725.0000,3724.8000,3724.6000,3724.2000,3724.0000,3725.8000,3726.0000,3726.2000,3727.0000,3727.4000,1,2,1,1,4,1,1,4,1,2
SF,IF2005,2020-04-13 10:19:01.600,3724.8000,10481,0,2502633300.000,0,-,-,-,-,3725.0000,3724.8000,3724.6000,3724.2000,3724.0000,3725.8000,3726.0000,3727.0000,3727.4000,3727.8000,1,2,1,1,4,1,1,1,2,1
SF,IF2005,2020-04-13 10:19:02.600,3724.8000,10481,0,2502633300.000,0,-,-,-,-,3725.0000,3724.8000,3724.6000,3724.2000,3724.0000,3726.0000,3727.0000,3727.4000,3727.8000,3728.8000,1,2,1,1,4,1,1,2,1,1
SF,IF2005,2020-04-13 10:19:03.100,3724.8000,10481,0,2502633300.000,0,-,-,-,-,3725.8000,3725.2000,3725.0000,3724.8000,3724.2000,3727.0000,3727.4000,3727.8000,3728.8000,3729.8000,1,3,1,1,1,1,2,1,1,2
SF,IF2005,2020-04-13 10:19:03.600,3724.8000,10481,0,2502633300.000,0,-,-,-,-,3725.8000,3725.4000,3725.2000,3725.0000,3724.2000,3726.8000,3727.0000,3727.4000,3727.8000,3728.8000,1,1,3,1,1,6,1,2,1,1
SF,IF2005,2020-04-13 10:19:04.100,3724.8000,10481,0,2502633300.000,0,-,-,-,-,3726.4000,3726.2000,3726.0000,3725.4000,3725.0000,3727.0000,3727.4000,3727.8000,3728.8000,3729.8000,1,1,5,1,1,1,2,1,1,2
SF,IF2005,2020-04-13 10:19:04.600,3727.0000,10481,0,2503751400.000,1,0,1,多换,S,3726.4000,3726.2000,3726.0000,3725.0000,3724.2000,3727.8000,3728.8000,3729.8000,3730.0000,3731.4000,1,2,2,1,1,1,1,2,12,1
SF,IF2005,2020-04-13 10:19:05.100,3727.6000,10481,0,2504869680.000,1,0,1,多换,S,3726.6000,3726.4000,3726.2000,3725.0000,3724.2000,3727.8000,3728.4000,3728.8000,3729.8000,3730.0000,1,1,1,1,1,1,2,1,2,12
SF,IF2005,2020-04-13 10:19:05.600,3727.6000,10481,0,2504869680.000,0,-,-,-,-,3726.8000,3726.4000,3725.0000,3724.2000,3724.0000,3727.4000,3727.6000,3727.8000,3728.4000,3728.8000,1,1,1,1,4,3,3,1,2,1
SF,IF2005,2020-04-13 10:19:06.100,3727.6000,10481,0,2504869680.000,0,-,-,-,-,3726.4000,3725.0000,3724.2000,3724.0000,3723.8000,3727.6000,3727.8000,3728.4000,3728.8000,3729.8000,1,1,1,4,1,3,1,2,1,2
SF,IF2005,2020-04-13 10:19:06.600,3727.6000,10481,0,2504869680.000,0,-,-,-,-,3726.4000,3725.0000,3724.2000,3724.0000,3723.8000,3727.2000,3727.4000,3727.6000,3727.8000,3728.4000,1,1,1,4,1,1,6,2,1,2
SF,IF2005,2020-04-13 10:19:07.100,3727.6000,10481,0,2504869680.000,0,-,-,-,-,3725.0000,3724.2000,3724.0000,3723.8000,3723.2000,3727.2000,3727.4000,3727.6000,3727.8000,3728.4000,1,1,4,1,2,7,6,1,1,2
SF,IF2005,2020-04-13 10:19:07.600,3727.6000,10481,0,2504869680.000,0,-,-,-,-,3725.6000,3725.4000,3725.2000,3725.0000,3724.2000,3726.0000,3727.0000,3727.2000,3727.4000,3727.8000,2,2,2,1,1,1,2,7,6,1
SF,IF2005,2020-04-13 10:19:08.100,3726.0000,10481,0,2505987480.000,1,0,1,多换,S,3725.6000,3725.4000,3725.2000,3725.0000,3724.0000,3726.8000,3727.0000,3727.4000,3727.8000,3728.4000,2,1,1,1,3,1,2,1,1,2
SF,IF2005,2020-04-13 10:19:08.600,3726.0000,10481,0,2505987480.000,0,-,-,-,-,3725.8000,3725.6000,3725.4000,3725.0000,3724.0000,3726.8000,3727.0000,3727.4000,3727.8000,3728.4000,4,2,1,1,3,1,2,1,1,2
SF,IF2005,2020-04-13 10:19:09.100,3726.0000,10481,0,2505987480.000,0,-,-,-,-,3726.0000,3725.8000,3725.6000,3725.0000,3724.0000,3727.4000,3727.8000,3728.4000,3728.8000,3729.8000,1,4,1,1,3,1,1,2,1,2
SF,IF2005,2020-04-13 10:19:09.600,3726.0000,10481,0,2505987480.000,0,-,-,-,-,3726.2000,3726.0000,3725.8000,3725.0000,3724.0000,3727.8000,3728.4000,3728.8000,3729.8000,3730.0000,1,1,1,1,3,1,2,1,2,12
SF,IF2005,2020-04-13 10:19:10.100,3726.0000,10481,0,2505987480.000,0,-,-,-,-,3726.4000,3726.2000,3725.8000,3725.0000,3724.0000,3727.2000,3727.8000,3728.4000,3728.8000,3729.8000,1,1,1,1,3,1,1,2,1,2
SF,IF2005,2020-04-13 10:19:10.600,3726.0000,10482,1,2507105280.000,1,1,0,双开,S,3726.4000,3726.2000,3725.0000,3724.0000,3723.8000,3727.6000,3727.8000,3728.4000,3728.8000,3729.8000,1,1,1,3,1,6,1,2,1,2
SF,IF2005,2020-04-13 10:19:11.600,3726.0000,10482,0,2507105280.000,0,-,-,-,-,3726.4000,3726.2000,3725.0000,3724.0000,3723.8000,3727.4000,3727.6000,3727.8000,3728.4000,3728.8000,1,1,1,3,1,5,6,1,2,1
SF,IF2005,2020-04-13 10:19:12.100,3726.0000,10482,0,2507105280.000,0,-,-,-,-,3726.4000,3726.2000,3725.0000,3724.0000,3723.8000,3727.6000,3727.8000,3728.4000,3728.8000,3729.8000,1,1,1,3,1,6,1,2,1,2
SF,IF2005,2020-04-13 10:19:12.600,3726.0000,10482,0,2508223080.000,1,0,1,多换,S,3726.4000,3725.0000,3724.0000,3723.8000,3723.2000,3726.8000,3727.6000,3727.8000,3728.4000,3728.8000,1,1,3,1,2,1,6,1,2,1
SF,IF2005,2020-04-13 10:19:13.100,3726.0000,10482,0,2508223080.000,0,-,-,-,-,3726.4000,3725.0000,3724.0000,3723.8000,3723.2000,3726.8000,3727.6000,3727.8000,3728.4000,3728.8000,1,1,3,1,2,1,1,1,2,1
SF,IF2005,2020-04-13 10:19:14.100,3726.0000,10482,0,2508223080.000,0,-,-,-,-,3726.4000,3726.0000,3725.0000,3724.0000,3723.8000,3726.8000,3727.6000,3727.8000,3728.4000,3728.8000,1,2,1,3,1,1,1,1,2,1
SF,IF2005,2020-04-13 10:19:15.100,3726.8000,10483,1,2509341120.000,1,1,0,双开,S,3726.4000,3726.0000,3725.0000,3724.0000,3723.8000,3727.8000,3728.4000,3728.8000,3729.8000,3730.0000,1,2,1,3,1,1,2,1,2,12
SF,IF2005,2020-04-13 10:19:15.600,3726.8000,10483,0,2509341120.000,0,-,-,-,-,3726.8000,3726.6000,3726.0000,3725.0000,3724.0000,3727.8000,3728.4000,3728.8000,3729.8000,3730.0000,1,2,2,1,3,1,2,1,2,12
SF,IF2005,2020-04-13 10:19:16.100,3727.8000,10483,0,2510459460.000,1,0,1,多换,S,3727.2000,3727.0000,3726.8000,3726.6000,3726.0000,3728.4000,3728.8000,3729.8000,3730.0000,3730.8000,1,1,3,2,3,2,1,2,12,1
SF,IF2005,2020-04-13 10:19:16.600,3727.8000,10483,0,2510459460.000,0,-,-,-,-,3727.2000,3727.0000,3726.0000,3725.0000,3724.0000,3728.2000,3728.8000,3729.8000,3730.0000,3730.8000,1,2,3,1,3,2,1,2,13,1
SF,IF2005,2020-04-13 10:19:17.100,3727.8000,10483,0,2510459460.000,0,-,-,-,-,3727.4000,3727.2000,3727.0000,3726.0000,3725.0000,3728.0000,3728.2000,3728.8000,3729.4000,3729.8000,2,1,2,3,1,2,2,1,2,2
SF,IF2005,2020-04-13 10:19:17.600,3727.8000,10483,0,2510459460.000,0,-,-,-,-,3727.2000,3727.0000,3726.0000,3724.0000,3723.8000,3728.0000,3728.2000,3728.8000,3729.4000,3729.8000,1,2,3,3,1,2,2,1,2,2
SF,IF2005,2020-04-13 10:19:18.100,3727.8000,10483,0,2510459460.000,0,-,-,-,-,3727.2000,3727.0000,3726.0000,3724.0000,3723.8000,3727.4000,3727.8000,3728.0000,3728.2000,3728.8000,1,1,3,3,1,1,3,2,2,1
SF,IF2005,2020-04-13 10:19:18.600,3727.4000,10483,0,2511577680.000,1,0,1,多换,S,3727.2000,3727.0000,3726.0000,3724.0000,3723.8000,3728.0000,3728.2000,3728.8000,3729.4000,3729.8000,1,1,1,3,1,2,2,1,2,2
SF,IF2005,2020-04-13 10:19:19.600,3727.4000,10483,0,2511577680.000,0,-,-,-,-,3727.4000,3727.2000,3727.0000,3726.0000,3724.4000,3728.0000,3728.2000,3728.8000,3729.4000,3729.8000,2,1,1,1,1,2,2,1,2,2
SF,IF2005,2020-04-13 10:19:20.100,3727.4000,10483,0,2513814120.000,2,1,1,多换,S,3727.2000,3727.0000,3726.0000,3724.4000,3724.0000,3728.0000,3728.2000,3728.8000,3729.4000,3729.8000,1,1,1,1,3,2,2,1,2,2
SF,IF2005,2020-04-13 10:19:20.600,3727.4000,10483,0,2513814120.000,0,-,-,-,-,3727.2000,3727.0000,3726.0000,3724.4000,3724.0000,3728.0000,3728.2000,3728.8000,3729.4000,3729.8000,1,1,1,1,3,1,2,1,2,2
SF,IF2005,2020-04-13 10:19:21.100,3727.4000,10483,0,2513814120.000,0,-,-,-,-,3727.2000,3727.0000,3726.0000,3724.4000,3724.0000,3728.2000,3728.8000,3729.4000,3729.8000,3730.0000,1,1,1,1,3,2,1,2,2,13
SF,IF2005,2020-04-13 10:19:23.100,3727.4000,10483,0,2513814120.000,0,-,-,-,-,3727.2000,3727.0000,3726.0000,3724.4000,3724.0000,3728.2000,3728.8000,3729.4000,3729.8000,3730.0000,1,1,1,1,3,3,1,2,2,13
SF,IF2005,2020-04-13 10:19:23.600,3727.4000,10483,0,2513814120.000,0,-,-,-,-,3727.2000,3727.0000,3726.0000,3724.4000,3724.0000,3728.2000,3728.8000,3729.4000,3729.8000,3730.0000,1,1,1,1,3,2,1,2,2,13
SF,IF2005,2020-04-13 10:19:24.100,3727.4000,10483,0,2513814120.000,0,-,-,-,-,3727.2000,3727.0000,3726.0000,3724.4000,3724.0000,3728.2000,3728.8000,3729.4000,3729.8000,3730.0000,1,1,1,1,3,4,1,2,2,13
SF,IF2005,2020-04-13 10:19:24.600,3727.4000,10483,0,2513814120.000,0,-,-,-,-,3727.2000,3727.0000,3726.0000,3724.4000,3724.0000,3728.2000,3728.8000,3729.4000,3729.8000,3730.0000,1,1,1,1,3,3,1,2,2,13
SF,IF2005,2020-04-13 10:19:25.100,3727.4000,10483,0,2513814120.000,0,-,-,-,-,3727.4000,3727.2000,3727.0000,3726.0000,3724.0000,3728.2000,3728.8000,3729.4000,3729.8000,3730.0000,1,1,1,1,3,3,1,2,2,13
SF,IF2005,2020-04-13 10:19:25.600,3727.4000,10483,0,2513814120.000,0,-,-,-,-,3727.4000,3727.2000,3727.0000,3726.0000,3724.0000,3728.8000,3729.4000,3729.8000,3730.0000,3731.4000,1,1,1,1,3,1,2,2,13,1
SF,IF2005,2020-04-13 10:19:26.100,3727.4000,10483,0,2513814120.000,0,-,-,-,-,3727.6000,3726.0000,3724.0000,3723.8000,3723.2000,3728.6000,3728.8000,3729.4000,3729.8000,3730.0000,2,1,3,1,2,2,1,2,2,13
SF,IF2005,2020-04-13 10:19:26.600,3727.4000,10483,0,2513814120.000,0,-,-,-,-,3727.8000,3727.6000,3726.0000,3724.0000,3723.8000,3728.6000,3728.8000,3729.4000,3729.8000,3730.0000,1,2,1,3,1,1,1,2,2,13
SF,IF2005,2020-04-13 10:19:27.100,3727.4000,10483,0,2513814120.000,0,-,-,-,-,3727.6000,3726.0000,3724.0000,3723.8000,3723.2000,3728.6000,3728.8000,3729.4000,3729.8000,3730.0000,2,1,3,1,2,1,1,2,2,13
SF,IF2005,2020-04-13 10:19:27.600,3727.4000,10483,0,2513814120.000,0,-,-,-,-,3727.8000,3727.6000,3726.0000,3724.0000,3723.8000,3728.6000,3728.8000,3729.4000,3729.8000,3730.0000,1,2,1,3,1,1,1,2,2,13
SF,IF2005,2020-04-13 10:19:28.100,3727.4000,10483,0,2513814120.000,0,-,-,-,-,3727.8000,3727.6000,3726.0000,3724.0000,3723.8000,3728.6000,3728.8000,3729.4000,3729.8000,3730.0000,1,2,1,3,1,1,1,2,2,13
SF,IF2005,2020-04-13 10:19:28.600,3727.4000,10483,0,2513814120.000,0,-,-,-,-,3727.8000,3727.6000,3726.0000,3724.0000,3723.8000,3728.6000,3728.8000,3729.4000,3729.8000,3730.0000,1,2,1,3,1,1,1,2,2,13
SF,IF2005,2020-04-13 10:19:29.100,3727.4000,10483,0,2513814120.000,0,-,-,-,-,3727.6000,3726.0000,3724.0000,3723.8000,3723.2000,3728.6000,3728.8000,3729.4000,3729.8000,3730.0000,2,1,3,1,2,1,1,2,2,13
SF,IF2005,2020-04-13 10:19:29.600,3727.4000,10483,0,2513814120.000,0,-,-,-,-,3727.8000,3727.6000,3726.0000,3724.0000,3723.8000,3728.8000,3729.8000,3730.0000,3731.4000,3731.6000,4,2,1,3,1,1,2,13,1,2
SF,IF2005,2020-04-13 10:19:30.100,3727.4000,10483,0,2513814120.000,0,-,-,-,-,3727.8000,3727.6000,3726.0000,3724.0000,3723.8000,3728.8000,3729.8000,3730.0000,3730.4000,3731.4000,3,2,1,3,1,1,2,13,2,1
SF,IF2005,2020-04-13 10:19:30.600,3727.4000,10483,0,2513814120.000,0,-,-,-,-,3728.6000,3728.2000,3728.0000,3726.0000,3724.0000,3728.8000,3729.8000,3730.0000,3730.4000,3731.4000,1,1,5,1,3,2,2,13,2,1
SF,IF2005,2020-04-13 10:19:31.100,3727.4000,10483,0,2513814120.000,0,-,-,-,-,3728.6000,3728.2000,3728.0000,3726.0000,3724.0000,3728.8000,3729.8000,3730.0000,3730.4000,3731.4000,1,1,3,1,3,1,2,13,2,1
SF,IF2005,2020-04-13 10:19:31.600,3728.6000,10483,0,2514932700.000,1,0,1,多换,S,3728.2000,3728.0000,3726.0000,3724.0000,3723.8000,3728.8000,3729.8000,3730.0000,3730.4000,3731.4000,1,1,1,3,1,2,2,13,2,1
SF,IF2005,2020-04-13 10:19:32.100,3728.6000,10483,0,2514932700.000,0,-,-,-,-,3728.2000,3728.0000,3726.0000,3724.0000,3723.8000,3728.8000,3729.8000,3730.0000,3730.4000,3731.4000,1,1,1,3,1,1,2,13,2,1
SF,IF2005,2020-04-13 10:19:32.600,3728.6000,10483,0,2514932700.000,0,-,-,-,-,3728.2000,3728.0000,3726.0000,3724.0000,3723.8000,3728.8000,3729.8000,3730.0000,3730.4000,3731.4000,1,1,1,3,1,2,2,13,2,1
SF,IF2005,2020-04-13 10:19:33.100,3728.6000,10483,0,2514932700.000,0,-,-,-,-,3728.2000,3728.0000,3726.0000,3724.0000,3723.8000,3728.8000,3729.8000,3730.0000,3730.4000,3731.4000,1,1,1,3,1,1,3,13,2,1
SF,IF2005,2020-04-13 10:19:33.600,3728.6000,10483,0,2514932700.000,0,-,-,-,-,3728.2000,3728.0000,3726.0000,3724.0000,3723.8000,3728.8000,3729.8000,3730.0000,3730.4000,3731.4000,1,1,1,3,1,1,3,13,2,1
SF,IF2005,2020-04-13 10:19:34.100,3728.6000,10483,0,2514932700.000,0,-,-,-,-,3728.2000,3728.0000,3726.0000,3724.0000,3723.8000,3728.8000,3729.8000,3730.0000,3730.4000,3731.4000,1,1,1,3,1,1,3,13,2,1
SF,IF2005,2020-04-13 10:19:34.600,3728.6000,10483,0,2514932700.000,0,-,-,-,-,3728.2000,3728.0000,3726.0000,3724.0000,3723.8000,3728.8000,3729.8000,3730.0000,3730.4000,3731.4000,1,1,1,3,1,1,3,13,2,1
SF,IF2005,2020-04-13 10:19:35.100,3728.6000,10483,0,2514932700.000,0,-,-,-,-,3728.2000,3728.0000,3726.0000,3724.0000,3723.8000,3728.8000,3729.8000,3730.0000,3730.4000,3731.4000,1,1,1,3,1,1,3,13,2,1
SF,IF2005,2020-04-13 10:19:35.600,3728.6000,10483,0,2514932700.000,0,-,-,-,-,3726.0000,3724.0000,3723.8000,3723.2000,3722.2000,3728.8000,3729.8000,3730.0000,3730.4000,3731.4000,1,3,1,2,2,1,3,13,2,1
SF,IF2005,2020-04-13 10:19:36.100,3728.6000,10483,0,2514932700.000,0,-,-,-,-,3727.0000,3726.8000,3726.4000,3726.2000,3726.0000,3728.4000,3728.6000,3728.8000,3729.8000,3730.0000,2,1,2,3,2,1,3,1,3,13
SF,IF2005,2020-04-13 10:19:36.600,3728.6000,10483,0,2514932700.000,0,-,-,-,-,3727.2000,3727.0000,3726.4000,3726.2000,3726.0000,3728.4000,3728.6000,3728.8000,3729.8000,3730.0000,2,2,1,2,2,1,2,1,3,13
SF,IF2005,2020-04-13 10:19:37.100,3728.6000,10483,0,2514932700.000,0,-,-,-,-,3727.2000,3727.0000,3726.4000,3726.2000,3726.0000,3728.4000,3728.6000,3728.8000,3729.8000,3730.0000,2,2,1,2,2,1,2,1,3,13
SF,IF2005,2020-04-13 10:19:37.600,3728.6000,10483,0,2514932700.000,0,-,-,-,-,3727.2000,3727.0000,3726.4000,3726.2000,3726.0000,3728.4000,3728.6000,3728.8000,3729.8000,3730.0000,2,2,1,2,2,1,2,1,3,13
SF,IF2005,2020-04-13 10:19:38.100,3728.6000,10483,0,2514932700.000,0,-,-,-,-,3727.4000,3727.2000,3727.0000,3726.4000,3726.2000,3728.2000,3728.4000,3728.6000,3728.8000,3729.2000,1,2,2,1,2,1,1,1,1,2
SF,IF2005,2020-04-13 10:19:38.600,3728.6000,10483,0,2514932700.000,0,-,-,-,-,3727.4000,3727.2000,3727.0000,3726.4000,3726.2000,3728.2000,3728.4000,3728.6000,3728.8000,3729.2000,1,2,2,1,2,3,1,1,1,2
SF,IF2005,2020-04-13 10:19:39.100,3728.6000,10483,0,2514932700.000,0,-,-,-,-,3727.2000,3727.0000,3726.4000,3726.2000,3726.0000,3728.2000,3728.4000,3728.6000,3728.8000,3729.2000,2,2,1,2,2,1,1,1,1,2
SF,IF2005,2020-04-13 10:19:39.600,3728.6000,10483,0,2514932700.000,0,-,-,-,-,3727.2000,3727.0000,3726.4000,3726.2000,3726.0000,3728.4000,3728.6000,3728.8000,3729.2000,3729.8000,2,2,1,2,2,1,1,1,2,3
SF,IF2005,2020-04-13 10:19:40.100,3728.6000,10483,0,2514932700.000,0,-,-,-,-,3727.2000,3727.0000,3726.4000,3726.2000,3726.0000,3728.4000,3728.6000,3728.8000,3729.2000,3729.8000,2,2,1,2,2,1,1,1,2,3
SF,IF2005,2020-04-13 10:19:40.600,3728.6000,10483,0,2514932700.000,0,-,-,-,-,3727.2000,3727.0000,3726.4000,3726.2000,3726.0000,3728.4000,3728.6000,3728.8000,3729.2000,3729.8000,2,2,1,2,2,1,1,1,2,3
SF,IF2005,2020-04-13 10:19:41.100,3728.6000,10483,0,2514932700.000,0,-,-,-,-,3727.2000,3727.0000,3726.4000,3726.2000,3726.0000,3728.4000,3728.6000,3728.8000,3729.2000,3729.8000,2,2,1,2,2,1,1,1,2,3
SF,IF2005,2020-04-13 10:19:41.600,3728.6000,10483,0,2514932700.000,0,-,-,-,-,3727.2000,3727.0000,3726.4000,3726.2000,3726.0000,3728.4000,3728.6000,3728.8000,3729.2000,3729.8000,2,2,1,2,2,2,1,1,2,3
SF,IF2005,2020-04-13 10:19:42.100,3728.6000,10483,0,2514932700.000,0,-,-,-,-,3727.2000,3727.0000,3726.4000,3726.2000,3726.0000,3728.4000,3728.6000,3728.8000,3729.2000,3729.8000,2,2,1,2,2,1,1,1,2,3
SF,IF2005,2020-04-13 10:19:42.600,3728.6000,10483,0,2514932700.000,0,-,-,-,-,3727.2000,3727.0000,3726.4000,3726.2000,3726.0000,3728.4000,3728.6000,3728.8000,3729.2000,3729.8000,2,2,1,2,2,1,1,1,2,3
SF,IF2005,2020-04-13 10:19:43.100,3728.6000,10483,0,2514932700.000,0,-,-,-,-,3727.4000,3727.2000,3726.4000,3726.2000,3726.0000,3728.4000,3728.6000,3728.8000,3729.2000,3729.8000,4,2,1,2,2,1,1,1,2,3
SF,IF2005,2020-04-13 10:19:43.600,3728.6000,10483,0,2514932700.000,0,-,-,-,-,3727.4000,3727.2000,3726.4000,3726.2000,3726.0000,3728.4000,3728.6000,3728.8000,3729.2000,3729.8000,4,2,1,2,2,1,1,1,2,3
SF,IF2005,2020-04-13 10:19:44.100,3728.6000,10483,0,2514932700.000,0,-,-,-,-,3727.4000,3727.2000,3726.4000,3726.2000,3726.0000,3728.4000,3728.6000,3728.8000,3729.2000,3729.8000,4,2,1,2,2,1,1,1,2,3
SF,IF2005,2020-04-13 10:19:44.600,3728.6000,10483,0,2514932700.000,0,-,-,-,-,3727.4000,3727.2000,3726.4000,3726.2000,3726.0000,3728.4000,3728.6000,3728.8000,3729.2000,3729.8000,4,2,1,2,2,2,1,1,2,3
SF,IF2005,2020-04-13 10:19:45.100,3728.6000,10483,0,2514932700.000,0,-,-,-,-,3727.4000,3727.2000,3726.4000,3726.2000,3726.0000,3728.4000,3728.6000,3728.8000,3729.2000,3729.8000,2,2,1,2,2,1,1,1,2,3
SF,IF2005,2020-04-13 10:19:45.600,3728.6000,10483,0,2514932700.000,0,-,-,-,-,3727.4000,3727.2000,3726.4000,3726.2000,3726.0000,3728.4000,3728.6000,3728.8000,3729.2000,3729.8000,2,2,1,2,2,1,1,1,2,3
SF,IF2005,2020-04-13 10:19:46.100,3728.6000,10483,0,2514932700.000,0,-,-,-,-,3727.4000,3727.2000,3726.4000,3726.2000,3726.0000,3728.4000,3728.6000,3728.8000,3729.2000,3729.8000,2,2,1,2,2,1,1,1,2,3
SF,IF2005,2020-04-13 10:19:47.600,3728.6000,10483,0,2514932700.000,0,-,-,-,-,3727.4000,3727.2000,3726.4000,3726.2000,3726.0000,3728.4000,3728.6000,3728.8000,3729.2000,3729.8000,2,2,1,2,2,2,1,1,2,3
SF,IF2005,2020-04-13 10:19:48.100,3728.6000,10483,0,2514932700.000,0,-,-,-,-,3727.4000,3727.2000,3726.4000,3726.2000,3726.0000,3728.4000,3728.6000,3728.8000,3729.2000,3729.8000,2,2,1,2,2,2,1,1,2,3
SF,IF2005,2020-04-13 10:19:48.600,3728.6000,10483,0,2514932700.000,0,-,-,-,-,3727.4000,3727.2000,3726.4000,3726.2000,3726.0000,3728.4000,3728.6000,3728.8000,3729.2000,3729.8000,2,2,1,2,2,2,1,1,2,3
SF,IF2005,2020-04-13 10:19:49.100,3728.6000,10483,0,2514932700.000,0,-,-,-,-,3727.4000,3727.2000,3726.4000,3726.2000,3726.0000,3728.4000,3728.6000,3728.8000,3729.2000,3729.8000,2,2,1,2,2,2,1,1,2,3
SF,IF2005,2020-04-13 10:19:49.600,3728.6000,10483,0,2514932700.000,0,-,-,-,-,3727.4000,3727.2000,3726.4000,3726.2000,3726.0000,3728.4000,3728.6000,3728.8000,3729.2000,3729.8000,2,2,1,2,2,2,1,1,2,3
SF,IF2005,2020-04-13 10:19:50.100,3728.6000,10483,0,2514932700.000,0,-,-,-,-,3727.6000,3727.4000,3726.4000,3726.2000,3726.0000,3728.4000,3728.6000,3728.8000,3729.2000,3729.8000,3,2,1,2,2,1,1,1,2,3
SF,IF2005,2020-04-13 10:19:50.600,3728.6000,10483,0,2514932700.000,0,-,-,-,-,3727.6000,3727.4000,3726.4000,3726.2000,3726.0000,3728.4000,3728.6000,3728.8000,3729.2000,3729.8000,3,2,1,2,2,1,1,1,2,3
SF,IF2005,2020-04-13 10:19:51.100,3728.6000,10483,0,2514932700.000,0,-,-,-,-,3727.6000,3727.4000,3726.4000,3726.2000,3726.0000,3728.4000,3728.6000,3728.8000,3729.2000,3729.8000,3,2,1,2,2,1,1,1,2,3
SF,IF2005,2020-04-13 10:19:51.600,3728.6000,10483,0,2514932700.000,0,-,-,-,-,3727.6000,3727.4000,3726.4000,3726.2000,3726.0000,3728.4000,3728.6000,3728.8000,3729.2000,3729.8000,3,2,1,2,2,2,1,1,2,3
SF,IF2005,2020-04-13 10:19:52.100,3728.4000,10484,1,2516051220.000,1,1,0,双开,S,3727.6000,3727.4000,3726.4000,3726.2000,3726.0000,3728.6000,3728.8000,3729.2000,3729.8000,3730.0000,2,2,1,2,2,1,1,2,3,13
SF,IF2005,2020-04-13 10:19:52.600,3728.4000,10484,0,2516051220.000,0,-,-,-,-,3727.6000,3727.4000,3726.4000,3726.2000,3726.0000,3728.6000,3728.8000,3729.2000,3729.8000,3730.0000,2,2,1,2,2,2,1,2,3,13
SF,IF2005,2020-04-13 10:19:53.100,3728.4000,10484,0,2516051220.000,0,-,-,-,-,3727.6000,3727.4000,3726.4000,3726.2000,3726.0000,3728.6000,3728.8000,3729.2000,3729.8000,3730.0000,2,2,1,2,2,1,1,2,3,13
SF,IF2005,2020-04-13 10:19:53.600,3728.4000,10484,0,2516051220.000,0,-,-,-,-,3727.6000,3727.4000,3726.4000,3726.2000,3726.0000,3728.6000,3728.8000,3729.2000,3729.8000,3730.0000,2,2,1,2,2,1,1,2,3,13
SF,IF2005,2020-04-13 10:19:54.100,3728.4000,10484,0,2516051220.000,0,-,-,-,-,3727.6000,3727.4000,3726.4000,3726.2000,3726.0000,3728.6000,3728.8000,3729.2000,3729.8000,3730.0000,2,2,1,2,2,1,1,2,3,13
SF,IF2005,2020-04-13 10:19:54.600,3728.4000,10484,0,2516051220.000,0,-,-,-,-,3727.6000,3727.4000,3726.4000,3726.2000,3726.0000,3728.6000,3728.8000,3729.2000,3729.8000,3730.0000,2,2,1,2,2,2,1,2,3,13
SF,IF2005,2020-04-13 10:19:55.100,3728.4000,10484,0,2516051220.000,0,-,-,-,-,3727.8000,3727.6000,3727.4000,3726.4000,3726.2000,3728.6000,3728.8000,3729.2000,3729.8000,3730.0000,1,2,2,1,2,1,1,2,3,13
SF,IF2005,2020-04-13 10:19:56.100,3728.4000,10484,0,2516051220.000,0,-,-,-,-,3727.6000,3727.4000,3726.4000,3726.2000,3726.0000,3728.6000,3728.8000,3729.2000,3729.8000,3730.0000,2,2,1,2,2,2,1,2,3,13
SF,IF2005,2020-04-13 10:19:56.600,3728.4000,10484,0,2516051220.000,0,-,-,-,-,3727.8000,3727.6000,3727.4000,3726.4000,3726.2000,3728.8000,3729.8000,3730.0000,3731.4000,3731.6000,4,2,1,1,2,1,3,13,1,2
SF,IF2005,2020-04-13 10:19:57.100,3728.4000,10484,0,2516051220.000,0,-,-,-,-,3727.8000,3727.6000,3727.4000,3726.4000,3726.2000,3728.8000,3729.8000,3730.0000,3730.2000,3731.4000,4,2,1,1,2,1,3,13,2,1
SF,IF2005,2020-04-13 10:19:57.600,3728.4000,10484,0,2516051220.000,0,-,-,-,-,3727.8000,3727.6000,3726.4000,3726.2000,3726.0000,3728.8000,3729.8000,3730.0000,3730.2000,3731.4000,4,2,1,2,2,1,3,13,2,1
SF,IF2005,2020-04-13 10:19:58.100,3728.4000,10484,0,2516051220.000,0,-,-,-,-,3727.8000,3727.6000,3726.4000,3726.2000,3726.0000,3728.8000,3729.8000,3730.0000,3730.2000,3731.4000,4,2,1,2,2,1,3,13,2,1
SF,IF2005,2020-04-13 10:19:58.600,3728.4000,10484,0,2516051220.000,0,-,-,-,-,3727.8000,3727.6000,3726.4000,3726.2000,3726.0000,3728.8000,3729.8000,3730.0000,3730.2000,3731.4000,4,2,1,2,2,1,3,13,2,1
SF,IF2005,2020-04-13 10:19:59.100,3728.4000,10484,0,2516051220.000,0,-,-,-,-,3727.8000,3727.6000,3726.4000,3726.2000,3726.0000,3728.8000,3729.8000,3730.0000,3730.2000,3731.4000,4,2,1,2,2,1,3,13,2,1
SF,IF2005,2020-04-13 10:20:00.100,3728.4000,10484,0,2516051220.000,0,-,-,-,-,3727.8000,3727.6000,3726.4000,3726.2000,3726.0000,3728.8000,3729.8000,3730.0000,3730.2000,3731.4000,4,2,1,2,2,1,3,13,2,1
SF,IF2005,2020-04-13 10:20:00.600,3728.4000,10484,0,2516051220.000,0,-,-,-,-,3727.8000,3727.6000,3726.4000,3726.2000,3726.0000,3728.8000,3729.8000,3730.0000,3730.2000,3731.4000,4,2,1,2,2,2,3,13,2,1
SF,IF2005,2020-04-13 10:20:02.100,3728.8000,10485,1,2518288500.000,2,1,1,空开,S,3728.0000,3727.8000,3727.6000,3726.4000,3726.2000,3729.8000,3730.0000,3730.2000,3731.4000,3731.6000,3,2,1,1,2,3,13,2,1,2
SF,IF2005,2020-04-13 10:20:02.600,3728.2000,10485,0,2519406960.000,1,0,1,多换,S,3728.2000,3728.0000,3727.8000,3726.4000,3726.2000,3729.6000,3729.8000,3730.0000,3730.2000,3731.4000,1,4,1,1,2,3,3,13,2,1
SF,IF2005,2020-04-13 10:20:03.100,3728.2000,10485,0,2519406960.000,0,-,-,-,-,3728.2000,3728.0000,3727.8000,3726.2000,3726.0000,3729.4000,3729.6000,3729.8000,3730.0000,3730.2000,1,4,1,2,2,1,3,3,13,2
SF,IF2005,2020-04-13 10:20:03.600,3728.2000,10485,0,2519406960.000,0,-,-,-,-,3728.2000,3728.0000,3727.8000,3726.2000,3726.0000,3729.0000,3729.2000,3729.4000,3729.6000,3729.8000,1,2,1,2,2,4,1,1,3,3
SF,IF2005,2020-04-13 10:20:04.100,3728.2000,10485,0,2519406960.000,0,-,-,-,-,3728.2000,3728.0000,3727.8000,3726.2000,3726.0000,3729.0000,3729.2000,3729.8000,3730.0000,3730.2000,1,2,1,2,2,1,3,3,13,2
SF,IF2005,2020-04-13 10:20:05.600,3728.2000,10485,0,2519406960.000,0,-,-,-,-,3728.2000,3728.0000,3727.8000,3726.2000,3726.0000,3729.0000,3729.2000,3729.8000,3730.0000,3730.2000,1,2,1,2,2,1,3,3,13,2
SF,IF2005,2020-04-13 10:20:06.100,3728.2000,10485,0,2519406960.000,0,-,-,-,-,3728.0000,3727.8000,3726.2000,3726.0000,3723.8000,3729.0000,3729.2000,3729.8000,3730.0000,3730.2000,2,1,2,2,1,1,3,3,13,2
SF,IF2005,2020-04-13 10:20:06.600,3728.2000,10485,0,2519406960.000,0,-,-,-,-,3728.2000,3728.0000,3727.8000,3726.2000,3726.0000,3729.0000,3729.2000,3729.8000,3730.0000,3730.2000,1,2,1,2,2,1,3,3,13,2
SF,IF2005,2020-04-13 10:20:07.100,3728.2000,10485,0,2519406960.000,0,-,-,-,-,3728.0000,3727.8000,3726.2000,3726.0000,3723.8000,3729.0000,3729.2000,3729.8000,3730.0000,3730.2000,2,1,2,2,1,1,3,3,13,2
SF,IF2005,2020-04-13 10:20:07.600,3728.2000,10485,0,2519406960.000,0,-,-,-,-,3728.2000,3728.0000,3727.8000,3726.2000,3726.0000,3729.0000,3729.2000,3729.4000,3729.8000,3730.0000,1,2,1,2,2,1,3,1,3,13
SF,IF2005,2020-04-13 10:20:08.100,3728.2000,10485,0,2519406960.000,0,-,-,-,-,3728.2000,3728.0000,3727.8000,3726.2000,3726.0000,3729.0000,3729.2000,3729.4000,3729.8000,3730.0000,1,2,1,2,2,1,3,1,3,13
SF,IF2005,2020-04-13 10:20:08.600,3728.2000,10485,0,2519406960.000,0,-,-,-,-,3728.0000,3727.8000,3726.2000,3726.0000,3723.8000,3729.0000,3729.2000,3729.4000,3729.8000,3730.0000,2,1,2,2,1,1,3,1,3,13
SF,IF2005,2020-04-13 10:20:10.100,3728.2000,10485,0,2519406960.000,0,-,-,-,-,3728.2000,3728.0000,3727.8000,3726.2000,3726.0000,3729.0000,3729.2000,3729.4000,3729.8000,3730.0000,1,2,1,2,2,1,3,1,3,13
SF,IF2005,2020-04-13 10:20:10.600,3728.2000,10485,0,2519406960.000,0,-,-,-,-,3728.0000,3727.8000,3726.2000,3726.0000,3723.8000,3729.0000,3729.2000,3729.4000,3729.8000,3730.0000,2,1,2,2,1,1,3,1,3,13
SF,IF2005,2020-04-13 10:20:11.100,3728.2000,10485,0,2519406960.000,0,-,-,-,-,3727.8000,3726.2000,3726.0000,3723.8000,3723.2000,3728.0000,3728.8000,3729.0000,3729.2000,3729.4000,1,2,2,1,2,1,1,1,2,1
SF,IF2005,2020-04-13 10:20:11.600,3728.0000,10486,1,2520525360.000,1,1,0,双开,S,3727.8000,3726.2000,3726.0000,3723.8000,3723.2000,3728.8000,3729.0000,3729.2000,3729.4000,3729.8000,1,1,2,1,2,1,1,1,1,3
SF,IF2005,2020-04-13 10:20:12.100,3727.8000,10486,0,2521643700.000,1,0,1,多换,S,3726.2000,3726.0000,3723.8000,3723.2000,3722.2000,3728.6000,3729.4000,3729.8000,3730.0000,3730.2000,1,2,1,2,2,4,1,3,13,2
SF,IF2005,2020-04-13 10:20:12.600,3727.8000,10486,0,2521643700.000,0,-,-,-,-,3727.0000,3726.8000,3726.6000,3726.4000,3726.2000,3727.8000,3728.6000,3729.4000,3729.8000,3730.0000,1,1,6,4,3,1,4,1,3,13
SF,IF2005,2020-04-13 10:20:13.100,3727.8000,10486,0,2522762040.000,1,0,1,多换,S,3727.8000,3727.2000,3727.0000,3726.8000,3726.6000,3728.6000,3729.4000,3729.8000,3730.0000,3730.2000,1,1,1,1,4,4,1,3,13,2
SF,IF2005,2020-04-13 10:20:13.600,3727.8000,10487,1,2523880380.000,1,1,0,双开,S,3727.2000,3726.6000,3726.4000,3726.2000,3726.0000,3728.6000,3729.4000,3729.8000,3730.0000,3730.2000,1,3,2,1,2,3,1,3,13,2
SF,IF2005,2020-04-13 10:20:14.100,3727.8000,10488,1,2524998720.000,1,1,0,双开,S,3727.8000,3727.4000,3727.2000,3726.6000,3726.4000,3728.6000,3729.4000,3729.8000,3730.0000,3730.2000,1,2,1,3,2,3,1,3,13,2
SF,IF2005,2020-04-13 10:20:14.600,3727.8000,10489,1,2526117060.000,1,1,0,双开,S,3727.6000,3727.4000,3727.2000,3726.6000,3726.4000,3728.6000,3729.4000,3729.8000,3730.0000,3730.2000,1,2,1,3,2,3,1,3,13,2
SF,IF2005,2020-04-13 10:20:15.100,3727.8000,10489,0,2527235400.000,1,0,1,多换,S,3727.4000,3726.6000,3726.4000,3726.2000,3726.0000,3728.6000,3729.4000,3729.8000,3730.0000,3730.2000,1,3,2,1,2,2,1,3,13,2
SF,IF2005,2020-04-13 10:20:15.600,3727.8000,10489,0,2527235400.000,0,-,-,-,-,3727.8000,3727.6000,3727.4000,3726.6000,3726.4000,3729.4000,3729.8000,3730.0000,3730.2000,3731.4000,3,1,1,3,2,1,3,13,2,1
SF,IF2005,2020-04-13 10:20:16.100,3727.8000,10489,0,2527235400.000,0,-,-,-,-,3728.6000,3728.2000,3728.0000,3727.8000,3726.6000,3729.2000,3729.4000,3729.8000,3730.0000,3730.2000,2,2,3,1,2,1,1,3,13,2
SF,IF2005,2020-04-13 10:20:16.600,3728.2000,10489,0,2530591020.000,3,1,2,多换,S,3728.0000,3727.8000,3726.6000,3726.4000,3726.2000,3729.2000,3729.4000,3729.8000,3730.0000,3730.2000,1,1,2,1,1,3,1,3,13,2
SF,IF2005,2020-04-13 10:20:17.100,3728.2000,10489,0,2530591020.000,0,-,-,-,-,3728.2000,3728.0000,3726.6000,3726.4000,3726.2000,3729.2000,3729.4000,3729.8000,3730.0000,3730.2000,1,1,2,1,1,3,1,3,13,2
SF,IF2005,2020-04-13 10:20:21.100,3728.2000,10489,0,2530591020.000,0,-,-,-,-,3728.2000,3728.0000,3726.6000,3726.4000,3726.2000,3729.2000,3729.4000,3729.8000,3730.0000,3730.2000,1,1,2,1,1,4,1,3,13,2
SF,IF2005,2020-04-13 10:20:25.100,3728.2000,10489,0,2530591020.000,0,-,-,-,-,3728.0000,3726.6000,3726.4000,3726.2000,3726.0000,3729.2000,3729.4000,3729.8000,3730.0000,3730.2000,1,2,1,1,2,4,1,3,13,2
SF,IF2005,2020-04-13 10:20:25.600,3729.2000,10489,0,2531709780.000,1,0,1,多换,S,3728.6000,3728.4000,3728.2000,3728.0000,3726.6000,3729.2000,3729.4000,3729.8000,3730.0000,3731.4000,1,1,1,1,1,1,1,3,13,1
SF,IF2005,2020-04-13 10:20:26.100,3729.2000,10489,0,2531709780.000,0,-,-,-,-,3728.4000,3728.2000,3728.0000,3727.4000,3726.6000,3729.2000,3729.4000,3729.8000,3730.0000,3731.2000,1,2,1,1,1,1,1,3,13,2
SF,IF2005,2020-04-13 10:20:26.600,3729.2000,10490,1,2532828540.000,1,1,0,双开,S,3728.6000,3728.2000,3728.0000,3727.4000,3726.6000,3729.4000,3729.8000,3730.0000,3731.2000,3731.4000,1,2,1,1,1,1,3,13,2,1
SF,IF2005,2020-04-13 10:20:27.100,3729.4000,10489,-1,2533947360.000,1,0,1,双平,S,3729.2000,3728.8000,3728.6000,3728.4000,3727.4000,3729.8000,3730.0000,3731.2000,3731.4000,3731.6000,1,2,1,1,1,3,13,2,1,2
SF,IF2005,2020-04-13 10:20:27.600,3729.4000,10489,0,2533947360.000,0,-,-,-,-,3729.4000,3728.8000,3728.6000,3728.4000,3727.4000,3729.8000,3730.0000,3731.2000,3731.4000,3731.6000,1,2,1,1,1,3,13,2,1,2
SF,IF2005,2020-04-13 10:20:28.100,3729.4000,10489,0,2533947360.000,0,-,-,-,-,3729.4000,3728.8000,3728.6000,3728.4000,3727.4000,3729.8000,3730.0000,3731.2000,3731.4000,3731.6000,1,2,1,1,1,3,13,2,1,1
SF,IF2005,2020-04-13 10:20:28.600,3729.8000,10489,0,2537304180.000,3,1,2,多换,S,3729.8000,3728.8000,3728.6000,3727.4000,3726.6000,3730.0000,3731.2000,3731.4000,3731.6000,3731.8000,1,2,1,1,1,13,2,1,1,2
SF,IF2005,2020-04-13 10:20:29.100,3730.0000,10489,0,2540661120.000,3,1,2,多换,S,3728.8000,3728.6000,3727.4000,3726.6000,3726.4000,3730.0000,3731.2000,3731.4000,3731.6000,3731.8000,2,1,1,1,1,11,2,1,1,2
SF,IF2005,2020-04-13 10:20:29.600,3730.0000,10489,0,2544018120.000,3,1,2,多换,S,3729.0000,3728.8000,3727.4000,3726.4000,3726.2000,3730.0000,3731.2000,3731.4000,3731.8000,3732.0000,5,2,1,1,1,8,2,1,2,1
SF,IF2005,2020-04-13 10:20:30.100,3730.0000,10489,0,2544018120.000,0,-,-,-,-,3729.2000,3729.0000,3728.8000,3727.4000,3726.4000,3730.0000,3731.2000,3731.4000,3731.8000,3732.0000,2,4,1,1,1,8,2,1,2,1
SF,IF2005,2020-04-13 10:20:30.600,3729.4000,10488,-1,2550731940.000,6,2,4,多平,S,3729.2000,3729.0000,3727.4000,3726.2000,3726.0000,3730.0000,3731.4000,3731.8000,3732.0000,3732.8000,6,3,1,1,2,3,1,2,1,2
SF,IF2005,2020-04-13 10:20:31.100,3730.0000,10487,-1,2551850940.000,1,0,1,双平,S,3729.2000,3729.0000,3727.4000,3726.2000,3726.0000,3730.0000,3731.4000,3731.8000,3732.0000,3732.2000,3,2,1,1,2,3,1,2,1,2
SF,IF2005,2020-04-13 10:20:31.600,3730.0000,10487,0,2551850940.000,0,-,-,-,-,3729.6000,3729.2000,3729.0000,3727.4000,3726.2000,3730.0000,3731.4000,3731.8000,3732.0000,3732.2000,1,3,2,1,1,3,1,2,1,2
SF,IF2005,2020-04-13 10:20:32.100,3730.0000,10485,-2,2555207940.000,3,0,3,多平,S,3730.0000,3729.4000,3729.2000,3729.0000,3727.4000,3731.4000,3731.8000,3732.0000,3732.2000,3733.0000,1,1,3,1,1,1,2,1,2,1
SF,IF2005,2020-04-13 10:20:32.600,3730.0000,10486,1,2556326940.000,1,1,0,双开,S,3729.4000,3729.2000,3729.0000,3727.4000,3726.2000,3730.6000,3730.8000,3731.2000,3731.4000,3731.8000,1,3,1,1,1,3,5,2,2,1
SF,IF2005,2020-04-13 10:20:33.100,3730.0000,10486,0,2556326940.000,0,-,-,-,-,3729.4000,3729.2000,3729.0000,3727.4000,3726.2000,3730.2000,3730.4000,3730.6000,3730.8000,3731.2000,1,1,1,1,1,1,1,2,5,2
SF,IF2005,2020-04-13 10:20:33.600,3730.0000,10486,0,2556326940.000,0,-,-,-,-,3729.0000,3727.4000,3726.2000,3726.0000,3723.8000,3730.2000,3730.4000,3730.8000,3731.2000,3731.4000,1,1,1,2,1,3,1,5,2,2
SF,IF2005,2020-04-13 10:20:34.100,3730.0000,10486,0,2556326940.000,0,-,-,-,-,3729.2000,3729.0000,3727.4000,3726.2000,3726.0000,3730.0000,3730.2000,3730.8000,3731.2000,3731.4000,1,1,1,1,2,2,3,5,2,2
SF,IF2005,2020-04-13 10:20:34.600,3730.0000,10486,0,2556326940.000,0,-,-,-,-,3729.0000,3727.4000,3726.2000,3726.0000,3723.8000,3730.0000,3730.2000,3730.8000,3731.2000,3731.4000,1,1,1,2,1,2,3,5,2,2
SF,IF2005,2020-04-13 10:20:35.600,3730.0000,10486,0,2556326940.000,0,-,-,-,-,3727.4000,3726.2000,3726.0000,3723.8000,3723.2000,3729.8000,3730.0000,3730.2000,3730.8000,3731.2000,1,1,2,1,2,1,2,2,5,2
SF,IF2005,2020-04-13 10:20:36.100,3730.0000,10486,0,2556326940.000,0,-,-,-,-,3728.4000,3728.2000,3728.0000,3727.8000,3727.6000,3729.6000,3729.8000,3730.0000,3730.8000,3731.2000,1,1,2,6,6,2,1,1,5,2
SF,IF2005,2020-04-13 10:20:36.600,3729.6000,10486,0,2557445820.000,1,0,1,多换,S,3728.6000,3728.4000,3728.2000,3728.0000,3727.8000,3729.6000,3729.8000,3730.0000,3731.2000,3731.4000,2,2,1,2,3,1,1,1,2,2
SF,IF2005,2020-04-13 10:20:37.100,3729.6000,10486,0,2557445820.000,0,-,-,-,-,3728.8000,3728.6000,3728.4000,3728.2000,3728.0000,3729.6000,3729.8000,3730.0000,3731.2000,3731.4000,1,2,1,1,2,1,1,1,2,4
SF,IF2005,2020-04-13 10:20:37.600,3729.6000,10486,0,2557445820.000,0,-,-,-,-,3728.8000,3728.4000,3728.2000,3728.0000,3727.8000,3729.6000,3729.8000,3730.0000,3731.2000,3731.4000,1,1,1,2,3,1,1,1,2,4
SF,IF2005,2020-04-13 10:20:38.600,3729.6000,10486,0,2557445820.000,0,-,-,-,-,3728.8000,3728.4000,3728.2000,3727.8000,3727.6000,3729.6000,3729.8000,3730.0000,3731.2000,3731.4000,1,1,1,3,8,1,1,1,2,4
SF,IF2005,2020-04-13 10:20:41.100,3729.6000,10486,0,2557445820.000,0,-,-,-,-,3728.8000,3728.4000,3728.2000,3727.8000,3727.6000,3729.6000,3729.8000,3730.0000,3731.2000,3731.4000,1,1,1,3,6,1,1,1,2,3
SF,IF2005,2020-04-13 10:20:41.600,3728.8000,10486,0,2558564460.000,1,0,1,多换,S,3728.4000,3728.2000,3727.8000,3727.6000,3727.4000,3729.6000,3729.8000,3730.0000,3731.2000,3731.4000,1,1,3,6,2,1,1,1,2,3
SF,IF2005,2020-04-13 10:20:42.100,3728.4000,10486,0,2559682980.000,1,0,1,多换,S,3728.2000,3727.8000,3727.6000,3727.4000,3726.0000,3729.4000,3729.6000,3729.8000,3730.0000,3731.2000,1,3,6,2,2,1,1,1,1,2
SF,IF2005,2020-04-13 10:20:42.600,3728.2000,10486,0,2560801440.000,1,0,1,多换,S,3727.8000,3727.6000,3727.4000,3726.0000,3723.8000,3729.4000,3729.6000,3730.0000,3731.2000,3731.4000,1,5,2,2,1,3,1,1,2,3
SF,IF2005,2020-04-13 10:20:43.100,3728.2000,10486,0,2560801440.000,0,-,-,-,-,3728.0000,3727.8000,3727.6000,3727.4000,3726.0000,3729.4000,3729.6000,3730.0000,3731.2000,3731.4000,2,1,5,2,2,3,1,1,2,3
SF,IF2005,2020-04-13 10:20:43.600,3728.2000,10486,0,2560801440.000,0,-,-,-,-,3728.0000,3727.8000,3727.6000,3727.4000,3726.0000,3729.4000,3729.6000,3730.0000,3731.2000,3731.4000,3,1,5,2,2,3,1,1,2,3
SF,IF2005,2020-04-13 10:20:44.600,3728.2000,10486,0,2560801440.000,0,-,-,-,-,3728.4000,3728.2000,3728.0000,3727.8000,3727.6000,3729.4000,3729.6000,3730.0000,3730.8000,3731.2000,2,1,1,1,5,3,1,1,1,2
SF,IF2005,2020-04-13 10:20:45.100,3728.2000,10486,0,2560801440.000,0,-,-,-,-,3728.4000,3728.2000,3728.0000,3727.8000,3727.6000,3729.4000,3729.6000,3730.0000,3730.8000,3731.2000,2,2,1,1,5,3,1,1,1,2
SF,IF2005,2020-04-13 10:20:46.100,3729.4000,10486,0,2561920260.000,1,0,1,多换,S,3728.4000,3728.2000,3728.0000,3727.8000,3727.6000,3729.4000,3729.6000,3730.0000,3730.8000,3731.2000,2,2,1,1,5,2,1,1,1,2
SF,IF2005,2020-04-13 10:20:46.600,3729.4000,10486,0,2561920260.000,0,-,-,-,-,3728.2000,3728.0000,3727.8000,3727.6000,3727.4000,3729.4000,3729.6000,3730.0000,3730.8000,3731.2000,2,1,1,5,2,2,1,1,1,2
SF,IF2005,2020-04-13 10:20:47.100,3729.4000,10486,0,2563039080.000,1,0,1,多换,S,3728.4000,3728.2000,3727.6000,3727.4000,3726.0000,3729.4000,3729.6000,3730.0000,3730.8000,3731.2000,2,2,5,2,2,1,1,1,1,2
SF,IF2005,2020-04-13 10:20:47.600,3729.4000,10486,0,2563039080.000,0,-,-,-,-,3728.6000,3728.4000,3728.2000,3727.6000,3727.4000,3729.4000,3729.6000,3730.0000,3730.8000,3731.2000,1,6,1,4,2,1,1,1,1,2
SF,IF2005,2020-04-13 10:20:48.100,3729.4000,10486,0,2564157900.000,1,0,1,多换,S,3728.6000,3728.4000,3728.2000,3727.6000,3727.4000,3729.6000,3730.0000,3730.8000,3731.2000,3731.4000,1,6,1,4,2,1,1,1,2,3
SF,IF2005,2020-04-13 10:20:48.600,3729.4000,10486,0,2564157900.000,0,-,-,-,-,3728.4000,3728.2000,3727.6000,3727.4000,3726.0000,3729.6000,3730.0000,3730.8000,3731.2000,3731.4000,3,1,4,2,2,1,1,1,2,3
SF,IF2005,2020-04-13 10:20:49.100,3729.4000,10486,0,2564157900.000,0,-,-,-,-,3728.6000,3728.4000,3728.2000,3727.6000,3727.4000,3729.6000,3730.0000,3730.8000,3731.2000,3731.4000,2,3,1,4,2,1,1,1,2,3
SF,IF2005,2020-04-13 10:20:50.100,3729.4000,10486,0,2564157900.000,0,-,-,-,-,3729.6000,3728.8000,3728.6000,3728.4000,3728.2000,3730.0000,3730.8000,3731.2000,3731.4000,3732.0000,1,3,1,2,1,1,1,2,3,1
SF,IF2005,2020-04-13 10:20:50.600,3729.6000,10487,1,2565276780.000,1,1,0,双开,S,3728.8000,3728.4000,3728.2000,3727.6000,3727.4000,3730.0000,3730.8000,3731.2000,3731.4000,3732.0000,1,1,1,4,2,1,1,2,3,1
SF,IF2005,2020-04-13 10:20:51.100,3730.0000,10487,0,2566395780.000,1,0,1,多换,S,3729.0000,3728.8000,3728.2000,3727.6000,3727.4000,3730.8000,3731.2000,3731.4000,3732.0000,3733.0000,3,2,1,4,2,1,2,3,1,1
SF,IF2005,2020-04-13 10:20:51.600,3730.0000,10487,0,2566395780.000,0,-,-,-,-,3729.0000,3728.8000,3728.2000,3727.6000,3727.4000,3730.2000,3730.6000,3730.8000,3731.2000,3731.4000,1,2,1,4,2,2,5,1,2,3
SF,IF2005,2020-04-13 10:20:52.100,3730.2000,10487,0,2567514840.000,1,0,1,多换,S,3729.2000,3729.0000,3728.8000,3728.2000,3727.6000,3730.6000,3730.8000,3731.2000,3731.4000,3732.0000,5,2,2,1,4,3,1,2,3,1
SF,IF2005,2020-04-13 10:20:52.600,3730.2000,10487,0,2567514840.000,0,-,-,-,-,3729.2000,3729.0000,3728.8000,3728.2000,3727.6000,3730.4000,3730.6000,3730.8000,3731.2000,3731.4000,2,1,2,1,4,2,2,1,2,3
SF,IF2005,2020-04-13 10:20:53.100,3730.2000,10487,0,2567514840.000,0,-,-,-,-,3729.2000,3729.0000,3728.8000,3728.2000,3727.6000,3730.4000,3730.6000,3730.8000,3731.2000,3731.4000,2,1,1,1,4,2,2,1,2,3
SF,IF2005,2020-04-13 10:20:53.600,3730.2000,10487,0,2567514840.000,0,-,-,-,-,3729.4000,3729.2000,3728.8000,3728.2000,3727.6000,3730.4000,3730.6000,3730.8000,3731.2000,3731.4000,1,2,1,1,4,2,2,1,1,3
SF,IF2005,2020-04-13 10:20:54.600,3730.2000,10487,0,2567514840.000,0,-,-,-,-,3729.4000,3729.2000,3728.8000,3728.2000,3727.6000,3730.4000,3730.6000,3730.8000,3731.2000,3731.4000,1,2,1,1,4,2,2,1,1,3
SF,IF2005,2020-04-13 10:20:55.100,3730.2000,10487,0,2567514840.000,0,-,-,-,-,3729.4000,3729.2000,3728.8000,3727.6000,3727.4000,3730.4000,3730.6000,3730.8000,3731.2000,3731.4000,1,2,1,4,2,2,2,1,1,3
SF,IF2005,2020-04-13 10:20:57.100,3730.2000,10487,0,2567514840.000,0,-,-,-,-,3729.4000,3729.2000,3728.8000,3727.6000,3727.4000,3730.2000,3730.4000,3730.6000,3730.8000,3731.2000,1,2,1,4,2,1,2,2,1,1
SF,IF2005,2020-04-13 10:20:58.100,3729.4000,10486,-1,2568633660.000,1,0,1,双平,S,3729.2000,3728.8000,3727.6000,3727.4000,3726.0000,3730.2000,3730.4000,3730.6000,3730.8000,3731.2000,2,1,4,2,2,1,2,2,1,1
SF,IF2005,2020-04-13 10:20:58.600,3729.4000,10486,0,2568633660.000,0,-,-,-,-,3729.2000,3728.8000,3727.6000,3727.4000,3726.0000,3730.0000,3730.2000,3730.4000,3730.6000,3730.8000,2,1,4,2,2,1,1,2,1,1
SF,IF2005,2020-04-13 10:20:59.100,3730.0000,10486,0,2569752660.000,1,0,1,多换,S,3729.2000,3728.8000,3727.6000,3727.4000,3726.0000,3730.2000,3730.4000,3730.6000,3730.8000,3731.2000,2,1,4,2,2,1,2,1,1,1
SF,IF2005,2020-04-13 10:21:02.100,3730.0000,10486,0,2569752660.000,0,-,-,-,-,3729.4000,3729.2000,3728.8000,3727.6000,3727.4000,3730.2000,3730.4000,3730.6000,3730.8000,3731.2000,1,2,1,4,2,1,2,1,1,1
SF,IF2005,2020-04-13 10:21:02.600,3730.0000,10486,0,2569752660.000,0,-,-,-,-,3729.2000,3728.8000,3727.6000,3727.4000,3726.0000,3730.2000,3730.4000,3730.6000,3730.8000,3731.2000,2,1,4,2,2,1,2,1,1,1
SF,IF2005,2020-04-13 10:21:04.600,3730.0000,10486,0,2569752660.000,0,-,-,-,-,3729.2000,3728.8000,3727.6000,3727.4000,3726.0000,3730.0000,3730.2000,3730.4000,3730.6000,3730.8000,1,1,4,2,2,5,1,2,1,1
SF,IF2005,2020-04-13 10:21:05.100,3730.2000,10486,0,2571990480.000,2,1,1,多换,S,3728.8000,3727.6000,3727.4000,3726.0000,3723.8000,3730.4000,3730.8000,3731.2000,3731.4000,3732.0000,1,4,2,2,1,1,1,1,3,1
SF,IF2005,2020-04-13 10:21:05.600,3730.2000,10486,0,2571990480.000,0,-,-,-,-,3729.0000,3728.8000,3727.6000,3727.4000,3726.0000,3729.2000,3730.2000,3730.8000,3731.2000,3731.4000,1,1,4,2,2,1,3,1,1,3
SF,IF2005,2020-04-13 10:21:06.100,3729.2000,10487,1,2574228000.000,2,1,1,空开,S,3729.0000,3728.8000,3727.6000,3727.4000,3726.0000,3730.2000,3730.8000,3731.2000,3731.4000,3732.0000,1,1,4,2,2,7,1,1,3,1
SF,IF2005,2020-04-13 10:21:06.600,3729.0000,10487,0,2575346700.000,1,0,1,多换,S,3728.8000,3727.6000,3727.4000,3726.0000,3723.8000,3730.0000,3730.2000,3730.8000,3731.2000,3731.4000,1,4,2,2,1,1,2,1,1,3
SF,IF2005,2020-04-13 10:21:07.100,3728.8000,10487,0,2576465340.000,1,0,1,多换,S,3727.6000,3727.4000,3726.0000,3723.8000,3723.2000,3730.0000,3730.2000,3730.8000,3731.2000,3731.4000,4,2,2,1,2,1,2,1,1,3
SF,IF2005,2020-04-13 10:21:07.600,3728.8000,10487,0,2576465340.000,0,-,-,-,-,3729.0000,3728.6000,3728.4000,3728.2000,3728.0000,3729.8000,3730.0000,3730.2000,3730.8000,3731.2000,2,1,2,2,3,1,1,1,1,1
SF,IF2005,2020-04-13 10:21:08.100,3729.8000,10487,0,2577584280.000,1,0,1,多换,S,3729.0000,3728.6000,3728.4000,3728.2000,3728.0000,3730.0000,3730.2000,3730.8000,3731.2000,3731.4000,2,1,2,2,5,1,1,1,1,3
SF,IF2005,2020-04-13 10:21:08.600,3728.6000,10487,0,2578702860.000,1,0,1,多换,S,3728.4000,3728.2000,3728.0000,3727.8000,3727.6000,3729.0000,3730.0000,3730.2000,3730.8000,3731.2000,1,2,3,5,4,1,1,1,1,1
SF,IF2005,2020-04-13 10:21:09.100,3729.0000,10489,2,2580940260.000,2,2,0,双开,S,3728.6000,3728.4000,3728.2000,3728.0000,3727.8000,3730.8000,3731.2000,3731.4000,3732.0000,3733.0000,1,1,2,3,4,1,1,3,1,1
SF,IF2005,2020-04-13 10:21:09.600,3729.0000,10489,0,2580940260.000,0,-,-,-,-,3728.8000,3728.6000,3728.2000,3728.0000,3727.8000,3730.0000,3730.2000,3730.6000,3730.8000,3731.2000,1,1,2,2,4,2,6,1,2,1
SF,IF2005,2020-04-13 10:21:10.100,3729.0000,10490,1,2582058960.000,1,1,0,双开,S,3729.0000,3728.2000,3728.0000,3727.8000,3727.6000,3730.0000,3730.2000,3730.6000,3730.8000,3731.2000,1,2,2,3,3,2,1,1,1,1
SF,IF2005,2020-04-13 10:21:10.600,3729.0000,10490,0,2583177660.000,1,0,1,多换,S,3728.2000,3728.0000,3727.8000,3727.6000,3727.4000,3730.0000,3730.2000,3730.6000,3730.8000,3731.2000,2,2,3,3,2,2,1,1,1,1
SF,IF2005,2020-04-13 10:21:11.100,3728.6000,10490,0,2584296240.000,1,0,1,多换,S,3728.4000,3728.2000,3728.0000,3727.8000,3727.6000,3729.8000,3730.0000,3730.2000,3730.8000,3731.2000,1,2,2,3,2,1,2,1,1,1
SF,IF2005,2020-04-13 10:21:11.600,3729.8000,10490,0,2585415180.000,1,0,1,多换,S,3728.6000,3728.4000,3728.2000,3728.0000,3727.8000,3730.0000,3730.2000,3730.8000,3731.2000,3731.4000,2,3,2,3,2,2,1,1,1,3
SF,IF2005,2020-04-13 10:21:12.100,3729.8000,10490,0,2585415180.000,0,-,-,-,-,3728.8000,3728.6000,3728.2000,3728.0000,3727.8000,3729.8000,3730.0000,3730.2000,3730.8000,3731.2000,1,1,2,2,2,1,2,1,1,1
SF,IF2005,2020-04-13 10:21:13.100,3728.8000,10490,0,2587652760.000,2,1,1,多换,S,3728.6000,3728.2000,3728.0000,3727.8000,3727.6000,3730.0000,3730.2000,3730.8000,3731.2000,3731.4000,1,2,2,2,2,2,1,1,1,3
SF,IF2005,2020-04-13 10:21:13.600,3728.8000,10490,0,2587652760.000,0,-,-,-,-,3728.8000,3728.6000,3728.2000,3728.0000,3727.8000,3729.8000,3730.0000,3730.8000,3731.2000,3731.4000,1,1,2,2,2,2,2,1,1,3
SF,IF2005,2020-04-13 10:21:14.100,3728.8000,10490,0,2587652760.000,0,-,-,-,-,3728.8000,3728.6000,3728.2000,3728.0000,3727.8000,3729.8000,3730.0000,3730.8000,3731.2000,3731.4000,3,1,2,2,2,2,2,1,1,3
SF,IF2005,2020-04-13 10:21:14.600,3729.0000,10491,1,2589890400.000,2,1,1,空开,S,3728.8000,3728.6000,3728.2000,3728.0000,3727.8000,3729.8000,3730.0000,3730.8000,3731.2000,3731.4000,3,1,2,2,2,1,2,1,1,3
SF,IF2005,2020-04-13 10:21:15.600,3729.0000,10491,0,2589890400.000,0,-,-,-,-,3728.8000,3728.6000,3728.2000,3728.0000,3727.8000,3729.8000,3730.0000,3730.8000,3731.2000,3731.4000,3,1,2,2,2,1,2,1,3,3
SF,IF2005,2020-04-13 10:21:17.600,3729.0000,10491,0,2589890400.000,0,-,-,-,-,3728.8000,3727.8000,3727.6000,3727.4000,3726.0000,3729.6000,3729.8000,3730.0000,3730.8000,3731.2000,3,2,2,3,2,1,1,2,1,3
SF,IF2005,2020-04-13 10:21:18.100,3729.0000,10491,0,2589890400.000,0,-,-,-,-,3728.8000,3727.8000,3727.6000,3727.4000,3726.0000,3729.6000,3729.8000,3730.8000,3731.2000,3731.4000,3,2,2,3,2,3,1,1,1,3
SF,IF2005,2020-04-13 10:21:18.600,3729.0000,10491,0,2589890400.000,0,-,-,-,-,3728.8000,3727.8000,3727.6000,3727.4000,3726.0000,3729.6000,3729.8000,3730.8000,3731.2000,3731.4000,3,2,2,3,2,2,1,1,1,3
SF,IF2005,2020-04-13 10:21:19.100,3729.0000,10491,0,2589890400.000,0,-,-,-,-,3728.8000,3727.8000,3727.6000,3727.4000,3726.0000,3729.6000,3729.8000,3730.8000,3731.2000,3731.4000,1,2,2,3,2,2,1,1,1,3
SF,IF2005,2020-04-13 10:21:19.600,3729.0000,10491,0,2589890400.000,0,-,-,-,-,3729.0000,3728.8000,3727.8000,3727.6000,3727.4000,3729.4000,3729.6000,3730.8000,3731.2000,3731.4000,2,1,2,2,3,2,2,1,1,3
SF,IF2005,2020-04-13 10:21:20.100,3729.0000,10492,1,2591009100.000,1,1,0,双开,S,3729.0000,3728.8000,3727.8000,3727.6000,3727.4000,3729.4000,3729.6000,3730.8000,3731.2000,3731.4000,1,1,1,2,3,2,2,1,1,3
SF,IF2005,2020-04-13 10:21:20.600,3728.8000,10492,0,2593246440.000,2,1,1,多换,S,3727.8000,3727.6000,3727.4000,3726.0000,3723.8000,3728.0000,3728.8000,3729.2000,3729.4000,3729.6000,1,2,3,2,1,1,1,1,2,1
SF,IF2005,2020-04-13 10:21:21.100,3728.0000,10491,-1,2594364840.000,1,0,1,双平,S,3728.2000,3728.0000,3727.8000,3727.6000,3727.4000,3729.2000,3729.4000,3730.0000,3730.4000,3730.8000,1,3,1,1,2,1,1,5,2,1
SF,IF2005,2020-04-13 10:21:21.600,3728.0000,10491,0,2594364840.000,0,-,-,-,-,3728.2000,3728.0000,3727.6000,3727.4000,3726.0000,3729.2000,3729.4000,3730.0000,3730.4000,3730.8000,1,2,1,2,2,1,1,5,2,1
SF,IF2005,2020-04-13 10:21:22.100,3728.0000,10491,0,2594364840.000,0,-,-,-,-,3728.4000,3728.2000,3728.0000,3727.6000,3727.4000,3729.2000,3729.4000,3730.0000,3730.4000,3730.8000,1,1,1,1,2,1,1,5,2,1
SF,IF2005,2020-04-13 10:21:22.600,3728.0000,10491,0,2594364840.000,0,-,-,-,-,3728.4000,3728.2000,3727.6000,3727.4000,3726.0000,3729.2000,3729.4000,3730.0000,3730.4000,3730.8000,1,2,1,2,2,1,1,5,2,1
SF,IF2005,2020-04-13 10:21:23.100,3729.2000,10491,0,2595483600.000,1,0,1,多换,S,3728.2000,3727.6000,3727.4000,3726.0000,3723.8000,3729.4000,3730.0000,3730.4000,3730.8000,3731.2000,2,1,2,2,1,1,5,2,1,1
SF,IF2005,2020-04-13 10:21:23.600,3729.2000,10491,0,2595483600.000,0,-,-,-,-,3729.2000,3728.4000,3728.2000,3727.6000,3727.4000,3730.0000,3730.4000,3730.8000,3731.2000,3731.4000,1,1,1,1,2,5,2,1,1,1
SF,IF2005,2020-04-13 10:21:24.100,3729.2000,10491,0,2596602360.000,1,0,1,多换,S,3728.4000,3728.2000,3727.6000,3727.4000,3726.0000,3729.0000,3729.2000,3729.6000,3729.8000,3730.0000,2,1,1,2,2,1,3,2,7,5
SF,IF2005,2020-04-13 10:21:24.600,3729.2000,10491,0,2596602360.000,0,-,-,-,-,3728.4000,3728.2000,3727.6000,3727.4000,3726.0000,3729.2000,3729.6000,3729.8000,3730.0000,3730.4000,2,1,1,2,2,3,1,7,5,2
SF,IF2005,2020-04-13 10:21:25.100,3729.2000,10491,0,2596602360.000,0,-,-,-,-,3728.4000,3728.2000,3727.6000,3727.4000,3726.0000,3729.0000,3729.2000,3729.6000,3729.8000,3730.0000,1,1,1,2,2,5,1,1,2,5
SF,IF2005,2020-04-13 10:21:25.600,3729.2000,10491,0,2597721120.000,1,0,1,多换,S,3728.6000,3728.4000,3728.2000,3727.6000,3727.4000,3729.0000,3729.2000,3729.6000,3729.8000,3730.0000,1,1,1,1,2,4,1,1,2,5
SF,IF2005,2020-04-13 10:21:26.600,3729.0000,10491,0,2598839820.000,1,0,1,多换,S,3728.8000,3728.4000,3728.2000,3727.6000,3727.4000,3729.0000,3729.2000,3729.6000,3729.8000,3730.0000,1,1,1,1,2,3,1,1,2,5
SF,IF2005,2020-04-13 10:21:27.100,3728.8000,10491,0,2599958460.000,1,0,1,多换,S,3728.4000,3728.2000,3727.6000,3727.4000,3726.0000,3729.0000,3729.2000,3729.6000,3729.8000,3730.0000,1,1,1,2,2,3,1,1,2,5
SF,IF2005,2020-04-13 10:21:27.600,3728.4000,10491,0,2601076980.000,1,0,1,多换,S,3728.2000,3727.6000,3727.4000,3726.0000,3723.8000,3729.0000,3729.2000,3729.6000,3729.8000,3730.0000,1,1,2,2,1,3,1,1,2,5
SF,IF2005,2020-04-13 10:21:28.100,3729.0000,10491,0,2602195680.000,1,0,1,多换,S,3728.2000,3727.6000,3727.4000,3726.0000,3723.8000,3729.0000,3729.2000,3729.6000,3729.8000,3730.0000,1,1,2,2,1,2,1,1,2,5
SF,IF2005,2020-04-13 10:21:31.600,3729.0000,10491,0,2603314380.000,1,0,1,多换,S,3728.2000,3727.6000,3727.4000,3726.0000,3723.8000,3729.0000,3729.2000,3729.6000,3729.8000,3730.0000,1,1,2,2,1,1,1,1,2,5
SF,IF2005,2020-04-13 10:21:32.100,3729.0000,10490,-1,2604433080.000,1,0,1,双平,S,3729.0000,3728.2000,3727.6000,3727.4000,3726.0000,3729.2000,3729.6000,3729.8000,3730.0000,3730.4000,1,1,1,2,2,1,1,2,5,2
SF,IF2005,2020-04-13 10:21:32.600,3729.0000,10490,0,2605551780.000,1,0,1,多换,S,3728.2000,3727.6000,3727.4000,3726.0000,3723.8000,3728.6000,3729.2000,3729.6000,3729.8000,3730.0000,1,1,2,2,1,1,1,1,2,5
SF,IF2005,2020-04-13 10:21:33.100,3728.6000,10491,1,2606670360.000,1,1,0,双开,S,3728.2000,3727.6000,3727.4000,3726.0000,3723.8000,3729.2000,3729.8000,3730.0000,3730.4000,3730.8000,1,1,2,2,1,1,1,5,2,1
SF,IF2005,2020-04-13 10:21:33.600,3728.6000,10491,0,2606670360.000,0,-,-,-,-,3728.2000,3727.6000,3727.4000,3726.0000,3723.8000,3729.0000,3729.2000,3730.0000,3730.4000,3730.8000,1,1,2,2,1,2,1,5,2,1
SF,IF2005,2020-04-13 10:21:34.100,3728.2000,10492,1,2607788820.000,1,1,0,双开,S,3727.6000,3727.4000,3726.0000,3723.8000,3723.2000,3729.0000,3729.2000,3730.0000,3730.4000,3730.8000,1,2,2,1,2,2,1,5,2,1
SF,IF2005,2020-04-13 10:21:34.600,3728.2000,10492,0,2607788820.000,0,-,-,-,-,3727.8000,3727.6000,3727.4000,3726.0000,3723.8000,3729.0000,3729.2000,3730.0000,3730.4000,3730.8000,3,1,2,2,1,2,1,5,2,1
SF,IF2005,2020-04-13 10:21:35.100,3729.0000,10492,0,2608907520.000,1,0,1,多换,S,3728.0000,3727.8000,3727.6000,3727.4000,3726.0000,3729.2000,3730.0000,3730.4000,3730.8000,3731.2000,1,4,1,2,2,1,5,2,1,1
SF,IF2005,2020-04-13 10:21:35.600,3729.0000,10492,0,2608907520.000,0,-,-,-,-,3727.8000,3727.6000,3727.4000,3726.0000,3723.8000,3728.8000,3729.0000,3729.2000,3730.0000,3730.4000,3,1,2,2,1,2,1,1,5,2
SF,IF2005,2020-04-13 10:21:36.100,3729.0000,10492,0,2608907520.000,0,-,-,-,-,3727.8000,3727.6000,3727.4000,3726.0000,3723.8000,3728.0000,3728.8000,3729.0000,3729.2000,3730.0000,3,1,2,2,1,1,2,1,1,5
SF,IF2005,2020-04-13 10:21:36.600,3728.0000,10493,1,2610025920.000,1,1,0,双开,S,3728.0000,3727.8000,3727.6000,3727.4000,3726.0000,3729.2000,3730.0000,3730.4000,3730.8000,3731.2000,1,2,1,2,2,1,5,2,1,1
SF,IF2005,2020-04-13 10:21:37.100,3728.0000,10493,0,2610025920.000,0,-,-,-,-,3728.0000,3727.8000,3727.6000,3727.4000,3726.0000,3729.0000,3729.2000,3730.0000,3730.4000,3730.8000,1,2,1,2,2,4,1,5,2,1
SF,IF2005,2020-04-13 10:21:37.600,3728.0000,10493,0,2610025920.000,0,-,-,-,-,3728.4000,3727.8000,3727.6000,3727.4000,3726.0000,3729.0000,3729.2000,3730.0000,3730.4000,3730.8000,1,2,1,2,2,4,1,5,2,1
SF,IF2005,2020-04-13 10:21:38.100,3728.0000,10493,0,2610025920.000,0,-,-,-,-,3728.4000,3727.8000,3727.6000,3727.4000,3726.0000,3729.0000,3729.2000,3730.0000,3730.4000,3730.8000,1,2,1,2,2,5,1,5,2,1
SF,IF2005,2020-04-13 10:21:38.600,3729.0000,10494,1,2611144620.000,1,1,0,双开,S,3727.8000,3727.6000,3727.4000,3726.0000,3723.8000,3729.0000,3729.2000,3730.0000,3730.4000,3730.8000,2,1,2,2,1,4,1,5,2,1
SF,IF2005,2020-04-13 10:21:39.100,3729.0000,10494,0,2611144620.000,0,-,-,-,-,3727.8000,3727.6000,3727.4000,3726.0000,3723.8000,3729.0000,3729.2000,3730.0000,3730.4000,3730.8000,2,1,2,2,1,3,1,5,2,1
SF,IF2005,2020-04-13 10:21:42.100,3729.0000,10494,0,2611144620.000,0,-,-,-,-,3728.0000,3727.8000,3727.6000,3727.4000,3726.0000,3729.0000,3729.2000,3730.0000,3730.4000,3730.8000,1,2,1,2,2,3,1,5,2,1
SF,IF2005,2020-04-13 10:21:43.600,3729.0000,10494,0,2611144620.000,0,-,-,-,-,3728.0000,3727.8000,3727.6000,3727.4000,3726.0000,3729.0000,3729.2000,3730.0000,3730.4000,3730.8000,1,2,1,2,2,4,1,5,2,1
SF,IF2005,2020-04-13 10:21:44.100,3729.0000,10494,0,2611144620.000,0,-,-,-,-,3728.0000,3727.8000,3727.6000,3727.4000,3726.0000,3729.0000,3729.2000,3730.0000,3730.4000,3730.8000,1,2,2,2,2,3,1,5,2,1
SF,IF2005,2020-04-13 10:21:44.600,3729.0000,10494,0,2611144620.000,0,-,-,-,-,3728.0000,3727.8000,3727.6000,3727.4000,3726.0000,3729.0000,3729.2000,3730.0000,3730.4000,3730.8000,1,2,2,2,2,3,1,5,2,1
SF,IF2005,2020-04-13 10:21:45.100,3729.0000,10494,0,2611144620.000,0,-,-,-,-,3728.0000,3727.8000,3727.6000,3727.4000,3726.0000,3728.8000,3729.0000,3729.2000,3730.0000,3730.4000,1,2,2,2,2,1,3,1,5,2
SF,IF2005,2020-04-13 10:21:45.600,3728.8000,10494,0,2612263260.000,1,0,1,多换,S,3728.0000,3727.8000,3727.6000,3727.4000,3726.0000,3729.0000,3729.2000,3730.0000,3730.4000,3730.8000,1,2,2,2,2,3,1,5,2,1
SF,IF2005,2020-04-13 10:21:46.100,3728.8000,10494,0,2612263260.000,0,-,-,-,-,3728.0000,3727.8000,3727.6000,3727.4000,3726.0000,3728.8000,3729.0000,3729.2000,3730.0000,3730.4000,1,2,2,2,2,1,3,1,5,2
SF,IF2005,2020-04-13 10:21:46.600,3728.8000,10494,0,2613381900.000,1,0,1,多换,S,3728.0000,3727.8000,3727.6000,3727.4000,3726.0000,3729.0000,3729.2000,3730.0000,3730.4000,3730.8000,1,2,2,2,2,3,1,5,2,1
SF,IF2005,2020-04-13 10:21:47.100,3728.8000,10494,0,2613381900.000,0,-,-,-,-,3728.0000,3727.8000,3727.6000,3727.4000,3726.0000,3729.0000,3729.2000,3730.0000,3730.4000,3730.8000,1,2,2,2,2,4,1,5,2,1
SF,IF2005,2020-04-13 10:21:47.600,3728.8000,10494,0,2613381900.000,0,-,-,-,-,3728.0000,3727.8000,3727.6000,3727.4000,3726.0000,3729.0000,3729.2000,3730.0000,3730.4000,3730.8000,1,2,2,2,2,3,1,5,2,1
SF,IF2005,2020-04-13 10:21:48.100,3728.8000,10494,0,2613381900.000,0,-,-,-,-,3728.8000,3728.0000,3727.8000,3727.6000,3727.4000,3729.0000,3729.2000,3730.0000,3730.4000,3730.8000,1,1,2,2,2,3,1,5,2,1
SF,IF2005,2020-04-13 10:21:48.600,3729.0000,10494,0,2614500600.000,1,0,1,多换,S,3728.8000,3728.0000,3727.8000,3727.6000,3727.4000,3729.0000,3729.2000,3730.0000,3730.4000,3730.8000,1,1,2,2,2,1,1,5,2,1
SF,IF2005,2020-04-13 10:21:49.100,3729.0000,10494,0,2614500600.000,0,-,-,-,-,3728.8000,3728.0000,3727.8000,3727.6000,3727.4000,3729.2000,3730.0000,3730.4000,3730.8000,3731.2000,1,1,2,2,2,1,5,2,1,1
SF,IF2005,2020-04-13 10:21:49.600,3729.2000,10494,0,2615619360.000,1,0,1,多换,S,3728.8000,3728.0000,3727.8000,3727.6000,3727.4000,3730.0000,3730.4000,3730.8000,3731.2000,3731.4000,1,1,1,2,2,5,2,1,1,1
SF,IF2005,2020-04-13 10:21:50.100,3729.2000,10495,1,2616738120.000,1,1,0,双开,S,3729.0000,3728.8000,3728.0000,3727.6000,3727.4000,3730.0000,3730.4000,3730.8000,3731.2000,3731.4000,2,1,1,2,2,5,2,1,1,1
SF,IF2005,2020-04-13 10:21:50.600,3729.0000,10494,-1,2617856820.000,1,0,1,双平,S,3729.0000,3728.8000,3728.0000,3727.6000,3727.4000,3730.0000,3730.8000,3731.2000,3731.4000,3732.0000,2,1,1,2,2,5,1,1,3,2
SF,IF2005,2020-04-13 10:21:54.100,3729.0000,10494,0,2618975520.000,1,0,1,多换,S,3729.0000,3728.8000,3728.0000,3727.6000,3727.4000,3730.0000,3730.8000,3731.2000,3731.4000,3732.0000,1,1,1,2,2,5,1,1,3,2
SF,IF2005,2020-04-13 10:21:54.600,3729.0000,10494,0,2618975520.000,0,-,-,-,-,3729.0000,3728.8000,3728.0000,3727.6000,3727.4000,3729.8000,3730.0000,3730.8000,3731.2000,3731.4000,1,1,1,1,2,1,6,1,1,3
SF,IF2005,2020-04-13 10:21:55.100,3729.8000,10494,0,2620094460.000,1,0,1,多换,S,3728.8000,3728.0000,3727.6000,3727.4000,3726.0000,3730.0000,3730.8000,3731.2000,3731.4000,3732.0000,1,1,1,2,2,6,1,1,3,2
SF,IF2005,2020-04-13 10:21:55.600,3729.8000,10494,0,2620094460.000,0,-,-,-,-,3729.8000,3729.0000,3728.8000,3728.0000,3727.6000,3730.0000,3730.8000,3731.2000,3731.4000,3732.0000,1,3,1,1,1,6,1,1,3,2
SF,IF2005,2020-04-13 10:21:56.100,3729.8000,10494,0,2621213400.000,1,0,1,多换,S,3729.0000,3728.8000,3728.0000,3727.6000,3727.4000,3730.0000,3730.8000,3731.2000,3731.4000,3732.0000,2,1,1,1,2,6,1,1,3,2
SF,IF2005,2020-04-13 10:21:58.600,3729.8000,10494,0,2621213400.000,0,-,-,-,-,3729.0000,3728.8000,3728.0000,3727.6000,3727.4000,3729.8000,3730.0000,3730.8000,3731.2000,3731.4000,2,1,1,1,2,4,6,1,1,3
SF,IF2005,2020-04-13 10:21:59.100,3729.8000,10494,0,2621213400.000,0,-,-,-,-,3729.0000,3728.8000,3728.0000,3727.6000,3727.4000,3729.8000,3730.0000,3730.8000,3731.2000,3731.4000,2,1,1,1,2,1,6,1,1,3
SF,IF2005,2020-04-13 10:22:00.100,3729.8000,10494,0,2621213400.000,0,-,-,-,-,3729.8000,3729.0000,3728.8000,3728.0000,3727.6000,3730.0000,3730.8000,3731.2000,3731.4000,3732.0000,1,2,1,1,1,6,1,1,3,2
SF,IF2005,2020-04-13 10:22:00.600,3729.8000,10494,0,2622332340.000,1,0,1,多换,S,3729.0000,3728.8000,3728.0000,3727.6000,3727.4000,3729.6000,3730.0000,3730.8000,3731.2000,3731.4000,2,1,1,1,2,1,6,1,1,3
SF,IF2005,2020-04-13 10:22:01.100,3729.8000,10494,0,2622332340.000,0,-,-,-,-,3729.0000,3728.8000,3728.0000,3727.6000,3727.4000,3730.0000,3730.8000,3731.2000,3731.4000,3732.0000,2,1,1,1,2,6,1,1,3,2
SF,IF2005,2020-04-13 10:22:01.600,3729.8000,10494,0,2622332340.000,0,-,-,-,-,3729.6000,3729.0000,3728.8000,3728.0000,3727.6000,3730.0000,3730.8000,3731.2000,3731.4000,3732.0000,1,2,1,1,1,6,1,1,3,2
SF,IF2005,2020-04-13 10:22:02.600,3730.0000,10494,0,2623451340.000,1,0,1,多换,S,3729.0000,3728.8000,3728.0000,3727.6000,3727.4000,3730.0000,3730.8000,3731.2000,3731.4000,3732.0000,2,1,1,1,2,5,1,1,3,2
SF,IF2005,2020-04-13 10:22:03.100,3730.0000,10494,0,2624570340.000,1,0,1,多换,S,3729.0000,3728.8000,3728.0000,3727.6000,3727.4000,3730.0000,3730.8000,3731.2000,3731.4000,3732.0000,2,1,1,1,2,4,1,1,3,2
SF,IF2005,2020-04-13 10:22:05.600,3730.0000,10494,0,2625689340.000,1,0,1,多换,S,3729.2000,3729.0000,3728.8000,3728.0000,3727.6000,3730.0000,3730.8000,3731.2000,3731.4000,3732.0000,2,2,1,1,1,3,1,1,3,2
SF,IF2005,2020-04-13 10:22:06.100,3730.0000,10494,0,2625689340.000,0,-,-,-,-,3729.4000,3729.2000,3729.0000,3728.8000,3728.0000,3730.0000,3730.8000,3731.2000,3731.4000,3732.0000,2,1,2,1,1,3,1,1,3,2
SF,IF2005,2020-04-13 10:22:06.600,3730.0000,10491,-3,2629046340.000,3,0,3,双平,S,3729.4000,3729.0000,3728.8000,3728.0000,3727.6000,3730.6000,3730.8000,3731.2000,3731.4000,3732.0000,1,1,1,1,1,1,1,1,3,2
SF,IF2005,2020-04-13 10:22:07.100,3730.0000,10491,0,2629046340.000,0,-,-,-,-,3730.0000,3729.4000,3728.8000,3728.0000,3727.6000,3730.6000,3730.8000,3731.2000,3731.4000,3732.0000,2,1,1,1,1,1,1,1,3,2
SF,IF2005,2020-04-13 10:22:07.600,3730.0000,10491,0,2629046340.000,0,-,-,-,-,3730.0000,3729.4000,3728.8000,3728.0000,3727.6000,3730.4000,3730.6000,3730.8000,3731.0000,3731.2000,2,1,1,1,1,3,1,1,5,1
SF,IF2005,2020-04-13 10:22:08.100,3730.0000,10492,1,2630165340.000,1,1,0,双开,S,3730.0000,3729.4000,3728.8000,3728.0000,3727.6000,3730.4000,3730.6000,3730.8000,3731.0000,3731.2000,1,1,1,1,1,3,1,1,5,1
SF,IF2005,2020-04-13 10:22:08.600,3730.0000,10492,0,2631284340.000,1,0,1,多换,S,3729.4000,3728.8000,3728.0000,3727.6000,3727.4000,3730.4000,3730.6000,3730.8000,3731.0000,3731.2000,1,1,1,1,2,3,1,1,5,1
SF,IF2005,2020-04-13 10:22:11.100,3730.0000,10492,0,2631284340.000,0,-,-,-,-,3729.4000,3728.8000,3728.0000,3727.6000,3727.4000,3730.0000,3730.4000,3730.6000,3730.8000,3731.0000,1,1,1,1,2,2,3,1,1,5
SF,IF2005,2020-04-13 10:22:11.600,3730.0000,10492,0,2631284340.000,0,-,-,-,-,3730.0000,3729.4000,3728.8000,3728.0000,3727.6000,3730.4000,3730.6000,3730.8000,3731.0000,3731.2000,1,1,1,1,1,2,1,1,5,1
SF,IF2005,2020-04-13 10:22:12.100,3730.0000,10492,0,2631284340.000,0,-,-,-,-,3730.0000,3729.4000,3728.8000,3728.0000,3727.6000,3730.4000,3730.6000,3730.8000,3731.0000,3731.2000,1,1,1,1,1,2,1,1,5,1
SF,IF2005,2020-04-13 10:22:12.600,3730.4000,10492,0,2632403460.000,1,0,1,多换,S,3729.4000,3728.8000,3728.0000,3727.6000,3727.4000,3730.6000,3730.8000,3731.0000,3731.2000,3731.4000,1,1,1,1,2,1,1,5,1,3
SF,IF2005,2020-04-13 10:22:13.100,3730.4000,10492,0,2632403460.000,0,-,-,-,-,3729.6000,3729.4000,3728.8000,3728.0000,3727.6000,3730.6000,3730.8000,3731.0000,3731.2000,3731.4000,1,1,1,1,1,1,1,5,1,3
SF,IF2005,2020-04-13 10:22:13.600,3730.4000,10492,0,2632403460.000,0,-,-,-,-,3729.8000,3729.6000,3728.8000,3728.0000,3727.6000,3730.6000,3730.8000,3731.0000,3731.2000,3731.4000,1,3,1,1,1,1,1,5,1,3
SF,IF2005,2020-04-13 10:22:14.100,3730.4000,10492,0,2632403460.000,0,-,-,-,-,3730.4000,3729.8000,3729.6000,3728.8000,3728.0000,3730.6000,3730.8000,3731.0000,3731.2000,3731.4000,2,1,3,1,1,1,1,5,1,3
SF,IF2005,2020-04-13 10:22:14.600,3730.4000,10493,1,2633522580.000,1,1,0,双开,S,3730.4000,3729.8000,3729.6000,3728.8000,3728.0000,3730.6000,3730.8000,3731.0000,3731.2000,3731.4000,1,1,1,1,1,1,1,5,1,3
SF,IF2005,2020-04-13 10:22:15.100,3730.4000,10493,0,2634641700.000,1,0,1,多换,S,3729.8000,3729.6000,3728.8000,3728.0000,3727.6000,3730.6000,3730.8000,3731.0000,3731.2000,3731.4000,1,1,1,1,1,1,1,5,1,3
SF,IF2005,2020-04-13 10:22:16.600,3730.4000,10493,0,2634641700.000,0,-,-,-,-,3729.8000,3729.6000,3728.8000,3728.0000,3727.6000,3730.6000,3730.8000,3731.0000,3731.2000,3731.4000,1,1,1,1,1,1,1,5,1,3
SF,IF2005,2020-04-13 10:22:17.600,3730.8000,10492,-1,2636880120.000,2,0,2,多平,S,3730.6000,3730.2000,3729.8000,3729.6000,3728.8000,3731.0000,3731.4000,3732.0000,3733.0000,3733.2000,1,1,1,1,1,5,1,2,1,1
SF,IF2005,2020-04-13 10:22:18.100,3731.0000,10489,-3,2640238020.000,3,0,3,双平,S,3730.6000,3730.0000,3729.8000,3728.8000,3728.0000,3731.0000,3731.4000,3732.0000,3733.0000,3733.2000,1,1,1,1,1,2,1,1,1,1
SF,IF2005,2020-04-13 10:22:18.600,3731.4000,10488,-1,2643596040.000,3,1,2,多平,S,3731.4000,3731.2000,3731.0000,3730.8000,3730.6000,3732.0000,3733.0000,3733.2000,3733.4000,3733.6000,1,1,3,1,1,1,1,1,2,6
SF,IF2005,2020-04-13 10:22:19.100,3732.0000,10488,0,2644715640.000,1,0,1,多换,S,3731.8000,3731.6000,3731.4000,3731.0000,3730.8000,3733.0000,3733.2000,3733.6000,3734.0000,3734.8000,1,1,1,5,1,1,1,6,2,8
SF,IF2005,2020-04-13 10:22:19.600,3732.8000,10488,0,2646955080.000,2,1,1,多换,S,3732.0000,3731.6000,3731.0000,3730.8000,3730.6000,3733.0000,3733.2000,3733.6000,3734.4000,3734.8000,2,2,2,1,2,4,1,6,2,8
SF,IF2005,2020-04-13 10:22:20.100,3732.8000,10488,0,2646955080.000,0,-,-,-,-,3732.2000,3732.0000,3731.6000,3731.2000,3731.0000,3733.0000,3733.2000,3733.6000,3734.4000,3734.8000,1,2,2,1,1,1,1,2,2,8
SF,IF2005,2020-04-13 10:22:20.600,3732.2000,10487,-1,2649194400.000,2,0,2,多平,S,3731.2000,3731.0000,3730.6000,3728.8000,3728.0000,3733.0000,3733.2000,3733.6000,3734.4000,3734.8000,1,1,2,1,1,1,1,2,2,8
SF,IF2005,2020-04-13 10:22:21.100,3732.2000,10487,0,2649194400.000,0,-,-,-,-,3731.6000,3731.4000,3731.0000,3730.6000,3728.8000,3732.8000,3733.0000,3733.2000,3733.6000,3734.4000,2,2,1,2,1,1,1,1,2,2
SF,IF2005,2020-04-13 10:22:21.600,3732.2000,10487,0,2649194400.000,0,-,-,-,-,3731.6000,3731.4000,3731.0000,3730.6000,3728.8000,3732.8000,3733.0000,3733.2000,3733.6000,3734.4000,3,4,1,2,1,1,1,1,2,2
SF,IF2005,2020-04-13 10:22:22.100,3732.2000,10487,0,2649194400.000,0,-,-,-,-,3731.8000,3731.6000,3731.4000,3731.0000,3730.6000,3732.8000,3733.0000,3733.2000,3733.6000,3734.4000,1,2,3,1,2,1,1,1,2,2
SF,IF2005,2020-04-13 10:22:22.600,3732.2000,10487,0,2649194400.000,0,-,-,-,-,3731.6000,3731.4000,3731.0000,3730.6000,3728.8000,3732.4000,3732.6000,3732.8000,3733.0000,3733.2000,3,1,1,2,1,1,2,1,1,1
SF,IF2005,2020-04-13 10:22:23.100,3731.6000,10486,-1,2650313880.000,1,0,1,双平,S,3731.6000,3731.0000,3730.6000,3728.8000,3728.0000,3732.2000,3732.8000,3733.0000,3733.2000,3733.6000,2,1,2,1,1,1,1,1,1,2
SF,IF2005,2020-04-13 10:22:23.600,3731.6000,10486,0,2652552840.000,2,1,1,多换,S,3731.0000,3730.6000,3728.8000,3728.0000,3727.4000,3732.0000,3732.2000,3733.0000,3733.2000,3733.6000,1,1,1,1,2,1,3,1,1,2
SF,IF2005,2020-04-13 10:22:24.100,3731.6000,10486,0,2652552840.000,0,-,-,-,-,3731.0000,3728.8000,3728.0000,3727.4000,3726.0000,3731.6000,3731.8000,3732.0000,3732.2000,3733.0000,1,1,1,2,1,1,4,2,3,3
SF,IF2005,2020-04-13 10:22:24.600,3731.6000,10486,0,2652552840.000,0,-,-,-,-,3731.0000,3728.8000,3728.0000,3727.4000,3726.0000,3731.6000,3731.8000,3732.0000,3732.2000,3733.0000,1,1,1,2,1,1,5,2,2,3
SF,IF2005,2020-04-13 10:22:25.100,3731.6000,10486,0,2653672320.000,1,0,1,多换,S,3731.0000,3728.8000,3728.0000,3727.4000,3726.0000,3732.0000,3732.2000,3733.0000,3733.2000,3733.6000,1,1,1,2,1,2,2,3,1,2
SF,IF2005,2020-04-13 10:22:25.600,3731.6000,10486,0,2653672320.000,0,-,-,-,-,3731.0000,3728.0000,3727.4000,3726.0000,3725.2000,3732.0000,3732.2000,3733.0000,3733.2000,3733.6000,1,1,2,1,1,2,2,3,1,2
SF,IF2005,2020-04-13 10:22:26.600,3731.6000,10486,0,2653672320.000,0,-,-,-,-,3731.0000,3728.0000,3727.4000,3726.0000,3725.2000,3731.8000,3732.0000,3732.2000,3733.0000,3733.2000,1,1,2,1,1,7,2,2,3,1
SF,IF2005,2020-04-13 10:22:27.100,3731.6000,10486,0,2653672320.000,0,-,-,-,-,3731.0000,3728.0000,3727.4000,3726.0000,3725.2000,3731.8000,3732.0000,3732.2000,3733.0000,3733.2000,1,1,2,1,1,7,2,2,3,1
SF,IF2005,2020-04-13 10:22:27.600,3731.6000,10486,0,2653672320.000,0,-,-,-,-,3731.0000,3728.0000,3727.4000,3726.0000,3725.2000,3731.8000,3732.0000,3732.2000,3733.0000,3733.2000,1,1,2,1,1,2,2,2,3,1
SF,IF2005,2020-04-13 10:22:28.100,3731.8000,10486,0,2654791860.000,1,0,1,多换,S,3731.2000,3731.0000,3728.0000,3727.4000,3726.0000,3732.0000,3732.2000,3733.0000,3733.2000,3733.6000,1,1,1,2,1,1,2,3,1,2
SF,IF2005,2020-04-13 10:22:28.600,3731.8000,10486,0,2654791860.000,0,-,-,-,-,3731.2000,3731.0000,3728.0000,3727.4000,3726.0000,3731.6000,3732.0000,3732.2000,3733.0000,3733.2000,1,1,1,2,1,3,1,2,3,1
SF,IF2005,2020-04-13 10:22:29.100,3731.8000,10486,0,2654791860.000,0,-,-,-,-,3731.2000,3731.0000,3728.0000,3727.4000,3725.2000,3732.0000,3732.2000,3733.0000,3733.2000,3733.6000,1,1,1,2,1,1,2,3,1,2
SF,IF2005,2020-04-13 10:22:30.100,3732.2000,10485,-1,2658150780.000,3,1,2,多平,S,3732.0000,3731.6000,3731.4000,3731.2000,3731.0000,3733.0000,3733.2000,3733.6000,3734.8000,3735.0000,5,4,7,1,1,1,1,2,8,5
SF,IF2005,2020-04-13 10:22:30.600,3732.2000,10485,0,2658150780.000,0,-,-,-,-,3732.0000,3731.6000,3731.4000,3731.0000,3728.0000,3732.8000,3733.0000,3733.2000,3733.6000,3734.2000,4,2,2,1,1,1,4,1,2,2
SF,IF2005,2020-04-13 10:22:31.100,3732.2000,10485,0,2658150780.000,0,-,-,-,-,3732.4000,3732.2000,3732.0000,3731.6000,3731.4000,3732.6000,3732.8000,3733.0000,3733.2000,3733.6000,1,1,2,1,2,3,5,1,1,2
SF,IF2005,2020-04-13 10:22:31.600,3732.0000,10485,0,2663748900.000,5,2,3,多换,S,3731.0000,3728.0000,3727.4000,3725.2000,3725.0000,3732.0000,3732.2000,3732.4000,3732.6000,3732.8000,1,1,2,1,5,6,3,3,3,4
SF,IF2005,2020-04-13 10:22:32.100,3732.0000,10486,1,2667107700.000,3,2,1,空开,S,3731.6000,3731.2000,3731.0000,3728.0000,3727.4000,3732.0000,3732.4000,3732.6000,3732.8000,3733.0000,1,3,1,1,2,1,3,3,4,1
SF,IF2005,2020-04-13 10:22:32.600,3732.0000,10486,0,2667107700.000,0,-,-,-,-,3731.6000,3731.4000,3731.2000,3731.0000,3728.0000,3732.0000,3732.4000,3732.8000,3733.0000,3733.2000,1,1,6,1,1,1,2,4,1,1
SF,IF2005,2020-04-13 10:22:33.100,3732.0000,10486,0,2667107700.000,0,-,-,-,-,3731.6000,3731.2000,3731.0000,3728.0000,3727.4000,3732.0000,3732.4000,3732.8000,3733.0000,3733.2000,1,3,1,1,2,1,2,4,1,1
SF,IF2005,2020-04-13 10:22:33.600,3732.0000,10487,1,2668227300.000,1,1,0,双开,S,3731.6000,3731.2000,3731.0000,3728.0000,3727.4000,3732.4000,3732.8000,3733.0000,3733.2000,3733.6000,1,3,1,1,2,2,4,1,1,2
SF,IF2005,2020-04-13 10:22:34.100,3732.0000,10487,0,2668227300.000,0,-,-,-,-,3731.6000,3731.2000,3731.0000,3728.0000,3727.4000,3732.4000,3732.8000,3733.0000,3733.2000,3733.6000,1,3,1,1,2,2,4,1,1,2
SF,IF2005,2020-04-13 10:22:34.600,3732.0000,10487,0,2668227300.000,0,-,-,-,-,3731.6000,3731.2000,3731.0000,3728.0000,3727.4000,3732.4000,3732.8000,3733.0000,3733.2000,3733.6000,1,3,1,1,2,5,1,1,1,2
SF,IF2005,2020-04-13 10:22:36.100,3732.4000,10488,1,2669347020.000,1,1,0,双开,S,3731.6000,3731.2000,3731.0000,3728.0000,3727.4000,3732.4000,3732.8000,3733.0000,3733.2000,3733.6000,1,3,1,1,2,4,1,1,1,2
SF,IF2005,2020-04-13 10:22:36.600,3732.4000,10489,1,2670466740.000,1,1,0,双开,S,3731.8000,3731.6000,3731.2000,3731.0000,3728.0000,3732.4000,3732.8000,3733.0000,3733.2000,3733.6000,2,1,3,1,1,3,1,1,1,2
SF,IF2005,2020-04-13 10:22:37.100,3732.4000,10489,0,2670466740.000,0,-,-,-,-,3732.0000,3731.6000,3731.2000,3731.0000,3728.0000,3732.4000,3733.0000,3733.2000,3733.6000,3733.8000,2,1,2,1,1,3,1,1,2,2
SF,IF2005,2020-04-13 10:22:37.600,3732.4000,10490,1,2673825900.000,3,2,1,空开,S,3732.4000,3732.0000,3731.2000,3731.0000,3728.0000,3733.0000,3733.2000,3733.6000,3733.8000,3735.0000,1,1,2,1,1,1,1,2,2,10
SF,IF2005,2020-04-13 10:22:38.600,3732.4000,10490,0,2674945620.000,1,0,1,多换,S,3732.8000,3731.2000,3731.0000,3728.0000,3727.4000,3733.0000,3733.2000,3733.6000,3735.0000,3735.2000,1,2,1,1,2,1,1,2,10,1
SF,IF2005,2020-04-13 10:22:39.100,3733.6000,10491,1,2678305560.000,3,2,1,空开,S,3733.0000,3732.6000,3731.2000,3731.0000,3728.0000,3733.6000,3735.0000,3735.2000,3735.4000,3735.6000,1,2,1,1,1,1,10,1,2,1
SF,IF2005,2020-04-13 10:22:39.600,3733.4000,10490,-1,2680545660.000,2,0,2,多平,S,3733.2000,3733.0000,3731.2000,3731.0000,3728.0000,3733.4000,3735.0000,3735.2000,3735.4000,3735.6000,1,3,1,1,1,2,10,1,2,1
SF,IF2005,2020-04-13 10:22:40.100,3733.2000,10490,0,2685025680.000,4,2,2,多换,S,3733.0000,3731.2000,3731.0000,3728.0000,3727.4000,3735.0000,3735.2000,3735.4000,3735.6000,3735.8000,1,1,1,1,2,10,1,2,1,3
SF,IF2005,2020-04-13 10:22:40.600,3733.2000,10491,1,2686145640.000,1,1,0,双开,S,3733.2000,3731.2000,3731.0000,3728.0000,3727.4000,3734.2000,3734.4000,3734.8000,3735.0000,3735.2000,2,1,1,1,2,4,1,7,10,1
SF,IF2005,2020-04-13 10:22:41.100,3733.2000,10492,1,2687265600.000,1,1,0,双开,S,3733.2000,3731.2000,3731.0000,3728.0000,3727.4000,3734.0000,3734.2000,3734.4000,3734.8000,3735.0000,1,1,1,1,2,1,4,1,6,10
SF,IF2005,2020-04-13 10:22:41.600,3733.2000,10492,0,2687265600.000,0,-,-,-,-,3733.2000,3731.2000,3731.0000,3728.0000,3727.4000,3734.0000,3734.2000,3734.8000,3735.0000,3735.2000,1,1,1,1,2,1,4,6,10,1
SF,IF2005,2020-04-13 10:22:42.100,3733.2000,10491,-1,2688385560.000,1,0,1,双平,S,3731.2000,3731.0000,3728.0000,3727.4000,3725.2000,3734.0000,3734.2000,3734.8000,3735.0000,3735.2000,1,1,1,2,1,1,4,5,10,1
SF,IF2005,2020-04-13 10:22:42.600,3733.2000,10491,0,2688385560.000,0,-,-,-,-,3733.4000,3733.0000,3732.8000,3732.6000,3732.4000,3733.8000,3734.0000,3734.2000,3735.0000,3735.2000,1,2,3,2,1,1,1,4,10,1
SF,IF2005,2020-04-13 10:22:43.100,3733.8000,10491,0,2689505700.000,1,0,1,多换,S,3733.6000,3733.0000,3732.8000,3732.6000,3732.4000,3734.0000,3734.2000,3735.0000,3735.2000,3735.4000,1,2,2,1,1,1,4,10,1,2
SF,IF2005,2020-04-13 10:22:43.600,3733.8000,10491,0,2689505700.000,0,-,-,-,-,3733.6000,3733.0000,3732.8000,3732.6000,3732.4000,3734.0000,3734.2000,3735.0000,3735.2000,3735.4000,1,2,2,1,1,1,3,10,1,2
SF,IF2005,2020-04-13 10:22:44.100,3733.8000,10491,0,2689505700.000,0,-,-,-,-,3732.6000,3732.4000,3732.2000,3732.0000,3731.6000,3734.0000,3735.0000,3735.2000,3735.4000,3735.6000,1,1,1,1,4,1,10,1,2,1
SF,IF2005,2020-04-13 10:22:44.600,3734.0000,10491,0,2690625900.000,1,0,1,多换,S,3732.8000,3732.6000,3732.4000,3731.6000,3731.4000,3735.0000,3735.2000,3735.4000,3735.6000,3735.8000,2,1,1,2,7,10,1,2,1,3
SF,IF2005,2020-04-13 10:22:45.100,3734.0000,10491,0,2690625900.000,0,-,-,-,-,3733.0000,3732.8000,3732.4000,3731.6000,3731.4000,3733.4000,3734.4000,3734.6000,3734.8000,3735.0000,3,2,1,1,5,1,10,2,2,10
SF,IF2005,2020-04-13 10:22:45.600,3734.0000,10491,0,2690625900.000,0,-,-,-,-,3733.0000,3732.8000,3732.4000,3731.6000,3731.4000,3733.4000,3734.4000,3734.6000,3734.8000,3735.0000,2,2,1,1,5,1,4,1,1,10
SF,IF2005,2020-04-13 10:22:46.100,3734.0000,10491,0,2690625900.000,0,-,-,-,-,3733.2000,3733.0000,3732.8000,3732.4000,3731.6000,3733.4000,3734.4000,3734.6000,3734.8000,3735.0000,1,2,1,1,1,1,4,1,1,10
SF,IF2005,2020-04-13 10:22:46.600,3733.4000,10492,1,2691745920.000,1,1,0,双开,S,3733.2000,3733.0000,3732.8000,3732.4000,3731.6000,3734.4000,3734.8000,3735.0000,3735.2000,3735.4000,1,2,1,1,1,3,1,10,1,2
SF,IF2005,2020-04-13 10:22:47.100,3733.4000,10492,0,2691745920.000,0,-,-,-,-,3733.2000,3733.0000,3732.8000,3732.4000,3731.6000,3734.2000,3734.8000,3735.0000,3735.2000,3735.4000,1,2,1,1,1,5,1,10,1,2
SF,IF2005,2020-04-13 10:22:48.100,3733.4000,10492,0,2691745920.000,0,-,-,-,-,3733.2000,3733.0000,3732.8000,3732.4000,3731.6000,3734.2000,3734.8000,3735.0000,3735.2000,3735.4000,1,2,1,1,1,4,1,10,1,2
SF,IF2005,2020-04-13 10:22:48.600,3734.2000,10493,1,2693986440.000,2,1,1,空开,S,3733.2000,3733.0000,3732.8000,3732.4000,3731.6000,3734.2000,3734.8000,3735.0000,3735.2000,3735.4000,1,2,1,1,1,2,1,10,1,2
SF,IF2005,2020-04-13 10:22:49.100,3734.2000,10494,1,2695106700.000,1,1,0,双开,S,3733.2000,3733.0000,3732.4000,3731.6000,3731.4000,3734.2000,3734.8000,3735.0000,3735.2000,3735.4000,1,2,1,1,3,1,1,10,1,2
SF,IF2005,2020-04-13 10:22:49.600,3734.2000,10494,0,2695106700.000,0,-,-,-,-,3733.2000,3733.0000,3732.4000,3731.6000,3731.4000,3734.8000,3735.0000,3735.2000,3735.6000,3735.8000,1,2,1,1,3,1,10,1,1,3
SF,IF2005,2020-04-13 10:22:50.100,3734.2000,10494,0,2695106700.000,0,-,-,-,-,3733.6000,3733.4000,3733.2000,3733.0000,3732.4000,3734.4000,3734.8000,3735.0000,3735.2000,3735.6000,1,6,4,1,1,3,1,10,1,1
SF,IF2005,2020-04-13 10:22:50.600,3734.2000,10494,0,2695106700.000,0,-,-,-,-,3733.4000,3733.2000,3733.0000,3732.4000,3731.4000,3734.4000,3734.6000,3734.8000,3735.0000,3735.2000,2,1,1,1,3,4,1,1,10,1
SF,IF2005,2020-04-13 10:22:51.100,3734.4000,10495,1,2696227020.000,1,1,0,双开,S,3733.6000,3733.4000,3733.2000,3732.4000,3731.4000,3734.4000,3734.6000,3734.8000,3735.0000,3735.2000,1,2,1,1,3,3,1,1,10,1
SF,IF2005,2020-04-13 10:22:51.600,3734.4000,10495,0,2696227020.000,0,-,-,-,-,3733.6000,3733.4000,3733.2000,3732.4000,3731.4000,3734.2000,3734.4000,3734.6000,3734.8000,3735.0000,1,2,1,1,3,3,1,1,1,10
SF,IF2005,2020-04-13 10:22:52.100,3734.4000,10495,0,2696227020.000,0,-,-,-,-,3733.6000,3733.4000,3733.2000,3732.4000,3731.4000,3734.0000,3734.4000,3734.6000,3734.8000,3735.0000,1,2,1,1,3,2,1,1,1,10
SF,IF2005,2020-04-13 10:22:52.600,3733.6000,10495,0,2697347100.000,1,0,1,多换,S,3733.2000,3732.4000,3731.4000,3731.2000,3731.0000,3734.0000,3734.8000,3735.0000,3735.2000,3735.6000,1,1,3,4,1,3,1,10,1,1
SF,IF2005,2020-04-13 10:22:53.100,3733.6000,10495,0,2697347100.000,0,-,-,-,-,3733.2000,3732.4000,3731.4000,3731.2000,3731.0000,3734.0000,3734.8000,3735.0000,3735.2000,3735.6000,1,1,3,4,1,3,1,10,1,1
SF,IF2005,2020-04-13 10:22:53.600,3733.6000,10495,0,2697347100.000,0,-,-,-,-,3733.4000,3733.2000,3732.4000,3731.4000,3731.2000,3733.8000,3734.0000,3734.8000,3735.0000,3735.2000,1,1,1,3,4,2,1,1,10,1
SF,IF2005,2020-04-13 10:22:54.100,3733.6000,10495,0,2697347100.000,0,-,-,-,-,3733.2000,3732.4000,3731.4000,3731.2000,3731.0000,3733.8000,3734.0000,3734.8000,3735.0000,3735.2000,1,1,3,4,1,2,1,1,10,1
SF,IF2005,2020-04-13 10:22:55.600,3733.2000,10494,-1,2698467060.000,1,0,1,双平,S,3732.4000,3731.4000,3731.2000,3731.0000,3728.0000,3733.8000,3734.0000,3734.8000,3735.0000,3735.2000,1,3,4,1,1,2,1,1,10,1
SF,IF2005,2020-04-13 10:22:56.100,3733.2000,10494,0,2698467060.000,0,-,-,-,-,3733.0000,3732.8000,3732.6000,3732.4000,3731.4000,3733.8000,3734.0000,3734.8000,3735.0000,3735.2000,1,1,9,1,3,2,1,1,10,1
SF,IF2005,2020-04-13 10:22:56.600,3733.2000,10494,0,2698467060.000,0,-,-,-,-,3733.2000,3733.0000,3732.8000,3732.6000,3732.4000,3734.0000,3734.8000,3735.0000,3735.2000,3735.6000,1,1,1,9,2,1,1,10,1,1
SF,IF2005,2020-04-13 10:22:57.100,3733.2000,10494,0,2698467060.000,0,-,-,-,-,3733.8000,3733.6000,3733.4000,3733.2000,3732.6000,3734.0000,3734.8000,3735.0000,3735.2000,3735.6000,2,1,2,2,7,3,1,10,1,1
SF,IF2005,2020-04-13 10:22:57.600,3733.8000,10496,2,2700707340.000,2,2,0,双开,S,3733.2000,3732.6000,3732.4000,3731.4000,3731.2000,3734.0000,3734.8000,3735.0000,3735.2000,3735.6000,1,5,2,3,4,3,1,10,1,1
SF,IF2005,2020-04-13 10:22:58.100,3733.8000,10496,0,2700707340.000,0,-,-,-,-,3733.2000,3732.6000,3732.4000,3731.4000,3731.2000,3734.0000,3734.8000,3735.0000,3735.2000,3735.6000,1,5,2,3,4,1,1,10,1,1
SF,IF2005,2020-04-13 10:22:58.600,3733.8000,10496,0,2700707340.000,0,-,-,-,-,3732.6000,3732.4000,3731.4000,3731.2000,3731.0000,3734.0000,3734.8000,3735.0000,3735.2000,3735.6000,5,2,3,4,1,1,1,10,1,1
SF,IF2005,2020-04-13 10:22:59.100,3733.8000,10496,0,2700707340.000,0,-,-,-,-,3733.0000,3732.8000,3732.6000,3732.4000,3731.4000,3733.8000,3734.0000,3735.0000,3735.2000,3735.6000,1,1,5,2,3,1,1,10,1,1
SF,IF2005,2020-04-13 10:22:59.600,3733.8000,10496,0,2700707340.000,0,-,-,-,-,3733.0000,3732.4000,3731.4000,3731.2000,3731.0000,3733.6000,3733.8000,3734.6000,3735.0000,3735.2000,1,1,3,4,1,1,1,1,10,1
SF,IF2005,2020-04-13 10:23:00.100,3733.8000,10496,0,2700707340.000,0,-,-,-,-,3731.4000,3731.2000,3731.0000,3728.0000,3727.4000,3733.6000,3733.8000,3734.6000,3735.0000,3735.2000,2,4,1,1,2,1,1,1,10,1
SF,IF2005,2020-04-13 10:23:00.600,3733.8000,10496,0,2700707340.000,0,-,-,-,-,3732.4000,3732.0000,3731.8000,3731.6000,3731.4000,3733.2000,3733.4000,3734.6000,3735.0000,3735.2000,1,5,4,4,2,1,1,1,10,1
SF,IF2005,2020-04-13 10:23:01.100,3733.8000,10496,0,2700707340.000,0,-,-,-,-,3732.4000,3732.0000,3731.8000,3731.6000,3731.4000,3733.2000,3733.4000,3734.6000,3735.0000,3735.2000,1,5,4,5,2,1,1,1,10,1
SF,IF2005,2020-04-13 10:23:01.600,3733.8000,10496,0,2701827480.000,1,0,1,多换,S,3732.4000,3732.0000,3731.8000,3731.6000,3731.4000,3733.4000,3733.8000,3734.6000,3735.0000,3735.2000,1,5,4,5,2,1,1,1,10,1
SF,IF2005,2020-04-13 10:23:02.100,3733.8000,10496,0,2701827480.000,0,-,-,-,-,3732.4000,3731.8000,3731.6000,3731.4000,3731.2000,3733.4000,3733.8000,3734.6000,3735.0000,3735.2000,1,1,5,2,4,1,1,1,10,1
SF,IF2005,2020-04-13 10:23:03.100,3733.8000,10496,0,2701827480.000,0,-,-,-,-,3732.4000,3731.8000,3731.6000,3731.4000,3731.2000,3733.4000,3733.8000,3734.6000,3735.0000,3735.2000,1,1,3,2,2,1,1,1,10,1
SF,IF2005,2020-04-13 10:23:03.600,3733.8000,10496,0,2701827480.000,0,-,-,-,-,3732.4000,3731.8000,3731.6000,3731.4000,3731.2000,3733.2000,3733.4000,3733.8000,3734.6000,3735.0000,1,1,3,1,2,2,1,1,1,10
SF,IF2005,2020-04-13 10:23:04.100,3733.8000,10496,0,2701827480.000,0,-,-,-,-,3732.4000,3731.8000,3731.6000,3731.4000,3731.2000,3733.2000,3733.4000,3733.8000,3734.6000,3735.0000,1,1,3,1,2,1,1,1,1,10
SF,IF2005,2020-04-13 10:23:04.600,3733.8000,10496,0,2701827480.000,0,-,-,-,-,3732.4000,3731.8000,3731.6000,3731.4000,3731.2000,3733.2000,3733.4000,3733.8000,3734.6000,3735.0000,1,1,3,1,2,1,1,1,1,10
SF,IF2005,2020-04-13 10:23:06.100,3733.8000,10496,0,2702947620.000,1,0,1,多换,S,3732.4000,3731.8000,3731.6000,3731.4000,3731.2000,3733.2000,3733.4000,3733.8000,3734.6000,3735.0000,1,1,3,1,2,3,1,1,1,10
SF,IF2005,2020-04-13 10:23:06.600,3733.8000,10496,0,2702947620.000,0,-,-,-,-,3732.4000,3731.8000,3731.6000,3731.4000,3731.2000,3733.2000,3733.8000,3734.6000,3735.0000,3735.2000,1,1,3,1,2,3,1,1,10,1
SF,IF2005,2020-04-13 10:23:07.600,3733.8000,10496,0,2702947620.000,0,-,-,-,-,3732.6000,3732.4000,3731.8000,3731.6000,3731.4000,3733.2000,3733.8000,3734.6000,3735.0000,3735.2000,1,1,1,3,1,3,1,1,10,1
SF,IF2005,2020-04-13 10:23:08.100,3733.8000,10496,0,2702947620.000,0,-,-,-,-,3732.6000,3732.4000,3731.8000,3731.6000,3731.4000,3733.0000,3733.8000,3734.6000,3735.0000,3735.2000,1,1,1,3,1,3,1,1,10,1
SF,IF2005,2020-04-13 10:23:08.600,3733.8000,10496,0,2702947620.000,0,-,-,-,-,3732.6000,3732.4000,3731.8000,3731.6000,3731.4000,3733.8000,3734.6000,3735.0000,3735.2000,3735.4000,1,1,1,2,1,1,1,10,1,2
SF,IF2005,2020-04-13 10:23:09.100,3733.8000,10496,0,2702947620.000,0,-,-,-,-,3732.6000,3732.4000,3731.8000,3731.6000,3731.4000,3733.2000,3733.4000,3733.6000,3733.8000,3734.6000,1,1,1,2,1,3,1,7,1,1
SF,IF2005,2020-04-13 10:23:09.600,3732.6000,10496,0,2704067400.000,1,0,1,多换,S,3732.4000,3731.8000,3731.6000,3731.4000,3731.2000,3733.0000,3733.4000,3733.6000,3733.8000,3734.6000,1,1,2,1,2,2,1,2,1,1
SF,IF2005,2020-04-13 10:23:10.100,3732.6000,10496,0,2704067400.000,0,-,-,-,-,3732.4000,3731.8000,3731.6000,3731.4000,3731.2000,3733.0000,3733.4000,3733.6000,3733.8000,3734.6000,1,1,2,1,2,2,1,1,1,1
SF,IF2005,2020-04-13 10:23:11.100,3733.0000,10497,1,2705187300.000,1,1,0,双开,S,3731.8000,3731.6000,3731.4000,3731.2000,3731.0000,3733.0000,3733.6000,3733.8000,3734.0000,3734.6000,1,2,1,2,1,1,1,1,2,1
SF,IF2005,2020-04-13 10:23:11.600,3733.0000,10497,0,2705187300.000,0,-,-,-,-,3732.0000,3731.8000,3731.6000,3731.4000,3731.2000,3732.8000,3733.6000,3733.8000,3734.0000,3734.6000,2,1,1,1,2,1,1,1,2,3
SF,IF2005,2020-04-13 10:23:12.100,3732.0000,10495,-2,2707426500.000,2,0,2,双平,S,3731.4000,3731.2000,3731.0000,3728.6000,3728.0000,3732.4000,3732.6000,3732.8000,3733.0000,3733.6000,1,2,1,2,1,1,1,2,1,1
SF,IF2005,2020-04-13 10:23:12.600,3732.0000,10495,0,2707426500.000,0,-,-,-,-,3731.2000,3731.0000,3728.6000,3728.0000,3727.4000,3732.4000,3732.6000,3733.0000,3733.6000,3733.8000,2,1,2,1,2,2,1,1,1,2
SF,IF2005,2020-04-13 10:23:13.100,3732.0000,10495,0,2707426500.000,0,-,-,-,-,3731.2000,3731.0000,3728.6000,3728.0000,3727.4000,3732.0000,3732.2000,3732.4000,3732.6000,3733.0000,1,1,2,1,2,1,4,1,1,1
SF,IF2005,2020-04-13 10:23:13.600,3732.0000,10495,0,2707426500.000,0,-,-,-,-,3731.4000,3731.2000,3731.0000,3728.6000,3728.0000,3732.2000,3732.4000,3732.6000,3733.0000,3733.8000,3,1,1,2,1,4,1,1,1,3
SF,IF2005,2020-04-13 10:23:14.100,3732.0000,10495,0,2707426500.000,0,-,-,-,-,3731.4000,3731.0000,3728.6000,3728.0000,3727.4000,3732.2000,3732.4000,3732.6000,3733.0000,3733.8000,2,1,2,1,2,1,1,1,1,3
SF,IF2005,2020-04-13 10:23:14.600,3732.0000,10495,0,2707426500.000,0,-,-,-,-,3732.2000,3732.0000,3731.6000,3731.4000,3731.0000,3732.6000,3733.0000,3733.8000,3734.0000,3734.6000,2,2,1,1,1,1,1,3,3,11
SF,IF2005,2020-04-13 10:23:15.100,3732.0000,10495,0,2708546100.000,1,0,1,多换,S,3732.2000,3732.0000,3731.6000,3731.4000,3731.0000,3732.6000,3733.0000,3733.8000,3734.0000,3734.6000,1,2,1,1,1,1,1,3,3,11
SF,IF2005,2020-04-13 10:23:15.600,3732.2000,10495,0,2709665760.000,1,0,1,多换,S,3732.0000,3731.4000,3731.0000,3728.6000,3728.0000,3732.6000,3733.0000,3733.8000,3734.0000,3734.6000,2,1,1,2,1,1,1,3,3,11
SF,IF2005,2020-04-13 10:23:16.100,3732.4000,10496,1,2713024680.000,3,2,1,空开,S,3731.4000,3731.0000,3728.6000,3728.0000,3727.4000,3732.6000,3733.0000,3733.8000,3734.0000,3734.6000,1,1,2,1,2,1,1,3,3,11
SF,IF2005,2020-04-13 10:23:16.600,3732.4000,10496,0,2713024680.000,0,-,-,-,-,3731.4000,3731.0000,3728.6000,3728.0000,3727.4000,3733.0000,3733.8000,3734.0000,3734.6000,3735.0000,2,1,2,1,2,1,3,3,11,10
SF,IF2005,2020-04-13 10:23:17.100,3732.4000,10496,0,2713024680.000,0,-,-,-,-,3731.8000,3731.6000,3731.4000,3731.2000,3731.0000,3732.6000,3732.8000,3733.0000,3733.8000,3734.0000,3,10,1,1,1,1,1,1,3,3
SF,IF2005,2020-04-13 10:23:17.600,3732.8000,10496,0,2714144520.000,1,0,1,多换,S,3731.8000,3731.6000,3731.4000,3731.2000,3731.0000,3733.0000,3733.8000,3734.0000,3734.6000,3735.0000,3,9,1,1,1,1,3,3,11,10
SF,IF2005,2020-04-13 10:23:18.100,3732.8000,10496,0,2714144520.000,0,-,-,-,-,3731.6000,3731.0000,3728.6000,3728.0000,3727.4000,3732.8000,3733.0000,3733.8000,3734.0000,3734.6000,1,1,2,1,2,3,4,3,3,11
SF,IF2005,2020-04-13 10:23:18.600,3732.8000,10496,0,2714144520.000,0,-,-,-,-,3731.0000,3728.6000,3728.0000,3727.4000,3725.2000,3732.6000,3732.8000,3733.0000,3733.8000,3734.0000,1,2,1,2,1,1,4,1,3,3
SF,IF2005,2020-04-13 10:23:19.100,3732.8000,10496,0,2714144520.000,0,-,-,-,-,3731.2000,3731.0000,3728.6000,3728.0000,3727.4000,3732.4000,3732.6000,3732.8000,3733.0000,3733.8000,1,1,2,1,2,3,1,1,1,3
SF,IF2005,2020-04-13 10:23:19.600,3732.8000,10496,0,2714144520.000,0,-,-,-,-,3731.2000,3731.0000,3728.6000,3728.0000,3727.4000,3732.0000,3732.2000,3732.4000,3733.0000,3733.8000,1,1,2,1,2,1,1,3,1,3
SF,IF2005,2020-04-13 10:23:20.100,3731.2000,10496,0,2715263880.000,1,0,1,多换,S,3731.0000,3728.6000,3728.0000,3727.4000,3725.2000,3731.6000,3731.8000,3732.4000,3733.0000,3733.8000,1,2,1,2,1,4,3,1,1,3
SF,IF2005,2020-04-13 10:23:20.600,3731.2000,10496,0,2715263880.000,0,-,-,-,-,3731.0000,3728.6000,3728.0000,3727.4000,3725.2000,3731.6000,3731.8000,3732.4000,3733.0000,3733.8000,1,2,1,2,1,1,3,1,1,3
SF,IF2005,2020-04-13 10:23:21.100,3731.8000,10497,1,2718622200.000,3,2,1,空开,S,3728.6000,3728.0000,3727.4000,3725.2000,3725.0000,3731.8000,3732.4000,3733.0000,3733.8000,3734.0000,2,1,2,1,5,2,1,1,3,5
SF,IF2005,2020-04-13 10:23:21.600,3731.8000,10497,0,2718622200.000,0,-,-,-,-,3730.4000,3730.2000,3730.0000,3729.8000,3729.6000,3731.6000,3731.8000,3733.0000,3733.8000,3734.0000,2,1,5,2,1,4,2,1,3,5
SF,IF2005,2020-04-13 10:23:22.100,3731.8000,10497,0,2718622200.000,0,-,-,-,-,3730.4000,3730.2000,3730.0000,3729.8000,3729.6000,3731.4000,3731.6000,3731.8000,3733.0000,3733.8000,2,1,4,2,1,1,3,1,1,3
SF,IF2005,2020-04-13 10:23:22.600,3731.4000,10497,0,2719741620.000,1,0,1,多换,S,3730.8000,3730.6000,3730.4000,3730.2000,3730.0000,3731.6000,3731.8000,3733.0000,3733.8000,3734.0000,1,1,1,1,4,3,1,1,3,5
SF,IF2005,2020-04-13 10:23:23.100,3731.4000,10497,0,2719741620.000,0,-,-,-,-,3730.6000,3730.4000,3730.0000,3729.8000,3729.6000,3731.2000,3731.6000,3731.8000,3733.0000,3733.8000,1,1,4,2,1,1,3,1,1,3
SF,IF2005,2020-04-13 10:23:23.600,3731.0000,10496,-1,2720860920.000,1,0,1,双平,S,3731.2000,3730.8000,3730.6000,3730.0000,3729.8000,3731.6000,3731.8000,3733.0000,3733.8000,3734.0000,1,2,1,4,2,3,1,1,3,3
SF,IF2005,2020-04-13 10:23:24.100,3731.0000,10496,0,2720860920.000,0,-,-,-,-,3731.2000,3730.8000,3730.0000,3729.8000,3729.6000,3731.6000,3731.8000,3733.0000,3733.8000,3734.0000,1,2,4,2,1,3,1,1,3,5
SF,IF2005,2020-04-13 10:23:24.600,3731.4000,10496,0,2721980340.000,1,0,1,多换,S,3731.2000,3730.8000,3730.0000,3729.8000,3729.6000,3731.4000,3731.8000,3733.0000,3733.8000,3734.0000,1,2,4,2,1,3,1,1,3,5
SF,IF2005,2020-04-13 10:23:26.100,3731.4000,10497,1,2723099760.000,1,1,0,双开,S,3731.2000,3730.8000,3730.0000,3729.8000,3729.6000,3731.4000,3731.8000,3733.0000,3733.8000,3734.0000,1,2,4,2,1,2,1,1,3,5
SF,IF2005,2020-04-13 10:23:26.600,3731.4000,10497,0,2723099760.000,0,-,-,-,-,3731.4000,3731.2000,3730.8000,3730.0000,3729.8000,3731.8000,3733.0000,3733.8000,3734.0000,3734.6000,2,1,1,4,2,1,1,3,3,9
SF,IF2005,2020-04-13 10:23:27.100,3731.6000,10499,2,2727577740.000,4,3,1,空开,S,3732.0000,3731.4000,3731.2000,3730.0000,3729.8000,3733.0000,3733.8000,3734.0000,3734.2000,3734.6000,1,2,1,4,2,1,3,3,2,9
SF,IF2005,2020-04-13 10:23:27.600,3732.0000,10498,-1,2728697340.000,1,0,1,双平,S,3731.4000,3731.2000,3730.0000,3729.8000,3729.6000,3732.6000,3732.8000,3733.0000,3733.8000,3734.0000,2,1,4,2,1,3,2,1,3,3
SF,IF2005,2020-04-13 10:23:28.100,3732.0000,10498,0,2728697340.000,0,-,-,-,-,3731.6000,3731.4000,3731.2000,3730.0000,3729.8000,3732.6000,3732.8000,3733.0000,3733.8000,3734.0000,2,2,1,4,2,1,1,1,3,3
SF,IF2005,2020-04-13 10:23:28.600,3732.0000,10498,0,2728697340.000,0,-,-,-,-,3731.6000,3731.4000,3731.2000,3730.0000,3729.8000,3732.6000,3732.8000,3733.0000,3733.8000,3734.0000,3,2,1,4,2,1,1,1,3,3
SF,IF2005,2020-04-13 10:23:29.600,3732.0000,10498,0,2728697340.000,0,-,-,-,-,3731.8000,3731.6000,3731.4000,3731.2000,3730.0000,3732.8000,3733.0000,3733.8000,3734.0000,3734.2000,1,2,2,1,4,1,1,3,3,2
SF,IF2005,2020-04-13 10:23:30.100,3731.8000,10499,1,2729816880.000,1,1,0,双开,S,3731.6000,3731.4000,3731.2000,3730.0000,3729.8000,3732.8000,3733.0000,3733.8000,3734.0000,3734.2000,2,2,1,4,2,1,1,3,3,2
SF,IF2005,2020-04-13 10:23:30.600,3731.6000,10499,0,2730936360.000,1,0,1,多换,S,3731.6000,3731.4000,3731.2000,3730.0000,3729.8000,3732.6000,3732.8000,3733.0000,3733.8000,3734.0000,1,2,1,4,2,1,1,1,3,3
SF,IF2005,2020-04-13 10:23:31.100,3732.4000,10499,0,2732056080.000,1,0,1,多换,S,3731.6000,3731.4000,3731.2000,3730.0000,3729.8000,3732.6000,3733.0000,3733.8000,3734.0000,3734.2000,1,2,1,4,2,4,1,3,3,2
SF,IF2005,2020-04-13 10:23:31.600,3732.4000,10499,0,2732056080.000,0,-,-,-,-,3731.6000,3731.4000,3731.2000,3730.0000,3729.8000,3732.4000,3732.6000,3733.0000,3733.8000,3734.0000,1,2,1,4,2,4,3,1,3,3
SF,IF2005,2020-04-13 10:23:32.100,3731.6000,10498,-1,2733175560.000,1,0,1,双平,S,3731.4000,3731.2000,3730.0000,3729.8000,3729.6000,3732.0000,3732.4000,3732.6000,3733.0000,3733.8000,2,1,4,2,1,1,1,3,1,3
SF,IF2005,2020-04-13 10:23:32.600,3731.6000,10498,0,2733175560.000,0,-,-,-,-,3731.4000,3731.2000,3730.0000,3729.8000,3729.6000,3732.0000,3732.4000,3732.6000,3733.0000,3733.8000,2,1,4,2,1,1,1,1,1,3
SF,IF2005,2020-04-13 10:23:33.100,3732.0000,10499,1,2734295160.000,1,1,0,双开,S,3731.4000,3731.2000,3730.0000,3729.8000,3729.6000,3732.0000,3732.4000,3732.6000,3733.0000,3733.8000,2,1,4,2,1,3,1,1,1,3
SF,IF2005,2020-04-13 10:23:33.600,3732.0000,10499,0,2734295160.000,0,-,-,-,-,3731.4000,3731.2000,3730.0000,3729.8000,3729.6000,3732.0000,3732.4000,3733.0000,3733.8000,3734.0000,2,1,4,2,1,3,1,1,3,3
SF,IF2005,2020-04-13 10:23:34.100,3732.0000,10499,0,2734295160.000,0,-,-,-,-,3731.4000,3731.2000,3730.0000,3729.8000,3729.6000,3732.0000,3732.4000,3733.0000,3733.8000,3734.0000,2,1,4,2,1,3,1,1,3,3
SF,IF2005,2020-04-13 10:23:34.600,3732.0000,10499,0,2734295160.000,0,-,-,-,-,3731.4000,3731.2000,3730.0000,3729.8000,3729.6000,3731.8000,3732.4000,3733.0000,3733.8000,3734.0000,2,1,4,2,1,1,1,1,3,3
SF,IF2005,2020-04-13 10:23:35.100,3731.8000,10499,0,2735414700.000,1,0,1,多换,S,3731.4000,3731.2000,3730.0000,3729.8000,3729.6000,3731.8000,3732.4000,3733.0000,3733.8000,3734.0000,2,1,4,2,1,3,1,1,3,3
SF,IF2005,2020-04-13 10:23:35.600,3731.8000,10499,0,2738773320.000,3,1,2,多换,S,3731.4000,3731.2000,3730.0000,3729.8000,3729.6000,3732.4000,3733.0000,3733.8000,3734.0000,3734.2000,2,1,4,2,1,1,1,3,3,2
SF,IF2005,2020-04-13 10:23:36.100,3732.4000,10499,0,2739893040.000,1,0,1,多换,S,3731.6000,3731.4000,3731.2000,3730.0000,3729.8000,3733.0000,3733.8000,3734.0000,3734.2000,3734.6000,1,2,1,4,2,1,3,3,2,9
SF,IF2005,2020-04-13 10:23:36.600,3732.4000,10499,0,2739893040.000,0,-,-,-,-,3731.6000,3731.4000,3731.2000,3730.0000,3729.8000,3732.2000,3732.6000,3732.8000,3733.0000,3733.8000,2,3,1,4,2,1,2,2,4,3
SF,IF2005,2020-04-13 10:23:37.100,3732.4000,10499,0,2739893040.000,0,-,-,-,-,3731.6000,3731.4000,3731.2000,3730.0000,3729.8000,3732.2000,3732.6000,3732.8000,3733.0000,3733.8000,2,3,1,4,2,1,2,2,4,3
SF,IF2005,2020-04-13 10:23:37.600,3732.4000,10499,0,2739893040.000,0,-,-,-,-,3731.6000,3731.4000,3731.2000,3730.0000,3729.8000,3732.6000,3732.8000,3733.0000,3733.8000,3734.0000,2,3,1,4,2,1,2,4,3,3
SF,IF2005,2020-04-13 10:23:38.100,3732.4000,10499,0,2739893040.000,0,-,-,-,-,3731.6000,3731.4000,3731.2000,3730.0000,3729.8000,3732.6000,3732.8000,3733.0000,3733.8000,3734.0000,2,3,1,4,2,5,2,1,3,3
SF,IF2005,2020-04-13 10:23:38.600,3732.4000,10499,0,2739893040.000,0,-,-,-,-,3731.6000,3731.4000,3731.2000,3730.0000,3729.8000,3732.6000,3732.8000,3733.0000,3733.8000,3734.0000,2,3,1,4,2,4,2,1,3,3
SF,IF2005,2020-04-13 10:23:39.100,3732.4000,10499,0,2739893040.000,0,-,-,-,-,3731.6000,3731.4000,3731.2000,3730.0000,3729.8000,3732.6000,3732.8000,3733.0000,3733.8000,3734.0000,2,3,1,4,2,4,2,1,3,3
SF,IF2005,2020-04-13 10:23:39.600,3732.4000,10499,0,2739893040.000,0,-,-,-,-,3731.6000,3731.4000,3731.2000,3730.0000,3729.8000,3732.4000,3732.6000,3732.8000,3733.0000,3733.8000,2,3,1,4,2,1,4,2,1,3
SF,IF2005,2020-04-13 10:23:40.100,3732.4000,10499,0,2739893040.000,0,-,-,-,-,3731.6000,3731.4000,3731.2000,3730.0000,3729.8000,3732.4000,3732.6000,3732.8000,3733.0000,3733.8000,2,3,1,4,2,1,4,2,1,3
SF,IF2005,2020-04-13 10:23:40.600,3732.4000,10499,0,2739893040.000,0,-,-,-,-,3731.6000,3731.4000,3731.2000,3730.0000,3729.8000,3732.6000,3732.8000,3733.0000,3733.8000,3734.0000,2,3,1,4,2,4,2,1,3,3
SF,IF2005,2020-04-13 10:23:41.100,3732.6000,10499,0,2741012820.000,1,0,1,多换,S,3731.8000,3731.6000,3731.4000,3731.2000,3730.0000,3732.6000,3732.8000,3733.0000,3733.8000,3734.0000,2,2,3,1,4,3,2,1,3,3
SF,IF2005,2020-04-13 10:23:41.600,3732.6000,10499,0,2741012820.000,0,-,-,-,-,3732.0000,3731.8000,3731.6000,3731.4000,3731.2000,3732.6000,3733.0000,3733.8000,3734.0000,3734.2000,1,3,1,3,1,3,1,3,3,2
SF,IF2005,2020-04-13 10:23:42.100,3732.6000,10499,0,2744372160.000,3,1,2,多换,S,3732.2000,3732.0000,3731.8000,3731.6000,3731.4000,3733.0000,3733.8000,3734.0000,3734.2000,3734.6000,1,2,2,1,3,1,3,3,2,1
SF,IF2005,2020-04-13 10:23:42.600,3733.0000,10499,0,2746611960.000,2,1,1,多换,S,3732.6000,3732.2000,3732.0000,3731.6000,3731.4000,3733.8000,3734.0000,3734.6000,3735.0000,3735.2000,1,1,3,1,3,3,3,1,10,1
SF,IF2005,2020-04-13 10:23:43.100,3733.0000,10499,0,2746611960.000,0,-,-,-,-,3732.2000,3732.0000,3731.6000,3731.4000,3731.2000,3733.0000,3733.6000,3733.8000,3734.0000,3734.2000,1,1,1,3,1,4,4,5,3,2
SF,IF2005,2020-04-13 10:23:43.600,3733.0000,10499,0,2746611960.000,0,-,-,-,-,3732.4000,3731.6000,3731.4000,3731.2000,3730.0000,3733.6000,3733.8000,3734.0000,3734.2000,3734.6000,4,1,3,1,4,1,3,3,2,1
SF,IF2005,2020-04-13 10:23:44.100,3733.0000,10499,0,2746611960.000,0,-,-,-,-,3732.4000,3731.6000,3731.4000,3731.2000,3730.0000,3733.4000,3733.6000,3733.8000,3734.0000,3734.2000,4,1,3,1,4,2,1,3,3,2
SF,IF2005,2020-04-13 10:23:44.600,3732.4000,10498,-1,2749971120.000,3,1,2,多平,S,3731.6000,3731.4000,3731.2000,3730.0000,3729.8000,3733.2000,3733.4000,3733.8000,3734.0000,3734.2000,1,3,1,4,2,8,1,3,3,2
SF,IF2005,2020-04-13 10:23:45.100,3732.4000,10498,0,2749971120.000,0,-,-,-,-,3731.6000,3731.4000,3731.2000,3730.0000,3729.8000,3732.6000,3732.8000,3733.0000,3733.2000,3733.8000,1,3,1,4,2,1,1,8,7,3
SF,IF2005,2020-04-13 10:23:45.600,3732.4000,10498,0,2749971120.000,0,-,-,-,-,3731.6000,3731.4000,3731.2000,3730.0000,3729.8000,3732.4000,3732.6000,3733.0000,3733.2000,3733.8000,1,3,1,4,2,4,6,6,6,3
SF,IF2005,2020-04-13 10:23:46.100,3732.4000,10498,0,2751090840.000,1,0,1,多换,S,3731.6000,3731.4000,3731.2000,3730.0000,3729.8000,3732.4000,3732.6000,3733.0000,3733.2000,3733.8000,1,3,1,4,2,5,1,3,6,3
SF,IF2005,2020-04-13 10:23:46.600,3732.4000,10498,0,2751090840.000,0,-,-,-,-,3731.6000,3731.4000,3731.2000,3730.0000,3729.8000,3732.4000,3732.6000,3733.0000,3733.2000,3733.8000,1,3,1,4,2,6,1,3,6,3
SF,IF2005,2020-04-13 10:23:47.100,3732.4000,10498,0,2751090840.000,0,-,-,-,-,3731.6000,3731.4000,3731.2000,3730.0000,3729.8000,3732.4000,3732.6000,3733.0000,3733.2000,3733.8000,1,3,1,4,2,6,1,4,6,3
SF,IF2005,2020-04-13 10:23:47.600,3732.4000,10498,0,2751090840.000,0,-,-,-,-,3731.6000,3731.4000,3731.2000,3730.6000,3730.0000,3732.4000,3732.6000,3733.0000,3733.2000,3733.8000,1,3,1,2,4,6,1,4,6,3
SF,IF2005,2020-04-13 10:23:48.100,3732.4000,10498,0,2751090840.000,0,-,-,-,-,3731.6000,3731.4000,3731.2000,3730.6000,3730.0000,3732.4000,3732.6000,3733.0000,3733.2000,3733.8000,1,3,1,2,4,2,1,4,6,3
SF,IF2005,2020-04-13 10:23:49.100,3732.4000,10498,0,2751090840.000,0,-,-,-,-,3731.6000,3731.4000,3731.2000,3730.6000,3730.0000,3732.4000,3732.6000,3733.0000,3733.2000,3733.8000,1,3,1,2,4,5,1,4,6,3
SF,IF2005,2020-04-13 10:23:49.600,3732.4000,10498,0,2751090840.000,0,-,-,-,-,3731.6000,3731.4000,3731.2000,3730.6000,3730.0000,3732.4000,3732.6000,3733.0000,3733.2000,3733.8000,1,3,1,2,4,4,1,4,6,3
SF,IF2005,2020-04-13 10:23:50.100,3732.4000,10498,0,2751090840.000,0,-,-,-,-,3731.6000,3731.4000,3731.2000,3730.6000,3730.0000,3732.4000,3732.6000,3733.0000,3733.2000,3733.8000,1,3,1,2,4,1,1,4,6,3
SF,IF2005,2020-04-13 10:23:51.100,3732.4000,10498,0,2752210560.000,1,0,1,多换,S,3731.6000,3731.4000,3731.2000,3730.6000,3730.0000,3732.6000,3733.0000,3733.2000,3733.8000,3734.0000,1,3,1,2,4,1,4,6,3,3
SF,IF2005,2020-04-13 10:23:51.600,3732.4000,10498,0,2752210560.000,0,-,-,-,-,3731.6000,3731.4000,3731.2000,3730.6000,3730.0000,3732.6000,3733.0000,3733.2000,3733.8000,3734.0000,1,2,1,2,4,1,4,6,3,3
SF,IF2005,2020-04-13 10:23:52.100,3732.4000,10498,0,2753330280.000,1,0,1,多换,S,3731.6000,3731.4000,3731.2000,3730.6000,3730.0000,3732.6000,3733.0000,3733.2000,3733.8000,3734.0000,1,2,1,2,4,1,4,6,3,3
SF,IF2005,2020-04-13 10:23:52.600,3732.4000,10498,0,2753330280.000,0,-,-,-,-,3731.8000,3731.6000,3731.4000,3731.2000,3730.6000,3732.6000,3733.0000,3733.2000,3733.8000,3734.0000,4,1,2,1,2,3,1,6,3,3
SF,IF2005,2020-04-13 10:23:53.600,3732.4000,10498,0,2753330280.000,0,-,-,-,-,3731.8000,3731.6000,3731.4000,3731.2000,3730.6000,3732.6000,3733.0000,3733.2000,3733.8000,3734.0000,4,1,2,1,2,3,1,1,3,3
SF,IF2005,2020-04-13 10:23:54.100,3732.4000,10498,0,2753330280.000,0,-,-,-,-,3731.8000,3731.6000,3731.4000,3731.2000,3730.6000,3732.0000,3732.6000,3733.0000,3733.2000,3733.8000,4,1,2,1,2,1,3,1,1,2
SF,IF2005,2020-04-13 10:23:54.600,3732.0000,10498,0,2754449880.000,1,0,1,多换,S,3732.0000,3731.8000,3731.6000,3731.4000,3731.2000,3732.6000,3733.0000,3733.2000,3733.8000,3734.0000,1,3,1,2,1,3,1,1,2,3
SF,IF2005,2020-04-13 10:23:55.100,3732.0000,10498,0,2754449880.000,0,-,-,-,-,3731.8000,3731.6000,3731.4000,3731.2000,3730.6000,3732.6000,3733.0000,3733.2000,3733.8000,3734.0000,3,1,1,1,2,3,1,1,2,3
SF,IF2005,2020-04-13 10:23:55.600,3732.6000,10500,2,2756689440.000,2,2,0,双开,S,3731.8000,3731.6000,3731.4000,3731.2000,3730.6000,3732.6000,3733.0000,3733.2000,3733.8000,3734.0000,3,1,1,1,2,1,1,1,2,3
SF,IF2005,2020-04-13 10:23:56.100,3732.6000,10501,1,2757809220.000,1,1,0,双开,S,3731.8000,3731.6000,3731.4000,3731.2000,3730.6000,3733.0000,3733.2000,3733.8000,3734.0000,3734.2000,3,1,1,1,2,1,1,2,3,2
SF,IF2005,2020-04-13 10:23:56.600,3732.6000,10501,0,2757809220.000,0,-,-,-,-,3732.0000,3731.8000,3731.6000,3731.4000,3731.2000,3733.0000,3733.2000,3733.8000,3734.0000,3734.2000,2,2,1,1,1,1,1,2,3,2
SF,IF2005,2020-04-13 10:23:57.100,3732.6000,10501,0,2757809220.000,0,-,-,-,-,3732.0000,3731.8000,3731.6000,3731.4000,3731.2000,3732.8000,3733.0000,3733.2000,3733.8000,3734.0000,2,2,1,1,1,1,2,1,2,3
SF,IF2005,2020-04-13 10:23:57.600,3732.6000,10501,0,2757809220.000,0,-,-,-,-,3732.0000,3731.8000,3731.6000,3731.4000,3731.2000,3732.8000,3733.0000,3733.2000,3733.8000,3734.0000,2,2,1,1,1,1,7,1,2,3
SF,IF2005,2020-04-13 10:23:58.100,3732.6000,10501,0,2757809220.000,0,-,-,-,-,3732.0000,3731.8000,3731.6000,3731.4000,3730.6000,3733.0000,3733.2000,3733.8000,3734.0000,3734.2000,2,2,1,1,2,7,1,2,3,2
SF,IF2005,2020-04-13 10:23:58.600,3733.0000,10502,1,2760048960.000,2,1,1,空开,S,3732.0000,3731.8000,3731.6000,3731.4000,3730.6000,3733.0000,3733.2000,3733.8000,3734.0000,3734.2000,2,2,1,1,2,6,1,2,3,2
SF,IF2005,2020-04-13 10:24:01.100,3733.0000,10503,1,2761168860.000,1,1,0,双开,S,3732.0000,3731.8000,3731.6000,3731.4000,3730.6000,3733.0000,3733.2000,3733.8000,3734.0000,3734.2000,2,2,1,1,2,5,1,2,3,2
SF,IF2005,2020-04-13 10:24:01.600,3733.0000,10503,0,2761168860.000,0,-,-,-,-,3732.0000,3731.8000,3731.6000,3731.4000,3730.6000,3733.0000,3733.2000,3733.8000,3734.0000,3734.2000,2,2,1,1,2,5,1,2,3,2
SF,IF2005,2020-04-13 10:24:02.100,3732.0000,10502,-1,2762288460.000,1,0,1,双平,S,3731.8000,3731.6000,3731.4000,3730.6000,3730.0000,3733.0000,3733.2000,3733.8000,3734.0000,3734.2000,2,1,1,2,4,7,1,2,3,2
SF,IF2005,2020-04-13 10:24:02.600,3732.0000,10502,0,2762288460.000,0,-,-,-,-,3731.8000,3731.6000,3731.4000,3730.6000,3730.0000,3732.8000,3733.0000,3733.8000,3734.0000,3734.2000,2,1,1,2,4,5,7,2,3,2
SF,IF2005,2020-04-13 10:24:03.600,3732.0000,10502,0,2762288460.000,0,-,-,-,-,3731.8000,3731.6000,3731.4000,3730.6000,3730.0000,3732.8000,3733.0000,3733.8000,3734.0000,3734.2000,2,1,1,2,4,7,5,2,3,2
SF,IF2005,2020-04-13 10:24:04.100,3732.0000,10502,0,2762288460.000,0,-,-,-,-,3731.8000,3731.6000,3731.4000,3730.6000,3730.0000,3732.6000,3732.8000,3733.0000,3733.8000,3734.0000,1,1,1,2,4,3,4,5,2,3
SF,IF2005,2020-04-13 10:24:05.100,3732.0000,10502,0,2762288460.000,0,-,-,-,-,3731.8000,3731.6000,3731.4000,3730.6000,3730.0000,3732.6000,3732.8000,3733.0000,3733.8000,3734.0000,1,1,1,2,4,2,4,5,2,3
SF,IF2005,2020-04-13 10:24:05.600,3732.0000,10502,0,2762288460.000,0,-,-,-,-,3731.6000,3731.4000,3730.6000,3730.0000,3729.8000,3732.6000,3732.8000,3733.0000,3733.8000,3734.0000,1,1,2,4,2,2,4,5,2,3
SF,IF2005,2020-04-13 10:24:06.100,3732.6000,10504,2,2764528020.000,2,2,0,双开,S,3731.6000,3731.4000,3730.6000,3730.0000,3729.8000,3732.8000,3733.0000,3733.8000,3734.0000,3734.2000,1,1,2,4,2,4,5,2,3,2
SF,IF2005,2020-04-13 10:24:06.600,3732.6000,10504,0,2764528020.000,0,-,-,-,-,3731.6000,3731.4000,3730.6000,3730.0000,3729.8000,3732.6000,3732.8000,3733.0000,3733.8000,3734.0000,1,1,2,4,2,1,4,5,2,3
SF,IF2005,2020-04-13 10:24:08.600,3732.6000,10504,0,2764528020.000,0,-,-,-,-,3731.6000,3731.4000,3730.6000,3730.0000,3729.8000,3732.4000,3732.6000,3732.8000,3733.0000,3733.8000,1,1,2,4,2,1,1,3,5,2
SF,IF2005,2020-04-13 10:24:09.100,3732.6000,10504,0,2764528020.000,0,-,-,-,-,3731.6000,3731.4000,3730.6000,3730.0000,3729.8000,3732.4000,3732.6000,3732.8000,3733.0000,3733.8000,1,1,2,4,2,1,1,2,6,2
SF,IF2005,2020-04-13 10:24:09.600,3732.6000,10504,0,2765647800.000,1,0,1,多换,S,3731.6000,3731.4000,3730.6000,3730.0000,3729.8000,3732.6000,3732.8000,3733.0000,3733.8000,3734.0000,1,1,2,4,2,1,2,6,2,3
SF,IF2005,2020-04-13 10:24:10.100,3732.6000,10504,0,2765647800.000,0,-,-,-,-,3731.6000,3731.4000,3730.6000,3730.0000,3729.8000,3732.8000,3733.0000,3733.8000,3734.0000,3734.2000,1,1,2,4,2,2,6,2,3,2
SF,IF2005,2020-04-13 10:24:10.600,3732.6000,10504,0,2765647800.000,0,-,-,-,-,3731.6000,3731.4000,3730.6000,3730.0000,3729.8000,3732.6000,3732.8000,3733.0000,3733.8000,3734.0000,1,1,2,4,2,1,2,6,2,3
SF,IF2005,2020-04-13 10:24:11.100,3732.8000,10504,0,2766767640.000,1,0,1,多换,S,3731.6000,3731.4000,3730.6000,3730.0000,3729.8000,3732.8000,3733.0000,3733.8000,3734.0000,3734.2000,1,1,2,4,2,1,6,2,3,2
SF,IF2005,2020-04-13 10:24:11.600,3732.8000,10504,0,2766767640.000,0,-,-,-,-,3731.8000,3731.6000,3731.4000,3730.6000,3730.0000,3732.6000,3732.8000,3733.0000,3733.8000,3734.0000,1,1,1,2,4,1,1,6,2,3
SF,IF2005,2020-04-13 10:24:12.100,3732.8000,10504,0,2766767640.000,0,-,-,-,-,3731.8000,3731.6000,3731.4000,3730.6000,3730.0000,3732.8000,3733.0000,3733.8000,3734.0000,3734.2000,1,1,1,2,4,1,6,2,3,2
SF,IF2005,2020-04-13 10:24:14.600,3732.8000,10506,2,2769007320.000,2,2,0,双开,S,3731.8000,3731.6000,3731.4000,3730.6000,3730.0000,3732.4000,3732.6000,3732.8000,3733.0000,3733.8000,1,1,1,2,4,3,1,1,6,2
SF,IF2005,2020-04-13 10:24:15.600,3731.8000,10505,-1,2770126860.000,1,0,1,双平,S,3731.6000,3731.4000,3730.6000,3730.0000,3729.8000,3732.4000,3732.8000,3733.0000,3733.8000,3734.0000,1,1,2,4,2,3,1,6,2,3
SF,IF2005,2020-04-13 10:24:16.100,3732.4000,10506,1,2771246580.000,1,1,0,双开,S,3731.6000,3731.4000,3730.6000,3730.0000,3729.8000,3732.4000,3732.8000,3733.0000,3733.8000,3734.0000,1,1,2,4,2,2,1,6,2,3
SF,IF2005,2020-04-13 10:24:16.600,3732.4000,10506,0,2771246580.000,0,-,-,-,-,3731.6000,3731.4000,3730.6000,3730.0000,3729.8000,3732.4000,3732.8000,3733.0000,3733.8000,3734.0000,1,1,2,4,2,2,1,6,2,3
SF,IF2005,2020-04-13 10:24:17.600,3732.4000,10506,0,2771246580.000,0,-,-,-,-,3731.6000,3731.4000,3730.6000,3730.0000,3729.8000,3732.2000,3732.4000,3732.8000,3733.0000,3733.8000,1,1,2,4,2,5,2,1,6,2
SF,IF2005,2020-04-13 10:24:18.100,3732.4000,10506,0,2771246580.000,0,-,-,-,-,3731.6000,3731.4000,3730.6000,3730.0000,3729.8000,3732.2000,3732.4000,3733.0000,3733.8000,3734.0000,1,1,2,4,1,5,2,6,2,3
SF,IF2005,2020-04-13 10:24:20.100,3732.4000,10506,0,2771246580.000,0,-,-,-,-,3731.6000,3731.4000,3730.6000,3730.0000,3729.8000,3732.4000,3733.0000,3733.8000,3734.0000,3734.2000,1,1,2,4,1,2,6,2,3,2
SF,IF2005,2020-04-13 10:24:20.600,3732.4000,10506,0,2771246580.000,0,-,-,-,-,3731.6000,3731.4000,3730.6000,3730.0000,3729.8000,3732.2000,3732.4000,3733.0000,3733.8000,3734.0000,1,1,2,4,1,3,2,6,2,3
SF,IF2005,2020-04-13 10:24:21.100,3733.0000,10506,0,2775725460.000,4,2,2,多换,S,3731.6000,3731.4000,3730.6000,3730.0000,3729.8000,3733.0000,3733.8000,3734.0000,3734.2000,3734.6000,1,1,2,4,1,5,2,3,2,2
SF,IF2005,2020-04-13 10:24:21.600,3733.0000,10506,0,2775725460.000,0,-,-,-,-,3731.8000,3731.6000,3731.4000,3730.6000,3730.0000,3733.0000,3733.8000,3734.0000,3734.2000,3734.6000,3,1,1,2,4,5,2,3,2,2
SF,IF2005,2020-04-13 10:24:23.100,3733.0000,10506,0,2775725460.000,0,-,-,-,-,3731.8000,3731.6000,3731.4000,3730.6000,3730.0000,3732.8000,3733.0000,3733.8000,3734.0000,3734.2000,3,1,1,2,4,2,5,2,3,2
SF,IF2005,2020-04-13 10:24:23.600,3733.0000,10506,0,2775725460.000,0,-,-,-,-,3731.8000,3731.6000,3731.4000,3730.6000,3730.0000,3732.8000,3733.0000,3733.8000,3734.0000,3734.2000,3,1,1,2,4,5,5,2,3,2
SF,IF2005,2020-04-13 10:24:24.100,3733.0000,10506,0,2775725460.000,0,-,-,-,-,3731.8000,3731.6000,3731.4000,3730.6000,3730.0000,3732.8000,3733.0000,3733.8000,3734.0000,3734.2000,3,1,1,2,4,3,5,2,3,2
SF,IF2005,2020-04-13 10:24:25.100,3731.8000,10506,0,2776845000.000,1,0,1,多换,S,3731.8000,3731.6000,3731.4000,3730.6000,3730.0000,3732.8000,3733.0000,3733.8000,3734.0000,3734.2000,2,1,1,2,4,3,5,2,3,2
SF,IF2005,2020-04-13 10:24:25.600,3731.8000,10506,0,2776845000.000,0,-,-,-,-,3731.8000,3731.6000,3731.4000,3730.6000,3730.0000,3732.6000,3732.8000,3733.0000,3733.8000,3734.0000,1,1,1,2,4,1,3,6,2,3
SF,IF2005,2020-04-13 10:24:26.100,3732.4000,10506,0,2777964720.000,1,0,1,多换,S,3731.6000,3731.4000,3730.6000,3730.0000,3729.8000,3732.6000,3732.8000,3733.0000,3733.8000,3734.0000,1,1,2,4,1,2,2,6,2,3
SF,IF2005,2020-04-13 10:24:26.600,3732.4000,10506,0,2777964720.000,0,-,-,-,-,3731.6000,3731.4000,3730.6000,3730.0000,3729.8000,3732.6000,3732.8000,3733.0000,3733.8000,3734.0000,1,1,2,4,1,2,1,6,2,3
SF,IF2005,2020-04-13 10:24:29.600,3732.4000,10506,0,2777964720.000,0,-,-,-,-,3731.6000,3731.4000,3730.6000,3730.0000,3729.8000,3732.0000,3732.2000,3732.6000,3732.8000,3733.0000,1,1,2,4,1,1,4,2,1,6
SF,IF2005,2020-04-13 10:24:30.100,3732.4000,10506,0,2777964720.000,0,-,-,-,-,3731.6000,3731.4000,3730.6000,3730.0000,3729.8000,3732.0000,3732.4000,3732.6000,3733.0000,3733.8000,1,1,2,4,1,1,1,2,6,2
SF,IF2005,2020-04-13 10:24:31.100,3732.4000,10507,1,2779084440.000,1,1,0,双开,S,3731.6000,3731.4000,3730.6000,3730.0000,3729.8000,3732.4000,3732.6000,3733.0000,3733.8000,3734.0000,1,1,2,4,1,1,2,6,2,3
SF,IF2005,2020-04-13 10:24:31.600,3732.4000,10507,0,2779084440.000,0,-,-,-,-,3731.6000,3731.4000,3730.6000,3730.0000,3729.8000,3732.6000,3733.0000,3733.8000,3734.0000,3734.2000,1,1,2,4,1,2,6,2,3,2
SF,IF2005,2020-04-13 10:24:32.100,3732.4000,10507,0,2779084440.000,0,-,-,-,-,3731.6000,3731.4000,3730.6000,3730.0000,3729.8000,3732.4000,3732.6000,3733.0000,3733.8000,3734.0000,1,1,2,4,1,5,2,6,2,3
SF,IF2005,2020-04-13 10:24:33.600,3732.4000,10507,0,2779084440.000,0,-,-,-,-,3731.6000,3731.4000,3730.6000,3730.0000,3729.8000,3732.2000,3732.4000,3732.6000,3733.0000,3733.8000,1,1,2,4,1,3,5,2,6,2
SF,IF2005,2020-04-13 10:24:34.100,3732.4000,10507,0,2779084440.000,0,-,-,-,-,3731.6000,3731.4000,3730.6000,3730.0000,3729.8000,3732.6000,3733.0000,3733.8000,3734.0000,3734.2000,1,1,2,4,1,2,6,2,3,2
SF,IF2005,2020-04-13 10:24:35.100,3732.4000,10507,0,2779084440.000,0,-,-,-,-,3731.6000,3731.4000,3730.6000,3730.0000,3729.8000,3732.4000,3732.6000,3733.0000,3733.8000,3734.0000,1,1,2,4,1,5,2,6,2,3
SF,IF2005,2020-04-13 10:24:35.600,3732.4000,10507,0,2779084440.000,0,-,-,-,-,3731.6000,3731.4000,3730.6000,3730.0000,3729.8000,3732.6000,3733.0000,3733.8000,3734.0000,3734.2000,1,1,2,4,1,2,6,2,3,2
SF,IF2005,2020-04-13 10:24:36.100,3732.6000,10507,0,2780204220.000,1,0,1,多换,S,3731.6000,3731.4000,3730.6000,3730.0000,3729.8000,3732.6000,3733.0000,3733.8000,3734.0000,3734.2000,1,1,2,4,1,1,6,2,3,2
SF,IF2005,2020-04-13 10:24:36.600,3732.6000,10507,0,2780204220.000,0,-,-,-,-,3731.8000,3731.6000,3731.4000,3730.6000,3730.0000,3733.0000,3733.8000,3734.0000,3734.2000,3734.6000,1,1,1,2,4,6,2,3,2,2
SF,IF2005,2020-04-13 10:24:37.100,3732.6000,10507,0,2780204220.000,0,-,-,-,-,3731.8000,3731.6000,3731.4000,3730.6000,3730.0000,3732.6000,3732.8000,3733.0000,3733.8000,3734.0000,1,1,1,2,4,5,1,6,2,3
SF,IF2005,2020-04-13 10:24:37.600,3732.6000,10507,0,2780204220.000,0,-,-,-,-,3731.8000,3731.6000,3731.4000,3730.6000,3730.0000,3732.8000,3733.0000,3733.8000,3734.0000,3734.2000,1,1,1,2,5,1,6,2,3,2
SF,IF2005,2020-04-13 10:24:38.100,3732.6000,10507,0,2780204220.000,0,-,-,-,-,3731.8000,3731.6000,3731.4000,3730.6000,3730.0000,3732.8000,3733.0000,3733.8000,3734.0000,3734.2000,1,1,1,2,5,1,6,2,3,2
SF,IF2005,2020-04-13 10:24:38.600,3732.6000,10507,0,2780204220.000,0,-,-,-,-,3731.8000,3731.6000,3731.4000,3730.6000,3730.0000,3732.4000,3732.8000,3733.0000,3733.8000,3734.0000,1,1,1,2,5,5,1,6,2,3
SF,IF2005,2020-04-13 10:24:39.100,3732.6000,10507,0,2780204220.000,0,-,-,-,-,3731.8000,3731.6000,3731.4000,3730.6000,3730.0000,3732.6000,3732.8000,3733.0000,3733.8000,3734.0000,1,1,1,2,5,1,1,6,2,3
SF,IF2005,2020-04-13 10:24:39.600,3732.6000,10507,0,2780204220.000,0,-,-,-,-,3731.8000,3731.6000,3731.4000,3730.6000,3730.0000,3732.8000,3733.0000,3733.8000,3734.0000,3734.2000,1,1,1,2,5,1,6,2,3,2
SF,IF2005,2020-04-13 10:24:41.100,3732.8000,10507,0,2781324060.000,1,0,1,多换,S,3731.8000,3731.6000,3731.4000,3730.6000,3730.0000,3733.0000,3733.8000,3734.0000,3734.2000,3734.6000,1,1,1,2,5,6,2,3,2,2
SF,IF2005,2020-04-13 10:24:41.600,3732.8000,10507,0,2781324060.000,0,-,-,-,-,3732.0000,3731.8000,3731.6000,3731.4000,3730.6000,3732.8000,3733.0000,3733.8000,3734.0000,3734.2000,1,1,1,1,2,2,6,2,3,2
SF,IF2005,2020-04-13 10:24:42.100,3732.8000,10507,0,2781324060.000,0,-,-,-,-,3732.0000,3731.8000,3731.6000,3731.4000,3730.6000,3732.8000,3733.0000,3733.8000,3734.0000,3734.2000,1,1,1,1,2,3,6,2,3,2
SF,IF2005,2020-04-13 10:24:43.600,3732.0000,10506,-1,2782443660.000,1,0,1,双平,S,3731.8000,3731.6000,3731.4000,3730.6000,3730.0000,3732.6000,3732.8000,3733.0000,3733.8000,3734.0000,1,1,1,2,5,4,3,6,2,3
SF,IF2005,2020-04-13 10:24:44.100,3732.0000,10506,0,2782443660.000,0,-,-,-,-,3731.8000,3731.6000,3731.4000,3730.6000,3730.0000,3732.6000,3732.8000,3733.0000,3733.8000,3734.0000,1,1,1,2,5,5,2,6,2,3
SF,IF2005,2020-04-13 10:24:45.100,3732.0000,10506,0,2782443660.000,0,-,-,-,-,3731.8000,3731.6000,3731.4000,3730.6000,3730.0000,3732.6000,3733.0000,3733.8000,3734.0000,3734.2000,1,1,1,2,5,1,6,2,3,2
SF,IF2005,2020-04-13 10:24:45.600,3731.8000,10505,-1,2783563200.000,1,0,1,双平,S,3731.6000,3731.4000,3730.6000,3730.0000,3729.8000,3732.4000,3732.6000,3733.0000,3733.8000,3734.0000,1,1,2,5,1,3,1,6,2,3
SF,IF2005,2020-04-13 10:24:46.100,3732.4000,10506,1,2784682920.000,1,1,0,双开,S,3731.6000,3731.4000,3730.6000,3730.0000,3729.8000,3732.4000,3733.0000,3733.8000,3734.0000,3734.2000,1,1,2,5,1,3,6,2,3,2
SF,IF2005,2020-04-13 10:24:46.600,3732.4000,10507,1,2786922120.000,2,1,1,空开,S,3731.4000,3730.6000,3730.0000,3729.8000,3729.6000,3732.4000,3733.0000,3733.8000,3734.0000,3734.2000,1,2,5,1,1,2,6,2,3,2
SF,IF2005,2020-04-13 10:24:47.100,3732.4000,10507,0,2786922120.000,0,-,-,-,-,3731.4000,3730.6000,3730.0000,3729.8000,3729.6000,3732.4000,3733.0000,3733.8000,3734.0000,3734.2000,1,2,4,1,1,2,6,2,3,2
SF,IF2005,2020-04-13 10:24:47.600,3732.4000,10507,0,2786922120.000,0,-,-,-,-,3731.4000,3730.6000,3730.0000,3729.8000,3729.6000,3732.0000,3732.2000,3732.4000,3733.0000,3733.8000,1,2,4,1,1,5,2,2,6,2
SF,IF2005,2020-04-13 10:24:48.100,3732.4000,10507,0,2786922120.000,0,-,-,-,-,3731.4000,3730.6000,3730.0000,3729.8000,3729.6000,3732.0000,3732.2000,3732.4000,3733.0000,3733.2000,1,2,4,1,1,6,2,1,6,2
SF,IF2005,2020-04-13 10:24:48.600,3731.4000,10507,0,2788041540.000,1,0,1,多换,S,3730.6000,3730.0000,3729.8000,3729.6000,3729.4000,3732.0000,3732.2000,3732.4000,3733.0000,3733.2000,2,4,1,1,1,6,2,1,6,2
SF,IF2005,2020-04-13 10:24:49.100,3731.4000,10507,0,2788041540.000,0,-,-,-,-,3730.6000,3730.0000,3729.8000,3729.6000,3729.4000,3731.4000,3731.6000,3731.8000,3732.0000,3732.4000,2,4,1,1,1,1,5,3,6,1
SF,IF2005,2020-04-13 10:24:49.600,3731.4000,10507,0,2788041540.000,0,-,-,-,-,3730.6000,3729.4000,3728.8000,3728.6000,3728.0000,3731.4000,3731.6000,3731.8000,3732.0000,3732.4000,2,1,5,1,1,4,6,3,5,1
SF,IF2005,2020-04-13 10:24:50.100,3731.4000,10507,0,2788041540.000,0,-,-,-,-,3730.6000,3728.8000,3728.6000,3728.0000,3727.4000,3731.4000,3731.8000,3732.0000,3732.4000,3733.0000,2,5,1,1,2,3,3,5,1,6
SF,IF2005,2020-04-13 10:24:50.600,3730.6000,10509,2,2790279900.000,2,2,0,双开,S,3728.8000,3728.6000,3728.0000,3727.4000,3726.8000,3731.2000,3731.4000,3731.8000,3732.0000,3732.4000,4,1,1,2,1,5,3,2,5,1
SF,IF2005,2020-04-13 10:24:51.100,3731.0000,10509,0,2791399200.000,1,0,1,多换,S,3729.8000,3729.6000,3729.2000,3729.0000,3728.8000,3731.0000,3731.2000,3731.4000,3731.8000,3732.0000,2,1,5,4,4,1,1,1,1,5
SF,IF2005,2020-04-13 10:24:51.600,3731.0000,10509,0,2792518500.000,1,0,1,多换,S,3730.0000,3729.8000,3729.2000,3729.0000,3728.8000,3731.0000,3731.4000,3731.8000,3732.0000,3733.0000,2,2,5,4,4,2,1,1,5,6
SF,IF2005,2020-04-13 10:24:52.100,3731.0000,10509,0,2792518500.000,0,-,-,-,-,3730.0000,3729.8000,3729.2000,3729.0000,3728.8000,3731.0000,3731.4000,3732.0000,3733.0000,3733.8000,2,2,1,3,4,2,1,5,6,2
SF,IF2005,2020-04-13 10:24:52.600,3731.0000,10509,0,2792518500.000,0,-,-,-,-,3730.0000,3729.8000,3729.2000,3729.0000,3728.8000,3731.0000,3731.4000,3732.0000,3732.8000,3733.0000,2,2,1,3,4,1,1,5,2,6
SF,IF2005,2020-04-13 10:24:53.100,3731.0000,10509,0,2792518500.000,0,-,-,-,-,3730.2000,3730.0000,3729.8000,3729.2000,3729.0000,3731.0000,3731.4000,3732.0000,3732.8000,3733.0000,1,2,2,1,3,1,1,5,2,6
SF,IF2005,2020-04-13 10:24:53.600,3731.0000,10509,0,2792518500.000,0,-,-,-,-,3730.0000,3729.8000,3729.2000,3729.0000,3728.8000,3731.0000,3731.4000,3732.0000,3732.8000,3733.0000,2,2,1,3,4,1,1,5,2,6
SF,IF2005,2020-04-13 10:24:54.100,3731.0000,10509,0,2792518500.000,0,-,-,-,-,3730.0000,3729.8000,3729.2000,3729.0000,3728.8000,3731.0000,3731.2000,3732.0000,3732.8000,3733.0000,2,2,1,2,4,1,1,5,2,6
SF,IF2005,2020-04-13 10:24:54.600,3730.0000,10509,0,2793637500.000,1,0,1,多换,S,3730.0000,3729.8000,3729.2000,3729.0000,3728.8000,3730.8000,3731.0000,3731.2000,3732.0000,3732.8000,1,2,1,2,4,2,1,1,5,2
SF,IF2005,2020-04-13 10:24:55.100,3730.0000,10509,0,2793637500.000,0,-,-,-,-,3730.0000,3729.8000,3729.2000,3729.0000,3728.8000,3730.8000,3731.2000,3732.8000,3733.0000,3733.8000,1,2,1,2,4,2,1,2,6,2
SF,IF2005,2020-04-13 10:24:55.600,3730.0000,10509,0,2793637500.000,0,-,-,-,-,3730.0000,3729.8000,3729.2000,3729.0000,3728.8000,3730.8000,3731.2000,3732.8000,3733.0000,3733.8000,1,2,1,2,4,1,1,2,6,2
SF,IF2005,2020-04-13 10:24:56.100,3730.8000,10510,1,2794756740.000,1,1,0,双开,S,3730.0000,3729.8000,3729.2000,3729.0000,3728.8000,3731.2000,3732.8000,3733.0000,3733.8000,3734.0000,1,2,1,2,4,1,2,6,2,4
SF,IF2005,2020-04-13 10:24:57.100,3730.8000,10510,0,2794756740.000,0,-,-,-,-,3730.0000,3729.8000,3729.2000,3729.0000,3728.8000,3731.2000,3732.8000,3733.0000,3733.8000,3734.0000,1,2,1,1,4,1,2,6,2,4
SF,IF2005,2020-04-13 10:24:57.600,3730.8000,10510,0,2794756740.000,0,-,-,-,-,3730.2000,3730.0000,3729.8000,3729.2000,3729.0000,3731.2000,3732.8000,3733.0000,3733.8000,3734.0000,2,1,1,1,1,1,2,6,2,4
SF,IF2005,2020-04-13 10:24:58.100,3730.8000,10510,0,2794756740.000,0,-,-,-,-,3730.4000,3730.2000,3729.2000,3729.0000,3728.8000,3731.2000,3732.8000,3733.0000,3733.8000,3734.0000,1,4,1,1,4,1,2,6,2,4
SF,IF2005,2020-04-13 10:24:58.600,3730.8000,10510,0,2794756740.000,0,-,-,-,-,3730.4000,3730.2000,3729.2000,3729.0000,3728.8000,3731.2000,3732.8000,3733.0000,3733.8000,3734.0000,1,3,1,1,4,1,2,6,2,4
SF,IF2005,2020-04-13 10:24:59.100,3730.8000,10510,0,2794756740.000,0,-,-,-,-,3730.4000,3730.2000,3729.2000,3729.0000,3728.8000,3732.8000,3733.0000,3733.8000,3734.0000,3734.6000,1,3,1,1,4,2,6,2,4,2
SF,IF2005,2020-04-13 10:24:59.600,3730.8000,10510,0,2794756740.000,0,-,-,-,-,3730.6000,3730.4000,3730.2000,3729.2000,3729.0000,3731.0000,3731.8000,3732.2000,3732.4000,3732.6000,2,1,2,1,1,1,3,1,3,2
SF,IF2005,2020-04-13 10:25:00.100,3730.2000,10508,-2,2798114100.000,3,0,3,多平,S,3730.2000,3729.2000,3729.0000,3728.8000,3728.6000,3731.0000,3731.4000,3731.8000,3732.4000,3732.6000,1,1,1,3,1,1,4,2,3,4
SF,IF2005,2020-04-13 10:25:00.600,3730.2000,10508,0,2798114100.000,0,-,-,-,-,3730.2000,3729.2000,3729.0000,3728.8000,3728.6000,3731.0000,3732.4000,3732.6000,3732.8000,3733.0000,1,1,1,3,1,1,2,3,2,6
SF,IF2005,2020-04-13 10:25:01.100,3731.0000,10509,1,2799233400.000,1,1,0,双开,S,3730.4000,3730.2000,3729.2000,3729.0000,3728.8000,3732.6000,3732.8000,3733.0000,3733.8000,3734.0000,1,1,1,1,3,3,2,6,2,4
SF,IF2005,2020-04-13 10:25:01.600,3731.0000,10509,0,2799233400.000,0,-,-,-,-,3730.6000,3730.4000,3730.2000,3728.8000,3728.6000,3732.0000,3732.2000,3732.6000,3732.8000,3733.0000,6,1,1,3,1,1,2,2,2,6
SF,IF2005,2020-04-13 10:25:02.100,3731.0000,10509,0,2799233400.000,0,-,-,-,-,3730.6000,3730.4000,3728.8000,3728.6000,3728.0000,3731.6000,3731.8000,3732.2000,3732.6000,3732.8000,3,1,3,1,1,1,7,2,1,2
SF,IF2005,2020-04-13 10:25:02.600,3731.0000,10509,0,2799233400.000,0,-,-,-,-,3730.8000,3730.6000,3728.8000,3728.6000,3728.0000,3731.6000,3731.8000,3732.2000,3732.8000,3733.0000,1,2,3,1,1,1,2,1,2,6
SF,IF2005,2020-04-13 10:25:03.100,3731.6000,10509,0,2800352880.000,1,0,1,多换,S,3732.0000,3731.2000,3731.0000,3730.8000,3730.6000,3733.0000,3733.8000,3734.0000,3734.6000,3735.0000,1,1,3,3,2,6,2,4,2,5
SF,IF2005,2020-04-13 10:25:03.600,3731.6000,10510,1,2801472360.000,1,1,0,双开,S,3731.0000,3730.8000,3730.6000,3728.8000,3728.6000,3732.4000,3732.8000,3733.0000,3733.8000,3734.0000,2,1,1,3,1,5,4,6,4,4
SF,IF2005,2020-04-13 10:25:04.100,3732.0000,10510,0,2802591960.000,1,0,1,多换,S,3731.4000,3731.2000,3731.0000,3730.8000,3728.8000,3732.2000,3732.8000,3733.0000,3733.8000,3734.0000,1,3,1,1,3,1,2,6,4,4
SF,IF2005,2020-04-13 10:25:04.600,3732.0000,10510,0,2802591960.000,0,-,-,-,-,3731.2000,3731.0000,3730.8000,3728.8000,3728.6000,3732.2000,3733.0000,3733.8000,3734.0000,3734.6000,2,1,1,3,1,3,6,4,4,2
SF,IF2005,2020-04-13 10:25:05.100,3732.0000,10510,0,2802591960.000,0,-,-,-,-,3731.0000,3730.8000,3728.8000,3728.6000,3728.0000,3732.0000,3732.2000,3733.0000,3733.8000,3734.0000,1,1,3,1,1,1,3,6,4,4
SF,IF2005,2020-04-13 10:25:05.600,3732.0000,10510,0,2802591960.000,0,-,-,-,-,3728.8000,3728.6000,3728.0000,3727.4000,3726.8000,3731.8000,3732.0000,3732.2000,3733.0000,3733.8000,3,1,1,2,1,1,1,2,6,4
SF,IF2005,2020-04-13 10:25:06.100,3731.8000,10511,1,2804831040.000,2,1,1,空开,S,3730.6000,3730.4000,3730.2000,3730.0000,3729.8000,3732.2000,3733.0000,3733.8000,3734.0000,3734.6000,2,1,1,4,2,1,6,4,4,2
SF,IF2005,2020-04-13 10:25:06.600,3731.8000,10511,0,2804831040.000,0,-,-,-,-,3731.0000,3730.8000,3730.6000,3730.0000,3729.8000,3733.0000,3733.8000,3734.0000,3734.6000,3735.0000,2,5,1,4,2,6,4,4,2,5
SF,IF2005,2020-04-13 10:25:07.100,3731.8000,10511,0,2804831040.000,0,-,-,-,-,3731.2000,3731.0000,3730.8000,3730.0000,3729.8000,3732.0000,3732.6000,3732.8000,3733.0000,3733.8000,2,1,2,4,2,4,1,2,6,4
SF,IF2005,2020-04-13 10:25:07.600,3731.8000,10511,0,2804831040.000,0,-,-,-,-,3731.2000,3731.0000,3730.8000,3730.0000,3729.8000,3732.0000,3732.6000,3732.8000,3733.0000,3733.8000,1,1,1,4,2,2,1,2,6,4
SF,IF2005,2020-04-13 10:25:08.100,3731.8000,10511,0,2804831040.000,0,-,-,-,-,3731.2000,3731.0000,3730.8000,3730.0000,3729.8000,3732.0000,3732.6000,3732.8000,3733.0000,3733.8000,1,1,1,4,2,1,1,2,6,4
SF,IF2005,2020-04-13 10:25:09.100,3731.8000,10511,0,2804831040.000,0,-,-,-,-,3731.2000,3731.0000,3730.0000,3729.8000,3729.4000,3732.6000,3732.8000,3733.0000,3733.8000,3734.0000,1,1,4,2,2,1,1,6,4,4
SF,IF2005,2020-04-13 10:25:09.600,3731.8000,10511,0,2804831040.000,0,-,-,-,-,3731.2000,3731.0000,3730.0000,3729.8000,3729.4000,3732.4000,3732.8000,3733.0000,3733.8000,3734.0000,1,1,4,2,2,1,1,6,4,4
SF,IF2005,2020-04-13 10:25:10.100,3731.8000,10511,0,2804831040.000,0,-,-,-,-,3731.4000,3731.2000,3730.0000,3729.8000,3729.4000,3732.4000,3732.8000,3733.0000,3733.8000,3734.0000,4,1,4,2,1,1,1,6,4,4
SF,IF2005,2020-04-13 10:25:11.100,3732.0000,10511,0,2805950640.000,1,0,1,多换,S,3731.6000,3731.4000,3731.2000,3730.0000,3729.8000,3732.0000,3732.4000,3732.8000,3733.0000,3733.8000,1,4,1,4,2,4,1,1,7,4
SF,IF2005,2020-04-13 10:25:11.600,3732.0000,10509,-2,2808189840.000,2,0,2,双平,S,3731.6000,3731.4000,3731.2000,3730.0000,3729.8000,3732.0000,3732.4000,3732.8000,3733.0000,3733.8000,1,4,1,4,2,2,1,1,7,4
SF,IF2005,2020-04-13 10:25:12.100,3732.0000,10509,0,2810429040.000,2,1,1,多换,S,3731.4000,3731.2000,3730.0000,3729.8000,3729.4000,3731.6000,3732.8000,3733.0000,3733.8000,3734.0000,3,1,4,2,1,1,1,7,4,4
SF,IF2005,2020-04-13 10:25:12.600,3731.4000,10510,1,2812667940.000,2,1,1,空开,S,3731.4000,3731.2000,3730.0000,3729.8000,3729.4000,3732.8000,3733.0000,3733.8000,3734.0000,3734.6000,1,1,4,2,1,1,7,4,4,2
SF,IF2005,2020-04-13 10:25:13.100,3731.4000,10510,0,2813787360.000,1,0,1,多换,S,3731.6000,3731.4000,3730.0000,3729.8000,3729.4000,3732.6000,3732.8000,3733.0000,3733.8000,3734.0000,2,1,4,2,1,1,1,7,4,4
SF,IF2005,2020-04-13 10:25:13.600,3731.4000,10510,0,2813787360.000,0,-,-,-,-,3731.6000,3731.4000,3730.0000,3729.8000,3729.4000,3732.4000,3732.6000,3733.0000,3733.8000,3734.0000,2,1,4,2,1,1,3,7,4,4
SF,IF2005,2020-04-13 10:25:14.100,3731.4000,10510,0,2813787360.000,0,-,-,-,-,3731.6000,3731.4000,3730.0000,3729.8000,3729.4000,3732.4000,3732.6000,3733.0000,3733.8000,3734.0000,1,1,4,2,1,1,3,7,4,4
SF,IF2005,2020-04-13 10:25:14.600,3731.4000,10510,0,2813787360.000,0,-,-,-,-,3731.8000,3731.6000,3731.4000,3730.0000,3729.8000,3732.4000,3732.6000,3733.0000,3733.8000,3734.0000,2,1,3,4,2,1,2,7,4,4
SF,IF2005,2020-04-13 10:25:15.100,3731.4000,10510,0,2813787360.000,0,-,-,-,-,3732.0000,3731.8000,3731.6000,3731.4000,3730.0000,3732.4000,3732.6000,3733.0000,3733.8000,3734.0000,1,2,1,3,4,1,1,6,4,4
SF,IF2005,2020-04-13 10:25:15.600,3731.4000,10510,0,2813787360.000,0,-,-,-,-,3732.0000,3731.8000,3731.6000,3731.4000,3730.0000,3732.4000,3733.0000,3733.8000,3734.0000,3734.6000,1,2,1,3,4,1,6,4,4,2
SF,IF2005,2020-04-13 10:25:16.100,3732.4000,10510,0,2814907080.000,1,0,1,多换,S,3732.0000,3731.8000,3731.6000,3731.4000,3730.0000,3733.0000,3733.8000,3734.0000,3734.6000,3735.0000,1,2,1,4,4,6,4,4,2,5
SF,IF2005,2020-04-13 10:25:16.600,3732.4000,10510,0,2814907080.000,0,-,-,-,-,3732.0000,3731.8000,3731.4000,3730.0000,3729.8000,3732.8000,3733.0000,3733.8000,3734.0000,3734.6000,1,1,4,4,2,2,6,4,4,2
SF,IF2005,2020-04-13 10:25:17.100,3732.4000,10510,0,2814907080.000,0,-,-,-,-,3731.8000,3731.4000,3730.0000,3729.8000,3729.4000,3732.8000,3733.0000,3733.8000,3734.0000,3734.6000,1,4,4,2,1,9,6,4,4,2
SF,IF2005,2020-04-13 10:25:17.600,3732.4000,10510,0,2814907080.000,0,-,-,-,-,3731.4000,3730.0000,3729.8000,3729.4000,3729.2000,3731.8000,3732.6000,3732.8000,3733.0000,3733.8000,4,4,2,1,1,1,1,9,6,4
SF,IF2005,2020-04-13 10:25:18.100,3732.4000,10510,0,2814907080.000,0,-,-,-,-,3731.4000,3730.0000,3729.8000,3729.4000,3729.2000,3732.4000,3732.6000,3732.8000,3733.0000,3733.8000,4,4,2,1,1,1,1,7,6,4
SF,IF2005,2020-04-13 10:25:18.600,3732.4000,10510,0,2814907080.000,0,-,-,-,-,3731.4000,3730.0000,3729.8000,3729.4000,3729.0000,3732.0000,3732.2000,3732.6000,3732.8000,3733.0000,3,4,2,1,2,2,3,1,5,6
SF,IF2005,2020-04-13 10:25:19.100,3731.4000,10512,2,2817145920.000,2,2,0,双开,S,3731.4000,3730.0000,3729.8000,3729.4000,3729.0000,3732.0000,3732.2000,3732.6000,3732.8000,3733.0000,1,4,2,1,2,2,3,1,5,6
SF,IF2005,2020-04-13 10:25:19.600,3732.0000,10512,0,2818265520.000,1,0,1,多换,S,3731.4000,3730.0000,3729.8000,3729.4000,3729.0000,3732.0000,3732.2000,3732.6000,3732.8000,3733.0000,1,4,2,1,2,1,2,1,5,7
SF,IF2005,2020-04-13 10:25:20.100,3732.0000,10512,0,2818265520.000,0,-,-,-,-,3731.6000,3731.4000,3730.0000,3729.8000,3729.4000,3732.0000,3732.2000,3732.6000,3732.8000,3733.0000,1,1,4,2,1,1,2,1,5,7
SF,IF2005,2020-04-13 10:25:21.100,3732.0000,10512,0,2819385120.000,1,0,1,多换,S,3731.6000,3731.4000,3730.2000,3730.0000,3729.8000,3732.2000,3732.6000,3732.8000,3733.0000,3733.8000,1,1,1,4,2,2,1,5,7,4
SF,IF2005,2020-04-13 10:25:23.100,3732.0000,10512,0,2819385120.000,0,-,-,-,-,3731.6000,3731.4000,3730.2000,3730.0000,3729.8000,3732.2000,3732.6000,3732.8000,3733.0000,3733.8000,1,1,1,4,2,2,1,5,7,4
SF,IF2005,2020-04-13 10:25:23.600,3731.6000,10512,0,2820504600.000,1,0,1,多换,S,3731.4000,3730.2000,3730.0000,3729.8000,3729.4000,3732.0000,3732.2000,3732.6000,3732.8000,3733.0000,1,1,4,1,1,2,2,1,5,7
SF,IF2005,2020-04-13 10:25:24.100,3731.6000,10512,0,2820504600.000,0,-,-,-,-,3731.4000,3730.2000,3730.0000,3729.8000,3729.4000,3732.2000,3732.6000,3732.8000,3733.0000,3733.8000,1,1,4,1,1,1,1,5,7,4
SF,IF2005,2020-04-13 10:25:24.600,3731.6000,10512,0,2820504600.000,0,-,-,-,-,3731.4000,3730.2000,3730.0000,3729.8000,3729.4000,3732.2000,3732.8000,3733.0000,3733.8000,3734.0000,1,1,4,1,1,1,5,7,4,4
SF,IF2005,2020-04-13 10:25:25.100,3731.6000,10512,0,2820504600.000,0,-,-,-,-,3731.4000,3730.2000,3730.0000,3729.8000,3729.4000,3732.2000,3732.8000,3733.0000,3733.8000,3734.0000,1,1,4,1,1,1,5,7,4,4
SF,IF2005,2020-04-13 10:25:25.600,3731.6000,10512,0,2820504600.000,0,-,-,-,-,3731.4000,3730.2000,3730.0000,3729.8000,3729.4000,3732.2000,3732.8000,3733.0000,3733.8000,3734.0000,1,1,4,1,1,1,5,7,4,4
SF,IF2005,2020-04-13 10:25:26.100,3732.2000,10512,0,2821624260.000,1,0,1,多换,S,3731.4000,3730.2000,3730.0000,3729.8000,3729.4000,3732.8000,3733.0000,3733.8000,3734.0000,3734.6000,1,1,4,1,1,6,7,4,4,2
SF,IF2005,2020-04-13 10:25:26.600,3731.4000,10513,1,2822743680.000,1,1,0,双开,S,3730.2000,3730.0000,3729.8000,3729.0000,3728.8000,3731.8000,3732.4000,3732.6000,3732.8000,3733.0000,1,4,1,1,3,4,2,5,6,7
SF,IF2005,2020-04-13 10:25:27.100,3731.4000,10513,0,2822743680.000,0,-,-,-,-,3730.8000,3730.6000,3730.4000,3730.2000,3730.0000,3731.6000,3731.8000,3732.4000,3732.6000,3732.8000,2,1,2,1,4,1,4,1,3,6
SF,IF2005,2020-04-13 10:25:27.600,3731.4000,10513,0,2822743680.000,0,-,-,-,-,3730.4000,3730.2000,3728.8000,3728.6000,3728.0000,3730.8000,3731.0000,3731.6000,3731.8000,3732.6000,1,1,3,1,1,1,1,2,4,3
SF,IF2005,2020-04-13 10:25:28.100,3730.8000,10514,1,2823862920.000,1,1,0,双开,S,3730.4000,3730.2000,3728.8000,3728.6000,3728.0000,3730.8000,3731.6000,3731.8000,3732.6000,3732.8000,1,1,3,1,1,1,1,4,3,3
SF,IF2005,2020-04-13 10:25:28.600,3730.8000,10515,1,2824982160.000,1,1,0,双开,S,3730.4000,3730.2000,3728.8000,3728.6000,3728.0000,3731.6000,3731.8000,3732.6000,3732.8000,3733.0000,1,1,3,1,1,1,4,3,3,6
SF,IF2005,2020-04-13 10:25:29.100,3730.8000,10515,0,2824982160.000,0,-,-,-,-,3730.4000,3730.2000,3728.8000,3728.6000,3728.0000,3731.4000,3731.6000,3731.8000,3732.6000,3732.8000,1,1,3,1,1,1,1,4,3,3
SF,IF2005,2020-04-13 10:25:30.100,3730.8000,10515,0,2824982160.000,0,-,-,-,-,3730.6000,3730.4000,3730.2000,3728.8000,3728.6000,3731.6000,3731.8000,3732.6000,3732.8000,3733.0000,1,1,1,3,1,1,4,3,3,6
SF,IF2005,2020-04-13 10:25:30.600,3730.8000,10515,0,2824982160.000,0,-,-,-,-,3730.6000,3730.4000,3730.2000,3728.8000,3728.6000,3731.6000,3731.8000,3732.6000,3732.8000,3733.0000,2,1,1,3,1,1,4,3,3,6
SF,IF2005,2020-04-13 10:25:31.100,3731.6000,10515,0,2826101640.000,1,0,1,多换,S,3730.6000,3730.4000,3730.2000,3728.8000,3728.6000,3731.8000,3732.6000,3732.8000,3733.0000,3733.8000,2,1,1,3,1,4,3,3,6,2
SF,IF2005,2020-04-13 10:25:31.600,3731.6000,10515,0,2826101640.000,0,-,-,-,-,3730.6000,3730.4000,3730.2000,3728.8000,3728.6000,3731.6000,3731.8000,3732.6000,3732.8000,3733.0000,2,1,1,3,1,5,4,3,3,6
SF,IF2005,2020-04-13 10:25:32.100,3731.6000,10516,1,2827221120.000,1,1,0,双开,S,3730.6000,3730.4000,3730.2000,3728.8000,3728.6000,3731.6000,3731.8000,3732.6000,3732.8000,3733.0000,2,1,1,3,1,4,4,3,3,6
SF,IF2005,2020-04-13 10:25:32.600,3731.6000,10516,0,2827221120.000,0,-,-,-,-,3730.8000,3730.6000,3730.2000,3728.8000,3728.6000,3731.8000,3732.6000,3732.8000,3733.0000,3733.8000,1,2,1,3,1,4,3,3,6,2
SF,IF2005,2020-04-13 10:25:33.100,3731.6000,10516,0,2827221120.000,0,-,-,-,-,3730.8000,3730.6000,3730.2000,3728.8000,3728.6000,3731.6000,3731.8000,3732.6000,3732.8000,3733.0000,1,2,1,3,1,5,4,3,3,6
SF,IF2005,2020-04-13 10:25:34.100,3731.6000,10517,1,2828340600.000,1,1,0,双开,S,3731.6000,3730.8000,3730.6000,3730.2000,3728.8000,3731.8000,3732.6000,3732.8000,3733.0000,3733.8000,4,1,2,1,3,4,3,3,6,2
SF,IF2005,2020-04-13 10:25:34.600,3731.6000,10521,4,2832818520.000,4,4,0,双开,S,3730.8000,3730.6000,3730.2000,3728.8000,3728.6000,3731.2000,3731.6000,3731.8000,3732.6000,3732.8000,1,1,1,3,1,3,7,4,3,3
SF,IF2005,2020-04-13 10:25:35.100,3731.6000,10521,0,2832818520.000,0,-,-,-,-,3730.8000,3730.6000,3730.2000,3728.8000,3728.6000,3731.2000,3731.6000,3731.8000,3732.6000,3732.8000,1,1,1,3,1,3,4,4,3,3
SF,IF2005,2020-04-13 10:25:35.600,3730.8000,10521,0,2833937760.000,1,0,1,多换,S,3730.6000,3730.2000,3728.8000,3728.6000,3728.0000,3731.2000,3731.6000,3731.8000,3732.6000,3732.8000,1,1,3,1,1,3,4,4,3,3
SF,IF2005,2020-04-13 10:25:36.100,3731.2000,10523,2,2837295840.000,3,2,1,空开,S,3731.2000,3730.6000,3730.2000,3728.8000,3728.6000,3731.6000,3731.8000,3732.6000,3732.8000,3733.0000,1,1,1,3,1,4,4,3,3,6
SF,IF2005,2020-04-13 10:25:36.600,3731.2000,10523,0,2838415200.000,1,0,1,多换,S,3730.6000,3730.2000,3728.8000,3728.6000,3728.0000,3731.0000,3731.2000,3731.4000,3731.6000,3731.8000,1,1,3,1,1,1,1,2,2,4
SF,IF2005,2020-04-13 10:25:37.100,3731.2000,10523,0,2838415200.000,0,-,-,-,-,3730.2000,3728.8000,3728.6000,3728.0000,3727.4000,3731.2000,3731.4000,3731.6000,3731.8000,3732.6000,1,3,1,1,2,1,2,2,4,3
SF,IF2005,2020-04-13 10:25:38.100,3731.2000,10524,1,2839534560.000,1,1,0,双开,S,3730.2000,3728.8000,3728.6000,3728.0000,3727.4000,3731.0000,3731.2000,3731.4000,3731.6000,3731.8000,1,3,1,1,2,4,1,2,2,4
SF,IF2005,2020-04-13 10:25:38.600,3731.2000,10524,0,2839534560.000,0,-,-,-,-,3730.2000,3728.8000,3728.6000,3728.0000,3727.4000,3731.2000,3731.4000,3731.6000,3731.8000,3732.6000,1,3,1,1,2,1,2,2,4,3
SF,IF2005,2020-04-13 10:25:39.600,3731.2000,10524,0,2839534560.000,0,-,-,-,-,3730.4000,3730.2000,3728.8000,3728.6000,3728.0000,3731.2000,3731.4000,3731.6000,3731.8000,3732.6000,1,1,3,1,1,1,3,1,4,3
SF,IF2005,2020-04-13 10:25:40.100,3731.2000,10525,1,2840653920.000,1,1,0,双开,S,3730.4000,3730.2000,3728.8000,3728.6000,3728.0000,3731.4000,3731.6000,3731.8000,3732.6000,3732.8000,1,1,3,1,1,3,1,4,3,3
SF,IF2005,2020-04-13 10:25:40.600,3731.2000,10525,0,2840653920.000,0,-,-,-,-,3730.4000,3730.2000,3728.8000,3728.6000,3728.0000,3731.4000,3731.8000,3732.6000,3732.8000,3733.0000,1,1,3,1,1,3,4,3,3,6
SF,IF2005,2020-04-13 10:25:41.100,3731.2000,10525,0,2840653920.000,0,-,-,-,-,3730.4000,3730.2000,3728.8000,3728.6000,3728.0000,3731.2000,3731.4000,3731.8000,3732.6000,3732.8000,1,1,3,1,1,5,3,4,3,3
SF,IF2005,2020-04-13 10:25:41.600,3731.2000,10525,0,2840653920.000,0,-,-,-,-,3730.4000,3730.2000,3728.8000,3728.6000,3728.0000,3730.8000,3731.2000,3731.4000,3731.8000,3732.6000,1,1,3,1,1,1,6,3,4,3
SF,IF2005,2020-04-13 10:25:42.100,3731.2000,10525,0,2840653920.000,0,-,-,-,-,3730.4000,3730.2000,3728.8000,3728.6000,3728.0000,3731.4000,3731.8000,3732.6000,3732.8000,3733.0000,1,1,3,1,1,3,4,3,3,6
SF,IF2005,2020-04-13 10:25:42.600,3731.2000,10525,0,2840653920.000,0,-,-,-,-,3730.4000,3730.2000,3728.8000,3728.6000,3728.0000,3731.4000,3731.8000,3732.6000,3732.8000,3733.0000,2,1,3,1,1,3,4,3,3,6
SF,IF2005,2020-04-13 10:25:43.600,3731.2000,10525,0,2840653920.000,0,-,-,-,-,3730.4000,3730.2000,3728.8000,3728.6000,3728.0000,3731.4000,3731.8000,3732.6000,3732.8000,3733.0000,2,1,3,1,1,1,4,3,3,6
SF,IF2005,2020-04-13 10:25:44.600,3731.2000,10525,0,2840653920.000,0,-,-,-,-,3730.4000,3730.2000,3728.8000,3728.6000,3728.0000,3731.8000,3732.6000,3732.8000,3733.0000,3733.8000,2,1,3,1,1,4,3,3,6,2
SF,IF2005,2020-04-13 10:25:45.100,3731.2000,10525,0,2840653920.000,0,-,-,-,-,3730.6000,3730.4000,3730.2000,3728.8000,3728.6000,3731.2000,3731.6000,3731.8000,3732.6000,3732.8000,1,2,1,3,1,1,6,4,3,3
SF,IF2005,2020-04-13 10:25:45.600,3731.2000,10525,0,2840653920.000,0,-,-,-,-,3730.8000,3730.6000,3730.4000,3730.2000,3728.8000,3731.2000,3731.6000,3731.8000,3732.6000,3732.8000,1,1,1,1,3,1,1,4,3,3
SF,IF2005,2020-04-13 10:25:46.100,3731.2000,10526,1,2841773280.000,1,1,0,双开,S,3730.8000,3730.6000,3730.4000,3730.2000,3728.8000,3731.6000,3731.8000,3732.6000,3732.8000,3733.0000,1,1,1,1,3,1,4,3,3,6
SF,IF2005,2020-04-13 10:25:47.600,3731.2000,10526,0,2841773280.000,0,-,-,-,-,3730.8000,3730.6000,3730.4000,3730.2000,3728.8000,3731.0000,3731.4000,3731.6000,3731.8000,3732.6000,1,1,1,1,3,1,2,1,4,3
SF,IF2005,2020-04-13 10:25:48.100,3731.0000,10526,0,2842892580.000,1,0,1,多换,S,3730.8000,3730.6000,3730.4000,3730.2000,3728.8000,3731.6000,3731.8000,3732.6000,3732.8000,3733.0000,1,1,1,1,3,1,4,3,3,6
SF,IF2005,2020-04-13 10:25:49.600,3731.0000,10526,0,2842892580.000,0,-,-,-,-,3730.8000,3730.6000,3730.4000,3730.2000,3728.8000,3731.4000,3731.6000,3731.8000,3732.6000,3732.8000,1,1,1,1,3,5,1,4,3,3
SF,IF2005,2020-04-13 10:25:51.100,3731.4000,10527,1,2844012000.000,1,1,0,双开,S,3730.8000,3730.6000,3730.4000,3730.2000,3728.8000,3731.4000,3731.6000,3731.8000,3732.6000,3732.8000,1,1,1,1,3,4,1,4,3,3
SF,IF2005,2020-04-13 10:25:51.600,3731.4000,10527,0,2844012000.000,0,-,-,-,-,3730.8000,3730.6000,3730.4000,3730.2000,3728.8000,3731.6000,3731.8000,3732.6000,3732.8000,3733.0000,1,1,1,1,3,1,4,3,3,6
SF,IF2005,2020-04-13 10:25:53.100,3731.4000,10527,0,2844012000.000,0,-,-,-,-,3730.8000,3730.6000,3730.4000,3730.2000,3728.8000,3731.6000,3732.6000,3732.8000,3733.0000,3733.8000,1,1,1,1,3,1,3,3,6,2
SF,IF2005,2020-04-13 10:25:55.600,3731.4000,10527,0,2844012000.000,0,-,-,-,-,3730.8000,3730.6000,3730.4000,3730.2000,3728.8000,3731.6000,3732.0000,3732.6000,3732.8000,3733.0000,1,1,1,1,3,1,1,3,3,6
SF,IF2005,2020-04-13 10:25:56.100,3732.0000,10528,1,2845131600.000,1,1,0,双开,S,3730.8000,3730.6000,3730.4000,3730.2000,3728.8000,3732.6000,3732.8000,3733.0000,3733.8000,3734.0000,1,1,1,1,3,2,3,6,2,4
SF,IF2005,2020-04-13 10:25:56.600,3732.0000,10528,0,2845131600.000,0,-,-,-,-,3731.0000,3730.8000,3730.4000,3730.2000,3728.8000,3731.8000,3732.2000,3732.4000,3732.6000,3732.8000,1,1,1,1,3,1,1,2,2,3
SF,IF2005,2020-04-13 10:25:58.600,3732.0000,10528,0,2845131600.000,0,-,-,-,-,3731.2000,3731.0000,3730.4000,3730.2000,3728.8000,3732.4000,3732.6000,3732.8000,3733.0000,3733.8000,2,1,1,1,3,2,1,3,6,2
SF,IF2005,2020-04-13 10:25:59.100,3732.0000,10528,0,2845131600.000,0,-,-,-,-,3731.2000,3731.0000,3730.4000,3730.2000,3728.8000,3732.0000,3732.4000,3732.8000,3733.0000,3733.8000,2,1,1,1,3,1,2,3,6,2
SF,IF2005,2020-04-13 10:25:59.600,3732.0000,10528,0,2845131600.000,0,-,-,-,-,3731.6000,3731.4000,3731.2000,3731.0000,3730.4000,3732.4000,3732.8000,3733.0000,3733.8000,3734.0000,1,1,1,1,1,1,3,6,2,4
SF,IF2005,2020-04-13 10:26:00.100,3731.4000,10528,0,2850728940.000,5,2,3,多换,S,3731.6000,3731.0000,3730.4000,3730.2000,3728.8000,3732.8000,3733.0000,3733.8000,3734.0000,3734.6000,1,1,1,1,3,1,6,2,4,2
SF,IF2005,2020-04-13 10:26:00.600,3731.4000,10528,0,2850728940.000,0,-,-,-,-,3731.0000,3730.4000,3730.2000,3728.8000,3728.6000,3732.6000,3732.8000,3733.0000,3733.8000,3734.0000,1,1,1,3,1,1,1,6,2,4
SF,IF2005,2020-04-13 10:26:01.100,3732.4000,10529,1,2851848660.000,1,1,0,双开,S,3731.4000,3731.2000,3731.0000,3730.4000,3730.2000,3732.4000,3732.6000,3732.8000,3733.0000,3733.8000,1,4,1,1,1,4,2,1,6,2
SF,IF2005,2020-04-13 10:26:01.600,3732.4000,10529,0,2851848660.000,0,-,-,-,-,3731.6000,3731.4000,3731.2000,3730.4000,3730.2000,3732.6000,3732.8000,3733.0000,3733.8000,3734.0000,1,2,3,1,1,2,1,6,2,4
SF,IF2005,2020-04-13 10:26:02.100,3732.4000,10529,0,2851848660.000,0,-,-,-,-,3731.6000,3731.4000,3731.2000,3730.4000,3730.2000,3732.6000,3732.8000,3733.0000,3733.8000,3734.0000,1,1,2,1,1,2,1,6,2,4
SF,IF2005,2020-04-13 10:26:02.600,3732.4000,10529,0,2851848660.000,0,-,-,-,-,3731.4000,3731.2000,3730.4000,3730.2000,3728.8000,3732.6000,3732.8000,3733.0000,3733.8000,3734.0000,1,2,1,1,3,2,1,6,2,4
SF,IF2005,2020-04-13 10:26:03.100,3732.4000,10529,0,2851848660.000,0,-,-,-,-,3731.4000,3731.2000,3730.4000,3730.2000,3728.8000,3732.2000,3732.6000,3732.8000,3733.0000,3733.8000,1,1,1,1,3,2,2,1,6,2
SF,IF2005,2020-04-13 10:26:03.600,3732.4000,10529,0,2851848660.000,0,-,-,-,-,3731.4000,3731.2000,3730.4000,3730.2000,3728.8000,3732.0000,3732.2000,3732.4000,3732.6000,3732.8000,1,1,1,1,3,5,3,2,1,1
SF,IF2005,2020-04-13 10:26:04.100,3732.4000,10529,0,2851848660.000,0,-,-,-,-,3731.4000,3731.2000,3730.4000,3730.2000,3728.8000,3732.2000,3732.4000,3732.6000,3732.8000,3733.0000,1,1,1,1,3,3,1,1,1,6
SF,IF2005,2020-04-13 10:26:04.600,3732.4000,10529,0,2851848660.000,0,-,-,-,-,3731.4000,3731.2000,3730.4000,3730.2000,3728.8000,3732.2000,3732.4000,3732.6000,3732.8000,3733.0000,1,1,1,1,3,1,1,1,1,6
SF,IF2005,2020-04-13 10:26:05.100,3732.4000,10529,0,2851848660.000,0,-,-,-,-,3731.4000,3731.2000,3730.4000,3730.2000,3728.8000,3732.2000,3732.4000,3732.6000,3732.8000,3733.0000,1,1,1,1,3,1,1,1,1,6
SF,IF2005,2020-04-13 10:26:06.100,3732.4000,10529,0,2852968380.000,1,0,1,多换,S,3731.4000,3731.2000,3730.4000,3730.2000,3728.8000,3732.4000,3732.6000,3732.8000,3733.0000,3733.8000,1,1,1,1,3,1,1,1,6,2
SF,IF2005,2020-04-13 10:26:07.600,3732.4000,10529,0,2852968380.000,0,-,-,-,-,3731.6000,3731.4000,3731.2000,3730.4000,3730.2000,3732.4000,3732.6000,3732.8000,3733.0000,3733.8000,1,1,1,1,1,1,1,1,6,2
SF,IF2005,2020-04-13 10:26:08.100,3732.4000,10529,0,2852968380.000,0,-,-,-,-,3731.8000,3731.6000,3730.4000,3730.2000,3728.8000,3732.8000,3733.0000,3733.8000,3734.0000,3734.2000,1,2,1,1,3,1,6,2,4,2
SF,IF2005,2020-04-13 10:26:10.100,3732.4000,10529,0,2852968380.000,0,-,-,-,-,3731.8000,3731.6000,3730.4000,3730.2000,3728.8000,3732.0000,3732.8000,3733.0000,3733.8000,3734.0000,1,2,1,1,3,3,1,6,2,4
SF,IF2005,2020-04-13 10:26:10.600,3732.0000,10530,1,2856327300.000,3,2,1,空开,S,3731.6000,3730.4000,3730.2000,3728.8000,3728.6000,3732.8000,3733.0000,3733.8000,3734.0000,3734.2000,2,1,1,3,1,1,6,2,4,2
SF,IF2005,2020-04-13 10:26:11.100,3732.8000,10531,1,2857447140.000,1,1,0,双开,S,3731.8000,3731.6000,3730.4000,3730.2000,3728.8000,3733.0000,3733.8000,3734.0000,3734.2000,3734.6000,3,1,1,1,3,6,2,4,2,2
SF,IF2005,2020-04-13 10:26:12.100,3732.8000,10531,0,2857447140.000,0,-,-,-,-,3732.0000,3731.8000,3731.6000,3730.4000,3730.2000,3733.0000,3733.8000,3734.0000,3734.2000,3734.6000,2,2,1,1,1,6,2,4,2,2
SF,IF2005,2020-04-13 10:26:12.600,3732.8000,10531,0,2857447140.000,0,-,-,-,-,3732.2000,3732.0000,3730.4000,3730.2000,3728.8000,3733.0000,3733.8000,3734.0000,3734.2000,3734.6000,3,3,1,1,2,6,2,4,2,2
SF,IF2005,2020-04-13 10:26:13.100,3733.0000,10531,0,2861926740.000,4,2,2,多换,S,3732.2000,3732.0000,3730.4000,3730.2000,3728.8000,3733.0000,3733.8000,3734.0000,3734.2000,3734.6000,3,4,1,1,2,2,2,4,2,2
SF,IF2005,2020-04-13 10:26:13.600,3733.0000,10532,1,2864166540.000,2,1,1,空开,S,3732.4000,3732.2000,3732.0000,3730.4000,3730.2000,3733.8000,3734.0000,3734.2000,3734.6000,3735.0000,1,3,3,1,1,2,4,2,2,5
SF,IF2005,2020-04-13 10:26:14.100,3733.0000,10532,0,2864166540.000,0,-,-,-,-,3732.6000,3732.4000,3732.2000,3732.0000,3730.4000,3733.6000,3733.8000,3734.0000,3734.2000,3734.6000,1,1,2,2,1,1,5,4,2,2
SF,IF2005,2020-04-13 10:26:14.600,3733.0000,10532,0,2864166540.000,0,-,-,-,-,3732.6000,3732.4000,3732.2000,3732.0000,3730.4000,3733.6000,3733.8000,3734.0000,3734.2000,3734.6000,1,1,2,2,1,1,2,4,2,2
SF,IF2005,2020-04-13 10:26:15.100,3733.0000,10532,0,2864166540.000,0,-,-,-,-,3733.0000,3732.6000,3732.4000,3732.2000,3732.0000,3733.6000,3733.8000,3734.0000,3734.2000,3734.6000,2,1,1,2,2,1,2,4,2,2
SF,IF2005,2020-04-13 10:26:15.600,3733.0000,10532,0,2864166540.000,0,-,-,-,-,3733.0000,3732.6000,3732.4000,3732.2000,3732.0000,3733.6000,3733.8000,3734.0000,3734.2000,3734.6000,2,1,1,1,1,1,2,4,2,2
SF,IF2005,2020-04-13 10:26:16.100,3733.6000,10532,0,2865286620.000,1,0,1,多换,S,3733.0000,3732.6000,3732.2000,3732.0000,3730.4000,3733.8000,3734.0000,3734.2000,3734.6000,3735.0000,2,1,1,1,1,2,4,2,2,5
SF,IF2005,2020-04-13 10:26:16.600,3733.0000,10534,2,2867526420.000,2,2,0,双开,S,3732.6000,3732.2000,3732.0000,3730.4000,3730.2000,3733.6000,3733.8000,3734.0000,3734.2000,3734.6000,1,1,1,1,1,6,5,4,2,2
SF,IF2005,2020-04-13 10:26:17.100,3733.0000,10534,0,2867526420.000,0,-,-,-,-,3732.2000,3732.0000,3730.4000,3730.2000,3728.8000,3733.4000,3733.6000,3733.8000,3734.0000,3734.2000,1,1,1,1,2,5,6,5,4,2
SF,IF2005,2020-04-13 10:26:17.600,3733.2000,10534,0,2868646380.000,1,0,1,多换,S,3732.0000,3730.4000,3730.2000,3728.8000,3728.6000,3733.2000,3733.4000,3733.6000,3733.8000,3734.0000,1,1,1,2,1,1,6,5,5,4
SF,IF2005,2020-04-13 10:26:18.100,3733.2000,10534,0,2868646380.000,0,-,-,-,-,3732.0000,3730.4000,3730.2000,3728.8000,3728.6000,3733.0000,3733.4000,3733.6000,3733.8000,3734.0000,1,1,1,2,1,1,5,5,5,4
SF,IF2005,2020-04-13 10:26:18.600,3733.2000,10534,0,2868646380.000,0,-,-,-,-,3732.0000,3730.4000,3730.2000,3728.8000,3728.6000,3732.8000,3733.0000,3733.4000,3733.6000,3733.8000,1,1,1,2,1,1,1,4,5,5
SF,IF2005,2020-04-13 10:26:19.100,3733.2000,10534,0,2868646380.000,0,-,-,-,-,3732.0000,3730.4000,3730.2000,3728.8000,3728.6000,3732.8000,3733.4000,3733.6000,3733.8000,3734.0000,1,1,1,2,1,1,4,5,5,4
SF,IF2005,2020-04-13 10:26:20.100,3733.2000,10534,0,2868646380.000,0,-,-,-,-,3732.2000,3732.0000,3730.4000,3730.2000,3728.8000,3732.8000,3733.4000,3733.6000,3733.8000,3734.0000,1,1,1,1,2,1,4,5,5,4
SF,IF2005,2020-04-13 10:26:20.600,3733.2000,10534,0,2868646380.000,0,-,-,-,-,3732.2000,3732.0000,3730.4000,3730.2000,3728.8000,3732.8000,3733.4000,3733.6000,3733.8000,3734.0000,1,1,1,1,2,1,4,5,5,5
SF,IF2005,2020-04-13 10:26:21.100,3733.4000,10535,1,2869766400.000,1,1,0,双开,S,3732.2000,3732.0000,3730.4000,3730.2000,3728.8000,3733.4000,3733.6000,3733.8000,3734.0000,3734.2000,1,1,1,1,2,3,5,5,5,2
SF,IF2005,2020-04-13 10:26:21.600,3733.4000,10535,0,2870886420.000,1,0,1,多换,S,3732.2000,3732.0000,3730.4000,3730.2000,3728.8000,3733.4000,3733.6000,3733.8000,3734.0000,3734.2000,1,1,1,1,2,3,5,5,5,2
SF,IF2005,2020-04-13 10:26:22.100,3733.4000,10535,0,2870886420.000,0,-,-,-,-,3732.4000,3732.2000,3732.0000,3730.4000,3730.2000,3733.4000,3733.6000,3733.8000,3734.0000,3734.2000,1,1,1,1,1,3,5,5,5,2
SF,IF2005,2020-04-13 10:26:22.600,3733.4000,10535,0,2870886420.000,0,-,-,-,-,3732.4000,3732.2000,3732.0000,3730.4000,3730.2000,3733.4000,3733.6000,3733.8000,3734.0000,3734.2000,1,1,1,1,1,6,5,2,5,2
SF,IF2005,2020-04-13 10:26:23.100,3733.4000,10535,0,2870886420.000,0,-,-,-,-,3732.4000,3732.2000,3732.0000,3730.4000,3730.2000,3733.2000,3733.4000,3733.6000,3733.8000,3734.0000,1,1,1,1,1,1,6,5,2,5
SF,IF2005,2020-04-13 10:26:24.100,3733.4000,10535,0,2870886420.000,0,-,-,-,-,3732.4000,3732.2000,3732.0000,3730.4000,3730.2000,3733.4000,3733.6000,3733.8000,3734.0000,3734.2000,1,1,1,1,1,6,5,2,5,2
SF,IF2005,2020-04-13 10:26:24.600,3733.4000,10535,0,2870886420.000,0,-,-,-,-,3732.6000,3732.4000,3732.0000,3730.4000,3730.2000,3733.4000,3733.6000,3733.8000,3734.0000,3734.2000,1,1,1,1,1,6,5,2,5,2
SF,IF2005,2020-04-13 10:26:26.100,3733.4000,10535,0,2870886420.000,0,-,-,-,-,3732.6000,3732.4000,3732.0000,3730.4000,3730.2000,3733.0000,3733.4000,3733.6000,3733.8000,3734.0000,1,1,1,1,1,1,6,5,2,5
SF,IF2005,2020-04-13 10:26:26.600,3732.6000,10535,0,2872006200.000,1,0,1,多换,S,3732.4000,3732.0000,3730.4000,3730.2000,3728.8000,3733.4000,3733.6000,3733.8000,3734.0000,3734.2000,1,1,1,1,2,6,5,2,5,2
SF,IF2005,2020-04-13 10:26:28.100,3732.6000,10535,0,2872006200.000,0,-,-,-,-,3732.4000,3732.0000,3730.4000,3730.2000,3728.8000,3733.2000,3733.4000,3733.6000,3733.8000,3734.0000,1,1,1,1,2,4,6,5,2,5
SF,IF2005,2020-04-13 10:26:30.600,3732.6000,10535,0,2872006200.000,0,-,-,-,-,3732.4000,3732.0000,3730.4000,3730.2000,3728.8000,3733.4000,3733.6000,3733.8000,3734.0000,3734.2000,1,1,1,1,2,6,5,2,5,2
SF,IF2005,2020-04-13 10:26:31.100,3733.4000,10536,1,2873126220.000,1,1,0,双开,S,3732.4000,3732.0000,3730.4000,3730.2000,3728.8000,3733.4000,3733.6000,3733.8000,3734.0000,3734.2000,1,1,1,1,2,5,5,2,5,2
SF,IF2005,2020-04-13 10:26:32.100,3733.4000,10536,0,2873126220.000,0,-,-,-,-,3732.6000,3732.4000,3732.0000,3730.4000,3730.2000,3733.0000,3733.4000,3733.6000,3733.8000,3734.0000,1,1,1,1,1,1,3,5,2,5
SF,IF2005,2020-04-13 10:26:32.600,3733.2000,10536,0,2874246180.000,1,0,1,多换,S,3732.6000,3732.4000,3732.0000,3730.4000,3730.2000,3733.4000,3733.6000,3733.8000,3734.0000,3734.2000,2,1,1,1,1,3,5,2,5,2
SF,IF2005,2020-04-13 10:26:33.100,3733.2000,10536,0,2874246180.000,0,-,-,-,-,3732.6000,3732.4000,3732.0000,3730.4000,3730.2000,3733.6000,3733.8000,3734.0000,3734.2000,3734.6000,2,1,1,1,1,5,2,5,2,2
SF,IF2005,2020-04-13 10:26:33.600,3733.2000,10536,0,2874246180.000,0,-,-,-,-,3732.8000,3732.6000,3732.0000,3730.4000,3730.2000,3733.6000,3733.8000,3734.0000,3734.2000,3734.6000,1,2,1,1,1,5,2,5,2,2
SF,IF2005,2020-04-13 10:26:34.100,3733.2000,10536,0,2874246180.000,0,-,-,-,-,3732.8000,3732.6000,3732.0000,3730.4000,3730.2000,3733.8000,3734.0000,3734.2000,3734.6000,3735.0000,1,2,1,1,1,2,5,2,2,5
SF,IF2005,2020-04-13 10:26:34.600,3733.2000,10536,0,2874246180.000,0,-,-,-,-,3732.8000,3732.6000,3732.0000,3730.4000,3730.2000,3733.8000,3734.0000,3734.2000,3734.6000,3735.0000,1,2,1,1,1,6,5,2,2,5
SF,IF2005,2020-04-13 10:26:35.100,3733.2000,10536,0,2874246180.000,0,-,-,-,-,3732.8000,3732.6000,3732.0000,3730.4000,3730.2000,3733.6000,3733.8000,3734.0000,3734.2000,3734.6000,1,2,1,1,1,5,6,5,2,2
SF,IF2005,2020-04-13 10:26:36.100,3733.8000,10536,0,2875366320.000,1,0,1,多换,S,3732.8000,3732.6000,3732.0000,3730.4000,3730.2000,3733.8000,3734.0000,3734.2000,3734.6000,3735.0000,1,2,1,1,1,5,5,2,2,5
SF,IF2005,2020-04-13 10:26:38.100,3733.8000,10536,0,2875366320.000,0,-,-,-,-,3732.8000,3732.6000,3732.0000,3730.4000,3730.2000,3733.8000,3734.0000,3734.6000,3735.0000,3735.2000,1,2,1,1,1,5,5,2,5,1
SF,IF2005,2020-04-13 10:26:38.600,3733.8000,10536,0,2875366320.000,0,-,-,-,-,3732.8000,3732.6000,3732.0000,3730.4000,3730.2000,3733.8000,3734.0000,3734.6000,3735.0000,3735.2000,1,2,1,1,1,5,5,2,5,1
SF,IF2005,2020-04-13 10:26:39.600,3733.8000,10536,0,2875366320.000,0,-,-,-,-,3733.0000,3732.8000,3732.6000,3732.0000,3730.4000,3733.8000,3734.0000,3734.6000,3735.0000,3735.2000,3,1,1,1,1,5,5,2,5,1
SF,IF2005,2020-04-13 10:26:40.100,3733.8000,10536,0,2875366320.000,0,-,-,-,-,3733.0000,3732.8000,3732.6000,3732.0000,3730.4000,3733.8000,3734.0000,3734.6000,3735.0000,3735.2000,2,1,1,1,1,5,5,2,5,1
SF,IF2005,2020-04-13 10:26:40.600,3733.8000,10536,0,2875366320.000,0,-,-,-,-,3733.2000,3733.0000,3732.6000,3732.0000,3730.4000,3733.8000,3734.0000,3734.6000,3735.0000,3735.2000,1,2,1,1,1,5,5,2,5,1
SF,IF2005,2020-04-13 10:26:41.100,3733.8000,10537,1,2876486460.000,1,1,0,双开,S,3733.2000,3733.0000,3732.6000,3732.0000,3730.4000,3733.8000,3734.0000,3734.6000,3735.0000,3735.2000,1,2,1,1,1,4,5,2,5,1
SF,IF2005,2020-04-13 10:26:41.600,3733.8000,10537,0,2876486460.000,0,-,-,-,-,3733.2000,3733.0000,3732.6000,3732.0000,3730.4000,3734.0000,3734.6000,3735.0000,3735.2000,3735.4000,1,2,1,1,1,5,2,5,1,2
SF,IF2005,2020-04-13 10:26:42.100,3733.8000,10537,0,2876486460.000,0,-,-,-,-,3733.2000,3733.0000,3732.6000,3732.0000,3730.4000,3734.0000,3734.6000,3735.0000,3735.2000,3735.4000,1,2,1,1,1,5,2,5,1,2
SF,IF2005,2020-04-13 10:26:45.100,3733.2000,10536,-1,2877606420.000,1,0,1,双平,S,3733.0000,3732.6000,3732.0000,3730.4000,3730.2000,3734.0000,3734.6000,3735.0000,3735.2000,3735.4000,2,1,1,1,1,5,2,5,1,2
SF,IF2005,2020-04-13 10:26:46.100,3734.0000,10538,2,2879846820.000,2,2,0,双开,S,3733.2000,3733.0000,3732.6000,3732.0000,3730.4000,3734.0000,3734.6000,3735.0000,3735.2000,3735.4000,1,2,1,1,1,3,2,5,1,2
SF,IF2005,2020-04-13 10:26:46.600,3734.0000,10538,0,2879846820.000,0,-,-,-,-,3733.0000,3732.6000,3732.0000,3730.4000,3730.2000,3734.0000,3734.6000,3735.0000,3735.2000,3735.4000,2,1,1,1,1,3,2,5,1,2
SF,IF2005,2020-04-13 10:26:47.600,3734.0000,10538,0,2879846820.000,0,-,-,-,-,3733.0000,3732.6000,3732.0000,3730.4000,3730.2000,3734.0000,3734.6000,3735.0000,3735.2000,3735.4000,2,1,2,1,1,3,2,5,1,2
SF,IF2005,2020-04-13 10:26:48.100,3734.0000,10538,0,2879846820.000,0,-,-,-,-,3733.4000,3733.0000,3732.6000,3732.0000,3730.4000,3734.0000,3734.6000,3735.0000,3735.2000,3735.4000,1,2,1,1,1,3,2,5,1,2
SF,IF2005,2020-04-13 10:26:49.600,3734.0000,10538,0,2879846820.000,0,-,-,-,-,3733.4000,3733.0000,3732.6000,3732.0000,3730.4000,3734.0000,3734.6000,3735.0000,3735.2000,3735.4000,1,1,1,1,1,3,2,5,1,2
SF,IF2005,2020-04-13 10:26:50.100,3734.0000,10538,0,2879846820.000,0,-,-,-,-,3733.4000,3732.6000,3732.0000,3730.4000,3730.2000,3734.0000,3734.6000,3735.0000,3735.2000,3735.4000,1,1,1,1,1,3,2,5,1,2
SF,IF2005,2020-04-13 10:26:50.600,3734.0000,10538,0,2879846820.000,0,-,-,-,-,3733.6000,3733.4000,3732.6000,3732.0000,3730.4000,3734.0000,3734.6000,3735.0000,3735.2000,3735.4000,1,1,1,1,1,3,2,5,1,2
SF,IF2005,2020-04-13 10:26:51.100,3734.0000,10539,1,2880967020.000,1,1,0,双开,S,3733.6000,3733.4000,3732.6000,3732.0000,3730.4000,3734.0000,3734.6000,3735.0000,3735.2000,3735.4000,1,1,1,1,1,3,2,5,1,2
SF,IF2005,2020-04-13 10:26:51.600,3733.6000,10539,0,2882087100.000,1,0,1,多换,S,3733.4000,3732.6000,3732.0000,3730.4000,3730.2000,3734.0000,3734.6000,3735.0000,3735.2000,3735.4000,1,1,1,1,1,3,2,5,1,2
SF,IF2005,2020-04-13 10:26:52.100,3732.6000,10539,0,2884326900.000,2,1,1,多换,S,3732.0000,3730.4000,3730.2000,3728.8000,3728.6000,3734.0000,3734.6000,3735.0000,3735.2000,3735.4000,1,1,1,2,1,3,2,5,1,2
SF,IF2005,2020-04-13 10:26:52.600,3732.6000,10539,0,2884326900.000,0,-,-,-,-,3732.6000,3732.4000,3732.2000,3732.0000,3730.4000,3733.8000,3734.0000,3734.6000,3735.0000,3735.2000,1,1,4,1,1,2,3,2,5,1
SF,IF2005,2020-04-13 10:26:53.100,3732.6000,10539,0,2884326900.000,0,-,-,-,-,3732.6000,3732.4000,3732.2000,3732.0000,3730.4000,3733.6000,3733.8000,3734.0000,3734.6000,3735.0000,1,1,4,1,1,1,2,3,2,5
SF,IF2005,2020-04-13 10:26:53.600,3732.6000,10539,0,2884326900.000,0,-,-,-,-,3732.6000,3732.4000,3732.2000,3732.0000,3730.4000,3733.6000,3733.8000,3734.0000,3734.6000,3735.0000,1,1,3,1,1,1,2,3,2,5
SF,IF2005,2020-04-13 10:26:54.100,3732.6000,10538,-1,2885446680.000,1,0,1,双平,S,3732.4000,3732.2000,3732.0000,3730.4000,3730.2000,3733.8000,3734.0000,3734.6000,3735.0000,3735.2000,1,3,1,1,1,2,3,2,5,1
SF,IF2005,2020-04-13 10:26:54.600,3732.6000,10538,0,2885446680.000,0,-,-,-,-,3732.6000,3732.4000,3732.2000,3732.0000,3730.4000,3733.8000,3734.0000,3734.6000,3735.0000,3735.2000,1,1,2,1,1,2,3,2,5,1
SF,IF2005,2020-04-13 10:26:55.100,3732.6000,10538,0,2885446680.000,0,-,-,-,-,3732.8000,3732.6000,3732.2000,3732.0000,3730.4000,3733.8000,3734.0000,3734.6000,3735.0000,3735.2000,2,3,2,1,1,2,3,2,5,1
SF,IF2005,2020-04-13 10:26:55.600,3732.6000,10538,0,2885446680.000,0,-,-,-,-,3733.0000,3732.8000,3732.6000,3732.2000,3732.0000,3734.0000,3734.6000,3735.0000,3735.2000,3735.4000,1,2,2,1,1,3,2,5,1,2
SF,IF2005,2020-04-13 10:26:56.100,3734.0000,10539,1,2886566880.000,1,1,0,双开,S,3733.6000,3733.0000,3732.8000,3732.6000,3732.2000,3734.0000,3734.6000,3735.0000,3735.2000,3735.4000,1,1,2,2,1,2,2,5,1,2
SF,IF2005,2020-04-13 10:26:56.600,3734.0000,10539,0,2886566880.000,0,-,-,-,-,3733.6000,3733.0000,3732.6000,3732.2000,3732.0000,3734.0000,3734.6000,3735.0000,3735.2000,3735.4000,1,1,1,1,1,2,2,5,1,2
SF,IF2005,2020-04-13 10:26:58.600,3734.0000,10540,1,2888807280.000,2,1,1,空开,S,3733.6000,3733.0000,3732.6000,3732.2000,3732.0000,3734.6000,3735.0000,3735.2000,3735.4000,3735.8000,1,1,1,1,1,2,5,1,2,3
SF,IF2005,2020-04-13 10:27:00.100,3734.0000,10540,0,2888807280.000,0,-,-,-,-,3733.8000,3733.6000,3733.0000,3732.6000,3732.2000,3734.6000,3735.0000,3735.2000,3735.4000,3735.8000,1,1,1,1,1,2,5,1,2,3
SF,IF2005,2020-04-13 10:27:00.600,3734.6000,10540,0,2889927660.000,1,0,1,多换,S,3733.8000,3733.6000,3733.0000,3732.6000,3732.2000,3734.6000,3735.0000,3735.2000,3735.4000,3735.8000,1,1,1,1,1,1,5,1,2,3
SF,IF2005,2020-04-13 10:27:01.100,3735.0000,10542,2,2892168540.000,2,2,0,双开,S,3734.0000,3733.8000,3733.6000,3732.6000,3732.2000,3735.0000,3735.2000,3735.8000,3736.0000,3736.2000,1,1,1,1,1,4,1,3,1,1
SF,IF2005,2020-04-13 10:27:01.600,3735.0000,10542,0,2892168540.000,0,-,-,-,-,3734.2000,3734.0000,3733.6000,3732.6000,3732.2000,3735.0000,3735.2000,3735.8000,3736.0000,3736.2000,1,3,1,1,1,4,1,3,1,1
SF,IF2005,2020-04-13 10:27:02.100,3735.0000,10542,0,2892168540.000,0,-,-,-,-,3734.4000,3734.2000,3734.0000,3733.6000,3732.2000,3735.0000,3735.2000,3735.8000,3736.0000,3736.2000,1,1,3,1,1,4,1,3,1,1
SF,IF2005,2020-04-13 10:27:02.600,3735.0000,10542,0,2892168540.000,0,-,-,-,-,3734.2000,3734.0000,3733.6000,3732.2000,3732.0000,3735.0000,3735.2000,3735.8000,3736.0000,3736.2000,1,3,1,1,1,4,1,3,1,1
SF,IF2005,2020-04-13 10:27:03.100,3735.0000,10542,0,2892168540.000,0,-,-,-,-,3734.4000,3734.2000,3734.0000,3733.6000,3732.2000,3735.0000,3735.2000,3735.8000,3736.0000,3736.2000,1,1,3,1,1,4,1,3,1,1
SF,IF2005,2020-04-13 10:27:03.600,3735.0000,10542,0,2892168540.000,0,-,-,-,-,3734.4000,3734.2000,3734.0000,3733.6000,3732.2000,3735.0000,3735.2000,3735.8000,3736.0000,3736.2000,1,1,2,1,1,4,1,3,1,1
SF,IF2005,2020-04-13 10:27:04.100,3735.0000,10542,0,2892168540.000,0,-,-,-,-,3734.4000,3734.2000,3734.0000,3733.6000,3732.2000,3735.0000,3735.2000,3735.8000,3736.0000,3736.2000,1,1,2,1,1,4,1,3,1,1
SF,IF2005,2020-04-13 10:27:05.600,3735.0000,10546,4,2896650540.000,4,4,0,双开,S,3734.6000,3734.4000,3734.0000,3733.6000,3732.2000,3735.2000,3735.8000,3736.0000,3736.2000,3736.4000,1,1,2,1,1,1,3,1,1,2
SF,IF2005,2020-04-13 10:27:06.100,3735.2000,10547,1,2897771100.000,1,1,0,双开,S,3734.6000,3734.4000,3734.0000,3733.6000,3732.2000,3735.8000,3736.0000,3736.2000,3736.4000,3736.8000,1,1,2,1,1,3,1,1,2,1
SF,IF2005,2020-04-13 10:27:06.600,3735.2000,10547,0,2897771100.000,0,-,-,-,-,3734.6000,3734.4000,3734.0000,3733.6000,3732.2000,3735.8000,3736.0000,3736.2000,3736.4000,3736.8000,1,1,1,1,1,8,1,1,2,1
SF,IF2005,2020-04-13 10:27:07.100,3735.2000,10547,0,2897771100.000,0,-,-,-,-,3735.0000,3734.8000,3734.4000,3733.6000,3732.2000,3735.8000,3736.0000,3736.2000,3736.4000,3736.8000,1,2,1,1,1,8,1,1,2,1
SF,IF2005,2020-04-13 10:27:07.600,3735.2000,10547,0,2897771100.000,0,-,-,-,-,3735.0000,3733.6000,3732.2000,3732.0000,3730.4000,3735.6000,3735.8000,3736.0000,3736.2000,3736.4000,1,1,1,1,1,2,8,1,1,2
SF,IF2005,2020-04-13 10:27:08.100,3735.2000,10547,0,2897771100.000,0,-,-,-,-,3735.0000,3733.6000,3732.2000,3732.0000,3730.4000,3735.8000,3736.0000,3736.2000,3736.4000,3736.8000,1,1,1,1,1,8,1,1,2,1
SF,IF2005,2020-04-13 10:27:08.600,3735.2000,10547,0,2897771100.000,0,-,-,-,-,3735.0000,3733.6000,3732.2000,3732.0000,3730.4000,3735.8000,3736.0000,3736.2000,3736.8000,3738.6000,1,1,1,1,1,3,1,1,1,1
SF,IF2005,2020-04-13 10:27:09.100,3735.2000,10547,0,2897771100.000,0,-,-,-,-,3735.0000,3733.6000,3732.2000,3732.0000,3730.4000,3735.8000,3736.0000,3736.2000,3736.8000,3737.4000,1,1,1,1,1,3,1,1,1,2
SF,IF2005,2020-04-13 10:27:09.600,3735.2000,10547,0,2897771100.000,0,-,-,-,-,3735.4000,3735.2000,3733.6000,3732.2000,3732.0000,3735.8000,3736.0000,3736.2000,3736.8000,3737.4000,1,1,1,1,1,3,1,1,1,2
SF,IF2005,2020-04-13 10:27:10.100,3735.8000,10547,0,2902254060.000,4,2,2,多换,S,3735.2000,3733.6000,3732.2000,3732.0000,3730.4000,3736.0000,3736.2000,3736.8000,3737.4000,3738.6000,1,1,1,1,1,1,1,1,2,1
SF,IF2005,2020-04-13 10:27:10.600,3736.2000,10547,0,2904495720.000,2,1,1,多换,S,3735.2000,3733.6000,3732.2000,3732.0000,3730.4000,3736.8000,3737.4000,3738.6000,3739.6000,3739.8000,1,1,1,1,1,1,2,1,1,6
SF,IF2005,2020-04-13 10:27:11.100,3736.2000,10547,0,2904495720.000,0,-,-,-,-,3735.2000,3733.6000,3732.2000,3732.0000,3730.4000,3736.2000,3736.4000,3736.6000,3736.8000,3737.4000,1,1,1,1,1,1,1,3,2,2
SF,IF2005,2020-04-13 10:27:12.100,3735.2000,10547,0,2905616280.000,1,0,1,多换,S,3733.6000,3732.2000,3732.0000,3730.4000,3730.2000,3734.8000,3736.4000,3736.6000,3736.8000,3737.4000,1,1,1,1,1,1,1,2,2,2
SF,IF2005,2020-04-13 10:27:12.600,3734.8000,10547,0,2906736720.000,1,0,1,多换,S,3734.2000,3734.0000,3733.8000,3733.6000,3732.0000,3736.0000,3736.6000,3736.8000,3737.4000,3738.6000,1,5,6,3,1,1,1,2,2,1
SF,IF2005,2020-04-13 10:27:13.100,3734.8000,10546,-1,2907857160.000,1,0,1,双平,S,3733.8000,3733.6000,3732.0000,3730.4000,3730.2000,3734.6000,3735.2000,3735.8000,3736.4000,3736.8000,2,2,1,1,1,1,5,2,2,2
SF,IF2005,2020-04-13 10:27:13.600,3733.6000,10547,1,2912337600.000,4,2,2,空开,S,3732.0000,3730.4000,3730.2000,3730.0000,3728.8000,3733.8000,3734.0000,3734.2000,3734.4000,3735.2000,1,1,1,1,2,1,1,1,2,4
SF,IF2005,2020-04-13 10:27:14.100,3733.6000,10547,0,2912337600.000,0,-,-,-,-,3732.2000,3732.0000,3730.4000,3730.2000,3730.0000,3733.2000,3733.6000,3734.2000,3734.4000,3735.6000,1,1,1,1,1,2,8,1,2,2
SF,IF2005,2020-04-13 10:27:14.600,3733.6000,10547,0,2913457680.000,1,0,1,多换,S,3732.0000,3730.4000,3730.2000,3730.0000,3728.8000,3732.8000,3733.0000,3733.2000,3733.4000,3733.6000,1,1,1,1,2,1,1,1,1,5
SF,IF2005,2020-04-13 10:27:15.100,3733.6000,10548,1,2915697840.000,2,1,1,空开,S,3732.8000,3732.2000,3732.0000,3730.4000,3730.2000,3733.2000,3733.6000,3733.8000,3734.2000,3734.8000,2,1,1,1,1,1,5,1,1,2
SF,IF2005,2020-04-13 10:27:15.600,3733.6000,10548,0,2915697840.000,0,-,-,-,-,3732.8000,3732.2000,3732.0000,3730.2000,3730.0000,3733.6000,3733.8000,3734.2000,3734.8000,3735.6000,2,1,1,1,1,5,1,1,2,2
SF,IF2005,2020-04-13 10:27:16.100,3733.8000,10549,1,2916817980.000,1,1,0,双开,S,3733.2000,3732.8000,3732.2000,3732.0000,3730.2000,3734.2000,3734.8000,3735.6000,3735.8000,3736.8000,1,2,1,1,1,1,2,2,3,2
SF,IF2005,2020-04-13 10:27:16.600,3733.8000,10549,0,2916817980.000,0,-,-,-,-,3733.6000,3733.4000,3733.0000,3732.8000,3732.2000,3734.2000,3735.6000,3735.8000,3736.8000,3738.6000,1,1,2,2,1,1,2,3,2,1
SF,IF2005,2020-04-13 10:27:17.100,3733.4000,10550,1,2919058080.000,2,1,1,空开,S,3733.0000,3732.8000,3732.2000,3732.0000,3730.2000,3734.2000,3735.6000,3735.8000,3736.0000,3736.8000,1,2,1,1,1,1,2,2,2,2
SF,IF2005,2020-04-13 10:27:17.600,3733.4000,10550,0,2919058080.000,0,-,-,-,-,3732.8000,3732.2000,3732.0000,3730.2000,3730.0000,3734.0000,3734.2000,3735.6000,3735.8000,3736.0000,2,1,1,1,1,1,1,2,2,2
SF,IF2005,2020-04-13 10:27:18.100,3733.4000,10550,0,2919058080.000,0,-,-,-,-,3732.8000,3732.0000,3730.2000,3730.0000,3728.8000,3733.8000,3734.0000,3734.2000,3735.0000,3735.6000,2,1,1,1,2,5,4,1,2,2
SF,IF2005,2020-04-13 10:27:18.600,3732.8000,10552,2,2921297760.000,2,2,0,双开,S,3732.0000,3730.2000,3730.0000,3728.8000,3728.6000,3732.6000,3733.2000,3733.4000,3733.6000,3733.8000,1,1,1,2,1,1,1,2,2,6
SF,IF2005,2020-04-13 10:27:19.100,3732.0000,10552,0,2922417360.000,1,0,1,多换,S,3730.2000,3730.0000,3728.8000,3728.6000,3728.0000,3733.0000,3733.4000,3733.6000,3734.0000,3735.0000,1,1,2,1,1,1,2,3,1,2
SF,IF2005,2020-04-13 10:27:19.600,3732.0000,10552,0,2922417360.000,0,-,-,-,-,3731.2000,3730.6000,3730.4000,3730.2000,3730.0000,3732.4000,3732.6000,3732.8000,3733.0000,3733.4000,1,2,8,4,1,1,1,2,1,2
SF,IF2005,2020-04-13 10:27:20.100,3732.0000,10552,0,2922417360.000,0,-,-,-,-,3731.4000,3731.2000,3730.6000,3730.4000,3730.2000,3732.4000,3732.6000,3732.8000,3733.0000,3733.4000,1,1,2,9,4,1,5,2,1,2
SF,IF2005,2020-04-13 10:27:20.600,3732.0000,10552,0,2922417360.000,0,-,-,-,-,3731.6000,3731.4000,3731.2000,3730.6000,3730.4000,3732.4000,3732.6000,3732.8000,3733.0000,3733.4000,1,2,1,2,9,1,1,2,1,2
SF,IF2005,2020-04-13 10:27:21.100,3732.4000,10552,0,2923537080.000,1,0,1,多换,S,3731.6000,3731.4000,3731.2000,3730.6000,3730.4000,3732.6000,3732.8000,3733.0000,3733.4000,3733.6000,1,2,1,2,9,1,2,1,2,1
SF,IF2005,2020-04-13 10:27:21.600,3732.4000,10552,0,2923537080.000,0,-,-,-,-,3731.8000,3731.6000,3731.4000,3730.6000,3730.4000,3732.8000,3733.0000,3733.4000,3733.6000,3734.0000,1,1,1,2,9,1,1,2,1,3
SF,IF2005,2020-04-13 10:27:22.100,3732.4000,10552,0,2923537080.000,0,-,-,-,-,3731.8000,3731.6000,3731.4000,3730.6000,3730.4000,3732.8000,3733.0000,3733.4000,3733.6000,3733.8000,2,1,1,2,9,1,1,2,1,1
SF,IF2005,2020-04-13 10:27:22.600,3732.4000,10552,0,2923537080.000,0,-,-,-,-,3731.6000,3730.6000,3730.4000,3730.2000,3730.0000,3732.6000,3732.8000,3733.0000,3733.4000,3733.6000,1,2,9,3,1,4,1,1,2,1
SF,IF2005,2020-04-13 10:27:23.100,3731.6000,10552,0,2924656560.000,1,0,1,多换,S,3730.6000,3730.4000,3730.2000,3730.0000,3728.8000,3732.2000,3732.4000,3732.6000,3733.0000,3733.4000,1,7,3,1,2,5,2,3,1,2
SF,IF2005,2020-04-13 10:27:23.600,3731.6000,10552,0,2924656560.000,0,-,-,-,-,3730.8000,3730.6000,3730.4000,3730.2000,3730.0000,3732.0000,3732.2000,3732.4000,3732.6000,3733.0000,1,1,7,3,1,4,5,1,2,1
SF,IF2005,2020-04-13 10:27:24.100,3731.6000,10552,0,2924656560.000,0,-,-,-,-,3730.4000,3730.2000,3730.0000,3728.8000,3728.6000,3731.4000,3731.8000,3732.0000,3732.2000,3732.6000,1,1,1,2,1,4,2,5,5,2
SF,IF2005,2020-04-13 10:27:24.600,3731.4000,10552,0,2925775980.000,1,0,1,多换,S,3730.2000,3730.0000,3728.8000,3728.6000,3728.0000,3731.2000,3731.4000,3731.8000,3732.0000,3732.2000,1,1,1,1,1,3,4,1,3,5
SF,IF2005,2020-04-13 10:27:25.100,3731.4000,10552,0,2925775980.000,0,-,-,-,-,3730.2000,3730.0000,3728.8000,3728.6000,3728.0000,3731.2000,3731.4000,3731.8000,3732.0000,3732.2000,1,1,1,1,1,2,4,1,3,5
SF,IF2005,2020-04-13 10:27:25.600,3731.4000,10552,0,2925775980.000,0,-,-,-,-,3730.4000,3730.2000,3730.0000,3728.8000,3728.6000,3731.2000,3731.4000,3731.8000,3732.0000,3732.2000,1,1,1,1,1,1,4,1,3,5
SF,IF2005,2020-04-13 10:27:26.100,3731.8000,10553,1,2926895520.000,1,1,0,双开,S,3730.4000,3730.2000,3730.0000,3728.8000,3728.6000,3732.0000,3732.2000,3732.4000,3733.6000,3733.8000,3,1,1,1,1,3,5,2,1,2
SF,IF2005,2020-04-13 10:27:26.600,3731.8000,10553,0,2926895520.000,0,-,-,-,-,3730.8000,3730.4000,3730.2000,3730.0000,3728.8000,3731.8000,3732.0000,3732.2000,3732.4000,3733.6000,1,2,1,1,1,3,3,5,2,1
SF,IF2005,2020-04-13 10:27:27.100,3731.8000,10553,0,2926895520.000,0,-,-,-,-,3730.8000,3730.6000,3730.4000,3730.2000,3730.0000,3731.8000,3732.0000,3732.2000,3732.4000,3733.6000,2,2,1,1,1,1,3,5,2,1
SF,IF2005,2020-04-13 10:27:27.600,3731.8000,10553,0,2926895520.000,0,-,-,-,-,3730.8000,3730.6000,3730.4000,3730.2000,3730.0000,3731.8000,3732.2000,3733.6000,3733.8000,3735.6000,2,2,1,1,1,1,5,1,2,2
SF,IF2005,2020-04-13 10:27:28.100,3731.8000,10553,0,2926895520.000,0,-,-,-,-,3730.8000,3730.6000,3730.4000,3730.2000,3730.0000,3731.8000,3732.2000,3733.2000,3733.6000,3733.8000,2,1,1,1,1,1,5,2,1,2
SF,IF2005,2020-04-13 10:27:28.600,3731.8000,10553,0,2926895520.000,0,-,-,-,-,3730.2000,3730.0000,3728.8000,3728.6000,3728.0000,3731.2000,3731.6000,3731.8000,3732.2000,3733.2000,1,1,1,1,1,1,2,1,5,2
SF,IF2005,2020-04-13 10:27:29.100,3731.8000,10553,0,2926895520.000,0,-,-,-,-,3730.2000,3730.0000,3728.8000,3728.6000,3728.0000,3731.0000,3731.2000,3731.6000,3731.8000,3732.2000,1,1,1,1,1,2,1,2,1,5
SF,IF2005,2020-04-13 10:27:29.600,3731.8000,10553,0,2926895520.000,0,-,-,-,-,3730.2000,3730.0000,3728.8000,3728.6000,3728.0000,3731.6000,3731.8000,3733.6000,3733.8000,3735.6000,1,1,1,1,1,1,1,2,1,2
SF,IF2005,2020-04-13 10:27:30.100,3731.8000,10553,0,2926895520.000,0,-,-,-,-,3730.4000,3730.2000,3730.0000,3728.8000,3728.6000,3731.4000,3731.6000,3732.6000,3733.6000,3733.8000,3,1,1,1,1,1,1,2,2,1
SF,IF2005,2020-04-13 10:27:31.100,3731.6000,10553,0,2929134420.000,2,1,1,多换,S,3730.4000,3730.2000,3730.0000,3728.8000,3728.6000,3732.6000,3733.6000,3733.8000,3735.6000,3735.8000,3,1,1,1,1,2,2,1,2,2
SF,IF2005,2020-04-13 10:27:31.600,3731.6000,10553,0,2929134420.000,0,-,-,-,-,3730.6000,3730.4000,3730.2000,3730.0000,3728.8000,3731.6000,3732.2000,3732.4000,3732.6000,3733.6000,1,3,1,1,1,1,3,2,3,2
SF,IF2005,2020-04-13 10:27:32.100,3731.6000,10553,0,2929134420.000,0,-,-,-,-,3730.8000,3730.4000,3730.2000,3730.0000,3728.8000,3731.6000,3732.2000,3732.4000,3732.6000,3733.6000,1,2,1,1,1,1,2,2,3,1
SF,IF2005,2020-04-13 10:27:32.600,3731.6000,10553,0,2929134420.000,0,-,-,-,-,3730.8000,3730.4000,3730.2000,3730.0000,3728.8000,3731.4000,3732.4000,3732.6000,3733.6000,3733.8000,2,1,1,1,1,4,2,2,1,1
SF,IF2005,2020-04-13 10:27:33.100,3731.6000,10553,0,2929134420.000,0,-,-,-,-,3730.8000,3730.4000,3730.2000,3730.0000,3728.8000,3732.4000,3732.6000,3733.6000,3733.8000,3735.6000,2,1,1,1,1,2,2,1,1,2
SF,IF2005,2020-04-13 10:27:33.600,3731.6000,10553,0,2929134420.000,0,-,-,-,-,3730.8000,3730.4000,3730.2000,3730.0000,3728.8000,3731.2000,3732.0000,3732.2000,3732.4000,3732.6000,1,1,1,1,1,4,1,4,2,2
SF,IF2005,2020-04-13 10:27:34.100,3730.8000,10552,-1,2930253660.000,1,0,1,双平,S,3730.4000,3730.2000,3730.0000,3728.8000,3728.6000,3731.0000,3731.2000,3732.0000,3732.2000,3732.4000,1,1,1,1,1,2,4,2,3,2
SF,IF2005,2020-04-13 10:27:34.600,3731.0000,10554,2,2932492260.000,2,2,0,双开,S,3730.6000,3730.4000,3730.2000,3730.0000,3728.8000,3732.2000,3732.4000,3732.6000,3733.4000,3733.8000,1,1,1,1,1,2,2,2,1,1
SF,IF2005,2020-04-13 10:27:35.100,3731.0000,10554,0,2932492260.000,0,-,-,-,-,3731.4000,3730.8000,3730.6000,3730.2000,3730.0000,3732.0000,3732.2000,3732.4000,3732.6000,3733.4000,1,1,1,1,1,4,1,1,2,1
SF,IF2005,2020-04-13 10:27:35.600,3731.0000,10554,0,2932492260.000,0,-,-,-,-,3731.4000,3731.0000,3730.8000,3730.2000,3730.0000,3732.0000,3732.4000,3732.6000,3733.4000,3733.8000,1,1,3,1,1,2,1,2,1,1
SF,IF2005,2020-04-13 10:27:36.100,3732.0000,10555,1,2934731280.000,2,1,1,空开,S,3731.0000,3730.8000,3730.2000,3730.0000,3728.8000,3732.0000,3732.4000,3732.6000,3733.4000,3733.8000,1,2,1,1,1,1,1,2,1,1
SF,IF2005,2020-04-13 10:27:36.600,3732.0000,10555,0,2934731280.000,0,-,-,-,-,3731.0000,3730.8000,3730.2000,3730.0000,3728.8000,3731.8000,3732.0000,3732.4000,3732.6000,3733.4000,1,2,1,1,1,5,1,1,2,1
SF,IF2005,2020-04-13 10:27:37.100,3732.0000,10555,0,2934731280.000,0,-,-,-,-,3731.0000,3730.8000,3730.2000,3730.0000,3728.8000,3731.8000,3732.0000,3732.4000,3732.6000,3733.4000,1,2,1,1,1,1,1,1,2,1
SF,IF2005,2020-04-13 10:27:37.600,3731.0000,10555,0,2935850580.000,1,0,1,多换,S,3730.8000,3730.2000,3730.0000,3728.8000,3728.6000,3731.4000,3732.0000,3732.4000,3732.6000,3733.4000,2,1,1,1,1,1,1,1,2,1
SF,IF2005,2020-04-13 10:27:39.600,3731.0000,10555,0,2935850580.000,0,-,-,-,-,3730.8000,3730.2000,3730.0000,3728.8000,3728.6000,3731.4000,3732.0000,3732.4000,3732.6000,3733.8000,1,1,1,1,1,1,1,1,2,1
SF,IF2005,2020-04-13 10:27:40.100,3731.0000,10555,0,2935850580.000,0,-,-,-,-,3730.8000,3730.2000,3730.0000,3728.8000,3728.6000,3731.4000,3732.0000,3732.4000,3732.6000,3733.2000,1,1,1,1,1,1,1,1,2,1
SF,IF2005,2020-04-13 10:27:41.100,3731.4000,10556,1,2936970000.000,1,1,0,双开,S,3730.8000,3730.2000,3730.0000,3728.8000,3728.6000,3732.0000,3732.4000,3732.6000,3733.2000,3733.8000,1,1,1,1,1,1,1,2,1,1
SF,IF2005,2020-04-13 10:27:41.600,3731.4000,10556,0,2936970000.000,0,-,-,-,-,3730.8000,3730.2000,3730.0000,3728.8000,3728.6000,3731.6000,3731.8000,3732.0000,3732.4000,3732.6000,1,1,1,1,1,5,3,1,1,2
SF,IF2005,2020-04-13 10:27:42.100,3731.4000,10556,0,2936970000.000,0,-,-,-,-,3730.8000,3730.2000,3730.0000,3728.8000,3728.6000,3731.2000,3731.6000,3731.8000,3732.0000,3732.4000,1,1,1,1,1,2,5,3,1,1
SF,IF2005,2020-04-13 10:27:42.600,3730.8000,10556,0,2938089240.000,1,0,1,多换,S,3730.2000,3730.0000,3728.8000,3728.6000,3728.0000,3730.6000,3731.0000,3731.2000,3731.4000,3731.6000,1,1,1,1,1,1,1,2,1,5
SF,IF2005,2020-04-13 10:27:43.100,3730.8000,10556,0,2938089240.000,0,-,-,-,-,3730.2000,3730.0000,3728.8000,3728.6000,3728.0000,3731.0000,3731.2000,3731.4000,3731.6000,3731.8000,1,1,1,1,1,1,3,1,5,1
SF,IF2005,2020-04-13 10:27:43.600,3730.2000,10556,0,2939208300.000,1,0,1,多换,S,3730.0000,3728.8000,3728.6000,3728.0000,3727.4000,3731.0000,3731.2000,3731.6000,3731.8000,3732.0000,1,1,1,1,2,1,3,5,1,1
SF,IF2005,2020-04-13 10:27:44.100,3730.2000,10556,0,2939208300.000,0,-,-,-,-,3730.0000,3728.8000,3728.6000,3728.0000,3727.4000,3730.8000,3731.0000,3731.2000,3731.6000,3731.8000,1,1,1,1,2,4,1,3,5,1
SF,IF2005,2020-04-13 10:27:44.600,3730.2000,10556,0,2939208300.000,0,-,-,-,-,3730.0000,3728.8000,3728.6000,3728.0000,3727.4000,3731.0000,3731.2000,3731.6000,3731.8000,3732.0000,1,1,1,1,2,1,3,5,1,1
SF,IF2005,2020-04-13 10:27:45.100,3730.2000,10556,0,2939208300.000,0,-,-,-,-,3730.0000,3728.8000,3728.6000,3728.0000,3727.4000,3731.0000,3731.2000,3731.6000,3731.8000,3732.0000,1,1,1,1,2,1,3,5,1,1
SF,IF2005,2020-04-13 10:27:45.600,3730.2000,10556,0,2939208300.000,0,-,-,-,-,3730.2000,3730.0000,3728.8000,3728.6000,3728.0000,3731.2000,3731.6000,3731.8000,3732.0000,3732.4000,3,1,1,1,1,1,5,1,1,1
SF,IF2005,2020-04-13 10:27:46.100,3731.2000,10557,1,2940327660.000,1,1,0,双开,S,3730.2000,3730.0000,3728.8000,3728.6000,3728.0000,3731.6000,3731.8000,3732.0000,3732.4000,3732.6000,3,1,1,1,1,5,1,1,1,2
SF,IF2005,2020-04-13 10:27:46.600,3731.2000,10557,0,2940327660.000,0,-,-,-,-,3730.2000,3730.0000,3728.8000,3728.6000,3728.0000,3731.4000,3731.6000,3732.0000,3732.4000,3732.6000,3,1,1,1,1,2,5,1,1,2
SF,IF2005,2020-04-13 10:27:47.100,3731.2000,10557,0,2940327660.000,0,-,-,-,-,3730.2000,3730.0000,3728.8000,3728.6000,3728.0000,3731.4000,3731.6000,3732.0000,3732.4000,3732.6000,3,1,1,1,1,5,5,1,1,2
SF,IF2005,2020-04-13 10:27:47.600,3731.2000,10557,0,2940327660.000,0,-,-,-,-,3730.2000,3730.0000,3728.8000,3728.6000,3728.0000,3731.2000,3731.4000,3731.6000,3732.0000,3732.4000,3,1,1,1,1,4,5,5,1,1
SF,IF2005,2020-04-13 10:27:48.600,3731.2000,10557,0,2940327660.000,0,-,-,-,-,3730.2000,3730.0000,3728.8000,3728.6000,3728.0000,3731.4000,3731.6000,3732.0000,3732.4000,3732.6000,3,1,1,1,1,2,5,1,1,2
SF,IF2005,2020-04-13 10:27:49.100,3731.2000,10557,0,2940327660.000,0,-,-,-,-,3730.2000,3730.0000,3728.8000,3728.6000,3728.0000,3731.4000,3732.0000,3732.4000,3732.6000,3733.0000,3,1,1,1,1,2,1,1,2,1
SF,IF2005,2020-04-13 10:27:49.600,3731.4000,10557,0,2942566500.000,2,1,1,多换,S,3730.6000,3730.4000,3730.2000,3730.0000,3728.8000,3732.0000,3732.4000,3732.6000,3733.0000,3733.8000,3,3,2,1,1,1,1,2,1,1
SF,IF2005,2020-04-13 10:27:50.100,3732.0000,10557,0,2943686100.000,1,0,1,多换,S,3732.2000,3731.4000,3730.8000,3730.6000,3730.4000,3733.8000,3735.6000,3735.8000,3736.8000,3738.6000,1,2,1,2,5,1,1,2,2,1
SF,IF2005,2020-04-13 10:27:50.600,3732.0000,10557,0,2943686100.000,0,-,-,-,-,3732.6000,3732.4000,3730.8000,3730.6000,3730.4000,3732.8000,3733.2000,3733.6000,3733.8000,3735.6000,1,1,3,4,4,1,1,3,5,1
SF,IF2005,2020-04-13 10:27:51.100,3733.6000,10557,0,2947045800.000,3,1,2,多换,S,3732.4000,3730.8000,3730.6000,3730.4000,3730.0000,3732.6000,3733.8000,3735.6000,3735.8000,3736.8000,1,3,4,4,1,1,1,1,2,2
SF,IF2005,2020-04-13 10:27:51.600,3732.4000,10557,0,2948165520.000,1,0,1,多换,S,3730.8000,3730.6000,3730.4000,3730.0000,3728.6000,3732.6000,3733.8000,3734.6000,3735.6000,3735.8000,1,3,4,1,1,2,1,2,1,2
SF,IF2005,2020-04-13 10:27:52.100,3732.4000,10557,0,2948165520.000,0,-,-,-,-,3731.2000,3731.0000,3730.6000,3730.4000,3730.0000,3732.0000,3732.2000,3732.4000,3732.6000,3733.6000,1,1,2,1,1,1,2,2,2,1
SF,IF2005,2020-04-13 10:27:52.600,3732.4000,10557,0,2948165520.000,0,-,-,-,-,3731.0000,3730.0000,3728.6000,3728.0000,3727.4000,3731.2000,3731.6000,3731.8000,3732.2000,3732.4000,1,1,1,1,2,1,1,4,2,2
SF,IF2005,2020-04-13 10:27:53.100,3731.0000,10556,-1,2949284820.000,1,0,1,双平,S,3730.0000,3728.6000,3728.0000,3727.4000,3725.2000,3731.2000,3731.6000,3731.8000,3732.2000,3732.4000,1,1,1,2,5,1,6,4,2,2
SF,IF2005,2020-04-13 10:27:53.600,3730.2000,10554,-2,2951522940.000,2,0,2,双平,S,3730.0000,3728.6000,3728.0000,3727.4000,3725.2000,3731.6000,3731.8000,3732.2000,3732.4000,3732.6000,1,1,1,2,5,5,4,2,2,1
SF,IF2005,2020-04-13 10:27:54.100,3730.2000,10554,0,2951522940.000,0,-,-,-,-,3730.4000,3730.2000,3730.0000,3728.6000,3728.0000,3731.4000,3731.8000,3732.2000,3732.4000,3732.6000,1,4,1,1,1,2,4,2,1,1
SF,IF2005,2020-04-13 10:27:54.600,3731.4000,10554,0,2953761780.000,2,1,1,多换,S,3730.6000,3730.2000,3730.0000,3728.6000,3728.0000,3731.8000,3732.2000,3732.4000,3732.6000,3733.0000,1,4,1,1,1,4,2,1,1,2
SF,IF2005,2020-04-13 10:27:55.100,3730.8000,10554,0,2954881020.000,1,0,1,多换,S,3730.6000,3730.2000,3730.0000,3728.6000,3728.0000,3732.2000,3732.4000,3733.0000,3733.6000,3733.8000,1,2,1,1,1,2,1,2,1,1
SF,IF2005,2020-04-13 10:27:55.600,3730.8000,10554,0,2954881020.000,0,-,-,-,-,3730.6000,3730.2000,3730.0000,3728.6000,3728.0000,3732.0000,3732.2000,3732.4000,3733.0000,3733.6000,1,2,1,1,1,7,2,1,2,1
SF,IF2005,2020-04-13 10:27:56.100,3732.0000,10554,0,2956000620.000,1,0,1,多换,S,3730.8000,3730.6000,3730.2000,3730.0000,3728.6000,3732.0000,3732.2000,3732.4000,3733.0000,3733.6000,1,1,2,1,1,6,2,1,2,1
SF,IF2005,2020-04-13 10:27:56.600,3732.0000,10554,0,2956000620.000,0,-,-,-,-,3730.8000,3730.6000,3730.2000,3730.0000,3728.6000,3732.0000,3732.2000,3732.4000,3733.0000,3733.6000,1,1,2,1,1,6,2,1,2,1
SF,IF2005,2020-04-13 10:27:57.100,3732.0000,10554,0,2956000620.000,0,-,-,-,-,3730.8000,3730.6000,3730.2000,3730.0000,3728.6000,3732.0000,3732.2000,3733.0000,3733.6000,3733.8000,1,1,2,1,1,6,3,2,1,1
SF,IF2005,2020-04-13 10:27:57.600,3732.0000,10554,0,2956000620.000,0,-,-,-,-,3731.0000,3730.8000,3730.2000,3730.0000,3728.6000,3732.0000,3732.2000,3733.0000,3733.6000,3733.8000,1,2,2,1,1,6,3,2,1,1
SF,IF2005,2020-04-13 10:27:58.100,3732.0000,10554,0,2956000620.000,0,-,-,-,-,3731.0000,3730.8000,3730.2000,3730.0000,3728.6000,3731.8000,3732.0000,3732.2000,3733.0000,3733.6000,1,2,2,1,1,1,6,3,2,1
SF,IF2005,2020-04-13 10:27:58.600,3732.0000,10554,0,2956000620.000,0,-,-,-,-,3731.0000,3730.8000,3730.2000,3730.0000,3728.6000,3731.8000,3732.0000,3732.2000,3733.0000,3733.6000,1,2,2,1,1,1,6,3,2,1
SF,IF2005,2020-04-13 10:27:59.100,3732.0000,10554,0,2956000620.000,0,-,-,-,-,3731.0000,3730.8000,3730.2000,3730.0000,3728.6000,3731.6000,3731.8000,3732.0000,3732.2000,3733.0000,1,2,2,1,1,1,1,5,3,2
SF,IF2005,2020-04-13 10:27:59.600,3732.0000,10554,0,2956000620.000,0,-,-,-,-,3731.0000,3730.8000,3730.2000,3730.0000,3728.6000,3731.6000,3731.8000,3732.0000,3732.2000,3733.0000,1,2,3,1,1,1,1,5,3,2
SF,IF2005,2020-04-13 10:28:00.100,3732.0000,10554,0,2956000620.000,0,-,-,-,-,3731.0000,3730.8000,3730.2000,3730.0000,3728.6000,3731.6000,3731.8000,3732.0000,3732.2000,3733.0000,1,2,3,1,1,1,1,5,3,2
SF,IF2005,2020-04-13 10:28:00.600,3732.0000,10554,0,2956000620.000,0,-,-,-,-,3731.0000,3730.8000,3730.2000,3730.0000,3728.6000,3731.6000,3731.8000,3732.0000,3732.2000,3733.0000,1,2,3,1,1,1,1,5,3,2
SF,IF2005,2020-04-13 10:28:01.100,3732.0000,10554,0,2957120220.000,1,0,1,多换,S,3731.0000,3730.8000,3730.2000,3730.0000,3728.6000,3731.8000,3732.0000,3732.2000,3733.0000,3733.6000,1,2,3,1,1,1,5,3,2,1
SF,IF2005,2020-04-13 10:28:01.600,3732.0000,10554,0,2957120220.000,0,-,-,-,-,3731.0000,3730.8000,3730.2000,3730.0000,3728.6000,3731.6000,3731.8000,3732.0000,3732.2000,3733.0000,2,2,3,1,1,3,1,5,3,2
SF,IF2005,2020-04-13 10:28:02.100,3732.0000,10554,0,2957120220.000,0,-,-,-,-,3731.0000,3730.8000,3730.2000,3730.0000,3728.6000,3731.2000,3731.6000,3731.8000,3732.0000,3732.2000,1,1,2,1,1,4,3,1,5,2
SF,IF2005,2020-04-13 10:28:02.600,3732.0000,10554,0,2957120220.000,0,-,-,-,-,3731.0000,3730.8000,3730.2000,3730.0000,3728.6000,3731.6000,3731.8000,3732.0000,3732.2000,3733.0000,1,1,2,1,1,4,1,6,2,2
SF,IF2005,2020-04-13 10:28:03.100,3731.0000,10555,1,2958239520.000,1,1,0,双开,S,3730.8000,3730.2000,3730.0000,3728.6000,3728.0000,3731.4000,3731.6000,3731.8000,3732.0000,3732.2000,1,2,1,1,1,4,8,1,6,2
SF,IF2005,2020-04-13 10:28:03.600,3731.0000,10555,0,2958239520.000,0,-,-,-,-,3730.8000,3730.2000,3730.0000,3728.6000,3728.0000,3731.4000,3731.6000,3731.8000,3732.0000,3732.2000,1,2,1,1,1,4,4,1,6,2
SF,IF2005,2020-04-13 10:28:04.100,3730.8000,10555,0,2959358760.000,1,0,1,多换,S,3730.2000,3730.0000,3728.6000,3728.0000,3727.4000,3731.4000,3731.6000,3731.8000,3732.0000,3732.2000,2,1,1,1,2,4,4,1,6,2
SF,IF2005,2020-04-13 10:28:04.600,3730.8000,10555,0,2959358760.000,0,-,-,-,-,3730.2000,3730.0000,3728.6000,3728.0000,3727.4000,3731.2000,3731.4000,3731.6000,3731.8000,3732.0000,2,1,1,1,2,1,4,4,1,6
SF,IF2005,2020-04-13 10:28:05.100,3730.8000,10555,0,2959358760.000,0,-,-,-,-,3730.2000,3730.0000,3728.6000,3728.0000,3727.4000,3731.2000,3731.4000,3731.6000,3731.8000,3732.0000,2,1,1,1,2,1,4,4,1,6
SF,IF2005,2020-04-13 10:28:05.600,3730.2000,10556,1,2960477820.000,1,1,0,双开,S,3730.0000,3728.6000,3728.0000,3727.4000,3725.2000,3731.2000,3731.4000,3731.6000,3731.8000,3732.0000,1,1,1,2,5,1,4,4,1,6
SF,IF2005,2020-04-13 10:28:06.100,3730.0000,10556,0,2961596820.000,1,0,1,多换,S,3728.6000,3728.0000,3727.4000,3725.2000,3724.4000,3731.2000,3731.4000,3731.6000,3731.8000,3732.0000,1,1,2,5,2,1,4,4,1,8
SF,IF2005,2020-04-13 10:28:06.600,3730.0000,10556,0,2961596820.000,0,-,-,-,-,3729.6000,3729.4000,3729.0000,3728.8000,3728.6000,3731.0000,3731.2000,3731.4000,3731.6000,3731.8000,1,1,1,2,1,1,1,4,4,1
SF,IF2005,2020-04-13 10:28:07.100,3730.0000,10556,0,2961596820.000,0,-,-,-,-,3729.6000,3729.4000,3729.0000,3728.8000,3728.6000,3730.8000,3731.0000,3731.4000,3731.6000,3731.8000,1,1,2,4,1,1,1,4,4,1
SF,IF2005,2020-04-13 10:28:07.600,3729.6000,10556,0,2962715700.000,1,0,1,多换,S,3729.4000,3729.0000,3728.8000,3728.6000,3728.0000,3730.4000,3730.8000,3731.0000,3731.4000,3731.6000,1,2,4,1,1,2,1,1,4,4
SF,IF2005,2020-04-13 10:28:08.100,3730.0000,10557,1,2963834700.000,1,1,0,双开,S,3729.4000,3729.0000,3728.8000,3728.6000,3728.0000,3730.0000,3730.2000,3730.4000,3730.6000,3731.4000,1,1,3,1,1,4,1,3,1,4
SF,IF2005,2020-04-13 10:28:08.600,3730.0000,10557,0,2963834700.000,0,-,-,-,-,3729.4000,3729.0000,3728.8000,3728.6000,3728.0000,3730.2000,3730.4000,3730.6000,3731.6000,3731.8000,1,1,2,1,1,1,3,1,1,1
SF,IF2005,2020-04-13 10:28:09.100,3730.0000,10557,0,2963834700.000,0,-,-,-,-,3729.4000,3728.8000,3728.0000,3727.4000,3725.2000,3729.8000,3730.2000,3730.4000,3730.6000,3731.6000,1,2,1,2,5,5,1,3,1,1
SF,IF2005,2020-04-13 10:28:09.600,3729.4000,10557,0,2964953520.000,1,0,1,多换,S,3728.8000,3728.0000,3727.4000,3725.2000,3724.4000,3729.4000,3729.8000,3730.2000,3730.4000,3731.6000,1,1,2,5,2,1,5,1,2,1
SF,IF2005,2020-04-13 10:28:10.100,3729.4000,10557,0,2964953520.000,0,-,-,-,-,3728.8000,3728.0000,3727.4000,3725.2000,3724.4000,3729.4000,3730.2000,3730.4000,3731.0000,3731.6000,1,1,2,5,2,1,1,2,2,1
SF,IF2005,2020-04-13 10:28:10.600,3729.4000,10558,1,2966072340.000,1,1,0,双开,S,3728.8000,3728.0000,3727.4000,3725.2000,3724.4000,3730.2000,3730.4000,3731.0000,3731.6000,3731.8000,1,1,2,5,2,1,2,2,1,1
SF,IF2005,2020-04-13 10:28:11.100,3730.2000,10558,0,2967191400.000,1,0,1,多换,S,3728.8000,3728.0000,3727.4000,3725.2000,3724.4000,3730.4000,3731.0000,3731.6000,3731.8000,3733.6000,1,1,2,5,2,2,2,1,2,1
SF,IF2005,2020-04-13 10:28:11.600,3730.2000,10558,0,2967191400.000,0,-,-,-,-,3729.0000,3728.8000,3728.0000,3727.4000,3725.2000,3730.2000,3730.4000,3731.0000,3731.6000,3731.8000,2,1,1,2,5,2,2,2,1,2
SF,IF2005,2020-04-13 10:28:12.100,3730.2000,10558,0,2967191400.000,0,-,-,-,-,3729.2000,3729.0000,3728.0000,3727.4000,3725.2000,3730.4000,3731.0000,3731.6000,3731.8000,3733.6000,1,3,1,2,5,2,2,1,2,1
SF,IF2005,2020-04-13 10:28:12.600,3730.2000,10558,0,2967191400.000,0,-,-,-,-,3729.4000,3729.2000,3729.0000,3728.0000,3727.4000,3731.0000,3731.6000,3731.8000,3733.6000,3733.8000,2,2,1,1,2,2,1,1,1,1
SF,IF2005,2020-04-13 10:28:13.100,3730.2000,10558,0,2967191400.000,0,-,-,-,-,3729.8000,3729.6000,3729.4000,3729.2000,3728.0000,3730.8000,3731.6000,3731.8000,3733.6000,3733.8000,2,1,1,1,1,5,2,1,1,1
SF,IF2005,2020-04-13 10:28:13.600,3730.2000,10558,0,2967191400.000,0,-,-,-,-,3729.8000,3729.6000,3729.4000,3728.0000,3727.4000,3731.6000,3731.8000,3732.2000,3733.6000,3733.8000,2,2,1,1,2,2,1,2,1,1
SF,IF2005,2020-04-13 10:28:14.100,3730.2000,10558,0,2967191400.000,0,-,-,-,-,3730.0000,3729.8000,3729.6000,3729.4000,3728.0000,3731.0000,3731.2000,3731.4000,3731.6000,3731.8000,1,2,1,1,1,4,2,2,2,1
SF,IF2005,2020-04-13 10:28:14.600,3730.2000,10558,0,2967191400.000,0,-,-,-,-,3730.2000,3730.0000,3729.8000,3728.0000,3727.4000,3730.6000,3730.8000,3731.0000,3731.2000,3731.4000,1,1,2,1,2,5,1,4,1,1
SF,IF2005,2020-04-13 10:28:15.100,3730.2000,10559,1,2968310460.000,1,1,0,双开,S,3730.2000,3729.8000,3728.0000,3727.4000,3725.2000,3730.6000,3730.8000,3731.0000,3731.4000,3731.6000,2,2,1,2,5,5,1,4,1,2
SF,IF2005,2020-04-13 10:28:15.600,3729.8000,10560,1,2971667520.000,3,2,1,空开,S,3728.0000,3727.4000,3725.2000,3724.4000,3724.2000,3730.4000,3730.6000,3730.8000,3731.0000,3731.4000,1,2,5,2,1,2,5,1,4,1
SF,IF2005,2020-04-13 10:28:16.100,3730.2000,10560,0,2972786580.000,1,0,1,多换,S,3729.0000,3728.8000,3728.6000,3728.4000,3728.2000,3730.4000,3730.6000,3731.0000,3731.6000,3731.8000,1,1,5,2,6,1,5,4,2,1
SF,IF2005,2020-04-13 10:28:16.600,3730.2000,10560,0,2972786580.000,0,-,-,-,-,3729.2000,3729.0000,3728.8000,3728.6000,3728.4000,3730.0000,3730.2000,3730.6000,3731.0000,3731.6000,1,1,1,1,1,1,3,5,4,2
SF,IF2005,2020-04-13 10:28:17.100,3730.2000,10560,0,2972786580.000,0,-,-,-,-,3729.2000,3729.0000,3728.8000,3728.6000,3728.4000,3730.2000,3730.6000,3731.0000,3731.6000,3731.8000,1,1,1,1,1,1,5,4,2,1
SF,IF2005,2020-04-13 10:28:17.600,3730.2000,10560,0,2972786580.000,0,-,-,-,-,3729.4000,3729.2000,3728.6000,3728.4000,3728.2000,3731.0000,3731.6000,3731.8000,3732.2000,3733.6000,1,1,1,1,3,4,2,1,2,1
SF,IF2005,2020-04-13 10:28:18.100,3730.2000,10560,0,2972786580.000,0,-,-,-,-,3729.8000,3729.6000,3729.4000,3728.6000,3728.2000,3730.8000,3731.6000,3731.8000,3732.2000,3733.6000,1,3,2,1,2,1,1,1,2,1
SF,IF2005,2020-04-13 10:28:18.600,3730.2000,10560,0,2972786580.000,0,-,-,-,-,3730.0000,3729.4000,3728.6000,3728.2000,3728.0000,3730.8000,3731.4000,3731.6000,3731.8000,3732.2000,1,2,1,2,3,7,1,1,1,2
SF,IF2005,2020-04-13 10:28:19.100,3730.2000,10560,0,2972786580.000,0,-,-,-,-,3730.0000,3729.4000,3728.6000,3728.2000,3728.0000,3730.8000,3731.4000,3731.6000,3731.8000,3732.2000,1,2,1,2,3,2,1,1,1,2
SF,IF2005,2020-04-13 10:28:19.600,3730.0000,10559,-1,2973905580.000,1,0,1,双平,S,3729.4000,3728.6000,3728.2000,3728.0000,3727.4000,3730.4000,3730.8000,3731.4000,3731.6000,3731.8000,2,1,2,3,2,1,2,1,1,1
SF,IF2005,2020-04-13 10:28:20.100,3730.0000,10559,0,2973905580.000,0,-,-,-,-,3729.6000,3729.4000,3728.6000,3728.2000,3728.0000,3730.8000,3731.4000,3731.6000,3731.8000,3732.2000,1,2,1,2,3,2,1,1,1,2
SF,IF2005,2020-04-13 10:28:21.100,3730.8000,10559,0,2975024820.000,1,0,1,多换,S,3729.6000,3729.4000,3728.6000,3728.2000,3728.0000,3730.8000,3731.4000,3731.6000,3731.8000,3732.2000,1,2,1,2,3,1,1,1,1,2
SF,IF2005,2020-04-13 10:28:21.600,3729.6000,10558,-1,2976143700.000,1,0,1,双平,S,3729.4000,3728.6000,3728.2000,3728.0000,3727.4000,3730.0000,3730.6000,3730.8000,3731.4000,3731.6000,1,1,2,3,2,2,2,1,1,1
SF,IF2005,2020-04-13 10:28:22.100,3730.0000,10560,2,2978381700.000,2,2,0,双开,S,3729.4000,3728.6000,3728.2000,3728.0000,3727.4000,3730.6000,3731.4000,3731.6000,3731.8000,3733.6000,1,1,2,3,2,2,1,3,1,1
SF,IF2005,2020-04-13 10:28:22.600,3730.0000,10560,0,2978381700.000,0,-,-,-,-,3729.6000,3729.4000,3728.6000,3728.2000,3728.0000,3730.6000,3731.4000,3731.6000,3731.8000,3733.6000,1,1,1,2,3,2,1,3,1,1
SF,IF2005,2020-04-13 10:28:23.100,3730.0000,10560,0,2978381700.000,0,-,-,-,-,3729.6000,3729.4000,3728.6000,3728.2000,3728.0000,3730.6000,3731.4000,3731.6000,3731.8000,3733.6000,2,1,1,2,3,1,1,3,1,1
SF,IF2005,2020-04-13 10:28:23.600,3730.0000,10560,0,2978381700.000,0,-,-,-,-,3729.6000,3729.4000,3728.6000,3728.2000,3728.0000,3730.6000,3731.2000,3731.6000,3731.8000,3733.6000,2,1,1,2,3,1,1,3,1,1
SF,IF2005,2020-04-13 10:28:24.600,3730.6000,10560,0,2979500880.000,1,0,1,多换,S,3730.6000,3729.6000,3729.4000,3728.6000,3728.2000,3731.2000,3731.6000,3731.8000,3733.6000,3733.8000,1,2,1,1,2,1,3,1,1,1
SF,IF2005,2020-04-13 10:28:25.100,3730.6000,10559,-1,2980620060.000,1,0,1,双平,S,3729.6000,3728.6000,3728.2000,3728.0000,3727.4000,3731.2000,3731.6000,3731.8000,3733.6000,3733.8000,1,1,2,3,2,1,3,1,1,1
SF,IF2005,2020-04-13 10:28:25.600,3730.6000,10559,0,2980620060.000,0,-,-,-,-,3729.8000,3729.6000,3728.6000,3728.2000,3728.0000,3731.0000,3731.2000,3731.6000,3731.8000,3733.6000,1,1,1,2,3,3,1,3,1,1
SF,IF2005,2020-04-13 10:28:26.100,3730.6000,10560,1,2981739240.000,1,1,0,双开,S,3729.8000,3729.6000,3728.6000,3728.2000,3728.0000,3731.0000,3731.2000,3731.6000,3731.8000,3733.6000,1,1,1,2,3,3,1,3,1,1
SF,IF2005,2020-04-13 10:28:26.600,3730.6000,10560,0,2981739240.000,0,-,-,-,-,3729.8000,3729.6000,3728.6000,3728.2000,3728.0000,3731.0000,3731.2000,3731.6000,3731.8000,3733.6000,1,1,1,2,3,3,1,3,1,1
SF,IF2005,2020-04-13 10:28:27.100,3730.6000,10560,0,2981739240.000,0,-,-,-,-,3729.8000,3729.6000,3728.6000,3728.2000,3728.0000,3731.0000,3731.2000,3731.6000,3731.8000,3733.6000,1,1,1,2,3,3,1,3,1,1
SF,IF2005,2020-04-13 10:28:27.600,3730.6000,10560,0,2981739240.000,0,-,-,-,-,3730.0000,3729.8000,3728.6000,3728.2000,3728.0000,3731.0000,3731.2000,3731.6000,3731.8000,3733.6000,1,1,1,2,3,3,1,3,1,1
SF,IF2005,2020-04-13 10:28:28.100,3730.6000,10560,0,2981739240.000,0,-,-,-,-,3730.0000,3729.8000,3728.6000,3728.2000,3728.0000,3731.0000,3731.2000,3731.6000,3731.8000,3733.6000,1,1,1,2,3,3,1,3,1,1
SF,IF2005,2020-04-13 10:28:28.600,3730.6000,10560,0,2981739240.000,0,-,-,-,-,3730.0000,3729.8000,3728.6000,3728.2000,3728.0000,3730.8000,3731.0000,3731.6000,3733.6000,3733.8000,1,1,1,2,3,1,3,3,1,1
SF,IF2005,2020-04-13 10:28:29.100,3730.0000,10560,0,2982858240.000,1,0,1,多换,S,3729.8000,3728.6000,3728.2000,3728.0000,3727.4000,3730.8000,3731.0000,3731.6000,3733.6000,3733.8000,1,1,2,3,2,1,4,3,1,1
SF,IF2005,2020-04-13 10:28:29.600,3730.0000,10560,0,2982858240.000,0,-,-,-,-,3729.8000,3728.6000,3728.2000,3728.0000,3727.4000,3730.0000,3730.8000,3731.0000,3731.6000,3733.6000,1,1,2,3,2,1,1,4,3,1
SF,IF2005,2020-04-13 10:28:30.100,3730.0000,10560,0,2983977240.000,1,0,1,多换,S,3729.8000,3728.6000,3728.2000,3728.0000,3727.4000,3730.8000,3731.0000,3731.6000,3733.6000,3733.8000,1,1,2,3,2,1,3,3,1,1
SF,IF2005,2020-04-13 10:28:30.600,3730.0000,10560,0,2983977240.000,0,-,-,-,-,3729.8000,3728.6000,3728.2000,3728.0000,3727.4000,3730.6000,3730.8000,3731.0000,3731.6000,3733.6000,1,1,2,3,2,2,1,2,3,1
SF,IF2005,2020-04-13 10:28:31.100,3730.6000,10560,0,2985096420.000,1,0,1,多换,S,3729.8000,3728.6000,3728.2000,3728.0000,3727.4000,3730.6000,3730.8000,3731.0000,3731.6000,3733.6000,1,1,2,3,2,1,1,2,3,1
SF,IF2005,2020-04-13 10:28:31.600,3730.6000,10560,0,2985096420.000,0,-,-,-,-,3729.8000,3728.6000,3728.2000,3728.0000,3727.4000,3730.4000,3730.6000,3730.8000,3731.0000,3731.6000,1,1,2,3,2,5,2,1,1,3
SF,IF2005,2020-04-13 10:28:32.100,3730.6000,10560,0,2985096420.000,0,-,-,-,-,3729.8000,3728.6000,3728.2000,3728.0000,3727.4000,3730.6000,3730.8000,3731.0000,3731.6000,3733.6000,1,1,2,3,2,2,1,1,3,1
SF,IF2005,2020-04-13 10:28:32.600,3730.6000,10560,0,2985096420.000,0,-,-,-,-,3729.8000,3728.6000,3728.2000,3728.0000,3727.4000,3730.6000,3730.8000,3731.0000,3731.6000,3733.6000,1,1,2,3,2,1,1,1,3,1
SF,IF2005,2020-04-13 10:28:33.100,3730.6000,10560,0,2985096420.000,0,-,-,-,-,3729.8000,3728.6000,3728.2000,3728.0000,3727.4000,3730.4000,3730.6000,3730.8000,3731.0000,3731.6000,1,1,2,3,2,4,1,1,1,3
SF,IF2005,2020-04-13 10:28:33.600,3730.6000,10560,0,2985096420.000,0,-,-,-,-,3729.8000,3728.6000,3728.2000,3728.0000,3727.4000,3730.6000,3730.8000,3731.0000,3731.6000,3733.6000,1,1,2,3,2,1,1,1,3,1
SF,IF2005,2020-04-13 10:28:34.100,3730.6000,10560,0,2985096420.000,0,-,-,-,-,3729.8000,3728.6000,3728.2000,3728.0000,3727.4000,3730.6000,3730.8000,3731.6000,3733.6000,3733.8000,1,1,2,3,2,1,2,3,1,1
SF,IF2005,2020-04-13 10:28:35.100,3730.6000,10560,0,2986215600.000,1,0,1,多换,S,3729.8000,3728.6000,3728.2000,3728.0000,3727.4000,3730.8000,3731.6000,3733.6000,3733.8000,3735.6000,1,1,2,3,2,2,3,1,1,1
SF,IF2005,2020-04-13 10:28:35.600,3730.8000,10561,1,2987334840.000,1,1,0,双开,S,3730.0000,3729.8000,3728.6000,3728.2000,3728.0000,3730.8000,3731.0000,3731.6000,3733.6000,3733.8000,2,1,1,2,3,1,1,3,1,1
SF,IF2005,2020-04-13 10:28:36.100,3730.8000,10562,1,2988454080.000,1,1,0,双开,S,3730.0000,3729.8000,3728.6000,3728.2000,3728.0000,3731.0000,3731.6000,3733.6000,3733.8000,3735.6000,2,1,1,2,3,1,3,1,1,1
SF,IF2005,2020-04-13 10:28:36.600,3730.8000,10562,0,2988454080.000,0,-,-,-,-,3730.0000,3729.8000,3728.6000,3728.2000,3728.0000,3730.6000,3731.0000,3731.6000,3733.6000,3733.8000,2,1,1,2,3,5,1,3,1,1
SF,IF2005,2020-04-13 10:28:37.100,3730.8000,10562,0,2988454080.000,0,-,-,-,-,3730.0000,3729.8000,3728.6000,3728.2000,3728.0000,3730.6000,3731.0000,3731.6000,3733.6000,3733.8000,1,1,1,2,3,5,1,3,1,1
SF,IF2005,2020-04-13 10:28:37.600,3730.8000,10562,0,2988454080.000,0,-,-,-,-,3730.0000,3729.8000,3728.6000,3728.2000,3728.0000,3731.0000,3731.6000,3733.6000,3733.8000,3735.6000,1,1,1,2,3,1,3,1,1,1
SF,IF2005,2020-04-13 10:28:38.600,3730.8000,10562,0,2988454080.000,0,-,-,-,-,3730.0000,3729.8000,3728.6000,3728.2000,3728.0000,3730.6000,3731.0000,3731.6000,3733.6000,3733.8000,1,1,1,2,3,1,1,3,1,1
SF,IF2005,2020-04-13 10:28:39.100,3730.8000,10562,0,2988454080.000,0,-,-,-,-,3730.0000,3729.8000,3728.6000,3728.2000,3728.0000,3730.6000,3730.8000,3731.0000,3731.6000,3733.6000,1,1,1,2,3,1,1,1,3,1
SF,IF2005,2020-04-13 10:28:40.100,3730.8000,10562,0,2988454080.000,0,-,-,-,-,3730.0000,3729.8000,3728.6000,3728.2000,3728.0000,3730.4000,3730.6000,3731.0000,3731.6000,3733.6000,1,1,1,2,3,1,1,1,3,1
SF,IF2005,2020-04-13 10:28:40.600,3730.0000,10561,-1,2989573080.000,1,0,1,双平,S,3729.8000,3728.6000,3728.2000,3728.0000,3727.4000,3730.4000,3730.6000,3730.8000,3731.0000,3731.6000,1,1,2,3,2,6,1,1,1,3
SF,IF2005,2020-04-13 10:28:41.100,3730.0000,10562,1,2990692080.000,1,1,0,双开,S,3729.8000,3728.6000,3728.2000,3728.0000,3727.4000,3730.4000,3730.6000,3731.0000,3731.6000,3733.6000,1,1,2,3,2,6,1,1,3,1
SF,IF2005,2020-04-13 10:28:41.600,3730.4000,10563,1,2991811200.000,1,1,0,双开,S,3729.8000,3728.6000,3728.2000,3728.0000,3727.4000,3731.0000,3731.6000,3733.6000,3733.8000,3735.6000,1,1,2,3,2,1,3,1,1,1
SF,IF2005,2020-04-13 10:28:42.100,3730.4000,10563,0,2991811200.000,0,-,-,-,-,3729.8000,3728.6000,3728.2000,3728.0000,3727.4000,3731.0000,3731.6000,3733.6000,3733.8000,3735.6000,1,1,2,3,2,1,3,1,1,1
SF,IF2005,2020-04-13 10:28:42.600,3730.4000,10563,0,2991811200.000,0,-,-,-,-,3730.0000,3729.8000,3728.6000,3728.2000,3728.0000,3731.0000,3731.6000,3733.6000,3733.8000,3735.6000,1,1,1,2,3,1,3,1,1,1
SF,IF2005,2020-04-13 10:28:43.600,3730.0000,10563,0,2992930200.000,1,0,1,多换,S,3729.8000,3728.6000,3728.2000,3728.0000,3727.4000,3730.4000,3730.8000,3731.0000,3731.6000,3733.6000,1,1,2,3,2,4,7,1,3,1
SF,IF2005,2020-04-13 10:28:44.100,3730.0000,10563,0,2992930200.000,0,-,-,-,-,3728.6000,3728.2000,3728.0000,3727.4000,3727.0000,3730.0000,3730.2000,3730.4000,3730.6000,3730.8000,1,2,3,2,2,1,6,4,4,7
SF,IF2005,2020-04-13 10:28:44.600,3730.0000,10563,0,2992930200.000,0,-,-,-,-,3728.8000,3728.2000,3728.0000,3727.4000,3727.0000,3729.8000,3730.0000,3730.2000,3730.4000,3730.6000,3,2,3,2,2,1,2,5,4,4
SF,IF2005,2020-04-13 10:28:45.100,3730.0000,10563,0,2992930200.000,0,-,-,-,-,3728.8000,3728.2000,3728.0000,3727.4000,3727.0000,3729.8000,3730.0000,3730.2000,3730.4000,3730.6000,3,2,3,2,2,1,1,5,4,4
SF,IF2005,2020-04-13 10:28:45.600,3730.0000,10563,0,2992930200.000,0,-,-,-,-,3728.8000,3728.2000,3728.0000,3727.4000,3727.0000,3729.8000,3730.0000,3730.2000,3730.4000,3730.6000,4,2,2,2,2,1,1,5,4,4
SF,IF2005,2020-04-13 10:28:46.100,3730.0000,10563,0,2994049200.000,1,0,1,多换,S,3728.8000,3728.2000,3728.0000,3727.4000,3727.0000,3730.0000,3730.2000,3730.4000,3730.6000,3730.8000,4,2,2,2,2,1,5,4,4,5
SF,IF2005,2020-04-13 10:28:46.600,3730.0000,10563,0,2994049200.000,0,-,-,-,-,3729.2000,3729.0000,3728.8000,3728.2000,3728.0000,3730.0000,3730.4000,3730.8000,3731.0000,3731.6000,1,1,3,2,2,1,4,5,1,3
SF,IF2005,2020-04-13 10:28:47.600,3730.0000,10563,0,2994049200.000,0,-,-,-,-,3729.2000,3729.0000,3728.8000,3728.2000,3728.0000,3729.4000,3730.0000,3731.0000,3731.6000,3735.6000,1,1,2,2,2,3,1,1,3,1
SF,IF2005,2020-04-13 10:28:48.100,3729.4000,10563,0,2997405660.000,3,1,2,多换,S,3729.0000,3728.8000,3728.2000,3728.0000,3727.4000,3730.0000,3731.0000,3731.6000,3735.6000,3735.8000,1,1,1,2,2,1,1,3,1,2
SF,IF2005,2020-04-13 10:28:48.600,3729.4000,10563,0,2997405660.000,0,-,-,-,-,3729.0000,3728.8000,3728.2000,3728.0000,3727.4000,3730.0000,3731.0000,3731.6000,3733.0000,3735.6000,1,1,1,2,2,1,1,3,1,1
SF,IF2005,2020-04-13 10:28:49.100,3729.4000,10563,0,2997405660.000,0,-,-,-,-,3729.2000,3729.0000,3728.8000,3728.2000,3728.0000,3729.8000,3731.0000,3731.6000,3733.0000,3735.6000,1,1,1,1,2,1,1,3,1,1
SF,IF2005,2020-04-13 10:28:49.600,3729.2000,10563,0,2998524420.000,1,0,1,多换,S,3729.0000,3728.8000,3728.2000,3728.0000,3727.4000,3729.8000,3731.0000,3731.6000,3733.0000,3735.6000,1,1,1,2,2,1,1,3,1,1
SF,IF2005,2020-04-13 10:28:51.100,3729.8000,10564,1,2999643360.000,1,1,0,双开,S,3729.0000,3728.8000,3728.2000,3728.0000,3727.4000,3731.0000,3731.6000,3733.0000,3735.6000,3735.8000,1,1,1,2,2,1,3,1,1,2
SF,IF2005,2020-04-13 10:28:51.600,3729.8000,10564,0,2999643360.000,0,-,-,-,-,3729.2000,3729.0000,3728.8000,3728.2000,3728.0000,3730.2000,3730.4000,3730.6000,3730.8000,3731.0000,1,1,1,1,2,5,2,6,3,2
SF,IF2005,2020-04-13 10:28:52.100,3729.8000,10564,0,2999643360.000,0,-,-,-,-,3729.8000,3729.0000,3728.8000,3728.2000,3728.0000,3730.2000,3730.4000,3730.6000,3730.8000,3731.0000,1,1,1,1,2,5,2,6,2,1
SF,IF2005,2020-04-13 10:28:52.600,3729.8000,10564,0,3000762300.000,1,0,1,多换,S,3729.0000,3728.8000,3728.2000,3728.0000,3727.4000,3730.2000,3730.4000,3730.6000,3730.8000,3731.0000,1,1,1,2,2,5,2,6,2,1
SF,IF2005,2020-04-13 10:28:53.100,3729.8000,10564,0,3000762300.000,0,-,-,-,-,3729.0000,3728.8000,3728.2000,3728.0000,3727.4000,3730.0000,3730.2000,3730.4000,3730.6000,3730.8000,1,1,1,2,2,1,5,2,5,2
SF,IF2005,2020-04-13 10:28:53.600,3729.8000,10564,0,3000762300.000,0,-,-,-,-,3729.2000,3729.0000,3728.8000,3728.2000,3728.0000,3730.0000,3730.4000,3730.8000,3731.0000,3731.6000,1,1,1,1,2,1,2,2,1,3
SF,IF2005,2020-04-13 10:28:54.100,3729.8000,10564,0,3000762300.000,0,-,-,-,-,3729.0000,3728.8000,3728.2000,3728.0000,3727.4000,3730.4000,3730.8000,3731.0000,3731.6000,3733.0000,1,1,1,2,2,2,1,1,3,1
SF,IF2005,2020-04-13 10:28:54.600,3729.8000,10564,0,3000762300.000,0,-,-,-,-,3729.0000,3728.8000,3728.2000,3728.0000,3727.4000,3730.4000,3730.8000,3731.0000,3731.6000,3733.0000,1,1,1,2,2,2,1,1,3,1
SF,IF2005,2020-04-13 10:28:55.100,3729.8000,10564,0,3000762300.000,0,-,-,-,-,3729.0000,3728.8000,3728.2000,3728.0000,3727.4000,3730.2000,3730.4000,3731.0000,3731.6000,3733.0000,1,1,1,2,2,1,2,1,3,1
SF,IF2005,2020-04-13 10:28:55.600,3729.2000,10564,0,3001881060.000,1,0,1,多换,S,3729.2000,3729.0000,3728.8000,3728.2000,3728.0000,3730.2000,3730.4000,3731.0000,3731.6000,3733.0000,2,1,1,1,2,2,2,1,3,1
SF,IF2005,2020-04-13 10:28:56.100,3730.2000,10564,0,3003000120.000,1,0,1,多换,S,3729.2000,3729.0000,3728.8000,3728.2000,3728.0000,3730.4000,3731.0000,3731.6000,3733.0000,3735.6000,2,1,1,1,2,2,1,3,1,1
SF,IF2005,2020-04-13 10:28:56.600,3730.2000,10564,0,3003000120.000,0,-,-,-,-,3729.4000,3729.2000,3728.8000,3728.2000,3728.0000,3730.2000,3730.4000,3731.0000,3731.6000,3733.0000,1,2,1,1,2,1,2,1,3,1
SF,IF2005,2020-04-13 10:28:57.100,3730.2000,10564,0,3003000120.000,0,-,-,-,-,3729.4000,3729.2000,3728.8000,3728.2000,3728.0000,3730.2000,3730.4000,3731.0000,3731.6000,3733.0000,1,2,1,1,2,1,2,1,3,1
SF,IF2005,2020-04-13 10:28:57.600,3730.2000,10564,0,3003000120.000,0,-,-,-,-,3729.4000,3729.2000,3729.0000,3728.8000,3728.2000,3730.2000,3730.4000,3731.0000,3731.6000,3733.0000,1,2,2,1,1,1,2,1,3,1
SF,IF2005,2020-04-13 10:28:58.100,3730.2000,10564,0,3003000120.000,0,-,-,-,-,3729.4000,3729.2000,3729.0000,3728.8000,3728.2000,3730.2000,3730.4000,3731.0000,3731.6000,3733.0000,1,2,2,1,1,2,2,1,3,1
SF,IF2005,2020-04-13 10:28:58.600,3730.2000,10564,0,3003000120.000,0,-,-,-,-,3729.4000,3729.2000,3729.0000,3728.8000,3728.2000,3730.4000,3731.0000,3731.6000,3733.0000,3735.6000,1,2,2,1,1,2,1,3,1,1
SF,IF2005,2020-04-13 10:28:59.100,3730.2000,10564,0,3003000120.000,0,-,-,-,-,3729.4000,3729.2000,3729.0000,3728.8000,3728.2000,3730.2000,3730.4000,3731.0000,3731.6000,3733.0000,1,2,2,1,1,1,2,1,3,1
SF,IF2005,2020-04-13 10:28:59.600,3730.2000,10564,0,3003000120.000,0,-,-,-,-,3729.4000,3729.2000,3729.0000,3728.8000,3728.2000,3730.2000,3730.4000,3731.0000,3731.6000,3733.0000,2,2,2,1,1,1,2,1,3,1
SF,IF2005,2020-04-13 10:29:01.100,3730.2000,10565,1,3004119180.000,1,1,0,双开,S,3729.4000,3729.2000,3729.0000,3728.8000,3728.2000,3730.4000,3731.0000,3731.6000,3733.0000,3735.6000,2,2,2,1,1,2,1,3,1,1
SF,IF2005,2020-04-13 10:29:01.600,3730.2000,10565,0,3004119180.000,0,-,-,-,-,3729.4000,3729.2000,3729.0000,3728.8000,3728.2000,3730.4000,3731.0000,3731.6000,3733.0000,3735.6000,2,2,2,1,1,2,1,3,1,1
SF,IF2005,2020-04-13 10:29:03.100,3730.2000,10565,0,3004119180.000,0,-,-,-,-,3729.4000,3729.2000,3729.0000,3728.8000,3728.2000,3730.4000,3731.0000,3731.6000,3733.0000,3735.6000,2,1,2,1,1,1,1,3,1,1
SF,IF2005,2020-04-13 10:29:04.100,3730.2000,10565,0,3004119180.000,0,-,-,-,-,3729.4000,3729.2000,3729.0000,3728.8000,3728.2000,3731.0000,3731.6000,3733.0000,3735.6000,3735.8000,2,1,2,1,1,1,3,1,1,2
SF,IF2005,2020-04-13 10:29:04.600,3730.2000,10565,0,3004119180.000,0,-,-,-,-,3729.4000,3729.2000,3729.0000,3728.8000,3728.2000,3730.4000,3730.8000,3731.0000,3731.6000,3733.0000,2,1,2,1,1,1,7,1,3,1
SF,IF2005,2020-04-13 10:29:05.100,3730.2000,10565,0,3004119180.000,0,-,-,-,-,3729.4000,3729.2000,3729.0000,3728.8000,3728.2000,3730.4000,3730.8000,3731.0000,3731.6000,3733.0000,2,1,2,1,1,1,6,1,3,1
SF,IF2005,2020-04-13 10:29:06.100,3730.4000,10566,1,3005238300.000,1,1,0,双开,S,3729.4000,3729.2000,3729.0000,3728.8000,3728.2000,3730.8000,3731.0000,3731.6000,3733.0000,3735.6000,2,1,2,1,1,6,1,3,1,1
SF,IF2005,2020-04-13 10:29:06.600,3730.4000,10566,0,3005238300.000,0,-,-,-,-,3729.4000,3729.2000,3729.0000,3728.8000,3728.2000,3730.2000,3730.8000,3731.0000,3731.6000,3733.0000,2,1,2,1,1,1,4,1,3,1
SF,IF2005,2020-04-13 10:29:07.100,3730.4000,10566,0,3005238300.000,0,-,-,-,-,3729.4000,3729.2000,3729.0000,3728.8000,3728.2000,3730.2000,3730.6000,3730.8000,3731.0000,3731.6000,2,1,2,1,1,1,6,1,1,3
SF,IF2005,2020-04-13 10:29:07.600,3730.4000,10566,0,3005238300.000,0,-,-,-,-,3729.4000,3729.2000,3729.0000,3728.8000,3728.2000,3730.2000,3730.6000,3730.8000,3731.0000,3731.6000,2,1,2,1,1,1,1,1,1,3
SF,IF2005,2020-04-13 10:29:11.100,3730.4000,10567,1,3006357420.000,1,1,0,双开,S,3729.4000,3729.2000,3729.0000,3728.8000,3728.2000,3730.6000,3730.8000,3731.0000,3731.6000,3733.0000,2,1,2,1,1,1,1,1,3,1
SF,IF2005,2020-04-13 10:29:11.600,3730.4000,10567,0,3006357420.000,0,-,-,-,-,3729.4000,3729.2000,3729.0000,3728.8000,3728.2000,3730.4000,3730.6000,3730.8000,3731.0000,3731.6000,2,1,2,1,1,5,1,1,1,3
SF,IF2005,2020-04-13 10:29:12.100,3730.4000,10567,0,3006357420.000,0,-,-,-,-,3729.4000,3729.2000,3729.0000,3728.8000,3728.2000,3730.4000,3730.6000,3730.8000,3731.0000,3731.6000,2,1,2,1,1,1,1,1,1,3
SF,IF2005,2020-04-13 10:29:12.600,3730.4000,10567,0,3006357420.000,0,-,-,-,-,3729.4000,3729.2000,3729.0000,3728.8000,3728.2000,3730.6000,3730.8000,3731.0000,3731.6000,3733.0000,2,1,2,1,1,1,1,1,3,1
SF,IF2005,2020-04-13 10:29:13.600,3730.4000,10567,0,3006357420.000,0,-,-,-,-,3729.4000,3729.2000,3729.0000,3728.8000,3728.2000,3730.4000,3730.6000,3730.8000,3731.0000,3731.6000,2,1,2,1,1,1,1,1,1,3
SF,IF2005,2020-04-13 10:29:14.100,3730.4000,10567,0,3006357420.000,0,-,-,-,-,3729.6000,3729.4000,3729.0000,3728.8000,3728.2000,3730.4000,3730.6000,3730.8000,3731.0000,3731.6000,2,2,2,1,1,1,1,1,1,3
SF,IF2005,2020-04-13 10:29:15.100,3730.4000,10568,1,3007476540.000,1,1,0,双开,S,3729.6000,3729.4000,3729.0000,3728.8000,3728.2000,3730.6000,3730.8000,3731.0000,3731.6000,3732.0000,2,2,2,1,1,1,1,1,3,1
SF,IF2005,2020-04-13 10:29:15.600,3730.4000,10568,0,3007476540.000,0,-,-,-,-,3730.4000,3729.8000,3729.6000,3729.4000,3729.0000,3731.0000,3731.6000,3732.0000,3733.0000,3735.6000,2,1,2,1,2,1,3,1,1,1
SF,IF2005,2020-04-13 10:29:16.100,3730.8000,10570,2,3009714900.000,2,2,0,双开,S,3730.4000,3729.8000,3729.6000,3729.4000,3729.0000,3730.8000,3731.0000,3731.6000,3732.0000,3733.0000,1,1,2,1,2,4,1,3,1,1
SF,IF2005,2020-04-13 10:29:16.600,3730.8000,10570,0,3009714900.000,0,-,-,-,-,3730.4000,3729.8000,3729.6000,3729.4000,3729.0000,3731.0000,3731.6000,3732.0000,3733.0000,3735.6000,1,1,1,1,2,1,3,1,1,1
SF,IF2005,2020-04-13 10:29:17.100,3730.4000,10571,1,3010834020.000,1,1,0,双开,S,3729.8000,3729.6000,3729.4000,3729.0000,3728.8000,3730.6000,3731.0000,3731.6000,3732.0000,3733.0000,1,1,1,2,1,5,1,3,1,1
SF,IF2005,2020-04-13 10:29:17.600,3730.4000,10571,0,3010834020.000,0,-,-,-,-,3729.8000,3729.6000,3729.4000,3729.0000,3728.8000,3731.0000,3731.6000,3732.0000,3733.0000,3735.6000,1,1,1,1,1,1,3,1,1,1
SF,IF2005,2020-04-13 10:29:18.100,3730.4000,10571,0,3010834020.000,0,-,-,-,-,3729.8000,3729.6000,3729.4000,3729.0000,3728.8000,3730.4000,3731.0000,3731.6000,3732.0000,3733.0000,1,1,1,1,1,1,1,3,1,1
SF,IF2005,2020-04-13 10:29:18.600,3730.4000,10571,0,3010834020.000,0,-,-,-,-,3729.8000,3729.6000,3729.4000,3729.0000,3728.8000,3730.8000,3731.0000,3731.6000,3732.0000,3733.0000,1,1,1,1,1,2,1,3,1,1
SF,IF2005,2020-04-13 10:29:19.600,3730.4000,10571,0,3010834020.000,0,-,-,-,-,3729.8000,3729.6000,3729.4000,3729.0000,3728.8000,3730.6000,3731.0000,3731.6000,3732.0000,3733.0000,1,1,1,1,1,3,1,3,1,1
SF,IF2005,2020-04-13 10:29:20.100,3729.8000,10571,0,3011952960.000,1,0,1,多换,S,3729.6000,3729.4000,3729.0000,3728.8000,3728.2000,3730.4000,3730.6000,3731.0000,3731.6000,3732.0000,1,1,1,1,1,4,2,1,3,1
SF,IF2005,2020-04-13 10:29:20.600,3729.6000,10572,1,3013071840.000,1,1,0,双开,S,3729.4000,3729.0000,3728.8000,3728.2000,3728.0000,3730.2000,3730.4000,3730.6000,3731.0000,3731.6000,1,1,1,1,2,6,5,2,1,3
SF,IF2005,2020-04-13 10:29:21.100,3730.2000,10573,1,3014190900.000,1,1,0,双开,S,3729.4000,3729.0000,3728.8000,3728.2000,3728.0000,3730.2000,3730.4000,3731.0000,3731.6000,3732.0000,1,1,1,1,2,3,4,1,3,1
SF,IF2005,2020-04-13 10:29:21.600,3730.2000,10573,0,3014190900.000,0,-,-,-,-,3729.4000,3729.0000,3728.8000,3728.2000,3728.0000,3730.0000,3730.2000,3730.4000,3731.0000,3731.6000,1,1,1,1,2,1,2,4,1,3
SF,IF2005,2020-04-13 10:29:22.100,3730.2000,10573,0,3014190900.000,0,-,-,-,-,3729.4000,3729.0000,3728.8000,3728.2000,3728.0000,3730.0000,3730.2000,3730.4000,3731.0000,3731.6000,1,1,1,1,2,2,1,4,1,3
SF,IF2005,2020-04-13 10:29:22.600,3730.2000,10573,0,3014190900.000,0,-,-,-,-,3729.4000,3729.0000,3728.8000,3728.2000,3728.0000,3730.0000,3730.2000,3730.4000,3731.0000,3731.6000,1,1,1,1,2,2,1,4,1,3
SF,IF2005,2020-04-13 10:29:23.600,3730.2000,10573,0,3014190900.000,0,-,-,-,-,3729.4000,3729.0000,3728.8000,3728.2000,3728.0000,3730.0000,3730.2000,3730.4000,3731.0000,3731.6000,1,1,1,1,1,2,1,4,1,3
SF,IF2005,2020-04-13 10:29:26.100,3730.2000,10573,0,3015309960.000,1,0,1,多换,S,3729.4000,3729.0000,3728.8000,3728.2000,3728.0000,3730.0000,3730.2000,3730.4000,3731.0000,3731.6000,1,1,1,1,1,1,1,4,1,3
SF,IF2005,2020-04-13 10:29:29.600,3730.2000,10573,0,3015309960.000,0,-,-,-,-,3729.4000,3729.0000,3728.8000,3728.2000,3728.0000,3730.0000,3730.2000,3730.4000,3731.0000,3731.6000,1,1,1,1,1,1,1,4,1,3
SF,IF2005,2020-04-13 10:29:30.600,3730.2000,10573,0,3015309960.000,0,-,-,-,-,3729.4000,3729.0000,3728.8000,3728.2000,3728.0000,3730.2000,3730.4000,3731.0000,3731.6000,3732.0000,1,1,1,1,1,1,4,1,3,1
SF,IF2005,2020-04-13 10:29:31.100,3730.2000,10574,1,3016429020.000,1,1,0,双开,S,3729.4000,3729.0000,3728.8000,3728.2000,3728.0000,3730.0000,3730.2000,3730.4000,3731.0000,3731.6000,1,1,1,1,1,4,2,4,1,3
SF,IF2005,2020-04-13 10:29:31.600,3730.2000,10574,0,3016429020.000,0,-,-,-,-,3729.4000,3729.0000,3728.8000,3728.2000,3728.0000,3730.0000,3730.2000,3731.0000,3731.6000,3732.0000,1,1,1,1,1,1,1,1,3,1
SF,IF2005,2020-04-13 10:29:32.100,3729.6000,10575,1,3017547900.000,1,1,0,双开,S,3729.4000,3729.0000,3728.8000,3728.2000,3728.0000,3730.0000,3730.2000,3731.0000,3731.6000,3732.0000,1,1,1,1,1,2,1,1,3,1
SF,IF2005,2020-04-13 10:29:32.600,3729.6000,10575,0,3017547900.000,0,-,-,-,-,3729.4000,3729.0000,3728.8000,3728.2000,3728.0000,3730.2000,3731.0000,3731.6000,3732.0000,3733.0000,1,1,1,1,1,1,1,3,1,1
SF,IF2005,2020-04-13 10:29:33.100,3729.6000,10575,0,3017547900.000,0,-,-,-,-,3729.4000,3729.0000,3728.8000,3728.2000,3728.0000,3730.2000,3731.0000,3731.6000,3732.0000,3733.0000,1,1,1,1,1,2,1,3,1,1
SF,IF2005,2020-04-13 10:29:33.600,3729.6000,10575,0,3017547900.000,0,-,-,-,-,3729.4000,3729.0000,3728.8000,3728.2000,3728.0000,3730.0000,3730.2000,3731.0000,3731.6000,3732.0000,1,1,1,1,1,1,2,1,3,1
SF,IF2005,2020-04-13 10:29:34.100,3729.6000,10575,0,3017547900.000,0,-,-,-,-,3729.4000,3729.0000,3728.8000,3728.2000,3728.0000,3730.0000,3730.2000,3731.0000,3731.6000,3732.0000,1,1,1,1,1,2,1,1,3,1
SF,IF2005,2020-04-13 10:29:35.600,3729.6000,10575,0,3017547900.000,0,-,-,-,-,3729.4000,3729.0000,3728.8000,3728.2000,3728.0000,3730.0000,3730.2000,3731.0000,3731.6000,3732.0000,1,1,1,1,1,1,1,1,3,1
SF,IF2005,2020-04-13 10:29:36.100,3730.0000,10575,0,3018666900.000,1,0,1,多换,S,3729.4000,3729.0000,3728.8000,3728.2000,3728.0000,3730.0000,3730.2000,3731.0000,3731.6000,3732.0000,1,1,1,1,1,1,1,1,3,1
SF,IF2005,2020-04-13 10:29:36.600,3730.0000,10575,0,3018666900.000,0,-,-,-,-,3729.6000,3729.4000,3729.0000,3728.8000,3728.2000,3730.2000,3731.0000,3731.6000,3732.0000,3733.0000,1,1,1,1,1,1,1,3,1,1
SF,IF2005,2020-04-13 10:29:37.100,3729.6000,10575,0,3019785780.000,1,0,1,多换,S,3729.4000,3729.0000,3728.8000,3728.2000,3728.0000,3730.2000,3731.0000,3731.6000,3732.0000,3733.0000,1,1,1,1,1,1,1,3,1,1
SF,IF2005,2020-04-13 10:29:37.600,3729.6000,10575,0,3019785780.000,0,-,-,-,-,3729.4000,3729.0000,3728.8000,3728.2000,3728.0000,3731.0000,3731.6000,3732.0000,3733.0000,3735.6000,1,1,1,1,1,1,3,1,1,1
SF,IF2005,2020-04-13 10:29:38.100,3729.6000,10575,0,3019785780.000,0,-,-,-,-,3729.6000,3729.4000,3729.0000,3728.8000,3728.2000,3730.0000,3730.6000,3730.8000,3731.0000,3731.6000,1,1,1,1,1,1,1,8,4,3
SF,IF2005,2020-04-13 10:29:38.600,3729.6000,10575,0,3019785780.000,0,-,-,-,-,3729.6000,3729.4000,3729.0000,3728.8000,3728.2000,3730.6000,3730.8000,3731.0000,3731.6000,3732.0000,1,1,1,1,1,1,6,4,3,1
SF,IF2005,2020-04-13 10:29:39.100,3729.6000,10575,0,3019785780.000,0,-,-,-,-,3729.6000,3729.4000,3729.0000,3728.8000,3728.2000,3730.4000,3730.6000,3730.8000,3731.0000,3731.6000,1,1,1,1,1,1,1,6,4,3
SF,IF2005,2020-04-13 10:29:39.600,3729.6000,10575,0,3019785780.000,0,-,-,-,-,3729.6000,3729.4000,3729.0000,3728.8000,3728.2000,3730.4000,3730.6000,3730.8000,3731.0000,3731.6000,1,1,1,1,1,2,1,6,4,3
SF,IF2005,2020-04-13 10:29:41.100,3730.4000,10575,0,3020904900.000,1,0,1,多换,S,3729.6000,3729.4000,3729.0000,3728.8000,3728.2000,3730.6000,3730.8000,3731.0000,3731.6000,3732.0000,1,1,1,1,1,1,6,4,3,1
SF,IF2005,2020-04-13 10:29:42.100,3730.4000,10575,0,3020904900.000,0,-,-,-,-,3729.8000,3729.6000,3729.4000,3729.0000,3728.8000,3730.4000,3730.6000,3730.8000,3731.0000,3731.6000,1,1,1,1,1,1,1,6,4,3
SF,IF2005,2020-04-13 10:29:42.600,3730.4000,10575,0,3020904900.000,0,-,-,-,-,3729.8000,3729.6000,3729.4000,3729.0000,3728.8000,3730.4000,3730.6000,3730.8000,3731.0000,3731.6000,1,1,1,1,1,1,1,1,4,3
SF,IF2005,2020-04-13 10:29:43.600,3730.4000,10575,0,3020904900.000,0,-,-,-,-,3729.8000,3729.6000,3729.4000,3729.0000,3728.8000,3730.2000,3730.6000,3730.8000,3731.0000,3731.6000,1,1,1,1,1,4,1,1,4,3
SF,IF2005,2020-04-13 10:29:44.600,3729.8000,10575,0,3022023840.000,1,0,1,多换,S,3729.6000,3729.4000,3729.0000,3728.8000,3728.2000,3730.2000,3730.6000,3730.8000,3731.0000,3731.6000,1,1,1,1,1,4,1,1,4,3
SF,IF2005,2020-04-13 10:29:45.600,3729.8000,10575,0,3022023840.000,0,-,-,-,-,3729.6000,3729.4000,3729.0000,3728.8000,3728.2000,3730.6000,3730.8000,3731.0000,3731.6000,3732.0000,1,1,1,1,1,1,1,4,3,1
SF,IF2005,2020-04-13 10:29:46.100,3730.4000,10576,1,3023142960.000,1,1,0,双开,S,3729.6000,3729.4000,3729.0000,3728.8000,3728.2000,3730.4000,3730.6000,3731.0000,3731.6000,3732.0000,1,1,1,1,1,4,1,1,3,1
SF,IF2005,2020-04-13 10:29:47.100,3730.4000,10576,0,3023142960.000,0,-,-,-,-,3729.6000,3729.4000,3729.0000,3728.8000,3728.2000,3730.2000,3730.4000,3730.6000,3731.0000,3731.6000,1,1,1,1,1,1,1,1,1,3
SF,IF2005,2020-04-13 10:29:51.100,3730.4000,10577,1,3024262080.000,1,1,0,双开,S,3729.6000,3729.4000,3729.0000,3728.8000,3728.2000,3730.4000,3730.6000,3731.0000,3731.6000,3732.0000,1,1,1,1,1,1,1,1,3,1
SF,IF2005,2020-04-13 10:29:51.600,3730.4000,10577,0,3024262080.000,0,-,-,-,-,3729.8000,3729.6000,3729.4000,3729.0000,3728.8000,3730.4000,3730.6000,3731.0000,3731.6000,3732.0000,1,1,1,1,1,1,1,1,3,1
SF,IF2005,2020-04-13 10:29:55.600,3729.8000,10578,1,3025381020.000,1,1,0,双开,S,3729.6000,3729.4000,3729.0000,3728.8000,3728.2000,3730.0000,3730.4000,3730.6000,3731.0000,3731.6000,1,1,1,1,1,5,1,1,1,3
SF,IF2005,2020-04-13 10:29:56.100,3730.4000,10578,0,3026500140.000,1,0,1,多换,S,3729.6000,3729.4000,3729.0000,3728.8000,3728.2000,3730.6000,3731.0000,3731.6000,3732.0000,3733.0000,1,1,1,1,1,1,1,3,1,1
SF,IF2005,2020-04-13 10:29:56.600,3730.4000,10578,0,3026500140.000,0,-,-,-,-,3729.6000,3729.4000,3729.0000,3728.8000,3728.2000,3730.4000,3730.6000,3731.0000,3731.6000,3732.0000,1,1,1,1,1,4,4,1,3,1
SF,IF2005,2020-04-13 10:29:57.100,3730.4000,10578,0,3026500140.000,0,-,-,-,-,3729.6000,3729.4000,3729.0000,3728.8000,3728.2000,3730.2000,3730.4000,3730.6000,3731.0000,3731.6000,1,1,1,1,1,5,6,4,1,3
SF,IF2005,2020-04-13 10:29:57.600,3730.4000,10578,0,3026500140.000,0,-,-,-,-,3729.6000,3729.4000,3729.0000,3728.8000,3728.2000,3730.4000,3730.6000,3731.0000,3731.6000,3732.0000,1,1,1,1,1,5,4,1,3,1
SF,IF2005,2020-04-13 10:29:58.100,3730.4000,10578,0,3026500140.000,0,-,-,-,-,3729.6000,3729.4000,3729.0000,3728.8000,3728.2000,3730.0000,3730.2000,3730.4000,3730.6000,3731.0000,1,1,1,1,1,1,1,4,4,1
SF,IF2005,2020-04-13 10:29:58.600,3730.4000,10578,0,3026500140.000,0,-,-,-,-,3729.6000,3729.4000,3729.0000,3728.8000,3728.2000,3730.0000,3730.2000,3730.4000,3730.6000,3731.0000,1,1,1,1,1,1,6,4,4,1
SF,IF2005,2020-04-13 10:29:59.100,3729.6000,10579,1,3027619020.000,1,1,0,双开,S,3729.4000,3729.0000,3728.8000,3728.2000,3728.0000,3730.0000,3730.2000,3730.4000,3730.6000,3731.0000,1,1,1,1,1,1,6,4,4,1
SF,IF2005,2020-04-13 10:30:00.100,3729.6000,10579,0,3027619020.000,0,-,-,-,-,3729.4000,3729.0000,3728.8000,3728.2000,3728.0000,3730.0000,3730.2000,3730.4000,3730.6000,3731.0000,1,1,1,1,1,1,5,4,4,1
SF,IF2005,2020-04-13 10:30:01.100,3730.0000,10580,1,3028738020.000,1,1,0,双开,S,3729.4000,3729.0000,3728.8000,3728.2000,3728.0000,3730.2000,3730.4000,3730.6000,3731.0000,3731.6000,1,1,1,1,1,5,4,3,1,3
SF,IF2005,2020-04-13 10:30:01.600,3729.4000,10580,0,3029856840.000,1,0,1,多换,S,3729.0000,3728.8000,3728.2000,3728.0000,3727.4000,3730.2000,3730.4000,3730.6000,3731.0000,3731.6000,1,1,1,1,2,5,4,3,1,3
SF,IF2005,2020-04-13 10:30:02.100,3729.4000,10580,0,3029856840.000,0,-,-,-,-,3729.2000,3729.0000,3728.8000,3728.2000,3728.0000,3730.0000,3730.2000,3730.4000,3731.0000,3731.6000,1,1,1,1,1,1,5,4,1,3
SF,IF2005,2020-04-13 10:30:04.100,3729.4000,10580,0,3029856840.000,0,-,-,-,-,3729.2000,3729.0000,3728.8000,3728.2000,3728.0000,3730.2000,3730.4000,3731.0000,3731.6000,3732.0000,1,1,1,1,1,5,4,1,3,1
SF,IF2005,2020-04-13 10:30:04.600,3729.2000,10580,0,3030975600.000,1,0,1,多换,S,3729.0000,3728.8000,3728.2000,3728.0000,3727.4000,3730.0000,3730.2000,3730.4000,3731.0000,3731.6000,1,1,1,1,2,5,6,4,1,3
SF,IF2005,2020-04-13 10:30:05.100,3729.2000,10580,0,3030975600.000,0,-,-,-,-,3729.0000,3728.8000,3728.2000,3728.0000,3727.4000,3730.2000,3730.4000,3731.0000,3731.6000,3732.0000,1,1,1,1,2,6,4,1,3,1
SF,IF2005,2020-04-13 10:30:05.600,3729.2000,10580,0,3030975600.000,0,-,-,-,-,3729.0000,3728.8000,3728.2000,3728.0000,3727.4000,3730.0000,3730.2000,3730.4000,3731.0000,3731.6000,1,1,1,1,2,1,9,4,1,3
SF,IF2005,2020-04-13 10:30:06.100,3730.0000,10580,0,3032094600.000,1,0,1,多换,S,3729.0000,3728.8000,3728.2000,3728.0000,3727.4000,3730.2000,3730.4000,3731.0000,3731.6000,3732.0000,1,1,1,1,2,6,4,1,3,1
SF,IF2005,2020-04-13 10:30:06.600,3730.0000,10580,0,3032094600.000,0,-,-,-,-,3729.2000,3729.0000,3728.8000,3728.2000,3728.0000,3730.2000,3730.4000,3731.0000,3731.6000,3732.0000,1,1,1,1,1,10,4,1,3,1
SF,IF2005,2020-04-13 10:30:07.100,3730.0000,10580,0,3032094600.000,0,-,-,-,-,3729.2000,3729.0000,3728.8000,3728.2000,3728.0000,3730.2000,3730.4000,3731.0000,3731.6000,3732.0000,1,1,1,1,1,10,4,1,3,1
SF,IF2005,2020-04-13 10:30:07.600,3729.2000,10580,0,3033213360.000,1,0,1,多换,S,3729.0000,3728.8000,3728.2000,3728.0000,3727.4000,3730.2000,3730.4000,3731.0000,3731.6000,3732.0000,1,1,1,1,2,6,4,1,3,1
SF,IF2005,2020-04-13 10:30:08.100,3729.2000,10580,0,3033213360.000,0,-,-,-,-,3729.0000,3728.8000,3728.2000,3728.0000,3727.4000,3730.0000,3730.2000,3730.4000,3731.0000,3731.6000,1,1,1,1,2,4,5,4,1,3
SF,IF2005,2020-04-13 10:30:08.600,3729.2000,10580,0,3033213360.000,0,-,-,-,-,3729.0000,3728.8000,3728.2000,3728.0000,3727.4000,3730.0000,3730.2000,3730.4000,3731.0000,3731.6000,1,1,1,1,2,5,5,4,1,3
SF,IF2005,2020-04-13 10:30:11.100,3729.8000,10581,1,3034332300.000,1,1,0,双开,S,3729.0000,3728.8000,3728.2000,3728.0000,3727.4000,3729.8000,3730.0000,3730.2000,3730.4000,3731.0000,1,1,1,1,2,2,1,5,4,1
SF,IF2005,2020-04-13 10:30:11.600,3729.8000,10581,0,3034332300.000,0,-,-,-,-,3729.0000,3728.8000,3728.2000,3728.0000,3727.4000,3729.8000,3730.0000,3730.4000,3731.0000,3731.6000,1,1,1,1,2,2,1,4,1,3
SF,IF2005,2020-04-13 10:30:12.100,3729.2000,10580,-1,3035451060.000,1,0,1,双平,S,3729.0000,3728.8000,3728.2000,3728.0000,3727.4000,3729.8000,3730.0000,3730.4000,3731.0000,3731.6000,1,1,1,1,2,2,1,4,1,3
SF,IF2005,2020-04-13 10:30:12.600,3729.2000,10580,0,3035451060.000,0,-,-,-,-,3729.0000,3728.8000,3728.2000,3728.0000,3727.4000,3730.0000,3730.4000,3731.0000,3731.6000,3732.0000,1,1,1,1,2,1,4,1,3,1
SF,IF2005,2020-04-13 10:30:13.100,3729.2000,10580,0,3035451060.000,0,-,-,-,-,3729.0000,3728.8000,3728.2000,3728.0000,3727.4000,3730.0000,3730.4000,3731.0000,3731.6000,3732.0000,2,1,1,1,2,1,4,1,3,1
SF,IF2005,2020-04-13 10:30:14.100,3729.2000,10580,0,3035451060.000,0,-,-,-,-,3729.0000,3728.8000,3728.2000,3728.0000,3727.4000,3729.6000,3729.8000,3730.0000,3730.4000,3731.0000,2,1,1,1,2,5,6,1,4,1
SF,IF2005,2020-04-13 10:30:14.600,3729.2000,10580,0,3035451060.000,0,-,-,-,-,3729.0000,3728.8000,3728.2000,3728.0000,3727.4000,3729.8000,3730.0000,3730.4000,3731.0000,3731.6000,2,1,1,1,2,1,1,4,1,3
SF,IF2005,2020-04-13 10:30:15.600,3729.2000,10580,0,3035451060.000,0,-,-,-,-,3729.2000,3729.0000,3728.8000,3728.2000,3728.0000,3729.8000,3730.0000,3730.4000,3731.0000,3731.6000,2,2,1,1,1,1,1,4,1,3
SF,IF2005,2020-04-13 10:30:16.100,3729.8000,10580,0,3036570000.000,1,0,1,多换,S,3729.2000,3729.0000,3728.8000,3728.2000,3728.0000,3730.0000,3730.4000,3731.0000,3731.6000,3732.0000,2,2,1,1,1,1,4,1,3,1
SF,IF2005,2020-04-13 10:30:20.600,3729.8000,10580,0,3036570000.000,0,-,-,-,-,3729.0000,3728.8000,3728.2000,3728.0000,3727.4000,3730.0000,3730.4000,3731.0000,3731.6000,3732.0000,2,1,1,1,2,1,4,1,3,1
SF,IF2005,2020-04-13 10:30:21.100,3730.0000,10581,1,3037689000.000,1,1,0,双开,S,3729.8000,3729.0000,3728.8000,3728.2000,3728.0000,3730.4000,3731.0000,3731.6000,3732.0000,3733.0000,2,2,1,1,1,4,1,3,1,1
SF,IF2005,2020-04-13 10:30:21.600,3729.8000,10582,1,3039926880.000,2,1,1,空开,S,3729.0000,3728.8000,3728.2000,3728.0000,3727.4000,3730.0000,3730.2000,3730.4000,3731.0000,3731.6000,2,1,1,1,2,5,8,4,1,3
SF,IF2005,2020-04-13 10:30:22.100,3729.8000,10582,0,3039926880.000,0,-,-,-,-,3729.0000,3728.8000,3728.2000,3728.0000,3727.4000,3730.0000,3730.2000,3731.0000,3731.6000,3732.0000,2,1,1,1,2,10,13,1,3,1
SF,IF2005,2020-04-13 10:30:22.600,3729.8000,10582,0,3039926880.000,0,-,-,-,-,3729.0000,3728.8000,3728.2000,3728.0000,3727.4000,3729.8000,3730.0000,3730.2000,3731.0000,3731.6000,2,1,1,1,2,4,10,13,1,3
SF,IF2005,2020-04-13 10:30:23.600,3729.8000,10582,0,3039926880.000,0,-,-,-,-,3729.0000,3728.8000,3728.2000,3728.0000,3727.4000,3729.8000,3730.0000,3730.2000,3731.0000,3731.6000,2,1,1,1,2,5,10,13,1,3
SF,IF2005,2020-04-13 10:30:24.100,3729.0000,10583,1,3041045580.000,1,1,0,双开,S,3729.0000,3728.8000,3728.2000,3728.0000,3727.4000,3729.8000,3730.0000,3730.2000,3731.0000,3731.6000,1,1,1,1,2,5,10,13,1,3
SF,IF2005,2020-04-13 10:30:24.600,3729.0000,10583,0,3042164280.000,1,0,1,多换,S,3728.8000,3728.2000,3728.0000,3727.4000,3727.0000,3729.8000,3730.0000,3730.2000,3731.0000,3731.6000,1,1,1,2,2,4,10,13,1,3
SF,IF2005,2020-04-13 10:30:25.600,3729.0000,10583,0,3042164280.000,0,-,-,-,-,3728.8000,3728.2000,3728.0000,3727.4000,3727.0000,3730.2000,3731.0000,3731.6000,3732.0000,3733.0000,1,1,1,2,2,3,1,3,1,1
SF,IF2005,2020-04-13 10:30:26.100,3730.0000,10583,0,3043283280.000,1,0,1,多换,S,3728.8000,3728.2000,3728.0000,3727.4000,3727.0000,3730.0000,3730.2000,3731.0000,3731.6000,3732.0000,1,1,1,2,2,4,3,1,3,1
SF,IF2005,2020-04-13 10:30:26.600,3730.0000,10583,0,3043283280.000,0,-,-,-,-,3729.0000,3728.8000,3728.2000,3728.0000,3727.4000,3730.0000,3730.2000,3731.0000,3731.6000,3732.0000,1,1,1,1,2,4,3,1,3,1
SF,IF2005,2020-04-13 10:30:27.100,3730.0000,10583,0,3043283280.000,0,-,-,-,-,3729.0000,3728.8000,3728.2000,3728.0000,3727.4000,3729.8000,3730.0000,3730.2000,3731.0000,3731.6000,1,1,1,1,2,5,6,1,1,3
SF,IF2005,2020-04-13 10:30:28.600,3730.0000,10583,0,3043283280.000,0,-,-,-,-,3729.0000,3728.8000,3728.2000,3728.0000,3727.4000,3729.8000,3730.0000,3730.2000,3731.0000,3731.6000,1,1,1,1,2,5,4,1,1,3
SF,IF2005,2020-04-13 10:30:30.100,3730.0000,10583,0,3043283280.000,0,-,-,-,-,3729.0000,3728.8000,3728.2000,3728.0000,3727.4000,3729.8000,3730.0000,3730.2000,3731.6000,3732.0000,1,1,1,1,2,5,4,1,3,1
SF,IF2005,2020-04-13 10:30:31.100,3730.0000,10584,1,3044402280.000,1,1,0,双开,S,3729.0000,3728.8000,3728.2000,3728.0000,3727.4000,3730.0000,3730.2000,3731.6000,3732.0000,3733.0000,1,1,1,1,2,3,1,3,1,1
SF,IF2005,2020-04-13 10:30:31.600,3730.0000,10584,0,3044402280.000,0,-,-,-,-,3729.0000,3728.8000,3728.2000,3728.0000,3727.4000,3729.6000,3729.8000,3730.0000,3730.2000,3731.6000,1,1,1,1,2,5,5,3,1,3
SF,IF2005,2020-04-13 10:30:32.100,3730.0000,10584,0,3044402280.000,0,-,-,-,-,3729.0000,3728.8000,3728.2000,3728.0000,3727.4000,3729.6000,3729.8000,3730.0000,3731.6000,3732.0000,1,1,1,1,2,5,5,3,3,1
SF,IF2005,2020-04-13 10:30:33.600,3730.0000,10584,0,3044402280.000,0,-,-,-,-,3729.0000,3728.8000,3728.2000,3728.0000,3727.4000,3729.4000,3730.0000,3731.6000,3732.0000,3732.4000,1,1,1,1,2,1,3,3,1,2
SF,IF2005,2020-04-13 10:30:36.100,3730.0000,10585,1,3045521280.000,1,1,0,双开,S,3729.0000,3728.8000,3728.2000,3728.0000,3727.4000,3730.0000,3731.6000,3732.0000,3732.4000,3733.0000,1,1,1,1,2,3,3,1,2,1
SF,IF2005,2020-04-13 10:30:36.600,3730.0000,10585,0,3045521280.000,0,-,-,-,-,3729.0000,3728.8000,3728.2000,3728.0000,3727.4000,3729.8000,3730.0000,3731.6000,3732.0000,3732.4000,1,1,1,1,2,7,3,3,1,2
SF,IF2005,2020-04-13 10:30:37.100,3730.0000,10585,0,3045521280.000,0,-,-,-,-,3729.0000,3728.8000,3728.2000,3728.0000,3727.4000,3729.8000,3730.0000,3731.6000,3732.0000,3732.4000,1,1,1,1,2,12,3,3,1,2
SF,IF2005,2020-04-13 10:30:39.100,3730.0000,10585,0,3045521280.000,0,-,-,-,-,3729.0000,3728.8000,3728.2000,3728.0000,3727.4000,3729.8000,3730.0000,3730.8000,3731.6000,3732.0000,1,1,1,1,2,7,3,1,3,1
SF,IF2005,2020-04-13 10:30:40.100,3730.0000,10585,0,3045521280.000,0,-,-,-,-,3729.0000,3728.8000,3728.2000,3728.0000,3727.4000,3729.8000,3730.0000,3730.8000,3731.6000,3732.0000,1,1,1,1,2,7,3,1,3,1
SF,IF2005,2020-04-13 10:30:41.100,3730.0000,10586,1,3046640280.000,1,1,0,双开,S,3729.0000,3728.8000,3728.2000,3728.0000,3727.4000,3729.8000,3730.0000,3730.8000,3731.6000,3732.0000,1,1,1,1,2,6,3,1,3,1
SF,IF2005,2020-04-13 10:30:41.600,3730.0000,10586,0,3046640280.000,0,-,-,-,-,3729.0000,3728.8000,3728.2000,3728.0000,3727.4000,3729.8000,3730.0000,3730.8000,3731.6000,3732.0000,1,1,1,1,2,2,3,1,3,1
SF,IF2005,2020-04-13 10:30:42.600,3730.0000,10586,0,3046640280.000,0,-,-,-,-,3729.0000,3728.8000,3728.2000,3728.0000,3727.4000,3729.8000,3730.0000,3730.8000,3731.6000,3732.0000,1,1,1,1,2,2,3,1,3,1
SF,IF2005,2020-04-13 10:30:43.100,3730.0000,10586,0,3046640280.000,0,-,-,-,-,3729.0000,3728.8000,3728.2000,3728.0000,3727.4000,3729.8000,3730.0000,3730.8000,3731.6000,3732.0000,1,1,1,1,2,2,3,1,3,1
SF,IF2005,2020-04-13 10:30:43.600,3729.8000,10587,1,3047759220.000,1,1,0,双开,S,3729.0000,3728.8000,3728.2000,3728.0000,3727.4000,3729.8000,3730.0000,3730.8000,3731.6000,3732.0000,1,1,1,1,2,1,3,1,3,1
SF,IF2005,2020-04-13 10:30:44.100,3729.8000,10587,0,3047759220.000,0,-,-,-,-,3729.0000,3728.8000,3728.2000,3728.0000,3727.4000,3729.8000,3730.0000,3730.8000,3731.6000,3732.0000,1,1,1,1,2,2,3,1,3,1
SF,IF2005,2020-04-13 10:30:44.600,3729.8000,10587,0,3047759220.000,0,-,-,-,-,3729.0000,3728.8000,3728.2000,3728.0000,3727.4000,3729.4000,3729.6000,3729.8000,3730.0000,3730.8000,1,1,1,1,2,4,5,1,3,1
SF,IF2005,2020-04-13 10:30:45.100,3729.8000,10587,0,3047759220.000,0,-,-,-,-,3729.0000,3728.8000,3728.2000,3728.0000,3727.4000,3729.4000,3729.6000,3729.8000,3730.0000,3730.6000,1,1,1,1,2,4,5,1,3,2
SF,IF2005,2020-04-13 10:30:45.600,3729.8000,10587,0,3047759220.000,0,-,-,-,-,3729.0000,3728.8000,3728.2000,3728.0000,3727.4000,3729.4000,3729.6000,3729.8000,3730.0000,3730.6000,1,1,1,1,2,4,5,1,3,2
SF,IF2005,2020-04-13 10:30:46.100,3729.8000,10588,1,3048878160.000,1,1,0,双开,S,3729.0000,3728.8000,3728.2000,3728.0000,3727.4000,3729.4000,3729.6000,3729.8000,3730.0000,3730.6000,1,1,1,1,2,4,5,1,3,2
SF,IF2005,2020-04-13 10:30:46.600,3729.8000,10588,0,3048878160.000,0,-,-,-,-,3729.0000,3728.8000,3728.2000,3728.0000,3727.4000,3729.8000,3730.0000,3730.6000,3730.8000,3731.6000,1,1,1,1,2,1,3,2,1,1
SF,IF2005,2020-04-13 10:30:47.100,3729.8000,10588,0,3048878160.000,0,-,-,-,-,3729.0000,3728.8000,3728.2000,3728.0000,3727.4000,3729.4000,3729.6000,3729.8000,3730.0000,3730.6000,1,1,1,1,2,3,5,1,3,2
SF,IF2005,2020-04-13 10:30:47.600,3729.8000,10588,0,3048878160.000,0,-,-,-,-,3729.0000,3728.8000,3728.2000,3728.0000,3727.4000,3729.4000,3729.6000,3729.8000,3730.0000,3730.6000,1,1,1,1,2,3,5,1,3,2
SF,IF2005,2020-04-13 10:30:48.100,3729.8000,10588,0,3048878160.000,0,-,-,-,-,3729.0000,3728.8000,3728.2000,3728.0000,3727.4000,3729.4000,3729.6000,3729.8000,3730.0000,3730.6000,1,1,1,1,2,4,5,1,3,2
SF,IF2005,2020-04-13 10:30:48.600,3729.8000,10588,0,3048878160.000,0,-,-,-,-,3729.0000,3728.8000,3728.2000,3728.0000,3727.4000,3729.4000,3729.6000,3729.8000,3730.0000,3730.6000,1,1,1,1,2,3,5,1,3,2
SF,IF2005,2020-04-13 10:30:49.100,3729.8000,10588,0,3048878160.000,0,-,-,-,-,3729.0000,3728.8000,3728.2000,3728.0000,3727.4000,3729.4000,3729.6000,3729.8000,3730.0000,3730.6000,1,1,1,1,2,3,5,1,3,2
SF,IF2005,2020-04-13 10:30:49.600,3729.8000,10588,0,3048878160.000,0,-,-,-,-,3729.0000,3728.8000,3728.2000,3728.0000,3727.4000,3729.4000,3729.6000,3729.8000,3730.0000,3730.6000,1,1,1,1,2,3,5,1,3,2
SF,IF2005,2020-04-13 10:30:50.100,3729.8000,10588,0,3048878160.000,0,-,-,-,-,3729.0000,3728.8000,3728.2000,3728.0000,3727.4000,3729.4000,3729.6000,3729.8000,3730.0000,3730.6000,1,1,1,1,2,4,5,1,3,2
SF,IF2005,2020-04-13 10:30:50.600,3729.8000,10588,0,3048878160.000,0,-,-,-,-,3729.0000,3728.8000,3728.2000,3728.0000,3727.4000,3729.2000,3729.4000,3729.6000,3729.8000,3730.0000,1,1,1,1,2,1,4,5,1,3
SF,IF2005,2020-04-13 10:30:51.100,3729.8000,10589,1,3049997100.000,1,1,0,双开,S,3729.0000,3728.8000,3728.2000,3728.0000,3727.4000,3729.4000,3729.6000,3729.8000,3730.0000,3730.6000,1,1,1,1,2,3,5,1,3,2
SF,IF2005,2020-04-13 10:30:51.600,3729.8000,10589,0,3049997100.000,0,-,-,-,-,3729.0000,3728.8000,3728.2000,3728.0000,3727.4000,3729.4000,3729.6000,3729.8000,3730.0000,3730.6000,1,1,1,1,2,3,5,1,3,2
SF,IF2005,2020-04-13 10:30:52.100,3729.8000,10589,0,3049997100.000,0,-,-,-,-,3729.0000,3728.8000,3728.2000,3728.0000,3727.4000,3729.4000,3729.6000,3729.8000,3730.0000,3730.6000,1,1,1,1,2,3,5,1,3,2
SF,IF2005,2020-04-13 10:30:52.600,3729.0000,10589,0,3051115800.000,1,0,1,多换,S,3728.8000,3728.2000,3727.4000,3725.2000,3723.8000,3729.4000,3729.6000,3730.0000,3730.6000,3730.8000,1,1,2,4,1,3,5,3,2,1
SF,IF2005,2020-04-13 10:30:53.100,3729.0000,10589,0,3051115800.000,0,-,-,-,-,3728.8000,3728.2000,3727.4000,3725.2000,3723.8000,3729.2000,3729.4000,3729.6000,3730.0000,3730.6000,1,1,2,4,1,5,3,5,1,2
SF,IF2005,2020-04-13 10:30:53.600,3729.0000,10589,0,3051115800.000,0,-,-,-,-,3728.8000,3728.2000,3727.4000,3725.2000,3723.8000,3729.0000,3729.2000,3729.4000,3729.6000,3730.0000,1,1,2,4,1,1,3,3,5,1
SF,IF2005,2020-04-13 10:30:54.100,3729.0000,10589,0,3051115800.000,0,-,-,-,-,3728.8000,3728.2000,3727.4000,3725.2000,3723.8000,3729.0000,3729.2000,3729.4000,3729.6000,3730.0000,1,1,2,4,1,1,3,3,5,1
SF,IF2005,2020-04-13 10:30:54.600,3729.0000,10589,0,3051115800.000,0,-,-,-,-,3728.8000,3728.2000,3727.4000,3725.2000,3723.8000,3729.0000,3729.4000,3729.6000,3730.0000,3730.6000,1,1,2,4,1,1,3,5,1,2
SF,IF2005,2020-04-13 10:30:55.100,3729.0000,10590,1,3052234500.000,1,1,0,双开,S,3728.8000,3728.2000,3727.4000,3725.2000,3723.8000,3729.0000,3730.0000,3730.6000,3730.8000,3731.6000,1,1,2,4,1,1,1,2,1,1
SF,IF2005,2020-04-13 10:30:55.600,3729.0000,10590,0,3053353200.000,1,0,1,多换,S,3728.8000,3728.2000,3727.4000,3725.2000,3723.8000,3730.0000,3730.6000,3730.8000,3731.6000,3732.0000,1,1,2,4,1,2,2,1,1,1
SF,IF2005,2020-04-13 10:30:56.100,3729.0000,10591,1,3055590840.000,2,1,1,空开,S,3728.8000,3728.2000,3727.4000,3725.2000,3723.8000,3729.8000,3730.0000,3730.6000,3730.8000,3731.6000,1,1,2,4,1,2,2,2,1,1
SF,IF2005,2020-04-13 10:30:56.600,3729.0000,10591,0,3055590840.000,0,-,-,-,-,3728.8000,3728.2000,3727.4000,3725.2000,3723.8000,3729.6000,3729.8000,3730.0000,3730.6000,3730.8000,1,1,2,4,1,4,8,2,2,1
SF,IF2005,2020-04-13 10:30:57.100,3729.0000,10591,0,3055590840.000,0,-,-,-,-,3728.8000,3728.2000,3727.4000,3725.2000,3723.8000,3729.6000,3729.8000,3730.0000,3730.6000,3730.8000,1,1,2,4,1,4,7,2,2,1
SF,IF2005,2020-04-13 10:30:57.600,3729.0000,10591,0,3055590840.000,0,-,-,-,-,3728.8000,3728.2000,3727.4000,3725.2000,3723.8000,3729.6000,3729.8000,3730.0000,3730.6000,3730.8000,1,1,2,4,1,4,7,2,2,1
SF,IF2005,2020-04-13 10:30:58.600,3729.0000,10591,0,3055590840.000,0,-,-,-,-,3728.8000,3728.2000,3727.4000,3725.2000,3723.8000,3729.4000,3729.6000,3729.8000,3730.0000,3730.6000,1,1,2,4,1,1,4,7,2,2
SF,IF2005,2020-04-13 10:30:59.100,3729.0000,10591,0,3055590840.000,0,-,-,-,-,3728.8000,3728.2000,3727.4000,3725.2000,3723.8000,3729.4000,3729.6000,3729.8000,3730.0000,3730.6000,1,1,2,4,1,1,1,2,2,2
SF,IF2005,2020-04-13 10:30:59.600,3729.0000,10591,0,3055590840.000,0,-,-,-,-,3728.8000,3728.2000,3727.4000,3725.2000,3723.8000,3729.6000,3729.8000,3730.0000,3730.6000,3730.8000,1,1,2,4,1,1,2,2,2,1
SF,IF2005,2020-04-13 10:31:01.100,3729.6000,10591,0,3056709720.000,1,0,1,多换,S,3728.8000,3728.2000,3727.4000,3725.2000,3724.0000,3729.8000,3730.0000,3730.6000,3730.8000,3731.6000,1,1,2,4,8,2,2,2,1,1
SF,IF2005,2020-04-13 10:31:01.600,3729.6000,10591,0,3056709720.000,0,-,-,-,-,3728.8000,3728.2000,3727.4000,3725.2000,3724.0000,3729.6000,3729.8000,3730.0000,3730.6000,3730.8000,1,1,2,4,8,3,2,2,2,1
SF,IF2005,2020-04-13 10:31:02.100,3729.6000,10591,0,3056709720.000,0,-,-,-,-,3728.8000,3728.2000,3727.4000,3725.2000,3724.0000,3730.0000,3730.6000,3730.8000,3731.6000,3732.0000,1,1,2,4,8,2,2,1,1,1
SF,IF2005,2020-04-13 10:31:02.600,3729.6000,10591,0,3056709720.000,0,-,-,-,-,3729.0000,3728.8000,3728.2000,3727.4000,3725.2000,3730.0000,3730.6000,3730.8000,3731.6000,3732.0000,5,1,1,2,4,2,2,1,1,1
SF,IF2005,2020-04-13 10:31:03.100,3729.6000,10591,0,3056709720.000,0,-,-,-,-,3729.0000,3728.8000,3728.2000,3727.4000,3725.2000,3730.0000,3730.6000,3730.8000,3731.6000,3732.0000,5,1,1,2,4,2,2,1,1,1
SF,IF2005,2020-04-13 10:31:03.600,3729.6000,10591,0,3056709720.000,0,-,-,-,-,3729.2000,3729.0000,3728.8000,3728.2000,3727.4000,3730.0000,3730.8000,3731.6000,3732.0000,3732.4000,1,4,1,1,2,2,1,1,1,2
SF,IF2005,2020-04-13 10:31:04.100,3730.0000,10592,1,3058947720.000,2,1,1,空开,S,3729.4000,3729.2000,3729.0000,3728.8000,3728.2000,3730.8000,3731.6000,3732.0000,3732.4000,3733.0000,1,1,3,1,2,1,3,1,2,1
SF,IF2005,2020-04-13 10:31:04.600,3730.0000,10592,0,3058947720.000,0,-,-,-,-,3729.4000,3729.0000,3728.8000,3728.2000,3727.4000,3730.2000,3730.4000,3730.6000,3730.8000,3731.6000,1,3,1,2,2,3,7,5,1,3
SF,IF2005,2020-04-13 10:31:06.100,3730.0000,10592,0,3058947720.000,0,-,-,-,-,3729.0000,3728.8000,3728.2000,3727.4000,3725.2000,3729.4000,3729.8000,3730.0000,3730.2000,3730.4000,3,1,2,2,4,5,2,5,3,7
SF,IF2005,2020-04-13 10:31:06.600,3729.4000,10594,2,3064541820.000,5,3,2,空开,S,3729.0000,3728.8000,3728.2000,3727.4000,3725.2000,3730.2000,3730.4000,3730.6000,3730.8000,3731.6000,3,1,2,2,4,3,7,1,1,3
SF,IF2005,2020-04-13 10:31:07.100,3729.4000,10594,0,3064541820.000,0,-,-,-,-,3729.4000,3729.2000,3729.0000,3728.8000,3728.2000,3730.4000,3730.6000,3730.8000,3731.6000,3732.0000,1,1,2,1,2,2,1,1,3,1
SF,IF2005,2020-04-13 10:31:07.600,3729.4000,10594,0,3064541820.000,0,-,-,-,-,3729.4000,3729.2000,3729.0000,3728.8000,3728.2000,3730.6000,3730.8000,3731.6000,3732.0000,3732.4000,2,1,1,1,2,1,1,3,1,2
SF,IF2005,2020-04-13 10:31:08.100,3729.4000,10594,0,3064541820.000,0,-,-,-,-,3729.4000,3729.2000,3729.0000,3728.8000,3728.2000,3730.6000,3730.8000,3731.6000,3732.0000,3732.4000,2,2,1,1,2,1,1,3,1,2
SF,IF2005,2020-04-13 10:31:08.600,3729.4000,10594,0,3064541820.000,0,-,-,-,-,3729.4000,3729.2000,3729.0000,3728.8000,3728.2000,3730.6000,3730.8000,3731.6000,3732.0000,3732.4000,2,1,1,1,2,1,1,3,1,2
SF,IF2005,2020-04-13 10:31:09.100,3729.4000,10594,0,3064541820.000,0,-,-,-,-,3729.4000,3729.2000,3729.0000,3728.8000,3728.2000,3730.2000,3730.4000,3730.6000,3730.8000,3731.6000,2,1,1,1,2,2,6,1,1,3
SF,IF2005,2020-04-13 10:31:09.600,3729.4000,10594,0,3064541820.000,0,-,-,-,-,3729.4000,3729.2000,3729.0000,3728.8000,3728.2000,3730.4000,3730.6000,3730.8000,3731.6000,3732.0000,2,1,1,1,2,1,1,1,3,1
SF,IF2005,2020-04-13 10:31:10.100,3729.4000,10594,0,3064541820.000,0,-,-,-,-,3729.4000,3729.2000,3729.0000,3728.8000,3728.2000,3730.0000,3730.2000,3730.8000,3731.6000,3732.0000,2,1,1,1,2,3,6,1,3,1
SF,IF2005,2020-04-13 10:31:10.600,3729.2000,10594,0,3067898220.000,3,1,2,多换,S,3729.0000,3728.8000,3728.2000,3727.4000,3725.2000,3729.4000,3729.6000,3729.8000,3730.0000,3730.2000,1,1,2,2,4,1,2,6,8,8
SF,IF2005,2020-04-13 10:31:11.100,3729.2000,10594,0,3070135680.000,2,1,1,多换,S,3728.8000,3728.2000,3727.4000,3725.2000,3724.0000,3729.4000,3729.8000,3730.2000,3730.8000,3731.6000,1,2,2,4,8,1,2,1,1,3
SF,IF2005,2020-04-13 10:31:11.600,3729.2000,10594,0,3070135680.000,0,-,-,-,-,3728.8000,3728.2000,3727.4000,3725.2000,3724.0000,3729.2000,3729.4000,3729.8000,3730.2000,3730.8000,1,2,2,4,8,1,1,1,1,1
SF,IF2005,2020-04-13 10:31:12.100,3729.2000,10594,0,3070135680.000,0,-,-,-,-,3728.8000,3728.2000,3727.4000,3725.2000,3724.0000,3729.2000,3729.4000,3730.2000,3730.4000,3730.8000,1,2,2,4,8,4,1,1,2,1
SF,IF2005,2020-04-13 10:31:12.600,3729.2000,10594,0,3070135680.000,0,-,-,-,-,3728.8000,3728.2000,3727.4000,3725.2000,3724.0000,3729.2000,3729.4000,3730.2000,3730.4000,3730.8000,1,2,2,4,8,1,1,1,2,1
SF,IF2005,2020-04-13 10:31:13.600,3729.2000,10594,0,3070135680.000,0,-,-,-,-,3729.0000,3728.8000,3728.2000,3727.4000,3725.2000,3729.2000,3729.4000,3730.2000,3730.4000,3730.8000,1,1,2,2,4,1,1,1,2,1
SF,IF2005,2020-04-13 10:31:14.100,3729.0000,10593,-1,3071254380.000,1,0,1,双平,S,3728.8000,3728.2000,3727.4000,3725.2000,3724.0000,3729.2000,3729.4000,3730.2000,3730.4000,3730.8000,1,2,2,4,8,1,1,1,2,1
SF,IF2005,2020-04-13 10:31:15.600,3729.2000,10593,0,3072373140.000,1,0,1,多换,S,3729.0000,3728.8000,3728.2000,3727.4000,3725.2000,3729.2000,3730.2000,3730.4000,3730.8000,3731.6000,2,1,2,2,4,1,1,2,1,1
SF,IF2005,2020-04-13 10:31:16.100,3729.2000,10594,1,3073491900.000,1,1,0,双开,S,3729.0000,3728.8000,3728.2000,3727.4000,3725.2000,3730.2000,3730.4000,3730.8000,3731.6000,3732.0000,2,1,2,2,4,1,2,1,1,1
SF,IF2005,2020-04-13 10:31:16.600,3729.2000,10594,0,3073491900.000,0,-,-,-,-,3729.0000,3728.8000,3728.2000,3727.4000,3725.2000,3729.4000,3729.6000,3729.8000,3730.0000,3730.2000,2,1,2,2,4,2,6,4,6,1
SF,IF2005,2020-04-13 10:31:17.100,3729.0000,10595,1,3074610600.000,1,1,0,双开,S,3729.0000,3728.8000,3728.2000,3727.4000,3725.2000,3729.4000,3729.6000,3729.8000,3730.0000,3730.2000,1,1,2,2,4,2,6,4,5,1
SF,IF2005,2020-04-13 10:31:17.600,3729.0000,10595,0,3074610600.000,0,-,-,-,-,3729.0000,3728.8000,3728.2000,3727.4000,3725.2000,3729.4000,3729.6000,3729.8000,3730.2000,3730.4000,1,1,2,2,4,2,6,4,1,2
SF,IF2005,2020-04-13 10:31:20.100,3729.0000,10596,1,3075729300.000,1,1,0,双开,S,3728.8000,3728.2000,3727.4000,3725.2000,3724.0000,3729.0000,3729.2000,3729.4000,3729.6000,3729.8000,1,2,2,4,8,1,3,2,6,4
SF,IF2005,2020-04-13 10:31:21.100,3729.0000,10597,1,3076848000.000,1,1,0,双开,S,3728.8000,3728.2000,3727.4000,3725.2000,3724.0000,3729.4000,3729.6000,3729.8000,3730.2000,3730.4000,1,2,2,4,8,2,6,4,1,2
SF,IF2005,2020-04-13 10:31:21.600,3729.0000,10597,0,3076848000.000,0,-,-,-,-,3728.8000,3728.2000,3727.4000,3725.2000,3724.0000,3729.6000,3729.8000,3730.2000,3730.4000,3730.8000,1,2,2,4,8,1,2,1,2,1
SF,IF2005,2020-04-13 10:31:26.100,3729.6000,10597,0,3077966880.000,1,0,1,多换,S,3728.8000,3728.2000,3727.4000,3725.2000,3724.0000,3729.8000,3730.2000,3730.4000,3730.8000,3731.6000,1,2,2,4,8,2,1,2,1,1
SF,IF2005,2020-04-13 10:31:26.600,3729.6000,10597,0,3077966880.000,0,-,-,-,-,3729.2000,3728.8000,3728.2000,3727.4000,3725.2000,3729.6000,3729.8000,3730.4000,3730.8000,3731.6000,1,1,2,2,4,4,2,2,1,1
SF,IF2005,2020-04-13 10:31:27.100,3729.2000,10596,-1,3079085640.000,1,0,1,双平,S,3728.8000,3728.2000,3727.4000,3725.2000,3724.0000,3729.2000,3729.4000,3729.6000,3729.8000,3730.4000,1,2,2,4,8,1,2,9,2,2
SF,IF2005,2020-04-13 10:31:29.600,3729.2000,10597,1,3080204400.000,1,1,0,双开,S,3728.8000,3728.2000,3727.4000,3725.2000,3724.0000,3729.6000,3729.8000,3730.4000,3730.8000,3731.6000,1,2,2,4,8,1,2,2,1,1
SF,IF2005,2020-04-13 10:31:30.100,3729.2000,10597,0,3080204400.000,0,-,-,-,-,3728.8000,3728.2000,3727.4000,3725.2000,3724.0000,3729.6000,3729.8000,3730.4000,3730.8000,3731.6000,1,2,2,4,8,1,1,2,1,1
SF,IF2005,2020-04-13 10:31:30.600,3729.2000,10597,0,3080204400.000,0,-,-,-,-,3729.0000,3728.8000,3728.2000,3727.4000,3725.2000,3729.6000,3729.8000,3730.8000,3731.6000,3732.0000,1,1,2,2,4,1,1,1,1,1
SF,IF2005,2020-04-13 10:31:31.100,3730.8000,10597,0,3082442520.000,2,1,1,多换,S,3729.0000,3728.8000,3728.2000,3727.4000,3725.2000,3731.4000,3731.6000,3732.0000,3732.4000,3733.0000,3,1,2,2,4,2,1,1,2,1
SF,IF2005,2020-04-13 10:31:31.600,3730.8000,10597,0,3082442520.000,0,-,-,-,-,3729.2000,3729.0000,3728.8000,3728.2000,3727.4000,3730.4000,3730.6000,3730.8000,3731.0000,3731.2000,2,3,1,2,2,2,6,6,4,3
SF,IF2005,2020-04-13 10:31:32.100,3730.8000,10597,0,3082442520.000,0,-,-,-,-,3729.2000,3729.0000,3728.8000,3728.2000,3727.4000,3730.2000,3730.4000,3730.6000,3730.8000,3731.0000,1,3,1,2,2,1,2,6,6,2
SF,IF2005,2020-04-13 10:31:32.600,3730.8000,10597,0,3082442520.000,0,-,-,-,-,3729.2000,3729.0000,3728.8000,3728.2000,3727.4000,3730.2000,3730.4000,3730.6000,3730.8000,3731.0000,1,3,1,2,2,1,2,6,5,2
SF,IF2005,2020-04-13 10:31:33.600,3730.8000,10597,0,3082442520.000,0,-,-,-,-,3729.2000,3729.0000,3728.8000,3728.2000,3727.4000,3730.2000,3730.4000,3730.6000,3730.8000,3731.0000,1,3,1,2,2,1,2,5,5,2
SF,IF2005,2020-04-13 10:31:34.100,3730.8000,10597,0,3082442520.000,0,-,-,-,-,3729.2000,3729.0000,3728.8000,3728.2000,3727.4000,3730.2000,3730.4000,3730.6000,3730.8000,3731.0000,1,3,1,2,2,1,2,5,5,1
SF,IF2005,2020-04-13 10:31:34.600,3730.8000,10597,0,3082442520.000,0,-,-,-,-,3729.4000,3729.2000,3729.0000,3728.8000,3728.2000,3730.0000,3730.2000,3730.4000,3730.6000,3730.8000,1,1,3,1,2,1,1,2,5,5
SF,IF2005,2020-04-13 10:31:35.100,3730.8000,10597,0,3082442520.000,0,-,-,-,-,3729.4000,3729.2000,3729.0000,3728.8000,3728.2000,3730.2000,3730.4000,3730.6000,3730.8000,3731.2000,1,1,3,1,2,1,2,5,5,2
SF,IF2005,2020-04-13 10:31:35.600,3730.8000,10597,0,3082442520.000,0,-,-,-,-,3729.2000,3729.0000,3728.8000,3728.2000,3727.4000,3730.4000,3730.6000,3730.8000,3731.2000,3731.4000,1,2,1,2,2,2,5,5,2,4
SF,IF2005,2020-04-13 10:31:36.100,3730.8000,10598,1,3083561760.000,1,1,0,双开,S,3729.2000,3729.0000,3728.8000,3728.2000,3727.4000,3730.4000,3730.6000,3730.8000,3731.2000,3731.4000,1,2,1,2,2,1,5,5,2,4
SF,IF2005,2020-04-13 10:31:36.600,3730.8000,10598,0,3083561760.000,0,-,-,-,-,3729.4000,3729.2000,3729.0000,3728.8000,3728.2000,3730.4000,3730.6000,3730.8000,3731.2000,3731.4000,1,2,2,1,2,1,5,5,2,4
SF,IF2005,2020-04-13 10:31:37.100,3730.8000,10598,0,3083561760.000,0,-,-,-,-,3729.2000,3729.0000,3728.8000,3728.2000,3727.4000,3730.2000,3730.4000,3730.6000,3730.8000,3731.2000,2,2,1,2,2,3,1,5,5,2
SF,IF2005,2020-04-13 10:31:37.600,3730.8000,10598,0,3083561760.000,0,-,-,-,-,3729.2000,3729.0000,3728.8000,3728.2000,3727.4000,3731.2000,3731.4000,3731.6000,3732.0000,3732.4000,2,2,1,2,2,2,3,1,1,2
SF,IF2005,2020-04-13 10:31:38.100,3730.8000,10598,0,3083561760.000,0,-,-,-,-,3729.4000,3729.2000,3729.0000,3728.8000,3728.2000,3730.4000,3730.6000,3730.8000,3731.0000,3731.2000,1,2,2,1,2,1,7,5,2,4
SF,IF2005,2020-04-13 10:31:38.600,3730.8000,10598,0,3083561760.000,0,-,-,-,-,3729.2000,3729.0000,3728.8000,3728.2000,3727.4000,3730.4000,3730.6000,3730.8000,3731.0000,3731.2000,2,2,1,2,2,1,7,5,1,4
SF,IF2005,2020-04-13 10:31:40.600,3730.8000,10598,0,3083561760.000,0,-,-,-,-,3729.2000,3729.0000,3728.8000,3728.2000,3727.4000,3729.8000,3730.0000,3730.2000,3730.4000,3730.6000,2,2,1,2,2,3,5,8,1,5
SF,IF2005,2020-04-13 10:31:41.100,3730.8000,10598,0,3084681000.000,1,0,1,多换,S,3729.2000,3729.0000,3728.8000,3728.2000,3727.4000,3730.2000,3730.4000,3730.6000,3730.8000,3731.0000,2,2,1,2,2,1,1,5,4,1
SF,IF2005,2020-04-13 10:31:41.600,3730.8000,10598,0,3084681000.000,0,-,-,-,-,3729.2000,3729.0000,3728.8000,3728.2000,3727.4000,3730.0000,3730.2000,3730.4000,3730.6000,3730.8000,2,2,1,2,2,3,1,1,5,4
SF,IF2005,2020-04-13 10:31:42.100,3730.8000,10598,0,3084681000.000,0,-,-,-,-,3729.2000,3729.0000,3728.8000,3728.2000,3727.4000,3729.4000,3730.0000,3730.2000,3730.4000,3730.6000,2,2,1,2,2,1,3,1,1,5
SF,IF2005,2020-04-13 10:31:42.600,3729.4000,10598,0,3085799820.000,1,0,1,多换,S,3729.2000,3729.0000,3728.8000,3728.2000,3727.4000,3730.2000,3730.4000,3731.0000,3731.2000,3731.4000,2,2,1,2,2,1,1,1,4,3
SF,IF2005,2020-04-13 10:31:44.100,3729.4000,10598,0,3085799820.000,0,-,-,-,-,3729.4000,3729.2000,3729.0000,3728.8000,3728.2000,3730.4000,3731.0000,3731.2000,3731.4000,3731.6000,1,2,2,1,2,1,1,4,3,1
SF,IF2005,2020-04-13 10:31:44.600,3729.4000,10598,0,3085799820.000,0,-,-,-,-,3729.4000,3729.2000,3729.0000,3728.8000,3728.2000,3730.4000,3731.0000,3731.2000,3731.4000,3731.6000,3,2,1,1,2,1,1,4,3,1
SF,IF2005,2020-04-13 10:31:45.100,3729.4000,10598,0,3085799820.000,0,-,-,-,-,3729.4000,3729.2000,3729.0000,3728.8000,3728.2000,3730.4000,3731.0000,3731.2000,3731.4000,3731.6000,4,2,1,1,2,1,1,4,3,1
SF,IF2005,2020-04-13 10:31:45.600,3729.4000,10598,0,3085799820.000,0,-,-,-,-,3729.4000,3729.2000,3729.0000,3728.8000,3728.2000,3730.2000,3730.4000,3731.0000,3731.2000,3731.4000,4,2,1,1,2,3,1,1,4,3
SF,IF2005,2020-04-13 10:31:46.100,3730.4000,10599,1,3086918940.000,1,1,0,双开,S,3729.4000,3729.2000,3728.8000,3728.2000,3727.4000,3731.0000,3731.2000,3731.4000,3731.6000,3732.0000,3,2,1,2,2,1,4,3,1,1
SF,IF2005,2020-04-13 10:31:46.600,3730.4000,10599,0,3086918940.000,0,-,-,-,-,3729.6000,3729.4000,3729.2000,3728.8000,3728.2000,3730.6000,3730.8000,3731.0000,3731.2000,3731.4000,1,3,1,1,2,4,6,1,4,3
SF,IF2005,2020-04-13 10:31:47.100,3730.4000,10599,0,3086918940.000,0,-,-,-,-,3729.6000,3729.4000,3729.2000,3728.8000,3728.2000,3730.6000,3730.8000,3731.0000,3731.2000,3731.4000,1,3,1,1,2,9,9,1,4,3
SF,IF2005,2020-04-13 10:31:47.600,3730.4000,10599,0,3086918940.000,0,-,-,-,-,3729.4000,3729.2000,3728.8000,3728.2000,3727.4000,3730.2000,3730.4000,3730.6000,3730.8000,3731.2000,3,1,1,2,2,5,7,9,8,4
SF,IF2005,2020-04-13 10:31:48.100,3730.4000,10599,0,3086918940.000,0,-,-,-,-,3729.4000,3729.2000,3728.8000,3728.2000,3727.4000,3730.4000,3730.6000,3730.8000,3731.2000,3731.4000,3,1,1,2,2,2,9,8,4,3
SF,IF2005,2020-04-13 10:31:49.600,3730.4000,10599,0,3086918940.000,0,-,-,-,-,3729.4000,3729.2000,3728.8000,3728.2000,3727.4000,3730.2000,3730.4000,3730.6000,3730.8000,3731.2000,3,1,1,2,2,1,2,9,8,4
SF,IF2005,2020-04-13 10:31:51.100,3730.4000,10600,1,3088038060.000,1,1,0,双开,S,3729.4000,3729.2000,3728.8000,3728.2000,3727.4000,3730.4000,3730.6000,3730.8000,3731.2000,3731.4000,3,1,1,2,2,2,9,8,4,3
SF,IF2005,2020-04-13 10:31:52.600,3730.4000,10600,0,3088038060.000,0,-,-,-,-,3729.4000,3729.2000,3728.8000,3728.2000,3727.4000,3730.4000,3730.6000,3730.8000,3731.2000,3731.4000,3,1,1,2,2,2,9,8,4,3
SF,IF2005,2020-04-13 10:31:53.100,3730.4000,10600,0,3088038060.000,0,-,-,-,-,3729.4000,3729.2000,3728.8000,3728.2000,3727.4000,3730.4000,3730.6000,3730.8000,3731.2000,3731.4000,4,1,1,2,2,2,9,8,4,3
SF,IF2005,2020-04-13 10:31:55.100,3730.4000,10600,0,3088038060.000,0,-,-,-,-,3729.4000,3729.2000,3728.8000,3728.2000,3727.4000,3730.2000,3730.4000,3730.6000,3730.8000,3731.2000,4,1,1,2,2,1,2,9,8,4
SF,IF2005,2020-04-13 10:31:56.100,3730.4000,10601,1,3089157180.000,1,1,0,双开,S,3729.4000,3729.2000,3728.8000,3728.2000,3727.4000,3730.4000,3730.6000,3730.8000,3731.2000,3731.4000,4,1,1,2,2,1,9,8,4,3
SF,IF2005,2020-04-13 10:31:56.600,3730.4000,10601,0,3089157180.000,0,-,-,-,-,3729.4000,3729.2000,3728.8000,3728.2000,3727.4000,3730.2000,3730.4000,3730.6000,3730.8000,3731.2000,3,1,1,2,2,5,4,9,8,2
SF,IF2005,2020-04-13 10:31:57.100,3730.4000,10601,0,3089157180.000,0,-,-,-,-,3729.4000,3729.2000,3728.8000,3728.2000,3727.4000,3730.4000,3730.6000,3730.8000,3731.2000,3731.4000,3,1,1,2,2,4,9,8,2,3
SF,IF2005,2020-04-13 10:31:58.600,3730.4000,10601,0,3089157180.000,0,-,-,-,-,3729.4000,3729.2000,3728.8000,3728.2000,3727.4000,3730.2000,3730.4000,3730.6000,3730.8000,3731.2000,3,1,1,2,2,6,4,9,7,2
SF,IF2005,2020-04-13 10:31:59.600,3730.4000,10601,0,3089157180.000,0,-,-,-,-,3729.4000,3729.2000,3728.8000,3728.2000,3727.4000,3730.2000,3730.4000,3730.6000,3730.8000,3731.2000,3,1,1,2,2,5,4,9,7,2
SF,IF2005,2020-04-13 10:32:00.100,3730.4000,10601,0,3089157180.000,0,-,-,-,-,3729.4000,3729.2000,3728.8000,3728.2000,3727.4000,3730.0000,3730.2000,3730.4000,3730.6000,3730.8000,3,1,1,2,2,5,5,4,9,7
SF,IF2005,2020-04-13 10:32:01.100,3730.4000,10602,1,3090276300.000,1,1,0,双开,S,3729.4000,3729.2000,3728.8000,3728.2000,3727.4000,3730.0000,3730.2000,3730.4000,3730.6000,3730.8000,3,1,1,2,2,4,5,4,9,7
SF,IF2005,2020-04-13 10:32:01.600,3730.4000,10602,0,3090276300.000,0,-,-,-,-,3729.4000,3729.2000,3728.8000,3728.2000,3727.4000,3730.4000,3730.6000,3730.8000,3731.2000,3731.4000,3,1,1,2,2,4,8,7,2,3
SF,IF2005,2020-04-13 10:32:02.100,3730.4000,10602,0,3090276300.000,0,-,-,-,-,3729.4000,3729.2000,3728.8000,3728.2000,3727.4000,3730.2000,3730.4000,3730.6000,3730.8000,3731.2000,3,1,1,2,2,5,6,8,7,2
SF,IF2005,2020-04-13 10:32:03.100,3730.4000,10602,0,3090276300.000,0,-,-,-,-,3729.4000,3729.2000,3728.8000,3728.2000,3727.4000,3730.4000,3730.6000,3730.8000,3731.2000,3731.4000,3,1,1,2,2,6,8,7,2,3
SF,IF2005,2020-04-13 10:32:03.600,3730.4000,10602,0,3090276300.000,0,-,-,-,-,3729.4000,3729.2000,3728.8000,3728.2000,3727.4000,3730.2000,3730.4000,3730.6000,3730.8000,3731.2000,3,1,1,2,2,5,6,8,7,2
SF,IF2005,2020-04-13 10:32:04.600,3730.4000,10602,0,3090276300.000,0,-,-,-,-,3729.4000,3729.2000,3728.8000,3728.2000,3727.4000,3730.0000,3730.2000,3730.4000,3730.6000,3730.8000,3,1,1,2,2,1,5,6,8,7
SF,IF2005,2020-04-13 10:32:05.600,3730.4000,10602,0,3090276300.000,0,-,-,-,-,3729.4000,3729.2000,3728.8000,3728.2000,3727.4000,3730.0000,3730.4000,3730.6000,3730.8000,3731.2000,3,1,1,2,2,1,6,8,7,2
SF,IF2005,2020-04-13 10:32:06.100,3730.4000,10603,1,3092514480.000,2,1,1,空开,S,3729.4000,3729.2000,3728.8000,3728.2000,3727.4000,3730.4000,3730.6000,3730.8000,3731.2000,3731.4000,3,1,1,2,2,5,8,7,2,3
SF,IF2005,2020-04-13 10:32:06.600,3730.4000,10603,0,3092514480.000,0,-,-,-,-,3729.4000,3729.2000,3728.8000,3728.2000,3727.4000,3730.2000,3730.4000,3730.6000,3730.8000,3731.2000,3,1,1,2,2,5,5,8,7,2
SF,IF2005,2020-04-13 10:32:07.100,3730.4000,10603,0,3092514480.000,0,-,-,-,-,3729.4000,3729.2000,3728.8000,3728.2000,3727.4000,3730.4000,3730.6000,3730.8000,3731.2000,3731.4000,3,1,1,2,2,5,8,7,2,3
SF,IF2005,2020-04-13 10:32:08.100,3730.4000,10603,0,3092514480.000,0,-,-,-,-,3729.4000,3729.2000,3728.8000,3728.2000,3727.4000,3730.2000,3730.4000,3730.6000,3730.8000,3731.2000,3,1,1,2,2,5,5,8,7,2
SF,IF2005,2020-04-13 10:32:08.600,3730.4000,10603,0,3092514480.000,0,-,-,-,-,3729.4000,3729.2000,3728.8000,3728.2000,3727.4000,3730.4000,3730.6000,3730.8000,3731.2000,3731.4000,3,1,1,2,2,5,8,7,2,3
SF,IF2005,2020-04-13 10:32:09.100,3730.4000,10603,0,3092514480.000,0,-,-,-,-,3729.4000,3729.2000,3728.8000,3728.2000,3727.4000,3730.4000,3730.6000,3730.8000,3731.2000,3731.4000,2,1,1,2,2,5,8,7,2,3
SF,IF2005,2020-04-13 10:32:09.600,3730.4000,10603,0,3092514480.000,0,-,-,-,-,3729.4000,3729.2000,3728.8000,3728.2000,3727.4000,3730.2000,3730.4000,3730.6000,3730.8000,3731.2000,2,1,1,2,2,5,5,8,7,2
SF,IF2005,2020-04-13 10:32:10.100,3730.4000,10603,0,3092514480.000,0,-,-,-,-,3729.4000,3729.2000,3728.8000,3728.2000,3727.4000,3730.2000,3730.6000,3730.8000,3731.2000,3731.4000,2,1,1,2,2,7,8,7,2,3
SF,IF2005,2020-04-13 10:32:10.600,3730.4000,10603,0,3092514480.000,0,-,-,-,-,3729.4000,3729.2000,3728.8000,3728.2000,3727.4000,3730.2000,3730.6000,3730.8000,3731.2000,3731.4000,2,1,1,2,2,5,8,7,2,3
SF,IF2005,2020-04-13 10:32:11.100,3730.4000,10604,1,3093633600.000,1,1,0,双开,S,3729.4000,3729.2000,3728.8000,3728.2000,3727.4000,3730.0000,3730.2000,3730.6000,3730.8000,3731.2000,2,1,1,2,2,1,4,8,7,2
SF,IF2005,2020-04-13 10:32:12.600,3730.4000,10605,1,3094752720.000,1,1,0,双开,S,3729.4000,3729.2000,3728.8000,3728.2000,3727.4000,3730.2000,3730.6000,3730.8000,3731.2000,3731.4000,2,1,1,2,2,4,8,7,2,3
SF,IF2005,2020-04-13 10:32:13.100,3730.4000,10605,0,3094752720.000,0,-,-,-,-,3729.4000,3729.2000,3728.8000,3728.2000,3727.4000,3730.2000,3730.6000,3730.8000,3731.2000,3731.4000,2,1,1,2,2,4,8,7,2,3
SF,IF2005,2020-04-13 10:32:13.600,3729.4000,10604,-1,3096990360.000,2,0,2,多平,S,3729.2000,3728.8000,3728.2000,3727.4000,3725.2000,3730.2000,3730.6000,3730.8000,3731.2000,3731.4000,1,1,2,2,4,4,8,7,2,3
SF,IF2005,2020-04-13 10:32:15.600,3729.4000,10604,0,3096990360.000,0,-,-,-,-,3729.4000,3729.2000,3728.8000,3728.2000,3727.4000,3729.8000,3730.0000,3730.2000,3730.6000,3730.8000,2,1,1,2,2,5,5,4,8,7
SF,IF2005,2020-04-13 10:32:16.100,3729.2000,10607,3,3101465700.000,4,3,1,空开,S,3728.8000,3728.2000,3727.4000,3725.2000,3724.0000,3729.8000,3730.0000,3730.2000,3730.6000,3730.8000,1,2,2,4,8,4,5,4,8,7
SF,IF2005,2020-04-13 10:32:17.100,3729.2000,10607,0,3101465700.000,0,-,-,-,-,3728.8000,3728.2000,3727.4000,3725.2000,3724.0000,3729.6000,3729.8000,3730.0000,3730.2000,3730.6000,1,2,2,4,8,5,4,5,4,8
SF,IF2005,2020-04-13 10:32:17.600,3729.2000,10607,0,3101465700.000,0,-,-,-,-,3728.8000,3728.2000,3727.4000,3725.2000,3724.0000,3729.6000,3729.8000,3730.0000,3730.2000,3730.6000,1,2,2,4,8,5,4,5,4,8
SF,IF2005,2020-04-13 10:32:18.100,3729.2000,10607,0,3101465700.000,0,-,-,-,-,3728.8000,3728.2000,3727.4000,3725.2000,3724.0000,3729.4000,3729.6000,3729.8000,3730.0000,3730.2000,1,2,2,4,8,5,5,4,5,4
SF,IF2005,2020-04-13 10:32:18.600,3728.8000,10608,1,3102584340.000,1,1,0,双开,S,3728.2000,3727.4000,3725.2000,3724.0000,3723.8000,3729.4000,3729.6000,3729.8000,3730.0000,3730.2000,2,2,4,8,1,5,5,4,5,4
SF,IF2005,2020-04-13 10:32:19.100,3728.8000,10608,0,3102584340.000,0,-,-,-,-,3728.4000,3728.2000,3727.4000,3725.2000,3724.0000,3729.0000,3729.2000,3729.4000,3729.6000,3729.8000,1,2,2,4,8,3,5,5,5,4
SF,IF2005,2020-04-13 10:32:19.600,3728.8000,10608,0,3102584340.000,0,-,-,-,-,3728.4000,3728.2000,3727.4000,3725.2000,3724.0000,3729.0000,3729.2000,3729.4000,3729.6000,3729.8000,1,2,2,4,8,3,5,5,5,4
SF,IF2005,2020-04-13 10:32:20.600,3728.8000,10608,0,3102584340.000,0,-,-,-,-,3728.4000,3728.2000,3727.4000,3725.2000,3724.0000,3729.8000,3730.0000,3730.2000,3731.2000,3731.4000,1,2,2,4,8,4,5,2,2,1
SF,IF2005,2020-04-13 10:32:21.100,3728.8000,10608,0,3102584340.000,0,-,-,-,-,3728.4000,3728.2000,3727.4000,3725.2000,3724.0000,3729.6000,3729.8000,3730.0000,3730.2000,3731.2000,1,2,2,4,8,4,4,5,2,2
SF,IF2005,2020-04-13 10:32:22.600,3728.8000,10608,0,3102584340.000,0,-,-,-,-,3728.4000,3728.2000,3727.4000,3725.2000,3724.0000,3729.6000,3729.8000,3730.0000,3730.2000,3730.8000,1,2,2,4,8,4,4,5,2,1
SF,IF2005,2020-04-13 10:32:23.100,3728.8000,10608,0,3102584340.000,0,-,-,-,-,3728.4000,3728.2000,3727.4000,3725.2000,3724.0000,3729.6000,3729.8000,3730.0000,3730.2000,3730.8000,1,2,2,4,8,6,4,5,2,1
SF,IF2005,2020-04-13 10:32:23.600,3728.8000,10608,0,3102584340.000,0,-,-,-,-,3728.4000,3728.2000,3727.4000,3725.2000,3724.0000,3729.6000,3729.8000,3730.0000,3730.2000,3730.8000,1,2,2,4,8,4,4,5,2,1
SF,IF2005,2020-04-13 10:32:24.100,3728.8000,10608,0,3102584340.000,0,-,-,-,-,3728.4000,3728.2000,3727.4000,3725.2000,3724.0000,3729.6000,3729.8000,3730.0000,3730.2000,3730.8000,1,2,2,4,8,4,4,5,2,1
SF,IF2005,2020-04-13 10:32:24.600,3728.8000,10608,0,3102584340.000,0,-,-,-,-,3728.4000,3728.2000,3727.4000,3725.2000,3724.0000,3729.4000,3729.6000,3729.8000,3730.0000,3730.2000,1,2,2,4,8,1,4,4,5,2
SF,IF2005,2020-04-13 10:32:25.100,3728.8000,10608,0,3102584340.000,0,-,-,-,-,3728.4000,3728.2000,3727.4000,3725.2000,3724.0000,3728.6000,3729.4000,3729.6000,3729.8000,3730.0000,1,2,2,4,8,1,7,4,4,5
SF,IF2005,2020-04-13 10:32:25.600,3728.8000,10608,0,3102584340.000,0,-,-,-,-,3728.4000,3728.2000,3727.4000,3725.2000,3724.0000,3728.6000,3729.2000,3729.4000,3729.6000,3730.2000,1,2,2,4,8,1,5,6,4,2
SF,IF2005,2020-04-13 10:32:26.100,3728.6000,10608,0,3104821440.000,2,1,1,多换,S,3728.2000,3727.4000,3725.2000,3724.0000,3723.8000,3729.4000,3729.6000,3730.2000,3730.8000,3731.2000,2,2,4,8,1,6,4,2,1,2
SF,IF2005,2020-04-13 10:32:26.600,3728.6000,10608,0,3104821440.000,0,-,-,-,-,3728.2000,3727.4000,3725.2000,3724.0000,3723.8000,3729.2000,3729.4000,3729.6000,3730.2000,3730.8000,2,2,4,8,1,6,5,3,2,1
SF,IF2005,2020-04-13 10:32:27.100,3728.6000,10608,0,3104821440.000,0,-,-,-,-,3728.2000,3727.4000,3725.2000,3724.0000,3723.8000,3729.2000,3729.4000,3729.6000,3730.2000,3730.8000,2,2,4,8,1,8,5,3,2,1
SF,IF2005,2020-04-13 10:32:27.600,3728.6000,10608,0,3104821440.000,0,-,-,-,-,3728.2000,3727.4000,3725.2000,3724.0000,3723.8000,3729.0000,3729.2000,3729.4000,3729.6000,3730.2000,2,2,4,8,1,1,8,5,3,2
SF,IF2005,2020-04-13 10:32:28.100,3728.6000,10608,0,3104821440.000,0,-,-,-,-,3728.2000,3727.4000,3725.2000,3724.0000,3723.8000,3728.8000,3729.0000,3729.2000,3729.4000,3729.6000,2,2,4,8,1,1,6,7,5,3
SF,IF2005,2020-04-13 10:32:28.600,3728.2000,10607,-1,3107058360.000,2,0,2,多平,S,3727.4000,3725.2000,3724.0000,3723.8000,3723.2000,3728.8000,3729.0000,3729.2000,3729.4000,3729.6000,2,4,8,1,2,1,6,6,5,3
SF,IF2005,2020-04-13 10:32:29.100,3728.2000,10607,0,3107058360.000,0,-,-,-,-,3727.4000,3725.2000,3724.0000,3723.8000,3723.2000,3728.2000,3728.4000,3728.6000,3729.0000,3729.2000,1,4,8,1,2,1,1,7,6,5
SF,IF2005,2020-04-13 10:32:29.600,3728.2000,10607,0,3107058360.000,0,-,-,-,-,3727.4000,3725.2000,3724.0000,3723.8000,3723.2000,3728.2000,3728.4000,3728.6000,3729.0000,3729.2000,1,4,8,1,2,1,7,11,6,5
SF,IF2005,2020-04-13 10:32:30.100,3728.2000,10607,0,3107058360.000,0,-,-,-,-,3727.4000,3724.0000,3723.8000,3723.2000,3723.0000,3728.2000,3728.4000,3728.6000,3729.0000,3729.2000,1,8,1,2,3,1,2,7,6,5
SF,IF2005,2020-04-13 10:32:30.600,3728.2000,10607,0,3107058360.000,0,-,-,-,-,3727.4000,3724.0000,3723.8000,3723.2000,3723.0000,3728.0000,3728.2000,3728.4000,3728.6000,3729.0000,1,8,1,2,3,3,1,2,7,6
SF,IF2005,2020-04-13 10:32:31.100,3728.2000,10608,1,3108176820.000,1,1,0,双开,S,3727.4000,3724.0000,3723.8000,3723.2000,3723.0000,3728.4000,3728.6000,3729.0000,3729.8000,3730.8000,1,8,1,2,3,1,2,6,2,1
SF,IF2005,2020-04-13 10:32:31.600,3728.2000,10608,0,3108176820.000,0,-,-,-,-,3727.4000,3724.0000,3723.8000,3723.2000,3723.0000,3728.4000,3728.6000,3729.0000,3729.8000,3730.8000,1,8,1,2,3,1,2,6,2,1
SF,IF2005,2020-04-13 10:32:32.100,3728.2000,10608,0,3108176820.000,0,-,-,-,-,3727.4000,3724.0000,3723.8000,3723.2000,3723.0000,3728.4000,3728.6000,3729.0000,3729.8000,3730.8000,1,8,1,2,3,1,2,6,2,1
SF,IF2005,2020-04-13 10:32:32.600,3728.4000,10607,-1,3109295340.000,1,0,1,双平,S,3727.6000,3727.4000,3724.0000,3723.8000,3723.2000,3728.6000,3729.0000,3729.8000,3730.8000,3731.2000,2,1,8,1,2,2,6,2,1,2
SF,IF2005,2020-04-13 10:32:33.100,3728.6000,10607,0,3110413920.000,1,0,1,多换,S,3727.8000,3727.6000,3727.4000,3724.0000,3723.8000,3729.0000,3729.8000,3730.8000,3731.2000,3731.4000,2,3,1,8,1,1,2,1,2,1
SF,IF2005,2020-04-13 10:32:33.600,3728.6000,10607,0,3110413920.000,0,-,-,-,-,3728.0000,3727.8000,3727.6000,3727.4000,3724.0000,3728.8000,3729.8000,3730.8000,3731.2000,3731.4000,1,2,1,1,8,1,2,1,2,1
SF,IF2005,2020-04-13 10:32:34.100,3728.6000,10607,0,3110413920.000,0,-,-,-,-,3728.0000,3727.8000,3727.6000,3727.4000,3724.0000,3728.6000,3728.8000,3729.8000,3730.8000,3731.2000,1,1,1,1,8,3,6,2,1,2
SF,IF2005,2020-04-13 10:32:34.600,3728.6000,10607,0,3110413920.000,0,-,-,-,-,3728.0000,3727.8000,3727.6000,3727.4000,3724.0000,3728.6000,3728.8000,3729.8000,3730.8000,3731.2000,1,1,1,1,8,8,6,3,1,2
SF,IF2005,2020-04-13 10:32:35.100,3728.6000,10607,0,3110413920.000,0,-,-,-,-,3728.0000,3727.8000,3727.6000,3727.4000,3724.0000,3728.8000,3729.8000,3730.8000,3731.2000,3731.4000,1,1,1,1,8,1,3,1,2,1
SF,IF2005,2020-04-13 10:32:35.600,3728.0000,10607,0,3111532320.000,1,0,1,多换,S,3727.8000,3727.6000,3727.4000,3724.0000,3723.8000,3728.8000,3729.8000,3730.8000,3731.2000,3731.4000,1,1,1,8,1,1,3,1,2,1
SF,IF2005,2020-04-13 10:32:36.100,3728.8000,10607,0,3112650960.000,1,0,1,多换,S,3727.8000,3727.6000,3727.4000,3724.0000,3723.8000,3729.8000,3730.8000,3731.2000,3731.4000,3731.6000,1,1,1,8,1,3,1,2,1,1
SF,IF2005,2020-04-13 10:32:36.600,3728.8000,10607,0,3112650960.000,0,-,-,-,-,3728.2000,3728.0000,3727.6000,3727.4000,3724.0000,3729.0000,3729.2000,3729.4000,3729.6000,3729.8000,1,2,1,1,8,3,6,5,6,3
SF,IF2005,2020-04-13 10:32:37.100,3728.8000,10607,0,3112650960.000,0,-,-,-,-,3728.2000,3728.0000,3727.6000,3727.4000,3724.0000,3728.8000,3729.0000,3729.2000,3729.4000,3729.6000,1,1,1,1,8,5,8,6,6,8
SF,IF2005,2020-04-13 10:32:37.600,3728.8000,10607,0,3112650960.000,0,-,-,-,-,3728.0000,3727.6000,3727.4000,3724.0000,3723.8000,3728.8000,3729.0000,3729.2000,3729.4000,3729.6000,1,1,1,8,1,1,3,5,5,6
SF,IF2005,2020-04-13 10:32:38.100,3728.8000,10607,0,3112650960.000,0,-,-,-,-,3728.0000,3727.6000,3727.4000,3724.0000,3723.8000,3728.2000,3728.6000,3728.8000,3729.0000,3729.2000,1,1,1,8,1,1,5,2,3,5
SF,IF2005,2020-04-13 10:32:38.600,3728.8000,10607,0,3112650960.000,0,-,-,-,-,3728.0000,3727.6000,3727.4000,3724.0000,3723.8000,3728.2000,3728.8000,3729.0000,3729.2000,3729.6000,1,1,1,8,1,1,1,3,5,6
SF,IF2005,2020-04-13 10:32:39.100,3728.8000,10607,0,3112650960.000,0,-,-,-,-,3728.0000,3727.6000,3727.4000,3724.0000,3723.8000,3728.2000,3728.8000,3729.0000,3729.2000,3729.6000,1,1,1,8,1,1,1,3,5,6
SF,IF2005,2020-04-13 10:32:39.600,3728.8000,10607,0,3112650960.000,0,-,-,-,-,3728.0000,3727.6000,3727.4000,3724.0000,3723.8000,3728.2000,3728.8000,3729.2000,3729.6000,3729.8000,1,1,1,8,1,1,1,5,6,3
SF,IF2005,2020-04-13 10:32:40.100,3728.8000,10607,0,3112650960.000,0,-,-,-,-,3728.0000,3727.6000,3727.4000,3724.0000,3723.8000,3728.2000,3728.8000,3729.2000,3729.6000,3729.8000,1,1,1,8,1,1,1,5,6,3
SF,IF2005,2020-04-13 10:32:41.100,3728.8000,10608,1,3113769600.000,1,1,0,双开,S,3728.0000,3727.6000,3727.4000,3724.0000,3723.8000,3728.8000,3729.2000,3729.6000,3729.8000,3730.8000,1,1,1,8,1,1,5,6,3,1
SF,IF2005,2020-04-13 10:32:41.600,3728.8000,10608,0,3113769600.000,0,-,-,-,-,3728.0000,3727.6000,3727.4000,3724.0000,3723.8000,3728.6000,3728.8000,3729.2000,3729.6000,3729.8000,1,1,1,8,1,3,1,5,6,3
SF,IF2005,2020-04-13 10:32:42.100,3728.8000,10608,0,3113769600.000,0,-,-,-,-,3728.0000,3727.6000,3727.4000,3724.0000,3723.8000,3728.6000,3728.8000,3729.2000,3729.6000,3729.8000,1,1,1,8,1,9,1,5,6,3
SF,IF2005,2020-04-13 10:32:42.600,3728.8000,10608,0,3113769600.000,0,-,-,-,-,3728.0000,3727.6000,3727.4000,3724.0000,3723.8000,3728.6000,3728.8000,3729.2000,3729.6000,3729.8000,1,1,1,8,1,1,1,5,6,3
SF,IF2005,2020-04-13 10:32:43.100,3728.8000,10608,0,3113769600.000,0,-,-,-,-,3728.0000,3727.6000,3727.4000,3724.0000,3723.8000,3728.4000,3728.8000,3729.2000,3729.6000,3729.8000,1,1,1,8,1,3,1,5,6,3
SF,IF2005,2020-04-13 10:32:43.600,3728.8000,10608,0,3113769600.000,0,-,-,-,-,3728.0000,3727.6000,3727.4000,3724.0000,3723.8000,3728.4000,3728.8000,3729.2000,3729.6000,3729.8000,1,1,1,8,1,3,1,5,6,3
SF,IF2005,2020-04-13 10:32:44.100,3728.8000,10608,0,3113769600.000,0,-,-,-,-,3728.0000,3727.6000,3727.4000,3724.0000,3723.8000,3728.8000,3729.2000,3729.6000,3729.8000,3730.8000,1,1,1,8,1,1,5,6,3,1
SF,IF2005,2020-04-13 10:32:44.600,3728.8000,10608,0,3113769600.000,0,-,-,-,-,3728.0000,3727.6000,3727.4000,3724.0000,3723.8000,3728.6000,3728.8000,3729.2000,3729.6000,3729.8000,1,1,1,8,1,3,1,5,5,3
SF,IF2005,2020-04-13 10:32:45.100,3728.8000,10608,0,3113769600.000,0,-,-,-,-,3728.0000,3727.6000,3727.4000,3724.0000,3723.8000,3728.6000,3728.8000,3729.2000,3729.6000,3729.8000,1,1,1,8,1,3,1,5,5,3
SF,IF2005,2020-04-13 10:32:45.600,3728.8000,10608,0,3113769600.000,0,-,-,-,-,3728.0000,3727.6000,3727.4000,3724.0000,3723.8000,3728.6000,3728.8000,3729.2000,3729.6000,3729.8000,1,1,1,8,1,1,1,5,5,3
SF,IF2005,2020-04-13 10:32:46.100,3728.8000,10608,0,3114888240.000,1,0,1,多换,S,3728.0000,3727.6000,3727.4000,3724.0000,3723.8000,3728.6000,3729.2000,3729.6000,3729.8000,3730.8000,1,1,1,8,1,1,5,5,3,1
SF,IF2005,2020-04-13 10:32:46.600,3728.8000,10608,0,3114888240.000,0,-,-,-,-,3728.0000,3727.6000,3727.4000,3724.0000,3723.8000,3728.4000,3728.6000,3729.2000,3729.6000,3729.8000,1,1,1,8,1,3,1,5,5,3
SF,IF2005,2020-04-13 10:32:47.100,3728.8000,10608,0,3114888240.000,0,-,-,-,-,3728.0000,3727.6000,3727.4000,3724.0000,3723.8000,3728.6000,3729.2000,3729.6000,3729.8000,3730.8000,1,1,1,8,1,1,5,5,3,1
SF,IF2005,2020-04-13 10:32:47.600,3728.8000,10608,0,3114888240.000,0,-,-,-,-,3728.0000,3727.6000,3727.4000,3724.0000,3723.8000,3729.2000,3729.6000,3729.8000,3730.8000,3731.2000,1,1,1,8,1,5,5,3,1,1
SF,IF2005,2020-04-13 10:32:48.100,3728.8000,10608,0,3114888240.000,0,-,-,-,-,3728.0000,3727.6000,3727.4000,3724.0000,3723.8000,3728.8000,3729.0000,3729.2000,3729.6000,3729.8000,1,1,1,8,1,3,6,10,2,3
SF,IF2005,2020-04-13 10:32:48.600,3728.8000,10608,0,3114888240.000,0,-,-,-,-,3728.0000,3727.6000,3727.4000,3724.0000,3723.8000,3728.8000,3729.0000,3729.2000,3729.6000,3729.8000,1,1,1,8,1,3,5,9,2,3
SF,IF2005,2020-04-13 10:32:49.100,3728.8000,10608,0,3114888240.000,0,-,-,-,-,3728.0000,3727.6000,3727.4000,3724.0000,3723.8000,3728.8000,3729.0000,3729.2000,3729.6000,3729.8000,1,1,1,8,1,3,5,9,2,3
SF,IF2005,2020-04-13 10:32:49.600,3728.8000,10608,0,3114888240.000,0,-,-,-,-,3728.0000,3727.6000,3727.4000,3724.0000,3723.8000,3728.8000,3729.0000,3729.2000,3729.6000,3729.8000,1,1,1,8,1,3,5,9,2,3
SF,IF2005,2020-04-13 10:32:50.100,3728.8000,10608,0,3114888240.000,0,-,-,-,-,3728.0000,3727.6000,3727.4000,3724.0000,3723.8000,3728.6000,3728.8000,3729.0000,3729.2000,3729.6000,1,1,1,8,1,1,3,5,9,2
SF,IF2005,2020-04-13 10:32:50.600,3728.8000,10608,0,3114888240.000,0,-,-,-,-,3728.0000,3727.6000,3727.4000,3724.0000,3723.8000,3728.6000,3728.8000,3729.0000,3729.2000,3729.6000,1,1,1,8,1,1,3,5,9,2
SF,IF2005,2020-04-13 10:32:51.100,3728.8000,10609,1,3116006880.000,1,1,0,双开,S,3728.0000,3727.6000,3727.4000,3724.0000,3723.8000,3728.6000,3728.8000,3729.0000,3729.2000,3729.6000,1,1,1,8,1,1,3,5,9,2
SF,IF2005,2020-04-13 10:32:51.600,3728.8000,10609,0,3116006880.000,0,-,-,-,-,3728.0000,3727.6000,3727.4000,3724.0000,3723.8000,3728.6000,3729.2000,3729.6000,3729.8000,3730.8000,1,1,1,8,1,1,9,2,3,1
SF,IF2005,2020-04-13 10:32:52.100,3728.8000,10609,0,3116006880.000,0,-,-,-,-,3728.0000,3727.6000,3727.4000,3724.0000,3723.8000,3729.2000,3729.6000,3729.8000,3730.8000,3731.2000,1,1,1,8,1,9,2,3,1,1
SF,IF2005,2020-04-13 10:32:52.600,3728.8000,10609,0,3116006880.000,0,-,-,-,-,3728.0000,3727.6000,3727.4000,3724.0000,3723.8000,3728.4000,3728.6000,3728.8000,3729.0000,3729.2000,1,1,1,8,1,3,5,2,4,5
SF,IF2005,2020-04-13 10:32:53.100,3728.8000,10609,0,3116006880.000,0,-,-,-,-,3728.0000,3727.6000,3727.4000,3724.0000,3723.8000,3728.4000,3729.0000,3729.2000,3729.6000,3729.8000,1,1,1,8,1,1,4,5,2,3
SF,IF2005,2020-04-13 10:32:53.600,3728.8000,10609,0,3116006880.000,0,-,-,-,-,3728.0000,3727.6000,3727.4000,3724.0000,3723.8000,3729.0000,3729.2000,3729.6000,3729.8000,3730.8000,1,1,1,8,1,4,5,2,3,1
SF,IF2005,2020-04-13 10:32:54.100,3728.8000,10609,0,3116006880.000,0,-,-,-,-,3728.0000,3727.6000,3727.4000,3724.0000,3723.8000,3728.6000,3728.8000,3729.0000,3729.2000,3729.6000,1,1,1,8,1,3,5,4,5,2
SF,IF2005,2020-04-13 10:32:54.600,3728.8000,10609,0,3116006880.000,0,-,-,-,-,3728.0000,3727.6000,3727.4000,3724.0000,3723.8000,3728.6000,3728.8000,3729.0000,3729.2000,3729.6000,1,1,1,8,1,3,5,4,5,2
SF,IF2005,2020-04-13 10:32:55.100,3728.8000,10609,0,3116006880.000,0,-,-,-,-,3728.0000,3727.6000,3727.4000,3724.0000,3723.8000,3728.6000,3728.8000,3729.0000,3729.2000,3729.6000,1,1,1,8,1,4,5,4,5,2
SF,IF2005,2020-04-13 10:32:55.600,3728.8000,10609,0,3116006880.000,0,-,-,-,-,3728.0000,3727.6000,3727.4000,3724.0000,3723.8000,3728.6000,3729.0000,3729.2000,3729.6000,3729.8000,1,1,1,8,1,1,4,5,2,3
SF,IF2005,2020-04-13 10:32:56.100,3728.8000,10610,1,3117125520.000,1,1,0,双开,S,3728.0000,3727.6000,3727.4000,3724.0000,3723.8000,3729.0000,3729.2000,3729.6000,3729.8000,3730.8000,1,1,1,8,1,4,5,2,3,1
SF,IF2005,2020-04-13 10:32:56.600,3728.8000,10610,0,3117125520.000,0,-,-,-,-,3728.0000,3727.6000,3727.4000,3724.0000,3723.8000,3728.8000,3729.0000,3729.2000,3729.6000,3729.8000,1,1,1,8,1,3,4,5,2,3
SF,IF2005,2020-04-13 10:32:57.100,3728.8000,10610,0,3117125520.000,0,-,-,-,-,3728.0000,3727.6000,3727.4000,3724.0000,3723.8000,3729.0000,3729.2000,3729.6000,3729.8000,3730.8000,1,1,1,8,1,4,5,2,3,1
SF,IF2005,2020-04-13 10:32:58.600,3728.8000,10610,0,3117125520.000,0,-,-,-,-,3728.2000,3728.0000,3727.6000,3727.4000,3724.0000,3729.0000,3729.6000,3729.8000,3730.8000,3731.2000,1,1,1,1,8,3,2,3,1,1
SF,IF2005,2020-04-13 10:32:59.100,3728.8000,10610,0,3117125520.000,0,-,-,-,-,3728.2000,3728.0000,3727.4000,3724.0000,3723.8000,3729.0000,3729.6000,3729.8000,3730.8000,3731.2000,1,1,1,8,1,3,2,3,1,1
SF,IF2005,2020-04-13 10:33:00.100,3728.8000,10610,0,3117125520.000,0,-,-,-,-,3728.2000,3728.0000,3727.4000,3724.0000,3723.8000,3729.6000,3729.8000,3730.8000,3731.2000,3731.4000,1,1,1,8,1,2,3,1,1,1
SF,IF2005,2020-04-13 10:33:00.600,3728.8000,10610,0,3117125520.000,0,-,-,-,-,3728.4000,3728.2000,3727.4000,3724.0000,3723.8000,3729.2000,3729.4000,3729.6000,3729.8000,3730.8000,1,1,1,8,1,5,3,2,3,1
SF,IF2005,2020-04-13 10:33:01.100,3729.2000,10611,1,3118244280.000,1,1,0,双开,S,3728.4000,3728.2000,3727.4000,3724.0000,3723.8000,3729.2000,3729.4000,3729.6000,3729.8000,3730.8000,1,1,1,8,1,9,7,2,3,1
SF,IF2005,2020-04-13 10:33:01.600,3728.4000,10611,0,3119362800.000,1,0,1,多换,S,3728.2000,3727.4000,3724.0000,3723.8000,3723.2000,3729.2000,3729.4000,3729.6000,3729.8000,3730.8000,1,1,8,1,2,9,7,2,3,1
SF,IF2005,2020-04-13 10:33:02.100,3728.4000,10611,0,3119362800.000,0,-,-,-,-,3728.2000,3727.4000,3724.0000,3723.8000,3723.2000,3729.0000,3729.2000,3729.4000,3729.6000,3729.8000,1,1,8,1,2,6,9,7,1,3
SF,IF2005,2020-04-13 10:33:02.600,3728.4000,10611,0,3119362800.000,0,-,-,-,-,3728.2000,3727.4000,3724.0000,3723.8000,3723.2000,3729.0000,3729.2000,3729.4000,3729.6000,3729.8000,1,1,8,1,2,2,9,7,1,3
SF,IF2005,2020-04-13 10:33:03.100,3728.4000,10611,0,3119362800.000,0,-,-,-,-,3728.2000,3727.4000,3724.0000,3723.8000,3723.2000,3729.0000,3729.2000,3729.4000,3729.6000,3729.8000,1,1,8,1,2,2,5,7,1,3
SF,IF2005,2020-04-13 10:33:03.600,3728.4000,10611,0,3119362800.000,0,-,-,-,-,3728.2000,3727.4000,3724.0000,3723.8000,3723.2000,3728.6000,3729.0000,3729.2000,3729.4000,3729.6000,1,1,8,1,2,1,2,5,7,1
SF,IF2005,2020-04-13 10:33:04.100,3728.4000,10611,0,3119362800.000,0,-,-,-,-,3728.2000,3727.4000,3724.0000,3723.8000,3723.2000,3729.0000,3729.4000,3729.6000,3729.8000,3730.8000,1,1,8,1,2,2,3,1,3,1
SF,IF2005,2020-04-13 10:33:05.100,3728.4000,10611,0,3119362800.000,0,-,-,-,-,3727.4000,3724.0000,3723.8000,3723.2000,3723.0000,3728.4000,3728.8000,3729.0000,3729.4000,3729.6000,1,8,1,2,3,1,5,4,3,1
SF,IF2005,2020-04-13 10:33:05.600,3728.4000,10611,0,3119362800.000,0,-,-,-,-,3727.6000,3727.4000,3724.0000,3723.8000,3723.2000,3728.4000,3728.8000,3729.0000,3729.4000,3729.6000,2,1,8,1,2,1,5,4,3,1
SF,IF2005,2020-04-13 10:33:06.100,3728.8000,10612,1,3121599960.000,2,1,1,空开,S,3727.6000,3727.4000,3724.0000,3723.8000,3723.2000,3728.8000,3729.0000,3729.4000,3729.6000,3729.8000,2,1,8,1,2,4,4,3,1,3
SF,IF2005,2020-04-13 10:33:06.600,3728.8000,10612,0,3121599960.000,0,-,-,-,-,3727.6000,3727.4000,3724.0000,3723.8000,3723.2000,3728.8000,3729.0000,3729.4000,3729.6000,3729.8000,2,1,8,1,2,3,2,3,1,3
SF,IF2005,2020-04-13 10:33:07.100,3728.8000,10612,0,3121599960.000,0,-,-,-,-,3727.6000,3727.4000,3724.0000,3723.8000,3723.2000,3728.6000,3728.8000,3729.0000,3729.4000,3729.6000,2,1,8,1,2,7,3,1,3,1
SF,IF2005,2020-04-13 10:33:07.600,3728.8000,10612,0,3121599960.000,0,-,-,-,-,3727.6000,3727.4000,3724.0000,3723.8000,3723.2000,3728.6000,3729.0000,3729.4000,3729.6000,3729.8000,2,1,8,1,2,10,1,3,1,3
SF,IF2005,2020-04-13 10:33:09.100,3728.8000,10612,0,3121599960.000,0,-,-,-,-,3727.6000,3727.4000,3724.0000,3723.8000,3723.2000,3728.4000,3728.6000,3729.4000,3729.6000,3729.8000,2,1,8,1,2,4,7,3,1,3
SF,IF2005,2020-04-13 10:33:09.600,3728.8000,10612,0,3121599960.000,0,-,-,-,-,3727.6000,3727.4000,3724.0000,3723.8000,3723.2000,3728.4000,3728.6000,3729.4000,3729.6000,3729.8000,2,1,8,1,2,4,1,3,1,3
SF,IF2005,2020-04-13 10:33:10.600,3728.8000,10612,0,3121599960.000,0,-,-,-,-,3727.6000,3727.4000,3724.0000,3723.8000,3723.2000,3728.4000,3728.6000,3729.4000,3729.6000,3729.8000,2,1,8,1,2,4,1,3,1,3
SF,IF2005,2020-04-13 10:33:11.100,3728.8000,10613,1,3122718600.000,1,1,0,双开,S,3727.6000,3727.4000,3724.0000,3723.8000,3723.2000,3728.4000,3728.6000,3729.4000,3729.6000,3729.8000,2,1,8,1,2,4,1,3,1,3
SF,IF2005,2020-04-13 10:33:14.100,3728.8000,10613,0,3122718600.000,0,-,-,-,-,3727.6000,3727.4000,3724.0000,3723.8000,3723.2000,3728.4000,3728.6000,3729.4000,3729.6000,3729.8000,2,1,8,1,2,1,1,3,1,3
SF,IF2005,2020-04-13 10:33:16.100,3729.4000,10615,2,3126074700.000,3,2,1,空开,S,3727.6000,3727.4000,3724.0000,3723.8000,3723.2000,3729.4000,3729.6000,3729.8000,3730.8000,3731.2000,2,1,8,1,2,2,1,3,1,1
SF,IF2005,2020-04-13 10:33:16.600,3729.4000,10615,0,3126074700.000,0,-,-,-,-,3727.8000,3727.6000,3727.4000,3724.0000,3723.8000,3729.0000,3729.2000,3729.4000,3729.6000,3729.8000,1,2,1,8,1,5,9,2,1,3
SF,IF2005,2020-04-13 10:33:17.600,3729.4000,10615,0,3126074700.000,0,-,-,-,-,3728.0000,3727.8000,3727.6000,3727.4000,3724.0000,3729.0000,3729.2000,3729.4000,3729.6000,3729.8000,1,1,1,1,8,5,9,2,1,3
SF,IF2005,2020-04-13 10:33:18.100,3729.4000,10615,0,3126074700.000,0,-,-,-,-,3728.0000,3727.8000,3727.6000,3727.4000,3724.0000,3728.8000,3729.0000,3729.2000,3729.4000,3729.6000,1,1,1,1,8,1,5,9,2,1
SF,IF2005,2020-04-13 10:33:20.100,3728.0000,10615,0,3127193100.000,1,0,1,多换,S,3727.8000,3727.6000,3727.4000,3724.0000,3723.8000,3728.8000,3729.0000,3729.2000,3729.4000,3729.6000,1,1,1,8,1,1,5,9,2,1
SF,IF2005,2020-04-13 10:33:20.600,3728.0000,10615,0,3127193100.000,0,-,-,-,-,3727.8000,3727.6000,3727.4000,3724.0000,3723.8000,3728.6000,3728.8000,3729.0000,3729.2000,3729.4000,1,1,1,8,1,5,1,5,9,2
SF,IF2005,2020-04-13 10:33:21.100,3728.6000,10616,1,3128311680.000,1,1,0,双开,S,3727.8000,3727.6000,3727.4000,3724.0000,3723.8000,3728.6000,3728.8000,3729.0000,3729.2000,3729.4000,1,1,1,8,1,4,1,5,9,2
SF,IF2005,2020-04-13 10:33:21.600,3728.6000,10616,0,3128311680.000,0,-,-,-,-,3727.8000,3727.6000,3727.4000,3724.0000,3723.8000,3728.6000,3728.8000,3729.0000,3729.2000,3729.4000,1,1,1,8,1,5,1,5,9,2
SF,IF2005,2020-04-13 10:33:22.100,3728.6000,10616,0,3128311680.000,0,-,-,-,-,3727.8000,3727.6000,3727.4000,3724.0000,3723.8000,3728.6000,3728.8000,3729.0000,3729.2000,3729.4000,1,1,1,8,1,5,1,5,8,2
SF,IF2005,2020-04-13 10:33:22.600,3728.6000,10616,0,3128311680.000,0,-,-,-,-,3727.8000,3727.6000,3727.4000,3724.0000,3723.8000,3728.6000,3728.8000,3729.0000,3729.2000,3729.4000,1,1,1,8,1,1,1,5,8,2
SF,IF2005,2020-04-13 10:33:24.600,3728.6000,10616,0,3128311680.000,0,-,-,-,-,3727.8000,3727.6000,3727.4000,3724.0000,3723.8000,3728.6000,3729.0000,3729.2000,3729.4000,3729.6000,1,1,1,8,1,1,5,8,2,1
SF,IF2005,2020-04-13 10:33:26.100,3728.6000,10617,1,3129430260.000,1,1,0,双开,S,3727.8000,3727.6000,3727.4000,3724.0000,3723.8000,3728.4000,3729.0000,3729.2000,3729.4000,3729.6000,1,1,1,8,1,1,5,8,2,1
SF,IF2005,2020-04-13 10:33:26.600,3728.6000,10617,0,3129430260.000,0,-,-,-,-,3727.8000,3727.6000,3727.4000,3724.0000,3723.8000,3728.0000,3728.4000,3729.0000,3729.2000,3729.4000,1,1,1,8,1,4,6,5,6,2
SF,IF2005,2020-04-13 10:33:27.100,3728.6000,10617,0,3129430260.000,0,-,-,-,-,3727.8000,3727.6000,3727.4000,3724.0000,3723.8000,3728.4000,3729.0000,3729.2000,3729.6000,3729.8000,1,1,1,8,1,6,5,1,1,3
SF,IF2005,2020-04-13 10:33:27.600,3728.6000,10617,0,3129430260.000,0,-,-,-,-,3727.8000,3727.6000,3727.4000,3724.0000,3723.8000,3728.2000,3728.4000,3729.0000,3729.2000,3729.6000,1,1,1,8,1,2,10,5,1,1
SF,IF2005,2020-04-13 10:33:30.600,3728.6000,10617,0,3129430260.000,0,-,-,-,-,3727.8000,3727.6000,3727.4000,3724.0000,3723.8000,3728.2000,3728.4000,3729.0000,3729.2000,3729.6000,1,1,1,8,1,2,9,5,1,1
SF,IF2005,2020-04-13 10:33:31.100,3728.6000,10618,1,3130548840.000,1,1,0,双开,S,3727.8000,3727.6000,3727.4000,3724.0000,3723.8000,3728.2000,3728.4000,3729.0000,3729.2000,3729.6000,1,1,1,8,1,1,9,5,1,1
SF,IF2005,2020-04-13 10:33:32.600,3728.6000,10618,0,3130548840.000,0,-,-,-,-,3727.8000,3727.6000,3727.4000,3724.0000,3723.8000,3728.4000,3729.0000,3729.2000,3729.6000,3729.8000,1,1,1,8,1,4,5,1,1,3
SF,IF2005,2020-04-13 10:33:33.100,3728.6000,10618,0,3130548840.000,0,-,-,-,-,3727.8000,3727.6000,3727.4000,3724.0000,3723.8000,3728.2000,3728.4000,3729.0000,3729.2000,3729.6000,1,1,1,8,1,1,4,5,1,1
SF,IF2005,2020-04-13 10:33:33.600,3728.6000,10618,0,3130548840.000,0,-,-,-,-,3727.8000,3727.6000,3727.4000,3724.0000,3723.8000,3728.4000,3729.0000,3729.2000,3729.6000,3729.8000,1,1,1,8,1,4,5,1,1,3
SF,IF2005,2020-04-13 10:33:34.600,3728.6000,10618,0,3130548840.000,0,-,-,-,-,3727.8000,3727.6000,3727.4000,3724.0000,3723.8000,3729.0000,3729.2000,3729.6000,3729.8000,3730.8000,1,1,1,8,1,5,1,1,3,1
SF,IF2005,2020-04-13 10:33:35.100,3728.6000,10618,0,3130548840.000,0,-,-,-,-,3727.8000,3727.6000,3727.4000,3724.0000,3723.8000,3728.6000,3728.8000,3729.0000,3729.2000,3729.6000,1,1,1,8,1,5,7,5,1,1
SF,IF2005,2020-04-13 10:33:36.100,3728.6000,10619,1,3131667420.000,1,1,0,双开,S,3727.8000,3727.6000,3727.4000,3724.0000,3723.8000,3728.4000,3728.6000,3728.8000,3729.0000,3729.2000,1,1,1,8,1,3,1,7,5,1
SF,IF2005,2020-04-13 10:33:36.600,3728.6000,10619,0,3131667420.000,0,-,-,-,-,3727.8000,3727.6000,3727.4000,3724.0000,3723.8000,3728.6000,3728.8000,3729.0000,3729.2000,3729.6000,1,1,1,8,1,1,7,5,1,1
SF,IF2005,2020-04-13 10:33:37.100,3728.6000,10619,0,3131667420.000,0,-,-,-,-,3727.8000,3727.6000,3727.4000,3724.0000,3723.8000,3728.6000,3728.8000,3729.0000,3729.2000,3729.6000,1,1,1,8,1,5,6,5,1,1
SF,IF2005,2020-04-13 10:33:37.600,3728.6000,10619,0,3131667420.000,0,-,-,-,-,3727.8000,3727.6000,3727.4000,3724.0000,3723.8000,3728.4000,3728.6000,3728.8000,3729.0000,3729.2000,1,1,1,8,1,7,5,6,5,1
SF,IF2005,2020-04-13 10:33:38.100,3728.6000,10619,0,3131667420.000,0,-,-,-,-,3727.8000,3727.6000,3727.4000,3724.0000,3723.8000,3728.4000,3728.6000,3728.8000,3729.0000,3729.2000,1,1,1,8,1,8,5,6,5,1
SF,IF2005,2020-04-13 10:33:38.600,3728.6000,10619,0,3131667420.000,0,-,-,-,-,3727.8000,3727.6000,3727.4000,3724.0000,3723.8000,3728.4000,3728.6000,3728.8000,3729.0000,3729.2000,1,1,1,8,1,3,5,5,5,1
SF,IF2005,2020-04-13 10:33:39.100,3728.6000,10619,0,3131667420.000,0,-,-,-,-,3727.8000,3727.6000,3727.4000,3724.0000,3723.8000,3728.2000,3728.4000,3728.6000,3728.8000,3729.0000,1,1,1,8,1,1,2,5,5,5
SF,IF2005,2020-04-13 10:33:39.600,3728.6000,10620,1,3132786000.000,1,1,0,双开,S,3727.8000,3727.6000,3727.4000,3724.0000,3723.8000,3728.0000,3728.4000,3728.6000,3728.8000,3729.0000,1,1,1,8,1,1,2,5,5,5
SF,IF2005,2020-04-13 10:33:40.100,3728.0000,10620,0,3133904400.000,1,0,1,多换,S,3728.2000,3727.8000,3727.6000,3727.4000,3724.0000,3728.4000,3728.6000,3728.8000,3729.0000,3729.2000,1,1,1,1,8,2,5,5,5,1
SF,IF2005,2020-04-13 10:33:40.600,3728.0000,10620,0,3133904400.000,0,-,-,-,-,3727.8000,3727.6000,3727.4000,3724.0000,3723.8000,3728.4000,3728.6000,3728.8000,3729.0000,3729.2000,1,1,1,8,1,2,5,5,5,1
SF,IF2005,2020-04-13 10:33:41.100,3728.4000,10621,1,3135022920.000,1,1,0,双开,S,3727.8000,3727.6000,3727.4000,3724.0000,3723.8000,3728.4000,3728.6000,3728.8000,3729.0000,3729.2000,1,1,1,8,1,1,5,5,5,1
SF,IF2005,2020-04-13 10:33:42.600,3728.4000,10621,0,3135022920.000,0,-,-,-,-,3727.8000,3727.6000,3727.4000,3724.0000,3723.8000,3728.4000,3728.6000,3728.8000,3729.0000,3729.2000,1,1,1,8,1,1,1,5,5,1
SF,IF2005,2020-04-13 10:33:43.600,3728.4000,10621,0,3136141440.000,1,0,1,多换,S,3727.8000,3727.6000,3727.4000,3724.0000,3723.8000,3728.6000,3728.8000,3729.0000,3729.2000,3729.6000,1,1,1,8,1,1,5,5,1,1
SF,IF2005,2020-04-13 10:33:44.100,3728.4000,10621,0,3136141440.000,0,-,-,-,-,3727.8000,3727.6000,3727.4000,3724.0000,3723.8000,3728.6000,3728.8000,3729.0000,3729.2000,3729.6000,1,1,1,8,1,3,5,5,1,1
SF,IF2005,2020-04-13 10:33:44.600,3728.4000,10621,0,3136141440.000,0,-,-,-,-,3727.8000,3727.6000,3727.4000,3724.0000,3723.8000,3728.6000,3728.8000,3729.0000,3729.2000,3729.6000,1,1,1,8,1,1,5,5,1,1
SF,IF2005,2020-04-13 10:33:46.100,3728.6000,10622,1,3137260020.000,1,1,0,双开,S,3727.8000,3727.6000,3727.4000,3724.0000,3723.8000,3728.8000,3729.0000,3729.2000,3729.6000,3729.8000,1,1,1,8,1,5,5,1,1,3
SF,IF2005,2020-04-13 10:33:46.600,3728.6000,10622,0,3137260020.000,0,-,-,-,-,3727.8000,3727.6000,3727.4000,3724.0000,3723.8000,3728.6000,3728.8000,3729.0000,3729.2000,3729.6000,1,1,1,8,1,5,5,5,1,1
SF,IF2005,2020-04-13 10:33:47.600,3728.6000,10622,0,3137260020.000,0,-,-,-,-,3727.8000,3727.6000,3727.4000,3724.0000,3723.8000,3728.6000,3728.8000,3729.0000,3729.2000,3729.6000,1,1,1,8,1,7,5,5,1,1
SF,IF2005,2020-04-13 10:33:48.100,3728.6000,10622,0,3137260020.000,0,-,-,-,-,3727.8000,3727.6000,3727.4000,3724.0000,3723.8000,3728.6000,3728.8000,3729.0000,3729.2000,3729.6000,1,1,1,8,1,2,5,5,1,1
SF,IF2005,2020-04-13 10:33:50.100,3728.6000,10623,1,3138378600.000,1,1,0,双开,S,3727.8000,3727.6000,3727.4000,3724.0000,3723.8000,3728.6000,3728.8000,3729.0000,3729.2000,3729.6000,1,1,1,8,1,1,5,5,1,1
SF,IF2005,2020-04-13 10:33:50.600,3728.6000,10623,0,3138378600.000,0,-,-,-,-,3727.8000,3727.6000,3727.4000,3724.0000,3723.8000,3728.4000,3728.6000,3728.8000,3729.0000,3729.2000,1,1,1,8,1,1,1,5,5,1
SF,IF2005,2020-04-13 10:33:51.100,3728.6000,10624,1,3139497180.000,1,1,0,双开,S,3727.8000,3727.6000,3727.4000,3724.0000,3723.8000,3728.6000,3728.8000,3729.0000,3729.2000,3729.6000,1,1,1,8,1,1,5,5,1,1
SF,IF2005,2020-04-13 10:33:51.600,3728.6000,10624,0,3139497180.000,0,-,-,-,-,3727.8000,3727.6000,3727.4000,3724.0000,3723.8000,3728.6000,3728.8000,3729.0000,3729.2000,3729.6000,1,1,1,8,1,2,5,5,1,1
SF,IF2005,2020-04-13 10:33:52.600,3727.8000,10623,-1,3140615520.000,1,0,1,双平,S,3727.6000,3727.4000,3724.0000,3723.8000,3723.2000,3728.6000,3729.2000,3729.6000,3729.8000,3730.8000,1,1,8,1,2,2,1,1,3,1
SF,IF2005,2020-04-13 10:33:55.100,3727.8000,10623,0,3140615520.000,0,-,-,-,-,3727.8000,3727.6000,3727.4000,3724.0000,3723.8000,3728.6000,3729.2000,3729.6000,3729.8000,3730.8000,2,1,1,8,1,2,1,1,3,1
SF,IF2005,2020-04-13 10:33:55.600,3727.8000,10623,0,3140615520.000,0,-,-,-,-,3727.8000,3727.6000,3727.4000,3724.0000,3723.8000,3728.6000,3729.2000,3729.6000,3729.8000,3730.8000,1,1,1,8,1,2,1,1,3,1
SF,IF2005,2020-04-13 10:33:56.100,3728.6000,10624,1,3141734100.000,1,1,0,双开,S,3727.8000,3727.6000,3727.4000,3724.0000,3723.8000,3728.6000,3729.2000,3729.6000,3729.8000,3730.8000,1,1,1,8,1,1,1,1,3,1
SF,IF2005,2020-04-13 10:33:57.600,3728.6000,10624,0,3141734100.000,0,-,-,-,-,3727.8000,3727.6000,3727.4000,3724.0000,3723.8000,3728.6000,3729.2000,3729.6000,3729.8000,3730.8000,2,1,1,8,1,1,1,1,3,1
SF,IF2005,2020-04-13 10:33:59.600,3728.6000,10624,0,3141734100.000,0,-,-,-,-,3727.8000,3727.6000,3727.4000,3725.0000,3724.0000,3728.6000,3729.2000,3729.6000,3729.8000,3730.8000,2,1,1,1,8,1,1,1,3,1
SF,IF2005,2020-04-13 10:34:00.100,3728.6000,10624,0,3141734100.000,0,-,-,-,-,3727.8000,3727.6000,3727.4000,3725.0000,3724.0000,3728.6000,3729.2000,3729.6000,3729.8000,3730.8000,2,1,1,1,8,1,1,1,3,1
SF,IF2005,2020-04-13 10:34:01.100,3728.6000,10625,1,3142852680.000,1,1,0,双开,S,3727.8000,3727.6000,3727.4000,3725.0000,3724.0000,3729.2000,3729.6000,3729.8000,3730.8000,3731.2000,2,1,1,1,8,1,1,3,1,1
SF,IF2005,2020-04-13 10:34:01.600,3728.6000,10625,0,3142852680.000,0,-,-,-,-,3727.8000,3727.6000,3727.4000,3725.0000,3724.0000,3728.8000,3729.2000,3729.6000,3729.8000,3730.8000,2,1,1,1,8,3,1,1,3,1
SF,IF2005,2020-04-13 10:34:04.100,3728.6000,10625,0,3142852680.000,0,-,-,-,-,3728.0000,3727.8000,3727.4000,3725.0000,3724.0000,3728.8000,3729.2000,3729.6000,3729.8000,3730.8000,1,2,1,1,8,3,1,1,3,1
SF,IF2005,2020-04-13 10:34:04.600,3728.6000,10625,0,3142852680.000,0,-,-,-,-,3728.0000,3727.8000,3727.4000,3725.0000,3724.0000,3728.8000,3729.2000,3729.6000,3729.8000,3730.8000,2,2,1,1,8,2,1,1,3,1
SF,IF2005,2020-04-13 10:34:05.100,3728.6000,10625,0,3142852680.000,0,-,-,-,-,3728.0000,3727.8000,3727.4000,3725.0000,3724.0000,3729.2000,3729.6000,3729.8000,3730.8000,3731.2000,1,2,1,1,8,1,1,3,1,1
SF,IF2005,2020-04-13 10:34:05.600,3728.6000,10625,0,3142852680.000,0,-,-,-,-,3728.0000,3727.8000,3727.4000,3725.0000,3724.0000,3729.0000,3729.2000,3729.6000,3729.8000,3730.8000,1,2,1,1,8,5,1,1,3,1
SF,IF2005,2020-04-13 10:34:06.100,3729.0000,10626,1,3143971380.000,1,1,0,双开,S,3728.0000,3727.8000,3727.4000,3725.0000,3724.0000,3729.0000,3729.2000,3729.6000,3729.8000,3730.8000,1,2,1,1,8,4,1,1,3,1
SF,IF2005,2020-04-13 10:34:06.600,3729.0000,10626,0,3143971380.000,0,-,-,-,-,3728.0000,3727.8000,3727.4000,3725.0000,3724.0000,3729.2000,3729.6000,3729.8000,3730.8000,3731.2000,1,2,1,1,8,1,1,3,1,1
SF,IF2005,2020-04-13 10:34:07.100,3729.0000,10626,0,3143971380.000,0,-,-,-,-,3728.2000,3728.0000,3727.8000,3727.4000,3725.0000,3729.2000,3729.6000,3729.8000,3730.8000,3731.2000,1,1,2,1,1,1,1,3,1,1
SF,IF2005,2020-04-13 10:34:08.600,3729.0000,10627,1,3145090080.000,1,1,0,双开,S,3728.2000,3728.0000,3727.8000,3727.4000,3725.0000,3729.0000,3729.2000,3729.6000,3729.8000,3730.8000,1,1,2,1,1,9,1,1,3,1
SF,IF2005,2020-04-13 10:34:09.600,3729.0000,10627,0,3145090080.000,0,-,-,-,-,3728.2000,3728.0000,3727.8000,3727.4000,3725.0000,3729.0000,3729.2000,3729.6000,3729.8000,3730.8000,1,1,2,1,1,4,1,1,3,1
SF,IF2005,2020-04-13 10:34:11.100,3729.0000,10628,1,3146208780.000,1,1,0,双开,S,3728.2000,3728.0000,3727.8000,3727.4000,3725.0000,3729.0000,3729.2000,3729.6000,3729.8000,3730.8000,1,1,2,1,1,3,1,1,3,1
SF,IF2005,2020-04-13 10:34:11.600,3729.0000,10628,0,3146208780.000,0,-,-,-,-,3728.0000,3727.8000,3727.4000,3725.0000,3724.0000,3728.8000,3729.0000,3729.2000,3729.6000,3729.8000,1,2,1,1,8,6,3,1,1,3
SF,IF2005,2020-04-13 10:34:12.600,3729.0000,10628,0,3146208780.000,0,-,-,-,-,3728.0000,3727.8000,3727.4000,3725.0000,3724.0000,3728.6000,3728.8000,3729.0000,3729.2000,3729.6000,1,2,1,1,8,1,6,3,1,1
SF,IF2005,2020-04-13 10:34:13.100,3729.0000,10628,0,3146208780.000,0,-,-,-,-,3728.0000,3727.8000,3727.4000,3725.0000,3724.0000,3728.6000,3728.8000,3729.0000,3729.2000,3729.6000,1,2,1,1,8,1,1,3,1,1
SF,IF2005,2020-04-13 10:34:13.600,3729.0000,10628,0,3146208780.000,0,-,-,-,-,3728.0000,3727.8000,3727.4000,3725.0000,3724.0000,3728.8000,3729.0000,3729.2000,3729.6000,3729.8000,1,2,1,1,8,1,3,1,1,3
SF,IF2005,2020-04-13 10:34:14.100,3729.0000,10628,0,3146208780.000,0,-,-,-,-,3728.0000,3727.8000,3727.4000,3725.0000,3724.0000,3728.8000,3729.2000,3729.6000,3729.8000,3730.8000,1,2,1,1,8,1,1,1,3,1
SF,IF2005,2020-04-13 10:34:16.100,3729.0000,10628,0,3147327480.000,1,0,1,多换,S,3729.0000,3728.0000,3727.8000,3727.4000,3725.0000,3729.2000,3729.6000,3729.8000,3730.8000,3731.2000,2,1,2,1,1,1,1,3,1,1
SF,IF2005,2020-04-13 10:34:16.600,3728.0000,10628,0,3150683280.000,3,1,2,多换,S,3727.8000,3727.4000,3725.0000,3724.0000,3723.8000,3728.0000,3728.6000,3728.8000,3729.0000,3729.2000,2,1,1,8,1,1,2,5,7,1
SF,IF2005,2020-04-13 10:34:17.100,3728.0000,10626,-2,3152920080.000,2,0,2,双平,S,3728.0000,3727.8000,3727.4000,3725.0000,3724.0000,3728.6000,3729.0000,3729.2000,3729.6000,3729.8000,1,2,1,1,8,1,4,1,1,3
SF,IF2005,2020-04-13 10:34:17.600,3728.0000,10626,0,3152920080.000,0,-,-,-,-,3727.8000,3727.4000,3725.0000,3724.0000,3723.8000,3728.0000,3728.6000,3729.0000,3729.2000,3729.6000,2,1,1,8,1,1,1,3,1,1
SF,IF2005,2020-04-13 10:34:18.100,3728.0000,10626,0,3154038480.000,1,0,1,多换,S,3727.8000,3727.4000,3725.0000,3724.0000,3723.8000,3728.6000,3729.0000,3729.2000,3729.6000,3729.8000,2,1,1,8,1,1,3,1,1,3
SF,IF2005,2020-04-13 10:34:20.600,3728.0000,10626,0,3154038480.000,0,-,-,-,-,3728.0000,3727.8000,3727.4000,3725.0000,3724.0000,3728.6000,3729.0000,3729.2000,3729.6000,3729.8000,1,2,1,1,8,1,3,1,1,3
SF,IF2005,2020-04-13 10:34:21.100,3728.6000,10627,1,3155157060.000,1,1,0,双开,S,3728.0000,3727.8000,3727.4000,3725.0000,3724.0000,3728.6000,3729.0000,3729.2000,3729.6000,3729.8000,1,2,1,1,8,2,3,1,1,3
SF,IF2005,2020-04-13 10:34:21.600,3728.6000,10627,0,3155157060.000,0,-,-,-,-,3728.0000,3727.8000,3727.4000,3725.0000,3724.0000,3728.6000,3728.8000,3729.0000,3729.2000,3729.6000,1,1,1,1,8,2,1,1,1,1
SF,IF2005,2020-04-13 10:34:22.100,3728.6000,10629,2,3157394220.000,2,2,0,双开,S,3728.0000,3727.8000,3727.4000,3725.0000,3724.0000,3728.8000,3729.0000,3729.2000,3729.6000,3729.8000,1,1,1,1,8,1,1,1,1,3
SF,IF2005,2020-04-13 10:34:22.600,3728.6000,10629,0,3157394220.000,0,-,-,-,-,3728.0000,3727.8000,3727.4000,3725.0000,3724.0000,3728.8000,3729.2000,3729.6000,3729.8000,3730.8000,1,1,1,1,8,1,1,1,3,1
SF,IF2005,2020-04-13 10:34:23.600,3728.8000,10630,1,3158512860.000,1,1,0,双开,S,3728.2000,3728.0000,3727.4000,3725.0000,3724.0000,3729.2000,3729.6000,3729.8000,3730.8000,3731.2000,1,1,1,1,8,1,1,3,1,1
SF,IF2005,2020-04-13 10:34:24.100,3728.8000,10630,0,3158512860.000,0,-,-,-,-,3728.2000,3728.0000,3727.4000,3725.0000,3724.0000,3729.0000,3729.2000,3729.6000,3729.8000,3730.8000,1,1,1,1,8,1,1,1,3,1
SF,IF2005,2020-04-13 10:34:25.600,3728.8000,10630,0,3158512860.000,0,-,-,-,-,3728.2000,3728.0000,3727.4000,3725.0000,3724.0000,3729.0000,3729.2000,3729.6000,3729.8000,3730.8000,1,1,1,4,8,1,1,1,3,1
SF,IF2005,2020-04-13 10:34:26.100,3729.0000,10630,0,3159631560.000,1,0,1,多换,S,3728.2000,3728.0000,3727.4000,3725.0000,3724.0000,3729.0000,3729.2000,3729.6000,3729.8000,3730.8000,1,1,1,4,8,1,1,1,3,1
SF,IF2005,2020-04-13 10:34:26.600,3729.0000,10630,0,3159631560.000,0,-,-,-,-,3728.2000,3728.0000,3727.4000,3725.0000,3724.0000,3729.0000,3729.2000,3729.6000,3729.8000,3730.8000,1,1,1,4,8,2,1,1,3,1
SF,IF2005,2020-04-13 10:34:27.100,3729.0000,10630,0,3159631560.000,0,-,-,-,-,3728.0000,3727.4000,3725.0000,3724.0000,3723.8000,3729.0000,3729.2000,3729.6000,3729.8000,3730.8000,1,1,4,8,1,1,1,1,3,1
SF,IF2005,2020-04-13 10:34:30.600,3729.0000,10630,0,3160750260.000,1,0,1,多换,S,3728.0000,3727.4000,3725.0000,3724.0000,3723.8000,3729.2000,3729.6000,3729.8000,3730.8000,3731.2000,1,1,4,8,1,1,1,3,1,1
SF,IF2005,2020-04-13 10:34:31.100,3729.2000,10630,0,3161869020.000,1,0,1,多换,S,3728.0000,3727.4000,3725.0000,3724.0000,3723.8000,3729.6000,3729.8000,3730.8000,3731.2000,3731.4000,1,1,4,8,1,1,3,1,1,1
SF,IF2005,2020-04-13 10:34:31.600,3729.2000,10630,0,3161869020.000,0,-,-,-,-,3728.2000,3728.0000,3727.4000,3725.0000,3724.0000,3728.4000,3729.0000,3729.4000,3729.6000,3729.8000,1,1,1,4,8,1,1,1,6,3
SF,IF2005,2020-04-13 10:34:32.100,3728.4000,10630,0,3162987540.000,1,0,1,多换,S,3728.2000,3728.0000,3727.4000,3725.0000,3724.0000,3729.0000,3729.4000,3729.6000,3729.8000,3730.8000,1,1,1,4,8,1,1,6,3,1
SF,IF2005,2020-04-13 10:34:35.600,3728.4000,10630,0,3162987540.000,0,-,-,-,-,3728.4000,3728.2000,3727.4000,3725.0000,3724.0000,3729.4000,3729.6000,3729.8000,3730.8000,3731.2000,1,1,1,4,8,1,6,1,1,1
SF,IF2005,2020-04-13 10:34:36.100,3729.4000,10630,0,3164106360.000,1,0,1,多换,S,3728.6000,3728.4000,3727.4000,3725.0000,3724.0000,3729.6000,3729.8000,3730.8000,3731.2000,3731.4000,1,2,1,4,8,5,1,3,1,1
SF,IF2005,2020-04-13 10:34:36.600,3729.4000,10630,0,3164106360.000,0,-,-,-,-,3728.6000,3728.4000,3727.4000,3725.0000,3724.0000,3729.2000,3729.6000,3729.8000,3730.8000,3731.2000,1,2,1,4,8,1,6,1,3,1
SF,IF2005,2020-04-13 10:34:37.100,3729.4000,10630,0,3164106360.000,0,-,-,-,-,3728.8000,3728.6000,3728.4000,3727.4000,3725.0000,3729.2000,3729.6000,3729.8000,3730.8000,3731.2000,1,1,1,1,4,2,5,1,3,1
SF,IF2005,2020-04-13 10:34:37.600,3729.4000,10630,0,3164106360.000,0,-,-,-,-,3728.8000,3728.6000,3728.4000,3727.4000,3725.0000,3729.6000,3729.8000,3730.8000,3731.2000,3731.4000,1,1,1,1,4,5,1,3,1,1
SF,IF2005,2020-04-13 10:34:38.100,3729.4000,10630,0,3164106360.000,0,-,-,-,-,3728.8000,3728.6000,3728.4000,3727.4000,3725.0000,3729.2000,3729.6000,3729.8000,3730.8000,3731.2000,1,1,1,1,4,1,5,1,3,1
SF,IF2005,2020-04-13 10:34:38.600,3729.4000,10630,0,3164106360.000,0,-,-,-,-,3728.8000,3728.6000,3728.4000,3727.4000,3725.0000,3729.2000,3729.6000,3729.8000,3730.8000,3731.2000,1,1,1,1,4,2,5,1,3,1
SF,IF2005,2020-04-13 10:34:39.100,3729.4000,10630,0,3164106360.000,0,-,-,-,-,3728.8000,3728.6000,3728.4000,3727.4000,3725.0000,3729.2000,3729.8000,3730.8000,3731.2000,3731.4000,1,1,1,1,4,1,1,3,1,1
SF,IF2005,2020-04-13 10:34:39.600,3729.4000,10630,0,3164106360.000,0,-,-,-,-,3728.8000,3728.6000,3728.4000,3727.4000,3725.0000,3729.2000,3729.8000,3730.8000,3731.2000,3731.4000,1,1,1,1,4,1,1,3,1,1
SF,IF2005,2020-04-13 10:34:40.100,3729.4000,10630,0,3164106360.000,0,-,-,-,-,3728.8000,3728.6000,3728.4000,3727.4000,3725.0000,3729.2000,3729.8000,3730.8000,3731.2000,3731.4000,1,1,1,1,4,1,1,3,1,1
SF,IF2005,2020-04-13 10:34:40.600,3729.4000,10630,0,3164106360.000,0,-,-,-,-,3728.8000,3728.6000,3727.4000,3725.0000,3724.0000,3729.2000,3729.8000,3730.8000,3731.2000,3731.4000,1,1,1,4,8,1,1,3,1,1
SF,IF2005,2020-04-13 10:34:41.100,3729.4000,10630,0,3165225180.000,1,0,1,多换,S,3728.8000,3728.6000,3728.4000,3727.4000,3725.0000,3729.8000,3730.8000,3731.2000,3731.4000,3731.6000,1,1,1,1,4,1,3,1,1,1
SF,IF2005,2020-04-13 10:34:41.600,3729.4000,10630,0,3165225180.000,0,-,-,-,-,3728.8000,3728.6000,3728.4000,3727.4000,3725.0000,3729.8000,3730.8000,3731.2000,3731.4000,3731.6000,1,1,1,1,4,3,3,1,1,1
SF,IF2005,2020-04-13 10:34:42.100,3729.4000,10630,0,3165225180.000,0,-,-,-,-,3729.2000,3728.8000,3728.6000,3728.4000,3727.4000,3729.8000,3730.8000,3731.2000,3731.4000,3731.6000,1,1,1,1,1,3,3,1,1,1
SF,IF2005,2020-04-13 10:34:42.600,3729.4000,10630,0,3165225180.000,0,-,-,-,-,3729.2000,3728.8000,3728.6000,3728.4000,3727.4000,3729.8000,3730.8000,3731.2000,3731.4000,3731.6000,1,1,1,1,1,1,3,1,1,1
SF,IF2005,2020-04-13 10:34:43.100,3729.4000,10630,0,3165225180.000,0,-,-,-,-,3729.2000,3728.8000,3728.6000,3728.4000,3727.4000,3729.8000,3730.8000,3731.2000,3731.4000,3731.6000,1,1,1,1,1,2,3,1,1,1
SF,IF2005,2020-04-13 10:34:43.600,3729.4000,10630,0,3165225180.000,0,-,-,-,-,3729.2000,3728.8000,3728.6000,3728.4000,3727.4000,3729.8000,3730.8000,3731.2000,3731.4000,3731.6000,1,1,1,1,1,1,3,1,1,1
SF,IF2005,2020-04-13 10:34:44.100,3729.2000,10630,0,3166343940.000,1,0,1,多换,S,3728.8000,3728.6000,3728.4000,3727.4000,3725.0000,3729.8000,3730.8000,3731.2000,3731.4000,3731.6000,1,1,1,1,4,1,3,1,1,1
SF,IF2005,2020-04-13 10:34:44.600,3729.2000,10630,0,3166343940.000,0,-,-,-,-,3728.8000,3728.6000,3728.4000,3727.4000,3725.0000,3729.2000,3729.8000,3730.8000,3731.2000,3731.4000,1,1,1,1,4,1,3,3,1,1
SF,IF2005,2020-04-13 10:34:45.100,3729.2000,10630,0,3166343940.000,0,-,-,-,-,3728.8000,3728.6000,3728.4000,3727.4000,3725.0000,3729.2000,3729.8000,3730.8000,3731.2000,3731.4000,1,1,1,1,4,1,2,3,1,1
SF,IF2005,2020-04-13 10:34:45.600,3729.2000,10630,0,3166343940.000,0,-,-,-,-,3728.8000,3728.6000,3728.4000,3727.4000,3725.0000,3729.8000,3730.8000,3731.2000,3731.4000,3731.6000,1,1,1,1,4,2,3,1,1,1
SF,IF2005,2020-04-13 10:34:46.100,3729.8000,10631,1,3167462880.000,1,1,0,双开,S,3729.0000,3728.8000,3728.4000,3727.4000,3725.0000,3729.8000,3730.8000,3731.2000,3731.4000,3731.6000,1,1,1,1,4,3,3,1,1,1
SF,IF2005,2020-04-13 10:34:46.600,3729.8000,10631,0,3167462880.000,0,-,-,-,-,3729.0000,3728.8000,3728.4000,3727.4000,3725.0000,3729.4000,3729.8000,3730.8000,3731.2000,3731.4000,1,1,1,1,4,1,4,3,1,1
SF,IF2005,2020-04-13 10:34:47.100,3729.8000,10631,0,3167462880.000,0,-,-,-,-,3729.0000,3728.8000,3728.4000,3727.4000,3725.0000,3729.4000,3729.8000,3730.8000,3731.2000,3731.4000,1,1,1,1,4,1,4,3,1,1
SF,IF2005,2020-04-13 10:34:47.600,3729.8000,10631,0,3167462880.000,0,-,-,-,-,3729.0000,3728.8000,3728.4000,3727.4000,3725.0000,3729.8000,3730.8000,3731.2000,3731.4000,3731.6000,1,1,1,1,4,4,3,1,1,1
SF,IF2005,2020-04-13 10:34:48.100,3729.8000,10631,0,3167462880.000,0,-,-,-,-,3729.0000,3728.8000,3728.4000,3727.4000,3725.0000,3729.8000,3730.8000,3731.2000,3731.4000,3731.6000,1,1,1,1,4,4,3,1,1,1
SF,IF2005,2020-04-13 10:34:49.100,3729.8000,10631,0,3167462880.000,0,-,-,-,-,3729.0000,3728.8000,3728.4000,3727.4000,3725.0000,3729.8000,3730.8000,3731.2000,3731.4000,3731.6000,1,1,1,1,4,4,3,1,1,1
SF,IF2005,2020-04-13 10:34:49.600,3729.8000,10631,0,3167462880.000,0,-,-,-,-,3729.0000,3728.8000,3728.4000,3727.4000,3725.0000,3729.8000,3730.8000,3731.2000,3731.4000,3731.6000,1,1,1,1,4,4,3,1,1,1
SF,IF2005,2020-04-13 10:34:50.100,3729.0000,10630,-1,3168581580.000,1,0,1,双平,S,3728.8000,3728.4000,3727.4000,3725.0000,3724.0000,3729.0000,3729.6000,3729.8000,3730.8000,3731.2000,1,1,1,4,8,1,5,4,3,1
SF,IF2005,2020-04-13 10:34:50.600,3728.8000,10630,0,3169700220.000,1,0,1,多换,S,3728.4000,3727.4000,3725.0000,3724.0000,3723.8000,3729.0000,3729.6000,3729.8000,3730.8000,3731.2000,1,1,4,8,1,2,6,4,3,1
SF,IF2005,2020-04-13 10:34:51.100,3729.0000,10631,1,3170818920.000,1,1,0,双开,S,3728.4000,3727.4000,3725.0000,3724.0000,3723.8000,3729.6000,3729.8000,3730.8000,3731.2000,3731.4000,1,1,4,8,1,6,4,3,1,1
SF,IF2005,2020-04-13 10:34:51.600,3729.0000,10631,0,3170818920.000,0,-,-,-,-,3728.4000,3727.4000,3725.0000,3724.0000,3723.8000,3729.4000,3729.6000,3729.8000,3730.8000,3731.2000,1,1,4,8,1,4,7,1,3,1
SF,IF2005,2020-04-13 10:34:52.100,3729.0000,10631,0,3170818920.000,0,-,-,-,-,3728.4000,3727.4000,3725.0000,3724.0000,3723.8000,3728.6000,3729.4000,3729.6000,3729.8000,3730.8000,1,1,4,8,1,2,3,6,1,3
SF,IF2005,2020-04-13 10:34:52.600,3728.6000,10633,2,3173056080.000,2,2,0,双开,S,3728.4000,3727.4000,3725.0000,3724.0000,3723.8000,3729.4000,3729.6000,3729.8000,3730.8000,3731.2000,1,1,4,8,1,2,1,1,3,1
SF,IF2005,2020-04-13 10:34:53.600,3728.6000,10633,0,3173056080.000,0,-,-,-,-,3728.4000,3727.4000,3725.0000,3724.0000,3723.8000,3729.4000,3729.6000,3729.8000,3730.8000,3731.2000,1,1,4,8,1,2,1,1,3,1
SF,IF2005,2020-04-13 10:34:54.100,3728.6000,10633,0,3173056080.000,0,-,-,-,-,3728.4000,3727.4000,3725.0000,3724.0000,3723.8000,3729.4000,3729.6000,3729.8000,3730.8000,3731.2000,1,1,4,8,1,2,1,1,3,1
SF,IF2005,2020-04-13 10:34:54.600,3728.6000,10633,0,3173056080.000,0,-,-,-,-,3728.4000,3727.4000,3725.0000,3724.0000,3723.8000,3729.4000,3729.6000,3729.8000,3730.8000,3731.2000,1,1,4,8,1,2,1,1,3,1
SF,IF2005,2020-04-13 10:34:55.100,3728.6000,10633,0,3173056080.000,0,-,-,-,-,3728.4000,3727.4000,3725.0000,3724.0000,3723.8000,3729.4000,3729.6000,3729.8000,3730.8000,3731.2000,1,1,4,8,1,2,1,1,3,1
SF,IF2005,2020-04-13 10:34:55.600,3728.6000,10633,0,3173056080.000,0,-,-,-,-,3728.4000,3727.4000,3725.0000,3724.0000,3723.8000,3729.4000,3729.6000,3729.8000,3730.8000,3731.2000,1,1,4,8,1,2,1,1,3,1
SF,IF2005,2020-04-13 10:34:56.100,3729.4000,10633,0,3174174900.000,1,0,1,多换,S,3728.6000,3728.4000,3727.4000,3725.0000,3724.0000,3729.4000,3729.6000,3729.8000,3730.8000,3731.2000,1,2,1,4,8,1,1,1,3,1
SF,IF2005,2020-04-13 10:34:56.600,3729.4000,10633,0,3174174900.000,0,-,-,-,-,3728.6000,3728.4000,3727.4000,3725.0000,3724.0000,3729.4000,3729.6000,3729.8000,3730.8000,3731.2000,1,1,1,4,8,1,1,1,3,1
SF,IF2005,2020-04-13 10:34:57.100,3729.4000,10633,0,3174174900.000,0,-,-,-,-,3728.6000,3728.4000,3727.4000,3725.0000,3724.0000,3729.2000,3729.4000,3729.6000,3729.8000,3730.8000,1,1,1,4,8,1,1,1,1,3
SF,IF2005,2020-04-13 10:34:57.600,3729.4000,10633,0,3174174900.000,0,-,-,-,-,3728.6000,3728.4000,3727.4000,3725.0000,3724.0000,3729.2000,3729.4000,3729.6000,3729.8000,3730.8000,1,1,1,4,8,1,1,1,1,3
SF,IF2005,2020-04-13 10:34:58.100,3729.4000,10633,0,3174174900.000,0,-,-,-,-,3728.6000,3728.4000,3727.4000,3725.0000,3724.0000,3729.2000,3729.4000,3729.6000,3729.8000,3730.8000,1,1,1,4,8,1,1,1,1,3
SF,IF2005,2020-04-13 10:34:58.600,3729.4000,10633,0,3174174900.000,0,-,-,-,-,3728.6000,3728.4000,3727.4000,3725.0000,3724.0000,3729.2000,3729.4000,3729.6000,3729.8000,3730.8000,1,1,1,4,8,1,1,1,1,3
SF,IF2005,2020-04-13 10:34:59.100,3729.4000,10633,0,3174174900.000,0,-,-,-,-,3728.6000,3728.4000,3727.4000,3725.0000,3724.0000,3729.2000,3729.4000,3729.6000,3729.8000,3730.8000,1,1,1,4,8,1,1,1,1,3
SF,IF2005,2020-04-13 10:34:59.600,3729.2000,10634,1,3175293660.000,1,1,0,双开,S,3728.6000,3728.4000,3727.4000,3725.0000,3724.0000,3729.0000,3729.2000,3729.4000,3729.6000,3729.8000,1,1,1,4,8,1,1,1,1,1
SF,IF2005,2020-04-13 10:35:00.600,3729.0000,10635,1,3176412360.000,1,1,0,双开,S,3728.6000,3728.4000,3727.4000,3725.0000,3724.0000,3728.8000,3729.2000,3729.4000,3729.6000,3729.8000,1,1,1,4,8,1,1,1,1,1
SF,IF2005,2020-04-13 10:35:01.100,3728.6000,10636,1,3178649640.000,2,1,1,空开,S,3728.4000,3727.4000,3725.0000,3724.0000,3723.8000,3728.6000,3729.2000,3729.4000,3729.6000,3729.8000,1,1,4,8,1,1,1,1,1,1
SF,IF2005,2020-04-13 10:35:01.600,3728.4000,10638,2,3180886740.000,2,2,0,双开,S,3727.4000,3725.0000,3724.0000,3723.8000,3723.2000,3728.4000,3729.2000,3729.4000,3729.6000,3729.8000,1,4,8,1,2,1,1,1,1,1
SF,IF2005,2020-04-13 10:35:02.100,3728.4000,10639,1,3182005260.000,1,1,0,双开,S,3728.0000,3727.8000,3727.6000,3727.4000,3725.0000,3728.2000,3729.2000,3729.4000,3729.6000,3729.8000,2,3,3,2,4,1,1,1,1,1
SF,IF2005,2020-04-13 10:35:02.600,3728.4000,10639,0,3183123780.000,1,0,1,多换,S,3728.2000,3727.8000,3727.6000,3727.4000,3725.0000,3728.6000,3729.2000,3729.4000,3729.6000,3729.8000,1,4,5,2,4,1,1,1,1,1
SF,IF2005,2020-04-13 10:35:03.100,3728.4000,10639,0,3183123780.000,0,-,-,-,-,3727.8000,3727.6000,3727.4000,3725.0000,3724.0000,3728.6000,3729.2000,3729.4000,3729.6000,3730.8000,3,4,2,4,8,1,1,1,1,3
SF,IF2005,2020-04-13 10:35:03.600,3728.4000,10639,0,3183123780.000,0,-,-,-,-,3727.8000,3727.6000,3727.4000,3725.0000,3724.0000,3728.6000,3729.2000,3729.4000,3729.6000,3730.8000,2,4,2,4,8,1,1,1,1,3
SF,IF2005,2020-04-13 10:35:04.100,3728.4000,10639,0,3183123780.000,0,-,-,-,-,3728.0000,3727.8000,3727.6000,3727.4000,3725.0000,3728.6000,3729.2000,3729.4000,3729.6000,3730.8000,1,3,3,2,4,1,1,1,1,3
SF,IF2005,2020-04-13 10:35:05.100,3728.4000,10639,0,3183123780.000,0,-,-,-,-,3728.0000,3727.8000,3727.6000,3727.4000,3725.0000,3728.6000,3729.2000,3729.4000,3730.8000,3731.2000,1,3,3,2,4,1,1,1,3,1
SF,IF2005,2020-04-13 10:35:05.600,3728.4000,10639,0,3183123780.000,0,-,-,-,-,3728.0000,3727.8000,3727.6000,3727.4000,3725.0000,3729.2000,3729.4000,3730.8000,3731.2000,3731.4000,1,3,2,2,4,1,1,3,1,1
SF,IF2005,2020-04-13 10:35:06.100,3729.0000,10640,1,3184242480.000,1,1,0,双开,S,3728.0000,3727.8000,3727.6000,3727.4000,3725.0000,3729.0000,3729.2000,3729.4000,3730.8000,3731.2000,1,3,2,2,4,2,5,1,3,1
SF,IF2005,2020-04-13 10:35:06.600,3729.0000,10640,0,3184242480.000,0,-,-,-,-,3727.8000,3727.6000,3727.4000,3725.0000,3724.0000,3729.0000,3729.2000,3729.4000,3730.8000,3731.2000,3,2,2,4,8,1,5,1,3,1
SF,IF2005,2020-04-13 10:35:07.100,3729.0000,10640,0,3184242480.000,0,-,-,-,-,3727.8000,3727.6000,3727.4000,3725.0000,3724.0000,3728.8000,3729.0000,3729.2000,3730.8000,3731.2000,1,2,2,4,8,2,1,5,3,1
SF,IF2005,2020-04-13 10:35:07.600,3729.0000,10640,0,3184242480.000,0,-,-,-,-,3727.6000,3727.4000,3725.0000,3724.0000,3723.8000,3728.6000,3728.8000,3729.2000,3730.8000,3731.2000,2,2,4,8,1,1,1,5,3,1
SF,IF2005,2020-04-13 10:35:08.100,3729.0000,10640,0,3184242480.000,0,-,-,-,-,3727.6000,3727.4000,3725.0000,3724.0000,3723.8000,3728.4000,3728.6000,3728.8000,3729.2000,3730.8000,2,2,4,8,1,1,1,1,5,3
SF,IF2005,2020-04-13 10:35:09.100,3728.4000,10641,1,3185361000.000,1,1,0,双开,S,3727.6000,3727.4000,3725.0000,3724.0000,3723.8000,3728.2000,3728.6000,3728.8000,3729.2000,3730.8000,2,2,4,8,1,1,1,1,5,3
SF,IF2005,2020-04-13 10:35:09.600,3728.4000,10642,1,3186479520.000,1,1,0,双开,S,3727.6000,3727.4000,3725.0000,3724.0000,3723.8000,3728.6000,3728.8000,3729.2000,3730.8000,3731.2000,2,2,4,8,1,1,1,5,3,1
SF,IF2005,2020-04-13 10:35:11.100,3728.6000,10642,0,3187598100.000,1,0,1,多换,S,3727.6000,3727.4000,3725.0000,3724.0000,3723.8000,3728.8000,3729.2000,3730.8000,3731.2000,3731.4000,2,2,4,8,1,1,5,3,1,1
SF,IF2005,2020-04-13 10:35:11.600,3728.6000,10642,0,3187598100.000,0,-,-,-,-,3727.6000,3727.4000,3725.0000,3724.0000,3723.8000,3728.8000,3729.2000,3730.8000,3731.2000,3731.4000,2,2,4,8,1,5,1,3,1,1
SF,IF2005,2020-04-13 10:35:12.100,3728.6000,10642,0,3187598100.000,0,-,-,-,-,3727.6000,3727.4000,3725.0000,3724.0000,3723.8000,3728.8000,3729.2000,3730.8000,3731.2000,3731.4000,2,2,4,8,1,6,1,3,1,1
SF,IF2005,2020-04-13 10:35:13.600,3728.6000,10642,0,3187598100.000,0,-,-,-,-,3727.8000,3727.6000,3727.4000,3725.0000,3724.0000,3728.8000,3729.2000,3730.8000,3731.2000,3731.4000,1,2,2,4,8,6,1,3,1,1
SF,IF2005,2020-04-13 10:35:14.100,3728.6000,10642,0,3187598100.000,0,-,-,-,-,3727.8000,3727.6000,3727.4000,3725.0000,3724.0000,3728.4000,3728.8000,3729.2000,3730.8000,3731.2000,1,2,2,4,8,4,1,1,3,1
SF,IF2005,2020-04-13 10:35:14.600,3728.6000,10642,0,3187598100.000,0,-,-,-,-,3727.8000,3727.6000,3727.4000,3725.0000,3724.0000,3728.4000,3728.8000,3729.2000,3729.8000,3730.8000,1,2,2,4,8,5,1,1,1,3
SF,IF2005,2020-04-13 10:35:15.100,3728.6000,10642,0,3187598100.000,0,-,-,-,-,3727.8000,3727.6000,3727.4000,3725.0000,3724.0000,3728.8000,3729.2000,3729.8000,3730.8000,3731.2000,2,2,2,4,8,1,1,1,3,1
SF,IF2005,2020-04-13 10:35:16.100,3728.8000,10642,0,3188716740.000,1,0,1,多换,S,3728.6000,3727.8000,3727.6000,3727.4000,3725.0000,3728.8000,3729.2000,3729.8000,3730.8000,3731.2000,2,2,2,2,4,4,1,1,3,1
SF,IF2005,2020-04-13 10:35:16.600,3728.6000,10642,0,3190953900.000,2,1,1,多换,S,3727.8000,3727.6000,3727.4000,3725.0000,3724.0000,3728.6000,3728.8000,3729.2000,3729.8000,3730.8000,2,2,2,4,8,3,4,1,1,1
SF,IF2005,2020-04-13 10:35:17.100,3728.6000,10642,0,3190953900.000,0,-,-,-,-,3728.0000,3727.8000,3727.6000,3727.4000,3725.0000,3728.6000,3728.8000,3729.2000,3729.8000,3730.2000,1,2,1,2,4,2,4,1,1,2
SF,IF2005,2020-04-13 10:35:18.100,3728.6000,10644,2,3193191060.000,2,2,0,双开,S,3728.2000,3728.0000,3727.8000,3727.6000,3727.4000,3728.8000,3729.2000,3729.8000,3730.2000,3730.8000,2,1,1,1,2,4,1,1,2,1
SF,IF2005,2020-04-13 10:35:18.600,3728.8000,10645,1,3195428340.000,2,1,1,空开,S,3728.2000,3728.0000,3727.8000,3727.6000,3727.4000,3729.2000,3729.8000,3730.2000,3730.8000,3731.2000,2,1,1,1,2,1,1,2,1,1
SF,IF2005,2020-04-13 10:35:19.100,3728.8000,10645,0,3195428340.000,0,-,-,-,-,3728.4000,3728.2000,3727.8000,3727.6000,3727.4000,3729.2000,3729.8000,3730.2000,3730.8000,3731.2000,1,2,1,1,2,1,1,2,1,1
SF,IF2005,2020-04-13 10:35:20.600,3728.8000,10645,0,3195428340.000,0,-,-,-,-,3728.4000,3728.2000,3727.8000,3727.6000,3727.4000,3729.2000,3729.8000,3730.2000,3730.8000,3731.2000,1,1,1,1,2,1,1,2,1,1
SF,IF2005,2020-04-13 10:35:21.100,3729.0000,10646,1,3197665560.000,2,1,1,空开,S,3728.2000,3727.8000,3727.6000,3727.4000,3725.0000,3729.2000,3729.8000,3730.2000,3730.8000,3731.2000,1,1,1,2,4,1,1,2,1,1
SF,IF2005,2020-04-13 10:35:21.600,3729.0000,10646,0,3197665560.000,0,-,-,-,-,3728.2000,3727.8000,3727.6000,3727.4000,3725.0000,3729.0000,3729.2000,3729.8000,3730.2000,3730.8000,1,1,1,2,4,6,3,1,2,1
SF,IF2005,2020-04-13 10:35:22.100,3728.2000,10646,0,3198784020.000,1,0,1,多换,S,3727.8000,3727.4000,3725.0000,3724.0000,3723.8000,3728.6000,3728.8000,3729.0000,3729.2000,3729.8000,1,2,4,8,1,5,4,7,1,1
SF,IF2005,2020-04-13 10:35:22.600,3728.2000,10646,0,3198784020.000,0,-,-,-,-,3727.8000,3727.4000,3725.0000,3724.0000,3723.8000,3728.8000,3729.0000,3729.2000,3729.8000,3730.2000,1,2,4,8,1,2,7,1,1,2
SF,IF2005,2020-04-13 10:35:23.100,3728.2000,10646,0,3198784020.000,0,-,-,-,-,3727.8000,3727.4000,3725.0000,3724.0000,3723.8000,3728.6000,3729.0000,3729.2000,3729.8000,3730.2000,1,2,4,8,1,2,1,1,1,2
SF,IF2005,2020-04-13 10:35:23.600,3728.6000,10648,2,3201021180.000,2,2,0,双开,S,3728.0000,3727.8000,3727.4000,3725.0000,3724.0000,3729.0000,3729.2000,3729.8000,3730.2000,3730.8000,2,1,2,4,8,1,1,1,2,1
SF,IF2005,2020-04-13 10:35:24.100,3728.6000,10648,0,3201021180.000,0,-,-,-,-,3728.2000,3728.0000,3727.8000,3727.4000,3725.0000,3729.2000,3729.8000,3730.2000,3730.8000,3731.2000,1,3,2,2,4,1,1,2,1,1
SF,IF2005,2020-04-13 10:35:24.600,3728.6000,10648,0,3201021180.000,0,-,-,-,-,3728.4000,3728.2000,3728.0000,3727.8000,3727.4000,3729.2000,3729.8000,3730.2000,3730.8000,3731.2000,1,1,2,2,2,1,1,2,1,1
SF,IF2005,2020-04-13 10:35:25.100,3728.6000,10648,0,3201021180.000,0,-,-,-,-,3728.4000,3728.2000,3728.0000,3727.8000,3727.4000,3729.2000,3729.8000,3730.2000,3730.8000,3731.2000,2,1,1,2,2,1,1,2,1,1
SF,IF2005,2020-04-13 10:35:26.100,3729.2000,10649,1,3202139940.000,1,1,0,双开,S,3728.4000,3728.2000,3727.8000,3727.4000,3725.0000,3729.8000,3730.2000,3730.8000,3731.2000,3731.4000,2,1,2,2,4,1,2,1,1,1
SF,IF2005,2020-04-13 10:35:26.600,3729.2000,10649,0,3202139940.000,0,-,-,-,-,3728.6000,3728.4000,3727.8000,3727.4000,3725.0000,3729.6000,3729.8000,3730.2000,3730.8000,3731.2000,1,1,2,2,4,2,1,2,1,1
SF,IF2005,2020-04-13 10:35:27.100,3729.2000,10649,0,3202139940.000,0,-,-,-,-,3728.6000,3728.4000,3727.8000,3727.4000,3725.0000,3729.0000,3729.6000,3729.8000,3730.2000,3730.8000,1,1,2,2,4,1,2,1,2,1
SF,IF2005,2020-04-13 10:35:27.600,3729.2000,10649,0,3202139940.000,0,-,-,-,-,3728.6000,3728.4000,3727.8000,3727.4000,3725.0000,3729.6000,3729.8000,3730.2000,3730.8000,3731.2000,1,1,2,2,4,2,1,2,1,1
SF,IF2005,2020-04-13 10:35:28.100,3729.2000,10649,0,3202139940.000,0,-,-,-,-,3728.6000,3728.4000,3727.8000,3727.4000,3725.0000,3729.4000,3729.6000,3729.8000,3730.2000,3730.8000,1,1,2,2,4,1,2,1,2,1
SF,IF2005,2020-04-13 10:35:28.600,3729.2000,10649,0,3202139940.000,0,-,-,-,-,3728.6000,3728.4000,3727.8000,3727.4000,3725.0000,3729.4000,3729.6000,3729.8000,3730.8000,3731.2000,1,1,2,2,4,1,2,1,1,1
SF,IF2005,2020-04-13 10:35:29.100,3729.2000,10649,0,3202139940.000,0,-,-,-,-,3728.6000,3728.4000,3727.8000,3727.4000,3725.0000,3729.6000,3729.8000,3730.8000,3731.2000,3731.4000,1,1,2,2,4,2,1,1,3,1
SF,IF2005,2020-04-13 10:35:29.600,3729.2000,10649,0,3202139940.000,0,-,-,-,-,3728.8000,3728.6000,3728.4000,3727.8000,3727.4000,3729.6000,3729.8000,3730.8000,3731.2000,3731.4000,1,2,1,1,2,2,1,1,3,1
SF,IF2005,2020-04-13 10:35:30.100,3729.2000,10649,0,3202139940.000,0,-,-,-,-,3728.6000,3728.4000,3727.8000,3727.4000,3725.0000,3729.6000,3729.8000,3730.8000,3731.2000,3731.4000,1,1,1,2,4,2,1,1,3,1
SF,IF2005,2020-04-13 10:35:30.600,3729.2000,10649,0,3202139940.000,0,-,-,-,-,3728.6000,3728.4000,3727.8000,3727.4000,3725.0000,3729.6000,3729.8000,3730.8000,3731.2000,3731.4000,1,1,1,2,4,2,1,1,3,1
SF,IF2005,2020-04-13 10:35:31.100,3729.6000,10649,0,3203258820.000,1,0,1,多换,S,3728.4000,3727.8000,3727.4000,3725.0000,3724.0000,3729.6000,3729.8000,3730.8000,3731.2000,3731.4000,1,1,2,4,8,1,1,1,3,1
SF,IF2005,2020-04-13 10:35:31.600,3729.6000,10649,0,3203258820.000,0,-,-,-,-,3728.4000,3727.8000,3727.4000,3725.0000,3724.0000,3729.2000,3729.4000,3729.8000,3730.8000,3731.2000,1,1,2,4,8,1,1,1,1,3
SF,IF2005,2020-04-13 10:35:32.100,3729.6000,10649,0,3203258820.000,0,-,-,-,-,3728.4000,3727.8000,3727.4000,3725.0000,3724.0000,3728.8000,3729.2000,3729.4000,3729.8000,3730.8000,1,1,2,4,8,1,1,1,1,1
SF,IF2005,2020-04-13 10:35:33.100,3729.6000,10649,0,3203258820.000,0,-,-,-,-,3728.4000,3727.8000,3727.4000,3725.0000,3724.0000,3729.2000,3729.4000,3729.8000,3730.8000,3731.2000,1,1,2,4,8,1,1,1,1,3
SF,IF2005,2020-04-13 10:35:33.600,3729.6000,10649,0,3203258820.000,0,-,-,-,-,3728.4000,3727.8000,3727.4000,3726.6000,3725.0000,3729.2000,3729.8000,3730.8000,3731.2000,3731.4000,1,1,2,2,4,1,1,1,3,1
SF,IF2005,2020-04-13 10:35:34.100,3729.6000,10649,0,3203258820.000,0,-,-,-,-,3728.6000,3728.4000,3727.8000,3727.4000,3726.6000,3729.2000,3729.8000,3730.8000,3731.2000,3731.4000,1,1,1,2,2,1,1,1,3,1
SF,IF2005,2020-04-13 10:35:34.600,3729.6000,10649,0,3203258820.000,0,-,-,-,-,3728.6000,3728.4000,3727.8000,3727.4000,3726.6000,3729.2000,3729.8000,3730.8000,3731.2000,3731.4000,1,1,1,2,2,1,1,1,3,1
SF,IF2005,2020-04-13 10:35:36.100,3729.6000,10649,0,3204377700.000,1,0,1,多换,S,3728.6000,3728.4000,3727.8000,3727.4000,3726.6000,3729.8000,3730.8000,3731.2000,3731.4000,3731.6000,1,1,1,2,2,1,1,3,1,1
SF,IF2005,2020-04-13 10:35:39.600,3729.6000,10649,0,3204377700.000,0,-,-,-,-,3728.8000,3728.6000,3728.4000,3727.8000,3727.4000,3729.8000,3730.8000,3731.2000,3731.4000,3731.6000,1,1,1,1,2,1,1,3,1,1
SF,IF2005,2020-04-13 10:35:40.100,3729.6000,10649,0,3204377700.000,0,-,-,-,-,3729.0000,3728.8000,3728.6000,3727.8000,3727.4000,3729.8000,3730.8000,3731.2000,3731.4000,3731.6000,1,4,1,1,2,1,1,3,1,1
SF,IF2005,2020-04-13 10:35:41.100,3729.8000,10650,1,3205496640.000,1,1,0,双开,S,3729.0000,3728.8000,3728.6000,3727.8000,3727.4000,3730.8000,3731.2000,3731.4000,3731.6000,3731.8000,1,2,1,1,2,1,3,1,1,1
SF,IF2005,2020-04-13 10:35:41.600,3729.8000,10650,0,3205496640.000,0,-,-,-,-,3729.2000,3729.0000,3728.6000,3727.8000,3727.4000,3730.4000,3730.6000,3730.8000,3731.2000,3731.4000,2,1,1,1,2,5,6,1,3,1
SF,IF2005,2020-04-13 10:35:42.100,3729.8000,10650,0,3205496640.000,0,-,-,-,-,3729.2000,3729.0000,3727.8000,3727.4000,3726.6000,3730.2000,3730.4000,3730.6000,3730.8000,3731.2000,2,1,1,2,2,1,5,6,1,3
SF,IF2005,2020-04-13 10:35:42.600,3729.8000,10650,0,3205496640.000,0,-,-,-,-,3729.2000,3729.0000,3727.8000,3727.4000,3726.6000,3730.0000,3730.2000,3730.4000,3730.6000,3730.8000,2,1,1,2,2,5,6,5,6,1
SF,IF2005,2020-04-13 10:35:43.100,3729.8000,10650,0,3205496640.000,0,-,-,-,-,3729.2000,3729.0000,3727.8000,3727.4000,3726.6000,3730.2000,3730.4000,3730.6000,3730.8000,3731.2000,1,1,1,2,2,1,5,6,1,3
SF,IF2005,2020-04-13 10:35:44.100,3729.8000,10650,0,3205496640.000,0,-,-,-,-,3729.2000,3729.0000,3727.8000,3727.4000,3726.6000,3730.0000,3730.2000,3730.4000,3730.6000,3730.8000,1,1,1,2,2,6,1,5,6,1
SF,IF2005,2020-04-13 10:35:45.100,3729.8000,10650,0,3205496640.000,0,-,-,-,-,3729.2000,3729.0000,3727.8000,3727.4000,3726.6000,3730.0000,3730.2000,3730.4000,3730.6000,3730.8000,1,1,1,2,2,1,1,5,6,1
SF,IF2005,2020-04-13 10:35:46.100,3730.0000,10650,0,3206615640.000,1,0,1,多换,S,3729.2000,3729.0000,3727.8000,3727.4000,3726.6000,3730.2000,3730.4000,3730.6000,3730.8000,3731.2000,1,1,1,2,2,1,5,6,1,3
SF,IF2005,2020-04-13 10:35:47.600,3730.0000,10650,0,3206615640.000,0,-,-,-,-,3729.4000,3729.2000,3729.0000,3727.8000,3727.4000,3730.2000,3730.4000,3730.6000,3730.8000,3731.2000,1,1,1,1,2,1,5,6,1,3
SF,IF2005,2020-04-13 10:35:48.100,3730.0000,10650,0,3206615640.000,0,-,-,-,-,3729.4000,3729.2000,3729.0000,3727.8000,3727.4000,3730.4000,3730.6000,3730.8000,3731.2000,3731.4000,1,1,1,1,2,5,5,1,3,1
SF,IF2005,2020-04-13 10:35:48.600,3730.0000,10650,0,3206615640.000,0,-,-,-,-,3730.2000,3729.6000,3727.8000,3727.4000,3726.6000,3730.6000,3730.8000,3731.2000,3731.4000,3731.6000,1,3,1,2,2,1,1,3,1,1
SF,IF2005,2020-04-13 10:35:49.100,3730.2000,10651,1,3207734700.000,1,1,0,双开,S,3729.6000,3727.8000,3727.4000,3726.6000,3725.0000,3730.6000,3730.8000,3731.2000,3731.4000,3731.6000,2,1,2,2,4,1,1,3,1,1
SF,IF2005,2020-04-13 10:35:49.600,3730.2000,10651,0,3207734700.000,0,-,-,-,-,3729.8000,3729.6000,3727.8000,3727.4000,3726.6000,3730.6000,3730.8000,3731.2000,3731.4000,3731.6000,1,2,1,2,2,2,1,3,1,1
SF,IF2005,2020-04-13 10:35:50.100,3730.2000,10651,0,3207734700.000,0,-,-,-,-,3729.8000,3729.6000,3727.8000,3727.4000,3726.6000,3730.6000,3730.8000,3731.2000,3731.4000,3731.6000,2,2,1,2,2,1,1,3,1,1
SF,IF2005,2020-04-13 10:35:51.100,3730.6000,10652,1,3208853880.000,1,1,0,双开,S,3729.8000,3729.6000,3727.8000,3727.4000,3726.6000,3730.8000,3731.2000,3731.4000,3731.6000,3731.8000,1,2,1,2,2,1,3,1,1,1
SF,IF2005,2020-04-13 10:35:51.600,3730.6000,10652,0,3208853880.000,0,-,-,-,-,3730.0000,3729.8000,3729.6000,3727.8000,3727.4000,3730.2000,3730.8000,3731.2000,3731.4000,3731.6000,2,1,1,1,2,1,1,3,1,1
SF,IF2005,2020-04-13 10:35:52.100,3730.2000,10651,-1,3209972940.000,1,0,1,双平,S,3730.0000,3729.8000,3729.6000,3727.8000,3727.4000,3730.8000,3731.2000,3731.4000,3731.6000,3731.8000,2,1,1,1,2,1,3,1,1,1
SF,IF2005,2020-04-13 10:35:52.600,3730.2000,10651,0,3209972940.000,0,-,-,-,-,3730.0000,3727.8000,3727.4000,3726.6000,3725.0000,3730.8000,3731.2000,3731.4000,3731.6000,3731.8000,2,1,2,2,4,1,3,1,1,1
SF,IF2005,2020-04-13 10:35:53.100,3730.8000,10651,0,3211092180.000,1,0,1,多换,S,3730.2000,3730.0000,3727.8000,3727.4000,3726.6000,3731.4000,3731.6000,3731.8000,3732.0000,3732.4000,1,1,1,2,2,1,1,1,1,2
SF,IF2005,2020-04-13 10:35:53.600,3730.8000,10651,0,3211092180.000,0,-,-,-,-,3730.4000,3730.2000,3727.8000,3727.4000,3726.6000,3731.0000,3731.4000,3731.6000,3731.8000,3732.0000,1,1,1,2,2,1,1,1,1,1
SF,IF2005,2020-04-13 10:35:54.100,3730.8000,10651,0,3211092180.000,0,-,-,-,-,3730.4000,3730.2000,3727.8000,3727.4000,3726.6000,3731.2000,3731.4000,3731.6000,3731.8000,3732.0000,1,1,1,2,2,5,1,1,1,1
SF,IF2005,2020-04-13 10:35:54.600,3730.8000,10651,0,3211092180.000,0,-,-,-,-,3730.4000,3730.2000,3727.8000,3727.4000,3726.6000,3731.4000,3731.6000,3731.8000,3732.0000,3732.4000,1,1,1,2,2,1,1,1,1,4
SF,IF2005,2020-04-13 10:35:55.600,3730.8000,10651,0,3211092180.000,0,-,-,-,-,3730.4000,3730.2000,3727.8000,3727.4000,3726.6000,3731.6000,3731.8000,3732.0000,3732.4000,3733.0000,1,1,1,2,2,1,1,1,4,1
SF,IF2005,2020-04-13 10:35:56.100,3730.8000,10651,0,3211092180.000,0,-,-,-,-,3730.4000,3730.2000,3727.8000,3727.4000,3726.6000,3731.2000,3731.4000,3731.6000,3731.8000,3732.0000,1,1,1,2,2,5,5,1,1,1
SF,IF2005,2020-04-13 10:35:56.600,3730.8000,10651,0,3211092180.000,0,-,-,-,-,3730.4000,3730.2000,3727.8000,3727.4000,3726.6000,3731.6000,3731.8000,3732.0000,3732.4000,3733.0000,1,1,1,2,2,1,1,1,4,1
SF,IF2005,2020-04-13 10:35:57.100,3730.8000,10651,0,3211092180.000,0,-,-,-,-,3730.8000,3730.6000,3730.4000,3727.8000,3727.4000,3731.4000,3731.6000,3731.8000,3732.0000,3732.4000,1,1,1,1,2,5,1,1,1,4
SF,IF2005,2020-04-13 10:35:57.600,3730.8000,10651,0,3211092180.000,0,-,-,-,-,3731.2000,3730.6000,3730.4000,3727.8000,3727.4000,3731.6000,3731.8000,3732.0000,3732.4000,3733.0000,1,2,1,1,2,1,1,1,4,1
SF,IF2005,2020-04-13 10:35:58.100,3731.8000,10652,1,3213331200.000,2,1,1,空开,S,3727.8000,3727.4000,3726.6000,3725.0000,3724.0000,3732.0000,3732.4000,3733.0000,3734.6000,3735.0000,1,2,2,4,8,1,2,1,8,1
SF,IF2005,2020-04-13 10:35:58.600,3731.8000,10652,0,3213331200.000,0,-,-,-,-,3731.0000,3730.8000,3730.6000,3730.4000,3730.2000,3731.8000,3732.0000,3732.4000,3733.0000,3734.6000,1,1,1,1,5,3,2,2,1,8
SF,IF2005,2020-04-13 10:35:59.100,3731.8000,10652,0,3213331200.000,0,-,-,-,-,3731.4000,3731.2000,3730.6000,3730.4000,3730.2000,3731.8000,3732.0000,3732.4000,3733.0000,3733.8000,1,2,1,1,5,1,2,2,1,2
SF,IF2005,2020-04-13 10:35:59.600,3731.2000,10652,0,3216689340.000,3,1,2,多换,S,3730.6000,3730.4000,3730.2000,3730.0000,3729.8000,3732.0000,3732.4000,3733.0000,3733.8000,3734.6000,1,1,4,1,2,2,2,1,2,8
SF,IF2005,2020-04-13 10:36:00.100,3730.8000,10652,0,3217808580.000,1,0,1,多换,S,3730.2000,3730.0000,3729.8000,3729.0000,3728.4000,3731.6000,3731.8000,3732.0000,3732.4000,3733.0000,4,1,2,1,2,1,1,2,2,1
SF,IF2005,2020-04-13 10:36:00.600,3730.8000,10652,0,3217808580.000,0,-,-,-,-,3729.8000,3728.4000,3728.2000,3728.0000,3727.8000,3731.2000,3731.4000,3731.6000,3731.8000,3732.0000,1,2,1,10,1,1,1,5,4,3
SF,IF2005,2020-04-13 10:36:01.100,3730.8000,10652,0,3218927820.000,1,0,1,多换,S,3728.4000,3728.2000,3728.0000,3727.8000,3727.4000,3731.0000,3731.2000,3731.4000,3731.6000,3731.8000,2,1,8,1,2,6,5,2,5,2
SF,IF2005,2020-04-13 10:36:01.600,3728.8000,10652,0,3220046460.000,1,0,1,多换,S,3728.6000,3728.4000,3728.2000,3728.0000,3727.4000,3730.2000,3730.4000,3730.8000,3731.0000,3731.2000,2,1,1,3,2,5,5,2,9,5
SF,IF2005,2020-04-13 10:36:02.100,3728.8000,10652,0,3220046460.000,0,-,-,-,-,3729.4000,3729.0000,3728.8000,3728.6000,3728.4000,3731.0000,3731.2000,3732.0000,3732.4000,3733.0000,1,2,2,5,1,6,5,4,2,1
SF,IF2005,2020-04-13 10:36:02.600,3728.8000,10652,0,3220046460.000,0,-,-,-,-,3729.8000,3729.6000,3729.0000,3728.8000,3728.6000,3730.2000,3732.0000,3732.4000,3733.0000,3734.6000,1,1,2,1,5,1,4,2,1,8
SF,IF2005,2020-04-13 10:36:03.100,3730.2000,10652,0,3221165520.000,1,0,1,多换,S,3730.2000,3730.0000,3729.0000,3728.8000,3728.6000,3732.0000,3732.4000,3733.0000,3734.6000,3735.8000,2,1,1,1,4,4,2,1,8,1
SF,IF2005,2020-04-13 10:36:03.600,3730.2000,10652,0,3221165520.000,0,-,-,-,-,3730.6000,3730.4000,3730.2000,3729.0000,3728.8000,3731.8000,3732.0000,3732.4000,3733.0000,3734.6000,1,2,5,1,1,1,2,2,1,8
SF,IF2005,2020-04-13 10:36:04.100,3730.2000,10652,0,3221165520.000,0,-,-,-,-,3730.6000,3730.4000,3730.2000,3729.0000,3728.8000,3731.8000,3732.0000,3732.4000,3733.4000,3734.6000,3,2,5,2,1,1,2,2,2,8
SF,IF2005,2020-04-13 10:36:04.600,3730.2000,10652,0,3221165520.000,0,-,-,-,-,3730.6000,3730.4000,3730.2000,3729.0000,3728.8000,3731.6000,3731.8000,3732.0000,3732.4000,3733.4000,2,2,5,1,1,1,1,2,2,2
SF,IF2005,2020-04-13 10:36:05.100,3730.4000,10650,-2,3224523000.000,3,0,3,多平,S,3730.2000,3729.0000,3728.8000,3728.6000,3728.4000,3731.0000,3731.4000,3731.6000,3732.0000,3732.4000,1,1,1,3,1,1,2,6,2,2
SF,IF2005,2020-04-13 10:36:05.600,3730.2000,10649,-1,3225642060.000,1,0,1,双平,S,3729.0000,3728.8000,3728.6000,3728.4000,3728.0000,3730.2000,3730.6000,3730.8000,3731.0000,3731.2000,1,1,3,1,1,1,1,6,6,1
SF,IF2005,2020-04-13 10:36:06.100,3730.2000,10649,0,3225642060.000,0,-,-,-,-,3729.2000,3729.0000,3728.8000,3728.6000,3728.4000,3730.6000,3730.8000,3731.6000,3732.0000,3732.4000,4,2,1,3,1,2,1,1,2,4
SF,IF2005,2020-04-13 10:36:06.600,3730.2000,10649,0,3225642060.000,0,-,-,-,-,3729.2000,3729.0000,3728.8000,3728.6000,3728.4000,3730.0000,3730.4000,3730.6000,3731.6000,3732.0000,4,2,1,1,1,1,1,3,1,2
SF,IF2005,2020-04-13 10:36:07.100,3730.2000,10649,0,3225642060.000,0,-,-,-,-,3729.6000,3729.4000,3729.2000,3728.8000,3728.4000,3730.4000,3730.6000,3731.6000,3732.0000,3732.4000,2,1,6,1,1,1,1,1,2,4
SF,IF2005,2020-04-13 10:36:07.600,3730.2000,10649,0,3225642060.000,0,-,-,-,-,3729.8000,3729.6000,3729.4000,3729.2000,3728.8000,3730.6000,3731.6000,3732.0000,3732.4000,3734.6000,1,2,1,5,1,1,1,2,4,8
SF,IF2005,2020-04-13 10:36:08.100,3730.6000,10649,0,3226761240.000,1,0,1,多换,S,3730.0000,3729.8000,3729.6000,3729.2000,3728.8000,3732.0000,3732.4000,3734.6000,3735.8000,3736.0000,1,1,2,5,1,2,4,8,1,4
SF,IF2005,2020-04-13 10:36:08.600,3730.6000,10649,0,3226761240.000,0,-,-,-,-,3730.2000,3730.0000,3729.6000,3729.2000,3729.0000,3731.8000,3732.0000,3732.4000,3734.6000,3735.8000,3,1,1,4,1,2,2,4,8,1
SF,IF2005,2020-04-13 10:36:09.100,3730.6000,10649,0,3226761240.000,0,-,-,-,-,3730.4000,3730.2000,3730.0000,3729.2000,3729.0000,3731.8000,3732.0000,3732.4000,3734.6000,3735.8000,2,4,1,4,1,2,2,4,8,1
SF,IF2005,2020-04-13 10:36:09.600,3730.6000,10649,0,3226761240.000,0,-,-,-,-,3730.4000,3730.2000,3729.2000,3729.0000,3728.8000,3731.4000,3731.8000,3732.0000,3732.4000,3734.6000,1,1,4,1,1,1,1,2,4,8
SF,IF2005,2020-04-13 10:36:10.100,3730.4000,10648,-1,3227880360.000,1,0,1,双平,S,3729.2000,3729.0000,3728.8000,3728.4000,3728.0000,3731.0000,3731.2000,3731.4000,3731.6000,3732.0000,4,1,1,1,1,1,1,6,8,2
SF,IF2005,2020-04-13 10:36:10.600,3730.4000,10648,0,3227880360.000,0,-,-,-,-,3729.4000,3729.2000,3729.0000,3728.8000,3728.4000,3730.6000,3730.8000,3731.0000,3731.2000,3731.4000,2,4,1,1,1,1,1,1,6,5
SF,IF2005,2020-04-13 10:36:11.100,3730.4000,10648,0,3227880360.000,0,-,-,-,-,3729.4000,3729.0000,3728.8000,3728.4000,3728.0000,3730.2000,3730.4000,3730.6000,3730.8000,3731.2000,1,1,1,1,1,1,1,6,4,6
SF,IF2005,2020-04-13 10:36:11.600,3730.4000,10648,0,3227880360.000,0,-,-,-,-,3729.4000,3728.8000,3728.4000,3728.2000,3728.0000,3730.2000,3730.4000,3731.2000,3731.6000,3732.0000,1,1,1,1,1,2,1,6,1,2
SF,IF2005,2020-04-13 10:36:12.100,3730.4000,10648,0,3227880360.000,0,-,-,-,-,3729.4000,3728.8000,3728.4000,3728.2000,3728.0000,3730.0000,3730.2000,3730.4000,3731.2000,3731.6000,1,1,1,1,1,1,2,1,6,1
SF,IF2005,2020-04-13 10:36:12.600,3730.0000,10648,0,3228999360.000,1,0,1,多换,S,3729.4000,3728.8000,3728.4000,3728.2000,3728.0000,3730.2000,3731.6000,3732.0000,3732.4000,3734.6000,2,1,1,1,1,1,1,2,4,8
SF,IF2005,2020-04-13 10:36:13.100,3730.0000,10648,0,3228999360.000,0,-,-,-,-,3729.6000,3729.4000,3728.8000,3728.4000,3728.2000,3731.8000,3732.0000,3732.4000,3734.6000,3735.8000,1,2,1,1,1,1,2,4,8,1
SF,IF2005,2020-04-13 10:36:13.600,3730.0000,10648,0,3228999360.000,0,-,-,-,-,3729.8000,3729.6000,3729.4000,3728.8000,3728.4000,3731.2000,3731.4000,3731.6000,3731.8000,3732.0000,2,1,1,1,1,1,5,3,1,2
SF,IF2005,2020-04-13 10:36:14.100,3730.0000,10648,0,3228999360.000,0,-,-,-,-,3729.8000,3729.6000,3729.4000,3728.8000,3728.4000,3731.2000,3731.4000,3731.6000,3731.8000,3732.0000,1,2,1,1,1,1,5,3,1,2
SF,IF2005,2020-04-13 10:36:14.600,3730.0000,10648,0,3228999360.000,0,-,-,-,-,3730.2000,3730.0000,3729.8000,3729.6000,3729.4000,3731.2000,3731.6000,3731.8000,3732.0000,3732.4000,3,1,1,1,1,1,1,1,2,4
SF,IF2005,2020-04-13 10:36:15.100,3730.0000,10648,0,3228999360.000,0,-,-,-,-,3730.4000,3730.2000,3730.0000,3729.6000,3729.4000,3731.6000,3731.8000,3732.0000,3732.4000,3734.6000,1,3,1,1,1,1,1,2,4,8
SF,IF2005,2020-04-13 10:36:15.600,3730.0000,10648,0,3228999360.000,0,-,-,-,-,3730.4000,3730.2000,3729.6000,3729.4000,3728.8000,3731.6000,3731.8000,3732.0000,3732.4000,3734.6000,1,1,1,1,1,1,1,2,4,8
SF,IF2005,2020-04-13 10:36:16.100,3730.0000,10648,0,3228999360.000,0,-,-,-,-,3730.6000,3730.4000,3730.2000,3729.4000,3728.8000,3731.6000,3731.8000,3732.0000,3732.4000,3735.8000,3,1,1,1,1,1,1,2,4,1
SF,IF2005,2020-04-13 10:36:16.600,3730.0000,10648,0,3228999360.000,0,-,-,-,-,3730.6000,3730.4000,3730.2000,3730.0000,3729.4000,3731.6000,3731.8000,3732.0000,3732.4000,3735.8000,1,1,1,2,1,1,1,2,2,1
SF,IF2005,2020-04-13 10:36:17.100,3730.0000,10648,0,3228999360.000,0,-,-,-,-,3730.6000,3730.4000,3730.2000,3730.0000,3729.4000,3731.6000,3731.8000,3732.0000,3732.4000,3733.4000,1,1,1,2,1,1,1,2,2,2
SF,IF2005,2020-04-13 10:36:18.100,3730.0000,10648,0,3228999360.000,0,-,-,-,-,3730.6000,3730.4000,3730.2000,3730.0000,3729.4000,3731.6000,3731.8000,3732.0000,3732.4000,3733.4000,1,1,2,2,1,1,1,2,2,2
SF,IF2005,2020-04-13 10:36:20.100,3730.0000,10648,0,3228999360.000,0,-,-,-,-,3730.6000,3730.4000,3730.2000,3730.0000,3729.4000,3731.4000,3731.6000,3731.8000,3732.0000,3732.4000,2,1,2,2,1,1,1,1,2,2
SF,IF2005,2020-04-13 10:36:21.100,3730.0000,10648,0,3228999360.000,0,-,-,-,-,3730.6000,3730.4000,3730.2000,3729.4000,3728.8000,3731.4000,3731.6000,3731.8000,3732.0000,3732.4000,1,1,2,1,1,1,1,1,2,2
SF,IF2005,2020-04-13 10:36:21.600,3730.0000,10648,0,3228999360.000,0,-,-,-,-,3730.2000,3729.4000,3728.8000,3728.4000,3728.0000,3731.4000,3731.6000,3731.8000,3732.0000,3732.4000,1,1,1,1,1,1,1,1,2,2
SF,IF2005,2020-04-13 10:36:22.100,3730.0000,10648,0,3228999360.000,0,-,-,-,-,3730.2000,3730.0000,3729.4000,3728.8000,3728.4000,3731.2000,3731.4000,3731.8000,3732.0000,3732.4000,1,2,1,1,1,1,1,1,1,2
SF,IF2005,2020-04-13 10:36:23.600,3730.0000,10648,0,3228999360.000,0,-,-,-,-,3730.2000,3730.0000,3729.4000,3728.8000,3728.4000,3731.2000,3731.4000,3731.8000,3732.0000,3732.4000,2,2,1,1,1,1,1,1,1,2
SF,IF2005,2020-04-13 10:36:24.100,3730.0000,10648,0,3228999360.000,0,-,-,-,-,3730.4000,3730.2000,3730.0000,3729.4000,3728.8000,3731.2000,3731.4000,3731.8000,3732.0000,3732.4000,1,2,2,1,1,1,1,1,1,2
SF,IF2005,2020-04-13 10:36:24.600,3730.0000,10648,0,3228999360.000,0,-,-,-,-,3730.2000,3730.0000,3729.4000,3728.8000,3728.4000,3731.2000,3731.4000,3731.8000,3732.0000,3732.4000,2,2,1,1,1,1,1,1,1,2
SF,IF2005,2020-04-13 10:36:25.600,3730.0000,10649,1,3230118360.000,1,1,0,双开,S,3730.2000,3730.0000,3729.4000,3728.8000,3728.4000,3731.2000,3731.4000,3731.8000,3732.0000,3732.4000,2,2,1,1,1,1,1,1,1,2
SF,IF2005,2020-04-13 10:36:27.100,3730.0000,10649,0,3230118360.000,0,-,-,-,-,3730.2000,3729.4000,3728.8000,3728.4000,3728.0000,3731.2000,3731.4000,3731.8000,3732.0000,3732.4000,2,1,1,1,1,1,1,1,1,2
SF,IF2005,2020-04-13 10:36:27.600,3730.0000,10649,0,3230118360.000,0,-,-,-,-,3730.4000,3730.2000,3730.0000,3729.4000,3728.8000,3731.2000,3731.4000,3731.8000,3732.0000,3732.4000,1,2,2,1,1,1,1,1,1,2
SF,IF2005,2020-04-13 10:36:28.100,3730.0000,10649,0,3230118360.000,0,-,-,-,-,3730.2000,3730.0000,3729.4000,3728.8000,3728.4000,3731.2000,3731.4000,3731.8000,3732.0000,3732.4000,1,2,1,1,1,1,1,1,1,2
SF,IF2005,2020-04-13 10:36:29.100,3730.0000,10649,0,3230118360.000,0,-,-,-,-,3730.2000,3730.0000,3729.4000,3728.8000,3728.4000,3731.2000,3731.4000,3731.8000,3732.0000,3732.4000,2,2,1,1,1,1,1,1,1,2
SF,IF2005,2020-04-13 10:36:32.100,3730.0000,10649,0,3230118360.000,0,-,-,-,-,3730.2000,3730.0000,3729.4000,3728.8000,3728.4000,3731.2000,3731.4000,3731.8000,3732.0000,3732.4000,2,2,1,1,1,2,1,1,1,2
SF,IF2005,2020-04-13 10:36:32.600,3730.0000,10649,0,3230118360.000,0,-,-,-,-,3730.2000,3729.4000,3728.8000,3728.4000,3728.0000,3731.2000,3731.4000,3731.8000,3732.0000,3732.4000,2,1,1,1,1,2,1,1,1,2
SF,IF2005,2020-04-13 10:36:33.100,3730.0000,10649,0,3230118360.000,0,-,-,-,-,3730.4000,3730.2000,3730.0000,3729.4000,3728.8000,3731.2000,3731.4000,3731.8000,3732.0000,3732.4000,2,1,2,1,1,2,1,1,1,2
SF,IF2005,2020-04-13 10:36:33.600,3730.0000,10649,0,3230118360.000,0,-,-,-,-,3730.4000,3730.2000,3730.0000,3729.4000,3728.8000,3731.2000,3731.4000,3731.8000,3732.0000,3732.4000,2,1,2,1,1,2,1,1,1,2
SF,IF2005,2020-04-13 10:36:35.600,3730.0000,10649,0,3230118360.000,0,-,-,-,-,3730.4000,3730.2000,3730.0000,3729.4000,3728.8000,3731.2000,3731.4000,3731.8000,3732.0000,3732.4000,2,1,2,1,1,2,1,1,1,2
SF,IF2005,2020-04-13 10:36:36.100,3731.2000,10650,1,3232357080.000,2,1,1,空开,S,3730.4000,3730.2000,3730.0000,3729.4000,3728.8000,3731.4000,3731.8000,3732.0000,3732.4000,3733.4000,2,1,2,1,1,1,1,1,2,2
SF,IF2005,2020-04-13 10:36:36.600,3731.2000,10650,0,3232357080.000,0,-,-,-,-,3730.6000,3730.4000,3730.2000,3730.0000,3729.4000,3731.8000,3732.0000,3732.4000,3733.4000,3734.8000,3,1,1,2,1,1,1,2,2,1
SF,IF2005,2020-04-13 10:36:37.100,3731.2000,10650,0,3232357080.000,0,-,-,-,-,3730.8000,3730.6000,3730.2000,3730.0000,3729.4000,3731.8000,3732.0000,3732.4000,3733.4000,3734.8000,2,3,1,2,1,1,1,2,2,1
SF,IF2005,2020-04-13 10:36:37.600,3732.0000,10651,1,3234596220.000,2,1,1,空开,S,3731.2000,3731.0000,3730.8000,3730.6000,3730.2000,3732.4000,3733.4000,3734.8000,3735.8000,3736.0000,1,2,1,2,1,2,2,1,1,4
SF,IF2005,2020-04-13 10:36:38.100,3732.0000,10651,0,3234596220.000,0,-,-,-,-,3731.4000,3731.2000,3730.8000,3730.6000,3730.2000,3732.4000,3733.4000,3734.8000,3735.8000,3736.0000,3,1,2,1,1,2,2,1,1,4
SF,IF2005,2020-04-13 10:36:39.100,3732.0000,10651,0,3234596220.000,0,-,-,-,-,3732.0000,3731.4000,3731.2000,3730.8000,3730.6000,3732.4000,3733.4000,3734.8000,3735.8000,3736.0000,2,2,1,2,1,2,2,1,1,4
SF,IF2005,2020-04-13 10:36:40.100,3732.0000,10653,2,3236835420.000,2,2,0,双开,S,3731.4000,3731.2000,3730.8000,3730.6000,3730.2000,3732.4000,3733.4000,3734.8000,3735.8000,3736.0000,2,1,2,1,1,2,2,1,1,4
SF,IF2005,2020-04-13 10:36:41.100,3732.0000,10653,0,3236835420.000,0,-,-,-,-,3731.4000,3731.2000,3730.8000,3730.6000,3730.2000,3732.4000,3733.4000,3734.8000,3735.8000,3736.0000,1,1,1,1,1,2,2,1,1,4
SF,IF2005,2020-04-13 10:36:44.100,3732.0000,10653,0,3236835420.000,0,-,-,-,-,3731.4000,3731.2000,3730.8000,3730.6000,3730.2000,3732.4000,3733.4000,3734.8000,3735.8000,3736.0000,1,1,1,1,1,2,2,1,1,4
SF,IF2005,2020-04-13 10:36:45.100,3732.0000,10653,0,3236835420.000,0,-,-,-,-,3731.4000,3731.2000,3730.8000,3730.6000,3730.2000,3732.2000,3732.4000,3733.4000,3734.8000,3735.8000,1,1,1,1,1,2,2,2,1,1
SF,IF2005,2020-04-13 10:36:46.600,3732.2000,10653,0,3237955080.000,1,0,1,多换,S,3731.4000,3731.2000,3730.8000,3730.6000,3730.2000,3732.4000,3733.4000,3734.8000,3735.8000,3736.0000,1,1,1,1,1,2,2,1,1,4
SF,IF2005,2020-04-13 10:36:47.100,3732.2000,10653,0,3237955080.000,0,-,-,-,-,3731.6000,3731.4000,3731.2000,3730.8000,3730.6000,3732.4000,3733.4000,3734.8000,3735.8000,3736.0000,1,1,1,1,1,2,2,1,1,4
SF,IF2005,2020-04-13 10:36:47.600,3732.2000,10653,0,3237955080.000,0,-,-,-,-,3731.6000,3731.4000,3731.2000,3730.8000,3730.6000,3732.4000,3733.4000,3734.8000,3735.8000,3736.0000,1,2,1,1,1,2,2,1,1,4
SF,IF2005,2020-04-13 10:36:48.100,3732.2000,10653,0,3237955080.000,0,-,-,-,-,3731.8000,3731.6000,3731.4000,3731.2000,3730.8000,3732.4000,3733.4000,3734.8000,3735.8000,3736.0000,1,1,1,1,1,2,2,1,1,4
SF,IF2005,2020-04-13 10:36:50.100,3731.8000,10652,-1,3239074620.000,1,0,1,双平,S,3731.6000,3731.4000,3731.2000,3730.8000,3730.6000,3732.4000,3733.4000,3734.8000,3735.8000,3736.0000,1,1,1,1,1,2,2,1,1,4
SF,IF2005,2020-04-13 10:36:50.600,3732.4000,10652,0,3241314060.000,2,1,1,多换,S,3731.8000,3731.6000,3730.8000,3730.6000,3730.2000,3733.4000,3734.8000,3735.8000,3736.0000,3736.8000,1,1,1,1,1,2,1,1,4,2
SF,IF2005,2020-04-13 10:36:51.100,3732.4000,10652,0,3241314060.000,0,-,-,-,-,3732.0000,3731.8000,3730.8000,3730.6000,3730.2000,3733.2000,3734.8000,3735.8000,3736.0000,3736.8000,2,1,1,1,1,1,1,1,4,2
SF,IF2005,2020-04-13 10:36:51.600,3732.4000,10652,0,3241314060.000,0,-,-,-,-,3732.0000,3730.8000,3730.6000,3730.2000,3728.8000,3733.2000,3734.4000,3734.8000,3735.8000,3736.0000,2,1,1,1,1,2,2,1,1,4
SF,IF2005,2020-04-13 10:36:52.600,3732.4000,10652,0,3241314060.000,0,-,-,-,-,3732.0000,3730.8000,3730.6000,3730.2000,3728.8000,3733.2000,3734.4000,3734.8000,3735.8000,3736.0000,2,1,1,1,1,1,2,1,1,4
SF,IF2005,2020-04-13 10:36:53.100,3732.4000,10652,0,3241314060.000,0,-,-,-,-,3732.0000,3730.8000,3730.6000,3730.2000,3728.8000,3733.2000,3734.4000,3734.8000,3735.8000,3736.0000,2,1,1,1,1,1,2,1,1,4
SF,IF2005,2020-04-13 10:36:53.600,3732.4000,10652,0,3241314060.000,0,-,-,-,-,3732.0000,3730.8000,3730.6000,3730.2000,3728.8000,3733.0000,3733.2000,3734.4000,3734.8000,3735.8000,1,1,1,1,1,1,1,2,1,1
SF,IF2005,2020-04-13 10:36:54.100,3732.4000,10652,0,3241314060.000,0,-,-,-,-,3732.0000,3730.8000,3730.6000,3730.2000,3728.8000,3732.8000,3733.0000,3734.4000,3734.8000,3735.8000,1,1,1,1,1,2,2,2,1,1
SF,IF2005,2020-04-13 10:36:54.600,3732.4000,10652,0,3241314060.000,0,-,-,-,-,3732.0000,3730.8000,3730.6000,3730.2000,3728.8000,3732.8000,3733.0000,3734.4000,3734.8000,3735.8000,1,1,1,1,1,1,2,2,1,1
SF,IF2005,2020-04-13 10:36:58.100,3732.4000,10652,0,3241314060.000,0,-,-,-,-,3732.0000,3730.8000,3730.6000,3730.2000,3728.8000,3732.8000,3733.0000,3734.4000,3734.8000,3735.8000,2,1,1,1,1,1,2,2,1,1
SF,IF2005,2020-04-13 10:36:59.600,3732.4000,10652,0,3241314060.000,0,-,-,-,-,3732.0000,3730.8000,3730.6000,3730.2000,3728.8000,3732.8000,3733.0000,3734.4000,3734.8000,3735.8000,3,1,1,1,1,1,2,2,1,1
SF,IF2005,2020-04-13 10:37:00.100,3732.0000,10652,0,3244672860.000,3,1,2,多换,S,3732.0000,3730.8000,3730.6000,3730.2000,3728.8000,3733.0000,3734.4000,3734.8000,3735.8000,3736.0000,1,1,1,1,1,2,2,1,1,4
SF,IF2005,2020-04-13 10:37:00.600,3732.0000,10652,0,3244672860.000,0,-,-,-,-,3732.0000,3730.8000,3730.6000,3730.2000,3728.8000,3733.0000,3734.4000,3734.8000,3735.8000,3736.0000,1,1,1,1,1,2,2,1,1,4
SF,IF2005,2020-04-13 10:37:02.100,3732.0000,10652,0,3244672860.000,0,-,-,-,-,3732.0000,3730.8000,3730.6000,3730.2000,3728.8000,3733.0000,3734.4000,3734.8000,3735.8000,3736.0000,2,1,1,1,1,2,2,1,1,4
SF,IF2005,2020-04-13 10:37:04.100,3732.0000,10652,0,3244672860.000,0,-,-,-,-,3732.2000,3732.0000,3730.8000,3730.6000,3730.2000,3733.0000,3734.4000,3734.8000,3735.8000,3736.0000,1,2,1,1,1,1,2,1,1,4
SF,IF2005,2020-04-13 10:37:05.100,3732.0000,10652,0,3244672860.000,0,-,-,-,-,3732.0000,3730.8000,3730.6000,3730.2000,3728.8000,3733.0000,3734.4000,3734.8000,3735.8000,3736.0000,2,1,1,1,1,1,2,1,1,4
SF,IF2005,2020-04-13 10:37:06.100,3732.0000,10652,0,3244672860.000,0,-,-,-,-,3732.0000,3730.8000,3730.6000,3730.2000,3728.8000,3733.0000,3734.4000,3734.8000,3735.8000,3736.0000,1,1,1,1,1,1,2,1,1,4
SF,IF2005,2020-04-13 10:37:06.600,3732.0000,10652,0,3244672860.000,0,-,-,-,-,3732.0000,3730.8000,3730.6000,3730.2000,3728.8000,3733.0000,3734.4000,3734.8000,3735.8000,3736.0000,1,1,1,1,1,1,2,1,1,4
SF,IF2005,2020-04-13 10:37:07.100,3732.0000,10652,0,3244672860.000,0,-,-,-,-,3732.0000,3730.8000,3730.6000,3730.2000,3728.8000,3733.0000,3734.4000,3734.8000,3735.8000,3736.0000,1,1,1,1,1,1,2,1,1,4
SF,IF2005,2020-04-13 10:37:08.100,3732.0000,10652,0,3244672860.000,0,-,-,-,-,3732.0000,3730.8000,3730.6000,3730.2000,3728.8000,3733.0000,3734.4000,3734.8000,3735.8000,3736.0000,1,1,1,1,1,1,2,1,1,4
SF,IF2005,2020-04-13 10:37:08.600,3732.0000,10652,0,3244672860.000,0,-,-,-,-,3732.0000,3730.8000,3730.6000,3730.2000,3728.8000,3733.0000,3734.4000,3734.8000,3735.8000,3736.0000,1,1,1,1,1,1,2,1,1,4
SF,IF2005,2020-04-13 10:37:09.100,3732.0000,10652,0,3244672860.000,0,-,-,-,-,3730.8000,3730.6000,3730.2000,3728.8000,3728.4000,3732.8000,3733.0000,3734.4000,3734.8000,3735.8000,1,1,1,1,1,1,1,2,1,1
SF,IF2005,2020-04-13 10:37:09.600,3732.0000,10652,0,3244672860.000,0,-,-,-,-,3731.4000,3731.2000,3731.0000,3730.8000,3730.6000,3732.6000,3732.8000,3734.4000,3734.8000,3735.8000,1,1,8,2,1,1,1,2,1,1
SF,IF2005,2020-04-13 10:37:10.100,3732.0000,10652,0,3244672860.000,0,-,-,-,-,3731.4000,3731.2000,3731.0000,3730.8000,3730.6000,3732.6000,3732.8000,3734.4000,3734.8000,3735.8000,1,1,8,2,1,2,1,2,1,1
SF,IF2005,2020-04-13 10:37:10.600,3732.0000,10652,0,3244672860.000,0,-,-,-,-,3731.6000,3731.4000,3731.2000,3731.0000,3730.8000,3732.6000,3732.8000,3734.4000,3734.8000,3735.8000,1,2,1,6,2,3,1,2,1,1
SF,IF2005,2020-04-13 10:37:11.100,3732.0000,10652,0,3244672860.000,0,-,-,-,-,3731.6000,3731.4000,3731.2000,3731.0000,3730.8000,3732.6000,3732.8000,3734.4000,3734.8000,3735.8000,1,2,1,5,2,2,1,2,1,1
SF,IF2005,2020-04-13 10:37:11.600,3732.0000,10652,0,3244672860.000,0,-,-,-,-,3731.6000,3731.4000,3731.2000,3731.0000,3730.8000,3732.6000,3732.8000,3734.4000,3734.8000,3735.8000,2,2,1,5,2,2,1,2,1,1
SF,IF2005,2020-04-13 10:37:12.100,3731.6000,10654,2,3248031360.000,3,2,1,空开,S,3731.4000,3731.2000,3731.0000,3730.8000,3730.6000,3732.6000,3732.8000,3734.4000,3734.8000,3735.8000,2,1,5,2,1,1,1,2,1,1
SF,IF2005,2020-04-13 10:37:12.600,3731.6000,10654,0,3248031360.000,0,-,-,-,-,3731.6000,3731.4000,3731.2000,3731.0000,3730.8000,3732.6000,3732.8000,3734.4000,3734.8000,3735.8000,2,1,1,5,2,2,1,2,1,1
SF,IF2005,2020-04-13 10:37:13.100,3731.6000,10654,0,3248031360.000,0,-,-,-,-,3731.6000,3731.4000,3731.2000,3731.0000,3730.8000,3732.6000,3732.8000,3734.4000,3734.8000,3735.8000,2,1,1,5,2,1,1,2,1,1
SF,IF2005,2020-04-13 10:37:13.600,3731.6000,10654,0,3248031360.000,0,-,-,-,-,3731.6000,3731.4000,3731.2000,3731.0000,3730.8000,3732.6000,3732.8000,3734.4000,3734.8000,3735.8000,2,1,1,5,1,1,1,2,1,1
SF,IF2005,2020-04-13 10:37:14.100,3731.6000,10654,0,3248031360.000,0,-,-,-,-,3731.6000,3731.4000,3731.0000,3730.8000,3730.6000,3732.6000,3732.8000,3734.4000,3734.8000,3735.8000,2,1,5,1,1,1,1,2,1,1
SF,IF2005,2020-04-13 10:37:14.600,3731.6000,10654,0,3248031360.000,0,-,-,-,-,3731.6000,3731.4000,3731.0000,3730.8000,3730.6000,3732.6000,3732.8000,3734.4000,3734.8000,3735.8000,2,1,5,1,1,1,1,2,1,1
SF,IF2005,2020-04-13 10:37:15.100,3731.6000,10654,0,3248031360.000,0,-,-,-,-,3731.6000,3731.4000,3731.0000,3730.8000,3730.6000,3732.6000,3732.8000,3734.4000,3734.8000,3735.8000,2,1,5,1,1,1,1,2,1,1
SF,IF2005,2020-04-13 10:37:15.600,3731.6000,10654,0,3248031360.000,0,-,-,-,-,3731.6000,3731.4000,3731.0000,3730.8000,3730.6000,3732.6000,3732.8000,3734.4000,3734.8000,3735.8000,2,1,5,1,1,1,1,2,1,1
SF,IF2005,2020-04-13 10:37:16.100,3731.6000,10654,0,3248031360.000,0,-,-,-,-,3731.6000,3731.4000,3731.0000,3730.8000,3730.6000,3732.6000,3732.8000,3734.4000,3734.8000,3735.8000,2,1,5,1,1,1,1,2,1,1
SF,IF2005,2020-04-13 10:37:16.600,3731.6000,10654,0,3248031360.000,0,-,-,-,-,3731.6000,3731.4000,3731.0000,3730.8000,3730.6000,3732.6000,3732.8000,3734.4000,3734.8000,3735.8000,4,1,5,1,1,1,1,2,1,1
SF,IF2005,2020-04-13 10:37:17.100,3731.6000,10654,0,3248031360.000,0,-,-,-,-,3731.8000,3731.6000,3731.4000,3731.0000,3730.8000,3732.6000,3732.8000,3734.4000,3734.8000,3735.8000,1,3,1,5,1,1,1,2,1,1
SF,IF2005,2020-04-13 10:37:17.600,3732.6000,10654,0,3249151140.000,1,0,1,多换,S,3731.8000,3731.6000,3731.4000,3731.0000,3730.8000,3732.8000,3734.4000,3734.8000,3735.8000,3736.0000,1,3,1,5,1,1,2,1,1,4
SF,IF2005,2020-04-13 10:37:18.100,3732.6000,10654,0,3249151140.000,0,-,-,-,-,3731.8000,3731.6000,3731.4000,3731.0000,3730.8000,3732.8000,3734.4000,3734.8000,3735.8000,3736.0000,1,3,1,5,1,1,2,1,1,4
SF,IF2005,2020-04-13 10:37:18.600,3732.6000,10654,0,3249151140.000,0,-,-,-,-,3731.8000,3731.6000,3731.4000,3731.0000,3730.8000,3732.8000,3734.4000,3734.8000,3735.8000,3736.0000,1,3,1,5,1,2,2,1,1,4
SF,IF2005,2020-04-13 10:37:19.100,3732.6000,10654,0,3249151140.000,0,-,-,-,-,3731.8000,3731.6000,3731.4000,3731.0000,3730.8000,3732.8000,3734.4000,3734.8000,3735.8000,3736.0000,1,3,1,5,1,1,2,1,1,4
SF,IF2005,2020-04-13 10:37:19.600,3732.6000,10654,0,3249151140.000,0,-,-,-,-,3731.8000,3731.6000,3731.0000,3730.8000,3730.6000,3732.8000,3734.4000,3734.8000,3735.8000,3736.0000,1,3,5,1,1,1,2,1,1,4
SF,IF2005,2020-04-13 10:37:20.100,3732.6000,10654,0,3249151140.000,0,-,-,-,-,3731.8000,3731.6000,3731.0000,3730.8000,3730.6000,3732.8000,3734.4000,3734.8000,3735.8000,3736.0000,1,3,5,1,1,1,2,1,1,4
SF,IF2005,2020-04-13 10:37:20.600,3732.6000,10654,0,3249151140.000,0,-,-,-,-,3732.0000,3731.6000,3731.0000,3730.8000,3730.6000,3732.8000,3734.4000,3734.8000,3735.8000,3736.0000,1,3,5,1,1,1,2,1,1,4
SF,IF2005,2020-04-13 10:37:21.100,3732.6000,10654,0,3249151140.000,0,-,-,-,-,3731.6000,3731.0000,3730.8000,3730.6000,3730.2000,3732.6000,3732.8000,3734.4000,3734.8000,3735.8000,3,5,1,1,1,1,1,2,1,1
SF,IF2005,2020-04-13 10:37:21.600,3732.6000,10654,0,3249151140.000,0,-,-,-,-,3732.0000,3731.6000,3731.0000,3730.8000,3730.6000,3732.8000,3734.4000,3734.8000,3735.8000,3736.0000,1,1,5,1,1,1,2,1,1,4
SF,IF2005,2020-04-13 10:37:22.100,3732.6000,10654,0,3249151140.000,0,-,-,-,-,3732.6000,3732.0000,3731.6000,3731.0000,3730.8000,3732.8000,3734.4000,3734.8000,3735.8000,3736.0000,2,1,1,5,1,1,2,1,1,4
SF,IF2005,2020-04-13 10:37:22.600,3732.6000,10654,0,3249151140.000,0,-,-,-,-,3732.6000,3732.0000,3731.6000,3731.0000,3730.8000,3732.8000,3734.4000,3734.8000,3735.8000,3736.0000,2,1,1,5,1,2,2,1,1,4
SF,IF2005,2020-04-13 10:37:23.100,3732.6000,10655,1,3253630380.000,4,2,2,空开,S,3732.0000,3731.6000,3731.0000,3730.8000,3730.6000,3734.4000,3734.8000,3735.8000,3736.0000,3736.8000,1,1,5,1,1,2,1,1,4,2
SF,IF2005,2020-04-13 10:37:23.600,3732.6000,10655,0,3253630380.000,0,-,-,-,-,3732.2000,3732.0000,3731.0000,3730.8000,3730.6000,3733.6000,3733.8000,3734.0000,3734.2000,3734.4000,4,1,4,1,1,7,6,4,2,3
SF,IF2005,2020-04-13 10:37:24.100,3732.6000,10655,0,3253630380.000,0,-,-,-,-,3732.2000,3731.0000,3730.8000,3730.6000,3730.2000,3733.4000,3733.6000,3733.8000,3734.0000,3734.2000,4,4,1,1,1,1,2,1,4,1
SF,IF2005,2020-04-13 10:37:24.600,3732.6000,10655,0,3253630380.000,0,-,-,-,-,3732.2000,3731.0000,3730.8000,3730.6000,3730.2000,3733.4000,3733.6000,3734.0000,3734.2000,3734.4000,3,4,1,1,1,2,2,1,1,2
SF,IF2005,2020-04-13 10:37:25.100,3732.2000,10655,0,3256989360.000,3,1,2,多换,S,3731.0000,3730.8000,3730.6000,3730.2000,3728.8000,3733.2000,3733.4000,3733.6000,3734.0000,3734.4000,4,1,1,1,1,2,2,1,1,2
SF,IF2005,2020-04-13 10:37:25.600,3732.2000,10655,0,3256989360.000,0,-,-,-,-,3731.4000,3731.2000,3731.0000,3730.8000,3730.6000,3733.0000,3733.2000,3734.0000,3734.4000,3734.8000,4,4,6,1,1,2,2,1,2,1
SF,IF2005,2020-04-13 10:37:26.100,3732.2000,10655,0,3256989360.000,0,-,-,-,-,3732.2000,3731.6000,3731.4000,3731.2000,3731.0000,3733.0000,3733.2000,3734.0000,3734.4000,3734.8000,1,2,5,7,6,3,2,1,2,1
SF,IF2005,2020-04-13 10:37:26.600,3732.2000,10655,0,3256989360.000,0,-,-,-,-,3732.2000,3731.6000,3731.4000,3731.2000,3731.0000,3733.0000,3733.2000,3734.0000,3734.4000,3734.8000,1,1,4,4,6,2,2,1,2,1
SF,IF2005,2020-04-13 10:37:27.100,3732.2000,10655,0,3256989360.000,0,-,-,-,-,3732.2000,3731.6000,3731.4000,3731.2000,3731.0000,3733.0000,3733.2000,3734.0000,3734.4000,3734.8000,1,1,4,4,6,2,2,1,2,1
SF,IF2005,2020-04-13 10:37:27.600,3732.2000,10655,0,3256989360.000,0,-,-,-,-,3731.6000,3731.4000,3731.2000,3731.0000,3730.8000,3733.0000,3733.2000,3734.0000,3734.4000,3734.8000,1,4,4,5,1,2,2,1,2,1
SF,IF2005,2020-04-13 10:37:28.100,3732.2000,10655,0,3256989360.000,0,-,-,-,-,3731.6000,3731.4000,3731.2000,3731.0000,3730.8000,3732.6000,3732.8000,3733.0000,3733.2000,3734.0000,1,4,4,5,1,2,1,2,1,1
SF,IF2005,2020-04-13 10:37:28.600,3732.2000,10655,0,3256989360.000,0,-,-,-,-,3731.6000,3731.4000,3731.2000,3731.0000,3730.8000,3732.6000,3732.8000,3733.0000,3734.0000,3734.4000,2,1,1,5,1,3,1,1,1,2
SF,IF2005,2020-04-13 10:37:29.100,3732.2000,10655,0,3256989360.000,0,-,-,-,-,3731.6000,3731.4000,3731.2000,3731.0000,3730.8000,3732.6000,3732.8000,3733.0000,3734.0000,3734.4000,2,1,1,5,1,3,1,1,1,2
SF,IF2005,2020-04-13 10:37:29.600,3732.6000,10655,0,3258109140.000,1,0,1,多换,S,3731.6000,3731.4000,3731.2000,3731.0000,3730.8000,3732.6000,3732.8000,3733.0000,3734.0000,3734.4000,2,1,1,5,1,2,1,1,1,2
SF,IF2005,2020-04-13 10:37:30.100,3732.6000,10655,0,3258109140.000,0,-,-,-,-,3731.6000,3731.4000,3731.2000,3731.0000,3730.8000,3732.6000,3732.8000,3733.0000,3734.0000,3734.4000,2,1,1,5,1,2,1,1,1,2
SF,IF2005,2020-04-13 10:37:30.600,3732.6000,10655,0,3258109140.000,0,-,-,-,-,3731.6000,3731.4000,3731.2000,3731.0000,3730.8000,3732.6000,3732.8000,3733.0000,3734.0000,3734.4000,1,1,1,5,1,2,1,1,1,2
SF,IF2005,2020-04-13 10:37:31.100,3732.6000,10655,0,3258109140.000,0,-,-,-,-,3731.2000,3731.0000,3730.8000,3730.6000,3728.4000,3732.4000,3732.6000,3734.0000,3734.4000,3734.8000,1,1,1,1,1,2,2,1,2,1
SF,IF2005,2020-04-13 10:37:31.600,3732.6000,10655,0,3258109140.000,0,-,-,-,-,3731.8000,3731.4000,3731.2000,3731.0000,3730.8000,3732.4000,3732.6000,3734.0000,3734.4000,3734.8000,1,3,5,1,1,2,1,1,2,1
SF,IF2005,2020-04-13 10:37:32.100,3732.6000,10655,0,3258109140.000,0,-,-,-,-,3731.4000,3731.0000,3730.8000,3730.6000,3728.4000,3732.2000,3732.4000,3734.0000,3734.4000,3734.8000,1,1,1,1,1,1,2,1,2,1
SF,IF2005,2020-04-13 10:37:32.600,3732.6000,10655,0,3258109140.000,0,-,-,-,-,3731.0000,3730.8000,3730.6000,3728.4000,3728.0000,3732.2000,3732.4000,3734.0000,3734.4000,3734.8000,1,1,1,1,1,2,2,1,2,1
SF,IF2005,2020-04-13 10:37:33.100,3732.6000,10655,0,3258109140.000,0,-,-,-,-,3731.2000,3731.0000,3730.8000,3730.6000,3728.4000,3732.2000,3732.4000,3734.0000,3734.4000,3734.8000,1,1,1,1,1,1,2,1,2,1
SF,IF2005,2020-04-13 10:37:33.600,3732.6000,10655,0,3258109140.000,0,-,-,-,-,3731.2000,3731.0000,3730.8000,3730.6000,3728.4000,3732.2000,3732.4000,3734.0000,3734.4000,3734.8000,2,1,1,1,1,1,2,1,2,1
SF,IF2005,2020-04-13 10:37:34.100,3732.6000,10655,0,3258109140.000,0,-,-,-,-,3731.2000,3731.0000,3730.8000,3730.6000,3728.4000,3732.2000,3732.4000,3734.0000,3734.4000,3734.8000,2,1,1,1,1,1,2,1,2,1
SF,IF2005,2020-04-13 10:37:34.600,3732.6000,10655,0,3258109140.000,0,-,-,-,-,3731.2000,3731.0000,3730.8000,3730.6000,3728.4000,3732.0000,3732.2000,3732.4000,3734.0000,3734.4000,2,1,1,1,1,1,1,1,1,2
SF,IF2005,2020-04-13 10:37:35.100,3732.4000,10655,0,3259228860.000,1,0,1,多换,S,3732.0000,3731.2000,3731.0000,3730.8000,3730.6000,3732.2000,3732.4000,3734.0000,3734.4000,3734.8000,1,2,1,1,1,1,1,1,2,1
SF,IF2005,2020-04-13 10:37:35.600,3732.0000,10655,0,3260348460.000,1,0,1,多换,S,3731.2000,3731.0000,3730.8000,3730.6000,3728.4000,3732.2000,3734.0000,3734.4000,3734.8000,3735.8000,1,1,1,1,1,1,1,2,1,1
SF,IF2005,2020-04-13 10:37:36.100,3732.0000,10655,0,3260348460.000,0,-,-,-,-,3732.0000,3731.2000,3731.0000,3730.8000,3730.6000,3732.2000,3734.0000,3734.4000,3734.8000,3735.8000,1,1,1,1,1,2,1,2,1,1
SF,IF2005,2020-04-13 10:37:36.600,3732.0000,10655,0,3261468060.000,1,0,1,多换,S,3731.2000,3731.0000,3730.8000,3730.6000,3728.4000,3732.2000,3734.0000,3734.4000,3734.8000,3735.8000,1,1,1,1,1,1,1,2,1,1
SF,IF2005,2020-04-13 10:37:37.100,3732.0000,10655,0,3261468060.000,0,-,-,-,-,3731.4000,3731.2000,3731.0000,3730.8000,3730.6000,3732.2000,3734.0000,3734.4000,3734.8000,3735.8000,1,1,1,1,1,1,1,2,1,1
SF,IF2005,2020-04-13 10:37:37.600,3732.2000,10655,0,3262587720.000,1,0,1,多换,S,3731.6000,3731.4000,3731.0000,3730.8000,3730.6000,3734.0000,3734.4000,3734.8000,3735.8000,3736.0000,2,2,1,1,1,1,2,1,1,4
SF,IF2005,2020-04-13 10:37:38.100,3732.2000,10656,1,3263707380.000,1,1,0,双开,S,3732.2000,3731.8000,3731.6000,3731.4000,3731.0000,3733.0000,3733.2000,3733.4000,3733.6000,3733.8000,1,2,2,1,1,1,1,6,7,2
SF,IF2005,2020-04-13 10:37:38.600,3732.2000,10656,0,3263707380.000,0,-,-,-,-,3732.0000,3731.8000,3731.6000,3731.4000,3731.0000,3733.0000,3733.2000,3733.4000,3733.6000,3733.8000,1,1,1,1,1,1,1,6,6,2
SF,IF2005,2020-04-13 10:37:39.100,3733.0000,10656,0,3265946880.000,2,1,1,多换,S,3731.8000,3731.6000,3731.4000,3731.0000,3730.8000,3733.2000,3733.4000,3733.6000,3733.8000,3734.0000,1,1,1,1,1,1,6,5,2,1
SF,IF2005,2020-04-13 10:37:39.600,3733.0000,10656,0,3265946880.000,0,-,-,-,-,3732.0000,3731.8000,3731.4000,3731.0000,3730.8000,3733.0000,3733.2000,3734.0000,3734.4000,3734.8000,1,1,1,1,1,2,1,1,2,1
SF,IF2005,2020-04-13 10:37:40.100,3733.0000,10656,0,3265946880.000,0,-,-,-,-,3731.8000,3731.4000,3731.0000,3730.8000,3730.6000,3733.0000,3733.2000,3734.0000,3734.4000,3734.8000,1,1,1,1,1,2,1,1,2,1
SF,IF2005,2020-04-13 10:37:41.100,3733.0000,10656,0,3265946880.000,0,-,-,-,-,3732.0000,3731.8000,3731.4000,3731.0000,3730.8000,3733.0000,3733.2000,3734.0000,3734.4000,3734.8000,1,2,1,1,1,2,1,1,2,1
SF,IF2005,2020-04-13 10:37:41.600,3733.0000,10656,0,3265946880.000,0,-,-,-,-,3732.0000,3731.8000,3731.4000,3731.0000,3730.8000,3733.0000,3733.2000,3734.0000,3734.4000,3734.8000,1,2,1,1,1,2,1,1,2,1
SF,IF2005,2020-04-13 10:37:42.100,3733.0000,10656,0,3265946880.000,0,-,-,-,-,3731.8000,3731.0000,3730.8000,3730.6000,3728.4000,3732.6000,3733.0000,3733.2000,3734.0000,3734.4000,2,1,1,1,1,1,1,1,1,2
SF,IF2005,2020-04-13 10:37:43.100,3733.0000,10656,0,3265946880.000,0,-,-,-,-,3731.8000,3731.0000,3730.8000,3730.6000,3728.4000,3732.6000,3733.0000,3734.0000,3734.4000,3734.8000,2,1,1,1,1,1,1,1,2,1
SF,IF2005,2020-04-13 10:37:43.600,3733.0000,10656,0,3265946880.000,0,-,-,-,-,3732.0000,3731.8000,3731.0000,3730.8000,3730.6000,3732.6000,3733.0000,3734.0000,3734.4000,3734.8000,1,1,1,1,1,1,1,1,2,1
SF,IF2005,2020-04-13 10:37:44.100,3732.6000,10656,0,3267066660.000,1,0,1,多换,S,3732.0000,3731.8000,3731.0000,3730.8000,3730.6000,3733.0000,3734.0000,3734.4000,3734.8000,3735.8000,1,1,1,1,1,1,1,2,1,1
SF,IF2005,2020-04-13 10:37:44.600,3732.6000,10656,0,3267066660.000,0,-,-,-,-,3732.0000,3731.8000,3731.0000,3730.8000,3730.6000,3733.0000,3733.8000,3734.0000,3734.4000,3734.8000,1,1,1,1,1,1,1,1,2,1
SF,IF2005,2020-04-13 10:37:45.100,3731.8000,10655,-1,3271544940.000,4,1,3,多平,S,3732.0000,3731.0000,3730.8000,3730.6000,3728.4000,3733.0000,3733.8000,3734.0000,3734.4000,3734.8000,1,1,1,1,1,1,1,1,2,1
SF,IF2005,2020-04-13 10:37:46.100,3733.0000,10655,0,3272664840.000,1,0,1,多换,S,3732.0000,3731.0000,3730.8000,3730.6000,3728.4000,3733.8000,3734.0000,3734.4000,3734.8000,3735.8000,1,1,1,1,1,1,1,2,1,1
SF,IF2005,2020-04-13 10:37:46.600,3733.0000,10655,0,3272664840.000,0,-,-,-,-,3732.2000,3732.0000,3731.0000,3730.8000,3730.6000,3733.4000,3733.6000,3733.8000,3734.0000,3734.4000,2,1,1,1,1,2,2,1,1,2
SF,IF2005,2020-04-13 10:37:47.600,3733.0000,10655,0,3272664840.000,0,-,-,-,-,3733.0000,3732.2000,3732.0000,3731.0000,3730.8000,3733.4000,3733.6000,3733.8000,3734.0000,3734.4000,1,2,1,1,1,2,2,1,1,2
SF,IF2005,2020-04-13 10:37:48.100,3733.0000,10656,1,3273784740.000,1,1,0,双开,S,3732.2000,3732.0000,3731.0000,3730.8000,3730.6000,3733.4000,3733.6000,3733.8000,3734.0000,3734.4000,2,1,1,1,1,2,2,1,1,2
SF,IF2005,2020-04-13 10:37:48.600,3733.0000,10656,0,3273784740.000,0,-,-,-,-,3732.2000,3732.0000,3731.0000,3730.8000,3730.6000,3733.2000,3733.4000,3733.6000,3733.8000,3734.0000,2,1,1,1,1,1,2,1,1,1
SF,IF2005,2020-04-13 10:37:49.600,3733.0000,10656,0,3273784740.000,0,-,-,-,-,3732.2000,3731.0000,3730.8000,3730.6000,3730.2000,3733.2000,3733.4000,3733.6000,3733.8000,3734.0000,3,1,1,1,1,1,2,1,1,1
SF,IF2005,2020-04-13 10:37:50.100,3733.2000,10656,0,3274904700.000,1,0,1,多换,S,3732.2000,3731.0000,3730.8000,3730.6000,3730.2000,3733.4000,3733.6000,3733.8000,3734.0000,3734.4000,3,1,1,1,1,2,1,1,1,2
SF,IF2005,2020-04-13 10:37:50.600,3733.2000,10656,0,3274904700.000,0,-,-,-,-,3733.2000,3732.2000,3731.0000,3730.8000,3730.6000,3733.4000,3733.6000,3733.8000,3734.0000,3734.4000,1,3,1,1,1,2,1,1,1,2
SF,IF2005,2020-04-13 10:37:51.100,3733.2000,10657,1,3276024660.000,1,1,0,双开,S,3732.2000,3731.0000,3730.8000,3730.6000,3730.2000,3733.4000,3733.6000,3733.8000,3734.0000,3734.4000,3,1,1,1,1,1,1,1,1,2
SF,IF2005,2020-04-13 10:37:51.600,3733.2000,10657,0,3276024660.000,0,-,-,-,-,3732.2000,3731.0000,3730.8000,3730.6000,3730.2000,3733.2000,3733.4000,3733.6000,3733.8000,3734.0000,3,1,1,1,1,1,1,1,1,1
SF,IF2005,2020-04-13 10:37:52.600,3733.2000,10657,0,3276024660.000,0,-,-,-,-,3732.2000,3731.0000,3730.8000,3730.6000,3730.2000,3733.2000,3733.4000,3733.8000,3734.0000,3734.4000,2,1,1,1,1,1,1,1,1,2
SF,IF2005,2020-04-13 10:37:53.100,3733.2000,10657,0,3276024660.000,0,-,-,-,-,3732.2000,3731.0000,3730.8000,3730.6000,3730.2000,3733.0000,3733.2000,3733.4000,3733.8000,3734.0000,2,1,1,1,1,1,1,1,1,1
SF,IF2005,2020-04-13 10:37:53.600,3733.2000,10657,0,3276024660.000,0,-,-,-,-,3732.2000,3731.0000,3730.8000,3730.6000,3730.2000,3733.0000,3733.2000,3733.8000,3734.0000,3734.4000,1,1,1,1,1,3,1,1,1,2
SF,IF2005,2020-04-13 10:37:54.100,3733.2000,10657,0,3276024660.000,0,-,-,-,-,3731.0000,3730.8000,3730.6000,3730.2000,3728.4000,3733.0000,3733.2000,3733.8000,3734.0000,3734.4000,1,1,1,1,1,3,1,1,1,2
SF,IF2005,2020-04-13 10:37:54.600,3733.2000,10657,0,3276024660.000,0,-,-,-,-,3731.4000,3731.2000,3731.0000,3730.8000,3730.6000,3732.8000,3733.0000,3733.2000,3733.8000,3734.0000,2,3,1,1,1,1,3,1,1,1
SF,IF2005,2020-04-13 10:37:55.100,3733.2000,10657,0,3276024660.000,0,-,-,-,-,3731.6000,3731.4000,3731.2000,3731.0000,3730.8000,3732.8000,3733.0000,3733.2000,3733.8000,3734.0000,1,2,4,1,1,1,3,1,1,1
SF,IF2005,2020-04-13 10:37:55.600,3733.2000,10657,0,3276024660.000,0,-,-,-,-,3731.8000,3731.6000,3731.4000,3731.2000,3731.0000,3733.0000,3733.2000,3733.8000,3734.0000,3734.4000,1,1,3,3,1,3,1,1,1,2
SF,IF2005,2020-04-13 10:37:56.100,3733.2000,10657,0,3276024660.000,0,-,-,-,-,3732.0000,3731.8000,3731.4000,3731.2000,3731.0000,3733.0000,3733.2000,3733.8000,3734.0000,3734.4000,1,1,3,2,1,3,1,1,1,2
SF,IF2005,2020-04-13 10:37:56.600,3733.2000,10657,0,3276024660.000,0,-,-,-,-,3732.0000,3731.4000,3731.2000,3731.0000,3730.8000,3733.0000,3733.8000,3734.0000,3734.4000,3734.8000,2,1,2,1,1,4,1,1,2,1
SF,IF2005,2020-04-13 10:37:57.100,3733.2000,10657,0,3276024660.000,0,-,-,-,-,3732.0000,3731.2000,3731.0000,3730.8000,3730.6000,3733.0000,3733.8000,3734.0000,3734.4000,3734.8000,1,2,1,1,1,4,1,1,2,1
SF,IF2005,2020-04-13 10:38:00.100,3732.0000,10657,0,3277144260.000,1,0,1,多换,S,3731.2000,3731.0000,3730.8000,3730.6000,3730.2000,3732.0000,3733.0000,3733.8000,3734.0000,3734.4000,2,1,1,1,1,2,4,1,1,2
SF,IF2005,2020-04-13 10:38:00.600,3732.0000,10657,0,3277144260.000,0,-,-,-,-,3731.4000,3731.2000,3731.0000,3730.8000,3730.6000,3732.0000,3733.0000,3733.8000,3734.0000,3734.4000,3,1,1,1,1,2,2,1,1,2
SF,IF2005,2020-04-13 10:38:01.100,3732.0000,10659,2,3279383460.000,2,2,0,双开,S,3732.0000,3731.4000,3731.0000,3730.8000,3730.6000,3733.0000,3733.8000,3734.0000,3734.4000,3734.8000,2,5,1,1,1,2,1,1,2,1
SF,IF2005,2020-04-13 10:38:01.600,3732.0000,10659,0,3279383460.000,0,-,-,-,-,3732.0000,3731.4000,3731.0000,3730.8000,3730.6000,3732.8000,3733.0000,3733.8000,3734.0000,3734.4000,2,4,1,1,1,3,1,1,1,2
SF,IF2005,2020-04-13 10:38:02.100,3732.8000,10659,0,3280503300.000,1,0,1,多换,S,3731.4000,3731.0000,3730.8000,3730.6000,3730.2000,3732.8000,3733.0000,3733.8000,3734.0000,3734.4000,3,1,1,1,1,3,1,1,1,2
SF,IF2005,2020-04-13 10:38:02.600,3732.8000,10659,0,3281623140.000,1,0,1,多换,S,3731.8000,3731.4000,3731.0000,3730.8000,3730.6000,3732.8000,3733.0000,3733.8000,3734.0000,3734.4000,1,3,1,1,1,2,1,1,1,2
SF,IF2005,2020-04-13 10:38:03.100,3732.8000,10659,0,3282742980.000,1,0,1,多换,S,3731.8000,3731.4000,3731.0000,3730.8000,3730.6000,3732.6000,3732.8000,3733.0000,3733.8000,3734.0000,1,3,1,1,1,1,1,1,1,1
SF,IF2005,2020-04-13 10:38:04.600,3732.6000,10660,1,3283862760.000,1,1,0,双开,S,3731.8000,3731.4000,3731.0000,3730.8000,3730.6000,3732.8000,3733.0000,3733.8000,3734.0000,3734.4000,1,3,1,1,1,1,1,1,1,2
SF,IF2005,2020-04-13 10:38:05.100,3732.6000,10660,0,3283862760.000,0,-,-,-,-,3732.0000,3731.8000,3731.4000,3731.0000,3730.8000,3732.8000,3733.0000,3733.8000,3734.0000,3734.4000,1,1,2,1,1,1,1,1,1,2
SF,IF2005,2020-04-13 10:38:06.600,3732.6000,10660,0,3283862760.000,0,-,-,-,-,3732.0000,3731.8000,3731.4000,3731.0000,3730.8000,3732.8000,3733.0000,3733.8000,3734.0000,3734.4000,1,1,2,1,1,2,1,1,1,2
SF,IF2005,2020-04-13 10:38:07.100,3732.0000,10661,1,3284982360.000,1,1,0,双开,S,3731.8000,3731.4000,3731.0000,3730.8000,3730.6000,3732.6000,3732.8000,3733.8000,3734.0000,3734.4000,1,2,1,1,1,2,1,1,1,2
SF,IF2005,2020-04-13 10:38:07.600,3732.0000,10661,0,3284982360.000,0,-,-,-,-,3731.4000,3730.8000,3728.4000,3728.0000,3727.4000,3732.6000,3732.8000,3733.8000,3734.0000,3734.4000,1,1,1,1,2,3,1,1,1,2
SF,IF2005,2020-04-13 10:38:08.100,3732.0000,10661,0,3284982360.000,0,-,-,-,-,3731.4000,3730.8000,3728.4000,3728.0000,3727.4000,3732.4000,3732.6000,3732.8000,3733.8000,3734.0000,1,1,1,1,2,2,2,1,1,1
SF,IF2005,2020-04-13 10:38:10.600,3732.0000,10661,0,3284982360.000,0,-,-,-,-,3731.6000,3731.4000,3730.8000,3728.4000,3728.0000,3732.4000,3732.6000,3732.8000,3733.8000,3734.0000,1,1,1,1,1,2,2,1,1,1
SF,IF2005,2020-04-13 10:38:11.100,3732.0000,10661,0,3284982360.000,0,-,-,-,-,3731.6000,3731.4000,3730.8000,3728.4000,3728.0000,3732.4000,3732.6000,3732.8000,3733.8000,3734.0000,1,1,1,1,1,1,2,1,1,1
SF,IF2005,2020-04-13 10:38:11.600,3732.0000,10661,0,3284982360.000,0,-,-,-,-,3731.6000,3731.4000,3730.8000,3728.4000,3728.0000,3732.6000,3732.8000,3733.8000,3734.0000,3734.4000,1,1,1,1,1,2,1,1,1,2
SF,IF2005,2020-04-13 10:38:12.100,3732.0000,10661,0,3284982360.000,0,-,-,-,-,3731.6000,3731.4000,3730.8000,3728.4000,3728.0000,3732.4000,3732.6000,3732.8000,3733.8000,3734.0000,1,1,1,1,1,1,1,1,1,1
SF,IF2005,2020-04-13 10:38:12.600,3732.0000,10661,0,3284982360.000,0,-,-,-,-,3731.6000,3731.4000,3730.8000,3728.4000,3728.0000,3732.4000,3732.6000,3732.8000,3733.8000,3734.0000,1,1,1,1,1,2,1,1,1,1
SF,IF2005,2020-04-13 10:38:13.100,3732.0000,10661,0,3284982360.000,0,-,-,-,-,3731.6000,3731.4000,3730.8000,3728.4000,3728.0000,3732.4000,3732.6000,3732.8000,3733.8000,3734.0000,1,1,1,1,1,1,1,1,1,1
SF,IF2005,2020-04-13 10:38:16.600,3732.0000,10661,0,3286101960.000,1,0,1,多换,S,3732.0000,3731.6000,3731.4000,3730.8000,3728.4000,3732.4000,3732.6000,3732.8000,3733.8000,3734.0000,1,1,1,1,1,1,1,1,1,1
SF,IF2005,2020-04-13 10:38:17.100,3732.0000,10662,1,3287221560.000,1,1,0,双开,S,3731.6000,3731.4000,3730.8000,3728.4000,3728.0000,3732.4000,3732.6000,3732.8000,3733.8000,3734.0000,1,1,1,1,1,1,1,1,1,1
SF,IF2005,2020-04-13 10:38:17.600,3732.0000,10662,0,3287221560.000,0,-,-,-,-,3731.6000,3731.4000,3730.8000,3728.4000,3728.0000,3732.6000,3732.8000,3733.6000,3733.8000,3734.0000,1,1,1,1,1,1,1,2,1,1
SF,IF2005,2020-04-13 10:38:18.100,3732.0000,10662,0,3287221560.000,0,-,-,-,-,3731.6000,3731.4000,3730.8000,3728.4000,3728.0000,3732.2000,3732.6000,3732.8000,3733.6000,3733.8000,1,1,1,1,1,1,1,1,2,1
SF,IF2005,2020-04-13 10:38:21.100,3732.0000,10662,0,3287221560.000,0,-,-,-,-,3731.6000,3731.4000,3730.8000,3728.4000,3728.0000,3732.2000,3732.6000,3732.8000,3733.6000,3733.8000,1,1,1,1,1,1,1,1,2,1
SF,IF2005,2020-04-13 10:38:21.600,3732.2000,10662,0,3288341220.000,1,0,1,多换,S,3732.2000,3731.8000,3731.6000,3730.8000,3728.4000,3732.6000,3732.8000,3733.6000,3733.8000,3734.0000,1,1,1,1,1,1,1,2,1,1
SF,IF2005,2020-04-13 10:38:22.100,3732.2000,10662,0,3288341220.000,0,-,-,-,-,3732.2000,3732.0000,3731.8000,3731.6000,3730.8000,3732.8000,3733.6000,3733.8000,3734.0000,3734.8000,1,1,2,1,1,1,2,1,1,1
SF,IF2005,2020-04-13 10:38:22.600,3732.2000,10662,0,3288341220.000,0,-,-,-,-,3732.0000,3731.8000,3731.6000,3730.8000,3728.4000,3732.8000,3733.6000,3733.8000,3734.0000,3734.8000,1,1,1,1,1,1,2,1,1,1
SF,IF2005,2020-04-13 10:38:23.100,3732.8000,10663,1,3289461060.000,1,1,0,双开,S,3732.0000,3731.8000,3731.6000,3730.8000,3728.4000,3733.6000,3733.8000,3734.0000,3734.8000,3735.8000,1,1,1,1,1,2,1,1,1,1
SF,IF2005,2020-04-13 10:38:23.600,3732.2000,10664,1,3292820100.000,3,2,1,空开,S,3732.2000,3732.0000,3730.8000,3728.4000,3728.0000,3733.4000,3733.8000,3734.0000,3734.8000,3735.8000,1,1,1,1,1,1,1,1,1,1
SF,IF2005,2020-04-13 10:38:24.100,3732.2000,10664,0,3292820100.000,0,-,-,-,-,3732.2000,3732.0000,3730.8000,3728.4000,3728.0000,3733.4000,3733.8000,3734.0000,3734.6000,3734.8000,1,1,1,1,1,1,1,1,2,1
SF,IF2005,2020-04-13 10:38:24.600,3732.2000,10664,0,3292820100.000,0,-,-,-,-,3732.2000,3732.0000,3730.8000,3728.4000,3728.0000,3733.4000,3733.8000,3734.0000,3734.6000,3734.8000,1,1,1,1,1,1,1,1,2,1
SF,IF2005,2020-04-13 10:38:25.100,3732.2000,10664,0,3292820100.000,0,-,-,-,-,3732.2000,3732.0000,3730.8000,3728.4000,3728.0000,3733.4000,3733.8000,3734.0000,3734.6000,3734.8000,1,1,1,1,1,1,1,1,2,1
SF,IF2005,2020-04-13 10:38:25.600,3732.2000,10664,0,3292820100.000,0,-,-,-,-,3732.2000,3730.8000,3728.4000,3728.0000,3727.4000,3733.2000,3733.4000,3733.8000,3734.0000,3734.6000,1,1,1,1,2,8,1,1,1,2
SF,IF2005,2020-04-13 10:38:26.100,3732.2000,10664,0,3292820100.000,0,-,-,-,-,3732.2000,3730.8000,3728.4000,3728.0000,3727.4000,3733.2000,3733.4000,3733.8000,3734.0000,3734.6000,1,1,1,1,2,1,1,1,1,2
SF,IF2005,2020-04-13 10:38:27.100,3732.2000,10664,0,3292820100.000,0,-,-,-,-,3732.4000,3732.2000,3730.8000,3728.4000,3728.0000,3733.4000,3733.8000,3734.0000,3734.6000,3734.8000,1,1,1,1,1,1,1,1,2,1
SF,IF2005,2020-04-13 10:38:27.600,3732.2000,10664,0,3292820100.000,0,-,-,-,-,3732.4000,3732.2000,3730.8000,3728.4000,3728.0000,3733.4000,3733.8000,3734.0000,3734.6000,3734.8000,1,2,1,1,1,1,1,1,2,1
SF,IF2005,2020-04-13 10:38:28.100,3732.2000,10664,0,3292820100.000,0,-,-,-,-,3732.4000,3732.2000,3730.8000,3728.4000,3728.0000,3733.2000,3733.4000,3733.8000,3734.0000,3734.6000,1,1,1,1,1,6,1,1,1,2
SF,IF2005,2020-04-13 10:38:28.600,3732.2000,10664,0,3292820100.000,0,-,-,-,-,3732.4000,3732.2000,3730.8000,3728.4000,3728.0000,3733.2000,3733.4000,3733.8000,3734.0000,3734.6000,1,1,1,1,1,2,1,1,1,2
SF,IF2005,2020-04-13 10:38:29.100,3732.2000,10664,0,3292820100.000,0,-,-,-,-,3732.4000,3732.2000,3730.8000,3728.4000,3728.0000,3733.2000,3733.4000,3733.8000,3734.0000,3734.6000,1,1,1,1,1,1,1,1,1,2
SF,IF2005,2020-04-13 10:38:30.600,3732.2000,10664,0,3292820100.000,0,-,-,-,-,3732.4000,3732.2000,3730.8000,3728.4000,3728.0000,3733.4000,3733.8000,3734.0000,3734.6000,3734.8000,1,1,1,1,1,1,1,1,2,1
SF,IF2005,2020-04-13 10:38:34.100,3732.2000,10664,0,3292820100.000,0,-,-,-,-,3732.4000,3732.2000,3730.8000,3728.4000,3728.0000,3733.2000,3733.4000,3733.8000,3734.0000,3734.6000,1,1,1,1,1,1,1,1,1,2
SF,IF2005,2020-04-13 10:38:34.600,3732.2000,10664,0,3292820100.000,0,-,-,-,-,3732.2000,3730.8000,3728.4000,3728.0000,3727.4000,3733.2000,3733.4000,3733.8000,3734.0000,3734.6000,1,1,1,1,2,2,1,1,1,2
SF,IF2005,2020-04-13 10:38:35.100,3732.2000,10664,0,3292820100.000,0,-,-,-,-,3732.2000,3730.8000,3728.4000,3728.0000,3727.4000,3733.2000,3733.4000,3733.8000,3734.0000,3734.6000,1,1,1,1,2,1,1,1,1,2
SF,IF2005,2020-04-13 10:38:36.100,3732.2000,10664,0,3292820100.000,0,-,-,-,-,3732.4000,3732.2000,3730.8000,3728.4000,3728.0000,3733.2000,3733.4000,3733.8000,3734.0000,3734.6000,1,1,1,1,1,1,1,1,1,2
SF,IF2005,2020-04-13 10:38:37.100,3732.2000,10665,1,3295059420.000,2,1,1,空开,S,3730.8000,3728.4000,3728.0000,3727.4000,3725.0000,3732.2000,3733.2000,3733.4000,3733.8000,3734.0000,1,1,1,2,4,1,1,1,1,1
SF,IF2005,2020-04-13 10:38:37.600,3732.2000,10665,0,3296179080.000,1,0,1,多换,S,3732.6000,3731.6000,3731.4000,3731.2000,3731.0000,3733.4000,3733.8000,3734.0000,3734.6000,3734.8000,1,1,6,4,5,1,1,1,2,1
SF,IF2005,2020-04-13 10:38:38.100,3732.6000,10665,0,3297298860.000,1,0,1,多换,S,3731.6000,3731.4000,3731.2000,3731.0000,3730.8000,3732.4000,3733.0000,3733.2000,3733.4000,3733.8000,1,1,2,5,1,1,1,6,1,1
SF,IF2005,2020-04-13 10:38:38.600,3732.6000,10665,0,3297298860.000,0,-,-,-,-,3731.4000,3731.0000,3730.8000,3728.4000,3728.0000,3732.2000,3732.6000,3732.8000,3733.0000,3733.2000,1,3,1,1,1,1,1,5,4,6
SF,IF2005,2020-04-13 10:38:39.100,3732.6000,10665,0,3297298860.000,0,-,-,-,-,3731.0000,3728.4000,3728.0000,3727.4000,3725.0000,3732.0000,3732.2000,3732.6000,3732.8000,3733.0000,1,1,1,2,4,1,1,1,5,4
SF,IF2005,2020-04-13 10:38:39.600,3731.0000,10665,0,3298418160.000,1,0,1,多换,S,3728.4000,3728.0000,3727.4000,3725.0000,3724.0000,3732.0000,3732.2000,3732.6000,3732.8000,3733.0000,1,1,2,4,8,1,1,1,5,4
SF,IF2005,2020-04-13 10:38:40.100,3731.0000,10665,0,3298418160.000,0,-,-,-,-,3730.6000,3730.4000,3730.2000,3730.0000,3729.8000,3731.8000,3732.0000,3732.2000,3732.6000,3732.8000,1,1,6,1,1,4,1,1,1,5
SF,IF2005,2020-04-13 10:38:40.600,3731.8000,10664,-1,3299537700.000,1,0,1,双平,S,3730.8000,3730.6000,3730.4000,3730.2000,3730.0000,3732.0000,3732.2000,3732.6000,3732.8000,3733.4000,2,1,1,5,1,1,1,1,5,2
SF,IF2005,2020-04-13 10:38:41.100,3731.8000,10664,0,3299537700.000,0,-,-,-,-,3731.0000,3730.8000,3730.6000,3730.2000,3730.0000,3732.0000,3732.2000,3732.6000,3732.8000,3733.4000,2,4,1,5,1,1,1,1,5,2
SF,IF2005,2020-04-13 10:38:41.600,3731.8000,10664,0,3299537700.000,0,-,-,-,-,3731.2000,3731.0000,3730.8000,3730.6000,3730.2000,3732.0000,3732.2000,3732.6000,3732.8000,3733.4000,1,3,2,1,5,1,1,1,5,2
SF,IF2005,2020-04-13 10:38:42.100,3731.8000,10664,0,3299537700.000,0,-,-,-,-,3731.4000,3731.2000,3731.0000,3730.8000,3730.6000,3732.0000,3732.6000,3733.4000,3733.6000,3733.8000,1,3,1,1,1,1,1,2,2,1
SF,IF2005,2020-04-13 10:38:43.100,3732.0000,10663,-1,3300657300.000,1,0,1,双平,S,3732.0000,3731.6000,3731.4000,3731.2000,3731.0000,3732.6000,3733.4000,3733.6000,3733.8000,3734.8000,1,1,1,2,1,1,2,2,1,1
SF,IF2005,2020-04-13 10:38:43.600,3732.0000,10663,0,3300657300.000,0,-,-,-,-,3732.2000,3731.6000,3731.4000,3731.2000,3731.0000,3732.4000,3733.4000,3733.6000,3733.8000,3734.8000,1,1,2,1,1,1,2,2,1,1
SF,IF2005,2020-04-13 10:38:44.600,3732.4000,10664,1,3301777020.000,1,1,0,双开,S,3731.6000,3731.4000,3731.0000,3730.8000,3730.6000,3733.4000,3733.6000,3733.8000,3734.8000,3735.8000,1,1,1,1,1,2,2,1,1,1
SF,IF2005,2020-04-13 10:38:45.100,3732.4000,10664,0,3301777020.000,0,-,-,-,-,3731.8000,3731.6000,3731.4000,3731.0000,3730.6000,3733.0000,3733.2000,3733.4000,3733.6000,3733.8000,2,1,1,1,1,7,5,2,2,1
SF,IF2005,2020-04-13 10:38:45.600,3732.8000,10664,0,3302896860.000,1,0,1,多换,S,3731.8000,3731.6000,3731.4000,3731.0000,3730.6000,3732.8000,3733.0000,3733.2000,3733.4000,3733.6000,2,1,1,1,1,2,6,3,2,2
SF,IF2005,2020-04-13 10:38:46.100,3732.8000,10664,0,3302896860.000,0,-,-,-,-,3731.8000,3731.6000,3731.4000,3731.0000,3730.6000,3732.8000,3733.0000,3733.2000,3733.4000,3733.8000,2,1,1,1,1,2,1,1,1,1
SF,IF2005,2020-04-13 10:38:46.600,3732.8000,10664,0,3302896860.000,0,-,-,-,-,3731.8000,3731.6000,3731.4000,3731.0000,3730.6000,3732.8000,3733.0000,3733.4000,3733.8000,3734.6000,2,1,1,1,1,2,1,1,1,2
SF,IF2005,2020-04-13 10:38:47.100,3732.8000,10665,1,3304016700.000,1,1,0,双开,S,3731.8000,3731.6000,3731.4000,3731.0000,3730.6000,3732.8000,3733.0000,3733.4000,3733.8000,3734.6000,2,1,1,1,1,1,1,1,1,2
SF,IF2005,2020-04-13 10:38:47.600,3732.8000,10665,0,3304016700.000,0,-,-,-,-,3731.8000,3731.6000,3731.4000,3731.0000,3730.6000,3733.0000,3733.4000,3733.8000,3734.6000,3734.8000,2,1,1,1,1,1,1,1,2,1
SF,IF2005,2020-04-13 10:38:48.600,3732.8000,10665,0,3304016700.000,0,-,-,-,-,3731.8000,3731.6000,3731.4000,3731.0000,3730.6000,3732.8000,3733.0000,3733.4000,3733.8000,3734.6000,2,1,1,1,1,1,1,1,1,2
SF,IF2005,2020-04-13 10:38:50.100,3732.8000,10665,0,3304016700.000,0,-,-,-,-,3731.8000,3731.6000,3731.4000,3731.0000,3730.6000,3733.0000,3733.4000,3733.8000,3734.6000,3734.8000,2,1,1,1,1,1,1,1,2,1
SF,IF2005,2020-04-13 10:38:50.600,3731.8000,10665,0,3306255780.000,2,1,1,多换,S,3731.6000,3731.4000,3731.0000,3730.6000,3730.2000,3731.8000,3733.0000,3733.4000,3733.8000,3734.6000,1,1,1,1,4,1,1,1,1,2
SF,IF2005,2020-04-13 10:38:51.100,3731.8000,10665,0,3307375320.000,1,0,1,多换,S,3731.8000,3731.6000,3731.4000,3731.0000,3730.6000,3733.0000,3733.4000,3733.8000,3734.6000,3734.8000,2,1,1,1,1,1,1,1,2,1
SF,IF2005,2020-04-13 10:38:51.600,3731.8000,10665,0,3307375320.000,0,-,-,-,-,3731.6000,3731.0000,3730.6000,3730.2000,3730.0000,3732.8000,3733.0000,3733.4000,3733.8000,3734.6000,1,1,1,4,1,1,1,1,1,2
SF,IF2005,2020-04-13 10:38:52.100,3732.8000,10665,0,3308495160.000,1,0,1,多换,S,3731.8000,3731.6000,3731.0000,3730.6000,3730.2000,3733.0000,3733.4000,3733.8000,3734.6000,3734.8000,1,1,1,1,4,1,1,1,2,1
SF,IF2005,2020-04-13 10:38:52.600,3732.8000,10665,0,3308495160.000,0,-,-,-,-,3731.8000,3731.6000,3731.0000,3730.6000,3730.2000,3733.0000,3733.4000,3733.8000,3734.6000,3734.8000,1,2,1,1,4,1,1,1,2,1
SF,IF2005,2020-04-13 10:38:54.600,3732.8000,10665,0,3308495160.000,0,-,-,-,-,3731.8000,3731.6000,3731.0000,3730.6000,3730.2000,3733.0000,3733.4000,3733.8000,3734.6000,3734.8000,2,1,1,1,4,1,1,1,2,1
SF,IF2005,2020-04-13 10:38:55.100,3732.8000,10665,0,3308495160.000,0,-,-,-,-,3731.8000,3731.6000,3731.0000,3730.6000,3730.2000,3733.0000,3733.4000,3733.8000,3734.6000,3734.8000,1,1,1,1,4,1,1,1,2,1
SF,IF2005,2020-04-13 10:38:55.600,3733.0000,10665,0,3309615060.000,1,0,1,多换,S,3731.8000,3731.6000,3731.0000,3730.6000,3730.2000,3733.4000,3733.8000,3734.6000,3734.8000,3736.0000,1,1,1,1,4,1,1,2,1,4
SF,IF2005,2020-04-13 10:38:56.100,3733.0000,10665,0,3309615060.000,0,-,-,-,-,3732.0000,3731.8000,3731.6000,3731.0000,3730.6000,3733.2000,3733.4000,3733.8000,3734.6000,3734.8000,1,1,1,1,1,3,1,1,2,1
SF,IF2005,2020-04-13 10:38:56.600,3733.0000,10665,0,3309615060.000,0,-,-,-,-,3732.2000,3732.0000,3731.6000,3731.0000,3730.6000,3733.2000,3733.4000,3733.8000,3734.6000,3734.8000,1,1,1,1,1,3,1,1,2,1
SF,IF2005,2020-04-13 10:38:57.100,3733.0000,10665,0,3309615060.000,0,-,-,-,-,3732.2000,3732.0000,3731.6000,3731.0000,3730.6000,3733.0000,3733.2000,3733.4000,3733.8000,3734.6000,1,1,1,1,1,1,3,1,1,2
SF,IF2005,2020-04-13 10:38:57.600,3733.0000,10665,0,3309615060.000,0,-,-,-,-,3732.2000,3732.0000,3731.8000,3731.6000,3731.0000,3733.2000,3733.4000,3733.8000,3734.6000,3734.8000,1,1,1,1,1,3,1,1,2,1
SF,IF2005,2020-04-13 10:38:58.100,3733.0000,10665,0,3309615060.000,0,-,-,-,-,3732.2000,3732.0000,3731.8000,3731.0000,3730.6000,3733.2000,3733.4000,3733.8000,3734.6000,3734.8000,1,1,1,1,1,3,1,1,2,1
SF,IF2005,2020-04-13 10:38:59.100,3733.0000,10665,0,3309615060.000,0,-,-,-,-,3732.2000,3732.0000,3731.8000,3731.0000,3730.6000,3733.0000,3733.2000,3733.4000,3733.8000,3734.6000,1,1,1,1,1,1,3,1,1,2
SF,IF2005,2020-04-13 10:38:59.600,3733.0000,10666,1,3310734960.000,1,1,0,双开,S,3732.2000,3732.0000,3731.8000,3731.0000,3730.6000,3733.2000,3733.4000,3733.8000,3734.6000,3734.8000,1,1,1,1,1,3,1,1,2,1
SF,IF2005,2020-04-13 10:39:01.600,3733.2000,10666,0,3311854920.000,1,0,1,多换,S,3732.4000,3732.2000,3732.0000,3731.8000,3731.0000,3733.2000,3733.4000,3733.8000,3734.6000,3734.8000,1,1,1,1,1,2,1,1,2,1
SF,IF2005,2020-04-13 10:39:02.100,3733.2000,10666,0,3311854920.000,0,-,-,-,-,3732.6000,3732.4000,3732.0000,3731.8000,3731.0000,3733.2000,3733.4000,3733.8000,3734.6000,3734.8000,1,1,1,1,1,1,1,1,2,1
SF,IF2005,2020-04-13 10:39:02.600,3732.6000,10666,0,3312974700.000,1,0,1,多换,S,3732.4000,3731.8000,3731.0000,3730.6000,3730.2000,3732.6000,3733.4000,3733.8000,3734.6000,3734.8000,1,1,1,1,4,2,1,1,2,1
SF,IF2005,2020-04-13 10:39:03.100,3732.6000,10666,0,3312974700.000,0,-,-,-,-,3732.4000,3731.8000,3731.0000,3730.6000,3730.2000,3733.4000,3733.8000,3734.6000,3734.8000,3736.0000,1,1,1,1,4,1,1,2,1,4
SF,IF2005,2020-04-13 10:39:03.600,3732.6000,10666,0,3312974700.000,0,-,-,-,-,3732.6000,3732.4000,3731.8000,3731.0000,3730.6000,3733.2000,3733.4000,3733.8000,3734.6000,3734.8000,3,1,1,1,1,1,1,1,2,1
SF,IF2005,2020-04-13 10:39:04.100,3732.6000,10666,0,3312974700.000,0,-,-,-,-,3732.4000,3731.8000,3731.0000,3730.6000,3730.2000,3733.2000,3733.4000,3733.8000,3734.6000,3734.8000,1,1,1,1,4,1,1,1,2,1
SF,IF2005,2020-04-13 10:39:04.600,3733.4000,10666,0,3314094720.000,1,0,1,多换,S,3733.4000,3732.4000,3731.8000,3731.0000,3730.6000,3733.8000,3734.6000,3734.8000,3736.0000,3736.8000,1,1,1,1,1,1,2,1,4,2
SF,IF2005,2020-04-13 10:39:05.100,3733.4000,10668,2,3316334760.000,2,2,0,双开,S,3732.6000,3731.8000,3731.0000,3730.6000,3730.2000,3733.8000,3734.6000,3734.8000,3736.0000,3736.8000,1,1,1,1,4,1,2,1,4,2
SF,IF2005,2020-04-13 10:39:05.600,3733.4000,10668,0,3316334760.000,0,-,-,-,-,3732.8000,3732.6000,3731.8000,3731.0000,3730.6000,3733.8000,3734.6000,3734.8000,3736.0000,3736.8000,2,1,1,1,1,1,2,1,4,2
SF,IF2005,2020-04-13 10:39:06.100,3733.4000,10668,0,3316334760.000,0,-,-,-,-,3732.8000,3732.6000,3731.8000,3731.0000,3730.6000,3733.6000,3733.8000,3734.6000,3734.8000,3736.0000,3,1,1,1,1,1,1,2,1,4
SF,IF2005,2020-04-13 10:39:06.600,3733.8000,10669,1,3317454900.000,1,1,0,双开,S,3733.0000,3732.8000,3731.8000,3731.0000,3730.6000,3734.6000,3734.8000,3736.0000,3736.8000,3738.6000,1,2,1,1,1,2,1,4,2,1
SF,IF2005,2020-04-13 10:39:07.100,3733.8000,10669,0,3317454900.000,0,-,-,-,-,3733.2000,3733.0000,3731.8000,3731.0000,3730.6000,3733.8000,3734.0000,3734.2000,3734.4000,3734.6000,2,1,1,1,1,2,5,7,3,2
SF,IF2005,2020-04-13 10:39:07.600,3733.8000,10669,0,3317454900.000,0,-,-,-,-,3733.2000,3733.0000,3731.8000,3731.0000,3730.6000,3733.8000,3734.0000,3734.2000,3734.4000,3734.6000,2,1,1,1,1,2,5,7,2,2
SF,IF2005,2020-04-13 10:39:08.100,3733.2000,10669,0,3319694820.000,2,1,1,多换,S,3733.0000,3731.8000,3731.0000,3730.6000,3730.2000,3734.0000,3734.2000,3734.4000,3734.6000,3734.8000,1,1,1,1,4,5,7,2,2,1
SF,IF2005,2020-04-13 10:39:08.600,3733.2000,10669,0,3319694820.000,0,-,-,-,-,3733.0000,3731.8000,3731.0000,3730.6000,3730.2000,3733.8000,3734.0000,3734.2000,3734.4000,3734.6000,1,1,1,1,4,1,5,7,2,2
SF,IF2005,2020-04-13 10:39:09.100,3733.2000,10669,0,3319694820.000,0,-,-,-,-,3733.0000,3731.8000,3731.0000,3730.6000,3730.2000,3733.6000,3733.8000,3734.0000,3734.2000,3734.4000,1,1,1,1,4,1,1,5,7,1
SF,IF2005,2020-04-13 10:39:10.100,3733.0000,10669,0,3320814720.000,1,0,1,多换,S,3731.8000,3731.0000,3730.6000,3730.2000,3730.0000,3733.6000,3733.8000,3734.0000,3734.2000,3734.4000,1,1,1,4,1,1,1,5,6,1
SF,IF2005,2020-04-13 10:39:10.600,3733.0000,10669,0,3320814720.000,0,-,-,-,-,3732.4000,3732.2000,3732.0000,3731.8000,3731.0000,3733.6000,3733.8000,3734.0000,3734.2000,3734.4000,1,1,3,1,1,1,1,5,6,1
SF,IF2005,2020-04-13 10:39:11.100,3733.0000,10669,0,3320814720.000,0,-,-,-,-,3732.4000,3732.2000,3732.0000,3731.8000,3730.6000,3733.6000,3733.8000,3734.0000,3734.2000,3734.4000,1,1,5,1,1,1,1,5,6,1
SF,IF2005,2020-04-13 10:39:12.100,3733.0000,10669,0,3320814720.000,0,-,-,-,-,3732.6000,3732.4000,3732.2000,3732.0000,3731.8000,3733.6000,3733.8000,3734.0000,3734.2000,3734.4000,1,1,1,5,1,1,1,5,6,1
SF,IF2005,2020-04-13 10:39:12.600,3733.0000,10669,0,3320814720.000,0,-,-,-,-,3732.6000,3732.4000,3732.0000,3731.8000,3730.6000,3733.6000,3733.8000,3734.0000,3734.2000,3734.4000,2,1,3,1,1,1,1,5,6,1
SF,IF2005,2020-04-13 10:39:13.100,3732.4000,10670,1,3324174000.000,3,2,1,空开,S,3732.0000,3731.8000,3730.6000,3730.2000,3730.0000,3733.6000,3733.8000,3734.0000,3734.2000,3734.4000,3,1,1,4,1,1,1,5,6,1
SF,IF2005,2020-04-13 10:39:13.600,3732.4000,10670,0,3324174000.000,0,-,-,-,-,3732.4000,3732.0000,3731.8000,3730.6000,3730.2000,3733.6000,3733.8000,3734.0000,3734.2000,3734.4000,1,4,1,1,4,1,1,5,6,1
SF,IF2005,2020-04-13 10:39:14.100,3732.4000,10670,0,3324174000.000,0,-,-,-,-,3732.4000,3732.2000,3732.0000,3731.8000,3730.6000,3733.6000,3733.8000,3734.0000,3734.2000,3734.4000,1,2,3,1,1,1,1,5,6,1
SF,IF2005,2020-04-13 10:39:14.600,3732.4000,10670,0,3324174000.000,0,-,-,-,-,3732.4000,3732.2000,3732.0000,3731.8000,3730.6000,3733.4000,3733.6000,3733.8000,3734.0000,3734.2000,1,2,3,1,1,1,1,1,5,6
SF,IF2005,2020-04-13 10:39:15.100,3732.4000,10670,0,3324174000.000,0,-,-,-,-,3732.4000,3732.2000,3732.0000,3731.8000,3730.6000,3733.4000,3733.6000,3734.0000,3734.2000,3734.4000,1,2,3,1,1,4,1,5,6,1
SF,IF2005,2020-04-13 10:39:15.600,3732.4000,10670,0,3324174000.000,0,-,-,-,-,3732.4000,3732.2000,3732.0000,3731.8000,3730.6000,3733.2000,3733.4000,3734.0000,3734.2000,3734.4000,1,2,3,1,1,1,4,5,6,1
SF,IF2005,2020-04-13 10:39:16.100,3732.4000,10670,0,3324174000.000,0,-,-,-,-,3732.4000,3732.2000,3732.0000,3731.8000,3730.6000,3733.2000,3733.4000,3734.0000,3734.2000,3734.4000,1,2,3,1,1,1,2,5,6,1
SF,IF2005,2020-04-13 10:39:16.600,3732.4000,10670,0,3327533400.000,3,1,2,多换,S,3732.4000,3732.2000,3732.0000,3731.8000,3730.6000,3733.4000,3734.0000,3734.2000,3734.4000,3734.6000,1,2,2,1,1,2,5,6,1,2
SF,IF2005,2020-04-13 10:39:17.100,3732.4000,10671,1,3328653120.000,1,1,0,双开,S,3732.2000,3732.0000,3730.6000,3730.2000,3730.0000,3733.2000,3733.4000,3734.0000,3734.2000,3734.4000,2,3,1,4,1,1,2,5,6,1
SF,IF2005,2020-04-13 10:39:17.600,3732.4000,10671,0,3328653120.000,0,-,-,-,-,3732.0000,3730.6000,3730.2000,3730.0000,3729.8000,3733.0000,3733.2000,3733.4000,3734.0000,3734.2000,3,1,4,1,1,1,3,1,5,6
SF,IF2005,2020-04-13 10:39:18.100,3732.4000,10671,0,3328653120.000,0,-,-,-,-,3732.0000,3730.6000,3730.2000,3730.0000,3729.8000,3733.0000,3733.2000,3733.4000,3734.0000,3734.2000,3,1,4,1,1,1,3,1,5,1
SF,IF2005,2020-04-13 10:39:18.600,3733.0000,10671,0,3329773020.000,1,0,1,多换,S,3732.0000,3730.6000,3730.2000,3730.0000,3729.8000,3733.2000,3733.4000,3734.0000,3734.2000,3734.4000,4,1,4,1,1,2,1,5,1,1
SF,IF2005,2020-04-13 10:39:19.100,3733.0000,10671,0,3329773020.000,0,-,-,-,-,3732.0000,3730.6000,3730.2000,3730.0000,3729.8000,3733.2000,3733.4000,3734.0000,3734.2000,3734.4000,4,1,4,1,1,2,1,5,1,1
SF,IF2005,2020-04-13 10:39:19.600,3733.0000,10671,0,3329773020.000,0,-,-,-,-,3732.0000,3730.6000,3730.2000,3730.0000,3729.8000,3733.2000,3733.4000,3734.0000,3734.2000,3734.4000,4,1,4,1,1,2,1,5,1,1
SF,IF2005,2020-04-13 10:39:20.100,3733.0000,10671,0,3329773020.000,0,-,-,-,-,3732.2000,3732.0000,3730.6000,3730.2000,3730.0000,3733.2000,3733.4000,3734.0000,3734.2000,3734.4000,1,4,1,4,1,2,1,5,1,1
SF,IF2005,2020-04-13 10:39:20.600,3733.2000,10671,0,3330892980.000,1,0,1,多换,S,3733.2000,3732.4000,3732.2000,3732.0000,3730.6000,3733.4000,3734.0000,3734.2000,3734.4000,3734.6000,1,1,3,3,1,1,5,1,1,2
SF,IF2005,2020-04-13 10:39:21.100,3733.4000,10670,-1,3332013000.000,1,0,1,双平,S,3733.2000,3733.0000,3732.4000,3732.2000,3732.0000,3734.2000,3734.6000,3734.8000,3736.8000,3738.6000,1,1,2,2,3,1,2,2,2,1
SF,IF2005,2020-04-13 10:39:21.600,3733.4000,10670,0,3332013000.000,0,-,-,-,-,3733.0000,3732.4000,3732.2000,3732.0000,3730.6000,3733.8000,3734.0000,3734.6000,3734.8000,3736.8000,1,2,2,3,1,2,2,2,2,2
SF,IF2005,2020-04-13 10:39:22.100,3733.4000,10670,0,3332013000.000,0,-,-,-,-,3733.0000,3732.4000,3732.2000,3732.0000,3730.6000,3734.0000,3734.6000,3734.8000,3736.8000,3738.6000,1,2,2,3,1,2,2,2,2,1
SF,IF2005,2020-04-13 10:39:22.600,3733.8000,10670,0,3333133140.000,1,0,1,多换,S,3733.0000,3732.4000,3732.2000,3732.0000,3730.6000,3734.0000,3734.6000,3734.8000,3736.8000,3738.6000,1,2,2,3,1,2,2,2,2,1
SF,IF2005,2020-04-13 10:39:23.100,3733.8000,10670,0,3333133140.000,0,-,-,-,-,3733.0000,3732.4000,3732.2000,3732.0000,3730.6000,3734.0000,3734.6000,3734.8000,3736.8000,3738.6000,1,2,2,3,1,2,2,2,2,1
SF,IF2005,2020-04-13 10:39:23.600,3733.8000,10670,0,3333133140.000,0,-,-,-,-,3733.0000,3732.4000,3732.2000,3732.0000,3730.6000,3734.0000,3734.6000,3734.8000,3736.8000,3738.6000,1,2,2,3,1,3,2,2,2,1
SF,IF2005,2020-04-13 10:39:24.100,3733.8000,10670,0,3333133140.000,0,-,-,-,-,3733.2000,3733.0000,3732.4000,3732.2000,3732.0000,3734.0000,3734.6000,3734.8000,3736.8000,3738.6000,1,1,1,2,3,2,2,2,2,1
SF,IF2005,2020-04-13 10:39:24.600,3733.8000,10670,0,3333133140.000,0,-,-,-,-,3733.2000,3733.0000,3732.4000,3732.2000,3732.0000,3734.0000,3734.6000,3734.8000,3736.8000,3738.6000,1,1,1,2,3,1,2,2,2,1
SF,IF2005,2020-04-13 10:39:25.100,3733.8000,10670,0,3333133140.000,0,-,-,-,-,3733.2000,3733.0000,3732.4000,3732.2000,3732.0000,3734.0000,3734.6000,3734.8000,3736.8000,3738.6000,1,1,1,2,2,1,2,2,2,1
SF,IF2005,2020-04-13 10:39:25.600,3733.8000,10670,0,3333133140.000,0,-,-,-,-,3733.2000,3733.0000,3732.4000,3732.2000,3732.0000,3734.6000,3734.8000,3736.8000,3738.6000,3738.8000,1,1,1,2,2,2,2,2,1,4
SF,IF2005,2020-04-13 10:39:26.100,3733.8000,10670,0,3333133140.000,0,-,-,-,-,3733.2000,3733.0000,3732.4000,3732.2000,3732.0000,3734.2000,3734.4000,3734.6000,3734.8000,3736.8000,1,1,1,2,2,4,9,2,2,2
SF,IF2005,2020-04-13 10:39:26.600,3733.2000,10670,0,3334253100.000,1,0,1,多换,S,3733.0000,3732.4000,3732.2000,3732.0000,3730.6000,3734.2000,3734.4000,3734.6000,3734.8000,3736.8000,1,1,2,2,1,4,9,2,2,2
SF,IF2005,2020-04-13 10:39:27.100,3733.2000,10670,0,3334253100.000,0,-,-,-,-,3733.0000,3732.4000,3732.2000,3732.0000,3730.6000,3734.0000,3734.2000,3734.4000,3734.6000,3734.8000,1,1,2,2,1,2,4,8,2,2
SF,IF2005,2020-04-13 10:39:27.600,3733.2000,10670,0,3334253100.000,0,-,-,-,-,3733.0000,3732.4000,3732.2000,3732.0000,3730.6000,3734.0000,3734.2000,3734.4000,3734.6000,3734.8000,1,1,2,2,1,2,4,7,2,2
SF,IF2005,2020-04-13 10:39:28.100,3733.2000,10670,0,3334253100.000,0,-,-,-,-,3733.0000,3732.4000,3732.2000,3732.0000,3730.6000,3734.0000,3734.2000,3734.4000,3734.6000,3734.8000,1,1,2,2,1,3,4,7,2,2
SF,IF2005,2020-04-13 10:39:29.100,3733.2000,10670,0,3334253100.000,0,-,-,-,-,3733.0000,3732.4000,3732.2000,3732.0000,3730.6000,3734.0000,3734.2000,3734.4000,3734.6000,3734.8000,1,1,2,2,1,2,4,7,2,2
SF,IF2005,2020-04-13 10:39:29.600,3733.2000,10670,0,3334253100.000,0,-,-,-,-,3733.0000,3732.4000,3732.2000,3732.0000,3730.6000,3734.0000,3734.2000,3734.4000,3734.6000,3734.8000,1,1,2,2,1,3,3,7,2,2
SF,IF2005,2020-04-13 10:39:30.100,3733.2000,10670,0,3334253100.000,0,-,-,-,-,3733.2000,3733.0000,3732.4000,3732.2000,3732.0000,3734.0000,3734.2000,3734.4000,3734.6000,3734.8000,2,1,1,2,2,3,1,7,2,2
SF,IF2005,2020-04-13 10:39:30.600,3733.2000,10670,0,3334253100.000,0,-,-,-,-,3733.2000,3733.0000,3732.2000,3732.0000,3730.6000,3734.0000,3734.2000,3734.4000,3734.6000,3734.8000,2,1,2,2,1,3,1,7,2,2
SF,IF2005,2020-04-13 10:39:31.100,3733.2000,10670,0,3334253100.000,0,-,-,-,-,3733.2000,3733.0000,3732.2000,3732.0000,3730.6000,3733.4000,3734.0000,3734.2000,3734.4000,3734.6000,2,1,2,2,1,1,2,1,7,2
SF,IF2005,2020-04-13 10:39:31.600,3733.2000,10670,0,3334253100.000,0,-,-,-,-,3733.2000,3732.2000,3732.0000,3730.6000,3730.2000,3733.4000,3734.0000,3734.2000,3734.4000,3734.6000,1,2,2,1,4,2,2,1,6,2
SF,IF2005,2020-04-13 10:39:32.100,3733.2000,10670,0,3335373060.000,1,0,1,多换,S,3732.2000,3732.0000,3730.6000,3730.2000,3730.0000,3733.4000,3734.0000,3734.2000,3734.4000,3734.6000,2,2,1,4,1,2,2,1,5,2
SF,IF2005,2020-04-13 10:39:32.600,3733.2000,10670,0,3335373060.000,0,-,-,-,-,3732.6000,3732.4000,3732.2000,3732.0000,3730.6000,3733.4000,3734.0000,3734.2000,3734.4000,3734.6000,2,2,2,2,1,2,2,1,5,2
SF,IF2005,2020-04-13 10:39:33.100,3733.2000,10670,0,3335373060.000,0,-,-,-,-,3732.6000,3732.4000,3732.2000,3732.0000,3730.6000,3733.4000,3734.0000,3734.2000,3734.4000,3734.6000,2,2,2,2,1,2,2,1,5,2
SF,IF2005,2020-04-13 10:39:33.600,3733.2000,10670,0,3335373060.000,0,-,-,-,-,3732.8000,3732.6000,3732.4000,3732.0000,3730.6000,3733.4000,3734.0000,3734.2000,3734.4000,3734.6000,2,2,2,2,1,1,1,1,5,2
SF,IF2005,2020-04-13 10:39:34.100,3733.4000,10671,1,3336493080.000,1,1,0,双开,S,3732.8000,3732.6000,3732.4000,3732.0000,3730.6000,3734.0000,3734.2000,3734.4000,3734.6000,3734.8000,2,2,2,2,1,1,1,5,2,2
SF,IF2005,2020-04-13 10:39:34.600,3734.0000,10671,0,3337613280.000,1,0,1,多换,S,3733.0000,3732.8000,3732.6000,3732.4000,3732.0000,3734.2000,3734.4000,3734.6000,3734.8000,3736.8000,1,2,2,1,2,1,5,2,2,2
SF,IF2005,2020-04-13 10:39:35.100,3734.0000,10671,0,3337613280.000,0,-,-,-,-,3733.0000,3732.8000,3732.6000,3732.4000,3732.0000,3734.8000,3736.8000,3738.6000,3738.8000,3739.6000,1,2,1,1,2,2,2,1,4,1
SF,IF2005,2020-04-13 10:39:35.600,3734.0000,10671,0,3337613280.000,0,-,-,-,-,3733.4000,3733.0000,3732.8000,3732.6000,3732.4000,3734.4000,3734.6000,3734.8000,3735.6000,3736.8000,1,1,2,1,1,5,6,2,2,2
SF,IF2005,2020-04-13 10:39:36.100,3734.0000,10671,0,3337613280.000,0,-,-,-,-,3733.4000,3733.0000,3732.8000,3732.6000,3732.4000,3734.4000,3734.6000,3734.8000,3735.6000,3736.8000,1,1,2,1,1,5,6,3,2,2
SF,IF2005,2020-04-13 10:39:37.100,3734.0000,10671,0,3337613280.000,0,-,-,-,-,3733.4000,3733.0000,3732.8000,3732.6000,3732.4000,3734.2000,3734.4000,3734.6000,3734.8000,3735.6000,1,1,2,1,1,1,5,6,3,2
SF,IF2005,2020-04-13 10:39:37.600,3734.2000,10671,0,3338733540.000,1,0,1,多换,S,3733.4000,3733.0000,3732.8000,3732.4000,3732.0000,3734.2000,3734.4000,3734.6000,3734.8000,3735.6000,1,1,2,1,2,1,4,6,2,2
SF,IF2005,2020-04-13 10:39:38.600,3734.2000,10671,0,3338733540.000,0,-,-,-,-,3733.4000,3733.0000,3732.8000,3732.4000,3732.0000,3734.2000,3734.4000,3734.6000,3734.8000,3735.6000,1,1,2,1,2,1,4,6,2,2
SF,IF2005,2020-04-13 10:39:39.100,3734.2000,10671,0,3338733540.000,0,-,-,-,-,3733.4000,3733.0000,3732.8000,3732.4000,3732.0000,3734.2000,3734.4000,3734.6000,3734.8000,3735.6000,1,1,2,1,2,2,4,6,2,2
SF,IF2005,2020-04-13 10:39:39.600,3734.2000,10671,0,3338733540.000,0,-,-,-,-,3733.0000,3732.4000,3732.0000,3730.6000,3730.0000,3734.2000,3734.4000,3734.6000,3734.8000,3735.6000,1,1,2,1,1,1,4,6,2,2
SF,IF2005,2020-04-13 10:39:40.100,3734.2000,10671,0,3338733540.000,0,-,-,-,-,3733.0000,3732.4000,3732.0000,3730.6000,3730.0000,3734.2000,3734.4000,3734.6000,3734.8000,3735.6000,1,1,2,1,1,1,4,6,2,2
SF,IF2005,2020-04-13 10:39:40.600,3734.2000,10671,0,3338733540.000,0,-,-,-,-,3733.2000,3733.0000,3732.4000,3732.0000,3730.6000,3734.2000,3734.4000,3734.6000,3734.8000,3735.6000,1,1,1,2,1,2,4,1,2,2
SF,IF2005,2020-04-13 10:39:41.100,3734.2000,10671,0,3338733540.000,0,-,-,-,-,3733.4000,3733.2000,3732.4000,3732.0000,3730.6000,3734.2000,3734.4000,3734.6000,3734.8000,3735.6000,1,1,1,2,1,2,4,1,2,2
SF,IF2005,2020-04-13 10:39:41.600,3734.2000,10671,0,3338733540.000,0,-,-,-,-,3733.4000,3733.2000,3732.4000,3732.0000,3730.6000,3734.2000,3734.4000,3734.6000,3734.8000,3735.6000,1,1,1,2,1,1,2,1,2,2
SF,IF2005,2020-04-13 10:39:42.100,3734.2000,10671,0,3338733540.000,0,-,-,-,-,3733.4000,3733.2000,3732.4000,3732.0000,3730.6000,3734.2000,3734.4000,3734.6000,3734.8000,3735.6000,2,1,1,2,1,2,2,1,2,2
SF,IF2005,2020-04-13 10:39:42.600,3734.2000,10671,0,3338733540.000,0,-,-,-,-,3733.4000,3733.2000,3732.4000,3732.0000,3730.6000,3734.2000,3734.4000,3734.6000,3734.8000,3735.6000,1,1,1,2,1,2,2,1,2,2
SF,IF2005,2020-04-13 10:39:43.100,3734.2000,10671,0,3338733540.000,0,-,-,-,-,3733.4000,3733.2000,3732.4000,3732.0000,3730.6000,3734.2000,3734.4000,3734.6000,3734.8000,3735.6000,1,1,1,2,1,2,2,1,2,2
SF,IF2005,2020-04-13 10:39:43.600,3734.2000,10671,0,3338733540.000,0,-,-,-,-,3733.4000,3733.2000,3732.4000,3732.0000,3730.6000,3734.2000,3734.4000,3734.6000,3734.8000,3735.6000,1,1,1,2,1,1,2,1,2,2
SF,IF2005,2020-04-13 10:39:44.100,3734.2000,10672,1,3339853800.000,1,1,0,双开,S,3733.4000,3733.2000,3732.4000,3732.0000,3730.6000,3734.0000,3734.4000,3734.6000,3734.8000,3735.6000,1,1,1,2,1,1,2,1,2,2
SF,IF2005,2020-04-13 10:39:44.600,3734.2000,10672,0,3339853800.000,0,-,-,-,-,3733.4000,3733.2000,3732.4000,3732.0000,3730.6000,3734.0000,3734.4000,3734.6000,3734.8000,3735.6000,1,1,1,2,1,1,2,1,2,2
SF,IF2005,2020-04-13 10:39:45.100,3734.2000,10672,0,3339853800.000,0,-,-,-,-,3733.4000,3733.2000,3732.4000,3732.0000,3730.6000,3734.0000,3734.4000,3734.6000,3734.8000,3735.6000,1,1,1,2,1,2,2,1,2,2
SF,IF2005,2020-04-13 10:39:45.600,3734.2000,10672,0,3339853800.000,0,-,-,-,-,3733.4000,3733.2000,3732.4000,3732.0000,3730.6000,3734.0000,3734.2000,3734.4000,3734.6000,3734.8000,1,1,1,2,1,2,1,2,1,2
SF,IF2005,2020-04-13 10:39:46.100,3734.2000,10672,0,3339853800.000,0,-,-,-,-,3733.4000,3733.2000,3732.4000,3732.0000,3730.6000,3734.0000,3734.2000,3734.4000,3734.6000,3734.8000,1,1,1,2,1,2,1,2,1,2
SF,IF2005,2020-04-13 10:39:46.600,3734.2000,10672,0,3339853800.000,0,-,-,-,-,3733.4000,3733.2000,3732.4000,3732.0000,3730.6000,3734.0000,3734.2000,3734.4000,3734.6000,3734.8000,1,1,1,2,1,1,1,2,1,2
SF,IF2005,2020-04-13 10:39:47.100,3734.0000,10673,1,3340974000.000,1,1,0,双开,S,3733.4000,3733.2000,3732.4000,3732.0000,3730.6000,3733.8000,3734.0000,3734.2000,3734.4000,3734.6000,1,1,1,2,1,1,1,1,2,1
SF,IF2005,2020-04-13 10:39:48.100,3734.0000,10673,0,3340974000.000,0,-,-,-,-,3733.4000,3733.2000,3732.4000,3732.0000,3730.6000,3733.8000,3734.2000,3734.4000,3734.6000,3734.8000,1,1,1,2,1,1,1,2,1,2
SF,IF2005,2020-04-13 10:39:48.600,3734.0000,10673,0,3340974000.000,0,-,-,-,-,3733.4000,3732.4000,3732.0000,3730.6000,3730.0000,3733.8000,3734.2000,3734.4000,3734.6000,3734.8000,1,1,2,1,1,2,1,1,1,2
SF,IF2005,2020-04-13 10:39:49.100,3733.4000,10673,0,3342094020.000,1,0,1,多换,S,3732.4000,3732.0000,3730.6000,3730.0000,3729.8000,3733.8000,3734.2000,3734.4000,3734.6000,3734.8000,1,2,1,1,1,2,1,1,1,2
SF,IF2005,2020-04-13 10:39:49.600,3733.4000,10673,0,3342094020.000,0,-,-,-,-,3732.8000,3732.6000,3732.4000,3732.0000,3730.6000,3733.8000,3734.2000,3734.4000,3734.6000,3734.8000,2,2,1,2,1,2,1,1,1,2
SF,IF2005,2020-04-13 10:39:50.100,3733.4000,10673,0,3342094020.000,0,-,-,-,-,3732.8000,3732.6000,3732.4000,3732.0000,3730.6000,3733.8000,3734.2000,3734.4000,3734.6000,3734.8000,2,3,1,2,1,2,1,1,1,2
SF,IF2005,2020-04-13 10:39:50.600,3733.4000,10673,0,3342094020.000,0,-,-,-,-,3732.8000,3732.6000,3732.4000,3732.0000,3730.6000,3733.8000,3734.2000,3734.4000,3734.6000,3734.8000,3,2,1,2,1,2,1,1,1,2
SF,IF2005,2020-04-13 10:39:51.100,3733.4000,10673,0,3342094020.000,0,-,-,-,-,3732.8000,3732.6000,3732.4000,3732.0000,3730.6000,3733.8000,3734.2000,3734.4000,3734.6000,3734.8000,3,2,1,2,1,1,1,1,1,2
SF,IF2005,2020-04-13 10:39:52.100,3733.4000,10673,0,3342094020.000,0,-,-,-,-,3732.8000,3732.6000,3732.4000,3732.0000,3730.6000,3733.8000,3734.2000,3734.4000,3734.6000,3734.8000,3,2,1,2,1,1,1,1,1,2
SF,IF2005,2020-04-13 10:39:52.600,3733.4000,10673,0,3342094020.000,0,-,-,-,-,3733.0000,3732.8000,3732.6000,3732.4000,3732.0000,3733.8000,3734.2000,3734.6000,3734.8000,3735.6000,1,3,1,1,2,1,1,1,2,2
SF,IF2005,2020-04-13 10:39:53.100,3733.4000,10673,0,3342094020.000,0,-,-,-,-,3733.0000,3732.8000,3732.6000,3732.4000,3732.0000,3733.8000,3734.2000,3734.6000,3734.8000,3735.6000,1,3,1,1,2,1,1,1,2,2
SF,IF2005,2020-04-13 10:39:53.600,3733.4000,10673,0,3342094020.000,0,-,-,-,-,3733.0000,3732.8000,3732.6000,3732.4000,3732.0000,3734.2000,3734.6000,3734.8000,3735.6000,3736.8000,1,3,1,1,2,1,1,2,2,2
SF,IF2005,2020-04-13 10:39:54.100,3733.4000,10673,0,3342094020.000,0,-,-,-,-,3733.0000,3732.8000,3732.6000,3732.4000,3732.0000,3734.0000,3734.2000,3734.8000,3735.6000,3736.8000,1,3,1,1,2,4,2,2,2,2
SF,IF2005,2020-04-13 10:39:54.600,3733.4000,10673,0,3342094020.000,0,-,-,-,-,3733.0000,3732.8000,3732.6000,3732.4000,3732.0000,3734.0000,3734.2000,3734.8000,3735.6000,3736.8000,2,2,1,1,2,5,2,2,2,2
SF,IF2005,2020-04-13 10:39:55.100,3733.4000,10673,0,3342094020.000,0,-,-,-,-,3733.2000,3733.0000,3732.8000,3732.4000,3732.0000,3734.0000,3734.2000,3734.8000,3735.6000,3736.8000,2,1,2,1,2,4,2,2,2,2
SF,IF2005,2020-04-13 10:39:55.600,3733.4000,10673,0,3342094020.000,0,-,-,-,-,3733.2000,3733.0000,3732.8000,3732.4000,3732.0000,3734.0000,3734.2000,3734.8000,3735.6000,3736.8000,2,1,2,1,2,2,1,2,2,2
SF,IF2005,2020-04-13 10:39:56.100,3733.4000,10673,0,3342094020.000,0,-,-,-,-,3733.2000,3733.0000,3732.8000,3732.4000,3732.0000,3734.0000,3734.2000,3734.8000,3735.6000,3736.8000,2,1,2,1,2,2,1,2,2,2
SF,IF2005,2020-04-13 10:39:56.600,3733.4000,10673,0,3342094020.000,0,-,-,-,-,3733.2000,3733.0000,3732.8000,3732.4000,3732.0000,3734.0000,3734.2000,3734.8000,3735.6000,3736.8000,2,1,2,1,2,2,1,2,2,2
SF,IF2005,2020-04-13 10:39:57.100,3733.4000,10673,0,3342094020.000,0,-,-,-,-,3733.2000,3733.0000,3732.8000,3732.4000,3732.0000,3734.0000,3734.2000,3734.8000,3735.6000,3736.8000,2,1,2,1,2,2,1,2,2,2
SF,IF2005,2020-04-13 10:39:57.600,3734.0000,10673,0,3343214220.000,1,0,1,多换,S,3733.2000,3733.0000,3732.8000,3732.4000,3732.0000,3734.0000,3734.2000,3734.8000,3735.6000,3736.8000,2,1,2,1,2,1,1,2,2,2
SF,IF2005,2020-04-13 10:39:58.100,3734.0000,10673,0,3343214220.000,0,-,-,-,-,3733.2000,3733.0000,3732.8000,3732.4000,3732.0000,3734.2000,3734.8000,3735.6000,3736.8000,3738.6000,2,1,2,1,2,1,2,2,2,1
SF,IF2005,2020-04-13 10:39:58.600,3734.0000,10673,0,3343214220.000,0,-,-,-,-,3733.2000,3733.0000,3732.8000,3732.4000,3732.0000,3734.2000,3734.8000,3735.6000,3736.8000,3738.6000,2,1,2,1,2,1,2,2,2,1
SF,IF2005,2020-04-13 10:39:59.100,3734.0000,10673,0,3343214220.000,0,-,-,-,-,3733.0000,3732.8000,3732.4000,3732.0000,3730.6000,3734.0000,3734.2000,3734.8000,3735.6000,3736.8000,1,2,1,2,1,2,2,2,2,2
SF,IF2005,2020-04-13 10:39:59.600,3734.0000,10673,0,3343214220.000,0,-,-,-,-,3733.0000,3732.8000,3732.4000,3732.0000,3730.6000,3734.0000,3734.2000,3734.8000,3735.6000,3736.8000,1,2,1,2,1,3,1,2,2,2
SF,IF2005,2020-04-13 10:40:00.100,3734.0000,10673,0,3343214220.000,0,-,-,-,-,3733.0000,3732.8000,3732.4000,3732.0000,3730.6000,3734.0000,3734.2000,3734.8000,3735.6000,3736.8000,1,2,1,2,1,4,1,2,2,2
SF,IF2005,2020-04-13 10:40:01.100,3734.0000,10673,0,3343214220.000,0,-,-,-,-,3733.0000,3732.8000,3732.4000,3732.0000,3730.6000,3734.0000,3734.2000,3734.8000,3735.6000,3736.8000,1,2,1,2,1,3,1,2,2,2
SF,IF2005,2020-04-13 10:40:01.600,3734.0000,10673,0,3343214220.000,0,-,-,-,-,3733.2000,3733.0000,3732.8000,3732.4000,3732.0000,3734.0000,3734.2000,3734.8000,3735.6000,3736.8000,2,1,2,1,2,2,1,2,2,2
SF,IF2005,2020-04-13 10:40:02.100,3734.0000,10673,0,3343214220.000,0,-,-,-,-,3733.2000,3733.0000,3732.8000,3732.4000,3732.0000,3733.8000,3734.0000,3734.2000,3734.8000,3735.6000,2,1,2,1,2,1,2,1,2,2
SF,IF2005,2020-04-13 10:40:02.600,3733.8000,10673,0,3344334360.000,1,0,1,多换,S,3733.2000,3733.0000,3732.8000,3732.4000,3732.0000,3734.0000,3734.2000,3734.8000,3735.6000,3736.8000,2,1,2,1,2,2,1,2,2,2
SF,IF2005,2020-04-13 10:40:03.100,3733.8000,10673,0,3344334360.000,0,-,-,-,-,3733.4000,3733.2000,3733.0000,3732.8000,3732.4000,3734.0000,3734.2000,3734.8000,3735.6000,3736.8000,1,2,1,2,1,1,1,2,2,2
SF,IF2005,2020-04-13 10:40:03.600,3733.8000,10673,0,3344334360.000,0,-,-,-,-,3733.4000,3733.0000,3732.8000,3732.4000,3732.0000,3734.0000,3734.2000,3734.8000,3735.6000,3736.8000,1,1,2,1,2,1,1,1,2,2
SF,IF2005,2020-04-13 10:40:04.600,3733.4000,10673,0,3345454380.000,1,0,1,多换,S,3733.0000,3732.8000,3732.4000,3732.0000,3730.6000,3734.0000,3734.2000,3734.8000,3735.6000,3736.8000,1,2,1,2,1,1,1,1,2,2
SF,IF2005,2020-04-13 10:40:05.100,3733.4000,10673,0,3345454380.000,0,-,-,-,-,3733.0000,3732.8000,3732.4000,3732.0000,3730.6000,3734.0000,3734.2000,3734.8000,3735.6000,3736.8000,1,2,1,2,1,2,1,1,2,2
SF,IF2005,2020-04-13 10:40:05.600,3733.4000,10673,0,3345454380.000,0,-,-,-,-,3733.0000,3732.8000,3732.4000,3732.0000,3730.6000,3733.8000,3734.0000,3734.2000,3734.8000,3735.6000,1,2,1,2,1,2,1,1,1,2
SF,IF2005,2020-04-13 10:40:06.100,3733.4000,10673,0,3345454380.000,0,-,-,-,-,3732.8000,3732.0000,3730.6000,3730.0000,3729.8000,3733.6000,3733.8000,3734.0000,3734.2000,3734.8000,1,2,1,1,2,1,3,1,1,1
SF,IF2005,2020-04-13 10:40:06.600,3733.4000,10673,0,3345454380.000,0,-,-,-,-,3732.0000,3730.6000,3730.0000,3729.8000,3729.6000,3733.6000,3733.8000,3734.0000,3734.2000,3734.8000,2,1,1,2,2,1,2,1,1,1
SF,IF2005,2020-04-13 10:40:07.100,3733.4000,10673,0,3345454380.000,0,-,-,-,-,3732.8000,3732.4000,3732.2000,3732.0000,3730.6000,3733.6000,3733.8000,3734.0000,3734.2000,3734.8000,1,1,8,3,1,1,2,1,1,1
SF,IF2005,2020-04-13 10:40:07.600,3733.6000,10674,1,3346574460.000,1,1,0,双开,S,3733.0000,3732.4000,3732.2000,3732.0000,3730.6000,3733.6000,3733.8000,3734.0000,3734.2000,3734.8000,1,1,8,2,1,1,2,1,1,1
SF,IF2005,2020-04-13 10:40:08.100,3733.6000,10677,3,3349934700.000,3,3,0,双开,S,3733.0000,3732.4000,3732.2000,3732.0000,3730.6000,3733.6000,3733.8000,3734.0000,3734.2000,3734.8000,1,1,7,2,1,1,1,1,1,1
SF,IF2005,2020-04-13 10:40:08.600,3733.6000,10679,2,3352174860.000,2,2,0,双开,S,3733.0000,3732.4000,3732.2000,3732.0000,3730.6000,3733.4000,3733.8000,3734.0000,3734.2000,3734.8000,1,1,7,2,1,1,1,1,1,1
SF,IF2005,2020-04-13 10:40:09.100,3733.6000,10679,0,3352174860.000,0,-,-,-,-,3733.0000,3732.2000,3732.0000,3730.6000,3730.0000,3733.4000,3733.8000,3734.0000,3734.2000,3734.8000,1,7,2,1,1,1,1,1,1,1
SF,IF2005,2020-04-13 10:40:09.600,3733.4000,10680,1,3354414780.000,2,1,1,空开,S,3732.2000,3732.0000,3730.6000,3730.0000,3729.8000,3733.2000,3734.0000,3734.2000,3734.8000,3735.6000,7,2,1,1,2,1,1,1,1,2
SF,IF2005,2020-04-13 10:40:10.100,3733.4000,10680,0,3354414780.000,0,-,-,-,-,3732.2000,3732.0000,3730.6000,3730.0000,3729.8000,3733.2000,3734.0000,3734.2000,3734.8000,3735.6000,2,2,1,1,2,1,1,1,1,2
SF,IF2005,2020-04-13 10:40:10.600,3733.2000,10681,1,3355534740.000,1,1,0,双开,S,3732.4000,3732.2000,3732.0000,3730.6000,3730.0000,3733.2000,3734.0000,3734.2000,3734.8000,3735.6000,2,1,2,1,1,1,1,1,1,2
SF,IF2005,2020-04-13 10:40:11.100,3733.2000,10681,0,3355534740.000,0,-,-,-,-,3732.4000,3732.2000,3732.0000,3730.6000,3730.0000,3733.0000,3733.2000,3734.0000,3734.2000,3734.8000,1,1,2,1,1,2,1,1,1,1
SF,IF2005,2020-04-13 10:40:11.600,3733.2000,10681,0,3355534740.000,0,-,-,-,-,3732.4000,3732.2000,3732.0000,3730.6000,3730.0000,3733.0000,3734.0000,3734.2000,3734.8000,3735.6000,1,1,2,1,1,2,1,1,1,2
SF,IF2005,2020-04-13 10:40:12.100,3732.4000,10681,0,3356654460.000,1,0,1,多换,S,3732.4000,3732.2000,3732.0000,3730.6000,3730.0000,3733.0000,3734.0000,3734.2000,3734.8000,3735.6000,1,1,2,1,1,2,1,1,1,2
SF,IF2005,2020-04-13 10:40:12.600,3732.4000,10681,0,3356654460.000,0,-,-,-,-,3732.4000,3732.2000,3732.0000,3730.6000,3730.0000,3733.0000,3734.0000,3734.2000,3734.8000,3735.6000,2,1,2,1,1,2,1,1,1,2
SF,IF2005,2020-04-13 10:40:13.600,3733.0000,10680,-1,3358894260.000,2,0,2,多平,S,3733.4000,3733.0000,3732.6000,3732.2000,3732.0000,3734.0000,3734.2000,3734.8000,3735.6000,3736.8000,1,4,2,1,2,1,1,1,2,2
SF,IF2005,2020-04-13 10:40:14.100,3733.4000,10680,0,3360014280.000,1,0,1,多换,S,3733.0000,3732.6000,3732.2000,3732.0000,3730.6000,3733.2000,3733.4000,3733.6000,3733.8000,3734.0000,2,1,1,2,1,1,1,1,3,1
SF,IF2005,2020-04-13 10:40:14.600,3733.0000,10681,1,3361134180.000,1,1,0,双开,S,3733.0000,3732.6000,3732.2000,3732.0000,3730.6000,3733.4000,3733.6000,3733.8000,3734.0000,3734.2000,1,1,1,2,1,1,1,3,1,1
SF,IF2005,2020-04-13 10:40:15.100,3733.0000,10682,1,3362254080.000,1,1,0,双开,S,3732.6000,3732.2000,3732.0000,3730.6000,3730.0000,3733.4000,3733.6000,3733.8000,3734.0000,3734.2000,1,1,2,1,1,1,1,3,1,1
SF,IF2005,2020-04-13 10:40:16.100,3732.6000,10682,0,3363373860.000,1,0,1,多换,S,3732.6000,3732.2000,3732.0000,3730.6000,3730.0000,3733.4000,3733.6000,3733.8000,3734.0000,3734.2000,1,1,2,1,1,1,1,3,1,1
SF,IF2005,2020-04-13 10:40:16.600,3732.6000,10682,0,3363373860.000,0,-,-,-,-,3732.6000,3732.2000,3732.0000,3730.6000,3730.0000,3733.4000,3733.6000,3733.8000,3734.0000,3734.2000,2,1,2,1,1,1,1,3,1,1
SF,IF2005,2020-04-13 10:40:17.100,3732.6000,10682,0,3363373860.000,0,-,-,-,-,3732.6000,3732.2000,3732.0000,3730.6000,3730.0000,3733.2000,3733.4000,3733.6000,3733.8000,3734.0000,3,1,2,1,1,1,1,1,1,1
SF,IF2005,2020-04-13 10:40:17.600,3732.6000,10684,2,3365613420.000,2,2,0,双开,S,3732.6000,3732.2000,3732.0000,3730.6000,3730.0000,3733.2000,3733.4000,3733.8000,3734.0000,3734.2000,1,1,2,1,1,2,1,1,1,1
SF,IF2005,2020-04-13 10:40:18.100,3732.2000,10683,-1,3367852860.000,2,0,2,多平,S,3732.0000,3730.6000,3730.0000,3729.8000,3729.6000,3732.4000,3733.2000,3733.4000,3734.0000,3734.2000,2,1,1,2,2,1,2,1,1,1
SF,IF2005,2020-04-13 10:40:18.600,3732.0000,10683,0,3368972460.000,1,0,1,多换,S,3730.6000,3730.0000,3729.8000,3729.6000,3729.4000,3732.2000,3733.0000,3733.2000,3733.4000,3734.0000,1,1,2,2,1,1,1,1,1,1
SF,IF2005,2020-04-13 10:40:19.100,3732.0000,10683,0,3368972460.000,0,-,-,-,-,3731.0000,3730.8000,3730.6000,3730.0000,3729.8000,3732.0000,3733.4000,3734.0000,3734.2000,3734.4000,1,4,1,1,2,1,1,1,1,2
SF,IF2005,2020-04-13 10:40:19.600,3732.0000,10683,0,3370092060.000,1,0,1,多换,S,3730.6000,3729.8000,3729.6000,3729.4000,3729.2000,3732.0000,3733.4000,3734.0000,3734.2000,3734.4000,1,2,2,1,1,2,1,1,1,2
SF,IF2005,2020-04-13 10:40:20.100,3732.0000,10683,0,3370092060.000,0,-,-,-,-,3730.8000,3730.6000,3729.8000,3729.6000,3729.4000,3732.0000,3733.4000,3734.0000,3734.2000,3734.4000,1,1,2,2,1,2,1,1,1,2
SF,IF2005,2020-04-13 10:40:20.600,3732.0000,10683,0,3370092060.000,0,-,-,-,-,3730.8000,3729.8000,3729.6000,3729.4000,3729.2000,3732.0000,3733.4000,3734.0000,3734.2000,3734.8000,3,2,2,1,1,2,3,1,1,1
SF,IF2005,2020-04-13 10:40:21.100,3732.0000,10683,0,3370092060.000,0,-,-,-,-,3731.0000,3730.8000,3729.8000,3729.6000,3729.4000,3731.8000,3732.0000,3733.4000,3734.0000,3734.2000,3,1,2,2,1,1,2,3,1,1
SF,IF2005,2020-04-13 10:40:21.600,3732.0000,10683,0,3370092060.000,0,-,-,-,-,3731.0000,3730.8000,3729.8000,3729.6000,3729.4000,3732.0000,3733.4000,3734.0000,3734.2000,3734.8000,3,1,2,2,1,2,3,1,1,1
SF,IF2005,2020-04-13 10:40:22.100,3732.0000,10683,0,3370092060.000,0,-,-,-,-,3731.0000,3730.8000,3729.8000,3729.6000,3729.4000,3732.0000,3733.4000,3734.0000,3734.2000,3734.8000,1,1,2,2,1,2,3,1,1,1
SF,IF2005,2020-04-13 10:40:22.600,3731.0000,10682,-1,3371211360.000,1,0,1,双平,S,3730.8000,3729.8000,3729.6000,3729.4000,3729.2000,3732.0000,3733.4000,3734.0000,3734.2000,3734.8000,1,2,2,1,1,2,3,1,1,1
SF,IF2005,2020-04-13 10:40:23.100,3731.0000,10682,0,3371211360.000,0,-,-,-,-,3731.2000,3731.0000,3730.8000,3729.8000,3729.6000,3732.0000,3733.4000,3734.0000,3734.2000,3734.8000,1,4,1,2,2,2,3,1,1,1
SF,IF2005,2020-04-13 10:40:23.600,3731.0000,10682,0,3371211360.000,0,-,-,-,-,3731.2000,3731.0000,3730.8000,3729.8000,3729.6000,3732.0000,3733.4000,3734.0000,3734.2000,3734.8000,1,4,1,2,2,1,3,1,1,1
SF,IF2005,2020-04-13 10:40:24.100,3731.0000,10682,0,3371211360.000,0,-,-,-,-,3731.2000,3731.0000,3730.8000,3729.8000,3729.6000,3732.0000,3733.4000,3734.0000,3734.2000,3734.8000,1,2,1,2,2,1,3,1,1,1
SF,IF2005,2020-04-13 10:40:24.600,3731.0000,10682,0,3371211360.000,0,-,-,-,-,3731.2000,3731.0000,3730.8000,3729.8000,3729.6000,3732.0000,3733.4000,3734.0000,3734.2000,3734.8000,1,2,1,1,2,1,3,1,1,1
SF,IF2005,2020-04-13 10:40:25.100,3731.0000,10682,0,3371211360.000,0,-,-,-,-,3731.0000,3730.8000,3729.8000,3729.6000,3729.4000,3732.0000,3733.4000,3734.0000,3734.2000,3734.8000,2,1,1,2,1,1,3,1,1,1
SF,IF2005,2020-04-13 10:40:26.100,3731.0000,10682,0,3371211360.000,0,-,-,-,-,3731.0000,3730.8000,3729.8000,3729.6000,3729.4000,3732.0000,3733.4000,3734.0000,3734.2000,3734.8000,3,1,1,2,1,1,3,1,1,1
SF,IF2005,2020-04-13 10:40:26.600,3731.0000,10682,0,3371211360.000,0,-,-,-,-,3731.2000,3731.0000,3730.8000,3729.8000,3729.6000,3732.0000,3733.4000,3734.0000,3734.2000,3734.8000,1,3,1,1,2,1,3,1,1,1
SF,IF2005,2020-04-13 10:40:27.100,3731.0000,10682,0,3371211360.000,0,-,-,-,-,3731.4000,3731.2000,3731.0000,3730.8000,3729.8000,3732.0000,3733.4000,3734.0000,3734.2000,3734.8000,1,1,2,1,1,1,3,1,1,1
SF,IF2005,2020-04-13 10:40:27.600,3732.0000,10682,0,3372330960.000,1,0,1,多换,S,3731.0000,3730.8000,3729.8000,3729.6000,3729.4000,3732.0000,3733.4000,3734.0000,3734.2000,3734.8000,2,1,1,2,1,1,3,1,1,1
SF,IF2005,2020-04-13 10:40:28.100,3732.0000,10682,0,3372330960.000,0,-,-,-,-,3731.2000,3731.0000,3730.8000,3729.8000,3729.6000,3732.0000,3733.4000,3734.0000,3734.2000,3734.8000,1,2,1,1,2,1,3,1,1,1
SF,IF2005,2020-04-13 10:40:28.600,3732.0000,10682,0,3372330960.000,0,-,-,-,-,3731.2000,3731.0000,3730.8000,3729.8000,3729.6000,3732.0000,3733.4000,3734.0000,3734.2000,3734.8000,1,3,1,1,2,1,3,1,1,1
SF,IF2005,2020-04-13 10:40:29.100,3732.0000,10682,0,3372330960.000,0,-,-,-,-,3731.4000,3731.0000,3730.8000,3729.8000,3729.6000,3732.0000,3733.4000,3734.0000,3734.2000,3734.8000,1,2,1,1,2,2,3,1,1,1
SF,IF2005,2020-04-13 10:40:29.600,3732.0000,10682,0,3372330960.000,0,-,-,-,-,3731.0000,3730.8000,3729.8000,3729.6000,3729.4000,3732.0000,3733.4000,3734.0000,3734.2000,3734.8000,2,1,1,2,1,2,3,1,1,1
SF,IF2005,2020-04-13 10:40:30.600,3732.0000,10682,0,3372330960.000,0,-,-,-,-,3731.0000,3730.8000,3729.8000,3729.6000,3729.4000,3732.0000,3733.4000,3734.0000,3734.2000,3734.8000,4,1,1,2,1,2,3,1,1,1
SF,IF2005,2020-04-13 10:40:31.100,3732.0000,10682,0,3372330960.000,0,-,-,-,-,3731.2000,3731.0000,3729.8000,3729.6000,3729.4000,3732.0000,3733.4000,3734.0000,3734.2000,3734.8000,2,4,1,2,1,2,3,1,1,1
SF,IF2005,2020-04-13 10:40:31.600,3732.0000,10682,0,3372330960.000,0,-,-,-,-,3731.4000,3731.2000,3731.0000,3729.8000,3729.6000,3732.0000,3733.4000,3733.8000,3734.0000,3734.2000,1,3,2,1,2,2,3,1,1,1
SF,IF2005,2020-04-13 10:40:32.100,3732.0000,10684,2,3374570160.000,2,2,0,双开,S,3731.4000,3731.2000,3731.0000,3729.8000,3729.6000,3733.4000,3733.8000,3734.0000,3734.2000,3734.8000,3,1,1,1,2,3,1,1,1,1
SF,IF2005,2020-04-13 10:40:32.600,3732.0000,10684,0,3374570160.000,0,-,-,-,-,3731.6000,3731.4000,3731.0000,3729.8000,3729.6000,3732.8000,3733.0000,3733.2000,3733.4000,3733.8000,2,3,1,1,2,1,1,1,1,1
SF,IF2005,2020-04-13 10:40:33.100,3732.0000,10684,0,3374570160.000,0,-,-,-,-,3731.6000,3731.4000,3731.0000,3729.8000,3729.6000,3732.6000,3732.8000,3733.0000,3733.2000,3733.4000,1,3,1,1,2,1,1,6,5,1
SF,IF2005,2020-04-13 10:40:33.600,3732.0000,10684,0,3374570160.000,0,-,-,-,-,3731.8000,3731.6000,3731.4000,3731.0000,3729.8000,3732.6000,3732.8000,3733.0000,3733.2000,3733.4000,3,2,1,1,1,1,1,1,5,1
SF,IF2005,2020-04-13 10:40:34.100,3732.0000,10684,0,3374570160.000,0,-,-,-,-,3731.8000,3731.6000,3731.4000,3731.0000,3729.8000,3732.6000,3732.8000,3733.0000,3733.4000,3733.8000,3,2,1,1,1,1,1,1,1,1
SF,IF2005,2020-04-13 10:40:34.600,3732.0000,10684,0,3374570160.000,0,-,-,-,-,3731.8000,3731.6000,3731.4000,3731.0000,3729.8000,3732.6000,3732.8000,3733.0000,3733.4000,3733.8000,3,2,1,1,1,2,1,1,1,1
SF,IF2005,2020-04-13 10:40:35.100,3732.0000,10684,0,3374570160.000,0,-,-,-,-,3731.8000,3731.6000,3731.4000,3731.0000,3729.8000,3732.6000,3732.8000,3733.0000,3733.4000,3733.8000,3,2,1,1,1,2,1,1,1,1
SF,IF2005,2020-04-13 10:40:36.100,3732.0000,10684,0,3374570160.000,0,-,-,-,-,3731.8000,3731.6000,3731.4000,3731.0000,3729.8000,3732.6000,3732.8000,3733.0000,3733.4000,3733.8000,1,2,1,1,1,3,1,1,1,1
SF,IF2005,2020-04-13 10:40:36.600,3732.0000,10684,0,3374570160.000,0,-,-,-,-,3731.8000,3731.6000,3731.4000,3731.0000,3729.8000,3732.6000,3732.8000,3733.0000,3733.4000,3733.8000,1,2,1,1,1,1,1,1,1,1
SF,IF2005,2020-04-13 10:40:37.100,3732.0000,10684,0,3374570160.000,0,-,-,-,-,3731.8000,3731.6000,3731.4000,3731.0000,3729.8000,3732.4000,3732.6000,3732.8000,3733.0000,3733.4000,1,2,1,1,1,1,4,1,1,1
SF,IF2005,2020-04-13 10:40:37.600,3732.0000,10684,0,3374570160.000,0,-,-,-,-,3731.8000,3731.6000,3731.4000,3731.0000,3729.8000,3732.6000,3732.8000,3733.0000,3733.8000,3734.0000,2,1,1,1,1,4,1,1,1,2
SF,IF2005,2020-04-13 10:40:38.100,3732.0000,10684,0,3374570160.000,0,-,-,-,-,3731.8000,3731.6000,3731.4000,3731.0000,3729.8000,3732.0000,3732.6000,3732.8000,3733.0000,3733.8000,2,1,1,1,1,1,4,1,1,1
SF,IF2005,2020-04-13 10:40:38.600,3732.0000,10685,1,3375689760.000,1,1,0,双开,S,3731.8000,3731.6000,3731.4000,3731.0000,3729.8000,3732.6000,3732.8000,3733.0000,3733.8000,3734.0000,2,1,1,1,1,4,1,1,1,2
SF,IF2005,2020-04-13 10:40:39.100,3732.0000,10685,0,3375689760.000,0,-,-,-,-,3731.8000,3731.6000,3731.4000,3731.0000,3729.8000,3732.6000,3732.8000,3733.0000,3733.8000,3734.0000,2,1,1,1,1,5,1,1,1,2
SF,IF2005,2020-04-13 10:40:39.600,3732.4000,10685,0,3376809480.000,1,0,1,多换,S,3731.8000,3731.6000,3731.4000,3731.0000,3729.8000,3732.6000,3732.8000,3733.8000,3734.0000,3734.8000,1,1,1,1,1,5,1,1,2,1
SF,IF2005,2020-04-13 10:40:40.600,3732.4000,10685,0,3376809480.000,0,-,-,-,-,3731.8000,3731.6000,3731.4000,3731.0000,3729.8000,3732.6000,3732.8000,3733.8000,3734.0000,3734.8000,1,1,1,1,1,4,1,1,2,1
SF,IF2005,2020-04-13 10:40:41.100,3732.4000,10685,0,3376809480.000,0,-,-,-,-,3731.6000,3731.4000,3731.0000,3729.8000,3729.6000,3732.0000,3732.6000,3732.8000,3733.8000,3734.0000,1,1,1,1,2,1,4,1,1,2
SF,IF2005,2020-04-13 10:40:41.600,3732.4000,10685,0,3376809480.000,0,-,-,-,-,3731.6000,3731.4000,3731.0000,3729.8000,3729.6000,3732.6000,3732.8000,3733.8000,3734.0000,3734.8000,1,1,1,1,2,4,1,1,2,1
SF,IF2005,2020-04-13 10:40:42.100,3732.4000,10685,0,3376809480.000,0,-,-,-,-,3731.6000,3731.4000,3731.0000,3729.8000,3729.6000,3732.6000,3732.8000,3733.8000,3734.0000,3734.8000,1,1,1,1,2,4,1,1,2,1
SF,IF2005,2020-04-13 10:40:42.600,3732.4000,10685,0,3376809480.000,0,-,-,-,-,3731.6000,3731.4000,3731.0000,3729.8000,3729.6000,3732.6000,3732.8000,3733.8000,3734.0000,3734.8000,1,1,1,1,2,4,1,1,2,1
SF,IF2005,2020-04-13 10:40:43.100,3732.4000,10685,0,3376809480.000,0,-,-,-,-,3731.6000,3731.4000,3731.0000,3729.8000,3729.6000,3732.6000,3732.8000,3733.8000,3734.0000,3734.8000,1,1,1,1,2,5,1,1,2,1
SF,IF2005,2020-04-13 10:40:43.600,3732.4000,10685,0,3376809480.000,0,-,-,-,-,3731.6000,3731.4000,3731.0000,3729.8000,3729.6000,3732.6000,3732.8000,3733.8000,3734.0000,3734.8000,1,1,1,1,2,4,1,1,2,1
SF,IF2005,2020-04-13 10:40:44.100,3732.4000,10685,0,3376809480.000,0,-,-,-,-,3731.6000,3731.4000,3731.0000,3729.8000,3729.6000,3732.6000,3732.8000,3733.8000,3734.0000,3734.8000,1,1,1,1,2,4,1,1,2,1
SF,IF2005,2020-04-13 10:40:44.600,3732.4000,10685,0,3376809480.000,0,-,-,-,-,3731.6000,3731.4000,3731.0000,3729.8000,3729.6000,3732.6000,3732.8000,3733.8000,3734.0000,3734.8000,1,1,1,1,2,5,1,1,2,1
SF,IF2005,2020-04-13 10:40:45.100,3732.4000,10685,0,3376809480.000,0,-,-,-,-,3731.6000,3731.4000,3731.0000,3729.8000,3729.6000,3732.0000,3732.6000,3732.8000,3733.8000,3734.0000,1,1,1,1,2,3,5,1,1,2
SF,IF2005,2020-04-13 10:40:45.600,3732.4000,10685,0,3376809480.000,0,-,-,-,-,3731.6000,3731.4000,3731.0000,3729.8000,3729.6000,3732.0000,3732.6000,3732.8000,3733.8000,3734.0000,1,1,1,1,2,3,4,1,1,2
SF,IF2005,2020-04-13 10:40:46.100,3732.4000,10685,0,3376809480.000,0,-,-,-,-,3731.6000,3731.4000,3731.0000,3729.8000,3729.6000,3732.0000,3732.6000,3732.8000,3733.8000,3734.0000,1,1,1,1,2,3,4,1,1,2
SF,IF2005,2020-04-13 10:40:46.600,3732.4000,10685,0,3376809480.000,0,-,-,-,-,3731.4000,3731.0000,3729.8000,3729.6000,3729.4000,3732.6000,3733.8000,3734.0000,3734.8000,3736.8000,1,1,1,2,1,4,1,2,1,2
SF,IF2005,2020-04-13 10:40:47.100,3732.4000,10685,0,3376809480.000,0,-,-,-,-,3731.4000,3731.0000,3729.8000,3729.6000,3729.4000,3732.6000,3733.8000,3734.0000,3734.8000,3736.8000,1,1,1,2,1,5,1,2,1,2
SF,IF2005,2020-04-13 10:40:47.600,3732.4000,10685,0,3376809480.000,0,-,-,-,-,3731.6000,3731.4000,3731.0000,3729.8000,3729.6000,3731.8000,3732.6000,3733.8000,3734.0000,3734.8000,2,1,1,1,2,1,5,1,2,1
SF,IF2005,2020-04-13 10:40:48.100,3731.8000,10685,0,3377929020.000,1,0,1,多换,S,3731.6000,3731.4000,3731.0000,3729.8000,3729.6000,3731.8000,3732.6000,3733.8000,3734.0000,3734.8000,2,1,1,1,2,1,4,1,2,1
SF,IF2005,2020-04-13 10:40:48.600,3731.8000,10685,0,3377929020.000,0,-,-,-,-,3731.6000,3731.4000,3731.0000,3729.8000,3729.6000,3732.0000,3732.6000,3733.8000,3734.0000,3734.8000,2,1,1,1,2,2,4,1,2,1
SF,IF2005,2020-04-13 10:40:49.100,3731.8000,10685,0,3377929020.000,0,-,-,-,-,3731.6000,3731.4000,3731.0000,3729.8000,3729.6000,3731.8000,3732.0000,3732.6000,3733.8000,3734.0000,2,1,1,1,2,1,2,4,1,2
SF,IF2005,2020-04-13 10:40:49.600,3731.6000,10685,0,3379048500.000,1,0,1,多换,S,3731.4000,3731.0000,3729.8000,3729.6000,3729.4000,3731.8000,3732.0000,3732.6000,3733.8000,3734.0000,1,1,1,2,1,1,2,4,1,2
SF,IF2005,2020-04-13 10:40:50.100,3731.6000,10685,0,3379048500.000,0,-,-,-,-,3731.4000,3731.0000,3729.8000,3729.6000,3729.4000,3732.0000,3732.6000,3733.8000,3734.0000,3734.8000,1,1,1,2,1,2,4,1,2,1
SF,IF2005,2020-04-13 10:40:50.600,3731.6000,10685,0,3379048500.000,0,-,-,-,-,3731.4000,3729.8000,3729.6000,3729.4000,3729.2000,3732.0000,3732.6000,3733.8000,3734.0000,3734.8000,1,1,2,1,1,2,4,1,2,1
SF,IF2005,2020-04-13 10:40:51.100,3731.6000,10685,0,3379048500.000,0,-,-,-,-,3731.4000,3729.8000,3729.6000,3729.4000,3729.2000,3732.0000,3732.6000,3733.8000,3734.0000,3734.8000,1,1,2,1,1,3,4,1,2,1
SF,IF2005,2020-04-13 10:40:51.600,3731.6000,10685,0,3379048500.000,0,-,-,-,-,3729.8000,3729.6000,3729.4000,3729.2000,3729.0000,3732.0000,3732.6000,3733.8000,3734.0000,3734.8000,1,2,1,1,1,3,4,1,2,1
SF,IF2005,2020-04-13 10:40:52.100,3731.6000,10685,0,3379048500.000,0,-,-,-,-,3731.4000,3730.8000,3730.6000,3730.4000,3730.2000,3731.8000,3732.0000,3732.6000,3733.8000,3734.0000,1,2,2,4,5,1,3,3,1,2
SF,IF2005,2020-04-13 10:40:52.600,3731.6000,10685,0,3379048500.000,0,-,-,-,-,3731.4000,3730.8000,3730.6000,3730.4000,3730.2000,3732.0000,3732.6000,3733.8000,3734.0000,3734.8000,1,2,1,4,4,2,3,1,2,1
SF,IF2005,2020-04-13 10:40:53.100,3731.6000,10685,0,3379048500.000,0,-,-,-,-,3731.4000,3730.8000,3730.6000,3730.4000,3730.2000,3732.0000,3732.6000,3733.8000,3734.0000,3734.8000,1,2,1,4,3,2,3,1,2,1
SF,IF2005,2020-04-13 10:40:53.600,3732.0000,10687,2,3381287520.000,2,2,0,双开,S,3730.8000,3730.6000,3730.4000,3730.2000,3730.0000,3732.0000,3732.6000,3733.8000,3734.0000,3734.8000,2,1,4,3,7,2,3,1,2,1
SF,IF2005,2020-04-13 10:40:54.100,3732.0000,10687,0,3381287520.000,0,-,-,-,-,3731.0000,3730.8000,3730.6000,3730.4000,3730.2000,3732.0000,3732.6000,3733.8000,3734.0000,3734.8000,3,3,1,4,3,1,3,1,2,1
SF,IF2005,2020-04-13 10:40:54.600,3732.0000,10687,0,3381287520.000,0,-,-,-,-,3731.2000,3731.0000,3730.8000,3730.6000,3730.4000,3732.0000,3732.6000,3733.8000,3734.0000,3734.8000,1,3,3,1,4,1,3,1,2,1
SF,IF2005,2020-04-13 10:40:55.100,3732.0000,10687,0,3381287520.000,0,-,-,-,-,3731.2000,3731.0000,3730.8000,3730.6000,3730.4000,3732.0000,3732.6000,3733.8000,3734.0000,3734.8000,1,3,3,1,4,2,3,1,2,1
SF,IF2005,2020-04-13 10:40:56.100,3732.0000,10687,0,3381287520.000,0,-,-,-,-,3731.2000,3731.0000,3730.8000,3730.6000,3730.4000,3732.0000,3732.6000,3733.8000,3734.0000,3734.8000,1,3,3,1,4,4,3,1,2,1
SF,IF2005,2020-04-13 10:40:56.600,3732.0000,10687,0,3381287520.000,0,-,-,-,-,3731.2000,3731.0000,3730.8000,3730.6000,3730.4000,3732.0000,3732.6000,3733.0000,3733.8000,3734.0000,1,2,2,1,4,3,3,1,1,2
SF,IF2005,2020-04-13 10:40:57.100,3732.0000,10687,0,3381287520.000,0,-,-,-,-,3731.2000,3731.0000,3730.8000,3730.6000,3730.4000,3731.8000,3732.0000,3732.6000,3733.0000,3733.8000,1,2,2,1,4,2,1,3,1,1
SF,IF2005,2020-04-13 10:40:57.600,3732.0000,10687,0,3381287520.000,0,-,-,-,-,3731.2000,3731.0000,3730.8000,3730.6000,3730.4000,3731.8000,3732.0000,3732.6000,3733.0000,3733.8000,1,2,2,1,4,3,1,3,1,1
SF,IF2005,2020-04-13 10:40:58.100,3732.0000,10687,0,3381287520.000,0,-,-,-,-,3731.2000,3731.0000,3730.8000,3730.6000,3730.4000,3731.8000,3732.0000,3732.6000,3733.0000,3733.8000,1,2,2,1,4,1,1,3,1,1
SF,IF2005,2020-04-13 10:40:58.600,3732.0000,10687,0,3381287520.000,0,-,-,-,-,3731.0000,3730.8000,3730.4000,3730.2000,3730.0000,3731.6000,3732.0000,3732.6000,3733.0000,3733.8000,2,2,4,2,5,1,1,3,1,1
SF,IF2005,2020-04-13 10:40:59.100,3731.6000,10688,1,3382407000.000,1,1,0,双开,S,3731.0000,3730.8000,3730.4000,3730.2000,3730.0000,3731.6000,3732.0000,3732.6000,3733.0000,3733.8000,2,2,4,2,5,1,1,3,1,1
SF,IF2005,2020-04-13 10:40:59.600,3731.6000,10688,0,3382407000.000,0,-,-,-,-,3731.0000,3730.8000,3730.4000,3730.2000,3730.0000,3731.6000,3732.0000,3732.6000,3733.0000,3733.8000,2,2,4,2,5,1,1,3,1,1
SF,IF2005,2020-04-13 10:41:00.100,3731.6000,10688,0,3382407000.000,0,-,-,-,-,3731.0000,3730.8000,3730.0000,3729.8000,3729.6000,3731.6000,3732.0000,3732.4000,3732.6000,3733.0000,1,2,5,1,1,1,1,5,3,1
SF,IF2005,2020-04-13 10:41:01.100,3731.6000,10688,0,3382407000.000,0,-,-,-,-,3731.0000,3730.8000,3730.0000,3729.8000,3729.6000,3731.6000,3732.0000,3732.4000,3732.6000,3733.0000,2,2,5,1,1,1,2,5,3,1
SF,IF2005,2020-04-13 10:41:01.600,3731.6000,10689,1,3383526480.000,1,1,0,双开,S,3731.2000,3731.0000,3730.8000,3730.0000,3729.8000,3732.0000,3732.4000,3732.6000,3733.0000,3733.8000,1,1,2,5,1,2,5,3,1,1
SF,IF2005,2020-04-13 10:41:02.100,3732.0000,10691,2,3385765680.000,2,2,0,双开,S,3731.6000,3731.4000,3731.2000,3731.0000,3730.8000,3732.4000,3732.6000,3733.0000,3733.8000,3734.0000,2,2,2,1,1,5,3,1,1,2
SF,IF2005,2020-04-13 10:41:02.600,3732.0000,10691,0,3385765680.000,0,-,-,-,-,3731.6000,3731.4000,3731.2000,3731.0000,3730.8000,3732.4000,3732.6000,3733.0000,3733.8000,3734.0000,2,1,2,1,1,5,3,1,1,2
SF,IF2005,2020-04-13 10:41:03.100,3732.4000,10691,0,3386885400.000,1,0,1,多换,S,3731.8000,3731.6000,3731.4000,3731.2000,3730.0000,3732.4000,3732.6000,3733.0000,3733.8000,3734.0000,1,1,1,2,5,4,3,1,1,2
SF,IF2005,2020-04-13 10:41:03.600,3732.4000,10691,0,3386885400.000,0,-,-,-,-,3732.0000,3731.8000,3731.6000,3731.2000,3730.0000,3732.4000,3732.6000,3733.0000,3733.8000,3734.0000,1,2,1,2,5,4,3,1,1,2
SF,IF2005,2020-04-13 10:41:04.100,3732.4000,10691,0,3386885400.000,0,-,-,-,-,3732.0000,3731.8000,3731.2000,3730.0000,3729.8000,3732.4000,3732.6000,3733.0000,3733.8000,3734.0000,1,1,2,5,1,4,3,1,1,2
SF,IF2005,2020-04-13 10:41:04.600,3732.0000,10692,1,3389124600.000,2,1,1,空开,S,3731.8000,3731.2000,3730.0000,3729.8000,3729.6000,3732.4000,3732.6000,3733.0000,3733.8000,3734.0000,1,2,5,1,1,4,3,1,1,2
SF,IF2005,2020-04-13 10:41:05.100,3732.0000,10692,0,3389124600.000,0,-,-,-,-,3731.8000,3731.2000,3730.0000,3729.8000,3729.6000,3732.2000,3732.4000,3732.6000,3733.0000,3733.8000,1,2,5,1,1,1,4,3,1,1
SF,IF2005,2020-04-13 10:41:05.600,3732.0000,10692,0,3389124600.000,0,-,-,-,-,3731.2000,3730.0000,3729.8000,3729.6000,3729.0000,3732.2000,3732.4000,3732.6000,3733.0000,3733.8000,2,5,1,1,1,1,4,3,1,1
SF,IF2005,2020-04-13 10:41:06.600,3732.0000,10692,0,3389124600.000,0,-,-,-,-,3731.2000,3730.0000,3729.8000,3729.6000,3729.0000,3732.2000,3732.4000,3732.6000,3733.0000,3733.8000,3,5,1,1,1,1,4,3,1,1
SF,IF2005,2020-04-13 10:41:08.100,3732.2000,10692,0,3390244260.000,1,0,1,多换,S,3732.2000,3731.2000,3730.0000,3729.8000,3729.6000,3732.4000,3732.6000,3733.0000,3733.8000,3734.0000,1,3,5,1,1,4,3,1,1,2
SF,IF2005,2020-04-13 10:41:08.600,3732.2000,10692,0,3391363920.000,1,0,1,多换,S,3731.2000,3730.0000,3729.8000,3729.6000,3729.0000,3732.2000,3732.4000,3732.6000,3733.0000,3733.8000,2,5,1,1,1,2,4,3,1,1
SF,IF2005,2020-04-13 10:41:09.100,3732.2000,10692,0,3391363920.000,0,-,-,-,-,3731.2000,3730.0000,3729.8000,3729.6000,3729.0000,3732.2000,3732.4000,3732.6000,3733.0000,3733.8000,2,5,1,1,1,1,4,3,1,1
SF,IF2005,2020-04-13 10:41:09.600,3732.2000,10692,0,3391363920.000,0,-,-,-,-,3731.4000,3731.2000,3730.0000,3729.8000,3729.6000,3732.2000,3732.4000,3732.6000,3733.0000,3733.8000,1,3,5,1,1,1,4,3,1,1
SF,IF2005,2020-04-13 10:41:10.100,3732.2000,10692,0,3391363920.000,0,-,-,-,-,3731.4000,3731.2000,3730.0000,3729.8000,3729.6000,3732.4000,3732.6000,3733.0000,3733.8000,3734.0000,2,2,5,1,1,4,3,1,1,2
SF,IF2005,2020-04-13 10:41:10.600,3732.2000,10692,0,3391363920.000,0,-,-,-,-,3731.4000,3731.2000,3730.0000,3729.8000,3729.6000,3732.4000,3732.6000,3733.0000,3733.8000,3734.0000,2,2,5,1,1,4,3,1,1,2
SF,IF2005,2020-04-13 10:41:11.100,3732.2000,10692,0,3391363920.000,0,-,-,-,-,3731.8000,3731.6000,3731.4000,3731.2000,3730.0000,3732.4000,3732.6000,3733.0000,3733.8000,3734.0000,1,3,2,2,5,4,3,1,1,2
SF,IF2005,2020-04-13 10:41:11.600,3732.4000,10693,1,3392483640.000,1,1,0,双开,S,3731.6000,3731.4000,3731.2000,3730.0000,3729.8000,3732.4000,3732.6000,3733.0000,3733.8000,3734.0000,2,1,2,5,1,3,3,1,1,2
SF,IF2005,2020-04-13 10:41:13.100,3732.4000,10693,0,3392483640.000,0,-,-,-,-,3731.6000,3731.4000,3731.2000,3730.0000,3729.8000,3732.4000,3732.6000,3733.0000,3733.8000,3734.0000,1,1,2,5,1,3,3,1,1,2
SF,IF2005,2020-04-13 10:41:13.600,3732.4000,10693,0,3392483640.000,0,-,-,-,-,3731.6000,3731.4000,3731.2000,3730.0000,3729.8000,3732.4000,3732.6000,3733.0000,3733.8000,3734.0000,1,1,2,5,1,4,3,1,1,2
SF,IF2005,2020-04-13 10:41:14.100,3732.4000,10693,0,3392483640.000,0,-,-,-,-,3731.6000,3731.4000,3731.2000,3730.2000,3730.0000,3732.2000,3732.4000,3732.6000,3733.0000,3733.8000,1,1,2,1,5,1,4,3,1,1
SF,IF2005,2020-04-13 10:41:14.600,3732.4000,10693,0,3392483640.000,0,-,-,-,-,3731.4000,3731.2000,3730.2000,3730.0000,3729.8000,3732.2000,3732.4000,3732.6000,3733.0000,3733.8000,1,2,1,5,1,1,4,3,1,1
SF,IF2005,2020-04-13 10:41:15.600,3732.4000,10693,0,3392483640.000,0,-,-,-,-,3731.4000,3731.2000,3730.2000,3730.0000,3729.8000,3732.2000,3732.4000,3732.6000,3733.0000,3733.8000,2,2,1,5,1,1,4,3,1,1
SF,IF2005,2020-04-13 10:41:16.100,3732.4000,10693,0,3392483640.000,0,-,-,-,-,3731.4000,3731.2000,3730.2000,3730.0000,3729.8000,3732.2000,3732.4000,3732.6000,3733.0000,3733.8000,1,2,1,5,1,1,4,3,1,1
SF,IF2005,2020-04-13 10:41:16.600,3732.4000,10693,0,3392483640.000,0,-,-,-,-,3731.4000,3731.2000,3730.2000,3730.0000,3729.8000,3732.2000,3732.4000,3732.6000,3733.0000,3733.8000,1,2,1,5,1,1,3,3,1,1
SF,IF2005,2020-04-13 10:41:17.100,3732.4000,10696,3,3395842740.000,3,3,0,双开,S,3731.4000,3731.2000,3730.2000,3730.0000,3729.8000,3732.4000,3732.6000,3733.0000,3733.8000,3734.0000,1,1,1,5,1,1,3,1,1,2
SF,IF2005,2020-04-13 10:41:17.600,3732.4000,10696,0,3395842740.000,0,-,-,-,-,3731.2000,3730.2000,3730.0000,3729.8000,3729.6000,3732.2000,3732.4000,3732.6000,3733.0000,3733.8000,1,1,5,1,1,3,1,3,1,1
SF,IF2005,2020-04-13 10:41:18.100,3732.4000,10696,0,3395842740.000,0,-,-,-,-,3730.2000,3730.0000,3729.8000,3729.6000,3729.0000,3732.2000,3732.4000,3732.6000,3733.0000,3733.8000,1,5,1,1,1,4,1,3,1,1
SF,IF2005,2020-04-13 10:41:18.600,3732.4000,10696,0,3395842740.000,0,-,-,-,-,3730.6000,3730.4000,3730.2000,3730.0000,3729.8000,3731.8000,3732.2000,3732.4000,3732.6000,3733.0000,2,5,6,4,1,1,4,1,3,1
SF,IF2005,2020-04-13 10:41:19.100,3732.4000,10696,0,3395842740.000,0,-,-,-,-,3730.8000,3730.6000,3730.4000,3730.2000,3730.0000,3731.8000,3732.2000,3732.4000,3732.6000,3733.0000,4,4,4,5,4,1,4,1,3,1
SF,IF2005,2020-04-13 10:41:19.600,3732.4000,10696,0,3395842740.000,0,-,-,-,-,3731.2000,3731.0000,3730.8000,3730.6000,3730.4000,3731.8000,3732.2000,3732.4000,3732.6000,3733.0000,1,1,4,2,3,1,3,1,3,1
SF,IF2005,2020-04-13 10:41:20.100,3731.8000,10698,2,3398081820.000,2,2,0,双开,S,3731.2000,3731.0000,3730.8000,3730.6000,3730.4000,3732.2000,3732.4000,3732.6000,3733.0000,3733.8000,1,2,2,1,2,3,1,3,1,1
SF,IF2005,2020-04-13 10:41:20.600,3731.8000,10698,0,3398081820.000,0,-,-,-,-,3731.0000,3730.8000,3730.2000,3730.0000,3729.8000,3732.2000,3732.4000,3732.6000,3733.0000,3733.8000,1,1,1,4,1,3,1,3,1,1
SF,IF2005,2020-04-13 10:41:21.100,3731.8000,10698,0,3398081820.000,0,-,-,-,-,3731.2000,3731.0000,3730.2000,3730.0000,3729.8000,3732.2000,3732.4000,3732.6000,3733.0000,3733.8000,2,1,1,4,1,3,1,3,1,1
SF,IF2005,2020-04-13 10:41:23.100,3731.8000,10698,0,3398081820.000,0,-,-,-,-,3731.2000,3731.0000,3730.2000,3730.0000,3729.8000,3732.2000,3732.4000,3732.6000,3733.0000,3733.8000,2,1,1,4,1,2,1,3,1,1
SF,IF2005,2020-04-13 10:41:23.600,3731.8000,10698,0,3398081820.000,0,-,-,-,-,3731.2000,3731.0000,3730.2000,3730.0000,3729.8000,3732.2000,3732.4000,3732.6000,3733.0000,3733.8000,3,1,1,4,1,2,1,3,1,1
SF,IF2005,2020-04-13 10:41:26.600,3731.8000,10698,0,3398081820.000,0,-,-,-,-,3731.4000,3731.2000,3731.0000,3730.2000,3730.0000,3732.2000,3732.4000,3732.6000,3733.0000,3733.8000,1,2,1,1,4,2,1,3,1,1
SF,IF2005,2020-04-13 10:41:27.600,3731.8000,10698,0,3398081820.000,0,-,-,-,-,3731.4000,3731.2000,3731.0000,3730.2000,3730.0000,3732.2000,3732.4000,3732.6000,3733.0000,3733.8000,1,2,1,1,4,2,1,3,1,1
SF,IF2005,2020-04-13 10:41:29.600,3731.8000,10698,0,3398081820.000,0,-,-,-,-,3731.2000,3731.0000,3730.2000,3730.0000,3729.8000,3732.2000,3732.4000,3732.6000,3733.0000,3733.8000,1,1,1,4,1,2,1,3,1,1
SF,IF2005,2020-04-13 10:41:32.100,3731.8000,10698,0,3398081820.000,0,-,-,-,-,3731.2000,3731.0000,3730.2000,3730.0000,3729.8000,3732.2000,3732.4000,3732.6000,3733.0000,3733.8000,2,1,1,4,1,2,1,3,1,1
SF,IF2005,2020-04-13 10:41:32.600,3731.8000,10698,0,3398081820.000,0,-,-,-,-,3731.6000,3731.4000,3731.2000,3730.2000,3730.0000,3732.4000,3732.6000,3733.0000,3733.8000,3734.0000,1,5,1,1,4,1,3,1,1,2
SF,IF2005,2020-04-13 10:41:33.100,3731.8000,10698,0,3398081820.000,0,-,-,-,-,3731.6000,3731.4000,3731.2000,3730.2000,3730.0000,3732.4000,3732.6000,3733.0000,3733.8000,3734.0000,1,3,1,1,4,1,3,1,1,2
SF,IF2005,2020-04-13 10:41:33.600,3731.8000,10698,0,3398081820.000,0,-,-,-,-,3731.6000,3731.4000,3731.2000,3730.2000,3730.0000,3732.4000,3732.6000,3733.0000,3733.8000,3734.0000,2,2,1,1,4,1,3,1,1,2
SF,IF2005,2020-04-13 10:41:34.100,3731.8000,10698,0,3398081820.000,0,-,-,-,-,3731.6000,3731.4000,3731.2000,3730.2000,3730.0000,3732.4000,3732.6000,3733.0000,3733.8000,3734.0000,2,2,1,1,4,1,3,1,1,2
SF,IF2005,2020-04-13 10:41:34.600,3731.8000,10698,0,3398081820.000,0,-,-,-,-,3731.8000,3731.6000,3731.4000,3730.2000,3730.0000,3732.4000,3732.6000,3733.0000,3733.8000,3734.0000,2,1,2,1,4,1,3,1,1,2
SF,IF2005,2020-04-13 10:41:35.100,3732.4000,10698,0,3399201540.000,1,0,1,多换,S,3732.0000,3731.8000,3731.6000,3731.4000,3730.2000,3732.6000,3733.0000,3733.8000,3734.8000,3736.8000,1,3,1,1,1,3,1,1,1,2
SF,IF2005,2020-04-13 10:41:35.600,3732.6000,10699,1,3400321320.000,1,1,0,双开,S,3732.4000,3732.2000,3732.0000,3731.8000,3731.4000,3732.6000,3733.0000,3733.8000,3734.8000,3736.8000,1,1,1,2,1,2,1,1,3,2
SF,IF2005,2020-04-13 10:41:36.100,3732.4000,10700,1,3401441040.000,1,1,0,双开,S,3731.8000,3731.4000,3730.2000,3730.0000,3729.8000,3732.6000,3733.0000,3733.8000,3734.8000,3736.8000,2,1,1,4,1,2,1,1,3,2
SF,IF2005,2020-04-13 10:41:37.100,3732.4000,10700,0,3401441040.000,0,-,-,-,-,3732.2000,3732.0000,3731.8000,3731.4000,3730.6000,3732.6000,3733.0000,3733.8000,3734.8000,3736.8000,1,2,2,1,1,2,1,1,3,2
SF,IF2005,2020-04-13 10:41:37.600,3732.4000,10700,0,3401441040.000,0,-,-,-,-,3731.8000,3731.4000,3730.6000,3730.2000,3730.0000,3732.6000,3733.0000,3733.8000,3734.8000,3736.8000,1,1,1,1,4,2,1,1,3,2
SF,IF2005,2020-04-13 10:41:41.100,3732.4000,10700,0,3401441040.000,0,-,-,-,-,3732.0000,3731.8000,3731.4000,3730.6000,3730.2000,3732.6000,3733.0000,3733.8000,3734.8000,3736.8000,1,1,1,1,1,2,1,1,3,2
SF,IF2005,2020-04-13 10:41:41.600,3731.8000,10700,0,3402560580.000,1,0,1,多换,S,3731.4000,3730.6000,3730.2000,3730.0000,3729.8000,3732.6000,3733.0000,3733.8000,3734.8000,3736.8000,1,1,1,4,1,2,1,1,3,2
SF,IF2005,2020-04-13 10:41:42.100,3731.8000,10700,0,3402560580.000,0,-,-,-,-,3732.0000,3731.6000,3731.4000,3730.6000,3730.2000,3732.6000,3733.0000,3733.8000,3734.8000,3736.8000,1,4,2,1,1,2,1,1,3,2
SF,IF2005,2020-04-13 10:41:42.600,3731.8000,10700,0,3402560580.000,0,-,-,-,-,3732.0000,3731.6000,3731.4000,3730.6000,3730.2000,3732.6000,3733.0000,3733.8000,3734.8000,3736.8000,1,3,2,1,1,2,1,1,3,2
SF,IF2005,2020-04-13 10:41:43.100,3731.8000,10700,0,3402560580.000,0,-,-,-,-,3731.6000,3731.4000,3730.6000,3730.2000,3730.0000,3732.4000,3732.6000,3733.0000,3733.8000,3734.8000,2,2,1,1,4,1,2,1,1,3
SF,IF2005,2020-04-13 10:41:44.100,3732.4000,10700,0,3403680300.000,1,0,1,多换,S,3731.6000,3731.4000,3730.6000,3730.2000,3730.0000,3732.6000,3733.0000,3733.8000,3734.8000,3736.8000,1,1,1,1,4,2,1,1,3,2
SF,IF2005,2020-04-13 10:41:44.600,3732.4000,10700,0,3403680300.000,0,-,-,-,-,3731.6000,3731.4000,3730.6000,3730.2000,3730.0000,3732.4000,3732.6000,3733.0000,3733.8000,3734.8000,1,1,1,1,4,1,2,1,1,1
SF,IF2005,2020-04-13 10:41:45.100,3732.4000,10700,0,3403680300.000,0,-,-,-,-,3731.8000,3731.6000,3731.4000,3730.6000,3730.2000,3732.4000,3732.6000,3733.0000,3733.8000,3734.4000,1,1,1,1,1,1,2,1,1,2
SF,IF2005,2020-04-13 10:41:45.600,3732.4000,10700,0,3403680300.000,0,-,-,-,-,3731.6000,3731.4000,3730.6000,3730.2000,3730.0000,3732.4000,3732.6000,3733.0000,3733.8000,3734.4000,1,1,1,1,4,1,2,1,1,2
SF,IF2005,2020-04-13 10:41:46.100,3732.4000,10700,0,3403680300.000,0,-,-,-,-,3732.4000,3731.8000,3731.6000,3731.4000,3730.6000,3732.6000,3733.0000,3733.8000,3734.4000,3734.8000,1,1,1,1,1,2,1,1,2,1
SF,IF2005,2020-04-13 10:41:46.600,3732.4000,10700,0,3404800020.000,1,0,1,多换,S,3731.6000,3731.4000,3730.6000,3730.2000,3730.0000,3732.4000,3732.6000,3733.0000,3733.8000,3734.4000,1,1,1,1,4,1,2,1,1,2
SF,IF2005,2020-04-13 10:41:47.100,3732.4000,10700,0,3404800020.000,0,-,-,-,-,3731.6000,3731.4000,3730.6000,3730.2000,3730.0000,3732.6000,3733.0000,3733.8000,3734.4000,3734.8000,1,1,1,1,4,2,1,1,2,1
SF,IF2005,2020-04-13 10:41:47.600,3732.4000,10700,0,3404800020.000,0,-,-,-,-,3731.6000,3731.4000,3730.6000,3730.2000,3730.0000,3732.6000,3733.0000,3733.8000,3734.4000,3734.8000,2,1,1,1,4,2,1,1,2,1
SF,IF2005,2020-04-13 10:41:48.100,3732.6000,10701,1,3405919800.000,1,1,0,双开,S,3731.8000,3731.6000,3731.4000,3730.6000,3730.2000,3732.6000,3733.0000,3733.8000,3734.4000,3734.8000,2,1,1,1,1,1,1,1,2,1
SF,IF2005,2020-04-13 10:41:48.600,3732.6000,10701,0,3405919800.000,0,-,-,-,-,3731.8000,3731.6000,3731.4000,3730.6000,3730.2000,3732.6000,3733.0000,3733.8000,3734.4000,3734.8000,1,1,1,1,1,1,1,1,2,1
SF,IF2005,2020-04-13 10:41:49.600,3732.6000,10701,0,3405919800.000,0,-,-,-,-,3731.4000,3730.6000,3730.2000,3730.0000,3729.8000,3732.4000,3732.6000,3733.0000,3733.8000,3734.4000,1,1,1,4,1,2,1,1,1,2
SF,IF2005,2020-04-13 10:41:50.100,3732.6000,10701,0,3405919800.000,0,-,-,-,-,3731.8000,3730.6000,3730.2000,3730.0000,3729.8000,3732.2000,3732.4000,3732.6000,3733.0000,3733.8000,1,1,1,4,1,1,3,1,1,1
SF,IF2005,2020-04-13 10:41:51.100,3732.6000,10701,0,3405919800.000,0,-,-,-,-,3731.8000,3730.6000,3730.2000,3730.0000,3729.8000,3732.2000,3732.4000,3732.6000,3733.0000,3733.8000,1,1,1,4,1,1,1,1,1,1
SF,IF2005,2020-04-13 10:41:52.600,3732.6000,10701,0,3405919800.000,0,-,-,-,-,3730.6000,3730.2000,3730.0000,3729.8000,3729.6000,3732.2000,3732.4000,3732.6000,3733.0000,3733.8000,1,1,4,1,1,1,1,1,1,1
SF,IF2005,2020-04-13 10:41:53.100,3732.6000,10701,0,3405919800.000,0,-,-,-,-,3731.0000,3730.8000,3730.6000,3730.2000,3730.0000,3732.2000,3732.4000,3732.6000,3733.0000,3733.8000,2,5,2,1,4,1,1,1,1,1
SF,IF2005,2020-04-13 10:41:53.600,3732.6000,10701,0,3405919800.000,0,-,-,-,-,3731.8000,3731.2000,3731.0000,3730.8000,3730.6000,3732.2000,3732.4000,3732.6000,3733.0000,3733.8000,1,1,2,3,2,1,1,1,1,1
SF,IF2005,2020-04-13 10:41:54.100,3732.6000,10701,0,3405919800.000,0,-,-,-,-,3731.8000,3731.2000,3731.0000,3730.8000,3730.6000,3732.2000,3732.4000,3732.6000,3733.0000,3733.8000,1,1,3,2,2,2,1,1,1,1
SF,IF2005,2020-04-13 10:41:54.600,3731.8000,10702,1,3407039340.000,1,1,0,双开,S,3731.2000,3731.0000,3730.8000,3730.6000,3730.2000,3732.2000,3732.4000,3732.6000,3733.0000,3733.8000,1,2,2,2,1,1,1,1,1,1
SF,IF2005,2020-04-13 10:41:55.100,3732.2000,10703,1,3409278660.000,2,1,1,空开,S,3731.2000,3731.0000,3730.8000,3730.6000,3730.2000,3732.2000,3732.4000,3732.6000,3733.0000,3733.8000,1,2,2,2,1,1,1,1,1,1
SF,IF2005,2020-04-13 10:41:55.600,3732.2000,10703,0,3409278660.000,0,-,-,-,-,3731.2000,3731.0000,3730.8000,3730.6000,3730.2000,3732.2000,3732.4000,3732.6000,3733.0000,3733.8000,2,2,2,2,1,1,1,1,1,1
SF,IF2005,2020-04-13 10:41:56.100,3732.2000,10703,0,3409278660.000,0,-,-,-,-,3731.4000,3731.2000,3731.0000,3730.8000,3730.6000,3732.4000,3732.6000,3733.0000,3733.8000,3734.4000,2,1,2,2,2,1,1,1,1,2
SF,IF2005,2020-04-13 10:41:56.600,3732.2000,10703,0,3409278660.000,0,-,-,-,-,3731.6000,3731.4000,3731.0000,3730.6000,3730.2000,3732.4000,3732.6000,3733.0000,3733.8000,3734.4000,2,3,1,2,1,1,1,1,1,2
SF,IF2005,2020-04-13 10:41:57.100,3732.4000,10703,0,3410398380.000,1,0,1,多换,S,3731.8000,3731.6000,3731.4000,3731.0000,3730.6000,3732.6000,3733.0000,3733.8000,3734.4000,3734.8000,1,3,1,1,2,1,1,1,2,1
SF,IF2005,2020-04-13 10:41:57.600,3732.4000,10703,0,3410398380.000,0,-,-,-,-,3731.8000,3731.6000,3731.0000,3730.6000,3730.2000,3732.6000,3733.0000,3733.8000,3734.4000,3734.8000,1,2,1,2,1,1,1,1,2,1
SF,IF2005,2020-04-13 10:41:58.100,3732.4000,10703,0,3410398380.000,0,-,-,-,-,3732.2000,3732.0000,3731.8000,3731.0000,3730.6000,3732.6000,3732.8000,3733.0000,3733.8000,3734.4000,1,3,1,1,2,1,1,1,1,2
SF,IF2005,2020-04-13 10:41:58.600,3732.4000,10703,0,3410398380.000,0,-,-,-,-,3732.0000,3731.8000,3731.0000,3730.6000,3730.2000,3732.6000,3733.0000,3733.8000,3734.4000,3734.8000,1,1,1,2,1,1,1,1,2,1
SF,IF2005,2020-04-13 10:41:59.100,3732.4000,10703,0,3410398380.000,0,-,-,-,-,3732.0000,3731.8000,3731.0000,3730.6000,3730.2000,3732.6000,3732.8000,3733.0000,3733.8000,3734.4000,1,1,1,2,1,1,1,1,1,2
SF,IF2005,2020-04-13 10:42:01.600,3732.4000,10703,0,3410398380.000,0,-,-,-,-,3732.2000,3732.0000,3731.0000,3730.6000,3730.2000,3732.6000,3732.8000,3733.0000,3733.8000,3734.4000,1,1,1,2,1,1,1,1,1,2
SF,IF2005,2020-04-13 10:42:02.100,3732.6000,10703,0,3411518160.000,1,0,1,多换,S,3732.2000,3732.0000,3731.0000,3730.6000,3730.2000,3732.8000,3733.0000,3733.8000,3734.4000,3734.8000,2,2,1,2,1,1,1,1,2,1
SF,IF2005,2020-04-13 10:42:02.600,3732.2000,10703,0,3413757480.000,2,1,1,多换,S,3732.0000,3731.0000,3730.6000,3730.2000,3730.0000,3733.0000,3733.8000,3734.4000,3734.8000,3736.8000,1,1,2,1,4,1,1,2,1,2
SF,IF2005,2020-04-13 10:42:03.100,3732.2000,10703,0,3413757480.000,0,-,-,-,-,3732.0000,3731.0000,3730.6000,3730.2000,3730.0000,3732.8000,3733.0000,3733.8000,3734.4000,3734.8000,1,1,2,1,4,1,3,1,2,1
SF,IF2005,2020-04-13 10:42:03.600,3732.2000,10703,0,3413757480.000,0,-,-,-,-,3732.0000,3731.0000,3730.6000,3730.2000,3730.0000,3732.8000,3733.0000,3733.8000,3734.4000,3734.8000,1,1,2,1,4,1,1,1,2,1
SF,IF2005,2020-04-13 10:42:04.100,3732.2000,10703,0,3413757480.000,0,-,-,-,-,3732.0000,3731.0000,3730.6000,3730.2000,3730.0000,3732.8000,3733.0000,3733.8000,3734.4000,3734.8000,1,1,2,1,4,2,1,1,2,1
SF,IF2005,2020-04-13 10:42:04.600,3732.2000,10703,0,3413757480.000,0,-,-,-,-,3732.0000,3731.0000,3730.6000,3730.2000,3730.0000,3732.8000,3733.0000,3733.8000,3734.4000,3734.8000,1,1,2,1,4,1,1,1,2,1
SF,IF2005,2020-04-13 10:42:05.100,3732.2000,10703,0,3413757480.000,0,-,-,-,-,3732.0000,3731.0000,3730.6000,3730.2000,3730.0000,3732.8000,3733.0000,3733.8000,3734.4000,3734.8000,1,1,2,1,4,2,1,1,2,1
SF,IF2005,2020-04-13 10:42:05.600,3732.2000,10703,0,3413757480.000,0,-,-,-,-,3732.0000,3731.0000,3730.6000,3730.2000,3730.0000,3732.8000,3733.0000,3733.8000,3734.4000,3734.8000,1,1,2,1,4,1,1,1,2,1
SF,IF2005,2020-04-13 10:42:06.100,3732.2000,10703,0,3413757480.000,0,-,-,-,-,3732.0000,3731.0000,3730.6000,3730.2000,3730.0000,3732.8000,3733.0000,3733.8000,3734.4000,3734.8000,1,1,2,1,4,2,1,1,2,1
SF,IF2005,2020-04-13 10:42:06.600,3732.2000,10703,0,3413757480.000,0,-,-,-,-,3732.0000,3731.0000,3730.6000,3730.2000,3730.0000,3732.8000,3733.0000,3733.8000,3734.4000,3734.8000,1,1,2,1,4,1,1,1,2,1
SF,IF2005,2020-04-13 10:42:07.100,3732.2000,10703,0,3413757480.000,0,-,-,-,-,3732.0000,3731.0000,3730.6000,3730.2000,3730.0000,3732.8000,3733.0000,3733.8000,3734.4000,3734.8000,1,1,2,1,4,2,1,1,2,1
SF,IF2005,2020-04-13 10:42:07.600,3732.2000,10703,0,3413757480.000,0,-,-,-,-,3732.0000,3731.0000,3730.6000,3730.2000,3730.0000,3732.8000,3733.0000,3733.8000,3734.4000,3734.8000,1,1,2,1,4,1,1,1,2,1
SF,IF2005,2020-04-13 10:42:08.100,3732.2000,10703,0,3413757480.000,0,-,-,-,-,3732.0000,3731.0000,3730.6000,3730.2000,3730.0000,3732.2000,3732.8000,3733.0000,3733.8000,3734.4000,1,1,2,1,4,1,2,1,1,2
SF,IF2005,2020-04-13 10:42:08.600,3732.2000,10704,1,3418236120.000,4,2,2,空开,S,3732.0000,3731.0000,3730.6000,3730.2000,3730.0000,3732.2000,3732.8000,3733.0000,3733.8000,3734.4000,1,1,2,1,4,1,1,1,1,2
SF,IF2005,2020-04-13 10:42:09.600,3732.2000,10704,0,3418236120.000,0,-,-,-,-,3732.0000,3731.0000,3730.6000,3730.2000,3730.0000,3732.8000,3733.0000,3733.8000,3734.4000,3734.8000,1,1,2,1,4,1,1,1,2,1
SF,IF2005,2020-04-13 10:42:10.100,3732.2000,10704,0,3418236120.000,0,-,-,-,-,3732.0000,3731.0000,3730.6000,3730.2000,3730.0000,3732.6000,3732.8000,3733.0000,3733.8000,3734.4000,1,1,2,1,4,1,1,1,1,2
SF,IF2005,2020-04-13 10:42:13.600,3732.6000,10705,1,3419355900.000,1,1,0,双开,S,3732.0000,3731.0000,3730.6000,3730.2000,3730.0000,3732.6000,3732.8000,3733.0000,3733.8000,3734.4000,1,1,2,1,4,1,1,1,1,2
SF,IF2005,2020-04-13 10:42:16.100,3732.6000,10705,0,3419355900.000,0,-,-,-,-,3732.0000,3731.0000,3730.6000,3730.2000,3730.0000,3732.6000,3732.8000,3733.0000,3733.8000,3734.4000,2,1,2,1,4,1,1,1,1,2
SF,IF2005,2020-04-13 10:42:16.600,3732.6000,10706,1,3420475680.000,1,1,0,双开,S,3732.0000,3731.0000,3730.6000,3730.2000,3730.0000,3732.6000,3732.8000,3733.0000,3733.8000,3734.4000,1,1,2,1,4,1,1,1,1,2
SF,IF2005,2020-04-13 10:42:17.100,3732.4000,10706,0,3423834720.000,3,1,2,多换,S,3731.0000,3730.6000,3730.2000,3730.0000,3729.8000,3732.6000,3732.8000,3733.0000,3733.8000,3734.4000,1,2,1,4,1,1,1,1,1,2
SF,IF2005,2020-04-13 10:42:17.600,3732.4000,10706,0,3423834720.000,0,-,-,-,-,3731.2000,3731.0000,3730.6000,3730.2000,3730.0000,3732.4000,3732.6000,3733.0000,3733.8000,3734.4000,1,1,2,1,4,3,1,1,1,2
SF,IF2005,2020-04-13 10:42:18.100,3731.2000,10706,0,3424954080.000,1,0,1,多换,S,3731.0000,3730.6000,3730.2000,3730.0000,3729.8000,3732.4000,3733.0000,3733.8000,3734.4000,3734.8000,1,2,1,4,1,4,1,1,2,1
SF,IF2005,2020-04-13 10:42:18.600,3731.2000,10706,0,3424954080.000,0,-,-,-,-,3731.0000,3730.6000,3730.2000,3730.0000,3729.8000,3732.0000,3732.2000,3732.4000,3733.0000,3733.8000,1,2,1,4,1,2,1,2,1,1
SF,IF2005,2020-04-13 10:42:19.100,3731.2000,10706,0,3424954080.000,0,-,-,-,-,3731.0000,3730.6000,3730.2000,3730.0000,3729.8000,3731.8000,3732.0000,3732.2000,3733.0000,3733.8000,1,1,1,4,1,1,2,2,1,1
SF,IF2005,2020-04-13 10:42:19.600,3731.2000,10706,0,3424954080.000,0,-,-,-,-,3731.0000,3730.6000,3730.2000,3730.0000,3729.8000,3731.8000,3732.0000,3732.2000,3733.0000,3733.8000,1,1,1,4,1,1,2,1,1,1
SF,IF2005,2020-04-13 10:42:20.600,3731.0000,10706,0,3426073380.000,1,0,1,多换,S,3730.6000,3730.2000,3730.0000,3729.8000,3729.6000,3731.8000,3732.0000,3732.2000,3733.0000,3733.8000,1,1,4,1,1,1,2,1,1,1
SF,IF2005,2020-04-13 10:42:21.100,3731.0000,10706,0,3426073380.000,0,-,-,-,-,3730.8000,3730.6000,3730.2000,3730.0000,3729.8000,3731.8000,3732.0000,3732.2000,3733.0000,3733.8000,4,2,1,4,1,2,2,1,1,1
SF,IF2005,2020-04-13 10:42:21.600,3731.0000,10706,0,3426073380.000,0,-,-,-,-,3730.8000,3730.6000,3730.2000,3730.0000,3729.8000,3731.8000,3732.0000,3732.2000,3733.0000,3733.8000,3,1,1,4,1,1,2,1,1,1
SF,IF2005,2020-04-13 10:42:22.100,3731.8000,10705,-1,3427192920.000,1,0,1,双平,S,3731.2000,3731.0000,3730.8000,3730.6000,3730.2000,3732.0000,3732.2000,3733.0000,3733.8000,3734.4000,1,1,4,1,1,2,1,1,1,2
SF,IF2005,2020-04-13 10:42:22.600,3731.8000,10705,0,3427192920.000,0,-,-,-,-,3731.0000,3730.8000,3730.6000,3730.2000,3730.0000,3732.0000,3733.0000,3733.8000,3734.4000,3734.8000,2,2,1,1,4,1,1,1,2,1
SF,IF2005,2020-04-13 10:42:23.100,3731.8000,10705,0,3427192920.000,0,-,-,-,-,3731.2000,3731.0000,3730.6000,3730.2000,3730.0000,3732.0000,3732.4000,3733.0000,3733.8000,3734.4000,1,2,1,1,4,1,1,1,1,2
SF,IF2005,2020-04-13 10:42:23.600,3731.8000,10705,0,3427192920.000,0,-,-,-,-,3731.2000,3731.0000,3730.6000,3730.2000,3730.0000,3732.0000,3733.0000,3733.8000,3734.4000,3734.8000,1,2,1,1,4,1,1,1,2,1
SF,IF2005,2020-04-13 10:42:24.100,3731.8000,10705,0,3427192920.000,0,-,-,-,-,3731.2000,3731.0000,3730.6000,3730.2000,3730.0000,3732.0000,3732.6000,3733.0000,3733.8000,3734.4000,1,2,1,1,4,1,1,1,1,2
SF,IF2005,2020-04-13 10:42:24.600,3731.8000,10705,0,3427192920.000,0,-,-,-,-,3731.0000,3730.6000,3730.2000,3730.0000,3729.8000,3732.0000,3732.6000,3733.0000,3733.8000,3734.4000,1,1,1,4,1,1,1,1,1,2
SF,IF2005,2020-04-13 10:42:25.100,3731.8000,10705,0,3427192920.000,0,-,-,-,-,3731.0000,3730.6000,3730.2000,3730.0000,3729.8000,3731.8000,3732.0000,3732.6000,3733.0000,3733.8000,1,1,1,4,1,1,1,1,1,1
SF,IF2005,2020-04-13 10:42:25.600,3730.6000,10707,2,3429431400.000,2,2,0,双开,S,3730.2000,3730.0000,3729.8000,3729.6000,3729.0000,3731.8000,3732.0000,3732.6000,3733.0000,3733.8000,1,4,1,1,1,2,1,1,1,1
SF,IF2005,2020-04-13 10:42:26.100,3730.6000,10707,0,3429431400.000,0,-,-,-,-,3730.4000,3730.2000,3730.0000,3729.8000,3729.6000,3731.4000,3731.6000,3731.8000,3732.0000,3733.0000,1,2,2,1,1,1,2,1,1,1
SF,IF2005,2020-04-13 10:42:26.600,3730.2000,10706,-1,3430550460.000,1,0,1,双平,S,3728.6000,3728.4000,3728.0000,3727.4000,3725.0000,3731.0000,3731.2000,3731.6000,3732.0000,3733.0000,2,1,1,5,4,1,2,9,1,3
SF,IF2005,2020-04-13 10:42:27.100,3730.2000,10706,0,3430550460.000,0,-,-,-,-,3729.6000,3729.4000,3729.2000,3729.0000,3728.8000,3730.4000,3730.8000,3731.2000,3731.6000,3732.0000,1,1,2,3,8,1,3,1,7,1
SF,IF2005,2020-04-13 10:42:27.600,3730.2000,10706,0,3430550460.000,0,-,-,-,-,3729.4000,3729.2000,3729.0000,3728.8000,3728.6000,3730.4000,3730.8000,3731.6000,3732.0000,3733.0000,1,1,1,6,2,1,3,2,1,3
SF,IF2005,2020-04-13 10:42:28.100,3730.2000,10706,0,3430550460.000,0,-,-,-,-,3729.6000,3729.4000,3729.2000,3729.0000,3728.8000,3730.4000,3730.6000,3730.8000,3731.6000,3732.0000,1,1,1,1,3,1,1,3,2,1
SF,IF2005,2020-04-13 10:42:28.600,3730.4000,10706,0,3431669580.000,1,0,1,多换,S,3729.6000,3729.4000,3729.2000,3729.0000,3728.8000,3730.6000,3730.8000,3731.6000,3732.0000,3733.0000,1,1,1,1,3,1,3,2,1,3
SF,IF2005,2020-04-13 10:42:29.100,3730.4000,10706,0,3431669580.000,0,-,-,-,-,3729.6000,3729.4000,3729.2000,3729.0000,3728.8000,3730.2000,3730.8000,3731.6000,3732.0000,3733.0000,2,1,1,1,3,1,3,2,1,3
SF,IF2005,2020-04-13 10:42:29.600,3730.4000,10706,0,3431669580.000,0,-,-,-,-,3729.4000,3729.2000,3729.0000,3728.6000,3728.4000,3730.8000,3731.6000,3732.0000,3733.0000,3733.8000,1,1,1,2,1,3,2,1,3,1
SF,IF2005,2020-04-13 10:42:30.100,3730.4000,10706,0,3431669580.000,0,-,-,-,-,3729.6000,3729.4000,3729.2000,3729.0000,3728.6000,3730.4000,3730.8000,3731.6000,3732.0000,3733.0000,1,1,1,1,2,3,3,2,1,3
SF,IF2005,2020-04-13 10:42:30.600,3730.4000,10706,0,3431669580.000,0,-,-,-,-,3729.4000,3729.2000,3729.0000,3728.6000,3728.4000,3730.4000,3730.8000,3731.6000,3732.0000,3733.0000,1,1,1,2,1,3,3,2,1,3
SF,IF2005,2020-04-13 10:42:31.100,3730.4000,10706,0,3431669580.000,0,-,-,-,-,3729.6000,3729.4000,3729.2000,3729.0000,3728.6000,3730.4000,3730.8000,3731.6000,3732.0000,3733.0000,1,1,1,1,2,3,3,2,1,3
SF,IF2005,2020-04-13 10:42:31.600,3730.4000,10706,0,3431669580.000,0,-,-,-,-,3729.4000,3729.2000,3729.0000,3728.6000,3728.4000,3730.2000,3730.8000,3731.6000,3732.0000,3733.0000,1,1,1,2,1,3,2,2,1,1
SF,IF2005,2020-04-13 10:42:32.100,3730.4000,10706,0,3431669580.000,0,-,-,-,-,3729.2000,3729.0000,3728.6000,3728.4000,3728.0000,3730.8000,3731.6000,3732.0000,3733.0000,3733.8000,1,1,2,1,1,2,2,1,1,1
SF,IF2005,2020-04-13 10:42:32.600,3730.4000,10706,0,3431669580.000,0,-,-,-,-,3729.4000,3729.2000,3729.0000,3728.6000,3728.4000,3730.4000,3730.6000,3730.8000,3731.6000,3732.0000,1,1,1,2,1,3,3,1,2,3
SF,IF2005,2020-04-13 10:42:33.100,3730.4000,10706,0,3431669580.000,0,-,-,-,-,3729.4000,3729.2000,3729.0000,3728.6000,3728.4000,3730.2000,3730.6000,3731.6000,3732.0000,3733.0000,1,1,1,2,1,5,2,2,3,1
SF,IF2005,2020-04-13 10:42:33.600,3730.4000,10706,0,3431669580.000,0,-,-,-,-,3729.4000,3729.2000,3729.0000,3728.6000,3728.4000,3730.0000,3730.2000,3730.6000,3731.6000,3732.0000,1,1,1,2,1,4,1,2,2,3
SF,IF2005,2020-04-13 10:42:34.100,3730.4000,10706,0,3431669580.000,0,-,-,-,-,3729.4000,3729.2000,3729.0000,3728.6000,3728.4000,3729.8000,3730.2000,3730.6000,3731.6000,3732.0000,1,1,1,2,1,4,1,2,2,3
SF,IF2005,2020-04-13 10:42:34.600,3730.4000,10706,0,3431669580.000,0,-,-,-,-,3729.4000,3729.2000,3728.6000,3728.4000,3728.0000,3730.2000,3731.6000,3732.0000,3733.0000,3733.8000,1,1,2,1,1,1,2,3,1,1
SF,IF2005,2020-04-13 10:42:35.100,3730.2000,10707,1,3432788640.000,1,1,0,双开,S,3729.2000,3728.4000,3728.0000,3727.4000,3725.0000,3729.6000,3730.2000,3731.6000,3732.0000,3733.0000,1,1,1,1,4,2,1,2,3,1
SF,IF2005,2020-04-13 10:42:35.600,3730.2000,10707,0,3432788640.000,0,-,-,-,-,3729.2000,3728.4000,3728.0000,3727.4000,3725.0000,3730.2000,3731.6000,3732.0000,3733.0000,3733.8000,1,1,1,1,4,1,2,3,1,1
SF,IF2005,2020-04-13 10:42:36.100,3730.2000,10707,0,3432788640.000,0,-,-,-,-,3729.2000,3728.4000,3728.0000,3727.4000,3725.0000,3730.0000,3730.2000,3731.6000,3732.0000,3733.0000,1,1,1,1,4,1,4,2,3,1
SF,IF2005,2020-04-13 10:42:36.600,3730.2000,10707,0,3432788640.000,0,-,-,-,-,3729.2000,3728.4000,3728.0000,3727.4000,3725.0000,3730.0000,3730.2000,3731.6000,3732.0000,3732.8000,1,1,1,1,4,4,4,2,3,1
SF,IF2005,2020-04-13 10:42:37.100,3730.2000,10707,0,3432788640.000,0,-,-,-,-,3729.2000,3728.4000,3728.0000,3727.4000,3725.0000,3729.8000,3730.0000,3730.2000,3731.6000,3732.0000,1,1,1,1,4,2,4,1,2,3
SF,IF2005,2020-04-13 10:42:37.600,3729.2000,10708,1,3433907400.000,1,1,0,双开,S,3728.4000,3728.0000,3727.4000,3725.0000,3724.8000,3729.8000,3730.0000,3730.2000,3731.6000,3732.0000,1,1,1,4,4,2,3,1,2,3
SF,IF2005,2020-04-13 10:42:38.100,3729.2000,10708,0,3433907400.000,0,-,-,-,-,3728.6000,3728.4000,3728.0000,3727.4000,3725.0000,3729.6000,3730.0000,3731.6000,3732.0000,3732.8000,3,2,1,1,4,2,3,2,3,1
SF,IF2005,2020-04-13 10:42:38.600,3729.2000,10708,0,3433907400.000,0,-,-,-,-,3728.6000,3728.4000,3728.0000,3727.4000,3725.0000,3729.6000,3729.8000,3730.0000,3731.6000,3732.0000,3,2,1,1,4,2,2,3,2,3
SF,IF2005,2020-04-13 10:42:39.100,3729.2000,10708,0,3433907400.000,0,-,-,-,-,3728.6000,3728.4000,3728.0000,3727.4000,3725.0000,3729.6000,3730.0000,3731.6000,3732.0000,3732.8000,3,1,1,1,4,1,3,2,3,1
SF,IF2005,2020-04-13 10:42:39.600,3729.2000,10708,0,3433907400.000,0,-,-,-,-,3728.6000,3728.0000,3727.4000,3725.0000,3724.8000,3729.6000,3730.0000,3731.6000,3731.8000,3732.0000,2,1,1,4,4,1,2,2,1,3
SF,IF2005,2020-04-13 10:42:40.100,3729.2000,10708,0,3433907400.000,0,-,-,-,-,3728.6000,3728.0000,3727.4000,3725.0000,3724.8000,3729.4000,3729.6000,3730.0000,3731.6000,3731.8000,2,1,1,4,4,1,3,2,2,1
SF,IF2005,2020-04-13 10:42:40.600,3729.2000,10708,0,3433907400.000,0,-,-,-,-,3728.6000,3728.0000,3727.4000,3725.0000,3724.8000,3729.4000,3729.6000,3730.0000,3731.6000,3731.8000,2,1,1,4,4,1,3,1,2,1
SF,IF2005,2020-04-13 10:42:41.100,3729.2000,10708,0,3433907400.000,0,-,-,-,-,3728.0000,3727.4000,3725.0000,3724.8000,3723.8000,3729.4000,3729.6000,3730.0000,3731.6000,3731.8000,1,1,4,4,1,2,3,1,2,1
SF,IF2005,2020-04-13 10:42:41.600,3729.2000,10708,0,3433907400.000,0,-,-,-,-,3728.2000,3728.0000,3727.4000,3725.0000,3724.8000,3729.2000,3729.4000,3729.6000,3730.0000,3731.6000,1,1,1,4,4,1,2,2,1,2
SF,IF2005,2020-04-13 10:42:42.100,3729.2000,10708,0,3433907400.000,0,-,-,-,-,3728.2000,3728.0000,3727.4000,3725.0000,3724.8000,3729.2000,3729.6000,3730.0000,3731.6000,3731.8000,2,1,1,4,4,2,2,1,2,1
SF,IF2005,2020-04-13 10:42:42.600,3729.2000,10708,0,3433907400.000,0,-,-,-,-,3728.2000,3728.0000,3727.4000,3725.0000,3724.8000,3729.0000,3729.2000,3729.6000,3730.0000,3730.6000,2,1,1,4,4,1,1,2,1,2
SF,IF2005,2020-04-13 10:42:43.100,3729.2000,10708,0,3433907400.000,0,-,-,-,-,3728.2000,3728.0000,3727.4000,3725.0000,3724.8000,3729.0000,3729.2000,3729.6000,3730.6000,3731.6000,2,1,1,4,4,1,2,2,2,2
SF,IF2005,2020-04-13 10:42:44.100,3729.2000,10708,0,3433907400.000,0,-,-,-,-,3728.2000,3728.0000,3727.4000,3725.0000,3724.8000,3729.0000,3729.2000,3729.6000,3730.6000,3731.6000,2,1,1,4,4,1,1,2,2,2
SF,IF2005,2020-04-13 10:42:44.600,3729.2000,10708,0,3433907400.000,0,-,-,-,-,3728.4000,3728.2000,3728.0000,3727.4000,3725.0000,3729.0000,3729.2000,3729.6000,3730.6000,3731.6000,1,2,1,1,4,1,1,2,2,2
SF,IF2005,2020-04-13 10:42:45.100,3729.2000,10708,0,3433907400.000,0,-,-,-,-,3728.4000,3728.2000,3728.0000,3727.4000,3725.0000,3729.0000,3729.2000,3729.6000,3730.6000,3731.6000,1,2,1,1,4,2,1,2,2,2
SF,IF2005,2020-04-13 10:42:45.600,3728.4000,10707,-1,3435025920.000,1,0,1,双平,S,3728.2000,3727.4000,3725.0000,3724.8000,3723.8000,3729.0000,3729.2000,3729.6000,3730.6000,3731.6000,2,1,4,4,1,1,1,2,2,2
SF,IF2005,2020-04-13 10:42:46.100,3728.4000,10707,0,3435025920.000,0,-,-,-,-,3728.2000,3727.4000,3725.0000,3724.8000,3723.8000,3729.0000,3729.2000,3729.6000,3730.6000,3731.6000,2,1,4,4,1,1,1,2,2,2
SF,IF2005,2020-04-13 10:42:46.600,3728.4000,10707,0,3435025920.000,0,-,-,-,-,3728.2000,3727.4000,3725.0000,3724.8000,3723.8000,3729.0000,3729.2000,3729.6000,3730.6000,3730.8000,2,1,4,4,1,1,1,2,2,1
SF,IF2005,2020-04-13 10:42:47.100,3728.4000,10707,0,3435025920.000,0,-,-,-,-,3728.2000,3727.4000,3725.0000,3724.8000,3723.8000,3729.0000,3729.2000,3729.6000,3730.6000,3730.8000,2,1,4,4,1,2,1,2,2,1
SF,IF2005,2020-04-13 10:42:47.600,3728.4000,10707,0,3435025920.000,0,-,-,-,-,3728.2000,3727.4000,3725.0000,3724.8000,3723.8000,3729.0000,3729.2000,3729.6000,3730.6000,3730.8000,2,1,4,4,1,1,1,2,2,1
SF,IF2005,2020-04-13 10:42:48.100,3728.4000,10707,0,3435025920.000,0,-,-,-,-,3728.2000,3727.4000,3725.0000,3724.8000,3723.8000,3729.0000,3729.2000,3729.6000,3730.6000,3730.8000,2,1,4,4,1,1,1,2,2,1
SF,IF2005,2020-04-13 10:42:48.600,3729.0000,10709,2,3437263320.000,2,2,0,双开,S,3728.4000,3728.2000,3727.4000,3725.0000,3724.8000,3728.8000,3729.6000,3730.6000,3730.8000,3731.6000,1,2,1,4,4,1,2,2,1,2
SF,IF2005,2020-04-13 10:42:49.100,3729.0000,10711,2,3439500720.000,2,2,0,双开,S,3728.4000,3728.2000,3727.4000,3725.0000,3724.8000,3728.8000,3729.0000,3729.6000,3730.0000,3730.6000,1,2,1,4,4,1,1,2,1,2
SF,IF2005,2020-04-13 10:42:49.600,3728.8000,10714,3,3443975460.000,4,3,1,空开,S,3729.2000,3728.4000,3728.2000,3727.4000,3725.0000,3729.6000,3730.0000,3730.6000,3730.8000,3731.6000,1,2,2,1,4,2,1,2,1,2
SF,IF2005,2020-04-13 10:42:50.100,3729.0000,10714,0,3445094160.000,1,0,1,多换,S,3728.2000,3727.4000,3725.0000,3724.8000,3723.8000,3729.4000,3730.0000,3730.8000,3731.6000,3731.8000,2,1,4,4,1,2,1,1,2,1
SF,IF2005,2020-04-13 10:42:50.600,3729.0000,10714,0,3445094160.000,0,-,-,-,-,3728.2000,3727.4000,3725.0000,3724.8000,3723.8000,3729.2000,3730.0000,3730.8000,3731.4000,3731.6000,2,1,4,4,1,3,1,1,2,2
SF,IF2005,2020-04-13 10:42:51.600,3728.2000,10714,0,3446212620.000,1,0,1,多换,S,3727.4000,3725.0000,3724.8000,3723.8000,3723.2000,3729.2000,3730.0000,3730.8000,3731.4000,3731.6000,1,4,4,1,2,1,1,1,2,2
SF,IF2005,2020-04-13 10:42:52.100,3728.2000,10714,0,3446212620.000,0,-,-,-,-,3727.8000,3727.6000,3727.4000,3725.0000,3724.8000,3729.0000,3729.2000,3730.0000,3730.8000,3731.4000,1,3,1,4,4,1,1,1,1,2
SF,IF2005,2020-04-13 10:42:52.600,3728.2000,10714,0,3446212620.000,0,-,-,-,-,3727.6000,3727.4000,3725.0000,3724.8000,3723.8000,3728.8000,3729.0000,3730.0000,3730.8000,3731.4000,3,1,4,4,1,1,1,1,1,2
SF,IF2005,2020-04-13 10:42:54.600,3728.2000,10714,0,3446212620.000,0,-,-,-,-,3727.6000,3727.4000,3725.0000,3724.8000,3723.8000,3728.8000,3729.0000,3730.0000,3730.2000,3730.8000,3,1,4,4,1,1,1,1,2,1
SF,IF2005,2020-04-13 10:42:56.100,3728.2000,10714,0,3446212620.000,0,-,-,-,-,3727.8000,3727.6000,3727.4000,3725.0000,3724.8000,3728.8000,3729.0000,3730.0000,3730.2000,3730.8000,1,3,1,4,4,1,1,1,2,1
SF,IF2005,2020-04-13 10:42:57.600,3728.2000,10714,0,3446212620.000,0,-,-,-,-,3728.0000,3727.8000,3727.6000,3727.4000,3725.0000,3728.8000,3729.0000,3730.0000,3730.2000,3730.8000,1,1,2,1,4,1,1,1,2,1
SF,IF2005,2020-04-13 10:42:59.100,3728.2000,10714,0,3446212620.000,0,-,-,-,-,3728.2000,3728.0000,3727.8000,3727.6000,3727.4000,3728.8000,3729.0000,3730.0000,3730.2000,3730.8000,1,1,1,2,1,1,1,1,2,1
SF,IF2005,2020-04-13 10:42:59.600,3729.0000,10714,0,3447331320.000,1,0,1,多换,S,3728.2000,3728.0000,3727.8000,3727.6000,3727.4000,3730.0000,3730.8000,3731.6000,3731.8000,3732.8000,1,1,2,1,1,1,1,2,1,1
SF,IF2005,2020-04-13 10:43:00.100,3729.0000,10714,0,3447331320.000,0,-,-,-,-,3728.2000,3728.0000,3727.8000,3727.6000,3727.4000,3729.0000,3729.2000,3729.4000,3729.8000,3730.0000,1,1,2,1,1,3,1,5,1,1
SF,IF2005,2020-04-13 10:43:00.600,3729.0000,10714,0,3447331320.000,0,-,-,-,-,3728.0000,3727.8000,3727.6000,3727.4000,3725.0000,3728.8000,3729.0000,3729.2000,3729.4000,3729.8000,1,2,1,1,4,1,3,1,5,1
SF,IF2005,2020-04-13 10:43:01.600,3729.0000,10714,0,3447331320.000,0,-,-,-,-,3728.0000,3727.8000,3727.6000,3727.4000,3725.0000,3728.8000,3729.2000,3729.4000,3729.8000,3730.0000,1,2,1,1,4,3,1,5,1,1
SF,IF2005,2020-04-13 10:43:02.600,3728.0000,10713,-1,3448449720.000,1,0,1,双平,S,3727.8000,3727.6000,3727.4000,3725.0000,3724.8000,3728.6000,3728.8000,3729.4000,3729.8000,3730.0000,1,1,1,4,4,1,4,5,1,1
SF,IF2005,2020-04-13 10:43:03.100,3728.0000,10713,0,3448449720.000,0,-,-,-,-,3727.8000,3727.4000,3725.0000,3724.8000,3723.8000,3728.4000,3728.6000,3729.4000,3729.8000,3730.0000,1,1,4,4,1,1,3,5,1,1
SF,IF2005,2020-04-13 10:43:04.600,3728.4000,10713,0,3449568240.000,1,0,1,多换,S,3727.8000,3725.0000,3724.8000,3723.8000,3723.2000,3728.6000,3729.4000,3729.8000,3730.0000,3730.6000,1,4,4,1,2,3,5,1,1,2
SF,IF2005,2020-04-13 10:43:05.100,3728.4000,10713,0,3449568240.000,0,-,-,-,-,3728.0000,3727.8000,3725.0000,3724.8000,3723.8000,3728.6000,3729.8000,3730.0000,3730.6000,3730.8000,1,1,4,4,1,4,1,1,2,1
SF,IF2005,2020-04-13 10:43:05.600,3728.4000,10714,1,3450686760.000,1,1,0,双开,S,3728.0000,3727.8000,3725.0000,3724.8000,3723.8000,3728.4000,3729.8000,3730.0000,3730.6000,3730.8000,1,1,4,4,1,1,1,1,2,1
SF,IF2005,2020-04-13 10:43:06.100,3728.4000,10714,0,3451805280.000,1,0,1,多换,S,3728.0000,3727.8000,3725.0000,3724.8000,3723.8000,3729.8000,3730.0000,3730.6000,3730.8000,3731.6000,1,1,4,4,1,1,1,2,1,1
SF,IF2005,2020-04-13 10:43:06.600,3728.4000,10714,0,3451805280.000,0,-,-,-,-,3728.2000,3728.0000,3727.8000,3725.0000,3724.8000,3729.6000,3730.0000,3730.6000,3730.8000,3731.6000,1,1,1,4,4,3,1,2,1,1
SF,IF2005,2020-04-13 10:43:07.100,3728.4000,10714,0,3451805280.000,0,-,-,-,-,3728.2000,3728.0000,3727.8000,3725.0000,3724.8000,3729.6000,3730.0000,3730.6000,3730.8000,3731.6000,1,1,1,4,4,8,1,2,1,1
SF,IF2005,2020-04-13 10:43:07.600,3728.4000,10714,0,3451805280.000,0,-,-,-,-,3728.2000,3728.0000,3727.8000,3725.0000,3724.8000,3729.0000,3729.6000,3730.0000,3730.6000,3730.8000,1,1,1,4,4,2,8,1,2,1
SF,IF2005,2020-04-13 10:43:08.100,3728.4000,10714,0,3451805280.000,0,-,-,-,-,3728.2000,3728.0000,3727.8000,3725.0000,3724.8000,3729.0000,3729.6000,3730.0000,3730.6000,3730.8000,1,1,1,4,4,2,7,1,2,1
SF,IF2005,2020-04-13 10:43:09.600,3728.4000,10714,0,3451805280.000,0,-,-,-,-,3728.0000,3727.8000,3725.0000,3724.8000,3723.8000,3729.0000,3729.6000,3730.0000,3730.6000,3730.8000,1,1,4,4,1,2,6,1,2,1
SF,IF2005,2020-04-13 10:43:10.100,3728.4000,10714,0,3451805280.000,0,-,-,-,-,3728.0000,3727.8000,3725.0000,3724.8000,3723.8000,3729.0000,3729.6000,3730.0000,3730.6000,3730.8000,1,1,4,4,1,2,6,1,2,1
SF,IF2005,2020-04-13 10:43:10.600,3728.4000,10714,0,3451805280.000,0,-,-,-,-,3728.2000,3728.0000,3727.8000,3725.0000,3724.8000,3729.0000,3729.6000,3730.0000,3730.6000,3730.8000,1,1,1,4,4,2,1,1,2,1
SF,IF2005,2020-04-13 10:43:11.100,3729.0000,10715,1,3452923980.000,1,1,0,双开,S,3728.2000,3728.0000,3727.8000,3725.0000,3724.8000,3729.0000,3729.6000,3730.0000,3730.6000,3730.8000,1,1,1,4,4,1,1,1,2,1
SF,IF2005,2020-04-13 10:43:11.600,3729.0000,10715,0,3452923980.000,0,-,-,-,-,3728.2000,3728.0000,3727.8000,3725.0000,3724.8000,3729.6000,3730.0000,3730.6000,3730.8000,3731.6000,1,1,1,4,4,1,1,2,1,1
SF,IF2005,2020-04-13 10:43:12.100,3729.0000,10715,0,3452923980.000,0,-,-,-,-,3728.2000,3728.0000,3727.8000,3725.0000,3724.8000,3729.4000,3729.6000,3730.0000,3730.6000,3730.8000,1,1,1,4,4,2,1,1,2,1
SF,IF2005,2020-04-13 10:43:12.600,3729.0000,10715,0,3452923980.000,0,-,-,-,-,3728.2000,3728.0000,3727.8000,3725.0000,3724.8000,3729.2000,3729.4000,3730.0000,3730.6000,3730.8000,1,2,1,4,4,1,3,1,2,1
SF,IF2005,2020-04-13 10:43:13.100,3729.0000,10715,0,3452923980.000,0,-,-,-,-,3728.2000,3728.0000,3727.8000,3725.0000,3724.8000,3729.0000,3729.2000,3729.4000,3730.0000,3730.6000,1,2,1,4,4,1,3,1,1,2
SF,IF2005,2020-04-13 10:43:13.600,3729.0000,10715,0,3452923980.000,0,-,-,-,-,3728.0000,3727.8000,3725.0000,3724.8000,3723.8000,3729.0000,3729.2000,3729.4000,3730.0000,3730.6000,2,1,4,4,1,1,3,1,1,2
SF,IF2005,2020-04-13 10:43:14.100,3729.0000,10715,0,3452923980.000,0,-,-,-,-,3728.0000,3727.8000,3725.0000,3724.8000,3723.8000,3728.8000,3729.0000,3729.4000,3730.0000,3730.6000,2,1,4,4,1,1,3,1,1,2
SF,IF2005,2020-04-13 10:43:14.600,3729.0000,10715,0,3452923980.000,0,-,-,-,-,3728.0000,3727.8000,3725.0000,3724.8000,3723.8000,3728.8000,3729.0000,3729.4000,3730.0000,3730.6000,2,1,4,4,1,1,3,1,1,2
SF,IF2005,2020-04-13 10:43:15.100,3729.0000,10715,0,3452923980.000,0,-,-,-,-,3728.0000,3727.8000,3725.0000,3724.8000,3723.8000,3728.8000,3729.0000,3729.4000,3730.0000,3730.6000,2,1,4,4,1,1,3,1,1,2
SF,IF2005,2020-04-13 10:43:15.600,3729.0000,10715,0,3454042680.000,1,0,1,多换,S,3728.0000,3727.8000,3725.0000,3724.8000,3723.8000,3729.0000,3729.4000,3730.0000,3730.6000,3730.8000,2,1,4,4,1,3,1,1,2,1
SF,IF2005,2020-04-13 10:43:17.100,3728.0000,10715,0,3455161080.000,1,0,1,多换,S,3728.0000,3727.8000,3725.0000,3724.8000,3723.8000,3729.0000,3729.4000,3730.0000,3730.6000,3730.8000,1,1,4,4,1,3,1,1,2,1
SF,IF2005,2020-04-13 10:43:17.600,3729.0000,10715,0,3457398420.000,2,1,1,多换,S,3728.0000,3727.8000,3725.0000,3724.8000,3723.8000,3729.0000,3729.4000,3730.0000,3730.6000,3730.8000,1,1,4,4,1,2,1,1,2,1
SF,IF2005,2020-04-13 10:43:20.100,3729.0000,10715,0,3457398420.000,0,-,-,-,-,3728.0000,3727.8000,3725.0000,3724.8000,3723.8000,3729.0000,3730.0000,3730.6000,3730.8000,3731.6000,1,1,4,4,1,2,1,2,1,1
SF,IF2005,2020-04-13 10:43:20.600,3729.0000,10715,0,3457398420.000,0,-,-,-,-,3728.0000,3727.8000,3725.0000,3724.8000,3723.8000,3728.8000,3730.0000,3730.6000,3730.8000,3731.6000,1,1,4,4,1,5,1,2,1,1
SF,IF2005,2020-04-13 10:43:21.600,3729.0000,10715,0,3457398420.000,0,-,-,-,-,3728.0000,3727.8000,3725.0000,3724.8000,3723.8000,3730.0000,3730.6000,3730.8000,3731.6000,3731.8000,1,1,4,4,1,1,2,1,1,1
SF,IF2005,2020-04-13 10:43:22.100,3729.0000,10715,0,3457398420.000,0,-,-,-,-,3728.2000,3728.0000,3727.8000,3725.0000,3724.8000,3728.6000,3728.8000,3729.0000,3729.4000,3729.6000,2,1,1,4,4,1,6,1,1,2
SF,IF2005,2020-04-13 10:43:22.600,3728.0000,10716,1,3459635280.000,2,1,1,空开,S,3727.8000,3725.0000,3724.8000,3723.8000,3723.2000,3728.6000,3728.8000,3729.0000,3729.4000,3729.6000,1,4,4,1,2,6,6,1,1,4
SF,IF2005,2020-04-13 10:43:23.100,3728.0000,10716,0,3459635280.000,0,-,-,-,-,3727.8000,3725.0000,3724.8000,3723.8000,3723.2000,3728.6000,3728.8000,3729.0000,3729.4000,3729.6000,1,4,4,1,2,1,5,1,1,4
SF,IF2005,2020-04-13 10:43:23.600,3728.0000,10716,0,3459635280.000,0,-,-,-,-,3727.8000,3725.0000,3724.8000,3723.8000,3723.2000,3728.6000,3729.0000,3729.4000,3729.6000,3729.8000,1,4,4,1,2,1,1,1,4,3
SF,IF2005,2020-04-13 10:43:24.100,3728.0000,10716,0,3459635280.000,0,-,-,-,-,3728.0000,3727.8000,3725.0000,3724.8000,3723.8000,3728.6000,3729.0000,3729.4000,3729.6000,3729.8000,1,1,4,4,1,1,1,1,2,2
SF,IF2005,2020-04-13 10:43:25.100,3728.0000,10716,0,3460753680.000,1,0,1,多换,S,3727.8000,3725.0000,3724.8000,3723.8000,3723.2000,3728.6000,3729.0000,3729.4000,3729.6000,3729.8000,1,4,4,1,2,1,1,1,2,2
SF,IF2005,2020-04-13 10:43:25.600,3728.4000,10718,2,3462990540.000,2,2,0,双开,S,3725.0000,3724.8000,3723.8000,3723.2000,3721.0000,3728.4000,3728.6000,3729.4000,3729.6000,3729.8000,4,4,1,2,2,5,1,1,2,1
SF,IF2005,2020-04-13 10:43:26.100,3728.4000,10718,0,3462990540.000,0,-,-,-,-,3727.0000,3726.6000,3726.4000,3726.2000,3726.0000,3728.2000,3728.4000,3728.6000,3729.4000,3729.6000,1,3,2,2,3,2,7,1,1,2
SF,IF2005,2020-04-13 10:43:26.600,3728.4000,10718,0,3462990540.000,0,-,-,-,-,3727.0000,3726.6000,3726.0000,3725.6000,3725.4000,3727.6000,3728.0000,3728.2000,3728.4000,3728.6000,1,1,2,2,1,1,1,1,4,1
SF,IF2005,2020-04-13 10:43:27.100,3728.4000,10718,0,3462990540.000,0,-,-,-,-,3727.0000,3726.6000,3726.0000,3725.6000,3725.4000,3727.6000,3728.0000,3728.4000,3728.6000,3729.4000,1,1,1,1,1,1,1,4,1,1
SF,IF2005,2020-04-13 10:43:27.600,3728.4000,10718,0,3462990540.000,0,-,-,-,-,3727.0000,3726.6000,3726.0000,3725.6000,3725.4000,3727.6000,3728.0000,3728.4000,3728.6000,3729.4000,1,1,1,1,1,1,1,4,1,1
SF,IF2005,2020-04-13 10:43:29.100,3727.6000,10718,0,3464108820.000,1,0,1,多换,S,3727.0000,3726.6000,3726.0000,3725.6000,3725.4000,3728.0000,3728.4000,3728.6000,3729.4000,3729.6000,1,1,1,1,1,1,4,1,1,4
SF,IF2005,2020-04-13 10:43:30.100,3727.6000,10718,0,3464108820.000,0,-,-,-,-,3727.0000,3726.6000,3726.0000,3725.6000,3725.4000,3728.0000,3728.6000,3729.4000,3729.6000,3729.8000,1,1,1,1,1,3,1,1,4,2
SF,IF2005,2020-04-13 10:43:30.600,3727.6000,10718,0,3464108820.000,0,-,-,-,-,3727.0000,3726.6000,3726.0000,3725.6000,3725.4000,3728.0000,3729.4000,3729.6000,3729.8000,3730.0000,2,1,1,1,1,3,1,4,2,2
SF,IF2005,2020-04-13 10:43:31.600,3728.0000,10719,1,3466345620.000,2,1,1,空开,S,3727.2000,3727.0000,3726.0000,3725.6000,3725.4000,3728.0000,3729.4000,3729.6000,3729.8000,3730.0000,1,2,1,1,1,1,1,4,2,2
SF,IF2005,2020-04-13 10:43:32.100,3728.0000,10720,1,3467464020.000,1,1,0,双开,S,3727.4000,3727.2000,3726.0000,3725.6000,3725.4000,3729.4000,3729.6000,3729.8000,3730.0000,3730.8000,2,4,1,1,1,1,4,2,2,1
SF,IF2005,2020-04-13 10:43:32.600,3728.0000,10720,0,3467464020.000,0,-,-,-,-,3727.6000,3727.4000,3727.2000,3726.0000,3725.6000,3729.0000,3729.2000,3729.4000,3729.6000,3729.8000,1,3,2,1,1,5,2,1,4,1
SF,IF2005,2020-04-13 10:43:33.100,3728.0000,10720,0,3467464020.000,0,-,-,-,-,3727.8000,3727.6000,3727.4000,3727.2000,3726.0000,3728.2000,3728.8000,3729.0000,3729.2000,3729.4000,1,2,1,2,1,1,1,5,1,1
SF,IF2005,2020-04-13 10:43:33.600,3728.2000,10721,1,3468582480.000,1,1,0,双开,S,3727.8000,3727.6000,3727.2000,3726.0000,3725.6000,3728.2000,3728.8000,3729.0000,3729.2000,3729.4000,2,1,1,1,1,1,1,5,1,1
SF,IF2005,2020-04-13 10:43:34.100,3728.2000,10721,0,3470819400.000,2,1,1,多换,S,3728.0000,3727.8000,3726.0000,3725.6000,3725.4000,3729.2000,3729.6000,3729.8000,3730.0000,3730.8000,1,2,1,1,1,1,3,1,2,1
SF,IF2005,2020-04-13 10:43:34.600,3729.2000,10721,0,3471938160.000,1,0,1,多换,S,3728.2000,3728.0000,3727.8000,3726.0000,3725.6000,3729.8000,3730.0000,3730.8000,3731.6000,3731.8000,2,2,1,1,1,1,2,1,1,1
SF,IF2005,2020-04-13 10:43:35.100,3728.2000,10721,0,3473056620.000,1,0,1,多换,S,3728.2000,3728.0000,3726.0000,3725.6000,3725.4000,3729.4000,3729.6000,3729.8000,3730.0000,3730.6000,1,1,1,1,1,5,1,1,2,2
SF,IF2005,2020-04-13 10:43:35.600,3729.2000,10722,1,3474175380.000,1,1,0,双开,S,3728.0000,3726.0000,3725.6000,3725.4000,3725.2000,3729.2000,3729.4000,3729.8000,3730.0000,3730.6000,1,1,1,1,6,5,5,1,2,2
SF,IF2005,2020-04-13 10:43:36.600,3729.2000,10722,0,3474175380.000,0,-,-,-,-,3728.0000,3727.0000,3726.0000,3725.6000,3725.4000,3728.8000,3729.0000,3729.2000,3729.4000,3729.8000,1,1,1,1,1,5,1,6,5,1
SF,IF2005,2020-04-13 10:43:37.100,3728.0000,10722,0,3475293780.000,1,0,1,多换,S,3727.0000,3726.0000,3725.6000,3725.4000,3725.2000,3728.8000,3729.0000,3729.2000,3729.4000,3729.8000,1,1,1,1,6,5,1,6,5,1
SF,IF2005,2020-04-13 10:43:37.600,3728.0000,10722,0,3475293780.000,0,-,-,-,-,3727.8000,3727.6000,3727.4000,3727.2000,3727.0000,3728.6000,3729.0000,3729.2000,3729.4000,3729.8000,1,1,1,2,2,1,1,5,5,1
SF,IF2005,2020-04-13 10:43:38.100,3728.0000,10722,0,3475293780.000,0,-,-,-,-,3727.8000,3727.6000,3727.4000,3727.2000,3727.0000,3728.6000,3729.0000,3729.2000,3729.4000,3729.8000,2,1,1,2,1,1,1,5,5,1
SF,IF2005,2020-04-13 10:43:38.600,3728.0000,10722,0,3475293780.000,0,-,-,-,-,3727.8000,3727.6000,3727.4000,3727.2000,3727.0000,3729.0000,3729.2000,3729.4000,3729.8000,3730.0000,2,1,1,2,1,1,5,5,1,2
SF,IF2005,2020-04-13 10:43:39.100,3729.0000,10723,1,3476412480.000,1,1,0,双开,S,3729.0000,3728.2000,3728.0000,3727.8000,3727.2000,3729.2000,3729.4000,3729.8000,3730.0000,3730.6000,1,1,2,1,1,5,5,1,2,2
SF,IF2005,2020-04-13 10:43:39.600,3729.0000,10723,0,3477531180.000,1,0,1,多换,S,3728.2000,3728.0000,3727.2000,3727.0000,3726.0000,3728.6000,3729.0000,3729.2000,3729.4000,3729.8000,1,2,1,1,1,1,1,5,5,1
SF,IF2005,2020-04-13 10:43:40.100,3729.0000,10723,0,3477531180.000,0,-,-,-,-,3728.2000,3728.0000,3727.2000,3727.0000,3726.0000,3728.6000,3729.0000,3729.2000,3729.4000,3729.8000,1,2,1,1,1,1,1,4,5,1
SF,IF2005,2020-04-13 10:43:40.600,3729.0000,10723,0,3477531180.000,0,-,-,-,-,3728.2000,3728.0000,3727.2000,3727.0000,3726.0000,3728.6000,3729.0000,3729.2000,3729.4000,3729.8000,1,2,1,1,1,1,1,4,5,1
SF,IF2005,2020-04-13 10:43:41.100,3728.6000,10723,0,3478649760.000,1,0,1,多换,S,3728.2000,3728.0000,3727.2000,3727.0000,3726.0000,3729.0000,3729.4000,3729.8000,3730.0000,3730.6000,1,2,1,1,1,1,5,1,2,2
SF,IF2005,2020-04-13 10:43:41.600,3729.0000,10724,1,3479768460.000,1,1,0,双开,S,3728.6000,3728.2000,3728.0000,3727.0000,3726.0000,3729.8000,3730.0000,3730.6000,3730.8000,3731.6000,1,1,2,1,1,1,2,2,1,1
SF,IF2005,2020-04-13 10:43:42.100,3728.6000,10724,0,3480887040.000,1,0,1,多换,S,3728.6000,3728.0000,3727.0000,3726.0000,3725.6000,3729.6000,3729.8000,3730.0000,3730.6000,3730.8000,1,1,1,1,1,2,1,1,2,1
SF,IF2005,2020-04-13 10:43:42.600,3728.6000,10724,0,3482005620.000,1,0,1,多换,S,3728.0000,3727.0000,3726.0000,3725.6000,3725.4000,3729.6000,3729.8000,3730.0000,3730.6000,3730.8000,1,1,1,1,1,2,1,1,2,1
SF,IF2005,2020-04-13 10:43:43.100,3728.6000,10724,0,3482005620.000,0,-,-,-,-,3728.2000,3728.0000,3727.0000,3726.0000,3725.6000,3729.6000,3729.8000,3730.0000,3730.6000,3730.8000,2,1,1,1,1,2,1,1,2,1
SF,IF2005,2020-04-13 10:43:43.600,3728.6000,10724,0,3482005620.000,0,-,-,-,-,3728.4000,3728.2000,3727.0000,3726.0000,3725.6000,3729.6000,3729.8000,3730.0000,3730.6000,3730.8000,1,3,1,1,1,2,1,1,2,1
SF,IF2005,2020-04-13 10:43:46.100,3729.6000,10724,0,3483124500.000,1,0,1,多换,S,3728.4000,3728.2000,3727.0000,3726.0000,3725.6000,3729.6000,3729.8000,3730.0000,3730.6000,3730.8000,1,3,1,1,1,1,1,1,2,1
SF,IF2005,2020-04-13 10:43:46.600,3729.6000,10724,0,3483124500.000,0,-,-,-,-,3728.4000,3728.2000,3728.0000,3727.0000,3726.0000,3729.6000,3729.8000,3730.0000,3730.6000,3730.8000,1,3,1,1,1,1,1,1,2,1
SF,IF2005,2020-04-13 10:43:48.600,3729.6000,10724,0,3483124500.000,0,-,-,-,-,3728.4000,3728.2000,3728.0000,3727.0000,3726.0000,3729.6000,3729.8000,3730.0000,3730.6000,3730.8000,1,3,1,1,1,1,1,1,2,1
SF,IF2005,2020-04-13 10:43:49.600,3729.6000,10724,0,3483124500.000,0,-,-,-,-,3728.4000,3728.2000,3728.0000,3727.0000,3726.0000,3729.4000,3729.6000,3729.8000,3730.0000,3730.6000,1,3,1,1,1,5,1,1,1,2
SF,IF2005,2020-04-13 10:43:50.100,3729.6000,10724,0,3483124500.000,0,-,-,-,-,3728.4000,3728.2000,3728.0000,3727.0000,3726.0000,3729.2000,3729.4000,3729.6000,3729.8000,3730.0000,1,3,1,1,1,1,6,1,1,1
SF,IF2005,2020-04-13 10:43:51.100,3729.6000,10724,0,3483124500.000,0,-,-,-,-,3728.4000,3728.2000,3728.0000,3727.0000,3726.0000,3729.0000,3729.2000,3729.4000,3729.6000,3729.8000,1,3,1,1,1,1,1,5,1,1
SF,IF2005,2020-04-13 10:43:51.600,3729.6000,10724,0,3483124500.000,0,-,-,-,-,3728.4000,3728.2000,3728.0000,3727.0000,3726.0000,3729.0000,3729.2000,3729.4000,3729.6000,3729.8000,1,2,1,1,1,1,1,5,1,1
SF,IF2005,2020-04-13 10:43:52.100,3728.4000,10724,0,3484243020.000,1,0,1,多换,S,3728.2000,3728.0000,3727.0000,3726.0000,3725.6000,3729.0000,3729.2000,3729.4000,3729.6000,3729.8000,1,1,1,1,1,1,1,5,1,1
SF,IF2005,2020-04-13 10:43:52.600,3728.2000,10724,0,3485361480.000,1,0,1,多换,S,3728.0000,3727.0000,3726.0000,3725.6000,3725.4000,3729.0000,3729.2000,3729.4000,3729.6000,3729.8000,1,1,1,1,1,1,1,5,1,1
SF,IF2005,2020-04-13 10:43:53.100,3728.0000,10725,1,3486479880.000,1,1,0,双开,S,3727.0000,3726.0000,3725.6000,3725.4000,3725.2000,3729.0000,3729.2000,3729.4000,3729.6000,3729.8000,1,1,1,1,6,1,1,5,1,1
SF,IF2005,2020-04-13 10:43:53.600,3728.0000,10725,0,3486479880.000,0,-,-,-,-,3727.8000,3727.6000,3727.2000,3727.0000,3726.0000,3728.8000,3729.0000,3729.2000,3729.4000,3729.6000,2,1,5,1,1,1,1,1,5,1
SF,IF2005,2020-04-13 10:43:54.600,3728.0000,10725,0,3486479880.000,0,-,-,-,-,3728.0000,3727.8000,3727.6000,3727.2000,3727.0000,3728.8000,3729.0000,3729.2000,3729.4000,3729.6000,1,2,1,2,1,1,1,1,5,1
SF,IF2005,2020-04-13 10:43:56.100,3728.0000,10725,0,3486479880.000,0,-,-,-,-,3728.0000,3727.8000,3727.2000,3727.0000,3726.0000,3728.8000,3729.2000,3729.6000,3729.8000,3730.0000,1,2,2,1,1,1,1,1,1,2
SF,IF2005,2020-04-13 10:43:56.600,3728.0000,10725,0,3486479880.000,0,-,-,-,-,3728.0000,3727.8000,3727.2000,3727.0000,3726.0000,3729.2000,3729.6000,3729.8000,3730.0000,3730.6000,1,1,2,1,1,1,1,1,2,2
SF,IF2005,2020-04-13 10:43:57.100,3728.0000,10725,0,3486479880.000,0,-,-,-,-,3728.2000,3728.0000,3727.8000,3727.2000,3727.0000,3729.0000,3729.2000,3729.8000,3730.0000,3730.6000,1,1,1,1,1,1,1,1,2,2
SF,IF2005,2020-04-13 10:43:57.600,3728.0000,10725,0,3486479880.000,0,-,-,-,-,3728.2000,3728.0000,3727.2000,3727.0000,3726.0000,3729.0000,3729.2000,3729.8000,3730.0000,3730.6000,3,1,1,1,1,1,1,1,2,2
SF,IF2005,2020-04-13 10:43:58.100,3728.0000,10725,0,3486479880.000,0,-,-,-,-,3728.2000,3728.0000,3727.0000,3726.0000,3725.6000,3729.8000,3730.0000,3730.6000,3730.8000,3731.6000,3,1,1,1,1,1,2,2,1,1
SF,IF2005,2020-04-13 10:43:58.600,3728.0000,10725,0,3486479880.000,0,-,-,-,-,3728.2000,3728.0000,3727.0000,3726.0000,3725.6000,3729.6000,3729.8000,3730.0000,3730.6000,3730.8000,3,1,1,1,1,3,1,2,2,1
SF,IF2005,2020-04-13 10:43:59.100,3728.0000,10725,0,3486479880.000,0,-,-,-,-,3728.4000,3728.2000,3728.0000,3727.0000,3726.0000,3729.6000,3729.8000,3730.0000,3730.6000,3730.8000,1,3,1,1,1,3,1,2,2,1
SF,IF2005,2020-04-13 10:43:59.600,3728.0000,10725,0,3486479880.000,0,-,-,-,-,3728.6000,3728.4000,3728.2000,3728.0000,3727.0000,3729.6000,3729.8000,3730.0000,3730.6000,3730.8000,1,1,2,1,1,3,1,2,2,1
SF,IF2005,2020-04-13 10:44:00.100,3728.0000,10725,0,3486479880.000,0,-,-,-,-,3728.6000,3728.4000,3728.0000,3727.0000,3726.0000,3729.6000,3729.8000,3730.0000,3730.6000,3730.8000,2,1,1,1,1,3,1,2,2,1
SF,IF2005,2020-04-13 10:44:00.600,3728.6000,10725,0,3487598460.000,1,0,1,多换,S,3728.6000,3728.4000,3728.0000,3727.0000,3726.0000,3729.6000,3729.8000,3730.0000,3730.6000,3730.8000,1,1,1,1,1,3,1,2,2,1
SF,IF2005,2020-04-13 10:44:01.600,3728.6000,10725,0,3487598460.000,0,-,-,-,-,3728.6000,3728.0000,3727.0000,3726.0000,3725.6000,3729.6000,3729.8000,3730.0000,3730.6000,3730.8000,1,1,1,1,1,3,1,2,2,1
SF,IF2005,2020-04-13 10:44:03.100,3728.6000,10725,0,3487598460.000,0,-,-,-,-,3728.6000,3728.4000,3728.0000,3727.0000,3726.0000,3729.6000,3729.8000,3730.0000,3730.6000,3730.8000,1,1,1,1,1,3,1,2,2,1
SF,IF2005,2020-04-13 10:44:06.600,3728.6000,10725,0,3487598460.000,0,-,-,-,-,3728.6000,3728.4000,3728.0000,3727.0000,3726.0000,3729.6000,3729.8000,3730.0000,3730.6000,3730.8000,1,1,1,1,1,2,1,2,2,1
SF,IF2005,2020-04-13 10:44:07.100,3728.6000,10725,0,3487598460.000,0,-,-,-,-,3728.8000,3728.6000,3728.4000,3728.0000,3727.0000,3729.6000,3729.8000,3730.0000,3730.8000,3731.6000,1,1,1,2,1,1,1,2,1,1
SF,IF2005,2020-04-13 10:44:07.600,3728.6000,10725,0,3487598460.000,0,-,-,-,-,3729.0000,3728.8000,3728.4000,3728.0000,3727.0000,3729.6000,3729.8000,3730.0000,3730.8000,3731.6000,1,1,1,2,1,1,1,2,1,1
SF,IF2005,2020-04-13 10:44:08.100,3728.6000,10725,0,3487598460.000,0,-,-,-,-,3729.0000,3728.8000,3728.4000,3728.0000,3727.0000,3729.6000,3729.8000,3730.0000,3730.8000,3731.6000,1,1,1,2,1,1,1,2,1,1
SF,IF2005,2020-04-13 10:44:08.600,3728.6000,10725,0,3487598460.000,0,-,-,-,-,3729.0000,3728.8000,3728.4000,3728.0000,3727.0000,3729.6000,3729.8000,3730.0000,3730.8000,3731.6000,1,1,1,2,2,1,1,2,1,1
SF,IF2005,2020-04-13 10:44:09.100,3730.0000,10725,0,3490955280.000,3,1,2,多换,S,3729.0000,3728.8000,3728.4000,3728.0000,3727.0000,3730.0000,3730.8000,3731.6000,3731.8000,3732.8000,1,1,1,2,2,1,1,1,3,1
SF,IF2005,2020-04-13 10:44:09.600,3730.0000,10726,1,3492074280.000,1,1,0,双开,S,3729.4000,3729.2000,3729.0000,3728.4000,3728.0000,3730.8000,3731.6000,3731.8000,3732.8000,3733.8000,1,2,1,1,2,1,1,3,1,1
SF,IF2005,2020-04-13 10:44:10.100,3730.0000,10726,0,3492074280.000,0,-,-,-,-,3729.6000,3729.4000,3729.2000,3729.0000,3728.4000,3730.8000,3731.6000,3731.8000,3732.8000,3733.8000,1,1,1,1,1,1,1,3,1,1
SF,IF2005,2020-04-13 10:44:10.600,3730.0000,10726,0,3492074280.000,0,-,-,-,-,3729.6000,3729.4000,3729.2000,3729.0000,3728.4000,3730.6000,3730.8000,3731.6000,3731.8000,3732.8000,2,1,1,1,1,1,1,1,3,1
SF,IF2005,2020-04-13 10:44:11.100,3729.6000,10725,-1,3494312040.000,2,0,2,多平,S,3729.4000,3729.0000,3728.4000,3728.0000,3727.0000,3730.6000,3730.8000,3731.6000,3731.8000,3732.8000,1,1,1,2,2,1,1,1,3,1
SF,IF2005,2020-04-13 10:44:11.600,3729.6000,10725,0,3494312040.000,0,-,-,-,-,3729.4000,3729.0000,3728.4000,3728.0000,3727.0000,3730.4000,3730.6000,3730.8000,3731.6000,3731.8000,1,1,1,2,2,1,1,1,1,3
SF,IF2005,2020-04-13 10:44:12.100,3729.6000,10725,0,3494312040.000,0,-,-,-,-,3729.6000,3729.4000,3728.4000,3728.0000,3727.0000,3730.6000,3730.8000,3731.6000,3731.8000,3732.8000,3,1,1,2,2,1,1,1,1,3
SF,IF2005,2020-04-13 10:44:12.600,3729.6000,10724,-1,3495430920.000,1,0,1,双平,S,3729.6000,3729.4000,3728.0000,3727.0000,3726.0000,3730.6000,3730.8000,3731.6000,3731.8000,3732.8000,2,1,2,2,1,1,1,1,1,3
SF,IF2005,2020-04-13 10:44:13.100,3729.6000,10722,-2,3497668680.000,2,0,2,双平,S,3729.4000,3728.0000,3727.0000,3726.0000,3725.6000,3730.4000,3730.6000,3730.8000,3731.6000,3731.8000,1,2,2,1,1,1,1,1,1,1
SF,IF2005,2020-04-13 10:44:13.600,3729.6000,10722,0,3497668680.000,0,-,-,-,-,3729.6000,3729.4000,3728.0000,3727.0000,3726.0000,3730.4000,3730.6000,3730.8000,3731.6000,3731.8000,1,1,2,2,1,1,1,1,1,1
SF,IF2005,2020-04-13 10:44:14.100,3729.6000,10722,0,3497668680.000,0,-,-,-,-,3729.4000,3728.0000,3727.0000,3726.0000,3725.6000,3730.4000,3730.6000,3730.8000,3731.6000,3731.8000,1,2,2,1,1,1,1,1,1,1
SF,IF2005,2020-04-13 10:44:14.600,3729.6000,10722,0,3497668680.000,0,-,-,-,-,3728.0000,3727.0000,3726.0000,3725.6000,3725.4000,3730.2000,3730.4000,3730.8000,3731.6000,3731.8000,2,2,1,1,1,2,2,1,1,1
SF,IF2005,2020-04-13 10:44:15.100,3729.6000,10722,0,3497668680.000,0,-,-,-,-,3728.8000,3728.6000,3728.4000,3728.2000,3728.0000,3729.8000,3730.0000,3730.2000,3730.8000,3731.6000,2,2,4,4,4,1,1,2,1,1
SF,IF2005,2020-04-13 10:44:15.600,3729.6000,10722,0,3497668680.000,0,-,-,-,-,3728.4000,3728.2000,3728.0000,3727.8000,3727.0000,3729.6000,3729.8000,3730.2000,3730.8000,3731.6000,3,3,4,1,2,1,1,1,1,1
SF,IF2005,2020-04-13 10:44:16.100,3729.6000,10722,0,3497668680.000,0,-,-,-,-,3728.4000,3728.2000,3728.0000,3727.8000,3727.0000,3729.6000,3729.8000,3730.2000,3730.8000,3731.6000,3,3,2,1,2,1,1,2,1,1
SF,IF2005,2020-04-13 10:44:16.600,3729.6000,10722,0,3497668680.000,0,-,-,-,-,3728.4000,3728.2000,3728.0000,3727.0000,3726.0000,3729.6000,3729.8000,3730.2000,3730.8000,3731.6000,3,3,2,2,1,2,1,1,1,1
SF,IF2005,2020-04-13 10:44:17.100,3729.6000,10722,0,3497668680.000,0,-,-,-,-,3728.4000,3728.2000,3728.0000,3727.0000,3726.0000,3729.6000,3729.8000,3730.2000,3730.8000,3731.6000,2,2,2,2,1,2,1,1,1,1
SF,IF2005,2020-04-13 10:44:17.600,3729.6000,10723,1,3499906440.000,2,1,1,空开,S,3728.4000,3728.0000,3727.0000,3726.0000,3725.6000,3729.6000,3729.8000,3730.8000,3731.6000,3731.8000,1,2,2,1,1,1,1,1,1,3
SF,IF2005,2020-04-13 10:44:18.100,3729.6000,10723,0,3499906440.000,0,-,-,-,-,3728.6000,3728.4000,3728.0000,3727.0000,3726.0000,3729.4000,3729.6000,3729.8000,3730.8000,3731.6000,1,1,2,2,1,1,1,1,1,1
SF,IF2005,2020-04-13 10:44:19.100,3729.6000,10723,0,3499906440.000,0,-,-,-,-,3728.6000,3728.4000,3728.0000,3727.0000,3726.0000,3729.4000,3729.6000,3730.8000,3731.6000,3731.8000,1,1,2,2,1,1,1,1,1,3
SF,IF2005,2020-04-13 10:44:21.100,3729.6000,10723,0,3499906440.000,0,-,-,-,-,3728.6000,3728.4000,3728.0000,3727.0000,3726.0000,3729.4000,3730.8000,3731.6000,3731.8000,3732.8000,2,1,2,2,1,1,1,1,3,1
SF,IF2005,2020-04-13 10:44:23.600,3729.6000,10723,0,3499906440.000,0,-,-,-,-,3728.8000,3728.6000,3728.4000,3728.0000,3727.0000,3729.4000,3730.8000,3731.6000,3731.8000,3732.8000,1,2,1,2,2,1,1,1,3,1
SF,IF2005,2020-04-13 10:44:24.600,3728.8000,10724,1,3501025080.000,1,1,0,双开,S,3728.6000,3728.4000,3728.0000,3727.0000,3726.0000,3729.4000,3730.8000,3731.6000,3731.8000,3732.8000,2,1,2,2,1,1,1,1,3,1
SF,IF2005,2020-04-13 10:44:25.600,3728.6000,10724,0,3502143660.000,1,0,1,多换,S,3728.6000,3728.4000,3728.0000,3727.0000,3726.0000,3729.4000,3730.8000,3731.6000,3731.8000,3732.8000,1,1,2,2,1,1,1,1,3,1
SF,IF2005,2020-04-13 10:44:26.100,3728.6000,10724,0,3502143660.000,0,-,-,-,-,3728.6000,3728.4000,3728.0000,3727.0000,3726.0000,3730.8000,3731.6000,3731.8000,3732.8000,3733.8000,1,1,2,2,1,1,1,3,1,1
SF,IF2005,2020-04-13 10:44:26.600,3728.6000,10724,0,3502143660.000,0,-,-,-,-,3728.8000,3728.6000,3728.0000,3727.0000,3726.0000,3730.0000,3730.2000,3730.4000,3730.6000,3730.8000,2,1,2,2,1,1,2,6,2,1
SF,IF2005,2020-04-13 10:44:27.100,3728.6000,10724,0,3502143660.000,0,-,-,-,-,3728.8000,3728.6000,3728.0000,3727.0000,3726.0000,3729.8000,3730.0000,3730.2000,3730.4000,3730.6000,2,1,2,2,1,1,1,2,1,1
SF,IF2005,2020-04-13 10:44:27.600,3728.6000,10724,0,3502143660.000,0,-,-,-,-,3728.8000,3728.6000,3728.0000,3727.0000,3726.0000,3729.8000,3730.0000,3730.2000,3730.4000,3730.8000,2,1,2,2,1,1,1,2,1,1
SF,IF2005,2020-04-13 10:44:28.600,3728.6000,10724,0,3502143660.000,0,-,-,-,-,3729.0000,3728.8000,3728.6000,3728.0000,3727.0000,3729.8000,3730.0000,3730.2000,3730.8000,3731.6000,1,2,1,2,2,2,1,2,1,1
SF,IF2005,2020-04-13 10:44:29.100,3728.6000,10724,0,3502143660.000,0,-,-,-,-,3729.0000,3728.8000,3728.6000,3728.0000,3727.0000,3729.8000,3730.0000,3730.2000,3730.8000,3731.6000,1,2,1,2,2,2,1,2,1,1
SF,IF2005,2020-04-13 10:44:29.600,3728.6000,10724,0,3502143660.000,0,-,-,-,-,3729.0000,3728.8000,3728.6000,3728.0000,3727.0000,3729.6000,3729.8000,3730.0000,3730.2000,3730.8000,1,1,1,2,2,1,2,1,1,1
SF,IF2005,2020-04-13 10:44:30.100,3728.6000,10724,0,3502143660.000,0,-,-,-,-,3728.8000,3728.6000,3728.0000,3727.0000,3726.0000,3729.6000,3729.8000,3730.0000,3730.8000,3731.6000,1,1,2,2,1,1,1,1,1,1
SF,IF2005,2020-04-13 10:44:30.600,3728.6000,10724,0,3502143660.000,0,-,-,-,-,3728.8000,3728.6000,3728.0000,3727.0000,3726.0000,3729.6000,3729.8000,3730.8000,3731.6000,3731.8000,1,1,2,2,1,1,1,1,1,3
SF,IF2005,2020-04-13 10:44:31.100,3728.6000,10724,0,3502143660.000,0,-,-,-,-,3728.8000,3728.6000,3728.0000,3727.0000,3726.0000,3729.8000,3730.8000,3731.6000,3731.8000,3732.8000,1,1,3,2,1,1,1,1,3,1
SF,IF2005,2020-04-13 10:44:32.100,3728.6000,10724,0,3502143660.000,0,-,-,-,-,3728.8000,3728.6000,3728.0000,3727.0000,3726.0000,3729.8000,3730.8000,3731.6000,3731.8000,3732.8000,1,1,3,2,1,1,1,1,3,1
SF,IF2005,2020-04-13 10:44:32.600,3728.6000,10724,0,3502143660.000,0,-,-,-,-,3728.8000,3728.6000,3728.0000,3727.0000,3726.0000,3729.8000,3730.8000,3731.6000,3731.8000,3732.8000,1,1,3,2,1,1,1,1,3,1
SF,IF2005,2020-04-13 10:44:33.100,3728.6000,10724,0,3502143660.000,0,-,-,-,-,3728.8000,3728.6000,3728.0000,3727.0000,3726.0000,3729.8000,3730.8000,3731.6000,3731.8000,3732.8000,1,1,3,2,1,1,1,1,3,1
SF,IF2005,2020-04-13 10:44:33.600,3728.6000,10724,0,3502143660.000,0,-,-,-,-,3728.8000,3728.6000,3728.0000,3727.0000,3726.0000,3729.8000,3730.8000,3731.6000,3731.8000,3732.8000,1,1,3,2,1,1,1,1,3,1
SF,IF2005,2020-04-13 10:44:34.100,3729.8000,10723,-1,3503262600.000,1,0,1,双平,S,3728.8000,3728.6000,3728.0000,3727.0000,3726.0000,3730.8000,3731.6000,3731.8000,3732.8000,3733.8000,1,1,3,2,1,1,1,3,1,1
SF,IF2005,2020-04-13 10:44:34.600,3729.8000,10723,0,3503262600.000,0,-,-,-,-,3729.0000,3728.8000,3728.6000,3728.0000,3727.0000,3730.0000,3730.2000,3730.4000,3730.6000,3730.8000,1,1,1,3,2,1,3,5,1,2
SF,IF2005,2020-04-13 10:44:35.100,3729.8000,10723,0,3503262600.000,0,-,-,-,-,3729.0000,3728.8000,3728.6000,3728.0000,3727.0000,3730.0000,3730.2000,3730.4000,3730.6000,3730.8000,1,1,1,3,2,1,3,5,1,2
SF,IF2005,2020-04-13 10:44:35.600,3729.8000,10723,0,3503262600.000,0,-,-,-,-,3729.0000,3728.8000,3728.6000,3728.0000,3727.0000,3730.0000,3730.2000,3730.4000,3730.6000,3730.8000,1,1,1,3,2,1,3,5,1,2
SF,IF2005,2020-04-13 10:44:36.100,3729.8000,10723,0,3503262600.000,0,-,-,-,-,3729.0000,3728.8000,3728.6000,3728.0000,3727.0000,3730.0000,3730.2000,3730.6000,3730.8000,3731.6000,1,1,1,3,2,1,3,1,2,1
SF,IF2005,2020-04-13 10:44:36.600,3729.8000,10723,0,3503262600.000,0,-,-,-,-,3729.0000,3728.8000,3728.6000,3728.0000,3727.0000,3730.0000,3730.2000,3730.6000,3730.8000,3731.6000,1,1,1,3,2,1,3,1,2,1
SF,IF2005,2020-04-13 10:44:37.100,3729.8000,10723,0,3503262600.000,0,-,-,-,-,3729.0000,3728.8000,3728.6000,3728.0000,3727.0000,3730.0000,3730.2000,3730.6000,3730.8000,3731.6000,1,1,1,3,2,1,3,1,2,1
SF,IF2005,2020-04-13 10:44:37.600,3729.8000,10723,0,3503262600.000,0,-,-,-,-,3729.2000,3729.0000,3728.6000,3728.0000,3727.0000,3730.0000,3730.2000,3730.6000,3730.8000,3731.6000,1,1,1,3,2,1,3,1,1,1
SF,IF2005,2020-04-13 10:44:38.100,3729.8000,10723,0,3503262600.000,0,-,-,-,-,3729.4000,3729.2000,3728.6000,3728.0000,3727.0000,3730.0000,3730.2000,3730.6000,3730.8000,3731.6000,1,1,1,3,2,1,2,1,1,1
SF,IF2005,2020-04-13 10:44:38.600,3729.8000,10723,0,3503262600.000,0,-,-,-,-,3729.2000,3728.6000,3728.0000,3727.0000,3726.0000,3730.0000,3730.2000,3730.6000,3730.8000,3731.6000,1,1,3,2,1,2,2,1,1,1
SF,IF2005,2020-04-13 10:44:39.100,3729.8000,10723,0,3503262600.000,0,-,-,-,-,3729.2000,3728.6000,3728.0000,3727.0000,3726.0000,3730.2000,3730.6000,3730.8000,3731.6000,3731.8000,1,1,3,2,1,2,1,1,1,3
SF,IF2005,2020-04-13 10:44:39.600,3729.8000,10723,0,3503262600.000,0,-,-,-,-,3729.2000,3728.6000,3728.0000,3727.0000,3726.0000,3730.2000,3730.6000,3730.8000,3731.6000,3731.8000,1,1,3,2,1,2,1,1,1,3
SF,IF2005,2020-04-13 10:44:40.100,3729.8000,10723,0,3503262600.000,0,-,-,-,-,3729.2000,3728.6000,3728.0000,3727.0000,3726.0000,3730.2000,3730.6000,3730.8000,3731.6000,3731.8000,1,1,3,2,1,3,1,1,1,3
SF,IF2005,2020-04-13 10:44:40.600,3729.8000,10723,0,3503262600.000,0,-,-,-,-,3729.2000,3728.6000,3728.0000,3727.0000,3726.0000,3730.0000,3730.2000,3730.8000,3731.6000,3731.8000,1,1,3,2,1,2,3,1,1,3
SF,IF2005,2020-04-13 10:44:41.100,3729.8000,10723,0,3503262600.000,0,-,-,-,-,3729.4000,3729.2000,3728.6000,3728.0000,3727.0000,3730.0000,3730.2000,3730.8000,3731.6000,3731.8000,1,1,1,3,2,2,2,1,1,3
SF,IF2005,2020-04-13 10:44:41.600,3729.8000,10723,0,3503262600.000,0,-,-,-,-,3729.4000,3729.2000,3728.6000,3728.0000,3727.0000,3730.0000,3730.2000,3730.8000,3731.6000,3731.8000,1,1,1,3,2,1,2,1,1,3
SF,IF2005,2020-04-13 10:44:42.100,3729.8000,10723,0,3503262600.000,0,-,-,-,-,3729.4000,3729.2000,3728.6000,3728.0000,3727.0000,3730.0000,3730.2000,3730.8000,3731.6000,3731.8000,1,1,1,3,2,1,2,1,1,3
SF,IF2005,2020-04-13 10:44:42.600,3729.8000,10723,0,3503262600.000,0,-,-,-,-,3729.4000,3729.2000,3728.6000,3728.0000,3727.0000,3730.0000,3730.2000,3730.8000,3731.6000,3731.8000,1,1,1,3,2,2,2,1,1,3
SF,IF2005,2020-04-13 10:44:43.100,3729.8000,10723,0,3503262600.000,0,-,-,-,-,3729.4000,3729.2000,3728.6000,3728.0000,3727.0000,3730.0000,3730.2000,3730.8000,3731.6000,3731.8000,1,1,1,3,2,1,2,1,1,3
SF,IF2005,2020-04-13 10:44:43.600,3729.8000,10723,0,3503262600.000,0,-,-,-,-,3729.2000,3728.6000,3728.0000,3727.0000,3726.0000,3730.0000,3730.2000,3730.8000,3731.6000,3731.8000,1,1,3,2,1,2,2,1,1,3
SF,IF2005,2020-04-13 10:44:44.100,3729.8000,10723,0,3503262600.000,0,-,-,-,-,3729.4000,3729.2000,3728.6000,3728.0000,3727.0000,3730.0000,3730.2000,3730.8000,3731.6000,3731.8000,1,1,1,3,2,1,2,1,1,3
SF,IF2005,2020-04-13 10:44:44.600,3729.8000,10723,0,3503262600.000,0,-,-,-,-,3729.2000,3728.6000,3728.0000,3727.0000,3726.0000,3730.0000,3730.2000,3730.8000,3731.6000,3731.8000,1,1,3,2,1,1,2,1,1,3
SF,IF2005,2020-04-13 10:44:45.100,3729.8000,10723,0,3503262600.000,0,-,-,-,-,3729.4000,3729.2000,3728.0000,3727.0000,3726.0000,3730.8000,3731.6000,3731.8000,3732.8000,3733.8000,2,1,3,2,1,1,1,3,1,1
SF,IF2005,2020-04-13 10:44:45.600,3729.8000,10723,0,3503262600.000,0,-,-,-,-,3729.4000,3729.2000,3728.0000,3727.0000,3726.0000,3730.6000,3730.8000,3731.6000,3731.8000,3732.8000,2,1,3,2,1,4,2,1,3,1
SF,IF2005,2020-04-13 10:44:46.100,3729.8000,10723,0,3503262600.000,0,-,-,-,-,3729.4000,3729.2000,3728.0000,3727.0000,3726.0000,3730.4000,3730.6000,3730.8000,3731.6000,3731.8000,2,1,3,2,1,1,4,2,1,3
SF,IF2005,2020-04-13 10:44:46.600,3729.8000,10723,0,3503262600.000,0,-,-,-,-,3729.4000,3729.2000,3728.0000,3727.0000,3726.0000,3730.2000,3730.4000,3730.6000,3730.8000,3731.6000,2,1,3,2,1,1,1,3,2,1
SF,IF2005,2020-04-13 10:44:47.100,3729.8000,10723,0,3503262600.000,0,-,-,-,-,3729.4000,3729.2000,3728.0000,3727.0000,3726.0000,3730.2000,3730.4000,3730.6000,3730.8000,3731.6000,2,1,3,2,1,1,1,3,2,1
SF,IF2005,2020-04-13 10:44:47.600,3729.8000,10723,0,3503262600.000,0,-,-,-,-,3729.4000,3729.2000,3728.0000,3727.0000,3726.0000,3730.2000,3730.4000,3730.6000,3730.8000,3731.6000,2,1,3,2,1,1,1,2,2,1
SF,IF2005,2020-04-13 10:44:48.100,3729.8000,10723,0,3503262600.000,0,-,-,-,-,3729.4000,3729.2000,3728.0000,3727.0000,3726.0000,3730.2000,3730.6000,3730.8000,3731.6000,3731.8000,2,1,3,2,1,1,2,2,1,3
SF,IF2005,2020-04-13 10:44:48.600,3729.8000,10723,0,3503262600.000,0,-,-,-,-,3729.4000,3729.2000,3728.0000,3727.0000,3726.0000,3730.0000,3730.2000,3730.6000,3730.8000,3731.6000,1,1,3,2,1,1,2,2,1,1
SF,IF2005,2020-04-13 10:44:49.100,3729.8000,10723,0,3503262600.000,0,-,-,-,-,3729.4000,3729.2000,3728.0000,3727.0000,3726.0000,3730.0000,3730.2000,3730.6000,3730.8000,3731.6000,1,1,3,2,1,1,2,2,1,1
SF,IF2005,2020-04-13 10:44:49.600,3729.8000,10723,0,3503262600.000,0,-,-,-,-,3729.4000,3729.2000,3728.0000,3727.0000,3726.0000,3730.0000,3730.2000,3730.6000,3730.8000,3731.6000,1,1,3,2,1,2,2,2,1,1
SF,IF2005,2020-04-13 10:44:50.100,3729.8000,10723,0,3503262600.000,0,-,-,-,-,3729.6000,3729.2000,3728.0000,3727.0000,3726.0000,3730.0000,3730.2000,3730.6000,3730.8000,3731.6000,1,1,3,2,1,1,1,2,1,1
SF,IF2005,2020-04-13 10:44:50.600,3729.8000,10723,0,3503262600.000,0,-,-,-,-,3729.6000,3729.2000,3728.0000,3727.0000,3726.0000,3730.0000,3730.2000,3730.6000,3730.8000,3731.6000,1,1,3,2,1,1,1,2,1,1
SF,IF2005,2020-04-13 10:44:51.100,3729.8000,10723,0,3503262600.000,0,-,-,-,-,3729.6000,3729.2000,3728.0000,3727.0000,3726.0000,3730.0000,3730.2000,3730.6000,3730.8000,3731.6000,1,1,3,2,1,1,1,2,1,1
SF,IF2005,2020-04-13 10:44:51.600,3729.8000,10723,0,3503262600.000,0,-,-,-,-,3729.6000,3729.2000,3728.0000,3727.0000,3726.0000,3730.0000,3730.2000,3730.6000,3730.8000,3731.6000,1,1,3,2,1,1,1,2,1,1
SF,IF2005,2020-04-13 10:44:52.100,3729.6000,10724,1,3504381480.000,1,1,0,双开,S,3729.2000,3728.0000,3727.0000,3726.0000,3725.6000,3730.0000,3730.2000,3730.6000,3730.8000,3731.6000,1,3,2,1,1,1,1,2,1,1
SF,IF2005,2020-04-13 10:44:52.600,3729.6000,10724,0,3504381480.000,0,-,-,-,-,3729.2000,3728.0000,3727.0000,3726.0000,3725.6000,3730.0000,3730.2000,3730.6000,3730.8000,3731.6000,1,3,2,1,1,1,1,2,1,1
SF,IF2005,2020-04-13 10:44:53.100,3729.6000,10724,0,3505500360.000,1,0,1,多换,S,3729.2000,3728.0000,3727.0000,3726.0000,3725.6000,3730.0000,3730.2000,3730.6000,3730.8000,3731.6000,1,3,2,1,1,1,1,2,1,1
SF,IF2005,2020-04-13 10:44:53.600,3729.6000,10724,0,3505500360.000,0,-,-,-,-,3729.2000,3728.0000,3727.0000,3726.0000,3725.6000,3730.0000,3730.2000,3730.6000,3730.8000,3731.6000,1,3,2,1,1,1,1,2,1,1
SF,IF2005,2020-04-13 10:44:54.100,3730.0000,10725,1,3506619360.000,1,1,0,双开,S,3729.2000,3728.0000,3727.0000,3726.0000,3725.6000,3730.0000,3730.2000,3730.6000,3730.8000,3731.6000,1,3,2,1,1,1,1,2,1,1
SF,IF2005,2020-04-13 10:44:54.600,3730.0000,10725,0,3506619360.000,0,-,-,-,-,3729.2000,3728.0000,3727.0000,3726.0000,3725.6000,3730.2000,3730.6000,3730.8000,3731.6000,3731.8000,1,3,2,1,1,1,2,1,1,3
SF,IF2005,2020-04-13 10:44:55.100,3730.0000,10725,0,3506619360.000,0,-,-,-,-,3729.2000,3728.0000,3727.0000,3726.0000,3725.6000,3730.0000,3730.2000,3730.6000,3730.8000,3731.6000,1,3,2,1,1,1,1,2,1,1
SF,IF2005,2020-04-13 10:44:55.600,3730.0000,10725,0,3506619360.000,0,-,-,-,-,3729.2000,3728.0000,3727.0000,3726.0000,3725.6000,3730.0000,3730.2000,3730.6000,3730.8000,3731.6000,1,3,2,1,1,1,1,2,1,1
SF,IF2005,2020-04-13 10:44:56.100,3730.0000,10725,0,3506619360.000,0,-,-,-,-,3729.2000,3728.0000,3727.0000,3726.0000,3725.6000,3730.0000,3730.2000,3730.6000,3730.8000,3731.6000,1,3,2,1,1,1,1,2,1,1
SF,IF2005,2020-04-13 10:44:56.600,3730.0000,10725,0,3506619360.000,0,-,-,-,-,3729.2000,3728.0000,3727.0000,3726.0000,3725.6000,3730.0000,3730.2000,3730.6000,3730.8000,3731.6000,1,3,2,1,1,1,1,2,1,1
SF,IF2005,2020-04-13 10:44:57.100,3730.0000,10726,1,3507738360.000,1,1,0,双开,S,3729.4000,3729.2000,3728.0000,3727.0000,3726.0000,3729.8000,3730.2000,3730.6000,3730.8000,3731.6000,1,1,3,2,1,1,1,2,1,1
SF,IF2005,2020-04-13 10:44:57.600,3729.8000,10729,3,3511095180.000,3,3,0,双开,S,3729.4000,3729.2000,3728.0000,3727.0000,3726.0000,3729.6000,3730.2000,3730.6000,3730.8000,3731.6000,1,1,3,2,1,1,1,2,1,1
SF,IF2005,2020-04-13 10:44:58.100,3729.6000,10732,3,3514451880.000,3,3,0,双开,S,3729.4000,3729.2000,3728.0000,3727.0000,3726.0000,3729.6000,3730.2000,3730.6000,3730.8000,3731.6000,1,1,3,2,1,3,1,2,1,1
SF,IF2005,2020-04-13 10:44:58.600,3729.6000,10733,1,3515570760.000,1,1,0,双开,S,3729.4000,3729.2000,3728.0000,3727.0000,3726.0000,3729.6000,3730.2000,3730.6000,3730.8000,3731.6000,1,1,3,2,1,2,1,2,1,1
SF,IF2005,2020-04-13 10:44:59.100,3729.6000,10733,0,3515570760.000,0,-,-,-,-,3729.4000,3729.2000,3728.0000,3727.0000,3726.0000,3729.6000,3730.2000,3730.6000,3730.8000,3731.6000,1,1,3,2,1,3,1,2,1,1
SF,IF2005,2020-04-13 10:44:59.600,3729.4000,10735,2,3518927340.000,3,2,1,空开,S,3729.2000,3728.0000,3727.0000,3726.0000,3725.6000,3729.6000,3730.2000,3730.6000,3730.8000,3731.6000,1,3,2,1,1,1,1,1,1,1
SF,IF2005,2020-04-13 10:45:00.600,3729.4000,10735,0,3518927340.000,0,-,-,-,-,3728.0000,3727.0000,3726.0000,3725.6000,3725.4000,3729.6000,3730.0000,3730.6000,3730.8000,3731.6000,3,2,1,1,1,1,1,1,1,1
SF,IF2005,2020-04-13 10:45:01.100,3729.4000,10735,0,3518927340.000,0,-,-,-,-,3728.6000,3728.4000,3728.2000,3728.0000,3727.8000,3729.4000,3729.6000,3730.0000,3730.8000,3731.6000,2,4,5,5,1,1,1,1,1,1
SF,IF2005,2020-04-13 10:45:01.600,3729.4000,10735,0,3520046160.000,1,0,1,多换,S,3728.6000,3728.4000,3728.2000,3728.0000,3727.0000,3729.4000,3729.6000,3730.0000,3730.8000,3731.6000,2,4,6,3,2,2,1,1,1,1
SF,IF2005,2020-04-13 10:45:02.100,3729.4000,10735,0,3520046160.000,0,-,-,-,-,3728.4000,3728.2000,3728.0000,3727.0000,3726.0000,3728.8000,3729.4000,3729.6000,3730.0000,3730.8000,1,3,3,2,1,2,2,1,1,1
SF,IF2005,2020-04-13 10:45:02.600,3729.4000,10735,0,3520046160.000,0,-,-,-,-,3728.2000,3728.0000,3727.0000,3726.0000,3725.6000,3728.8000,3729.0000,3729.2000,3729.6000,3730.0000,2,3,2,1,1,2,1,1,1,1
SF,IF2005,2020-04-13 10:45:03.100,3728.2000,10734,-1,3522283080.000,2,0,2,多平,S,3728.0000,3727.0000,3726.0000,3725.6000,3725.4000,3728.8000,3729.0000,3729.6000,3730.0000,3730.8000,3,2,1,1,1,2,1,1,1,1
SF,IF2005,2020-04-13 10:45:04.100,3728.2000,10734,0,3522283080.000,0,-,-,-,-,3728.0000,3727.0000,3726.0000,3725.6000,3725.4000,3728.6000,3728.8000,3729.0000,3729.6000,3730.0000,3,2,1,1,1,1,2,1,1,1
SF,IF2005,2020-04-13 10:45:04.600,3728.2000,10734,0,3522283080.000,0,-,-,-,-,3728.0000,3727.0000,3726.0000,3725.6000,3725.4000,3728.6000,3728.8000,3729.0000,3729.6000,3730.0000,3,2,1,1,1,1,2,1,1,1
SF,IF2005,2020-04-13 10:45:05.100,3728.2000,10734,0,3522283080.000,0,-,-,-,-,3728.0000,3727.0000,3726.0000,3725.6000,3725.4000,3728.4000,3728.6000,3728.8000,3729.0000,3729.6000,3,2,1,1,1,1,1,2,1,1
SF,IF2005,2020-04-13 10:45:05.600,3728.4000,10734,0,3523401600.000,1,0,1,多换,S,3728.0000,3727.0000,3726.0000,3725.6000,3725.4000,3728.6000,3728.8000,3729.0000,3729.6000,3730.0000,3,2,1,1,1,1,2,1,1,1
SF,IF2005,2020-04-13 10:45:06.100,3728.6000,10734,0,3524520180.000,1,0,1,多换,S,3728.0000,3727.0000,3726.0000,3725.6000,3725.4000,3728.8000,3729.6000,3730.0000,3730.8000,3731.6000,3,2,1,1,1,2,1,1,3,1
SF,IF2005,2020-04-13 10:45:06.600,3728.8000,10734,0,3525638820.000,1,0,1,多换,S,3728.0000,3727.0000,3726.0000,3725.6000,3725.4000,3728.8000,3729.6000,3730.0000,3730.8000,3731.6000,3,2,1,1,1,1,1,1,3,1
SF,IF2005,2020-04-13 10:45:07.100,3728.8000,10734,0,3525638820.000,0,-,-,-,-,3728.0000,3727.0000,3726.0000,3725.6000,3725.4000,3728.8000,3729.6000,3730.0000,3730.8000,3731.6000,3,2,1,1,1,1,1,1,3,1
SF,IF2005,2020-04-13 10:45:07.600,3728.8000,10734,0,3526757460.000,1,0,1,多换,S,3728.0000,3727.0000,3726.0000,3725.6000,3725.4000,3729.6000,3730.0000,3730.8000,3731.6000,3731.8000,3,2,1,1,1,1,1,3,1,1
SF,IF2005,2020-04-13 10:45:08.100,3728.8000,10734,0,3526757460.000,0,-,-,-,-,3728.2000,3728.0000,3727.0000,3726.0000,3725.6000,3729.4000,3729.6000,3730.0000,3730.8000,3731.6000,2,3,2,1,1,2,2,1,3,1
SF,IF2005,2020-04-13 10:45:08.600,3728.8000,10734,0,3526757460.000,0,-,-,-,-,3728.2000,3728.0000,3727.0000,3726.0000,3725.6000,3729.4000,3729.6000,3730.0000,3730.8000,3731.6000,2,3,2,1,1,3,2,1,3,1
SF,IF2005,2020-04-13 10:45:09.100,3728.8000,10734,0,3526757460.000,0,-,-,-,-,3728.2000,3728.0000,3727.0000,3726.0000,3725.6000,3729.0000,3729.4000,3729.6000,3730.0000,3730.8000,2,3,2,1,1,1,2,2,1,3
SF,IF2005,2020-04-13 10:45:09.600,3728.8000,10734,0,3526757460.000,0,-,-,-,-,3728.2000,3728.0000,3727.0000,3726.0000,3725.6000,3729.0000,3729.4000,3729.6000,3730.0000,3730.8000,2,3,2,1,1,1,1,2,1,3
SF,IF2005,2020-04-13 10:45:10.600,3728.8000,10734,0,3526757460.000,0,-,-,-,-,3728.2000,3728.0000,3727.0000,3726.0000,3725.6000,3728.4000,3729.0000,3729.4000,3729.6000,3730.0000,2,3,2,1,1,1,1,1,2,1
SF,IF2005,2020-04-13 10:45:11.600,3728.8000,10734,0,3527876100.000,1,0,1,多换,S,3728.2000,3728.0000,3727.0000,3726.0000,3725.6000,3729.0000,3729.4000,3729.6000,3730.0000,3730.8000,2,3,2,1,1,1,1,2,1,3
SF,IF2005,2020-04-13 10:45:12.100,3728.8000,10734,0,3527876100.000,0,-,-,-,-,3728.4000,3728.2000,3728.0000,3727.0000,3726.0000,3729.0000,3729.4000,3729.6000,3730.0000,3730.4000,1,2,3,2,1,1,1,2,1,1
SF,IF2005,2020-04-13 10:45:13.100,3728.8000,10734,0,3527876100.000,0,-,-,-,-,3728.4000,3728.2000,3728.0000,3727.0000,3726.0000,3729.4000,3729.6000,3730.0000,3730.4000,3730.8000,1,2,3,2,1,1,2,1,1,3
SF,IF2005,2020-04-13 10:45:13.600,3728.8000,10734,0,3527876100.000,0,-,-,-,-,3728.2000,3728.0000,3727.0000,3726.0000,3725.6000,3729.4000,3729.6000,3730.0000,3730.4000,3730.8000,2,3,2,1,1,1,2,1,1,3
SF,IF2005,2020-04-13 10:45:14.100,3728.8000,10734,0,3527876100.000,0,-,-,-,-,3728.2000,3728.0000,3727.0000,3726.0000,3725.6000,3729.0000,3729.2000,3729.4000,3729.6000,3730.0000,2,3,2,1,1,1,2,1,1,1
SF,IF2005,2020-04-13 10:45:14.600,3728.8000,10734,0,3527876100.000,0,-,-,-,-,3728.2000,3728.0000,3727.0000,3726.0000,3725.6000,3729.2000,3729.4000,3729.6000,3730.0000,3730.4000,2,3,2,1,1,2,1,1,1,1
SF,IF2005,2020-04-13 10:45:15.600,3729.2000,10734,0,3528994860.000,1,0,1,多换,S,3728.2000,3728.0000,3727.0000,3726.0000,3725.6000,3729.2000,3729.4000,3729.6000,3730.0000,3730.4000,2,3,2,1,1,1,1,1,1,1
SF,IF2005,2020-04-13 10:45:16.100,3729.2000,10734,0,3528994860.000,0,-,-,-,-,3728.2000,3728.0000,3727.0000,3726.0000,3725.6000,3729.0000,3729.2000,3729.4000,3729.6000,3730.0000,1,3,2,1,1,1,1,1,1,1
SF,IF2005,2020-04-13 10:45:16.600,3728.2000,10734,0,3530113320.000,1,0,1,多换,S,3728.0000,3727.0000,3726.0000,3725.6000,3725.4000,3729.2000,3729.4000,3729.6000,3730.0000,3730.4000,3,2,1,1,1,1,1,1,1,1
SF,IF2005,2020-04-13 10:45:17.100,3728.2000,10734,0,3530113320.000,0,-,-,-,-,3728.0000,3727.0000,3726.0000,3725.6000,3725.4000,3729.0000,3729.2000,3729.6000,3730.0000,3730.4000,3,2,1,1,1,1,1,1,1,1
SF,IF2005,2020-04-13 10:45:17.600,3728.2000,10734,0,3530113320.000,0,-,-,-,-,3728.2000,3728.0000,3727.0000,3726.0000,3725.6000,3729.0000,3729.2000,3729.6000,3730.0000,3730.4000,3,3,2,1,1,1,1,1,1,1
SF,IF2005,2020-04-13 10:45:18.100,3728.2000,10734,0,3530113320.000,0,-,-,-,-,3728.2000,3728.0000,3727.0000,3726.0000,3725.6000,3729.0000,3729.2000,3729.6000,3730.0000,3730.4000,3,3,2,1,1,2,1,1,1,1
SF,IF2005,2020-04-13 10:45:19.100,3728.2000,10734,0,3530113320.000,0,-,-,-,-,3728.2000,3728.0000,3727.0000,3726.0000,3725.6000,3729.0000,3729.2000,3729.6000,3730.0000,3730.4000,3,3,2,1,1,3,1,1,2,1
SF,IF2005,2020-04-13 10:45:19.600,3728.2000,10734,0,3530113320.000,0,-,-,-,-,3728.2000,3728.0000,3727.0000,3726.0000,3725.6000,3729.0000,3729.2000,3729.6000,3730.0000,3730.4000,2,3,2,1,1,3,1,1,2,1
SF,IF2005,2020-04-13 10:45:20.100,3728.2000,10734,0,3530113320.000,0,-,-,-,-,3728.2000,3728.0000,3727.0000,3726.0000,3725.6000,3729.0000,3729.2000,3729.6000,3730.0000,3730.4000,2,3,2,1,1,2,1,1,2,1
SF,IF2005,2020-04-13 10:45:20.600,3728.2000,10734,0,3530113320.000,0,-,-,-,-,3728.2000,3728.0000,3727.0000,3726.0000,3725.6000,3729.0000,3729.2000,3729.6000,3730.0000,3730.4000,2,3,2,1,1,3,1,1,2,1
SF,IF2005,2020-04-13 10:45:21.100,3728.2000,10734,0,3530113320.000,0,-,-,-,-,3728.2000,3728.0000,3727.0000,3726.0000,3725.6000,3729.0000,3729.2000,3729.6000,3730.0000,3730.4000,2,3,2,1,1,2,1,1,2,1
SF,IF2005,2020-04-13 10:45:22.600,3728.2000,10734,0,3530113320.000,0,-,-,-,-,3728.0000,3727.0000,3726.0000,3725.6000,3725.4000,3729.0000,3729.2000,3729.6000,3730.0000,3730.4000,3,2,1,1,1,2,1,1,2,1
SF,IF2005,2020-04-13 10:45:23.600,3728.2000,10735,1,3531231780.000,1,1,0,双开,S,3728.2000,3728.0000,3727.0000,3726.0000,3725.6000,3729.0000,3729.2000,3729.6000,3730.0000,3730.4000,1,3,2,1,1,2,1,1,2,1
SF,IF2005,2020-04-13 10:45:28.600,3728.2000,10735,0,3531231780.000,0,-,-,-,-,3728.0000,3727.0000,3726.0000,3725.6000,3725.4000,3729.0000,3729.2000,3729.6000,3730.0000,3730.4000,3,2,1,1,1,2,1,1,2,1
SF,IF2005,2020-04-13 10:45:29.100,3728.2000,10735,0,3531231780.000,0,-,-,-,-,3728.2000,3728.0000,3727.0000,3726.0000,3725.6000,3729.0000,3729.2000,3729.6000,3730.0000,3730.4000,1,3,2,1,1,2,1,1,2,1
SF,IF2005,2020-04-13 10:45:30.100,3728.2000,10735,0,3531231780.000,0,-,-,-,-,3728.2000,3728.0000,3727.0000,3726.0000,3725.6000,3729.0000,3729.2000,3729.6000,3730.0000,3730.4000,1,3,2,1,1,3,1,1,2,1
SF,IF2005,2020-04-13 10:45:30.600,3728.2000,10735,0,3531231780.000,0,-,-,-,-,3728.2000,3728.0000,3727.0000,3726.0000,3725.6000,3729.0000,3729.2000,3729.6000,3730.0000,3730.4000,1,2,2,1,1,3,1,1,2,1
SF,IF2005,2020-04-13 10:45:31.100,3728.2000,10735,0,3531231780.000,0,-,-,-,-,3728.2000,3728.0000,3727.0000,3726.0000,3725.6000,3729.0000,3729.2000,3729.6000,3730.0000,3730.4000,2,2,2,1,1,3,1,1,2,1
SF,IF2005,2020-04-13 10:45:34.100,3728.2000,10735,0,3531231780.000,0,-,-,-,-,3728.2000,3728.0000,3727.0000,3726.0000,3725.6000,3729.0000,3729.2000,3729.6000,3730.0000,3730.4000,1,2,2,1,1,2,1,1,2,1
SF,IF2005,2020-04-13 10:45:34.600,3728.2000,10735,0,3531231780.000,0,-,-,-,-,3728.2000,3728.0000,3727.0000,3726.0000,3725.6000,3729.0000,3729.2000,3730.0000,3730.4000,3730.8000,2,2,2,1,1,2,1,2,1,3
SF,IF2005,2020-04-13 10:45:35.100,3728.2000,10735,0,3531231780.000,0,-,-,-,-,3728.2000,3728.0000,3727.0000,3726.0000,3725.6000,3729.0000,3729.2000,3730.0000,3730.4000,3730.8000,2,2,2,1,1,3,1,2,1,3
SF,IF2005,2020-04-13 10:45:35.600,3728.2000,10735,0,3531231780.000,0,-,-,-,-,3728.2000,3728.0000,3727.0000,3726.0000,3725.6000,3729.0000,3729.2000,3730.0000,3730.4000,3730.8000,2,2,2,1,1,2,1,2,1,3
SF,IF2005,2020-04-13 10:45:36.100,3728.2000,10735,0,3531231780.000,0,-,-,-,-,3728.2000,3728.0000,3727.0000,3726.0000,3725.6000,3729.0000,3729.2000,3730.0000,3730.4000,3730.8000,2,2,2,1,1,3,1,2,1,3
SF,IF2005,2020-04-13 10:45:36.600,3728.2000,10735,0,3531231780.000,0,-,-,-,-,3728.2000,3728.0000,3727.0000,3726.0000,3725.6000,3729.0000,3729.2000,3730.0000,3730.4000,3730.8000,2,2,2,1,1,2,1,2,1,3
SF,IF2005,2020-04-13 10:45:37.100,3728.2000,10735,0,3531231780.000,0,-,-,-,-,3728.2000,3728.0000,3727.0000,3726.0000,3725.6000,3729.0000,3729.2000,3730.0000,3730.4000,3730.8000,2,2,2,1,1,2,1,2,1,3
SF,IF2005,2020-04-13 10:45:37.600,3728.2000,10735,0,3531231780.000,0,-,-,-,-,3728.2000,3728.0000,3727.0000,3726.0000,3725.6000,3729.0000,3729.2000,3730.0000,3730.4000,3730.8000,2,2,2,1,1,3,1,2,1,3
SF,IF2005,2020-04-13 10:45:38.100,3729.0000,10735,0,3532350480.000,1,0,1,多换,S,3728.2000,3728.0000,3727.0000,3726.0000,3725.6000,3729.0000,3729.2000,3730.0000,3730.4000,3730.8000,2,2,2,1,1,1,1,2,1,3
SF,IF2005,2020-04-13 10:45:38.600,3729.0000,10735,0,3532350480.000,0,-,-,-,-,3728.2000,3728.0000,3727.0000,3726.0000,3725.6000,3729.0000,3729.2000,3730.0000,3730.4000,3730.8000,2,2,2,1,1,1,1,2,1,3
SF,IF2005,2020-04-13 10:45:39.100,3729.0000,10735,0,3532350480.000,0,-,-,-,-,3728.2000,3728.0000,3727.0000,3726.0000,3725.6000,3729.0000,3729.2000,3730.0000,3730.4000,3730.8000,2,2,2,1,1,1,1,2,1,3
SF,IF2005,2020-04-13 10:45:39.600,3729.0000,10735,0,3532350480.000,0,-,-,-,-,3728.2000,3728.0000,3727.0000,3726.0000,3725.6000,3729.0000,3729.2000,3730.0000,3730.4000,3730.8000,1,2,2,1,1,1,1,1,1,3
SF,IF2005,2020-04-13 10:45:40.100,3729.0000,10736,1,3533469180.000,1,1,0,双开,S,3728.2000,3728.0000,3727.0000,3726.0000,3725.6000,3729.0000,3729.2000,3730.0000,3730.4000,3730.8000,1,2,2,1,1,1,1,1,1,3
SF,IF2005,2020-04-13 10:45:40.600,3729.0000,10736,0,3533469180.000,0,-,-,-,-,3728.2000,3728.0000,3727.0000,3726.0000,3725.6000,3729.2000,3730.0000,3730.4000,3730.8000,3731.6000,1,2,2,1,1,1,1,1,3,1
SF,IF2005,2020-04-13 10:45:41.100,3729.0000,10736,0,3533469180.000,0,-,-,-,-,3728.2000,3728.0000,3727.0000,3726.0000,3725.6000,3729.2000,3730.0000,3730.4000,3730.8000,3731.6000,1,2,2,1,1,1,1,1,3,1
SF,IF2005,2020-04-13 10:45:41.600,3729.0000,10736,0,3533469180.000,0,-,-,-,-,3728.2000,3728.0000,3727.0000,3726.0000,3725.6000,3729.2000,3730.0000,3730.4000,3730.8000,3731.6000,1,2,2,1,1,2,1,1,3,1
SF,IF2005,2020-04-13 10:45:42.100,3729.0000,10736,0,3533469180.000,0,-,-,-,-,3728.2000,3728.0000,3727.0000,3726.0000,3725.6000,3729.2000,3730.0000,3730.4000,3730.8000,3731.6000,1,2,2,1,1,1,1,1,3,1
SF,IF2005,2020-04-13 10:45:42.600,3729.0000,10736,0,3533469180.000,0,-,-,-,-,3728.4000,3728.2000,3728.0000,3727.0000,3726.0000,3729.2000,3730.0000,3730.4000,3730.8000,3731.6000,3,1,2,2,1,1,1,1,3,1
SF,IF2005,2020-04-13 10:45:43.100,3729.0000,10736,0,3533469180.000,0,-,-,-,-,3728.4000,3728.2000,3728.0000,3727.0000,3726.0000,3729.2000,3730.0000,3730.4000,3730.8000,3731.6000,3,1,2,2,1,1,1,1,3,1
SF,IF2005,2020-04-13 10:45:43.600,3729.2000,10736,0,3534587940.000,1,0,1,多换,S,3728.4000,3728.2000,3728.0000,3727.0000,3726.0000,3730.0000,3730.4000,3730.8000,3731.6000,3731.8000,3,1,2,2,1,1,1,3,1,1
SF,IF2005,2020-04-13 10:45:44.100,3729.2000,10736,0,3534587940.000,0,-,-,-,-,3728.6000,3728.4000,3728.2000,3728.0000,3727.0000,3729.8000,3730.0000,3730.4000,3730.8000,3731.6000,1,3,1,2,2,2,1,1,3,1
SF,IF2005,2020-04-13 10:45:44.600,3729.2000,10736,0,3534587940.000,0,-,-,-,-,3728.6000,3728.4000,3728.2000,3728.0000,3727.0000,3729.6000,3729.8000,3730.0000,3730.4000,3730.8000,1,3,1,2,2,1,2,1,1,3
SF,IF2005,2020-04-13 10:45:45.100,3729.2000,10736,0,3534587940.000,0,-,-,-,-,3728.6000,3728.4000,3728.2000,3728.0000,3727.0000,3729.6000,3729.8000,3730.0000,3730.4000,3730.8000,1,3,1,2,2,1,2,1,1,3
SF,IF2005,2020-04-13 10:45:45.600,3729.2000,10736,0,3534587940.000,0,-,-,-,-,3728.8000,3728.6000,3728.4000,3728.2000,3728.0000,3729.6000,3729.8000,3730.0000,3730.4000,3730.8000,1,1,2,1,2,1,2,1,1,3
SF,IF2005,2020-04-13 10:45:46.100,3729.2000,10736,0,3534587940.000,0,-,-,-,-,3728.8000,3728.6000,3728.4000,3728.2000,3728.0000,3729.8000,3730.0000,3730.4000,3730.8000,3731.6000,1,1,2,1,2,2,1,1,3,1
SF,IF2005,2020-04-13 10:45:47.100,3729.2000,10736,0,3534587940.000,0,-,-,-,-,3728.8000,3728.6000,3728.4000,3728.2000,3728.0000,3729.6000,3729.8000,3730.0000,3730.4000,3730.8000,1,1,2,1,2,1,2,1,1,3
SF,IF2005,2020-04-13 10:45:47.600,3729.2000,10736,0,3534587940.000,0,-,-,-,-,3728.6000,3728.4000,3728.2000,3728.0000,3727.0000,3729.6000,3729.8000,3730.0000,3730.4000,3730.8000,1,2,1,2,2,1,2,1,1,3
SF,IF2005,2020-04-13 10:45:48.100,3729.2000,10736,0,3534587940.000,0,-,-,-,-,3728.6000,3728.4000,3728.2000,3728.0000,3727.0000,3729.4000,3729.6000,3729.8000,3730.0000,3730.4000,1,2,1,2,2,1,1,1,1,1
SF,IF2005,2020-04-13 10:45:49.100,3729.4000,10736,0,3535706760.000,1,0,1,多换,S,3728.6000,3728.4000,3728.2000,3728.0000,3727.0000,3729.6000,3729.8000,3730.0000,3730.4000,3730.8000,1,2,1,2,2,1,1,1,1,3
SF,IF2005,2020-04-13 10:45:49.600,3729.4000,10736,0,3535706760.000,0,-,-,-,-,3728.6000,3728.4000,3728.2000,3728.0000,3727.0000,3729.6000,3729.8000,3730.0000,3730.4000,3730.8000,1,2,1,2,2,2,1,1,1,3
SF,IF2005,2020-04-13 10:45:50.100,3729.4000,10736,0,3535706760.000,0,-,-,-,-,3728.8000,3728.6000,3728.4000,3728.2000,3728.0000,3729.6000,3729.8000,3730.0000,3730.4000,3730.8000,1,1,2,1,2,1,1,1,1,3
SF,IF2005,2020-04-13 10:45:50.600,3729.4000,10736,0,3535706760.000,0,-,-,-,-,3728.8000,3728.6000,3728.4000,3728.2000,3728.0000,3729.2000,3729.6000,3729.8000,3730.0000,3730.4000,1,1,2,1,2,1,2,1,1,1
SF,IF2005,2020-04-13 10:45:51.100,3729.4000,10736,0,3535706760.000,0,-,-,-,-,3728.8000,3728.6000,3728.4000,3728.2000,3728.0000,3729.2000,3729.6000,3729.8000,3730.0000,3730.4000,1,1,2,1,2,1,1,1,1,1
SF,IF2005,2020-04-13 10:45:51.600,3728.8000,10736,0,3536825400.000,1,0,1,多换,S,3728.6000,3728.4000,3728.2000,3728.0000,3727.0000,3729.2000,3729.6000,3729.8000,3730.0000,3730.4000,1,2,1,2,2,1,1,1,1,1
SF,IF2005,2020-04-13 10:45:52.100,3728.6000,10735,-1,3537943980.000,1,0,1,双平,S,3728.4000,3728.2000,3728.0000,3727.0000,3726.0000,3728.6000,3729.0000,3729.2000,3730.0000,3730.4000,1,1,2,2,1,1,1,1,1,1
SF,IF2005,2020-04-13 10:45:52.600,3728.6000,10734,-1,3539062560.000,1,0,1,双平,S,3728.2000,3728.0000,3727.0000,3726.0000,3725.6000,3729.0000,3729.2000,3730.0000,3730.4000,3730.8000,1,2,2,1,1,1,1,1,1,3
SF,IF2005,2020-04-13 10:45:53.100,3728.6000,10734,0,3539062560.000,0,-,-,-,-,3728.2000,3728.0000,3727.0000,3726.0000,3725.6000,3729.0000,3729.2000,3730.0000,3730.4000,3730.8000,1,2,2,1,1,1,1,1,1,3
SF,IF2005,2020-04-13 10:45:53.600,3728.6000,10734,0,3539062560.000,0,-,-,-,-,3728.2000,3728.0000,3727.0000,3726.0000,3725.6000,3729.2000,3730.0000,3730.4000,3730.8000,3731.6000,1,2,2,1,1,1,1,1,3,1
SF,IF2005,2020-04-13 10:45:54.100,3728.6000,10734,0,3539062560.000,0,-,-,-,-,3728.4000,3728.2000,3728.0000,3727.0000,3726.0000,3729.0000,3729.2000,3730.0000,3730.4000,3730.8000,1,1,2,2,1,1,2,1,1,3
SF,IF2005,2020-04-13 10:45:54.600,3728.6000,10734,0,3539062560.000,0,-,-,-,-,3728.4000,3728.2000,3728.0000,3727.0000,3726.0000,3729.0000,3729.2000,3730.0000,3730.4000,3730.8000,1,1,2,2,1,2,1,1,1,3
SF,IF2005,2020-04-13 10:45:55.100,3728.6000,10734,0,3539062560.000,0,-,-,-,-,3728.4000,3728.2000,3728.0000,3727.0000,3726.0000,3729.0000,3729.2000,3730.0000,3730.4000,3730.8000,1,1,2,2,1,2,1,1,1,3
SF,IF2005,2020-04-13 10:45:55.600,3728.6000,10734,0,3539062560.000,0,-,-,-,-,3728.2000,3728.0000,3727.0000,3726.0000,3725.6000,3729.0000,3729.2000,3730.0000,3730.4000,3730.8000,1,2,2,1,1,2,1,1,1,3
SF,IF2005,2020-04-13 10:45:56.100,3728.6000,10734,0,3539062560.000,0,-,-,-,-,3728.2000,3728.0000,3727.0000,3726.0000,3725.6000,3729.0000,3729.2000,3730.0000,3730.4000,3730.8000,1,2,2,1,1,2,1,1,1,3
SF,IF2005,2020-04-13 10:45:57.100,3728.6000,10734,0,3539062560.000,0,-,-,-,-,3728.2000,3728.0000,3727.0000,3726.0000,3725.6000,3729.0000,3729.2000,3730.0000,3730.4000,3730.8000,1,2,2,1,1,2,1,1,1,3
SF,IF2005,2020-04-13 10:45:57.600,3728.6000,10734,0,3539062560.000,0,-,-,-,-,3728.2000,3728.0000,3727.0000,3726.0000,3725.6000,3729.0000,3729.2000,3730.0000,3730.4000,3730.8000,1,2,2,1,1,3,1,1,1,3
SF,IF2005,2020-04-13 10:45:58.100,3728.6000,10734,0,3539062560.000,0,-,-,-,-,3728.2000,3728.0000,3727.0000,3726.0000,3725.6000,3729.0000,3729.2000,3730.0000,3730.4000,3730.8000,1,2,2,1,1,3,1,1,1,3
SF,IF2005,2020-04-13 10:45:58.600,3728.6000,10734,0,3539062560.000,0,-,-,-,-,3728.2000,3728.0000,3727.0000,3726.0000,3725.6000,3729.0000,3729.2000,3730.0000,3730.4000,3730.8000,1,2,2,1,1,3,1,1,1,3
SF,IF2005,2020-04-13 10:45:59.100,3728.6000,10734,0,3539062560.000,0,-,-,-,-,3728.2000,3728.0000,3727.0000,3726.0000,3725.6000,3729.0000,3729.2000,3730.0000,3730.4000,3730.8000,1,2,2,1,1,2,1,1,1,3
SF,IF2005,2020-04-13 10:45:59.600,3728.6000,10734,0,3539062560.000,0,-,-,-,-,3728.2000,3728.0000,3727.0000,3726.0000,3725.6000,3729.0000,3729.2000,3730.0000,3730.4000,3730.8000,1,2,2,1,1,3,1,1,1,3
SF,IF2005,2020-04-13 10:46:05.100,3728.6000,10734,0,3539062560.000,0,-,-,-,-,3728.4000,3728.2000,3728.0000,3727.0000,3726.0000,3729.0000,3729.2000,3730.0000,3730.4000,3730.8000,2,1,2,2,1,3,1,1,1,3
SF,IF2005,2020-04-13 10:46:05.600,3729.0000,10734,0,3540181260.000,1,0,1,多换,S,3728.4000,3728.2000,3728.0000,3727.0000,3726.0000,3729.0000,3729.2000,3730.0000,3730.4000,3730.8000,2,1,2,2,1,2,1,1,1,3
SF,IF2005,2020-04-13 10:46:06.600,3729.0000,10734,0,3540181260.000,0,-,-,-,-,3728.4000,3728.2000,3728.0000,3727.0000,3726.0000,3729.0000,3729.2000,3730.0000,3730.4000,3730.8000,2,1,2,2,1,7,1,1,1,3
SF,IF2005,2020-04-13 10:46:07.100,3729.2000,10728,-6,3549130920.000,8,1,7,多平,S,3728.4000,3728.2000,3728.0000,3727.0000,3726.0000,3730.0000,3730.4000,3730.8000,3731.6000,3731.8000,2,1,2,2,1,1,1,3,1,1
SF,IF2005,2020-04-13 10:46:07.600,3729.2000,10728,0,3549130920.000,0,-,-,-,-,3729.4000,3728.8000,3728.6000,3728.4000,3728.2000,3730.0000,3730.4000,3730.8000,3731.6000,3731.8000,1,1,3,1,1,1,1,1,1,1
SF,IF2005,2020-04-13 10:46:08.100,3729.2000,10727,-1,3550249680.000,1,0,1,双平,S,3729.0000,3728.6000,3728.4000,3728.2000,3728.0000,3730.0000,3730.4000,3730.8000,3731.6000,3731.8000,1,2,1,1,2,1,1,1,1,3
SF,IF2005,2020-04-13 10:46:08.600,3729.2000,10727,0,3550249680.000,0,-,-,-,-,3729.2000,3729.0000,3728.6000,3728.4000,3728.2000,3730.0000,3730.4000,3730.8000,3731.6000,3731.8000,2,1,1,1,1,1,1,1,1,3
SF,IF2005,2020-04-13 10:46:09.600,3730.0000,10728,1,3551368680.000,1,1,0,双开,S,3729.4000,3729.2000,3728.6000,3728.4000,3728.2000,3730.4000,3730.8000,3731.6000,3731.8000,3732.8000,1,2,1,1,1,1,1,1,3,1
SF,IF2005,2020-04-13 10:46:10.100,3730.0000,10728,0,3551368680.000,0,-,-,-,-,3729.4000,3729.2000,3728.6000,3728.4000,3728.2000,3730.2000,3730.4000,3730.8000,3731.6000,3731.8000,1,2,1,1,1,3,1,1,1,3
SF,IF2005,2020-04-13 10:46:10.600,3730.0000,10728,0,3551368680.000,0,-,-,-,-,3729.2000,3728.4000,3728.2000,3728.0000,3727.0000,3730.2000,3730.4000,3730.8000,3731.6000,3731.8000,2,1,1,2,2,3,1,1,1,3
SF,IF2005,2020-04-13 10:46:11.100,3730.0000,10728,0,3551368680.000,0,-,-,-,-,3729.2000,3728.4000,3728.2000,3728.0000,3727.0000,3730.2000,3730.4000,3730.8000,3731.6000,3731.8000,2,1,1,2,2,2,1,1,1,3
SF,IF2005,2020-04-13 10:46:11.600,3730.0000,10728,0,3551368680.000,0,-,-,-,-,3729.2000,3728.4000,3728.2000,3728.0000,3727.0000,3730.0000,3730.2000,3730.4000,3730.8000,3731.6000,1,1,1,2,2,1,2,1,1,1
SF,IF2005,2020-04-13 10:46:12.100,3730.0000,10728,0,3551368680.000,0,-,-,-,-,3728.4000,3728.2000,3728.0000,3727.0000,3726.0000,3730.0000,3730.2000,3730.4000,3730.8000,3731.6000,1,1,2,2,1,1,3,1,1,1
SF,IF2005,2020-04-13 10:46:12.600,3730.0000,10728,0,3551368680.000,0,-,-,-,-,3728.6000,3728.4000,3728.2000,3728.0000,3727.0000,3729.8000,3730.0000,3730.2000,3730.4000,3730.8000,5,1,1,2,2,1,1,2,1,1
SF,IF2005,2020-04-13 10:46:15.100,3730.0000,10728,0,3551368680.000,0,-,-,-,-,3728.8000,3728.6000,3728.4000,3728.2000,3728.0000,3729.8000,3730.0000,3730.2000,3730.4000,3730.8000,1,5,1,1,2,1,1,2,1,1
SF,IF2005,2020-04-13 10:46:15.600,3730.0000,10728,0,3552487680.000,1,0,1,多换,S,3729.0000,3728.8000,3728.6000,3728.4000,3728.2000,3730.2000,3730.4000,3730.8000,3731.6000,3731.8000,2,1,3,1,1,2,1,1,1,3
SF,IF2005,2020-04-13 10:46:16.100,3730.0000,10728,0,3552487680.000,0,-,-,-,-,3729.0000,3728.6000,3728.4000,3728.2000,3728.0000,3730.0000,3730.2000,3730.4000,3730.8000,3731.6000,2,3,1,1,2,1,2,2,1,1
SF,IF2005,2020-04-13 10:46:17.600,3730.0000,10728,0,3553606680.000,1,0,1,多换,S,3730.0000,3729.0000,3728.6000,3728.4000,3728.2000,3730.2000,3730.4000,3730.8000,3731.6000,3731.8000,1,2,3,1,1,2,2,1,1,3
SF,IF2005,2020-04-13 10:46:18.100,3730.0000,10728,0,3554725680.000,1,0,1,多换,S,3729.0000,3728.6000,3728.4000,3728.2000,3728.0000,3729.8000,3730.0000,3730.2000,3730.4000,3730.8000,2,2,1,1,2,1,2,1,2,1
SF,IF2005,2020-04-13 10:46:18.600,3730.0000,10728,0,3554725680.000,0,-,-,-,-,3729.0000,3728.6000,3728.4000,3728.2000,3728.0000,3730.0000,3730.2000,3730.4000,3730.8000,3731.6000,1,2,1,1,2,2,1,2,1,1
SF,IF2005,2020-04-13 10:46:19.100,3730.0000,10728,0,3554725680.000,0,-,-,-,-,3729.0000,3728.6000,3728.4000,3728.2000,3728.0000,3730.0000,3730.2000,3730.4000,3730.8000,3731.6000,1,1,1,1,2,2,1,2,1,1
SF,IF2005,2020-04-13 10:46:19.600,3729.0000,10727,-1,3555844380.000,1,0,1,双平,S,3728.6000,3728.4000,3728.2000,3728.0000,3727.0000,3729.0000,3730.2000,3730.4000,3730.8000,3731.6000,1,1,1,2,2,1,1,2,1,1
SF,IF2005,2020-04-13 10:46:20.100,3729.0000,10726,-1,3556963080.000,1,0,1,双平,S,3729.0000,3728.8000,3728.6000,3728.4000,3728.2000,3730.2000,3730.4000,3730.8000,3731.6000,3731.8000,2,1,1,1,1,1,2,1,1,3
SF,IF2005,2020-04-13 10:46:20.600,3729.0000,10726,0,3556963080.000,0,-,-,-,-,3729.0000,3728.8000,3728.6000,3728.4000,3728.2000,3730.0000,3730.2000,3730.4000,3730.8000,3731.6000,1,1,1,1,1,2,1,2,1,1
SF,IF2005,2020-04-13 10:46:21.600,3729.0000,10726,0,3556963080.000,0,-,-,-,-,3728.8000,3728.6000,3728.4000,3728.2000,3728.0000,3730.0000,3730.2000,3730.4000,3730.8000,3731.6000,1,1,1,1,2,2,1,2,1,1
SF,IF2005,2020-04-13 10:46:26.100,3729.0000,10726,0,3556963080.000,0,-,-,-,-,3729.0000,3728.8000,3728.6000,3728.4000,3728.2000,3730.0000,3730.2000,3730.4000,3730.8000,3731.6000,1,1,1,1,1,2,1,2,1,1
SF,IF2005,2020-04-13 10:46:27.600,3729.0000,10726,0,3556963080.000,0,-,-,-,-,3729.0000,3728.8000,3728.6000,3728.4000,3728.2000,3730.0000,3730.2000,3730.4000,3730.8000,3731.6000,1,1,1,1,1,2,1,2,1,1
SF,IF2005,2020-04-13 10:46:28.100,3729.0000,10726,0,3556963080.000,0,-,-,-,-,3729.0000,3728.8000,3728.6000,3728.4000,3728.2000,3730.0000,3730.2000,3730.4000,3730.8000,3731.6000,1,1,1,1,1,2,1,2,1,1
SF,IF2005,2020-04-13 10:46:29.600,3729.0000,10726,0,3556963080.000,0,-,-,-,-,3729.0000,3728.8000,3728.6000,3728.4000,3728.2000,3730.0000,3730.2000,3730.4000,3730.8000,3731.6000,2,1,1,1,1,2,1,2,1,1
SF,IF2005,2020-04-13 10:46:30.100,3729.0000,10726,0,3556963080.000,0,-,-,-,-,3729.0000,3728.8000,3728.6000,3728.4000,3728.2000,3729.6000,3730.0000,3730.4000,3730.8000,3731.6000,2,1,1,1,1,1,2,2,1,1
SF,IF2005,2020-04-13 10:46:30.600,3729.0000,10726,0,3556963080.000,0,-,-,-,-,3729.0000,3728.8000,3728.6000,3728.2000,3728.0000,3730.0000,3730.4000,3730.8000,3731.6000,3731.8000,2,1,1,1,2,2,2,1,1,3
SF,IF2005,2020-04-13 10:46:31.100,3729.0000,10726,0,3556963080.000,0,-,-,-,-,3729.0000,3728.8000,3728.6000,3728.2000,3728.0000,3730.0000,3730.4000,3730.8000,3731.6000,3731.8000,2,1,1,1,2,3,2,1,1,3
SF,IF2005,2020-04-13 10:46:38.100,3729.0000,10726,0,3556963080.000,0,-,-,-,-,3729.0000,3728.8000,3728.6000,3728.2000,3728.0000,3730.0000,3730.4000,3730.8000,3731.6000,3731.8000,2,1,1,1,2,3,2,1,1,3
SF,IF2005,2020-04-13 10:46:39.100,3729.0000,10726,0,3556963080.000,0,-,-,-,-,3729.2000,3729.0000,3728.6000,3728.2000,3728.0000,3730.0000,3730.4000,3730.8000,3731.6000,3731.8000,1,2,1,1,2,3,2,1,1,3
SF,IF2005,2020-04-13 10:46:39.600,3729.0000,10725,-1,3558081780.000,1,0,1,双平,S,3729.0000,3728.6000,3728.2000,3728.0000,3727.0000,3730.0000,3730.4000,3730.8000,3731.6000,3731.8000,2,1,1,2,1,3,2,1,1,3
SF,IF2005,2020-04-13 10:46:40.100,3729.0000,10725,0,3558081780.000,0,-,-,-,-,3729.4000,3729.2000,3729.0000,3728.2000,3728.0000,3730.0000,3730.4000,3730.8000,3731.6000,3731.8000,1,1,2,1,2,1,2,1,1,3
SF,IF2005,2020-04-13 10:46:40.600,3730.0000,10724,-1,3559200780.000,1,0,1,双平,S,3729.4000,3729.2000,3729.0000,3728.2000,3728.0000,3730.4000,3730.8000,3731.6000,3731.8000,3732.8000,1,3,2,1,2,2,1,1,3,1
SF,IF2005,2020-04-13 10:46:41.100,3730.0000,10724,0,3559200780.000,0,-,-,-,-,3729.6000,3729.4000,3729.2000,3729.0000,3728.2000,3730.4000,3730.8000,3731.6000,3731.8000,3732.8000,1,1,2,2,1,2,1,1,3,1
SF,IF2005,2020-04-13 10:46:42.100,3730.0000,10724,0,3559200780.000,0,-,-,-,-,3729.6000,3729.4000,3729.0000,3728.2000,3728.0000,3730.4000,3730.8000,3731.6000,3731.8000,3732.8000,1,1,2,1,2,2,1,1,3,1
SF,IF2005,2020-04-13 10:46:42.600,3730.0000,10724,0,3559200780.000,0,-,-,-,-,3729.6000,3729.4000,3729.0000,3728.2000,3728.0000,3730.0000,3730.4000,3730.8000,3731.6000,3731.8000,1,1,2,1,2,1,2,1,1,1
SF,IF2005,2020-04-13 10:46:43.100,3730.0000,10724,0,3559200780.000,0,-,-,-,-,3729.6000,3729.4000,3729.0000,3728.2000,3728.0000,3730.0000,3730.4000,3730.8000,3731.6000,3731.8000,1,1,2,1,2,1,2,1,1,1
SF,IF2005,2020-04-13 10:46:44.100,3730.4000,10724,0,3561438900.000,2,1,1,多换,S,3730.2000,3730.0000,3729.8000,3729.6000,3729.4000,3730.4000,3730.8000,3731.6000,3731.8000,3732.8000,2,3,1,1,1,1,1,1,1,3
SF,IF2005,2020-04-13 10:46:44.600,3730.4000,10724,0,3561438900.000,0,-,-,-,-,3730.2000,3730.0000,3729.6000,3729.4000,3729.0000,3730.4000,3730.8000,3731.6000,3731.8000,3732.8000,1,2,1,1,2,1,1,1,1,3
SF,IF2005,2020-04-13 10:46:45.100,3730.4000,10726,2,3563677080.000,2,2,0,双开,S,3730.0000,3729.6000,3729.4000,3729.0000,3728.2000,3730.8000,3731.6000,3731.8000,3732.8000,3733.8000,1,1,1,2,1,1,1,1,3,1
SF,IF2005,2020-04-13 10:46:45.600,3730.4000,10726,0,3563677080.000,0,-,-,-,-,3729.6000,3729.4000,3729.0000,3728.2000,3728.0000,3730.6000,3730.8000,3731.6000,3731.8000,3732.8000,1,1,2,1,2,1,2,1,1,3
SF,IF2005,2020-04-13 10:46:47.600,3730.4000,10726,0,3563677080.000,0,-,-,-,-,3729.6000,3729.4000,3729.0000,3728.2000,3728.0000,3730.6000,3730.8000,3731.6000,3731.8000,3732.8000,1,1,1,1,2,1,2,1,1,3
SF,IF2005,2020-04-13 10:46:48.600,3730.4000,10726,0,3563677080.000,0,-,-,-,-,3729.6000,3729.4000,3729.0000,3728.0000,3727.0000,3730.6000,3730.8000,3731.6000,3731.8000,3732.8000,1,1,1,2,1,1,2,1,1,3
SF,IF2005,2020-04-13 10:46:49.100,3729.6000,10725,-1,3564795960.000,1,0,1,双平,S,3729.4000,3729.0000,3728.0000,3727.0000,3726.0000,3730.6000,3730.8000,3731.6000,3731.8000,3732.8000,1,1,2,1,1,2,2,1,1,3
SF,IF2005,2020-04-13 10:46:49.600,3729.4000,10725,0,3565914780.000,1,0,1,多换,S,3729.0000,3728.0000,3727.0000,3726.0000,3725.6000,3730.6000,3730.8000,3731.6000,3731.8000,3732.8000,1,2,1,1,1,2,2,1,1,3
SF,IF2005,2020-04-13 10:46:50.100,3729.4000,10725,0,3565914780.000,0,-,-,-,-,3729.4000,3729.2000,3729.0000,3728.0000,3727.0000,3730.6000,3730.8000,3731.6000,3731.8000,3732.8000,2,1,1,2,1,2,2,1,1,3
SF,IF2005,2020-04-13 10:46:50.600,3729.4000,10725,0,3565914780.000,0,-,-,-,-,3729.4000,3729.2000,3729.0000,3728.0000,3727.0000,3730.4000,3730.6000,3730.8000,3731.0000,3731.6000,2,1,1,2,1,1,2,2,1,1
SF,IF2005,2020-04-13 10:46:51.100,3729.4000,10725,0,3565914780.000,0,-,-,-,-,3729.4000,3729.2000,3729.0000,3728.0000,3727.0000,3730.2000,3730.4000,3730.8000,3731.0000,3731.6000,2,1,1,2,1,2,2,1,1,1
SF,IF2005,2020-04-13 10:46:51.600,3729.4000,10725,0,3565914780.000,0,-,-,-,-,3729.4000,3729.2000,3729.0000,3728.0000,3727.0000,3730.2000,3730.4000,3730.8000,3731.0000,3731.6000,2,1,1,2,1,2,1,1,1,1
SF,IF2005,2020-04-13 10:46:53.100,3730.2000,10725,0,3567033840.000,1,0,1,多换,S,3729.4000,3729.2000,3729.0000,3728.0000,3727.0000,3730.2000,3730.4000,3730.8000,3731.0000,3731.6000,2,1,1,2,1,1,1,1,1,1
SF,IF2005,2020-04-13 10:46:56.100,3730.2000,10725,0,3568152900.000,1,0,1,多换,S,3729.4000,3729.2000,3729.0000,3728.0000,3727.0000,3730.2000,3730.4000,3730.8000,3731.0000,3731.6000,2,1,1,2,1,1,1,1,1,1
SF,IF2005,2020-04-13 10:47:00.600,3730.2000,10725,0,3568152900.000,0,-,-,-,-,3729.4000,3729.2000,3729.0000,3728.0000,3727.0000,3730.4000,3730.8000,3731.0000,3731.6000,3731.8000,2,1,1,2,1,1,1,1,1,1
SF,IF2005,2020-04-13 10:47:01.600,3730.2000,10725,0,3568152900.000,0,-,-,-,-,3729.6000,3729.4000,3729.2000,3729.0000,3728.0000,3730.4000,3730.8000,3731.0000,3731.6000,3731.8000,1,2,1,1,2,1,1,1,1,1
SF,IF2005,2020-04-13 10:47:04.100,3730.2000,10725,0,3568152900.000,0,-,-,-,-,3730.4000,3729.8000,3729.6000,3729.4000,3729.2000,3730.8000,3731.0000,3731.6000,3731.8000,3732.8000,2,2,1,1,1,1,1,1,1,3
SF,IF2005,2020-04-13 10:47:04.600,3730.2000,10724,-1,3569271960.000,1,0,1,双平,S,3729.8000,3729.6000,3729.4000,3729.2000,3729.0000,3730.8000,3731.0000,3731.6000,3731.8000,3732.8000,1,1,1,1,1,1,1,1,1,3
SF,IF2005,2020-04-13 10:47:05.100,3730.2000,10724,0,3569271960.000,0,-,-,-,-,3729.8000,3729.6000,3729.4000,3729.2000,3729.0000,3730.6000,3730.8000,3731.0000,3731.6000,3731.8000,1,1,1,1,1,2,2,1,1,1
SF,IF2005,2020-04-13 10:47:05.600,3730.6000,10724,0,3570391140.000,1,0,1,多换,S,3729.8000,3729.6000,3729.4000,3729.2000,3729.0000,3730.8000,3731.0000,3731.6000,3731.8000,3732.8000,1,1,1,1,1,1,1,1,1,3
SF,IF2005,2020-04-13 10:47:06.100,3730.6000,10724,0,3570391140.000,0,-,-,-,-,3729.8000,3729.6000,3729.4000,3729.2000,3729.0000,3730.8000,3731.0000,3731.6000,3731.8000,3732.8000,1,1,1,1,1,2,1,1,1,3
SF,IF2005,2020-04-13 10:47:06.600,3730.6000,10724,0,3570391140.000,0,-,-,-,-,3730.0000,3729.8000,3729.6000,3729.4000,3729.0000,3730.8000,3731.0000,3731.6000,3731.8000,3732.8000,1,1,1,1,1,1,1,1,1,3
SF,IF2005,2020-04-13 10:47:07.100,3730.6000,10724,0,3570391140.000,0,-,-,-,-,3730.0000,3729.8000,3729.6000,3729.0000,3728.0000,3730.8000,3731.0000,3731.6000,3731.8000,3732.8000,1,1,1,1,2,1,1,1,1,3
SF,IF2005,2020-04-13 10:47:11.600,3731.0000,10725,1,3572629680.000,2,1,1,空开,S,3730.2000,3730.0000,3729.6000,3729.0000,3728.0000,3731.6000,3731.8000,3732.8000,3733.8000,3734.8000,1,1,1,1,2,1,1,3,1,1
SF,IF2005,2020-04-13 10:47:12.100,3731.0000,10725,0,3572629680.000,0,-,-,-,-,3730.4000,3730.2000,3729.6000,3729.0000,3728.0000,3731.4000,3731.6000,3731.8000,3732.8000,3733.8000,1,1,1,1,2,3,1,1,3,1
SF,IF2005,2020-04-13 10:47:12.600,3731.0000,10725,0,3572629680.000,0,-,-,-,-,3730.4000,3730.2000,3729.6000,3729.0000,3728.0000,3731.4000,3731.8000,3732.8000,3733.8000,3734.8000,2,1,1,1,2,2,1,1,1,1
SF,IF2005,2020-04-13 10:47:13.100,3731.0000,10725,0,3572629680.000,0,-,-,-,-,3730.4000,3730.2000,3729.6000,3729.0000,3728.0000,3731.4000,3731.8000,3732.8000,3733.8000,3734.8000,2,1,1,1,2,2,1,1,3,1
SF,IF2005,2020-04-13 10:47:13.600,3731.8000,10726,1,3573749220.000,1,1,0,双开,S,3730.6000,3730.4000,3729.6000,3729.0000,3728.0000,3732.8000,3733.8000,3734.8000,3735.2000,3735.4000,6,2,1,1,2,1,3,1,1,1
SF,IF2005,2020-04-13 10:47:14.100,3731.8000,10726,0,3573749220.000,0,-,-,-,-,3731.4000,3731.0000,3730.8000,3730.6000,3729.6000,3732.4000,3732.6000,3732.8000,3733.8000,3734.8000,1,1,2,5,1,1,3,1,3,1
SF,IF2005,2020-04-13 10:47:14.600,3731.8000,10726,0,3573749220.000,0,-,-,-,-,3731.4000,3731.0000,3730.8000,3730.6000,3729.6000,3732.4000,3732.6000,3732.8000,3733.8000,3734.8000,1,2,1,4,1,1,3,1,3,1
SF,IF2005,2020-04-13 10:47:15.100,3731.0000,10724,-2,3577107240.000,3,0,3,多平,S,3730.8000,3730.6000,3729.6000,3729.0000,3728.0000,3732.0000,3732.2000,3732.8000,3733.8000,3734.8000,1,4,1,1,2,2,2,1,3,1
SF,IF2005,2020-04-13 10:47:15.600,3731.0000,10724,0,3577107240.000,0,-,-,-,-,3730.8000,3730.6000,3729.0000,3728.0000,3727.0000,3731.8000,3732.0000,3732.8000,3733.8000,3734.8000,1,1,1,2,1,3,2,1,3,1
SF,IF2005,2020-04-13 10:47:17.600,3731.0000,10724,0,3577107240.000,0,-,-,-,-,3730.8000,3730.6000,3729.0000,3728.0000,3727.0000,3731.8000,3732.0000,3732.8000,3733.8000,3734.8000,1,1,1,2,1,3,1,1,3,1
SF,IF2005,2020-04-13 10:47:18.100,3731.0000,10724,0,3577107240.000,0,-,-,-,-,3731.0000,3730.8000,3730.6000,3729.0000,3728.0000,3731.8000,3732.0000,3732.8000,3733.8000,3734.8000,2,1,1,1,2,3,1,1,3,1
SF,IF2005,2020-04-13 10:47:19.100,3731.0000,10724,0,3577107240.000,0,-,-,-,-,3731.2000,3731.0000,3730.8000,3730.6000,3729.0000,3731.8000,3732.0000,3732.8000,3733.8000,3734.8000,1,2,1,1,1,2,1,1,3,1
SF,IF2005,2020-04-13 10:47:19.600,3732.0000,10724,0,3578226840.000,1,0,1,多换,S,3731.2000,3731.0000,3730.8000,3730.6000,3729.0000,3732.8000,3733.8000,3734.8000,3735.2000,3735.4000,1,2,1,1,1,1,3,1,1,1
SF,IF2005,2020-04-13 10:47:20.100,3732.0000,10724,0,3578226840.000,0,-,-,-,-,3731.4000,3731.2000,3731.0000,3730.6000,3729.0000,3732.2000,3732.4000,3732.6000,3732.8000,3733.8000,1,1,2,1,1,1,1,3,1,3
SF,IF2005,2020-04-13 10:47:22.600,3732.0000,10724,0,3578226840.000,0,-,-,-,-,3731.6000,3731.4000,3731.0000,3730.6000,3729.0000,3732.2000,3732.4000,3732.6000,3732.8000,3733.8000,1,1,2,1,1,1,1,3,1,3
SF,IF2005,2020-04-13 10:47:23.100,3731.4000,10722,-2,3580465740.000,2,0,2,双平,S,3730.6000,3729.0000,3728.0000,3727.0000,3725.6000,3732.2000,3732.4000,3732.6000,3732.8000,3733.8000,1,1,2,1,1,1,1,3,1,3
SF,IF2005,2020-04-13 10:47:23.600,3732.4000,10722,0,3582705060.000,2,1,1,多换,S,3732.0000,3731.2000,3731.0000,3730.8000,3730.6000,3732.6000,3732.8000,3733.8000,3734.8000,3735.2000,1,1,4,7,2,2,1,3,1,1
SF,IF2005,2020-04-13 10:47:24.100,3732.0000,10723,1,3583824660.000,1,1,0,双开,S,3731.2000,3730.8000,3730.6000,3729.0000,3728.0000,3731.6000,3732.4000,3732.6000,3732.8000,3733.8000,1,6,2,1,2,1,2,1,1,3
SF,IF2005,2020-04-13 10:47:24.600,3731.6000,10723,0,3584944140.000,1,0,1,多换,S,3730.8000,3730.6000,3729.0000,3728.0000,3727.0000,3732.4000,3732.6000,3732.8000,3733.8000,3734.8000,5,2,1,2,1,2,1,1,3,1
SF,IF2005,2020-04-13 10:47:25.100,3731.6000,10723,0,3584944140.000,0,-,-,-,-,3731.6000,3731.4000,3731.2000,3731.0000,3730.8000,3732.4000,3732.8000,3733.8000,3734.8000,3735.2000,1,1,4,2,5,1,1,1,1,1
SF,IF2005,2020-04-13 10:47:25.600,3731.6000,10723,0,3584944140.000,0,-,-,-,-,3731.6000,3731.0000,3730.8000,3730.6000,3729.0000,3732.4000,3732.8000,3733.8000,3734.4000,3734.8000,1,1,5,2,1,1,1,1,2,1
SF,IF2005,2020-04-13 10:47:26.100,3731.6000,10723,0,3584944140.000,0,-,-,-,-,3732.0000,3731.0000,3730.8000,3730.6000,3729.0000,3732.4000,3732.8000,3733.8000,3734.4000,3734.8000,1,1,5,2,1,1,1,1,2,1
SF,IF2005,2020-04-13 10:47:27.100,3731.6000,10723,0,3584944140.000,0,-,-,-,-,3731.0000,3730.8000,3730.6000,3729.0000,3728.0000,3732.4000,3732.8000,3733.8000,3734.4000,3734.8000,1,5,2,1,2,1,1,1,2,1
SF,IF2005,2020-04-13 10:47:27.600,3732.8000,10724,1,3586063980.000,1,1,0,双开,S,3732.8000,3731.6000,3731.2000,3731.0000,3730.8000,3733.8000,3734.4000,3734.8000,3735.2000,3735.4000,1,1,6,1,4,1,2,1,1,1
SF,IF2005,2020-04-13 10:47:28.100,3732.8000,10725,1,3587183820.000,1,1,0,双开,S,3731.2000,3731.0000,3730.8000,3730.6000,3730.2000,3732.4000,3732.8000,3733.2000,3733.6000,3733.8000,6,1,4,2,1,1,5,2,1,1
SF,IF2005,2020-04-13 10:47:28.600,3732.8000,10725,0,3587183820.000,0,-,-,-,-,3731.4000,3731.2000,3731.0000,3730.8000,3730.6000,3732.4000,3732.8000,3733.2000,3733.4000,3733.6000,1,6,1,4,2,1,4,5,1,2
SF,IF2005,2020-04-13 10:47:29.100,3732.8000,10725,0,3587183820.000,0,-,-,-,-,3731.4000,3731.2000,3731.0000,3730.8000,3730.6000,3732.2000,3732.4000,3732.8000,3733.2000,3733.4000,1,1,1,4,2,1,1,4,5,1
SF,IF2005,2020-04-13 10:47:29.600,3731.4000,10724,-1,3588303240.000,1,0,1,双平,S,3731.2000,3731.0000,3730.8000,3730.6000,3730.2000,3731.4000,3732.2000,3732.4000,3732.8000,3733.2000,1,1,2,1,1,1,2,1,2,5
SF,IF2005,2020-04-13 10:47:30.100,3731.4000,10724,0,3588303240.000,0,-,-,-,-,3730.2000,3729.0000,3728.0000,3727.0000,3725.6000,3731.4000,3732.0000,3732.2000,3732.4000,3733.4000,1,1,2,1,1,1,1,1,1,1
SF,IF2005,2020-04-13 10:47:30.600,3730.6000,10723,-1,3589422420.000,1,0,1,双平,S,3730.4000,3730.2000,3729.0000,3728.0000,3727.0000,3732.0000,3732.2000,3732.4000,3733.4000,3733.6000,3,5,1,2,1,1,1,1,1,1
SF,IF2005,2020-04-13 10:47:31.100,3730.6000,10723,0,3589422420.000,0,-,-,-,-,3730.4000,3730.2000,3729.0000,3728.0000,3727.0000,3731.8000,3732.0000,3732.4000,3733.4000,3733.6000,3,5,1,2,1,2,2,1,1,1
SF,IF2005,2020-04-13 10:47:31.600,3731.8000,10723,0,3590541960.000,1,0,1,多换,S,3730.8000,3730.6000,3730.4000,3730.2000,3729.0000,3731.8000,3732.0000,3732.4000,3733.4000,3733.6000,1,2,3,5,1,1,1,1,1,1
SF,IF2005,2020-04-13 10:47:32.100,3731.8000,10723,0,3590541960.000,0,-,-,-,-,3731.0000,3730.8000,3730.6000,3730.4000,3730.2000,3731.8000,3732.0000,3732.4000,3733.4000,3733.6000,1,1,2,2,4,1,1,1,1,1
SF,IF2005,2020-04-13 10:47:32.600,3732.0000,10723,0,3591661560.000,1,0,1,多换,S,3731.8000,3731.0000,3730.8000,3730.6000,3730.4000,3732.4000,3733.4000,3733.6000,3733.8000,3734.4000,1,4,1,1,2,1,1,1,1,2
SF,IF2005,2020-04-13 10:47:33.100,3732.0000,10723,0,3591661560.000,0,-,-,-,-,3731.2000,3731.0000,3730.8000,3730.6000,3730.4000,3732.4000,3733.4000,3733.6000,3733.8000,3734.4000,1,4,1,1,2,1,1,1,1,2
SF,IF2005,2020-04-13 10:47:33.600,3732.0000,10723,0,3591661560.000,0,-,-,-,-,3731.4000,3731.2000,3730.8000,3730.6000,3730.4000,3732.4000,3733.4000,3733.6000,3733.8000,3734.4000,1,1,1,1,2,1,1,1,1,2
SF,IF2005,2020-04-13 10:47:34.100,3732.0000,10723,0,3591661560.000,0,-,-,-,-,3731.4000,3731.2000,3730.8000,3730.6000,3730.4000,3732.4000,3733.4000,3733.6000,3733.8000,3734.4000,4,1,1,1,2,1,1,1,1,2
SF,IF2005,2020-04-13 10:47:34.600,3732.0000,10723,0,3591661560.000,0,-,-,-,-,3731.4000,3731.2000,3730.8000,3730.6000,3730.4000,3732.4000,3733.4000,3733.6000,3733.8000,3734.4000,2,1,1,1,2,1,1,1,1,2
SF,IF2005,2020-04-13 10:47:36.600,3732.4000,10724,1,3592781280.000,1,1,0,双开,S,3731.6000,3731.4000,3731.2000,3730.8000,3730.6000,3733.4000,3733.6000,3733.8000,3734.4000,3734.8000,3,2,1,1,1,1,1,1,2,1
SF,IF2005,2020-04-13 10:47:37.100,3732.4000,10724,0,3592781280.000,0,-,-,-,-,3731.8000,3731.4000,3730.8000,3730.6000,3730.4000,3732.2000,3732.6000,3733.0000,3733.2000,3733.4000,1,1,1,1,2,1,2,6,1,1
SF,IF2005,2020-04-13 10:47:37.600,3731.8000,10724,0,3593900820.000,1,0,1,多换,S,3731.4000,3730.8000,3730.6000,3730.4000,3729.0000,3732.2000,3732.6000,3733.0000,3733.2000,3733.4000,1,1,1,2,1,1,1,1,1,1
SF,IF2005,2020-04-13 10:47:38.100,3731.8000,10724,0,3593900820.000,0,-,-,-,-,3730.8000,3730.4000,3729.0000,3728.0000,3725.6000,3732.0000,3733.4000,3733.6000,3733.8000,3734.4000,1,2,1,2,1,2,1,1,1,2
SF,IF2005,2020-04-13 10:47:38.600,3731.8000,10724,0,3593900820.000,0,-,-,-,-,3730.8000,3730.4000,3729.0000,3728.0000,3725.6000,3731.8000,3732.0000,3733.4000,3733.6000,3733.8000,1,2,1,2,1,1,2,1,1,1
SF,IF2005,2020-04-13 10:47:39.100,3731.8000,10724,0,3593900820.000,0,-,-,-,-,3730.8000,3730.4000,3729.0000,3728.0000,3725.6000,3731.8000,3732.0000,3733.4000,3733.6000,3733.8000,1,2,1,2,1,1,1,1,1,1
SF,IF2005,2020-04-13 10:47:42.100,3731.8000,10724,0,3593900820.000,0,-,-,-,-,3730.8000,3730.4000,3729.0000,3728.0000,3725.6000,3731.8000,3732.0000,3733.4000,3733.6000,3733.8000,1,2,1,2,1,1,1,1,1,1
SF,IF2005,2020-04-13 10:47:44.100,3731.8000,10724,0,3595020360.000,1,0,1,多换,S,3730.8000,3730.4000,3729.0000,3728.0000,3725.6000,3732.0000,3733.4000,3733.6000,3733.8000,3734.4000,1,2,1,2,1,1,1,1,1,2
SF,IF2005,2020-04-13 10:47:44.600,3731.8000,10724,0,3595020360.000,0,-,-,-,-,3731.0000,3730.8000,3730.4000,3729.0000,3728.0000,3732.0000,3733.4000,3733.6000,3733.8000,3734.4000,11,1,2,1,2,1,1,1,1,2
SF,IF2005,2020-04-13 10:47:45.100,3732.0000,10724,0,3596139960.000,1,0,1,多换,S,3731.2000,3731.0000,3730.8000,3730.4000,3729.0000,3733.4000,3733.6000,3733.8000,3734.4000,3734.8000,1,11,1,2,1,1,1,1,2,1
SF,IF2005,2020-04-13 10:47:45.600,3732.0000,10724,0,3596139960.000,0,-,-,-,-,3731.4000,3731.2000,3731.0000,3730.8000,3730.4000,3732.8000,3733.0000,3733.2000,3733.4000,3733.6000,3,1,9,1,2,2,1,3,1,1
SF,IF2005,2020-04-13 10:47:46.100,3732.0000,10724,0,3596139960.000,0,-,-,-,-,3731.4000,3731.2000,3731.0000,3730.8000,3730.4000,3732.6000,3732.8000,3733.0000,3733.2000,3733.4000,3,1,9,1,2,1,2,1,2,2
SF,IF2005,2020-04-13 10:47:46.600,3732.0000,10724,0,3596139960.000,0,-,-,-,-,3731.4000,3731.2000,3731.0000,3730.8000,3730.4000,3732.4000,3732.6000,3733.0000,3733.2000,3733.4000,2,1,5,1,2,2,2,1,1,1
SF,IF2005,2020-04-13 10:47:47.100,3732.0000,10724,0,3596139960.000,0,-,-,-,-,3731.4000,3731.0000,3730.8000,3730.4000,3729.0000,3732.4000,3732.6000,3733.2000,3733.4000,3733.6000,1,3,1,2,1,2,2,1,1,1
SF,IF2005,2020-04-13 10:47:47.600,3731.4000,10723,-1,3597259380.000,1,0,1,双平,S,3730.8000,3730.4000,3729.0000,3728.0000,3725.6000,3731.8000,3732.0000,3732.2000,3732.4000,3733.2000,1,2,1,2,1,1,2,2,1,1
SF,IF2005,2020-04-13 10:47:48.100,3731.4000,10723,0,3597259380.000,0,-,-,-,-,3730.8000,3730.4000,3729.0000,3728.0000,3725.6000,3731.6000,3731.8000,3732.0000,3732.2000,3732.4000,1,2,1,2,1,1,1,1,1,1
SF,IF2005,2020-04-13 10:47:48.600,3731.4000,10723,0,3597259380.000,0,-,-,-,-,3730.8000,3730.4000,3729.0000,3728.0000,3725.6000,3731.6000,3731.8000,3732.0000,3732.2000,3733.2000,1,2,1,2,1,1,1,1,1,1
SF,IF2005,2020-04-13 10:47:49.100,3731.4000,10723,0,3597259380.000,0,-,-,-,-,3730.8000,3730.4000,3729.0000,3728.0000,3725.6000,3731.6000,3731.8000,3732.0000,3732.2000,3733.2000,1,2,1,2,1,1,1,1,1,1
SF,IF2005,2020-04-13 10:47:49.600,3731.4000,10723,0,3597259380.000,0,-,-,-,-,3730.8000,3730.4000,3729.0000,3728.0000,3725.6000,3731.6000,3731.8000,3732.0000,3733.2000,3733.4000,1,2,1,2,1,1,1,1,1,1
SF,IF2005,2020-04-13 10:47:50.100,3731.4000,10723,0,3597259380.000,0,-,-,-,-,3730.8000,3730.4000,3729.0000,3728.0000,3725.6000,3731.6000,3731.8000,3732.0000,3733.2000,3733.4000,1,2,1,2,1,2,1,1,1,1
SF,IF2005,2020-04-13 10:47:50.600,3731.4000,10723,0,3597259380.000,0,-,-,-,-,3730.8000,3730.4000,3729.0000,3728.0000,3725.6000,3731.6000,3731.8000,3732.0000,3733.2000,3733.4000,1,2,1,2,1,2,1,1,1,1
SF,IF2005,2020-04-13 10:47:51.100,3731.4000,10723,0,3597259380.000,0,-,-,-,-,3730.8000,3730.4000,3729.0000,3728.0000,3725.6000,3731.6000,3731.8000,3732.0000,3733.2000,3733.4000,1,2,1,2,1,1,1,1,1,1
SF,IF2005,2020-04-13 10:47:52.100,3731.4000,10723,0,3597259380.000,0,-,-,-,-,3730.8000,3730.4000,3729.0000,3728.0000,3725.6000,3731.6000,3731.8000,3732.0000,3733.2000,3733.4000,1,2,1,2,1,2,1,1,1,1
SF,IF2005,2020-04-13 10:47:52.600,3731.4000,10723,0,3597259380.000,0,-,-,-,-,3730.8000,3730.4000,3729.0000,3728.0000,3725.6000,3731.6000,3731.8000,3732.0000,3733.2000,3733.4000,1,2,1,2,1,2,1,1,1,1
SF,IF2005,2020-04-13 10:47:53.100,3731.8000,10722,-1,3599498400.000,2,0,2,多平,S,3731.6000,3731.0000,3730.8000,3730.4000,3729.0000,3732.0000,3733.2000,3733.4000,3733.6000,3733.8000,2,2,1,2,1,1,1,1,1,1
SF,IF2005,2020-04-13 10:47:53.600,3732.0000,10723,1,3601737480.000,2,1,1,空开,S,3731.0000,3730.8000,3730.4000,3729.0000,3728.0000,3733.2000,3733.4000,3733.6000,3733.8000,3734.4000,2,1,2,1,2,1,1,1,1,2
SF,IF2005,2020-04-13 10:47:54.100,3732.0000,10723,0,3601737480.000,0,-,-,-,-,3731.2000,3730.8000,3730.4000,3729.0000,3728.0000,3732.4000,3732.6000,3732.8000,3733.0000,3733.2000,1,1,2,1,2,1,1,5,3,1
SF,IF2005,2020-04-13 10:47:54.600,3732.0000,10723,0,3601737480.000,0,-,-,-,-,3731.2000,3730.8000,3730.4000,3729.0000,3728.0000,3732.2000,3732.4000,3732.6000,3732.8000,3733.0000,1,1,2,1,2,1,1,1,5,2
SF,IF2005,2020-04-13 10:47:55.100,3732.0000,10723,0,3601737480.000,0,-,-,-,-,3731.2000,3730.8000,3730.4000,3729.0000,3728.0000,3732.2000,3732.4000,3732.6000,3733.0000,3733.2000,1,1,2,1,2,1,1,1,2,1
SF,IF2005,2020-04-13 10:47:56.100,3732.0000,10723,0,3601737480.000,0,-,-,-,-,3731.2000,3730.8000,3730.4000,3729.0000,3728.0000,3732.2000,3732.4000,3732.6000,3733.0000,3733.2000,1,1,2,1,2,1,1,1,2,1
SF,IF2005,2020-04-13 10:47:56.600,3732.0000,10723,0,3601737480.000,0,-,-,-,-,3731.4000,3731.2000,3730.8000,3730.4000,3729.0000,3732.2000,3732.4000,3732.6000,3733.0000,3733.2000,1,1,1,2,1,1,1,1,2,1
SF,IF2005,2020-04-13 10:47:57.100,3732.0000,10723,0,3601737480.000,0,-,-,-,-,3731.6000,3731.4000,3730.8000,3730.4000,3729.0000,3732.2000,3732.4000,3732.6000,3733.0000,3733.2000,1,1,1,2,1,1,1,1,2,1
SF,IF2005,2020-04-13 10:47:57.600,3732.2000,10723,0,3602857140.000,1,0,1,多换,S,3731.6000,3731.4000,3730.8000,3730.4000,3729.0000,3732.6000,3733.0000,3733.2000,3733.6000,3733.8000,1,1,1,2,1,1,1,1,1,1
SF,IF2005,2020-04-13 10:47:58.100,3732.2000,10723,0,3602857140.000,0,-,-,-,-,3731.8000,3731.6000,3730.8000,3730.4000,3729.0000,3732.6000,3733.2000,3733.6000,3733.8000,3734.4000,2,1,1,2,1,1,1,1,1,2
SF,IF2005,2020-04-13 10:47:58.600,3732.2000,10723,0,3602857140.000,0,-,-,-,-,3731.8000,3731.6000,3730.8000,3730.4000,3729.0000,3733.6000,3733.8000,3734.4000,3734.8000,3735.2000,2,1,1,2,1,1,1,2,1,1
SF,IF2005,2020-04-13 10:47:59.100,3732.2000,10723,0,3602857140.000,0,-,-,-,-,3731.8000,3731.6000,3730.8000,3730.4000,3729.0000,3732.6000,3733.0000,3733.2000,3733.4000,3733.6000,2,1,1,2,1,1,6,1,4,1
SF,IF2005,2020-04-13 10:47:59.600,3732.2000,10723,0,3602857140.000,0,-,-,-,-,3732.0000,3731.8000,3730.8000,3730.4000,3729.0000,3733.0000,3733.4000,3733.6000,3733.8000,3734.4000,1,2,1,2,1,1,4,1,1,2
SF,IF2005,2020-04-13 10:48:00.100,3732.2000,10723,0,3602857140.000,0,-,-,-,-,3732.0000,3731.8000,3730.8000,3730.4000,3729.0000,3732.8000,3733.0000,3733.4000,3733.6000,3733.8000,1,2,1,2,1,1,1,3,1,1
SF,IF2005,2020-04-13 10:48:00.600,3732.2000,10723,0,3602857140.000,0,-,-,-,-,3731.8000,3730.8000,3730.4000,3729.0000,3728.0000,3732.6000,3732.8000,3733.0000,3733.4000,3733.6000,1,1,2,1,2,1,1,1,3,1
SF,IF2005,2020-04-13 10:48:01.100,3732.2000,10723,0,3602857140.000,0,-,-,-,-,3731.8000,3730.8000,3730.4000,3729.0000,3728.0000,3732.8000,3733.0000,3733.4000,3733.6000,3733.8000,1,1,2,1,2,1,1,3,1,1
SF,IF2005,2020-04-13 10:48:01.600,3732.2000,10723,0,3602857140.000,0,-,-,-,-,3731.8000,3730.8000,3730.4000,3729.0000,3728.0000,3732.6000,3732.8000,3733.0000,3733.4000,3733.6000,1,1,2,1,2,1,1,1,3,1
SF,IF2005,2020-04-13 10:48:02.100,3732.2000,10723,0,3602857140.000,0,-,-,-,-,3731.8000,3730.8000,3730.4000,3729.0000,3728.0000,3732.6000,3732.8000,3733.0000,3733.4000,3733.6000,2,1,2,1,2,1,1,1,3,1
SF,IF2005,2020-04-13 10:48:02.600,3731.8000,10723,0,3603976680.000,1,0,1,多换,S,3731.8000,3730.8000,3730.4000,3729.0000,3728.0000,3732.6000,3732.8000,3733.4000,3733.6000,3733.8000,1,1,2,1,2,1,1,3,1,1
SF,IF2005,2020-04-13 10:48:03.600,3731.8000,10723,0,3603976680.000,0,-,-,-,-,3731.8000,3730.8000,3730.4000,3729.0000,3728.0000,3732.4000,3732.6000,3732.8000,3733.4000,3733.6000,1,1,2,1,2,1,1,1,3,1
SF,IF2005,2020-04-13 10:48:05.100,3731.8000,10723,0,3603976680.000,0,-,-,-,-,3731.8000,3730.8000,3730.4000,3729.0000,3728.0000,3732.4000,3732.6000,3732.8000,3733.0000,3733.4000,1,1,2,1,2,1,1,1,1,3
SF,IF2005,2020-04-13 10:48:09.600,3732.4000,10723,0,3605096400.000,1,0,1,多换,S,3731.8000,3730.8000,3730.4000,3729.0000,3728.0000,3732.6000,3732.8000,3733.0000,3733.4000,3733.6000,1,1,2,1,2,1,1,1,3,1
SF,IF2005,2020-04-13 10:48:12.100,3732.4000,10723,0,3605096400.000,0,-,-,-,-,3732.4000,3731.8000,3730.8000,3730.4000,3729.0000,3732.6000,3732.8000,3733.0000,3733.4000,3733.6000,1,1,1,2,1,1,1,1,3,1
SF,IF2005,2020-04-13 10:48:12.600,3731.8000,10723,0,3607335660.000,2,1,1,多换,S,3730.8000,3730.4000,3729.0000,3728.0000,3725.6000,3732.0000,3732.2000,3732.8000,3733.0000,3733.4000,1,2,1,2,1,2,1,1,1,3
SF,IF2005,2020-04-13 10:48:13.100,3731.8000,10723,0,3607335660.000,0,-,-,-,-,3731.0000,3730.8000,3730.4000,3729.0000,3728.0000,3732.0000,3732.4000,3732.8000,3733.0000,3733.4000,3,1,2,1,2,2,3,1,1,3
SF,IF2005,2020-04-13 10:48:13.600,3731.8000,10723,0,3607335660.000,0,-,-,-,-,3731.0000,3730.8000,3730.4000,3729.0000,3728.0000,3732.0000,3732.4000,3732.8000,3733.0000,3733.4000,3,1,2,1,2,2,2,1,1,3
SF,IF2005,2020-04-13 10:48:14.100,3731.0000,10722,-1,3608454960.000,1,0,1,双平,S,3731.0000,3730.8000,3730.4000,3729.0000,3728.0000,3731.8000,3732.0000,3732.4000,3733.0000,3733.4000,2,1,2,1,2,1,2,1,1,3
SF,IF2005,2020-04-13 10:48:17.600,3732.0000,10723,1,3610694100.000,2,1,1,空开,S,3731.8000,3731.6000,3731.2000,3731.0000,3730.8000,3732.4000,3733.0000,3733.4000,3733.6000,3733.8000,10,1,2,1,1,1,1,3,1,1
SF,IF2005,2020-04-13 10:48:18.100,3732.4000,10723,0,3611813820.000,1,0,1,多换,S,3731.8000,3731.2000,3731.0000,3730.8000,3730.4000,3733.0000,3733.4000,3733.6000,3733.8000,3734.4000,11,2,3,1,2,1,3,1,1,2
SF,IF2005,2020-04-13 10:48:18.600,3732.4000,10723,0,3611813820.000,0,-,-,-,-,3732.0000,3731.8000,3731.2000,3731.0000,3730.8000,3732.8000,3733.0000,3733.4000,3733.6000,3733.8000,1,10,1,2,1,1,1,3,1,1
SF,IF2005,2020-04-13 10:48:19.100,3732.4000,10723,0,3611813820.000,0,-,-,-,-,3732.0000,3731.8000,3731.2000,3731.0000,3730.8000,3732.6000,3732.8000,3733.0000,3733.4000,3733.6000,1,10,1,2,1,1,1,1,3,1
SF,IF2005,2020-04-13 10:48:23.100,3732.4000,10723,0,3611813820.000,0,-,-,-,-,3732.0000,3731.8000,3731.2000,3730.8000,3730.4000,3732.6000,3732.8000,3733.0000,3733.4000,3733.6000,1,10,1,1,2,1,1,1,3,1
SF,IF2005,2020-04-13 10:48:23.600,3732.4000,10723,0,3611813820.000,0,-,-,-,-,3732.4000,3732.0000,3731.8000,3731.2000,3730.8000,3732.6000,3732.8000,3733.0000,3733.4000,3733.6000,2,1,10,1,1,1,1,1,2,1
SF,IF2005,2020-04-13 10:48:24.100,3732.6000,10723,0,3612933600.000,1,0,1,多换,S,3732.4000,3732.2000,3732.0000,3731.8000,3731.2000,3733.0000,3733.6000,3733.8000,3734.4000,3734.8000,2,1,1,10,1,1,1,1,2,1
SF,IF2005,2020-04-13 10:48:28.600,3732.6000,10723,0,3612933600.000,0,-,-,-,-,3732.6000,3732.2000,3732.0000,3731.8000,3731.2000,3733.0000,3733.6000,3733.8000,3734.4000,3734.8000,1,1,1,10,1,1,1,1,2,1
SF,IF2005,2020-04-13 10:48:29.100,3732.6000,10723,0,3612933600.000,0,-,-,-,-,3732.6000,3732.2000,3732.0000,3731.8000,3731.2000,3733.0000,3733.6000,3733.8000,3734.4000,3734.8000,2,1,1,10,1,1,1,1,2,1
SF,IF2005,2020-04-13 10:48:30.100,3732.6000,10723,0,3615173160.000,2,1,1,多换,S,3732.2000,3732.0000,3731.8000,3731.2000,3730.8000,3733.0000,3733.6000,3733.8000,3734.4000,3734.8000,1,1,10,1,1,6,1,1,2,1
SF,IF2005,2020-04-13 10:48:31.100,3732.6000,10723,0,3615173160.000,0,-,-,-,-,3732.2000,3732.0000,3731.2000,3730.8000,3730.4000,3733.0000,3733.6000,3733.8000,3734.4000,3734.8000,1,1,1,1,2,6,1,1,2,1
SF,IF2005,2020-04-13 10:48:32.100,3732.6000,10723,0,3615173160.000,0,-,-,-,-,3732.2000,3732.0000,3731.2000,3730.8000,3730.4000,3733.0000,3733.6000,3733.8000,3734.4000,3734.8000,1,1,1,1,2,6,1,1,2,1
SF,IF2005,2020-04-13 10:48:34.100,3732.6000,10723,0,3615173160.000,0,-,-,-,-,3732.0000,3731.2000,3730.8000,3730.4000,3729.0000,3733.0000,3733.6000,3733.8000,3734.4000,3734.8000,1,1,1,2,1,6,1,1,2,1
SF,IF2005,2020-04-13 10:48:34.600,3732.0000,10722,-1,3616292760.000,1,0,1,双平,S,3731.2000,3730.8000,3730.4000,3729.0000,3728.0000,3732.8000,3733.0000,3733.6000,3733.8000,3734.4000,1,1,2,1,2,1,6,1,1,2
SF,IF2005,2020-04-13 10:48:35.100,3732.0000,10722,0,3616292760.000,0,-,-,-,-,3731.4000,3731.2000,3730.8000,3730.4000,3729.0000,3732.6000,3732.8000,3733.0000,3733.6000,3733.8000,2,1,1,2,1,1,1,6,1,1
SF,IF2005,2020-04-13 10:48:43.100,3732.6000,10722,0,3617412540.000,1,0,1,多换,S,3731.4000,3731.2000,3730.8000,3730.4000,3729.0000,3732.8000,3733.0000,3733.6000,3733.8000,3734.4000,2,1,1,2,1,1,6,1,1,2
SF,IF2005,2020-04-13 10:48:43.600,3732.6000,10722,0,3617412540.000,0,-,-,-,-,3731.6000,3731.4000,3731.2000,3730.8000,3730.4000,3732.8000,3733.0000,3733.6000,3733.8000,3734.4000,1,2,1,1,2,1,6,1,1,2
SF,IF2005,2020-04-13 10:48:44.100,3732.6000,10722,0,3617412540.000,0,-,-,-,-,3731.8000,3731.6000,3731.2000,3730.8000,3730.4000,3732.8000,3733.0000,3733.6000,3733.8000,3734.4000,2,1,1,1,2,1,6,1,1,2
SF,IF2005,2020-04-13 10:48:53.600,3732.6000,10722,0,3617412540.000,0,-,-,-,-,3731.8000,3731.6000,3731.2000,3730.8000,3730.4000,3732.2000,3732.8000,3733.0000,3733.6000,3733.8000,2,1,1,1,2,1,2,6,1,1
SF,IF2005,2020-04-13 10:48:55.600,3732.6000,10723,1,3618532320.000,1,1,0,双开,S,3731.8000,3731.6000,3731.2000,3730.8000,3730.4000,3732.8000,3733.0000,3733.6000,3733.8000,3734.4000,2,1,1,1,2,2,6,1,1,2
SF,IF2005,2020-04-13 10:48:57.600,3732.6000,10723,0,3618532320.000,0,-,-,-,-,3732.0000,3731.8000,3731.6000,3731.2000,3730.8000,3732.8000,3733.0000,3733.6000,3733.8000,3734.4000,1,2,1,1,1,2,6,1,1,2
SF,IF2005,2020-04-13 10:48:58.100,3732.6000,10723,0,3618532320.000,0,-,-,-,-,3732.2000,3732.0000,3731.8000,3731.6000,3731.2000,3732.8000,3733.0000,3733.6000,3733.8000,3734.4000,1,1,1,1,1,2,6,1,1,2
SF,IF2005,2020-04-13 10:48:59.100,3732.6000,10723,0,3618532320.000,0,-,-,-,-,3732.2000,3732.0000,3731.8000,3731.6000,3731.2000,3732.8000,3733.0000,3733.6000,3733.8000,3734.4000,1,1,1,1,1,2,6,1,1,2
SF,IF2005,2020-04-13 10:48:59.600,3732.8000,10723,0,3619652160.000,1,0,1,多换,S,3732.2000,3732.0000,3731.6000,3731.2000,3730.8000,3733.0000,3733.6000,3733.8000,3734.4000,3734.8000,1,1,1,1,1,6,1,1,2,1
SF,IF2005,2020-04-13 10:49:01.600,3732.8000,10723,0,3619652160.000,0,-,-,-,-,3732.2000,3731.6000,3731.2000,3730.8000,3730.4000,3733.0000,3733.6000,3733.8000,3734.4000,3734.8000,1,1,1,1,2,6,1,1,2,1
SF,IF2005,2020-04-13 10:49:02.100,3732.8000,10723,0,3619652160.000,0,-,-,-,-,3732.8000,3732.2000,3731.6000,3731.2000,3730.8000,3733.0000,3733.6000,3733.8000,3734.4000,3734.8000,1,1,1,1,1,6,1,1,2,1
SF,IF2005,2020-04-13 10:49:02.600,3732.8000,10723,0,3620772000.000,1,0,1,多换,S,3732.2000,3731.6000,3731.2000,3730.8000,3730.4000,3733.0000,3733.6000,3733.8000,3734.4000,3734.8000,1,1,1,1,2,6,1,1,2,1
SF,IF2005,2020-04-13 10:49:03.100,3732.2000,10722,-1,3621891660.000,1,0,1,双平,S,3731.6000,3731.2000,3730.8000,3730.4000,3729.0000,3732.6000,3732.8000,3733.0000,3733.6000,3733.8000,1,1,1,2,1,2,1,6,1,1
SF,IF2005,2020-04-13 10:49:03.600,3732.2000,10722,0,3621891660.000,0,-,-,-,-,3731.6000,3731.2000,3730.8000,3730.4000,3729.0000,3732.4000,3732.6000,3732.8000,3733.0000,3733.6000,1,1,1,2,1,1,2,1,6,1
SF,IF2005,2020-04-13 10:49:04.100,3732.2000,10722,0,3621891660.000,0,-,-,-,-,3731.2000,3730.8000,3730.4000,3729.0000,3728.0000,3732.4000,3732.8000,3733.0000,3733.6000,3733.8000,1,1,2,1,1,1,1,6,1,1
SF,IF2005,2020-04-13 10:49:05.100,3732.2000,10722,0,3621891660.000,0,-,-,-,-,3731.2000,3730.8000,3730.4000,3729.0000,3728.0000,3732.4000,3732.8000,3733.0000,3733.6000,3733.8000,1,1,2,1,1,1,2,6,1,1
SF,IF2005,2020-04-13 10:49:05.600,3732.2000,10722,0,3621891660.000,0,-,-,-,-,3731.4000,3731.2000,3730.8000,3730.4000,3729.0000,3732.4000,3732.8000,3733.0000,3733.6000,3733.8000,2,1,1,2,1,1,2,6,1,1
SF,IF2005,2020-04-13 10:49:07.100,3732.2000,10722,0,3621891660.000,0,-,-,-,-,3731.8000,3731.6000,3731.4000,3731.2000,3730.8000,3732.4000,3732.8000,3733.0000,3733.6000,3733.8000,1,1,1,1,1,1,1,6,1,1
SF,IF2005,2020-04-13 10:49:08.100,3732.2000,10722,0,3621891660.000,0,-,-,-,-,3731.8000,3731.6000,3731.4000,3731.2000,3730.8000,3732.4000,3733.0000,3733.6000,3733.8000,3734.4000,1,1,1,1,1,1,6,1,1,2
SF,IF2005,2020-04-13 10:49:08.600,3732.2000,10722,0,3621891660.000,0,-,-,-,-,3731.8000,3731.6000,3731.4000,3731.2000,3730.8000,3732.6000,3733.0000,3733.6000,3733.8000,3734.4000,1,1,1,1,1,1,6,1,1,2
SF,IF2005,2020-04-13 10:49:10.100,3732.2000,10722,0,3621891660.000,0,-,-,-,-,3732.4000,3731.8000,3731.6000,3731.4000,3731.2000,3732.6000,3733.0000,3733.6000,3733.8000,3734.4000,2,1,1,1,1,1,6,1,1,2
SF,IF2005,2020-04-13 10:49:10.600,3732.2000,10722,0,3621891660.000,0,-,-,-,-,3732.4000,3731.6000,3731.4000,3731.2000,3730.8000,3732.6000,3733.0000,3733.6000,3733.8000,3734.4000,1,1,1,1,1,1,6,1,1,2
SF,IF2005,2020-04-13 10:49:11.600,3732.6000,10723,1,3623011440.000,1,1,0,双开,S,3732.4000,3731.6000,3731.4000,3731.2000,3730.8000,3733.0000,3733.6000,3733.8000,3734.4000,3734.8000,1,1,1,1,1,6,1,1,2,1
SF,IF2005,2020-04-13 10:49:13.600,3732.6000,10723,0,3623011440.000,0,-,-,-,-,3732.4000,3731.4000,3731.2000,3730.8000,3730.4000,3733.0000,3733.6000,3733.8000,3734.4000,3734.8000,1,1,1,1,2,6,1,1,2,1
SF,IF2005,2020-04-13 10:49:15.100,3732.4000,10724,1,3624131160.000,1,1,0,双开,S,3731.4000,3731.2000,3730.8000,3730.4000,3729.0000,3733.0000,3733.6000,3733.8000,3734.4000,3734.8000,1,1,1,2,1,6,1,1,2,1
SF,IF2005,2020-04-13 10:49:15.600,3732.4000,10724,0,3624131160.000,0,-,-,-,-,3731.8000,3731.6000,3731.4000,3731.2000,3730.8000,3732.8000,3733.0000,3733.6000,3733.8000,3734.4000,1,2,1,1,1,1,6,1,1,2
SF,IF2005,2020-04-13 10:49:17.100,3732.4000,10724,0,3624131160.000,0,-,-,-,-,3731.8000,3731.6000,3731.4000,3731.2000,3730.8000,3732.8000,3733.0000,3733.6000,3733.8000,3734.4000,1,2,1,1,1,1,6,1,1,2
SF,IF2005,2020-04-13 10:49:18.100,3732.4000,10724,0,3624131160.000,0,-,-,-,-,3732.4000,3731.8000,3731.6000,3731.4000,3731.2000,3732.8000,3733.0000,3733.6000,3733.8000,3734.4000,2,1,2,1,1,1,6,1,1,2
SF,IF2005,2020-04-13 10:49:19.100,3732.4000,10726,2,3626370600.000,2,2,0,双开,S,3731.8000,3731.6000,3731.4000,3731.2000,3730.8000,3732.8000,3733.0000,3733.6000,3733.8000,3734.4000,1,2,1,1,1,1,6,1,1,2
SF,IF2005,2020-04-13 10:49:20.100,3732.4000,10726,0,3626370600.000,0,-,-,-,-,3731.8000,3731.6000,3731.4000,3731.2000,3730.8000,3732.8000,3733.0000,3733.6000,3733.8000,3734.4000,1,1,1,1,1,1,6,1,1,2
SF,IF2005,2020-04-13 10:49:25.100,3732.8000,10726,0,3627490440.000,1,0,1,多换,S,3731.8000,3731.6000,3731.4000,3731.2000,3730.8000,3733.0000,3733.6000,3733.8000,3734.4000,3734.8000,1,1,1,1,1,6,1,1,2,1
SF,IF2005,2020-04-13 10:49:25.600,3732.8000,10726,0,3627490440.000,0,-,-,-,-,3732.0000,3731.8000,3731.6000,3731.2000,3730.8000,3733.0000,3733.6000,3733.8000,3734.4000,3734.8000,1,1,1,1,1,9,1,1,2,1
SF,IF2005,2020-04-13 10:49:26.100,3732.8000,10726,0,3627490440.000,0,-,-,-,-,3732.0000,3731.8000,3731.6000,3731.2000,3730.8000,3732.8000,3733.0000,3733.6000,3733.8000,3734.4000,1,1,1,1,1,1,9,1,1,2
SF,IF2005,2020-04-13 10:49:26.600,3732.8000,10726,0,3627490440.000,0,-,-,-,-,3732.0000,3731.8000,3731.6000,3731.2000,3730.8000,3732.8000,3733.0000,3733.6000,3733.8000,3734.4000,1,1,1,1,1,1,6,1,1,2
SF,IF2005,2020-04-13 10:49:27.100,3732.8000,10726,0,3627490440.000,0,-,-,-,-,3732.0000,3731.8000,3731.6000,3731.2000,3730.8000,3732.6000,3732.8000,3733.0000,3733.6000,3733.8000,1,1,1,1,1,1,1,6,1,1
SF,IF2005,2020-04-13 10:49:31.100,3732.8000,10726,0,3627490440.000,0,-,-,-,-,3732.0000,3731.8000,3731.6000,3731.2000,3730.8000,3732.6000,3732.8000,3733.0000,3733.6000,3733.8000,1,1,1,1,1,1,1,6,1,1
SF,IF2005,2020-04-13 10:49:31.600,3732.8000,10726,0,3627490440.000,0,-,-,-,-,3732.0000,3731.8000,3731.6000,3731.2000,3730.8000,3732.6000,3732.8000,3733.0000,3733.6000,3733.8000,1,1,1,1,1,1,1,6,1,1
SF,IF2005,2020-04-13 10:49:32.100,3732.8000,10726,0,3627490440.000,0,-,-,-,-,3732.0000,3731.8000,3731.6000,3731.2000,3730.8000,3732.6000,3732.8000,3733.0000,3733.6000,3733.8000,1,1,1,1,1,2,1,6,1,1
SF,IF2005,2020-04-13 10:49:32.600,3732.8000,10726,0,3627490440.000,0,-,-,-,-,3732.0000,3731.8000,3731.6000,3731.2000,3730.8000,3732.6000,3732.8000,3733.0000,3733.6000,3733.8000,1,1,1,1,1,1,1,6,1,1
SF,IF2005,2020-04-13 10:49:33.100,3732.8000,10726,0,3627490440.000,0,-,-,-,-,3732.0000,3731.8000,3731.6000,3731.2000,3730.8000,3732.6000,3732.8000,3733.0000,3733.6000,3733.8000,1,1,1,1,1,1,1,6,1,1
SF,IF2005,2020-04-13 10:49:34.100,3732.8000,10726,0,3627490440.000,0,-,-,-,-,3732.0000,3731.8000,3731.6000,3731.2000,3730.8000,3732.6000,3732.8000,3733.0000,3733.6000,3733.8000,1,1,1,1,1,1,1,6,1,1
SF,IF2005,2020-04-13 10:49:34.600,3732.8000,10726,0,3627490440.000,0,-,-,-,-,3732.0000,3731.8000,3731.6000,3731.2000,3730.8000,3732.6000,3732.8000,3733.0000,3733.6000,3733.8000,1,1,1,1,1,2,1,6,1,1
SF,IF2005,2020-04-13 10:49:35.100,3732.8000,10726,0,3627490440.000,0,-,-,-,-,3732.0000,3731.8000,3731.6000,3731.2000,3730.8000,3732.6000,3732.8000,3733.0000,3733.6000,3733.8000,1,1,1,1,1,1,1,6,1,1
SF,IF2005,2020-04-13 10:49:35.600,3732.8000,10726,0,3627490440.000,0,-,-,-,-,3732.0000,3731.8000,3731.6000,3731.2000,3730.8000,3732.2000,3732.6000,3732.8000,3733.0000,3733.6000,1,1,1,1,1,1,1,1,6,1
SF,IF2005,2020-04-13 10:49:36.100,3732.8000,10726,0,3627490440.000,0,-,-,-,-,3732.0000,3731.8000,3731.6000,3731.2000,3730.8000,3732.2000,3732.6000,3732.8000,3733.0000,3733.6000,1,1,1,1,1,2,1,1,6,1
SF,IF2005,2020-04-13 10:49:36.600,3732.2000,10725,-1,3628610100.000,1,0,1,双平,S,3732.0000,3731.8000,3731.6000,3731.2000,3730.8000,3732.6000,3732.8000,3733.0000,3733.6000,3733.8000,1,1,1,1,1,1,1,6,1,1
SF,IF2005,2020-04-13 10:49:37.100,3732.2000,10725,0,3628610100.000,0,-,-,-,-,3732.0000,3731.8000,3731.6000,3731.2000,3730.8000,3732.2000,3732.6000,3732.8000,3733.0000,3733.6000,1,1,1,1,1,1,1,1,6,1
SF,IF2005,2020-04-13 10:49:38.100,3732.2000,10725,0,3628610100.000,0,-,-,-,-,3732.0000,3731.8000,3731.6000,3731.2000,3730.8000,3732.6000,3732.8000,3733.0000,3733.6000,3733.8000,1,1,1,1,1,1,1,6,1,1
SF,IF2005,2020-04-13 10:49:38.600,3732.6000,10727,2,3630849540.000,2,2,0,双开,S,3732.0000,3731.6000,3731.2000,3730.8000,3730.4000,3732.8000,3733.0000,3733.6000,3733.8000,3734.4000,1,1,1,1,2,1,6,1,1,2
SF,IF2005,2020-04-13 10:49:39.100,3732.6000,10727,0,3630849540.000,0,-,-,-,-,3732.4000,3732.0000,3731.6000,3731.2000,3730.8000,3732.8000,3733.0000,3733.6000,3733.8000,3734.4000,1,1,1,1,1,1,6,1,1,2
SF,IF2005,2020-04-13 10:49:39.600,3732.8000,10727,0,3631969380.000,1,0,1,多换,S,3732.4000,3732.0000,3731.2000,3730.8000,3730.4000,3733.0000,3733.6000,3733.8000,3734.4000,3734.8000,1,1,1,1,2,6,1,1,2,1
SF,IF2005,2020-04-13 10:49:40.100,3732.8000,10727,0,3631969380.000,0,-,-,-,-,3732.2000,3732.0000,3731.2000,3730.8000,3730.4000,3733.0000,3733.6000,3733.8000,3734.4000,3734.8000,1,1,1,1,2,6,1,1,2,1
SF,IF2005,2020-04-13 10:49:40.600,3732.8000,10727,0,3631969380.000,0,-,-,-,-,3732.4000,3732.2000,3731.2000,3730.8000,3730.4000,3733.0000,3733.6000,3733.8000,3734.4000,3734.8000,2,1,1,1,2,6,1,1,2,1
SF,IF2005,2020-04-13 10:49:43.600,3732.8000,10727,0,3631969380.000,0,-,-,-,-,3732.4000,3732.2000,3731.2000,3730.8000,3730.4000,3733.0000,3733.6000,3733.8000,3734.4000,3734.8000,2,1,1,1,3,6,1,1,2,1
SF,IF2005,2020-04-13 10:49:44.100,3733.0000,10727,0,3633089280.000,1,0,1,多换,S,3732.4000,3732.2000,3731.2000,3730.8000,3730.4000,3733.0000,3733.6000,3733.8000,3734.4000,3734.8000,2,1,1,1,3,5,1,1,2,1
SF,IF2005,2020-04-13 10:49:45.600,3733.0000,10727,0,3633089280.000,0,-,-,-,-,3732.4000,3732.2000,3731.2000,3730.8000,3730.4000,3733.0000,3733.6000,3733.8000,3734.4000,3734.8000,2,1,1,1,3,5,1,1,2,1
SF,IF2005,2020-04-13 10:49:46.100,3733.0000,10727,0,3636448980.000,3,1,2,多换,S,3732.4000,3732.2000,3731.2000,3730.8000,3730.4000,3733.0000,3733.6000,3733.8000,3734.4000,3734.8000,2,1,1,1,3,2,1,1,2,1
SF,IF2005,2020-04-13 10:49:46.600,3733.0000,10727,0,3636448980.000,0,-,-,-,-,3732.4000,3732.2000,3731.2000,3730.8000,3730.4000,3733.0000,3733.6000,3733.8000,3734.4000,3734.8000,2,1,1,1,3,2,1,1,2,1
SF,IF2005,2020-04-13 10:49:52.600,3732.4000,10727,0,3638688420.000,2,1,1,多换,S,3732.2000,3731.2000,3730.8000,3730.4000,3729.0000,3733.0000,3733.6000,3733.8000,3734.4000,3734.8000,1,1,1,3,1,2,1,1,2,1
SF,IF2005,2020-04-13 10:49:53.600,3733.0000,10727,0,3639808320.000,1,0,1,多换,S,3732.2000,3731.2000,3730.8000,3730.4000,3729.0000,3733.0000,3733.6000,3733.8000,3734.4000,3734.8000,1,1,1,3,1,1,1,1,2,1
SF,IF2005,2020-04-13 10:49:54.100,3733.0000,10727,0,3639808320.000,0,-,-,-,-,3732.2000,3731.2000,3730.8000,3730.4000,3729.0000,3732.8000,3733.0000,3733.6000,3733.8000,3734.4000,1,1,1,3,1,1,1,1,1,2
SF,IF2005,2020-04-13 10:49:58.100,3733.0000,10727,0,3639808320.000,0,-,-,-,-,3732.2000,3731.2000,3730.8000,3730.4000,3729.0000,3733.0000,3733.6000,3733.8000,3734.4000,3734.8000,1,1,1,3,1,1,1,1,2,1
SF,IF2005,2020-04-13 10:50:02.100,3733.0000,10727,0,3640928220.000,1,0,1,多换,S,3732.2000,3731.2000,3730.8000,3730.4000,3729.0000,3733.6000,3733.8000,3734.4000,3734.8000,3735.2000,1,1,1,3,1,1,1,2,1,1
SF,IF2005,2020-04-13 10:50:02.600,3733.0000,10727,0,3640928220.000,0,-,-,-,-,3732.4000,3732.2000,3731.2000,3730.8000,3730.4000,3733.4000,3733.6000,3733.8000,3734.4000,3734.8000,2,1,1,1,3,4,1,1,2,1
SF,IF2005,2020-04-13 10:50:03.100,3733.0000,10727,0,3640928220.000,0,-,-,-,-,3732.4000,3732.2000,3731.2000,3730.8000,3730.4000,3733.4000,3733.6000,3733.8000,3734.4000,3734.8000,3,1,1,1,3,3,1,1,2,1
SF,IF2005,2020-04-13 10:50:03.600,3733.0000,10727,0,3640928220.000,0,-,-,-,-,3732.4000,3732.2000,3731.2000,3730.8000,3730.4000,3733.6000,3733.8000,3734.4000,3734.8000,3735.2000,3,1,1,1,3,1,1,2,1,1
SF,IF2005,2020-04-13 10:50:04.100,3733.0000,10727,0,3640928220.000,0,-,-,-,-,3732.4000,3732.2000,3731.2000,3730.8000,3730.4000,3733.4000,3733.6000,3733.8000,3734.8000,3735.2000,3,1,1,1,3,3,1,1,1,1
SF,IF2005,2020-04-13 10:50:04.600,3733.0000,10727,0,3640928220.000,0,-,-,-,-,3732.4000,3732.2000,3731.2000,3730.8000,3730.4000,3733.6000,3733.8000,3734.8000,3735.2000,3735.4000,3,1,1,1,3,1,1,1,1,2
SF,IF2005,2020-04-13 10:50:05.100,3733.0000,10727,0,3640928220.000,0,-,-,-,-,3732.6000,3732.4000,3732.2000,3731.2000,3730.8000,3733.8000,3734.8000,3735.2000,3735.4000,3736.0000,1,3,1,1,1,1,1,1,2,1
SF,IF2005,2020-04-13 10:50:05.600,3733.0000,10727,0,3640928220.000,0,-,-,-,-,3732.8000,3732.6000,3732.4000,3732.2000,3731.2000,3733.8000,3734.8000,3735.2000,3735.4000,3736.0000,2,1,1,1,1,4,1,1,2,1
SF,IF2005,2020-04-13 10:50:06.100,3733.0000,10727,0,3640928220.000,0,-,-,-,-,3733.4000,3732.8000,3732.6000,3732.4000,3732.2000,3733.8000,3734.8000,3735.2000,3735.4000,3736.0000,1,2,1,1,1,4,1,1,2,1
SF,IF2005,2020-04-13 10:50:06.600,3733.0000,10727,0,3640928220.000,0,-,-,-,-,3733.4000,3732.8000,3732.6000,3732.4000,3732.2000,3733.8000,3734.8000,3735.2000,3735.4000,3736.0000,1,2,1,1,1,4,1,1,2,1
SF,IF2005,2020-04-13 10:50:07.100,3733.0000,10727,0,3640928220.000,0,-,-,-,-,3733.4000,3732.8000,3732.6000,3732.2000,3731.2000,3733.8000,3734.8000,3735.2000,3735.4000,3736.0000,1,2,1,1,1,4,1,1,2,1
SF,IF2005,2020-04-13 10:50:11.100,3733.0000,10727,0,3640928220.000,0,-,-,-,-,3733.4000,3732.8000,3732.6000,3732.2000,3731.2000,3733.8000,3734.8000,3735.2000,3735.4000,3736.0000,1,2,1,1,1,1,1,1,2,1
SF,IF2005,2020-04-13 10:50:13.600,3733.8000,10727,0,3642048360.000,1,0,1,多换,S,3733.4000,3732.8000,3732.6000,3732.2000,3731.2000,3734.8000,3735.2000,3735.4000,3736.0000,3736.8000,1,2,1,1,1,1,1,2,1,2
SF,IF2005,2020-04-13 10:50:14.100,3733.8000,10727,0,3642048360.000,0,-,-,-,-,3733.4000,3732.8000,3732.2000,3731.2000,3730.8000,3734.0000,3734.6000,3734.8000,3735.2000,3735.4000,1,1,1,1,1,3,10,2,1,2
SF,IF2005,2020-04-13 10:50:14.600,3733.8000,10727,0,3642048360.000,0,-,-,-,-,3733.4000,3732.8000,3732.2000,3731.2000,3730.8000,3734.0000,3734.4000,3734.6000,3734.8000,3735.2000,1,1,1,1,1,3,5,11,2,1
SF,IF2005,2020-04-13 10:50:16.100,3733.4000,10728,1,3643168380.000,1,1,0,双开,S,3732.8000,3732.2000,3731.2000,3730.8000,3730.4000,3734.6000,3734.8000,3735.2000,3735.4000,3736.0000,1,1,1,1,3,9,2,1,2,1
SF,IF2005,2020-04-13 10:50:16.600,3733.4000,10728,0,3643168380.000,0,-,-,-,-,3733.0000,3732.8000,3732.2000,3731.2000,3730.8000,3734.2000,3734.4000,3734.6000,3734.8000,3735.2000,2,1,1,1,1,1,4,9,2,1
SF,IF2005,2020-04-13 10:50:17.100,3733.4000,10728,0,3643168380.000,0,-,-,-,-,3733.0000,3732.8000,3732.2000,3731.2000,3730.8000,3734.0000,3734.2000,3734.4000,3734.6000,3734.8000,2,1,1,1,1,1,6,4,8,1
SF,IF2005,2020-04-13 10:50:17.600,3733.4000,10728,0,3643168380.000,0,-,-,-,-,3733.0000,3732.8000,3732.2000,3731.2000,3730.8000,3734.0000,3734.2000,3734.4000,3734.6000,3734.8000,2,1,1,1,1,1,1,4,8,1
SF,IF2005,2020-04-13 10:50:18.100,3733.4000,10728,0,3643168380.000,0,-,-,-,-,3733.4000,3733.0000,3732.8000,3732.2000,3731.2000,3734.0000,3734.2000,3734.4000,3734.6000,3734.8000,2,2,1,1,1,1,1,4,8,1
SF,IF2005,2020-04-13 10:50:20.600,3733.4000,10728,0,3643168380.000,0,-,-,-,-,3733.4000,3733.0000,3732.8000,3732.2000,3731.2000,3734.0000,3734.2000,3734.4000,3734.6000,3734.8000,2,2,1,1,1,1,1,4,8,1
SF,IF2005,2020-04-13 10:50:23.100,3733.4000,10728,0,3643168380.000,0,-,-,-,-,3733.0000,3732.8000,3732.2000,3731.2000,3730.8000,3734.0000,3734.2000,3734.4000,3734.6000,3734.8000,2,1,1,1,1,1,1,4,8,1
SF,IF2005,2020-04-13 10:50:23.600,3733.4000,10728,0,3643168380.000,0,-,-,-,-,3733.0000,3732.8000,3732.2000,3731.2000,3730.8000,3733.2000,3734.0000,3734.2000,3734.4000,3734.6000,2,1,1,1,1,1,1,1,4,8
SF,IF2005,2020-04-13 10:50:24.100,3733.2000,10728,0,3644288340.000,1,0,1,多换,S,3733.4000,3733.0000,3732.8000,3732.2000,3731.2000,3734.0000,3734.2000,3734.4000,3734.6000,3734.8000,2,1,1,1,1,1,1,3,3,1
SF,IF2005,2020-04-13 10:50:24.600,3734.0000,10728,0,3645408540.000,1,0,1,多换,S,3733.4000,3733.0000,3732.8000,3732.2000,3731.2000,3734.2000,3734.4000,3734.6000,3734.8000,3735.2000,2,1,1,1,1,1,3,3,1,1
SF,IF2005,2020-04-13 10:50:25.100,3734.0000,10728,0,3645408540.000,0,-,-,-,-,3733.4000,3733.0000,3732.8000,3732.2000,3731.2000,3734.4000,3734.6000,3734.8000,3735.2000,3735.4000,2,1,1,1,1,3,3,1,1,2
SF,IF2005,2020-04-13 10:50:25.600,3734.0000,10728,0,3645408540.000,0,-,-,-,-,3733.6000,3733.4000,3732.2000,3731.2000,3730.8000,3734.4000,3734.6000,3734.8000,3735.2000,3735.4000,1,2,1,1,1,3,2,1,1,2
SF,IF2005,2020-04-13 10:50:26.100,3734.0000,10728,0,3645408540.000,0,-,-,-,-,3733.6000,3733.4000,3732.2000,3731.2000,3730.8000,3734.4000,3734.6000,3734.8000,3735.2000,3735.4000,2,2,1,1,1,3,2,1,1,2
SF,IF2005,2020-04-13 10:50:26.600,3734.0000,10728,0,3645408540.000,0,-,-,-,-,3733.6000,3733.4000,3732.2000,3731.2000,3730.8000,3734.6000,3734.8000,3735.2000,3735.4000,3736.0000,2,2,1,1,1,1,1,1,2,1
SF,IF2005,2020-04-13 10:50:27.100,3734.0000,10728,0,3645408540.000,0,-,-,-,-,3733.6000,3733.4000,3732.2000,3731.2000,3730.8000,3734.4000,3734.6000,3734.8000,3735.2000,3735.4000,2,2,1,1,1,5,4,1,1,2
SF,IF2005,2020-04-13 10:50:27.600,3734.0000,10728,0,3645408540.000,0,-,-,-,-,3733.6000,3733.4000,3732.2000,3731.2000,3730.8000,3734.6000,3734.8000,3735.2000,3735.4000,3736.0000,2,2,1,1,1,4,1,1,2,1
SF,IF2005,2020-04-13 10:50:28.600,3734.0000,10728,0,3645408540.000,0,-,-,-,-,3733.6000,3732.2000,3731.2000,3730.8000,3730.4000,3734.6000,3734.8000,3735.2000,3735.4000,3736.0000,2,1,1,1,3,4,1,1,2,1
SF,IF2005,2020-04-13 10:50:29.600,3734.0000,10728,0,3645408540.000,0,-,-,-,-,3734.0000,3733.6000,3732.2000,3731.2000,3730.8000,3734.6000,3734.8000,3735.2000,3735.4000,3736.0000,2,2,1,1,1,4,1,1,2,1
SF,IF2005,2020-04-13 10:50:30.100,3734.6000,10729,1,3646528920.000,1,1,0,双开,S,3734.2000,3734.0000,3732.2000,3731.2000,3730.8000,3734.6000,3734.8000,3735.2000,3736.0000,3736.8000,1,2,1,1,1,3,1,1,1,2
SF,IF2005,2020-04-13 10:50:30.600,3734.8000,10730,1,3651010500.000,4,2,2,空开,S,3734.2000,3734.0000,3732.2000,3731.2000,3730.8000,3735.2000,3736.0000,3736.4000,3736.8000,3737.8000,2,2,1,1,1,1,1,2,2,3
SF,IF2005,2020-04-13 10:50:31.100,3734.8000,10730,0,3651010500.000,0,-,-,-,-,3734.4000,3734.2000,3734.0000,3732.2000,3731.2000,3735.2000,3736.0000,3736.4000,3736.8000,3737.8000,1,1,2,1,1,1,1,2,2,3
SF,IF2005,2020-04-13 10:50:31.600,3734.8000,10730,0,3651010500.000,0,-,-,-,-,3734.8000,3734.6000,3734.4000,3734.0000,3732.2000,3735.2000,3736.0000,3736.8000,3737.8000,3738.0000,1,1,2,2,1,1,1,2,3,4
SF,IF2005,2020-04-13 10:50:32.100,3735.2000,10730,0,3652131060.000,1,0,1,多换,S,3734.8000,3734.6000,3734.4000,3734.0000,3732.2000,3736.0000,3736.8000,3737.4000,3737.8000,3738.0000,1,1,1,2,1,1,2,2,3,4
SF,IF2005,2020-04-13 10:50:32.600,3735.2000,10730,0,3652131060.000,0,-,-,-,-,3734.8000,3734.6000,3734.0000,3732.2000,3731.2000,3735.8000,3736.0000,3736.8000,3737.4000,3737.8000,1,1,2,1,1,1,1,2,2,3
SF,IF2005,2020-04-13 10:50:33.100,3735.2000,10730,0,3652131060.000,0,-,-,-,-,3734.8000,3734.6000,3734.0000,3732.2000,3731.2000,3735.8000,3736.0000,3736.8000,3737.4000,3737.8000,1,1,2,1,1,1,1,2,2,3
SF,IF2005,2020-04-13 10:50:33.600,3735.2000,10730,0,3652131060.000,0,-,-,-,-,3734.8000,3734.6000,3734.0000,3732.2000,3731.2000,3735.8000,3736.0000,3736.8000,3737.4000,3737.8000,1,1,2,1,1,1,1,2,2,3
SF,IF2005,2020-04-13 10:50:34.100,3734.8000,10730,0,3653251500.000,1,0,1,多换,S,3734.6000,3732.2000,3731.2000,3730.8000,3730.4000,3735.6000,3735.8000,3736.0000,3736.8000,3737.4000,1,1,1,1,3,2,2,1,2,2
SF,IF2005,2020-04-13 10:50:34.600,3734.8000,10730,0,3653251500.000,0,-,-,-,-,3732.2000,3731.2000,3730.8000,3730.4000,3729.0000,3735.2000,3735.4000,3735.6000,3735.8000,3736.0000,1,1,1,3,1,2,1,6,1,1
SF,IF2005,2020-04-13 10:50:35.100,3735.0000,10731,1,3655492440.000,2,1,1,空开,S,3733.4000,3733.2000,3733.0000,3732.8000,3732.4000,3734.8000,3735.0000,3735.2000,3735.4000,3735.6000,1,5,1,2,7,1,1,1,5,5
SF,IF2005,2020-04-13 10:50:35.600,3735.0000,10731,0,3655492440.000,0,-,-,-,-,3733.6000,3733.4000,3733.2000,3732.8000,3732.4000,3734.6000,3734.8000,3735.4000,3735.6000,3735.8000,1,1,1,2,5,1,1,5,5,1
SF,IF2005,2020-04-13 10:50:36.100,3735.0000,10731,0,3655492440.000,0,-,-,-,-,3733.6000,3733.4000,3733.2000,3732.8000,3732.4000,3734.6000,3734.8000,3735.4000,3735.6000,3735.8000,1,1,1,2,5,1,1,5,5,1
SF,IF2005,2020-04-13 10:50:36.600,3735.0000,10731,0,3655492440.000,0,-,-,-,-,3733.6000,3733.4000,3733.2000,3732.8000,3732.4000,3734.8000,3735.4000,3735.6000,3735.8000,3736.0000,1,1,1,2,5,1,5,5,1,1
SF,IF2005,2020-04-13 10:50:37.100,3735.0000,10731,0,3655492440.000,0,-,-,-,-,3733.8000,3733.6000,3733.2000,3732.8000,3732.4000,3734.8000,3735.6000,3735.8000,3736.0000,3736.2000,1,1,1,2,5,1,5,1,1,2
SF,IF2005,2020-04-13 10:50:37.600,3735.0000,10731,0,3655492440.000,0,-,-,-,-,3734.0000,3733.8000,3733.2000,3732.8000,3732.4000,3735.6000,3735.8000,3736.0000,3736.2000,3736.8000,1,1,1,2,5,5,1,1,2,2
SF,IF2005,2020-04-13 10:50:38.100,3735.0000,10731,0,3655492440.000,0,-,-,-,-,3734.2000,3734.0000,3733.2000,3732.8000,3732.4000,3735.4000,3735.6000,3735.8000,3736.0000,3736.2000,1,1,1,2,5,2,5,1,1,2
SF,IF2005,2020-04-13 10:50:38.600,3735.0000,10731,0,3655492440.000,0,-,-,-,-,3734.4000,3734.2000,3733.2000,3732.8000,3732.4000,3735.4000,3735.8000,3736.0000,3736.8000,3737.8000,1,1,1,2,5,1,1,1,2,3
SF,IF2005,2020-04-13 10:50:39.100,3735.0000,10731,0,3655492440.000,0,-,-,-,-,3734.4000,3734.2000,3733.2000,3732.8000,3732.4000,3735.4000,3735.8000,3736.0000,3736.8000,3737.2000,1,1,1,2,5,1,1,1,2,2
SF,IF2005,2020-04-13 10:50:40.600,3734.4000,10730,-1,3656612760.000,1,0,1,双平,S,3734.2000,3733.2000,3732.8000,3732.4000,3732.2000,3734.4000,3735.4000,3735.8000,3736.0000,3736.8000,1,1,2,5,2,1,1,1,1,2
SF,IF2005,2020-04-13 10:50:41.100,3734.4000,10730,0,3657733080.000,1,0,1,多换,S,3734.4000,3733.2000,3732.8000,3732.4000,3732.2000,3735.2000,3735.4000,3735.8000,3736.0000,3736.8000,1,1,2,4,2,1,1,1,1,2
SF,IF2005,2020-04-13 10:50:41.600,3734.4000,10731,1,3658853400.000,1,1,0,双开,S,3733.2000,3732.8000,3732.4000,3732.2000,3731.2000,3735.4000,3735.8000,3736.0000,3736.8000,3737.2000,1,2,4,2,1,1,1,1,2,2
SF,IF2005,2020-04-13 10:50:42.100,3734.4000,10731,0,3658853400.000,0,-,-,-,-,3734.0000,3733.6000,3733.4000,3733.2000,3732.8000,3735.2000,3735.4000,3735.8000,3736.0000,3736.8000,1,1,4,5,2,2,1,1,1,2
SF,IF2005,2020-04-13 10:50:43.100,3734.4000,10731,0,3658853400.000,0,-,-,-,-,3734.0000,3733.6000,3733.4000,3733.2000,3732.8000,3735.2000,3735.4000,3735.8000,3736.0000,3736.8000,1,1,4,5,2,2,1,1,1,2
SF,IF2005,2020-04-13 10:50:43.600,3734.4000,10731,0,3658853400.000,0,-,-,-,-,3734.0000,3733.4000,3733.2000,3732.8000,3732.4000,3735.2000,3735.4000,3735.8000,3736.0000,3736.8000,1,4,5,2,3,2,1,1,1,2
SF,IF2005,2020-04-13 10:50:44.600,3734.4000,10731,0,3658853400.000,0,-,-,-,-,3734.0000,3733.4000,3733.2000,3732.8000,3732.4000,3735.0000,3735.2000,3735.4000,3735.8000,3736.0000,1,4,5,2,3,3,2,1,1,1
SF,IF2005,2020-04-13 10:50:45.100,3734.4000,10731,0,3658853400.000,0,-,-,-,-,3734.2000,3734.0000,3733.4000,3733.2000,3732.8000,3735.2000,3735.4000,3735.8000,3736.0000,3736.8000,1,1,4,5,2,2,1,1,1,2
SF,IF2005,2020-04-13 10:50:45.600,3734.4000,10731,0,3658853400.000,0,-,-,-,-,3734.4000,3734.2000,3733.4000,3733.2000,3732.8000,3735.2000,3735.4000,3735.8000,3736.0000,3736.8000,2,1,3,5,2,1,1,1,1,2
SF,IF2005,2020-04-13 10:50:46.600,3734.4000,10731,0,3658853400.000,0,-,-,-,-,3734.4000,3733.4000,3733.2000,3732.8000,3732.4000,3735.2000,3735.4000,3735.8000,3736.0000,3736.8000,2,3,5,2,3,1,1,1,1,2
SF,IF2005,2020-04-13 10:50:48.600,3734.4000,10731,0,3658853400.000,0,-,-,-,-,3734.4000,3733.4000,3733.2000,3732.8000,3732.4000,3735.4000,3735.8000,3736.0000,3736.8000,3737.0000,2,3,5,2,3,1,1,1,2,1
SF,IF2005,2020-04-13 10:50:49.600,3734.4000,10731,0,3658853400.000,0,-,-,-,-,3734.4000,3733.4000,3733.2000,3732.8000,3732.4000,3735.4000,3735.8000,3736.0000,3736.8000,3737.0000,2,3,5,2,3,1,2,1,2,1
SF,IF2005,2020-04-13 10:50:50.100,3734.4000,10731,0,3658853400.000,0,-,-,-,-,3734.4000,3733.4000,3733.2000,3732.8000,3732.4000,3735.4000,3735.8000,3736.0000,3736.8000,3737.0000,2,3,5,2,3,1,2,1,2,1
SF,IF2005,2020-04-13 10:50:50.600,3734.4000,10731,0,3661094040.000,2,1,1,多换,S,3733.4000,3733.2000,3732.8000,3732.4000,3732.2000,3735.2000,3735.4000,3735.8000,3736.0000,3736.8000,3,5,2,3,2,1,1,2,1,2
SF,IF2005,2020-04-13 10:50:51.100,3734.4000,10731,0,3661094040.000,0,-,-,-,-,3733.8000,3733.6000,3733.4000,3733.2000,3732.8000,3735.2000,3735.4000,3735.8000,3736.0000,3736.8000,1,2,3,5,2,2,1,2,1,2
SF,IF2005,2020-04-13 10:50:52.100,3734.4000,10731,0,3661094040.000,0,-,-,-,-,3733.8000,3733.6000,3733.4000,3733.2000,3732.8000,3735.0000,3735.2000,3735.8000,3736.0000,3736.8000,1,2,3,5,2,1,2,2,1,2
SF,IF2005,2020-04-13 10:50:52.600,3734.4000,10731,0,3661094040.000,0,-,-,-,-,3733.8000,3733.6000,3733.4000,3733.2000,3732.8000,3734.8000,3735.0000,3735.2000,3735.8000,3736.0000,1,2,3,5,2,1,1,1,2,1
SF,IF2005,2020-04-13 10:50:53.100,3734.4000,10731,0,3661094040.000,0,-,-,-,-,3733.8000,3733.6000,3733.4000,3733.2000,3732.8000,3734.8000,3735.0000,3735.2000,3735.8000,3736.0000,1,1,2,5,2,1,1,1,2,1
SF,IF2005,2020-04-13 10:50:54.100,3734.8000,10731,0,3662214480.000,1,0,1,多换,S,3733.8000,3733.6000,3733.4000,3733.2000,3732.8000,3735.0000,3735.2000,3735.8000,3736.0000,3736.8000,1,1,2,5,2,1,1,2,1,2
SF,IF2005,2020-04-13 10:50:54.600,3734.8000,10731,0,3662214480.000,0,-,-,-,-,3734.0000,3733.8000,3733.4000,3733.2000,3732.8000,3735.0000,3735.2000,3735.8000,3736.0000,3736.8000,1,1,2,5,2,1,1,2,1,2
SF,IF2005,2020-04-13 10:50:58.600,3734.8000,10731,0,3662214480.000,0,-,-,-,-,3734.2000,3734.0000,3733.4000,3733.2000,3732.8000,3735.0000,3735.2000,3735.8000,3736.0000,3736.8000,1,1,2,5,2,1,1,2,1,2
SF,IF2005,2020-04-13 10:51:00.100,3734.8000,10731,0,3662214480.000,0,-,-,-,-,3734.2000,3734.0000,3733.4000,3733.2000,3732.8000,3735.0000,3735.2000,3735.8000,3736.0000,3736.8000,1,1,2,5,2,1,1,2,1,2
SF,IF2005,2020-04-13 10:51:01.600,3735.2000,10731,0,3663335040.000,1,0,1,多换,S,3734.4000,3734.2000,3734.0000,3733.4000,3733.2000,3735.8000,3736.0000,3736.8000,3737.0000,3737.2000,1,1,1,2,5,2,1,2,1,2
SF,IF2005,2020-04-13 10:51:02.100,3735.2000,10731,0,3663335040.000,0,-,-,-,-,3734.6000,3734.4000,3734.2000,3733.4000,3733.2000,3735.6000,3735.8000,3736.0000,3736.8000,3737.0000,1,1,1,2,5,3,1,1,2,1
SF,IF2005,2020-04-13 10:51:02.600,3735.2000,10731,0,3663335040.000,0,-,-,-,-,3734.6000,3734.4000,3734.2000,3733.4000,3733.2000,3735.6000,3735.8000,3736.0000,3736.8000,3737.0000,1,1,1,2,5,3,1,1,2,1
SF,IF2005,2020-04-13 10:51:03.100,3735.2000,10731,0,3663335040.000,0,-,-,-,-,3734.8000,3734.6000,3733.4000,3733.2000,3732.8000,3735.6000,3735.8000,3736.0000,3736.8000,3737.0000,1,1,2,5,2,1,1,1,2,1
SF,IF2005,2020-04-13 10:51:03.600,3735.6000,10731,0,3664455720.000,1,0,1,多换,S,3735.0000,3734.8000,3733.4000,3733.2000,3732.8000,3735.8000,3736.0000,3736.8000,3737.0000,3737.2000,1,2,2,5,2,1,1,2,1,2
SF,IF2005,2020-04-13 10:51:04.100,3735.6000,10731,0,3664455720.000,0,-,-,-,-,3735.2000,3735.0000,3734.8000,3733.4000,3733.2000,3735.8000,3736.0000,3736.8000,3737.0000,3737.8000,1,3,1,2,5,1,1,2,1,3
SF,IF2005,2020-04-13 10:51:04.600,3735.6000,10731,0,3664455720.000,0,-,-,-,-,3735.2000,3735.0000,3734.8000,3733.4000,3733.2000,3735.8000,3736.0000,3736.8000,3737.0000,3737.8000,1,3,1,2,5,1,1,2,1,3
SF,IF2005,2020-04-13 10:51:05.100,3735.6000,10731,0,3664455720.000,0,-,-,-,-,3735.6000,3735.2000,3735.0000,3734.8000,3733.4000,3735.8000,3736.0000,3736.8000,3737.0000,3737.8000,1,1,3,1,2,1,1,2,1,3
SF,IF2005,2020-04-13 10:51:05.600,3735.2000,10732,1,3666696960.000,2,1,1,空开,S,3734.8000,3733.4000,3733.2000,3732.8000,3732.4000,3735.6000,3735.8000,3736.0000,3736.8000,3737.0000,1,2,5,2,3,2,1,1,2,1
SF,IF2005,2020-04-13 10:51:06.100,3735.2000,10732,0,3666696960.000,0,-,-,-,-,3733.4000,3733.2000,3732.8000,3732.4000,3732.2000,3735.8000,3736.0000,3736.8000,3737.0000,3737.8000,2,5,2,3,2,1,1,2,1,3
SF,IF2005,2020-04-13 10:51:06.600,3735.2000,10732,0,3666696960.000,0,-,-,-,-,3734.2000,3733.8000,3733.6000,3733.4000,3733.2000,3735.6000,3735.8000,3736.0000,3736.8000,3737.0000,2,2,5,2,5,3,1,1,2,1
SF,IF2005,2020-04-13 10:51:07.100,3735.2000,10732,0,3666696960.000,0,-,-,-,-,3734.4000,3734.2000,3733.8000,3733.6000,3733.4000,3735.6000,3735.8000,3736.0000,3736.8000,3737.0000,1,2,1,3,2,3,1,1,2,1
SF,IF2005,2020-04-13 10:51:07.600,3735.2000,10732,0,3666696960.000,0,-,-,-,-,3734.4000,3734.2000,3733.8000,3733.6000,3733.4000,3735.6000,3735.8000,3736.0000,3736.8000,3737.0000,1,2,1,3,2,3,1,1,2,1
SF,IF2005,2020-04-13 10:51:08.100,3735.2000,10732,0,3666696960.000,0,-,-,-,-,3734.4000,3734.2000,3733.6000,3733.4000,3733.2000,3735.6000,3735.8000,3736.0000,3736.8000,3737.0000,1,2,3,2,5,3,1,1,2,1
SF,IF2005,2020-04-13 10:51:10.600,3735.2000,10732,0,3666696960.000,0,-,-,-,-,3734.4000,3734.2000,3733.6000,3733.4000,3733.2000,3735.2000,3735.6000,3735.8000,3736.0000,3736.8000,1,2,3,2,5,1,2,1,1,2
SF,IF2005,2020-04-13 10:51:12.100,3735.2000,10732,0,3666696960.000,0,-,-,-,-,3734.4000,3734.2000,3733.6000,3733.4000,3733.2000,3735.2000,3735.6000,3735.8000,3736.0000,3736.8000,1,2,2,2,5,1,2,1,1,2
SF,IF2005,2020-04-13 10:51:13.100,3735.2000,10732,0,3666696960.000,0,-,-,-,-,3734.4000,3734.2000,3734.0000,3733.6000,3733.4000,3735.2000,3735.6000,3735.8000,3736.0000,3736.8000,1,2,1,2,2,1,2,1,1,2
SF,IF2005,2020-04-13 10:51:14.100,3735.2000,10732,0,3666696960.000,0,-,-,-,-,3734.4000,3734.2000,3734.0000,3733.6000,3733.4000,3735.6000,3735.8000,3736.0000,3736.8000,3737.0000,1,2,1,2,2,2,1,1,2,1
SF,IF2005,2020-04-13 10:51:15.600,3735.2000,10732,0,3666696960.000,0,-,-,-,-,3734.4000,3734.2000,3734.0000,3733.6000,3733.4000,3735.4000,3735.6000,3735.8000,3736.0000,3736.8000,1,2,1,2,2,1,2,1,1,2
SF,IF2005,2020-04-13 10:51:16.100,3735.2000,10732,0,3666696960.000,0,-,-,-,-,3734.6000,3734.4000,3734.0000,3733.6000,3733.4000,3735.4000,3735.6000,3735.8000,3736.0000,3736.8000,4,1,1,2,2,1,2,1,1,2
SF,IF2005,2020-04-13 10:51:16.600,3735.2000,10732,0,3666696960.000,0,-,-,-,-,3734.6000,3734.4000,3734.0000,3733.6000,3733.4000,3735.4000,3735.6000,3735.8000,3736.0000,3736.8000,2,1,1,2,2,2,2,1,1,2
SF,IF2005,2020-04-13 10:51:17.100,3735.2000,10732,0,3666696960.000,0,-,-,-,-,3734.6000,3734.4000,3734.0000,3733.6000,3733.4000,3735.4000,3735.6000,3735.8000,3736.0000,3736.8000,2,1,1,2,2,2,2,1,1,2
SF,IF2005,2020-04-13 10:51:18.100,3735.2000,10732,0,3666696960.000,0,-,-,-,-,3734.6000,3734.4000,3734.0000,3733.6000,3733.4000,3735.4000,3735.6000,3735.8000,3736.0000,3736.8000,2,1,1,2,2,2,2,1,1,2
SF,IF2005,2020-04-13 10:51:18.600,3735.2000,10732,0,3666696960.000,0,-,-,-,-,3735.2000,3734.6000,3734.4000,3734.0000,3733.6000,3735.4000,3735.6000,3735.8000,3736.0000,3736.8000,2,2,1,1,2,2,2,1,1,2
SF,IF2005,2020-04-13 10:51:19.100,3735.2000,10732,0,3668938080.000,2,1,1,多换,S,3734.6000,3734.4000,3734.0000,3733.6000,3733.4000,3735.4000,3735.6000,3735.8000,3736.0000,3736.8000,2,1,1,2,2,2,2,1,1,2
SF,IF2005,2020-04-13 10:51:19.600,3735.2000,10732,0,3668938080.000,0,-,-,-,-,3734.6000,3734.4000,3734.0000,3733.6000,3733.4000,3735.4000,3735.6000,3735.8000,3736.0000,3736.8000,1,1,1,2,2,2,2,1,1,2
SF,IF2005,2020-04-13 10:51:20.100,3735.2000,10732,0,3668938080.000,0,-,-,-,-,3734.6000,3734.4000,3734.0000,3733.6000,3733.4000,3735.4000,3735.6000,3735.8000,3736.0000,3736.8000,1,1,1,2,2,1,2,1,1,2
SF,IF2005,2020-04-13 10:51:20.600,3735.2000,10732,0,3668938080.000,0,-,-,-,-,3734.6000,3734.4000,3734.0000,3733.6000,3733.4000,3735.4000,3735.6000,3735.8000,3736.0000,3736.8000,1,1,1,2,2,1,2,1,1,2
SF,IF2005,2020-04-13 10:51:21.100,3735.2000,10732,0,3668938080.000,0,-,-,-,-,3734.6000,3734.4000,3734.0000,3733.6000,3733.4000,3735.4000,3735.6000,3735.8000,3736.0000,3736.8000,1,1,1,2,2,2,2,1,1,2
SF,IF2005,2020-04-13 10:51:21.600,3735.8000,10734,2,3672300060.000,3,2,1,空开,S,3734.8000,3734.6000,3734.0000,3733.6000,3733.4000,3736.0000,3736.8000,3737.0000,3737.4000,3737.8000,2,1,1,2,2,1,2,1,2,3
SF,IF2005,2020-04-13 10:51:22.100,3735.8000,10734,0,3672300060.000,0,-,-,-,-,3734.8000,3734.6000,3734.0000,3733.6000,3733.4000,3736.0000,3736.8000,3737.0000,3737.4000,3737.8000,3,1,1,2,2,1,2,1,2,3
SF,IF2005,2020-04-13 10:51:22.600,3735.8000,10734,0,3672300060.000,0,-,-,-,-,3735.0000,3734.8000,3734.0000,3733.6000,3733.4000,3736.0000,3736.8000,3737.0000,3737.4000,3737.8000,1,3,1,2,2,1,2,1,2,3
SF,IF2005,2020-04-13 10:51:23.100,3735.8000,10734,0,3672300060.000,0,-,-,-,-,3735.2000,3735.0000,3734.8000,3734.0000,3733.6000,3736.0000,3736.8000,3737.0000,3737.4000,3737.8000,2,3,1,1,2,1,2,1,2,3
SF,IF2005,2020-04-13 10:51:23.600,3735.8000,10734,0,3672300060.000,0,-,-,-,-,3735.2000,3735.0000,3734.8000,3734.0000,3733.6000,3736.0000,3736.8000,3737.0000,3737.8000,3739.0000,2,1,1,1,2,1,2,1,3,1
SF,IF2005,2020-04-13 10:51:24.100,3735.8000,10734,0,3672300060.000,0,-,-,-,-,3735.2000,3735.0000,3734.0000,3733.6000,3733.4000,3736.0000,3736.8000,3737.0000,3737.8000,3738.4000,2,1,1,2,2,1,2,1,3,2
SF,IF2005,2020-04-13 10:51:25.600,3735.8000,10734,0,3672300060.000,0,-,-,-,-,3735.2000,3735.0000,3734.0000,3733.6000,3733.4000,3736.0000,3736.8000,3737.0000,3737.8000,3738.4000,2,2,1,2,2,1,2,1,3,2
SF,IF2005,2020-04-13 10:51:26.100,3736.0000,10734,0,3673420860.000,1,0,1,多换,S,3735.6000,3735.4000,3735.2000,3735.0000,3734.0000,3736.8000,3737.0000,3737.8000,3738.4000,3739.0000,1,3,2,2,1,2,1,3,2,1
SF,IF2005,2020-04-13 10:51:26.600,3736.0000,10734,0,3673420860.000,0,-,-,-,-,3735.8000,3735.6000,3735.4000,3735.2000,3735.0000,3736.8000,3737.0000,3737.8000,3738.4000,3739.0000,1,1,4,1,1,2,1,3,2,1
SF,IF2005,2020-04-13 10:51:27.100,3736.0000,10734,0,3673420860.000,0,-,-,-,-,3735.8000,3735.6000,3735.4000,3735.2000,3735.0000,3736.8000,3737.0000,3737.8000,3738.4000,3739.0000,3,1,4,1,1,2,1,3,2,1
SF,IF2005,2020-04-13 10:51:27.600,3736.8000,10734,0,3674541900.000,1,0,1,多换,S,3736.0000,3735.8000,3735.4000,3735.2000,3735.0000,3736.8000,3737.0000,3737.8000,3738.4000,3739.0000,1,3,4,1,1,1,1,3,2,1
SF,IF2005,2020-04-13 10:51:28.100,3736.8000,10734,0,3674541900.000,0,-,-,-,-,3736.2000,3736.0000,3735.8000,3735.4000,3735.2000,3736.8000,3737.0000,3737.8000,3738.4000,3739.0000,1,2,2,2,1,1,1,3,2,1
SF,IF2005,2020-04-13 10:51:28.600,3737.0000,10736,2,3676784040.000,2,2,0,双开,S,3736.2000,3736.0000,3735.8000,3735.4000,3735.2000,3737.8000,3739.0000,3739.6000,3739.8000,3740.0000,4,2,2,2,1,3,1,1,2,4
SF,IF2005,2020-04-13 10:51:29.100,3737.0000,10736,0,3676784040.000,0,-,-,-,-,3736.4000,3736.2000,3736.0000,3735.8000,3735.4000,3737.6000,3737.8000,3739.0000,3739.6000,3739.8000,1,2,1,2,2,2,3,1,1,2
SF,IF2005,2020-04-13 10:51:29.600,3737.6000,10736,0,3677905320.000,1,0,1,多换,S,3736.6000,3736.4000,3736.2000,3736.0000,3735.8000,3737.6000,3737.8000,3739.0000,3739.6000,3739.8000,2,5,1,1,2,1,3,1,1,2
SF,IF2005,2020-04-13 10:51:30.100,3737.6000,10736,0,3677905320.000,0,-,-,-,-,3736.6000,3736.4000,3736.2000,3736.0000,3735.8000,3737.6000,3737.8000,3739.0000,3739.6000,3739.8000,1,3,1,1,2,1,3,1,1,2
SF,IF2005,2020-04-13 10:51:30.600,3736.6000,10736,0,3679026300.000,1,0,1,多换,S,3736.4000,3736.2000,3736.0000,3735.8000,3735.4000,3737.6000,3737.8000,3739.0000,3739.6000,3739.8000,3,1,1,2,2,1,3,1,1,2
SF,IF2005,2020-04-13 10:51:31.100,3736.6000,10736,0,3679026300.000,0,-,-,-,-,3736.4000,3736.0000,3735.4000,3735.2000,3735.0000,3737.4000,3737.6000,3737.8000,3739.0000,3739.6000,2,1,2,1,1,1,1,3,1,1
SF,IF2005,2020-04-13 10:51:31.600,3736.6000,10736,0,3679026300.000,0,-,-,-,-,3736.4000,3736.0000,3735.4000,3735.2000,3735.0000,3737.2000,3737.4000,3737.8000,3739.0000,3739.6000,2,1,2,1,1,1,1,3,3,1
SF,IF2005,2020-04-13 10:51:33.600,3737.2000,10735,-1,3680147460.000,1,0,1,双平,S,3737.6000,3737.4000,3736.6000,3736.4000,3736.0000,3737.8000,3739.0000,3739.6000,3739.8000,3740.0000,1,1,3,2,1,3,3,1,2,4
SF,IF2005,2020-04-13 10:51:34.100,3737.6000,10736,1,3681268740.000,1,1,0,双开,S,3737.4000,3736.6000,3736.0000,3735.4000,3735.2000,3737.8000,3739.0000,3739.6000,3739.8000,3740.0000,1,3,1,2,1,3,3,1,2,4
SF,IF2005,2020-04-13 10:51:34.600,3737.4000,10736,0,3682389960.000,1,0,1,多换,S,3736.6000,3736.0000,3735.4000,3735.2000,3735.0000,3737.8000,3739.0000,3739.6000,3739.8000,3740.0000,1,1,2,1,1,3,3,1,2,4
SF,IF2005,2020-04-13 10:51:35.100,3737.4000,10736,0,3682389960.000,0,-,-,-,-,3736.6000,3736.0000,3735.4000,3735.2000,3735.0000,3737.6000,3737.8000,3739.0000,3739.6000,3739.8000,1,1,2,1,1,1,3,3,1,2
SF,IF2005,2020-04-13 10:51:35.600,3737.4000,10736,0,3682389960.000,0,-,-,-,-,3736.6000,3736.0000,3735.4000,3735.2000,3735.0000,3737.6000,3737.8000,3739.0000,3739.6000,3739.8000,1,1,2,1,1,1,3,3,1,2
SF,IF2005,2020-04-13 10:51:36.600,3737.4000,10736,0,3682389960.000,0,-,-,-,-,3736.6000,3736.0000,3735.4000,3735.2000,3735.0000,3737.6000,3737.8000,3739.0000,3739.6000,3739.8000,1,1,2,1,1,1,3,3,2,2
SF,IF2005,2020-04-13 10:51:37.600,3737.4000,10736,0,3682389960.000,0,-,-,-,-,3736.0000,3735.4000,3735.2000,3735.0000,3734.0000,3737.6000,3737.8000,3739.0000,3739.6000,3739.8000,1,2,1,1,1,1,3,3,2,2
SF,IF2005,2020-04-13 10:51:38.100,3737.4000,10736,0,3682389960.000,0,-,-,-,-,3736.2000,3736.0000,3735.4000,3735.2000,3735.0000,3737.4000,3737.6000,3737.8000,3739.0000,3739.6000,3,1,2,1,1,1,1,3,3,2
SF,IF2005,2020-04-13 10:51:40.100,3737.4000,10736,0,3682389960.000,0,-,-,-,-,3736.2000,3736.0000,3735.4000,3735.2000,3735.0000,3737.4000,3737.6000,3737.8000,3739.0000,3739.6000,3,1,2,1,1,1,1,3,3,2
SF,IF2005,2020-04-13 10:51:40.600,3737.4000,10736,0,3682389960.000,0,-,-,-,-,3736.6000,3736.4000,3736.2000,3736.0000,3735.4000,3737.6000,3737.8000,3739.0000,3739.6000,3739.8000,1,2,6,1,2,1,3,3,2,2
SF,IF2005,2020-04-13 10:51:41.100,3737.4000,10736,0,3682389960.000,0,-,-,-,-,3736.6000,3736.2000,3736.0000,3735.4000,3735.2000,3737.6000,3737.8000,3739.0000,3739.6000,3739.8000,1,2,1,2,1,1,3,3,2,2
SF,IF2005,2020-04-13 10:51:41.600,3737.6000,10736,0,3683511240.000,1,0,1,多换,S,3736.6000,3736.2000,3736.0000,3735.4000,3735.2000,3737.6000,3737.8000,3739.0000,3739.6000,3739.8000,1,1,1,2,1,1,3,3,2,2
SF,IF2005,2020-04-13 10:51:42.100,3737.6000,10736,0,3683511240.000,0,-,-,-,-,3736.8000,3736.6000,3736.0000,3735.4000,3735.2000,3737.6000,3737.8000,3739.0000,3739.6000,3739.8000,1,1,1,2,1,1,3,3,2,2
SF,IF2005,2020-04-13 10:51:42.600,3737.6000,10736,0,3683511240.000,0,-,-,-,-,3736.8000,3736.6000,3736.0000,3735.4000,3735.2000,3737.6000,3737.8000,3739.0000,3739.6000,3739.8000,2,1,1,2,1,1,3,3,2,2
SF,IF2005,2020-04-13 10:51:43.100,3737.6000,10736,0,3683511240.000,0,-,-,-,-,3737.4000,3736.8000,3736.6000,3736.0000,3735.4000,3737.6000,3737.8000,3739.0000,3739.6000,3739.8000,1,2,1,1,2,1,3,3,2,2
SF,IF2005,2020-04-13 10:51:43.600,3737.4000,10737,1,3684632460.000,1,1,0,双开,S,3736.8000,3736.6000,3736.0000,3735.4000,3735.2000,3737.4000,3737.6000,3737.8000,3739.0000,3739.6000,2,1,1,2,1,1,1,3,3,2
SF,IF2005,2020-04-13 10:51:44.100,3737.4000,10737,0,3684632460.000,0,-,-,-,-,3736.8000,3736.6000,3736.0000,3735.4000,3735.2000,3737.6000,3737.8000,3739.0000,3739.6000,3739.8000,2,1,1,2,1,1,3,3,2,2
SF,IF2005,2020-04-13 10:51:45.100,3737.4000,10737,0,3684632460.000,0,-,-,-,-,3736.8000,3736.6000,3736.0000,3735.4000,3735.2000,3737.6000,3737.8000,3739.0000,3739.6000,3739.8000,2,1,1,2,1,1,3,3,2,2
SF,IF2005,2020-04-13 10:51:46.100,3737.4000,10737,0,3684632460.000,0,-,-,-,-,3736.8000,3736.6000,3736.0000,3735.4000,3735.2000,3737.6000,3737.8000,3739.0000,3739.6000,3739.8000,1,1,1,2,1,1,3,3,2,2
SF,IF2005,2020-04-13 10:51:47.100,3736.8000,10736,-1,3685753500.000,1,0,1,双平,S,3736.6000,3736.0000,3735.4000,3735.2000,3734.0000,3737.6000,3737.8000,3739.0000,3739.6000,3739.8000,1,1,2,1,1,1,3,3,2,2
SF,IF2005,2020-04-13 10:51:47.600,3736.8000,10736,0,3685753500.000,0,-,-,-,-,3736.6000,3736.0000,3735.4000,3735.2000,3734.0000,3737.4000,3737.6000,3737.8000,3739.0000,3739.6000,1,1,2,1,1,1,1,3,3,2
SF,IF2005,2020-04-13 10:51:48.100,3736.8000,10736,0,3685753500.000,0,-,-,-,-,3736.6000,3736.0000,3735.4000,3735.2000,3734.0000,3737.4000,3737.6000,3737.8000,3739.0000,3739.6000,1,1,2,1,1,2,1,3,3,2
SF,IF2005,2020-04-13 10:51:48.600,3736.8000,10736,0,3685753500.000,0,-,-,-,-,3736.6000,3736.0000,3735.4000,3735.2000,3734.0000,3737.4000,3737.6000,3737.8000,3739.0000,3739.6000,1,1,2,1,1,2,1,3,3,2
SF,IF2005,2020-04-13 10:51:49.100,3736.6000,10736,0,3686874480.000,1,0,1,多换,S,3736.0000,3735.4000,3735.2000,3734.0000,3733.6000,3736.4000,3736.6000,3737.4000,3737.6000,3737.8000,1,2,1,1,2,1,1,2,1,3
SF,IF2005,2020-04-13 10:51:49.600,3736.6000,10737,1,3687995460.000,1,1,0,双开,S,3736.0000,3735.4000,3735.2000,3734.0000,3733.6000,3736.6000,3737.4000,3737.6000,3737.8000,3739.0000,1,2,1,1,2,1,2,1,3,3
SF,IF2005,2020-04-13 10:51:51.600,3736.6000,10738,1,3689116440.000,1,1,0,双开,S,3736.0000,3735.4000,3735.2000,3734.0000,3733.6000,3737.4000,3737.6000,3737.8000,3739.0000,3739.6000,1,2,1,1,2,2,1,3,3,2
SF,IF2005,2020-04-13 10:51:52.100,3736.6000,10738,0,3689116440.000,0,-,-,-,-,3736.0000,3735.4000,3735.2000,3734.0000,3733.6000,3736.8000,3737.2000,3737.4000,3737.6000,3737.8000,1,2,1,1,2,1,2,1,1,3
SF,IF2005,2020-04-13 10:51:52.600,3736.6000,10738,0,3689116440.000,0,-,-,-,-,3736.0000,3735.4000,3735.2000,3734.0000,3733.6000,3736.8000,3737.2000,3737.4000,3737.6000,3737.8000,2,2,1,1,2,1,2,1,1,3
SF,IF2005,2020-04-13 10:51:53.100,3736.6000,10738,0,3689116440.000,0,-,-,-,-,3736.2000,3736.0000,3735.4000,3735.2000,3734.0000,3736.8000,3737.2000,3737.4000,3737.6000,3737.8000,3,2,2,1,1,1,2,1,1,3
SF,IF2005,2020-04-13 10:51:53.600,3736.8000,10739,1,3690237480.000,1,1,0,双开,S,3736.2000,3736.0000,3735.4000,3735.2000,3734.0000,3737.2000,3737.4000,3737.6000,3737.8000,3739.0000,3,4,2,1,1,2,1,1,3,3
SF,IF2005,2020-04-13 10:51:54.100,3736.8000,10739,0,3690237480.000,0,-,-,-,-,3736.2000,3736.0000,3735.4000,3735.2000,3734.0000,3737.2000,3737.4000,3737.6000,3737.8000,3739.0000,3,4,2,1,1,2,1,1,3,3
SF,IF2005,2020-04-13 10:51:55.100,3736.8000,10739,0,3690237480.000,0,-,-,-,-,3736.2000,3736.0000,3735.4000,3735.2000,3734.0000,3737.2000,3737.4000,3737.6000,3737.8000,3739.0000,2,4,2,1,1,2,1,1,3,3
SF,IF2005,2020-04-13 10:51:55.600,3736.8000,10739,0,3690237480.000,0,-,-,-,-,3736.2000,3736.0000,3735.4000,3735.2000,3734.0000,3737.0000,3737.2000,3737.6000,3737.8000,3739.0000,1,4,2,1,1,1,2,1,3,3
SF,IF2005,2020-04-13 10:51:56.600,3736.8000,10739,0,3690237480.000,0,-,-,-,-,3736.2000,3736.0000,3735.4000,3735.2000,3734.0000,3737.0000,3737.2000,3737.6000,3737.8000,3739.0000,1,4,2,1,1,1,1,1,3,3
SF,IF2005,2020-04-13 10:51:57.600,3737.0000,10739,0,3691358580.000,1,0,1,多换,S,3736.2000,3736.0000,3735.4000,3735.2000,3734.0000,3737.2000,3737.6000,3737.8000,3739.0000,3739.6000,1,4,2,1,1,1,1,3,3,2
SF,IF2005,2020-04-13 10:51:58.100,3737.0000,10739,0,3691358580.000,0,-,-,-,-,3736.4000,3736.2000,3736.0000,3735.4000,3735.2000,3737.6000,3737.8000,3739.0000,3739.6000,3739.8000,1,1,4,2,1,1,3,3,2,3
SF,IF2005,2020-04-13 10:51:59.100,3737.0000,10739,0,3691358580.000,0,-,-,-,-,3736.4000,3736.2000,3736.0000,3735.4000,3735.2000,3737.6000,3737.8000,3739.0000,3739.6000,3739.8000,1,1,4,2,1,1,3,3,2,3
SF,IF2005,2020-04-13 10:52:00.600,3737.0000,10739,0,3691358580.000,0,-,-,-,-,3736.6000,3736.4000,3736.0000,3735.4000,3735.2000,3737.6000,3737.8000,3739.0000,3739.6000,3739.8000,4,1,4,2,1,1,3,3,2,3
SF,IF2005,2020-04-13 10:52:01.100,3737.0000,10739,0,3691358580.000,0,-,-,-,-,3736.8000,3736.6000,3736.0000,3735.4000,3735.2000,3737.6000,3737.8000,3739.0000,3739.6000,3739.8000,1,4,4,2,1,1,3,3,2,3
SF,IF2005,2020-04-13 10:52:01.600,3737.6000,10739,0,3692479860.000,1,0,1,多换,S,3737.0000,3736.8000,3736.6000,3736.0000,3735.4000,3737.8000,3739.0000,3739.6000,3739.8000,3740.2000,1,1,3,4,2,3,1,2,3,1
SF,IF2005,2020-04-13 10:52:02.100,3737.6000,10739,0,3692479860.000,0,-,-,-,-,3737.2000,3737.0000,3736.6000,3736.0000,3735.4000,3737.8000,3739.0000,3739.6000,3739.8000,3740.0000,1,1,3,4,2,3,1,2,3,2
SF,IF2005,2020-04-13 10:52:03.100,3737.6000,10739,0,3692479860.000,0,-,-,-,-,3737.2000,3737.0000,3736.6000,3736.0000,3735.4000,3737.8000,3739.0000,3739.6000,3739.8000,3740.0000,2,1,3,4,2,3,1,2,3,2
SF,IF2005,2020-04-13 10:52:03.600,3737.6000,10739,0,3692479860.000,0,-,-,-,-,3737.2000,3737.0000,3736.6000,3736.0000,3735.4000,3737.8000,3739.0000,3739.6000,3739.8000,3740.0000,1,1,3,4,2,3,1,2,3,2
SF,IF2005,2020-04-13 10:52:04.100,3737.6000,10739,0,3692479860.000,0,-,-,-,-,3737.2000,3737.0000,3736.6000,3736.0000,3735.4000,3737.8000,3739.0000,3739.6000,3739.8000,3740.0000,1,1,3,4,2,3,1,2,3,2
SF,IF2005,2020-04-13 10:52:04.600,3737.6000,10739,0,3692479860.000,0,-,-,-,-,3737.2000,3737.0000,3736.6000,3736.0000,3735.4000,3737.8000,3739.0000,3739.6000,3739.8000,3740.0000,1,1,1,4,2,4,1,2,3,2
SF,IF2005,2020-04-13 10:52:06.100,3737.2000,10739,0,3693601020.000,1,0,1,多换,S,3737.0000,3736.6000,3736.0000,3735.4000,3735.2000,3737.8000,3739.0000,3739.6000,3739.8000,3740.0000,1,1,4,2,1,4,1,2,3,2
SF,IF2005,2020-04-13 10:52:06.600,3737.2000,10739,0,3693601020.000,0,-,-,-,-,3737.2000,3737.0000,3736.6000,3736.0000,3735.4000,3737.8000,3739.0000,3739.6000,3739.8000,3740.0000,1,1,1,4,2,4,1,2,3,2
SF,IF2005,2020-04-13 10:52:07.600,3737.8000,10739,0,3694722360.000,1,0,1,多换,S,3737.2000,3737.0000,3736.6000,3736.0000,3735.4000,3737.8000,3739.0000,3739.6000,3739.8000,3740.0000,1,1,1,4,2,3,1,2,3,2
SF,IF2005,2020-04-13 10:52:08.600,3737.8000,10740,1,3698086380.000,3,2,1,空开,S,3737.2000,3737.0000,3736.6000,3736.0000,3735.4000,3739.0000,3739.6000,3739.8000,3740.0000,3740.2000,1,1,1,3,2,1,2,3,2,1
SF,IF2005,2020-04-13 10:52:09.100,3737.8000,10740,0,3698086380.000,0,-,-,-,-,3737.4000,3737.2000,3736.6000,3736.0000,3735.4000,3738.6000,3738.8000,3739.0000,3739.6000,3739.8000,2,1,1,3,2,1,1,1,2,3
SF,IF2005,2020-04-13 10:52:09.600,3737.8000,10740,0,3698086380.000,0,-,-,-,-,3737.6000,3737.4000,3736.6000,3736.0000,3735.4000,3738.6000,3738.8000,3739.0000,3739.6000,3739.8000,1,2,1,3,2,1,1,1,2,3
SF,IF2005,2020-04-13 10:52:10.100,3737.8000,10740,0,3698086380.000,0,-,-,-,-,3737.6000,3737.4000,3736.0000,3735.4000,3735.2000,3738.6000,3738.8000,3739.0000,3739.6000,3739.8000,1,2,3,2,1,1,1,1,2,3
SF,IF2005,2020-04-13 10:52:10.600,3737.8000,10740,0,3698086380.000,0,-,-,-,-,3737.6000,3737.4000,3736.0000,3735.4000,3735.2000,3738.6000,3738.8000,3739.0000,3739.6000,3739.8000,1,2,3,2,1,1,1,1,2,4
SF,IF2005,2020-04-13 10:52:11.600,3737.8000,10740,0,3698086380.000,0,-,-,-,-,3737.6000,3737.4000,3736.0000,3735.4000,3735.2000,3738.4000,3738.6000,3738.8000,3739.0000,3739.6000,1,2,3,2,1,1,2,1,1,2
SF,IF2005,2020-04-13 10:52:12.100,3737.8000,10740,0,3698086380.000,0,-,-,-,-,3737.4000,3736.0000,3735.4000,3735.2000,3734.0000,3738.4000,3738.6000,3738.8000,3739.0000,3739.6000,1,3,2,1,1,2,2,1,1,2
SF,IF2005,2020-04-13 10:52:16.100,3737.8000,10740,0,3698086380.000,0,-,-,-,-,3737.4000,3736.0000,3735.4000,3735.2000,3734.0000,3738.4000,3738.6000,3738.8000,3739.0000,3739.6000,1,3,2,1,1,1,2,1,1,2
SF,IF2005,2020-04-13 10:52:16.600,3737.8000,10740,0,3698086380.000,0,-,-,-,-,3737.4000,3736.0000,3735.4000,3735.2000,3734.0000,3738.2000,3738.4000,3739.0000,3739.6000,3739.8000,1,3,2,1,1,2,1,1,2,4
SF,IF2005,2020-04-13 10:52:18.600,3737.8000,10740,0,3698086380.000,0,-,-,-,-,3737.8000,3737.4000,3736.0000,3735.4000,3735.2000,3738.2000,3738.4000,3739.0000,3739.6000,3739.8000,2,1,3,2,1,2,1,1,2,4
SF,IF2005,2020-04-13 10:52:19.100,3737.8000,10742,2,3700329060.000,2,2,0,双开,S,3737.4000,3736.0000,3735.4000,3735.2000,3734.0000,3738.2000,3738.4000,3739.0000,3739.6000,3739.8000,1,3,2,1,1,2,1,1,2,4
SF,IF2005,2020-04-13 10:52:20.100,3737.4000,10742,0,3701450280.000,1,0,1,多换,S,3736.0000,3735.4000,3735.2000,3734.0000,3733.6000,3738.2000,3738.4000,3739.0000,3739.6000,3739.8000,3,2,1,1,2,2,1,1,2,4
SF,IF2005,2020-04-13 10:52:20.600,3737.4000,10742,0,3701450280.000,0,-,-,-,-,3736.8000,3736.6000,3736.4000,3736.2000,3736.0000,3737.4000,3738.0000,3738.2000,3739.0000,3739.6000,1,3,2,7,3,1,1,2,1,2
SF,IF2005,2020-04-13 10:52:21.100,3737.4000,10743,1,3702571500.000,1,1,0,双开,S,3736.8000,3736.6000,3736.2000,3736.0000,3735.4000,3738.0000,3738.2000,3739.0000,3739.6000,3739.8000,1,1,6,3,2,1,2,1,2,4
SF,IF2005,2020-04-13 10:52:21.600,3737.4000,10743,0,3702571500.000,0,-,-,-,-,3737.0000,3736.8000,3736.6000,3736.2000,3736.0000,3738.0000,3738.2000,3739.0000,3739.6000,3739.8000,1,1,1,2,3,1,2,1,2,4
SF,IF2005,2020-04-13 10:52:22.100,3737.4000,10743,0,3702571500.000,0,-,-,-,-,3736.8000,3736.6000,3736.2000,3736.0000,3735.4000,3737.4000,3737.8000,3738.2000,3739.0000,3739.6000,1,1,1,3,2,1,1,1,1,2
SF,IF2005,2020-04-13 10:52:22.600,3737.4000,10743,0,3703692720.000,1,0,1,多换,S,3736.0000,3735.4000,3735.2000,3734.0000,3733.6000,3737.8000,3738.8000,3739.0000,3739.6000,3739.8000,3,2,1,1,1,3,1,1,2,4
SF,IF2005,2020-04-13 10:52:23.100,3737.4000,10743,0,3703692720.000,0,-,-,-,-,3736.2000,3736.0000,3735.4000,3735.2000,3734.0000,3737.4000,3737.8000,3738.8000,3739.0000,3739.6000,2,3,2,1,1,2,2,1,1,1
SF,IF2005,2020-04-13 10:52:24.100,3737.4000,10743,0,3703692720.000,0,-,-,-,-,3736.2000,3736.0000,3735.4000,3735.2000,3734.0000,3737.4000,3737.8000,3738.8000,3739.0000,3739.6000,2,3,2,1,1,2,1,1,1,1
SF,IF2005,2020-04-13 10:52:24.600,3737.4000,10743,0,3703692720.000,0,-,-,-,-,3736.2000,3736.0000,3735.4000,3735.2000,3734.0000,3737.2000,3737.4000,3738.6000,3738.8000,3739.0000,2,3,2,1,1,2,2,2,1,1
SF,IF2005,2020-04-13 10:52:25.100,3736.2000,10743,0,3704813580.000,1,0,1,多换,S,3736.2000,3736.0000,3735.4000,3735.2000,3734.0000,3737.2000,3737.4000,3738.6000,3738.8000,3739.0000,1,3,2,1,1,1,2,2,1,1
SF,IF2005,2020-04-13 10:52:26.600,3736.2000,10742,-1,3705934440.000,1,0,1,双平,S,3736.0000,3735.4000,3735.2000,3734.0000,3733.6000,3737.2000,3737.4000,3738.6000,3738.8000,3739.0000,3,2,1,1,1,1,2,2,1,1
SF,IF2005,2020-04-13 10:52:27.100,3736.2000,10742,0,3705934440.000,0,-,-,-,-,3736.2000,3736.0000,3735.4000,3735.2000,3734.0000,3737.2000,3737.4000,3738.6000,3738.8000,3739.0000,1,3,2,1,1,1,2,2,1,1
SF,IF2005,2020-04-13 10:52:27.600,3736.2000,10742,0,3705934440.000,0,-,-,-,-,3736.0000,3735.4000,3735.2000,3734.0000,3733.6000,3737.0000,3737.2000,3737.4000,3738.6000,3738.8000,3,2,1,1,1,2,1,1,2,1
SF,IF2005,2020-04-13 10:52:28.100,3736.2000,10742,0,3705934440.000,0,-,-,-,-,3736.0000,3735.4000,3735.2000,3734.0000,3733.6000,3737.0000,3737.2000,3738.6000,3738.8000,3739.0000,3,2,1,1,1,2,1,2,1,1
SF,IF2005,2020-04-13 10:52:28.600,3736.2000,10742,0,3705934440.000,0,-,-,-,-,3736.4000,3736.0000,3735.4000,3735.2000,3734.0000,3737.0000,3737.2000,3738.6000,3738.8000,3739.0000,1,3,2,1,1,2,1,2,1,1
SF,IF2005,2020-04-13 10:52:29.100,3736.2000,10742,0,3705934440.000,0,-,-,-,-,3736.4000,3736.0000,3735.4000,3735.2000,3734.0000,3737.0000,3737.2000,3738.6000,3738.8000,3739.0000,1,3,2,1,1,1,1,2,1,1
SF,IF2005,2020-04-13 10:52:29.600,3736.2000,10742,0,3705934440.000,0,-,-,-,-,3736.4000,3736.0000,3735.4000,3735.2000,3734.0000,3736.8000,3737.0000,3737.2000,3738.6000,3738.8000,1,3,2,1,1,1,1,1,2,1
SF,IF2005,2020-04-13 10:52:30.600,3737.0000,10741,-1,3708176580.000,2,0,2,多平,S,3736.4000,3736.0000,3735.4000,3735.2000,3734.0000,3738.8000,3739.0000,3739.6000,3739.8000,3740.2000,1,3,2,1,1,1,1,1,4,1
SF,IF2005,2020-04-13 10:52:31.100,3737.0000,10741,0,3708176580.000,0,-,-,-,-,3736.6000,3736.4000,3736.0000,3735.4000,3735.2000,3738.0000,3738.2000,3738.4000,3738.6000,3738.8000,4,1,3,2,1,1,2,1,7,1
SF,IF2005,2020-04-13 10:52:31.600,3737.0000,10741,0,3708176580.000,0,-,-,-,-,3736.6000,3736.4000,3736.0000,3735.4000,3735.2000,3737.8000,3738.0000,3738.2000,3738.4000,3738.6000,3,1,3,2,1,1,1,2,1,6
SF,IF2005,2020-04-13 10:52:32.100,3737.0000,10741,0,3708176580.000,0,-,-,-,-,3736.6000,3736.4000,3736.0000,3734.0000,3733.6000,3737.2000,3737.4000,3737.6000,3737.8000,3738.6000,2,1,3,1,1,5,2,3,2,6
SF,IF2005,2020-04-13 10:52:32.600,3737.0000,10741,0,3708176580.000,0,-,-,-,-,3736.6000,3736.4000,3736.0000,3734.0000,3733.6000,3737.4000,3737.6000,3737.8000,3738.8000,3739.0000,2,1,3,1,1,1,1,1,1,1
SF,IF2005,2020-04-13 10:52:33.100,3737.0000,10741,0,3708176580.000,0,-,-,-,-,3736.6000,3736.4000,3736.0000,3734.0000,3733.6000,3737.6000,3737.8000,3738.8000,3739.0000,3739.4000,2,1,3,1,1,1,1,1,1,2
SF,IF2005,2020-04-13 10:52:34.600,3736.4000,10741,0,3711539460.000,3,1,2,多换,S,3736.0000,3734.0000,3733.6000,3733.4000,3733.2000,3737.0000,3737.4000,3737.6000,3737.8000,3738.8000,3,1,1,2,1,1,1,1,1,1
SF,IF2005,2020-04-13 10:52:35.100,3736.0000,10740,-1,3713781060.000,2,0,2,多平,S,3736.0000,3734.0000,3733.6000,3733.4000,3733.2000,3736.8000,3737.0000,3737.2000,3737.4000,3737.6000,1,1,1,2,1,1,1,6,1,1
SF,IF2005,2020-04-13 10:52:35.600,3736.0000,10740,0,3714901860.000,1,0,1,多换,S,3734.0000,3733.6000,3733.4000,3733.2000,3732.4000,3736.0000,3736.4000,3736.6000,3736.8000,3737.2000,1,1,2,1,2,1,1,1,1,5
SF,IF2005,2020-04-13 10:52:36.100,3736.0000,10740,0,3716022660.000,1,0,1,多换,S,3735.0000,3734.8000,3734.6000,3734.4000,3734.2000,3736.6000,3737.4000,3737.6000,3738.4000,3738.8000,1,1,3,2,6,1,1,1,2,1
SF,IF2005,2020-04-13 10:52:36.600,3736.4000,10740,0,3717143580.000,1,0,1,多换,S,3735.4000,3735.2000,3735.0000,3734.8000,3734.6000,3736.6000,3737.4000,3737.6000,3738.4000,3738.8000,1,3,1,1,2,1,1,1,2,1
SF,IF2005,2020-04-13 10:52:37.100,3736.4000,10740,0,3717143580.000,0,-,-,-,-,3735.6000,3735.4000,3735.2000,3734.8000,3734.6000,3737.4000,3737.6000,3738.4000,3738.8000,3739.0000,1,2,3,1,2,1,1,2,1,1
SF,IF2005,2020-04-13 10:52:37.600,3736.4000,10740,0,3717143580.000,0,-,-,-,-,3735.8000,3735.6000,3735.4000,3735.2000,3734.8000,3737.2000,3737.4000,3738.4000,3738.8000,3739.0000,1,3,1,3,1,3,1,2,1,1
SF,IF2005,2020-04-13 10:52:38.100,3736.4000,10740,0,3717143580.000,0,-,-,-,-,3736.0000,3735.8000,3735.6000,3735.4000,3735.2000,3737.2000,3737.4000,3738.4000,3738.8000,3739.0000,1,1,2,1,3,3,1,2,1,1
SF,IF2005,2020-04-13 10:52:38.600,3736.4000,10740,0,3717143580.000,0,-,-,-,-,3736.2000,3736.0000,3735.6000,3735.2000,3734.8000,3738.8000,3739.0000,3739.6000,3739.8000,3740.2000,1,5,2,3,1,1,1,1,4,1
SF,IF2005,2020-04-13 10:52:39.100,3736.4000,10740,0,3717143580.000,0,-,-,-,-,3736.6000,3736.4000,3736.2000,3736.0000,3735.6000,3738.0000,3738.2000,3738.4000,3738.6000,3738.8000,1,4,2,4,2,1,2,5,5,1
SF,IF2005,2020-04-13 10:52:39.600,3736.4000,10740,0,3717143580.000,0,-,-,-,-,3736.8000,3736.6000,3736.4000,3736.2000,3736.0000,3737.8000,3738.0000,3738.2000,3738.6000,3738.8000,2,1,4,2,3,1,1,2,1,1
SF,IF2005,2020-04-13 10:52:40.100,3736.4000,10740,0,3717143580.000,0,-,-,-,-,3736.8000,3736.6000,3736.4000,3736.2000,3736.0000,3737.8000,3738.0000,3738.2000,3738.6000,3738.8000,2,1,3,2,3,2,1,1,1,1
SF,IF2005,2020-04-13 10:52:41.100,3736.4000,10740,0,3717143580.000,0,-,-,-,-,3736.8000,3736.6000,3736.4000,3736.2000,3736.0000,3737.8000,3738.0000,3738.2000,3738.6000,3738.8000,2,1,3,2,2,2,1,1,1,1
SF,IF2005,2020-04-13 10:52:41.600,3736.4000,10740,0,3717143580.000,0,-,-,-,-,3736.8000,3736.6000,3736.4000,3736.2000,3736.0000,3737.8000,3738.0000,3738.2000,3738.6000,3738.8000,1,1,3,2,2,2,1,1,1,1
SF,IF2005,2020-04-13 10:52:42.100,3736.6000,10739,-1,3719385600.000,2,0,2,多平,S,3735.6000,3735.2000,3734.8000,3734.4000,3734.2000,3737.2000,3737.6000,3737.8000,3738.6000,3738.8000,2,3,1,4,5,1,2,1,1,1
SF,IF2005,2020-04-13 10:52:42.600,3736.6000,10739,0,3719385600.000,0,-,-,-,-,3735.8000,3735.2000,3734.8000,3734.4000,3734.2000,3737.0000,3737.2000,3737.6000,3738.6000,3738.8000,1,2,1,4,5,2,1,6,1,1
SF,IF2005,2020-04-13 10:52:43.100,3736.6000,10739,0,3719385600.000,0,-,-,-,-,3735.8000,3734.8000,3734.4000,3734.2000,3734.0000,3736.4000,3736.6000,3736.8000,3737.0000,3737.6000,1,1,2,5,2,1,1,1,1,6
SF,IF2005,2020-04-13 10:52:43.600,3736.4000,10739,0,3720506520.000,1,0,1,多换,S,3735.8000,3734.8000,3734.4000,3734.2000,3734.0000,3736.6000,3736.8000,3737.0000,3737.6000,3738.6000,1,1,2,5,2,1,1,1,1,1
SF,IF2005,2020-04-13 10:52:44.100,3736.4000,10739,0,3720506520.000,0,-,-,-,-,3735.8000,3734.8000,3734.4000,3734.2000,3734.0000,3736.6000,3736.8000,3737.0000,3737.6000,3738.6000,1,1,2,5,2,1,1,1,1,1
SF,IF2005,2020-04-13 10:52:44.600,3736.0000,10740,1,3721627320.000,1,1,0,双开,S,3735.8000,3734.8000,3734.4000,3734.2000,3734.0000,3736.6000,3736.8000,3737.0000,3737.6000,3738.6000,1,1,2,5,2,1,1,1,1,1
SF,IF2005,2020-04-13 10:52:47.100,3736.6000,10739,-1,3722748300.000,1,0,1,双平,S,3736.0000,3735.8000,3734.8000,3734.4000,3734.2000,3737.0000,3738.6000,3738.8000,3739.0000,3739.6000,4,1,1,2,5,1,1,3,1,1
SF,IF2005,2020-04-13 10:52:47.600,3737.0000,10739,0,3723869400.000,1,0,1,多换,S,3736.2000,3736.0000,3734.8000,3734.4000,3734.2000,3738.6000,3738.8000,3739.0000,3739.6000,3739.8000,1,4,1,2,5,1,3,1,1,4
SF,IF2005,2020-04-13 10:52:48.100,3737.0000,10739,0,3723869400.000,0,-,-,-,-,3736.4000,3736.2000,3736.0000,3734.8000,3734.4000,3737.4000,3737.6000,3737.8000,3738.0000,3738.2000,1,1,2,1,2,1,6,2,2,2
SF,IF2005,2020-04-13 10:52:48.600,3737.0000,10739,0,3723869400.000,0,-,-,-,-,3736.6000,3736.4000,3734.8000,3734.4000,3734.2000,3737.6000,3737.8000,3738.2000,3738.4000,3738.6000,2,1,1,2,5,1,1,1,2,2
SF,IF2005,2020-04-13 10:52:49.100,3737.0000,10739,0,3723869400.000,0,-,-,-,-,3736.6000,3736.4000,3734.8000,3734.4000,3734.2000,3737.6000,3738.2000,3738.4000,3738.6000,3738.8000,2,1,1,2,5,1,1,2,2,3
SF,IF2005,2020-04-13 10:52:49.600,3736.6000,10738,-1,3724990380.000,1,0,1,双平,S,3736.4000,3734.8000,3734.4000,3734.2000,3734.0000,3737.4000,3737.6000,3738.2000,3738.4000,3738.6000,1,1,2,5,2,8,1,1,1,2
SF,IF2005,2020-04-13 10:52:50.100,3736.6000,10738,0,3724990380.000,0,-,-,-,-,3734.8000,3734.4000,3734.2000,3734.0000,3733.6000,3737.4000,3737.6000,3738.2000,3738.4000,3738.6000,1,2,5,2,1,3,1,1,1,2
SF,IF2005,2020-04-13 10:52:50.600,3736.6000,10738,0,3724990380.000,0,-,-,-,-,3735.8000,3735.6000,3735.2000,3735.0000,3734.8000,3737.2000,3737.4000,3738.4000,3738.6000,3738.8000,1,4,2,4,1,1,3,1,2,3
SF,IF2005,2020-04-13 10:52:51.100,3736.6000,10738,0,3724990380.000,0,-,-,-,-,3736.0000,3735.8000,3735.6000,3735.2000,3735.0000,3737.0000,3737.2000,3737.4000,3738.4000,3738.6000,1,1,2,2,3,1,1,2,1,2
SF,IF2005,2020-04-13 10:52:51.600,3737.0000,10738,0,3726111480.000,1,0,1,多换,S,3736.0000,3735.8000,3735.6000,3735.2000,3735.0000,3737.2000,3737.4000,3738.4000,3738.6000,3738.8000,1,1,2,1,3,1,2,1,2,3
SF,IF2005,2020-04-13 10:52:52.100,3737.0000,10738,0,3726111480.000,0,-,-,-,-,3736.0000,3735.8000,3735.6000,3735.2000,3735.0000,3737.2000,3737.4000,3738.4000,3738.6000,3738.8000,1,1,1,1,3,1,2,1,2,3
SF,IF2005,2020-04-13 10:52:52.600,3737.2000,10737,-1,3727232640.000,1,0,1,双平,S,3737.6000,3737.4000,3737.2000,3737.0000,3736.6000,3738.6000,3738.8000,3739.0000,3739.6000,3739.8000,1,2,2,1,2,1,1,1,1,4
SF,IF2005,2020-04-13 10:52:53.100,3737.2000,10737,0,3727232640.000,0,-,-,-,-,3737.4000,3737.2000,3736.2000,3736.0000,3735.2000,3737.6000,3738.0000,3738.2000,3738.4000,3738.6000,2,1,1,2,1,1,2,6,1,2
SF,IF2005,2020-04-13 10:52:53.600,3737.6000,10734,-3,3731718000.000,4,0,4,多平,S,3738.0000,3737.6000,3737.4000,3736.2000,3736.0000,3738.4000,3738.6000,3738.8000,3739.0000,3739.6000,1,1,2,1,2,1,1,1,1,1
SF,IF2005,2020-04-13 10:52:54.100,3738.0000,10735,1,3735082200.000,3,2,1,空开,S,3737.6000,3737.4000,3736.2000,3736.0000,3735.0000,3738.0000,3738.8000,3739.0000,3739.6000,3739.8000,1,2,1,2,3,1,1,1,1,4
SF,IF2005,2020-04-13 10:52:54.600,3738.8000,10736,1,3737325240.000,2,1,1,空开,S,3737.4000,3736.2000,3736.0000,3735.0000,3734.2000,3739.0000,3739.6000,3739.8000,3740.0000,3740.2000,2,1,2,3,3,1,1,4,2,1
SF,IF2005,2020-04-13 10:52:55.100,3739.0000,10731,-5,3747420060.000,9,2,7,多平,S,3739.0000,3737.6000,3737.4000,3736.0000,3735.0000,3739.6000,3739.8000,3740.0000,3740.2000,3740.8000,1,3,2,1,3,1,4,2,1,1
SF,IF2005,2020-04-13 10:52:55.600,3739.0000,10730,-1,3748541760.000,1,0,1,双平,S,3737.6000,3737.4000,3736.0000,3735.0000,3734.2000,3738.4000,3738.6000,3738.8000,3739.0000,3739.2000,2,2,1,3,3,2,7,3,10,2
SF,IF2005,2020-04-13 10:52:56.100,3739.0000,10730,0,3748541760.000,0,-,-,-,-,3737.6000,3737.4000,3736.0000,3735.0000,3734.2000,3739.0000,3739.2000,3739.4000,3739.6000,3739.8000,2,2,1,3,3,11,2,2,2,4
SF,IF2005,2020-04-13 10:52:56.600,3737.6000,10729,-1,3749663040.000,1,0,1,双平,S,3737.4000,3736.0000,3735.0000,3734.2000,3734.0000,3737.6000,3738.4000,3738.6000,3738.8000,3739.0000,2,1,3,3,2,1,1,5,1,8
SF,IF2005,2020-04-13 10:52:57.100,3737.4000,10728,-1,3751905480.000,2,0,2,多平,S,3736.0000,3735.0000,3734.2000,3734.0000,3733.6000,3737.6000,3738.4000,3738.6000,3738.8000,3739.0000,1,3,3,2,1,2,5,6,1,5
SF,IF2005,2020-04-13 10:52:57.600,3736.6000,10727,-1,3753026460.000,1,0,1,双平,S,3736.6000,3736.2000,3736.0000,3735.4000,3735.0000,3737.6000,3738.4000,3738.6000,3738.8000,3739.0000,3,2,1,2,3,1,5,6,1,7
SF,IF2005,2020-04-13 10:52:58.100,3736.6000,10726,-1,3754147440.000,1,0,1,双平,S,3737.0000,3736.8000,3736.6000,3736.2000,3736.0000,3738.6000,3738.8000,3739.0000,3739.2000,3739.4000,1,5,1,1,1,1,1,7,1,1
SF,IF2005,2020-04-13 10:52:58.600,3736.6000,10726,0,3754147440.000,0,-,-,-,-,3737.2000,3737.0000,3736.8000,3736.2000,3736.0000,3738.2000,3738.4000,3738.6000,3739.0000,3739.2000,1,1,1,1,1,3,6,1,7,1
SF,IF2005,2020-04-13 10:52:59.100,3736.6000,10726,0,3754147440.000,0,-,-,-,-,3737.4000,3737.2000,3736.8000,3736.2000,3736.0000,3739.0000,3739.2000,3739.4000,3739.6000,3739.8000,1,1,1,1,1,7,1,1,2,4
SF,IF2005,2020-04-13 10:52:59.600,3736.6000,10726,0,3754147440.000,0,-,-,-,-,3737.6000,3737.4000,3736.8000,3736.2000,3736.0000,3738.2000,3738.8000,3739.0000,3739.4000,3739.6000,1,1,3,1,1,1,2,7,1,2
SF,IF2005,2020-04-13 10:53:00.100,3736.6000,10726,0,3754147440.000,0,-,-,-,-,3737.8000,3737.6000,3736.8000,3736.2000,3736.0000,3738.2000,3738.4000,3738.8000,3739.0000,3739.4000,1,1,3,1,1,1,1,2,7,1
SF,IF2005,2020-04-13 10:53:00.600,3736.6000,10726,0,3754147440.000,0,-,-,-,-,3737.8000,3737.6000,3736.8000,3736.2000,3736.0000,3738.2000,3738.4000,3738.8000,3739.0000,3739.4000,1,1,3,1,1,1,1,3,6,1
SF,IF2005,2020-04-13 10:53:01.100,3736.6000,10726,0,3754147440.000,0,-,-,-,-,3737.8000,3737.6000,3736.8000,3736.2000,3736.0000,3738.2000,3738.4000,3738.8000,3739.0000,3739.4000,1,1,1,1,1,1,1,3,6,1
SF,IF2005,2020-04-13 10:53:01.600,3736.6000,10726,0,3754147440.000,0,-,-,-,-,3737.8000,3737.6000,3736.8000,3736.2000,3736.0000,3738.2000,3738.4000,3738.8000,3739.0000,3739.4000,1,1,1,1,1,1,1,3,5,1
SF,IF2005,2020-04-13 10:53:02.100,3738.2000,10726,0,3755268900.000,1,0,1,多换,S,3737.8000,3737.6000,3736.8000,3736.2000,3736.0000,3738.4000,3738.8000,3739.0000,3739.4000,3739.6000,1,1,1,1,1,1,2,4,1,2
SF,IF2005,2020-04-13 10:53:02.600,3738.0000,10726,0,3756390300.000,1,0,1,多换,S,3737.8000,3736.8000,3736.2000,3736.0000,3735.4000,3738.4000,3738.8000,3739.0000,3739.4000,3739.6000,1,1,1,1,1,1,2,3,1,1
SF,IF2005,2020-04-13 10:53:03.100,3738.0000,10726,0,3756390300.000,0,-,-,-,-,3738.0000,3737.8000,3736.8000,3736.2000,3736.0000,3738.4000,3738.8000,3739.0000,3739.4000,3739.6000,1,1,1,1,1,1,2,3,1,1
SF,IF2005,2020-04-13 10:53:03.600,3738.4000,10726,0,3757511820.000,1,0,1,多换,S,3738.0000,3737.8000,3736.8000,3736.2000,3736.0000,3738.8000,3739.0000,3739.4000,3739.6000,3739.8000,1,1,1,1,1,2,3,1,1,4
SF,IF2005,2020-04-13 10:53:04.100,3738.4000,10726,0,3757511820.000,0,-,-,-,-,3738.0000,3737.8000,3736.8000,3736.2000,3736.0000,3738.8000,3739.0000,3739.4000,3739.6000,3739.8000,1,1,1,2,1,2,1,1,1,4
SF,IF2005,2020-04-13 10:53:04.600,3738.4000,10726,0,3757511820.000,0,-,-,-,-,3738.2000,3738.0000,3736.8000,3736.2000,3736.0000,3738.8000,3739.4000,3739.6000,3739.8000,3740.0000,1,1,1,2,1,1,1,1,4,2
SF,IF2005,2020-04-13 10:53:05.600,3738.4000,10726,0,3757511820.000,0,-,-,-,-,3739.2000,3738.2000,3738.0000,3736.8000,3736.2000,3739.4000,3739.6000,3739.8000,3740.0000,3740.2000,1,1,1,1,2,1,1,4,2,1
SF,IF2005,2020-04-13 10:53:06.100,3739.2000,10727,1,3759755340.000,2,1,1,空开,S,3738.0000,3736.8000,3736.2000,3736.0000,3735.4000,3739.2000,3739.6000,3739.8000,3740.0000,3740.2000,1,1,2,1,1,2,1,4,2,1
SF,IF2005,2020-04-13 10:53:06.600,3739.2000,10727,0,3759755340.000,0,-,-,-,-,3738.4000,3738.0000,3736.8000,3736.2000,3736.0000,3738.8000,3739.6000,3739.8000,3740.0000,3740.2000,1,1,1,2,1,1,1,4,2,1
SF,IF2005,2020-04-13 10:53:07.600,3739.2000,10727,0,3760877100.000,1,0,1,多换,S,3738.4000,3738.0000,3736.8000,3736.2000,3736.0000,3739.6000,3739.8000,3740.0000,3740.2000,3740.8000,1,1,1,2,1,1,4,2,1,1
SF,IF2005,2020-04-13 10:53:08.100,3739.2000,10727,0,3760877100.000,0,-,-,-,-,3738.4000,3738.0000,3736.8000,3736.2000,3736.0000,3739.4000,3739.6000,3739.8000,3740.0000,3740.2000,1,1,1,2,1,1,1,4,2,1
SF,IF2005,2020-04-13 10:53:08.600,3739.2000,10727,0,3760877100.000,0,-,-,-,-,3738.6000,3738.4000,3736.8000,3736.2000,3736.0000,3739.4000,3739.6000,3739.8000,3740.0000,3740.2000,2,1,1,2,1,1,1,4,2,1
SF,IF2005,2020-04-13 10:53:09.100,3739.2000,10727,0,3760877100.000,0,-,-,-,-,3738.4000,3736.8000,3736.2000,3736.0000,3735.0000,3739.2000,3739.4000,3739.6000,3739.8000,3740.0000,1,1,2,1,5,1,1,1,4,2
SF,IF2005,2020-04-13 10:53:09.600,3739.2000,10727,0,3760877100.000,0,-,-,-,-,3738.4000,3736.8000,3736.2000,3736.0000,3735.0000,3739.0000,3739.2000,3739.6000,3739.8000,3740.0000,1,1,2,1,5,1,1,1,4,2
SF,IF2005,2020-04-13 10:53:10.100,3739.2000,10727,0,3760877100.000,0,-,-,-,-,3738.4000,3736.8000,3736.2000,3736.0000,3735.0000,3739.0000,3739.6000,3739.8000,3740.0000,3740.2000,1,1,2,1,5,1,1,4,2,1
SF,IF2005,2020-04-13 10:53:10.600,3738.4000,10726,-1,3761998620.000,1,0,1,双平,S,3736.8000,3736.2000,3736.0000,3735.0000,3734.2000,3738.8000,3739.0000,3739.6000,3739.8000,3740.0000,1,2,1,5,3,1,1,1,4,2
SF,IF2005,2020-04-13 10:53:11.100,3738.4000,10726,0,3761998620.000,0,-,-,-,-,3737.8000,3737.4000,3737.2000,3737.0000,3736.8000,3738.6000,3738.8000,3739.6000,3739.8000,3740.0000,1,3,4,8,1,1,1,1,4,2
SF,IF2005,2020-04-13 10:53:11.600,3738.4000,10726,0,3761998620.000,0,-,-,-,-,3737.4000,3737.2000,3737.0000,3736.8000,3736.2000,3739.6000,3739.8000,3740.0000,3740.2000,3740.8000,2,4,8,1,2,1,4,2,1,1
SF,IF2005,2020-04-13 10:53:12.100,3738.4000,10726,0,3761998620.000,0,-,-,-,-,3737.8000,3737.6000,3737.4000,3737.2000,3737.0000,3739.2000,3739.4000,3739.6000,3739.8000,3740.0000,1,4,2,4,5,1,3,1,4,2
SF,IF2005,2020-04-13 10:53:12.600,3738.4000,10726,0,3761998620.000,0,-,-,-,-,3738.0000,3737.6000,3737.4000,3737.2000,3737.0000,3739.2000,3739.4000,3739.6000,3739.8000,3740.0000,2,4,2,4,5,1,2,1,4,2
SF,IF2005,2020-04-13 10:53:13.100,3738.4000,10726,0,3761998620.000,0,-,-,-,-,3738.0000,3737.6000,3737.4000,3737.2000,3737.0000,3739.2000,3739.4000,3739.6000,3739.8000,3740.0000,2,4,2,4,5,2,2,1,4,2
SF,IF2005,2020-04-13 10:53:13.600,3738.4000,10726,0,3761998620.000,0,-,-,-,-,3738.0000,3737.6000,3737.4000,3737.2000,3737.0000,3739.2000,3739.4000,3739.6000,3739.8000,3740.0000,2,3,2,4,5,2,2,1,4,2
SF,IF2005,2020-04-13 10:53:14.100,3738.4000,10726,0,3761998620.000,0,-,-,-,-,3738.0000,3737.6000,3737.4000,3737.2000,3737.0000,3739.0000,3739.2000,3739.4000,3739.6000,3739.8000,2,3,2,4,5,1,2,1,1,4
SF,IF2005,2020-04-13 10:53:14.600,3739.0000,10725,-1,3763120320.000,1,0,1,双平,S,3738.0000,3737.6000,3737.4000,3737.2000,3737.0000,3739.2000,3739.4000,3739.6000,3739.8000,3740.0000,2,2,1,4,5,2,1,1,4,2
SF,IF2005,2020-04-13 10:53:15.100,3739.0000,10725,0,3763120320.000,0,-,-,-,-,3738.2000,3738.0000,3737.6000,3737.4000,3737.2000,3739.2000,3739.4000,3739.6000,3739.8000,3740.0000,2,1,2,1,4,2,1,1,4,2
SF,IF2005,2020-04-13 10:53:15.600,3739.0000,10725,0,3763120320.000,0,-,-,-,-,3738.4000,3738.2000,3737.6000,3737.4000,3737.2000,3739.2000,3739.4000,3739.6000,3739.8000,3740.0000,1,2,2,1,4,2,1,1,4,2
SF,IF2005,2020-04-13 10:53:16.600,3739.0000,10725,0,3763120320.000,0,-,-,-,-,3738.4000,3738.2000,3737.6000,3737.4000,3737.2000,3739.2000,3739.4000,3739.6000,3739.8000,3740.0000,1,2,2,1,4,2,1,1,4,2
SF,IF2005,2020-04-13 10:53:17.600,3739.0000,10725,0,3763120320.000,0,-,-,-,-,3738.4000,3738.2000,3737.6000,3737.4000,3737.2000,3739.2000,3739.4000,3739.6000,3739.8000,3740.0000,1,2,2,1,4,2,1,1,4,2
SF,IF2005,2020-04-13 10:53:18.100,3739.0000,10725,0,3763120320.000,0,-,-,-,-,3738.8000,3738.6000,3738.4000,3737.6000,3737.4000,3739.2000,3739.6000,3739.8000,3740.0000,3740.2000,1,2,1,2,1,1,1,4,2,1
SF,IF2005,2020-04-13 10:53:18.600,3739.0000,10725,0,3765363780.000,2,1,1,多换,S,3739.0000,3738.6000,3737.6000,3737.4000,3737.2000,3739.4000,3739.6000,3739.8000,3740.2000,3740.8000,2,5,2,1,4,1,1,4,1,1
SF,IF2005,2020-04-13 10:53:19.100,3739.0000,10726,1,3767607180.000,2,1,1,空开,S,3738.6000,3737.6000,3737.4000,3737.2000,3737.0000,3739.6000,3739.8000,3740.2000,3740.8000,3741.0000,1,2,1,4,5,1,4,1,1,3
SF,IF2005,2020-04-13 10:53:19.600,3739.0000,10726,0,3767607180.000,0,-,-,-,-,3739.2000,3738.6000,3737.6000,3737.4000,3737.2000,3739.6000,3739.8000,3740.2000,3740.8000,3741.0000,1,1,2,1,4,2,5,1,1,3
SF,IF2005,2020-04-13 10:53:20.100,3739.2000,10726,0,3768728940.000,1,0,1,多换,S,3738.6000,3737.6000,3737.4000,3737.2000,3737.0000,3739.6000,3739.8000,3740.2000,3740.8000,3741.0000,1,2,1,4,5,2,5,1,1,3
SF,IF2005,2020-04-13 10:53:20.600,3739.2000,10726,0,3768728940.000,0,-,-,-,-,3738.6000,3737.6000,3737.4000,3737.2000,3737.0000,3739.4000,3739.6000,3739.8000,3740.2000,3740.8000,1,2,1,4,5,1,2,5,1,1
SF,IF2005,2020-04-13 10:53:21.100,3739.2000,10726,0,3768728940.000,0,-,-,-,-,3737.6000,3737.4000,3737.2000,3737.0000,3736.2000,3739.4000,3739.6000,3739.8000,3740.0000,3740.2000,2,1,4,5,2,1,2,5,2,1
SF,IF2005,2020-04-13 10:53:21.600,3739.2000,10726,0,3768728940.000,0,-,-,-,-,3738.4000,3738.2000,3738.0000,3737.8000,3737.6000,3739.4000,3739.6000,3739.8000,3740.0000,3740.2000,1,1,1,3,2,1,1,5,2,1
SF,IF2005,2020-04-13 10:53:22.100,3739.2000,10726,0,3768728940.000,0,-,-,-,-,3738.2000,3738.0000,3737.8000,3737.6000,3737.4000,3739.4000,3739.6000,3739.8000,3740.0000,3740.2000,1,1,3,2,1,2,1,5,2,1
SF,IF2005,2020-04-13 10:53:22.600,3739.2000,10726,0,3768728940.000,0,-,-,-,-,3738.2000,3738.0000,3737.8000,3737.6000,3737.4000,3739.4000,3739.6000,3739.8000,3740.0000,3740.2000,1,1,2,2,1,1,1,5,2,1
SF,IF2005,2020-04-13 10:53:23.100,3739.2000,10726,0,3768728940.000,0,-,-,-,-,3738.4000,3738.2000,3738.0000,3737.6000,3737.4000,3739.2000,3739.4000,3739.6000,3739.8000,3740.0000,2,1,1,2,1,1,1,1,5,2
SF,IF2005,2020-04-13 10:53:23.600,3739.2000,10727,1,3769850700.000,1,1,0,双开,S,3738.6000,3738.4000,3738.2000,3738.0000,3737.6000,3739.2000,3739.4000,3739.6000,3739.8000,3740.0000,1,1,1,1,2,1,1,1,5,2
SF,IF2005,2020-04-13 10:53:24.100,3739.2000,10727,0,3769850700.000,0,-,-,-,-,3738.6000,3738.4000,3738.2000,3738.0000,3737.6000,3739.4000,3739.6000,3739.8000,3740.2000,3740.8000,1,1,1,1,2,1,1,5,1,1
SF,IF2005,2020-04-13 10:53:24.600,3739.2000,10727,0,3769850700.000,0,-,-,-,-,3738.4000,3738.2000,3738.0000,3737.6000,3737.4000,3739.4000,3739.6000,3739.8000,3740.2000,3740.8000,1,1,1,2,1,2,1,5,3,3
SF,IF2005,2020-04-13 10:53:25.100,3739.2000,10727,0,3769850700.000,0,-,-,-,-,3738.6000,3738.4000,3738.2000,3738.0000,3737.6000,3739.4000,3739.6000,3739.8000,3740.2000,3740.8000,1,1,1,1,2,1,1,5,3,3
SF,IF2005,2020-04-13 10:53:25.600,3739.2000,10727,0,3769850700.000,0,-,-,-,-,3738.4000,3738.2000,3738.0000,3737.6000,3737.4000,3739.4000,3739.6000,3739.8000,3740.2000,3740.8000,1,1,1,2,1,2,1,5,3,3
SF,IF2005,2020-04-13 10:53:26.100,3738.6000,10726,-1,3770972280.000,1,0,1,双平,S,3738.4000,3738.0000,3737.6000,3737.4000,3737.2000,3739.4000,3739.6000,3739.8000,3740.2000,3740.8000,1,1,2,1,3,1,1,5,3,3
SF,IF2005,2020-04-13 10:53:26.600,3738.6000,10726,0,3770972280.000,0,-,-,-,-,3738.6000,3738.4000,3738.0000,3737.6000,3737.4000,3739.4000,3739.6000,3739.8000,3740.2000,3740.8000,1,1,1,2,1,2,1,5,3,3
SF,IF2005,2020-04-13 10:53:28.100,3738.6000,10726,0,3770972280.000,0,-,-,-,-,3738.4000,3738.0000,3737.6000,3737.4000,3737.2000,3739.4000,3739.6000,3739.8000,3740.2000,3740.8000,1,1,2,1,3,2,1,5,3,3
SF,IF2005,2020-04-13 10:53:28.600,3738.6000,10726,0,3770972280.000,0,-,-,-,-,3738.0000,3737.6000,3737.4000,3737.2000,3737.0000,3739.2000,3739.4000,3739.6000,3739.8000,3740.2000,1,2,1,3,5,2,2,1,5,3
SF,IF2005,2020-04-13 10:53:29.100,3738.6000,10726,0,3770972280.000,0,-,-,-,-,3738.2000,3738.0000,3737.6000,3737.4000,3737.2000,3739.2000,3739.6000,3739.8000,3740.2000,3740.8000,1,1,2,1,3,2,1,5,3,1
SF,IF2005,2020-04-13 10:53:29.600,3738.2000,10726,0,3773215500.000,2,1,1,多换,S,3738.2000,3738.0000,3737.6000,3737.4000,3737.2000,3739.2000,3739.6000,3739.8000,3740.2000,3740.8000,2,1,2,1,3,1,1,5,3,1
SF,IF2005,2020-04-13 10:53:30.100,3738.2000,10726,0,3773215500.000,0,-,-,-,-,3738.2000,3738.0000,3737.6000,3737.4000,3737.2000,3739.0000,3739.2000,3739.4000,3739.6000,3739.8000,1,1,2,1,3,1,1,1,1,5
SF,IF2005,2020-04-13 10:53:30.600,3738.2000,10726,0,3773215500.000,0,-,-,-,-,3738.2000,3738.0000,3737.6000,3737.4000,3737.2000,3739.0000,3739.2000,3739.6000,3739.8000,3740.2000,1,1,2,1,3,1,1,1,5,3
SF,IF2005,2020-04-13 10:53:31.100,3738.2000,10726,0,3773215500.000,0,-,-,-,-,3738.2000,3738.0000,3737.6000,3737.4000,3737.2000,3739.0000,3739.2000,3739.6000,3739.8000,3740.2000,1,1,2,1,3,2,1,1,5,3
SF,IF2005,2020-04-13 10:53:31.600,3739.0000,10726,0,3774337200.000,1,0,1,多换,S,3738.2000,3738.0000,3737.6000,3737.4000,3737.2000,3739.0000,3739.2000,3739.6000,3739.8000,3740.2000,1,1,2,1,3,1,1,1,5,3
SF,IF2005,2020-04-13 10:53:32.100,3739.0000,10726,0,3774337200.000,0,-,-,-,-,3738.2000,3737.6000,3737.4000,3737.2000,3737.0000,3739.0000,3739.2000,3739.6000,3739.8000,3740.2000,1,2,1,3,5,1,1,1,5,3
SF,IF2005,2020-04-13 10:53:35.600,3739.0000,10726,0,3774337200.000,0,-,-,-,-,3738.2000,3737.4000,3737.2000,3737.0000,3736.2000,3739.0000,3739.2000,3739.6000,3739.8000,3740.2000,1,1,3,5,2,1,1,1,5,3
SF,IF2005,2020-04-13 10:53:36.100,3739.0000,10726,0,3774337200.000,0,-,-,-,-,3738.2000,3737.4000,3737.2000,3737.0000,3736.2000,3738.8000,3739.0000,3739.2000,3739.6000,3739.8000,1,1,3,4,2,1,1,1,1,5
SF,IF2005,2020-04-13 10:53:36.600,3739.0000,10726,0,3774337200.000,0,-,-,-,-,3738.2000,3737.4000,3737.2000,3737.0000,3736.2000,3738.8000,3739.2000,3739.6000,3739.8000,3740.2000,1,1,3,4,2,2,1,1,5,3
SF,IF2005,2020-04-13 10:53:37.100,3739.0000,10726,0,3774337200.000,0,-,-,-,-,3738.2000,3737.4000,3737.2000,3737.0000,3736.2000,3738.6000,3738.8000,3739.2000,3739.6000,3739.8000,1,1,3,4,2,1,2,1,1,5
SF,IF2005,2020-04-13 10:53:38.100,3739.0000,10726,0,3774337200.000,0,-,-,-,-,3738.2000,3737.4000,3737.2000,3737.0000,3736.2000,3738.6000,3738.8000,3739.2000,3739.6000,3739.8000,1,1,3,4,2,1,2,1,1,5
SF,IF2005,2020-04-13 10:53:38.600,3739.0000,10726,0,3774337200.000,0,-,-,-,-,3738.2000,3737.4000,3737.2000,3737.0000,3736.2000,3738.6000,3738.8000,3739.2000,3739.6000,3739.8000,1,1,3,4,2,1,1,1,1,5
SF,IF2005,2020-04-13 10:53:39.100,3738.6000,10727,1,3775458780.000,1,1,0,双开,S,3738.2000,3737.4000,3737.2000,3737.0000,3736.2000,3738.6000,3738.8000,3739.2000,3739.6000,3739.8000,1,1,3,4,2,1,1,1,1,5
SF,IF2005,2020-04-13 10:53:44.100,3738.2000,10726,-1,3776580240.000,1,0,1,双平,S,3737.4000,3737.2000,3737.0000,3736.2000,3736.0000,3738.6000,3738.8000,3739.2000,3739.6000,3739.8000,1,3,4,2,1,1,1,1,1,5
SF,IF2005,2020-04-13 10:53:44.600,3738.2000,10726,0,3776580240.000,0,-,-,-,-,3737.8000,3737.6000,3737.4000,3737.2000,3737.0000,3738.6000,3738.8000,3739.2000,3739.6000,3739.8000,2,2,1,3,4,1,1,1,1,5
SF,IF2005,2020-04-13 10:53:45.100,3738.2000,10726,0,3776580240.000,0,-,-,-,-,3737.8000,3737.6000,3737.4000,3737.2000,3737.0000,3738.8000,3739.2000,3739.6000,3739.8000,3740.2000,2,2,1,3,4,1,1,1,5,3
SF,IF2005,2020-04-13 10:53:45.600,3738.2000,10726,0,3776580240.000,0,-,-,-,-,3737.8000,3737.6000,3737.4000,3737.2000,3737.0000,3738.8000,3739.0000,3739.2000,3739.6000,3739.8000,2,2,1,3,4,1,1,1,1,5
SF,IF2005,2020-04-13 10:53:46.100,3738.2000,10726,0,3776580240.000,0,-,-,-,-,3738.0000,3737.8000,3737.6000,3737.4000,3737.2000,3739.0000,3739.2000,3739.6000,3739.8000,3740.2000,2,2,1,1,3,1,1,1,5,3
SF,IF2005,2020-04-13 10:53:46.600,3738.2000,10726,0,3776580240.000,0,-,-,-,-,3738.0000,3737.8000,3737.4000,3737.2000,3737.0000,3739.0000,3739.2000,3739.6000,3739.8000,3740.2000,1,2,1,3,4,1,1,1,5,3
SF,IF2005,2020-04-13 10:53:47.100,3738.2000,10726,0,3776580240.000,0,-,-,-,-,3738.0000,3737.8000,3737.4000,3737.2000,3737.0000,3738.8000,3739.0000,3739.2000,3739.6000,3739.8000,1,2,1,3,4,1,1,1,1,5
SF,IF2005,2020-04-13 10:53:50.600,3738.2000,10726,0,3776580240.000,0,-,-,-,-,3738.0000,3737.8000,3737.4000,3737.2000,3737.0000,3738.8000,3739.0000,3739.2000,3739.6000,3739.8000,2,2,1,3,4,1,1,1,1,5
SF,IF2005,2020-04-13 10:53:51.100,3738.2000,10726,0,3776580240.000,0,-,-,-,-,3738.0000,3737.8000,3737.4000,3737.2000,3737.0000,3738.4000,3738.8000,3739.0000,3739.2000,3739.6000,2,2,1,3,4,1,1,1,1,1
SF,IF2005,2020-04-13 10:53:51.600,3738.4000,10726,0,3777701760.000,1,0,1,多换,S,3738.0000,3737.8000,3737.4000,3737.2000,3737.0000,3738.8000,3739.0000,3739.2000,3739.6000,3739.8000,2,2,1,3,4,1,1,1,1,5
SF,IF2005,2020-04-13 10:53:52.100,3738.4000,10725,-1,3778823280.000,1,0,1,双平,S,3738.2000,3738.0000,3737.8000,3737.2000,3737.0000,3738.4000,3739.0000,3739.2000,3739.6000,3739.8000,2,2,2,2,4,1,1,1,1,5
SF,IF2005,2020-04-13 10:53:52.600,3738.4000,10725,0,3778823280.000,0,-,-,-,-,3738.0000,3737.8000,3737.2000,3737.0000,3736.2000,3738.4000,3739.0000,3739.2000,3739.6000,3739.8000,2,2,2,4,2,1,1,1,1,5
SF,IF2005,2020-04-13 10:53:53.100,3738.4000,10725,0,3778823280.000,0,-,-,-,-,3738.0000,3737.8000,3737.2000,3737.0000,3736.2000,3738.4000,3739.0000,3739.2000,3739.6000,3739.8000,1,2,2,4,2,1,1,1,1,5
SF,IF2005,2020-04-13 10:53:53.600,3738.0000,10726,1,3779944680.000,1,1,0,双开,S,3737.8000,3737.2000,3737.0000,3736.2000,3736.0000,3738.4000,3739.0000,3739.2000,3739.6000,3739.8000,2,2,4,2,1,1,1,1,1,5
SF,IF2005,2020-04-13 10:53:55.600,3738.0000,10726,0,3779944680.000,0,-,-,-,-,3737.8000,3737.2000,3737.0000,3736.2000,3736.0000,3738.4000,3739.0000,3739.6000,3739.8000,3740.2000,2,2,4,2,1,1,1,1,5,3
SF,IF2005,2020-04-13 10:53:56.100,3738.4000,10725,-1,3781066200.000,1,0,1,双平,S,3738.0000,3737.8000,3737.2000,3737.0000,3736.2000,3739.0000,3739.6000,3739.8000,3740.2000,3740.8000,2,2,2,4,2,1,1,5,3,1
SF,IF2005,2020-04-13 10:53:57.100,3738.4000,10725,0,3781066200.000,0,-,-,-,-,3738.2000,3738.0000,3737.8000,3737.2000,3737.0000,3738.6000,3739.0000,3739.6000,3739.8000,3740.2000,1,2,1,2,4,1,1,1,5,3
SF,IF2005,2020-04-13 10:53:57.600,3738.6000,10724,-1,3782187780.000,1,0,1,双平,S,3738.4000,3738.2000,3738.0000,3737.8000,3737.2000,3739.0000,3739.6000,3739.8000,3740.2000,3740.8000,2,1,2,1,2,1,1,5,3,1
SF,IF2005,2020-04-13 10:53:58.100,3738.6000,10724,0,3782187780.000,0,-,-,-,-,3738.4000,3738.2000,3738.0000,3737.2000,3737.0000,3739.6000,3739.8000,3740.2000,3740.8000,3741.0000,2,1,2,2,4,1,5,3,1,1
SF,IF2005,2020-04-13 10:53:58.600,3738.6000,10724,0,3782187780.000,0,-,-,-,-,3738.2000,3737.2000,3737.0000,3736.2000,3736.0000,3739.4000,3739.6000,3739.8000,3740.2000,3740.8000,1,2,4,2,1,4,1,5,3,1
SF,IF2005,2020-04-13 10:53:59.100,3738.6000,10724,0,3782187780.000,0,-,-,-,-,3738.4000,3738.2000,3737.2000,3737.0000,3736.2000,3739.4000,3739.6000,3739.8000,3740.2000,3740.8000,1,1,2,4,2,3,1,5,3,1
SF,IF2005,2020-04-13 10:53:59.600,3738.6000,10724,0,3782187780.000,0,-,-,-,-,3738.4000,3738.2000,3737.2000,3737.0000,3736.2000,3739.2000,3739.4000,3739.6000,3739.8000,3740.2000,1,1,2,4,2,1,3,1,5,3
SF,IF2005,2020-04-13 10:54:01.600,3739.2000,10725,1,3783309540.000,1,1,0,双开,S,3738.6000,3738.4000,3737.2000,3737.0000,3736.2000,3739.0000,3739.4000,3739.6000,3739.8000,3740.2000,1,1,2,4,2,1,3,1,5,3
SF,IF2005,2020-04-13 10:54:02.100,3739.0000,10726,1,3784431240.000,1,1,0,双开,S,3738.6000,3738.4000,3737.2000,3737.0000,3736.2000,3739.0000,3739.6000,3739.8000,3740.2000,3740.8000,1,1,2,4,2,1,1,5,3,1
SF,IF2005,2020-04-13 10:54:02.600,3739.0000,10726,0,3784431240.000,0,-,-,-,-,3738.6000,3738.4000,3737.2000,3737.0000,3736.2000,3739.6000,3739.8000,3740.2000,3740.8000,3741.0000,1,1,2,4,2,1,5,3,1,1
SF,IF2005,2020-04-13 10:54:03.100,3739.0000,10726,0,3784431240.000,0,-,-,-,-,3738.6000,3738.4000,3737.2000,3737.0000,3736.2000,3739.4000,3739.6000,3739.8000,3740.2000,3740.8000,1,1,2,4,2,2,1,5,3,1
SF,IF2005,2020-04-13 10:54:03.600,3739.0000,10726,0,3784431240.000,0,-,-,-,-,3738.6000,3738.4000,3737.2000,3737.0000,3736.2000,3739.4000,3739.6000,3739.8000,3740.2000,3740.8000,1,1,2,4,2,1,1,5,3,1
SF,IF2005,2020-04-13 10:54:04.100,3738.6000,10725,-1,3785552820.000,1,0,1,双平,S,3738.4000,3737.2000,3737.0000,3736.2000,3736.0000,3739.2000,3739.6000,3739.8000,3740.2000,3740.8000,1,2,4,2,1,1,1,5,3,1
SF,IF2005,2020-04-13 10:54:05.600,3738.6000,10725,0,3785552820.000,0,-,-,-,-,3738.4000,3737.2000,3737.0000,3736.2000,3736.0000,3739.0000,3739.2000,3739.6000,3739.8000,3740.2000,1,2,4,2,1,1,1,1,6,3
SF,IF2005,2020-04-13 10:54:06.100,3738.6000,10725,0,3785552820.000,0,-,-,-,-,3737.2000,3737.0000,3736.2000,3736.0000,3735.0000,3739.0000,3739.6000,3739.8000,3740.2000,3740.8000,2,4,2,1,2,2,1,6,3,1
SF,IF2005,2020-04-13 10:54:06.600,3738.6000,10725,0,3785552820.000,0,-,-,-,-,3737.6000,3737.4000,3737.2000,3737.0000,3736.2000,3738.8000,3739.0000,3739.6000,3739.8000,3740.2000,1,5,2,4,2,1,2,1,6,3
SF,IF2005,2020-04-13 10:54:07.100,3738.6000,10725,0,3785552820.000,0,-,-,-,-,3737.8000,3737.6000,3737.4000,3737.2000,3737.0000,3738.8000,3739.0000,3739.6000,3739.8000,3740.2000,1,1,3,2,4,1,2,1,6,3
SF,IF2005,2020-04-13 10:54:07.600,3738.8000,10728,3,3788917740.000,3,3,0,双开,S,3738.0000,3737.8000,3737.4000,3737.2000,3737.0000,3738.8000,3739.0000,3739.6000,3739.8000,3740.2000,1,4,3,2,4,1,1,1,6,3
SF,IF2005,2020-04-13 10:54:08.100,3739.0000,10728,0,3790039440.000,1,0,1,多换,S,3738.4000,3738.2000,3738.0000,3737.8000,3737.6000,3739.6000,3739.8000,3740.2000,3740.8000,3741.0000,1,3,2,3,1,1,6,3,1,1
SF,IF2005,2020-04-13 10:54:08.600,3739.0000,10728,0,3790039440.000,0,-,-,-,-,3738.2000,3738.0000,3737.8000,3737.4000,3737.2000,3739.4000,3739.6000,3739.8000,3740.2000,3740.8000,1,2,3,2,2,4,2,6,3,1
SF,IF2005,2020-04-13 10:54:09.100,3739.0000,10728,0,3790039440.000,0,-,-,-,-,3738.4000,3738.2000,3738.0000,3737.8000,3737.4000,3739.4000,3739.6000,3739.8000,3740.2000,3740.8000,2,1,2,3,2,4,1,6,3,1
SF,IF2005,2020-04-13 10:54:10.100,3739.0000,10728,0,3790039440.000,0,-,-,-,-,3738.2000,3738.0000,3737.8000,3737.4000,3737.2000,3739.4000,3739.6000,3739.8000,3740.2000,3740.8000,1,2,3,2,2,4,1,6,3,1
SF,IF2005,2020-04-13 10:54:10.600,3739.0000,10728,0,3790039440.000,0,-,-,-,-,3738.2000,3738.0000,3737.8000,3737.4000,3737.2000,3739.2000,3739.4000,3739.6000,3739.8000,3740.2000,1,1,3,2,2,1,4,1,6,3
SF,IF2005,2020-04-13 10:54:11.100,3739.0000,10728,0,3790039440.000,0,-,-,-,-,3738.0000,3737.8000,3737.4000,3737.2000,3737.0000,3739.0000,3739.2000,3739.4000,3739.6000,3739.8000,1,3,2,2,4,1,1,3,1,6
SF,IF2005,2020-04-13 10:54:12.100,3739.0000,10728,0,3790039440.000,0,-,-,-,-,3738.0000,3737.8000,3737.4000,3737.2000,3737.0000,3739.0000,3739.2000,3739.4000,3739.6000,3739.8000,1,3,2,2,4,1,1,2,1,6
SF,IF2005,2020-04-13 10:54:12.600,3739.0000,10728,0,3791161140.000,1,0,1,多换,S,3738.0000,3737.8000,3737.4000,3737.2000,3737.0000,3739.2000,3739.6000,3739.8000,3740.2000,3740.8000,1,1,2,2,4,1,1,6,3,1
SF,IF2005,2020-04-13 10:54:13.100,3739.0000,10728,0,3791161140.000,0,-,-,-,-,3738.0000,3737.4000,3737.2000,3737.0000,3736.2000,3739.0000,3739.2000,3739.6000,3739.8000,3740.2000,1,2,2,4,2,4,1,1,6,3
SF,IF2005,2020-04-13 10:54:13.600,3739.0000,10728,0,3791161140.000,0,-,-,-,-,3738.2000,3738.0000,3737.4000,3737.2000,3737.0000,3738.8000,3739.0000,3739.6000,3739.8000,3740.2000,1,1,2,2,4,1,4,1,6,3
SF,IF2005,2020-04-13 10:54:14.100,3739.0000,10728,0,3791161140.000,0,-,-,-,-,3738.2000,3738.0000,3737.4000,3737.2000,3737.0000,3738.8000,3739.0000,3739.6000,3739.8000,3740.2000,1,1,2,2,4,1,2,1,6,3
SF,IF2005,2020-04-13 10:54:15.600,3738.2000,10728,0,3792282600.000,1,0,1,多换,S,3738.0000,3737.4000,3737.2000,3737.0000,3736.2000,3738.8000,3739.0000,3739.6000,3739.8000,3740.2000,1,2,2,4,2,1,2,1,6,3
SF,IF2005,2020-04-13 10:54:16.100,3738.2000,10728,0,3792282600.000,0,-,-,-,-,3738.0000,3737.4000,3737.2000,3737.0000,3736.2000,3738.8000,3739.0000,3739.6000,3739.8000,3740.2000,1,2,2,4,2,1,2,1,6,3
SF,IF2005,2020-04-13 10:54:16.600,3738.2000,10728,0,3792282600.000,0,-,-,-,-,3738.2000,3738.0000,3737.4000,3737.2000,3737.0000,3738.8000,3739.6000,3739.8000,3740.2000,3740.4000,2,1,2,2,4,2,1,6,3,2
SF,IF2005,2020-04-13 10:54:17.100,3738.2000,10728,0,3792282600.000,0,-,-,-,-,3738.2000,3738.0000,3737.4000,3737.2000,3737.0000,3738.8000,3739.6000,3739.8000,3740.2000,3740.4000,2,1,2,2,4,1,1,6,3,2
SF,IF2005,2020-04-13 10:54:17.600,3738.8000,10729,1,3793404240.000,1,1,0,双开,S,3738.2000,3738.0000,3737.4000,3737.2000,3737.0000,3739.2000,3739.6000,3739.8000,3740.2000,3740.4000,2,1,2,2,4,1,1,6,3,2
SF,IF2005,2020-04-13 10:54:18.600,3738.8000,10729,0,3793404240.000,0,-,-,-,-,3738.2000,3738.0000,3737.4000,3737.2000,3737.0000,3738.6000,3739.2000,3739.6000,3739.8000,3740.2000,2,1,2,2,4,1,1,1,6,3
SF,IF2005,2020-04-13 10:54:19.100,3738.6000,10730,1,3794525820.000,1,1,0,双开,S,3738.8000,3738.2000,3738.0000,3737.4000,3737.2000,3739.2000,3739.6000,3739.8000,3740.2000,3740.4000,2,2,1,2,2,1,1,6,3,2
SF,IF2005,2020-04-13 10:54:19.600,3738.8000,10730,0,3796769100.000,2,1,1,多换,S,3738.2000,3738.0000,3737.4000,3737.2000,3737.0000,3739.6000,3739.8000,3740.2000,3740.4000,3740.8000,2,1,2,2,4,1,6,3,2,1
SF,IF2005,2020-04-13 10:54:20.100,3738.8000,10730,0,3796769100.000,0,-,-,-,-,3738.2000,3738.0000,3737.4000,3737.2000,3737.0000,3739.4000,3739.6000,3739.8000,3740.2000,3740.4000,2,1,2,2,4,5,1,6,3,2
SF,IF2005,2020-04-13 10:54:20.600,3738.8000,10730,0,3796769100.000,0,-,-,-,-,3738.2000,3738.0000,3737.4000,3737.2000,3737.0000,3739.2000,3739.4000,3739.6000,3739.8000,3740.2000,2,1,2,2,4,1,4,1,6,3
SF,IF2005,2020-04-13 10:54:21.100,3738.8000,10730,0,3796769100.000,0,-,-,-,-,3738.2000,3738.0000,3737.4000,3737.2000,3737.0000,3739.0000,3739.2000,3739.4000,3739.6000,3739.8000,1,1,2,2,4,2,1,3,1,6
SF,IF2005,2020-04-13 10:54:21.600,3738.8000,10730,0,3796769100.000,0,-,-,-,-,3738.2000,3738.0000,3737.4000,3737.2000,3737.0000,3739.0000,3739.2000,3739.4000,3739.6000,3739.8000,1,1,2,2,4,1,1,2,1,6
SF,IF2005,2020-04-13 10:54:22.100,3738.8000,10730,0,3796769100.000,0,-,-,-,-,3738.2000,3738.0000,3737.4000,3737.2000,3737.0000,3739.0000,3739.2000,3739.4000,3739.6000,3739.8000,1,1,2,2,4,2,1,1,1,6
SF,IF2005,2020-04-13 10:54:22.600,3739.0000,10730,0,3797890800.000,1,0,1,多换,S,3738.2000,3738.0000,3737.4000,3737.2000,3737.0000,3739.2000,3739.4000,3739.6000,3739.8000,3740.2000,1,1,2,2,4,1,1,1,6,3
SF,IF2005,2020-04-13 10:54:23.600,3739.0000,10730,0,3797890800.000,0,-,-,-,-,3738.2000,3738.0000,3737.4000,3737.2000,3737.0000,3739.0000,3739.2000,3739.4000,3739.6000,3739.8000,1,1,2,2,4,2,1,1,1,6
SF,IF2005,2020-04-13 10:54:24.100,3739.0000,10730,0,3797890800.000,0,-,-,-,-,3738.2000,3738.0000,3737.4000,3737.2000,3737.0000,3738.8000,3739.0000,3739.2000,3739.4000,3739.6000,1,1,2,2,4,1,2,1,1,1
SF,IF2005,2020-04-13 10:54:24.600,3739.0000,10730,0,3797890800.000,0,-,-,-,-,3738.2000,3738.0000,3737.4000,3737.2000,3737.0000,3738.8000,3739.0000,3739.4000,3739.6000,3739.8000,1,1,2,2,4,2,2,1,1,6
SF,IF2005,2020-04-13 10:54:25.600,3739.0000,10730,0,3797890800.000,0,-,-,-,-,3738.2000,3738.0000,3737.2000,3737.0000,3736.2000,3738.8000,3739.0000,3739.6000,3739.8000,3740.2000,1,1,2,4,2,2,2,1,6,3
SF,IF2005,2020-04-13 10:54:26.600,3739.0000,10730,0,3797890800.000,0,-,-,-,-,3738.2000,3738.0000,3737.2000,3737.0000,3736.2000,3738.8000,3739.0000,3739.6000,3739.8000,3740.2000,1,1,2,4,2,2,2,1,6,3
SF,IF2005,2020-04-13 10:54:27.100,3738.2000,10729,-1,3799012260.000,1,0,1,双平,S,3738.0000,3737.2000,3737.0000,3736.2000,3736.0000,3738.2000,3738.8000,3739.0000,3739.6000,3739.8000,1,2,4,2,1,1,1,2,1,6
SF,IF2005,2020-04-13 10:54:27.600,3738.2000,10728,-1,3800133720.000,1,0,1,双平,S,3738.4000,3738.2000,3737.2000,3737.0000,3736.2000,3738.8000,3739.0000,3739.6000,3739.8000,3740.2000,1,1,2,4,2,1,1,1,6,3
SF,IF2005,2020-04-13 10:54:28.100,3738.2000,10728,0,3800133720.000,0,-,-,-,-,3737.2000,3737.0000,3736.2000,3736.0000,3735.0000,3738.8000,3739.0000,3739.6000,3739.8000,3740.2000,2,4,2,1,2,1,1,1,6,3
SF,IF2005,2020-04-13 10:54:28.600,3738.2000,10728,0,3800133720.000,0,-,-,-,-,3737.8000,3737.4000,3737.2000,3737.0000,3736.2000,3738.2000,3738.8000,3739.0000,3739.6000,3739.8000,1,4,3,4,2,1,1,1,1,6
SF,IF2005,2020-04-13 10:54:29.100,3738.2000,10728,0,3800133720.000,0,-,-,-,-,3737.8000,3737.4000,3737.2000,3737.0000,3736.2000,3738.2000,3738.8000,3739.0000,3739.6000,3739.8000,1,4,2,4,2,1,1,1,1,6
SF,IF2005,2020-04-13 10:54:29.600,3738.2000,10728,0,3801255180.000,1,0,1,多换,S,3738.2000,3737.8000,3737.4000,3737.2000,3737.0000,3738.8000,3739.0000,3739.6000,3739.8000,3740.2000,1,1,4,2,4,1,1,1,6,3
SF,IF2005,2020-04-13 10:54:30.100,3738.2000,10728,0,3801255180.000,0,-,-,-,-,3737.8000,3737.4000,3737.2000,3737.0000,3736.2000,3739.0000,3739.6000,3739.8000,3740.2000,3740.8000,1,4,2,4,2,1,1,6,3,1
SF,IF2005,2020-04-13 10:54:30.600,3738.2000,10728,0,3801255180.000,0,-,-,-,-,3738.0000,3737.8000,3737.4000,3737.2000,3737.0000,3738.8000,3739.0000,3739.6000,3739.8000,3740.2000,1,1,3,2,4,1,1,1,6,3
SF,IF2005,2020-04-13 10:54:31.100,3738.2000,10728,0,3801255180.000,0,-,-,-,-,3738.0000,3737.8000,3737.4000,3737.2000,3737.0000,3739.0000,3739.6000,3739.8000,3740.2000,3740.8000,2,1,3,2,4,1,1,6,3,1
SF,IF2005,2020-04-13 10:54:31.600,3738.2000,10728,0,3801255180.000,0,-,-,-,-,3738.0000,3737.8000,3737.4000,3737.2000,3737.0000,3739.2000,3739.6000,3739.8000,3740.2000,3740.8000,2,1,2,2,4,1,1,6,3,1
SF,IF2005,2020-04-13 10:54:32.600,3738.2000,10728,0,3801255180.000,0,-,-,-,-,3738.0000,3737.8000,3737.4000,3737.2000,3737.0000,3739.0000,3739.2000,3739.6000,3739.8000,3740.2000,1,1,2,2,4,1,1,1,6,3
SF,IF2005,2020-04-13 10:54:33.100,3738.2000,10728,0,3801255180.000,0,-,-,-,-,3738.0000,3737.8000,3737.4000,3737.2000,3737.0000,3739.0000,3739.6000,3739.8000,3740.2000,3740.8000,1,1,2,2,4,1,1,6,3,1
SF,IF2005,2020-04-13 10:54:33.600,3738.2000,10728,0,3801255180.000,0,-,-,-,-,3738.2000,3738.0000,3737.8000,3737.4000,3737.2000,3739.0000,3739.6000,3739.8000,3740.2000,3740.8000,2,1,1,2,2,2,1,6,3,1
SF,IF2005,2020-04-13 10:54:34.100,3738.2000,10728,0,3801255180.000,0,-,-,-,-,3738.2000,3738.0000,3737.4000,3737.2000,3737.0000,3739.0000,3739.6000,3739.8000,3740.2000,3740.8000,3,1,2,2,4,1,1,6,3,1
SF,IF2005,2020-04-13 10:54:34.600,3738.2000,10728,0,3801255180.000,0,-,-,-,-,3738.4000,3738.2000,3737.4000,3737.2000,3737.0000,3739.0000,3739.2000,3739.6000,3739.8000,3740.2000,1,3,2,2,4,1,1,1,6,3
SF,IF2005,2020-04-13 10:54:37.100,3738.2000,10728,0,3801255180.000,0,-,-,-,-,3738.4000,3738.2000,3737.4000,3737.2000,3737.0000,3739.0000,3739.2000,3739.6000,3739.8000,3740.2000,1,1,2,2,4,1,1,1,6,3
SF,IF2005,2020-04-13 10:54:37.600,3738.2000,10728,0,3801255180.000,0,-,-,-,-,3738.4000,3738.2000,3737.4000,3737.2000,3737.0000,3739.0000,3739.2000,3739.6000,3739.8000,3740.2000,1,1,2,2,4,2,1,1,6,3
SF,IF2005,2020-04-13 10:54:40.100,3738.2000,10728,0,3801255180.000,0,-,-,-,-,3738.4000,3738.2000,3737.4000,3737.2000,3737.0000,3739.0000,3739.2000,3739.6000,3739.8000,3740.2000,1,1,2,2,4,3,1,1,6,3
SF,IF2005,2020-04-13 10:54:40.600,3738.2000,10728,0,3801255180.000,0,-,-,-,-,3738.4000,3738.2000,3737.4000,3737.2000,3737.0000,3739.0000,3739.2000,3739.6000,3739.8000,3740.2000,1,1,1,2,4,3,1,1,6,3
SF,IF2005,2020-04-13 10:54:41.100,3739.0000,10728,0,3802376880.000,1,0,1,多换,S,3738.4000,3738.2000,3737.4000,3737.2000,3737.0000,3739.0000,3739.2000,3739.4000,3739.6000,3739.8000,1,1,1,2,4,1,1,1,1,6
SF,IF2005,2020-04-13 10:54:41.600,3739.0000,10729,1,3803498580.000,1,1,0,双开,S,3738.4000,3738.2000,3737.4000,3737.2000,3737.0000,3739.2000,3739.4000,3739.6000,3739.8000,3740.2000,1,1,1,2,4,1,1,1,6,3
SF,IF2005,2020-04-13 10:54:42.100,3739.0000,10729,0,3803498580.000,0,-,-,-,-,3738.4000,3738.2000,3737.4000,3737.2000,3737.0000,3739.0000,3739.2000,3739.4000,3739.6000,3739.8000,1,1,1,2,4,1,1,1,1,6
SF,IF2005,2020-04-13 10:54:42.600,3739.0000,10729,0,3803498580.000,0,-,-,-,-,3738.4000,3738.2000,3737.4000,3737.2000,3737.0000,3739.0000,3739.2000,3739.4000,3739.6000,3739.8000,1,1,1,2,4,1,1,1,1,6
SF,IF2005,2020-04-13 10:54:43.100,3739.0000,10729,0,3803498580.000,0,-,-,-,-,3738.4000,3738.2000,3737.4000,3737.2000,3737.0000,3739.0000,3739.2000,3739.4000,3739.6000,3739.8000,1,1,1,2,4,1,1,1,1,6
SF,IF2005,2020-04-13 10:54:43.600,3739.0000,10729,0,3803498580.000,0,-,-,-,-,3738.4000,3738.2000,3737.4000,3737.2000,3737.0000,3739.0000,3739.2000,3739.4000,3739.6000,3739.8000,1,1,1,2,4,1,1,1,1,6
SF,IF2005,2020-04-13 10:54:44.100,3739.0000,10729,0,3803498580.000,0,-,-,-,-,3738.4000,3738.2000,3737.4000,3737.2000,3737.0000,3739.0000,3739.2000,3739.4000,3739.6000,3739.8000,1,1,1,2,4,1,1,1,1,6
SF,IF2005,2020-04-13 10:54:44.600,3739.0000,10729,0,3803498580.000,0,-,-,-,-,3738.4000,3738.2000,3737.4000,3737.2000,3737.0000,3739.0000,3739.2000,3739.4000,3739.6000,3739.8000,1,1,1,2,4,1,1,1,1,6
SF,IF2005,2020-04-13 10:54:45.100,3739.0000,10729,0,3803498580.000,0,-,-,-,-,3738.4000,3738.2000,3737.4000,3737.2000,3737.0000,3739.0000,3739.2000,3739.4000,3739.6000,3739.8000,1,1,1,2,4,1,1,1,1,6
SF,IF2005,2020-04-13 10:54:45.600,3739.0000,10729,0,3803498580.000,0,-,-,-,-,3738.4000,3738.2000,3737.4000,3737.2000,3737.0000,3739.0000,3739.2000,3739.4000,3739.6000,3739.8000,1,1,1,2,4,1,1,1,1,6
SF,IF2005,2020-04-13 10:54:46.100,3739.0000,10729,0,3803498580.000,0,-,-,-,-,3738.4000,3738.2000,3737.4000,3737.2000,3737.0000,3739.0000,3739.2000,3739.4000,3739.6000,3739.8000,1,1,1,2,4,1,1,1,1,6
SF,IF2005,2020-04-13 10:54:46.600,3739.0000,10729,0,3803498580.000,0,-,-,-,-,3738.4000,3738.2000,3737.4000,3737.2000,3737.0000,3739.0000,3739.2000,3739.4000,3739.6000,3739.8000,1,1,1,2,4,1,1,1,1,6
SF,IF2005,2020-04-13 10:54:47.100,3738.4000,10728,-1,3804620100.000,1,0,1,双平,S,3737.4000,3737.2000,3737.0000,3736.2000,3736.0000,3738.8000,3739.0000,3739.2000,3739.4000,3739.6000,1,2,4,2,1,1,1,1,1,1
SF,IF2005,2020-04-13 10:54:47.600,3738.4000,10728,0,3804620100.000,0,-,-,-,-,3737.6000,3737.4000,3737.2000,3737.0000,3736.2000,3738.8000,3739.0000,3739.4000,3739.6000,3739.8000,2,1,2,4,2,1,1,1,1,6
SF,IF2005,2020-04-13 10:54:48.100,3738.4000,10728,0,3804620100.000,0,-,-,-,-,3737.6000,3737.4000,3737.2000,3737.0000,3736.2000,3738.8000,3739.0000,3739.4000,3739.6000,3739.8000,3,1,2,4,2,2,1,1,1,6
SF,IF2005,2020-04-13 10:54:48.600,3738.4000,10728,0,3804620100.000,0,-,-,-,-,3737.6000,3737.4000,3737.2000,3737.0000,3736.2000,3738.8000,3739.0000,3739.4000,3739.6000,3739.8000,3,1,2,4,2,1,1,1,1,6
SF,IF2005,2020-04-13 10:54:49.100,3738.4000,10728,0,3804620100.000,0,-,-,-,-,3737.6000,3737.4000,3737.2000,3737.0000,3736.2000,3738.6000,3738.8000,3739.0000,3739.4000,3739.6000,3,1,2,4,2,1,1,1,1,1
SF,IF2005,2020-04-13 10:54:49.600,3737.6000,10727,-1,3805741380.000,1,0,1,双平,S,3737.6000,3737.4000,3737.2000,3737.0000,3736.2000,3738.6000,3738.8000,3739.0000,3739.4000,3739.6000,2,1,2,4,2,1,1,1,1,1
SF,IF2005,2020-04-13 10:54:50.100,3737.6000,10727,0,3805741380.000,0,-,-,-,-,3737.6000,3737.4000,3737.2000,3737.0000,3736.2000,3738.6000,3738.8000,3739.0000,3739.4000,3739.6000,2,1,2,4,2,1,1,1,1,1
SF,IF2005,2020-04-13 10:54:50.600,3737.6000,10727,0,3805741380.000,0,-,-,-,-,3737.6000,3737.4000,3737.2000,3737.0000,3736.2000,3738.4000,3738.6000,3738.8000,3739.0000,3739.4000,2,1,2,4,2,1,1,1,1,1
SF,IF2005,2020-04-13 10:54:51.100,3737.6000,10727,0,3805741380.000,0,-,-,-,-,3737.6000,3737.4000,3737.2000,3737.0000,3736.2000,3738.4000,3738.6000,3738.8000,3739.0000,3739.4000,2,1,2,4,2,2,1,1,1,1
SF,IF2005,2020-04-13 10:54:51.600,3737.6000,10727,0,3805741380.000,0,-,-,-,-,3737.6000,3737.4000,3737.2000,3737.0000,3736.2000,3738.4000,3738.6000,3738.8000,3739.0000,3739.4000,2,1,2,4,2,1,1,1,1,1
SF,IF2005,2020-04-13 10:54:52.100,3737.6000,10727,0,3805741380.000,0,-,-,-,-,3737.6000,3737.4000,3737.2000,3737.0000,3736.2000,3738.4000,3738.6000,3738.8000,3739.0000,3739.4000,2,1,2,4,2,1,1,1,1,1
SF,IF2005,2020-04-13 10:54:53.100,3737.6000,10727,0,3805741380.000,0,-,-,-,-,3737.6000,3737.4000,3737.2000,3737.0000,3736.2000,3738.4000,3738.6000,3738.8000,3739.0000,3739.4000,2,1,2,4,2,1,1,1,1,1
SF,IF2005,2020-04-13 10:54:53.600,3738.4000,10727,0,3806862900.000,1,0,1,多换,S,3737.8000,3737.6000,3737.4000,3737.2000,3737.0000,3738.6000,3738.8000,3739.0000,3739.4000,3739.6000,1,2,1,2,4,1,1,1,1,1
SF,IF2005,2020-04-13 10:54:54.100,3738.4000,10727,0,3806862900.000,0,-,-,-,-,3737.2000,3737.0000,3736.2000,3736.0000,3735.0000,3738.4000,3738.6000,3739.0000,3739.4000,3739.6000,1,4,2,1,2,2,1,1,1,1
SF,IF2005,2020-04-13 10:54:54.600,3738.4000,10727,0,3806862900.000,0,-,-,-,-,3737.2000,3737.0000,3736.2000,3736.0000,3735.0000,3738.2000,3738.4000,3739.0000,3739.4000,3739.6000,1,4,2,1,2,2,2,1,1,1
SF,IF2005,2020-04-13 10:54:55.100,3738.4000,10727,0,3806862900.000,0,-,-,-,-,3737.2000,3737.0000,3736.2000,3736.0000,3735.0000,3738.2000,3738.4000,3739.0000,3739.4000,3739.6000,1,4,2,1,2,1,2,1,1,1
SF,IF2005,2020-04-13 10:54:55.600,3738.4000,10727,0,3806862900.000,0,-,-,-,-,3737.2000,3737.0000,3736.2000,3736.0000,3735.0000,3738.0000,3738.2000,3738.4000,3739.0000,3739.4000,1,4,2,1,2,1,1,2,1,1
SF,IF2005,2020-04-13 10:54:56.100,3738.4000,10727,0,3806862900.000,0,-,-,-,-,3737.2000,3737.0000,3736.2000,3736.0000,3735.0000,3738.0000,3738.2000,3738.4000,3739.0000,3739.4000,1,4,2,1,2,1,1,2,1,1
SF,IF2005,2020-04-13 10:54:56.600,3738.4000,10727,0,3806862900.000,0,-,-,-,-,3737.2000,3737.0000,3736.2000,3736.0000,3735.0000,3738.0000,3738.2000,3738.4000,3739.0000,3739.4000,1,4,2,1,2,1,1,2,1,1
SF,IF2005,2020-04-13 10:54:57.100,3738.0000,10728,1,3807984300.000,1,1,0,双开,S,3737.4000,3737.2000,3737.0000,3736.2000,3736.0000,3738.2000,3738.4000,3739.0000,3739.4000,3739.6000,1,1,4,2,1,1,2,1,1,1
SF,IF2005,2020-04-13 10:54:57.600,3738.0000,10728,0,3807984300.000,0,-,-,-,-,3737.0000,3736.2000,3736.0000,3735.0000,3734.2000,3738.2000,3738.4000,3739.0000,3739.4000,3739.6000,2,2,1,2,2,1,2,1,1,1
SF,IF2005,2020-04-13 10:54:58.100,3738.0000,10728,0,3807984300.000,0,-,-,-,-,3737.2000,3737.0000,3736.2000,3736.0000,3735.0000,3738.2000,3738.4000,3739.0000,3739.4000,3739.6000,1,2,2,1,2,1,2,1,1,1
SF,IF2005,2020-04-13 10:54:58.600,3738.2000,10727,-1,3809105760.000,1,0,1,双平,S,3737.2000,3737.0000,3736.2000,3736.0000,3735.0000,3738.4000,3739.0000,3739.4000,3739.6000,3739.8000,3,2,2,1,2,2,1,1,1,6
SF,IF2005,2020-04-13 10:54:59.100,3738.2000,10727,0,3809105760.000,0,-,-,-,-,3738.0000,3737.2000,3737.0000,3736.2000,3736.0000,3738.4000,3739.0000,3739.4000,3739.6000,3739.8000,1,3,2,2,1,2,1,1,1,6
SF,IF2005,2020-04-13 10:54:59.600,3738.2000,10727,0,3809105760.000,0,-,-,-,-,3738.0000,3737.2000,3737.0000,3736.2000,3736.0000,3738.4000,3739.0000,3739.4000,3739.6000,3739.8000,1,3,2,2,1,3,1,1,1,6
SF,IF2005,2020-04-13 10:55:00.100,3738.0000,10727,0,3810227160.000,1,0,1,多换,S,3737.2000,3737.0000,3736.2000,3736.0000,3735.0000,3738.4000,3739.0000,3739.4000,3739.6000,3739.8000,2,2,2,1,2,3,1,1,1,6
SF,IF2005,2020-04-13 10:55:00.600,3738.0000,10727,0,3810227160.000,0,-,-,-,-,3737.2000,3737.0000,3736.2000,3736.0000,3735.0000,3738.4000,3739.0000,3739.4000,3739.6000,3739.8000,2,2,2,1,2,2,1,1,1,6
SF,IF2005,2020-04-13 10:55:01.100,3738.0000,10727,0,3810227160.000,0,-,-,-,-,3737.6000,3737.4000,3737.2000,3737.0000,3736.2000,3738.4000,3739.0000,3739.4000,3739.6000,3739.8000,1,2,2,2,2,1,1,1,1,6
SF,IF2005,2020-04-13 10:55:01.600,3738.4000,10728,1,3811348680.000,1,1,0,双开,S,3738.6000,3738.4000,3737.8000,3737.6000,3737.4000,3739.0000,3739.4000,3739.6000,3739.8000,3740.2000,1,1,2,2,2,1,1,1,6,3
SF,IF2005,2020-04-13 10:55:02.100,3738.4000,10728,0,3811348680.000,0,-,-,-,-,3737.8000,3737.6000,3737.4000,3737.2000,3737.0000,3739.0000,3739.4000,3739.6000,3739.8000,3740.2000,2,1,1,1,2,1,1,1,6,3
SF,IF2005,2020-04-13 10:55:02.600,3738.4000,10728,0,3811348680.000,0,-,-,-,-,3738.0000,3737.8000,3737.6000,3737.4000,3737.2000,3739.0000,3739.4000,3739.6000,3739.8000,3740.2000,2,2,1,1,1,1,1,1,6,3
SF,IF2005,2020-04-13 10:55:03.100,3738.4000,10728,0,3811348680.000,0,-,-,-,-,3738.2000,3738.0000,3737.8000,3737.4000,3737.2000,3739.0000,3739.4000,3739.6000,3739.8000,3740.2000,3,2,1,1,1,1,1,1,6,3
SF,IF2005,2020-04-13 10:55:03.600,3738.4000,10728,0,3811348680.000,0,-,-,-,-,3738.2000,3738.0000,3737.8000,3737.4000,3737.2000,3739.0000,3739.4000,3739.6000,3739.8000,3740.2000,2,2,1,1,1,1,1,1,6,3
SF,IF2005,2020-04-13 10:55:04.100,3738.4000,10728,0,3811348680.000,0,-,-,-,-,3738.2000,3738.0000,3737.8000,3737.4000,3737.2000,3739.0000,3739.4000,3739.6000,3739.8000,3740.2000,1,2,1,1,1,1,1,1,6,3
SF,IF2005,2020-04-13 10:55:06.100,3739.0000,10729,1,3812470380.000,1,1,0,双开,S,3738.2000,3738.0000,3737.8000,3737.4000,3737.2000,3739.4000,3739.6000,3739.8000,3740.2000,3740.8000,1,2,1,1,1,1,1,6,3,1
SF,IF2005,2020-04-13 10:55:07.100,3739.0000,10729,0,3812470380.000,0,-,-,-,-,3738.6000,3738.4000,3738.2000,3738.0000,3737.8000,3739.2000,3739.4000,3739.6000,3739.8000,3740.2000,1,2,5,1,1,1,1,1,6,3
SF,IF2005,2020-04-13 10:55:07.600,3739.0000,10729,0,3812470380.000,0,-,-,-,-,3739.2000,3738.6000,3738.4000,3738.2000,3737.8000,3739.4000,3739.6000,3739.8000,3740.2000,3740.8000,1,1,2,5,1,1,1,6,3,1
SF,IF2005,2020-04-13 10:55:08.100,3739.4000,10730,1,3813592200.000,1,1,0,双开,S,3738.6000,3738.4000,3738.2000,3737.8000,3737.4000,3739.6000,3739.8000,3740.2000,3740.8000,3741.0000,1,1,5,1,1,1,6,3,1,1
SF,IF2005,2020-04-13 10:55:08.600,3739.4000,10730,0,3813592200.000,0,-,-,-,-,3738.8000,3738.6000,3738.4000,3738.2000,3737.8000,3739.6000,3739.8000,3740.2000,3740.8000,3741.0000,2,1,1,4,1,1,6,1,1,1
SF,IF2005,2020-04-13 10:55:09.100,3739.4000,10730,0,3813592200.000,0,-,-,-,-,3738.8000,3737.8000,3737.4000,3737.2000,3737.0000,3739.6000,3739.8000,3740.2000,3740.8000,3741.0000,2,1,1,1,2,1,6,1,1,1
SF,IF2005,2020-04-13 10:55:09.600,3739.4000,10730,0,3813592200.000,0,-,-,-,-,3738.8000,3737.8000,3737.4000,3737.2000,3737.0000,3739.6000,3739.8000,3740.2000,3740.8000,3741.0000,2,1,1,1,2,1,6,1,1,1
SF,IF2005,2020-04-13 10:55:10.600,3739.6000,10731,1,3814714080.000,1,1,0,双开,S,3739.0000,3738.8000,3737.8000,3737.4000,3737.2000,3739.8000,3740.2000,3740.8000,3741.0000,3741.2000,1,2,1,1,1,6,1,1,1,2
SF,IF2005,2020-04-13 10:55:11.100,3738.8000,10731,0,3816957480.000,2,1,1,多换,S,3737.8000,3737.4000,3737.2000,3737.0000,3736.2000,3739.8000,3740.2000,3740.8000,3741.0000,3741.2000,1,1,1,2,2,6,1,1,1,2
SF,IF2005,2020-04-13 10:55:11.600,3738.8000,10731,0,3816957480.000,0,-,-,-,-,3739.2000,3738.8000,3738.6000,3738.4000,3738.2000,3739.8000,3740.2000,3740.8000,3741.0000,3741.2000,1,5,2,1,2,6,1,1,1,2
SF,IF2005,2020-04-13 10:55:12.100,3738.8000,10731,0,3816957480.000,0,-,-,-,-,3739.2000,3738.8000,3738.6000,3738.4000,3738.2000,3739.8000,3740.2000,3740.8000,3741.0000,3741.2000,1,4,2,2,3,6,1,1,1,2
SF,IF2005,2020-04-13 10:55:12.600,3739.8000,10733,2,3819201360.000,2,2,0,双开,S,3739.2000,3738.8000,3738.6000,3738.4000,3738.2000,3739.8000,3740.2000,3740.8000,3741.0000,3741.2000,1,4,2,2,3,4,1,1,1,2
SF,IF2005,2020-04-13 10:55:13.600,3739.2000,10733,0,3820323120.000,1,0,1,多换,S,3738.8000,3738.6000,3738.4000,3738.2000,3738.0000,3739.0000,3739.8000,3740.2000,3740.8000,3741.0000,4,2,2,3,6,1,4,1,1,1
SF,IF2005,2020-04-13 10:55:14.100,3739.8000,10736,3,3825932640.000,5,4,1,空开,S,3739.8000,3739.2000,3739.0000,3738.8000,3738.6000,3740.2000,3740.8000,3741.0000,3741.2000,3742.6000,1,1,6,4,1,1,1,1,2,4
SF,IF2005,2020-04-13 10:55:14.600,3739.8000,10736,0,3825932640.000,0,-,-,-,-,3739.8000,3739.0000,3738.8000,3738.6000,3738.4000,3740.2000,3740.8000,3741.0000,3741.2000,3742.6000,1,3,4,1,1,1,1,1,2,4
SF,IF2005,2020-04-13 10:55:15.100,3740.2000,10736,0,3827054700.000,1,0,1,多换,S,3739.8000,3739.4000,3739.0000,3738.8000,3738.6000,3740.8000,3741.0000,3742.6000,3743.0000,3744.2000,2,1,2,4,1,1,1,4,1,1
SF,IF2005,2020-04-13 10:55:15.600,3740.2000,10736,0,3827054700.000,0,-,-,-,-,3739.8000,3739.4000,3739.0000,3738.8000,3738.6000,3740.6000,3740.8000,3741.0000,3742.4000,3743.0000,1,1,2,4,1,2,1,1,2,1
SF,IF2005,2020-04-13 10:55:16.100,3740.6000,10736,0,3828176880.000,1,0,1,多换,S,3739.8000,3739.0000,3738.8000,3738.6000,3738.2000,3740.6000,3740.8000,3741.0000,3742.4000,3743.0000,1,2,4,1,1,1,1,1,2,1
SF,IF2005,2020-04-13 10:55:17.100,3739.8000,10736,0,3829298820.000,1,0,1,多换,S,3739.0000,3738.8000,3738.6000,3738.2000,3738.0000,3739.8000,3740.4000,3740.6000,3740.8000,3741.0000,2,4,1,1,4,1,1,1,1,1
SF,IF2005,2020-04-13 10:55:17.600,3739.8000,10736,0,3829298820.000,0,-,-,-,-,3739.0000,3738.8000,3738.6000,3738.2000,3738.0000,3739.8000,3740.4000,3740.8000,3741.0000,3743.0000,1,4,1,1,4,1,1,1,1,1
SF,IF2005,2020-04-13 10:55:18.100,3739.8000,10736,0,3829298820.000,0,-,-,-,-,3739.0000,3738.2000,3738.0000,3737.8000,3737.6000,3739.8000,3740.4000,3740.8000,3741.0000,3741.8000,1,1,4,2,1,1,1,1,1,2
SF,IF2005,2020-04-13 10:55:18.600,3739.8000,10736,0,3829298820.000,0,-,-,-,-,3739.2000,3738.2000,3738.0000,3737.8000,3737.6000,3739.8000,3740.8000,3741.0000,3741.8000,3743.0000,1,1,4,2,1,1,1,1,2,1
SF,IF2005,2020-04-13 10:55:19.100,3739.8000,10736,0,3830420760.000,1,0,1,多换,S,3739.8000,3739.2000,3738.2000,3738.0000,3737.8000,3740.8000,3741.0000,3741.8000,3743.0000,3744.2000,1,1,1,4,2,1,1,2,1,1
SF,IF2005,2020-04-13 10:55:19.600,3739.8000,10736,0,3830420760.000,0,-,-,-,-,3739.8000,3739.2000,3738.2000,3738.0000,3737.8000,3740.4000,3740.6000,3740.8000,3741.0000,3741.8000,1,1,1,4,2,3,1,1,1,2
SF,IF2005,2020-04-13 10:55:20.100,3739.8000,10737,1,3831542700.000,1,1,0,双开,S,3739.2000,3738.2000,3738.0000,3737.8000,3737.6000,3740.4000,3740.6000,3740.8000,3741.0000,3741.8000,1,1,4,2,1,3,1,1,1,2
SF,IF2005,2020-04-13 10:55:21.100,3739.8000,10737,0,3831542700.000,0,-,-,-,-,3739.2000,3738.2000,3738.0000,3737.8000,3737.6000,3740.4000,3740.6000,3740.8000,3741.0000,3741.8000,1,1,4,2,1,3,1,1,1,2
SF,IF2005,2020-04-13 10:55:24.100,3739.8000,10737,0,3831542700.000,0,-,-,-,-,3739.2000,3738.2000,3738.0000,3737.8000,3737.6000,3740.0000,3740.2000,3740.4000,3740.6000,3740.8000,1,1,4,2,1,1,1,2,1,1
SF,IF2005,2020-04-13 10:55:24.600,3739.8000,10737,0,3831542700.000,0,-,-,-,-,3739.2000,3738.0000,3737.8000,3737.6000,3737.4000,3740.0000,3740.2000,3740.4000,3740.6000,3740.8000,1,4,2,1,1,1,1,2,1,1
SF,IF2005,2020-04-13 10:55:25.100,3739.8000,10737,0,3831542700.000,0,-,-,-,-,3739.2000,3738.0000,3737.8000,3737.6000,3737.4000,3740.0000,3740.2000,3740.4000,3740.6000,3740.8000,1,4,2,1,1,1,1,2,1,1
SF,IF2005,2020-04-13 10:55:25.600,3739.8000,10737,0,3831542700.000,0,-,-,-,-,3739.2000,3738.0000,3737.8000,3737.6000,3737.4000,3740.0000,3740.4000,3740.6000,3740.8000,3741.0000,1,4,2,1,1,1,2,1,1,1
SF,IF2005,2020-04-13 10:55:26.100,3739.8000,10737,0,3831542700.000,0,-,-,-,-,3739.2000,3738.0000,3737.8000,3737.6000,3737.4000,3740.4000,3740.6000,3740.8000,3741.0000,3741.8000,1,4,2,1,1,2,1,1,1,2
SF,IF2005,2020-04-13 10:55:28.600,3739.8000,10737,0,3831542700.000,0,-,-,-,-,3739.2000,3738.0000,3737.8000,3737.6000,3737.4000,3740.2000,3740.4000,3740.6000,3740.8000,3741.0000,1,4,2,1,1,1,2,1,1,1
SF,IF2005,2020-04-13 10:55:29.100,3739.8000,10737,0,3831542700.000,0,-,-,-,-,3739.2000,3738.0000,3737.8000,3737.6000,3737.4000,3739.8000,3740.0000,3740.4000,3740.6000,3740.8000,1,4,2,1,1,1,1,1,1,1
SF,IF2005,2020-04-13 10:55:29.600,3739.8000,10737,0,3831542700.000,0,-,-,-,-,3739.2000,3738.0000,3737.8000,3737.6000,3737.4000,3739.8000,3740.0000,3740.4000,3740.6000,3740.8000,1,4,2,1,1,1,1,1,1,1
SF,IF2005,2020-04-13 10:55:30.100,3739.8000,10737,0,3831542700.000,0,-,-,-,-,3739.2000,3738.0000,3737.8000,3737.6000,3737.4000,3739.8000,3740.0000,3740.6000,3740.8000,3741.0000,1,4,2,1,1,1,1,1,2,1
SF,IF2005,2020-04-13 10:55:33.600,3739.2000,10737,0,3832664460.000,1,0,1,多换,S,3738.0000,3737.8000,3737.6000,3737.4000,3737.0000,3739.8000,3740.0000,3740.6000,3740.8000,3741.0000,4,2,1,1,2,1,1,1,2,1
SF,IF2005,2020-04-13 10:55:34.100,3739.2000,10737,0,3832664460.000,0,-,-,-,-,3738.4000,3738.2000,3738.0000,3737.8000,3737.6000,3739.6000,3739.8000,3740.0000,3740.8000,3741.0000,1,3,4,2,1,1,3,1,2,1
SF,IF2005,2020-04-13 10:55:34.600,3739.2000,10737,0,3832664460.000,0,-,-,-,-,3738.6000,3738.4000,3738.2000,3738.0000,3737.8000,3739.8000,3740.0000,3740.8000,3741.0000,3741.4000,1,2,3,4,2,3,1,2,1,2
SF,IF2005,2020-04-13 10:55:35.100,3739.2000,10737,0,3832664460.000,0,-,-,-,-,3738.6000,3738.4000,3738.2000,3738.0000,3737.8000,3739.4000,3739.8000,3740.0000,3740.8000,3741.0000,3,2,3,4,2,1,3,1,2,1
SF,IF2005,2020-04-13 10:55:35.600,3739.2000,10737,0,3832664460.000,0,-,-,-,-,3738.6000,3738.4000,3738.2000,3738.0000,3737.8000,3739.4000,3739.8000,3740.0000,3740.8000,3741.0000,1,1,3,4,2,1,3,1,2,1
SF,IF2005,2020-04-13 10:55:36.100,3739.2000,10737,0,3832664460.000,0,-,-,-,-,3739.0000,3738.8000,3738.6000,3738.4000,3738.2000,3739.4000,3739.8000,3740.0000,3740.8000,3741.0000,1,1,1,1,2,1,3,1,2,1
SF,IF2005,2020-04-13 10:55:36.600,3739.2000,10737,0,3832664460.000,0,-,-,-,-,3738.6000,3738.4000,3738.2000,3738.0000,3737.8000,3739.4000,3739.8000,3740.0000,3740.8000,3741.0000,1,1,2,4,2,1,3,1,2,1
SF,IF2005,2020-04-13 10:55:37.100,3738.6000,10737,0,3833786040.000,1,0,1,多换,S,3738.4000,3738.2000,3738.0000,3737.8000,3737.6000,3739.4000,3739.8000,3740.0000,3740.8000,3741.0000,1,2,4,2,1,1,3,1,2,1
SF,IF2005,2020-04-13 10:55:37.600,3738.6000,10737,0,3833786040.000,0,-,-,-,-,3738.6000,3738.4000,3738.2000,3738.0000,3737.8000,3739.4000,3739.8000,3740.0000,3740.8000,3741.0000,1,1,2,4,2,1,3,1,2,1
SF,IF2005,2020-04-13 10:55:38.100,3738.6000,10737,0,3833786040.000,0,-,-,-,-,3738.8000,3738.6000,3738.4000,3738.2000,3738.0000,3739.4000,3739.8000,3740.0000,3740.8000,3741.0000,1,2,1,2,4,1,3,1,2,1
SF,IF2005,2020-04-13 10:55:38.600,3738.6000,10737,0,3833786040.000,0,-,-,-,-,3739.0000,3738.8000,3738.6000,3738.4000,3738.2000,3739.4000,3739.8000,3740.0000,3740.8000,3741.0000,1,1,2,1,2,1,3,1,2,1
SF,IF2005,2020-04-13 10:55:39.600,3738.6000,10737,0,3833786040.000,0,-,-,-,-,3739.0000,3738.8000,3738.6000,3738.4000,3738.2000,3739.4000,3739.8000,3740.0000,3740.8000,3741.0000,2,1,2,1,2,1,3,1,2,1
SF,IF2005,2020-04-13 10:55:41.100,3739.8000,10738,1,3836029800.000,2,1,1,空开,S,3739.4000,3739.2000,3739.0000,3738.6000,3738.2000,3739.8000,3740.0000,3740.8000,3741.0000,3741.4000,1,2,2,2,2,2,1,2,1,2
SF,IF2005,2020-04-13 10:55:41.600,3739.4000,10738,0,3837151620.000,1,0,1,多换,S,3739.0000,3738.2000,3738.0000,3737.8000,3737.6000,3739.4000,3739.8000,3740.8000,3741.0000,3741.4000,2,2,4,2,1,2,2,2,1,2
SF,IF2005,2020-04-13 10:55:42.100,3739.0000,10736,-2,3839395020.000,2,0,2,双平,S,3738.2000,3738.0000,3737.8000,3737.6000,3737.4000,3739.2000,3739.8000,3740.8000,3741.0000,3741.4000,2,4,2,1,1,1,2,2,1,2
SF,IF2005,2020-04-13 10:55:42.600,3739.0000,10736,0,3839395020.000,0,-,-,-,-,3738.0000,3737.8000,3737.4000,3737.0000,3736.2000,3739.2000,3739.8000,3740.8000,3741.0000,3743.0000,1,2,1,2,2,1,2,2,1,1
SF,IF2005,2020-04-13 10:55:43.100,3739.0000,10736,0,3839395020.000,0,-,-,-,-,3738.0000,3737.8000,3737.4000,3737.0000,3736.2000,3739.2000,3739.8000,3740.8000,3741.0000,3743.0000,1,2,1,2,2,1,2,4,1,1
SF,IF2005,2020-04-13 10:55:43.600,3739.0000,10736,0,3839395020.000,0,-,-,-,-,3738.2000,3737.8000,3737.4000,3737.0000,3736.2000,3739.2000,3739.8000,3740.8000,3741.0000,3743.0000,1,1,1,2,2,1,2,4,1,1
SF,IF2005,2020-04-13 10:55:44.100,3739.0000,10736,0,3839395020.000,0,-,-,-,-,3738.2000,3737.8000,3737.4000,3737.0000,3736.2000,3739.2000,3739.8000,3740.8000,3741.0000,3743.0000,1,1,1,2,2,1,2,4,1,1
SF,IF2005,2020-04-13 10:55:45.600,3739.0000,10736,0,3839395020.000,0,-,-,-,-,3738.6000,3738.4000,3738.2000,3737.8000,3737.4000,3739.2000,3739.8000,3740.8000,3741.0000,3743.0000,1,7,2,1,1,1,2,4,1,1
SF,IF2005,2020-04-13 10:55:46.600,3738.6000,10736,0,3840516600.000,1,0,1,多换,S,3738.4000,3738.2000,3737.8000,3737.4000,3737.0000,3739.2000,3739.8000,3740.8000,3741.0000,3743.0000,7,2,1,1,2,1,2,4,1,1
SF,IF2005,2020-04-13 10:55:47.100,3738.6000,10736,0,3840516600.000,0,-,-,-,-,3738.4000,3738.2000,3737.8000,3737.4000,3737.0000,3739.2000,3739.8000,3740.8000,3741.0000,3743.0000,7,2,1,1,2,1,2,4,1,1
SF,IF2005,2020-04-13 10:55:48.100,3739.2000,10735,-1,3841638360.000,1,0,1,双平,S,3739.2000,3738.6000,3738.4000,3738.2000,3737.8000,3739.8000,3740.8000,3741.0000,3743.0000,3744.2000,1,1,7,2,1,2,4,1,1,1
SF,IF2005,2020-04-13 10:55:49.100,3739.2000,10735,0,3841638360.000,0,-,-,-,-,3739.6000,3738.6000,3738.4000,3738.2000,3737.8000,3739.8000,3740.8000,3741.0000,3743.0000,3744.2000,1,1,6,2,1,2,2,1,1,1
SF,IF2005,2020-04-13 10:55:49.600,3739.8000,10736,1,3843882240.000,2,1,1,空开,S,3739.6000,3738.4000,3738.2000,3737.8000,3737.4000,3740.8000,3741.0000,3742.6000,3743.0000,3744.2000,1,6,2,1,1,2,1,2,1,1
SF,IF2005,2020-04-13 10:55:50.100,3740.4000,10736,0,3845004360.000,1,0,1,多换,S,3738.4000,3738.2000,3737.8000,3737.4000,3737.0000,3740.6000,3740.8000,3741.0000,3742.6000,3743.0000,6,2,1,1,2,2,2,1,2,1
SF,IF2005,2020-04-13 10:55:50.600,3740.4000,10736,0,3845004360.000,0,-,-,-,-,3739.8000,3739.2000,3738.8000,3738.6000,3738.4000,3740.6000,3740.8000,3741.0000,3742.6000,3743.0000,1,1,3,4,6,2,2,1,2,1
SF,IF2005,2020-04-13 10:55:51.100,3740.4000,10736,0,3845004360.000,0,-,-,-,-,3739.8000,3739.2000,3738.8000,3738.6000,3738.4000,3740.6000,3740.8000,3741.0000,3742.6000,3743.0000,1,1,4,6,6,2,2,1,2,1
SF,IF2005,2020-04-13 10:55:52.600,3740.4000,10736,0,3845004360.000,0,-,-,-,-,3739.8000,3739.2000,3738.8000,3738.6000,3738.4000,3740.6000,3740.8000,3741.0000,3742.6000,3743.0000,1,1,4,5,6,2,2,1,2,1
SF,IF2005,2020-04-13 10:55:53.600,3740.4000,10736,0,3845004360.000,0,-,-,-,-,3739.8000,3739.2000,3738.8000,3738.6000,3738.4000,3740.6000,3740.8000,3741.0000,3742.6000,3743.0000,1,1,3,5,6,2,2,1,2,1
SF,IF2005,2020-04-13 10:55:54.100,3740.4000,10736,0,3845004360.000,0,-,-,-,-,3739.8000,3739.2000,3738.8000,3738.6000,3738.4000,3740.6000,3740.8000,3741.0000,3743.0000,3744.2000,1,1,2,5,6,2,2,1,1,1
SF,IF2005,2020-04-13 10:55:54.600,3740.4000,10736,0,3845004360.000,0,-,-,-,-,3739.8000,3739.2000,3738.8000,3738.6000,3738.4000,3740.4000,3740.6000,3740.8000,3741.0000,3741.8000,1,1,2,5,6,1,2,2,1,2
SF,IF2005,2020-04-13 10:55:55.100,3739.8000,10737,1,3846126300.000,1,1,0,双开,S,3739.2000,3738.8000,3738.6000,3738.4000,3738.2000,3740.6000,3740.8000,3741.0000,3741.8000,3743.0000,1,2,5,6,1,2,2,1,2,1
SF,IF2005,2020-04-13 10:55:55.600,3739.8000,10737,0,3846126300.000,0,-,-,-,-,3739.4000,3739.2000,3738.8000,3738.6000,3738.4000,3740.6000,3740.8000,3741.0000,3741.8000,3743.0000,1,1,2,4,6,2,2,1,2,1
SF,IF2005,2020-04-13 10:55:56.100,3739.8000,10737,0,3846126300.000,0,-,-,-,-,3739.4000,3739.2000,3738.8000,3738.6000,3738.4000,3740.4000,3740.6000,3740.8000,3741.0000,3741.8000,1,1,2,4,6,1,2,2,1,2
SF,IF2005,2020-04-13 10:55:56.600,3740.4000,10737,0,3847248420.000,1,0,1,多换,S,3739.6000,3739.4000,3738.8000,3738.6000,3738.4000,3740.6000,3740.8000,3741.0000,3741.8000,3743.0000,1,1,1,4,6,1,2,1,2,1
SF,IF2005,2020-04-13 10:55:57.100,3740.4000,10737,0,3847248420.000,0,-,-,-,-,3740.0000,3739.6000,3738.8000,3738.6000,3738.4000,3740.8000,3741.0000,3741.8000,3743.0000,3744.2000,1,1,1,4,6,2,1,2,1,1
SF,IF2005,2020-04-13 10:55:57.600,3741.0000,10737,0,3850615200.000,3,1,2,多换,S,3740.4000,3740.2000,3740.0000,3739.8000,3738.8000,3743.0000,3744.2000,3745.0000,3745.4000,3745.6000,1,3,2,3,1,3,1,2,4,1
SF,IF2005,2020-04-13 10:55:58.100,3740.8000,10735,-2,3852860160.000,2,0,2,双平,S,3740.8000,3740.6000,3740.4000,3740.2000,3739.8000,3742.2000,3742.4000,3742.6000,3742.8000,3743.0000,3,3,1,2,3,4,1,8,2,3
SF,IF2005,2020-04-13 10:55:58.600,3741.8000,10735,0,3853982700.000,1,0,1,多换,S,3740.8000,3740.6000,3740.2000,3739.8000,3738.6000,3742.0000,3742.2000,3742.4000,3742.6000,3742.8000,1,1,1,3,3,3,5,2,6,3
SF,IF2005,2020-04-13 10:55:59.100,3741.8000,10735,0,3853982700.000,0,-,-,-,-,3741.2000,3740.2000,3739.8000,3738.6000,3738.4000,3741.8000,3742.0000,3742.2000,3742.4000,3742.6000,1,1,3,3,6,1,8,5,2,6
SF,IF2005,2020-04-13 10:55:59.600,3741.2000,10736,1,3855105060.000,1,1,0,双开,S,3740.2000,3739.8000,3738.6000,3738.4000,3738.2000,3741.8000,3742.4000,3742.6000,3742.8000,3743.0000,1,3,3,6,1,1,2,6,2,5
SF,IF2005,2020-04-13 10:56:00.100,3741.8000,10735,-1,3856227600.000,1,0,1,双平,S,3741.8000,3740.6000,3740.4000,3740.2000,3739.8000,3742.4000,3742.6000,3742.8000,3743.0000,3744.2000,6,1,2,1,3,2,6,2,5,1
SF,IF2005,2020-04-13 10:56:00.600,3741.8000,10730,-5,3862962840.000,6,0,6,多平,S,3740.6000,3740.4000,3740.2000,3739.8000,3738.6000,3741.4000,3741.6000,3742.0000,3742.2000,3742.4000,1,1,1,3,3,1,1,1,8,1
SF,IF2005,2020-04-13 10:56:01.100,3741.8000,10730,0,3862962840.000,0,-,-,-,-,3740.6000,3740.2000,3739.8000,3738.6000,3738.4000,3741.2000,3741.4000,3741.6000,3741.8000,3742.0000,1,1,3,3,6,1,1,2,1,5
SF,IF2005,2020-04-13 10:56:01.600,3741.2000,10730,0,3864085200.000,1,0,1,多换,S,3740.8000,3740.6000,3740.2000,3739.8000,3738.6000,3741.4000,3741.8000,3742.2000,3742.8000,3743.0000,3,1,1,3,3,1,1,3,1,5
SF,IF2005,2020-04-13 10:56:02.100,3741.2000,10730,0,3864085200.000,0,-,-,-,-,3741.0000,3740.8000,3740.2000,3739.8000,3738.6000,3741.4000,3741.8000,3742.2000,3742.8000,3743.0000,2,2,1,3,3,1,1,3,1,5
SF,IF2005,2020-04-13 10:56:02.600,3741.4000,10730,0,3865207620.000,1,0,1,多换,S,3741.2000,3741.0000,3740.8000,3740.2000,3739.8000,3741.8000,3742.2000,3742.8000,3743.0000,3744.2000,1,1,1,1,3,1,3,1,5,1
SF,IF2005,2020-04-13 10:56:03.600,3741.8000,10731,1,3866330160.000,1,1,0,双开,S,3741.0000,3740.8000,3740.2000,3739.8000,3738.6000,3742.2000,3742.8000,3743.0000,3744.2000,3745.0000,1,1,1,3,3,3,1,5,1,2
SF,IF2005,2020-04-13 10:56:04.100,3741.2000,10731,0,3867452520.000,1,0,1,多换,S,3741.0000,3740.8000,3740.2000,3739.8000,3738.6000,3742.2000,3742.8000,3743.0000,3744.2000,3745.0000,1,1,1,3,3,3,1,5,1,2
SF,IF2005,2020-04-13 10:56:04.600,3741.2000,10731,0,3867452520.000,0,-,-,-,-,3741.0000,3740.8000,3740.2000,3739.8000,3738.6000,3742.0000,3742.2000,3742.8000,3743.0000,3744.2000,1,1,1,3,3,1,3,1,5,1
SF,IF2005,2020-04-13 10:56:06.100,3741.0000,10731,0,3868574820.000,1,0,1,多换,S,3740.2000,3738.6000,3738.4000,3738.2000,3738.0000,3741.2000,3741.6000,3741.8000,3742.2000,3742.8000,1,3,6,1,1,1,2,6,3,1
SF,IF2005,2020-04-13 10:56:06.600,3740.6000,10731,0,3870819060.000,2,1,1,多换,S,3738.6000,3738.4000,3738.2000,3738.0000,3737.8000,3740.8000,3741.2000,3741.8000,3742.0000,3742.2000,3,6,1,1,1,2,6,6,1,3
SF,IF2005,2020-04-13 10:56:07.100,3740.6000,10731,0,3870819060.000,0,-,-,-,-,3739.4000,3739.2000,3739.0000,3738.8000,3738.6000,3740.6000,3741.2000,3741.8000,3742.0000,3742.2000,1,1,1,4,3,1,6,8,2,3
SF,IF2005,2020-04-13 10:56:07.600,3740.6000,10731,0,3871941240.000,1,0,1,多换,S,3739.6000,3739.4000,3739.0000,3738.8000,3738.6000,3740.6000,3741.2000,3741.8000,3742.0000,3742.8000,2,1,2,3,3,3,1,3,2,1
SF,IF2005,2020-04-13 10:56:08.100,3740.6000,10731,0,3871941240.000,0,-,-,-,-,3739.8000,3739.6000,3739.4000,3739.0000,3738.8000,3740.6000,3741.2000,3741.8000,3742.0000,3742.8000,1,1,1,2,3,3,1,3,2,1
SF,IF2005,2020-04-13 10:56:08.600,3740.6000,10731,0,3871941240.000,0,-,-,-,-,3739.8000,3739.6000,3739.4000,3739.0000,3738.8000,3740.6000,3741.2000,3741.8000,3742.0000,3742.8000,1,1,1,2,3,3,1,3,2,1
SF,IF2005,2020-04-13 10:56:09.100,3740.6000,10731,0,3871941240.000,0,-,-,-,-,3739.8000,3739.6000,3739.4000,3739.0000,3738.8000,3741.2000,3741.8000,3742.0000,3742.8000,3743.0000,1,1,1,2,3,1,3,2,1,3
SF,IF2005,2020-04-13 10:56:09.600,3740.6000,10731,0,3871941240.000,0,-,-,-,-,3740.0000,3739.8000,3739.4000,3739.0000,3738.8000,3740.8000,3741.0000,3741.2000,3741.8000,3742.0000,1,1,1,1,3,3,2,1,3,2
SF,IF2005,2020-04-13 10:56:10.100,3740.6000,10731,0,3871941240.000,0,-,-,-,-,3740.0000,3739.8000,3739.4000,3738.8000,3738.6000,3740.8000,3741.0000,3741.2000,3741.8000,3742.0000,1,1,1,3,3,3,2,1,3,2
SF,IF2005,2020-04-13 10:56:10.600,3740.6000,10731,0,3871941240.000,0,-,-,-,-,3740.0000,3739.8000,3739.4000,3738.8000,3738.6000,3740.8000,3741.0000,3741.2000,3741.8000,3742.0000,1,1,1,3,3,3,1,1,3,2
SF,IF2005,2020-04-13 10:56:11.100,3740.0000,10731,0,3874185240.000,2,1,1,多换,S,3739.4000,3738.8000,3738.6000,3738.4000,3738.2000,3740.0000,3740.8000,3741.0000,3741.2000,3741.8000,1,3,3,6,1,1,3,1,1,3
SF,IF2005,2020-04-13 10:56:11.600,3740.0000,10731,0,3874185240.000,0,-,-,-,-,3739.6000,3739.4000,3738.8000,3738.6000,3738.4000,3741.0000,3741.2000,3741.8000,3742.0000,3742.8000,1,1,2,3,6,1,1,3,2,1
SF,IF2005,2020-04-13 10:56:12.100,3740.8000,10731,0,3877551840.000,3,1,2,多换,S,3738.8000,3738.6000,3738.4000,3738.2000,3738.0000,3740.8000,3741.2000,3741.8000,3742.0000,3742.8000,1,3,6,1,1,4,1,3,2,1
SF,IF2005,2020-04-13 10:56:12.600,3740.8000,10731,0,3877551840.000,0,-,-,-,-,3739.2000,3739.0000,3738.8000,3738.6000,3738.4000,3740.8000,3741.2000,3741.8000,3742.0000,3742.8000,1,3,1,3,6,4,1,3,2,1
SF,IF2005,2020-04-13 10:56:13.100,3740.8000,10731,0,3877551840.000,0,-,-,-,-,3739.2000,3739.0000,3738.8000,3738.6000,3738.4000,3740.6000,3740.8000,3741.2000,3741.8000,3742.0000,1,3,1,3,6,3,1,1,3,2
SF,IF2005,2020-04-13 10:56:13.600,3740.8000,10731,0,3877551840.000,0,-,-,-,-,3739.4000,3739.2000,3739.0000,3738.8000,3738.6000,3740.4000,3740.6000,3741.2000,3741.8000,3742.0000,1,1,2,1,3,3,1,1,3,3
SF,IF2005,2020-04-13 10:56:14.100,3740.8000,10731,0,3877551840.000,0,-,-,-,-,3739.4000,3739.2000,3739.0000,3738.8000,3738.6000,3740.4000,3741.2000,3741.8000,3742.0000,3742.8000,1,1,1,1,3,3,1,3,3,1
SF,IF2005,2020-04-13 10:56:14.600,3740.8000,10732,1,3878674080.000,1,1,0,双开,S,3739.4000,3739.2000,3739.0000,3738.8000,3738.6000,3740.4000,3741.2000,3741.8000,3742.0000,3742.8000,1,1,1,1,3,2,1,5,3,1
SF,IF2005,2020-04-13 10:56:15.600,3740.8000,10732,0,3878674080.000,0,-,-,-,-,3739.4000,3739.2000,3739.0000,3738.8000,3738.6000,3740.4000,3741.2000,3741.8000,3742.0000,3742.8000,1,1,1,1,2,2,1,5,3,1
SF,IF2005,2020-04-13 10:56:18.100,3740.8000,10732,0,3878674080.000,0,-,-,-,-,3739.4000,3739.2000,3739.0000,3738.8000,3738.6000,3740.4000,3741.2000,3741.8000,3742.0000,3742.8000,1,1,1,1,2,2,2,5,3,1
SF,IF2005,2020-04-13 10:56:19.600,3740.8000,10734,2,3880918560.000,2,2,0,双开,S,3739.4000,3739.2000,3739.0000,3738.8000,3738.6000,3741.2000,3741.8000,3742.0000,3742.8000,3743.0000,1,1,1,1,2,2,5,3,1,3
SF,IF2005,2020-04-13 10:56:20.100,3740.8000,10734,0,3880918560.000,0,-,-,-,-,3739.4000,3739.2000,3739.0000,3738.8000,3738.6000,3740.2000,3740.4000,3740.6000,3741.0000,3741.2000,1,1,1,1,2,1,5,1,3,1
SF,IF2005,2020-04-13 10:56:20.600,3740.8000,10734,0,3880918560.000,0,-,-,-,-,3739.6000,3739.4000,3739.0000,3738.8000,3738.6000,3740.2000,3740.4000,3740.6000,3741.0000,3741.2000,1,1,1,1,2,1,5,1,4,1
SF,IF2005,2020-04-13 10:56:21.100,3740.8000,10734,0,3880918560.000,0,-,-,-,-,3739.6000,3739.4000,3739.0000,3738.8000,3738.6000,3740.2000,3740.6000,3741.0000,3741.2000,3741.8000,1,1,1,1,2,1,1,4,1,4
SF,IF2005,2020-04-13 10:56:23.600,3740.8000,10734,0,3880918560.000,0,-,-,-,-,3739.4000,3739.0000,3738.8000,3738.6000,3738.4000,3740.2000,3740.6000,3741.0000,3741.2000,3741.8000,1,1,1,2,6,1,1,4,1,4
SF,IF2005,2020-04-13 10:56:24.100,3740.8000,10734,0,3880918560.000,0,-,-,-,-,3739.0000,3738.8000,3738.6000,3738.4000,3738.2000,3740.2000,3740.6000,3741.0000,3741.2000,3741.8000,1,1,2,6,1,1,1,4,1,4
SF,IF2005,2020-04-13 10:56:24.600,3740.8000,10734,0,3880918560.000,0,-,-,-,-,3739.0000,3738.8000,3738.6000,3738.4000,3738.2000,3740.2000,3740.6000,3740.8000,3741.0000,3741.2000,1,1,2,4,1,1,1,2,3,1
SF,IF2005,2020-04-13 10:56:25.100,3740.8000,10734,0,3880918560.000,0,-,-,-,-,3738.6000,3738.0000,3737.8000,3737.4000,3737.0000,3739.0000,3740.0000,3740.2000,3740.6000,3740.8000,2,2,1,1,2,1,6,1,1,2
SF,IF2005,2020-04-13 10:56:25.600,3740.8000,10734,0,3880918560.000,0,-,-,-,-,3738.6000,3738.0000,3737.4000,3737.0000,3736.2000,3739.6000,3740.0000,3740.2000,3740.6000,3740.8000,1,2,1,2,2,5,6,1,1,2
SF,IF2005,2020-04-13 10:56:26.100,3739.0000,10735,1,3882040260.000,1,1,0,双开,S,3739.0000,3738.6000,3738.0000,3737.4000,3737.0000,3739.6000,3740.0000,3740.2000,3740.6000,3740.8000,2,1,2,1,2,5,5,1,1,2
SF,IF2005,2020-04-13 10:56:26.600,3738.6000,10735,0,3885405240.000,3,1,2,多换,S,3738.0000,3737.4000,3737.0000,3736.2000,3736.0000,3738.8000,3739.0000,3739.4000,3739.6000,3740.0000,2,1,2,2,1,1,1,2,5,5
SF,IF2005,2020-04-13 10:56:27.100,3738.6000,10735,0,3885405240.000,0,-,-,-,-,3738.2000,3738.0000,3737.4000,3737.0000,3736.2000,3739.0000,3739.4000,3739.6000,3740.2000,3740.6000,1,2,1,2,2,1,2,5,1,2
SF,IF2005,2020-04-13 10:56:27.600,3738.6000,10735,0,3885405240.000,0,-,-,-,-,3738.2000,3738.0000,3737.4000,3737.0000,3736.2000,3739.0000,3739.4000,3739.6000,3740.2000,3740.4000,1,1,1,2,2,1,2,5,1,2
SF,IF2005,2020-04-13 10:56:28.100,3738.6000,10735,0,3885405240.000,0,-,-,-,-,3738.2000,3738.0000,3737.4000,3737.0000,3736.2000,3739.0000,3739.4000,3739.6000,3740.0000,3740.2000,1,1,1,2,2,1,2,5,2,1
SF,IF2005,2020-04-13 10:56:29.100,3738.6000,10735,0,3885405240.000,0,-,-,-,-,3738.0000,3737.4000,3736.2000,3736.0000,3735.0000,3739.0000,3739.4000,3739.6000,3740.0000,3740.2000,1,1,2,1,2,1,2,5,2,1
SF,IF2005,2020-04-13 10:56:30.100,3738.6000,10735,0,3885405240.000,0,-,-,-,-,3738.0000,3737.4000,3736.2000,3736.0000,3735.0000,3739.0000,3739.4000,3739.6000,3740.0000,3740.2000,1,1,2,1,2,1,2,5,2,1
SF,IF2005,2020-04-13 10:56:30.600,3738.6000,10735,0,3885405240.000,0,-,-,-,-,3738.0000,3737.4000,3736.2000,3736.0000,3735.0000,3738.8000,3739.0000,3739.4000,3739.6000,3740.0000,1,1,2,1,2,1,1,2,5,2
SF,IF2005,2020-04-13 10:56:31.100,3738.6000,10735,0,3885405240.000,0,-,-,-,-,3738.0000,3737.4000,3736.2000,3736.0000,3735.0000,3738.6000,3738.8000,3739.0000,3739.4000,3739.6000,1,1,2,1,2,1,6,1,1,5
SF,IF2005,2020-04-13 10:56:31.600,3738.6000,10735,0,3885405240.000,0,-,-,-,-,3738.0000,3736.8000,3736.2000,3736.0000,3735.0000,3738.6000,3738.8000,3739.0000,3739.4000,3739.6000,1,1,2,1,2,1,6,1,1,5
SF,IF2005,2020-04-13 10:56:32.100,3738.6000,10735,0,3885405240.000,0,-,-,-,-,3738.0000,3736.8000,3736.2000,3736.0000,3735.0000,3738.4000,3738.6000,3739.0000,3739.4000,3739.6000,1,1,2,1,2,1,1,1,1,5
SF,IF2005,2020-04-13 10:56:32.600,3738.6000,10735,0,3885405240.000,0,-,-,-,-,3738.0000,3736.8000,3736.2000,3736.0000,3735.0000,3738.4000,3738.6000,3739.4000,3740.0000,3740.2000,1,1,2,1,2,1,1,1,2,1
SF,IF2005,2020-04-13 10:56:33.600,3738.4000,10735,0,3886526760.000,1,0,1,多换,S,3738.0000,3736.8000,3736.2000,3736.0000,3735.0000,3738.6000,3739.4000,3740.0000,3740.2000,3740.4000,1,1,2,1,2,1,1,2,1,3
SF,IF2005,2020-04-13 10:56:34.100,3738.4000,10735,0,3886526760.000,0,-,-,-,-,3738.0000,3736.8000,3736.2000,3736.0000,3735.0000,3738.6000,3739.4000,3740.0000,3740.2000,3740.4000,1,1,2,1,2,1,1,2,1,1
SF,IF2005,2020-04-13 10:56:35.100,3738.4000,10735,0,3886526760.000,0,-,-,-,-,3738.0000,3736.8000,3736.2000,3736.0000,3735.0000,3738.6000,3739.4000,3740.0000,3740.2000,3740.4000,1,1,2,1,2,1,1,2,1,1
SF,IF2005,2020-04-13 10:56:35.600,3738.0000,10736,1,3887648160.000,1,1,0,双开,S,3736.8000,3736.2000,3736.0000,3735.0000,3734.2000,3738.6000,3739.4000,3740.0000,3740.2000,3740.4000,1,2,1,2,2,1,1,2,1,1
SF,IF2005,2020-04-13 10:56:36.100,3738.0000,10736,0,3887648160.000,0,-,-,-,-,3737.6000,3737.4000,3737.2000,3736.8000,3736.2000,3738.4000,3738.6000,3739.4000,3740.0000,3740.2000,1,1,1,1,2,1,1,1,2,1
SF,IF2005,2020-04-13 10:56:36.600,3737.6000,10736,0,3888769440.000,1,0,1,多换,S,3737.4000,3736.8000,3736.2000,3736.0000,3735.0000,3738.6000,3739.4000,3740.0000,3740.2000,3740.4000,1,1,2,1,2,1,1,2,1,1
SF,IF2005,2020-04-13 10:56:37.100,3737.6000,10736,0,3888769440.000,0,-,-,-,-,3737.6000,3737.4000,3736.8000,3736.2000,3736.0000,3738.6000,3739.4000,3740.0000,3740.2000,3740.4000,1,1,1,2,1,1,1,2,1,1
SF,IF2005,2020-04-13 10:56:39.100,3737.6000,10736,0,3888769440.000,0,-,-,-,-,3737.6000,3737.4000,3736.8000,3736.2000,3736.0000,3738.6000,3739.4000,3740.0000,3740.2000,3740.4000,1,1,1,2,1,2,1,2,1,1
SF,IF2005,2020-04-13 10:56:39.600,3737.6000,10736,0,3888769440.000,0,-,-,-,-,3737.6000,3737.4000,3736.8000,3736.2000,3736.0000,3738.6000,3739.4000,3740.0000,3740.2000,3740.4000,1,1,1,2,1,2,1,2,1,1
SF,IF2005,2020-04-13 10:56:40.100,3737.6000,10736,0,3888769440.000,0,-,-,-,-,3737.6000,3737.4000,3736.8000,3736.2000,3736.0000,3738.6000,3739.4000,3740.0000,3740.2000,3740.4000,1,1,1,2,1,1,1,2,1,1
SF,IF2005,2020-04-13 10:56:40.600,3737.6000,10736,0,3888769440.000,0,-,-,-,-,3737.6000,3737.4000,3736.8000,3736.2000,3736.0000,3738.6000,3739.4000,3740.0000,3740.2000,3740.4000,1,1,1,2,1,1,1,2,1,1
SF,IF2005,2020-04-13 10:56:41.100,3737.6000,10736,0,3888769440.000,0,-,-,-,-,3737.6000,3737.4000,3736.8000,3736.2000,3736.0000,3738.6000,3739.4000,3740.0000,3740.2000,3740.4000,1,1,1,2,1,1,1,2,1,1
SF,IF2005,2020-04-13 10:56:41.600,3737.6000,10736,0,3888769440.000,0,-,-,-,-,3737.6000,3737.4000,3736.8000,3736.2000,3736.0000,3738.6000,3739.4000,3740.0000,3740.2000,3740.4000,1,1,1,2,1,2,1,2,1,1
SF,IF2005,2020-04-13 10:56:42.100,3737.6000,10736,0,3889890720.000,1,0,1,多换,S,3737.4000,3736.8000,3736.2000,3736.0000,3735.0000,3738.6000,3739.4000,3740.0000,3740.2000,3740.4000,1,1,2,1,2,2,1,2,1,1
SF,IF2005,2020-04-13 10:56:42.600,3738.6000,10735,-1,3891012300.000,1,0,1,双平,S,3737.4000,3736.8000,3736.2000,3736.0000,3735.0000,3739.4000,3740.0000,3740.2000,3740.4000,3740.6000,1,1,2,1,2,1,2,1,1,1
SF,IF2005,2020-04-13 10:56:43.100,3738.6000,10735,0,3891012300.000,0,-,-,-,-,3737.6000,3737.4000,3736.8000,3736.2000,3736.0000,3738.6000,3738.8000,3739.2000,3739.4000,3740.0000,1,1,1,2,1,6,2,2,1,2
SF,IF2005,2020-04-13 10:56:43.600,3736.8000,10736,1,3893254560.000,2,1,1,空开,S,3736.2000,3736.0000,3735.0000,3734.2000,3734.0000,3738.6000,3738.8000,3739.2000,3739.4000,3740.0000,2,1,2,2,2,6,2,3,1,2
SF,IF2005,2020-04-13 10:56:44.100,3736.8000,10736,0,3893254560.000,0,-,-,-,-,3737.2000,3736.8000,3736.6000,3736.4000,3736.2000,3738.4000,3738.6000,3739.2000,3739.4000,3740.0000,1,1,1,7,3,2,7,3,1,2
SF,IF2005,2020-04-13 10:56:44.600,3736.8000,10736,0,3893254560.000,0,-,-,-,-,3737.2000,3736.8000,3736.6000,3736.4000,3736.2000,3738.2000,3738.4000,3738.6000,3739.2000,3739.4000,1,1,2,7,3,1,2,6,3,1
SF,IF2005,2020-04-13 10:56:45.100,3738.2000,10736,0,3894376020.000,1,0,1,多换,S,3737.4000,3737.2000,3736.8000,3736.6000,3736.4000,3738.4000,3738.6000,3739.2000,3739.4000,3740.0000,1,1,1,1,7,1,1,3,1,2
SF,IF2005,2020-04-13 10:56:45.600,3738.2000,10736,0,3894376020.000,0,-,-,-,-,3737.8000,3737.6000,3737.4000,3736.8000,3736.6000,3739.2000,3739.4000,3740.0000,3740.4000,3740.6000,1,1,1,1,1,1,1,2,1,1
SF,IF2005,2020-04-13 10:56:46.100,3738.2000,10736,0,3894376020.000,0,-,-,-,-,3737.8000,3737.6000,3737.4000,3736.8000,3736.6000,3739.2000,3740.0000,3740.6000,3740.8000,3741.2000,1,1,1,1,1,1,2,1,1,1
SF,IF2005,2020-04-13 10:56:46.600,3738.2000,10736,0,3894376020.000,0,-,-,-,-,3738.2000,3738.0000,3736.8000,3736.6000,3736.4000,3740.0000,3740.6000,3740.8000,3741.2000,3741.4000,1,1,1,1,7,2,1,1,1,2
SF,IF2005,2020-04-13 10:56:47.100,3738.2000,10736,0,3894376020.000,0,-,-,-,-,3738.2000,3738.0000,3736.8000,3736.4000,3736.2000,3739.6000,3739.8000,3740.0000,3740.6000,3740.8000,1,1,1,7,3,8,2,2,1,1
SF,IF2005,2020-04-13 10:56:47.600,3738.2000,10736,0,3894376020.000,0,-,-,-,-,3738.2000,3738.0000,3736.8000,3736.4000,3736.2000,3739.4000,3739.6000,3739.8000,3740.0000,3740.6000,1,1,1,7,3,6,8,2,2,1
SF,IF2005,2020-04-13 10:56:48.100,3738.2000,10736,0,3894376020.000,0,-,-,-,-,3738.2000,3738.0000,3736.8000,3736.4000,3736.2000,3739.4000,3739.6000,3739.8000,3740.0000,3740.6000,1,1,1,7,3,1,8,1,2,1
SF,IF2005,2020-04-13 10:56:48.600,3738.2000,10736,0,3895497480.000,1,0,1,多换,S,3738.0000,3736.8000,3736.4000,3736.2000,3736.0000,3739.4000,3739.6000,3739.8000,3740.0000,3740.6000,1,1,7,3,1,1,8,1,2,1
SF,IF2005,2020-04-13 10:56:49.100,3738.2000,10736,0,3895497480.000,0,-,-,-,-,3738.0000,3736.8000,3736.4000,3736.2000,3736.0000,3739.2000,3739.4000,3739.6000,3739.8000,3740.0000,1,1,7,3,1,2,2,6,1,2
SF,IF2005,2020-04-13 10:56:50.100,3738.2000,10736,0,3895497480.000,0,-,-,-,-,3738.0000,3736.8000,3736.4000,3736.2000,3736.0000,3739.2000,3739.4000,3739.6000,3739.8000,3740.0000,1,1,7,3,1,2,1,6,1,2
SF,IF2005,2020-04-13 10:56:50.600,3738.2000,10736,0,3895497480.000,0,-,-,-,-,3738.0000,3736.8000,3736.4000,3736.2000,3736.0000,3739.2000,3739.4000,3739.6000,3739.8000,3740.0000,4,1,7,3,1,1,1,1,1,2
SF,IF2005,2020-04-13 10:56:51.100,3738.2000,10736,0,3895497480.000,0,-,-,-,-,3738.4000,3738.2000,3738.0000,3736.4000,3736.2000,3740.0000,3740.6000,3740.8000,3741.2000,3741.4000,3,3,3,7,3,2,1,1,1,2
SF,IF2005,2020-04-13 10:56:51.600,3738.2000,10736,0,3895497480.000,0,-,-,-,-,3738.8000,3738.6000,3738.4000,3738.2000,3738.0000,3740.6000,3740.8000,3741.2000,3741.4000,3742.0000,1,1,1,2,3,1,1,1,2,2
SF,IF2005,2020-04-13 10:56:52.100,3738.2000,10736,0,3895497480.000,0,-,-,-,-,3738.8000,3738.6000,3738.4000,3738.0000,3736.4000,3739.8000,3740.2000,3740.4000,3740.6000,3740.8000,1,1,1,3,7,1,2,5,2,1
SF,IF2005,2020-04-13 10:56:52.600,3738.8000,10736,0,3896619120.000,1,0,1,多换,S,3738.6000,3738.4000,3738.0000,3736.4000,3736.2000,3739.8000,3740.2000,3740.4000,3740.6000,3740.8000,1,1,3,7,3,1,7,5,2,1
SF,IF2005,2020-04-13 10:56:53.100,3738.8000,10736,0,3896619120.000,0,-,-,-,-,3738.0000,3737.8000,3736.4000,3736.2000,3736.0000,3739.6000,3739.8000,3740.2000,3740.4000,3740.6000,3,1,7,3,1,1,1,6,5,2
SF,IF2005,2020-04-13 10:56:53.600,3738.8000,10736,0,3896619120.000,0,-,-,-,-,3738.0000,3737.8000,3736.4000,3736.2000,3736.0000,3739.2000,3739.4000,3739.6000,3740.2000,3740.4000,3,1,7,3,1,1,1,1,6,5
SF,IF2005,2020-04-13 10:56:54.100,3738.0000,10737,1,3897740520.000,1,1,0,双开,S,3738.0000,3737.8000,3736.4000,3736.2000,3736.0000,3739.0000,3739.2000,3739.4000,3739.6000,3740.2000,2,1,7,3,1,1,1,1,1,6
SF,IF2005,2020-04-13 10:56:54.600,3738.0000,10737,0,3897740520.000,0,-,-,-,-,3738.0000,3737.8000,3736.4000,3736.2000,3736.0000,3739.0000,3739.2000,3739.6000,3740.2000,3740.6000,2,1,7,3,1,2,1,1,3,2
SF,IF2005,2020-04-13 10:56:55.100,3738.0000,10737,0,3897740520.000,0,-,-,-,-,3738.0000,3737.8000,3736.4000,3736.2000,3736.0000,3739.0000,3739.2000,3739.6000,3740.2000,3740.6000,2,1,7,3,1,2,1,1,3,2
SF,IF2005,2020-04-13 10:56:55.600,3738.0000,10737,0,3897740520.000,0,-,-,-,-,3738.0000,3737.8000,3736.4000,3736.2000,3736.0000,3739.0000,3739.2000,3739.6000,3740.2000,3740.6000,2,1,7,3,1,2,1,1,3,2
SF,IF2005,2020-04-13 10:56:56.100,3738.0000,10737,0,3897740520.000,0,-,-,-,-,3738.0000,3737.8000,3736.4000,3736.2000,3736.0000,3739.0000,3739.2000,3739.6000,3740.2000,3740.6000,2,1,7,3,1,3,1,1,3,2
SF,IF2005,2020-04-13 10:56:56.600,3738.0000,10737,0,3897740520.000,0,-,-,-,-,3738.0000,3737.8000,3736.4000,3736.2000,3736.0000,3739.0000,3739.2000,3739.6000,3740.2000,3740.6000,2,1,7,3,1,2,1,1,3,2
SF,IF2005,2020-04-13 10:56:57.100,3738.0000,10737,0,3897740520.000,0,-,-,-,-,3738.0000,3737.8000,3736.4000,3736.2000,3736.0000,3739.0000,3739.2000,3739.6000,3740.2000,3740.6000,2,1,7,3,1,2,1,1,3,2
SF,IF2005,2020-04-13 10:56:57.600,3738.0000,10737,0,3897740520.000,0,-,-,-,-,3738.0000,3737.8000,3736.4000,3736.2000,3736.0000,3739.0000,3739.2000,3739.6000,3740.2000,3740.6000,2,1,7,3,1,2,1,1,3,2
SF,IF2005,2020-04-13 10:56:58.100,3738.0000,10737,0,3897740520.000,0,-,-,-,-,3738.0000,3737.8000,3736.4000,3736.2000,3736.0000,3739.0000,3739.2000,3739.6000,3740.2000,3740.6000,2,1,7,3,1,2,1,1,3,2
SF,IF2005,2020-04-13 10:56:58.600,3738.0000,10737,0,3897740520.000,0,-,-,-,-,3738.0000,3737.8000,3736.4000,3736.2000,3736.0000,3739.0000,3739.2000,3740.2000,3740.4000,3740.6000,2,1,7,3,1,2,1,3,1,2
SF,IF2005,2020-04-13 10:56:59.100,3738.0000,10737,0,3897740520.000,0,-,-,-,-,3738.0000,3737.8000,3736.4000,3736.2000,3736.0000,3739.0000,3739.2000,3740.2000,3740.4000,3740.6000,2,1,7,3,1,2,1,3,1,2
SF,IF2005,2020-04-13 10:56:59.600,3738.0000,10738,1,3898861920.000,1,1,0,双开,S,3738.0000,3737.8000,3736.4000,3736.2000,3736.0000,3739.0000,3739.2000,3740.2000,3740.4000,3740.6000,1,1,7,3,1,2,1,3,1,2
SF,IF2005,2020-04-13 10:57:00.100,3738.0000,10738,0,3898861920.000,0,-,-,-,-,3738.0000,3737.8000,3736.4000,3736.2000,3736.0000,3739.0000,3739.2000,3740.2000,3740.4000,3740.6000,1,1,7,3,1,3,1,3,1,2
SF,IF2005,2020-04-13 10:57:05.600,3738.0000,10738,0,3898861920.000,0,-,-,-,-,3738.0000,3737.8000,3736.4000,3736.2000,3736.0000,3738.8000,3739.0000,3739.2000,3740.0000,3740.2000,1,1,7,3,1,1,3,1,1,3
SF,IF2005,2020-04-13 10:57:06.100,3738.0000,10738,0,3898861920.000,0,-,-,-,-,3738.0000,3737.8000,3736.4000,3736.2000,3736.0000,3738.8000,3739.0000,3739.2000,3740.0000,3740.2000,1,1,7,3,1,1,2,1,1,3
SF,IF2005,2020-04-13 10:57:06.600,3738.0000,10738,0,3898861920.000,0,-,-,-,-,3738.0000,3737.8000,3736.4000,3736.2000,3736.0000,3738.6000,3738.8000,3739.0000,3739.2000,3740.0000,1,1,7,3,1,1,1,2,1,1
SF,IF2005,2020-04-13 10:57:07.100,3738.0000,10738,0,3898861920.000,0,-,-,-,-,3738.0000,3737.8000,3736.4000,3736.2000,3736.0000,3738.6000,3738.8000,3739.0000,3739.2000,3740.0000,1,1,7,3,1,1,1,2,1,1
SF,IF2005,2020-04-13 10:57:08.600,3738.0000,10738,0,3898861920.000,0,-,-,-,-,3738.0000,3737.8000,3736.4000,3736.2000,3736.0000,3738.6000,3738.8000,3739.0000,3739.2000,3740.0000,1,1,7,3,1,1,1,2,1,1
SF,IF2005,2020-04-13 10:57:12.100,3738.0000,10738,0,3898861920.000,0,-,-,-,-,3738.0000,3737.8000,3736.4000,3736.2000,3736.0000,3738.6000,3738.8000,3739.0000,3740.0000,3740.2000,1,1,7,3,1,1,1,2,1,3
SF,IF2005,2020-04-13 10:57:13.100,3738.0000,10738,0,3898861920.000,0,-,-,-,-,3738.0000,3737.8000,3736.4000,3736.2000,3736.0000,3738.6000,3738.8000,3739.0000,3740.0000,3740.2000,1,1,7,3,1,2,1,2,1,3
SF,IF2005,2020-04-13 10:57:14.600,3738.0000,10738,0,3898861920.000,0,-,-,-,-,3738.2000,3738.0000,3737.8000,3736.4000,3736.2000,3738.6000,3738.8000,3739.0000,3740.0000,3740.2000,1,1,1,7,3,2,1,2,1,3
SF,IF2005,2020-04-13 10:57:15.100,3738.6000,10738,0,3901105080.000,2,1,1,多换,S,3738.2000,3738.0000,3737.8000,3736.4000,3736.2000,3738.8000,3739.0000,3740.0000,3740.2000,3740.6000,1,1,1,7,3,1,2,1,3,2
SF,IF2005,2020-04-13 10:57:16.100,3738.6000,10738,0,3901105080.000,0,-,-,-,-,3738.2000,3738.0000,3737.8000,3736.4000,3736.2000,3738.8000,3739.0000,3740.0000,3740.2000,3740.6000,1,1,1,7,3,1,2,1,3,2
SF,IF2005,2020-04-13 10:57:18.100,3738.6000,10738,0,3901105080.000,0,-,-,-,-,3738.2000,3738.0000,3737.8000,3736.4000,3736.2000,3738.8000,3739.0000,3740.0000,3740.2000,3740.6000,1,1,1,7,3,1,2,1,5,2
SF,IF2005,2020-04-13 10:57:19.100,3738.2000,10738,0,3902226540.000,1,0,1,多换,S,3738.0000,3737.8000,3736.4000,3736.2000,3736.0000,3738.8000,3739.0000,3740.0000,3740.2000,3740.6000,1,1,7,3,1,1,2,1,5,2
SF,IF2005,2020-04-13 10:57:19.600,3738.8000,10738,0,3903348180.000,1,0,1,多换,S,3738.6000,3738.0000,3737.8000,3736.4000,3736.2000,3738.8000,3739.0000,3740.0000,3740.2000,3740.6000,2,1,1,7,3,1,2,1,5,2
SF,IF2005,2020-04-13 10:57:20.100,3738.6000,10738,0,3905591340.000,2,1,1,多换,S,3738.0000,3737.8000,3736.4000,3736.2000,3736.0000,3738.4000,3738.6000,3739.0000,3740.0000,3740.2000,1,1,7,3,1,1,2,1,1,5
SF,IF2005,2020-04-13 10:57:20.600,3738.6000,10738,0,3905591340.000,0,-,-,-,-,3738.0000,3737.8000,3736.4000,3736.2000,3736.0000,3738.6000,3739.0000,3740.0000,3740.2000,3740.6000,1,1,7,3,1,1,1,1,5,2
SF,IF2005,2020-04-13 10:57:21.100,3738.6000,10738,0,3905591340.000,0,-,-,-,-,3738.0000,3737.8000,3736.4000,3736.2000,3736.0000,3738.6000,3738.8000,3739.0000,3740.0000,3740.2000,1,1,7,3,1,1,1,1,1,5
SF,IF2005,2020-04-13 10:57:23.100,3738.6000,10738,0,3905591340.000,0,-,-,-,-,3738.0000,3737.2000,3736.4000,3736.2000,3736.0000,3738.6000,3738.8000,3739.0000,3740.0000,3740.2000,1,1,7,3,1,1,1,1,1,5
SF,IF2005,2020-04-13 10:57:23.600,3738.0000,10739,1,3906712740.000,1,1,0,双开,S,3737.2000,3736.4000,3736.2000,3736.0000,3735.0000,3738.0000,3738.4000,3738.6000,3738.8000,3739.0000,1,7,3,1,3,1,2,1,1,1
SF,IF2005,2020-04-13 10:57:24.100,3738.0000,10739,0,3906712740.000,0,-,-,-,-,3737.2000,3736.4000,3736.2000,3736.0000,3735.0000,3738.4000,3738.6000,3739.0000,3740.0000,3740.2000,1,7,3,1,3,2,1,1,1,3
SF,IF2005,2020-04-13 10:57:24.600,3738.0000,10739,0,3906712740.000,0,-,-,-,-,3737.2000,3736.4000,3736.2000,3736.0000,3735.0000,3738.2000,3738.4000,3738.6000,3739.0000,3739.2000,1,7,3,1,3,2,2,1,1,2
SF,IF2005,2020-04-13 10:57:25.100,3738.0000,10739,0,3906712740.000,0,-,-,-,-,3737.2000,3736.4000,3736.2000,3736.0000,3735.0000,3738.0000,3738.2000,3738.4000,3738.6000,3739.0000,1,7,3,1,3,1,1,1,1,1
SF,IF2005,2020-04-13 10:57:25.600,3738.0000,10739,0,3906712740.000,0,-,-,-,-,3736.6000,3736.4000,3736.2000,3736.0000,3735.0000,3737.8000,3738.0000,3738.2000,3738.4000,3739.0000,1,3,2,1,3,1,1,1,1,1
SF,IF2005,2020-04-13 10:57:26.100,3738.0000,10739,0,3906712740.000,0,-,-,-,-,3736.8000,3736.6000,3736.4000,3736.2000,3736.0000,3737.8000,3738.0000,3738.2000,3739.0000,3739.2000,1,1,2,2,1,1,1,1,1,2
SF,IF2005,2020-04-13 10:57:26.600,3738.0000,10739,0,3906712740.000,0,-,-,-,-,3737.0000,3736.6000,3736.4000,3736.2000,3736.0000,3737.8000,3738.0000,3738.2000,3739.0000,3739.2000,1,1,2,2,1,1,1,1,1,2
SF,IF2005,2020-04-13 10:57:27.100,3738.0000,10739,0,3906712740.000,0,-,-,-,-,3737.0000,3736.6000,3736.4000,3736.2000,3736.0000,3738.0000,3738.2000,3739.0000,3739.2000,3740.0000,1,1,2,2,1,1,1,1,2,1
SF,IF2005,2020-04-13 10:57:27.600,3738.0000,10739,0,3906712740.000,0,-,-,-,-,3737.0000,3736.6000,3736.4000,3736.2000,3736.0000,3738.0000,3738.2000,3739.0000,3739.2000,3740.0000,1,1,2,2,1,2,1,1,2,1
SF,IF2005,2020-04-13 10:57:28.600,3738.0000,10739,0,3906712740.000,0,-,-,-,-,3737.0000,3736.6000,3736.2000,3736.0000,3735.0000,3737.8000,3738.0000,3739.0000,3739.2000,3740.0000,1,1,2,1,3,2,2,1,2,1
SF,IF2005,2020-04-13 10:57:32.100,3738.0000,10739,0,3906712740.000,0,-,-,-,-,3737.0000,3736.6000,3736.2000,3736.0000,3735.0000,3737.8000,3738.0000,3738.8000,3739.0000,3739.2000,1,1,2,1,3,2,2,2,1,2
SF,IF2005,2020-04-13 10:57:32.600,3738.0000,10739,0,3906712740.000,0,-,-,-,-,3737.2000,3736.6000,3736.2000,3736.0000,3735.0000,3737.8000,3738.0000,3738.8000,3739.0000,3739.2000,1,1,2,1,3,1,2,2,1,2
SF,IF2005,2020-04-13 10:57:33.100,3738.0000,10739,0,3906712740.000,0,-,-,-,-,3737.2000,3736.6000,3736.2000,3736.0000,3735.0000,3738.0000,3738.8000,3739.0000,3739.2000,3740.0000,1,1,2,1,3,1,2,1,2,1
SF,IF2005,2020-04-13 10:57:33.600,3738.0000,10739,0,3906712740.000,0,-,-,-,-,3737.2000,3736.6000,3736.2000,3736.0000,3735.0000,3738.0000,3739.0000,3739.2000,3740.0000,3740.2000,1,1,2,1,3,2,1,2,1,1
SF,IF2005,2020-04-13 10:57:34.600,3738.0000,10739,0,3906712740.000,0,-,-,-,-,3737.2000,3736.6000,3736.2000,3736.0000,3735.0000,3738.0000,3739.2000,3740.0000,3740.2000,3740.6000,1,1,2,1,3,2,2,1,1,2
SF,IF2005,2020-04-13 10:57:35.100,3738.0000,10739,0,3906712740.000,0,-,-,-,-,3737.2000,3736.6000,3736.2000,3736.0000,3735.0000,3738.0000,3739.2000,3740.0000,3740.2000,3740.6000,1,1,2,1,3,1,2,1,1,2
SF,IF2005,2020-04-13 10:57:35.600,3738.0000,10739,0,3906712740.000,0,-,-,-,-,3737.2000,3736.6000,3736.2000,3736.0000,3735.0000,3738.0000,3738.2000,3739.2000,3740.0000,3740.2000,1,1,2,1,3,1,1,2,1,1
SF,IF2005,2020-04-13 10:57:36.100,3738.0000,10739,0,3906712740.000,0,-,-,-,-,3737.2000,3736.6000,3736.2000,3736.0000,3735.0000,3738.0000,3738.2000,3739.2000,3740.0000,3740.2000,1,1,2,1,3,1,1,2,1,1
SF,IF2005,2020-04-13 10:57:37.100,3738.0000,10739,0,3906712740.000,0,-,-,-,-,3737.2000,3736.6000,3736.2000,3736.0000,3735.0000,3738.0000,3738.2000,3739.2000,3739.8000,3740.0000,1,1,2,1,3,1,1,2,1,1
SF,IF2005,2020-04-13 10:57:37.600,3738.0000,10739,0,3906712740.000,0,-,-,-,-,3737.4000,3736.6000,3736.2000,3736.0000,3735.0000,3738.0000,3738.2000,3739.2000,3739.8000,3740.0000,1,1,2,1,3,1,1,2,1,1
SF,IF2005,2020-04-13 10:57:38.100,3738.0000,10739,0,3906712740.000,0,-,-,-,-,3737.4000,3736.6000,3736.2000,3736.0000,3735.0000,3738.0000,3738.2000,3739.2000,3739.8000,3740.0000,1,1,2,1,3,1,1,2,1,1
SF,IF2005,2020-04-13 10:57:39.100,3738.0000,10739,0,3906712740.000,0,-,-,-,-,3737.4000,3736.6000,3736.2000,3736.0000,3735.0000,3738.0000,3738.2000,3739.2000,3739.8000,3740.0000,1,1,2,1,3,1,1,2,1,1
SF,IF2005,2020-04-13 10:57:39.600,3738.0000,10739,0,3906712740.000,0,-,-,-,-,3737.4000,3736.6000,3736.2000,3736.0000,3735.0000,3738.0000,3738.2000,3739.2000,3739.8000,3740.0000,1,1,2,1,3,1,1,2,1,1
SF,IF2005,2020-04-13 10:57:40.100,3738.0000,10739,0,3906712740.000,0,-,-,-,-,3737.4000,3736.6000,3736.2000,3736.0000,3735.0000,3738.0000,3738.2000,3739.2000,3739.8000,3740.0000,1,1,2,1,3,1,1,2,1,1
SF,IF2005,2020-04-13 10:57:40.600,3737.4000,10739,0,3907833960.000,1,0,1,多换,S,3736.6000,3736.2000,3736.0000,3735.0000,3734.2000,3738.0000,3738.2000,3739.2000,3739.8000,3740.0000,1,2,1,3,2,2,1,2,1,1
SF,IF2005,2020-04-13 10:57:41.100,3737.4000,10739,0,3907833960.000,0,-,-,-,-,3736.8000,3736.6000,3736.2000,3736.0000,3735.0000,3738.0000,3739.2000,3739.8000,3740.0000,3740.2000,1,1,2,1,3,1,2,1,1,1
SF,IF2005,2020-04-13 10:57:41.600,3737.4000,10739,0,3907833960.000,0,-,-,-,-,3736.8000,3736.6000,3736.2000,3736.0000,3735.0000,3738.0000,3738.2000,3739.2000,3739.8000,3740.0000,1,1,2,1,3,1,1,2,1,1
SF,IF2005,2020-04-13 10:57:42.100,3737.4000,10739,0,3907833960.000,0,-,-,-,-,3736.8000,3736.6000,3736.2000,3736.0000,3735.0000,3738.0000,3738.2000,3739.2000,3739.8000,3740.0000,1,1,2,1,3,1,1,2,1,1
SF,IF2005,2020-04-13 10:57:42.600,3737.4000,10739,0,3907833960.000,0,-,-,-,-,3736.8000,3736.6000,3736.2000,3736.0000,3735.0000,3738.0000,3738.2000,3739.2000,3739.8000,3740.0000,1,1,2,1,3,1,1,2,1,1
SF,IF2005,2020-04-13 10:57:43.100,3737.4000,10739,0,3907833960.000,0,-,-,-,-,3736.8000,3736.6000,3736.2000,3736.0000,3735.0000,3738.0000,3738.2000,3739.2000,3739.8000,3740.0000,1,1,2,1,3,1,1,2,1,1
SF,IF2005,2020-04-13 10:57:43.600,3737.4000,10739,0,3907833960.000,0,-,-,-,-,3736.8000,3736.6000,3736.2000,3736.0000,3735.0000,3738.0000,3738.2000,3739.2000,3739.8000,3740.0000,1,1,2,1,3,1,1,2,1,1
SF,IF2005,2020-04-13 10:57:44.100,3737.4000,10739,0,3907833960.000,0,-,-,-,-,3736.8000,3736.6000,3736.2000,3736.0000,3735.0000,3738.0000,3738.2000,3739.2000,3739.8000,3740.0000,1,1,2,1,3,1,1,2,1,1
SF,IF2005,2020-04-13 10:57:44.600,3736.8000,10738,-1,3910076340.000,2,0,2,多平,S,3736.6000,3736.2000,3736.0000,3735.0000,3734.2000,3738.0000,3738.2000,3739.2000,3739.8000,3740.0000,1,2,1,3,2,2,1,2,1,1
SF,IF2005,2020-04-13 10:57:45.100,3736.8000,10738,0,3910076340.000,0,-,-,-,-,3736.6000,3736.2000,3736.0000,3735.0000,3734.2000,3737.6000,3737.8000,3738.0000,3739.2000,3739.8000,1,2,1,3,2,1,1,1,2,1
SF,IF2005,2020-04-13 10:57:45.600,3737.4000,10739,1,3911197560.000,1,1,0,双开,S,3736.6000,3736.2000,3736.0000,3735.0000,3734.2000,3737.6000,3737.8000,3739.2000,3739.8000,3740.0000,1,2,1,3,2,2,1,2,1,1
SF,IF2005,2020-04-13 10:57:46.100,3737.4000,10739,0,3911197560.000,0,-,-,-,-,3736.6000,3736.2000,3736.0000,3735.0000,3734.2000,3737.6000,3737.8000,3739.2000,3739.8000,3740.0000,1,2,1,3,2,1,1,2,1,1
SF,IF2005,2020-04-13 10:57:46.600,3737.4000,10739,0,3911197560.000,0,-,-,-,-,3736.6000,3736.2000,3736.0000,3735.0000,3734.2000,3737.6000,3737.8000,3739.2000,3739.8000,3740.0000,1,2,1,3,2,2,1,2,1,1
SF,IF2005,2020-04-13 10:57:47.100,3737.4000,10739,0,3911197560.000,0,-,-,-,-,3736.6000,3736.2000,3736.0000,3735.0000,3734.2000,3737.4000,3737.6000,3737.8000,3739.2000,3739.8000,1,2,1,3,2,1,2,1,2,1
SF,IF2005,2020-04-13 10:57:47.600,3737.4000,10739,0,3911197560.000,0,-,-,-,-,3736.6000,3736.2000,3736.0000,3735.0000,3734.2000,3737.2000,3737.4000,3737.6000,3737.8000,3739.2000,1,2,1,3,2,1,1,1,1,2
SF,IF2005,2020-04-13 10:57:48.100,3737.4000,10739,0,3911197560.000,0,-,-,-,-,3736.8000,3736.6000,3736.2000,3736.0000,3735.0000,3737.2000,3737.6000,3737.8000,3739.2000,3739.8000,1,1,2,1,3,2,1,1,2,1
SF,IF2005,2020-04-13 10:57:48.600,3737.4000,10739,0,3911197560.000,0,-,-,-,-,3736.8000,3736.6000,3736.2000,3736.0000,3735.0000,3737.2000,3737.6000,3737.8000,3739.2000,3739.8000,1,1,2,1,3,1,1,1,2,1
SF,IF2005,2020-04-13 10:57:49.100,3737.4000,10739,0,3911197560.000,0,-,-,-,-,3736.8000,3736.6000,3736.2000,3736.0000,3735.0000,3737.2000,3737.6000,3737.8000,3739.2000,3739.8000,1,1,2,1,3,2,1,1,2,1
SF,IF2005,2020-04-13 10:57:49.600,3737.4000,10739,0,3911197560.000,0,-,-,-,-,3736.8000,3736.6000,3736.2000,3736.0000,3735.0000,3737.0000,3737.2000,3737.6000,3737.8000,3739.2000,1,1,2,1,3,1,2,1,1,2
SF,IF2005,2020-04-13 10:57:50.100,3737.4000,10739,0,3911197560.000,0,-,-,-,-,3736.8000,3736.6000,3736.2000,3736.0000,3735.0000,3737.0000,3737.2000,3737.6000,3737.8000,3739.2000,1,1,2,1,3,1,1,1,1,2
SF,IF2005,2020-04-13 10:57:50.600,3736.8000,10739,0,3913439700.000,2,1,1,多换,S,3736.6000,3736.2000,3736.0000,3735.0000,3734.2000,3737.2000,3737.6000,3737.8000,3739.2000,3739.8000,1,2,1,3,2,1,1,1,2,1
SF,IF2005,2020-04-13 10:57:51.100,3736.8000,10739,0,3913439700.000,0,-,-,-,-,3736.6000,3736.2000,3736.0000,3735.0000,3734.2000,3737.2000,3737.4000,3737.6000,3739.2000,3739.8000,1,2,1,3,2,1,1,1,2,1
SF,IF2005,2020-04-13 10:57:52.100,3736.8000,10739,0,3913439700.000,0,-,-,-,-,3736.6000,3736.2000,3736.0000,3735.0000,3734.2000,3737.2000,3737.4000,3737.6000,3739.2000,3739.8000,1,2,1,3,2,1,1,1,2,1
SF,IF2005,2020-04-13 10:57:52.600,3737.2000,10738,-1,3914560860.000,1,0,1,双平,S,3737.0000,3736.8000,3736.6000,3736.2000,3736.0000,3737.4000,3737.6000,3739.2000,3739.8000,3740.0000,1,2,1,2,1,1,1,2,1,1
SF,IF2005,2020-04-13 10:57:53.100,3737.4000,10739,1,3915682080.000,1,1,0,双开,S,3737.4000,3736.6000,3736.2000,3736.0000,3735.0000,3737.6000,3739.2000,3739.8000,3740.0000,3740.2000,1,1,2,1,3,1,2,1,1,1
SF,IF2005,2020-04-13 10:57:53.600,3737.4000,10739,0,3915682080.000,0,-,-,-,-,3737.2000,3736.6000,3736.2000,3736.0000,3735.0000,3738.2000,3739.2000,3739.8000,3740.0000,3740.2000,1,1,2,1,3,1,2,1,1,1
SF,IF2005,2020-04-13 10:57:55.600,3737.4000,10739,0,3915682080.000,0,-,-,-,-,3737.2000,3736.6000,3736.2000,3736.0000,3735.0000,3737.6000,3738.2000,3739.2000,3739.8000,3740.0000,1,1,2,1,3,6,1,2,1,1
SF,IF2005,2020-04-13 10:57:56.100,3737.6000,10739,0,3917924640.000,2,1,1,多换,S,3737.2000,3736.6000,3736.2000,3736.0000,3735.0000,3737.6000,3738.2000,3739.2000,3739.8000,3740.0000,1,1,2,1,3,4,1,2,1,1
SF,IF2005,2020-04-13 10:57:58.100,3737.2000,10740,1,3919045800.000,1,1,0,双开,S,3736.6000,3736.2000,3736.0000,3735.0000,3734.2000,3737.6000,3738.2000,3739.2000,3739.8000,3740.0000,1,2,1,3,2,4,1,2,1,1
SF,IF2005,2020-04-13 10:57:58.600,3737.2000,10740,0,3919045800.000,0,-,-,-,-,3736.6000,3736.2000,3736.0000,3735.0000,3734.2000,3737.4000,3737.6000,3738.2000,3739.2000,3739.8000,1,2,1,3,2,1,4,1,2,1
SF,IF2005,2020-04-13 10:57:59.100,3737.2000,10740,0,3919045800.000,0,-,-,-,-,3737.0000,3736.8000,3736.6000,3736.2000,3736.0000,3737.4000,3737.6000,3739.2000,3739.8000,3740.0000,1,1,1,2,1,2,4,2,1,1
SF,IF2005,2020-04-13 10:57:59.600,3737.4000,10740,0,3920167020.000,1,0,1,多换,S,3736.6000,3736.2000,3736.0000,3735.0000,3734.2000,3737.4000,3737.6000,3739.2000,3739.8000,3740.0000,1,2,1,3,2,1,4,2,1,1
SF,IF2005,2020-04-13 10:58:00.100,3737.6000,10742,2,3922409520.000,2,2,0,双开,S,3736.8000,3736.6000,3736.2000,3736.0000,3735.0000,3737.6000,3739.2000,3739.8000,3740.0000,3740.2000,1,1,2,1,3,3,2,1,1,1
SF,IF2005,2020-04-13 10:58:00.600,3737.6000,10742,0,3922409520.000,0,-,-,-,-,3737.0000,3736.8000,3736.6000,3736.2000,3736.0000,3737.6000,3739.2000,3739.8000,3740.0000,3740.2000,2,3,1,2,1,3,2,1,1,1
SF,IF2005,2020-04-13 10:58:01.100,3737.6000,10742,0,3922409520.000,0,-,-,-,-,3737.0000,3736.8000,3736.6000,3736.2000,3736.0000,3737.6000,3739.2000,3739.8000,3740.0000,3740.2000,1,3,1,2,1,3,2,1,1,1
SF,IF2005,2020-04-13 10:58:02.100,3737.6000,10742,0,3922409520.000,0,-,-,-,-,3737.0000,3736.8000,3736.6000,3736.2000,3736.0000,3739.2000,3739.8000,3740.0000,3740.2000,3740.6000,1,3,1,2,1,2,1,1,1,2
SF,IF2005,2020-04-13 10:58:02.600,3737.6000,10742,0,3922409520.000,0,-,-,-,-,3737.4000,3737.2000,3737.0000,3736.8000,3736.6000,3738.6000,3739.0000,3739.2000,3739.8000,3740.0000,1,4,1,2,1,2,2,2,1,1
SF,IF2005,2020-04-13 10:58:03.100,3737.6000,10742,0,3922409520.000,0,-,-,-,-,3737.4000,3737.2000,3737.0000,3736.8000,3736.6000,3738.6000,3739.0000,3739.2000,3739.8000,3740.0000,1,3,1,1,1,2,2,2,1,1
SF,IF2005,2020-04-13 10:58:03.600,3737.6000,10742,0,3922409520.000,0,-,-,-,-,3737.4000,3737.2000,3737.0000,3736.8000,3736.6000,3738.2000,3738.6000,3739.0000,3739.2000,3739.8000,1,3,1,1,1,1,1,1,2,1
SF,IF2005,2020-04-13 10:58:04.100,3737.6000,10742,0,3922409520.000,0,-,-,-,-,3737.4000,3737.2000,3737.0000,3736.8000,3736.6000,3738.2000,3738.4000,3738.6000,3739.0000,3739.2000,1,3,1,1,1,1,1,1,1,2
SF,IF2005,2020-04-13 10:58:05.100,3737.6000,10742,0,3922409520.000,0,-,-,-,-,3737.4000,3737.2000,3737.0000,3736.8000,3736.6000,3738.2000,3738.4000,3738.6000,3739.0000,3739.2000,1,1,1,1,1,1,1,1,1,2
SF,IF2005,2020-04-13 10:58:07.600,3737.6000,10742,0,3922409520.000,0,-,-,-,-,3737.4000,3737.2000,3737.0000,3736.8000,3736.6000,3738.2000,3738.4000,3738.6000,3739.2000,3739.8000,1,1,1,1,1,1,1,1,2,1
SF,IF2005,2020-04-13 10:58:08.100,3737.2000,10740,-2,3924651900.000,2,0,2,双平,S,3737.0000,3736.6000,3736.2000,3736.0000,3735.0000,3737.8000,3738.0000,3738.4000,3739.2000,3739.8000,1,1,2,1,3,1,2,1,2,1
SF,IF2005,2020-04-13 10:58:08.600,3737.0000,10740,0,3925773000.000,1,0,1,多换,S,3736.6000,3736.2000,3736.0000,3735.0000,3734.2000,3737.0000,3737.8000,3738.0000,3739.2000,3739.8000,1,2,1,3,2,1,1,2,2,1
SF,IF2005,2020-04-13 10:58:09.100,3736.6000,10740,0,3926893980.000,1,0,1,多换,S,3736.2000,3735.0000,3734.2000,3734.0000,3733.6000,3736.6000,3737.6000,3737.8000,3738.0000,3739.2000,1,3,2,2,1,2,1,1,1,2
SF,IF2005,2020-04-13 10:58:09.600,3736.2000,10741,1,3928014840.000,1,1,0,双开,S,3735.0000,3734.2000,3734.0000,3733.6000,3733.4000,3736.0000,3736.2000,3737.8000,3738.0000,3739.2000,3,2,2,1,2,1,2,1,1,2
SF,IF2005,2020-04-13 10:58:10.100,3736.0000,10741,0,3929135640.000,1,0,1,多换,S,3735.4000,3735.2000,3735.0000,3734.2000,3734.0000,3736.2000,3738.0000,3739.8000,3740.0000,3740.2000,1,7,3,2,2,2,1,1,1,1
SF,IF2005,2020-04-13 10:58:10.600,3736.2000,10742,1,3930256500.000,1,1,0,双开,S,3735.6000,3735.4000,3735.2000,3735.0000,3734.2000,3738.0000,3738.2000,3739.8000,3740.2000,3740.6000,1,1,7,3,2,1,2,1,1,2
SF,IF2005,2020-04-13 10:58:11.100,3736.2000,10742,0,3930256500.000,0,-,-,-,-,3735.8000,3735.6000,3735.4000,3735.2000,3735.0000,3736.8000,3737.0000,3737.2000,3737.4000,3737.8000,2,1,1,7,3,1,1,1,5,4
SF,IF2005,2020-04-13 10:58:11.600,3736.2000,10742,0,3930256500.000,0,-,-,-,-,3735.8000,3735.6000,3735.4000,3735.2000,3735.0000,3736.8000,3737.0000,3737.2000,3737.8000,3738.0000,1,1,1,7,3,1,1,1,4,1
SF,IF2005,2020-04-13 10:58:12.100,3736.8000,10741,-1,3931377540.000,1,0,1,双平,S,3736.0000,3735.8000,3735.6000,3735.4000,3735.2000,3736.6000,3737.0000,3737.2000,3737.8000,3738.2000,3,2,1,1,6,1,1,1,4,2
SF,IF2005,2020-04-13 10:58:12.600,3736.4000,10741,0,3934740600.000,3,1,2,多换,S,3736.2000,3736.0000,3735.8000,3735.6000,3735.4000,3737.8000,3739.8000,3740.2000,3740.6000,3740.8000,1,3,1,1,1,1,1,1,1,1
SF,IF2005,2020-04-13 10:58:13.100,3736.8000,10740,-1,3936982980.000,2,0,2,多平,S,3737.0000,3736.6000,3736.4000,3736.2000,3736.0000,3738.2000,3739.4000,3739.8000,3740.2000,3740.6000,1,3,2,3,1,1,2,1,1,1
SF,IF2005,2020-04-13 10:58:13.600,3738.2000,10741,1,3938104440.000,1,1,0,双开,S,3737.4000,3737.2000,3737.0000,3736.6000,3736.4000,3739.4000,3739.8000,3740.2000,3740.6000,3740.8000,1,2,1,3,3,2,1,1,1,1
SF,IF2005,2020-04-13 10:58:14.100,3738.2000,10741,0,3938104440.000,0,-,-,-,-,3737.8000,3737.6000,3737.2000,3737.0000,3736.6000,3739.2000,3739.4000,3739.8000,3740.2000,3740.6000,1,2,3,2,1,4,2,1,1,1
SF,IF2005,2020-04-13 10:58:14.600,3738.2000,10741,0,3938104440.000,0,-,-,-,-,3737.8000,3737.6000,3737.2000,3737.0000,3736.6000,3739.2000,3739.8000,3740.2000,3740.4000,3740.6000,1,3,2,2,1,3,1,1,2,1
SF,IF2005,2020-04-13 10:58:15.100,3738.0000,10743,2,3942589740.000,4,3,1,空开,S,3737.0000,3736.6000,3736.4000,3736.2000,3736.0000,3738.4000,3738.8000,3739.0000,3739.2000,3739.8000,1,1,3,3,1,2,1,1,1,1
SF,IF2005,2020-04-13 10:58:15.600,3738.0000,10743,0,3942589740.000,0,-,-,-,-,3736.4000,3736.2000,3736.0000,3735.6000,3735.2000,3737.8000,3738.0000,3738.2000,3738.4000,3738.6000,3,2,1,1,2,1,1,1,1,5
SF,IF2005,2020-04-13 10:58:16.100,3738.0000,10743,0,3942589740.000,0,-,-,-,-,3736.6000,3736.4000,3736.2000,3736.0000,3735.6000,3737.4000,3737.6000,3737.8000,3738.0000,3738.6000,1,1,2,1,1,1,2,1,1,5
SF,IF2005,2020-04-13 10:58:16.600,3738.0000,10743,0,3942589740.000,0,-,-,-,-,3736.6000,3736.4000,3736.0000,3735.6000,3735.2000,3737.4000,3737.6000,3738.8000,3739.0000,3739.8000,1,1,1,1,2,1,2,1,3,1
SF,IF2005,2020-04-13 10:58:17.100,3738.0000,10743,0,3942589740.000,0,-,-,-,-,3736.6000,3736.4000,3736.0000,3735.6000,3735.2000,3737.4000,3737.6000,3738.8000,3739.0000,3739.8000,1,1,1,1,2,1,3,1,3,1
SF,IF2005,2020-04-13 10:58:18.100,3737.6000,10744,1,3947074800.000,4,2,2,空开,S,3736.6000,3736.4000,3736.0000,3735.6000,3735.2000,3738.8000,3739.0000,3739.8000,3740.2000,3740.6000,1,1,1,1,2,1,3,1,1,1
SF,IF2005,2020-04-13 10:58:18.600,3737.6000,10744,0,3947074800.000,0,-,-,-,-,3736.8000,3736.6000,3736.4000,3736.0000,3735.6000,3738.2000,3738.4000,3738.6000,3738.8000,3739.0000,2,1,1,1,1,1,2,3,1,3
SF,IF2005,2020-04-13 10:58:19.100,3737.6000,10744,0,3947074800.000,0,-,-,-,-,3737.0000,3736.8000,3736.4000,3736.0000,3735.6000,3738.0000,3738.2000,3738.4000,3738.6000,3738.8000,1,2,1,1,1,1,1,2,6,1
SF,IF2005,2020-04-13 10:58:19.600,3737.6000,10744,0,3947074800.000,0,-,-,-,-,3737.6000,3737.0000,3736.8000,3736.4000,3736.0000,3737.8000,3738.0000,3738.2000,3738.4000,3738.6000,2,1,2,1,1,1,1,1,2,6
SF,IF2005,2020-04-13 10:58:20.100,3737.6000,10746,2,3949317360.000,2,2,0,双开,S,3737.0000,3736.8000,3736.4000,3736.0000,3735.6000,3738.2000,3738.4000,3738.8000,3739.0000,3739.8000,1,2,1,1,1,1,1,1,3,1
SF,IF2005,2020-04-13 10:58:20.600,3737.6000,10746,0,3949317360.000,0,-,-,-,-,3737.0000,3736.8000,3736.4000,3736.0000,3735.6000,3738.0000,3738.2000,3738.4000,3738.8000,3739.0000,1,2,1,1,1,1,1,1,1,3
SF,IF2005,2020-04-13 10:58:21.100,3737.6000,10746,0,3949317360.000,0,-,-,-,-,3737.0000,3736.8000,3736.4000,3736.0000,3735.6000,3737.8000,3738.0000,3738.2000,3738.4000,3738.8000,1,2,1,1,1,1,1,1,1,1
SF,IF2005,2020-04-13 10:58:22.600,3737.6000,10746,0,3949317360.000,0,-,-,-,-,3737.0000,3736.8000,3736.4000,3736.0000,3735.6000,3737.8000,3738.0000,3738.2000,3738.4000,3738.8000,1,2,1,1,1,1,1,1,1,2
SF,IF2005,2020-04-13 10:58:24.600,3737.8000,10747,1,3950438700.000,1,1,0,双开,S,3737.2000,3737.0000,3736.8000,3736.4000,3736.0000,3737.6000,3738.2000,3738.4000,3738.8000,3739.0000,1,1,1,1,1,1,1,1,1,2
SF,IF2005,2020-04-13 10:58:25.100,3737.6000,10747,0,3951559980.000,1,0,1,多换,S,3737.4000,3737.2000,3736.4000,3736.0000,3735.6000,3738.0000,3738.8000,3739.8000,3740.2000,3740.6000,1,2,1,1,1,1,1,1,1,1
SF,IF2005,2020-04-13 10:58:25.600,3738.0000,10748,1,3952681380.000,1,1,0,双开,S,3737.4000,3737.2000,3736.4000,3736.0000,3735.6000,3738.4000,3738.8000,3739.8000,3740.2000,3740.4000,1,2,1,1,1,1,1,1,1,2
SF,IF2005,2020-04-13 10:58:26.100,3738.0000,10748,0,3952681380.000,0,-,-,-,-,3737.4000,3737.2000,3736.4000,3736.0000,3735.6000,3738.4000,3738.8000,3739.8000,3740.2000,3740.4000,1,2,1,1,1,1,1,1,1,2
SF,IF2005,2020-04-13 10:58:27.100,3738.0000,10748,0,3952681380.000,0,-,-,-,-,3737.4000,3737.2000,3737.0000,3736.4000,3736.0000,3738.4000,3738.8000,3739.8000,3740.2000,3740.4000,1,2,1,1,1,1,1,1,1,2
SF,IF2005,2020-04-13 10:58:27.600,3738.0000,10748,0,3952681380.000,0,-,-,-,-,3737.4000,3737.2000,3737.0000,3736.4000,3736.0000,3738.8000,3739.8000,3740.2000,3740.4000,3740.6000,1,2,1,1,1,1,1,1,2,1
SF,IF2005,2020-04-13 10:58:28.100,3738.0000,10748,0,3952681380.000,0,-,-,-,-,3737.4000,3737.2000,3737.0000,3736.4000,3736.0000,3738.6000,3738.8000,3739.8000,3740.2000,3740.4000,1,2,1,1,1,1,2,1,1,2
SF,IF2005,2020-04-13 10:58:28.600,3738.6000,10747,-1,3953802960.000,1,0,1,双平,S,3737.4000,3737.2000,3737.0000,3736.4000,3736.0000,3738.6000,3738.8000,3739.8000,3740.2000,3740.4000,1,2,1,1,1,1,1,1,1,2
SF,IF2005,2020-04-13 10:58:29.100,3738.6000,10747,0,3953802960.000,0,-,-,-,-,3737.4000,3737.2000,3737.0000,3736.4000,3736.0000,3738.6000,3738.8000,3739.8000,3740.2000,3740.4000,1,2,1,1,1,2,1,1,1,2
SF,IF2005,2020-04-13 10:58:29.600,3738.6000,10747,0,3953802960.000,0,-,-,-,-,3737.4000,3737.2000,3737.0000,3736.4000,3736.0000,3738.6000,3738.8000,3739.8000,3740.2000,3740.4000,1,2,1,1,1,1,1,1,1,2
SF,IF2005,2020-04-13 10:58:30.100,3738.6000,10747,0,3953802960.000,0,-,-,-,-,3737.4000,3737.2000,3737.0000,3736.4000,3736.0000,3738.6000,3738.8000,3739.8000,3740.2000,3740.4000,1,2,1,1,1,2,1,1,1,2
SF,IF2005,2020-04-13 10:58:30.600,3738.6000,10747,0,3953802960.000,0,-,-,-,-,3737.4000,3737.2000,3737.0000,3736.4000,3736.0000,3738.6000,3738.8000,3739.8000,3740.2000,3740.4000,1,2,1,1,1,1,1,1,1,2
SF,IF2005,2020-04-13 10:58:31.100,3738.6000,10747,0,3953802960.000,0,-,-,-,-,3737.4000,3737.2000,3737.0000,3736.4000,3736.0000,3738.6000,3738.8000,3739.8000,3740.2000,3740.4000,1,2,1,1,1,2,1,1,1,2
SF,IF2005,2020-04-13 10:58:31.600,3738.6000,10747,0,3953802960.000,0,-,-,-,-,3737.4000,3737.2000,3737.0000,3736.4000,3736.0000,3738.6000,3738.8000,3739.8000,3740.2000,3740.4000,1,2,1,1,1,1,1,1,1,2
SF,IF2005,2020-04-13 10:58:32.100,3738.6000,10747,0,3953802960.000,0,-,-,-,-,3737.4000,3737.2000,3737.0000,3736.4000,3736.0000,3738.6000,3738.8000,3739.8000,3740.2000,3740.4000,1,2,1,1,1,2,1,1,1,2
SF,IF2005,2020-04-13 10:58:32.600,3738.6000,10747,0,3953802960.000,0,-,-,-,-,3737.4000,3737.2000,3737.0000,3736.4000,3736.0000,3738.6000,3738.8000,3739.8000,3740.2000,3740.4000,1,2,1,1,1,1,1,1,1,2
SF,IF2005,2020-04-13 10:58:33.100,3738.6000,10747,0,3953802960.000,0,-,-,-,-,3737.4000,3737.2000,3737.0000,3736.4000,3736.0000,3738.4000,3738.6000,3738.8000,3739.8000,3740.2000,1,2,1,1,1,1,2,1,1,1
SF,IF2005,2020-04-13 10:58:33.600,3738.6000,10747,0,3953802960.000,0,-,-,-,-,3737.4000,3737.2000,3737.0000,3736.4000,3736.0000,3738.2000,3738.4000,3738.8000,3739.8000,3740.2000,1,2,1,1,1,1,1,1,1,1
SF,IF2005,2020-04-13 10:58:34.100,3738.6000,10747,0,3953802960.000,0,-,-,-,-,3737.4000,3737.2000,3737.0000,3736.4000,3736.0000,3738.2000,3738.4000,3738.8000,3739.8000,3740.2000,1,1,1,1,1,1,1,1,1,1
SF,IF2005,2020-04-13 10:58:34.600,3738.6000,10747,0,3953802960.000,0,-,-,-,-,3737.4000,3737.2000,3737.0000,3736.4000,3736.0000,3738.2000,3738.4000,3738.8000,3739.8000,3740.2000,1,1,1,1,1,1,1,1,1,1
SF,IF2005,2020-04-13 10:58:35.100,3738.6000,10747,0,3953802960.000,0,-,-,-,-,3737.4000,3737.0000,3736.4000,3736.0000,3735.6000,3738.2000,3738.4000,3738.8000,3739.8000,3740.2000,1,1,1,1,1,1,1,1,1,1
SF,IF2005,2020-04-13 10:58:35.600,3738.6000,10747,0,3953802960.000,0,-,-,-,-,3737.4000,3737.0000,3736.4000,3736.0000,3735.6000,3738.2000,3738.4000,3738.8000,3739.4000,3739.8000,1,1,1,1,1,2,1,1,2,1
SF,IF2005,2020-04-13 10:58:36.100,3738.6000,10747,0,3953802960.000,0,-,-,-,-,3737.4000,3737.0000,3736.4000,3736.0000,3735.6000,3738.2000,3738.4000,3738.8000,3739.4000,3739.8000,1,1,1,1,1,1,1,1,2,1
SF,IF2005,2020-04-13 10:58:36.600,3738.6000,10747,0,3953802960.000,0,-,-,-,-,3737.4000,3737.0000,3736.4000,3736.0000,3735.6000,3738.2000,3738.4000,3738.8000,3739.4000,3739.8000,1,1,1,1,1,2,1,1,2,1
SF,IF2005,2020-04-13 10:58:37.100,3738.6000,10747,0,3953802960.000,0,-,-,-,-,3737.4000,3737.0000,3736.4000,3736.0000,3735.6000,3738.0000,3738.2000,3738.4000,3738.8000,3739.4000,1,1,1,1,1,1,1,1,1,2
SF,IF2005,2020-04-13 10:58:37.600,3738.6000,10747,0,3953802960.000,0,-,-,-,-,3737.4000,3737.0000,3736.4000,3736.0000,3735.6000,3738.0000,3738.2000,3738.4000,3738.8000,3739.4000,1,1,1,1,1,2,1,1,1,2
SF,IF2005,2020-04-13 10:58:38.100,3738.6000,10747,0,3953802960.000,0,-,-,-,-,3737.4000,3737.0000,3736.4000,3736.0000,3735.6000,3738.0000,3738.2000,3738.4000,3738.8000,3739.4000,1,1,1,1,1,1,1,1,1,2
SF,IF2005,2020-04-13 10:58:38.600,3738.2000,10747,0,3954924420.000,1,0,1,多换,S,3737.4000,3737.0000,3736.4000,3736.0000,3735.6000,3738.0000,3738.2000,3738.4000,3738.8000,3739.4000,1,1,1,1,1,1,1,1,1,2
SF,IF2005,2020-04-13 10:58:39.600,3737.4000,10746,-1,3956045640.000,1,0,1,双平,S,3737.0000,3736.4000,3736.0000,3735.6000,3735.2000,3738.0000,3738.2000,3738.8000,3739.4000,3739.8000,1,1,1,1,2,1,1,1,2,1
SF,IF2005,2020-04-13 10:58:40.600,3737.4000,10746,0,3956045640.000,0,-,-,-,-,3737.0000,3736.4000,3736.0000,3735.6000,3735.2000,3737.4000,3738.0000,3738.2000,3738.8000,3739.4000,1,1,1,1,2,1,1,1,1,2
SF,IF2005,2020-04-13 10:58:41.100,3737.4000,10746,0,3956045640.000,0,-,-,-,-,3737.0000,3736.4000,3736.0000,3735.6000,3735.2000,3737.4000,3738.0000,3738.8000,3739.4000,3739.8000,1,1,1,1,2,1,1,1,2,1
SF,IF2005,2020-04-13 10:58:41.600,3737.0000,10746,0,3957166740.000,1,0,1,多换,S,3736.4000,3736.0000,3735.6000,3735.2000,3735.0000,3737.4000,3738.0000,3738.8000,3739.4000,3739.8000,1,1,1,2,3,1,1,1,2,1
SF,IF2005,2020-04-13 10:58:42.100,3737.0000,10746,0,3957166740.000,0,-,-,-,-,3736.6000,3736.4000,3736.0000,3735.6000,3735.2000,3737.4000,3738.0000,3738.8000,3739.4000,3739.8000,3,1,1,1,2,1,1,1,2,1
SF,IF2005,2020-04-13 10:58:42.600,3737.0000,10746,0,3957166740.000,0,-,-,-,-,3736.6000,3736.4000,3736.0000,3735.6000,3735.2000,3737.4000,3738.0000,3738.8000,3739.4000,3739.8000,4,1,1,1,2,1,1,1,2,1
SF,IF2005,2020-04-13 10:58:43.100,3737.4000,10746,0,3958287960.000,1,0,1,多换,S,3736.6000,3736.4000,3736.0000,3735.6000,3735.2000,3738.0000,3738.8000,3739.4000,3739.8000,3740.2000,4,1,1,1,2,1,1,2,1,1
SF,IF2005,2020-04-13 10:58:43.600,3737.4000,10746,0,3958287960.000,0,-,-,-,-,3737.0000,3736.8000,3736.6000,3736.4000,3736.0000,3738.0000,3738.8000,3739.4000,3739.8000,3740.2000,4,2,1,1,1,1,1,2,1,1
SF,IF2005,2020-04-13 10:58:44.100,3737.4000,10746,0,3958287960.000,0,-,-,-,-,3737.2000,3737.0000,3736.8000,3736.4000,3736.0000,3738.8000,3739.4000,3739.8000,3740.2000,3740.6000,1,4,2,1,1,1,2,1,1,1
SF,IF2005,2020-04-13 10:58:44.600,3737.4000,10746,0,3958287960.000,0,-,-,-,-,3737.2000,3737.0000,3736.8000,3736.4000,3736.0000,3738.4000,3738.6000,3738.8000,3739.4000,3739.8000,1,4,2,1,1,1,3,1,2,1
SF,IF2005,2020-04-13 10:58:45.100,3737.2000,10746,0,3959409120.000,1,0,1,多换,S,3737.0000,3736.8000,3736.4000,3736.0000,3735.6000,3738.4000,3738.6000,3738.8000,3739.4000,3739.8000,4,2,1,1,1,1,2,1,2,1
SF,IF2005,2020-04-13 10:58:45.600,3737.2000,10746,0,3959409120.000,0,-,-,-,-,3737.2000,3737.0000,3736.8000,3736.4000,3736.0000,3738.2000,3738.4000,3738.6000,3738.8000,3739.4000,1,4,2,1,1,2,1,1,1,3
SF,IF2005,2020-04-13 10:58:46.100,3737.2000,10746,0,3959409120.000,0,-,-,-,-,3737.2000,3737.0000,3736.8000,3736.4000,3736.0000,3738.2000,3738.4000,3738.6000,3738.8000,3739.4000,1,4,2,1,1,1,1,1,1,3
SF,IF2005,2020-04-13 10:58:46.600,3737.2000,10746,0,3959409120.000,0,-,-,-,-,3737.2000,3737.0000,3736.4000,3736.0000,3735.6000,3738.2000,3738.4000,3738.6000,3738.8000,3739.4000,1,4,1,1,1,2,1,1,1,3
SF,IF2005,2020-04-13 10:58:47.100,3737.2000,10746,0,3959409120.000,0,-,-,-,-,3737.2000,3737.0000,3736.4000,3736.0000,3735.6000,3738.2000,3738.4000,3738.6000,3738.8000,3739.4000,1,4,1,1,1,1,1,1,1,3
SF,IF2005,2020-04-13 10:58:47.600,3737.2000,10746,0,3959409120.000,0,-,-,-,-,3737.2000,3737.0000,3736.4000,3736.0000,3735.6000,3738.0000,3738.2000,3738.4000,3738.6000,3738.8000,1,4,1,1,1,1,1,1,1,1
SF,IF2005,2020-04-13 10:58:48.600,3737.2000,10746,0,3959409120.000,0,-,-,-,-,3737.2000,3737.0000,3736.4000,3736.0000,3735.6000,3738.0000,3738.2000,3738.4000,3738.8000,3739.4000,1,4,1,1,1,1,1,1,1,3
SF,IF2005,2020-04-13 10:58:49.100,3737.2000,10746,0,3959409120.000,0,-,-,-,-,3737.2000,3737.0000,3736.4000,3736.0000,3735.6000,3738.0000,3738.2000,3738.4000,3738.8000,3739.4000,2,4,1,1,1,1,1,1,1,3
SF,IF2005,2020-04-13 10:58:51.100,3738.0000,10747,1,3960530520.000,1,1,0,双开,S,3737.2000,3737.0000,3736.4000,3736.0000,3735.6000,3738.0000,3738.2000,3738.4000,3738.8000,3739.4000,2,4,1,1,1,6,1,1,1,3
SF,IF2005,2020-04-13 10:58:51.600,3738.0000,10747,0,3960530520.000,0,-,-,-,-,3737.2000,3737.0000,3736.4000,3736.0000,3735.6000,3738.0000,3738.2000,3738.4000,3738.8000,3739.4000,2,4,1,1,1,5,1,1,1,3
SF,IF2005,2020-04-13 10:58:52.100,3738.0000,10747,0,3960530520.000,0,-,-,-,-,3737.2000,3737.0000,3736.4000,3736.0000,3735.6000,3738.0000,3738.2000,3738.4000,3738.8000,3739.4000,2,4,1,1,1,5,2,1,1,3
SF,IF2005,2020-04-13 10:58:52.600,3738.0000,10747,0,3960530520.000,0,-,-,-,-,3737.2000,3737.0000,3736.4000,3736.0000,3735.6000,3737.8000,3738.0000,3738.2000,3738.4000,3738.8000,2,4,1,1,1,1,5,2,1,1
SF,IF2005,2020-04-13 10:58:53.600,3738.0000,10747,0,3960530520.000,0,-,-,-,-,3737.2000,3737.0000,3736.4000,3736.0000,3735.6000,3737.8000,3738.0000,3738.2000,3738.8000,3739.4000,2,4,1,1,1,1,5,2,1,3
SF,IF2005,2020-04-13 10:58:54.100,3738.0000,10747,0,3960530520.000,0,-,-,-,-,3737.2000,3737.0000,3736.4000,3736.0000,3735.6000,3737.8000,3738.0000,3738.2000,3738.8000,3739.4000,1,4,1,1,1,1,5,2,1,3
SF,IF2005,2020-04-13 10:58:54.600,3737.2000,10747,0,3961651680.000,1,0,1,多换,S,3737.0000,3736.4000,3736.0000,3735.6000,3735.2000,3737.8000,3738.0000,3738.2000,3738.8000,3739.4000,3,1,1,1,2,1,5,2,1,3
SF,IF2005,2020-04-13 10:58:55.600,3737.2000,10747,0,3961651680.000,0,-,-,-,-,3737.0000,3736.4000,3736.0000,3735.6000,3735.2000,3737.8000,3738.0000,3738.2000,3738.8000,3739.4000,2,1,1,1,2,1,5,2,1,3
SF,IF2005,2020-04-13 10:58:56.100,3737.2000,10747,0,3961651680.000,0,-,-,-,-,3737.0000,3736.4000,3736.0000,3735.6000,3735.2000,3737.8000,3738.0000,3738.2000,3738.8000,3739.4000,2,1,1,1,2,1,6,2,1,3
SF,IF2005,2020-04-13 10:58:56.600,3737.8000,10748,1,3962773020.000,1,1,0,双开,S,3737.0000,3736.4000,3736.0000,3735.6000,3735.2000,3737.6000,3738.0000,3738.2000,3738.8000,3739.4000,2,1,1,1,2,1,6,2,1,3
SF,IF2005,2020-04-13 10:58:58.100,3737.6000,10749,1,3963894300.000,1,1,0,双开,S,3737.0000,3736.4000,3736.0000,3735.6000,3735.2000,3737.6000,3738.0000,3738.2000,3738.8000,3739.4000,2,1,1,1,2,1,6,2,1,3
SF,IF2005,2020-04-13 10:58:58.600,3737.6000,10749,0,3963894300.000,0,-,-,-,-,3737.0000,3736.4000,3736.0000,3735.6000,3735.2000,3737.6000,3738.0000,3738.2000,3738.8000,3739.4000,2,1,1,1,2,1,7,2,1,3
SF,IF2005,2020-04-13 10:58:59.100,3737.6000,10749,0,3965015580.000,1,0,1,多换,S,3737.6000,3737.4000,3737.2000,3737.0000,3736.0000,3738.0000,3738.2000,3738.8000,3739.4000,3739.8000,1,2,6,2,1,7,2,1,3,1
SF,IF2005,2020-04-13 10:58:59.600,3737.6000,10749,0,3965015580.000,0,-,-,-,-,3737.6000,3737.4000,3737.0000,3736.0000,3735.6000,3738.0000,3738.2000,3738.8000,3739.4000,3739.8000,1,1,2,1,1,7,2,1,3,1
SF,IF2005,2020-04-13 10:59:00.100,3737.4000,10750,1,3967258080.000,2,1,1,空开,S,3737.2000,3737.0000,3736.0000,3735.6000,3735.2000,3738.0000,3738.2000,3738.8000,3739.4000,3739.8000,1,2,1,1,2,7,2,1,3,1
SF,IF2005,2020-04-13 10:59:02.100,3737.0000,10751,1,3969500340.000,2,1,1,空开,S,3737.0000,3736.0000,3735.6000,3735.2000,3735.0000,3738.0000,3738.2000,3738.8000,3739.4000,3739.8000,1,1,1,2,3,7,2,1,3,1
SF,IF2005,2020-04-13 10:59:02.600,3737.0000,10751,0,3969500340.000,0,-,-,-,-,3737.0000,3736.8000,3736.0000,3735.6000,3735.2000,3738.0000,3738.2000,3738.8000,3739.4000,3739.8000,1,1,1,1,2,7,2,1,3,1
SF,IF2005,2020-04-13 10:59:03.100,3737.0000,10751,0,3969500340.000,0,-,-,-,-,3737.0000,3736.8000,3736.0000,3735.6000,3735.2000,3737.8000,3738.0000,3738.2000,3738.8000,3739.4000,1,1,1,1,2,1,7,1,1,3
SF,IF2005,2020-04-13 10:59:05.100,3737.8000,10751,0,3970621680.000,1,0,1,多换,S,3737.2000,3737.0000,3736.8000,3736.0000,3735.6000,3738.0000,3738.2000,3738.8000,3739.4000,3739.8000,1,1,1,1,1,7,1,1,3,1
SF,IF2005,2020-04-13 10:59:05.600,3737.8000,10751,0,3970621680.000,0,-,-,-,-,3737.4000,3737.2000,3737.0000,3736.8000,3736.0000,3738.0000,3738.2000,3738.8000,3739.4000,3739.8000,1,1,1,1,1,7,1,1,3,1
SF,IF2005,2020-04-13 10:59:06.100,3737.4000,10750,-1,3971742900.000,1,0,1,双平,S,3737.2000,3737.0000,3736.8000,3736.0000,3735.6000,3738.0000,3738.2000,3738.8000,3739.4000,3739.8000,1,1,1,1,1,7,1,1,3,1
SF,IF2005,2020-04-13 10:59:07.600,3737.4000,10750,0,3971742900.000,0,-,-,-,-,3737.6000,3737.4000,3737.2000,3737.0000,3736.8000,3738.0000,3738.2000,3738.8000,3739.4000,3739.8000,1,2,5,1,1,7,1,1,3,1
SF,IF2005,2020-04-13 10:59:08.100,3737.4000,10750,0,3971742900.000,0,-,-,-,-,3737.4000,3737.2000,3737.0000,3736.8000,3736.0000,3738.0000,3738.2000,3738.8000,3739.4000,3739.8000,1,5,1,1,1,7,1,1,3,1
SF,IF2005,2020-04-13 10:59:08.600,3737.4000,10750,0,3971742900.000,0,-,-,-,-,3737.4000,3737.2000,3737.0000,3736.8000,3736.0000,3738.0000,3738.2000,3738.8000,3739.4000,3739.8000,1,1,1,1,1,7,1,1,3,1
SF,IF2005,2020-04-13 10:59:13.100,3737.4000,10750,0,3971742900.000,0,-,-,-,-,3737.8000,3737.6000,3737.4000,3737.2000,3737.0000,3738.0000,3738.2000,3738.8000,3739.4000,3739.8000,1,2,1,1,1,7,1,1,3,1
SF,IF2005,2020-04-13 10:59:13.600,3738.0000,10750,0,3972864300.000,1,0,1,多换,S,3737.6000,3737.4000,3737.0000,3736.8000,3736.0000,3738.0000,3738.2000,3738.8000,3739.4000,3739.8000,2,1,1,1,1,6,1,1,3,1
SF,IF2005,2020-04-13 10:59:14.100,3738.0000,10750,0,3977349900.000,4,2,2,多换,S,3737.6000,3737.4000,3737.0000,3736.8000,3736.0000,3738.0000,3738.2000,3738.8000,3739.4000,3739.8000,2,1,1,1,1,2,1,1,1,1
SF,IF2005,2020-04-13 10:59:14.600,3738.0000,10751,1,3978471300.000,1,1,0,双开,S,3737.6000,3737.4000,3737.0000,3736.8000,3736.0000,3738.0000,3738.2000,3738.8000,3739.4000,3739.8000,2,1,1,1,1,2,1,1,1,1
SF,IF2005,2020-04-13 10:59:15.600,3738.0000,10751,0,3978471300.000,0,-,-,-,-,3737.6000,3737.4000,3737.0000,3736.8000,3736.0000,3738.0000,3738.2000,3738.8000,3739.4000,3739.8000,3,1,1,1,1,2,1,1,1,1
SF,IF2005,2020-04-13 10:59:16.100,3738.0000,10753,2,3980714100.000,2,2,0,双开,S,3737.6000,3737.4000,3737.0000,3736.8000,3736.0000,3738.2000,3738.8000,3739.4000,3739.8000,3740.2000,3,1,1,1,1,1,1,1,1,1
SF,IF2005,2020-04-13 10:59:16.600,3738.0000,10753,0,3980714100.000,0,-,-,-,-,3738.0000,3737.8000,3737.6000,3737.4000,3737.0000,3738.2000,3738.8000,3739.4000,3739.8000,3740.2000,1,1,3,1,1,1,1,1,1,1
SF,IF2005,2020-04-13 10:59:19.100,3738.0000,10753,0,3981835500.000,1,0,1,多换,S,3737.8000,3737.6000,3737.4000,3737.0000,3736.8000,3738.2000,3738.8000,3739.4000,3739.8000,3740.2000,1,1,1,1,1,1,1,1,1,1
SF,IF2005,2020-04-13 10:59:20.100,3738.0000,10753,0,3981835500.000,0,-,-,-,-,3738.0000,3737.8000,3737.6000,3737.4000,3737.0000,3738.2000,3738.8000,3739.4000,3739.8000,3740.2000,2,1,1,1,1,1,1,1,1,1
SF,IF2005,2020-04-13 10:59:22.600,3738.0000,10753,0,3981835500.000,0,-,-,-,-,3738.0000,3737.8000,3737.6000,3737.0000,3736.8000,3738.2000,3738.8000,3739.4000,3739.8000,3740.2000,2,1,1,1,1,1,1,1,1,1
SF,IF2005,2020-04-13 10:59:23.100,3738.2000,10752,-1,3982956960.000,1,0,1,双平,S,3738.0000,3737.8000,3737.6000,3737.0000,3736.0000,3738.8000,3739.4000,3739.8000,3740.2000,3740.4000,3,1,1,1,1,1,1,1,1,2
SF,IF2005,2020-04-13 10:59:23.600,3738.2000,10752,0,3982956960.000,0,-,-,-,-,3738.0000,3737.8000,3737.6000,3737.0000,3736.0000,3738.6000,3738.8000,3739.4000,3739.8000,3740.2000,3,1,1,1,1,1,1,1,1,1
SF,IF2005,2020-04-13 10:59:24.600,3738.2000,10752,0,3982956960.000,0,-,-,-,-,3737.8000,3737.6000,3737.4000,3737.0000,3736.0000,3738.6000,3738.8000,3739.4000,3739.8000,3740.2000,1,1,1,1,1,1,1,1,1,1
SF,IF2005,2020-04-13 10:59:25.600,3738.2000,10752,0,3982956960.000,0,-,-,-,-,3738.2000,3737.8000,3737.6000,3737.4000,3737.0000,3738.6000,3738.8000,3739.4000,3739.8000,3740.2000,2,1,1,1,1,1,1,1,1,1
SF,IF2005,2020-04-13 10:59:26.600,3738.2000,10752,0,3982956960.000,0,-,-,-,-,3738.2000,3737.8000,3737.6000,3737.4000,3737.0000,3738.6000,3738.8000,3739.4000,3739.8000,3740.2000,2,1,1,1,1,1,1,1,1,1
SF,IF2005,2020-04-13 10:59:27.100,3738.2000,10752,0,3985199880.000,2,1,1,多换,S,3737.6000,3737.4000,3737.0000,3736.0000,3735.6000,3738.6000,3738.8000,3739.4000,3739.8000,3740.2000,1,1,1,1,1,1,1,1,1,1
SF,IF2005,2020-04-13 10:59:27.600,3738.2000,10752,0,3985199880.000,0,-,-,-,-,3737.6000,3737.4000,3737.0000,3736.0000,3735.6000,3738.2000,3738.6000,3738.8000,3739.4000,3739.8000,1,1,1,1,1,1,1,1,1,1
SF,IF2005,2020-04-13 10:59:28.100,3738.2000,10752,0,3985199880.000,0,-,-,-,-,3737.6000,3737.4000,3737.0000,3736.0000,3735.6000,3738.2000,3738.6000,3738.8000,3739.4000,3739.8000,1,1,1,1,1,1,1,1,1,1
SF,IF2005,2020-04-13 10:59:28.600,3738.2000,10752,0,3985199880.000,0,-,-,-,-,3737.6000,3737.4000,3737.0000,3736.0000,3735.6000,3738.2000,3738.6000,3738.8000,3739.4000,3739.8000,1,1,1,1,1,1,1,1,1,1
SF,IF2005,2020-04-13 10:59:29.100,3738.2000,10752,0,3985199880.000,0,-,-,-,-,3737.6000,3737.4000,3737.0000,3736.0000,3735.6000,3738.2000,3738.6000,3738.8000,3739.4000,3739.8000,1,1,1,1,1,1,1,1,3,1
SF,IF2005,2020-04-13 10:59:29.600,3738.2000,10753,1,3986321340.000,1,1,0,双开,S,3737.6000,3737.4000,3737.0000,3736.0000,3735.6000,3738.2000,3738.6000,3738.8000,3739.4000,3739.8000,1,1,1,1,1,1,1,1,3,1
SF,IF2005,2020-04-13 10:59:30.100,3738.2000,10753,0,3986321340.000,0,-,-,-,-,3737.6000,3737.4000,3737.0000,3736.0000,3735.6000,3738.2000,3738.6000,3738.8000,3739.4000,3739.8000,1,1,1,1,1,1,1,1,3,1
SF,IF2005,2020-04-13 10:59:30.600,3738.2000,10753,0,3986321340.000,0,-,-,-,-,3737.6000,3737.4000,3737.0000,3736.0000,3735.6000,3738.0000,3738.2000,3738.6000,3738.8000,3739.4000,1,1,1,1,1,1,1,1,1,1
SF,IF2005,2020-04-13 10:59:31.100,3738.0000,10754,1,3987442740.000,1,1,0,双开,S,3737.6000,3737.4000,3737.0000,3736.0000,3735.6000,3738.2000,3738.6000,3738.8000,3739.4000,3739.8000,1,1,1,1,1,1,1,1,1,1
SF,IF2005,2020-04-13 10:59:31.600,3738.0000,10754,0,3987442740.000,0,-,-,-,-,3737.6000,3737.4000,3737.0000,3736.0000,3735.6000,3738.2000,3738.6000,3738.8000,3739.4000,3739.8000,1,1,1,1,1,1,1,1,1,1
SF,IF2005,2020-04-13 10:59:32.100,3738.0000,10754,0,3987442740.000,0,-,-,-,-,3737.6000,3737.4000,3737.0000,3736.0000,3735.6000,3738.2000,3738.6000,3738.8000,3739.4000,3739.8000,1,1,1,1,1,1,1,1,1,1
SF,IF2005,2020-04-13 10:59:32.600,3738.0000,10754,0,3987442740.000,0,-,-,-,-,3737.6000,3737.4000,3737.0000,3736.0000,3735.6000,3738.2000,3738.8000,3739.4000,3739.8000,3740.2000,1,1,1,1,1,1,1,1,1,1
SF,IF2005,2020-04-13 10:59:33.100,3738.0000,10754,0,3987442740.000,0,-,-,-,-,3737.6000,3737.4000,3737.0000,3736.0000,3735.6000,3738.2000,3738.8000,3739.4000,3739.8000,3740.2000,1,1,1,1,1,1,1,1,1,1
SF,IF2005,2020-04-13 10:59:33.600,3738.0000,10754,0,3987442740.000,0,-,-,-,-,3737.6000,3737.4000,3737.0000,3736.0000,3735.6000,3738.2000,3738.8000,3739.4000,3739.8000,3740.2000,1,1,1,1,1,1,1,1,1,1
SF,IF2005,2020-04-13 10:59:34.100,3737.6000,10755,1,3988564020.000,1,1,0,双开,S,3737.4000,3737.0000,3736.0000,3735.6000,3735.2000,3738.2000,3738.8000,3739.4000,3739.8000,3740.2000,1,1,1,1,2,1,1,1,1,1
SF,IF2005,2020-04-13 10:59:35.100,3737.6000,10755,0,3988564020.000,0,-,-,-,-,3737.4000,3737.0000,3736.0000,3735.6000,3735.2000,3738.2000,3738.8000,3739.4000,3739.8000,3740.2000,1,1,1,1,2,1,1,1,1,1
SF,IF2005,2020-04-13 10:59:35.600,3737.6000,10755,0,3988564020.000,0,-,-,-,-,3737.0000,3736.8000,3736.0000,3735.6000,3735.2000,3738.2000,3738.8000,3739.4000,3739.8000,3740.2000,1,1,1,1,2,1,1,1,1,1
SF,IF2005,2020-04-13 10:59:36.100,3737.6000,10755,0,3988564020.000,0,-,-,-,-,3737.2000,3737.0000,3736.8000,3736.0000,3735.6000,3738.0000,3738.2000,3738.8000,3739.4000,3739.8000,1,1,1,1,1,1,1,1,1,1
SF,IF2005,2020-04-13 10:59:36.600,3737.6000,10755,0,3988564020.000,0,-,-,-,-,3737.2000,3737.0000,3736.8000,3736.0000,3735.6000,3738.0000,3738.2000,3738.8000,3739.4000,3739.8000,1,1,1,1,1,2,1,1,1,1
SF,IF2005,2020-04-13 10:59:37.100,3738.0000,10755,0,3989685420.000,1,0,1,多换,S,3738.0000,3737.2000,3737.0000,3736.8000,3736.0000,3738.2000,3738.8000,3739.4000,3739.8000,3740.2000,1,1,1,1,1,1,1,3,1,1
SF,IF2005,2020-04-13 10:59:37.600,3738.0000,10755,0,3990806820.000,1,0,1,多换,S,3737.2000,3737.0000,3736.8000,3736.0000,3735.6000,3738.0000,3738.2000,3738.8000,3739.4000,3739.8000,1,1,1,1,1,1,1,1,3,1
SF,IF2005,2020-04-13 10:59:38.100,3738.0000,10755,0,3990806820.000,0,-,-,-,-,3737.2000,3737.0000,3736.8000,3736.0000,3735.6000,3738.2000,3738.8000,3739.4000,3739.8000,3740.2000,1,1,1,1,1,1,1,3,1,1
SF,IF2005,2020-04-13 10:59:38.600,3738.0000,10755,0,3990806820.000,0,-,-,-,-,3737.2000,3737.0000,3736.8000,3736.0000,3735.6000,3738.2000,3738.8000,3739.4000,3739.8000,3740.2000,1,1,1,1,1,1,1,3,1,1
SF,IF2005,2020-04-13 10:59:39.100,3738.0000,10755,0,3990806820.000,0,-,-,-,-,3737.2000,3737.0000,3736.8000,3736.0000,3735.6000,3738.2000,3738.8000,3739.4000,3739.8000,3740.2000,1,1,1,1,1,1,1,3,1,1
SF,IF2005,2020-04-13 10:59:39.600,3738.0000,10755,0,3990806820.000,0,-,-,-,-,3737.6000,3737.2000,3737.0000,3736.8000,3736.0000,3738.2000,3738.8000,3739.4000,3739.8000,3740.2000,1,1,1,1,1,1,1,3,1,1
SF,IF2005,2020-04-13 10:59:40.100,3738.0000,10755,0,3990806820.000,0,-,-,-,-,3737.6000,3737.4000,3737.2000,3737.0000,3736.8000,3738.2000,3738.8000,3739.4000,3739.8000,3740.2000,2,1,1,1,1,1,1,3,1,1
SF,IF2005,2020-04-13 10:59:40.600,3738.2000,10756,1,3991928280.000,1,1,0,双开,S,3737.6000,3737.4000,3737.2000,3737.0000,3736.8000,3738.8000,3739.4000,3739.8000,3740.2000,3740.6000,2,1,1,1,1,1,3,1,1,1
SF,IF2005,2020-04-13 10:59:41.100,3738.2000,10756,0,3991928280.000,0,-,-,-,-,3737.8000,3737.6000,3737.4000,3737.0000,3736.8000,3738.6000,3738.8000,3739.4000,3739.8000,3740.2000,1,2,1,1,1,1,1,1,1,1
SF,IF2005,2020-04-13 10:59:41.600,3738.2000,10756,0,3991928280.000,0,-,-,-,-,3737.8000,3737.6000,3737.4000,3737.0000,3736.8000,3738.6000,3738.8000,3739.4000,3739.8000,3740.2000,1,2,1,1,1,1,1,1,1,1
SF,IF2005,2020-04-13 10:59:42.100,3738.2000,10756,0,3991928280.000,0,-,-,-,-,3737.6000,3737.4000,3737.0000,3736.8000,3736.0000,3738.6000,3738.8000,3739.4000,3739.8000,3740.2000,2,1,1,1,1,1,1,1,1,1
SF,IF2005,2020-04-13 10:59:42.600,3738.2000,10756,0,3991928280.000,0,-,-,-,-,3737.6000,3737.4000,3737.0000,3736.8000,3736.0000,3738.4000,3738.6000,3738.8000,3739.4000,3739.8000,2,1,1,1,1,2,2,1,1,1
SF,IF2005,2020-04-13 10:59:43.100,3738.2000,10756,0,3991928280.000,0,-,-,-,-,3737.6000,3737.4000,3737.0000,3736.8000,3736.0000,3738.4000,3738.6000,3738.8000,3739.4000,3739.8000,2,1,1,1,1,2,1,1,1,3
SF,IF2005,2020-04-13 10:59:43.600,3738.2000,10756,0,3991928280.000,0,-,-,-,-,3737.6000,3737.4000,3737.0000,3736.8000,3736.0000,3738.4000,3738.6000,3738.8000,3739.4000,3739.8000,2,1,1,1,1,2,1,1,1,3
SF,IF2005,2020-04-13 10:59:44.100,3738.2000,10756,0,3991928280.000,0,-,-,-,-,3737.6000,3737.4000,3737.0000,3736.8000,3736.0000,3738.4000,3738.6000,3738.8000,3739.4000,3739.8000,2,1,1,1,1,2,1,1,1,3
SF,IF2005,2020-04-13 10:59:44.600,3738.4000,10756,0,3993049800.000,1,0,1,多换,S,3737.6000,3737.4000,3737.0000,3736.8000,3736.0000,3738.4000,3738.6000,3738.8000,3739.4000,3739.8000,2,1,1,1,1,1,1,1,1,3
SF,IF2005,2020-04-13 10:59:45.100,3738.4000,10756,0,3993049800.000,0,-,-,-,-,3737.6000,3737.4000,3737.0000,3736.8000,3736.0000,3738.4000,3738.6000,3738.8000,3739.4000,3739.8000,2,1,1,1,1,1,1,1,1,3
SF,IF2005,2020-04-13 10:59:45.600,3738.4000,10756,0,3993049800.000,0,-,-,-,-,3737.6000,3737.4000,3737.0000,3736.8000,3736.0000,3738.4000,3738.6000,3738.8000,3739.4000,3739.8000,2,1,1,1,1,1,1,1,1,3
SF,IF2005,2020-04-13 10:59:46.100,3738.4000,10756,0,3993049800.000,0,-,-,-,-,3737.6000,3737.4000,3737.0000,3736.8000,3736.0000,3738.4000,3738.6000,3738.8000,3739.4000,3739.8000,2,1,1,1,1,2,1,1,1,3
SF,IF2005,2020-04-13 10:59:47.100,3738.4000,10756,0,3993049800.000,0,-,-,-,-,3737.6000,3737.4000,3737.0000,3736.8000,3736.0000,3738.4000,3738.6000,3738.8000,3739.4000,3739.8000,2,1,1,1,1,1,1,1,1,3
SF,IF2005,2020-04-13 10:59:47.600,3738.4000,10756,0,3993049800.000,0,-,-,-,-,3737.6000,3737.4000,3737.0000,3736.8000,3736.0000,3738.4000,3738.6000,3738.8000,3739.4000,3739.8000,2,1,1,1,1,1,1,1,1,3
SF,IF2005,2020-04-13 10:59:48.100,3738.4000,10756,0,3993049800.000,0,-,-,-,-,3737.6000,3737.4000,3737.0000,3736.8000,3736.0000,3738.4000,3738.6000,3738.8000,3739.4000,3739.8000,2,1,1,1,1,1,1,1,1,3
SF,IF2005,2020-04-13 10:59:49.100,3738.4000,10756,0,3993049800.000,0,-,-,-,-,3737.6000,3737.4000,3737.0000,3736.8000,3736.0000,3738.4000,3738.6000,3738.8000,3739.4000,3739.8000,2,1,1,1,1,1,1,1,1,3
SF,IF2005,2020-04-13 10:59:49.600,3738.4000,10756,0,3993049800.000,0,-,-,-,-,3737.6000,3737.4000,3737.0000,3736.8000,3736.0000,3738.4000,3738.6000,3738.8000,3739.4000,3739.8000,2,1,1,1,1,1,1,1,1,3
SF,IF2005,2020-04-13 10:59:50.100,3738.4000,10756,0,3993049800.000,0,-,-,-,-,3737.6000,3737.4000,3737.0000,3736.8000,3736.0000,3738.4000,3738.6000,3738.8000,3739.4000,3739.8000,2,1,1,1,1,2,1,1,1,3
SF,IF2005,2020-04-13 10:59:51.100,3738.4000,10756,0,3993049800.000,0,-,-,-,-,3737.6000,3737.4000,3737.0000,3736.8000,3736.0000,3738.4000,3738.6000,3738.8000,3739.4000,3739.8000,2,1,1,1,1,1,1,1,1,3
SF,IF2005,2020-04-13 10:59:51.600,3738.4000,10756,0,3993049800.000,0,-,-,-,-,3737.6000,3737.4000,3737.0000,3736.8000,3736.0000,3738.4000,3738.6000,3738.8000,3739.4000,3739.8000,2,1,1,1,1,1,1,1,1,3
SF,IF2005,2020-04-13 10:59:52.100,3738.4000,10756,0,3993049800.000,0,-,-,-,-,3737.6000,3737.4000,3737.0000,3736.8000,3736.0000,3738.4000,3738.6000,3738.8000,3739.4000,3739.8000,2,1,1,1,1,2,1,1,1,3
SF,IF2005,2020-04-13 10:59:52.600,3738.4000,10756,0,3993049800.000,0,-,-,-,-,3737.6000,3737.4000,3737.0000,3736.8000,3736.0000,3738.4000,3738.6000,3738.8000,3739.4000,3739.8000,2,1,1,1,1,2,1,1,1,3
SF,IF2005,2020-04-13 10:59:53.100,3738.4000,10756,0,3993049800.000,0,-,-,-,-,3737.6000,3737.4000,3737.0000,3736.8000,3736.0000,3738.4000,3738.6000,3738.8000,3739.4000,3739.8000,2,1,1,1,1,1,1,1,1,3
SF,IF2005,2020-04-13 10:59:53.600,3738.4000,10756,0,3993049800.000,0,-,-,-,-,3737.6000,3737.4000,3737.0000,3736.8000,3736.0000,3738.4000,3738.6000,3738.8000,3739.4000,3739.8000,2,1,1,1,1,1,1,1,1,3
SF,IF2005,2020-04-13 10:59:54.100,3738.4000,10756,0,3993049800.000,0,-,-,-,-,3737.6000,3737.4000,3737.0000,3736.8000,3736.0000,3738.4000,3738.6000,3738.8000,3739.4000,3739.8000,2,1,1,1,1,2,1,1,1,3
SF,IF2005,2020-04-13 10:59:54.600,3738.4000,10756,0,3993049800.000,0,-,-,-,-,3737.6000,3737.4000,3736.8000,3736.0000,3735.6000,3738.4000,3738.6000,3738.8000,3739.4000,3739.8000,2,1,1,1,1,1,1,1,1,3
SF,IF2005,2020-04-13 10:59:55.100,3738.4000,10756,0,3993049800.000,0,-,-,-,-,3737.6000,3737.4000,3736.8000,3736.0000,3735.6000,3738.6000,3738.8000,3739.4000,3739.8000,3740.2000,2,1,1,1,1,1,1,1,3,1
SF,IF2005,2020-04-13 10:59:55.600,3738.4000,10756,0,3993049800.000,0,-,-,-,-,3737.8000,3737.6000,3736.8000,3736.0000,3735.6000,3738.6000,3738.8000,3739.4000,3739.8000,3740.2000,1,2,1,1,1,1,1,1,3,1
SF,IF2005,2020-04-13 10:59:56.100,3738.4000,10756,0,3993049800.000,0,-,-,-,-,3737.8000,3737.6000,3736.8000,3736.0000,3735.6000,3738.6000,3738.8000,3739.4000,3739.8000,3740.2000,1,2,1,1,1,2,1,1,3,1
SF,IF2005,2020-04-13 10:59:56.600,3738.4000,10756,0,3993049800.000,0,-,-,-,-,3737.8000,3737.6000,3736.8000,3736.0000,3735.6000,3738.6000,3738.8000,3739.4000,3739.8000,3740.2000,1,2,1,1,1,2,1,1,3,1
SF,IF2005,2020-04-13 10:59:57.100,3738.4000,10756,0,3993049800.000,0,-,-,-,-,3738.4000,3737.8000,3737.6000,3736.8000,3736.0000,3738.6000,3738.8000,3739.4000,3739.8000,3740.2000,1,1,2,1,1,2,1,1,3,1
SF,IF2005,2020-04-13 10:59:57.600,3738.4000,10756,0,3994171320.000,1,0,1,多换,S,3737.8000,3737.6000,3736.8000,3736.0000,3735.6000,3738.0000,3738.4000,3738.6000,3738.8000,3739.4000,1,2,1,1,1,1,1,2,1,1
SF,IF2005,2020-04-13 10:59:58.100,3738.4000,10756,0,3994171320.000,0,-,-,-,-,3737.8000,3737.6000,3736.8000,3736.0000,3735.6000,3738.0000,3738.4000,3738.6000,3738.8000,3739.4000,1,2,1,1,1,1,1,2,1,1
SF,IF2005,2020-04-13 10:59:58.600,3738.4000,10756,0,3994171320.000,0,-,-,-,-,3737.8000,3737.6000,3736.8000,3736.0000,3735.6000,3738.0000,3738.4000,3738.6000,3738.8000,3739.4000,1,2,1,1,1,2,1,2,1,1
SF,IF2005,2020-04-13 10:59:59.100,3738.4000,10756,0,3994171320.000,0,-,-,-,-,3737.8000,3737.6000,3736.8000,3736.0000,3735.6000,3738.0000,3738.4000,3738.6000,3738.8000,3739.4000,1,2,1,1,1,1,1,2,1,1
SF,IF2005,2020-04-13 10:59:59.600,3738.4000,10756,0,3994171320.000,0,-,-,-,-,3737.8000,3737.6000,3736.8000,3736.0000,3735.6000,3738.0000,3738.4000,3738.6000,3738.8000,3739.4000,1,2,1,1,1,2,1,2,1,1
SF,IF2005,2020-04-13 11:00:00.100,3738.0000,10756,0,3996414120.000,2,1,1,多换,S,3738.0000,3737.8000,3737.6000,3736.8000,3736.0000,3738.4000,3738.6000,3738.8000,3739.4000,3739.8000,2,1,2,1,1,1,2,1,1,3
SF,IF2005,2020-04-13 11:00:00.600,3738.0000,10756,0,3996414120.000,0,-,-,-,-,3737.8000,3737.6000,3736.8000,3736.0000,3735.6000,3738.4000,3738.6000,3738.8000,3739.4000,3739.8000,1,2,1,1,1,1,1,1,1,3
SF,IF2005,2020-04-13 11:00:01.100,3738.0000,10757,1,3998657040.000,2,1,1,空开,S,3738.4000,3737.8000,3737.6000,3736.8000,3736.0000,3738.8000,3739.4000,3739.8000,3740.2000,3740.6000,1,1,2,1,1,1,1,3,1,1
SF,IF2005,2020-04-13 11:00:01.600,3738.0000,10757,0,3998657040.000,0,-,-,-,-,3737.6000,3736.8000,3736.0000,3735.6000,3735.2000,3738.8000,3739.4000,3739.8000,3740.2000,3740.6000,2,1,1,1,2,1,1,3,1,1
SF,IF2005,2020-04-13 11:00:02.100,3738.0000,10757,0,3998657040.000,0,-,-,-,-,3738.0000,3737.8000,3737.6000,3736.8000,3736.0000,3738.8000,3739.4000,3739.8000,3740.2000,3740.6000,1,3,2,1,1,1,1,3,1,1
SF,IF2005,2020-04-13 11:00:02.600,3738.0000,10757,0,3998657040.000,0,-,-,-,-,3738.0000,3737.8000,3737.6000,3736.8000,3736.0000,3738.8000,3739.4000,3739.8000,3740.2000,3740.6000,1,3,2,1,1,1,1,3,1,1
SF,IF2005,2020-04-13 11:00:03.100,3738.8000,10758,1,3999778680.000,1,1,0,双开,S,3738.4000,3737.8000,3737.6000,3736.8000,3736.0000,3739.4000,3739.8000,3740.2000,3740.6000,3740.8000,1,3,2,1,1,1,3,1,1,1
SF,IF2005,2020-04-13 11:00:03.600,3738.8000,10758,0,3999778680.000,0,-,-,-,-,3738.2000,3737.8000,3737.6000,3736.0000,3735.6000,3739.4000,3739.8000,3740.2000,3740.6000,3740.8000,3,1,2,1,1,1,3,1,1,1
SF,IF2005,2020-04-13 11:00:04.100,3738.8000,10758,0,3999778680.000,0,-,-,-,-,3738.8000,3738.4000,3738.2000,3737.6000,3736.0000,3739.4000,3739.8000,3740.2000,3740.6000,3740.8000,1,1,3,2,1,1,1,1,1,1
SF,IF2005,2020-04-13 11:00:04.600,3738.8000,10757,-1,4000900320.000,1,0,1,双平,S,3738.4000,3738.2000,3737.6000,3736.0000,3735.6000,3739.4000,3739.8000,3740.2000,3740.6000,3740.8000,1,3,2,1,1,1,1,1,1,1
SF,IF2005,2020-04-13 11:00:05.100,3738.8000,10757,0,4000900320.000,0,-,-,-,-,3738.4000,3738.2000,3737.6000,3736.0000,3735.6000,3739.4000,3739.8000,3740.2000,3740.6000,3740.8000,1,2,2,1,1,1,1,1,1,1
SF,IF2005,2020-04-13 11:00:05.600,3738.6000,10757,0,4002021900.000,1,0,1,多换,S,3738.4000,3738.2000,3737.6000,3736.0000,3735.6000,3739.2000,3739.4000,3739.8000,3740.2000,3740.6000,1,2,2,1,1,1,1,1,1,1
SF,IF2005,2020-04-13 11:00:06.600,3738.6000,10757,0,4002021900.000,0,-,-,-,-,3738.4000,3738.2000,3737.6000,3736.0000,3735.6000,3738.8000,3739.2000,3739.4000,3739.8000,3740.2000,1,2,2,1,1,1,1,1,1,1
SF,IF2005,2020-04-13 11:00:07.100,3738.8000,10757,0,4003143540.000,1,0,1,多换,S,3738.8000,3738.4000,3738.2000,3737.6000,3736.0000,3739.4000,3739.8000,3740.2000,3740.6000,3740.8000,1,1,2,2,1,1,1,1,1,1
SF,IF2005,2020-04-13 11:00:07.600,3738.8000,10757,0,4003143540.000,0,-,-,-,-,3738.4000,3738.2000,3737.6000,3736.0000,3735.6000,3739.4000,3739.8000,3740.2000,3740.6000,3740.8000,1,2,2,1,1,1,1,1,1,1
SF,IF2005,2020-04-13 11:00:08.100,3739.4000,10757,0,4004265360.000,1,0,1,多换,S,3738.4000,3738.2000,3737.6000,3736.0000,3735.6000,3739.8000,3740.2000,3740.6000,3740.8000,3741.0000,1,2,2,1,1,1,1,1,1,2
SF,IF2005,2020-04-13 11:00:08.600,3739.4000,10757,0,4004265360.000,0,-,-,-,-,3738.6000,3738.4000,3738.2000,3737.6000,3736.0000,3739.6000,3739.8000,3740.2000,3740.6000,3740.8000,1,1,2,2,1,1,1,1,1,1
SF,IF2005,2020-04-13 11:00:09.600,3739.4000,10757,0,4004265360.000,0,-,-,-,-,3738.6000,3738.4000,3738.2000,3737.6000,3736.0000,3739.6000,3739.8000,3740.2000,3740.6000,3740.8000,1,1,1,2,1,1,1,1,1,1
SF,IF2005,2020-04-13 11:00:15.600,3739.4000,10757,0,4004265360.000,0,-,-,-,-,3738.6000,3738.4000,3738.2000,3737.6000,3736.0000,3739.6000,3739.8000,3740.2000,3740.6000,3740.8000,1,1,1,1,1,1,1,1,1,1
SF,IF2005,2020-04-13 11:00:18.600,3739.4000,10757,0,4004265360.000,0,-,-,-,-,3738.6000,3738.4000,3738.2000,3737.6000,3736.0000,3739.4000,3739.6000,3739.8000,3740.2000,3740.6000,1,1,1,1,1,2,1,1,1,1
SF,IF2005,2020-04-13 11:00:19.600,3739.4000,10757,0,4005387180.000,1,0,1,多换,S,3738.4000,3738.2000,3737.6000,3736.0000,3735.6000,3739.4000,3739.6000,3739.8000,3740.2000,3740.6000,1,1,1,1,1,1,1,1,1,1
SF,IF2005,2020-04-13 11:00:20.100,3739.4000,10757,0,4007630820.000,2,1,1,多换,S,3738.2000,3737.6000,3736.0000,3735.6000,3735.2000,3739.8000,3740.2000,3740.6000,3740.8000,3741.0000,1,1,1,1,2,1,1,1,1,2
SF,IF2005,2020-04-13 11:00:20.600,3739.4000,10757,0,4007630820.000,0,-,-,-,-,3738.4000,3738.2000,3737.6000,3736.0000,3735.6000,3739.6000,3739.8000,3740.2000,3740.6000,3740.8000,1,1,1,1,1,2,2,1,1,1
SF,IF2005,2020-04-13 11:00:21.100,3739.4000,10757,0,4007630820.000,0,-,-,-,-,3738.4000,3738.2000,3737.6000,3736.0000,3735.6000,3739.6000,3739.8000,3740.2000,3740.6000,3740.8000,2,1,1,1,1,2,2,1,1,1
SF,IF2005,2020-04-13 11:00:21.600,3739.4000,10757,0,4007630820.000,0,-,-,-,-,3738.4000,3738.2000,3737.6000,3736.0000,3735.6000,3739.6000,3739.8000,3740.2000,3740.6000,3740.8000,2,1,1,1,1,2,1,1,1,1
SF,IF2005,2020-04-13 11:00:22.600,3739.4000,10757,0,4007630820.000,0,-,-,-,-,3738.4000,3738.2000,3737.6000,3736.0000,3735.6000,3739.6000,3739.8000,3740.0000,3740.2000,3740.6000,2,1,1,1,1,2,1,2,1,1
SF,IF2005,2020-04-13 11:00:24.100,3738.4000,10756,-1,4008752340.000,1,0,1,双平,S,3738.4000,3738.2000,3737.6000,3736.0000,3735.6000,3739.6000,3739.8000,3740.0000,3740.2000,3740.6000,1,1,1,1,1,2,1,2,1,1
SF,IF2005,2020-04-13 11:00:24.600,3738.4000,10756,0,4008752340.000,0,-,-,-,-,3738.6000,3738.4000,3738.2000,3737.6000,3736.0000,3739.6000,3739.8000,3740.0000,3740.2000,3740.6000,1,1,1,1,1,2,1,2,1,1
SF,IF2005,2020-04-13 11:00:25.100,3738.4000,10756,0,4008752340.000,0,-,-,-,-,3738.6000,3738.4000,3738.2000,3738.0000,3737.6000,3739.6000,3739.8000,3740.0000,3740.2000,3740.6000,1,1,1,1,1,1,1,2,1,1
SF,IF2005,2020-04-13 11:00:25.600,3738.4000,10756,0,4008752340.000,0,-,-,-,-,3738.8000,3738.6000,3738.2000,3738.0000,3737.6000,3739.6000,3739.8000,3740.0000,3740.2000,3740.6000,1,1,1,1,1,1,1,2,1,1
SF,IF2005,2020-04-13 11:00:26.100,3738.4000,10756,0,4008752340.000,0,-,-,-,-,3738.8000,3738.6000,3738.2000,3738.0000,3737.6000,3739.6000,3739.8000,3740.2000,3740.6000,3740.8000,1,1,1,1,1,1,1,1,1,1
SF,IF2005,2020-04-13 11:00:26.600,3738.4000,10756,0,4008752340.000,0,-,-,-,-,3738.6000,3738.2000,3738.0000,3737.6000,3736.0000,3739.6000,3739.8000,3740.2000,3740.6000,3740.8000,1,1,1,1,1,2,1,1,1,1
SF,IF2005,2020-04-13 11:00:28.600,3738.4000,10756,0,4008752340.000,0,-,-,-,-,3738.6000,3738.2000,3738.0000,3737.6000,3736.0000,3739.6000,3739.8000,3740.2000,3740.6000,3740.8000,2,1,1,1,1,2,1,1,1,1
SF,IF2005,2020-04-13 11:00:30.100,3738.4000,10756,0,4008752340.000,0,-,-,-,-,3738.6000,3738.2000,3738.0000,3737.6000,3736.0000,3739.6000,3739.8000,3740.2000,3740.6000,3740.8000,2,1,1,1,1,2,1,1,1,1
SF,IF2005,2020-04-13 11:00:30.600,3738.6000,10756,0,4009873920.000,1,0,1,多换,S,3738.6000,3738.2000,3738.0000,3737.6000,3736.0000,3739.6000,3739.8000,3740.2000,3740.6000,3740.8000,1,1,1,1,1,2,1,1,1,1
SF,IF2005,2020-04-13 11:00:31.100,3738.6000,10756,0,4009873920.000,0,-,-,-,-,3738.6000,3738.2000,3738.0000,3737.6000,3736.0000,3739.4000,3739.6000,3739.8000,3740.2000,3740.6000,1,1,1,1,1,1,2,1,1,1
SF,IF2005,2020-04-13 11:00:31.600,3738.6000,10756,0,4009873920.000,0,-,-,-,-,3738.6000,3738.2000,3738.0000,3737.6000,3736.0000,3739.4000,3739.6000,3739.8000,3740.2000,3740.6000,1,2,1,1,1,1,2,1,1,1
SF,IF2005,2020-04-13 11:00:33.600,3738.6000,10756,0,4009873920.000,0,-,-,-,-,3738.6000,3738.2000,3738.0000,3736.0000,3735.6000,3739.4000,3739.6000,3739.8000,3740.2000,3740.6000,1,2,1,1,1,1,2,1,1,1
SF,IF2005,2020-04-13 11:00:35.100,3738.6000,10757,1,4010995500.000,1,1,0,双开,S,3738.2000,3738.0000,3736.0000,3735.6000,3735.2000,3739.4000,3739.6000,3739.8000,3740.2000,3740.6000,2,1,1,1,2,1,2,1,1,1
SF,IF2005,2020-04-13 11:00:35.600,3738.6000,10757,0,4010995500.000,0,-,-,-,-,3738.4000,3738.2000,3738.0000,3736.0000,3735.6000,3739.4000,3739.6000,3739.8000,3740.2000,3740.6000,2,2,1,1,1,1,2,1,1,1
SF,IF2005,2020-04-13 11:00:38.100,3738.4000,10757,0,4013238540.000,2,1,1,多换,S,3738.2000,3738.0000,3736.0000,3735.6000,3735.2000,3739.4000,3739.6000,3739.8000,3740.2000,3740.6000,2,1,1,1,2,1,2,1,1,1
SF,IF2005,2020-04-13 11:00:38.600,3738.4000,10757,0,4013238540.000,0,-,-,-,-,3738.2000,3738.0000,3737.6000,3736.0000,3735.6000,3739.0000,3739.2000,3739.4000,3739.6000,3739.8000,1,1,1,1,1,1,2,1,1,1
SF,IF2005,2020-04-13 11:00:39.100,3738.4000,10757,0,4013238540.000,0,-,-,-,-,3738.2000,3738.0000,3737.6000,3736.0000,3735.6000,3738.8000,3739.0000,3739.2000,3739.6000,3739.8000,1,1,1,1,1,1,1,1,1,1
SF,IF2005,2020-04-13 11:00:40.100,3738.2000,10758,1,4014360000.000,1,1,0,双开,S,3738.4000,3738.0000,3737.6000,3736.0000,3735.6000,3738.8000,3739.0000,3739.2000,3739.6000,3739.8000,1,1,1,1,1,1,1,1,1,1
SF,IF2005,2020-04-13 11:00:40.600,3738.0000,10760,2,4016602860.000,2,2,0,双开,S,3737.6000,3736.0000,3735.6000,3735.2000,3735.0000,3738.2000,3738.4000,3738.6000,3738.8000,3739.6000,1,1,1,2,2,1,4,1,1,1
SF,IF2005,2020-04-13 11:00:41.100,3737.8000,10761,1,4018845480.000,2,1,1,空开,S,3736.0000,3735.6000,3735.2000,3735.0000,3734.2000,3738.0000,3738.2000,3738.4000,3738.6000,3739.6000,1,1,2,2,2,1,2,4,7,1
SF,IF2005,2020-04-13 11:00:41.600,3737.8000,10761,0,4018845480.000,0,-,-,-,-,3736.4000,3736.2000,3736.0000,3735.6000,3735.2000,3737.8000,3738.0000,3738.2000,3738.4000,3738.6000,2,4,1,1,2,3,1,2,4,7
SF,IF2005,2020-04-13 11:00:42.100,3737.8000,10761,0,4018845480.000,0,-,-,-,-,3736.4000,3736.2000,3736.0000,3735.6000,3735.2000,3737.6000,3737.8000,3738.4000,3738.6000,3739.0000,2,2,1,1,2,1,2,4,6,2
SF,IF2005,2020-04-13 11:00:42.600,3737.8000,10761,0,4018845480.000,0,-,-,-,-,3736.4000,3736.2000,3735.6000,3735.2000,3735.0000,3737.6000,3737.8000,3738.4000,3738.6000,3739.0000,1,1,1,2,2,2,1,4,6,2
SF,IF2005,2020-04-13 11:00:43.100,3737.8000,10761,0,4018845480.000,0,-,-,-,-,3736.4000,3736.2000,3735.2000,3735.0000,3734.2000,3737.6000,3737.8000,3738.4000,3738.6000,3739.0000,1,1,2,2,2,2,1,4,6,2
SF,IF2005,2020-04-13 11:00:44.600,3737.8000,10761,0,4018845480.000,0,-,-,-,-,3736.4000,3736.2000,3735.8000,3735.2000,3735.0000,3737.4000,3737.6000,3738.4000,3738.6000,3739.0000,1,1,1,2,2,1,3,4,6,2
SF,IF2005,2020-04-13 11:00:45.100,3737.8000,10761,0,4019966820.000,1,0,1,多换,S,3736.4000,3736.2000,3735.8000,3735.2000,3735.0000,3737.6000,3738.4000,3738.6000,3739.0000,3739.6000,1,1,1,2,2,2,4,1,2,1
SF,IF2005,2020-04-13 11:00:45.600,3737.6000,10761,0,4021088100.000,1,0,1,多换,S,3736.4000,3736.2000,3735.8000,3735.2000,3735.0000,3737.6000,3738.4000,3738.6000,3739.0000,3739.6000,1,1,1,2,2,1,4,1,2,1
SF,IF2005,2020-04-13 11:00:46.100,3737.6000,10761,0,4021088100.000,0,-,-,-,-,3736.6000,3736.4000,3735.8000,3735.2000,3735.0000,3738.4000,3738.6000,3739.0000,3739.6000,3739.8000,1,1,1,2,2,4,1,2,1,1
SF,IF2005,2020-04-13 11:00:46.600,3737.6000,10761,0,4021088100.000,0,-,-,-,-,3736.6000,3736.4000,3735.8000,3735.2000,3735.0000,3737.8000,3738.0000,3738.2000,3738.4000,3739.0000,1,1,1,2,2,1,7,2,4,2
SF,IF2005,2020-04-13 11:00:47.100,3737.6000,10761,0,4021088100.000,0,-,-,-,-,3736.6000,3736.4000,3735.8000,3735.2000,3735.0000,3737.6000,3737.8000,3738.0000,3738.2000,3738.4000,1,1,1,2,2,1,2,1,1,5
SF,IF2005,2020-04-13 11:00:47.600,3737.6000,10761,0,4021088100.000,0,-,-,-,-,3736.4000,3735.8000,3735.2000,3735.0000,3734.2000,3737.4000,3737.6000,3737.8000,3738.0000,3738.2000,1,1,2,2,2,1,7,1,1,1
SF,IF2005,2020-04-13 11:00:48.100,3737.6000,10761,0,4021088100.000,0,-,-,-,-,3736.4000,3735.8000,3735.2000,3735.0000,3734.2000,3737.4000,3737.6000,3737.8000,3738.0000,3738.2000,1,1,2,2,2,1,7,1,1,1
SF,IF2005,2020-04-13 11:00:48.600,3737.6000,10761,0,4021088100.000,0,-,-,-,-,3736.4000,3735.8000,3735.2000,3735.0000,3734.2000,3737.2000,3737.4000,3737.6000,3737.8000,3738.0000,1,1,2,2,2,1,1,6,1,1
SF,IF2005,2020-04-13 11:00:49.600,3736.4000,10761,0,4022209020.000,1,0,1,多换,S,3735.8000,3735.2000,3735.0000,3734.2000,3734.0000,3737.0000,3737.2000,3737.4000,3737.6000,3737.8000,1,1,2,2,1,1,1,1,6,1
SF,IF2005,2020-04-13 11:00:50.100,3736.4000,10762,1,4023329940.000,1,1,0,双开,S,3735.8000,3735.2000,3735.0000,3734.2000,3734.0000,3736.8000,3737.0000,3737.4000,3737.6000,3737.8000,1,1,2,2,1,1,1,1,6,1
SF,IF2005,2020-04-13 11:00:50.600,3736.4000,10762,0,4023329940.000,0,-,-,-,-,3735.8000,3735.2000,3735.0000,3734.2000,3734.0000,3736.8000,3737.0000,3737.4000,3737.6000,3737.8000,1,1,2,2,1,1,1,1,5,3
SF,IF2005,2020-04-13 11:00:51.100,3736.4000,10762,0,4023329940.000,0,-,-,-,-,3735.2000,3735.0000,3734.2000,3734.0000,3733.6000,3736.8000,3737.0000,3737.4000,3737.6000,3737.8000,1,2,2,1,1,1,1,1,5,3
SF,IF2005,2020-04-13 11:00:51.600,3736.4000,10762,0,4023329940.000,0,-,-,-,-,3735.6000,3735.4000,3735.2000,3735.0000,3734.2000,3736.8000,3737.0000,3737.4000,3737.6000,3737.8000,1,3,4,2,2,1,1,1,5,2
SF,IF2005,2020-04-13 11:00:52.100,3736.4000,10762,0,4023329940.000,0,-,-,-,-,3735.8000,3735.6000,3735.2000,3735.0000,3734.2000,3736.8000,3737.0000,3737.4000,3737.6000,3737.8000,1,1,1,2,2,1,1,1,5,2
SF,IF2005,2020-04-13 11:00:53.100,3736.4000,10762,0,4023329940.000,0,-,-,-,-,3735.8000,3735.6000,3735.2000,3735.0000,3734.2000,3736.8000,3737.0000,3737.4000,3737.6000,3737.8000,1,1,1,1,2,1,1,1,5,2
SF,IF2005,2020-04-13 11:00:54.100,3735.6000,10762,0,4025571360.000,2,1,1,多换,S,3735.2000,3735.0000,3734.2000,3734.0000,3733.6000,3736.6000,3736.8000,3737.4000,3737.6000,3737.8000,1,1,1,1,1,7,1,1,5,2
SF,IF2005,2020-04-13 11:00:54.600,3735.6000,10762,0,4025571360.000,0,-,-,-,-,3735.2000,3735.0000,3734.2000,3734.0000,3733.6000,3736.2000,3736.4000,3736.6000,3737.4000,3737.6000,1,1,1,1,1,1,1,6,1,5
SF,IF2005,2020-04-13 11:00:55.100,3735.6000,10762,0,4025571360.000,0,-,-,-,-,3735.0000,3734.6000,3734.2000,3734.0000,3733.6000,3736.0000,3736.2000,3736.4000,3736.6000,3737.4000,1,1,1,1,1,1,2,5,5,1
SF,IF2005,2020-04-13 11:00:55.600,3735.6000,10762,0,4025571360.000,0,-,-,-,-,3735.0000,3734.6000,3734.2000,3734.0000,3733.6000,3735.8000,3736.0000,3736.2000,3737.4000,3737.8000,1,1,1,1,1,1,1,2,1,2
SF,IF2005,2020-04-13 11:00:56.100,3735.6000,10762,0,4025571360.000,0,-,-,-,-,3735.0000,3734.6000,3734.2000,3734.0000,3733.6000,3735.8000,3736.0000,3736.2000,3737.4000,3737.8000,1,1,1,1,1,1,1,2,1,2
SF,IF2005,2020-04-13 11:00:56.600,3735.0000,10762,0,4026691860.000,1,0,1,多换,S,3734.6000,3734.2000,3734.0000,3733.6000,3733.4000,3735.6000,3735.8000,3736.2000,3737.4000,3737.8000,1,1,1,1,3,1,1,1,1,2
SF,IF2005,2020-04-13 11:00:57.100,3735.6000,10762,0,4027812540.000,1,0,1,多换,S,3734.6000,3734.2000,3734.0000,3733.6000,3733.4000,3735.8000,3736.2000,3737.4000,3737.8000,3738.0000,1,1,1,1,3,1,1,1,2,1
SF,IF2005,2020-04-13 11:00:57.600,3735.6000,10762,0,4027812540.000,0,-,-,-,-,3734.8000,3734.6000,3734.2000,3734.0000,3733.6000,3735.8000,3736.2000,3737.4000,3737.8000,3738.0000,1,1,1,1,1,1,1,1,2,1
SF,IF2005,2020-04-13 11:00:59.100,3734.8000,10761,-1,4028932980.000,1,0,1,双平,S,3734.6000,3734.2000,3734.0000,3733.6000,3733.4000,3735.8000,3736.2000,3737.4000,3738.0000,3738.2000,1,1,1,1,3,1,1,1,1,1
SF,IF2005,2020-04-13 11:00:59.600,3734.8000,10761,0,4028932980.000,0,-,-,-,-,3734.6000,3734.2000,3734.0000,3733.6000,3733.4000,3735.6000,3735.8000,3736.2000,3736.8000,3737.4000,1,1,1,1,3,2,1,1,2,1
SF,IF2005,2020-04-13 11:01:00.100,3734.8000,10761,0,4028932980.000,0,-,-,-,-,3734.6000,3734.2000,3734.0000,3733.6000,3733.4000,3735.6000,3735.8000,3736.8000,3737.4000,3738.0000,1,1,1,1,3,2,1,2,1,1
SF,IF2005,2020-04-13 11:01:00.600,3734.8000,10761,0,4028932980.000,0,-,-,-,-,3734.6000,3734.2000,3734.0000,3733.6000,3733.4000,3735.6000,3735.8000,3736.8000,3737.4000,3738.0000,1,1,1,1,3,2,1,2,1,1
SF,IF2005,2020-04-13 11:01:01.100,3734.8000,10761,0,4028932980.000,0,-,-,-,-,3734.6000,3734.2000,3734.0000,3733.6000,3733.4000,3735.6000,3736.8000,3737.4000,3738.0000,3738.2000,1,1,1,1,3,2,2,1,1,1
SF,IF2005,2020-04-13 11:01:01.600,3735.6000,10761,0,4031174340.000,2,1,1,多换,S,3735.0000,3734.8000,3734.6000,3734.2000,3734.0000,3736.8000,3737.4000,3738.0000,3738.2000,3738.4000,1,2,1,1,1,2,1,1,1,1
SF,IF2005,2020-04-13 11:01:02.100,3735.6000,10761,0,4031174340.000,0,-,-,-,-,3735.2000,3734.8000,3734.6000,3734.2000,3734.0000,3736.2000,3736.4000,3736.6000,3736.8000,3737.4000,1,1,1,1,1,2,5,2,2,1
SF,IF2005,2020-04-13 11:01:02.600,3735.6000,10761,0,4031174340.000,0,-,-,-,-,3734.8000,3734.6000,3734.2000,3734.0000,3733.6000,3736.0000,3736.2000,3736.4000,3736.6000,3736.8000,1,1,1,1,1,1,7,6,2,3
SF,IF2005,2020-04-13 11:01:03.100,3735.6000,10761,0,4031174340.000,0,-,-,-,-,3734.8000,3734.6000,3734.2000,3734.0000,3733.6000,3735.2000,3736.0000,3736.2000,3736.4000,3736.6000,1,1,1,1,1,1,1,2,1,2
SF,IF2005,2020-04-13 11:01:03.600,3734.8000,10760,-1,4032294780.000,1,0,1,双平,S,3734.0000,3733.6000,3733.4000,3732.4000,3731.0000,3735.2000,3735.8000,3736.0000,3736.4000,3736.6000,1,1,3,2,4,1,2,1,1,2
SF,IF2005,2020-04-13 11:01:04.100,3734.8000,10760,0,4032294780.000,0,-,-,-,-,3734.2000,3734.0000,3733.6000,3733.4000,3732.4000,3735.2000,3735.8000,3736.0000,3736.4000,3736.6000,2,1,1,3,2,1,2,1,1,2
SF,IF2005,2020-04-13 11:01:04.600,3734.8000,10760,0,4032294780.000,0,-,-,-,-,3734.4000,3734.2000,3734.0000,3733.6000,3733.4000,3735.2000,3735.8000,3736.0000,3736.4000,3736.6000,1,4,1,1,3,1,2,1,1,2
SF,IF2005,2020-04-13 11:01:05.100,3734.8000,10760,0,4032294780.000,0,-,-,-,-,3734.2000,3734.0000,3733.6000,3733.4000,3732.4000,3735.2000,3735.8000,3736.0000,3736.4000,3736.6000,2,1,1,3,2,1,1,1,1,2
SF,IF2005,2020-04-13 11:01:05.600,3734.8000,10760,0,4032294780.000,0,-,-,-,-,3734.2000,3734.0000,3733.6000,3733.4000,3732.4000,3735.2000,3735.8000,3736.0000,3736.4000,3736.6000,2,1,1,3,2,1,1,1,1,2
SF,IF2005,2020-04-13 11:01:06.100,3735.2000,10761,1,4033415340.000,1,1,0,双开,S,3734.6000,3734.4000,3734.2000,3734.0000,3733.6000,3735.8000,3736.0000,3736.4000,3736.6000,3736.8000,1,2,4,1,1,1,1,1,2,5
SF,IF2005,2020-04-13 11:01:06.600,3735.2000,10761,0,4033415340.000,0,-,-,-,-,3734.2000,3734.0000,3733.6000,3733.4000,3732.4000,3735.4000,3735.6000,3735.8000,3736.4000,3736.6000,2,1,1,3,2,1,1,1,1,2
SF,IF2005,2020-04-13 11:01:07.100,3735.2000,10761,0,4033415340.000,0,-,-,-,-,3735.0000,3734.2000,3734.0000,3733.6000,3733.4000,3735.2000,3735.4000,3735.8000,3736.4000,3736.6000,1,2,1,1,3,1,1,1,1,2
SF,IF2005,2020-04-13 11:01:07.600,3735.0000,10761,0,4034535840.000,1,0,1,多换,S,3734.2000,3734.0000,3733.6000,3733.4000,3732.4000,3734.8000,3735.0000,3735.2000,3736.4000,3736.6000,1,1,1,3,2,1,3,1,1,2
SF,IF2005,2020-04-13 11:01:08.100,3735.0000,10761,0,4034535840.000,0,-,-,-,-,3734.0000,3733.6000,3733.4000,3732.4000,3731.0000,3735.0000,3735.2000,3736.4000,3736.6000,3736.8000,1,1,3,2,4,3,1,1,2,5
SF,IF2005,2020-04-13 11:01:09.100,3735.0000,10761,0,4034535840.000,0,-,-,-,-,3734.0000,3733.4000,3732.4000,3731.0000,3730.8000,3735.0000,3735.2000,3736.4000,3736.6000,3736.8000,1,3,2,4,1,3,1,1,2,5
SF,IF2005,2020-04-13 11:01:09.600,3735.0000,10761,0,4034535840.000,0,-,-,-,-,3734.0000,3733.4000,3732.4000,3731.0000,3730.8000,3734.8000,3735.0000,3736.4000,3736.6000,3736.8000,1,3,2,4,1,2,3,1,2,5
SF,IF2005,2020-04-13 11:01:10.100,3735.0000,10761,0,4034535840.000,0,-,-,-,-,3734.0000,3733.4000,3732.4000,3731.0000,3730.8000,3734.8000,3735.0000,3736.4000,3736.6000,3736.8000,1,3,2,4,1,2,3,1,2,5
SF,IF2005,2020-04-13 11:01:10.600,3734.0000,10762,1,4035656040.000,1,1,0,双开,S,3733.6000,3733.4000,3732.4000,3731.0000,3730.8000,3734.8000,3735.0000,3736.4000,3736.6000,3736.8000,1,3,2,4,1,2,3,1,2,5
SF,IF2005,2020-04-13 11:01:11.100,3734.0000,10762,0,4035656040.000,0,-,-,-,-,3733.6000,3733.4000,3732.4000,3731.0000,3730.8000,3734.4000,3734.8000,3735.0000,3736.4000,3736.6000,1,1,2,4,1,1,1,3,1,2
SF,IF2005,2020-04-13 11:01:11.600,3733.6000,10763,1,4036776120.000,1,1,0,双开,S,3733.4000,3732.4000,3731.0000,3730.8000,3730.4000,3734.4000,3734.6000,3734.8000,3735.0000,3736.4000,1,2,4,1,3,1,1,1,3,1
SF,IF2005,2020-04-13 11:01:12.100,3733.4000,10764,1,4037896140.000,1,1,0,双开,S,3733.2000,3732.4000,3731.0000,3730.8000,3730.4000,3734.4000,3734.6000,3734.8000,3735.0000,3735.8000,1,2,4,1,3,1,1,1,3,2
SF,IF2005,2020-04-13 11:01:12.600,3733.4000,10764,0,4037896140.000,0,-,-,-,-,3733.4000,3733.2000,3732.4000,3731.0000,3730.8000,3734.4000,3734.6000,3734.8000,3735.0000,3735.8000,1,1,2,4,1,1,1,1,3,2
SF,IF2005,2020-04-13 11:01:13.100,3733.4000,10764,0,4037896140.000,0,-,-,-,-,3733.4000,3733.2000,3732.4000,3731.0000,3730.8000,3734.4000,3734.6000,3734.8000,3735.0000,3735.8000,1,1,2,4,1,1,1,1,3,2
SF,IF2005,2020-04-13 11:01:15.100,3733.4000,10763,-1,4039016160.000,1,0,1,双平,S,3733.2000,3732.4000,3731.0000,3730.8000,3730.4000,3734.4000,3734.6000,3734.8000,3735.0000,3735.8000,1,2,4,1,3,1,1,1,3,2
SF,IF2005,2020-04-13 11:01:15.600,3733.4000,10763,0,4039016160.000,0,-,-,-,-,3733.4000,3733.2000,3732.4000,3731.0000,3730.8000,3734.4000,3734.6000,3734.8000,3735.0000,3735.8000,2,3,2,4,1,1,1,1,3,2
SF,IF2005,2020-04-13 11:01:16.100,3733.4000,10763,0,4039016160.000,0,-,-,-,-,3733.6000,3733.4000,3733.2000,3732.4000,3731.0000,3734.4000,3734.8000,3735.0000,3735.8000,3736.4000,1,2,3,2,4,1,1,3,2,1
SF,IF2005,2020-04-13 11:01:16.600,3733.4000,10763,0,4039016160.000,0,-,-,-,-,3733.2000,3732.4000,3731.0000,3730.8000,3730.4000,3734.2000,3734.4000,3735.0000,3735.8000,3736.4000,3,2,4,1,3,1,1,3,2,1
SF,IF2005,2020-04-13 11:01:17.100,3733.4000,10763,0,4039016160.000,0,-,-,-,-,3733.2000,3732.4000,3731.0000,3730.8000,3730.4000,3734.2000,3734.4000,3735.0000,3735.8000,3736.4000,1,2,4,1,3,1,1,3,2,1
SF,IF2005,2020-04-13 11:01:18.100,3733.4000,10763,0,4039016160.000,0,-,-,-,-,3733.2000,3732.4000,3731.0000,3730.8000,3730.4000,3734.0000,3734.2000,3735.0000,3735.8000,3736.4000,1,2,4,1,2,1,1,3,2,1
SF,IF2005,2020-04-13 11:01:18.600,3733.4000,10763,0,4039016160.000,0,-,-,-,-,3733.2000,3732.4000,3731.0000,3730.8000,3730.4000,3733.8000,3734.0000,3734.2000,3735.0000,3735.8000,1,2,4,1,2,1,1,1,3,2
SF,IF2005,2020-04-13 11:01:19.100,3733.2000,10764,1,4040136120.000,1,1,0,双开,S,3733.0000,3732.6000,3732.4000,3731.0000,3730.8000,3733.8000,3734.0000,3734.2000,3735.0000,3735.8000,1,1,2,4,1,1,1,1,3,2
SF,IF2005,2020-04-13 11:01:19.600,3733.2000,10764,0,4040136120.000,0,-,-,-,-,3733.0000,3732.6000,3732.4000,3731.0000,3730.8000,3733.6000,3733.8000,3734.0000,3735.0000,3735.8000,1,1,2,4,1,1,1,1,3,2
SF,IF2005,2020-04-13 11:01:20.100,3733.2000,10764,0,4040136120.000,0,-,-,-,-,3733.2000,3733.0000,3732.6000,3732.4000,3731.0000,3733.6000,3733.8000,3734.0000,3735.0000,3735.8000,2,1,1,2,4,1,1,1,3,2
SF,IF2005,2020-04-13 11:01:20.600,3733.2000,10764,0,4040136120.000,0,-,-,-,-,3733.6000,3733.2000,3733.0000,3732.6000,3732.4000,3733.8000,3734.0000,3735.0000,3735.8000,3736.4000,1,2,1,1,2,1,1,3,2,1
SF,IF2005,2020-04-13 11:01:21.100,3733.8000,10764,0,4041256260.000,1,0,1,多换,S,3733.2000,3733.0000,3732.6000,3732.4000,3731.0000,3735.0000,3735.8000,3736.4000,3736.6000,3736.8000,2,1,1,2,4,3,2,1,2,2
SF,IF2005,2020-04-13 11:01:21.600,3733.8000,10764,0,4041256260.000,0,-,-,-,-,3733.4000,3733.2000,3733.0000,3732.6000,3732.4000,3734.6000,3734.8000,3735.0000,3735.8000,3736.4000,1,2,1,1,2,1,7,3,2,1
SF,IF2005,2020-04-13 11:01:22.100,3734.4000,10764,0,4042376580.000,1,0,1,多换,S,3733.4000,3733.2000,3733.0000,3732.6000,3732.4000,3734.6000,3734.8000,3735.0000,3735.8000,3736.4000,1,2,1,1,2,1,1,3,2,1
SF,IF2005,2020-04-13 11:01:23.100,3734.4000,10764,0,4042376580.000,0,-,-,-,-,3733.4000,3733.2000,3733.0000,3732.6000,3732.4000,3734.4000,3734.6000,3734.8000,3735.0000,3735.8000,1,2,1,1,2,5,1,1,3,2
SF,IF2005,2020-04-13 11:01:23.600,3734.4000,10764,0,4042376580.000,0,-,-,-,-,3733.4000,3733.2000,3733.0000,3732.6000,3732.4000,3734.2000,3734.4000,3734.8000,3735.0000,3735.8000,1,2,1,1,2,1,5,1,3,2
SF,IF2005,2020-04-13 11:01:24.100,3734.4000,10764,0,4042376580.000,0,-,-,-,-,3733.4000,3733.2000,3733.0000,3732.6000,3732.4000,3734.2000,3734.8000,3735.0000,3735.8000,3736.4000,1,2,1,1,2,1,1,3,2,1
SF,IF2005,2020-04-13 11:01:24.600,3734.4000,10764,0,4042376580.000,0,-,-,-,-,3733.4000,3733.2000,3733.0000,3732.6000,3732.4000,3734.2000,3734.8000,3735.0000,3735.8000,3736.4000,1,2,1,1,2,1,1,3,2,1
SF,IF2005,2020-04-13 11:01:25.100,3734.4000,10764,0,4042376580.000,0,-,-,-,-,3733.4000,3733.0000,3732.6000,3732.4000,3730.8000,3734.8000,3735.0000,3735.8000,3736.4000,3736.6000,1,1,1,2,1,1,3,2,1,2
SF,IF2005,2020-04-13 11:01:25.600,3734.4000,10764,0,4042376580.000,0,-,-,-,-,3733.4000,3733.0000,3732.6000,3732.4000,3730.8000,3734.6000,3734.8000,3735.0000,3735.8000,3736.4000,1,1,1,2,1,2,1,3,2,1
SF,IF2005,2020-04-13 11:01:26.100,3734.4000,10764,0,4042376580.000,0,-,-,-,-,3734.4000,3733.4000,3733.0000,3732.6000,3732.4000,3734.6000,3734.8000,3735.0000,3735.8000,3736.4000,2,1,1,1,2,2,1,3,2,1
SF,IF2005,2020-04-13 11:01:26.600,3734.4000,10764,0,4044617220.000,2,1,1,多换,S,3733.4000,3733.0000,3732.6000,3732.4000,3730.8000,3734.6000,3734.8000,3735.0000,3735.8000,3736.4000,1,1,1,2,1,1,1,3,2,1
SF,IF2005,2020-04-13 11:01:29.100,3734.6000,10764,0,4045737600.000,1,0,1,多换,S,3733.8000,3733.6000,3733.4000,3733.0000,3732.6000,3735.0000,3735.8000,3736.4000,3736.6000,3736.8000,1,5,1,1,1,3,2,1,2,2
SF,IF2005,2020-04-13 11:01:29.600,3734.6000,10764,0,4045737600.000,0,-,-,-,-,3734.0000,3733.6000,3733.0000,3732.6000,3732.4000,3735.0000,3735.8000,3736.4000,3736.6000,3736.8000,1,5,1,1,2,3,2,1,2,2
SF,IF2005,2020-04-13 11:01:30.100,3734.6000,10764,0,4045737600.000,0,-,-,-,-,3734.0000,3733.6000,3733.0000,3732.6000,3732.4000,3734.8000,3735.0000,3735.8000,3736.4000,3736.6000,1,5,1,1,2,1,3,2,1,2
SF,IF2005,2020-04-13 11:01:30.600,3734.6000,10764,0,4045737600.000,0,-,-,-,-,3734.0000,3733.6000,3733.0000,3732.6000,3732.4000,3734.8000,3735.0000,3735.8000,3736.4000,3736.6000,1,1,1,1,2,1,3,2,1,2
SF,IF2005,2020-04-13 11:01:33.100,3734.6000,10764,0,4045737600.000,0,-,-,-,-,3734.0000,3733.6000,3733.0000,3732.6000,3732.4000,3734.6000,3734.8000,3735.0000,3735.8000,3736.4000,1,1,1,1,2,1,1,3,2,1
SF,IF2005,2020-04-13 11:01:35.600,3734.6000,10764,0,4045737600.000,0,-,-,-,-,3734.0000,3733.6000,3733.0000,3732.6000,3732.4000,3734.2000,3734.6000,3734.8000,3735.0000,3735.8000,1,1,1,1,2,1,1,1,3,2
SF,IF2005,2020-04-13 11:01:36.100,3734.2000,10764,0,4046857860.000,1,0,1,多换,S,3734.2000,3734.0000,3733.6000,3733.0000,3732.6000,3734.6000,3734.8000,3735.0000,3735.8000,3736.4000,1,1,1,1,1,1,1,3,2,1
SF,IF2005,2020-04-13 11:01:36.600,3734.2000,10764,0,4046857860.000,0,-,-,-,-,3734.0000,3733.6000,3733.0000,3732.6000,3732.4000,3734.6000,3734.8000,3735.0000,3735.8000,3736.4000,1,1,1,1,2,1,1,3,2,1
SF,IF2005,2020-04-13 11:01:38.600,3734.6000,10764,0,4047978240.000,1,0,1,多换,S,3734.0000,3733.6000,3733.0000,3732.6000,3732.4000,3734.8000,3735.0000,3735.8000,3736.4000,3736.6000,1,1,1,1,2,1,3,2,1,2
SF,IF2005,2020-04-13 11:01:39.100,3734.6000,10764,0,4047978240.000,0,-,-,-,-,3734.2000,3734.0000,3733.6000,3732.6000,3732.4000,3734.8000,3736.4000,3736.6000,3736.8000,3737.8000,1,1,1,1,2,1,1,2,2,1
SF,IF2005,2020-04-13 11:01:39.600,3734.6000,10764,0,4047978240.000,0,-,-,-,-,3734.2000,3734.0000,3733.6000,3732.6000,3732.4000,3734.8000,3736.4000,3736.6000,3736.8000,3737.8000,1,1,1,1,2,1,1,2,4,1
SF,IF2005,2020-04-13 11:01:40.100,3734.6000,10764,0,4047978240.000,0,-,-,-,-,3734.2000,3734.0000,3733.6000,3732.6000,3732.4000,3734.8000,3736.4000,3736.6000,3736.8000,3737.8000,1,1,1,1,2,1,1,2,4,1
SF,IF2005,2020-04-13 11:01:40.600,3734.8000,10764,0,4049098680.000,1,0,1,多换,S,3734.2000,3734.0000,3732.6000,3732.4000,3730.8000,3736.4000,3736.6000,3736.8000,3737.8000,3738.0000,1,1,1,2,1,1,2,4,1,1
SF,IF2005,2020-04-13 11:01:41.100,3734.8000,10764,0,4049098680.000,0,-,-,-,-,3734.4000,3734.2000,3732.6000,3732.4000,3730.8000,3735.6000,3735.8000,3736.0000,3736.2000,3736.4000,1,1,1,2,1,1,5,1,2,1
SF,IF2005,2020-04-13 11:01:41.600,3734.4000,10764,0,4050219000.000,1,0,1,多换,S,3734.2000,3732.6000,3732.4000,3730.8000,3730.4000,3735.6000,3735.8000,3736.0000,3736.2000,3736.4000,1,1,2,1,2,1,5,1,2,1
SF,IF2005,2020-04-13 11:01:42.100,3734.4000,10764,0,4050219000.000,0,-,-,-,-,3734.2000,3732.6000,3732.4000,3730.8000,3730.4000,3735.4000,3735.6000,3735.8000,3736.0000,3736.2000,1,1,2,1,2,1,1,5,1,1
SF,IF2005,2020-04-13 11:01:42.600,3734.4000,10764,0,4050219000.000,0,-,-,-,-,3734.2000,3732.6000,3732.4000,3730.8000,3730.4000,3735.4000,3735.6000,3735.8000,3736.2000,3736.4000,1,1,2,1,2,6,1,5,1,1
SF,IF2005,2020-04-13 11:01:43.100,3734.4000,10764,0,4050219000.000,0,-,-,-,-,3734.2000,3732.6000,3732.4000,3730.8000,3730.4000,3735.2000,3735.4000,3735.8000,3736.2000,3736.4000,1,1,2,1,2,1,6,5,1,1
SF,IF2005,2020-04-13 11:01:43.600,3734.4000,10764,0,4050219000.000,0,-,-,-,-,3734.2000,3732.6000,3732.4000,3730.8000,3730.4000,3735.0000,3735.2000,3735.4000,3735.8000,3736.2000,1,1,2,1,2,1,1,5,5,1
SF,IF2005,2020-04-13 11:01:44.100,3734.2000,10765,1,4051339260.000,1,1,0,双开,S,3733.8000,3732.6000,3732.4000,3730.8000,3730.4000,3735.0000,3735.2000,3735.4000,3735.8000,3736.2000,1,2,2,1,2,1,1,5,5,1
SF,IF2005,2020-04-13 11:01:44.600,3734.2000,10765,0,4051339260.000,0,-,-,-,-,3734.0000,3733.8000,3732.6000,3732.4000,3730.8000,3735.0000,3735.2000,3735.4000,3735.8000,3736.2000,1,1,2,2,1,1,1,5,5,1
SF,IF2005,2020-04-13 11:01:45.100,3734.2000,10765,0,4051339260.000,0,-,-,-,-,3734.0000,3733.8000,3732.6000,3732.4000,3730.8000,3735.2000,3736.2000,3736.4000,3736.6000,3736.8000,1,1,2,2,1,1,1,1,2,4
SF,IF2005,2020-04-13 11:01:45.600,3734.2000,10765,0,4051339260.000,0,-,-,-,-,3734.0000,3733.8000,3732.6000,3732.4000,3730.8000,3735.0000,3735.2000,3736.2000,3736.4000,3736.6000,1,1,2,2,1,1,1,1,1,2
SF,IF2005,2020-04-13 11:01:47.100,3734.0000,10765,0,4052459460.000,1,0,1,多换,S,3733.8000,3732.6000,3732.4000,3730.8000,3730.4000,3735.0000,3735.2000,3736.2000,3736.4000,3736.6000,1,2,2,1,2,1,1,1,1,2
SF,IF2005,2020-04-13 11:01:47.600,3734.0000,10765,0,4052459460.000,0,-,-,-,-,3733.8000,3732.6000,3732.4000,3730.8000,3730.4000,3734.8000,3735.0000,3736.2000,3736.4000,3736.6000,1,2,2,1,2,6,1,1,1,2
SF,IF2005,2020-04-13 11:01:48.100,3734.0000,10765,0,4052459460.000,0,-,-,-,-,3733.8000,3732.6000,3732.4000,3730.8000,3730.4000,3734.6000,3734.8000,3736.2000,3736.4000,3736.6000,1,2,2,1,2,1,6,1,1,2
SF,IF2005,2020-04-13 11:01:49.100,3734.0000,10765,0,4052459460.000,0,-,-,-,-,3733.8000,3732.6000,3732.4000,3730.8000,3730.4000,3734.6000,3734.8000,3736.2000,3736.4000,3736.6000,1,2,2,1,2,1,1,1,1,2
SF,IF2005,2020-04-13 11:01:49.600,3734.0000,10765,0,4052459460.000,0,-,-,-,-,3733.2000,3732.6000,3732.4000,3730.8000,3730.4000,3734.6000,3734.8000,3736.2000,3736.4000,3736.6000,1,2,2,1,2,1,1,1,1,2
SF,IF2005,2020-04-13 11:01:50.100,3734.0000,10765,0,4052459460.000,0,-,-,-,-,3733.4000,3733.2000,3732.6000,3732.4000,3730.8000,3734.6000,3734.8000,3736.0000,3736.2000,3736.4000,2,1,2,2,1,1,1,2,1,1
SF,IF2005,2020-04-13 11:01:50.600,3734.0000,10765,0,4052459460.000,0,-,-,-,-,3733.4000,3733.2000,3732.6000,3732.4000,3730.8000,3734.6000,3734.8000,3736.0000,3736.2000,3736.4000,1,1,2,2,1,1,1,2,1,1
SF,IF2005,2020-04-13 11:01:51.600,3734.0000,10765,0,4052459460.000,0,-,-,-,-,3733.4000,3733.2000,3732.6000,3732.4000,3730.8000,3733.8000,3734.6000,3734.8000,3736.0000,3736.2000,1,1,2,2,1,1,1,1,2,1
SF,IF2005,2020-04-13 11:01:52.100,3733.8000,10765,0,4053579600.000,1,0,1,多换,S,3733.8000,3733.2000,3732.6000,3732.4000,3730.8000,3734.6000,3734.8000,3736.0000,3736.2000,3736.4000,1,1,2,2,1,1,1,2,1,1
SF,IF2005,2020-04-13 11:01:52.600,3733.8000,10765,0,4053579600.000,0,-,-,-,-,3733.2000,3732.6000,3732.4000,3730.8000,3730.4000,3734.6000,3736.0000,3736.2000,3736.4000,3736.6000,1,2,2,1,2,1,2,1,1,2
SF,IF2005,2020-04-13 11:01:53.100,3733.8000,10765,0,4053579600.000,0,-,-,-,-,3733.4000,3733.2000,3732.6000,3732.4000,3730.8000,3733.8000,3734.6000,3736.0000,3736.2000,3736.4000,1,1,2,2,1,1,1,2,1,1
SF,IF2005,2020-04-13 11:01:53.600,3733.8000,10766,1,4054699740.000,1,1,0,双开,S,3733.4000,3733.2000,3732.6000,3732.4000,3730.8000,3734.6000,3736.0000,3736.2000,3736.4000,3736.6000,1,1,2,2,1,1,2,1,1,2
SF,IF2005,2020-04-13 11:01:54.100,3733.8000,10766,0,4054699740.000,0,-,-,-,-,3733.4000,3733.2000,3732.6000,3732.4000,3730.8000,3734.6000,3736.0000,3736.2000,3736.4000,3736.6000,1,1,2,2,1,1,2,1,1,2
SF,IF2005,2020-04-13 11:01:54.600,3733.8000,10766,0,4054699740.000,0,-,-,-,-,3733.6000,3733.4000,3733.2000,3732.6000,3732.4000,3734.6000,3736.0000,3736.2000,3736.4000,3736.6000,1,1,1,2,2,1,2,1,1,2
SF,IF2005,2020-04-13 11:01:58.100,3734.6000,10766,0,4055820120.000,1,0,1,多换,S,3733.6000,3733.4000,3733.2000,3732.6000,3732.4000,3736.0000,3736.2000,3736.4000,3736.6000,3736.8000,1,1,1,2,2,2,1,1,2,2
SF,IF2005,2020-04-13 11:01:58.600,3733.8000,10766,0,4056940260.000,1,0,1,多换,S,3733.6000,3733.2000,3732.6000,3732.4000,3730.8000,3734.6000,3734.8000,3735.0000,3735.6000,3735.8000,1,2,2,2,1,5,2,1,1,7
SF,IF2005,2020-04-13 11:01:59.100,3733.8000,10766,0,4056940260.000,0,-,-,-,-,3733.6000,3733.2000,3732.6000,3732.4000,3730.8000,3734.4000,3734.6000,3734.8000,3735.4000,3735.8000,1,2,2,2,1,1,5,2,1,6
SF,IF2005,2020-04-13 11:01:59.600,3733.8000,10766,0,4056940260.000,0,-,-,-,-,3733.6000,3733.2000,3732.6000,3732.4000,3730.8000,3734.4000,3734.6000,3734.8000,3735.4000,3735.8000,1,2,2,2,1,7,5,1,1,6
SF,IF2005,2020-04-13 11:02:00.100,3733.8000,10766,0,4056940260.000,0,-,-,-,-,3733.8000,3733.6000,3733.2000,3732.6000,3732.4000,3734.0000,3734.4000,3734.6000,3734.8000,3735.4000,1,1,2,2,2,1,2,5,1,1
SF,IF2005,2020-04-13 11:02:01.100,3733.8000,10766,0,4056940260.000,0,-,-,-,-,3733.8000,3733.6000,3733.2000,3732.6000,3732.4000,3734.0000,3734.4000,3734.8000,3735.4000,3735.8000,1,1,2,2,2,1,2,1,1,5
SF,IF2005,2020-04-13 11:02:02.600,3734.0000,10767,1,4058060460.000,1,1,0,双开,S,3733.8000,3733.6000,3733.2000,3732.6000,3732.4000,3734.4000,3734.8000,3735.4000,3735.8000,3736.0000,1,1,2,2,2,2,1,1,5,4
SF,IF2005,2020-04-13 11:02:03.600,3733.8000,10768,1,4059180600.000,1,1,0,双开,S,3733.6000,3733.2000,3732.6000,3732.4000,3730.8000,3734.4000,3734.8000,3735.4000,3735.8000,3736.0000,1,2,2,2,1,2,1,1,5,4
SF,IF2005,2020-04-13 11:02:04.100,3733.6000,10768,0,4060300680.000,1,0,1,多换,S,3733.2000,3732.6000,3732.4000,3730.8000,3730.4000,3733.6000,3734.2000,3734.4000,3734.8000,3735.4000,2,2,2,1,2,1,6,2,1,1
SF,IF2005,2020-04-13 11:02:04.600,3734.0000,10769,1,4062540960.000,2,1,1,空开,S,3733.2000,3732.6000,3732.4000,3730.8000,3730.4000,3734.0000,3734.2000,3734.4000,3735.4000,3735.8000,1,3,2,1,2,4,5,1,1,5
SF,IF2005,2020-04-13 11:02:05.100,3734.0000,10769,0,4062540960.000,0,-,-,-,-,3733.2000,3732.6000,3732.4000,3732.0000,3730.8000,3733.8000,3734.4000,3735.4000,3735.8000,3736.0000,1,3,2,1,1,1,1,1,5,4
SF,IF2005,2020-04-13 11:02:05.600,3734.0000,10769,0,4062540960.000,0,-,-,-,-,3733.2000,3732.6000,3732.4000,3732.0000,3730.8000,3734.4000,3735.4000,3735.8000,3736.0000,3736.4000,1,3,2,1,1,1,1,5,4,1
SF,IF2005,2020-04-13 11:02:06.100,3734.0000,10769,0,4062540960.000,0,-,-,-,-,3733.2000,3732.6000,3732.4000,3732.0000,3730.8000,3734.2000,3734.4000,3735.4000,3735.8000,3736.0000,1,3,2,1,1,6,1,1,5,4
SF,IF2005,2020-04-13 11:02:06.600,3734.0000,10769,0,4062540960.000,0,-,-,-,-,3733.2000,3732.6000,3732.4000,3732.0000,3730.8000,3734.0000,3734.2000,3735.4000,3735.8000,3736.0000,1,3,2,1,1,1,6,1,5,4
SF,IF2005,2020-04-13 11:02:07.100,3734.0000,10769,0,4062540960.000,0,-,-,-,-,3733.2000,3732.6000,3732.4000,3732.0000,3730.8000,3733.8000,3734.0000,3734.2000,3735.4000,3735.8000,1,3,2,1,1,1,1,6,1,5
SF,IF2005,2020-04-13 11:02:13.600,3734.0000,10769,0,4062540960.000,0,-,-,-,-,3733.2000,3732.6000,3732.4000,3732.0000,3730.8000,3733.8000,3734.0000,3734.2000,3735.4000,3735.8000,1,3,2,1,1,1,1,5,1,5
SF,IF2005,2020-04-13 11:02:14.100,3733.2000,10769,0,4063660920.000,1,0,1,多换,S,3732.6000,3732.4000,3732.0000,3730.8000,3730.4000,3733.8000,3734.0000,3734.2000,3735.4000,3735.8000,3,2,1,1,2,1,1,5,1,5
SF,IF2005,2020-04-13 11:02:14.600,3733.2000,10769,0,4063660920.000,0,-,-,-,-,3732.6000,3732.4000,3732.0000,3730.8000,3730.4000,3733.6000,3733.8000,3734.2000,3735.4000,3735.8000,3,2,1,1,2,1,1,5,1,6
SF,IF2005,2020-04-13 11:02:15.100,3733.2000,10769,0,4063660920.000,0,-,-,-,-,3732.6000,3732.0000,3730.8000,3730.4000,3730.2000,3733.6000,3734.2000,3735.4000,3735.8000,3736.0000,3,1,1,2,1,2,5,1,6,2
SF,IF2005,2020-04-13 11:02:15.600,3733.2000,10769,0,4063660920.000,0,-,-,-,-,3732.6000,3732.0000,3730.8000,3730.4000,3730.2000,3733.4000,3733.6000,3734.2000,3735.0000,3735.4000,3,1,1,2,1,2,2,5,2,1
SF,IF2005,2020-04-13 11:02:16.100,3732.6000,10770,1,4067020260.000,3,2,1,空开,S,3732.0000,3730.8000,3730.4000,3730.2000,3729.4000,3733.0000,3733.2000,3733.4000,3734.2000,3735.0000,1,1,2,1,2,1,1,6,5,2
SF,IF2005,2020-04-13 11:02:16.600,3732.8000,10770,0,4068140100.000,1,0,1,多换,S,3732.0000,3730.8000,3730.4000,3730.2000,3729.4000,3732.8000,3733.0000,3733.2000,3733.4000,3735.0000,1,1,2,1,2,1,1,5,7,2
SF,IF2005,2020-04-13 11:02:17.100,3732.8000,10770,0,4068140100.000,0,-,-,-,-,3732.0000,3730.8000,3730.4000,3730.2000,3729.4000,3732.8000,3733.0000,3733.2000,3733.4000,3735.0000,1,1,2,1,2,1,1,5,6,2
SF,IF2005,2020-04-13 11:02:17.600,3732.8000,10770,0,4068140100.000,0,-,-,-,-,3732.0000,3730.8000,3730.4000,3730.2000,3729.4000,3732.6000,3732.8000,3733.2000,3733.4000,3735.0000,1,1,2,1,2,1,1,5,5,2
SF,IF2005,2020-04-13 11:02:18.100,3732.8000,10770,0,4068140100.000,0,-,-,-,-,3732.0000,3730.8000,3730.4000,3730.2000,3729.4000,3732.4000,3732.6000,3733.2000,3733.4000,3735.0000,1,1,2,1,2,1,1,5,5,2
SF,IF2005,2020-04-13 11:02:18.600,3732.2000,10776,6,4079337000.000,10,8,2,空开,S,3732.0000,3731.4000,3730.8000,3730.4000,3730.2000,3732.2000,3732.4000,3733.4000,3735.0000,3735.4000,1,1,1,2,1,1,1,5,2,1
SF,IF2005,2020-04-13 11:02:19.100,3732.4000,10777,1,4081576380.000,2,1,1,空开,S,3732.2000,3732.0000,3731.4000,3730.8000,3730.4000,3735.0000,3735.4000,3735.8000,3736.0000,3736.4000,2,1,1,1,2,2,1,6,2,1
SF,IF2005,2020-04-13 11:02:19.600,3732.4000,10777,0,4081576380.000,0,-,-,-,-,3732.4000,3732.2000,3732.0000,3731.4000,3730.8000,3733.6000,3734.0000,3734.4000,3734.6000,3734.8000,2,1,1,1,1,6,4,1,1,6
SF,IF2005,2020-04-13 11:02:20.100,3732.4000,10777,0,4081576380.000,0,-,-,-,-,3732.4000,3732.2000,3732.0000,3731.4000,3730.8000,3733.4000,3733.6000,3734.0000,3734.2000,3734.6000,2,1,1,1,1,1,1,1,1,1
SF,IF2005,2020-04-13 11:02:20.600,3732.4000,10777,0,4081576380.000,0,-,-,-,-,3732.6000,3732.4000,3732.0000,3731.4000,3730.8000,3733.4000,3733.6000,3734.0000,3734.2000,3734.6000,2,4,1,1,1,6,1,1,1,1
SF,IF2005,2020-04-13 11:02:21.100,3732.4000,10777,0,4081576380.000,0,-,-,-,-,3732.6000,3732.4000,3732.0000,3731.4000,3730.8000,3733.6000,3734.0000,3734.6000,3734.8000,3735.0000,2,4,1,1,1,1,1,1,3,3
SF,IF2005,2020-04-13 11:02:21.600,3734.6000,10778,1,4082696760.000,1,1,0,双开,S,3732.8000,3732.6000,3732.4000,3732.0000,3730.8000,3734.8000,3735.0000,3735.8000,3736.0000,3736.4000,4,1,3,1,1,1,3,1,1,1
SF,IF2005,2020-04-13 11:02:22.100,3734.6000,10778,0,4082696760.000,0,-,-,-,-,3732.8000,3732.6000,3732.4000,3732.0000,3730.8000,3734.0000,3734.2000,3734.4000,3734.6000,3734.8000,4,1,3,1,1,5,1,2,2,1
SF,IF2005,2020-04-13 11:02:22.600,3734.6000,10778,0,4082696760.000,0,-,-,-,-,3732.8000,3732.6000,3732.4000,3732.0000,3730.8000,3734.0000,3734.2000,3734.4000,3734.6000,3734.8000,4,1,3,1,1,5,1,3,2,2
SF,IF2005,2020-04-13 11:02:23.100,3734.6000,10778,0,4082696760.000,0,-,-,-,-,3732.8000,3732.6000,3732.4000,3732.2000,3732.0000,3733.8000,3734.0000,3734.2000,3734.4000,3734.6000,3,1,3,1,1,6,5,1,3,1
SF,IF2005,2020-04-13 11:02:23.600,3734.6000,10778,0,4082696760.000,0,-,-,-,-,3732.8000,3732.6000,3732.4000,3732.2000,3732.0000,3733.8000,3734.0000,3734.2000,3734.4000,3734.6000,3,1,3,1,1,1,5,1,3,1
SF,IF2005,2020-04-13 11:02:24.100,3734.6000,10778,0,4082696760.000,0,-,-,-,-,3732.8000,3732.6000,3732.4000,3732.2000,3732.0000,3733.8000,3734.0000,3734.2000,3734.4000,3734.6000,3,1,3,1,1,1,5,1,2,1
SF,IF2005,2020-04-13 11:02:25.100,3734.6000,10778,0,4082696760.000,0,-,-,-,-,3732.8000,3732.6000,3732.4000,3732.2000,3732.0000,3733.8000,3734.0000,3734.2000,3734.4000,3734.6000,3,1,1,1,1,1,5,1,2,1
SF,IF2005,2020-04-13 11:02:26.100,3734.6000,10779,1,4084937520.000,2,1,1,空开,S,3732.8000,3732.6000,3732.4000,3732.2000,3732.0000,3734.0000,3734.2000,3734.4000,3734.6000,3734.8000,3,1,1,1,2,4,1,2,1,2
SF,IF2005,2020-04-13 11:02:26.600,3734.6000,10779,0,4084937520.000,0,-,-,-,-,3733.0000,3732.8000,3732.4000,3732.2000,3732.0000,3734.0000,3734.2000,3734.4000,3734.6000,3734.8000,1,3,1,1,2,4,1,2,1,2
SF,IF2005,2020-04-13 11:02:27.100,3734.6000,10779,0,4084937520.000,0,-,-,-,-,3733.2000,3733.0000,3732.8000,3732.4000,3732.2000,3734.2000,3734.4000,3734.6000,3734.8000,3735.0000,1,1,2,1,1,1,2,1,2,3
SF,IF2005,2020-04-13 11:02:28.100,3734.6000,10779,0,4084937520.000,0,-,-,-,-,3733.2000,3733.0000,3732.8000,3732.4000,3732.2000,3734.2000,3734.4000,3734.6000,3734.8000,3735.0000,1,1,2,1,1,1,2,1,2,3
SF,IF2005,2020-04-13 11:02:29.100,3734.6000,10779,0,4084937520.000,0,-,-,-,-,3733.2000,3733.0000,3732.8000,3732.4000,3732.2000,3734.0000,3734.2000,3734.4000,3734.6000,3734.8000,1,1,2,1,1,5,1,2,1,2
SF,IF2005,2020-04-13 11:02:30.100,3733.0000,10779,0,4087177380.000,2,1,1,多换,S,3732.8000,3732.4000,3732.2000,3732.0000,3730.8000,3734.2000,3734.4000,3734.6000,3734.8000,3735.0000,2,1,1,2,1,1,2,1,2,3
SF,IF2005,2020-04-13 11:02:30.600,3733.0000,10779,0,4087177380.000,0,-,-,-,-,3732.8000,3732.4000,3732.2000,3732.0000,3730.8000,3733.8000,3734.0000,3734.2000,3734.4000,3734.6000,2,1,1,2,1,6,1,1,2,1
SF,IF2005,2020-04-13 11:02:31.100,3733.0000,10779,0,4087177380.000,0,-,-,-,-,3732.8000,3732.4000,3732.2000,3732.0000,3730.8000,3733.8000,3734.0000,3734.4000,3734.6000,3734.8000,1,1,1,2,1,6,1,2,1,2
SF,IF2005,2020-04-13 11:02:33.100,3733.0000,10779,0,4087177380.000,0,-,-,-,-,3732.8000,3732.4000,3732.2000,3732.0000,3730.8000,3733.8000,3734.0000,3734.4000,3734.6000,3734.8000,1,1,1,2,1,6,1,1,1,2
SF,IF2005,2020-04-13 11:02:35.600,3733.8000,10779,0,4088297520.000,1,0,1,多换,S,3732.8000,3732.4000,3732.2000,3732.0000,3730.8000,3733.8000,3734.0000,3734.4000,3734.6000,3734.8000,1,1,1,2,1,5,1,1,1,2
SF,IF2005,2020-04-13 11:02:36.100,3733.8000,10779,0,4088297520.000,0,-,-,-,-,3732.8000,3732.4000,3732.2000,3732.0000,3730.8000,3734.0000,3734.4000,3734.6000,3734.8000,3735.0000,1,1,1,2,1,1,1,1,2,3
SF,IF2005,2020-04-13 11:02:36.600,3733.8000,10779,0,4088297520.000,0,-,-,-,-,3733.0000,3732.8000,3732.4000,3732.2000,3732.0000,3734.0000,3734.4000,3734.6000,3734.8000,3735.0000,2,1,1,1,2,1,1,1,2,3
SF,IF2005,2020-04-13 11:02:37.100,3733.8000,10779,0,4088297520.000,0,-,-,-,-,3733.0000,3732.8000,3732.4000,3732.2000,3732.0000,3734.4000,3734.6000,3734.8000,3735.0000,3735.8000,2,1,1,1,2,1,1,2,3,1
SF,IF2005,2020-04-13 11:02:37.600,3733.8000,10779,0,4088297520.000,0,-,-,-,-,3733.2000,3733.0000,3732.8000,3732.4000,3732.2000,3734.2000,3734.4000,3734.8000,3735.0000,3735.8000,1,2,1,1,1,6,4,2,3,1
SF,IF2005,2020-04-13 11:02:38.100,3733.4000,10778,-1,4089417540.000,1,0,1,双平,S,3733.4000,3733.2000,3732.4000,3732.2000,3732.0000,3734.4000,3734.8000,3735.0000,3735.8000,3736.0000,1,3,1,1,2,3,2,3,1,1
SF,IF2005,2020-04-13 11:02:38.600,3733.4000,10778,0,4089417540.000,0,-,-,-,-,3733.6000,3733.4000,3733.2000,3732.4000,3732.0000,3734.8000,3735.8000,3736.0000,3736.4000,3736.6000,2,2,2,1,2,2,1,1,1,1
SF,IF2005,2020-04-13 11:02:39.100,3733.4000,10778,0,4089417540.000,0,-,-,-,-,3733.8000,3733.6000,3733.4000,3732.4000,3732.0000,3734.8000,3735.8000,3736.0000,3736.2000,3736.4000,1,2,1,1,2,4,1,1,2,1
SF,IF2005,2020-04-13 11:02:39.600,3733.4000,10778,0,4089417540.000,0,-,-,-,-,3733.6000,3733.4000,3732.4000,3732.0000,3730.8000,3734.6000,3734.8000,3735.8000,3736.0000,3736.2000,2,1,1,2,1,6,4,1,1,2
SF,IF2005,2020-04-13 11:02:40.100,3733.4000,10778,0,4089417540.000,0,-,-,-,-,3733.6000,3733.4000,3732.4000,3732.0000,3730.8000,3734.6000,3734.8000,3735.8000,3736.0000,3736.2000,2,1,1,2,1,1,4,1,1,2
SF,IF2005,2020-04-13 11:02:40.600,3733.4000,10778,0,4089417540.000,0,-,-,-,-,3733.6000,3732.8000,3732.4000,3732.0000,3730.8000,3734.4000,3734.6000,3734.8000,3735.8000,3736.0000,1,1,1,2,1,8,4,1,1,1
SF,IF2005,2020-04-13 11:02:41.100,3733.4000,10778,0,4089417540.000,0,-,-,-,-,3732.8000,3732.4000,3732.0000,3730.8000,3730.4000,3734.4000,3734.6000,3734.8000,3735.8000,3736.0000,1,1,2,1,2,8,4,1,1,1
SF,IF2005,2020-04-13 11:02:41.600,3733.4000,10778,0,4089417540.000,0,-,-,-,-,3733.2000,3733.0000,3732.8000,3732.4000,3732.0000,3734.2000,3734.4000,3734.6000,3734.8000,3735.8000,1,2,1,1,2,1,10,3,1,1
SF,IF2005,2020-04-13 11:02:42.100,3733.4000,10778,0,4089417540.000,0,-,-,-,-,3733.2000,3733.0000,3732.8000,3732.4000,3732.0000,3734.2000,3734.4000,3734.6000,3734.8000,3735.8000,1,2,1,1,2,6,10,3,1,1
SF,IF2005,2020-04-13 11:02:42.600,3733.4000,10778,0,4089417540.000,0,-,-,-,-,3733.4000,3733.2000,3733.0000,3732.8000,3732.4000,3734.2000,3734.4000,3734.6000,3734.8000,3735.8000,1,1,1,1,1,1,5,3,1,1
SF,IF2005,2020-04-13 11:02:43.100,3733.4000,10778,0,4089417540.000,0,-,-,-,-,3733.4000,3733.2000,3733.0000,3732.8000,3732.4000,3734.2000,3734.4000,3734.8000,3735.8000,3736.0000,1,1,1,1,1,1,5,1,1,1
SF,IF2005,2020-04-13 11:02:43.600,3733.4000,10778,0,4089417540.000,0,-,-,-,-,3733.4000,3733.2000,3732.8000,3732.4000,3732.0000,3734.4000,3734.8000,3735.8000,3736.0000,3736.2000,1,1,1,1,2,5,1,1,1,2
SF,IF2005,2020-04-13 11:02:45.100,3733.4000,10778,0,4089417540.000,0,-,-,-,-,3733.4000,3733.2000,3732.8000,3732.4000,3732.0000,3734.4000,3734.8000,3735.8000,3736.0000,3736.2000,1,1,1,1,2,5,1,1,1,2
SF,IF2005,2020-04-13 11:02:45.600,3733.4000,10778,0,4089417540.000,0,-,-,-,-,3733.4000,3732.8000,3732.4000,3732.0000,3730.8000,3734.4000,3734.8000,3735.8000,3736.0000,3736.2000,1,1,1,2,1,5,1,1,1,2
SF,IF2005,2020-04-13 11:02:46.100,3733.4000,10778,0,4089417540.000,0,-,-,-,-,3733.4000,3732.8000,3732.4000,3732.0000,3730.8000,3734.4000,3734.8000,3735.8000,3736.0000,3736.2000,1,1,1,2,1,4,1,1,1,2
SF,IF2005,2020-04-13 11:02:47.600,3733.4000,10778,0,4089417540.000,0,-,-,-,-,3733.6000,3733.4000,3732.8000,3732.4000,3732.0000,3734.4000,3734.8000,3735.8000,3736.0000,3736.2000,1,1,1,1,2,4,1,1,1,2
SF,IF2005,2020-04-13 11:02:48.100,3733.4000,10778,0,4089417540.000,0,-,-,-,-,3733.6000,3732.8000,3732.4000,3732.0000,3730.8000,3734.2000,3734.4000,3734.8000,3735.8000,3736.0000,1,1,1,2,1,1,4,1,1,1
SF,IF2005,2020-04-13 11:02:48.600,3733.6000,10778,0,4090537620.000,1,0,1,多换,S,3732.8000,3732.4000,3732.0000,3730.8000,3730.4000,3734.0000,3734.2000,3734.4000,3734.8000,3735.8000,1,1,2,1,2,1,6,3,1,1
SF,IF2005,2020-04-13 11:02:49.100,3733.6000,10778,0,4090537620.000,0,-,-,-,-,3732.8000,3732.4000,3732.0000,3730.8000,3730.4000,3733.8000,3734.0000,3734.2000,3734.4000,3734.8000,1,1,2,1,2,1,1,6,2,1
SF,IF2005,2020-04-13 11:02:49.600,3733.6000,10778,0,4090537620.000,0,-,-,-,-,3732.8000,3732.4000,3732.0000,3730.8000,3730.4000,3733.8000,3734.0000,3734.2000,3734.4000,3734.8000,1,1,2,1,2,1,1,6,2,1
SF,IF2005,2020-04-13 11:02:50.600,3733.6000,10778,0,4090537620.000,0,-,-,-,-,3732.8000,3732.4000,3732.0000,3730.8000,3730.4000,3733.8000,3734.0000,3734.2000,3734.4000,3734.8000,1,1,2,1,2,1,1,6,2,1
SF,IF2005,2020-04-13 11:02:52.100,3733.8000,10778,0,4091657760.000,1,0,1,多换,S,3732.8000,3732.4000,3732.0000,3730.8000,3730.4000,3734.0000,3734.2000,3734.4000,3734.8000,3735.2000,1,1,2,1,2,1,5,2,1,2
SF,IF2005,2020-04-13 11:02:52.600,3733.8000,10778,0,4091657760.000,0,-,-,-,-,3733.0000,3732.8000,3732.4000,3732.0000,3730.8000,3734.0000,3734.2000,3734.4000,3734.8000,3735.2000,1,1,1,2,1,1,5,2,1,2
SF,IF2005,2020-04-13 11:02:53.600,3733.8000,10778,0,4091657760.000,0,-,-,-,-,3733.0000,3732.8000,3732.4000,3732.0000,3730.8000,3734.0000,3734.2000,3734.4000,3734.8000,3735.2000,1,1,1,2,1,1,5,2,1,2
SF,IF2005,2020-04-13 11:02:56.600,3733.8000,10778,0,4091657760.000,0,-,-,-,-,3733.0000,3732.8000,3732.4000,3732.0000,3730.8000,3734.0000,3734.2000,3734.4000,3734.8000,3735.2000,2,1,1,2,1,1,5,2,1,2
SF,IF2005,2020-04-13 11:02:57.100,3733.8000,10778,0,4091657760.000,0,-,-,-,-,3733.0000,3732.8000,3732.4000,3732.0000,3730.8000,3733.8000,3734.0000,3734.2000,3734.4000,3734.8000,2,1,1,2,1,1,1,5,2,1
SF,IF2005,2020-04-13 11:02:57.600,3733.8000,10778,0,4091657760.000,0,-,-,-,-,3733.0000,3732.8000,3732.0000,3730.8000,3730.4000,3733.8000,3734.0000,3734.2000,3734.4000,3734.8000,2,1,2,1,2,1,1,5,2,1
SF,IF2005,2020-04-13 11:02:58.100,3733.8000,10778,0,4091657760.000,0,-,-,-,-,3733.0000,3732.8000,3732.0000,3730.8000,3730.4000,3734.0000,3734.2000,3734.4000,3734.8000,3735.2000,2,1,2,1,2,1,5,2,1,2
SF,IF2005,2020-04-13 11:02:58.600,3733.8000,10778,0,4091657760.000,0,-,-,-,-,3733.0000,3732.8000,3732.0000,3730.8000,3730.4000,3734.0000,3734.4000,3734.8000,3735.2000,3735.8000,2,1,2,1,2,1,2,1,2,1
SF,IF2005,2020-04-13 11:03:02.600,3733.8000,10778,0,4091657760.000,0,-,-,-,-,3733.0000,3732.8000,3732.0000,3730.8000,3730.4000,3734.0000,3734.4000,3734.8000,3735.2000,3735.8000,2,1,2,1,2,2,2,1,2,1
SF,IF2005,2020-04-13 11:03:03.100,3733.8000,10778,0,4091657760.000,0,-,-,-,-,3733.0000,3732.8000,3732.0000,3730.8000,3730.4000,3734.0000,3734.4000,3734.8000,3735.2000,3735.8000,2,1,2,1,2,2,2,1,2,1
SF,IF2005,2020-04-13 11:03:06.100,3733.8000,10778,0,4091657760.000,0,-,-,-,-,3733.0000,3732.8000,3732.6000,3732.0000,3730.8000,3734.0000,3734.4000,3734.8000,3735.2000,3735.8000,2,1,1,2,1,2,2,1,2,1
SF,IF2005,2020-04-13 11:03:08.100,3734.0000,10778,0,4092777960.000,1,0,1,多换,S,3733.0000,3732.8000,3732.6000,3732.0000,3730.8000,3734.0000,3734.4000,3734.8000,3735.2000,3735.8000,2,1,1,2,1,1,2,1,2,1
SF,IF2005,2020-04-13 11:03:10.100,3733.0000,10777,-1,4095017760.000,2,0,2,多平,S,3732.8000,3732.6000,3732.0000,3730.8000,3730.4000,3734.0000,3734.4000,3734.8000,3735.2000,3735.8000,1,1,2,1,2,1,2,1,2,1
SF,IF2005,2020-04-13 11:03:10.600,3733.6000,10777,0,4096137840.000,1,0,1,多换,S,3733.0000,3732.8000,3732.6000,3732.0000,3730.8000,3734.0000,3734.4000,3734.8000,3735.2000,3735.8000,2,1,1,1,1,1,2,1,2,1
SF,IF2005,2020-04-13 11:03:12.600,3734.0000,10777,0,4097258040.000,1,0,1,多换,S,3733.0000,3732.8000,3732.6000,3732.0000,3730.8000,3734.4000,3734.8000,3735.2000,3735.8000,3736.0000,2,1,1,1,1,2,1,2,1,1
SF,IF2005,2020-04-13 11:03:13.100,3734.0000,10777,0,4097258040.000,0,-,-,-,-,3733.0000,3732.8000,3732.6000,3732.0000,3730.8000,3734.2000,3734.4000,3734.8000,3735.2000,3735.8000,2,1,1,1,1,9,2,1,2,1
SF,IF2005,2020-04-13 11:03:13.600,3734.0000,10777,0,4097258040.000,0,-,-,-,-,3733.4000,3733.2000,3733.0000,3732.8000,3732.6000,3734.2000,3734.4000,3734.8000,3735.2000,3735.8000,1,1,1,1,1,4,2,1,2,1
SF,IF2005,2020-04-13 11:03:14.100,3734.0000,10777,0,4097258040.000,0,-,-,-,-,3733.4000,3733.2000,3733.0000,3732.8000,3732.6000,3734.2000,3734.4000,3734.8000,3735.2000,3735.8000,1,1,1,1,1,1,2,1,2,1
SF,IF2005,2020-04-13 11:03:14.600,3734.0000,10777,0,4097258040.000,0,-,-,-,-,3733.4000,3733.2000,3733.0000,3732.8000,3732.6000,3734.4000,3734.8000,3735.2000,3735.8000,3736.0000,1,1,1,1,1,2,1,2,1,1
SF,IF2005,2020-04-13 11:03:15.100,3734.4000,10778,1,4098378360.000,1,1,0,双开,S,3733.6000,3733.4000,3733.2000,3732.8000,3732.6000,3734.4000,3734.8000,3735.2000,3735.8000,3736.0000,1,1,1,1,1,1,1,2,1,1
SF,IF2005,2020-04-13 11:03:17.100,3734.4000,10778,0,4098378360.000,0,-,-,-,-,3733.6000,3733.4000,3733.2000,3732.8000,3732.6000,3734.4000,3734.8000,3735.2000,3735.8000,3736.0000,1,1,1,1,1,4,1,2,1,1
SF,IF2005,2020-04-13 11:03:17.600,3734.4000,10778,0,4098378360.000,0,-,-,-,-,3733.4000,3733.2000,3732.8000,3732.6000,3732.0000,3734.4000,3734.8000,3735.2000,3735.8000,3736.0000,1,1,1,1,1,4,1,2,1,1
SF,IF2005,2020-04-13 11:03:18.100,3734.4000,10778,0,4098378360.000,0,-,-,-,-,3733.4000,3733.2000,3732.8000,3732.6000,3732.0000,3734.2000,3734.4000,3734.8000,3735.2000,3735.8000,1,1,1,1,1,8,4,1,2,1
SF,IF2005,2020-04-13 11:03:18.600,3733.2000,10778,0,4100618340.000,2,1,1,多换,S,3732.8000,3732.6000,3732.0000,3730.8000,3730.4000,3733.2000,3733.6000,3733.8000,3734.2000,3734.4000,1,1,1,1,2,1,1,6,10,1
SF,IF2005,2020-04-13 11:03:19.100,3732.6000,10779,1,4102857960.000,2,1,1,空开,S,3732.0000,3730.8000,3730.4000,3730.2000,3730.0000,3733.4000,3733.8000,3734.2000,3734.4000,3734.8000,1,1,2,1,2,5,5,10,1,1
SF,IF2005,2020-04-13 11:03:19.600,3732.6000,10779,0,4102857960.000,0,-,-,-,-,3732.0000,3730.8000,3730.4000,3730.2000,3730.0000,3733.0000,3733.2000,3733.4000,3733.8000,3734.2000,1,1,2,1,2,1,7,5,5,9
SF,IF2005,2020-04-13 11:03:20.100,3732.6000,10779,0,4102857960.000,0,-,-,-,-,3732.2000,3732.0000,3731.6000,3730.8000,3730.4000,3733.0000,3733.2000,3733.4000,3733.8000,3734.2000,1,1,1,1,2,1,7,5,5,4
SF,IF2005,2020-04-13 11:03:20.600,3733.8000,10778,-1,4105098060.000,2,0,2,多平,S,3732.6000,3732.2000,3732.0000,3731.6000,3730.8000,3733.8000,3734.2000,3734.4000,3734.8000,3735.2000,2,2,1,1,1,4,4,1,1,2
SF,IF2005,2020-04-13 11:03:21.100,3733.8000,10778,0,4105098060.000,0,-,-,-,-,3732.6000,3732.4000,3732.2000,3732.0000,3731.6000,3733.6000,3734.2000,3734.4000,3734.8000,3735.2000,2,1,2,1,1,2,4,1,1,2
SF,IF2005,2020-04-13 11:03:22.100,3733.8000,10778,0,4105098060.000,0,-,-,-,-,3732.6000,3732.4000,3732.2000,3732.0000,3731.6000,3733.6000,3734.2000,3734.4000,3734.8000,3735.2000,2,1,2,1,1,5,1,1,1,2
SF,IF2005,2020-04-13 11:03:22.600,3733.6000,10777,-1,4106218140.000,1,0,1,双平,S,3732.6000,3732.4000,3732.2000,3732.0000,3731.6000,3733.6000,3734.2000,3734.4000,3734.8000,3735.2000,2,1,2,1,1,4,1,1,1,2
SF,IF2005,2020-04-13 11:03:23.100,3733.6000,10777,0,4106218140.000,0,-,-,-,-,3732.6000,3732.4000,3732.2000,3732.0000,3731.6000,3733.4000,3733.6000,3734.2000,3734.4000,3734.8000,2,1,2,1,1,3,1,1,1,1
SF,IF2005,2020-04-13 11:03:23.600,3733.6000,10777,0,4106218140.000,0,-,-,-,-,3732.6000,3732.4000,3732.2000,3732.0000,3731.6000,3733.2000,3733.4000,3733.6000,3734.2000,3734.4000,2,1,2,1,1,2,1,1,1,1
SF,IF2005,2020-04-13 11:03:24.100,3733.6000,10777,0,4106218140.000,0,-,-,-,-,3732.6000,3732.4000,3732.2000,3732.0000,3731.6000,3733.0000,3733.2000,3733.6000,3734.2000,3734.4000,2,1,2,1,1,1,7,1,1,1
SF,IF2005,2020-04-13 11:03:25.100,3733.6000,10777,0,4106218140.000,0,-,-,-,-,3732.6000,3732.4000,3732.2000,3732.0000,3731.6000,3733.0000,3733.2000,3733.6000,3733.8000,3734.2000,2,1,2,1,1,1,7,1,1,1
SF,IF2005,2020-04-13 11:03:25.600,3733.6000,10777,0,4106218140.000,0,-,-,-,-,3732.4000,3732.2000,3732.0000,3731.6000,3730.8000,3733.2000,3733.6000,3733.8000,3734.2000,3734.4000,1,2,3,1,1,2,1,1,1,1
SF,IF2005,2020-04-13 11:03:26.100,3733.6000,10779,2,4108458300.000,2,2,0,双开,S,3732.4000,3732.2000,3732.0000,3731.6000,3730.8000,3733.6000,3733.8000,3734.2000,3734.4000,3734.8000,1,2,3,1,1,1,1,1,1,1
SF,IF2005,2020-04-13 11:03:26.600,3733.6000,10779,0,4108458300.000,0,-,-,-,-,3732.6000,3732.4000,3732.2000,3732.0000,3731.6000,3733.6000,3733.8000,3734.2000,3734.4000,3734.8000,1,1,1,3,1,4,1,1,1,1
SF,IF2005,2020-04-13 11:03:28.600,3733.6000,10779,0,4108458300.000,0,-,-,-,-,3732.6000,3732.4000,3732.2000,3732.0000,3731.6000,3733.2000,3733.4000,3733.6000,3733.8000,3734.2000,1,1,1,3,1,5,1,4,1,1
SF,IF2005,2020-04-13 11:03:29.100,3733.6000,10779,0,4108458300.000,0,-,-,-,-,3732.6000,3732.4000,3732.2000,3732.0000,3731.6000,3733.4000,3733.6000,3733.8000,3734.2000,3734.4000,1,1,1,3,1,1,4,1,1,1
SF,IF2005,2020-04-13 11:03:29.600,3733.6000,10779,0,4108458300.000,0,-,-,-,-,3732.6000,3732.4000,3732.0000,3731.6000,3730.8000,3733.4000,3733.6000,3733.8000,3734.2000,3734.4000,1,1,3,1,1,3,1,1,1,1
SF,IF2005,2020-04-13 11:03:30.600,3733.6000,10779,0,4108458300.000,0,-,-,-,-,3732.8000,3732.6000,3732.0000,3731.6000,3730.8000,3733.4000,3733.6000,3733.8000,3734.4000,3734.8000,1,1,3,1,1,3,1,1,1,1
SF,IF2005,2020-04-13 11:03:31.100,3733.4000,10780,1,4109578320.000,1,1,0,双开,S,3732.8000,3732.6000,3732.0000,3731.6000,3730.8000,3733.4000,3733.6000,3733.8000,3734.4000,3734.8000,1,1,3,1,1,2,1,1,1,1
SF,IF2005,2020-04-13 11:03:31.600,3733.4000,10780,0,4109578320.000,0,-,-,-,-,3732.8000,3732.6000,3732.0000,3731.6000,3730.8000,3733.6000,3733.8000,3734.4000,3734.8000,3735.2000,1,1,3,1,1,1,1,1,1,2
SF,IF2005,2020-04-13 11:03:32.100,3733.4000,10780,0,4109578320.000,0,-,-,-,-,3732.8000,3732.6000,3732.0000,3731.6000,3730.8000,3733.6000,3733.8000,3734.4000,3734.8000,3735.2000,1,1,3,1,1,2,1,1,1,2
SF,IF2005,2020-04-13 11:03:32.600,3732.6000,10780,0,4111817940.000,2,1,1,多换,S,3732.0000,3731.6000,3730.8000,3730.4000,3730.2000,3733.6000,3733.8000,3734.4000,3734.8000,3735.2000,3,1,1,2,1,2,1,1,1,2
SF,IF2005,2020-04-13 11:03:33.100,3732.6000,10780,0,4111817940.000,0,-,-,-,-,3732.2000,3732.0000,3731.6000,3730.8000,3730.4000,3733.6000,3733.8000,3734.4000,3734.8000,3735.2000,4,3,1,1,2,5,1,1,1,2
SF,IF2005,2020-04-13 11:03:35.100,3732.6000,10780,0,4111817940.000,0,-,-,-,-,3732.2000,3732.0000,3731.6000,3730.8000,3730.4000,3733.4000,3733.6000,3733.8000,3734.4000,3734.8000,4,3,1,1,2,1,5,1,1,1
SF,IF2005,2020-04-13 11:03:35.600,3732.6000,10780,0,4111817940.000,0,-,-,-,-,3732.2000,3732.0000,3731.6000,3730.8000,3730.4000,3733.2000,3733.4000,3733.6000,3733.8000,3734.4000,3,3,1,1,2,1,1,3,1,1
SF,IF2005,2020-04-13 11:03:38.100,3733.2000,10780,0,4112937900.000,1,0,1,多换,S,3732.2000,3732.0000,3731.6000,3730.8000,3730.4000,3733.4000,3733.6000,3733.8000,3734.4000,3734.8000,3,3,1,1,2,1,3,1,1,1
SF,IF2005,2020-04-13 11:03:38.600,3733.4000,10781,1,4114057920.000,1,1,0,双开,S,3732.6000,3732.4000,3732.2000,3732.0000,3731.6000,3733.8000,3734.4000,3734.8000,3735.2000,3735.8000,3,1,1,3,1,1,1,1,2,1
SF,IF2005,2020-04-13 11:03:39.100,3733.4000,10781,0,4114057920.000,0,-,-,-,-,3733.0000,3732.8000,3732.6000,3732.4000,3732.0000,3733.8000,3734.4000,3734.8000,3735.2000,3735.8000,1,2,3,3,3,1,1,1,2,1
SF,IF2005,2020-04-13 11:03:39.600,3733.4000,10781,0,4114057920.000,0,-,-,-,-,3733.2000,3733.0000,3732.8000,3732.6000,3732.4000,3733.8000,3734.4000,3734.8000,3735.2000,3735.8000,1,2,2,1,3,1,1,1,2,1
SF,IF2005,2020-04-13 11:03:40.100,3733.4000,10781,0,4114057920.000,0,-,-,-,-,3733.4000,3733.2000,3733.0000,3732.8000,3732.6000,3733.8000,3734.4000,3734.8000,3735.2000,3735.8000,1,1,2,2,1,1,1,1,2,1
SF,IF2005,2020-04-13 11:03:40.600,3733.4000,10782,1,4115177940.000,1,1,0,双开,S,3733.0000,3732.8000,3732.4000,3732.0000,3730.8000,3733.8000,3734.4000,3734.8000,3735.2000,3735.8000,2,1,3,3,1,1,1,1,2,1
SF,IF2005,2020-04-13 11:03:41.100,3733.4000,10782,0,4115177940.000,0,-,-,-,-,3733.0000,3732.4000,3732.2000,3732.0000,3730.8000,3733.8000,3734.4000,3734.8000,3735.2000,3735.8000,2,1,1,3,1,1,1,1,2,1
SF,IF2005,2020-04-13 11:03:44.100,3733.4000,10782,0,4115177940.000,0,-,-,-,-,3733.0000,3732.4000,3732.2000,3732.0000,3730.8000,3733.8000,3734.4000,3734.8000,3735.2000,3735.8000,1,1,1,3,1,1,1,1,2,1
SF,IF2005,2020-04-13 11:03:44.600,3733.4000,10782,0,4115177940.000,0,-,-,-,-,3732.4000,3732.2000,3732.0000,3730.8000,3730.4000,3733.6000,3733.8000,3734.4000,3734.8000,3735.2000,1,1,3,1,2,6,1,1,1,2
SF,IF2005,2020-04-13 11:03:45.100,3733.4000,10782,0,4115177940.000,0,-,-,-,-,3732.6000,3732.4000,3732.2000,3732.0000,3730.8000,3733.6000,3733.8000,3734.4000,3734.8000,3735.2000,1,1,1,3,1,6,1,1,1,2
SF,IF2005,2020-04-13 11:03:45.600,3733.4000,10782,0,4115177940.000,0,-,-,-,-,3732.6000,3732.4000,3732.2000,3732.0000,3730.8000,3733.6000,3733.8000,3734.4000,3734.8000,3735.2000,2,1,1,3,1,1,1,1,1,2
SF,IF2005,2020-04-13 11:03:48.600,3733.4000,10782,0,4115177940.000,0,-,-,-,-,3732.6000,3732.4000,3732.2000,3732.0000,3730.8000,3733.6000,3733.8000,3734.4000,3734.8000,3735.2000,2,1,1,3,1,1,1,1,1,2
SF,IF2005,2020-04-13 11:03:49.100,3733.4000,10782,0,4115177940.000,0,-,-,-,-,3732.6000,3732.4000,3732.2000,3732.0000,3730.8000,3733.8000,3734.4000,3734.8000,3735.2000,3735.8000,2,1,1,3,1,1,1,1,2,1
SF,IF2005,2020-04-13 11:03:50.100,3733.4000,10782,0,4115177940.000,0,-,-,-,-,3732.6000,3732.4000,3732.2000,3732.0000,3730.8000,3733.4000,3733.8000,3734.4000,3734.8000,3735.2000,2,1,1,3,1,1,1,1,1,2
SF,IF2005,2020-04-13 11:03:52.100,3733.4000,10782,0,4115177940.000,0,-,-,-,-,3732.6000,3732.4000,3732.2000,3732.0000,3730.8000,3733.2000,3733.4000,3733.8000,3734.4000,3734.8000,2,1,1,3,1,1,1,1,1,1
SF,IF2005,2020-04-13 11:03:52.600,3733.4000,10782,0,4115177940.000,0,-,-,-,-,3732.6000,3732.4000,3732.2000,3732.0000,3730.8000,3733.0000,3733.4000,3733.8000,3734.4000,3734.8000,2,1,1,3,1,1,1,1,1,1
SF,IF2005,2020-04-13 11:03:54.100,3733.4000,10782,0,4115177940.000,0,-,-,-,-,3732.6000,3732.4000,3732.2000,3732.0000,3730.8000,3733.0000,3733.4000,3733.8000,3734.4000,3734.8000,2,1,1,3,1,1,1,1,1,1
SF,IF2005,2020-04-13 11:03:54.600,3733.4000,10782,0,4115177940.000,0,-,-,-,-,3732.6000,3732.4000,3732.2000,3732.0000,3730.8000,3733.0000,3733.4000,3733.8000,3734.4000,3734.8000,2,1,1,3,1,1,1,1,1,1
SF,IF2005,2020-04-13 11:03:55.100,3733.4000,10782,0,4115177940.000,0,-,-,-,-,3732.6000,3732.4000,3732.2000,3732.0000,3730.8000,3733.0000,3733.4000,3733.8000,3734.4000,3734.8000,2,1,1,3,1,1,1,1,1,1
SF,IF2005,2020-04-13 11:03:55.600,3733.0000,10782,0,4116297840.000,1,0,1,多换,S,3732.6000,3732.4000,3732.2000,3732.0000,3730.8000,3733.4000,3733.8000,3734.4000,3734.8000,3735.2000,2,1,1,3,1,1,1,1,1,2
SF,IF2005,2020-04-13 11:03:56.100,3733.0000,10782,0,4116297840.000,0,-,-,-,-,3733.0000,3732.6000,3732.4000,3732.2000,3732.0000,3733.4000,3733.8000,3734.4000,3734.8000,3735.2000,1,2,1,1,3,1,1,1,1,2
SF,IF2005,2020-04-13 11:03:56.600,3733.0000,10782,0,4116297840.000,0,-,-,-,-,3733.0000,3732.6000,3732.4000,3732.2000,3732.0000,3733.4000,3733.8000,3734.4000,3734.8000,3735.2000,1,2,1,1,3,2,1,1,1,2
SF,IF2005,2020-04-13 11:03:57.100,3733.0000,10782,0,4116297840.000,0,-,-,-,-,3733.0000,3732.6000,3732.4000,3732.2000,3732.0000,3733.4000,3733.8000,3734.4000,3734.8000,3735.2000,1,2,1,1,3,2,1,1,1,2
SF,IF2005,2020-04-13 11:03:57.600,3733.0000,10782,0,4116297840.000,0,-,-,-,-,3733.0000,3732.6000,3732.4000,3732.2000,3732.0000,3733.4000,3733.8000,3734.4000,3734.8000,3735.2000,1,2,1,1,3,2,1,1,1,2
SF,IF2005,2020-04-13 11:03:58.100,3733.0000,10782,0,4116297840.000,0,-,-,-,-,3733.0000,3732.6000,3732.4000,3732.2000,3732.0000,3733.4000,3733.8000,3734.4000,3734.8000,3735.2000,1,2,1,1,3,1,1,1,1,2
SF,IF2005,2020-04-13 11:03:58.600,3733.0000,10782,0,4116297840.000,0,-,-,-,-,3733.0000,3732.6000,3732.4000,3732.2000,3732.0000,3733.4000,3733.8000,3734.4000,3734.8000,3735.2000,1,2,1,1,3,1,1,1,1,2
SF,IF2005,2020-04-13 11:03:59.100,3733.0000,10782,0,4117417740.000,1,0,1,多换,S,3732.6000,3732.4000,3732.2000,3732.0000,3730.8000,3733.4000,3733.8000,3734.4000,3734.8000,3735.2000,2,1,1,3,1,1,1,1,1,2
SF,IF2005,2020-04-13 11:03:59.600,3733.0000,10782,0,4117417740.000,0,-,-,-,-,3732.6000,3732.4000,3732.2000,3732.0000,3730.8000,3733.4000,3733.8000,3734.4000,3734.8000,3735.2000,1,1,1,3,1,2,1,1,1,2
SF,IF2005,2020-04-13 11:04:00.100,3733.0000,10782,0,4117417740.000,0,-,-,-,-,3732.4000,3732.2000,3732.0000,3730.8000,3730.4000,3733.2000,3733.4000,3733.8000,3734.4000,3734.8000,1,1,3,1,2,5,2,1,1,1
SF,IF2005,2020-04-13 11:04:00.600,3733.0000,10782,0,4117417740.000,0,-,-,-,-,3732.4000,3732.2000,3732.0000,3730.8000,3730.4000,3733.2000,3733.4000,3733.8000,3734.4000,3734.8000,1,1,3,1,2,6,2,1,1,1
SF,IF2005,2020-04-13 11:04:01.100,3733.0000,10782,0,4117417740.000,0,-,-,-,-,3732.4000,3732.2000,3732.0000,3730.8000,3730.4000,3733.2000,3733.4000,3733.8000,3734.4000,3734.8000,1,1,3,1,2,2,2,1,1,1
SF,IF2005,2020-04-13 11:04:03.100,3733.2000,10782,0,4118537700.000,1,0,1,多换,S,3732.4000,3732.2000,3732.0000,3730.8000,3730.4000,3733.2000,3733.4000,3733.8000,3734.4000,3734.8000,1,1,3,1,2,1,2,1,1,1
SF,IF2005,2020-04-13 11:04:04.100,3733.2000,10782,0,4118537700.000,0,-,-,-,-,3732.4000,3732.2000,3732.0000,3730.8000,3730.4000,3733.2000,3733.4000,3733.8000,3734.4000,3734.8000,1,1,3,1,2,1,2,1,1,1
SF,IF2005,2020-04-13 11:04:05.100,3733.2000,10782,0,4118537700.000,0,-,-,-,-,3732.4000,3732.0000,3731.6000,3730.8000,3730.4000,3733.2000,3733.4000,3733.8000,3734.4000,3734.8000,1,3,1,1,2,1,2,1,1,1
SF,IF2005,2020-04-13 11:04:07.600,3733.2000,10782,0,4118537700.000,0,-,-,-,-,3732.0000,3731.6000,3730.8000,3730.4000,3730.2000,3733.2000,3733.4000,3733.8000,3734.4000,3734.8000,3,1,1,2,1,1,2,1,1,1
SF,IF2005,2020-04-13 11:04:08.100,3733.2000,10782,0,4118537700.000,0,-,-,-,-,3732.0000,3731.6000,3730.8000,3730.4000,3730.2000,3733.0000,3733.2000,3733.4000,3733.8000,3734.4000,3,1,1,2,1,1,4,2,1,1
SF,IF2005,2020-04-13 11:04:11.100,3733.2000,10782,0,4118537700.000,0,-,-,-,-,3732.0000,3731.6000,3730.8000,3730.4000,3730.2000,3732.6000,3732.8000,3733.0000,3733.2000,3733.4000,3,1,1,2,1,5,2,1,4,2
SF,IF2005,2020-04-13 11:04:11.600,3732.0000,10783,1,4121896500.000,3,2,1,空开,S,3731.0000,3730.8000,3730.4000,3730.2000,3730.0000,3732.0000,3732.4000,3732.6000,3732.8000,3733.2000,1,1,2,1,2,1,7,5,1,4
SF,IF2005,2020-04-13 11:04:12.100,3732.0000,10783,0,4121896500.000,0,-,-,-,-,3731.0000,3730.8000,3730.4000,3730.2000,3730.0000,3732.0000,3732.4000,3732.6000,3733.2000,3733.4000,1,1,2,1,2,1,7,5,4,2
SF,IF2005,2020-04-13 11:04:12.600,3732.0000,10783,0,4121896500.000,0,-,-,-,-,3731.2000,3731.0000,3730.8000,3730.4000,3730.2000,3732.0000,3732.4000,3732.6000,3733.2000,3733.4000,1,1,1,2,1,1,7,5,4,2
SF,IF2005,2020-04-13 11:04:13.100,3732.0000,10783,0,4121896500.000,0,-,-,-,-,3731.0000,3730.8000,3730.4000,3730.2000,3730.0000,3732.0000,3732.4000,3732.6000,3733.2000,3733.4000,1,1,2,1,2,1,6,5,4,2
SF,IF2005,2020-04-13 11:04:14.100,3732.0000,10783,0,4121896500.000,0,-,-,-,-,3731.0000,3730.8000,3730.4000,3730.2000,3730.0000,3732.0000,3732.4000,3732.6000,3733.2000,3733.4000,2,1,2,1,2,1,6,5,4,2
SF,IF2005,2020-04-13 11:04:14.600,3732.0000,10783,0,4121896500.000,0,-,-,-,-,3731.0000,3730.8000,3730.4000,3730.2000,3730.0000,3731.8000,3732.0000,3732.4000,3732.6000,3733.2000,2,1,2,1,2,1,1,5,5,4
SF,IF2005,2020-04-13 11:04:15.100,3732.0000,10783,0,4121896500.000,0,-,-,-,-,3731.0000,3730.8000,3730.4000,3730.2000,3730.0000,3731.8000,3732.0000,3732.4000,3732.6000,3733.2000,2,1,2,1,2,2,1,5,5,3
SF,IF2005,2020-04-13 11:04:16.600,3732.0000,10783,0,4121896500.000,0,-,-,-,-,3731.0000,3730.8000,3730.4000,3730.2000,3730.0000,3731.8000,3732.0000,3732.4000,3732.6000,3733.2000,1,1,3,1,2,2,1,5,5,3
SF,IF2005,2020-04-13 11:04:17.100,3732.0000,10783,0,4121896500.000,0,-,-,-,-,3731.0000,3730.8000,3730.4000,3730.2000,3730.0000,3732.0000,3732.4000,3732.6000,3733.2000,3733.4000,1,1,3,1,2,1,5,5,3,2
SF,IF2005,2020-04-13 11:04:17.600,3732.0000,10783,0,4121896500.000,0,-,-,-,-,3731.0000,3730.8000,3730.4000,3730.2000,3730.0000,3732.0000,3732.4000,3732.6000,3733.4000,3733.6000,1,1,3,1,2,1,5,5,2,2
SF,IF2005,2020-04-13 11:04:19.600,3732.0000,10783,0,4121896500.000,0,-,-,-,-,3731.0000,3730.8000,3730.4000,3730.2000,3730.0000,3732.0000,3733.4000,3733.6000,3733.8000,3734.4000,1,1,3,1,2,1,2,2,1,1
SF,IF2005,2020-04-13 11:04:20.100,3732.0000,10783,0,4121896500.000,0,-,-,-,-,3731.2000,3731.0000,3730.8000,3730.4000,3730.2000,3732.0000,3733.4000,3733.6000,3733.8000,3734.4000,2,1,1,3,1,1,2,2,1,1
SF,IF2005,2020-04-13 11:04:20.600,3732.0000,10783,0,4121896500.000,0,-,-,-,-,3731.2000,3730.8000,3730.4000,3730.2000,3730.0000,3732.0000,3733.4000,3733.6000,3733.8000,3734.4000,1,1,3,1,2,1,2,2,1,1
SF,IF2005,2020-04-13 11:04:21.100,3732.0000,10783,0,4121896500.000,0,-,-,-,-,3732.0000,3731.2000,3730.8000,3730.4000,3730.2000,3733.4000,3733.6000,3733.8000,3734.4000,3734.8000,2,1,1,3,1,2,2,1,1,1
SF,IF2005,2020-04-13 11:04:21.600,3732.0000,10783,0,4121896500.000,0,-,-,-,-,3732.0000,3731.2000,3730.8000,3730.4000,3730.2000,3732.4000,3732.8000,3733.0000,3733.2000,3733.4000,2,1,1,3,1,5,3,4,4,2
SF,IF2005,2020-04-13 11:04:22.100,3732.0000,10785,2,4124135700.000,2,2,0,双开,S,3731.2000,3730.8000,3730.4000,3730.2000,3730.0000,3732.4000,3732.8000,3733.0000,3733.2000,3733.4000,1,1,3,1,2,5,3,4,4,2
SF,IF2005,2020-04-13 11:04:22.600,3732.0000,10785,0,4124135700.000,0,-,-,-,-,3731.4000,3731.2000,3730.8000,3730.4000,3730.2000,3732.2000,3732.4000,3732.8000,3733.0000,3733.2000,1,1,1,3,1,1,5,2,1,3
SF,IF2005,2020-04-13 11:04:23.600,3732.0000,10785,0,4124135700.000,0,-,-,-,-,3731.4000,3731.2000,3730.8000,3730.4000,3730.2000,3732.2000,3732.8000,3733.0000,3733.2000,3733.4000,1,1,1,3,1,1,2,1,3,2
SF,IF2005,2020-04-13 11:04:24.100,3732.0000,10785,0,4124135700.000,0,-,-,-,-,3731.4000,3731.2000,3730.8000,3730.4000,3730.2000,3732.8000,3733.0000,3733.2000,3733.4000,3733.6000,1,1,1,3,1,2,1,2,2,2
SF,IF2005,2020-04-13 11:04:24.600,3732.0000,10785,0,4124135700.000,0,-,-,-,-,3731.6000,3731.4000,3730.8000,3730.4000,3730.2000,3732.8000,3733.4000,3733.6000,3733.8000,3734.4000,5,1,1,2,1,1,2,2,2,1
SF,IF2005,2020-04-13 11:04:25.100,3732.8000,10785,0,4125255540.000,1,0,1,多换,S,3732.0000,3731.8000,3731.6000,3730.8000,3730.4000,3733.4000,3733.8000,3734.4000,3734.8000,3735.8000,3,3,3,1,2,2,2,1,1,1
SF,IF2005,2020-04-13 11:04:25.600,3733.4000,10785,0,4126375560.000,1,0,1,多换,S,3732.6000,3732.2000,3731.6000,3730.8000,3730.4000,3733.4000,3733.8000,3734.4000,3734.8000,3735.8000,1,1,3,1,2,1,2,1,1,1
SF,IF2005,2020-04-13 11:04:26.100,3733.4000,10785,0,4127495580.000,1,0,1,多换,S,3733.0000,3732.8000,3732.4000,3732.2000,3731.6000,3733.8000,3734.4000,3734.8000,3735.6000,3735.8000,2,3,2,3,2,2,1,1,2,1
SF,IF2005,2020-04-13 11:04:26.600,3733.4000,10785,0,4127495580.000,0,-,-,-,-,3733.0000,3732.8000,3732.4000,3732.2000,3731.6000,3733.8000,3734.4000,3734.8000,3735.6000,3735.8000,2,3,2,3,2,2,1,1,2,1
SF,IF2005,2020-04-13 11:04:28.100,3733.4000,10785,0,4127495580.000,0,-,-,-,-,3733.0000,3732.8000,3732.4000,3732.2000,3731.6000,3733.8000,3734.4000,3734.8000,3735.6000,3735.8000,2,3,1,3,2,2,1,1,2,1
SF,IF2005,2020-04-13 11:04:28.600,3733.4000,10785,0,4127495580.000,0,-,-,-,-,3732.8000,3732.2000,3731.6000,3730.8000,3730.4000,3733.8000,3734.4000,3734.8000,3735.6000,3735.8000,2,1,2,1,2,2,1,1,2,1
SF,IF2005,2020-04-13 11:04:29.100,3733.4000,10785,0,4127495580.000,0,-,-,-,-,3732.8000,3732.2000,3731.6000,3730.8000,3730.4000,3733.6000,3733.8000,3734.4000,3734.8000,3735.6000,2,1,2,1,2,1,2,1,1,2
SF,IF2005,2020-04-13 11:04:30.600,3733.6000,10785,0,4128615660.000,1,0,1,多换,S,3732.8000,3732.2000,3731.6000,3730.8000,3730.4000,3733.8000,3734.4000,3734.8000,3735.6000,3735.8000,2,1,2,1,2,2,1,1,2,1
SF,IF2005,2020-04-13 11:04:31.600,3733.6000,10785,0,4128615660.000,0,-,-,-,-,3733.0000,3732.8000,3732.2000,3731.6000,3730.8000,3733.8000,3734.4000,3734.8000,3735.6000,3735.8000,1,2,1,2,1,2,1,1,2,1
SF,IF2005,2020-04-13 11:04:32.100,3733.6000,10785,0,4128615660.000,0,-,-,-,-,3733.2000,3733.0000,3732.8000,3732.2000,3731.6000,3733.8000,3734.4000,3734.8000,3735.6000,3735.8000,1,1,1,1,2,3,1,1,2,1
SF,IF2005,2020-04-13 11:04:32.600,3733.6000,10785,0,4128615660.000,0,-,-,-,-,3733.2000,3733.0000,3732.8000,3732.2000,3731.6000,3733.8000,3734.4000,3734.8000,3735.6000,3735.8000,1,1,1,1,2,3,1,1,2,1
SF,IF2005,2020-04-13 11:04:33.600,3733.2000,10785,0,4129735620.000,1,0,1,多换,S,3733.0000,3732.8000,3732.2000,3731.6000,3730.8000,3733.8000,3734.4000,3734.8000,3735.6000,3735.8000,1,1,1,2,1,3,1,1,2,1
SF,IF2005,2020-04-13 11:04:34.100,3733.2000,10785,0,4129735620.000,0,-,-,-,-,3733.0000,3732.8000,3732.2000,3731.6000,3730.8000,3733.8000,3734.4000,3734.8000,3735.6000,3735.8000,1,1,1,2,1,3,1,1,2,1
SF,IF2005,2020-04-13 11:04:34.600,3732.8000,10783,-2,4131975360.000,2,0,2,双平,S,3732.2000,3731.6000,3730.8000,3730.4000,3730.2000,3733.6000,3733.8000,3734.4000,3734.8000,3735.6000,1,2,1,2,1,7,3,1,1,2
SF,IF2005,2020-04-13 11:04:35.100,3732.8000,10783,0,4131975360.000,0,-,-,-,-,3732.2000,3731.6000,3730.8000,3730.4000,3730.2000,3733.4000,3733.6000,3733.8000,3734.4000,3734.8000,1,2,1,2,1,5,9,3,1,1
SF,IF2005,2020-04-13 11:04:35.600,3732.8000,10783,0,4131975360.000,0,-,-,-,-,3732.4000,3732.2000,3731.6000,3730.8000,3730.4000,3733.2000,3733.4000,3733.6000,3733.8000,3734.4000,1,1,2,1,2,3,1,7,2,1
SF,IF2005,2020-04-13 11:04:36.100,3732.8000,10783,0,4131975360.000,0,-,-,-,-,3732.4000,3732.2000,3731.6000,3730.8000,3730.4000,3733.0000,3733.2000,3733.6000,3733.8000,3734.4000,1,1,2,1,2,1,3,7,2,1
SF,IF2005,2020-04-13 11:04:36.600,3732.8000,10783,0,4131975360.000,0,-,-,-,-,3732.4000,3732.2000,3731.6000,3730.8000,3730.4000,3733.0000,3733.2000,3733.6000,3733.8000,3734.4000,1,1,2,1,2,1,2,5,2,1
SF,IF2005,2020-04-13 11:04:37.100,3732.8000,10783,0,4131975360.000,0,-,-,-,-,3732.4000,3732.2000,3731.6000,3730.8000,3730.4000,3733.0000,3733.2000,3733.6000,3733.8000,3734.4000,1,1,2,1,2,2,2,5,2,1
SF,IF2005,2020-04-13 11:04:37.600,3733.0000,10784,1,4134215160.000,2,1,1,空开,S,3732.4000,3732.2000,3731.6000,3730.8000,3730.4000,3733.2000,3733.6000,3733.8000,3734.4000,3734.6000,1,1,2,1,2,1,5,2,1,2
SF,IF2005,2020-04-13 11:04:38.100,3733.0000,10784,0,4134215160.000,0,-,-,-,-,3732.6000,3732.4000,3732.2000,3731.6000,3730.8000,3733.8000,3734.4000,3734.6000,3734.8000,3735.8000,1,1,1,2,1,2,1,2,1,1
SF,IF2005,2020-04-13 11:04:38.600,3733.0000,10784,0,4134215160.000,0,-,-,-,-,3732.8000,3732.6000,3732.2000,3731.6000,3730.8000,3733.0000,3733.8000,3734.4000,3734.6000,3734.8000,1,1,1,2,1,1,2,1,2,1
SF,IF2005,2020-04-13 11:04:39.100,3733.0000,10784,0,4135335060.000,1,0,1,多换,S,3733.0000,3732.8000,3732.6000,3732.2000,3731.6000,3733.8000,3734.4000,3734.6000,3734.8000,3735.8000,1,1,1,1,2,2,1,2,1,1
SF,IF2005,2020-04-13 11:04:39.600,3733.0000,10784,0,4135335060.000,0,-,-,-,-,3732.8000,3732.6000,3732.2000,3731.6000,3730.8000,3733.8000,3734.4000,3734.6000,3734.8000,3735.8000,1,1,1,2,1,2,1,2,1,1
SF,IF2005,2020-04-13 11:04:40.100,3733.0000,10784,0,4135335060.000,0,-,-,-,-,3732.6000,3732.2000,3731.6000,3730.8000,3730.4000,3733.6000,3733.8000,3734.4000,3734.6000,3734.8000,1,1,2,1,2,1,2,1,2,1
SF,IF2005,2020-04-13 11:04:42.100,3733.0000,10784,0,4135335060.000,0,-,-,-,-,3733.0000,3732.6000,3732.2000,3731.6000,3730.8000,3733.6000,3733.8000,3734.4000,3734.6000,3734.8000,1,1,1,2,1,1,2,1,2,1
SF,IF2005,2020-04-13 11:04:42.600,3733.0000,10784,0,4135335060.000,0,-,-,-,-,3733.0000,3732.6000,3732.2000,3731.6000,3730.8000,3733.6000,3733.8000,3734.4000,3734.6000,3734.8000,1,1,1,2,1,1,2,1,2,1
SF,IF2005,2020-04-13 11:04:43.100,3733.0000,10784,0,4135335060.000,0,-,-,-,-,3733.0000,3732.6000,3732.2000,3731.6000,3730.8000,3733.6000,3733.8000,3734.4000,3734.6000,3734.8000,1,1,1,2,1,1,2,1,2,1
SF,IF2005,2020-04-13 11:04:45.600,3733.0000,10784,0,4135335060.000,0,-,-,-,-,3733.0000,3732.6000,3732.2000,3731.6000,3730.8000,3733.4000,3733.6000,3733.8000,3734.4000,3734.6000,1,1,1,2,1,1,1,2,1,2
SF,IF2005,2020-04-13 11:04:46.100,3733.0000,10784,0,4135335060.000,0,-,-,-,-,3733.0000,3732.6000,3732.2000,3731.6000,3730.8000,3733.4000,3733.8000,3734.4000,3734.6000,3734.8000,1,1,1,2,1,1,2,1,2,1
SF,IF2005,2020-04-13 11:04:50.100,3733.4000,10784,0,4136455080.000,1,0,1,多换,S,3733.0000,3732.6000,3732.2000,3731.6000,3730.8000,3733.8000,3734.4000,3734.6000,3734.8000,3735.8000,1,1,1,2,1,2,1,2,1,1
SF,IF2005,2020-04-13 11:04:56.600,3733.4000,10784,0,4136455080.000,0,-,-,-,-,3733.0000,3732.6000,3732.2000,3731.6000,3730.8000,3733.6000,3733.8000,3734.4000,3734.6000,3734.8000,1,1,1,2,1,1,2,1,2,1
SF,IF2005,2020-04-13 11:04:57.100,3733.4000,10784,0,4136455080.000,0,-,-,-,-,3733.0000,3732.6000,3732.2000,3731.6000,3730.8000,3733.4000,3733.8000,3734.4000,3734.6000,3734.8000,1,1,1,2,1,1,2,1,2,1
SF,IF2005,2020-04-13 11:05:00.600,3733.4000,10784,0,4137575100.000,1,0,1,多换,S,3733.0000,3732.6000,3732.2000,3731.6000,3730.8000,3733.8000,3734.4000,3734.6000,3734.8000,3735.8000,1,1,1,2,1,2,1,2,1,1
SF,IF2005,2020-04-13 11:05:01.100,3733.4000,10784,0,4137575100.000,0,-,-,-,-,3733.0000,3732.6000,3732.2000,3731.6000,3730.8000,3733.6000,3733.8000,3734.4000,3734.6000,3734.8000,1,1,1,2,1,1,2,1,2,1
SF,IF2005,2020-04-13 11:05:01.600,3733.4000,10784,0,4137575100.000,0,-,-,-,-,3733.0000,3732.6000,3732.2000,3731.6000,3730.8000,3733.6000,3733.8000,3734.4000,3734.6000,3734.8000,1,1,1,2,1,2,2,1,2,1
SF,IF2005,2020-04-13 11:05:04.100,3733.4000,10784,0,4137575100.000,0,-,-,-,-,3733.0000,3732.6000,3732.2000,3731.6000,3730.8000,3733.6000,3733.8000,3734.4000,3734.6000,3734.8000,1,1,1,2,1,1,2,1,2,1
SF,IF2005,2020-04-13 11:05:05.100,3733.4000,10784,0,4137575100.000,0,-,-,-,-,3733.0000,3732.2000,3731.6000,3730.8000,3730.4000,3733.6000,3733.8000,3734.4000,3734.6000,3734.8000,1,1,2,1,2,1,2,1,2,1
SF,IF2005,2020-04-13 11:05:05.600,3733.4000,10784,0,4137575100.000,0,-,-,-,-,3733.0000,3732.2000,3731.6000,3730.8000,3730.4000,3733.4000,3733.6000,3733.8000,3734.4000,3734.6000,1,1,2,1,2,1,1,2,1,2
SF,IF2005,2020-04-13 11:05:06.100,3733.4000,10784,0,4137575100.000,0,-,-,-,-,3733.0000,3732.2000,3731.6000,3730.8000,3730.4000,3733.4000,3733.6000,3733.8000,3734.4000,3734.6000,1,1,2,1,2,1,1,2,1,2
SF,IF2005,2020-04-13 11:05:09.600,3733.4000,10784,0,4138695120.000,1,0,1,多换,S,3733.0000,3732.2000,3731.6000,3730.8000,3730.4000,3733.6000,3733.8000,3734.4000,3734.6000,3734.8000,1,1,2,1,2,1,2,1,2,1
SF,IF2005,2020-04-13 11:05:10.100,3733.4000,10784,0,4138695120.000,0,-,-,-,-,3733.6000,3733.0000,3732.2000,3731.6000,3730.8000,3733.8000,3734.4000,3734.8000,3735.8000,3736.0000,1,1,1,2,1,2,1,1,1,1
SF,IF2005,2020-04-13 11:05:10.600,3733.4000,10784,0,4138695120.000,0,-,-,-,-,3733.0000,3732.2000,3731.6000,3730.8000,3730.4000,3733.8000,3734.4000,3734.8000,3735.6000,3735.8000,1,1,2,1,2,2,1,1,2,1
SF,IF2005,2020-04-13 11:05:14.600,3733.8000,10783,-1,4140935400.000,2,0,2,多平,S,3733.0000,3732.2000,3731.6000,3730.8000,3730.4000,3734.4000,3734.8000,3735.6000,3735.8000,3736.0000,1,1,2,1,2,1,1,2,1,1
SF,IF2005,2020-04-13 11:05:15.100,3733.8000,10783,0,4140935400.000,0,-,-,-,-,3733.4000,3733.2000,3733.0000,3732.2000,3731.6000,3734.4000,3734.8000,3735.6000,3735.8000,3736.0000,1,2,1,1,2,1,1,2,1,1
SF,IF2005,2020-04-13 11:05:15.600,3734.8000,10785,2,4143176160.000,2,2,0,双开,S,3734.8000,3733.8000,3733.6000,3733.4000,3733.2000,3735.6000,3735.8000,3736.0000,3736.4000,3736.8000,1,1,3,1,2,2,1,1,1,1
SF,IF2005,2020-04-13 11:05:16.100,3735.0000,10790,5,4149900180.000,6,5,1,空开,S,3733.8000,3733.6000,3733.4000,3733.2000,3733.0000,3736.4000,3736.8000,3737.8000,3738.8000,3739.8000,1,5,1,2,1,1,1,1,2,1
SF,IF2005,2020-04-13 11:05:16.600,3736.4000,10791,1,4153262940.000,3,2,1,空开,S,3735.0000,3734.0000,3733.8000,3733.6000,3733.4000,3736.2000,3736.8000,3737.8000,3738.8000,3739.8000,1,12,1,4,1,5,3,1,2,1
SF,IF2005,2020-04-13 11:05:17.100,3736.4000,10791,0,4153262940.000,0,-,-,-,-,3735.4000,3735.2000,3734.4000,3734.0000,3733.8000,3736.8000,3737.8000,3738.8000,3739.8000,3740.6000,3,4,2,13,2,1,1,2,1,1
SF,IF2005,2020-04-13 11:05:17.600,3736.4000,10791,0,4153262940.000,0,-,-,-,-,3735.8000,3735.6000,3735.4000,3735.2000,3734.4000,3736.6000,3736.8000,3737.8000,3738.4000,3738.8000,2,2,2,4,2,1,1,1,2,2
SF,IF2005,2020-04-13 11:05:18.100,3736.4000,10791,0,4153262940.000,0,-,-,-,-,3735.8000,3735.6000,3735.4000,3734.0000,3733.8000,3736.6000,3736.8000,3737.8000,3738.4000,3738.8000,1,1,1,13,2,1,1,1,2,2
SF,IF2005,2020-04-13 11:05:18.600,3736.4000,10791,0,4153262940.000,0,-,-,-,-,3736.0000,3735.4000,3734.0000,3733.8000,3733.6000,3736.8000,3737.8000,3738.4000,3738.8000,3739.8000,1,1,13,2,2,1,1,2,2,1
SF,IF2005,2020-04-13 11:05:19.100,3736.4000,10791,0,4153262940.000,0,-,-,-,-,3735.4000,3734.0000,3733.8000,3733.6000,3733.2000,3736.6000,3736.8000,3737.8000,3738.4000,3738.8000,1,13,2,2,2,1,1,1,2,2
SF,IF2005,2020-04-13 11:05:19.600,3736.4000,10791,0,4153262940.000,0,-,-,-,-,3735.6000,3735.4000,3734.0000,3733.8000,3733.6000,3736.4000,3736.6000,3736.8000,3737.8000,3738.4000,1,1,12,2,2,1,2,1,1,2
SF,IF2005,2020-04-13 11:05:20.100,3736.4000,10791,0,4153262940.000,0,-,-,-,-,3735.6000,3735.4000,3734.0000,3733.8000,3733.6000,3736.6000,3736.8000,3737.8000,3738.4000,3738.8000,1,1,12,2,2,2,1,1,2,2
SF,IF2005,2020-04-13 11:05:21.100,3736.4000,10791,0,4153262940.000,0,-,-,-,-,3736.4000,3735.6000,3735.4000,3734.0000,3733.8000,3736.6000,3736.8000,3737.8000,3738.4000,3738.8000,2,1,1,12,2,2,1,1,2,2
SF,IF2005,2020-04-13 11:05:21.600,3736.6000,10792,1,4156625760.000,3,2,1,空开,S,3735.6000,3735.4000,3734.0000,3733.8000,3733.6000,3736.6000,3736.8000,3737.8000,3738.4000,3738.8000,1,1,12,2,2,1,1,1,2,2
SF,IF2005,2020-04-13 11:05:22.100,3736.6000,10792,0,4156625760.000,0,-,-,-,-,3735.6000,3735.4000,3734.0000,3733.8000,3733.6000,3736.4000,3736.6000,3736.8000,3737.8000,3738.4000,1,1,12,2,2,1,1,1,1,2
SF,IF2005,2020-04-13 11:05:23.100,3736.6000,10792,0,4156625760.000,0,-,-,-,-,3735.6000,3735.4000,3734.0000,3733.8000,3733.6000,3736.6000,3736.8000,3737.8000,3738.4000,3738.8000,1,1,12,2,2,1,1,1,2,2
SF,IF2005,2020-04-13 11:05:23.600,3736.6000,10792,0,4156625760.000,0,-,-,-,-,3734.8000,3734.0000,3733.8000,3733.6000,3733.2000,3736.2000,3736.4000,3736.6000,3736.8000,3737.2000,1,10,2,2,2,5,3,1,1,2
SF,IF2005,2020-04-13 11:05:24.100,3736.6000,10792,0,4156625760.000,0,-,-,-,-,3735.0000,3734.8000,3734.0000,3733.8000,3733.6000,3736.4000,3736.6000,3736.8000,3737.2000,3737.8000,2,1,10,2,2,3,1,1,2,1
SF,IF2005,2020-04-13 11:05:24.600,3736.6000,10793,1,4157746740.000,1,1,0,双开,S,3735.0000,3734.8000,3734.0000,3733.8000,3733.6000,3736.2000,3736.4000,3736.8000,3737.2000,3737.8000,2,1,10,2,2,6,5,1,2,1
SF,IF2005,2020-04-13 11:05:25.100,3736.6000,10793,0,4157746740.000,0,-,-,-,-,3735.0000,3734.8000,3734.0000,3733.8000,3733.6000,3735.8000,3736.0000,3736.2000,3736.4000,3736.8000,2,1,9,2,2,1,9,6,2,1
SF,IF2005,2020-04-13 11:05:25.600,3736.0000,10793,0,4158867540.000,1,0,1,多换,S,3735.0000,3734.8000,3734.0000,3733.8000,3733.6000,3735.8000,3736.0000,3736.2000,3736.4000,3736.8000,1,1,8,2,2,1,8,6,2,1
SF,IF2005,2020-04-13 11:05:27.100,3736.0000,10793,0,4158867540.000,0,-,-,-,-,3735.0000,3734.8000,3734.0000,3733.8000,3733.6000,3736.0000,3736.2000,3736.4000,3736.8000,3737.2000,1,1,8,2,2,3,6,2,1,2
SF,IF2005,2020-04-13 11:05:27.600,3736.0000,10793,0,4158867540.000,0,-,-,-,-,3735.0000,3734.8000,3734.0000,3733.8000,3733.6000,3736.0000,3736.2000,3736.4000,3736.8000,3737.2000,1,1,8,2,2,2,6,2,1,2
SF,IF2005,2020-04-13 11:05:28.100,3736.0000,10793,0,4158867540.000,0,-,-,-,-,3735.0000,3734.8000,3734.0000,3733.8000,3733.6000,3736.0000,3736.2000,3736.4000,3736.8000,3737.2000,1,1,8,2,2,3,6,2,1,2
SF,IF2005,2020-04-13 11:05:28.600,3736.0000,10793,0,4158867540.000,0,-,-,-,-,3735.0000,3734.2000,3734.0000,3733.8000,3733.6000,3736.0000,3736.2000,3736.4000,3736.8000,3737.2000,1,1,8,2,2,3,6,2,1,2
SF,IF2005,2020-04-13 11:05:32.100,3736.0000,10793,0,4158867540.000,0,-,-,-,-,3735.0000,3734.2000,3734.0000,3733.8000,3733.6000,3735.6000,3735.8000,3736.0000,3736.2000,3736.4000,1,1,8,2,2,5,1,3,5,2
SF,IF2005,2020-04-13 11:05:32.600,3736.0000,10793,0,4158867540.000,0,-,-,-,-,3735.0000,3734.2000,3734.0000,3733.8000,3733.6000,3735.4000,3735.8000,3736.0000,3736.2000,3736.4000,1,1,8,2,2,1,1,3,5,2
SF,IF2005,2020-04-13 11:05:33.100,3736.0000,10793,0,4158867540.000,0,-,-,-,-,3735.2000,3735.0000,3734.2000,3734.0000,3733.8000,3735.4000,3735.8000,3736.0000,3736.2000,3736.4000,1,1,1,8,2,1,1,3,5,2
SF,IF2005,2020-04-13 11:05:34.600,3735.2000,10794,1,4159988100.000,1,1,0,双开,S,3735.0000,3734.2000,3734.0000,3733.8000,3733.6000,3735.4000,3735.8000,3736.0000,3736.2000,3736.4000,1,1,8,2,2,1,1,2,5,2
SF,IF2005,2020-04-13 11:05:35.100,3735.2000,10794,0,4159988100.000,0,-,-,-,-,3734.2000,3734.0000,3733.8000,3733.6000,3733.2000,3735.4000,3735.8000,3736.0000,3736.2000,3736.4000,1,8,2,2,2,1,1,2,5,2
SF,IF2005,2020-04-13 11:05:35.600,3735.2000,10794,0,4159988100.000,0,-,-,-,-,3734.4000,3734.2000,3734.0000,3733.8000,3733.6000,3735.4000,3735.8000,3736.0000,3736.2000,3736.4000,3,1,8,2,2,1,1,2,5,2
SF,IF2005,2020-04-13 11:05:36.100,3735.2000,10794,0,4159988100.000,0,-,-,-,-,3734.4000,3734.2000,3734.0000,3733.8000,3733.6000,3735.4000,3735.8000,3736.0000,3736.2000,3736.4000,3,1,4,2,2,1,1,2,5,2
SF,IF2005,2020-04-13 11:05:36.600,3735.2000,10794,0,4159988100.000,0,-,-,-,-,3734.4000,3734.2000,3734.0000,3733.8000,3733.6000,3735.4000,3735.8000,3736.2000,3736.4000,3736.8000,3,1,4,2,2,1,1,5,2,1
SF,IF2005,2020-04-13 11:05:39.600,3734.4000,10793,-1,4161108420.000,1,0,1,双平,S,3734.4000,3734.2000,3734.0000,3733.8000,3733.6000,3735.4000,3735.8000,3736.2000,3736.4000,3736.8000,2,1,4,2,2,1,1,5,2,1
SF,IF2005,2020-04-13 11:05:40.600,3735.4000,10793,0,4162229040.000,1,0,1,多换,S,3734.4000,3734.2000,3734.0000,3733.8000,3733.6000,3735.2000,3735.8000,3736.2000,3736.4000,3736.8000,2,1,4,2,2,1,1,5,2,1
SF,IF2005,2020-04-13 11:05:41.100,3735.4000,10793,0,4162229040.000,0,-,-,-,-,3734.4000,3734.2000,3734.0000,3733.8000,3733.6000,3735.0000,3735.8000,3736.2000,3736.4000,3736.8000,2,1,4,2,2,1,1,5,2,1
SF,IF2005,2020-04-13 11:05:41.600,3735.4000,10793,0,4162229040.000,0,-,-,-,-,3734.4000,3734.2000,3734.0000,3733.8000,3733.6000,3735.0000,3735.8000,3736.4000,3736.8000,3737.2000,2,1,4,2,2,1,1,2,1,2
SF,IF2005,2020-04-13 11:05:42.100,3735.4000,10793,0,4162229040.000,0,-,-,-,-,3734.4000,3734.0000,3733.4000,3733.2000,3731.6000,3735.0000,3736.4000,3736.8000,3737.2000,3737.8000,1,1,1,2,1,1,2,1,2,1
SF,IF2005,2020-04-13 11:05:42.600,3735.4000,10793,0,4162229040.000,0,-,-,-,-,3734.0000,3733.4000,3733.2000,3731.6000,3730.8000,3735.0000,3736.4000,3736.8000,3737.2000,3737.8000,1,1,2,1,1,1,2,1,2,1
SF,IF2005,2020-04-13 11:05:43.100,3735.0000,10793,0,4163349540.000,1,0,1,多换,S,3734.6000,3734.4000,3734.2000,3733.2000,3731.6000,3736.4000,3736.8000,3737.2000,3737.8000,3738.8000,1,1,5,2,1,2,1,2,1,2
SF,IF2005,2020-04-13 11:05:43.600,3735.0000,10793,0,4163349540.000,0,-,-,-,-,3734.8000,3734.6000,3734.4000,3734.2000,3733.2000,3735.8000,3736.0000,3736.2000,3736.4000,3736.8000,1,1,1,4,2,2,9,1,3,1
SF,IF2005,2020-04-13 11:05:44.100,3735.0000,10793,0,4163349540.000,0,-,-,-,-,3734.2000,3734.0000,3733.2000,3731.6000,3730.8000,3735.4000,3735.6000,3735.8000,3736.0000,3736.2000,2,1,2,1,1,1,2,6,8,2
SF,IF2005,2020-04-13 11:05:44.600,3735.0000,10793,0,4163349540.000,0,-,-,-,-,3734.4000,3734.2000,3734.0000,3733.2000,3731.6000,3735.2000,3735.4000,3735.6000,3735.8000,3736.0000,1,2,1,2,1,1,1,6,6,8
SF,IF2005,2020-04-13 11:05:45.100,3735.0000,10793,0,4163349540.000,0,-,-,-,-,3734.2000,3734.0000,3733.2000,3731.6000,3730.8000,3735.2000,3735.4000,3735.6000,3735.8000,3736.0000,2,1,2,1,1,1,1,6,5,8
SF,IF2005,2020-04-13 11:05:46.100,3735.0000,10793,0,4163349540.000,0,-,-,-,-,3734.0000,3733.2000,3731.6000,3730.8000,3730.4000,3735.0000,3735.2000,3735.6000,3735.8000,3736.0000,1,2,1,1,2,1,1,5,5,8
SF,IF2005,2020-04-13 11:05:46.600,3735.0000,10793,0,4163349540.000,0,-,-,-,-,3734.0000,3733.2000,3731.6000,3730.8000,3730.4000,3734.8000,3735.0000,3735.6000,3735.8000,3736.0000,1,2,1,1,2,1,2,5,5,8
SF,IF2005,2020-04-13 11:05:47.100,3735.0000,10793,0,4163349540.000,0,-,-,-,-,3733.2000,3731.6000,3730.8000,3730.4000,3730.2000,3734.8000,3735.0000,3735.6000,3735.8000,3736.0000,1,1,1,2,1,1,2,5,5,3
SF,IF2005,2020-04-13 11:05:47.600,3735.0000,10793,0,4163349540.000,0,-,-,-,-,3733.6000,3733.4000,3733.2000,3731.6000,3730.8000,3734.8000,3735.0000,3735.6000,3735.8000,3736.0000,1,3,1,1,1,1,2,5,5,3
SF,IF2005,2020-04-13 11:05:48.100,3735.0000,10793,0,4163349540.000,0,-,-,-,-,3733.8000,3733.6000,3733.4000,3733.2000,3731.6000,3734.8000,3735.0000,3735.6000,3735.8000,3736.0000,1,1,2,1,1,1,2,5,5,3
SF,IF2005,2020-04-13 11:05:49.600,3735.0000,10793,0,4163349540.000,0,-,-,-,-,3733.8000,3733.6000,3733.4000,3733.2000,3731.6000,3734.8000,3735.0000,3735.6000,3735.8000,3736.0000,2,1,2,1,1,1,2,5,5,3
SF,IF2005,2020-04-13 11:05:50.100,3735.0000,10793,0,4163349540.000,0,-,-,-,-,3733.8000,3733.6000,3733.4000,3733.2000,3731.6000,3734.8000,3735.0000,3735.6000,3735.8000,3736.0000,2,1,1,1,1,1,2,5,5,3
SF,IF2005,2020-04-13 11:05:51.100,3735.0000,10793,0,4163349540.000,0,-,-,-,-,3733.8000,3733.6000,3733.4000,3733.2000,3731.6000,3734.8000,3735.0000,3735.6000,3735.8000,3736.2000,2,1,1,1,1,1,2,5,5,2
SF,IF2005,2020-04-13 11:05:51.600,3735.0000,10793,0,4163349540.000,0,-,-,-,-,3733.8000,3733.6000,3733.2000,3731.6000,3730.8000,3734.8000,3735.0000,3735.6000,3735.8000,3736.2000,2,1,1,1,1,1,2,5,5,2
SF,IF2005,2020-04-13 11:05:52.100,3735.0000,10793,0,4163349540.000,0,-,-,-,-,3734.0000,3733.8000,3733.6000,3733.2000,3731.6000,3735.0000,3735.6000,3735.8000,3736.2000,3736.4000,1,1,1,1,1,2,5,5,1,3
SF,IF2005,2020-04-13 11:05:52.600,3735.0000,10793,0,4163349540.000,0,-,-,-,-,3734.0000,3733.8000,3733.2000,3731.6000,3730.8000,3735.0000,3735.6000,3735.8000,3736.2000,3736.4000,2,1,1,1,1,2,5,5,1,3
SF,IF2005,2020-04-13 11:05:53.100,3735.0000,10793,0,4163349540.000,0,-,-,-,-,3734.2000,3734.0000,3733.2000,3731.6000,3730.8000,3735.0000,3736.2000,3736.4000,3736.8000,3737.2000,1,2,1,1,1,1,1,3,1,2
SF,IF2005,2020-04-13 11:05:53.600,3735.0000,10793,0,4163349540.000,0,-,-,-,-,3734.0000,3733.2000,3731.6000,3730.8000,3730.4000,3736.2000,3736.4000,3736.8000,3737.2000,3737.8000,2,1,1,1,2,1,3,1,2,1
SF,IF2005,2020-04-13 11:05:54.100,3735.0000,10793,0,4163349540.000,0,-,-,-,-,3734.2000,3734.0000,3733.2000,3731.6000,3730.8000,3735.2000,3735.4000,3735.6000,3735.8000,3736.0000,1,2,1,1,1,5,2,2,1,3
SF,IF2005,2020-04-13 11:05:54.600,3735.0000,10793,0,4163349540.000,0,-,-,-,-,3734.2000,3734.0000,3733.2000,3731.6000,3730.8000,3735.2000,3735.4000,3735.6000,3735.8000,3736.0000,1,2,1,1,1,5,2,1,2,4
SF,IF2005,2020-04-13 11:05:55.100,3735.0000,10793,0,4163349540.000,0,-,-,-,-,3734.2000,3734.0000,3733.2000,3731.6000,3730.8000,3735.0000,3735.2000,3735.4000,3735.6000,3735.8000,1,3,1,1,1,1,5,2,1,2
SF,IF2005,2020-04-13 11:05:56.100,3735.0000,10793,0,4163349540.000,0,-,-,-,-,3734.2000,3734.0000,3733.2000,3731.6000,3730.8000,3735.0000,3735.4000,3735.8000,3736.0000,3736.2000,1,3,1,1,1,1,2,2,2,4
SF,IF2005,2020-04-13 11:05:56.600,3735.0000,10793,0,4163349540.000,0,-,-,-,-,3735.0000,3734.2000,3734.0000,3733.2000,3731.6000,3735.4000,3735.8000,3736.0000,3736.2000,3736.4000,1,1,3,1,1,2,2,2,4,2
SF,IF2005,2020-04-13 11:05:57.100,3735.0000,10793,0,4164470040.000,1,0,1,多换,S,3734.0000,3733.2000,3731.6000,3730.8000,3730.4000,3734.8000,3735.0000,3735.2000,3735.8000,3736.0000,3,1,1,1,2,8,3,1,2,1
SF,IF2005,2020-04-13 11:05:57.600,3735.0000,10793,0,4164470040.000,0,-,-,-,-,3734.0000,3733.2000,3731.6000,3730.8000,3730.4000,3735.0000,3735.2000,3735.8000,3736.0000,3736.2000,2,1,1,1,2,2,1,2,1,4
SF,IF2005,2020-04-13 11:05:58.100,3735.0000,10793,0,4164470040.000,0,-,-,-,-,3734.0000,3733.2000,3731.6000,3730.8000,3730.4000,3734.8000,3735.0000,3735.8000,3736.0000,3736.2000,1,1,1,1,2,2,2,2,1,4
SF,IF2005,2020-04-13 11:05:59.100,3735.0000,10793,0,4164470040.000,0,-,-,-,-,3734.0000,3733.2000,3731.6000,3730.8000,3730.4000,3734.6000,3734.8000,3735.0000,3735.8000,3736.0000,1,1,1,1,2,1,2,2,2,1
SF,IF2005,2020-04-13 11:05:59.600,3735.0000,10793,0,4164470040.000,0,-,-,-,-,3734.0000,3733.2000,3731.6000,3730.8000,3730.4000,3734.4000,3734.8000,3735.0000,3735.8000,3736.0000,1,1,1,1,2,1,2,2,2,1
SF,IF2005,2020-04-13 11:06:00.100,3734.0000,10794,1,4165590240.000,1,1,0,双开,S,3733.2000,3731.6000,3730.8000,3730.4000,3730.2000,3734.4000,3734.8000,3735.0000,3735.8000,3736.0000,1,1,1,2,1,1,2,2,2,1
SF,IF2005,2020-04-13 11:06:00.600,3734.0000,10794,0,4165590240.000,0,-,-,-,-,3733.4000,3733.2000,3731.6000,3730.8000,3730.4000,3733.8000,3734.4000,3734.8000,3735.0000,3735.8000,1,1,1,1,2,1,1,1,2,2
SF,IF2005,2020-04-13 11:06:01.100,3733.8000,10794,0,4168950360.000,3,1,2,多换,S,3731.6000,3730.8000,3730.4000,3730.2000,3730.0000,3734.2000,3734.8000,3735.0000,3735.8000,3736.0000,1,1,2,1,2,1,1,2,2,3
SF,IF2005,2020-04-13 11:06:01.600,3733.8000,10794,0,4168950360.000,0,-,-,-,-,3732.6000,3732.4000,3732.2000,3732.0000,3731.8000,3733.8000,3734.0000,3735.0000,3735.8000,3736.0000,2,2,5,2,3,1,3,2,1,3
SF,IF2005,2020-04-13 11:06:02.100,3733.8000,10794,0,4168950360.000,0,-,-,-,-,3732.6000,3732.4000,3732.2000,3732.0000,3731.8000,3733.6000,3733.8000,3734.0000,3735.0000,3735.8000,1,1,2,2,4,2,2,6,2,1
SF,IF2005,2020-04-13 11:06:02.600,3733.8000,10794,0,4168950360.000,0,-,-,-,-,3732.6000,3732.4000,3732.2000,3732.0000,3731.8000,3733.4000,3733.6000,3734.0000,3735.0000,3735.8000,1,1,2,1,4,1,4,5,2,1
SF,IF2005,2020-04-13 11:06:03.100,3733.8000,10794,0,4168950360.000,0,-,-,-,-,3732.2000,3731.8000,3731.6000,3730.8000,3730.4000,3733.2000,3733.4000,3733.6000,3734.0000,3735.0000,2,4,2,1,2,1,6,2,5,2
SF,IF2005,2020-04-13 11:06:03.600,3733.8000,10794,0,4168950360.000,0,-,-,-,-,3732.4000,3732.2000,3731.8000,3731.6000,3730.8000,3733.2000,3733.4000,3733.6000,3734.0000,3735.0000,1,2,3,2,1,2,1,2,5,4
SF,IF2005,2020-04-13 11:06:04.100,3733.8000,10794,0,4168950360.000,0,-,-,-,-,3732.4000,3732.2000,3731.8000,3731.6000,3730.8000,3733.2000,3733.4000,3733.6000,3734.0000,3735.0000,1,2,3,2,1,1,1,1,5,4
SF,IF2005,2020-04-13 11:06:04.600,3733.8000,10794,0,4168950360.000,0,-,-,-,-,3732.4000,3732.2000,3732.0000,3731.8000,3731.6000,3733.4000,3733.6000,3735.0000,3735.8000,3736.0000,1,2,1,3,2,1,1,4,1,1
SF,IF2005,2020-04-13 11:06:05.100,3733.8000,10794,0,4168950360.000,0,-,-,-,-,3732.4000,3732.2000,3732.0000,3731.8000,3731.6000,3733.2000,3733.4000,3733.6000,3735.0000,3735.8000,1,2,1,3,2,1,1,1,4,1
SF,IF2005,2020-04-13 11:06:05.600,3733.8000,10794,0,4168950360.000,0,-,-,-,-,3732.4000,3732.2000,3732.0000,3731.8000,3731.6000,3733.2000,3733.4000,3733.6000,3735.0000,3735.8000,1,2,1,3,2,1,1,1,4,1
SF,IF2005,2020-04-13 11:06:06.100,3733.8000,10794,0,4168950360.000,0,-,-,-,-,3732.4000,3732.2000,3732.0000,3731.8000,3731.6000,3733.2000,3733.4000,3733.6000,3735.0000,3735.8000,1,2,1,3,2,1,1,1,4,1
SF,IF2005,2020-04-13 11:06:06.600,3733.8000,10794,0,4168950360.000,0,-,-,-,-,3732.4000,3732.2000,3732.0000,3731.8000,3731.6000,3733.2000,3733.4000,3733.6000,3735.0000,3735.8000,1,2,1,3,2,2,1,1,4,1
SF,IF2005,2020-04-13 11:06:07.100,3733.2000,10794,0,4171190280.000,2,1,1,多换,S,3732.6000,3732.4000,3732.2000,3732.0000,3731.8000,3733.6000,3735.0000,3735.8000,3736.0000,3736.2000,1,1,1,1,3,1,4,1,1,4
SF,IF2005,2020-04-13 11:06:07.600,3733.2000,10794,0,4171190280.000,0,-,-,-,-,3733.6000,3732.8000,3732.6000,3732.4000,3732.0000,3735.0000,3735.8000,3736.0000,3736.2000,3736.4000,1,2,3,1,1,4,1,1,4,2
SF,IF2005,2020-04-13 11:06:08.100,3733.2000,10794,0,4171190280.000,0,-,-,-,-,3732.8000,3732.4000,3732.0000,3731.8000,3731.6000,3734.2000,3734.4000,3734.6000,3734.8000,3735.0000,1,1,1,3,2,1,6,1,2,7
SF,IF2005,2020-04-13 11:06:08.600,3733.2000,10794,0,4171190280.000,0,-,-,-,-,3733.0000,3732.8000,3732.4000,3732.0000,3731.8000,3734.2000,3734.4000,3734.6000,3734.8000,3735.0000,2,1,1,1,3,1,1,1,2,7
SF,IF2005,2020-04-13 11:06:09.100,3733.2000,10794,0,4171190280.000,0,-,-,-,-,3733.2000,3733.0000,3732.4000,3732.0000,3731.8000,3734.0000,3734.2000,3734.4000,3735.0000,3735.8000,1,2,1,1,3,1,1,1,5,1
SF,IF2005,2020-04-13 11:06:09.600,3733.2000,10794,0,4171190280.000,0,-,-,-,-,3733.0000,3732.4000,3732.0000,3731.8000,3731.6000,3734.0000,3734.2000,3734.4000,3735.0000,3735.8000,2,1,1,3,2,1,1,1,5,1
SF,IF2005,2020-04-13 11:06:10.100,3733.2000,10794,0,4171190280.000,0,-,-,-,-,3732.4000,3732.0000,3731.8000,3731.6000,3730.8000,3733.8000,3734.0000,3735.0000,3735.8000,3736.0000,1,1,3,2,1,2,1,5,1,3
SF,IF2005,2020-04-13 11:06:10.600,3733.2000,10794,0,4171190280.000,0,-,-,-,-,3732.6000,3732.4000,3732.0000,3731.8000,3731.6000,3733.6000,3733.8000,3735.0000,3735.8000,3736.0000,1,1,1,3,2,1,3,5,1,3
SF,IF2005,2020-04-13 11:06:11.100,3733.2000,10794,0,4171190280.000,0,-,-,-,-,3732.4000,3732.0000,3731.8000,3731.6000,3730.8000,3732.6000,3733.4000,3733.6000,3735.0000,3735.8000,1,1,3,2,1,1,3,6,5,1
SF,IF2005,2020-04-13 11:06:11.600,3733.2000,10794,0,4171190280.000,0,-,-,-,-,3732.6000,3732.4000,3732.0000,3731.8000,3731.6000,3733.4000,3733.6000,3734.8000,3735.0000,3735.8000,2,1,1,3,2,2,6,2,3,1
SF,IF2005,2020-04-13 11:06:12.100,3733.2000,10794,0,4171190280.000,0,-,-,-,-,3732.6000,3732.4000,3732.0000,3731.8000,3731.6000,3733.2000,3733.4000,3733.6000,3734.8000,3735.0000,1,1,1,3,2,1,2,6,2,3
SF,IF2005,2020-04-13 11:06:14.100,3733.2000,10794,0,4171190280.000,0,-,-,-,-,3732.6000,3732.4000,3732.0000,3731.8000,3731.6000,3733.4000,3733.6000,3734.8000,3735.0000,3735.8000,1,1,1,3,2,2,1,2,3,1
SF,IF2005,2020-04-13 11:06:14.600,3733.2000,10794,0,4171190280.000,0,-,-,-,-,3732.6000,3732.4000,3732.0000,3731.8000,3731.6000,3733.4000,3733.6000,3734.8000,3735.0000,3735.8000,1,1,1,3,2,1,1,2,3,1
SF,IF2005,2020-04-13 11:06:15.100,3733.4000,10794,0,4172310300.000,1,0,1,多换,S,3732.8000,3732.6000,3732.4000,3732.0000,3731.8000,3734.8000,3735.0000,3735.8000,3736.0000,3736.2000,1,2,1,1,3,2,3,1,1,1
SF,IF2005,2020-04-13 11:06:15.600,3733.4000,10794,0,4172310300.000,0,-,-,-,-,3733.4000,3732.8000,3732.6000,3732.4000,3732.0000,3734.2000,3734.4000,3734.6000,3734.8000,3735.8000,1,4,1,1,1,5,2,6,2,1
SF,IF2005,2020-04-13 11:06:16.100,3733.4000,10794,0,4172310300.000,0,-,-,-,-,3733.4000,3733.2000,3733.0000,3732.8000,3732.6000,3734.4000,3734.6000,3735.8000,3736.0000,3736.2000,1,5,1,1,1,2,5,2,1,1
SF,IF2005,2020-04-13 11:06:16.600,3733.4000,10794,0,4172310300.000,0,-,-,-,-,3733.4000,3733.2000,3732.8000,3732.6000,3732.4000,3734.4000,3734.6000,3735.6000,3735.8000,3736.0000,1,4,1,1,1,5,1,2,2,1
SF,IF2005,2020-04-13 11:06:17.100,3733.4000,10795,1,4173430320.000,1,1,0,双开,S,3733.2000,3732.8000,3732.6000,3732.4000,3731.8000,3734.4000,3734.6000,3735.6000,3735.8000,3736.0000,4,1,1,1,3,5,1,2,2,1
SF,IF2005,2020-04-13 11:06:17.600,3733.2000,10796,1,4175670240.000,2,1,1,多开,B,3732.8000,3732.6000,3732.4000,3731.8000,3731.6000,3733.6000,3734.0000,3734.2000,3735.6000,3735.8000,1,1,1,3,2,1,6,4,2,2
SF,IF2005,2020-04-13 11:06:18.100,3733.2000,10796,0,4175670240.000,0,-,-,-,-,3732.6000,3732.4000,3731.8000,3731.6000,3730.8000,3733.6000,3733.8000,3734.0000,3734.2000,3735.6000,1,1,3,2,1,1,5,6,5,2
SF,IF2005,2020-04-13 11:06:18.600,3733.2000,10796,0,4175670240.000,0,-,-,-,-,3732.6000,3732.4000,3731.8000,3731.6000,3730.8000,3733.6000,3734.0000,3734.2000,3735.6000,3735.8000,1,1,3,2,1,1,1,5,2,2
SF,IF2005,2020-04-13 11:06:19.100,3733.2000,10796,0,4175670240.000,0,-,-,-,-,3732.6000,3732.4000,3731.8000,3731.6000,3730.8000,3733.6000,3734.2000,3735.6000,3735.8000,3736.0000,1,1,3,2,1,1,5,2,2,1
SF,IF2005,2020-04-13 11:06:20.600,3733.2000,10796,0,4175670240.000,0,-,-,-,-,3732.6000,3732.4000,3732.2000,3731.8000,3731.6000,3733.6000,3734.2000,3735.6000,3735.8000,3736.0000,1,1,1,3,2,1,5,2,2,1
SF,IF2005,2020-04-13 11:06:21.100,3733.2000,10796,0,4175670240.000,0,-,-,-,-,3733.2000,3732.6000,3732.4000,3732.2000,3731.8000,3733.4000,3733.6000,3734.2000,3735.6000,3735.8000,2,1,1,1,3,1,1,4,2,2
SF,IF2005,2020-04-13 11:06:21.600,3733.2000,10796,0,4177910160.000,2,1,1,空换,B,3732.6000,3732.4000,3732.2000,3731.8000,3731.6000,3733.2000,3733.4000,3733.6000,3734.2000,3735.6000,1,1,1,3,2,1,1,1,4,2
SF,IF2005,2020-04-13 11:06:22.100,3733.2000,10796,0,4177910160.000,0,-,-,-,-,3732.6000,3732.4000,3732.2000,3731.8000,3731.6000,3733.2000,3733.4000,3734.2000,3735.6000,3735.8000,1,1,1,3,2,1,1,4,2,2
SF,IF2005,2020-04-13 11:06:22.600,3733.2000,10796,0,4177910160.000,0,-,-,-,-,3732.6000,3732.4000,3732.2000,3731.8000,3731.6000,3733.2000,3733.4000,3734.2000,3735.6000,3735.8000,1,1,1,3,2,1,1,3,2,2
SF,IF2005,2020-04-13 11:06:24.100,3733.2000,10796,0,4177910160.000,0,-,-,-,-,3732.6000,3732.4000,3732.2000,3731.8000,3731.6000,3733.2000,3733.4000,3734.2000,3735.6000,3735.8000,1,1,1,3,2,1,1,3,2,2
SF,IF2005,2020-04-13 11:06:25.100,3733.2000,10796,0,4177910160.000,0,-,-,-,-,3732.6000,3732.4000,3732.2000,3731.8000,3731.6000,3733.2000,3733.4000,3734.2000,3735.8000,3736.0000,1,1,1,3,2,1,1,3,2,1
SF,IF2005,2020-04-13 11:06:25.600,3733.2000,10796,0,4177910160.000,0,-,-,-,-,3732.6000,3732.4000,3732.2000,3731.8000,3731.6000,3733.2000,3733.4000,3734.2000,3734.6000,3735.8000,1,1,1,3,2,1,1,3,2,2
SF,IF2005,2020-04-13 11:06:26.100,3732.6000,10797,1,4179029940.000,1,1,0,双开,B,3732.2000,3731.8000,3731.6000,3730.8000,3730.4000,3733.4000,3734.2000,3734.6000,3735.8000,3736.0000,1,1,2,1,2,1,3,2,2,1
SF,IF2005,2020-04-13 11:06:26.600,3732.6000,10797,0,4179029940.000,0,-,-,-,-,3732.4000,3732.2000,3731.8000,3731.6000,3730.8000,3733.2000,3733.4000,3734.2000,3734.6000,3735.8000,1,1,1,2,1,1,1,3,2,2
SF,IF2005,2020-04-13 11:06:27.600,3732.4000,10797,0,4180149660.000,1,0,1,空换,B,3732.2000,3731.8000,3731.6000,3730.8000,3730.4000,3733.2000,3733.4000,3734.2000,3734.6000,3735.8000,1,1,2,1,2,1,1,3,2,2
SF,IF2005,2020-04-13 11:06:28.100,3732.4000,10797,0,4181269380.000,1,0,1,空换,B,3732.4000,3732.2000,3731.8000,3731.6000,3730.8000,3733.2000,3733.4000,3734.2000,3734.6000,3735.8000,2,1,1,2,1,1,1,3,2,2
SF,IF2005,2020-04-13 11:06:28.600,3732.4000,10797,0,4181269380.000,0,-,-,-,-,3732.4000,3732.2000,3731.8000,3731.6000,3730.8000,3733.0000,3733.2000,3734.2000,3734.6000,3735.8000,1,1,1,2,1,1,1,3,2,2
SF,IF2005,2020-04-13 11:06:29.100,3732.4000,10797,0,4182389100.000,1,0,1,空换,B,3732.2000,3731.8000,3731.6000,3730.8000,3730.4000,3733.0000,3733.2000,3734.2000,3734.6000,3735.8000,1,1,2,1,2,1,1,3,2,2
SF,IF2005,2020-04-13 11:06:29.600,3733.0000,10797,0,4183509000.000,1,0,1,空换,B,3732.4000,3732.2000,3731.8000,3731.6000,3730.8000,3733.2000,3734.2000,3735.8000,3736.0000,3736.2000,1,1,1,2,1,1,3,2,1,1
SF,IF2005,2020-04-13 11:06:30.100,3733.0000,10797,0,4183509000.000,0,-,-,-,-,3732.2000,3731.8000,3731.6000,3730.8000,3730.4000,3733.2000,3734.2000,3735.2000,3735.8000,3736.0000,1,1,2,1,2,1,3,2,2,1
SF,IF2005,2020-04-13 11:06:31.100,3733.0000,10797,0,4183509000.000,0,-,-,-,-,3732.8000,3732.2000,3731.8000,3731.6000,3730.8000,3733.2000,3734.2000,3735.2000,3735.8000,3736.0000,1,2,1,2,1,1,3,2,2,1
SF,IF2005,2020-04-13 11:06:33.100,3733.2000,10797,0,4184628960.000,1,0,1,空换,B,3732.8000,3732.6000,3732.2000,3731.8000,3731.6000,3734.2000,3735.2000,3735.8000,3736.0000,3736.2000,1,1,2,1,2,3,2,2,1,1
SF,IF2005,2020-04-13 11:06:33.600,3733.2000,10797,0,4184628960.000,0,-,-,-,-,3732.8000,3732.6000,3732.2000,3731.8000,3731.6000,3734.0000,3734.2000,3735.2000,3735.8000,3736.0000,1,1,2,1,2,4,3,2,2,1
SF,IF2005,2020-04-13 11:06:34.100,3733.2000,10797,0,4184628960.000,0,-,-,-,-,3732.8000,3732.6000,3732.2000,3731.8000,3731.6000,3733.6000,3734.0000,3735.2000,3735.8000,3736.0000,1,1,2,1,2,3,4,2,2,1
SF,IF2005,2020-04-13 11:06:34.600,3733.2000,10797,0,4184628960.000,0,-,-,-,-,3732.8000,3732.6000,3732.2000,3731.8000,3731.6000,3733.4000,3734.0000,3735.2000,3735.8000,3736.0000,1,1,2,1,2,1,3,2,2,1
SF,IF2005,2020-04-13 11:06:35.100,3733.2000,10797,0,4184628960.000,0,-,-,-,-,3732.8000,3732.6000,3732.2000,3731.8000,3731.6000,3733.4000,3734.0000,3735.2000,3735.8000,3736.0000,1,1,2,1,2,1,1,2,2,1
SF,IF2005,2020-04-13 11:06:35.600,3733.2000,10797,0,4184628960.000,0,-,-,-,-,3732.8000,3732.6000,3732.2000,3731.8000,3731.6000,3733.4000,3735.2000,3735.8000,3736.0000,3736.2000,1,1,2,1,2,1,2,2,1,1
SF,IF2005,2020-04-13 11:06:40.100,3733.2000,10797,0,4184628960.000,0,-,-,-,-,3732.8000,3732.6000,3732.2000,3731.8000,3731.6000,3733.4000,3735.2000,3735.8000,3736.0000,3736.2000,1,1,2,1,2,1,2,2,1,1
SF,IF2005,2020-04-13 11:06:44.100,3733.2000,10797,0,4184628960.000,0,-,-,-,-,3732.8000,3732.6000,3732.2000,3731.8000,3731.6000,3733.4000,3735.2000,3735.8000,3736.0000,3736.2000,1,1,2,1,2,1,2,2,1,1
SF,IF2005,2020-04-13 11:06:49.100,3733.2000,10797,0,4184628960.000,0,-,-,-,-,3732.8000,3732.6000,3732.2000,3731.8000,3731.6000,3733.4000,3735.2000,3735.8000,3736.0000,3736.2000,1,1,2,1,2,1,2,2,1,1
SF,IF2005,2020-04-13 11:06:51.100,3730.4000,10804,7,4198062120.000,12,9,3,多开,B,3730.2000,3730.0000,3729.0000,3728.6000,3727.0000,3730.4000,3733.4000,3735.0000,3735.2000,3735.8000,1,2,1,4,1,13,1,1,2,2
SF,IF2005,2020-04-13 11:06:51.600,3730.4000,10811,7,4212610680.000,13,10,3,多开,B,3732.2000,3731.8000,3731.2000,3731.0000,3730.8000,3733.4000,3735.0000,3735.2000,3735.8000,3736.0000,1,1,2,2,2,1,1,2,2,1
SF,IF2005,2020-04-13 11:06:52.100,3732.2000,10811,0,4213730340.000,1,0,1,空换,B,3731.0000,3730.8000,3730.6000,3730.4000,3730.2000,3732.2000,3733.0000,3733.2000,3733.4000,3735.0000,1,2,3,11,3,1,1,2,1,1
SF,IF2005,2020-04-13 11:06:52.600,3732.2000,10810,-1,4214850000.000,1,0,1,双平,B,3732.2000,3731.6000,3731.4000,3731.2000,3730.8000,3733.2000,3735.0000,3735.2000,3735.8000,3736.0000,1,1,5,3,4,1,1,2,2,1
SF,IF2005,2020-04-13 11:06:53.100,3732.2000,10810,0,4215969660.000,1,0,1,空换,B,3731.6000,3731.4000,3731.2000,3730.8000,3730.6000,3732.2000,3732.8000,3733.0000,3735.0000,3735.2000,1,1,3,4,4,1,1,4,1,2
SF,IF2005,2020-04-13 11:06:53.600,3732.8000,10810,0,4217089500.000,1,0,1,空换,B,3732.2000,3731.6000,3731.2000,3730.8000,3730.6000,3733.0000,3735.0000,3735.2000,3735.8000,3736.0000,1,1,3,4,4,3,1,2,2,1
SF,IF2005,2020-04-13 11:06:54.100,3732.2000,10811,1,4218209160.000,1,1,0,双开,B,3731.8000,3731.6000,3731.2000,3730.8000,3730.6000,3733.0000,3735.0000,3735.2000,3735.8000,3736.0000,1,1,3,3,4,3,1,2,2,1
SF,IF2005,2020-04-13 11:06:54.600,3732.2000,10811,0,4218209160.000,0,-,-,-,-,3731.8000,3731.6000,3731.2000,3730.8000,3730.6000,3732.8000,3733.0000,3735.0000,3735.2000,3735.8000,1,1,2,2,5,1,3,1,2,2
SF,IF2005,2020-04-13 11:06:55.100,3732.2000,10811,0,4218209160.000,0,-,-,-,-,3731.8000,3731.6000,3731.2000,3730.8000,3730.6000,3732.6000,3732.8000,3735.0000,3735.2000,3735.8000,1,1,2,2,5,2,1,1,2,2
SF,IF2005,2020-04-13 11:06:55.600,3732.4000,10811,0,4219328880.000,1,0,1,空换,B,3731.8000,3731.2000,3730.8000,3730.6000,3730.4000,3732.6000,3732.8000,3735.0000,3735.2000,3735.8000,1,2,2,5,9,2,1,1,2,2
SF,IF2005,2020-04-13 11:06:56.100,3732.6000,10810,-1,4220448660.000,1,0,1,双平,B,3731.8000,3731.2000,3730.8000,3730.6000,3730.4000,3732.6000,3732.8000,3735.0000,3735.2000,3735.8000,1,2,2,5,9,1,1,1,2,2
SF,IF2005,2020-04-13 11:06:56.600,3732.6000,10810,0,4220448660.000,0,-,-,-,-,3731.8000,3731.2000,3730.8000,3730.6000,3730.4000,3732.6000,3732.8000,3735.0000,3735.2000,3735.8000,1,2,3,5,9,1,1,1,2,2
SF,IF2005,2020-04-13 11:06:57.100,3732.6000,10810,0,4220448660.000,0,-,-,-,-,3731.8000,3731.2000,3730.8000,3730.6000,3730.4000,3732.6000,3732.8000,3735.0000,3735.2000,3735.8000,1,2,3,5,9,1,1,1,2,2
SF,IF2005,2020-04-13 11:06:57.600,3732.6000,10810,0,4220448660.000,0,-,-,-,-,3731.2000,3730.8000,3730.6000,3730.4000,3730.2000,3732.6000,3732.8000,3734.0000,3735.0000,3735.8000,2,3,5,5,5,1,1,1,1,2
SF,IF2005,2020-04-13 11:06:58.100,3732.6000,10810,0,4220448660.000,0,-,-,-,-,3731.6000,3731.4000,3731.2000,3730.8000,3730.6000,3732.8000,3733.8000,3734.0000,3735.0000,3735.8000,2,1,2,3,4,1,2,1,1,2
SF,IF2005,2020-04-13 11:06:58.600,3732.6000,10810,0,4220448660.000,0,-,-,-,-,3732.6000,3731.8000,3731.6000,3731.4000,3731.2000,3732.8000,3733.8000,3734.0000,3735.0000,3735.8000,1,1,3,1,1,1,2,1,1,2
SF,IF2005,2020-04-13 11:06:59.100,3732.6000,10810,0,4221568440.000,1,0,1,空换,B,3731.8000,3731.6000,3731.4000,3731.2000,3730.8000,3732.8000,3733.8000,3734.0000,3735.0000,3735.8000,1,2,1,1,3,1,2,1,1,2
SF,IF2005,2020-04-13 11:06:59.600,3732.6000,10810,0,4221568440.000,0,-,-,-,-,3731.8000,3731.6000,3731.4000,3731.2000,3730.8000,3732.8000,3733.8000,3734.0000,3735.0000,3735.8000,1,2,1,1,3,1,2,1,1,2
SF,IF2005,2020-04-13 11:07:00.100,3732.6000,10810,0,4221568440.000,0,-,-,-,-,3731.8000,3731.6000,3731.4000,3731.2000,3730.8000,3732.8000,3733.8000,3734.0000,3735.0000,3735.8000,1,2,1,1,3,1,2,1,1,2
SF,IF2005,2020-04-13 11:07:00.600,3732.6000,10810,0,4221568440.000,0,-,-,-,-,3731.8000,3731.6000,3731.4000,3731.2000,3730.8000,3732.8000,3733.8000,3734.0000,3735.0000,3735.8000,1,2,1,1,3,1,2,1,1,2
SF,IF2005,2020-04-13 11:07:01.100,3732.6000,10810,0,4221568440.000,0,-,-,-,-,3731.8000,3731.6000,3731.4000,3731.2000,3730.8000,3732.8000,3733.8000,3734.0000,3735.0000,3735.8000,1,2,1,1,3,1,2,1,1,2
SF,IF2005,2020-04-13 11:07:01.600,3732.6000,10810,0,4221568440.000,0,-,-,-,-,3731.8000,3731.6000,3731.4000,3731.2000,3730.8000,3732.8000,3734.0000,3735.0000,3735.8000,3736.0000,1,2,1,1,3,1,1,1,2,1
SF,IF2005,2020-04-13 11:07:02.100,3732.6000,10810,0,4221568440.000,0,-,-,-,-,3731.8000,3731.6000,3731.4000,3731.2000,3730.8000,3732.8000,3734.0000,3734.6000,3735.0000,3735.4000,1,2,1,1,2,1,1,2,1,2
SF,IF2005,2020-04-13 11:07:02.600,3732.6000,10810,0,4221568440.000,0,-,-,-,-,3731.8000,3731.6000,3731.4000,3731.2000,3730.8000,3732.8000,3734.0000,3734.6000,3734.8000,3735.0000,1,2,1,1,2,1,1,2,1,1
SF,IF2005,2020-04-13 11:07:03.600,3732.6000,10810,0,4221568440.000,0,-,-,-,-,3731.8000,3731.6000,3731.4000,3731.2000,3730.8000,3732.8000,3734.0000,3734.6000,3734.8000,3735.0000,1,2,1,1,2,1,1,2,1,3
SF,IF2005,2020-04-13 11:07:04.600,3732.6000,10810,0,4221568440.000,0,-,-,-,-,3731.8000,3731.6000,3731.4000,3731.2000,3730.8000,3732.8000,3734.0000,3734.6000,3734.8000,3735.0000,1,2,1,1,2,1,1,2,1,3
SF,IF2005,2020-04-13 11:07:05.100,3732.6000,10810,0,4221568440.000,0,-,-,-,-,3731.8000,3731.6000,3731.4000,3731.2000,3730.8000,3732.8000,3734.0000,3734.6000,3734.8000,3735.0000,1,2,1,1,2,1,1,2,1,1
SF,IF2005,2020-04-13 11:07:05.600,3732.6000,10810,0,4221568440.000,0,-,-,-,-,3731.8000,3731.6000,3731.4000,3731.2000,3730.8000,3732.8000,3734.0000,3734.6000,3734.8000,3735.0000,1,2,1,1,2,1,1,2,1,1
SF,IF2005,2020-04-13 11:07:06.100,3732.6000,10810,0,4221568440.000,0,-,-,-,-,3731.8000,3731.6000,3731.4000,3731.2000,3730.8000,3732.8000,3734.0000,3734.6000,3734.8000,3735.0000,1,2,1,1,2,1,1,2,1,1
SF,IF2005,2020-04-13 11:07:07.100,3732.6000,10810,0,4221568440.000,0,-,-,-,-,3732.8000,3732.4000,3732.2000,3732.0000,3731.8000,3734.0000,3734.6000,3734.8000,3735.0000,3735.6000,1,1,2,1,1,1,2,1,1,2
SF,IF2005,2020-04-13 11:07:07.600,3732.6000,10810,0,4221568440.000,0,-,-,-,-,3732.8000,3732.4000,3732.2000,3731.8000,3730.8000,3733.6000,3733.8000,3734.0000,3734.6000,3734.8000,2,1,1,1,2,3,2,1,2,1
SF,IF2005,2020-04-13 11:07:08.100,3732.6000,10810,0,4221568440.000,0,-,-,-,-,3732.8000,3732.4000,3732.2000,3731.8000,3731.2000,3733.6000,3733.8000,3734.6000,3734.8000,3735.0000,2,1,1,1,1,3,2,2,1,1
SF,IF2005,2020-04-13 11:07:08.600,3732.6000,10810,0,4221568440.000,0,-,-,-,-,3733.6000,3732.8000,3732.4000,3732.2000,3731.8000,3733.8000,3734.8000,3735.0000,3735.8000,3736.0000,3,2,1,1,1,2,1,1,2,1
SF,IF2005,2020-04-13 11:07:09.100,3733.6000,10810,0,4224928680.000,3,1,2,空换,B,3732.8000,3732.4000,3732.2000,3731.8000,3731.4000,3733.6000,3733.8000,3734.8000,3735.0000,3735.8000,2,1,1,1,1,1,1,1,1,2
SF,IF2005,2020-04-13 11:07:09.600,3733.6000,10810,0,4224928680.000,0,-,-,-,-,3732.8000,3732.4000,3732.2000,3731.8000,3731.6000,3733.6000,3733.8000,3734.8000,3735.0000,3735.6000,2,1,1,1,1,1,1,1,1,2
SF,IF2005,2020-04-13 11:07:10.100,3733.6000,10810,0,4224928680.000,0,-,-,-,-,3732.8000,3732.4000,3732.2000,3731.8000,3731.6000,3733.6000,3733.8000,3734.8000,3735.0000,3735.6000,2,1,1,1,1,1,1,1,1,2
SF,IF2005,2020-04-13 11:07:12.100,3733.6000,10810,0,4224928680.000,0,-,-,-,-,3732.8000,3732.4000,3732.2000,3731.8000,3731.6000,3733.4000,3733.8000,3734.8000,3735.0000,3735.6000,2,1,1,1,1,1,1,1,1,2
SF,IF2005,2020-04-13 11:07:13.100,3733.6000,10810,0,4224928680.000,0,-,-,-,-,3732.8000,3732.4000,3731.8000,3731.6000,3731.4000,3733.2000,3733.8000,3734.8000,3735.0000,3735.6000,2,1,1,1,1,1,1,1,1,2
SF,IF2005,2020-04-13 11:07:14.100,3733.6000,10810,0,4224928680.000,0,-,-,-,-,3732.8000,3732.4000,3731.8000,3731.6000,3731.4000,3733.0000,3733.8000,3734.8000,3735.0000,3735.6000,2,1,1,1,1,1,1,1,1,2
SF,IF2005,2020-04-13 11:07:14.600,3733.0000,10810,0,4226048580.000,1,0,1,空换,B,3732.8000,3732.4000,3731.8000,3731.6000,3731.4000,3733.8000,3734.8000,3735.0000,3735.6000,3735.8000,2,1,1,1,1,1,1,1,2,2
SF,IF2005,2020-04-13 11:07:15.100,3733.0000,10810,0,4226048580.000,0,-,-,-,-,3732.8000,3732.4000,3731.8000,3731.6000,3731.4000,3733.6000,3733.8000,3734.8000,3735.0000,3735.6000,2,1,1,1,1,2,1,1,1,2
SF,IF2005,2020-04-13 11:07:16.100,3733.0000,10810,0,4226048580.000,0,-,-,-,-,3732.8000,3732.4000,3731.8000,3731.6000,3731.4000,3733.6000,3733.8000,3734.8000,3735.0000,3735.6000,1,1,1,1,1,2,1,1,1,2
SF,IF2005,2020-04-13 11:07:16.600,3733.0000,10810,0,4226048580.000,0,-,-,-,-,3732.8000,3732.4000,3731.8000,3731.6000,3731.4000,3733.6000,3733.8000,3734.6000,3734.8000,3735.0000,1,1,1,1,1,2,1,1,1,1
SF,IF2005,2020-04-13 11:07:20.100,3733.0000,10810,0,4226048580.000,0,-,-,-,-,3732.8000,3732.4000,3731.8000,3731.6000,3731.4000,3733.6000,3733.8000,3734.6000,3734.8000,3735.0000,1,1,1,1,1,2,1,1,1,1
SF,IF2005,2020-04-13 11:07:20.600,3733.0000,10810,0,4226048580.000,0,-,-,-,-,3732.8000,3731.8000,3731.6000,3731.2000,3730.8000,3733.4000,3733.6000,3734.6000,3734.8000,3735.0000,1,2,1,1,4,1,2,1,1,1
SF,IF2005,2020-04-13 11:07:21.100,3733.4000,10810,0,4227168600.000,1,0,1,空换,B,3733.0000,3732.8000,3731.8000,3731.6000,3731.2000,3733.6000,3734.6000,3734.8000,3735.0000,3735.6000,2,1,2,1,1,2,1,1,1,2
SF,IF2005,2020-04-13 11:07:21.600,3732.8000,10810,0,4230528240.000,3,1,2,空换,B,3731.8000,3731.6000,3731.2000,3730.8000,3730.6000,3733.4000,3733.6000,3734.6000,3734.8000,3735.0000,2,1,1,4,2,5,2,1,1,1
SF,IF2005,2020-04-13 11:07:22.100,3732.8000,10810,0,4230528240.000,0,-,-,-,-,3732.0000,3731.8000,3731.2000,3730.8000,3730.6000,3733.6000,3734.8000,3735.0000,3735.8000,3736.0000,2,2,1,4,2,2,1,3,2,1
SF,IF2005,2020-04-13 11:07:22.600,3732.8000,10810,0,4230528240.000,0,-,-,-,-,3732.2000,3732.0000,3731.8000,3731.2000,3730.8000,3733.4000,3733.6000,3734.8000,3735.0000,3735.8000,1,2,1,1,4,1,2,1,3,2
SF,IF2005,2020-04-13 11:07:23.100,3732.8000,10810,0,4230528240.000,0,-,-,-,-,3732.2000,3732.0000,3731.8000,3731.2000,3731.0000,3733.6000,3734.8000,3735.0000,3735.8000,3736.0000,1,2,1,1,1,2,1,3,2,1
SF,IF2005,2020-04-13 11:07:23.600,3732.8000,10810,0,4230528240.000,0,-,-,-,-,3732.2000,3732.0000,3731.8000,3731.2000,3731.0000,3733.4000,3733.6000,3734.8000,3735.0000,3735.8000,1,2,1,1,1,1,2,1,3,2
SF,IF2005,2020-04-13 11:07:24.100,3732.8000,10810,0,4230528240.000,0,-,-,-,-,3732.2000,3732.0000,3731.8000,3731.2000,3731.0000,3733.6000,3734.8000,3735.0000,3735.8000,3736.0000,1,2,1,1,1,2,1,3,2,1
SF,IF2005,2020-04-13 11:07:24.600,3732.8000,10810,0,4230528240.000,0,-,-,-,-,3732.4000,3732.2000,3732.0000,3731.8000,3731.2000,3733.6000,3734.8000,3735.0000,3735.8000,3736.0000,1,1,1,1,1,2,1,3,2,1
SF,IF2005,2020-04-13 11:07:25.100,3732.8000,10810,0,4230528240.000,0,-,-,-,-,3732.6000,3732.4000,3731.8000,3731.2000,3731.0000,3733.6000,3734.8000,3735.0000,3735.8000,3736.0000,1,1,1,1,1,2,1,3,2,1
SF,IF2005,2020-04-13 11:07:26.100,3732.8000,10810,0,4230528240.000,0,-,-,-,-,3732.6000,3732.4000,3731.8000,3731.2000,3731.0000,3732.8000,3733.6000,3734.8000,3735.0000,3735.8000,1,1,1,1,1,1,2,1,3,2
SF,IF2005,2020-04-13 11:07:26.600,3732.8000,10810,0,4231648080.000,1,0,1,空换,B,3732.6000,3731.8000,3731.2000,3731.0000,3730.8000,3733.6000,3734.8000,3735.0000,3735.8000,3736.0000,1,1,1,1,4,2,1,3,2,1
SF,IF2005,2020-04-13 11:07:27.600,3732.8000,10810,0,4231648080.000,0,-,-,-,-,3733.0000,3732.6000,3731.2000,3731.0000,3730.8000,3733.4000,3733.6000,3734.8000,3735.0000,3735.8000,2,1,1,1,4,1,2,1,3,2
SF,IF2005,2020-04-13 11:07:28.100,3732.8000,10810,0,4231648080.000,0,-,-,-,-,3733.0000,3732.6000,3731.2000,3731.0000,3730.8000,3733.4000,3733.6000,3734.8000,3735.0000,3735.8000,1,1,1,1,4,1,2,1,3,2
SF,IF2005,2020-04-13 11:07:28.600,3733.0000,10811,1,4232767980.000,1,1,0,双开,B,3732.6000,3731.2000,3731.0000,3730.8000,3730.6000,3733.4000,3733.6000,3734.8000,3735.0000,3735.8000,1,1,1,4,2,1,2,1,3,2
SF,IF2005,2020-04-13 11:07:29.100,3733.0000,10811,0,4232767980.000,0,-,-,-,-,3731.2000,3731.0000,3730.8000,3730.6000,3730.4000,3733.2000,3733.4000,3733.6000,3734.8000,3735.0000,1,1,4,2,11,1,1,1,1,3
SF,IF2005,2020-04-13 11:07:29.600,3733.0000,10811,0,4232767980.000,0,-,-,-,-,3731.6000,3731.4000,3731.2000,3731.0000,3730.8000,3732.8000,3733.0000,3733.2000,3734.8000,3735.0000,1,1,1,1,2,2,3,5,1,3
SF,IF2005,2020-04-13 11:07:30.100,3733.0000,10811,0,4232767980.000,0,-,-,-,-,3731.8000,3731.6000,3731.0000,3730.8000,3730.6000,3732.6000,3732.8000,3733.0000,3734.8000,3735.0000,1,2,1,2,2,1,2,1,1,3
SF,IF2005,2020-04-13 11:07:30.600,3733.0000,10811,0,4232767980.000,0,-,-,-,-,3731.8000,3731.6000,3730.8000,3730.6000,3730.4000,3732.4000,3732.8000,3733.0000,3734.8000,3735.0000,1,2,2,2,6,1,2,1,1,3
SF,IF2005,2020-04-13 11:07:31.100,3731.8000,10811,0,4233887520.000,1,0,1,空换,B,3731.6000,3730.8000,3730.6000,3730.4000,3730.2000,3732.4000,3732.8000,3733.0000,3734.8000,3735.0000,2,2,2,6,4,1,2,1,1,3
SF,IF2005,2020-04-13 11:07:31.600,3731.8000,10811,0,4233887520.000,0,-,-,-,-,3731.6000,3730.8000,3730.6000,3730.4000,3730.2000,3732.4000,3732.8000,3733.0000,3734.8000,3735.0000,2,1,2,7,4,1,1,1,1,3
SF,IF2005,2020-04-13 11:07:32.100,3731.8000,10811,0,4233887520.000,0,-,-,-,-,3732.2000,3731.6000,3731.4000,3730.8000,3730.6000,3732.4000,3732.8000,3733.0000,3734.8000,3735.0000,1,2,1,1,2,1,1,1,1,3
SF,IF2005,2020-04-13 11:07:33.100,3731.8000,10811,0,4233887520.000,0,-,-,-,-,3732.2000,3731.6000,3731.4000,3730.8000,3730.6000,3732.4000,3732.8000,3733.0000,3734.6000,3734.8000,1,2,1,1,2,1,1,1,1,1
SF,IF2005,2020-04-13 11:07:33.600,3732.2000,10811,0,4235007180.000,1,0,1,空换,B,3731.6000,3731.4000,3730.8000,3730.6000,3730.4000,3732.4000,3732.8000,3733.0000,3734.6000,3734.8000,1,1,1,2,6,1,1,1,1,1
SF,IF2005,2020-04-13 11:07:34.100,3732.2000,10811,0,4235007180.000,0,-,-,-,-,3731.6000,3731.4000,3730.8000,3730.6000,3730.4000,3732.4000,3732.8000,3733.0000,3734.6000,3734.8000,1,1,1,2,6,1,1,1,1,1
SF,IF2005,2020-04-13 11:07:34.600,3732.2000,10811,0,4235007180.000,0,-,-,-,-,3731.4000,3730.6000,3730.4000,3730.2000,3730.0000,3732.4000,3732.8000,3733.0000,3733.8000,3734.6000,1,2,5,5,3,1,1,1,2,1
SF,IF2005,2020-04-13 11:07:35.100,3732.2000,10811,0,4235007180.000,0,-,-,-,-,3731.4000,3730.6000,3730.4000,3730.2000,3730.0000,3732.4000,3732.8000,3733.0000,3733.8000,3734.6000,1,2,5,5,3,1,1,1,2,1
SF,IF2005,2020-04-13 11:07:35.600,3732.2000,10811,0,4235007180.000,0,-,-,-,-,3731.4000,3730.6000,3730.4000,3730.2000,3730.0000,3732.4000,3732.8000,3733.0000,3733.8000,3734.6000,1,2,5,5,3,1,1,1,2,1
SF,IF2005,2020-04-13 11:07:36.100,3731.4000,10812,1,4236126600.000,1,1,0,双开,B,3730.6000,3730.4000,3730.2000,3730.0000,3729.6000,3732.4000,3732.8000,3733.0000,3733.8000,3734.6000,2,5,5,3,5,1,1,1,2,1
SF,IF2005,2020-04-13 11:07:36.600,3731.4000,10812,0,4236126600.000,0,-,-,-,-,3731.2000,3731.0000,3730.8000,3730.6000,3730.4000,3732.2000,3732.4000,3732.8000,3733.8000,3734.6000,2,2,4,2,5,1,1,1,2,1
SF,IF2005,2020-04-13 11:07:37.100,3731.4000,10812,0,4236126600.000,0,-,-,-,-,3731.4000,3731.2000,3731.0000,3730.8000,3730.6000,3732.0000,3732.2000,3733.8000,3734.6000,3734.8000,1,3,2,1,2,1,1,2,1,1
SF,IF2005,2020-04-13 11:07:37.600,3731.4000,10812,0,4236126600.000,0,-,-,-,-,3731.4000,3731.2000,3731.0000,3730.8000,3730.6000,3732.0000,3732.2000,3733.8000,3734.6000,3734.8000,1,3,2,1,2,1,1,2,1,1
SF,IF2005,2020-04-13 11:07:38.100,3731.4000,10812,0,4236126600.000,0,-,-,-,-,3731.4000,3731.2000,3731.0000,3730.8000,3730.6000,3732.0000,3732.2000,3733.8000,3734.6000,3734.8000,1,3,2,1,2,1,1,2,1,1
SF,IF2005,2020-04-13 11:07:38.600,3732.0000,10811,-1,4238365620.000,2,0,2,空平,B,3731.2000,3731.0000,3730.8000,3730.6000,3730.4000,3732.2000,3733.8000,3734.6000,3734.8000,3735.0000,3,2,1,2,4,1,2,1,1,1
SF,IF2005,2020-04-13 11:07:39.100,3732.0000,10811,0,4238365620.000,0,-,-,-,-,3731.2000,3731.0000,3730.8000,3730.6000,3730.4000,3732.2000,3733.8000,3734.6000,3734.8000,3735.0000,3,2,1,2,4,1,2,1,1,1
SF,IF2005,2020-04-13 11:07:40.100,3732.0000,10811,0,4238365620.000,0,-,-,-,-,3731.2000,3731.0000,3730.8000,3730.6000,3730.4000,3732.2000,3733.8000,3734.6000,3734.8000,3735.0000,3,2,1,2,4,1,2,1,1,1
SF,IF2005,2020-04-13 11:07:40.600,3732.0000,10811,0,4238365620.000,0,-,-,-,-,3731.6000,3731.2000,3731.0000,3730.8000,3730.6000,3732.2000,3733.8000,3734.4000,3734.6000,3734.8000,1,3,2,1,2,1,2,2,1,1
SF,IF2005,2020-04-13 11:07:41.100,3732.0000,10811,0,4238365620.000,0,-,-,-,-,3731.2000,3731.0000,3730.8000,3730.6000,3730.4000,3732.2000,3733.8000,3734.4000,3734.6000,3734.8000,3,2,1,2,4,1,2,2,1,1
SF,IF2005,2020-04-13 11:07:42.600,3732.0000,10811,0,4238365620.000,0,-,-,-,-,3731.2000,3731.0000,3730.8000,3730.6000,3730.4000,3732.2000,3733.8000,3734.4000,3734.6000,3734.8000,3,2,1,2,3,1,2,2,1,1
SF,IF2005,2020-04-13 11:07:43.100,3731.2000,10810,-1,4239484980.000,1,0,1,双平,B,3731.2000,3731.0000,3730.8000,3730.6000,3730.4000,3732.2000,3733.8000,3734.4000,3734.6000,3734.8000,2,2,1,2,3,2,2,2,1,1
SF,IF2005,2020-04-13 11:07:43.600,3731.2000,10810,0,4239484980.000,0,-,-,-,-,3731.2000,3731.0000,3730.8000,3730.6000,3730.4000,3732.2000,3733.8000,3734.4000,3734.6000,3734.8000,2,2,1,2,3,1,2,2,1,1
SF,IF2005,2020-04-13 11:07:44.100,3731.2000,10810,0,4239484980.000,0,-,-,-,-,3731.2000,3731.0000,3730.8000,3730.6000,3730.4000,3732.2000,3733.8000,3734.4000,3734.6000,3734.8000,2,2,1,2,3,2,2,2,1,1
SF,IF2005,2020-04-13 11:07:45.100,3731.2000,10810,0,4239484980.000,0,-,-,-,-,3731.2000,3731.0000,3730.8000,3730.6000,3730.4000,3732.2000,3733.8000,3734.4000,3734.6000,3734.8000,1,2,1,2,3,1,2,2,1,1
SF,IF2005,2020-04-13 11:07:45.600,3731.2000,10810,0,4239484980.000,0,-,-,-,-,3731.2000,3731.0000,3730.8000,3730.6000,3730.4000,3732.2000,3733.8000,3734.4000,3734.6000,3734.8000,1,2,1,2,3,1,2,2,1,1
SF,IF2005,2020-04-13 11:07:46.100,3731.2000,10810,0,4239484980.000,0,-,-,-,-,3731.2000,3731.0000,3730.8000,3730.6000,3730.4000,3732.2000,3733.8000,3734.4000,3734.6000,3734.8000,1,2,1,2,3,1,2,2,1,1
SF,IF2005,2020-04-13 11:07:46.600,3731.2000,10810,0,4239484980.000,0,-,-,-,-,3731.2000,3731.0000,3730.6000,3730.4000,3730.2000,3732.0000,3732.2000,3733.8000,3734.4000,3734.6000,1,1,1,3,3,1,2,2,2,1
SF,IF2005,2020-04-13 11:07:47.100,3731.2000,10810,0,4239484980.000,0,-,-,-,-,3731.0000,3730.6000,3730.4000,3730.2000,3730.0000,3731.8000,3732.0000,3733.8000,3734.4000,3734.6000,1,2,3,3,2,1,2,2,2,1
SF,IF2005,2020-04-13 11:07:47.600,3731.2000,10810,0,4239484980.000,0,-,-,-,-,3730.6000,3730.4000,3730.2000,3730.0000,3729.6000,3731.8000,3732.0000,3733.8000,3734.4000,3734.6000,2,3,3,2,4,1,2,2,2,1
SF,IF2005,2020-04-13 11:07:48.100,3730.6000,10811,1,4240604160.000,1,1,0,双开,B,3730.6000,3730.4000,3730.2000,3730.0000,3729.6000,3731.8000,3732.0000,3733.8000,3734.6000,3734.8000,1,2,3,2,2,2,2,2,1,1
SF,IF2005,2020-04-13 11:07:48.600,3730.6000,10811,0,4240604160.000,0,-,-,-,-,3730.6000,3730.4000,3730.2000,3730.0000,3729.6000,3731.8000,3732.0000,3733.8000,3734.6000,3734.8000,1,2,2,2,2,2,2,2,1,1
SF,IF2005,2020-04-13 11:07:49.100,3730.6000,10811,0,4240604160.000,0,-,-,-,-,3730.6000,3730.4000,3730.2000,3730.0000,3729.6000,3731.6000,3731.8000,3733.8000,3734.6000,3734.8000,1,2,2,2,2,2,2,2,1,1
SF,IF2005,2020-04-13 11:07:49.600,3730.6000,10811,0,4240604160.000,0,-,-,-,-,3730.6000,3730.4000,3730.2000,3730.0000,3729.6000,3731.4000,3731.6000,3733.8000,3734.6000,3734.8000,1,2,2,2,2,1,2,2,1,1
SF,IF2005,2020-04-13 11:07:50.100,3730.6000,10811,0,4240604160.000,0,-,-,-,-,3730.6000,3730.4000,3730.2000,3730.0000,3729.6000,3731.2000,3731.4000,3731.6000,3733.8000,3734.6000,1,2,2,2,2,1,1,1,2,1
SF,IF2005,2020-04-13 11:07:50.600,3730.6000,10811,0,4240604160.000,0,-,-,-,-,3730.6000,3730.4000,3730.2000,3730.0000,3729.6000,3731.2000,3731.4000,3731.6000,3733.8000,3734.6000,1,2,2,2,2,2,1,2,2,1
SF,IF2005,2020-04-13 11:07:51.100,3731.2000,10811,0,4241723520.000,1,0,1,空换,B,3730.6000,3730.4000,3730.2000,3730.0000,3729.0000,3731.2000,3731.4000,3731.6000,3733.8000,3734.6000,1,2,2,2,1,1,1,2,2,1
SF,IF2005,2020-04-13 11:07:51.600,3731.2000,10811,0,4241723520.000,0,-,-,-,-,3730.6000,3730.4000,3730.2000,3730.0000,3729.0000,3731.2000,3731.4000,3731.6000,3733.8000,3734.6000,1,2,2,2,1,1,1,2,2,1
SF,IF2005,2020-04-13 11:07:52.100,3731.2000,10811,0,4241723520.000,0,-,-,-,-,3730.6000,3730.4000,3730.2000,3730.0000,3729.0000,3731.4000,3731.6000,3733.8000,3734.6000,3734.8000,1,2,2,2,1,1,2,2,1,1
SF,IF2005,2020-04-13 11:07:52.600,3731.2000,10811,0,4241723520.000,0,-,-,-,-,3730.4000,3730.2000,3730.0000,3729.0000,3728.8000,3731.2000,3731.4000,3731.6000,3732.6000,3734.6000,2,1,3,1,13,1,1,1,2,1
SF,IF2005,2020-04-13 11:07:53.100,3731.2000,10811,0,4241723520.000,0,-,-,-,-,3730.4000,3730.2000,3730.0000,3729.0000,3728.8000,3731.2000,3731.4000,3731.6000,3732.6000,3734.6000,2,1,3,1,13,1,1,1,2,1
SF,IF2005,2020-04-13 11:07:53.600,3731.2000,10811,0,4241723520.000,0,-,-,-,-,3730.4000,3730.2000,3730.0000,3729.0000,3728.8000,3731.2000,3731.4000,3731.6000,3732.6000,3733.8000,2,1,3,1,13,1,1,1,2,1
SF,IF2005,2020-04-13 11:07:54.100,3731.2000,10811,0,4241723520.000,0,-,-,-,-,3730.4000,3730.2000,3730.0000,3729.0000,3728.8000,3731.0000,3731.2000,3731.6000,3732.6000,3733.8000,2,1,3,1,13,1,1,1,2,1
SF,IF2005,2020-04-13 11:07:54.600,3731.0000,10811,0,4242842820.000,1,0,1,空换,B,3730.4000,3730.2000,3730.0000,3729.0000,3728.8000,3731.0000,3731.2000,3731.6000,3732.6000,3733.8000,2,1,3,1,8,1,1,1,2,1
SF,IF2005,2020-04-13 11:07:55.100,3731.0000,10811,0,4242842820.000,0,-,-,-,-,3730.4000,3730.2000,3730.0000,3729.0000,3728.8000,3731.2000,3731.6000,3732.6000,3733.8000,3734.6000,2,1,3,1,8,1,1,2,1,1
SF,IF2005,2020-04-13 11:07:56.100,3731.0000,10811,0,4242842820.000,0,-,-,-,-,3730.4000,3730.2000,3730.0000,3729.0000,3728.8000,3731.2000,3731.6000,3732.6000,3733.8000,3734.6000,2,1,3,1,8,1,1,2,1,1
SF,IF2005,2020-04-13 11:07:56.600,3731.2000,10811,0,4243962180.000,1,0,1,空换,B,3730.6000,3730.4000,3730.2000,3730.0000,3729.0000,3731.2000,3731.6000,3732.6000,3733.8000,3734.6000,1,2,1,3,1,1,1,2,1,1
SF,IF2005,2020-04-13 11:07:57.100,3731.2000,10811,0,4243962180.000,0,-,-,-,-,3730.6000,3730.4000,3730.2000,3730.0000,3729.0000,3731.6000,3732.6000,3733.8000,3734.6000,3734.8000,1,2,1,3,1,1,2,1,1,1
SF,IF2005,2020-04-13 11:07:57.600,3731.2000,10811,0,4243962180.000,0,-,-,-,-,3730.6000,3730.4000,3730.2000,3730.0000,3729.0000,3731.6000,3732.6000,3733.8000,3734.6000,3734.8000,1,2,1,3,1,1,2,1,1,1
SF,IF2005,2020-04-13 11:07:58.100,3731.2000,10811,0,4243962180.000,0,-,-,-,-,3731.0000,3730.8000,3730.4000,3730.2000,3730.0000,3731.6000,3732.6000,3733.8000,3734.6000,3734.8000,1,1,2,1,3,1,2,1,1,1
SF,IF2005,2020-04-13 11:07:58.600,3731.2000,10811,0,4243962180.000,0,-,-,-,-,3731.0000,3730.8000,3730.4000,3730.2000,3730.0000,3731.6000,3732.6000,3733.8000,3734.6000,3734.8000,1,1,2,1,3,1,2,1,1,1
SF,IF2005,2020-04-13 11:07:59.100,3731.2000,10811,0,4243962180.000,0,-,-,-,-,3731.0000,3730.8000,3730.4000,3730.2000,3730.0000,3731.6000,3732.6000,3733.8000,3734.6000,3734.8000,1,1,2,1,3,1,2,1,1,1
SF,IF2005,2020-04-13 11:07:59.600,3731.2000,10811,0,4243962180.000,0,-,-,-,-,3731.0000,3730.8000,3730.4000,3730.2000,3730.0000,3731.6000,3732.6000,3733.8000,3734.6000,3734.8000,1,1,2,1,3,2,2,1,1,1
SF,IF2005,2020-04-13 11:08:00.600,3731.2000,10811,0,4243962180.000,0,-,-,-,-,3730.8000,3730.4000,3730.2000,3730.0000,3729.4000,3731.6000,3732.6000,3733.8000,3734.6000,3734.8000,1,2,1,3,2,2,2,1,1,1
SF,IF2005,2020-04-13 11:08:01.100,3731.2000,10811,0,4243962180.000,0,-,-,-,-,3730.4000,3730.2000,3730.0000,3729.4000,3729.0000,3731.6000,3732.6000,3733.8000,3734.6000,3734.8000,2,1,3,2,2,2,2,1,1,1
SF,IF2005,2020-04-13 11:08:01.600,3731.2000,10811,0,4243962180.000,0,-,-,-,-,3730.6000,3730.4000,3730.2000,3730.0000,3729.4000,3731.0000,3731.4000,3731.6000,3732.6000,3733.8000,1,2,1,3,2,1,2,2,2,1
SF,IF2005,2020-04-13 11:08:02.600,3731.2000,10811,0,4243962180.000,0,-,-,-,-,3730.6000,3730.4000,3730.2000,3730.0000,3729.0000,3731.0000,3731.4000,3731.6000,3732.6000,3733.8000,1,2,1,3,2,1,2,2,2,1
SF,IF2005,2020-04-13 11:08:06.100,3731.2000,10811,0,4243962180.000,0,-,-,-,-,3730.6000,3730.4000,3730.2000,3730.0000,3729.2000,3731.0000,3731.4000,3731.6000,3732.6000,3733.8000,1,2,1,3,2,1,2,2,2,1
SF,IF2005,2020-04-13 11:08:06.600,3731.2000,10811,0,4243962180.000,0,-,-,-,-,3730.6000,3730.4000,3730.2000,3730.0000,3729.2000,3731.0000,3731.4000,3731.6000,3732.6000,3733.8000,1,2,1,3,2,2,2,2,2,1
SF,IF2005,2020-04-13 11:08:10.600,3731.0000,10810,-1,4245081480.000,1,0,1,双平,B,3730.6000,3730.4000,3730.2000,3730.0000,3729.2000,3731.0000,3731.4000,3731.6000,3733.8000,3734.6000,1,2,1,3,2,1,2,1,1,1
SF,IF2005,2020-04-13 11:08:11.100,3731.0000,10810,0,4246200780.000,1,0,1,空换,B,3730.6000,3730.4000,3730.2000,3730.0000,3729.2000,3731.4000,3731.6000,3733.6000,3733.8000,3734.8000,1,2,1,3,2,1,1,2,1,1
SF,IF2005,2020-04-13 11:08:15.100,3731.0000,10810,0,4246200780.000,0,-,-,-,-,3731.0000,3730.6000,3730.4000,3730.2000,3730.0000,3731.6000,3733.6000,3733.8000,3734.8000,3735.0000,1,2,2,1,3,1,2,1,1,1
SF,IF2005,2020-04-13 11:08:15.600,3731.0000,10810,0,4246200780.000,0,-,-,-,-,3731.0000,3730.6000,3730.4000,3730.2000,3730.0000,3731.6000,3733.6000,3733.8000,3734.8000,3735.0000,1,2,2,1,3,1,2,1,1,1
SF,IF2005,2020-04-13 11:08:16.100,3731.0000,10810,0,4246200780.000,0,-,-,-,-,3730.6000,3730.4000,3730.2000,3730.0000,3729.2000,3731.6000,3733.6000,3733.8000,3734.8000,3735.0000,1,2,1,3,2,1,2,1,1,1
SF,IF2005,2020-04-13 11:08:16.600,3731.6000,10811,1,4247320260.000,1,1,0,双开,B,3731.4000,3731.2000,3730.8000,3730.6000,3730.4000,3733.6000,3733.8000,3734.8000,3735.0000,3735.8000,1,1,3,2,2,2,1,1,1,2
SF,IF2005,2020-04-13 11:08:17.100,3731.6000,10811,0,4247320260.000,0,-,-,-,-,3731.6000,3731.4000,3731.2000,3731.0000,3730.8000,3732.6000,3732.8000,3733.0000,3733.2000,3733.4000,2,1,1,2,2,1,5,4,1,2
SF,IF2005,2020-04-13 11:08:17.600,3731.6000,10811,0,4247320260.000,0,-,-,-,-,3732.0000,3731.6000,3731.4000,3731.2000,3731.0000,3733.0000,3733.4000,3733.8000,3734.8000,3735.0000,1,2,1,1,1,2,2,1,1,1
SF,IF2005,2020-04-13 11:08:18.100,3731.6000,10811,0,4247320260.000,0,-,-,-,-,3732.0000,3731.6000,3731.4000,3731.2000,3731.0000,3732.8000,3733.0000,3733.4000,3733.8000,3734.6000,1,2,1,1,1,1,2,1,1,2
SF,IF2005,2020-04-13 11:08:18.600,3731.6000,10811,0,4247320260.000,0,-,-,-,-,3732.6000,3732.2000,3731.4000,3731.2000,3731.0000,3733.4000,3733.8000,3734.6000,3734.8000,3735.0000,1,1,1,1,1,1,1,2,1,1
SF,IF2005,2020-04-13 11:08:19.100,3731.6000,10811,0,4247320260.000,0,-,-,-,-,3732.4000,3732.2000,3731.4000,3731.0000,3730.8000,3733.4000,3733.8000,3734.6000,3734.8000,3735.0000,2,3,1,1,1,1,1,2,1,1
SF,IF2005,2020-04-13 11:08:19.600,3731.6000,10811,0,4247320260.000,0,-,-,-,-,3732.4000,3732.2000,3731.4000,3731.0000,3730.8000,3733.2000,3733.4000,3733.8000,3734.6000,3734.8000,1,3,1,1,1,1,1,1,2,1
SF,IF2005,2020-04-13 11:08:20.100,3732.2000,10812,1,4251798960.000,4,2,2,多开,B,3731.4000,3731.0000,3730.8000,3730.6000,3730.4000,3733.2000,3733.4000,3733.8000,3734.6000,3734.8000,1,1,1,1,2,1,1,1,2,1
SF,IF2005,2020-04-13 11:08:20.600,3732.2000,10812,0,4251798960.000,0,-,-,-,-,3731.4000,3731.0000,3730.8000,3730.6000,3730.4000,3732.6000,3733.2000,3733.4000,3733.8000,3734.6000,1,1,1,1,2,1,1,1,1,2
SF,IF2005,2020-04-13 11:08:21.100,3732.2000,10812,0,4251798960.000,0,-,-,-,-,3731.4000,3731.0000,3730.8000,3730.6000,3730.4000,3732.4000,3732.6000,3732.8000,3733.0000,3733.4000,1,1,1,1,2,2,1,5,1,1
SF,IF2005,2020-04-13 11:08:21.600,3732.2000,10812,0,4252918620.000,1,0,1,空换,B,3732.2000,3731.4000,3730.4000,3730.2000,3730.0000,3732.4000,3732.8000,3733.0000,3733.4000,3733.8000,1,1,2,1,7,2,5,1,1,1
SF,IF2005,2020-04-13 11:08:22.100,3732.2000,10812,0,4254038280.000,1,0,1,空换,B,3731.4000,3730.4000,3730.2000,3730.0000,3729.8000,3732.4000,3732.8000,3733.0000,3733.4000,3733.8000,1,2,1,2,1,1,5,1,1,1
SF,IF2005,2020-04-13 11:08:22.600,3732.2000,10812,0,4254038280.000,0,-,-,-,-,3731.6000,3731.4000,3730.4000,3730.2000,3730.0000,3732.4000,3732.8000,3733.0000,3733.4000,3733.8000,1,1,2,1,2,1,5,1,1,1
SF,IF2005,2020-04-13 11:08:23.100,3732.2000,10812,0,4254038280.000,0,-,-,-,-,3731.6000,3731.4000,3730.4000,3730.2000,3730.0000,3733.4000,3733.8000,3734.6000,3734.8000,3735.0000,1,1,2,1,2,1,1,2,1,1
SF,IF2005,2020-04-13 11:08:23.600,3732.2000,10812,0,4254038280.000,0,-,-,-,-,3732.0000,3731.8000,3731.4000,3730.4000,3730.2000,3733.0000,3733.2000,3733.4000,3733.8000,3734.6000,1,2,1,2,1,1,1,1,1,2
SF,IF2005,2020-04-13 11:08:24.100,3732.2000,10812,0,4254038280.000,0,-,-,-,-,3732.0000,3731.8000,3730.4000,3730.2000,3730.0000,3732.8000,3733.0000,3733.4000,3733.8000,3734.6000,2,2,2,1,2,1,1,1,1,2
SF,IF2005,2020-04-13 11:08:27.600,3732.2000,10812,0,4254038280.000,0,-,-,-,-,3732.0000,3731.8000,3730.4000,3730.2000,3730.0000,3732.8000,3733.0000,3733.4000,3733.8000,3734.6000,2,2,2,1,2,1,1,1,1,2
SF,IF2005,2020-04-13 11:08:28.100,3732.8000,10812,0,4255158120.000,1,0,1,空换,B,3732.0000,3731.8000,3730.4000,3730.2000,3730.0000,3733.0000,3733.4000,3733.8000,3734.6000,3734.8000,2,2,3,1,2,1,1,1,2,1
SF,IF2005,2020-04-13 11:08:28.600,3732.8000,10812,0,4255158120.000,0,-,-,-,-,3732.2000,3732.0000,3731.8000,3730.4000,3730.2000,3733.0000,3733.4000,3733.8000,3734.6000,3734.8000,1,2,1,3,1,1,1,1,2,1
SF,IF2005,2020-04-13 11:08:31.600,3732.8000,10812,0,4255158120.000,0,-,-,-,-,3732.2000,3732.0000,3731.8000,3730.4000,3730.2000,3733.0000,3733.4000,3733.8000,3734.6000,3734.8000,1,1,1,3,1,1,1,1,2,1
SF,IF2005,2020-04-13 11:08:32.100,3732.8000,10812,0,4255158120.000,0,-,-,-,-,3732.0000,3731.8000,3730.4000,3730.2000,3730.0000,3733.0000,3733.4000,3733.8000,3734.6000,3734.8000,1,1,3,1,2,1,1,1,2,1
SF,IF2005,2020-04-13 11:08:32.600,3732.8000,10812,0,4255158120.000,0,-,-,-,-,3732.0000,3731.8000,3730.4000,3730.2000,3730.0000,3732.8000,3733.0000,3733.4000,3733.8000,3734.6000,1,1,3,1,2,1,1,1,1,2
SF,IF2005,2020-04-13 11:08:34.100,3732.8000,10812,0,4256277960.000,1,0,1,空换,B,3732.0000,3731.8000,3730.4000,3730.2000,3730.0000,3733.0000,3733.4000,3733.8000,3734.6000,3734.8000,1,1,3,1,2,1,1,1,2,1
SF,IF2005,2020-04-13 11:08:34.600,3732.8000,10812,0,4256277960.000,0,-,-,-,-,3732.2000,3732.0000,3731.8000,3730.4000,3730.2000,3733.0000,3733.4000,3733.8000,3734.6000,3734.8000,1,1,1,3,1,1,1,1,2,1
SF,IF2005,2020-04-13 11:08:35.600,3732.8000,10812,0,4256277960.000,0,-,-,-,-,3732.2000,3732.0000,3730.4000,3730.2000,3730.0000,3733.0000,3733.4000,3733.8000,3734.6000,3734.8000,1,1,3,1,2,1,1,1,2,1
SF,IF2005,2020-04-13 11:08:36.100,3732.8000,10812,0,4256277960.000,0,-,-,-,-,3732.2000,3732.0000,3730.4000,3730.2000,3730.0000,3733.0000,3733.4000,3733.8000,3734.6000,3734.8000,1,1,3,1,2,1,1,1,2,1
SF,IF2005,2020-04-13 11:08:37.100,3732.8000,10812,0,4256277960.000,0,-,-,-,-,3732.2000,3732.0000,3730.4000,3730.2000,3730.0000,3733.0000,3733.4000,3733.8000,3734.6000,3734.8000,1,1,3,1,7,1,1,1,2,1
SF,IF2005,2020-04-13 11:08:41.100,3732.8000,10812,0,4256277960.000,0,-,-,-,-,3732.2000,3732.0000,3730.4000,3730.2000,3730.0000,3733.0000,3733.4000,3733.6000,3733.8000,3734.6000,1,1,3,1,7,1,1,1,1,2
SF,IF2005,2020-04-13 11:08:43.100,3732.8000,10812,0,4256277960.000,0,-,-,-,-,3732.4000,3732.2000,3730.4000,3730.2000,3730.0000,3733.0000,3733.4000,3733.6000,3733.8000,3734.6000,1,1,3,1,7,1,1,1,1,2
SF,IF2005,2020-04-13 11:08:43.600,3732.8000,10812,0,4256277960.000,0,-,-,-,-,3732.4000,3732.2000,3730.4000,3730.2000,3730.0000,3733.4000,3733.6000,3733.8000,3734.6000,3734.8000,1,1,3,1,7,1,1,1,2,1
SF,IF2005,2020-04-13 11:08:44.100,3732.8000,10812,0,4256277960.000,0,-,-,-,-,3732.6000,3732.4000,3730.4000,3730.2000,3730.0000,3733.4000,3733.6000,3733.8000,3734.6000,3734.8000,1,1,3,1,7,1,1,1,2,1
SF,IF2005,2020-04-13 11:08:45.600,3732.8000,10812,0,4256277960.000,0,-,-,-,-,3732.6000,3732.4000,3730.4000,3730.2000,3730.0000,3733.2000,3733.4000,3733.6000,3733.8000,3734.6000,1,1,3,1,7,1,1,1,1,2
SF,IF2005,2020-04-13 11:08:46.100,3732.8000,10812,0,4256277960.000,0,-,-,-,-,3732.4000,3730.4000,3730.2000,3730.0000,3729.8000,3733.2000,3733.4000,3733.6000,3733.8000,3734.6000,1,3,1,7,2,6,1,1,1,2
SF,IF2005,2020-04-13 11:08:46.600,3732.4000,10812,0,4257397680.000,1,0,1,空换,B,3730.4000,3730.2000,3730.0000,3729.8000,3729.6000,3733.2000,3733.4000,3733.6000,3733.8000,3734.6000,3,1,7,2,2,1,1,1,1,2
SF,IF2005,2020-04-13 11:08:47.100,3732.4000,10812,0,4257397680.000,0,-,-,-,-,3731.2000,3731.0000,3730.8000,3730.6000,3730.4000,3732.8000,3733.0000,3733.4000,3733.6000,3733.8000,3,3,3,7,4,1,9,1,1,1
SF,IF2005,2020-04-13 11:08:47.600,3732.4000,10812,0,4257397680.000,0,-,-,-,-,3731.4000,3731.2000,3731.0000,3730.8000,3730.6000,3732.8000,3733.0000,3733.4000,3733.6000,3733.8000,1,3,3,4,6,1,4,1,1,1
SF,IF2005,2020-04-13 11:08:48.600,3732.4000,10812,0,4257397680.000,0,-,-,-,-,3731.8000,3731.6000,3731.4000,3731.2000,3731.0000,3732.8000,3733.0000,3733.4000,3733.6000,3733.8000,1,1,1,2,3,1,4,1,1,1
SF,IF2005,2020-04-13 11:08:49.100,3732.4000,10812,0,4257397680.000,0,-,-,-,-,3732.0000,3731.8000,3731.6000,3731.2000,3731.0000,3732.8000,3733.0000,3733.4000,3733.6000,3733.8000,1,1,3,1,3,1,1,1,1,1
SF,IF2005,2020-04-13 11:08:49.600,3732.4000,10812,0,4257397680.000,0,-,-,-,-,3732.0000,3731.6000,3731.2000,3731.0000,3730.8000,3732.8000,3733.0000,3733.4000,3733.6000,3733.8000,1,3,1,3,3,1,1,1,1,1
SF,IF2005,2020-04-13 11:08:51.100,3732.4000,10812,0,4257397680.000,0,-,-,-,-,3732.0000,3731.6000,3731.2000,3731.0000,3730.8000,3732.8000,3733.0000,3733.4000,3733.6000,3733.8000,1,3,1,3,3,1,1,1,1,1
SF,IF2005,2020-04-13 11:08:51.600,3732.4000,10812,0,4257397680.000,0,-,-,-,-,3732.0000,3731.6000,3731.2000,3731.0000,3730.8000,3732.8000,3733.0000,3733.4000,3733.6000,3733.8000,1,2,1,3,3,1,1,1,1,1
SF,IF2005,2020-04-13 11:08:53.100,3732.4000,10812,0,4257397680.000,0,-,-,-,-,3732.0000,3731.6000,3731.2000,3731.0000,3730.8000,3732.8000,3733.0000,3733.4000,3733.6000,3733.8000,1,2,1,3,3,1,2,1,1,1
SF,IF2005,2020-04-13 11:08:53.600,3732.8000,10812,0,4258517520.000,1,0,1,空换,B,3732.0000,3731.6000,3731.2000,3731.0000,3730.8000,3733.0000,3733.4000,3733.6000,3733.8000,3734.6000,1,2,1,3,3,2,1,1,1,2
SF,IF2005,2020-04-13 11:09:01.100,3732.8000,10812,0,4258517520.000,0,-,-,-,-,3732.0000,3731.6000,3731.2000,3731.0000,3730.8000,3733.0000,3733.4000,3733.6000,3733.8000,3734.6000,1,1,1,3,3,2,1,1,1,2
SF,IF2005,2020-04-13 11:09:02.600,3732.8000,10812,0,4259637360.000,1,0,1,空换,B,3732.0000,3731.6000,3731.2000,3731.0000,3730.8000,3732.8000,3733.0000,3733.4000,3733.6000,3733.8000,1,1,1,3,3,1,1,1,1,1
SF,IF2005,2020-04-13 11:09:03.600,3732.0000,10812,0,4260756960.000,1,0,1,空换,B,3731.6000,3731.2000,3731.0000,3730.8000,3730.6000,3732.8000,3733.0000,3733.4000,3733.6000,3733.8000,1,1,3,3,5,1,1,1,1,1
SF,IF2005,2020-04-13 11:09:04.100,3732.0000,10812,0,4260756960.000,0,-,-,-,-,3731.6000,3731.2000,3731.0000,3730.8000,3730.6000,3732.6000,3732.8000,3733.0000,3733.4000,3733.6000,1,1,3,3,5,1,1,1,1,1
SF,IF2005,2020-04-13 11:09:04.600,3732.0000,10812,0,4260756960.000,0,-,-,-,-,3731.2000,3731.0000,3730.8000,3730.6000,3730.4000,3732.6000,3732.8000,3733.0000,3733.4000,3733.6000,1,1,3,5,4,1,1,1,1,1
SF,IF2005,2020-04-13 11:09:05.100,3732.0000,10812,0,4260756960.000,0,-,-,-,-,3731.4000,3731.2000,3731.0000,3730.8000,3730.6000,3732.6000,3732.8000,3733.0000,3733.4000,3733.6000,3,1,1,3,4,1,1,1,1,1
SF,IF2005,2020-04-13 11:09:07.100,3732.0000,10812,0,4260756960.000,0,-,-,-,-,3731.4000,3730.6000,3730.4000,3730.2000,3730.0000,3732.4000,3732.6000,3733.0000,3733.4000,3733.6000,2,2,4,1,2,5,1,1,1,1
SF,IF2005,2020-04-13 11:09:07.600,3732.0000,10812,0,4260756960.000,0,-,-,-,-,3730.6000,3730.4000,3730.2000,3730.0000,3729.8000,3732.2000,3732.4000,3733.0000,3733.4000,3733.6000,2,4,1,2,1,1,6,1,1,1
SF,IF2005,2020-04-13 11:09:08.100,3732.0000,10812,0,4260756960.000,0,-,-,-,-,3730.8000,3730.6000,3730.4000,3730.2000,3730.0000,3732.2000,3732.4000,3733.0000,3733.4000,3733.6000,2,1,3,1,2,1,6,1,1,3
SF,IF2005,2020-04-13 11:09:09.100,3732.0000,10812,0,4260756960.000,0,-,-,-,-,3730.8000,3730.6000,3730.4000,3730.2000,3730.0000,3732.0000,3732.2000,3732.4000,3733.0000,3733.4000,2,1,3,1,2,3,1,6,1,1
SF,IF2005,2020-04-13 11:09:10.100,3732.0000,10812,0,4260756960.000,0,-,-,-,-,3730.8000,3730.6000,3730.4000,3730.2000,3730.0000,3732.2000,3732.4000,3733.0000,3733.4000,3733.6000,2,1,3,1,2,1,6,1,1,3
SF,IF2005,2020-04-13 11:09:11.600,3732.0000,10812,0,4260756960.000,0,-,-,-,-,3730.8000,3730.4000,3730.2000,3730.0000,3729.8000,3732.2000,3732.4000,3733.0000,3733.4000,3733.6000,2,3,1,2,1,1,6,1,1,3
SF,IF2005,2020-04-13 11:09:12.100,3732.2000,10812,0,4261876620.000,1,0,1,空换,B,3732.2000,3730.8000,3730.4000,3730.2000,3730.0000,3732.4000,3733.0000,3733.4000,3733.6000,3733.8000,1,2,3,1,2,6,1,1,3,1
SF,IF2005,2020-04-13 11:09:12.600,3732.2000,10812,0,4262996280.000,1,0,1,空换,B,3730.8000,3730.4000,3730.2000,3730.0000,3729.8000,3732.0000,3732.2000,3732.4000,3733.0000,3733.4000,1,3,1,2,1,2,5,5,1,1
SF,IF2005,2020-04-13 11:09:13.100,3732.2000,10812,0,4262996280.000,0,-,-,-,-,3731.2000,3730.8000,3730.4000,3730.2000,3730.0000,3733.0000,3733.4000,3733.6000,3733.8000,3734.8000,1,1,3,1,2,1,1,3,1,1
SF,IF2005,2020-04-13 11:09:13.600,3732.2000,10812,0,4262996280.000,0,-,-,-,-,3731.4000,3731.2000,3730.4000,3730.2000,3730.0000,3732.6000,3732.8000,3733.0000,3733.4000,3733.6000,1,1,3,1,2,5,4,4,1,3
SF,IF2005,2020-04-13 11:09:14.600,3732.2000,10812,0,4262996280.000,0,-,-,-,-,3731.6000,3731.4000,3730.4000,3730.2000,3730.0000,3732.6000,3732.8000,3733.0000,3733.4000,3733.6000,1,1,3,1,2,5,3,4,1,3
SF,IF2005,2020-04-13 11:09:15.100,3732.2000,10812,0,4262996280.000,0,-,-,-,-,3732.0000,3731.8000,3730.4000,3730.2000,3730.0000,3732.8000,3733.0000,3733.4000,3733.6000,3733.8000,1,2,3,1,2,1,1,1,3,1
SF,IF2005,2020-04-13 11:09:15.600,3732.2000,10812,0,4262996280.000,0,-,-,-,-,3732.2000,3732.0000,3730.4000,3730.2000,3730.0000,3733.0000,3733.4000,3733.6000,3733.8000,3734.8000,2,2,3,1,2,1,1,1,1,1
SF,IF2005,2020-04-13 11:09:16.100,3732.2000,10812,0,4262996280.000,0,-,-,-,-,3732.2000,3732.0000,3730.4000,3730.2000,3730.0000,3733.0000,3733.4000,3733.6000,3733.8000,3734.8000,2,1,3,1,2,1,1,1,1,3
SF,IF2005,2020-04-13 11:09:18.600,3732.2000,10812,0,4262996280.000,0,-,-,-,-,3732.2000,3732.0000,3730.4000,3730.2000,3730.0000,3732.8000,3733.0000,3733.4000,3733.6000,3733.8000,2,1,3,1,2,1,1,1,1,1
SF,IF2005,2020-04-13 11:09:19.600,3732.2000,10812,0,4262996280.000,0,-,-,-,-,3732.2000,3732.0000,3730.4000,3730.2000,3730.0000,3732.8000,3733.0000,3733.4000,3733.6000,3733.8000,2,1,8,1,2,1,1,1,1,1
SF,IF2005,2020-04-13 11:09:20.100,3732.8000,10812,0,4264116120.000,1,0,1,空换,B,3732.4000,3732.2000,3730.4000,3730.2000,3730.0000,3733.0000,3733.6000,3733.8000,3734.8000,3735.0000,1,2,8,1,2,1,1,1,3,1
SF,IF2005,2020-04-13 11:09:20.600,3733.0000,10811,-1,4265236020.000,1,0,1,双平,B,3732.8000,3732.6000,3732.4000,3732.2000,3731.0000,3733.6000,3733.8000,3734.8000,3735.0000,3735.2000,1,2,1,1,2,1,1,3,1,2
SF,IF2005,2020-04-13 11:09:21.100,3733.0000,10810,-1,4266355920.000,1,0,1,双平,B,3733.0000,3732.6000,3732.4000,3732.2000,3731.0000,3733.6000,3733.8000,3734.8000,3735.0000,3735.2000,1,1,1,1,2,1,1,3,1,2
SF,IF2005,2020-04-13 11:09:21.600,3733.0000,10810,0,4266355920.000,0,-,-,-,-,3733.0000,3732.6000,3732.4000,3731.0000,3730.4000,3733.6000,3733.8000,3734.8000,3735.0000,3735.2000,4,1,2,2,8,1,1,3,1,2
SF,IF2005,2020-04-13 11:09:22.100,3733.6000,10810,0,4267476000.000,1,0,1,空换,B,3733.0000,3732.6000,3732.4000,3731.6000,3731.0000,3733.8000,3734.8000,3735.0000,3735.2000,3735.8000,4,1,1,1,2,1,1,1,2,1
SF,IF2005,2020-04-13 11:09:23.100,3733.6000,10810,0,4267476000.000,0,-,-,-,-,3733.0000,3732.6000,3732.4000,3731.6000,3731.0000,3733.8000,3734.8000,3735.0000,3735.2000,3735.8000,3,1,1,1,2,1,1,1,2,3
SF,IF2005,2020-04-13 11:09:23.600,3733.6000,10810,0,4267476000.000,0,-,-,-,-,3733.0000,3732.4000,3731.6000,3730.4000,3730.2000,3733.6000,3733.8000,3734.8000,3735.0000,3735.2000,3,1,1,8,1,1,1,1,1,2
SF,IF2005,2020-04-13 11:09:24.100,3733.0000,10812,2,4270835700.000,3,2,1,多开,B,3732.4000,3731.6000,3730.4000,3730.2000,3730.0000,3733.4000,3733.6000,3733.8000,3734.8000,3735.0000,1,1,8,1,2,1,1,1,1,1
SF,IF2005,2020-04-13 11:09:24.600,3733.0000,10812,0,4270835700.000,0,-,-,-,-,3732.4000,3730.4000,3730.2000,3730.0000,3729.8000,3733.2000,3733.4000,3733.8000,3734.8000,3735.0000,1,3,1,2,1,1,1,1,1,1
SF,IF2005,2020-04-13 11:09:25.100,3733.0000,10812,0,4270835700.000,0,-,-,-,-,3732.4000,3730.4000,3730.2000,3730.0000,3729.8000,3733.2000,3733.4000,3733.8000,3734.8000,3735.0000,1,3,1,3,1,1,1,1,1,1
SF,IF2005,2020-04-13 11:09:25.600,3733.0000,10812,0,4270835700.000,0,-,-,-,-,3732.4000,3730.4000,3730.2000,3730.0000,3729.8000,3733.2000,3733.4000,3733.8000,3734.8000,3735.0000,1,3,1,3,1,1,1,1,1,1
SF,IF2005,2020-04-13 11:09:26.100,3733.0000,10812,0,4270835700.000,0,-,-,-,-,3732.4000,3730.4000,3730.2000,3730.0000,3729.8000,3733.2000,3733.4000,3733.8000,3734.8000,3735.0000,1,3,1,3,1,1,1,1,3,1
SF,IF2005,2020-04-13 11:09:27.600,3733.0000,10812,0,4270835700.000,0,-,-,-,-,3732.4000,3730.6000,3730.4000,3730.2000,3730.0000,3733.2000,3733.4000,3733.8000,3734.8000,3735.0000,1,5,3,1,3,1,1,1,3,1
SF,IF2005,2020-04-13 11:09:28.100,3733.0000,10812,0,4270835700.000,0,-,-,-,-,3732.4000,3730.6000,3730.4000,3730.2000,3730.0000,3733.4000,3733.8000,3734.8000,3735.0000,3735.2000,1,5,3,1,3,1,1,3,1,2
SF,IF2005,2020-04-13 11:09:29.600,3733.0000,10812,0,4270835700.000,0,-,-,-,-,3732.6000,3732.4000,3730.6000,3730.4000,3730.2000,3733.4000,3733.8000,3734.8000,3735.0000,3735.2000,1,1,5,3,1,1,1,3,1,2
SF,IF2005,2020-04-13 11:09:30.600,3733.0000,10812,0,4270835700.000,0,-,-,-,-,3732.4000,3730.6000,3730.4000,3730.2000,3730.0000,3733.4000,3733.8000,3734.8000,3735.0000,3735.2000,1,5,3,1,3,1,1,3,1,2
SF,IF2005,2020-04-13 11:09:31.100,3733.0000,10812,0,4270835700.000,0,-,-,-,-,3732.4000,3730.6000,3730.4000,3730.2000,3730.0000,3733.2000,3733.4000,3733.8000,3734.8000,3735.0000,1,5,3,1,3,1,1,1,3,1
SF,IF2005,2020-04-13 11:09:32.100,3733.0000,10812,0,4270835700.000,0,-,-,-,-,3732.4000,3730.4000,3730.2000,3730.0000,3729.8000,3733.2000,3733.4000,3733.8000,3734.8000,3735.0000,1,3,1,3,1,1,1,1,3,1
SF,IF2005,2020-04-13 11:09:32.600,3733.0000,10812,0,4270835700.000,0,-,-,-,-,3732.4000,3730.4000,3730.2000,3730.0000,3729.8000,3733.2000,3733.4000,3733.8000,3734.8000,3735.0000,1,3,6,3,1,1,1,1,3,1
SF,IF2005,2020-04-13 11:09:35.100,3733.0000,10812,0,4270835700.000,0,-,-,-,-,3732.4000,3730.4000,3730.2000,3730.0000,3729.8000,3733.2000,3733.4000,3733.8000,3734.8000,3735.0000,1,3,6,3,1,1,1,1,3,1
SF,IF2005,2020-04-13 11:09:36.100,3733.0000,10812,0,4270835700.000,0,-,-,-,-,3732.4000,3730.4000,3730.2000,3730.0000,3729.8000,3733.2000,3733.4000,3733.8000,3734.8000,3735.0000,1,3,6,3,1,4,1,1,3,1
SF,IF2005,2020-04-13 11:09:36.600,3733.0000,10812,0,4270835700.000,0,-,-,-,-,3732.4000,3730.4000,3730.2000,3730.0000,3729.8000,3733.2000,3733.4000,3733.8000,3734.8000,3735.0000,1,3,6,3,1,1,1,1,3,1
SF,IF2005,2020-04-13 11:09:37.100,3733.0000,10812,0,4270835700.000,0,-,-,-,-,3732.4000,3730.4000,3730.2000,3730.0000,3729.8000,3733.4000,3733.8000,3734.8000,3735.0000,3735.2000,1,3,6,3,1,1,1,3,1,2
SF,IF2005,2020-04-13 11:09:37.600,3733.0000,10812,0,4270835700.000,0,-,-,-,-,3732.4000,3730.4000,3730.2000,3730.0000,3729.8000,3733.2000,3733.4000,3733.8000,3734.8000,3735.0000,1,3,6,3,1,1,1,1,3,1
SF,IF2005,2020-04-13 11:09:43.600,3732.4000,10813,1,4271955420.000,1,1,0,双开,B,3730.4000,3730.2000,3730.0000,3729.8000,3729.0000,3733.0000,3733.2000,3733.8000,3734.8000,3735.0000,3,6,3,1,1,1,1,1,3,1
SF,IF2005,2020-04-13 11:09:44.100,3732.4000,10813,0,4271955420.000,0,-,-,-,-,3731.2000,3731.0000,3730.8000,3730.6000,3730.4000,3732.8000,3733.0000,3733.8000,3734.8000,3735.0000,2,1,2,12,3,1,1,1,3,1
SF,IF2005,2020-04-13 11:09:44.600,3732.4000,10813,0,4271955420.000,0,-,-,-,-,3731.4000,3731.2000,3731.0000,3730.8000,3730.6000,3732.6000,3732.8000,3733.8000,3734.8000,3735.0000,2,2,1,2,9,1,1,1,3,1
SF,IF2005,2020-04-13 11:09:45.100,3732.4000,10813,0,4271955420.000,0,-,-,-,-,3731.6000,3731.4000,3731.2000,3731.0000,3730.8000,3732.6000,3732.8000,3733.8000,3734.8000,3735.0000,1,1,2,1,2,1,1,1,3,1
SF,IF2005,2020-04-13 11:09:45.600,3732.4000,10813,0,4271955420.000,0,-,-,-,-,3731.6000,3731.4000,3731.2000,3731.0000,3730.8000,3732.6000,3732.8000,3733.8000,3734.8000,3735.0000,1,1,2,1,2,1,1,1,3,1
SF,IF2005,2020-04-13 11:09:48.100,3732.4000,10813,0,4271955420.000,0,-,-,-,-,3731.6000,3731.4000,3731.2000,3731.0000,3730.8000,3732.6000,3732.8000,3733.8000,3734.8000,3735.0000,1,1,1,1,2,1,1,1,3,1
SF,IF2005,2020-04-13 11:09:48.600,3732.4000,10813,0,4271955420.000,0,-,-,-,-,3731.8000,3731.0000,3730.8000,3730.6000,3730.4000,3732.8000,3733.8000,3734.8000,3735.0000,3735.2000,2,1,2,8,3,1,1,3,1,2
SF,IF2005,2020-04-13 11:09:49.100,3732.4000,10813,0,4271955420.000,0,-,-,-,-,3731.8000,3731.0000,3730.8000,3730.6000,3730.4000,3732.8000,3733.8000,3734.8000,3735.0000,3735.2000,2,1,1,8,3,1,1,3,1,2
SF,IF2005,2020-04-13 11:09:50.100,3732.4000,10813,0,4271955420.000,0,-,-,-,-,3731.8000,3731.0000,3730.8000,3730.6000,3730.4000,3732.8000,3733.8000,3734.8000,3735.0000,3735.2000,1,1,1,8,3,1,1,3,1,2
SF,IF2005,2020-04-13 11:09:50.600,3732.4000,10813,0,4271955420.000,0,-,-,-,-,3731.8000,3731.0000,3730.8000,3730.6000,3730.4000,3732.8000,3733.8000,3734.8000,3735.0000,3735.2000,2,1,1,8,3,1,1,3,1,2
SF,IF2005,2020-04-13 11:09:51.600,3732.4000,10813,0,4271955420.000,0,-,-,-,-,3731.8000,3731.0000,3730.8000,3730.6000,3730.4000,3732.8000,3733.8000,3734.8000,3735.0000,3735.2000,2,1,1,8,3,1,1,3,1,2
SF,IF2005,2020-04-13 11:09:52.100,3732.4000,10813,0,4271955420.000,0,-,-,-,-,3731.8000,3731.0000,3730.8000,3730.6000,3730.4000,3732.8000,3733.8000,3734.8000,3735.0000,3735.2000,2,1,1,8,3,1,1,3,1,2
SF,IF2005,2020-04-13 11:09:52.600,3732.4000,10813,0,4271955420.000,0,-,-,-,-,3731.8000,3731.0000,3730.8000,3730.6000,3730.4000,3732.8000,3733.8000,3734.8000,3735.0000,3735.2000,2,1,1,8,3,1,1,3,1,2
SF,IF2005,2020-04-13 11:09:53.100,3732.4000,10813,0,4271955420.000,0,-,-,-,-,3731.8000,3731.0000,3730.8000,3730.6000,3730.4000,3732.6000,3732.8000,3733.8000,3734.8000,3735.0000,1,1,1,8,3,1,1,1,3,1
SF,IF2005,2020-04-13 11:09:53.600,3732.4000,10813,0,4271955420.000,0,-,-,-,-,3731.8000,3731.0000,3730.8000,3730.6000,3730.4000,3732.6000,3732.8000,3733.8000,3734.8000,3735.0000,1,1,1,8,3,1,1,1,3,1
SF,IF2005,2020-04-13 11:09:54.100,3732.4000,10813,0,4271955420.000,0,-,-,-,-,3731.8000,3731.0000,3730.8000,3730.6000,3730.4000,3732.4000,3732.6000,3733.8000,3734.8000,3735.0000,1,1,1,8,3,6,1,1,1,1
SF,IF2005,2020-04-13 11:09:54.600,3731.8000,10814,1,4273074960.000,1,1,0,双开,B,3730.6000,3730.4000,3730.2000,3730.0000,3729.8000,3731.8000,3732.2000,3732.4000,3733.6000,3733.8000,7,3,6,3,1,1,6,8,2,1
SF,IF2005,2020-04-13 11:09:55.100,3731.8000,10814,0,4273074960.000,0,-,-,-,-,3730.8000,3730.6000,3730.4000,3730.2000,3730.0000,3732.0000,3732.2000,3732.4000,3733.6000,3733.8000,2,4,3,1,3,5,5,8,2,1
SF,IF2005,2020-04-13 11:09:55.600,3731.8000,10814,0,4273074960.000,0,-,-,-,-,3731.0000,3730.8000,3730.4000,3730.2000,3730.0000,3732.0000,3732.2000,3732.4000,3733.6000,3733.8000,1,1,2,1,3,5,5,8,2,1
SF,IF2005,2020-04-13 11:09:56.100,3731.8000,10814,0,4273074960.000,0,-,-,-,-,3731.2000,3730.8000,3730.4000,3730.2000,3730.0000,3732.0000,3732.4000,3733.6000,3733.8000,3734.8000,1,1,2,1,3,1,2,2,1,1
SF,IF2005,2020-04-13 11:09:56.600,3731.8000,10814,0,4273074960.000,0,-,-,-,-,3731.2000,3730.8000,3730.4000,3730.2000,3730.0000,3732.4000,3733.8000,3734.0000,3734.8000,3735.0000,1,1,2,1,3,2,1,2,1,1
SF,IF2005,2020-04-13 11:09:57.100,3731.8000,10814,0,4273074960.000,0,-,-,-,-,3731.2000,3730.8000,3730.4000,3730.2000,3730.0000,3732.2000,3732.4000,3733.8000,3734.0000,3734.8000,1,1,2,1,3,1,2,1,2,1
SF,IF2005,2020-04-13 11:09:57.600,3731.8000,10814,0,4273074960.000,0,-,-,-,-,3731.2000,3730.8000,3730.4000,3730.2000,3730.0000,3732.0000,3732.2000,3732.4000,3733.8000,3734.0000,1,1,2,1,3,1,1,1,1,2
SF,IF2005,2020-04-13 11:09:58.100,3731.8000,10814,0,4273074960.000,0,-,-,-,-,3731.2000,3730.8000,3730.4000,3730.2000,3730.0000,3732.0000,3732.2000,3732.4000,3733.8000,3734.0000,1,1,2,1,3,1,1,1,1,2
SF,IF2005,2020-04-13 11:09:58.600,3731.8000,10814,0,4273074960.000,0,-,-,-,-,3731.4000,3730.8000,3730.4000,3730.2000,3730.0000,3732.0000,3732.2000,3732.4000,3733.8000,3734.0000,1,1,2,1,3,1,1,1,1,2
SF,IF2005,2020-04-13 11:09:59.100,3731.8000,10814,0,4273074960.000,0,-,-,-,-,3730.8000,3730.4000,3730.2000,3730.0000,3729.8000,3732.0000,3732.2000,3732.4000,3733.8000,3734.0000,1,2,1,3,1,1,1,1,1,2
SF,IF2005,2020-04-13 11:09:59.600,3731.8000,10814,0,4273074960.000,0,-,-,-,-,3731.0000,3730.8000,3730.4000,3730.2000,3730.0000,3732.0000,3732.2000,3732.4000,3733.8000,3734.0000,1,1,2,1,2,2,1,1,1,2
SF,IF2005,2020-04-13 11:10:00.600,3731.8000,10814,0,4273074960.000,0,-,-,-,-,3731.0000,3730.8000,3730.4000,3730.2000,3730.0000,3732.0000,3732.2000,3732.4000,3733.8000,3734.0000,1,1,2,1,2,2,1,1,1,2
SF,IF2005,2020-04-13 11:10:01.100,3731.8000,10814,0,4273074960.000,0,-,-,-,-,3731.2000,3731.0000,3730.4000,3730.2000,3730.0000,3732.0000,3732.2000,3732.4000,3733.8000,3734.0000,1,1,2,1,2,1,1,1,1,2
SF,IF2005,2020-04-13 11:10:01.600,3732.0000,10815,1,4274194560.000,1,1,0,双开,B,3731.4000,3731.2000,3730.4000,3730.2000,3730.0000,3732.2000,3733.8000,3734.0000,3734.8000,3735.0000,2,2,2,1,2,1,1,2,1,1
SF,IF2005,2020-04-13 11:10:02.100,3732.0000,10815,0,4274194560.000,0,-,-,-,-,3731.6000,3731.4000,3731.2000,3730.4000,3730.2000,3733.8000,3734.0000,3734.8000,3735.0000,3735.2000,2,1,1,2,1,1,2,1,1,2
SF,IF2005,2020-04-13 11:10:02.600,3732.0000,10815,0,4274194560.000,0,-,-,-,-,3731.6000,3731.4000,3730.4000,3730.2000,3730.0000,3732.6000,3733.0000,3733.2000,3733.4000,3733.6000,2,1,2,1,2,3,5,2,2,4
SF,IF2005,2020-04-13 11:10:03.100,3732.0000,10815,0,4274194560.000,0,-,-,-,-,3731.8000,3731.6000,3731.4000,3730.4000,3730.2000,3733.0000,3733.2000,3733.4000,3733.6000,3733.8000,1,2,1,2,1,5,2,2,4,2
SF,IF2005,2020-04-13 11:10:03.600,3732.0000,10815,0,4274194560.000,0,-,-,-,-,3732.0000,3731.8000,3731.4000,3730.4000,3730.2000,3732.8000,3733.2000,3733.4000,3733.6000,3733.8000,1,2,1,2,1,1,2,1,3,2
SF,IF2005,2020-04-13 11:10:04.100,3732.0000,10815,0,4274194560.000,0,-,-,-,-,3732.0000,3731.8000,3731.4000,3730.4000,3730.2000,3733.2000,3733.6000,3733.8000,3734.0000,3734.8000,2,1,1,2,1,2,1,2,2,1
SF,IF2005,2020-04-13 11:10:04.600,3732.0000,10815,0,4274194560.000,0,-,-,-,-,3732.0000,3731.8000,3731.4000,3730.4000,3730.2000,3733.0000,3733.2000,3733.6000,3733.8000,3734.0000,2,1,1,2,1,3,1,1,2,2
SF,IF2005,2020-04-13 11:10:05.100,3732.0000,10815,0,4274194560.000,0,-,-,-,-,3731.8000,3731.4000,3730.4000,3730.2000,3730.0000,3733.0000,3733.2000,3733.6000,3733.8000,3734.0000,1,1,2,1,2,8,1,1,2,2
SF,IF2005,2020-04-13 11:10:05.600,3732.0000,10815,0,4274194560.000,0,-,-,-,-,3731.8000,3730.4000,3730.2000,3730.0000,3729.8000,3733.0000,3733.2000,3733.6000,3733.8000,3734.0000,1,2,1,2,1,3,1,1,2,2
SF,IF2005,2020-04-13 11:10:09.600,3732.0000,10815,0,4274194560.000,0,-,-,-,-,3732.0000,3731.8000,3730.4000,3730.2000,3730.0000,3733.0000,3733.2000,3733.6000,3733.8000,3734.0000,1,1,2,1,2,3,1,1,2,2
SF,IF2005,2020-04-13 11:10:10.600,3732.0000,10815,0,4274194560.000,0,-,-,-,-,3732.2000,3731.8000,3730.4000,3730.2000,3730.0000,3733.0000,3733.2000,3733.8000,3734.0000,3734.8000,1,1,2,1,2,3,1,2,2,1
SF,IF2005,2020-04-13 11:10:11.100,3732.0000,10815,0,4274194560.000,0,-,-,-,-,3732.2000,3731.8000,3730.4000,3730.2000,3730.0000,3733.0000,3733.8000,3734.0000,3734.8000,3735.0000,1,1,2,1,2,3,2,2,1,1
SF,IF2005,2020-04-13 11:10:11.600,3732.0000,10815,0,4274194560.000,0,-,-,-,-,3732.2000,3731.8000,3730.4000,3730.2000,3730.0000,3733.0000,3733.8000,3734.0000,3734.8000,3735.0000,1,1,2,1,2,3,2,2,1,1
SF,IF2005,2020-04-13 11:10:12.100,3732.0000,10815,0,4274194560.000,0,-,-,-,-,3732.0000,3731.8000,3730.4000,3730.2000,3730.0000,3733.0000,3733.8000,3734.0000,3734.8000,3735.0000,1,1,2,1,2,3,2,2,1,1
SF,IF2005,2020-04-13 11:10:12.600,3732.0000,10815,0,4274194560.000,0,-,-,-,-,3732.0000,3730.4000,3730.2000,3730.0000,3729.8000,3732.6000,3733.0000,3733.8000,3734.0000,3734.8000,1,2,1,2,1,1,2,2,2,1
SF,IF2005,2020-04-13 11:10:13.100,3732.0000,10815,0,4275314160.000,1,0,1,空换,B,3730.4000,3730.2000,3730.0000,3729.8000,3729.0000,3732.2000,3732.4000,3732.6000,3732.8000,3733.0000,2,1,2,1,6,3,1,6,3,1
SF,IF2005,2020-04-13 11:10:13.600,3732.0000,10815,0,4275314160.000,0,-,-,-,-,3730.8000,3730.6000,3730.4000,3730.2000,3730.0000,3732.0000,3732.2000,3732.4000,3732.6000,3732.8000,1,3,2,1,2,1,9,1,5,1
SF,IF2005,2020-04-13 11:10:14.100,3732.0000,10815,0,4275314160.000,0,-,-,-,-,3731.0000,3730.8000,3730.6000,3730.4000,3730.2000,3732.0000,3732.2000,3732.4000,3732.6000,3732.8000,1,1,2,2,1,2,6,1,5,1
SF,IF2005,2020-04-13 11:10:16.100,3732.0000,10815,0,4275314160.000,0,-,-,-,-,3731.0000,3730.8000,3730.6000,3730.4000,3730.2000,3731.8000,3732.0000,3732.2000,3732.6000,3732.8000,1,1,2,2,1,1,2,5,5,1
SF,IF2005,2020-04-13 11:10:17.100,3732.0000,10815,0,4275314160.000,0,-,-,-,-,3731.0000,3730.8000,3730.6000,3730.4000,3730.2000,3731.8000,3732.0000,3732.2000,3732.6000,3732.8000,1,1,2,2,1,1,2,5,5,1
SF,IF2005,2020-04-13 11:10:17.600,3731.0000,10815,0,4276433460.000,1,0,1,空换,B,3730.6000,3730.4000,3730.2000,3730.0000,3729.8000,3731.6000,3731.8000,3732.0000,3732.2000,3732.6000,2,2,1,2,1,7,1,1,5,5
SF,IF2005,2020-04-13 11:10:18.100,3730.6000,10815,0,4277552640.000,1,0,1,空换,B,3730.4000,3730.2000,3730.0000,3729.8000,3729.0000,3731.4000,3731.6000,3732.2000,3732.6000,3732.8000,2,1,2,1,6,6,7,5,5,3
SF,IF2005,2020-04-13 11:10:18.600,3730.4000,10816,1,4279790880.000,2,1,1,多开,B,3730.2000,3730.0000,3729.8000,3729.0000,3728.8000,3731.2000,3731.4000,3731.6000,3732.2000,3732.8000,1,2,1,6,2,6,7,6,5,3
SF,IF2005,2020-04-13 11:10:19.100,3730.4000,10816,0,4279790880.000,0,-,-,-,-,3730.2000,3730.0000,3729.8000,3729.0000,3728.8000,3731.0000,3731.2000,3731.4000,3731.6000,3732.2000,1,2,1,1,2,1,7,6,5,5
SF,IF2005,2020-04-13 11:10:19.600,3730.2000,10816,0,4280909940.000,1,0,1,空换,B,3730.0000,3729.8000,3729.0000,3728.8000,3728.2000,3730.8000,3731.0000,3731.2000,3731.4000,3731.6000,2,1,1,2,1,1,1,6,6,5
SF,IF2005,2020-04-13 11:10:20.100,3730.2000,10816,0,4280909940.000,0,-,-,-,-,3730.0000,3729.8000,3729.0000,3728.8000,3728.2000,3730.8000,3731.0000,3731.2000,3731.4000,3731.6000,2,1,1,2,1,1,1,6,6,5
SF,IF2005,2020-04-13 11:10:21.600,3730.0000,10816,0,4283147940.000,2,1,1,空换,B,3730.2000,3729.8000,3729.0000,3728.8000,3728.2000,3730.8000,3731.0000,3731.2000,3731.4000,3731.6000,2,1,1,2,1,1,1,6,6,5
SF,IF2005,2020-04-13 11:10:22.100,3730.2000,10818,2,4285386000.000,2,2,0,双开,B,3729.8000,3729.0000,3728.8000,3728.2000,3728.0000,3730.6000,3730.8000,3731.2000,3731.4000,3731.6000,1,1,2,1,5,1,1,6,5,5
SF,IF2005,2020-04-13 11:10:22.600,3730.2000,10818,0,4285386000.000,0,-,-,-,-,3729.8000,3729.0000,3728.8000,3728.2000,3728.0000,3730.4000,3730.6000,3731.2000,3731.4000,3731.6000,1,1,2,1,5,1,1,5,5,5
SF,IF2005,2020-04-13 11:10:23.100,3730.2000,10818,0,4285386000.000,0,-,-,-,-,3729.8000,3729.0000,3728.8000,3728.2000,3728.0000,3730.4000,3730.6000,3731.2000,3731.4000,3732.8000,1,1,1,1,5,1,1,5,5,3
SF,IF2005,2020-04-13 11:10:24.600,3729.8000,10818,0,4286504940.000,1,0,1,空换,B,3729.0000,3728.8000,3728.2000,3728.0000,3727.2000,3730.2000,3730.4000,3731.2000,3731.4000,3732.8000,1,1,1,5,2,1,1,5,5,1
SF,IF2005,2020-04-13 11:10:25.100,3729.8000,10818,0,4286504940.000,0,-,-,-,-,3729.2000,3729.0000,3728.8000,3728.2000,3728.0000,3730.2000,3730.4000,3731.2000,3731.8000,3732.8000,2,1,1,1,5,1,1,5,2,1
SF,IF2005,2020-04-13 11:10:28.100,3729.8000,10818,0,4286504940.000,0,-,-,-,-,3729.2000,3729.0000,3728.8000,3728.2000,3728.0000,3730.2000,3730.4000,3731.2000,3731.8000,3732.8000,2,1,1,1,5,1,1,5,2,2
SF,IF2005,2020-04-13 11:10:28.600,3729.8000,10818,0,4286504940.000,0,-,-,-,-,3729.6000,3729.2000,3729.0000,3728.8000,3728.2000,3730.2000,3730.4000,3731.2000,3731.8000,3732.8000,1,2,1,1,1,1,1,5,2,2
SF,IF2005,2020-04-13 11:10:29.100,3729.8000,10818,0,4286504940.000,0,-,-,-,-,3729.2000,3729.0000,3728.8000,3728.2000,3728.0000,3730.2000,3730.4000,3731.2000,3731.8000,3732.8000,2,1,1,1,5,1,1,5,2,2
SF,IF2005,2020-04-13 11:10:29.600,3729.8000,10818,0,4286504940.000,0,-,-,-,-,3729.4000,3729.2000,3729.0000,3728.8000,3728.2000,3730.4000,3731.2000,3731.8000,3732.8000,3733.8000,1,2,1,1,1,1,5,2,2,2
SF,IF2005,2020-04-13 11:10:30.100,3729.8000,10818,0,4286504940.000,0,-,-,-,-,3729.6000,3729.4000,3729.2000,3729.0000,3728.8000,3730.4000,3731.2000,3731.8000,3732.8000,3733.8000,1,1,2,1,1,1,5,2,2,2
SF,IF2005,2020-04-13 11:10:30.600,3730.4000,10818,0,4287624060.000,1,0,1,空换,B,3729.6000,3729.4000,3729.2000,3729.0000,3728.8000,3730.0000,3731.2000,3731.8000,3732.8000,3733.8000,1,1,1,1,1,2,5,2,2,2
SF,IF2005,2020-04-13 11:10:31.100,3730.4000,10820,2,4289862300.000,2,2,0,双开,B,3730.2000,3729.8000,3729.6000,3729.4000,3729.0000,3731.8000,3732.8000,3733.8000,3734.8000,3735.0000,1,1,1,1,1,2,2,2,1,1
SF,IF2005,2020-04-13 11:10:31.600,3730.4000,10820,0,4289862300.000,0,-,-,-,-,3730.4000,3730.0000,3729.8000,3729.0000,3728.8000,3731.4000,3731.6000,3732.8000,3733.8000,3734.8000,2,1,1,1,1,1,11,2,2,1
SF,IF2005,2020-04-13 11:10:32.100,3730.4000,10820,0,4289862300.000,0,-,-,-,-,3730.4000,3730.0000,3729.8000,3729.0000,3728.8000,3731.4000,3731.6000,3732.8000,3733.8000,3734.8000,2,1,1,1,1,1,3,4,2,1
SF,IF2005,2020-04-13 11:10:32.600,3730.4000,10820,0,4292100540.000,2,1,1,空换,B,3730.0000,3729.8000,3729.0000,3728.8000,3728.2000,3731.2000,3731.4000,3731.6000,3732.8000,3733.8000,1,1,1,1,1,2,1,1,4,2
SF,IF2005,2020-04-13 11:10:33.100,3730.4000,10820,0,4292100540.000,0,-,-,-,-,3730.0000,3729.8000,3729.0000,3728.8000,3728.2000,3730.8000,3731.0000,3731.2000,3732.8000,3733.8000,1,1,1,1,1,1,1,7,4,2
SF,IF2005,2020-04-13 11:10:33.600,3730.4000,10820,0,4292100540.000,0,-,-,-,-,3730.0000,3729.0000,3728.8000,3728.2000,3728.0000,3730.6000,3730.8000,3731.0000,3731.2000,3732.8000,1,1,1,1,5,1,1,6,6,4
SF,IF2005,2020-04-13 11:10:34.100,3730.4000,10820,0,4292100540.000,0,-,-,-,-,3730.0000,3729.0000,3728.8000,3728.2000,3728.0000,3730.6000,3730.8000,3731.0000,3731.2000,3732.8000,1,1,1,1,5,1,1,6,5,4
SF,IF2005,2020-04-13 11:10:35.100,3730.4000,10820,0,4292100540.000,0,-,-,-,-,3730.0000,3729.0000,3728.8000,3728.2000,3728.0000,3730.6000,3730.8000,3731.0000,3732.8000,3733.8000,1,1,1,1,5,1,1,1,4,2
SF,IF2005,2020-04-13 11:10:35.600,3730.4000,10820,0,4292100540.000,0,-,-,-,-,3730.0000,3729.0000,3728.8000,3728.2000,3728.0000,3730.4000,3730.6000,3730.8000,3731.0000,3732.8000,1,1,1,1,5,4,1,1,1,4
SF,IF2005,2020-04-13 11:10:39.600,3730.4000,10820,0,4292100540.000,0,-,-,-,-,3730.0000,3729.0000,3728.8000,3728.2000,3728.0000,3730.4000,3730.6000,3730.8000,3731.0000,3732.8000,1,1,1,1,5,4,1,1,1,4
SF,IF2005,2020-04-13 11:10:43.100,3730.0000,10821,1,4293219540.000,1,1,0,双开,B,3729.0000,3728.8000,3728.2000,3728.0000,3727.8000,3730.4000,3730.6000,3730.8000,3731.0000,3732.8000,1,1,1,5,1,4,1,1,1,4
SF,IF2005,2020-04-13 11:10:43.600,3730.0000,10821,0,4293219540.000,0,-,-,-,-,3729.2000,3729.0000,3728.8000,3728.2000,3728.0000,3730.2000,3730.4000,3730.8000,3732.8000,3733.8000,5,1,1,1,5,1,4,1,4,2
SF,IF2005,2020-04-13 11:10:44.100,3730.0000,10821,0,4293219540.000,0,-,-,-,-,3729.4000,3729.2000,3729.0000,3728.8000,3728.2000,3730.2000,3730.4000,3730.8000,3732.8000,3733.8000,1,5,1,1,1,1,4,1,4,2
SF,IF2005,2020-04-13 11:10:44.600,3730.0000,10821,0,4293219540.000,0,-,-,-,-,3729.2000,3729.0000,3728.8000,3728.2000,3728.0000,3730.2000,3730.4000,3730.8000,3732.8000,3733.8000,4,1,1,1,5,1,4,1,4,2
SF,IF2005,2020-04-13 11:10:45.100,3730.0000,10821,0,4293219540.000,0,-,-,-,-,3729.2000,3729.0000,3728.8000,3728.2000,3728.0000,3730.2000,3730.4000,3732.8000,3733.8000,3734.8000,4,1,1,1,5,1,4,4,2,1
SF,IF2005,2020-04-13 11:10:46.600,3730.0000,10821,0,4293219540.000,0,-,-,-,-,3729.6000,3729.2000,3729.0000,3728.8000,3728.2000,3730.2000,3730.4000,3732.8000,3733.8000,3734.8000,1,4,1,1,1,1,4,4,2,1
SF,IF2005,2020-04-13 11:10:48.100,3730.0000,10821,0,4293219540.000,0,-,-,-,-,3729.6000,3729.2000,3729.0000,3728.8000,3728.2000,3730.2000,3730.4000,3732.8000,3733.8000,3734.8000,2,4,1,1,1,1,4,4,2,1
SF,IF2005,2020-04-13 11:10:54.100,3730.0000,10821,0,4293219540.000,0,-,-,-,-,3729.6000,3729.2000,3729.0000,3728.8000,3728.2000,3730.2000,3730.4000,3732.8000,3733.8000,3734.8000,2,3,1,1,1,1,4,4,2,1
SF,IF2005,2020-04-13 11:10:57.600,3730.0000,10821,0,4293219540.000,0,-,-,-,-,3729.6000,3729.2000,3729.0000,3728.8000,3728.2000,3730.2000,3730.4000,3732.8000,3733.8000,3734.8000,1,3,1,1,1,1,4,4,2,1
SF,IF2005,2020-04-13 11:11:00.100,3729.6000,10822,1,4294338420.000,1,1,0,双开,B,3729.2000,3729.0000,3728.8000,3728.2000,3728.0000,3730.2000,3730.4000,3732.8000,3733.8000,3734.8000,3,1,1,1,5,1,4,4,2,1
SF,IF2005,2020-04-13 11:11:00.600,3730.2000,10822,0,4295457480.000,1,0,1,空换,B,3730.0000,3729.8000,3729.6000,3729.4000,3729.2000,3730.4000,3732.8000,3733.8000,3734.8000,3735.0000,1,1,1,3,7,4,4,2,1,1
SF,IF2005,2020-04-13 11:11:01.100,3729.6000,10822,0,4296576360.000,1,0,1,空换,B,3729.4000,3729.2000,3729.0000,3728.8000,3728.2000,3729.6000,3730.4000,3732.8000,3733.8000,3734.8000,3,7,1,1,1,1,4,4,2,1
SF,IF2005,2020-04-13 11:11:01.600,3730.4000,10823,1,4298814360.000,2,1,1,多开,B,3730.0000,3729.8000,3729.6000,3729.4000,3729.2000,3730.4000,3732.8000,3733.8000,3734.8000,3735.0000,1,1,1,3,5,3,4,2,1,1
SF,IF2005,2020-04-13 11:11:02.100,3730.4000,10823,0,4298814360.000,0,-,-,-,-,3730.0000,3729.6000,3729.4000,3729.2000,3729.0000,3730.4000,3732.8000,3733.8000,3734.8000,3735.0000,1,1,3,1,1,3,4,2,1,1
SF,IF2005,2020-04-13 11:11:02.600,3730.0000,10824,1,4299933360.000,1,1,0,双开,B,3730.0000,3729.4000,3729.2000,3729.0000,3728.8000,3730.4000,3732.8000,3733.8000,3734.8000,3735.0000,1,3,1,1,1,3,4,2,1,1
SF,IF2005,2020-04-13 11:11:03.100,3730.0000,10825,1,4301052360.000,1,1,0,双开,B,3729.4000,3729.2000,3729.0000,3728.8000,3728.2000,3730.2000,3730.4000,3732.8000,3733.8000,3734.8000,1,1,1,1,1,1,3,4,2,1
SF,IF2005,2020-04-13 11:11:03.600,3730.0000,10825,0,4301052360.000,0,-,-,-,-,3729.6000,3729.2000,3729.0000,3728.8000,3728.2000,3730.2000,3730.4000,3732.8000,3733.8000,3734.8000,1,1,1,1,1,1,3,4,2,1
SF,IF2005,2020-04-13 11:11:05.600,3730.0000,10825,0,4301052360.000,0,-,-,-,-,3729.6000,3729.2000,3729.0000,3728.8000,3728.2000,3730.2000,3730.4000,3732.8000,3733.8000,3734.8000,1,1,1,1,1,1,3,4,2,1
SF,IF2005,2020-04-13 11:11:08.100,3730.0000,10825,0,4301052360.000,0,-,-,-,-,3729.6000,3729.2000,3729.0000,3728.8000,3728.2000,3730.2000,3730.4000,3732.8000,3733.8000,3734.8000,1,1,1,1,1,1,3,4,2,1
SF,IF2005,2020-04-13 11:11:11.100,3730.0000,10825,0,4301052360.000,0,-,-,-,-,3729.6000,3729.2000,3729.0000,3728.8000,3728.2000,3730.2000,3730.4000,3732.8000,3733.8000,3734.8000,1,1,1,1,1,1,3,4,2,1
SF,IF2005,2020-04-13 11:11:14.600,3729.6000,10825,0,4302171240.000,1,0,1,空换,B,3729.2000,3729.0000,3728.8000,3728.2000,3727.8000,3730.2000,3730.4000,3732.8000,3733.8000,3734.8000,1,1,1,1,1,1,3,4,2,1
SF,IF2005,2020-04-13 11:11:20.100,3729.6000,10825,0,4302171240.000,0,-,-,-,-,3729.6000,3729.4000,3729.2000,3729.0000,3728.8000,3730.4000,3732.8000,3733.8000,3734.8000,3735.0000,1,1,1,1,1,3,4,2,1,1
SF,IF2005,2020-04-13 11:11:20.600,3729.6000,10825,0,4302171240.000,0,-,-,-,-,3729.6000,3729.4000,3729.2000,3729.0000,3728.8000,3730.4000,3732.8000,3733.8000,3734.8000,3735.0000,1,2,1,1,1,3,4,2,1,1
SF,IF2005,2020-04-13 11:11:21.100,3729.6000,10825,0,4302171240.000,0,-,-,-,-,3729.6000,3729.4000,3729.2000,3729.0000,3728.8000,3730.4000,3732.8000,3733.8000,3734.8000,3735.0000,1,2,1,1,1,3,4,2,1,1
SF,IF2005,2020-04-13 11:11:21.600,3730.4000,10828,3,4305528600.000,3,3,0,双开,B,3729.8000,3729.6000,3729.4000,3729.2000,3729.0000,3732.8000,3733.8000,3734.8000,3735.0000,3735.2000,1,1,1,1,1,4,2,1,1,2
SF,IF2005,2020-04-13 11:11:22.100,3730.4000,10828,0,4305528600.000,0,-,-,-,-,3730.4000,3730.2000,3730.0000,3729.8000,3729.6000,3731.8000,3732.0000,3732.2000,3732.4000,3732.6000,1,1,3,1,2,1,6,2,2,3
SF,IF2005,2020-04-13 11:11:22.600,3730.4000,10828,0,4305528600.000,0,-,-,-,-,3731.2000,3730.8000,3730.6000,3730.4000,3730.2000,3732.2000,3732.6000,3732.8000,3733.8000,3734.8000,1,1,1,1,2,2,4,4,1,1
SF,IF2005,2020-04-13 11:11:23.100,3730.4000,10828,0,4305528600.000,0,-,-,-,-,3731.6000,3731.4000,3730.8000,3730.6000,3730.2000,3732.2000,3732.6000,3732.8000,3733.8000,3734.8000,1,1,2,2,1,1,3,2,1,1
SF,IF2005,2020-04-13 11:11:23.600,3730.4000,10828,0,4305528600.000,0,-,-,-,-,3731.6000,3731.4000,3730.8000,3730.6000,3730.2000,3732.2000,3732.6000,3732.8000,3733.8000,3734.0000,1,1,2,2,1,1,3,2,1,2
SF,IF2005,2020-04-13 11:11:24.100,3730.4000,10828,0,4305528600.000,0,-,-,-,-,3731.6000,3731.4000,3730.6000,3730.2000,3729.8000,3732.6000,3732.8000,3733.8000,3734.0000,3734.8000,1,1,2,1,1,3,2,1,2,1
SF,IF2005,2020-04-13 11:11:24.600,3730.4000,10828,0,4305528600.000,0,-,-,-,-,3731.6000,3731.4000,3730.6000,3730.2000,3729.8000,3732.6000,3732.8000,3733.8000,3734.0000,3734.8000,1,1,2,1,1,2,2,1,2,1
SF,IF2005,2020-04-13 11:11:25.600,3730.4000,10828,0,4305528600.000,0,-,-,-,-,3731.6000,3731.4000,3730.6000,3730.2000,3729.8000,3732.6000,3732.8000,3733.8000,3734.0000,3734.8000,1,1,2,1,1,2,2,1,2,1
SF,IF2005,2020-04-13 11:11:26.100,3730.4000,10828,0,4305528600.000,0,-,-,-,-,3731.6000,3731.4000,3730.6000,3730.2000,3729.8000,3732.6000,3732.8000,3733.8000,3734.0000,3734.8000,1,1,2,1,1,2,2,1,2,1
SF,IF2005,2020-04-13 11:11:26.600,3730.4000,10828,0,4305528600.000,0,-,-,-,-,3731.6000,3731.4000,3730.6000,3730.2000,3729.8000,3732.6000,3732.8000,3733.8000,3734.0000,3734.8000,1,1,2,1,1,2,2,1,2,1
SF,IF2005,2020-04-13 11:11:27.100,3731.6000,10828,0,4306648080.000,1,0,1,空换,B,3731.4000,3730.8000,3730.6000,3730.2000,3729.8000,3732.6000,3732.8000,3733.8000,3734.0000,3734.8000,1,1,2,1,1,2,2,1,2,1
SF,IF2005,2020-04-13 11:11:27.600,3731.6000,10828,0,4306648080.000,0,-,-,-,-,3731.4000,3730.8000,3730.6000,3730.4000,3730.2000,3732.4000,3732.6000,3732.8000,3733.8000,3734.0000,1,1,2,2,1,1,2,2,1,2
SF,IF2005,2020-04-13 11:11:28.600,3731.4000,10828,0,4307767500.000,1,0,1,空换,B,3730.8000,3730.6000,3730.4000,3730.2000,3729.8000,3732.4000,3732.6000,3732.8000,3733.8000,3734.0000,1,2,2,1,1,1,2,2,1,2
SF,IF2005,2020-04-13 11:11:29.100,3731.4000,10828,0,4307767500.000,0,-,-,-,-,3731.2000,3731.0000,3730.8000,3730.6000,3730.4000,3732.2000,3732.6000,3732.8000,3733.8000,3734.0000,1,4,1,2,2,1,1,2,1,2
SF,IF2005,2020-04-13 11:11:29.600,3732.2000,10828,0,4308887160.000,1,0,1,空换,B,3731.4000,3731.2000,3731.0000,3730.8000,3730.6000,3732.8000,3733.8000,3734.0000,3734.8000,3735.0000,2,1,3,1,2,2,1,2,1,1
SF,IF2005,2020-04-13 11:11:30.100,3732.8000,10829,1,4310007000.000,1,1,0,双开,B,3731.8000,3731.6000,3731.4000,3731.0000,3730.8000,3733.8000,3734.8000,3735.0000,3735.2000,3735.8000,1,1,2,2,1,1,1,1,2,1
SF,IF2005,2020-04-13 11:11:30.600,3732.8000,10829,0,4310007000.000,0,-,-,-,-,3732.2000,3732.0000,3731.8000,3731.4000,3731.0000,3733.6000,3733.8000,3734.8000,3735.0000,3735.2000,1,1,1,1,2,2,1,1,1,4
SF,IF2005,2020-04-13 11:11:31.100,3732.8000,10829,0,4310007000.000,0,-,-,-,-,3732.4000,3732.2000,3732.0000,3731.4000,3731.0000,3733.6000,3733.8000,3734.8000,3735.0000,3735.2000,1,2,1,2,1,3,1,1,1,4
SF,IF2005,2020-04-13 11:11:31.600,3732.8000,10829,0,4310007000.000,0,-,-,-,-,3732.4000,3732.2000,3732.0000,3731.4000,3731.0000,3733.4000,3733.6000,3733.8000,3734.8000,3735.0000,2,2,1,1,1,2,3,1,1,1
SF,IF2005,2020-04-13 11:11:32.100,3732.8000,10829,0,4310007000.000,0,-,-,-,-,3732.2000,3732.0000,3731.4000,3731.0000,3730.6000,3733.2000,3733.4000,3733.6000,3733.8000,3734.8000,2,1,1,1,1,1,2,2,1,1
SF,IF2005,2020-04-13 11:11:32.600,3732.8000,10829,0,4310007000.000,0,-,-,-,-,3732.2000,3732.0000,3731.4000,3730.6000,3730.2000,3733.2000,3733.4000,3733.8000,3734.8000,3735.0000,2,1,1,1,1,2,2,1,1,1
SF,IF2005,2020-04-13 11:11:33.100,3732.8000,10829,0,4312246500.000,2,1,1,空换,B,3732.8000,3731.4000,3730.6000,3730.2000,3729.4000,3733.0000,3733.2000,3733.4000,3733.8000,3734.8000,1,1,1,1,2,1,1,2,1,1
SF,IF2005,2020-04-13 11:11:33.600,3732.8000,10829,0,4313366340.000,1,0,1,空换,B,3730.6000,3730.2000,3729.4000,3729.0000,3728.8000,3732.6000,3733.0000,3733.4000,3733.8000,3734.8000,1,1,2,1,1,3,5,2,1,1
SF,IF2005,2020-04-13 11:11:34.100,3732.8000,10829,0,4313366340.000,0,-,-,-,-,3730.8000,3730.6000,3730.2000,3729.4000,3729.0000,3732.2000,3732.4000,3732.6000,3732.8000,3733.0000,4,1,1,2,1,1,3,6,2,6
SF,IF2005,2020-04-13 11:11:34.600,3732.2000,10829,0,4314486000.000,1,0,1,空换,B,3730.8000,3730.6000,3730.2000,3729.8000,3729.4000,3732.4000,3732.8000,3733.0000,3733.4000,3733.8000,4,1,1,1,2,3,2,5,2,3
SF,IF2005,2020-04-13 11:11:35.100,3732.2000,10829,0,4314486000.000,0,-,-,-,-,3731.2000,3730.8000,3730.6000,3730.2000,3729.8000,3732.4000,3732.8000,3733.0000,3733.4000,3733.8000,2,2,1,1,1,2,2,5,2,3
SF,IF2005,2020-04-13 11:11:35.600,3732.2000,10829,0,4314486000.000,0,-,-,-,-,3731.4000,3731.2000,3731.0000,3730.6000,3730.2000,3732.8000,3733.4000,3733.8000,3734.8000,3735.0000,1,3,1,1,1,2,2,3,1,1
SF,IF2005,2020-04-13 11:11:36.100,3732.2000,10829,0,4314486000.000,0,-,-,-,-,3731.4000,3731.2000,3731.0000,3730.6000,3730.2000,3732.6000,3732.8000,3733.4000,3733.8000,3734.8000,1,3,1,1,1,1,1,2,3,1
SF,IF2005,2020-04-13 11:11:36.600,3732.2000,10829,0,4314486000.000,0,-,-,-,-,3731.6000,3731.4000,3731.2000,3731.0000,3730.6000,3732.6000,3732.8000,3733.4000,3733.8000,3734.8000,1,1,2,1,1,1,1,2,3,1
SF,IF2005,2020-04-13 11:11:37.100,3732.2000,10829,0,4314486000.000,0,-,-,-,-,3731.8000,3731.6000,3731.2000,3731.0000,3730.6000,3732.8000,3733.4000,3733.8000,3734.8000,3735.0000,1,1,1,1,1,1,2,3,1,1
SF,IF2005,2020-04-13 11:11:37.600,3732.2000,10829,0,4314486000.000,0,-,-,-,-,3731.6000,3731.2000,3731.0000,3730.6000,3730.2000,3732.6000,3732.8000,3733.4000,3733.8000,3734.8000,1,1,1,1,6,2,1,2,3,1
SF,IF2005,2020-04-13 11:11:38.100,3732.2000,10829,0,4314486000.000,0,-,-,-,-,3731.6000,3731.2000,3731.0000,3730.6000,3730.2000,3732.6000,3732.8000,3733.4000,3733.8000,3734.8000,1,1,1,1,6,2,1,2,3,1
SF,IF2005,2020-04-13 11:11:38.600,3731.6000,10829,0,4315605480.000,1,0,1,空换,B,3731.2000,3731.0000,3730.6000,3730.2000,3729.4000,3732.6000,3732.8000,3733.4000,3733.8000,3734.8000,1,1,1,6,2,2,1,2,3,1
SF,IF2005,2020-04-13 11:11:39.100,3731.6000,10829,0,4315605480.000,0,-,-,-,-,3731.2000,3731.0000,3730.6000,3730.2000,3729.4000,3732.4000,3732.6000,3733.4000,3733.8000,3734.8000,1,1,1,1,2,1,2,2,3,1
SF,IF2005,2020-04-13 11:11:39.600,3731.6000,10829,0,4315605480.000,0,-,-,-,-,3731.4000,3731.2000,3731.0000,3730.6000,3730.2000,3732.2000,3732.4000,3732.6000,3733.4000,3733.8000,1,1,1,1,1,1,1,2,2,3
SF,IF2005,2020-04-13 11:11:40.100,3731.6000,10829,0,4315605480.000,0,-,-,-,-,3731.4000,3731.2000,3731.0000,3730.6000,3730.2000,3732.2000,3732.4000,3732.6000,3733.4000,3733.8000,1,1,1,1,1,1,1,1,2,3
SF,IF2005,2020-04-13 11:11:40.600,3731.6000,10829,0,4315605480.000,0,-,-,-,-,3731.4000,3731.2000,3731.0000,3730.6000,3730.2000,3732.2000,3732.4000,3732.6000,3733.4000,3733.8000,1,1,1,1,1,1,1,1,2,3
SF,IF2005,2020-04-13 11:11:41.100,3731.6000,10829,0,4315605480.000,0,-,-,-,-,3731.4000,3731.2000,3731.0000,3730.6000,3730.2000,3732.2000,3732.4000,3732.6000,3733.4000,3733.8000,1,1,1,1,1,1,1,1,2,3
SF,IF2005,2020-04-13 11:11:41.600,3731.6000,10829,0,4315605480.000,0,-,-,-,-,3731.4000,3731.2000,3731.0000,3730.6000,3730.2000,3732.4000,3732.6000,3733.4000,3733.8000,3734.8000,1,1,1,1,1,1,1,2,3,1
SF,IF2005,2020-04-13 11:11:42.100,3731.6000,10829,0,4315605480.000,0,-,-,-,-,3731.4000,3731.2000,3731.0000,3730.6000,3730.2000,3732.4000,3732.6000,3733.4000,3733.8000,3734.8000,1,1,1,1,1,1,1,2,3,1
SF,IF2005,2020-04-13 11:11:42.600,3731.6000,10829,0,4315605480.000,0,-,-,-,-,3731.2000,3731.0000,3730.6000,3730.2000,3729.4000,3732.2000,3732.4000,3732.6000,3733.4000,3733.8000,1,1,1,1,2,1,1,1,2,3
SF,IF2005,2020-04-13 11:11:43.100,3731.6000,10829,0,4315605480.000,0,-,-,-,-,3730.2000,3729.4000,3729.0000,3728.8000,3728.2000,3732.0000,3732.2000,3732.4000,3733.4000,3733.8000,1,2,1,1,1,1,7,1,2,3
SF,IF2005,2020-04-13 11:11:43.600,3731.6000,10829,0,4315605480.000,0,-,-,-,-,3730.6000,3730.4000,3730.2000,3729.4000,3729.0000,3731.8000,3732.0000,3732.2000,3733.4000,3733.8000,1,2,1,2,1,2,1,6,2,3
SF,IF2005,2020-04-13 11:11:44.100,3731.6000,10829,0,4315605480.000,0,-,-,-,-,3730.6000,3730.4000,3730.2000,3729.0000,3728.8000,3731.6000,3731.8000,3732.2000,3733.4000,3733.8000,1,2,1,1,1,1,2,6,2,3
SF,IF2005,2020-04-13 11:11:44.600,3731.6000,10829,0,4315605480.000,0,-,-,-,-,3730.4000,3729.0000,3728.8000,3728.2000,3728.0000,3731.4000,3731.6000,3731.8000,3732.2000,3733.4000,2,1,1,1,3,1,6,1,5,2
SF,IF2005,2020-04-13 11:11:45.100,3731.6000,10829,0,4315605480.000,0,-,-,-,-,3729.0000,3728.8000,3728.2000,3728.0000,3727.8000,3731.2000,3731.4000,3731.6000,3732.2000,3732.8000,1,1,1,3,1,1,7,5,5,2
SF,IF2005,2020-04-13 11:11:45.600,3731.6000,10829,0,4315605480.000,0,-,-,-,-,3729.6000,3729.4000,3729.2000,3729.0000,3728.8000,3731.0000,3731.2000,3731.4000,3731.6000,3732.2000,1,2,1,1,1,3,1,6,5,5
SF,IF2005,2020-04-13 11:11:46.100,3731.6000,10829,0,4315605480.000,0,-,-,-,-,3729.8000,3729.6000,3729.4000,3729.0000,3728.8000,3730.8000,3731.0000,3731.4000,3731.6000,3732.8000,1,1,2,1,1,1,2,6,5,2
SF,IF2005,2020-04-13 11:11:46.600,3731.6000,10829,0,4315605480.000,0,-,-,-,-,3729.8000,3729.6000,3729.4000,3729.0000,3728.8000,3730.8000,3731.0000,3731.4000,3731.6000,3732.8000,1,1,2,1,1,1,2,6,5,2
SF,IF2005,2020-04-13 11:11:47.100,3731.6000,10829,0,4315605480.000,0,-,-,-,-,3729.8000,3729.6000,3729.4000,3729.0000,3728.8000,3730.8000,3731.0000,3731.4000,3731.6000,3732.8000,1,1,2,1,1,1,2,6,5,2
SF,IF2005,2020-04-13 11:11:47.600,3731.6000,10829,0,4315605480.000,0,-,-,-,-,3729.8000,3729.6000,3729.4000,3729.0000,3728.8000,3730.8000,3731.0000,3731.4000,3731.6000,3732.8000,1,1,2,1,1,1,2,6,5,2
SF,IF2005,2020-04-13 11:11:48.100,3731.6000,10829,0,4315605480.000,0,-,-,-,-,3729.8000,3729.6000,3729.4000,3729.0000,3728.8000,3730.8000,3731.0000,3731.4000,3731.6000,3732.8000,1,1,2,1,1,2,2,6,5,2
SF,IF2005,2020-04-13 11:11:48.600,3731.6000,10829,0,4315605480.000,0,-,-,-,-,3729.8000,3729.6000,3729.4000,3729.0000,3728.8000,3730.8000,3731.0000,3731.4000,3731.6000,3732.8000,1,1,2,1,1,1,2,6,5,2
SF,IF2005,2020-04-13 11:11:49.100,3731.6000,10829,0,4315605480.000,0,-,-,-,-,3729.8000,3729.6000,3729.4000,3729.0000,3728.8000,3730.8000,3731.0000,3731.4000,3731.6000,3732.8000,1,1,1,1,1,1,2,6,5,2
SF,IF2005,2020-04-13 11:11:49.600,3731.6000,10829,0,4315605480.000,0,-,-,-,-,3729.8000,3729.6000,3729.4000,3729.0000,3728.8000,3730.6000,3730.8000,3731.0000,3731.4000,3731.6000,1,1,1,1,1,1,1,1,6,5
SF,IF2005,2020-04-13 11:11:50.100,3731.6000,10829,0,4315605480.000,0,-,-,-,-,3730.0000,3729.8000,3729.6000,3729.4000,3729.0000,3730.8000,3731.0000,3731.4000,3731.6000,3732.8000,1,1,1,1,1,1,1,6,5,2
SF,IF2005,2020-04-13 11:11:50.600,3731.6000,10829,0,4315605480.000,0,-,-,-,-,3730.0000,3729.8000,3729.6000,3729.4000,3729.0000,3731.0000,3731.4000,3731.6000,3732.8000,3733.4000,1,1,1,1,1,1,6,5,2,2
SF,IF2005,2020-04-13 11:11:51.100,3731.6000,10829,0,4315605480.000,0,-,-,-,-,3730.2000,3730.0000,3729.6000,3729.4000,3729.0000,3731.0000,3732.8000,3733.4000,3733.8000,3734.8000,1,1,1,1,1,1,2,2,1,1
SF,IF2005,2020-04-13 11:11:51.600,3731.6000,10829,0,4315605480.000,0,-,-,-,-,3730.2000,3730.0000,3729.0000,3728.8000,3728.2000,3732.8000,3733.4000,3733.8000,3734.8000,3735.0000,1,2,1,1,1,2,2,1,1,1
SF,IF2005,2020-04-13 11:11:52.100,3731.6000,10829,0,4315605480.000,0,-,-,-,-,3730.4000,3730.2000,3730.0000,3729.0000,3728.8000,3731.8000,3732.0000,3732.2000,3732.4000,3732.6000,2,1,1,1,1,1,1,6,3,4
SF,IF2005,2020-04-13 11:11:52.600,3731.6000,10829,0,4315605480.000,0,-,-,-,-,3730.6000,3730.4000,3730.0000,3729.0000,3728.8000,3731.6000,3731.8000,3732.0000,3732.2000,3732.4000,1,2,1,1,1,1,6,1,6,4
SF,IF2005,2020-04-13 11:11:53.100,3731.6000,10829,0,4315605480.000,0,-,-,-,-,3730.6000,3730.4000,3730.0000,3729.0000,3728.8000,3731.6000,3731.8000,3732.0000,3732.2000,3732.4000,1,2,1,1,1,1,1,1,5,4
SF,IF2005,2020-04-13 11:11:53.600,3731.6000,10829,0,4315605480.000,0,-,-,-,-,3730.6000,3730.4000,3730.0000,3729.0000,3728.8000,3731.6000,3731.8000,3732.0000,3732.2000,3732.4000,1,2,1,1,1,1,1,1,5,4
SF,IF2005,2020-04-13 11:11:54.100,3731.6000,10829,0,4315605480.000,0,-,-,-,-,3730.6000,3730.4000,3730.0000,3729.0000,3728.8000,3731.6000,3731.8000,3732.0000,3732.2000,3732.4000,1,2,1,1,1,1,1,1,5,4
SF,IF2005,2020-04-13 11:11:54.600,3731.6000,10829,0,4315605480.000,0,-,-,-,-,3730.6000,3730.4000,3730.0000,3729.0000,3728.8000,3731.6000,3731.8000,3732.0000,3732.2000,3732.4000,1,2,1,1,1,1,1,1,5,4
SF,IF2005,2020-04-13 11:11:55.100,3731.6000,10829,0,4315605480.000,0,-,-,-,-,3730.6000,3730.4000,3730.0000,3729.0000,3728.8000,3731.6000,3731.8000,3732.0000,3732.2000,3732.4000,1,2,1,1,1,1,1,1,5,4
SF,IF2005,2020-04-13 11:11:55.600,3731.6000,10829,0,4315605480.000,0,-,-,-,-,3730.4000,3730.0000,3729.0000,3728.8000,3728.2000,3731.6000,3731.8000,3732.2000,3732.4000,3732.6000,2,1,1,1,1,2,1,5,4,4
SF,IF2005,2020-04-13 11:11:56.100,3731.6000,10829,0,4315605480.000,0,-,-,-,-,3730.4000,3730.0000,3729.0000,3728.8000,3728.2000,3731.6000,3731.8000,3732.2000,3732.4000,3732.6000,2,1,1,1,1,2,1,5,4,4
SF,IF2005,2020-04-13 11:11:57.100,3731.6000,10829,0,4315605480.000,0,-,-,-,-,3730.4000,3730.0000,3729.0000,3728.8000,3728.2000,3731.6000,3731.8000,3732.2000,3732.4000,3732.6000,2,1,1,1,1,2,1,5,4,4
SF,IF2005,2020-04-13 11:11:57.600,3731.6000,10829,0,4315605480.000,0,-,-,-,-,3730.4000,3730.0000,3729.0000,3728.8000,3728.2000,3731.6000,3731.8000,3732.2000,3732.4000,3732.6000,2,1,1,1,1,2,1,5,4,4
SF,IF2005,2020-04-13 11:11:58.100,3731.6000,10829,0,4315605480.000,0,-,-,-,-,3730.4000,3730.0000,3729.0000,3728.8000,3728.2000,3731.6000,3731.8000,3732.2000,3732.4000,3732.6000,2,1,1,1,1,3,1,5,4,4
SF,IF2005,2020-04-13 11:11:58.600,3731.6000,10829,0,4315605480.000,0,-,-,-,-,3730.4000,3730.0000,3729.0000,3728.8000,3728.2000,3731.6000,3731.8000,3732.2000,3732.4000,3732.6000,2,1,1,1,1,2,1,5,4,4
SF,IF2005,2020-04-13 11:11:59.100,3731.6000,10829,0,4315605480.000,0,-,-,-,-,3730.4000,3730.0000,3729.0000,3728.8000,3728.2000,3731.6000,3731.8000,3732.2000,3732.4000,3732.6000,2,1,1,1,1,2,1,5,4,4
SF,IF2005,2020-04-13 11:11:59.600,3731.6000,10829,0,4315605480.000,0,-,-,-,-,3730.4000,3730.0000,3729.0000,3728.8000,3728.2000,3731.6000,3731.8000,3732.2000,3732.4000,3732.6000,2,1,1,1,1,3,1,5,4,4
SF,IF2005,2020-04-13 11:12:02.600,3731.6000,10829,0,4315605480.000,0,-,-,-,-,3730.6000,3730.4000,3730.0000,3729.0000,3728.8000,3731.6000,3731.8000,3732.2000,3732.4000,3732.6000,1,2,1,1,1,2,1,5,4,4
SF,IF2005,2020-04-13 11:12:04.100,3731.6000,10829,0,4315605480.000,0,-,-,-,-,3730.6000,3730.4000,3730.0000,3729.0000,3728.8000,3731.6000,3731.8000,3732.2000,3732.4000,3732.6000,1,2,1,1,1,2,1,5,4,4
SF,IF2005,2020-04-13 11:12:05.600,3731.6000,10829,0,4315605480.000,0,-,-,-,-,3730.8000,3730.6000,3730.4000,3730.0000,3729.0000,3731.6000,3731.8000,3732.0000,3732.2000,3732.4000,1,1,1,1,1,2,1,1,5,4
SF,IF2005,2020-04-13 11:12:06.100,3731.6000,10829,0,4315605480.000,0,-,-,-,-,3730.8000,3730.6000,3730.4000,3730.0000,3729.0000,3731.6000,3731.8000,3732.0000,3732.2000,3732.4000,1,1,1,1,1,1,1,1,5,3
SF,IF2005,2020-04-13 11:12:06.600,3731.6000,10829,0,4315605480.000,0,-,-,-,-,3730.8000,3730.6000,3730.4000,3730.0000,3729.0000,3731.6000,3731.8000,3732.0000,3732.6000,3732.8000,1,1,1,1,1,1,1,1,3,2
SF,IF2005,2020-04-13 11:12:07.100,3731.6000,10829,0,4315605480.000,0,-,-,-,-,3730.8000,3730.6000,3730.4000,3730.0000,3729.0000,3731.6000,3731.8000,3732.0000,3732.6000,3732.8000,1,1,1,1,1,1,1,1,3,2
SF,IF2005,2020-04-13 11:12:08.600,3731.6000,10829,0,4315605480.000,0,-,-,-,-,3730.6000,3730.4000,3730.0000,3729.0000,3728.8000,3731.6000,3731.8000,3732.0000,3732.6000,3732.8000,1,1,1,1,1,1,1,1,3,2
SF,IF2005,2020-04-13 11:12:09.100,3730.6000,10830,1,4316724660.000,1,1,0,双开,B,3730.4000,3730.0000,3729.0000,3728.8000,3728.2000,3731.4000,3731.6000,3731.8000,3732.0000,3732.6000,1,1,1,1,1,1,1,1,1,3
SF,IF2005,2020-04-13 11:12:13.600,3730.4000,10830,0,4317843780.000,1,0,1,空换,B,3730.0000,3729.0000,3728.8000,3728.2000,3728.0000,3731.4000,3731.6000,3731.8000,3732.0000,3732.6000,1,1,1,1,3,1,1,1,1,3
SF,IF2005,2020-04-13 11:12:14.100,3730.4000,10830,0,4317843780.000,0,-,-,-,-,3730.2000,3730.0000,3729.0000,3728.8000,3728.2000,3731.4000,3731.6000,3732.0000,3732.6000,3732.8000,5,1,1,1,1,1,1,1,3,2
SF,IF2005,2020-04-13 11:12:16.100,3730.4000,10830,0,4317843780.000,0,-,-,-,-,3730.2000,3730.0000,3729.0000,3728.8000,3728.2000,3731.2000,3731.4000,3731.6000,3732.0000,3732.6000,5,1,1,1,1,1,1,1,1,3
SF,IF2005,2020-04-13 11:12:16.600,3730.4000,10830,0,4317843780.000,0,-,-,-,-,3730.2000,3730.0000,3729.0000,3728.8000,3728.2000,3731.0000,3731.2000,3731.4000,3731.6000,3732.0000,2,1,1,1,1,7,2,1,1,1
SF,IF2005,2020-04-13 11:12:17.100,3730.4000,10830,0,4317843780.000,0,-,-,-,-,3730.2000,3730.0000,3729.0000,3728.8000,3728.2000,3731.0000,3731.2000,3731.6000,3732.0000,3732.6000,2,1,1,1,1,2,2,1,1,3
SF,IF2005,2020-04-13 11:12:20.600,3730.4000,10830,0,4317843780.000,0,-,-,-,-,3730.2000,3730.0000,3729.0000,3728.8000,3728.2000,3731.0000,3731.2000,3731.6000,3732.0000,3732.6000,3,1,1,1,1,2,2,1,1,3
SF,IF2005,2020-04-13 11:12:22.100,3730.4000,10830,0,4317843780.000,0,-,-,-,-,3730.4000,3730.2000,3730.0000,3729.0000,3728.8000,3731.0000,3731.2000,3731.6000,3732.0000,3732.6000,2,3,1,1,1,2,2,1,1,3
SF,IF2005,2020-04-13 11:12:22.600,3730.4000,10832,2,4320082020.000,2,2,0,双开,B,3730.2000,3730.0000,3729.0000,3728.8000,3728.2000,3731.0000,3731.2000,3731.6000,3732.0000,3732.6000,3,1,1,1,1,2,2,1,1,3
SF,IF2005,2020-04-13 11:12:23.100,3730.2000,10833,1,4321201080.000,1,1,0,双开,B,3730.2000,3730.0000,3729.0000,3728.8000,3728.2000,3730.8000,3731.0000,3731.2000,3731.6000,3732.0000,2,1,1,1,1,1,2,1,1,1
SF,IF2005,2020-04-13 11:12:25.600,3730.2000,10833,0,4321201080.000,0,-,-,-,-,3730.2000,3730.0000,3729.0000,3728.8000,3728.2000,3730.6000,3730.8000,3731.0000,3731.2000,3731.6000,2,1,1,1,1,1,1,1,1,1
SF,IF2005,2020-04-13 11:12:26.100,3730.2000,10835,2,4323439200.000,2,2,0,双开,B,3730.0000,3729.0000,3728.8000,3728.2000,3728.0000,3730.6000,3731.0000,3731.6000,3732.0000,3732.6000,1,1,1,1,3,2,1,1,1,3
SF,IF2005,2020-04-13 11:12:26.600,3730.0000,10835,0,4324558200.000,1,0,1,空换,B,3729.0000,3728.8000,3728.2000,3728.0000,3727.8000,3730.4000,3730.6000,3731.6000,3732.0000,3732.6000,1,1,1,3,1,2,1,1,3,3
SF,IF2005,2020-04-13 11:12:27.100,3730.0000,10835,0,4324558200.000,0,-,-,-,-,3729.2000,3729.0000,3728.8000,3728.2000,3728.0000,3730.4000,3730.6000,3731.6000,3732.0000,3732.6000,2,1,1,1,3,2,1,1,3,3
SF,IF2005,2020-04-13 11:12:29.100,3730.0000,10835,0,4324558200.000,0,-,-,-,-,3729.2000,3729.0000,3728.8000,3728.2000,3728.0000,3730.4000,3730.6000,3731.6000,3732.0000,3732.6000,2,1,1,1,1,2,1,1,3,3
SF,IF2005,2020-04-13 11:12:29.600,3730.0000,10835,0,4324558200.000,0,-,-,-,-,3729.2000,3729.0000,3728.8000,3728.2000,3728.0000,3730.4000,3730.6000,3731.6000,3732.0000,3732.6000,2,2,1,1,1,2,1,1,3,3
SF,IF2005,2020-04-13 11:12:32.600,3730.4000,10835,0,4325677320.000,1,0,1,空换,B,3729.4000,3729.2000,3729.0000,3728.8000,3728.2000,3730.4000,3730.6000,3731.6000,3732.0000,3732.6000,1,2,2,1,1,1,1,1,3,3
SF,IF2005,2020-04-13 11:12:33.100,3730.4000,10835,0,4325677320.000,0,-,-,-,-,3729.6000,3729.4000,3729.2000,3729.0000,3728.8000,3730.6000,3731.6000,3732.0000,3732.6000,3732.8000,1,1,1,2,1,1,1,3,3,3
SF,IF2005,2020-04-13 11:12:34.100,3730.4000,10835,0,4325677320.000,0,-,-,-,-,3729.6000,3729.4000,3729.0000,3728.8000,3728.2000,3730.6000,3731.6000,3732.0000,3732.6000,3732.8000,1,1,2,1,1,1,1,3,3,3
SF,IF2005,2020-04-13 11:12:34.600,3730.4000,10835,0,4325677320.000,0,-,-,-,-,3729.6000,3729.4000,3729.0000,3728.8000,3728.2000,3730.6000,3732.0000,3732.6000,3732.8000,3733.4000,1,1,2,1,1,1,3,3,3,2
SF,IF2005,2020-04-13 11:12:35.100,3730.4000,10835,0,4325677320.000,0,-,-,-,-,3729.6000,3729.4000,3729.0000,3728.8000,3728.2000,3730.6000,3732.0000,3732.6000,3732.8000,3733.4000,1,1,2,1,1,2,3,3,3,2
SF,IF2005,2020-04-13 11:12:35.600,3730.4000,10835,0,4325677320.000,0,-,-,-,-,3729.6000,3729.4000,3729.0000,3728.8000,3728.2000,3730.6000,3732.0000,3732.6000,3732.8000,3733.4000,1,1,2,1,1,2,3,3,3,2
SF,IF2005,2020-04-13 11:12:36.100,3730.4000,10835,0,4325677320.000,0,-,-,-,-,3729.6000,3729.4000,3729.0000,3728.8000,3728.2000,3730.6000,3732.0000,3732.6000,3732.8000,3733.4000,1,1,2,1,1,1,3,3,3,2
SF,IF2005,2020-04-13 11:12:36.600,3730.4000,10835,0,4325677320.000,0,-,-,-,-,3729.6000,3729.4000,3729.0000,3728.8000,3728.2000,3730.6000,3732.0000,3732.6000,3732.8000,3733.4000,1,1,2,1,1,2,3,3,3,2
SF,IF2005,2020-04-13 11:12:37.100,3730.4000,10835,0,4325677320.000,0,-,-,-,-,3729.6000,3729.4000,3729.0000,3728.8000,3728.2000,3730.4000,3730.6000,3732.0000,3732.6000,3732.8000,1,1,2,1,1,1,1,3,3,3
SF,IF2005,2020-04-13 11:12:37.600,3730.4000,10835,0,4325677320.000,0,-,-,-,-,3729.6000,3729.4000,3729.0000,3728.8000,3728.2000,3730.4000,3730.6000,3732.0000,3732.6000,3732.8000,1,1,2,1,1,1,1,3,3,3
SF,IF2005,2020-04-13 11:12:38.100,3730.4000,10835,0,4325677320.000,0,-,-,-,-,3729.6000,3729.4000,3729.0000,3728.8000,3728.2000,3730.4000,3730.6000,3732.0000,3732.6000,3732.8000,1,1,2,1,1,1,1,3,3,3
SF,IF2005,2020-04-13 11:12:39.100,3730.4000,10835,0,4325677320.000,0,-,-,-,-,3729.6000,3729.4000,3729.0000,3728.8000,3728.2000,3730.4000,3730.6000,3732.0000,3732.6000,3732.8000,1,1,2,1,1,2,1,3,3,3
SF,IF2005,2020-04-13 11:12:39.600,3730.4000,10835,0,4325677320.000,0,-,-,-,-,3729.6000,3729.4000,3729.0000,3728.8000,3728.2000,3730.4000,3730.6000,3732.0000,3732.6000,3732.8000,1,1,2,1,1,1,1,3,3,3
SF,IF2005,2020-04-13 11:12:40.100,3730.4000,10835,0,4325677320.000,0,-,-,-,-,3729.6000,3729.4000,3729.0000,3728.8000,3728.2000,3730.4000,3730.6000,3732.0000,3732.6000,3732.8000,1,1,2,1,1,1,1,3,3,3
SF,IF2005,2020-04-13 11:12:41.100,3730.4000,10835,0,4325677320.000,0,-,-,-,-,3729.6000,3729.4000,3729.0000,3728.8000,3728.2000,3730.4000,3730.6000,3732.0000,3732.6000,3732.8000,1,1,2,1,1,1,1,3,3,3
SF,IF2005,2020-04-13 11:12:41.600,3730.4000,10835,0,4325677320.000,0,-,-,-,-,3729.6000,3729.4000,3729.0000,3728.8000,3728.2000,3730.6000,3732.0000,3732.6000,3732.8000,3733.4000,1,1,2,1,1,1,3,3,3,2
SF,IF2005,2020-04-13 11:12:42.100,3730.4000,10835,0,4325677320.000,0,-,-,-,-,3729.6000,3729.4000,3729.0000,3728.8000,3728.2000,3730.6000,3732.0000,3732.6000,3732.8000,3733.4000,1,1,2,1,1,1,3,3,3,2
SF,IF2005,2020-04-13 11:12:42.600,3730.4000,10835,0,4325677320.000,0,-,-,-,-,3729.6000,3729.4000,3729.0000,3728.8000,3728.2000,3730.6000,3732.0000,3732.6000,3732.8000,3733.4000,1,1,2,1,1,2,3,3,3,2
SF,IF2005,2020-04-13 11:12:43.100,3730.4000,10835,0,4325677320.000,0,-,-,-,-,3729.6000,3729.4000,3729.0000,3728.8000,3728.2000,3730.6000,3732.0000,3732.6000,3732.8000,3733.4000,1,1,2,1,1,2,3,3,3,2
SF,IF2005,2020-04-13 11:12:43.600,3730.4000,10835,0,4325677320.000,0,-,-,-,-,3729.6000,3729.4000,3729.0000,3728.8000,3728.2000,3730.6000,3732.0000,3732.6000,3732.8000,3733.4000,1,1,2,1,1,2,3,3,3,2
SF,IF2005,2020-04-13 11:12:44.100,3730.4000,10835,0,4325677320.000,0,-,-,-,-,3729.6000,3729.4000,3729.0000,3728.8000,3728.2000,3730.6000,3732.0000,3732.6000,3732.8000,3733.4000,1,1,2,1,1,1,3,3,3,2
SF,IF2005,2020-04-13 11:12:44.600,3730.4000,10835,0,4325677320.000,0,-,-,-,-,3729.6000,3729.4000,3729.0000,3728.8000,3728.2000,3730.6000,3732.0000,3732.6000,3732.8000,3733.4000,1,1,2,1,1,1,3,3,3,2
SF,IF2005,2020-04-13 11:12:45.100,3730.4000,10835,0,4325677320.000,0,-,-,-,-,3729.6000,3729.4000,3729.0000,3728.8000,3728.2000,3730.6000,3732.0000,3732.6000,3732.8000,3733.4000,1,1,2,1,1,1,3,3,3,2
SF,IF2005,2020-04-13 11:12:45.600,3730.4000,10835,0,4325677320.000,0,-,-,-,-,3729.6000,3729.4000,3729.0000,3728.8000,3728.2000,3730.6000,3732.0000,3732.6000,3732.8000,3733.4000,1,1,2,1,1,1,3,3,3,2
SF,IF2005,2020-04-13 11:12:46.100,3730.4000,10835,0,4325677320.000,0,-,-,-,-,3729.6000,3729.4000,3729.0000,3728.8000,3728.2000,3730.6000,3732.0000,3732.6000,3732.8000,3733.4000,1,1,2,1,1,1,3,3,3,2
SF,IF2005,2020-04-13 11:12:46.600,3730.4000,10835,0,4325677320.000,0,-,-,-,-,3729.6000,3729.4000,3729.0000,3728.8000,3728.2000,3730.6000,3732.0000,3732.6000,3732.8000,3733.4000,1,1,2,1,1,1,3,3,3,2
SF,IF2005,2020-04-13 11:12:47.100,3730.4000,10835,0,4325677320.000,0,-,-,-,-,3729.8000,3729.6000,3729.4000,3729.0000,3728.8000,3730.6000,3732.0000,3732.6000,3732.8000,3733.4000,1,1,1,2,1,1,3,3,3,2
SF,IF2005,2020-04-13 11:12:47.600,3730.4000,10835,0,4325677320.000,0,-,-,-,-,3729.8000,3729.6000,3729.4000,3729.0000,3728.8000,3730.6000,3732.0000,3732.6000,3732.8000,3733.4000,1,1,1,2,1,1,3,3,3,2
SF,IF2005,2020-04-13 11:12:48.100,3730.4000,10835,0,4325677320.000,0,-,-,-,-,3729.8000,3729.6000,3729.4000,3729.0000,3728.8000,3730.6000,3732.0000,3732.6000,3732.8000,3733.4000,1,1,1,2,1,2,3,3,3,2
SF,IF2005,2020-04-13 11:12:48.600,3730.4000,10835,0,4325677320.000,0,-,-,-,-,3729.6000,3729.4000,3729.0000,3728.8000,3728.2000,3730.6000,3731.2000,3732.0000,3732.6000,3732.8000,1,1,2,1,1,2,2,3,3,3
SF,IF2005,2020-04-13 11:12:49.100,3730.4000,10835,0,4325677320.000,0,-,-,-,-,3729.6000,3729.4000,3729.0000,3728.8000,3728.2000,3730.6000,3731.2000,3732.0000,3732.6000,3732.8000,1,1,2,1,1,1,2,3,3,3
SF,IF2005,2020-04-13 11:12:49.600,3730.4000,10835,0,4325677320.000,0,-,-,-,-,3729.6000,3729.4000,3729.0000,3728.8000,3728.2000,3730.6000,3731.2000,3732.0000,3732.6000,3732.8000,1,1,2,1,1,2,2,3,3,3
SF,IF2005,2020-04-13 11:12:50.100,3730.4000,10835,0,4325677320.000,0,-,-,-,-,3729.6000,3729.4000,3729.0000,3728.8000,3728.2000,3730.6000,3731.2000,3732.0000,3732.6000,3732.8000,1,1,2,1,1,1,2,3,3,3
SF,IF2005,2020-04-13 11:12:50.600,3730.4000,10835,0,4325677320.000,0,-,-,-,-,3729.6000,3729.4000,3729.0000,3728.8000,3728.2000,3730.6000,3731.2000,3732.0000,3732.6000,3732.8000,1,1,2,1,1,1,2,3,3,3
SF,IF2005,2020-04-13 11:12:51.100,3730.4000,10835,0,4325677320.000,0,-,-,-,-,3729.6000,3729.4000,3729.0000,3728.8000,3728.2000,3730.6000,3731.2000,3732.0000,3732.6000,3732.8000,1,1,2,1,1,1,2,3,3,3
SF,IF2005,2020-04-13 11:12:51.600,3730.4000,10835,0,4325677320.000,0,-,-,-,-,3729.6000,3729.4000,3729.0000,3728.8000,3728.2000,3730.6000,3731.2000,3732.0000,3732.6000,3732.8000,1,1,2,1,1,1,2,3,3,3
SF,IF2005,2020-04-13 11:12:52.100,3730.4000,10835,0,4325677320.000,0,-,-,-,-,3729.6000,3729.4000,3729.0000,3728.8000,3728.2000,3730.4000,3730.6000,3731.2000,3732.0000,3732.6000,1,1,2,1,1,1,1,2,3,3
SF,IF2005,2020-04-13 11:12:52.600,3730.4000,10835,0,4325677320.000,0,-,-,-,-,3729.6000,3729.4000,3729.0000,3728.8000,3728.2000,3730.4000,3730.6000,3731.2000,3732.0000,3732.6000,1,1,2,1,1,1,1,2,3,3
SF,IF2005,2020-04-13 11:12:53.100,3730.4000,10835,0,4325677320.000,0,-,-,-,-,3729.6000,3729.4000,3729.0000,3728.8000,3728.2000,3730.4000,3730.6000,3731.2000,3732.0000,3732.6000,1,1,2,1,1,1,1,2,3,3
SF,IF2005,2020-04-13 11:12:53.600,3730.4000,10835,0,4325677320.000,0,-,-,-,-,3729.4000,3729.0000,3728.8000,3728.2000,3728.0000,3730.4000,3730.6000,3731.2000,3732.0000,3732.6000,1,2,1,1,1,1,1,2,3,3
SF,IF2005,2020-04-13 11:12:54.100,3730.4000,10835,0,4325677320.000,0,-,-,-,-,3729.4000,3729.0000,3728.8000,3728.2000,3728.0000,3730.4000,3730.6000,3731.2000,3732.0000,3732.6000,1,2,1,1,1,1,1,2,3,3
SF,IF2005,2020-04-13 11:12:54.600,3730.4000,10835,0,4325677320.000,0,-,-,-,-,3729.4000,3729.0000,3728.8000,3728.2000,3728.0000,3730.4000,3730.6000,3731.2000,3732.0000,3732.6000,1,2,1,1,1,1,1,2,3,3
SF,IF2005,2020-04-13 11:12:55.100,3730.4000,10835,0,4325677320.000,0,-,-,-,-,3729.4000,3729.0000,3728.8000,3728.2000,3728.0000,3730.4000,3730.6000,3731.2000,3732.0000,3732.6000,1,2,1,1,1,1,1,2,3,3
SF,IF2005,2020-04-13 11:12:55.600,3730.4000,10835,0,4325677320.000,0,-,-,-,-,3729.4000,3729.0000,3728.8000,3728.2000,3728.0000,3729.6000,3730.4000,3730.6000,3731.2000,3732.0000,1,2,1,1,1,1,1,1,2,3
SF,IF2005,2020-04-13 11:12:56.100,3729.6000,10836,1,4327915080.000,2,1,1,多开,B,3729.6000,3729.0000,3728.8000,3728.2000,3728.0000,3730.4000,3730.6000,3731.2000,3732.0000,3732.6000,1,2,1,1,1,1,1,2,3,3
SF,IF2005,2020-04-13 11:12:56.600,3730.4000,10836,0,4329034200.000,1,0,1,空换,B,3729.6000,3729.0000,3728.8000,3728.2000,3728.0000,3730.6000,3731.2000,3732.0000,3732.6000,3732.8000,1,2,1,1,1,1,2,3,3,3
SF,IF2005,2020-04-13 11:12:57.100,3730.4000,10836,0,4329034200.000,0,-,-,-,-,3729.8000,3729.6000,3729.0000,3728.8000,3728.2000,3730.6000,3731.2000,3732.0000,3732.6000,3732.8000,1,1,2,1,1,1,2,3,3,3
SF,IF2005,2020-04-13 11:13:09.600,3730.4000,10836,0,4329034200.000,0,-,-,-,-,3729.8000,3729.6000,3729.0000,3728.8000,3728.2000,3730.4000,3730.6000,3731.2000,3732.0000,3732.6000,1,1,2,1,1,1,1,2,3,3
SF,IF2005,2020-04-13 11:13:10.100,3730.4000,10836,0,4329034200.000,0,-,-,-,-,3729.8000,3729.0000,3728.8000,3728.2000,3728.0000,3730.4000,3730.6000,3731.2000,3732.0000,3732.6000,1,2,1,1,1,1,1,2,3,3
SF,IF2005,2020-04-13 11:13:10.600,3730.4000,10836,0,4329034200.000,0,-,-,-,-,3729.0000,3728.8000,3728.2000,3728.0000,3727.0000,3730.4000,3730.6000,3731.2000,3732.0000,3732.6000,2,1,1,1,1,1,1,2,3,3
SF,IF2005,2020-04-13 11:13:11.100,3730.4000,10836,0,4329034200.000,0,-,-,-,-,3729.2000,3729.0000,3728.8000,3728.2000,3728.0000,3730.4000,3730.6000,3731.2000,3732.0000,3732.6000,2,2,1,1,1,1,1,2,3,3
SF,IF2005,2020-04-13 11:13:11.600,3730.4000,10836,0,4329034200.000,0,-,-,-,-,3729.2000,3729.0000,3728.8000,3728.2000,3728.0000,3730.4000,3730.6000,3731.2000,3732.0000,3732.6000,2,2,1,1,1,1,1,2,3,2
SF,IF2005,2020-04-13 11:13:12.600,3730.4000,10836,0,4329034200.000,0,-,-,-,-,3729.4000,3729.2000,3729.0000,3728.8000,3728.2000,3730.6000,3731.2000,3732.0000,3732.6000,3732.8000,1,2,2,1,1,1,2,3,2,3
SF,IF2005,2020-04-13 11:13:13.100,3730.6000,10836,0,4330153380.000,1,0,1,空换,B,3729.8000,3729.6000,3729.4000,3729.0000,3728.8000,3731.2000,3732.0000,3732.6000,3732.8000,3733.4000,1,2,1,2,1,2,3,2,3,2
SF,IF2005,2020-04-13 11:13:13.600,3730.6000,10836,0,4330153380.000,0,-,-,-,-,3730.0000,3729.8000,3729.6000,3729.4000,3729.0000,3731.0000,3731.2000,3732.0000,3732.6000,3732.8000,1,1,1,1,2,5,2,3,2,3
SF,IF2005,2020-04-13 11:13:14.600,3730.6000,10836,0,4330153380.000,0,-,-,-,-,3730.2000,3730.0000,3729.4000,3729.0000,3728.8000,3731.0000,3731.2000,3732.0000,3732.6000,3732.8000,1,1,1,2,1,5,2,3,2,3
SF,IF2005,2020-04-13 11:13:15.100,3730.6000,10836,0,4330153380.000,0,-,-,-,-,3730.2000,3730.0000,3729.4000,3729.0000,3728.8000,3731.0000,3731.2000,3732.0000,3732.6000,3732.8000,1,1,1,2,1,4,2,3,2,3
SF,IF2005,2020-04-13 11:13:16.100,3730.6000,10836,0,4330153380.000,0,-,-,-,-,3730.2000,3730.0000,3729.4000,3729.0000,3728.8000,3731.0000,3731.2000,3732.0000,3732.6000,3732.8000,1,1,1,2,1,1,2,3,2,3
SF,IF2005,2020-04-13 11:13:16.600,3730.6000,10836,0,4330153380.000,0,-,-,-,-,3731.0000,3730.4000,3730.2000,3729.0000,3728.8000,3731.2000,3732.0000,3732.6000,3732.8000,3733.4000,1,1,1,2,1,2,1,2,3,2
SF,IF2005,2020-04-13 11:13:17.100,3730.6000,10836,0,4330153380.000,0,-,-,-,-,3730.4000,3729.0000,3728.8000,3728.2000,3728.0000,3731.2000,3732.0000,3732.6000,3732.8000,3733.2000,1,2,1,1,1,5,1,2,3,2
SF,IF2005,2020-04-13 11:13:17.600,3731.2000,10837,1,4331272740.000,1,1,0,双开,B,3730.4000,3729.0000,3728.8000,3728.2000,3728.0000,3731.2000,3732.0000,3732.6000,3732.8000,3733.2000,1,2,1,1,1,1,1,2,3,2
SF,IF2005,2020-04-13 11:13:18.100,3731.2000,10838,1,4332392100.000,1,1,0,双开,B,3730.6000,3730.4000,3729.0000,3728.8000,3728.2000,3732.0000,3732.6000,3732.8000,3733.2000,3733.4000,1,1,2,1,1,1,2,3,2,2
SF,IF2005,2020-04-13 11:13:18.600,3731.2000,10838,0,4332392100.000,0,-,-,-,-,3731.0000,3730.8000,3730.6000,3729.0000,3728.8000,3732.0000,3732.6000,3732.8000,3733.2000,3733.4000,1,1,1,2,1,4,2,3,2,2
SF,IF2005,2020-04-13 11:13:19.100,3731.2000,10838,0,4332392100.000,0,-,-,-,-,3731.2000,3731.0000,3730.8000,3730.6000,3729.0000,3732.0000,3732.6000,3732.8000,3733.4000,3733.8000,1,2,1,1,2,1,2,3,2,1
SF,IF2005,2020-04-13 11:13:19.600,3731.2000,10838,0,4332392100.000,0,-,-,-,-,3731.2000,3731.0000,3730.8000,3729.0000,3728.8000,3732.0000,3732.6000,3732.8000,3733.4000,3733.8000,1,2,1,2,1,1,2,3,2,1
SF,IF2005,2020-04-13 11:13:22.100,3731.2000,10838,0,4332392100.000,0,-,-,-,-,3731.2000,3731.0000,3730.8000,3729.0000,3728.8000,3732.0000,3732.6000,3732.8000,3733.4000,3733.8000,3,2,1,2,1,1,2,3,2,1
SF,IF2005,2020-04-13 11:13:25.600,3731.2000,10838,0,4332392100.000,0,-,-,-,-,3731.2000,3731.0000,3730.8000,3729.0000,3728.8000,3731.8000,3732.0000,3732.6000,3732.8000,3733.4000,3,2,1,2,1,1,1,2,3,2
SF,IF2005,2020-04-13 11:13:26.100,3731.2000,10838,0,4332392100.000,0,-,-,-,-,3731.2000,3731.0000,3730.8000,3729.0000,3728.8000,3731.8000,3732.0000,3732.6000,3732.8000,3733.4000,2,2,1,2,1,1,1,2,3,2
SF,IF2005,2020-04-13 11:13:27.100,3731.2000,10838,0,4332392100.000,0,-,-,-,-,3731.0000,3730.8000,3729.0000,3728.8000,3728.2000,3731.8000,3732.0000,3732.6000,3732.8000,3733.4000,2,1,2,1,1,1,1,2,3,2
SF,IF2005,2020-04-13 11:13:27.600,3731.2000,10838,0,4332392100.000,0,-,-,-,-,3731.2000,3731.0000,3730.8000,3729.0000,3728.8000,3731.8000,3732.0000,3732.6000,3732.8000,3733.4000,2,2,1,2,1,1,1,2,3,2
SF,IF2005,2020-04-13 11:13:28.100,3731.2000,10838,0,4332392100.000,0,-,-,-,-,3731.2000,3731.0000,3730.8000,3729.0000,3728.8000,3732.0000,3732.6000,3732.8000,3733.4000,3733.8000,2,2,1,2,1,1,2,3,2,1
SF,IF2005,2020-04-13 11:13:29.600,3731.2000,10838,0,4332392100.000,0,-,-,-,-,3731.2000,3731.0000,3730.8000,3729.0000,3728.8000,3731.8000,3732.0000,3732.6000,3732.8000,3733.4000,2,2,1,2,1,1,1,2,3,2
SF,IF2005,2020-04-13 11:13:30.100,3731.8000,10838,0,4333511640.000,1,0,1,空换,B,3731.4000,3731.2000,3731.0000,3730.8000,3729.0000,3732.0000,3732.6000,3732.8000,3733.4000,3733.8000,1,2,2,1,2,1,2,3,2,1
SF,IF2005,2020-04-13 11:13:32.600,3731.8000,10838,0,4333511640.000,0,-,-,-,-,3731.4000,3731.0000,3730.8000,3729.0000,3728.8000,3732.0000,3732.6000,3732.8000,3733.4000,3733.8000,1,2,1,2,1,1,2,3,2,1
SF,IF2005,2020-04-13 11:13:33.100,3731.8000,10838,0,4333511640.000,0,-,-,-,-,3731.8000,3731.4000,3731.0000,3730.8000,3729.0000,3732.0000,3732.6000,3732.8000,3733.4000,3733.8000,2,1,1,1,2,1,2,3,2,1
SF,IF2005,2020-04-13 11:13:33.600,3731.8000,10840,2,4335750720.000,2,2,0,双开,B,3731.4000,3731.0000,3730.8000,3729.0000,3728.8000,3731.8000,3732.0000,3732.6000,3732.8000,3733.4000,1,1,1,2,1,1,1,2,3,2
SF,IF2005,2020-04-13 11:13:34.100,3731.8000,10840,0,4335750720.000,0,-,-,-,-,3731.4000,3731.0000,3730.8000,3729.0000,3728.8000,3731.8000,3732.0000,3732.6000,3732.8000,3733.4000,1,1,1,2,1,1,1,2,3,2
SF,IF2005,2020-04-13 11:13:34.600,3731.4000,10840,0,4336870140.000,1,0,1,空换,B,3731.0000,3730.8000,3729.0000,3728.8000,3728.2000,3731.8000,3732.0000,3732.6000,3732.8000,3733.4000,1,1,2,1,1,1,1,2,3,2
SF,IF2005,2020-04-13 11:13:35.100,3731.0000,10840,0,4337989440.000,1,0,1,空换,B,3729.0000,3728.8000,3728.2000,3728.0000,3727.0000,3731.0000,3731.6000,3732.0000,3732.6000,3732.8000,2,1,1,1,1,1,1,1,2,3
SF,IF2005,2020-04-13 11:13:35.600,3731.0000,10840,0,4337989440.000,0,-,-,-,-,3729.4000,3729.2000,3729.0000,3728.8000,3728.2000,3730.8000,3731.0000,3731.4000,3732.0000,3732.6000,1,3,2,1,1,3,1,5,1,2
SF,IF2005,2020-04-13 11:13:36.100,3731.0000,10840,0,4337989440.000,0,-,-,-,-,3729.6000,3729.4000,3729.2000,3729.0000,3728.8000,3730.8000,3731.0000,3731.4000,3732.0000,3732.6000,1,1,2,2,1,2,1,5,1,2
SF,IF2005,2020-04-13 11:13:36.600,3731.0000,10840,0,4337989440.000,0,-,-,-,-,3729.6000,3729.4000,3729.2000,3729.0000,3728.8000,3730.8000,3731.0000,3731.4000,3732.0000,3732.6000,1,1,1,2,1,2,1,5,1,2
SF,IF2005,2020-04-13 11:13:37.100,3731.0000,10840,0,4337989440.000,0,-,-,-,-,3729.8000,3729.6000,3729.2000,3729.0000,3728.8000,3730.8000,3731.0000,3732.0000,3732.6000,3732.8000,1,1,1,2,1,2,1,1,2,3
SF,IF2005,2020-04-13 11:13:37.600,3730.8000,10840,0,4339108680.000,1,0,1,空换,B,3730.2000,3730.0000,3729.0000,3728.8000,3728.2000,3732.0000,3732.6000,3732.8000,3733.0000,3733.4000,1,2,2,1,1,1,2,3,2,2
SF,IF2005,2020-04-13 11:13:38.100,3730.8000,10840,0,4339108680.000,0,-,-,-,-,3730.6000,3730.4000,3730.0000,3729.0000,3728.8000,3731.2000,3731.8000,3732.0000,3732.6000,3732.8000,1,2,1,2,1,3,4,1,2,3
SF,IF2005,2020-04-13 11:13:38.600,3730.8000,10840,0,4339108680.000,0,-,-,-,-,3731.2000,3730.6000,3730.4000,3729.0000,3728.8000,3731.8000,3732.0000,3732.6000,3732.8000,3733.0000,1,1,3,2,1,2,1,2,3,2
SF,IF2005,2020-04-13 11:13:39.100,3731.0000,10841,1,4340227980.000,1,1,0,双开,B,3730.4000,3729.0000,3728.8000,3728.2000,3728.0000,3731.8000,3732.0000,3732.6000,3732.8000,3733.0000,3,2,1,1,1,2,1,2,3,2
SF,IF2005,2020-04-13 11:13:39.600,3731.0000,10841,0,4340227980.000,0,-,-,-,-,3730.4000,3729.0000,3728.8000,3728.2000,3728.0000,3731.6000,3731.8000,3732.0000,3732.6000,3732.8000,2,2,1,1,1,1,2,1,2,3
SF,IF2005,2020-04-13 11:13:40.100,3731.0000,10841,0,4340227980.000,0,-,-,-,-,3730.6000,3730.4000,3729.0000,3728.8000,3728.2000,3731.4000,3731.6000,3731.8000,3732.0000,3732.6000,1,2,2,1,1,1,1,1,1,2
SF,IF2005,2020-04-13 11:13:40.600,3731.0000,10841,0,4340227980.000,0,-,-,-,-,3730.6000,3730.4000,3729.0000,3728.8000,3728.2000,3731.4000,3731.6000,3731.8000,3732.0000,3732.6000,1,1,2,1,1,1,1,1,1,2
SF,IF2005,2020-04-13 11:13:43.600,3731.0000,10841,0,4340227980.000,0,-,-,-,-,3730.6000,3730.4000,3729.0000,3728.8000,3728.2000,3731.4000,3731.6000,3731.8000,3732.0000,3732.6000,1,1,2,1,6,1,1,1,1,2
SF,IF2005,2020-04-13 11:13:45.100,3731.0000,10841,0,4340227980.000,0,-,-,-,-,3730.8000,3730.6000,3730.4000,3729.0000,3728.8000,3731.4000,3731.6000,3731.8000,3732.0000,3732.6000,1,1,1,2,1,1,1,1,1,2
SF,IF2005,2020-04-13 11:13:45.600,3731.0000,10841,0,4340227980.000,0,-,-,-,-,3731.4000,3730.8000,3730.6000,3730.4000,3729.0000,3731.6000,3731.8000,3732.0000,3732.6000,3732.8000,1,1,1,1,2,1,1,1,2,3
SF,IF2005,2020-04-13 11:13:46.100,3731.4000,10841,0,4341347400.000,1,0,1,空换,B,3730.8000,3730.4000,3729.0000,3728.8000,3728.2000,3731.4000,3731.8000,3732.0000,3732.6000,3732.8000,1,1,2,1,6,1,1,1,2,3
SF,IF2005,2020-04-13 11:13:54.100,3730.4000,10842,1,4343585760.000,2,1,1,多开,B,3729.0000,3728.8000,3728.2000,3728.0000,3727.0000,3731.4000,3731.8000,3732.0000,3732.6000,3732.8000,2,1,6,1,1,1,1,1,2,3
SF,IF2005,2020-04-13 11:13:54.600,3730.4000,10842,0,4343585760.000,0,-,-,-,-,3730.2000,3730.0000,3729.8000,3729.6000,3729.4000,3731.2000,3731.4000,3732.0000,3732.6000,3732.8000,2,2,4,2,2,2,2,1,2,3
SF,IF2005,2020-04-13 11:13:55.100,3731.2000,10843,1,4345824480.000,2,1,1,多开,B,3730.2000,3730.0000,3729.8000,3729.6000,3729.4000,3731.4000,3732.0000,3732.6000,3732.8000,3733.0000,1,2,4,2,2,1,1,2,3,2
SF,IF2005,2020-04-13 11:13:55.600,3731.2000,10843,0,4345824480.000,0,-,-,-,-,3730.4000,3730.2000,3730.0000,3729.8000,3729.6000,3731.4000,3732.0000,3732.6000,3732.8000,3733.0000,1,1,2,4,2,1,1,2,3,2
SF,IF2005,2020-04-13 11:13:56.100,3731.2000,10843,0,4345824480.000,0,-,-,-,-,3730.4000,3730.2000,3730.0000,3729.8000,3729.6000,3731.4000,3732.0000,3732.6000,3732.8000,3733.0000,1,1,2,4,2,1,1,2,3,2
SF,IF2005,2020-04-13 11:13:57.100,3731.2000,10843,0,4345824480.000,0,-,-,-,-,3730.4000,3730.2000,3730.0000,3729.6000,3729.4000,3731.4000,3732.0000,3732.2000,3732.6000,3732.8000,1,1,2,1,2,1,1,1,2,3
SF,IF2005,2020-04-13 11:13:58.100,3731.2000,10843,0,4345824480.000,0,-,-,-,-,3730.4000,3730.2000,3730.0000,3729.6000,3729.4000,3731.4000,3732.0000,3732.6000,3732.8000,3733.0000,1,1,2,1,2,1,1,2,3,2
SF,IF2005,2020-04-13 11:13:59.600,3731.2000,10843,0,4345824480.000,0,-,-,-,-,3730.6000,3730.4000,3730.2000,3730.0000,3729.6000,3731.4000,3732.0000,3732.6000,3732.8000,3733.0000,1,1,1,2,1,1,1,2,3,2
SF,IF2005,2020-04-13 11:14:01.100,3731.2000,10843,0,4345824480.000,0,-,-,-,-,3730.6000,3730.4000,3730.2000,3730.0000,3729.6000,3731.4000,3732.0000,3732.6000,3732.8000,3733.0000,1,1,1,2,1,1,1,2,3,2
SF,IF2005,2020-04-13 11:14:02.100,3731.2000,10843,0,4345824480.000,0,-,-,-,-,3730.6000,3730.4000,3730.2000,3730.0000,3729.6000,3731.4000,3732.0000,3732.6000,3732.8000,3733.0000,1,1,1,2,1,1,1,2,3,2
SF,IF2005,2020-04-13 11:14:03.100,3731.2000,10843,0,4345824480.000,0,-,-,-,-,3730.6000,3730.4000,3730.0000,3729.6000,3729.4000,3731.4000,3732.0000,3732.6000,3732.8000,3733.0000,1,1,2,1,2,1,1,2,3,2
SF,IF2005,2020-04-13 11:14:03.600,3731.2000,10843,0,4345824480.000,0,-,-,-,-,3730.6000,3730.4000,3730.0000,3729.6000,3729.4000,3731.4000,3732.0000,3732.2000,3732.6000,3732.8000,1,1,1,1,2,1,1,2,2,3
SF,IF2005,2020-04-13 11:14:05.600,3731.2000,10843,0,4345824480.000,0,-,-,-,-,3730.6000,3730.4000,3730.0000,3729.6000,3729.4000,3731.4000,3732.0000,3732.6000,3732.8000,3733.0000,1,1,1,1,2,1,1,2,3,4
SF,IF2005,2020-04-13 11:14:07.600,3731.2000,10843,0,4345824480.000,0,-,-,-,-,3730.6000,3730.4000,3730.0000,3729.6000,3729.4000,3731.4000,3732.0000,3732.6000,3732.8000,3733.0000,1,1,1,1,2,1,1,2,3,4
SF,IF2005,2020-04-13 11:14:08.600,3730.6000,10844,1,4346943660.000,1,1,0,双开,B,3730.4000,3730.0000,3729.6000,3729.4000,3729.2000,3731.4000,3732.0000,3732.6000,3732.8000,3733.0000,1,1,1,2,3,1,1,2,3,4
SF,IF2005,2020-04-13 11:14:09.100,3730.6000,10844,0,4346943660.000,0,-,-,-,-,3730.4000,3730.0000,3729.6000,3729.4000,3729.2000,3731.4000,3732.0000,3732.6000,3732.8000,3733.0000,1,1,1,2,3,1,1,2,3,4
SF,IF2005,2020-04-13 11:14:09.600,3730.6000,10844,0,4346943660.000,0,-,-,-,-,3730.4000,3730.0000,3729.6000,3729.4000,3729.2000,3731.2000,3731.4000,3732.0000,3732.6000,3732.8000,1,1,1,2,3,1,1,1,2,3
SF,IF2005,2020-04-13 11:14:10.100,3730.6000,10844,0,4346943660.000,0,-,-,-,-,3730.4000,3730.0000,3729.2000,3729.0000,3728.8000,3731.2000,3731.4000,3732.0000,3732.6000,3732.8000,1,1,3,3,2,1,2,1,2,3
SF,IF2005,2020-04-13 11:14:10.600,3730.6000,10844,0,4346943660.000,0,-,-,-,-,3730.4000,3730.0000,3729.2000,3729.0000,3728.8000,3731.2000,3731.4000,3732.0000,3732.6000,3732.8000,1,1,3,3,2,1,1,1,2,3
SF,IF2005,2020-04-13 11:14:12.100,3730.6000,10844,0,4346943660.000,0,-,-,-,-,3730.4000,3730.0000,3729.2000,3729.0000,3728.8000,3731.2000,3732.0000,3732.6000,3732.8000,3733.0000,1,1,3,3,2,1,1,2,3,2
SF,IF2005,2020-04-13 11:14:14.600,3730.6000,10844,0,4346943660.000,0,-,-,-,-,3730.6000,3730.4000,3730.0000,3729.2000,3729.0000,3731.2000,3732.0000,3732.6000,3732.8000,3733.0000,1,1,1,3,3,1,1,2,3,2
SF,IF2005,2020-04-13 11:14:21.100,3731.2000,10844,0,4348063020.000,1,0,1,空换,B,3730.6000,3730.4000,3730.0000,3729.2000,3729.0000,3732.0000,3732.6000,3732.8000,3733.0000,3733.4000,1,1,1,3,3,1,2,3,2,2
SF,IF2005,2020-04-13 11:14:21.600,3731.2000,10844,0,4348063020.000,0,-,-,-,-,3730.8000,3730.6000,3729.2000,3729.0000,3728.8000,3731.8000,3732.0000,3732.6000,3732.8000,3733.0000,2,1,3,3,2,3,1,2,3,2
SF,IF2005,2020-04-13 11:14:22.100,3731.2000,10844,0,4348063020.000,0,-,-,-,-,3730.8000,3730.6000,3729.2000,3729.0000,3728.8000,3732.0000,3732.6000,3732.8000,3733.0000,3733.4000,3,1,3,3,2,1,2,3,2,2
SF,IF2005,2020-04-13 11:14:22.600,3731.2000,10844,0,4348063020.000,0,-,-,-,-,3731.2000,3730.8000,3730.6000,3729.2000,3729.0000,3732.0000,3732.6000,3732.8000,3733.0000,3733.4000,3,2,1,3,3,1,2,3,2,2
SF,IF2005,2020-04-13 11:14:23.100,3731.2000,10844,0,4348063020.000,0,-,-,-,-,3731.6000,3731.4000,3731.2000,3731.0000,3730.6000,3732.0000,3732.6000,3732.8000,3733.4000,3733.8000,1,1,3,1,1,1,2,3,2,1
SF,IF2005,2020-04-13 11:14:23.600,3731.2000,10844,0,4348063020.000,0,-,-,-,-,3731.6000,3731.4000,3731.2000,3731.0000,3730.6000,3732.0000,3732.6000,3732.8000,3733.4000,3733.8000,1,1,3,1,1,1,2,3,2,1
SF,IF2005,2020-04-13 11:14:27.100,3731.2000,10844,0,4348063020.000,0,-,-,-,-,3731.4000,3731.2000,3731.0000,3730.6000,3729.2000,3731.6000,3732.0000,3732.6000,3732.8000,3733.4000,1,1,1,1,3,1,1,2,3,2
SF,IF2005,2020-04-13 11:14:27.600,3731.6000,10844,0,4349182500.000,1,0,1,空换,B,3731.6000,3731.4000,3731.2000,3731.0000,3730.6000,3732.0000,3732.6000,3732.8000,3733.4000,3733.8000,1,1,3,1,1,1,2,3,2,1
SF,IF2005,2020-04-13 11:14:28.100,3731.6000,10844,0,4349182500.000,0,-,-,-,-,3731.4000,3731.2000,3731.0000,3730.6000,3729.2000,3732.0000,3732.6000,3732.8000,3733.4000,3733.8000,1,3,1,1,3,1,2,3,2,1
SF,IF2005,2020-04-13 11:14:30.100,3731.6000,10844,0,4349182500.000,0,-,-,-,-,3731.4000,3731.2000,3731.0000,3730.6000,3729.2000,3732.0000,3732.6000,3732.8000,3733.4000,3733.8000,1,3,1,1,3,2,2,3,2,1
SF,IF2005,2020-04-13 11:14:30.600,3731.6000,10844,0,4349182500.000,0,-,-,-,-,3731.4000,3731.2000,3731.0000,3730.6000,3729.2000,3732.0000,3732.6000,3732.8000,3733.4000,3733.8000,1,3,1,1,3,1,2,3,2,1
SF,IF2005,2020-04-13 11:14:31.100,3731.6000,10844,0,4349182500.000,0,-,-,-,-,3731.4000,3731.2000,3731.0000,3729.2000,3729.0000,3732.0000,3732.6000,3732.8000,3733.4000,3733.8000,1,3,1,3,3,1,2,3,2,1
SF,IF2005,2020-04-13 11:14:31.600,3731.6000,10844,0,4349182500.000,0,-,-,-,-,3731.4000,3731.2000,3731.0000,3729.2000,3729.0000,3732.0000,3732.6000,3732.8000,3733.4000,3733.8000,1,3,1,3,3,2,2,3,2,1
SF,IF2005,2020-04-13 11:14:32.100,3731.6000,10844,0,4349182500.000,0,-,-,-,-,3731.4000,3731.2000,3731.0000,3729.2000,3729.0000,3732.0000,3732.6000,3732.8000,3733.4000,3733.8000,1,3,1,3,3,1,2,3,2,1
SF,IF2005,2020-04-13 11:14:32.600,3731.6000,10844,0,4349182500.000,0,-,-,-,-,3731.4000,3731.2000,3731.0000,3729.2000,3729.0000,3732.0000,3732.6000,3732.8000,3733.4000,3733.8000,1,1,1,3,3,1,2,3,2,1
SF,IF2005,2020-04-13 11:14:33.100,3731.6000,10844,0,4349182500.000,0,-,-,-,-,3731.4000,3731.2000,3731.0000,3729.2000,3729.0000,3732.0000,3732.6000,3732.8000,3733.4000,3733.8000,1,1,1,3,3,1,2,3,2,1
SF,IF2005,2020-04-13 11:14:33.600,3731.6000,10844,0,4349182500.000,0,-,-,-,-,3731.6000,3731.4000,3731.2000,3731.0000,3729.2000,3732.0000,3732.6000,3732.8000,3733.4000,3733.8000,2,1,1,1,3,1,2,3,2,1
SF,IF2005,2020-04-13 11:14:34.100,3731.6000,10845,1,4350301980.000,1,1,0,双开,B,3731.6000,3731.4000,3731.2000,3731.0000,3729.2000,3732.0000,3732.6000,3732.8000,3733.4000,3733.8000,1,1,1,1,3,1,2,3,2,1
SF,IF2005,2020-04-13 11:14:34.600,3731.6000,10845,0,4350301980.000,0,-,-,-,-,3731.6000,3731.4000,3731.2000,3731.0000,3729.2000,3732.0000,3732.6000,3732.8000,3733.4000,3733.8000,1,1,1,1,3,1,2,3,2,1
SF,IF2005,2020-04-13 11:14:35.100,3731.6000,10845,0,4350301980.000,0,-,-,-,-,3731.6000,3731.4000,3731.2000,3731.0000,3729.2000,3732.0000,3732.6000,3732.8000,3733.4000,3733.8000,1,1,1,1,3,1,2,3,2,1
SF,IF2005,2020-04-13 11:14:35.600,3731.6000,10845,0,4350301980.000,0,-,-,-,-,3731.6000,3731.4000,3731.2000,3731.0000,3729.2000,3732.0000,3732.6000,3732.8000,3733.4000,3733.8000,1,1,1,1,3,2,2,3,2,1
SF,IF2005,2020-04-13 11:14:36.100,3731.6000,10845,0,4350301980.000,0,-,-,-,-,3731.6000,3731.4000,3731.2000,3731.0000,3729.2000,3732.0000,3732.6000,3732.8000,3733.4000,3733.8000,1,1,1,1,3,1,2,3,2,1
SF,IF2005,2020-04-13 11:14:36.600,3731.6000,10845,0,4351421460.000,1,0,1,空换,B,3731.4000,3731.2000,3731.0000,3729.2000,3729.0000,3732.0000,3732.6000,3732.8000,3733.4000,3733.8000,1,1,1,3,3,1,2,3,2,1
SF,IF2005,2020-04-13 11:14:37.100,3731.6000,10845,0,4351421460.000,0,-,-,-,-,3731.4000,3731.2000,3731.0000,3729.2000,3729.0000,3732.0000,3732.6000,3732.8000,3733.4000,3733.8000,1,1,1,3,3,1,2,3,4,1
SF,IF2005,2020-04-13 11:14:37.600,3731.6000,10845,0,4351421460.000,0,-,-,-,-,3731.4000,3731.2000,3731.0000,3729.2000,3729.0000,3732.0000,3732.6000,3732.8000,3733.4000,3733.8000,1,1,2,3,3,1,2,3,4,1
SF,IF2005,2020-04-13 11:14:38.100,3731.6000,10845,0,4351421460.000,0,-,-,-,-,3731.4000,3731.2000,3731.0000,3729.2000,3729.0000,3732.0000,3732.6000,3732.8000,3733.4000,3733.8000,1,1,2,3,3,1,2,3,4,1
SF,IF2005,2020-04-13 11:14:38.600,3731.6000,10845,0,4351421460.000,0,-,-,-,-,3731.4000,3731.2000,3731.0000,3729.2000,3729.0000,3732.0000,3732.6000,3732.8000,3733.4000,3733.8000,1,1,2,3,3,1,2,3,4,1
SF,IF2005,2020-04-13 11:14:39.100,3731.6000,10845,0,4351421460.000,0,-,-,-,-,3731.4000,3731.2000,3731.0000,3729.2000,3729.0000,3732.0000,3732.6000,3732.8000,3733.4000,3733.8000,1,1,2,3,3,2,2,3,4,1
SF,IF2005,2020-04-13 11:14:39.600,3732.0000,10847,2,4353660660.000,2,2,0,双开,B,3731.6000,3731.4000,3731.2000,3731.0000,3729.2000,3732.6000,3732.8000,3733.4000,3733.8000,3734.8000,1,1,1,2,3,2,3,4,1,1
SF,IF2005,2020-04-13 11:14:40.100,3732.0000,10847,0,4353660660.000,0,-,-,-,-,3731.8000,3731.6000,3731.0000,3729.2000,3729.0000,3732.6000,3732.8000,3733.4000,3733.8000,3734.8000,1,1,1,3,3,1,3,2,1,1
SF,IF2005,2020-04-13 11:14:40.600,3732.0000,10847,0,4353660660.000,0,-,-,-,-,3732.6000,3732.0000,3731.8000,3731.0000,3729.2000,3732.8000,3733.4000,3733.8000,3734.6000,3734.8000,1,1,2,1,3,3,2,1,2,1
SF,IF2005,2020-04-13 11:14:41.100,3732.6000,10848,1,4354780440.000,1,1,0,双开,B,3731.8000,3731.0000,3729.2000,3729.0000,3728.8000,3732.8000,3733.4000,3733.8000,3734.6000,3734.8000,2,1,3,3,2,3,2,1,2,1
SF,IF2005,2020-04-13 11:14:41.600,3732.8000,10851,3,4358139960.000,3,3,0,双开,B,3732.8000,3732.4000,3731.8000,3731.0000,3729.2000,3733.4000,3733.8000,3734.6000,3734.8000,3735.0000,2,1,2,1,3,2,1,2,1,1
SF,IF2005,2020-04-13 11:14:42.100,3732.8000,10851,0,4358139960.000,0,-,-,-,-,3732.2000,3732.0000,3731.8000,3731.0000,3729.2000,3733.4000,3733.8000,3734.6000,3734.8000,3735.0000,1,1,1,1,3,2,1,2,1,1
SF,IF2005,2020-04-13 11:14:42.600,3732.8000,10851,0,4358139960.000,0,-,-,-,-,3732.6000,3732.4000,3731.0000,3729.2000,3729.0000,3733.4000,3733.8000,3734.6000,3734.8000,3735.0000,1,3,1,3,3,2,1,2,1,1
SF,IF2005,2020-04-13 11:14:43.100,3732.8000,10851,0,4358139960.000,0,-,-,-,-,3732.8000,3732.6000,3732.4000,3731.0000,3729.2000,3733.4000,3733.8000,3734.8000,3735.0000,3735.2000,1,1,2,1,3,2,1,1,1,2
SF,IF2005,2020-04-13 11:14:43.600,3732.8000,10851,0,4358139960.000,0,-,-,-,-,3733.0000,3732.8000,3732.4000,3731.0000,3729.2000,3733.4000,3733.8000,3734.8000,3735.0000,3735.2000,1,1,2,1,3,2,1,1,1,2
SF,IF2005,2020-04-13 11:14:45.100,3733.0000,10851,0,4359259860.000,1,0,1,空换,B,3732.8000,3732.4000,3731.0000,3729.2000,3729.0000,3733.4000,3733.8000,3734.8000,3735.0000,3735.2000,1,2,1,3,3,2,1,1,1,2
SF,IF2005,2020-04-13 11:14:45.600,3733.0000,10851,0,4359259860.000,0,-,-,-,-,3732.4000,3731.0000,3729.2000,3729.0000,3728.8000,3733.4000,3733.8000,3734.8000,3735.0000,3735.2000,2,1,3,3,2,2,1,1,1,2
SF,IF2005,2020-04-13 11:14:46.100,3733.0000,10851,0,4359259860.000,0,-,-,-,-,3731.0000,3729.2000,3729.0000,3728.8000,3728.2000,3733.4000,3733.8000,3734.8000,3735.0000,3735.2000,1,3,3,2,1,2,1,1,1,2
SF,IF2005,2020-04-13 11:14:46.600,3733.0000,10851,0,4359259860.000,0,-,-,-,-,3731.6000,3731.4000,3731.2000,3731.0000,3729.2000,3733.0000,3733.2000,3733.4000,3733.8000,3734.8000,3,7,3,1,3,1,6,2,1,1
SF,IF2005,2020-04-13 11:14:47.100,3733.0000,10851,0,4359259860.000,0,-,-,-,-,3731.8000,3731.6000,3731.4000,3731.2000,3731.0000,3732.8000,3733.0000,3733.2000,3733.4000,3733.8000,1,2,3,1,1,2,1,11,2,1
SF,IF2005,2020-04-13 11:14:47.600,3733.0000,10851,0,4359259860.000,0,-,-,-,-,3731.8000,3731.6000,3731.4000,3731.2000,3731.0000,3732.8000,3733.0000,3733.2000,3733.4000,3733.8000,1,2,2,1,1,2,1,10,2,1
SF,IF2005,2020-04-13 11:14:48.100,3732.8000,10851,0,4360379700.000,1,0,1,空换,B,3731.8000,3731.6000,3731.2000,3731.0000,3729.2000,3732.8000,3733.0000,3733.2000,3733.4000,3733.8000,1,2,1,1,3,1,1,5,2,1
SF,IF2005,2020-04-13 11:14:51.600,3732.8000,10851,0,4360379700.000,0,-,-,-,-,3732.2000,3731.8000,3731.6000,3731.0000,3729.2000,3732.8000,3733.0000,3733.2000,3733.4000,3733.8000,1,1,2,1,3,1,1,5,2,1
SF,IF2005,2020-04-13 11:14:52.100,3731.8000,10852,1,4362618900.000,2,1,1,多开,B,3731.6000,3731.0000,3729.2000,3729.0000,3728.8000,3732.8000,3733.0000,3733.2000,3733.4000,3733.8000,2,1,3,3,2,1,1,5,2,1
SF,IF2005,2020-04-13 11:14:52.600,3731.8000,10852,0,4362618900.000,0,-,-,-,-,3731.0000,3729.2000,3729.0000,3728.8000,3728.2000,3732.0000,3732.4000,3732.6000,3732.8000,3733.2000,1,3,3,2,1,1,5,3,3,4
SF,IF2005,2020-04-13 11:14:53.100,3731.8000,10852,0,4362618900.000,0,-,-,-,-,3731.0000,3729.2000,3729.0000,3728.8000,3728.2000,3732.4000,3732.6000,3732.8000,3733.2000,3733.4000,1,3,3,2,1,5,2,2,4,2
SF,IF2005,2020-04-13 11:14:53.600,3731.8000,10852,0,4362618900.000,0,-,-,-,-,3731.0000,3729.2000,3729.0000,3728.8000,3728.2000,3732.2000,3732.4000,3732.6000,3732.8000,3733.2000,1,3,3,2,1,2,5,2,1,4
SF,IF2005,2020-04-13 11:14:55.100,3731.8000,10852,0,4362618900.000,0,-,-,-,-,3731.0000,3729.2000,3729.0000,3728.8000,3728.2000,3732.2000,3732.4000,3732.6000,3732.8000,3733.2000,1,3,3,2,1,2,5,1,1,4
SF,IF2005,2020-04-13 11:14:55.600,3731.8000,10852,0,4362618900.000,0,-,-,-,-,3731.2000,3731.0000,3729.2000,3729.0000,3728.8000,3732.2000,3732.6000,3732.8000,3733.2000,3733.4000,2,1,3,3,2,2,1,1,4,2
SF,IF2005,2020-04-13 11:14:57.100,3731.8000,10852,0,4362618900.000,0,-,-,-,-,3731.2000,3731.0000,3729.2000,3729.0000,3728.8000,3732.2000,3732.6000,3733.2000,3733.4000,3733.8000,2,1,3,3,2,1,1,4,2,1
SF,IF2005,2020-04-13 11:14:58.600,3732.0000,10853,1,4364857860.000,2,1,1,多开,B,3731.2000,3731.0000,3729.2000,3729.0000,3728.8000,3732.0000,3732.2000,3732.6000,3733.2000,3733.4000,1,1,3,3,2,4,1,1,4,2
SF,IF2005,2020-04-13 11:14:59.100,3732.0000,10853,0,4364857860.000,0,-,-,-,-,3731.2000,3731.0000,3729.2000,3729.0000,3728.8000,3732.2000,3732.6000,3733.2000,3733.4000,3733.8000,1,1,3,3,2,1,1,4,2,1
SF,IF2005,2020-04-13 11:14:59.600,3732.0000,10853,0,4364857860.000,0,-,-,-,-,3731.6000,3731.4000,3731.0000,3729.2000,3729.0000,3732.2000,3732.6000,3733.2000,3733.4000,3733.8000,1,1,1,3,3,1,1,4,2,1
SF,IF2005,2020-04-13 11:15:00.600,3732.0000,10853,0,4364857860.000,0,-,-,-,-,3731.6000,3731.4000,3731.0000,3729.2000,3729.0000,3732.2000,3732.6000,3733.2000,3733.4000,3733.8000,1,1,1,3,3,1,1,4,2,1
SF,IF2005,2020-04-13 11:15:01.100,3731.6000,10853,0,4365977340.000,1,0,1,空换,B,3731.4000,3731.0000,3729.2000,3729.0000,3728.8000,3732.2000,3732.6000,3733.2000,3733.4000,3733.8000,1,1,3,3,1,1,1,1,2,1
SF,IF2005,2020-04-13 11:15:01.600,3731.6000,10853,0,4365977340.000,0,-,-,-,-,3731.0000,3729.2000,3729.0000,3728.8000,3728.2000,3732.0000,3732.2000,3733.2000,3733.4000,3733.8000,1,3,3,1,1,1,1,1,2,1
SF,IF2005,2020-04-13 11:15:02.100,3731.0000,10854,1,4367096640.000,1,1,0,双开,B,3729.2000,3729.0000,3728.8000,3728.2000,3728.0000,3731.6000,3731.8000,3732.0000,3733.2000,3733.4000,3,3,1,1,1,1,1,7,1,2
SF,IF2005,2020-04-13 11:15:02.600,3731.0000,10854,0,4367096640.000,0,-,-,-,-,3730.0000,3729.8000,3729.6000,3729.4000,3729.2000,3731.2000,3731.4000,3731.8000,3732.0000,3733.2000,1,2,7,3,3,1,3,5,6,1
SF,IF2005,2020-04-13 11:15:03.100,3731.0000,10854,0,4367096640.000,0,-,-,-,-,3730.0000,3729.8000,3729.6000,3729.4000,3729.2000,3731.0000,3731.2000,3731.4000,3731.8000,3732.0000,1,2,7,3,2,1,1,1,5,5
SF,IF2005,2020-04-13 11:15:03.600,3731.0000,10854,0,4368215940.000,1,0,1,空换,B,3730.0000,3729.8000,3729.6000,3729.4000,3729.2000,3731.2000,3731.4000,3731.8000,3732.0000,3732.8000,1,2,1,2,2,1,1,5,5,2
SF,IF2005,2020-04-13 11:15:04.100,3731.0000,10854,0,4368215940.000,0,-,-,-,-,3730.2000,3730.0000,3729.8000,3729.4000,3729.2000,3731.2000,3731.4000,3731.8000,3732.0000,3732.8000,1,1,2,1,2,1,1,5,5,2
SF,IF2005,2020-04-13 11:15:04.600,3730.4000,10855,1,4369335060.000,1,1,0,双开,B,3730.4000,3730.2000,3729.8000,3729.4000,3729.2000,3731.4000,3732.0000,3732.8000,3733.2000,3733.4000,1,2,2,1,2,1,5,2,1,2
SF,IF2005,2020-04-13 11:15:05.100,3730.4000,10855,0,4369335060.000,0,-,-,-,-,3730.6000,3730.4000,3729.8000,3729.4000,3729.2000,3733.2000,3733.4000,3733.8000,3734.8000,3735.0000,2,2,1,1,2,1,2,3,1,1
SF,IF2005,2020-04-13 11:15:05.600,3730.4000,10855,0,4369335060.000,0,-,-,-,-,3731.4000,3730.6000,3730.4000,3729.8000,3729.4000,3732.0000,3732.2000,3732.4000,3732.6000,3732.8000,1,2,2,1,1,10,2,2,2,2
SF,IF2005,2020-04-13 11:15:06.100,3730.4000,10855,0,4369335060.000,0,-,-,-,-,3730.8000,3730.6000,3730.4000,3729.8000,3729.2000,3731.4000,3732.0000,3732.2000,3732.4000,3732.6000,1,2,1,1,2,1,5,2,1,2
SF,IF2005,2020-04-13 11:15:07.100,3730.4000,10855,0,4369335060.000,0,-,-,-,-,3730.8000,3730.6000,3730.4000,3729.8000,3729.2000,3731.4000,3732.0000,3732.2000,3732.4000,3732.6000,1,2,1,1,2,1,4,1,1,2
SF,IF2005,2020-04-13 11:15:07.600,3730.4000,10855,0,4369335060.000,0,-,-,-,-,3730.6000,3730.4000,3729.8000,3729.2000,3729.0000,3731.4000,3732.0000,3732.2000,3732.4000,3732.6000,2,1,1,2,3,1,4,1,1,2
SF,IF2005,2020-04-13 11:15:08.100,3730.4000,10855,0,4369335060.000,0,-,-,-,-,3729.8000,3729.2000,3729.0000,3728.8000,3728.2000,3731.4000,3732.2000,3732.4000,3732.6000,3732.8000,1,2,3,6,1,1,1,1,2,3
SF,IF2005,2020-04-13 11:15:08.600,3730.4000,10855,0,4369335060.000,0,-,-,-,-,3730.2000,3730.0000,3729.8000,3729.2000,3729.0000,3731.2000,3731.4000,3732.2000,3732.4000,3732.6000,1,2,1,2,3,1,1,1,1,2
SF,IF2005,2020-04-13 11:15:10.600,3730.4000,10855,0,4369335060.000,0,-,-,-,-,3730.2000,3730.0000,3729.2000,3729.0000,3728.8000,3731.2000,3731.4000,3732.2000,3732.4000,3732.6000,1,2,2,3,1,1,1,1,1,2
SF,IF2005,2020-04-13 11:15:11.100,3730.4000,10855,0,4369335060.000,0,-,-,-,-,3730.2000,3730.0000,3729.2000,3729.0000,3728.8000,3731.2000,3732.2000,3732.4000,3732.6000,3732.8000,1,2,2,3,1,2,1,1,2,5
SF,IF2005,2020-04-13 11:15:12.100,3730.4000,10855,0,4369335060.000,0,-,-,-,-,3730.2000,3730.0000,3729.2000,3729.0000,3728.8000,3731.0000,3731.2000,3732.2000,3732.4000,3732.6000,1,2,2,3,1,1,2,1,1,2
SF,IF2005,2020-04-13 11:15:13.100,3730.4000,10855,0,4369335060.000,0,-,-,-,-,3730.0000,3729.2000,3729.0000,3728.8000,3728.2000,3731.0000,3731.2000,3732.2000,3732.4000,3732.6000,2,2,3,1,1,4,2,1,1,2
SF,IF2005,2020-04-13 11:15:16.100,3730.4000,10855,0,4369335060.000,0,-,-,-,-,3730.0000,3729.2000,3729.0000,3728.8000,3728.2000,3731.0000,3731.2000,3732.2000,3732.4000,3732.6000,2,2,3,1,1,4,1,1,1,2
SF,IF2005,2020-04-13 11:15:16.600,3730.4000,10855,0,4369335060.000,0,-,-,-,-,3730.0000,3729.2000,3729.0000,3728.8000,3728.2000,3731.0000,3731.2000,3732.2000,3732.4000,3732.6000,2,2,3,1,1,5,1,1,1,2
SF,IF2005,2020-04-13 11:15:18.600,3730.4000,10855,0,4369335060.000,0,-,-,-,-,3730.0000,3729.2000,3729.0000,3728.8000,3728.2000,3731.0000,3731.2000,3732.2000,3732.4000,3732.6000,2,2,3,1,1,2,1,1,1,2
SF,IF2005,2020-04-13 11:15:19.100,3730.4000,10855,0,4369335060.000,0,-,-,-,-,3730.0000,3729.2000,3729.0000,3728.8000,3728.2000,3730.8000,3731.0000,3732.2000,3732.4000,3732.6000,2,2,3,1,1,1,2,1,1,2
SF,IF2005,2020-04-13 11:15:21.600,3730.4000,10855,0,4369335060.000,0,-,-,-,-,3730.0000,3729.2000,3729.0000,3728.8000,3728.2000,3730.8000,3731.0000,3732.2000,3732.4000,3732.6000,2,2,3,1,1,1,1,1,1,2
SF,IF2005,2020-04-13 11:15:22.100,3730.4000,10855,0,4369335060.000,0,-,-,-,-,3730.0000,3729.2000,3729.0000,3728.8000,3728.2000,3730.8000,3731.0000,3732.2000,3732.4000,3732.6000,2,2,3,1,1,1,1,1,1,2
SF,IF2005,2020-04-13 11:15:22.600,3730.4000,10856,1,4370454180.000,1,1,0,双开,B,3730.4000,3729.2000,3729.0000,3728.8000,3728.2000,3730.6000,3730.8000,3732.2000,3732.4000,3732.6000,1,1,2,1,1,7,4,1,1,2
SF,IF2005,2020-04-13 11:15:23.100,3730.4000,10856,0,4371573300.000,1,0,1,空换,B,3729.2000,3729.0000,3728.8000,3728.2000,3728.0000,3730.6000,3730.8000,3731.8000,3732.2000,3732.4000,1,2,1,1,6,5,1,2,1,1
SF,IF2005,2020-04-13 11:15:23.600,3730.4000,10856,0,4371573300.000,0,-,-,-,-,3729.4000,3729.0000,3728.8000,3728.2000,3728.0000,3730.6000,3730.8000,3731.8000,3732.2000,3732.4000,3,2,1,1,6,5,1,2,1,1
SF,IF2005,2020-04-13 11:15:24.100,3730.4000,10856,0,4371573300.000,0,-,-,-,-,3729.4000,3729.0000,3728.8000,3728.2000,3728.0000,3730.6000,3730.8000,3731.8000,3732.2000,3732.4000,4,2,1,1,6,5,1,2,1,1
SF,IF2005,2020-04-13 11:15:25.100,3730.4000,10856,0,4371573300.000,0,-,-,-,-,3729.4000,3729.0000,3728.8000,3728.2000,3728.0000,3730.6000,3730.8000,3731.8000,3732.2000,3732.4000,4,2,1,1,6,2,1,2,1,1
SF,IF2005,2020-04-13 11:15:26.600,3730.4000,10856,0,4371573300.000,0,-,-,-,-,3729.4000,3729.0000,3728.8000,3728.2000,3728.0000,3730.0000,3730.6000,3730.8000,3731.8000,3732.2000,4,2,1,1,6,1,2,1,2,1
SF,IF2005,2020-04-13 11:15:27.100,3730.0000,10857,1,4372692300.000,1,1,0,双开,B,3729.4000,3729.0000,3728.8000,3728.2000,3728.0000,3730.6000,3731.8000,3732.2000,3732.4000,3732.6000,4,2,1,1,7,3,2,1,1,2
SF,IF2005,2020-04-13 11:15:27.600,3730.0000,10857,0,4372692300.000,0,-,-,-,-,3730.0000,3729.4000,3729.0000,3728.8000,3728.2000,3730.6000,3731.8000,3732.2000,3732.4000,3732.6000,1,4,2,1,1,6,2,1,1,2
SF,IF2005,2020-04-13 11:15:28.100,3730.0000,10857,0,4372692300.000,0,-,-,-,-,3729.8000,3729.4000,3729.0000,3728.8000,3728.2000,3730.6000,3731.8000,3732.2000,3732.4000,3732.6000,1,2,2,1,1,4,2,1,1,2
SF,IF2005,2020-04-13 11:15:28.600,3730.6000,10861,4,4377169020.000,4,4,0,双开,B,3730.6000,3730.2000,3730.0000,3729.0000,3728.8000,3732.2000,3732.4000,3732.6000,3732.8000,3733.0000,1,1,2,2,1,1,1,2,4,1
SF,IF2005,2020-04-13 11:15:29.100,3730.6000,10861,0,4377169020.000,0,-,-,-,-,3730.2000,3730.0000,3729.0000,3728.8000,3728.2000,3731.8000,3732.0000,3732.2000,3732.4000,3732.6000,1,1,2,1,1,1,3,1,1,2
SF,IF2005,2020-04-13 11:15:29.600,3730.6000,10861,0,4377169020.000,0,-,-,-,-,3730.8000,3730.6000,3730.4000,3729.0000,3728.8000,3731.6000,3732.0000,3732.2000,3732.6000,3732.8000,2,1,1,2,1,1,1,1,2,2
SF,IF2005,2020-04-13 11:15:30.100,3732.0000,10859,-2,4379408100.000,2,0,2,双平,B,3731.8000,3731.6000,3731.2000,3731.0000,3730.8000,3732.6000,3732.8000,3733.2000,3733.4000,3733.8000,2,1,1,1,1,1,2,1,4,1
SF,IF2005,2020-04-13 11:15:30.600,3732.0000,10859,0,4380527700.000,1,0,1,空换,B,3732.2000,3732.0000,3731.6000,3731.0000,3730.6000,3732.8000,3733.2000,3733.4000,3733.8000,3734.8000,1,1,1,1,1,2,1,2,1,1
SF,IF2005,2020-04-13 11:15:31.100,3732.0000,10859,0,4380527700.000,0,-,-,-,-,3732.0000,3731.6000,3731.0000,3730.6000,3730.4000,3732.8000,3733.2000,3733.4000,3733.8000,3734.8000,1,1,1,1,2,2,1,2,1,3
SF,IF2005,2020-04-13 11:15:31.600,3732.0000,10859,0,4381647300.000,1,0,1,空换,B,3731.6000,3731.0000,3730.6000,3730.4000,3729.0000,3732.6000,3732.8000,3733.2000,3733.4000,3733.8000,1,1,1,2,2,1,2,1,2,1
SF,IF2005,2020-04-13 11:15:32.100,3732.2000,10858,-1,4382766960.000,1,0,1,双平,B,3731.0000,3730.6000,3730.4000,3729.0000,3728.8000,3732.0000,3732.4000,3732.6000,3732.8000,3733.2000,1,1,1,2,1,1,1,1,2,1
SF,IF2005,2020-04-13 11:15:32.600,3732.2000,10858,0,4382766960.000,0,-,-,-,-,3730.4000,3729.0000,3728.8000,3728.2000,3728.0000,3731.8000,3732.0000,3732.4000,3732.6000,3732.8000,1,2,1,1,7,2,1,5,1,2
SF,IF2005,2020-04-13 11:15:33.100,3732.2000,10858,0,4382766960.000,0,-,-,-,-,3730.6000,3730.4000,3729.0000,3728.8000,3728.2000,3731.4000,3731.8000,3732.0000,3732.4000,3732.8000,2,1,2,1,1,1,2,1,5,2
SF,IF2005,2020-04-13 11:15:33.600,3732.2000,10858,0,4382766960.000,0,-,-,-,-,3730.6000,3729.0000,3728.8000,3728.2000,3728.0000,3731.4000,3731.8000,3732.0000,3732.4000,3732.8000,1,2,1,1,7,2,1,1,5,2
SF,IF2005,2020-04-13 11:15:34.100,3731.4000,10858,0,4385005800.000,2,1,1,空换,B,3730.6000,3729.0000,3728.8000,3728.2000,3728.0000,3731.8000,3732.0000,3732.4000,3732.8000,3733.2000,1,2,1,1,7,1,1,5,2,1
SF,IF2005,2020-04-13 11:15:34.600,3731.4000,10858,0,4385005800.000,0,-,-,-,-,3731.2000,3730.8000,3730.6000,3729.0000,3728.8000,3731.8000,3732.0000,3732.8000,3733.2000,3733.4000,1,1,1,2,1,3,1,2,1,2
SF,IF2005,2020-04-13 11:15:35.100,3731.8000,10860,2,4388364420.000,3,2,1,多开,B,3731.8000,3731.4000,3731.2000,3731.0000,3730.8000,3732.0000,3732.8000,3733.2000,3733.4000,3733.6000,1,1,1,1,1,1,2,1,2,2
SF,IF2005,2020-04-13 11:15:35.600,3732.0000,10860,0,4389484020.000,1,0,1,空换,B,3731.4000,3731.0000,3730.8000,3730.6000,3729.0000,3732.8000,3733.2000,3733.4000,3733.6000,3733.8000,1,1,1,1,2,2,1,2,2,1
SF,IF2005,2020-04-13 11:15:36.100,3732.0000,10860,0,4389484020.000,0,-,-,-,-,3731.6000,3731.4000,3731.0000,3730.8000,3730.6000,3732.6000,3732.8000,3733.2000,3733.4000,3733.6000,1,1,1,1,1,1,2,1,2,2
SF,IF2005,2020-04-13 11:15:36.600,3732.0000,10860,0,4389484020.000,0,-,-,-,-,3731.6000,3731.4000,3731.0000,3730.8000,3730.6000,3732.6000,3732.8000,3733.2000,3733.4000,3733.6000,1,1,1,1,1,1,2,1,2,2
SF,IF2005,2020-04-13 11:15:37.600,3732.0000,10860,0,4389484020.000,0,-,-,-,-,3731.6000,3731.4000,3730.8000,3729.6000,3729.0000,3732.6000,3732.8000,3733.2000,3733.4000,3733.6000,1,1,1,5,2,1,2,1,2,2
SF,IF2005,2020-04-13 11:15:38.100,3731.6000,10860,0,4390603500.000,1,0,1,空换,B,3730.8000,3729.6000,3729.0000,3728.8000,3728.2000,3732.6000,3732.8000,3733.2000,3733.4000,3733.6000,1,5,2,1,1,1,2,1,2,2
SF,IF2005,2020-04-13 11:15:38.600,3731.6000,10860,0,4390603500.000,0,-,-,-,-,3731.2000,3731.0000,3730.8000,3729.6000,3729.0000,3732.4000,3732.6000,3732.8000,3733.2000,3733.4000,1,2,1,5,2,1,1,2,1,2
SF,IF2005,2020-04-13 11:15:39.100,3731.6000,10860,0,4390603500.000,0,-,-,-,-,3731.2000,3731.0000,3730.8000,3729.6000,3729.0000,3732.2000,3732.4000,3732.8000,3733.2000,3733.4000,1,2,1,5,2,1,1,2,1,2
SF,IF2005,2020-04-13 11:15:45.600,3731.6000,10860,0,4390603500.000,0,-,-,-,-,3731.4000,3731.2000,3731.0000,3730.8000,3729.6000,3732.2000,3732.4000,3732.8000,3733.2000,3733.4000,1,1,2,1,5,1,1,2,1,2
SF,IF2005,2020-04-13 11:15:46.100,3731.4000,10861,1,4391722920.000,1,1,0,双开,B,3731.2000,3731.0000,3729.6000,3729.0000,3728.8000,3732.0000,3732.2000,3732.8000,3733.2000,3733.4000,1,2,5,2,1,1,1,2,1,2
SF,IF2005,2020-04-13 11:15:48.600,3731.4000,10861,0,4391722920.000,0,-,-,-,-,3731.2000,3731.0000,3729.0000,3728.8000,3728.2000,3732.0000,3732.2000,3732.8000,3733.2000,3733.4000,1,2,2,1,1,1,1,2,1,2
SF,IF2005,2020-04-13 11:15:49.100,3731.0000,10861,0,4395080880.000,3,1,2,空换,B,3729.0000,3728.8000,3728.2000,3728.0000,3727.0000,3731.6000,3731.8000,3732.8000,3733.2000,3733.4000,2,1,1,2,1,1,7,2,1,2
SF,IF2005,2020-04-13 11:15:49.600,3731.0000,10861,0,4395080880.000,0,-,-,-,-,3730.0000,3729.8000,3729.6000,3729.4000,3729.2000,3731.4000,3731.6000,3731.8000,3732.0000,3732.8000,1,1,1,4,6,2,5,6,2,2
SF,IF2005,2020-04-13 11:15:50.100,3731.0000,10861,0,4395080880.000,0,-,-,-,-,3729.6000,3729.4000,3729.2000,3729.0000,3728.8000,3730.8000,3731.0000,3731.2000,3731.4000,3731.6000,2,1,3,2,1,1,1,5,2,6
SF,IF2005,2020-04-13 11:15:50.600,3731.0000,10861,0,4395080880.000,0,-,-,-,-,3729.8000,3729.6000,3729.4000,3729.2000,3729.0000,3730.8000,3731.0000,3731.4000,3731.6000,3731.8000,1,2,1,1,2,1,1,2,5,5
SF,IF2005,2020-04-13 11:15:51.600,3731.0000,10861,0,4395080880.000,0,-,-,-,-,3729.8000,3729.6000,3729.4000,3729.2000,3729.0000,3730.8000,3731.0000,3731.4000,3731.6000,3731.8000,1,2,1,1,2,1,1,2,5,5
SF,IF2005,2020-04-13 11:15:53.100,3731.0000,10861,0,4395080880.000,0,-,-,-,-,3729.8000,3729.6000,3729.2000,3729.0000,3728.8000,3730.8000,3731.0000,3731.4000,3731.6000,3731.8000,1,2,1,2,1,1,1,2,5,5
SF,IF2005,2020-04-13 11:15:57.100,3730.8000,10861,0,4396200120.000,1,0,1,空换,B,3730.0000,3729.8000,3729.6000,3729.2000,3729.0000,3731.0000,3731.4000,3732.4000,3732.8000,3733.2000,3,1,1,1,2,1,2,2,2,1
SF,IF2005,2020-04-13 11:15:57.600,3730.8000,10861,0,4396200120.000,0,-,-,-,-,3730.2000,3730.0000,3729.6000,3729.2000,3729.0000,3731.0000,3731.4000,3732.8000,3733.2000,3733.4000,1,3,1,1,2,1,1,2,1,2
SF,IF2005,2020-04-13 11:15:58.100,3730.0000,10858,-3,4399557180.000,3,0,3,双平,B,3730.0000,3729.6000,3729.2000,3729.0000,3728.8000,3731.4000,3732.8000,3733.2000,3733.4000,3733.8000,1,1,1,2,1,1,2,1,4,1
SF,IF2005,2020-04-13 11:15:59.100,3730.0000,10858,0,4399557180.000,0,-,-,-,-,3730.0000,3729.6000,3729.2000,3729.0000,3728.8000,3731.2000,3731.4000,3732.8000,3733.2000,3733.4000,1,1,1,2,1,1,1,2,1,4
SF,IF2005,2020-04-13 11:15:59.600,3730.0000,10858,0,4399557180.000,0,-,-,-,-,3730.0000,3729.6000,3729.2000,3729.0000,3728.8000,3731.0000,3731.2000,3732.8000,3733.2000,3733.4000,1,1,1,2,1,1,2,2,1,4
SF,IF2005,2020-04-13 11:16:02.600,3730.0000,10858,0,4399557180.000,0,-,-,-,-,3729.6000,3729.2000,3729.0000,3728.8000,3728.2000,3731.0000,3731.2000,3732.8000,3733.2000,3733.4000,1,1,2,1,1,1,2,2,1,4
SF,IF2005,2020-04-13 11:16:03.100,3730.0000,10858,0,4399557180.000,0,-,-,-,-,3730.4000,3730.0000,3729.8000,3729.6000,3729.2000,3731.0000,3731.2000,3732.8000,3733.2000,3733.4000,1,1,7,1,1,1,2,2,1,4
SF,IF2005,2020-04-13 11:16:03.600,3730.0000,10858,0,4399557180.000,0,-,-,-,-,3730.0000,3729.8000,3729.6000,3729.2000,3729.0000,3731.0000,3731.2000,3732.8000,3733.2000,3733.4000,1,8,1,1,2,1,1,2,1,4
SF,IF2005,2020-04-13 11:16:04.100,3730.0000,10858,0,4399557180.000,0,-,-,-,-,3730.2000,3730.0000,3729.8000,3729.6000,3729.0000,3731.0000,3731.2000,3732.8000,3733.2000,3733.4000,1,1,8,1,2,1,1,2,1,4
SF,IF2005,2020-04-13 11:16:05.100,3730.0000,10858,0,4399557180.000,0,-,-,-,-,3730.2000,3730.0000,3729.8000,3729.6000,3729.0000,3731.0000,3731.2000,3732.8000,3733.2000,3733.4000,1,1,7,1,2,1,1,2,1,4
SF,IF2005,2020-04-13 11:16:05.600,3730.0000,10858,0,4399557180.000,0,-,-,-,-,3730.4000,3730.2000,3730.0000,3729.8000,3729.6000,3731.0000,3731.2000,3732.8000,3733.2000,3733.4000,1,1,1,7,1,1,1,2,1,4
SF,IF2005,2020-04-13 11:16:06.100,3730.0000,10858,0,4399557180.000,0,-,-,-,-,3730.6000,3730.4000,3730.2000,3729.8000,3729.6000,3731.0000,3731.2000,3732.8000,3733.2000,3733.4000,1,1,1,7,1,1,1,2,1,4
SF,IF2005,2020-04-13 11:16:06.600,3731.0000,10857,-1,4400676480.000,1,0,1,双平,B,3731.0000,3730.4000,3730.2000,3729.8000,3729.6000,3731.2000,3732.8000,3733.2000,3733.4000,3733.8000,1,1,1,7,1,1,2,1,4,1
SF,IF2005,2020-04-13 11:16:07.100,3731.0000,10859,2,4402915080.000,2,2,0,双开,B,3730.4000,3730.2000,3729.8000,3729.6000,3729.0000,3732.8000,3733.2000,3733.4000,3733.8000,3734.8000,1,1,7,1,2,2,1,4,1,1
SF,IF2005,2020-04-13 11:16:07.600,3730.6000,10859,0,4404034260.000,1,0,1,空换,B,3730.4000,3730.2000,3729.8000,3729.6000,3729.0000,3731.6000,3731.8000,3732.2000,3732.4000,3732.6000,1,1,6,1,2,1,1,3,5,1
SF,IF2005,2020-04-13 11:16:08.100,3730.6000,10859,0,4404034260.000,0,-,-,-,-,3730.4000,3730.2000,3729.8000,3729.6000,3729.0000,3731.4000,3731.6000,3731.8000,3732.2000,3732.4000,1,1,6,1,2,1,1,1,3,5
SF,IF2005,2020-04-13 11:16:09.100,3730.6000,10859,0,4404034260.000,0,-,-,-,-,3730.4000,3730.2000,3729.8000,3729.6000,3729.0000,3731.4000,3731.6000,3731.8000,3732.2000,3732.4000,1,1,6,1,2,1,1,1,3,5
SF,IF2005,2020-04-13 11:16:10.100,3730.6000,10859,0,4404034260.000,0,-,-,-,-,3730.4000,3730.2000,3729.8000,3729.6000,3729.0000,3731.4000,3731.6000,3731.8000,3732.4000,3732.8000,1,1,6,1,2,1,1,1,5,2
SF,IF2005,2020-04-13 11:16:10.600,3730.6000,10859,0,4404034260.000,0,-,-,-,-,3730.4000,3730.2000,3729.8000,3729.6000,3729.0000,3731.4000,3731.6000,3731.8000,3732.4000,3732.8000,1,1,6,1,2,1,1,1,5,2
SF,IF2005,2020-04-13 11:16:11.100,3730.6000,10859,0,4404034260.000,0,-,-,-,-,3730.6000,3730.4000,3730.2000,3729.8000,3729.6000,3731.4000,3731.6000,3731.8000,3732.8000,3733.2000,1,1,1,6,1,1,1,1,2,1
SF,IF2005,2020-04-13 11:16:13.100,3730.6000,10859,0,4404034260.000,0,-,-,-,-,3730.6000,3730.4000,3730.2000,3729.8000,3729.6000,3731.4000,3731.6000,3731.8000,3732.8000,3733.2000,1,1,1,6,1,1,1,1,2,1
SF,IF2005,2020-04-13 11:16:13.600,3731.6000,10857,-2,4406273160.000,2,0,2,双平,B,3731.6000,3731.4000,3731.2000,3730.8000,3730.6000,3731.8000,3732.8000,3733.2000,3733.4000,3733.8000,1,1,1,1,2,1,2,1,2,1
SF,IF2005,2020-04-13 11:16:14.100,3731.4000,10859,2,4408512060.000,2,2,0,双开,B,3730.8000,3730.6000,3730.4000,3730.2000,3729.8000,3731.4000,3731.6000,3731.8000,3732.8000,3733.2000,2,2,1,1,4,1,3,1,2,1
SF,IF2005,2020-04-13 11:16:14.600,3730.8000,10859,0,4409631300.000,1,0,1,空换,B,3730.6000,3730.4000,3730.2000,3729.8000,3729.0000,3731.2000,3731.6000,3732.8000,3733.2000,3733.4000,1,1,1,4,2,1,1,2,1,2
SF,IF2005,2020-04-13 11:16:15.100,3730.6000,10858,-1,4410750480.000,1,0,1,双平,B,3730.4000,3730.2000,3729.8000,3729.0000,3728.8000,3731.0000,3731.2000,3731.6000,3732.8000,3733.2000,1,1,4,2,2,1,1,1,2,1
SF,IF2005,2020-04-13 11:16:15.600,3730.4000,10858,0,4411869600.000,1,0,1,空换,B,3729.0000,3728.8000,3728.2000,3728.0000,3727.6000,3731.2000,3731.6000,3732.8000,3733.2000,3733.4000,2,1,1,3,5,1,1,2,1,2
SF,IF2005,2020-04-13 11:16:16.100,3730.4000,10858,0,4411869600.000,0,-,-,-,-,3730.0000,3729.6000,3729.4000,3729.2000,3729.0000,3731.0000,3731.2000,3731.6000,3732.8000,3733.2000,1,2,4,5,2,3,1,1,2,1
SF,IF2005,2020-04-13 11:16:16.600,3730.4000,10858,0,4411869600.000,0,-,-,-,-,3730.0000,3729.6000,3729.4000,3729.2000,3729.0000,3731.0000,3731.2000,3731.6000,3732.8000,3733.2000,1,1,4,7,4,1,1,1,2,1
SF,IF2005,2020-04-13 11:16:17.100,3731.0000,10858,0,4414108200.000,2,1,1,空换,B,3731.0000,3730.2000,3730.0000,3729.6000,3729.4000,3731.2000,3731.6000,3732.8000,3733.2000,3733.4000,1,2,1,1,4,1,1,2,1,2
SF,IF2005,2020-04-13 11:16:17.600,3731.2000,10857,-1,4415227560.000,1,0,1,双平,B,3730.4000,3730.2000,3729.6000,3729.4000,3729.2000,3731.6000,3732.8000,3733.2000,3733.4000,3733.6000,1,2,1,4,5,1,2,1,2,2
SF,IF2005,2020-04-13 11:16:18.100,3731.6000,10858,1,4416347040.000,1,1,0,双开,B,3731.2000,3730.6000,3730.4000,3730.2000,3729.6000,3732.8000,3733.2000,3733.4000,3733.6000,3733.8000,2,3,1,1,1,2,1,2,2,1
SF,IF2005,2020-04-13 11:16:18.600,3731.6000,10858,0,4416347040.000,0,-,-,-,-,3731.4000,3731.2000,3730.8000,3730.6000,3730.2000,3732.4000,3732.6000,3732.8000,3733.2000,3733.4000,1,2,1,1,1,4,1,2,1,2
SF,IF2005,2020-04-13 11:16:19.100,3732.4000,10858,0,4417466760.000,1,0,1,空换,B,3731.4000,3731.2000,3730.8000,3730.6000,3730.2000,3732.6000,3732.8000,3733.2000,3733.4000,3733.6000,1,2,1,1,1,2,2,1,2,2
SF,IF2005,2020-04-13 11:16:19.600,3732.4000,10858,0,4417466760.000,0,-,-,-,-,3731.4000,3730.8000,3730.6000,3730.2000,3729.6000,3732.6000,3732.8000,3733.2000,3733.4000,3733.6000,1,1,1,1,1,2,2,1,2,2
SF,IF2005,2020-04-13 11:16:20.100,3732.4000,10858,0,4417466760.000,0,-,-,-,-,3731.4000,3730.6000,3730.2000,3729.6000,3729.4000,3732.6000,3732.8000,3733.2000,3733.4000,3733.6000,1,1,1,1,4,2,2,1,2,2
SF,IF2005,2020-04-13 11:16:20.600,3732.4000,10858,0,4417466760.000,0,-,-,-,-,3731.8000,3731.4000,3730.6000,3730.2000,3729.6000,3732.6000,3732.8000,3733.2000,3733.4000,3733.6000,1,1,1,1,1,2,2,1,2,2
SF,IF2005,2020-04-13 11:16:21.100,3732.4000,10858,0,4417466760.000,0,-,-,-,-,3731.8000,3731.4000,3730.6000,3730.2000,3729.6000,3732.6000,3732.8000,3733.2000,3733.4000,3733.6000,1,1,1,1,1,1,2,1,2,2
SF,IF2005,2020-04-13 11:16:21.600,3732.4000,10858,0,4417466760.000,0,-,-,-,-,3731.4000,3730.6000,3730.2000,3729.6000,3729.4000,3732.6000,3732.8000,3733.2000,3733.4000,3733.6000,1,1,1,1,4,1,2,1,2,2
SF,IF2005,2020-04-13 11:16:22.100,3732.4000,10858,0,4417466760.000,0,-,-,-,-,3731.4000,3730.6000,3730.2000,3729.6000,3729.4000,3732.6000,3732.8000,3733.2000,3733.4000,3733.8000,1,1,1,1,4,1,2,1,2,1
SF,IF2005,2020-04-13 11:16:22.600,3732.4000,10858,0,4417466760.000,0,-,-,-,-,3732.4000,3731.4000,3730.6000,3730.2000,3729.6000,3732.6000,3732.8000,3733.2000,3733.4000,3733.8000,2,1,1,1,1,1,2,1,2,1
SF,IF2005,2020-04-13 11:16:23.100,3732.4000,10860,2,4419706200.000,2,2,0,双开,B,3731.4000,3730.6000,3730.2000,3729.6000,3729.4000,3732.4000,3732.6000,3732.8000,3733.2000,3733.4000,1,1,1,1,4,1,1,2,1,2
SF,IF2005,2020-04-13 11:16:25.100,3732.4000,10860,0,4419706200.000,0,-,-,-,-,3731.6000,3731.4000,3730.6000,3730.2000,3729.6000,3732.4000,3732.6000,3732.8000,3733.2000,3733.4000,2,1,1,1,1,1,1,2,1,2
SF,IF2005,2020-04-13 11:16:25.600,3732.4000,10860,0,4419706200.000,0,-,-,-,-,3731.8000,3731.6000,3731.4000,3730.6000,3730.2000,3732.4000,3732.6000,3732.8000,3733.2000,3733.4000,1,2,1,1,1,1,1,2,1,2
SF,IF2005,2020-04-13 11:16:26.100,3732.4000,10860,0,4419706200.000,0,-,-,-,-,3731.8000,3731.6000,3731.4000,3730.6000,3730.2000,3732.4000,3732.6000,3732.8000,3733.2000,3733.4000,1,2,1,1,1,1,1,2,1,2
SF,IF2005,2020-04-13 11:16:26.600,3732.4000,10861,1,4420825920.000,1,1,0,双开,B,3731.8000,3731.6000,3731.4000,3730.6000,3730.2000,3732.6000,3732.8000,3733.2000,3733.4000,3733.8000,1,2,1,1,1,1,2,1,2,1
SF,IF2005,2020-04-13 11:16:27.600,3732.4000,10861,0,4420825920.000,0,-,-,-,-,3731.6000,3731.4000,3730.6000,3730.2000,3729.6000,3732.6000,3732.8000,3733.2000,3733.4000,3733.8000,2,1,1,1,1,1,2,1,2,1
SF,IF2005,2020-04-13 11:16:29.600,3732.4000,10861,0,4420825920.000,0,-,-,-,-,3731.4000,3730.6000,3730.2000,3729.6000,3729.4000,3731.6000,3732.6000,3732.8000,3733.2000,3733.4000,1,1,1,1,4,1,1,2,1,2
SF,IF2005,2020-04-13 11:16:30.100,3731.6000,10861,0,4421945400.000,1,0,1,空换,B,3731.6000,3731.4000,3730.6000,3730.2000,3729.6000,3732.6000,3732.8000,3733.2000,3733.4000,3733.8000,2,1,1,1,1,1,2,1,2,1
SF,IF2005,2020-04-13 11:16:30.600,3731.6000,10861,0,4421945400.000,0,-,-,-,-,3731.6000,3731.4000,3730.6000,3730.2000,3729.6000,3732.6000,3732.8000,3733.2000,3733.4000,3733.8000,2,2,1,1,1,1,2,1,2,1
SF,IF2005,2020-04-13 11:16:31.100,3731.6000,10861,0,4421945400.000,0,-,-,-,-,3731.6000,3731.4000,3730.6000,3730.2000,3729.6000,3732.6000,3732.8000,3733.2000,3733.4000,3733.8000,2,1,1,1,1,1,2,1,2,1
SF,IF2005,2020-04-13 11:16:31.600,3731.6000,10861,0,4421945400.000,0,-,-,-,-,3731.6000,3731.4000,3730.6000,3730.2000,3729.6000,3732.6000,3732.8000,3733.2000,3733.4000,3733.8000,1,1,1,1,1,1,2,1,2,1
SF,IF2005,2020-04-13 11:16:32.600,3731.6000,10861,0,4421945400.000,0,-,-,-,-,3731.4000,3730.6000,3730.2000,3729.6000,3729.4000,3731.6000,3732.4000,3732.6000,3732.8000,3733.2000,1,1,1,1,4,1,1,1,2,1
SF,IF2005,2020-04-13 11:16:33.100,3731.6000,10861,0,4421945400.000,0,-,-,-,-,3730.2000,3729.6000,3729.4000,3729.2000,3729.0000,3731.6000,3732.4000,3732.6000,3732.8000,3733.2000,1,1,4,5,4,1,1,1,2,1
SF,IF2005,2020-04-13 11:16:33.600,3731.6000,10862,1,4423064880.000,1,1,0,双开,B,3730.8000,3730.6000,3730.4000,3730.2000,3729.6000,3732.4000,3732.6000,3732.8000,3733.2000,3733.4000,2,1,1,2,1,1,1,2,1,2
SF,IF2005,2020-04-13 11:16:34.100,3731.6000,10862,0,4423064880.000,0,-,-,-,-,3731.0000,3730.8000,3730.6000,3730.2000,3729.6000,3732.4000,3732.8000,3733.2000,3733.4000,3733.8000,1,1,1,1,1,4,2,1,2,1
SF,IF2005,2020-04-13 11:16:34.600,3731.6000,10862,0,4423064880.000,0,-,-,-,-,3731.0000,3730.8000,3730.6000,3730.2000,3729.6000,3732.2000,3732.4000,3732.8000,3733.2000,3733.4000,1,1,1,1,1,1,4,2,1,2
SF,IF2005,2020-04-13 11:16:35.100,3731.6000,10862,0,4423064880.000,0,-,-,-,-,3731.0000,3730.8000,3730.2000,3729.6000,3729.4000,3732.0000,3732.2000,3732.4000,3732.8000,3733.2000,1,1,1,1,4,1,6,3,2,1
SF,IF2005,2020-04-13 11:16:35.600,3731.6000,10862,0,4423064880.000,0,-,-,-,-,3730.8000,3730.2000,3729.6000,3729.4000,3729.2000,3731.8000,3732.0000,3732.2000,3732.4000,3732.8000,1,1,1,4,4,1,1,5,3,2
SF,IF2005,2020-04-13 11:16:36.100,3731.6000,10862,0,4423064880.000,0,-,-,-,-,3730.8000,3730.2000,3729.6000,3729.4000,3729.2000,3731.8000,3732.0000,3732.4000,3732.8000,3733.2000,1,1,1,4,4,1,1,3,2,1
SF,IF2005,2020-04-13 11:16:40.100,3731.6000,10862,0,4423064880.000,0,-,-,-,-,3730.8000,3730.2000,3729.6000,3729.4000,3729.2000,3731.4000,3731.8000,3732.0000,3732.4000,3732.8000,1,1,1,4,4,1,1,1,3,2
SF,IF2005,2020-04-13 11:16:41.100,3731.4000,10861,-1,4424184300.000,1,0,1,双平,B,3731.4000,3731.2000,3731.0000,3730.8000,3730.2000,3731.8000,3732.0000,3732.4000,3732.8000,3733.2000,1,1,1,1,1,1,1,3,2,1
SF,IF2005,2020-04-13 11:16:41.600,3731.4000,10861,0,4425303720.000,1,0,1,空换,B,3731.0000,3730.8000,3730.2000,3729.6000,3729.4000,3731.8000,3732.0000,3732.8000,3733.2000,3733.4000,1,1,1,1,4,1,1,2,1,4
SF,IF2005,2020-04-13 11:16:42.100,3731.4000,10861,0,4425303720.000,0,-,-,-,-,3731.0000,3730.8000,3730.2000,3729.6000,3729.4000,3732.0000,3732.8000,3733.2000,3733.4000,3733.8000,1,1,1,1,4,1,2,1,4,1
SF,IF2005,2020-04-13 11:16:44.600,3731.4000,10861,0,4425303720.000,0,-,-,-,-,3731.0000,3730.8000,3730.2000,3729.6000,3729.4000,3731.8000,3732.0000,3732.8000,3733.2000,3733.4000,1,1,1,1,4,1,1,2,1,4
SF,IF2005,2020-04-13 11:16:46.100,3731.4000,10861,0,4425303720.000,0,-,-,-,-,3730.8000,3730.2000,3729.6000,3729.4000,3729.2000,3731.8000,3732.0000,3732.8000,3733.2000,3733.4000,1,1,1,4,4,1,1,2,1,4
SF,IF2005,2020-04-13 11:16:46.600,3731.4000,10861,0,4425303720.000,0,-,-,-,-,3730.8000,3730.2000,3729.6000,3729.4000,3729.2000,3731.0000,3731.6000,3731.8000,3732.8000,3733.2000,1,1,1,4,4,1,2,1,2,1
SF,IF2005,2020-04-13 11:16:47.100,3731.0000,10860,-1,4427542320.000,2,0,2,空平,B,3730.2000,3729.6000,3729.4000,3729.2000,3729.0000,3731.6000,3731.8000,3732.8000,3733.2000,3733.4000,1,1,4,4,3,2,1,2,1,4
SF,IF2005,2020-04-13 11:16:47.600,3731.0000,10860,0,4427542320.000,0,-,-,-,-,3730.4000,3730.2000,3729.6000,3729.4000,3729.2000,3731.6000,3731.8000,3732.8000,3733.2000,3733.4000,2,1,1,4,4,2,1,2,1,4
SF,IF2005,2020-04-13 11:16:48.100,3731.6000,10861,1,4428661800.000,1,1,0,双开,B,3730.6000,3730.4000,3730.2000,3729.6000,3729.4000,3731.6000,3731.8000,3732.8000,3733.2000,3733.4000,1,2,1,1,4,1,1,2,1,4
SF,IF2005,2020-04-13 11:16:55.600,3731.6000,10861,0,4428661800.000,0,-,-,-,-,3730.6000,3730.4000,3730.2000,3729.6000,3729.4000,3731.6000,3731.8000,3732.8000,3733.2000,3733.4000,1,2,1,1,4,1,1,2,1,4
SF,IF2005,2020-04-13 11:16:57.100,3731.6000,10861,0,4428661800.000,0,-,-,-,-,3730.8000,3730.6000,3730.4000,3730.2000,3729.6000,3731.6000,3731.8000,3732.8000,3733.2000,3733.4000,1,1,2,1,1,1,1,2,1,4
SF,IF2005,2020-04-13 11:17:01.100,3731.6000,10861,0,4428661800.000,0,-,-,-,-,3730.8000,3730.6000,3730.4000,3730.2000,3729.6000,3731.6000,3731.8000,3732.8000,3733.2000,3733.4000,1,1,2,1,1,1,1,2,1,4
SF,IF2005,2020-04-13 11:17:05.100,3731.6000,10861,0,4428661800.000,0,-,-,-,-,3730.8000,3730.6000,3730.4000,3730.2000,3729.6000,3731.6000,3731.8000,3732.8000,3733.2000,3733.4000,1,1,2,1,1,1,1,2,1,4
SF,IF2005,2020-04-13 11:17:06.600,3731.6000,10861,0,4428661800.000,0,-,-,-,-,3731.0000,3730.8000,3730.6000,3730.4000,3730.2000,3731.6000,3731.8000,3732.8000,3733.2000,3733.4000,1,1,1,2,1,1,1,2,1,4
SF,IF2005,2020-04-13 11:17:07.600,3731.0000,10862,1,4429781100.000,1,1,0,双开,B,3730.8000,3730.6000,3730.4000,3730.2000,3729.6000,3731.6000,3731.8000,3732.8000,3733.2000,3733.4000,1,1,2,1,1,1,1,2,1,4
SF,IF2005,2020-04-13 11:17:08.100,3731.0000,10862,0,4429781100.000,0,-,-,-,-,3730.8000,3730.6000,3730.4000,3730.2000,3729.6000,3731.0000,3731.6000,3731.8000,3732.8000,3733.2000,1,1,2,1,1,1,4,1,2,1
SF,IF2005,2020-04-13 11:17:09.100,3731.0000,10862,0,4429781100.000,0,-,-,-,-,3730.8000,3730.6000,3730.4000,3730.2000,3729.6000,3731.0000,3731.6000,3732.8000,3733.2000,3733.4000,1,1,2,1,1,1,4,2,1,4
SF,IF2005,2020-04-13 11:17:10.600,3731.0000,10863,1,4430900400.000,1,1,0,双开,B,3731.0000,3730.8000,3730.6000,3730.4000,3730.2000,3731.6000,3732.8000,3733.2000,3733.4000,3733.8000,1,1,1,2,1,4,2,1,4,1
SF,IF2005,2020-04-13 11:17:11.100,3731.0000,10863,0,4430900400.000,0,-,-,-,-,3731.0000,3730.8000,3730.6000,3730.4000,3730.2000,3731.6000,3732.8000,3733.2000,3733.4000,3733.8000,1,1,1,1,1,1,2,1,4,1
SF,IF2005,2020-04-13 11:17:13.600,3731.0000,10863,0,4430900400.000,0,-,-,-,-,3731.2000,3731.0000,3730.8000,3730.6000,3730.4000,3731.6000,3732.8000,3733.2000,3733.4000,3733.8000,1,1,1,1,1,1,2,1,4,1
SF,IF2005,2020-04-13 11:17:14.100,3731.0000,10864,1,4432019700.000,1,1,0,双开,B,3731.0000,3730.8000,3730.6000,3730.4000,3730.2000,3731.6000,3732.8000,3733.2000,3733.4000,3733.8000,1,1,1,1,1,1,2,1,4,1
SF,IF2005,2020-04-13 11:17:15.600,3731.0000,10865,1,4433139000.000,1,1,0,双开,B,3730.8000,3730.6000,3730.4000,3730.2000,3729.6000,3731.6000,3732.8000,3733.2000,3733.4000,3733.8000,1,1,1,1,1,4,2,1,4,1
SF,IF2005,2020-04-13 11:17:16.100,3731.0000,10865,0,4433139000.000,0,-,-,-,-,3731.2000,3730.8000,3730.6000,3730.4000,3730.2000,3731.6000,3732.8000,3733.2000,3733.4000,3733.8000,1,1,1,1,1,1,2,1,4,1
SF,IF2005,2020-04-13 11:17:16.600,3731.0000,10865,0,4433139000.000,0,-,-,-,-,3731.2000,3730.8000,3730.6000,3730.2000,3729.6000,3731.6000,3732.8000,3733.2000,3733.4000,3733.8000,1,1,1,1,1,1,2,1,4,1
SF,IF2005,2020-04-13 11:17:17.100,3731.0000,10865,0,4433139000.000,0,-,-,-,-,3731.2000,3730.8000,3730.6000,3730.2000,3729.6000,3732.8000,3733.2000,3733.4000,3733.8000,3734.8000,1,1,1,1,1,2,1,4,1,1
SF,IF2005,2020-04-13 11:17:17.600,3731.0000,10865,0,4433139000.000,0,-,-,-,-,3731.2000,3730.8000,3730.6000,3730.2000,3729.6000,3732.0000,3732.2000,3732.4000,3732.6000,3732.8000,1,1,1,1,1,3,1,5,4,4
SF,IF2005,2020-04-13 11:17:18.100,3731.0000,10865,0,4433139000.000,0,-,-,-,-,3731.2000,3730.8000,3730.6000,3730.2000,3729.6000,3732.0000,3732.2000,3732.4000,3732.6000,3732.8000,1,1,1,1,1,3,1,5,4,3
SF,IF2005,2020-04-13 11:17:18.600,3731.0000,10865,0,4433139000.000,0,-,-,-,-,3731.2000,3731.0000,3730.8000,3730.6000,3730.2000,3732.0000,3732.2000,3732.4000,3732.6000,3732.8000,1,1,1,1,1,3,1,5,3,3
SF,IF2005,2020-04-13 11:17:19.100,3731.2000,10866,1,4434258360.000,1,1,0,双开,B,3731.0000,3730.8000,3730.6000,3730.2000,3729.6000,3732.0000,3732.2000,3732.4000,3732.6000,3732.8000,1,1,1,1,1,3,1,5,3,3
SF,IF2005,2020-04-13 11:17:19.600,3731.2000,10866,0,4434258360.000,0,-,-,-,-,3731.0000,3730.8000,3730.6000,3730.2000,3729.6000,3731.8000,3732.0000,3732.2000,3732.4000,3732.6000,1,1,1,1,1,1,3,1,5,2
SF,IF2005,2020-04-13 11:17:21.600,3731.2000,10866,0,4434258360.000,0,-,-,-,-,3731.0000,3730.8000,3730.6000,3730.2000,3729.6000,3731.8000,3732.0000,3732.2000,3732.6000,3732.8000,1,1,1,1,1,1,3,1,2,3
SF,IF2005,2020-04-13 11:17:22.100,3731.2000,10866,0,4434258360.000,0,-,-,-,-,3731.2000,3731.0000,3730.8000,3730.6000,3730.2000,3731.8000,3732.0000,3732.2000,3732.6000,3732.8000,1,1,1,1,1,1,3,1,1,3
SF,IF2005,2020-04-13 11:17:23.100,3731.2000,10866,0,4434258360.000,0,-,-,-,-,3731.2000,3731.0000,3730.8000,3730.6000,3730.2000,3731.8000,3732.0000,3732.2000,3732.6000,3732.8000,3,1,1,1,1,1,3,1,1,3
SF,IF2005,2020-04-13 11:17:24.100,3731.2000,10866,0,4434258360.000,0,-,-,-,-,3731.2000,3731.0000,3730.8000,3730.6000,3730.2000,3731.8000,3732.0000,3732.6000,3732.8000,3733.2000,3,1,1,1,1,1,3,1,3,1
SF,IF2005,2020-04-13 11:17:24.600,3731.2000,10866,0,4434258360.000,0,-,-,-,-,3731.2000,3731.0000,3730.6000,3730.2000,3729.6000,3731.8000,3732.0000,3732.6000,3732.8000,3733.2000,3,1,1,1,1,1,3,1,3,1
SF,IF2005,2020-04-13 11:17:25.600,3731.2000,10866,0,4434258360.000,0,-,-,-,-,3731.2000,3731.0000,3730.6000,3730.2000,3729.6000,3731.8000,3732.6000,3732.8000,3733.2000,3733.4000,3,1,1,1,1,1,1,3,1,4
SF,IF2005,2020-04-13 11:17:26.100,3731.2000,10866,0,4434258360.000,0,-,-,-,-,3731.2000,3731.0000,3730.6000,3730.2000,3729.6000,3732.6000,3732.8000,3733.2000,3733.4000,3733.8000,3,1,1,1,1,1,3,1,4,1
SF,IF2005,2020-04-13 11:17:26.600,3731.2000,10866,0,4434258360.000,0,-,-,-,-,3731.2000,3731.0000,3730.6000,3730.2000,3729.6000,3732.2000,3732.4000,3732.6000,3732.8000,3733.2000,3,1,1,1,1,1,6,1,3,1
SF,IF2005,2020-04-13 11:17:27.600,3731.2000,10866,0,4434258360.000,0,-,-,-,-,3731.2000,3731.0000,3730.6000,3730.2000,3729.6000,3732.2000,3732.4000,3732.6000,3732.8000,3733.2000,1,1,1,1,1,1,1,1,3,1
SF,IF2005,2020-04-13 11:17:28.100,3731.2000,10866,0,4434258360.000,0,-,-,-,-,3731.2000,3731.0000,3730.6000,3730.2000,3729.6000,3732.2000,3732.4000,3732.8000,3733.2000,3733.4000,1,1,1,1,1,1,1,3,1,4
SF,IF2005,2020-04-13 11:17:28.600,3731.2000,10866,0,4434258360.000,0,-,-,-,-,3731.2000,3731.0000,3730.6000,3730.2000,3729.6000,3732.2000,3732.4000,3732.8000,3733.2000,3733.4000,3,1,1,1,1,1,1,3,1,4
SF,IF2005,2020-04-13 11:17:29.100,3731.2000,10866,0,4434258360.000,0,-,-,-,-,3731.4000,3731.2000,3731.0000,3730.2000,3729.6000,3732.2000,3732.4000,3732.8000,3733.2000,3733.4000,3,3,1,1,1,1,1,3,1,4
SF,IF2005,2020-04-13 11:17:32.100,3731.4000,10867,1,4436497200.000,2,1,1,多开,B,3731.2000,3731.0000,3730.2000,3729.6000,3729.4000,3731.4000,3732.0000,3732.2000,3732.4000,3732.8000,3,1,1,1,4,1,5,1,1,3
SF,IF2005,2020-04-13 11:17:32.600,3731.4000,10867,0,4436497200.000,0,-,-,-,-,3731.2000,3731.0000,3730.2000,3729.6000,3729.4000,3731.4000,3732.4000,3732.8000,3733.2000,3733.4000,3,1,1,1,4,1,1,3,1,4
SF,IF2005,2020-04-13 11:17:33.100,3731.4000,10867,0,4436497200.000,0,-,-,-,-,3731.2000,3731.0000,3730.2000,3729.6000,3729.4000,3731.4000,3732.4000,3732.8000,3733.2000,3733.4000,1,1,1,1,4,1,1,3,1,4
SF,IF2005,2020-04-13 11:17:34.100,3731.4000,10868,1,4437616620.000,1,1,0,双开,B,3731.4000,3731.2000,3731.0000,3730.2000,3729.6000,3732.4000,3732.8000,3733.2000,3733.4000,3733.8000,1,1,1,1,1,1,3,1,4,1
SF,IF2005,2020-04-13 11:17:34.600,3731.4000,10868,0,4437616620.000,0,-,-,-,-,3731.4000,3731.2000,3731.0000,3730.2000,3729.6000,3732.0000,3732.2000,3732.4000,3732.8000,3733.2000,1,1,1,1,1,6,5,2,3,1
SF,IF2005,2020-04-13 11:17:35.100,3731.4000,10868,0,4437616620.000,0,-,-,-,-,3731.4000,3731.2000,3731.0000,3730.2000,3729.6000,3732.0000,3732.2000,3732.4000,3732.8000,3733.2000,1,1,1,1,1,1,5,1,3,1
SF,IF2005,2020-04-13 11:17:36.100,3731.4000,10868,0,4437616620.000,0,-,-,-,-,3731.4000,3731.2000,3731.0000,3730.2000,3729.6000,3732.0000,3732.2000,3732.4000,3732.8000,3733.2000,1,1,1,1,1,1,2,1,3,1
SF,IF2005,2020-04-13 11:17:37.100,3731.4000,10869,1,4438736040.000,1,1,0,双开,B,3731.2000,3731.0000,3730.2000,3729.6000,3729.4000,3732.0000,3732.2000,3732.4000,3732.8000,3733.2000,1,1,1,1,4,1,2,1,3,1
SF,IF2005,2020-04-13 11:17:37.600,3731.4000,10869,0,4438736040.000,0,-,-,-,-,3731.2000,3731.0000,3730.2000,3729.6000,3729.4000,3731.8000,3732.0000,3732.2000,3732.4000,3732.8000,1,1,1,1,4,3,1,1,1,3
SF,IF2005,2020-04-13 11:17:38.100,3731.4000,10869,0,4438736040.000,0,-,-,-,-,3731.2000,3731.0000,3730.2000,3729.6000,3729.4000,3732.0000,3732.2000,3732.4000,3732.8000,3733.2000,1,1,1,1,4,1,1,1,3,1
SF,IF2005,2020-04-13 11:17:38.600,3731.4000,10869,0,4438736040.000,0,-,-,-,-,3731.2000,3731.0000,3730.2000,3729.6000,3729.4000,3731.8000,3732.0000,3732.2000,3732.8000,3733.2000,1,1,1,1,4,4,1,1,3,1
SF,IF2005,2020-04-13 11:17:39.600,3731.4000,10869,0,4438736040.000,0,-,-,-,-,3731.2000,3731.0000,3730.2000,3729.6000,3729.4000,3731.4000,3731.6000,3731.8000,3732.8000,3733.2000,1,1,1,1,4,3,1,1,3,1
SF,IF2005,2020-04-13 11:17:40.100,3731.2000,10869,0,4439855400.000,1,0,1,空换,B,3731.0000,3730.2000,3729.6000,3729.4000,3729.2000,3731.4000,3731.6000,3731.8000,3732.8000,3733.2000,1,1,1,4,4,3,1,1,3,1
SF,IF2005,2020-04-13 11:17:40.600,3731.0000,10869,0,4440974700.000,1,0,1,空换,B,3730.2000,3729.6000,3729.4000,3729.2000,3729.0000,3731.4000,3731.6000,3731.8000,3732.8000,3733.2000,1,1,4,4,3,3,1,1,3,1
SF,IF2005,2020-04-13 11:17:41.100,3731.0000,10869,0,4440974700.000,0,-,-,-,-,3730.6000,3730.2000,3729.6000,3729.4000,3729.2000,3731.2000,3731.4000,3731.6000,3732.8000,3733.2000,1,1,1,4,4,1,3,1,3,1
SF,IF2005,2020-04-13 11:17:41.600,3731.0000,10869,0,4440974700.000,0,-,-,-,-,3730.6000,3729.6000,3729.4000,3729.2000,3729.0000,3731.2000,3731.4000,3731.6000,3732.8000,3733.2000,1,1,4,3,3,1,3,1,3,1
SF,IF2005,2020-04-13 11:17:42.100,3730.6000,10869,0,4442093880.000,1,0,1,空换,B,3729.6000,3729.4000,3729.2000,3729.0000,3728.8000,3731.2000,3731.4000,3731.6000,3732.8000,3733.2000,1,4,3,3,1,1,3,1,3,1
SF,IF2005,2020-04-13 11:17:42.600,3730.6000,10869,0,4442093880.000,0,-,-,-,-,3730.0000,3729.8000,3729.6000,3729.4000,3729.2000,3731.2000,3731.4000,3732.8000,3733.2000,3733.4000,1,3,1,4,3,1,3,3,1,4
SF,IF2005,2020-04-13 11:17:43.100,3730.6000,10869,0,4442093880.000,0,-,-,-,-,3730.0000,3729.8000,3729.6000,3729.2000,3729.0000,3731.2000,3731.4000,3732.8000,3733.2000,3733.4000,1,3,1,3,3,1,3,3,1,4
SF,IF2005,2020-04-13 11:17:44.100,3730.6000,10869,0,4442093880.000,0,-,-,-,-,3730.2000,3730.0000,3729.8000,3729.6000,3729.2000,3731.2000,3731.4000,3732.8000,3733.2000,3733.4000,1,2,2,1,3,1,3,3,1,4
SF,IF2005,2020-04-13 11:17:44.600,3730.6000,10869,0,4442093880.000,0,-,-,-,-,3730.4000,3730.2000,3730.0000,3729.6000,3729.2000,3731.2000,3732.8000,3733.2000,3733.4000,3733.8000,2,2,1,1,3,1,3,1,4,1
SF,IF2005,2020-04-13 11:17:46.100,3730.6000,10869,0,4442093880.000,0,-,-,-,-,3730.4000,3730.2000,3730.0000,3729.6000,3729.2000,3730.8000,3731.2000,3732.8000,3733.2000,3733.4000,2,2,1,1,3,3,1,3,1,4
SF,IF2005,2020-04-13 11:17:46.600,3730.6000,10869,0,4442093880.000,0,-,-,-,-,3730.8000,3730.4000,3730.2000,3730.0000,3729.6000,3731.2000,3732.8000,3733.2000,3733.4000,3733.8000,5,2,2,1,1,1,3,1,4,1
SF,IF2005,2020-04-13 11:17:47.100,3730.6000,10869,0,4442093880.000,0,-,-,-,-,3730.8000,3730.4000,3730.2000,3730.0000,3729.6000,3731.2000,3732.8000,3733.2000,3733.4000,3733.8000,1,1,2,1,1,1,3,1,4,1
SF,IF2005,2020-04-13 11:17:47.600,3730.6000,10869,0,4442093880.000,0,-,-,-,-,3730.4000,3730.2000,3730.0000,3729.6000,3729.2000,3731.2000,3732.8000,3733.2000,3733.4000,3733.8000,1,2,1,1,3,1,3,1,4,1
SF,IF2005,2020-04-13 11:17:48.100,3730.6000,10869,0,4442093880.000,0,-,-,-,-,3730.4000,3730.2000,3730.0000,3729.6000,3729.2000,3731.2000,3732.8000,3733.2000,3733.4000,3733.8000,1,2,1,1,3,1,3,1,4,1
SF,IF2005,2020-04-13 11:17:48.600,3730.6000,10869,0,4442093880.000,0,-,-,-,-,3730.0000,3729.6000,3729.2000,3729.0000,3728.8000,3730.4000,3731.0000,3731.2000,3732.8000,3733.2000,1,1,3,3,1,1,1,1,3,1
SF,IF2005,2020-04-13 11:17:49.100,3730.6000,10870,1,4443213060.000,1,1,0,双开,B,3730.0000,3729.2000,3729.0000,3728.8000,3728.2000,3731.0000,3731.2000,3732.2000,3732.8000,3733.2000,1,2,3,1,1,5,1,2,3,1
SF,IF2005,2020-04-13 11:17:49.600,3730.6000,10870,0,4443213060.000,0,-,-,-,-,3730.0000,3729.2000,3729.0000,3728.8000,3728.2000,3730.8000,3731.0000,3732.2000,3732.8000,3733.2000,1,2,3,1,1,2,8,2,3,1
SF,IF2005,2020-04-13 11:17:50.100,3730.6000,10870,0,4443213060.000,0,-,-,-,-,3730.0000,3729.2000,3729.0000,3728.8000,3728.2000,3730.8000,3731.0000,3732.2000,3732.8000,3733.2000,1,2,3,1,1,7,5,2,3,1
SF,IF2005,2020-04-13 11:17:50.600,3730.6000,10870,0,4443213060.000,0,-,-,-,-,3730.0000,3729.2000,3729.0000,3728.8000,3728.2000,3730.6000,3730.8000,3732.2000,3732.8000,3733.2000,1,2,3,1,1,3,4,2,3,1
SF,IF2005,2020-04-13 11:17:51.100,3730.6000,10870,0,4443213060.000,0,-,-,-,-,3730.0000,3729.2000,3729.0000,3728.8000,3728.2000,3730.6000,3730.8000,3732.2000,3732.8000,3733.2000,1,2,3,1,1,3,2,2,3,1
SF,IF2005,2020-04-13 11:17:51.600,3730.6000,10870,0,4443213060.000,0,-,-,-,-,3730.0000,3729.2000,3729.0000,3728.8000,3728.2000,3730.8000,3732.2000,3732.8000,3733.2000,3733.4000,1,2,3,1,1,2,2,3,1,2
SF,IF2005,2020-04-13 11:17:52.100,3730.6000,10870,0,4443213060.000,0,-,-,-,-,3730.0000,3729.6000,3729.2000,3729.0000,3728.8000,3730.8000,3732.2000,3732.8000,3733.2000,3733.4000,1,1,2,3,1,2,2,3,1,2
SF,IF2005,2020-04-13 11:17:52.600,3730.6000,10870,0,4443213060.000,0,-,-,-,-,3730.0000,3729.6000,3729.2000,3729.0000,3728.8000,3730.8000,3732.2000,3732.8000,3733.2000,3733.4000,1,1,2,3,1,2,2,3,1,2
SF,IF2005,2020-04-13 11:17:53.100,3730.6000,10870,0,4443213060.000,0,-,-,-,-,3730.2000,3730.0000,3729.6000,3729.2000,3729.0000,3730.8000,3732.2000,3732.8000,3733.2000,3733.4000,1,1,1,2,3,2,2,3,1,2
SF,IF2005,2020-04-13 11:17:53.600,3730.2000,10871,1,4444332120.000,1,1,0,双开,B,3729.6000,3729.2000,3729.0000,3728.8000,3728.2000,3730.8000,3732.2000,3732.8000,3733.2000,3733.4000,1,2,3,1,1,3,2,3,1,2
SF,IF2005,2020-04-13 11:17:54.100,3730.2000,10871,0,4444332120.000,0,-,-,-,-,3729.6000,3729.2000,3729.0000,3728.8000,3728.2000,3730.8000,3732.2000,3732.8000,3733.2000,3733.4000,1,2,3,1,1,2,2,3,1,2
SF,IF2005,2020-04-13 11:17:55.100,3730.2000,10871,0,4444332120.000,0,-,-,-,-,3729.6000,3729.2000,3729.0000,3728.8000,3728.2000,3730.8000,3732.2000,3732.8000,3733.2000,3733.4000,1,2,3,1,1,2,2,3,1,2
SF,IF2005,2020-04-13 11:17:55.600,3730.2000,10871,0,4444332120.000,0,-,-,-,-,3729.6000,3729.2000,3729.0000,3728.8000,3728.2000,3730.6000,3730.8000,3732.2000,3732.8000,3733.2000,1,1,2,1,1,5,2,2,3,1
SF,IF2005,2020-04-13 11:17:56.100,3730.2000,10871,0,4444332120.000,0,-,-,-,-,3729.6000,3729.2000,3729.0000,3728.8000,3728.2000,3730.2000,3730.8000,3732.2000,3732.8000,3733.2000,1,1,2,1,1,3,2,2,3,1
SF,IF2005,2020-04-13 11:17:57.100,3730.2000,10871,0,4444332120.000,0,-,-,-,-,3729.6000,3729.2000,3729.0000,3728.8000,3728.2000,3729.8000,3730.8000,3732.0000,3732.2000,3732.8000,1,1,2,1,1,3,2,1,2,3
SF,IF2005,2020-04-13 11:17:57.600,3729.8000,10874,3,4447688940.000,3,3,0,双开,B,3729.8000,3729.6000,3729.2000,3729.0000,3728.8000,3730.8000,3732.0000,3732.2000,3732.8000,3733.2000,2,1,1,2,1,1,1,2,3,1
SF,IF2005,2020-04-13 11:17:58.100,3729.8000,10874,0,4447688940.000,0,-,-,-,-,3729.8000,3729.6000,3729.2000,3729.0000,3728.8000,3730.8000,3732.0000,3732.2000,3732.8000,3733.2000,1,1,1,2,1,1,1,2,3,1
SF,IF2005,2020-04-13 11:17:59.600,3729.8000,10874,0,4448807880.000,1,0,1,空换,B,3729.6000,3729.2000,3729.0000,3728.8000,3728.2000,3730.8000,3732.0000,3732.2000,3732.8000,3733.2000,1,1,2,1,1,1,1,2,3,1
SF,IF2005,2020-04-13 11:18:00.100,3729.8000,10874,0,4448807880.000,0,-,-,-,-,3729.6000,3729.2000,3729.0000,3728.8000,3728.2000,3730.6000,3730.8000,3732.0000,3732.2000,3732.8000,1,1,2,1,1,2,1,1,2,3
SF,IF2005,2020-04-13 11:18:00.600,3729.8000,10874,0,4448807880.000,0,-,-,-,-,3729.6000,3729.2000,3729.0000,3728.8000,3728.2000,3730.2000,3730.4000,3730.6000,3732.0000,3732.2000,1,1,2,1,1,3,1,8,1,2
SF,IF2005,2020-04-13 11:18:01.100,3729.2000,10875,1,4451045520.000,2,1,1,多开,B,3729.8000,3729.0000,3728.8000,3728.2000,3728.0000,3730.0000,3730.2000,3730.4000,3730.6000,3732.0000,1,2,1,1,3,1,9,1,8,1
SF,IF2005,2020-04-13 11:18:01.600,3729.0000,10877,2,4453283100.000,2,2,0,双开,B,3729.0000,3728.8000,3728.2000,3728.0000,3727.0000,3729.8000,3730.0000,3730.2000,3730.4000,3730.6000,1,1,1,3,1,1,4,5,1,7
SF,IF2005,2020-04-13 11:18:02.100,3729.0000,10877,0,4454401800.000,1,0,1,空换,B,3728.8000,3728.2000,3728.0000,3727.0000,3726.2000,3729.4000,3729.6000,3729.8000,3730.2000,3730.6000,1,1,3,1,2,1,2,7,5,6
SF,IF2005,2020-04-13 11:18:02.600,3729.2000,10876,-1,4456639200.000,2,0,2,空平,B,3728.2000,3728.0000,3727.0000,3726.2000,3726.0000,3729.4000,3729.6000,3729.8000,3730.2000,3730.6000,1,3,1,2,4,1,1,7,5,1
SF,IF2005,2020-04-13 11:18:03.100,3729.2000,10876,0,4456639200.000,0,-,-,-,-,3728.2000,3728.0000,3727.0000,3726.2000,3726.0000,3729.0000,3729.2000,3729.8000,3730.2000,3730.6000,1,3,1,2,4,1,2,7,5,1
SF,IF2005,2020-04-13 11:18:03.600,3729.2000,10876,0,4456639200.000,0,-,-,-,-,3728.2000,3728.0000,3727.0000,3726.2000,3726.0000,3728.8000,3729.8000,3730.6000,3731.0000,3732.0000,1,3,1,2,4,5,7,1,2,1
SF,IF2005,2020-04-13 11:18:04.100,3729.2000,10876,0,4456639200.000,0,-,-,-,-,3728.2000,3728.0000,3727.0000,3726.2000,3726.0000,3728.8000,3729.0000,3729.8000,3730.6000,3731.0000,1,3,1,2,4,2,3,7,1,2
SF,IF2005,2020-04-13 11:18:04.600,3729.2000,10876,0,4456639200.000,0,-,-,-,-,3728.2000,3728.0000,3727.0000,3726.2000,3726.0000,3728.6000,3728.8000,3729.8000,3730.6000,3731.0000,1,3,1,2,4,1,2,7,1,2
SF,IF2005,2020-04-13 11:18:05.100,3728.2000,10876,0,4457757660.000,1,0,1,空换,B,3728.0000,3727.0000,3726.2000,3726.0000,3725.6000,3728.6000,3728.8000,3729.8000,3730.6000,3731.0000,3,1,2,4,4,1,2,2,1,2
SF,IF2005,2020-04-13 11:18:05.600,3728.2000,10876,0,4457757660.000,0,-,-,-,-,3728.0000,3727.0000,3726.2000,3726.0000,3725.6000,3728.6000,3728.8000,3729.8000,3730.6000,3731.0000,3,1,2,4,4,1,2,2,1,2
SF,IF2005,2020-04-13 11:18:06.100,3728.2000,10876,0,4457757660.000,0,-,-,-,-,3728.0000,3727.0000,3726.2000,3726.0000,3725.0000,3728.6000,3728.8000,3729.8000,3730.6000,3731.0000,3,1,2,4,5,1,2,2,1,2
SF,IF2005,2020-04-13 11:18:06.600,3728.4000,10877,1,4459994700.000,2,1,1,多开,B,3728.6000,3728.0000,3727.0000,3726.2000,3726.0000,3728.8000,3729.8000,3730.6000,3731.0000,3732.0000,1,3,1,2,4,2,2,1,2,1
SF,IF2005,2020-04-13 11:18:07.100,3728.6000,10878,1,4461113280.000,1,1,0,双开,B,3728.0000,3727.0000,3726.2000,3726.0000,3725.0000,3728.6000,3728.8000,3729.8000,3730.6000,3731.0000,3,1,2,4,5,1,2,1,1,2
SF,IF2005,2020-04-13 11:18:07.600,3728.6000,10878,0,4461113280.000,0,-,-,-,-,3728.0000,3727.0000,3726.2000,3726.0000,3725.0000,3728.6000,3728.8000,3729.8000,3730.6000,3731.0000,3,1,2,4,3,2,2,1,1,2
SF,IF2005,2020-04-13 11:18:09.100,3728.6000,10879,1,4463350440.000,2,1,1,多开,B,3728.6000,3728.0000,3727.0000,3726.2000,3726.0000,3728.8000,3729.8000,3730.6000,3731.0000,3732.0000,3,3,1,2,4,1,1,1,2,1
SF,IF2005,2020-04-13 11:18:09.600,3728.6000,10879,0,4463350440.000,0,-,-,-,-,3728.0000,3727.0000,3726.2000,3726.0000,3725.0000,3728.8000,3729.8000,3730.6000,3731.0000,3732.0000,3,1,2,4,3,1,1,1,2,1
SF,IF2005,2020-04-13 11:18:10.100,3728.8000,10879,0,4464469080.000,1,0,1,空换,B,3728.2000,3728.0000,3727.0000,3726.2000,3726.0000,3728.8000,3729.8000,3730.6000,3731.0000,3732.0000,1,3,1,2,4,1,1,1,2,1
SF,IF2005,2020-04-13 11:18:10.600,3728.2000,10879,0,4465587540.000,1,0,1,空换,B,3728.0000,3727.0000,3726.2000,3726.0000,3725.0000,3728.8000,3729.8000,3730.6000,3731.0000,3732.0000,3,1,2,4,3,1,1,1,2,1
SF,IF2005,2020-04-13 11:18:11.100,3728.8000,10879,0,4466706180.000,1,0,1,空换,B,3728.8000,3728.2000,3728.0000,3727.0000,3726.2000,3729.8000,3730.6000,3731.0000,3732.0000,3732.2000,2,2,3,1,2,1,1,2,1,3
SF,IF2005,2020-04-13 11:18:11.600,3728.8000,10879,0,4466706180.000,0,-,-,-,-,3728.2000,3728.0000,3727.0000,3726.2000,3726.0000,3729.4000,3729.6000,3729.8000,3730.6000,3731.0000,2,3,1,2,4,2,2,1,1,2
SF,IF2005,2020-04-13 11:18:13.100,3728.8000,10879,0,4466706180.000,0,-,-,-,-,3728.2000,3728.0000,3727.0000,3726.4000,3726.2000,3729.2000,3729.4000,3729.6000,3729.8000,3730.6000,2,3,1,5,2,1,2,1,1,1
SF,IF2005,2020-04-13 11:18:13.600,3728.8000,10879,0,4466706180.000,0,-,-,-,-,3728.2000,3728.0000,3727.0000,3726.4000,3726.2000,3729.2000,3729.4000,3729.6000,3729.8000,3730.6000,2,3,1,5,2,2,1,1,1,1
SF,IF2005,2020-04-13 11:18:14.100,3728.8000,10879,0,4466706180.000,0,-,-,-,-,3728.2000,3728.0000,3727.0000,3726.4000,3726.2000,3729.0000,3729.2000,3729.4000,3729.6000,3729.8000,2,3,1,5,2,1,1,1,1,1
SF,IF2005,2020-04-13 11:18:14.600,3728.8000,10879,0,4466706180.000,0,-,-,-,-,3728.2000,3728.0000,3727.0000,3726.4000,3726.2000,3729.2000,3729.4000,3729.6000,3729.8000,3730.6000,2,3,1,5,2,1,1,1,1,1
SF,IF2005,2020-04-13 11:18:15.100,3728.8000,10879,0,4466706180.000,0,-,-,-,-,3728.2000,3728.0000,3727.0000,3726.2000,3726.0000,3729.2000,3729.4000,3729.6000,3729.8000,3730.6000,2,3,1,2,4,1,1,1,1,1
SF,IF2005,2020-04-13 11:18:15.600,3728.2000,10879,0,4467824640.000,1,0,1,空换,B,3728.2000,3728.0000,3727.0000,3726.2000,3726.0000,3729.2000,3729.4000,3729.6000,3729.8000,3730.6000,1,3,1,2,4,1,1,1,1,1
SF,IF2005,2020-04-13 11:18:16.100,3729.0000,10880,1,4468943340.000,1,1,0,双开,B,3729.2000,3728.6000,3728.2000,3728.0000,3727.0000,3729.4000,3729.6000,3729.8000,3730.6000,3730.8000,1,1,1,3,1,1,1,1,1,1
SF,IF2005,2020-04-13 11:18:16.600,3729.2000,10880,0,4470062100.000,1,0,1,空换,B,3728.6000,3728.2000,3728.0000,3727.0000,3726.2000,3729.6000,3729.8000,3730.6000,3730.8000,3731.0000,1,1,3,1,2,1,1,1,1,2
SF,IF2005,2020-04-13 11:18:17.600,3729.2000,10880,0,4470062100.000,0,-,-,-,-,3728.2000,3728.0000,3727.0000,3726.2000,3726.0000,3729.4000,3729.6000,3729.8000,3730.6000,3730.8000,1,3,1,2,4,1,1,1,1,1
SF,IF2005,2020-04-13 11:18:19.100,3729.4000,10880,0,4471180920.000,1,0,1,空换,B,3729.4000,3728.6000,3728.4000,3728.2000,3728.0000,3729.6000,3730.6000,3730.8000,3731.0000,3731.8000,1,1,2,1,3,1,1,1,2,1
SF,IF2005,2020-04-13 11:18:19.600,3729.4000,10880,0,4472299740.000,1,0,1,空换,B,3728.6000,3728.4000,3728.2000,3728.0000,3727.0000,3729.6000,3730.6000,3730.8000,3731.0000,3731.8000,1,1,1,3,1,1,1,1,2,1
SF,IF2005,2020-04-13 11:18:20.100,3729.4000,10880,0,4472299740.000,0,-,-,-,-,3728.8000,3728.6000,3728.4000,3728.0000,3727.0000,3730.6000,3730.8000,3731.0000,3731.8000,3732.2000,1,1,1,3,1,1,1,2,1,3
SF,IF2005,2020-04-13 11:18:20.600,3729.4000,10880,0,4472299740.000,0,-,-,-,-,3728.8000,3728.6000,3728.4000,3728.0000,3727.0000,3730.0000,3730.2000,3730.4000,3730.6000,3730.8000,1,1,1,3,1,1,1,7,1,1
SF,IF2005,2020-04-13 11:18:21.100,3729.4000,10880,0,4472299740.000,0,-,-,-,-,3728.8000,3728.6000,3728.4000,3728.0000,3727.0000,3730.0000,3730.2000,3730.4000,3730.6000,3730.8000,1,1,1,3,1,1,1,8,1,1
SF,IF2005,2020-04-13 11:18:21.600,3728.8000,10880,0,4473418380.000,1,0,1,空换,B,3728.6000,3728.4000,3728.0000,3727.0000,3726.2000,3729.8000,3730.0000,3730.2000,3730.4000,3730.6000,1,1,3,1,2,1,1,1,7,1
SF,IF2005,2020-04-13 11:18:22.100,3728.8000,10880,0,4473418380.000,0,-,-,-,-,3729.0000,3728.8000,3728.6000,3728.4000,3728.0000,3729.8000,3730.0000,3730.2000,3730.4000,3730.6000,1,1,1,1,3,1,1,1,2,1
SF,IF2005,2020-04-13 11:18:22.600,3729.8000,10880,0,4474537320.000,1,0,1,空换,B,3729.8000,3729.2000,3729.0000,3728.8000,3728.6000,3730.0000,3730.2000,3730.4000,3730.6000,3730.8000,2,1,1,1,1,1,4,2,1,1
SF,IF2005,2020-04-13 11:18:23.100,3730.2000,10884,4,4480132560.000,5,4,1,多开,B,3730.2000,3730.0000,3729.8000,3729.2000,3728.8000,3730.8000,3731.8000,3732.0000,3732.2000,3732.8000,1,2,3,1,2,1,1,2,3,3
SF,IF2005,2020-04-13 11:18:23.600,3730.8000,10884,0,4481251800.000,1,0,1,空换,B,3730.8000,3730.4000,3730.0000,3728.8000,3728.0000,3731.8000,3732.2000,3732.8000,3733.2000,3733.4000,2,2,2,2,3,1,3,3,1,2
SF,IF2005,2020-04-13 11:18:24.100,3730.8000,10886,2,4483490280.000,2,2,0,双开,B,3730.4000,3730.0000,3728.8000,3728.0000,3727.0000,3731.6000,3731.8000,3732.2000,3732.8000,3733.0000,1,2,2,3,1,2,1,3,3,2
SF,IF2005,2020-04-13 11:18:24.600,3730.8000,10886,0,4483490280.000,0,-,-,-,-,3730.4000,3730.0000,3728.8000,3728.0000,3727.0000,3731.2000,3731.4000,3731.6000,3731.8000,3732.2000,1,2,2,3,1,5,1,5,2,3
SF,IF2005,2020-04-13 11:18:25.100,3730.4000,10887,1,4484609400.000,1,1,0,双开,B,3728.8000,3728.0000,3727.0000,3726.2000,3726.0000,3731.0000,3731.2000,3731.4000,3731.6000,3731.8000,2,3,1,2,4,1,1,1,2,2
SF,IF2005,2020-04-13 11:18:25.600,3730.4000,10887,0,4484609400.000,0,-,-,-,-,3729.2000,3729.0000,3728.8000,3728.0000,3727.0000,3730.4000,3730.6000,3730.8000,3731.0000,3731.2000,2,3,2,3,1,1,1,2,5,1
SF,IF2005,2020-04-13 11:18:26.100,3730.4000,10887,0,4484609400.000,0,-,-,-,-,3729.6000,3729.2000,3729.0000,3728.8000,3728.0000,3730.2000,3730.6000,3730.8000,3731.0000,3731.4000,1,1,2,2,3,1,6,2,6,1
SF,IF2005,2020-04-13 11:18:26.600,3730.4000,10887,0,4484609400.000,0,-,-,-,-,3729.0000,3728.8000,3728.0000,3727.0000,3726.2000,3730.2000,3730.6000,3730.8000,3731.0000,3731.4000,2,2,3,1,2,7,5,1,5,1
SF,IF2005,2020-04-13 11:18:27.100,3730.4000,10887,0,4484609400.000,0,-,-,-,-,3729.0000,3728.8000,3728.0000,3727.0000,3726.2000,3730.2000,3730.6000,3730.8000,3731.0000,3731.4000,2,2,3,1,2,1,5,1,5,3
SF,IF2005,2020-04-13 11:18:27.600,3730.4000,10887,0,4485728520.000,1,0,1,空换,B,3729.4000,3729.2000,3729.0000,3728.8000,3728.0000,3730.8000,3731.0000,3731.4000,3731.8000,3732.2000,2,2,1,2,3,1,5,3,2,3
SF,IF2005,2020-04-13 11:18:28.100,3730.4000,10887,0,4485728520.000,0,-,-,-,-,3730.2000,3729.8000,3729.6000,3729.4000,3728.0000,3731.4000,3731.8000,3732.2000,3732.8000,3733.2000,2,1,3,1,3,1,2,3,2,1
SF,IF2005,2020-04-13 11:18:28.600,3730.4000,10887,0,4485728520.000,0,-,-,-,-,3730.4000,3729.6000,3729.4000,3728.0000,3727.0000,3731.2000,3731.4000,3731.8000,3732.2000,3732.6000,3,2,1,3,1,2,1,2,3,2
SF,IF2005,2020-04-13 11:18:29.100,3730.4000,10887,0,4485728520.000,0,-,-,-,-,3730.4000,3729.6000,3729.4000,3728.0000,3727.0000,3731.2000,3731.4000,3731.8000,3732.2000,3732.6000,3,1,1,3,1,2,1,2,3,2
SF,IF2005,2020-04-13 11:18:30.600,3730.4000,10887,0,4485728520.000,0,-,-,-,-,3730.4000,3729.6000,3729.4000,3728.0000,3727.0000,3731.2000,3731.4000,3731.8000,3732.2000,3732.6000,3,1,1,3,1,1,1,2,3,2
SF,IF2005,2020-04-13 11:18:32.600,3730.4000,10888,1,4486847640.000,1,1,0,双开,B,3730.4000,3729.6000,3728.0000,3727.0000,3726.2000,3731.0000,3731.2000,3731.4000,3731.8000,3732.2000,1,1,3,1,2,6,1,1,2,3
SF,IF2005,2020-04-13 11:18:33.100,3730.4000,10889,1,4487966760.000,1,1,0,双开,B,3729.6000,3728.0000,3727.0000,3726.2000,3726.0000,3730.8000,3731.0000,3731.4000,3731.8000,3732.2000,1,3,1,2,4,1,1,1,2,3
SF,IF2005,2020-04-13 11:18:33.600,3730.4000,10889,0,4487966760.000,0,-,-,-,-,3729.6000,3728.0000,3727.0000,3726.2000,3726.0000,3730.8000,3731.0000,3731.2000,3731.4000,3731.8000,1,3,1,2,4,6,1,1,1,2
SF,IF2005,2020-04-13 11:18:34.100,3730.4000,10889,0,4487966760.000,0,-,-,-,-,3728.0000,3727.0000,3726.2000,3726.0000,3725.0000,3730.6000,3730.8000,3731.2000,3731.4000,3731.8000,3,1,2,4,3,8,6,1,1,2
SF,IF2005,2020-04-13 11:18:34.600,3730.4000,10889,0,4487966760.000,0,-,-,-,-,3728.8000,3728.6000,3728.4000,3728.2000,3728.0000,3730.2000,3730.4000,3730.6000,3730.8000,3731.2000,2,1,2,4,3,1,2,7,5,1
SF,IF2005,2020-04-13 11:18:35.100,3730.4000,10889,0,4487966760.000,0,-,-,-,-,3729.0000,3728.8000,3728.6000,3728.4000,3728.2000,3730.2000,3730.4000,3730.6000,3730.8000,3731.2000,1,2,1,3,3,1,2,7,5,1
SF,IF2005,2020-04-13 11:18:35.600,3730.4000,10889,0,4487966760.000,0,-,-,-,-,3729.0000,3728.8000,3728.6000,3728.4000,3728.2000,3730.2000,3730.4000,3730.6000,3730.8000,3731.2000,1,2,1,3,3,1,1,7,5,1
SF,IF2005,2020-04-13 11:18:36.100,3730.4000,10889,0,4487966760.000,0,-,-,-,-,3729.0000,3728.8000,3728.6000,3728.4000,3728.2000,3730.0000,3730.2000,3730.6000,3730.8000,3731.2000,1,2,1,2,3,1,1,7,5,1
SF,IF2005,2020-04-13 11:18:36.600,3730.4000,10889,0,4487966760.000,0,-,-,-,-,3728.8000,3728.6000,3728.4000,3728.0000,3727.0000,3729.0000,3729.8000,3730.0000,3730.2000,3730.6000,2,1,1,3,1,1,1,7,1,6
SF,IF2005,2020-04-13 11:18:37.100,3729.0000,10890,1,4489085460.000,1,1,0,双开,B,3729.0000,3728.8000,3728.0000,3727.0000,3726.2000,3729.8000,3730.0000,3730.2000,3730.6000,3731.2000,1,1,3,1,2,6,7,1,1,1
SF,IF2005,2020-04-13 11:18:37.600,3729.0000,10890,0,4489085460.000,0,-,-,-,-,3729.0000,3728.8000,3728.0000,3727.0000,3726.2000,3729.8000,3730.0000,3730.2000,3730.6000,3731.2000,2,1,3,1,2,1,2,1,1,1
SF,IF2005,2020-04-13 11:18:38.100,3729.0000,10890,0,4489085460.000,0,-,-,-,-,3729.0000,3728.8000,3728.0000,3727.0000,3726.2000,3729.8000,3730.0000,3730.2000,3730.6000,3731.2000,1,1,3,1,2,1,2,1,1,1
SF,IF2005,2020-04-13 11:18:40.100,3729.0000,10890,0,4489085460.000,0,-,-,-,-,3729.0000,3728.8000,3728.0000,3727.0000,3726.2000,3729.6000,3729.8000,3730.0000,3730.2000,3730.6000,1,1,3,1,2,5,1,2,1,1
SF,IF2005,2020-04-13 11:18:40.600,3729.0000,10891,1,4490204160.000,1,1,0,双开,B,3728.8000,3728.0000,3727.0000,3726.2000,3726.0000,3729.6000,3729.8000,3730.0000,3730.2000,3730.6000,1,3,1,2,4,6,1,1,1,1
SF,IF2005,2020-04-13 11:18:41.100,3729.0000,10891,0,4490204160.000,0,-,-,-,-,3728.8000,3728.0000,3727.0000,3726.2000,3726.0000,3729.4000,3729.6000,3729.8000,3730.2000,3730.6000,1,3,1,2,4,1,6,1,1,1
SF,IF2005,2020-04-13 11:18:41.600,3729.0000,10891,0,4490204160.000,0,-,-,-,-,3728.0000,3727.0000,3726.2000,3726.0000,3725.0000,3728.8000,3729.4000,3729.6000,3729.8000,3730.2000,3,1,2,4,3,1,1,6,1,1
SF,IF2005,2020-04-13 11:18:42.100,3728.8000,10892,1,4491322800.000,1,1,0,双开,B,3728.4000,3728.2000,3728.0000,3727.0000,3726.2000,3729.4000,3729.6000,3729.8000,3730.2000,3730.6000,1,2,3,1,2,1,6,1,1,1
SF,IF2005,2020-04-13 11:18:42.600,3728.8000,10892,0,4491322800.000,0,-,-,-,-,3728.8000,3728.6000,3728.2000,3728.0000,3727.0000,3729.6000,3729.8000,3730.2000,3730.6000,3731.2000,1,1,2,3,1,1,1,1,1,1
SF,IF2005,2020-04-13 11:18:43.100,3728.8000,10892,0,4491322800.000,0,-,-,-,-,3728.8000,3728.6000,3728.2000,3728.0000,3727.0000,3729.8000,3730.6000,3731.2000,3731.4000,3731.6000,1,2,1,3,1,1,1,1,1,2
SF,IF2005,2020-04-13 11:18:43.600,3728.8000,10892,0,4491322800.000,0,-,-,-,-,3729.0000,3728.8000,3728.6000,3728.0000,3727.0000,3729.8000,3730.6000,3731.2000,3731.4000,3731.6000,1,1,1,3,1,1,1,1,1,2
SF,IF2005,2020-04-13 11:18:44.100,3728.8000,10892,0,4491322800.000,0,-,-,-,-,3729.2000,3729.0000,3728.0000,3727.0000,3726.2000,3730.6000,3731.2000,3731.4000,3731.6000,3731.8000,1,3,3,1,2,1,1,1,2,2
SF,IF2005,2020-04-13 11:18:44.600,3728.8000,10892,0,4491322800.000,0,-,-,-,-,3729.2000,3729.0000,3728.0000,3727.0000,3726.2000,3730.4000,3730.6000,3731.2000,3731.4000,3731.6000,1,3,3,1,2,2,1,1,1,2
SF,IF2005,2020-04-13 11:18:45.100,3728.8000,10892,0,4491322800.000,0,-,-,-,-,3729.2000,3729.0000,3728.0000,3727.0000,3726.2000,3730.2000,3730.4000,3730.6000,3731.2000,3731.4000,1,2,3,1,2,5,4,3,1,1
SF,IF2005,2020-04-13 11:18:45.600,3729.2000,10893,1,4492441560.000,1,1,0,双开,B,3729.0000,3728.0000,3727.0000,3726.2000,3726.0000,3730.0000,3730.2000,3730.4000,3730.6000,3731.2000,2,3,1,2,4,6,5,4,3,1
SF,IF2005,2020-04-13 11:18:46.100,3729.2000,10893,0,4492441560.000,0,-,-,-,-,3729.0000,3728.0000,3727.0000,3726.2000,3726.0000,3729.8000,3730.0000,3730.2000,3730.4000,3730.6000,1,3,1,2,4,5,10,5,2,2
SF,IF2005,2020-04-13 11:18:46.600,3729.0000,10894,1,4493560260.000,1,1,0,双开,B,3728.0000,3727.0000,3726.2000,3726.0000,3725.0000,3730.0000,3730.2000,3730.4000,3730.6000,3731.2000,3,1,2,4,3,10,5,2,1,1
SF,IF2005,2020-04-13 11:18:47.100,3729.0000,10894,0,4493560260.000,0,-,-,-,-,3729.2000,3729.0000,3728.8000,3728.2000,3728.0000,3729.8000,3730.0000,3730.4000,3731.2000,3731.4000,1,1,1,4,3,1,1,1,1,1
SF,IF2005,2020-04-13 11:18:47.600,3729.0000,10894,0,4493560260.000,0,-,-,-,-,3729.2000,3729.0000,3728.8000,3728.4000,3728.2000,3730.4000,3731.2000,3731.4000,3731.6000,3731.8000,1,1,1,2,4,1,1,1,2,2
SF,IF2005,2020-04-13 11:18:48.100,3729.0000,10894,0,4493560260.000,0,-,-,-,-,3729.4000,3729.2000,3729.0000,3728.8000,3728.4000,3730.2000,3730.4000,3731.2000,3731.4000,3731.6000,1,1,1,1,2,1,1,1,1,2
SF,IF2005,2020-04-13 11:18:48.600,3729.0000,10894,0,4493560260.000,0,-,-,-,-,3729.2000,3729.0000,3728.8000,3728.4000,3728.2000,3730.2000,3730.4000,3731.2000,3731.4000,3731.6000,1,1,1,2,3,1,1,1,1,2
SF,IF2005,2020-04-13 11:18:51.600,3729.0000,10894,0,4493560260.000,0,-,-,-,-,3729.2000,3729.0000,3728.8000,3728.4000,3728.2000,3730.2000,3730.4000,3731.2000,3731.4000,3731.6000,1,1,1,2,3,1,1,1,1,2
SF,IF2005,2020-04-13 11:18:52.100,3729.0000,10894,0,4493560260.000,0,-,-,-,-,3729.2000,3729.0000,3728.8000,3728.4000,3728.2000,3730.2000,3730.4000,3731.2000,3731.4000,3731.6000,1,1,1,2,3,1,1,1,1,2
SF,IF2005,2020-04-13 11:18:53.100,3729.0000,10894,0,4493560260.000,0,-,-,-,-,3729.0000,3728.8000,3728.4000,3728.2000,3728.0000,3729.2000,3730.0000,3730.2000,3730.4000,3731.2000,2,1,2,3,3,1,7,1,1,1
SF,IF2005,2020-04-13 11:18:53.600,3729.2000,10895,1,4494679020.000,1,1,0,双开,B,3729.2000,3729.0000,3728.8000,3728.4000,3728.2000,3730.0000,3730.2000,3730.4000,3731.2000,3731.4000,2,1,1,2,3,2,1,1,1,1
SF,IF2005,2020-04-13 11:18:54.100,3729.2000,10895,0,4494679020.000,0,-,-,-,-,3729.0000,3728.8000,3728.4000,3728.2000,3728.0000,3730.0000,3730.2000,3730.4000,3731.2000,3731.4000,1,1,2,3,3,2,1,1,1,1
SF,IF2005,2020-04-13 11:18:54.600,3729.2000,10895,0,4494679020.000,0,-,-,-,-,3729.2000,3729.0000,3728.8000,3728.4000,3728.2000,3730.0000,3730.2000,3730.4000,3731.2000,3731.4000,1,1,1,2,3,2,1,1,1,1
SF,IF2005,2020-04-13 11:18:57.100,3729.2000,10895,0,4494679020.000,0,-,-,-,-,3729.2000,3729.0000,3728.8000,3728.4000,3728.2000,3730.0000,3730.2000,3730.4000,3731.2000,3731.4000,1,1,1,2,3,2,1,1,1,1
SF,IF2005,2020-04-13 11:18:57.600,3729.2000,10895,0,4494679020.000,0,-,-,-,-,3729.0000,3728.8000,3728.4000,3728.2000,3728.0000,3729.8000,3730.0000,3730.4000,3731.2000,3731.4000,1,1,1,1,3,1,2,1,1,1
SF,IF2005,2020-04-13 11:18:58.100,3729.2000,10895,0,4494679020.000,0,-,-,-,-,3729.0000,3728.8000,3728.4000,3728.2000,3728.0000,3729.8000,3730.0000,3730.4000,3731.2000,3731.4000,1,1,1,1,3,1,2,1,1,1
SF,IF2005,2020-04-13 11:18:58.600,3729.0000,10896,1,4495797720.000,1,1,0,双开,B,3728.8000,3728.4000,3728.2000,3728.0000,3727.0000,3729.8000,3730.0000,3730.4000,3731.2000,3731.4000,1,1,1,3,1,1,2,1,1,1
SF,IF2005,2020-04-13 11:19:02.100,3729.0000,10896,0,4495797720.000,0,-,-,-,-,3729.0000,3728.8000,3728.4000,3728.2000,3728.0000,3729.8000,3730.0000,3730.4000,3731.2000,3731.4000,1,1,1,1,3,1,2,1,1,1
SF,IF2005,2020-04-13 11:19:03.600,3729.0000,10896,0,4495797720.000,0,-,-,-,-,3729.0000,3728.8000,3728.4000,3728.2000,3728.0000,3729.8000,3730.0000,3730.4000,3731.2000,3731.4000,1,1,1,1,3,1,2,1,1,1
SF,IF2005,2020-04-13 11:19:06.100,3729.0000,10896,0,4495797720.000,0,-,-,-,-,3729.0000,3728.8000,3728.4000,3728.2000,3728.0000,3729.8000,3730.0000,3730.4000,3731.4000,3731.6000,1,1,1,1,3,1,2,1,1,2
SF,IF2005,2020-04-13 11:19:06.600,3729.0000,10896,0,4495797720.000,0,-,-,-,-,3729.0000,3728.8000,3728.4000,3728.2000,3728.0000,3730.0000,3730.4000,3731.4000,3731.6000,3731.8000,1,1,1,1,3,2,1,1,2,2
SF,IF2005,2020-04-13 11:19:11.600,3729.0000,10897,1,4496916420.000,1,1,0,双开,B,3728.8000,3728.4000,3728.2000,3728.0000,3727.0000,3730.0000,3730.4000,3731.4000,3731.6000,3731.8000,1,1,1,3,1,2,1,1,2,2
SF,IF2005,2020-04-13 11:19:12.100,3729.0000,10897,0,4496916420.000,0,-,-,-,-,3729.0000,3728.8000,3728.4000,3728.2000,3728.0000,3729.8000,3730.0000,3730.4000,3731.4000,3731.6000,1,1,1,1,3,1,2,1,1,2
SF,IF2005,2020-04-13 11:19:13.600,3729.0000,10897,0,4496916420.000,0,-,-,-,-,3729.0000,3728.8000,3728.4000,3728.2000,3728.0000,3729.6000,3729.8000,3730.0000,3730.4000,3731.4000,1,1,1,1,3,1,1,1,1,1
SF,IF2005,2020-04-13 11:19:14.100,3729.0000,10897,0,4496916420.000,0,-,-,-,-,3728.8000,3728.2000,3728.0000,3727.0000,3726.2000,3729.6000,3729.8000,3730.0000,3730.4000,3731.4000,1,1,3,1,2,1,1,1,1,1
SF,IF2005,2020-04-13 11:19:14.600,3729.0000,10897,0,4496916420.000,0,-,-,-,-,3728.0000,3727.0000,3726.2000,3726.0000,3725.0000,3729.4000,3729.6000,3730.4000,3731.4000,3731.6000,3,1,2,4,3,1,1,1,1,2
SF,IF2005,2020-04-13 11:19:15.100,3729.0000,10897,0,4496916420.000,0,-,-,-,-,3728.2000,3728.0000,3727.0000,3726.2000,3726.0000,3729.2000,3729.4000,3730.4000,3731.4000,3731.6000,1,3,1,2,4,1,1,1,1,2
SF,IF2005,2020-04-13 11:19:16.100,3729.0000,10897,0,4496916420.000,0,-,-,-,-,3728.2000,3728.0000,3727.0000,3726.2000,3726.0000,3729.2000,3729.4000,3730.4000,3731.4000,3731.8000,1,3,1,2,4,1,1,1,1,2
SF,IF2005,2020-04-13 11:19:16.600,3729.0000,10897,0,4496916420.000,0,-,-,-,-,3728.2000,3728.0000,3727.0000,3726.2000,3726.0000,3729.2000,3729.4000,3730.4000,3730.6000,3731.4000,1,3,1,2,4,1,1,1,2,1
SF,IF2005,2020-04-13 11:19:17.100,3728.2000,10897,0,4498034880.000,1,0,1,空换,B,3728.0000,3727.0000,3726.2000,3726.0000,3725.0000,3729.2000,3729.4000,3730.4000,3730.6000,3731.4000,3,1,2,4,3,1,1,1,2,1
SF,IF2005,2020-04-13 11:19:17.600,3728.2000,10897,0,4498034880.000,0,-,-,-,-,3728.0000,3727.0000,3726.2000,3726.0000,3725.0000,3729.0000,3729.2000,3730.4000,3730.6000,3731.4000,3,1,2,4,3,1,1,1,2,1
SF,IF2005,2020-04-13 11:19:22.600,3728.2000,10897,0,4498034880.000,0,-,-,-,-,3728.2000,3728.0000,3727.0000,3726.2000,3726.0000,3729.0000,3729.2000,3730.4000,3730.6000,3731.4000,3,3,1,2,4,1,1,1,2,1
SF,IF2005,2020-04-13 11:19:23.100,3728.2000,10897,0,4498034880.000,0,-,-,-,-,3728.2000,3728.0000,3727.0000,3726.2000,3726.0000,3729.0000,3729.2000,3730.4000,3730.6000,3731.4000,5,3,1,2,4,1,1,1,2,1
SF,IF2005,2020-04-13 11:19:23.600,3728.2000,10897,0,4504745640.000,6,3,3,空换,B,3728.0000,3727.0000,3726.2000,3726.0000,3725.0000,3729.2000,3730.4000,3730.6000,3731.4000,3731.8000,3,1,2,4,3,1,1,2,1,2
SF,IF2005,2020-04-13 11:19:24.100,3728.2000,10897,0,4504745640.000,0,-,-,-,-,3728.2000,3728.0000,3727.0000,3726.2000,3726.0000,3729.2000,3730.4000,3730.6000,3731.4000,3731.8000,1,3,1,2,4,1,1,2,1,2
SF,IF2005,2020-04-13 11:19:24.600,3729.2000,10898,1,4505864400.000,1,1,0,双开,B,3729.2000,3728.4000,3728.2000,3728.0000,3727.0000,3730.4000,3730.6000,3731.4000,3731.8000,3732.2000,1,1,1,3,1,1,2,1,2,3
SF,IF2005,2020-04-13 11:19:25.100,3729.2000,10899,1,4506983160.000,1,1,0,双开,B,3728.2000,3728.0000,3727.0000,3726.2000,3726.0000,3729.8000,3730.0000,3730.2000,3730.4000,3730.6000,1,3,1,2,4,2,6,1,2,2
SF,IF2005,2020-04-13 11:19:25.600,3729.2000,10899,0,4506983160.000,0,-,-,-,-,3728.4000,3728.2000,3728.0000,3727.0000,3726.2000,3729.4000,3729.6000,3729.8000,3730.0000,3730.2000,1,1,3,1,2,1,1,6,6,2
SF,IF2005,2020-04-13 11:19:26.100,3729.2000,10899,0,4506983160.000,0,-,-,-,-,3728.4000,3728.2000,3728.0000,3727.0000,3726.2000,3729.2000,3729.4000,3729.6000,3729.8000,3730.0000,1,1,3,1,2,1,1,6,6,5
SF,IF2005,2020-04-13 11:19:26.600,3729.2000,10899,0,4508101920.000,1,0,1,空换,B,3728.4000,3728.2000,3728.0000,3727.0000,3726.2000,3729.4000,3729.6000,3730.0000,3730.2000,3730.4000,1,1,3,1,2,1,1,5,1,2
SF,IF2005,2020-04-13 11:19:27.100,3729.2000,10899,0,4508101920.000,0,-,-,-,-,3728.6000,3728.4000,3728.0000,3727.0000,3726.2000,3729.4000,3729.6000,3730.0000,3730.2000,3730.4000,1,1,3,1,2,1,1,5,1,2
SF,IF2005,2020-04-13 11:19:27.600,3729.2000,10899,0,4508101920.000,0,-,-,-,-,3728.6000,3728.4000,3728.0000,3727.0000,3726.2000,3729.4000,3729.6000,3730.0000,3730.2000,3730.4000,1,1,3,1,2,1,1,5,1,2
SF,IF2005,2020-04-13 11:19:29.600,3729.2000,10899,0,4508101920.000,0,-,-,-,-,3728.6000,3728.4000,3728.0000,3727.0000,3726.0000,3729.6000,3730.2000,3730.4000,3730.8000,3731.4000,1,1,3,1,4,1,1,2,1,1
SF,IF2005,2020-04-13 11:19:30.100,3729.2000,10899,0,4508101920.000,0,-,-,-,-,3728.8000,3728.6000,3728.0000,3727.0000,3726.0000,3730.2000,3730.4000,3730.8000,3731.4000,3731.6000,1,2,3,1,4,1,2,1,1,2
SF,IF2005,2020-04-13 11:19:30.600,3729.2000,10899,0,4508101920.000,0,-,-,-,-,3729.0000,3728.8000,3728.6000,3728.0000,3727.0000,3730.0000,3730.4000,3730.8000,3731.4000,3731.6000,1,1,1,3,1,1,2,1,1,2
SF,IF2005,2020-04-13 11:19:31.100,3729.2000,10899,0,4508101920.000,0,-,-,-,-,3729.0000,3728.8000,3728.6000,3728.0000,3727.0000,3730.0000,3730.4000,3730.8000,3731.4000,3731.6000,1,1,1,3,1,2,2,1,1,2
SF,IF2005,2020-04-13 11:19:31.600,3729.2000,10899,0,4508101920.000,0,-,-,-,-,3729.0000,3728.8000,3728.6000,3728.0000,3727.0000,3730.0000,3730.4000,3730.8000,3731.4000,3731.6000,1,1,1,3,1,1,2,1,1,2
SF,IF2005,2020-04-13 11:19:32.100,3729.2000,10899,0,4508101920.000,0,-,-,-,-,3729.0000,3728.8000,3728.6000,3728.0000,3727.0000,3730.0000,3730.4000,3730.8000,3731.4000,3731.6000,1,1,1,3,1,1,2,1,1,2
SF,IF2005,2020-04-13 11:19:32.600,3729.2000,10899,0,4508101920.000,0,-,-,-,-,3729.0000,3728.8000,3728.6000,3728.0000,3727.0000,3730.0000,3730.4000,3730.8000,3731.4000,3731.6000,1,1,1,3,1,1,2,1,1,2
SF,IF2005,2020-04-13 11:19:33.100,3729.2000,10899,0,4508101920.000,0,-,-,-,-,3729.0000,3728.8000,3728.6000,3728.0000,3727.0000,3730.0000,3730.4000,3730.8000,3731.4000,3731.6000,1,1,1,3,1,1,2,1,1,2
SF,IF2005,2020-04-13 11:19:33.600,3729.2000,10899,0,4508101920.000,0,-,-,-,-,3729.0000,3728.8000,3728.6000,3728.0000,3727.0000,3730.0000,3730.4000,3730.8000,3731.4000,3731.6000,1,1,1,3,1,1,2,1,1,2
SF,IF2005,2020-04-13 11:19:34.100,3729.2000,10899,0,4508101920.000,0,-,-,-,-,3729.0000,3728.8000,3728.6000,3728.0000,3727.0000,3730.0000,3730.4000,3730.8000,3731.4000,3731.6000,1,1,1,3,1,2,2,1,1,2
SF,IF2005,2020-04-13 11:19:34.600,3729.2000,10899,0,4508101920.000,0,-,-,-,-,3729.0000,3728.8000,3728.6000,3728.0000,3727.0000,3730.0000,3730.4000,3730.8000,3731.4000,3731.6000,1,1,1,3,1,1,2,1,1,2
SF,IF2005,2020-04-13 11:19:35.100,3729.2000,10899,0,4508101920.000,0,-,-,-,-,3729.0000,3728.8000,3728.6000,3728.0000,3727.0000,3730.0000,3730.4000,3730.8000,3731.4000,3731.6000,1,1,1,3,1,2,2,1,1,2
SF,IF2005,2020-04-13 11:19:35.600,3729.2000,10899,0,4508101920.000,0,-,-,-,-,3729.0000,3728.8000,3728.6000,3728.0000,3727.0000,3730.0000,3730.4000,3730.8000,3731.4000,3731.6000,1,1,1,3,1,1,2,1,1,2
SF,IF2005,2020-04-13 11:19:36.100,3729.2000,10899,0,4508101920.000,0,-,-,-,-,3729.0000,3728.8000,3728.6000,3728.0000,3727.0000,3730.0000,3730.4000,3730.8000,3731.4000,3731.6000,1,1,1,3,1,1,2,1,1,2
SF,IF2005,2020-04-13 11:19:36.600,3729.2000,10899,0,4508101920.000,0,-,-,-,-,3729.0000,3728.8000,3728.6000,3728.0000,3727.0000,3730.0000,3730.4000,3730.8000,3731.4000,3731.6000,1,1,1,3,1,2,2,1,1,2
SF,IF2005,2020-04-13 11:19:37.100,3729.2000,10899,0,4508101920.000,0,-,-,-,-,3729.0000,3728.8000,3728.6000,3728.0000,3727.0000,3729.8000,3730.0000,3730.4000,3730.8000,3731.4000,1,1,1,3,1,2,2,2,1,1
SF,IF2005,2020-04-13 11:19:37.600,3729.2000,10899,0,4508101920.000,0,-,-,-,-,3729.0000,3728.8000,3728.6000,3728.0000,3727.0000,3729.8000,3730.0000,3730.4000,3730.8000,3731.4000,1,1,1,3,1,2,1,2,1,1
SF,IF2005,2020-04-13 11:19:38.100,3729.2000,10899,0,4508101920.000,0,-,-,-,-,3729.0000,3728.8000,3728.6000,3728.0000,3727.0000,3729.8000,3730.0000,3730.4000,3730.8000,3731.4000,1,1,1,3,1,2,1,2,1,1
SF,IF2005,2020-04-13 11:19:39.100,3729.2000,10899,0,4508101920.000,0,-,-,-,-,3729.0000,3728.8000,3728.6000,3728.0000,3727.0000,3729.8000,3730.0000,3730.4000,3730.8000,3731.4000,1,1,1,3,1,2,1,2,1,1
SF,IF2005,2020-04-13 11:19:39.600,3729.2000,10899,0,4508101920.000,0,-,-,-,-,3729.0000,3728.8000,3728.6000,3728.0000,3727.0000,3729.8000,3730.0000,3730.4000,3730.8000,3731.4000,1,1,1,3,1,2,1,2,1,1
SF,IF2005,2020-04-13 11:19:40.100,3729.2000,10899,0,4508101920.000,0,-,-,-,-,3729.0000,3728.8000,3728.6000,3728.0000,3727.0000,3729.6000,3729.8000,3730.4000,3730.8000,3731.4000,1,1,1,3,1,1,2,2,1,1
SF,IF2005,2020-04-13 11:19:40.600,3729.2000,10899,0,4508101920.000,0,-,-,-,-,3728.8000,3728.6000,3728.0000,3727.0000,3726.0000,3729.6000,3729.8000,3730.4000,3730.8000,3731.4000,1,1,3,1,4,2,2,2,1,1
SF,IF2005,2020-04-13 11:19:41.100,3729.2000,10899,0,4508101920.000,0,-,-,-,-,3728.8000,3728.0000,3727.0000,3726.0000,3725.0000,3729.6000,3729.8000,3730.4000,3730.8000,3731.4000,1,3,1,4,3,2,2,2,1,1
SF,IF2005,2020-04-13 11:19:41.600,3729.2000,10899,0,4508101920.000,0,-,-,-,-,3728.8000,3728.0000,3727.0000,3726.0000,3725.0000,3729.6000,3729.8000,3730.4000,3730.8000,3731.4000,1,3,1,4,3,1,2,2,1,1
SF,IF2005,2020-04-13 11:19:42.100,3729.2000,10899,0,4508101920.000,0,-,-,-,-,3728.8000,3728.0000,3727.0000,3726.0000,3725.0000,3729.6000,3729.8000,3730.4000,3730.8000,3731.4000,1,3,1,4,3,1,2,2,1,1
SF,IF2005,2020-04-13 11:19:42.600,3729.2000,10899,0,4508101920.000,0,-,-,-,-,3728.8000,3728.0000,3727.0000,3726.0000,3725.0000,3729.6000,3729.8000,3730.4000,3730.8000,3731.4000,1,3,1,4,3,1,2,2,1,1
SF,IF2005,2020-04-13 11:19:43.100,3729.2000,10899,0,4508101920.000,0,-,-,-,-,3728.8000,3728.0000,3727.0000,3726.0000,3725.0000,3729.6000,3729.8000,3730.4000,3730.8000,3731.4000,1,3,1,4,3,1,2,2,1,1
SF,IF2005,2020-04-13 11:19:43.600,3729.2000,10899,0,4508101920.000,0,-,-,-,-,3728.8000,3728.0000,3727.0000,3726.0000,3725.0000,3729.6000,3729.8000,3730.4000,3730.8000,3731.4000,1,3,1,4,3,1,2,2,1,1
SF,IF2005,2020-04-13 11:19:44.100,3729.6000,10899,0,4509220800.000,1,0,1,空换,B,3729.0000,3728.8000,3728.0000,3727.0000,3726.0000,3729.8000,3730.4000,3730.8000,3731.4000,3731.6000,2,1,3,1,4,2,2,1,1,2
SF,IF2005,2020-04-13 11:19:45.100,3729.6000,10899,0,4509220800.000,0,-,-,-,-,3729.0000,3728.8000,3728.0000,3727.0000,3726.0000,3729.8000,3730.4000,3730.8000,3731.4000,3731.6000,2,1,3,1,4,2,2,1,1,2
SF,IF2005,2020-04-13 11:19:45.600,3729.6000,10899,0,4509220800.000,0,-,-,-,-,3729.0000,3728.8000,3728.0000,3727.0000,3726.0000,3729.8000,3730.4000,3730.8000,3731.4000,3731.6000,2,1,3,1,4,2,2,1,1,2
SF,IF2005,2020-04-13 11:19:46.100,3729.6000,10899,0,4509220800.000,0,-,-,-,-,3729.0000,3728.8000,3728.0000,3727.0000,3726.2000,3729.8000,3730.4000,3730.8000,3731.4000,3731.6000,2,1,3,1,1,3,2,1,1,2
SF,IF2005,2020-04-13 11:19:46.600,3729.6000,10899,0,4509220800.000,0,-,-,-,-,3729.0000,3728.8000,3728.0000,3727.0000,3726.2000,3729.8000,3730.4000,3730.8000,3731.4000,3731.6000,2,1,3,1,1,2,2,1,1,2
SF,IF2005,2020-04-13 11:19:47.100,3729.6000,10899,0,4509220800.000,0,-,-,-,-,3729.0000,3728.8000,3728.0000,3727.0000,3726.2000,3729.8000,3730.4000,3730.8000,3731.4000,3731.6000,2,1,3,1,1,2,2,1,1,2
SF,IF2005,2020-04-13 11:19:47.600,3729.6000,10899,0,4509220800.000,0,-,-,-,-,3729.0000,3728.8000,3728.0000,3727.0000,3726.2000,3729.8000,3730.4000,3730.8000,3731.4000,3731.6000,1,1,3,1,1,2,2,1,1,2
SF,IF2005,2020-04-13 11:19:48.100,3729.6000,10899,0,4509220800.000,0,-,-,-,-,3729.0000,3728.8000,3728.0000,3727.0000,3726.2000,3729.8000,3730.4000,3730.8000,3731.4000,3731.6000,1,1,3,1,1,2,2,1,1,2
SF,IF2005,2020-04-13 11:19:48.600,3729.0000,10900,1,4510339500.000,1,1,0,双开,B,3728.8000,3728.0000,3727.0000,3726.2000,3726.0000,3729.6000,3729.8000,3730.4000,3730.8000,3731.4000,1,3,1,1,4,2,2,2,1,1
SF,IF2005,2020-04-13 11:19:49.100,3729.0000,10900,0,4510339500.000,0,-,-,-,-,3728.8000,3728.0000,3727.0000,3726.2000,3726.0000,3729.6000,3729.8000,3730.4000,3730.8000,3731.4000,1,3,1,1,4,2,2,2,1,1
SF,IF2005,2020-04-13 11:19:49.600,3729.0000,10900,0,4510339500.000,0,-,-,-,-,3728.0000,3727.0000,3726.2000,3726.0000,3725.0000,3729.6000,3729.8000,3730.4000,3730.8000,3731.4000,3,1,1,4,3,2,2,2,1,1
SF,IF2005,2020-04-13 11:19:50.100,3729.0000,10900,0,4510339500.000,0,-,-,-,-,3728.2000,3728.0000,3727.0000,3726.2000,3726.0000,3729.4000,3729.6000,3729.8000,3730.4000,3730.8000,3,3,1,1,4,1,3,2,2,1
SF,IF2005,2020-04-13 11:19:50.600,3729.0000,10900,0,4510339500.000,0,-,-,-,-,3728.2000,3728.0000,3727.0000,3726.2000,3726.0000,3729.4000,3729.6000,3729.8000,3730.4000,3730.8000,3,3,1,1,4,1,2,2,2,1
SF,IF2005,2020-04-13 11:19:51.100,3729.0000,10900,0,4510339500.000,0,-,-,-,-,3728.2000,3728.0000,3727.0000,3726.2000,3726.0000,3729.2000,3729.4000,3729.8000,3730.4000,3730.8000,2,3,1,1,4,2,1,2,2,1
SF,IF2005,2020-04-13 11:19:51.600,3729.0000,10900,0,4510339500.000,0,-,-,-,-,3728.2000,3728.0000,3727.0000,3726.2000,3726.0000,3729.0000,3729.2000,3729.8000,3730.4000,3730.8000,2,3,1,1,4,1,3,2,2,1
SF,IF2005,2020-04-13 11:19:52.100,3729.0000,10900,0,4510339500.000,0,-,-,-,-,3728.0000,3727.0000,3726.2000,3726.0000,3725.0000,3729.0000,3729.2000,3729.8000,3730.4000,3730.8000,3,1,1,4,3,1,3,2,2,1
SF,IF2005,2020-04-13 11:19:52.600,3729.0000,10900,0,4510339500.000,0,-,-,-,-,3728.0000,3727.0000,3726.2000,3726.0000,3725.0000,3728.8000,3729.0000,3729.2000,3729.8000,3730.4000,3,1,1,4,3,2,1,1,2,2
SF,IF2005,2020-04-13 11:19:53.100,3729.0000,10900,0,4510339500.000,0,-,-,-,-,3728.0000,3727.0000,3726.2000,3726.0000,3725.0000,3728.8000,3729.0000,3729.2000,3729.8000,3730.4000,3,1,1,4,3,2,1,1,2,2
SF,IF2005,2020-04-13 11:19:53.600,3729.0000,10900,0,4510339500.000,0,-,-,-,-,3728.0000,3727.0000,3726.2000,3726.0000,3725.0000,3728.8000,3729.0000,3729.2000,3729.8000,3730.4000,3,1,1,4,3,2,1,1,2,2
SF,IF2005,2020-04-13 11:19:54.100,3729.0000,10900,0,4510339500.000,0,-,-,-,-,3728.0000,3727.0000,3726.2000,3726.0000,3725.0000,3728.8000,3729.0000,3729.2000,3729.8000,3730.4000,3,1,1,4,3,1,1,1,2,2
SF,IF2005,2020-04-13 11:19:55.100,3729.0000,10900,0,4510339500.000,0,-,-,-,-,3728.4000,3728.2000,3728.0000,3727.0000,3726.2000,3729.0000,3729.2000,3729.8000,3730.4000,3730.6000,1,2,3,1,1,1,1,2,2,2
SF,IF2005,2020-04-13 11:19:55.600,3729.0000,10900,0,4510339500.000,0,-,-,-,-,3728.4000,3728.2000,3728.0000,3727.0000,3726.2000,3729.2000,3729.8000,3730.4000,3730.6000,3730.8000,1,2,3,1,1,1,2,2,2,1
SF,IF2005,2020-04-13 11:19:56.100,3729.0000,10900,0,4510339500.000,0,-,-,-,-,3728.4000,3728.2000,3728.0000,3727.0000,3726.2000,3729.8000,3730.4000,3730.6000,3730.8000,3731.4000,1,3,3,1,1,2,2,2,1,1
SF,IF2005,2020-04-13 11:19:56.600,3729.0000,10900,0,4510339500.000,0,-,-,-,-,3728.6000,3728.4000,3728.2000,3728.0000,3727.0000,3729.4000,3729.6000,3729.8000,3730.4000,3730.6000,1,1,3,3,1,1,3,2,2,2
SF,IF2005,2020-04-13 11:19:57.100,3729.0000,10900,0,4510339500.000,0,-,-,-,-,3728.4000,3728.2000,3728.0000,3727.0000,3726.2000,3729.4000,3729.6000,3729.8000,3730.4000,3730.6000,1,3,3,1,1,1,3,2,2,2
SF,IF2005,2020-04-13 11:19:57.600,3729.0000,10900,0,4510339500.000,0,-,-,-,-,3728.4000,3728.2000,3728.0000,3727.0000,3726.2000,3729.2000,3729.4000,3729.6000,3729.8000,3730.4000,1,3,3,1,1,1,1,2,2,2
SF,IF2005,2020-04-13 11:19:58.100,3729.0000,10900,0,4510339500.000,0,-,-,-,-,3728.4000,3728.2000,3728.0000,3727.0000,3726.2000,3729.2000,3729.4000,3729.6000,3729.8000,3730.4000,1,3,3,1,1,1,1,2,2,2
SF,IF2005,2020-04-13 11:19:58.600,3729.0000,10900,0,4510339500.000,0,-,-,-,-,3728.4000,3728.2000,3728.0000,3727.0000,3726.2000,3729.2000,3729.4000,3729.6000,3729.8000,3730.4000,1,3,3,1,1,2,1,2,2,2
SF,IF2005,2020-04-13 11:19:59.100,3729.0000,10900,0,4510339500.000,0,-,-,-,-,3728.4000,3728.2000,3728.0000,3727.0000,3726.2000,3729.2000,3729.4000,3729.6000,3729.8000,3730.4000,1,3,3,1,1,1,1,2,2,2
SF,IF2005,2020-04-13 11:20:00.100,3729.0000,10900,0,4510339500.000,0,-,-,-,-,3728.4000,3728.2000,3728.0000,3727.0000,3726.2000,3729.2000,3729.4000,3729.6000,3729.8000,3730.4000,1,3,3,1,1,1,1,2,2,2
SF,IF2005,2020-04-13 11:20:00.600,3729.0000,10900,0,4510339500.000,0,-,-,-,-,3728.4000,3728.2000,3728.0000,3727.0000,3726.2000,3729.2000,3729.4000,3729.6000,3729.8000,3730.4000,1,3,3,1,1,1,1,2,2,2
SF,IF2005,2020-04-13 11:20:06.100,3729.0000,10900,0,4510339500.000,0,-,-,-,-,3728.4000,3728.2000,3728.0000,3727.0000,3726.2000,3729.0000,3729.2000,3729.4000,3729.6000,3729.8000,1,3,3,1,1,1,1,1,2,2
SF,IF2005,2020-04-13 11:20:06.600,3729.0000,10900,0,4510339500.000,0,-,-,-,-,3728.2000,3728.0000,3727.0000,3726.2000,3726.0000,3729.0000,3729.2000,3729.6000,3729.8000,3730.4000,3,3,1,1,4,2,1,1,2,2
SF,IF2005,2020-04-13 11:20:07.100,3729.0000,10900,0,4510339500.000,0,-,-,-,-,3728.2000,3728.0000,3727.0000,3726.2000,3726.0000,3729.0000,3729.2000,3729.8000,3730.4000,3730.6000,2,3,1,1,4,2,1,2,2,2
SF,IF2005,2020-04-13 11:20:07.600,3728.2000,10901,1,4511457960.000,1,1,0,双开,B,3728.0000,3727.0000,3726.2000,3726.0000,3725.0000,3728.8000,3729.0000,3729.2000,3729.8000,3730.4000,3,1,1,4,3,1,2,1,2,2
SF,IF2005,2020-04-13 11:20:08.100,3728.2000,10901,0,4511457960.000,0,-,-,-,-,3728.0000,3727.0000,3726.2000,3726.0000,3725.0000,3728.6000,3728.8000,3729.0000,3729.2000,3729.8000,3,1,1,4,3,1,1,1,1,2
SF,IF2005,2020-04-13 11:20:09.600,3728.0000,10903,2,4514813160.000,3,2,1,多开,B,3727.0000,3726.2000,3726.0000,3725.0000,3723.8000,3728.6000,3728.8000,3729.0000,3729.2000,3729.8000,1,1,4,3,1,1,1,1,1,2
SF,IF2005,2020-04-13 11:20:10.100,3728.0000,10903,0,4514813160.000,0,-,-,-,-,3728.0000,3727.6000,3727.4000,3727.2000,3727.0000,3728.4000,3728.6000,3728.8000,3729.0000,3729.2000,1,1,1,1,1,1,1,1,1,1
SF,IF2005,2020-04-13 11:20:10.600,3728.0000,10903,0,4514813160.000,0,-,-,-,-,3728.0000,3727.6000,3727.4000,3727.2000,3727.0000,3728.6000,3728.8000,3729.0000,3729.2000,3729.8000,1,1,2,3,1,1,1,1,1,2
SF,IF2005,2020-04-13 11:20:11.100,3728.0000,10903,0,4514813160.000,0,-,-,-,-,3728.2000,3728.0000,3727.6000,3727.4000,3727.2000,3728.6000,3728.8000,3729.0000,3729.2000,3729.8000,1,1,1,2,2,1,1,1,1,2
SF,IF2005,2020-04-13 11:20:11.600,3728.0000,10903,0,4514813160.000,0,-,-,-,-,3728.2000,3728.0000,3727.6000,3727.4000,3727.2000,3728.6000,3728.8000,3729.0000,3729.2000,3729.8000,1,1,1,2,2,1,1,1,1,2
SF,IF2005,2020-04-13 11:20:12.100,3728.0000,10903,0,4514813160.000,0,-,-,-,-,3728.2000,3728.0000,3727.6000,3727.4000,3727.2000,3728.6000,3728.8000,3729.0000,3729.2000,3729.8000,1,1,1,2,2,1,1,1,1,2
SF,IF2005,2020-04-13 11:20:12.600,3728.2000,10904,1,4515931620.000,1,1,0,双开,B,3728.0000,3727.6000,3727.4000,3727.2000,3727.0000,3728.4000,3728.6000,3729.0000,3729.2000,3729.8000,1,1,2,2,1,1,1,1,1,2
SF,IF2005,2020-04-13 11:20:13.100,3728.2000,10904,0,4515931620.000,0,-,-,-,-,3728.0000,3727.6000,3727.4000,3727.2000,3727.0000,3728.4000,3728.6000,3729.2000,3729.8000,3730.4000,1,1,1,2,1,1,1,1,2,2
SF,IF2005,2020-04-13 11:20:13.600,3728.2000,10904,0,4515931620.000,0,-,-,-,-,3728.0000,3727.6000,3727.4000,3727.2000,3727.0000,3728.2000,3728.4000,3728.6000,3729.2000,3729.8000,1,1,1,2,1,1,1,1,1,2
SF,IF2005,2020-04-13 11:20:14.100,3728.2000,10904,0,4515931620.000,0,-,-,-,-,3728.0000,3727.4000,3727.2000,3727.0000,3726.2000,3728.2000,3728.4000,3729.2000,3729.8000,3730.4000,1,1,2,1,1,1,1,1,2,2
SF,IF2005,2020-04-13 11:20:15.600,3728.2000,10904,0,4515931620.000,0,-,-,-,-,3728.0000,3727.4000,3727.2000,3727.0000,3726.2000,3728.2000,3728.4000,3729.2000,3729.8000,3730.4000,1,1,1,1,1,1,1,1,2,2
SF,IF2005,2020-04-13 11:20:16.100,3728.0000,10905,1,4517050020.000,1,1,0,双开,B,3727.4000,3727.2000,3727.0000,3726.2000,3726.0000,3728.2000,3728.4000,3729.2000,3729.8000,3730.4000,1,1,1,1,4,1,1,1,2,2
SF,IF2005,2020-04-13 11:20:18.100,3728.0000,10905,0,4517050020.000,0,-,-,-,-,3727.2000,3727.0000,3726.2000,3726.0000,3725.0000,3728.2000,3728.4000,3729.2000,3729.8000,3730.4000,1,1,1,4,3,1,1,1,2,2
SF,IF2005,2020-04-13 11:20:19.600,3728.0000,10905,0,4517050020.000,0,-,-,-,-,3727.2000,3727.0000,3726.2000,3726.0000,3725.0000,3728.2000,3728.4000,3729.2000,3729.8000,3730.4000,2,1,1,4,3,1,1,1,2,2
SF,IF2005,2020-04-13 11:20:20.100,3727.2000,10905,0,4518168180.000,1,0,1,空换,B,3727.2000,3727.0000,3726.2000,3726.0000,3725.0000,3728.2000,3728.4000,3729.2000,3729.8000,3730.4000,1,1,1,4,3,1,1,1,2,2
SF,IF2005,2020-04-13 11:20:20.600,3728.0000,10905,0,4519286580.000,1,0,1,空换,B,3727.2000,3727.0000,3726.2000,3726.0000,3725.0000,3728.2000,3728.4000,3729.2000,3729.8000,3730.4000,1,1,1,4,3,1,1,1,2,2
SF,IF2005,2020-04-13 11:20:21.100,3728.0000,10905,0,4519286580.000,0,-,-,-,-,3727.0000,3726.2000,3726.0000,3725.0000,3723.8000,3728.0000,3728.2000,3729.2000,3729.6000,3729.8000,1,1,4,3,1,1,1,1,2,2
SF,IF2005,2020-04-13 11:20:21.600,3728.0000,10906,1,4520404980.000,1,1,0,双开,B,3727.0000,3726.2000,3726.0000,3725.0000,3723.8000,3727.8000,3728.0000,3728.2000,3729.2000,3729.6000,2,1,4,3,1,1,1,1,1,2
SF,IF2005,2020-04-13 11:20:23.100,3728.0000,10907,1,4522641780.000,2,1,1,多开,B,3727.0000,3726.2000,3726.0000,3725.0000,3723.8000,3728.2000,3729.2000,3729.6000,3729.8000,3730.4000,2,1,4,3,1,1,1,2,2,2
SF,IF2005,2020-04-13 11:20:23.600,3728.0000,10907,0,4522641780.000,0,-,-,-,-,3727.2000,3727.0000,3726.2000,3726.0000,3725.0000,3728.2000,3729.2000,3729.6000,3729.8000,3730.4000,1,2,1,4,3,1,1,2,2,2
SF,IF2005,2020-04-13 11:20:24.100,3728.0000,10907,0,4522641780.000,0,-,-,-,-,3727.2000,3727.0000,3726.2000,3726.0000,3725.0000,3728.0000,3728.2000,3729.2000,3729.6000,3729.8000,1,1,1,4,3,6,1,1,2,2
SF,IF2005,2020-04-13 11:20:24.600,3728.0000,10907,0,4522641780.000,0,-,-,-,-,3727.2000,3727.0000,3726.2000,3726.0000,3725.0000,3728.2000,3729.2000,3729.6000,3729.8000,3730.4000,1,1,1,4,3,1,1,2,2,2
SF,IF2005,2020-04-13 11:20:25.600,3728.0000,10907,0,4522641780.000,0,-,-,-,-,3727.4000,3727.2000,3727.0000,3726.2000,3726.0000,3728.2000,3729.2000,3729.6000,3729.8000,3730.4000,1,1,1,1,4,1,1,2,2,2
SF,IF2005,2020-04-13 11:20:26.100,3728.0000,10907,0,4522641780.000,0,-,-,-,-,3727.6000,3727.4000,3727.0000,3726.2000,3726.0000,3728.2000,3729.2000,3729.6000,3729.8000,3730.4000,1,2,1,1,4,1,1,2,2,2
SF,IF2005,2020-04-13 11:20:26.600,3727.6000,10907,0,4523760060.000,1,0,1,空换,B,3727.4000,3727.0000,3726.2000,3726.0000,3725.0000,3728.2000,3729.2000,3729.6000,3729.8000,3730.4000,2,1,1,4,3,1,1,2,2,2
SF,IF2005,2020-04-13 11:20:30.600,3727.6000,10907,0,4523760060.000,0,-,-,-,-,3727.4000,3727.0000,3726.2000,3726.0000,3725.0000,3728.2000,3729.2000,3729.6000,3729.8000,3730.4000,1,1,1,4,3,1,1,2,2,2
SF,IF2005,2020-04-13 11:20:31.100,3728.0000,10907,0,4524878460.000,1,0,1,空换,B,3727.4000,3727.0000,3726.2000,3726.0000,3725.0000,3728.2000,3729.2000,3729.6000,3729.8000,3730.4000,1,1,1,4,3,1,1,2,2,2
SF,IF2005,2020-04-13 11:20:31.600,3727.4000,10907,0,4525996680.000,1,0,1,空换,B,3727.0000,3726.2000,3726.0000,3725.0000,3723.8000,3727.4000,3728.2000,3729.2000,3729.6000,3729.8000,1,1,4,3,1,2,1,1,2,2
SF,IF2005,2020-04-13 11:20:32.100,3727.4000,10907,0,4527114900.000,1,0,1,空换,B,3727.0000,3726.2000,3726.0000,3725.0000,3723.8000,3727.4000,3728.2000,3729.2000,3729.6000,3729.8000,1,1,4,3,1,1,1,1,2,2
SF,IF2005,2020-04-13 11:20:32.600,3727.4000,10908,1,4528233120.000,1,1,0,双开,B,3727.0000,3726.2000,3726.0000,3725.0000,3723.8000,3728.2000,3729.2000,3729.6000,3729.8000,3730.4000,1,1,4,3,1,1,1,2,2,2
SF,IF2005,2020-04-13 11:20:33.100,3727.4000,10908,0,4528233120.000,0,-,-,-,-,3727.2000,3727.0000,3726.2000,3726.0000,3725.0000,3728.2000,3729.2000,3729.6000,3729.8000,3730.4000,2,1,1,4,3,1,1,2,2,2
SF,IF2005,2020-04-13 11:20:34.100,3727.4000,10908,0,4528233120.000,0,-,-,-,-,3727.6000,3727.4000,3727.2000,3727.0000,3726.2000,3728.2000,3729.2000,3729.6000,3729.8000,3730.4000,1,2,1,1,1,1,1,2,2,2
SF,IF2005,2020-04-13 11:20:34.600,3728.2000,10908,0,4529351580.000,1,0,1,空换,B,3727.6000,3727.4000,3727.2000,3727.0000,3726.2000,3728.2000,3729.6000,3729.8000,3730.4000,3730.8000,2,2,1,1,1,1,2,2,2,1
SF,IF2005,2020-04-13 11:20:35.100,3728.2000,10908,0,4529351580.000,0,-,-,-,-,3727.6000,3727.4000,3727.2000,3727.0000,3726.2000,3729.6000,3729.8000,3730.4000,3730.8000,3731.4000,2,2,1,1,1,2,2,2,1,1
SF,IF2005,2020-04-13 11:20:35.600,3728.2000,10908,0,4529351580.000,0,-,-,-,-,3727.8000,3727.6000,3727.4000,3727.0000,3726.2000,3729.0000,3729.2000,3729.4000,3729.6000,3729.8000,1,1,2,1,1,6,1,4,3,2
SF,IF2005,2020-04-13 11:20:36.100,3728.2000,10908,0,4529351580.000,0,-,-,-,-,3727.8000,3727.6000,3727.4000,3727.0000,3726.2000,3728.8000,3729.0000,3729.2000,3729.4000,3729.6000,1,1,2,1,1,1,6,1,3,3
SF,IF2005,2020-04-13 11:20:36.600,3728.2000,10908,0,4529351580.000,0,-,-,-,-,3727.8000,3727.6000,3727.4000,3727.0000,3726.2000,3728.8000,3729.0000,3729.2000,3729.4000,3729.6000,1,1,2,1,1,1,6,1,3,3
SF,IF2005,2020-04-13 11:20:37.100,3728.2000,10908,0,4529351580.000,0,-,-,-,-,3727.8000,3727.6000,3727.4000,3727.0000,3726.2000,3728.8000,3729.0000,3729.2000,3729.4000,3729.6000,2,1,2,1,1,1,1,1,2,3
SF,IF2005,2020-04-13 11:20:37.600,3728.2000,10908,0,4529351580.000,0,-,-,-,-,3727.8000,3727.6000,3727.4000,3727.0000,3726.2000,3728.8000,3729.0000,3729.2000,3729.4000,3729.6000,2,1,2,1,1,1,1,1,2,3
SF,IF2005,2020-04-13 11:20:38.100,3728.2000,10908,0,4529351580.000,0,-,-,-,-,3727.8000,3727.6000,3727.4000,3727.0000,3726.2000,3728.8000,3729.0000,3729.2000,3729.4000,3729.6000,2,1,2,1,1,1,1,1,2,3
SF,IF2005,2020-04-13 11:20:38.600,3728.2000,10908,0,4529351580.000,0,-,-,-,-,3727.8000,3727.6000,3727.4000,3727.0000,3726.2000,3729.0000,3729.2000,3729.4000,3729.6000,3729.8000,2,1,1,1,1,1,1,2,3,2
SF,IF2005,2020-04-13 11:20:39.100,3728.2000,10908,0,4529351580.000,0,-,-,-,-,3728.0000,3727.8000,3727.4000,3727.0000,3726.2000,3729.0000,3729.2000,3729.4000,3729.6000,3729.8000,1,2,1,1,1,1,1,2,3,2
SF,IF2005,2020-04-13 11:20:39.600,3727.8000,10908,0,4530469920.000,1,0,1,空换,B,3727.8000,3727.4000,3727.0000,3726.2000,3726.0000,3728.4000,3728.8000,3729.0000,3729.4000,3729.6000,1,1,1,1,4,5,4,1,1,3
SF,IF2005,2020-04-13 11:20:40.100,3728.0000,10909,1,4531588320.000,1,1,0,双开,B,3727.8000,3727.4000,3727.0000,3726.2000,3726.0000,3728.8000,3729.0000,3729.4000,3729.6000,3729.8000,1,1,1,1,4,2,1,1,3,3
SF,IF2005,2020-04-13 11:20:40.600,3728.0000,10909,0,4531588320.000,0,-,-,-,-,3727.8000,3727.4000,3727.0000,3726.2000,3726.0000,3728.8000,3729.4000,3729.6000,3729.8000,3730.4000,1,1,1,1,4,2,1,3,3,1
SF,IF2005,2020-04-13 11:20:41.100,3727.8000,10910,1,4532706660.000,1,1,0,双开,B,3727.4000,3727.0000,3726.2000,3726.0000,3725.0000,3728.8000,3729.4000,3729.6000,3729.8000,3730.4000,1,1,1,4,3,2,1,3,3,1
SF,IF2005,2020-04-13 11:20:41.600,3727.8000,10910,0,4532706660.000,0,-,-,-,-,3727.6000,3727.4000,3727.0000,3726.2000,3726.0000,3728.8000,3729.4000,3729.6000,3729.8000,3730.4000,2,1,1,1,4,2,1,3,3,1
SF,IF2005,2020-04-13 11:20:42.100,3727.8000,10910,0,4532706660.000,0,-,-,-,-,3727.6000,3727.4000,3727.0000,3726.2000,3726.0000,3728.8000,3729.4000,3729.6000,3729.8000,3730.4000,2,1,1,1,4,2,1,3,3,1
SF,IF2005,2020-04-13 11:20:42.600,3727.8000,10910,0,4532706660.000,0,-,-,-,-,3727.6000,3727.4000,3727.0000,3726.2000,3726.0000,3728.8000,3729.4000,3729.6000,3729.8000,3730.4000,2,1,1,1,4,2,1,3,3,1
SF,IF2005,2020-04-13 11:20:43.100,3727.8000,10910,0,4532706660.000,0,-,-,-,-,3727.6000,3727.4000,3727.0000,3726.2000,3726.0000,3728.6000,3728.8000,3729.4000,3729.6000,3729.8000,2,1,1,1,4,1,2,1,3,3
SF,IF2005,2020-04-13 11:20:44.100,3727.8000,10910,0,4532706660.000,0,-,-,-,-,3727.6000,3727.4000,3727.0000,3726.2000,3726.0000,3728.6000,3728.8000,3729.4000,3729.6000,3729.8000,2,1,1,1,4,2,1,1,3,3
SF,IF2005,2020-04-13 11:20:44.600,3727.8000,10910,0,4532706660.000,0,-,-,-,-,3727.6000,3727.4000,3727.0000,3726.2000,3726.0000,3728.6000,3728.8000,3729.4000,3729.6000,3729.8000,2,1,1,1,4,1,1,1,3,3
SF,IF2005,2020-04-13 11:20:45.100,3727.8000,10910,0,4532706660.000,0,-,-,-,-,3727.6000,3727.4000,3727.0000,3726.2000,3726.0000,3728.6000,3728.8000,3729.4000,3729.6000,3729.8000,2,1,1,1,4,1,1,1,3,3
SF,IF2005,2020-04-13 11:20:45.600,3727.8000,10910,0,4532706660.000,0,-,-,-,-,3727.6000,3727.4000,3727.0000,3726.2000,3726.0000,3728.6000,3728.8000,3729.4000,3729.6000,3729.8000,2,1,1,1,4,1,1,1,1,3
SF,IF2005,2020-04-13 11:20:46.100,3727.8000,10910,0,4532706660.000,0,-,-,-,-,3727.8000,3727.6000,3727.0000,3726.2000,3726.0000,3728.8000,3729.4000,3729.6000,3729.8000,3730.4000,1,2,1,1,4,1,1,1,3,1
SF,IF2005,2020-04-13 11:20:46.600,3727.8000,10910,0,4532706660.000,0,-,-,-,-,3728.0000,3727.8000,3727.6000,3727.0000,3726.2000,3728.8000,3729.4000,3729.6000,3729.8000,3730.4000,2,1,1,1,1,1,1,1,3,1
SF,IF2005,2020-04-13 11:20:47.100,3727.8000,10910,0,4532706660.000,0,-,-,-,-,3728.0000,3727.8000,3727.0000,3726.2000,3726.0000,3728.8000,3729.4000,3729.6000,3729.8000,3730.4000,2,1,1,1,4,1,1,1,3,1
SF,IF2005,2020-04-13 11:20:47.600,3728.8000,10911,1,4533825300.000,1,1,0,双开,B,3728.0000,3727.8000,3727.0000,3726.2000,3726.0000,3729.4000,3729.8000,3730.4000,3730.6000,3730.8000,2,1,1,1,4,1,3,1,2,1
SF,IF2005,2020-04-13 11:20:48.100,3728.8000,10911,0,4533825300.000,0,-,-,-,-,3728.2000,3728.0000,3727.0000,3726.2000,3726.0000,3729.2000,3729.4000,3729.8000,3730.4000,3730.6000,2,2,1,1,4,1,1,3,1,2
SF,IF2005,2020-04-13 11:20:48.600,3728.8000,10911,0,4533825300.000,0,-,-,-,-,3728.2000,3728.0000,3727.0000,3726.2000,3726.0000,3728.8000,3729.2000,3729.4000,3729.8000,3730.4000,2,2,1,1,4,1,1,1,3,1
SF,IF2005,2020-04-13 11:20:49.100,3728.8000,10912,1,4534943940.000,1,1,0,双开,B,3728.2000,3728.0000,3727.0000,3726.2000,3726.0000,3729.2000,3729.4000,3729.8000,3730.4000,3730.6000,2,2,1,1,4,1,1,3,1,2
SF,IF2005,2020-04-13 11:20:49.600,3728.8000,10912,0,4534943940.000,0,-,-,-,-,3728.2000,3728.0000,3727.0000,3726.2000,3726.0000,3729.2000,3729.4000,3729.8000,3730.4000,3730.6000,1,1,1,1,4,1,1,3,1,2
SF,IF2005,2020-04-13 11:20:50.100,3728.8000,10912,0,4534943940.000,0,-,-,-,-,3728.2000,3728.0000,3727.0000,3726.2000,3726.0000,3729.0000,3729.2000,3729.4000,3729.8000,3730.4000,1,1,1,1,4,1,1,1,3,1
SF,IF2005,2020-04-13 11:20:50.600,3728.2000,10913,1,4536062400.000,1,1,0,双开,B,3728.0000,3727.0000,3726.2000,3726.0000,3725.0000,3728.2000,3728.8000,3729.0000,3729.4000,3729.8000,1,1,1,4,3,1,2,1,1,3
SF,IF2005,2020-04-13 11:20:51.100,3728.2000,10913,0,4536062400.000,0,-,-,-,-,3728.0000,3727.0000,3726.2000,3726.0000,3725.0000,3728.2000,3728.8000,3729.4000,3729.8000,3730.4000,1,1,1,4,3,1,7,1,3,1
SF,IF2005,2020-04-13 11:20:51.600,3728.2000,10913,0,4536062400.000,0,-,-,-,-,3728.0000,3727.0000,3726.2000,3726.0000,3725.0000,3728.2000,3728.8000,3729.4000,3729.8000,3730.4000,1,1,1,4,3,1,6,1,3,1
SF,IF2005,2020-04-13 11:20:52.100,3728.0000,10914,1,4537180800.000,1,1,0,双开,B,3727.0000,3726.2000,3726.0000,3725.0000,3723.8000,3728.2000,3728.8000,3729.4000,3729.8000,3730.4000,1,1,4,3,1,1,6,1,3,1
SF,IF2005,2020-04-13 11:20:52.600,3728.2000,10915,1,4538299260.000,1,1,0,双开,B,3727.2000,3727.0000,3726.2000,3726.0000,3725.0000,3728.0000,3728.8000,3729.4000,3729.8000,3730.4000,3,1,1,4,3,1,1,1,3,3
SF,IF2005,2020-04-13 11:20:56.100,3728.2000,10915,0,4538299260.000,0,-,-,-,-,3727.2000,3727.0000,3726.2000,3726.0000,3725.0000,3728.0000,3728.8000,3729.4000,3729.8000,3730.4000,3,1,1,4,3,1,1,1,3,3
SF,IF2005,2020-04-13 11:20:56.600,3728.2000,10915,0,4539417720.000,1,0,1,空换,B,3728.0000,3727.2000,3727.0000,3726.2000,3726.0000,3728.8000,3729.4000,3729.8000,3730.4000,3730.8000,1,3,1,1,4,1,1,3,3,1
SF,IF2005,2020-04-13 11:20:57.100,3728.0000,10916,1,4540536120.000,1,1,0,双开,B,3727.2000,3727.0000,3726.2000,3726.0000,3725.0000,3728.8000,3729.4000,3729.8000,3730.4000,3730.8000,3,1,1,4,3,1,1,3,3,1
SF,IF2005,2020-04-13 11:20:57.600,3727.4000,10917,1,4541654340.000,1,1,0,双开,B,3727.4000,3727.2000,3727.0000,3726.2000,3726.0000,3728.6000,3728.8000,3729.4000,3729.8000,3730.4000,1,2,1,1,4,1,1,1,3,3
SF,IF2005,2020-04-13 11:20:58.100,3727.4000,10917,0,4541654340.000,0,-,-,-,-,3727.6000,3727.4000,3727.2000,3727.0000,3726.2000,3728.6000,3728.8000,3729.4000,3729.8000,3730.4000,2,2,1,1,1,1,1,1,3,3
SF,IF2005,2020-04-13 11:20:58.600,3727.4000,10917,0,4541654340.000,0,-,-,-,-,3727.6000,3727.4000,3727.0000,3726.2000,3726.0000,3728.6000,3728.8000,3729.4000,3729.8000,3730.4000,1,2,1,1,4,1,1,1,3,3
SF,IF2005,2020-04-13 11:21:02.100,3727.4000,10917,0,4541654340.000,0,-,-,-,-,3727.6000,3727.4000,3727.0000,3726.2000,3726.0000,3728.6000,3728.8000,3729.4000,3729.6000,3729.8000,1,2,1,1,4,1,1,1,3,3
SF,IF2005,2020-04-13 11:21:03.100,3727.4000,10917,0,4541654340.000,0,-,-,-,-,3727.8000,3727.6000,3727.4000,3727.0000,3726.2000,3728.6000,3728.8000,3729.4000,3729.6000,3729.8000,1,1,2,1,1,1,1,1,3,3
SF,IF2005,2020-04-13 11:21:03.600,3728.6000,10918,1,4542772920.000,1,1,0,双开,B,3728.6000,3728.0000,3727.8000,3727.6000,3727.4000,3728.8000,3729.4000,3729.6000,3729.8000,3730.4000,1,1,3,1,1,1,1,3,3,3
SF,IF2005,2020-04-13 11:21:04.100,3728.6000,10919,1,4545010140.000,2,1,1,多开,B,3728.0000,3727.8000,3727.6000,3727.4000,3727.0000,3729.4000,3729.6000,3729.8000,3730.4000,3730.8000,2,3,1,1,1,1,3,3,3,1
SF,IF2005,2020-04-13 11:21:04.600,3728.6000,10919,0,4545010140.000,0,-,-,-,-,3728.4000,3728.2000,3728.0000,3727.8000,3727.4000,3729.4000,3729.6000,3729.8000,3730.4000,3730.8000,1,3,1,1,1,1,3,3,3,1
SF,IF2005,2020-04-13 11:21:05.100,3728.6000,10919,0,4545010140.000,0,-,-,-,-,3728.6000,3728.4000,3728.2000,3728.0000,3727.8000,3729.4000,3729.6000,3729.8000,3730.4000,3730.8000,1,1,2,1,1,1,3,3,3,1
SF,IF2005,2020-04-13 11:21:05.600,3728.6000,10919,0,4545010140.000,0,-,-,-,-,3728.6000,3728.4000,3728.2000,3728.0000,3727.8000,3729.6000,3729.8000,3730.4000,3730.8000,3731.4000,1,1,2,1,1,3,3,3,1,1
SF,IF2005,2020-04-13 11:21:06.100,3728.6000,10919,0,4545010140.000,0,-,-,-,-,3728.6000,3728.4000,3728.2000,3728.0000,3727.8000,3729.6000,3729.8000,3730.4000,3730.8000,3731.4000,1,1,2,1,1,3,3,3,1,1
SF,IF2005,2020-04-13 11:21:06.600,3728.6000,10919,0,4545010140.000,0,-,-,-,-,3728.6000,3728.4000,3728.2000,3728.0000,3727.8000,3729.4000,3729.6000,3729.8000,3730.4000,3730.8000,1,1,2,1,1,1,3,3,3,1
SF,IF2005,2020-04-13 11:21:08.100,3728.6000,10919,0,4545010140.000,0,-,-,-,-,3728.6000,3728.4000,3728.2000,3728.0000,3727.8000,3729.4000,3729.6000,3729.8000,3730.4000,3730.8000,1,1,2,1,1,1,3,3,1,1
SF,IF2005,2020-04-13 11:21:08.600,3728.6000,10919,0,4545010140.000,0,-,-,-,-,3728.6000,3728.4000,3728.2000,3728.0000,3727.8000,3729.4000,3729.6000,3729.8000,3730.4000,3730.8000,1,1,2,1,1,1,3,3,1,1
SF,IF2005,2020-04-13 11:21:10.600,3728.6000,10919,0,4545010140.000,0,-,-,-,-,3729.4000,3728.6000,3728.4000,3728.0000,3727.8000,3729.6000,3729.8000,3730.4000,3730.8000,3731.4000,1,1,1,1,1,3,3,1,1,3
SF,IF2005,2020-04-13 11:21:11.100,3729.4000,10920,1,4546128960.000,1,1,0,双开,B,3728.6000,3728.4000,3728.0000,3727.8000,3727.4000,3729.6000,3729.8000,3730.4000,3730.8000,3731.4000,1,1,1,1,1,3,3,1,1,3
SF,IF2005,2020-04-13 11:21:11.600,3729.4000,10920,0,4546128960.000,0,-,-,-,-,3729.4000,3728.6000,3728.4000,3728.0000,3727.8000,3729.6000,3729.8000,3730.4000,3730.8000,3731.4000,1,1,1,1,1,3,3,1,1,3
SF,IF2005,2020-04-13 11:21:12.100,3729.4000,10920,0,4547247780.000,1,0,1,空换,B,3728.6000,3728.4000,3727.8000,3727.4000,3727.0000,3729.6000,3729.8000,3730.4000,3730.8000,3731.4000,1,1,1,1,1,3,3,1,1,3
SF,IF2005,2020-04-13 11:21:12.600,3729.4000,10920,0,4547247780.000,0,-,-,-,-,3729.0000,3728.8000,3728.6000,3727.8000,3727.4000,3729.6000,3729.8000,3730.4000,3730.8000,3731.4000,1,2,1,1,1,3,3,1,1,3
SF,IF2005,2020-04-13 11:21:13.100,3729.6000,10922,2,4549485540.000,2,2,0,双开,B,3729.2000,3729.0000,3728.8000,3727.8000,3727.4000,3729.6000,3729.8000,3730.4000,3730.8000,3731.4000,1,2,2,1,1,1,3,1,1,3
SF,IF2005,2020-04-13 11:21:13.600,3729.6000,10923,1,4550604420.000,1,1,0,双开,B,3729.2000,3729.0000,3728.8000,3727.8000,3727.4000,3729.8000,3730.4000,3730.8000,3731.4000,3731.8000,1,2,2,1,1,3,1,1,3,1
SF,IF2005,2020-04-13 11:21:14.100,3729.8000,10926,3,4553961240.000,3,3,0,双开,B,3729.8000,3729.4000,3729.2000,3729.0000,3728.8000,3730.4000,3730.8000,3731.4000,3731.8000,3732.8000,2,1,1,1,1,1,1,3,1,2
SF,IF2005,2020-04-13 11:21:14.600,3729.8000,10926,0,4553961240.000,0,-,-,-,-,3730.0000,3729.8000,3729.4000,3729.0000,3727.8000,3730.8000,3731.4000,3731.8000,3732.8000,3733.2000,1,2,1,1,1,1,1,1,2,1
SF,IF2005,2020-04-13 11:21:15.100,3729.8000,10926,0,4553961240.000,0,-,-,-,-,3730.0000,3729.0000,3727.8000,3727.4000,3727.0000,3730.8000,3731.4000,3731.8000,3732.4000,3732.8000,1,1,1,1,1,1,1,1,2,2
SF,IF2005,2020-04-13 11:21:15.600,3729.8000,10926,0,4553961240.000,0,-,-,-,-,3730.2000,3730.0000,3729.0000,3727.8000,3727.4000,3730.8000,3731.4000,3731.8000,3732.4000,3732.8000,1,1,1,1,1,1,1,1,2,2
SF,IF2005,2020-04-13 11:21:16.600,3729.8000,10926,0,4553961240.000,0,-,-,-,-,3730.2000,3730.0000,3729.0000,3727.4000,3727.0000,3730.8000,3731.4000,3731.8000,3732.4000,3732.8000,1,1,1,1,1,1,1,1,2,2
SF,IF2005,2020-04-13 11:21:17.100,3729.8000,10926,0,4553961240.000,0,-,-,-,-,3730.0000,3729.0000,3727.4000,3727.0000,3726.2000,3730.8000,3731.4000,3731.8000,3732.4000,3732.8000,1,1,1,1,1,1,1,1,2,2
SF,IF2005,2020-04-13 11:21:18.100,3730.0000,10926,0,4555080240.000,1,0,1,空换,B,3729.0000,3727.4000,3727.0000,3726.2000,3726.0000,3730.0000,3730.8000,3731.4000,3731.8000,3732.4000,1,1,1,1,4,1,2,1,1,2
SF,IF2005,2020-04-13 11:21:18.600,3730.0000,10927,1,4556199240.000,1,1,0,双开,B,3729.4000,3729.2000,3727.4000,3727.0000,3726.2000,3730.8000,3731.4000,3731.8000,3732.4000,3732.8000,2,2,1,1,1,2,1,1,2,2
SF,IF2005,2020-04-13 11:21:19.100,3730.0000,10927,0,4556199240.000,0,-,-,-,-,3729.6000,3729.4000,3729.2000,3727.4000,3727.0000,3730.6000,3730.8000,3731.4000,3731.8000,3732.4000,1,3,1,1,1,1,2,1,1,2
SF,IF2005,2020-04-13 11:21:23.100,3730.0000,10927,0,4556199240.000,0,-,-,-,-,3729.8000,3729.6000,3729.4000,3729.2000,3727.4000,3730.6000,3730.8000,3731.4000,3731.8000,3732.4000,1,1,3,1,1,1,2,1,1,2
SF,IF2005,2020-04-13 11:21:23.600,3730.0000,10929,2,4558437240.000,2,2,0,双开,B,3729.8000,3729.6000,3729.4000,3729.2000,3727.4000,3730.6000,3730.8000,3731.4000,3731.8000,3732.4000,1,1,3,1,1,1,2,1,1,2
SF,IF2005,2020-04-13 11:21:24.100,3730.0000,10929,0,4558437240.000,0,-,-,-,-,3729.8000,3729.6000,3729.4000,3729.2000,3727.4000,3730.6000,3730.8000,3731.4000,3731.8000,3732.4000,1,1,2,1,1,1,2,1,1,2
SF,IF2005,2020-04-13 11:21:24.600,3730.0000,10929,0,4558437240.000,0,-,-,-,-,3729.8000,3729.6000,3729.4000,3727.4000,3727.0000,3730.6000,3730.8000,3731.4000,3731.8000,3732.4000,1,1,2,1,1,1,2,1,1,2
SF,IF2005,2020-04-13 11:21:28.600,3729.8000,10930,1,4559556180.000,1,1,0,双开,B,3729.6000,3729.4000,3727.4000,3727.0000,3726.2000,3730.6000,3730.8000,3731.4000,3731.8000,3732.4000,1,2,1,1,1,1,2,1,1,2
SF,IF2005,2020-04-13 11:21:29.600,3729.8000,10930,0,4559556180.000,0,-,-,-,-,3729.6000,3729.4000,3727.4000,3727.0000,3726.2000,3730.0000,3730.6000,3730.8000,3731.4000,3731.8000,1,2,1,1,1,2,1,2,1,1
SF,IF2005,2020-04-13 11:21:30.100,3730.0000,10932,2,4561794180.000,2,2,0,双开,B,3730.0000,3729.8000,3729.6000,3729.4000,3727.4000,3730.6000,3730.8000,3731.4000,3731.8000,3732.4000,3,1,1,2,1,1,2,1,1,2
SF,IF2005,2020-04-13 11:21:30.600,3730.0000,10932,0,4561794180.000,0,-,-,-,-,3729.8000,3729.6000,3729.4000,3727.4000,3727.0000,3730.6000,3730.8000,3731.4000,3731.8000,3732.4000,1,1,1,1,1,1,2,1,1,2
SF,IF2005,2020-04-13 11:21:34.100,3730.0000,10932,0,4561794180.000,0,-,-,-,-,3729.8000,3729.6000,3729.4000,3727.4000,3727.0000,3730.6000,3730.8000,3731.4000,3731.8000,3732.4000,1,1,1,1,1,1,2,1,1,2
SF,IF2005,2020-04-13 11:21:34.600,3729.8000,10933,1,4562913120.000,1,1,0,双开,B,3729.6000,3729.4000,3727.4000,3727.0000,3726.2000,3730.6000,3730.8000,3731.4000,3731.8000,3732.4000,1,1,1,1,1,1,1,1,1,2
SF,IF2005,2020-04-13 11:21:35.100,3729.8000,10933,0,4562913120.000,0,-,-,-,-,3729.6000,3729.4000,3727.4000,3727.0000,3726.2000,3730.4000,3730.6000,3730.8000,3731.4000,3731.8000,1,1,1,1,1,1,1,1,1,1
SF,IF2005,2020-04-13 11:21:35.600,3729.8000,10933,0,4562913120.000,0,-,-,-,-,3729.8000,3729.6000,3729.4000,3727.4000,3727.0000,3730.4000,3730.6000,3730.8000,3731.4000,3731.8000,1,1,1,1,1,1,1,1,1,1
SF,IF2005,2020-04-13 11:21:36.100,3729.8000,10934,1,4564032060.000,1,1,0,双开,B,3729.6000,3729.4000,3727.4000,3727.0000,3726.2000,3730.2000,3730.4000,3730.6000,3730.8000,3731.4000,1,1,1,1,1,6,1,1,1,1
SF,IF2005,2020-04-13 11:21:37.100,3729.8000,10934,0,4564032060.000,0,-,-,-,-,3729.8000,3729.6000,3729.4000,3727.4000,3727.0000,3730.0000,3730.4000,3730.6000,3730.8000,3731.4000,1,1,1,1,1,6,1,1,1,1
SF,IF2005,2020-04-13 11:21:37.600,3729.8000,10934,0,4564032060.000,0,-,-,-,-,3730.0000,3729.8000,3729.6000,3729.4000,3727.4000,3730.4000,3730.6000,3730.8000,3731.4000,3731.8000,4,1,1,1,1,1,1,1,1,1
SF,IF2005,2020-04-13 11:21:38.100,3729.8000,10936,2,4566269940.000,2,2,0,双开,B,3729.8000,3729.6000,3729.4000,3727.4000,3727.0000,3730.2000,3730.4000,3730.6000,3730.8000,3731.4000,1,1,1,1,1,6,1,1,1,1
SF,IF2005,2020-04-13 11:21:39.100,3729.8000,10937,1,4567388880.000,1,1,0,双开,B,3729.6000,3729.4000,3727.4000,3727.0000,3726.2000,3730.2000,3730.4000,3730.6000,3730.8000,3731.4000,1,1,1,1,1,6,1,1,1,1
SF,IF2005,2020-04-13 11:21:39.600,3729.8000,10937,0,4567388880.000,0,-,-,-,-,3729.4000,3727.4000,3727.0000,3726.2000,3726.0000,3730.2000,3730.4000,3730.6000,3730.8000,3731.4000,1,1,1,1,4,6,1,1,1,1
SF,IF2005,2020-04-13 11:21:41.600,3729.8000,10937,0,4567388880.000,0,-,-,-,-,3730.2000,3729.8000,3729.4000,3727.4000,3727.0000,3730.4000,3730.6000,3730.8000,3731.4000,3731.8000,2,1,1,1,1,1,1,1,1,1
SF,IF2005,2020-04-13 11:21:42.100,3730.2000,10939,2,4569627000.000,2,2,0,双开,B,3729.4000,3727.4000,3727.0000,3726.2000,3726.0000,3730.4000,3730.6000,3730.8000,3731.4000,3731.8000,1,1,1,1,4,1,1,1,1,1
SF,IF2005,2020-04-13 11:21:42.600,3729.8000,10940,1,4570745940.000,1,1,0,双开,B,3729.4000,3727.4000,3727.0000,3726.2000,3726.0000,3730.4000,3730.6000,3730.8000,3731.4000,3731.8000,1,1,1,1,4,1,1,1,1,1
SF,IF2005,2020-04-13 11:21:43.100,3729.8000,10940,0,4570745940.000,0,-,-,-,-,3727.4000,3727.0000,3726.2000,3726.0000,3725.0000,3730.0000,3730.2000,3730.8000,3731.4000,3731.8000,1,1,1,4,3,1,2,1,1,1
SF,IF2005,2020-04-13 11:21:43.600,3729.8000,10940,0,4570745940.000,0,-,-,-,-,3728.6000,3728.4000,3728.0000,3727.8000,3727.6000,3729.8000,3730.0000,3730.8000,3731.4000,3731.8000,2,1,5,2,4,2,1,1,1,1
SF,IF2005,2020-04-13 11:21:44.100,3729.8000,10940,0,4570745940.000,0,-,-,-,-,3728.8000,3728.6000,3728.4000,3728.0000,3727.8000,3729.8000,3730.0000,3730.8000,3731.4000,3731.8000,1,2,1,5,3,2,1,1,1,1
SF,IF2005,2020-04-13 11:21:45.100,3729.8000,10940,0,4570745940.000,0,-,-,-,-,3728.8000,3728.6000,3728.4000,3728.0000,3727.8000,3729.6000,3729.8000,3730.8000,3731.4000,3731.8000,1,2,1,5,3,1,2,1,1,1
SF,IF2005,2020-04-13 11:21:45.600,3729.8000,10940,0,4570745940.000,0,-,-,-,-,3728.8000,3728.6000,3728.4000,3728.0000,3727.8000,3729.6000,3729.8000,3730.8000,3731.4000,3731.8000,1,2,1,5,3,1,2,1,3,1
SF,IF2005,2020-04-13 11:21:46.100,3729.6000,10941,1,4571864820.000,1,1,0,双开,B,3729.2000,3728.8000,3728.6000,3728.4000,3728.0000,3729.8000,3730.8000,3731.4000,3731.8000,3732.0000,1,1,2,1,5,2,1,3,1,5
SF,IF2005,2020-04-13 11:21:46.600,3729.6000,10941,0,4571864820.000,0,-,-,-,-,3729.2000,3728.8000,3728.6000,3728.4000,3728.0000,3729.8000,3730.8000,3731.4000,3731.8000,3732.0000,1,1,2,1,5,1,1,3,1,5
SF,IF2005,2020-04-13 11:21:47.600,3729.6000,10941,0,4571864820.000,0,-,-,-,-,3729.2000,3728.8000,3728.6000,3728.4000,3728.0000,3729.8000,3730.0000,3730.8000,3731.4000,3731.8000,1,1,2,1,5,1,2,1,3,1
SF,IF2005,2020-04-13 11:21:48.100,3729.6000,10941,0,4571864820.000,0,-,-,-,-,3729.2000,3728.8000,3728.6000,3728.4000,3728.0000,3730.0000,3730.8000,3731.4000,3731.8000,3732.0000,1,1,2,1,5,2,1,3,1,5
SF,IF2005,2020-04-13 11:21:49.100,3729.6000,10941,0,4571864820.000,0,-,-,-,-,3729.2000,3728.8000,3728.6000,3728.4000,3728.0000,3730.0000,3730.8000,3731.4000,3731.8000,3732.0000,1,1,1,1,5,2,1,3,1,5
SF,IF2005,2020-04-13 11:21:50.600,3729.6000,10941,0,4571864820.000,0,-,-,-,-,3729.2000,3728.8000,3728.4000,3728.0000,3727.8000,3730.0000,3730.8000,3731.4000,3731.8000,3732.0000,1,1,1,5,2,2,1,3,1,5
SF,IF2005,2020-04-13 11:21:51.100,3729.6000,10941,0,4571864820.000,0,-,-,-,-,3729.4000,3729.2000,3728.4000,3728.0000,3727.8000,3730.0000,3730.8000,3731.4000,3731.8000,3732.0000,3,1,1,5,2,2,1,3,1,5
SF,IF2005,2020-04-13 11:21:51.600,3730.0000,10943,2,4574102820.000,2,2,0,双开,B,3729.4000,3728.4000,3728.0000,3727.8000,3727.6000,3730.8000,3731.4000,3731.8000,3732.0000,3732.8000,3,1,5,2,2,1,1,1,5,2
SF,IF2005,2020-04-13 11:21:52.100,3730.0000,10943,0,4574102820.000,0,-,-,-,-,3729.4000,3728.4000,3728.0000,3727.8000,3727.6000,3730.6000,3730.8000,3731.4000,3731.8000,3732.0000,3,1,5,2,2,1,7,1,1,5
SF,IF2005,2020-04-13 11:21:55.100,3730.0000,10943,0,4574102820.000,0,-,-,-,-,3729.4000,3728.4000,3728.0000,3727.8000,3727.6000,3730.4000,3730.6000,3730.8000,3731.4000,3731.8000,3,1,5,2,2,6,1,1,1,1
SF,IF2005,2020-04-13 11:21:56.600,3730.0000,10943,0,4574102820.000,0,-,-,-,-,3729.4000,3728.4000,3728.0000,3727.8000,3727.6000,3730.6000,3730.8000,3731.4000,3731.8000,3732.0000,3,1,5,2,2,1,1,1,1,5
SF,IF2005,2020-04-13 11:21:57.100,3730.0000,10943,0,4574102820.000,0,-,-,-,-,3729.4000,3728.4000,3728.0000,3727.8000,3727.6000,3730.4000,3730.6000,3730.8000,3731.4000,3731.8000,3,1,5,2,2,6,1,1,1,1
SF,IF2005,2020-04-13 11:21:58.100,3730.0000,10943,0,4574102820.000,0,-,-,-,-,3729.4000,3728.4000,3728.0000,3727.8000,3727.6000,3730.6000,3730.8000,3731.4000,3731.8000,3732.0000,3,1,5,2,2,1,1,1,1,5
SF,IF2005,2020-04-13 11:21:58.600,3730.0000,10943,0,4574102820.000,0,-,-,-,-,3729.4000,3728.4000,3728.0000,3727.8000,3727.6000,3730.6000,3730.8000,3731.4000,3731.8000,3732.0000,3,1,5,2,2,8,1,1,1,5
SF,IF2005,2020-04-13 11:22:00.600,3730.0000,10943,0,4574102820.000,0,-,-,-,-,3729.8000,3729.4000,3728.4000,3728.0000,3727.8000,3730.4000,3730.6000,3730.8000,3731.4000,3731.8000,1,3,1,5,2,6,1,1,1,1
SF,IF2005,2020-04-13 11:22:01.100,3730.0000,10943,0,4574102820.000,0,-,-,-,-,3729.8000,3729.4000,3728.4000,3728.0000,3727.8000,3730.4000,3730.6000,3730.8000,3731.4000,3731.8000,1,3,1,5,2,7,1,1,1,1
SF,IF2005,2020-04-13 11:22:01.600,3730.0000,10943,0,4574102820.000,0,-,-,-,-,3729.4000,3728.4000,3728.0000,3727.8000,3727.6000,3730.4000,3730.6000,3730.8000,3731.4000,3731.8000,3,1,5,2,2,7,1,1,1,1
SF,IF2005,2020-04-13 11:22:02.100,3730.0000,10943,0,4574102820.000,0,-,-,-,-,3729.4000,3728.4000,3728.0000,3727.8000,3727.6000,3729.8000,3730.2000,3730.4000,3730.8000,3731.4000,2,1,5,2,2,1,1,7,1,1
SF,IF2005,2020-04-13 11:22:02.600,3730.0000,10943,0,4574102820.000,0,-,-,-,-,3728.4000,3728.0000,3727.8000,3727.6000,3727.4000,3729.8000,3730.2000,3730.4000,3730.8000,3731.4000,1,5,2,2,3,1,1,7,1,1
SF,IF2005,2020-04-13 11:22:03.100,3729.8000,10944,1,4575221760.000,1,1,0,双开,B,3729.0000,3728.6000,3728.4000,3728.0000,3727.8000,3730.2000,3730.4000,3730.8000,3731.4000,3731.6000,2,2,1,5,2,1,7,1,1,2
SF,IF2005,2020-04-13 11:22:03.600,3729.8000,10944,0,4575221760.000,0,-,-,-,-,3729.2000,3729.0000,3728.6000,3728.4000,3728.0000,3730.2000,3730.4000,3730.8000,3731.4000,3731.6000,1,2,1,1,5,1,1,1,1,2
SF,IF2005,2020-04-13 11:22:04.600,3729.8000,10944,0,4575221760.000,0,-,-,-,-,3729.6000,3729.2000,3729.0000,3728.6000,3728.4000,3730.2000,3730.4000,3730.8000,3731.4000,3731.6000,1,1,2,1,1,1,1,1,1,2
SF,IF2005,2020-04-13 11:22:06.600,3729.8000,10944,0,4575221760.000,0,-,-,-,-,3729.2000,3729.0000,3728.6000,3728.4000,3728.0000,3730.2000,3730.4000,3730.8000,3731.4000,3731.6000,1,2,1,1,5,1,1,1,1,2
SF,IF2005,2020-04-13 11:22:07.600,3729.8000,10944,0,4575221760.000,0,-,-,-,-,3729.6000,3729.2000,3729.0000,3728.6000,3728.4000,3730.2000,3730.4000,3730.8000,3731.4000,3731.6000,1,1,2,1,1,1,1,1,1,2
SF,IF2005,2020-04-13 11:22:08.100,3729.8000,10944,0,4575221760.000,0,-,-,-,-,3729.6000,3729.2000,3728.6000,3728.4000,3728.0000,3730.4000,3730.8000,3731.4000,3731.8000,3732.0000,1,1,1,1,5,1,1,1,1,5
SF,IF2005,2020-04-13 11:22:08.600,3729.8000,10944,0,4575221760.000,0,-,-,-,-,3729.6000,3729.2000,3728.6000,3728.4000,3728.0000,3730.4000,3730.8000,3731.4000,3731.8000,3732.0000,1,1,1,1,5,1,1,1,1,5
SF,IF2005,2020-04-13 11:22:12.100,3729.8000,10944,0,4575221760.000,0,-,-,-,-,3729.8000,3729.6000,3729.2000,3728.6000,3728.4000,3730.4000,3730.8000,3731.4000,3731.8000,3732.0000,1,1,1,1,1,1,1,1,1,5
SF,IF2005,2020-04-13 11:22:12.600,3729.8000,10945,1,4576340700.000,1,1,0,双开,B,3729.6000,3729.2000,3728.6000,3728.4000,3728.0000,3730.4000,3730.8000,3731.4000,3731.8000,3732.0000,1,1,1,1,5,1,1,1,1,5
SF,IF2005,2020-04-13 11:22:13.600,3730.4000,10945,0,4577459820.000,1,0,1,空换,B,3729.6000,3729.2000,3728.6000,3728.4000,3728.0000,3730.8000,3731.4000,3731.8000,3732.0000,3732.6000,1,1,1,1,5,1,1,1,5,2
SF,IF2005,2020-04-13 11:22:14.100,3730.4000,10945,0,4577459820.000,0,-,-,-,-,3729.6000,3729.2000,3728.6000,3728.4000,3728.0000,3730.6000,3730.8000,3731.4000,3731.8000,3732.0000,1,1,1,1,5,1,7,1,1,5
SF,IF2005,2020-04-13 11:22:15.100,3730.4000,10945,0,4577459820.000,0,-,-,-,-,3729.2000,3728.6000,3728.4000,3728.0000,3727.8000,3730.6000,3730.8000,3731.4000,3731.8000,3732.0000,1,1,1,5,2,1,7,1,1,5
SF,IF2005,2020-04-13 11:22:15.600,3730.4000,10945,0,4577459820.000,0,-,-,-,-,3729.4000,3729.2000,3728.6000,3728.4000,3728.0000,3730.6000,3730.8000,3731.4000,3731.8000,3732.0000,1,1,1,1,5,1,7,1,1,5
SF,IF2005,2020-04-13 11:22:16.600,3730.6000,10945,0,4578579000.000,1,0,1,空换,B,3729.4000,3729.2000,3728.6000,3728.4000,3728.0000,3730.8000,3731.4000,3731.8000,3732.0000,3732.6000,1,1,1,1,5,7,1,1,5,2
SF,IF2005,2020-04-13 11:22:17.100,3730.6000,10945,0,4578579000.000,0,-,-,-,-,3729.6000,3729.4000,3728.6000,3728.4000,3728.0000,3730.6000,3730.8000,3731.4000,3731.8000,3732.0000,1,1,1,1,5,2,7,1,1,5
SF,IF2005,2020-04-13 11:22:17.600,3729.6000,10945,0,4579697880.000,1,0,1,空换,B,3729.4000,3728.4000,3728.0000,3727.8000,3727.6000,3730.6000,3730.8000,3731.4000,3731.8000,3732.0000,1,1,5,2,2,7,8,1,1,5
SF,IF2005,2020-04-13 11:22:18.100,3729.6000,10945,0,4579697880.000,0,-,-,-,-,3729.4000,3728.4000,3728.0000,3727.8000,3727.6000,3730.4000,3730.6000,3730.8000,3731.4000,3731.8000,1,1,5,2,2,1,14,1,1,1
SF,IF2005,2020-04-13 11:22:18.600,3729.6000,10945,0,4579697880.000,0,-,-,-,-,3729.4000,3728.4000,3728.0000,3727.8000,3727.6000,3730.2000,3730.4000,3730.6000,3730.8000,3731.4000,1,1,5,1,2,1,2,12,1,1
SF,IF2005,2020-04-13 11:22:19.100,3729.6000,10945,0,4579697880.000,0,-,-,-,-,3729.6000,3729.4000,3728.4000,3728.0000,3727.8000,3730.2000,3730.4000,3730.6000,3730.8000,3731.4000,1,1,1,5,1,2,2,11,1,1
SF,IF2005,2020-04-13 11:22:19.600,3729.6000,10945,0,4579697880.000,0,-,-,-,-,3729.6000,3729.4000,3728.4000,3728.0000,3727.8000,3730.2000,3730.6000,3730.8000,3731.4000,3731.8000,1,1,1,5,1,1,11,1,1,1
SF,IF2005,2020-04-13 11:22:20.100,3729.6000,10945,0,4579697880.000,0,-,-,-,-,3729.6000,3729.4000,3728.4000,3728.0000,3727.8000,3730.2000,3730.6000,3730.8000,3731.4000,3731.8000,1,1,1,5,1,1,11,1,1,1
SF,IF2005,2020-04-13 11:22:20.600,3729.6000,10945,0,4579697880.000,0,-,-,-,-,3729.6000,3729.4000,3728.4000,3728.0000,3727.8000,3730.2000,3730.6000,3730.8000,3731.4000,3731.8000,1,1,1,5,1,1,11,1,1,1
SF,IF2005,2020-04-13 11:22:21.100,3729.6000,10945,0,4579697880.000,0,-,-,-,-,3729.6000,3729.4000,3728.4000,3728.0000,3727.8000,3730.2000,3730.6000,3730.8000,3731.4000,3731.8000,1,1,1,5,1,1,11,1,1,1
SF,IF2005,2020-04-13 11:22:22.100,3729.6000,10945,0,4579697880.000,0,-,-,-,-,3729.6000,3729.4000,3728.4000,3728.0000,3727.8000,3730.2000,3730.6000,3730.8000,3731.4000,3731.8000,1,1,1,5,1,1,11,1,1,1
SF,IF2005,2020-04-13 11:22:22.600,3729.6000,10945,0,4579697880.000,0,-,-,-,-,3729.6000,3729.4000,3728.4000,3728.0000,3727.8000,3730.2000,3730.6000,3730.8000,3731.4000,3731.8000,1,1,1,5,1,2,11,1,1,1
SF,IF2005,2020-04-13 11:22:23.100,3729.6000,10946,1,4580816760.000,1,1,0,双开,B,3729.4000,3728.4000,3728.0000,3727.8000,3727.6000,3730.2000,3730.6000,3730.8000,3731.4000,3731.8000,1,1,5,1,2,1,11,1,1,1
SF,IF2005,2020-04-13 11:22:23.600,3729.6000,10946,0,4580816760.000,0,-,-,-,-,3729.6000,3729.4000,3728.4000,3728.0000,3727.8000,3730.6000,3730.8000,3731.4000,3731.8000,3732.0000,2,1,1,5,1,6,1,1,1,5
SF,IF2005,2020-04-13 11:22:24.100,3729.6000,10946,0,4580816760.000,0,-,-,-,-,3730.2000,3729.6000,3729.4000,3728.4000,3728.0000,3730.4000,3730.6000,3730.8000,3731.4000,3731.8000,1,2,1,1,5,1,6,1,1,1
SF,IF2005,2020-04-13 11:22:24.600,3730.2000,10945,-1,4581935820.000,1,0,1,双平,B,3729.6000,3729.4000,3728.4000,3728.0000,3727.8000,3730.4000,3730.6000,3730.8000,3731.4000,3731.8000,2,1,1,5,1,2,6,1,1,1
SF,IF2005,2020-04-13 11:22:25.100,3730.2000,10945,0,4581935820.000,0,-,-,-,-,3729.6000,3729.4000,3728.4000,3728.0000,3727.8000,3730.4000,3730.6000,3730.8000,3731.4000,3731.8000,2,1,1,5,1,1,6,1,1,1
SF,IF2005,2020-04-13 11:22:25.600,3729.4000,10944,-1,4585292400.000,3,1,2,空平,B,3728.4000,3728.0000,3727.8000,3727.4000,3727.0000,3730.2000,3730.4000,3730.6000,3730.8000,3731.4000,1,5,1,2,2,9,1,6,1,1
SF,IF2005,2020-04-13 11:22:26.100,3729.4000,10944,0,4585292400.000,0,-,-,-,-,3728.8000,3728.6000,3728.0000,3727.8000,3727.4000,3730.0000,3730.2000,3730.6000,3730.8000,3731.4000,1,1,5,1,2,1,4,6,1,3
SF,IF2005,2020-04-13 11:22:26.600,3729.4000,10944,0,4585292400.000,0,-,-,-,-,3728.8000,3728.6000,3728.0000,3727.4000,3727.0000,3730.0000,3730.2000,3730.6000,3730.8000,3731.4000,2,1,1,2,2,2,4,6,1,3
SF,IF2005,2020-04-13 11:22:27.100,3729.4000,10944,0,4585292400.000,0,-,-,-,-,3729.0000,3728.8000,3728.0000,3727.4000,3727.0000,3730.0000,3730.2000,3730.6000,3730.8000,3731.4000,1,2,1,2,2,2,4,6,1,3
SF,IF2005,2020-04-13 11:22:27.600,3729.4000,10944,0,4585292400.000,0,-,-,-,-,3728.8000,3728.0000,3727.4000,3727.0000,3726.2000,3729.8000,3730.0000,3730.2000,3730.6000,3730.8000,1,1,2,2,1,1,2,3,6,1
SF,IF2005,2020-04-13 11:22:28.100,3729.4000,10944,0,4585292400.000,0,-,-,-,-,3728.8000,3728.0000,3727.4000,3727.0000,3726.2000,3729.8000,3730.0000,3730.2000,3730.6000,3730.8000,1,1,2,2,1,1,1,3,6,1
SF,IF2005,2020-04-13 11:22:28.600,3729.4000,10944,0,4585292400.000,0,-,-,-,-,3728.8000,3728.0000,3727.4000,3727.0000,3726.2000,3729.8000,3730.0000,3730.2000,3730.6000,3730.8000,1,1,2,2,1,1,1,3,6,1
SF,IF2005,2020-04-13 11:22:29.100,3729.4000,10944,0,4585292400.000,0,-,-,-,-,3728.8000,3728.0000,3727.4000,3727.0000,3726.2000,3729.8000,3730.0000,3730.2000,3730.6000,3730.8000,1,1,2,2,1,1,1,3,6,1
SF,IF2005,2020-04-13 11:22:29.600,3729.4000,10944,0,4585292400.000,0,-,-,-,-,3728.8000,3728.0000,3727.4000,3727.0000,3726.2000,3729.8000,3730.0000,3730.2000,3730.6000,3730.8000,1,1,2,2,1,1,1,3,6,1
SF,IF2005,2020-04-13 11:22:30.100,3729.4000,10944,0,4585292400.000,0,-,-,-,-,3728.8000,3728.0000,3727.4000,3727.0000,3726.2000,3729.8000,3730.0000,3730.2000,3730.6000,3730.8000,1,1,2,2,1,1,1,3,6,1
SF,IF2005,2020-04-13 11:22:30.600,3729.4000,10944,0,4585292400.000,0,-,-,-,-,3729.0000,3728.8000,3728.0000,3727.4000,3727.0000,3729.8000,3730.0000,3730.2000,3730.6000,3730.8000,1,2,1,2,2,1,1,3,6,1
SF,IF2005,2020-04-13 11:22:31.100,3729.4000,10944,0,4585292400.000,0,-,-,-,-,3729.0000,3728.8000,3728.0000,3727.4000,3727.0000,3729.8000,3730.0000,3730.2000,3730.6000,3730.8000,1,2,1,2,2,1,1,3,6,1
SF,IF2005,2020-04-13 11:22:31.600,3729.4000,10944,0,4585292400.000,0,-,-,-,-,3729.0000,3728.8000,3728.0000,3727.4000,3727.0000,3730.0000,3730.2000,3730.6000,3730.8000,3731.4000,1,2,1,2,2,1,3,6,1,3
SF,IF2005,2020-04-13 11:22:32.100,3729.4000,10944,0,4585292400.000,0,-,-,-,-,3729.2000,3729.0000,3728.8000,3728.0000,3727.4000,3730.0000,3730.2000,3730.6000,3730.8000,3731.4000,1,1,2,1,2,1,3,6,1,3
SF,IF2005,2020-04-13 11:22:32.600,3729.2000,10945,1,4587529920.000,2,1,1,多开,B,3729.0000,3728.8000,3728.0000,3727.4000,3727.0000,3730.2000,3730.6000,3730.8000,3731.4000,3731.8000,1,2,1,2,2,3,6,1,3,1
SF,IF2005,2020-04-13 11:22:33.100,3729.2000,10945,0,4587529920.000,0,-,-,-,-,3729.0000,3728.8000,3728.0000,3727.4000,3727.0000,3730.0000,3730.2000,3730.6000,3730.8000,3731.4000,1,2,1,2,2,1,7,3,1,3
SF,IF2005,2020-04-13 11:22:33.600,3729.2000,10945,0,4587529920.000,0,-,-,-,-,3729.0000,3728.8000,3728.0000,3727.4000,3727.0000,3730.0000,3730.2000,3730.6000,3730.8000,3731.4000,1,2,1,2,2,1,7,3,1,3
SF,IF2005,2020-04-13 11:22:34.100,3729.2000,10945,0,4587529920.000,0,-,-,-,-,3729.4000,3729.0000,3728.8000,3728.0000,3727.4000,3730.0000,3730.2000,3730.6000,3730.8000,3731.4000,1,1,2,1,2,1,7,3,1,3
SF,IF2005,2020-04-13 11:22:34.600,3729.2000,10945,0,4587529920.000,0,-,-,-,-,3729.4000,3729.0000,3728.8000,3728.0000,3727.4000,3730.0000,3730.2000,3730.6000,3730.8000,3731.4000,1,1,2,1,2,1,6,3,1,3
SF,IF2005,2020-04-13 11:22:35.100,3729.2000,10945,0,4587529920.000,0,-,-,-,-,3729.4000,3729.0000,3728.8000,3728.0000,3727.4000,3730.0000,3730.2000,3730.6000,3730.8000,3731.4000,1,1,2,1,2,2,6,3,1,3
SF,IF2005,2020-04-13 11:22:36.100,3729.2000,10945,0,4587529920.000,0,-,-,-,-,3729.4000,3729.0000,3728.8000,3728.0000,3727.4000,3730.0000,3730.2000,3730.6000,3730.8000,3731.4000,1,1,2,1,2,2,6,3,1,3
SF,IF2005,2020-04-13 11:22:36.600,3729.2000,10945,0,4587529920.000,0,-,-,-,-,3729.0000,3728.8000,3728.0000,3727.4000,3727.0000,3730.0000,3730.2000,3730.6000,3730.8000,3731.4000,1,2,1,2,2,1,6,3,1,3
SF,IF2005,2020-04-13 11:22:37.100,3729.2000,10945,0,4587529920.000,0,-,-,-,-,3729.0000,3728.8000,3728.0000,3727.4000,3727.0000,3730.0000,3730.2000,3730.6000,3730.8000,3731.4000,1,2,1,2,2,1,2,3,1,3
SF,IF2005,2020-04-13 11:22:37.600,3729.2000,10945,0,4587529920.000,0,-,-,-,-,3729.4000,3729.0000,3728.8000,3728.0000,3727.4000,3730.0000,3730.2000,3730.6000,3730.8000,3731.4000,1,1,2,1,2,1,2,3,1,3
SF,IF2005,2020-04-13 11:22:38.100,3729.2000,10945,0,4587529920.000,0,-,-,-,-,3729.0000,3728.8000,3728.0000,3727.4000,3727.0000,3730.0000,3730.2000,3730.6000,3730.8000,3731.4000,1,2,1,2,2,1,2,3,1,3
SF,IF2005,2020-04-13 11:22:38.600,3729.2000,10945,0,4587529920.000,0,-,-,-,-,3729.0000,3728.8000,3728.0000,3727.4000,3727.0000,3730.0000,3730.2000,3730.6000,3730.8000,3731.4000,1,2,1,2,2,2,2,3,1,3
SF,IF2005,2020-04-13 11:22:39.100,3729.2000,10945,0,4587529920.000,0,-,-,-,-,3729.0000,3728.8000,3728.0000,3727.4000,3727.0000,3730.0000,3730.2000,3730.6000,3730.8000,3731.4000,1,2,1,2,2,2,2,3,1,3
SF,IF2005,2020-04-13 11:22:39.600,3729.2000,10945,0,4587529920.000,0,-,-,-,-,3729.0000,3728.8000,3728.0000,3727.4000,3727.0000,3730.0000,3730.2000,3730.6000,3730.8000,3731.4000,1,2,1,2,2,2,2,3,1,3
SF,IF2005,2020-04-13 11:22:40.100,3729.2000,10945,0,4587529920.000,0,-,-,-,-,3729.0000,3728.8000,3728.0000,3727.4000,3727.0000,3730.0000,3730.2000,3730.6000,3730.8000,3731.4000,1,2,1,2,2,1,2,3,1,3
SF,IF2005,2020-04-13 11:22:40.600,3729.2000,10945,0,4587529920.000,0,-,-,-,-,3729.0000,3728.8000,3728.0000,3727.4000,3727.0000,3730.0000,3730.2000,3730.6000,3730.8000,3731.4000,1,2,1,2,2,2,2,3,1,3
SF,IF2005,2020-04-13 11:22:41.100,3729.2000,10945,0,4587529920.000,0,-,-,-,-,3729.0000,3728.8000,3728.0000,3727.4000,3727.0000,3730.0000,3730.2000,3730.6000,3730.8000,3731.4000,1,2,1,2,2,1,2,3,1,3
SF,IF2005,2020-04-13 11:22:41.600,3729.2000,10945,0,4587529920.000,0,-,-,-,-,3729.0000,3728.8000,3728.0000,3727.4000,3727.0000,3730.0000,3730.2000,3730.6000,3730.8000,3731.4000,1,2,1,2,2,1,2,3,1,3
SF,IF2005,2020-04-13 11:22:42.100,3729.2000,10945,0,4587529920.000,0,-,-,-,-,3729.0000,3728.8000,3728.0000,3727.4000,3727.0000,3730.0000,3730.2000,3730.6000,3730.8000,3731.4000,1,2,1,2,2,1,2,3,1,3
SF,IF2005,2020-04-13 11:22:42.600,3729.2000,10945,0,4587529920.000,0,-,-,-,-,3729.0000,3728.8000,3728.0000,3727.4000,3727.0000,3730.0000,3730.2000,3730.6000,3730.8000,3731.4000,1,2,1,2,2,1,2,3,1,3
SF,IF2005,2020-04-13 11:22:43.100,3729.2000,10945,0,4587529920.000,0,-,-,-,-,3729.0000,3728.8000,3728.0000,3727.4000,3727.0000,3730.0000,3730.2000,3730.6000,3730.8000,3731.4000,1,2,1,2,2,1,2,3,1,3
SF,IF2005,2020-04-13 11:22:43.600,3729.2000,10945,0,4587529920.000,0,-,-,-,-,3729.4000,3729.0000,3728.8000,3728.0000,3727.4000,3729.8000,3730.0000,3730.2000,3730.6000,3730.8000,1,1,2,1,2,3,1,2,3,1
SF,IF2005,2020-04-13 11:22:44.100,3730.0000,10945,0,4588648920.000,1,0,1,空换,B,3729.4000,3729.0000,3728.8000,3728.0000,3727.4000,3730.2000,3730.6000,3730.8000,3731.4000,3731.8000,1,1,2,1,2,2,3,1,3,1
SF,IF2005,2020-04-13 11:22:44.600,3730.0000,10945,0,4588648920.000,0,-,-,-,-,3729.0000,3728.8000,3728.0000,3727.4000,3727.0000,3730.2000,3730.6000,3730.8000,3731.4000,3731.8000,1,2,1,2,2,2,3,1,3,1
SF,IF2005,2020-04-13 11:22:45.100,3730.0000,10945,0,4588648920.000,0,-,-,-,-,3729.2000,3729.0000,3728.8000,3728.0000,3727.4000,3730.2000,3730.6000,3730.8000,3731.4000,3731.8000,1,1,1,1,2,1,3,1,1,1
SF,IF2005,2020-04-13 11:22:45.600,3730.0000,10945,0,4588648920.000,0,-,-,-,-,3729.4000,3729.2000,3729.0000,3728.8000,3728.0000,3730.2000,3730.6000,3730.8000,3731.4000,3731.8000,1,1,1,1,1,1,3,1,1,1
SF,IF2005,2020-04-13 11:22:46.100,3730.0000,10945,0,4588648920.000,0,-,-,-,-,3729.2000,3729.0000,3728.8000,3728.0000,3727.4000,3730.2000,3730.6000,3730.8000,3731.4000,3731.8000,1,1,1,1,2,1,3,1,1,1
SF,IF2005,2020-04-13 11:22:46.600,3730.0000,10945,0,4588648920.000,0,-,-,-,-,3729.2000,3729.0000,3728.8000,3728.0000,3727.4000,3730.0000,3730.2000,3730.6000,3730.8000,3731.4000,1,1,1,1,2,1,2,3,1,1
SF,IF2005,2020-04-13 11:22:47.100,3730.0000,10945,0,4588648920.000,0,-,-,-,-,3729.2000,3729.0000,3728.8000,3728.0000,3727.4000,3730.0000,3730.2000,3730.6000,3730.8000,3731.4000,1,1,1,1,2,1,1,3,1,1
SF,IF2005,2020-04-13 11:22:47.600,3730.0000,10945,0,4588648920.000,0,-,-,-,-,3729.2000,3729.0000,3728.8000,3728.0000,3727.4000,3730.0000,3730.2000,3730.6000,3730.8000,3731.4000,1,1,1,1,2,1,1,3,1,1
SF,IF2005,2020-04-13 11:22:48.100,3730.0000,10945,0,4588648920.000,0,-,-,-,-,3729.2000,3729.0000,3728.8000,3728.0000,3727.4000,3730.0000,3730.2000,3730.6000,3730.8000,3731.4000,1,1,1,1,2,1,1,3,1,1
SF,IF2005,2020-04-13 11:22:48.600,3730.0000,10945,0,4588648920.000,0,-,-,-,-,3729.2000,3729.0000,3728.8000,3728.0000,3727.4000,3730.0000,3730.2000,3730.6000,3730.8000,3731.4000,1,1,1,1,2,1,1,3,1,1
SF,IF2005,2020-04-13 11:22:49.100,3730.0000,10945,0,4588648920.000,0,-,-,-,-,3729.2000,3729.0000,3728.8000,3728.0000,3727.4000,3730.0000,3730.2000,3730.6000,3730.8000,3731.4000,1,1,1,1,2,1,1,3,1,1
SF,IF2005,2020-04-13 11:22:49.600,3730.0000,10945,0,4588648920.000,0,-,-,-,-,3729.0000,3728.8000,3728.0000,3727.4000,3727.0000,3730.0000,3730.2000,3730.6000,3730.8000,3731.4000,1,1,1,2,2,1,1,3,1,1
SF,IF2005,2020-04-13 11:22:50.100,3730.0000,10946,1,4589767920.000,1,1,0,双开,B,3729.6000,3729.2000,3729.0000,3728.8000,3728.0000,3730.0000,3730.2000,3730.6000,3730.8000,3731.4000,1,1,1,1,1,1,1,3,1,1
SF,IF2005,2020-04-13 11:22:50.600,3730.0000,10946,0,4589767920.000,0,-,-,-,-,3729.2000,3729.0000,3728.8000,3728.0000,3727.4000,3730.2000,3730.6000,3730.8000,3731.4000,3731.8000,1,1,1,1,2,1,3,1,1,1
SF,IF2005,2020-04-13 11:22:51.100,3730.0000,10946,0,4589767920.000,0,-,-,-,-,3729.2000,3729.0000,3728.8000,3728.0000,3727.4000,3730.2000,3730.6000,3730.8000,3731.4000,3731.8000,1,1,1,1,2,1,3,1,1,1
SF,IF2005,2020-04-13 11:22:52.100,3730.0000,10946,0,4589767920.000,0,-,-,-,-,3729.6000,3729.2000,3729.0000,3728.8000,3728.0000,3730.2000,3730.6000,3730.8000,3731.4000,3731.8000,1,1,1,1,1,1,3,1,1,1
SF,IF2005,2020-04-13 11:22:52.600,3730.0000,10946,0,4589767920.000,0,-,-,-,-,3729.6000,3729.2000,3729.0000,3728.8000,3728.0000,3730.6000,3730.8000,3731.4000,3731.8000,3732.0000,1,1,1,1,1,3,1,1,1,5
SF,IF2005,2020-04-13 11:22:53.100,3730.0000,10946,0,4589767920.000,0,-,-,-,-,3729.6000,3729.2000,3729.0000,3728.8000,3728.0000,3730.6000,3730.8000,3731.4000,3731.8000,3732.0000,1,1,1,1,1,3,1,1,1,5
SF,IF2005,2020-04-13 11:22:53.600,3730.0000,10946,0,4589767920.000,0,-,-,-,-,3729.6000,3729.2000,3729.0000,3728.8000,3728.0000,3730.4000,3730.6000,3730.8000,3731.4000,3731.8000,1,1,1,1,1,1,3,1,1,1
SF,IF2005,2020-04-13 11:22:54.100,3730.0000,10946,0,4589767920.000,0,-,-,-,-,3729.6000,3729.2000,3729.0000,3728.8000,3728.0000,3730.4000,3730.6000,3730.8000,3731.4000,3731.8000,1,1,1,1,1,1,3,1,1,1
SF,IF2005,2020-04-13 11:22:54.600,3730.0000,10946,0,4589767920.000,0,-,-,-,-,3729.6000,3729.2000,3729.0000,3728.8000,3728.0000,3730.4000,3730.6000,3730.8000,3731.4000,3731.8000,1,1,1,1,1,1,3,1,1,1
SF,IF2005,2020-04-13 11:22:55.100,3730.0000,10946,0,4589767920.000,0,-,-,-,-,3729.2000,3729.0000,3728.8000,3728.0000,3727.4000,3730.2000,3730.4000,3730.6000,3730.8000,3731.4000,1,1,1,1,2,1,1,3,1,1
SF,IF2005,2020-04-13 11:22:55.600,3730.0000,10946,0,4589767920.000,0,-,-,-,-,3729.2000,3729.0000,3728.8000,3728.0000,3727.4000,3730.2000,3730.4000,3730.6000,3730.8000,3731.4000,1,1,1,1,2,1,1,3,1,1
SF,IF2005,2020-04-13 11:22:56.100,3730.0000,10946,0,4589767920.000,0,-,-,-,-,3729.2000,3729.0000,3728.8000,3728.0000,3727.4000,3730.0000,3730.2000,3730.4000,3730.6000,3730.8000,1,1,1,1,2,5,1,1,3,1
SF,IF2005,2020-04-13 11:22:56.600,3730.0000,10946,0,4589767920.000,0,-,-,-,-,3729.2000,3729.0000,3728.8000,3728.0000,3727.4000,3730.0000,3730.2000,3730.8000,3731.4000,3731.8000,1,1,1,1,2,6,1,1,1,1
SF,IF2005,2020-04-13 11:22:57.100,3730.0000,10946,0,4589767920.000,0,-,-,-,-,3729.2000,3729.0000,3728.8000,3728.0000,3727.4000,3730.0000,3730.2000,3730.8000,3731.4000,3731.8000,1,1,1,1,2,5,1,1,1,1
SF,IF2005,2020-04-13 11:22:57.600,3730.0000,10946,0,4589767920.000,0,-,-,-,-,3729.2000,3729.0000,3728.8000,3728.0000,3727.4000,3730.0000,3730.2000,3730.8000,3731.4000,3731.8000,1,1,1,1,2,11,1,1,1,1
SF,IF2005,2020-04-13 11:22:58.100,3730.0000,10946,0,4589767920.000,0,-,-,-,-,3729.2000,3729.0000,3728.8000,3728.0000,3727.4000,3730.0000,3730.2000,3730.8000,3731.4000,3731.8000,1,1,1,1,2,11,1,1,1,1
SF,IF2005,2020-04-13 11:22:58.600,3730.0000,10946,0,4589767920.000,0,-,-,-,-,3729.2000,3729.0000,3728.8000,3728.0000,3727.4000,3730.0000,3730.2000,3730.8000,3731.4000,3731.8000,1,1,1,1,2,11,1,1,1,1
SF,IF2005,2020-04-13 11:22:59.100,3730.0000,10946,0,4589767920.000,0,-,-,-,-,3729.2000,3729.0000,3728.8000,3728.0000,3727.4000,3730.0000,3730.2000,3730.8000,3731.4000,3731.8000,1,1,1,1,2,11,1,1,1,1
SF,IF2005,2020-04-13 11:22:59.600,3730.0000,10946,0,4589767920.000,0,-,-,-,-,3729.2000,3729.0000,3728.8000,3728.0000,3727.4000,3730.0000,3730.2000,3730.8000,3731.4000,3731.8000,1,1,1,1,2,12,1,1,1,1
SF,IF2005,2020-04-13 11:23:00.100,3730.0000,10946,0,4589767920.000,0,-,-,-,-,3729.2000,3729.0000,3728.8000,3728.0000,3727.4000,3729.8000,3730.0000,3730.2000,3730.8000,3731.4000,1,1,1,1,2,1,12,1,1,1
SF,IF2005,2020-04-13 11:23:01.600,3729.8000,10947,1,4590886860.000,1,1,0,双开,B,3729.2000,3729.0000,3728.8000,3728.0000,3727.4000,3730.0000,3730.2000,3730.8000,3731.4000,3731.8000,1,1,1,1,2,12,1,1,1,1
SF,IF2005,2020-04-13 11:23:02.100,3729.8000,10947,0,4590886860.000,0,-,-,-,-,3729.4000,3729.2000,3728.8000,3728.0000,3727.4000,3730.0000,3730.2000,3730.8000,3731.4000,3731.8000,2,1,1,1,2,12,1,1,1,1
SF,IF2005,2020-04-13 11:23:03.100,3730.0000,10948,1,4592005860.000,1,1,0,双开,B,3729.4000,3729.2000,3728.8000,3728.0000,3727.4000,3730.0000,3730.2000,3730.8000,3731.4000,3731.8000,2,1,1,1,2,11,1,1,1,1
SF,IF2005,2020-04-13 11:23:03.600,3729.4000,10950,2,4594243500.000,2,2,0,双开,B,3729.2000,3728.8000,3728.0000,3727.4000,3727.0000,3729.4000,3730.0000,3730.2000,3730.8000,3731.4000,1,1,1,2,2,1,7,1,1,1
SF,IF2005,2020-04-13 11:23:04.100,3729.4000,10950,0,4595362320.000,1,0,1,空换,B,3729.8000,3729.4000,3729.2000,3728.8000,3728.0000,3730.0000,3730.2000,3730.8000,3731.4000,3731.8000,1,5,1,1,1,7,1,1,1,1
SF,IF2005,2020-04-13 11:23:04.600,3730.0000,10951,1,4596481320.000,1,1,0,双开,B,3729.8000,3729.4000,3729.2000,3728.8000,3728.0000,3730.0000,3730.2000,3730.8000,3731.4000,3731.8000,1,4,1,1,1,6,1,1,1,1
SF,IF2005,2020-04-13 11:23:05.100,3730.0000,10952,1,4597600320.000,1,1,0,双开,B,3729.8000,3729.4000,3729.2000,3728.8000,3728.0000,3730.0000,3730.2000,3730.8000,3731.4000,3731.8000,1,4,1,1,1,8,1,1,1,1
SF,IF2005,2020-04-13 11:23:05.600,3730.0000,10952,0,4602076320.000,4,2,2,空换,B,3729.8000,3729.4000,3729.2000,3728.8000,3728.0000,3730.0000,3730.2000,3730.8000,3731.4000,3731.8000,1,1,1,1,1,1,1,1,1,1
SF,IF2005,2020-04-13 11:23:06.100,3730.0000,10953,1,4603195320.000,1,1,0,双开,B,3730.0000,3729.8000,3729.4000,3729.2000,3728.8000,3730.2000,3730.8000,3731.4000,3731.8000,3732.0000,1,1,1,1,1,1,1,1,1,5
SF,IF2005,2020-04-13 11:23:06.600,3730.0000,10954,1,4604314320.000,1,1,0,双开,B,3729.8000,3729.4000,3729.2000,3728.8000,3728.0000,3730.2000,3730.8000,3731.4000,3731.8000,3732.0000,1,1,1,1,1,1,1,1,1,5
SF,IF2005,2020-04-13 11:23:08.100,3730.0000,10954,0,4604314320.000,0,-,-,-,-,3730.2000,3729.8000,3729.4000,3729.2000,3728.8000,3730.8000,3731.4000,3731.8000,3732.0000,3732.2000,4,1,1,1,1,1,1,1,5,2
SF,IF2005,2020-04-13 11:23:08.600,3730.0000,10954,0,4604314320.000,0,-,-,-,-,3730.2000,3729.8000,3729.4000,3729.2000,3728.8000,3730.6000,3730.8000,3731.4000,3731.8000,3732.0000,3,1,1,1,1,5,1,1,1,5
SF,IF2005,2020-04-13 11:23:09.600,3730.6000,10955,1,4605433500.000,1,1,0,双开,B,3729.8000,3729.4000,3729.2000,3728.8000,3728.0000,3730.0000,3730.6000,3730.8000,3731.4000,3731.8000,1,1,1,1,1,5,4,1,1,1
SF,IF2005,2020-04-13 11:23:10.100,3730.0000,10960,5,4611028500.000,5,5,0,双开,B,3730.0000,3729.8000,3729.4000,3729.2000,3728.8000,3730.8000,3731.4000,3731.8000,3732.0000,3732.2000,3,1,1,1,1,1,1,1,5,2
SF,IF2005,2020-04-13 11:23:10.600,3730.0000,10960,0,4611028500.000,0,-,-,-,-,3730.0000,3729.8000,3729.4000,3729.2000,3728.8000,3730.8000,3731.4000,3731.8000,3732.0000,3732.2000,3,1,1,1,1,1,1,1,5,2
SF,IF2005,2020-04-13 11:23:11.600,3730.0000,10960,0,4611028500.000,0,-,-,-,-,3729.4000,3729.2000,3728.8000,3728.0000,3727.4000,3730.8000,3731.4000,3731.8000,3732.0000,3732.2000,1,1,1,1,2,1,1,1,5,2
SF,IF2005,2020-04-13 11:23:12.100,3730.0000,10960,0,4611028500.000,0,-,-,-,-,3729.6000,3729.4000,3728.8000,3728.0000,3727.4000,3730.8000,3731.4000,3731.8000,3732.0000,3732.2000,2,1,1,1,2,1,1,1,5,2
SF,IF2005,2020-04-13 11:23:12.600,3730.0000,10960,0,4611028500.000,0,-,-,-,-,3729.6000,3729.4000,3728.8000,3728.0000,3727.4000,3730.8000,3731.4000,3731.8000,3732.0000,3732.2000,2,1,1,1,2,1,1,1,5,2
SF,IF2005,2020-04-13 11:23:14.100,3730.8000,10961,1,4612147740.000,1,1,0,双开,B,3729.6000,3729.4000,3728.8000,3728.0000,3727.4000,3731.4000,3731.8000,3732.0000,3732.2000,3732.8000,2,1,1,1,2,1,1,5,2,2
SF,IF2005,2020-04-13 11:23:14.600,3730.8000,10961,0,4612147740.000,0,-,-,-,-,3729.6000,3729.4000,3728.8000,3728.0000,3727.4000,3731.0000,3731.2000,3731.4000,3731.8000,3732.0000,2,1,1,1,2,2,4,1,1,5
SF,IF2005,2020-04-13 11:23:15.100,3731.0000,10962,1,4614386340.000,2,1,1,多开,B,3730.0000,3729.8000,3729.6000,3729.4000,3728.8000,3731.2000,3731.8000,3732.0000,3732.2000,3732.8000,2,2,1,1,1,4,1,5,2,2
SF,IF2005,2020-04-13 11:23:15.600,3731.0000,10962,0,4614386340.000,0,-,-,-,-,3730.2000,3730.0000,3729.8000,3729.4000,3728.8000,3731.2000,3731.8000,3732.0000,3732.2000,3732.8000,2,2,2,1,1,4,1,5,2,2
SF,IF2005,2020-04-13 11:23:16.600,3731.0000,10962,0,4614386340.000,0,-,-,-,-,3730.8000,3730.2000,3730.0000,3729.8000,3729.4000,3731.2000,3731.8000,3732.0000,3732.8000,3733.2000,1,2,2,2,1,1,1,5,2,1
SF,IF2005,2020-04-13 11:23:17.100,3731.0000,10962,0,4614386340.000,0,-,-,-,-,3730.8000,3730.2000,3730.0000,3729.8000,3729.4000,3731.2000,3731.8000,3732.0000,3732.8000,3733.2000,1,2,2,2,1,1,1,5,2,3
SF,IF2005,2020-04-13 11:23:17.600,3731.2000,10962,0,4615505700.000,1,0,1,空换,B,3730.8000,3730.2000,3729.8000,3729.4000,3728.8000,3731.8000,3732.0000,3732.8000,3733.2000,3733.4000,1,2,2,1,1,1,5,2,3,2
SF,IF2005,2020-04-13 11:23:18.100,3730.8000,10963,1,4616624940.000,1,1,0,双开,B,3730.2000,3729.8000,3729.4000,3728.8000,3728.0000,3730.8000,3731.4000,3731.6000,3731.8000,3732.0000,2,2,1,1,1,1,2,6,5,5
SF,IF2005,2020-04-13 11:23:18.600,3730.8000,10964,1,4617744180.000,1,1,0,双开,B,3730.2000,3729.8000,3729.4000,3728.8000,3728.0000,3731.4000,3731.6000,3731.8000,3732.0000,3732.8000,2,2,1,1,1,2,1,5,5,2
SF,IF2005,2020-04-13 11:23:21.600,3730.8000,10964,0,4617744180.000,0,-,-,-,-,3730.2000,3729.8000,3729.4000,3728.8000,3728.0000,3731.2000,3731.4000,3731.6000,3731.8000,3732.0000,2,2,1,1,1,1,2,1,5,5
SF,IF2005,2020-04-13 11:23:22.100,3730.8000,10964,0,4617744180.000,0,-,-,-,-,3730.2000,3729.8000,3729.4000,3728.8000,3728.0000,3731.2000,3731.4000,3731.6000,3731.8000,3732.0000,2,1,1,1,1,1,2,1,5,5
SF,IF2005,2020-04-13 11:23:23.600,3730.8000,10964,0,4617744180.000,0,-,-,-,-,3730.2000,3729.8000,3729.4000,3728.8000,3728.0000,3730.6000,3731.2000,3731.4000,3731.6000,3731.8000,2,1,1,1,1,3,1,2,1,2
SF,IF2005,2020-04-13 11:23:24.100,3730.8000,10964,0,4619982660.000,2,1,1,空换,B,3730.2000,3729.4000,3728.8000,3728.0000,3727.4000,3731.2000,3731.6000,3731.8000,3732.0000,3732.8000,2,1,1,1,2,1,1,2,5,2
SF,IF2005,2020-04-13 11:23:24.600,3730.2000,10965,1,4621101720.000,1,1,0,双开,B,3729.4000,3728.8000,3728.0000,3727.4000,3727.0000,3731.0000,3731.2000,3731.8000,3732.0000,3732.8000,1,1,1,2,2,9,1,2,5,2
SF,IF2005,2020-04-13 11:23:25.100,3730.2000,10965,0,4621101720.000,0,-,-,-,-,3729.6000,3729.4000,3728.8000,3728.0000,3727.4000,3731.0000,3731.2000,3731.8000,3732.0000,3732.2000,2,1,1,1,2,4,1,2,5,2
SF,IF2005,2020-04-13 11:23:25.600,3730.2000,10965,0,4621101720.000,0,-,-,-,-,3729.6000,3729.4000,3728.8000,3728.0000,3727.4000,3731.0000,3731.2000,3731.8000,3732.0000,3732.2000,2,1,1,1,2,7,1,2,5,2
SF,IF2005,2020-04-13 11:23:26.100,3730.2000,10965,0,4621101720.000,0,-,-,-,-,3729.6000,3729.4000,3728.8000,3728.0000,3727.4000,3730.8000,3731.0000,3731.2000,3731.8000,3732.0000,2,1,1,1,2,3,4,1,2,5
SF,IF2005,2020-04-13 11:23:27.100,3730.2000,10965,0,4621101720.000,0,-,-,-,-,3729.6000,3729.4000,3728.8000,3728.0000,3727.4000,3730.4000,3731.0000,3731.2000,3731.8000,3732.0000,2,1,1,1,2,4,4,1,2,5
SF,IF2005,2020-04-13 11:23:28.100,3730.2000,10965,0,4621101720.000,0,-,-,-,-,3729.6000,3729.4000,3728.8000,3728.0000,3727.4000,3730.4000,3731.0000,3731.2000,3731.8000,3732.0000,2,1,1,1,2,4,3,1,2,5
SF,IF2005,2020-04-13 11:23:28.600,3730.2000,10965,0,4621101720.000,0,-,-,-,-,3729.6000,3729.4000,3728.8000,3728.0000,3727.4000,3730.4000,3731.0000,3731.2000,3731.8000,3732.0000,2,1,1,1,2,4,2,1,2,5
SF,IF2005,2020-04-13 11:23:30.100,3730.2000,10965,0,4621101720.000,0,-,-,-,-,3729.8000,3729.6000,3729.4000,3728.8000,3728.0000,3730.4000,3731.0000,3731.2000,3731.8000,3732.0000,1,2,1,1,1,4,2,1,2,5
SF,IF2005,2020-04-13 11:23:30.600,3730.2000,10965,0,4621101720.000,0,-,-,-,-,3729.8000,3729.6000,3729.4000,3728.8000,3728.0000,3730.4000,3731.0000,3731.2000,3731.8000,3732.0000,1,2,1,1,1,4,1,1,2,5
SF,IF2005,2020-04-13 11:23:31.100,3730.2000,10965,0,4621101720.000,0,-,-,-,-,3730.0000,3729.8000,3729.6000,3729.4000,3728.8000,3730.4000,3731.0000,3731.2000,3731.8000,3732.0000,2,1,1,1,1,4,1,1,2,5
SF,IF2005,2020-04-13 11:23:31.600,3730.2000,10965,0,4621101720.000,0,-,-,-,-,3730.0000,3729.8000,3729.6000,3729.4000,3728.8000,3731.0000,3731.2000,3731.8000,3732.0000,3732.2000,2,1,1,1,1,1,1,1,5,2
SF,IF2005,2020-04-13 11:23:32.100,3730.2000,10965,0,4621101720.000,0,-,-,-,-,3730.0000,3729.8000,3729.6000,3729.4000,3728.8000,3730.6000,3731.0000,3731.2000,3731.8000,3732.0000,2,1,1,1,1,4,1,1,1,5
SF,IF2005,2020-04-13 11:23:32.600,3730.2000,10965,0,4621101720.000,0,-,-,-,-,3730.0000,3729.8000,3729.6000,3729.4000,3728.8000,3730.6000,3731.0000,3731.2000,3731.8000,3732.0000,2,1,1,1,1,4,1,1,1,5
SF,IF2005,2020-04-13 11:23:33.100,3730.0000,10965,0,4622220720.000,1,0,1,空换,B,3729.8000,3729.6000,3729.4000,3728.8000,3728.0000,3730.0000,3730.4000,3730.6000,3731.0000,3731.2000,1,1,1,1,1,1,1,4,1,1
SF,IF2005,2020-04-13 11:23:33.600,3729.8000,10966,1,4623339660.000,1,1,0,双开,B,3729.4000,3728.8000,3728.0000,3727.4000,3727.0000,3730.0000,3730.4000,3730.6000,3731.0000,3731.2000,1,1,1,2,2,1,2,4,1,1
SF,IF2005,2020-04-13 11:23:34.100,3729.8000,10966,0,4623339660.000,0,-,-,-,-,3729.4000,3728.8000,3728.0000,3727.4000,3727.0000,3729.6000,3730.4000,3730.6000,3731.0000,3731.2000,1,1,1,2,2,1,2,4,1,1
SF,IF2005,2020-04-13 11:23:34.600,3729.8000,10966,0,4623339660.000,0,-,-,-,-,3729.4000,3728.8000,3728.0000,3727.4000,3727.0000,3729.6000,3730.6000,3731.0000,3731.2000,3731.8000,1,1,1,2,2,1,4,1,1,1
SF,IF2005,2020-04-13 11:23:35.100,3729.6000,10967,1,4624458540.000,1,1,0,双开,B,3729.4000,3728.8000,3728.0000,3727.4000,3727.0000,3730.6000,3731.0000,3731.2000,3731.8000,3732.0000,1,1,1,2,2,4,1,1,1,5
SF,IF2005,2020-04-13 11:23:35.600,3729.6000,10967,0,4624458540.000,0,-,-,-,-,3729.4000,3728.8000,3728.0000,3727.4000,3727.0000,3730.2000,3730.4000,3731.2000,3731.8000,3732.0000,1,1,1,2,2,5,7,1,1,5
SF,IF2005,2020-04-13 11:23:36.100,3729.6000,10967,0,4624458540.000,0,-,-,-,-,3729.4000,3728.8000,3728.0000,3727.4000,3727.0000,3730.2000,3730.4000,3731.2000,3731.8000,3732.0000,1,1,1,2,2,5,2,1,1,5
SF,IF2005,2020-04-13 11:23:36.600,3729.6000,10967,0,4624458540.000,0,-,-,-,-,3729.4000,3728.8000,3728.0000,3727.4000,3727.0000,3730.2000,3730.4000,3731.2000,3731.8000,3732.0000,1,1,1,2,2,5,2,1,1,5
SF,IF2005,2020-04-13 11:23:37.100,3730.2000,10968,1,4625577600.000,1,1,0,双开,B,3729.6000,3729.4000,3728.8000,3728.0000,3727.4000,3730.4000,3731.2000,3731.8000,3732.0000,3732.2000,1,1,1,1,2,1,1,1,5,2
SF,IF2005,2020-04-13 11:23:37.600,3730.2000,10968,0,4625577600.000,0,-,-,-,-,3729.8000,3729.6000,3729.4000,3728.8000,3728.0000,3730.4000,3731.2000,3731.8000,3732.0000,3732.2000,1,3,1,1,1,3,1,1,5,2
SF,IF2005,2020-04-13 11:23:40.100,3730.2000,10968,0,4625577600.000,0,-,-,-,-,3729.8000,3729.6000,3729.4000,3728.8000,3728.0000,3731.2000,3731.8000,3732.0000,3732.2000,3732.8000,1,3,1,1,1,1,1,5,2,2
SF,IF2005,2020-04-13 11:23:40.600,3730.2000,10968,0,4625577600.000,0,-,-,-,-,3729.8000,3729.6000,3729.4000,3728.8000,3728.0000,3730.8000,3731.2000,3731.8000,3732.0000,3732.2000,1,3,1,1,1,1,1,1,5,2
SF,IF2005,2020-04-13 11:23:41.100,3730.2000,10968,0,4625577600.000,0,-,-,-,-,3730.0000,3729.8000,3729.6000,3729.4000,3728.8000,3730.8000,3731.2000,3731.8000,3732.0000,3732.2000,1,1,3,1,1,1,1,1,5,2
SF,IF2005,2020-04-13 11:23:41.600,3730.2000,10968,0,4625577600.000,0,-,-,-,-,3730.0000,3729.6000,3729.4000,3728.8000,3728.0000,3730.6000,3730.8000,3731.2000,3731.8000,3732.0000,1,3,1,1,1,1,3,1,1,5
SF,IF2005,2020-04-13 11:23:42.100,3730.0000,10969,1,4626696600.000,1,1,0,双开,B,3729.6000,3729.4000,3728.8000,3728.0000,3727.4000,3730.6000,3730.8000,3731.2000,3731.8000,3732.0000,3,1,1,1,2,1,3,1,1,5
SF,IF2005,2020-04-13 11:23:42.600,3730.0000,10969,0,4626696600.000,0,-,-,-,-,3729.6000,3729.4000,3728.8000,3728.0000,3727.4000,3730.6000,3730.8000,3731.2000,3731.8000,3732.0000,3,1,1,1,2,4,1,1,1,5
SF,IF2005,2020-04-13 11:23:43.600,3730.0000,10969,0,4626696600.000,0,-,-,-,-,3729.6000,3729.4000,3728.8000,3728.0000,3727.4000,3730.6000,3730.8000,3731.2000,3731.8000,3732.0000,3,1,1,1,2,1,1,1,1,5
SF,IF2005,2020-04-13 11:23:44.100,3730.0000,10969,0,4626696600.000,0,-,-,-,-,3729.6000,3729.4000,3728.8000,3728.0000,3727.4000,3730.6000,3730.8000,3731.2000,3731.8000,3732.0000,3,1,1,1,2,5,1,1,1,5
SF,IF2005,2020-04-13 11:23:45.100,3730.0000,10969,0,4626696600.000,0,-,-,-,-,3729.6000,3729.4000,3728.8000,3728.0000,3727.4000,3730.6000,3730.8000,3731.2000,3731.8000,3732.0000,3,1,1,1,2,5,1,1,1,5
SF,IF2005,2020-04-13 11:23:45.600,3730.0000,10969,0,4626696600.000,0,-,-,-,-,3729.8000,3729.6000,3729.4000,3728.8000,3728.0000,3730.6000,3730.8000,3731.2000,3731.8000,3732.0000,1,3,1,1,1,5,1,1,1,5
SF,IF2005,2020-04-13 11:23:46.600,3730.0000,10969,0,4626696600.000,0,-,-,-,-,3729.8000,3729.6000,3729.4000,3728.8000,3728.0000,3730.6000,3730.8000,3731.2000,3731.8000,3732.0000,1,3,1,1,1,1,1,1,1,5
SF,IF2005,2020-04-13 11:23:48.100,3730.0000,10969,0,4626696600.000,0,-,-,-,-,3730.0000,3729.8000,3729.6000,3729.4000,3728.8000,3730.6000,3730.8000,3731.2000,3731.8000,3732.0000,1,1,3,1,1,1,1,1,1,5
SF,IF2005,2020-04-13 11:23:49.100,3730.0000,10969,0,4626696600.000,0,-,-,-,-,3730.0000,3729.8000,3729.6000,3729.4000,3728.8000,3730.2000,3730.6000,3730.8000,3731.2000,3731.8000,1,1,3,1,1,4,1,1,1,1
SF,IF2005,2020-04-13 11:23:49.600,3730.2000,10969,0,4631172840.000,4,2,2,空换,B,3730.0000,3729.8000,3729.6000,3729.4000,3728.8000,3730.2000,3730.6000,3730.8000,3731.2000,3731.8000,1,1,3,1,1,4,1,1,1,1
SF,IF2005,2020-04-13 11:23:50.100,3730.2000,10969,0,4631172840.000,0,-,-,-,-,3730.0000,3729.6000,3729.4000,3728.8000,3728.0000,3730.6000,3730.8000,3731.2000,3731.8000,3732.0000,1,3,1,1,1,1,1,1,1,5
SF,IF2005,2020-04-13 11:23:51.600,3730.2000,10969,0,4631172840.000,0,-,-,-,-,3730.0000,3729.6000,3729.4000,3728.8000,3728.0000,3730.6000,3730.8000,3731.2000,3731.8000,3732.0000,1,3,1,1,1,4,1,1,1,5
SF,IF2005,2020-04-13 11:23:52.100,3730.0000,10970,1,4632291840.000,1,1,0,双开,B,3729.6000,3729.4000,3728.8000,3728.0000,3727.4000,3730.6000,3730.8000,3731.2000,3731.8000,3732.0000,3,1,1,1,2,4,1,1,1,5
SF,IF2005,2020-04-13 11:23:56.100,3730.0000,10970,0,4632291840.000,0,-,-,-,-,3730.0000,3729.6000,3729.4000,3728.8000,3728.0000,3730.6000,3730.8000,3731.2000,3731.8000,3732.0000,1,3,1,1,1,4,1,1,1,5
SF,IF2005,2020-04-13 11:23:59.600,3730.0000,10970,0,4632291840.000,0,-,-,-,-,3730.0000,3729.6000,3729.4000,3728.8000,3728.0000,3730.2000,3730.6000,3730.8000,3731.2000,3731.8000,1,3,1,1,1,3,1,1,1,1
SF,IF2005,2020-04-13 11:24:00.100,3730.0000,10970,0,4632291840.000,0,-,-,-,-,3730.0000,3729.6000,3729.4000,3728.8000,3728.0000,3730.2000,3730.8000,3731.2000,3731.8000,3732.0000,1,3,1,1,1,3,1,1,1,5
SF,IF2005,2020-04-13 11:24:01.100,3730.2000,10973,3,4640125260.000,7,5,2,多开,B,3730.0000,3729.6000,3729.4000,3728.8000,3728.0000,3730.2000,3730.8000,3731.2000,3731.8000,3732.0000,1,1,1,1,1,2,1,1,1,5
SF,IF2005,2020-04-13 11:24:01.600,3730.0000,10974,1,4641244260.000,1,1,0,双开,B,3729.6000,3729.4000,3728.8000,3728.0000,3727.4000,3730.2000,3730.8000,3731.2000,3731.8000,3732.0000,1,1,1,1,2,3,1,1,1,5
SF,IF2005,2020-04-13 11:24:02.100,3730.0000,10974,0,4641244260.000,0,-,-,-,-,3729.4000,3728.8000,3728.0000,3727.4000,3727.0000,3730.0000,3730.2000,3731.2000,3731.8000,3732.0000,1,1,1,2,2,1,3,1,1,5
SF,IF2005,2020-04-13 11:24:02.600,3730.0000,10974,0,4642363260.000,1,0,1,空换,B,3730.0000,3729.4000,3728.8000,3728.0000,3727.4000,3730.2000,3731.2000,3731.8000,3732.0000,3732.8000,1,1,1,1,2,3,1,1,5,4
SF,IF2005,2020-04-13 11:24:03.100,3730.0000,10974,0,4643482260.000,1,0,1,空换,B,3729.4000,3728.8000,3728.0000,3727.4000,3727.0000,3729.8000,3730.2000,3731.2000,3731.8000,3732.0000,1,1,1,2,2,1,3,1,1,5
SF,IF2005,2020-04-13 11:24:03.600,3730.0000,10974,0,4643482260.000,0,-,-,-,-,3729.4000,3728.8000,3728.0000,3727.4000,3727.0000,3730.2000,3731.2000,3731.8000,3732.0000,3732.8000,1,1,1,2,2,3,1,1,5,4
SF,IF2005,2020-04-13 11:24:06.100,3730.2000,10975,1,4644601320.000,1,1,0,双开,B,3729.4000,3728.8000,3728.0000,3727.4000,3727.0000,3730.2000,3731.2000,3731.8000,3732.0000,3732.8000,1,1,1,2,2,2,1,1,5,4
SF,IF2005,2020-04-13 11:24:06.600,3730.2000,10975,0,4644601320.000,0,-,-,-,-,3729.4000,3728.8000,3728.0000,3727.4000,3727.0000,3730.2000,3731.2000,3731.8000,3732.0000,3732.8000,1,1,1,2,2,5,1,1,5,4
SF,IF2005,2020-04-13 11:24:10.100,3730.2000,10975,0,4644601320.000,0,-,-,-,-,3729.4000,3728.8000,3728.0000,3727.4000,3727.0000,3731.2000,3731.8000,3732.0000,3732.8000,3733.2000,1,1,1,2,2,1,1,5,4,1
SF,IF2005,2020-04-13 11:24:10.600,3730.2000,10975,0,4644601320.000,0,-,-,-,-,3729.6000,3729.4000,3728.8000,3728.0000,3727.4000,3731.0000,3731.2000,3731.8000,3732.0000,3732.8000,3,1,1,1,2,4,1,1,5,4
SF,IF2005,2020-04-13 11:24:11.100,3730.2000,10975,0,4644601320.000,0,-,-,-,-,3729.6000,3729.4000,3728.8000,3728.0000,3727.4000,3730.8000,3731.0000,3731.2000,3731.8000,3732.0000,3,1,1,1,2,6,4,1,1,5
SF,IF2005,2020-04-13 11:24:11.600,3730.2000,10975,0,4644601320.000,0,-,-,-,-,3729.6000,3729.4000,3728.8000,3728.0000,3727.4000,3730.6000,3731.0000,3731.2000,3731.8000,3732.0000,4,1,1,1,2,2,2,1,1,5
SF,IF2005,2020-04-13 11:24:15.100,3730.6000,10976,1,4645720500.000,1,1,0,双开,B,3729.6000,3729.4000,3728.8000,3728.0000,3727.4000,3730.6000,3731.0000,3731.2000,3731.8000,3732.0000,4,1,1,1,2,1,2,1,1,5
SF,IF2005,2020-04-13 11:24:16.100,3730.6000,10976,0,4645720500.000,0,-,-,-,-,3729.6000,3729.4000,3728.8000,3728.0000,3727.4000,3730.6000,3731.0000,3731.2000,3731.8000,3732.0000,4,1,1,1,2,1,1,1,1,5
SF,IF2005,2020-04-13 11:24:16.600,3730.6000,10976,0,4645720500.000,0,-,-,-,-,3729.6000,3729.4000,3728.8000,3728.0000,3727.4000,3730.6000,3731.2000,3731.8000,3732.0000,3732.8000,3,1,1,1,2,1,1,1,5,4
SF,IF2005,2020-04-13 11:24:19.100,3730.6000,10976,0,4645720500.000,0,-,-,-,-,3729.8000,3729.6000,3729.4000,3728.8000,3728.0000,3730.6000,3731.2000,3731.8000,3732.0000,3732.8000,1,3,1,1,1,1,1,1,5,4
SF,IF2005,2020-04-13 11:24:19.600,3730.6000,10976,0,4645720500.000,0,-,-,-,-,3730.0000,3729.8000,3729.6000,3729.4000,3728.8000,3731.2000,3731.8000,3732.0000,3732.8000,3733.2000,1,1,3,1,1,1,1,5,4,1
SF,IF2005,2020-04-13 11:24:20.100,3730.6000,10976,0,4645720500.000,0,-,-,-,-,3730.0000,3729.8000,3729.6000,3729.4000,3728.8000,3730.8000,3731.0000,3731.2000,3731.8000,3732.0000,1,1,3,1,1,5,1,1,1,5
SF,IF2005,2020-04-13 11:24:20.600,3730.6000,10976,0,4645720500.000,0,-,-,-,-,3730.0000,3729.8000,3729.6000,3729.4000,3728.8000,3730.8000,3731.0000,3731.2000,3731.8000,3732.0000,1,1,2,1,1,5,1,1,1,5
SF,IF2005,2020-04-13 11:24:24.100,3730.6000,10976,0,4645720500.000,0,-,-,-,-,3730.6000,3730.0000,3729.8000,3729.6000,3729.4000,3730.8000,3731.0000,3731.2000,3731.8000,3732.0000,2,1,1,2,1,5,1,1,1,5
SF,IF2005,2020-04-13 11:24:24.600,3730.6000,10978,2,4647958860.000,2,2,0,双开,B,3730.0000,3729.8000,3729.6000,3729.4000,3728.8000,3730.6000,3730.8000,3731.0000,3731.2000,3731.8000,1,1,2,1,1,1,5,1,1,1
SF,IF2005,2020-04-13 11:24:25.100,3730.8000,10981,3,4654674240.000,6,4,2,多开,B,3730.8000,3730.6000,3730.2000,3730.0000,3729.6000,3731.2000,3731.8000,3732.0000,3732.8000,3733.2000,2,1,1,1,1,1,1,5,4,1
SF,IF2005,2020-04-13 11:24:25.600,3730.8000,10980,-1,4656912720.000,2,0,2,空平,B,3730.6000,3730.2000,3730.0000,3729.6000,3729.4000,3731.8000,3732.0000,3732.8000,3733.2000,3733.4000,1,1,1,1,1,1,5,4,1,2
SF,IF2005,2020-04-13 11:24:26.100,3730.6000,10980,0,4658031900.000,1,0,1,空换,B,3730.2000,3729.6000,3729.4000,3728.8000,3728.0000,3730.6000,3731.2000,3731.4000,3731.6000,3731.8000,1,1,1,1,1,1,6,3,7,9
SF,IF2005,2020-04-13 11:24:26.600,3730.6000,10980,0,4658031900.000,0,-,-,-,-,3730.2000,3729.6000,3729.4000,3728.8000,3728.0000,3731.2000,3731.6000,3731.8000,3732.0000,3732.8000,1,1,1,1,1,1,5,9,5,4
SF,IF2005,2020-04-13 11:24:27.100,3730.6000,10980,0,4658031900.000,0,-,-,-,-,3729.6000,3729.4000,3728.8000,3728.0000,3727.4000,3731.0000,3731.6000,3731.8000,3732.0000,3732.8000,1,1,1,1,2,3,4,9,5,4
SF,IF2005,2020-04-13 11:24:27.600,3730.6000,10980,0,4658031900.000,0,-,-,-,-,3729.8000,3729.6000,3729.4000,3728.8000,3728.0000,3731.0000,3731.6000,3731.8000,3732.0000,3732.8000,2,1,1,1,1,3,4,9,5,4
SF,IF2005,2020-04-13 11:24:30.100,3731.0000,10980,0,4659151200.000,1,0,1,空换,B,3729.8000,3729.6000,3729.4000,3728.8000,3728.0000,3731.0000,3731.6000,3731.8000,3732.0000,3732.8000,2,1,1,1,1,2,4,9,5,4
SF,IF2005,2020-04-13 11:24:30.600,3731.0000,10980,0,4659151200.000,0,-,-,-,-,3730.0000,3729.8000,3729.4000,3728.8000,3728.0000,3731.0000,3731.6000,3731.8000,3732.0000,3732.8000,1,2,1,1,1,2,4,9,5,4
SF,IF2005,2020-04-13 11:24:31.100,3731.0000,10980,0,4659151200.000,0,-,-,-,-,3730.0000,3729.8000,3729.4000,3728.8000,3728.0000,3731.0000,3731.6000,3731.8000,3732.0000,3732.8000,1,2,1,1,1,2,3,9,5,4
SF,IF2005,2020-04-13 11:24:32.100,3731.0000,10980,0,4659151200.000,0,-,-,-,-,3730.2000,3730.0000,3729.8000,3729.4000,3728.8000,3731.0000,3731.6000,3731.8000,3732.0000,3732.8000,1,1,2,1,1,2,3,9,5,4
SF,IF2005,2020-04-13 11:24:32.600,3731.0000,10980,0,4659151200.000,0,-,-,-,-,3730.2000,3730.0000,3729.8000,3729.4000,3728.8000,3731.0000,3731.6000,3731.8000,3732.0000,3732.8000,1,1,2,1,1,2,2,9,5,4
SF,IF2005,2020-04-13 11:24:33.100,3731.0000,10980,0,4659151200.000,0,-,-,-,-,3730.2000,3730.0000,3729.8000,3729.4000,3728.8000,3731.6000,3731.8000,3732.0000,3732.8000,3733.2000,1,1,2,1,1,1,9,5,4,1
SF,IF2005,2020-04-13 11:24:33.600,3731.0000,10980,0,4659151200.000,0,-,-,-,-,3730.4000,3730.2000,3730.0000,3729.4000,3728.8000,3731.2000,3731.4000,3731.6000,3731.8000,3732.0000,1,1,1,1,1,6,1,1,1,5
SF,IF2005,2020-04-13 11:24:34.100,3731.0000,10980,0,4659151200.000,0,-,-,-,-,3730.6000,3730.4000,3730.0000,3729.4000,3728.8000,3731.2000,3731.4000,3731.6000,3731.8000,3732.0000,1,1,1,1,1,6,1,1,1,5
SF,IF2005,2020-04-13 11:24:36.100,3730.6000,10981,1,4660270380.000,1,1,0,双开,B,3730.4000,3730.0000,3729.4000,3728.8000,3728.0000,3731.2000,3731.4000,3731.6000,3731.8000,3732.0000,1,1,1,1,1,6,1,1,1,5
SF,IF2005,2020-04-13 11:24:36.600,3730.6000,10981,0,4660270380.000,0,-,-,-,-,3730.0000,3729.4000,3728.8000,3728.0000,3727.4000,3731.2000,3731.4000,3731.6000,3731.8000,3732.0000,1,1,1,1,2,6,1,1,1,5
SF,IF2005,2020-04-13 11:24:37.100,3730.6000,10981,0,4660270380.000,0,-,-,-,-,3730.2000,3730.0000,3729.4000,3728.8000,3728.0000,3731.4000,3731.6000,3731.8000,3732.0000,3732.8000,1,1,1,1,1,1,1,1,5,4
SF,IF2005,2020-04-13 11:24:37.600,3730.6000,10981,0,4660270380.000,0,-,-,-,-,3730.2000,3730.0000,3729.4000,3728.8000,3728.0000,3731.4000,3731.6000,3731.8000,3732.0000,3732.8000,1,1,1,1,1,8,1,1,5,4
SF,IF2005,2020-04-13 11:24:38.100,3730.6000,10981,0,4660270380.000,0,-,-,-,-,3730.2000,3730.0000,3729.4000,3728.8000,3728.0000,3731.4000,3731.6000,3731.8000,3732.0000,3732.8000,1,1,1,1,1,7,1,1,5,4
SF,IF2005,2020-04-13 11:24:38.600,3730.6000,10981,0,4660270380.000,0,-,-,-,-,3730.2000,3730.0000,3729.4000,3728.8000,3728.0000,3731.2000,3731.4000,3731.6000,3731.8000,3732.0000,1,1,1,1,1,1,7,1,1,5
SF,IF2005,2020-04-13 11:24:39.100,3730.6000,10981,0,4660270380.000,0,-,-,-,-,3730.4000,3730.2000,3730.0000,3729.4000,3728.8000,3731.2000,3731.4000,3731.6000,3731.8000,3732.0000,2,1,1,1,1,1,7,1,1,5
SF,IF2005,2020-04-13 11:24:39.600,3730.6000,10981,0,4660270380.000,0,-,-,-,-,3730.4000,3730.2000,3730.0000,3729.4000,3728.8000,3731.4000,3731.6000,3731.8000,3732.0000,3732.8000,2,1,1,1,1,7,1,1,5,4
SF,IF2005,2020-04-13 11:24:40.100,3730.6000,10981,0,4660270380.000,0,-,-,-,-,3730.4000,3730.2000,3730.0000,3729.4000,3728.8000,3731.4000,3731.6000,3731.8000,3732.0000,3732.8000,2,1,1,1,1,7,1,1,5,4
SF,IF2005,2020-04-13 11:24:41.100,3730.6000,10981,0,4660270380.000,0,-,-,-,-,3730.4000,3730.2000,3730.0000,3729.4000,3728.8000,3731.4000,3731.6000,3731.8000,3732.0000,3732.8000,2,1,1,1,1,7,1,1,5,4
SF,IF2005,2020-04-13 11:24:41.600,3730.6000,10981,0,4660270380.000,0,-,-,-,-,3730.4000,3730.2000,3730.0000,3729.4000,3728.8000,3731.4000,3731.6000,3731.8000,3732.0000,3732.8000,2,1,1,1,1,8,1,1,5,4
SF,IF2005,2020-04-13 11:24:42.100,3730.6000,10981,0,4660270380.000,0,-,-,-,-,3730.4000,3730.2000,3730.0000,3729.4000,3728.8000,3731.4000,3731.6000,3731.8000,3732.0000,3732.8000,2,1,1,1,1,8,1,1,5,4
SF,IF2005,2020-04-13 11:24:43.100,3730.6000,10981,0,4660270380.000,0,-,-,-,-,3730.4000,3730.2000,3730.0000,3729.4000,3728.8000,3731.4000,3731.8000,3732.0000,3732.8000,3733.2000,2,1,1,1,1,1,1,5,4,1
SF,IF2005,2020-04-13 11:24:43.600,3730.6000,10981,0,4660270380.000,0,-,-,-,-,3730.4000,3730.2000,3730.0000,3729.4000,3728.8000,3731.4000,3731.8000,3732.0000,3732.8000,3733.2000,2,1,1,1,1,2,1,5,4,1
SF,IF2005,2020-04-13 11:24:44.100,3730.6000,10981,0,4660270380.000,0,-,-,-,-,3730.8000,3730.6000,3730.0000,3729.4000,3728.8000,3731.8000,3732.0000,3732.8000,3733.2000,3733.4000,2,2,1,1,1,1,5,4,1,2
SF,IF2005,2020-04-13 11:24:44.600,3730.6000,10981,0,4660270380.000,0,-,-,-,-,3730.8000,3730.6000,3730.0000,3729.4000,3728.8000,3731.8000,3732.0000,3732.8000,3733.2000,3733.4000,2,2,1,1,1,1,5,4,1,2
SF,IF2005,2020-04-13 11:24:45.100,3730.6000,10981,0,4660270380.000,0,-,-,-,-,3731.0000,3730.8000,3730.6000,3730.0000,3729.4000,3731.8000,3732.0000,3732.8000,3733.2000,3733.4000,1,2,1,1,1,1,5,2,1,2
SF,IF2005,2020-04-13 11:24:45.600,3730.6000,10981,0,4660270380.000,0,-,-,-,-,3731.0000,3730.8000,3730.6000,3730.0000,3729.4000,3731.8000,3732.0000,3732.8000,3733.2000,3733.4000,1,2,1,1,1,2,5,2,1,2
SF,IF2005,2020-04-13 11:24:46.100,3730.6000,10981,0,4660270380.000,0,-,-,-,-,3731.2000,3731.0000,3730.8000,3730.6000,3730.0000,3731.8000,3732.0000,3732.8000,3733.2000,3733.4000,1,1,1,1,1,1,5,2,1,2
SF,IF2005,2020-04-13 11:24:46.600,3730.6000,10981,0,4660270380.000,0,-,-,-,-,3731.2000,3731.0000,3730.8000,3730.6000,3730.0000,3731.8000,3732.0000,3732.8000,3733.2000,3733.4000,1,1,1,1,1,1,5,2,1,2
SF,IF2005,2020-04-13 11:24:47.100,3730.6000,10981,0,4660270380.000,0,-,-,-,-,3731.2000,3731.0000,3730.8000,3730.6000,3730.0000,3731.8000,3732.0000,3732.8000,3733.2000,3733.4000,1,1,1,1,1,1,5,2,1,2
SF,IF2005,2020-04-13 11:24:47.600,3730.6000,10981,0,4660270380.000,0,-,-,-,-,3731.2000,3730.8000,3730.6000,3730.0000,3729.4000,3731.8000,3732.0000,3732.8000,3733.2000,3733.4000,1,1,1,1,1,1,5,2,1,2
SF,IF2005,2020-04-13 11:24:48.100,3730.6000,10981,0,4660270380.000,0,-,-,-,-,3731.2000,3730.8000,3730.6000,3730.0000,3729.4000,3731.8000,3732.0000,3732.8000,3733.2000,3733.4000,1,1,1,1,1,1,5,2,1,2
SF,IF2005,2020-04-13 11:24:48.600,3730.6000,10981,0,4660270380.000,0,-,-,-,-,3731.2000,3730.8000,3730.6000,3730.0000,3729.4000,3731.8000,3732.0000,3732.8000,3733.2000,3733.4000,1,1,1,1,1,1,5,2,1,2
SF,IF2005,2020-04-13 11:24:49.100,3730.6000,10981,0,4660270380.000,0,-,-,-,-,3731.2000,3730.8000,3730.6000,3730.0000,3729.4000,3731.8000,3732.0000,3732.8000,3733.2000,3733.4000,1,1,1,1,1,2,5,2,1,2
SF,IF2005,2020-04-13 11:24:49.600,3730.6000,10981,0,4660270380.000,0,-,-,-,-,3731.2000,3730.0000,3729.4000,3728.8000,3728.0000,3731.8000,3732.0000,3732.8000,3733.2000,3733.4000,1,1,1,1,1,1,5,2,1,2
SF,IF2005,2020-04-13 11:24:50.100,3730.6000,10981,0,4660270380.000,0,-,-,-,-,3731.2000,3730.0000,3729.4000,3728.8000,3728.0000,3731.8000,3732.0000,3732.8000,3733.2000,3733.4000,1,1,1,1,1,1,5,2,1,2
SF,IF2005,2020-04-13 11:24:50.600,3730.6000,10981,0,4660270380.000,0,-,-,-,-,3731.4000,3731.2000,3729.4000,3728.8000,3728.0000,3731.8000,3732.0000,3732.8000,3733.2000,3733.4000,1,1,1,1,1,1,5,2,1,2
SF,IF2005,2020-04-13 11:24:51.100,3730.6000,10981,0,4660270380.000,0,-,-,-,-,3731.4000,3731.2000,3729.4000,3728.8000,3728.0000,3731.8000,3732.0000,3732.8000,3733.2000,3733.4000,1,1,1,1,1,1,5,2,1,2
SF,IF2005,2020-04-13 11:24:51.600,3730.6000,10981,0,4660270380.000,0,-,-,-,-,3731.4000,3731.2000,3729.4000,3728.8000,3728.0000,3731.8000,3732.0000,3732.8000,3733.2000,3733.4000,1,1,1,1,1,1,5,2,1,2
SF,IF2005,2020-04-13 11:24:52.100,3730.6000,10981,0,4660270380.000,0,-,-,-,-,3731.4000,3731.2000,3729.4000,3728.8000,3728.0000,3731.8000,3732.0000,3732.8000,3733.2000,3733.4000,1,1,1,1,1,1,5,2,1,2
SF,IF2005,2020-04-13 11:24:52.600,3730.6000,10981,0,4660270380.000,0,-,-,-,-,3731.4000,3731.2000,3729.4000,3728.8000,3728.0000,3731.8000,3732.0000,3732.8000,3733.2000,3733.4000,1,1,1,1,1,1,5,2,1,2
SF,IF2005,2020-04-13 11:24:53.100,3730.6000,10981,0,4660270380.000,0,-,-,-,-,3731.4000,3731.2000,3729.4000,3728.8000,3728.0000,3731.8000,3732.0000,3732.8000,3733.2000,3733.4000,1,1,1,1,1,1,5,2,1,2
SF,IF2005,2020-04-13 11:24:53.600,3730.6000,10981,0,4660270380.000,0,-,-,-,-,3731.4000,3731.2000,3729.4000,3728.8000,3728.0000,3731.8000,3732.0000,3732.8000,3733.2000,3733.4000,1,1,1,1,1,1,5,2,1,2
SF,IF2005,2020-04-13 11:24:54.100,3731.4000,10982,1,4661389800.000,1,1,0,双开,B,3729.4000,3728.8000,3728.0000,3727.4000,3727.0000,3731.8000,3732.0000,3732.8000,3733.2000,3733.4000,1,1,1,2,2,1,5,2,1,2
SF,IF2005,2020-04-13 11:24:54.600,3731.4000,10982,0,4661389800.000,0,-,-,-,-,3730.6000,3730.4000,3729.8000,3729.6000,3729.4000,3731.6000,3731.8000,3732.0000,3732.8000,3733.2000,1,2,5,4,2,1,1,5,2,1
SF,IF2005,2020-04-13 11:24:55.100,3731.4000,10982,0,4661389800.000,0,-,-,-,-,3730.8000,3730.6000,3730.4000,3729.8000,3729.6000,3731.6000,3731.8000,3732.0000,3732.8000,3733.2000,1,1,2,5,2,1,1,5,2,1
SF,IF2005,2020-04-13 11:24:55.600,3731.4000,10982,0,4661389800.000,0,-,-,-,-,3730.8000,3730.6000,3730.4000,3729.8000,3729.6000,3731.6000,3731.8000,3732.0000,3732.8000,3733.2000,1,1,2,1,2,1,1,5,2,1
SF,IF2005,2020-04-13 11:24:56.100,3731.4000,10982,0,4661389800.000,0,-,-,-,-,3730.8000,3730.6000,3730.4000,3729.8000,3729.6000,3731.6000,3731.8000,3732.0000,3732.8000,3733.2000,1,1,2,1,2,1,1,5,2,1
SF,IF2005,2020-04-13 11:24:56.600,3731.4000,10982,0,4661389800.000,0,-,-,-,-,3730.4000,3729.6000,3729.4000,3728.8000,3727.4000,3731.6000,3731.8000,3732.0000,3732.8000,3733.2000,2,1,2,1,2,1,1,5,2,1
SF,IF2005,2020-04-13 11:24:57.100,3731.4000,10982,0,4661389800.000,0,-,-,-,-,3730.4000,3729.6000,3729.4000,3728.8000,3727.4000,3731.4000,3731.6000,3731.8000,3732.0000,3732.8000,2,1,2,1,2,2,1,1,5,2
SF,IF2005,2020-04-13 11:24:57.600,3731.4000,10982,0,4661389800.000,0,-,-,-,-,3730.4000,3729.4000,3728.8000,3727.4000,3727.0000,3731.4000,3731.6000,3731.8000,3732.0000,3732.8000,2,2,1,2,2,2,1,1,5,2
SF,IF2005,2020-04-13 11:24:58.100,3731.4000,10982,0,4661389800.000,0,-,-,-,-,3730.4000,3729.4000,3728.8000,3727.4000,3727.0000,3731.4000,3731.6000,3731.8000,3732.0000,3732.8000,2,2,1,2,2,3,1,1,5,2
SF,IF2005,2020-04-13 11:24:59.100,3731.4000,10982,0,4661389800.000,0,-,-,-,-,3730.4000,3729.4000,3728.8000,3727.4000,3727.0000,3731.4000,3731.6000,3731.8000,3732.0000,3732.8000,2,2,1,2,2,2,1,1,5,2
SF,IF2005,2020-04-13 11:24:59.600,3731.4000,10982,0,4661389800.000,0,-,-,-,-,3730.6000,3730.4000,3729.4000,3728.8000,3727.4000,3731.4000,3731.6000,3731.8000,3732.0000,3732.8000,1,2,2,1,2,2,1,1,5,2
SF,IF2005,2020-04-13 11:25:00.100,3731.4000,10982,0,4661389800.000,0,-,-,-,-,3730.8000,3730.6000,3730.4000,3729.4000,3728.8000,3731.4000,3731.8000,3732.0000,3732.8000,3733.2000,1,2,1,2,1,1,1,5,2,1
SF,IF2005,2020-04-13 11:25:00.600,3731.4000,10982,0,4661389800.000,0,-,-,-,-,3730.8000,3730.6000,3730.4000,3729.4000,3728.8000,3731.4000,3731.8000,3732.0000,3732.8000,3733.2000,2,2,1,2,1,1,1,5,2,1
SF,IF2005,2020-04-13 11:25:01.100,3731.4000,10982,0,4662509220.000,1,0,1,空换,B,3731.0000,3730.8000,3730.6000,3729.4000,3728.8000,3731.8000,3732.0000,3732.8000,3733.2000,3733.4000,1,2,1,2,1,1,5,2,1,2
SF,IF2005,2020-04-13 11:25:04.100,3731.4000,10982,0,4662509220.000,0,-,-,-,-,3730.8000,3730.6000,3729.4000,3728.8000,3727.4000,3731.8000,3732.0000,3732.8000,3733.2000,3733.4000,2,1,2,1,2,1,5,2,1,2
SF,IF2005,2020-04-13 11:25:04.600,3731.4000,10982,0,4662509220.000,0,-,-,-,-,3730.8000,3729.4000,3728.8000,3727.4000,3727.0000,3731.0000,3731.6000,3731.8000,3732.0000,3732.8000,1,2,1,2,2,1,3,1,5,2
SF,IF2005,2020-04-13 11:25:05.100,3730.8000,10983,1,4663628460.000,1,1,0,双开,B,3729.4000,3728.8000,3727.4000,3727.0000,3726.2000,3731.0000,3731.6000,3731.8000,3732.0000,3732.8000,2,1,2,2,1,1,2,1,5,2
SF,IF2005,2020-04-13 11:25:05.600,3730.8000,10982,-1,4664747700.000,1,0,1,双平,B,3729.8000,3729.6000,3729.4000,3728.8000,3727.4000,3730.6000,3731.8000,3732.0000,3732.8000,3733.2000,1,2,2,1,2,1,1,5,2,1
SF,IF2005,2020-04-13 11:25:06.100,3730.8000,10982,0,4664747700.000,0,-,-,-,-,3730.0000,3729.8000,3729.6000,3729.4000,3728.8000,3730.6000,3731.8000,3732.0000,3732.8000,3733.2000,1,1,1,2,1,1,1,5,2,1
SF,IF2005,2020-04-13 11:25:06.600,3730.8000,10982,0,4664747700.000,0,-,-,-,-,3730.0000,3729.8000,3729.6000,3729.4000,3728.8000,3731.8000,3732.0000,3732.8000,3733.2000,3733.4000,1,1,1,1,1,1,5,2,1,2
SF,IF2005,2020-04-13 11:25:07.100,3730.8000,10982,0,4664747700.000,0,-,-,-,-,3730.0000,3729.8000,3729.6000,3729.4000,3728.8000,3730.2000,3731.2000,3731.4000,3731.6000,3731.8000,1,1,1,1,1,1,2,5,10,3
SF,IF2005,2020-04-13 11:25:07.600,3730.8000,10982,0,4664747700.000,0,-,-,-,-,3730.0000,3729.8000,3729.6000,3729.4000,3728.8000,3730.2000,3731.2000,3731.6000,3731.8000,3732.0000,1,1,1,1,1,1,1,10,2,5
SF,IF2005,2020-04-13 11:25:08.100,3730.0000,10982,0,4665866700.000,1,0,1,空换,B,3729.8000,3729.6000,3729.4000,3728.8000,3727.4000,3731.2000,3731.6000,3731.8000,3732.0000,3732.6000,1,1,1,1,2,1,10,2,5,2
SF,IF2005,2020-04-13 11:25:08.600,3730.0000,10982,0,4665866700.000,0,-,-,-,-,3729.8000,3729.6000,3729.4000,3728.8000,3727.4000,3731.0000,3731.2000,3731.6000,3731.8000,3732.0000,1,1,1,1,2,2,1,9,2,5
SF,IF2005,2020-04-13 11:25:09.600,3730.0000,10982,0,4665866700.000,0,-,-,-,-,3729.8000,3729.6000,3729.4000,3728.8000,3727.4000,3731.0000,3731.2000,3731.6000,3731.8000,3732.0000,1,1,1,1,2,2,1,9,2,5
SF,IF2005,2020-04-13 11:25:10.100,3730.0000,10982,0,4665866700.000,0,-,-,-,-,3729.8000,3729.6000,3729.4000,3728.8000,3727.4000,3731.0000,3731.2000,3731.6000,3731.8000,3732.0000,1,1,1,1,2,2,1,8,2,5
SF,IF2005,2020-04-13 11:25:10.600,3730.0000,10982,0,4665866700.000,0,-,-,-,-,3729.8000,3729.6000,3729.4000,3728.8000,3727.4000,3730.8000,3731.0000,3731.2000,3731.6000,3731.8000,1,1,1,1,2,1,2,1,8,2
SF,IF2005,2020-04-13 11:25:13.600,3730.0000,10982,0,4665866700.000,0,-,-,-,-,3729.8000,3729.6000,3729.4000,3728.8000,3727.4000,3730.0000,3730.8000,3731.0000,3731.2000,3731.6000,1,1,1,1,2,1,1,2,1,8
SF,IF2005,2020-04-13 11:25:14.100,3730.0000,10983,1,4666985700.000,1,1,0,双开,B,3730.0000,3729.8000,3729.6000,3729.4000,3728.8000,3730.8000,3731.0000,3731.6000,3731.8000,3732.0000,1,1,1,1,1,1,2,8,2,5
SF,IF2005,2020-04-13 11:25:14.600,3730.0000,10983,0,4666985700.000,0,-,-,-,-,3730.0000,3729.4000,3728.8000,3727.4000,3727.0000,3731.0000,3731.6000,3731.8000,3732.0000,3732.6000,1,1,1,2,2,2,8,2,5,2
SF,IF2005,2020-04-13 11:25:18.100,3731.0000,10983,0,4668105000.000,1,0,1,空换,B,3729.4000,3728.8000,3727.4000,3727.0000,3726.2000,3731.0000,3731.6000,3731.8000,3732.0000,3732.6000,1,1,2,2,1,1,8,2,5,2
SF,IF2005,2020-04-13 11:25:18.600,3731.0000,10983,0,4668105000.000,0,-,-,-,-,3729.6000,3729.4000,3728.8000,3727.4000,3727.0000,3731.0000,3731.6000,3731.8000,3732.0000,3732.6000,2,1,1,2,2,1,8,2,5,2
SF,IF2005,2020-04-13 11:25:19.100,3731.0000,10983,0,4668105000.000,0,-,-,-,-,3729.8000,3729.6000,3729.4000,3728.8000,3727.4000,3730.8000,3731.0000,3731.6000,3731.8000,3732.0000,1,2,1,1,2,1,1,8,2,5
SF,IF2005,2020-04-13 11:25:19.600,3731.0000,10983,0,4668105000.000,0,-,-,-,-,3730.2000,3729.8000,3729.6000,3729.4000,3728.8000,3730.6000,3730.8000,3731.6000,3731.8000,3732.0000,1,1,2,1,1,1,1,8,2,5
SF,IF2005,2020-04-13 11:25:20.100,3730.2000,10984,1,4669224060.000,1,1,0,双开,B,3729.8000,3729.6000,3729.4000,3728.8000,3727.4000,3730.2000,3730.6000,3730.8000,3731.6000,3731.8000,1,2,1,1,2,1,1,1,8,2
SF,IF2005,2020-04-13 11:25:21.100,3729.8000,10984,0,4670343000.000,1,0,1,空换,B,3729.6000,3729.4000,3728.8000,3727.4000,3727.0000,3730.6000,3730.8000,3731.6000,3731.8000,3732.0000,1,1,1,2,2,1,1,8,2,5
SF,IF2005,2020-04-13 11:25:21.600,3729.8000,10984,0,4670343000.000,0,-,-,-,-,3729.4000,3728.8000,3727.4000,3727.0000,3726.2000,3730.4000,3730.6000,3730.8000,3731.6000,3731.8000,1,1,2,2,1,1,1,1,8,2
SF,IF2005,2020-04-13 11:25:22.600,3729.8000,10984,0,4670343000.000,0,-,-,-,-,3730.0000,3728.8000,3727.4000,3727.0000,3726.2000,3730.4000,3730.6000,3730.8000,3731.6000,3731.8000,1,1,2,2,1,1,1,1,8,2
SF,IF2005,2020-04-13 11:25:23.100,3730.0000,10985,1,4671462000.000,1,1,0,双开,B,3728.8000,3727.4000,3727.0000,3726.2000,3726.0000,3730.4000,3730.6000,3730.8000,3731.6000,3731.8000,1,2,2,1,8,1,1,1,8,2
SF,IF2005,2020-04-13 11:25:23.600,3730.0000,10985,0,4671462000.000,0,-,-,-,-,3729.0000,3728.8000,3727.4000,3727.0000,3726.2000,3730.4000,3730.6000,3731.6000,3731.8000,3732.0000,3,1,2,2,1,1,1,8,2,5
SF,IF2005,2020-04-13 11:25:24.100,3730.0000,10985,0,4671462000.000,0,-,-,-,-,3730.0000,3729.0000,3728.8000,3727.4000,3727.0000,3730.4000,3730.6000,3731.6000,3731.8000,3732.0000,2,4,1,2,2,1,1,8,2,5
SF,IF2005,2020-04-13 11:25:24.600,3730.0000,10985,0,4671462000.000,0,-,-,-,-,3730.0000,3729.0000,3728.8000,3727.4000,3727.0000,3730.6000,3731.6000,3731.8000,3732.0000,3732.6000,2,1,1,2,2,1,8,2,5,2
SF,IF2005,2020-04-13 11:25:25.600,3730.0000,10985,0,4671462000.000,0,-,-,-,-,3730.0000,3729.0000,3728.8000,3727.4000,3727.0000,3730.6000,3731.6000,3731.8000,3732.0000,3732.6000,2,1,1,2,2,1,8,2,5,2
SF,IF2005,2020-04-13 11:25:27.600,3730.6000,10986,1,4672581180.000,1,1,0,双开,B,3730.0000,3729.0000,3728.8000,3727.4000,3727.0000,3731.6000,3731.8000,3732.0000,3732.6000,3732.8000,2,1,1,2,2,8,2,5,2,2
SF,IF2005,2020-04-13 11:25:28.100,3730.6000,10986,0,4672581180.000,0,-,-,-,-,3730.2000,3730.0000,3728.8000,3727.4000,3727.0000,3731.0000,3731.2000,3731.4000,3731.6000,3731.8000,1,2,1,2,2,1,11,1,3,2
SF,IF2005,2020-04-13 11:25:28.600,3730.6000,10986,0,4672581180.000,0,-,-,-,-,3730.0000,3728.8000,3727.4000,3727.0000,3726.2000,3730.2000,3731.0000,3731.2000,3731.4000,3731.6000,2,1,2,2,1,1,1,11,1,3
SF,IF2005,2020-04-13 11:25:29.100,3730.2000,10987,1,4673700240.000,1,1,0,双开,B,3728.8000,3727.4000,3727.0000,3726.2000,3726.0000,3731.0000,3731.2000,3731.4000,3731.6000,3731.8000,1,2,2,1,8,1,6,1,2,2
SF,IF2005,2020-04-13 11:25:29.600,3730.2000,10987,0,4673700240.000,0,-,-,-,-,3730.2000,3729.6000,3729.4000,3729.0000,3728.8000,3731.0000,3731.2000,3731.6000,3731.8000,3732.0000,2,2,1,1,1,1,6,2,2,5
SF,IF2005,2020-04-13 11:25:30.100,3730.2000,10987,0,4673700240.000,0,-,-,-,-,3730.2000,3729.6000,3729.4000,3729.0000,3728.8000,3731.0000,3731.2000,3731.6000,3731.8000,3732.0000,3,1,1,1,1,1,6,2,2,5
SF,IF2005,2020-04-13 11:25:30.600,3730.2000,10987,0,4673700240.000,0,-,-,-,-,3730.2000,3729.6000,3729.0000,3728.8000,3727.4000,3731.0000,3731.2000,3731.6000,3731.8000,3732.0000,3,1,1,1,2,1,6,2,2,5
SF,IF2005,2020-04-13 11:25:31.100,3730.2000,10987,0,4673700240.000,0,-,-,-,-,3730.2000,3729.0000,3728.8000,3727.4000,3727.0000,3731.0000,3731.2000,3731.6000,3731.8000,3732.0000,3,1,1,2,2,1,6,1,2,5
SF,IF2005,2020-04-13 11:25:31.600,3730.2000,10988,1,4674819300.000,1,1,0,双开,B,3730.2000,3729.0000,3728.8000,3727.4000,3727.0000,3731.0000,3731.2000,3731.6000,3731.8000,3732.0000,2,1,1,2,2,1,6,1,2,5
SF,IF2005,2020-04-13 11:25:32.100,3731.0000,10988,0,4675938600.000,1,0,1,空换,B,3730.2000,3729.0000,3728.8000,3727.4000,3727.0000,3731.2000,3731.6000,3731.8000,3732.0000,3732.6000,2,1,1,2,2,6,1,2,5,2
SF,IF2005,2020-04-13 11:25:32.600,3731.0000,10988,0,4675938600.000,0,-,-,-,-,3730.4000,3730.2000,3729.0000,3728.8000,3727.4000,3731.2000,3731.6000,3731.8000,3732.0000,3732.6000,1,2,1,1,2,6,1,2,5,2
SF,IF2005,2020-04-13 11:25:33.100,3731.0000,10988,0,4675938600.000,0,-,-,-,-,3730.4000,3730.2000,3729.0000,3728.8000,3727.4000,3731.6000,3731.8000,3732.0000,3732.6000,3732.8000,1,2,1,1,2,1,2,5,2,2
SF,IF2005,2020-04-13 11:25:33.600,3731.0000,10988,0,4675938600.000,0,-,-,-,-,3730.4000,3730.2000,3729.0000,3728.8000,3727.4000,3731.4000,3731.6000,3731.8000,3732.0000,3732.6000,1,2,1,1,2,1,1,2,5,2
SF,IF2005,2020-04-13 11:25:34.600,3731.0000,10988,0,4675938600.000,0,-,-,-,-,3730.4000,3730.2000,3729.0000,3728.8000,3727.4000,3731.4000,3731.6000,3731.8000,3732.0000,3732.6000,1,1,1,1,2,1,1,2,5,2
SF,IF2005,2020-04-13 11:25:35.100,3731.0000,10988,0,4675938600.000,0,-,-,-,-,3730.6000,3730.4000,3730.2000,3728.8000,3727.4000,3731.4000,3731.6000,3731.8000,3732.0000,3732.6000,3,1,1,1,2,1,1,2,5,2
SF,IF2005,2020-04-13 11:25:35.600,3731.0000,10988,0,4675938600.000,0,-,-,-,-,3731.0000,3730.4000,3730.2000,3728.8000,3727.4000,3731.4000,3731.6000,3731.8000,3732.0000,3732.6000,1,1,1,1,2,1,1,2,5,2
SF,IF2005,2020-04-13 11:25:36.100,3731.0000,10989,1,4677057900.000,1,1,0,双开,B,3730.4000,3730.2000,3728.8000,3727.4000,3727.0000,3731.4000,3731.6000,3731.8000,3732.0000,3732.6000,1,1,1,2,2,1,1,2,5,2
SF,IF2005,2020-04-13 11:25:36.600,3731.0000,10989,0,4677057900.000,0,-,-,-,-,3730.8000,3730.6000,3730.2000,3728.8000,3727.4000,3731.6000,3731.8000,3732.0000,3732.6000,3732.8000,1,2,1,1,2,1,2,5,2,2
SF,IF2005,2020-04-13 11:25:37.100,3731.0000,10989,0,4677057900.000,0,-,-,-,-,3731.0000,3730.8000,3730.6000,3730.2000,3728.8000,3731.8000,3732.0000,3732.8000,3733.2000,3733.4000,1,2,2,1,1,2,5,2,1,2
SF,IF2005,2020-04-13 11:25:37.600,3731.0000,10989,0,4677057900.000,0,-,-,-,-,3731.0000,3730.8000,3730.6000,3730.2000,3728.8000,3731.8000,3732.0000,3732.8000,3733.2000,3733.4000,1,2,2,1,1,2,5,2,1,2
SF,IF2005,2020-04-13 11:25:38.100,3731.0000,10989,0,4677057900.000,0,-,-,-,-,3731.0000,3730.8000,3730.6000,3730.2000,3728.8000,3731.8000,3732.0000,3732.8000,3733.2000,3733.4000,1,2,1,1,1,2,5,2,1,2
SF,IF2005,2020-04-13 11:25:39.600,3731.0000,10989,0,4677057900.000,0,-,-,-,-,3731.0000,3730.8000,3730.6000,3730.2000,3728.8000,3731.8000,3732.0000,3732.8000,3733.2000,3733.4000,1,2,1,1,1,2,5,2,1,2
SF,IF2005,2020-04-13 11:25:40.100,3731.0000,10989,0,4677057900.000,0,-,-,-,-,3731.2000,3731.0000,3730.8000,3730.2000,3728.8000,3731.8000,3732.0000,3732.8000,3733.2000,3733.4000,1,1,1,1,1,1,5,2,1,2
SF,IF2005,2020-04-13 11:25:42.100,3731.0000,10989,0,4677057900.000,0,-,-,-,-,3731.0000,3730.8000,3730.2000,3728.8000,3727.4000,3731.8000,3732.0000,3732.8000,3733.2000,3733.4000,1,1,1,1,2,1,5,2,1,2
SF,IF2005,2020-04-13 11:25:42.600,3731.0000,10989,0,4677057900.000,0,-,-,-,-,3730.8000,3730.2000,3728.8000,3727.4000,3727.0000,3731.2000,3731.6000,3731.8000,3732.0000,3732.8000,1,1,1,2,2,1,1,1,5,2
SF,IF2005,2020-04-13 11:25:43.600,3730.8000,10990,1,4678177140.000,1,1,0,双开,B,3731.0000,3730.2000,3728.8000,3727.4000,3727.0000,3731.6000,3731.8000,3732.0000,3732.8000,3733.2000,1,1,1,2,2,1,1,5,2,1
SF,IF2005,2020-04-13 11:25:44.600,3730.8000,10990,0,4678177140.000,0,-,-,-,-,3731.0000,3730.2000,3729.0000,3728.8000,3727.4000,3731.6000,3731.8000,3732.0000,3732.8000,3733.2000,1,1,5,1,2,1,1,5,2,1
SF,IF2005,2020-04-13 11:25:45.100,3730.8000,10990,0,4678177140.000,0,-,-,-,-,3731.0000,3730.2000,3729.0000,3728.8000,3727.4000,3731.8000,3732.0000,3732.8000,3733.2000,3733.4000,1,1,5,1,2,1,5,2,1,2
SF,IF2005,2020-04-13 11:25:47.600,3730.8000,10990,0,4678177140.000,0,-,-,-,-,3731.0000,3729.0000,3728.8000,3727.4000,3727.0000,3731.8000,3732.0000,3732.8000,3733.2000,3733.4000,1,5,1,2,2,1,5,2,1,2
SF,IF2005,2020-04-13 11:25:48.100,3730.8000,10990,0,4678177140.000,0,-,-,-,-,3731.4000,3731.0000,3729.0000,3728.8000,3727.4000,3731.8000,3732.0000,3732.8000,3733.2000,3733.4000,1,1,5,1,2,1,5,2,1,2
SF,IF2005,2020-04-13 11:25:48.600,3731.4000,10991,1,4679296560.000,1,1,0,双开,B,3731.0000,3729.0000,3728.8000,3727.4000,3727.0000,3731.8000,3732.0000,3732.8000,3733.2000,3733.4000,1,5,1,2,2,1,5,2,1,2
SF,IF2005,2020-04-13 11:25:50.600,3731.4000,10991,0,4679296560.000,0,-,-,-,-,3731.0000,3729.0000,3728.8000,3727.4000,3727.0000,3731.8000,3732.0000,3732.8000,3733.2000,3733.4000,1,5,1,2,2,1,5,2,1,2
SF,IF2005,2020-04-13 11:25:51.100,3731.4000,10991,0,4679296560.000,0,-,-,-,-,3731.0000,3729.0000,3728.8000,3727.4000,3727.0000,3731.4000,3731.8000,3732.0000,3732.8000,3733.2000,1,5,1,2,2,5,1,5,2,1
SF,IF2005,2020-04-13 11:25:51.600,3731.4000,10991,0,4679296560.000,0,-,-,-,-,3731.0000,3729.0000,3728.8000,3727.4000,3727.0000,3731.4000,3731.8000,3732.0000,3732.8000,3733.2000,1,5,1,2,2,5,1,5,2,1
SF,IF2005,2020-04-13 11:25:52.100,3731.0000,10992,1,4680415860.000,1,1,0,双开,B,3729.0000,3728.8000,3727.4000,3727.0000,3726.0000,3731.4000,3731.8000,3732.0000,3732.8000,3733.2000,5,1,2,2,8,5,1,5,2,1
SF,IF2005,2020-04-13 11:25:52.600,3731.0000,10992,0,4680415860.000,0,-,-,-,-,3730.2000,3729.8000,3729.4000,3729.2000,3729.0000,3731.4000,3731.8000,3732.0000,3732.8000,3733.2000,2,1,1,5,5,5,1,5,2,1
SF,IF2005,2020-04-13 11:25:54.100,3731.0000,10992,0,4680415860.000,0,-,-,-,-,3730.2000,3729.8000,3729.4000,3729.2000,3729.0000,3730.8000,3731.2000,3731.4000,3731.8000,3732.0000,2,1,1,1,5,5,1,5,1,5
SF,IF2005,2020-04-13 11:25:54.600,3731.0000,10992,0,4680415860.000,0,-,-,-,-,3730.2000,3729.8000,3729.2000,3728.8000,3727.4000,3730.8000,3731.2000,3731.4000,3731.8000,3732.0000,2,1,1,1,2,5,1,5,1,5
SF,IF2005,2020-04-13 11:25:55.100,3731.0000,10992,0,4680415860.000,0,-,-,-,-,3730.2000,3729.8000,3729.2000,3728.8000,3727.8000,3731.2000,3731.4000,3731.8000,3732.0000,3732.6000,2,1,1,1,5,1,5,1,5,2
SF,IF2005,2020-04-13 11:25:55.600,3731.0000,10992,0,4680415860.000,0,-,-,-,-,3730.2000,3729.8000,3729.2000,3728.8000,3727.8000,3731.0000,3731.2000,3731.4000,3731.8000,3732.0000,2,1,1,1,5,1,1,5,1,5
SF,IF2005,2020-04-13 11:25:56.100,3731.0000,10992,0,4680415860.000,0,-,-,-,-,3730.2000,3729.8000,3729.2000,3728.8000,3727.8000,3731.0000,3731.2000,3731.4000,3731.8000,3732.0000,2,1,1,1,5,6,1,5,1,5
SF,IF2005,2020-04-13 11:25:56.600,3731.0000,10992,0,4680415860.000,0,-,-,-,-,3730.2000,3729.8000,3729.2000,3728.8000,3727.8000,3731.0000,3731.2000,3731.4000,3731.8000,3732.0000,2,1,1,1,5,1,1,5,1,5
SF,IF2005,2020-04-13 11:25:59.600,3731.0000,10992,0,4680415860.000,0,-,-,-,-,3730.2000,3729.2000,3728.8000,3727.8000,3727.4000,3731.0000,3731.2000,3731.4000,3731.8000,3732.0000,2,1,1,5,2,1,1,5,1,5
SF,IF2005,2020-04-13 11:26:01.100,3731.0000,10992,0,4680415860.000,0,-,-,-,-,3730.2000,3729.2000,3728.8000,3727.8000,3727.4000,3731.0000,3731.2000,3731.4000,3731.8000,3732.0000,1,1,1,5,2,1,1,5,1,5
SF,IF2005,2020-04-13 11:26:01.600,3731.0000,10992,0,4680415860.000,0,-,-,-,-,3729.2000,3728.8000,3727.8000,3727.4000,3727.0000,3730.2000,3730.8000,3731.0000,3731.4000,3731.8000,1,1,5,2,2,2,1,1,5,1
SF,IF2005,2020-04-13 11:26:02.100,3730.2000,10993,1,4681534920.000,1,1,0,双开,B,3729.6000,3729.4000,3729.2000,3728.8000,3727.8000,3730.2000,3730.8000,3731.0000,3731.8000,3732.0000,1,3,1,1,5,1,1,1,1,5
SF,IF2005,2020-04-13 11:26:02.600,3730.2000,10994,1,4682653980.000,1,1,0,双开,B,3730.6000,3730.0000,3729.8000,3729.4000,3729.2000,3730.8000,3731.0000,3731.8000,3732.0000,3732.6000,1,1,1,2,1,1,1,1,5,2
SF,IF2005,2020-04-13 11:26:03.100,3730.2000,10994,0,4682653980.000,0,-,-,-,-,3731.0000,3730.6000,3730.2000,3729.4000,3729.2000,3731.8000,3732.0000,3732.6000,3732.8000,3733.2000,1,1,1,1,1,1,5,2,2,1
SF,IF2005,2020-04-13 11:26:03.600,3730.2000,10994,0,4682653980.000,0,-,-,-,-,3731.2000,3731.0000,3730.2000,3729.4000,3729.2000,3731.8000,3732.0000,3732.8000,3733.2000,3733.4000,1,1,1,1,1,1,5,2,1,2
SF,IF2005,2020-04-13 11:26:04.100,3730.2000,10994,0,4682653980.000,0,-,-,-,-,3731.2000,3731.0000,3730.6000,3729.4000,3729.2000,3731.8000,3732.0000,3732.8000,3733.2000,3733.4000,1,1,1,1,1,1,5,2,1,2
SF,IF2005,2020-04-13 11:26:05.100,3731.0000,10996,2,4686012180.000,3,2,1,多开,B,3729.4000,3729.2000,3729.0000,3728.8000,3727.4000,3732.0000,3732.8000,3733.2000,3733.4000,3733.6000,1,1,5,1,2,5,2,1,2,2
SF,IF2005,2020-04-13 11:26:05.600,3731.0000,10996,0,4686012180.000,0,-,-,-,-,3730.2000,3730.0000,3729.8000,3729.6000,3729.4000,3731.2000,3731.4000,3731.6000,3732.0000,3732.8000,2,1,1,1,1,1,5,1,5,2
SF,IF2005,2020-04-13 11:26:06.600,3731.0000,10996,0,4686012180.000,0,-,-,-,-,3730.2000,3730.0000,3729.8000,3729.6000,3729.4000,3730.8000,3731.6000,3732.0000,3732.8000,3733.2000,2,1,1,1,1,1,1,5,2,1
SF,IF2005,2020-04-13 11:26:07.100,3730.8000,10997,1,4687131420.000,1,1,0,双开,B,3730.6000,3730.2000,3730.0000,3729.8000,3729.6000,3731.6000,3732.0000,3732.8000,3733.2000,3733.4000,1,1,1,1,1,1,5,2,1,2
SF,IF2005,2020-04-13 11:26:07.600,3730.8000,10997,0,4687131420.000,0,-,-,-,-,3730.6000,3730.2000,3730.0000,3729.8000,3729.6000,3731.4000,3731.6000,3732.0000,3732.8000,3733.2000,1,1,1,1,1,1,1,5,2,1
SF,IF2005,2020-04-13 11:26:08.100,3730.8000,10997,0,4687131420.000,0,-,-,-,-,3730.6000,3730.2000,3729.8000,3729.6000,3729.4000,3731.4000,3731.6000,3732.0000,3732.8000,3733.2000,1,1,1,1,1,1,1,5,2,1
SF,IF2005,2020-04-13 11:26:09.100,3730.8000,10997,0,4687131420.000,0,-,-,-,-,3730.6000,3729.8000,3729.6000,3729.4000,3728.8000,3731.4000,3731.6000,3732.0000,3732.8000,3733.2000,1,1,1,1,1,1,1,5,2,1
SF,IF2005,2020-04-13 11:26:11.600,3730.8000,10997,0,4687131420.000,0,-,-,-,-,3730.8000,3730.6000,3729.8000,3729.6000,3729.4000,3731.4000,3731.6000,3732.0000,3732.8000,3733.2000,1,1,1,1,1,1,1,5,2,1
SF,IF2005,2020-04-13 11:26:15.100,3730.8000,10998,1,4688250660.000,1,1,0,双开,B,3730.6000,3729.8000,3729.6000,3729.4000,3728.8000,3731.0000,3731.4000,3731.6000,3732.0000,3732.8000,1,1,1,1,1,5,1,1,5,2
SF,IF2005,2020-04-13 11:26:15.600,3730.8000,10998,0,4688250660.000,0,-,-,-,-,3730.6000,3729.6000,3729.4000,3728.8000,3728.0000,3731.4000,3731.6000,3732.0000,3732.8000,3733.2000,1,1,1,1,5,1,1,5,2,1
SF,IF2005,2020-04-13 11:26:18.600,3730.8000,10998,0,4688250660.000,0,-,-,-,-,3730.8000,3730.6000,3729.6000,3729.4000,3728.8000,3731.4000,3731.6000,3732.0000,3732.8000,3733.2000,1,1,1,1,1,1,1,5,2,1
SF,IF2005,2020-04-13 11:26:19.100,3730.8000,10998,0,4688250660.000,0,-,-,-,-,3730.8000,3730.6000,3729.6000,3729.4000,3728.8000,3731.6000,3732.0000,3732.8000,3733.2000,3733.4000,1,1,1,1,1,1,5,2,1,2
SF,IF2005,2020-04-13 11:26:23.600,3730.8000,10999,1,4689369900.000,1,1,0,双开,B,3730.6000,3729.6000,3729.4000,3728.8000,3728.0000,3730.8000,3731.6000,3732.0000,3732.8000,3733.2000,1,1,1,1,5,4,1,5,2,1
SF,IF2005,2020-04-13 11:26:24.100,3730.8000,11001,2,4693846860.000,4,3,1,多开,B,3731.2000,3730.8000,3729.6000,3729.4000,3728.8000,3731.6000,3732.0000,3732.8000,3733.2000,3733.4000,1,3,1,1,1,1,5,2,1,2
SF,IF2005,2020-04-13 11:26:26.100,3731.2000,11002,1,4694966220.000,1,1,0,双开,B,3730.8000,3729.6000,3729.4000,3728.8000,3728.0000,3731.6000,3732.0000,3732.8000,3733.2000,3733.4000,3,1,1,1,5,1,5,2,1,2
SF,IF2005,2020-04-13 11:26:26.600,3731.2000,11002,0,4694966220.000,0,-,-,-,-,3730.8000,3729.6000,3729.4000,3728.8000,3728.0000,3732.0000,3732.8000,3733.2000,3733.4000,3733.6000,3,1,1,1,5,5,2,1,2,2
SF,IF2005,2020-04-13 11:26:27.100,3731.2000,11002,0,4694966220.000,0,-,-,-,-,3731.0000,3730.8000,3729.4000,3728.8000,3728.0000,3731.8000,3732.0000,3732.8000,3733.2000,3733.4000,1,3,1,1,5,5,5,2,1,2
SF,IF2005,2020-04-13 11:26:27.600,3731.2000,11002,0,4694966220.000,0,-,-,-,-,3731.0000,3730.8000,3729.4000,3728.8000,3728.0000,3732.0000,3732.8000,3733.2000,3733.4000,3733.6000,3,3,1,1,5,5,2,1,2,2
SF,IF2005,2020-04-13 11:26:29.100,3731.2000,11002,0,4694966220.000,0,-,-,-,-,3731.0000,3730.8000,3729.4000,3728.8000,3728.0000,3732.0000,3732.8000,3733.2000,3733.4000,3733.6000,3,1,1,1,5,5,2,1,2,2
SF,IF2005,2020-04-13 11:26:29.600,3731.2000,11002,0,4694966220.000,0,-,-,-,-,3731.4000,3731.2000,3731.0000,3730.8000,3729.4000,3732.0000,3732.8000,3733.2000,3733.4000,3733.6000,1,1,2,1,1,5,2,1,2,2
SF,IF2005,2020-04-13 11:26:30.100,3731.2000,11002,0,4694966220.000,0,-,-,-,-,3731.4000,3731.2000,3731.0000,3730.8000,3729.4000,3732.0000,3732.8000,3733.2000,3733.4000,3733.6000,1,4,2,1,1,5,2,1,2,2
SF,IF2005,2020-04-13 11:26:30.600,3731.2000,11002,0,4694966220.000,0,-,-,-,-,3731.4000,3731.2000,3731.0000,3730.8000,3729.4000,3732.0000,3732.8000,3733.2000,3733.4000,3733.6000,1,4,2,1,1,5,2,1,2,2
SF,IF2005,2020-04-13 11:26:31.100,3731.2000,11002,0,4694966220.000,0,-,-,-,-,3731.4000,3731.2000,3731.0000,3730.8000,3729.4000,3732.0000,3732.8000,3733.2000,3733.4000,3733.6000,1,4,2,1,1,5,2,1,2,2
SF,IF2005,2020-04-13 11:26:31.600,3731.2000,11002,0,4694966220.000,0,-,-,-,-,3731.4000,3731.2000,3731.0000,3730.8000,3729.4000,3732.0000,3732.8000,3733.2000,3733.4000,3733.6000,1,3,2,1,1,5,2,1,2,2
SF,IF2005,2020-04-13 11:26:32.100,3731.4000,11003,1,4696085640.000,1,1,0,双开,B,3731.2000,3731.0000,3730.8000,3729.4000,3728.8000,3731.4000,3731.8000,3732.0000,3732.8000,3733.2000,3,2,1,1,1,1,6,5,2,1
SF,IF2005,2020-04-13 11:26:32.600,3731.4000,11003,0,4696085640.000,0,-,-,-,-,3731.2000,3731.0000,3730.8000,3729.4000,3728.8000,3731.4000,3731.8000,3732.0000,3732.8000,3733.2000,3,2,1,1,1,1,1,5,2,1
SF,IF2005,2020-04-13 11:26:33.100,3731.0000,11006,3,4700563020.000,4,3,1,多开,B,3730.8000,3729.4000,3728.8000,3728.0000,3727.4000,3731.0000,3731.8000,3732.8000,3733.2000,3733.4000,1,1,1,5,2,3,1,2,1,2
SF,IF2005,2020-04-13 11:26:33.600,3731.0000,11006,0,4700563020.000,0,-,-,-,-,3730.8000,3729.4000,3728.8000,3728.0000,3727.4000,3731.0000,3731.8000,3732.8000,3733.2000,3733.4000,1,1,1,5,2,4,1,2,1,2
SF,IF2005,2020-04-13 11:26:34.100,3731.0000,11006,0,4700563020.000,0,-,-,-,-,3730.8000,3729.4000,3728.8000,3728.0000,3727.4000,3731.0000,3731.8000,3732.8000,3733.2000,3733.4000,1,1,1,5,2,3,1,2,1,2
SF,IF2005,2020-04-13 11:26:35.100,3731.0000,11006,0,4700563020.000,0,-,-,-,-,3730.8000,3729.4000,3728.8000,3728.0000,3727.4000,3731.0000,3731.8000,3732.8000,3733.2000,3733.4000,1,1,1,5,2,3,1,2,1,2
SF,IF2005,2020-04-13 11:26:35.600,3731.0000,11006,0,4700563020.000,0,-,-,-,-,3730.8000,3729.4000,3728.8000,3728.0000,3727.4000,3731.0000,3731.8000,3732.8000,3733.2000,3733.4000,1,1,1,5,2,3,1,2,1,2
SF,IF2005,2020-04-13 11:26:36.100,3731.0000,11006,0,4700563020.000,0,-,-,-,-,3730.8000,3729.4000,3728.8000,3728.0000,3727.4000,3731.0000,3731.8000,3732.8000,3733.2000,3733.4000,1,1,1,5,2,3,1,2,1,2
SF,IF2005,2020-04-13 11:26:36.600,3731.0000,11006,0,4700563020.000,0,-,-,-,-,3730.8000,3729.4000,3728.8000,3728.0000,3727.4000,3731.0000,3731.8000,3732.8000,3733.2000,3733.4000,1,1,1,5,2,3,1,2,1,2
SF,IF2005,2020-04-13 11:26:37.100,3731.0000,11006,0,4700563020.000,0,-,-,-,-,3730.8000,3729.4000,3728.8000,3728.0000,3727.4000,3731.0000,3732.8000,3733.2000,3733.4000,3733.6000,1,1,1,5,2,3,2,1,2,2
SF,IF2005,2020-04-13 11:26:37.600,3731.0000,11006,0,4700563020.000,0,-,-,-,-,3730.8000,3729.4000,3728.8000,3728.0000,3727.4000,3731.0000,3732.8000,3733.2000,3733.4000,3733.6000,1,1,1,5,2,3,2,1,2,2
SF,IF2005,2020-04-13 11:26:38.100,3731.0000,11006,0,4700563020.000,0,-,-,-,-,3730.8000,3729.4000,3728.8000,3728.0000,3727.4000,3731.0000,3732.8000,3733.2000,3733.4000,3733.6000,1,1,1,5,2,3,2,1,2,2
SF,IF2005,2020-04-13 11:26:38.600,3731.0000,11006,0,4700563020.000,0,-,-,-,-,3730.8000,3729.4000,3728.8000,3728.0000,3727.4000,3731.0000,3732.8000,3733.2000,3733.4000,3733.6000,1,1,1,5,2,4,2,1,2,2
SF,IF2005,2020-04-13 11:26:39.100,3731.0000,11006,0,4700563020.000,0,-,-,-,-,3730.8000,3729.4000,3728.8000,3728.0000,3727.4000,3731.0000,3732.8000,3733.2000,3733.4000,3733.6000,1,1,1,5,2,3,2,1,2,2
SF,IF2005,2020-04-13 11:26:39.600,3731.0000,11006,0,4700563020.000,0,-,-,-,-,3730.8000,3729.4000,3728.8000,3728.0000,3727.4000,3731.0000,3732.8000,3733.2000,3733.4000,3733.6000,1,1,1,5,2,3,2,1,2,2
SF,IF2005,2020-04-13 11:26:40.100,3731.0000,11006,0,4700563020.000,0,-,-,-,-,3730.8000,3729.4000,3728.8000,3728.0000,3727.4000,3731.0000,3732.8000,3733.2000,3733.4000,3733.6000,1,1,1,5,2,3,2,1,2,2
SF,IF2005,2020-04-13 11:26:40.600,3731.0000,11006,0,4700563020.000,0,-,-,-,-,3730.8000,3729.4000,3728.8000,3728.0000,3727.4000,3731.0000,3732.8000,3733.2000,3733.4000,3733.6000,1,1,1,5,2,3,2,1,2,2
SF,IF2005,2020-04-13 11:26:41.100,3731.0000,11006,0,4700563020.000,0,-,-,-,-,3730.8000,3730.0000,3729.4000,3728.8000,3728.0000,3731.0000,3732.8000,3733.2000,3733.4000,3733.6000,1,1,1,1,5,3,2,1,2,2
SF,IF2005,2020-04-13 11:26:41.600,3731.0000,11006,0,4700563020.000,0,-,-,-,-,3730.8000,3730.0000,3729.4000,3728.8000,3728.0000,3731.0000,3732.8000,3733.2000,3733.4000,3733.6000,1,1,1,1,5,3,2,1,2,2
SF,IF2005,2020-04-13 11:26:42.100,3731.0000,11006,0,4700563020.000,0,-,-,-,-,3730.8000,3730.0000,3729.4000,3728.8000,3728.0000,3732.8000,3733.2000,3733.4000,3733.6000,3733.8000,1,1,1,1,5,2,1,2,2,1
SF,IF2005,2020-04-13 11:26:42.600,3731.0000,11006,0,4701682320.000,1,0,1,空换,B,3731.0000,3730.8000,3730.0000,3728.8000,3728.0000,3731.8000,3732.0000,3732.2000,3732.6000,3732.8000,1,1,1,1,5,5,3,6,1,4
SF,IF2005,2020-04-13 11:26:43.100,3731.0000,11007,1,4702801620.000,1,1,0,双开,B,3730.8000,3730.0000,3728.8000,3728.0000,3727.4000,3731.4000,3731.6000,3731.8000,3732.0000,3732.2000,1,1,1,5,2,5,3,5,1,8
SF,IF2005,2020-04-13 11:26:43.600,3731.0000,11007,0,4702801620.000,0,-,-,-,-,3730.8000,3730.0000,3728.8000,3728.0000,3727.4000,3731.2000,3731.4000,3731.6000,3731.8000,3732.2000,1,1,1,5,2,1,5,2,5,8
SF,IF2005,2020-04-13 11:26:44.100,3731.0000,11007,0,4702801620.000,0,-,-,-,-,3730.8000,3730.0000,3728.8000,3728.0000,3727.4000,3731.2000,3731.4000,3731.6000,3731.8000,3732.2000,1,1,1,5,2,1,5,2,5,8
SF,IF2005,2020-04-13 11:26:44.600,3731.0000,11007,0,4702801620.000,0,-,-,-,-,3730.8000,3730.0000,3728.8000,3728.0000,3727.4000,3731.2000,3731.4000,3731.6000,3731.8000,3732.2000,1,1,1,5,2,1,5,2,5,8
SF,IF2005,2020-04-13 11:26:46.600,3731.0000,11007,0,4702801620.000,0,-,-,-,-,3730.8000,3730.0000,3728.8000,3728.0000,3727.4000,3731.2000,3731.6000,3732.2000,3732.6000,3732.8000,1,1,1,5,2,1,2,6,1,4
SF,IF2005,2020-04-13 11:26:48.100,3731.0000,11007,0,4702801620.000,0,-,-,-,-,3730.8000,3730.0000,3728.8000,3728.0000,3727.4000,3731.2000,3731.6000,3732.2000,3732.6000,3732.8000,1,1,1,5,2,3,2,6,1,4
SF,IF2005,2020-04-13 11:26:52.100,3731.0000,11007,0,4702801620.000,0,-,-,-,-,3730.8000,3730.0000,3728.8000,3728.0000,3727.4000,3731.2000,3731.6000,3732.6000,3732.8000,3733.2000,1,1,1,5,2,3,2,1,4,1
SF,IF2005,2020-04-13 11:26:55.100,3731.0000,11007,0,4702801620.000,0,-,-,-,-,3730.8000,3730.0000,3728.8000,3728.0000,3727.4000,3731.2000,3731.6000,3732.6000,3732.8000,3733.2000,1,1,1,5,2,5,2,1,4,1
SF,IF2005,2020-04-13 11:26:57.600,3731.2000,11007,0,4703920980.000,1,0,1,空换,B,3730.8000,3730.0000,3728.8000,3728.0000,3727.4000,3731.2000,3731.6000,3732.6000,3732.8000,3733.2000,1,1,1,5,2,4,2,1,4,1
SF,IF2005,2020-04-13 11:26:59.100,3730.8000,11008,1,4705040220.000,1,1,0,双开,B,3730.0000,3728.8000,3728.0000,3727.4000,3727.0000,3731.2000,3731.6000,3732.6000,3732.8000,3733.2000,1,1,5,2,2,4,2,1,4,1
SF,IF2005,2020-04-13 11:26:59.600,3730.8000,11008,0,4705040220.000,0,-,-,-,-,3730.0000,3728.8000,3728.0000,3727.4000,3727.0000,3731.0000,3731.2000,3731.6000,3732.6000,3732.8000,1,1,5,2,2,1,4,2,1,4
SF,IF2005,2020-04-13 11:27:00.100,3730.8000,11008,0,4705040220.000,0,-,-,-,-,3730.0000,3728.8000,3728.0000,3727.4000,3727.0000,3731.0000,3731.2000,3731.6000,3732.6000,3732.8000,1,1,5,2,2,1,4,1,1,4
SF,IF2005,2020-04-13 11:27:00.600,3730.8000,11008,0,4705040220.000,0,-,-,-,-,3730.0000,3728.8000,3728.0000,3727.4000,3727.0000,3730.8000,3731.0000,3731.2000,3732.6000,3732.8000,1,1,5,2,2,6,1,4,1,4
SF,IF2005,2020-04-13 11:27:01.100,3730.8000,11008,0,4705040220.000,0,-,-,-,-,3730.0000,3728.8000,3728.0000,3727.4000,3727.0000,3730.8000,3731.0000,3731.2000,3732.6000,3732.8000,1,1,5,2,2,1,1,4,1,6
SF,IF2005,2020-04-13 11:27:02.600,3730.8000,11008,0,4705040220.000,0,-,-,-,-,3730.0000,3728.8000,3728.0000,3727.4000,3727.0000,3730.6000,3730.8000,3731.0000,3731.2000,3732.6000,1,1,5,2,2,1,1,1,4,1
SF,IF2005,2020-04-13 11:27:03.100,3730.8000,11008,0,4705040220.000,0,-,-,-,-,3730.0000,3728.8000,3728.0000,3727.4000,3727.0000,3730.6000,3730.8000,3731.0000,3731.2000,3732.6000,1,1,5,2,2,6,1,1,4,1
SF,IF2005,2020-04-13 11:27:04.100,3730.6000,11009,1,4706159400.000,1,1,0,双开,B,3730.0000,3728.8000,3728.0000,3727.4000,3727.0000,3730.6000,3730.8000,3731.0000,3731.2000,3732.6000,1,1,5,2,2,5,1,1,4,1
SF,IF2005,2020-04-13 11:27:04.600,3730.0000,11009,0,4707278400.000,1,0,1,空换,B,3728.8000,3728.0000,3727.4000,3727.0000,3726.0000,3730.6000,3730.8000,3731.0000,3731.2000,3732.6000,1,5,2,2,9,5,1,1,4,1
SF,IF2005,2020-04-13 11:27:05.100,3730.0000,11009,0,4707278400.000,0,-,-,-,-,3729.2000,3729.0000,3728.8000,3728.0000,3727.4000,3730.6000,3730.8000,3731.2000,3732.6000,3732.8000,1,3,1,5,2,5,1,4,1,6
SF,IF2005,2020-04-13 11:27:05.600,3730.0000,11009,0,4707278400.000,0,-,-,-,-,3729.4000,3729.2000,3728.8000,3727.4000,3727.0000,3730.6000,3730.8000,3731.2000,3732.6000,3732.8000,3,1,1,2,2,5,1,4,1,6
SF,IF2005,2020-04-13 11:27:09.100,3729.4000,11010,1,4708397220.000,1,1,0,双开,B,3729.4000,3729.2000,3728.8000,3727.4000,3727.0000,3730.4000,3731.2000,3732.6000,3732.8000,3733.2000,2,1,1,2,2,1,4,1,6,1
SF,IF2005,2020-04-13 11:27:11.100,3729.4000,11010,0,4709516040.000,1,0,1,空换,B,3729.4000,3729.2000,3728.8000,3727.4000,3727.0000,3730.4000,3731.2000,3732.6000,3732.8000,3733.2000,1,1,1,2,2,1,4,1,6,1
SF,IF2005,2020-04-13 11:27:12.600,3729.4000,11010,0,4709516040.000,0,-,-,-,-,3729.4000,3729.2000,3728.8000,3727.4000,3727.0000,3730.4000,3731.2000,3732.6000,3732.8000,3733.2000,2,1,1,2,2,1,4,1,6,1
SF,IF2005,2020-04-13 11:27:13.100,3729.4000,11010,0,4709516040.000,0,-,-,-,-,3729.4000,3729.2000,3728.8000,3727.4000,3727.0000,3730.2000,3730.4000,3731.2000,3732.6000,3732.8000,2,1,1,2,2,6,1,4,1,6
SF,IF2005,2020-04-13 11:27:13.600,3729.4000,11010,0,4709516040.000,0,-,-,-,-,3729.4000,3729.2000,3728.8000,3727.4000,3727.0000,3730.2000,3730.4000,3731.2000,3732.6000,3732.8000,1,1,1,2,2,6,1,4,1,6
SF,IF2005,2020-04-13 11:27:14.100,3729.4000,11010,0,4709516040.000,0,-,-,-,-,3729.4000,3729.2000,3728.8000,3727.4000,3727.0000,3730.2000,3730.4000,3731.2000,3732.6000,3732.8000,1,1,1,2,2,1,1,4,1,6
SF,IF2005,2020-04-13 11:27:19.600,3729.4000,11010,0,4709516040.000,0,-,-,-,-,3729.4000,3729.2000,3728.8000,3727.4000,3727.0000,3730.2000,3730.4000,3731.2000,3732.6000,3732.8000,2,1,1,2,2,1,1,4,1,6
SF,IF2005,2020-04-13 11:27:23.600,3730.2000,11010,0,4710635100.000,1,0,1,空换,B,3729.4000,3729.2000,3728.8000,3727.4000,3727.0000,3730.4000,3731.2000,3732.6000,3732.8000,3733.2000,2,1,1,2,2,1,4,1,6,1
SF,IF2005,2020-04-13 11:27:24.100,3730.4000,11011,1,4711754220.000,1,1,0,双开,B,3729.6000,3729.4000,3728.8000,3727.4000,3727.0000,3731.2000,3732.6000,3732.8000,3733.2000,3733.4000,3,2,1,2,2,4,1,6,1,2
SF,IF2005,2020-04-13 11:27:24.600,3730.4000,11011,0,4711754220.000,0,-,-,-,-,3730.2000,3729.8000,3729.6000,3729.4000,3728.8000,3730.8000,3731.0000,3731.2000,3732.6000,3732.8000,2,1,3,1,1,5,2,4,1,6
SF,IF2005,2020-04-13 11:27:25.100,3730.4000,11011,0,4711754220.000,0,-,-,-,-,3730.2000,3729.8000,3729.6000,3729.4000,3728.8000,3730.8000,3731.0000,3731.2000,3732.6000,3732.8000,2,1,3,1,1,5,3,4,1,6
SF,IF2005,2020-04-13 11:27:26.100,3730.4000,11011,0,4711754220.000,0,-,-,-,-,3730.2000,3729.8000,3729.6000,3728.8000,3727.4000,3731.0000,3731.2000,3732.6000,3732.8000,3733.2000,2,1,2,1,2,3,4,1,6,1
SF,IF2005,2020-04-13 11:27:26.600,3730.4000,11011,0,4711754220.000,0,-,-,-,-,3730.4000,3730.2000,3729.6000,3728.8000,3727.4000,3731.0000,3731.2000,3732.6000,3732.8000,3733.2000,1,2,2,1,2,2,4,1,6,1
SF,IF2005,2020-04-13 11:27:27.100,3730.4000,11011,0,4711754220.000,0,-,-,-,-,3730.4000,3730.2000,3729.6000,3728.8000,3727.4000,3731.0000,3731.2000,3732.6000,3732.8000,3733.2000,1,2,1,1,2,2,4,1,6,1
SF,IF2005,2020-04-13 11:27:28.600,3730.4000,11011,0,4711754220.000,0,-,-,-,-,3730.4000,3730.2000,3729.6000,3728.8000,3727.4000,3731.0000,3731.2000,3732.6000,3732.8000,3733.2000,1,2,1,1,2,1,4,1,6,1
SF,IF2005,2020-04-13 11:27:29.100,3730.4000,11011,0,4711754220.000,0,-,-,-,-,3730.2000,3729.6000,3728.8000,3727.4000,3727.0000,3731.0000,3731.2000,3732.6000,3732.8000,3733.2000,2,1,1,2,2,1,4,1,6,1
SF,IF2005,2020-04-13 11:27:29.600,3730.4000,11011,0,4711754220.000,0,-,-,-,-,3729.6000,3728.8000,3727.4000,3727.0000,3726.0000,3731.0000,3731.2000,3732.6000,3732.8000,3733.2000,1,1,2,2,9,1,4,1,6,1
SF,IF2005,2020-04-13 11:27:30.100,3730.4000,11011,0,4711754220.000,0,-,-,-,-,3729.8000,3729.6000,3728.8000,3727.4000,3727.0000,3731.0000,3731.2000,3732.6000,3732.8000,3733.2000,1,1,1,2,2,1,4,1,6,1
SF,IF2005,2020-04-13 11:27:30.600,3730.4000,11011,0,4711754220.000,0,-,-,-,-,3730.4000,3729.8000,3729.6000,3728.8000,3727.4000,3731.0000,3731.2000,3732.6000,3732.8000,3733.2000,2,3,1,1,2,1,4,1,6,1
SF,IF2005,2020-04-13 11:27:31.100,3730.4000,11011,0,4711754220.000,0,-,-,-,-,3730.4000,3729.8000,3729.6000,3728.8000,3727.4000,3731.2000,3732.6000,3732.8000,3733.2000,3733.4000,2,1,1,1,2,4,1,6,1,2
SF,IF2005,2020-04-13 11:27:32.100,3730.4000,11011,0,4711754220.000,0,-,-,-,-,3730.6000,3730.4000,3729.8000,3728.8000,3727.4000,3731.2000,3732.6000,3732.8000,3733.2000,3733.4000,1,2,1,1,2,4,1,6,1,2
SF,IF2005,2020-04-13 11:27:33.600,3731.2000,11015,4,4716231660.000,4,4,0,双开,B,3730.6000,3730.4000,3729.8000,3728.8000,3727.4000,3732.6000,3732.8000,3733.2000,3733.4000,3733.8000,1,2,1,1,2,1,6,1,2,1
SF,IF2005,2020-04-13 11:27:34.100,3731.2000,11015,0,4716231660.000,0,-,-,-,-,3730.8000,3730.6000,3730.4000,3728.8000,3727.4000,3731.6000,3731.8000,3732.0000,3732.2000,3732.4000,1,1,2,1,2,5,1,2,1,1
SF,IF2005,2020-04-13 11:27:34.600,3731.2000,11015,0,4716231660.000,0,-,-,-,-,3730.8000,3730.6000,3730.4000,3728.8000,3727.4000,3731.4000,3731.6000,3731.8000,3732.0000,3732.2000,1,1,2,1,2,5,5,1,1,3
SF,IF2005,2020-04-13 11:27:35.100,3731.2000,11015,0,4716231660.000,0,-,-,-,-,3730.8000,3730.6000,3728.8000,3727.4000,3727.0000,3731.4000,3731.6000,3731.8000,3732.0000,3732.2000,1,1,1,2,2,5,5,1,1,3
SF,IF2005,2020-04-13 11:27:36.100,3731.2000,11015,0,4716231660.000,0,-,-,-,-,3731.2000,3730.8000,3730.6000,3728.8000,3727.4000,3731.4000,3731.6000,3731.8000,3732.0000,3732.2000,2,1,1,1,2,5,5,1,1,3
SF,IF2005,2020-04-13 11:27:36.600,3731.2000,11017,2,4718470380.000,2,2,0,双开,B,3730.8000,3730.6000,3728.8000,3727.4000,3727.0000,3731.2000,3731.4000,3731.6000,3731.8000,3732.2000,1,1,1,2,2,1,5,5,1,3
SF,IF2005,2020-04-13 11:27:37.600,3731.2000,11018,1,4719589740.000,1,1,0,双开,B,3730.8000,3730.6000,3728.8000,3727.4000,3727.0000,3731.6000,3731.8000,3732.2000,3732.4000,3732.6000,1,1,1,2,2,5,1,3,2,1
SF,IF2005,2020-04-13 11:27:41.600,3731.2000,11018,0,4719589740.000,0,-,-,-,-,3730.8000,3730.6000,3728.8000,3727.4000,3727.0000,3731.4000,3731.6000,3731.8000,3732.2000,3732.4000,1,1,1,2,2,5,5,1,3,2
SF,IF2005,2020-04-13 11:27:42.100,3731.2000,11018,0,4719589740.000,0,-,-,-,-,3731.4000,3730.8000,3730.6000,3728.8000,3727.4000,3731.8000,3732.2000,3732.4000,3732.6000,3732.8000,2,1,1,1,2,1,3,2,1,5
SF,IF2005,2020-04-13 11:27:42.600,3731.4000,11019,1,4720709160.000,1,1,0,双开,B,3730.8000,3730.6000,3728.8000,3727.4000,3727.0000,3731.8000,3732.2000,3732.4000,3732.6000,3732.8000,1,1,1,2,2,1,2,2,1,5
SF,IF2005,2020-04-13 11:27:46.100,3731.4000,11019,0,4720709160.000,0,-,-,-,-,3730.8000,3730.6000,3728.8000,3727.4000,3727.0000,3731.4000,3731.8000,3732.2000,3732.4000,3732.6000,1,1,1,2,2,5,1,2,2,1
SF,IF2005,2020-04-13 11:27:47.600,3731.4000,11019,0,4720709160.000,0,-,-,-,-,3730.8000,3730.6000,3728.8000,3727.4000,3727.0000,3731.8000,3732.2000,3732.4000,3732.6000,3732.8000,1,1,1,2,2,1,2,2,1,5
SF,IF2005,2020-04-13 11:27:49.600,3730.8000,11019,0,4721828400.000,1,0,1,空换,B,3730.6000,3728.8000,3727.4000,3727.0000,3726.0000,3731.2000,3731.8000,3732.2000,3732.4000,3732.6000,1,1,2,2,9,5,1,2,2,1
SF,IF2005,2020-04-13 11:27:50.100,3730.8000,11019,0,4721828400.000,0,-,-,-,-,3731.2000,3730.6000,3728.8000,3727.4000,3727.0000,3731.8000,3732.2000,3732.4000,3732.6000,3732.8000,2,1,1,2,2,1,2,2,1,5
SF,IF2005,2020-04-13 11:27:51.100,3730.8000,11019,0,4721828400.000,0,-,-,-,-,3730.6000,3728.8000,3727.4000,3727.0000,3726.0000,3731.8000,3732.2000,3732.4000,3732.6000,3732.8000,1,1,2,2,9,1,2,2,1,5
SF,IF2005,2020-04-13 11:27:51.600,3730.8000,11019,0,4721828400.000,0,-,-,-,-,3730.6000,3728.8000,3727.4000,3727.0000,3726.0000,3731.6000,3731.8000,3732.2000,3732.4000,3732.6000,1,1,2,2,9,1,1,2,2,1
SF,IF2005,2020-04-13 11:27:53.600,3730.8000,11019,0,4721828400.000,0,-,-,-,-,3730.6000,3728.8000,3727.4000,3727.0000,3726.0000,3731.6000,3731.8000,3732.2000,3732.4000,3732.6000,1,1,2,2,9,1,1,2,1,1
SF,IF2005,2020-04-13 11:27:54.100,3731.6000,11019,0,4722947880.000,1,0,1,空换,B,3730.8000,3730.6000,3728.8000,3727.4000,3727.0000,3731.8000,3732.2000,3732.4000,3732.6000,3732.8000,1,1,1,2,2,1,2,1,1,5
SF,IF2005,2020-04-13 11:27:57.600,3731.8000,11019,0,4724067420.000,1,0,1,空换,B,3731.0000,3730.8000,3728.8000,3727.4000,3727.0000,3732.4000,3732.6000,3732.8000,3733.2000,3733.4000,2,1,1,2,2,1,1,3,1,2
SF,IF2005,2020-04-13 11:27:58.100,3731.8000,11019,0,4724067420.000,0,-,-,-,-,3731.2000,3731.0000,3728.8000,3727.4000,3727.0000,3732.0000,3732.4000,3732.6000,3732.8000,3733.2000,1,2,1,2,2,5,1,1,3,1
SF,IF2005,2020-04-13 11:27:58.600,3731.2000,11019,0,4725186780.000,1,0,1,空换,B,3731.0000,3728.8000,3727.4000,3727.0000,3726.0000,3731.6000,3732.0000,3732.2000,3732.4000,3732.8000,2,1,2,2,9,5,6,2,1,3
SF,IF2005,2020-04-13 11:27:59.100,3731.2000,11019,0,4725186780.000,0,-,-,-,-,3731.6000,3731.0000,3728.8000,3727.4000,3727.0000,3732.0000,3732.2000,3732.4000,3732.8000,3733.2000,2,2,1,2,2,6,2,1,3,1
SF,IF2005,2020-04-13 11:27:59.600,3731.6000,11020,1,4726306260.000,1,1,0,双开,B,3731.0000,3728.8000,3727.4000,3727.0000,3726.0000,3731.8000,3732.0000,3732.2000,3732.4000,3732.8000,2,1,2,2,9,5,6,2,1,3
SF,IF2005,2020-04-13 11:28:00.600,3731.6000,11020,0,4726306260.000,0,-,-,-,-,3731.0000,3728.8000,3727.4000,3727.0000,3726.0000,3732.0000,3732.2000,3732.4000,3732.8000,3733.2000,2,1,2,2,9,6,2,1,3,1
SF,IF2005,2020-04-13 11:28:03.100,3731.6000,11020,0,4726306260.000,0,-,-,-,-,3731.0000,3728.8000,3727.4000,3727.0000,3726.0000,3732.0000,3732.2000,3732.8000,3733.2000,3733.8000,2,1,2,2,9,6,2,3,1,3
SF,IF2005,2020-04-13 11:28:03.600,3731.6000,11020,0,4726306260.000,0,-,-,-,-,3731.2000,3731.0000,3728.8000,3727.4000,3727.0000,3732.0000,3732.2000,3732.8000,3733.2000,3733.8000,1,2,1,2,2,6,2,3,1,3
SF,IF2005,2020-04-13 11:28:04.100,3731.6000,11020,0,4726306260.000,0,-,-,-,-,3731.2000,3731.0000,3728.8000,3727.4000,3727.0000,3732.0000,3732.2000,3732.8000,3733.2000,3733.8000,1,2,1,2,2,6,1,3,1,3
SF,IF2005,2020-04-13 11:28:05.100,3731.6000,11020,0,4726306260.000,0,-,-,-,-,3732.0000,3731.2000,3731.0000,3728.8000,3727.4000,3732.2000,3732.8000,3733.2000,3733.8000,3734.8000,1,1,2,1,2,1,3,1,3,1
SF,IF2005,2020-04-13 11:28:05.600,3732.0000,11020,0,4727425860.000,1,0,1,空换,B,3731.2000,3731.0000,3728.8000,3727.4000,3727.0000,3732.0000,3732.2000,3732.8000,3733.2000,3733.8000,1,2,1,2,2,6,1,3,1,3
SF,IF2005,2020-04-13 11:28:06.100,3732.0000,11020,0,4727425860.000,0,-,-,-,-,3731.2000,3731.0000,3728.8000,3727.4000,3727.0000,3732.0000,3732.2000,3732.8000,3733.2000,3733.8000,1,2,1,2,2,1,1,3,1,3
SF,IF2005,2020-04-13 11:28:06.600,3732.0000,11020,0,4727425860.000,0,-,-,-,-,3731.0000,3730.8000,3728.8000,3727.4000,3727.0000,3731.6000,3732.2000,3732.8000,3733.2000,3733.8000,2,1,1,2,2,1,1,3,1,3
SF,IF2005,2020-04-13 11:28:07.100,3732.0000,11020,0,4727425860.000,0,-,-,-,-,3731.0000,3730.8000,3728.8000,3727.4000,3727.0000,3731.6000,3731.8000,3732.2000,3732.8000,3733.2000,2,1,1,2,2,1,5,1,3,1
SF,IF2005,2020-04-13 11:28:07.600,3732.0000,11020,0,4727425860.000,0,-,-,-,-,3731.0000,3730.8000,3728.8000,3727.4000,3727.0000,3731.8000,3732.2000,3732.8000,3733.2000,3733.8000,2,1,1,2,2,5,1,3,1,3
SF,IF2005,2020-04-13 11:28:08.100,3732.0000,11020,0,4727425860.000,0,-,-,-,-,3731.0000,3730.8000,3728.8000,3727.4000,3727.0000,3731.2000,3732.2000,3732.8000,3733.2000,3733.8000,2,1,1,2,2,1,1,3,1,3
SF,IF2005,2020-04-13 11:28:08.600,3731.2000,11020,0,4728545220.000,1,0,1,空换,B,3731.4000,3731.0000,3730.8000,3728.8000,3727.4000,3732.2000,3732.8000,3733.2000,3733.8000,3734.8000,1,1,1,1,2,1,3,1,3,1
SF,IF2005,2020-04-13 11:28:09.100,3731.2000,11020,0,4728545220.000,0,-,-,-,-,3731.0000,3730.8000,3728.8000,3727.4000,3727.0000,3732.0000,3732.2000,3732.8000,3733.2000,3733.8000,1,1,1,2,2,5,1,3,1,3
SF,IF2005,2020-04-13 11:28:10.600,3731.2000,11020,0,4728545220.000,0,-,-,-,-,3731.0000,3730.8000,3728.8000,3727.4000,3727.0000,3732.0000,3732.2000,3732.8000,3733.2000,3733.8000,1,1,1,2,2,7,1,3,1,3
SF,IF2005,2020-04-13 11:28:13.600,3731.2000,11020,0,4728545220.000,0,-,-,-,-,3731.0000,3730.8000,3728.8000,3727.4000,3727.0000,3732.0000,3732.2000,3732.8000,3733.2000,3733.8000,1,1,1,2,2,7,1,3,1,3
SF,IF2005,2020-04-13 11:28:14.100,3731.2000,11020,0,4728545220.000,0,-,-,-,-,3730.8000,3728.8000,3727.4000,3727.0000,3726.8000,3731.0000,3731.4000,3731.8000,3732.0000,3732.8000,1,1,2,2,1,1,5,3,7,3
SF,IF2005,2020-04-13 11:28:14.600,3731.0000,11020,0,4730783820.000,2,1,1,空换,B,3730.8000,3728.8000,3727.4000,3727.0000,3726.8000,3731.8000,3732.0000,3732.8000,3733.2000,3733.8000,1,1,2,2,1,2,7,3,1,3
SF,IF2005,2020-04-13 11:28:15.100,3731.0000,11020,0,4730783820.000,0,-,-,-,-,3730.8000,3728.8000,3727.4000,3727.0000,3726.8000,3731.8000,3732.0000,3732.8000,3733.2000,3733.8000,1,1,2,2,1,2,7,3,1,3
SF,IF2005,2020-04-13 11:28:15.600,3731.0000,11020,0,4730783820.000,0,-,-,-,-,3730.8000,3728.8000,3727.4000,3727.0000,3726.8000,3731.8000,3732.0000,3732.8000,3733.2000,3733.8000,1,1,2,2,1,1,2,3,1,3
SF,IF2005,2020-04-13 11:28:18.100,3731.8000,11020,0,4731903360.000,1,0,1,空换,B,3730.8000,3728.8000,3727.4000,3727.0000,3726.8000,3731.0000,3732.0000,3732.8000,3733.2000,3733.8000,1,1,2,2,1,4,2,3,1,3
SF,IF2005,2020-04-13 11:28:18.600,3731.0000,11024,4,4736380560.000,4,4,0,双开,B,3731.2000,3731.0000,3730.8000,3728.8000,3727.4000,3732.0000,3732.8000,3733.2000,3733.8000,3734.8000,1,3,1,1,2,2,3,1,3,1
SF,IF2005,2020-04-13 11:28:19.100,3731.0000,11024,0,4736380560.000,0,-,-,-,-,3731.0000,3730.8000,3728.8000,3727.4000,3727.0000,3732.0000,3732.8000,3733.2000,3733.8000,3734.8000,3,1,1,2,2,2,3,1,3,1
SF,IF2005,2020-04-13 11:28:19.600,3731.0000,11024,0,4736380560.000,0,-,-,-,-,3731.2000,3731.0000,3730.8000,3728.8000,3727.4000,3732.0000,3732.8000,3733.2000,3733.8000,3734.8000,1,3,1,1,2,2,3,1,3,1
SF,IF2005,2020-04-13 11:28:21.600,3731.0000,11024,0,4736380560.000,0,-,-,-,-,3731.2000,3731.0000,3730.8000,3728.8000,3727.4000,3731.8000,3732.0000,3732.8000,3733.2000,3733.8000,1,3,1,1,2,5,2,3,1,3
SF,IF2005,2020-04-13 11:28:22.100,3731.0000,11024,0,4736380560.000,0,-,-,-,-,3731.8000,3731.2000,3731.0000,3730.8000,3728.8000,3732.0000,3732.8000,3733.2000,3733.8000,3734.8000,3,1,3,1,1,2,3,1,3,1
SF,IF2005,2020-04-13 11:28:22.600,3731.8000,11027,3,4739739180.000,3,3,0,双开,B,3731.2000,3731.0000,3730.8000,3728.8000,3727.4000,3731.8000,3732.0000,3732.8000,3733.2000,3733.8000,1,3,1,1,2,1,2,3,1,3
SF,IF2005,2020-04-13 11:28:23.100,3731.8000,11027,0,4739739180.000,0,-,-,-,-,3731.0000,3730.8000,3728.8000,3727.4000,3727.0000,3731.8000,3732.0000,3732.8000,3733.2000,3733.8000,1,1,1,2,2,6,2,3,1,3
SF,IF2005,2020-04-13 11:28:23.600,3731.8000,11027,0,4739739180.000,0,-,-,-,-,3731.0000,3730.8000,3728.8000,3727.4000,3727.0000,3731.4000,3732.0000,3732.8000,3733.2000,3733.8000,1,1,1,2,2,1,2,3,1,3
SF,IF2005,2020-04-13 11:28:24.100,3731.4000,11028,1,4740858600.000,1,1,0,双开,B,3731.0000,3730.8000,3728.8000,3727.4000,3727.0000,3732.0000,3732.8000,3733.2000,3733.8000,3734.8000,1,1,1,2,2,2,3,1,3,1
SF,IF2005,2020-04-13 11:28:24.600,3731.4000,11028,0,4740858600.000,0,-,-,-,-,3731.8000,3731.4000,3731.2000,3731.0000,3730.8000,3732.0000,3732.8000,3733.2000,3733.8000,3734.8000,2,1,1,1,1,2,3,1,3,1
SF,IF2005,2020-04-13 11:28:25.100,3731.4000,11028,0,4740858600.000,0,-,-,-,-,3731.8000,3731.2000,3731.0000,3730.8000,3728.8000,3732.0000,3732.8000,3733.2000,3733.8000,3734.8000,2,1,1,1,1,2,3,1,3,1
SF,IF2005,2020-04-13 11:28:25.600,3731.8000,11029,1,4741978140.000,1,1,0,双开,B,3731.8000,3731.2000,3731.0000,3730.8000,3728.8000,3732.0000,3732.8000,3733.2000,3733.8000,3734.8000,1,1,1,1,1,2,3,1,3,1
SF,IF2005,2020-04-13 11:28:26.100,3731.8000,11030,1,4743097680.000,1,1,0,双开,B,3731.2000,3731.0000,3730.8000,3728.8000,3727.4000,3732.0000,3732.8000,3733.2000,3733.8000,3734.8000,1,1,1,1,2,2,3,1,3,1
SF,IF2005,2020-04-13 11:28:27.100,3731.8000,11030,0,4743097680.000,0,-,-,-,-,3731.2000,3731.0000,3730.8000,3728.8000,3727.4000,3731.8000,3732.0000,3732.8000,3733.2000,3733.8000,1,1,1,1,2,5,2,3,1,3
SF,IF2005,2020-04-13 11:28:27.600,3731.8000,11030,0,4743097680.000,0,-,-,-,-,3731.2000,3731.0000,3730.8000,3728.8000,3727.4000,3732.0000,3732.8000,3733.2000,3733.8000,3734.8000,1,1,1,1,2,2,3,1,3,1
SF,IF2005,2020-04-13 11:28:30.100,3731.8000,11030,0,4743097680.000,0,-,-,-,-,3731.2000,3731.0000,3730.8000,3728.8000,3727.4000,3731.8000,3732.0000,3732.8000,3733.2000,3733.8000,1,1,1,1,2,5,2,3,1,3
SF,IF2005,2020-04-13 11:28:31.600,3731.8000,11030,0,4743097680.000,0,-,-,-,-,3731.2000,3731.0000,3728.8000,3727.4000,3727.0000,3731.8000,3732.0000,3732.8000,3733.2000,3733.8000,1,1,1,2,2,5,2,3,1,3
SF,IF2005,2020-04-13 11:28:32.100,3731.8000,11030,0,4743097680.000,0,-,-,-,-,3731.2000,3731.0000,3728.8000,3727.4000,3727.0000,3731.6000,3731.8000,3732.0000,3732.8000,3733.2000,1,2,1,2,2,1,5,2,3,1
SF,IF2005,2020-04-13 11:28:32.600,3731.6000,11030,0,4744217160.000,1,0,1,空换,B,3731.6000,3731.2000,3731.0000,3728.8000,3727.4000,3732.0000,3732.8000,3733.2000,3733.8000,3734.8000,1,1,2,1,2,2,3,1,3,1
SF,IF2005,2020-04-13 11:28:33.100,3731.6000,11030,0,4744217160.000,0,-,-,-,-,3731.2000,3731.0000,3728.8000,3727.4000,3727.0000,3732.0000,3732.8000,3733.2000,3733.8000,3734.8000,1,2,1,2,2,2,3,1,3,1
SF,IF2005,2020-04-13 11:28:33.600,3732.0000,11032,2,4746456360.000,2,2,0,双开,B,3731.2000,3731.0000,3728.8000,3727.4000,3727.0000,3732.8000,3733.2000,3733.8000,3734.8000,3735.0000,1,2,1,2,2,3,1,3,1,1
SF,IF2005,2020-04-13 11:28:34.100,3732.0000,11032,0,4746456360.000,0,-,-,-,-,3731.2000,3731.0000,3728.8000,3727.4000,3727.0000,3732.4000,3732.6000,3732.8000,3733.2000,3733.8000,1,2,1,2,2,5,4,3,1,3
SF,IF2005,2020-04-13 11:28:34.600,3732.0000,11032,0,4746456360.000,0,-,-,-,-,3731.4000,3731.2000,3731.0000,3728.8000,3727.4000,3732.4000,3732.6000,3732.8000,3733.2000,3733.8000,1,1,2,1,2,5,4,3,1,3
SF,IF2005,2020-04-13 11:28:35.100,3732.0000,11032,0,4746456360.000,0,-,-,-,-,3731.6000,3731.4000,3731.0000,3728.8000,3727.4000,3732.4000,3732.6000,3732.8000,3733.2000,3733.8000,1,1,2,1,2,5,4,3,1,3
SF,IF2005,2020-04-13 11:28:35.600,3732.0000,11032,0,4746456360.000,0,-,-,-,-,3731.6000,3731.4000,3731.0000,3728.8000,3727.4000,3732.4000,3732.6000,3732.8000,3733.2000,3733.8000,1,1,2,1,2,5,4,3,1,3
SF,IF2005,2020-04-13 11:28:38.100,3732.0000,11032,0,4746456360.000,0,-,-,-,-,3732.4000,3731.6000,3731.4000,3731.0000,3728.8000,3732.6000,3732.8000,3733.2000,3733.8000,3734.8000,5,1,1,2,1,4,3,1,3,1
SF,IF2005,2020-04-13 11:28:38.600,3732.4000,11033,1,4747576080.000,1,1,0,双开,B,3731.6000,3731.0000,3728.8000,3727.4000,3727.0000,3732.6000,3732.8000,3733.2000,3733.8000,3734.8000,1,2,1,2,2,2,3,1,3,1
SF,IF2005,2020-04-13 11:28:39.100,3732.4000,11033,0,4747576080.000,0,-,-,-,-,3731.6000,3731.0000,3728.8000,3727.4000,3727.0000,3732.6000,3732.8000,3733.2000,3733.8000,3734.8000,1,2,1,2,2,1,3,1,3,1
SF,IF2005,2020-04-13 11:28:39.600,3732.4000,11033,0,4747576080.000,0,-,-,-,-,3731.6000,3731.0000,3728.8000,3727.4000,3727.0000,3732.6000,3732.8000,3733.2000,3733.8000,3734.8000,1,2,1,2,2,1,3,1,1,1
SF,IF2005,2020-04-13 11:28:40.100,3732.4000,11033,0,4747576080.000,0,-,-,-,-,3732.6000,3731.8000,3731.6000,3731.0000,3728.8000,3732.8000,3733.2000,3733.8000,3734.8000,3735.0000,1,1,1,2,1,2,1,1,3,1
SF,IF2005,2020-04-13 11:28:40.600,3732.6000,11034,1,4748695860.000,1,1,0,双开,B,3731.8000,3731.6000,3731.0000,3728.8000,3727.4000,3732.6000,3732.8000,3733.2000,3733.8000,3734.8000,1,1,2,1,2,5,2,1,1,3
SF,IF2005,2020-04-13 11:28:41.100,3732.6000,11034,0,4748695860.000,0,-,-,-,-,3732.0000,3731.8000,3731.0000,3728.8000,3727.4000,3732.8000,3733.2000,3733.8000,3734.8000,3735.0000,1,1,2,1,2,2,1,1,3,1
SF,IF2005,2020-04-13 11:28:41.600,3732.6000,11034,0,4748695860.000,0,-,-,-,-,3731.8000,3731.0000,3728.8000,3727.4000,3727.0000,3732.4000,3732.8000,3733.2000,3733.8000,3734.8000,1,2,1,2,2,5,2,1,1,3
SF,IF2005,2020-04-13 11:28:43.600,3732.6000,11034,0,4748695860.000,0,-,-,-,-,3731.0000,3728.8000,3727.4000,3727.0000,3726.8000,3732.4000,3732.8000,3733.2000,3733.8000,3734.8000,2,1,2,2,1,5,2,1,1,3
SF,IF2005,2020-04-13 11:28:44.100,3732.6000,11034,0,4748695860.000,0,-,-,-,-,3731.4000,3731.2000,3731.0000,3728.8000,3727.4000,3732.8000,3733.2000,3733.8000,3734.8000,3735.0000,1,2,2,1,2,2,1,1,3,1
SF,IF2005,2020-04-13 11:28:44.600,3732.6000,11034,0,4748695860.000,0,-,-,-,-,3731.6000,3731.4000,3731.2000,3731.0000,3728.8000,3732.8000,3733.2000,3733.8000,3734.8000,3735.0000,1,1,1,2,1,2,1,1,3,1
SF,IF2005,2020-04-13 11:28:45.100,3732.6000,11034,0,4748695860.000,0,-,-,-,-,3731.6000,3731.4000,3731.2000,3731.0000,3728.8000,3732.8000,3733.2000,3733.8000,3734.8000,3735.0000,1,1,2,1,1,2,1,1,3,1
SF,IF2005,2020-04-13 11:28:45.600,3732.6000,11034,0,4748695860.000,0,-,-,-,-,3731.6000,3731.4000,3731.2000,3731.0000,3728.8000,3732.6000,3732.8000,3733.2000,3733.8000,3734.8000,1,1,2,1,1,5,2,1,1,3
SF,IF2005,2020-04-13 11:28:46.600,3732.6000,11034,0,4748695860.000,0,-,-,-,-,3731.6000,3731.4000,3731.2000,3731.0000,3728.8000,3732.6000,3732.8000,3733.2000,3733.8000,3734.8000,1,1,2,1,1,5,2,1,1,3
SF,IF2005,2020-04-13 11:28:48.600,3732.6000,11034,0,4748695860.000,0,-,-,-,-,3731.6000,3731.4000,3731.2000,3731.0000,3728.8000,3732.2000,3732.6000,3732.8000,3733.2000,3733.8000,1,1,2,1,1,5,5,2,1,1
SF,IF2005,2020-04-13 11:28:50.100,3732.6000,11034,0,4748695860.000,0,-,-,-,-,3732.2000,3731.6000,3731.4000,3731.2000,3731.0000,3732.6000,3732.8000,3733.2000,3733.8000,3734.8000,2,1,1,2,1,5,2,1,1,3
SF,IF2005,2020-04-13 11:28:50.600,3732.2000,11035,1,4749815520.000,1,1,0,双开,B,3731.6000,3731.4000,3731.2000,3731.0000,3728.8000,3732.6000,3732.8000,3733.2000,3733.8000,3734.8000,1,1,2,1,1,5,2,1,1,3
SF,IF2005,2020-04-13 11:28:51.100,3732.2000,11035,0,4749815520.000,0,-,-,-,-,3731.6000,3731.4000,3731.2000,3731.0000,3728.8000,3732.8000,3733.2000,3733.8000,3734.8000,3735.0000,1,1,1,1,1,2,1,1,3,1
SF,IF2005,2020-04-13 11:28:52.100,3732.2000,11035,0,4749815520.000,0,-,-,-,-,3732.2000,3731.6000,3731.4000,3731.2000,3731.0000,3732.6000,3732.8000,3733.2000,3733.8000,3734.8000,1,1,1,1,1,5,2,1,1,3
SF,IF2005,2020-04-13 11:28:52.600,3732.2000,11036,1,4750935180.000,1,1,0,双开,B,3731.6000,3731.4000,3731.2000,3731.0000,3728.8000,3732.8000,3733.2000,3733.8000,3734.8000,3735.0000,1,1,1,1,1,2,1,1,3,1
SF,IF2005,2020-04-13 11:28:53.100,3732.2000,11036,0,4750935180.000,0,-,-,-,-,3731.6000,3731.4000,3731.2000,3731.0000,3728.8000,3732.6000,3732.8000,3733.2000,3733.8000,3734.8000,1,1,1,1,1,8,2,1,1,3
SF,IF2005,2020-04-13 11:28:54.100,3732.2000,11036,0,4750935180.000,0,-,-,-,-,3731.6000,3731.4000,3731.2000,3731.0000,3728.8000,3732.4000,3732.6000,3732.8000,3733.2000,3733.8000,1,1,1,1,1,5,8,2,1,1
SF,IF2005,2020-04-13 11:28:54.600,3732.2000,11036,0,4750935180.000,0,-,-,-,-,3731.6000,3731.4000,3731.2000,3731.0000,3728.8000,3732.4000,3732.6000,3732.8000,3733.2000,3733.8000,1,1,1,1,1,5,8,2,1,1
SF,IF2005,2020-04-13 11:28:57.100,3732.2000,11036,0,4750935180.000,0,-,-,-,-,3731.6000,3731.4000,3731.2000,3731.0000,3728.8000,3732.4000,3732.6000,3732.8000,3733.2000,3733.8000,1,1,1,1,1,5,8,2,1,1
SF,IF2005,2020-04-13 11:28:57.600,3732.2000,11036,0,4750935180.000,0,-,-,-,-,3731.6000,3731.4000,3731.0000,3728.8000,3727.4000,3732.4000,3732.6000,3732.8000,3733.2000,3733.8000,1,1,1,1,2,5,8,2,1,1
SF,IF2005,2020-04-13 11:28:58.100,3732.2000,11036,0,4750935180.000,0,-,-,-,-,3731.6000,3731.4000,3731.0000,3728.8000,3727.4000,3732.4000,3732.6000,3732.8000,3733.2000,3733.8000,2,1,1,1,2,5,8,2,1,1
SF,IF2005,2020-04-13 11:28:59.100,3731.6000,11036,0,4752054660.000,1,0,1,空换,B,3731.6000,3731.4000,3731.0000,3728.8000,3727.4000,3732.0000,3732.4000,3732.6000,3732.8000,3733.2000,1,1,1,1,2,5,5,8,2,1
SF,IF2005,2020-04-13 11:29:00.100,3731.6000,11036,0,4752054660.000,0,-,-,-,-,3731.6000,3731.4000,3731.0000,3728.8000,3727.4000,3732.0000,3732.4000,3732.6000,3732.8000,3733.2000,1,1,1,1,2,5,5,7,2,1
SF,IF2005,2020-04-13 11:29:00.600,3731.6000,11036,0,4752054660.000,0,-,-,-,-,3731.6000,3731.4000,3731.0000,3728.8000,3727.4000,3732.4000,3732.6000,3732.8000,3733.2000,3733.8000,1,1,1,1,2,5,7,2,1,1
SF,IF2005,2020-04-13 11:29:01.100,3732.4000,11037,1,4753174380.000,1,1,0,双开,B,3731.6000,3731.4000,3731.0000,3728.8000,3727.4000,3732.4000,3732.6000,3732.8000,3733.2000,3733.8000,1,1,1,1,2,4,7,2,1,1
SF,IF2005,2020-04-13 11:29:01.600,3732.4000,11037,0,4753174380.000,0,-,-,-,-,3732.4000,3731.6000,3731.4000,3731.0000,3728.8000,3732.6000,3732.8000,3733.2000,3733.8000,3734.8000,2,1,1,1,1,7,2,1,1,1
SF,IF2005,2020-04-13 11:29:02.100,3732.4000,11037,0,4753174380.000,0,-,-,-,-,3731.6000,3731.4000,3731.0000,3728.8000,3727.4000,3732.6000,3732.8000,3733.2000,3733.8000,3734.8000,1,1,1,1,2,7,2,1,1,1
SF,IF2005,2020-04-13 11:29:02.600,3732.4000,11037,0,4753174380.000,0,-,-,-,-,3731.6000,3731.0000,3728.8000,3727.4000,3727.0000,3732.6000,3732.8000,3733.2000,3733.8000,3734.8000,1,1,1,2,2,7,2,1,1,1
SF,IF2005,2020-04-13 11:29:05.100,3732.4000,11037,0,4753174380.000,0,-,-,-,-,3731.6000,3731.0000,3728.8000,3727.4000,3727.0000,3732.6000,3732.8000,3733.2000,3733.8000,3734.8000,1,1,1,1,2,7,2,1,1,1
SF,IF2005,2020-04-13 11:29:07.600,3732.4000,11037,0,4753174380.000,0,-,-,-,-,3731.6000,3731.0000,3728.8000,3727.4000,3727.0000,3732.4000,3732.6000,3732.8000,3733.2000,3733.8000,1,1,1,1,2,5,7,2,1,1
SF,IF2005,2020-04-13 11:29:09.600,3732.4000,11037,0,4753174380.000,0,-,-,-,-,3731.6000,3731.0000,3728.8000,3727.4000,3727.0000,3732.2000,3732.4000,3732.6000,3732.8000,3733.2000,1,1,1,1,2,5,5,7,2,1
SF,IF2005,2020-04-13 11:29:10.100,3732.4000,11037,0,4753174380.000,0,-,-,-,-,3731.6000,3731.0000,3728.8000,3727.4000,3727.0000,3732.4000,3732.6000,3732.8000,3733.2000,3733.8000,1,1,1,1,2,5,7,2,1,1
SF,IF2005,2020-04-13 11:29:10.600,3732.4000,11037,0,4753174380.000,0,-,-,-,-,3731.6000,3731.0000,3728.8000,3727.4000,3727.0000,3732.2000,3732.4000,3732.6000,3732.8000,3733.2000,1,1,1,1,2,6,5,6,2,1
SF,IF2005,2020-04-13 11:29:11.100,3731.6000,11038,1,4754293860.000,1,1,0,双开,B,3731.0000,3728.8000,3727.4000,3727.0000,3726.8000,3731.8000,3732.2000,3732.4000,3732.6000,3732.8000,1,1,1,2,2,5,8,5,6,2
SF,IF2005,2020-04-13 11:29:11.600,3731.6000,11038,0,4754293860.000,0,-,-,-,-,3731.0000,3728.8000,3727.4000,3727.0000,3726.8000,3731.8000,3732.2000,3732.4000,3732.6000,3732.8000,1,1,1,1,2,5,8,5,6,2
SF,IF2005,2020-04-13 11:29:12.100,3731.6000,11038,0,4754293860.000,0,-,-,-,-,3731.0000,3728.8000,3727.4000,3727.0000,3726.8000,3732.2000,3732.4000,3732.6000,3732.8000,3733.2000,1,1,1,1,2,8,5,6,2,1
SF,IF2005,2020-04-13 11:29:12.600,3731.6000,11038,0,4754293860.000,0,-,-,-,-,3731.0000,3728.8000,3727.4000,3727.0000,3726.8000,3732.0000,3732.2000,3732.4000,3732.6000,3732.8000,1,1,1,1,2,1,8,5,5,2
SF,IF2005,2020-04-13 11:29:13.100,3731.6000,11038,0,4754293860.000,0,-,-,-,-,3731.0000,3728.8000,3727.4000,3727.0000,3726.8000,3732.0000,3732.2000,3732.4000,3732.6000,3732.8000,1,1,1,1,2,4,8,5,5,2
SF,IF2005,2020-04-13 11:29:13.600,3731.6000,11038,0,4754293860.000,0,-,-,-,-,3731.0000,3728.8000,3727.4000,3727.0000,3726.8000,3732.0000,3732.2000,3732.4000,3732.6000,3732.8000,1,1,1,1,2,1,8,5,5,2
SF,IF2005,2020-04-13 11:29:14.100,3732.0000,11038,0,4755413460.000,1,0,1,空换,B,3731.0000,3728.8000,3727.4000,3727.0000,3726.8000,3732.2000,3732.4000,3732.6000,3732.8000,3733.2000,1,1,1,1,2,8,5,5,2,1
SF,IF2005,2020-04-13 11:29:14.600,3732.0000,11038,0,4755413460.000,0,-,-,-,-,3731.2000,3731.0000,3728.8000,3727.4000,3727.0000,3731.8000,3732.2000,3732.4000,3732.6000,3732.8000,1,1,1,1,1,5,8,5,5,2
SF,IF2005,2020-04-13 11:29:15.100,3732.0000,11038,0,4755413460.000,0,-,-,-,-,3731.2000,3731.0000,3728.8000,3727.4000,3727.0000,3732.2000,3732.4000,3732.6000,3732.8000,3733.2000,1,1,1,1,1,8,5,5,2,1
SF,IF2005,2020-04-13 11:29:17.100,3732.0000,11038,0,4755413460.000,0,-,-,-,-,3731.2000,3731.0000,3728.8000,3727.4000,3727.0000,3732.0000,3732.2000,3732.4000,3732.6000,3732.8000,1,1,1,1,1,3,8,5,5,2
SF,IF2005,2020-04-13 11:29:18.100,3732.0000,11038,0,4755413460.000,0,-,-,-,-,3731.2000,3731.0000,3728.8000,3727.4000,3727.0000,3732.2000,3732.4000,3732.6000,3732.8000,3733.2000,1,1,1,1,1,3,5,5,2,1
SF,IF2005,2020-04-13 11:29:19.100,3732.0000,11038,0,4755413460.000,0,-,-,-,-,3731.2000,3731.0000,3730.0000,3728.8000,3727.4000,3732.2000,3732.4000,3732.6000,3732.8000,3733.2000,1,1,1,1,1,3,5,5,2,1
SF,IF2005,2020-04-13 11:29:22.100,3732.0000,11038,0,4755413460.000,0,-,-,-,-,3731.2000,3731.0000,3730.0000,3728.8000,3727.4000,3732.2000,3732.4000,3732.6000,3732.8000,3733.2000,1,1,1,1,1,4,5,5,2,1
SF,IF2005,2020-04-13 11:29:24.600,3732.0000,11038,0,4755413460.000,0,-,-,-,-,3732.0000,3731.2000,3731.0000,3730.0000,3728.8000,3732.2000,3732.4000,3732.6000,3732.8000,3733.2000,2,1,1,1,1,4,5,5,2,1
SF,IF2005,2020-04-13 11:29:25.100,3732.0000,11038,0,4757652660.000,2,1,1,空换,B,3731.2000,3731.0000,3730.0000,3728.8000,3727.4000,3731.8000,3732.0000,3732.2000,3732.4000,3732.6000,1,1,1,1,1,7,3,2,5,5
SF,IF2005,2020-04-13 11:29:25.600,3732.0000,11038,0,4757652660.000,0,-,-,-,-,3731.2000,3731.0000,3730.0000,3728.8000,3727.4000,3731.8000,3732.0000,3732.2000,3732.4000,3732.6000,1,1,1,1,1,5,1,2,5,5
SF,IF2005,2020-04-13 11:29:26.100,3732.0000,11038,0,4757652660.000,0,-,-,-,-,3731.2000,3731.0000,3730.0000,3728.8000,3727.4000,3731.6000,3732.2000,3732.4000,3732.6000,3732.8000,1,1,1,1,1,1,2,5,5,2
SF,IF2005,2020-04-13 11:29:26.600,3731.6000,11039,1,4758772140.000,1,1,0,双开,B,3731.2000,3731.0000,3730.0000,3728.8000,3727.4000,3732.2000,3732.4000,3732.6000,3732.8000,3733.2000,1,1,1,1,1,2,5,5,2,1
SF,IF2005,2020-04-13 11:29:27.100,3731.6000,11039,0,4758772140.000,0,-,-,-,-,3731.2000,3731.0000,3730.0000,3728.8000,3727.4000,3732.0000,3732.2000,3732.4000,3732.6000,3732.8000,1,1,1,1,1,5,2,5,5,2
SF,IF2005,2020-04-13 11:29:27.600,3731.6000,11039,0,4758772140.000,0,-,-,-,-,3731.2000,3731.0000,3730.0000,3728.8000,3727.4000,3732.2000,3732.4000,3732.6000,3732.8000,3733.2000,1,1,1,1,1,2,5,5,2,1
SF,IF2005,2020-04-13 11:29:29.100,3731.6000,11039,0,4758772140.000,0,-,-,-,-,3731.2000,3731.0000,3730.0000,3728.8000,3727.4000,3732.0000,3732.2000,3732.4000,3732.6000,3732.8000,1,1,1,1,1,5,2,5,5,2
SF,IF2005,2020-04-13 11:29:31.100,3731.6000,11039,0,4758772140.000,0,-,-,-,-,3731.2000,3731.0000,3730.0000,3728.8000,3727.4000,3732.2000,3732.4000,3732.6000,3732.8000,3733.2000,1,1,1,1,1,2,5,5,2,1
SF,IF2005,2020-04-13 11:29:33.600,3731.6000,11039,0,4758772140.000,0,-,-,-,-,3731.2000,3731.0000,3730.0000,3728.8000,3727.4000,3732.0000,3732.2000,3732.4000,3732.6000,3732.8000,1,1,1,1,1,5,2,5,5,2
SF,IF2005,2020-04-13 11:29:34.100,3731.6000,11039,0,4758772140.000,0,-,-,-,-,3731.2000,3731.0000,3730.0000,3728.8000,3727.4000,3732.0000,3732.2000,3732.4000,3732.6000,3732.8000,1,1,1,1,1,6,2,5,5,2
SF,IF2005,2020-04-13 11:29:34.600,3731.6000,11039,0,4758772140.000,0,-,-,-,-,3731.2000,3731.0000,3730.0000,3728.8000,3727.4000,3732.0000,3732.2000,3732.4000,3732.6000,3732.8000,1,1,1,1,1,1,2,5,5,2
SF,IF2005,2020-04-13 11:29:35.600,3731.6000,11039,0,4758772140.000,0,-,-,-,-,3731.2000,3731.0000,3730.0000,3728.8000,3727.4000,3732.2000,3732.4000,3732.6000,3732.8000,3733.2000,1,1,1,1,1,2,5,5,2,1
SF,IF2005,2020-04-13 11:29:36.600,3731.6000,11039,0,4758772140.000,0,-,-,-,-,3731.2000,3731.0000,3730.0000,3728.8000,3727.4000,3732.2000,3732.4000,3732.6000,3732.8000,3733.2000,1,1,1,1,1,1,5,5,2,1
SF,IF2005,2020-04-13 11:29:37.600,3731.6000,11039,0,4758772140.000,0,-,-,-,-,3731.2000,3731.0000,3730.0000,3728.8000,3727.4000,3732.4000,3732.6000,3732.8000,3733.2000,3733.8000,1,1,1,1,1,5,5,2,1,1
SF,IF2005,2020-04-13 11:29:38.600,3731.6000,11039,0,4758772140.000,0,-,-,-,-,3731.4000,3731.2000,3731.0000,3730.0000,3728.8000,3732.4000,3732.6000,3732.8000,3733.2000,3733.8000,1,1,1,1,1,5,5,2,1,1
SF,IF2005,2020-04-13 11:29:39.100,3731.6000,11039,0,4758772140.000,0,-,-,-,-,3731.6000,3731.4000,3731.0000,3730.0000,3728.8000,3732.4000,3732.6000,3732.8000,3733.2000,3733.8000,1,1,1,1,1,5,5,2,1,1
SF,IF2005,2020-04-13 11:29:39.600,3731.6000,11039,0,4758772140.000,0,-,-,-,-,3731.6000,3731.4000,3731.0000,3730.0000,3728.8000,3732.2000,3732.4000,3732.6000,3732.8000,3733.2000,1,1,1,1,1,5,5,5,2,1
SF,IF2005,2020-04-13 11:29:40.100,3731.6000,11039,0,4758772140.000,0,-,-,-,-,3731.6000,3731.4000,3731.0000,3730.0000,3728.8000,3732.6000,3732.8000,3733.2000,3733.8000,3734.8000,1,1,1,1,1,5,2,1,1,1
SF,IF2005,2020-04-13 11:29:40.600,3731.6000,11039,0,4758772140.000,0,-,-,-,-,3731.6000,3731.4000,3731.0000,3730.0000,3728.8000,3732.4000,3732.6000,3732.8000,3733.2000,3733.8000,1,1,1,1,1,5,5,2,1,1
SF,IF2005,2020-04-13 11:29:41.100,3731.6000,11039,0,4758772140.000,0,-,-,-,-,3731.6000,3731.4000,3731.0000,3730.0000,3728.8000,3732.6000,3732.8000,3733.2000,3733.8000,3734.8000,1,1,1,1,1,5,2,1,1,1
SF,IF2005,2020-04-13 11:29:42.600,3731.6000,11038,-1,4759891620.000,1,0,1,双平,B,3731.4000,3731.0000,3730.0000,3728.8000,3727.4000,3732.6000,3732.8000,3733.2000,3733.8000,3734.8000,1,1,1,1,1,6,2,1,1,1
SF,IF2005,2020-04-13 11:29:43.100,3731.6000,11038,0,4759891620.000,0,-,-,-,-,3731.4000,3731.0000,3730.0000,3728.8000,3727.4000,3732.4000,3732.6000,3732.8000,3733.2000,3733.8000,1,1,1,1,1,6,6,2,1,1
SF,IF2005,2020-04-13 11:29:43.600,3731.6000,11038,0,4759891620.000,0,-,-,-,-,3731.0000,3730.0000,3728.8000,3727.4000,3727.0000,3732.0000,3732.4000,3732.6000,3732.8000,3733.2000,1,1,1,1,1,5,9,6,2,1
SF,IF2005,2020-04-13 11:29:44.100,3731.6000,11038,0,4759891620.000,0,-,-,-,-,3731.2000,3731.0000,3730.0000,3728.8000,3727.4000,3732.4000,3732.6000,3732.8000,3733.2000,3733.8000,2,1,1,1,1,9,6,2,1,1
SF,IF2005,2020-04-13 11:29:44.600,3731.6000,11038,0,4759891620.000,0,-,-,-,-,3731.2000,3731.0000,3730.0000,3728.8000,3727.4000,3732.4000,3732.6000,3732.8000,3733.8000,3734.8000,3,1,1,1,1,4,6,2,1,1
SF,IF2005,2020-04-13 11:29:45.100,3731.6000,11038,0,4759891620.000,0,-,-,-,-,3731.2000,3731.0000,3730.0000,3728.8000,3727.4000,3732.4000,3732.6000,3732.8000,3733.8000,3734.8000,3,1,1,1,1,3,6,2,1,1
SF,IF2005,2020-04-13 11:29:46.600,3731.6000,11038,0,4759891620.000,0,-,-,-,-,3731.2000,3731.0000,3730.0000,3728.8000,3727.4000,3732.4000,3732.6000,3732.8000,3733.8000,3734.8000,3,1,1,1,1,2,6,2,1,1
SF,IF2005,2020-04-13 11:29:47.100,3731.6000,11038,0,4759891620.000,0,-,-,-,-,3731.2000,3731.0000,3730.0000,3728.8000,3727.4000,3732.4000,3732.6000,3732.8000,3733.8000,3734.8000,3,1,1,1,1,2,6,2,1,1
SF,IF2005,2020-04-13 11:29:47.600,3731.6000,11038,0,4759891620.000,0,-,-,-,-,3731.6000,3731.2000,3731.0000,3730.0000,3728.8000,3732.4000,3732.6000,3732.8000,3733.8000,3734.8000,1,2,1,1,1,2,6,2,1,1
SF,IF2005,2020-04-13 11:29:48.100,3731.6000,11038,0,4759891620.000,0,-,-,-,-,3731.6000,3731.2000,3731.0000,3730.0000,3728.8000,3732.4000,3732.6000,3732.8000,3733.8000,3734.8000,1,2,1,1,1,1,1,2,1,1
SF,IF2005,2020-04-13 11:29:48.600,3731.6000,11038,0,4759891620.000,0,-,-,-,-,3731.6000,3731.2000,3731.0000,3730.0000,3728.8000,3732.4000,3732.8000,3733.8000,3734.8000,3735.0000,1,2,1,1,1,1,2,1,1,1
SF,IF2005,2020-04-13 11:29:50.600,3731.6000,11038,0,4759891620.000,0,-,-,-,-,3731.6000,3731.2000,3731.0000,3730.0000,3728.8000,3732.4000,3732.8000,3733.8000,3734.8000,3735.0000,1,2,1,1,1,1,2,1,1,1
SF,IF2005,2020-04-13 11:29:51.100,3731.6000,11038,0,4759891620.000,0,-,-,-,-,3731.6000,3731.2000,3731.0000,3730.0000,3728.8000,3732.8000,3733.8000,3734.8000,3735.0000,3735.8000,1,1,1,1,1,2,1,1,1,1
SF,IF2005,2020-04-13 11:29:51.600,3731.6000,11038,0,4759891620.000,0,-,-,-,-,3731.8000,3731.6000,3731.0000,3730.0000,3728.8000,3732.8000,3733.8000,3734.8000,3735.0000,3735.8000,1,1,1,1,1,2,1,1,1,1
SF,IF2005,2020-04-13 11:29:52.100,3731.6000,11038,0,4759891620.000,0,-,-,-,-,3732.0000,3731.8000,3731.0000,3730.0000,3728.8000,3732.8000,3733.8000,3734.8000,3735.0000,3735.8000,1,3,1,1,1,2,1,1,1,1
SF,IF2005,2020-04-13 11:29:52.600,3732.8000,11038,0,4762131300.000,2,1,1,空换,B,3732.2000,3732.0000,3731.8000,3731.0000,3730.0000,3733.8000,3734.8000,3735.0000,3735.8000,3736.4000,2,1,1,1,1,1,1,1,1,2
SF,IF2005,2020-04-13 11:29:53.100,3732.8000,11038,0,4762131300.000,0,-,-,-,-,3732.2000,3732.0000,3731.8000,3731.0000,3730.0000,3733.4000,3733.6000,3733.8000,3734.8000,3735.0000,2,1,1,1,1,6,2,1,1,1
SF,IF2005,2020-04-13 11:29:53.600,3732.8000,11038,0,4762131300.000,0,-,-,-,-,3732.2000,3732.0000,3731.0000,3730.0000,3728.8000,3733.4000,3733.6000,3733.8000,3734.8000,3735.0000,2,1,1,1,1,1,3,1,1,1
SF,IF2005,2020-04-13 11:29:54.100,3732.8000,11038,0,4762131300.000,0,-,-,-,-,3732.4000,3732.2000,3731.0000,3730.0000,3728.8000,3733.4000,3733.6000,3733.8000,3734.8000,3735.0000,1,2,1,1,1,1,3,1,1,1
SF,IF2005,2020-04-13 11:29:54.600,3732.8000,11038,0,4762131300.000,0,-,-,-,-,3732.6000,3732.4000,3732.2000,3731.0000,3730.0000,3733.4000,3733.6000,3733.8000,3734.8000,3735.0000,1,1,1,1,1,1,3,1,1,1
SF,IF2005,2020-04-13 11:29:55.100,3732.8000,11038,0,4762131300.000,0,-,-,-,-,3732.6000,3732.4000,3732.2000,3731.0000,3730.0000,3733.6000,3733.8000,3734.8000,3735.0000,3735.8000,1,1,1,1,1,2,1,1,1,1
SF,IF2005,2020-04-13 11:29:55.600,3732.8000,11038,0,4762131300.000,0,-,-,-,-,3732.6000,3732.4000,3732.2000,3731.0000,3730.0000,3733.6000,3733.8000,3734.8000,3735.0000,3735.8000,1,1,1,1,1,2,1,1,1,1
SF,IF2005,2020-04-13 11:29:57.100,3732.8000,11038,0,4762131300.000,0,-,-,-,-,3732.6000,3732.4000,3732.2000,3731.0000,3730.0000,3733.4000,3733.6000,3733.8000,3734.8000,3735.0000,1,1,1,1,1,5,2,1,1,1
SF,IF2005,2020-04-13 11:29:57.600,3732.8000,11038,0,4762131300.000,0,-,-,-,-,3732.6000,3731.0000,3730.0000,3728.8000,3727.0000,3733.6000,3733.8000,3734.8000,3735.0000,3735.8000,1,1,1,1,1,1,1,1,1,1
SF,IF2005,2020-04-13 11:29:58.600,3732.8000,11038,0,4762131300.000,0,-,-,-,-,3732.6000,3731.0000,3730.0000,3728.8000,3727.0000,3733.6000,3733.8000,3734.8000,3735.0000,3735.8000,1,1,1,1,1,1,1,1,1,1
SF,IF2005,2020-04-13 13:00:00.100,3732.6000,11037,-1,4763251080.000,1,0,1,双平,B,3731.0000,3730.8000,3730.0000,3728.8000,3727.0000,3732.0000,3733.6000,3733.8000,3734.8000,3735.0000,1,1,1,1,1,5,1,1,1,1
SF,IF2005,2020-04-13 13:00:00.600,3730.8000,11038,1,4769966340.000,6,3,3,多开,B,3728.8000,3727.0000,3726.0000,3725.0000,3724.0000,3731.4000,3731.8000,3732.0000,3732.6000,3733.6000,1,1,5,2,1,1,4,6,2,1
SF,IF2005,2020-04-13 13:00:01.100,3728.8000,11038,0,4771084980.000,1,0,1,空换,B,3727.0000,3726.0000,3725.0000,3724.0000,3723.8000,3729.6000,3731.0000,3731.2000,3731.4000,3731.8000,1,5,2,1,1,1,1,6,2,2
SF,IF2005,2020-04-13 13:00:01.600,3729.4000,11040,2,4774441440.000,3,2,1,多开,B,3727.2000,3727.0000,3726.0000,3725.0000,3724.0000,3731.0000,3731.2000,3731.4000,3731.6000,3731.8000,2,1,5,2,1,4,8,2,1,2
SF,IF2005,2020-04-13 13:00:02.100,3729.4000,11040,0,4774441440.000,0,-,-,-,-,3727.8000,3727.4000,3727.2000,3727.0000,3726.0000,3728.8000,3729.2000,3729.4000,3730.2000,3730.4000,1,2,2,1,5,1,2,2,1,1
SF,IF2005,2020-04-13 13:00:02.600,3729.0000,11041,1,4775560140.000,1,1,0,双开,B,3728.0000,3727.8000,3727.2000,3727.0000,3726.0000,3729.2000,3730.0000,3730.8000,3731.0000,3731.4000,1,1,1,1,5,1,1,5,2,1
SF,IF2005,2020-04-13 13:00:03.100,3729.0000,11041,0,4775560140.000,0,-,-,-,-,3728.0000,3727.8000,3727.2000,3727.0000,3726.0000,3729.0000,3729.2000,3730.8000,3731.0000,3731.4000,2,1,1,1,5,1,1,5,2,1
SF,IF2005,2020-04-13 13:00:03.600,3729.2000,11040,-1,4777797600.000,2,0,2,空平,B,3729.2000,3728.6000,3728.4000,3728.2000,3728.0000,3730.8000,3731.0000,3731.4000,3732.0000,3732.6000,1,1,1,1,1,5,2,1,5,1
SF,IF2005,2020-04-13 13:00:04.100,3729.2000,11040,0,4777797600.000,0,-,-,-,-,3728.2000,3728.0000,3727.2000,3727.0000,3726.0000,3730.8000,3731.0000,3731.4000,3732.0000,3732.6000,1,1,1,1,5,4,2,2,5,1
SF,IF2005,2020-04-13 13:00:04.600,3729.2000,11040,0,4777797600.000,0,-,-,-,-,3729.0000,3728.4000,3727.0000,3726.0000,3725.0000,3730.4000,3730.8000,3731.0000,3731.4000,3732.0000,2,3,1,5,2,5,3,2,2,5
SF,IF2005,2020-04-13 13:00:05.100,3729.2000,11040,0,4777797600.000,0,-,-,-,-,3729.0000,3728.4000,3727.0000,3726.0000,3725.0000,3729.8000,3730.2000,3730.4000,3730.8000,3731.0000,2,3,1,5,2,5,1,5,2,3
SF,IF2005,2020-04-13 13:00:05.600,3729.6000,11040,0,4778916480.000,1,0,1,空换,B,3729.0000,3728.4000,3727.0000,3726.0000,3725.0000,3729.6000,3730.4000,3730.8000,3731.0000,3731.4000,2,2,1,5,2,1,5,2,3,1
SF,IF2005,2020-04-13 13:00:06.100,3729.6000,11040,0,4778916480.000,0,-,-,-,-,3728.4000,3727.0000,3726.0000,3725.0000,3724.0000,3729.6000,3730.4000,3730.8000,3731.0000,3731.4000,2,1,5,2,1,1,5,2,1,1
SF,IF2005,2020-04-13 13:00:06.600,3729.6000,11040,0,4778916480.000,0,-,-,-,-,3728.4000,3727.0000,3726.8000,3726.0000,3725.0000,3729.4000,3729.6000,3730.4000,3730.6000,3730.8000,1,1,1,5,2,5,1,5,1,2
SF,IF2005,2020-04-13 13:00:07.100,3729.4000,11041,1,4780035300.000,1,1,0,双开,B,3728.4000,3727.0000,3726.8000,3726.0000,3725.0000,3729.2000,3729.4000,3730.4000,3730.6000,3730.8000,1,1,1,5,2,1,5,5,1,2
SF,IF2005,2020-04-13 13:00:07.600,3729.4000,11041,0,4780035300.000,0,-,-,-,-,3727.0000,3726.8000,3726.0000,3725.0000,3724.0000,3729.2000,3729.4000,3730.2000,3730.8000,3731.0000,1,1,5,2,1,1,5,1,2,1
SF,IF2005,2020-04-13 13:00:08.100,3729.4000,11041,0,4780035300.000,0,-,-,-,-,3727.6000,3727.4000,3727.2000,3727.0000,3726.8000,3729.0000,3729.2000,3729.4000,3730.2000,3730.8000,1,2,2,1,1,5,1,5,1,2
SF,IF2005,2020-04-13 13:00:08.600,3729.4000,11041,0,4780035300.000,0,-,-,-,-,3727.6000,3727.4000,3727.2000,3727.0000,3726.8000,3728.8000,3729.0000,3729.4000,3730.8000,3731.0000,1,2,2,1,1,7,5,5,2,1
SF,IF2005,2020-04-13 13:00:09.100,3729.4000,11041,0,4780035300.000,0,-,-,-,-,3727.8000,3727.6000,3727.4000,3727.2000,3727.0000,3728.8000,3729.0000,3729.4000,3729.8000,3730.8000,1,1,2,1,1,2,5,5,1,2
SF,IF2005,2020-04-13 13:00:09.600,3729.4000,11041,0,4780035300.000,0,-,-,-,-,3727.6000,3727.4000,3727.2000,3727.0000,3726.8000,3728.8000,3729.0000,3729.4000,3729.8000,3730.8000,1,2,1,1,1,1,5,5,1,2
SF,IF2005,2020-04-13 13:00:10.100,3728.8000,11041,0,4781153940.000,1,0,1,空换,B,3727.6000,3727.4000,3727.2000,3727.0000,3726.8000,3728.6000,3728.8000,3729.0000,3729.4000,3730.8000,1,2,1,1,1,4,1,5,6,2
SF,IF2005,2020-04-13 13:00:10.600,3728.6000,11043,2,4783391100.000,2,2,0,双开,B,3728.0000,3727.4000,3727.0000,3726.8000,3726.0000,3728.8000,3729.0000,3729.4000,3730.8000,3731.0000,1,2,1,1,5,1,5,6,2,1
SF,IF2005,2020-04-13 13:00:11.100,3728.6000,11043,0,4783391100.000,0,-,-,-,-,3727.4000,3727.0000,3726.8000,3726.0000,3725.0000,3728.6000,3728.8000,3729.0000,3729.4000,3730.8000,2,1,1,5,2,5,1,5,5,2
SF,IF2005,2020-04-13 13:00:11.600,3728.6000,11043,0,4783391100.000,0,-,-,-,-,3727.6000,3727.4000,3727.0000,3726.8000,3726.0000,3728.4000,3728.6000,3729.0000,3729.4000,3730.8000,1,2,1,1,5,1,5,6,5,2
SF,IF2005,2020-04-13 13:00:12.600,3728.6000,11043,0,4783391100.000,0,-,-,-,-,3727.6000,3727.4000,3727.0000,3726.8000,3726.0000,3728.4000,3728.6000,3729.0000,3729.4000,3730.8000,1,2,1,1,5,1,5,5,5,2
SF,IF2005,2020-04-13 13:00:13.100,3727.6000,11042,-1,4784509380.000,1,0,1,双平,B,3727.4000,3727.0000,3726.8000,3726.0000,3725.0000,3728.4000,3728.6000,3729.0000,3729.4000,3730.8000,1,1,1,5,2,1,6,5,5,2
SF,IF2005,2020-04-13 13:00:13.600,3728.2000,11043,1,4785627840.000,1,1,0,双开,B,3727.0000,3726.8000,3726.0000,3725.0000,3724.4000,3728.4000,3728.6000,3729.0000,3729.4000,3730.8000,1,1,5,2,5,1,6,5,5,2
SF,IF2005,2020-04-13 13:00:14.100,3728.2000,11043,0,4785627840.000,0,-,-,-,-,3727.4000,3727.2000,3727.0000,3726.8000,3726.0000,3728.2000,3728.4000,3729.4000,3730.8000,3731.0000,3,2,1,1,5,2,1,5,2,1
SF,IF2005,2020-04-13 13:00:14.600,3728.2000,11043,0,4785627840.000,0,-,-,-,-,3727.4000,3727.0000,3726.8000,3726.0000,3725.0000,3727.6000,3728.0000,3728.2000,3730.8000,3731.0000,1,1,1,5,2,5,2,2,2,1
SF,IF2005,2020-04-13 13:00:15.100,3727.6000,11045,2,4788982680.000,3,2,1,多开,B,3727.4000,3727.0000,3726.8000,3726.0000,3725.0000,3728.0000,3728.2000,3730.8000,3731.0000,3731.4000,1,1,1,5,2,1,1,2,1,2
SF,IF2005,2020-04-13 13:00:15.600,3727.4000,11045,0,4790100900.000,1,0,1,空换,B,3727.0000,3726.8000,3726.0000,3725.0000,3724.4000,3727.4000,3727.8000,3728.0000,3730.8000,3731.0000,1,1,5,2,5,1,1,1,3,1
SF,IF2005,2020-04-13 13:00:16.100,3727.4000,11046,1,4792337340.000,2,1,1,多开,B,3727.0000,3726.8000,3726.0000,3725.0000,3724.4000,3727.8000,3728.0000,3730.8000,3731.0000,3731.4000,1,1,5,2,5,1,1,3,1,1
SF,IF2005,2020-04-13 13:00:16.600,3727.8000,11047,1,4793455680.000,1,1,0,双开,B,3727.0000,3726.8000,3726.0000,3725.0000,3724.4000,3728.0000,3730.8000,3731.0000,3731.4000,3732.0000,1,1,5,2,5,1,3,1,1,5
SF,IF2005,2020-04-13 13:00:17.100,3724.4000,11052,5,4815811380.000,20,12,8,多开,B,3724.0000,3723.8000,3722.4000,3721.0000,3720.6000,3728.0000,3730.8000,3731.0000,3731.4000,3732.0000,1,1,5,2,8,1,3,1,1,5
SF,IF2005,2020-04-13 13:00:17.600,3724.4000,11049,-3,4822515300.000,6,1,5,空平,B,3726.6000,3726.4000,3726.2000,3726.0000,3725.8000,3727.8000,3728.0000,3730.8000,3731.0000,3731.4000,1,3,2,3,1,4,1,3,1,1
SF,IF2005,2020-04-13 13:00:18.100,3724.4000,11049,0,4822515300.000,0,-,-,-,-,3726.6000,3726.4000,3726.2000,3726.0000,3725.8000,3727.6000,3727.8000,3730.8000,3731.0000,3731.4000,1,2,1,3,1,1,2,3,1,1
SF,IF2005,2020-04-13 13:00:18.600,3724.4000,11049,0,4822515300.000,0,-,-,-,-,3726.6000,3726.4000,3726.2000,3726.0000,3725.8000,3727.6000,3727.8000,3730.8000,3731.0000,3731.4000,1,2,1,3,1,1,2,3,1,1
SF,IF2005,2020-04-13 13:00:19.100,3724.4000,11049,0,4822515300.000,0,-,-,-,-,3726.6000,3726.4000,3726.2000,3726.0000,3725.8000,3727.6000,3727.8000,3730.8000,3731.0000,3731.4000,1,2,1,3,1,1,2,3,1,1
SF,IF2005,2020-04-13 13:00:19.600,3724.4000,11049,0,4822515300.000,0,-,-,-,-,3726.6000,3726.4000,3726.2000,3726.0000,3725.8000,3726.8000,3727.6000,3727.8000,3730.8000,3731.0000,1,2,1,3,1,1,1,2,3,1
SF,IF2005,2020-04-13 13:00:20.100,3727.6000,11048,-1,4824751620.000,2,0,2,空平,B,3726.8000,3726.6000,3726.4000,3726.2000,3726.0000,3727.8000,3730.8000,3731.0000,3731.4000,3732.0000,2,1,1,1,3,1,3,1,1,5
SF,IF2005,2020-04-13 13:00:20.600,3727.6000,11048,0,4824751620.000,0,-,-,-,-,3726.8000,3726.0000,3725.6000,3725.4000,3725.2000,3727.2000,3727.6000,3727.8000,3730.2000,3730.8000,2,3,1,1,3,1,3,1,1,2
SF,IF2005,2020-04-13 13:00:21.100,3727.6000,11048,0,4826988060.000,2,1,1,空换,B,3726.8000,3726.0000,3725.6000,3725.4000,3725.2000,3727.6000,3727.8000,3730.2000,3730.8000,3731.0000,2,3,1,1,3,2,1,1,2,1
SF,IF2005,2020-04-13 13:00:21.600,3725.0000,11053,5,4849340700.000,20,12,8,多开,B,3725.0000,3724.8000,3724.6000,3724.4000,3724.2000,3727.2000,3727.6000,3727.8000,3730.2000,3730.8000,1,15,10,4,11,1,2,1,1,2
SF,IF2005,2020-04-13 13:00:22.100,3727.6000,11053,0,4851577140.000,2,1,1,空换,B,3726.6000,3726.4000,3726.2000,3726.0000,3725.8000,3727.6000,3727.8000,3730.2000,3730.8000,3731.0000,1,3,3,1,3,1,1,1,2,1
SF,IF2005,2020-04-13 13:00:22.600,3726.2000,11052,-1,4852695000.000,1,0,1,双平,B,3725.8000,3725.6000,3725.4000,3725.2000,3725.0000,3726.2000,3726.8000,3727.0000,3727.4000,3727.6000,2,1,1,7,3,1,2,2,1,1
SF,IF2005,2020-04-13 13:00:23.100,3726.8000,11051,-1,4856048940.000,3,1,2,空平,B,3726.2000,3726.0000,3725.8000,3725.6000,3725.4000,3727.0000,3727.2000,3727.4000,3727.6000,3730.2000,3,1,1,1,2,3,1,4,1,1
SF,IF2005,2020-04-13 13:00:23.600,3727.0000,11050,-1,4858285140.000,2,0,2,空平,B,3726.4000,3726.2000,3726.0000,3725.8000,3725.4000,3727.0000,3727.2000,3727.4000,3727.6000,3730.2000,2,2,1,3,2,2,1,4,1,1
SF,IF2005,2020-04-13 13:00:24.100,3727.0000,11049,-1,4859403240.000,1,0,1,双平,B,3726.2000,3726.0000,3725.8000,3725.4000,3725.2000,3726.8000,3727.0000,3727.2000,3727.4000,3727.6000,1,1,1,3,4,1,1,1,1,1
SF,IF2005,2020-04-13 13:00:24.600,3727.0000,11049,0,4860521340.000,1,0,1,空换,B,3726.2000,3726.0000,3725.8000,3725.4000,3725.2000,3727.2000,3727.4000,3727.6000,3730.2000,3730.8000,1,1,1,4,4,1,1,1,1,2
SF,IF2005,2020-04-13 13:00:25.100,3727.0000,11049,0,4860521340.000,0,-,-,-,-,3726.2000,3726.0000,3725.8000,3725.4000,3725.2000,3726.8000,3727.2000,3727.4000,3727.6000,3730.2000,1,1,1,3,4,1,2,1,1,1
SF,IF2005,2020-04-13 13:00:25.600,3727.0000,11049,0,4860521340.000,0,-,-,-,-,3726.2000,3726.0000,3725.8000,3725.4000,3725.2000,3726.8000,3727.2000,3727.4000,3727.6000,3730.8000,1,1,1,3,4,1,1,1,1,2
SF,IF2005,2020-04-13 13:00:26.100,3725.0000,11053,4,4872815280.000,11,7,4,多开,B,3725.0000,3724.8000,3724.6000,3724.4000,3724.2000,3726.8000,3727.2000,3727.4000,3727.6000,3730.8000,5,9,6,4,5,1,1,1,1,1
SF,IF2005,2020-04-13 13:00:26.600,3726.4000,11053,0,4875051240.000,2,1,1,空换,B,3726.0000,3725.8000,3725.6000,3725.4000,3725.2000,3726.2000,3727.2000,3727.4000,3730.8000,3731.0000,1,2,3,3,2,1,1,1,1,1
SF,IF2005,2020-04-13 13:00:27.100,3726.2000,11054,1,4876169100.000,1,1,0,双开,B,3726.2000,3726.0000,3725.8000,3725.6000,3725.4000,3726.6000,3727.2000,3727.4000,3730.8000,3731.0000,3,1,1,3,3,1,1,1,1,1
SF,IF2005,2020-04-13 13:00:27.600,3726.2000,11054,0,4877286960.000,1,0,1,空换,B,3726.2000,3726.0000,3725.6000,3725.4000,3725.2000,3726.6000,3727.2000,3730.8000,3731.0000,3731.4000,2,1,1,1,1,1,1,1,1,1
SF,IF2005,2020-04-13 13:00:28.100,3726.6000,11055,1,4878404940.000,1,1,0,双开,B,3726.2000,3726.0000,3725.6000,3725.4000,3725.2000,3727.2000,3730.8000,3731.0000,3731.4000,3732.0000,1,1,1,2,2,1,1,1,1,5
SF,IF2005,2020-04-13 13:00:28.600,3726.6000,11055,0,4878404940.000,0,-,-,-,-,3726.6000,3726.2000,3726.0000,3725.6000,3725.4000,3727.0000,3727.2000,3730.8000,3731.0000,3731.4000,1,1,1,1,3,1,1,1,1,1
SF,IF2005,2020-04-13 13:00:29.100,3726.6000,11055,0,4879522920.000,1,0,1,空换,B,3726.2000,3726.0000,3725.6000,3725.4000,3725.2000,3726.4000,3727.0000,3727.2000,3730.8000,3731.0000,1,1,1,2,5,1,1,1,1,1
SF,IF2005,2020-04-13 13:00:29.600,3726.4000,11055,0,4880640840.000,1,0,1,空换,B,3726.0000,3725.4000,3725.2000,3725.0000,3724.8000,3727.2000,3730.8000,3731.0000,3731.4000,3732.0000,1,2,5,5,10,1,1,1,1,5
SF,IF2005,2020-04-13 13:00:30.100,3726.4000,11055,0,4880640840.000,0,-,-,-,-,3726.4000,3726.2000,3726.0000,3725.4000,3725.2000,3727.2000,3730.8000,3731.0000,3731.4000,3732.0000,1,2,1,2,4,1,1,1,1,5
SF,IF2005,2020-04-13 13:00:30.600,3726.4000,11055,0,4880640840.000,0,-,-,-,-,3726.4000,3726.2000,3726.0000,3725.4000,3725.2000,3727.2000,3730.8000,3731.0000,3731.4000,3732.0000,1,1,1,3,7,1,1,1,1,5
SF,IF2005,2020-04-13 13:00:31.100,3727.2000,11055,0,4881759000.000,1,0,1,空换,B,3726.8000,3726.6000,3725.8000,3725.4000,3725.2000,3728.6000,3730.8000,3731.0000,3731.4000,3732.0000,1,2,1,2,8,2,1,1,1,5
SF,IF2005,2020-04-13 13:00:31.600,3727.2000,11055,0,4881759000.000,0,-,-,-,-,3726.8000,3725.8000,3725.6000,3725.4000,3725.2000,3727.6000,3727.8000,3728.0000,3728.2000,3728.4000,1,2,1,2,8,1,1,2,6,4
SF,IF2005,2020-04-13 13:00:32.100,3727.6000,11055,0,4882877280.000,1,0,1,空换,B,3726.4000,3725.8000,3725.6000,3725.4000,3725.2000,3727.8000,3728.0000,3728.2000,3728.4000,3728.6000,1,1,3,4,8,1,2,6,3,2
SF,IF2005,2020-04-13 13:00:32.600,3727.6000,11055,0,4882877280.000,0,-,-,-,-,3726.4000,3725.8000,3725.6000,3725.4000,3725.2000,3727.6000,3727.8000,3728.0000,3728.2000,3728.4000,1,3,3,4,9,1,1,2,6,2
SF,IF2005,2020-04-13 13:00:33.100,3727.6000,11055,0,4882877280.000,0,-,-,-,-,3726.6000,3725.8000,3725.6000,3725.4000,3725.2000,3727.6000,3727.8000,3728.0000,3728.2000,3728.4000,3,3,3,4,9,1,1,2,1,2
SF,IF2005,2020-04-13 13:00:33.600,3727.6000,11055,0,4882877280.000,0,-,-,-,-,3726.6000,3726.0000,3725.8000,3725.6000,3725.4000,3727.6000,3727.8000,3728.0000,3728.2000,3728.4000,4,1,3,3,5,1,1,2,1,2
SF,IF2005,2020-04-13 13:00:34.100,3727.6000,11055,0,4882877280.000,0,-,-,-,-,3726.6000,3726.0000,3725.8000,3725.6000,3725.4000,3727.6000,3727.8000,3728.0000,3728.2000,3728.4000,4,1,4,3,6,1,1,2,1,2
SF,IF2005,2020-04-13 13:00:34.600,3727.6000,11055,0,4882877280.000,0,-,-,-,-,3726.6000,3726.0000,3725.8000,3725.6000,3725.4000,3727.6000,3727.8000,3728.0000,3728.2000,3728.4000,4,1,5,4,6,1,1,2,1,2
SF,IF2005,2020-04-13 13:00:35.100,3727.6000,11055,0,4882877280.000,0,-,-,-,-,3726.6000,3726.0000,3725.8000,3725.6000,3725.4000,3727.6000,3728.0000,3728.2000,3728.4000,3728.8000,4,1,5,7,6,1,2,1,2,1
SF,IF2005,2020-04-13 13:00:35.600,3727.6000,11055,0,4882877280.000,0,-,-,-,-,3727.0000,3726.6000,3726.0000,3725.8000,3725.6000,3727.6000,3728.0000,3728.2000,3728.4000,3728.8000,1,3,1,5,7,1,2,1,2,1
SF,IF2005,2020-04-13 13:00:36.100,3727.6000,11055,0,4882877280.000,0,-,-,-,-,3727.6000,3727.0000,3726.8000,3726.6000,3726.0000,3728.8000,3730.8000,3731.0000,3731.4000,3732.0000,1,2,1,2,1,1,1,1,1,5
SF,IF2005,2020-04-13 13:00:36.600,3727.6000,11055,0,4882877280.000,0,-,-,-,-,3727.6000,3727.0000,3726.8000,3726.6000,3726.0000,3728.4000,3728.6000,3728.8000,3730.8000,3731.0000,1,1,1,2,3,1,3,2,1,1
SF,IF2005,2020-04-13 13:00:37.100,3727.6000,11055,0,4882877280.000,0,-,-,-,-,3728.0000,3726.8000,3726.6000,3726.2000,3726.0000,3728.2000,3728.4000,3728.6000,3728.8000,3730.8000,1,2,2,1,2,1,1,4,2,1
SF,IF2005,2020-04-13 13:00:37.600,3728.0000,11056,1,4883995680.000,1,1,0,双开,B,3726.8000,3726.6000,3726.4000,3726.2000,3726.0000,3728.2000,3728.4000,3728.6000,3728.8000,3730.8000,2,2,2,2,2,1,1,4,2,1
SF,IF2005,2020-04-13 13:00:38.100,3728.0000,11056,0,4883995680.000,0,-,-,-,-,3727.0000,3726.8000,3726.6000,3726.4000,3726.2000,3728.2000,3728.6000,3728.8000,3730.8000,3731.0000,2,2,1,3,2,1,4,2,1,1
SF,IF2005,2020-04-13 13:00:38.600,3728.2000,11055,-1,4885114140.000,1,0,1,双平,B,3727.2000,3727.0000,3726.8000,3726.6000,3726.4000,3728.6000,3728.8000,3730.8000,3731.0000,3731.4000,1,2,1,1,3,2,2,1,1,1
SF,IF2005,2020-04-13 13:00:39.100,3728.2000,11055,0,4885114140.000,0,-,-,-,-,3727.4000,3727.2000,3727.0000,3726.8000,3726.6000,3728.4000,3728.6000,3728.8000,3730.8000,3731.0000,1,1,1,1,1,1,2,2,1,1
SF,IF2005,2020-04-13 13:00:39.600,3728.2000,11055,0,4885114140.000,0,-,-,-,-,3727.4000,3727.2000,3726.8000,3726.6000,3726.4000,3728.4000,3728.6000,3728.8000,3730.8000,3731.0000,2,1,1,1,3,1,2,2,1,1
SF,IF2005,2020-04-13 13:00:40.600,3728.2000,11055,0,4885114140.000,0,-,-,-,-,3727.6000,3727.4000,3727.2000,3726.8000,3726.6000,3728.4000,3728.6000,3728.8000,3730.8000,3731.0000,1,2,1,1,2,1,2,2,1,1
SF,IF2005,2020-04-13 13:00:41.100,3728.2000,11055,0,4885114140.000,0,-,-,-,-,3727.6000,3727.4000,3727.2000,3726.8000,3726.6000,3728.4000,3728.6000,3728.8000,3730.8000,3731.0000,1,2,1,1,2,1,2,2,1,1
SF,IF2005,2020-04-13 13:00:41.600,3728.2000,11055,0,4885114140.000,0,-,-,-,-,3727.4000,3727.2000,3726.8000,3726.6000,3726.4000,3728.2000,3728.4000,3728.6000,3728.8000,3730.8000,2,1,1,2,4,1,1,2,2,1
SF,IF2005,2020-04-13 13:00:42.600,3728.2000,11055,0,4886232600.000,1,0,1,空换,B,3727.4000,3727.2000,3726.8000,3726.6000,3726.4000,3728.4000,3728.6000,3728.8000,3730.8000,3731.0000,2,1,1,2,4,1,2,2,1,1
SF,IF2005,2020-04-13 13:00:43.100,3728.2000,11055,0,4886232600.000,0,-,-,-,-,3727.4000,3727.2000,3726.8000,3726.6000,3726.4000,3728.4000,3728.6000,3728.8000,3730.8000,3731.0000,2,1,1,2,4,1,2,2,1,1
SF,IF2005,2020-04-13 13:00:43.600,3728.2000,11055,0,4886232600.000,0,-,-,-,-,3727.6000,3727.4000,3727.2000,3726.8000,3726.6000,3728.4000,3728.6000,3728.8000,3730.8000,3731.0000,1,2,1,1,3,1,2,2,1,1
SF,IF2005,2020-04-13 13:00:44.100,3728.2000,11055,0,4886232600.000,0,-,-,-,-,3727.6000,3727.4000,3727.2000,3726.6000,3726.4000,3728.4000,3728.6000,3728.8000,3730.8000,3731.0000,1,2,1,3,4,1,2,2,1,1
SF,IF2005,2020-04-13 13:00:44.600,3728.2000,11055,0,4886232600.000,0,-,-,-,-,3727.6000,3727.4000,3727.2000,3726.8000,3726.6000,3728.4000,3728.6000,3728.8000,3730.8000,3731.0000,1,2,1,1,4,1,1,1,1,1
SF,IF2005,2020-04-13 13:00:45.100,3728.2000,11055,0,4886232600.000,0,-,-,-,-,3727.4000,3727.2000,3726.8000,3726.6000,3726.4000,3728.4000,3728.6000,3728.8000,3730.8000,3731.0000,2,1,1,4,4,3,1,1,1,1
SF,IF2005,2020-04-13 13:00:45.600,3728.2000,11055,0,4886232600.000,0,-,-,-,-,3727.4000,3727.2000,3726.6000,3726.4000,3726.2000,3728.2000,3728.4000,3728.6000,3728.8000,3730.8000,2,1,3,5,2,1,3,1,1,1
SF,IF2005,2020-04-13 13:00:46.100,3728.2000,11055,0,4886232600.000,0,-,-,-,-,3727.4000,3727.2000,3726.6000,3726.4000,3726.2000,3728.2000,3728.4000,3728.6000,3728.8000,3730.8000,2,1,3,5,2,1,2,1,1,1
SF,IF2005,2020-04-13 13:00:46.600,3728.2000,11055,0,4886232600.000,0,-,-,-,-,3727.4000,3727.2000,3726.6000,3726.4000,3726.2000,3728.4000,3728.6000,3728.8000,3730.8000,3731.0000,2,1,3,5,2,2,1,1,1,1
SF,IF2005,2020-04-13 13:00:47.100,3728.2000,11055,0,4886232600.000,0,-,-,-,-,3727.4000,3727.2000,3726.6000,3726.4000,3726.2000,3728.4000,3728.6000,3728.8000,3730.8000,3731.0000,2,1,3,5,2,2,1,1,1,1
SF,IF2005,2020-04-13 13:00:47.600,3728.2000,11055,0,4886232600.000,0,-,-,-,-,3727.4000,3727.2000,3726.6000,3726.4000,3726.2000,3728.4000,3728.6000,3728.8000,3730.8000,3731.0000,2,1,3,5,2,2,1,1,1,1
SF,IF2005,2020-04-13 13:00:48.100,3728.2000,11055,0,4886232600.000,0,-,-,-,-,3727.4000,3727.2000,3726.6000,3726.4000,3726.2000,3728.4000,3728.6000,3728.8000,3730.8000,3731.0000,2,1,3,6,2,2,1,1,1,1
SF,IF2005,2020-04-13 13:00:50.100,3728.2000,11055,0,4886232600.000,0,-,-,-,-,3727.4000,3727.2000,3726.6000,3726.4000,3726.2000,3728.4000,3728.6000,3728.8000,3730.8000,3731.0000,2,1,2,6,2,2,1,1,1,1
SF,IF2005,2020-04-13 13:00:51.600,3728.2000,11055,0,4886232600.000,0,-,-,-,-,3727.4000,3727.2000,3726.6000,3726.4000,3726.2000,3728.4000,3728.6000,3728.8000,3730.8000,3731.0000,2,1,2,7,2,2,1,1,3,1
SF,IF2005,2020-04-13 13:00:53.600,3728.2000,11055,0,4886232600.000,0,-,-,-,-,3727.4000,3727.2000,3726.8000,3726.6000,3726.4000,3728.4000,3728.6000,3728.8000,3730.8000,3731.0000,2,1,1,2,7,1,1,1,3,1
SF,IF2005,2020-04-13 13:00:54.100,3728.2000,11055,0,4886232600.000,0,-,-,-,-,3727.4000,3727.2000,3726.8000,3726.6000,3726.4000,3728.4000,3728.6000,3728.8000,3730.8000,3731.0000,2,1,1,2,7,1,1,1,3,1
SF,IF2005,2020-04-13 13:00:54.600,3728.2000,11055,0,4886232600.000,0,-,-,-,-,3727.4000,3727.2000,3726.8000,3726.6000,3726.4000,3728.4000,3728.6000,3728.8000,3730.8000,3731.0000,2,1,1,2,9,1,1,1,3,1
SF,IF2005,2020-04-13 13:00:55.100,3728.2000,11055,0,4886232600.000,0,-,-,-,-,3727.4000,3727.2000,3726.8000,3726.6000,3726.4000,3728.4000,3728.6000,3728.8000,3730.8000,3731.0000,2,1,1,2,9,1,1,1,3,1
SF,IF2005,2020-04-13 13:00:56.600,3728.2000,11055,0,4886232600.000,0,-,-,-,-,3727.4000,3727.2000,3726.8000,3726.6000,3726.4000,3728.4000,3728.6000,3728.8000,3730.8000,3731.0000,2,1,1,2,9,1,1,1,3,1
SF,IF2005,2020-04-13 13:00:57.100,3728.2000,11055,0,4886232600.000,0,-,-,-,-,3727.4000,3727.2000,3726.8000,3726.6000,3726.4000,3728.4000,3728.6000,3728.8000,3730.8000,3731.0000,2,1,1,2,9,1,1,1,3,1
SF,IF2005,2020-04-13 13:00:58.600,3728.2000,11055,0,4886232600.000,0,-,-,-,-,3727.4000,3727.2000,3726.8000,3726.6000,3726.4000,3728.4000,3728.6000,3728.8000,3730.8000,3731.0000,2,1,1,2,9,1,1,1,3,1
SF,IF2005,2020-04-13 13:00:59.600,3728.2000,11055,0,4886232600.000,0,-,-,-,-,3728.2000,3727.4000,3727.2000,3726.8000,3726.6000,3728.4000,3728.6000,3728.8000,3730.8000,3731.0000,2,2,1,1,2,1,1,1,3,1
SF,IF2005,2020-04-13 13:01:00.100,3728.2000,11057,2,4888469520.000,2,2,0,双开,B,3727.4000,3727.2000,3726.8000,3726.6000,3726.4000,3728.6000,3728.8000,3730.8000,3731.0000,3731.4000,1,1,1,2,9,1,1,3,1,1
SF,IF2005,2020-04-13 13:01:00.600,3728.2000,11057,0,4888469520.000,0,-,-,-,-,3727.6000,3727.4000,3727.2000,3726.8000,3726.6000,3728.6000,3728.8000,3730.8000,3731.0000,3731.4000,1,1,1,1,2,1,1,3,1,1
SF,IF2005,2020-04-13 13:01:01.100,3728.2000,11057,0,4888469520.000,0,-,-,-,-,3727.6000,3727.4000,3727.2000,3726.8000,3726.6000,3728.4000,3728.6000,3728.8000,3730.8000,3731.0000,1,1,1,1,2,1,1,1,3,1
SF,IF2005,2020-04-13 13:01:05.600,3728.2000,11057,0,4888469520.000,0,-,-,-,-,3727.6000,3727.4000,3727.2000,3726.6000,3726.4000,3728.4000,3728.6000,3728.8000,3730.8000,3731.0000,1,1,1,2,10,1,1,1,3,1
SF,IF2005,2020-04-13 13:01:06.100,3728.2000,11057,0,4888469520.000,0,-,-,-,-,3727.2000,3726.6000,3726.4000,3726.2000,3726.0000,3728.2000,3728.4000,3728.6000,3728.8000,3730.8000,1,2,10,1,3,1,2,1,1,3
SF,IF2005,2020-04-13 13:01:07.100,3728.2000,11057,0,4888469520.000,0,-,-,-,-,3727.2000,3726.6000,3726.4000,3726.0000,3725.8000,3728.2000,3728.4000,3728.6000,3728.8000,3730.8000,1,2,10,3,8,1,2,1,1,3
SF,IF2005,2020-04-13 13:01:07.600,3728.2000,11057,0,4888469520.000,0,-,-,-,-,3727.2000,3726.6000,3726.4000,3726.0000,3725.8000,3728.0000,3728.2000,3728.4000,3728.6000,3728.8000,1,2,10,3,8,1,1,1,1,1
SF,IF2005,2020-04-13 13:01:08.100,3728.2000,11057,0,4888469520.000,0,-,-,-,-,3727.2000,3726.6000,3726.4000,3726.0000,3725.8000,3728.0000,3728.2000,3728.4000,3728.6000,3728.8000,1,1,6,3,8,1,1,1,1,1
SF,IF2005,2020-04-13 13:01:08.600,3728.2000,11057,0,4888469520.000,0,-,-,-,-,3727.2000,3726.6000,3726.4000,3726.0000,3725.8000,3728.0000,3728.4000,3728.6000,3728.8000,3730.8000,1,1,2,3,8,1,1,1,1,3
SF,IF2005,2020-04-13 13:01:09.100,3728.2000,11057,0,4888469520.000,0,-,-,-,-,3726.6000,3726.4000,3726.0000,3725.8000,3725.6000,3728.0000,3728.4000,3728.8000,3730.8000,3731.0000,1,1,1,8,7,2,1,1,3,1
SF,IF2005,2020-04-13 13:01:09.600,3728.2000,11057,0,4888469520.000,0,-,-,-,-,3726.8000,3726.6000,3726.0000,3725.8000,3725.6000,3728.0000,3728.4000,3728.8000,3730.8000,3731.0000,2,1,1,6,7,2,1,1,3,1
SF,IF2005,2020-04-13 13:01:10.100,3728.2000,11057,0,4888469520.000,0,-,-,-,-,3726.8000,3726.6000,3725.8000,3725.6000,3725.4000,3728.0000,3728.8000,3730.8000,3731.0000,3731.4000,2,1,8,7,15,2,1,3,1,1
SF,IF2005,2020-04-13 13:01:10.600,3728.2000,11057,0,4888469520.000,0,-,-,-,-,3726.8000,3725.8000,3725.6000,3725.4000,3725.2000,3727.8000,3728.0000,3728.8000,3730.8000,3731.0000,2,8,7,5,4,5,3,1,3,1
SF,IF2005,2020-04-13 13:01:11.100,3728.2000,11057,0,4888469520.000,0,-,-,-,-,3726.8000,3725.8000,3725.6000,3725.4000,3725.2000,3727.6000,3727.8000,3728.0000,3728.8000,3730.8000,2,5,3,5,4,1,5,2,1,3
SF,IF2005,2020-04-13 13:01:11.600,3728.2000,11057,0,4888469520.000,0,-,-,-,-,3726.8000,3725.8000,3725.6000,3725.4000,3725.2000,3727.6000,3727.8000,3728.8000,3730.8000,3731.0000,1,2,2,4,4,7,5,1,3,1
SF,IF2005,2020-04-13 13:01:12.100,3728.2000,11057,0,4888469520.000,0,-,-,-,-,3726.8000,3725.8000,3725.6000,3725.4000,3725.2000,3727.6000,3727.8000,3728.8000,3730.8000,3731.0000,1,2,2,4,3,3,5,1,1,1
SF,IF2005,2020-04-13 13:01:12.600,3728.2000,11057,0,4888469520.000,0,-,-,-,-,3726.8000,3725.8000,3725.6000,3725.4000,3725.2000,3727.4000,3727.6000,3727.8000,3728.8000,3730.8000,1,2,2,4,3,6,3,3,1,1
SF,IF2005,2020-04-13 13:01:13.100,3728.2000,11057,0,4888469520.000,0,-,-,-,-,3726.8000,3725.8000,3725.6000,3725.4000,3725.2000,3727.4000,3727.6000,3727.8000,3728.8000,3730.8000,1,2,2,3,2,1,3,3,1,1
SF,IF2005,2020-04-13 13:01:13.600,3728.2000,11057,0,4888469520.000,0,-,-,-,-,3725.8000,3725.6000,3725.4000,3725.2000,3725.0000,3727.2000,3727.4000,3727.6000,3727.8000,3728.8000,2,2,4,2,3,1,1,1,3,1
SF,IF2005,2020-04-13 13:01:14.100,3728.2000,11057,0,4888469520.000,0,-,-,-,-,3726.2000,3726.0000,3725.8000,3725.6000,3725.4000,3727.2000,3727.4000,3727.6000,3727.8000,3728.8000,2,1,2,2,4,1,2,1,3,1
SF,IF2005,2020-04-13 13:01:14.600,3728.2000,11057,0,4888469520.000,0,-,-,-,-,3726.4000,3726.2000,3725.8000,3725.6000,3725.4000,3727.2000,3727.4000,3727.6000,3727.8000,3728.8000,1,2,2,2,2,1,2,1,3,1
SF,IF2005,2020-04-13 13:01:15.100,3728.2000,11057,0,4888469520.000,0,-,-,-,-,3726.4000,3726.2000,3725.8000,3725.6000,3725.4000,3727.4000,3727.6000,3727.8000,3728.8000,3730.8000,1,2,2,2,2,2,1,3,1,1
SF,IF2005,2020-04-13 13:01:15.600,3728.2000,11057,0,4888469520.000,0,-,-,-,-,3726.2000,3725.8000,3725.6000,3725.4000,3725.2000,3727.2000,3727.4000,3727.8000,3728.8000,3730.8000,2,2,2,2,3,1,2,1,1,1
SF,IF2005,2020-04-13 13:01:16.100,3728.2000,11057,0,4888469520.000,0,-,-,-,-,3726.4000,3726.2000,3725.8000,3725.6000,3725.4000,3727.2000,3727.4000,3727.8000,3728.8000,3730.8000,1,2,2,2,2,1,2,1,1,1
SF,IF2005,2020-04-13 13:01:18.100,3728.2000,11057,0,4888469520.000,0,-,-,-,-,3726.4000,3726.2000,3725.8000,3725.6000,3725.4000,3727.2000,3727.4000,3727.8000,3728.8000,3730.8000,1,2,2,2,2,1,2,1,1,1
SF,IF2005,2020-04-13 13:01:18.600,3728.2000,11057,0,4888469520.000,0,-,-,-,-,3726.4000,3726.2000,3725.8000,3725.6000,3725.4000,3727.2000,3727.4000,3728.8000,3730.8000,3731.0000,1,2,2,2,2,1,2,1,1,1
SF,IF2005,2020-04-13 13:01:19.100,3728.2000,11057,0,4888469520.000,0,-,-,-,-,3726.4000,3726.2000,3725.8000,3725.6000,3725.4000,3727.4000,3728.8000,3730.8000,3731.0000,3731.4000,1,2,2,2,5,2,1,1,1,1
SF,IF2005,2020-04-13 13:01:20.100,3728.2000,11057,0,4888469520.000,0,-,-,-,-,3726.4000,3726.2000,3725.8000,3725.6000,3725.4000,3727.4000,3728.8000,3730.8000,3731.0000,3731.4000,1,2,2,2,5,2,1,1,1,1
SF,IF2005,2020-04-13 13:01:20.600,3728.2000,11057,0,4888469520.000,0,-,-,-,-,3726.4000,3726.2000,3725.8000,3725.6000,3725.4000,3727.4000,3728.8000,3730.8000,3731.0000,3731.4000,1,2,2,2,5,2,1,1,1,1
SF,IF2005,2020-04-13 13:01:21.600,3728.2000,11057,0,4888469520.000,0,-,-,-,-,3726.4000,3726.2000,3725.8000,3725.6000,3725.4000,3727.4000,3728.8000,3730.8000,3731.0000,3731.4000,1,2,2,2,6,2,1,1,1,1
SF,IF2005,2020-04-13 13:01:22.100,3728.2000,11057,0,4888469520.000,0,-,-,-,-,3726.4000,3726.2000,3725.8000,3725.6000,3725.4000,3727.4000,3728.8000,3730.0000,3730.8000,3731.0000,1,2,2,2,6,2,1,2,1,1
SF,IF2005,2020-04-13 13:01:23.100,3728.2000,11057,0,4888469520.000,0,-,-,-,-,3726.4000,3726.2000,3725.8000,3725.6000,3725.4000,3727.2000,3727.4000,3728.8000,3730.0000,3730.8000,1,2,2,2,6,1,2,1,2,1
SF,IF2005,2020-04-13 13:01:23.600,3728.2000,11057,0,4888469520.000,0,-,-,-,-,3727.2000,3726.4000,3726.2000,3725.8000,3725.6000,3727.4000,3728.8000,3730.0000,3730.8000,3731.0000,1,1,2,2,2,2,1,2,1,1
SF,IF2005,2020-04-13 13:01:24.100,3728.2000,11057,0,4888469520.000,0,-,-,-,-,3727.2000,3726.4000,3726.2000,3725.8000,3725.6000,3727.4000,3728.8000,3730.0000,3730.8000,3731.0000,1,1,1,2,2,2,1,2,1,1
SF,IF2005,2020-04-13 13:01:24.600,3728.2000,11057,0,4888469520.000,0,-,-,-,-,3727.2000,3726.4000,3726.2000,3725.8000,3725.4000,3727.4000,3728.8000,3730.0000,3730.8000,3731.0000,1,1,1,2,6,2,1,2,1,1
SF,IF2005,2020-04-13 13:01:25.100,3727.4000,11056,-1,4889587740.000,1,0,1,双平,B,3727.2000,3726.4000,3726.2000,3725.8000,3725.4000,3727.4000,3728.8000,3730.0000,3730.8000,3731.0000,1,1,1,2,6,1,1,2,1,1
SF,IF2005,2020-04-13 13:01:25.600,3727.4000,11056,0,4889587740.000,0,-,-,-,-,3727.2000,3726.4000,3725.8000,3725.4000,3725.2000,3727.4000,3728.8000,3730.0000,3730.8000,3731.0000,1,1,2,6,6,1,1,2,1,1
SF,IF2005,2020-04-13 13:01:26.100,3727.4000,11056,0,4890705960.000,1,0,1,空换,B,3727.2000,3726.4000,3725.8000,3725.4000,3725.2000,3728.8000,3729.6000,3730.0000,3730.8000,3731.0000,1,1,2,6,6,1,1,2,1,1
SF,IF2005,2020-04-13 13:01:26.600,3727.4000,11056,0,4890705960.000,0,-,-,-,-,3727.2000,3726.4000,3725.8000,3725.4000,3725.2000,3728.0000,3728.2000,3728.4000,3728.6000,3728.8000,1,1,2,6,6,6,2,2,3,1
SF,IF2005,2020-04-13 13:01:27.100,3727.4000,11056,0,4890705960.000,0,-,-,-,-,3727.2000,3726.4000,3725.8000,3725.4000,3725.2000,3728.0000,3728.2000,3728.4000,3728.6000,3728.8000,1,1,2,6,6,1,2,2,3,1
SF,IF2005,2020-04-13 13:01:27.600,3727.4000,11056,0,4890705960.000,0,-,-,-,-,3727.2000,3726.4000,3726.2000,3725.8000,3725.4000,3728.0000,3728.2000,3728.4000,3728.6000,3728.8000,1,1,1,2,6,1,2,2,3,1
SF,IF2005,2020-04-13 13:01:28.100,3727.4000,11056,0,4890705960.000,0,-,-,-,-,3727.2000,3726.4000,3726.2000,3725.8000,3725.4000,3728.0000,3728.2000,3728.4000,3728.6000,3728.8000,1,1,1,2,6,1,2,2,3,1
SF,IF2005,2020-04-13 13:01:28.600,3727.4000,11056,0,4890705960.000,0,-,-,-,-,3727.2000,3726.4000,3726.2000,3725.8000,3725.4000,3728.0000,3728.2000,3728.4000,3728.6000,3728.8000,1,1,1,2,6,1,2,2,3,1
SF,IF2005,2020-04-13 13:01:29.600,3727.4000,11056,0,4890705960.000,0,-,-,-,-,3727.2000,3726.4000,3726.2000,3725.8000,3725.4000,3728.0000,3728.2000,3728.6000,3728.8000,3730.0000,1,1,1,2,6,1,2,3,1,2
SF,IF2005,2020-04-13 13:01:30.600,3728.0000,11057,1,4891824360.000,1,1,0,双开,B,3726.4000,3726.2000,3725.8000,3725.4000,3725.2000,3728.2000,3728.6000,3728.8000,3730.0000,3730.6000,1,1,2,7,5,2,3,1,2,1
SF,IF2005,2020-04-13 13:01:31.100,3728.0000,11057,0,4891824360.000,0,-,-,-,-,3726.8000,3726.6000,3726.4000,3726.2000,3726.0000,3728.0000,3728.2000,3728.8000,3730.0000,3730.6000,1,2,1,1,1,4,2,1,2,1
SF,IF2005,2020-04-13 13:01:31.600,3728.0000,11057,0,4891824360.000,0,-,-,-,-,3727.0000,3726.8000,3726.6000,3726.0000,3725.8000,3728.0000,3728.2000,3728.8000,3730.0000,3730.6000,1,1,2,1,2,7,2,1,2,1
SF,IF2005,2020-04-13 13:01:32.100,3728.0000,11057,0,4891824360.000,0,-,-,-,-,3727.2000,3727.0000,3726.8000,3726.6000,3726.0000,3728.0000,3728.2000,3728.8000,3730.0000,3730.6000,1,1,1,2,1,2,2,1,2,1
SF,IF2005,2020-04-13 13:01:32.600,3728.0000,11057,0,4891824360.000,0,-,-,-,-,3727.2000,3727.0000,3726.8000,3726.6000,3726.0000,3728.0000,3728.2000,3728.8000,3730.0000,3730.6000,1,1,1,1,1,2,2,1,2,1
SF,IF2005,2020-04-13 13:01:34.100,3728.0000,11057,0,4891824360.000,0,-,-,-,-,3727.2000,3727.0000,3726.8000,3726.6000,3726.0000,3728.0000,3728.2000,3728.8000,3730.0000,3730.6000,1,1,1,1,1,2,2,1,2,1
SF,IF2005,2020-04-13 13:01:35.600,3728.0000,11057,0,4891824360.000,0,-,-,-,-,3727.2000,3727.0000,3726.8000,3726.6000,3726.0000,3728.0000,3728.2000,3728.8000,3730.0000,3730.6000,1,1,1,1,1,2,2,1,2,1
SF,IF2005,2020-04-13 13:01:36.100,3728.0000,11057,0,4891824360.000,0,-,-,-,-,3727.2000,3727.0000,3726.8000,3726.6000,3726.0000,3728.0000,3728.2000,3728.8000,3730.0000,3730.6000,1,1,1,1,1,2,2,1,2,1
SF,IF2005,2020-04-13 13:01:39.600,3728.0000,11057,0,4891824360.000,0,-,-,-,-,3727.2000,3727.0000,3726.8000,3726.6000,3726.0000,3727.8000,3728.0000,3728.2000,3728.8000,3730.0000,1,1,1,1,1,2,2,2,1,2
SF,IF2005,2020-04-13 13:01:40.100,3728.0000,11057,0,4891824360.000,0,-,-,-,-,3727.2000,3727.0000,3726.8000,3726.6000,3726.0000,3727.8000,3728.0000,3728.2000,3728.8000,3730.6000,1,1,1,1,1,1,2,2,1,1
SF,IF2005,2020-04-13 13:01:41.600,3728.0000,11057,0,4891824360.000,0,-,-,-,-,3727.2000,3727.0000,3726.6000,3726.0000,3725.8000,3728.0000,3728.2000,3728.8000,3730.6000,3730.8000,1,1,1,1,5,2,2,1,1,1
SF,IF2005,2020-04-13 13:01:42.100,3728.0000,11057,0,4891824360.000,0,-,-,-,-,3727.2000,3727.0000,3726.0000,3725.8000,3725.4000,3727.8000,3728.0000,3728.2000,3728.8000,3730.6000,1,1,1,5,3,2,2,2,1,1
SF,IF2005,2020-04-13 13:01:42.600,3728.0000,11057,0,4891824360.000,0,-,-,-,-,3727.2000,3727.0000,3726.0000,3725.8000,3725.4000,3727.8000,3728.0000,3728.2000,3728.8000,3729.6000,1,1,1,5,3,2,2,2,1,2
SF,IF2005,2020-04-13 13:01:43.100,3728.0000,11056,-1,4894061160.000,2,0,2,空平,B,3727.8000,3727.4000,3727.2000,3727.0000,3726.0000,3728.0000,3728.2000,3728.8000,3729.6000,3730.6000,1,2,1,1,1,1,1,1,2,1
SF,IF2005,2020-04-13 13:01:43.600,3728.0000,11056,0,4894061160.000,0,-,-,-,-,3727.8000,3727.4000,3727.2000,3727.0000,3726.0000,3728.2000,3728.8000,3729.6000,3730.6000,3730.8000,1,2,1,1,1,1,1,2,1,1
SF,IF2005,2020-04-13 13:01:44.100,3728.0000,11056,0,4894061160.000,0,-,-,-,-,3728.0000,3727.4000,3727.2000,3727.0000,3726.0000,3728.8000,3729.6000,3730.6000,3730.8000,3731.0000,1,2,1,1,1,1,2,1,1,1
SF,IF2005,2020-04-13 13:01:44.600,3728.0000,11056,0,4894061160.000,0,-,-,-,-,3728.0000,3727.4000,3727.2000,3727.0000,3726.0000,3728.6000,3728.8000,3729.6000,3730.6000,3730.8000,1,2,1,1,1,7,1,2,1,1
SF,IF2005,2020-04-13 13:01:45.100,3728.0000,11056,0,4894061160.000,0,-,-,-,-,3728.0000,3727.4000,3727.2000,3727.0000,3726.0000,3728.6000,3728.8000,3729.6000,3730.6000,3730.8000,1,2,1,1,4,7,1,2,1,1
SF,IF2005,2020-04-13 13:01:46.100,3728.0000,11056,0,4894061160.000,0,-,-,-,-,3728.0000,3727.4000,3727.2000,3727.0000,3726.0000,3728.4000,3728.6000,3728.8000,3730.6000,3730.8000,1,2,1,1,4,1,7,1,1,1
SF,IF2005,2020-04-13 13:01:46.600,3728.0000,11056,0,4894061160.000,0,-,-,-,-,3728.0000,3727.4000,3727.2000,3727.0000,3726.0000,3728.2000,3728.4000,3728.6000,3728.8000,3730.6000,1,2,1,1,4,1,1,6,1,1
SF,IF2005,2020-04-13 13:01:47.100,3728.0000,11056,0,4894061160.000,0,-,-,-,-,3728.0000,3727.4000,3727.2000,3727.0000,3726.0000,3728.2000,3728.4000,3728.6000,3728.8000,3730.6000,1,2,1,1,4,1,1,6,1,1
SF,IF2005,2020-04-13 13:01:47.600,3728.0000,11056,0,4894061160.000,0,-,-,-,-,3728.0000,3727.4000,3727.2000,3727.0000,3726.2000,3728.2000,3728.4000,3728.6000,3728.8000,3730.6000,1,2,1,1,1,1,1,6,1,1
SF,IF2005,2020-04-13 13:01:48.600,3728.0000,11056,0,4894061160.000,0,-,-,-,-,3728.0000,3727.4000,3727.2000,3727.0000,3726.2000,3728.2000,3728.4000,3728.6000,3728.8000,3730.6000,1,2,1,1,1,1,1,6,1,1
SF,IF2005,2020-04-13 13:01:49.100,3728.0000,11056,0,4894061160.000,0,-,-,-,-,3728.0000,3727.4000,3727.2000,3727.0000,3726.2000,3728.2000,3728.4000,3728.6000,3728.8000,3730.6000,1,2,1,1,1,1,1,6,1,1
SF,IF2005,2020-04-13 13:01:49.600,3728.0000,11056,0,4894061160.000,0,-,-,-,-,3728.0000,3727.4000,3727.2000,3727.0000,3726.2000,3728.2000,3728.4000,3728.6000,3728.8000,3730.6000,1,2,1,1,1,1,1,6,1,1
SF,IF2005,2020-04-13 13:01:50.100,3728.0000,11056,0,4894061160.000,0,-,-,-,-,3728.0000,3727.4000,3727.0000,3726.2000,3726.0000,3728.2000,3728.4000,3728.6000,3728.8000,3730.6000,1,2,1,1,1,2,1,6,1,1
SF,IF2005,2020-04-13 13:01:50.600,3728.0000,11056,0,4894061160.000,0,-,-,-,-,3728.0000,3727.4000,3727.0000,3726.2000,3726.0000,3728.2000,3728.4000,3728.6000,3728.8000,3730.6000,1,2,1,1,1,1,1,6,1,1
SF,IF2005,2020-04-13 13:01:51.100,3728.0000,11056,0,4894061160.000,0,-,-,-,-,3728.0000,3727.4000,3727.0000,3726.2000,3726.0000,3728.2000,3728.4000,3728.6000,3728.8000,3730.6000,1,2,1,1,1,2,1,6,1,1
SF,IF2005,2020-04-13 13:01:51.600,3728.0000,11056,0,4894061160.000,0,-,-,-,-,3728.0000,3727.4000,3727.0000,3726.2000,3726.0000,3728.4000,3728.6000,3728.8000,3730.6000,3730.8000,1,2,1,1,1,1,1,1,1,1
SF,IF2005,2020-04-13 13:01:52.100,3728.0000,11056,0,4894061160.000,0,-,-,-,-,3728.0000,3727.4000,3727.0000,3726.2000,3726.0000,3728.6000,3728.8000,3730.6000,3730.8000,3731.0000,1,2,1,1,1,1,1,1,1,1
SF,IF2005,2020-04-13 13:01:52.600,3728.0000,11056,0,4894061160.000,0,-,-,-,-,3728.0000,3727.4000,3727.0000,3726.2000,3726.0000,3728.4000,3728.6000,3728.8000,3730.6000,3730.8000,1,1,1,1,1,1,1,1,1,1
SF,IF2005,2020-04-13 13:01:53.100,3728.0000,11056,0,4894061160.000,0,-,-,-,-,3728.0000,3727.4000,3727.0000,3726.6000,3726.2000,3728.4000,3728.6000,3728.8000,3730.6000,3730.8000,1,1,1,1,1,1,1,1,1,1
SF,IF2005,2020-04-13 13:01:53.600,3728.0000,11056,0,4894061160.000,0,-,-,-,-,3728.0000,3727.4000,3727.0000,3726.6000,3726.2000,3728.4000,3728.6000,3728.8000,3730.6000,3730.8000,1,1,1,1,1,1,1,1,1,1
SF,IF2005,2020-04-13 13:01:54.100,3728.0000,11056,0,4894061160.000,0,-,-,-,-,3728.0000,3727.4000,3727.0000,3726.6000,3726.2000,3728.4000,3728.6000,3728.8000,3730.6000,3730.8000,1,1,1,1,1,1,1,1,1,1
SF,IF2005,2020-04-13 13:01:54.600,3728.0000,11056,0,4894061160.000,0,-,-,-,-,3728.0000,3727.0000,3726.6000,3726.2000,3726.0000,3728.4000,3728.6000,3728.8000,3730.6000,3730.8000,1,1,1,1,1,1,1,1,1,1
SF,IF2005,2020-04-13 13:01:55.100,3728.0000,11056,0,4894061160.000,0,-,-,-,-,3728.0000,3727.0000,3726.6000,3726.2000,3726.0000,3728.4000,3728.6000,3728.8000,3730.6000,3730.8000,1,1,1,1,1,2,1,1,1,1
SF,IF2005,2020-04-13 13:01:55.600,3728.0000,11056,0,4894061160.000,0,-,-,-,-,3728.0000,3727.0000,3726.6000,3726.2000,3726.0000,3728.8000,3730.6000,3730.8000,3731.0000,3731.4000,1,1,1,1,1,1,1,1,1,1
SF,IF2005,2020-04-13 13:01:56.100,3728.0000,11056,0,4894061160.000,0,-,-,-,-,3728.0000,3727.0000,3726.6000,3726.2000,3726.0000,3728.8000,3730.6000,3730.8000,3731.0000,3731.4000,1,1,1,1,1,1,1,1,1,1
SF,IF2005,2020-04-13 13:01:56.600,3728.0000,11056,0,4894061160.000,0,-,-,-,-,3728.0000,3727.0000,3726.6000,3726.2000,3726.0000,3728.8000,3730.6000,3730.8000,3731.0000,3731.4000,1,1,1,1,1,1,1,1,1,1
SF,IF2005,2020-04-13 13:01:57.100,3728.0000,11056,0,4894061160.000,0,-,-,-,-,3728.0000,3727.0000,3726.6000,3726.2000,3726.0000,3728.8000,3730.6000,3730.8000,3731.0000,3731.4000,1,1,1,1,1,1,1,1,1,1
SF,IF2005,2020-04-13 13:01:57.600,3728.0000,11056,0,4894061160.000,0,-,-,-,-,3728.0000,3727.0000,3726.6000,3726.2000,3726.0000,3728.6000,3728.8000,3730.6000,3730.8000,3731.0000,1,1,1,1,1,1,1,1,1,1
SF,IF2005,2020-04-13 13:01:58.100,3728.0000,11056,0,4894061160.000,0,-,-,-,-,3728.0000,3727.0000,3726.6000,3726.2000,3726.0000,3728.8000,3730.6000,3730.8000,3731.0000,3731.4000,1,1,1,1,1,1,1,1,1,1
SF,IF2005,2020-04-13 13:01:58.600,3728.0000,11056,0,4894061160.000,0,-,-,-,-,3728.0000,3727.0000,3726.8000,3726.6000,3726.2000,3728.8000,3730.6000,3730.8000,3731.0000,3731.4000,1,1,1,1,1,1,1,1,1,1
SF,IF2005,2020-04-13 13:01:59.100,3728.0000,11056,0,4894061160.000,0,-,-,-,-,3728.2000,3728.0000,3727.0000,3726.8000,3726.6000,3728.8000,3730.6000,3730.8000,3731.0000,3731.4000,1,1,1,1,1,1,1,1,1,1
SF,IF2005,2020-04-13 13:01:59.600,3728.0000,11056,0,4894061160.000,0,-,-,-,-,3728.2000,3728.0000,3727.0000,3726.8000,3726.6000,3728.8000,3730.6000,3730.8000,3731.0000,3731.4000,1,1,1,1,1,2,1,1,1,1
SF,IF2005,2020-04-13 13:02:00.100,3728.0000,11056,0,4894061160.000,0,-,-,-,-,3728.2000,3728.0000,3727.0000,3726.8000,3726.6000,3728.6000,3728.8000,3730.6000,3730.8000,3731.0000,1,3,1,1,1,1,2,1,1,1
SF,IF2005,2020-04-13 13:02:01.100,3728.0000,11056,0,4894061160.000,0,-,-,-,-,3728.2000,3728.0000,3727.0000,3726.8000,3726.6000,3728.6000,3728.8000,3730.6000,3730.8000,3731.0000,1,3,1,1,1,1,2,1,1,1
SF,IF2005,2020-04-13 13:02:01.600,3728.0000,11056,0,4894061160.000,0,-,-,-,-,3728.0000,3727.0000,3726.8000,3726.6000,3726.4000,3728.6000,3728.8000,3729.6000,3730.6000,3730.8000,3,1,1,1,1,1,2,2,1,1
SF,IF2005,2020-04-13 13:02:04.600,3728.0000,11056,0,4894061160.000,0,-,-,-,-,3728.0000,3727.0000,3726.8000,3726.6000,3726.4000,3728.6000,3728.8000,3729.6000,3730.6000,3730.8000,1,1,1,1,1,1,2,2,1,1
SF,IF2005,2020-04-13 13:02:05.600,3728.0000,11057,1,4895179560.000,1,1,0,双开,B,3728.0000,3727.0000,3726.8000,3726.6000,3726.4000,3728.2000,3728.6000,3728.8000,3729.6000,3730.6000,2,1,1,1,1,5,1,2,2,1
SF,IF2005,2020-04-13 13:02:06.100,3728.0000,11057,0,4895179560.000,0,-,-,-,-,3728.0000,3727.0000,3726.8000,3726.6000,3726.4000,3728.6000,3728.8000,3729.6000,3730.6000,3730.8000,2,1,1,1,1,1,2,2,1,1
SF,IF2005,2020-04-13 13:02:07.600,3728.0000,11057,0,4895179560.000,0,-,-,-,-,3728.0000,3727.0000,3726.8000,3726.6000,3726.4000,3728.6000,3728.8000,3730.6000,3730.8000,3731.0000,2,1,1,1,1,1,2,1,1,1
SF,IF2005,2020-04-13 13:02:10.600,3728.0000,11057,0,4895179560.000,0,-,-,-,-,3727.0000,3726.8000,3726.6000,3726.4000,3726.2000,3728.6000,3728.8000,3730.6000,3730.8000,3731.0000,1,1,1,1,1,1,2,1,1,1
SF,IF2005,2020-04-13 13:02:11.100,3728.0000,11057,0,4895179560.000,0,-,-,-,-,3728.0000,3727.4000,3727.2000,3727.0000,3726.8000,3728.4000,3728.6000,3728.8000,3730.6000,3730.8000,2,2,1,1,1,1,1,2,1,1
SF,IF2005,2020-04-13 13:02:11.600,3728.0000,11057,0,4895179560.000,0,-,-,-,-,3728.0000,3727.4000,3727.0000,3726.6000,3726.4000,3728.6000,3728.8000,3730.6000,3730.8000,3731.0000,2,2,1,1,1,1,2,1,1,1
SF,IF2005,2020-04-13 13:02:12.100,3728.0000,11057,0,4895179560.000,0,-,-,-,-,3728.0000,3727.4000,3727.0000,3726.6000,3726.4000,3728.6000,3728.8000,3730.6000,3730.8000,3731.0000,2,1,1,1,1,1,2,1,1,1
SF,IF2005,2020-04-13 13:02:13.600,3728.0000,11057,0,4895179560.000,0,-,-,-,-,3728.0000,3727.4000,3727.0000,3726.6000,3726.4000,3728.8000,3730.6000,3730.8000,3731.0000,3731.4000,2,1,1,1,1,2,1,1,1,1
SF,IF2005,2020-04-13 13:02:14.100,3728.0000,11057,0,4895179560.000,0,-,-,-,-,3728.0000,3727.0000,3726.6000,3726.4000,3726.2000,3728.8000,3730.6000,3730.8000,3731.0000,3731.4000,2,1,1,1,1,2,1,1,1,1
SF,IF2005,2020-04-13 13:02:16.100,3728.0000,11057,0,4895179560.000,0,-,-,-,-,3727.0000,3726.6000,3726.4000,3726.2000,3726.0000,3728.8000,3730.6000,3730.8000,3731.0000,3731.4000,1,1,1,1,1,2,1,1,1,1
SF,IF2005,2020-04-13 13:02:16.600,3728.0000,11057,0,4895179560.000,0,-,-,-,-,3727.8000,3727.6000,3727.4000,3727.0000,3726.6000,3728.6000,3728.8000,3730.6000,3730.8000,3731.0000,1,1,1,1,1,1,2,1,1,1
SF,IF2005,2020-04-13 13:02:17.100,3728.0000,11057,0,4895179560.000,0,-,-,-,-,3728.0000,3727.8000,3727.6000,3727.4000,3727.0000,3728.6000,3728.8000,3730.6000,3730.8000,3731.0000,2,1,1,1,1,1,2,1,1,1
SF,IF2005,2020-04-13 13:02:19.600,3728.0000,11057,0,4895179560.000,0,-,-,-,-,3728.0000,3727.8000,3727.6000,3727.4000,3727.0000,3728.6000,3728.8000,3730.6000,3730.8000,3731.0000,2,1,1,1,1,1,2,1,1,1
SF,IF2005,2020-04-13 13:02:22.100,3728.0000,11057,0,4895179560.000,0,-,-,-,-,3727.8000,3727.6000,3727.4000,3727.0000,3726.6000,3728.6000,3728.8000,3730.6000,3730.8000,3731.0000,1,1,1,1,1,1,2,1,1,1
SF,IF2005,2020-04-13 13:02:22.600,3728.0000,11057,0,4895179560.000,0,-,-,-,-,3728.0000,3727.8000,3727.6000,3727.4000,3727.0000,3728.6000,3728.8000,3730.6000,3730.8000,3731.0000,2,1,1,1,1,1,2,1,1,1
SF,IF2005,2020-04-13 13:02:23.100,3728.0000,11057,0,4895179560.000,0,-,-,-,-,3728.0000,3727.8000,3727.6000,3727.4000,3727.0000,3728.8000,3730.6000,3730.8000,3731.0000,3731.4000,2,1,1,1,1,2,1,1,1,1
SF,IF2005,2020-04-13 13:02:23.600,3728.0000,11057,0,4895179560.000,0,-,-,-,-,3728.0000,3727.8000,3727.6000,3727.0000,3726.6000,3728.8000,3730.6000,3730.8000,3731.0000,3731.4000,2,1,1,1,1,2,1,1,1,1
SF,IF2005,2020-04-13 13:02:26.100,3728.0000,11057,0,4895179560.000,0,-,-,-,-,3728.2000,3728.0000,3727.6000,3727.0000,3726.6000,3728.8000,3730.6000,3730.8000,3731.0000,3731.4000,1,2,1,1,1,2,1,1,1,1
SF,IF2005,2020-04-13 13:02:26.600,3728.0000,11057,0,4895179560.000,0,-,-,-,-,3728.2000,3728.0000,3727.6000,3727.0000,3726.6000,3728.8000,3730.6000,3730.8000,3731.0000,3731.4000,1,2,1,1,1,2,1,1,1,1
SF,IF2005,2020-04-13 13:02:27.100,3728.0000,11057,0,4895179560.000,0,-,-,-,-,3728.2000,3728.0000,3727.6000,3727.0000,3726.6000,3728.8000,3730.6000,3730.8000,3731.0000,3731.4000,1,2,1,1,1,2,1,1,1,1
SF,IF2005,2020-04-13 13:02:27.600,3728.0000,11057,0,4895179560.000,0,-,-,-,-,3728.2000,3727.0000,3726.6000,3726.4000,3726.2000,3728.8000,3730.6000,3730.8000,3731.0000,3731.4000,1,1,1,1,3,2,1,1,1,1
SF,IF2005,2020-04-13 13:02:28.100,3728.0000,11057,0,4895179560.000,0,-,-,-,-,3728.2000,3728.0000,3727.0000,3726.6000,3726.4000,3728.8000,3730.6000,3730.8000,3731.0000,3731.4000,1,2,1,1,1,2,1,1,1,1
SF,IF2005,2020-04-13 13:02:31.100,3728.0000,11057,0,4895179560.000,0,-,-,-,-,3728.2000,3728.0000,3727.0000,3726.6000,3726.4000,3728.6000,3728.8000,3730.6000,3730.8000,3731.0000,1,2,1,1,1,5,2,1,1,1
SF,IF2005,2020-04-13 13:02:32.100,3728.0000,11057,0,4895179560.000,0,-,-,-,-,3728.2000,3728.0000,3727.0000,3726.6000,3726.4000,3728.8000,3730.6000,3730.8000,3731.0000,3731.4000,1,2,1,1,1,2,1,1,1,1
SF,IF2005,2020-04-13 13:02:33.100,3728.0000,11057,0,4895179560.000,0,-,-,-,-,3728.2000,3727.0000,3726.6000,3726.4000,3726.2000,3728.8000,3730.6000,3730.8000,3731.0000,3731.4000,1,1,1,1,3,2,1,1,1,1
SF,IF2005,2020-04-13 13:02:33.600,3728.0000,11057,0,4895179560.000,0,-,-,-,-,3728.2000,3728.0000,3727.0000,3726.6000,3726.4000,3728.8000,3730.6000,3730.8000,3731.0000,3731.4000,1,2,1,1,1,2,1,1,1,1
SF,IF2005,2020-04-13 13:02:34.100,3728.0000,11057,0,4895179560.000,0,-,-,-,-,3728.2000,3728.0000,3727.0000,3726.6000,3726.4000,3728.6000,3728.8000,3730.6000,3730.8000,3731.0000,1,2,1,1,1,1,2,1,1,1
SF,IF2005,2020-04-13 13:02:34.600,3728.0000,11057,0,4895179560.000,0,-,-,-,-,3728.2000,3728.0000,3727.0000,3726.6000,3726.4000,3728.6000,3728.8000,3730.6000,3730.8000,3731.0000,1,2,1,1,1,2,1,1,1,1
SF,IF2005,2020-04-13 13:02:35.100,3728.0000,11057,0,4895179560.000,0,-,-,-,-,3728.2000,3728.0000,3727.0000,3726.6000,3726.4000,3728.6000,3728.8000,3730.6000,3730.8000,3731.0000,1,2,1,1,1,2,1,1,1,1
SF,IF2005,2020-04-13 13:02:35.600,3728.0000,11057,0,4895179560.000,0,-,-,-,-,3728.2000,3728.0000,3727.0000,3726.6000,3726.4000,3728.6000,3728.8000,3730.6000,3730.8000,3731.0000,1,2,1,1,1,1,1,1,1,1
SF,IF2005,2020-04-13 13:02:36.100,3728.0000,11057,0,4895179560.000,0,-,-,-,-,3728.2000,3728.0000,3727.0000,3726.6000,3726.4000,3728.6000,3728.8000,3730.6000,3730.8000,3731.0000,1,2,1,1,1,2,1,1,1,1
SF,IF2005,2020-04-13 13:02:36.600,3728.0000,11057,0,4895179560.000,0,-,-,-,-,3728.2000,3728.0000,3727.0000,3726.6000,3726.4000,3728.6000,3728.8000,3730.6000,3730.8000,3731.0000,1,2,1,1,1,1,1,1,1,1
SF,IF2005,2020-04-13 13:02:37.100,3728.0000,11057,0,4895179560.000,0,-,-,-,-,3728.2000,3728.0000,3727.0000,3726.6000,3726.4000,3728.6000,3728.8000,3730.6000,3730.8000,3731.0000,1,2,1,1,1,1,1,1,1,1
SF,IF2005,2020-04-13 13:02:37.600,3728.0000,11057,0,4895179560.000,0,-,-,-,-,3728.2000,3728.0000,3727.0000,3726.6000,3726.4000,3728.6000,3728.8000,3730.6000,3730.8000,3731.0000,1,2,1,1,1,2,1,1,1,1
SF,IF2005,2020-04-13 13:02:38.100,3728.0000,11057,0,4895179560.000,0,-,-,-,-,3728.0000,3727.0000,3726.6000,3726.4000,3726.2000,3728.6000,3728.8000,3730.6000,3730.8000,3731.0000,2,1,1,1,3,1,1,1,1,1
SF,IF2005,2020-04-13 13:02:38.600,3728.0000,11057,0,4895179560.000,0,-,-,-,-,3727.0000,3726.6000,3726.4000,3726.2000,3726.0000,3728.6000,3728.8000,3730.6000,3730.8000,3731.0000,1,1,1,3,4,1,1,1,1,1
SF,IF2005,2020-04-13 13:02:39.100,3728.0000,11057,0,4895179560.000,0,-,-,-,-,3727.6000,3727.4000,3727.2000,3727.0000,3726.6000,3728.4000,3728.6000,3728.8000,3730.6000,3730.8000,1,1,1,1,1,6,2,1,1,1
SF,IF2005,2020-04-13 13:02:39.600,3728.0000,11057,0,4895179560.000,0,-,-,-,-,3728.0000,3727.6000,3727.4000,3727.2000,3727.0000,3728.4000,3728.6000,3728.8000,3730.6000,3730.8000,2,1,1,1,1,6,1,1,1,1
SF,IF2005,2020-04-13 13:02:40.100,3728.0000,11057,0,4895179560.000,0,-,-,-,-,3728.0000,3727.6000,3727.4000,3727.2000,3727.0000,3728.4000,3728.6000,3728.8000,3730.6000,3730.8000,2,1,1,1,1,7,1,1,1,1
SF,IF2005,2020-04-13 13:02:40.600,3728.0000,11059,2,4897416360.000,2,2,0,双开,B,3727.6000,3727.4000,3727.2000,3727.0000,3726.6000,3728.0000,3728.2000,3728.4000,3728.6000,3728.8000,1,1,1,1,1,1,5,6,1,1
SF,IF2005,2020-04-13 13:02:41.100,3728.0000,11059,0,4897416360.000,0,-,-,-,-,3727.6000,3727.4000,3727.2000,3727.0000,3726.6000,3728.0000,3728.4000,3728.6000,3728.8000,3730.6000,1,1,1,1,1,1,6,1,1,1
SF,IF2005,2020-04-13 13:02:41.600,3727.6000,11060,1,4898534640.000,1,1,0,双开,B,3727.4000,3727.2000,3727.0000,3726.6000,3726.4000,3728.4000,3728.6000,3728.8000,3730.6000,3730.8000,1,1,1,1,1,6,1,1,1,1
SF,IF2005,2020-04-13 13:02:42.100,3727.6000,11060,0,4898534640.000,0,-,-,-,-,3727.4000,3727.2000,3727.0000,3726.6000,3726.4000,3728.2000,3728.4000,3728.6000,3728.8000,3730.6000,1,1,1,1,1,5,6,1,1,1
SF,IF2005,2020-04-13 13:02:42.600,3727.6000,11060,0,4898534640.000,0,-,-,-,-,3727.4000,3727.2000,3727.0000,3726.4000,3726.2000,3728.2000,3728.4000,3728.6000,3728.8000,3730.6000,1,1,1,1,1,5,6,1,1,1
SF,IF2005,2020-04-13 13:02:43.600,3727.6000,11060,0,4898534640.000,0,-,-,-,-,3727.4000,3727.2000,3727.0000,3726.4000,3726.2000,3728.2000,3728.4000,3728.6000,3728.8000,3730.6000,1,1,1,1,1,5,6,1,1,1
SF,IF2005,2020-04-13 13:02:44.100,3727.6000,11060,0,4898534640.000,0,-,-,-,-,3727.4000,3727.2000,3727.0000,3726.4000,3726.2000,3728.2000,3728.4000,3728.6000,3728.8000,3730.6000,1,1,1,1,1,6,6,1,1,1
SF,IF2005,2020-04-13 13:02:44.600,3727.6000,11060,0,4898534640.000,0,-,-,-,-,3727.4000,3727.2000,3727.0000,3726.4000,3726.2000,3728.2000,3728.4000,3728.6000,3728.8000,3730.6000,1,1,1,1,1,5,6,1,1,1
SF,IF2005,2020-04-13 13:02:45.600,3727.6000,11060,0,4898534640.000,0,-,-,-,-,3727.4000,3727.2000,3727.0000,3726.4000,3726.2000,3728.4000,3728.6000,3728.8000,3730.6000,3730.8000,1,1,1,1,1,6,1,1,1,1
SF,IF2005,2020-04-13 13:02:46.100,3727.6000,11060,0,4898534640.000,0,-,-,-,-,3727.4000,3727.2000,3727.0000,3726.4000,3726.2000,3728.4000,3728.6000,3728.8000,3730.6000,3730.8000,1,1,1,1,1,7,1,1,1,1
SF,IF2005,2020-04-13 13:02:46.600,3727.4000,11060,0,4899652860.000,1,0,1,空换,B,3727.2000,3727.0000,3726.4000,3726.2000,3726.0000,3727.4000,3728.4000,3728.6000,3728.8000,3730.6000,1,1,1,1,2,2,7,1,1,1
SF,IF2005,2020-04-13 13:02:47.100,3727.4000,11062,2,4901889300.000,2,2,0,双开,B,3727.0000,3726.4000,3726.2000,3726.0000,3725.8000,3728.4000,3728.6000,3728.8000,3730.6000,3730.8000,1,1,1,2,2,2,1,1,1,1
SF,IF2005,2020-04-13 13:02:47.600,3727.4000,11062,0,4901889300.000,0,-,-,-,-,3727.2000,3727.0000,3726.4000,3726.2000,3726.0000,3728.4000,3728.6000,3728.8000,3730.6000,3730.8000,1,1,1,1,2,2,1,1,1,1
SF,IF2005,2020-04-13 13:02:48.100,3727.4000,11062,0,4901889300.000,0,-,-,-,-,3727.4000,3727.2000,3726.4000,3726.2000,3726.0000,3728.4000,3728.6000,3728.8000,3730.6000,3730.8000,1,2,1,1,2,1,1,1,1,1
SF,IF2005,2020-04-13 13:02:48.600,3727.4000,11062,0,4901889300.000,0,-,-,-,-,3727.4000,3727.2000,3726.4000,3726.2000,3726.0000,3728.4000,3728.6000,3728.8000,3730.6000,3730.8000,1,2,1,1,2,1,1,1,1,1
SF,IF2005,2020-04-13 13:02:49.100,3727.4000,11062,0,4901889300.000,0,-,-,-,-,3727.4000,3727.2000,3726.4000,3726.2000,3726.0000,3728.4000,3728.6000,3728.8000,3730.6000,3730.8000,1,2,1,1,2,2,1,1,1,1
SF,IF2005,2020-04-13 13:02:49.600,3727.4000,11062,0,4901889300.000,0,-,-,-,-,3727.4000,3727.2000,3727.0000,3726.4000,3726.2000,3728.4000,3728.6000,3728.8000,3730.6000,3730.8000,1,2,5,1,1,2,1,1,1,1
SF,IF2005,2020-04-13 13:02:50.100,3728.4000,11062,0,4903007820.000,1,0,1,空换,B,3727.4000,3727.2000,3727.0000,3726.4000,3726.2000,3728.6000,3728.8000,3730.6000,3730.8000,3731.0000,1,2,5,1,1,1,1,1,1,1
SF,IF2005,2020-04-13 13:02:50.600,3728.4000,11062,0,4903007820.000,0,-,-,-,-,3727.4000,3727.2000,3727.0000,3726.4000,3726.2000,3728.4000,3728.6000,3728.8000,3730.6000,3730.8000,1,2,5,1,1,8,1,1,1,1
SF,IF2005,2020-04-13 13:02:51.100,3728.4000,11062,0,4903007820.000,0,-,-,-,-,3727.4000,3727.2000,3727.0000,3726.4000,3726.2000,3728.4000,3728.6000,3728.8000,3730.6000,3730.8000,1,2,5,1,1,9,1,1,1,1
SF,IF2005,2020-04-13 13:02:51.600,3728.4000,11062,0,4903007820.000,0,-,-,-,-,3727.4000,3727.2000,3727.0000,3726.4000,3726.2000,3728.4000,3728.6000,3728.8000,3730.6000,3730.8000,1,2,5,1,1,8,1,1,1,1
SF,IF2005,2020-04-13 13:02:52.100,3728.4000,11062,0,4903007820.000,0,-,-,-,-,3727.4000,3727.2000,3727.0000,3726.4000,3726.2000,3728.4000,3728.6000,3728.8000,3730.6000,3730.8000,1,2,5,1,1,8,1,1,1,1
SF,IF2005,2020-04-13 13:02:52.600,3728.4000,11062,0,4903007820.000,0,-,-,-,-,3727.4000,3727.2000,3727.0000,3726.4000,3726.2000,3728.2000,3728.4000,3728.6000,3728.8000,3730.6000,1,2,5,1,1,1,3,1,1,1
SF,IF2005,2020-04-13 13:02:53.100,3728.4000,11062,0,4903007820.000,0,-,-,-,-,3727.4000,3727.2000,3727.0000,3726.4000,3726.2000,3728.2000,3728.4000,3728.6000,3728.8000,3730.6000,1,2,5,1,1,1,3,1,1,1
SF,IF2005,2020-04-13 13:02:53.600,3728.4000,11062,0,4903007820.000,0,-,-,-,-,3727.4000,3727.2000,3727.0000,3726.4000,3726.2000,3728.2000,3728.4000,3728.6000,3728.8000,3730.6000,1,2,5,1,1,1,3,1,1,1
SF,IF2005,2020-04-13 13:02:54.100,3728.4000,11062,0,4903007820.000,0,-,-,-,-,3727.4000,3727.2000,3727.0000,3726.4000,3726.2000,3728.2000,3728.4000,3728.6000,3728.8000,3730.6000,1,2,5,1,1,1,3,1,1,1
SF,IF2005,2020-04-13 13:02:54.600,3728.4000,11062,0,4903007820.000,0,-,-,-,-,3727.4000,3727.2000,3727.0000,3726.4000,3726.2000,3728.2000,3728.4000,3728.6000,3728.8000,3730.6000,1,2,5,1,1,2,3,1,1,1
SF,IF2005,2020-04-13 13:02:55.100,3728.4000,11062,0,4903007820.000,0,-,-,-,-,3727.4000,3727.2000,3727.0000,3726.4000,3726.2000,3728.2000,3728.4000,3728.6000,3728.8000,3730.6000,1,2,5,1,1,3,3,1,1,1
SF,IF2005,2020-04-13 13:02:55.600,3728.4000,11062,0,4903007820.000,0,-,-,-,-,3727.4000,3727.2000,3727.0000,3726.4000,3726.2000,3728.0000,3728.2000,3728.4000,3728.6000,3728.8000,1,2,5,1,1,1,2,2,1,1
SF,IF2005,2020-04-13 13:02:56.100,3728.4000,11062,0,4904126340.000,1,0,1,空换,B,3727.4000,3727.2000,3727.0000,3726.4000,3726.2000,3728.2000,3728.4000,3728.6000,3728.8000,3730.6000,1,2,5,1,1,1,2,1,1,1
SF,IF2005,2020-04-13 13:02:56.600,3728.4000,11062,0,4904126340.000,0,-,-,-,-,3727.6000,3727.4000,3727.2000,3727.0000,3726.4000,3728.0000,3728.2000,3728.4000,3728.6000,3728.8000,1,1,2,5,1,1,1,2,1,1
SF,IF2005,2020-04-13 13:02:57.100,3728.4000,11062,0,4904126340.000,0,-,-,-,-,3727.6000,3727.4000,3727.2000,3727.0000,3726.4000,3728.2000,3728.4000,3728.6000,3728.8000,3730.6000,1,1,2,5,1,1,2,1,1,1
SF,IF2005,2020-04-13 13:02:57.600,3728.4000,11062,0,4904126340.000,0,-,-,-,-,3727.6000,3727.4000,3727.2000,3727.0000,3726.4000,3728.2000,3728.4000,3728.6000,3728.8000,3730.6000,1,1,2,5,1,1,2,1,1,1
SF,IF2005,2020-04-13 13:02:58.100,3728.4000,11062,0,4904126340.000,0,-,-,-,-,3727.6000,3727.4000,3727.2000,3727.0000,3726.4000,3728.2000,3728.4000,3728.6000,3728.8000,3730.6000,1,1,2,5,1,1,2,1,1,1
SF,IF2005,2020-04-13 13:02:58.600,3728.4000,11062,0,4904126340.000,0,-,-,-,-,3727.6000,3727.4000,3727.2000,3727.0000,3726.4000,3728.2000,3728.4000,3728.6000,3728.8000,3730.6000,1,1,2,5,1,1,2,1,1,1
SF,IF2005,2020-04-13 13:02:59.100,3728.4000,11062,0,4904126340.000,0,-,-,-,-,3727.6000,3727.4000,3727.2000,3727.0000,3726.4000,3728.2000,3728.4000,3728.6000,3728.8000,3730.6000,1,1,2,5,1,2,2,1,1,1
SF,IF2005,2020-04-13 13:02:59.600,3728.2000,11062,0,4905244800.000,1,0,1,空换,B,3727.6000,3727.4000,3727.2000,3727.0000,3726.4000,3728.2000,3728.4000,3728.6000,3728.8000,3730.6000,1,1,2,5,1,1,2,1,1,1
SF,IF2005,2020-04-13 13:03:00.100,3728.4000,11063,1,4907481780.000,2,1,1,多开,B,3727.6000,3727.4000,3727.2000,3727.0000,3726.2000,3728.4000,3728.6000,3728.8000,3730.6000,3730.8000,1,1,2,5,1,1,1,1,1,1
SF,IF2005,2020-04-13 13:03:00.600,3728.4000,11063,0,4907481780.000,0,-,-,-,-,3727.6000,3727.4000,3727.2000,3727.0000,3726.2000,3728.4000,3728.6000,3728.8000,3730.6000,3730.8000,1,1,2,5,1,1,1,1,1,1
SF,IF2005,2020-04-13 13:03:01.100,3728.4000,11063,0,4907481780.000,0,-,-,-,-,3727.6000,3727.4000,3727.2000,3727.0000,3726.2000,3728.2000,3728.4000,3728.6000,3728.8000,3730.6000,1,1,2,5,1,1,1,1,1,1
SF,IF2005,2020-04-13 13:03:01.600,3728.4000,11063,0,4907481780.000,0,-,-,-,-,3727.6000,3727.4000,3727.2000,3727.0000,3726.2000,3728.2000,3728.4000,3728.6000,3728.8000,3730.6000,1,1,2,5,1,6,1,1,1,1
SF,IF2005,2020-04-13 13:03:03.100,3728.4000,11063,0,4907481780.000,0,-,-,-,-,3727.6000,3727.4000,3727.2000,3727.0000,3726.2000,3728.2000,3728.4000,3728.6000,3728.8000,3730.8000,1,1,2,5,1,6,1,1,1,1
SF,IF2005,2020-04-13 13:03:03.600,3728.4000,11063,0,4907481780.000,0,-,-,-,-,3727.6000,3727.4000,3727.2000,3727.0000,3726.2000,3728.2000,3728.4000,3728.6000,3728.8000,3730.8000,1,1,2,5,1,6,1,1,1,1
SF,IF2005,2020-04-13 13:03:04.100,3728.2000,11063,0,4908600240.000,1,0,1,空换,B,3727.6000,3727.4000,3727.2000,3727.0000,3726.2000,3728.2000,3728.4000,3728.6000,3728.8000,3730.8000,1,1,2,5,1,5,1,1,1,1
SF,IF2005,2020-04-13 13:03:05.100,3728.2000,11063,0,4908600240.000,0,-,-,-,-,3727.6000,3727.4000,3727.2000,3727.0000,3726.2000,3728.4000,3728.6000,3728.8000,3730.8000,3731.4000,1,1,2,5,1,1,1,1,1,1
SF,IF2005,2020-04-13 13:03:06.100,3728.4000,11064,1,4909718760.000,1,1,0,双开,B,3727.8000,3727.6000,3727.4000,3727.2000,3727.0000,3728.6000,3728.8000,3730.8000,3731.4000,3731.8000,3,1,1,1,5,1,1,1,1,1
SF,IF2005,2020-04-13 13:03:06.600,3728.6000,11063,-1,4910837340.000,1,0,1,双平,B,3728.2000,3728.0000,3727.8000,3727.6000,3727.0000,3728.8000,3730.8000,3731.4000,3731.8000,3732.0000,1,1,3,1,5,1,1,1,1,1
SF,IF2005,2020-04-13 13:03:07.100,3728.6000,11063,0,4910837340.000,0,-,-,-,-,3728.4000,3728.2000,3727.8000,3727.6000,3727.0000,3728.8000,3730.8000,3731.4000,3731.8000,3732.0000,1,1,3,1,5,1,1,1,1,1
SF,IF2005,2020-04-13 13:03:07.600,3728.6000,11063,0,4910837340.000,0,-,-,-,-,3728.4000,3728.2000,3728.0000,3727.8000,3727.6000,3728.8000,3730.8000,3731.4000,3731.8000,3732.0000,1,1,1,3,1,1,1,1,1,1
SF,IF2005,2020-04-13 13:03:09.100,3728.6000,11063,0,4910837340.000,0,-,-,-,-,3728.4000,3728.2000,3728.0000,3727.8000,3727.6000,3728.8000,3730.0000,3730.8000,3731.4000,3731.8000,1,1,1,3,1,1,1,1,1,1
SF,IF2005,2020-04-13 13:03:09.600,3728.6000,11063,0,4910837340.000,0,-,-,-,-,3728.2000,3728.0000,3727.8000,3727.6000,3727.0000,3728.8000,3730.0000,3730.8000,3731.4000,3731.8000,1,1,3,1,6,1,1,1,1,1
SF,IF2005,2020-04-13 13:03:10.100,3728.6000,11063,0,4910837340.000,0,-,-,-,-,3728.0000,3727.8000,3727.6000,3727.0000,3726.8000,3728.6000,3728.8000,3730.0000,3730.8000,3731.4000,1,3,1,6,1,1,1,1,1,1
SF,IF2005,2020-04-13 13:03:10.600,3728.6000,11063,0,4910837340.000,0,-,-,-,-,3728.0000,3727.8000,3727.6000,3727.0000,3726.8000,3728.2000,3728.4000,3728.6000,3728.8000,3730.0000,1,2,1,6,1,1,5,1,1,1
SF,IF2005,2020-04-13 13:03:11.100,3728.2000,11064,1,4911955800.000,1,1,0,双开,B,3728.0000,3727.8000,3727.6000,3727.0000,3726.8000,3728.4000,3728.6000,3728.8000,3730.0000,3730.8000,1,1,1,6,1,5,1,1,1,1
SF,IF2005,2020-04-13 13:03:12.600,3728.4000,11065,1,4913074320.000,1,1,0,双开,B,3728.0000,3727.8000,3727.6000,3727.0000,3726.8000,3728.4000,3728.6000,3728.8000,3730.0000,3730.8000,1,1,1,6,1,4,1,1,1,1
SF,IF2005,2020-04-13 13:03:13.600,3728.4000,11065,0,4913074320.000,0,-,-,-,-,3728.2000,3728.0000,3727.8000,3727.0000,3726.8000,3728.6000,3728.8000,3730.0000,3730.8000,3731.4000,1,1,1,6,1,1,1,1,1,1
SF,IF2005,2020-04-13 13:03:14.100,3728.4000,11065,0,4913074320.000,0,-,-,-,-,3728.2000,3728.0000,3727.8000,3727.0000,3726.8000,3728.8000,3730.0000,3730.8000,3731.4000,3731.8000,1,1,1,6,1,1,1,1,1,1
SF,IF2005,2020-04-13 13:03:15.100,3728.4000,11065,0,4913074320.000,0,-,-,-,-,3728.2000,3728.0000,3727.8000,3727.0000,3726.8000,3728.8000,3730.0000,3730.8000,3731.4000,3731.8000,1,1,1,6,1,1,1,1,1,1
SF,IF2005,2020-04-13 13:03:20.100,3728.4000,11065,0,4913074320.000,0,-,-,-,-,3728.4000,3728.2000,3728.0000,3727.0000,3726.8000,3728.8000,3730.0000,3730.8000,3731.4000,3731.8000,1,1,1,6,1,1,1,1,1,1
SF,IF2005,2020-04-13 13:03:21.600,3728.4000,11065,0,4914192840.000,1,0,1,空换,B,3728.2000,3728.0000,3727.0000,3726.8000,3726.4000,3728.6000,3728.8000,3730.0000,3730.8000,3731.4000,1,1,6,1,2,5,1,1,1,1
SF,IF2005,2020-04-13 13:03:22.100,3728.4000,11065,0,4914192840.000,0,-,-,-,-,3728.2000,3728.0000,3727.0000,3726.8000,3726.4000,3728.8000,3730.0000,3730.8000,3731.4000,3731.8000,1,1,6,1,2,1,1,1,1,1
SF,IF2005,2020-04-13 13:03:22.600,3728.4000,11065,0,4914192840.000,0,-,-,-,-,3728.0000,3727.0000,3726.4000,3726.2000,3726.0000,3728.8000,3730.0000,3730.8000,3731.4000,3731.8000,1,6,2,4,2,1,1,1,1,1
SF,IF2005,2020-04-13 13:03:23.100,3728.4000,11065,0,4914192840.000,0,-,-,-,-,3728.0000,3727.0000,3726.4000,3726.2000,3726.0000,3728.4000,3728.6000,3728.8000,3730.0000,3730.8000,1,6,2,4,2,5,1,1,1,1
SF,IF2005,2020-04-13 13:03:23.600,3728.4000,11065,0,4914192840.000,0,-,-,-,-,3728.2000,3728.0000,3727.0000,3726.4000,3726.2000,3728.4000,3728.6000,3728.8000,3730.0000,3730.8000,1,1,6,2,4,5,1,1,1,1
SF,IF2005,2020-04-13 13:03:24.100,3728.4000,11065,0,4914192840.000,0,-,-,-,-,3728.2000,3728.0000,3727.0000,3726.4000,3726.2000,3728.8000,3730.0000,3730.8000,3731.4000,3731.8000,1,1,6,2,4,1,1,1,1,1
SF,IF2005,2020-04-13 13:03:24.600,3728.4000,11065,0,4914192840.000,0,-,-,-,-,3728.2000,3728.0000,3727.0000,3726.4000,3726.2000,3728.6000,3728.8000,3730.0000,3730.8000,3731.4000,1,1,6,2,4,5,1,1,1,1
SF,IF2005,2020-04-13 13:03:26.600,3728.4000,11065,0,4914192840.000,0,-,-,-,-,3728.2000,3728.0000,3727.0000,3726.4000,3726.2000,3728.6000,3728.8000,3730.0000,3730.8000,3731.4000,1,1,6,2,4,5,1,1,1,1
SF,IF2005,2020-04-13 13:03:27.100,3728.4000,11065,0,4914192840.000,0,-,-,-,-,3728.2000,3728.0000,3727.0000,3726.4000,3726.2000,3728.6000,3728.8000,3730.0000,3730.8000,3731.0000,1,1,6,2,4,5,1,1,1,1
SF,IF2005,2020-04-13 13:03:27.600,3728.4000,11065,0,4914192840.000,0,-,-,-,-,3728.6000,3728.2000,3728.0000,3727.0000,3726.4000,3728.8000,3730.0000,3730.8000,3731.0000,3731.4000,1,1,1,6,2,1,1,1,1,1
SF,IF2005,2020-04-13 13:03:28.100,3728.6000,11066,1,4915311420.000,1,1,0,双开,B,3728.2000,3728.0000,3727.0000,3726.4000,3726.2000,3728.6000,3728.8000,3730.0000,3730.8000,3731.0000,1,1,6,2,4,6,1,1,1,1
SF,IF2005,2020-04-13 13:03:29.100,3728.2000,11066,0,4916429880.000,1,0,1,空换,B,3728.0000,3727.0000,3726.4000,3726.2000,3726.0000,3728.6000,3728.8000,3730.0000,3730.8000,3731.0000,1,6,2,4,2,5,1,1,1,1
SF,IF2005,2020-04-13 13:03:30.100,3728.2000,11066,0,4916429880.000,0,-,-,-,-,3728.0000,3727.0000,3726.8000,3726.4000,3726.2000,3728.8000,3730.0000,3730.8000,3731.0000,3731.4000,1,6,1,2,4,1,1,1,1,1
SF,IF2005,2020-04-13 13:03:31.100,3728.2000,11066,0,4916429880.000,0,-,-,-,-,3728.0000,3727.0000,3726.8000,3726.4000,3726.2000,3728.6000,3728.8000,3730.0000,3730.8000,3731.0000,1,6,1,2,4,2,1,1,1,1
SF,IF2005,2020-04-13 13:03:32.600,3728.2000,11066,0,4916429880.000,0,-,-,-,-,3728.0000,3727.0000,3726.8000,3726.4000,3726.2000,3728.6000,3728.8000,3730.0000,3730.8000,3731.0000,1,6,1,2,4,2,1,1,1,1
SF,IF2005,2020-04-13 13:03:33.600,3728.2000,11066,0,4916429880.000,0,-,-,-,-,3728.2000,3728.0000,3727.0000,3726.8000,3726.4000,3728.6000,3728.8000,3730.0000,3730.8000,3731.0000,1,1,6,1,2,2,1,1,1,1
SF,IF2005,2020-04-13 13:03:34.100,3728.0000,11068,2,4918666740.000,2,2,0,双开,B,3727.0000,3726.8000,3726.4000,3726.2000,3726.0000,3728.2000,3728.4000,3728.6000,3728.8000,3730.0000,6,1,2,4,2,4,1,1,1,1
SF,IF2005,2020-04-13 13:03:34.600,3728.2000,11070,2,4923140580.000,4,3,1,多开,B,3727.8000,3727.6000,3727.2000,3727.0000,3726.8000,3728.6000,3728.8000,3730.0000,3730.8000,3731.0000,2,1,1,6,1,1,1,1,1,1
SF,IF2005,2020-04-13 13:03:35.100,3728.2000,11070,0,4923140580.000,0,-,-,-,-,3728.0000,3727.8000,3727.6000,3727.0000,3726.8000,3728.6000,3728.8000,3730.0000,3730.8000,3731.0000,1,2,1,6,1,1,1,1,1,1
SF,IF2005,2020-04-13 13:03:35.600,3728.2000,11070,0,4923140580.000,0,-,-,-,-,3728.2000,3728.0000,3727.8000,3727.6000,3727.2000,3728.6000,3728.8000,3730.0000,3730.8000,3731.0000,1,1,1,1,1,1,1,1,1,1
SF,IF2005,2020-04-13 13:03:36.100,3728.2000,11070,0,4923140580.000,0,-,-,-,-,3728.2000,3728.0000,3727.8000,3727.6000,3727.0000,3728.8000,3730.0000,3730.8000,3731.0000,3731.4000,1,1,1,1,6,1,1,1,1,1
SF,IF2005,2020-04-13 13:03:36.600,3728.2000,11070,0,4923140580.000,0,-,-,-,-,3728.4000,3728.2000,3727.8000,3727.6000,3727.0000,3728.8000,3730.0000,3730.8000,3731.0000,3731.4000,1,1,1,1,6,1,1,1,1,1
SF,IF2005,2020-04-13 13:03:37.100,3728.2000,11070,0,4923140580.000,0,-,-,-,-,3728.4000,3728.2000,3727.0000,3726.8000,3726.4000,3728.8000,3730.0000,3730.8000,3731.0000,3731.4000,1,1,6,1,2,1,1,1,1,1
SF,IF2005,2020-04-13 13:03:42.600,3728.2000,11070,0,4923140580.000,0,-,-,-,-,3728.4000,3728.2000,3727.0000,3726.8000,3726.4000,3728.8000,3730.0000,3730.8000,3731.0000,3731.4000,1,1,6,1,2,1,1,1,1,1
SF,IF2005,2020-04-13 13:03:46.600,3728.2000,11070,0,4923140580.000,0,-,-,-,-,3728.4000,3727.0000,3726.8000,3726.4000,3726.2000,3728.8000,3730.0000,3730.8000,3731.0000,3731.4000,1,6,1,2,4,1,1,1,1,1
SF,IF2005,2020-04-13 13:03:49.100,3728.2000,11070,0,4923140580.000,0,-,-,-,-,3728.4000,3727.0000,3726.8000,3726.4000,3726.2000,3728.8000,3730.0000,3730.8000,3731.0000,3731.4000,1,6,1,2,1,1,1,1,1,1
SF,IF2005,2020-04-13 13:03:51.100,3728.2000,11070,0,4924259040.000,1,0,1,空换,B,3727.0000,3726.8000,3726.4000,3726.2000,3726.0000,3728.8000,3730.0000,3730.8000,3731.0000,3731.4000,6,1,2,1,2,1,1,1,1,1
SF,IF2005,2020-04-13 13:03:51.600,3728.2000,11070,0,4924259040.000,0,-,-,-,-,3727.8000,3727.6000,3727.4000,3727.2000,3727.0000,3728.4000,3728.8000,3730.0000,3730.8000,3731.0000,1,1,2,2,6,1,1,1,1,1
SF,IF2005,2020-04-13 13:03:52.100,3728.2000,11070,0,4924259040.000,0,-,-,-,-,3727.8000,3727.6000,3727.4000,3727.2000,3727.0000,3728.4000,3728.8000,3730.0000,3730.8000,3731.0000,1,1,1,2,6,1,1,1,3,1
SF,IF2005,2020-04-13 13:03:52.600,3728.2000,11070,0,4924259040.000,0,-,-,-,-,3727.8000,3727.6000,3727.4000,3727.2000,3727.0000,3728.4000,3728.8000,3730.0000,3730.8000,3731.0000,1,1,1,1,6,1,1,1,3,1
SF,IF2005,2020-04-13 13:03:53.100,3728.2000,11070,0,4924259040.000,0,-,-,-,-,3727.4000,3727.2000,3727.0000,3726.8000,3726.4000,3728.4000,3728.8000,3730.0000,3730.8000,3731.0000,1,1,6,1,2,1,1,1,3,1
SF,IF2005,2020-04-13 13:03:53.600,3728.2000,11070,0,4924259040.000,0,-,-,-,-,3727.2000,3727.0000,3726.4000,3726.2000,3726.0000,3727.8000,3728.0000,3728.2000,3728.4000,3728.8000,1,6,2,1,2,1,5,3,1,1
SF,IF2005,2020-04-13 13:03:54.100,3728.2000,11070,0,4924259040.000,0,-,-,-,-,3727.2000,3727.0000,3726.2000,3726.0000,3725.8000,3727.8000,3728.2000,3728.4000,3728.8000,3730.0000,1,6,1,2,2,1,2,1,1,1
SF,IF2005,2020-04-13 13:03:54.600,3727.4000,11071,1,4925377260.000,1,1,0,双开,B,3727.2000,3727.0000,3726.2000,3726.0000,3725.8000,3728.2000,3728.4000,3728.8000,3730.0000,3730.8000,1,6,1,2,2,2,1,1,1,3
SF,IF2005,2020-04-13 13:03:55.100,3727.4000,11071,0,4925377260.000,0,-,-,-,-,3727.2000,3727.0000,3726.2000,3726.0000,3725.8000,3728.2000,3728.4000,3728.8000,3730.0000,3730.8000,1,6,1,2,2,2,1,1,1,3
SF,IF2005,2020-04-13 13:03:55.600,3727.4000,11071,0,4925377260.000,0,-,-,-,-,3727.2000,3727.0000,3726.2000,3726.0000,3725.8000,3728.2000,3728.4000,3728.8000,3730.0000,3730.8000,1,6,1,2,2,1,1,1,1,3
SF,IF2005,2020-04-13 13:03:58.100,3727.4000,11071,0,4925377260.000,0,-,-,-,-,3727.2000,3727.0000,3726.2000,3726.0000,3725.8000,3728.0000,3728.2000,3728.4000,3728.8000,3730.0000,1,6,1,2,2,5,1,1,1,1
SF,IF2005,2020-04-13 13:03:58.600,3727.4000,11071,0,4925377260.000,0,-,-,-,-,3727.0000,3726.2000,3726.0000,3725.8000,3725.4000,3728.0000,3728.2000,3728.4000,3728.8000,3730.0000,6,1,2,2,4,5,1,1,1,1
SF,IF2005,2020-04-13 13:03:59.100,3727.4000,11071,0,4925377260.000,0,-,-,-,-,3727.0000,3726.2000,3726.0000,3725.8000,3725.4000,3728.0000,3728.2000,3728.4000,3728.8000,3730.0000,6,1,2,2,4,6,1,1,1,1
SF,IF2005,2020-04-13 13:04:00.100,3727.4000,11071,0,4925377260.000,0,-,-,-,-,3727.0000,3726.2000,3726.0000,3725.8000,3725.4000,3728.0000,3728.2000,3728.8000,3730.0000,3730.8000,6,1,2,2,4,6,1,1,1,3
SF,IF2005,2020-04-13 13:04:00.600,3727.4000,11071,0,4925377260.000,0,-,-,-,-,3727.4000,3727.2000,3727.0000,3726.2000,3726.0000,3728.0000,3728.2000,3728.8000,3730.0000,3730.8000,2,1,6,1,2,1,1,1,1,3
SF,IF2005,2020-04-13 13:04:02.100,3727.4000,11072,1,4926495480.000,1,1,0,双开,B,3727.4000,3727.2000,3727.0000,3726.2000,3726.0000,3728.0000,3728.2000,3728.8000,3730.0000,3730.8000,1,1,6,1,2,1,1,1,1,3
SF,IF2005,2020-04-13 13:04:02.600,3727.4000,11072,0,4926495480.000,0,-,-,-,-,3727.4000,3727.2000,3727.0000,3726.2000,3726.0000,3728.0000,3728.2000,3728.8000,3730.0000,3730.8000,1,1,6,1,2,1,1,1,1,3
SF,IF2005,2020-04-13 13:04:03.100,3727.4000,11072,0,4926495480.000,0,-,-,-,-,3727.4000,3727.2000,3727.0000,3726.2000,3726.0000,3728.2000,3728.8000,3730.0000,3730.8000,3731.0000,1,1,6,1,2,1,1,1,3,1
SF,IF2005,2020-04-13 13:04:04.100,3727.4000,11072,0,4926495480.000,0,-,-,-,-,3727.4000,3727.2000,3727.0000,3726.2000,3726.0000,3728.2000,3728.8000,3730.0000,3730.8000,3731.0000,2,1,6,1,2,1,1,1,3,1
SF,IF2005,2020-04-13 13:04:05.100,3727.4000,11072,0,4926495480.000,0,-,-,-,-,3727.4000,3727.2000,3727.0000,3726.2000,3726.0000,3728.2000,3728.8000,3730.0000,3730.8000,3731.0000,1,1,6,1,2,1,1,1,3,1
SF,IF2005,2020-04-13 13:04:05.600,3727.4000,11072,0,4926495480.000,0,-,-,-,-,3727.6000,3727.4000,3727.2000,3727.0000,3726.2000,3728.2000,3728.8000,3730.0000,3730.8000,3731.0000,1,1,1,6,1,1,1,1,3,1
SF,IF2005,2020-04-13 13:04:06.100,3728.2000,11073,1,4927613940.000,1,1,0,双开,B,3727.6000,3727.4000,3727.2000,3727.0000,3726.2000,3728.8000,3730.0000,3730.8000,3731.0000,3731.4000,2,1,1,6,1,1,1,3,1,1
SF,IF2005,2020-04-13 13:04:06.600,3727.6000,11073,0,4928732220.000,1,0,1,空换,B,3727.6000,3727.4000,3727.2000,3727.0000,3726.2000,3728.6000,3728.8000,3730.0000,3730.8000,3731.0000,1,1,1,6,1,1,1,1,3,1
SF,IF2005,2020-04-13 13:04:07.100,3727.6000,11073,0,4928732220.000,0,-,-,-,-,3727.4000,3727.2000,3727.0000,3726.2000,3726.0000,3728.4000,3728.6000,3728.8000,3730.0000,3730.8000,1,1,6,1,2,5,2,1,1,3
SF,IF2005,2020-04-13 13:04:07.600,3727.6000,11073,0,4928732220.000,0,-,-,-,-,3727.4000,3727.2000,3727.0000,3726.2000,3726.0000,3728.4000,3728.6000,3728.8000,3730.0000,3730.8000,1,1,6,1,2,1,2,1,1,3
SF,IF2005,2020-04-13 13:04:08.100,3727.6000,11073,0,4928732220.000,0,-,-,-,-,3727.4000,3727.2000,3727.0000,3726.2000,3726.0000,3728.4000,3728.6000,3728.8000,3730.0000,3730.8000,1,1,6,1,2,1,2,1,1,3
SF,IF2005,2020-04-13 13:04:09.100,3727.6000,11073,0,4928732220.000,0,-,-,-,-,3727.6000,3727.4000,3727.2000,3727.0000,3726.2000,3728.4000,3728.6000,3728.8000,3730.0000,3730.8000,1,1,1,6,1,1,2,1,1,3
SF,IF2005,2020-04-13 13:04:10.100,3727.6000,11073,0,4928732220.000,0,-,-,-,-,3727.6000,3727.4000,3727.2000,3727.0000,3726.2000,3728.4000,3728.6000,3728.8000,3730.0000,3730.8000,1,1,1,6,1,1,2,1,1,3
SF,IF2005,2020-04-13 13:04:10.600,3727.6000,11073,0,4928732220.000,0,-,-,-,-,3727.6000,3727.2000,3727.0000,3726.2000,3726.0000,3728.4000,3728.6000,3728.8000,3730.0000,3730.8000,1,1,6,1,2,1,2,1,1,3
SF,IF2005,2020-04-13 13:04:11.600,3727.6000,11073,0,4928732220.000,0,-,-,-,-,3727.6000,3727.2000,3727.0000,3726.2000,3726.0000,3728.4000,3728.6000,3728.8000,3730.0000,3730.8000,2,1,6,1,2,1,2,1,1,3
SF,IF2005,2020-04-13 13:04:16.100,3727.6000,11073,0,4928732220.000,0,-,-,-,-,3727.6000,3727.2000,3727.0000,3726.2000,3726.0000,3728.4000,3728.6000,3728.8000,3730.0000,3730.8000,1,1,6,1,2,1,2,1,1,3
SF,IF2005,2020-04-13 13:04:17.100,3727.6000,11073,0,4928732220.000,0,-,-,-,-,3727.6000,3727.2000,3727.0000,3726.2000,3726.0000,3728.4000,3728.6000,3728.8000,3730.0000,3730.8000,2,1,6,1,2,1,2,1,1,3
SF,IF2005,2020-04-13 13:04:19.600,3727.6000,11073,0,4928732220.000,0,-,-,-,-,3727.6000,3727.2000,3727.0000,3726.2000,3726.0000,3728.6000,3728.8000,3730.0000,3730.8000,3731.0000,2,1,6,1,2,2,1,1,3,1
SF,IF2005,2020-04-13 13:04:20.100,3727.6000,11073,0,4928732220.000,0,-,-,-,-,3728.0000,3727.8000,3727.6000,3727.0000,3726.2000,3728.8000,3730.0000,3730.8000,3731.0000,3731.4000,1,1,1,6,1,1,1,3,1,1
SF,IF2005,2020-04-13 13:04:20.600,3727.6000,11073,0,4928732220.000,0,-,-,-,-,3728.0000,3727.8000,3727.6000,3727.0000,3726.2000,3728.8000,3730.0000,3730.8000,3731.0000,3731.4000,1,2,1,6,1,1,1,3,1,1
SF,IF2005,2020-04-13 13:04:21.100,3728.8000,11074,1,4929850860.000,1,1,0,双开,B,3728.4000,3728.2000,3727.8000,3727.6000,3727.0000,3730.0000,3730.8000,3731.0000,3731.4000,3731.8000,1,1,1,1,6,1,3,1,1,1
SF,IF2005,2020-04-13 13:04:21.600,3728.8000,11074,0,4929850860.000,0,-,-,-,-,3728.6000,3728.2000,3727.0000,3726.2000,3726.0000,3729.6000,3729.8000,3730.0000,3730.8000,3731.0000,1,2,6,1,2,5,2,1,3,1
SF,IF2005,2020-04-13 13:04:22.100,3728.8000,11074,0,4929850860.000,0,-,-,-,-,3729.4000,3728.6000,3727.0000,3726.2000,3726.0000,3729.8000,3730.0000,3730.8000,3731.0000,3731.4000,1,3,6,1,2,1,1,1,1,1
SF,IF2005,2020-04-13 13:04:22.600,3729.8000,11075,1,4932088800.000,2,1,1,多开,B,3729.2000,3729.0000,3728.8000,3728.6000,3728.0000,3730.8000,3731.0000,3731.4000,3731.8000,3732.0000,1,1,1,1,1,1,1,1,1,1
SF,IF2005,2020-04-13 13:04:23.100,3729.8000,11075,0,4932088800.000,0,-,-,-,-,3729.8000,3729.6000,3729.4000,3729.2000,3728.8000,3731.0000,3731.4000,3731.8000,3732.0000,3732.8000,1,1,2,1,1,1,1,1,1,1
SF,IF2005,2020-04-13 13:04:23.600,3729.8000,11075,0,4932088800.000,0,-,-,-,-,3729.8000,3729.6000,3729.4000,3728.8000,3728.0000,3730.6000,3730.8000,3731.0000,3731.4000,3731.8000,2,1,2,1,1,6,2,1,1,1
SF,IF2005,2020-04-13 13:04:24.100,3729.6000,11078,3,4935445560.000,3,3,0,双开,B,3728.8000,3728.0000,3727.2000,3727.0000,3726.2000,3729.8000,3730.2000,3730.4000,3730.6000,3730.8000,1,1,2,6,1,2,6,2,6,3
SF,IF2005,2020-04-13 13:04:24.600,3728.8000,11079,1,4936564200.000,1,1,0,双开,B,3728.0000,3727.2000,3727.0000,3726.2000,3726.0000,3729.6000,3729.8000,3730.2000,3730.4000,3730.6000,1,2,6,1,2,3,4,5,3,6
SF,IF2005,2020-04-13 13:04:25.100,3728.8000,11079,0,4936564200.000,0,-,-,-,-,3728.2000,3728.0000,3727.2000,3727.0000,3726.2000,3728.6000,3729.0000,3729.2000,3729.4000,3729.6000,1,1,2,6,1,2,1,1,2,4
SF,IF2005,2020-04-13 13:04:25.600,3728.6000,11081,2,4938801360.000,2,2,0,双开,B,3728.4000,3728.2000,3728.0000,3727.0000,3726.2000,3729.4000,3729.6000,3729.8000,3730.4000,3730.6000,2,1,1,6,1,2,3,2,1,1
SF,IF2005,2020-04-13 13:04:26.100,3729.4000,11082,1,4939920180.000,1,1,0,双开,B,3729.0000,3728.6000,3728.4000,3728.0000,3727.0000,3730.4000,3730.6000,3730.8000,3731.0000,3731.4000,2,2,1,1,6,1,1,1,1,1
SF,IF2005,2020-04-13 13:04:26.600,3729.4000,11082,0,4939920180.000,0,-,-,-,-,3729.8000,3729.4000,3729.2000,3729.0000,3728.6000,3730.8000,3731.0000,3731.4000,3731.8000,3732.0000,1,1,1,1,2,1,1,1,1,1
SF,IF2005,2020-04-13 13:04:27.100,3729.4000,11082,0,4939920180.000,0,-,-,-,-,3730.2000,3730.0000,3729.2000,3729.0000,3728.6000,3731.0000,3731.8000,3732.0000,3732.8000,3733.8000,1,1,1,1,1,1,1,1,1,1
SF,IF2005,2020-04-13 13:04:27.600,3729.4000,11082,0,4939920180.000,0,-,-,-,-,3730.4000,3730.2000,3729.2000,3729.0000,3728.6000,3730.8000,3731.0000,3731.8000,3732.0000,3732.8000,1,1,1,1,1,1,1,1,1,1
SF,IF2005,2020-04-13 13:04:28.100,3731.0000,11083,1,4941039480.000,1,1,0,双开,B,3731.2000,3730.6000,3730.4000,3729.2000,3729.0000,3731.8000,3732.0000,3732.8000,3733.8000,3734.8000,1,1,1,1,1,1,1,1,1,2
SF,IF2005,2020-04-13 13:04:28.600,3731.2000,11084,1,4943278200.000,2,1,1,多开,B,3730.6000,3729.2000,3729.0000,3728.6000,3728.0000,3731.6000,3731.8000,3732.0000,3732.8000,3733.8000,1,1,1,1,2,2,1,1,1,1
SF,IF2005,2020-04-13 13:04:29.100,3731.2000,11084,0,4943278200.000,0,-,-,-,-,3730.6000,3729.2000,3729.0000,3728.0000,3727.0000,3731.2000,3731.4000,3731.6000,3731.8000,3732.0000,1,1,1,2,6,1,7,3,1,1
SF,IF2005,2020-04-13 13:04:29.600,3731.2000,11084,0,4943278200.000,0,-,-,-,-,3730.6000,3729.2000,3729.0000,3728.0000,3727.0000,3731.2000,3731.4000,3731.6000,3731.8000,3732.0000,1,1,1,2,6,2,1,2,1,1
SF,IF2005,2020-04-13 13:04:30.100,3731.2000,11084,0,4943278200.000,0,-,-,-,-,3730.6000,3729.2000,3729.0000,3728.0000,3727.0000,3731.2000,3731.4000,3731.6000,3731.8000,3732.0000,1,1,1,2,6,1,1,2,1,1
SF,IF2005,2020-04-13 13:04:30.600,3730.6000,11084,0,4944397380.000,1,0,1,空换,B,3729.2000,3729.0000,3728.0000,3727.0000,3726.2000,3730.8000,3731.0000,3731.4000,3731.6000,3731.8000,1,1,2,6,1,1,1,1,1,1
SF,IF2005,2020-04-13 13:04:31.100,3730.6000,11084,0,4944397380.000,0,-,-,-,-,3729.6000,3729.2000,3729.0000,3728.0000,3727.0000,3730.6000,3730.8000,3731.0000,3731.4000,3731.8000,1,1,1,2,6,3,1,5,1,1
SF,IF2005,2020-04-13 13:04:31.600,3730.6000,11084,0,4944397380.000,0,-,-,-,-,3729.6000,3728.0000,3727.0000,3726.2000,3726.0000,3730.6000,3730.8000,3731.0000,3731.4000,3731.8000,1,2,6,1,1,4,1,5,1,1
SF,IF2005,2020-04-13 13:04:32.100,3730.6000,11084,0,4944397380.000,0,-,-,-,-,3729.6000,3728.0000,3727.8000,3727.0000,3726.2000,3730.2000,3730.4000,3730.6000,3730.8000,3731.0000,1,2,1,6,1,1,1,3,1,5
SF,IF2005,2020-04-13 13:04:32.600,3730.6000,11085,1,4946635620.000,2,1,1,多开,B,3729.8000,3729.6000,3728.4000,3728.0000,3727.8000,3730.8000,3731.0000,3731.4000,3731.8000,3732.0000,1,1,1,2,1,1,5,1,1,1
SF,IF2005,2020-04-13 13:04:33.100,3730.6000,11085,0,4946635620.000,0,-,-,-,-,3729.8000,3729.6000,3728.4000,3728.0000,3727.8000,3730.8000,3731.4000,3731.8000,3732.0000,3732.8000,2,1,1,2,1,1,1,1,1,3
SF,IF2005,2020-04-13 13:04:33.600,3730.6000,11085,0,4946635620.000,0,-,-,-,-,3730.2000,3730.0000,3729.8000,3728.4000,3728.0000,3731.4000,3731.8000,3732.0000,3732.8000,3733.8000,1,1,1,1,2,1,1,1,3,1
SF,IF2005,2020-04-13 13:04:34.100,3730.6000,11085,0,4946635620.000,0,-,-,-,-,3730.4000,3730.2000,3728.4000,3728.0000,3727.8000,3731.4000,3731.8000,3732.0000,3732.8000,3733.8000,2,1,1,2,1,2,1,1,3,1
SF,IF2005,2020-04-13 13:04:34.600,3730.6000,11085,0,4946635620.000,0,-,-,-,-,3730.6000,3730.4000,3728.4000,3728.0000,3727.8000,3731.4000,3731.8000,3732.8000,3733.8000,3734.8000,1,2,1,2,1,1,1,3,1,2
SF,IF2005,2020-04-13 13:04:35.100,3730.6000,11085,0,4946635620.000,0,-,-,-,-,3730.6000,3730.4000,3728.0000,3727.8000,3727.0000,3731.4000,3731.8000,3732.8000,3733.8000,3734.8000,1,2,2,1,6,1,1,3,1,2
SF,IF2005,2020-04-13 13:04:35.600,3730.6000,11085,0,4946635620.000,0,-,-,-,-,3730.6000,3730.4000,3728.0000,3727.8000,3727.0000,3731.4000,3731.8000,3732.8000,3733.8000,3734.8000,1,2,2,1,6,1,1,3,1,2
SF,IF2005,2020-04-13 13:04:36.100,3730.6000,11085,0,4946635620.000,0,-,-,-,-,3730.6000,3730.4000,3728.0000,3727.8000,3727.0000,3731.2000,3731.4000,3731.8000,3732.8000,3733.8000,1,1,2,1,6,1,2,1,3,1
SF,IF2005,2020-04-13 13:04:36.600,3730.6000,11086,1,4947754800.000,1,1,0,双开,B,3730.4000,3728.0000,3727.8000,3727.0000,3726.0000,3731.2000,3731.4000,3731.8000,3732.8000,3733.8000,1,2,1,6,1,1,2,1,3,1
SF,IF2005,2020-04-13 13:04:37.100,3730.6000,11086,0,4947754800.000,0,-,-,-,-,3728.0000,3727.8000,3727.0000,3726.0000,3725.8000,3731.2000,3731.4000,3731.8000,3732.8000,3733.8000,2,1,6,1,2,2,2,1,3,1
SF,IF2005,2020-04-13 13:04:37.600,3730.6000,11086,0,4947754800.000,0,-,-,-,-,3729.6000,3728.8000,3728.4000,3728.2000,3728.0000,3731.0000,3731.2000,3731.4000,3731.8000,3732.8000,1,1,5,6,4,4,1,1,1,3
SF,IF2005,2020-04-13 13:04:38.100,3730.6000,11086,0,4947754800.000,0,-,-,-,-,3729.8000,3729.6000,3728.8000,3728.4000,3728.2000,3731.0000,3731.4000,3731.8000,3732.8000,3733.8000,1,1,1,6,5,3,1,1,3,1
SF,IF2005,2020-04-13 13:04:38.600,3730.6000,11086,0,4947754800.000,0,-,-,-,-,3729.8000,3729.6000,3728.8000,3728.4000,3728.2000,3731.0000,3731.4000,3731.8000,3732.8000,3733.8000,1,1,1,6,5,4,1,1,3,1
SF,IF2005,2020-04-13 13:04:39.100,3730.6000,11086,0,4947754800.000,0,-,-,-,-,3729.8000,3729.6000,3728.8000,3728.4000,3728.2000,3730.8000,3731.0000,3731.4000,3731.8000,3732.0000,1,1,1,6,5,1,3,1,1,1
SF,IF2005,2020-04-13 13:04:39.600,3730.6000,11086,0,4947754800.000,0,-,-,-,-,3729.8000,3729.6000,3728.8000,3728.4000,3728.2000,3730.8000,3731.0000,3731.4000,3731.8000,3732.0000,1,1,1,6,5,2,3,1,1,1
SF,IF2005,2020-04-13 13:04:40.100,3730.6000,11086,0,4947754800.000,0,-,-,-,-,3729.8000,3729.6000,3728.8000,3728.4000,3728.2000,3730.8000,3731.0000,3731.4000,3731.8000,3732.0000,1,1,1,6,5,1,3,1,1,1
SF,IF2005,2020-04-13 13:04:40.600,3730.6000,11086,0,4947754800.000,0,-,-,-,-,3729.8000,3729.6000,3728.8000,3728.4000,3728.2000,3730.8000,3731.0000,3731.4000,3731.8000,3732.0000,1,1,1,6,5,1,3,1,1,1
SF,IF2005,2020-04-13 13:04:41.100,3730.6000,11086,0,4947754800.000,0,-,-,-,-,3729.8000,3729.6000,3728.8000,3728.4000,3728.2000,3730.8000,3731.0000,3731.4000,3731.8000,3732.0000,1,1,1,5,5,1,3,1,1,1
SF,IF2005,2020-04-13 13:04:41.600,3730.6000,11086,0,4947754800.000,0,-,-,-,-,3730.0000,3729.8000,3728.8000,3728.4000,3728.2000,3731.0000,3731.4000,3731.8000,3732.0000,3732.8000,1,1,1,5,5,3,1,1,1,3
SF,IF2005,2020-04-13 13:04:42.600,3730.6000,11086,0,4947754800.000,0,-,-,-,-,3730.0000,3729.8000,3728.8000,3728.4000,3728.2000,3731.0000,3731.4000,3731.8000,3732.0000,3732.8000,1,1,1,5,5,4,1,1,1,3
SF,IF2005,2020-04-13 13:04:43.100,3730.6000,11086,0,4947754800.000,0,-,-,-,-,3730.0000,3729.8000,3728.8000,3728.4000,3728.2000,3731.0000,3731.4000,3731.8000,3732.0000,3732.8000,1,1,1,5,5,3,1,1,1,3
SF,IF2005,2020-04-13 13:04:43.600,3730.6000,11086,0,4947754800.000,0,-,-,-,-,3730.2000,3730.0000,3728.8000,3728.4000,3728.2000,3731.0000,3731.4000,3731.8000,3732.0000,3732.8000,1,1,1,5,5,2,1,1,1,3
SF,IF2005,2020-04-13 13:04:44.100,3730.6000,11086,0,4947754800.000,0,-,-,-,-,3730.2000,3730.0000,3728.8000,3728.4000,3728.2000,3731.0000,3731.4000,3731.8000,3732.0000,3732.8000,1,1,1,5,5,2,1,1,1,3
SF,IF2005,2020-04-13 13:04:44.600,3730.6000,11086,0,4947754800.000,0,-,-,-,-,3730.2000,3730.0000,3728.8000,3728.4000,3728.2000,3731.0000,3731.4000,3731.8000,3732.0000,3732.8000,1,1,1,5,5,2,1,1,1,1
SF,IF2005,2020-04-13 13:04:45.100,3730.6000,11086,0,4947754800.000,0,-,-,-,-,3730.0000,3728.8000,3728.4000,3728.2000,3728.0000,3731.0000,3731.4000,3731.8000,3732.0000,3732.8000,1,1,5,5,5,2,1,1,1,1
SF,IF2005,2020-04-13 13:04:45.600,3730.6000,11086,0,4947754800.000,0,-,-,-,-,3730.0000,3728.8000,3728.4000,3728.2000,3728.0000,3730.8000,3731.0000,3731.4000,3731.8000,3732.0000,1,1,5,5,5,1,2,1,1,1
SF,IF2005,2020-04-13 13:04:46.600,3730.6000,11086,0,4947754800.000,0,-,-,-,-,3730.0000,3728.8000,3728.4000,3728.2000,3728.0000,3730.8000,3731.0000,3731.4000,3731.8000,3732.0000,1,1,5,5,5,2,2,1,1,1
SF,IF2005,2020-04-13 13:04:47.100,3730.6000,11086,0,4947754800.000,0,-,-,-,-,3730.0000,3728.8000,3728.4000,3728.2000,3728.0000,3730.8000,3731.0000,3731.4000,3731.8000,3732.0000,1,1,5,5,5,1,2,1,1,1
SF,IF2005,2020-04-13 13:04:47.600,3730.0000,11086,0,4948873800.000,1,0,1,空换,B,3728.8000,3728.4000,3728.2000,3728.0000,3727.8000,3730.8000,3731.0000,3731.4000,3731.8000,3732.0000,1,5,5,5,2,2,2,1,1,1
SF,IF2005,2020-04-13 13:04:48.100,3730.8000,11086,0,4949993040.000,1,0,1,空换,B,3729.6000,3729.2000,3729.0000,3728.8000,3728.4000,3731.0000,3731.4000,3731.8000,3732.0000,3732.8000,1,1,4,1,4,2,1,1,1,1
SF,IF2005,2020-04-13 13:04:48.600,3730.8000,11086,0,4949993040.000,0,-,-,-,-,3729.8000,3729.6000,3729.2000,3729.0000,3728.8000,3731.0000,3731.4000,3731.8000,3732.0000,3732.8000,1,1,1,3,1,2,1,1,1,1
SF,IF2005,2020-04-13 13:04:49.100,3730.8000,11086,0,4949993040.000,0,-,-,-,-,3729.8000,3729.6000,3729.2000,3729.0000,3728.8000,3730.8000,3731.0000,3731.4000,3731.8000,3732.0000,1,1,1,3,1,2,2,1,1,1
SF,IF2005,2020-04-13 13:04:49.600,3730.8000,11086,0,4949993040.000,0,-,-,-,-,3729.8000,3729.6000,3729.2000,3729.0000,3728.8000,3730.8000,3731.0000,3731.4000,3731.8000,3732.0000,1,1,1,3,1,2,2,1,1,1
SF,IF2005,2020-04-13 13:04:50.600,3730.8000,11086,0,4949993040.000,0,-,-,-,-,3729.8000,3729.6000,3729.2000,3729.0000,3728.8000,3730.6000,3730.8000,3731.0000,3731.4000,3731.8000,1,1,1,3,1,1,2,1,1,1
SF,IF2005,2020-04-13 13:04:51.100,3730.8000,11086,0,4949993040.000,0,-,-,-,-,3729.8000,3729.6000,3729.2000,3729.0000,3728.8000,3730.6000,3730.8000,3731.0000,3731.4000,3731.8000,1,1,1,3,1,1,2,1,1,1
SF,IF2005,2020-04-13 13:04:51.600,3730.8000,11086,0,4949993040.000,0,-,-,-,-,3729.8000,3729.6000,3729.2000,3729.0000,3728.8000,3730.6000,3730.8000,3731.0000,3731.4000,3731.8000,1,1,1,3,1,1,2,1,1,1
SF,IF2005,2020-04-13 13:04:52.100,3730.8000,11086,0,4949993040.000,0,-,-,-,-,3729.8000,3729.6000,3729.2000,3729.0000,3728.8000,3730.6000,3730.8000,3731.0000,3731.4000,3731.8000,1,1,1,3,1,1,2,1,1,1
SF,IF2005,2020-04-13 13:04:52.600,3730.8000,11086,0,4949993040.000,0,-,-,-,-,3729.8000,3729.6000,3729.2000,3729.0000,3728.8000,3730.6000,3730.8000,3731.0000,3731.4000,3731.8000,1,1,1,3,1,1,2,1,1,1
SF,IF2005,2020-04-13 13:04:53.100,3730.8000,11086,0,4949993040.000,0,-,-,-,-,3729.8000,3729.6000,3729.2000,3729.0000,3728.8000,3730.6000,3730.8000,3731.0000,3731.4000,3731.8000,1,1,1,3,1,1,2,1,1,1
SF,IF2005,2020-04-13 13:04:53.600,3730.8000,11086,0,4949993040.000,0,-,-,-,-,3729.8000,3729.6000,3729.2000,3729.0000,3728.8000,3730.6000,3730.8000,3731.0000,3731.4000,3731.8000,1,1,1,3,1,1,2,1,1,1
SF,IF2005,2020-04-13 13:04:54.100,3730.8000,11086,0,4949993040.000,0,-,-,-,-,3729.8000,3729.6000,3729.2000,3729.0000,3728.8000,3730.6000,3730.8000,3731.0000,3731.4000,3731.8000,1,1,1,3,1,1,2,1,1,1
SF,IF2005,2020-04-13 13:04:54.600,3730.8000,11086,0,4949993040.000,0,-,-,-,-,3729.8000,3729.6000,3729.2000,3729.0000,3728.8000,3730.6000,3730.8000,3731.0000,3731.4000,3731.8000,1,1,1,3,1,2,2,1,1,1
SF,IF2005,2020-04-13 13:04:55.100,3730.8000,11086,0,4949993040.000,0,-,-,-,-,3729.8000,3729.6000,3729.2000,3729.0000,3728.8000,3730.6000,3730.8000,3731.0000,3731.4000,3731.8000,1,1,1,3,1,2,2,1,1,1
SF,IF2005,2020-04-13 13:04:55.600,3730.8000,11086,0,4949993040.000,0,-,-,-,-,3729.8000,3729.6000,3729.0000,3728.8000,3728.4000,3730.6000,3730.8000,3731.0000,3731.4000,3731.8000,1,1,3,1,4,1,2,1,1,1
SF,IF2005,2020-04-13 13:04:56.100,3730.6000,11086,0,4951112220.000,1,0,1,空换,B,3729.8000,3729.6000,3729.0000,3728.8000,3728.4000,3730.8000,3731.0000,3731.4000,3731.8000,3732.0000,1,1,3,1,4,1,1,1,1,1
SF,IF2005,2020-04-13 13:04:56.600,3730.6000,11086,0,4951112220.000,0,-,-,-,-,3729.8000,3729.6000,3729.0000,3728.8000,3728.4000,3730.8000,3731.0000,3731.4000,3731.8000,3732.0000,1,1,3,1,4,1,1,1,1,1
SF,IF2005,2020-04-13 13:04:57.100,3730.6000,11086,0,4951112220.000,0,-,-,-,-,3729.8000,3729.6000,3729.0000,3728.8000,3728.4000,3730.8000,3731.0000,3731.4000,3731.8000,3732.0000,1,1,3,1,4,1,1,1,1,1
SF,IF2005,2020-04-13 13:04:57.600,3730.6000,11086,0,4951112220.000,0,-,-,-,-,3729.8000,3729.6000,3729.0000,3728.8000,3728.4000,3730.6000,3730.8000,3731.4000,3731.8000,3732.0000,1,1,2,1,4,2,1,1,1,1
SF,IF2005,2020-04-13 13:04:58.100,3730.6000,11086,0,4951112220.000,0,-,-,-,-,3729.8000,3729.6000,3729.0000,3728.8000,3728.4000,3730.6000,3730.8000,3731.4000,3731.8000,3732.0000,1,1,2,1,4,2,1,1,1,1
SF,IF2005,2020-04-13 13:04:58.600,3730.6000,11086,0,4951112220.000,0,-,-,-,-,3729.8000,3729.6000,3729.0000,3728.8000,3728.4000,3730.6000,3730.8000,3731.4000,3731.8000,3732.0000,1,1,2,1,4,1,1,1,1,1
SF,IF2005,2020-04-13 13:04:59.100,3730.6000,11086,0,4951112220.000,0,-,-,-,-,3729.8000,3729.6000,3729.0000,3728.8000,3728.4000,3730.6000,3730.8000,3731.4000,3731.8000,3732.0000,1,1,2,1,4,1,1,1,1,1
SF,IF2005,2020-04-13 13:04:59.600,3730.6000,11086,0,4951112220.000,0,-,-,-,-,3729.8000,3729.6000,3729.0000,3728.8000,3728.4000,3730.6000,3730.8000,3731.4000,3731.8000,3732.0000,1,1,2,1,4,2,1,1,1,1
SF,IF2005,2020-04-13 13:05:00.100,3730.6000,11086,0,4951112220.000,0,-,-,-,-,3729.8000,3729.6000,3729.0000,3728.8000,3728.4000,3730.6000,3730.8000,3731.8000,3732.0000,3732.8000,1,1,2,1,4,2,1,1,1,1
SF,IF2005,2020-04-13 13:05:00.600,3730.6000,11088,2,4953350580.000,2,2,0,双开,B,3729.8000,3729.6000,3729.0000,3728.8000,3728.4000,3730.8000,3731.8000,3732.0000,3732.8000,3733.8000,1,1,2,1,4,1,1,1,1,1
SF,IF2005,2020-04-13 13:05:01.600,3730.6000,11088,0,4953350580.000,0,-,-,-,-,3729.8000,3729.6000,3729.0000,3728.8000,3728.4000,3731.8000,3732.0000,3732.8000,3733.8000,3734.8000,1,1,2,1,4,1,1,1,1,2
SF,IF2005,2020-04-13 13:05:02.100,3730.6000,11088,0,4953350580.000,0,-,-,-,-,3730.0000,3729.8000,3729.6000,3729.0000,3728.8000,3731.2000,3731.4000,3731.6000,3731.8000,3732.0000,1,1,1,1,1,6,2,4,2,1
SF,IF2005,2020-04-13 13:05:02.600,3730.6000,11088,0,4953350580.000,0,-,-,-,-,3730.2000,3729.6000,3728.8000,3728.4000,3728.2000,3731.0000,3731.2000,3731.4000,3731.6000,3731.8000,1,1,1,4,3,1,6,2,4,2
SF,IF2005,2020-04-13 13:05:05.100,3730.2000,11088,0,4954469640.000,1,0,1,空换,B,3729.6000,3728.8000,3728.4000,3728.2000,3728.0000,3731.0000,3731.2000,3731.6000,3731.8000,3732.0000,1,1,4,3,4,1,6,4,2,1
SF,IF2005,2020-04-13 13:05:05.600,3730.2000,11088,0,4954469640.000,0,-,-,-,-,3729.6000,3728.8000,3728.4000,3728.2000,3728.0000,3730.6000,3730.8000,3731.0000,3731.2000,3731.6000,1,1,4,3,4,1,7,1,5,3
SF,IF2005,2020-04-13 13:05:06.100,3730.2000,11088,0,4954469640.000,0,-,-,-,-,3728.4000,3728.2000,3728.0000,3727.8000,3727.0000,3729.6000,3730.4000,3730.6000,3730.8000,3731.0000,4,1,3,2,1,1,7,2,9,1
SF,IF2005,2020-04-13 13:05:06.600,3730.2000,11088,0,4954469640.000,0,-,-,-,-,3729.6000,3728.8000,3728.6000,3728.4000,3728.0000,3730.2000,3730.4000,3730.6000,3730.8000,3731.0000,1,2,2,4,1,5,8,1,3,1
SF,IF2005,2020-04-13 13:05:07.100,3729.6000,11089,1,4955588520.000,1,1,0,双开,B,3728.8000,3728.6000,3727.0000,3726.0000,3725.8000,3729.4000,3729.6000,3730.0000,3730.2000,3730.4000,2,2,1,1,2,1,1,2,6,6
SF,IF2005,2020-04-13 13:05:07.600,3729.6000,11089,0,4955588520.000,0,-,-,-,-,3728.8000,3728.6000,3727.0000,3726.0000,3725.8000,3729.4000,3729.6000,3730.0000,3730.2000,3730.4000,1,2,1,1,2,1,1,3,5,6
SF,IF2005,2020-04-13 13:05:08.100,3729.6000,11089,0,4955588520.000,0,-,-,-,-,3728.6000,3727.0000,3726.0000,3725.8000,3725.4000,3729.2000,3729.4000,3730.0000,3730.2000,3730.4000,1,1,1,2,3,1,1,3,5,6
SF,IF2005,2020-04-13 13:05:08.600,3728.6000,11089,0,4956707100.000,1,0,1,空换,B,3727.0000,3726.0000,3725.8000,3725.4000,3725.2000,3729.2000,3730.0000,3730.2000,3730.4000,3730.6000,1,1,2,3,1,2,2,5,1,1
SF,IF2005,2020-04-13 13:05:09.100,3728.6000,11089,0,4956707100.000,0,-,-,-,-,3727.8000,3727.4000,3727.2000,3727.0000,3726.0000,3729.0000,3729.2000,3730.0000,3730.2000,3730.4000,2,1,3,1,1,1,1,1,5,1
SF,IF2005,2020-04-13 13:05:09.600,3728.6000,11089,0,4956707100.000,0,-,-,-,-,3727.8000,3727.4000,3727.2000,3727.0000,3726.0000,3728.8000,3729.0000,3730.0000,3730.4000,3730.6000,2,1,2,1,1,2,3,1,1,1
SF,IF2005,2020-04-13 13:05:10.100,3729.0000,11092,3,4960063080.000,3,3,0,双开,B,3728.0000,3727.8000,3727.4000,3727.2000,3727.0000,3729.0000,3730.0000,3730.4000,3730.6000,3730.8000,1,2,1,2,1,1,1,1,1,2
SF,IF2005,2020-04-13 13:05:10.600,3729.0000,11092,0,4961181780.000,1,0,1,空换,B,3728.0000,3727.8000,3727.4000,3727.2000,3727.0000,3730.0000,3730.4000,3730.6000,3730.8000,3731.0000,1,2,1,2,1,1,1,1,2,1
SF,IF2005,2020-04-13 13:05:11.100,3729.0000,11092,0,4961181780.000,0,-,-,-,-,3728.2000,3728.0000,3727.8000,3727.4000,3727.2000,3729.4000,3729.6000,3729.8000,3730.0000,3730.4000,3,1,1,1,1,5,6,3,1,1
SF,IF2005,2020-04-13 13:05:11.600,3729.0000,11092,0,4961181780.000,0,-,-,-,-,3728.2000,3727.8000,3727.4000,3727.2000,3727.0000,3729.4000,3729.6000,3729.8000,3730.0000,3730.4000,2,1,1,1,1,5,6,3,1,1
SF,IF2005,2020-04-13 13:05:12.100,3729.0000,11092,0,4961181780.000,0,-,-,-,-,3728.4000,3728.2000,3727.8000,3727.4000,3727.2000,3729.6000,3729.8000,3730.0000,3730.4000,3730.6000,1,2,1,1,1,1,2,1,1,1
SF,IF2005,2020-04-13 13:05:12.600,3729.0000,11092,0,4961181780.000,0,-,-,-,-,3728.4000,3728.2000,3727.4000,3727.2000,3727.0000,3729.6000,3729.8000,3730.0000,3730.4000,3730.6000,1,2,1,1,1,2,2,1,1,1
SF,IF2005,2020-04-13 13:05:13.100,3729.0000,11092,0,4961181780.000,0,-,-,-,-,3728.6000,3728.4000,3728.2000,3727.4000,3727.2000,3729.6000,3729.8000,3730.0000,3730.4000,3730.6000,1,1,1,1,1,2,2,1,1,1
SF,IF2005,2020-04-13 13:05:14.100,3729.0000,11092,0,4961181780.000,0,-,-,-,-,3728.6000,3728.4000,3727.4000,3727.2000,3727.0000,3729.6000,3729.8000,3730.0000,3730.4000,3730.6000,1,1,1,1,1,3,2,1,1,1
SF,IF2005,2020-04-13 13:05:14.600,3729.0000,11092,0,4961181780.000,0,-,-,-,-,3728.8000,3728.6000,3727.4000,3727.2000,3727.0000,3729.6000,3729.8000,3730.0000,3730.4000,3730.6000,1,1,1,1,2,2,1,1,1,1
SF,IF2005,2020-04-13 13:05:16.100,3729.0000,11092,0,4961181780.000,0,-,-,-,-,3728.8000,3728.6000,3727.4000,3727.2000,3727.0000,3729.6000,3729.8000,3730.4000,3730.6000,3730.8000,1,1,1,1,2,2,1,1,1,2
SF,IF2005,2020-04-13 13:05:18.100,3729.0000,11092,0,4961181780.000,0,-,-,-,-,3728.6000,3727.4000,3727.2000,3727.0000,3726.0000,3729.6000,3729.8000,3730.4000,3730.6000,3730.8000,1,1,1,2,1,2,1,1,1,2
SF,IF2005,2020-04-13 13:05:18.600,3729.6000,11092,0,4962300660.000,1,0,1,空换,B,3728.6000,3727.4000,3727.2000,3727.0000,3726.0000,3729.6000,3729.8000,3730.4000,3730.6000,3730.8000,1,1,1,2,1,1,1,1,1,2
SF,IF2005,2020-04-13 13:05:24.600,3729.6000,11092,0,4962300660.000,0,-,-,-,-,3728.8000,3728.6000,3727.4000,3727.2000,3727.0000,3729.6000,3729.8000,3730.4000,3730.6000,3730.8000,1,1,1,1,2,1,1,1,1,2
SF,IF2005,2020-04-13 13:05:25.600,3729.6000,11092,0,4962300660.000,0,-,-,-,-,3728.8000,3728.6000,3727.4000,3727.2000,3727.0000,3729.4000,3729.6000,3729.8000,3730.4000,3730.6000,1,1,1,1,2,5,1,1,1,1
SF,IF2005,2020-04-13 13:05:26.100,3729.6000,11092,0,4962300660.000,0,-,-,-,-,3728.8000,3728.6000,3727.4000,3727.2000,3727.0000,3729.6000,3729.8000,3730.4000,3730.6000,3730.8000,1,1,1,1,2,1,1,1,1,2
SF,IF2005,2020-04-13 13:05:27.600,3729.6000,11093,1,4963419540.000,1,1,0,双开,B,3729.0000,3728.8000,3727.4000,3727.2000,3727.0000,3729.8000,3730.4000,3730.6000,3730.8000,3731.6000,1,1,1,1,2,1,1,1,2,2
SF,IF2005,2020-04-13 13:05:28.100,3729.6000,11093,0,4963419540.000,0,-,-,-,-,3729.0000,3728.8000,3727.4000,3727.2000,3727.0000,3730.4000,3730.6000,3730.8000,3731.6000,3731.8000,1,1,1,1,2,1,1,2,2,2
SF,IF2005,2020-04-13 13:05:28.600,3729.6000,11093,0,4963419540.000,0,-,-,-,-,3729.2000,3729.0000,3727.4000,3727.2000,3727.0000,3730.2000,3730.4000,3730.6000,3730.8000,3731.6000,2,1,1,1,2,6,1,1,2,2
SF,IF2005,2020-04-13 13:05:29.600,3729.6000,11093,0,4963419540.000,0,-,-,-,-,3729.2000,3729.0000,3727.4000,3727.2000,3727.0000,3730.0000,3730.2000,3730.4000,3730.6000,3730.8000,2,1,1,1,2,1,6,1,1,2
SF,IF2005,2020-04-13 13:05:30.100,3729.6000,11093,0,4963419540.000,0,-,-,-,-,3729.2000,3729.0000,3727.4000,3727.2000,3727.0000,3729.8000,3730.0000,3730.2000,3730.4000,3730.6000,1,1,1,1,2,5,1,6,1,1
SF,IF2005,2020-04-13 13:05:30.600,3729.6000,11093,0,4963419540.000,0,-,-,-,-,3729.2000,3729.0000,3727.4000,3727.2000,3727.0000,3729.8000,3730.0000,3730.2000,3730.4000,3730.6000,1,1,1,1,2,5,2,6,1,1
SF,IF2005,2020-04-13 13:05:31.100,3729.6000,11093,0,4963419540.000,0,-,-,-,-,3729.0000,3727.4000,3727.2000,3727.0000,3726.0000,3730.0000,3730.2000,3730.4000,3730.6000,3730.8000,1,1,1,2,1,1,6,1,1,2
SF,IF2005,2020-04-13 13:05:31.600,3729.6000,11093,0,4963419540.000,0,-,-,-,-,3729.0000,3727.4000,3727.2000,3727.0000,3726.6000,3730.0000,3730.2000,3730.4000,3730.6000,3730.8000,1,1,1,2,1,1,6,1,1,2
SF,IF2005,2020-04-13 13:05:32.100,3729.6000,11093,0,4963419540.000,0,-,-,-,-,3729.0000,3727.4000,3727.2000,3727.0000,3726.6000,3729.8000,3730.0000,3730.2000,3730.4000,3730.6000,1,1,1,2,1,1,1,6,1,1
SF,IF2005,2020-04-13 13:05:32.600,3729.6000,11093,0,4963419540.000,0,-,-,-,-,3729.0000,3727.4000,3727.2000,3727.0000,3726.6000,3730.2000,3730.4000,3730.6000,3730.8000,3731.6000,1,1,1,2,1,1,1,1,2,2
SF,IF2005,2020-04-13 13:05:33.100,3729.6000,11093,0,4963419540.000,0,-,-,-,-,3729.2000,3729.0000,3727.4000,3727.2000,3727.0000,3730.2000,3730.4000,3730.6000,3730.8000,3731.6000,1,1,1,1,2,1,1,1,2,2
SF,IF2005,2020-04-13 13:05:33.600,3730.2000,11094,1,4964538600.000,1,1,0,双开,B,3729.2000,3729.0000,3727.4000,3727.2000,3727.0000,3730.4000,3730.6000,3730.8000,3731.6000,3731.8000,2,1,1,1,2,1,1,2,2,2
SF,IF2005,2020-04-13 13:05:34.100,3730.2000,11094,0,4964538600.000,0,-,-,-,-,3729.4000,3729.2000,3727.4000,3727.2000,3727.0000,3730.2000,3730.4000,3730.6000,3730.8000,3731.6000,2,2,1,1,2,6,1,1,2,2
SF,IF2005,2020-04-13 13:05:35.600,3730.2000,11094,0,4964538600.000,0,-,-,-,-,3729.4000,3729.2000,3727.4000,3727.2000,3727.0000,3730.0000,3730.2000,3730.4000,3730.6000,3730.8000,2,2,1,1,2,1,6,1,1,2
SF,IF2005,2020-04-13 13:05:37.100,3730.2000,11094,0,4964538600.000,0,-,-,-,-,3729.4000,3729.2000,3727.4000,3727.2000,3727.0000,3730.0000,3730.2000,3730.4000,3730.6000,3730.8000,2,2,1,1,2,1,1,1,1,2
SF,IF2005,2020-04-13 13:05:37.600,3730.2000,11094,0,4964538600.000,0,-,-,-,-,3729.4000,3729.2000,3727.4000,3727.2000,3727.0000,3730.2000,3730.4000,3730.6000,3730.8000,3731.6000,2,2,1,1,2,1,1,1,2,2
SF,IF2005,2020-04-13 13:05:38.100,3730.2000,11094,0,4964538600.000,0,-,-,-,-,3729.4000,3729.2000,3727.4000,3727.2000,3727.0000,3730.4000,3730.6000,3730.8000,3731.6000,3731.8000,2,2,1,1,2,1,1,2,2,2
SF,IF2005,2020-04-13 13:05:38.600,3730.2000,11094,0,4964538600.000,0,-,-,-,-,3730.2000,3729.6000,3729.4000,3727.4000,3727.2000,3730.8000,3731.6000,3731.8000,3732.0000,3732.8000,1,2,2,1,1,2,2,2,1,1
SF,IF2005,2020-04-13 13:05:39.100,3730.2000,11094,0,4964538600.000,0,-,-,-,-,3730.4000,3729.8000,3729.6000,3727.4000,3727.2000,3730.8000,3731.6000,3731.8000,3732.0000,3732.8000,1,2,2,1,1,2,2,2,1,1
SF,IF2005,2020-04-13 13:05:39.600,3730.2000,11094,0,4964538600.000,0,-,-,-,-,3730.6000,3729.8000,3729.6000,3727.4000,3727.2000,3730.8000,3731.6000,3731.8000,3732.0000,3732.8000,1,2,2,1,1,1,2,2,1,1
SF,IF2005,2020-04-13 13:05:40.100,3730.4000,11095,1,4965657720.000,1,1,0,双开,B,3729.8000,3729.6000,3727.4000,3727.2000,3727.0000,3730.4000,3730.6000,3730.8000,3731.6000,3731.8000,2,2,1,1,2,1,5,1,2,2
SF,IF2005,2020-04-13 13:05:40.600,3730.4000,11095,0,4965657720.000,0,-,-,-,-,3730.0000,3729.8000,3729.6000,3727.4000,3727.2000,3730.4000,3730.8000,3731.6000,3731.8000,3732.0000,1,1,1,1,1,1,1,2,2,1
SF,IF2005,2020-04-13 13:05:41.100,3730.0000,11096,1,4966776720.000,1,1,0,双开,B,3729.8000,3729.6000,3727.4000,3727.2000,3727.0000,3730.8000,3731.6000,3731.8000,3732.0000,3732.8000,1,1,1,1,2,1,2,2,1,1
SF,IF2005,2020-04-13 13:05:41.600,3730.0000,11096,0,4966776720.000,0,-,-,-,-,3729.8000,3729.6000,3727.4000,3727.2000,3727.0000,3730.6000,3730.8000,3731.6000,3731.8000,3732.0000,1,1,1,1,2,1,1,2,2,1
SF,IF2005,2020-04-13 13:05:43.100,3730.0000,11096,0,4966776720.000,0,-,-,-,-,3729.8000,3729.6000,3727.4000,3727.2000,3727.0000,3730.4000,3730.6000,3730.8000,3731.6000,3731.8000,1,1,1,1,2,5,2,1,2,2
SF,IF2005,2020-04-13 13:05:43.600,3730.0000,11096,0,4966776720.000,0,-,-,-,-,3729.6000,3727.4000,3727.2000,3727.0000,3726.6000,3730.4000,3730.6000,3730.8000,3731.6000,3731.8000,1,1,1,2,1,5,2,1,2,2
SF,IF2005,2020-04-13 13:05:44.100,3730.0000,11096,0,4966776720.000,0,-,-,-,-,3729.6000,3727.4000,3727.2000,3727.0000,3726.6000,3730.6000,3730.8000,3731.6000,3731.8000,3732.0000,1,1,1,2,1,1,1,2,2,1
SF,IF2005,2020-04-13 13:05:44.600,3730.0000,11096,0,4966776720.000,0,-,-,-,-,3729.6000,3727.4000,3727.2000,3727.0000,3726.6000,3730.4000,3730.6000,3730.8000,3731.6000,3731.8000,1,1,1,2,1,5,2,1,2,2
SF,IF2005,2020-04-13 13:05:45.100,3730.0000,11096,0,4966776720.000,0,-,-,-,-,3729.6000,3727.4000,3727.2000,3727.0000,3726.6000,3730.4000,3730.6000,3730.8000,3731.6000,3731.8000,1,1,1,2,1,5,2,1,2,2
SF,IF2005,2020-04-13 13:05:47.100,3730.0000,11096,0,4966776720.000,0,-,-,-,-,3727.4000,3727.2000,3727.0000,3726.6000,3726.0000,3730.4000,3730.6000,3730.8000,3731.6000,3731.8000,1,1,2,1,1,5,2,1,2,2
SF,IF2005,2020-04-13 13:05:47.600,3730.0000,11096,0,4966776720.000,0,-,-,-,-,3729.0000,3728.6000,3728.2000,3728.0000,3727.8000,3730.2000,3730.4000,3730.6000,3730.8000,3731.6000,2,1,3,4,2,2,5,1,1,2
SF,IF2005,2020-04-13 13:05:48.100,3730.0000,11096,0,4966776720.000,0,-,-,-,-,3729.0000,3728.6000,3728.2000,3727.8000,3727.6000,3730.0000,3730.2000,3730.4000,3730.6000,3730.8000,2,1,3,1,6,1,1,5,1,1
SF,IF2005,2020-04-13 13:05:49.100,3730.0000,11096,0,4966776720.000,0,-,-,-,-,3729.0000,3728.2000,3727.8000,3727.6000,3727.4000,3730.0000,3730.2000,3730.4000,3730.6000,3730.8000,2,3,1,6,1,1,1,5,1,1
SF,IF2005,2020-04-13 13:05:49.600,3730.0000,11096,0,4966776720.000,0,-,-,-,-,3730.0000,3729.2000,3729.0000,3728.2000,3727.8000,3730.2000,3730.4000,3730.6000,3730.8000,3731.6000,1,2,2,3,1,1,5,1,1,2
SF,IF2005,2020-04-13 13:05:50.100,3730.0000,11096,0,4966776720.000,0,-,-,-,-,3730.0000,3729.2000,3729.0000,3728.2000,3727.8000,3730.2000,3730.4000,3730.6000,3730.8000,3731.6000,1,2,1,3,1,1,5,1,1,2
SF,IF2005,2020-04-13 13:05:50.600,3730.2000,11097,1,4967895780.000,1,1,0,双开,B,3729.2000,3729.0000,3728.2000,3728.0000,3727.8000,3730.4000,3730.6000,3730.8000,3731.6000,3731.8000,2,1,3,1,1,5,1,1,2,2
SF,IF2005,2020-04-13 13:05:51.100,3730.2000,11097,0,4967895780.000,0,-,-,-,-,3729.4000,3729.2000,3729.0000,3728.2000,3728.0000,3730.4000,3730.6000,3730.8000,3731.6000,3731.8000,1,2,1,3,1,5,1,1,2,2
SF,IF2005,2020-04-13 13:05:52.600,3730.2000,11097,0,4967895780.000,0,-,-,-,-,3729.4000,3729.2000,3729.0000,3728.2000,3728.0000,3730.4000,3730.6000,3730.8000,3731.6000,3731.8000,1,2,1,3,1,5,1,1,2,2
SF,IF2005,2020-04-13 13:05:53.100,3730.2000,11097,0,4967895780.000,0,-,-,-,-,3729.4000,3729.2000,3729.0000,3728.2000,3728.0000,3730.2000,3730.4000,3730.6000,3730.8000,3731.6000,1,2,1,3,1,1,5,1,1,2
SF,IF2005,2020-04-13 13:05:54.100,3730.2000,11097,0,4967895780.000,0,-,-,-,-,3729.4000,3729.2000,3729.0000,3728.2000,3728.0000,3730.2000,3730.4000,3730.6000,3730.8000,3731.6000,1,2,1,3,1,2,5,1,1,2
SF,IF2005,2020-04-13 13:05:56.100,3730.2000,11097,0,4967895780.000,0,-,-,-,-,3729.4000,3729.2000,3729.0000,3728.2000,3728.0000,3730.2000,3730.4000,3730.6000,3730.8000,3731.6000,1,2,1,3,1,1,5,1,1,2
SF,IF2005,2020-04-13 13:05:57.100,3730.2000,11097,0,4967895780.000,0,-,-,-,-,3729.4000,3729.2000,3729.0000,3728.2000,3728.0000,3730.2000,3730.4000,3730.6000,3730.8000,3731.6000,1,2,1,3,1,1,5,1,1,2
SF,IF2005,2020-04-13 13:06:00.600,3730.2000,11097,0,4969014840.000,1,0,1,空换,B,3730.2000,3729.4000,3729.2000,3729.0000,3728.2000,3730.4000,3730.6000,3730.8000,3731.6000,3731.8000,1,1,2,1,3,5,1,1,2,2
SF,IF2005,2020-04-13 13:06:01.100,3730.2000,11097,0,4970133900.000,1,0,1,空换,B,3729.4000,3729.2000,3729.0000,3728.2000,3728.0000,3730.2000,3730.4000,3730.6000,3730.8000,3731.6000,1,2,1,3,1,1,6,1,1,2
SF,IF2005,2020-04-13 13:06:01.600,3730.2000,11097,0,4970133900.000,0,-,-,-,-,3729.4000,3729.2000,3729.0000,3728.2000,3728.0000,3730.2000,3730.4000,3730.6000,3730.8000,3731.6000,1,2,1,3,1,2,5,1,1,2
SF,IF2005,2020-04-13 13:06:02.100,3730.2000,11097,0,4970133900.000,0,-,-,-,-,3729.4000,3729.2000,3729.0000,3728.2000,3728.0000,3729.8000,3730.2000,3730.4000,3730.6000,3730.8000,1,2,1,3,1,1,1,5,1,1
SF,IF2005,2020-04-13 13:06:02.600,3729.8000,11098,1,4971252840.000,1,1,0,双开,B,3729.4000,3729.2000,3729.0000,3728.2000,3728.0000,3729.8000,3730.4000,3730.6000,3730.8000,3731.6000,1,2,1,3,1,1,5,1,1,2
SF,IF2005,2020-04-13 13:06:03.600,3729.8000,11098,0,4971252840.000,0,-,-,-,-,3729.4000,3729.2000,3729.0000,3728.2000,3728.0000,3729.8000,3730.4000,3730.6000,3730.8000,3731.6000,1,1,1,3,1,1,5,1,1,2
SF,IF2005,2020-04-13 13:06:04.100,3729.8000,11098,0,4971252840.000,0,-,-,-,-,3729.4000,3729.2000,3729.0000,3728.2000,3728.0000,3729.8000,3730.2000,3730.4000,3730.6000,3730.8000,1,1,1,3,1,1,1,5,1,1
SF,IF2005,2020-04-13 13:06:15.100,3729.8000,11098,0,4971252840.000,0,-,-,-,-,3729.4000,3729.2000,3729.0000,3728.2000,3728.0000,3729.8000,3730.2000,3730.4000,3730.6000,3730.8000,1,1,1,3,1,2,1,5,1,1
SF,IF2005,2020-04-13 13:06:15.600,3729.8000,11100,2,4973490720.000,2,2,0,双开,B,3729.8000,3729.4000,3729.2000,3729.0000,3728.2000,3730.2000,3730.4000,3730.6000,3730.8000,3731.6000,1,1,1,1,3,1,5,1,1,2
SF,IF2005,2020-04-13 13:06:16.100,3729.8000,11101,1,4974609660.000,1,1,0,双开,B,3729.4000,3729.2000,3729.0000,3728.2000,3728.0000,3730.0000,3730.2000,3730.4000,3730.6000,3730.8000,1,1,1,3,1,5,1,5,1,1
SF,IF2005,2020-04-13 13:06:16.600,3729.8000,11101,0,4974609660.000,0,-,-,-,-,3730.0000,3729.4000,3729.2000,3728.2000,3728.0000,3730.2000,3730.4000,3730.6000,3730.8000,3731.6000,1,1,1,3,1,1,5,1,1,2
SF,IF2005,2020-04-13 13:06:17.100,3729.8000,11101,0,4974609660.000,0,-,-,-,-,3730.0000,3729.4000,3729.2000,3728.2000,3728.0000,3730.4000,3730.6000,3730.8000,3731.6000,3731.8000,1,1,1,3,1,5,1,1,2,2
SF,IF2005,2020-04-13 13:06:17.600,3730.4000,11102,1,4975728780.000,1,1,0,双开,B,3729.2000,3728.2000,3728.0000,3727.8000,3727.6000,3730.4000,3730.6000,3730.8000,3731.6000,3731.8000,1,3,1,1,5,4,1,1,2,2
SF,IF2005,2020-04-13 13:06:18.100,3730.4000,11102,0,4975728780.000,0,-,-,-,-,3729.4000,3729.2000,3728.2000,3728.0000,3727.8000,3730.8000,3731.6000,3731.8000,3732.0000,3732.8000,1,1,3,1,1,1,2,2,1,1
SF,IF2005,2020-04-13 13:06:18.600,3730.4000,11102,0,4975728780.000,0,-,-,-,-,3729.4000,3728.2000,3728.0000,3727.8000,3727.6000,3730.6000,3730.8000,3731.6000,3731.8000,3732.0000,1,3,1,1,5,5,1,2,2,1
SF,IF2005,2020-04-13 13:06:19.100,3730.4000,11102,0,4975728780.000,0,-,-,-,-,3729.4000,3728.2000,3728.0000,3727.8000,3727.6000,3730.4000,3730.6000,3730.8000,3731.6000,3731.8000,1,3,1,1,5,4,6,1,2,2
SF,IF2005,2020-04-13 13:06:20.100,3730.4000,11102,0,4975728780.000,0,-,-,-,-,3729.4000,3728.2000,3728.0000,3727.8000,3727.6000,3730.0000,3730.2000,3730.4000,3730.6000,3730.8000,1,3,1,1,5,1,5,4,6,1
SF,IF2005,2020-04-13 13:06:24.100,3730.4000,11102,0,4975728780.000,0,-,-,-,-,3729.4000,3728.2000,3728.0000,3727.8000,3727.6000,3730.0000,3730.2000,3730.4000,3730.6000,3730.8000,1,3,1,1,4,1,5,4,6,1
SF,IF2005,2020-04-13 13:06:25.600,3730.4000,11102,0,4975728780.000,0,-,-,-,-,3729.4000,3728.2000,3728.0000,3727.8000,3727.6000,3730.0000,3730.2000,3730.4000,3730.6000,3730.8000,1,3,1,1,4,2,5,4,6,1
SF,IF2005,2020-04-13 13:06:26.100,3729.4000,11103,1,4976847600.000,1,1,0,双开,B,3728.2000,3728.0000,3727.8000,3727.6000,3727.4000,3730.0000,3730.2000,3730.4000,3730.6000,3730.8000,3,1,1,3,1,2,5,4,6,1
SF,IF2005,2020-04-13 13:06:26.600,3729.4000,11103,0,4976847600.000,0,-,-,-,-,3728.6000,3728.4000,3728.2000,3728.0000,3727.8000,3730.0000,3730.2000,3730.4000,3730.6000,3730.8000,1,2,3,1,1,2,5,4,6,1
SF,IF2005,2020-04-13 13:06:27.100,3729.4000,11103,0,4976847600.000,0,-,-,-,-,3728.6000,3728.4000,3728.2000,3728.0000,3727.6000,3729.8000,3730.0000,3730.2000,3730.4000,3730.6000,1,2,1,1,3,1,2,5,4,6
SF,IF2005,2020-04-13 13:06:29.100,3729.4000,11103,0,4976847600.000,0,-,-,-,-,3728.6000,3728.4000,3728.2000,3728.0000,3727.6000,3729.8000,3730.0000,3730.2000,3730.4000,3730.6000,1,2,1,1,3,1,2,5,4,6
SF,IF2005,2020-04-13 13:06:30.100,3729.4000,11103,0,4976847600.000,0,-,-,-,-,3728.6000,3728.4000,3728.0000,3727.6000,3727.4000,3729.8000,3730.0000,3730.2000,3730.4000,3730.6000,1,2,1,3,1,1,2,5,4,6
SF,IF2005,2020-04-13 13:06:30.600,3729.4000,11103,0,4976847600.000,0,-,-,-,-,3728.6000,3728.4000,3728.0000,3727.6000,3727.4000,3729.6000,3729.8000,3730.0000,3730.2000,3730.4000,1,2,1,3,1,1,2,2,5,4
SF,IF2005,2020-04-13 13:06:31.100,3729.4000,11103,0,4976847600.000,0,-,-,-,-,3728.6000,3728.4000,3728.0000,3727.6000,3727.4000,3729.6000,3729.8000,3730.0000,3730.2000,3730.4000,1,2,1,3,1,1,1,2,5,4
SF,IF2005,2020-04-13 13:06:31.600,3729.4000,11103,0,4976847600.000,0,-,-,-,-,3728.6000,3728.4000,3728.0000,3727.6000,3727.4000,3729.6000,3729.8000,3730.0000,3730.2000,3730.4000,1,2,1,3,1,1,1,2,5,4
SF,IF2005,2020-04-13 13:06:32.100,3729.4000,11103,0,4976847600.000,0,-,-,-,-,3728.6000,3728.4000,3728.0000,3727.6000,3727.4000,3729.6000,3729.8000,3730.0000,3730.2000,3730.4000,1,2,1,3,1,1,1,2,5,4
SF,IF2005,2020-04-13 13:06:32.600,3729.4000,11103,0,4976847600.000,0,-,-,-,-,3728.6000,3728.4000,3728.0000,3727.6000,3727.4000,3729.6000,3729.8000,3730.0000,3730.2000,3730.4000,1,2,1,3,1,1,1,2,5,4
SF,IF2005,2020-04-13 13:06:33.100,3729.4000,11103,0,4976847600.000,0,-,-,-,-,3728.6000,3728.4000,3728.0000,3727.6000,3727.4000,3729.6000,3729.8000,3730.0000,3730.2000,3730.4000,1,2,1,3,1,1,1,2,5,4
SF,IF2005,2020-04-13 13:06:33.600,3729.4000,11103,0,4976847600.000,0,-,-,-,-,3728.6000,3728.4000,3728.0000,3727.6000,3727.4000,3729.6000,3729.8000,3730.0000,3730.2000,3730.4000,1,2,1,3,1,1,1,2,5,4
SF,IF2005,2020-04-13 13:06:34.100,3729.4000,11103,0,4976847600.000,0,-,-,-,-,3728.6000,3728.4000,3728.0000,3727.6000,3727.4000,3729.6000,3729.8000,3730.0000,3730.2000,3730.4000,1,2,1,3,1,1,1,2,5,4
SF,IF2005,2020-04-13 13:06:34.600,3729.4000,11103,0,4976847600.000,0,-,-,-,-,3728.6000,3728.4000,3728.0000,3727.6000,3727.4000,3729.6000,3729.8000,3730.0000,3730.2000,3730.4000,1,2,1,3,1,2,1,2,5,4
SF,IF2005,2020-04-13 13:06:35.100,3729.4000,11103,0,4976847600.000,0,-,-,-,-,3728.6000,3728.4000,3728.0000,3727.6000,3727.4000,3729.6000,3729.8000,3730.0000,3730.2000,3730.4000,1,2,1,3,1,1,1,2,5,4
SF,IF2005,2020-04-13 13:06:36.100,3729.4000,11103,0,4976847600.000,0,-,-,-,-,3728.6000,3728.4000,3728.0000,3727.6000,3727.4000,3729.6000,3729.8000,3730.0000,3730.2000,3730.4000,1,2,1,3,1,1,1,2,5,4
SF,IF2005,2020-04-13 13:06:36.600,3729.4000,11103,0,4976847600.000,0,-,-,-,-,3728.6000,3728.4000,3728.0000,3727.6000,3727.4000,3729.6000,3729.8000,3730.0000,3730.2000,3730.4000,1,2,1,3,1,1,1,2,5,4
SF,IF2005,2020-04-13 13:06:37.100,3729.4000,11103,0,4976847600.000,0,-,-,-,-,3728.6000,3728.4000,3728.0000,3727.6000,3727.4000,3729.8000,3730.0000,3730.2000,3730.4000,3730.6000,1,2,1,3,1,1,2,5,4,6
SF,IF2005,2020-04-13 13:06:37.600,3729.4000,11103,0,4976847600.000,0,-,-,-,-,3728.6000,3728.4000,3728.0000,3727.6000,3727.4000,3729.8000,3730.0000,3730.2000,3730.4000,3730.6000,1,2,1,3,1,2,2,5,4,6
SF,IF2005,2020-04-13 13:06:38.100,3729.4000,11103,0,4976847600.000,0,-,-,-,-,3728.6000,3728.4000,3728.0000,3727.6000,3727.4000,3729.8000,3730.0000,3730.2000,3730.4000,3730.6000,1,2,1,3,1,1,2,5,4,6
SF,IF2005,2020-04-13 13:06:38.600,3729.4000,11103,0,4976847600.000,0,-,-,-,-,3728.6000,3728.4000,3728.0000,3727.6000,3727.4000,3729.8000,3730.0000,3730.4000,3730.6000,3730.8000,1,2,1,3,1,1,1,4,6,1
SF,IF2005,2020-04-13 13:06:39.100,3729.4000,11103,0,4976847600.000,0,-,-,-,-,3728.6000,3728.4000,3728.0000,3727.6000,3727.4000,3729.8000,3730.0000,3730.4000,3730.6000,3730.8000,1,2,1,3,1,2,1,4,6,1
SF,IF2005,2020-04-13 13:06:39.600,3729.4000,11103,0,4976847600.000,0,-,-,-,-,3728.6000,3728.4000,3728.0000,3727.6000,3727.4000,3729.8000,3730.0000,3730.4000,3730.6000,3730.8000,1,2,1,3,1,1,1,4,6,1
SF,IF2005,2020-04-13 13:06:40.100,3729.4000,11103,0,4976847600.000,0,-,-,-,-,3728.8000,3728.6000,3728.4000,3728.0000,3727.6000,3729.8000,3730.0000,3730.4000,3730.6000,3730.8000,1,1,2,1,3,1,1,4,6,1
SF,IF2005,2020-04-13 13:06:40.600,3729.4000,11103,0,4976847600.000,0,-,-,-,-,3728.8000,3728.6000,3728.4000,3728.0000,3727.6000,3729.8000,3730.0000,3730.4000,3730.6000,3730.8000,1,1,2,1,3,1,1,4,6,1
SF,IF2005,2020-04-13 13:06:41.100,3729.4000,11103,0,4976847600.000,0,-,-,-,-,3728.8000,3728.6000,3728.4000,3728.0000,3727.6000,3729.8000,3730.0000,3730.4000,3730.6000,3730.8000,1,1,2,1,3,1,1,4,6,1
SF,IF2005,2020-04-13 13:06:41.600,3729.4000,11103,0,4976847600.000,0,-,-,-,-,3728.8000,3728.6000,3728.4000,3728.0000,3727.6000,3729.8000,3730.0000,3730.4000,3730.6000,3730.8000,1,1,2,1,3,1,1,4,6,1
SF,IF2005,2020-04-13 13:06:42.100,3729.4000,11103,0,4976847600.000,0,-,-,-,-,3728.8000,3728.6000,3728.4000,3728.0000,3727.6000,3729.8000,3730.0000,3730.4000,3730.6000,3730.8000,1,1,2,1,3,1,1,4,6,1
SF,IF2005,2020-04-13 13:06:42.600,3729.4000,11103,0,4976847600.000,0,-,-,-,-,3728.8000,3728.6000,3728.4000,3728.0000,3727.6000,3729.8000,3730.0000,3730.4000,3730.6000,3730.8000,1,1,2,1,3,1,1,4,6,1
SF,IF2005,2020-04-13 13:06:43.100,3729.4000,11103,0,4976847600.000,0,-,-,-,-,3728.8000,3728.6000,3728.4000,3728.0000,3727.6000,3729.8000,3730.0000,3730.4000,3730.6000,3730.8000,1,1,2,1,3,1,1,4,6,1
SF,IF2005,2020-04-13 13:06:43.600,3729.4000,11103,0,4976847600.000,0,-,-,-,-,3728.8000,3728.6000,3728.4000,3728.0000,3727.6000,3729.8000,3730.0000,3730.4000,3730.6000,3730.8000,1,1,2,1,3,1,1,4,6,1
SF,IF2005,2020-04-13 13:06:44.100,3729.4000,11103,0,4976847600.000,0,-,-,-,-,3728.8000,3728.6000,3728.4000,3728.0000,3727.6000,3729.8000,3730.0000,3730.4000,3730.6000,3730.8000,1,1,2,1,3,1,1,4,6,1
SF,IF2005,2020-04-13 13:06:44.600,3729.4000,11103,0,4976847600.000,0,-,-,-,-,3728.8000,3728.6000,3728.4000,3728.0000,3727.6000,3729.8000,3730.0000,3730.4000,3730.6000,3730.8000,1,1,1,1,3,1,1,4,6,1
SF,IF2005,2020-04-13 13:06:45.100,3729.4000,11103,0,4976847600.000,0,-,-,-,-,3728.8000,3728.6000,3728.4000,3728.0000,3727.6000,3729.8000,3730.0000,3730.4000,3730.6000,3730.8000,1,1,1,1,3,2,1,4,6,1
SF,IF2005,2020-04-13 13:06:45.600,3729.4000,11103,0,4976847600.000,0,-,-,-,-,3728.8000,3728.6000,3728.4000,3728.0000,3727.6000,3729.6000,3729.8000,3730.0000,3730.4000,3730.6000,1,1,1,1,3,1,1,1,4,6
SF,IF2005,2020-04-13 13:06:46.100,3729.4000,11103,0,4976847600.000,0,-,-,-,-,3728.8000,3728.6000,3728.4000,3728.0000,3727.6000,3729.6000,3729.8000,3730.0000,3730.4000,3730.6000,1,1,1,1,3,1,1,1,4,6
SF,IF2005,2020-04-13 13:06:46.600,3729.4000,11103,0,4976847600.000,0,-,-,-,-,3728.8000,3728.6000,3728.4000,3728.0000,3727.6000,3729.6000,3729.8000,3730.0000,3730.4000,3730.6000,1,1,1,1,3,2,1,1,4,6
SF,IF2005,2020-04-13 13:06:47.100,3729.4000,11103,0,4976847600.000,0,-,-,-,-,3728.8000,3728.6000,3728.4000,3728.0000,3727.6000,3729.6000,3729.8000,3730.0000,3730.4000,3730.6000,1,1,1,1,3,1,1,1,4,6
SF,IF2005,2020-04-13 13:06:47.600,3729.4000,11103,0,4976847600.000,0,-,-,-,-,3728.8000,3728.6000,3728.4000,3728.0000,3727.6000,3729.6000,3729.8000,3730.0000,3730.4000,3730.6000,1,1,1,1,2,1,1,1,4,6
SF,IF2005,2020-04-13 13:06:48.100,3729.4000,11103,0,4976847600.000,0,-,-,-,-,3728.8000,3728.6000,3728.4000,3728.0000,3727.6000,3729.8000,3730.0000,3730.4000,3730.6000,3730.8000,1,1,1,1,2,1,1,4,6,1
SF,IF2005,2020-04-13 13:06:48.600,3729.4000,11103,0,4976847600.000,0,-,-,-,-,3728.8000,3728.6000,3728.4000,3728.0000,3727.6000,3729.8000,3730.0000,3730.4000,3730.6000,3730.8000,1,1,1,1,2,1,1,4,6,1
SF,IF2005,2020-04-13 13:06:49.600,3729.4000,11103,0,4976847600.000,0,-,-,-,-,3728.8000,3728.6000,3728.4000,3728.0000,3727.6000,3729.8000,3730.0000,3730.4000,3730.6000,3730.8000,1,1,1,1,2,2,1,4,6,1
SF,IF2005,2020-04-13 13:06:50.100,3729.4000,11103,0,4976847600.000,0,-,-,-,-,3728.8000,3728.6000,3728.4000,3728.0000,3727.6000,3729.8000,3730.0000,3730.4000,3730.6000,3730.8000,1,1,1,1,2,1,1,4,6,1
SF,IF2005,2020-04-13 13:06:50.600,3729.4000,11103,0,4976847600.000,0,-,-,-,-,3728.8000,3728.6000,3728.4000,3728.0000,3727.6000,3729.8000,3730.0000,3730.4000,3730.6000,3730.8000,1,1,1,1,2,1,1,4,6,1
SF,IF2005,2020-04-13 13:06:51.100,3729.4000,11103,0,4976847600.000,0,-,-,-,-,3729.0000,3728.8000,3728.6000,3728.4000,3728.0000,3729.8000,3730.0000,3730.4000,3730.6000,3730.8000,1,1,1,1,1,1,1,4,6,1
SF,IF2005,2020-04-13 13:06:51.600,3729.4000,11103,0,4976847600.000,0,-,-,-,-,3729.0000,3728.8000,3728.6000,3728.4000,3728.0000,3729.8000,3730.0000,3730.4000,3730.6000,3730.8000,1,1,1,1,1,1,1,4,6,1
SF,IF2005,2020-04-13 13:06:52.100,3729.4000,11103,0,4976847600.000,0,-,-,-,-,3729.0000,3728.8000,3728.6000,3728.4000,3728.0000,3729.8000,3730.0000,3730.4000,3730.6000,3730.8000,1,1,1,1,1,2,1,4,6,1
SF,IF2005,2020-04-13 13:06:52.600,3729.4000,11103,0,4976847600.000,0,-,-,-,-,3729.0000,3728.8000,3728.6000,3728.4000,3728.0000,3729.8000,3730.0000,3730.4000,3730.6000,3730.8000,1,1,1,1,1,1,1,4,6,1
SF,IF2005,2020-04-13 13:06:53.100,3729.4000,11103,0,4976847600.000,0,-,-,-,-,3729.0000,3728.8000,3728.6000,3728.4000,3728.0000,3729.8000,3730.0000,3730.4000,3730.6000,3730.8000,1,1,1,1,1,2,1,4,6,1
SF,IF2005,2020-04-13 13:06:53.600,3729.4000,11103,0,4976847600.000,0,-,-,-,-,3729.0000,3728.8000,3728.6000,3728.4000,3728.0000,3729.8000,3730.0000,3730.4000,3730.6000,3730.8000,1,1,1,1,1,1,1,4,6,1
SF,IF2005,2020-04-13 13:06:55.100,3729.4000,11103,0,4976847600.000,0,-,-,-,-,3729.0000,3728.8000,3728.6000,3728.4000,3728.0000,3729.8000,3730.0000,3730.4000,3730.6000,3730.8000,1,1,1,1,1,2,1,4,6,1
SF,IF2005,2020-04-13 13:06:55.600,3729.4000,11103,0,4976847600.000,0,-,-,-,-,3729.0000,3728.8000,3728.6000,3728.4000,3728.0000,3729.8000,3730.0000,3730.4000,3730.6000,3730.8000,1,1,1,1,1,1,1,4,6,1
SF,IF2005,2020-04-13 13:06:56.100,3729.4000,11103,0,4976847600.000,0,-,-,-,-,3729.0000,3728.8000,3728.6000,3728.4000,3728.0000,3729.8000,3730.0000,3730.4000,3730.6000,3730.8000,1,1,1,1,1,2,1,4,6,1
SF,IF2005,2020-04-13 13:06:56.600,3729.4000,11103,0,4976847600.000,0,-,-,-,-,3729.0000,3728.8000,3728.6000,3728.0000,3727.6000,3729.8000,3730.0000,3730.4000,3730.6000,3730.8000,1,1,1,1,2,1,1,4,6,1
SF,IF2005,2020-04-13 13:06:57.100,3729.4000,11103,0,4976847600.000,0,-,-,-,-,3729.0000,3728.6000,3728.0000,3727.6000,3727.4000,3729.8000,3730.0000,3730.4000,3730.6000,3730.8000,1,1,1,2,1,1,1,4,6,1
SF,IF2005,2020-04-13 13:06:57.600,3729.8000,11103,0,4977966540.000,1,0,1,空换,B,3729.0000,3728.6000,3728.0000,3727.6000,3727.4000,3730.0000,3730.4000,3730.6000,3730.8000,3731.6000,1,1,1,2,1,1,4,6,1,2
SF,IF2005,2020-04-13 13:06:58.100,3729.8000,11103,0,4977966540.000,0,-,-,-,-,3729.0000,3728.6000,3728.0000,3727.6000,3727.4000,3730.0000,3730.4000,3730.6000,3730.8000,3731.6000,1,1,1,2,1,1,4,6,1,2
SF,IF2005,2020-04-13 13:06:58.600,3729.8000,11103,0,4977966540.000,0,-,-,-,-,3729.0000,3728.0000,3727.6000,3727.4000,3727.2000,3729.8000,3730.0000,3730.4000,3730.6000,3730.8000,1,1,2,1,2,1,2,4,6,1
SF,IF2005,2020-04-13 13:06:59.100,3729.8000,11103,0,4977966540.000,0,-,-,-,-,3729.0000,3728.0000,3727.6000,3727.4000,3727.2000,3729.8000,3730.0000,3730.4000,3730.6000,3730.8000,1,1,2,1,2,2,1,4,6,1
SF,IF2005,2020-04-13 13:07:00.100,3729.8000,11103,0,4977966540.000,0,-,-,-,-,3729.0000,3728.0000,3727.6000,3727.4000,3727.2000,3729.8000,3730.0000,3730.4000,3730.6000,3730.8000,1,1,2,1,2,2,1,4,6,1
SF,IF2005,2020-04-13 13:07:01.100,3729.8000,11104,1,4980204420.000,2,1,1,多开,B,3729.0000,3728.0000,3727.6000,3727.4000,3727.2000,3730.0000,3730.4000,3730.6000,3730.8000,3731.6000,1,1,2,1,2,1,4,6,1,2
SF,IF2005,2020-04-13 13:07:01.600,3729.8000,11104,0,4980204420.000,0,-,-,-,-,3729.2000,3729.0000,3728.0000,3727.6000,3727.4000,3730.0000,3730.4000,3730.6000,3730.8000,3731.6000,1,1,1,2,1,1,4,6,1,2
SF,IF2005,2020-04-13 13:07:02.600,3729.2000,11104,0,4981323180.000,1,0,1,空换,B,3729.0000,3728.0000,3727.6000,3727.4000,3727.2000,3730.0000,3730.4000,3730.6000,3730.8000,3731.6000,1,1,2,1,2,1,4,6,1,2
SF,IF2005,2020-04-13 13:07:04.100,3729.2000,11104,0,4981323180.000,0,-,-,-,-,3729.2000,3729.0000,3728.0000,3727.6000,3727.4000,3730.0000,3730.4000,3730.6000,3730.8000,3731.6000,1,1,1,2,1,1,4,6,1,2
SF,IF2005,2020-04-13 13:07:04.600,3729.2000,11104,0,4981323180.000,0,-,-,-,-,3729.2000,3729.0000,3728.0000,3727.6000,3727.4000,3730.0000,3730.4000,3730.6000,3730.8000,3731.6000,3,1,1,2,1,1,4,6,1,2
SF,IF2005,2020-04-13 13:07:05.600,3729.2000,11104,0,4981323180.000,0,-,-,-,-,3729.4000,3729.2000,3729.0000,3728.0000,3727.6000,3730.0000,3730.4000,3730.6000,3730.8000,3731.6000,1,2,1,1,2,1,4,6,1,2
SF,IF2005,2020-04-13 13:07:06.600,3729.2000,11104,0,4981323180.000,0,-,-,-,-,3729.2000,3729.0000,3728.0000,3727.6000,3727.4000,3730.0000,3730.4000,3730.6000,3730.8000,3731.6000,2,1,1,2,1,1,4,6,1,2
SF,IF2005,2020-04-13 13:07:07.600,3729.2000,11104,0,4981323180.000,0,-,-,-,-,3729.4000,3729.2000,3729.0000,3728.0000,3727.6000,3730.0000,3730.4000,3730.6000,3730.8000,3731.6000,1,2,1,1,2,1,4,6,1,2
SF,IF2005,2020-04-13 13:07:11.600,3729.4000,11104,0,4982442000.000,1,0,1,空换,B,3729.2000,3729.0000,3728.0000,3727.6000,3727.4000,3729.8000,3730.0000,3730.4000,3730.6000,3730.8000,2,1,1,2,1,2,1,4,6,1
SF,IF2005,2020-04-13 13:07:12.100,3729.4000,11104,0,4982442000.000,0,-,-,-,-,3729.2000,3729.0000,3728.0000,3727.6000,3727.4000,3729.8000,3730.0000,3730.4000,3730.6000,3730.8000,1,1,1,2,1,2,1,4,6,1
SF,IF2005,2020-04-13 13:07:12.600,3729.2000,11104,0,4983560760.000,1,0,1,空换,B,3728.0000,3727.6000,3727.4000,3727.2000,3727.0000,3729.8000,3730.0000,3730.4000,3730.6000,3730.8000,1,1,1,2,3,5,1,4,6,1
SF,IF2005,2020-04-13 13:07:13.100,3729.2000,11104,0,4983560760.000,0,-,-,-,-,3728.4000,3728.0000,3727.6000,3727.4000,3727.2000,3729.2000,3729.6000,3729.8000,3730.0000,3730.4000,2,1,1,1,2,1,1,2,1,4
SF,IF2005,2020-04-13 13:07:13.600,3729.2000,11105,1,4984679520.000,1,1,0,双开,B,3728.4000,3728.0000,3727.6000,3727.4000,3727.2000,3729.6000,3729.8000,3730.0000,3730.6000,3730.8000,2,1,1,1,2,3,1,1,1,1
SF,IF2005,2020-04-13 13:07:15.100,3729.2000,11105,0,4984679520.000,0,-,-,-,-,3728.4000,3728.0000,3727.6000,3727.4000,3727.2000,3729.4000,3729.6000,3729.8000,3730.0000,3730.6000,2,1,1,1,2,1,3,1,1,1
SF,IF2005,2020-04-13 13:07:15.600,3729.2000,11105,0,4984679520.000,0,-,-,-,-,3728.4000,3728.0000,3727.6000,3727.4000,3727.2000,3729.2000,3729.4000,3729.6000,3729.8000,3730.0000,2,1,1,1,2,5,1,3,1,1
SF,IF2005,2020-04-13 13:07:17.600,3729.2000,11105,0,4984679520.000,0,-,-,-,-,3728.4000,3728.0000,3727.6000,3727.4000,3727.2000,3729.2000,3729.4000,3729.6000,3729.8000,3730.0000,1,1,1,1,2,8,1,3,1,1
SF,IF2005,2020-04-13 13:07:18.100,3729.2000,11105,0,4984679520.000,0,-,-,-,-,3728.0000,3727.6000,3727.4000,3727.0000,3726.0000,3729.0000,3729.2000,3729.4000,3729.6000,3729.8000,1,1,1,3,1,4,5,1,3,1
SF,IF2005,2020-04-13 13:07:18.600,3729.2000,11105,0,4984679520.000,0,-,-,-,-,3728.0000,3727.4000,3727.0000,3726.2000,3726.0000,3729.0000,3729.2000,3729.4000,3729.6000,3729.8000,1,1,3,2,1,4,5,1,3,1
SF,IF2005,2020-04-13 13:07:19.100,3729.2000,11105,0,4984679520.000,0,-,-,-,-,3728.0000,3727.0000,3726.2000,3726.0000,3725.4000,3729.0000,3729.2000,3729.4000,3729.6000,3729.8000,1,3,2,1,3,4,5,1,2,1
SF,IF2005,2020-04-13 13:07:19.600,3729.2000,11105,0,4984679520.000,0,-,-,-,-,3728.0000,3727.0000,3726.2000,3726.0000,3725.4000,3728.8000,3729.0000,3729.2000,3729.4000,3729.6000,1,3,2,1,3,1,4,5,1,2
SF,IF2005,2020-04-13 13:07:20.100,3729.2000,11105,0,4984679520.000,0,-,-,-,-,3728.0000,3727.0000,3726.2000,3726.0000,3725.4000,3728.8000,3729.0000,3729.2000,3729.4000,3729.6000,1,2,2,1,3,1,4,5,1,2
SF,IF2005,2020-04-13 13:07:20.600,3729.2000,11105,0,4984679520.000,0,-,-,-,-,3728.0000,3727.0000,3726.2000,3726.0000,3725.4000,3728.8000,3729.2000,3729.4000,3729.6000,3729.8000,1,2,2,1,3,1,5,1,2,1
SF,IF2005,2020-04-13 13:07:21.100,3729.2000,11105,0,4984679520.000,0,-,-,-,-,3728.0000,3727.0000,3726.4000,3726.2000,3726.0000,3728.8000,3729.2000,3729.4000,3729.6000,3729.8000,1,2,1,2,1,1,5,1,2,1
SF,IF2005,2020-04-13 13:07:22.100,3729.2000,11105,0,4984679520.000,0,-,-,-,-,3728.0000,3727.0000,3726.4000,3726.2000,3726.0000,3729.2000,3729.4000,3729.6000,3729.8000,3730.0000,1,2,1,2,1,5,1,2,1,1
SF,IF2005,2020-04-13 13:07:22.600,3728.0000,11106,1,4985797920.000,1,1,0,双开,B,3727.0000,3726.4000,3726.2000,3726.0000,3725.4000,3729.0000,3729.2000,3729.4000,3729.6000,3729.8000,2,1,2,1,3,5,5,1,2,1
SF,IF2005,2020-04-13 13:07:23.100,3728.0000,11106,0,4985797920.000,0,-,-,-,-,3727.8000,3727.6000,3727.4000,3727.2000,3727.0000,3729.0000,3729.2000,3729.4000,3729.6000,3729.8000,1,1,1,1,2,5,5,1,2,1
SF,IF2005,2020-04-13 13:07:24.600,3728.0000,11106,0,4985797920.000,0,-,-,-,-,3728.0000,3727.8000,3727.4000,3727.2000,3727.0000,3729.0000,3729.2000,3729.4000,3729.6000,3729.8000,1,1,1,1,2,5,5,1,2,1
SF,IF2005,2020-04-13 13:07:25.600,3728.0000,11106,0,4985797920.000,0,-,-,-,-,3728.2000,3728.0000,3727.2000,3727.0000,3726.4000,3729.2000,3729.4000,3729.6000,3729.8000,3730.0000,1,1,1,2,1,5,1,2,1,1
SF,IF2005,2020-04-13 13:07:26.100,3728.0000,11106,0,4985797920.000,0,-,-,-,-,3728.4000,3728.2000,3727.2000,3727.0000,3726.4000,3729.4000,3729.6000,3729.8000,3730.0000,3730.6000,1,1,1,2,1,1,2,1,1,1
SF,IF2005,2020-04-13 13:07:28.100,3728.0000,11106,0,4985797920.000,0,-,-,-,-,3728.4000,3728.2000,3727.2000,3727.0000,3726.4000,3729.2000,3729.4000,3729.6000,3729.8000,3730.0000,1,1,1,2,1,4,1,2,1,1
SF,IF2005,2020-04-13 13:07:28.600,3728.0000,11106,0,4985797920.000,0,-,-,-,-,3728.4000,3728.2000,3727.2000,3727.0000,3726.4000,3729.0000,3729.2000,3729.4000,3729.6000,3729.8000,1,1,1,2,1,5,4,1,2,1
SF,IF2005,2020-04-13 13:07:29.600,3728.0000,11106,0,4985797920.000,0,-,-,-,-,3728.4000,3728.2000,3727.2000,3727.0000,3726.4000,3729.6000,3729.8000,3730.0000,3730.6000,3730.8000,1,1,1,2,1,2,1,1,1,1
SF,IF2005,2020-04-13 13:07:30.100,3728.0000,11106,0,4985797920.000,0,-,-,-,-,3728.4000,3728.2000,3727.2000,3727.0000,3726.4000,3729.4000,3729.6000,3729.8000,3730.0000,3730.6000,1,1,1,2,1,4,2,1,1,1
SF,IF2005,2020-04-13 13:07:31.100,3728.0000,11106,0,4985797920.000,0,-,-,-,-,3728.4000,3728.2000,3727.2000,3727.0000,3726.4000,3729.2000,3729.6000,3729.8000,3730.0000,3730.6000,1,1,1,2,1,1,1,1,1,1
SF,IF2005,2020-04-13 13:07:32.600,3728.4000,11107,1,4986916440.000,1,1,0,双开,B,3728.2000,3727.2000,3727.0000,3726.4000,3726.2000,3729.2000,3729.6000,3729.8000,3730.0000,3730.6000,1,1,2,1,2,1,1,1,1,1
SF,IF2005,2020-04-13 13:07:34.100,3728.4000,11107,0,4986916440.000,0,-,-,-,-,3728.2000,3727.2000,3727.0000,3726.4000,3726.2000,3729.0000,3729.2000,3729.6000,3729.8000,3730.0000,1,1,2,1,2,1,1,1,1,1
SF,IF2005,2020-04-13 13:07:35.100,3728.4000,11107,0,4986916440.000,0,-,-,-,-,3728.2000,3727.2000,3727.0000,3726.4000,3726.2000,3729.2000,3729.6000,3729.8000,3730.0000,3730.6000,1,1,2,1,2,1,1,1,1,1
SF,IF2005,2020-04-13 13:07:35.600,3728.2000,11106,-1,4988034900.000,1,0,1,双平,B,3727.2000,3727.0000,3726.4000,3726.2000,3726.0000,3729.2000,3729.6000,3729.8000,3730.0000,3730.6000,1,2,1,2,1,1,1,1,1,1
SF,IF2005,2020-04-13 13:07:36.100,3728.2000,11106,0,4988034900.000,0,-,-,-,-,3727.8000,3727.6000,3727.4000,3727.2000,3727.0000,3729.0000,3729.2000,3729.6000,3729.8000,3730.0000,2,1,1,2,2,1,1,1,1,1
SF,IF2005,2020-04-13 13:07:37.100,3728.2000,11106,0,4988034900.000,0,-,-,-,-,3728.0000,3727.8000,3727.4000,3727.2000,3727.0000,3729.2000,3729.6000,3729.8000,3730.0000,3730.6000,2,2,1,2,2,1,1,1,1,1
SF,IF2005,2020-04-13 13:07:38.100,3728.2000,11106,0,4988034900.000,0,-,-,-,-,3728.0000,3727.8000,3727.4000,3727.2000,3727.0000,3729.2000,3729.6000,3729.8000,3730.0000,3730.6000,3,2,1,2,2,1,1,1,1,1
SF,IF2005,2020-04-13 13:07:38.600,3728.2000,11106,0,4988034900.000,0,-,-,-,-,3728.2000,3728.0000,3727.8000,3727.4000,3727.2000,3729.2000,3729.6000,3729.8000,3730.0000,3730.6000,1,2,2,1,2,1,1,1,1,1
SF,IF2005,2020-04-13 13:07:41.100,3728.2000,11106,0,4988034900.000,0,-,-,-,-,3728.2000,3728.0000,3727.8000,3727.4000,3727.2000,3729.0000,3729.2000,3729.6000,3729.8000,3730.0000,1,2,2,1,3,5,1,1,1,1
SF,IF2005,2020-04-13 13:07:41.600,3728.2000,11106,0,4988034900.000,0,-,-,-,-,3728.0000,3727.8000,3727.4000,3727.2000,3727.0000,3729.0000,3729.2000,3729.6000,3729.8000,3730.0000,1,2,1,3,2,5,1,1,1,1
SF,IF2005,2020-04-13 13:07:42.600,3728.2000,11106,0,4988034900.000,0,-,-,-,-,3728.0000,3727.8000,3727.4000,3727.2000,3727.0000,3728.8000,3729.0000,3729.6000,3729.8000,3730.0000,1,2,1,3,2,1,5,1,1,1
SF,IF2005,2020-04-13 13:07:43.600,3728.2000,11106,0,4988034900.000,0,-,-,-,-,3728.0000,3727.8000,3727.4000,3727.2000,3727.0000,3728.8000,3729.0000,3729.6000,3729.8000,3730.0000,1,2,1,3,3,1,5,1,1,1
SF,IF2005,2020-04-13 13:07:44.600,3728.2000,11106,0,4988034900.000,0,-,-,-,-,3728.0000,3727.8000,3727.4000,3727.2000,3727.0000,3728.6000,3728.8000,3729.0000,3729.6000,3729.8000,1,2,1,3,3,1,1,5,1,1
SF,IF2005,2020-04-13 13:07:45.100,3728.6000,11106,0,4989153480.000,1,0,1,空换,B,3728.0000,3727.8000,3727.4000,3727.2000,3727.0000,3728.8000,3729.0000,3729.6000,3730.0000,3730.6000,1,2,1,2,3,1,5,1,1,1
SF,IF2005,2020-04-13 13:07:46.600,3728.6000,11106,0,4989153480.000,0,-,-,-,-,3728.0000,3727.8000,3727.4000,3727.2000,3727.0000,3728.8000,3729.6000,3730.0000,3730.6000,3730.8000,1,2,1,2,3,1,1,1,1,1
SF,IF2005,2020-04-13 13:07:47.100,3728.8000,11106,0,4990272120.000,1,0,1,空换,B,3728.0000,3727.8000,3727.4000,3727.2000,3727.0000,3729.6000,3730.0000,3730.6000,3730.8000,3731.6000,1,2,1,2,3,1,1,1,1,2
SF,IF2005,2020-04-13 13:07:47.600,3728.8000,11106,0,4990272120.000,0,-,-,-,-,3728.0000,3727.8000,3727.4000,3727.2000,3727.0000,3729.2000,3729.4000,3729.6000,3730.0000,3730.6000,1,2,1,2,3,4,5,1,1,1
SF,IF2005,2020-04-13 13:07:48.100,3728.8000,11106,0,4990272120.000,0,-,-,-,-,3728.2000,3728.0000,3727.8000,3727.4000,3727.2000,3729.2000,3729.4000,3729.6000,3730.0000,3730.6000,1,1,2,1,2,4,2,1,1,1
SF,IF2005,2020-04-13 13:07:48.600,3728.8000,11106,0,4990272120.000,0,-,-,-,-,3728.2000,3728.0000,3727.8000,3727.4000,3727.2000,3729.2000,3729.4000,3729.6000,3730.0000,3730.6000,2,1,2,1,2,4,2,1,1,1
SF,IF2005,2020-04-13 13:07:51.600,3728.8000,11106,0,4990272120.000,0,-,-,-,-,3728.2000,3728.0000,3727.8000,3727.4000,3727.2000,3729.0000,3729.2000,3729.4000,3729.6000,3730.0000,2,1,2,1,2,6,4,1,1,1
SF,IF2005,2020-04-13 13:07:52.100,3728.8000,11106,0,4990272120.000,0,-,-,-,-,3728.0000,3727.8000,3727.4000,3727.2000,3727.0000,3729.0000,3729.2000,3729.4000,3729.6000,3730.0000,1,2,1,2,3,6,4,1,1,1
SF,IF2005,2020-04-13 13:07:52.600,3728.8000,11106,0,4990272120.000,0,-,-,-,-,3728.0000,3727.8000,3727.4000,3727.2000,3727.0000,3728.8000,3729.0000,3729.2000,3729.6000,3730.0000,1,2,1,2,3,1,6,4,1,1
SF,IF2005,2020-04-13 13:07:53.100,3728.8000,11106,0,4990272120.000,0,-,-,-,-,3728.0000,3727.8000,3727.2000,3727.0000,3726.4000,3728.8000,3729.0000,3729.2000,3729.6000,3730.0000,1,2,2,3,1,1,6,4,1,1
SF,IF2005,2020-04-13 13:07:53.600,3728.8000,11106,0,4990272120.000,0,-,-,-,-,3727.8000,3727.2000,3727.0000,3726.4000,3726.2000,3728.8000,3729.0000,3729.2000,3729.6000,3730.0000,2,1,3,1,2,1,6,4,1,1
SF,IF2005,2020-04-13 13:07:54.100,3729.0000,11107,1,4992509460.000,2,1,1,多开,B,3727.8000,3727.2000,3727.0000,3726.4000,3726.2000,3729.0000,3729.2000,3729.6000,3730.0000,3730.6000,1,1,3,1,2,5,4,1,1,1
SF,IF2005,2020-04-13 13:07:54.600,3729.0000,11107,0,4992509460.000,0,-,-,-,-,3728.0000,3727.8000,3727.2000,3727.0000,3726.4000,3728.8000,3729.0000,3729.2000,3729.6000,3730.0000,1,1,1,3,1,1,5,4,1,1
SF,IF2005,2020-04-13 13:07:55.100,3729.0000,11107,0,4992509460.000,0,-,-,-,-,3728.0000,3727.8000,3727.2000,3727.0000,3726.4000,3729.0000,3729.2000,3729.6000,3730.0000,3730.6000,2,1,1,3,1,6,4,1,1,1
SF,IF2005,2020-04-13 13:07:58.100,3728.0000,11108,1,4993627860.000,1,1,0,双开,B,3728.0000,3727.8000,3727.2000,3727.0000,3726.4000,3729.0000,3729.2000,3729.6000,3730.0000,3730.6000,1,1,1,3,1,6,4,1,1,1
SF,IF2005,2020-04-13 13:07:58.600,3728.0000,11108,0,4993627860.000,0,-,-,-,-,3728.0000,3727.8000,3727.2000,3727.0000,3726.4000,3728.8000,3729.0000,3729.2000,3729.6000,3730.0000,1,1,1,3,1,1,6,4,1,1
SF,IF2005,2020-04-13 13:07:59.100,3728.0000,11108,0,4993627860.000,0,-,-,-,-,3728.0000,3727.8000,3727.2000,3727.0000,3726.4000,3728.8000,3729.0000,3729.2000,3729.6000,3730.0000,1,1,1,3,1,2,6,4,1,1
SF,IF2005,2020-04-13 13:08:00.600,3728.8000,11108,0,4994746500.000,1,0,1,空换,B,3728.0000,3727.8000,3727.2000,3727.0000,3726.4000,3729.0000,3729.2000,3729.6000,3730.0000,3730.6000,1,1,1,3,1,6,4,1,1,1
SF,IF2005,2020-04-13 13:08:01.100,3728.8000,11108,0,4994746500.000,0,-,-,-,-,3728.0000,3727.8000,3727.2000,3727.0000,3726.4000,3729.0000,3729.2000,3729.6000,3730.0000,3730.6000,3,1,1,3,1,6,4,1,1,1
SF,IF2005,2020-04-13 13:08:01.600,3728.8000,11108,0,4994746500.000,0,-,-,-,-,3728.2000,3728.0000,3727.8000,3727.2000,3727.0000,3729.0000,3729.2000,3729.6000,3730.0000,3730.6000,1,3,1,1,3,6,4,1,1,1
SF,IF2005,2020-04-13 13:08:02.600,3728.8000,11108,0,4994746500.000,0,-,-,-,-,3728.2000,3728.0000,3727.8000,3727.2000,3727.0000,3728.8000,3729.0000,3729.2000,3729.6000,3730.0000,1,2,1,1,3,1,6,4,1,1
SF,IF2005,2020-04-13 13:08:03.100,3728.8000,11108,0,4994746500.000,0,-,-,-,-,3728.4000,3728.2000,3728.0000,3727.8000,3727.2000,3729.0000,3729.2000,3729.6000,3730.0000,3730.6000,1,1,2,1,1,6,4,1,1,1
SF,IF2005,2020-04-13 13:08:03.600,3728.8000,11108,0,4994746500.000,0,-,-,-,-,3728.4000,3728.2000,3728.0000,3727.8000,3727.2000,3729.0000,3729.2000,3729.6000,3730.0000,3730.6000,1,1,2,1,1,6,4,1,1,1
SF,IF2005,2020-04-13 13:08:04.100,3728.8000,11108,0,4994746500.000,0,-,-,-,-,3728.4000,3728.2000,3728.0000,3727.8000,3727.2000,3728.8000,3729.0000,3729.2000,3729.6000,3730.0000,1,1,2,1,1,1,6,4,1,1
SF,IF2005,2020-04-13 13:08:05.100,3728.8000,11108,0,4994746500.000,0,-,-,-,-,3728.2000,3728.0000,3727.8000,3727.2000,3727.0000,3728.8000,3729.0000,3729.2000,3729.6000,3730.0000,1,2,1,1,3,1,6,4,1,1
SF,IF2005,2020-04-13 13:08:05.600,3728.8000,11108,0,4994746500.000,0,-,-,-,-,3728.2000,3728.0000,3727.8000,3727.2000,3727.0000,3729.0000,3729.2000,3729.6000,3730.0000,3730.6000,1,2,1,1,3,6,4,1,1,1
SF,IF2005,2020-04-13 13:08:06.100,3728.8000,11108,0,4994746500.000,0,-,-,-,-,3728.4000,3728.2000,3727.8000,3727.2000,3727.0000,3729.0000,3729.2000,3729.6000,3730.0000,3730.6000,1,1,1,1,3,6,4,1,1,1
SF,IF2005,2020-04-13 13:08:06.600,3728.8000,11108,0,4994746500.000,0,-,-,-,-,3728.8000,3728.4000,3728.2000,3727.8000,3727.2000,3729.0000,3729.2000,3729.6000,3730.0000,3730.6000,2,1,1,1,1,6,4,1,1,1
SF,IF2005,2020-04-13 13:08:07.100,3728.8000,11109,1,4996983780.000,2,1,1,多开,B,3728.4000,3728.2000,3727.8000,3727.2000,3727.0000,3728.8000,3729.0000,3729.6000,3730.0000,3730.6000,1,1,1,1,3,1,6,1,1,1
SF,IF2005,2020-04-13 13:08:07.600,3728.8000,11109,0,4996983780.000,0,-,-,-,-,3728.4000,3728.2000,3727.8000,3727.2000,3727.0000,3728.8000,3729.0000,3729.6000,3730.0000,3730.6000,1,1,1,1,3,5,6,1,1,1
SF,IF2005,2020-04-13 13:08:08.100,3728.4000,11109,0,4998102300.000,1,0,1,空换,B,3728.2000,3727.8000,3727.2000,3727.0000,3726.4000,3728.8000,3729.0000,3729.6000,3730.0000,3730.6000,1,1,1,3,1,4,6,1,1,1
SF,IF2005,2020-04-13 13:08:10.100,3728.4000,11109,0,4998102300.000,0,-,-,-,-,3728.2000,3727.8000,3727.2000,3727.0000,3726.4000,3728.6000,3728.8000,3729.0000,3729.6000,3730.0000,1,1,1,3,1,5,4,6,1,1
SF,IF2005,2020-04-13 13:08:10.600,3728.2000,11109,0,4999220760.000,1,0,1,空换,B,3727.2000,3727.0000,3726.4000,3726.2000,3726.0000,3728.2000,3728.6000,3728.8000,3729.0000,3729.6000,1,3,1,2,1,2,5,4,6,1
SF,IF2005,2020-04-13 13:08:11.100,3728.2000,11109,0,4999220760.000,0,-,-,-,-,3727.2000,3727.0000,3726.4000,3726.2000,3726.0000,3728.2000,3728.6000,3728.8000,3729.0000,3729.6000,1,2,1,2,1,2,5,4,6,1
SF,IF2005,2020-04-13 13:08:11.600,3728.2000,11109,0,4999220760.000,0,-,-,-,-,3727.2000,3727.0000,3726.2000,3726.0000,3725.4000,3728.2000,3728.6000,3728.8000,3729.0000,3729.6000,1,2,2,1,3,2,4,4,6,1
SF,IF2005,2020-04-13 13:08:12.100,3728.2000,11109,0,4999220760.000,0,-,-,-,-,3727.2000,3727.0000,3726.2000,3726.0000,3725.4000,3728.0000,3728.2000,3728.6000,3728.8000,3729.0000,1,2,2,1,3,2,2,4,4,6
SF,IF2005,2020-04-13 13:08:12.600,3728.2000,11109,0,4999220760.000,0,-,-,-,-,3727.2000,3727.0000,3726.0000,3725.4000,3725.2000,3728.0000,3728.2000,3728.6000,3728.8000,3729.0000,1,2,1,3,1,2,2,4,4,6
SF,IF2005,2020-04-13 13:08:13.100,3728.2000,11109,0,4999220760.000,0,-,-,-,-,3727.2000,3727.0000,3726.0000,3725.4000,3725.2000,3728.0000,3728.2000,3728.6000,3728.8000,3729.0000,1,2,1,3,3,2,2,4,4,6
SF,IF2005,2020-04-13 13:08:13.600,3728.2000,11109,0,4999220760.000,0,-,-,-,-,3727.2000,3727.0000,3726.0000,3725.4000,3725.2000,3727.8000,3728.0000,3728.2000,3728.6000,3728.8000,1,2,1,3,4,1,2,2,4,4
SF,IF2005,2020-04-13 13:08:14.100,3727.0000,11108,-1,5001457020.000,2,0,2,空平,B,3727.0000,3726.0000,3725.4000,3725.2000,3724.4000,3727.2000,3727.4000,3727.6000,3727.8000,3728.0000,1,1,3,4,2,1,5,2,3,1
SF,IF2005,2020-04-13 13:08:14.600,3727.2000,11109,1,5002575180.000,1,1,0,双开,B,3727.0000,3725.4000,3725.2000,3724.4000,3724.2000,3727.2000,3727.4000,3727.6000,3727.8000,3728.2000,1,3,4,2,6,5,5,2,3,2
SF,IF2005,2020-04-13 13:08:15.100,3727.0000,11109,0,5003693280.000,1,0,1,空换,B,3725.4000,3725.2000,3724.2000,3724.0000,3723.8000,3727.2000,3727.4000,3727.6000,3727.8000,3728.2000,1,4,6,2,1,5,5,2,3,2
SF,IF2005,2020-04-13 13:08:15.600,3727.0000,11109,0,5003693280.000,0,-,-,-,-,3726.0000,3725.8000,3725.6000,3725.4000,3725.2000,3727.2000,3727.4000,3727.6000,3727.8000,3728.2000,2,1,1,1,4,5,5,2,2,2
SF,IF2005,2020-04-13 13:08:16.100,3727.0000,11109,0,5003693280.000,0,-,-,-,-,3726.2000,3726.0000,3725.8000,3725.6000,3725.4000,3727.6000,3727.8000,3728.2000,3729.0000,3729.6000,1,2,1,1,1,2,1,2,1,1
SF,IF2005,2020-04-13 13:08:16.600,3727.0000,11109,0,5003693280.000,0,-,-,-,-,3726.4000,3726.2000,3725.6000,3725.4000,3725.2000,3727.6000,3727.8000,3728.2000,3729.0000,3729.6000,2,2,1,1,4,1,1,2,1,1
SF,IF2005,2020-04-13 13:08:18.100,3727.0000,11109,0,5003693280.000,0,-,-,-,-,3726.6000,3726.4000,3726.2000,3725.6000,3725.4000,3727.4000,3727.6000,3727.8000,3728.2000,3729.0000,1,2,1,1,1,4,1,1,2,1
SF,IF2005,2020-04-13 13:08:18.600,3727.0000,11109,0,5003693280.000,0,-,-,-,-,3726.6000,3726.4000,3726.2000,3725.6000,3725.4000,3727.6000,3727.8000,3728.2000,3729.6000,3730.0000,1,2,1,1,1,1,1,2,1,1
SF,IF2005,2020-04-13 13:08:19.100,3727.4000,11110,1,5004811500.000,1,1,0,双开,B,3726.6000,3726.4000,3726.2000,3725.6000,3725.4000,3727.4000,3727.6000,3727.8000,3728.2000,3729.6000,1,2,1,1,1,4,1,1,2,1
SF,IF2005,2020-04-13 13:08:19.600,3727.4000,11110,0,5004811500.000,0,-,-,-,-,3726.6000,3726.4000,3726.2000,3725.6000,3725.4000,3727.6000,3727.8000,3728.2000,3729.6000,3730.0000,1,2,1,1,1,1,1,2,1,1
SF,IF2005,2020-04-13 13:08:20.100,3727.4000,11110,0,5004811500.000,0,-,-,-,-,3726.6000,3726.4000,3726.2000,3725.6000,3725.4000,3727.2000,3727.4000,3727.6000,3727.8000,3728.2000,1,2,1,1,1,4,1,1,1,2
SF,IF2005,2020-04-13 13:08:21.100,3727.4000,11110,0,5004811500.000,0,-,-,-,-,3726.6000,3726.4000,3726.2000,3725.6000,3725.4000,3727.2000,3727.4000,3727.6000,3727.8000,3728.2000,1,2,1,1,1,4,1,1,1,2
SF,IF2005,2020-04-13 13:08:21.600,3727.4000,11110,0,5004811500.000,0,-,-,-,-,3726.6000,3726.4000,3726.2000,3725.6000,3725.4000,3727.2000,3727.4000,3727.6000,3727.8000,3728.2000,1,2,2,1,1,4,1,1,1,2
SF,IF2005,2020-04-13 13:08:22.100,3727.4000,11110,0,5004811500.000,0,-,-,-,-,3726.4000,3726.2000,3725.6000,3725.4000,3725.2000,3727.2000,3727.4000,3727.6000,3727.8000,3728.2000,2,2,1,1,4,4,1,1,1,2
SF,IF2005,2020-04-13 13:08:22.600,3727.4000,11110,0,5004811500.000,0,-,-,-,-,3726.6000,3726.4000,3726.2000,3725.6000,3725.4000,3727.6000,3727.8000,3728.2000,3729.6000,3730.0000,1,2,2,1,1,1,1,2,1,1
SF,IF2005,2020-04-13 13:08:23.100,3727.6000,11111,1,5005929780.000,1,1,0,双开,B,3726.6000,3726.4000,3726.2000,3725.6000,3725.4000,3727.8000,3728.2000,3729.6000,3730.0000,3730.6000,1,2,2,1,1,1,2,1,1,1
SF,IF2005,2020-04-13 13:08:23.600,3727.6000,11111,0,5005929780.000,0,-,-,-,-,3726.6000,3726.4000,3726.2000,3725.6000,3725.4000,3727.6000,3727.8000,3728.2000,3729.6000,3730.0000,1,2,2,1,1,5,1,2,1,1
SF,IF2005,2020-04-13 13:08:24.100,3726.8000,11111,0,5007047820.000,1,0,1,空换,B,3726.6000,3726.4000,3726.2000,3725.6000,3725.4000,3727.6000,3727.8000,3728.2000,3729.6000,3730.0000,1,2,2,1,1,5,1,2,1,1
SF,IF2005,2020-04-13 13:08:24.600,3726.8000,11111,0,5007047820.000,0,-,-,-,-,3726.8000,3726.6000,3726.4000,3726.2000,3725.6000,3727.4000,3727.6000,3727.8000,3728.2000,3729.6000,1,1,2,2,1,1,5,1,2,1
SF,IF2005,2020-04-13 13:08:25.100,3726.8000,11111,0,5007047820.000,0,-,-,-,-,3726.8000,3726.6000,3726.4000,3726.2000,3725.6000,3727.4000,3727.6000,3727.8000,3728.2000,3729.6000,1,1,2,2,1,1,5,1,2,1
SF,IF2005,2020-04-13 13:08:25.600,3726.8000,11111,0,5007047820.000,0,-,-,-,-,3726.8000,3726.6000,3726.4000,3726.2000,3725.6000,3727.4000,3727.6000,3727.8000,3728.2000,3729.6000,1,1,2,2,1,1,5,1,2,1
SF,IF2005,2020-04-13 13:08:26.100,3726.8000,11111,0,5007047820.000,0,-,-,-,-,3726.8000,3726.6000,3726.4000,3726.2000,3725.6000,3727.2000,3727.4000,3727.6000,3727.8000,3728.2000,1,1,2,2,1,4,1,5,1,2
SF,IF2005,2020-04-13 13:08:27.600,3726.8000,11111,0,5007047820.000,0,-,-,-,-,3726.8000,3726.6000,3726.4000,3726.2000,3725.6000,3727.4000,3727.6000,3727.8000,3728.2000,3729.6000,1,1,2,2,1,1,5,1,2,1
SF,IF2005,2020-04-13 13:08:29.100,3726.8000,11112,1,5008165860.000,1,1,0,双开,B,3726.6000,3726.4000,3726.2000,3725.6000,3725.4000,3727.4000,3727.6000,3727.8000,3728.2000,3729.6000,1,2,2,1,1,1,5,1,2,1
SF,IF2005,2020-04-13 13:08:30.100,3726.8000,11112,0,5008165860.000,0,-,-,-,-,3726.6000,3726.4000,3726.2000,3725.6000,3725.4000,3727.4000,3727.6000,3727.8000,3728.2000,3729.6000,1,2,2,1,1,1,5,1,2,1
SF,IF2005,2020-04-13 13:08:30.600,3726.8000,11112,0,5008165860.000,0,-,-,-,-,3726.4000,3726.2000,3725.6000,3725.4000,3725.2000,3727.2000,3727.4000,3727.6000,3727.8000,3728.2000,2,2,1,1,2,1,1,5,1,2
SF,IF2005,2020-04-13 13:08:31.100,3726.8000,11112,0,5008165860.000,0,-,-,-,-,3726.4000,3726.2000,3725.6000,3725.4000,3725.2000,3727.2000,3727.4000,3727.6000,3727.8000,3728.2000,2,2,1,1,2,5,1,5,1,2
SF,IF2005,2020-04-13 13:08:31.600,3726.8000,11112,0,5008165860.000,0,-,-,-,-,3726.2000,3725.4000,3725.2000,3724.2000,3724.0000,3727.0000,3727.2000,3727.4000,3727.6000,3728.2000,1,1,2,3,2,7,6,1,4,2
SF,IF2005,2020-04-13 13:08:32.100,3726.8000,11112,0,5008165860.000,0,-,-,-,-,3726.2000,3725.4000,3725.2000,3724.2000,3724.0000,3727.0000,3727.2000,3727.4000,3727.6000,3728.2000,1,1,2,3,2,7,5,1,4,2
SF,IF2005,2020-04-13 13:08:32.600,3726.2000,11113,1,5009283720.000,1,1,0,双开,B,3725.4000,3725.2000,3724.2000,3724.0000,3723.8000,3727.0000,3727.2000,3727.4000,3727.6000,3728.2000,1,2,3,2,1,7,5,1,4,2
SF,IF2005,2020-04-13 13:08:33.100,3726.2000,11113,0,5009283720.000,0,-,-,-,-,3726.0000,3725.8000,3725.6000,3725.4000,3725.2000,3726.4000,3726.8000,3727.0000,3727.2000,3727.4000,1,1,1,1,2,1,1,2,4,1
SF,IF2005,2020-04-13 13:08:33.600,3726.4000,11114,1,5010401640.000,1,1,0,双开,B,3726.0000,3725.8000,3725.6000,3725.4000,3725.2000,3726.8000,3727.0000,3727.2000,3727.4000,3728.2000,1,1,1,1,2,1,2,4,1,2
SF,IF2005,2020-04-13 13:08:34.100,3726.4000,11114,0,5010401640.000,0,-,-,-,-,3726.0000,3725.8000,3725.6000,3725.4000,3725.2000,3726.8000,3727.0000,3727.2000,3727.4000,3728.2000,1,1,1,1,2,1,2,4,1,2
SF,IF2005,2020-04-13 13:08:34.600,3726.4000,11114,0,5010401640.000,0,-,-,-,-,3726.0000,3725.8000,3725.6000,3725.4000,3725.2000,3726.8000,3727.0000,3727.2000,3727.4000,3728.2000,1,1,1,1,2,1,2,4,1,2
SF,IF2005,2020-04-13 13:08:35.100,3726.4000,11114,0,5010401640.000,0,-,-,-,-,3725.8000,3725.6000,3725.4000,3725.2000,3724.2000,3726.6000,3726.8000,3727.0000,3727.2000,3727.4000,1,1,1,1,3,4,1,2,4,1
SF,IF2005,2020-04-13 13:08:35.600,3726.6000,11115,1,5011519620.000,1,1,0,双开,B,3725.6000,3725.4000,3725.2000,3724.2000,3724.0000,3726.6000,3726.8000,3727.0000,3727.2000,3727.4000,1,1,1,3,2,3,1,2,4,1
SF,IF2005,2020-04-13 13:08:36.100,3726.6000,11115,0,5011519620.000,0,-,-,-,-,3725.6000,3725.4000,3724.2000,3724.0000,3723.8000,3726.4000,3726.6000,3727.0000,3727.2000,3727.4000,1,1,3,2,1,1,3,2,4,1
SF,IF2005,2020-04-13 13:08:36.600,3726.6000,11115,0,5011519620.000,0,-,-,-,-,3725.6000,3725.4000,3724.2000,3724.0000,3723.8000,3726.4000,3726.6000,3727.0000,3727.2000,3727.4000,1,1,3,2,1,2,3,2,4,1
SF,IF2005,2020-04-13 13:08:37.100,3726.6000,11120,5,5017109520.000,5,5,0,双开,B,3725.6000,3725.4000,3724.2000,3724.0000,3723.8000,3727.0000,3727.2000,3728.2000,3729.6000,3730.0000,1,1,3,2,1,2,4,2,1,1
SF,IF2005,2020-04-13 13:08:37.600,3726.6000,11120,0,5017109520.000,0,-,-,-,-,3725.6000,3725.4000,3724.2000,3724.0000,3723.8000,3726.8000,3727.0000,3727.2000,3728.2000,3729.6000,1,1,3,2,1,1,2,4,2,1
SF,IF2005,2020-04-13 13:08:38.100,3726.4000,11120,0,5018227440.000,1,0,1,空换,B,3725.8000,3725.6000,3725.4000,3724.2000,3724.0000,3726.6000,3726.8000,3727.0000,3727.2000,3728.2000,1,1,1,3,2,1,1,1,4,2
SF,IF2005,2020-04-13 13:08:38.600,3726.4000,11120,0,5018227440.000,0,-,-,-,-,3725.8000,3725.4000,3724.2000,3724.0000,3723.8000,3726.6000,3726.8000,3727.0000,3727.2000,3728.2000,1,1,3,2,1,2,1,1,4,2
SF,IF2005,2020-04-13 13:08:39.100,3725.8000,11121,1,5019345180.000,1,1,0,双开,B,3725.4000,3724.2000,3724.0000,3723.8000,3722.8000,3726.2000,3726.4000,3726.6000,3726.8000,3727.0000,1,2,2,1,2,5,1,2,1,1
SF,IF2005,2020-04-13 13:08:39.600,3725.8000,11121,0,5019345180.000,0,-,-,-,-,3725.4000,3724.2000,3724.0000,3723.8000,3722.8000,3726.6000,3726.8000,3727.0000,3727.2000,3729.6000,1,2,2,1,2,2,1,1,4,1
SF,IF2005,2020-04-13 13:08:40.100,3725.8000,11121,0,5019345180.000,0,-,-,-,-,3726.2000,3725.6000,3725.4000,3724.2000,3724.0000,3726.6000,3726.8000,3727.0000,3727.2000,3729.6000,1,1,1,2,2,2,1,1,4,1
SF,IF2005,2020-04-13 13:08:40.600,3726.2000,11122,1,5020463040.000,1,1,0,双开,B,3725.4000,3724.2000,3724.0000,3723.8000,3722.8000,3726.4000,3726.6000,3726.8000,3727.0000,3729.6000,1,2,2,1,2,2,3,1,1,1
SF,IF2005,2020-04-13 13:08:41.100,3726.2000,11122,0,5020463040.000,0,-,-,-,-,3725.4000,3724.2000,3724.0000,3723.8000,3722.8000,3726.0000,3726.2000,3726.4000,3726.6000,3726.8000,1,2,2,1,2,4,7,2,2,1
SF,IF2005,2020-04-13 13:08:41.600,3726.2000,11122,0,5020463040.000,0,-,-,-,-,3725.4000,3724.2000,3724.0000,3723.8000,3722.8000,3726.2000,3726.4000,3726.6000,3727.0000,3729.6000,1,2,2,1,2,2,2,2,1,1
SF,IF2005,2020-04-13 13:08:42.100,3726.2000,11122,0,5020463040.000,0,-,-,-,-,3725.4000,3724.2000,3724.0000,3723.8000,3722.8000,3726.0000,3726.2000,3726.4000,3726.6000,3727.0000,1,2,2,1,2,4,2,2,2,1
SF,IF2005,2020-04-13 13:08:42.600,3726.2000,11122,0,5020463040.000,0,-,-,-,-,3725.4000,3724.2000,3724.0000,3723.8000,3722.8000,3726.0000,3726.2000,3726.4000,3726.6000,3727.0000,1,2,2,1,2,4,3,1,2,1
SF,IF2005,2020-04-13 13:08:43.100,3726.2000,11122,0,5020463040.000,0,-,-,-,-,3725.4000,3724.2000,3724.0000,3723.8000,3722.8000,3726.2000,3726.4000,3726.6000,3727.0000,3729.6000,1,2,2,1,2,2,1,2,1,1
SF,IF2005,2020-04-13 13:08:43.600,3726.2000,11122,0,5020463040.000,0,-,-,-,-,3725.4000,3724.2000,3724.0000,3723.8000,3722.8000,3725.8000,3726.0000,3726.2000,3726.4000,3726.6000,1,2,2,1,2,4,1,2,1,2
SF,IF2005,2020-04-13 13:08:44.100,3725.4000,11125,3,5023816140.000,3,3,0,双开,B,3724.2000,3724.0000,3723.8000,3723.4000,3722.8000,3725.6000,3725.8000,3726.0000,3726.2000,3726.4000,2,2,1,1,2,1,7,1,1,1
SF,IF2005,2020-04-13 13:08:44.600,3725.6000,11126,1,5024933820.000,1,1,0,双开,B,3725.0000,3724.8000,3724.6000,3724.4000,3724.2000,3726.4000,3726.6000,3727.0000,3729.6000,3730.0000,1,1,1,5,2,1,2,1,1,1
SF,IF2005,2020-04-13 13:08:45.100,3725.2000,11125,-1,5026051380.000,1,0,1,双平,B,3725.2000,3725.0000,3724.4000,3724.0000,3723.8000,3726.4000,3726.6000,3727.0000,3729.6000,3730.0000,1,1,4,2,1,1,2,1,1,1
SF,IF2005,2020-04-13 13:08:45.600,3725.2000,11125,0,5026051380.000,0,-,-,-,-,3725.2000,3725.0000,3724.4000,3724.0000,3723.8000,3725.8000,3726.0000,3726.2000,3726.4000,3726.6000,1,1,2,2,1,2,6,3,1,1
SF,IF2005,2020-04-13 13:08:46.100,3725.2000,11125,0,5026051380.000,0,-,-,-,-,3725.2000,3725.0000,3724.4000,3724.0000,3723.8000,3726.2000,3726.4000,3726.6000,3727.0000,3729.6000,1,1,2,2,1,3,1,1,1,1
SF,IF2005,2020-04-13 13:08:46.600,3725.2000,11125,0,5026051380.000,0,-,-,-,-,3725.2000,3725.0000,3724.4000,3724.0000,3723.8000,3726.2000,3726.4000,3726.6000,3727.0000,3729.6000,1,1,1,2,1,3,1,1,1,1
SF,IF2005,2020-04-13 13:08:47.100,3725.2000,11125,0,5026051380.000,0,-,-,-,-,3725.2000,3725.0000,3724.4000,3724.0000,3723.8000,3725.8000,3726.2000,3726.4000,3726.6000,3727.0000,1,1,1,2,1,1,3,1,1,1
SF,IF2005,2020-04-13 13:08:47.600,3725.2000,11125,0,5026051380.000,0,-,-,-,-,3725.2000,3725.0000,3724.4000,3724.0000,3723.8000,3726.0000,3726.2000,3726.4000,3726.6000,3727.0000,1,1,1,2,1,2,3,1,1,1
SF,IF2005,2020-04-13 13:08:48.100,3725.2000,11125,0,5026051380.000,0,-,-,-,-,3725.2000,3725.0000,3724.4000,3724.0000,3723.8000,3726.2000,3726.4000,3726.6000,3727.0000,3729.6000,1,1,1,2,1,3,1,1,1,1
SF,IF2005,2020-04-13 13:08:49.100,3725.2000,11125,0,5026051380.000,0,-,-,-,-,3725.2000,3725.0000,3724.4000,3724.0000,3723.8000,3726.0000,3726.2000,3726.4000,3726.6000,3727.0000,1,1,1,2,1,1,3,1,1,1
SF,IF2005,2020-04-13 13:08:51.600,3725.2000,11125,0,5026051380.000,0,-,-,-,-,3725.2000,3725.0000,3724.4000,3724.0000,3723.8000,3725.8000,3726.0000,3726.2000,3726.4000,3726.6000,1,1,1,2,1,2,2,3,1,1
SF,IF2005,2020-04-13 13:08:52.100,3725.2000,11125,0,5026051380.000,0,-,-,-,-,3725.0000,3724.4000,3724.0000,3723.8000,3723.4000,3725.8000,3726.0000,3726.2000,3726.4000,3726.6000,1,1,2,1,1,2,2,3,1,1
SF,IF2005,2020-04-13 13:08:52.600,3725.2000,11125,0,5026051380.000,0,-,-,-,-,3725.0000,3724.0000,3723.8000,3723.4000,3723.0000,3725.8000,3726.0000,3726.2000,3726.4000,3726.6000,1,2,1,1,2,2,1,3,1,1
SF,IF2005,2020-04-13 13:08:53.100,3725.2000,11125,0,5026051380.000,0,-,-,-,-,3725.0000,3724.0000,3723.8000,3723.4000,3723.0000,3726.2000,3726.4000,3726.6000,3727.0000,3729.6000,1,2,1,1,2,3,1,1,1,1
SF,IF2005,2020-04-13 13:08:55.100,3725.2000,11125,0,5026051380.000,0,-,-,-,-,3725.0000,3724.0000,3723.8000,3723.4000,3723.0000,3726.0000,3726.2000,3726.4000,3726.6000,3727.0000,1,2,1,1,2,2,3,1,1,1
SF,IF2005,2020-04-13 13:08:55.600,3725.2000,11125,0,5026051380.000,0,-,-,-,-,3725.0000,3724.0000,3723.8000,3723.4000,3723.0000,3725.8000,3726.0000,3726.2000,3726.4000,3726.6000,1,2,1,1,2,1,2,2,1,1
SF,IF2005,2020-04-13 13:08:56.100,3725.8000,11125,0,5027169120.000,1,0,1,空换,B,3725.0000,3724.0000,3723.8000,3723.4000,3723.0000,3726.2000,3726.4000,3726.6000,3727.0000,3729.6000,1,2,1,1,2,2,1,1,1,1
SF,IF2005,2020-04-13 13:08:56.600,3725.8000,11125,0,5027169120.000,0,-,-,-,-,3725.2000,3725.0000,3724.0000,3723.8000,3723.4000,3726.2000,3726.4000,3726.6000,3727.0000,3729.6000,1,1,2,1,1,2,1,1,1,1
SF,IF2005,2020-04-13 13:08:57.100,3725.8000,11125,0,5027169120.000,0,-,-,-,-,3725.2000,3725.0000,3724.0000,3723.8000,3723.4000,3726.0000,3726.2000,3726.4000,3726.6000,3727.0000,1,1,2,1,1,2,2,1,1,1
SF,IF2005,2020-04-13 13:08:57.600,3725.8000,11125,0,5027169120.000,0,-,-,-,-,3725.2000,3725.0000,3724.0000,3723.8000,3723.4000,3726.2000,3726.4000,3726.6000,3727.0000,3729.6000,1,1,2,1,1,2,1,1,1,1
SF,IF2005,2020-04-13 13:08:59.100,3725.8000,11125,0,5027169120.000,0,-,-,-,-,3725.2000,3725.0000,3724.0000,3723.8000,3723.4000,3726.0000,3726.2000,3726.4000,3726.6000,3727.0000,1,1,2,1,1,2,2,1,1,1
SF,IF2005,2020-04-13 13:09:01.100,3725.8000,11125,0,5027169120.000,0,-,-,-,-,3725.8000,3725.2000,3725.0000,3724.0000,3723.8000,3726.2000,3726.4000,3726.6000,3727.0000,3729.6000,2,1,1,2,1,2,1,1,1,1
SF,IF2005,2020-04-13 13:09:01.600,3725.8000,11125,0,5027169120.000,0,-,-,-,-,3725.8000,3725.2000,3724.0000,3723.8000,3723.4000,3726.2000,3726.4000,3726.6000,3727.0000,3729.6000,2,1,2,1,1,2,1,1,1,1
SF,IF2005,2020-04-13 13:09:02.100,3725.8000,11126,1,5028286860.000,1,1,0,双开,B,3725.8000,3725.2000,3724.0000,3723.8000,3723.4000,3726.0000,3726.2000,3726.4000,3726.6000,3727.0000,1,1,2,1,1,2,2,1,1,1
SF,IF2005,2020-04-13 13:09:02.600,3725.8000,11127,1,5029404600.000,1,1,0,双开,B,3725.2000,3724.0000,3723.8000,3723.4000,3723.0000,3726.2000,3726.4000,3726.6000,3727.0000,3729.6000,1,2,1,1,2,2,1,1,1,1
SF,IF2005,2020-04-13 13:09:03.100,3725.8000,11127,0,5029404600.000,0,-,-,-,-,3725.2000,3724.0000,3723.8000,3723.4000,3723.0000,3725.8000,3726.0000,3726.2000,3726.4000,3726.6000,1,2,1,1,2,2,2,2,1,1
SF,IF2005,2020-04-13 13:09:03.600,3725.8000,11127,0,5029404600.000,0,-,-,-,-,3725.2000,3724.0000,3723.8000,3723.4000,3723.0000,3726.0000,3726.2000,3726.4000,3726.6000,3727.0000,1,2,1,1,2,1,2,1,1,1
SF,IF2005,2020-04-13 13:09:05.100,3725.8000,11127,0,5029404600.000,0,-,-,-,-,3725.2000,3724.0000,3723.8000,3723.4000,3723.0000,3725.8000,3726.0000,3726.2000,3726.4000,3726.6000,1,2,1,1,2,2,3,1,1,1
SF,IF2005,2020-04-13 13:09:05.600,3725.8000,11127,0,5029404600.000,0,-,-,-,-,3724.0000,3723.8000,3723.4000,3723.0000,3722.8000,3725.8000,3726.0000,3726.2000,3726.4000,3726.6000,2,1,1,2,2,2,3,1,1,1
SF,IF2005,2020-04-13 13:09:06.100,3725.8000,11127,0,5029404600.000,0,-,-,-,-,3724.4000,3724.2000,3724.0000,3723.8000,3723.4000,3725.8000,3726.0000,3726.4000,3726.6000,3727.0000,2,2,2,1,1,2,2,1,1,1
SF,IF2005,2020-04-13 13:09:06.600,3725.8000,11127,0,5029404600.000,0,-,-,-,-,3724.8000,3724.6000,3724.4000,3724.2000,3724.0000,3725.6000,3725.8000,3726.0000,3726.4000,3726.6000,1,1,1,1,2,1,2,1,1,1
SF,IF2005,2020-04-13 13:09:09.100,3724.8000,11128,1,5030522040.000,1,1,0,双开,B,3724.6000,3724.4000,3724.2000,3724.0000,3723.8000,3725.6000,3725.8000,3726.0000,3726.4000,3726.6000,1,1,1,2,1,1,2,1,1,1
SF,IF2005,2020-04-13 13:09:10.600,3724.8000,11128,0,5030522040.000,0,-,-,-,-,3724.6000,3724.4000,3724.2000,3724.0000,3723.8000,3725.6000,3725.8000,3726.0000,3726.4000,3726.6000,1,1,1,2,1,1,2,1,1,1
SF,IF2005,2020-04-13 13:09:11.100,3724.8000,11128,0,5030522040.000,0,-,-,-,-,3724.4000,3724.2000,3724.0000,3723.8000,3723.4000,3725.4000,3725.6000,3725.8000,3726.0000,3726.4000,1,1,2,1,1,1,1,2,1,1
SF,IF2005,2020-04-13 13:09:11.600,3725.4000,11127,-1,5031639660.000,1,0,1,双平,B,3724.4000,3724.2000,3724.0000,3723.8000,3723.4000,3725.6000,3725.8000,3726.0000,3726.4000,3726.6000,1,1,2,1,1,1,2,1,1,1
SF,IF2005,2020-04-13 13:09:12.100,3725.4000,11127,0,5031639660.000,0,-,-,-,-,3724.6000,3724.4000,3724.2000,3724.0000,3723.8000,3725.6000,3725.8000,3726.0000,3726.4000,3726.6000,1,1,1,2,1,1,2,1,1,1
SF,IF2005,2020-04-13 13:09:13.600,3724.6000,11127,0,5032757040.000,1,0,1,空换,B,3724.4000,3724.2000,3724.0000,3723.8000,3723.4000,3725.6000,3725.8000,3726.0000,3726.4000,3726.6000,1,1,2,1,1,1,2,1,1,1
SF,IF2005,2020-04-13 13:09:14.100,3725.6000,11126,-1,5033874720.000,1,0,1,双平,B,3724.6000,3724.4000,3724.2000,3724.0000,3723.8000,3725.8000,3726.0000,3726.4000,3726.6000,3727.0000,1,1,1,2,1,2,1,1,1,1
SF,IF2005,2020-04-13 13:09:15.600,3725.6000,11126,0,5033874720.000,0,-,-,-,-,3724.6000,3724.4000,3724.2000,3724.0000,3723.8000,3726.4000,3726.6000,3727.0000,3729.6000,3730.0000,1,1,1,2,1,1,1,1,1,1
SF,IF2005,2020-04-13 13:09:16.100,3725.6000,11126,0,5033874720.000,0,-,-,-,-,3724.6000,3724.4000,3724.2000,3724.0000,3723.8000,3725.8000,3726.0000,3726.2000,3726.4000,3726.6000,1,1,1,2,1,2,8,2,1,1
SF,IF2005,2020-04-13 13:09:16.600,3725.6000,11126,0,5033874720.000,0,-,-,-,-,3724.6000,3724.4000,3724.2000,3724.0000,3723.8000,3725.8000,3726.0000,3726.2000,3726.4000,3726.6000,1,1,1,2,1,7,8,2,1,1
SF,IF2005,2020-04-13 13:09:17.100,3725.6000,11126,0,5033874720.000,0,-,-,-,-,3724.6000,3724.4000,3724.2000,3724.0000,3723.8000,3725.6000,3725.8000,3726.0000,3726.2000,3726.4000,1,1,1,2,1,1,7,8,1,1
SF,IF2005,2020-04-13 13:09:17.600,3725.6000,11126,0,5033874720.000,0,-,-,-,-,3724.6000,3724.4000,3724.2000,3724.0000,3723.8000,3725.6000,3725.8000,3726.0000,3726.2000,3726.4000,1,1,1,2,1,1,7,7,1,1
SF,IF2005,2020-04-13 13:09:18.100,3725.6000,11126,0,5033874720.000,0,-,-,-,-,3724.6000,3724.4000,3724.2000,3724.0000,3723.8000,3725.6000,3725.8000,3726.0000,3726.2000,3726.4000,1,1,1,2,1,1,7,6,1,1
SF,IF2005,2020-04-13 13:09:18.600,3725.6000,11126,0,5033874720.000,0,-,-,-,-,3724.6000,3724.4000,3724.2000,3724.0000,3723.8000,3725.6000,3725.8000,3726.0000,3726.2000,3726.4000,1,1,1,2,1,1,2,6,1,1
SF,IF2005,2020-04-13 13:09:19.100,3724.8000,11126,0,5034992160.000,1,0,1,空换,B,3724.6000,3724.4000,3724.2000,3724.0000,3723.8000,3725.6000,3725.8000,3726.0000,3726.2000,3726.4000,1,1,1,2,1,1,2,6,1,1
SF,IF2005,2020-04-13 13:09:19.600,3724.8000,11126,0,5034992160.000,0,-,-,-,-,3724.8000,3724.6000,3724.4000,3724.2000,3724.0000,3725.6000,3725.8000,3726.0000,3726.2000,3726.4000,1,1,1,1,2,1,2,6,1,1
SF,IF2005,2020-04-13 13:09:20.100,3724.8000,11126,0,5034992160.000,0,-,-,-,-,3724.8000,3724.6000,3724.4000,3724.2000,3724.0000,3725.4000,3725.6000,3725.8000,3726.0000,3726.2000,1,1,1,1,2,1,1,2,6,1
SF,IF2005,2020-04-13 13:09:20.600,3724.8000,11126,0,5034992160.000,0,-,-,-,-,3724.8000,3724.6000,3724.4000,3724.2000,3724.0000,3725.4000,3725.6000,3726.2000,3726.4000,3726.6000,1,1,1,1,2,1,1,1,1,1
SF,IF2005,2020-04-13 13:09:22.600,3725.4000,11126,0,5036109780.000,1,0,1,空换,B,3725.4000,3724.8000,3724.6000,3724.4000,3724.2000,3725.6000,3726.2000,3726.4000,3726.6000,3727.0000,1,1,1,1,1,1,1,1,1,1
SF,IF2005,2020-04-13 13:09:23.600,3725.6000,11126,0,5037227460.000,1,0,1,空换,B,3724.8000,3724.6000,3724.2000,3724.0000,3723.8000,3726.2000,3726.4000,3726.6000,3727.0000,3729.6000,1,1,1,2,1,1,1,1,1,1
SF,IF2005,2020-04-13 13:09:24.100,3725.6000,11126,0,5037227460.000,0,-,-,-,-,3725.6000,3725.0000,3724.8000,3724.0000,3723.8000,3726.0000,3726.2000,3726.4000,3726.6000,3727.0000,1,2,1,2,1,2,1,1,1,1
SF,IF2005,2020-04-13 13:09:24.600,3725.6000,11126,0,5037227460.000,0,-,-,-,-,3725.6000,3725.0000,3724.8000,3724.0000,3723.8000,3726.0000,3726.2000,3726.4000,3726.6000,3727.0000,1,3,1,2,1,2,1,1,1,1
SF,IF2005,2020-04-13 13:09:25.100,3726.0000,11127,1,5038345260.000,1,1,0,双开,B,3725.0000,3724.8000,3724.0000,3723.8000,3723.4000,3726.0000,3726.2000,3726.4000,3726.6000,3727.0000,3,1,2,1,1,2,1,1,1,1
SF,IF2005,2020-04-13 13:09:25.600,3726.0000,11127,0,5038345260.000,0,-,-,-,-,3725.0000,3724.8000,3724.0000,3723.8000,3723.4000,3726.0000,3726.2000,3726.4000,3726.6000,3727.0000,3,1,2,1,1,2,1,1,1,1
SF,IF2005,2020-04-13 13:09:26.100,3726.0000,11127,0,5038345260.000,0,-,-,-,-,3725.0000,3724.8000,3724.0000,3723.8000,3723.4000,3726.0000,3726.2000,3726.4000,3726.6000,3727.0000,3,1,2,1,1,3,1,1,1,1
SF,IF2005,2020-04-13 13:09:27.100,3726.0000,11127,0,5038345260.000,0,-,-,-,-,3725.0000,3724.8000,3724.0000,3723.8000,3723.4000,3726.0000,3726.2000,3726.4000,3726.6000,3727.0000,2,1,2,1,1,3,1,1,1,1
SF,IF2005,2020-04-13 13:09:27.600,3726.0000,11127,0,5038345260.000,0,-,-,-,-,3725.0000,3724.8000,3724.0000,3723.8000,3723.4000,3725.8000,3726.0000,3726.2000,3726.4000,3726.6000,2,1,2,1,1,1,2,1,1,1
SF,IF2005,2020-04-13 13:09:28.100,3726.0000,11127,0,5038345260.000,0,-,-,-,-,3725.0000,3724.8000,3724.0000,3723.8000,3723.4000,3725.8000,3726.0000,3726.2000,3726.4000,3726.6000,2,1,2,1,1,2,2,1,1,1
SF,IF2005,2020-04-13 13:09:28.600,3726.0000,11127,0,5038345260.000,0,-,-,-,-,3725.0000,3724.8000,3724.0000,3723.8000,3723.4000,3725.8000,3726.2000,3726.4000,3726.6000,3727.0000,2,1,2,1,1,2,1,1,1,1
SF,IF2005,2020-04-13 13:09:29.100,3726.0000,11127,0,5038345260.000,0,-,-,-,-,3725.0000,3724.8000,3724.0000,3723.8000,3723.4000,3725.8000,3726.2000,3726.4000,3726.6000,3727.0000,2,1,2,1,1,2,1,1,1,1
SF,IF2005,2020-04-13 13:09:31.100,3726.0000,11127,0,5038345260.000,0,-,-,-,-,3725.0000,3724.8000,3724.0000,3723.8000,3723.4000,3725.8000,3726.2000,3726.4000,3726.6000,3727.0000,2,1,2,1,1,1,1,1,1,1
SF,IF2005,2020-04-13 13:09:32.100,3726.0000,11127,0,5038345260.000,0,-,-,-,-,3725.0000,3724.8000,3724.0000,3723.8000,3723.4000,3725.8000,3726.2000,3726.4000,3726.6000,3727.0000,1,1,2,1,1,1,1,1,1,1
SF,IF2005,2020-04-13 13:09:32.600,3726.0000,11127,0,5038345260.000,0,-,-,-,-,3725.0000,3724.8000,3724.0000,3723.8000,3723.4000,3725.6000,3725.8000,3726.2000,3726.4000,3726.6000,1,1,2,1,1,1,1,1,1,1
SF,IF2005,2020-04-13 13:09:33.100,3726.0000,11127,0,5038345260.000,0,-,-,-,-,3725.0000,3724.8000,3724.0000,3723.8000,3723.4000,3725.6000,3726.2000,3726.4000,3726.6000,3727.0000,1,1,2,1,1,2,1,1,1,1
SF,IF2005,2020-04-13 13:09:33.600,3725.6000,11128,1,5039462940.000,1,1,0,双开,B,3725.0000,3724.8000,3724.0000,3723.8000,3723.4000,3725.6000,3726.2000,3726.4000,3726.6000,3727.0000,1,1,2,1,1,1,1,1,1,1
SF,IF2005,2020-04-13 13:09:39.600,3725.6000,11129,1,5040580620.000,1,1,0,双开,B,3725.0000,3724.8000,3724.0000,3723.8000,3723.4000,3726.2000,3726.4000,3726.6000,3727.0000,3729.6000,1,1,2,1,1,1,1,1,1,1
SF,IF2005,2020-04-13 13:09:40.100,3725.0000,11129,0,5041698120.000,1,0,1,空换,B,3724.8000,3724.0000,3723.8000,3723.4000,3723.0000,3725.6000,3726.0000,3726.2000,3726.4000,3726.6000,1,2,1,1,2,5,6,1,1,1
SF,IF2005,2020-04-13 13:09:40.600,3725.0000,11129,0,5041698120.000,0,-,-,-,-,3724.8000,3724.0000,3723.8000,3723.4000,3723.0000,3726.0000,3726.2000,3726.4000,3726.6000,3727.0000,1,2,1,1,2,4,1,1,1,1
SF,IF2005,2020-04-13 13:09:41.600,3725.0000,11129,0,5041698120.000,0,-,-,-,-,3724.8000,3724.0000,3723.8000,3723.4000,3723.0000,3725.4000,3725.6000,3725.8000,3726.0000,3726.4000,1,2,1,1,2,5,2,3,2,1
SF,IF2005,2020-04-13 13:09:42.600,3725.0000,11129,0,5041698120.000,0,-,-,-,-,3724.8000,3724.0000,3723.8000,3723.4000,3723.0000,3725.6000,3725.8000,3726.0000,3726.4000,3726.6000,1,2,1,1,2,2,3,2,1,1
SF,IF2005,2020-04-13 13:09:44.100,3725.0000,11129,0,5041698120.000,0,-,-,-,-,3724.8000,3724.0000,3723.8000,3723.4000,3723.0000,3725.6000,3725.8000,3726.0000,3726.4000,3726.6000,1,2,1,1,2,3,3,2,1,1
SF,IF2005,2020-04-13 13:09:46.600,3725.0000,11129,0,5041698120.000,0,-,-,-,-,3724.8000,3724.0000,3723.8000,3723.4000,3723.0000,3725.6000,3725.8000,3726.0000,3726.4000,3726.6000,2,2,1,1,2,3,3,2,1,1
SF,IF2005,2020-04-13 13:09:49.600,3725.0000,11129,0,5041698120.000,0,-,-,-,-,3724.8000,3724.0000,3723.8000,3723.4000,3723.0000,3725.4000,3725.6000,3725.8000,3726.0000,3726.4000,2,2,1,1,2,1,3,2,2,1
SF,IF2005,2020-04-13 13:09:50.100,3724.8000,11130,1,5042815560.000,1,1,0,双开,B,3724.8000,3724.0000,3723.8000,3723.4000,3723.0000,3725.4000,3725.6000,3725.8000,3726.0000,3726.4000,1,2,1,1,2,1,3,2,2,1
SF,IF2005,2020-04-13 13:09:50.600,3724.8000,11130,0,5043933000.000,1,0,1,空换,B,3724.0000,3723.8000,3723.4000,3723.0000,3722.0000,3724.8000,3725.2000,3725.4000,3725.6000,3725.8000,2,1,1,2,5,1,7,1,2,2
SF,IF2005,2020-04-13 13:09:51.100,3724.8000,11130,0,5043933000.000,0,-,-,-,-,3724.0000,3723.8000,3723.4000,3723.0000,3722.0000,3724.8000,3725.0000,3725.2000,3725.4000,3725.6000,2,1,1,2,5,1,5,6,1,1
SF,IF2005,2020-04-13 13:09:51.600,3724.8000,11130,0,5043933000.000,0,-,-,-,-,3724.0000,3723.8000,3723.4000,3723.0000,3722.0000,3724.4000,3724.6000,3725.0000,3725.2000,3725.6000,2,1,1,2,5,1,1,5,6,1
SF,IF2005,2020-04-13 13:09:52.100,3724.8000,11130,0,5043933000.000,0,-,-,-,-,3724.0000,3723.8000,3723.4000,3723.0000,3722.0000,3724.4000,3724.6000,3725.0000,3725.2000,3725.6000,2,1,1,2,1,6,1,5,6,1
SF,IF2005,2020-04-13 13:09:52.600,3724.8000,11130,0,5043933000.000,0,-,-,-,-,3724.0000,3723.8000,3723.4000,3722.0000,3721.0000,3724.6000,3725.0000,3725.2000,3725.6000,3725.8000,2,1,1,1,2,1,5,6,1,1
SF,IF2005,2020-04-13 13:09:53.100,3724.2000,11130,0,5045050260.000,1,0,1,空换,B,3724.0000,3723.8000,3723.4000,3722.0000,3721.4000,3724.6000,3725.0000,3725.2000,3725.6000,3725.8000,2,1,1,1,2,1,5,6,1,1
SF,IF2005,2020-04-13 13:09:55.100,3724.2000,11130,0,5045050260.000,0,-,-,-,-,3724.0000,3723.8000,3723.4000,3722.0000,3721.4000,3725.0000,3725.2000,3725.6000,3725.8000,3726.0000,2,1,1,1,2,5,6,1,1,1
SF,IF2005,2020-04-13 13:09:56.100,3724.2000,11130,0,5045050260.000,0,-,-,-,-,3724.0000,3723.8000,3723.4000,3722.0000,3721.4000,3725.2000,3725.6000,3725.8000,3726.0000,3726.4000,2,1,1,1,2,6,1,1,1,1
SF,IF2005,2020-04-13 13:09:56.600,3724.2000,11130,0,5045050260.000,0,-,-,-,-,3724.2000,3724.0000,3723.8000,3723.4000,3722.0000,3725.2000,3725.6000,3725.8000,3726.0000,3726.4000,1,2,1,1,1,6,1,1,1,1
SF,IF2005,2020-04-13 13:09:57.600,3725.2000,11129,-1,5046167820.000,1,0,1,双平,B,3724.2000,3724.0000,3723.8000,3723.4000,3722.0000,3725.0000,3725.2000,3725.6000,3725.8000,3726.0000,1,2,1,1,1,1,5,1,1,1
SF,IF2005,2020-04-13 13:09:58.100,3725.2000,11129,0,5046167820.000,0,-,-,-,-,3724.2000,3724.0000,3723.8000,3723.4000,3722.0000,3725.0000,3725.2000,3725.6000,3725.8000,3726.0000,1,2,1,1,1,1,5,1,1,1
SF,IF2005,2020-04-13 13:10:00.600,3725.2000,11129,0,5046167820.000,0,-,-,-,-,3724.2000,3724.0000,3723.8000,3723.4000,3722.0000,3725.0000,3725.2000,3725.6000,3725.8000,3726.0000,1,2,1,1,1,1,5,1,1,1
SF,IF2005,2020-04-13 13:10:01.600,3725.2000,11131,2,5048402940.000,2,2,0,双开,B,3724.2000,3724.0000,3723.8000,3723.4000,3722.0000,3725.2000,3725.6000,3725.8000,3726.0000,3726.4000,1,2,1,1,1,4,1,1,1,1
SF,IF2005,2020-04-13 13:10:02.100,3725.2000,11131,0,5048402940.000,0,-,-,-,-,3724.4000,3724.2000,3724.0000,3723.8000,3723.4000,3725.2000,3725.6000,3725.8000,3726.0000,3726.4000,1,1,2,1,1,4,1,1,1,1
SF,IF2005,2020-04-13 13:10:02.600,3724.4000,11131,0,5049520260.000,1,0,1,空换,B,3724.2000,3724.0000,3723.8000,3723.4000,3722.0000,3725.2000,3725.6000,3725.8000,3726.0000,3726.4000,1,2,1,1,1,4,1,1,1,1
SF,IF2005,2020-04-13 13:10:03.100,3724.4000,11131,0,5049520260.000,0,-,-,-,-,3724.2000,3724.0000,3723.8000,3723.4000,3722.0000,3725.6000,3725.8000,3726.0000,3726.4000,3726.6000,1,2,1,1,1,1,1,1,1,1
SF,IF2005,2020-04-13 13:10:03.600,3724.4000,11131,0,5049520260.000,0,-,-,-,-,3724.4000,3724.2000,3724.0000,3723.8000,3723.4000,3725.2000,3725.4000,3725.6000,3725.8000,3726.0000,1,1,2,1,1,5,2,1,1,1
SF,IF2005,2020-04-13 13:10:04.100,3724.4000,11131,0,5049520260.000,0,-,-,-,-,3724.4000,3724.2000,3724.0000,3723.8000,3723.4000,3725.4000,3725.6000,3725.8000,3726.0000,3726.4000,1,1,2,1,1,2,1,1,1,1
SF,IF2005,2020-04-13 13:10:05.100,3725.4000,11131,0,5050637880.000,1,0,1,空换,B,3724.6000,3724.4000,3724.0000,3723.8000,3723.4000,3725.6000,3725.8000,3726.0000,3726.4000,3726.6000,1,2,2,1,1,1,1,1,1,1
SF,IF2005,2020-04-13 13:10:05.600,3725.4000,11131,0,5050637880.000,0,-,-,-,-,3724.6000,3724.4000,3724.0000,3723.8000,3723.4000,3725.6000,3725.8000,3726.0000,3726.4000,3726.6000,1,2,2,1,1,1,1,1,1,1
SF,IF2005,2020-04-13 13:10:06.100,3725.4000,11131,0,5050637880.000,0,-,-,-,-,3724.6000,3724.4000,3724.0000,3723.8000,3723.4000,3725.6000,3725.8000,3726.0000,3726.4000,3726.6000,1,2,2,1,1,2,1,1,1,1
SF,IF2005,2020-04-13 13:10:06.600,3725.4000,11131,0,5050637880.000,0,-,-,-,-,3724.6000,3724.4000,3724.0000,3723.8000,3723.4000,3725.4000,3725.6000,3725.8000,3726.0000,3726.4000,1,2,2,1,1,1,1,1,1,1
SF,IF2005,2020-04-13 13:10:07.100,3725.4000,11131,0,5050637880.000,0,-,-,-,-,3724.6000,3724.4000,3724.0000,3723.8000,3723.4000,3725.6000,3725.8000,3726.0000,3726.4000,3726.6000,1,1,2,1,1,1,1,1,1,1
SF,IF2005,2020-04-13 13:10:07.600,3725.4000,11131,0,5050637880.000,0,-,-,-,-,3724.8000,3724.6000,3724.0000,3723.8000,3723.4000,3725.6000,3725.8000,3726.0000,3726.4000,3726.6000,1,1,2,1,1,1,1,1,1,1
SF,IF2005,2020-04-13 13:10:08.100,3725.4000,11131,0,5050637880.000,0,-,-,-,-,3724.8000,3724.6000,3724.0000,3723.8000,3723.4000,3725.6000,3725.8000,3726.0000,3726.4000,3726.6000,1,1,2,1,1,1,1,1,1,1
SF,IF2005,2020-04-13 13:10:08.600,3725.4000,11131,0,5050637880.000,0,-,-,-,-,3724.6000,3724.0000,3723.8000,3723.4000,3722.4000,3725.6000,3725.8000,3726.0000,3726.4000,3726.6000,1,2,1,1,1,1,1,1,1,1
SF,IF2005,2020-04-13 13:10:09.100,3725.4000,11131,0,5050637880.000,0,-,-,-,-,3724.6000,3724.0000,3723.8000,3723.4000,3722.4000,3725.6000,3725.8000,3726.0000,3726.4000,3726.6000,1,2,1,1,1,2,1,1,1,1
SF,IF2005,2020-04-13 13:10:09.600,3725.4000,11131,0,5050637880.000,0,-,-,-,-,3724.6000,3724.0000,3723.8000,3723.4000,3722.4000,3725.6000,3725.8000,3726.0000,3726.4000,3726.6000,1,2,1,1,1,1,1,1,1,1
SF,IF2005,2020-04-13 13:10:10.100,3725.4000,11131,0,5050637880.000,0,-,-,-,-,3724.6000,3724.0000,3723.8000,3723.4000,3722.4000,3725.4000,3725.6000,3725.8000,3726.0000,3726.4000,1,2,1,1,1,5,1,1,1,1
SF,IF2005,2020-04-13 13:10:10.600,3725.4000,11131,0,5050637880.000,0,-,-,-,-,3724.6000,3724.0000,3723.8000,3723.4000,3722.4000,3725.4000,3725.6000,3725.8000,3726.0000,3726.4000,1,2,1,1,1,5,1,1,1,1
SF,IF2005,2020-04-13 13:10:11.100,3725.4000,11131,0,5050637880.000,0,-,-,-,-,3724.0000,3723.8000,3723.4000,3722.4000,3722.0000,3725.4000,3725.6000,3725.8000,3726.0000,3726.4000,2,1,1,1,1,5,1,1,1,1
SF,IF2005,2020-04-13 13:10:11.600,3725.4000,11131,0,5050637880.000,0,-,-,-,-,3724.2000,3724.0000,3723.8000,3723.4000,3722.4000,3725.4000,3725.6000,3725.8000,3726.0000,3726.4000,3,2,1,1,1,5,1,1,1,1
SF,IF2005,2020-04-13 13:10:12.100,3725.4000,11131,0,5050637880.000,0,-,-,-,-,3724.2000,3724.0000,3723.8000,3723.4000,3722.4000,3725.4000,3725.6000,3725.8000,3726.0000,3726.4000,3,2,1,1,1,5,1,1,1,1
SF,IF2005,2020-04-13 13:10:12.600,3725.4000,11131,0,5050637880.000,0,-,-,-,-,3724.2000,3724.0000,3723.8000,3723.4000,3722.4000,3725.4000,3725.6000,3725.8000,3726.0000,3726.4000,3,2,1,1,1,5,1,1,1,1
SF,IF2005,2020-04-13 13:10:13.100,3725.4000,11131,0,5050637880.000,0,-,-,-,-,3724.2000,3724.0000,3723.8000,3723.4000,3722.4000,3725.4000,3725.6000,3725.8000,3726.0000,3726.4000,3,2,1,1,1,5,1,1,1,1
SF,IF2005,2020-04-13 13:10:13.600,3725.4000,11131,0,5050637880.000,0,-,-,-,-,3724.2000,3724.0000,3723.8000,3723.4000,3722.4000,3725.4000,3725.6000,3725.8000,3726.0000,3726.4000,3,2,1,1,1,5,1,1,1,1
SF,IF2005,2020-04-13 13:10:14.100,3725.4000,11131,0,5050637880.000,0,-,-,-,-,3724.2000,3724.0000,3723.8000,3723.4000,3722.4000,3725.4000,3725.6000,3725.8000,3726.0000,3726.4000,3,2,1,1,1,5,1,1,1,1
SF,IF2005,2020-04-13 13:10:14.600,3725.4000,11131,0,5050637880.000,0,-,-,-,-,3724.2000,3724.0000,3723.8000,3723.4000,3722.4000,3725.4000,3725.6000,3725.8000,3726.0000,3726.4000,3,2,1,1,1,5,1,1,1,1
SF,IF2005,2020-04-13 13:10:15.100,3725.4000,11131,0,5050637880.000,0,-,-,-,-,3724.2000,3724.0000,3723.8000,3723.4000,3722.4000,3725.4000,3725.6000,3725.8000,3726.0000,3726.4000,3,2,1,1,1,5,1,1,1,1
SF,IF2005,2020-04-13 13:10:15.600,3725.4000,11131,0,5050637880.000,0,-,-,-,-,3724.2000,3724.0000,3723.8000,3723.4000,3722.4000,3725.4000,3725.6000,3725.8000,3726.0000,3726.4000,3,2,1,1,1,6,1,1,1,1
SF,IF2005,2020-04-13 13:10:16.100,3725.4000,11131,0,5050637880.000,0,-,-,-,-,3724.2000,3724.0000,3723.8000,3723.4000,3722.4000,3725.4000,3725.6000,3725.8000,3726.0000,3726.4000,3,2,1,1,1,2,1,1,1,1
SF,IF2005,2020-04-13 13:10:16.600,3725.4000,11131,0,5050637880.000,0,-,-,-,-,3724.2000,3724.0000,3723.8000,3723.4000,3722.4000,3725.4000,3725.6000,3725.8000,3726.0000,3726.4000,3,2,1,1,1,1,1,1,1,1
SF,IF2005,2020-04-13 13:10:17.100,3725.4000,11131,0,5050637880.000,0,-,-,-,-,3724.4000,3724.2000,3724.0000,3723.8000,3723.4000,3725.4000,3725.6000,3725.8000,3726.0000,3726.4000,1,3,2,1,1,1,1,1,1,1
SF,IF2005,2020-04-13 13:10:17.600,3725.4000,11131,0,5050637880.000,0,-,-,-,-,3724.4000,3724.2000,3724.0000,3723.8000,3723.4000,3725.2000,3725.4000,3725.6000,3725.8000,3726.0000,1,3,2,1,1,1,1,1,1,1
SF,IF2005,2020-04-13 13:10:18.600,3725.4000,11131,0,5050637880.000,0,-,-,-,-,3724.4000,3724.2000,3724.0000,3723.8000,3723.4000,3725.2000,3725.4000,3725.6000,3725.8000,3726.0000,1,3,2,1,1,1,1,1,1,1
SF,IF2005,2020-04-13 13:10:19.100,3725.4000,11131,0,5050637880.000,0,-,-,-,-,3724.4000,3724.2000,3724.0000,3723.8000,3723.4000,3725.2000,3725.4000,3725.6000,3725.8000,3726.0000,1,3,2,1,1,1,1,1,1,1
SF,IF2005,2020-04-13 13:10:19.600,3725.4000,11131,0,5050637880.000,0,-,-,-,-,3724.4000,3724.2000,3724.0000,3723.8000,3723.4000,3725.2000,3725.4000,3725.6000,3725.8000,3726.0000,1,3,2,1,1,2,1,1,1,1
SF,IF2005,2020-04-13 13:10:20.600,3725.4000,11131,0,5050637880.000,0,-,-,-,-,3724.4000,3724.2000,3724.0000,3723.8000,3723.4000,3725.2000,3725.4000,3725.6000,3725.8000,3726.0000,1,3,2,1,1,2,1,1,1,1
SF,IF2005,2020-04-13 13:10:21.100,3725.2000,11132,1,5052873000.000,2,1,1,多开,B,3724.6000,3724.4000,3724.0000,3723.8000,3723.4000,3725.6000,3725.8000,3726.0000,3726.4000,3726.6000,4,1,2,1,1,1,1,1,1,1
SF,IF2005,2020-04-13 13:10:21.600,3725.2000,11132,0,5052873000.000,0,-,-,-,-,3725.2000,3724.8000,3724.6000,3724.4000,3724.0000,3725.6000,3726.4000,3726.6000,3727.0000,3728.8000,1,1,2,1,2,1,1,1,1,1
SF,IF2005,2020-04-13 13:10:22.100,3725.6000,11132,0,5053990680.000,1,0,1,空换,B,3725.4000,3725.2000,3724.8000,3724.6000,3724.4000,3726.4000,3726.6000,3727.0000,3728.8000,3729.6000,1,1,1,2,1,1,1,1,1,1
SF,IF2005,2020-04-13 13:10:22.600,3725.6000,11132,0,5053990680.000,0,-,-,-,-,3725.6000,3725.4000,3724.8000,3724.6000,3724.4000,3726.0000,3726.2000,3726.4000,3726.6000,3727.0000,1,1,1,2,1,6,1,1,1,1
SF,IF2005,2020-04-13 13:10:23.100,3725.6000,11132,0,5053990680.000,0,-,-,-,-,3725.6000,3725.4000,3724.6000,3724.4000,3724.0000,3726.2000,3726.4000,3726.6000,3727.0000,3728.8000,1,1,2,1,2,1,1,1,1,1
SF,IF2005,2020-04-13 13:10:23.600,3725.6000,11133,1,5055108360.000,1,1,0,双开,B,3725.4000,3724.6000,3724.4000,3724.0000,3723.8000,3726.0000,3726.2000,3726.4000,3726.6000,3727.0000,1,2,1,2,1,1,1,1,1,1
SF,IF2005,2020-04-13 13:10:24.100,3725.6000,11133,0,5055108360.000,0,-,-,-,-,3725.4000,3724.6000,3724.4000,3724.0000,3723.8000,3726.2000,3726.4000,3726.6000,3727.0000,3728.8000,1,2,1,2,1,1,1,1,1,1
SF,IF2005,2020-04-13 13:10:24.600,3725.6000,11133,0,5055108360.000,0,-,-,-,-,3725.4000,3724.6000,3724.4000,3724.0000,3723.8000,3726.2000,3726.4000,3726.6000,3727.0000,3728.8000,2,2,1,2,1,1,1,1,1,1
SF,IF2005,2020-04-13 13:10:28.600,3725.6000,11133,0,5055108360.000,0,-,-,-,-,3725.4000,3724.6000,3724.4000,3724.0000,3723.8000,3726.2000,3726.4000,3726.6000,3727.0000,3728.8000,2,1,1,2,1,1,1,1,1,1
SF,IF2005,2020-04-13 13:10:30.100,3725.4000,11132,-1,5057343600.000,2,0,2,空平,B,3724.6000,3724.4000,3724.0000,3723.8000,3723.4000,3725.4000,3726.2000,3726.4000,3726.6000,3727.0000,1,1,2,1,1,3,4,1,1,1
SF,IF2005,2020-04-13 13:10:30.600,3725.4000,11132,0,5058461220.000,1,0,1,空换,B,3724.8000,3724.6000,3724.4000,3724.0000,3723.8000,3725.4000,3726.0000,3726.2000,3726.4000,3726.6000,2,1,1,2,1,2,6,1,1,1
SF,IF2005,2020-04-13 13:10:31.100,3725.4000,11132,0,5058461220.000,0,-,-,-,-,3724.8000,3724.6000,3724.4000,3724.0000,3723.8000,3725.4000,3726.0000,3726.2000,3726.4000,3726.6000,2,1,1,2,1,2,6,1,1,1
SF,IF2005,2020-04-13 13:10:31.600,3725.4000,11132,0,5058461220.000,0,-,-,-,-,3724.8000,3724.6000,3724.4000,3724.0000,3723.8000,3725.4000,3726.0000,3726.2000,3726.4000,3726.6000,1,1,1,2,1,2,6,1,1,1
SF,IF2005,2020-04-13 13:10:37.100,3724.8000,11132,0,5059578660.000,1,0,1,空换,B,3724.6000,3724.4000,3724.0000,3723.8000,3723.4000,3725.4000,3726.0000,3726.2000,3726.4000,3726.6000,1,1,2,1,1,2,6,1,1,1
SF,IF2005,2020-04-13 13:10:39.100,3724.8000,11132,0,5059578660.000,0,-,-,-,-,3724.8000,3724.6000,3724.4000,3724.0000,3723.8000,3725.4000,3726.0000,3726.2000,3726.4000,3726.6000,1,1,1,2,1,2,6,1,1,1
SF,IF2005,2020-04-13 13:10:41.100,3724.8000,11132,0,5060696100.000,1,0,1,空换,B,3724.6000,3724.4000,3724.0000,3723.8000,3723.4000,3725.2000,3725.4000,3726.0000,3726.2000,3726.4000,1,1,2,1,1,5,2,6,1,1
SF,IF2005,2020-04-13 13:10:42.600,3724.8000,11132,0,5060696100.000,0,-,-,-,-,3724.6000,3724.4000,3724.0000,3723.8000,3723.4000,3725.4000,3726.0000,3726.2000,3726.4000,3726.6000,1,1,2,1,1,2,6,1,1,1
SF,IF2005,2020-04-13 13:10:46.600,3724.8000,11132,0,5060696100.000,0,-,-,-,-,3724.8000,3724.6000,3724.4000,3724.0000,3723.8000,3725.4000,3726.0000,3726.2000,3726.4000,3726.6000,1,1,1,2,1,2,6,1,1,1
SF,IF2005,2020-04-13 13:10:47.100,3725.4000,11132,0,5061813720.000,1,0,1,空换,B,3724.8000,3724.6000,3724.4000,3724.0000,3723.8000,3725.4000,3726.0000,3726.2000,3726.4000,3726.6000,1,1,1,2,1,1,6,1,1,1
SF,IF2005,2020-04-13 13:10:48.100,3725.4000,11132,0,5061813720.000,0,-,-,-,-,3724.8000,3724.6000,3724.4000,3724.0000,3723.8000,3725.4000,3726.2000,3726.4000,3726.6000,3727.0000,1,1,1,2,1,1,1,1,1,1
SF,IF2005,2020-04-13 13:10:50.100,3725.4000,11132,0,5062931340.000,1,0,1,空换,B,3724.8000,3724.6000,3724.4000,3724.0000,3723.8000,3726.2000,3726.4000,3726.6000,3727.0000,3728.8000,1,1,1,2,1,1,1,1,1,1
SF,IF2005,2020-04-13 13:10:50.600,3725.4000,11132,0,5062931340.000,0,-,-,-,-,3725.0000,3724.8000,3724.4000,3724.0000,3723.8000,3725.8000,3726.0000,3726.2000,3726.4000,3726.6000,1,1,1,2,1,5,4,1,1,1
SF,IF2005,2020-04-13 13:10:51.100,3725.4000,11132,0,5062931340.000,0,-,-,-,-,3725.0000,3724.8000,3724.4000,3724.0000,3723.8000,3726.0000,3726.2000,3726.4000,3726.6000,3727.0000,1,1,1,2,1,2,1,1,1,1
SF,IF2005,2020-04-13 13:10:51.600,3725.4000,11132,0,5062931340.000,0,-,-,-,-,3725.0000,3724.8000,3724.4000,3724.0000,3723.8000,3726.0000,3726.2000,3726.4000,3726.6000,3727.0000,1,1,1,2,1,3,1,1,1,1
SF,IF2005,2020-04-13 13:10:52.100,3725.4000,11132,0,5062931340.000,0,-,-,-,-,3725.0000,3724.4000,3724.0000,3723.8000,3723.4000,3726.0000,3726.2000,3726.4000,3726.6000,3727.0000,1,1,2,1,1,3,1,1,1,1
SF,IF2005,2020-04-13 13:10:52.600,3725.4000,11132,0,5062931340.000,0,-,-,-,-,3725.2000,3725.0000,3724.4000,3724.0000,3723.8000,3726.0000,3726.2000,3726.4000,3726.6000,3727.0000,1,1,1,2,1,3,1,1,1,1
SF,IF2005,2020-04-13 13:10:57.600,3725.4000,11132,0,5062931340.000,0,-,-,-,-,3725.0000,3724.4000,3724.0000,3723.8000,3723.4000,3726.0000,3726.2000,3726.4000,3726.6000,3727.0000,1,1,2,1,1,3,1,1,1,1
SF,IF2005,2020-04-13 13:10:58.100,3725.4000,11132,0,5062931340.000,0,-,-,-,-,3725.0000,3724.4000,3724.0000,3723.8000,3723.4000,3725.8000,3726.0000,3726.2000,3726.4000,3726.6000,1,1,2,1,1,1,3,1,1,1
SF,IF2005,2020-04-13 13:11:01.600,3725.4000,11132,0,5062931340.000,0,-,-,-,-,3725.4000,3725.0000,3724.4000,3724.0000,3723.8000,3725.8000,3726.0000,3726.2000,3726.4000,3726.6000,2,1,1,2,1,1,3,1,1,1
SF,IF2005,2020-04-13 13:11:02.100,3725.4000,11133,1,5066284200.000,3,2,1,多开,B,3724.4000,3724.0000,3723.8000,3723.4000,3722.4000,3725.8000,3726.0000,3726.2000,3726.4000,3726.6000,1,2,1,1,1,1,3,1,1,1
SF,IF2005,2020-04-13 13:11:02.600,3725.4000,11133,0,5066284200.000,0,-,-,-,-,3724.6000,3724.4000,3724.0000,3723.8000,3723.4000,3725.8000,3726.0000,3726.4000,3726.6000,3727.0000,3,1,2,1,1,1,3,1,1,1
SF,IF2005,2020-04-13 13:11:03.100,3725.4000,11133,0,5066284200.000,0,-,-,-,-,3724.6000,3724.4000,3724.0000,3723.8000,3723.4000,3725.8000,3726.0000,3726.4000,3727.0000,3728.8000,3,1,2,1,1,1,3,1,1,1
SF,IF2005,2020-04-13 13:11:05.100,3725.4000,11133,0,5066284200.000,0,-,-,-,-,3724.6000,3724.4000,3724.0000,3723.8000,3723.4000,3725.6000,3725.8000,3726.0000,3726.4000,3727.0000,3,1,2,1,1,1,1,2,1,1
SF,IF2005,2020-04-13 13:11:05.600,3725.4000,11133,0,5066284200.000,0,-,-,-,-,3724.6000,3724.4000,3724.0000,3723.8000,3723.4000,3725.4000,3725.6000,3725.8000,3726.0000,3726.4000,3,1,2,1,1,6,2,1,1,1
SF,IF2005,2020-04-13 13:11:06.100,3725.4000,11133,0,5066284200.000,0,-,-,-,-,3724.6000,3724.4000,3724.0000,3723.8000,3723.4000,3725.4000,3725.6000,3725.8000,3726.0000,3726.4000,1,1,2,1,1,6,1,1,1,1
SF,IF2005,2020-04-13 13:11:06.600,3725.4000,11133,0,5066284200.000,0,-,-,-,-,3724.4000,3724.0000,3723.8000,3723.4000,3722.4000,3725.4000,3725.6000,3725.8000,3726.0000,3726.4000,1,2,1,1,1,6,1,1,1,1
SF,IF2005,2020-04-13 13:11:07.100,3725.4000,11133,0,5066284200.000,0,-,-,-,-,3724.4000,3724.0000,3723.8000,3723.4000,3722.4000,3725.4000,3725.6000,3726.0000,3726.4000,3727.0000,1,2,1,1,1,6,1,1,1,1
SF,IF2005,2020-04-13 13:11:07.600,3725.4000,11133,0,5066284200.000,0,-,-,-,-,3724.4000,3724.0000,3723.8000,3723.4000,3722.4000,3725.2000,3725.4000,3726.0000,3726.4000,3727.0000,1,2,1,1,1,1,6,1,1,1
SF,IF2005,2020-04-13 13:11:08.100,3724.4000,11132,-1,5067401520.000,1,0,1,双平,B,3724.0000,3723.8000,3723.4000,3722.4000,3722.2000,3725.0000,3725.2000,3725.4000,3726.0000,3726.4000,2,1,1,1,1,5,2,6,1,1
SF,IF2005,2020-04-13 13:11:08.600,3724.4000,11132,0,5067401520.000,0,-,-,-,-,3724.2000,3724.0000,3723.8000,3723.4000,3722.4000,3725.0000,3725.2000,3725.4000,3726.0000,3726.4000,1,2,1,1,1,5,2,6,1,1
SF,IF2005,2020-04-13 13:11:09.100,3724.4000,11132,0,5067401520.000,0,-,-,-,-,3724.2000,3724.0000,3723.8000,3723.4000,3722.4000,3725.0000,3725.2000,3725.4000,3726.0000,3726.4000,1,2,1,1,1,5,1,6,1,1
SF,IF2005,2020-04-13 13:11:11.100,3724.4000,11132,0,5067401520.000,0,-,-,-,-,3724.2000,3724.0000,3723.8000,3723.4000,3722.4000,3725.2000,3725.4000,3726.0000,3726.4000,3727.0000,1,2,1,1,1,1,6,1,1,1
SF,IF2005,2020-04-13 13:11:13.600,3724.4000,11132,0,5067401520.000,0,-,-,-,-,3724.4000,3724.2000,3724.0000,3723.8000,3723.4000,3725.4000,3726.0000,3726.4000,3727.0000,3728.8000,3,1,2,1,1,1,1,1,1,1
SF,IF2005,2020-04-13 13:11:14.100,3725.4000,11131,-1,5068519140.000,1,0,1,双平,B,3725.2000,3724.8000,3724.6000,3724.4000,3724.0000,3726.0000,3726.4000,3727.0000,3728.8000,3729.6000,1,1,1,2,2,1,1,1,1,1
SF,IF2005,2020-04-13 13:11:14.600,3725.4000,11131,0,5068519140.000,0,-,-,-,-,3725.4000,3725.2000,3724.8000,3724.4000,3724.0000,3726.0000,3726.4000,3727.0000,3728.8000,3729.6000,1,1,1,1,2,1,1,1,1,1
SF,IF2005,2020-04-13 13:11:15.100,3725.4000,11131,0,5068519140.000,0,-,-,-,-,3725.6000,3725.4000,3724.4000,3724.0000,3723.8000,3726.4000,3727.0000,3728.8000,3729.6000,3729.8000,1,1,1,2,1,1,1,1,1,1
SF,IF2005,2020-04-13 13:11:16.100,3726.4000,11132,1,5069637060.000,1,1,0,双开,B,3725.4000,3724.4000,3724.0000,3723.8000,3723.4000,3727.0000,3727.6000,3728.8000,3729.6000,3729.8000,1,1,2,1,1,1,1,1,1,1
SF,IF2005,2020-04-13 13:11:16.600,3726.4000,11132,0,5069637060.000,0,-,-,-,-,3725.4000,3724.4000,3724.0000,3723.8000,3723.4000,3726.2000,3726.6000,3726.8000,3727.0000,3727.6000,1,1,2,1,1,5,3,3,2,1
SF,IF2005,2020-04-13 13:11:17.100,3726.4000,11132,0,5069637060.000,0,-,-,-,-,3725.4000,3724.4000,3724.0000,3723.8000,3723.4000,3725.8000,3726.0000,3726.2000,3726.6000,3726.8000,1,1,2,1,1,1,6,5,3,4
SF,IF2005,2020-04-13 13:11:17.600,3725.4000,11132,0,5070754680.000,1,0,1,空换,B,3724.4000,3724.0000,3723.8000,3723.4000,3722.4000,3725.4000,3725.8000,3726.0000,3726.2000,3726.4000,1,2,1,1,1,1,6,6,5,1
SF,IF2005,2020-04-13 13:11:18.100,3725.4000,11132,0,5070754680.000,0,-,-,-,-,3724.6000,3724.4000,3724.0000,3723.8000,3723.4000,3725.4000,3725.8000,3726.0000,3726.2000,3726.4000,1,1,2,1,1,1,1,6,6,1
SF,IF2005,2020-04-13 13:11:18.600,3725.4000,11132,0,5070754680.000,0,-,-,-,-,3724.6000,3724.4000,3724.0000,3723.8000,3723.4000,3725.0000,3725.8000,3726.0000,3726.2000,3726.4000,1,1,2,1,1,1,1,6,6,1
SF,IF2005,2020-04-13 13:11:19.100,3725.0000,11133,1,5071872180.000,1,1,0,双开,B,3725.4000,3725.2000,3725.0000,3724.8000,3724.6000,3725.8000,3726.2000,3726.4000,3726.6000,3726.8000,1,1,2,1,1,1,1,1,2,3
SF,IF2005,2020-04-13 13:11:19.600,3725.0000,11133,0,5071872180.000,0,-,-,-,-,3725.4000,3724.8000,3724.6000,3724.4000,3724.0000,3725.6000,3725.8000,3726.2000,3726.4000,3726.6000,1,1,1,1,2,1,1,1,1,2
SF,IF2005,2020-04-13 13:11:20.100,3725.6000,11133,0,5072989860.000,1,0,1,空换,B,3724.8000,3724.6000,3724.4000,3724.0000,3723.8000,3725.8000,3726.2000,3726.4000,3726.6000,3726.8000,1,1,1,2,1,1,1,1,2,3
SF,IF2005,2020-04-13 13:11:20.600,3725.6000,11133,0,5072989860.000,0,-,-,-,-,3724.8000,3724.6000,3724.4000,3724.0000,3723.8000,3725.8000,3726.0000,3726.2000,3726.6000,3726.8000,1,1,1,2,1,1,1,1,2,3
SF,IF2005,2020-04-13 13:11:24.100,3725.6000,11133,0,5072989860.000,0,-,-,-,-,3724.6000,3724.4000,3724.0000,3723.8000,3723.4000,3725.6000,3725.8000,3726.0000,3726.2000,3726.6000,1,1,2,1,1,2,1,1,1,2
SF,IF2005,2020-04-13 13:11:24.600,3725.6000,11133,0,5072989860.000,0,-,-,-,-,3724.6000,3724.4000,3724.0000,3723.8000,3723.4000,3725.4000,3725.6000,3725.8000,3726.0000,3726.2000,1,1,2,1,1,6,2,1,1,1
SF,IF2005,2020-04-13 13:11:26.600,3725.6000,11133,0,5072989860.000,0,-,-,-,-,3724.6000,3724.4000,3724.0000,3723.8000,3723.4000,3725.4000,3725.6000,3725.8000,3726.0000,3726.2000,1,1,2,1,1,1,2,1,1,1
SF,IF2005,2020-04-13 13:11:28.600,3725.6000,11133,0,5072989860.000,0,-,-,-,-,3724.6000,3724.0000,3723.8000,3723.4000,3722.4000,3725.4000,3725.6000,3725.8000,3726.0000,3726.6000,1,2,1,1,1,1,2,1,1,2
SF,IF2005,2020-04-13 13:11:29.100,3725.6000,11133,0,5072989860.000,0,-,-,-,-,3724.0000,3723.8000,3723.4000,3722.4000,3722.2000,3725.4000,3725.6000,3725.8000,3726.0000,3726.6000,2,1,1,1,1,1,2,1,1,2
SF,IF2005,2020-04-13 13:11:29.600,3725.6000,11133,0,5072989860.000,0,-,-,-,-,3724.2000,3724.0000,3723.8000,3723.4000,3722.4000,3725.2000,3725.4000,3725.6000,3725.8000,3726.0000,1,2,1,1,1,1,1,1,1,1
SF,IF2005,2020-04-13 13:11:30.100,3725.6000,11133,0,5072989860.000,0,-,-,-,-,3724.2000,3724.0000,3723.8000,3723.4000,3722.4000,3725.0000,3725.2000,3725.8000,3726.6000,3726.8000,1,2,1,1,1,1,2,1,2,2
SF,IF2005,2020-04-13 13:11:32.600,3724.0000,11134,1,5075224320.000,2,1,1,多开,B,3724.0000,3723.8000,3723.4000,3722.4000,3722.2000,3725.0000,3725.2000,3725.8000,3726.6000,3726.8000,1,1,1,1,1,1,2,1,2,2
SF,IF2005,2020-04-13 13:11:33.600,3724.0000,11134,0,5075224320.000,0,-,-,-,-,3724.0000,3723.8000,3723.4000,3722.4000,3722.2000,3725.0000,3725.2000,3725.8000,3726.6000,3726.8000,1,1,1,1,1,1,2,1,2,2
SF,IF2005,2020-04-13 13:11:34.100,3724.0000,11134,0,5075224320.000,0,-,-,-,-,3724.2000,3724.0000,3723.8000,3723.4000,3722.4000,3725.0000,3725.2000,3725.8000,3726.6000,3726.8000,1,1,1,1,1,1,2,1,2,2
SF,IF2005,2020-04-13 13:11:41.100,3725.0000,11134,0,5076341820.000,1,0,1,空换,B,3724.2000,3724.0000,3723.8000,3723.4000,3722.4000,3725.2000,3725.8000,3726.6000,3726.8000,3727.0000,1,1,1,1,1,2,1,2,2,3
SF,IF2005,2020-04-13 13:11:41.600,3725.0000,11134,0,5076341820.000,0,-,-,-,-,3724.4000,3724.2000,3724.0000,3723.8000,3723.4000,3725.2000,3725.8000,3726.6000,3726.8000,3727.0000,1,1,1,1,1,2,1,2,2,3
SF,IF2005,2020-04-13 13:11:48.600,3725.0000,11134,0,5076341820.000,0,-,-,-,-,3724.4000,3724.2000,3724.0000,3723.8000,3723.4000,3725.0000,3725.2000,3725.8000,3726.6000,3726.8000,1,1,1,1,1,5,2,1,2,2
SF,IF2005,2020-04-13 13:11:49.100,3725.0000,11134,0,5077459320.000,1,0,1,空换,B,3724.0000,3723.8000,3723.4000,3722.4000,3722.2000,3725.0000,3725.2000,3725.8000,3726.6000,3726.8000,1,1,1,1,1,4,2,1,2,2
SF,IF2005,2020-04-13 13:11:49.600,3725.0000,11134,0,5077459320.000,0,-,-,-,-,3724.0000,3723.8000,3723.4000,3722.4000,3722.2000,3724.8000,3725.0000,3725.2000,3725.8000,3726.6000,1,1,1,1,1,1,4,2,1,2
SF,IF2005,2020-04-13 13:11:50.600,3725.0000,11134,0,5077459320.000,0,-,-,-,-,3724.0000,3723.8000,3723.4000,3722.4000,3722.2000,3724.8000,3725.2000,3725.8000,3726.6000,3726.8000,1,1,1,1,1,1,2,1,2,2
SF,IF2005,2020-04-13 13:11:51.100,3725.0000,11134,0,5077459320.000,0,-,-,-,-,3724.0000,3723.8000,3723.4000,3722.4000,3722.2000,3724.8000,3725.2000,3725.8000,3726.6000,3726.8000,1,1,1,1,1,1,2,1,2,2
SF,IF2005,2020-04-13 13:11:51.600,3725.0000,11134,0,5077459320.000,0,-,-,-,-,3724.0000,3723.8000,3723.4000,3722.4000,3722.2000,3724.8000,3725.2000,3725.8000,3726.6000,3726.8000,1,1,1,1,1,1,2,1,2,2
SF,IF2005,2020-04-13 13:11:53.100,3725.0000,11134,0,5077459320.000,0,-,-,-,-,3724.0000,3723.8000,3723.4000,3722.4000,3722.2000,3724.8000,3725.2000,3725.8000,3726.6000,3726.8000,1,1,1,1,1,1,2,1,2,2
SF,IF2005,2020-04-13 13:11:53.600,3725.0000,11134,0,5077459320.000,0,-,-,-,-,3724.0000,3723.8000,3723.4000,3722.4000,3722.2000,3724.8000,3725.2000,3725.8000,3726.6000,3726.8000,1,1,1,1,1,2,1,1,2,2
SF,IF2005,2020-04-13 13:11:54.100,3725.0000,11134,0,5077459320.000,0,-,-,-,-,3724.0000,3723.8000,3723.4000,3722.4000,3722.2000,3724.8000,3725.2000,3725.8000,3726.6000,3726.8000,1,1,1,1,1,1,1,1,2,2
SF,IF2005,2020-04-13 13:11:54.600,3724.8000,11134,0,5078576760.000,1,0,1,空换,B,3724.0000,3723.8000,3723.4000,3722.4000,3722.2000,3725.2000,3725.8000,3726.6000,3726.8000,3727.0000,1,1,1,1,1,1,1,2,2,3
SF,IF2005,2020-04-13 13:11:55.100,3724.8000,11134,0,5078576760.000,0,-,-,-,-,3724.2000,3724.0000,3723.8000,3723.4000,3722.4000,3725.2000,3725.8000,3726.6000,3726.8000,3727.0000,2,1,1,1,1,1,1,2,2,3
SF,IF2005,2020-04-13 13:11:55.600,3724.8000,11134,0,5078576760.000,0,-,-,-,-,3724.2000,3724.0000,3723.8000,3723.4000,3722.4000,3725.2000,3725.8000,3726.6000,3726.8000,3727.0000,2,2,1,1,1,2,1,2,2,3
SF,IF2005,2020-04-13 13:11:56.100,3724.8000,11134,0,5078576760.000,0,-,-,-,-,3724.2000,3724.0000,3723.8000,3723.4000,3722.4000,3725.2000,3725.8000,3726.6000,3726.8000,3727.0000,2,1,1,1,1,1,1,2,2,3
SF,IF2005,2020-04-13 13:11:56.600,3724.8000,11134,0,5078576760.000,0,-,-,-,-,3724.2000,3724.0000,3723.8000,3723.4000,3722.4000,3725.2000,3725.8000,3726.6000,3726.8000,3727.0000,2,1,1,1,1,1,1,2,2,3
SF,IF2005,2020-04-13 13:11:57.100,3724.8000,11134,0,5078576760.000,0,-,-,-,-,3724.2000,3724.0000,3723.8000,3723.4000,3722.4000,3725.2000,3725.8000,3726.6000,3726.8000,3727.0000,2,1,1,1,1,1,1,2,2,3
SF,IF2005,2020-04-13 13:11:57.600,3724.8000,11134,0,5078576760.000,0,-,-,-,-,3724.2000,3724.0000,3723.8000,3723.4000,3722.4000,3725.2000,3725.4000,3725.8000,3726.6000,3726.8000,2,1,1,1,1,1,1,1,2,2
SF,IF2005,2020-04-13 13:11:58.100,3724.8000,11134,0,5078576760.000,0,-,-,-,-,3724.2000,3724.0000,3723.8000,3723.4000,3722.4000,3725.0000,3725.2000,3725.4000,3725.8000,3726.6000,2,1,1,1,1,1,1,1,1,2
SF,IF2005,2020-04-13 13:11:58.600,3724.8000,11134,0,5078576760.000,0,-,-,-,-,3724.0000,3723.8000,3723.4000,3722.4000,3722.2000,3725.0000,3725.2000,3725.4000,3725.8000,3726.6000,1,1,1,1,1,6,1,1,1,2
SF,IF2005,2020-04-13 13:11:59.100,3724.8000,11134,0,5078576760.000,0,-,-,-,-,3724.0000,3723.8000,3723.4000,3722.4000,3722.2000,3725.0000,3725.2000,3725.4000,3725.8000,3726.6000,2,1,1,1,1,6,1,1,1,2
SF,IF2005,2020-04-13 13:11:59.600,3724.8000,11134,0,5078576760.000,0,-,-,-,-,3724.0000,3723.8000,3723.4000,3722.4000,3722.2000,3725.0000,3725.2000,3725.4000,3725.8000,3726.6000,2,1,1,1,1,7,1,1,1,2
SF,IF2005,2020-04-13 13:12:00.100,3724.8000,11134,0,5078576760.000,0,-,-,-,-,3724.2000,3724.0000,3723.8000,3723.4000,3722.4000,3725.0000,3725.2000,3725.4000,3725.8000,3726.6000,1,2,1,1,1,7,1,1,1,2
SF,IF2005,2020-04-13 13:12:00.600,3724.8000,11134,0,5078576760.000,0,-,-,-,-,3724.4000,3724.2000,3724.0000,3723.8000,3723.4000,3725.0000,3725.2000,3725.4000,3725.8000,3726.6000,1,2,1,1,1,1,1,1,1,2
SF,IF2005,2020-04-13 13:12:01.100,3725.0000,11135,1,5079694260.000,1,1,0,双开,B,3724.4000,3724.2000,3724.0000,3723.8000,3723.4000,3725.4000,3725.8000,3726.6000,3726.8000,3727.0000,1,2,1,1,1,1,1,2,2,3
SF,IF2005,2020-04-13 13:12:01.600,3725.0000,11135,0,5079694260.000,0,-,-,-,-,3724.4000,3724.2000,3724.0000,3723.8000,3723.4000,3725.2000,3725.4000,3725.8000,3726.6000,3726.8000,1,2,1,1,1,1,1,1,2,2
SF,IF2005,2020-04-13 13:12:02.100,3725.0000,11135,0,5079694260.000,0,-,-,-,-,3724.8000,3724.2000,3724.0000,3723.8000,3723.4000,3725.2000,3725.4000,3725.8000,3726.6000,3726.8000,2,2,1,1,1,1,1,1,2,2
SF,IF2005,2020-04-13 13:12:02.600,3724.8000,11137,2,5081929140.000,2,2,0,双开,B,3724.0000,3723.8000,3723.4000,3722.4000,3722.2000,3724.8000,3725.0000,3725.2000,3725.4000,3725.8000,1,1,1,1,1,2,1,1,1,1
SF,IF2005,2020-04-13 13:12:03.600,3724.8000,11137,0,5081929140.000,0,-,-,-,-,3724.0000,3723.8000,3723.4000,3722.4000,3722.2000,3724.4000,3724.8000,3725.0000,3725.2000,3725.4000,1,1,1,1,1,1,1,1,1,1
SF,IF2005,2020-04-13 13:12:04.600,3724.6000,11137,0,5083046520.000,1,0,1,空换,B,3724.4000,3724.0000,3723.8000,3723.4000,3722.4000,3724.8000,3725.0000,3725.2000,3725.4000,3725.8000,1,1,1,1,1,1,1,1,1,1
SF,IF2005,2020-04-13 13:12:05.100,3724.6000,11137,0,5083046520.000,0,-,-,-,-,3724.4000,3724.0000,3723.8000,3723.4000,3722.4000,3725.0000,3725.2000,3725.4000,3725.8000,3726.6000,1,1,1,1,1,1,1,1,1,2
SF,IF2005,2020-04-13 13:12:05.600,3724.6000,11137,0,5083046520.000,0,-,-,-,-,3724.8000,3724.0000,3723.8000,3723.4000,3722.4000,3725.0000,3725.2000,3725.4000,3725.8000,3726.6000,1,1,1,1,1,1,1,1,1,2
SF,IF2005,2020-04-13 13:12:06.600,3725.0000,11138,1,5084164020.000,1,1,0,双开,B,3724.0000,3723.8000,3723.4000,3722.4000,3722.2000,3725.2000,3725.4000,3725.8000,3726.6000,3726.8000,1,1,1,1,1,1,1,1,2,2
SF,IF2005,2020-04-13 13:12:07.100,3725.0000,11138,0,5084164020.000,0,-,-,-,-,3724.2000,3724.0000,3723.8000,3723.4000,3722.4000,3725.2000,3725.4000,3725.8000,3726.6000,3726.8000,2,2,1,1,1,1,1,1,2,2
SF,IF2005,2020-04-13 13:12:07.600,3725.0000,11138,0,5084164020.000,0,-,-,-,-,3724.2000,3724.0000,3723.8000,3723.4000,3722.4000,3725.2000,3725.4000,3725.8000,3726.6000,3726.8000,2,1,1,1,1,1,1,1,2,2
SF,IF2005,2020-04-13 13:12:08.100,3725.0000,11138,0,5084164020.000,0,-,-,-,-,3724.2000,3724.0000,3723.8000,3723.4000,3722.4000,3724.8000,3725.2000,3725.4000,3725.8000,3726.6000,2,1,1,1,1,5,1,1,1,2
SF,IF2005,2020-04-13 13:12:08.600,3725.0000,11138,0,5084164020.000,0,-,-,-,-,3724.2000,3724.0000,3723.8000,3723.4000,3722.4000,3725.2000,3725.4000,3725.8000,3726.6000,3726.8000,2,1,1,1,1,1,1,1,2,2
SF,IF2005,2020-04-13 13:12:09.100,3725.0000,11138,0,5084164020.000,0,-,-,-,-,3724.4000,3724.2000,3724.0000,3723.8000,3723.4000,3725.2000,3725.4000,3725.8000,3726.6000,3726.8000,1,2,1,1,1,1,1,1,2,2
SF,IF2005,2020-04-13 13:12:11.100,3725.0000,11138,0,5084164020.000,0,-,-,-,-,3724.4000,3724.2000,3724.0000,3723.8000,3723.4000,3725.2000,3725.4000,3725.8000,3726.0000,3726.6000,1,2,1,1,1,1,1,1,1,2
SF,IF2005,2020-04-13 13:12:11.600,3725.0000,11138,0,5084164020.000,0,-,-,-,-,3724.6000,3724.4000,3724.2000,3724.0000,3723.8000,3725.2000,3725.4000,3725.8000,3726.0000,3726.6000,1,1,1,1,1,1,1,1,1,2
SF,IF2005,2020-04-13 13:12:12.100,3725.0000,11138,0,5084164020.000,0,-,-,-,-,3724.6000,3724.4000,3724.2000,3724.0000,3723.8000,3725.4000,3725.8000,3726.0000,3726.6000,3726.8000,1,1,1,1,1,1,1,1,2,2
SF,IF2005,2020-04-13 13:12:19.600,3725.0000,11138,0,5084164020.000,0,-,-,-,-,3724.6000,3724.2000,3724.0000,3723.8000,3723.4000,3725.4000,3725.8000,3726.0000,3726.6000,3726.8000,1,1,1,1,1,1,1,1,2,2
SF,IF2005,2020-04-13 13:12:20.100,3725.0000,11138,0,5084164020.000,0,-,-,-,-,3724.6000,3724.2000,3724.0000,3723.8000,3723.4000,3725.4000,3725.8000,3726.0000,3726.6000,3726.8000,2,1,1,1,1,1,1,1,2,2
SF,IF2005,2020-04-13 13:12:21.100,3725.0000,11138,0,5084164020.000,0,-,-,-,-,3724.8000,3724.6000,3724.2000,3724.0000,3723.8000,3725.4000,3725.8000,3726.0000,3726.6000,3726.8000,1,1,1,1,1,1,1,1,2,2
SF,IF2005,2020-04-13 13:12:23.600,3725.4000,11139,1,5085281640.000,1,1,0,双开,B,3725.4000,3724.8000,3724.6000,3724.2000,3724.0000,3725.8000,3726.0000,3726.6000,3726.8000,3727.0000,1,1,1,1,1,1,1,2,2,3
SF,IF2005,2020-04-13 13:12:24.100,3725.6000,11140,1,5086399320.000,1,1,0,双开,B,3724.8000,3724.2000,3724.0000,3723.8000,3723.4000,3725.8000,3726.0000,3726.6000,3726.8000,3727.0000,1,1,1,1,1,1,1,2,2,3
SF,IF2005,2020-04-13 13:12:24.600,3725.0000,11140,0,5087516820.000,1,0,1,空换,B,3724.8000,3724.0000,3723.8000,3723.4000,3722.4000,3725.8000,3726.0000,3726.6000,3726.8000,3727.0000,1,1,1,1,1,1,1,2,2,3
SF,IF2005,2020-04-13 13:12:25.100,3725.0000,11140,0,5087516820.000,0,-,-,-,-,3724.8000,3724.0000,3723.8000,3723.4000,3722.4000,3725.6000,3725.8000,3726.0000,3726.6000,3726.8000,1,1,1,1,1,1,1,1,2,2
SF,IF2005,2020-04-13 13:12:25.600,3725.0000,11140,0,5087516820.000,0,-,-,-,-,3724.8000,3724.0000,3723.8000,3723.4000,3722.4000,3725.4000,3725.6000,3725.8000,3726.0000,3726.6000,1,1,1,1,1,5,2,1,1,2
SF,IF2005,2020-04-13 13:12:26.100,3725.0000,11140,0,5087516820.000,0,-,-,-,-,3724.8000,3724.0000,3723.8000,3723.4000,3722.4000,3725.6000,3725.8000,3726.0000,3726.6000,3726.8000,1,1,1,1,1,1,1,1,2,2
SF,IF2005,2020-04-13 13:12:26.600,3725.0000,11140,0,5087516820.000,0,-,-,-,-,3724.8000,3724.0000,3723.8000,3723.4000,3722.4000,3725.6000,3725.8000,3726.0000,3726.6000,3726.8000,1,1,1,1,1,1,1,1,2,2
SF,IF2005,2020-04-13 13:12:27.100,3725.0000,11140,0,5087516820.000,0,-,-,-,-,3724.8000,3724.0000,3723.8000,3723.4000,3722.4000,3725.6000,3725.8000,3726.0000,3726.6000,3726.8000,1,1,1,1,1,1,1,1,2,2
SF,IF2005,2020-04-13 13:12:27.600,3725.0000,11140,0,5087516820.000,0,-,-,-,-,3724.8000,3724.0000,3723.8000,3723.4000,3722.4000,3725.6000,3725.8000,3726.0000,3726.6000,3726.8000,1,1,1,1,1,1,1,1,2,2
SF,IF2005,2020-04-13 13:12:28.100,3724.8000,11140,0,5088634260.000,1,0,1,空换,B,3724.0000,3723.8000,3723.4000,3722.4000,3722.2000,3724.8000,3725.2000,3725.4000,3725.6000,3725.8000,1,1,1,1,1,1,4,1,1,1
SF,IF2005,2020-04-13 13:12:28.600,3724.8000,11141,1,5089751700.000,1,1,0,双开,B,3724.2000,3724.0000,3723.8000,3723.4000,3722.4000,3725.4000,3725.6000,3725.8000,3726.0000,3726.6000,1,1,1,1,1,1,1,1,1,2
SF,IF2005,2020-04-13 13:12:29.100,3724.8000,11141,0,5089751700.000,0,-,-,-,-,3724.2000,3724.0000,3723.8000,3723.4000,3722.4000,3725.2000,3725.4000,3725.8000,3726.0000,3726.6000,1,1,1,1,1,1,1,1,1,2
SF,IF2005,2020-04-13 13:12:30.100,3724.8000,11141,0,5089751700.000,0,-,-,-,-,3724.2000,3724.0000,3723.8000,3723.4000,3722.4000,3725.2000,3725.4000,3725.8000,3726.0000,3726.6000,1,1,1,1,1,1,2,1,1,2
SF,IF2005,2020-04-13 13:12:36.600,3724.8000,11141,0,5089751700.000,0,-,-,-,-,3724.2000,3724.0000,3723.8000,3723.4000,3722.4000,3725.2000,3725.4000,3726.0000,3726.6000,3726.8000,1,1,1,1,1,1,2,1,2,2
SF,IF2005,2020-04-13 13:12:41.600,3724.8000,11141,0,5089751700.000,0,-,-,-,-,3724.2000,3724.0000,3723.8000,3723.4000,3722.4000,3725.2000,3725.4000,3726.0000,3726.6000,3726.8000,1,1,1,1,1,1,2,1,2,2
SF,IF2005,2020-04-13 13:12:44.600,3724.8000,11141,0,5089751700.000,0,-,-,-,-,3724.2000,3724.0000,3723.8000,3723.4000,3722.4000,3725.2000,3725.4000,3726.0000,3726.6000,3726.8000,2,1,1,1,1,1,2,1,2,2
SF,IF2005,2020-04-13 13:12:54.100,3724.8000,11141,0,5089751700.000,0,-,-,-,-,3724.2000,3724.0000,3723.8000,3723.4000,3722.4000,3725.2000,3725.4000,3726.0000,3726.6000,3726.8000,2,1,1,1,1,1,2,1,2,2
SF,IF2005,2020-04-13 13:13:02.100,3724.8000,11141,0,5089751700.000,0,-,-,-,-,3724.8000,3724.2000,3724.0000,3723.8000,3723.4000,3725.2000,3725.4000,3726.0000,3726.6000,3726.8000,2,2,1,1,1,1,2,1,2,2
SF,IF2005,2020-04-13 13:13:02.600,3724.8000,11142,1,5090869140.000,1,1,0,双开,B,3724.8000,3724.2000,3724.0000,3723.8000,3723.4000,3725.2000,3725.4000,3726.0000,3726.6000,3726.8000,1,1,1,1,1,1,2,1,2,2
SF,IF2005,2020-04-13 13:13:05.100,3724.8000,11143,1,5091986580.000,1,1,0,双开,B,3724.2000,3724.0000,3723.8000,3723.4000,3722.4000,3724.8000,3725.2000,3725.4000,3726.0000,3726.6000,1,1,1,1,1,1,1,2,1,2
SF,IF2005,2020-04-13 13:13:05.600,3724.8000,11144,1,5093104020.000,1,1,0,双开,B,3724.4000,3724.2000,3724.0000,3723.8000,3723.4000,3725.2000,3725.4000,3726.0000,3726.6000,3726.8000,1,1,1,1,1,1,2,1,2,2
SF,IF2005,2020-04-13 13:13:10.100,3724.8000,11144,0,5093104020.000,0,-,-,-,-,3724.8000,3724.4000,3724.2000,3724.0000,3723.8000,3725.2000,3725.4000,3726.0000,3726.6000,3726.8000,1,1,1,1,1,1,2,1,2,2
SF,IF2005,2020-04-13 13:13:10.600,3724.8000,11144,0,5093104020.000,0,-,-,-,-,3724.4000,3724.2000,3724.0000,3723.8000,3723.4000,3725.2000,3725.4000,3726.0000,3726.6000,3726.8000,1,1,1,1,1,1,2,1,2,2
SF,IF2005,2020-04-13 13:13:11.600,3725.2000,11144,0,5094221580.000,1,0,1,空换,B,3724.4000,3724.2000,3724.0000,3723.8000,3723.4000,3725.4000,3726.0000,3726.6000,3726.8000,3727.0000,1,1,1,1,1,2,1,2,2,3
SF,IF2005,2020-04-13 13:13:15.600,3725.2000,11144,0,5094221580.000,0,-,-,-,-,3724.4000,3724.2000,3724.0000,3723.8000,3723.4000,3725.2000,3725.4000,3726.0000,3726.6000,3726.8000,1,1,1,1,1,1,2,1,2,2
SF,IF2005,2020-04-13 13:13:22.600,3725.2000,11145,1,5095339140.000,1,1,0,双开,B,3724.4000,3724.2000,3724.0000,3723.8000,3723.4000,3725.4000,3726.0000,3726.6000,3726.8000,3727.0000,1,1,1,1,1,2,1,2,2,3
SF,IF2005,2020-04-13 13:13:23.100,3725.2000,11145,0,5095339140.000,0,-,-,-,-,3724.4000,3724.2000,3724.0000,3723.8000,3723.4000,3725.4000,3726.0000,3726.6000,3726.8000,3727.0000,1,1,1,1,1,1,1,2,2,3
SF,IF2005,2020-04-13 13:13:23.600,3725.4000,11145,0,5096456760.000,1,0,1,空换,B,3724.4000,3724.2000,3724.0000,3723.8000,3723.4000,3726.0000,3726.6000,3726.8000,3727.0000,3728.8000,1,1,1,1,1,1,2,2,3,1
SF,IF2005,2020-04-13 13:13:24.100,3725.4000,11145,0,5096456760.000,0,-,-,-,-,3724.6000,3724.4000,3724.2000,3724.0000,3723.8000,3725.6000,3725.8000,3726.0000,3726.6000,3726.8000,2,1,1,1,1,6,1,2,2,2
SF,IF2005,2020-04-13 13:13:25.100,3725.4000,11145,0,5096456760.000,0,-,-,-,-,3724.6000,3724.4000,3724.2000,3724.0000,3723.8000,3725.6000,3725.8000,3726.0000,3726.6000,3726.8000,2,1,1,1,1,6,1,2,2,2
SF,IF2005,2020-04-13 13:13:27.100,3725.4000,11145,0,5096456760.000,0,-,-,-,-,3724.6000,3724.4000,3724.2000,3724.0000,3723.8000,3725.4000,3725.6000,3725.8000,3726.0000,3726.6000,2,1,1,1,1,1,6,1,2,2
SF,IF2005,2020-04-13 13:13:28.100,3725.4000,11145,0,5096456760.000,0,-,-,-,-,3724.6000,3724.4000,3724.2000,3724.0000,3723.8000,3725.6000,3725.8000,3726.0000,3726.6000,3726.8000,2,1,1,1,1,6,1,2,2,2
SF,IF2005,2020-04-13 13:13:28.600,3725.4000,11145,0,5096456760.000,0,-,-,-,-,3724.8000,3724.6000,3724.4000,3724.2000,3724.0000,3725.6000,3725.8000,3726.0000,3726.6000,3726.8000,1,2,1,1,1,6,1,2,2,2
SF,IF2005,2020-04-13 13:13:29.100,3725.4000,11145,0,5096456760.000,0,-,-,-,-,3724.8000,3724.6000,3724.4000,3724.2000,3724.0000,3725.6000,3725.8000,3726.0000,3726.6000,3726.8000,1,2,1,1,1,6,1,2,2,2
SF,IF2005,2020-04-13 13:13:29.600,3725.4000,11145,0,5096456760.000,0,-,-,-,-,3724.6000,3724.4000,3724.2000,3724.0000,3723.8000,3725.4000,3725.6000,3725.8000,3726.0000,3726.6000,2,1,1,1,1,2,6,1,2,2
SF,IF2005,2020-04-13 13:13:30.100,3725.4000,11145,0,5096456760.000,0,-,-,-,-,3724.6000,3724.4000,3724.2000,3724.0000,3723.8000,3725.4000,3725.6000,3725.8000,3726.0000,3726.6000,2,1,1,1,1,2,6,1,2,2
SF,IF2005,2020-04-13 13:13:30.600,3725.4000,11145,0,5096456760.000,0,-,-,-,-,3724.6000,3724.4000,3724.2000,3724.0000,3723.8000,3725.4000,3725.6000,3725.8000,3726.0000,3726.6000,2,1,1,1,1,2,6,1,2,2
SF,IF2005,2020-04-13 13:13:31.600,3725.4000,11145,0,5096456760.000,0,-,-,-,-,3724.6000,3724.4000,3724.2000,3724.0000,3723.8000,3725.4000,3725.6000,3725.8000,3726.0000,3726.6000,2,1,1,1,1,2,6,1,3,2
SF,IF2005,2020-04-13 13:13:32.100,3725.4000,11145,0,5096456760.000,0,-,-,-,-,3724.6000,3724.4000,3724.2000,3724.0000,3723.8000,3725.4000,3725.6000,3725.8000,3726.0000,3726.6000,2,1,1,1,1,2,6,1,3,2
SF,IF2005,2020-04-13 13:13:32.600,3725.4000,11145,0,5096456760.000,0,-,-,-,-,3724.8000,3724.6000,3724.2000,3724.0000,3723.8000,3725.4000,3725.6000,3725.8000,3726.0000,3726.6000,1,2,1,1,1,2,6,1,3,2
SF,IF2005,2020-04-13 13:13:33.100,3725.4000,11145,0,5096456760.000,0,-,-,-,-,3724.8000,3724.6000,3724.2000,3724.0000,3723.8000,3725.4000,3725.6000,3725.8000,3726.0000,3726.6000,1,2,1,1,1,1,6,1,3,2
SF,IF2005,2020-04-13 13:13:33.600,3725.4000,11145,0,5096456760.000,0,-,-,-,-,3724.8000,3724.6000,3724.2000,3724.0000,3723.8000,3725.4000,3725.6000,3725.8000,3726.0000,3726.6000,1,2,1,1,1,2,6,1,3,2
SF,IF2005,2020-04-13 13:13:34.100,3725.4000,11145,0,5096456760.000,0,-,-,-,-,3724.8000,3724.6000,3724.2000,3724.0000,3723.8000,3725.4000,3725.6000,3725.8000,3726.0000,3726.6000,1,2,1,1,1,1,6,1,3,2
SF,IF2005,2020-04-13 13:13:34.600,3725.4000,11145,0,5096456760.000,0,-,-,-,-,3724.8000,3724.6000,3724.4000,3724.2000,3724.0000,3725.4000,3725.6000,3725.8000,3726.0000,3726.6000,1,2,1,1,1,1,6,1,2,2
SF,IF2005,2020-04-13 13:13:35.100,3725.4000,11145,0,5096456760.000,0,-,-,-,-,3724.8000,3724.6000,3724.4000,3724.2000,3724.0000,3725.4000,3725.6000,3725.8000,3726.0000,3726.6000,1,2,1,1,1,2,6,1,2,2
SF,IF2005,2020-04-13 13:13:35.600,3725.4000,11145,0,5096456760.000,0,-,-,-,-,3724.8000,3724.6000,3724.4000,3724.2000,3724.0000,3725.4000,3725.6000,3725.8000,3726.0000,3726.6000,1,1,1,1,1,1,6,1,2,2
SF,IF2005,2020-04-13 13:13:36.600,3725.4000,11145,0,5096456760.000,0,-,-,-,-,3724.8000,3724.6000,3724.4000,3724.2000,3724.0000,3725.4000,3725.6000,3725.8000,3726.0000,3726.6000,1,1,1,1,1,1,6,1,2,2
SF,IF2005,2020-04-13 13:13:37.100,3725.4000,11145,0,5096456760.000,0,-,-,-,-,3724.8000,3724.6000,3724.4000,3724.2000,3724.0000,3725.4000,3725.6000,3725.8000,3726.0000,3726.6000,1,1,1,1,1,1,6,1,2,2
SF,IF2005,2020-04-13 13:13:37.600,3725.4000,11145,0,5096456760.000,0,-,-,-,-,3724.8000,3724.6000,3724.4000,3724.2000,3724.0000,3725.4000,3725.6000,3725.8000,3726.0000,3726.6000,1,1,1,1,1,1,6,1,2,2
SF,IF2005,2020-04-13 13:13:38.100,3725.4000,11145,0,5096456760.000,0,-,-,-,-,3724.8000,3724.6000,3724.4000,3724.2000,3724.0000,3725.4000,3725.6000,3725.8000,3726.0000,3726.6000,1,1,1,1,1,1,6,1,2,2
SF,IF2005,2020-04-13 13:13:38.600,3725.4000,11145,0,5096456760.000,0,-,-,-,-,3724.8000,3724.6000,3724.4000,3724.2000,3724.0000,3725.4000,3725.6000,3725.8000,3726.0000,3726.6000,1,1,1,1,1,1,6,1,2,2
SF,IF2005,2020-04-13 13:13:39.100,3725.4000,11145,0,5096456760.000,0,-,-,-,-,3724.8000,3724.6000,3724.4000,3724.2000,3724.0000,3725.4000,3725.6000,3725.8000,3726.0000,3726.6000,1,1,1,1,1,2,6,1,2,2
SF,IF2005,2020-04-13 13:13:39.600,3725.4000,11145,0,5096456760.000,0,-,-,-,-,3724.8000,3724.6000,3724.4000,3724.2000,3724.0000,3725.4000,3725.6000,3725.8000,3726.0000,3726.6000,1,1,1,1,1,1,6,1,2,2
SF,IF2005,2020-04-13 13:13:40.100,3725.4000,11145,0,5096456760.000,0,-,-,-,-,3724.8000,3724.6000,3724.4000,3724.2000,3724.0000,3725.4000,3725.6000,3725.8000,3726.0000,3726.6000,1,1,1,1,1,2,6,1,2,2
SF,IF2005,2020-04-13 13:13:40.600,3725.4000,11145,0,5096456760.000,0,-,-,-,-,3724.8000,3724.6000,3724.4000,3724.2000,3724.0000,3725.4000,3725.6000,3725.8000,3726.0000,3726.6000,1,1,1,1,1,2,6,1,2,2
SF,IF2005,2020-04-13 13:13:41.100,3725.4000,11145,0,5096456760.000,0,-,-,-,-,3724.8000,3724.6000,3724.4000,3724.2000,3724.0000,3725.4000,3725.6000,3725.8000,3726.0000,3726.6000,1,1,1,1,1,2,6,1,2,2
SF,IF2005,2020-04-13 13:13:41.600,3725.4000,11145,0,5096456760.000,0,-,-,-,-,3724.8000,3724.6000,3724.4000,3724.2000,3724.0000,3725.4000,3725.6000,3725.8000,3726.0000,3726.6000,1,1,1,1,1,2,6,1,2,2
SF,IF2005,2020-04-13 13:13:42.100,3725.4000,11145,0,5096456760.000,0,-,-,-,-,3724.8000,3724.6000,3724.4000,3724.2000,3724.0000,3725.4000,3725.6000,3725.8000,3726.0000,3726.6000,1,1,1,1,1,2,6,1,2,2
SF,IF2005,2020-04-13 13:13:42.600,3725.4000,11145,0,5096456760.000,0,-,-,-,-,3724.8000,3724.6000,3724.4000,3724.2000,3724.0000,3725.4000,3725.6000,3725.8000,3726.0000,3726.6000,1,1,1,1,1,2,6,1,2,2
SF,IF2005,2020-04-13 13:13:43.100,3725.4000,11145,0,5096456760.000,0,-,-,-,-,3724.8000,3724.6000,3724.4000,3724.2000,3724.0000,3725.4000,3725.6000,3725.8000,3726.0000,3726.6000,1,1,1,1,1,2,6,1,2,2
SF,IF2005,2020-04-13 13:13:43.600,3725.4000,11145,0,5096456760.000,0,-,-,-,-,3724.8000,3724.6000,3724.4000,3724.2000,3724.0000,3725.4000,3725.6000,3725.8000,3726.0000,3726.6000,2,1,1,1,1,2,6,1,2,2
SF,IF2005,2020-04-13 13:13:44.100,3725.4000,11145,0,5096456760.000,0,-,-,-,-,3724.8000,3724.6000,3724.4000,3724.2000,3724.0000,3725.4000,3725.6000,3725.8000,3726.0000,3726.6000,2,1,1,1,1,2,6,1,2,2
SF,IF2005,2020-04-13 13:13:44.600,3725.4000,11145,0,5096456760.000,0,-,-,-,-,3724.8000,3724.6000,3724.4000,3724.2000,3724.0000,3725.4000,3725.6000,3725.8000,3726.0000,3726.6000,2,1,1,1,1,2,6,1,2,2
SF,IF2005,2020-04-13 13:13:45.100,3725.4000,11145,0,5096456760.000,0,-,-,-,-,3724.8000,3724.6000,3724.4000,3724.2000,3724.0000,3725.4000,3725.6000,3725.8000,3726.0000,3726.6000,2,1,1,1,1,4,6,1,2,2
SF,IF2005,2020-04-13 13:13:45.600,3724.8000,11147,2,5098691640.000,2,2,0,双开,B,3724.6000,3724.4000,3724.2000,3724.0000,3723.8000,3725.4000,3725.6000,3725.8000,3726.0000,3726.6000,1,1,1,1,1,3,6,1,2,2
SF,IF2005,2020-04-13 13:13:46.100,3724.8000,11147,0,5098691640.000,0,-,-,-,-,3724.6000,3724.4000,3724.2000,3724.0000,3723.8000,3725.4000,3725.6000,3725.8000,3726.0000,3726.6000,1,1,1,1,1,3,6,1,2,2
SF,IF2005,2020-04-13 13:13:46.600,3724.8000,11147,0,5098691640.000,0,-,-,-,-,3724.6000,3724.4000,3724.2000,3724.0000,3723.8000,3725.4000,3725.6000,3725.8000,3726.0000,3726.6000,1,1,1,1,1,4,6,1,2,2
SF,IF2005,2020-04-13 13:13:47.100,3725.4000,11149,2,5100926880.000,2,2,0,双开,B,3724.6000,3724.4000,3724.2000,3724.0000,3723.8000,3725.4000,3725.6000,3725.8000,3726.0000,3726.6000,1,1,1,1,1,1,6,1,2,2
SF,IF2005,2020-04-13 13:13:47.600,3725.4000,11149,0,5100926880.000,0,-,-,-,-,3724.6000,3724.4000,3724.2000,3724.0000,3723.8000,3725.4000,3725.6000,3725.8000,3726.0000,3726.6000,1,1,1,1,1,2,6,1,2,2
SF,IF2005,2020-04-13 13:13:48.100,3725.4000,11149,0,5100926880.000,0,-,-,-,-,3724.8000,3724.6000,3724.4000,3724.2000,3724.0000,3725.4000,3725.6000,3725.8000,3726.0000,3726.6000,1,1,1,1,1,2,1,1,2,2
SF,IF2005,2020-04-13 13:13:48.600,3725.4000,11149,0,5100926880.000,0,-,-,-,-,3724.8000,3724.6000,3724.4000,3724.2000,3724.0000,3725.4000,3725.6000,3725.8000,3726.0000,3726.6000,1,1,1,1,1,1,1,1,2,2
SF,IF2005,2020-04-13 13:13:49.100,3725.4000,11149,0,5100926880.000,0,-,-,-,-,3724.8000,3724.6000,3724.4000,3724.2000,3724.0000,3725.4000,3725.6000,3725.8000,3726.0000,3726.6000,1,1,1,1,1,1,1,1,2,2
SF,IF2005,2020-04-13 13:13:49.600,3725.4000,11149,0,5100926880.000,0,-,-,-,-,3724.8000,3724.6000,3724.4000,3724.2000,3724.0000,3725.4000,3725.6000,3725.8000,3726.0000,3726.6000,1,1,1,1,1,1,1,1,2,2
SF,IF2005,2020-04-13 13:13:50.100,3725.4000,11149,0,5100926880.000,0,-,-,-,-,3724.6000,3724.4000,3724.2000,3724.0000,3723.8000,3725.4000,3725.6000,3725.8000,3726.0000,3726.6000,1,1,1,1,1,1,1,1,2,2
SF,IF2005,2020-04-13 13:13:50.600,3725.4000,11149,0,5100926880.000,0,-,-,-,-,3724.6000,3724.4000,3724.2000,3724.0000,3723.8000,3725.4000,3725.6000,3725.8000,3726.0000,3726.6000,1,1,1,1,1,1,1,1,2,2
SF,IF2005,2020-04-13 13:13:51.100,3725.4000,11149,0,5100926880.000,0,-,-,-,-,3724.6000,3724.4000,3724.2000,3724.0000,3723.8000,3725.4000,3725.6000,3725.8000,3726.0000,3726.6000,1,1,1,1,1,1,1,1,2,2
SF,IF2005,2020-04-13 13:13:51.600,3725.4000,11149,0,5100926880.000,0,-,-,-,-,3724.6000,3724.4000,3724.2000,3724.0000,3723.8000,3725.4000,3725.6000,3725.8000,3726.0000,3726.6000,1,1,1,1,1,2,1,1,2,2
SF,IF2005,2020-04-13 13:13:52.100,3725.4000,11149,0,5100926880.000,0,-,-,-,-,3724.6000,3724.4000,3724.2000,3724.0000,3723.8000,3725.4000,3725.6000,3725.8000,3726.0000,3726.6000,1,1,1,1,1,1,1,1,2,2
SF,IF2005,2020-04-13 13:13:52.600,3725.4000,11149,0,5100926880.000,0,-,-,-,-,3724.6000,3724.4000,3724.2000,3724.0000,3723.8000,3725.4000,3725.6000,3725.8000,3726.0000,3726.6000,1,1,1,1,1,1,1,1,2,2
SF,IF2005,2020-04-13 13:13:53.100,3725.4000,11149,0,5100926880.000,0,-,-,-,-,3724.6000,3724.4000,3724.2000,3724.0000,3723.8000,3725.4000,3725.6000,3725.8000,3726.0000,3726.6000,1,1,1,1,1,1,1,1,2,2
SF,IF2005,2020-04-13 13:13:53.600,3725.4000,11149,0,5100926880.000,0,-,-,-,-,3724.6000,3724.4000,3724.2000,3724.0000,3723.8000,3725.4000,3725.6000,3725.8000,3726.0000,3726.6000,1,1,1,1,1,1,1,1,2,2
SF,IF2005,2020-04-13 13:13:54.600,3725.4000,11149,0,5100926880.000,0,-,-,-,-,3724.6000,3724.4000,3724.2000,3724.0000,3723.8000,3725.4000,3725.6000,3725.8000,3726.0000,3726.6000,1,1,1,1,1,1,1,1,2,2
SF,IF2005,2020-04-13 13:13:55.100,3725.4000,11149,0,5100926880.000,0,-,-,-,-,3724.6000,3724.4000,3724.2000,3724.0000,3723.8000,3725.4000,3725.6000,3725.8000,3726.0000,3726.6000,1,1,1,1,1,1,1,1,2,2
SF,IF2005,2020-04-13 13:13:55.600,3725.4000,11149,0,5100926880.000,0,-,-,-,-,3724.6000,3724.4000,3724.2000,3724.0000,3723.8000,3725.2000,3725.4000,3725.6000,3725.8000,3726.0000,1,1,1,1,1,1,1,1,1,2
SF,IF2005,2020-04-13 13:13:56.100,3725.4000,11149,0,5100926880.000,0,-,-,-,-,3724.6000,3724.4000,3724.2000,3724.0000,3723.8000,3725.2000,3725.6000,3725.8000,3726.0000,3726.6000,1,1,1,1,1,2,1,1,2,2
SF,IF2005,2020-04-13 13:13:56.600,3725.4000,11149,0,5100926880.000,0,-,-,-,-,3724.6000,3724.4000,3724.2000,3724.0000,3723.8000,3725.2000,3725.6000,3725.8000,3726.0000,3726.6000,1,1,1,1,1,2,1,1,2,2
SF,IF2005,2020-04-13 13:13:57.100,3725.4000,11149,0,5100926880.000,0,-,-,-,-,3724.6000,3724.4000,3724.2000,3724.0000,3723.8000,3725.2000,3725.6000,3725.8000,3726.0000,3726.6000,1,1,1,1,1,2,1,1,2,2
SF,IF2005,2020-04-13 13:13:57.600,3725.4000,11149,0,5100926880.000,0,-,-,-,-,3724.6000,3724.4000,3724.2000,3724.0000,3723.8000,3725.2000,3725.6000,3725.8000,3726.0000,3726.6000,2,1,1,1,1,2,1,1,2,2
SF,IF2005,2020-04-13 13:13:58.100,3725.4000,11149,0,5100926880.000,0,-,-,-,-,3724.6000,3724.4000,3724.2000,3724.0000,3723.8000,3725.2000,3725.6000,3725.8000,3726.0000,3726.6000,2,1,1,1,1,2,1,1,2,2
SF,IF2005,2020-04-13 13:13:58.600,3725.4000,11149,0,5100926880.000,0,-,-,-,-,3724.6000,3724.4000,3724.2000,3724.0000,3723.8000,3725.2000,3725.6000,3725.8000,3726.0000,3726.6000,2,1,1,1,1,2,1,1,2,2
SF,IF2005,2020-04-13 13:13:59.100,3725.2000,11149,0,5103161820.000,2,1,1,空换,B,3724.6000,3724.4000,3724.2000,3724.0000,3723.8000,3725.2000,3725.6000,3725.8000,3726.0000,3726.6000,1,1,1,1,1,2,1,1,2,2
SF,IF2005,2020-04-13 13:14:00.100,3725.2000,11151,2,5105396940.000,2,2,0,双开,B,3724.6000,3724.4000,3724.2000,3724.0000,3723.8000,3725.6000,3725.8000,3726.0000,3726.6000,3726.8000,1,1,1,1,1,1,1,2,2,2
SF,IF2005,2020-04-13 13:14:00.600,3725.2000,11151,0,5105396940.000,0,-,-,-,-,3724.6000,3724.4000,3724.2000,3724.0000,3723.8000,3725.4000,3725.6000,3725.8000,3726.0000,3726.6000,1,1,1,1,1,1,1,1,2,2
SF,IF2005,2020-04-13 13:14:02.100,3725.2000,11151,0,5105396940.000,0,-,-,-,-,3725.2000,3724.6000,3724.4000,3724.2000,3724.0000,3725.4000,3725.6000,3725.8000,3726.0000,3726.6000,2,1,1,1,1,1,1,1,2,2
SF,IF2005,2020-04-13 13:14:02.600,3725.2000,11151,0,5107632060.000,2,1,1,空换,B,3724.6000,3724.4000,3724.2000,3724.0000,3723.8000,3725.2000,3725.4000,3725.6000,3725.8000,3726.0000,1,1,1,1,1,4,1,1,1,2
SF,IF2005,2020-04-13 13:14:03.100,3725.2000,11153,2,5109867180.000,2,2,0,双开,B,3724.6000,3724.4000,3724.2000,3724.0000,3723.8000,3725.2000,3725.4000,3725.6000,3725.8000,3726.0000,1,1,1,1,1,2,1,1,1,2
SF,IF2005,2020-04-13 13:14:03.600,3725.2000,11153,0,5109867180.000,0,-,-,-,-,3724.6000,3724.4000,3724.2000,3724.0000,3723.8000,3724.8000,3725.2000,3725.4000,3725.6000,3725.8000,1,1,1,1,1,1,1,1,1,1
SF,IF2005,2020-04-13 13:14:04.600,3725.2000,11153,0,5109867180.000,0,-,-,-,-,3724.6000,3724.4000,3724.2000,3724.0000,3723.8000,3725.2000,3725.4000,3725.6000,3725.8000,3726.0000,1,1,1,1,1,1,1,1,1,2
SF,IF2005,2020-04-13 13:14:05.100,3724.6000,11154,1,5110984560.000,1,1,0,双开,B,3724.4000,3724.2000,3724.0000,3723.8000,3723.4000,3725.2000,3725.4000,3725.8000,3726.0000,3726.8000,1,1,1,1,1,1,1,1,2,2
SF,IF2005,2020-04-13 13:14:05.600,3724.6000,11154,0,5110984560.000,0,-,-,-,-,3724.4000,3724.2000,3724.0000,3723.8000,3723.4000,3724.6000,3725.0000,3725.8000,3726.0000,3726.8000,1,1,1,1,1,1,1,1,2,2
SF,IF2005,2020-04-13 13:14:06.100,3724.4000,11155,1,5113219260.000,2,1,1,多开,B,3724.2000,3724.0000,3723.8000,3723.4000,3722.4000,3724.4000,3725.0000,3725.8000,3726.0000,3726.8000,1,1,1,1,1,2,1,1,2,2
SF,IF2005,2020-04-13 13:14:06.600,3724.0000,11156,1,5115453720.000,2,1,1,多开,B,3723.8000,3723.4000,3722.4000,3722.0000,3721.4000,3725.0000,3725.8000,3726.0000,3726.8000,3727.0000,1,1,1,1,2,1,1,2,2,3
SF,IF2005,2020-04-13 13:14:07.100,3724.0000,11156,0,5115453720.000,0,-,-,-,-,3723.8000,3723.4000,3722.4000,3722.0000,3721.4000,3724.6000,3724.8000,3725.0000,3725.8000,3726.0000,1,1,1,1,2,5,1,1,1,2
SF,IF2005,2020-04-13 13:14:07.600,3724.0000,11156,0,5115453720.000,0,-,-,-,-,3724.0000,3723.8000,3723.4000,3722.4000,3722.0000,3725.0000,3725.8000,3726.0000,3726.8000,3727.0000,1,1,1,1,1,1,1,2,2,3
SF,IF2005,2020-04-13 13:14:08.100,3724.0000,11156,0,5115453720.000,0,-,-,-,-,3724.0000,3723.8000,3723.4000,3722.4000,3722.0000,3724.8000,3725.0000,3725.8000,3726.0000,3726.8000,1,1,1,1,1,7,1,1,2,2
SF,IF2005,2020-04-13 13:14:08.600,3723.8000,11157,1,5117688060.000,2,1,1,多开,B,3723.4000,3722.4000,3722.0000,3721.4000,3721.2000,3723.8000,3724.0000,3724.4000,3724.6000,3724.8000,1,1,1,2,2,1,2,7,1,6
SF,IF2005,2020-04-13 13:14:09.100,3723.8000,11157,0,5117688060.000,0,-,-,-,-,3723.4000,3722.4000,3722.0000,3721.4000,3721.2000,3724.0000,3724.4000,3724.6000,3724.8000,3725.8000,1,1,1,2,2,2,6,1,5,1
SF,IF2005,2020-04-13 13:14:09.600,3724.0000,11157,0,5118805260.000,1,0,1,空换,B,3723.4000,3722.4000,3722.0000,3721.4000,3721.2000,3724.0000,3724.4000,3724.6000,3724.8000,3725.8000,1,1,1,2,2,1,6,1,5,1
SF,IF2005,2020-04-13 13:14:10.100,3723.4000,11158,1,5119922280.000,1,1,0,双开,B,3722.4000,3722.0000,3721.4000,3721.2000,3721.0000,3723.8000,3724.0000,3724.4000,3724.8000,3725.8000,1,1,3,2,2,1,1,5,5,1
SF,IF2005,2020-04-13 13:14:10.600,3723.4000,11158,0,5119922280.000,0,-,-,-,-,3722.6000,3722.4000,3722.0000,3721.4000,3721.2000,3723.8000,3724.0000,3724.4000,3724.8000,3725.8000,2,1,1,3,2,7,1,5,5,1
SF,IF2005,2020-04-13 13:14:11.100,3723.8000,11157,-1,5121039420.000,1,0,1,双平,B,3722.6000,3722.4000,3722.0000,3721.4000,3721.2000,3723.8000,3724.0000,3724.4000,3724.8000,3725.8000,1,1,1,3,2,6,1,5,5,1
SF,IF2005,2020-04-13 13:14:11.600,3723.8000,11156,-1,5123273700.000,2,0,2,空平,B,3722.8000,3722.6000,3722.4000,3722.0000,3721.4000,3723.4000,3723.8000,3724.4000,3724.8000,3725.8000,1,1,1,1,3,1,5,5,5,1
SF,IF2005,2020-04-13 13:14:12.100,3723.8000,11156,0,5123273700.000,0,-,-,-,-,3722.8000,3722.6000,3722.4000,3722.0000,3721.4000,3723.4000,3723.6000,3723.8000,3724.4000,3725.8000,1,1,1,1,3,6,1,5,5,1
SF,IF2005,2020-04-13 13:14:12.600,3723.8000,11156,0,5124390840.000,1,0,1,空换,B,3722.8000,3722.6000,3722.4000,3722.0000,3721.4000,3723.4000,3723.6000,3723.8000,3724.4000,3725.8000,1,1,1,1,3,5,1,5,5,1
SF,IF2005,2020-04-13 13:14:14.600,3723.8000,11156,0,5124390840.000,0,-,-,-,-,3722.8000,3722.6000,3722.4000,3722.0000,3721.4000,3723.6000,3723.8000,3724.4000,3725.8000,3726.0000,1,1,1,1,3,1,5,5,1,2
SF,IF2005,2020-04-13 13:14:15.100,3723.8000,11156,0,5124390840.000,0,-,-,-,-,3722.8000,3722.6000,3722.4000,3722.0000,3721.4000,3723.6000,3723.8000,3724.4000,3725.8000,3726.0000,1,1,1,1,3,1,5,5,1,2
SF,IF2005,2020-04-13 13:14:17.600,3722.8000,11156,0,5125507680.000,1,0,1,空换,B,3722.6000,3722.4000,3722.0000,3721.4000,3721.0000,3722.8000,3723.2000,3723.6000,3723.8000,3724.4000,1,1,1,3,2,1,5,1,5,5
SF,IF2005,2020-04-13 13:14:18.100,3722.8000,11156,0,5126624520.000,1,0,1,空换,B,3723.2000,3723.0000,3722.8000,3722.4000,3722.0000,3723.6000,3723.8000,3725.8000,3726.0000,3726.8000,1,1,1,1,1,1,5,1,2,2
SF,IF2005,2020-04-13 13:14:18.600,3722.8000,11156,0,5126624520.000,0,-,-,-,-,3723.2000,3722.8000,3722.4000,3722.0000,3721.4000,3723.6000,3723.8000,3725.8000,3726.0000,3726.8000,1,1,1,1,3,1,5,1,2,2
SF,IF2005,2020-04-13 13:14:19.100,3722.8000,11156,0,5126624520.000,0,-,-,-,-,3723.2000,3722.4000,3722.0000,3721.4000,3721.0000,3723.6000,3723.8000,3725.8000,3726.0000,3726.8000,2,1,1,3,2,1,5,1,2,2
SF,IF2005,2020-04-13 13:14:20.100,3723.6000,11158,2,5128858440.000,2,2,0,双开,B,3722.4000,3722.0000,3721.4000,3721.0000,3720.8000,3723.8000,3725.8000,3726.0000,3726.8000,3727.0000,1,1,3,2,1,5,1,2,2,3
SF,IF2005,2020-04-13 13:14:20.600,3723.6000,11158,0,5128858440.000,0,-,-,-,-,3722.8000,3722.6000,3722.4000,3722.0000,3721.4000,3723.2000,3723.4000,3723.6000,3723.8000,3725.8000,1,1,1,1,3,1,5,1,5,1
SF,IF2005,2020-04-13 13:14:21.100,3723.2000,11159,1,5129975400.000,1,1,0,双开,B,3722.8000,3722.6000,3722.4000,3722.0000,3721.4000,3723.6000,3723.8000,3725.8000,3726.0000,3726.8000,1,2,1,1,3,1,5,1,2,2
SF,IF2005,2020-04-13 13:14:23.100,3723.2000,11159,0,5129975400.000,0,-,-,-,-,3722.8000,3722.6000,3722.4000,3722.0000,3721.4000,3723.4000,3723.6000,3723.8000,3725.8000,3726.0000,1,2,1,1,6,5,1,5,1,2
SF,IF2005,2020-04-13 13:14:23.600,3723.2000,11159,0,5129975400.000,0,-,-,-,-,3722.8000,3722.6000,3722.4000,3722.0000,3721.4000,3723.6000,3723.8000,3725.8000,3726.0000,3726.8000,1,2,1,1,6,1,5,1,2,2
SF,IF2005,2020-04-13 13:14:24.100,3723.2000,11159,0,5129975400.000,0,-,-,-,-,3723.4000,3722.8000,3722.6000,3722.4000,3722.0000,3725.8000,3726.0000,3726.8000,3727.0000,3728.8000,2,1,2,1,1,1,2,2,3,1
SF,IF2005,2020-04-13 13:14:24.600,3723.4000,11161,2,5132209440.000,2,2,0,双开,B,3723.4000,3722.8000,3722.6000,3722.4000,3722.0000,3723.6000,3724.0000,3724.4000,3724.6000,3724.8000,1,1,1,1,1,5,2,1,1,6
SF,IF2005,2020-04-13 13:14:25.100,3723.4000,11161,0,5132209440.000,0,-,-,-,-,3723.4000,3722.6000,3722.4000,3722.0000,3721.4000,3724.4000,3724.8000,3725.2000,3725.4000,3725.6000,1,1,1,1,6,1,4,1,3,5
SF,IF2005,2020-04-13 13:14:25.600,3723.4000,11161,0,5132209440.000,0,-,-,-,-,3723.4000,3722.6000,3722.4000,3722.0000,3721.4000,3724.0000,3724.2000,3724.4000,3724.8000,3725.2000,1,1,1,1,6,5,2,1,4,1
SF,IF2005,2020-04-13 13:14:26.100,3723.4000,11161,0,5132209440.000,0,-,-,-,-,3723.4000,3722.6000,3722.4000,3722.0000,3721.4000,3723.8000,3724.0000,3724.2000,3724.4000,3724.8000,1,1,1,1,6,1,5,1,1,4
SF,IF2005,2020-04-13 13:14:26.600,3723.4000,11161,0,5132209440.000,0,-,-,-,-,3723.4000,3722.6000,3722.4000,3722.0000,3721.4000,3723.8000,3724.0000,3724.2000,3724.4000,3724.8000,1,1,1,1,6,1,5,1,1,4
SF,IF2005,2020-04-13 13:14:28.600,3723.4000,11161,0,5132209440.000,0,-,-,-,-,3723.4000,3722.6000,3722.4000,3722.0000,3721.4000,3723.8000,3724.0000,3724.2000,3724.4000,3724.8000,1,1,1,1,6,1,5,1,1,4
SF,IF2005,2020-04-13 13:14:29.100,3723.4000,11161,0,5132209440.000,0,-,-,-,-,3723.4000,3722.6000,3722.4000,3722.0000,3721.4000,3723.8000,3724.0000,3724.4000,3724.8000,3725.2000,1,1,1,1,6,1,5,1,4,1
SF,IF2005,2020-04-13 13:14:29.600,3723.4000,11162,1,5133326460.000,1,1,0,双开,B,3722.6000,3722.4000,3722.0000,3721.4000,3721.0000,3723.8000,3724.0000,3724.8000,3725.2000,3725.4000,1,1,1,6,2,1,5,4,1,3
SF,IF2005,2020-04-13 13:14:30.100,3723.4000,11162,0,5133326460.000,0,-,-,-,-,3722.6000,3722.4000,3722.0000,3721.4000,3721.0000,3723.4000,3723.8000,3724.0000,3724.8000,3725.2000,1,1,1,6,2,8,1,5,4,1
SF,IF2005,2020-04-13 13:14:30.600,3723.4000,11162,0,5133326460.000,0,-,-,-,-,3722.4000,3722.0000,3721.4000,3721.0000,3720.8000,3723.2000,3723.4000,3724.0000,3724.8000,3725.2000,1,1,6,2,1,6,8,5,4,1
SF,IF2005,2020-04-13 13:14:31.100,3723.4000,11162,0,5133326460.000,0,-,-,-,-,3722.6000,3722.4000,3722.0000,3721.4000,3721.0000,3723.0000,3723.2000,3723.4000,3724.0000,3724.8000,1,1,1,6,2,1,1,2,5,4
SF,IF2005,2020-04-13 13:14:32.100,3723.4000,11162,0,5133326460.000,0,-,-,-,-,3722.6000,3722.4000,3722.0000,3721.4000,3721.0000,3723.2000,3723.4000,3724.0000,3724.8000,3725.2000,1,1,1,4,2,1,2,5,4,1
SF,IF2005,2020-04-13 13:14:32.600,3722.6000,11163,1,5134443240.000,1,1,0,双开,B,3722.4000,3722.0000,3721.4000,3721.0000,3720.8000,3722.6000,3723.2000,3723.4000,3724.0000,3724.8000,1,1,4,2,1,1,1,2,5,4
SF,IF2005,2020-04-13 13:14:33.100,3723.2000,11164,1,5136676980.000,2,1,1,多开,B,3722.4000,3722.0000,3721.4000,3721.0000,3720.8000,3722.8000,3724.8000,3725.2000,3725.4000,3725.6000,1,1,4,2,1,2,4,1,3,4
SF,IF2005,2020-04-13 13:14:34.600,3722.8000,11166,2,5138910660.000,2,2,0,双开,B,3722.4000,3722.0000,3721.4000,3721.0000,3720.8000,3724.8000,3725.2000,3725.4000,3725.6000,3725.8000,1,1,4,2,1,4,1,3,4,2
SF,IF2005,2020-04-13 13:14:35.100,3722.8000,11166,0,5138910660.000,0,-,-,-,-,3722.8000,3722.6000,3722.4000,3722.0000,3721.4000,3723.4000,3723.8000,3724.4000,3724.6000,3724.8000,2,2,1,1,4,8,4,2,4,1
SF,IF2005,2020-04-13 13:14:35.600,3722.8000,11166,0,5138910660.000,0,-,-,-,-,3722.8000,3722.6000,3722.4000,3722.0000,3721.4000,3723.8000,3724.4000,3724.6000,3724.8000,3725.4000,2,3,1,1,4,4,1,4,1,3
SF,IF2005,2020-04-13 13:14:36.100,3722.8000,11166,0,5138910660.000,0,-,-,-,-,3723.2000,3723.0000,3722.6000,3722.4000,3722.0000,3723.6000,3723.8000,3724.4000,3724.6000,3724.8000,1,1,2,1,1,3,4,1,4,1
SF,IF2005,2020-04-13 13:14:36.600,3722.8000,11166,0,5138910660.000,0,-,-,-,-,3723.2000,3723.0000,3722.6000,3722.4000,3722.0000,3723.6000,3723.8000,3724.4000,3724.6000,3724.8000,1,1,2,1,1,3,4,1,3,1
SF,IF2005,2020-04-13 13:14:37.100,3723.2000,11167,1,5140027620.000,1,1,0,双开,B,3723.0000,3722.6000,3722.4000,3722.0000,3721.4000,3723.6000,3723.8000,3724.4000,3724.6000,3724.8000,1,2,1,1,4,3,4,1,2,1
SF,IF2005,2020-04-13 13:14:37.600,3723.2000,11167,0,5140027620.000,0,-,-,-,-,3723.0000,3722.6000,3722.4000,3722.0000,3721.4000,3723.2000,3723.8000,3724.4000,3724.6000,3724.8000,1,2,1,1,4,2,4,1,2,1
SF,IF2005,2020-04-13 13:14:38.100,3723.2000,11169,2,5142261480.000,2,2,0,双开,B,3722.6000,3722.4000,3722.0000,3721.4000,3721.0000,3723.2000,3723.8000,3724.4000,3724.6000,3724.8000,2,1,1,4,2,1,4,1,2,1
SF,IF2005,2020-04-13 13:14:38.600,3723.2000,11169,0,5142261480.000,0,-,-,-,-,3722.6000,3722.4000,3722.0000,3721.4000,3721.0000,3722.8000,3723.8000,3724.4000,3724.6000,3724.8000,1,1,1,4,2,1,3,1,2,1
SF,IF2005,2020-04-13 13:14:39.100,3723.2000,11169,0,5142261480.000,0,-,-,-,-,3722.4000,3722.0000,3721.4000,3721.0000,3720.8000,3722.8000,3723.8000,3724.4000,3724.6000,3724.8000,1,1,4,2,1,1,3,1,2,1
SF,IF2005,2020-04-13 13:14:39.600,3722.8000,11170,1,5143378320.000,1,1,0,双开,B,3722.4000,3722.0000,3721.4000,3721.0000,3720.8000,3723.8000,3724.4000,3724.6000,3724.8000,3725.4000,1,1,4,2,1,2,1,2,1,3
SF,IF2005,2020-04-13 13:14:40.100,3722.8000,11170,0,5143378320.000,0,-,-,-,-,3722.6000,3722.4000,3722.0000,3721.4000,3721.0000,3723.4000,3723.6000,3723.8000,3724.4000,3724.6000,1,1,1,4,2,4,5,2,1,2
SF,IF2005,2020-04-13 13:14:40.600,3722.8000,11170,0,5143378320.000,0,-,-,-,-,3722.6000,3722.4000,3722.0000,3721.4000,3721.0000,3723.4000,3723.6000,3723.8000,3724.4000,3724.6000,1,1,1,4,2,3,2,2,1,2
SF,IF2005,2020-04-13 13:14:41.100,3722.8000,11170,0,5143378320.000,0,-,-,-,-,3722.6000,3722.4000,3722.0000,3721.4000,3721.0000,3723.6000,3723.8000,3724.4000,3724.6000,3724.8000,1,1,1,4,2,2,2,1,2,1
SF,IF2005,2020-04-13 13:14:41.600,3722.8000,11170,0,5143378320.000,0,-,-,-,-,3722.6000,3722.4000,3722.0000,3721.4000,3721.0000,3723.6000,3723.8000,3724.4000,3724.6000,3724.8000,1,1,1,4,2,1,2,1,2,1
SF,IF2005,2020-04-13 13:14:42.600,3722.8000,11170,0,5143378320.000,0,-,-,-,-,3722.8000,3722.6000,3722.4000,3722.0000,3721.4000,3723.6000,3723.8000,3724.4000,3724.6000,3724.8000,1,1,1,1,4,1,2,1,2,1
SF,IF2005,2020-04-13 13:14:44.100,3723.6000,11171,1,5144495400.000,1,1,0,双开,B,3722.8000,3722.6000,3722.4000,3722.0000,3721.4000,3723.8000,3724.4000,3724.6000,3724.8000,3725.4000,1,1,1,1,4,2,1,2,1,3
SF,IF2005,2020-04-13 13:14:44.600,3723.6000,11171,0,5144495400.000,0,-,-,-,-,3723.0000,3722.8000,3722.4000,3722.0000,3721.4000,3723.8000,3724.6000,3724.8000,3725.4000,3725.8000,1,1,1,1,4,3,1,1,3,2
SF,IF2005,2020-04-13 13:14:45.600,3723.6000,11171,0,5144495400.000,0,-,-,-,-,3723.0000,3722.8000,3722.4000,3722.0000,3721.4000,3724.6000,3724.8000,3725.4000,3725.8000,3726.0000,1,1,1,1,4,1,1,3,2,2
SF,IF2005,2020-04-13 13:14:46.100,3723.6000,11171,0,5144495400.000,0,-,-,-,-,3723.2000,3723.0000,3722.8000,3722.4000,3722.0000,3724.0000,3724.4000,3724.6000,3724.8000,3725.4000,1,1,1,1,1,3,1,1,1,2
SF,IF2005,2020-04-13 13:14:46.600,3723.6000,11171,0,5144495400.000,0,-,-,-,-,3723.2000,3723.0000,3722.8000,3722.4000,3722.0000,3724.0000,3724.2000,3724.4000,3724.6000,3724.8000,1,1,1,1,1,3,5,1,1,1
SF,IF2005,2020-04-13 13:14:47.100,3723.6000,11171,0,5144495400.000,0,-,-,-,-,3723.2000,3723.0000,3722.8000,3722.4000,3722.0000,3724.2000,3724.4000,3724.6000,3724.8000,3725.4000,1,1,1,1,1,5,1,1,1,2
SF,IF2005,2020-04-13 13:14:47.600,3723.6000,11171,0,5144495400.000,0,-,-,-,-,3723.2000,3723.0000,3722.4000,3722.0000,3721.4000,3724.2000,3724.4000,3724.6000,3724.8000,3725.4000,1,1,1,1,4,3,1,1,1,2
SF,IF2005,2020-04-13 13:14:48.100,3723.6000,11171,0,5144495400.000,0,-,-,-,-,3723.2000,3723.0000,3722.4000,3722.0000,3721.4000,3724.2000,3724.4000,3724.6000,3724.8000,3725.4000,1,1,1,1,1,3,1,1,1,2
SF,IF2005,2020-04-13 13:14:49.600,3723.6000,11171,0,5144495400.000,0,-,-,-,-,3723.2000,3723.0000,3722.4000,3722.0000,3721.4000,3723.4000,3724.2000,3724.4000,3724.6000,3724.8000,1,1,1,1,1,1,3,1,1,1
SF,IF2005,2020-04-13 13:14:50.100,3723.4000,11171,0,5145612420.000,1,0,1,空换,B,3723.8000,3723.4000,3723.2000,3722.4000,3722.0000,3724.2000,3724.4000,3724.6000,3724.8000,3725.4000,1,1,1,1,1,3,1,1,1,2
SF,IF2005,2020-04-13 13:14:50.600,3723.8000,11172,1,5146729560.000,1,1,0,双开,B,3723.4000,3723.2000,3722.4000,3722.0000,3721.4000,3724.2000,3724.4000,3724.6000,3724.8000,3725.4000,1,1,1,1,1,3,1,1,1,2
SF,IF2005,2020-04-13 13:14:51.100,3723.8000,11173,1,5147846700.000,1,1,0,双开,B,3723.2000,3722.4000,3722.0000,3721.4000,3721.0000,3723.6000,3723.8000,3724.4000,3724.6000,3724.8000,1,1,1,1,2,2,2,1,1,1
SF,IF2005,2020-04-13 13:14:51.600,3723.8000,11173,0,5148963840.000,1,0,1,空换,B,3723.2000,3722.4000,3722.0000,3721.4000,3721.0000,3723.8000,3724.4000,3724.6000,3724.8000,3725.4000,1,1,1,1,2,2,1,1,1,2
SF,IF2005,2020-04-13 13:14:52.100,3723.4000,11174,1,5150080860.000,1,1,0,双开,B,3723.2000,3722.4000,3722.0000,3721.4000,3721.0000,3723.8000,3724.4000,3724.6000,3724.8000,3725.4000,1,1,1,1,2,1,1,1,1,2
SF,IF2005,2020-04-13 13:14:52.600,3723.2000,11174,0,5151197820.000,1,0,1,空换,B,3722.4000,3722.0000,3721.4000,3721.0000,3720.8000,3723.8000,3724.4000,3724.6000,3724.8000,3725.4000,1,1,1,2,1,1,1,1,1,2
SF,IF2005,2020-04-13 13:14:53.100,3723.2000,11174,0,5151197820.000,0,-,-,-,-,3723.0000,3722.8000,3722.4000,3722.0000,3721.4000,3723.8000,3724.4000,3724.6000,3724.8000,3725.4000,1,2,1,1,1,1,1,1,1,2
SF,IF2005,2020-04-13 13:14:53.600,3723.0000,11175,1,5152314720.000,1,1,0,双开,B,3722.8000,3722.4000,3722.0000,3721.4000,3721.0000,3723.8000,3724.4000,3724.6000,3724.8000,3725.4000,2,1,1,1,2,1,1,1,1,2
SF,IF2005,2020-04-13 13:14:54.100,3723.0000,11175,0,5152314720.000,0,-,-,-,-,3722.8000,3722.4000,3722.0000,3721.4000,3721.0000,3723.2000,3723.6000,3724.6000,3724.8000,3725.4000,2,1,1,1,2,1,1,1,1,2
SF,IF2005,2020-04-13 13:14:54.600,3723.6000,11176,1,5154548760.000,2,1,1,多开,B,3723.0000,3722.8000,3722.4000,3722.0000,3721.4000,3724.6000,3724.8000,3725.4000,3725.8000,3726.0000,1,2,1,1,1,1,1,2,1,2
SF,IF2005,2020-04-13 13:14:55.100,3723.6000,11176,0,5154548760.000,0,-,-,-,-,3722.8000,3722.4000,3722.0000,3721.4000,3721.0000,3724.0000,3724.2000,3724.4000,3724.6000,3724.8000,2,1,1,1,2,5,2,2,1,1
SF,IF2005,2020-04-13 13:14:55.600,3723.6000,11176,0,5154548760.000,0,-,-,-,-,3722.8000,3722.4000,3722.0000,3721.4000,3721.0000,3724.2000,3724.4000,3724.6000,3724.8000,3725.4000,2,1,1,1,2,2,2,1,1,2
SF,IF2005,2020-04-13 13:14:56.600,3723.6000,11176,0,5154548760.000,0,-,-,-,-,3723.0000,3722.8000,3722.4000,3722.0000,3721.4000,3724.0000,3724.2000,3724.4000,3724.6000,3724.8000,1,2,1,1,1,3,2,1,1,1
SF,IF2005,2020-04-13 13:14:57.100,3723.6000,11176,0,5154548760.000,0,-,-,-,-,3723.0000,3722.8000,3722.4000,3722.0000,3721.4000,3724.2000,3724.4000,3724.6000,3724.8000,3725.4000,1,2,1,1,1,2,1,1,1,2
SF,IF2005,2020-04-13 13:14:57.600,3724.2000,11175,-1,5156783280.000,2,0,2,空平,B,3724.0000,3723.4000,3723.2000,3722.4000,3722.0000,3724.6000,3724.8000,3725.4000,3725.8000,3726.0000,1,1,2,1,1,1,1,2,1,2
SF,IF2005,2020-04-13 13:14:58.100,3724.2000,11176,1,5159017920.000,2,1,1,多开,B,3724.2000,3724.0000,3723.6000,3722.4000,3722.0000,3725.8000,3726.0000,3726.8000,3727.0000,3727.8000,1,1,2,1,1,1,2,1,1,1
SF,IF2005,2020-04-13 13:14:58.600,3724.2000,11176,0,5159017920.000,0,-,-,-,-,3724.4000,3722.4000,3722.0000,3721.4000,3721.0000,3725.2000,3725.4000,3725.8000,3726.0000,3726.8000,2,1,1,1,2,5,3,1,2,1
SF,IF2005,2020-04-13 13:14:59.100,3724.2000,11176,0,5159017920.000,0,-,-,-,-,3724.6000,3724.4000,3722.4000,3722.0000,3721.4000,3725.8000,3726.0000,3726.8000,3727.0000,3727.8000,1,2,1,1,1,1,2,1,1,1
SF,IF2005,2020-04-13 13:14:59.600,3725.4000,11177,1,5160135540.000,1,1,0,双开,B,3724.6000,3724.4000,3722.4000,3722.0000,3721.4000,3725.4000,3725.6000,3725.8000,3726.0000,3726.8000,1,1,1,1,1,4,3,1,2,1
SF,IF2005,2020-04-13 13:15:00.100,3724.6000,11178,1,5161252920.000,1,1,0,双开,B,3724.4000,3722.4000,3722.0000,3721.4000,3721.0000,3724.6000,3725.0000,3725.2000,3725.4000,3725.6000,1,1,1,1,2,1,5,1,7,1
SF,IF2005,2020-04-13 13:15:00.600,3724.6000,11178,0,5161252920.000,0,-,-,-,-,3722.4000,3722.0000,3721.4000,3721.0000,3720.8000,3724.6000,3725.0000,3725.2000,3725.4000,3725.8000,1,1,1,2,1,7,5,1,5,1
SF,IF2005,2020-04-13 13:15:01.100,3724.6000,11178,0,5161252920.000,0,-,-,-,-,3723.2000,3723.0000,3722.8000,3722.6000,3722.4000,3724.2000,3724.4000,3724.6000,3725.0000,3725.4000,1,1,1,1,1,1,2,6,5,5
SF,IF2005,2020-04-13 13:15:01.600,3723.2000,11178,0,5162369880.000,1,0,1,空换,B,3723.0000,3722.8000,3722.6000,3722.4000,3722.0000,3724.2000,3724.4000,3724.6000,3725.0000,3725.4000,1,1,1,1,1,1,1,6,5,1
SF,IF2005,2020-04-13 13:15:02.100,3723.2000,11178,0,5162369880.000,0,-,-,-,-,3723.4000,3723.2000,3722.6000,3722.4000,3722.0000,3724.4000,3724.6000,3725.0000,3725.8000,3726.0000,2,1,1,1,1,1,6,5,1,2
SF,IF2005,2020-04-13 13:15:02.600,3723.8000,11179,1,5163487020.000,1,1,0,双开,B,3723.6000,3723.4000,3723.2000,3722.6000,3722.4000,3724.6000,3725.0000,3725.8000,3726.0000,3726.8000,1,2,2,1,1,1,5,1,2,1
SF,IF2005,2020-04-13 13:15:03.600,3723.8000,11179,0,5163487020.000,0,-,-,-,-,3723.6000,3723.4000,3723.2000,3722.6000,3722.4000,3724.0000,3725.0000,3725.8000,3726.0000,3726.8000,1,2,2,1,1,1,5,1,2,1
SF,IF2005,2020-04-13 13:15:04.100,3724.0000,11179,0,5164604220.000,1,0,1,空换,B,3724.0000,3723.6000,3723.4000,3723.2000,3722.6000,3725.0000,3725.8000,3726.0000,3726.8000,3727.0000,1,1,2,2,1,5,1,2,1,1
SF,IF2005,2020-04-13 13:15:04.600,3724.0000,11179,0,5164604220.000,0,-,-,-,-,3724.0000,3723.6000,3723.4000,3723.2000,3722.6000,3725.0000,3725.8000,3726.0000,3726.8000,3727.0000,1,1,1,2,1,5,1,2,1,1
SF,IF2005,2020-04-13 13:15:05.100,3724.0000,11179,0,5164604220.000,0,-,-,-,-,3724.4000,3723.6000,3723.4000,3723.2000,3722.6000,3724.6000,3724.8000,3725.0000,3725.8000,3726.0000,1,1,1,2,1,5,2,5,1,2
SF,IF2005,2020-04-13 13:15:05.600,3724.4000,11179,0,5165721540.000,1,0,1,空换,B,3723.6000,3723.4000,3723.2000,3722.6000,3722.4000,3724.4000,3724.6000,3724.8000,3725.0000,3725.8000,1,1,2,1,1,1,5,1,5,1
SF,IF2005,2020-04-13 13:15:06.100,3724.4000,11179,0,5165721540.000,0,-,-,-,-,3723.6000,3723.4000,3723.2000,3722.6000,3722.4000,3724.4000,3724.8000,3725.0000,3725.8000,3726.0000,1,1,2,1,1,1,1,5,1,2
SF,IF2005,2020-04-13 13:15:06.600,3724.4000,11179,0,5165721540.000,0,-,-,-,-,3723.6000,3723.4000,3723.2000,3722.6000,3722.4000,3724.0000,3725.0000,3725.8000,3726.0000,3726.8000,1,1,2,1,1,1,5,1,2,1
SF,IF2005,2020-04-13 13:15:07.100,3724.4000,11179,0,5165721540.000,0,-,-,-,-,3723.2000,3722.6000,3722.4000,3722.0000,3721.4000,3724.0000,3724.2000,3725.0000,3725.8000,3726.0000,2,1,1,1,1,1,2,5,1,2
SF,IF2005,2020-04-13 13:15:07.600,3724.4000,11179,0,5165721540.000,0,-,-,-,-,3722.4000,3722.0000,3721.4000,3721.2000,3721.0000,3724.2000,3725.0000,3725.8000,3726.0000,3726.8000,1,1,1,1,2,2,5,1,2,1
SF,IF2005,2020-04-13 13:15:08.100,3724.4000,11180,1,5167956180.000,2,1,1,多开,B,3722.6000,3722.4000,3722.0000,3721.4000,3721.2000,3723.6000,3725.0000,3725.8000,3726.0000,3726.8000,3,1,1,1,1,1,5,1,2,1
SF,IF2005,2020-04-13 13:15:08.600,3723.6000,11181,1,5169073260.000,1,1,0,双开,B,3723.6000,3723.0000,3722.6000,3722.4000,3722.0000,3725.8000,3726.0000,3726.8000,3727.0000,3727.8000,1,1,2,1,1,1,2,1,1,1
SF,IF2005,2020-04-13 13:15:09.100,3723.6000,11181,0,5169073260.000,0,-,-,-,-,3723.6000,3722.6000,3722.4000,3722.0000,3721.4000,3724.0000,3724.4000,3724.8000,3725.2000,3725.4000,1,1,1,1,1,1,5,3,1,5
SF,IF2005,2020-04-13 13:15:09.600,3724.0000,11182,1,5170190460.000,1,1,0,双开,B,3722.4000,3722.0000,3721.4000,3721.2000,3721.0000,3724.0000,3724.8000,3725.4000,3725.6000,3725.8000,1,1,1,1,2,3,3,4,3,5
SF,IF2005,2020-04-13 13:15:10.100,3724.0000,11182,0,5170190460.000,0,-,-,-,-,3723.2000,3723.0000,3722.4000,3722.0000,3721.4000,3724.0000,3724.8000,3725.4000,3725.6000,3725.8000,2,1,1,1,1,3,3,3,3,5
SF,IF2005,2020-04-13 13:15:11.100,3724.0000,11182,0,5170190460.000,0,-,-,-,-,3723.2000,3723.0000,3722.4000,3722.0000,3721.4000,3724.8000,3725.4000,3725.6000,3725.8000,3726.0000,2,1,1,1,1,3,3,3,1,2
SF,IF2005,2020-04-13 13:15:11.600,3724.0000,11182,0,5170190460.000,0,-,-,-,-,3723.2000,3723.0000,3722.4000,3722.2000,3722.0000,3724.6000,3724.8000,3725.4000,3725.6000,3725.8000,2,1,1,1,1,3,3,3,3,1
SF,IF2005,2020-04-13 13:15:13.100,3724.0000,11182,0,5170190460.000,0,-,-,-,-,3723.4000,3723.2000,3723.0000,3722.4000,3722.2000,3724.4000,3724.8000,3725.4000,3725.6000,3725.8000,1,2,1,1,1,3,3,3,3,1
SF,IF2005,2020-04-13 13:15:13.600,3724.0000,11182,0,5170190460.000,0,-,-,-,-,3723.6000,3723.4000,3723.2000,3723.0000,3722.4000,3724.4000,3724.8000,3725.4000,3725.6000,3725.8000,1,1,1,1,1,3,3,3,3,1
SF,IF2005,2020-04-13 13:15:14.600,3724.0000,11182,0,5170190460.000,0,-,-,-,-,3723.6000,3723.4000,3723.2000,3723.0000,3722.4000,3724.2000,3724.8000,3725.4000,3725.6000,3725.8000,1,1,1,1,1,3,3,3,3,1
SF,IF2005,2020-04-13 13:15:15.100,3724.0000,11182,0,5170190460.000,0,-,-,-,-,3723.6000,3723.4000,3723.2000,3723.0000,3722.4000,3724.8000,3725.4000,3725.6000,3725.8000,3726.0000,1,1,1,1,1,3,3,3,1,2
SF,IF2005,2020-04-13 13:15:15.600,3724.0000,11182,0,5170190460.000,0,-,-,-,-,3723.6000,3723.4000,3723.2000,3723.0000,3722.4000,3724.6000,3724.8000,3725.4000,3725.6000,3725.8000,1,1,1,1,1,3,3,3,3,1
SF,IF2005,2020-04-13 13:15:16.100,3724.0000,11182,0,5170190460.000,0,-,-,-,-,3723.6000,3723.2000,3723.0000,3722.4000,3722.2000,3724.4000,3724.8000,3725.4000,3725.6000,3725.8000,1,1,1,1,1,3,3,3,3,1
SF,IF2005,2020-04-13 13:15:16.600,3723.6000,11182,0,5171307540.000,1,0,1,空换,B,3723.0000,3722.4000,3722.2000,3722.0000,3721.4000,3724.4000,3724.8000,3725.4000,3725.6000,3725.8000,1,1,1,1,1,3,3,3,3,1
SF,IF2005,2020-04-13 13:15:17.100,3723.6000,11182,0,5171307540.000,0,-,-,-,-,3723.4000,3723.2000,3723.0000,3722.4000,3722.2000,3724.4000,3724.8000,3725.4000,3725.6000,3725.8000,1,1,1,1,1,3,3,3,3,1
SF,IF2005,2020-04-13 13:15:18.100,3723.6000,11182,0,5171307540.000,0,-,-,-,-,3723.4000,3723.2000,3723.0000,3722.4000,3722.2000,3724.4000,3724.8000,3725.4000,3725.6000,3725.8000,2,1,1,1,1,3,3,3,3,1
SF,IF2005,2020-04-13 13:15:19.100,3723.6000,11182,0,5171307540.000,0,-,-,-,-,3723.4000,3723.2000,3723.0000,3722.4000,3722.2000,3724.4000,3724.8000,3725.4000,3725.6000,3725.8000,2,1,1,1,1,3,3,3,2,1
SF,IF2005,2020-04-13 13:15:20.100,3723.6000,11182,0,5171307540.000,0,-,-,-,-,3723.4000,3723.2000,3723.0000,3722.4000,3722.2000,3724.8000,3725.4000,3725.6000,3725.8000,3726.0000,1,1,1,1,1,3,3,2,1,2
SF,IF2005,2020-04-13 13:15:20.600,3723.6000,11182,0,5171307540.000,0,-,-,-,-,3723.6000,3723.4000,3723.2000,3723.0000,3722.4000,3724.4000,3724.6000,3724.8000,3725.4000,3725.6000,1,1,1,1,1,1,4,3,3,2
SF,IF2005,2020-04-13 13:15:21.100,3723.6000,11182,0,5171307540.000,0,-,-,-,-,3723.6000,3723.4000,3723.2000,3723.0000,3722.4000,3724.4000,3724.6000,3724.8000,3725.4000,3725.6000,1,1,1,1,1,1,4,3,2,2
SF,IF2005,2020-04-13 13:15:21.600,3723.6000,11182,0,5171307540.000,0,-,-,-,-,3723.6000,3723.4000,3723.2000,3723.0000,3722.4000,3724.4000,3724.6000,3724.8000,3725.4000,3725.6000,1,1,1,1,1,1,4,3,2,2
SF,IF2005,2020-04-13 13:15:22.100,3723.8000,11183,1,5172424680.000,1,1,0,双开,B,3723.6000,3723.4000,3723.2000,3722.4000,3722.2000,3723.8000,3724.4000,3724.6000,3724.8000,3725.4000,1,1,1,1,1,2,1,1,1,1
SF,IF2005,2020-04-13 13:15:22.600,3723.8000,11183,0,5173541820.000,1,0,1,空换,B,3723.6000,3723.4000,3723.2000,3722.4000,3722.2000,3724.4000,3724.6000,3724.8000,3725.4000,3725.6000,1,1,1,1,1,1,1,1,1,2
SF,IF2005,2020-04-13 13:15:23.100,3723.8000,11183,0,5173541820.000,0,-,-,-,-,3723.4000,3723.2000,3722.4000,3722.2000,3722.0000,3724.4000,3724.6000,3724.8000,3725.4000,3725.6000,1,1,1,1,1,1,1,1,1,2
SF,IF2005,2020-04-13 13:15:23.600,3723.8000,11183,0,5173541820.000,0,-,-,-,-,3723.4000,3723.2000,3722.4000,3722.2000,3722.0000,3724.4000,3724.6000,3724.8000,3725.4000,3725.6000,1,1,1,1,1,1,1,1,1,1
SF,IF2005,2020-04-13 13:15:24.100,3723.8000,11183,0,5173541820.000,0,-,-,-,-,3723.4000,3723.2000,3722.4000,3722.2000,3722.0000,3724.4000,3724.6000,3724.8000,3725.4000,3725.6000,1,1,1,1,1,1,1,1,1,1
SF,IF2005,2020-04-13 13:15:24.600,3724.4000,11184,1,5174659140.000,1,1,0,双开,B,3723.6000,3723.4000,3722.4000,3722.2000,3722.0000,3724.6000,3724.8000,3725.4000,3725.6000,3725.8000,2,1,1,1,1,1,1,1,1,1
SF,IF2005,2020-04-13 13:15:25.100,3724.4000,11184,0,5174659140.000,0,-,-,-,-,3723.6000,3723.4000,3722.4000,3722.2000,3722.0000,3724.6000,3724.8000,3725.4000,3725.6000,3725.8000,2,1,1,1,1,2,1,1,1,1
SF,IF2005,2020-04-13 13:15:27.600,3724.4000,11184,0,5174659140.000,0,-,-,-,-,3723.6000,3723.4000,3722.4000,3722.2000,3722.0000,3724.6000,3724.8000,3725.4000,3725.6000,3725.8000,2,1,1,1,1,1,1,1,1,1
SF,IF2005,2020-04-13 13:15:28.600,3724.4000,11184,0,5174659140.000,0,-,-,-,-,3723.6000,3723.4000,3722.4000,3722.2000,3722.0000,3724.6000,3725.4000,3725.6000,3725.8000,3726.0000,2,1,1,1,1,1,1,1,1,2
SF,IF2005,2020-04-13 13:15:29.100,3724.4000,11184,0,5174659140.000,0,-,-,-,-,3723.8000,3723.6000,3722.4000,3722.2000,3722.0000,3724.6000,3725.4000,3725.6000,3725.8000,3726.0000,1,2,1,1,1,1,1,1,1,2
SF,IF2005,2020-04-13 13:15:29.600,3724.4000,11184,0,5174659140.000,0,-,-,-,-,3723.8000,3723.6000,3722.4000,3722.2000,3722.0000,3724.4000,3724.6000,3725.4000,3725.6000,3725.8000,1,2,1,1,1,1,2,1,1,1
SF,IF2005,2020-04-13 13:15:30.100,3724.4000,11185,1,5175776460.000,1,1,0,双开,B,3723.8000,3723.6000,3722.4000,3722.2000,3722.0000,3724.2000,3724.6000,3725.4000,3725.6000,3725.8000,1,2,1,1,1,1,1,1,1,1
SF,IF2005,2020-04-13 13:15:30.600,3724.4000,11185,0,5175776460.000,0,-,-,-,-,3723.6000,3722.4000,3722.2000,3722.0000,3721.4000,3724.6000,3725.4000,3725.6000,3725.8000,3726.0000,2,1,1,1,1,1,1,1,1,2
SF,IF2005,2020-04-13 13:15:31.100,3724.4000,11185,0,5175776460.000,0,-,-,-,-,3723.6000,3722.4000,3722.2000,3722.0000,3721.4000,3724.4000,3724.6000,3725.4000,3725.6000,3725.8000,2,1,1,1,1,1,1,1,1,1
SF,IF2005,2020-04-13 13:15:31.600,3724.4000,11185,0,5175776460.000,0,-,-,-,-,3723.6000,3722.4000,3722.2000,3722.0000,3721.4000,3724.2000,3724.4000,3724.6000,3725.4000,3725.6000,2,1,1,1,1,1,2,1,1,1
SF,IF2005,2020-04-13 13:15:32.100,3724.2000,11186,1,5176893720.000,1,1,0,双开,B,3723.6000,3722.4000,3722.2000,3722.0000,3721.4000,3724.6000,3725.4000,3725.6000,3725.8000,3726.0000,2,1,1,1,1,1,1,1,1,2
SF,IF2005,2020-04-13 13:15:32.600,3724.2000,11186,0,5176893720.000,0,-,-,-,-,3723.8000,3723.6000,3722.4000,3722.2000,3722.0000,3724.6000,3725.4000,3725.6000,3725.8000,3726.0000,1,2,1,1,1,1,1,1,1,2
SF,IF2005,2020-04-13 13:15:33.100,3724.2000,11186,0,5176893720.000,0,-,-,-,-,3723.8000,3723.6000,3722.4000,3722.2000,3722.0000,3724.4000,3724.6000,3725.4000,3725.6000,3725.8000,1,2,1,1,1,1,1,1,1,1
SF,IF2005,2020-04-13 13:15:33.600,3724.4000,11187,1,5178011040.000,1,1,0,双开,B,3723.8000,3723.6000,3722.4000,3722.2000,3722.0000,3724.4000,3725.4000,3725.6000,3725.8000,3726.0000,1,2,1,1,1,1,1,1,1,2
SF,IF2005,2020-04-13 13:15:35.100,3724.4000,11188,1,5179128360.000,1,1,0,双开,B,3723.8000,3723.6000,3722.4000,3722.2000,3722.0000,3725.4000,3725.6000,3725.8000,3726.0000,3726.8000,1,2,1,1,1,1,1,1,2,1
SF,IF2005,2020-04-13 13:15:35.600,3724.4000,11188,0,5179128360.000,0,-,-,-,-,3724.0000,3723.8000,3723.6000,3722.4000,3722.2000,3724.8000,3725.2000,3725.4000,3725.6000,3725.8000,1,1,1,1,1,1,2,1,1,1
SF,IF2005,2020-04-13 13:15:36.100,3724.4000,11188,0,5179128360.000,0,-,-,-,-,3724.0000,3723.8000,3723.6000,3722.4000,3722.2000,3724.6000,3724.8000,3725.2000,3725.4000,3725.6000,1,1,1,1,1,1,1,2,1,1
SF,IF2005,2020-04-13 13:15:36.600,3724.0000,11188,0,5180245560.000,1,0,1,空换,B,3723.8000,3723.6000,3722.4000,3722.2000,3722.0000,3724.6000,3724.8000,3725.2000,3725.4000,3725.6000,1,1,1,1,1,1,1,1,1,1
SF,IF2005,2020-04-13 13:15:39.100,3724.0000,11188,0,5180245560.000,0,-,-,-,-,3723.8000,3723.6000,3722.4000,3722.2000,3722.0000,3724.6000,3725.2000,3725.4000,3725.6000,3725.8000,1,1,1,1,1,2,1,1,1,1
SF,IF2005,2020-04-13 13:15:39.600,3724.6000,11189,1,5181362940.000,1,1,0,双开,B,3723.8000,3723.6000,3722.4000,3722.2000,3722.0000,3724.4000,3724.6000,3725.2000,3725.4000,3725.6000,1,1,1,1,1,1,1,1,1,1
SF,IF2005,2020-04-13 13:15:41.100,3724.4000,11190,1,5182480260.000,1,1,0,双开,B,3723.8000,3723.6000,3722.4000,3722.2000,3722.0000,3724.4000,3724.6000,3725.2000,3725.4000,3725.6000,1,1,1,1,1,1,1,1,1,1
SF,IF2005,2020-04-13 13:15:41.600,3724.4000,11190,0,5182480260.000,0,-,-,-,-,3723.8000,3723.6000,3722.4000,3722.2000,3722.0000,3724.4000,3724.6000,3725.2000,3725.4000,3725.8000,1,1,1,1,1,1,1,1,1,1
SF,IF2005,2020-04-13 13:15:42.600,3724.4000,11190,0,5182480260.000,0,-,-,-,-,3723.8000,3723.6000,3722.4000,3722.2000,3722.0000,3724.4000,3725.2000,3725.4000,3725.8000,3726.0000,1,1,1,1,1,1,1,1,1,2
SF,IF2005,2020-04-13 13:15:45.100,3724.4000,11191,1,5183597580.000,1,1,0,双开,B,3723.8000,3723.6000,3722.4000,3722.2000,3722.0000,3724.4000,3725.2000,3725.4000,3725.8000,3726.0000,1,1,1,1,1,1,1,1,1,2
SF,IF2005,2020-04-13 13:15:45.600,3724.4000,11191,0,5183597580.000,0,-,-,-,-,3723.8000,3723.6000,3722.4000,3722.2000,3722.0000,3724.2000,3724.4000,3725.2000,3725.4000,3725.8000,1,1,1,1,1,1,1,1,1,1
SF,IF2005,2020-04-13 13:15:46.100,3724.4000,11191,0,5183597580.000,0,-,-,-,-,3723.8000,3723.6000,3722.4000,3722.2000,3722.0000,3724.4000,3725.2000,3725.4000,3725.8000,3726.0000,1,1,1,1,1,1,1,1,1,2
SF,IF2005,2020-04-13 13:15:46.600,3724.4000,11191,0,5183597580.000,0,-,-,-,-,3724.2000,3723.8000,3723.6000,3722.4000,3722.2000,3724.4000,3725.2000,3725.4000,3725.8000,3726.0000,1,1,1,1,1,1,1,1,1,2
SF,IF2005,2020-04-13 13:15:47.100,3724.2000,11192,1,5184714840.000,1,1,0,双开,B,3723.6000,3722.4000,3722.2000,3722.0000,3721.4000,3725.2000,3725.4000,3725.8000,3726.0000,3726.8000,1,1,1,1,1,1,1,1,2,1
SF,IF2005,2020-04-13 13:15:47.600,3724.2000,11192,0,5184714840.000,0,-,-,-,-,3722.4000,3722.2000,3722.0000,3721.4000,3721.2000,3724.2000,3724.4000,3724.6000,3725.0000,3725.2000,1,1,1,1,1,1,1,5,2,1
SF,IF2005,2020-04-13 13:15:48.100,3724.2000,11192,0,5184714840.000,0,-,-,-,-,3723.0000,3722.8000,3722.6000,3722.4000,3722.2000,3724.2000,3724.6000,3725.0000,3725.4000,3725.8000,1,2,4,1,1,2,5,1,1,1
SF,IF2005,2020-04-13 13:15:48.600,3724.2000,11192,0,5184714840.000,0,-,-,-,-,3723.2000,3723.0000,3722.8000,3722.6000,3722.4000,3723.8000,3724.0000,3724.2000,3724.6000,3725.0000,1,1,2,3,1,1,1,1,5,1
SF,IF2005,2020-04-13 13:15:49.100,3724.2000,11194,2,5186949240.000,2,2,0,双开,B,3723.2000,3723.0000,3722.8000,3722.6000,3722.4000,3725.0000,3725.4000,3725.8000,3726.0000,3726.8000,1,1,1,3,1,1,1,1,2,1
SF,IF2005,2020-04-13 13:15:49.600,3724.2000,11194,0,5186949240.000,0,-,-,-,-,3723.4000,3723.2000,3722.8000,3722.6000,3722.4000,3724.8000,3725.4000,3725.8000,3726.0000,3726.8000,1,1,1,3,1,2,1,1,2,1
SF,IF2005,2020-04-13 13:15:50.100,3724.2000,11194,0,5186949240.000,0,-,-,-,-,3723.6000,3723.4000,3722.8000,3722.6000,3722.4000,3724.6000,3724.8000,3725.4000,3725.8000,3726.0000,1,1,1,3,1,1,2,1,1,2
SF,IF2005,2020-04-13 13:15:55.600,3723.6000,11194,0,5188066320.000,1,0,1,空换,B,3723.4000,3722.8000,3722.6000,3722.4000,3722.2000,3724.6000,3724.8000,3725.4000,3725.8000,3726.0000,1,1,3,1,1,1,2,1,1,2
SF,IF2005,2020-04-13 13:15:56.100,3723.6000,11194,0,5188066320.000,0,-,-,-,-,3723.4000,3722.8000,3722.6000,3722.4000,3722.2000,3724.4000,3724.6000,3724.8000,3725.4000,3725.8000,1,1,3,1,1,1,1,1,1,1
SF,IF2005,2020-04-13 13:15:56.600,3723.6000,11194,0,5188066320.000,0,-,-,-,-,3723.4000,3722.8000,3722.6000,3722.4000,3722.2000,3724.4000,3724.8000,3725.4000,3725.8000,3726.0000,1,1,3,1,1,1,1,1,1,2
SF,IF2005,2020-04-13 13:15:57.100,3723.6000,11194,0,5188066320.000,0,-,-,-,-,3723.4000,3722.8000,3722.6000,3722.4000,3722.2000,3724.4000,3725.4000,3725.8000,3726.0000,3726.8000,1,1,3,1,1,2,1,1,2,1
SF,IF2005,2020-04-13 13:15:57.600,3723.6000,11194,0,5188066320.000,0,-,-,-,-,3723.4000,3722.8000,3722.6000,3722.4000,3722.2000,3724.4000,3725.4000,3725.8000,3726.0000,3726.8000,1,1,2,1,1,1,1,1,2,1
SF,IF2005,2020-04-13 13:15:58.100,3723.6000,11194,0,5188066320.000,0,-,-,-,-,3723.4000,3722.8000,3722.6000,3722.4000,3722.2000,3724.4000,3724.6000,3725.4000,3725.8000,3726.0000,1,1,2,1,1,1,1,1,1,2
SF,IF2005,2020-04-13 13:15:58.600,3723.6000,11194,0,5188066320.000,0,-,-,-,-,3723.4000,3723.2000,3722.8000,3722.6000,3722.4000,3724.4000,3724.6000,3725.4000,3725.8000,3726.0000,1,1,1,2,1,1,1,1,1,2
SF,IF2005,2020-04-13 13:16:02.100,3723.4000,11193,-1,5189183340.000,1,0,1,双平,B,3723.2000,3722.8000,3722.6000,3722.4000,3722.2000,3724.4000,3724.6000,3725.4000,3725.8000,3726.0000,1,1,2,1,1,1,1,1,1,2
SF,IF2005,2020-04-13 13:16:02.600,3723.4000,11194,1,5190300360.000,1,1,0,双开,B,3723.6000,3723.4000,3723.2000,3722.8000,3722.6000,3724.4000,3724.6000,3725.4000,3725.8000,3726.0000,1,1,1,1,2,1,1,1,1,2
SF,IF2005,2020-04-13 13:16:07.600,3723.4000,11194,0,5190300360.000,0,-,-,-,-,3723.4000,3723.2000,3722.8000,3722.6000,3722.4000,3724.4000,3724.6000,3725.4000,3725.8000,3726.0000,1,1,1,2,1,1,1,1,1,2
SF,IF2005,2020-04-13 13:16:08.600,3723.4000,11194,0,5190300360.000,0,-,-,-,-,3723.4000,3723.2000,3722.8000,3722.6000,3722.4000,3724.4000,3724.6000,3725.4000,3725.8000,3726.0000,2,1,1,2,1,1,1,1,1,2
SF,IF2005,2020-04-13 13:16:09.100,3724.6000,11195,1,5192535060.000,2,1,1,多开,B,3723.4000,3723.2000,3722.8000,3722.6000,3722.4000,3725.4000,3725.8000,3726.0000,3726.8000,3727.0000,2,1,1,2,1,1,1,2,1,1
SF,IF2005,2020-04-13 13:16:09.600,3724.6000,11195,0,5192535060.000,0,-,-,-,-,3723.6000,3723.4000,3723.2000,3722.6000,3722.4000,3724.8000,3725.0000,3725.2000,3725.4000,3725.8000,3,3,1,2,1,5,2,2,1,1
SF,IF2005,2020-04-13 13:16:10.100,3724.6000,11195,0,5192535060.000,0,-,-,-,-,3723.6000,3723.4000,3723.2000,3722.6000,3722.4000,3724.6000,3724.8000,3725.0000,3725.2000,3725.4000,2,3,1,2,1,2,5,2,1,1
SF,IF2005,2020-04-13 13:16:10.600,3724.6000,11195,0,5192535060.000,0,-,-,-,-,3723.6000,3723.4000,3723.2000,3722.6000,3722.4000,3724.6000,3724.8000,3725.0000,3725.2000,3725.4000,2,3,1,2,1,1,5,2,1,1
SF,IF2005,2020-04-13 13:16:11.100,3724.6000,11195,0,5192535060.000,0,-,-,-,-,3723.6000,3723.4000,3723.2000,3722.6000,3722.4000,3724.6000,3725.0000,3725.2000,3725.4000,3725.8000,2,3,1,2,1,2,2,1,1,1
SF,IF2005,2020-04-13 13:16:11.600,3724.6000,11195,0,5192535060.000,0,-,-,-,-,3723.6000,3723.4000,3723.2000,3722.6000,3722.4000,3724.6000,3725.2000,3725.4000,3725.8000,3726.0000,2,3,1,2,1,2,1,1,1,2
SF,IF2005,2020-04-13 13:16:13.100,3724.6000,11195,0,5192535060.000,0,-,-,-,-,3723.6000,3723.4000,3723.2000,3722.6000,3722.4000,3724.6000,3725.2000,3725.4000,3725.8000,3726.0000,2,2,1,2,1,2,1,1,1,2
SF,IF2005,2020-04-13 13:16:13.600,3724.6000,11196,1,5194769820.000,2,1,1,多开,B,3723.6000,3723.4000,3723.2000,3722.6000,3722.4000,3725.4000,3725.8000,3726.0000,3726.8000,3727.0000,2,2,1,2,1,1,1,2,1,1
SF,IF2005,2020-04-13 13:16:14.100,3724.6000,11196,0,5194769820.000,0,-,-,-,-,3724.6000,3723.8000,3723.6000,3723.4000,3723.2000,3725.2000,3725.4000,3725.8000,3726.0000,3726.8000,1,1,2,2,1,2,1,1,2,1
SF,IF2005,2020-04-13 13:16:14.600,3724.6000,11196,0,5194769820.000,0,-,-,-,-,3724.6000,3724.0000,3723.8000,3723.4000,3723.2000,3725.2000,3725.4000,3725.8000,3726.0000,3726.8000,1,2,1,2,1,2,1,1,2,1
SF,IF2005,2020-04-13 13:16:15.100,3724.6000,11196,0,5194769820.000,0,-,-,-,-,3724.6000,3723.8000,3723.4000,3723.2000,3722.6000,3725.8000,3726.0000,3726.8000,3727.0000,3727.8000,1,1,2,1,2,1,2,1,1,1
SF,IF2005,2020-04-13 13:16:15.600,3724.6000,11196,0,5194769820.000,0,-,-,-,-,3725.2000,3724.6000,3723.8000,3723.4000,3723.2000,3725.6000,3725.8000,3726.0000,3726.8000,3727.0000,1,1,1,2,1,2,1,2,1,1
SF,IF2005,2020-04-13 13:16:16.100,3725.2000,11197,1,5195887380.000,1,1,0,双开,B,3724.6000,3723.8000,3723.4000,3723.2000,3722.6000,3725.4000,3725.6000,3725.8000,3726.0000,3726.8000,1,1,2,1,2,5,2,1,2,1
SF,IF2005,2020-04-13 13:16:16.600,3725.2000,11197,0,5195887380.000,0,-,-,-,-,3724.8000,3724.6000,3723.8000,3723.4000,3723.2000,3725.2000,3725.6000,3726.0000,3726.8000,3727.0000,1,1,1,2,1,1,2,2,1,1
SF,IF2005,2020-04-13 13:16:17.100,3725.2000,11197,0,5195887380.000,0,-,-,-,-,3724.8000,3724.6000,3723.8000,3723.4000,3723.2000,3725.6000,3726.0000,3726.8000,3727.0000,3727.8000,1,1,1,2,1,2,2,1,1,1
SF,IF2005,2020-04-13 13:16:17.600,3725.2000,11197,0,5195887380.000,0,-,-,-,-,3724.8000,3724.6000,3723.8000,3723.4000,3723.2000,3725.6000,3726.0000,3726.8000,3727.0000,3727.8000,1,1,1,2,1,2,2,1,1,1
SF,IF2005,2020-04-13 13:16:18.100,3725.2000,11197,0,5195887380.000,0,-,-,-,-,3724.8000,3724.6000,3723.8000,3723.4000,3723.2000,3725.6000,3726.0000,3726.8000,3727.0000,3727.8000,1,1,1,2,1,2,2,1,1,1
SF,IF2005,2020-04-13 13:16:18.600,3725.2000,11197,0,5195887380.000,0,-,-,-,-,3724.8000,3723.8000,3723.4000,3723.2000,3722.6000,3725.6000,3726.0000,3726.8000,3727.0000,3727.8000,1,1,2,1,2,2,2,1,1,1
SF,IF2005,2020-04-13 13:16:19.100,3725.2000,11197,0,5195887380.000,0,-,-,-,-,3724.8000,3723.8000,3723.4000,3723.2000,3722.6000,3725.6000,3726.0000,3726.8000,3727.0000,3727.8000,1,1,2,1,2,1,2,1,1,1
SF,IF2005,2020-04-13 13:16:19.600,3725.2000,11197,0,5195887380.000,0,-,-,-,-,3725.2000,3724.8000,3723.8000,3723.4000,3723.2000,3725.6000,3726.0000,3726.8000,3727.0000,3727.8000,1,1,1,2,1,2,1,1,1,1
SF,IF2005,2020-04-13 13:16:20.100,3725.2000,11197,0,5195887380.000,0,-,-,-,-,3725.2000,3724.8000,3723.8000,3723.4000,3723.2000,3725.6000,3726.0000,3726.8000,3727.0000,3727.8000,1,1,1,2,1,1,1,1,1,1
SF,IF2005,2020-04-13 13:16:20.600,3725.2000,11197,0,5195887380.000,0,-,-,-,-,3725.2000,3724.8000,3723.8000,3723.4000,3723.2000,3725.8000,3726.0000,3726.8000,3727.0000,3727.8000,1,1,1,2,1,1,1,1,1,1
SF,IF2005,2020-04-13 13:16:23.100,3725.2000,11197,0,5195887380.000,0,-,-,-,-,3725.2000,3724.8000,3723.8000,3723.4000,3723.2000,3725.8000,3726.0000,3726.8000,3727.0000,3727.8000,1,1,1,1,1,1,1,1,1,1
SF,IF2005,2020-04-13 13:16:24.100,3725.2000,11197,0,5195887380.000,0,-,-,-,-,3723.8000,3723.4000,3723.2000,3722.6000,3722.4000,3725.8000,3726.0000,3726.8000,3727.0000,3727.8000,1,1,1,2,3,1,1,1,1,1
SF,IF2005,2020-04-13 13:16:24.600,3725.2000,11197,0,5195887380.000,0,-,-,-,-,3724.8000,3724.6000,3724.2000,3723.8000,3723.4000,3725.6000,3725.8000,3726.0000,3726.8000,3727.0000,1,1,1,1,1,1,1,1,1,1
SF,IF2005,2020-04-13 13:16:25.100,3725.8000,11198,1,5197005120.000,1,1,0,双开,B,3725.2000,3725.0000,3724.6000,3724.2000,3723.4000,3725.6000,3726.0000,3726.8000,3727.0000,3727.8000,2,1,1,1,1,1,1,1,1,1
SF,IF2005,2020-04-13 13:16:25.600,3725.8000,11198,0,5197005120.000,0,-,-,-,-,3725.2000,3725.0000,3724.6000,3724.2000,3723.4000,3726.0000,3726.8000,3727.0000,3727.8000,3728.8000,2,1,1,1,1,1,1,1,1,1
SF,IF2005,2020-04-13 13:16:26.100,3725.8000,11198,0,5197005120.000,0,-,-,-,-,3725.6000,3725.2000,3725.0000,3724.2000,3723.4000,3726.0000,3726.2000,3726.8000,3727.0000,3727.8000,1,2,1,1,1,1,1,1,1,1
SF,IF2005,2020-04-13 13:16:27.100,3726.0000,11199,1,5198122920.000,1,1,0,双开,B,3725.2000,3725.0000,3724.2000,3723.4000,3723.2000,3726.2000,3726.8000,3727.0000,3727.8000,3728.8000,2,1,1,1,1,1,1,1,1,1
SF,IF2005,2020-04-13 13:16:29.100,3726.0000,11199,0,5198122920.000,0,-,-,-,-,3725.6000,3725.2000,3725.0000,3724.2000,3723.4000,3726.2000,3726.8000,3727.0000,3727.8000,3728.8000,1,1,1,1,1,1,1,1,1,1
SF,IF2005,2020-04-13 13:16:29.600,3726.0000,11199,0,5198122920.000,0,-,-,-,-,3725.6000,3725.0000,3724.2000,3723.4000,3723.2000,3726.8000,3727.0000,3727.8000,3728.8000,3729.6000,1,1,1,1,1,1,1,1,1,1
SF,IF2005,2020-04-13 13:16:30.100,3726.0000,11199,0,5198122920.000,0,-,-,-,-,3725.6000,3725.0000,3724.2000,3723.4000,3723.2000,3726.6000,3726.8000,3727.0000,3727.8000,3728.8000,1,1,1,1,1,3,1,1,1,1
SF,IF2005,2020-04-13 13:16:30.600,3726.0000,11199,0,5198122920.000,0,-,-,-,-,3726.0000,3725.6000,3725.0000,3724.2000,3723.4000,3726.6000,3726.8000,3727.0000,3727.8000,3728.8000,1,1,1,1,1,2,1,1,1,1
SF,IF2005,2020-04-13 13:16:31.100,3726.0000,11199,0,5198122920.000,0,-,-,-,-,3726.0000,3725.6000,3725.0000,3724.2000,3723.4000,3726.4000,3726.6000,3726.8000,3727.0000,3727.8000,1,1,1,1,1,1,2,1,1,1
SF,IF2005,2020-04-13 13:16:31.600,3726.0000,11200,1,5199240720.000,1,1,0,双开,B,3725.6000,3725.0000,3724.2000,3723.4000,3723.2000,3726.4000,3726.6000,3726.8000,3727.0000,3727.8000,1,1,1,1,1,1,2,1,1,1
SF,IF2005,2020-04-13 13:16:32.100,3726.4000,11201,1,5200358640.000,1,1,0,双开,B,3725.6000,3725.0000,3724.2000,3723.4000,3723.2000,3725.8000,3726.6000,3726.8000,3727.0000,3727.8000,1,1,1,1,1,1,2,1,1,1
SF,IF2005,2020-04-13 13:16:32.600,3725.8000,11202,1,5201476380.000,1,1,0,双开,B,3725.8000,3725.6000,3725.0000,3724.2000,3723.4000,3726.6000,3726.8000,3727.0000,3727.8000,3728.8000,1,1,1,1,1,2,1,1,1,1
SF,IF2005,2020-04-13 13:16:33.600,3725.8000,11202,0,5201476380.000,0,-,-,-,-,3726.2000,3725.6000,3725.0000,3724.2000,3723.4000,3726.6000,3726.8000,3727.0000,3727.8000,3728.8000,1,1,1,1,1,2,1,1,1,1
SF,IF2005,2020-04-13 13:16:34.100,3726.2000,11203,1,5202594240.000,1,1,0,双开,B,3725.0000,3724.2000,3723.4000,3723.2000,3722.6000,3726.6000,3726.8000,3727.0000,3727.8000,3728.8000,1,1,1,1,1,2,1,1,1,1
SF,IF2005,2020-04-13 13:16:34.600,3726.2000,11203,0,5202594240.000,0,-,-,-,-,3725.6000,3725.4000,3725.0000,3724.2000,3723.4000,3726.6000,3726.8000,3727.0000,3727.8000,3728.8000,1,1,1,1,1,1,1,1,1,1
SF,IF2005,2020-04-13 13:16:37.600,3726.2000,11203,0,5202594240.000,0,-,-,-,-,3726.0000,3725.4000,3725.0000,3724.2000,3723.4000,3726.6000,3726.8000,3727.0000,3727.8000,3728.8000,1,1,1,1,1,1,1,1,1,1
SF,IF2005,2020-04-13 13:16:38.100,3726.2000,11203,0,5202594240.000,0,-,-,-,-,3726.0000,3725.4000,3725.0000,3724.2000,3723.4000,3726.8000,3727.0000,3727.8000,3728.8000,3729.6000,1,1,1,1,1,1,1,1,1,1
SF,IF2005,2020-04-13 13:16:38.600,3726.2000,11203,0,5202594240.000,0,-,-,-,-,3726.0000,3725.0000,3724.2000,3723.4000,3723.2000,3726.8000,3727.0000,3727.8000,3728.8000,3729.6000,1,1,1,1,1,1,1,1,1,1
SF,IF2005,2020-04-13 13:16:41.100,3726.2000,11203,0,5202594240.000,0,-,-,-,-,3726.0000,3725.0000,3724.2000,3723.4000,3723.2000,3727.8000,3728.8000,3729.6000,3729.8000,3730.8000,1,1,1,1,1,1,1,1,1,2
SF,IF2005,2020-04-13 13:16:41.600,3726.2000,11203,0,5202594240.000,0,-,-,-,-,3726.2000,3726.0000,3724.2000,3723.4000,3723.2000,3727.4000,3727.6000,3727.8000,3728.8000,3729.6000,1,1,1,1,1,6,3,2,1,1
SF,IF2005,2020-04-13 13:16:42.100,3726.2000,11203,0,5202594240.000,0,-,-,-,-,3726.2000,3726.0000,3724.2000,3723.4000,3723.2000,3727.2000,3727.4000,3727.6000,3727.8000,3728.8000,1,2,1,1,1,1,6,4,2,1
SF,IF2005,2020-04-13 13:16:42.600,3726.2000,11203,0,5203712100.000,1,0,1,空换,B,3726.0000,3724.2000,3723.4000,3723.2000,3722.6000,3727.2000,3727.4000,3727.6000,3727.8000,3728.8000,2,1,1,1,1,1,6,4,2,1
SF,IF2005,2020-04-13 13:16:43.100,3726.2000,11203,0,5203712100.000,0,-,-,-,-,3726.0000,3724.2000,3723.4000,3723.2000,3722.6000,3727.0000,3727.2000,3727.4000,3727.6000,3727.8000,2,1,1,1,1,7,1,5,3,2
SF,IF2005,2020-04-13 13:16:43.600,3726.2000,11203,0,5203712100.000,0,-,-,-,-,3726.0000,3724.2000,3723.4000,3723.2000,3722.6000,3726.8000,3727.0000,3727.4000,3727.6000,3727.8000,2,1,1,1,1,1,7,5,3,2
SF,IF2005,2020-04-13 13:16:44.100,3726.2000,11203,0,5203712100.000,0,-,-,-,-,3726.0000,3724.2000,3723.4000,3723.2000,3722.6000,3726.8000,3727.0000,3727.4000,3727.6000,3727.8000,2,1,1,1,1,1,2,5,3,2
SF,IF2005,2020-04-13 13:16:45.600,3726.0000,11204,1,5204829900.000,1,1,0,双开,B,3726.0000,3724.2000,3723.4000,3723.2000,3722.6000,3726.8000,3727.0000,3727.4000,3727.6000,3727.8000,1,1,1,1,1,1,2,5,3,2
SF,IF2005,2020-04-13 13:16:46.100,3726.0000,11204,0,5204829900.000,0,-,-,-,-,3726.0000,3724.2000,3723.4000,3723.2000,3722.6000,3726.8000,3727.0000,3727.4000,3727.6000,3727.8000,1,1,1,1,1,1,2,5,3,2
SF,IF2005,2020-04-13 13:16:49.100,3726.0000,11204,0,5204829900.000,0,-,-,-,-,3726.0000,3724.2000,3723.4000,3723.2000,3722.6000,3726.4000,3726.8000,3727.0000,3727.4000,3727.6000,1,1,1,1,1,5,1,2,5,3
SF,IF2005,2020-04-13 13:16:49.600,3726.4000,11204,0,5205947820.000,1,0,1,空换,B,3726.0000,3724.2000,3723.4000,3723.2000,3722.6000,3726.4000,3726.8000,3727.0000,3727.4000,3727.6000,1,1,1,1,1,4,1,2,5,3
SF,IF2005,2020-04-13 13:16:50.100,3726.4000,11204,0,5205947820.000,0,-,-,-,-,3726.0000,3724.2000,3723.4000,3723.2000,3722.6000,3726.4000,3726.8000,3727.0000,3727.4000,3727.6000,1,1,1,1,1,4,1,2,5,3
SF,IF2005,2020-04-13 13:16:53.100,3726.4000,11204,0,5207065740.000,1,0,1,空换,B,3726.0000,3724.2000,3723.4000,3723.2000,3722.6000,3726.4000,3726.8000,3727.0000,3727.4000,3727.6000,1,1,1,1,1,3,1,2,5,3
SF,IF2005,2020-04-13 13:16:55.100,3726.4000,11204,0,5208183660.000,1,0,1,空换,B,3726.0000,3724.2000,3723.4000,3723.2000,3722.6000,3726.4000,3726.8000,3727.0000,3727.4000,3727.6000,1,1,1,1,1,2,1,2,5,3
SF,IF2005,2020-04-13 13:16:56.600,3726.4000,11204,0,5208183660.000,0,-,-,-,-,3726.0000,3724.2000,3723.4000,3723.2000,3722.6000,3726.4000,3726.8000,3727.0000,3727.4000,3727.6000,1,1,1,1,1,2,1,1,5,3
SF,IF2005,2020-04-13 13:16:57.100,3726.0000,11203,-1,5209301460.000,1,0,1,双平,B,3724.2000,3723.4000,3723.2000,3722.6000,3722.4000,3725.8000,3726.0000,3726.4000,3727.0000,3727.4000,1,1,1,1,3,1,2,2,1,5
SF,IF2005,2020-04-13 13:16:57.600,3726.0000,11203,0,5209301460.000,0,-,-,-,-,3724.4000,3723.4000,3723.2000,3722.6000,3722.4000,3725.6000,3726.0000,3726.2000,3726.4000,3727.0000,2,1,1,1,3,2,9,1,2,1
SF,IF2005,2020-04-13 13:16:58.100,3726.0000,11203,0,5209301460.000,0,-,-,-,-,3724.4000,3723.4000,3723.2000,3722.6000,3722.4000,3725.2000,3725.6000,3726.0000,3726.2000,3726.4000,1,1,1,1,3,1,6,8,1,2
SF,IF2005,2020-04-13 13:16:58.600,3726.0000,11203,0,5209301460.000,0,-,-,-,-,3724.4000,3723.4000,3723.2000,3722.6000,3722.4000,3725.6000,3726.0000,3726.2000,3726.4000,3727.0000,1,1,1,1,3,2,8,1,2,1
SF,IF2005,2020-04-13 13:16:59.100,3726.0000,11203,0,5209301460.000,0,-,-,-,-,3725.2000,3724.6000,3724.4000,3723.4000,3723.2000,3726.0000,3726.4000,3727.0000,3727.6000,3727.8000,1,2,1,1,1,3,2,1,2,1
SF,IF2005,2020-04-13 13:16:59.600,3725.2000,11204,1,5210419020.000,1,1,0,双开,B,3724.6000,3723.4000,3723.2000,3722.6000,3722.4000,3725.8000,3726.0000,3726.4000,3727.0000,3727.6000,2,1,1,1,3,1,3,2,1,2
SF,IF2005,2020-04-13 13:17:00.100,3725.2000,11204,0,5210419020.000,0,-,-,-,-,3724.8000,3724.6000,3723.4000,3723.2000,3722.6000,3725.4000,3725.8000,3726.0000,3726.4000,3727.0000,1,2,1,1,1,1,1,2,2,1
SF,IF2005,2020-04-13 13:17:00.600,3725.2000,11204,0,5210419020.000,0,-,-,-,-,3723.4000,3723.2000,3722.6000,3722.4000,3722.2000,3725.4000,3725.8000,3726.0000,3726.4000,3727.0000,1,1,1,3,1,2,1,1,2,1
SF,IF2005,2020-04-13 13:17:01.100,3725.2000,11204,0,5210419020.000,0,-,-,-,-,3724.0000,3723.6000,3723.4000,3723.2000,3722.6000,3725.2000,3725.4000,3726.0000,3726.4000,3727.0000,1,2,1,1,1,2,2,1,2,1
SF,IF2005,2020-04-13 13:17:01.600,3725.2000,11204,0,5210419020.000,0,-,-,-,-,3724.0000,3723.6000,3723.4000,3723.2000,3722.6000,3725.0000,3725.2000,3725.4000,3726.0000,3726.4000,1,2,1,1,1,1,2,2,1,2
SF,IF2005,2020-04-13 13:17:02.600,3725.2000,11205,1,5212654140.000,2,1,1,多开,B,3724.0000,3723.6000,3723.4000,3723.2000,3722.6000,3725.2000,3725.4000,3726.0000,3726.4000,3727.0000,1,2,1,1,1,1,2,1,2,1
SF,IF2005,2020-04-13 13:17:03.100,3725.2000,11205,0,5212654140.000,0,-,-,-,-,3724.0000,3723.6000,3723.4000,3723.2000,3722.6000,3725.0000,3725.2000,3725.4000,3726.0000,3726.4000,1,2,1,1,1,1,1,1,1,2
SF,IF2005,2020-04-13 13:17:03.600,3725.2000,11205,0,5212654140.000,0,-,-,-,-,3724.0000,3723.6000,3723.4000,3723.2000,3722.6000,3724.8000,3725.0000,3725.2000,3726.0000,3726.4000,1,2,1,1,1,1,1,1,1,2
SF,IF2005,2020-04-13 13:17:04.100,3725.0000,11207,2,5216006640.000,3,2,1,多开,B,3725.2000,3724.2000,3724.0000,3723.4000,3723.2000,3726.0000,3726.4000,3727.0000,3727.6000,3727.8000,1,2,1,1,1,1,2,1,2,1
SF,IF2005,2020-04-13 13:17:04.600,3725.2000,11208,1,5217124200.000,1,1,0,双开,B,3724.2000,3723.4000,3723.2000,3722.6000,3722.4000,3725.8000,3726.0000,3726.4000,3727.0000,3727.6000,1,1,1,1,3,1,2,2,1,2
SF,IF2005,2020-04-13 13:17:05.100,3725.2000,11208,0,5217124200.000,0,-,-,-,-,3724.2000,3723.4000,3723.2000,3722.6000,3722.4000,3725.2000,3725.4000,3725.6000,3725.8000,3726.0000,1,1,1,1,3,2,5,1,3,2
SF,IF2005,2020-04-13 13:17:05.600,3725.2000,11209,1,5218241760.000,1,1,0,双开,B,3724.4000,3724.2000,3723.4000,3723.2000,3722.6000,3725.2000,3725.6000,3725.8000,3726.0000,3726.4000,2,1,1,1,1,1,1,3,2,2
SF,IF2005,2020-04-13 13:17:06.100,3725.2000,11209,0,5218241760.000,0,-,-,-,-,3724.4000,3724.2000,3723.4000,3723.2000,3722.6000,3724.8000,3725.6000,3726.0000,3726.4000,3727.0000,1,1,1,1,1,1,1,2,2,1
SF,IF2005,2020-04-13 13:17:06.600,3725.2000,11209,0,5218241760.000,0,-,-,-,-,3724.2000,3723.4000,3723.2000,3722.6000,3722.4000,3724.8000,3725.6000,3726.0000,3726.4000,3727.0000,1,1,1,1,3,1,1,2,2,1
SF,IF2005,2020-04-13 13:17:07.100,3725.2000,11209,0,5218241760.000,0,-,-,-,-,3724.2000,3723.4000,3723.2000,3722.6000,3722.4000,3725.6000,3726.0000,3726.4000,3727.0000,3727.6000,1,1,1,1,3,1,2,2,1,2
SF,IF2005,2020-04-13 13:17:07.600,3725.2000,11209,0,5218241760.000,0,-,-,-,-,3724.2000,3723.4000,3723.2000,3722.6000,3722.4000,3724.4000,3725.2000,3725.4000,3725.6000,3726.0000,1,1,1,1,3,1,2,1,1,2
SF,IF2005,2020-04-13 13:17:08.100,3724.4000,11210,1,5220476340.000,2,1,1,多开,B,3723.4000,3723.2000,3722.6000,3722.4000,3722.2000,3725.0000,3725.6000,3726.0000,3726.4000,3727.0000,1,1,1,3,1,5,2,2,2,1
SF,IF2005,2020-04-13 13:17:08.600,3724.4000,11210,0,5220476340.000,0,-,-,-,-,3723.6000,3723.4000,3723.2000,3722.6000,3722.4000,3724.6000,3725.0000,3725.6000,3726.0000,3726.4000,1,1,1,1,3,8,5,1,2,2
SF,IF2005,2020-04-13 13:17:09.100,3724.4000,11210,0,5220476340.000,0,-,-,-,-,3723.6000,3723.4000,3723.2000,3722.4000,3722.2000,3724.6000,3725.0000,3725.6000,3726.0000,3726.4000,1,1,1,3,1,3,5,1,2,2
SF,IF2005,2020-04-13 13:17:09.600,3724.4000,11210,0,5220476340.000,0,-,-,-,-,3723.6000,3723.4000,3723.2000,3722.4000,3722.2000,3724.6000,3725.0000,3725.6000,3726.0000,3726.4000,1,1,1,1,1,3,5,1,2,2
SF,IF2005,2020-04-13 13:17:10.100,3724.4000,11210,0,5220476340.000,0,-,-,-,-,3723.6000,3723.4000,3723.2000,3722.4000,3722.2000,3724.6000,3725.0000,3725.6000,3726.0000,3726.4000,1,1,1,1,1,3,5,1,2,2
SF,IF2005,2020-04-13 13:17:10.600,3724.4000,11210,0,5220476340.000,0,-,-,-,-,3723.6000,3723.4000,3723.2000,3722.4000,3722.2000,3724.6000,3725.0000,3725.6000,3726.0000,3726.4000,1,1,1,1,1,3,5,1,2,2
SF,IF2005,2020-04-13 13:17:11.100,3724.4000,11210,0,5220476340.000,0,-,-,-,-,3723.8000,3723.6000,3723.4000,3723.2000,3722.4000,3724.6000,3725.6000,3726.0000,3726.4000,3727.0000,1,1,1,1,1,2,1,2,2,1
SF,IF2005,2020-04-13 13:17:11.600,3724.4000,11210,0,5220476340.000,0,-,-,-,-,3724.6000,3724.0000,3723.8000,3723.4000,3723.2000,3726.0000,3726.4000,3727.0000,3727.6000,3727.8000,1,1,1,1,1,2,2,1,2,1
SF,IF2005,2020-04-13 13:17:12.100,3724.4000,11210,0,5220476340.000,0,-,-,-,-,3724.6000,3724.0000,3723.4000,3723.2000,3722.4000,3725.2000,3725.4000,3725.6000,3725.8000,3726.0000,1,1,1,1,1,1,6,2,3,2
SF,IF2005,2020-04-13 13:17:12.600,3724.4000,11210,0,5220476340.000,0,-,-,-,-,3725.0000,3724.0000,3723.4000,3723.2000,3722.4000,3725.2000,3725.4000,3725.6000,3725.8000,3726.0000,1,1,1,1,1,1,6,2,3,2
SF,IF2005,2020-04-13 13:17:13.100,3725.0000,11211,1,5221593840.000,1,1,0,双开,B,3724.0000,3723.4000,3723.2000,3722.4000,3722.2000,3725.0000,3725.4000,3725.6000,3725.8000,3726.0000,1,1,1,1,1,2,6,1,2,2
SF,IF2005,2020-04-13 13:17:13.600,3725.0000,11211,0,5221593840.000,0,-,-,-,-,3724.2000,3724.0000,3723.4000,3723.2000,3722.4000,3725.0000,3725.4000,3725.6000,3725.8000,3726.0000,1,1,1,1,1,2,1,1,2,2
SF,IF2005,2020-04-13 13:17:14.100,3725.0000,11211,0,5221593840.000,0,-,-,-,-,3724.2000,3724.0000,3723.4000,3723.2000,3722.4000,3724.6000,3725.0000,3725.4000,3725.6000,3725.8000,1,1,1,1,1,1,1,1,1,2
SF,IF2005,2020-04-13 13:17:14.600,3724.6000,11212,1,5222711220.000,1,1,0,双开,B,3724.2000,3724.0000,3723.4000,3723.2000,3722.4000,3725.0000,3725.4000,3725.8000,3726.0000,3726.4000,1,1,1,1,1,1,1,2,2,2
SF,IF2005,2020-04-13 13:17:15.100,3724.6000,11212,0,5222711220.000,0,-,-,-,-,3724.0000,3723.4000,3723.2000,3722.4000,3722.2000,3725.0000,3725.8000,3726.0000,3726.4000,3727.0000,1,1,1,1,1,1,2,2,2,1
SF,IF2005,2020-04-13 13:17:15.600,3724.0000,11212,0,5223828420.000,1,0,1,空换,B,3723.4000,3723.2000,3722.4000,3722.2000,3722.0000,3724.6000,3724.8000,3725.0000,3725.8000,3726.0000,1,1,1,1,1,6,2,1,1,2
SF,IF2005,2020-04-13 13:17:16.100,3724.0000,11212,0,5223828420.000,0,-,-,-,-,3723.4000,3723.2000,3722.4000,3722.2000,3722.0000,3724.2000,3724.4000,3724.6000,3725.8000,3726.0000,1,1,1,1,1,6,3,7,1,2
SF,IF2005,2020-04-13 13:17:16.600,3724.0000,11212,0,5223828420.000,0,-,-,-,-,3723.4000,3723.2000,3722.4000,3722.2000,3722.0000,3724.0000,3724.2000,3724.4000,3724.6000,3725.8000,1,1,1,1,1,1,1,2,7,1
SF,IF2005,2020-04-13 13:17:17.100,3724.0000,11212,0,5223828420.000,0,-,-,-,-,3723.4000,3723.2000,3722.4000,3722.2000,3722.0000,3724.0000,3724.2000,3724.4000,3724.6000,3725.8000,1,1,1,1,1,1,1,2,7,1
SF,IF2005,2020-04-13 13:17:17.600,3724.0000,11212,0,5224945620.000,1,0,1,空换,B,3723.4000,3723.2000,3722.4000,3722.2000,3722.0000,3724.2000,3724.4000,3724.6000,3725.8000,3726.0000,1,1,1,1,1,1,2,7,1,2
SF,IF2005,2020-04-13 13:17:18.600,3724.0000,11212,0,5224945620.000,0,-,-,-,-,3724.2000,3723.4000,3723.2000,3722.4000,3722.2000,3724.4000,3725.8000,3726.0000,3726.4000,3727.0000,1,1,1,1,1,1,1,2,2,1
SF,IF2005,2020-04-13 13:17:19.100,3724.0000,11212,0,5224945620.000,0,-,-,-,-,3724.2000,3723.4000,3723.2000,3722.4000,3722.2000,3725.8000,3726.0000,3726.4000,3727.0000,3727.6000,1,1,1,1,1,1,2,2,1,2
SF,IF2005,2020-04-13 13:17:19.600,3724.2000,11213,1,5226062880.000,1,1,0,双开,B,3723.4000,3723.2000,3722.4000,3722.2000,3722.0000,3723.8000,3724.8000,3725.0000,3725.2000,3725.4000,1,1,1,1,1,1,5,1,3,1
SF,IF2005,2020-04-13 13:17:20.100,3723.8000,11214,1,5227180020.000,1,1,0,双开,B,3723.4000,3723.2000,3722.4000,3722.2000,3722.0000,3724.8000,3725.2000,3725.4000,3725.6000,3725.8000,1,1,1,1,1,5,2,1,4,1
SF,IF2005,2020-04-13 13:17:20.600,3723.8000,11214,0,5227180020.000,0,-,-,-,-,3723.6000,3723.4000,3723.2000,3722.4000,3722.2000,3724.8000,3725.2000,3725.4000,3725.6000,3725.8000,1,1,1,1,1,5,2,1,3,1
SF,IF2005,2020-04-13 13:17:21.100,3723.8000,11214,0,5227180020.000,0,-,-,-,-,3723.6000,3723.4000,3723.2000,3722.4000,3722.2000,3724.6000,3725.2000,3725.4000,3725.6000,3725.8000,1,1,1,1,1,1,2,1,3,1
SF,IF2005,2020-04-13 13:17:21.600,3723.8000,11214,0,5227180020.000,0,-,-,-,-,3723.6000,3723.4000,3723.2000,3722.4000,3722.2000,3724.6000,3725.2000,3725.4000,3725.6000,3725.8000,1,1,1,1,1,2,2,1,3,1
SF,IF2005,2020-04-13 13:17:23.600,3723.8000,11214,0,5227180020.000,0,-,-,-,-,3723.6000,3723.4000,3723.2000,3722.4000,3722.2000,3724.4000,3724.6000,3725.2000,3725.4000,3725.6000,1,1,1,1,1,1,2,2,1,3
SF,IF2005,2020-04-13 13:17:24.100,3723.8000,11214,0,5227180020.000,0,-,-,-,-,3723.4000,3723.2000,3722.4000,3722.2000,3722.0000,3724.2000,3724.4000,3724.6000,3725.2000,3725.4000,1,1,1,1,1,5,2,1,2,1
SF,IF2005,2020-04-13 13:17:24.600,3723.8000,11214,0,5227180020.000,0,-,-,-,-,3723.4000,3723.2000,3722.4000,3722.2000,3722.0000,3724.2000,3724.4000,3724.6000,3725.2000,3725.4000,1,1,1,1,1,1,1,1,2,1
SF,IF2005,2020-04-13 13:17:25.600,3723.4000,11215,1,5228297040.000,1,1,0,双开,B,3723.2000,3722.4000,3722.2000,3722.0000,3721.4000,3724.2000,3724.4000,3724.6000,3725.2000,3725.4000,1,1,1,1,1,1,1,1,2,1
SF,IF2005,2020-04-13 13:17:30.600,3723.4000,11215,0,5228297040.000,0,-,-,-,-,3723.2000,3722.4000,3722.2000,3722.0000,3721.6000,3724.2000,3724.4000,3724.6000,3725.2000,3725.4000,1,1,1,1,3,1,1,1,2,1
SF,IF2005,2020-04-13 13:17:31.100,3723.4000,11215,0,5228297040.000,0,-,-,-,-,3723.4000,3723.2000,3722.4000,3722.2000,3722.0000,3724.2000,3724.4000,3724.6000,3725.2000,3725.4000,1,1,1,1,1,1,1,1,2,1
SF,IF2005,2020-04-13 13:17:32.600,3723.4000,11215,0,5229414060.000,1,0,1,空换,B,3723.2000,3722.4000,3722.2000,3722.0000,3721.6000,3724.2000,3724.4000,3724.6000,3725.2000,3725.4000,1,1,1,1,3,1,1,1,2,1
SF,IF2005,2020-04-13 13:17:34.100,3723.4000,11215,0,5229414060.000,0,-,-,-,-,3723.2000,3722.4000,3722.2000,3722.0000,3721.6000,3724.2000,3724.4000,3724.6000,3725.2000,3725.4000,1,1,1,1,3,1,1,1,2,1
SF,IF2005,2020-04-13 13:17:34.600,3723.4000,11215,0,5229414060.000,0,-,-,-,-,3723.2000,3722.4000,3722.2000,3722.0000,3721.6000,3724.0000,3724.2000,3724.4000,3725.2000,3725.4000,1,1,1,1,3,1,1,1,2,1
SF,IF2005,2020-04-13 13:17:35.100,3724.0000,11215,0,5230531260.000,1,0,1,空换,B,3723.2000,3722.4000,3722.2000,3722.0000,3721.6000,3724.0000,3724.4000,3725.2000,3725.4000,3725.6000,1,1,1,1,3,1,1,2,1,3
SF,IF2005,2020-04-13 13:17:35.600,3724.0000,11215,0,5230531260.000,0,-,-,-,-,3723.2000,3722.4000,3722.2000,3722.0000,3721.6000,3724.0000,3724.4000,3725.2000,3725.4000,3725.6000,1,1,1,1,3,1,1,2,1,3
SF,IF2005,2020-04-13 13:17:36.600,3724.0000,11215,0,5230531260.000,0,-,-,-,-,3723.2000,3722.4000,3722.2000,3722.0000,3721.4000,3724.0000,3724.4000,3725.2000,3725.4000,3725.6000,1,1,1,1,1,1,1,2,1,3
SF,IF2005,2020-04-13 13:17:37.100,3724.0000,11215,0,5230531260.000,0,-,-,-,-,3723.2000,3722.4000,3722.2000,3722.0000,3721.6000,3724.0000,3724.4000,3725.2000,3725.4000,3725.6000,1,1,1,1,1,1,1,2,1,3
SF,IF2005,2020-04-13 13:17:37.600,3724.0000,11215,0,5230531260.000,0,-,-,-,-,3723.2000,3722.4000,3722.2000,3722.0000,3721.6000,3724.0000,3724.4000,3725.2000,3725.4000,3725.6000,1,1,1,1,1,2,1,2,1,3
SF,IF2005,2020-04-13 13:17:38.100,3724.0000,11215,0,5230531260.000,0,-,-,-,-,3723.2000,3722.4000,3722.2000,3722.0000,3721.6000,3724.0000,3724.4000,3725.2000,3725.4000,3725.6000,1,1,1,1,1,1,1,2,1,3
SF,IF2005,2020-04-13 13:17:38.600,3724.0000,11215,0,5231648460.000,1,0,1,空换,B,3723.2000,3722.4000,3722.2000,3722.0000,3721.6000,3724.4000,3725.2000,3725.4000,3725.6000,3725.8000,1,1,1,1,1,1,2,1,3,1
SF,IF2005,2020-04-13 13:17:39.100,3724.0000,11215,0,5231648460.000,0,-,-,-,-,3723.2000,3722.4000,3722.2000,3722.0000,3721.6000,3724.2000,3724.4000,3725.2000,3725.4000,3725.6000,1,1,1,1,1,1,1,2,1,3
SF,IF2005,2020-04-13 13:17:39.600,3724.0000,11215,0,5231648460.000,0,-,-,-,-,3723.2000,3722.4000,3722.2000,3722.0000,3721.6000,3724.2000,3724.4000,3725.2000,3725.4000,3725.6000,1,1,1,1,1,1,1,2,1,3
SF,IF2005,2020-04-13 13:17:40.100,3724.0000,11215,0,5231648460.000,0,-,-,-,-,3723.4000,3723.2000,3722.4000,3722.2000,3722.0000,3724.2000,3724.4000,3725.2000,3725.4000,3725.6000,1,1,1,1,1,1,1,2,1,3
SF,IF2005,2020-04-13 13:17:40.600,3724.0000,11215,0,5231648460.000,0,-,-,-,-,3723.4000,3723.2000,3722.4000,3722.2000,3722.0000,3724.4000,3725.2000,3725.4000,3725.6000,3725.8000,1,1,1,1,1,1,2,1,3,1
SF,IF2005,2020-04-13 13:17:41.100,3724.0000,11215,0,5231648460.000,0,-,-,-,-,3723.2000,3722.4000,3722.2000,3722.0000,3721.6000,3724.2000,3724.4000,3725.2000,3725.4000,3725.6000,1,1,1,1,1,1,1,2,1,3
SF,IF2005,2020-04-13 13:17:41.600,3724.0000,11215,0,5231648460.000,0,-,-,-,-,3723.2000,3722.4000,3722.2000,3722.0000,3721.6000,3724.2000,3724.4000,3725.2000,3725.4000,3725.6000,1,1,1,1,1,1,1,2,1,3
SF,IF2005,2020-04-13 13:17:42.100,3724.0000,11215,0,5231648460.000,0,-,-,-,-,3723.2000,3722.4000,3722.2000,3722.0000,3721.6000,3724.2000,3724.4000,3725.2000,3725.4000,3725.6000,1,1,1,1,1,1,2,2,1,3
SF,IF2005,2020-04-13 13:17:42.600,3724.0000,11215,0,5231648460.000,0,-,-,-,-,3723.2000,3722.4000,3722.2000,3722.0000,3721.6000,3724.2000,3724.4000,3725.2000,3725.4000,3725.6000,1,1,1,1,1,1,2,2,1,3
SF,IF2005,2020-04-13 13:17:43.100,3724.0000,11215,0,5231648460.000,0,-,-,-,-,3723.2000,3722.4000,3722.2000,3722.0000,3721.6000,3724.2000,3724.4000,3725.2000,3725.4000,3725.6000,1,1,1,1,1,1,2,2,1,3
SF,IF2005,2020-04-13 13:17:43.600,3724.0000,11215,0,5231648460.000,0,-,-,-,-,3723.2000,3722.4000,3722.2000,3722.0000,3721.6000,3724.2000,3724.4000,3725.2000,3725.4000,3725.6000,1,1,1,1,1,1,2,2,1,3
SF,IF2005,2020-04-13 13:17:44.100,3724.0000,11215,0,5231648460.000,0,-,-,-,-,3723.2000,3722.4000,3722.2000,3722.0000,3721.6000,3724.2000,3724.4000,3725.2000,3725.4000,3725.6000,1,1,1,1,1,1,2,2,1,3
SF,IF2005,2020-04-13 13:17:44.600,3724.0000,11215,0,5231648460.000,0,-,-,-,-,3723.2000,3722.4000,3722.2000,3722.0000,3721.6000,3724.0000,3724.2000,3724.4000,3725.2000,3725.4000,1,1,1,1,1,1,2,1,2,1
SF,IF2005,2020-04-13 13:17:45.100,3724.0000,11215,0,5231648460.000,0,-,-,-,-,3723.2000,3722.4000,3722.2000,3722.0000,3721.6000,3724.0000,3724.2000,3724.4000,3725.2000,3725.4000,1,1,1,1,1,1,1,1,2,1
SF,IF2005,2020-04-13 13:17:45.600,3724.0000,11215,0,5231648460.000,0,-,-,-,-,3723.2000,3722.4000,3722.2000,3722.0000,3721.6000,3724.0000,3724.2000,3724.4000,3725.2000,3725.4000,1,1,1,1,1,1,1,1,2,1
SF,IF2005,2020-04-13 13:17:46.100,3724.0000,11215,0,5231648460.000,0,-,-,-,-,3723.2000,3722.4000,3722.2000,3722.0000,3721.6000,3724.0000,3724.2000,3724.4000,3725.2000,3725.4000,1,1,1,1,1,1,1,1,2,1
SF,IF2005,2020-04-13 13:17:46.600,3724.0000,11215,0,5231648460.000,0,-,-,-,-,3723.2000,3722.4000,3722.2000,3722.0000,3721.6000,3724.0000,3724.2000,3724.4000,3725.2000,3725.4000,1,1,1,1,1,2,1,1,2,1
SF,IF2005,2020-04-13 13:17:47.100,3724.0000,11215,0,5231648460.000,0,-,-,-,-,3723.2000,3722.4000,3722.2000,3722.0000,3721.6000,3724.0000,3724.2000,3724.4000,3725.2000,3725.4000,1,1,1,1,1,2,1,1,2,1
SF,IF2005,2020-04-13 13:17:47.600,3724.0000,11215,0,5231648460.000,0,-,-,-,-,3723.2000,3722.4000,3722.2000,3722.0000,3721.6000,3724.2000,3724.4000,3725.2000,3725.4000,3725.6000,1,1,1,1,1,1,1,2,1,3
SF,IF2005,2020-04-13 13:17:48.100,3724.0000,11215,0,5231648460.000,0,-,-,-,-,3723.4000,3723.2000,3722.4000,3722.2000,3722.0000,3724.2000,3724.4000,3725.2000,3725.4000,3725.6000,3,1,1,1,1,1,1,2,1,3
SF,IF2005,2020-04-13 13:17:48.600,3724.4000,11217,2,5233883040.000,2,2,0,双开,B,3723.8000,3723.4000,3723.2000,3722.4000,3722.2000,3725.2000,3725.4000,3725.6000,3725.8000,3726.0000,2,2,1,1,1,2,1,3,1,1
SF,IF2005,2020-04-13 13:17:49.100,3724.4000,11217,0,5233883040.000,0,-,-,-,-,3724.2000,3723.8000,3723.2000,3722.4000,3722.2000,3725.0000,3725.2000,3725.4000,3725.6000,3725.8000,1,1,1,1,1,1,2,1,3,1
SF,IF2005,2020-04-13 13:17:49.600,3724.4000,11217,0,5233883040.000,0,-,-,-,-,3724.4000,3724.2000,3723.2000,3722.4000,3722.2000,3725.0000,3725.6000,3725.8000,3726.0000,3726.4000,2,2,1,1,1,1,1,1,1,2
SF,IF2005,2020-04-13 13:17:50.100,3724.4000,11217,0,5233883040.000,0,-,-,-,-,3724.6000,3724.4000,3723.2000,3722.4000,3722.2000,3725.0000,3725.6000,3725.8000,3726.0000,3726.4000,1,1,1,1,1,1,1,1,1,2
SF,IF2005,2020-04-13 13:17:50.600,3724.4000,11218,1,5235000360.000,1,1,0,双开,B,3723.2000,3722.4000,3722.2000,3722.0000,3721.6000,3724.4000,3724.8000,3725.0000,3725.6000,3725.8000,1,1,1,1,1,2,6,1,1,1
SF,IF2005,2020-04-13 13:17:51.100,3724.4000,11218,0,5235000360.000,0,-,-,-,-,3723.2000,3722.4000,3722.2000,3722.0000,3721.6000,3724.4000,3724.6000,3724.8000,3725.6000,3725.8000,1,1,1,1,1,7,2,6,1,1
SF,IF2005,2020-04-13 13:17:51.600,3724.4000,11218,0,5235000360.000,0,-,-,-,-,3723.4000,3723.2000,3722.4000,3722.2000,3722.0000,3724.0000,3724.4000,3724.6000,3724.8000,3725.6000,1,1,1,1,1,1,1,2,6,1
SF,IF2005,2020-04-13 13:17:52.100,3724.4000,11220,2,5237234880.000,2,2,0,双开,B,3724.4000,3723.6000,3723.4000,3723.2000,3722.4000,3724.6000,3724.8000,3725.6000,3725.8000,3726.0000,1,1,3,1,1,2,1,1,1,1
SF,IF2005,2020-04-13 13:17:52.600,3724.6000,11220,0,5239469640.000,2,1,1,空换,B,3724.4000,3724.0000,3723.4000,3723.2000,3722.4000,3724.8000,3725.6000,3725.8000,3726.0000,3726.2000,1,1,1,2,1,1,1,1,1,2
SF,IF2005,2020-04-13 13:17:53.100,3724.6000,11220,0,5239469640.000,0,-,-,-,-,3724.4000,3723.4000,3723.2000,3722.4000,3722.2000,3724.8000,3725.6000,3725.8000,3726.0000,3726.2000,2,1,2,1,1,1,1,1,1,2
SF,IF2005,2020-04-13 13:17:53.600,3724.6000,11220,0,5239469640.000,0,-,-,-,-,3724.6000,3724.4000,3723.4000,3723.2000,3722.4000,3724.8000,3725.6000,3725.8000,3726.0000,3726.2000,1,1,1,2,1,1,1,1,1,2
SF,IF2005,2020-04-13 13:17:55.100,3724.6000,11220,0,5240587020.000,1,0,1,空换,B,3724.4000,3723.4000,3723.2000,3722.4000,3722.2000,3724.8000,3725.6000,3725.8000,3726.0000,3726.2000,1,1,2,1,1,1,1,1,1,2
SF,IF2005,2020-04-13 13:17:55.600,3724.4000,11221,1,5241704340.000,1,1,0,双开,B,3723.4000,3723.2000,3722.4000,3722.2000,3722.0000,3724.6000,3724.8000,3725.6000,3725.8000,3726.0000,1,2,1,1,1,2,1,1,1,1
SF,IF2005,2020-04-13 13:17:56.600,3724.4000,11221,0,5241704340.000,0,-,-,-,-,3723.6000,3723.4000,3723.2000,3722.4000,3722.2000,3724.2000,3724.6000,3724.8000,3725.6000,3725.8000,1,1,2,1,1,1,1,1,1,1
SF,IF2005,2020-04-13 13:17:57.100,3724.2000,11222,1,5242821600.000,1,1,0,双开,B,3723.6000,3723.4000,3723.2000,3722.4000,3722.2000,3724.6000,3724.8000,3725.6000,3725.8000,3726.0000,2,1,2,1,1,1,1,1,1,1
SF,IF2005,2020-04-13 13:17:57.600,3724.2000,11222,0,5242821600.000,0,-,-,-,-,3723.6000,3723.2000,3722.4000,3722.2000,3722.0000,3724.6000,3724.8000,3725.6000,3725.8000,3726.0000,2,2,1,1,1,1,1,1,1,1
SF,IF2005,2020-04-13 13:17:58.100,3724.2000,11222,0,5242821600.000,0,-,-,-,-,3723.8000,3723.6000,3723.2000,3722.4000,3722.2000,3724.6000,3724.8000,3725.6000,3725.8000,3726.0000,1,2,2,1,1,1,1,1,1,1
SF,IF2005,2020-04-13 13:17:58.600,3724.2000,11222,0,5242821600.000,0,-,-,-,-,3723.8000,3723.6000,3723.2000,3722.4000,3722.2000,3724.0000,3724.8000,3725.6000,3725.8000,3726.0000,1,2,2,1,1,1,1,1,1,1
SF,IF2005,2020-04-13 13:17:59.100,3724.0000,11223,1,5243938800.000,1,1,0,双开,B,3724.0000,3723.8000,3723.6000,3723.2000,3722.4000,3724.8000,3725.6000,3725.8000,3726.0000,3726.2000,1,1,2,2,1,1,1,1,1,2
SF,IF2005,2020-04-13 13:18:00.100,3724.0000,11223,0,5243938800.000,0,-,-,-,-,3724.4000,3723.8000,3723.6000,3723.2000,3722.4000,3724.8000,3725.6000,3725.8000,3726.0000,3726.2000,1,1,2,2,1,1,1,1,1,2
SF,IF2005,2020-04-13 13:18:00.600,3724.0000,11223,0,5243938800.000,0,-,-,-,-,3724.4000,3723.8000,3723.2000,3722.4000,3722.2000,3724.8000,3725.6000,3725.8000,3726.0000,3726.2000,1,1,2,1,1,1,1,1,1,2
SF,IF2005,2020-04-13 13:18:01.100,3724.8000,11224,1,5245056240.000,1,1,0,双开,B,3723.8000,3723.2000,3722.4000,3722.2000,3722.0000,3725.6000,3725.8000,3726.0000,3726.2000,3726.4000,1,2,1,1,1,1,1,1,2,2
SF,IF2005,2020-04-13 13:18:01.600,3724.8000,11224,0,5245056240.000,0,-,-,-,-,3724.8000,3724.4000,3724.2000,3723.8000,3723.6000,3725.4000,3725.6000,3725.8000,3726.0000,3726.2000,2,1,2,1,1,1,1,1,1,2
SF,IF2005,2020-04-13 13:18:02.100,3724.8000,11226,2,5247291120.000,2,2,0,双开,B,3724.4000,3724.2000,3723.8000,3723.6000,3723.2000,3725.2000,3725.4000,3725.6000,3725.8000,3726.0000,1,2,1,1,2,5,2,1,1,1
SF,IF2005,2020-04-13 13:18:02.600,3724.8000,11226,0,5247291120.000,0,-,-,-,-,3724.4000,3724.2000,3723.8000,3723.6000,3723.2000,3725.4000,3725.6000,3725.8000,3726.0000,3726.2000,1,2,1,1,2,2,1,1,1,2
SF,IF2005,2020-04-13 13:18:03.100,3724.8000,11226,0,5247291120.000,0,-,-,-,-,3724.8000,3724.4000,3724.2000,3723.8000,3723.6000,3725.4000,3725.6000,3725.8000,3726.0000,3726.2000,2,1,2,1,1,2,1,1,1,2
SF,IF2005,2020-04-13 13:18:04.600,3724.8000,11226,0,5247291120.000,0,-,-,-,-,3724.8000,3724.4000,3724.2000,3723.8000,3723.6000,3725.4000,3726.0000,3726.2000,3726.4000,3727.0000,2,1,1,1,1,1,1,2,2,1
SF,IF2005,2020-04-13 13:18:05.100,3724.8000,11226,0,5247291120.000,0,-,-,-,-,3724.8000,3724.4000,3724.2000,3723.8000,3723.6000,3725.4000,3726.0000,3726.2000,3726.4000,3727.0000,2,1,1,1,1,1,1,2,2,1
SF,IF2005,2020-04-13 13:18:05.600,3724.8000,11226,0,5247291120.000,0,-,-,-,-,3725.4000,3725.0000,3724.8000,3723.8000,3723.6000,3726.0000,3726.2000,3726.4000,3727.0000,3727.6000,1,1,2,1,1,1,2,2,1,2
SF,IF2005,2020-04-13 13:18:06.100,3725.4000,11226,0,5248408740.000,1,0,1,空换,B,3724.8000,3723.8000,3723.6000,3723.2000,3722.4000,3725.4000,3725.8000,3726.0000,3726.2000,3726.4000,2,1,1,2,1,7,4,1,2,2
SF,IF2005,2020-04-13 13:18:06.600,3725.4000,11226,0,5248408740.000,0,-,-,-,-,3724.8000,3723.8000,3723.6000,3723.2000,3722.4000,3725.2000,3725.4000,3725.8000,3726.0000,3726.2000,2,1,1,2,1,1,2,3,1,2
SF,IF2005,2020-04-13 13:18:07.600,3725.4000,11226,0,5248408740.000,0,-,-,-,-,3723.8000,3723.6000,3723.2000,3722.4000,3722.2000,3725.2000,3725.4000,3725.8000,3726.0000,3726.2000,1,1,2,1,1,1,2,3,1,2
SF,IF2005,2020-04-13 13:18:08.100,3725.4000,11226,0,5248408740.000,0,-,-,-,-,3724.4000,3724.0000,3723.8000,3723.6000,3723.2000,3725.2000,3725.4000,3725.8000,3726.0000,3726.2000,1,2,1,1,2,1,2,1,1,2
SF,IF2005,2020-04-13 13:18:08.600,3725.4000,11227,1,5250643980.000,2,1,1,多开,B,3724.4000,3724.0000,3723.8000,3723.6000,3723.2000,3725.4000,3725.8000,3726.0000,3726.2000,3726.4000,1,2,1,1,2,1,1,1,2,2
SF,IF2005,2020-04-13 13:18:09.100,3724.4000,11228,1,5251761300.000,1,1,0,双开,B,3724.0000,3723.6000,3723.2000,3722.4000,3722.2000,3725.8000,3726.0000,3726.2000,3726.4000,3727.0000,2,1,2,1,1,1,1,2,2,1
SF,IF2005,2020-04-13 13:18:09.600,3724.4000,11228,0,5251761300.000,0,-,-,-,-,3724.2000,3724.0000,3723.6000,3723.2000,3722.4000,3725.6000,3725.8000,3726.0000,3726.2000,3726.4000,2,1,1,2,1,1,1,1,2,2
SF,IF2005,2020-04-13 13:18:10.100,3724.4000,11228,0,5251761300.000,0,-,-,-,-,3724.2000,3724.0000,3723.6000,3723.2000,3722.4000,3725.6000,3726.0000,3726.2000,3726.4000,3727.0000,2,1,1,2,1,2,1,2,2,1
SF,IF2005,2020-04-13 13:18:10.600,3724.4000,11228,0,5251761300.000,0,-,-,-,-,3724.2000,3724.0000,3723.6000,3723.2000,3722.4000,3725.4000,3725.6000,3726.0000,3726.2000,3726.4000,2,1,1,2,1,1,2,1,2,2
SF,IF2005,2020-04-13 13:18:11.100,3724.4000,11228,0,5251761300.000,0,-,-,-,-,3725.4000,3724.4000,3724.2000,3723.6000,3723.2000,3725.6000,3726.0000,3726.2000,3726.4000,3727.0000,1,2,2,1,2,2,1,2,2,1
SF,IF2005,2020-04-13 13:18:11.600,3725.4000,11228,0,5252878920.000,1,0,1,空换,B,3724.4000,3724.2000,3723.6000,3723.2000,3722.4000,3725.2000,3725.4000,3725.6000,3726.0000,3726.2000,2,1,1,2,1,1,2,1,1,2
SF,IF2005,2020-04-13 13:18:12.600,3725.4000,11228,0,5252878920.000,0,-,-,-,-,3724.4000,3724.2000,3723.6000,3723.2000,3722.4000,3725.0000,3725.2000,3725.4000,3725.6000,3726.0000,2,1,1,2,1,1,1,1,1,1
SF,IF2005,2020-04-13 13:18:13.100,3725.0000,11229,1,5253996420.000,1,1,0,双开,B,3724.4000,3724.2000,3723.6000,3723.2000,3722.4000,3725.2000,3725.4000,3725.6000,3726.0000,3726.2000,1,1,1,2,1,1,1,1,1,2
SF,IF2005,2020-04-13 13:18:14.100,3725.2000,11229,0,5255113980.000,1,0,1,空换,B,3724.4000,3724.2000,3723.6000,3723.2000,3722.4000,3725.4000,3725.6000,3726.0000,3726.2000,3726.4000,1,1,1,2,1,1,1,1,2,2
SF,IF2005,2020-04-13 13:18:14.600,3725.2000,11229,0,5255113980.000,0,-,-,-,-,3724.4000,3724.2000,3723.6000,3723.2000,3722.4000,3724.8000,3725.6000,3726.0000,3726.2000,3726.4000,1,1,1,2,1,1,1,1,2,2
SF,IF2005,2020-04-13 13:18:15.100,3724.8000,11230,1,5256231420.000,1,1,0,双开,B,3724.8000,3724.4000,3724.2000,3723.6000,3723.2000,3725.6000,3726.0000,3726.2000,3726.4000,3727.0000,1,1,1,1,2,1,1,2,2,1
SF,IF2005,2020-04-13 13:18:15.600,3724.8000,11230,0,5256231420.000,0,-,-,-,-,3724.4000,3724.2000,3723.6000,3723.2000,3722.4000,3725.6000,3726.0000,3726.2000,3726.4000,3727.0000,1,1,1,2,1,1,1,2,2,1
SF,IF2005,2020-04-13 13:18:16.100,3724.8000,11230,0,5256231420.000,0,-,-,-,-,3724.4000,3724.2000,3723.6000,3723.2000,3722.4000,3725.4000,3725.6000,3726.0000,3726.2000,3726.4000,1,1,1,2,1,1,1,1,2,2
SF,IF2005,2020-04-13 13:18:16.600,3724.8000,11230,0,5256231420.000,0,-,-,-,-,3724.2000,3723.6000,3723.2000,3722.4000,3722.2000,3725.2000,3725.4000,3726.0000,3726.2000,3726.4000,1,1,2,1,1,1,2,1,2,2
SF,IF2005,2020-04-13 13:18:17.100,3724.8000,11230,0,5256231420.000,0,-,-,-,-,3723.6000,3723.2000,3722.4000,3722.2000,3722.0000,3724.8000,3725.0000,3725.2000,3726.0000,3726.2000,1,2,1,1,1,1,6,1,1,2
SF,IF2005,2020-04-13 13:18:17.600,3724.8000,11230,0,5256231420.000,0,-,-,-,-,3723.6000,3723.2000,3722.4000,3722.2000,3722.0000,3724.2000,3724.4000,3724.6000,3724.8000,3725.0000,1,2,1,1,1,2,5,1,2,5
SF,IF2005,2020-04-13 13:18:18.100,3723.6000,11229,-1,5257348500.000,1,0,1,双平,B,3723.2000,3722.4000,3722.2000,3722.0000,3721.6000,3723.4000,3724.0000,3724.2000,3724.4000,3724.8000,2,1,1,1,1,1,7,2,4,2
SF,IF2005,2020-04-13 13:18:18.600,3723.2000,11231,2,5259582420.000,2,2,0,双开,B,3722.4000,3722.2000,3722.0000,3721.6000,3721.4000,3723.2000,3723.6000,3724.0000,3724.2000,3724.4000,1,1,1,1,1,1,7,5,1,4
SF,IF2005,2020-04-13 13:18:19.100,3723.2000,11232,1,5260699380.000,1,1,0,双开,B,3722.6000,3722.4000,3722.2000,3722.0000,3721.6000,3723.6000,3723.8000,3724.0000,3724.2000,3726.0000,1,1,1,1,1,2,1,5,1,1
SF,IF2005,2020-04-13 13:18:19.600,3723.2000,11232,0,5260699380.000,0,-,-,-,-,3722.6000,3722.4000,3722.2000,3722.0000,3721.6000,3723.6000,3723.8000,3724.0000,3724.2000,3726.0000,1,1,1,1,1,2,1,5,1,1
SF,IF2005,2020-04-13 13:18:20.100,3723.6000,11234,2,5262933540.000,2,2,0,双开,B,3722.6000,3722.4000,3722.2000,3722.0000,3721.6000,3723.4000,3724.2000,3726.0000,3726.2000,3726.4000,1,1,1,1,1,1,1,1,2,2
SF,IF2005,2020-04-13 13:18:20.600,3723.4000,11235,1,5264050560.000,1,1,0,双开,B,3723.4000,3722.8000,3722.6000,3722.4000,3722.2000,3723.6000,3726.0000,3726.2000,3726.4000,3727.0000,1,1,1,1,1,1,1,2,2,1
SF,IF2005,2020-04-13 13:18:21.100,3723.6000,11236,1,5265167640.000,1,1,0,双开,B,3723.6000,3723.4000,3722.8000,3722.6000,3722.4000,3726.0000,3726.2000,3726.4000,3727.0000,3727.6000,1,1,1,1,1,1,2,2,1,1
SF,IF2005,2020-04-13 13:18:21.600,3723.6000,11236,0,5265167640.000,0,-,-,-,-,3723.8000,3722.6000,3722.4000,3722.2000,3722.0000,3724.4000,3724.6000,3724.8000,3725.2000,3725.4000,1,1,1,1,1,6,1,3,2,2
SF,IF2005,2020-04-13 13:18:22.100,3723.8000,11237,1,5266284780.000,1,1,0,双开,B,3722.6000,3722.4000,3722.2000,3722.0000,3721.6000,3723.6000,3724.2000,3724.4000,3724.6000,3724.8000,1,1,1,1,1,1,1,6,1,2
SF,IF2005,2020-04-13 13:18:22.600,3723.8000,11237,0,5266284780.000,0,-,-,-,-,3723.6000,3722.8000,3722.6000,3722.4000,3722.2000,3724.4000,3724.8000,3725.2000,3725.6000,3725.8000,1,2,1,1,1,6,2,2,3,10
SF,IF2005,2020-04-13 13:18:23.100,3723.8000,11237,0,5266284780.000,0,-,-,-,-,3723.6000,3722.6000,3722.4000,3722.2000,3722.0000,3724.2000,3724.4000,3724.8000,3725.2000,3725.6000,1,1,1,1,1,1,5,2,2,3
SF,IF2005,2020-04-13 13:18:23.600,3723.6000,11238,1,5267401860.000,1,1,0,双开,B,3722.6000,3722.4000,3722.2000,3722.0000,3721.6000,3724.2000,3724.4000,3724.8000,3725.2000,3725.6000,1,1,1,1,1,1,5,2,2,3
SF,IF2005,2020-04-13 13:18:24.100,3723.6000,11238,0,5267401860.000,0,-,-,-,-,3723.0000,3722.6000,3722.4000,3722.2000,3722.0000,3724.2000,3724.4000,3724.8000,3725.2000,3725.6000,2,1,1,1,1,1,5,2,2,3
SF,IF2005,2020-04-13 13:18:24.600,3724.0000,11238,0,5268519060.000,1,0,1,空换,B,3723.0000,3722.4000,3722.2000,3722.0000,3721.6000,3724.2000,3724.4000,3724.8000,3725.2000,3725.6000,2,1,1,1,1,1,5,2,2,3
SF,IF2005,2020-04-13 13:18:25.100,3724.0000,11238,0,5268519060.000,0,-,-,-,-,3723.2000,3723.0000,3722.4000,3722.2000,3722.0000,3724.2000,3724.4000,3724.8000,3725.2000,3725.6000,1,2,1,1,1,1,5,2,2,3
SF,IF2005,2020-04-13 13:18:25.600,3724.0000,11238,0,5268519060.000,0,-,-,-,-,3723.4000,3723.2000,3723.0000,3722.4000,3722.2000,3724.2000,3724.8000,3725.2000,3725.6000,3725.8000,1,1,1,1,1,1,2,1,3,6
SF,IF2005,2020-04-13 13:18:26.100,3724.0000,11238,0,5268519060.000,0,-,-,-,-,3724.2000,3723.8000,3723.4000,3722.4000,3722.2000,3725.2000,3725.6000,3725.8000,3726.0000,3726.2000,2,1,1,1,1,1,1,5,1,2
SF,IF2005,2020-04-13 13:18:26.600,3724.0000,11238,0,5268519060.000,0,-,-,-,-,3724.2000,3723.8000,3722.4000,3722.2000,3722.0000,3725.0000,3725.2000,3725.6000,3725.8000,3726.0000,1,1,1,1,1,2,1,1,5,1
SF,IF2005,2020-04-13 13:18:27.100,3724.0000,11238,0,5268519060.000,0,-,-,-,-,3724.6000,3723.8000,3722.4000,3722.2000,3722.0000,3725.0000,3725.2000,3725.8000,3726.0000,3726.2000,1,1,1,1,1,2,1,3,1,2
SF,IF2005,2020-04-13 13:18:27.600,3724.6000,11239,1,5269636440.000,1,1,0,双开,B,3723.8000,3722.4000,3722.2000,3722.0000,3721.6000,3724.6000,3725.0000,3725.2000,3725.8000,3726.0000,1,1,1,1,1,2,2,1,3,1
SF,IF2005,2020-04-13 13:18:28.100,3724.6000,11241,2,5271871200.000,2,2,0,双开,B,3724.0000,3723.8000,3722.4000,3722.2000,3722.0000,3725.0000,3725.2000,3725.8000,3726.0000,3726.2000,1,1,1,1,1,2,1,3,1,2
SF,IF2005,2020-04-13 13:18:29.100,3724.6000,11241,0,5271871200.000,0,-,-,-,-,3724.0000,3723.8000,3722.4000,3722.2000,3722.0000,3724.8000,3725.0000,3725.2000,3725.8000,3726.0000,1,1,1,1,1,1,2,1,3,1
SF,IF2005,2020-04-13 13:18:30.600,3724.8000,11241,0,5272988640.000,1,0,1,空换,B,3724.0000,3723.8000,3722.4000,3722.2000,3722.0000,3725.0000,3725.2000,3725.8000,3726.0000,3726.2000,1,1,1,1,1,2,1,4,1,2
SF,IF2005,2020-04-13 13:18:31.100,3724.8000,11241,0,5272988640.000,0,-,-,-,-,3724.2000,3724.0000,3723.8000,3722.4000,3722.2000,3725.0000,3725.2000,3725.8000,3726.0000,3726.2000,1,1,1,1,1,2,1,4,1,2
SF,IF2005,2020-04-13 13:18:33.600,3725.0000,11242,1,5274106140.000,1,1,0,双开,B,3724.2000,3724.0000,3722.4000,3722.2000,3722.0000,3725.0000,3725.2000,3725.8000,3726.0000,3726.2000,1,1,1,1,1,1,1,4,1,2
SF,IF2005,2020-04-13 13:18:34.100,3725.0000,11242,0,5274106140.000,0,-,-,-,-,3724.4000,3724.2000,3722.4000,3722.2000,3722.0000,3725.8000,3726.0000,3726.2000,3726.4000,3727.0000,1,1,1,1,1,3,1,2,2,1
SF,IF2005,2020-04-13 13:18:34.600,3725.0000,11242,0,5274106140.000,0,-,-,-,-,3724.6000,3724.4000,3724.2000,3722.4000,3722.2000,3725.4000,3725.8000,3726.0000,3726.2000,3726.4000,1,1,1,1,1,2,2,1,2,2
SF,IF2005,2020-04-13 13:18:35.100,3725.0000,11242,0,5274106140.000,0,-,-,-,-,3724.6000,3724.4000,3724.2000,3722.4000,3722.2000,3725.4000,3725.8000,3726.0000,3726.2000,3726.4000,1,1,1,1,1,7,2,1,2,2
SF,IF2005,2020-04-13 13:18:36.100,3724.6000,11242,0,5275223520.000,1,0,1,空换,B,3724.4000,3724.2000,3722.4000,3722.2000,3722.0000,3724.6000,3725.0000,3725.4000,3725.8000,3726.0000,1,1,1,1,1,1,5,7,2,1
SF,IF2005,2020-04-13 13:18:36.600,3725.4000,11244,2,5278576020.000,3,2,1,多开,B,3724.6000,3724.2000,3722.4000,3722.2000,3722.0000,3725.4000,3725.8000,3726.0000,3726.2000,3726.4000,3,1,1,1,1,1,2,1,2,2
SF,IF2005,2020-04-13 13:18:37.100,3725.4000,11244,0,5278576020.000,0,-,-,-,-,3724.6000,3724.2000,3722.4000,3722.2000,3722.0000,3725.4000,3725.8000,3726.0000,3726.2000,3726.4000,1,1,1,1,1,1,2,1,2,2
SF,IF2005,2020-04-13 13:18:37.600,3725.4000,11244,0,5278576020.000,0,-,-,-,-,3725.0000,3724.2000,3722.4000,3722.2000,3722.0000,3725.4000,3725.8000,3726.0000,3726.2000,3726.4000,1,1,1,1,1,1,2,1,2,2
SF,IF2005,2020-04-13 13:18:38.100,3725.4000,11244,0,5278576020.000,0,-,-,-,-,3725.0000,3722.4000,3722.2000,3722.0000,3721.6000,3725.4000,3725.8000,3726.0000,3726.2000,3726.4000,1,1,1,1,1,1,2,1,2,2
SF,IF2005,2020-04-13 13:18:38.600,3725.4000,11245,1,5279693640.000,1,1,0,双开,B,3722.4000,3722.2000,3722.0000,3721.6000,3721.4000,3725.8000,3726.0000,3726.2000,3726.4000,3727.0000,1,1,1,1,1,2,1,2,2,1
SF,IF2005,2020-04-13 13:18:39.100,3725.4000,11245,0,5279693640.000,0,-,-,-,-,3724.2000,3724.0000,3723.2000,3723.0000,3722.8000,3725.6000,3725.8000,3726.0000,3726.2000,3726.4000,1,2,2,2,4,1,2,1,2,2
SF,IF2005,2020-04-13 13:18:39.600,3725.4000,11245,0,5279693640.000,0,-,-,-,-,3724.2000,3724.0000,3723.2000,3723.0000,3722.8000,3725.0000,3725.8000,3726.0000,3726.2000,3726.4000,2,2,2,2,4,1,2,1,2,2
SF,IF2005,2020-04-13 13:18:40.100,3725.0000,11246,1,5280811140.000,1,1,0,双开,B,3724.4000,3724.2000,3724.0000,3723.2000,3723.0000,3725.8000,3726.0000,3726.2000,3726.4000,3727.0000,1,2,1,2,2,2,1,2,2,1
SF,IF2005,2020-04-13 13:18:40.600,3725.0000,11246,0,5280811140.000,0,-,-,-,-,3724.4000,3724.2000,3724.0000,3723.2000,3723.0000,3725.4000,3725.6000,3725.8000,3726.0000,3726.2000,2,1,1,2,2,5,1,2,1,2
SF,IF2005,2020-04-13 13:18:41.100,3725.0000,11246,0,5280811140.000,0,-,-,-,-,3724.4000,3724.2000,3724.0000,3723.2000,3723.0000,3725.0000,3725.4000,3725.6000,3725.8000,3726.0000,2,1,1,2,2,5,7,2,2,1
SF,IF2005,2020-04-13 13:18:41.600,3725.0000,11246,0,5280811140.000,0,-,-,-,-,3724.4000,3724.2000,3724.0000,3723.2000,3723.0000,3725.4000,3725.6000,3725.8000,3726.0000,3726.2000,2,1,1,2,2,7,2,2,1,2
SF,IF2005,2020-04-13 13:18:42.100,3724.4000,11247,1,5281928460.000,1,1,0,双开,B,3724.2000,3724.0000,3723.2000,3723.0000,3722.8000,3724.4000,3724.8000,3725.2000,3725.4000,3725.6000,1,1,2,2,3,1,5,1,7,1
SF,IF2005,2020-04-13 13:18:42.600,3725.4000,11250,3,5286398640.000,4,3,1,多开,B,3724.4000,3724.0000,3723.2000,3723.0000,3722.8000,3725.4000,3725.6000,3725.8000,3726.0000,3726.2000,2,1,1,2,2,4,1,2,1,2
SF,IF2005,2020-04-13 13:18:43.100,3725.4000,11250,0,5286398640.000,0,-,-,-,-,3724.4000,3724.0000,3723.0000,3722.8000,3722.6000,3724.8000,3725.2000,3725.4000,3725.6000,3725.8000,1,1,2,2,3,5,1,4,1,2
SF,IF2005,2020-04-13 13:18:43.600,3725.4000,11250,0,5286398640.000,0,-,-,-,-,3724.8000,3724.0000,3723.0000,3722.8000,3722.6000,3725.4000,3725.6000,3725.8000,3726.0000,3726.2000,1,1,2,2,3,4,1,2,1,2
SF,IF2005,2020-04-13 13:18:44.100,3725.4000,11250,0,5286398640.000,0,-,-,-,-,3724.8000,3723.0000,3722.8000,3722.6000,3722.4000,3725.2000,3725.4000,3725.6000,3725.8000,3726.0000,1,2,2,3,1,1,4,1,2,1
SF,IF2005,2020-04-13 13:18:44.600,3725.4000,11251,1,5287516260.000,1,1,0,双开,B,3723.0000,3722.8000,3722.6000,3722.4000,3722.2000,3725.2000,3725.4000,3725.6000,3725.8000,3726.0000,2,2,3,1,1,1,4,1,2,1
SF,IF2005,2020-04-13 13:18:45.100,3725.4000,11251,0,5287516260.000,0,-,-,-,-,3724.2000,3724.0000,3723.2000,3723.0000,3722.8000,3725.2000,3725.4000,3725.8000,3726.0000,3726.2000,1,2,1,2,2,1,4,2,1,2
SF,IF2005,2020-04-13 13:18:45.600,3725.4000,11251,0,5287516260.000,0,-,-,-,-,3724.2000,3724.0000,3723.2000,3723.0000,3722.6000,3725.2000,3725.4000,3725.8000,3726.0000,3726.2000,1,2,1,2,3,1,4,2,1,2
SF,IF2005,2020-04-13 13:18:46.100,3725.4000,11251,0,5287516260.000,0,-,-,-,-,3724.4000,3724.2000,3724.0000,3723.2000,3723.0000,3725.2000,3725.4000,3725.8000,3726.0000,3726.2000,1,1,2,1,2,1,4,2,1,2
SF,IF2005,2020-04-13 13:18:47.600,3724.4000,11252,1,5288633580.000,1,1,0,双开,B,3724.2000,3724.0000,3723.2000,3723.0000,3722.6000,3724.4000,3724.8000,3725.2000,3725.4000,3725.8000,1,2,1,2,3,1,5,1,4,2
SF,IF2005,2020-04-13 13:18:48.100,3724.4000,11252,0,5289750900.000,1,0,1,空换,B,3724.4000,3724.0000,3723.2000,3723.0000,3722.6000,3725.2000,3725.4000,3725.8000,3726.0000,3726.2000,1,2,1,2,3,1,4,2,1,2
SF,IF2005,2020-04-13 13:18:49.100,3725.2000,11253,1,5290868460.000,1,1,0,双开,B,3724.8000,3723.2000,3723.0000,3722.6000,3722.4000,3725.8000,3726.0000,3726.2000,3726.4000,3727.0000,1,1,2,3,1,2,1,2,2,1
SF,IF2005,2020-04-13 13:18:50.100,3724.8000,11253,0,5291985900.000,1,0,1,空换,B,3723.2000,3723.0000,3722.6000,3722.4000,3722.2000,3725.0000,3725.4000,3725.8000,3726.0000,3726.2000,1,2,3,1,1,5,3,3,1,2
SF,IF2005,2020-04-13 13:18:50.600,3724.8000,11253,0,5291985900.000,0,-,-,-,-,3723.8000,3723.4000,3723.2000,3723.0000,3722.6000,3725.4000,3725.8000,3726.0000,3726.2000,3726.4000,3,1,1,2,3,3,3,1,2,2
SF,IF2005,2020-04-13 13:18:51.100,3724.8000,11253,0,5291985900.000,0,-,-,-,-,3723.8000,3723.4000,3723.2000,3722.6000,3722.4000,3724.8000,3725.2000,3725.4000,3725.6000,3725.8000,3,1,1,2,1,5,1,3,1,3
SF,IF2005,2020-04-13 13:18:51.600,3724.8000,11253,0,5291985900.000,0,-,-,-,-,3723.8000,3722.6000,3722.4000,3722.2000,3722.0000,3725.6000,3725.8000,3726.0000,3726.2000,3726.4000,3,2,1,1,1,1,3,1,2,2
SF,IF2005,2020-04-13 13:18:52.100,3724.8000,11253,0,5291985900.000,0,-,-,-,-,3724.0000,3723.8000,3722.6000,3722.4000,3722.2000,3724.8000,3725.2000,3725.4000,3725.6000,3725.8000,1,3,2,1,1,5,2,3,1,3
SF,IF2005,2020-04-13 13:18:52.600,3724.8000,11253,0,5291985900.000,0,-,-,-,-,3724.0000,3723.8000,3722.6000,3722.4000,3722.2000,3725.2000,3725.4000,3725.6000,3725.8000,3726.0000,1,3,2,1,1,2,3,1,3,1
SF,IF2005,2020-04-13 13:18:54.100,3724.8000,11253,0,5291985900.000,0,-,-,-,-,3724.0000,3723.8000,3722.6000,3722.4000,3722.2000,3724.8000,3725.2000,3725.4000,3725.6000,3725.8000,1,3,2,1,1,5,2,3,1,3
SF,IF2005,2020-04-13 13:18:54.600,3724.8000,11253,0,5291985900.000,0,-,-,-,-,3724.0000,3723.8000,3722.6000,3722.4000,3722.2000,3725.2000,3725.4000,3725.6000,3725.8000,3726.0000,1,3,2,1,1,2,3,1,3,1
SF,IF2005,2020-04-13 13:18:55.100,3724.8000,11253,0,5291985900.000,0,-,-,-,-,3724.0000,3723.8000,3722.6000,3722.4000,3722.2000,3725.0000,3725.2000,3725.4000,3725.6000,3725.8000,1,3,2,1,1,1,2,3,1,3
SF,IF2005,2020-04-13 13:18:55.600,3725.0000,11254,1,5293103400.000,1,1,0,双开,B,3725.0000,3724.2000,3724.0000,3722.6000,3722.4000,3725.2000,3725.6000,3725.8000,3726.0000,3726.2000,1,4,1,2,1,2,1,3,1,2
SF,IF2005,2020-04-13 13:18:56.100,3725.0000,11255,1,5295338400.000,2,1,1,多开,B,3724.2000,3724.0000,3722.6000,3722.4000,3722.2000,3725.0000,3725.2000,3725.6000,3725.8000,3726.0000,3,1,2,1,1,1,2,1,3,1
SF,IF2005,2020-04-13 13:18:56.600,3725.0000,11256,1,5296455900.000,1,1,0,双开,B,3724.4000,3724.2000,3724.0000,3722.6000,3722.4000,3725.8000,3726.0000,3726.2000,3726.4000,3727.0000,1,3,1,2,1,3,1,2,2,1
SF,IF2005,2020-04-13 13:18:57.100,3725.0000,11256,0,5296455900.000,0,-,-,-,-,3724.6000,3724.4000,3724.2000,3724.0000,3722.6000,3725.4000,3725.6000,3725.8000,3726.0000,3726.2000,1,1,2,1,2,4,1,3,1,2
SF,IF2005,2020-04-13 13:18:57.600,3725.0000,11256,0,5296455900.000,0,-,-,-,-,3724.8000,3724.6000,3724.2000,3724.0000,3722.6000,3725.4000,3725.8000,3726.0000,3726.2000,3726.4000,1,2,1,1,2,4,3,1,2,2
SF,IF2005,2020-04-13 13:18:58.100,3725.0000,11256,0,5296455900.000,0,-,-,-,-,3725.4000,3724.8000,3724.6000,3724.0000,3722.6000,3725.8000,3726.0000,3726.2000,3726.4000,3727.0000,1,1,2,1,2,3,1,2,2,1
SF,IF2005,2020-04-13 13:18:58.600,3725.4000,11256,0,5297573520.000,1,0,1,空换,B,3724.8000,3724.6000,3724.0000,3722.6000,3722.4000,3725.4000,3725.8000,3726.0000,3726.2000,3726.4000,1,2,1,2,1,7,3,1,2,2
SF,IF2005,2020-04-13 13:18:59.100,3724.8000,11257,1,5298690960.000,1,1,0,双开,B,3724.6000,3724.0000,3722.6000,3722.4000,3722.2000,3725.4000,3725.8000,3726.0000,3726.2000,3726.4000,2,1,2,1,1,2,3,1,2,2
SF,IF2005,2020-04-13 13:18:59.600,3724.8000,11257,0,5298690960.000,0,-,-,-,-,3724.6000,3724.0000,3722.6000,3722.4000,3722.2000,3725.4000,3725.8000,3726.0000,3726.2000,3726.4000,2,1,2,1,1,2,3,1,2,2
SF,IF2005,2020-04-13 13:19:01.600,3724.6000,11258,1,5299808340.000,1,1,0,双开,B,3724.6000,3724.0000,3722.6000,3722.4000,3722.2000,3724.8000,3725.8000,3726.0000,3726.2000,3726.4000,1,1,2,1,1,1,3,1,2,2
SF,IF2005,2020-04-13 13:19:02.100,3724.8000,11259,1,5300925780.000,1,1,0,双开,B,3724.0000,3722.6000,3722.4000,3722.2000,3722.0000,3725.8000,3726.0000,3726.2000,3726.4000,3727.0000,1,2,1,1,1,3,1,2,2,1
SF,IF2005,2020-04-13 13:19:02.600,3724.2000,11260,1,5302043040.000,1,1,0,双开,B,3724.2000,3724.0000,3722.6000,3722.4000,3722.2000,3725.4000,3725.6000,3725.8000,3726.0000,3726.2000,2,1,2,1,1,5,2,3,1,2
SF,IF2005,2020-04-13 13:19:03.100,3724.2000,11260,0,5302043040.000,0,-,-,-,-,3724.8000,3724.2000,3724.0000,3722.6000,3722.4000,3725.2000,3725.4000,3725.6000,3725.8000,3726.0000,2,2,1,2,1,1,5,1,3,1
SF,IF2005,2020-04-13 13:19:03.600,3724.8000,11260,0,5304277920.000,2,1,1,空换,B,3724.2000,3724.0000,3722.6000,3722.4000,3722.2000,3724.8000,3725.0000,3725.2000,3725.4000,3725.8000,2,1,2,1,1,2,5,2,5,3
SF,IF2005,2020-04-13 13:19:04.100,3724.8000,11260,0,5304277920.000,0,-,-,-,-,3724.2000,3724.0000,3722.6000,3722.4000,3722.2000,3724.8000,3725.2000,3725.4000,3725.8000,3726.0000,2,1,2,1,1,2,2,5,3,1
SF,IF2005,2020-04-13 13:19:04.600,3724.8000,11260,0,5304277920.000,0,-,-,-,-,3724.2000,3724.0000,3722.6000,3722.4000,3722.2000,3724.4000,3724.8000,3725.2000,3725.4000,3725.8000,2,1,2,1,1,1,1,2,5,3
SF,IF2005,2020-04-13 13:19:05.100,3724.4000,11261,1,5305395240.000,1,1,0,双开,B,3724.4000,3724.2000,3724.0000,3722.6000,3722.4000,3724.8000,3725.2000,3725.4000,3725.8000,3726.0000,1,1,1,2,1,1,2,5,3,1
SF,IF2005,2020-04-13 13:19:05.600,3724.4000,11261,0,5305395240.000,0,-,-,-,-,3724.4000,3724.0000,3722.6000,3722.4000,3722.2000,3724.8000,3725.2000,3725.4000,3725.8000,3726.0000,1,1,2,1,1,1,2,5,3,1
SF,IF2005,2020-04-13 13:19:06.100,3724.8000,11262,1,5306512680.000,1,1,0,双开,B,3724.4000,3724.0000,3722.6000,3722.4000,3722.2000,3725.2000,3725.8000,3726.0000,3726.2000,3726.4000,1,1,2,1,1,2,3,1,2,2
SF,IF2005,2020-04-13 13:19:06.600,3724.8000,11262,0,5306512680.000,0,-,-,-,-,3724.8000,3724.0000,3722.6000,3722.4000,3722.2000,3725.2000,3725.8000,3726.0000,3726.2000,3726.4000,1,1,2,1,1,2,3,1,2,2
SF,IF2005,2020-04-13 13:19:07.600,3724.8000,11263,1,5307630120.000,1,1,0,双开,B,3724.0000,3722.6000,3722.4000,3722.2000,3722.0000,3725.2000,3725.8000,3726.0000,3726.2000,3726.4000,1,2,1,1,1,2,3,1,2,2
SF,IF2005,2020-04-13 13:19:08.100,3724.8000,11263,0,5307630120.000,0,-,-,-,-,3724.0000,3722.6000,3722.4000,3722.2000,3722.0000,3724.6000,3724.8000,3725.0000,3725.2000,3725.8000,1,2,1,1,1,5,2,1,2,3
SF,IF2005,2020-04-13 13:19:08.600,3724.0000,11263,0,5308747320.000,1,0,1,空换,B,3722.6000,3722.4000,3722.2000,3722.0000,3721.6000,3724.0000,3724.2000,3724.4000,3724.6000,3724.8000,2,1,1,1,1,2,5,2,5,3
SF,IF2005,2020-04-13 13:19:09.100,3724.0000,11264,1,5309864520.000,1,1,0,双开,B,3723.2000,3723.0000,3722.8000,3722.6000,3722.4000,3724.0000,3724.4000,3724.6000,3724.8000,3725.0000,1,1,2,1,1,1,1,5,3,1
SF,IF2005,2020-04-13 13:19:09.600,3724.0000,11264,0,5309864520.000,0,-,-,-,-,3723.2000,3723.0000,3722.8000,3722.6000,3722.4000,3724.0000,3724.4000,3724.6000,3724.8000,3725.0000,1,1,2,1,1,1,1,5,4,1
SF,IF2005,2020-04-13 13:19:10.100,3724.0000,11265,1,5310981720.000,1,1,0,双开,B,3723.2000,3723.0000,3722.8000,3722.6000,3722.4000,3724.4000,3724.6000,3724.8000,3725.0000,3725.2000,1,1,1,1,1,1,5,4,1,1
SF,IF2005,2020-04-13 13:19:10.600,3724.0000,11265,0,5310981720.000,0,-,-,-,-,3723.4000,3723.2000,3723.0000,3722.6000,3722.4000,3724.4000,3724.6000,3724.8000,3725.0000,3725.2000,1,1,1,1,1,1,5,4,1,1
SF,IF2005,2020-04-13 13:19:11.100,3724.0000,11265,0,5310981720.000,0,-,-,-,-,3723.4000,3723.2000,3723.0000,3722.6000,3722.4000,3723.8000,3724.2000,3724.4000,3724.6000,3724.8000,1,1,1,1,1,1,1,1,5,2
SF,IF2005,2020-04-13 13:19:11.600,3723.8000,11266,1,5312098860.000,1,1,0,双开,B,3723.8000,3723.6000,3723.4000,3722.6000,3722.4000,3724.2000,3724.4000,3724.8000,3725.0000,3725.2000,1,1,1,1,1,1,1,1,1,1
SF,IF2005,2020-04-13 13:19:12.100,3723.8000,11266,0,5312098860.000,0,-,-,-,-,3723.8000,3723.6000,3723.4000,3722.6000,3722.4000,3724.2000,3724.4000,3724.8000,3725.0000,3725.2000,1,1,1,1,1,1,1,1,1,1
SF,IF2005,2020-04-13 13:19:12.600,3724.2000,11267,1,5313216120.000,1,1,0,双开,B,3723.8000,3723.6000,3723.4000,3722.6000,3722.4000,3724.4000,3724.8000,3725.0000,3725.2000,3725.8000,1,1,1,1,1,1,1,1,1,3
SF,IF2005,2020-04-13 13:19:13.100,3724.2000,11267,0,5313216120.000,0,-,-,-,-,3724.2000,3723.6000,3723.4000,3722.6000,3722.4000,3724.4000,3724.8000,3725.0000,3725.2000,3725.8000,1,1,1,1,1,1,1,1,1,3
SF,IF2005,2020-04-13 13:19:13.600,3724.2000,11268,1,5314333380.000,1,1,0,双开,B,3723.6000,3723.4000,3722.6000,3722.4000,3722.2000,3724.4000,3724.8000,3725.0000,3725.2000,3725.8000,1,1,1,1,1,1,1,1,1,3
SF,IF2005,2020-04-13 13:19:14.100,3724.2000,11268,0,5314333380.000,0,-,-,-,-,3723.6000,3723.4000,3722.6000,3722.4000,3722.2000,3724.2000,3724.4000,3724.8000,3725.0000,3725.2000,1,1,1,1,1,2,1,1,1,1
SF,IF2005,2020-04-13 13:19:14.600,3724.2000,11270,2,5316567900.000,2,2,0,双开,B,3724.2000,3723.8000,3723.6000,3723.4000,3722.6000,3724.4000,3724.8000,3725.0000,3725.2000,3725.8000,1,1,1,1,1,1,1,1,1,3
SF,IF2005,2020-04-13 13:19:15.100,3724.2000,11270,0,5316567900.000,0,-,-,-,-,3723.8000,3723.6000,3723.4000,3722.6000,3722.4000,3724.4000,3724.8000,3725.2000,3725.8000,3726.0000,1,1,1,1,1,1,1,1,3,1
SF,IF2005,2020-04-13 13:19:15.600,3724.2000,11270,0,5316567900.000,0,-,-,-,-,3723.8000,3723.4000,3722.6000,3722.4000,3722.2000,3724.4000,3725.2000,3725.8000,3726.0000,3726.2000,1,1,1,1,1,1,1,3,1,2
SF,IF2005,2020-04-13 13:19:16.100,3724.2000,11270,0,5316567900.000,0,-,-,-,-,3723.8000,3723.4000,3722.6000,3722.4000,3722.2000,3724.4000,3725.2000,3725.8000,3726.0000,3726.2000,1,1,1,1,1,1,1,3,1,2
SF,IF2005,2020-04-13 13:19:16.600,3724.4000,11271,1,5317685220.000,1,1,0,双开,B,3724.0000,3723.8000,3723.4000,3722.6000,3722.4000,3725.2000,3725.8000,3726.0000,3726.2000,3726.4000,1,1,1,1,1,1,3,1,2,2
SF,IF2005,2020-04-13 13:19:17.100,3724.4000,11271,0,5317685220.000,0,-,-,-,-,3724.0000,3723.8000,3723.4000,3722.6000,3722.4000,3725.0000,3725.2000,3725.8000,3726.0000,3726.2000,1,1,1,1,1,2,1,3,1,2
SF,IF2005,2020-04-13 13:19:17.600,3724.4000,11271,0,5317685220.000,0,-,-,-,-,3724.0000,3723.8000,3723.4000,3722.6000,3722.4000,3724.8000,3725.0000,3725.2000,3725.8000,3726.0000,1,1,1,1,1,6,2,1,3,1
SF,IF2005,2020-04-13 13:19:18.100,3724.4000,11271,0,5317685220.000,0,-,-,-,-,3724.0000,3723.8000,3723.4000,3722.6000,3722.4000,3724.8000,3725.0000,3725.2000,3725.8000,3726.0000,1,1,1,1,1,1,2,1,3,1
SF,IF2005,2020-04-13 13:19:18.600,3724.4000,11271,0,5317685220.000,0,-,-,-,-,3724.0000,3723.8000,3723.4000,3722.6000,3722.4000,3724.8000,3725.0000,3725.8000,3726.0000,3726.2000,1,1,1,1,1,1,2,3,1,2
SF,IF2005,2020-04-13 13:19:19.600,3724.4000,11271,0,5317685220.000,0,-,-,-,-,3724.0000,3723.8000,3723.4000,3722.6000,3722.4000,3724.8000,3725.0000,3725.8000,3726.0000,3726.2000,1,1,1,1,1,1,2,3,1,2
SF,IF2005,2020-04-13 13:19:20.100,3724.4000,11271,0,5317685220.000,0,-,-,-,-,3724.0000,3723.8000,3723.4000,3722.6000,3722.4000,3724.8000,3725.0000,3725.8000,3726.0000,3726.2000,1,1,1,1,1,1,2,3,1,2
SF,IF2005,2020-04-13 13:19:20.600,3724.4000,11271,0,5317685220.000,0,-,-,-,-,3724.0000,3723.8000,3723.4000,3722.6000,3722.4000,3724.8000,3725.0000,3725.8000,3726.0000,3726.2000,1,1,1,1,1,1,2,3,1,2
SF,IF2005,2020-04-13 13:19:21.600,3724.4000,11271,0,5317685220.000,0,-,-,-,-,3724.0000,3723.8000,3723.4000,3722.6000,3722.4000,3724.8000,3725.0000,3725.8000,3726.0000,3726.2000,1,1,1,1,1,2,2,3,1,2
SF,IF2005,2020-04-13 13:19:22.100,3724.4000,11271,0,5317685220.000,0,-,-,-,-,3724.0000,3723.8000,3723.4000,3722.6000,3722.4000,3724.8000,3725.0000,3725.8000,3726.0000,3726.2000,1,1,1,1,1,1,2,3,1,2
SF,IF2005,2020-04-13 13:19:22.600,3724.4000,11271,0,5317685220.000,0,-,-,-,-,3724.0000,3723.8000,3723.4000,3722.6000,3722.4000,3724.8000,3725.0000,3725.8000,3726.0000,3726.2000,1,1,1,1,1,1,2,3,1,2
SF,IF2005,2020-04-13 13:19:23.600,3724.4000,11271,0,5317685220.000,0,-,-,-,-,3724.0000,3723.8000,3723.4000,3722.6000,3722.4000,3724.8000,3725.0000,3725.8000,3726.0000,3726.2000,1,1,1,1,1,1,2,3,1,2
SF,IF2005,2020-04-13 13:19:24.100,3724.4000,11271,0,5317685220.000,0,-,-,-,-,3724.0000,3723.8000,3723.4000,3722.6000,3722.4000,3724.8000,3725.0000,3725.8000,3726.0000,3726.2000,1,1,1,1,1,1,2,3,1,2
SF,IF2005,2020-04-13 13:19:24.600,3724.4000,11271,0,5317685220.000,0,-,-,-,-,3724.0000,3723.8000,3723.4000,3722.6000,3722.4000,3724.8000,3725.0000,3725.8000,3726.0000,3726.2000,1,1,1,1,1,2,2,3,1,2
SF,IF2005,2020-04-13 13:19:26.100,3724.8000,11272,1,5318802660.000,1,1,0,双开,B,3724.0000,3723.8000,3723.4000,3722.6000,3722.4000,3724.8000,3725.0000,3725.8000,3726.0000,3726.2000,1,1,1,1,1,1,2,3,1,2
SF,IF2005,2020-04-13 13:19:26.600,3724.8000,11272,0,5318802660.000,0,-,-,-,-,3724.0000,3723.8000,3723.4000,3722.6000,3722.4000,3725.0000,3725.8000,3726.0000,3726.2000,3726.4000,1,1,1,1,1,2,3,1,2,2
SF,IF2005,2020-04-13 13:19:27.100,3724.8000,11272,0,5318802660.000,0,-,-,-,-,3724.0000,3723.8000,3723.4000,3722.6000,3722.4000,3725.0000,3725.8000,3726.0000,3726.2000,3726.4000,1,1,1,1,1,3,3,1,2,2
SF,IF2005,2020-04-13 13:19:28.100,3724.8000,11272,0,5318802660.000,0,-,-,-,-,3724.0000,3723.8000,3723.4000,3722.6000,3722.4000,3724.6000,3725.0000,3725.8000,3726.0000,3726.2000,1,1,1,1,1,5,2,3,1,2
SF,IF2005,2020-04-13 13:19:28.600,3724.8000,11272,0,5318802660.000,0,-,-,-,-,3724.0000,3723.8000,3723.4000,3722.6000,3722.4000,3724.6000,3725.0000,3725.8000,3726.0000,3726.2000,1,1,1,1,1,5,2,3,1,2
SF,IF2005,2020-04-13 13:19:29.100,3724.8000,11272,0,5318802660.000,0,-,-,-,-,3724.0000,3723.8000,3723.4000,3722.6000,3722.4000,3725.0000,3725.8000,3726.0000,3726.2000,3726.4000,1,1,1,1,1,2,3,1,2,2
SF,IF2005,2020-04-13 13:19:29.600,3724.8000,11272,0,5318802660.000,0,-,-,-,-,3724.0000,3723.8000,3723.4000,3722.6000,3722.4000,3725.0000,3725.8000,3726.0000,3726.2000,3726.4000,1,1,1,1,1,3,3,1,2,2
SF,IF2005,2020-04-13 13:19:30.100,3724.8000,11272,0,5318802660.000,0,-,-,-,-,3724.0000,3723.8000,3723.4000,3722.6000,3722.4000,3725.0000,3725.8000,3726.0000,3726.2000,3726.4000,1,1,1,1,1,2,3,1,2,2
SF,IF2005,2020-04-13 13:19:30.600,3724.8000,11272,0,5318802660.000,0,-,-,-,-,3724.0000,3723.8000,3723.4000,3722.6000,3722.4000,3725.0000,3725.8000,3726.0000,3726.2000,3726.4000,1,1,1,1,1,2,3,1,2,2
SF,IF2005,2020-04-13 13:19:31.100,3724.8000,11272,0,5318802660.000,0,-,-,-,-,3724.0000,3723.8000,3723.4000,3722.6000,3722.4000,3724.8000,3725.0000,3725.8000,3726.0000,3726.2000,1,1,1,1,1,1,3,3,1,2
SF,IF2005,2020-04-13 13:19:31.600,3724.8000,11273,1,5319920100.000,1,1,0,双开,B,3724.2000,3724.0000,3722.6000,3722.4000,3722.2000,3724.8000,3725.8000,3726.0000,3726.2000,3726.4000,3,1,1,1,1,1,3,1,2,2
SF,IF2005,2020-04-13 13:19:32.100,3724.8000,11273,0,5319920100.000,0,-,-,-,-,3724.4000,3724.2000,3722.6000,3722.4000,3722.2000,3725.8000,3726.0000,3726.2000,3726.4000,3727.0000,1,3,1,1,1,3,1,2,2,1
SF,IF2005,2020-04-13 13:19:32.600,3724.8000,11273,0,5319920100.000,0,-,-,-,-,3724.4000,3724.2000,3722.6000,3722.4000,3722.2000,3725.2000,3725.6000,3725.8000,3726.0000,3726.2000,1,4,1,1,1,5,4,4,1,2
SF,IF2005,2020-04-13 13:19:33.100,3724.8000,11273,0,5319920100.000,0,-,-,-,-,3724.4000,3724.2000,3722.6000,3722.4000,3722.2000,3725.2000,3725.6000,3725.8000,3726.0000,3726.2000,2,3,1,1,1,5,4,4,1,2
SF,IF2005,2020-04-13 13:19:33.600,3724.8000,11273,0,5319920100.000,0,-,-,-,-,3724.4000,3724.2000,3722.6000,3722.4000,3722.2000,3725.2000,3725.6000,3725.8000,3726.0000,3726.2000,2,3,1,1,1,6,4,4,1,2
SF,IF2005,2020-04-13 13:19:34.600,3724.8000,11273,0,5319920100.000,0,-,-,-,-,3724.4000,3724.2000,3722.6000,3722.4000,3722.2000,3725.2000,3725.6000,3725.8000,3726.0000,3726.2000,2,3,1,1,1,5,4,4,1,2
SF,IF2005,2020-04-13 13:19:35.100,3725.2000,11274,1,5321037660.000,1,1,0,双开,B,3724.4000,3724.2000,3722.6000,3722.4000,3722.2000,3725.6000,3725.8000,3726.0000,3726.2000,3726.4000,3,3,1,1,1,3,4,1,2,2
SF,IF2005,2020-04-13 13:19:35.600,3725.2000,11274,0,5321037660.000,0,-,-,-,-,3724.6000,3724.4000,3724.2000,3722.6000,3722.4000,3725.6000,3725.8000,3726.0000,3726.2000,3726.4000,1,3,2,1,1,3,3,1,2,2
SF,IF2005,2020-04-13 13:19:36.600,3725.2000,11274,0,5321037660.000,0,-,-,-,-,3724.6000,3724.4000,3724.2000,3722.6000,3722.4000,3725.2000,3725.6000,3725.8000,3726.0000,3726.2000,1,3,2,1,1,5,3,3,1,2
SF,IF2005,2020-04-13 13:19:37.100,3725.2000,11274,0,5321037660.000,0,-,-,-,-,3724.6000,3724.4000,3724.2000,3722.6000,3722.4000,3725.2000,3725.6000,3725.8000,3726.0000,3726.2000,1,2,2,1,1,5,3,3,1,2
SF,IF2005,2020-04-13 13:19:37.600,3725.2000,11274,0,5321037660.000,0,-,-,-,-,3724.6000,3724.4000,3724.2000,3722.6000,3722.4000,3725.6000,3725.8000,3726.0000,3726.2000,3726.4000,1,2,2,1,1,3,3,1,2,2
SF,IF2005,2020-04-13 13:19:38.600,3725.2000,11274,0,5321037660.000,0,-,-,-,-,3724.6000,3724.4000,3724.2000,3722.6000,3722.4000,3725.6000,3725.8000,3726.0000,3726.2000,3726.4000,1,2,1,1,1,3,3,1,2,2
SF,IF2005,2020-04-13 13:19:39.100,3725.2000,11274,0,5321037660.000,0,-,-,-,-,3724.6000,3724.4000,3724.2000,3722.6000,3722.4000,3725.6000,3725.8000,3726.0000,3726.2000,3726.4000,1,2,1,1,1,3,2,1,2,2
SF,IF2005,2020-04-13 13:19:39.600,3725.2000,11274,0,5321037660.000,0,-,-,-,-,3724.6000,3724.4000,3724.2000,3722.6000,3722.4000,3725.4000,3725.6000,3725.8000,3726.0000,3726.2000,1,2,1,1,1,1,3,2,1,2
SF,IF2005,2020-04-13 13:19:41.100,3725.2000,11274,0,5321037660.000,0,-,-,-,-,3724.6000,3724.4000,3724.2000,3722.6000,3722.4000,3725.2000,3725.4000,3725.6000,3725.8000,3726.0000,1,2,1,1,1,1,1,2,2,1
SF,IF2005,2020-04-13 13:19:41.600,3725.2000,11274,0,5321037660.000,0,-,-,-,-,3724.4000,3724.2000,3722.6000,3722.4000,3722.2000,3724.6000,3725.0000,3725.2000,3725.4000,3725.6000,2,1,1,1,1,2,5,1,1,2
SF,IF2005,2020-04-13 13:19:42.100,3724.4000,11273,-1,5322154980.000,1,0,1,双平,B,3722.6000,3722.4000,3722.2000,3722.0000,3721.6000,3724.6000,3724.8000,3725.0000,3725.4000,3725.6000,1,1,1,1,1,9,1,5,1,2
SF,IF2005,2020-04-13 13:19:42.600,3724.4000,11273,0,5322154980.000,0,-,-,-,-,3723.6000,3723.4000,3723.2000,3723.0000,3722.8000,3724.2000,3724.4000,3724.6000,3724.8000,3725.0000,1,1,1,2,3,1,2,3,1,5
SF,IF2005,2020-04-13 13:19:43.100,3724.2000,11274,1,5323272240.000,1,1,0,双开,B,3723.6000,3723.4000,3723.2000,3723.0000,3722.8000,3724.4000,3724.6000,3725.0000,3725.4000,3725.6000,1,1,1,2,2,2,3,5,1,1
SF,IF2005,2020-04-13 13:19:43.600,3724.2000,11274,0,5323272240.000,0,-,-,-,-,3723.6000,3723.4000,3723.2000,3723.0000,3722.8000,3724.4000,3724.6000,3725.0000,3725.4000,3725.6000,1,1,1,1,1,2,3,5,1,1
SF,IF2005,2020-04-13 13:19:44.600,3724.2000,11274,0,5323272240.000,0,-,-,-,-,3723.6000,3723.4000,3723.2000,3723.0000,3722.8000,3724.0000,3724.4000,3724.6000,3725.0000,3725.4000,1,1,1,1,1,1,2,2,5,1
SF,IF2005,2020-04-13 13:19:45.100,3723.6000,11275,1,5324389320.000,1,1,0,双开,B,3723.4000,3723.2000,3722.8000,3722.6000,3722.4000,3724.0000,3724.4000,3725.0000,3725.4000,3725.6000,1,1,1,1,1,2,2,5,1,1
SF,IF2005,2020-04-13 13:19:47.600,3724.0000,11276,1,5325506520.000,1,1,0,双开,B,3723.6000,3723.4000,3723.2000,3723.0000,3722.8000,3724.0000,3724.4000,3725.0000,3725.4000,3725.6000,1,1,1,1,1,1,2,5,1,1
SF,IF2005,2020-04-13 13:19:48.100,3724.0000,11277,1,5326623720.000,1,1,0,双开,B,3723.6000,3723.4000,3723.2000,3723.0000,3722.8000,3724.4000,3725.0000,3725.4000,3725.6000,3725.8000,1,1,1,1,1,2,5,1,1,2
SF,IF2005,2020-04-13 13:19:49.100,3724.0000,11277,0,5326623720.000,0,-,-,-,-,3723.6000,3723.4000,3723.2000,3723.0000,3722.8000,3724.4000,3725.4000,3725.6000,3725.8000,3726.0000,1,1,1,1,1,2,1,1,2,1
SF,IF2005,2020-04-13 13:19:49.600,3724.0000,11277,0,5326623720.000,0,-,-,-,-,3723.6000,3723.4000,3723.2000,3723.0000,3722.8000,3724.4000,3725.4000,3725.6000,3725.8000,3726.0000,1,1,1,1,1,1,1,1,2,1
SF,IF2005,2020-04-13 13:19:53.100,3724.4000,11278,1,5327741040.000,1,1,0,双开,B,3723.6000,3723.4000,3723.2000,3723.0000,3722.8000,3725.4000,3725.6000,3725.8000,3726.0000,3726.2000,1,1,1,1,1,1,1,2,1,2
SF,IF2005,2020-04-13 13:19:53.600,3724.4000,11278,0,5327741040.000,0,-,-,-,-,3723.8000,3723.6000,3723.4000,3723.2000,3723.0000,3724.6000,3725.0000,3725.2000,3725.4000,3725.6000,1,1,1,1,1,5,2,3,1,1
SF,IF2005,2020-04-13 13:19:54.100,3724.4000,11278,0,5327741040.000,0,-,-,-,-,3723.8000,3723.6000,3723.4000,3723.2000,3723.0000,3724.4000,3724.6000,3725.0000,3725.2000,3725.4000,1,1,1,1,1,5,5,4,3,1
SF,IF2005,2020-04-13 13:19:54.600,3724.4000,11278,0,5327741040.000,0,-,-,-,-,3723.6000,3723.4000,3723.2000,3723.0000,3722.6000,3724.4000,3724.6000,3725.0000,3725.2000,3725.4000,1,1,1,1,1,5,5,3,3,1
SF,IF2005,2020-04-13 13:19:55.100,3724.4000,11278,0,5327741040.000,0,-,-,-,-,3723.6000,3723.4000,3723.2000,3723.0000,3722.6000,3724.6000,3725.0000,3725.2000,3725.4000,3725.6000,1,1,1,1,1,5,3,3,1,1
SF,IF2005,2020-04-13 13:19:58.600,3724.4000,11278,0,5327741040.000,0,-,-,-,-,3723.8000,3723.6000,3723.4000,3723.2000,3723.0000,3725.0000,3725.2000,3725.4000,3725.6000,3725.8000,1,1,1,1,1,3,3,1,1,2
SF,IF2005,2020-04-13 13:19:59.100,3724.4000,11278,0,5327741040.000,0,-,-,-,-,3723.8000,3723.6000,3723.2000,3723.0000,3722.6000,3725.0000,3725.2000,3725.4000,3725.6000,3725.8000,1,1,1,1,1,3,3,1,1,2
SF,IF2005,2020-04-13 13:19:59.600,3724.4000,11278,0,5327741040.000,0,-,-,-,-,3723.8000,3723.6000,3723.2000,3723.0000,3722.6000,3724.8000,3725.0000,3725.2000,3725.4000,3725.6000,1,1,1,1,1,1,3,1,1,1
SF,IF2005,2020-04-13 13:20:00.600,3724.4000,11278,0,5327741040.000,0,-,-,-,-,3723.8000,3723.6000,3723.2000,3723.0000,3722.6000,3724.8000,3725.0000,3725.4000,3725.6000,3725.8000,1,1,1,1,1,1,1,1,1,2
SF,IF2005,2020-04-13 13:20:02.600,3724.4000,11278,0,5327741040.000,0,-,-,-,-,3724.0000,3723.8000,3723.2000,3723.0000,3722.6000,3724.8000,3725.4000,3725.6000,3725.8000,3726.0000,1,1,1,1,1,1,1,1,2,1
SF,IF2005,2020-04-13 13:20:03.100,3724.4000,11278,0,5327741040.000,0,-,-,-,-,3724.4000,3724.0000,3723.8000,3723.2000,3723.0000,3724.8000,3725.4000,3725.6000,3725.8000,3726.0000,2,1,1,1,1,1,1,1,2,1
SF,IF2005,2020-04-13 13:20:03.600,3724.4000,11279,1,5328858360.000,1,1,0,双开,B,3724.4000,3724.0000,3723.8000,3723.2000,3723.0000,3724.8000,3725.4000,3725.6000,3725.8000,3726.0000,1,1,1,1,1,1,1,1,2,1
SF,IF2005,2020-04-13 13:20:04.100,3724.4000,11279,0,5328858360.000,0,-,-,-,-,3724.4000,3724.0000,3723.2000,3723.0000,3722.6000,3724.8000,3725.4000,3725.6000,3725.8000,3726.0000,1,1,1,1,1,1,1,1,2,1
SF,IF2005,2020-04-13 13:20:06.600,3724.4000,11279,0,5328858360.000,0,-,-,-,-,3724.4000,3723.2000,3723.0000,3722.6000,3722.4000,3724.8000,3725.4000,3725.6000,3725.8000,3726.0000,1,1,1,1,1,1,1,1,2,1
SF,IF2005,2020-04-13 13:20:07.600,3724.4000,11279,0,5329975680.000,1,0,1,空换,B,3723.2000,3723.0000,3722.6000,3722.4000,3722.2000,3724.0000,3724.4000,3724.8000,3725.4000,3725.6000,1,1,1,1,1,1,7,1,1,1
SF,IF2005,2020-04-13 13:20:08.100,3724.0000,11279,0,5331092880.000,1,0,1,空换,B,3723.4000,3723.0000,3722.6000,3722.4000,3722.2000,3724.4000,3724.8000,3725.4000,3725.6000,3725.8000,2,1,1,1,1,7,1,1,1,2
SF,IF2005,2020-04-13 13:20:08.600,3724.0000,11279,0,5331092880.000,0,-,-,-,-,3723.4000,3723.0000,3722.6000,3722.4000,3722.2000,3724.2000,3724.4000,3725.4000,3725.6000,3725.8000,2,1,1,1,1,1,7,1,1,2
SF,IF2005,2020-04-13 13:20:09.600,3724.2000,11280,1,5332210140.000,1,1,0,双开,B,3723.6000,3723.4000,3723.0000,3722.6000,3722.4000,3724.4000,3725.4000,3725.6000,3725.8000,3726.0000,1,2,1,1,1,2,1,1,2,1
SF,IF2005,2020-04-13 13:20:10.600,3723.6000,11281,1,5333327220.000,1,1,0,双开,B,3723.4000,3723.0000,3722.6000,3722.4000,3722.2000,3723.8000,3725.4000,3725.6000,3725.8000,3726.0000,2,1,1,1,1,1,1,1,2,1
SF,IF2005,2020-04-13 13:20:11.100,3723.8000,11282,1,5334444360.000,1,1,0,双开,B,3723.4000,3723.0000,3722.6000,3722.4000,3722.2000,3725.4000,3725.6000,3725.8000,3726.0000,3726.2000,2,1,1,1,1,1,1,2,1,2
SF,IF2005,2020-04-13 13:20:11.600,3723.8000,11282,0,5334444360.000,0,-,-,-,-,3723.6000,3723.4000,3723.0000,3722.6000,3722.4000,3724.2000,3724.6000,3724.8000,3725.0000,3725.2000,1,2,1,1,1,4,1,1,2,5
SF,IF2005,2020-04-13 13:20:12.100,3723.8000,11282,0,5334444360.000,0,-,-,-,-,3723.6000,3723.4000,3723.0000,3722.6000,3722.4000,3724.2000,3724.6000,3724.8000,3725.0000,3725.2000,1,2,1,1,1,4,1,1,3,5
SF,IF2005,2020-04-13 13:20:13.600,3723.8000,11282,0,5334444360.000,0,-,-,-,-,3723.6000,3723.4000,3723.0000,3722.6000,3722.4000,3724.6000,3724.8000,3725.0000,3725.2000,3725.4000,1,2,1,1,1,1,1,3,5,1
SF,IF2005,2020-04-13 13:20:14.600,3723.8000,11282,0,5334444360.000,0,-,-,-,-,3723.6000,3723.4000,3723.0000,3722.6000,3722.4000,3724.6000,3724.8000,3725.0000,3725.2000,3725.4000,2,2,1,1,1,1,1,3,5,1
SF,IF2005,2020-04-13 13:20:15.100,3723.8000,11282,0,5334444360.000,0,-,-,-,-,3723.6000,3723.4000,3723.0000,3722.6000,3722.4000,3724.6000,3724.8000,3725.0000,3725.2000,3725.4000,2,2,1,1,1,1,1,3,4,1
SF,IF2005,2020-04-13 13:20:15.600,3723.6000,11283,1,5335561440.000,1,1,0,双开,B,3723.6000,3723.4000,3723.0000,3722.6000,3722.4000,3724.0000,3724.6000,3724.8000,3725.0000,3725.2000,1,2,1,1,1,5,1,1,3,4
SF,IF2005,2020-04-13 13:20:17.100,3723.6000,11283,0,5335561440.000,0,-,-,-,-,3723.6000,3723.4000,3723.0000,3722.6000,3722.4000,3724.0000,3724.8000,3725.0000,3725.2000,3725.4000,1,2,1,1,1,5,1,3,4,1
SF,IF2005,2020-04-13 13:20:20.600,3723.6000,11283,0,5335561440.000,0,-,-,-,-,3724.0000,3723.6000,3723.4000,3723.0000,3722.6000,3724.8000,3725.0000,3725.2000,3725.4000,3725.6000,4,1,2,1,1,1,3,4,1,1
SF,IF2005,2020-04-13 13:20:21.100,3723.6000,11283,0,5335561440.000,0,-,-,-,-,3723.8000,3723.6000,3723.0000,3722.6000,3722.4000,3725.0000,3725.2000,3725.4000,3725.6000,3725.8000,1,1,1,1,1,1,4,1,1,1
SF,IF2005,2020-04-13 13:20:21.600,3723.6000,11283,0,5335561440.000,0,-,-,-,-,3724.2000,3724.0000,3723.6000,3723.0000,3722.6000,3725.2000,3725.4000,3725.6000,3725.8000,3726.0000,1,2,1,1,1,3,1,1,1,1
SF,IF2005,2020-04-13 13:20:22.100,3723.6000,11283,0,5335561440.000,0,-,-,-,-,3724.2000,3724.0000,3723.6000,3723.0000,3722.6000,3725.2000,3725.4000,3725.6000,3725.8000,3726.0000,1,2,1,1,1,2,1,1,1,1
SF,IF2005,2020-04-13 13:20:22.600,3723.6000,11283,0,5335561440.000,0,-,-,-,-,3724.2000,3724.0000,3723.6000,3723.0000,3722.6000,3724.8000,3725.2000,3725.4000,3725.6000,3725.8000,1,2,1,1,1,5,2,1,1,1
SF,IF2005,2020-04-13 13:20:23.600,3724.2000,11284,1,5336678700.000,1,1,0,双开,B,3724.0000,3723.6000,3723.0000,3722.6000,3722.4000,3724.8000,3725.2000,3725.4000,3725.6000,3725.8000,2,1,1,1,1,5,2,1,1,1
SF,IF2005,2020-04-13 13:20:26.600,3724.2000,11284,0,5336678700.000,0,-,-,-,-,3724.0000,3723.6000,3723.0000,3722.6000,3722.4000,3725.2000,3725.4000,3725.6000,3725.8000,3726.0000,2,1,1,1,1,2,1,1,1,1
SF,IF2005,2020-04-13 13:20:27.100,3724.2000,11284,0,5336678700.000,0,-,-,-,-,3724.0000,3723.6000,3723.0000,3722.6000,3722.4000,3724.6000,3725.0000,3725.2000,3725.4000,3725.6000,2,1,1,1,1,5,1,2,1,1
SF,IF2005,2020-04-13 13:20:27.600,3724.2000,11284,0,5336678700.000,0,-,-,-,-,3724.0000,3723.6000,3723.0000,3722.6000,3722.4000,3725.2000,3725.4000,3725.6000,3725.8000,3726.0000,2,1,1,1,1,2,1,1,1,1
SF,IF2005,2020-04-13 13:20:28.100,3724.2000,11284,0,5336678700.000,0,-,-,-,-,3724.0000,3723.6000,3723.0000,3722.6000,3722.4000,3725.0000,3725.2000,3725.4000,3725.6000,3725.8000,2,1,1,1,1,1,2,1,1,1
SF,IF2005,2020-04-13 13:20:32.100,3724.2000,11284,0,5336678700.000,0,-,-,-,-,3724.0000,3723.6000,3723.0000,3722.6000,3722.4000,3724.6000,3725.0000,3725.2000,3725.4000,3725.6000,2,1,1,1,1,5,1,2,1,1
SF,IF2005,2020-04-13 13:20:32.600,3724.0000,11285,1,5337795900.000,1,1,0,双开,B,3724.0000,3723.6000,3723.0000,3722.6000,3722.4000,3724.6000,3725.0000,3725.2000,3725.4000,3725.6000,1,1,1,1,1,5,1,2,1,1
SF,IF2005,2020-04-13 13:20:33.600,3724.0000,11285,0,5337795900.000,0,-,-,-,-,3724.0000,3723.0000,3722.6000,3722.4000,3722.2000,3724.6000,3725.0000,3725.2000,3725.4000,3725.6000,1,1,1,1,1,5,1,2,1,1
SF,IF2005,2020-04-13 13:20:34.100,3724.0000,11285,0,5337795900.000,0,-,-,-,-,3724.0000,3723.0000,3722.6000,3722.4000,3722.2000,3724.6000,3725.0000,3725.2000,3725.4000,3725.6000,2,1,1,1,1,5,1,2,1,1
SF,IF2005,2020-04-13 13:20:36.100,3724.0000,11285,0,5337795900.000,0,-,-,-,-,3724.0000,3723.0000,3722.6000,3722.4000,3722.2000,3724.6000,3725.2000,3725.4000,3725.6000,3725.8000,2,1,1,1,1,5,2,1,1,1
SF,IF2005,2020-04-13 13:20:36.600,3724.0000,11285,0,5337795900.000,0,-,-,-,-,3724.0000,3723.0000,3722.6000,3722.4000,3722.2000,3724.6000,3725.2000,3725.4000,3725.6000,3725.8000,1,1,1,1,1,5,2,1,1,1
SF,IF2005,2020-04-13 13:20:38.100,3724.0000,11285,0,5337795900.000,0,-,-,-,-,3724.0000,3722.6000,3722.4000,3722.2000,3722.0000,3724.6000,3725.2000,3725.4000,3725.6000,3725.8000,1,1,1,1,1,5,2,1,1,1
SF,IF2005,2020-04-13 13:20:39.100,3724.0000,11285,0,5337795900.000,0,-,-,-,-,3724.0000,3722.6000,3722.4000,3722.2000,3722.0000,3724.6000,3725.2000,3725.6000,3725.8000,3726.0000,1,1,1,1,1,5,2,1,1,1
SF,IF2005,2020-04-13 13:20:39.600,3724.0000,11286,1,5338913100.000,1,1,0,双开,B,3722.6000,3722.4000,3722.2000,3722.0000,3721.6000,3724.6000,3725.2000,3725.6000,3725.8000,3726.0000,1,1,1,1,1,5,2,1,1,1
SF,IF2005,2020-04-13 13:20:40.100,3724.0000,11286,0,5338913100.000,0,-,-,-,-,3723.6000,3723.2000,3723.0000,3722.8000,3722.6000,3724.4000,3724.6000,3725.2000,3725.6000,3725.8000,1,2,1,2,1,2,5,1,1,1
SF,IF2005,2020-04-13 13:20:40.600,3724.0000,11286,0,5338913100.000,0,-,-,-,-,3723.6000,3723.2000,3723.0000,3722.8000,3722.6000,3724.4000,3724.6000,3725.2000,3725.6000,3725.8000,1,1,1,1,1,1,5,1,1,1
SF,IF2005,2020-04-13 13:20:44.100,3724.0000,11286,0,5338913100.000,0,-,-,-,-,3723.6000,3723.2000,3723.0000,3722.8000,3722.6000,3724.4000,3725.2000,3725.6000,3725.8000,3726.0000,1,1,1,1,1,1,1,1,1,1
SF,IF2005,2020-04-13 13:20:44.600,3724.4000,11287,1,5340030420.000,1,1,0,双开,B,3723.6000,3723.2000,3723.0000,3722.8000,3722.6000,3725.2000,3725.6000,3725.8000,3726.0000,3726.2000,1,1,1,1,1,1,1,1,1,2
SF,IF2005,2020-04-13 13:20:45.100,3724.4000,11287,0,5340030420.000,0,-,-,-,-,3724.4000,3724.0000,3723.8000,3723.0000,3722.6000,3725.0000,3725.2000,3725.6000,3725.8000,3726.0000,2,1,2,1,1,6,1,1,1,1
SF,IF2005,2020-04-13 13:20:45.600,3724.6000,11288,1,5341147800.000,1,1,0,双开,B,3724.4000,3724.0000,3723.8000,3723.0000,3722.6000,3724.6000,3725.0000,3725.2000,3725.6000,3725.8000,1,1,2,1,1,4,7,1,1,1
SF,IF2005,2020-04-13 13:20:46.100,3724.6000,11288,0,5341147800.000,0,-,-,-,-,3724.8000,3724.0000,3723.8000,3723.0000,3722.6000,3725.0000,3725.2000,3725.6000,3725.8000,3726.0000,1,1,2,1,1,7,1,1,1,1
SF,IF2005,2020-04-13 13:20:46.600,3724.8000,11289,1,5342265240.000,1,1,0,双开,B,3724.0000,3723.8000,3723.0000,3722.6000,3722.4000,3725.0000,3725.2000,3725.6000,3725.8000,3726.0000,1,1,1,1,1,7,1,1,1,1
SF,IF2005,2020-04-13 13:20:47.100,3724.8000,11289,0,5342265240.000,0,-,-,-,-,3724.0000,3723.8000,3723.0000,3722.6000,3722.4000,3724.8000,3725.0000,3725.2000,3725.6000,3725.8000,1,1,1,1,1,2,7,1,1,1
SF,IF2005,2020-04-13 13:20:47.600,3724.8000,11290,1,5343382680.000,1,1,0,双开,B,3724.0000,3723.8000,3723.0000,3722.6000,3722.4000,3724.8000,3725.0000,3725.2000,3725.6000,3725.8000,1,1,1,1,1,1,7,1,1,1
SF,IF2005,2020-04-13 13:20:50.100,3724.8000,11290,0,5343382680.000,0,-,-,-,-,3724.0000,3723.8000,3723.0000,3722.6000,3722.4000,3724.2000,3725.0000,3725.2000,3725.6000,3725.8000,1,1,1,1,1,1,7,1,1,1
SF,IF2005,2020-04-13 13:20:50.600,3724.2000,11291,1,5344499940.000,1,1,0,双开,B,3724.2000,3723.8000,3723.0000,3722.6000,3722.4000,3725.0000,3725.2000,3725.6000,3725.8000,3726.0000,1,1,1,1,1,6,1,1,1,1
SF,IF2005,2020-04-13 13:20:51.100,3724.2000,11291,0,5344499940.000,0,-,-,-,-,3723.8000,3723.0000,3722.6000,3722.4000,3722.2000,3725.0000,3725.2000,3725.6000,3725.8000,3726.0000,1,1,1,1,1,6,1,1,1,1
SF,IF2005,2020-04-13 13:20:54.100,3724.2000,11291,0,5344499940.000,0,-,-,-,-,3724.0000,3723.8000,3723.0000,3722.6000,3722.4000,3725.0000,3725.2000,3725.6000,3725.8000,3726.0000,1,1,1,1,1,6,1,1,1,1
SF,IF2005,2020-04-13 13:20:54.600,3724.2000,11291,0,5344499940.000,0,-,-,-,-,3724.0000,3723.8000,3723.0000,3722.6000,3722.4000,3724.6000,3724.8000,3725.0000,3725.2000,3725.6000,1,1,1,1,1,5,1,6,1,1
SF,IF2005,2020-04-13 13:20:55.100,3724.0000,11291,0,5345617140.000,1,0,1,空换,B,3723.8000,3723.0000,3722.6000,3722.4000,3722.2000,3724.6000,3724.8000,3725.0000,3725.2000,3725.6000,1,1,1,1,1,5,2,6,1,1
SF,IF2005,2020-04-13 13:20:58.100,3724.0000,11291,0,5345617140.000,0,-,-,-,-,3723.8000,3723.0000,3722.6000,3722.4000,3722.2000,3724.0000,3724.6000,3724.8000,3725.0000,3725.2000,1,1,1,1,1,1,5,2,6,1
SF,IF2005,2020-04-13 13:20:58.600,3724.0000,11291,0,5345617140.000,0,-,-,-,-,3722.6000,3722.4000,3722.2000,3722.0000,3721.6000,3724.0000,3724.2000,3724.4000,3724.6000,3725.0000,1,1,1,1,1,1,5,1,5,6
SF,IF2005,2020-04-13 13:20:59.100,3724.0000,11291,0,5345617140.000,0,-,-,-,-,3723.2000,3723.0000,3722.8000,3722.6000,3722.4000,3724.0000,3724.2000,3724.4000,3724.6000,3725.0000,1,1,3,1,1,1,5,1,5,6
SF,IF2005,2020-04-13 13:20:59.600,3724.0000,11291,0,5345617140.000,0,-,-,-,-,3723.2000,3723.0000,3722.8000,3722.6000,3722.4000,3724.0000,3724.4000,3724.6000,3725.0000,3725.2000,1,1,2,1,1,1,1,5,6,1
SF,IF2005,2020-04-13 13:21:00.100,3724.0000,11291,0,5345617140.000,0,-,-,-,-,3723.2000,3723.0000,3722.8000,3722.6000,3722.4000,3724.0000,3724.6000,3725.0000,3725.2000,3725.6000,1,1,2,1,1,1,5,6,1,1
SF,IF2005,2020-04-13 13:21:00.600,3724.0000,11291,0,5346734340.000,1,0,1,空换,B,3723.2000,3723.0000,3722.8000,3722.6000,3722.4000,3724.6000,3725.0000,3725.2000,3725.6000,3725.8000,1,1,2,1,1,5,6,1,1,1
SF,IF2005,2020-04-13 13:21:01.100,3724.0000,11291,0,5346734340.000,0,-,-,-,-,3723.4000,3723.2000,3723.0000,3722.8000,3722.6000,3724.4000,3724.6000,3725.0000,3725.2000,3725.6000,1,1,1,1,1,1,5,5,1,1
SF,IF2005,2020-04-13 13:21:01.600,3724.0000,11291,0,5346734340.000,0,-,-,-,-,3723.2000,3723.0000,3722.8000,3722.6000,3722.4000,3724.0000,3724.4000,3724.6000,3725.0000,3725.2000,1,1,1,1,1,5,2,5,5,1
SF,IF2005,2020-04-13 13:21:02.100,3724.0000,11291,0,5346734340.000,0,-,-,-,-,3723.2000,3723.0000,3722.8000,3722.6000,3722.4000,3724.4000,3724.6000,3725.0000,3725.2000,3725.6000,1,1,1,1,1,2,5,5,1,1
SF,IF2005,2020-04-13 13:21:02.600,3724.0000,11291,0,5346734340.000,0,-,-,-,-,3723.4000,3723.2000,3722.8000,3722.6000,3722.4000,3724.4000,3724.6000,3725.0000,3725.2000,3725.6000,2,1,1,1,1,2,5,5,1,1
SF,IF2005,2020-04-13 13:21:03.100,3724.0000,11291,0,5346734340.000,0,-,-,-,-,3723.4000,3723.2000,3722.6000,3722.4000,3722.2000,3724.4000,3724.6000,3725.0000,3725.2000,3725.6000,2,1,1,1,1,2,5,5,1,1
SF,IF2005,2020-04-13 13:21:03.600,3724.0000,11291,0,5346734340.000,0,-,-,-,-,3724.0000,3723.4000,3723.2000,3722.6000,3722.4000,3724.4000,3724.6000,3725.0000,3725.2000,3725.6000,2,2,1,1,1,2,5,5,1,1
SF,IF2005,2020-04-13 13:21:04.100,3724.4000,11292,1,5347851660.000,1,1,0,双开,B,3724.0000,3723.4000,3722.6000,3722.4000,3722.2000,3724.4000,3724.6000,3725.0000,3725.2000,3725.6000,2,2,1,1,1,1,5,5,1,1
SF,IF2005,2020-04-13 13:21:04.600,3724.4000,11292,0,5347851660.000,0,-,-,-,-,3724.0000,3723.4000,3722.6000,3722.4000,3722.2000,3724.4000,3724.6000,3725.0000,3725.2000,3725.6000,2,2,1,1,1,2,5,5,1,1
SF,IF2005,2020-04-13 13:21:05.100,3724.4000,11292,0,5347851660.000,0,-,-,-,-,3724.0000,3723.4000,3722.6000,3722.4000,3722.2000,3724.2000,3724.4000,3724.6000,3725.0000,3725.2000,2,2,1,1,1,1,1,5,5,1
SF,IF2005,2020-04-13 13:21:05.600,3724.4000,11292,0,5347851660.000,0,-,-,-,-,3724.0000,3723.4000,3722.6000,3722.4000,3722.2000,3724.2000,3724.4000,3724.6000,3725.0000,3725.2000,2,2,1,1,1,1,1,5,5,1
SF,IF2005,2020-04-13 13:21:06.100,3724.0000,11293,1,5350086060.000,2,1,1,多开,B,3723.4000,3722.6000,3722.4000,3722.2000,3722.0000,3724.2000,3724.4000,3724.6000,3725.0000,3725.2000,2,1,1,1,1,1,1,5,5,1
SF,IF2005,2020-04-13 13:21:06.600,3724.0000,11293,0,5350086060.000,0,-,-,-,-,3723.4000,3722.6000,3722.4000,3722.2000,3722.0000,3724.2000,3724.4000,3724.6000,3725.0000,3725.2000,2,1,1,1,1,1,1,5,5,1
SF,IF2005,2020-04-13 13:21:07.100,3724.0000,11293,0,5350086060.000,0,-,-,-,-,3723.4000,3722.6000,3722.4000,3722.2000,3722.0000,3724.2000,3724.4000,3724.6000,3725.0000,3725.2000,2,1,1,1,1,1,1,5,5,1
SF,IF2005,2020-04-13 13:21:07.600,3724.0000,11293,0,5350086060.000,0,-,-,-,-,3723.4000,3722.6000,3722.4000,3722.2000,3722.0000,3723.8000,3724.2000,3724.4000,3724.6000,3725.0000,2,1,1,1,1,5,2,1,5,5
SF,IF2005,2020-04-13 13:21:08.100,3724.0000,11293,0,5350086060.000,0,-,-,-,-,3723.4000,3722.6000,3722.4000,3722.2000,3722.0000,3723.8000,3724.2000,3724.4000,3724.6000,3725.2000,1,1,1,1,1,5,2,1,5,1
SF,IF2005,2020-04-13 13:21:08.600,3724.0000,11293,0,5350086060.000,0,-,-,-,-,3722.6000,3722.4000,3722.2000,3722.0000,3721.6000,3723.8000,3724.2000,3724.6000,3725.2000,3725.6000,1,1,1,1,1,5,1,5,1,1
SF,IF2005,2020-04-13 13:21:09.100,3724.0000,11293,0,5350086060.000,0,-,-,-,-,3722.8000,3722.6000,3722.4000,3722.2000,3722.0000,3723.6000,3723.8000,3724.6000,3725.2000,3725.6000,3,1,1,1,1,1,5,5,1,1
SF,IF2005,2020-04-13 13:21:09.600,3724.0000,11293,0,5350086060.000,0,-,-,-,-,3722.8000,3722.4000,3722.2000,3722.0000,3721.6000,3723.6000,3723.8000,3724.6000,3725.2000,3725.6000,3,1,1,1,1,1,5,5,1,1
SF,IF2005,2020-04-13 13:21:11.100,3724.0000,11293,0,5350086060.000,0,-,-,-,-,3722.8000,3722.4000,3722.2000,3722.0000,3721.6000,3723.6000,3723.8000,3724.6000,3725.2000,3725.6000,3,1,1,1,1,2,5,5,1,1
SF,IF2005,2020-04-13 13:21:11.600,3724.0000,11293,0,5350086060.000,0,-,-,-,-,3722.8000,3722.4000,3722.2000,3722.0000,3721.6000,3723.6000,3723.8000,3724.6000,3725.2000,3725.6000,3,1,1,1,1,1,5,5,1,1
SF,IF2005,2020-04-13 13:21:12.100,3724.0000,11293,0,5350086060.000,0,-,-,-,-,3722.8000,3722.4000,3722.2000,3722.0000,3721.6000,3723.6000,3723.8000,3724.6000,3725.2000,3725.6000,3,1,1,1,1,1,5,5,1,1
SF,IF2005,2020-04-13 13:21:12.600,3724.0000,11293,0,5350086060.000,0,-,-,-,-,3722.8000,3722.4000,3722.2000,3722.0000,3721.6000,3723.6000,3723.8000,3724.6000,3725.2000,3725.6000,3,1,1,1,1,1,5,5,1,1
SF,IF2005,2020-04-13 13:21:13.100,3724.0000,11293,0,5350086060.000,0,-,-,-,-,3722.8000,3722.4000,3722.2000,3722.0000,3721.6000,3723.6000,3723.8000,3724.6000,3725.2000,3725.6000,3,1,1,1,1,2,5,5,1,1
SF,IF2005,2020-04-13 13:21:13.600,3724.0000,11293,0,5350086060.000,0,-,-,-,-,3722.8000,3722.4000,3722.2000,3722.0000,3721.6000,3723.6000,3723.8000,3724.6000,3725.2000,3725.6000,3,1,1,1,1,1,5,5,1,1
SF,IF2005,2020-04-13 13:21:14.100,3724.0000,11293,0,5350086060.000,0,-,-,-,-,3722.8000,3722.4000,3722.2000,3722.0000,3721.6000,3723.6000,3723.8000,3724.6000,3725.2000,3725.6000,3,1,1,1,1,1,5,5,1,1
SF,IF2005,2020-04-13 13:21:14.600,3723.6000,11294,1,5351203140.000,1,1,0,双开,B,3722.8000,3722.4000,3722.2000,3722.0000,3721.6000,3724.6000,3725.2000,3725.6000,3725.8000,3726.0000,3,1,1,1,1,5,1,1,1,1
SF,IF2005,2020-04-13 13:21:15.100,3723.6000,11294,0,5351203140.000,0,-,-,-,-,3722.8000,3722.4000,3722.2000,3722.0000,3721.6000,3724.0000,3724.4000,3724.6000,3725.2000,3725.6000,3,1,1,1,1,5,3,5,1,1
SF,IF2005,2020-04-13 13:21:15.600,3723.6000,11294,0,5351203140.000,0,-,-,-,-,3723.2000,3722.8000,3722.4000,3722.2000,3722.0000,3724.0000,3724.4000,3724.6000,3725.2000,3725.6000,1,2,1,1,1,5,2,5,1,1
SF,IF2005,2020-04-13 13:21:16.100,3723.6000,11294,0,5351203140.000,0,-,-,-,-,3723.2000,3722.8000,3722.4000,3722.2000,3722.0000,3724.0000,3724.4000,3724.6000,3725.2000,3725.6000,1,2,1,1,1,5,2,5,1,1
SF,IF2005,2020-04-13 13:21:16.600,3723.6000,11294,0,5351203140.000,0,-,-,-,-,3723.2000,3722.8000,3722.4000,3722.2000,3722.0000,3723.6000,3724.0000,3724.4000,3724.6000,3725.2000,1,2,1,1,1,5,5,2,5,1
SF,IF2005,2020-04-13 13:21:17.100,3723.6000,11294,0,5351203140.000,0,-,-,-,-,3723.2000,3722.8000,3722.4000,3722.2000,3722.0000,3724.0000,3724.4000,3724.6000,3725.2000,3725.6000,1,2,1,1,1,5,1,5,1,1
SF,IF2005,2020-04-13 13:21:17.600,3723.6000,11294,0,5351203140.000,0,-,-,-,-,3723.2000,3722.8000,3722.4000,3722.2000,3722.0000,3724.0000,3724.4000,3724.6000,3725.2000,3725.6000,1,2,1,1,1,5,1,5,1,1
SF,IF2005,2020-04-13 13:21:18.100,3723.6000,11294,0,5351203140.000,0,-,-,-,-,3723.2000,3722.8000,3722.4000,3722.2000,3722.0000,3724.0000,3724.4000,3724.6000,3725.2000,3725.6000,1,2,1,1,1,5,1,5,1,1
SF,IF2005,2020-04-13 13:21:18.600,3723.6000,11294,0,5351203140.000,0,-,-,-,-,3723.2000,3722.8000,3722.4000,3722.2000,3722.0000,3724.0000,3724.4000,3724.6000,3725.2000,3725.6000,1,2,1,1,1,5,1,5,1,1
SF,IF2005,2020-04-13 13:21:19.100,3723.6000,11294,0,5351203140.000,0,-,-,-,-,3723.2000,3722.8000,3722.4000,3722.2000,3722.0000,3724.0000,3724.4000,3724.6000,3725.2000,3725.6000,1,2,1,1,1,5,1,5,1,1
SF,IF2005,2020-04-13 13:21:19.600,3723.6000,11294,0,5351203140.000,0,-,-,-,-,3723.2000,3722.8000,3722.4000,3722.2000,3722.0000,3724.0000,3724.4000,3724.6000,3725.2000,3725.6000,1,2,1,1,1,5,1,5,1,1
SF,IF2005,2020-04-13 13:21:20.100,3723.6000,11294,0,5351203140.000,0,-,-,-,-,3723.2000,3722.8000,3722.4000,3722.2000,3722.0000,3724.0000,3724.4000,3724.6000,3725.2000,3725.6000,1,2,1,1,1,6,1,5,1,1
SF,IF2005,2020-04-13 13:21:20.600,3723.6000,11294,0,5351203140.000,0,-,-,-,-,3723.2000,3722.8000,3722.4000,3722.2000,3722.0000,3724.0000,3724.4000,3724.6000,3725.2000,3725.6000,1,2,1,1,1,5,1,5,1,1
SF,IF2005,2020-04-13 13:21:21.600,3723.6000,11294,0,5351203140.000,0,-,-,-,-,3723.2000,3722.8000,3722.4000,3722.2000,3722.0000,3724.0000,3724.4000,3724.6000,3725.2000,3725.6000,1,2,1,1,1,5,1,5,1,1
SF,IF2005,2020-04-13 13:21:22.100,3723.6000,11294,0,5351203140.000,0,-,-,-,-,3723.2000,3722.8000,3722.4000,3722.2000,3722.0000,3724.0000,3724.4000,3724.6000,3725.2000,3725.6000,1,2,1,1,1,5,1,5,1,1
SF,IF2005,2020-04-13 13:21:22.600,3723.6000,11294,0,5351203140.000,0,-,-,-,-,3723.2000,3722.8000,3722.4000,3722.2000,3722.0000,3724.0000,3724.4000,3724.6000,3725.2000,3725.6000,1,2,1,1,1,5,1,5,1,1
SF,IF2005,2020-04-13 13:21:23.100,3723.6000,11294,0,5351203140.000,0,-,-,-,-,3723.2000,3722.8000,3722.4000,3722.2000,3722.0000,3724.0000,3724.4000,3724.6000,3725.2000,3725.6000,1,2,1,1,1,5,1,5,1,1
SF,IF2005,2020-04-13 13:21:23.600,3723.6000,11294,0,5351203140.000,0,-,-,-,-,3723.2000,3722.8000,3722.4000,3722.2000,3722.0000,3724.0000,3724.4000,3724.6000,3725.2000,3725.6000,1,2,1,1,1,6,1,5,1,1
SF,IF2005,2020-04-13 13:21:24.100,3723.2000,11294,0,5352320100.000,1,0,1,空换,B,3722.8000,3722.4000,3722.2000,3722.0000,3721.6000,3724.0000,3724.4000,3724.6000,3725.2000,3725.6000,2,1,1,1,1,6,1,5,1,1
SF,IF2005,2020-04-13 13:21:24.600,3723.2000,11294,0,5352320100.000,0,-,-,-,-,3722.8000,3722.4000,3722.2000,3722.0000,3721.6000,3724.0000,3724.4000,3724.6000,3725.2000,3725.6000,2,1,1,1,1,5,1,5,1,1
SF,IF2005,2020-04-13 13:21:25.100,3723.2000,11294,0,5352320100.000,0,-,-,-,-,3722.8000,3722.4000,3722.2000,3722.0000,3721.6000,3724.0000,3724.4000,3724.6000,3725.2000,3725.6000,2,1,1,1,1,5,1,5,1,1
SF,IF2005,2020-04-13 13:21:25.600,3723.2000,11294,0,5352320100.000,0,-,-,-,-,3722.8000,3722.4000,3722.2000,3722.0000,3721.6000,3723.8000,3724.0000,3724.4000,3724.6000,3725.2000,2,1,1,1,1,5,5,1,5,1
SF,IF2005,2020-04-13 13:21:26.100,3722.8000,11295,1,5353436940.000,1,1,0,双开,B,3722.8000,3722.4000,3722.2000,3722.0000,3721.6000,3723.8000,3724.0000,3724.4000,3724.6000,3725.2000,1,1,1,1,1,5,5,1,5,1
SF,IF2005,2020-04-13 13:21:26.600,3722.8000,11295,0,5353436940.000,0,-,-,-,-,3722.4000,3722.2000,3722.0000,3721.6000,3721.4000,3723.4000,3723.6000,3723.8000,3724.0000,3724.4000,1,1,1,1,2,5,3,5,5,1
SF,IF2005,2020-04-13 13:21:27.100,3722.8000,11295,0,5353436940.000,0,-,-,-,-,3722.4000,3722.2000,3722.0000,3721.6000,3721.4000,3723.2000,3723.4000,3723.6000,3723.8000,3724.0000,1,1,1,1,2,5,5,2,5,5
SF,IF2005,2020-04-13 13:21:28.100,3722.8000,11295,0,5353436940.000,0,-,-,-,-,3722.4000,3722.2000,3722.0000,3721.6000,3721.4000,3723.2000,3723.4000,3723.6000,3723.8000,3724.0000,1,1,1,1,2,5,5,2,5,5
SF,IF2005,2020-04-13 13:21:28.600,3722.8000,11295,0,5353436940.000,0,-,-,-,-,3722.4000,3722.2000,3722.0000,3721.6000,3721.4000,3723.2000,3723.4000,3723.6000,3723.8000,3724.0000,1,1,1,1,2,5,5,2,5,5
SF,IF2005,2020-04-13 13:21:29.100,3722.8000,11295,0,5353436940.000,0,-,-,-,-,3722.4000,3722.2000,3722.0000,3721.6000,3721.4000,3723.2000,3723.4000,3723.6000,3723.8000,3724.0000,1,1,1,1,2,2,5,2,5,5
SF,IF2005,2020-04-13 13:21:29.600,3722.8000,11295,0,5353436940.000,0,-,-,-,-,3722.4000,3722.2000,3722.0000,3721.6000,3721.4000,3723.2000,3723.4000,3723.6000,3723.8000,3724.0000,1,1,1,1,2,1,5,2,5,5
SF,IF2005,2020-04-13 13:21:30.100,3722.8000,11295,0,5353436940.000,0,-,-,-,-,3722.4000,3722.2000,3722.0000,3721.6000,3721.4000,3723.2000,3723.4000,3723.6000,3723.8000,3724.0000,1,1,1,1,2,1,5,2,5,5
SF,IF2005,2020-04-13 13:21:30.600,3722.8000,11295,0,5353436940.000,0,-,-,-,-,3722.4000,3722.2000,3722.0000,3721.6000,3721.4000,3723.2000,3723.4000,3723.6000,3723.8000,3724.0000,1,1,1,1,2,1,5,2,5,5
SF,IF2005,2020-04-13 13:21:31.100,3722.8000,11295,0,5353436940.000,0,-,-,-,-,3722.4000,3722.2000,3722.0000,3721.6000,3721.4000,3723.2000,3723.4000,3723.6000,3723.8000,3724.0000,1,1,1,1,2,1,5,2,5,5
SF,IF2005,2020-04-13 13:21:31.600,3722.8000,11295,0,5353436940.000,0,-,-,-,-,3722.4000,3722.2000,3722.0000,3721.6000,3721.4000,3723.2000,3723.4000,3723.6000,3723.8000,3724.0000,1,1,1,1,2,2,5,2,5,5
SF,IF2005,2020-04-13 13:21:32.100,3722.8000,11295,0,5353436940.000,0,-,-,-,-,3722.4000,3722.2000,3722.0000,3721.6000,3721.4000,3723.2000,3723.4000,3723.6000,3723.8000,3724.0000,1,1,1,1,2,2,5,2,5,5
SF,IF2005,2020-04-13 13:21:32.600,3722.8000,11295,0,5353436940.000,0,-,-,-,-,3722.4000,3722.2000,3722.0000,3721.6000,3721.4000,3723.2000,3723.4000,3723.6000,3723.8000,3724.0000,1,1,1,1,2,1,5,2,5,5
SF,IF2005,2020-04-13 13:21:33.100,3722.8000,11295,0,5353436940.000,0,-,-,-,-,3722.4000,3722.2000,3722.0000,3721.6000,3721.4000,3723.2000,3723.4000,3723.6000,3723.8000,3724.0000,1,1,1,1,2,2,5,2,5,5
SF,IF2005,2020-04-13 13:21:33.600,3722.8000,11295,0,5353436940.000,0,-,-,-,-,3722.4000,3722.2000,3722.0000,3721.6000,3721.4000,3723.2000,3723.4000,3723.6000,3723.8000,3724.0000,1,1,1,1,2,1,5,2,5,5
SF,IF2005,2020-04-13 13:21:34.100,3722.8000,11295,0,5353436940.000,0,-,-,-,-,3722.4000,3722.2000,3722.0000,3721.6000,3721.4000,3723.2000,3723.4000,3723.6000,3723.8000,3724.0000,1,1,1,1,2,1,5,2,5,5
SF,IF2005,2020-04-13 13:21:34.600,3722.8000,11295,0,5353436940.000,0,-,-,-,-,3722.4000,3722.2000,3722.0000,3721.6000,3721.4000,3723.6000,3723.8000,3724.0000,3724.4000,3725.2000,1,1,1,1,2,2,5,5,1,1
SF,IF2005,2020-04-13 13:21:35.100,3722.8000,11295,0,5353436940.000,0,-,-,-,-,3722.4000,3722.2000,3722.0000,3721.6000,3721.4000,3723.4000,3723.6000,3723.8000,3724.0000,3724.4000,1,1,1,1,2,1,3,5,5,1
SF,IF2005,2020-04-13 13:21:35.600,3722.8000,11295,0,5353436940.000,0,-,-,-,-,3722.4000,3722.2000,3722.0000,3721.6000,3721.4000,3723.0000,3723.4000,3723.6000,3723.8000,3724.0000,1,1,1,1,2,5,2,2,5,5
SF,IF2005,2020-04-13 13:21:36.100,3722.8000,11295,0,5353436940.000,0,-,-,-,-,3722.4000,3722.2000,3722.0000,3721.6000,3721.4000,3723.4000,3723.8000,3724.0000,3724.4000,3725.2000,1,1,1,1,2,2,5,5,1,1
SF,IF2005,2020-04-13 13:21:36.600,3722.8000,11295,0,5353436940.000,0,-,-,-,-,3722.4000,3722.2000,3722.0000,3721.6000,3721.4000,3723.2000,3723.4000,3723.8000,3724.0000,3724.4000,1,1,1,1,2,1,2,5,5,1
SF,IF2005,2020-04-13 13:21:37.100,3722.8000,11295,0,5353436940.000,0,-,-,-,-,3722.4000,3722.2000,3722.0000,3721.6000,3721.4000,3723.2000,3723.4000,3723.8000,3724.0000,3724.4000,1,1,1,1,2,1,2,5,5,1
SF,IF2005,2020-04-13 13:21:37.600,3722.8000,11295,0,5353436940.000,0,-,-,-,-,3722.4000,3722.2000,3722.0000,3721.6000,3721.4000,3723.2000,3723.4000,3723.8000,3724.0000,3724.4000,1,1,1,1,2,1,2,5,5,1
SF,IF2005,2020-04-13 13:21:38.600,3722.8000,11295,0,5353436940.000,0,-,-,-,-,3722.4000,3722.2000,3722.0000,3721.6000,3721.4000,3723.0000,3723.2000,3723.4000,3723.8000,3724.0000,1,1,1,1,2,1,1,1,5,5
SF,IF2005,2020-04-13 13:21:39.100,3722.8000,11296,1,5354553780.000,1,1,0,双开,B,3722.4000,3722.2000,3722.0000,3721.6000,3721.4000,3722.6000,3722.8000,3723.0000,3723.8000,3724.0000,1,1,1,1,2,5,1,1,5,5
SF,IF2005,2020-04-13 13:21:39.600,3722.8000,11296,0,5354553780.000,0,-,-,-,-,3722.4000,3722.2000,3722.0000,3721.6000,3721.4000,3722.6000,3722.8000,3723.0000,3724.4000,3725.2000,1,1,1,1,2,5,1,1,1,1
SF,IF2005,2020-04-13 13:21:40.600,3722.8000,11296,0,5354553780.000,0,-,-,-,-,3722.4000,3722.2000,3722.0000,3721.6000,3721.4000,3722.8000,3723.0000,3724.4000,3725.2000,3725.6000,1,1,1,1,2,1,1,1,1,1
SF,IF2005,2020-04-13 13:21:41.100,3722.8000,11296,0,5354553780.000,0,-,-,-,-,3722.4000,3722.2000,3722.0000,3721.6000,3721.4000,3723.0000,3724.4000,3725.2000,3725.6000,3725.8000,1,1,1,1,2,1,1,1,1,1
SF,IF2005,2020-04-13 13:21:41.600,3722.8000,11296,0,5354553780.000,0,-,-,-,-,3722.4000,3722.2000,3722.0000,3721.6000,3721.4000,3722.6000,3723.0000,3724.4000,3725.2000,3725.6000,1,1,1,1,2,5,1,1,1,1
SF,IF2005,2020-04-13 13:21:42.100,3722.8000,11296,0,5354553780.000,0,-,-,-,-,3722.4000,3722.2000,3722.0000,3721.6000,3721.4000,3722.6000,3723.0000,3724.4000,3725.2000,3725.6000,1,1,1,1,2,1,1,1,1,1
SF,IF2005,2020-04-13 13:21:42.600,3722.8000,11296,0,5354553780.000,0,-,-,-,-,3722.4000,3722.2000,3722.0000,3721.6000,3721.4000,3723.0000,3724.4000,3725.2000,3725.6000,3725.8000,1,1,1,1,2,1,1,1,1,1
SF,IF2005,2020-04-13 13:21:43.600,3722.8000,11296,0,5354553780.000,0,-,-,-,-,3722.4000,3722.2000,3722.0000,3721.6000,3721.4000,3723.0000,3724.4000,3725.2000,3725.6000,3725.8000,1,1,1,1,2,1,1,1,1,1
SF,IF2005,2020-04-13 13:21:44.100,3722.8000,11296,0,5354553780.000,0,-,-,-,-,3722.4000,3722.2000,3722.0000,3721.6000,3721.4000,3723.0000,3724.4000,3725.2000,3725.6000,3725.8000,1,1,1,1,2,2,1,1,1,1
SF,IF2005,2020-04-13 13:21:44.600,3722.8000,11296,0,5354553780.000,0,-,-,-,-,3722.4000,3722.2000,3722.0000,3721.6000,3721.4000,3723.0000,3724.4000,3725.2000,3725.6000,3725.8000,1,1,1,1,2,2,1,1,1,1
SF,IF2005,2020-04-13 13:21:45.100,3722.8000,11296,0,5354553780.000,0,-,-,-,-,3722.4000,3722.2000,3722.0000,3721.6000,3721.4000,3723.0000,3724.4000,3725.2000,3725.6000,3725.8000,1,1,1,1,2,1,1,1,1,1
SF,IF2005,2020-04-13 13:21:46.100,3722.8000,11296,0,5354553780.000,0,-,-,-,-,3722.4000,3722.2000,3722.0000,3721.6000,3721.4000,3723.0000,3724.4000,3725.2000,3725.6000,3725.8000,1,1,1,1,2,1,1,1,1,1
SF,IF2005,2020-04-13 13:21:46.600,3722.8000,11296,0,5354553780.000,0,-,-,-,-,3722.4000,3722.2000,3722.0000,3721.6000,3721.4000,3723.0000,3724.4000,3725.2000,3725.6000,3725.8000,1,1,1,1,2,1,1,1,1,1
SF,IF2005,2020-04-13 13:21:47.100,3722.8000,11296,0,5354553780.000,0,-,-,-,-,3722.4000,3722.2000,3722.0000,3721.6000,3721.4000,3722.6000,3723.0000,3724.4000,3725.2000,3725.6000,1,1,1,1,2,5,1,1,1,1
SF,IF2005,2020-04-13 13:21:47.600,3722.8000,11296,0,5354553780.000,0,-,-,-,-,3722.4000,3722.2000,3722.0000,3721.6000,3721.4000,3722.6000,3723.0000,3724.4000,3725.2000,3725.6000,1,1,1,1,2,6,1,1,1,1
SF,IF2005,2020-04-13 13:21:48.100,3722.4000,11297,1,5355670500.000,1,1,0,双开,B,3722.2000,3722.0000,3721.6000,3721.4000,3721.2000,3722.4000,3722.6000,3723.0000,3724.4000,3725.2000,1,1,1,2,1,1,5,1,1,1
SF,IF2005,2020-04-13 13:21:48.600,3722.4000,11297,0,5355670500.000,0,-,-,-,-,3722.2000,3722.0000,3721.6000,3721.4000,3721.2000,3722.4000,3722.6000,3723.0000,3724.4000,3725.2000,1,1,1,2,1,1,5,1,1,1
SF,IF2005,2020-04-13 13:21:49.100,3722.4000,11297,0,5355670500.000,0,-,-,-,-,3722.2000,3722.0000,3721.6000,3721.4000,3721.2000,3722.4000,3722.6000,3723.0000,3724.4000,3725.2000,1,1,1,2,1,1,5,1,1,1
SF,IF2005,2020-04-13 13:21:49.600,3722.4000,11298,1,5356787220.000,1,1,0,双开,B,3722.2000,3722.0000,3721.6000,3721.4000,3721.2000,3723.0000,3724.4000,3725.2000,3725.6000,3725.8000,1,1,1,2,1,1,1,1,1,1
SF,IF2005,2020-04-13 13:21:50.100,3722.4000,11298,0,5356787220.000,0,-,-,-,-,3722.2000,3722.0000,3721.6000,3721.4000,3721.2000,3723.0000,3724.4000,3725.2000,3725.6000,3725.8000,1,1,1,2,1,2,1,1,1,1
SF,IF2005,2020-04-13 13:21:50.600,3722.4000,11298,0,5356787220.000,0,-,-,-,-,3722.2000,3722.0000,3721.6000,3721.4000,3721.2000,3723.0000,3724.4000,3725.2000,3725.6000,3725.8000,1,1,1,2,1,1,1,1,1,1
SF,IF2005,2020-04-13 13:21:51.100,3722.4000,11298,0,5356787220.000,0,-,-,-,-,3722.2000,3722.0000,3721.6000,3721.4000,3721.2000,3723.0000,3724.4000,3725.2000,3725.6000,3725.8000,1,1,1,2,1,1,1,1,1,1
SF,IF2005,2020-04-13 13:21:51.600,3722.4000,11298,0,5356787220.000,0,-,-,-,-,3722.2000,3722.0000,3721.6000,3721.4000,3721.2000,3723.0000,3724.4000,3725.2000,3725.6000,3725.8000,1,1,1,2,1,1,1,1,1,1
SF,IF2005,2020-04-13 13:21:52.100,3722.4000,11298,0,5356787220.000,0,-,-,-,-,3722.2000,3722.0000,3721.6000,3721.4000,3721.2000,3724.4000,3725.2000,3725.6000,3725.8000,3726.0000,1,1,1,2,1,1,1,1,1,1
SF,IF2005,2020-04-13 13:21:52.600,3722.4000,11298,0,5356787220.000,0,-,-,-,-,3722.4000,3722.2000,3722.0000,3721.6000,3721.4000,3723.0000,3723.4000,3723.6000,3723.8000,3724.0000,1,1,1,1,2,5,1,2,2,3
SF,IF2005,2020-04-13 13:21:53.100,3722.4000,11298,0,5356787220.000,0,-,-,-,-,3722.4000,3722.2000,3722.0000,3721.6000,3721.4000,3723.0000,3723.4000,3723.6000,3723.8000,3724.0000,1,1,1,1,2,5,1,1,2,4
SF,IF2005,2020-04-13 13:21:53.600,3722.4000,11299,1,5357903940.000,1,1,0,双开,B,3722.2000,3722.0000,3721.6000,3721.4000,3721.2000,3723.0000,3723.4000,3723.6000,3723.8000,3724.0000,1,1,1,2,1,6,1,1,2,4
SF,IF2005,2020-04-13 13:21:54.600,3722.4000,11299,0,5357903940.000,0,-,-,-,-,3722.2000,3722.0000,3721.6000,3721.4000,3721.2000,3723.0000,3723.4000,3723.6000,3723.8000,3724.0000,1,1,1,2,1,6,1,1,2,4
SF,IF2005,2020-04-13 13:21:55.100,3722.4000,11299,0,5357903940.000,0,-,-,-,-,3722.2000,3722.0000,3721.6000,3721.4000,3721.2000,3723.0000,3723.4000,3723.6000,3723.8000,3724.0000,1,1,1,2,1,5,1,1,2,4
SF,IF2005,2020-04-13 13:21:55.600,3722.4000,11299,0,5357903940.000,0,-,-,-,-,3722.2000,3722.0000,3721.6000,3721.4000,3721.2000,3723.0000,3723.4000,3723.6000,3723.8000,3724.0000,1,1,1,2,1,5,1,1,2,4
SF,IF2005,2020-04-13 13:21:56.600,3722.4000,11299,0,5357903940.000,0,-,-,-,-,3722.6000,3722.2000,3722.0000,3721.6000,3721.4000,3723.0000,3723.4000,3723.6000,3723.8000,3724.0000,1,1,1,1,2,5,1,1,2,4
SF,IF2005,2020-04-13 13:21:57.100,3722.4000,11299,0,5357903940.000,0,-,-,-,-,3722.6000,3722.2000,3722.0000,3721.6000,3721.4000,3723.0000,3723.4000,3723.6000,3723.8000,3724.0000,1,1,1,1,2,5,1,1,2,4
SF,IF2005,2020-04-13 13:21:57.600,3722.4000,11299,0,5357903940.000,0,-,-,-,-,3722.6000,3722.4000,3722.2000,3722.0000,3721.6000,3723.0000,3723.4000,3723.6000,3723.8000,3724.0000,1,1,1,1,1,6,1,1,2,4
SF,IF2005,2020-04-13 13:21:58.600,3722.4000,11299,0,5357903940.000,0,-,-,-,-,3722.6000,3722.4000,3722.2000,3722.0000,3721.6000,3723.0000,3723.4000,3723.6000,3723.8000,3724.0000,1,1,1,1,1,6,1,1,2,4
SF,IF2005,2020-04-13 13:21:59.100,3722.4000,11299,0,5357903940.000,0,-,-,-,-,3722.6000,3722.4000,3722.2000,3722.0000,3721.6000,3723.0000,3723.4000,3723.6000,3723.8000,3724.0000,1,1,1,1,1,6,1,1,2,4
SF,IF2005,2020-04-13 13:21:59.600,3723.0000,11300,1,5359020840.000,1,1,0,双开,B,3722.6000,3722.4000,3722.2000,3722.0000,3721.6000,3723.0000,3723.4000,3723.6000,3723.8000,3724.0000,1,1,1,1,1,5,1,1,2,4
SF,IF2005,2020-04-13 13:22:01.100,3723.0000,11300,0,5359020840.000,0,-,-,-,-,3722.6000,3722.4000,3722.2000,3722.0000,3721.6000,3723.0000,3723.4000,3723.6000,3723.8000,3724.0000,1,1,1,1,1,5,1,1,2,4
SF,IF2005,2020-04-13 13:22:03.100,3722.6000,11301,1,5360137620.000,1,1,0,双开,B,3722.4000,3722.2000,3722.0000,3721.6000,3721.4000,3723.0000,3723.4000,3723.6000,3723.8000,3724.0000,1,1,1,1,2,5,1,1,2,4
SF,IF2005,2020-04-13 13:22:03.600,3723.0000,11303,2,5362371420.000,2,2,0,双开,B,3722.4000,3722.2000,3722.0000,3721.6000,3721.4000,3723.0000,3723.4000,3723.6000,3723.8000,3724.0000,1,1,1,1,2,3,1,1,2,4
SF,IF2005,2020-04-13 13:22:04.100,3723.0000,11303,0,5362371420.000,0,-,-,-,-,3722.4000,3722.2000,3722.0000,3721.6000,3721.4000,3723.0000,3723.4000,3723.6000,3723.8000,3724.0000,1,1,1,1,2,3,1,1,2,4
SF,IF2005,2020-04-13 13:22:04.600,3723.0000,11304,1,5363488320.000,1,1,0,双开,B,3722.6000,3722.4000,3722.2000,3722.0000,3721.6000,3723.4000,3723.6000,3723.8000,3724.0000,3724.2000,1,1,1,1,1,1,1,2,3,6
SF,IF2005,2020-04-13 13:22:05.100,3723.0000,11304,0,5363488320.000,0,-,-,-,-,3722.6000,3722.4000,3722.2000,3722.0000,3721.6000,3723.0000,3723.4000,3723.6000,3723.8000,3724.0000,1,1,1,1,1,5,1,1,2,3
SF,IF2005,2020-04-13 13:22:05.600,3723.0000,11309,5,5369072820.000,5,5,0,双开,B,3723.0000,3722.4000,3722.2000,3722.0000,3721.6000,3723.6000,3723.8000,3724.2000,3724.4000,3725.6000,1,1,1,1,1,1,2,3,1,1
SF,IF2005,2020-04-13 13:22:06.100,3723.8000,11306,-3,5372424180.000,3,0,3,双平,B,3723.2000,3723.0000,3722.4000,3722.2000,3722.0000,3724.2000,3724.4000,3725.6000,3725.8000,3726.0000,1,1,1,1,1,2,1,1,1,1
SF,IF2005,2020-04-13 13:22:06.600,3724.4000,11306,0,5375776020.000,3,1,2,空换,B,3723.6000,3723.4000,3723.0000,3722.4000,3722.2000,3725.6000,3725.8000,3726.0000,3726.4000,3726.8000,1,3,1,1,1,1,1,1,2,1
SF,IF2005,2020-04-13 13:22:07.100,3724.4000,11306,0,5375776020.000,0,-,-,-,-,3724.0000,3723.8000,3723.6000,3723.4000,3722.4000,3725.2000,3725.4000,3725.6000,3725.8000,3726.0000,1,2,1,2,1,1,4,2,1,1
SF,IF2005,2020-04-13 13:22:07.600,3724.4000,11306,0,5375776020.000,0,-,-,-,-,3724.0000,3723.8000,3723.6000,3723.4000,3722.4000,3725.0000,3725.2000,3725.4000,3725.6000,3725.8000,1,3,1,1,1,1,1,1,2,1
SF,IF2005,2020-04-13 13:22:08.100,3724.8000,11307,1,5376893460.000,1,1,0,双开,B,3724.0000,3723.8000,3723.6000,3722.4000,3722.2000,3725.0000,3725.2000,3725.6000,3725.8000,3726.0000,1,3,1,1,1,1,1,2,1,1
SF,IF2005,2020-04-13 13:22:08.600,3723.8000,11307,0,5378010600.000,1,0,1,空换,B,3723.6000,3722.4000,3722.2000,3722.0000,3721.6000,3724.0000,3724.8000,3725.0000,3725.6000,3725.8000,1,1,1,1,1,1,2,1,2,1
SF,IF2005,2020-04-13 13:22:09.100,3723.6000,11308,1,5379127680.000,1,1,0,双开,B,3722.4000,3722.2000,3722.0000,3721.6000,3721.4000,3723.8000,3724.0000,3724.4000,3724.6000,3724.8000,1,1,1,1,2,1,2,2,1,3
SF,IF2005,2020-04-13 13:22:09.600,3722.6000,11309,1,5380244460.000,1,1,0,双开,B,3722.4000,3722.2000,3722.0000,3721.6000,3721.4000,3723.6000,3724.0000,3724.6000,3724.8000,3725.0000,1,1,1,1,2,6,2,1,3,1
SF,IF2005,2020-04-13 13:22:10.100,3722.6000,11309,0,5380244460.000,0,-,-,-,-,3722.4000,3722.2000,3722.0000,3721.6000,3721.4000,3723.4000,3723.6000,3724.0000,3724.6000,3724.8000,1,1,1,1,2,9,6,2,1,3
SF,IF2005,2020-04-13 13:22:10.600,3722.6000,11309,0,5380244460.000,0,-,-,-,-,3723.4000,3722.6000,3722.4000,3722.2000,3722.0000,3723.6000,3724.0000,3724.6000,3724.8000,3725.0000,1,1,1,1,1,6,2,1,3,1
SF,IF2005,2020-04-13 13:22:11.100,3723.6000,11312,3,5383595700.000,3,3,0,双开,B,3723.4000,3722.6000,3722.4000,3722.2000,3722.0000,3724.0000,3724.8000,3725.0000,3725.6000,3725.8000,1,2,1,1,1,2,1,1,1,1
SF,IF2005,2020-04-13 13:22:11.600,3723.6000,11312,0,5383595700.000,0,-,-,-,-,3723.6000,3723.4000,3722.4000,3722.2000,3722.0000,3724.0000,3725.0000,3725.6000,3725.8000,3726.0000,1,1,1,1,1,2,1,1,1,1
SF,IF2005,2020-04-13 13:22:12.100,3723.4000,11314,2,5385829800.000,2,2,0,双开,B,3722.4000,3722.2000,3722.0000,3721.6000,3721.4000,3725.0000,3725.6000,3725.8000,3726.0000,3726.4000,1,1,1,1,2,1,1,1,1,2
SF,IF2005,2020-04-13 13:22:12.600,3723.4000,11314,0,5385829800.000,0,-,-,-,-,3723.6000,3723.0000,3722.8000,3722.6000,3722.4000,3724.2000,3724.4000,3724.6000,3724.8000,3725.0000,1,3,1,2,1,5,1,1,2,1
SF,IF2005,2020-04-13 13:22:13.100,3723.4000,11314,0,5385829800.000,0,-,-,-,-,3723.6000,3723.0000,3722.8000,3722.6000,3722.4000,3724.0000,3724.2000,3724.4000,3724.6000,3724.8000,1,3,1,2,1,5,5,1,1,3
SF,IF2005,2020-04-13 13:22:13.600,3723.6000,11315,1,5386946880.000,1,1,0,双开,B,3723.0000,3722.6000,3722.4000,3722.2000,3722.0000,3724.0000,3724.2000,3724.4000,3724.8000,3725.0000,3,1,1,1,1,5,5,1,3,1
SF,IF2005,2020-04-13 13:22:14.100,3723.6000,11315,0,5386946880.000,0,-,-,-,-,3723.0000,3722.6000,3722.4000,3722.2000,3722.0000,3724.4000,3724.8000,3725.0000,3725.6000,3725.8000,3,1,1,1,1,1,3,1,1,1
SF,IF2005,2020-04-13 13:22:14.600,3723.6000,11315,0,5386946880.000,0,-,-,-,-,3723.0000,3722.6000,3722.4000,3722.2000,3722.0000,3724.2000,3724.4000,3724.8000,3725.0000,3725.6000,3,1,1,1,1,2,1,2,1,1
SF,IF2005,2020-04-13 13:22:15.100,3723.6000,11315,0,5386946880.000,0,-,-,-,-,3723.0000,3722.6000,3722.4000,3722.2000,3722.0000,3724.0000,3724.2000,3724.4000,3724.8000,3725.0000,3,1,1,1,1,5,2,1,2,1
SF,IF2005,2020-04-13 13:22:15.600,3723.6000,11315,0,5386946880.000,0,-,-,-,-,3723.0000,3722.6000,3722.4000,3722.2000,3722.0000,3724.2000,3724.4000,3724.8000,3725.0000,3725.6000,3,1,1,1,1,2,1,1,1,1
SF,IF2005,2020-04-13 13:22:16.600,3723.6000,11315,0,5386946880.000,0,-,-,-,-,3724.0000,3723.0000,3722.6000,3722.4000,3722.2000,3724.2000,3724.4000,3724.8000,3725.0000,3725.6000,1,3,1,1,1,2,1,1,1,1
SF,IF2005,2020-04-13 13:22:17.100,3724.0000,11316,1,5388064080.000,1,1,0,双开,B,3723.0000,3722.6000,3722.4000,3722.2000,3722.0000,3724.2000,3724.4000,3724.8000,3725.0000,3725.6000,2,1,1,1,1,2,1,1,1,1
SF,IF2005,2020-04-13 13:22:17.600,3724.0000,11316,0,5388064080.000,0,-,-,-,-,3723.2000,3723.0000,3722.4000,3722.2000,3722.0000,3724.2000,3724.4000,3724.8000,3725.0000,3725.6000,1,2,1,1,1,2,1,1,1,1
SF,IF2005,2020-04-13 13:22:19.100,3724.0000,11316,0,5388064080.000,0,-,-,-,-,3723.4000,3723.2000,3723.0000,3722.4000,3722.2000,3724.2000,3724.4000,3725.0000,3725.6000,3725.8000,1,1,2,1,1,1,1,1,1,1
SF,IF2005,2020-04-13 13:22:20.100,3724.0000,11316,0,5388064080.000,0,-,-,-,-,3723.4000,3723.2000,3723.0000,3722.4000,3722.2000,3724.2000,3724.4000,3725.0000,3725.6000,3725.8000,1,1,1,1,1,1,1,1,1,1
SF,IF2005,2020-04-13 13:22:21.100,3724.0000,11316,0,5388064080.000,0,-,-,-,-,3723.4000,3723.2000,3723.0000,3722.4000,3722.2000,3724.0000,3724.2000,3724.4000,3725.0000,3725.6000,1,1,1,1,1,4,1,1,1,1
SF,IF2005,2020-04-13 13:22:21.600,3724.0000,11316,0,5388064080.000,0,-,-,-,-,3723.4000,3723.0000,3722.4000,3722.2000,3722.0000,3724.0000,3724.2000,3724.4000,3725.0000,3725.6000,1,1,1,1,1,4,1,1,1,1
SF,IF2005,2020-04-13 13:22:22.100,3724.0000,11316,0,5388064080.000,0,-,-,-,-,3723.0000,3722.4000,3722.2000,3722.0000,3721.6000,3724.0000,3724.2000,3724.4000,3725.0000,3725.6000,1,1,1,1,1,4,1,1,1,1
SF,IF2005,2020-04-13 13:22:22.600,3724.0000,11316,0,5388064080.000,0,-,-,-,-,3723.0000,3722.4000,3722.2000,3722.0000,3721.6000,3723.8000,3724.0000,3724.4000,3725.0000,3725.6000,1,1,1,1,1,1,4,1,1,1
SF,IF2005,2020-04-13 13:22:23.100,3724.0000,11316,0,5388064080.000,0,-,-,-,-,3723.0000,3722.4000,3722.2000,3722.0000,3721.6000,3723.8000,3724.4000,3725.0000,3725.6000,3725.8000,1,1,1,1,1,1,1,1,1,1
SF,IF2005,2020-04-13 13:22:26.100,3724.0000,11316,0,5388064080.000,0,-,-,-,-,3723.0000,3722.4000,3722.2000,3722.0000,3721.6000,3723.8000,3725.0000,3725.6000,3725.8000,3726.0000,1,1,1,1,1,1,1,1,1,1
SF,IF2005,2020-04-13 13:22:28.100,3724.0000,11316,0,5388064080.000,0,-,-,-,-,3723.2000,3723.0000,3722.4000,3722.2000,3722.0000,3723.8000,3725.0000,3725.6000,3725.8000,3726.0000,1,1,1,1,1,1,1,1,1,1
SF,IF2005,2020-04-13 13:22:29.600,3723.8000,11317,1,5389181220.000,1,1,0,双开,B,3723.2000,3723.0000,3722.4000,3722.2000,3722.0000,3725.0000,3725.6000,3725.8000,3726.0000,3726.4000,1,1,1,1,1,1,1,1,1,2
SF,IF2005,2020-04-13 13:22:30.100,3723.8000,11317,0,5389181220.000,0,-,-,-,-,3723.8000,3723.4000,3723.2000,3723.0000,3722.4000,3724.4000,3724.8000,3725.0000,3725.6000,3725.8000,2,3,1,1,1,5,4,1,1,1
SF,IF2005,2020-04-13 13:22:31.100,3724.0000,11319,2,5391415620.000,2,2,0,双开,B,3723.4000,3723.2000,3723.0000,3722.4000,3722.2000,3724.0000,3724.4000,3724.8000,3725.0000,3725.6000,3,1,1,1,1,3,5,2,1,1
SF,IF2005,2020-04-13 13:22:31.600,3724.0000,11319,0,5391415620.000,0,-,-,-,-,3723.4000,3723.2000,3723.0000,3722.4000,3722.2000,3724.8000,3725.0000,3725.6000,3725.8000,3726.0000,3,1,1,1,1,2,1,1,1,1
SF,IF2005,2020-04-13 13:22:32.100,3724.0000,11319,0,5391415620.000,0,-,-,-,-,3723.4000,3723.2000,3723.0000,3722.4000,3722.2000,3724.6000,3724.8000,3725.0000,3725.6000,3725.8000,3,1,1,1,1,7,2,1,1,1
SF,IF2005,2020-04-13 13:22:33.600,3724.0000,11319,0,5391415620.000,0,-,-,-,-,3723.4000,3723.0000,3722.4000,3722.2000,3722.0000,3724.6000,3724.8000,3725.0000,3725.6000,3725.8000,3,1,1,1,1,7,2,1,1,1
SF,IF2005,2020-04-13 13:22:38.600,3724.0000,11319,0,5391415620.000,0,-,-,-,-,3723.4000,3723.0000,3722.4000,3722.2000,3722.0000,3724.2000,3724.6000,3724.8000,3725.0000,3725.6000,3,1,1,1,1,5,7,2,1,1
SF,IF2005,2020-04-13 13:22:39.100,3724.0000,11319,0,5391415620.000,0,-,-,-,-,3723.4000,3723.0000,3722.4000,3722.2000,3722.0000,3724.2000,3724.4000,3724.6000,3724.8000,3725.0000,2,1,1,1,1,5,1,7,2,1
SF,IF2005,2020-04-13 13:22:40.600,3724.0000,11319,0,5391415620.000,0,-,-,-,-,3723.4000,3723.0000,3722.4000,3722.2000,3722.0000,3724.0000,3724.2000,3724.6000,3724.8000,3725.0000,2,1,1,1,1,1,5,7,2,1
SF,IF2005,2020-04-13 13:22:41.100,3724.0000,11319,0,5391415620.000,0,-,-,-,-,3723.4000,3723.0000,3722.4000,3722.2000,3722.0000,3724.0000,3724.2000,3724.6000,3724.8000,3725.0000,1,1,1,1,1,1,5,6,2,1
SF,IF2005,2020-04-13 13:22:43.100,3724.0000,11319,0,5391415620.000,0,-,-,-,-,3723.4000,3723.0000,3722.4000,3722.2000,3722.0000,3724.0000,3724.2000,3724.6000,3724.8000,3725.0000,1,1,1,1,1,1,5,6,2,1
SF,IF2005,2020-04-13 13:22:45.600,3724.0000,11319,0,5391415620.000,0,-,-,-,-,3723.4000,3723.0000,3722.4000,3722.2000,3722.0000,3724.0000,3724.6000,3724.8000,3725.0000,3725.6000,1,1,1,1,1,1,6,2,1,1
SF,IF2005,2020-04-13 13:22:46.600,3724.0000,11319,0,5391415620.000,0,-,-,-,-,3724.0000,3723.4000,3723.0000,3722.4000,3722.2000,3724.6000,3724.8000,3725.0000,3725.6000,3725.8000,1,1,1,1,1,6,2,1,1,1
SF,IF2005,2020-04-13 13:22:47.600,3724.0000,11320,1,5392532820.000,1,1,0,双开,B,3723.4000,3723.0000,3722.4000,3722.2000,3722.0000,3724.6000,3724.8000,3725.0000,3725.6000,3725.8000,1,1,1,1,1,6,2,1,1,1
SF,IF2005,2020-04-13 13:22:48.100,3724.0000,11320,0,5392532820.000,0,-,-,-,-,3723.6000,3723.4000,3723.0000,3722.4000,3722.2000,3724.4000,3724.6000,3724.8000,3725.0000,3725.6000,1,1,1,1,1,2,6,1,1,1
SF,IF2005,2020-04-13 13:22:50.100,3724.0000,11320,0,5392532820.000,0,-,-,-,-,3723.6000,3723.4000,3723.0000,3722.4000,3722.2000,3724.4000,3724.6000,3725.0000,3725.6000,3725.8000,1,1,1,1,1,2,1,1,1,1
SF,IF2005,2020-04-13 13:22:50.600,3724.0000,11320,0,5392532820.000,0,-,-,-,-,3723.6000,3723.4000,3723.0000,3722.4000,3722.2000,3724.4000,3724.6000,3725.0000,3725.6000,3725.8000,1,1,1,1,1,1,1,1,1,1
SF,IF2005,2020-04-13 13:23:01.600,3724.0000,11320,0,5392532820.000,0,-,-,-,-,3723.6000,3723.4000,3723.0000,3722.4000,3722.2000,3724.6000,3725.0000,3725.6000,3725.8000,3726.0000,1,1,1,1,1,1,1,1,1,1
SF,IF2005,2020-04-13 13:23:02.100,3724.0000,11320,0,5392532820.000,0,-,-,-,-,3722.4000,3722.2000,3722.0000,3721.6000,3721.4000,3723.8000,3724.2000,3724.4000,3724.6000,3725.0000,1,1,1,1,2,5,3,2,1,1
SF,IF2005,2020-04-13 13:23:02.600,3724.0000,11320,0,5392532820.000,0,-,-,-,-,3722.6000,3722.4000,3722.2000,3722.0000,3721.6000,3723.8000,3724.2000,3724.4000,3725.0000,3725.6000,3,1,1,1,1,6,1,2,1,1
SF,IF2005,2020-04-13 13:23:04.100,3724.0000,11322,2,5394767220.000,2,2,0,双开,B,3722.6000,3722.4000,3722.2000,3722.0000,3721.6000,3723.8000,3724.2000,3724.4000,3725.0000,3725.6000,3,1,1,1,1,4,1,2,1,1
SF,IF2005,2020-04-13 13:23:04.600,3724.0000,11322,0,5394767220.000,0,-,-,-,-,3722.6000,3722.4000,3722.2000,3722.0000,3721.6000,3723.8000,3724.2000,3724.4000,3725.0000,3725.6000,3,1,1,1,1,1,1,1,1,1
SF,IF2005,2020-04-13 13:23:05.100,3724.0000,11322,0,5394767220.000,0,-,-,-,-,3722.6000,3722.4000,3722.2000,3722.0000,3721.6000,3723.6000,3723.8000,3724.2000,3725.0000,3725.6000,3,1,1,1,1,1,1,1,1,1
SF,IF2005,2020-04-13 13:23:05.600,3724.0000,11322,0,5394767220.000,0,-,-,-,-,3722.6000,3722.4000,3722.2000,3722.0000,3721.6000,3723.6000,3724.2000,3725.0000,3725.6000,3725.8000,3,1,1,1,1,1,1,1,1,1
SF,IF2005,2020-04-13 13:23:09.600,3724.0000,11322,0,5394767220.000,0,-,-,-,-,3722.6000,3722.4000,3722.2000,3722.0000,3721.6000,3723.6000,3725.0000,3725.6000,3725.8000,3726.0000,3,1,1,1,1,1,1,1,1,1
SF,IF2005,2020-04-13 13:23:11.100,3722.6000,11322,0,5395884000.000,1,0,1,空换,B,3722.6000,3722.4000,3722.2000,3722.0000,3721.6000,3723.6000,3725.0000,3725.6000,3725.8000,3726.0000,2,1,1,1,1,1,1,1,1,1
SF,IF2005,2020-04-13 13:23:12.100,3722.6000,11323,1,5397000780.000,1,1,0,双开,B,3722.6000,3722.4000,3722.2000,3722.0000,3721.6000,3723.6000,3725.0000,3725.6000,3725.8000,3726.0000,1,1,1,1,1,1,1,1,1,1
SF,IF2005,2020-04-13 13:23:14.100,3722.6000,11323,0,5397000780.000,0,-,-,-,-,3722.8000,3722.6000,3722.4000,3722.2000,3722.0000,3723.6000,3725.0000,3725.6000,3725.8000,3726.0000,1,2,1,1,1,1,1,1,1,1
SF,IF2005,2020-04-13 13:23:17.100,3722.8000,11324,1,5398117620.000,1,1,0,双开,B,3722.6000,3722.4000,3722.2000,3722.0000,3721.6000,3723.6000,3725.0000,3725.6000,3725.8000,3726.0000,2,1,1,1,1,1,1,1,1,1
SF,IF2005,2020-04-13 13:23:18.100,3723.6000,11326,2,5400351780.000,2,2,0,双开,B,3722.6000,3722.4000,3722.2000,3722.0000,3721.6000,3725.0000,3725.6000,3725.8000,3726.0000,3726.4000,1,1,1,1,1,1,1,1,1,2
SF,IF2005,2020-04-13 13:23:18.600,3723.6000,11326,0,5400351780.000,0,-,-,-,-,3722.8000,3722.6000,3722.4000,3722.2000,3722.0000,3723.8000,3724.0000,3724.2000,3724.6000,3724.8000,1,1,1,1,1,5,1,2,1,7
SF,IF2005,2020-04-13 13:23:19.100,3723.6000,11326,0,5400351780.000,0,-,-,-,-,3722.8000,3722.6000,3722.4000,3722.2000,3722.0000,3723.6000,3724.0000,3724.2000,3724.6000,3724.8000,1,1,1,1,1,1,1,2,1,5
SF,IF2005,2020-04-13 13:23:19.600,3723.6000,11326,0,5400351780.000,0,-,-,-,-,3722.6000,3722.4000,3722.2000,3722.0000,3721.6000,3723.6000,3724.0000,3724.2000,3724.6000,3724.8000,1,1,1,1,1,1,1,2,1,5
SF,IF2005,2020-04-13 13:23:20.600,3723.6000,11326,0,5400351780.000,0,-,-,-,-,3722.6000,3722.4000,3722.2000,3722.0000,3721.6000,3723.6000,3724.0000,3724.2000,3724.6000,3724.8000,1,1,1,1,1,1,1,1,1,4
SF,IF2005,2020-04-13 13:23:22.100,3723.6000,11326,0,5400351780.000,0,-,-,-,-,3722.6000,3722.4000,3722.2000,3722.0000,3721.6000,3723.6000,3724.0000,3724.2000,3724.6000,3724.8000,2,1,1,1,1,1,1,1,1,4
SF,IF2005,2020-04-13 13:23:22.600,3722.6000,11327,1,5401468560.000,1,1,0,双开,B,3722.6000,3722.4000,3722.2000,3722.0000,3721.6000,3723.6000,3724.0000,3724.2000,3724.6000,3724.8000,1,1,1,1,1,1,1,1,1,4
SF,IF2005,2020-04-13 13:23:23.100,3722.6000,11327,0,5401468560.000,0,-,-,-,-,3722.6000,3722.4000,3722.2000,3722.0000,3721.6000,3723.6000,3724.2000,3724.6000,3724.8000,3725.0000,1,1,1,1,1,1,1,1,4,2
SF,IF2005,2020-04-13 13:23:23.600,3722.6000,11328,1,5402585340.000,1,1,0,双开,B,3722.4000,3722.2000,3722.0000,3721.6000,3721.4000,3723.4000,3723.6000,3724.2000,3724.6000,3724.8000,1,1,1,1,2,1,1,1,1,4
SF,IF2005,2020-04-13 13:23:24.100,3723.4000,11329,1,5403702360.000,1,1,0,双开,B,3722.4000,3722.2000,3722.0000,3721.6000,3721.4000,3723.6000,3724.2000,3724.6000,3724.8000,3725.0000,1,1,1,1,2,1,1,1,4,2
SF,IF2005,2020-04-13 13:23:24.600,3723.4000,11329,0,5403702360.000,0,-,-,-,-,3722.6000,3722.4000,3722.2000,3722.0000,3721.6000,3723.6000,3724.2000,3724.6000,3724.8000,3725.0000,1,1,1,1,1,1,1,1,4,2
SF,IF2005,2020-04-13 13:23:25.100,3723.4000,11329,0,5403702360.000,0,-,-,-,-,3722.6000,3722.4000,3722.2000,3722.0000,3721.6000,3723.6000,3724.2000,3724.6000,3724.8000,3725.0000,2,1,1,1,1,1,1,1,4,2
SF,IF2005,2020-04-13 13:23:26.600,3723.4000,11329,0,5403702360.000,0,-,-,-,-,3722.6000,3722.4000,3722.2000,3722.0000,3721.6000,3723.6000,3724.2000,3724.6000,3724.8000,3725.0000,2,1,1,1,1,1,1,1,2,1
SF,IF2005,2020-04-13 13:23:27.100,3723.4000,11329,0,5403702360.000,0,-,-,-,-,3722.8000,3722.6000,3722.4000,3722.2000,3722.0000,3723.6000,3724.2000,3724.8000,3725.0000,3725.6000,1,2,1,1,1,1,1,1,1,1
SF,IF2005,2020-04-13 13:23:28.100,3722.8000,11330,1,5404819200.000,1,1,0,双开,B,3722.6000,3722.4000,3722.2000,3722.0000,3721.6000,3723.6000,3724.2000,3724.8000,3725.0000,3725.6000,2,1,1,1,1,1,1,1,1,1
SF,IF2005,2020-04-13 13:23:28.600,3723.6000,11331,1,5405936280.000,1,1,0,双开,B,3722.6000,3722.4000,3722.2000,3722.0000,3721.6000,3724.2000,3724.8000,3725.0000,3725.6000,3725.8000,2,1,1,1,1,1,1,1,1,1
SF,IF2005,2020-04-13 13:23:29.100,3722.8000,11332,1,5407053120.000,1,1,0,双开,B,3722.8000,3722.6000,3722.4000,3722.2000,3722.0000,3724.0000,3724.2000,3724.8000,3725.0000,3725.6000,1,2,1,1,1,2,1,1,1,1
SF,IF2005,2020-04-13 13:23:29.600,3722.8000,11332,0,5407053120.000,0,-,-,-,-,3723.0000,3722.8000,3722.6000,3722.4000,3722.2000,3724.0000,3724.2000,3724.8000,3725.0000,3725.6000,1,1,2,1,1,2,1,1,1,1
SF,IF2005,2020-04-13 13:23:30.100,3722.8000,11332,0,5407053120.000,0,-,-,-,-,3723.0000,3722.8000,3722.4000,3722.2000,3722.0000,3724.0000,3724.2000,3725.0000,3725.6000,3725.8000,2,1,1,1,1,2,1,1,1,1
SF,IF2005,2020-04-13 13:23:32.100,3722.8000,11332,0,5407053120.000,0,-,-,-,-,3723.2000,3723.0000,3722.8000,3722.4000,3722.2000,3724.0000,3724.2000,3725.0000,3725.6000,3725.8000,1,1,1,1,1,2,1,1,1,1
SF,IF2005,2020-04-13 13:23:32.600,3723.2000,11333,1,5408170080.000,1,1,0,双开,B,3723.0000,3722.8000,3722.4000,3722.2000,3722.0000,3724.0000,3724.2000,3725.0000,3725.6000,3725.8000,1,1,1,1,1,2,1,1,1,1
SF,IF2005,2020-04-13 13:23:33.100,3723.2000,11333,0,5408170080.000,0,-,-,-,-,3723.0000,3722.8000,3722.4000,3722.2000,3722.0000,3724.0000,3724.2000,3725.0000,3725.6000,3725.8000,1,1,1,1,1,2,1,1,1,1
SF,IF2005,2020-04-13 13:23:33.600,3723.0000,11334,1,5409286980.000,1,1,0,双开,B,3722.8000,3722.4000,3722.2000,3722.0000,3721.6000,3724.0000,3724.2000,3725.0000,3725.6000,3725.8000,1,1,1,1,1,2,1,1,1,1
SF,IF2005,2020-04-13 13:23:34.100,3723.0000,11334,0,5409286980.000,0,-,-,-,-,3723.2000,3723.0000,3722.8000,3722.4000,3722.2000,3724.0000,3724.2000,3725.0000,3725.6000,3725.8000,1,2,1,1,1,3,1,1,1,1
SF,IF2005,2020-04-13 13:23:34.600,3723.0000,11334,0,5409286980.000,0,-,-,-,-,3723.2000,3723.0000,3722.8000,3722.4000,3722.2000,3723.8000,3724.0000,3724.2000,3725.0000,3725.6000,1,2,1,1,1,1,3,1,1,1
SF,IF2005,2020-04-13 13:23:35.100,3723.2000,11336,2,5411521080.000,2,2,0,双开,B,3723.0000,3722.8000,3722.4000,3722.2000,3722.0000,3723.8000,3724.0000,3724.2000,3725.0000,3725.6000,2,1,1,1,1,1,2,1,1,1
SF,IF2005,2020-04-13 13:23:35.600,3723.2000,11336,0,5411521080.000,0,-,-,-,-,3723.0000,3722.4000,3722.2000,3722.0000,3721.6000,3724.0000,3724.2000,3725.0000,3725.6000,3725.8000,2,1,1,1,1,2,1,1,1,1
SF,IF2005,2020-04-13 13:23:36.100,3723.2000,11336,0,5411521080.000,0,-,-,-,-,3723.0000,3722.4000,3722.2000,3722.0000,3721.6000,3724.0000,3724.2000,3725.0000,3725.6000,3725.8000,1,1,1,1,1,3,1,1,1,1
SF,IF2005,2020-04-13 13:23:36.600,3723.2000,11336,0,5411521080.000,0,-,-,-,-,3723.0000,3722.4000,3722.2000,3722.0000,3721.6000,3724.0000,3724.2000,3725.0000,3725.6000,3725.8000,1,1,1,1,1,2,1,1,1,1
SF,IF2005,2020-04-13 13:23:37.100,3723.2000,11336,0,5411521080.000,0,-,-,-,-,3723.0000,3722.4000,3722.2000,3722.0000,3721.6000,3724.0000,3724.2000,3725.0000,3725.6000,3725.8000,1,1,1,1,1,2,1,1,1,1
SF,IF2005,2020-04-13 13:23:37.600,3723.2000,11336,0,5411521080.000,0,-,-,-,-,3723.0000,3722.4000,3722.2000,3722.0000,3721.6000,3724.0000,3724.2000,3725.0000,3725.6000,3725.8000,1,1,1,1,1,2,1,1,1,1
SF,IF2005,2020-04-13 13:23:38.100,3723.2000,11336,0,5411521080.000,0,-,-,-,-,3723.0000,3722.4000,3722.2000,3722.0000,3721.6000,3724.0000,3724.2000,3725.0000,3725.6000,3725.8000,1,1,1,1,1,2,1,1,1,1
SF,IF2005,2020-04-13 13:23:38.600,3723.2000,11336,0,5411521080.000,0,-,-,-,-,3723.0000,3722.4000,3722.2000,3722.0000,3721.6000,3724.0000,3724.2000,3725.0000,3725.6000,3725.8000,1,1,1,1,1,3,1,1,1,1
SF,IF2005,2020-04-13 13:23:39.600,3723.2000,11336,0,5411521080.000,0,-,-,-,-,3723.0000,3722.4000,3722.2000,3722.0000,3721.6000,3724.0000,3724.2000,3725.0000,3725.6000,3725.8000,1,1,1,1,1,2,1,1,1,1
SF,IF2005,2020-04-13 13:23:40.100,3723.2000,11336,0,5411521080.000,0,-,-,-,-,3723.0000,3722.4000,3722.2000,3722.0000,3721.6000,3724.0000,3724.2000,3725.0000,3725.6000,3725.8000,1,1,1,1,1,2,1,1,1,1
SF,IF2005,2020-04-13 13:23:40.600,3723.2000,11336,0,5411521080.000,0,-,-,-,-,3723.0000,3722.4000,3722.2000,3722.0000,3721.6000,3724.0000,3724.2000,3725.0000,3725.6000,3725.8000,1,1,1,1,1,3,1,1,1,1
SF,IF2005,2020-04-13 13:23:41.600,3723.2000,11336,0,5411521080.000,0,-,-,-,-,3723.0000,3722.4000,3722.2000,3722.0000,3721.6000,3724.0000,3724.2000,3725.0000,3725.6000,3725.8000,1,1,1,1,1,2,1,1,1,1
SF,IF2005,2020-04-13 13:23:42.100,3723.2000,11336,0,5411521080.000,0,-,-,-,-,3723.0000,3722.4000,3722.2000,3722.0000,3721.6000,3724.0000,3724.2000,3725.0000,3725.6000,3725.8000,1,1,1,1,1,3,1,1,1,1
SF,IF2005,2020-04-13 13:23:42.600,3724.0000,11338,2,5414872680.000,3,2,1,多开,B,3724.0000,3723.4000,3723.2000,3723.0000,3722.4000,3725.0000,3725.6000,3725.8000,3726.0000,3726.4000,1,2,3,1,1,1,1,1,1,2
SF,IF2005,2020-04-13 13:23:43.100,3724.0000,11338,0,5414872680.000,0,-,-,-,-,3724.0000,3723.2000,3722.4000,3722.2000,3722.0000,3725.6000,3725.8000,3726.0000,3726.4000,3726.8000,1,5,1,1,1,1,1,1,2,1
SF,IF2005,2020-04-13 13:23:43.600,3724.0000,11338,0,5414872680.000,0,-,-,-,-,3724.4000,3724.2000,3723.2000,3722.4000,3722.2000,3725.4000,3725.6000,3725.8000,3726.0000,3726.4000,1,2,3,1,1,1,1,1,1,2
SF,IF2005,2020-04-13 13:23:44.100,3724.0000,11338,0,5414872680.000,0,-,-,-,-,3724.6000,3724.4000,3723.2000,3722.4000,3722.2000,3725.4000,3725.8000,3726.0000,3726.4000,3726.8000,2,1,3,1,1,1,1,1,2,1
SF,IF2005,2020-04-13 13:23:44.600,3725.4000,11339,1,5415990300.000,1,1,0,双开,B,3724.6000,3723.2000,3722.4000,3722.2000,3722.0000,3726.0000,3726.4000,3726.8000,3727.0000,3727.2000,2,3,1,1,1,1,2,1,1,1
SF,IF2005,2020-04-13 13:23:45.100,3725.4000,11339,0,5415990300.000,0,-,-,-,-,3724.6000,3723.2000,3722.4000,3722.2000,3722.0000,3725.8000,3726.0000,3726.4000,3726.8000,3727.0000,2,3,1,1,1,1,1,2,1,1
SF,IF2005,2020-04-13 13:23:45.600,3725.4000,11339,0,5415990300.000,0,-,-,-,-,3724.6000,3723.2000,3722.4000,3722.2000,3722.0000,3725.6000,3725.8000,3726.0000,3726.4000,3726.8000,2,3,1,1,1,5,3,1,2,1
SF,IF2005,2020-04-13 13:23:46.100,3725.4000,11339,0,5415990300.000,0,-,-,-,-,3723.2000,3722.4000,3722.2000,3722.0000,3721.6000,3725.4000,3725.6000,3726.0000,3726.4000,3726.8000,3,1,1,1,1,8,5,1,2,1
SF,IF2005,2020-04-13 13:23:46.600,3725.4000,11339,0,5415990300.000,0,-,-,-,-,3723.6000,3723.4000,3723.2000,3722.4000,3722.2000,3725.0000,3725.2000,3725.4000,3725.6000,3726.0000,2,2,2,1,1,1,4,8,5,1
SF,IF2005,2020-04-13 13:23:47.100,3725.4000,11339,0,5415990300.000,0,-,-,-,-,3723.8000,3723.6000,3723.4000,3723.2000,3722.4000,3724.8000,3725.0000,3725.2000,3725.4000,3725.6000,1,2,1,2,1,6,2,4,6,5
SF,IF2005,2020-04-13 13:23:47.600,3725.4000,11339,0,5415990300.000,0,-,-,-,-,3723.8000,3723.6000,3723.4000,3723.2000,3722.4000,3724.8000,3725.0000,3725.2000,3725.4000,3725.6000,1,2,1,2,1,6,2,4,5,5
SF,IF2005,2020-04-13 13:23:48.100,3725.4000,11339,0,5415990300.000,0,-,-,-,-,3723.8000,3723.6000,3723.4000,3723.2000,3722.4000,3725.0000,3725.2000,3725.4000,3725.6000,3726.0000,1,2,1,2,1,2,4,5,5,1
SF,IF2005,2020-04-13 13:23:48.600,3725.4000,11339,0,5415990300.000,0,-,-,-,-,3723.8000,3723.6000,3723.2000,3722.4000,3722.2000,3725.0000,3725.2000,3725.4000,3725.6000,3726.0000,1,2,2,1,1,2,4,5,5,1
SF,IF2005,2020-04-13 13:23:49.100,3725.4000,11339,0,5415990300.000,0,-,-,-,-,3724.0000,3723.8000,3723.6000,3723.2000,3722.4000,3725.0000,3725.4000,3725.6000,3726.0000,3726.4000,1,1,2,2,1,2,5,5,1,2
SF,IF2005,2020-04-13 13:23:49.600,3725.4000,11339,0,5415990300.000,0,-,-,-,-,3724.2000,3724.0000,3723.6000,3723.2000,3722.4000,3725.0000,3725.4000,3725.6000,3726.0000,3726.4000,1,1,2,2,1,2,5,5,1,2
SF,IF2005,2020-04-13 13:23:50.100,3725.4000,11339,0,5415990300.000,0,-,-,-,-,3724.2000,3724.0000,3723.6000,3723.2000,3722.4000,3725.0000,3725.4000,3725.6000,3726.0000,3726.4000,1,1,2,2,1,1,5,5,1,2
SF,IF2005,2020-04-13 13:23:50.600,3725.4000,11339,0,5415990300.000,0,-,-,-,-,3724.2000,3724.0000,3723.6000,3723.2000,3722.4000,3725.4000,3725.6000,3726.0000,3726.4000,3726.8000,1,1,2,2,1,5,5,1,2,1
SF,IF2005,2020-04-13 13:23:51.100,3725.4000,11339,0,5415990300.000,0,-,-,-,-,3724.2000,3724.0000,3723.6000,3723.2000,3722.4000,3725.2000,3725.4000,3725.6000,3726.0000,3726.4000,1,1,2,2,1,1,5,5,1,2
SF,IF2005,2020-04-13 13:23:51.600,3725.4000,11339,0,5415990300.000,0,-,-,-,-,3724.2000,3724.0000,3723.6000,3723.2000,3722.4000,3725.2000,3725.6000,3726.0000,3726.4000,3726.8000,1,1,2,2,1,2,5,1,2,1
SF,IF2005,2020-04-13 13:23:54.100,3725.4000,11339,0,5415990300.000,0,-,-,-,-,3724.2000,3724.0000,3723.6000,3723.2000,3722.4000,3725.0000,3725.2000,3725.6000,3726.0000,3726.4000,1,1,2,2,1,5,2,5,1,2
SF,IF2005,2020-04-13 13:23:54.600,3725.4000,11339,0,5415990300.000,0,-,-,-,-,3724.0000,3723.6000,3723.2000,3722.4000,3722.2000,3724.8000,3725.0000,3725.2000,3725.6000,3726.0000,1,2,2,1,1,1,6,1,5,1
SF,IF2005,2020-04-13 13:23:55.600,3724.0000,11340,1,5417107500.000,1,1,0,双开,B,3723.6000,3723.2000,3722.4000,3722.2000,3722.0000,3724.8000,3725.0000,3725.2000,3725.6000,3726.0000,2,2,1,1,1,1,6,1,5,1
SF,IF2005,2020-04-13 13:23:56.100,3724.0000,11340,0,5417107500.000,0,-,-,-,-,3723.8000,3723.6000,3723.2000,3722.4000,3722.2000,3724.6000,3724.8000,3725.0000,3725.2000,3725.6000,1,2,2,1,1,1,1,5,1,5
SF,IF2005,2020-04-13 13:23:58.100,3724.0000,11340,0,5417107500.000,0,-,-,-,-,3723.8000,3723.6000,3723.2000,3722.4000,3722.2000,3724.6000,3724.8000,3725.0000,3725.2000,3725.6000,1,2,2,1,1,1,1,5,1,5
SF,IF2005,2020-04-13 13:24:02.600,3724.0000,11340,0,5417107500.000,0,-,-,-,-,3723.8000,3723.2000,3722.4000,3722.2000,3722.0000,3724.6000,3724.8000,3725.0000,3725.2000,3725.6000,1,2,1,1,2,1,1,5,1,5
SF,IF2005,2020-04-13 13:24:04.100,3724.0000,11340,0,5417107500.000,0,-,-,-,-,3724.0000,3723.8000,3723.2000,3722.4000,3722.2000,3724.6000,3724.8000,3725.0000,3725.2000,3725.6000,2,1,2,1,1,1,1,5,1,5
SF,IF2005,2020-04-13 13:24:04.600,3724.0000,11340,0,5417107500.000,0,-,-,-,-,3724.0000,3723.8000,3723.2000,3722.4000,3722.2000,3724.6000,3724.8000,3725.0000,3725.2000,3725.6000,2,1,2,1,1,2,1,5,1,5
SF,IF2005,2020-04-13 13:24:05.100,3724.0000,11340,0,5417107500.000,0,-,-,-,-,3724.0000,3723.8000,3723.2000,3722.2000,3722.0000,3724.6000,3724.8000,3725.0000,3725.2000,3725.6000,2,1,2,1,2,2,1,5,1,5
SF,IF2005,2020-04-13 13:24:06.600,3724.0000,11342,2,5419341900.000,2,2,0,双开,B,3723.8000,3723.2000,3723.0000,3722.2000,3722.0000,3724.6000,3724.8000,3725.0000,3725.2000,3725.6000,1,2,1,1,2,2,1,5,1,5
SF,IF2005,2020-04-13 13:24:08.600,3724.0000,11342,0,5419341900.000,0,-,-,-,-,3723.8000,3723.2000,3723.0000,3722.2000,3722.0000,3724.6000,3724.8000,3725.0000,3725.2000,3725.6000,1,2,1,1,2,2,1,5,1,5
SF,IF2005,2020-04-13 13:24:15.100,3724.0000,11342,0,5419341900.000,0,-,-,-,-,3723.8000,3723.2000,3723.0000,3722.2000,3722.0000,3724.6000,3724.8000,3725.0000,3725.2000,3725.6000,1,2,1,1,2,2,1,5,1,5
SF,IF2005,2020-04-13 13:24:26.100,3724.0000,11342,0,5419341900.000,0,-,-,-,-,3723.8000,3723.2000,3723.0000,3722.2000,3722.0000,3724.6000,3724.8000,3725.0000,3725.2000,3725.6000,1,2,1,1,2,2,1,5,1,5
SF,IF2005,2020-04-13 13:24:29.100,3724.0000,11342,0,5419341900.000,0,-,-,-,-,3723.8000,3723.2000,3723.0000,3722.2000,3722.0000,3724.2000,3724.4000,3724.6000,3725.0000,3725.2000,1,2,1,1,2,1,1,1,5,1
SF,IF2005,2020-04-13 13:24:29.600,3724.0000,11342,0,5419341900.000,0,-,-,-,-,3723.2000,3723.0000,3722.2000,3722.0000,3721.6000,3724.2000,3724.4000,3725.0000,3725.2000,3726.0000,2,1,1,2,1,6,1,5,1,1
SF,IF2005,2020-04-13 13:24:30.100,3724.0000,11342,0,5419341900.000,0,-,-,-,-,3723.4000,3723.0000,3722.2000,3722.0000,3721.6000,3724.2000,3724.4000,3725.0000,3725.2000,3726.0000,1,1,1,2,1,2,1,5,1,1
SF,IF2005,2020-04-13 13:24:34.600,3724.0000,11342,0,5419341900.000,0,-,-,-,-,3723.4000,3723.0000,3722.2000,3722.0000,3721.6000,3723.8000,3724.0000,3724.2000,3724.4000,3725.0000,1,1,1,2,1,3,1,2,1,5
SF,IF2005,2020-04-13 13:24:35.100,3724.0000,11342,0,5419341900.000,0,-,-,-,-,3723.0000,3722.2000,3722.0000,3721.6000,3721.4000,3723.8000,3724.0000,3725.2000,3726.0000,3726.4000,1,1,2,1,2,4,1,1,1,2
SF,IF2005,2020-04-13 13:24:35.600,3724.0000,11342,0,5419341900.000,0,-,-,-,-,3723.2000,3723.0000,3722.2000,3722.0000,3721.6000,3723.8000,3724.0000,3725.2000,3726.0000,3726.4000,1,1,1,2,1,1,1,1,1,2
SF,IF2005,2020-04-13 13:24:38.100,3724.0000,11343,1,5420459100.000,1,1,0,双开,B,3723.2000,3723.0000,3722.2000,3722.0000,3721.6000,3724.0000,3725.2000,3726.0000,3726.4000,3726.8000,1,1,1,2,1,1,1,1,2,1
SF,IF2005,2020-04-13 13:24:38.600,3724.0000,11343,0,5420459100.000,0,-,-,-,-,3723.2000,3723.0000,3722.2000,3722.0000,3721.6000,3723.6000,3723.8000,3724.0000,3725.2000,3726.0000,1,1,1,2,1,5,1,1,1,1
SF,IF2005,2020-04-13 13:24:39.600,3724.0000,11343,0,5420459100.000,0,-,-,-,-,3723.2000,3723.0000,3722.2000,3722.0000,3721.6000,3723.8000,3724.0000,3725.2000,3726.0000,3726.4000,1,1,1,2,1,1,1,1,1,2
SF,IF2005,2020-04-13 13:24:42.600,3723.2000,11344,1,5421576060.000,1,1,0,双开,B,3723.0000,3722.2000,3722.0000,3721.6000,3721.4000,3723.8000,3724.0000,3725.2000,3726.0000,3726.4000,1,1,2,1,2,1,1,1,1,2
SF,IF2005,2020-04-13 13:24:45.600,3723.8000,11345,1,5422693200.000,1,1,0,双开,B,3723.0000,3722.2000,3722.0000,3721.6000,3721.4000,3724.0000,3725.2000,3726.0000,3726.4000,3726.8000,1,1,2,1,2,1,1,1,2,1
SF,IF2005,2020-04-13 13:24:46.100,3723.8000,11345,0,5422693200.000,0,-,-,-,-,3723.2000,3723.0000,3722.2000,3722.0000,3721.6000,3724.0000,3725.2000,3726.0000,3726.4000,3726.8000,1,1,1,2,1,1,1,1,2,1
SF,IF2005,2020-04-13 13:24:46.600,3723.8000,11345,0,5422693200.000,0,-,-,-,-,3723.2000,3723.0000,3722.2000,3722.0000,3721.6000,3724.0000,3725.2000,3726.0000,3726.4000,3726.8000,1,2,1,2,1,1,1,1,2,1
SF,IF2005,2020-04-13 13:24:48.600,3723.8000,11345,0,5422693200.000,0,-,-,-,-,3723.2000,3723.0000,3722.2000,3722.0000,3721.6000,3724.0000,3725.2000,3726.0000,3726.4000,3726.8000,1,3,1,2,1,1,1,1,2,1
SF,IF2005,2020-04-13 13:24:49.600,3723.8000,11345,0,5422693200.000,0,-,-,-,-,3723.2000,3723.0000,3722.2000,3722.0000,3721.6000,3723.6000,3724.0000,3725.2000,3726.0000,3726.4000,1,3,1,2,1,1,1,1,1,2
SF,IF2005,2020-04-13 13:24:51.100,3723.6000,11346,1,5423810280.000,1,1,0,双开,B,3723.2000,3723.0000,3722.2000,3722.0000,3721.6000,3724.0000,3725.2000,3726.0000,3726.4000,3726.8000,1,3,1,2,1,1,1,1,2,1
SF,IF2005,2020-04-13 13:24:51.600,3723.6000,11346,0,5423810280.000,0,-,-,-,-,3723.2000,3723.0000,3722.2000,3722.0000,3721.6000,3725.2000,3726.0000,3726.4000,3726.8000,3727.0000,1,3,1,2,1,1,1,2,1,1
SF,IF2005,2020-04-13 13:24:52.100,3723.6000,11346,0,5423810280.000,0,-,-,-,-,3723.2000,3723.0000,3722.2000,3722.0000,3721.6000,3724.4000,3724.6000,3724.8000,3725.0000,3725.2000,1,3,1,2,1,7,1,1,3,2
SF,IF2005,2020-04-13 13:24:52.600,3723.6000,11346,0,5423810280.000,0,-,-,-,-,3723.2000,3723.0000,3722.2000,3722.0000,3721.6000,3724.2000,3724.4000,3724.6000,3724.8000,3725.0000,1,3,1,2,1,1,7,1,1,4
SF,IF2005,2020-04-13 13:24:53.100,3723.2000,11347,1,5424927240.000,1,1,0,双开,B,3723.0000,3722.2000,3722.0000,3721.6000,3721.4000,3724.2000,3724.4000,3724.8000,3725.0000,3725.2000,3,1,2,1,2,2,7,1,4,1
SF,IF2005,2020-04-13 13:24:55.100,3723.2000,11347,0,5424927240.000,0,-,-,-,-,3723.0000,3722.2000,3722.0000,3721.6000,3721.4000,3724.0000,3724.2000,3724.4000,3724.8000,3725.0000,3,1,2,1,2,1,2,6,1,4
SF,IF2005,2020-04-13 13:24:55.600,3723.2000,11347,0,5424927240.000,0,-,-,-,-,3723.0000,3722.2000,3722.0000,3721.6000,3721.4000,3723.8000,3724.0000,3724.2000,3724.4000,3724.8000,3,1,2,1,2,1,1,1,6,1
SF,IF2005,2020-04-13 13:24:57.600,3723.8000,11347,0,5426044380.000,1,0,1,空换,B,3723.0000,3722.2000,3722.0000,3721.6000,3721.4000,3724.0000,3724.2000,3724.4000,3724.8000,3725.0000,3,1,2,1,2,1,1,6,1,4
SF,IF2005,2020-04-13 13:24:59.600,3723.0000,11347,0,5427161280.000,1,0,1,空换,B,3723.0000,3722.2000,3722.0000,3721.6000,3721.4000,3724.0000,3724.2000,3724.4000,3724.8000,3725.0000,2,1,2,1,2,1,1,6,1,4
SF,IF2005,2020-04-13 13:25:00.100,3723.0000,11348,1,5428278180.000,1,1,0,双开,B,3723.0000,3722.2000,3722.0000,3721.6000,3721.4000,3724.0000,3724.2000,3724.4000,3724.8000,3725.0000,1,1,2,1,2,1,1,6,1,4
SF,IF2005,2020-04-13 13:25:02.100,3723.0000,11348,0,5428278180.000,0,-,-,-,-,3723.0000,3722.2000,3722.0000,3721.6000,3721.4000,3724.0000,3724.2000,3724.4000,3724.8000,3725.0000,1,1,2,1,2,1,1,5,1,4
SF,IF2005,2020-04-13 13:25:02.600,3723.0000,11348,0,5428278180.000,0,-,-,-,-,3723.0000,3722.2000,3722.0000,3721.6000,3721.4000,3723.8000,3724.0000,3724.2000,3724.4000,3724.8000,1,1,2,1,2,1,1,1,5,1
SF,IF2005,2020-04-13 13:25:04.100,3723.0000,11348,0,5428278180.000,0,-,-,-,-,3723.0000,3722.2000,3722.0000,3721.6000,3721.4000,3723.8000,3724.0000,3724.2000,3724.4000,3724.8000,3,1,2,1,2,1,1,1,5,1
SF,IF2005,2020-04-13 13:25:05.100,3723.0000,11349,1,5429395080.000,1,1,0,双开,B,3723.0000,3722.2000,3722.0000,3721.6000,3721.4000,3723.8000,3724.0000,3724.2000,3724.4000,3724.8000,2,1,2,1,2,1,1,1,5,1
SF,IF2005,2020-04-13 13:25:06.600,3723.0000,11351,2,5431628880.000,2,2,0,双开,B,3722.2000,3722.0000,3721.6000,3721.4000,3721.2000,3723.0000,3723.8000,3724.0000,3724.2000,3724.4000,1,2,1,2,1,8,1,1,1,5
SF,IF2005,2020-04-13 13:25:07.100,3723.0000,11353,2,5433862680.000,2,2,0,双开,B,3722.4000,3722.2000,3722.0000,3721.6000,3721.4000,3723.0000,3723.8000,3724.8000,3725.0000,3725.2000,3,1,2,1,2,6,1,1,4,1
SF,IF2005,2020-04-13 13:25:07.600,3723.0000,11353,0,5433862680.000,0,-,-,-,-,3722.6000,3722.4000,3722.2000,3722.0000,3721.6000,3723.0000,3723.8000,3724.8000,3725.0000,3725.2000,1,3,1,2,1,6,1,1,4,1
SF,IF2005,2020-04-13 13:25:08.600,3723.0000,11354,1,5434979580.000,1,1,0,双开,B,3722.6000,3722.4000,3722.2000,3722.0000,3721.6000,3723.0000,3723.8000,3724.8000,3725.0000,3725.2000,1,2,1,2,1,5,1,1,4,1
SF,IF2005,2020-04-13 13:25:09.100,3723.0000,11354,0,5434979580.000,0,-,-,-,-,3722.6000,3722.4000,3722.2000,3722.0000,3721.6000,3723.0000,3723.8000,3724.8000,3725.0000,3725.2000,1,2,1,2,1,5,1,1,4,1
SF,IF2005,2020-04-13 13:25:09.600,3723.0000,11355,1,5436096480.000,1,1,0,双开,B,3722.6000,3722.4000,3722.2000,3722.0000,3721.6000,3723.0000,3723.8000,3724.8000,3725.0000,3725.2000,1,2,1,2,1,4,1,1,4,1
SF,IF2005,2020-04-13 13:25:10.100,3723.0000,11355,0,5436096480.000,0,-,-,-,-,3722.4000,3722.2000,3722.0000,3721.6000,3721.4000,3723.0000,3723.8000,3724.8000,3725.0000,3725.2000,2,1,2,1,2,4,1,1,4,1
SF,IF2005,2020-04-13 13:25:10.600,3723.0000,11355,0,5436096480.000,0,-,-,-,-,3722.4000,3722.2000,3722.0000,3721.6000,3721.4000,3723.0000,3723.8000,3724.8000,3725.0000,3725.2000,2,1,2,1,2,4,1,1,4,1
SF,IF2005,2020-04-13 13:25:11.100,3723.0000,11355,0,5436096480.000,0,-,-,-,-,3722.4000,3722.2000,3722.0000,3721.6000,3721.4000,3723.0000,3723.4000,3723.8000,3724.8000,3725.0000,2,1,2,1,2,4,4,1,1,4
SF,IF2005,2020-04-13 13:25:11.600,3723.0000,11356,1,5437213380.000,1,1,0,双开,B,3722.4000,3722.2000,3722.0000,3721.6000,3721.4000,3723.0000,3723.4000,3723.8000,3724.8000,3725.0000,2,1,2,1,2,3,4,1,1,3
SF,IF2005,2020-04-13 13:25:12.100,3723.0000,11356,0,5437213380.000,0,-,-,-,-,3722.4000,3722.2000,3722.0000,3721.6000,3721.4000,3723.0000,3723.4000,3723.8000,3724.8000,3725.0000,2,1,2,1,2,3,4,1,1,3
SF,IF2005,2020-04-13 13:25:12.600,3723.0000,11356,0,5437213380.000,0,-,-,-,-,3722.4000,3722.2000,3722.0000,3721.6000,3721.4000,3723.0000,3723.4000,3723.8000,3724.8000,3725.0000,2,1,2,1,2,4,4,1,1,3
SF,IF2005,2020-04-13 13:25:13.100,3723.0000,11356,0,5437213380.000,0,-,-,-,-,3722.4000,3722.2000,3722.0000,3721.6000,3721.4000,3723.0000,3723.4000,3723.8000,3724.8000,3725.0000,2,1,2,1,2,3,4,1,1,3
SF,IF2005,2020-04-13 13:25:13.600,3723.0000,11356,0,5437213380.000,0,-,-,-,-,3722.4000,3722.2000,3722.0000,3721.6000,3721.4000,3723.0000,3723.4000,3723.8000,3724.8000,3725.0000,2,1,2,1,2,4,4,1,1,3
SF,IF2005,2020-04-13 13:25:14.100,3723.0000,11356,0,5437213380.000,0,-,-,-,-,3722.4000,3722.2000,3722.0000,3721.6000,3721.4000,3723.0000,3723.4000,3723.8000,3724.8000,3725.0000,2,1,2,1,2,4,4,1,1,3
SF,IF2005,2020-04-13 13:25:14.600,3723.0000,11356,0,5437213380.000,0,-,-,-,-,3722.4000,3722.2000,3722.0000,3721.6000,3721.4000,3723.0000,3723.4000,3723.8000,3724.8000,3725.0000,2,1,2,1,2,4,4,1,1,3
SF,IF2005,2020-04-13 13:25:15.100,3723.0000,11357,1,5438330280.000,1,1,0,双开,B,3722.4000,3722.2000,3722.0000,3721.6000,3721.4000,3723.0000,3723.4000,3723.8000,3724.8000,3725.0000,2,1,2,1,2,3,4,1,1,3
SF,IF2005,2020-04-13 13:25:15.600,3723.0000,11357,0,5441680980.000,3,1,2,空换,B,3722.6000,3722.4000,3722.2000,3722.0000,3721.6000,3723.4000,3723.8000,3724.8000,3725.0000,3725.2000,1,2,1,2,1,4,1,1,3,1
SF,IF2005,2020-04-13 13:25:16.100,3723.0000,11357,0,5441680980.000,0,-,-,-,-,3722.4000,3722.2000,3722.0000,3721.6000,3721.4000,3723.4000,3723.8000,3724.8000,3725.0000,3725.2000,2,1,2,1,2,4,1,1,3,1
SF,IF2005,2020-04-13 13:25:16.600,3723.4000,11358,1,5442798000.000,1,1,0,双开,B,3722.6000,3722.4000,3722.2000,3722.0000,3721.6000,3723.4000,3723.8000,3724.8000,3725.0000,3725.2000,2,2,1,2,1,3,1,1,3,1
SF,IF2005,2020-04-13 13:25:17.600,3723.4000,11358,0,5442798000.000,0,-,-,-,-,3722.8000,3722.6000,3722.4000,3722.2000,3722.0000,3723.4000,3723.8000,3724.8000,3725.0000,3725.2000,1,2,1,1,2,3,1,1,3,1
SF,IF2005,2020-04-13 13:25:18.100,3723.4000,11359,1,5443915020.000,1,1,0,双开,B,3722.8000,3722.6000,3722.4000,3722.2000,3722.0000,3723.4000,3723.8000,3725.0000,3725.2000,3726.0000,1,2,1,1,2,2,1,2,1,1
SF,IF2005,2020-04-13 13:25:19.100,3723.4000,11361,2,5446149060.000,2,2,0,双开,B,3722.8000,3722.6000,3722.4000,3722.2000,3722.0000,3723.8000,3725.0000,3725.2000,3726.0000,3726.4000,1,2,1,1,2,1,2,1,1,2
SF,IF2005,2020-04-13 13:25:19.600,3723.4000,11361,0,5446149060.000,0,-,-,-,-,3723.4000,3723.0000,3722.8000,3722.6000,3722.4000,3723.8000,3725.0000,3725.2000,3726.0000,3726.4000,1,1,1,2,1,1,2,1,1,2
SF,IF2005,2020-04-13 13:25:20.100,3723.4000,11361,0,5446149060.000,0,-,-,-,-,3723.4000,3723.0000,3722.8000,3722.6000,3722.2000,3723.8000,3725.0000,3725.2000,3726.0000,3726.4000,1,1,1,2,1,1,2,1,1,2
SF,IF2005,2020-04-13 13:25:20.600,3723.8000,11362,1,5447266200.000,1,1,0,双开,B,3723.4000,3723.0000,3722.8000,3722.6000,3722.2000,3725.0000,3725.2000,3726.0000,3726.4000,3726.8000,2,1,1,2,1,2,1,1,2,1
SF,IF2005,2020-04-13 13:25:21.100,3723.8000,11362,0,5447266200.000,0,-,-,-,-,3723.6000,3723.4000,3723.0000,3722.6000,3722.2000,3724.4000,3724.8000,3725.0000,3725.2000,3726.0000,1,2,1,1,1,8,2,2,1,1
SF,IF2005,2020-04-13 13:25:23.600,3723.8000,11362,0,5447266200.000,0,-,-,-,-,3723.6000,3723.4000,3722.6000,3722.2000,3722.0000,3724.4000,3724.8000,3725.0000,3725.2000,3726.0000,1,2,1,1,2,8,2,2,1,1
SF,IF2005,2020-04-13 13:25:26.600,3723.8000,11362,0,5447266200.000,0,-,-,-,-,3723.6000,3723.4000,3722.6000,3722.2000,3722.0000,3724.4000,3724.8000,3725.0000,3725.2000,3726.0000,1,2,1,1,2,3,2,1,1,1
SF,IF2005,2020-04-13 13:25:27.100,3723.8000,11362,0,5447266200.000,0,-,-,-,-,3723.6000,3723.4000,3722.6000,3722.2000,3722.0000,3724.4000,3724.8000,3725.0000,3725.2000,3726.0000,1,2,1,1,2,3,1,1,1,1
SF,IF2005,2020-04-13 13:25:28.100,3723.8000,11362,0,5447266200.000,0,-,-,-,-,3723.6000,3723.4000,3722.6000,3722.2000,3722.0000,3724.4000,3724.8000,3725.0000,3725.2000,3726.0000,2,2,1,1,2,1,1,1,1,1
SF,IF2005,2020-04-13 13:25:28.600,3723.8000,11362,0,5447266200.000,0,-,-,-,-,3724.4000,3723.6000,3723.4000,3722.6000,3722.2000,3725.0000,3725.2000,3726.0000,3726.4000,3726.8000,1,2,2,1,1,1,1,1,2,1
SF,IF2005,2020-04-13 13:25:29.600,3723.8000,11362,0,5447266200.000,0,-,-,-,-,3724.8000,3723.6000,3723.4000,3722.6000,3722.2000,3725.0000,3725.2000,3726.0000,3726.4000,3726.8000,1,2,2,1,1,1,1,1,2,1
SF,IF2005,2020-04-13 13:25:30.100,3724.8000,11362,0,5448383640.000,1,0,1,空换,B,3723.6000,3723.4000,3722.6000,3722.2000,3722.0000,3725.0000,3725.2000,3726.0000,3726.4000,3726.8000,2,2,1,1,2,1,1,1,2,1
SF,IF2005,2020-04-13 13:25:30.600,3724.8000,11362,0,5448383640.000,0,-,-,-,-,3723.6000,3723.4000,3722.6000,3722.2000,3722.0000,3724.8000,3725.0000,3725.2000,3726.0000,3726.4000,2,2,1,1,2,1,1,1,1,2
SF,IF2005,2020-04-13 13:25:32.600,3724.8000,11362,0,5448383640.000,0,-,-,-,-,3723.8000,3723.6000,3723.4000,3722.6000,3722.2000,3724.8000,3725.0000,3725.2000,3726.0000,3726.4000,2,2,2,1,1,1,1,1,1,2
SF,IF2005,2020-04-13 13:25:33.100,3724.8000,11362,0,5448383640.000,0,-,-,-,-,3724.0000,3723.8000,3723.4000,3722.6000,3722.2000,3725.0000,3725.2000,3726.0000,3726.4000,3726.8000,1,2,2,1,1,1,1,1,2,1
SF,IF2005,2020-04-13 13:25:33.600,3724.8000,11362,0,5448383640.000,0,-,-,-,-,3724.0000,3723.8000,3723.4000,3722.6000,3722.2000,3726.0000,3726.4000,3726.8000,3727.0000,3727.2000,1,3,2,1,1,1,2,1,1,1
SF,IF2005,2020-04-13 13:25:34.100,3724.8000,11362,0,5448383640.000,0,-,-,-,-,3724.0000,3723.8000,3723.4000,3722.6000,3722.2000,3725.2000,3725.4000,3725.6000,3725.8000,3726.0000,1,3,2,1,1,5,1,3,3,1
SF,IF2005,2020-04-13 13:25:34.600,3724.8000,11362,0,5448383640.000,0,-,-,-,-,3724.2000,3724.0000,3723.8000,3723.4000,3722.6000,3725.4000,3725.6000,3725.8000,3726.0000,3726.4000,1,1,2,2,1,1,2,3,1,2
SF,IF2005,2020-04-13 13:25:35.100,3724.8000,11362,0,5448383640.000,0,-,-,-,-,3724.4000,3723.8000,3723.4000,3722.6000,3722.2000,3725.2000,3725.4000,3725.8000,3726.0000,3726.4000,1,2,2,1,1,1,1,3,1,2
SF,IF2005,2020-04-13 13:25:37.100,3724.8000,11362,0,5448383640.000,0,-,-,-,-,3724.4000,3723.8000,3723.4000,3722.6000,3722.2000,3725.0000,3725.2000,3725.4000,3725.8000,3726.0000,1,2,2,1,1,1,1,1,3,1
SF,IF2005,2020-04-13 13:25:37.600,3724.8000,11362,0,5448383640.000,0,-,-,-,-,3723.8000,3723.4000,3722.6000,3722.2000,3722.0000,3724.8000,3725.0000,3725.2000,3725.8000,3726.0000,2,2,1,1,2,5,1,1,3,1
SF,IF2005,2020-04-13 13:25:38.100,3724.8000,11362,0,5448383640.000,0,-,-,-,-,3724.0000,3723.8000,3723.4000,3722.6000,3722.2000,3725.0000,3725.2000,3725.8000,3726.0000,3726.4000,1,2,2,1,1,1,1,3,1,2
SF,IF2005,2020-04-13 13:25:38.600,3724.8000,11362,0,5448383640.000,0,-,-,-,-,3724.0000,3723.8000,3723.4000,3722.6000,3722.2000,3725.0000,3725.8000,3726.0000,3726.4000,3726.8000,1,2,2,1,1,1,3,1,2,1
SF,IF2005,2020-04-13 13:25:45.100,3724.8000,11362,0,5448383640.000,0,-,-,-,-,3724.0000,3723.8000,3722.6000,3722.2000,3722.0000,3725.0000,3725.8000,3726.0000,3726.4000,3726.8000,1,2,1,1,2,1,3,1,2,1
SF,IF2005,2020-04-13 13:25:46.600,3724.8000,11362,0,5448383640.000,0,-,-,-,-,3724.0000,3723.8000,3722.6000,3722.2000,3722.0000,3724.8000,3725.0000,3725.8000,3726.0000,3726.4000,1,2,1,1,2,1,1,3,1,2
SF,IF2005,2020-04-13 13:25:48.100,3724.8000,11362,0,5448383640.000,0,-,-,-,-,3724.0000,3723.8000,3722.6000,3722.2000,3722.0000,3724.6000,3724.8000,3725.0000,3725.8000,3726.0000,1,2,1,1,2,4,1,1,3,1
SF,IF2005,2020-04-13 13:25:53.100,3724.6000,11364,2,5450618400.000,2,2,0,双开,B,3724.0000,3723.8000,3722.6000,3722.2000,3722.0000,3724.6000,3724.8000,3725.0000,3725.8000,3726.0000,1,2,1,1,2,2,1,1,3,1
SF,IF2005,2020-04-13 13:25:53.600,3724.6000,11364,0,5450618400.000,0,-,-,-,-,3724.0000,3723.8000,3722.6000,3722.2000,3722.0000,3725.0000,3725.8000,3726.0000,3726.4000,3726.8000,1,2,1,1,2,1,3,1,2,1
SF,IF2005,2020-04-13 13:26:00.600,3724.6000,11364,0,5450618400.000,0,-,-,-,-,3724.0000,3723.8000,3722.6000,3722.2000,3722.0000,3724.8000,3725.0000,3725.8000,3726.0000,3726.4000,1,2,1,1,2,1,1,3,1,2
SF,IF2005,2020-04-13 13:26:04.600,3724.6000,11364,0,5450618400.000,0,-,-,-,-,3724.6000,3724.0000,3723.8000,3722.6000,3722.2000,3724.8000,3725.0000,3725.8000,3726.0000,3726.4000,2,1,2,1,1,1,1,3,1,2
SF,IF2005,2020-04-13 13:26:05.100,3724.6000,11366,2,5452853160.000,2,2,0,双开,B,3724.0000,3723.8000,3722.6000,3722.2000,3722.0000,3724.4000,3724.6000,3724.8000,3725.8000,3726.0000,1,2,1,1,2,5,2,1,3,1
SF,IF2005,2020-04-13 13:26:05.600,3724.6000,11366,0,5452853160.000,0,-,-,-,-,3724.0000,3723.8000,3722.6000,3722.2000,3722.0000,3724.6000,3724.8000,3725.8000,3726.0000,3726.4000,1,2,1,1,2,2,1,3,1,2
SF,IF2005,2020-04-13 13:26:06.100,3724.6000,11366,0,5453970540.000,1,0,1,空换,B,3724.0000,3723.8000,3722.6000,3722.2000,3722.0000,3724.6000,3724.8000,3725.8000,3726.0000,3726.4000,1,2,1,1,2,1,1,3,1,2
SF,IF2005,2020-04-13 13:26:06.600,3724.6000,11366,0,5453970540.000,0,-,-,-,-,3724.0000,3723.8000,3722.6000,3722.2000,3722.0000,3724.6000,3724.8000,3725.8000,3726.0000,3726.4000,1,2,1,1,2,1,1,3,1,2
SF,IF2005,2020-04-13 13:26:08.100,3724.0000,11367,1,5455087740.000,1,1,0,双开,B,3723.8000,3722.6000,3722.2000,3722.0000,3721.6000,3724.8000,3725.8000,3726.0000,3726.4000,3726.8000,2,1,1,2,1,1,3,1,2,1
SF,IF2005,2020-04-13 13:26:08.600,3724.0000,11367,0,5455087740.000,0,-,-,-,-,3724.6000,3724.0000,3723.8000,3722.6000,3722.2000,3724.8000,3725.8000,3726.0000,3726.4000,3726.8000,1,1,2,1,1,1,3,1,2,1
SF,IF2005,2020-04-13 13:26:09.100,3724.6000,11367,0,5456205120.000,1,0,1,空换,B,3724.0000,3723.8000,3722.6000,3722.2000,3722.0000,3724.8000,3725.8000,3726.0000,3726.4000,3726.8000,1,2,1,1,2,1,3,1,2,1
SF,IF2005,2020-04-13 13:26:13.100,3724.0000,11368,1,5457322320.000,1,1,0,双开,B,3723.8000,3722.6000,3722.2000,3722.0000,3721.6000,3724.8000,3725.8000,3726.0000,3726.4000,3726.8000,2,1,1,2,1,1,3,1,2,1
SF,IF2005,2020-04-13 13:26:13.600,3724.0000,11368,0,5457322320.000,0,-,-,-,-,3723.8000,3722.6000,3722.2000,3722.0000,3721.6000,3724.6000,3724.8000,3725.8000,3726.0000,3726.4000,2,1,1,2,1,1,1,2,1,2
SF,IF2005,2020-04-13 13:26:22.100,3724.0000,11368,0,5457322320.000,0,-,-,-,-,3723.8000,3722.6000,3722.2000,3722.0000,3721.6000,3724.6000,3724.8000,3725.8000,3726.0000,3726.4000,1,1,1,2,1,1,1,2,1,2
SF,IF2005,2020-04-13 13:26:27.600,3723.8000,11369,1,5458439460.000,1,1,0,双开,B,3722.6000,3722.2000,3722.0000,3721.6000,3721.4000,3724.6000,3724.8000,3725.8000,3726.0000,3726.4000,1,1,2,1,1,1,1,2,1,2
SF,IF2005,2020-04-13 13:26:28.100,3723.8000,11369,0,5458439460.000,0,-,-,-,-,3723.2000,3723.0000,3722.8000,3722.6000,3722.2000,3724.4000,3724.6000,3724.8000,3725.8000,3726.0000,1,3,3,1,1,1,1,1,2,1
SF,IF2005,2020-04-13 13:26:28.600,3723.8000,11369,0,5458439460.000,0,-,-,-,-,3723.2000,3723.0000,3722.8000,3722.6000,3722.2000,3724.2000,3724.8000,3725.8000,3726.0000,3726.4000,1,3,4,1,1,1,1,2,1,2
SF,IF2005,2020-04-13 13:26:29.100,3723.8000,11369,0,5458439460.000,0,-,-,-,-,3723.2000,3723.0000,3722.8000,3722.6000,3722.2000,3724.2000,3725.8000,3726.0000,3726.4000,3726.8000,1,3,4,1,1,1,2,1,2,1
SF,IF2005,2020-04-13 13:26:31.100,3723.8000,11369,0,5458439460.000,0,-,-,-,-,3723.2000,3723.0000,3722.8000,3722.6000,3722.2000,3724.2000,3725.8000,3726.0000,3726.4000,3726.8000,1,2,4,1,1,1,2,1,2,1
SF,IF2005,2020-04-13 13:26:31.600,3723.8000,11369,0,5458439460.000,0,-,-,-,-,3723.2000,3723.0000,3722.8000,3722.6000,3722.2000,3724.0000,3724.2000,3725.8000,3726.0000,3726.4000,1,2,3,1,1,1,1,2,1,2
SF,IF2005,2020-04-13 13:26:32.100,3723.8000,11369,0,5458439460.000,0,-,-,-,-,3723.2000,3723.0000,3722.8000,3722.6000,3722.2000,3723.8000,3724.0000,3725.8000,3726.0000,3726.4000,1,2,3,1,1,1,1,2,1,2
SF,IF2005,2020-04-13 13:26:32.600,3723.8000,11369,0,5458439460.000,0,-,-,-,-,3723.2000,3723.0000,3722.8000,3722.2000,3722.0000,3723.8000,3724.0000,3725.8000,3726.0000,3726.4000,1,2,3,1,2,1,1,2,1,2
SF,IF2005,2020-04-13 13:26:33.100,3723.8000,11369,0,5458439460.000,0,-,-,-,-,3723.2000,3723.0000,3722.8000,3722.2000,3722.0000,3723.8000,3724.0000,3725.8000,3726.0000,3726.4000,1,1,3,1,2,1,1,2,1,2
SF,IF2005,2020-04-13 13:26:35.100,3723.8000,11370,1,5459556600.000,1,1,0,双开,B,3723.2000,3723.0000,3722.8000,3722.2000,3722.0000,3725.8000,3726.0000,3726.4000,3726.8000,3727.0000,1,1,3,1,2,2,1,2,1,1
SF,IF2005,2020-04-13 13:26:35.600,3723.8000,11370,0,5459556600.000,0,-,-,-,-,3723.8000,3723.6000,3723.4000,3722.8000,3722.2000,3725.0000,3725.2000,3725.6000,3725.8000,3726.0000,1,1,3,2,1,7,1,6,4,1
SF,IF2005,2020-04-13 13:26:36.100,3723.8000,11370,0,5459556600.000,0,-,-,-,-,3723.8000,3723.6000,3723.4000,3722.8000,3722.2000,3724.4000,3724.8000,3725.0000,3725.2000,3725.4000,1,1,2,2,1,4,3,7,2,1
SF,IF2005,2020-04-13 13:26:36.600,3724.2000,11371,1,5460673860.000,1,1,0,双开,B,3723.6000,3723.4000,3722.8000,3722.2000,3722.0000,3724.8000,3725.0000,3725.2000,3725.6000,3725.8000,1,2,2,1,2,2,7,1,6,3
SF,IF2005,2020-04-13 13:26:37.100,3724.2000,11371,0,5460673860.000,0,-,-,-,-,3723.6000,3723.4000,3722.8000,3722.2000,3722.0000,3724.6000,3724.8000,3725.0000,3725.2000,3725.6000,1,2,2,1,2,1,2,6,1,6
SF,IF2005,2020-04-13 13:26:37.600,3724.2000,11371,0,5460673860.000,0,-,-,-,-,3723.6000,3723.4000,3722.8000,3722.2000,3722.0000,3724.4000,3724.6000,3724.8000,3725.0000,3725.2000,1,2,2,1,2,1,1,1,6,1
SF,IF2005,2020-04-13 13:26:38.100,3724.2000,11371,0,5460673860.000,0,-,-,-,-,3723.6000,3723.4000,3722.8000,3722.2000,3722.0000,3724.4000,3724.8000,3725.0000,3725.2000,3725.6000,1,2,2,1,2,1,1,6,1,6
SF,IF2005,2020-04-13 13:26:38.600,3724.2000,11371,0,5460673860.000,0,-,-,-,-,3723.6000,3723.4000,3722.8000,3722.2000,3722.0000,3724.2000,3724.4000,3724.8000,3725.0000,3725.2000,1,2,2,1,2,1,1,1,6,1
SF,IF2005,2020-04-13 13:26:40.600,3724.2000,11371,0,5460673860.000,0,-,-,-,-,3723.6000,3723.4000,3722.8000,3722.2000,3722.0000,3724.2000,3724.4000,3724.8000,3725.0000,3725.2000,1,2,2,1,2,1,1,1,5,1
SF,IF2005,2020-04-13 13:26:41.100,3724.2000,11371,0,5460673860.000,0,-,-,-,-,3723.6000,3723.4000,3722.8000,3722.2000,3722.0000,3724.2000,3724.4000,3724.8000,3725.0000,3725.2000,1,2,2,1,2,1,1,1,5,1
SF,IF2005,2020-04-13 13:26:41.600,3724.2000,11371,0,5460673860.000,0,-,-,-,-,3723.6000,3723.4000,3722.8000,3722.2000,3722.0000,3724.2000,3724.4000,3724.8000,3725.0000,3725.2000,1,2,2,1,2,2,1,1,5,1
SF,IF2005,2020-04-13 13:26:42.100,3724.2000,11371,0,5460673860.000,0,-,-,-,-,3723.6000,3723.4000,3722.8000,3722.2000,3722.0000,3724.2000,3724.4000,3724.8000,3725.0000,3725.2000,1,2,2,1,2,1,1,1,5,1
SF,IF2005,2020-04-13 13:26:42.600,3724.2000,11371,0,5460673860.000,0,-,-,-,-,3723.6000,3723.4000,3722.8000,3722.2000,3722.0000,3724.2000,3724.4000,3724.8000,3725.0000,3725.2000,1,2,2,1,2,1,1,1,5,1
SF,IF2005,2020-04-13 13:26:43.100,3724.2000,11371,0,5460673860.000,0,-,-,-,-,3723.6000,3723.4000,3723.0000,3722.8000,3722.2000,3724.2000,3724.4000,3724.8000,3725.0000,3725.2000,1,2,1,2,1,1,1,1,5,1
SF,IF2005,2020-04-13 13:26:43.600,3724.2000,11371,0,5460673860.000,0,-,-,-,-,3723.6000,3723.4000,3723.0000,3722.8000,3722.2000,3724.2000,3724.4000,3724.8000,3725.0000,3725.2000,1,2,1,2,1,2,1,1,5,1
SF,IF2005,2020-04-13 13:26:44.100,3724.2000,11371,0,5460673860.000,0,-,-,-,-,3723.6000,3723.4000,3723.0000,3722.8000,3722.2000,3724.2000,3724.4000,3724.8000,3725.0000,3725.2000,1,2,1,2,1,1,1,1,5,1
SF,IF2005,2020-04-13 13:26:44.600,3724.2000,11371,0,5460673860.000,0,-,-,-,-,3723.6000,3723.4000,3723.0000,3722.8000,3722.2000,3724.2000,3724.4000,3724.8000,3725.0000,3725.2000,1,2,1,2,1,1,1,1,5,1
SF,IF2005,2020-04-13 13:26:45.100,3724.2000,11371,0,5460673860.000,0,-,-,-,-,3723.6000,3723.4000,3723.0000,3722.8000,3722.2000,3724.2000,3724.4000,3724.8000,3725.0000,3725.2000,1,2,1,2,1,1,1,1,5,1
SF,IF2005,2020-04-13 13:26:45.600,3724.2000,11372,1,5461791120.000,1,1,0,双开,B,3723.6000,3723.4000,3723.0000,3722.8000,3722.2000,3724.2000,3724.4000,3724.8000,3725.0000,3725.2000,1,2,1,2,1,1,1,1,5,1
SF,IF2005,2020-04-13 13:26:46.100,3724.2000,11372,0,5461791120.000,0,-,-,-,-,3723.6000,3723.4000,3723.0000,3722.8000,3722.2000,3724.2000,3724.4000,3724.8000,3725.0000,3725.2000,1,2,1,2,1,1,1,1,5,1
SF,IF2005,2020-04-13 13:26:46.600,3724.2000,11373,1,5462908380.000,1,1,0,双开,B,3723.6000,3723.4000,3723.0000,3722.8000,3722.2000,3724.2000,3724.8000,3725.0000,3725.2000,3725.6000,1,2,1,2,1,1,1,5,1,4
SF,IF2005,2020-04-13 13:26:47.100,3724.2000,11373,0,5462908380.000,0,-,-,-,-,3723.6000,3723.4000,3723.0000,3722.8000,3722.2000,3724.8000,3725.0000,3725.2000,3725.6000,3725.8000,1,2,1,2,1,1,5,1,4,3
SF,IF2005,2020-04-13 13:26:47.600,3724.2000,11373,0,5462908380.000,0,-,-,-,-,3723.6000,3723.4000,3723.0000,3722.8000,3722.2000,3724.6000,3724.8000,3725.0000,3725.2000,3725.6000,1,2,1,2,1,2,1,5,1,4
SF,IF2005,2020-04-13 13:26:48.100,3724.2000,11373,0,5462908380.000,0,-,-,-,-,3723.6000,3723.4000,3723.0000,3722.8000,3722.2000,3724.6000,3724.8000,3725.0000,3725.2000,3725.6000,1,2,1,2,1,1,1,5,1,4
SF,IF2005,2020-04-13 13:26:48.600,3724.2000,11373,0,5462908380.000,0,-,-,-,-,3723.8000,3723.6000,3723.0000,3722.8000,3722.2000,3724.4000,3724.8000,3725.0000,3725.6000,3725.8000,2,1,1,2,1,1,1,5,4,3
SF,IF2005,2020-04-13 13:26:49.100,3724.4000,11374,1,5464025700.000,1,1,0,双开,B,3723.8000,3723.6000,3723.0000,3722.8000,3722.2000,3724.4000,3724.8000,3725.0000,3725.6000,3725.8000,2,1,1,2,1,1,1,5,4,3
SF,IF2005,2020-04-13 13:26:49.600,3724.4000,11374,0,5464025700.000,0,-,-,-,-,3724.2000,3723.8000,3723.6000,3723.0000,3722.8000,3724.4000,3725.0000,3725.6000,3725.8000,3726.0000,2,2,1,1,2,1,5,4,3,1
SF,IF2005,2020-04-13 13:26:50.100,3724.4000,11375,1,5465143020.000,1,1,0,双开,B,3724.2000,3723.8000,3723.6000,3723.0000,3722.8000,3724.8000,3725.6000,3725.8000,3726.0000,3726.4000,2,2,1,1,2,1,3,3,1,2
SF,IF2005,2020-04-13 13:26:50.600,3724.4000,11375,0,5465143020.000,0,-,-,-,-,3724.2000,3723.8000,3723.6000,3723.0000,3722.8000,3725.6000,3725.8000,3726.0000,3726.4000,3726.8000,2,2,1,1,2,1,3,1,2,1
SF,IF2005,2020-04-13 13:26:51.100,3724.4000,11375,0,5465143020.000,0,-,-,-,-,3724.4000,3724.2000,3723.8000,3723.0000,3722.8000,3725.2000,3725.4000,3725.6000,3725.8000,3726.0000,1,2,1,1,2,6,4,1,3,1
SF,IF2005,2020-04-13 13:26:51.600,3724.4000,11375,0,5465143020.000,0,-,-,-,-,3724.4000,3724.2000,3723.0000,3722.8000,3722.2000,3725.2000,3725.4000,3725.6000,3725.8000,3726.0000,1,2,1,2,1,2,3,1,2,1
SF,IF2005,2020-04-13 13:26:52.100,3724.4000,11375,0,5465143020.000,0,-,-,-,-,3724.4000,3724.2000,3723.0000,3722.8000,3722.2000,3725.0000,3725.2000,3725.4000,3725.6000,3725.8000,1,2,1,2,1,1,2,3,1,2
SF,IF2005,2020-04-13 13:26:52.600,3724.4000,11375,0,5465143020.000,0,-,-,-,-,3724.4000,3724.2000,3723.0000,3722.8000,3722.2000,3725.0000,3725.2000,3725.4000,3725.6000,3725.8000,1,2,1,2,1,1,1,3,1,2
SF,IF2005,2020-04-13 13:26:53.100,3724.4000,11375,0,5465143020.000,0,-,-,-,-,3724.2000,3723.0000,3722.8000,3722.2000,3722.0000,3725.0000,3725.2000,3725.4000,3725.6000,3725.8000,2,1,2,1,2,1,1,2,1,2
SF,IF2005,2020-04-13 13:26:53.600,3724.4000,11375,0,5465143020.000,0,-,-,-,-,3724.2000,3723.0000,3722.8000,3722.2000,3722.0000,3724.8000,3725.0000,3725.2000,3725.4000,3725.6000,2,1,2,1,2,3,1,1,1,1
SF,IF2005,2020-04-13 13:26:54.100,3724.4000,11375,0,5465143020.000,0,-,-,-,-,3724.2000,3723.0000,3722.8000,3722.2000,3722.0000,3725.2000,3725.4000,3725.6000,3725.8000,3726.0000,2,1,2,1,2,1,1,1,2,1
SF,IF2005,2020-04-13 13:26:54.600,3724.4000,11375,0,5465143020.000,0,-,-,-,-,3724.2000,3723.0000,3722.8000,3722.2000,3722.0000,3725.0000,3725.2000,3725.6000,3725.8000,3726.0000,2,1,2,1,2,3,2,1,2,1
SF,IF2005,2020-04-13 13:26:55.100,3724.4000,11375,0,5465143020.000,0,-,-,-,-,3724.2000,3723.0000,3722.8000,3722.2000,3722.0000,3724.8000,3725.0000,3725.6000,3725.8000,3726.0000,2,1,2,1,2,2,7,1,2,1
SF,IF2005,2020-04-13 13:26:55.600,3724.4000,11375,0,5465143020.000,0,-,-,-,-,3724.2000,3723.2000,3723.0000,3722.8000,3722.2000,3724.6000,3724.8000,3725.0000,3725.6000,3725.8000,2,1,1,2,1,1,2,7,1,2
SF,IF2005,2020-04-13 13:26:56.100,3724.4000,11375,0,5465143020.000,0,-,-,-,-,3724.2000,3723.2000,3723.0000,3722.8000,3722.2000,3724.6000,3724.8000,3725.0000,3725.6000,3725.8000,2,1,1,2,1,1,2,7,1,2
SF,IF2005,2020-04-13 13:26:56.600,3724.4000,11375,0,5465143020.000,0,-,-,-,-,3724.2000,3723.2000,3723.0000,3722.8000,3722.2000,3724.6000,3724.8000,3725.0000,3725.6000,3725.8000,2,1,1,2,1,1,2,7,1,2
SF,IF2005,2020-04-13 13:26:57.100,3724.4000,11377,2,5469612360.000,4,3,1,多开,B,3724.2000,3723.2000,3723.0000,3722.8000,3722.2000,3724.4000,3725.0000,3725.6000,3725.8000,3726.0000,2,1,1,2,1,1,2,1,2,1
SF,IF2005,2020-04-13 13:26:57.600,3724.6000,11378,1,5471847060.000,2,1,1,多开,B,3724.4000,3724.2000,3723.2000,3723.0000,3722.8000,3725.6000,3725.8000,3726.0000,3726.4000,3726.8000,5,2,1,1,2,1,2,1,2,1
SF,IF2005,2020-04-13 13:26:58.100,3724.6000,11378,0,5471847060.000,0,-,-,-,-,3724.8000,3724.4000,3724.2000,3723.2000,3723.0000,3725.2000,3725.4000,3725.6000,3725.8000,3726.0000,3,2,2,1,1,5,1,1,2,1
SF,IF2005,2020-04-13 13:26:58.600,3724.6000,11378,0,5471847060.000,0,-,-,-,-,3724.8000,3724.4000,3724.2000,3723.2000,3723.0000,3725.4000,3725.6000,3725.8000,3726.0000,3726.4000,2,2,2,1,1,1,1,2,1,2
SF,IF2005,2020-04-13 13:26:59.100,3724.6000,11378,0,5471847060.000,0,-,-,-,-,3725.0000,3724.8000,3724.4000,3724.2000,3723.2000,3725.4000,3725.6000,3725.8000,3726.0000,3726.4000,1,2,2,2,1,1,1,2,1,2
SF,IF2005,2020-04-13 13:27:00.100,3725.0000,11379,1,5472964560.000,1,1,0,双开,B,3724.8000,3724.4000,3724.2000,3723.2000,3723.0000,3725.4000,3725.6000,3725.8000,3726.0000,3726.4000,2,2,2,1,1,1,1,2,1,2
SF,IF2005,2020-04-13 13:27:00.600,3724.8000,11380,1,5475199440.000,2,1,1,多开,B,3724.2000,3723.2000,3723.0000,3722.8000,3722.2000,3725.2000,3725.4000,3725.6000,3725.8000,3726.0000,2,1,1,2,1,1,1,1,2,1
SF,IF2005,2020-04-13 13:27:01.100,3724.8000,11380,0,5475199440.000,0,-,-,-,-,3724.2000,3723.2000,3723.0000,3722.8000,3722.2000,3724.8000,3725.0000,3725.6000,3725.8000,3726.0000,2,1,1,2,1,7,2,1,2,1
SF,IF2005,2020-04-13 13:27:01.600,3724.8000,11380,0,5475199440.000,0,-,-,-,-,3724.2000,3723.2000,3723.0000,3722.8000,3722.2000,3724.4000,3724.8000,3725.0000,3725.6000,3725.8000,2,1,1,2,1,1,7,2,1,2
SF,IF2005,2020-04-13 13:27:03.600,3724.8000,11380,0,5475199440.000,0,-,-,-,-,3724.2000,3723.2000,3723.0000,3722.8000,3722.2000,3724.8000,3725.0000,3725.6000,3725.8000,3726.0000,2,1,1,2,1,7,2,1,2,1
SF,IF2005,2020-04-13 13:27:04.100,3724.2000,11382,2,5477433960.000,2,2,0,双开,B,3723.2000,3723.0000,3722.8000,3722.2000,3722.0000,3724.8000,3725.0000,3725.6000,3725.8000,3726.0000,1,1,2,1,2,5,1,1,2,1
SF,IF2005,2020-04-13 13:27:04.600,3724.8000,11384,2,5479668780.000,2,2,0,双开,B,3723.8000,3723.4000,3723.2000,3723.0000,3722.8000,3724.8000,3725.6000,3725.8000,3726.0000,3726.4000,1,1,1,1,2,4,1,2,1,2
SF,IF2005,2020-04-13 13:27:05.100,3724.8000,11384,0,5479668780.000,0,-,-,-,-,3724.0000,3723.8000,3723.4000,3723.2000,3723.0000,3725.6000,3725.8000,3726.0000,3726.4000,3726.8000,1,1,2,1,1,1,2,1,2,1
SF,IF2005,2020-04-13 13:27:05.600,3724.8000,11384,0,5479668780.000,0,-,-,-,-,3724.0000,3723.8000,3723.4000,3723.2000,3723.0000,3724.6000,3725.0000,3725.2000,3725.4000,3725.6000,1,1,2,1,1,6,2,1,3,1
SF,IF2005,2020-04-13 13:27:06.100,3724.8000,11384,0,5480786220.000,1,0,1,空换,B,3724.0000,3723.8000,3723.4000,3723.2000,3723.0000,3724.6000,3725.0000,3725.2000,3725.4000,3725.6000,1,1,2,1,1,5,2,1,2,2
SF,IF2005,2020-04-13 13:27:08.100,3724.8000,11384,0,5480786220.000,0,-,-,-,-,3724.0000,3723.4000,3723.2000,3723.0000,3722.8000,3724.6000,3725.0000,3725.2000,3725.4000,3725.6000,1,2,1,1,1,5,2,1,2,2
SF,IF2005,2020-04-13 13:27:08.600,3724.8000,11384,0,5480786220.000,0,-,-,-,-,3724.0000,3723.4000,3723.2000,3723.0000,3722.8000,3725.0000,3725.2000,3725.4000,3725.6000,3725.8000,1,2,1,1,1,2,1,2,2,1
SF,IF2005,2020-04-13 13:27:09.100,3724.8000,11384,0,5480786220.000,0,-,-,-,-,3724.0000,3723.4000,3723.2000,3723.0000,3722.8000,3724.6000,3724.8000,3725.0000,3725.2000,3725.4000,1,2,1,1,1,5,1,2,1,2
SF,IF2005,2020-04-13 13:27:10.600,3724.0000,11384,0,5481903420.000,1,0,1,空换,B,3723.4000,3723.2000,3723.0000,3722.8000,3722.2000,3724.2000,3724.6000,3724.8000,3725.2000,3725.4000,1,1,1,1,1,2,5,1,1,2
SF,IF2005,2020-04-13 13:27:11.100,3724.0000,11384,0,5481903420.000,0,-,-,-,-,3723.6000,3723.2000,3723.0000,3722.8000,3722.2000,3724.6000,3724.8000,3725.2000,3725.4000,3725.6000,1,1,1,1,1,5,1,1,2,2
SF,IF2005,2020-04-13 13:27:11.600,3724.0000,11384,0,5481903420.000,0,-,-,-,-,3723.6000,3723.2000,3723.0000,3722.8000,3722.2000,3724.4000,3724.6000,3725.2000,3725.4000,3725.6000,1,1,1,1,1,1,5,1,1,2
SF,IF2005,2020-04-13 13:27:12.100,3724.0000,11384,0,5481903420.000,0,-,-,-,-,3723.2000,3723.0000,3722.8000,3722.2000,3722.0000,3724.0000,3724.4000,3724.6000,3725.2000,3725.4000,1,1,1,1,2,5,2,5,1,1
SF,IF2005,2020-04-13 13:27:12.600,3724.0000,11384,0,5481903420.000,0,-,-,-,-,3723.2000,3723.0000,3722.8000,3722.2000,3722.0000,3724.4000,3724.6000,3725.2000,3725.4000,3725.6000,1,1,1,1,2,2,5,1,1,2
SF,IF2005,2020-04-13 13:27:13.600,3724.0000,11384,0,5481903420.000,0,-,-,-,-,3723.4000,3723.2000,3723.0000,3722.8000,3722.2000,3724.4000,3724.6000,3725.2000,3725.4000,3725.6000,1,1,1,1,1,2,5,1,1,2
SF,IF2005,2020-04-13 13:27:14.100,3724.0000,11384,0,5481903420.000,0,-,-,-,-,3723.4000,3723.2000,3723.0000,3722.8000,3722.2000,3724.4000,3724.6000,3725.2000,3725.4000,3725.6000,1,1,1,1,1,3,5,1,1,2
SF,IF2005,2020-04-13 13:27:15.100,3724.0000,11384,0,5481903420.000,0,-,-,-,-,3723.4000,3723.2000,3723.0000,3722.8000,3722.2000,3724.4000,3724.6000,3725.2000,3725.4000,3725.6000,2,1,1,1,1,3,5,1,1,2
SF,IF2005,2020-04-13 13:27:16.100,3724.0000,11384,0,5481903420.000,0,-,-,-,-,3723.8000,3723.4000,3723.2000,3723.0000,3722.8000,3724.4000,3724.6000,3725.2000,3725.4000,3725.6000,2,2,1,1,1,3,5,1,1,2
SF,IF2005,2020-04-13 13:27:24.100,3723.8000,11385,1,5483020560.000,1,1,0,双开,B,3723.8000,3723.4000,3723.2000,3723.0000,3722.8000,3724.4000,3724.6000,3725.2000,3725.4000,3725.6000,1,2,1,1,1,3,5,1,1,2
SF,IF2005,2020-04-13 13:27:26.100,3723.8000,11385,0,5483020560.000,0,-,-,-,-,3723.8000,3723.4000,3723.2000,3723.0000,3722.8000,3724.2000,3724.4000,3724.6000,3725.2000,3725.4000,1,2,1,1,1,1,3,5,1,1
SF,IF2005,2020-04-13 13:27:26.600,3723.8000,11385,0,5483020560.000,0,-,-,-,-,3723.8000,3723.4000,3723.2000,3723.0000,3722.8000,3724.2000,3724.4000,3724.6000,3725.2000,3725.4000,1,2,1,1,1,2,2,5,1,1
SF,IF2005,2020-04-13 13:27:28.100,3723.8000,11385,0,5483020560.000,0,-,-,-,-,3723.8000,3723.4000,3723.2000,3723.0000,3722.8000,3724.2000,3724.4000,3724.6000,3725.2000,3725.4000,1,2,1,1,1,1,2,5,1,1
SF,IF2005,2020-04-13 13:27:31.600,3724.2000,11386,1,5484137820.000,1,1,0,双开,B,3723.8000,3723.4000,3723.2000,3723.0000,3722.8000,3724.4000,3724.6000,3725.2000,3725.4000,3725.6000,1,2,1,1,1,2,5,1,1,2
SF,IF2005,2020-04-13 13:27:32.100,3724.2000,11386,0,5484137820.000,0,-,-,-,-,3723.8000,3723.4000,3723.2000,3723.0000,3722.8000,3724.0000,3724.4000,3724.6000,3725.2000,3725.4000,1,2,1,1,1,4,2,5,1,1
SF,IF2005,2020-04-13 13:27:32.600,3723.8000,11387,1,5485254960.000,1,1,0,双开,B,3723.4000,3723.2000,3723.0000,3722.8000,3722.2000,3724.0000,3724.2000,3724.4000,3724.6000,3725.2000,2,1,1,1,1,4,1,2,5,1
SF,IF2005,2020-04-13 13:27:33.100,3723.8000,11387,0,5485254960.000,0,-,-,-,-,3723.4000,3723.2000,3723.0000,3722.8000,3722.2000,3724.0000,3724.2000,3724.4000,3724.6000,3725.2000,1,1,1,1,1,4,1,2,5,1
SF,IF2005,2020-04-13 13:27:35.600,3723.8000,11387,0,5485254960.000,0,-,-,-,-,3723.4000,3723.2000,3723.0000,3722.2000,3722.0000,3724.0000,3724.2000,3724.4000,3724.6000,3725.2000,1,1,1,1,2,4,1,2,5,1
SF,IF2005,2020-04-13 13:27:36.600,3723.8000,11387,0,5485254960.000,0,-,-,-,-,3723.4000,3723.2000,3723.0000,3722.2000,3722.0000,3723.8000,3724.0000,3724.2000,3724.4000,3724.6000,1,1,1,1,2,1,4,1,2,5
SF,IF2005,2020-04-13 13:27:37.100,3723.4000,11388,1,5486371980.000,1,1,0,双开,B,3723.2000,3723.0000,3722.2000,3722.0000,3721.6000,3723.8000,3724.0000,3724.4000,3724.6000,3725.2000,1,1,1,2,1,2,4,2,5,1
SF,IF2005,2020-04-13 13:27:37.600,3723.2000,11387,-1,5487488940.000,1,0,1,双平,B,3723.0000,3722.2000,3722.0000,3721.6000,3721.4000,3723.8000,3724.0000,3724.4000,3724.6000,3725.2000,1,1,2,1,1,2,4,1,5,1
SF,IF2005,2020-04-13 13:27:38.100,3723.2000,11387,0,5487488940.000,0,-,-,-,-,3723.0000,3722.2000,3722.0000,3721.6000,3721.4000,3723.4000,3723.8000,3724.0000,3724.4000,3724.6000,1,1,2,1,1,5,2,4,1,5
SF,IF2005,2020-04-13 13:27:38.600,3723.2000,11387,0,5487488940.000,0,-,-,-,-,3723.0000,3722.2000,3722.0000,3721.6000,3721.4000,3723.4000,3723.8000,3724.0000,3724.4000,3725.2000,1,1,2,1,1,6,2,4,1,1
SF,IF2005,2020-04-13 13:27:39.100,3723.0000,11387,0,5488605840.000,1,0,1,空换,B,3722.2000,3722.0000,3721.6000,3721.4000,3721.2000,3723.4000,3723.8000,3724.0000,3724.4000,3725.2000,1,2,1,1,1,6,2,4,1,1
SF,IF2005,2020-04-13 13:27:39.600,3723.0000,11387,0,5488605840.000,0,-,-,-,-,3722.4000,3722.2000,3722.0000,3721.6000,3721.4000,3723.4000,3723.8000,3724.0000,3724.4000,3725.2000,3,1,2,1,1,6,2,4,1,1
SF,IF2005,2020-04-13 13:27:41.100,3723.0000,11387,0,5488605840.000,0,-,-,-,-,3722.4000,3722.2000,3722.0000,3721.6000,3721.4000,3723.2000,3723.4000,3723.8000,3724.0000,3724.4000,3,1,2,1,1,1,6,1,4,1
SF,IF2005,2020-04-13 13:27:41.600,3723.2000,11388,1,5489722800.000,1,1,0,双开,B,3722.4000,3722.2000,3722.0000,3721.6000,3721.4000,3723.4000,3723.8000,3724.0000,3724.4000,3725.2000,3,1,2,1,1,6,1,4,1,1
SF,IF2005,2020-04-13 13:27:42.100,3723.2000,11388,0,5489722800.000,0,-,-,-,-,3722.4000,3722.2000,3722.0000,3721.6000,3721.4000,3723.4000,3723.8000,3724.0000,3724.4000,3725.2000,2,1,2,1,1,6,1,4,1,1
SF,IF2005,2020-04-13 13:27:42.600,3722.4000,11389,1,5490839520.000,1,1,0,双开,B,3722.4000,3722.2000,3722.0000,3721.6000,3721.4000,3723.4000,3723.8000,3724.0000,3724.4000,3725.2000,1,1,2,1,1,6,1,4,1,1
SF,IF2005,2020-04-13 13:27:43.100,3722.4000,11389,0,5490839520.000,0,-,-,-,-,3722.4000,3722.2000,3722.0000,3721.6000,3721.4000,3723.4000,3724.0000,3724.4000,3725.2000,3725.4000,2,1,2,1,1,1,4,1,1,1
SF,IF2005,2020-04-13 13:27:44.100,3722.4000,11389,0,5490839520.000,0,-,-,-,-,3722.6000,3722.4000,3722.2000,3722.0000,3721.6000,3723.4000,3724.0000,3724.4000,3725.2000,3725.4000,1,2,1,2,1,1,4,1,1,1
SF,IF2005,2020-04-13 13:27:48.600,3722.4000,11389,0,5490839520.000,0,-,-,-,-,3723.0000,3722.6000,3722.4000,3722.2000,3722.0000,3723.4000,3724.0000,3724.4000,3725.2000,3725.4000,1,1,2,1,2,1,4,1,1,1
SF,IF2005,2020-04-13 13:28:00.600,3722.4000,11390,1,5491956240.000,1,1,0,双开,B,3722.6000,3722.4000,3722.2000,3722.0000,3721.6000,3723.4000,3724.0000,3724.4000,3725.2000,3725.4000,1,2,1,2,1,1,4,1,1,1
SF,IF2005,2020-04-13 13:28:01.100,3723.4000,11390,0,5493073260.000,1,0,1,空换,B,3722.6000,3722.4000,3722.2000,3722.0000,3721.6000,3724.0000,3724.4000,3725.2000,3725.4000,3725.6000,1,2,1,2,1,4,1,1,1,2
SF,IF2005,2020-04-13 13:28:01.600,3723.4000,11390,0,5493073260.000,0,-,-,-,-,3722.8000,3722.6000,3722.4000,3722.2000,3722.0000,3723.8000,3724.0000,3725.2000,3725.4000,3725.6000,1,1,2,1,2,1,4,1,1,2
SF,IF2005,2020-04-13 13:28:02.100,3723.4000,11390,0,5493073260.000,0,-,-,-,-,3722.8000,3722.6000,3722.4000,3722.2000,3722.0000,3723.8000,3724.0000,3725.2000,3725.4000,3725.6000,1,1,2,1,2,1,4,1,1,2
SF,IF2005,2020-04-13 13:28:04.600,3723.4000,11390,0,5493073260.000,0,-,-,-,-,3722.8000,3722.6000,3722.4000,3722.2000,3722.0000,3723.6000,3723.8000,3724.0000,3725.2000,3725.4000,1,1,2,1,2,1,1,4,1,1
SF,IF2005,2020-04-13 13:28:05.100,3723.4000,11390,0,5493073260.000,0,-,-,-,-,3723.4000,3722.6000,3722.4000,3722.2000,3722.0000,3723.6000,3723.8000,3724.0000,3725.2000,3725.4000,2,1,2,1,2,1,1,4,1,1
SF,IF2005,2020-04-13 13:28:05.600,3723.4000,11390,0,5494190280.000,1,0,1,空换,B,3723.4000,3722.6000,3722.4000,3722.2000,3722.0000,3723.6000,3723.8000,3724.0000,3725.2000,3725.4000,1,1,2,1,2,1,1,4,1,1
SF,IF2005,2020-04-13 13:28:06.600,3723.4000,11390,0,5494190280.000,0,-,-,-,-,3723.4000,3722.6000,3722.4000,3722.2000,3722.0000,3723.8000,3724.0000,3725.2000,3725.4000,3725.6000,1,1,2,1,2,1,4,1,1,2
SF,IF2005,2020-04-13 13:28:07.100,3723.4000,11390,0,5495307300.000,1,0,1,空换,B,3722.6000,3722.4000,3722.2000,3722.0000,3721.6000,3723.8000,3724.0000,3725.2000,3725.4000,3725.6000,1,2,1,2,1,1,4,1,1,2
SF,IF2005,2020-04-13 13:28:08.600,3723.4000,11390,0,5495307300.000,0,-,-,-,-,3723.0000,3722.8000,3722.4000,3722.2000,3722.0000,3723.8000,3725.2000,3725.4000,3725.6000,3725.8000,1,2,1,1,2,1,1,1,2,1
SF,IF2005,2020-04-13 13:28:09.100,3723.8000,11391,1,5496424440.000,1,1,0,双开,B,3723.0000,3722.8000,3722.4000,3722.2000,3722.0000,3725.2000,3725.4000,3725.6000,3725.8000,3726.0000,1,4,1,1,2,1,1,2,1,1
SF,IF2005,2020-04-13 13:28:09.600,3723.8000,11391,0,5496424440.000,0,-,-,-,-,3723.8000,3723.4000,3723.2000,3722.8000,3722.4000,3724.6000,3724.8000,3725.0000,3725.2000,3725.4000,1,1,3,3,1,5,2,4,1,1
SF,IF2005,2020-04-13 13:28:10.100,3723.8000,11391,0,5496424440.000,0,-,-,-,-,3723.8000,3723.6000,3723.2000,3722.8000,3722.4000,3724.8000,3725.0000,3725.2000,3725.4000,3725.6000,1,1,3,3,1,2,5,1,1,2
SF,IF2005,2020-04-13 13:28:10.600,3723.8000,11391,0,5496424440.000,0,-,-,-,-,3724.2000,3724.0000,3723.6000,3723.2000,3722.8000,3724.8000,3725.0000,3725.6000,3725.8000,3726.0000,1,1,1,2,3,2,4,2,1,1
SF,IF2005,2020-04-13 13:28:11.100,3723.8000,11391,0,5496424440.000,0,-,-,-,-,3724.2000,3724.0000,3723.6000,3723.2000,3722.8000,3724.8000,3725.0000,3725.6000,3725.8000,3726.0000,1,1,1,2,3,2,4,2,1,1
SF,IF2005,2020-04-13 13:28:11.600,3724.2000,11392,1,5497541700.000,1,1,0,双开,B,3724.0000,3723.6000,3723.2000,3722.8000,3722.4000,3724.8000,3725.0000,3725.6000,3725.8000,3726.0000,1,1,2,3,1,2,4,2,1,1
SF,IF2005,2020-04-13 13:28:12.100,3724.2000,11392,0,5497541700.000,0,-,-,-,-,3723.6000,3723.2000,3722.8000,3722.4000,3722.2000,3724.6000,3724.8000,3725.0000,3725.6000,3725.8000,1,2,3,1,1,3,2,4,2,1
SF,IF2005,2020-04-13 13:28:12.600,3724.2000,11392,0,5497541700.000,0,-,-,-,-,3723.2000,3722.8000,3722.4000,3722.2000,3722.0000,3724.4000,3724.6000,3724.8000,3725.0000,3725.6000,2,3,1,1,2,6,5,2,1,2
SF,IF2005,2020-04-13 13:28:13.100,3724.2000,11392,0,5497541700.000,0,-,-,-,-,3723.4000,3723.2000,3722.8000,3722.4000,3722.2000,3724.4000,3724.6000,3725.0000,3725.6000,3725.8000,1,2,3,1,1,6,5,1,2,1
SF,IF2005,2020-04-13 13:28:14.100,3724.2000,11392,0,5497541700.000,0,-,-,-,-,3723.4000,3723.2000,3723.0000,3722.8000,3722.4000,3724.4000,3724.6000,3725.0000,3725.6000,3725.8000,1,2,1,3,1,6,5,1,2,1
SF,IF2005,2020-04-13 13:28:16.100,3724.2000,11392,0,5497541700.000,0,-,-,-,-,3723.4000,3723.2000,3723.0000,3722.8000,3722.4000,3724.2000,3724.4000,3724.6000,3725.6000,3725.8000,1,2,1,3,1,1,6,5,2,1
SF,IF2005,2020-04-13 13:28:18.600,3724.2000,11392,0,5497541700.000,0,-,-,-,-,3723.4000,3723.0000,3722.8000,3722.4000,3722.2000,3724.2000,3724.4000,3724.6000,3725.6000,3725.8000,1,1,3,1,1,1,6,5,2,1
SF,IF2005,2020-04-13 13:28:19.100,3724.2000,11392,0,5497541700.000,0,-,-,-,-,3723.4000,3723.0000,3722.8000,3722.4000,3722.2000,3724.2000,3724.4000,3724.6000,3725.6000,3725.8000,1,1,2,1,1,1,6,5,2,1
SF,IF2005,2020-04-13 13:28:19.600,3724.2000,11392,0,5497541700.000,0,-,-,-,-,3723.0000,3722.8000,3722.4000,3722.2000,3722.0000,3723.8000,3724.2000,3724.4000,3724.6000,3725.6000,1,2,1,1,2,5,1,6,3,2
SF,IF2005,2020-04-13 13:28:20.100,3724.2000,11392,0,5497541700.000,0,-,-,-,-,3723.0000,3722.8000,3722.4000,3722.2000,3722.0000,3723.8000,3724.0000,3724.2000,3724.4000,3724.6000,1,2,1,1,2,5,3,1,6,3
SF,IF2005,2020-04-13 13:28:20.600,3723.0000,11393,1,5498658600.000,1,1,0,双开,B,3722.8000,3722.4000,3722.2000,3722.0000,3721.6000,3723.4000,3723.6000,3723.8000,3724.0000,3724.2000,1,1,1,2,1,4,1,5,2,1
SF,IF2005,2020-04-13 13:28:21.100,3723.0000,11393,0,5498658600.000,0,-,-,-,-,3722.4000,3722.2000,3722.0000,3721.6000,3721.4000,3723.6000,3723.8000,3724.0000,3724.2000,3724.4000,1,1,2,1,1,1,5,2,1,6
SF,IF2005,2020-04-13 13:28:21.600,3723.0000,11393,0,5498658600.000,0,-,-,-,-,3722.6000,3722.4000,3722.2000,3722.0000,3721.6000,3723.6000,3723.8000,3724.0000,3724.2000,3724.4000,2,1,1,2,1,1,5,2,1,6
SF,IF2005,2020-04-13 13:28:22.100,3723.0000,11393,0,5498658600.000,0,-,-,-,-,3722.6000,3722.4000,3722.2000,3722.0000,3721.6000,3723.6000,3724.0000,3724.2000,3724.4000,3725.6000,4,1,1,2,1,1,2,1,6,2
SF,IF2005,2020-04-13 13:28:22.600,3723.0000,11393,0,5498658600.000,0,-,-,-,-,3722.6000,3722.4000,3722.2000,3722.0000,3721.6000,3723.6000,3724.0000,3724.4000,3725.6000,3725.8000,4,1,1,2,1,1,2,6,2,1
SF,IF2005,2020-04-13 13:28:23.100,3723.0000,11393,0,5498658600.000,0,-,-,-,-,3722.8000,3722.6000,3722.4000,3722.2000,3722.0000,3724.0000,3724.4000,3725.6000,3725.8000,3726.0000,3,4,1,1,2,1,1,2,1,1
SF,IF2005,2020-04-13 13:28:23.600,3723.0000,11393,0,5498658600.000,0,-,-,-,-,3723.0000,3722.8000,3722.6000,3722.4000,3722.2000,3723.8000,3724.0000,3725.6000,3725.8000,3726.0000,1,1,3,1,1,1,1,2,1,1
SF,IF2005,2020-04-13 13:28:24.100,3723.0000,11393,0,5498658600.000,0,-,-,-,-,3723.0000,3722.8000,3722.6000,3722.4000,3722.2000,3723.8000,3724.0000,3725.6000,3725.8000,3726.0000,1,1,3,1,1,1,1,2,1,1
SF,IF2005,2020-04-13 13:28:24.600,3723.0000,11393,0,5498658600.000,0,-,-,-,-,3722.8000,3722.6000,3722.4000,3722.2000,3722.0000,3723.8000,3724.0000,3725.6000,3725.8000,3726.0000,1,3,1,1,2,2,1,2,1,1
SF,IF2005,2020-04-13 13:28:25.100,3723.0000,11393,0,5498658600.000,0,-,-,-,-,3722.8000,3722.6000,3722.4000,3722.2000,3722.0000,3723.8000,3724.0000,3725.6000,3725.8000,3726.0000,1,2,1,1,2,2,1,2,1,1
SF,IF2005,2020-04-13 13:28:25.600,3723.0000,11393,0,5498658600.000,0,-,-,-,-,3722.8000,3722.6000,3722.4000,3722.2000,3722.0000,3723.8000,3724.0000,3725.6000,3725.8000,3726.0000,1,2,1,1,2,1,1,2,1,1
SF,IF2005,2020-04-13 13:28:26.100,3723.0000,11393,0,5498658600.000,0,-,-,-,-,3722.6000,3722.4000,3722.2000,3722.0000,3721.6000,3723.8000,3724.0000,3725.6000,3725.8000,3726.0000,2,1,1,2,1,1,1,2,1,1
SF,IF2005,2020-04-13 13:28:26.600,3723.0000,11393,0,5498658600.000,0,-,-,-,-,3722.8000,3722.6000,3722.4000,3722.2000,3722.0000,3723.8000,3724.0000,3725.6000,3725.8000,3726.0000,1,2,1,1,2,1,1,2,1,1
SF,IF2005,2020-04-13 13:28:27.100,3723.0000,11393,0,5498658600.000,0,-,-,-,-,3722.8000,3722.6000,3722.4000,3722.2000,3722.0000,3723.8000,3724.0000,3725.6000,3725.8000,3726.0000,1,2,1,1,2,1,1,2,1,1
SF,IF2005,2020-04-13 13:28:27.600,3723.0000,11393,0,5498658600.000,0,-,-,-,-,3722.8000,3722.6000,3722.4000,3722.2000,3722.0000,3723.8000,3724.0000,3725.6000,3725.8000,3726.0000,1,2,1,1,2,1,1,2,1,1
SF,IF2005,2020-04-13 13:28:28.100,3723.0000,11393,0,5498658600.000,0,-,-,-,-,3722.8000,3722.6000,3722.4000,3722.2000,3722.0000,3723.8000,3724.0000,3725.6000,3725.8000,3726.0000,1,2,1,1,2,1,1,2,1,1
SF,IF2005,2020-04-13 13:28:28.600,3723.0000,11393,0,5498658600.000,0,-,-,-,-,3722.8000,3722.6000,3722.4000,3722.2000,3722.0000,3723.8000,3724.0000,3725.6000,3725.8000,3726.0000,1,2,1,1,2,1,1,2,1,1
SF,IF2005,2020-04-13 13:28:29.100,3723.0000,11393,0,5498658600.000,0,-,-,-,-,3722.8000,3722.6000,3722.4000,3722.2000,3722.0000,3723.8000,3724.0000,3725.6000,3725.8000,3726.0000,1,2,1,1,2,1,1,2,1,1
SF,IF2005,2020-04-13 13:28:29.600,3723.0000,11393,0,5498658600.000,0,-,-,-,-,3722.8000,3722.6000,3722.4000,3722.2000,3722.0000,3723.8000,3724.0000,3725.6000,3725.8000,3726.0000,1,2,1,1,2,1,1,2,1,1
SF,IF2005,2020-04-13 13:28:30.100,3723.0000,11393,0,5498658600.000,0,-,-,-,-,3722.8000,3722.6000,3722.4000,3722.2000,3722.0000,3723.8000,3724.0000,3725.6000,3725.8000,3726.0000,1,2,1,1,2,1,1,2,1,1
SF,IF2005,2020-04-13 13:28:30.600,3723.0000,11393,0,5498658600.000,0,-,-,-,-,3722.8000,3722.6000,3722.4000,3722.2000,3722.0000,3723.8000,3724.0000,3725.6000,3725.8000,3726.0000,1,2,1,1,2,1,1,2,1,1
SF,IF2005,2020-04-13 13:28:31.100,3723.0000,11393,0,5498658600.000,0,-,-,-,-,3722.8000,3722.6000,3722.4000,3722.2000,3722.0000,3723.8000,3724.0000,3725.6000,3725.8000,3726.0000,1,2,1,1,2,1,1,2,1,1
SF,IF2005,2020-04-13 13:28:31.600,3723.0000,11393,0,5498658600.000,0,-,-,-,-,3722.8000,3722.6000,3722.4000,3722.2000,3722.0000,3723.8000,3724.0000,3725.6000,3725.8000,3726.0000,1,2,1,1,2,2,1,2,1,1
SF,IF2005,2020-04-13 13:28:32.100,3723.8000,11393,0,5500892880.000,2,1,1,空换,B,3722.8000,3722.6000,3722.4000,3722.2000,3722.0000,3724.0000,3725.6000,3725.8000,3726.0000,3726.4000,1,2,1,1,2,1,2,1,1,2
SF,IF2005,2020-04-13 13:28:32.600,3723.8000,11393,0,5500892880.000,0,-,-,-,-,3722.8000,3722.6000,3722.4000,3722.2000,3722.0000,3723.8000,3724.0000,3725.6000,3725.8000,3726.0000,1,2,1,1,2,1,1,2,1,1
SF,IF2005,2020-04-13 13:28:34.100,3723.8000,11393,0,5500892880.000,0,-,-,-,-,3722.8000,3722.6000,3722.4000,3722.2000,3722.0000,3723.8000,3724.0000,3725.6000,3725.8000,3726.0000,1,2,1,1,2,4,1,2,1,1
SF,IF2005,2020-04-13 13:28:34.600,3723.8000,11393,0,5500892880.000,0,-,-,-,-,3723.0000,3722.8000,3722.6000,3722.4000,3722.2000,3723.8000,3724.0000,3725.6000,3725.8000,3726.0000,1,1,2,1,1,4,1,2,1,1
SF,IF2005,2020-04-13 13:28:35.100,3723.8000,11393,0,5500892880.000,0,-,-,-,-,3723.0000,3722.8000,3722.6000,3722.4000,3722.2000,3723.6000,3723.8000,3724.0000,3725.6000,3725.8000,1,1,2,1,1,3,1,1,2,1
SF,IF2005,2020-04-13 13:28:35.600,3723.8000,11393,0,5500892880.000,0,-,-,-,-,3723.0000,3722.8000,3722.6000,3722.4000,3722.2000,3723.8000,3724.0000,3725.6000,3725.8000,3726.0000,1,1,2,1,1,1,1,2,1,1
SF,IF2005,2020-04-13 13:28:36.100,3723.8000,11393,0,5500892880.000,0,-,-,-,-,3723.0000,3722.8000,3722.6000,3722.4000,3722.2000,3723.8000,3724.0000,3725.6000,3725.8000,3726.0000,1,1,2,1,1,4,1,2,1,1
SF,IF2005,2020-04-13 13:28:36.600,3723.8000,11393,0,5500892880.000,0,-,-,-,-,3723.0000,3722.8000,3722.6000,3722.4000,3722.2000,3723.6000,3723.8000,3724.0000,3725.6000,3725.8000,1,1,2,1,1,3,1,1,2,1
SF,IF2005,2020-04-13 13:28:37.600,3723.8000,11393,0,5500892880.000,0,-,-,-,-,3723.0000,3722.8000,3722.6000,3722.4000,3722.2000,3723.4000,3723.8000,3724.0000,3725.6000,3725.8000,1,1,2,1,1,3,1,1,2,1
SF,IF2005,2020-04-13 13:28:38.100,3723.8000,11393,0,5500892880.000,0,-,-,-,-,3722.8000,3722.6000,3722.4000,3722.2000,3722.0000,3723.4000,3723.8000,3724.0000,3725.6000,3725.8000,1,2,1,1,2,3,1,1,2,1
SF,IF2005,2020-04-13 13:28:39.100,3723.8000,11393,0,5500892880.000,0,-,-,-,-,3722.8000,3722.6000,3722.4000,3722.2000,3722.0000,3723.8000,3724.0000,3725.6000,3725.8000,3726.0000,1,2,1,1,2,1,1,2,1,1
SF,IF2005,2020-04-13 13:28:39.600,3723.8000,11393,0,5500892880.000,0,-,-,-,-,3723.4000,3723.0000,3722.8000,3722.6000,3722.4000,3723.6000,3723.8000,3724.0000,3725.6000,3725.8000,2,1,1,2,1,3,1,1,2,1
SF,IF2005,2020-04-13 13:28:40.600,3723.8000,11394,1,5502010020.000,1,1,0,双开,B,3723.6000,3723.0000,3722.8000,3722.6000,3722.4000,3724.0000,3725.6000,3725.8000,3726.0000,3726.4000,1,1,1,1,1,1,2,1,1,2
SF,IF2005,2020-04-13 13:28:41.100,3723.8000,11394,0,5502010020.000,0,-,-,-,-,3723.6000,3723.0000,3722.8000,3722.6000,3722.4000,3723.8000,3724.0000,3725.6000,3725.8000,3726.0000,1,1,2,1,1,3,1,2,1,1
SF,IF2005,2020-04-13 13:28:42.100,3723.8000,11395,1,5503127160.000,1,1,0,双开,B,3723.6000,3723.0000,3722.8000,3722.6000,3722.4000,3723.8000,3724.0000,3725.6000,3725.8000,3726.0000,1,1,2,1,1,2,1,2,1,1
SF,IF2005,2020-04-13 13:28:43.100,3723.8000,11395,0,5503127160.000,0,-,-,-,-,3723.6000,3723.0000,3722.8000,3722.6000,3722.4000,3724.0000,3725.6000,3725.8000,3726.0000,3726.4000,1,1,2,1,1,1,2,1,1,2
SF,IF2005,2020-04-13 13:28:43.600,3723.8000,11395,0,5503127160.000,0,-,-,-,-,3723.6000,3723.0000,3722.8000,3722.6000,3722.4000,3724.0000,3725.6000,3725.8000,3726.0000,3726.4000,1,1,2,1,1,3,2,1,1,2
SF,IF2005,2020-04-13 13:28:44.100,3723.6000,11395,0,5504244240.000,1,0,1,空换,B,3722.8000,3722.6000,3722.4000,3722.2000,3722.0000,3723.4000,3723.6000,3723.8000,3724.0000,3725.6000,2,1,1,1,2,5,2,2,3,2
SF,IF2005,2020-04-13 13:28:44.600,3723.6000,11395,0,5504244240.000,0,-,-,-,-,3722.8000,3722.6000,3722.4000,3722.2000,3722.0000,3723.4000,3723.6000,3723.8000,3724.0000,3725.6000,2,1,1,1,2,5,3,2,3,2
SF,IF2005,2020-04-13 13:28:45.100,3723.6000,11395,0,5504244240.000,0,-,-,-,-,3722.8000,3722.6000,3722.4000,3722.2000,3722.0000,3723.6000,3723.8000,3724.0000,3725.6000,3725.8000,2,1,1,1,2,3,1,3,2,1
SF,IF2005,2020-04-13 13:28:46.100,3723.6000,11395,0,5504244240.000,0,-,-,-,-,3723.0000,3722.8000,3722.6000,3722.4000,3722.2000,3723.6000,3724.0000,3725.6000,3725.8000,3726.0000,1,2,1,1,1,3,3,2,1,1
SF,IF2005,2020-04-13 13:28:47.100,3722.8000,11397,2,5506477980.000,2,2,0,双开,B,3722.8000,3722.6000,3722.4000,3722.2000,3722.0000,3723.6000,3724.0000,3725.6000,3725.8000,3726.0000,1,1,1,1,2,1,3,2,1,1
SF,IF2005,2020-04-13 13:28:47.600,3722.8000,11397,0,5506477980.000,0,-,-,-,-,3722.8000,3722.6000,3722.4000,3722.2000,3722.0000,3723.6000,3724.0000,3725.6000,3725.8000,3726.0000,1,1,1,1,2,1,3,2,1,1
SF,IF2005,2020-04-13 13:28:48.100,3722.8000,11397,0,5506477980.000,0,-,-,-,-,3723.0000,3722.8000,3722.6000,3722.4000,3722.2000,3723.6000,3724.0000,3725.6000,3725.8000,3726.0000,1,1,1,1,1,1,3,2,1,1
SF,IF2005,2020-04-13 13:28:49.100,3722.8000,11397,0,5506477980.000,0,-,-,-,-,3723.0000,3722.8000,3722.6000,3722.4000,3722.2000,3724.0000,3725.6000,3725.8000,3726.0000,3726.4000,1,1,1,1,1,3,2,1,1,2
SF,IF2005,2020-04-13 13:28:49.600,3722.8000,11397,0,5506477980.000,0,-,-,-,-,3723.0000,3722.8000,3722.6000,3722.4000,3722.2000,3723.8000,3724.0000,3725.6000,3725.8000,3726.0000,1,1,1,1,1,2,1,2,1,1
SF,IF2005,2020-04-13 13:28:52.600,3722.8000,11397,0,5506477980.000,0,-,-,-,-,3723.0000,3722.8000,3722.6000,3722.4000,3722.2000,3723.8000,3724.0000,3725.6000,3725.8000,3726.0000,1,1,1,1,1,2,1,2,1,1
SF,IF2005,2020-04-13 13:28:53.100,3722.8000,11397,0,5506477980.000,0,-,-,-,-,3722.8000,3722.6000,3722.4000,3722.2000,3722.0000,3723.4000,3723.6000,3724.0000,3725.6000,3725.8000,1,1,1,1,2,2,5,1,2,1
SF,IF2005,2020-04-13 13:28:53.600,3722.8000,11397,0,5506477980.000,0,-,-,-,-,3722.8000,3722.6000,3722.4000,3722.2000,3722.0000,3723.6000,3724.0000,3725.6000,3725.8000,3726.0000,1,1,1,1,2,6,1,2,1,1
SF,IF2005,2020-04-13 13:28:54.100,3722.8000,11397,0,5506477980.000,0,-,-,-,-,3722.8000,3722.4000,3722.2000,3722.0000,3721.8000,3723.2000,3723.4000,3723.6000,3725.6000,3725.8000,1,1,1,2,1,5,2,3,2,1
SF,IF2005,2020-04-13 13:28:55.100,3722.8000,11398,1,5507594820.000,1,1,0,双开,B,3722.4000,3722.2000,3722.0000,3721.8000,3721.6000,3722.8000,3723.2000,3723.4000,3723.6000,3725.6000,1,1,2,1,1,1,5,2,3,2
SF,IF2005,2020-04-13 13:28:55.600,3722.8000,11399,1,5508711660.000,1,1,0,双开,B,3722.4000,3722.2000,3722.0000,3721.8000,3721.6000,3723.2000,3723.4000,3723.6000,3725.6000,3725.8000,1,1,2,1,1,5,2,2,2,1
SF,IF2005,2020-04-13 13:28:56.600,3722.8000,11399,0,5508711660.000,0,-,-,-,-,3722.4000,3722.2000,3722.0000,3721.8000,3721.6000,3723.4000,3723.6000,3725.6000,3725.8000,3726.0000,1,1,2,1,1,2,2,2,1,1
SF,IF2005,2020-04-13 13:28:57.100,3722.8000,11399,0,5508711660.000,0,-,-,-,-,3722.6000,3722.4000,3722.2000,3722.0000,3721.8000,3723.2000,3723.6000,3725.6000,3725.8000,3726.0000,2,1,1,2,1,2,2,2,1,1
SF,IF2005,2020-04-13 13:28:57.600,3722.8000,11399,0,5508711660.000,0,-,-,-,-,3722.6000,3722.4000,3722.2000,3722.0000,3721.8000,3723.2000,3723.6000,3725.6000,3725.8000,3726.0000,2,1,1,2,1,3,2,2,1,1
SF,IF2005,2020-04-13 13:28:58.100,3722.8000,11399,0,5508711660.000,0,-,-,-,-,3722.6000,3722.4000,3722.2000,3722.0000,3721.8000,3723.6000,3725.6000,3725.8000,3726.0000,3726.4000,2,1,1,2,1,2,2,1,1,2
SF,IF2005,2020-04-13 13:28:58.600,3722.8000,11399,0,5508711660.000,0,-,-,-,-,3722.6000,3722.4000,3722.2000,3722.0000,3721.8000,3723.4000,3723.6000,3725.6000,3725.8000,3726.0000,2,1,1,2,1,2,2,2,1,1
SF,IF2005,2020-04-13 13:28:59.600,3722.8000,11399,0,5508711660.000,0,-,-,-,-,3722.6000,3722.4000,3722.2000,3722.0000,3721.8000,3723.6000,3725.6000,3725.8000,3726.0000,3726.4000,2,1,1,2,1,2,2,1,1,2
SF,IF2005,2020-04-13 13:29:00.100,3722.8000,11399,0,5508711660.000,0,-,-,-,-,3722.6000,3722.4000,3722.2000,3722.0000,3721.8000,3723.4000,3723.6000,3725.6000,3725.8000,3726.0000,2,1,1,2,1,1,4,2,1,1
SF,IF2005,2020-04-13 13:29:00.600,3722.8000,11399,0,5508711660.000,0,-,-,-,-,3722.6000,3722.4000,3722.2000,3722.0000,3721.8000,3723.4000,3723.6000,3725.6000,3725.8000,3726.0000,2,1,1,2,1,3,2,2,1,1
SF,IF2005,2020-04-13 13:29:01.100,3722.8000,11399,0,5508711660.000,0,-,-,-,-,3722.6000,3722.4000,3722.2000,3722.0000,3721.8000,3723.4000,3723.6000,3725.6000,3725.8000,3726.0000,2,1,1,2,1,1,2,2,1,1
SF,IF2005,2020-04-13 13:29:02.100,3722.8000,11399,0,5508711660.000,0,-,-,-,-,3722.6000,3722.4000,3722.2000,3722.0000,3721.8000,3723.4000,3723.6000,3725.6000,3725.8000,3726.0000,2,1,1,2,1,4,2,2,1,1
SF,IF2005,2020-04-13 13:29:03.600,3722.8000,11399,0,5508711660.000,0,-,-,-,-,3722.6000,3722.4000,3722.2000,3722.0000,3721.8000,3723.2000,3723.4000,3723.6000,3725.6000,3725.8000,2,1,1,2,1,1,4,2,2,1
SF,IF2005,2020-04-13 13:29:04.100,3722.8000,11399,0,5508711660.000,0,-,-,-,-,3722.4000,3722.2000,3722.0000,3721.8000,3721.6000,3723.2000,3723.4000,3723.6000,3725.6000,3725.8000,1,1,2,1,1,1,4,2,2,1
SF,IF2005,2020-04-13 13:29:05.100,3722.8000,11399,0,5508711660.000,0,-,-,-,-,3722.8000,3722.4000,3722.2000,3722.0000,3721.8000,3723.2000,3723.4000,3723.6000,3725.6000,3725.8000,2,1,1,2,1,1,4,2,2,1
SF,IF2005,2020-04-13 13:29:06.100,3722.8000,11399,0,5508711660.000,0,-,-,-,-,3722.8000,3722.4000,3722.2000,3722.0000,3721.8000,3723.2000,3723.4000,3723.6000,3725.6000,3725.8000,2,1,1,2,1,1,4,2,2,1
SF,IF2005,2020-04-13 13:29:06.600,3723.2000,11400,1,5509828620.000,1,1,0,双开,B,3722.8000,3722.4000,3722.2000,3722.0000,3721.8000,3723.4000,3723.6000,3725.6000,3725.8000,3726.0000,2,1,1,2,1,4,2,2,1,1
SF,IF2005,2020-04-13 13:29:07.600,3723.2000,11400,0,5509828620.000,0,-,-,-,-,3722.8000,3722.4000,3722.2000,3722.0000,3721.8000,3723.6000,3725.6000,3725.8000,3726.0000,3726.4000,2,1,1,2,1,2,2,1,1,2
SF,IF2005,2020-04-13 13:29:08.100,3723.2000,11400,0,5509828620.000,0,-,-,-,-,3722.8000,3722.4000,3722.2000,3722.0000,3721.8000,3723.6000,3725.6000,3725.8000,3726.0000,3726.4000,2,1,1,2,1,2,2,1,1,2
SF,IF2005,2020-04-13 13:29:08.600,3723.2000,11400,0,5509828620.000,0,-,-,-,-,3722.8000,3722.4000,3722.2000,3722.0000,3721.8000,3723.6000,3725.6000,3725.8000,3726.0000,3726.4000,2,1,1,2,1,3,2,1,1,2
SF,IF2005,2020-04-13 13:29:10.100,3723.2000,11400,0,5509828620.000,0,-,-,-,-,3722.4000,3722.2000,3722.0000,3721.8000,3721.6000,3725.6000,3725.8000,3726.0000,3726.4000,3726.8000,1,1,2,1,1,2,1,1,2,1
SF,IF2005,2020-04-13 13:29:10.600,3723.2000,11400,0,5509828620.000,0,-,-,-,-,3723.2000,3722.8000,3722.6000,3722.4000,3722.2000,3723.4000,3723.6000,3724.0000,3724.4000,3724.6000,2,2,3,1,1,2,5,1,5,1
SF,IF2005,2020-04-13 13:29:11.100,3723.2000,11400,0,5509828620.000,0,-,-,-,-,3723.2000,3722.8000,3722.6000,3722.4000,3722.2000,3723.6000,3724.0000,3724.4000,3724.6000,3724.8000,2,1,3,1,1,5,1,1,1,2
SF,IF2005,2020-04-13 13:29:11.600,3723.2000,11400,0,5509828620.000,0,-,-,-,-,3723.2000,3722.8000,3722.6000,3722.4000,3722.2000,3723.4000,3723.6000,3724.0000,3724.4000,3724.6000,2,1,3,1,1,2,5,1,1,1
SF,IF2005,2020-04-13 13:29:12.100,3723.2000,11400,0,5509828620.000,0,-,-,-,-,3723.2000,3722.8000,3722.6000,3722.4000,3722.2000,3723.4000,3723.6000,3724.0000,3724.4000,3724.6000,2,1,3,1,1,3,5,1,1,1
SF,IF2005,2020-04-13 13:29:12.600,3723.2000,11401,1,5510945580.000,1,1,0,双开,B,3723.2000,3722.8000,3722.6000,3722.4000,3722.2000,3723.4000,3724.0000,3724.4000,3724.6000,3724.8000,1,1,3,1,1,3,1,1,1,2
SF,IF2005,2020-04-13 13:29:15.100,3723.4000,11402,1,5512062600.000,1,1,0,双开,B,3723.2000,3722.8000,3722.6000,3722.4000,3722.2000,3723.4000,3724.0000,3724.4000,3724.6000,3724.8000,1,1,3,1,1,2,1,1,1,2
SF,IF2005,2020-04-13 13:29:15.600,3723.4000,11402,0,5512062600.000,0,-,-,-,-,3722.8000,3722.6000,3722.4000,3722.2000,3722.0000,3723.4000,3724.0000,3724.4000,3724.6000,3724.8000,1,3,1,1,2,2,1,1,1,2
SF,IF2005,2020-04-13 13:29:16.100,3723.4000,11403,1,5513179620.000,1,1,0,双开,B,3722.6000,3722.4000,3722.2000,3722.0000,3721.8000,3724.0000,3724.4000,3724.6000,3724.8000,3725.0000,3,1,1,2,1,1,1,1,2,4
SF,IF2005,2020-04-13 13:29:16.600,3723.4000,11403,0,5513179620.000,0,-,-,-,-,3722.8000,3722.6000,3722.4000,3722.2000,3722.0000,3723.6000,3723.8000,3724.0000,3724.4000,3724.6000,2,3,1,1,2,1,2,1,1,1
SF,IF2005,2020-04-13 13:29:17.100,3723.4000,11403,0,5513179620.000,0,-,-,-,-,3722.8000,3722.6000,3722.4000,3722.2000,3722.0000,3723.6000,3723.8000,3724.0000,3724.4000,3724.8000,3,3,1,1,2,1,2,1,1,2
SF,IF2005,2020-04-13 13:29:19.100,3723.4000,11403,0,5513179620.000,0,-,-,-,-,3722.6000,3722.4000,3722.2000,3722.0000,3721.8000,3723.8000,3724.0000,3724.4000,3724.8000,3725.0000,3,1,1,2,1,2,1,1,2,4
SF,IF2005,2020-04-13 13:29:19.600,3723.4000,11403,0,5513179620.000,0,-,-,-,-,3722.6000,3722.4000,3722.2000,3722.0000,3721.8000,3723.4000,3723.6000,3723.8000,3724.4000,3724.8000,3,1,1,2,1,7,1,2,1,2
SF,IF2005,2020-04-13 13:29:20.100,3723.4000,11403,0,5513179620.000,0,-,-,-,-,3722.4000,3722.2000,3722.0000,3721.8000,3721.6000,3723.4000,3723.6000,3723.8000,3724.4000,3724.8000,1,1,2,1,1,7,1,2,1,2
SF,IF2005,2020-04-13 13:29:20.600,3723.4000,11403,0,5513179620.000,0,-,-,-,-,3722.4000,3722.2000,3722.0000,3721.8000,3721.6000,3723.2000,3723.4000,3723.6000,3724.4000,3724.8000,1,1,2,1,1,2,8,1,1,2
SF,IF2005,2020-04-13 13:29:21.600,3723.4000,11403,0,5513179620.000,0,-,-,-,-,3722.4000,3722.2000,3722.0000,3721.8000,3721.6000,3723.2000,3723.4000,3723.6000,3724.4000,3724.8000,1,1,2,1,1,3,6,1,1,2
SF,IF2005,2020-04-13 13:29:22.100,3723.4000,11403,0,5513179620.000,0,-,-,-,-,3722.4000,3722.2000,3722.0000,3721.8000,3721.6000,3723.2000,3723.4000,3723.6000,3724.4000,3724.8000,1,1,2,1,1,2,6,1,1,2
SF,IF2005,2020-04-13 13:29:22.600,3723.4000,11403,0,5513179620.000,0,-,-,-,-,3722.4000,3722.2000,3722.0000,3721.8000,3721.6000,3723.2000,3723.4000,3723.6000,3724.4000,3724.8000,1,1,2,1,1,3,6,1,1,2
SF,IF2005,2020-04-13 13:29:23.100,3723.4000,11403,0,5513179620.000,0,-,-,-,-,3722.4000,3722.2000,3722.0000,3721.8000,3721.6000,3723.0000,3723.2000,3723.4000,3723.6000,3724.4000,1,1,2,1,1,2,2,6,1,1
SF,IF2005,2020-04-13 13:29:24.100,3723.4000,11403,0,5513179620.000,0,-,-,-,-,3722.4000,3722.2000,3722.0000,3721.8000,3721.6000,3723.0000,3723.2000,3723.4000,3723.6000,3724.4000,2,1,2,1,1,2,2,6,1,1
SF,IF2005,2020-04-13 13:29:25.100,3722.4000,11404,1,5514296340.000,1,1,0,双开,B,3722.4000,3722.2000,3722.0000,3721.8000,3721.6000,3723.0000,3723.2000,3723.4000,3723.6000,3724.4000,1,1,2,1,1,2,2,6,1,1
SF,IF2005,2020-04-13 13:29:25.600,3722.4000,11404,0,5514296340.000,0,-,-,-,-,3722.4000,3722.2000,3722.0000,3721.8000,3721.6000,3723.0000,3723.2000,3723.4000,3723.6000,3724.4000,1,1,2,1,1,2,2,1,1,1
SF,IF2005,2020-04-13 13:29:28.600,3723.0000,11404,0,5516530140.000,2,1,1,空换,B,3722.4000,3722.2000,3722.0000,3721.8000,3721.6000,3723.2000,3723.4000,3723.6000,3724.4000,3724.8000,1,1,2,1,1,2,1,1,1,2
SF,IF2005,2020-04-13 13:29:29.100,3723.0000,11404,0,5516530140.000,0,-,-,-,-,3723.0000,3722.6000,3722.4000,3722.2000,3722.0000,3723.4000,3723.6000,3724.4000,3724.8000,3725.0000,1,3,1,1,2,1,1,1,2,4
SF,IF2005,2020-04-13 13:29:30.100,3723.4000,11405,1,5517647160.000,1,1,0,双开,B,3722.6000,3722.4000,3722.2000,3722.0000,3721.8000,3723.6000,3724.4000,3724.8000,3725.0000,3725.2000,3,1,1,2,1,1,1,2,4,1
SF,IF2005,2020-04-13 13:29:30.600,3723.4000,11405,0,5517647160.000,0,-,-,-,-,3722.6000,3722.4000,3722.2000,3722.0000,3721.8000,3723.4000,3723.6000,3724.4000,3724.8000,3725.0000,3,1,1,2,1,2,1,1,2,4
SF,IF2005,2020-04-13 13:29:31.100,3723.4000,11405,0,5517647160.000,0,-,-,-,-,3722.6000,3722.4000,3722.2000,3722.0000,3721.8000,3723.4000,3723.6000,3724.4000,3724.8000,3725.0000,2,1,1,2,1,2,1,1,2,4
SF,IF2005,2020-04-13 13:29:35.600,3723.4000,11405,0,5517647160.000,0,-,-,-,-,3722.6000,3722.4000,3722.2000,3722.0000,3721.8000,3723.2000,3723.4000,3723.6000,3724.4000,3724.8000,2,1,1,2,1,1,2,1,1,2
SF,IF2005,2020-04-13 13:29:37.100,3723.4000,11405,0,5517647160.000,0,-,-,-,-,3722.6000,3722.4000,3722.2000,3722.0000,3721.8000,3723.4000,3723.6000,3724.4000,3724.8000,3725.0000,2,1,1,2,1,2,1,1,2,4
SF,IF2005,2020-04-13 13:29:38.100,3723.4000,11405,0,5517647160.000,0,-,-,-,-,3722.6000,3722.4000,3722.2000,3722.0000,3721.8000,3723.4000,3723.6000,3724.4000,3724.8000,3725.0000,2,1,1,2,1,3,1,1,2,4
SF,IF2005,2020-04-13 13:29:41.100,3723.4000,11405,0,5517647160.000,0,-,-,-,-,3722.6000,3722.4000,3722.2000,3722.0000,3721.8000,3723.2000,3723.4000,3723.6000,3724.4000,3724.8000,2,1,1,2,1,1,2,1,1,2
SF,IF2005,2020-04-13 13:29:52.100,3723.4000,11405,0,5517647160.000,0,-,-,-,-,3722.6000,3722.4000,3722.2000,3722.0000,3721.8000,3723.4000,3723.6000,3724.4000,3724.8000,3725.0000,2,1,1,2,1,2,1,1,2,4
SF,IF2005,2020-04-13 13:29:52.600,3723.4000,11405,0,5517647160.000,0,-,-,-,-,3722.4000,3722.2000,3722.0000,3721.8000,3721.6000,3723.0000,3723.4000,3723.6000,3724.4000,3724.8000,1,1,2,1,1,4,2,1,1,2
SF,IF2005,2020-04-13 13:29:53.100,3723.4000,11405,0,5517647160.000,0,-,-,-,-,3722.2000,3722.0000,3721.8000,3721.6000,3721.4000,3723.0000,3723.4000,3723.6000,3724.4000,3724.8000,1,2,1,1,1,4,2,1,1,2
SF,IF2005,2020-04-13 13:29:53.600,3723.4000,11405,0,5517647160.000,0,-,-,-,-,3722.2000,3722.0000,3721.8000,3721.6000,3721.4000,3723.0000,3723.4000,3724.4000,3724.8000,3725.0000,1,2,1,1,1,4,2,1,2,4
SF,IF2005,2020-04-13 13:29:57.100,3723.4000,11405,0,5517647160.000,0,-,-,-,-,3722.2000,3722.0000,3721.8000,3721.6000,3721.4000,3723.0000,3723.4000,3724.4000,3724.8000,3725.0000,1,2,1,1,1,4,2,1,2,4
SF,IF2005,2020-04-13 13:29:57.600,3723.4000,11405,0,5517647160.000,0,-,-,-,-,3722.4000,3722.2000,3722.0000,3721.8000,3721.6000,3723.0000,3723.4000,3724.4000,3724.8000,3725.0000,1,1,2,1,1,1,2,1,2,4
SF,IF2005,2020-04-13 13:29:58.100,3723.4000,11405,0,5517647160.000,0,-,-,-,-,3722.4000,3722.2000,3722.0000,3721.8000,3721.6000,3723.4000,3724.4000,3724.8000,3725.0000,3725.2000,1,1,2,1,1,2,1,2,4,1
SF,IF2005,2020-04-13 13:29:58.600,3723.4000,11405,0,5517647160.000,0,-,-,-,-,3722.4000,3722.2000,3722.0000,3721.8000,3721.6000,3723.4000,3724.4000,3724.8000,3725.0000,3725.2000,1,1,2,1,1,3,1,2,4,1
SF,IF2005,2020-04-13 13:29:59.600,3723.4000,11405,0,5517647160.000,0,-,-,-,-,3722.4000,3722.2000,3722.0000,3721.8000,3721.6000,3723.4000,3724.4000,3724.8000,3725.0000,3725.2000,1,1,2,1,1,3,1,2,4,1
SF,IF2005,2020-04-13 13:30:00.600,3722.4000,11406,1,5518763880.000,1,1,0,双开,B,3722.2000,3722.0000,3721.8000,3721.6000,3721.4000,3723.4000,3724.4000,3724.8000,3725.0000,3725.2000,1,2,1,1,1,3,1,2,4,1
SF,IF2005,2020-04-13 13:30:01.100,3722.4000,11406,0,5518763880.000,0,-,-,-,-,3722.2000,3722.0000,3721.8000,3721.6000,3721.4000,3723.0000,3723.4000,3724.4000,3724.8000,3725.0000,1,2,1,1,1,5,3,1,2,4
SF,IF2005,2020-04-13 13:30:01.600,3722.4000,11406,0,5518763880.000,0,-,-,-,-,3722.2000,3722.0000,3721.8000,3721.6000,3721.4000,3723.2000,3723.4000,3724.4000,3724.8000,3725.0000,1,2,1,1,1,1,2,1,2,4
SF,IF2005,2020-04-13 13:30:02.100,3722.4000,11406,0,5518763880.000,0,-,-,-,-,3722.2000,3722.0000,3721.8000,3721.6000,3721.4000,3723.0000,3723.2000,3724.4000,3724.8000,3725.0000,1,2,1,1,1,3,2,1,2,4
SF,IF2005,2020-04-13 13:30:02.600,3722.4000,11406,0,5518763880.000,0,-,-,-,-,3722.2000,3722.0000,3721.8000,3721.6000,3721.4000,3723.0000,3723.2000,3724.4000,3724.8000,3725.0000,1,2,1,1,1,3,2,1,2,4
SF,IF2005,2020-04-13 13:30:03.100,3722.4000,11406,0,5518763880.000,0,-,-,-,-,3722.2000,3722.0000,3721.8000,3721.6000,3721.4000,3722.6000,3722.8000,3723.0000,3723.2000,3724.4000,1,2,1,1,1,4,1,3,1,1
SF,IF2005,2020-04-13 13:30:04.100,3722.4000,11406,0,5518763880.000,0,-,-,-,-,3722.2000,3722.0000,3721.8000,3721.6000,3721.4000,3722.6000,3722.8000,3723.0000,3723.2000,3724.4000,1,2,1,1,1,5,1,2,2,1
SF,IF2005,2020-04-13 13:30:04.600,3722.4000,11406,0,5518763880.000,0,-,-,-,-,3722.2000,3722.0000,3721.8000,3721.6000,3721.4000,3722.6000,3722.8000,3723.0000,3723.2000,3724.4000,1,2,1,1,1,4,1,2,1,1
SF,IF2005,2020-04-13 13:30:05.100,3722.4000,11406,0,5518763880.000,0,-,-,-,-,3722.4000,3722.2000,3722.0000,3721.8000,3721.6000,3722.6000,3722.8000,3723.0000,3723.2000,3724.4000,2,1,2,1,1,4,1,2,1,1
SF,IF2005,2020-04-13 13:30:05.600,3722.2000,11408,2,5522113980.000,3,2,1,多开,B,3722.0000,3721.8000,3721.6000,3721.4000,3721.2000,3722.4000,3722.6000,3723.0000,3723.2000,3724.4000,2,1,1,1,1,2,4,2,1,1
SF,IF2005,2020-04-13 13:30:06.100,3722.0000,11407,-1,5523230580.000,1,0,1,双平,B,3722.0000,3721.8000,3721.6000,3721.4000,3721.2000,3722.4000,3722.6000,3723.0000,3723.2000,3724.4000,1,1,1,1,1,3,4,2,1,1
SF,IF2005,2020-04-13 13:30:06.600,3722.0000,11407,0,5523230580.000,0,-,-,-,-,3722.0000,3721.8000,3721.6000,3721.4000,3721.2000,3722.4000,3722.6000,3723.0000,3723.2000,3724.4000,1,1,1,1,1,2,4,2,1,1
SF,IF2005,2020-04-13 13:30:07.100,3722.0000,11407,0,5523230580.000,0,-,-,-,-,3722.0000,3721.8000,3721.6000,3721.4000,3721.2000,3722.4000,3722.6000,3723.0000,3723.2000,3724.4000,1,1,1,1,1,2,4,2,1,1
SF,IF2005,2020-04-13 13:30:07.600,3722.0000,11407,0,5523230580.000,0,-,-,-,-,3722.0000,3721.8000,3721.6000,3721.4000,3721.2000,3722.4000,3722.6000,3723.0000,3723.2000,3724.4000,1,1,1,1,1,2,4,2,1,1
SF,IF2005,2020-04-13 13:30:08.100,3721.8000,11407,0,5525463720.000,2,1,1,空换,B,3721.6000,3721.4000,3721.2000,3721.0000,3720.8000,3721.8000,3722.4000,3722.6000,3723.0000,3723.2000,1,1,1,2,2,2,2,4,2,1
SF,IF2005,2020-04-13 13:30:08.600,3721.6000,11408,1,5526580200.000,1,1,0,双开,B,3721.4000,3721.2000,3721.0000,3720.8000,3720.2000,3721.8000,3722.0000,3722.6000,3723.0000,3723.2000,1,1,2,2,6,1,1,4,2,1
SF,IF2005,2020-04-13 13:30:09.100,3721.6000,11408,0,5526580200.000,0,-,-,-,-,3721.4000,3721.2000,3721.0000,3720.8000,3720.2000,3721.8000,3722.0000,3722.6000,3723.0000,3723.2000,1,1,2,2,6,1,1,4,2,1
SF,IF2005,2020-04-13 13:30:09.600,3721.6000,11408,0,5526580200.000,0,-,-,-,-,3721.4000,3721.2000,3721.0000,3720.8000,3720.2000,3721.8000,3722.0000,3722.6000,3723.0000,3723.2000,1,1,2,2,6,2,1,4,2,1
SF,IF2005,2020-04-13 13:30:10.100,3721.4000,11409,1,5527696620.000,1,1,0,双开,B,3721.2000,3721.0000,3720.8000,3720.2000,3720.0000,3721.8000,3722.0000,3722.6000,3723.0000,3723.2000,1,2,2,6,14,1,1,4,2,1
SF,IF2005,2020-04-13 13:30:10.600,3721.4000,11409,0,5527696620.000,0,-,-,-,-,3721.2000,3721.0000,3720.8000,3720.2000,3720.0000,3721.8000,3722.0000,3722.6000,3723.0000,3724.4000,1,2,2,6,14,2,1,4,2,1
SF,IF2005,2020-04-13 13:30:11.100,3721.4000,11409,0,5527696620.000,0,-,-,-,-,3721.2000,3721.0000,3720.8000,3720.2000,3720.0000,3721.8000,3722.0000,3722.6000,3723.0000,3724.4000,1,2,2,6,14,1,1,4,2,1
SF,IF2005,2020-04-13 13:30:11.600,3721.4000,11409,0,5527696620.000,0,-,-,-,-,3721.2000,3721.0000,3720.8000,3720.2000,3720.0000,3722.0000,3722.6000,3723.0000,3724.4000,3724.8000,1,2,2,6,14,1,4,2,1,2
SF,IF2005,2020-04-13 13:30:12.100,3721.2000,11409,0,5528812980.000,1,0,1,空换,B,3721.0000,3720.8000,3720.2000,3720.0000,3719.4000,3721.2000,3721.8000,3722.0000,3722.4000,3722.6000,2,2,6,14,1,1,5,1,1,4
SF,IF2005,2020-04-13 13:30:12.600,3721.2000,11410,1,5529929340.000,1,1,0,双开,B,3721.0000,3720.8000,3720.2000,3720.0000,3719.4000,3721.2000,3721.8000,3722.0000,3723.0000,3724.4000,2,2,6,14,1,6,5,2,2,1
SF,IF2005,2020-04-13 13:30:13.100,3721.2000,11410,0,5529929340.000,0,-,-,-,-,3721.0000,3720.8000,3720.2000,3720.0000,3719.4000,3721.2000,3721.8000,3723.0000,3724.4000,3724.8000,2,2,6,14,1,6,5,2,1,2
SF,IF2005,2020-04-13 13:30:13.600,3721.2000,11410,0,5529929340.000,0,-,-,-,-,3721.0000,3720.8000,3720.2000,3720.0000,3719.4000,3721.2000,3721.8000,3723.0000,3724.4000,3724.8000,2,2,6,14,1,6,5,2,1,2
SF,IF2005,2020-04-13 13:30:14.100,3721.2000,11410,0,5529929340.000,0,-,-,-,-,3721.0000,3720.8000,3720.2000,3720.0000,3719.4000,3721.2000,3721.8000,3723.0000,3724.4000,3724.8000,2,2,6,14,1,6,5,2,1,2
SF,IF2005,2020-04-13 13:30:14.600,3721.2000,11410,0,5529929340.000,0,-,-,-,-,3721.0000,3720.8000,3720.2000,3720.0000,3719.4000,3721.2000,3721.8000,3723.0000,3724.4000,3724.8000,2,2,6,14,1,1,5,2,1,2
SF,IF2005,2020-04-13 13:30:15.100,3721.0000,11411,1,5532161940.000,2,1,1,多开,B,3720.8000,3720.2000,3720.0000,3719.4000,3719.2000,3721.0000,3721.2000,3721.8000,3723.0000,3724.4000,2,6,14,1,1,5,1,5,2,1
SF,IF2005,2020-04-13 13:30:15.600,3720.8000,11411,0,5533278180.000,1,0,1,空换,B,3720.8000,3720.2000,3720.0000,3719.4000,3719.2000,3721.0000,3721.8000,3723.0000,3724.4000,3724.8000,1,6,14,1,1,1,5,2,1,2
SF,IF2005,2020-04-13 13:30:16.100,3721.0000,11412,1,5534394480.000,1,1,0,双开,B,3720.8000,3720.2000,3720.0000,3719.4000,3719.2000,3721.8000,3723.0000,3724.4000,3724.8000,3725.0000,1,6,14,1,1,5,2,1,2,4
SF,IF2005,2020-04-13 13:30:16.600,3721.0000,11412,0,5534394480.000,0,-,-,-,-,3720.8000,3720.2000,3720.0000,3719.4000,3719.2000,3721.4000,3721.8000,3723.0000,3724.4000,3724.8000,1,6,14,1,1,1,5,2,1,2
SF,IF2005,2020-04-13 13:30:17.100,3721.0000,11412,0,5534394480.000,0,-,-,-,-,3720.8000,3720.2000,3720.0000,3719.4000,3719.2000,3721.4000,3721.6000,3721.8000,3723.0000,3724.4000,1,6,14,1,1,1,2,5,2,1
SF,IF2005,2020-04-13 13:30:17.600,3721.0000,11412,0,5534394480.000,0,-,-,-,-,3720.8000,3720.2000,3720.0000,3719.4000,3719.2000,3721.4000,3721.8000,3723.0000,3724.4000,3724.8000,1,6,14,1,1,2,5,2,1,2
SF,IF2005,2020-04-13 13:30:18.100,3721.0000,11412,0,5534394480.000,0,-,-,-,-,3720.8000,3720.2000,3720.0000,3719.4000,3719.2000,3721.4000,3721.8000,3723.0000,3724.4000,3724.8000,1,6,14,1,1,1,5,2,1,2
SF,IF2005,2020-04-13 13:30:18.600,3721.0000,11412,0,5534394480.000,0,-,-,-,-,3720.8000,3720.2000,3720.0000,3719.4000,3719.2000,3721.4000,3721.8000,3723.0000,3724.4000,3724.8000,1,6,14,1,1,1,5,2,1,2
SF,IF2005,2020-04-13 13:30:19.100,3721.0000,11412,0,5534394480.000,0,-,-,-,-,3720.8000,3720.2000,3720.0000,3719.4000,3719.2000,3721.4000,3721.8000,3723.0000,3724.4000,3724.8000,1,6,14,1,1,2,5,2,1,2
SF,IF2005,2020-04-13 13:30:19.600,3721.0000,11412,0,5534394480.000,0,-,-,-,-,3720.8000,3720.2000,3720.0000,3719.4000,3719.2000,3721.8000,3723.0000,3724.4000,3724.8000,3725.0000,1,6,14,1,1,5,2,1,2,4
SF,IF2005,2020-04-13 13:30:20.100,3721.0000,11412,0,5534394480.000,0,-,-,-,-,3720.8000,3720.2000,3720.0000,3719.4000,3719.2000,3721.8000,3723.0000,3724.4000,3724.8000,3725.0000,1,6,14,1,1,5,2,1,2,4
SF,IF2005,2020-04-13 13:30:20.600,3721.0000,11412,0,5534394480.000,0,-,-,-,-,3720.8000,3720.2000,3720.0000,3719.4000,3719.2000,3721.8000,3723.0000,3724.4000,3724.8000,3725.0000,1,6,14,1,1,6,2,1,2,4
SF,IF2005,2020-04-13 13:30:21.100,3721.0000,11412,0,5534394480.000,0,-,-,-,-,3720.8000,3720.2000,3720.0000,3719.4000,3719.2000,3721.2000,3721.4000,3721.6000,3721.8000,3724.4000,1,6,14,1,1,5,1,3,6,1
SF,IF2005,2020-04-13 13:30:21.600,3721.0000,11412,0,5534394480.000,0,-,-,-,-,3720.8000,3720.2000,3720.0000,3719.4000,3719.2000,3721.2000,3721.4000,3721.6000,3721.8000,3724.4000,1,6,14,1,1,5,1,3,6,1
SF,IF2005,2020-04-13 13:30:22.100,3721.0000,11412,0,5534394480.000,0,-,-,-,-,3720.8000,3720.2000,3720.0000,3719.4000,3719.2000,3721.4000,3721.6000,3721.8000,3724.4000,3724.8000,1,6,14,1,1,1,3,6,1,2
SF,IF2005,2020-04-13 13:30:22.600,3721.0000,11412,0,5534394480.000,0,-,-,-,-,3720.8000,3720.2000,3720.0000,3719.4000,3719.2000,3721.4000,3721.6000,3721.8000,3724.4000,3724.8000,1,6,14,1,1,1,3,6,1,2
SF,IF2005,2020-04-13 13:30:23.100,3721.0000,11412,0,5534394480.000,0,-,-,-,-,3720.8000,3720.2000,3720.0000,3719.4000,3719.2000,3721.4000,3721.6000,3721.8000,3724.4000,3724.8000,1,6,14,1,1,1,3,6,1,2
SF,IF2005,2020-04-13 13:30:23.600,3721.0000,11412,0,5534394480.000,0,-,-,-,-,3720.8000,3720.2000,3720.0000,3719.4000,3719.2000,3721.4000,3721.6000,3721.8000,3724.4000,3724.8000,1,6,14,1,1,2,3,5,1,2
SF,IF2005,2020-04-13 13:30:24.100,3721.0000,11412,0,5534394480.000,0,-,-,-,-,3720.8000,3720.2000,3720.0000,3719.4000,3719.2000,3721.4000,3721.6000,3721.8000,3724.4000,3724.8000,1,6,14,1,1,2,3,5,1,2
SF,IF2005,2020-04-13 13:30:24.600,3721.0000,11412,0,5534394480.000,0,-,-,-,-,3720.8000,3720.2000,3720.0000,3719.4000,3719.2000,3721.4000,3721.6000,3721.8000,3724.4000,3724.8000,1,6,14,1,1,3,3,5,1,2
SF,IF2005,2020-04-13 13:30:25.100,3721.0000,11412,0,5534394480.000,0,-,-,-,-,3720.8000,3720.2000,3720.0000,3719.4000,3719.0000,3721.0000,3721.4000,3721.6000,3721.8000,3724.4000,1,6,14,1,1,4,3,3,5,1
SF,IF2005,2020-04-13 13:30:25.600,3721.0000,11412,0,5534394480.000,0,-,-,-,-,3720.8000,3720.2000,3720.0000,3719.4000,3719.0000,3721.0000,3721.6000,3721.8000,3724.4000,3724.8000,1,6,14,1,1,1,2,5,1,2
SF,IF2005,2020-04-13 13:30:26.100,3721.0000,11412,0,5534394480.000,0,-,-,-,-,3720.8000,3720.6000,3720.2000,3720.0000,3719.4000,3721.6000,3721.8000,3724.4000,3724.8000,3725.0000,1,5,6,14,1,2,5,1,2,4
SF,IF2005,2020-04-13 13:30:26.600,3721.0000,11412,0,5534394480.000,0,-,-,-,-,3720.8000,3720.6000,3720.2000,3720.0000,3719.4000,3721.2000,3721.4000,3721.6000,3721.8000,3724.4000,1,5,6,14,1,5,1,2,5,1
SF,IF2005,2020-04-13 13:30:27.100,3721.0000,11412,0,5534394480.000,0,-,-,-,-,3720.8000,3720.6000,3720.2000,3720.0000,3719.4000,3721.2000,3721.4000,3721.6000,3721.8000,3724.4000,1,5,6,14,1,5,1,2,5,1
SF,IF2005,2020-04-13 13:30:27.600,3721.0000,11412,0,5534394480.000,0,-,-,-,-,3720.8000,3720.6000,3720.2000,3720.0000,3719.4000,3721.2000,3721.4000,3721.6000,3721.8000,3724.4000,1,5,6,14,1,1,1,2,5,1
SF,IF2005,2020-04-13 13:30:28.100,3721.0000,11412,0,5534394480.000,0,-,-,-,-,3720.8000,3720.6000,3720.2000,3720.0000,3719.4000,3721.4000,3721.6000,3721.8000,3724.4000,3724.8000,1,5,6,14,1,1,2,5,1,2
SF,IF2005,2020-04-13 13:30:28.600,3721.0000,11412,0,5534394480.000,0,-,-,-,-,3720.8000,3720.6000,3720.2000,3720.0000,3719.4000,3721.2000,3721.4000,3721.6000,3721.8000,3724.4000,1,5,6,14,1,4,1,2,5,1
SF,IF2005,2020-04-13 13:30:29.100,3721.0000,11412,0,5534394480.000,0,-,-,-,-,3720.8000,3720.6000,3720.2000,3720.0000,3719.4000,3721.0000,3721.2000,3721.4000,3721.6000,3721.8000,1,5,6,14,1,5,4,1,2,5
SF,IF2005,2020-04-13 13:30:29.600,3721.0000,11412,0,5534394480.000,0,-,-,-,-,3720.8000,3720.6000,3720.2000,3720.0000,3719.4000,3721.0000,3721.2000,3721.4000,3721.6000,3721.8000,1,5,6,14,1,5,4,1,2,5
SF,IF2005,2020-04-13 13:30:30.100,3721.0000,11412,0,5534394480.000,0,-,-,-,-,3720.8000,3720.6000,3720.2000,3720.0000,3719.4000,3721.0000,3721.2000,3721.4000,3721.6000,3721.8000,1,5,6,14,1,5,4,1,2,5
SF,IF2005,2020-04-13 13:30:30.600,3721.0000,11412,0,5534394480.000,0,-,-,-,-,3720.8000,3720.6000,3720.2000,3720.0000,3719.4000,3721.0000,3721.2000,3721.4000,3721.6000,3721.8000,1,5,6,14,1,5,4,1,2,5
SF,IF2005,2020-04-13 13:30:31.100,3720.6000,11411,-1,5536626900.000,2,0,2,空平,B,3720.6000,3720.2000,3720.0000,3719.4000,3719.0000,3721.0000,3721.2000,3721.4000,3721.6000,3721.8000,4,6,14,1,1,5,4,1,2,5
SF,IF2005,2020-04-13 13:30:31.600,3720.6000,11411,0,5536626900.000,0,-,-,-,-,3720.6000,3720.2000,3720.0000,3719.4000,3719.0000,3720.8000,3721.0000,3721.2000,3721.4000,3721.6000,4,6,14,1,1,3,5,4,1,2
SF,IF2005,2020-04-13 13:30:32.100,3720.6000,11411,0,5536626900.000,0,-,-,-,-,3720.6000,3720.2000,3720.0000,3719.4000,3719.0000,3720.8000,3721.0000,3721.2000,3721.4000,3721.6000,4,6,14,1,1,1,5,4,1,2
SF,IF2005,2020-04-13 13:30:32.600,3720.6000,11415,4,5541091620.000,4,4,0,双开,B,3720.2000,3720.0000,3719.4000,3719.0000,3718.4000,3720.6000,3720.8000,3721.0000,3721.2000,3721.4000,6,14,1,1,1,1,2,5,4,1
SF,IF2005,2020-04-13 13:30:33.100,3720.6000,11415,0,5542207800.000,1,0,1,空换,B,3720.2000,3720.0000,3719.4000,3719.0000,3718.4000,3720.6000,3720.8000,3721.2000,3721.4000,3721.6000,6,14,1,1,1,1,1,4,1,2
SF,IF2005,2020-04-13 13:30:33.600,3720.6000,11415,0,5542207800.000,0,-,-,-,-,3720.2000,3720.0000,3719.4000,3719.0000,3718.4000,3720.8000,3721.2000,3721.4000,3721.6000,3724.4000,6,14,1,1,1,1,4,1,2,1
SF,IF2005,2020-04-13 13:30:34.100,3720.6000,11415,0,5542207800.000,0,-,-,-,-,3720.2000,3720.0000,3719.4000,3719.0000,3718.4000,3720.8000,3721.2000,3721.4000,3721.6000,3724.4000,6,14,1,1,1,1,4,1,2,1
SF,IF2005,2020-04-13 13:30:34.600,3720.2000,11415,0,5543323860.000,1,0,1,空换,B,3720.2000,3720.0000,3719.4000,3719.0000,3718.4000,3721.2000,3721.4000,3721.6000,3724.4000,3724.8000,5,14,1,1,1,4,1,2,1,2
SF,IF2005,2020-04-13 13:30:35.100,3720.2000,11415,0,5543323860.000,0,-,-,-,-,3720.2000,3720.0000,3719.4000,3719.0000,3718.4000,3720.8000,3721.0000,3721.2000,3721.4000,3724.4000,5,14,1,1,1,5,2,4,1,1
SF,IF2005,2020-04-13 13:30:35.600,3720.2000,11415,0,5543323860.000,0,-,-,-,-,3720.2000,3720.0000,3719.4000,3719.0000,3718.4000,3720.8000,3721.0000,3721.2000,3721.4000,3724.4000,5,14,1,1,1,5,2,4,1,1
SF,IF2005,2020-04-13 13:30:36.100,3720.2000,11415,0,5543323860.000,0,-,-,-,-,3720.2000,3720.0000,3719.4000,3719.0000,3718.4000,3720.8000,3721.0000,3721.2000,3721.4000,3724.4000,5,14,1,1,1,5,2,4,1,1
SF,IF2005,2020-04-13 13:30:36.600,3720.2000,11416,1,5544439920.000,1,1,0,双开,B,3720.2000,3720.0000,3719.4000,3719.0000,3718.4000,3720.8000,3721.0000,3721.2000,3721.4000,3724.4000,4,14,1,1,1,5,2,4,1,1
SF,IF2005,2020-04-13 13:30:37.100,3720.2000,11416,0,5544439920.000,0,-,-,-,-,3720.2000,3720.0000,3719.4000,3719.0000,3718.4000,3720.8000,3721.0000,3721.2000,3721.4000,3724.4000,4,14,1,1,1,5,2,4,1,1
SF,IF2005,2020-04-13 13:30:37.600,3720.2000,11416,0,5544439920.000,0,-,-,-,-,3720.2000,3720.0000,3719.4000,3719.0000,3718.4000,3720.8000,3721.0000,3721.2000,3721.4000,3724.4000,4,14,1,1,1,6,2,4,1,1
SF,IF2005,2020-04-13 13:30:38.100,3720.2000,11416,0,5544439920.000,0,-,-,-,-,3720.2000,3720.0000,3719.4000,3719.0000,3718.4000,3720.8000,3721.0000,3721.2000,3721.4000,3724.4000,4,14,1,1,1,5,2,4,1,1
SF,IF2005,2020-04-13 13:30:38.600,3720.2000,11416,0,5544439920.000,0,-,-,-,-,3720.2000,3720.0000,3719.4000,3719.0000,3718.4000,3720.8000,3721.0000,3721.2000,3721.4000,3724.4000,4,14,1,1,1,5,2,4,1,1
SF,IF2005,2020-04-13 13:30:39.100,3720.2000,11416,0,5544439920.000,0,-,-,-,-,3720.2000,3720.0000,3719.4000,3719.0000,3718.4000,3720.8000,3721.0000,3721.2000,3721.4000,3724.4000,4,14,1,1,1,6,2,4,1,1
SF,IF2005,2020-04-13 13:30:39.600,3720.2000,11416,0,5544439920.000,0,-,-,-,-,3720.2000,3720.0000,3719.4000,3719.0000,3718.4000,3720.8000,3721.0000,3721.2000,3721.4000,3724.4000,4,14,1,1,1,5,2,4,1,1
SF,IF2005,2020-04-13 13:30:40.100,3720.2000,11416,0,5544439920.000,0,-,-,-,-,3720.2000,3720.0000,3719.4000,3719.0000,3718.4000,3720.8000,3721.0000,3721.2000,3721.4000,3724.4000,4,14,1,1,1,6,2,4,1,1
SF,IF2005,2020-04-13 13:30:40.600,3720.2000,11416,0,5544439920.000,0,-,-,-,-,3720.4000,3720.2000,3720.0000,3719.4000,3719.0000,3720.8000,3721.2000,3721.4000,3724.4000,3724.8000,1,4,14,1,1,1,4,1,1,2
SF,IF2005,2020-04-13 13:30:41.100,3720.2000,11416,0,5544439920.000,0,-,-,-,-,3720.4000,3720.2000,3720.0000,3719.4000,3719.0000,3721.2000,3721.4000,3724.4000,3724.8000,3725.0000,1,4,14,1,1,4,1,1,2,4
SF,IF2005,2020-04-13 13:30:41.600,3720.2000,11416,0,5544439920.000,0,-,-,-,-,3720.4000,3720.2000,3720.0000,3719.4000,3719.0000,3721.2000,3721.4000,3724.4000,3724.8000,3725.0000,1,4,14,1,1,4,1,1,2,4
SF,IF2005,2020-04-13 13:30:42.100,3720.2000,11416,0,5544439920.000,0,-,-,-,-,3720.4000,3720.2000,3720.0000,3719.4000,3719.0000,3721.2000,3721.4000,3724.4000,3724.8000,3725.0000,1,4,14,1,1,4,1,1,2,4
SF,IF2005,2020-04-13 13:30:42.600,3720.4000,11417,1,5545556040.000,1,1,0,双开,B,3720.2000,3720.0000,3719.4000,3719.0000,3718.4000,3721.2000,3721.4000,3724.4000,3724.8000,3725.0000,4,14,1,1,1,4,1,1,2,4
SF,IF2005,2020-04-13 13:30:43.100,3720.4000,11417,0,5545556040.000,0,-,-,-,-,3720.4000,3720.2000,3720.0000,3719.4000,3719.0000,3721.2000,3721.4000,3724.4000,3724.8000,3725.0000,2,4,14,1,1,4,1,1,2,4
SF,IF2005,2020-04-13 13:30:43.600,3720.4000,11417,0,5545556040.000,0,-,-,-,-,3720.4000,3720.2000,3720.0000,3719.4000,3719.0000,3721.2000,3721.4000,3724.4000,3724.8000,3725.0000,2,4,14,1,1,1,1,1,2,4
SF,IF2005,2020-04-13 13:30:44.100,3720.4000,11417,0,5545556040.000,0,-,-,-,-,3720.6000,3720.4000,3720.2000,3720.0000,3719.4000,3721.4000,3724.4000,3724.8000,3725.0000,3725.2000,1,2,4,14,1,1,1,2,4,1
SF,IF2005,2020-04-13 13:30:44.600,3720.4000,11417,0,5545556040.000,0,-,-,-,-,3720.6000,3720.4000,3720.2000,3720.0000,3719.4000,3721.4000,3722.6000,3724.4000,3724.8000,3725.0000,2,2,4,14,1,1,1,1,2,4
SF,IF2005,2020-04-13 13:30:45.100,3720.4000,11417,0,5545556040.000,0,-,-,-,-,3720.6000,3720.4000,3720.2000,3720.0000,3719.4000,3721.4000,3722.6000,3724.4000,3724.8000,3725.0000,1,2,4,14,1,1,1,1,2,4
SF,IF2005,2020-04-13 13:30:45.600,3720.4000,11417,0,5545556040.000,0,-,-,-,-,3720.6000,3720.4000,3720.2000,3720.0000,3719.4000,3721.4000,3722.6000,3724.4000,3724.8000,3725.0000,1,2,4,14,1,1,1,1,2,4
SF,IF2005,2020-04-13 13:30:46.100,3721.4000,11417,0,5546672460.000,1,0,1,空换,B,3720.6000,3720.4000,3720.2000,3720.0000,3719.4000,3721.0000,3722.6000,3724.4000,3724.8000,3725.0000,1,2,4,14,1,5,1,1,2,4
SF,IF2005,2020-04-13 13:30:46.600,3721.0000,11418,1,5547788760.000,1,1,0,双开,B,3720.6000,3720.4000,3720.2000,3720.0000,3719.4000,3722.6000,3724.4000,3724.8000,3725.0000,3725.2000,1,2,4,14,1,1,1,2,4,1
SF,IF2005,2020-04-13 13:30:47.100,3721.0000,11418,0,5547788760.000,0,-,-,-,-,3720.8000,3720.6000,3720.2000,3720.0000,3719.4000,3721.2000,3721.8000,3722.0000,3722.2000,3722.4000,2,1,4,14,1,2,2,2,3,4
SF,IF2005,2020-04-13 13:30:47.600,3721.0000,11418,0,5547788760.000,0,-,-,-,-,3720.8000,3720.6000,3720.2000,3720.0000,3719.4000,3721.8000,3722.0000,3722.2000,3722.4000,3724.4000,2,1,4,14,1,1,1,4,3,1
SF,IF2005,2020-04-13 13:30:48.100,3721.0000,11418,0,5547788760.000,0,-,-,-,-,3720.8000,3720.6000,3720.2000,3720.0000,3719.4000,3721.4000,3721.6000,3721.8000,3722.0000,3722.2000,2,1,4,14,1,5,1,2,1,4
SF,IF2005,2020-04-13 13:30:48.600,3721.0000,11418,0,5547788760.000,0,-,-,-,-,3720.8000,3720.6000,3720.2000,3720.0000,3719.4000,3721.4000,3721.6000,3721.8000,3722.0000,3722.2000,2,1,4,14,1,5,1,2,1,4
SF,IF2005,2020-04-13 13:30:49.600,3721.0000,11418,0,5547788760.000,0,-,-,-,-,3720.8000,3720.6000,3720.2000,3720.0000,3719.4000,3721.4000,3721.6000,3721.8000,3722.0000,3722.2000,2,1,4,14,1,5,1,1,1,4
SF,IF2005,2020-04-13 13:30:50.100,3721.0000,11418,0,5547788760.000,0,-,-,-,-,3720.8000,3720.6000,3720.2000,3720.0000,3719.4000,3721.4000,3721.6000,3721.8000,3722.0000,3722.2000,2,1,4,14,1,6,1,1,1,4
SF,IF2005,2020-04-13 13:30:50.600,3721.0000,11418,0,5547788760.000,0,-,-,-,-,3720.8000,3720.6000,3720.2000,3720.0000,3719.4000,3721.4000,3721.6000,3721.8000,3722.0000,3722.2000,2,1,4,14,1,6,1,1,1,4
SF,IF2005,2020-04-13 13:30:51.600,3721.0000,11418,0,5547788760.000,0,-,-,-,-,3720.8000,3720.6000,3720.2000,3720.0000,3719.4000,3721.4000,3721.6000,3721.8000,3722.0000,3722.2000,2,1,4,14,1,5,1,1,1,4
SF,IF2005,2020-04-13 13:30:52.100,3721.0000,11418,0,5547788760.000,0,-,-,-,-,3720.6000,3720.2000,3720.0000,3719.4000,3719.0000,3721.4000,3721.6000,3721.8000,3722.0000,3722.2000,1,4,14,1,1,5,1,1,1,4
SF,IF2005,2020-04-13 13:30:52.600,3721.0000,11418,0,5547788760.000,0,-,-,-,-,3720.6000,3720.2000,3720.0000,3719.4000,3719.0000,3721.4000,3721.6000,3721.8000,3722.0000,3722.2000,1,4,14,1,1,6,1,1,1,4
SF,IF2005,2020-04-13 13:30:53.100,3721.0000,11418,0,5547788760.000,0,-,-,-,-,3720.6000,3720.2000,3720.0000,3719.4000,3719.0000,3721.2000,3721.4000,3721.6000,3721.8000,3722.0000,1,4,14,1,1,1,6,1,1,1
SF,IF2005,2020-04-13 13:30:53.600,3721.0000,11418,0,5547788760.000,0,-,-,-,-,3720.6000,3720.2000,3720.0000,3719.4000,3719.0000,3721.2000,3721.4000,3721.6000,3721.8000,3722.0000,1,4,14,1,1,1,5,1,1,1
SF,IF2005,2020-04-13 13:30:54.100,3721.0000,11418,0,5547788760.000,0,-,-,-,-,3720.6000,3720.2000,3720.0000,3719.4000,3719.0000,3721.2000,3721.6000,3721.8000,3722.0000,3722.2000,1,4,14,1,1,2,1,1,1,4
SF,IF2005,2020-04-13 13:30:54.600,3721.0000,11418,0,5547788760.000,0,-,-,-,-,3720.6000,3720.2000,3720.0000,3719.4000,3719.0000,3721.2000,3721.6000,3721.8000,3722.0000,3722.2000,1,4,14,1,1,1,1,1,1,4
SF,IF2005,2020-04-13 13:30:55.100,3721.0000,11418,0,5547788760.000,0,-,-,-,-,3720.6000,3720.2000,3720.0000,3719.4000,3719.0000,3721.2000,3721.6000,3721.8000,3722.0000,3722.2000,1,4,14,1,1,2,1,1,1,4
SF,IF2005,2020-04-13 13:30:55.600,3721.0000,11418,0,5547788760.000,0,-,-,-,-,3720.6000,3720.2000,3720.0000,3719.4000,3719.0000,3721.2000,3721.6000,3721.8000,3722.0000,3722.2000,1,4,14,1,1,1,1,1,1,4
SF,IF2005,2020-04-13 13:30:56.100,3721.0000,11418,0,5547788760.000,0,-,-,-,-,3720.6000,3720.2000,3720.0000,3719.4000,3719.0000,3721.6000,3721.8000,3722.0000,3722.2000,3722.4000,1,4,14,1,1,1,1,1,4,3
SF,IF2005,2020-04-13 13:30:56.600,3721.0000,11418,0,5547788760.000,0,-,-,-,-,3720.6000,3720.2000,3720.0000,3719.4000,3719.0000,3721.2000,3721.4000,3721.6000,3721.8000,3722.0000,1,4,14,1,1,1,3,1,1,1
SF,IF2005,2020-04-13 13:30:57.100,3721.0000,11418,0,5547788760.000,0,-,-,-,-,3720.6000,3720.2000,3720.0000,3719.4000,3719.0000,3721.4000,3721.6000,3721.8000,3722.0000,3722.2000,1,4,14,1,1,2,1,1,1,4
SF,IF2005,2020-04-13 13:30:57.600,3721.0000,11418,0,5547788760.000,0,-,-,-,-,3720.6000,3720.2000,3720.0000,3719.4000,3719.0000,3721.2000,3721.4000,3721.6000,3721.8000,3722.0000,1,4,14,1,1,1,2,1,1,1
SF,IF2005,2020-04-13 13:30:58.100,3721.0000,11418,0,5547788760.000,0,-,-,-,-,3720.6000,3720.2000,3720.0000,3719.4000,3719.0000,3721.2000,3721.4000,3721.6000,3721.8000,3722.0000,1,4,14,1,1,2,2,1,1,1
SF,IF2005,2020-04-13 13:30:58.600,3721.0000,11418,0,5547788760.000,0,-,-,-,-,3720.2000,3720.0000,3719.4000,3719.0000,3718.4000,3721.2000,3721.4000,3722.2000,3722.4000,3724.4000,4,14,1,1,1,2,2,4,1,1
SF,IF2005,2020-04-13 13:30:59.100,3721.0000,11418,0,5547788760.000,0,-,-,-,-,3720.2000,3720.0000,3719.4000,3719.0000,3718.4000,3721.4000,3722.2000,3722.4000,3724.4000,3725.0000,4,14,1,1,1,2,4,1,1,3
SF,IF2005,2020-04-13 13:30:59.600,3721.0000,11418,0,5547788760.000,0,-,-,-,-,3720.4000,3720.2000,3720.0000,3719.4000,3719.0000,3721.0000,3721.2000,3721.4000,3722.2000,3722.4000,2,4,14,1,1,5,2,2,4,1
SF,IF2005,2020-04-13 13:31:01.100,3721.0000,11418,0,5547788760.000,0,-,-,-,-,3720.4000,3720.2000,3720.0000,3719.4000,3719.0000,3721.2000,3721.4000,3722.2000,3722.4000,3724.4000,2,4,14,1,1,2,2,4,1,1
SF,IF2005,2020-04-13 13:31:02.600,3721.0000,11418,0,5547788760.000,0,-,-,-,-,3720.4000,3720.2000,3720.0000,3719.4000,3719.0000,3721.0000,3721.2000,3721.4000,3722.2000,3722.4000,2,4,14,1,1,5,2,2,4,1
SF,IF2005,2020-04-13 13:31:03.100,3721.0000,11418,0,5547788760.000,0,-,-,-,-,3720.4000,3720.2000,3720.0000,3719.4000,3719.0000,3721.0000,3721.2000,3721.4000,3722.2000,3722.4000,2,4,15,1,1,5,2,2,4,1
SF,IF2005,2020-04-13 13:31:04.100,3721.0000,11418,0,5547788760.000,0,-,-,-,-,3720.4000,3720.2000,3720.0000,3719.4000,3719.0000,3720.8000,3721.0000,3721.2000,3721.4000,3722.2000,2,4,15,1,1,2,5,2,2,4
SF,IF2005,2020-04-13 13:31:04.600,3720.6000,11419,1,5548904940.000,1,1,0,双开,B,3720.2000,3720.0000,3719.4000,3719.0000,3718.4000,3720.6000,3720.8000,3721.0000,3721.2000,3721.4000,4,15,1,1,1,4,2,5,2,2
SF,IF2005,2020-04-13 13:31:05.100,3720.6000,11419,0,5548904940.000,0,-,-,-,-,3721.0000,3720.2000,3720.0000,3719.4000,3719.0000,3721.2000,3721.4000,3722.2000,3722.4000,3724.4000,1,4,15,1,1,2,2,4,1,1
SF,IF2005,2020-04-13 13:31:05.600,3721.0000,11420,1,5551137540.000,2,1,1,多开,B,3721.0000,3720.2000,3720.0000,3719.4000,3719.0000,3721.2000,3721.4000,3722.2000,3722.4000,3724.4000,1,4,15,1,1,3,2,4,1,1
SF,IF2005,2020-04-13 13:31:06.100,3721.0000,11421,1,5552253840.000,1,1,0,双开,B,3720.2000,3720.0000,3719.4000,3719.0000,3718.4000,3720.8000,3721.2000,3721.4000,3722.2000,3722.4000,4,15,1,1,1,5,2,2,4,1
SF,IF2005,2020-04-13 13:31:06.600,3721.0000,11421,0,5552253840.000,0,-,-,-,-,3720.2000,3720.0000,3719.4000,3719.0000,3718.4000,3720.6000,3720.8000,3721.0000,3721.2000,3721.4000,4,15,1,1,1,5,6,2,1,2
SF,IF2005,2020-04-13 13:31:07.100,3721.0000,11421,0,5553370140.000,1,0,1,空换,B,3720.2000,3720.0000,3719.4000,3719.0000,3718.4000,3720.8000,3721.0000,3721.2000,3721.4000,3722.2000,4,15,1,1,1,4,2,1,2,4
SF,IF2005,2020-04-13 13:31:07.600,3721.0000,11421,0,5553370140.000,0,-,-,-,-,3720.2000,3720.0000,3719.4000,3719.0000,3718.4000,3720.8000,3721.0000,3721.2000,3721.4000,3722.2000,4,15,1,1,1,5,2,1,2,4
SF,IF2005,2020-04-13 13:31:08.100,3720.2000,11422,1,5554486200.000,1,1,0,双开,B,3720.2000,3720.0000,3719.4000,3719.0000,3718.4000,3720.8000,3721.0000,3721.2000,3721.4000,3722.2000,3,15,1,1,1,5,2,1,2,4
SF,IF2005,2020-04-13 13:31:08.600,3720.2000,11422,0,5554486200.000,0,-,-,-,-,3720.2000,3720.0000,3719.4000,3719.0000,3718.4000,3720.8000,3721.0000,3721.2000,3721.4000,3722.2000,3,15,1,1,1,5,1,1,2,4
SF,IF2005,2020-04-13 13:31:09.600,3720.2000,11422,0,5554486200.000,0,-,-,-,-,3720.2000,3720.0000,3719.4000,3719.0000,3718.4000,3720.4000,3720.8000,3721.0000,3721.2000,3721.4000,3,15,1,1,1,4,5,1,1,2
SF,IF2005,2020-04-13 13:31:10.100,3720.2000,11422,0,5555602260.000,1,0,1,空换,B,3720.2000,3720.0000,3719.4000,3719.0000,3718.4000,3720.4000,3720.8000,3721.0000,3721.2000,3721.4000,3,15,1,1,1,4,4,1,1,2
SF,IF2005,2020-04-13 13:31:10.600,3720.4000,11423,1,5556718380.000,1,1,0,双开,B,3720.2000,3720.0000,3719.4000,3719.0000,3718.4000,3720.4000,3720.8000,3721.0000,3721.2000,3721.4000,3,15,1,1,1,3,4,1,1,2
SF,IF2005,2020-04-13 13:31:11.100,3720.2000,11426,3,5560066560.000,3,3,0,双开,B,3720.0000,3719.4000,3719.0000,3718.4000,3717.8000,3720.4000,3720.8000,3721.2000,3721.4000,3722.2000,15,1,1,1,1,3,4,1,2,4
SF,IF2005,2020-04-13 13:31:11.600,3720.2000,11426,0,5560066560.000,0,-,-,-,-,3720.0000,3719.4000,3719.0000,3718.4000,3717.8000,3720.4000,3720.8000,3721.2000,3721.4000,3722.2000,15,1,1,1,1,3,4,1,2,4
SF,IF2005,2020-04-13 13:31:12.100,3720.2000,11426,0,5560066560.000,0,-,-,-,-,3720.0000,3719.4000,3719.0000,3718.4000,3717.8000,3720.8000,3721.2000,3721.4000,3722.2000,3722.4000,16,1,1,1,1,4,1,2,4,1
SF,IF2005,2020-04-13 13:31:12.600,3720.2000,11426,0,5560066560.000,0,-,-,-,-,3720.0000,3719.4000,3719.0000,3718.4000,3717.8000,3720.6000,3720.8000,3721.2000,3721.4000,3722.2000,16,1,1,1,1,1,4,1,2,4
SF,IF2005,2020-04-13 13:31:14.100,3720.0000,11427,1,5561182560.000,1,1,0,双开,B,3720.0000,3719.4000,3719.0000,3718.4000,3717.8000,3720.6000,3720.8000,3721.2000,3721.4000,3722.2000,15,1,1,1,1,1,4,1,2,4
SF,IF2005,2020-04-13 13:31:14.600,3720.6000,11427,0,5562298740.000,1,0,1,空换,B,3720.0000,3719.4000,3719.0000,3718.4000,3717.8000,3720.4000,3720.8000,3721.2000,3721.4000,3722.2000,15,1,1,1,1,1,4,1,2,4
SF,IF2005,2020-04-13 13:31:15.100,3720.4000,11428,1,5563414860.000,1,1,0,双开,B,3720.0000,3719.4000,3719.0000,3718.4000,3717.8000,3720.4000,3720.8000,3721.2000,3721.4000,3722.2000,15,1,1,1,1,1,4,1,2,4
SF,IF2005,2020-04-13 13:31:15.600,3720.4000,11429,1,5564530980.000,1,1,0,双开,B,3720.2000,3720.0000,3719.4000,3719.0000,3718.4000,3720.4000,3720.8000,3721.2000,3721.4000,3722.2000,1,15,1,1,1,1,4,1,2,4
SF,IF2005,2020-04-13 13:31:16.100,3720.4000,11429,0,5564530980.000,0,-,-,-,-,3720.2000,3720.0000,3719.4000,3719.0000,3718.4000,3720.8000,3721.2000,3721.4000,3722.2000,3722.4000,1,15,1,1,1,4,1,2,4,1
SF,IF2005,2020-04-13 13:31:16.600,3720.4000,11429,0,5564530980.000,0,-,-,-,-,3720.2000,3720.0000,3719.4000,3719.0000,3718.4000,3721.2000,3721.4000,3722.2000,3722.4000,3725.0000,1,14,1,1,1,1,2,4,1,3
SF,IF2005,2020-04-13 13:31:17.100,3720.4000,11429,0,5564530980.000,0,-,-,-,-,3720.4000,3720.2000,3720.0000,3719.4000,3719.0000,3720.8000,3721.0000,3721.2000,3722.2000,3722.4000,1,1,14,1,1,1,7,1,4,1
SF,IF2005,2020-04-13 13:31:17.600,3720.8000,11430,1,5565647220.000,1,1,0,双开,B,3720.4000,3720.2000,3720.0000,3719.4000,3719.0000,3720.8000,3721.0000,3721.2000,3722.2000,3722.4000,1,1,14,1,1,5,7,1,4,1
SF,IF2005,2020-04-13 13:31:18.100,3720.8000,11430,0,5565647220.000,0,-,-,-,-,3720.4000,3720.2000,3720.0000,3719.4000,3719.0000,3720.8000,3721.0000,3721.2000,3722.2000,3722.4000,1,1,14,1,1,5,7,1,4,1
SF,IF2005,2020-04-13 13:31:18.600,3720.4000,11431,1,5566763340.000,1,1,0,双开,B,3720.2000,3720.0000,3719.4000,3719.0000,3718.4000,3720.4000,3720.8000,3721.0000,3721.2000,3722.2000,1,14,1,1,1,4,5,7,1,4
SF,IF2005,2020-04-13 13:31:19.100,3720.4000,11431,0,5566763340.000,0,-,-,-,-,3720.2000,3720.0000,3719.4000,3719.0000,3718.4000,3720.4000,3720.8000,3721.0000,3721.2000,3722.2000,1,14,1,1,1,1,5,7,1,4
SF,IF2005,2020-04-13 13:31:19.600,3720.2000,11432,1,5567879400.000,1,1,0,双开,B,3720.0000,3719.4000,3719.0000,3718.4000,3717.8000,3720.4000,3720.8000,3721.0000,3721.2000,3722.2000,14,1,1,1,1,1,5,7,1,4
SF,IF2005,2020-04-13 13:31:20.100,3720.2000,11432,0,5567879400.000,0,-,-,-,-,3720.0000,3719.4000,3719.0000,3718.4000,3717.8000,3720.4000,3720.8000,3721.0000,3721.2000,3722.2000,14,1,1,1,1,2,5,7,1,4
SF,IF2005,2020-04-13 13:31:21.600,3720.0000,11433,1,5568995400.000,1,1,0,双开,B,3720.0000,3719.4000,3719.0000,3718.4000,3717.8000,3720.4000,3720.8000,3721.0000,3721.2000,3722.2000,13,1,1,1,1,1,5,7,1,4
SF,IF2005,2020-04-13 13:31:22.100,3720.0000,11433,0,5568995400.000,0,-,-,-,-,3720.0000,3719.4000,3719.0000,3718.4000,3717.8000,3720.2000,3720.4000,3720.8000,3721.0000,3721.2000,13,1,1,1,1,2,1,5,7,1
SF,IF2005,2020-04-13 13:31:23.100,3720.2000,11435,2,5571227520.000,2,2,0,双开,B,3720.2000,3720.0000,3719.4000,3719.0000,3718.4000,3720.4000,3720.8000,3721.0000,3721.2000,3722.2000,1,13,1,1,1,1,5,7,1,4
SF,IF2005,2020-04-13 13:31:23.600,3720.2000,11435,0,5571227520.000,0,-,-,-,-,3720.4000,3720.0000,3719.4000,3719.0000,3718.4000,3720.8000,3721.0000,3721.2000,3722.2000,3722.4000,1,13,1,1,1,5,7,1,4,1
SF,IF2005,2020-04-13 13:31:24.100,3720.2000,11435,0,5571227520.000,0,-,-,-,-,3720.6000,3720.0000,3719.4000,3719.0000,3718.4000,3720.8000,3721.0000,3721.2000,3722.2000,3722.4000,1,13,1,1,1,5,7,1,4,1
SF,IF2005,2020-04-13 13:31:25.100,3720.2000,11435,0,5571227520.000,0,-,-,-,-,3720.6000,3720.0000,3719.4000,3719.0000,3718.4000,3721.0000,3721.2000,3722.2000,3722.4000,3724.8000,1,13,1,1,1,7,1,4,1,1
SF,IF2005,2020-04-13 13:31:25.600,3720.2000,11435,0,5571227520.000,0,-,-,-,-,3720.6000,3720.0000,3719.4000,3719.0000,3718.4000,3721.0000,3721.2000,3722.2000,3722.4000,3724.8000,1,13,1,1,1,2,1,4,1,1
SF,IF2005,2020-04-13 13:31:26.600,3720.2000,11435,0,5571227520.000,0,-,-,-,-,3720.6000,3720.0000,3719.4000,3719.0000,3718.4000,3721.0000,3721.2000,3722.2000,3722.4000,3724.8000,1,14,1,1,1,2,1,4,1,1
SF,IF2005,2020-04-13 13:31:28.100,3721.0000,11437,2,5573460120.000,2,2,0,双开,B,3721.0000,3720.6000,3720.0000,3719.4000,3719.0000,3721.2000,3722.2000,3722.4000,3724.8000,3725.0000,2,1,14,1,1,1,4,1,1,3
SF,IF2005,2020-04-13 13:31:28.600,3721.0000,11437,0,5575692720.000,2,1,1,空换,B,3720.6000,3720.0000,3719.4000,3719.0000,3718.4000,3720.8000,3721.0000,3721.2000,3722.2000,3722.4000,1,14,1,1,1,5,1,1,4,1
SF,IF2005,2020-04-13 13:31:29.100,3721.0000,11437,0,5575692720.000,0,-,-,-,-,3720.6000,3720.0000,3719.4000,3719.0000,3718.4000,3721.0000,3721.2000,3722.2000,3722.4000,3724.8000,1,14,1,1,1,3,1,4,1,1
SF,IF2005,2020-04-13 13:31:30.100,3721.0000,11437,0,5575692720.000,0,-,-,-,-,3720.6000,3720.0000,3719.4000,3719.0000,3718.4000,3721.0000,3721.2000,3722.2000,3722.4000,3722.6000,1,14,1,1,1,2,1,4,1,1
SF,IF2005,2020-04-13 13:31:30.600,3721.0000,11437,0,5575692720.000,0,-,-,-,-,3720.6000,3720.0000,3719.4000,3719.0000,3718.4000,3721.0000,3721.2000,3722.2000,3722.4000,3722.6000,1,14,1,1,1,2,1,4,1,1
SF,IF2005,2020-04-13 13:31:31.100,3721.0000,11437,0,5575692720.000,0,-,-,-,-,3720.6000,3720.0000,3719.4000,3719.0000,3718.4000,3721.0000,3721.2000,3722.2000,3722.4000,3724.8000,1,14,1,1,1,2,1,4,1,1
SF,IF2005,2020-04-13 13:31:31.600,3720.6000,11438,1,5576808900.000,1,1,0,双开,B,3720.0000,3719.4000,3719.0000,3718.4000,3717.8000,3721.0000,3721.2000,3722.2000,3722.4000,3724.8000,14,1,1,1,1,1,1,4,1,1
SF,IF2005,2020-04-13 13:31:32.100,3720.6000,11438,0,5576808900.000,0,-,-,-,-,3720.2000,3720.0000,3719.4000,3719.0000,3718.4000,3720.6000,3721.0000,3721.2000,3722.2000,3722.4000,2,14,1,1,1,5,1,1,4,1
SF,IF2005,2020-04-13 13:31:34.100,3720.6000,11438,0,5576808900.000,0,-,-,-,-,3720.2000,3720.0000,3719.4000,3719.0000,3718.4000,3720.6000,3722.2000,3722.4000,3724.8000,3725.0000,2,14,1,1,1,6,4,1,1,3
SF,IF2005,2020-04-13 13:31:34.600,3720.6000,11438,0,5576808900.000,0,-,-,-,-,3720.2000,3720.0000,3719.4000,3719.0000,3718.4000,3720.6000,3722.2000,3722.4000,3724.8000,3725.0000,2,14,1,1,1,5,4,1,1,3
SF,IF2005,2020-04-13 13:31:35.100,3720.6000,11438,0,5576808900.000,0,-,-,-,-,3720.2000,3720.0000,3719.4000,3719.0000,3718.4000,3720.6000,3722.2000,3722.4000,3724.8000,3725.0000,2,14,1,1,1,5,4,1,1,3
SF,IF2005,2020-04-13 13:31:35.600,3720.6000,11438,0,5576808900.000,0,-,-,-,-,3720.2000,3720.0000,3719.4000,3719.0000,3718.4000,3720.6000,3722.2000,3722.4000,3724.8000,3725.0000,2,14,1,1,1,6,4,1,1,3
SF,IF2005,2020-04-13 13:31:36.100,3720.6000,11438,0,5576808900.000,0,-,-,-,-,3720.2000,3720.0000,3719.4000,3719.0000,3718.4000,3720.6000,3722.2000,3722.4000,3724.8000,3725.0000,2,14,1,1,1,6,4,1,1,3
SF,IF2005,2020-04-13 13:31:36.600,3720.6000,11438,0,5576808900.000,0,-,-,-,-,3720.2000,3720.0000,3719.4000,3719.0000,3718.4000,3720.4000,3720.6000,3722.2000,3722.4000,3724.8000,2,14,1,1,1,3,6,4,1,1
SF,IF2005,2020-04-13 13:31:37.600,3720.2000,11439,1,5577924960.000,1,1,0,双开,B,3720.2000,3720.0000,3719.4000,3719.0000,3718.4000,3720.4000,3720.6000,3722.2000,3722.4000,3724.8000,1,14,1,1,1,3,5,4,1,1
SF,IF2005,2020-04-13 13:31:38.100,3720.2000,11439,0,5579041020.000,1,0,1,空换,B,3720.0000,3719.4000,3719.0000,3718.4000,3717.8000,3720.2000,3722.2000,3722.4000,3724.8000,3725.0000,14,1,1,1,1,2,4,1,1,3
SF,IF2005,2020-04-13 13:31:38.600,3720.2000,11439,0,5580157080.000,1,0,1,空换,B,3720.0000,3719.4000,3719.0000,3718.4000,3717.8000,3720.2000,3722.2000,3722.4000,3724.8000,3725.0000,14,1,1,1,1,1,4,1,1,3
SF,IF2005,2020-04-13 13:31:39.600,3720.2000,11438,-1,5581273140.000,1,0,1,双平,B,3720.0000,3719.4000,3719.0000,3718.4000,3717.8000,3722.2000,3722.4000,3724.8000,3725.0000,3725.2000,14,1,1,1,1,4,1,1,3,1
SF,IF2005,2020-04-13 13:31:40.100,3720.2000,11438,0,5581273140.000,0,-,-,-,-,3720.2000,3720.0000,3719.4000,3719.0000,3718.4000,3720.8000,3721.4000,3721.6000,3721.8000,3722.0000,2,14,1,1,1,4,2,3,1,4
SF,IF2005,2020-04-13 13:31:40.600,3720.2000,11438,0,5581273140.000,0,-,-,-,-,3720.2000,3720.0000,3719.4000,3719.0000,3718.4000,3720.8000,3721.4000,3721.6000,3722.0000,3722.2000,2,14,1,1,1,4,2,2,5,3
SF,IF2005,2020-04-13 13:31:41.100,3720.2000,11438,0,5581273140.000,0,-,-,-,-,3720.2000,3720.0000,3719.4000,3719.0000,3718.4000,3720.8000,3721.4000,3721.6000,3722.0000,3722.2000,2,14,1,1,1,4,2,2,5,3
SF,IF2005,2020-04-13 13:31:41.600,3720.2000,11438,0,5581273140.000,0,-,-,-,-,3720.0000,3719.4000,3719.0000,3718.4000,3717.8000,3720.8000,3721.4000,3721.6000,3722.0000,3722.2000,14,1,1,1,1,5,2,2,5,3
SF,IF2005,2020-04-13 13:31:42.100,3720.2000,11438,0,5581273140.000,0,-,-,-,-,3720.0000,3719.4000,3719.0000,3718.4000,3717.8000,3720.6000,3720.8000,3721.4000,3721.6000,3722.0000,14,1,1,1,1,1,4,2,2,5
SF,IF2005,2020-04-13 13:31:42.600,3720.2000,11438,0,5581273140.000,0,-,-,-,-,3720.2000,3720.0000,3719.4000,3719.0000,3718.4000,3720.6000,3720.8000,3721.4000,3721.6000,3722.0000,1,14,1,1,1,1,4,2,2,5
SF,IF2005,2020-04-13 13:31:43.100,3720.2000,11438,0,5581273140.000,0,-,-,-,-,3720.2000,3720.0000,3719.4000,3719.0000,3718.4000,3720.8000,3721.4000,3721.6000,3722.0000,3722.2000,1,14,1,1,1,4,2,2,5,3
SF,IF2005,2020-04-13 13:31:43.600,3720.2000,11438,0,5581273140.000,0,-,-,-,-,3720.2000,3720.0000,3719.4000,3719.0000,3718.4000,3720.6000,3720.8000,3721.4000,3721.6000,3722.0000,1,14,1,1,1,1,4,2,2,5
SF,IF2005,2020-04-13 13:31:44.100,3720.2000,11438,0,5581273140.000,0,-,-,-,-,3720.2000,3720.0000,3719.4000,3719.0000,3718.4000,3720.8000,3721.4000,3721.6000,3722.0000,3722.2000,1,19,1,1,1,4,2,2,5,3
SF,IF2005,2020-04-13 13:31:44.600,3720.2000,11438,0,5581273140.000,0,-,-,-,-,3720.2000,3720.0000,3719.4000,3719.0000,3718.4000,3720.8000,3721.4000,3721.6000,3722.0000,3722.2000,1,19,1,1,1,4,2,2,5,3
SF,IF2005,2020-04-13 13:31:45.100,3720.2000,11438,0,5581273140.000,0,-,-,-,-,3720.2000,3720.0000,3719.4000,3719.0000,3718.4000,3720.8000,3721.2000,3721.4000,3721.6000,3722.0000,1,19,1,1,1,5,1,2,2,5
SF,IF2005,2020-04-13 13:31:45.600,3720.2000,11438,0,5581273140.000,0,-,-,-,-,3720.2000,3720.0000,3719.4000,3719.0000,3718.4000,3720.8000,3721.2000,3721.4000,3721.6000,3722.0000,1,19,1,1,1,4,1,2,2,5
SF,IF2005,2020-04-13 13:31:46.100,3720.2000,11438,0,5581273140.000,0,-,-,-,-,3720.2000,3720.0000,3719.4000,3719.0000,3718.4000,3720.8000,3721.2000,3721.4000,3721.6000,3722.0000,1,19,1,1,1,4,1,2,2,5
SF,IF2005,2020-04-13 13:31:46.600,3720.2000,11438,0,5582389200.000,1,0,1,空换,B,3720.0000,3719.4000,3719.0000,3718.4000,3717.8000,3720.2000,3720.8000,3721.2000,3721.6000,3722.0000,19,1,1,1,1,6,5,1,2,5
SF,IF2005,2020-04-13 13:31:47.100,3720.2000,11438,0,5582389200.000,0,-,-,-,-,3720.0000,3719.4000,3719.0000,3718.4000,3717.8000,3720.2000,3720.8000,3721.2000,3721.6000,3722.0000,19,1,1,1,1,2,4,1,2,5
SF,IF2005,2020-04-13 13:31:47.600,3720.0000,11438,0,5583505200.000,1,0,1,空换,B,3720.0000,3719.4000,3719.0000,3718.4000,3717.8000,3720.2000,3720.8000,3721.2000,3721.6000,3722.0000,18,1,1,1,1,2,4,1,2,5
SF,IF2005,2020-04-13 13:31:48.100,3720.0000,11449,11,5601361200.000,16,13,3,多开,B,3720.0000,3719.4000,3719.0000,3718.4000,3717.8000,3720.2000,3720.8000,3721.2000,3721.6000,3722.0000,2,1,1,1,1,2,4,1,2,5
SF,IF2005,2020-04-13 13:31:48.600,3720.2000,11452,3,5604709260.000,3,3,0,双开,B,3719.4000,3719.0000,3718.4000,3717.8000,3717.4000,3720.2000,3720.8000,3721.2000,3721.6000,3722.0000,1,1,1,1,2,1,4,1,2,5
SF,IF2005,2020-04-13 13:31:49.100,3720.0000,11453,1,5605825260.000,1,1,0,双开,B,3719.4000,3719.0000,3718.4000,3717.8000,3717.4000,3720.0000,3720.2000,3720.8000,3721.2000,3721.6000,1,1,1,1,2,1,1,4,1,2
SF,IF2005,2020-04-13 13:31:49.600,3720.0000,11453,0,5605825260.000,0,-,-,-,-,3719.4000,3719.0000,3718.4000,3717.8000,3717.4000,3720.0000,3720.2000,3720.8000,3721.2000,3721.6000,1,1,1,1,2,2,1,4,1,2
SF,IF2005,2020-04-13 13:31:50.100,3720.0000,11453,0,5605825260.000,0,-,-,-,-,3719.4000,3719.0000,3718.4000,3717.8000,3717.4000,3720.0000,3720.2000,3720.8000,3721.2000,3721.6000,1,1,1,1,2,1,1,4,1,2
SF,IF2005,2020-04-13 13:31:50.600,3720.0000,11453,0,5605825260.000,0,-,-,-,-,3719.4000,3719.0000,3718.4000,3717.8000,3717.4000,3720.0000,3720.2000,3720.4000,3720.8000,3721.2000,1,1,1,1,2,1,1,1,4,1
SF,IF2005,2020-04-13 13:31:51.100,3720.0000,11453,0,5605825260.000,0,-,-,-,-,3719.4000,3719.0000,3718.4000,3717.8000,3717.4000,3720.0000,3720.2000,3720.4000,3720.8000,3721.2000,1,1,1,1,2,1,1,1,4,1
SF,IF2005,2020-04-13 13:31:51.600,3720.0000,11453,0,5605825260.000,0,-,-,-,-,3719.4000,3719.0000,3718.4000,3717.8000,3717.4000,3720.0000,3720.2000,3720.4000,3720.8000,3721.2000,1,1,1,1,2,1,1,1,4,1
SF,IF2005,2020-04-13 13:31:52.100,3720.0000,11453,0,5605825260.000,0,-,-,-,-,3719.4000,3719.0000,3718.4000,3717.8000,3717.4000,3720.0000,3720.2000,3720.4000,3720.8000,3721.2000,1,1,1,1,2,1,1,1,4,1
SF,IF2005,2020-04-13 13:31:52.600,3720.0000,11453,0,5605825260.000,0,-,-,-,-,3719.4000,3719.0000,3718.4000,3717.8000,3717.4000,3720.0000,3720.2000,3720.4000,3720.8000,3721.2000,1,1,1,1,2,1,1,1,4,1
SF,IF2005,2020-04-13 13:31:53.100,3720.0000,11453,0,5605825260.000,0,-,-,-,-,3719.4000,3719.0000,3718.4000,3717.8000,3717.4000,3720.0000,3720.2000,3720.4000,3720.8000,3721.2000,1,1,1,1,2,1,1,1,4,1
SF,IF2005,2020-04-13 13:31:53.600,3720.0000,11453,0,5605825260.000,0,-,-,-,-,3719.4000,3719.0000,3718.4000,3717.8000,3717.4000,3720.0000,3720.2000,3720.4000,3720.8000,3721.2000,1,1,1,1,2,1,1,1,4,1
SF,IF2005,2020-04-13 13:31:54.600,3720.0000,11453,0,5605825260.000,0,-,-,-,-,3719.4000,3719.0000,3718.4000,3717.8000,3717.4000,3720.0000,3720.2000,3720.4000,3720.8000,3721.2000,1,1,1,1,2,1,1,1,4,1
SF,IF2005,2020-04-13 13:31:55.100,3720.0000,11453,0,5605825260.000,0,-,-,-,-,3719.4000,3719.0000,3718.4000,3717.8000,3717.4000,3720.0000,3720.2000,3720.4000,3720.8000,3721.2000,1,1,1,1,2,1,1,1,4,1
SF,IF2005,2020-04-13 13:31:55.600,3720.0000,11453,0,5605825260.000,0,-,-,-,-,3719.4000,3719.0000,3718.4000,3717.8000,3717.4000,3720.0000,3720.2000,3720.4000,3720.8000,3721.2000,1,1,1,1,2,1,1,1,4,1
SF,IF2005,2020-04-13 13:31:56.100,3720.0000,11453,0,5605825260.000,0,-,-,-,-,3719.4000,3719.0000,3718.4000,3717.8000,3717.4000,3720.0000,3720.2000,3720.4000,3720.8000,3721.2000,1,1,1,1,2,1,1,1,4,1
SF,IF2005,2020-04-13 13:31:56.600,3720.0000,11453,0,5605825260.000,0,-,-,-,-,3719.4000,3719.0000,3718.4000,3717.8000,3717.4000,3720.0000,3720.2000,3720.4000,3720.8000,3721.2000,1,1,1,1,2,1,1,1,4,1
SF,IF2005,2020-04-13 13:31:57.100,3720.0000,11453,0,5605825260.000,0,-,-,-,-,3719.4000,3719.0000,3718.4000,3717.8000,3717.4000,3720.0000,3720.2000,3720.4000,3720.8000,3721.2000,1,1,1,1,2,1,1,1,4,1
SF,IF2005,2020-04-13 13:31:57.600,3720.0000,11453,0,5605825260.000,0,-,-,-,-,3719.4000,3719.0000,3718.4000,3717.8000,3717.4000,3720.0000,3720.2000,3720.4000,3720.8000,3721.2000,1,1,1,1,2,1,1,1,4,1
SF,IF2005,2020-04-13 13:31:58.600,3720.0000,11453,0,5605825260.000,0,-,-,-,-,3719.4000,3719.0000,3718.4000,3717.8000,3717.4000,3720.0000,3720.2000,3720.4000,3720.8000,3721.2000,1,1,1,1,2,1,1,1,4,1
SF,IF2005,2020-04-13 13:31:59.100,3720.4000,11456,3,5609173440.000,3,3,0,双开,B,3719.4000,3719.0000,3718.4000,3717.8000,3717.4000,3719.8000,3720.0000,3720.8000,3721.2000,3721.6000,1,1,1,1,2,1,1,4,1,2
SF,IF2005,2020-04-13 13:32:04.100,3719.4000,11457,1,5610289260.000,1,1,0,双开,B,3719.0000,3718.4000,3717.8000,3717.4000,3717.0000,3719.8000,3720.0000,3720.8000,3721.2000,3721.6000,1,1,1,3,1,1,1,4,1,2
SF,IF2005,2020-04-13 13:32:04.600,3719.4000,11457,0,5610289260.000,0,-,-,-,-,3719.0000,3718.4000,3718.2000,3717.8000,3717.4000,3719.8000,3720.0000,3720.8000,3721.2000,3721.6000,1,1,1,1,3,1,1,4,1,2
SF,IF2005,2020-04-13 13:32:05.100,3719.0000,11457,0,5611404960.000,1,0,1,空换,B,3718.4000,3718.2000,3717.8000,3717.4000,3717.0000,3719.4000,3719.6000,3719.8000,3720.0000,3720.8000,1,1,1,1,1,5,2,1,1,4
SF,IF2005,2020-04-13 13:32:05.600,3719.2000,11459,2,5613636480.000,2,2,0,双开,B,3718.4000,3717.8000,3717.4000,3717.0000,3716.4000,3719.2000,3719.4000,3719.6000,3720.0000,3721.2000,1,1,1,1,4,5,5,5,1,1
SF,IF2005,2020-04-13 13:32:06.100,3718.4000,11459,0,5614752000.000,1,0,1,空换,B,3717.8000,3717.4000,3717.0000,3716.4000,3716.2000,3719.0000,3719.2000,3719.4000,3720.0000,3721.2000,1,1,1,4,2,6,5,5,1,1
SF,IF2005,2020-04-13 13:32:06.600,3718.8000,11461,2,5618098980.000,3,2,1,多开,B,3717.8000,3717.4000,3717.0000,3716.2000,3716.0000,3718.6000,3718.8000,3719.0000,3719.2000,3719.4000,1,1,1,2,5,1,2,5,5,5
SF,IF2005,2020-04-13 13:32:07.100,3718.8000,11461,0,5618098980.000,0,-,-,-,-,3718.0000,3717.8000,3717.4000,3717.0000,3716.0000,3718.4000,3719.0000,3719.2000,3719.4000,3720.0000,2,1,1,1,3,1,5,5,5,1
SF,IF2005,2020-04-13 13:32:07.600,3718.8000,11461,0,5618098980.000,0,-,-,-,-,3718.0000,3717.8000,3717.4000,3717.0000,3716.0000,3719.0000,3719.2000,3719.4000,3720.0000,3721.2000,2,1,1,1,3,5,5,5,1,1
SF,IF2005,2020-04-13 13:32:08.100,3718.8000,11461,0,5618098980.000,0,-,-,-,-,3718.0000,3717.8000,3717.4000,3717.0000,3716.0000,3718.6000,3718.8000,3719.0000,3719.2000,3719.4000,2,1,1,1,3,2,2,5,4,5
SF,IF2005,2020-04-13 13:32:08.600,3718.8000,11461,0,5618098980.000,0,-,-,-,-,3717.8000,3717.4000,3717.0000,3716.0000,3715.8000,3718.6000,3718.8000,3719.0000,3719.2000,3719.4000,1,1,1,3,2,2,1,5,4,5
SF,IF2005,2020-04-13 13:32:09.100,3718.8000,11461,0,5618098980.000,0,-,-,-,-,3717.8000,3717.4000,3717.0000,3716.0000,3715.8000,3718.4000,3718.6000,3718.8000,3719.0000,3719.2000,1,1,1,3,2,2,4,1,5,4
SF,IF2005,2020-04-13 13:32:09.600,3718.8000,11461,0,5618098980.000,0,-,-,-,-,3718.4000,3717.8000,3717.4000,3717.0000,3716.0000,3718.6000,3719.0000,3719.2000,3719.4000,3720.0000,1,1,1,1,3,2,2,4,5,1
SF,IF2005,2020-04-13 13:32:10.100,3718.4000,11461,0,5619214500.000,1,0,1,空换,B,3717.8000,3717.4000,3717.0000,3716.0000,3715.8000,3718.2000,3718.4000,3718.6000,3719.0000,3719.2000,1,1,1,3,2,4,2,2,1,4
SF,IF2005,2020-04-13 13:32:10.600,3718.0000,11466,5,5628137940.000,8,6,2,多开,B,3718.2000,3717.8000,3717.4000,3717.0000,3716.0000,3718.4000,3718.6000,3719.0000,3719.2000,3720.0000,1,1,1,1,4,2,2,1,4,1
SF,IF2005,2020-04-13 13:32:11.100,3718.4000,11466,0,5630368980.000,2,1,1,空换,B,3718.2000,3718.0000,3717.8000,3717.4000,3717.0000,3718.6000,3720.0000,3721.2000,3721.6000,3722.0000,1,1,1,1,1,2,1,1,2,2
SF,IF2005,2020-04-13 13:32:11.600,3718.6000,11467,1,5631484560.000,1,1,0,双开,B,3718.0000,3717.8000,3717.4000,3717.0000,3716.0000,3718.6000,3720.0000,3721.2000,3721.6000,3722.0000,1,1,1,1,4,1,1,1,2,2
SF,IF2005,2020-04-13 13:32:13.100,3718.6000,11467,0,5631484560.000,0,-,-,-,-,3717.8000,3717.4000,3717.0000,3716.0000,3715.8000,3718.0000,3718.6000,3720.0000,3721.2000,3721.6000,1,1,1,4,2,1,1,1,1,2
SF,IF2005,2020-04-13 13:32:13.600,3718.6000,11468,1,5633715540.000,2,1,1,多开,B,3718.2000,3718.0000,3717.8000,3717.4000,3717.0000,3720.0000,3721.2000,3721.6000,3722.0000,3722.2000,1,1,1,1,1,1,1,2,2,3
SF,IF2005,2020-04-13 13:32:14.100,3718.6000,11468,0,5633715540.000,0,-,-,-,-,3718.0000,3717.8000,3717.4000,3717.0000,3716.0000,3718.6000,3719.2000,3719.4000,3719.6000,3719.8000,1,1,1,1,4,5,3,1,1,4
SF,IF2005,2020-04-13 13:32:14.600,3718.6000,11468,0,5633715540.000,0,-,-,-,-,3718.4000,3717.8000,3717.4000,3717.0000,3716.0000,3718.6000,3719.6000,3719.8000,3720.0000,3721.2000,1,1,1,1,4,5,1,6,1,1
SF,IF2005,2020-04-13 13:32:15.100,3718.4000,11469,1,5634831060.000,1,1,0,双开,B,3718.4000,3717.8000,3717.4000,3717.0000,3716.0000,3718.6000,3719.6000,3719.8000,3720.0000,3721.2000,1,1,1,1,4,5,1,6,1,1
SF,IF2005,2020-04-13 13:32:15.600,3718.4000,11469,0,5635946580.000,1,0,1,空换,B,3717.8000,3717.4000,3717.0000,3716.0000,3715.8000,3718.6000,3719.6000,3719.8000,3720.0000,3721.2000,1,1,1,3,2,5,1,6,1,1
SF,IF2005,2020-04-13 13:32:16.100,3718.4000,11469,0,5635946580.000,0,-,-,-,-,3718.0000,3717.8000,3717.4000,3717.0000,3716.0000,3719.8000,3720.0000,3721.2000,3721.6000,3722.0000,2,1,1,1,3,6,1,1,1,2
SF,IF2005,2020-04-13 13:32:16.600,3718.4000,11469,0,5635946580.000,0,-,-,-,-,3718.0000,3717.8000,3717.4000,3717.0000,3716.0000,3718.6000,3719.0000,3719.2000,3719.4000,3719.8000,2,1,1,1,3,3,1,2,2,6
SF,IF2005,2020-04-13 13:32:17.100,3718.4000,11469,0,5635946580.000,0,-,-,-,-,3718.0000,3717.8000,3717.4000,3717.0000,3716.0000,3719.0000,3719.2000,3719.4000,3719.8000,3720.0000,2,1,1,1,3,1,1,1,6,1
SF,IF2005,2020-04-13 13:32:18.100,3718.4000,11469,0,5635946580.000,0,-,-,-,-,3718.0000,3717.8000,3717.4000,3717.0000,3716.0000,3718.6000,3719.0000,3719.2000,3719.4000,3719.8000,2,1,1,1,3,2,1,1,1,6
SF,IF2005,2020-04-13 13:32:18.600,3718.4000,11469,0,5635946580.000,0,-,-,-,-,3718.0000,3717.8000,3717.4000,3717.0000,3716.0000,3719.0000,3719.2000,3719.4000,3719.8000,3720.0000,2,1,1,1,3,1,1,1,5,1
SF,IF2005,2020-04-13 13:32:19.100,3718.4000,11469,0,5635946580.000,0,-,-,-,-,3718.0000,3717.8000,3717.4000,3717.0000,3716.0000,3718.6000,3718.8000,3719.0000,3719.2000,3719.8000,2,1,1,1,3,5,1,1,1,5
SF,IF2005,2020-04-13 13:32:19.600,3718.4000,11469,0,5635946580.000,0,-,-,-,-,3718.0000,3717.8000,3717.4000,3717.0000,3716.0000,3718.8000,3719.0000,3719.2000,3719.8000,3720.0000,2,1,1,1,3,1,1,1,5,1
SF,IF2005,2020-04-13 13:32:21.600,3718.4000,11469,0,5635946580.000,0,-,-,-,-,3718.0000,3717.8000,3717.4000,3717.0000,3716.0000,3718.4000,3718.8000,3719.0000,3719.2000,3719.8000,2,1,1,1,3,5,1,1,1,5
SF,IF2005,2020-04-13 13:32:22.100,3718.4000,11469,0,5635946580.000,0,-,-,-,-,3718.0000,3717.8000,3717.4000,3717.0000,3716.0000,3718.8000,3719.0000,3719.2000,3719.8000,3720.0000,2,1,1,1,3,1,1,1,5,1
SF,IF2005,2020-04-13 13:32:23.100,3718.4000,11469,0,5635946580.000,0,-,-,-,-,3718.0000,3717.8000,3717.4000,3717.0000,3716.0000,3718.4000,3718.8000,3719.0000,3719.8000,3720.0000,2,1,1,1,3,3,1,1,5,1
SF,IF2005,2020-04-13 13:32:23.600,3718.0000,11469,0,5638177380.000,2,1,1,空换,B,3717.8000,3717.4000,3717.0000,3716.0000,3715.8000,3718.2000,3718.4000,3718.6000,3718.8000,3719.8000,1,1,1,3,2,3,3,1,1,5
SF,IF2005,2020-04-13 13:32:24.100,3718.0000,11469,0,5638177380.000,0,-,-,-,-,3717.8000,3717.4000,3717.0000,3716.0000,3715.8000,3718.2000,3718.4000,3718.6000,3718.8000,3719.8000,1,1,1,3,2,3,3,1,1,5
SF,IF2005,2020-04-13 13:32:24.600,3717.8000,11469,0,5639292720.000,1,0,1,空换,B,3717.4000,3717.0000,3716.0000,3715.8000,3715.4000,3718.2000,3718.4000,3718.8000,3719.8000,3720.0000,1,1,3,2,1,3,3,1,5,1
SF,IF2005,2020-04-13 13:32:25.100,3717.8000,11469,0,5639292720.000,0,-,-,-,-,3717.4000,3717.0000,3716.0000,3715.8000,3715.4000,3717.8000,3718.0000,3718.2000,3718.4000,3718.8000,1,1,3,2,1,6,2,3,3,1
SF,IF2005,2020-04-13 13:32:25.600,3717.8000,11469,0,5640408060.000,1,0,1,空换,B,3717.4000,3717.0000,3716.0000,3715.8000,3715.4000,3717.8000,3718.0000,3718.2000,3718.4000,3718.8000,1,1,3,2,1,5,3,3,3,1
SF,IF2005,2020-04-13 13:32:26.100,3717.8000,11469,0,5640408060.000,0,-,-,-,-,3717.4000,3717.0000,3716.0000,3715.8000,3715.4000,3717.8000,3718.0000,3718.2000,3718.4000,3718.8000,1,1,3,2,1,1,1,3,3,1
SF,IF2005,2020-04-13 13:32:26.600,3717.8000,11469,0,5641523400.000,1,0,1,空换,B,3718.0000,3717.8000,3717.4000,3717.0000,3716.0000,3718.8000,3719.8000,3720.0000,3721.2000,3721.6000,1,1,1,1,3,1,3,1,1,1
SF,IF2005,2020-04-13 13:32:27.100,3717.8000,11469,0,5641523400.000,0,-,-,-,-,3718.0000,3717.8000,3717.4000,3717.0000,3716.0000,3718.2000,3718.6000,3718.8000,3719.8000,3720.0000,1,1,1,1,3,5,4,1,3,1
SF,IF2005,2020-04-13 13:32:27.600,3717.8000,11469,0,5641523400.000,0,-,-,-,-,3718.2000,3718.0000,3717.4000,3717.0000,3716.0000,3718.6000,3718.8000,3719.8000,3720.0000,3721.2000,1,1,1,1,3,4,1,3,1,1
SF,IF2005,2020-04-13 13:32:28.100,3717.8000,11469,0,5641523400.000,0,-,-,-,-,3718.2000,3718.0000,3717.4000,3717.0000,3716.0000,3718.6000,3718.8000,3719.8000,3720.0000,3721.2000,1,1,1,1,3,3,1,3,1,1
SF,IF2005,2020-04-13 13:32:28.600,3718.8000,11470,1,5642639040.000,1,1,0,双开,B,3718.0000,3717.4000,3717.0000,3716.0000,3715.8000,3719.8000,3720.0000,3721.2000,3721.6000,3722.0000,1,1,1,3,2,3,1,1,1,2
SF,IF2005,2020-04-13 13:32:29.100,3718.8000,11470,0,5642639040.000,0,-,-,-,-,3718.2000,3718.0000,3717.4000,3717.0000,3716.0000,3719.2000,3719.4000,3719.6000,3719.8000,3720.0000,2,1,1,1,3,5,3,4,3,1
SF,IF2005,2020-04-13 13:32:29.600,3718.8000,11470,0,5642639040.000,0,-,-,-,-,3718.2000,3718.0000,3717.4000,3717.0000,3716.0000,3719.0000,3719.2000,3719.4000,3719.6000,3719.8000,2,1,1,1,3,6,5,3,3,4
SF,IF2005,2020-04-13 13:32:30.100,3718.8000,11470,0,5642639040.000,0,-,-,-,-,3718.0000,3717.4000,3717.0000,3716.0000,3715.8000,3719.0000,3719.2000,3719.4000,3719.6000,3719.8000,1,1,1,3,2,7,5,2,2,3
SF,IF2005,2020-04-13 13:32:30.600,3718.8000,11470,0,5642639040.000,0,-,-,-,-,3718.0000,3717.4000,3717.0000,3716.0000,3715.8000,3719.0000,3719.2000,3719.4000,3719.6000,3719.8000,2,1,1,3,2,7,5,1,2,3
SF,IF2005,2020-04-13 13:32:31.100,3718.8000,11470,0,5642639040.000,0,-,-,-,-,3718.0000,3717.4000,3717.0000,3716.2000,3716.0000,3718.8000,3719.0000,3719.2000,3719.6000,3719.8000,2,1,1,1,3,2,7,5,2,3
SF,IF2005,2020-04-13 13:32:31.600,3718.0000,11471,1,5643754440.000,1,1,0,双开,B,3718.0000,3717.4000,3717.0000,3716.2000,3716.0000,3718.4000,3718.6000,3718.8000,3719.0000,3719.2000,1,1,1,1,3,4,3,3,5,5
SF,IF2005,2020-04-13 13:32:32.100,3718.0000,11471,0,5643754440.000,0,-,-,-,-,3718.0000,3717.4000,3717.0000,3716.2000,3716.0000,3718.4000,3718.6000,3718.8000,3719.0000,3719.2000,1,1,1,1,3,4,4,3,4,5
SF,IF2005,2020-04-13 13:32:33.100,3718.0000,11471,0,5643754440.000,0,-,-,-,-,3718.0000,3717.4000,3717.0000,3716.2000,3716.0000,3718.6000,3718.8000,3719.0000,3719.2000,3719.6000,1,1,1,1,3,4,3,4,5,2
SF,IF2005,2020-04-13 13:32:33.600,3718.0000,11471,0,5643754440.000,0,-,-,-,-,3718.0000,3717.4000,3717.0000,3716.2000,3716.0000,3718.6000,3718.8000,3719.0000,3719.2000,3719.6000,1,1,1,1,3,3,3,4,5,2
SF,IF2005,2020-04-13 13:32:34.100,3718.0000,11471,0,5643754440.000,0,-,-,-,-,3718.0000,3717.4000,3717.0000,3716.2000,3716.0000,3718.6000,3718.8000,3719.0000,3719.2000,3719.6000,1,1,1,1,3,3,3,4,5,2
SF,IF2005,2020-04-13 13:32:34.600,3718.0000,11471,0,5643754440.000,0,-,-,-,-,3718.0000,3717.4000,3717.0000,3716.2000,3716.0000,3718.6000,3718.8000,3719.0000,3719.2000,3719.6000,1,1,1,1,3,3,3,4,5,2
SF,IF2005,2020-04-13 13:32:35.100,3718.0000,11471,0,5643754440.000,0,-,-,-,-,3718.0000,3717.4000,3717.0000,3716.2000,3716.0000,3718.4000,3718.6000,3718.8000,3719.0000,3719.2000,1,1,1,1,3,4,3,3,4,5
SF,IF2005,2020-04-13 13:32:35.600,3718.0000,11471,0,5643754440.000,0,-,-,-,-,3718.0000,3717.4000,3717.0000,3716.2000,3716.0000,3718.6000,3718.8000,3719.0000,3719.2000,3719.6000,1,1,1,1,3,3,3,4,5,2
SF,IF2005,2020-04-13 13:32:36.100,3718.0000,11471,0,5643754440.000,0,-,-,-,-,3718.0000,3717.4000,3717.0000,3716.2000,3716.0000,3718.6000,3718.8000,3719.0000,3719.2000,3719.6000,1,1,1,1,3,4,3,4,5,2
SF,IF2005,2020-04-13 13:32:36.600,3718.0000,11471,0,5643754440.000,0,-,-,-,-,3718.0000,3717.4000,3717.0000,3716.2000,3716.0000,3718.6000,3718.8000,3719.0000,3719.2000,3719.6000,1,1,1,1,3,3,3,4,5,2
SF,IF2005,2020-04-13 13:32:37.100,3718.0000,11471,0,5643754440.000,0,-,-,-,-,3718.0000,3717.4000,3717.0000,3716.2000,3716.0000,3718.6000,3718.8000,3719.0000,3719.2000,3719.6000,1,1,1,1,3,2,3,4,5,2
SF,IF2005,2020-04-13 13:32:37.600,3718.8000,11473,2,5648216880.000,4,3,1,多开,B,3718.0000,3717.4000,3717.0000,3716.2000,3716.0000,3719.0000,3719.2000,3719.6000,3719.8000,3721.2000,1,1,1,1,3,4,5,2,3,1
SF,IF2005,2020-04-13 13:32:38.100,3718.6000,11474,1,5649332460.000,1,1,0,双开,B,3718.2000,3718.0000,3717.4000,3717.0000,3716.2000,3719.6000,3719.8000,3721.2000,3721.6000,3722.0000,3,1,1,1,1,1,2,1,1,2
SF,IF2005,2020-04-13 13:32:38.600,3718.6000,11474,0,5649332460.000,0,-,-,-,-,3718.4000,3718.2000,3718.0000,3717.4000,3717.0000,3719.4000,3719.6000,3719.8000,3721.2000,3721.6000,1,3,1,1,1,2,1,2,1,1
SF,IF2005,2020-04-13 13:32:39.100,3718.6000,11474,0,5649332460.000,0,-,-,-,-,3718.4000,3718.2000,3718.0000,3717.4000,3717.0000,3719.4000,3719.6000,3719.8000,3721.2000,3721.6000,2,3,1,1,1,7,1,2,1,1
SF,IF2005,2020-04-13 13:32:39.600,3718.6000,11474,0,5649332460.000,0,-,-,-,-,3718.6000,3718.4000,3718.2000,3718.0000,3717.4000,3719.4000,3719.6000,3719.8000,3721.2000,3721.6000,1,2,2,1,1,7,1,2,1,1
SF,IF2005,2020-04-13 13:32:40.100,3718.6000,11474,0,5649332460.000,0,-,-,-,-,3718.6000,3718.4000,3718.2000,3718.0000,3717.4000,3719.4000,3719.6000,3719.8000,3721.2000,3721.6000,1,2,2,1,1,7,1,1,1,1
SF,IF2005,2020-04-13 13:32:40.600,3718.6000,11474,0,5649332460.000,0,-,-,-,-,3718.6000,3718.4000,3718.2000,3718.0000,3717.4000,3719.4000,3719.6000,3719.8000,3721.2000,3721.6000,1,2,2,1,1,5,1,1,1,1
SF,IF2005,2020-04-13 13:32:41.600,3718.6000,11474,0,5649332460.000,0,-,-,-,-,3718.6000,3718.4000,3718.2000,3718.0000,3717.4000,3719.8000,3721.2000,3721.6000,3722.0000,3722.2000,1,2,2,1,1,1,1,1,2,1
SF,IF2005,2020-04-13 13:32:42.100,3718.6000,11474,0,5649332460.000,0,-,-,-,-,3718.8000,3718.6000,3718.4000,3718.0000,3717.4000,3719.8000,3721.2000,3721.6000,3722.0000,3722.2000,3,1,1,1,1,1,1,1,2,1
SF,IF2005,2020-04-13 13:32:43.100,3719.8000,11478,4,5654911740.000,5,4,1,多开,B,3718.8000,3718.6000,3718.4000,3718.0000,3717.4000,3721.2000,3721.6000,3722.0000,3722.2000,3723.0000,4,1,1,1,1,1,1,2,1,1
SF,IF2005,2020-04-13 13:32:43.600,3719.8000,11478,0,5654911740.000,0,-,-,-,-,3718.8000,3718.6000,3718.4000,3718.0000,3717.4000,3719.2000,3720.0000,3720.2000,3720.4000,3720.6000,3,1,1,1,1,5,4,2,1,1
SF,IF2005,2020-04-13 13:32:44.100,3719.8000,11478,0,5654911740.000,0,-,-,-,-,3718.6000,3718.4000,3718.0000,3717.4000,3717.0000,3719.0000,3719.2000,3719.8000,3720.0000,3720.2000,1,1,1,1,1,5,5,1,2,2
SF,IF2005,2020-04-13 13:32:44.600,3719.8000,11478,0,5654911740.000,0,-,-,-,-,3718.6000,3718.4000,3718.0000,3717.4000,3717.0000,3719.0000,3719.2000,3720.0000,3720.2000,3720.6000,1,1,1,1,1,5,5,2,2,1
SF,IF2005,2020-04-13 13:32:45.100,3719.8000,11478,0,5654911740.000,0,-,-,-,-,3718.6000,3718.0000,3717.4000,3717.0000,3716.6000,3719.0000,3719.2000,3720.0000,3720.2000,3720.6000,1,1,1,1,2,5,5,2,2,1
SF,IF2005,2020-04-13 13:32:45.600,3719.8000,11478,0,5654911740.000,0,-,-,-,-,3718.6000,3718.0000,3717.4000,3717.0000,3716.6000,3719.0000,3719.2000,3719.8000,3720.0000,3720.2000,1,1,1,1,2,5,5,1,2,2
SF,IF2005,2020-04-13 13:32:46.100,3719.8000,11478,0,5654911740.000,0,-,-,-,-,3718.0000,3717.4000,3717.0000,3716.6000,3716.2000,3719.0000,3719.2000,3719.8000,3720.0000,3720.2000,1,1,1,2,2,5,5,1,2,2
SF,IF2005,2020-04-13 13:32:46.600,3719.8000,11478,0,5654911740.000,0,-,-,-,-,3718.2000,3718.0000,3717.4000,3717.0000,3716.6000,3718.6000,3719.0000,3719.8000,3720.0000,3720.2000,2,1,1,1,2,1,5,1,2,2
SF,IF2005,2020-04-13 13:32:49.100,3718.6000,11479,1,5656027320.000,1,1,0,双开,B,3718.4000,3718.2000,3718.0000,3717.4000,3717.0000,3719.0000,3719.8000,3720.0000,3720.2000,3720.8000,1,2,1,1,1,1,1,2,2,4
SF,IF2005,2020-04-13 13:32:49.600,3718.6000,11479,0,5656027320.000,0,-,-,-,-,3718.4000,3718.2000,3718.0000,3717.4000,3717.0000,3719.0000,3719.8000,3720.0000,3720.2000,3720.8000,1,2,1,1,1,1,1,2,2,4
SF,IF2005,2020-04-13 13:32:51.100,3719.0000,11480,1,5657143020.000,1,1,0,双开,B,3718.4000,3718.2000,3718.0000,3717.4000,3717.0000,3719.8000,3720.0000,3720.2000,3720.8000,3721.0000,1,3,1,1,1,1,2,2,4,7
SF,IF2005,2020-04-13 13:32:51.600,3719.0000,11480,0,5657143020.000,0,-,-,-,-,3718.8000,3718.6000,3718.2000,3718.0000,3717.4000,3719.4000,3719.6000,3719.8000,3720.0000,3720.2000,1,2,1,1,1,5,1,1,2,2
SF,IF2005,2020-04-13 13:32:52.100,3718.8000,11481,1,5658258660.000,1,1,0,双开,B,3718.6000,3718.2000,3718.0000,3717.4000,3717.0000,3719.6000,3719.8000,3720.0000,3720.2000,3720.8000,2,1,1,1,1,1,1,1,1,3
SF,IF2005,2020-04-13 13:32:52.600,3718.8000,11481,0,5658258660.000,0,-,-,-,-,3718.8000,3718.6000,3718.2000,3718.0000,3717.4000,3719.6000,3720.0000,3720.2000,3720.8000,3721.0000,1,2,1,1,1,1,1,1,3,6
SF,IF2005,2020-04-13 13:32:53.100,3718.8000,11482,1,5659374300.000,1,1,0,双开,B,3719.0000,3718.8000,3718.2000,3718.0000,3717.4000,3720.8000,3721.0000,3721.2000,3721.6000,3721.8000,1,3,1,1,1,2,5,2,1,1
SF,IF2005,2020-04-13 13:32:53.600,3719.0000,11483,1,5660490000.000,1,1,0,双开,B,3718.8000,3718.2000,3718.0000,3717.4000,3717.0000,3719.6000,3720.2000,3720.4000,3720.6000,3720.8000,3,1,1,1,1,5,2,1,8,1
SF,IF2005,2020-04-13 13:32:54.100,3719.6000,11484,1,5661605880.000,1,1,0,双开,B,3719.2000,3718.8000,3718.2000,3718.0000,3717.4000,3719.6000,3720.2000,3720.6000,3721.2000,3721.6000,1,2,1,1,1,4,2,7,2,1
SF,IF2005,2020-04-13 13:32:54.600,3719.2000,11485,1,5662721640.000,1,1,0,双开,B,3718.8000,3718.2000,3718.0000,3717.4000,3717.0000,3720.2000,3720.6000,3721.2000,3721.6000,3721.8000,2,1,1,1,1,2,6,2,1,1
SF,IF2005,2020-04-13 13:32:55.100,3719.2000,11485,0,5662721640.000,0,-,-,-,-,3719.6000,3719.0000,3718.8000,3718.2000,3718.0000,3720.0000,3720.2000,3720.6000,3721.2000,3721.6000,1,3,2,1,1,2,1,4,2,1
SF,IF2005,2020-04-13 13:32:55.600,3719.6000,11486,1,5663837520.000,1,1,0,双开,B,3719.0000,3718.8000,3718.2000,3718.0000,3717.4000,3719.6000,3720.0000,3720.2000,3720.6000,3721.2000,3,2,1,1,1,1,2,1,1,2
SF,IF2005,2020-04-13 13:32:56.600,3719.6000,11486,0,5663837520.000,0,-,-,-,-,3719.0000,3718.8000,3718.6000,3718.2000,3718.0000,3719.6000,3720.0000,3720.2000,3720.6000,3721.2000,3,2,1,1,1,1,2,1,1,2
SF,IF2005,2020-04-13 13:32:57.100,3716.6000,11495,9,5677223520.000,12,10,2,多开,B,3716.6000,3716.2000,3716.0000,3715.8000,3715.4000,3720.0000,3720.2000,3721.2000,3721.6000,3721.8000,1,1,3,2,2,2,1,2,1,1
SF,IF2005,2020-04-13 13:32:57.600,3716.6000,11495,0,5677223520.000,0,-,-,-,-,3718.4000,3718.0000,3717.6000,3717.4000,3717.2000,3719.6000,3719.8000,3720.0000,3721.2000,3721.6000,2,2,1,5,1,1,3,2,2,1
SF,IF2005,2020-04-13 13:32:58.100,3718.4000,11496,1,5678339040.000,1,1,0,双开,B,3718.4000,3718.0000,3717.6000,3717.4000,3717.2000,3719.4000,3719.6000,3719.8000,3721.2000,3721.6000,1,1,1,7,1,2,1,1,2,1
SF,IF2005,2020-04-13 13:32:58.600,3719.4000,11497,1,5679454860.000,1,1,0,双开,B,3718.6000,3718.4000,3718.0000,3717.6000,3717.4000,3719.4000,3719.6000,3719.8000,3721.2000,3721.6000,3,1,1,1,7,1,1,1,2,1
SF,IF2005,2020-04-13 13:32:59.100,3719.4000,11497,0,5679454860.000,0,-,-,-,-,3718.6000,3718.4000,3718.0000,3717.6000,3717.4000,3718.8000,3719.4000,3719.6000,3719.8000,3721.2000,2,1,1,1,10,2,1,1,1,2
SF,IF2005,2020-04-13 13:32:59.600,3718.8000,11497,0,5681686140.000,2,1,1,空换,B,3718.8000,3718.6000,3718.0000,3717.6000,3717.4000,3719.4000,3719.6000,3721.2000,3721.6000,3721.8000,1,2,1,1,11,1,1,2,1,1
SF,IF2005,2020-04-13 13:33:00.100,3718.8000,11497,0,5681686140.000,0,-,-,-,-,3718.8000,3718.6000,3718.0000,3717.6000,3717.4000,3719.4000,3719.6000,3721.2000,3721.6000,3721.8000,1,1,1,1,12,1,1,2,1,1
SF,IF2005,2020-04-13 13:33:00.600,3718.8000,11497,0,5681686140.000,0,-,-,-,-,3719.2000,3719.0000,3718.0000,3717.6000,3717.4000,3719.4000,3719.6000,3721.2000,3721.6000,3721.8000,1,1,1,2,9,1,1,2,1,1
SF,IF2005,2020-04-13 13:33:01.100,3718.8000,11498,1,5683917420.000,2,1,1,多开,B,3718.0000,3717.6000,3717.4000,3717.2000,3717.0000,3719.4000,3719.6000,3721.2000,3721.6000,3722.0000,1,2,9,17,6,1,1,2,1,1
SF,IF2005,2020-04-13 13:33:01.600,3718.8000,11498,0,5683917420.000,0,-,-,-,-,3718.2000,3718.0000,3717.6000,3717.4000,3717.2000,3719.6000,3721.2000,3721.6000,3722.0000,3722.2000,6,1,5,10,18,1,2,1,1,1
SF,IF2005,2020-04-13 13:33:02.100,3719.6000,11499,1,5685033300.000,1,1,0,双开,B,3718.6000,3718.4000,3718.2000,3718.0000,3717.6000,3721.2000,3721.6000,3722.0000,3722.2000,3723.0000,1,2,6,1,5,2,1,1,1,1
SF,IF2005,2020-04-13 13:33:02.600,3719.6000,11499,0,5685033300.000,0,-,-,-,-,3719.6000,3719.2000,3718.8000,3718.4000,3718.2000,3720.2000,3720.4000,3720.6000,3720.8000,3721.0000,1,1,4,2,3,5,1,1,3,5
SF,IF2005,2020-04-13 13:33:03.100,3720.2000,11500,1,5686149360.000,1,1,0,双开,B,3719.6000,3718.8000,3718.4000,3718.2000,3718.0000,3720.4000,3720.6000,3720.8000,3721.0000,3721.2000,1,4,2,3,1,1,1,2,2,1
SF,IF2005,2020-04-13 13:33:03.600,3720.2000,11500,0,5686149360.000,0,-,-,-,-,3720.6000,3720.0000,3719.8000,3718.8000,3718.4000,3720.8000,3721.2000,3721.6000,3722.0000,3722.2000,2,1,3,2,5,1,1,1,1,1
SF,IF2005,2020-04-13 13:33:04.100,3720.8000,11500,0,5687265600.000,1,0,1,空换,B,3720.0000,3719.8000,3718.8000,3718.4000,3718.2000,3720.6000,3721.2000,3722.0000,3722.2000,3723.0000,1,3,2,12,4,1,1,1,1,1
SF,IF2005,2020-04-13 13:33:04.600,3721.2000,11501,1,5689498140.000,2,1,1,多开,B,3720.8000,3720.2000,3719.8000,3718.8000,3718.4000,3722.0000,3722.2000,3723.0000,3723.2000,3724.8000,1,2,3,6,13,1,1,1,1,1
SF,IF2005,2020-04-13 13:33:05.100,3720.8000,11501,0,5690614380.000,1,0,1,空换,B,3718.8000,3718.6000,3718.4000,3718.2000,3718.0000,3720.4000,3720.8000,3721.2000,3721.4000,3721.6000,7,1,13,4,3,5,2,2,4,2
SF,IF2005,2020-04-13 13:33:05.600,3720.8000,11502,1,5692846860.000,2,1,1,多开,B,3721.2000,3719.6000,3719.2000,3719.0000,3718.8000,3721.8000,3722.0000,3722.2000,3723.0000,3723.2000,1,1,1,5,3,2,1,1,1,1
SF,IF2005,2020-04-13 13:33:06.100,3721.2000,11503,1,5693963220.000,1,1,0,双开,B,3720.4000,3719.2000,3719.0000,3718.8000,3718.6000,3721.0000,3721.2000,3721.6000,3722.0000,3722.2000,1,1,6,4,1,1,8,2,1,1
SF,IF2005,2020-04-13 13:33:06.600,3721.2000,11503,0,5693963220.000,0,-,-,-,-,3720.6000,3720.4000,3719.2000,3719.0000,3718.8000,3720.8000,3721.2000,3721.6000,3722.0000,3722.2000,1,1,1,7,4,3,8,2,1,1
SF,IF2005,2020-04-13 13:33:07.100,3720.8000,11505,2,5696195700.000,2,2,0,双开,B,3720.8000,3720.6000,3719.2000,3719.0000,3718.8000,3721.2000,3721.6000,3722.0000,3722.2000,3723.0000,1,1,1,7,4,3,1,1,1,1
SF,IF2005,2020-04-13 13:33:07.600,3720.8000,11505,0,5696195700.000,0,-,-,-,-,3720.8000,3720.6000,3719.2000,3719.0000,3718.8000,3721.2000,3722.0000,3722.2000,3723.0000,3723.2000,1,1,2,16,4,3,1,1,1,1
SF,IF2005,2020-04-13 13:33:08.100,3721.2000,11506,1,5697312060.000,1,1,0,双开,B,3720.6000,3719.2000,3719.0000,3718.8000,3718.6000,3721.2000,3722.2000,3723.0000,3723.2000,3723.8000,1,2,19,4,2,2,1,1,1,2
SF,IF2005,2020-04-13 13:33:08.600,3721.2000,11506,0,5699544780.000,2,1,1,空换,B,3720.8000,3720.6000,3719.2000,3719.0000,3718.8000,3722.2000,3723.0000,3723.2000,3723.8000,3724.8000,2,1,4,17,4,1,1,1,2,1
SF,IF2005,2020-04-13 13:33:09.100,3721.2000,11506,0,5699544780.000,0,-,-,-,-,3721.2000,3720.8000,3720.6000,3719.2000,3719.0000,3722.2000,3723.0000,3723.2000,3723.8000,3724.8000,1,3,1,5,17,1,1,1,2,1
SF,IF2005,2020-04-13 13:33:09.600,3721.2000,11507,1,5700661140.000,1,1,0,双开,B,3720.8000,3720.6000,3719.2000,3719.0000,3718.8000,3721.6000,3722.0000,3722.2000,3723.0000,3723.2000,3,1,5,21,4,8,4,1,1,1
SF,IF2005,2020-04-13 13:33:10.100,3721.2000,11507,0,5700661140.000,0,-,-,-,-,3720.8000,3720.6000,3719.2000,3719.0000,3718.8000,3721.4000,3721.6000,3722.0000,3722.2000,3723.0000,1,1,6,20,4,15,8,2,3,1
SF,IF2005,2020-04-13 13:33:10.600,3720.8000,11508,1,5701777380.000,1,1,0,双开,B,3720.6000,3719.6000,3719.2000,3719.0000,3718.8000,3721.2000,3721.4000,3721.6000,3722.0000,3722.2000,1,1,7,20,4,1,9,7,1,2
SF,IF2005,2020-04-13 13:33:11.100,3720.6000,11509,1,5702893560.000,1,1,0,双开,B,3719.6000,3719.2000,3719.0000,3718.8000,3718.6000,3721.2000,3721.4000,3721.6000,3722.0000,3722.2000,1,7,16,4,3,5,9,7,1,2
SF,IF2005,2020-04-13 13:33:11.600,3720.6000,11509,0,5702893560.000,0,-,-,-,-,3719.8000,3719.2000,3719.0000,3718.8000,3718.6000,3721.0000,3721.2000,3721.4000,3721.6000,3722.0000,2,4,14,4,3,7,5,7,7,1
SF,IF2005,2020-04-13 13:33:12.100,3720.6000,11509,0,5702893560.000,0,-,-,-,-,3719.8000,3719.2000,3719.0000,3718.8000,3718.6000,3721.0000,3721.4000,3721.6000,3722.0000,3722.2000,2,3,11,4,3,1,7,7,1,2
SF,IF2005,2020-04-13 13:33:12.600,3720.6000,11509,0,5702893560.000,0,-,-,-,-,3721.2000,3721.0000,3720.0000,3719.8000,3719.2000,3721.6000,3722.0000,3722.2000,3723.0000,3723.2000,1,1,3,2,2,7,1,2,1,1
SF,IF2005,2020-04-13 13:33:13.100,3720.6000,11509,0,5702893560.000,0,-,-,-,-,3721.2000,3721.0000,3720.0000,3719.8000,3719.2000,3722.0000,3722.2000,3723.0000,3723.2000,3724.8000,1,1,3,2,2,1,2,1,1,1
SF,IF2005,2020-04-13 13:33:13.600,3720.6000,11509,0,5702893560.000,0,-,-,-,-,3721.4000,3721.2000,3720.0000,3719.8000,3719.2000,3722.2000,3723.0000,3723.2000,3724.8000,3725.6000,1,1,3,2,4,1,1,1,1,2
SF,IF2005,2020-04-13 13:33:14.100,3720.6000,11509,0,5702893560.000,0,-,-,-,-,3721.4000,3721.2000,3720.0000,3719.8000,3719.6000,3722.0000,3722.2000,3723.0000,3723.2000,3724.8000,1,1,3,2,3,6,1,1,1,1
SF,IF2005,2020-04-13 13:33:14.600,3722.2000,11511,2,5705126820.000,2,2,0,双开,B,3721.2000,3720.0000,3719.8000,3719.6000,3719.4000,3723.0000,3723.2000,3724.8000,3725.6000,3725.8000,1,3,2,4,4,1,1,1,2,1
SF,IF2005,2020-04-13 13:33:15.100,3722.2000,11511,0,5705126820.000,0,-,-,-,-,3721.2000,3720.4000,3720.0000,3719.8000,3719.6000,3721.4000,3721.6000,3721.8000,3722.4000,3722.6000,1,1,2,2,4,1,10,1,4,2
SF,IF2005,2020-04-13 13:33:15.600,3722.2000,11511,0,5705126820.000,0,-,-,-,-,3721.2000,3720.4000,3720.0000,3719.8000,3719.6000,3721.4000,3721.6000,3721.8000,3722.4000,3722.6000,1,1,2,2,4,3,10,1,1,1
SF,IF2005,2020-04-13 13:33:16.100,3721.2000,11512,1,5706243180.000,1,1,0,双开,B,3720.0000,3719.8000,3719.6000,3719.4000,3719.2000,3721.4000,3721.6000,3722.4000,3722.6000,3722.8000,2,2,4,4,3,3,10,1,1,6
SF,IF2005,2020-04-13 13:33:16.600,3721.2000,11512,0,5706243180.000,0,-,-,-,-,3720.6000,3720.4000,3720.2000,3720.0000,3719.6000,3721.4000,3722.8000,3723.0000,3723.2000,3724.8000,1,1,4,2,4,3,5,2,1,1
SF,IF2005,2020-04-13 13:33:17.100,3721.4000,11514,2,5708476020.000,2,2,0,双开,B,3720.8000,3720.6000,3720.2000,3720.0000,3719.6000,3721.4000,3722.8000,3723.0000,3723.2000,3724.8000,1,1,4,2,4,1,5,2,1,1
SF,IF2005,2020-04-13 13:33:17.600,3721.4000,11514,0,5708476020.000,0,-,-,-,-,3720.6000,3720.2000,3720.0000,3719.6000,3719.4000,3721.4000,3722.8000,3723.0000,3723.2000,3724.8000,1,4,2,4,4,1,5,2,1,1
SF,IF2005,2020-04-13 13:33:18.600,3721.4000,11514,0,5708476020.000,0,-,-,-,-,3720.6000,3720.2000,3720.0000,3719.6000,3719.4000,3721.4000,3722.8000,3723.0000,3723.2000,3724.8000,1,4,2,4,4,1,5,2,1,1
SF,IF2005,2020-04-13 13:33:19.100,3721.4000,11514,0,5708476020.000,0,-,-,-,-,3720.6000,3720.2000,3720.0000,3719.6000,3719.4000,3721.4000,3722.8000,3723.0000,3723.2000,3724.8000,1,4,2,4,5,1,5,2,1,1
SF,IF2005,2020-04-13 13:33:19.600,3721.4000,11514,0,5709592440.000,1,0,1,空换,B,3720.8000,3720.6000,3720.2000,3720.0000,3719.6000,3722.8000,3723.0000,3723.2000,3724.8000,3725.6000,2,1,2,2,4,5,2,1,1,2
SF,IF2005,2020-04-13 13:33:20.100,3721.4000,11514,0,5709592440.000,0,-,-,-,-,3721.0000,3720.8000,3720.2000,3720.0000,3719.6000,3722.0000,3722.4000,3722.6000,3722.8000,3723.0000,1,2,2,2,4,9,3,1,6,2
SF,IF2005,2020-04-13 13:33:20.600,3721.4000,11514,0,5709592440.000,0,-,-,-,-,3721.0000,3720.8000,3720.2000,3720.0000,3719.6000,3722.0000,3722.4000,3722.6000,3722.8000,3723.0000,1,2,2,2,4,9,2,1,5,2
SF,IF2005,2020-04-13 13:33:21.100,3721.4000,11514,0,5709592440.000,0,-,-,-,-,3721.2000,3721.0000,3720.2000,3720.0000,3719.6000,3721.8000,3722.4000,3722.6000,3722.8000,3723.0000,2,1,2,2,4,1,1,1,4,2
SF,IF2005,2020-04-13 13:33:21.600,3721.4000,11514,0,5709592440.000,0,-,-,-,-,3721.0000,3720.2000,3720.0000,3719.6000,3719.4000,3721.8000,3722.4000,3722.6000,3722.8000,3723.0000,1,2,5,1,6,1,1,1,4,2
SF,IF2005,2020-04-13 13:33:23.100,3721.4000,11514,0,5709592440.000,0,-,-,-,-,3721.0000,3720.2000,3720.0000,3719.6000,3719.4000,3721.2000,3721.8000,3722.6000,3722.8000,3723.0000,1,2,5,1,6,1,1,1,4,2
SF,IF2005,2020-04-13 13:33:23.600,3721.2000,11515,1,5710708800.000,1,1,0,双开,B,3720.2000,3720.0000,3719.6000,3719.4000,3719.2000,3721.8000,3722.6000,3722.8000,3723.0000,3723.2000,2,5,1,6,5,1,1,4,2,1
SF,IF2005,2020-04-13 13:33:24.100,3721.2000,11515,0,5710708800.000,0,-,-,-,-,3720.6000,3720.4000,3720.2000,3720.0000,3719.6000,3721.6000,3721.8000,3722.6000,3722.8000,3723.0000,1,2,2,5,1,2,1,1,2,2
SF,IF2005,2020-04-13 13:33:24.600,3721.2000,11515,0,5710708800.000,0,-,-,-,-,3720.6000,3720.4000,3720.2000,3720.0000,3719.6000,3721.6000,3721.8000,3722.6000,3722.8000,3723.0000,1,4,2,4,1,4,1,1,2,2
SF,IF2005,2020-04-13 13:33:25.100,3721.6000,11516,1,5712941760.000,2,1,1,多开,B,3720.6000,3720.4000,3720.2000,3720.0000,3719.6000,3721.6000,3721.8000,3722.6000,3722.8000,3723.0000,1,4,2,4,1,2,1,1,2,2
SF,IF2005,2020-04-13 13:33:25.600,3721.6000,11516,0,5712941760.000,0,-,-,-,-,3720.8000,3720.6000,3720.4000,3720.2000,3720.0000,3721.6000,3721.8000,3722.6000,3722.8000,3723.0000,2,1,2,2,1,2,1,1,2,2
SF,IF2005,2020-04-13 13:33:27.100,3721.6000,11516,0,5712941760.000,0,-,-,-,-,3720.8000,3720.6000,3720.4000,3720.2000,3720.0000,3721.6000,3721.8000,3722.6000,3722.8000,3723.0000,2,1,2,2,2,2,1,1,2,2
SF,IF2005,2020-04-13 13:33:27.600,3721.6000,11516,0,5712941760.000,0,-,-,-,-,3720.4000,3720.2000,3720.0000,3719.6000,3719.4000,3721.4000,3721.6000,3722.6000,3722.8000,3723.0000,1,1,2,4,6,3,2,1,2,2
SF,IF2005,2020-04-13 13:33:28.100,3721.6000,11516,0,5712941760.000,0,-,-,-,-,3720.6000,3720.0000,3719.6000,3719.4000,3719.2000,3721.2000,3721.4000,3721.6000,3722.6000,3722.8000,2,2,3,5,5,10,3,2,1,2
SF,IF2005,2020-04-13 13:33:28.600,3721.6000,11516,0,5712941760.000,0,-,-,-,-,3720.6000,3720.0000,3719.6000,3719.4000,3719.2000,3721.2000,3721.4000,3721.6000,3722.6000,3722.8000,2,2,3,5,4,10,3,2,1,2
SF,IF2005,2020-04-13 13:33:29.100,3721.6000,11516,0,5712941760.000,0,-,-,-,-,3720.6000,3720.0000,3719.6000,3719.4000,3719.2000,3721.4000,3721.6000,3722.6000,3722.8000,3723.0000,2,2,3,5,2,1,2,1,2,2
SF,IF2005,2020-04-13 13:33:30.100,3721.6000,11516,0,5712941760.000,0,-,-,-,-,3720.6000,3720.0000,3719.6000,3719.4000,3719.2000,3721.4000,3721.6000,3722.6000,3722.8000,3723.0000,2,2,3,5,3,1,2,1,2,2
SF,IF2005,2020-04-13 13:33:30.600,3721.6000,11516,0,5712941760.000,0,-,-,-,-,3720.6000,3720.0000,3719.6000,3719.4000,3719.2000,3721.4000,3721.6000,3722.6000,3722.8000,3723.0000,2,2,3,5,3,1,2,1,2,2
SF,IF2005,2020-04-13 13:33:31.600,3721.6000,11516,0,5712941760.000,0,-,-,-,-,3720.6000,3720.0000,3719.6000,3719.4000,3719.2000,3721.4000,3721.6000,3722.6000,3722.8000,3723.0000,2,2,3,5,3,1,2,1,2,2
SF,IF2005,2020-04-13 13:33:32.100,3721.6000,11516,0,5712941760.000,0,-,-,-,-,3720.6000,3720.0000,3719.6000,3719.4000,3719.2000,3721.4000,3721.6000,3722.6000,3722.8000,3723.0000,2,2,3,6,3,1,2,1,2,2
SF,IF2005,2020-04-13 13:33:33.100,3721.6000,11516,0,5712941760.000,0,-,-,-,-,3720.6000,3720.0000,3719.6000,3719.4000,3719.2000,3721.4000,3721.6000,3722.6000,3722.8000,3723.0000,2,2,3,6,3,1,2,1,2,2
SF,IF2005,2020-04-13 13:33:34.600,3721.6000,11516,0,5712941760.000,0,-,-,-,-,3720.6000,3720.0000,3719.6000,3719.4000,3719.2000,3721.4000,3721.6000,3722.6000,3722.8000,3723.0000,2,2,3,6,3,1,2,1,2,2
SF,IF2005,2020-04-13 13:33:35.100,3721.6000,11516,0,5712941760.000,0,-,-,-,-,3720.6000,3720.0000,3719.6000,3719.4000,3719.2000,3721.4000,3721.6000,3722.6000,3722.8000,3723.0000,2,2,4,6,3,1,2,1,2,2
SF,IF2005,2020-04-13 13:33:35.600,3721.6000,11516,0,5712941760.000,0,-,-,-,-,3720.8000,3720.6000,3720.0000,3719.6000,3719.4000,3721.4000,3721.6000,3722.6000,3722.8000,3723.0000,1,2,2,4,6,1,2,1,2,2
SF,IF2005,2020-04-13 13:33:36.100,3721.6000,11516,0,5712941760.000,0,-,-,-,-,3720.8000,3720.6000,3720.0000,3719.6000,3719.4000,3721.4000,3721.6000,3722.6000,3722.8000,3723.0000,1,2,2,4,6,1,2,1,2,2
SF,IF2005,2020-04-13 13:33:39.100,3721.6000,11516,0,5712941760.000,0,-,-,-,-,3720.6000,3720.0000,3719.6000,3719.4000,3719.2000,3721.4000,3721.6000,3722.6000,3722.8000,3723.0000,2,2,4,6,3,1,2,1,2,2
SF,IF2005,2020-04-13 13:33:41.100,3721.6000,11516,0,5712941760.000,0,-,-,-,-,3720.6000,3720.0000,3719.6000,3719.4000,3719.2000,3721.2000,3721.4000,3721.6000,3722.6000,3722.8000,2,2,4,6,3,1,1,2,1,2
SF,IF2005,2020-04-13 13:33:41.600,3721.6000,11516,0,5712941760.000,0,-,-,-,-,3720.6000,3720.0000,3719.6000,3719.4000,3719.2000,3721.2000,3721.4000,3721.6000,3722.6000,3722.8000,2,2,4,6,3,1,1,2,1,2
SF,IF2005,2020-04-13 13:33:42.600,3720.6000,11517,1,5714057940.000,1,1,0,双开,B,3720.6000,3720.0000,3719.6000,3719.4000,3719.2000,3721.2000,3721.4000,3721.6000,3722.6000,3722.8000,1,2,4,4,3,1,1,2,1,2
SF,IF2005,2020-04-13 13:33:43.600,3720.6000,11517,0,5714057940.000,0,-,-,-,-,3720.6000,3720.0000,3719.6000,3719.4000,3719.2000,3721.2000,3721.4000,3721.6000,3722.6000,3722.8000,1,2,1,4,3,1,1,2,1,2
SF,IF2005,2020-04-13 13:33:44.100,3720.6000,11517,0,5714057940.000,0,-,-,-,-,3720.6000,3720.0000,3719.4000,3719.2000,3719.0000,3721.0000,3721.2000,3721.6000,3722.6000,3722.8000,1,2,4,6,12,1,1,2,1,2
SF,IF2005,2020-04-13 13:33:44.600,3720.6000,11517,0,5714057940.000,0,-,-,-,-,3720.6000,3720.0000,3719.4000,3719.2000,3719.0000,3721.0000,3721.2000,3721.6000,3722.6000,3722.8000,1,2,4,6,12,1,1,2,1,2
SF,IF2005,2020-04-13 13:33:45.100,3720.6000,11517,0,5714057940.000,0,-,-,-,-,3720.6000,3720.0000,3719.4000,3719.2000,3719.0000,3721.0000,3721.2000,3721.6000,3722.6000,3722.8000,1,2,4,6,12,1,1,2,1,2
SF,IF2005,2020-04-13 13:33:48.100,3721.0000,11517,0,5715174240.000,1,0,1,空换,B,3720.6000,3720.0000,3719.4000,3719.2000,3719.0000,3721.2000,3721.6000,3722.6000,3722.8000,3723.0000,1,2,4,6,12,1,2,1,2,2
SF,IF2005,2020-04-13 13:33:51.600,3721.0000,11517,0,5715174240.000,0,-,-,-,-,3720.6000,3720.0000,3719.4000,3719.2000,3719.0000,3721.2000,3721.6000,3722.6000,3722.8000,3723.0000,1,2,5,6,12,1,2,1,2,2
SF,IF2005,2020-04-13 13:33:52.100,3721.0000,11517,0,5715174240.000,0,-,-,-,-,3720.6000,3720.0000,3719.4000,3719.2000,3719.0000,3721.2000,3721.6000,3722.6000,3722.8000,3723.0000,1,2,4,6,12,1,2,1,2,2
SF,IF2005,2020-04-13 13:33:52.600,3721.0000,11517,0,5715174240.000,0,-,-,-,-,3720.6000,3720.0000,3719.8000,3719.4000,3719.2000,3721.2000,3721.6000,3722.6000,3722.8000,3723.0000,1,2,1,4,6,1,2,1,2,2
SF,IF2005,2020-04-13 13:33:55.100,3721.0000,11517,0,5715174240.000,0,-,-,-,-,3720.8000,3720.6000,3720.0000,3719.8000,3719.4000,3721.6000,3722.6000,3722.8000,3723.0000,3723.2000,1,1,2,1,4,2,1,2,2,1
SF,IF2005,2020-04-13 13:33:55.600,3721.0000,11517,0,5715174240.000,0,-,-,-,-,3720.8000,3720.6000,3720.0000,3719.8000,3719.4000,3721.6000,3722.6000,3722.8000,3723.0000,3723.2000,1,1,2,1,4,2,1,2,2,1
SF,IF2005,2020-04-13 13:33:56.100,3721.0000,11517,0,5715174240.000,0,-,-,-,-,3720.8000,3720.6000,3720.0000,3719.8000,3719.4000,3721.6000,3722.6000,3722.8000,3723.0000,3723.2000,1,1,2,1,4,2,1,2,2,1
SF,IF2005,2020-04-13 13:33:56.600,3721.0000,11517,0,5715174240.000,0,-,-,-,-,3720.8000,3720.6000,3720.0000,3719.8000,3719.4000,3721.4000,3721.6000,3722.6000,3722.8000,3723.0000,1,1,2,1,4,1,2,1,2,2
SF,IF2005,2020-04-13 13:33:57.100,3721.0000,11517,0,5715174240.000,0,-,-,-,-,3720.6000,3720.0000,3719.8000,3719.4000,3719.2000,3721.4000,3721.6000,3722.6000,3722.8000,3723.0000,1,2,1,4,6,2,2,1,2,2
SF,IF2005,2020-04-13 13:33:57.600,3721.0000,11517,0,5715174240.000,0,-,-,-,-,3720.6000,3720.0000,3719.8000,3719.4000,3719.2000,3721.4000,3721.6000,3722.6000,3722.8000,3723.0000,1,2,1,4,6,1,2,1,2,2
SF,IF2005,2020-04-13 13:33:59.600,3721.0000,11517,0,5715174240.000,0,-,-,-,-,3720.6000,3720.0000,3719.8000,3719.4000,3719.2000,3721.4000,3721.6000,3722.6000,3722.8000,3723.0000,1,2,1,4,6,1,2,1,2,2
SF,IF2005,2020-04-13 13:34:00.600,3721.0000,11517,0,5715174240.000,0,-,-,-,-,3720.6000,3720.0000,3719.8000,3719.4000,3719.2000,3721.0000,3721.2000,3721.4000,3721.6000,3722.6000,1,2,1,3,6,5,1,1,2,1
SF,IF2005,2020-04-13 13:34:01.100,3720.6000,11518,1,5716290420.000,1,1,0,双开,B,3720.0000,3719.8000,3719.4000,3719.2000,3719.0000,3720.6000,3720.8000,3721.0000,3721.2000,3721.6000,1,1,3,6,11,1,2,6,1,2
SF,IF2005,2020-04-13 13:34:01.600,3720.6000,11520,2,5718522840.000,2,2,0,双开,B,3720.0000,3719.2000,3719.0000,3718.8000,3718.4000,3720.8000,3721.0000,3721.2000,3721.6000,3722.6000,1,4,11,7,2,1,1,1,2,1
SF,IF2005,2020-04-13 13:34:02.100,3720.6000,11520,0,5718522840.000,0,-,-,-,-,3720.0000,3719.2000,3719.0000,3718.8000,3718.4000,3721.0000,3721.2000,3721.6000,3722.6000,3722.8000,1,4,3,7,2,1,1,2,1,2
SF,IF2005,2020-04-13 13:34:02.600,3720.6000,11520,0,5718522840.000,0,-,-,-,-,3720.0000,3719.2000,3719.0000,3718.8000,3718.6000,3720.6000,3720.8000,3721.0000,3721.6000,3722.6000,1,4,3,7,1,5,4,2,2,1
SF,IF2005,2020-04-13 13:34:03.100,3720.6000,11520,0,5718522840.000,0,-,-,-,-,3720.0000,3719.2000,3719.0000,3718.8000,3718.6000,3720.8000,3721.0000,3721.6000,3722.6000,3722.8000,1,1,2,7,4,4,2,2,1,2
SF,IF2005,2020-04-13 13:34:03.600,3720.6000,11520,0,5718522840.000,0,-,-,-,-,3720.0000,3719.2000,3719.0000,3718.8000,3718.6000,3720.8000,3721.0000,3721.6000,3722.6000,3722.8000,1,1,2,7,4,3,2,2,1,2
SF,IF2005,2020-04-13 13:34:04.100,3720.6000,11520,0,5718522840.000,0,-,-,-,-,3720.2000,3720.0000,3719.2000,3719.0000,3718.8000,3720.8000,3721.0000,3721.6000,3722.6000,3722.8000,1,1,1,2,7,1,2,2,1,2
SF,IF2005,2020-04-13 13:34:04.600,3720.6000,11520,0,5718522840.000,0,-,-,-,-,3720.2000,3720.0000,3719.2000,3719.0000,3718.8000,3721.6000,3722.6000,3722.8000,3723.0000,3723.2000,2,1,1,2,7,2,1,2,2,1
SF,IF2005,2020-04-13 13:34:05.100,3720.6000,11520,0,5718522840.000,0,-,-,-,-,3720.8000,3720.4000,3720.2000,3720.0000,3719.2000,3721.4000,3721.6000,3722.6000,3722.8000,3723.0000,1,3,2,1,1,3,2,1,2,2
SF,IF2005,2020-04-13 13:34:05.600,3720.6000,11520,0,5718522840.000,0,-,-,-,-,3720.8000,3720.4000,3720.2000,3720.0000,3719.2000,3721.4000,3721.6000,3722.6000,3722.8000,3723.0000,1,3,2,1,1,2,2,1,2,2
SF,IF2005,2020-04-13 13:34:06.100,3721.2000,11521,1,5719639200.000,1,1,0,双开,B,3720.6000,3720.4000,3720.2000,3720.0000,3719.2000,3721.4000,3721.6000,3722.6000,3722.8000,3723.0000,2,3,2,1,1,2,2,1,2,2
SF,IF2005,2020-04-13 13:34:06.600,3721.2000,11521,0,5719639200.000,0,-,-,-,-,3720.6000,3720.4000,3720.2000,3720.0000,3719.2000,3721.4000,3721.6000,3722.6000,3722.8000,3723.0000,2,2,2,1,1,2,2,1,2,2
SF,IF2005,2020-04-13 13:34:07.100,3721.2000,11521,0,5719639200.000,0,-,-,-,-,3720.6000,3720.4000,3720.2000,3720.0000,3719.2000,3721.4000,3721.6000,3722.6000,3722.8000,3723.0000,2,2,2,1,1,2,2,1,2,2
SF,IF2005,2020-04-13 13:34:10.600,3721.2000,11521,0,5719639200.000,0,-,-,-,-,3720.6000,3720.4000,3720.2000,3720.0000,3719.2000,3721.4000,3721.6000,3722.6000,3722.8000,3723.0000,2,2,1,1,1,2,2,1,2,2
SF,IF2005,2020-04-13 13:34:11.100,3721.2000,11521,0,5719639200.000,0,-,-,-,-,3720.4000,3720.2000,3720.0000,3719.2000,3719.0000,3721.6000,3722.6000,3722.8000,3723.0000,3723.2000,2,1,1,1,2,2,1,2,2,1
SF,IF2005,2020-04-13 13:34:11.600,3721.2000,11521,0,5719639200.000,0,-,-,-,-,3720.6000,3720.4000,3720.0000,3719.2000,3719.0000,3721.6000,3722.6000,3722.8000,3723.0000,3723.2000,3,2,1,1,2,2,1,2,2,1
SF,IF2005,2020-04-13 13:34:12.100,3721.2000,11521,0,5719639200.000,0,-,-,-,-,3721.2000,3720.8000,3720.6000,3720.0000,3719.2000,3721.6000,3722.6000,3722.8000,3723.0000,3723.2000,2,2,4,1,1,2,1,2,2,1
SF,IF2005,2020-04-13 13:34:12.600,3721.6000,11522,1,5720755680.000,1,1,0,双开,B,3721.2000,3720.8000,3720.6000,3720.0000,3719.2000,3721.6000,3722.6000,3722.8000,3723.0000,3723.2000,2,2,3,1,1,1,1,2,2,1
SF,IF2005,2020-04-13 13:34:13.100,3721.6000,11522,0,5720755680.000,0,-,-,-,-,3721.2000,3720.8000,3720.6000,3720.0000,3719.6000,3721.6000,3721.8000,3722.6000,3722.8000,3723.0000,2,2,3,1,3,1,1,1,2,2
SF,IF2005,2020-04-13 13:34:13.600,3721.6000,11522,0,5720755680.000,0,-,-,-,-,3721.2000,3720.8000,3720.6000,3720.0000,3719.6000,3721.6000,3721.8000,3722.6000,3722.8000,3723.0000,2,2,3,1,3,1,1,1,2,2
SF,IF2005,2020-04-13 13:34:14.600,3721.6000,11522,0,5720755680.000,0,-,-,-,-,3721.2000,3720.8000,3720.6000,3720.0000,3719.6000,3721.6000,3721.8000,3722.6000,3722.8000,3723.0000,2,2,2,1,3,1,1,1,2,2
SF,IF2005,2020-04-13 13:34:15.100,3721.6000,11522,0,5720755680.000,0,-,-,-,-,3721.2000,3720.8000,3720.6000,3720.0000,3719.6000,3721.6000,3721.8000,3722.6000,3722.8000,3723.0000,2,2,2,1,3,1,1,1,2,2
SF,IF2005,2020-04-13 13:34:15.600,3721.6000,11523,1,5721872160.000,1,1,0,双开,B,3721.2000,3720.8000,3720.6000,3720.0000,3719.6000,3721.8000,3722.6000,3722.8000,3723.0000,3723.6000,2,2,2,1,3,1,1,2,2,1
SF,IF2005,2020-04-13 13:34:16.100,3721.6000,11523,0,5721872160.000,0,-,-,-,-,3721.2000,3720.8000,3720.6000,3720.0000,3719.6000,3722.6000,3722.8000,3723.0000,3723.6000,3723.8000,2,2,2,1,3,1,2,2,1,1
SF,IF2005,2020-04-13 13:34:16.600,3721.6000,11523,0,5721872160.000,0,-,-,-,-,3721.4000,3720.6000,3720.0000,3719.6000,3719.4000,3722.0000,3722.4000,3722.6000,3722.8000,3723.0000,2,2,1,3,1,5,6,1,2,2
SF,IF2005,2020-04-13 13:34:17.100,3721.6000,11523,0,5721872160.000,0,-,-,-,-,3721.6000,3721.4000,3720.6000,3720.0000,3719.6000,3722.0000,3722.4000,3722.6000,3722.8000,3723.0000,2,2,2,1,3,5,5,1,2,2
SF,IF2005,2020-04-13 13:34:17.600,3721.6000,11523,0,5721872160.000,0,-,-,-,-,3721.6000,3720.6000,3720.0000,3719.6000,3719.4000,3722.0000,3722.4000,3722.6000,3722.8000,3723.0000,2,2,1,3,1,5,5,1,2,2
SF,IF2005,2020-04-13 13:34:18.100,3721.6000,11523,0,5721872160.000,0,-,-,-,-,3721.6000,3720.6000,3720.0000,3719.6000,3719.4000,3721.8000,3722.0000,3722.4000,3722.6000,3722.8000,2,2,1,3,1,2,5,4,1,2
SF,IF2005,2020-04-13 13:34:18.600,3721.6000,11523,0,5721872160.000,0,-,-,-,-,3721.6000,3720.6000,3720.0000,3719.6000,3719.4000,3721.8000,3722.0000,3722.4000,3722.6000,3722.8000,2,1,1,3,1,1,5,3,1,2
SF,IF2005,2020-04-13 13:34:19.100,3721.6000,11523,0,5721872160.000,0,-,-,-,-,3721.6000,3720.6000,3720.0000,3719.6000,3719.4000,3721.8000,3722.0000,3722.4000,3722.6000,3722.8000,2,1,1,3,1,2,5,3,1,2
SF,IF2005,2020-04-13 13:34:20.100,3721.6000,11525,2,5724105120.000,2,2,0,双开,B,3720.6000,3720.0000,3719.6000,3719.4000,3719.2000,3721.8000,3722.0000,3722.4000,3722.6000,3722.8000,1,1,3,1,1,2,5,3,1,2
SF,IF2005,2020-04-13 13:34:20.600,3721.6000,11525,0,5724105120.000,0,-,-,-,-,3720.8000,3720.6000,3720.0000,3719.6000,3719.4000,3721.8000,3722.0000,3722.4000,3722.6000,3722.8000,2,1,1,3,1,1,5,2,1,2
SF,IF2005,2020-04-13 13:34:21.100,3721.6000,11525,0,5724105120.000,0,-,-,-,-,3720.8000,3720.6000,3720.0000,3719.6000,3719.4000,3721.8000,3722.0000,3722.4000,3722.6000,3722.8000,3,1,1,3,1,1,5,2,1,2
SF,IF2005,2020-04-13 13:34:22.100,3721.6000,11525,0,5724105120.000,0,-,-,-,-,3720.8000,3720.6000,3720.0000,3719.6000,3719.4000,3721.8000,3722.4000,3722.6000,3722.8000,3723.0000,3,1,1,3,1,1,2,1,2,2
SF,IF2005,2020-04-13 13:34:22.600,3721.8000,11526,1,5725221660.000,1,1,0,双开,B,3721.0000,3720.8000,3720.6000,3720.0000,3719.6000,3722.4000,3722.6000,3722.8000,3723.0000,3723.6000,1,3,1,1,3,2,1,1,1,1
SF,IF2005,2020-04-13 13:34:23.100,3721.8000,11526,0,5725221660.000,0,-,-,-,-,3721.8000,3721.2000,3721.0000,3720.6000,3720.0000,3722.2000,3722.4000,3722.8000,3723.0000,3723.6000,1,3,1,1,1,1,2,1,1,1
SF,IF2005,2020-04-13 13:34:23.600,3721.8000,11526,0,5725221660.000,0,-,-,-,-,3721.8000,3721.2000,3720.6000,3720.0000,3719.6000,3722.4000,3722.8000,3723.0000,3723.6000,3723.8000,1,4,1,1,3,2,1,1,1,1
SF,IF2005,2020-04-13 13:34:24.100,3722.2000,11527,1,5726338320.000,1,1,0,双开,B,3721.2000,3720.6000,3720.0000,3719.8000,3719.6000,3722.2000,3722.4000,3722.8000,3723.0000,3723.6000,4,1,1,1,3,1,2,1,1,1
SF,IF2005,2020-04-13 13:34:25.100,3722.2000,11527,0,5726338320.000,0,-,-,-,-,3721.4000,3721.2000,3720.0000,3719.8000,3719.6000,3722.2000,3722.4000,3722.8000,3723.0000,3723.6000,1,4,1,1,3,1,2,1,1,1
SF,IF2005,2020-04-13 13:34:25.600,3722.2000,11528,1,5727454980.000,1,1,0,双开,B,3721.6000,3721.4000,3721.2000,3720.0000,3719.8000,3722.0000,3723.0000,3723.6000,3723.8000,3724.8000,2,2,2,1,1,1,1,1,1,1
SF,IF2005,2020-04-13 13:34:26.100,3722.2000,11529,1,5728571640.000,1,1,0,双开,B,3721.8000,3721.6000,3721.4000,3721.2000,3720.0000,3722.6000,3723.0000,3723.6000,3723.8000,3724.8000,1,2,1,2,1,1,1,1,1,1
SF,IF2005,2020-04-13 13:34:26.600,3722.2000,11529,0,5728571640.000,0,-,-,-,-,3722.0000,3721.8000,3721.6000,3721.4000,3721.2000,3723.0000,3723.6000,3723.8000,3724.8000,3725.6000,1,1,2,1,1,1,1,1,1,2
SF,IF2005,2020-04-13 13:34:27.100,3722.2000,11529,0,5728571640.000,0,-,-,-,-,3722.0000,3721.8000,3721.6000,3721.4000,3721.2000,3723.0000,3723.2000,3723.6000,3723.8000,3724.8000,1,1,2,1,1,1,1,1,1,1
SF,IF2005,2020-04-13 13:34:27.600,3722.2000,11529,0,5728571640.000,0,-,-,-,-,3722.4000,3721.8000,3721.6000,3721.4000,3721.2000,3723.0000,3723.2000,3723.6000,3723.8000,3724.8000,1,1,2,1,1,1,1,1,1,1
SF,IF2005,2020-04-13 13:34:28.100,3722.4000,11530,1,5729688360.000,1,1,0,双开,B,3721.8000,3721.6000,3721.4000,3721.2000,3720.0000,3723.0000,3723.2000,3723.6000,3723.8000,3724.8000,1,2,1,1,1,1,1,1,1,1
SF,IF2005,2020-04-13 13:34:28.600,3722.4000,11530,0,5729688360.000,0,-,-,-,-,3722.0000,3721.8000,3721.4000,3721.2000,3720.0000,3722.8000,3723.0000,3723.6000,3723.8000,3724.8000,2,1,1,1,1,2,1,1,1,1
SF,IF2005,2020-04-13 13:34:30.100,3722.4000,11530,0,5729688360.000,0,-,-,-,-,3722.0000,3721.8000,3721.4000,3721.2000,3720.4000,3722.8000,3723.0000,3723.6000,3723.8000,3724.8000,2,1,1,1,1,2,1,1,1,1
SF,IF2005,2020-04-13 13:34:32.100,3722.4000,11530,0,5729688360.000,0,-,-,-,-,3722.0000,3721.8000,3721.4000,3721.2000,3720.4000,3722.8000,3723.0000,3723.6000,3723.8000,3724.8000,2,1,1,2,1,2,1,1,1,1
SF,IF2005,2020-04-13 13:34:33.600,3722.4000,11530,0,5729688360.000,0,-,-,-,-,3722.0000,3721.8000,3721.4000,3721.2000,3720.4000,3722.8000,3723.0000,3723.6000,3723.8000,3724.8000,4,1,1,2,1,2,1,1,1,1
SF,IF2005,2020-04-13 13:34:36.100,3722.4000,11530,0,5729688360.000,0,-,-,-,-,3722.0000,3721.8000,3721.4000,3721.2000,3720.4000,3722.6000,3722.8000,3723.0000,3723.6000,3723.8000,4,1,1,2,1,1,2,1,1,1
SF,IF2005,2020-04-13 13:34:36.600,3722.4000,11530,0,5729688360.000,0,-,-,-,-,3722.0000,3721.8000,3721.4000,3721.2000,3720.4000,3722.6000,3722.8000,3723.0000,3723.6000,3723.8000,2,1,1,2,1,2,2,1,1,1
SF,IF2005,2020-04-13 13:34:37.100,3722.4000,11530,0,5729688360.000,0,-,-,-,-,3722.0000,3721.4000,3721.2000,3720.4000,3720.0000,3722.6000,3722.8000,3723.0000,3723.6000,3723.8000,2,1,2,1,1,2,2,1,1,1
SF,IF2005,2020-04-13 13:34:37.600,3722.0000,11532,2,5731921560.000,2,2,0,双开,B,3721.4000,3721.2000,3720.4000,3720.0000,3719.8000,3722.2000,3722.8000,3723.0000,3723.6000,3723.8000,1,2,1,1,1,6,2,1,1,1
SF,IF2005,2020-04-13 13:34:38.100,3722.0000,11532,0,5731921560.000,0,-,-,-,-,3721.4000,3721.2000,3720.4000,3720.0000,3719.8000,3722.2000,3722.8000,3723.0000,3723.6000,3723.8000,1,2,1,1,1,1,2,1,1,1
SF,IF2005,2020-04-13 13:34:38.600,3722.0000,11532,0,5731921560.000,0,-,-,-,-,3721.2000,3720.4000,3720.0000,3719.8000,3719.6000,3722.2000,3722.4000,3722.8000,3723.0000,3723.6000,2,1,1,1,3,1,1,2,1,1
SF,IF2005,2020-04-13 13:34:39.100,3722.0000,11532,0,5731921560.000,0,-,-,-,-,3721.2000,3720.0000,3719.6000,3719.4000,3719.2000,3722.2000,3722.8000,3723.0000,3723.6000,3723.8000,1,1,3,3,1,1,2,1,1,1
SF,IF2005,2020-04-13 13:34:39.600,3722.0000,11532,0,5731921560.000,0,-,-,-,-,3721.2000,3720.0000,3719.6000,3719.4000,3719.2000,3722.0000,3722.2000,3722.8000,3723.0000,3723.6000,1,1,3,3,2,1,1,2,1,1
SF,IF2005,2020-04-13 13:34:47.100,3722.0000,11532,0,5731921560.000,0,-,-,-,-,3721.4000,3721.2000,3720.0000,3719.6000,3719.4000,3722.0000,3722.2000,3722.8000,3723.0000,3723.6000,1,1,1,3,3,1,1,2,1,1
SF,IF2005,2020-04-13 13:34:47.600,3722.0000,11532,0,5731921560.000,0,-,-,-,-,3721.6000,3721.4000,3721.2000,3720.0000,3719.6000,3722.0000,3722.2000,3722.8000,3723.0000,3723.6000,1,1,1,1,3,1,1,2,1,1
SF,IF2005,2020-04-13 13:34:48.100,3722.0000,11533,1,5733038160.000,1,1,0,双开,B,3721.6000,3721.4000,3721.2000,3720.0000,3719.6000,3722.2000,3722.8000,3723.0000,3723.6000,3723.8000,1,1,1,1,3,1,2,1,1,1
SF,IF2005,2020-04-13 13:34:48.600,3722.0000,11533,0,5733038160.000,0,-,-,-,-,3721.6000,3721.4000,3721.2000,3720.0000,3719.6000,3722.2000,3722.8000,3723.0000,3723.6000,3723.8000,1,1,1,1,3,1,2,1,1,1
SF,IF2005,2020-04-13 13:34:50.100,3722.0000,11533,0,5733038160.000,0,-,-,-,-,3721.8000,3721.6000,3721.2000,3720.0000,3719.6000,3722.2000,3722.8000,3723.0000,3723.6000,3723.8000,1,1,1,1,3,1,2,1,1,1
SF,IF2005,2020-04-13 13:34:51.600,3722.2000,11534,1,5734154820.000,1,1,0,双开,B,3721.8000,3721.6000,3721.2000,3720.0000,3719.6000,3722.8000,3723.0000,3723.6000,3723.8000,3724.8000,1,1,1,1,3,2,1,1,1,1
SF,IF2005,2020-04-13 13:34:54.600,3722.2000,11534,0,5734154820.000,0,-,-,-,-,3721.8000,3721.6000,3721.2000,3720.0000,3719.6000,3722.8000,3723.0000,3723.6000,3723.8000,3724.8000,1,1,1,1,3,2,1,1,1,1
SF,IF2005,2020-04-13 13:34:55.600,3722.8000,11534,0,5735271660.000,1,0,1,空换,B,3722.0000,3721.8000,3721.2000,3720.0000,3719.6000,3722.8000,3723.0000,3723.6000,3723.8000,3724.8000,1,1,1,1,3,1,1,1,1,1
SF,IF2005,2020-04-13 13:34:56.100,3722.8000,11534,0,5735271660.000,0,-,-,-,-,3722.0000,3721.8000,3721.2000,3720.0000,3719.6000,3722.4000,3722.6000,3722.8000,3723.0000,3723.6000,1,1,1,1,3,6,1,1,1,1
SF,IF2005,2020-04-13 13:34:56.600,3722.8000,11534,0,5735271660.000,0,-,-,-,-,3722.0000,3721.8000,3721.2000,3720.0000,3719.6000,3722.4000,3722.6000,3722.8000,3723.0000,3723.6000,1,1,1,1,3,1,1,1,1,1
SF,IF2005,2020-04-13 13:34:57.100,3722.8000,11534,0,5735271660.000,0,-,-,-,-,3722.0000,3721.8000,3721.2000,3720.0000,3719.6000,3722.4000,3722.6000,3722.8000,3723.0000,3723.6000,1,1,1,1,3,2,1,1,1,1
SF,IF2005,2020-04-13 13:34:58.100,3722.8000,11534,0,5735271660.000,0,-,-,-,-,3721.8000,3721.2000,3720.0000,3719.6000,3719.4000,3722.4000,3722.6000,3722.8000,3723.0000,3723.6000,1,1,1,3,3,2,1,1,1,1
SF,IF2005,2020-04-13 13:34:58.600,3722.8000,11534,0,5735271660.000,0,-,-,-,-,3721.8000,3721.2000,3720.0000,3719.6000,3719.4000,3722.4000,3722.6000,3722.8000,3723.0000,3723.6000,1,1,1,3,3,1,1,1,1,1
SF,IF2005,2020-04-13 13:35:01.100,3721.8000,11535,1,5736388200.000,1,1,0,双开,B,3721.2000,3720.0000,3719.6000,3719.4000,3719.2000,3721.8000,3722.2000,3722.4000,3722.8000,3723.0000,1,1,3,3,1,6,2,1,1,1
SF,IF2005,2020-04-13 13:35:01.600,3721.8000,11535,0,5737504740.000,1,0,1,空换,B,3721.2000,3720.0000,3719.6000,3719.4000,3719.2000,3722.2000,3722.4000,3722.8000,3723.0000,3723.6000,1,1,3,3,1,3,1,1,1,1
SF,IF2005,2020-04-13 13:35:02.100,3721.2000,11536,1,5738621100.000,1,1,0,双开,B,3720.0000,3719.6000,3719.4000,3719.2000,3719.0000,3721.6000,3722.0000,3722.2000,3722.4000,3723.0000,1,3,3,1,2,5,4,2,1,1
SF,IF2005,2020-04-13 13:35:02.600,3721.2000,11536,0,5738621100.000,0,-,-,-,-,3720.4000,3720.2000,3720.0000,3719.6000,3719.4000,3721.4000,3721.6000,3722.0000,3722.2000,3722.4000,2,3,1,3,2,3,5,3,1,1
SF,IF2005,2020-04-13 13:35:03.100,3721.2000,11536,0,5738621100.000,0,-,-,-,-,3720.4000,3720.2000,3720.0000,3719.6000,3719.4000,3721.4000,3721.6000,3722.0000,3722.4000,3723.0000,2,3,1,3,2,3,5,1,1,1
SF,IF2005,2020-04-13 13:35:03.600,3721.2000,11536,0,5738621100.000,0,-,-,-,-,3720.6000,3720.4000,3720.2000,3720.0000,3719.4000,3721.6000,3722.0000,3722.4000,3723.0000,3723.6000,2,2,1,1,2,5,1,1,1,1
SF,IF2005,2020-04-13 13:35:04.100,3721.2000,11536,0,5738621100.000,0,-,-,-,-,3720.8000,3720.6000,3720.4000,3720.0000,3719.4000,3722.0000,3722.4000,3723.0000,3723.6000,3723.8000,1,2,2,1,2,1,1,1,1,1
SF,IF2005,2020-04-13 13:35:04.600,3721.2000,11536,0,5738621100.000,0,-,-,-,-,3721.0000,3720.8000,3720.0000,3719.4000,3719.2000,3722.4000,3723.0000,3723.6000,3723.8000,3724.8000,2,3,1,2,1,1,1,1,1,1
SF,IF2005,2020-04-13 13:35:05.100,3721.2000,11536,0,5738621100.000,0,-,-,-,-,3721.0000,3720.8000,3720.0000,3719.4000,3719.2000,3721.6000,3722.0000,3722.2000,3722.4000,3723.0000,2,3,1,2,1,5,1,6,2,1
SF,IF2005,2020-04-13 13:35:05.600,3721.2000,11536,0,5738621100.000,0,-,-,-,-,3721.0000,3720.8000,3720.0000,3719.4000,3719.2000,3722.0000,3722.2000,3722.4000,3723.0000,3723.6000,2,3,1,2,1,1,5,1,1,1
SF,IF2005,2020-04-13 13:35:06.100,3721.2000,11536,0,5738621100.000,0,-,-,-,-,3721.2000,3721.0000,3720.8000,3719.4000,3719.2000,3722.0000,3722.2000,3722.4000,3723.0000,3723.6000,2,2,3,2,1,1,4,1,1,1
SF,IF2005,2020-04-13 13:35:06.600,3721.2000,11536,0,5738621100.000,0,-,-,-,-,3721.2000,3721.0000,3720.8000,3719.4000,3719.2000,3721.6000,3721.8000,3722.0000,3722.2000,3722.4000,2,2,3,2,1,5,1,1,4,1
SF,IF2005,2020-04-13 13:35:07.100,3721.2000,11536,0,5738621100.000,0,-,-,-,-,3721.2000,3721.0000,3720.8000,3719.4000,3719.2000,3721.6000,3721.8000,3722.0000,3722.2000,3722.4000,2,2,3,2,2,5,1,1,4,1
SF,IF2005,2020-04-13 13:35:08.100,3721.2000,11536,0,5738621100.000,0,-,-,-,-,3721.2000,3721.0000,3720.8000,3719.4000,3719.2000,3722.0000,3722.2000,3722.4000,3723.0000,3723.6000,2,2,3,2,2,1,4,1,1,1
SF,IF2005,2020-04-13 13:35:09.600,3721.2000,11536,0,5738621100.000,0,-,-,-,-,3721.2000,3721.0000,3720.8000,3719.4000,3719.2000,3722.0000,3722.2000,3722.4000,3723.0000,3723.6000,2,2,2,2,2,1,4,1,1,1
SF,IF2005,2020-04-13 13:35:11.100,3721.2000,11536,0,5738621100.000,0,-,-,-,-,3721.0000,3720.8000,3719.4000,3719.2000,3719.0000,3722.0000,3722.2000,3722.4000,3723.0000,3723.6000,2,2,2,2,5,1,4,1,1,1
SF,IF2005,2020-04-13 13:35:11.600,3721.2000,11536,0,5738621100.000,0,-,-,-,-,3721.2000,3721.0000,3720.8000,3719.4000,3719.2000,3722.2000,3722.4000,3723.0000,3723.6000,3723.8000,3,2,1,2,2,4,1,1,1,1
SF,IF2005,2020-04-13 13:35:12.100,3721.2000,11536,0,5738621100.000,0,-,-,-,-,3721.2000,3721.0000,3720.8000,3719.4000,3719.2000,3722.0000,3722.2000,3722.4000,3723.0000,3723.6000,3,2,1,2,2,5,4,1,1,1
SF,IF2005,2020-04-13 13:35:12.600,3721.2000,11537,1,5740854060.000,2,1,1,多开,B,3721.2000,3721.0000,3720.8000,3719.4000,3719.2000,3722.0000,3722.2000,3722.4000,3723.0000,3723.6000,2,2,1,2,2,4,4,1,1,1
SF,IF2005,2020-04-13 13:35:13.100,3721.2000,11537,0,5740854060.000,0,-,-,-,-,3721.2000,3721.0000,3720.8000,3719.4000,3719.2000,3722.2000,3722.4000,3723.0000,3723.6000,3723.8000,2,2,1,2,2,4,1,1,1,1
SF,IF2005,2020-04-13 13:35:15.600,3721.2000,11537,0,5740854060.000,0,-,-,-,-,3721.2000,3721.0000,3720.8000,3719.4000,3719.2000,3722.0000,3722.2000,3722.4000,3723.0000,3723.6000,2,2,1,2,2,5,4,1,1,1
SF,IF2005,2020-04-13 13:35:16.100,3721.2000,11537,0,5740854060.000,0,-,-,-,-,3721.2000,3721.0000,3720.8000,3719.4000,3719.2000,3722.0000,3722.2000,3723.0000,3723.6000,3723.8000,2,2,1,2,2,6,4,1,1,1
SF,IF2005,2020-04-13 13:35:16.600,3721.2000,11537,0,5740854060.000,0,-,-,-,-,3721.0000,3720.8000,3719.4000,3719.2000,3719.0000,3722.0000,3722.2000,3723.0000,3723.6000,3723.8000,2,1,2,2,5,6,4,1,1,1
SF,IF2005,2020-04-13 13:35:17.600,3721.2000,11537,0,5740854060.000,0,-,-,-,-,3721.2000,3721.0000,3720.8000,3719.4000,3719.2000,3722.0000,3722.2000,3723.0000,3723.6000,3723.8000,2,2,1,2,2,6,4,1,1,1
SF,IF2005,2020-04-13 13:35:19.100,3721.2000,11537,0,5740854060.000,0,-,-,-,-,3721.2000,3721.0000,3720.8000,3719.4000,3719.2000,3722.0000,3722.2000,3723.0000,3723.6000,3723.8000,2,2,1,2,2,6,4,1,1,1
SF,IF2005,2020-04-13 13:35:19.600,3721.2000,11537,0,5740854060.000,0,-,-,-,-,3721.2000,3721.0000,3720.8000,3719.4000,3719.2000,3722.0000,3722.2000,3723.0000,3723.6000,3723.8000,2,2,1,4,2,6,4,1,1,1
SF,IF2005,2020-04-13 13:35:22.100,3721.2000,11537,0,5740854060.000,0,-,-,-,-,3721.0000,3720.8000,3719.4000,3719.2000,3719.0000,3722.0000,3722.2000,3723.0000,3723.6000,3723.8000,2,1,4,2,5,6,4,1,1,1
SF,IF2005,2020-04-13 13:35:22.600,3721.2000,11537,0,5740854060.000,0,-,-,-,-,3721.2000,3721.0000,3720.8000,3719.4000,3719.2000,3722.0000,3722.2000,3723.0000,3723.6000,3723.8000,2,2,1,4,2,6,4,1,1,1
SF,IF2005,2020-04-13 13:35:24.100,3721.2000,11537,0,5740854060.000,0,-,-,-,-,3721.2000,3721.0000,3720.8000,3719.4000,3719.2000,3722.0000,3722.2000,3723.0000,3723.6000,3723.8000,2,2,1,4,2,7,4,1,1,1
SF,IF2005,2020-04-13 13:35:24.600,3721.2000,11537,0,5740854060.000,0,-,-,-,-,3721.2000,3721.0000,3720.8000,3719.4000,3719.2000,3721.8000,3722.0000,3722.2000,3723.0000,3723.6000,2,2,1,4,2,1,7,4,1,1
SF,IF2005,2020-04-13 13:35:25.100,3721.2000,11537,0,5740854060.000,0,-,-,-,-,3721.2000,3721.0000,3720.8000,3719.4000,3719.2000,3721.8000,3722.0000,3722.2000,3723.0000,3723.6000,2,2,1,4,2,1,6,4,1,1
SF,IF2005,2020-04-13 13:35:25.600,3721.2000,11537,0,5740854060.000,0,-,-,-,-,3721.2000,3721.0000,3720.8000,3719.4000,3719.2000,3721.8000,3722.0000,3722.2000,3723.0000,3723.6000,2,2,1,4,2,2,6,4,1,1
SF,IF2005,2020-04-13 13:35:26.100,3721.2000,11537,0,5740854060.000,0,-,-,-,-,3721.2000,3721.0000,3720.8000,3719.4000,3719.2000,3721.8000,3722.0000,3722.2000,3723.0000,3723.6000,2,2,1,4,2,1,6,4,1,1
SF,IF2005,2020-04-13 13:35:26.600,3721.2000,11537,0,5740854060.000,0,-,-,-,-,3721.2000,3721.0000,3720.8000,3720.2000,3719.4000,3722.0000,3722.2000,3723.0000,3723.6000,3723.8000,2,2,1,1,4,6,4,1,1,1
SF,IF2005,2020-04-13 13:35:27.100,3721.2000,11537,0,5740854060.000,0,-,-,-,-,3721.2000,3721.0000,3720.8000,3720.2000,3719.4000,3722.0000,3722.2000,3723.0000,3723.6000,3723.8000,2,2,1,1,4,6,4,1,1,1
SF,IF2005,2020-04-13 13:35:27.600,3721.2000,11537,0,5740854060.000,0,-,-,-,-,3721.0000,3720.8000,3720.2000,3719.4000,3719.2000,3722.0000,3722.2000,3723.0000,3723.6000,3723.8000,2,1,1,4,2,6,4,1,1,1
SF,IF2005,2020-04-13 13:35:28.100,3721.2000,11537,0,5740854060.000,0,-,-,-,-,3721.2000,3721.0000,3720.8000,3720.2000,3719.4000,3722.0000,3722.2000,3723.0000,3723.6000,3723.8000,1,2,1,1,4,1,4,1,1,1
SF,IF2005,2020-04-13 13:35:28.600,3721.2000,11537,0,5740854060.000,0,-,-,-,-,3721.2000,3721.0000,3720.8000,3720.2000,3719.4000,3722.0000,3722.2000,3723.0000,3723.6000,3723.8000,1,2,1,1,4,1,4,1,1,1
SF,IF2005,2020-04-13 13:35:29.100,3721.2000,11537,0,5740854060.000,0,-,-,-,-,3721.2000,3721.0000,3720.8000,3720.2000,3720.0000,3722.0000,3722.2000,3723.0000,3723.6000,3723.8000,3,2,1,1,1,1,4,1,1,1
SF,IF2005,2020-04-13 13:35:29.600,3721.2000,11537,0,5740854060.000,0,-,-,-,-,3721.2000,3721.0000,3720.8000,3720.2000,3720.0000,3722.0000,3722.2000,3723.0000,3723.6000,3723.8000,3,2,1,1,1,1,4,1,1,1
SF,IF2005,2020-04-13 13:35:30.100,3721.2000,11537,0,5740854060.000,0,-,-,-,-,3721.2000,3721.0000,3720.8000,3720.2000,3720.0000,3722.0000,3722.2000,3723.0000,3723.6000,3723.8000,3,2,1,1,1,1,4,1,1,1
SF,IF2005,2020-04-13 13:35:30.600,3721.2000,11537,0,5740854060.000,0,-,-,-,-,3721.2000,3721.0000,3720.8000,3720.2000,3720.0000,3722.0000,3722.2000,3723.0000,3723.6000,3723.8000,3,2,1,1,1,1,4,1,1,1
SF,IF2005,2020-04-13 13:35:31.100,3721.2000,11537,0,5740854060.000,0,-,-,-,-,3721.2000,3721.0000,3720.8000,3720.2000,3720.0000,3722.0000,3722.2000,3723.0000,3723.6000,3723.8000,3,2,1,1,1,1,4,1,1,1
SF,IF2005,2020-04-13 13:35:31.600,3721.2000,11537,0,5740854060.000,0,-,-,-,-,3721.2000,3721.0000,3720.8000,3720.2000,3720.0000,3722.0000,3722.2000,3723.0000,3723.6000,3723.8000,3,2,1,1,1,2,4,1,1,1
SF,IF2005,2020-04-13 13:35:32.100,3721.2000,11537,0,5740854060.000,0,-,-,-,-,3721.2000,3721.0000,3720.8000,3720.2000,3720.0000,3722.0000,3722.2000,3723.0000,3723.6000,3723.8000,3,2,1,1,1,1,4,1,1,1
SF,IF2005,2020-04-13 13:35:32.600,3721.2000,11537,0,5740854060.000,0,-,-,-,-,3721.2000,3721.0000,3720.8000,3720.2000,3720.0000,3722.0000,3722.2000,3723.0000,3723.6000,3723.8000,3,2,1,1,1,1,4,1,1,1
SF,IF2005,2020-04-13 13:35:33.100,3721.2000,11537,0,5740854060.000,0,-,-,-,-,3721.2000,3721.0000,3720.8000,3720.2000,3720.0000,3722.0000,3722.2000,3723.0000,3723.6000,3723.8000,3,2,1,1,1,1,4,1,1,1
SF,IF2005,2020-04-13 13:35:33.600,3721.2000,11537,0,5740854060.000,0,-,-,-,-,3721.2000,3721.0000,3720.8000,3720.2000,3720.0000,3722.0000,3722.2000,3723.0000,3723.6000,3723.8000,1,2,1,1,1,1,4,1,1,1
SF,IF2005,2020-04-13 13:35:34.100,3721.2000,11537,0,5740854060.000,0,-,-,-,-,3721.2000,3721.0000,3720.8000,3720.2000,3720.0000,3722.0000,3722.2000,3723.0000,3723.6000,3723.8000,3,2,1,1,1,1,4,1,1,1
SF,IF2005,2020-04-13 13:35:34.600,3721.2000,11537,0,5740854060.000,0,-,-,-,-,3721.2000,3721.0000,3720.8000,3720.2000,3720.0000,3722.0000,3722.2000,3723.0000,3723.6000,3723.8000,3,2,1,1,1,1,4,1,1,1
SF,IF2005,2020-04-13 13:35:35.100,3721.2000,11537,0,5740854060.000,0,-,-,-,-,3721.4000,3721.2000,3721.0000,3720.8000,3720.2000,3722.0000,3722.2000,3723.0000,3723.6000,3723.8000,1,3,2,1,1,1,4,1,1,1
SF,IF2005,2020-04-13 13:35:35.600,3721.2000,11537,0,5740854060.000,0,-,-,-,-,3721.4000,3721.2000,3721.0000,3720.8000,3720.2000,3722.0000,3722.2000,3723.0000,3723.6000,3723.8000,1,3,2,1,1,2,4,1,1,1
SF,IF2005,2020-04-13 13:35:36.100,3721.2000,11537,0,5740854060.000,0,-,-,-,-,3721.4000,3721.2000,3721.0000,3720.8000,3720.2000,3722.0000,3722.2000,3723.0000,3723.6000,3723.8000,1,3,2,1,1,1,4,1,1,1
SF,IF2005,2020-04-13 13:35:36.600,3721.2000,11537,0,5740854060.000,0,-,-,-,-,3721.4000,3721.2000,3721.0000,3720.8000,3720.2000,3722.0000,3722.2000,3723.0000,3723.6000,3723.8000,1,3,2,1,1,1,4,1,1,1
SF,IF2005,2020-04-13 13:35:37.100,3721.2000,11537,0,5740854060.000,0,-,-,-,-,3721.4000,3721.2000,3721.0000,3720.2000,3720.0000,3722.0000,3722.2000,3723.0000,3723.6000,3723.8000,1,3,2,1,1,1,1,1,1,1
SF,IF2005,2020-04-13 13:35:37.600,3721.2000,11537,0,5740854060.000,0,-,-,-,-,3721.4000,3721.2000,3721.0000,3720.2000,3720.0000,3722.0000,3722.2000,3723.0000,3723.6000,3723.8000,1,3,2,1,1,1,1,1,1,1
SF,IF2005,2020-04-13 13:35:38.100,3722.0000,11538,1,5741970660.000,1,1,0,双开,B,3721.4000,3721.2000,3721.0000,3720.2000,3720.0000,3723.0000,3723.6000,3723.8000,3724.8000,3725.6000,1,3,2,1,1,1,1,1,1,2
SF,IF2005,2020-04-13 13:35:38.600,3722.6000,11538,0,5743087440.000,1,0,1,空换,B,3721.6000,3721.4000,3721.2000,3720.2000,3720.0000,3722.6000,3722.8000,3723.0000,3723.6000,3723.8000,2,1,3,1,1,6,4,1,1,1
SF,IF2005,2020-04-13 13:35:39.100,3722.6000,11538,0,5743087440.000,0,-,-,-,-,3721.6000,3721.4000,3721.2000,3720.2000,3720.0000,3722.6000,3722.8000,3723.0000,3723.6000,3723.8000,2,1,1,1,1,6,4,1,1,1
SF,IF2005,2020-04-13 13:35:39.600,3722.6000,11540,2,5745321000.000,2,2,0,双开,B,3721.6000,3721.4000,3721.2000,3720.2000,3720.0000,3722.6000,3722.8000,3723.0000,3723.6000,3723.8000,2,1,1,1,1,4,4,1,1,1
SF,IF2005,2020-04-13 13:35:40.100,3722.6000,11540,0,5745321000.000,0,-,-,-,-,3721.6000,3721.4000,3721.2000,3720.2000,3720.0000,3722.6000,3722.8000,3723.0000,3723.6000,3723.8000,2,1,1,1,1,4,4,1,1,1
SF,IF2005,2020-04-13 13:35:40.600,3722.6000,11540,0,5745321000.000,0,-,-,-,-,3721.6000,3721.4000,3721.2000,3720.2000,3720.0000,3722.6000,3722.8000,3723.0000,3723.6000,3723.8000,2,1,1,1,1,5,4,1,1,1
SF,IF2005,2020-04-13 13:35:41.100,3722.6000,11540,0,5745321000.000,0,-,-,-,-,3721.6000,3721.4000,3721.2000,3720.2000,3719.4000,3722.6000,3722.8000,3723.0000,3723.6000,3723.8000,2,1,1,1,4,5,4,1,1,1
SF,IF2005,2020-04-13 13:35:41.600,3722.6000,11540,0,5745321000.000,0,-,-,-,-,3721.6000,3721.4000,3720.2000,3719.4000,3719.2000,3722.4000,3722.6000,3722.8000,3723.0000,3723.6000,2,1,1,4,2,1,4,4,1,1
SF,IF2005,2020-04-13 13:35:42.100,3722.6000,11540,0,5745321000.000,0,-,-,-,-,3721.6000,3721.4000,3720.2000,3719.4000,3719.2000,3722.6000,3722.8000,3723.0000,3723.6000,3723.8000,2,1,1,4,2,4,4,1,1,1
SF,IF2005,2020-04-13 13:35:42.600,3722.6000,11540,0,5745321000.000,0,-,-,-,-,3721.6000,3721.4000,3720.2000,3719.4000,3719.2000,3722.6000,3722.8000,3723.0000,3723.6000,3723.8000,2,1,1,4,2,1,4,1,1,1
SF,IF2005,2020-04-13 13:35:43.100,3722.6000,11540,0,5745321000.000,0,-,-,-,-,3721.6000,3721.4000,3720.2000,3719.4000,3719.2000,3722.8000,3723.0000,3723.6000,3723.8000,3724.8000,2,1,1,4,2,4,1,1,1,1
SF,IF2005,2020-04-13 13:35:43.600,3722.6000,11540,0,5745321000.000,0,-,-,-,-,3721.6000,3721.4000,3720.2000,3719.4000,3719.2000,3722.8000,3723.0000,3723.6000,3723.8000,3724.8000,2,1,1,4,2,5,1,1,1,1
SF,IF2005,2020-04-13 13:35:44.100,3722.6000,11540,0,5745321000.000,0,-,-,-,-,3721.6000,3721.4000,3720.2000,3719.4000,3719.2000,3722.8000,3723.0000,3723.6000,3723.8000,3724.8000,2,1,1,4,2,5,1,1,1,1
SF,IF2005,2020-04-13 13:35:44.600,3722.6000,11540,0,5745321000.000,0,-,-,-,-,3721.6000,3721.4000,3720.2000,3719.4000,3719.2000,3722.6000,3722.8000,3723.0000,3723.6000,3723.8000,2,1,1,4,2,1,5,1,1,1
SF,IF2005,2020-04-13 13:35:45.100,3722.6000,11540,0,5745321000.000,0,-,-,-,-,3721.6000,3721.4000,3720.2000,3719.4000,3719.2000,3722.4000,3722.6000,3722.8000,3723.0000,3723.6000,2,1,1,4,2,4,2,4,1,1
SF,IF2005,2020-04-13 13:35:45.600,3722.6000,11540,0,5745321000.000,0,-,-,-,-,3721.6000,3721.4000,3720.2000,3719.4000,3719.2000,3722.4000,3722.6000,3722.8000,3723.0000,3723.6000,2,1,1,4,2,4,1,4,1,1
SF,IF2005,2020-04-13 13:35:46.100,3722.6000,11540,0,5745321000.000,0,-,-,-,-,3721.6000,3721.4000,3720.2000,3719.4000,3719.2000,3722.4000,3722.6000,3722.8000,3723.0000,3723.6000,2,1,1,4,2,6,1,4,1,1
SF,IF2005,2020-04-13 13:35:46.600,3722.6000,11540,0,5745321000.000,0,-,-,-,-,3721.6000,3721.4000,3720.2000,3719.4000,3719.2000,3722.4000,3722.6000,3722.8000,3723.0000,3723.6000,2,1,1,4,2,5,1,4,1,1
SF,IF2005,2020-04-13 13:35:47.100,3722.6000,11540,0,5745321000.000,0,-,-,-,-,3721.6000,3721.4000,3720.2000,3719.4000,3719.2000,3722.4000,3722.6000,3722.8000,3723.0000,3723.6000,2,1,1,4,2,5,1,4,1,1
SF,IF2005,2020-04-13 13:35:47.600,3721.6000,11541,1,5746437480.000,1,1,0,双开,B,3721.6000,3721.4000,3720.2000,3719.4000,3719.2000,3722.4000,3722.6000,3722.8000,3723.0000,3723.6000,1,1,1,4,2,6,1,4,1,1
SF,IF2005,2020-04-13 13:35:48.100,3721.6000,11541,0,5746437480.000,0,-,-,-,-,3721.6000,3721.4000,3720.2000,3719.4000,3719.2000,3722.4000,3722.6000,3722.8000,3723.0000,3723.6000,1,1,1,4,2,2,1,4,1,1
SF,IF2005,2020-04-13 13:35:48.600,3721.6000,11541,0,5746437480.000,0,-,-,-,-,3721.6000,3721.4000,3720.2000,3719.4000,3719.2000,3722.4000,3722.6000,3722.8000,3723.0000,3723.6000,1,1,1,4,2,1,1,4,1,1
SF,IF2005,2020-04-13 13:35:49.100,3721.6000,11541,0,5746437480.000,0,-,-,-,-,3721.6000,3721.4000,3720.2000,3719.4000,3719.2000,3722.4000,3722.6000,3722.8000,3723.0000,3723.6000,1,1,1,4,2,2,1,4,1,1
SF,IF2005,2020-04-13 13:35:49.600,3721.6000,11541,0,5746437480.000,0,-,-,-,-,3721.6000,3721.4000,3720.2000,3719.4000,3719.2000,3722.4000,3722.6000,3722.8000,3723.0000,3723.6000,1,1,1,4,2,1,1,4,1,1
SF,IF2005,2020-04-13 13:35:50.600,3721.6000,11541,0,5746437480.000,0,-,-,-,-,3721.6000,3721.4000,3720.4000,3720.2000,3719.4000,3722.4000,3722.6000,3722.8000,3723.0000,3723.6000,1,1,1,1,4,1,1,4,1,1
SF,IF2005,2020-04-13 13:35:51.100,3721.6000,11541,0,5746437480.000,0,-,-,-,-,3721.6000,3721.4000,3720.4000,3720.2000,3719.4000,3722.4000,3722.6000,3722.8000,3723.0000,3723.6000,1,1,1,1,4,1,1,4,1,1
SF,IF2005,2020-04-13 13:35:51.600,3721.6000,11541,0,5746437480.000,0,-,-,-,-,3721.6000,3721.4000,3720.4000,3720.2000,3719.4000,3722.4000,3722.6000,3722.8000,3723.0000,3723.6000,1,1,1,1,4,1,1,4,1,1
SF,IF2005,2020-04-13 13:35:52.100,3721.6000,11541,0,5746437480.000,0,-,-,-,-,3721.6000,3721.4000,3720.4000,3720.2000,3719.4000,3722.4000,3722.6000,3722.8000,3723.0000,3723.6000,1,1,1,1,4,1,1,4,1,1
SF,IF2005,2020-04-13 13:35:52.600,3721.6000,11541,0,5746437480.000,0,-,-,-,-,3721.6000,3721.4000,3720.4000,3720.2000,3719.4000,3722.4000,3722.6000,3722.8000,3723.0000,3723.6000,1,1,1,1,4,1,1,4,1,1
SF,IF2005,2020-04-13 13:35:53.100,3721.6000,11541,0,5746437480.000,0,-,-,-,-,3721.4000,3720.4000,3720.2000,3719.4000,3719.2000,3722.4000,3722.6000,3722.8000,3723.0000,3723.6000,1,1,1,4,2,1,1,4,1,1
SF,IF2005,2020-04-13 13:35:53.600,3721.6000,11541,0,5746437480.000,0,-,-,-,-,3721.4000,3720.4000,3720.2000,3719.4000,3719.2000,3722.2000,3722.4000,3722.6000,3722.8000,3723.0000,1,1,1,4,2,6,1,1,1,1
SF,IF2005,2020-04-13 13:35:54.100,3721.6000,11541,0,5746437480.000,0,-,-,-,-,3721.4000,3720.4000,3720.2000,3719.4000,3719.2000,3722.2000,3722.4000,3722.8000,3723.0000,3723.6000,1,1,1,4,2,6,1,1,1,1
SF,IF2005,2020-04-13 13:35:54.600,3721.6000,11541,0,5746437480.000,0,-,-,-,-,3721.4000,3720.4000,3720.2000,3719.4000,3719.2000,3722.2000,3722.4000,3722.8000,3723.0000,3723.6000,1,1,1,4,2,6,1,1,1,1
SF,IF2005,2020-04-13 13:35:55.100,3721.6000,11541,0,5746437480.000,0,-,-,-,-,3721.4000,3720.2000,3719.4000,3719.2000,3719.0000,3722.2000,3722.4000,3722.8000,3723.0000,3723.6000,1,1,4,2,5,6,1,1,1,1
SF,IF2005,2020-04-13 13:35:55.600,3721.6000,11541,0,5746437480.000,0,-,-,-,-,3721.4000,3720.2000,3719.4000,3719.2000,3719.0000,3722.2000,3722.4000,3722.8000,3723.0000,3723.6000,1,1,4,2,5,7,1,1,1,1
SF,IF2005,2020-04-13 13:35:56.100,3721.6000,11541,0,5746437480.000,0,-,-,-,-,3721.4000,3720.2000,3719.4000,3719.2000,3719.0000,3722.2000,3722.4000,3722.8000,3723.0000,3723.6000,1,1,4,2,5,6,1,1,1,1
SF,IF2005,2020-04-13 13:35:56.600,3721.6000,11541,0,5746437480.000,0,-,-,-,-,3721.4000,3720.2000,3719.4000,3719.2000,3719.0000,3722.2000,3722.4000,3722.8000,3723.0000,3723.6000,1,1,4,2,5,6,1,1,1,1
SF,IF2005,2020-04-13 13:35:57.100,3721.6000,11541,0,5746437480.000,0,-,-,-,-,3721.4000,3720.2000,3719.4000,3719.2000,3719.0000,3722.2000,3722.4000,3722.8000,3723.0000,3723.6000,1,1,4,2,5,6,1,1,1,1
SF,IF2005,2020-04-13 13:35:57.600,3721.6000,11541,0,5746437480.000,0,-,-,-,-,3721.4000,3720.2000,3719.4000,3719.2000,3719.0000,3722.2000,3722.4000,3722.8000,3723.0000,3723.6000,1,1,4,2,5,6,1,1,1,1
SF,IF2005,2020-04-13 13:35:58.100,3721.6000,11541,0,5746437480.000,0,-,-,-,-,3721.4000,3720.2000,3719.4000,3719.2000,3719.0000,3722.2000,3722.4000,3722.8000,3723.0000,3723.6000,1,1,4,2,5,6,1,1,1,1
SF,IF2005,2020-04-13 13:35:58.600,3721.6000,11541,0,5746437480.000,0,-,-,-,-,3721.4000,3720.2000,3719.4000,3719.2000,3719.0000,3722.2000,3722.4000,3722.8000,3723.0000,3723.6000,1,1,4,2,5,6,1,1,1,1
SF,IF2005,2020-04-13 13:35:59.100,3721.6000,11541,0,5746437480.000,0,-,-,-,-,3721.4000,3720.2000,3719.4000,3719.2000,3719.0000,3722.2000,3722.4000,3722.8000,3723.0000,3723.6000,1,1,4,2,5,7,1,1,1,1
SF,IF2005,2020-04-13 13:36:01.100,3721.6000,11541,0,5746437480.000,0,-,-,-,-,3721.4000,3719.4000,3719.2000,3719.0000,3718.8000,3722.2000,3722.4000,3722.8000,3723.0000,3723.6000,1,4,2,5,3,3,1,1,1,1
SF,IF2005,2020-04-13 13:36:01.600,3721.6000,11541,0,5746437480.000,0,-,-,-,-,3721.4000,3719.4000,3719.2000,3719.0000,3718.8000,3722.2000,3722.8000,3723.0000,3723.6000,3723.8000,1,4,2,5,3,4,1,1,1,1
SF,IF2005,2020-04-13 13:36:02.100,3721.6000,11541,0,5746437480.000,0,-,-,-,-,3721.6000,3721.4000,3719.4000,3719.2000,3719.0000,3722.2000,3722.8000,3723.0000,3723.6000,3723.8000,1,1,4,2,5,4,1,1,1,1
SF,IF2005,2020-04-13 13:36:02.600,3721.6000,11541,0,5746437480.000,0,-,-,-,-,3721.6000,3721.4000,3719.4000,3719.2000,3719.0000,3722.2000,3722.8000,3723.0000,3723.6000,3723.8000,1,1,4,2,5,2,1,1,1,1
SF,IF2005,2020-04-13 13:36:04.100,3721.6000,11541,0,5746437480.000,0,-,-,-,-,3721.8000,3721.6000,3721.4000,3719.4000,3719.2000,3722.2000,3722.8000,3723.0000,3723.6000,3723.8000,1,1,1,4,2,2,1,1,1,1
SF,IF2005,2020-04-13 13:36:04.600,3721.6000,11541,0,5746437480.000,0,-,-,-,-,3722.0000,3721.8000,3721.4000,3719.4000,3719.2000,3722.2000,3722.8000,3723.0000,3723.6000,3723.8000,1,1,1,4,2,2,1,1,1,1
SF,IF2005,2020-04-13 13:36:05.100,3721.6000,11541,0,5746437480.000,0,-,-,-,-,3721.4000,3719.4000,3719.2000,3719.0000,3718.8000,3722.2000,3722.8000,3723.0000,3723.6000,3723.8000,1,4,2,5,3,2,1,1,1,1
SF,IF2005,2020-04-13 13:36:06.100,3721.6000,11541,0,5746437480.000,0,-,-,-,-,3721.6000,3721.4000,3719.4000,3719.2000,3719.0000,3722.2000,3722.8000,3723.0000,3723.6000,3723.8000,2,1,4,2,5,2,1,1,1,1
SF,IF2005,2020-04-13 13:36:06.600,3721.6000,11541,0,5746437480.000,0,-,-,-,-,3721.6000,3721.4000,3719.4000,3719.2000,3719.0000,3722.2000,3722.8000,3723.0000,3723.6000,3723.8000,2,1,4,2,5,2,1,1,1,1
SF,IF2005,2020-04-13 13:36:09.100,3721.6000,11541,0,5746437480.000,0,-,-,-,-,3721.8000,3721.6000,3721.4000,3720.2000,3719.4000,3722.2000,3722.8000,3723.0000,3723.6000,3723.8000,1,2,1,1,2,2,1,1,1,1
SF,IF2005,2020-04-13 13:36:10.100,3721.6000,11541,0,5746437480.000,0,-,-,-,-,3721.8000,3721.6000,3721.4000,3720.2000,3719.4000,3722.2000,3722.8000,3723.0000,3723.6000,3723.8000,1,2,1,1,3,2,1,1,1,1
SF,IF2005,2020-04-13 13:36:11.100,3721.6000,11541,0,5746437480.000,0,-,-,-,-,3721.8000,3721.4000,3720.2000,3719.4000,3719.2000,3722.2000,3723.0000,3723.6000,3723.8000,3724.8000,1,1,1,3,2,2,1,1,1,1
SF,IF2005,2020-04-13 13:36:12.100,3721.6000,11541,0,5746437480.000,0,-,-,-,-,3721.8000,3721.6000,3721.4000,3720.2000,3719.4000,3722.2000,3723.0000,3723.6000,3723.8000,3724.8000,1,2,1,1,3,2,1,1,1,1
SF,IF2005,2020-04-13 13:36:12.600,3721.6000,11541,0,5746437480.000,0,-,-,-,-,3721.8000,3721.6000,3721.4000,3720.2000,3719.4000,3722.2000,3723.0000,3723.6000,3723.8000,3724.8000,1,2,1,1,3,2,1,1,1,1
SF,IF2005,2020-04-13 13:36:13.100,3721.6000,11541,0,5746437480.000,0,-,-,-,-,3721.8000,3721.6000,3721.4000,3720.2000,3719.4000,3722.2000,3723.0000,3723.6000,3723.8000,3724.8000,1,2,1,1,3,2,1,1,1,1
SF,IF2005,2020-04-13 13:36:16.600,3721.6000,11541,0,5746437480.000,0,-,-,-,-,3721.8000,3721.4000,3720.2000,3719.4000,3719.2000,3722.2000,3723.0000,3723.6000,3723.8000,3724.8000,1,1,1,3,2,2,1,1,1,1
SF,IF2005,2020-04-13 13:36:17.600,3721.6000,11541,0,5746437480.000,0,-,-,-,-,3721.8000,3721.6000,3721.4000,3720.2000,3719.4000,3722.2000,3723.0000,3723.6000,3723.8000,3724.8000,1,2,1,1,3,2,1,1,1,1
SF,IF2005,2020-04-13 13:36:21.600,3721.8000,11542,1,5747554020.000,1,1,0,双开,B,3721.6000,3721.4000,3720.2000,3719.4000,3719.2000,3722.2000,3723.0000,3723.6000,3723.8000,3724.8000,2,1,1,3,2,2,1,1,1,1
SF,IF2005,2020-04-13 13:36:22.100,3721.6000,11542,0,5748670500.000,1,0,1,空换,B,3721.4000,3720.2000,3719.4000,3719.2000,3719.0000,3722.2000,3723.0000,3723.6000,3723.8000,3724.8000,1,1,3,2,5,2,1,1,1,1
SF,IF2005,2020-04-13 13:36:22.600,3721.6000,11542,0,5748670500.000,0,-,-,-,-,3721.4000,3719.8000,3719.4000,3719.2000,3719.0000,3722.2000,3723.0000,3723.6000,3723.8000,3724.8000,1,2,3,2,5,2,1,1,1,1
SF,IF2005,2020-04-13 13:36:23.100,3721.6000,11542,0,5748670500.000,0,-,-,-,-,3721.6000,3721.4000,3719.8000,3719.4000,3719.2000,3722.2000,3723.0000,3723.6000,3723.8000,3724.8000,1,1,2,3,2,2,1,1,1,1
SF,IF2005,2020-04-13 13:36:24.600,3721.6000,11542,0,5748670500.000,0,-,-,-,-,3721.6000,3721.4000,3719.8000,3719.4000,3719.2000,3722.2000,3723.0000,3723.6000,3723.8000,3724.8000,1,1,2,3,2,2,1,1,1,1
SF,IF2005,2020-04-13 13:36:25.600,3721.6000,11543,1,5749786980.000,1,1,0,双开,B,3721.4000,3719.8000,3719.4000,3719.2000,3719.0000,3722.2000,3723.0000,3723.6000,3723.8000,3724.8000,1,2,3,2,5,2,1,1,1,1
SF,IF2005,2020-04-13 13:36:26.100,3721.6000,11543,0,5749786980.000,0,-,-,-,-,3721.4000,3719.8000,3719.4000,3719.2000,3719.0000,3722.0000,3722.2000,3723.0000,3723.6000,3723.8000,1,2,3,2,5,4,2,1,1,1
SF,IF2005,2020-04-13 13:36:26.600,3721.6000,11543,0,5749786980.000,0,-,-,-,-,3721.4000,3719.8000,3719.4000,3719.2000,3719.0000,3722.0000,3722.2000,3723.0000,3723.6000,3723.8000,1,2,3,2,5,5,1,1,1,1
SF,IF2005,2020-04-13 13:36:32.600,3721.6000,11543,0,5749786980.000,0,-,-,-,-,3721.6000,3721.4000,3719.8000,3719.4000,3719.2000,3722.0000,3722.2000,3723.0000,3723.6000,3723.8000,1,1,2,3,2,1,1,1,1,1
SF,IF2005,2020-04-13 13:36:34.100,3721.6000,11543,0,5749786980.000,0,-,-,-,-,3721.4000,3719.8000,3719.4000,3719.2000,3719.0000,3722.0000,3723.0000,3723.6000,3723.8000,3724.8000,1,2,3,2,5,2,1,1,1,1
SF,IF2005,2020-04-13 13:36:34.600,3721.6000,11543,0,5749786980.000,0,-,-,-,-,3721.4000,3719.8000,3719.4000,3719.2000,3719.0000,3722.0000,3723.0000,3723.6000,3723.8000,3724.8000,1,2,3,2,5,2,1,1,1,1
SF,IF2005,2020-04-13 13:36:35.100,3721.6000,11543,0,5749786980.000,0,-,-,-,-,3721.4000,3719.8000,3719.4000,3719.2000,3719.0000,3722.0000,3723.0000,3723.6000,3723.8000,3724.8000,1,2,3,2,5,1,1,1,1,1
SF,IF2005,2020-04-13 13:36:35.600,3721.6000,11543,0,5749786980.000,0,-,-,-,-,3721.4000,3719.8000,3719.4000,3719.2000,3719.0000,3722.0000,3723.0000,3723.6000,3723.8000,3724.8000,1,2,3,2,5,1,1,1,1,1
SF,IF2005,2020-04-13 13:36:36.600,3721.6000,11543,0,5749786980.000,0,-,-,-,-,3721.4000,3719.8000,3719.4000,3719.2000,3719.0000,3722.0000,3723.0000,3723.6000,3723.8000,3724.8000,1,2,3,2,5,1,1,1,1,1
SF,IF2005,2020-04-13 13:36:37.100,3721.6000,11543,0,5749786980.000,0,-,-,-,-,3721.4000,3719.8000,3719.4000,3719.2000,3719.0000,3722.0000,3723.0000,3723.6000,3723.8000,3724.8000,1,2,3,2,5,1,1,1,1,1
SF,IF2005,2020-04-13 13:36:37.600,3721.6000,11543,0,5749786980.000,0,-,-,-,-,3721.4000,3719.8000,3719.4000,3719.2000,3719.0000,3722.0000,3723.0000,3723.6000,3723.8000,3724.8000,1,2,3,2,5,1,1,1,1,1
SF,IF2005,2020-04-13 13:36:38.100,3721.6000,11543,0,5749786980.000,0,-,-,-,-,3721.4000,3719.8000,3719.4000,3719.2000,3719.0000,3722.0000,3723.0000,3723.6000,3723.8000,3724.8000,1,2,3,2,5,1,1,1,1,1
SF,IF2005,2020-04-13 13:36:38.600,3721.6000,11543,0,5749786980.000,0,-,-,-,-,3721.4000,3719.8000,3719.4000,3719.2000,3719.0000,3722.0000,3723.0000,3723.6000,3723.8000,3724.8000,1,2,3,2,5,2,1,1,1,1
SF,IF2005,2020-04-13 13:36:39.600,3721.6000,11543,0,5749786980.000,0,-,-,-,-,3721.4000,3719.8000,3719.4000,3719.2000,3719.0000,3722.0000,3723.0000,3723.6000,3723.8000,3724.8000,1,2,3,2,5,1,1,1,1,1
SF,IF2005,2020-04-13 13:36:40.100,3722.0000,11543,0,5750903580.000,1,0,1,空换,B,3721.4000,3719.8000,3719.4000,3719.2000,3719.0000,3723.0000,3723.6000,3723.8000,3724.8000,3725.6000,1,2,3,2,5,1,1,1,1,2
SF,IF2005,2020-04-13 13:36:40.600,3722.0000,11543,0,5750903580.000,0,-,-,-,-,3721.6000,3721.4000,3719.8000,3719.4000,3719.2000,3722.6000,3722.8000,3723.0000,3723.6000,3723.8000,2,1,2,3,2,1,6,1,1,1
SF,IF2005,2020-04-13 13:36:41.600,3722.0000,11543,0,5750903580.000,0,-,-,-,-,3721.6000,3721.4000,3720.2000,3719.8000,3719.4000,3722.6000,3722.8000,3723.0000,3723.6000,3723.8000,2,1,2,2,1,1,6,1,1,1
SF,IF2005,2020-04-13 13:36:42.100,3722.0000,11543,0,5750903580.000,0,-,-,-,-,3721.6000,3721.4000,3720.2000,3719.8000,3719.4000,3722.4000,3722.6000,3722.8000,3723.0000,3723.6000,2,1,2,2,1,2,1,4,1,1
SF,IF2005,2020-04-13 13:36:42.600,3722.0000,11543,0,5750903580.000,0,-,-,-,-,3721.4000,3720.2000,3719.8000,3719.4000,3719.2000,3721.6000,3722.2000,3722.4000,3722.8000,3723.0000,1,2,2,1,2,1,1,3,4,1
SF,IF2005,2020-04-13 13:36:43.100,3722.0000,11543,0,5750903580.000,0,-,-,-,-,3721.4000,3720.2000,3719.8000,3719.4000,3719.2000,3721.6000,3722.2000,3722.4000,3723.0000,3723.6000,1,2,2,1,2,1,1,3,1,1
SF,IF2005,2020-04-13 13:36:43.600,3721.4000,11544,1,5752020000.000,1,1,0,双开,B,3720.2000,3719.8000,3719.4000,3719.2000,3719.0000,3721.6000,3722.2000,3722.4000,3723.0000,3723.6000,2,2,1,2,5,2,1,2,1,1
SF,IF2005,2020-04-13 13:36:44.100,3721.4000,11544,0,5752020000.000,0,-,-,-,-,3720.8000,3720.4000,3719.8000,3719.4000,3719.2000,3721.6000,3722.4000,3723.0000,3723.6000,3723.8000,2,7,2,1,2,1,2,1,1,1
SF,IF2005,2020-04-13 13:36:44.600,3721.4000,11544,0,5752020000.000,0,-,-,-,-,3721.0000,3720.8000,3720.4000,3719.8000,3719.4000,3721.6000,3722.4000,3723.0000,3723.6000,3723.8000,1,2,6,2,1,1,2,1,1,1
SF,IF2005,2020-04-13 13:36:45.100,3721.4000,11544,0,5752020000.000,0,-,-,-,-,3721.0000,3720.8000,3720.4000,3719.8000,3719.4000,3721.6000,3722.4000,3723.0000,3723.6000,3723.8000,1,2,6,2,1,1,2,1,1,1
SF,IF2005,2020-04-13 13:36:45.600,3721.4000,11544,0,5752020000.000,0,-,-,-,-,3721.0000,3720.8000,3720.4000,3719.8000,3719.4000,3721.6000,3722.4000,3723.0000,3723.6000,3723.8000,1,2,6,2,1,1,2,1,1,1
SF,IF2005,2020-04-13 13:36:46.100,3721.4000,11544,0,5752020000.000,0,-,-,-,-,3721.0000,3720.8000,3720.4000,3719.8000,3719.4000,3721.6000,3722.4000,3723.0000,3723.6000,3723.8000,1,2,6,2,1,1,2,1,1,1
SF,IF2005,2020-04-13 13:36:46.600,3721.4000,11544,0,5752020000.000,0,-,-,-,-,3721.0000,3720.8000,3720.4000,3719.8000,3719.4000,3721.4000,3721.6000,3722.4000,3723.0000,3723.6000,1,2,5,2,1,1,1,2,1,1
SF,IF2005,2020-04-13 13:36:47.100,3721.4000,11544,0,5752020000.000,0,-,-,-,-,3721.0000,3720.8000,3720.4000,3719.8000,3719.4000,3721.4000,3721.6000,3722.4000,3723.0000,3723.6000,1,2,5,2,1,1,1,2,1,1
SF,IF2005,2020-04-13 13:36:47.600,3721.4000,11544,0,5752020000.000,0,-,-,-,-,3721.0000,3720.8000,3720.4000,3719.8000,3719.4000,3721.4000,3721.6000,3722.4000,3723.0000,3723.6000,1,2,5,2,1,1,1,2,1,1
SF,IF2005,2020-04-13 13:36:48.100,3721.4000,11544,0,5753136420.000,1,0,1,空换,B,3721.2000,3721.0000,3720.8000,3720.4000,3719.8000,3721.6000,3722.4000,3723.0000,3723.6000,3723.8000,1,1,1,4,2,1,2,1,1,1
SF,IF2005,2020-04-13 13:36:48.600,3721.4000,11545,1,5754252840.000,1,1,0,双开,B,3721.4000,3721.2000,3720.4000,3719.4000,3719.2000,3721.6000,3722.4000,3723.0000,3723.6000,3723.8000,1,1,4,1,1,1,2,1,1,1
SF,IF2005,2020-04-13 13:36:49.100,3721.6000,11546,1,5755369320.000,1,1,0,双开,B,3721.4000,3721.2000,3720.4000,3719.4000,3719.2000,3722.4000,3723.0000,3723.6000,3723.8000,3724.8000,1,1,4,1,1,2,1,1,1,1
SF,IF2005,2020-04-13 13:36:49.600,3721.6000,11546,0,5755369320.000,0,-,-,-,-,3721.4000,3721.2000,3720.4000,3719.4000,3719.2000,3722.2000,3722.4000,3723.0000,3723.6000,3723.8000,1,1,4,1,1,1,2,1,1,1
SF,IF2005,2020-04-13 13:36:50.100,3721.6000,11546,0,5755369320.000,0,-,-,-,-,3721.4000,3721.2000,3720.4000,3719.4000,3719.2000,3722.0000,3722.2000,3722.4000,3723.0000,3723.6000,1,1,4,1,1,4,1,2,1,1
SF,IF2005,2020-04-13 13:36:50.600,3721.6000,11546,0,5755369320.000,0,-,-,-,-,3721.4000,3721.2000,3720.4000,3719.4000,3719.2000,3722.2000,3722.4000,3723.0000,3723.6000,3723.8000,1,1,4,1,1,1,2,1,1,1
SF,IF2005,2020-04-13 13:36:51.100,3721.6000,11546,0,5755369320.000,0,-,-,-,-,3721.2000,3720.4000,3719.4000,3719.2000,3719.0000,3722.2000,3722.4000,3723.0000,3723.6000,3723.8000,1,4,1,1,7,1,2,1,1,1
SF,IF2005,2020-04-13 13:36:53.600,3721.6000,11546,0,5755369320.000,0,-,-,-,-,3721.2000,3720.4000,3719.4000,3719.2000,3719.0000,3722.2000,3722.4000,3723.0000,3723.6000,3723.8000,1,4,1,1,7,1,2,1,1,1
SF,IF2005,2020-04-13 13:36:56.100,3721.6000,11546,0,5755369320.000,0,-,-,-,-,3720.4000,3719.4000,3719.2000,3719.0000,3718.8000,3721.8000,3722.2000,3722.4000,3723.0000,3723.6000,4,1,1,7,2,4,1,2,1,1
SF,IF2005,2020-04-13 13:36:56.600,3721.6000,11546,0,5755369320.000,0,-,-,-,-,3720.6000,3720.4000,3719.4000,3719.2000,3719.0000,3721.8000,3722.4000,3723.0000,3723.6000,3723.8000,3,3,1,1,7,4,2,1,1,1
SF,IF2005,2020-04-13 13:36:57.100,3721.6000,11546,0,5755369320.000,0,-,-,-,-,3720.8000,3720.6000,3720.4000,3719.4000,3719.2000,3722.4000,3723.0000,3723.6000,3723.8000,3724.8000,2,3,1,1,1,2,1,1,1,1
SF,IF2005,2020-04-13 13:36:57.600,3721.6000,11546,0,5755369320.000,0,-,-,-,-,3720.8000,3720.6000,3720.4000,3719.4000,3719.2000,3721.8000,3722.0000,3722.2000,3722.4000,3723.0000,2,3,1,1,1,4,1,3,2,1
SF,IF2005,2020-04-13 13:36:58.600,3721.6000,11546,0,5755369320.000,0,-,-,-,-,3721.0000,3720.8000,3720.6000,3720.4000,3719.4000,3722.0000,3722.2000,3722.4000,3723.0000,3723.6000,1,2,3,1,1,1,3,2,1,1
SF,IF2005,2020-04-13 13:36:59.100,3721.6000,11546,0,5755369320.000,0,-,-,-,-,3721.0000,3720.8000,3720.6000,3720.4000,3719.4000,3722.0000,3722.2000,3722.4000,3723.0000,3723.6000,1,2,2,1,1,1,2,2,1,1
SF,IF2005,2020-04-13 13:37:04.100,3721.6000,11546,0,5755369320.000,0,-,-,-,-,3721.0000,3720.8000,3720.6000,3720.4000,3719.4000,3722.0000,3722.2000,3722.4000,3723.0000,3723.6000,1,2,1,1,1,1,2,2,1,1
SF,IF2005,2020-04-13 13:37:05.600,3721.6000,11546,0,5755369320.000,0,-,-,-,-,3721.2000,3721.0000,3720.8000,3720.6000,3720.4000,3722.0000,3722.2000,3722.4000,3723.0000,3723.6000,1,1,2,1,1,1,2,2,1,1
SF,IF2005,2020-04-13 13:37:06.100,3721.6000,11546,0,5755369320.000,0,-,-,-,-,3721.2000,3721.0000,3720.8000,3720.6000,3720.4000,3722.2000,3722.4000,3723.0000,3723.6000,3723.8000,2,1,2,1,1,2,2,1,1,1
SF,IF2005,2020-04-13 13:37:06.600,3721.6000,11546,0,5755369320.000,0,-,-,-,-,3721.6000,3721.4000,3721.2000,3721.0000,3720.6000,3722.2000,3722.4000,3723.0000,3723.6000,3723.8000,2,2,2,1,1,1,2,1,1,1
SF,IF2005,2020-04-13 13:37:07.100,3721.4000,11550,4,5759835120.000,4,4,0,双开,B,3721.2000,3721.0000,3720.6000,3720.4000,3719.4000,3722.4000,3723.0000,3723.6000,3723.8000,3724.8000,2,1,1,1,1,2,1,1,1,1
SF,IF2005,2020-04-13 13:37:07.600,3721.4000,11550,0,5759835120.000,0,-,-,-,-,3721.4000,3721.2000,3721.0000,3720.4000,3719.4000,3722.4000,3723.0000,3723.6000,3723.8000,3724.8000,1,2,1,1,1,2,1,1,1,1
SF,IF2005,2020-04-13 13:37:09.100,3721.4000,11550,0,5759835120.000,0,-,-,-,-,3721.4000,3721.2000,3721.0000,3720.4000,3719.4000,3722.2000,3722.4000,3723.0000,3723.6000,3723.8000,1,2,1,1,1,1,2,1,1,1
SF,IF2005,2020-04-13 13:37:09.600,3721.4000,11550,0,5759835120.000,0,-,-,-,-,3721.2000,3721.0000,3720.4000,3719.4000,3719.2000,3722.2000,3722.4000,3723.0000,3723.6000,3723.8000,2,1,1,1,1,1,2,1,1,1
SF,IF2005,2020-04-13 13:37:10.100,3721.4000,11550,0,5759835120.000,0,-,-,-,-,3721.4000,3721.2000,3721.0000,3720.4000,3719.4000,3722.0000,3722.2000,3723.0000,3723.6000,3723.8000,1,2,1,1,1,2,1,1,1,1
SF,IF2005,2020-04-13 13:37:11.600,3722.0000,11551,1,5760951720.000,1,1,0,双开,B,3721.4000,3721.2000,3721.0000,3720.4000,3719.4000,3722.0000,3722.2000,3723.0000,3723.6000,3723.8000,1,2,1,1,1,1,1,1,1,1
SF,IF2005,2020-04-13 13:37:12.100,3722.0000,11551,0,5760951720.000,0,-,-,-,-,3721.6000,3721.2000,3721.0000,3720.4000,3719.4000,3722.2000,3723.0000,3723.6000,3723.8000,3724.8000,1,1,1,1,1,1,1,1,1,1
SF,IF2005,2020-04-13 13:37:13.100,3722.0000,11551,0,5760951720.000,0,-,-,-,-,3721.6000,3721.2000,3721.0000,3720.4000,3719.4000,3723.0000,3723.6000,3723.8000,3724.8000,3725.8000,1,1,1,1,1,1,1,1,1,1
SF,IF2005,2020-04-13 13:37:13.600,3722.0000,11551,0,5760951720.000,0,-,-,-,-,3721.6000,3721.0000,3720.4000,3719.4000,3719.2000,3722.8000,3723.0000,3723.6000,3723.8000,3724.8000,1,1,1,1,1,2,1,1,1,1
SF,IF2005,2020-04-13 13:37:14.100,3722.0000,11551,0,5760951720.000,0,-,-,-,-,3721.8000,3721.6000,3721.0000,3720.4000,3719.4000,3722.8000,3723.0000,3723.6000,3723.8000,3724.8000,1,1,1,1,1,2,1,1,1,1
SF,IF2005,2020-04-13 13:37:14.600,3722.0000,11551,0,5760951720.000,0,-,-,-,-,3721.8000,3721.6000,3721.0000,3720.4000,3719.4000,3722.8000,3723.0000,3723.6000,3723.8000,3724.8000,2,1,1,1,1,2,1,1,1,1
SF,IF2005,2020-04-13 13:37:15.100,3722.0000,11551,0,5760951720.000,0,-,-,-,-,3722.0000,3721.8000,3721.0000,3720.4000,3719.4000,3723.0000,3723.6000,3723.8000,3724.8000,3725.8000,3,2,1,1,1,1,1,1,1,1
SF,IF2005,2020-04-13 13:37:16.600,3722.0000,11551,0,5760951720.000,0,-,-,-,-,3722.0000,3721.8000,3720.4000,3719.4000,3719.2000,3723.0000,3723.6000,3723.8000,3724.8000,3725.8000,3,2,1,1,1,1,1,1,1,1
SF,IF2005,2020-04-13 13:37:17.100,3722.0000,11551,0,5760951720.000,0,-,-,-,-,3722.0000,3721.8000,3720.4000,3719.4000,3719.2000,3723.0000,3723.6000,3723.8000,3724.8000,3725.8000,3,2,1,1,1,1,1,1,1,1
SF,IF2005,2020-04-13 13:37:17.600,3722.0000,11551,0,5760951720.000,0,-,-,-,-,3722.0000,3721.8000,3720.4000,3719.4000,3719.2000,3723.0000,3723.6000,3723.8000,3724.8000,3725.8000,3,2,1,1,1,1,1,1,1,1
SF,IF2005,2020-04-13 13:37:18.100,3722.0000,11551,0,5760951720.000,0,-,-,-,-,3722.2000,3722.0000,3721.8000,3720.4000,3719.4000,3723.0000,3723.6000,3723.8000,3724.8000,3725.8000,1,3,1,1,1,1,1,1,1,1
SF,IF2005,2020-04-13 13:37:18.600,3722.2000,11552,1,5762068380.000,1,1,0,双开,B,3722.0000,3721.8000,3720.4000,3719.4000,3719.2000,3723.0000,3723.6000,3723.8000,3724.8000,3725.8000,3,1,1,1,1,1,1,1,1,1
SF,IF2005,2020-04-13 13:37:19.100,3722.2000,11552,0,5762068380.000,0,-,-,-,-,3722.4000,3722.0000,3721.8000,3720.4000,3719.2000,3723.0000,3723.6000,3723.8000,3724.8000,3725.8000,1,2,1,1,1,1,1,1,1,1
SF,IF2005,2020-04-13 13:37:20.100,3722.2000,11552,0,5762068380.000,0,-,-,-,-,3722.4000,3722.0000,3720.4000,3719.2000,3719.0000,3723.0000,3723.6000,3723.8000,3724.8000,3725.8000,1,2,1,1,9,1,1,1,1,1
SF,IF2005,2020-04-13 13:37:23.600,3722.2000,11552,0,5762068380.000,0,-,-,-,-,3722.4000,3722.0000,3720.6000,3720.4000,3719.2000,3723.0000,3723.6000,3723.8000,3724.8000,3725.8000,1,2,3,1,1,1,1,1,1,1
SF,IF2005,2020-04-13 13:37:26.100,3722.2000,11552,0,5762068380.000,0,-,-,-,-,3722.8000,3722.0000,3720.6000,3720.4000,3719.2000,3723.0000,3723.6000,3723.8000,3724.8000,3725.8000,1,2,3,1,1,1,1,1,1,1
SF,IF2005,2020-04-13 13:37:26.600,3722.8000,11553,1,5763185220.000,1,1,0,双开,B,3722.0000,3720.6000,3720.4000,3719.2000,3719.0000,3722.8000,3723.0000,3723.6000,3723.8000,3724.8000,2,3,1,1,6,1,1,1,1,1
SF,IF2005,2020-04-13 13:37:27.100,3722.8000,11553,0,5763185220.000,0,-,-,-,-,3722.0000,3720.6000,3720.4000,3719.2000,3719.0000,3722.8000,3723.0000,3723.6000,3723.8000,3724.8000,2,3,1,1,6,1,1,1,1,1
SF,IF2005,2020-04-13 13:37:27.600,3722.8000,11553,0,5763185220.000,0,-,-,-,-,3720.6000,3720.4000,3719.2000,3719.0000,3718.8000,3722.6000,3722.8000,3723.0000,3723.6000,3723.8000,3,1,1,6,2,2,2,1,1,1
SF,IF2005,2020-04-13 13:37:28.100,3722.8000,11553,0,5763185220.000,0,-,-,-,-,3721.2000,3721.0000,3720.8000,3720.6000,3719.2000,3722.4000,3722.6000,3722.8000,3723.0000,3723.6000,1,5,4,3,1,2,4,1,1,1
SF,IF2005,2020-04-13 13:37:28.600,3722.6000,11554,1,5764302000.000,1,1,0,双开,B,3721.4000,3721.2000,3721.0000,3720.8000,3719.6000,3722.2000,3722.4000,3722.6000,3722.8000,3723.0000,2,2,5,2,3,1,2,1,1,1
SF,IF2005,2020-04-13 13:37:29.100,3722.6000,11554,0,5764302000.000,0,-,-,-,-,3721.4000,3721.2000,3721.0000,3720.8000,3719.6000,3722.4000,3722.6000,3722.8000,3723.0000,3723.6000,2,2,5,2,3,1,1,1,1,1
SF,IF2005,2020-04-13 13:37:29.600,3722.6000,11554,0,5764302000.000,0,-,-,-,-,3721.4000,3721.2000,3721.0000,3720.8000,3719.6000,3722.2000,3722.4000,3722.6000,3722.8000,3723.0000,2,2,3,2,3,1,1,1,1,1
SF,IF2005,2020-04-13 13:37:30.100,3722.6000,11554,0,5764302000.000,0,-,-,-,-,3721.6000,3721.4000,3721.0000,3720.8000,3719.6000,3722.2000,3722.6000,3722.8000,3723.0000,3723.6000,2,2,2,2,3,1,1,1,1,1
SF,IF2005,2020-04-13 13:37:30.600,3722.2000,11556,2,5766535200.000,2,2,0,双开,B,3721.8000,3721.6000,3721.0000,3719.6000,3719.2000,3722.6000,3723.0000,3723.6000,3723.8000,3724.8000,2,6,2,3,1,1,1,1,1,1
SF,IF2005,2020-04-13 13:37:31.100,3722.2000,11556,0,5766535200.000,0,-,-,-,-,3722.2000,3721.8000,3721.6000,3721.0000,3719.6000,3722.6000,3723.0000,3723.6000,3723.8000,3724.8000,1,3,6,2,3,1,1,1,1,1
SF,IF2005,2020-04-13 13:37:32.100,3722.2000,11556,0,5766535200.000,0,-,-,-,-,3722.2000,3721.8000,3721.6000,3721.0000,3720.2000,3722.6000,3723.0000,3723.6000,3723.8000,3724.8000,1,3,6,2,2,1,1,1,1,1
SF,IF2005,2020-04-13 13:37:33.100,3722.2000,11556,0,5766535200.000,0,-,-,-,-,3722.2000,3721.8000,3721.6000,3721.0000,3720.2000,3722.6000,3723.0000,3723.6000,3723.8000,3724.8000,1,2,6,2,2,1,1,1,1,1
SF,IF2005,2020-04-13 13:37:33.600,3722.2000,11556,0,5767651860.000,1,0,1,空换,B,3721.6000,3721.0000,3720.2000,3719.6000,3719.2000,3722.6000,3723.0000,3723.6000,3723.8000,3724.8000,6,2,2,3,1,1,1,1,1,1
SF,IF2005,2020-04-13 13:37:34.100,3722.2000,11556,0,5767651860.000,0,-,-,-,-,3721.8000,3721.6000,3721.0000,3720.2000,3719.6000,3722.6000,3723.0000,3723.6000,3723.8000,3724.8000,1,4,2,2,3,1,1,1,1,1
SF,IF2005,2020-04-13 13:37:35.600,3722.6000,11556,0,5768768640.000,1,0,1,空换,B,3721.6000,3721.0000,3720.2000,3719.6000,3719.2000,3723.0000,3723.6000,3723.8000,3724.8000,3725.8000,4,2,2,3,1,1,1,1,1,1
SF,IF2005,2020-04-13 13:37:36.100,3722.6000,11556,0,5768768640.000,0,-,-,-,-,3721.8000,3721.6000,3721.0000,3720.2000,3719.6000,3722.8000,3723.0000,3723.6000,3723.8000,3724.8000,2,4,2,2,3,2,1,1,1,1
SF,IF2005,2020-04-13 13:37:36.600,3722.6000,11556,0,5768768640.000,0,-,-,-,-,3722.0000,3721.8000,3721.6000,3721.0000,3720.2000,3722.8000,3723.0000,3723.6000,3723.8000,3724.8000,1,2,3,2,2,2,1,1,1,1
SF,IF2005,2020-04-13 13:37:37.600,3722.6000,11556,0,5768768640.000,0,-,-,-,-,3722.4000,3721.8000,3721.6000,3721.0000,3720.2000,3722.8000,3723.0000,3723.6000,3723.8000,3724.8000,1,2,2,2,2,2,1,1,1,1
SF,IF2005,2020-04-13 13:37:40.100,3722.6000,11556,0,5768768640.000,0,-,-,-,-,3722.4000,3721.8000,3721.6000,3721.0000,3720.6000,3722.8000,3723.0000,3723.6000,3723.8000,3724.8000,1,2,2,2,3,2,1,1,1,1
SF,IF2005,2020-04-13 13:37:40.600,3722.6000,11556,0,5768768640.000,0,-,-,-,-,3722.4000,3721.8000,3721.6000,3721.0000,3720.6000,3722.8000,3723.0000,3723.6000,3723.8000,3724.8000,1,2,1,2,3,2,1,1,1,1
SF,IF2005,2020-04-13 13:37:41.100,3722.6000,11556,0,5768768640.000,0,-,-,-,-,3722.4000,3721.8000,3721.6000,3721.0000,3720.6000,3723.0000,3723.6000,3723.8000,3724.8000,3725.8000,2,2,1,2,3,1,1,1,1,1
SF,IF2005,2020-04-13 13:37:41.600,3722.6000,11556,0,5768768640.000,0,-,-,-,-,3722.8000,3722.4000,3721.8000,3721.6000,3721.0000,3723.0000,3723.6000,3723.8000,3724.8000,3725.8000,1,2,2,1,2,2,1,1,1,1
SF,IF2005,2020-04-13 13:37:42.100,3722.6000,11556,0,5768768640.000,0,-,-,-,-,3722.8000,3722.4000,3721.8000,3721.6000,3721.0000,3723.0000,3723.6000,3723.8000,3724.8000,3725.8000,1,1,2,1,2,1,1,1,1,1
SF,IF2005,2020-04-13 13:37:42.600,3722.6000,11556,0,5768768640.000,0,-,-,-,-,3722.8000,3722.4000,3721.8000,3721.6000,3721.0000,3723.0000,3723.6000,3723.8000,3724.8000,3725.8000,2,1,2,1,2,1,1,1,1,1
SF,IF2005,2020-04-13 13:37:46.600,3722.6000,11556,0,5768768640.000,0,-,-,-,-,3722.8000,3721.8000,3721.6000,3721.0000,3720.6000,3723.0000,3723.6000,3723.8000,3724.8000,3725.8000,2,2,1,2,3,1,1,1,1,1
SF,IF2005,2020-04-13 13:37:47.100,3722.6000,11556,0,5768768640.000,0,-,-,-,-,3722.8000,3721.8000,3721.6000,3721.0000,3720.6000,3723.0000,3723.4000,3723.6000,3723.8000,3724.8000,2,2,1,2,3,1,1,1,1,1
SF,IF2005,2020-04-13 13:37:47.600,3722.8000,11556,0,5771002320.000,2,1,1,空换,B,3721.8000,3721.6000,3721.0000,3720.6000,3720.2000,3723.0000,3723.4000,3723.6000,3723.8000,3724.8000,2,1,2,3,2,1,1,1,1,1
SF,IF2005,2020-04-13 13:37:48.100,3722.8000,11556,0,5771002320.000,0,-,-,-,-,3722.0000,3721.8000,3721.6000,3721.0000,3720.6000,3723.0000,3723.4000,3723.6000,3723.8000,3724.8000,4,2,1,2,3,1,1,1,1,1
SF,IF2005,2020-04-13 13:37:49.100,3722.8000,11556,0,5771002320.000,0,-,-,-,-,3722.0000,3721.8000,3721.6000,3721.0000,3720.2000,3723.0000,3723.4000,3723.6000,3723.8000,3724.8000,4,2,1,2,2,1,1,1,1,1
SF,IF2005,2020-04-13 13:37:51.100,3723.0000,11556,0,5772119220.000,1,0,1,空换,B,3722.4000,3722.0000,3721.8000,3721.6000,3721.0000,3723.4000,3723.6000,3723.8000,3724.8000,3725.8000,1,3,2,1,2,1,1,1,1,1
SF,IF2005,2020-04-13 13:37:51.600,3723.0000,11556,0,5772119220.000,0,-,-,-,-,3722.4000,3722.2000,3722.0000,3721.8000,3721.6000,3723.4000,3723.6000,3723.8000,3724.8000,3725.8000,1,2,3,2,1,1,1,1,1,1
SF,IF2005,2020-04-13 13:37:52.100,3723.0000,11556,0,5772119220.000,0,-,-,-,-,3722.4000,3722.2000,3722.0000,3721.8000,3721.6000,3723.6000,3723.8000,3724.8000,3725.8000,3726.0000,1,2,3,2,1,1,1,1,1,1
SF,IF2005,2020-04-13 13:37:52.600,3723.0000,11556,0,5772119220.000,0,-,-,-,-,3722.4000,3722.2000,3722.0000,3721.8000,3721.6000,3723.4000,3723.6000,3723.8000,3724.8000,3725.8000,1,2,3,2,1,2,1,1,1,1
SF,IF2005,2020-04-13 13:37:54.100,3723.0000,11556,0,5772119220.000,0,-,-,-,-,3722.4000,3722.2000,3722.0000,3721.8000,3721.6000,3723.4000,3723.6000,3723.8000,3724.8000,3725.8000,1,2,3,2,1,2,1,1,1,1
SF,IF2005,2020-04-13 13:37:55.100,3723.0000,11556,0,5772119220.000,0,-,-,-,-,3722.4000,3722.2000,3722.0000,3721.8000,3721.6000,3723.4000,3723.6000,3723.8000,3724.8000,3725.8000,1,2,3,2,1,2,1,1,1,1
SF,IF2005,2020-04-13 13:37:56.100,3723.0000,11556,0,5772119220.000,0,-,-,-,-,3722.4000,3722.2000,3722.0000,3721.8000,3721.6000,3723.4000,3723.6000,3723.8000,3726.0000,3726.4000,1,2,3,2,1,2,1,1,1,2
SF,IF2005,2020-04-13 13:37:57.100,3723.0000,11556,0,5772119220.000,0,-,-,-,-,3722.4000,3722.2000,3722.0000,3721.8000,3721.6000,3723.4000,3723.6000,3726.0000,3726.4000,3726.8000,1,2,3,2,1,2,1,1,2,4
SF,IF2005,2020-04-13 13:37:57.600,3723.0000,11556,0,5772119220.000,0,-,-,-,-,3722.4000,3722.2000,3722.0000,3721.8000,3721.6000,3723.4000,3723.6000,3726.0000,3726.4000,3726.8000,1,2,3,2,1,3,1,1,2,4
SF,IF2005,2020-04-13 13:37:58.600,3723.0000,11556,0,5772119220.000,0,-,-,-,-,3722.4000,3722.2000,3722.0000,3721.8000,3721.6000,3723.4000,3723.6000,3725.6000,3726.0000,3726.4000,1,2,3,2,1,3,1,1,1,2
SF,IF2005,2020-04-13 13:38:00.100,3723.0000,11556,0,5772119220.000,0,-,-,-,-,3722.4000,3722.2000,3722.0000,3721.8000,3721.6000,3723.4000,3723.6000,3725.6000,3726.0000,3726.4000,1,2,1,2,1,3,1,1,1,2
SF,IF2005,2020-04-13 13:38:03.100,3723.0000,11556,0,5772119220.000,0,-,-,-,-,3722.4000,3722.2000,3722.0000,3721.8000,3721.6000,3723.2000,3723.4000,3723.6000,3725.6000,3726.0000,1,2,1,2,1,5,3,1,1,1
SF,IF2005,2020-04-13 13:38:03.600,3723.0000,11556,0,5772119220.000,0,-,-,-,-,3722.2000,3722.0000,3721.8000,3721.6000,3721.0000,3723.0000,3723.2000,3723.4000,3723.6000,3725.6000,1,1,2,1,2,2,7,1,1,1
SF,IF2005,2020-04-13 13:38:04.100,3723.0000,11556,0,5772119220.000,0,-,-,-,-,3722.0000,3721.6000,3721.0000,3720.2000,3719.2000,3723.0000,3723.2000,3723.4000,3723.6000,3725.6000,1,1,1,2,1,2,7,1,1,1
SF,IF2005,2020-04-13 13:38:04.600,3723.0000,11556,0,5772119220.000,0,-,-,-,-,3722.0000,3721.6000,3721.0000,3720.2000,3719.2000,3722.8000,3723.0000,3723.2000,3723.4000,3723.6000,1,1,1,2,1,2,2,6,1,1
SF,IF2005,2020-04-13 13:38:05.100,3722.0000,11555,-1,5773235820.000,1,0,1,双平,B,3721.0000,3720.2000,3719.2000,3719.0000,3718.8000,3721.8000,3722.4000,3722.6000,3722.8000,3723.2000,1,2,1,4,2,1,1,5,1,4
SF,IF2005,2020-04-13 13:38:05.600,3722.0000,11555,0,5773235820.000,0,-,-,-,-,3721.0000,3720.2000,3719.2000,3719.0000,3718.8000,3721.6000,3722.6000,3722.8000,3723.4000,3723.6000,1,2,1,4,2,1,3,1,1,1
SF,IF2005,2020-04-13 13:38:06.100,3722.0000,11555,0,5773235820.000,0,-,-,-,-,3720.2000,3719.2000,3719.0000,3718.8000,3718.0000,3721.6000,3722.6000,3722.8000,3723.4000,3723.6000,2,1,4,2,5,1,3,1,1,1
SF,IF2005,2020-04-13 13:38:06.600,3721.6000,11559,4,5777701740.000,4,4,0,双开,B,3720.8000,3720.6000,3720.4000,3720.2000,3719.2000,3721.6000,3722.6000,3722.8000,3723.4000,3723.6000,1,1,5,2,1,1,3,1,1,1
SF,IF2005,2020-04-13 13:38:07.100,3721.6000,11559,0,5778818220.000,1,0,1,空换,B,3721.2000,3721.0000,3720.8000,3720.4000,3719.2000,3722.0000,3722.6000,3723.4000,3723.6000,3725.6000,1,5,2,1,3,1,3,1,1,1
SF,IF2005,2020-04-13 13:38:07.600,3721.6000,11559,0,5778818220.000,0,-,-,-,-,3721.2000,3721.0000,3720.8000,3720.4000,3719.2000,3722.6000,3723.4000,3723.6000,3725.6000,3726.0000,1,5,2,1,3,2,1,1,1,1
SF,IF2005,2020-04-13 13:38:08.100,3721.6000,11559,0,5778818220.000,0,-,-,-,-,3721.6000,3721.4000,3721.0000,3720.8000,3720.4000,3722.6000,3723.4000,3723.6000,3725.6000,3726.0000,1,2,3,2,1,2,1,1,1,1
SF,IF2005,2020-04-13 13:38:08.600,3721.6000,11559,0,5778818220.000,0,-,-,-,-,3721.6000,3721.4000,3721.0000,3720.8000,3720.4000,3722.6000,3723.4000,3723.6000,3725.6000,3726.0000,1,3,2,2,1,2,1,1,1,1
SF,IF2005,2020-04-13 13:38:09.100,3722.4000,11560,1,5779934940.000,1,1,0,双开,B,3721.6000,3721.4000,3721.0000,3720.8000,3720.4000,3722.4000,3722.6000,3723.4000,3723.6000,3725.6000,1,2,1,2,1,3,2,1,1,1
SF,IF2005,2020-04-13 13:38:09.600,3722.4000,11560,0,5779934940.000,0,-,-,-,-,3721.6000,3721.4000,3720.8000,3720.4000,3719.2000,3722.6000,3723.4000,3723.6000,3725.6000,3726.0000,1,2,1,1,3,2,1,1,1,1
SF,IF2005,2020-04-13 13:38:10.100,3722.4000,11560,0,5779934940.000,0,-,-,-,-,3721.6000,3721.4000,3720.8000,3720.4000,3719.2000,3722.6000,3723.4000,3723.6000,3725.6000,3726.0000,1,2,1,1,3,2,1,1,1,1
SF,IF2005,2020-04-13 13:38:10.600,3722.4000,11560,0,5779934940.000,0,-,-,-,-,3721.6000,3721.4000,3720.8000,3720.4000,3719.2000,3722.6000,3723.4000,3723.6000,3725.6000,3726.0000,1,2,1,1,3,2,1,1,1,1
SF,IF2005,2020-04-13 13:38:11.100,3722.4000,11560,0,5779934940.000,0,-,-,-,-,3721.8000,3721.6000,3721.4000,3720.8000,3720.4000,3722.6000,3723.6000,3725.6000,3726.0000,3726.4000,1,1,2,1,1,2,1,1,1,2
SF,IF2005,2020-04-13 13:38:11.600,3722.4000,11560,0,5779934940.000,0,-,-,-,-,3721.8000,3721.6000,3721.4000,3720.8000,3720.4000,3722.6000,3723.6000,3725.6000,3726.0000,3726.4000,1,1,2,1,1,3,1,1,1,2
SF,IF2005,2020-04-13 13:38:12.100,3722.4000,11560,0,5779934940.000,0,-,-,-,-,3721.8000,3721.6000,3721.4000,3720.8000,3720.4000,3722.6000,3723.6000,3724.0000,3725.6000,3726.0000,1,1,2,1,1,3,1,2,1,1
SF,IF2005,2020-04-13 13:38:12.600,3722.2000,11561,1,5781051600.000,1,1,0,双开,B,3721.8000,3721.4000,3720.8000,3720.4000,3719.2000,3723.6000,3724.0000,3725.6000,3726.0000,3726.4000,1,2,1,1,3,1,2,1,1,2
SF,IF2005,2020-04-13 13:38:13.100,3722.2000,11561,0,5781051600.000,0,-,-,-,-,3722.0000,3721.8000,3720.8000,3720.4000,3720.0000,3723.2000,3723.4000,3723.6000,3724.0000,3725.6000,4,1,1,1,3,3,6,1,2,1
SF,IF2005,2020-04-13 13:38:13.600,3722.2000,11561,0,5781051600.000,0,-,-,-,-,3722.4000,3722.0000,3721.8000,3720.8000,3720.4000,3723.2000,3723.4000,3723.6000,3725.6000,3726.0000,1,6,1,1,1,1,4,1,1,1
SF,IF2005,2020-04-13 13:38:14.100,3722.2000,11561,0,5781051600.000,0,-,-,-,-,3722.4000,3722.0000,3721.8000,3720.8000,3720.4000,3723.4000,3723.6000,3725.0000,3725.6000,3726.0000,1,6,1,1,1,4,1,2,1,1
SF,IF2005,2020-04-13 13:38:14.600,3722.2000,11561,0,5781051600.000,0,-,-,-,-,3722.4000,3722.0000,3721.8000,3721.2000,3720.8000,3723.4000,3723.6000,3725.0000,3725.6000,3726.0000,1,6,1,3,1,4,1,2,1,1
SF,IF2005,2020-04-13 13:38:15.100,3722.2000,11561,0,5781051600.000,0,-,-,-,-,3722.4000,3722.0000,3721.2000,3720.8000,3720.4000,3723.4000,3723.6000,3725.0000,3725.6000,3726.0000,1,4,3,1,1,2,1,2,1,1
SF,IF2005,2020-04-13 13:38:15.600,3722.2000,11561,0,5781051600.000,0,-,-,-,-,3722.8000,3722.6000,3722.0000,3721.2000,3720.8000,3723.4000,3723.6000,3725.0000,3725.6000,3726.0000,1,4,2,3,1,2,1,2,1,1
SF,IF2005,2020-04-13 13:38:16.100,3722.2000,11561,0,5781051600.000,0,-,-,-,-,3722.8000,3722.6000,3722.0000,3721.2000,3720.8000,3723.4000,3723.6000,3725.0000,3725.6000,3726.0000,1,4,1,3,1,1,1,2,1,1
SF,IF2005,2020-04-13 13:38:16.600,3722.2000,11561,0,5781051600.000,0,-,-,-,-,3722.8000,3722.6000,3722.0000,3721.2000,3720.8000,3723.4000,3723.6000,3725.0000,3725.6000,3726.0000,1,4,1,3,1,2,1,2,1,1
SF,IF2005,2020-04-13 13:38:17.100,3723.4000,11563,2,5783285640.000,2,2,0,双开,B,3722.8000,3722.6000,3722.0000,3721.2000,3720.8000,3723.6000,3725.0000,3725.6000,3726.0000,3726.4000,1,4,1,3,1,1,2,1,1,2
SF,IF2005,2020-04-13 13:38:17.600,3723.4000,11563,0,5783285640.000,0,-,-,-,-,3723.0000,3722.8000,3722.6000,3722.0000,3721.2000,3723.6000,3725.0000,3725.6000,3726.0000,3726.4000,1,1,3,1,3,1,2,1,1,2
SF,IF2005,2020-04-13 13:38:18.100,3723.4000,11563,0,5783285640.000,0,-,-,-,-,3723.2000,3723.0000,3722.6000,3722.0000,3721.2000,3723.6000,3724.2000,3725.6000,3726.0000,3726.4000,1,1,3,1,3,1,1,1,1,2
SF,IF2005,2020-04-13 13:38:18.600,3723.6000,11564,1,5784402720.000,1,1,0,双开,B,3723.2000,3723.0000,3722.6000,3722.0000,3721.2000,3724.2000,3725.6000,3726.0000,3726.4000,3726.8000,1,1,2,1,3,1,1,3,2,4
SF,IF2005,2020-04-13 13:38:19.100,3723.6000,11564,0,5784402720.000,0,-,-,-,-,3723.2000,3723.0000,3722.6000,3722.0000,3721.2000,3724.0000,3725.6000,3726.0000,3726.4000,3726.8000,1,1,2,1,3,2,1,3,2,4
SF,IF2005,2020-04-13 13:38:19.600,3723.6000,11564,0,5784402720.000,0,-,-,-,-,3723.2000,3723.0000,3722.6000,3722.0000,3721.2000,3724.0000,3725.6000,3726.0000,3726.4000,3726.8000,1,1,2,1,3,2,1,3,2,4
SF,IF2005,2020-04-13 13:38:21.100,3723.6000,11564,0,5784402720.000,0,-,-,-,-,3723.2000,3723.0000,3722.6000,3722.0000,3721.2000,3724.0000,3725.6000,3726.0000,3726.4000,3726.8000,1,1,2,1,3,2,1,3,2,4
SF,IF2005,2020-04-13 13:38:21.600,3723.6000,11564,0,5784402720.000,0,-,-,-,-,3723.2000,3723.0000,3722.6000,3722.0000,3721.2000,3724.0000,3725.6000,3726.0000,3726.4000,3726.8000,1,1,2,1,5,2,1,3,2,4
SF,IF2005,2020-04-13 13:38:22.600,3724.0000,11564,0,5785519920.000,1,0,1,空换,B,3723.2000,3723.0000,3722.6000,3722.0000,3721.2000,3724.0000,3725.6000,3726.0000,3726.4000,3726.8000,1,1,2,1,5,1,1,3,2,4
SF,IF2005,2020-04-13 13:38:23.100,3724.0000,11564,0,5785519920.000,0,-,-,-,-,3723.2000,3723.0000,3722.6000,3722.0000,3721.2000,3725.6000,3726.0000,3726.4000,3726.8000,3727.2000,1,1,2,1,5,1,3,2,4,1
SF,IF2005,2020-04-13 13:38:23.600,3724.0000,11564,0,5785519920.000,0,-,-,-,-,3723.4000,3723.2000,3723.0000,3722.0000,3721.2000,3724.4000,3724.6000,3724.8000,3725.0000,3725.2000,3,1,1,1,5,4,1,2,1,4
SF,IF2005,2020-04-13 13:38:24.100,3723.4000,11565,1,5787753960.000,2,1,1,多开,B,3723.4000,3723.2000,3723.0000,3722.0000,3721.2000,3724.4000,3724.6000,3724.8000,3725.0000,3725.2000,1,1,1,1,5,4,1,2,1,3
SF,IF2005,2020-04-13 13:38:24.600,3723.4000,11565,0,5787753960.000,0,-,-,-,-,3723.4000,3723.2000,3723.0000,3722.0000,3721.2000,3724.2000,3724.4000,3724.6000,3724.8000,3725.0000,1,1,1,1,5,4,4,1,1,1
SF,IF2005,2020-04-13 13:38:25.100,3723.4000,11565,0,5787753960.000,0,-,-,-,-,3723.4000,3723.2000,3723.0000,3722.0000,3721.2000,3724.2000,3724.4000,3724.6000,3724.8000,3725.0000,1,1,1,1,5,3,1,1,1,1
SF,IF2005,2020-04-13 13:38:26.100,3723.4000,11565,0,5787753960.000,0,-,-,-,-,3723.4000,3723.2000,3723.0000,3722.0000,3721.2000,3724.2000,3724.4000,3724.6000,3725.0000,3725.2000,1,1,1,1,5,3,1,1,1,3
SF,IF2005,2020-04-13 13:38:26.600,3723.4000,11565,0,5787753960.000,0,-,-,-,-,3723.4000,3723.2000,3723.0000,3722.0000,3721.2000,3724.0000,3724.2000,3724.4000,3724.6000,3725.0000,1,1,1,1,5,2,3,1,1,1
SF,IF2005,2020-04-13 13:38:27.100,3723.4000,11565,0,5787753960.000,0,-,-,-,-,3723.4000,3723.2000,3723.0000,3722.0000,3721.2000,3724.0000,3724.2000,3724.4000,3724.6000,3725.0000,1,1,1,1,5,1,3,1,1,1
SF,IF2005,2020-04-13 13:38:27.600,3723.4000,11565,0,5787753960.000,0,-,-,-,-,3723.4000,3723.2000,3723.0000,3722.0000,3721.2000,3724.0000,3724.2000,3724.4000,3724.6000,3725.0000,1,1,1,1,5,2,3,1,1,1
SF,IF2005,2020-04-13 13:38:28.100,3723.4000,11565,0,5787753960.000,0,-,-,-,-,3723.4000,3723.2000,3723.0000,3722.0000,3721.2000,3724.0000,3724.2000,3724.4000,3724.6000,3725.0000,1,1,1,1,5,1,3,1,1,1
SF,IF2005,2020-04-13 13:38:28.600,3723.4000,11565,0,5787753960.000,0,-,-,-,-,3723.4000,3723.2000,3723.0000,3722.0000,3721.2000,3724.0000,3724.2000,3724.4000,3724.6000,3725.0000,1,1,1,1,5,2,3,1,1,1
SF,IF2005,2020-04-13 13:38:29.100,3723.4000,11565,0,5787753960.000,0,-,-,-,-,3723.4000,3723.2000,3723.0000,3722.0000,3721.2000,3724.0000,3724.2000,3724.4000,3724.6000,3725.0000,1,1,1,2,5,1,3,1,1,1
SF,IF2005,2020-04-13 13:38:29.600,3723.4000,11565,0,5787753960.000,0,-,-,-,-,3723.4000,3723.2000,3723.0000,3722.0000,3721.2000,3724.0000,3724.2000,3724.4000,3724.6000,3725.0000,1,1,1,2,5,2,3,1,1,1
SF,IF2005,2020-04-13 13:38:30.100,3723.4000,11565,0,5787753960.000,0,-,-,-,-,3723.4000,3723.2000,3723.0000,3722.0000,3721.2000,3724.0000,3724.2000,3724.4000,3725.0000,3725.2000,1,1,1,2,5,1,3,1,1,3
SF,IF2005,2020-04-13 13:38:30.600,3723.4000,11566,1,5788870980.000,1,1,0,双开,B,3723.2000,3723.0000,3722.0000,3721.2000,3720.8000,3724.0000,3724.2000,3724.4000,3725.0000,3725.2000,1,1,2,5,1,2,3,1,1,3
SF,IF2005,2020-04-13 13:38:31.100,3723.4000,11566,0,5788870980.000,0,-,-,-,-,3723.2000,3723.0000,3722.0000,3721.2000,3720.8000,3724.0000,3724.2000,3724.4000,3725.0000,3725.2000,1,1,2,5,1,1,2,1,1,3
SF,IF2005,2020-04-13 13:38:31.600,3723.0000,11568,2,5791104840.000,2,2,0,双开,B,3722.0000,3721.2000,3720.8000,3720.4000,3719.2000,3723.8000,3724.0000,3724.4000,3725.0000,3725.2000,2,5,1,1,1,6,1,1,1,3
SF,IF2005,2020-04-13 13:38:32.100,3723.0000,11568,0,5791104840.000,0,-,-,-,-,3722.4000,3722.2000,3722.0000,3721.2000,3720.8000,3723.4000,3723.6000,3723.8000,3724.0000,3725.0000,1,2,2,5,1,1,4,5,1,1
SF,IF2005,2020-04-13 13:38:32.600,3723.0000,11568,0,5791104840.000,0,-,-,-,-,3722.2000,3722.0000,3721.2000,3720.8000,3720.4000,3723.0000,3723.2000,3723.4000,3723.6000,3723.8000,2,2,5,1,1,1,3,1,4,1
SF,IF2005,2020-04-13 13:38:33.100,3723.0000,11568,0,5791104840.000,0,-,-,-,-,3722.0000,3721.2000,3720.8000,3720.4000,3719.2000,3723.0000,3723.2000,3723.6000,3723.8000,3724.0000,2,5,1,1,1,2,3,3,1,1
SF,IF2005,2020-04-13 13:38:33.600,3723.0000,11569,1,5792221740.000,1,1,0,双开,B,3722.0000,3721.2000,3720.8000,3720.4000,3719.2000,3722.8000,3723.0000,3723.2000,3723.6000,3723.8000,1,5,1,1,1,1,2,3,3,1
SF,IF2005,2020-04-13 13:38:35.600,3723.0000,11569,0,5792221740.000,0,-,-,-,-,3722.0000,3721.2000,3720.8000,3720.6000,3720.4000,3722.8000,3723.0000,3723.2000,3723.6000,3723.8000,1,2,1,3,1,1,2,3,3,1
SF,IF2005,2020-04-13 13:38:37.600,3722.4000,11569,0,5793338460.000,1,0,1,空换,B,3722.4000,3722.2000,3722.0000,3721.2000,3720.8000,3722.8000,3723.0000,3723.2000,3723.6000,3723.8000,1,1,1,2,1,1,2,3,3,1
SF,IF2005,2020-04-13 13:38:38.600,3722.8000,11570,1,5794455300.000,1,1,0,双开,B,3722.4000,3722.2000,3722.0000,3721.2000,3720.8000,3722.8000,3723.0000,3723.2000,3723.6000,3723.8000,1,1,1,2,1,1,2,3,3,1
SF,IF2005,2020-04-13 13:38:39.100,3722.8000,11573,3,5797805880.000,3,3,0,双开,B,3722.6000,3722.0000,3721.2000,3720.8000,3720.6000,3722.8000,3723.2000,3723.8000,3724.0000,3725.0000,1,1,2,1,3,1,2,1,1,3
SF,IF2005,2020-04-13 13:38:39.600,3722.8000,11574,1,5798922720.000,1,1,0,双开,B,3722.8000,3722.6000,3722.0000,3721.2000,3720.8000,3723.2000,3723.8000,3724.0000,3725.0000,3725.2000,1,1,1,2,1,2,1,1,3,3
SF,IF2005,2020-04-13 13:38:40.100,3722.8000,11574,0,5798922720.000,0,-,-,-,-,3722.8000,3722.6000,3722.0000,3720.8000,3720.6000,3723.2000,3723.8000,3724.0000,3725.0000,3725.2000,1,1,1,1,3,2,1,1,3,3
SF,IF2005,2020-04-13 13:38:40.600,3722.8000,11574,0,5798922720.000,0,-,-,-,-,3722.6000,3722.0000,3720.8000,3720.6000,3720.4000,3723.2000,3723.8000,3724.0000,3725.0000,3725.2000,1,1,1,3,1,2,1,1,3,3
SF,IF2005,2020-04-13 13:38:42.600,3722.8000,11574,0,5798922720.000,0,-,-,-,-,3722.0000,3720.8000,3720.6000,3720.4000,3719.2000,3723.2000,3723.8000,3724.0000,3725.0000,3725.2000,1,1,3,1,1,2,1,1,3,3
SF,IF2005,2020-04-13 13:38:43.100,3722.8000,11574,0,5798922720.000,0,-,-,-,-,3722.2000,3722.0000,3720.8000,3720.6000,3720.4000,3723.2000,3723.8000,3724.0000,3725.0000,3725.2000,5,1,1,3,1,2,1,1,3,2
SF,IF2005,2020-04-13 13:38:43.600,3722.8000,11574,0,5798922720.000,0,-,-,-,-,3722.4000,3722.2000,3722.0000,3720.8000,3720.6000,3723.2000,3723.8000,3724.0000,3725.0000,3725.2000,3,7,1,1,3,2,1,1,3,2
SF,IF2005,2020-04-13 13:38:44.100,3722.8000,11574,0,5798922720.000,0,-,-,-,-,3722.8000,3722.4000,3722.2000,3722.0000,3720.8000,3723.2000,3724.0000,3725.0000,3725.2000,3725.4000,1,2,7,1,1,2,1,3,2,2
SF,IF2005,2020-04-13 13:38:44.600,3723.2000,11576,2,5801156640.000,2,2,0,双开,B,3723.6000,3722.8000,3722.4000,3722.2000,3722.0000,3724.0000,3725.0000,3725.2000,3725.4000,3725.6000,1,1,2,7,1,1,3,2,2,1
SF,IF2005,2020-04-13 13:38:45.100,3723.6000,11577,1,5802273720.000,1,1,0,双开,B,3722.8000,3722.4000,3722.2000,3722.0000,3720.8000,3723.8000,3724.0000,3725.0000,3725.2000,3725.4000,1,2,6,1,1,1,1,3,2,2
SF,IF2005,2020-04-13 13:38:45.600,3723.6000,11577,0,5802273720.000,0,-,-,-,-,3722.4000,3722.2000,3722.0000,3720.8000,3720.6000,3723.8000,3724.0000,3725.0000,3725.2000,3725.4000,2,6,1,1,3,1,1,3,2,2
SF,IF2005,2020-04-13 13:38:46.100,3723.6000,11579,2,5804507880.000,2,2,0,双开,B,3722.6000,3722.4000,3722.2000,3722.0000,3720.8000,3723.8000,3724.0000,3725.0000,3725.2000,3725.4000,3,2,3,1,1,1,1,3,2,2
SF,IF2005,2020-04-13 13:38:46.600,3723.6000,11579,0,5804507880.000,0,-,-,-,-,3722.8000,3722.6000,3722.4000,3722.2000,3722.0000,3723.8000,3724.0000,3725.0000,3725.2000,3725.4000,2,5,2,2,1,1,1,3,2,2
SF,IF2005,2020-04-13 13:38:47.100,3723.6000,11579,0,5804507880.000,0,-,-,-,-,3723.0000,3722.8000,3722.6000,3722.4000,3722.2000,3723.8000,3724.0000,3725.0000,3725.2000,3725.4000,2,2,3,1,2,1,1,3,2,2
SF,IF2005,2020-04-13 13:38:47.600,3723.6000,11579,0,5804507880.000,0,-,-,-,-,3723.2000,3723.0000,3722.8000,3722.6000,3722.4000,3723.8000,3724.0000,3725.0000,3725.2000,3725.4000,1,2,2,3,1,1,1,3,2,2
SF,IF2005,2020-04-13 13:38:48.100,3723.6000,11579,0,5804507880.000,0,-,-,-,-,3723.0000,3722.8000,3722.6000,3722.4000,3722.2000,3723.8000,3724.0000,3725.0000,3725.2000,3725.4000,2,2,3,1,2,1,1,3,2,2
SF,IF2005,2020-04-13 13:38:50.100,3723.6000,11579,0,5804507880.000,0,-,-,-,-,3723.0000,3722.8000,3722.6000,3722.4000,3722.2000,3723.8000,3724.0000,3725.0000,3725.2000,3725.4000,2,1,3,1,2,1,1,3,2,2
SF,IF2005,2020-04-13 13:38:50.600,3723.6000,11579,0,5804507880.000,0,-,-,-,-,3723.0000,3722.8000,3722.6000,3722.4000,3722.2000,3723.8000,3724.0000,3725.0000,3725.2000,3725.4000,2,1,3,1,2,2,1,3,2,2
SF,IF2005,2020-04-13 13:38:52.100,3723.6000,11579,0,5804507880.000,0,-,-,-,-,3723.0000,3722.6000,3722.4000,3722.2000,3722.0000,3723.8000,3724.0000,3725.0000,3725.2000,3725.4000,2,3,1,2,1,2,1,3,2,2
SF,IF2005,2020-04-13 13:38:52.600,3723.6000,11579,0,5804507880.000,0,-,-,-,-,3723.0000,3722.6000,3722.2000,3722.0000,3720.8000,3723.8000,3724.0000,3725.0000,3725.2000,3725.4000,2,3,2,1,1,2,1,3,2,2
SF,IF2005,2020-04-13 13:38:55.600,3723.6000,11579,0,5804507880.000,0,-,-,-,-,3723.0000,3722.6000,3722.2000,3722.0000,3720.8000,3723.6000,3723.8000,3724.0000,3725.0000,3725.2000,2,2,2,1,1,1,2,1,3,2
SF,IF2005,2020-04-13 13:38:56.600,3723.6000,11579,0,5804507880.000,0,-,-,-,-,3723.0000,3722.6000,3722.2000,3722.0000,3720.8000,3723.4000,3723.6000,3723.8000,3724.0000,3725.0000,2,2,2,1,1,1,1,1,1,3
SF,IF2005,2020-04-13 13:38:57.100,3723.6000,11579,0,5804507880.000,0,-,-,-,-,3723.0000,3722.6000,3722.2000,3722.0000,3720.8000,3723.4000,3723.6000,3724.0000,3725.0000,3725.2000,2,2,1,1,1,2,1,1,3,2
SF,IF2005,2020-04-13 13:38:59.600,3723.6000,11579,0,5804507880.000,0,-,-,-,-,3723.0000,3722.6000,3722.2000,3722.0000,3720.8000,3723.4000,3723.6000,3724.0000,3725.0000,3725.2000,2,2,1,1,1,2,1,1,3,2
SF,IF2005,2020-04-13 13:39:00.600,3723.6000,11579,0,5804507880.000,0,-,-,-,-,3723.0000,3722.6000,3722.2000,3722.0000,3720.8000,3723.6000,3724.0000,3725.0000,3725.2000,3725.4000,2,2,1,1,1,1,1,3,2,2
SF,IF2005,2020-04-13 13:39:02.100,3723.6000,11579,0,5804507880.000,0,-,-,-,-,3723.0000,3722.6000,3722.2000,3722.0000,3720.8000,3723.6000,3724.0000,3725.0000,3725.2000,3725.4000,2,2,1,1,1,2,1,3,2,2
SF,IF2005,2020-04-13 13:39:03.100,3723.6000,11579,0,5804507880.000,0,-,-,-,-,3723.0000,3722.6000,3722.2000,3722.0000,3720.8000,3723.4000,3723.6000,3724.0000,3725.0000,3725.2000,2,2,1,1,1,1,1,1,3,2
SF,IF2005,2020-04-13 13:39:03.600,3723.0000,11580,1,5805624780.000,1,1,0,双开,B,3723.0000,3722.6000,3722.2000,3722.0000,3720.8000,3723.4000,3723.6000,3724.0000,3725.0000,3725.2000,1,2,1,1,1,1,1,1,3,2
SF,IF2005,2020-04-13 13:39:04.100,3723.0000,11580,0,5805624780.000,0,-,-,-,-,3722.6000,3722.2000,3722.0000,3720.8000,3720.6000,3723.4000,3723.6000,3724.0000,3725.0000,3725.2000,2,1,1,1,3,1,1,1,3,2
SF,IF2005,2020-04-13 13:39:04.600,3723.0000,11580,0,5805624780.000,0,-,-,-,-,3722.6000,3722.2000,3722.0000,3720.8000,3720.6000,3723.4000,3723.6000,3724.0000,3725.0000,3725.2000,1,1,1,1,3,1,1,1,3,2
SF,IF2005,2020-04-13 13:39:05.100,3723.0000,11580,0,5805624780.000,0,-,-,-,-,3722.8000,3722.6000,3722.2000,3722.0000,3720.8000,3723.4000,3723.6000,3724.0000,3725.0000,3725.2000,2,1,1,1,1,1,1,1,3,2
SF,IF2005,2020-04-13 13:39:05.600,3723.0000,11580,0,5805624780.000,0,-,-,-,-,3723.0000,3722.8000,3722.6000,3722.2000,3722.0000,3724.0000,3725.0000,3725.2000,3725.4000,3725.6000,2,2,1,1,1,1,3,2,2,1
SF,IF2005,2020-04-13 13:39:06.100,3723.0000,11580,0,5805624780.000,0,-,-,-,-,3723.0000,3722.8000,3722.2000,3722.0000,3720.8000,3724.0000,3725.0000,3725.2000,3725.4000,3725.6000,1,2,1,1,1,1,3,2,2,1
SF,IF2005,2020-04-13 13:39:06.600,3723.0000,11580,0,5805624780.000,0,-,-,-,-,3723.2000,3723.0000,3722.2000,3722.0000,3720.8000,3724.0000,3725.0000,3725.2000,3725.4000,3725.6000,2,3,1,1,1,1,3,2,2,1
SF,IF2005,2020-04-13 13:39:07.100,3723.0000,11580,0,5805624780.000,0,-,-,-,-,3723.0000,3722.2000,3722.0000,3720.8000,3720.6000,3724.0000,3725.0000,3725.2000,3725.4000,3725.6000,3,1,1,1,3,1,3,2,2,1
SF,IF2005,2020-04-13 13:39:08.100,3723.0000,11580,0,5805624780.000,0,-,-,-,-,3723.0000,3722.2000,3722.0000,3720.8000,3720.6000,3723.6000,3723.8000,3724.0000,3725.0000,3725.2000,2,1,1,1,3,3,1,1,3,2
SF,IF2005,2020-04-13 13:39:08.600,3723.0000,11580,0,5805624780.000,0,-,-,-,-,3723.0000,3722.2000,3722.0000,3720.8000,3720.6000,3723.6000,3723.8000,3724.0000,3725.0000,3725.2000,2,1,1,1,3,3,2,1,3,2
SF,IF2005,2020-04-13 13:39:10.600,3723.0000,11580,0,5805624780.000,0,-,-,-,-,3723.0000,3722.2000,3722.0000,3720.8000,3720.6000,3723.8000,3724.0000,3725.0000,3725.2000,3725.4000,2,1,1,1,3,2,1,3,2,2
SF,IF2005,2020-04-13 13:39:11.600,3723.0000,11580,0,5805624780.000,0,-,-,-,-,3722.2000,3722.0000,3720.8000,3720.6000,3720.4000,3723.8000,3724.0000,3725.0000,3725.2000,3725.4000,1,1,1,3,1,2,1,3,2,2
SF,IF2005,2020-04-13 13:39:12.100,3723.0000,11580,0,5805624780.000,0,-,-,-,-,3723.0000,3722.6000,3722.4000,3722.2000,3722.0000,3723.8000,3724.0000,3725.0000,3725.2000,3725.4000,1,1,3,1,1,2,1,3,2,2
SF,IF2005,2020-04-13 13:39:12.600,3723.0000,11580,0,5805624780.000,0,-,-,-,-,3723.0000,3722.6000,3722.4000,3722.2000,3722.0000,3723.8000,3724.0000,3725.0000,3725.2000,3725.4000,3,1,3,1,1,2,1,3,2,2
SF,IF2005,2020-04-13 13:39:13.600,3723.0000,11580,0,5805624780.000,0,-,-,-,-,3723.0000,3722.6000,3722.4000,3722.0000,3720.8000,3723.8000,3724.0000,3725.0000,3725.2000,3725.4000,3,1,3,1,1,1,1,3,2,2
SF,IF2005,2020-04-13 13:39:15.600,3723.0000,11580,0,5805624780.000,0,-,-,-,-,3723.0000,3722.6000,3722.4000,3722.0000,3721.6000,3723.8000,3724.0000,3725.0000,3725.2000,3725.4000,3,1,3,1,2,1,1,3,2,2
SF,IF2005,2020-04-13 13:39:16.100,3723.0000,11580,0,5805624780.000,0,-,-,-,-,3723.4000,3723.2000,3723.0000,3722.4000,3722.0000,3723.8000,3724.0000,3725.0000,3725.2000,3725.4000,1,2,3,1,1,1,1,3,2,2
SF,IF2005,2020-04-13 13:39:16.600,3723.0000,11580,0,5805624780.000,0,-,-,-,-,3723.4000,3723.2000,3723.0000,3722.4000,3722.0000,3723.8000,3724.0000,3725.0000,3725.2000,3725.4000,1,2,3,1,1,1,1,3,2,2
SF,IF2005,2020-04-13 13:39:17.100,3723.0000,11580,0,5805624780.000,0,-,-,-,-,3723.4000,3723.2000,3723.0000,3722.4000,3722.0000,3723.8000,3724.0000,3725.0000,3725.2000,3725.4000,1,2,3,1,1,1,1,1,2,2
SF,IF2005,2020-04-13 13:39:17.600,3723.0000,11580,0,5805624780.000,0,-,-,-,-,3723.4000,3723.2000,3723.0000,3722.4000,3722.0000,3723.8000,3724.0000,3725.0000,3725.2000,3725.4000,1,2,1,1,1,1,1,1,2,2
SF,IF2005,2020-04-13 13:39:18.100,3723.0000,11580,0,5805624780.000,0,-,-,-,-,3723.4000,3723.2000,3723.0000,3722.4000,3722.0000,3724.0000,3725.0000,3725.2000,3725.4000,3725.6000,1,2,3,1,1,1,1,2,2,1
SF,IF2005,2020-04-13 13:39:18.600,3724.0000,11581,1,5806741980.000,1,1,0,双开,B,3723.2000,3723.0000,3722.4000,3722.0000,3721.6000,3725.0000,3725.2000,3725.4000,3725.6000,3726.0000,2,3,1,1,2,1,2,2,1,3
SF,IF2005,2020-04-13 13:39:19.100,3724.0000,11581,0,5806741980.000,0,-,-,-,-,3723.2000,3723.0000,3722.4000,3722.0000,3721.6000,3724.4000,3724.6000,3724.8000,3725.0000,3725.2000,2,3,1,1,2,3,2,4,1,1
SF,IF2005,2020-04-13 13:39:19.600,3724.0000,11581,0,5806741980.000,0,-,-,-,-,3723.6000,3723.4000,3723.2000,3723.0000,3722.0000,3724.6000,3724.8000,3725.4000,3725.6000,3726.0000,1,3,2,3,1,2,3,1,1,3
SF,IF2005,2020-04-13 13:39:20.100,3724.0000,11581,0,5806741980.000,0,-,-,-,-,3723.4000,3723.2000,3723.0000,3722.0000,3721.6000,3724.0000,3724.4000,3724.6000,3725.4000,3725.6000,2,2,3,1,2,3,4,2,1,1
SF,IF2005,2020-04-13 13:39:20.600,3724.0000,11581,0,5806741980.000,0,-,-,-,-,3723.4000,3723.2000,3723.0000,3722.0000,3721.6000,3724.4000,3724.6000,3725.4000,3725.6000,3726.0000,2,2,3,1,2,2,2,1,1,3
SF,IF2005,2020-04-13 13:39:21.100,3724.0000,11581,0,5806741980.000,0,-,-,-,-,3723.8000,3723.6000,3723.4000,3723.0000,3722.0000,3724.6000,3725.4000,3725.6000,3726.0000,3726.4000,1,3,2,3,1,1,1,1,3,2
SF,IF2005,2020-04-13 13:39:21.600,3724.0000,11581,0,5806741980.000,0,-,-,-,-,3723.8000,3723.6000,3723.4000,3723.2000,3723.0000,3724.6000,3725.4000,3725.6000,3726.0000,3726.4000,1,3,1,1,3,1,1,1,3,2
SF,IF2005,2020-04-13 13:39:22.100,3724.0000,11581,0,5806741980.000,0,-,-,-,-,3723.6000,3723.4000,3723.2000,3723.0000,3722.0000,3724.6000,3725.4000,3725.6000,3726.0000,3726.4000,3,1,1,3,1,1,1,1,3,2
SF,IF2005,2020-04-13 13:39:22.600,3724.0000,11581,0,5806741980.000,0,-,-,-,-,3723.6000,3723.4000,3723.2000,3723.0000,3722.0000,3724.4000,3724.6000,3725.4000,3725.6000,3726.0000,3,1,1,3,1,2,1,1,1,3
SF,IF2005,2020-04-13 13:39:23.100,3724.0000,11581,0,5806741980.000,0,-,-,-,-,3723.4000,3723.2000,3723.0000,3722.8000,3722.0000,3724.4000,3724.6000,3725.4000,3725.6000,3726.0000,1,1,1,1,1,5,1,1,1,3
SF,IF2005,2020-04-13 13:39:23.600,3724.0000,11583,2,5808976380.000,2,2,0,双开,B,3723.2000,3723.0000,3722.8000,3722.0000,3721.6000,3724.2000,3724.4000,3725.4000,3725.6000,3726.0000,1,1,1,1,2,4,4,1,1,3
SF,IF2005,2020-04-13 13:39:24.100,3724.0000,11583,0,5808976380.000,0,-,-,-,-,3723.4000,3723.2000,3723.0000,3722.8000,3722.0000,3724.2000,3724.4000,3725.4000,3725.6000,3726.0000,2,1,1,1,1,4,4,1,1,3
SF,IF2005,2020-04-13 13:39:25.600,3724.0000,11583,0,5808976380.000,0,-,-,-,-,3723.4000,3723.2000,3723.0000,3722.8000,3722.0000,3724.2000,3724.4000,3725.4000,3725.6000,3726.0000,2,1,1,1,1,2,4,1,1,3
SF,IF2005,2020-04-13 13:39:28.600,3724.0000,11583,0,5808976380.000,0,-,-,-,-,3723.4000,3723.2000,3723.0000,3722.8000,3722.0000,3724.2000,3724.4000,3725.4000,3725.6000,3726.0000,2,1,1,1,1,2,1,1,1,3
SF,IF2005,2020-04-13 13:39:29.100,3724.0000,11583,0,5808976380.000,0,-,-,-,-,3723.8000,3723.4000,3723.2000,3723.0000,3722.8000,3725.4000,3725.6000,3726.0000,3726.4000,3726.8000,1,2,1,1,1,1,1,3,2,4
SF,IF2005,2020-04-13 13:39:29.600,3724.0000,11583,0,5808976380.000,0,-,-,-,-,3723.4000,3723.2000,3723.0000,3722.8000,3722.0000,3724.2000,3724.6000,3724.8000,3725.0000,3725.2000,2,1,1,1,1,3,2,1,2,6
SF,IF2005,2020-04-13 13:39:30.100,3724.0000,11583,0,5808976380.000,0,-,-,-,-,3723.4000,3723.2000,3723.0000,3722.8000,3722.0000,3724.6000,3725.0000,3725.2000,3725.4000,3725.6000,2,1,1,1,1,2,2,6,1,1
SF,IF2005,2020-04-13 13:39:30.600,3724.0000,11583,0,5808976380.000,0,-,-,-,-,3723.4000,3723.2000,3723.0000,3722.8000,3722.0000,3724.2000,3724.4000,3724.6000,3725.0000,3725.2000,2,1,1,1,1,3,2,2,2,4
SF,IF2005,2020-04-13 13:39:31.100,3724.0000,11583,0,5808976380.000,0,-,-,-,-,3723.4000,3723.2000,3723.0000,3722.8000,3722.0000,3724.2000,3724.4000,3724.6000,3724.8000,3725.0000,2,1,1,1,1,3,4,1,2,2
SF,IF2005,2020-04-13 13:39:31.600,3724.0000,11583,0,5808976380.000,0,-,-,-,-,3723.4000,3723.2000,3723.0000,3722.8000,3722.0000,3724.2000,3724.4000,3724.8000,3725.0000,3725.2000,2,1,1,1,1,3,4,2,2,4
SF,IF2005,2020-04-13 13:39:32.100,3724.0000,11583,0,5808976380.000,0,-,-,-,-,3723.4000,3723.2000,3723.0000,3722.8000,3722.0000,3724.0000,3724.2000,3724.4000,3724.8000,3725.0000,2,1,1,1,1,1,3,3,2,2
SF,IF2005,2020-04-13 13:39:34.100,3724.0000,11583,0,5808976380.000,0,-,-,-,-,3723.4000,3723.2000,3723.0000,3722.8000,3722.0000,3724.0000,3724.2000,3724.4000,3724.8000,3725.0000,2,1,1,1,1,1,3,3,2,2
SF,IF2005,2020-04-13 13:39:37.100,3724.0000,11583,0,5808976380.000,0,-,-,-,-,3723.4000,3723.2000,3723.0000,3722.8000,3722.0000,3724.0000,3724.4000,3724.8000,3725.0000,3725.2000,2,1,1,1,1,1,3,2,2,3
SF,IF2005,2020-04-13 13:39:37.600,3724.0000,11583,0,5808976380.000,0,-,-,-,-,3723.4000,3723.2000,3723.0000,3722.0000,3721.6000,3724.0000,3724.4000,3724.8000,3725.0000,3725.2000,2,1,1,1,2,1,3,2,2,3
SF,IF2005,2020-04-13 13:39:38.100,3724.0000,11583,0,5808976380.000,0,-,-,-,-,3723.4000,3723.2000,3723.0000,3722.0000,3721.6000,3724.0000,3724.4000,3724.8000,3725.0000,3725.2000,2,1,1,1,2,1,3,2,2,3
SF,IF2005,2020-04-13 13:39:38.600,3724.0000,11583,0,5808976380.000,0,-,-,-,-,3723.4000,3723.2000,3723.0000,3722.0000,3721.6000,3724.0000,3724.4000,3724.8000,3725.0000,3725.2000,2,1,1,1,2,1,3,2,2,3
SF,IF2005,2020-04-13 13:39:39.600,3724.0000,11583,0,5808976380.000,0,-,-,-,-,3723.4000,3723.2000,3723.0000,3722.0000,3721.6000,3724.0000,3724.4000,3724.8000,3725.0000,3725.2000,2,1,1,1,2,1,3,2,2,3
SF,IF2005,2020-04-13 13:39:40.100,3724.0000,11583,0,5808976380.000,0,-,-,-,-,3723.4000,3723.2000,3723.0000,3722.0000,3721.6000,3724.0000,3724.4000,3724.8000,3725.0000,3725.2000,2,1,1,1,2,1,3,2,2,3
SF,IF2005,2020-04-13 13:39:40.600,3724.0000,11583,0,5808976380.000,0,-,-,-,-,3723.4000,3723.2000,3723.0000,3722.0000,3721.6000,3724.0000,3724.4000,3724.8000,3725.0000,3725.2000,2,1,1,1,2,1,3,2,2,3
SF,IF2005,2020-04-13 13:39:41.600,3724.0000,11583,0,5808976380.000,0,-,-,-,-,3723.4000,3723.2000,3723.0000,3722.0000,3721.6000,3724.0000,3724.4000,3724.8000,3725.0000,3725.2000,2,1,1,1,2,1,3,2,2,3
SF,IF2005,2020-04-13 13:39:42.100,3724.0000,11583,0,5808976380.000,0,-,-,-,-,3723.4000,3723.2000,3723.0000,3722.0000,3721.6000,3724.0000,3724.4000,3724.8000,3725.0000,3725.2000,2,1,1,1,2,1,3,2,2,3
SF,IF2005,2020-04-13 13:39:42.600,3724.0000,11583,0,5808976380.000,0,-,-,-,-,3723.4000,3723.2000,3723.0000,3722.0000,3721.6000,3724.0000,3724.4000,3724.8000,3725.0000,3725.2000,2,1,1,1,2,2,3,2,2,3
SF,IF2005,2020-04-13 13:39:43.100,3724.0000,11583,0,5808976380.000,0,-,-,-,-,3723.4000,3723.2000,3723.0000,3722.0000,3721.6000,3724.0000,3724.4000,3724.8000,3725.0000,3725.2000,2,1,1,1,2,1,3,2,2,3
SF,IF2005,2020-04-13 13:39:43.600,3724.0000,11583,0,5808976380.000,0,-,-,-,-,3723.4000,3723.2000,3723.0000,3722.0000,3721.6000,3724.0000,3724.4000,3724.8000,3725.0000,3725.2000,2,1,1,1,2,1,3,2,2,3
SF,IF2005,2020-04-13 13:39:44.600,3724.0000,11583,0,5808976380.000,0,-,-,-,-,3723.4000,3723.2000,3723.0000,3722.0000,3721.6000,3724.0000,3724.4000,3724.8000,3725.0000,3725.2000,3,1,1,1,2,1,3,2,2,3
SF,IF2005,2020-04-13 13:39:45.100,3724.0000,11583,0,5808976380.000,0,-,-,-,-,3723.8000,3723.6000,3723.4000,3723.2000,3723.0000,3724.0000,3724.4000,3724.8000,3725.0000,3725.2000,1,1,3,1,1,1,3,2,1,1
SF,IF2005,2020-04-13 13:39:45.600,3724.0000,11583,0,5808976380.000,0,-,-,-,-,3723.6000,3723.4000,3723.2000,3723.0000,3722.0000,3724.0000,3724.4000,3724.8000,3725.0000,3725.4000,1,3,1,1,1,1,3,2,1,1
SF,IF2005,2020-04-13 13:39:46.100,3724.0000,11584,1,5810093580.000,1,1,0,双开,B,3723.6000,3723.4000,3723.2000,3723.0000,3722.0000,3724.8000,3725.0000,3725.4000,3725.6000,3726.0000,1,3,1,1,1,2,1,1,1,3
SF,IF2005,2020-04-13 13:39:46.600,3724.0000,11584,0,5810093580.000,0,-,-,-,-,3723.8000,3723.6000,3723.4000,3723.2000,3723.0000,3724.8000,3725.0000,3725.4000,3725.6000,3726.0000,2,1,1,1,1,3,1,1,1,3
SF,IF2005,2020-04-13 13:39:47.100,3724.0000,11584,0,5810093580.000,0,-,-,-,-,3724.0000,3723.8000,3723.6000,3723.4000,3723.2000,3724.8000,3725.4000,3725.6000,3726.0000,3726.4000,1,2,1,1,1,2,1,1,3,2
SF,IF2005,2020-04-13 13:39:47.600,3724.0000,11584,0,5810093580.000,0,-,-,-,-,3723.8000,3723.6000,3723.4000,3723.2000,3723.0000,3724.4000,3724.8000,3725.4000,3725.6000,3726.0000,2,1,1,1,1,3,3,1,1,3
SF,IF2005,2020-04-13 13:39:48.100,3724.0000,11584,0,5810093580.000,0,-,-,-,-,3723.8000,3723.6000,3723.4000,3723.2000,3723.0000,3724.4000,3724.8000,3725.4000,3725.6000,3726.0000,2,1,1,1,1,1,2,1,1,3
SF,IF2005,2020-04-13 13:39:48.600,3724.0000,11584,0,5810093580.000,0,-,-,-,-,3724.0000,3723.8000,3723.4000,3723.2000,3723.0000,3724.8000,3725.4000,3725.6000,3726.0000,3726.4000,1,2,1,1,1,2,1,1,3,2
SF,IF2005,2020-04-13 13:39:49.100,3724.0000,11584,0,5810093580.000,0,-,-,-,-,3724.0000,3723.8000,3723.4000,3723.2000,3723.0000,3724.8000,3725.4000,3725.6000,3726.0000,3726.4000,1,2,1,1,1,2,1,1,3,2
SF,IF2005,2020-04-13 13:39:49.600,3724.0000,11584,0,5810093580.000,0,-,-,-,-,3724.0000,3723.8000,3723.4000,3723.2000,3723.0000,3724.8000,3725.4000,3725.6000,3726.0000,3726.4000,1,2,1,1,1,2,1,1,3,2
SF,IF2005,2020-04-13 13:39:50.100,3724.0000,11584,0,5810093580.000,0,-,-,-,-,3724.0000,3723.8000,3723.4000,3723.2000,3723.0000,3724.8000,3725.4000,3725.6000,3726.0000,3726.4000,1,2,1,1,1,2,1,1,3,2
SF,IF2005,2020-04-13 13:39:50.600,3724.0000,11584,0,5810093580.000,0,-,-,-,-,3724.0000,3723.8000,3723.4000,3723.2000,3723.0000,3724.8000,3725.4000,3725.6000,3726.0000,3726.4000,1,2,1,1,1,2,1,1,3,2
SF,IF2005,2020-04-13 13:39:51.100,3724.0000,11584,0,5810093580.000,0,-,-,-,-,3724.0000,3723.8000,3723.4000,3723.2000,3723.0000,3724.8000,3725.4000,3725.6000,3726.0000,3726.4000,1,2,1,1,1,2,1,1,3,2
SF,IF2005,2020-04-13 13:39:51.600,3724.0000,11584,0,5810093580.000,0,-,-,-,-,3724.0000,3723.8000,3723.4000,3723.2000,3723.0000,3724.8000,3725.4000,3725.6000,3726.0000,3726.4000,1,2,1,1,1,3,1,1,3,2
SF,IF2005,2020-04-13 13:39:52.100,3724.0000,11584,0,5810093580.000,0,-,-,-,-,3724.0000,3723.8000,3723.4000,3723.2000,3723.0000,3724.8000,3725.4000,3725.6000,3726.0000,3726.4000,1,2,1,1,1,2,1,1,3,2
SF,IF2005,2020-04-13 13:39:52.600,3724.0000,11584,0,5810093580.000,0,-,-,-,-,3724.0000,3723.8000,3723.4000,3723.2000,3723.0000,3724.8000,3725.4000,3725.6000,3726.0000,3726.4000,1,2,1,1,1,3,1,1,3,2
SF,IF2005,2020-04-13 13:39:53.100,3724.0000,11584,0,5810093580.000,0,-,-,-,-,3724.0000,3723.8000,3723.4000,3723.2000,3723.0000,3724.8000,3725.0000,3725.4000,3725.6000,3726.0000,1,2,1,1,1,3,1,1,1,3
SF,IF2005,2020-04-13 13:39:53.600,3724.0000,11584,0,5810093580.000,0,-,-,-,-,3724.0000,3723.8000,3723.4000,3723.2000,3723.0000,3724.8000,3725.0000,3725.4000,3725.6000,3726.0000,1,2,1,1,1,3,1,1,1,3
SF,IF2005,2020-04-13 13:39:54.100,3724.0000,11584,0,5810093580.000,0,-,-,-,-,3724.2000,3724.0000,3723.4000,3723.2000,3723.0000,3724.8000,3725.0000,3725.4000,3725.6000,3726.0000,2,1,1,1,1,2,1,1,1,3
SF,IF2005,2020-04-13 13:39:54.600,3724.0000,11584,0,5810093580.000,0,-,-,-,-,3724.2000,3724.0000,3723.4000,3723.2000,3723.0000,3724.8000,3725.0000,3725.4000,3725.6000,3726.0000,2,1,1,1,1,2,1,1,1,3
SF,IF2005,2020-04-13 13:39:55.100,3724.0000,11584,0,5810093580.000,0,-,-,-,-,3724.2000,3724.0000,3723.4000,3723.2000,3723.0000,3724.8000,3725.0000,3725.4000,3725.6000,3726.0000,2,1,1,1,1,2,1,1,1,3
SF,IF2005,2020-04-13 13:39:55.600,3724.0000,11584,0,5810093580.000,0,-,-,-,-,3724.2000,3724.0000,3723.4000,3723.2000,3723.0000,3724.8000,3725.0000,3725.4000,3725.6000,3726.0000,2,1,1,1,1,2,1,1,1,3
SF,IF2005,2020-04-13 13:39:56.100,3724.0000,11584,0,5810093580.000,0,-,-,-,-,3724.4000,3724.2000,3723.4000,3723.2000,3723.0000,3724.8000,3725.0000,3725.4000,3725.6000,3726.0000,1,2,1,1,1,2,1,1,1,3
SF,IF2005,2020-04-13 13:39:56.600,3724.0000,11584,0,5810093580.000,0,-,-,-,-,3724.4000,3724.2000,3723.4000,3723.2000,3723.0000,3724.8000,3725.0000,3725.4000,3725.6000,3726.0000,1,2,1,1,1,2,1,1,1,3
SF,IF2005,2020-04-13 13:39:57.100,3724.0000,11584,0,5810093580.000,0,-,-,-,-,3724.4000,3724.2000,3723.4000,3723.2000,3723.0000,3724.8000,3725.0000,3725.4000,3725.6000,3726.0000,1,2,1,1,1,2,1,1,1,3
SF,IF2005,2020-04-13 13:39:57.600,3724.8000,11584,0,5812328460.000,2,1,1,空换,B,3724.4000,3724.2000,3723.4000,3723.2000,3723.0000,3724.8000,3725.0000,3725.4000,3725.6000,3726.0000,1,2,1,1,1,1,1,1,1,3
SF,IF2005,2020-04-13 13:39:58.100,3724.8000,11584,0,5813445900.000,1,0,1,空换,B,3724.8000,3724.4000,3724.2000,3723.4000,3723.2000,3725.0000,3725.4000,3725.6000,3726.0000,3726.4000,4,1,2,1,1,1,1,1,3,2
SF,IF2005,2020-04-13 13:39:59.100,3724.8000,11580,-4,5817915660.000,4,0,4,双平,B,3724.4000,3724.2000,3723.8000,3723.4000,3723.2000,3725.0000,3725.4000,3725.6000,3726.0000,3726.4000,1,2,1,1,1,1,1,1,3,2
SF,IF2005,2020-04-13 13:40:00.100,3725.0000,11580,0,5820150600.000,2,1,1,空换,B,3725.0000,3724.2000,3723.8000,3723.4000,3723.2000,3725.4000,3725.6000,3726.0000,3726.4000,3727.2000,3,2,1,1,1,1,1,3,2,1
SF,IF2005,2020-04-13 13:40:00.600,3725.0000,11580,0,5823503100.000,3,1,2,空换,B,3724.2000,3723.8000,3723.4000,3723.2000,3723.0000,3724.8000,3725.0000,3725.2000,3725.4000,3725.6000,2,1,1,1,1,3,2,3,1,1
SF,IF2005,2020-04-13 13:40:01.100,3725.0000,11580,0,5823503100.000,0,-,-,-,-,3724.2000,3723.8000,3723.4000,3723.0000,3722.0000,3725.0000,3725.2000,3725.4000,3725.6000,3726.0000,2,1,1,1,1,1,3,1,1,3
SF,IF2005,2020-04-13 13:40:01.600,3725.0000,11580,0,5823503100.000,0,-,-,-,-,3724.2000,3723.8000,3723.4000,3723.0000,3722.0000,3725.0000,3725.2000,3725.4000,3725.6000,3726.0000,2,1,1,1,1,2,3,1,1,3
SF,IF2005,2020-04-13 13:40:02.100,3725.0000,11579,-1,5825738100.000,2,0,2,空平,B,3725.0000,3724.2000,3723.8000,3723.4000,3723.0000,3725.2000,3725.4000,3725.6000,3726.0000,3726.4000,3,2,1,1,1,3,1,1,3,2
SF,IF2005,2020-04-13 13:40:02.600,3725.0000,11579,0,5829090600.000,3,1,2,空换,B,3724.2000,3723.8000,3723.4000,3723.0000,3722.0000,3724.8000,3725.2000,3725.4000,3725.6000,3726.0000,2,1,1,1,1,3,3,1,1,3
SF,IF2005,2020-04-13 13:40:03.100,3725.0000,11579,0,5829090600.000,0,-,-,-,-,3724.8000,3724.2000,3723.8000,3723.4000,3723.0000,3725.2000,3725.4000,3725.6000,3726.0000,3726.4000,5,2,1,1,1,3,1,1,3,2
SF,IF2005,2020-04-13 13:40:03.600,3724.8000,11578,-1,5834677800.000,5,2,3,空平,B,3724.2000,3723.8000,3723.4000,3723.0000,3722.0000,3724.4000,3725.0000,3725.2000,3725.4000,3725.6000,2,1,1,1,1,3,1,3,1,1
SF,IF2005,2020-04-13 13:40:04.100,3724.8000,11578,0,5834677800.000,0,-,-,-,-,3723.8000,3723.4000,3723.0000,3722.0000,3721.8000,3724.8000,3725.0000,3725.2000,3725.4000,3725.6000,1,1,1,1,2,1,2,4,1,1
SF,IF2005,2020-04-13 13:40:04.600,3724.8000,11578,0,5834677800.000,0,-,-,-,-,3724.0000,3723.8000,3723.4000,3723.0000,3722.0000,3724.8000,3725.0000,3725.2000,3725.4000,3725.6000,3,2,1,1,1,1,3,3,1,1
SF,IF2005,2020-04-13 13:40:05.100,3724.8000,11576,-2,5840265000.000,5,1,4,空平,B,3724.0000,3723.8000,3723.4000,3723.0000,3722.0000,3724.8000,3725.0000,3725.2000,3725.4000,3725.6000,4,1,1,1,1,2,2,3,1,1
SF,IF2005,2020-04-13 13:40:05.600,3724.8000,11576,0,5840265000.000,0,-,-,-,-,3724.0000,3723.8000,3723.4000,3723.0000,3722.0000,3724.8000,3725.0000,3725.2000,3725.4000,3725.6000,4,1,1,1,4,2,2,3,1,1
SF,IF2005,2020-04-13 13:40:07.100,3724.8000,11578,2,5842499880.000,2,2,0,双开,B,3724.0000,3723.8000,3723.4000,3723.0000,3722.0000,3724.4000,3724.8000,3725.0000,3725.2000,3725.4000,4,1,1,1,4,3,2,2,3,1
SF,IF2005,2020-04-13 13:40:07.600,3724.4000,11581,3,5845851840.000,3,3,0,双开,B,3724.0000,3723.8000,3723.4000,3723.0000,3722.0000,3724.8000,3725.0000,3725.2000,3725.4000,3725.6000,4,1,1,1,4,2,2,3,1,1
SF,IF2005,2020-04-13 13:40:08.100,3724.4000,11581,0,5845851840.000,0,-,-,-,-,3724.0000,3723.8000,3723.4000,3723.0000,3722.0000,3724.8000,3725.0000,3725.2000,3725.4000,3725.6000,4,1,1,1,4,2,1,3,1,1
SF,IF2005,2020-04-13 13:40:09.100,3724.4000,11581,0,5845851840.000,0,-,-,-,-,3724.0000,3723.8000,3723.4000,3723.0000,3722.0000,3724.8000,3725.0000,3725.2000,3725.4000,3725.6000,4,1,1,1,4,1,2,3,1,1
SF,IF2005,2020-04-13 13:40:10.600,3724.8000,11581,0,5846969280.000,1,0,1,空换,B,3724.8000,3724.0000,3723.8000,3723.4000,3723.0000,3725.0000,3725.2000,3725.4000,3725.6000,3726.0000,4,4,1,1,1,2,3,1,1,3
SF,IF2005,2020-04-13 13:40:11.100,3724.8000,11582,1,5852556480.000,5,3,2,多开,B,3724.0000,3723.8000,3723.4000,3723.0000,3722.0000,3724.8000,3725.0000,3725.2000,3725.4000,3725.6000,3,1,1,1,4,4,2,3,1,1
SF,IF2005,2020-04-13 13:40:11.600,3724.8000,11582,0,5852556480.000,0,-,-,-,-,3724.0000,3723.8000,3723.4000,3723.0000,3722.0000,3724.8000,3725.0000,3725.2000,3725.4000,3725.6000,3,1,1,1,4,1,2,3,1,1
SF,IF2005,2020-04-13 13:40:12.100,3724.8000,11582,0,5852556480.000,0,-,-,-,-,3724.0000,3723.8000,3723.4000,3723.0000,3722.0000,3724.8000,3725.0000,3725.2000,3725.4000,3725.6000,3,1,1,1,4,1,2,3,1,1
SF,IF2005,2020-04-13 13:40:13.100,3724.8000,11582,0,5853673920.000,1,0,1,空换,B,3724.8000,3724.0000,3723.8000,3723.4000,3723.0000,3725.0000,3725.2000,3725.4000,3725.6000,3726.0000,4,3,1,1,1,2,3,1,1,3
SF,IF2005,2020-04-13 13:40:13.600,3724.8000,11581,-1,5858143680.000,4,1,3,空平,B,3724.0000,3723.8000,3723.4000,3723.0000,3722.0000,3724.6000,3724.8000,3725.0000,3725.2000,3725.4000,3,1,1,1,4,2,3,1,3,1
SF,IF2005,2020-04-13 13:40:14.100,3724.8000,11581,0,5859261120.000,1,0,1,空换,B,3723.8000,3723.4000,3723.0000,3722.0000,3721.8000,3724.4000,3724.6000,3724.8000,3725.0000,3725.2000,1,1,1,4,2,5,2,1,1,3
SF,IF2005,2020-04-13 13:40:14.600,3724.4000,11581,0,5864847720.000,5,2,3,空换,B,3723.8000,3723.4000,3723.0000,3722.0000,3721.8000,3724.6000,3724.8000,3725.0000,3725.2000,3725.4000,1,1,1,4,2,2,1,1,3,1
SF,IF2005,2020-04-13 13:40:15.100,3724.4000,11581,0,5864847720.000,0,-,-,-,-,3724.0000,3723.8000,3723.4000,3723.0000,3722.0000,3724.6000,3724.8000,3725.0000,3725.2000,3725.4000,2,1,1,1,1,2,2,1,3,1
SF,IF2005,2020-04-13 13:40:15.600,3724.4000,11581,0,5864847720.000,0,-,-,-,-,3724.0000,3723.8000,3723.4000,3723.0000,3722.0000,3724.6000,3724.8000,3725.0000,3725.2000,3725.4000,2,1,1,1,1,2,2,1,3,1
SF,IF2005,2020-04-13 13:40:16.100,3724.6000,11581,0,5865965100.000,1,0,1,空换,B,3724.0000,3723.8000,3723.4000,3723.0000,3722.0000,3724.6000,3724.8000,3725.0000,3725.2000,3725.4000,2,1,1,1,1,1,2,1,3,1
SF,IF2005,2020-04-13 13:40:17.600,3724.6000,11581,0,5867082480.000,1,0,1,空换,B,3724.6000,3724.0000,3723.8000,3723.4000,3723.0000,3724.8000,3725.0000,3725.2000,3725.4000,3725.6000,4,2,1,1,1,2,1,3,1,1
SF,IF2005,2020-04-13 13:40:18.100,3724.6000,11581,0,5871552000.000,4,2,2,空换,B,3724.0000,3723.8000,3723.4000,3723.0000,3722.0000,3724.6000,3724.8000,3725.0000,3725.2000,3725.4000,2,1,1,1,1,2,2,1,3,1
SF,IF2005,2020-04-13 13:40:18.600,3724.6000,11581,0,5871552000.000,0,-,-,-,-,3724.0000,3723.8000,3723.4000,3723.0000,3722.0000,3724.6000,3724.8000,3725.0000,3725.2000,3725.4000,2,1,1,1,1,1,2,1,3,1
SF,IF2005,2020-04-13 13:40:19.100,3724.6000,11582,1,5872669380.000,1,1,0,双开,B,3724.0000,3723.8000,3723.4000,3723.0000,3722.0000,3724.8000,3725.0000,3725.2000,3725.4000,3725.6000,2,1,1,1,1,1,1,3,1,1
SF,IF2005,2020-04-13 13:40:19.600,3724.6000,11582,0,5872669380.000,0,-,-,-,-,3724.2000,3724.0000,3723.8000,3723.4000,3723.0000,3725.0000,3725.2000,3725.4000,3725.6000,3726.0000,1,2,1,1,1,1,3,1,1,3
SF,IF2005,2020-04-13 13:40:20.100,3724.6000,11582,0,5872669380.000,0,-,-,-,-,3724.2000,3724.0000,3723.8000,3723.4000,3723.0000,3725.0000,3725.2000,3725.4000,3725.6000,3726.0000,4,2,1,1,1,1,3,1,1,3
SF,IF2005,2020-04-13 13:40:24.600,3724.6000,11582,0,5872669380.000,0,-,-,-,-,3724.2000,3724.0000,3723.8000,3723.4000,3723.0000,3724.8000,3725.0000,3725.2000,3725.4000,3725.6000,4,2,1,1,1,5,1,3,1,1
SF,IF2005,2020-04-13 13:40:25.100,3724.6000,11582,0,5872669380.000,0,-,-,-,-,3724.2000,3724.0000,3723.8000,3723.4000,3723.0000,3724.6000,3724.8000,3725.0000,3725.2000,3725.4000,1,2,1,1,1,1,5,1,3,1
SF,IF2005,2020-04-13 13:40:25.600,3724.6000,11582,0,5872669380.000,0,-,-,-,-,3724.0000,3723.8000,3723.4000,3723.0000,3722.0000,3725.0000,3725.2000,3725.4000,3725.6000,3726.0000,2,1,1,1,1,1,3,1,1,3
SF,IF2005,2020-04-13 13:40:26.100,3724.6000,11582,0,5872669380.000,0,-,-,-,-,3723.8000,3723.4000,3723.0000,3722.0000,3721.6000,3724.2000,3724.6000,3724.8000,3725.0000,3725.2000,1,1,1,1,2,6,1,3,1,3
SF,IF2005,2020-04-13 13:40:26.600,3724.6000,11582,0,5872669380.000,0,-,-,-,-,3723.8000,3723.4000,3723.0000,3722.0000,3721.6000,3724.2000,3724.6000,3724.8000,3725.0000,3725.2000,1,1,1,1,2,1,1,2,1,3
SF,IF2005,2020-04-13 13:40:29.100,3723.8000,11583,1,5873786520.000,1,1,0,双开,B,3723.4000,3723.0000,3722.0000,3721.6000,3720.8000,3724.6000,3724.8000,3725.0000,3725.2000,3725.4000,1,1,1,2,4,1,2,1,3,1
SF,IF2005,2020-04-13 13:40:29.600,3723.8000,11583,0,5873786520.000,0,-,-,-,-,3723.6000,3723.4000,3723.0000,3722.0000,3721.6000,3724.4000,3724.6000,3724.8000,3725.0000,3725.2000,3,1,1,1,2,5,1,2,1,3
SF,IF2005,2020-04-13 13:40:30.100,3724.6000,11584,1,5874903900.000,1,1,0,双开,B,3723.6000,3723.4000,3723.0000,3722.0000,3721.6000,3724.8000,3725.0000,3725.2000,3725.4000,3725.6000,3,1,1,1,2,2,1,3,1,1
SF,IF2005,2020-04-13 13:40:30.600,3724.6000,11584,0,5874903900.000,0,-,-,-,-,3723.6000,3723.4000,3723.0000,3722.0000,3721.6000,3724.6000,3724.8000,3725.0000,3725.2000,3725.4000,4,1,1,1,2,5,2,1,3,1
SF,IF2005,2020-04-13 13:40:33.100,3724.6000,11584,0,5874903900.000,0,-,-,-,-,3723.6000,3723.4000,3723.0000,3722.0000,3721.6000,3724.4000,3724.6000,3724.8000,3725.0000,3725.2000,4,1,1,1,2,2,5,2,1,3
SF,IF2005,2020-04-13 13:40:34.100,3724.6000,11584,0,5874903900.000,0,-,-,-,-,3723.6000,3723.4000,3723.0000,3722.0000,3721.6000,3724.4000,3724.6000,3724.8000,3725.0000,3725.2000,3,1,1,1,2,2,5,2,1,3
SF,IF2005,2020-04-13 13:40:34.600,3724.6000,11584,0,5874903900.000,0,-,-,-,-,3723.6000,3723.4000,3723.0000,3722.0000,3721.6000,3724.4000,3724.6000,3724.8000,3725.0000,3725.2000,3,1,1,1,2,1,5,2,1,3
SF,IF2005,2020-04-13 13:40:35.600,3724.4000,11585,1,5876021220.000,1,1,0,双开,B,3723.6000,3723.4000,3723.0000,3722.0000,3721.6000,3724.6000,3724.8000,3725.0000,3725.2000,3725.4000,3,1,1,1,2,5,2,1,3,1
SF,IF2005,2020-04-13 13:40:36.100,3724.4000,11585,0,5876021220.000,0,-,-,-,-,3723.6000,3723.4000,3723.0000,3722.0000,3721.6000,3724.4000,3724.6000,3724.8000,3725.2000,3725.4000,3,1,1,1,2,1,5,2,3,1
SF,IF2005,2020-04-13 13:40:36.600,3724.4000,11585,0,5876021220.000,0,-,-,-,-,3723.6000,3723.4000,3723.0000,3722.0000,3721.6000,3724.6000,3724.8000,3725.2000,3725.4000,3725.6000,3,1,1,1,2,5,2,3,1,1
SF,IF2005,2020-04-13 13:40:37.100,3724.4000,11585,0,5876021220.000,0,-,-,-,-,3723.8000,3723.6000,3723.4000,3723.0000,3722.0000,3724.6000,3724.8000,3725.2000,3725.4000,3725.6000,1,3,1,1,1,5,2,3,1,1
SF,IF2005,2020-04-13 13:40:38.100,3724.4000,11585,0,5876021220.000,0,-,-,-,-,3723.6000,3723.4000,3723.0000,3722.0000,3721.6000,3724.4000,3724.6000,3724.8000,3725.2000,3725.4000,3,1,1,1,2,1,5,2,3,1
SF,IF2005,2020-04-13 13:40:39.600,3724.4000,11585,0,5876021220.000,0,-,-,-,-,3723.6000,3723.4000,3723.0000,3722.0000,3721.6000,3724.4000,3724.6000,3724.8000,3725.2000,3725.4000,3,1,1,1,2,1,5,2,3,1
SF,IF2005,2020-04-13 13:40:40.100,3724.4000,11585,0,5876021220.000,0,-,-,-,-,3723.6000,3723.4000,3723.0000,3722.0000,3721.8000,3724.6000,3724.8000,3725.2000,3725.4000,3725.6000,3,1,1,1,1,5,2,3,1,1
SF,IF2005,2020-04-13 13:40:40.600,3724.4000,11585,0,5876021220.000,0,-,-,-,-,3723.6000,3723.4000,3723.0000,3722.0000,3721.8000,3724.4000,3724.6000,3724.8000,3725.2000,3725.4000,3,1,1,1,1,1,5,2,3,1
SF,IF2005,2020-04-13 13:40:42.600,3724.4000,11585,0,5876021220.000,0,-,-,-,-,3723.8000,3723.6000,3723.4000,3723.0000,3722.0000,3724.4000,3724.6000,3724.8000,3725.2000,3725.4000,1,3,1,1,1,1,5,2,3,1
SF,IF2005,2020-04-13 13:40:44.100,3724.4000,11585,0,5876021220.000,0,-,-,-,-,3723.6000,3723.4000,3723.0000,3722.0000,3721.8000,3724.6000,3724.8000,3725.2000,3725.4000,3725.6000,3,1,1,1,1,5,2,3,1,1
SF,IF2005,2020-04-13 13:40:44.600,3724.4000,11585,0,5876021220.000,0,-,-,-,-,3723.8000,3723.6000,3723.4000,3723.0000,3722.0000,3724.6000,3724.8000,3725.2000,3725.4000,3725.6000,1,3,1,1,1,5,2,3,1,1
SF,IF2005,2020-04-13 13:40:46.100,3724.4000,11585,0,5876021220.000,0,-,-,-,-,3724.0000,3723.8000,3723.6000,3723.4000,3723.0000,3724.6000,3724.8000,3725.2000,3725.4000,3725.6000,1,1,2,1,1,5,2,3,1,1
SF,IF2005,2020-04-13 13:40:46.600,3724.2000,11586,1,5878255860.000,2,1,1,多开,B,3724.0000,3723.8000,3723.6000,3723.4000,3723.0000,3724.6000,3725.2000,3725.4000,3725.6000,3726.0000,2,1,2,1,1,4,3,1,1,3
SF,IF2005,2020-04-13 13:40:47.100,3724.6000,11590,4,5882725380.000,4,4,0,双开,B,3724.4000,3724.2000,3724.0000,3723.4000,3723.0000,3725.2000,3725.4000,3725.6000,3726.0000,3726.4000,1,3,1,1,1,3,1,1,3,2
SF,IF2005,2020-04-13 13:40:47.600,3724.6000,11590,0,5882725380.000,0,-,-,-,-,3724.6000,3724.2000,3724.0000,3723.4000,3723.0000,3725.0000,3725.2000,3725.4000,3725.6000,3726.0000,2,3,1,1,1,1,3,1,1,3
SF,IF2005,2020-04-13 13:40:48.100,3724.6000,11590,0,5882725380.000,0,-,-,-,-,3724.6000,3724.2000,3723.4000,3723.0000,3722.0000,3725.2000,3725.4000,3725.6000,3726.0000,3726.4000,2,2,1,1,1,3,1,1,3,2
SF,IF2005,2020-04-13 13:40:48.600,3724.6000,11590,0,5882725380.000,0,-,-,-,-,3724.6000,3724.2000,3723.4000,3723.0000,3722.0000,3725.2000,3725.4000,3725.6000,3726.0000,3726.4000,2,1,1,1,1,2,1,1,3,2
SF,IF2005,2020-04-13 13:40:49.100,3724.6000,11590,0,5882725380.000,0,-,-,-,-,3724.8000,3724.6000,3724.2000,3723.4000,3723.0000,3725.2000,3725.4000,3725.6000,3726.0000,3726.4000,1,2,1,1,1,2,1,1,3,2
SF,IF2005,2020-04-13 13:40:49.600,3724.6000,11590,0,5882725380.000,0,-,-,-,-,3724.8000,3724.6000,3724.2000,3723.4000,3723.0000,3725.2000,3725.4000,3725.6000,3726.0000,3726.4000,2,2,1,1,1,2,1,1,3,2
SF,IF2005,2020-04-13 13:40:51.100,3724.8000,11592,2,5884960260.000,2,2,0,双开,B,3724.6000,3724.2000,3723.4000,3723.0000,3722.0000,3725.2000,3725.4000,3725.6000,3726.0000,3726.4000,2,1,1,1,1,2,1,1,3,2
SF,IF2005,2020-04-13 13:40:51.600,3724.8000,11592,0,5884960260.000,0,-,-,-,-,3724.2000,3723.4000,3723.0000,3722.0000,3721.8000,3725.2000,3725.4000,3725.6000,3726.0000,3726.4000,1,1,1,1,1,2,1,1,3,2
SF,IF2005,2020-04-13 13:40:52.100,3724.8000,11592,0,5884960260.000,0,-,-,-,-,3724.2000,3723.4000,3723.0000,3722.0000,3721.8000,3725.0000,3725.2000,3725.4000,3725.6000,3726.0000,1,1,1,1,1,1,3,1,1,3
SF,IF2005,2020-04-13 13:40:52.600,3724.8000,11592,0,5884960260.000,0,-,-,-,-,3723.4000,3723.0000,3722.0000,3721.8000,3721.6000,3725.0000,3725.2000,3725.4000,3725.6000,3726.0000,1,1,1,1,2,1,3,1,1,3
SF,IF2005,2020-04-13 13:40:53.100,3724.8000,11592,0,5884960260.000,0,-,-,-,-,3724.0000,3723.8000,3723.6000,3723.4000,3723.0000,3724.8000,3725.0000,3725.2000,3725.4000,3725.6000,1,2,3,1,1,2,1,3,1,1
SF,IF2005,2020-04-13 13:40:54.600,3724.8000,11592,0,5884960260.000,0,-,-,-,-,3724.2000,3724.0000,3723.8000,3723.6000,3723.4000,3724.8000,3725.0000,3725.2000,3725.4000,3725.6000,1,1,2,3,1,2,1,3,1,1
SF,IF2005,2020-04-13 13:40:55.100,3724.8000,11592,0,5884960260.000,0,-,-,-,-,3724.2000,3724.0000,3723.8000,3723.6000,3723.4000,3725.0000,3725.2000,3725.4000,3725.6000,3726.0000,1,1,2,3,1,1,3,1,1,3
SF,IF2005,2020-04-13 13:40:55.600,3724.8000,11592,0,5884960260.000,0,-,-,-,-,3724.4000,3724.2000,3723.6000,3723.4000,3723.0000,3725.2000,3725.4000,3725.6000,3726.0000,3726.4000,1,1,3,1,1,3,1,1,3,2
SF,IF2005,2020-04-13 13:40:59.100,3724.8000,11592,0,5884960260.000,0,-,-,-,-,3724.4000,3724.2000,3723.6000,3723.4000,3723.0000,3725.2000,3725.4000,3725.6000,3726.0000,3726.4000,1,1,3,1,1,3,1,1,3,2
SF,IF2005,2020-04-13 13:41:00.600,3725.2000,11593,1,5886077820.000,1,1,0,双开,B,3724.4000,3724.2000,3723.6000,3723.4000,3723.0000,3725.2000,3725.4000,3725.6000,3726.0000,3726.4000,1,1,2,1,1,2,1,1,3,2
SF,IF2005,2020-04-13 13:41:01.100,3725.2000,11593,0,5886077820.000,0,-,-,-,-,3724.4000,3724.2000,3723.6000,3723.4000,3723.0000,3725.2000,3725.4000,3725.6000,3726.0000,3726.4000,1,1,2,1,1,2,1,1,3,2
SF,IF2005,2020-04-13 13:41:02.100,3725.2000,11593,0,5886077820.000,0,-,-,-,-,3724.4000,3724.2000,3723.6000,3723.4000,3723.0000,3724.8000,3725.2000,3725.4000,3725.6000,3726.0000,1,1,2,1,1,1,2,1,1,3
SF,IF2005,2020-04-13 13:41:03.100,3725.2000,11593,0,5886077820.000,0,-,-,-,-,3724.4000,3723.6000,3723.4000,3723.0000,3722.0000,3724.8000,3725.2000,3725.4000,3725.6000,3726.0000,1,2,1,1,1,1,2,1,1,3
SF,IF2005,2020-04-13 13:41:06.100,3725.2000,11593,0,5886077820.000,0,-,-,-,-,3724.4000,3723.6000,3723.4000,3723.0000,3722.0000,3725.2000,3725.4000,3725.6000,3726.0000,3726.4000,1,2,1,1,1,2,1,1,3,2
SF,IF2005,2020-04-13 13:41:07.100,3725.2000,11594,1,5888312940.000,2,1,1,多开,B,3724.4000,3723.6000,3723.4000,3723.0000,3722.0000,3725.4000,3725.6000,3726.0000,3726.4000,3727.2000,1,2,1,1,1,1,1,3,2,1
SF,IF2005,2020-04-13 13:41:07.600,3725.2000,11594,0,5888312940.000,0,-,-,-,-,3724.6000,3724.4000,3723.6000,3723.4000,3723.0000,3725.4000,3725.6000,3726.0000,3726.4000,3727.2000,1,1,2,1,1,1,1,3,2,1
SF,IF2005,2020-04-13 13:41:08.100,3725.2000,11594,0,5888312940.000,0,-,-,-,-,3724.4000,3723.6000,3723.4000,3723.0000,3722.0000,3725.4000,3725.6000,3726.0000,3726.4000,3727.2000,1,2,1,1,1,1,1,3,2,1
SF,IF2005,2020-04-13 13:41:08.600,3725.2000,11594,0,5888312940.000,0,-,-,-,-,3724.6000,3724.4000,3723.4000,3723.0000,3722.0000,3725.4000,3725.6000,3726.0000,3726.4000,3727.2000,2,1,1,1,1,1,1,3,2,1
SF,IF2005,2020-04-13 13:41:09.100,3725.2000,11594,0,5888312940.000,0,-,-,-,-,3724.6000,3724.4000,3723.4000,3723.0000,3722.0000,3725.4000,3725.6000,3726.0000,3726.4000,3727.2000,3,1,1,1,1,1,1,3,2,1
SF,IF2005,2020-04-13 13:41:12.100,3725.2000,11594,0,5888312940.000,0,-,-,-,-,3724.8000,3724.6000,3723.4000,3723.0000,3722.0000,3725.4000,3725.6000,3726.0000,3726.4000,3727.2000,1,3,1,1,1,1,1,3,2,1
SF,IF2005,2020-04-13 13:41:12.600,3724.8000,11595,1,5889430380.000,1,1,0,双开,B,3724.6000,3723.4000,3723.0000,3722.0000,3721.8000,3725.4000,3725.6000,3726.0000,3726.4000,3727.2000,3,1,1,1,1,1,1,3,2,1
SF,IF2005,2020-04-13 13:41:13.600,3724.8000,11595,0,5889430380.000,0,-,-,-,-,3724.6000,3723.4000,3723.0000,3722.0000,3721.8000,3725.2000,3725.4000,3725.6000,3726.0000,3726.4000,3,1,1,1,1,2,1,1,3,2
SF,IF2005,2020-04-13 13:41:14.100,3724.8000,11595,0,5889430380.000,0,-,-,-,-,3724.6000,3723.4000,3723.0000,3722.0000,3721.8000,3725.0000,3725.2000,3725.4000,3725.6000,3726.0000,1,1,1,1,1,1,2,1,1,3
SF,IF2005,2020-04-13 13:41:14.600,3724.8000,11595,0,5889430380.000,0,-,-,-,-,3723.4000,3723.0000,3722.0000,3721.8000,3721.6000,3725.0000,3725.2000,3725.4000,3725.6000,3726.0000,1,1,1,1,2,1,2,1,1,3
SF,IF2005,2020-04-13 13:41:15.100,3724.8000,11595,0,5889430380.000,0,-,-,-,-,3724.0000,3723.8000,3723.6000,3723.4000,3723.0000,3725.2000,3725.4000,3725.6000,3726.0000,3726.4000,1,2,3,1,1,2,1,1,3,2
SF,IF2005,2020-04-13 13:41:15.600,3724.8000,11595,0,5889430380.000,0,-,-,-,-,3724.2000,3724.0000,3723.8000,3723.4000,3723.0000,3725.2000,3725.4000,3725.6000,3726.0000,3726.4000,2,1,2,1,1,2,1,1,3,2
SF,IF2005,2020-04-13 13:41:18.600,3724.8000,11595,0,5889430380.000,0,-,-,-,-,3724.2000,3724.0000,3723.8000,3723.4000,3723.0000,3725.2000,3725.4000,3725.6000,3726.0000,3726.4000,2,1,2,1,1,2,1,1,3,2
SF,IF2005,2020-04-13 13:41:19.100,3724.8000,11595,0,5889430380.000,0,-,-,-,-,3724.2000,3724.0000,3723.8000,3723.4000,3723.0000,3725.2000,3725.4000,3725.6000,3726.0000,3726.4000,2,1,2,1,1,2,1,1,3,2
SF,IF2005,2020-04-13 13:41:19.600,3724.8000,11595,0,5889430380.000,0,-,-,-,-,3724.2000,3724.0000,3723.8000,3723.4000,3723.0000,3725.2000,3725.4000,3725.6000,3726.0000,3726.4000,2,1,2,1,1,2,1,1,3,2
SF,IF2005,2020-04-13 13:41:20.100,3724.8000,11595,0,5889430380.000,0,-,-,-,-,3724.2000,3724.0000,3723.8000,3723.4000,3723.0000,3725.0000,3725.2000,3725.4000,3725.6000,3726.0000,2,1,2,1,1,1,2,1,1,3
SF,IF2005,2020-04-13 13:41:20.600,3724.8000,11595,0,5889430380.000,0,-,-,-,-,3724.2000,3724.0000,3723.8000,3723.4000,3723.0000,3724.8000,3725.0000,3725.2000,3725.4000,3725.6000,2,1,1,1,1,2,2,1,1,1
SF,IF2005,2020-04-13 13:41:21.100,3723.8000,11597,2,5893899240.000,4,3,1,多开,B,3723.4000,3723.0000,3722.0000,3721.8000,3721.6000,3724.2000,3724.8000,3725.0000,3725.4000,3725.6000,1,1,1,1,2,1,2,2,1,1
SF,IF2005,2020-04-13 13:41:21.600,3723.8000,11597,0,5893899240.000,0,-,-,-,-,3723.4000,3723.0000,3722.0000,3721.8000,3721.6000,3724.2000,3724.4000,3724.8000,3725.0000,3725.4000,1,1,1,1,2,1,1,1,1,1
SF,IF2005,2020-04-13 13:41:22.100,3723.8000,11597,0,5893899240.000,0,-,-,-,-,3723.4000,3723.0000,3722.0000,3721.6000,3720.8000,3724.2000,3724.4000,3724.8000,3725.0000,3725.4000,1,1,1,2,5,1,1,1,1,1
SF,IF2005,2020-04-13 13:41:22.600,3723.8000,11597,0,5893899240.000,0,-,-,-,-,3723.4000,3723.0000,3722.0000,3721.6000,3720.8000,3724.2000,3724.4000,3724.8000,3725.0000,3725.4000,1,1,1,2,5,1,1,1,1,1
SF,IF2005,2020-04-13 13:41:23.100,3723.8000,11597,0,5893899240.000,0,-,-,-,-,3723.6000,3723.4000,3723.0000,3722.0000,3721.6000,3724.2000,3724.4000,3724.8000,3725.0000,3725.4000,1,1,1,1,2,1,1,1,1,1
SF,IF2005,2020-04-13 13:41:23.600,3723.8000,11597,0,5893899240.000,0,-,-,-,-,3723.6000,3723.4000,3723.0000,3722.0000,3721.6000,3724.2000,3724.4000,3724.8000,3725.0000,3725.4000,1,1,1,1,2,1,1,1,1,1
SF,IF2005,2020-04-13 13:41:24.100,3723.6000,11598,1,5895016320.000,1,1,0,双开,B,3723.4000,3723.0000,3722.0000,3721.6000,3720.8000,3724.2000,3724.4000,3724.8000,3725.0000,3725.4000,1,1,1,2,5,1,1,1,1,1
SF,IF2005,2020-04-13 13:41:24.600,3723.6000,11598,0,5895016320.000,0,-,-,-,-,3723.4000,3723.0000,3722.0000,3721.6000,3720.8000,3724.4000,3724.8000,3725.0000,3725.4000,3725.6000,1,1,1,2,5,1,1,1,1,1
SF,IF2005,2020-04-13 13:41:25.100,3723.6000,11598,0,5895016320.000,0,-,-,-,-,3723.4000,3723.0000,3722.0000,3721.6000,3720.8000,3724.2000,3724.4000,3724.8000,3725.4000,3725.6000,1,1,1,2,5,3,1,1,1,1
SF,IF2005,2020-04-13 13:41:25.600,3723.6000,11598,0,5895016320.000,0,-,-,-,-,3723.4000,3723.0000,3722.0000,3721.6000,3720.8000,3724.2000,3724.4000,3724.8000,3725.4000,3725.6000,1,1,1,2,5,3,1,1,1,1
SF,IF2005,2020-04-13 13:41:26.100,3723.6000,11598,0,5895016320.000,0,-,-,-,-,3723.4000,3723.0000,3722.0000,3721.6000,3720.8000,3724.2000,3724.4000,3724.8000,3725.4000,3725.6000,1,1,1,2,5,3,1,1,1,1
SF,IF2005,2020-04-13 13:41:26.600,3723.6000,11598,0,5895016320.000,0,-,-,-,-,3723.4000,3723.0000,3722.0000,3721.6000,3720.8000,3724.2000,3724.4000,3724.8000,3725.4000,3725.6000,1,1,1,2,5,3,1,1,1,1
SF,IF2005,2020-04-13 13:41:27.100,3724.2000,11599,1,5896133580.000,1,1,0,双开,B,3723.4000,3723.0000,3722.0000,3721.6000,3720.8000,3724.2000,3724.4000,3724.8000,3725.4000,3725.6000,1,1,1,2,5,2,1,1,1,1
SF,IF2005,2020-04-13 13:41:27.600,3724.2000,11599,0,5896133580.000,0,-,-,-,-,3723.4000,3723.0000,3722.0000,3721.6000,3720.8000,3724.2000,3724.4000,3724.8000,3725.4000,3725.6000,1,1,1,2,5,2,1,1,1,1
SF,IF2005,2020-04-13 13:41:28.600,3724.2000,11599,0,5896133580.000,0,-,-,-,-,3723.4000,3723.0000,3722.0000,3721.6000,3720.8000,3724.2000,3724.4000,3724.8000,3725.4000,3725.6000,1,1,1,2,5,2,1,1,1,1
SF,IF2005,2020-04-13 13:41:29.100,3724.2000,11599,0,5896133580.000,0,-,-,-,-,3723.4000,3723.0000,3722.0000,3721.6000,3720.8000,3724.2000,3724.4000,3724.8000,3725.4000,3725.6000,1,1,1,2,5,2,1,1,1,1
SF,IF2005,2020-04-13 13:41:29.600,3724.2000,11599,0,5896133580.000,0,-,-,-,-,3723.4000,3723.0000,3722.0000,3721.6000,3720.8000,3724.2000,3724.4000,3724.8000,3725.4000,3725.6000,1,1,1,2,5,2,1,1,1,1
SF,IF2005,2020-04-13 13:41:30.600,3724.2000,11599,0,5896133580.000,0,-,-,-,-,3723.4000,3723.0000,3722.0000,3721.6000,3720.8000,3724.2000,3724.4000,3724.8000,3725.4000,3725.6000,1,1,1,2,5,3,1,1,1,1
SF,IF2005,2020-04-13 13:41:31.100,3724.2000,11599,0,5896133580.000,0,-,-,-,-,3723.4000,3723.0000,3722.0000,3721.6000,3720.8000,3724.2000,3724.4000,3724.8000,3725.4000,3725.6000,1,1,1,2,5,2,1,1,1,1
SF,IF2005,2020-04-13 13:41:31.600,3724.2000,11599,0,5896133580.000,0,-,-,-,-,3723.4000,3723.0000,3722.0000,3721.6000,3720.8000,3724.2000,3724.4000,3724.8000,3725.4000,3725.6000,1,1,1,2,5,2,1,1,1,1
SF,IF2005,2020-04-13 13:41:32.600,3724.2000,11599,0,5896133580.000,0,-,-,-,-,3723.4000,3723.0000,3722.0000,3721.6000,3720.8000,3724.2000,3724.4000,3724.8000,3725.4000,3725.6000,1,1,1,2,5,2,1,1,1,1
SF,IF2005,2020-04-13 13:41:33.100,3724.2000,11599,0,5896133580.000,0,-,-,-,-,3723.4000,3723.0000,3722.0000,3721.6000,3720.8000,3724.2000,3724.4000,3724.8000,3725.4000,3725.6000,1,1,1,2,5,2,1,1,1,1
SF,IF2005,2020-04-13 13:41:33.600,3724.2000,11599,0,5896133580.000,0,-,-,-,-,3723.4000,3723.0000,3722.0000,3721.6000,3720.8000,3724.0000,3724.2000,3724.4000,3724.8000,3725.4000,1,1,1,2,5,1,2,1,1,1
SF,IF2005,2020-04-13 13:41:34.100,3724.2000,11599,0,5896133580.000,0,-,-,-,-,3723.4000,3723.0000,3722.0000,3721.6000,3720.8000,3724.0000,3724.2000,3724.4000,3724.8000,3725.4000,1,1,1,2,5,1,2,1,1,1
SF,IF2005,2020-04-13 13:41:34.600,3724.2000,11599,0,5896133580.000,0,-,-,-,-,3723.4000,3723.0000,3722.0000,3721.6000,3720.8000,3724.0000,3724.2000,3724.4000,3724.8000,3725.4000,1,1,1,2,5,1,2,1,1,1
SF,IF2005,2020-04-13 13:41:35.100,3724.2000,11599,0,5896133580.000,0,-,-,-,-,3723.4000,3723.0000,3722.0000,3721.6000,3720.8000,3723.8000,3724.0000,3724.2000,3724.4000,3724.8000,1,1,1,2,5,1,1,1,1,1
SF,IF2005,2020-04-13 13:41:35.600,3723.4000,11600,1,5897250600.000,1,1,0,双开,B,3723.0000,3722.0000,3721.6000,3720.8000,3720.4000,3723.4000,3724.0000,3724.2000,3724.4000,3724.8000,1,1,2,5,3,1,1,1,1,1
SF,IF2005,2020-04-13 13:41:36.100,3723.0000,11601,1,5898367500.000,1,1,0,双开,B,3722.0000,3721.6000,3720.8000,3720.4000,3719.0000,3723.0000,3723.4000,3724.0000,3724.2000,3724.6000,1,2,5,3,2,1,1,1,1,2
SF,IF2005,2020-04-13 13:41:36.600,3722.0000,11602,1,5899484100.000,1,1,0,双开,B,3721.6000,3720.8000,3720.4000,3719.0000,3718.8000,3722.6000,3722.8000,3723.0000,3723.4000,3724.0000,2,5,3,2,3,1,3,1,1,1
SF,IF2005,2020-04-13 13:41:37.100,3722.0000,11602,0,5899484100.000,0,-,-,-,-,3720.8000,3720.4000,3719.0000,3718.8000,3718.0000,3722.2000,3722.8000,3723.4000,3724.0000,3724.6000,5,3,2,3,7,1,4,1,1,2
SF,IF2005,2020-04-13 13:41:37.600,3721.2000,11603,1,5900600460.000,1,1,0,双开,B,3721.0000,3720.8000,3720.4000,3719.0000,3718.8000,3721.6000,3722.2000,3722.6000,3722.8000,3723.4000,3,5,3,2,3,1,1,1,4,1
SF,IF2005,2020-04-13 13:41:38.100,3722.2000,11605,2,5902833600.000,2,2,0,双开,B,3721.2000,3721.0000,3720.8000,3720.4000,3719.6000,3722.8000,3723.4000,3724.6000,3724.8000,3725.4000,1,5,1,3,2,2,1,2,1,1
SF,IF2005,2020-04-13 13:41:38.600,3721.6000,11605,0,5903950080.000,1,0,1,空换,B,3721.6000,3721.4000,3720.8000,3720.4000,3719.6000,3722.8000,3723.4000,3724.6000,3724.8000,3725.4000,1,4,1,1,2,2,1,2,1,1
SF,IF2005,2020-04-13 13:41:39.100,3721.6000,11605,0,5903950080.000,0,-,-,-,-,3721.8000,3721.6000,3721.4000,3720.8000,3720.4000,3722.4000,3724.6000,3724.8000,3725.4000,3725.6000,3,1,1,1,1,1,2,1,1,1
SF,IF2005,2020-04-13 13:41:39.600,3722.4000,11606,1,5905066800.000,1,1,0,双开,B,3721.8000,3721.6000,3721.4000,3720.8000,3720.4000,3724.6000,3724.8000,3725.4000,3725.6000,3726.0000,5,1,1,1,1,2,1,1,1,1
SF,IF2005,2020-04-13 13:41:40.100,3722.4000,11606,0,5905066800.000,0,-,-,-,-,3722.2000,3722.0000,3721.8000,3720.8000,3720.4000,3723.4000,3723.8000,3724.0000,3724.4000,3724.6000,1,1,4,1,1,1,1,2,4,2
SF,IF2005,2020-04-13 13:41:40.600,3722.4000,11606,0,5905066800.000,0,-,-,-,-,3722.4000,3722.2000,3722.0000,3721.8000,3720.8000,3723.4000,3723.8000,3724.0000,3724.4000,3724.6000,2,3,2,1,1,1,1,2,4,2
SF,IF2005,2020-04-13 13:41:41.100,3722.4000,11606,0,5905066800.000,0,-,-,-,-,3722.2000,3722.0000,3721.8000,3720.8000,3720.4000,3723.2000,3723.4000,3723.8000,3724.4000,3724.6000,2,2,1,1,1,2,1,1,2,2
SF,IF2005,2020-04-13 13:41:41.600,3722.4000,11606,0,5905066800.000,0,-,-,-,-,3722.2000,3722.0000,3721.8000,3720.8000,3720.4000,3723.2000,3723.4000,3723.8000,3724.4000,3724.6000,1,2,1,1,1,2,1,1,2,2
SF,IF2005,2020-04-13 13:41:44.100,3722.4000,11606,0,5905066800.000,0,-,-,-,-,3722.6000,3722.2000,3722.0000,3721.8000,3720.8000,3723.2000,3723.4000,3723.8000,3724.4000,3724.6000,1,1,2,1,1,2,1,1,2,2
SF,IF2005,2020-04-13 13:41:44.600,3722.4000,11606,0,5905066800.000,0,-,-,-,-,3722.2000,3722.0000,3721.8000,3720.8000,3720.4000,3723.2000,3723.4000,3723.8000,3724.4000,3724.6000,1,2,1,1,1,2,1,1,2,2
SF,IF2005,2020-04-13 13:41:47.100,3722.4000,11606,0,5905066800.000,0,-,-,-,-,3722.6000,3722.2000,3722.0000,3721.8000,3720.8000,3723.0000,3723.2000,3723.4000,3723.8000,3724.4000,1,1,2,1,1,1,2,1,1,2
SF,IF2005,2020-04-13 13:41:48.100,3722.4000,11606,0,5905066800.000,0,-,-,-,-,3722.2000,3722.0000,3721.8000,3720.8000,3720.4000,3723.0000,3723.2000,3723.4000,3723.8000,3724.4000,1,2,1,1,1,1,2,1,1,2
SF,IF2005,2020-04-13 13:41:48.600,3722.2000,11607,1,5906183460.000,1,1,0,双开,B,3722.0000,3721.8000,3720.8000,3720.4000,3720.2000,3723.0000,3723.2000,3723.4000,3723.8000,3724.4000,2,1,1,1,3,1,2,1,1,2
SF,IF2005,2020-04-13 13:41:49.100,3722.2000,11607,0,5906183460.000,0,-,-,-,-,3722.6000,3722.2000,3722.0000,3721.8000,3720.8000,3723.0000,3723.2000,3723.4000,3723.8000,3724.4000,1,2,2,1,1,1,2,1,1,2
SF,IF2005,2020-04-13 13:41:49.600,3722.2000,11607,0,5906183460.000,0,-,-,-,-,3722.2000,3722.0000,3721.8000,3720.8000,3720.4000,3723.0000,3723.2000,3723.4000,3723.8000,3724.4000,2,2,1,1,1,1,2,1,1,2
SF,IF2005,2020-04-13 13:41:50.600,3722.2000,11607,0,5906183460.000,0,-,-,-,-,3722.6000,3722.2000,3722.0000,3721.8000,3720.8000,3723.0000,3723.2000,3723.4000,3723.8000,3724.4000,1,2,2,1,1,1,2,1,1,2
SF,IF2005,2020-04-13 13:41:51.100,3722.2000,11607,0,5906183460.000,0,-,-,-,-,3722.6000,3722.2000,3722.0000,3720.8000,3720.4000,3723.0000,3723.2000,3723.4000,3723.8000,3724.4000,1,2,2,1,1,1,2,1,1,2
SF,IF2005,2020-04-13 13:41:51.600,3722.2000,11607,0,5906183460.000,0,-,-,-,-,3722.2000,3722.0000,3720.8000,3720.4000,3720.2000,3723.0000,3723.2000,3723.4000,3723.8000,3724.4000,3,2,1,1,3,1,2,1,1,2
SF,IF2005,2020-04-13 13:41:52.600,3722.2000,11607,0,5906183460.000,0,-,-,-,-,3722.6000,3722.2000,3722.0000,3720.8000,3720.4000,3723.0000,3723.2000,3723.4000,3723.8000,3724.4000,1,3,2,1,1,1,2,1,1,2
SF,IF2005,2020-04-13 13:41:54.100,3722.6000,11607,0,5907300240.000,1,0,1,空换,B,3722.2000,3722.0000,3720.8000,3720.4000,3720.2000,3723.0000,3723.2000,3723.4000,3723.8000,3724.4000,3,2,1,1,3,1,2,1,1,2
SF,IF2005,2020-04-13 13:41:54.600,3723.4000,11608,1,5909534160.000,2,1,1,多开,B,3722.2000,3722.0000,3720.8000,3720.4000,3720.2000,3723.8000,3724.4000,3724.6000,3724.8000,3725.4000,3,2,1,1,3,1,1,2,1,1
SF,IF2005,2020-04-13 13:41:55.100,3723.4000,11608,0,5909534160.000,0,-,-,-,-,3722.2000,3722.0000,3720.8000,3720.4000,3720.2000,3723.4000,3723.6000,3723.8000,3724.4000,3724.6000,3,2,1,1,3,1,3,1,1,2
SF,IF2005,2020-04-13 13:41:55.600,3723.4000,11608,0,5909534160.000,0,-,-,-,-,3722.6000,3722.4000,3722.2000,3722.0000,3720.8000,3723.4000,3723.6000,3723.8000,3724.4000,3724.6000,1,1,3,2,1,1,3,1,1,2
SF,IF2005,2020-04-13 13:41:56.600,3723.4000,11608,0,5909534160.000,0,-,-,-,-,3722.4000,3722.2000,3722.0000,3720.8000,3720.4000,3723.4000,3723.6000,3723.8000,3724.4000,3724.6000,1,3,2,1,1,1,3,1,1,2
SF,IF2005,2020-04-13 13:41:59.600,3722.4000,11609,1,5910650880.000,1,1,0,双开,B,3722.2000,3722.0000,3720.8000,3720.4000,3720.2000,3723.4000,3723.6000,3723.8000,3724.4000,3724.6000,3,2,1,1,3,1,3,1,1,2
SF,IF2005,2020-04-13 13:42:00.600,3722.4000,11609,0,5910650880.000,0,-,-,-,-,3722.6000,3722.2000,3722.0000,3720.8000,3720.4000,3723.2000,3723.4000,3723.6000,3723.8000,3724.4000,1,3,2,1,1,1,1,2,1,1
SF,IF2005,2020-04-13 13:42:01.100,3722.6000,11609,0,5911767660.000,1,0,1,空换,B,3722.6000,3722.2000,3722.0000,3720.8000,3720.4000,3723.2000,3723.4000,3723.6000,3723.8000,3724.4000,1,3,2,1,1,1,1,2,1,1
SF,IF2005,2020-04-13 13:42:01.600,3722.6000,11609,0,5911767660.000,0,-,-,-,-,3722.2000,3722.0000,3720.8000,3720.4000,3720.2000,3723.2000,3723.4000,3723.6000,3723.8000,3724.4000,3,2,1,1,3,1,1,2,1,1
SF,IF2005,2020-04-13 13:42:04.100,3722.6000,11609,0,5911767660.000,0,-,-,-,-,3722.6000,3722.2000,3722.0000,3720.8000,3720.4000,3723.2000,3723.4000,3723.6000,3723.8000,3724.4000,1,3,2,1,1,1,1,2,1,1
SF,IF2005,2020-04-13 13:42:04.600,3722.6000,11609,0,5911767660.000,0,-,-,-,-,3722.2000,3722.0000,3720.8000,3720.4000,3720.2000,3723.2000,3723.4000,3723.6000,3723.8000,3724.4000,3,2,1,1,3,1,1,2,1,1
SF,IF2005,2020-04-13 13:42:05.100,3722.2000,11610,1,5912884320.000,1,1,0,双开,B,3722.2000,3722.0000,3720.8000,3720.4000,3720.2000,3723.2000,3723.4000,3723.6000,3723.8000,3724.4000,2,2,1,1,3,1,1,2,1,1
SF,IF2005,2020-04-13 13:42:06.600,3722.2000,11610,0,5912884320.000,0,-,-,-,-,3722.2000,3722.0000,3720.8000,3720.4000,3720.2000,3723.0000,3723.2000,3723.6000,3723.8000,3724.4000,2,2,1,1,3,1,1,2,1,1
SF,IF2005,2020-04-13 13:42:07.100,3722.2000,11610,0,5912884320.000,0,-,-,-,-,3722.2000,3722.0000,3720.8000,3720.4000,3720.2000,3723.0000,3723.2000,3723.6000,3723.8000,3724.4000,1,2,1,1,3,1,1,2,1,1
SF,IF2005,2020-04-13 13:42:07.600,3722.2000,11610,0,5912884320.000,0,-,-,-,-,3722.2000,3722.0000,3720.8000,3720.4000,3720.2000,3722.8000,3723.0000,3723.8000,3724.4000,3724.6000,3,2,1,1,3,3,1,1,1,2
SF,IF2005,2020-04-13 13:42:08.100,3722.2000,11610,0,5912884320.000,0,-,-,-,-,3722.2000,3722.0000,3720.8000,3720.4000,3720.2000,3722.6000,3722.8000,3723.8000,3724.4000,3724.6000,3,1,1,1,3,1,3,1,1,2
SF,IF2005,2020-04-13 13:42:08.600,3722.2000,11610,0,5914000980.000,1,0,1,空换,B,3722.2000,3722.0000,3720.8000,3720.4000,3720.2000,3722.6000,3722.8000,3724.4000,3724.6000,3724.8000,2,1,1,1,3,1,4,1,2,1
SF,IF2005,2020-04-13 13:42:10.100,3722.2000,11610,0,5914000980.000,0,-,-,-,-,3722.2000,3722.0000,3720.8000,3720.4000,3720.2000,3722.6000,3722.8000,3724.4000,3724.6000,3724.8000,2,1,2,1,3,1,4,1,2,1
SF,IF2005,2020-04-13 13:42:10.600,3722.2000,11611,1,5915117640.000,1,1,0,双开,B,3722.2000,3722.0000,3720.8000,3720.4000,3720.2000,3722.6000,3722.8000,3724.4000,3724.6000,3724.8000,1,1,2,1,3,1,4,1,2,1
SF,IF2005,2020-04-13 13:42:11.600,3722.2000,11611,0,5915117640.000,0,-,-,-,-,3722.2000,3722.0000,3720.8000,3720.4000,3720.2000,3722.6000,3722.8000,3724.4000,3724.6000,3724.8000,1,1,2,1,3,1,4,1,2,2
SF,IF2005,2020-04-13 13:42:12.100,3722.2000,11611,0,5915117640.000,0,-,-,-,-,3722.0000,3720.8000,3720.4000,3720.2000,3719.6000,3722.6000,3722.8000,3724.4000,3724.6000,3724.8000,1,2,1,3,2,1,4,1,2,2
SF,IF2005,2020-04-13 13:42:12.600,3722.2000,11611,0,5915117640.000,0,-,-,-,-,3720.8000,3720.4000,3720.2000,3719.6000,3719.0000,3722.6000,3722.8000,3724.4000,3724.6000,3724.8000,2,1,3,2,1,1,4,1,2,2
SF,IF2005,2020-04-13 13:42:13.100,3722.2000,11611,0,5915117640.000,0,-,-,-,-,3722.2000,3721.4000,3721.2000,3721.0000,3720.8000,3722.4000,3722.6000,3722.8000,3724.4000,3724.6000,1,2,2,4,2,2,1,2,1,2
SF,IF2005,2020-04-13 13:42:13.600,3722.2000,11612,1,5916234300.000,1,1,0,双开,B,3721.4000,3721.2000,3721.0000,3720.8000,3720.4000,3722.4000,3722.6000,3722.8000,3724.4000,3724.6000,2,2,4,2,1,2,1,2,1,2
SF,IF2005,2020-04-13 13:42:14.600,3722.2000,11612,0,5916234300.000,0,-,-,-,-,3721.8000,3721.4000,3721.2000,3721.0000,3720.8000,3722.4000,3722.6000,3722.8000,3724.4000,3724.6000,1,2,1,4,2,2,1,2,1,2
SF,IF2005,2020-04-13 13:42:15.100,3722.2000,11612,0,5916234300.000,0,-,-,-,-,3721.8000,3721.6000,3721.4000,3721.2000,3721.0000,3722.6000,3722.8000,3724.4000,3724.6000,3724.8000,1,1,2,1,4,1,2,1,2,2
SF,IF2005,2020-04-13 13:42:17.600,3722.2000,11612,0,5916234300.000,0,-,-,-,-,3721.8000,3721.6000,3721.4000,3721.2000,3721.0000,3722.6000,3722.8000,3724.4000,3724.6000,3724.8000,1,1,1,1,4,1,2,1,2,2
SF,IF2005,2020-04-13 13:42:18.100,3722.2000,11612,0,5916234300.000,0,-,-,-,-,3721.6000,3721.4000,3721.2000,3721.0000,3720.8000,3722.6000,3722.8000,3724.4000,3724.6000,3724.8000,1,1,1,4,2,1,2,1,2,2
SF,IF2005,2020-04-13 13:42:19.100,3722.2000,11612,0,5916234300.000,0,-,-,-,-,3722.0000,3721.6000,3721.4000,3721.2000,3721.0000,3722.6000,3722.8000,3724.4000,3724.6000,3724.8000,1,1,1,1,4,1,2,1,2,2
SF,IF2005,2020-04-13 13:42:19.600,3722.6000,11612,0,5917351080.000,1,0,1,空换,B,3722.0000,3721.6000,3721.4000,3721.2000,3721.0000,3722.8000,3724.4000,3724.6000,3724.8000,3725.0000,1,1,1,1,4,2,1,2,2,1
SF,IF2005,2020-04-13 13:42:20.100,3722.6000,11612,0,5917351080.000,0,-,-,-,-,3722.2000,3722.0000,3721.4000,3721.2000,3721.0000,3722.8000,3724.4000,3724.6000,3724.8000,3725.0000,1,1,1,1,4,2,1,2,2,1
SF,IF2005,2020-04-13 13:42:20.600,3722.6000,11612,0,5917351080.000,0,-,-,-,-,3722.2000,3722.0000,3721.4000,3721.2000,3721.0000,3722.8000,3724.4000,3724.6000,3724.8000,3725.0000,1,1,1,1,4,1,1,2,2,1
SF,IF2005,2020-04-13 13:42:21.100,3722.8000,11613,1,5918467920.000,1,1,0,双开,B,3722.2000,3722.0000,3721.4000,3721.2000,3721.0000,3724.4000,3724.6000,3724.8000,3725.0000,3725.4000,1,1,1,1,4,1,2,2,1,1
SF,IF2005,2020-04-13 13:42:21.600,3722.8000,11613,0,5918467920.000,0,-,-,-,-,3722.2000,3722.0000,3721.4000,3721.2000,3721.0000,3723.4000,3723.6000,3724.2000,3724.4000,3724.6000,1,1,1,1,4,2,2,1,1,2
SF,IF2005,2020-04-13 13:42:22.100,3722.8000,11613,0,5918467920.000,0,-,-,-,-,3722.2000,3722.0000,3721.4000,3721.2000,3721.0000,3723.2000,3723.4000,3723.6000,3724.0000,3724.2000,1,1,1,1,4,2,2,2,1,1
SF,IF2005,2020-04-13 13:42:22.600,3722.8000,11613,0,5918467920.000,0,-,-,-,-,3722.2000,3722.0000,3721.4000,3721.2000,3721.0000,3723.2000,3723.4000,3723.6000,3724.2000,3724.4000,1,1,1,1,4,2,2,2,1,2
SF,IF2005,2020-04-13 13:42:23.100,3722.8000,11613,0,5918467920.000,0,-,-,-,-,3722.2000,3722.0000,3721.4000,3721.2000,3721.0000,3723.2000,3723.4000,3723.6000,3724.2000,3724.4000,1,1,1,1,4,2,2,1,1,2
SF,IF2005,2020-04-13 13:42:25.600,3722.8000,11613,0,5918467920.000,0,-,-,-,-,3722.6000,3722.2000,3721.4000,3721.2000,3721.0000,3723.2000,3723.4000,3723.6000,3724.2000,3724.4000,1,1,1,1,4,2,2,1,1,2
SF,IF2005,2020-04-13 13:42:26.100,3722.8000,11613,0,5918467920.000,0,-,-,-,-,3722.6000,3721.4000,3721.2000,3721.0000,3720.8000,3723.4000,3723.6000,3724.4000,3724.6000,3724.8000,1,1,1,4,2,1,1,2,2,2
SF,IF2005,2020-04-13 13:42:26.600,3722.8000,11613,0,5918467920.000,0,-,-,-,-,3721.4000,3721.2000,3721.0000,3720.8000,3720.4000,3723.4000,3723.6000,3723.8000,3724.4000,3724.6000,1,1,4,2,1,1,1,1,2,2
SF,IF2005,2020-04-13 13:42:27.100,3722.8000,11613,0,5918467920.000,0,-,-,-,-,3722.2000,3722.0000,3721.8000,3721.6000,3721.4000,3723.2000,3723.4000,3723.8000,3724.4000,3724.6000,4,1,2,3,2,3,1,1,2,2
SF,IF2005,2020-04-13 13:42:27.600,3722.8000,11613,0,5918467920.000,0,-,-,-,-,3722.2000,3722.0000,3721.8000,3721.6000,3721.4000,3723.2000,3723.4000,3723.8000,3724.4000,3724.6000,5,1,3,3,2,2,1,1,2,2
SF,IF2005,2020-04-13 13:42:28.100,3722.8000,11613,0,5918467920.000,0,-,-,-,-,3722.2000,3721.8000,3721.6000,3721.4000,3721.2000,3723.2000,3723.4000,3723.8000,3724.4000,3724.6000,5,2,3,2,1,2,1,1,2,2
SF,IF2005,2020-04-13 13:42:28.600,3722.8000,11613,0,5918467920.000,0,-,-,-,-,3722.2000,3721.8000,3721.6000,3721.4000,3721.2000,3723.2000,3723.4000,3723.8000,3724.4000,3724.6000,4,2,3,2,1,2,1,1,2,2
SF,IF2005,2020-04-13 13:42:29.100,3722.8000,11613,0,5918467920.000,0,-,-,-,-,3722.2000,3721.8000,3721.6000,3721.4000,3721.2000,3723.2000,3723.4000,3723.8000,3724.4000,3724.6000,4,1,3,1,1,2,1,1,2,2
SF,IF2005,2020-04-13 13:42:30.100,3722.8000,11613,0,5918467920.000,0,-,-,-,-,3722.2000,3721.8000,3721.6000,3721.4000,3721.2000,3723.2000,3723.4000,3723.8000,3724.4000,3724.6000,4,1,3,1,1,2,1,1,2,2
SF,IF2005,2020-04-13 13:42:30.600,3722.8000,11613,0,5918467920.000,0,-,-,-,-,3722.6000,3722.2000,3721.6000,3721.4000,3721.2000,3723.2000,3723.4000,3723.8000,3724.4000,3724.6000,1,4,3,1,1,2,1,1,2,2
SF,IF2005,2020-04-13 13:42:32.600,3722.8000,11613,0,5918467920.000,0,-,-,-,-,3722.6000,3722.2000,3721.6000,3721.4000,3721.2000,3723.2000,3723.4000,3723.8000,3724.4000,3724.6000,1,4,3,1,1,2,1,1,2,2
SF,IF2005,2020-04-13 13:42:33.100,3722.8000,11613,0,5918467920.000,0,-,-,-,-,3722.6000,3722.2000,3721.6000,3721.4000,3721.2000,3723.4000,3723.8000,3724.4000,3724.6000,3724.8000,1,4,3,1,1,1,1,2,2,2
SF,IF2005,2020-04-13 13:42:33.600,3722.8000,11613,0,5918467920.000,0,-,-,-,-,3722.2000,3721.6000,3721.4000,3721.2000,3721.0000,3723.4000,3723.8000,3724.4000,3724.6000,3724.8000,4,3,1,1,1,1,1,2,2,2
SF,IF2005,2020-04-13 13:42:34.100,3722.8000,11613,0,5918467920.000,0,-,-,-,-,3722.2000,3721.6000,3721.4000,3721.2000,3721.0000,3723.2000,3723.4000,3723.8000,3724.4000,3724.6000,4,3,1,1,1,2,1,1,2,2
SF,IF2005,2020-04-13 13:42:35.100,3722.8000,11613,0,5918467920.000,0,-,-,-,-,3722.6000,3722.2000,3721.6000,3721.4000,3721.2000,3723.2000,3723.4000,3723.8000,3724.4000,3724.6000,1,4,3,1,1,2,1,1,2,2
SF,IF2005,2020-04-13 13:42:35.600,3722.8000,11613,0,5918467920.000,0,-,-,-,-,3722.6000,3722.2000,3721.6000,3721.4000,3721.2000,3723.2000,3723.4000,3723.8000,3724.4000,3724.6000,1,3,3,1,1,2,1,1,2,2
SF,IF2005,2020-04-13 13:42:36.600,3722.8000,11613,0,5918467920.000,0,-,-,-,-,3722.2000,3721.6000,3721.4000,3721.2000,3721.0000,3723.2000,3723.4000,3723.8000,3724.4000,3724.6000,3,3,1,1,1,2,1,1,2,2
SF,IF2005,2020-04-13 13:42:37.100,3722.8000,11613,0,5918467920.000,0,-,-,-,-,3722.4000,3722.2000,3721.6000,3721.4000,3721.2000,3723.2000,3723.4000,3723.8000,3724.4000,3724.6000,1,3,3,1,1,2,1,1,2,2
SF,IF2005,2020-04-13 13:42:38.100,3722.8000,11613,0,5918467920.000,0,-,-,-,-,3722.4000,3722.2000,3721.6000,3721.4000,3721.2000,3723.2000,3723.4000,3723.8000,3724.4000,3724.6000,2,3,3,1,1,2,1,1,2,2
SF,IF2005,2020-04-13 13:42:38.600,3722.8000,11613,0,5918467920.000,0,-,-,-,-,3722.8000,3722.4000,3722.2000,3721.6000,3721.4000,3723.2000,3723.4000,3723.8000,3724.4000,3724.6000,1,2,3,3,1,2,1,1,2,2
SF,IF2005,2020-04-13 13:42:39.600,3722.8000,11613,0,5918467920.000,0,-,-,-,-,3722.4000,3722.2000,3721.6000,3721.4000,3721.2000,3723.2000,3723.4000,3723.8000,3724.4000,3724.6000,2,3,3,1,1,2,1,1,2,2
SF,IF2005,2020-04-13 13:42:40.600,3722.8000,11613,0,5918467920.000,0,-,-,-,-,3722.4000,3722.2000,3721.6000,3721.4000,3721.2000,3723.2000,3723.4000,3723.8000,3724.4000,3724.6000,2,3,3,1,1,2,1,1,2,2
SF,IF2005,2020-04-13 13:42:42.600,3722.4000,11614,1,5919584640.000,1,1,0,双开,B,3722.4000,3722.2000,3721.6000,3721.4000,3721.2000,3723.2000,3723.4000,3723.8000,3724.4000,3724.6000,1,3,3,1,1,2,1,1,2,2
SF,IF2005,2020-04-13 13:42:43.100,3722.4000,11614,0,5919584640.000,0,-,-,-,-,3722.4000,3722.2000,3722.0000,3721.6000,3721.4000,3723.2000,3723.4000,3723.8000,3724.4000,3724.6000,1,3,1,3,1,2,1,1,2,2
SF,IF2005,2020-04-13 13:42:51.100,3723.2000,11615,1,5920701600.000,1,1,0,双开,B,3722.4000,3722.2000,3722.0000,3721.6000,3721.4000,3723.2000,3723.4000,3723.8000,3724.4000,3724.6000,1,3,1,3,1,1,1,1,2,2
SF,IF2005,2020-04-13 13:42:52.100,3723.2000,11615,0,5921818560.000,1,0,1,空换,B,3722.4000,3722.2000,3722.0000,3721.6000,3721.4000,3723.4000,3723.8000,3724.4000,3724.6000,3724.8000,1,3,1,3,1,1,1,2,2,2
SF,IF2005,2020-04-13 13:42:55.100,3723.2000,11615,0,5921818560.000,0,-,-,-,-,3723.4000,3722.8000,3722.6000,3722.4000,3722.0000,3723.8000,3724.4000,3724.6000,3724.8000,3725.4000,1,1,4,1,1,1,2,2,2,1
SF,IF2005,2020-04-13 13:42:55.600,3723.2000,11615,0,5921818560.000,0,-,-,-,-,3723.4000,3722.6000,3722.4000,3722.0000,3721.6000,3723.8000,3724.4000,3724.6000,3724.8000,3725.4000,1,4,1,1,3,1,2,2,2,1
SF,IF2005,2020-04-13 13:42:56.100,3723.2000,11615,0,5921818560.000,0,-,-,-,-,3723.6000,3722.6000,3722.4000,3722.0000,3721.6000,3723.8000,3724.4000,3724.6000,3724.8000,3725.4000,1,4,1,1,3,1,2,2,2,1
SF,IF2005,2020-04-13 13:42:56.600,3723.2000,11615,0,5921818560.000,0,-,-,-,-,3723.6000,3722.6000,3722.4000,3722.0000,3721.6000,3723.8000,3724.6000,3724.8000,3725.4000,3725.6000,1,3,1,1,3,1,2,2,1,1
SF,IF2005,2020-04-13 13:42:57.100,3723.8000,11615,0,5922935700.000,1,0,1,空换,B,3723.6000,3722.6000,3722.4000,3722.0000,3721.6000,3724.6000,3724.8000,3725.4000,3725.6000,3725.8000,1,2,1,1,3,2,2,1,1,1
SF,IF2005,2020-04-13 13:42:57.600,3723.8000,11615,0,5922935700.000,0,-,-,-,-,3723.6000,3722.6000,3722.4000,3722.0000,3721.6000,3724.4000,3724.8000,3725.4000,3725.6000,3725.8000,1,2,1,1,3,2,2,1,1,1
SF,IF2005,2020-04-13 13:42:58.100,3723.6000,11616,1,5924052780.000,1,1,0,双开,B,3722.6000,3722.4000,3722.0000,3721.6000,3721.4000,3724.4000,3724.8000,3725.4000,3725.6000,3725.8000,2,1,1,3,1,2,2,1,1,3
SF,IF2005,2020-04-13 13:42:58.600,3723.6000,11616,0,5924052780.000,0,-,-,-,-,3723.0000,3722.8000,3722.4000,3722.0000,3721.6000,3724.2000,3724.4000,3724.8000,3725.4000,3725.6000,2,4,1,1,1,2,2,2,1,1
SF,IF2005,2020-04-13 13:42:59.100,3723.6000,11616,0,5924052780.000,0,-,-,-,-,3723.2000,3723.0000,3722.8000,3722.4000,3722.0000,3724.2000,3724.4000,3724.8000,3725.4000,3725.6000,2,3,2,1,1,4,2,2,1,1
SF,IF2005,2020-04-13 13:42:59.600,3723.6000,11616,0,5924052780.000,0,-,-,-,-,3723.2000,3723.0000,3722.8000,3722.4000,3722.0000,3724.2000,3724.4000,3724.8000,3725.4000,3725.6000,2,3,2,1,1,5,2,2,1,1
SF,IF2005,2020-04-13 13:43:01.600,3723.6000,11616,0,5924052780.000,0,-,-,-,-,3723.2000,3723.0000,3722.8000,3722.4000,3722.0000,3723.6000,3724.2000,3724.4000,3724.8000,3725.4000,2,2,2,1,1,1,5,2,2,1
SF,IF2005,2020-04-13 13:43:03.600,3723.6000,11616,0,5925169860.000,1,0,1,空换,B,3723.2000,3723.0000,3722.8000,3722.4000,3722.0000,3724.2000,3724.4000,3724.8000,3725.4000,3725.6000,2,2,2,1,1,5,2,2,1,1
SF,IF2005,2020-04-13 13:43:05.600,3723.6000,11616,0,5925169860.000,0,-,-,-,-,3723.2000,3723.0000,3722.8000,3722.4000,3722.0000,3724.0000,3724.2000,3724.4000,3724.8000,3725.4000,2,2,2,1,1,1,5,1,2,1
SF,IF2005,2020-04-13 13:43:06.600,3723.6000,11616,0,5925169860.000,0,-,-,-,-,3723.2000,3722.8000,3722.4000,3722.0000,3721.6000,3723.8000,3724.0000,3724.2000,3724.4000,3724.8000,2,1,1,1,1,1,1,4,1,2
SF,IF2005,2020-04-13 13:43:07.100,3723.2000,11618,2,5927403780.000,2,2,0,双开,B,3722.4000,3722.0000,3721.6000,3721.4000,3721.2000,3723.0000,3723.2000,3723.6000,3723.8000,3724.2000,1,1,1,1,1,1,1,4,2,2
SF,IF2005,2020-04-13 13:43:07.600,3723.2000,11621,3,5930754420.000,3,3,0,双开,B,3722.0000,3721.6000,3721.4000,3721.2000,3721.0000,3723.6000,3724.2000,3724.6000,3724.8000,3725.4000,1,1,1,1,1,3,2,2,2,1
SF,IF2005,2020-04-13 13:43:08.100,3723.2000,11621,0,5930754420.000,0,-,-,-,-,3722.2000,3722.0000,3721.6000,3721.4000,3721.0000,3723.4000,3723.6000,3724.2000,3724.6000,3724.8000,2,1,1,1,1,4,3,2,2,2
SF,IF2005,2020-04-13 13:43:08.600,3723.2000,11621,0,5930754420.000,0,-,-,-,-,3722.2000,3722.0000,3721.6000,3721.4000,3721.0000,3723.4000,3723.6000,3724.2000,3724.6000,3724.8000,3,1,1,1,1,3,2,2,2,2
SF,IF2005,2020-04-13 13:43:09.100,3723.2000,11621,0,5930754420.000,0,-,-,-,-,3722.2000,3722.0000,3721.6000,3721.4000,3721.0000,3723.4000,3723.6000,3724.2000,3724.6000,3724.8000,3,1,1,1,1,3,2,1,2,2
SF,IF2005,2020-04-13 13:43:09.600,3723.2000,11621,0,5930754420.000,0,-,-,-,-,3722.2000,3722.0000,3721.6000,3721.4000,3721.0000,3723.2000,3723.4000,3724.2000,3724.6000,3724.8000,3,1,1,1,1,2,3,1,2,2
SF,IF2005,2020-04-13 13:43:14.100,3723.2000,11621,0,5930754420.000,0,-,-,-,-,3722.2000,3722.0000,3721.6000,3721.4000,3721.0000,3723.0000,3723.2000,3723.4000,3724.2000,3724.6000,3,1,1,1,1,1,2,2,1,2
SF,IF2005,2020-04-13 13:43:22.600,3723.2000,11621,0,5930754420.000,0,-,-,-,-,3722.2000,3722.0000,3721.6000,3721.4000,3721.0000,3723.0000,3723.2000,3723.4000,3724.2000,3724.6000,2,1,1,1,1,1,2,2,1,2
SF,IF2005,2020-04-13 13:43:23.100,3723.2000,11621,0,5930754420.000,0,-,-,-,-,3722.2000,3722.0000,3721.6000,3721.4000,3721.0000,3723.0000,3723.2000,3723.4000,3724.2000,3724.6000,2,1,1,1,1,1,2,1,1,2
SF,IF2005,2020-04-13 13:43:23.600,3723.2000,11621,0,5930754420.000,0,-,-,-,-,3722.0000,3721.6000,3721.4000,3721.0000,3720.8000,3723.0000,3723.2000,3723.4000,3724.2000,3724.6000,1,1,1,1,2,1,2,1,1,2
SF,IF2005,2020-04-13 13:43:29.600,3723.2000,11621,0,5930754420.000,0,-,-,-,-,3722.0000,3721.6000,3721.4000,3721.0000,3720.8000,3722.2000,3723.0000,3723.2000,3723.4000,3724.2000,1,1,1,1,2,3,1,2,1,1
SF,IF2005,2020-04-13 13:43:30.100,3722.2000,11624,3,5934104400.000,3,3,0,双开,B,3722.0000,3721.6000,3721.4000,3721.0000,3720.8000,3723.0000,3723.2000,3724.2000,3724.6000,3724.8000,2,1,1,1,2,1,2,1,2,2
SF,IF2005,2020-04-13 13:43:30.600,3722.2000,11624,0,5934104400.000,0,-,-,-,-,3722.0000,3721.6000,3721.0000,3720.8000,3720.4000,3723.0000,3723.2000,3724.2000,3724.6000,3724.8000,2,1,1,2,1,1,2,1,2,2
SF,IF2005,2020-04-13 13:43:31.100,3722.2000,11624,0,5934104400.000,0,-,-,-,-,3722.0000,3721.6000,3721.0000,3720.8000,3720.4000,3722.8000,3723.0000,3724.2000,3724.6000,3724.8000,2,1,1,2,1,2,1,1,2,2
SF,IF2005,2020-04-13 13:43:32.100,3722.2000,11624,0,5934104400.000,0,-,-,-,-,3722.0000,3721.6000,3721.0000,3720.8000,3720.4000,3722.8000,3723.0000,3723.8000,3724.2000,3724.6000,2,1,1,2,1,2,1,1,1,2
SF,IF2005,2020-04-13 13:43:34.100,3722.2000,11624,0,5934104400.000,0,-,-,-,-,3722.0000,3721.6000,3721.0000,3720.8000,3720.4000,3722.8000,3723.0000,3723.8000,3724.6000,3724.8000,2,1,1,2,1,2,1,1,2,2
SF,IF2005,2020-04-13 13:43:34.600,3722.2000,11624,0,5934104400.000,0,-,-,-,-,3722.0000,3721.6000,3721.0000,3720.8000,3720.4000,3722.8000,3723.0000,3723.8000,3724.6000,3724.8000,2,1,1,2,1,2,1,1,2,2
SF,IF2005,2020-04-13 13:43:35.100,3722.2000,11624,0,5934104400.000,0,-,-,-,-,3722.0000,3721.6000,3721.0000,3720.8000,3720.4000,3722.8000,3723.0000,3723.8000,3724.6000,3724.8000,2,1,1,2,1,2,1,1,2,2
SF,IF2005,2020-04-13 13:43:35.600,3722.2000,11624,0,5934104400.000,0,-,-,-,-,3722.0000,3721.6000,3721.0000,3720.8000,3720.4000,3722.8000,3723.0000,3723.8000,3724.6000,3724.8000,2,1,1,2,1,3,1,1,2,2
SF,IF2005,2020-04-13 13:43:36.100,3722.2000,11624,0,5934104400.000,0,-,-,-,-,3722.0000,3721.6000,3721.0000,3720.8000,3720.4000,3722.8000,3723.0000,3723.8000,3724.6000,3724.8000,2,1,1,2,1,2,1,1,2,2
SF,IF2005,2020-04-13 13:43:36.600,3722.2000,11624,0,5934104400.000,0,-,-,-,-,3722.4000,3722.0000,3721.6000,3721.0000,3720.8000,3722.8000,3723.0000,3723.8000,3724.6000,3724.8000,1,2,1,1,2,2,1,1,2,2
SF,IF2005,2020-04-13 13:43:37.100,3722.2000,11624,0,5934104400.000,0,-,-,-,-,3722.4000,3722.0000,3721.6000,3721.0000,3720.8000,3722.8000,3723.0000,3723.8000,3724.6000,3724.8000,2,1,1,1,2,3,1,1,2,2
SF,IF2005,2020-04-13 13:43:37.600,3722.2000,11624,0,5934104400.000,0,-,-,-,-,3722.4000,3722.0000,3721.6000,3721.0000,3720.8000,3722.8000,3723.0000,3723.8000,3724.6000,3724.8000,1,1,1,1,2,2,1,1,2,2
SF,IF2005,2020-04-13 13:43:38.100,3722.2000,11624,0,5934104400.000,0,-,-,-,-,3722.4000,3722.0000,3721.6000,3721.0000,3720.8000,3722.8000,3723.0000,3723.8000,3724.6000,3724.8000,1,1,1,1,2,2,1,1,2,2
SF,IF2005,2020-04-13 13:43:38.600,3722.2000,11624,0,5934104400.000,0,-,-,-,-,3722.4000,3722.0000,3721.6000,3721.0000,3720.8000,3722.8000,3723.0000,3723.8000,3724.6000,3724.8000,1,1,1,1,2,3,1,1,2,2
SF,IF2005,2020-04-13 13:43:39.100,3722.2000,11624,0,5934104400.000,0,-,-,-,-,3722.4000,3722.0000,3721.6000,3721.0000,3720.8000,3722.8000,3723.0000,3723.8000,3724.6000,3724.8000,1,1,1,1,2,3,1,1,2,2
SF,IF2005,2020-04-13 13:43:39.600,3722.2000,11624,0,5934104400.000,0,-,-,-,-,3722.4000,3722.0000,3721.6000,3721.0000,3720.8000,3722.8000,3723.0000,3723.8000,3724.6000,3724.8000,1,1,1,1,2,2,1,1,2,2
SF,IF2005,2020-04-13 13:43:40.100,3722.2000,11624,0,5934104400.000,0,-,-,-,-,3722.4000,3722.0000,3721.6000,3721.0000,3720.8000,3722.8000,3723.0000,3723.8000,3724.6000,3724.8000,1,1,1,1,2,2,1,1,2,2
SF,IF2005,2020-04-13 13:43:40.600,3722.2000,11624,0,5934104400.000,0,-,-,-,-,3722.4000,3722.0000,3721.6000,3721.0000,3720.8000,3722.8000,3723.0000,3723.8000,3724.6000,3724.8000,1,1,1,1,2,2,1,1,2,2
SF,IF2005,2020-04-13 13:43:41.100,3722.2000,11624,0,5934104400.000,0,-,-,-,-,3722.4000,3722.0000,3721.6000,3721.0000,3720.8000,3722.8000,3723.0000,3723.8000,3724.6000,3724.8000,1,1,1,1,2,2,1,1,2,2
SF,IF2005,2020-04-13 13:43:41.600,3722.2000,11624,0,5934104400.000,0,-,-,-,-,3722.4000,3722.0000,3721.6000,3721.0000,3720.8000,3722.8000,3723.0000,3723.8000,3724.6000,3724.8000,1,1,1,1,2,2,1,1,2,2
SF,IF2005,2020-04-13 13:43:42.100,3722.2000,11624,0,5934104400.000,0,-,-,-,-,3722.4000,3722.0000,3721.6000,3721.0000,3720.8000,3722.8000,3723.0000,3723.8000,3724.6000,3724.8000,1,1,1,1,2,3,1,1,2,2
SF,IF2005,2020-04-13 13:43:42.600,3722.2000,11624,0,5934104400.000,0,-,-,-,-,3722.4000,3722.0000,3721.6000,3721.0000,3720.8000,3722.8000,3723.0000,3723.8000,3724.6000,3724.8000,1,1,1,1,2,3,1,1,2,2
SF,IF2005,2020-04-13 13:43:43.100,3722.4000,11624,0,5935221120.000,1,0,1,空换,B,3722.0000,3721.6000,3721.0000,3720.8000,3720.4000,3722.8000,3723.0000,3723.8000,3724.6000,3724.8000,1,1,1,2,1,3,1,1,2,2
SF,IF2005,2020-04-13 13:43:43.600,3722.4000,11624,0,5935221120.000,0,-,-,-,-,3722.0000,3721.6000,3721.0000,3720.8000,3720.4000,3722.8000,3723.0000,3723.8000,3724.6000,3724.8000,1,1,1,2,1,2,1,1,2,2
SF,IF2005,2020-04-13 13:43:44.600,3722.4000,11624,0,5935221120.000,0,-,-,-,-,3722.0000,3721.6000,3721.0000,3720.8000,3720.4000,3722.8000,3723.0000,3723.8000,3724.6000,3724.8000,1,1,1,2,1,2,1,1,2,2
SF,IF2005,2020-04-13 13:43:45.100,3722.4000,11624,0,5935221120.000,0,-,-,-,-,3722.0000,3721.6000,3721.0000,3720.8000,3720.4000,3722.8000,3723.0000,3723.8000,3724.6000,3724.8000,1,1,1,2,1,2,1,1,2,2
SF,IF2005,2020-04-13 13:43:45.600,3722.4000,11624,0,5935221120.000,0,-,-,-,-,3722.4000,3722.0000,3721.6000,3721.0000,3720.8000,3723.0000,3723.8000,3724.6000,3724.8000,3725.4000,1,1,1,1,2,1,1,2,2,1
SF,IF2005,2020-04-13 13:43:46.600,3722.4000,11624,0,5935221120.000,0,-,-,-,-,3722.0000,3721.6000,3721.0000,3720.8000,3720.4000,3723.0000,3723.8000,3724.6000,3724.8000,3725.4000,1,1,1,2,1,1,1,2,2,1
SF,IF2005,2020-04-13 13:43:47.100,3722.4000,11624,0,5935221120.000,0,-,-,-,-,3722.0000,3721.6000,3721.0000,3720.8000,3720.4000,3723.0000,3723.8000,3724.6000,3724.8000,3725.4000,1,1,1,2,1,1,1,2,2,1
SF,IF2005,2020-04-13 13:43:47.600,3722.4000,11624,0,5935221120.000,0,-,-,-,-,3722.0000,3721.6000,3721.0000,3720.8000,3720.4000,3723.0000,3723.8000,3724.6000,3724.8000,3725.4000,1,1,1,2,1,1,1,2,2,1
SF,IF2005,2020-04-13 13:43:48.100,3722.4000,11624,0,5935221120.000,0,-,-,-,-,3722.0000,3721.6000,3721.0000,3720.8000,3720.4000,3723.0000,3723.8000,3724.6000,3724.8000,3725.4000,1,1,1,2,1,1,1,2,2,1
SF,IF2005,2020-04-13 13:43:48.600,3722.4000,11624,0,5935221120.000,0,-,-,-,-,3722.0000,3721.6000,3721.0000,3720.8000,3720.4000,3722.8000,3723.0000,3723.8000,3724.6000,3724.8000,1,1,1,2,1,7,1,1,2,1
SF,IF2005,2020-04-13 13:43:49.600,3722.4000,11624,0,5935221120.000,0,-,-,-,-,3722.0000,3721.6000,3721.0000,3720.8000,3720.4000,3722.8000,3723.0000,3723.2000,3723.8000,3724.6000,1,1,1,2,1,7,1,1,1,2
SF,IF2005,2020-04-13 13:43:50.100,3722.4000,11624,0,5935221120.000,0,-,-,-,-,3722.0000,3721.6000,3721.0000,3720.8000,3720.4000,3722.8000,3723.0000,3723.2000,3723.8000,3724.6000,1,1,1,2,1,7,2,1,1,2
SF,IF2005,2020-04-13 13:43:50.600,3722.4000,11624,0,5935221120.000,0,-,-,-,-,3722.0000,3721.6000,3721.0000,3720.8000,3720.4000,3722.8000,3723.0000,3723.2000,3723.8000,3724.6000,1,1,1,2,1,2,2,1,1,2
SF,IF2005,2020-04-13 13:43:51.100,3722.4000,11624,0,5935221120.000,0,-,-,-,-,3722.0000,3721.6000,3721.0000,3720.8000,3720.4000,3722.8000,3723.0000,3723.2000,3723.8000,3724.6000,1,1,1,2,1,3,2,1,1,2
SF,IF2005,2020-04-13 13:43:51.600,3722.4000,11624,0,5935221120.000,0,-,-,-,-,3722.0000,3721.6000,3721.0000,3720.8000,3720.4000,3722.8000,3723.0000,3723.2000,3723.8000,3724.6000,1,1,1,2,1,2,2,1,1,2
SF,IF2005,2020-04-13 13:43:52.100,3722.4000,11624,0,5935221120.000,0,-,-,-,-,3722.0000,3721.6000,3721.0000,3720.8000,3720.4000,3722.4000,3722.6000,3722.8000,3723.0000,3723.2000,1,1,1,2,1,4,2,3,1,1
SF,IF2005,2020-04-13 13:43:52.600,3722.0000,11625,1,5936337720.000,1,1,0,双开,B,3721.6000,3721.0000,3720.8000,3720.4000,3720.2000,3722.4000,3722.6000,3722.8000,3723.0000,3723.2000,1,1,2,1,3,1,3,2,1,1
SF,IF2005,2020-04-13 13:43:53.100,3722.2000,11626,1,5937454380.000,1,1,0,双开,B,3721.0000,3720.8000,3720.4000,3720.2000,3719.6000,3722.2000,3722.6000,3722.8000,3723.0000,3723.2000,1,2,1,3,2,4,3,2,1,1
SF,IF2005,2020-04-13 13:43:53.600,3722.2000,11626,0,5937454380.000,0,-,-,-,-,3721.2000,3721.0000,3720.8000,3720.4000,3720.2000,3722.0000,3722.2000,3722.6000,3723.0000,3723.2000,2,1,2,1,3,2,1,2,1,1
SF,IF2005,2020-04-13 13:43:54.100,3722.2000,11626,0,5937454380.000,0,-,-,-,-,3720.8000,3720.2000,3719.6000,3718.8000,3718.0000,3722.0000,3722.2000,3723.0000,3723.2000,3723.8000,2,3,2,3,7,5,1,1,1,1
SF,IF2005,2020-04-13 13:43:54.600,3722.2000,11626,0,5937454380.000,0,-,-,-,-,3721.0000,3720.8000,3720.2000,3719.6000,3718.8000,3722.0000,3722.2000,3723.0000,3723.2000,3723.8000,2,2,3,2,3,4,1,1,1,1
SF,IF2005,2020-04-13 13:43:55.100,3722.2000,11626,0,5937454380.000,0,-,-,-,-,3721.0000,3720.8000,3720.2000,3719.6000,3718.8000,3722.0000,3722.2000,3723.0000,3723.2000,3723.8000,2,2,3,2,3,4,1,1,1,1
SF,IF2005,2020-04-13 13:43:55.600,3722.2000,11626,0,5937454380.000,0,-,-,-,-,3721.4000,3721.0000,3720.8000,3720.2000,3719.6000,3722.0000,3722.2000,3723.0000,3723.2000,3723.8000,1,2,2,3,2,3,1,1,1,1
SF,IF2005,2020-04-13 13:43:56.100,3722.2000,11626,0,5937454380.000,0,-,-,-,-,3721.0000,3720.8000,3720.2000,3719.6000,3718.8000,3722.0000,3722.2000,3723.0000,3723.2000,3723.8000,2,2,3,2,3,3,1,1,1,1
SF,IF2005,2020-04-13 13:43:56.600,3722.2000,11626,0,5937454380.000,0,-,-,-,-,3721.0000,3720.8000,3720.2000,3719.6000,3718.8000,3722.0000,3722.2000,3723.0000,3723.2000,3723.8000,2,2,3,2,3,3,1,1,1,1
SF,IF2005,2020-04-13 13:43:57.100,3722.2000,11626,0,5937454380.000,0,-,-,-,-,3721.0000,3720.8000,3720.2000,3719.6000,3718.8000,3722.0000,3722.2000,3723.0000,3723.2000,3723.8000,2,2,3,2,3,3,1,1,1,1
SF,IF2005,2020-04-13 13:43:57.600,3722.2000,11626,0,5937454380.000,0,-,-,-,-,3721.0000,3720.8000,3720.2000,3719.6000,3718.8000,3722.0000,3722.2000,3723.0000,3723.2000,3723.8000,2,2,3,2,3,3,1,1,1,1
SF,IF2005,2020-04-13 13:43:58.100,3722.2000,11626,0,5937454380.000,0,-,-,-,-,3721.0000,3720.8000,3720.2000,3719.6000,3718.8000,3722.0000,3722.2000,3723.0000,3723.2000,3723.8000,2,2,3,2,3,3,1,1,1,1
SF,IF2005,2020-04-13 13:43:58.600,3722.2000,11626,0,5937454380.000,0,-,-,-,-,3721.0000,3720.8000,3720.2000,3719.6000,3718.8000,3722.0000,3722.2000,3723.0000,3723.2000,3723.8000,2,2,3,2,3,3,1,1,1,1
SF,IF2005,2020-04-13 13:43:59.100,3722.2000,11626,0,5937454380.000,0,-,-,-,-,3721.0000,3720.8000,3720.2000,3719.6000,3718.8000,3722.0000,3722.2000,3723.0000,3723.2000,3723.8000,2,2,3,2,3,3,1,1,1,1
SF,IF2005,2020-04-13 13:43:59.600,3722.2000,11626,0,5937454380.000,0,-,-,-,-,3721.4000,3721.0000,3720.8000,3720.2000,3719.6000,3722.0000,3722.2000,3723.0000,3723.2000,3723.8000,1,2,2,3,2,4,1,1,1,1
SF,IF2005,2020-04-13 13:44:00.100,3722.2000,11626,0,5937454380.000,0,-,-,-,-,3721.0000,3720.8000,3720.2000,3719.6000,3718.8000,3722.0000,3722.2000,3723.0000,3723.2000,3723.8000,2,2,3,2,3,4,1,1,1,1
SF,IF2005,2020-04-13 13:44:00.600,3722.0000,11627,1,5938570980.000,1,1,0,双开,B,3721.0000,3720.8000,3720.2000,3719.6000,3718.8000,3722.0000,3722.2000,3723.0000,3723.2000,3723.8000,2,2,3,2,3,3,1,1,1,1
SF,IF2005,2020-04-13 13:44:01.100,3722.0000,11627,0,5938570980.000,0,-,-,-,-,3721.4000,3721.0000,3720.8000,3720.2000,3719.6000,3722.0000,3722.2000,3723.0000,3723.2000,3723.8000,1,2,2,3,2,3,1,1,1,1
SF,IF2005,2020-04-13 13:44:01.600,3722.0000,11627,0,5938570980.000,0,-,-,-,-,3721.0000,3720.8000,3720.2000,3719.6000,3718.8000,3722.0000,3723.0000,3723.2000,3723.8000,3724.0000,2,2,3,2,3,3,1,1,1,2
SF,IF2005,2020-04-13 13:44:02.100,3722.0000,11628,1,5939687580.000,1,1,0,双开,B,3721.0000,3720.8000,3720.2000,3719.6000,3718.8000,3722.0000,3723.0000,3723.2000,3723.8000,3724.0000,2,2,3,2,3,2,1,1,1,2
SF,IF2005,2020-04-13 13:44:02.600,3722.0000,11628,0,5939687580.000,0,-,-,-,-,3721.0000,3720.8000,3719.8000,3719.6000,3718.8000,3722.0000,3723.0000,3723.2000,3723.8000,3724.0000,2,2,3,2,3,2,1,1,1,2
SF,IF2005,2020-04-13 13:44:07.600,3722.0000,11630,2,5941920780.000,2,2,0,双开,B,3721.0000,3720.8000,3719.8000,3719.6000,3718.8000,3723.0000,3723.2000,3723.8000,3724.0000,3724.8000,2,2,3,2,3,1,1,1,2,1
SF,IF2005,2020-04-13 13:44:08.100,3722.0000,11630,0,5941920780.000,0,-,-,-,-,3721.0000,3720.8000,3719.8000,3719.6000,3718.8000,3722.2000,3722.4000,3722.6000,3722.8000,3723.0000,2,2,3,2,3,5,1,2,5,1
SF,IF2005,2020-04-13 13:44:08.600,3722.0000,11630,0,5941920780.000,0,-,-,-,-,3721.2000,3721.0000,3720.8000,3719.8000,3719.6000,3722.2000,3722.4000,3722.6000,3722.8000,3723.0000,1,2,2,3,2,5,1,1,5,1
SF,IF2005,2020-04-13 13:44:11.100,3722.0000,11630,0,5941920780.000,0,-,-,-,-,3721.2000,3721.0000,3720.8000,3719.8000,3719.6000,3722.4000,3722.6000,3722.8000,3723.0000,3723.2000,1,2,2,3,2,1,1,5,1,1
SF,IF2005,2020-04-13 13:44:11.600,3722.0000,11630,0,5941920780.000,0,-,-,-,-,3721.4000,3721.2000,3720.8000,3719.8000,3719.6000,3722.4000,3722.6000,3722.8000,3723.0000,3723.2000,2,1,2,3,2,1,1,5,1,1
SF,IF2005,2020-04-13 13:44:12.100,3722.0000,11630,0,5941920780.000,0,-,-,-,-,3721.4000,3721.2000,3720.8000,3719.8000,3719.6000,3722.4000,3722.6000,3722.8000,3723.0000,3723.2000,2,1,2,3,2,1,1,4,1,1
SF,IF2005,2020-04-13 13:44:12.600,3721.4000,11631,1,5943037200.000,1,1,0,双开,B,3721.4000,3721.2000,3720.8000,3719.8000,3719.6000,3722.4000,3722.6000,3722.8000,3723.0000,3723.2000,1,1,2,3,2,1,1,4,1,1
SF,IF2005,2020-04-13 13:44:13.100,3721.4000,11631,0,5943037200.000,0,-,-,-,-,3721.4000,3721.2000,3720.8000,3719.8000,3719.6000,3722.4000,3722.6000,3722.8000,3723.0000,3723.2000,1,1,2,3,2,1,1,3,1,1
SF,IF2005,2020-04-13 13:44:14.100,3721.4000,11631,0,5943037200.000,0,-,-,-,-,3721.4000,3721.2000,3720.8000,3719.8000,3719.6000,3722.4000,3722.6000,3722.8000,3723.0000,3723.2000,1,1,2,3,2,1,1,2,1,1
SF,IF2005,2020-04-13 13:44:17.600,3721.4000,11632,1,5944153620.000,1,1,0,双开,B,3721.2000,3720.8000,3719.8000,3719.6000,3718.8000,3722.4000,3722.6000,3722.8000,3723.0000,3723.2000,1,2,3,2,3,1,1,2,1,1
SF,IF2005,2020-04-13 13:44:18.100,3721.4000,11632,0,5944153620.000,0,-,-,-,-,3721.2000,3720.8000,3720.2000,3719.8000,3719.6000,3722.2000,3722.4000,3722.6000,3723.0000,3723.2000,1,2,1,3,2,2,1,1,1,1
SF,IF2005,2020-04-13 13:44:19.600,3721.4000,11632,0,5944153620.000,0,-,-,-,-,3721.6000,3721.2000,3720.8000,3720.2000,3719.8000,3722.2000,3722.4000,3722.6000,3723.0000,3723.2000,1,1,2,1,3,2,1,1,1,1
SF,IF2005,2020-04-13 13:44:21.600,3721.6000,11633,1,5945270100.000,1,1,0,双开,B,3721.2000,3720.8000,3720.2000,3719.8000,3719.6000,3722.2000,3722.4000,3722.6000,3723.0000,3723.2000,1,2,1,3,2,2,1,1,1,1
SF,IF2005,2020-04-13 13:44:22.100,3721.6000,11633,0,5945270100.000,0,-,-,-,-,3721.2000,3720.8000,3720.2000,3719.8000,3719.6000,3722.0000,3722.2000,3722.4000,3722.6000,3723.0000,1,2,1,3,2,4,2,1,1,1
SF,IF2005,2020-04-13 13:44:22.600,3721.6000,11633,0,5945270100.000,0,-,-,-,-,3721.2000,3720.8000,3720.2000,3719.8000,3719.6000,3722.2000,3722.4000,3722.6000,3723.0000,3723.2000,1,2,1,3,2,2,1,1,1,1
SF,IF2005,2020-04-13 13:44:23.100,3721.6000,11633,0,5945270100.000,0,-,-,-,-,3721.2000,3720.8000,3720.2000,3719.8000,3719.6000,3722.0000,3722.2000,3722.4000,3722.6000,3723.0000,1,2,1,3,2,5,2,1,1,1
SF,IF2005,2020-04-13 13:44:24.100,3721.6000,11633,0,5945270100.000,0,-,-,-,-,3721.2000,3720.8000,3720.2000,3719.8000,3719.6000,3722.0000,3722.2000,3722.4000,3723.0000,3723.2000,1,2,1,3,2,5,2,1,1,1
SF,IF2005,2020-04-13 13:44:25.100,3721.6000,11633,0,5945270100.000,0,-,-,-,-,3721.2000,3720.8000,3720.2000,3719.8000,3719.6000,3722.2000,3722.4000,3723.0000,3723.2000,3723.8000,1,2,1,3,2,2,1,1,1,1
SF,IF2005,2020-04-13 13:44:35.600,3721.6000,11633,0,5945270100.000,0,-,-,-,-,3721.6000,3721.2000,3720.8000,3720.2000,3719.8000,3722.2000,3722.4000,3723.0000,3723.2000,3723.8000,1,1,2,1,3,2,1,1,1,1
SF,IF2005,2020-04-13 13:44:36.100,3721.6000,11633,0,5945270100.000,0,-,-,-,-,3721.6000,3721.4000,3720.8000,3720.2000,3719.8000,3723.0000,3723.2000,3723.8000,3724.0000,3724.8000,3,2,2,1,3,1,1,1,2,1
SF,IF2005,2020-04-13 13:44:36.600,3721.6000,11633,0,5945270100.000,0,-,-,-,-,3722.0000,3721.8000,3721.6000,3720.8000,3720.2000,3722.8000,3723.0000,3723.2000,3723.8000,3724.0000,1,4,2,2,1,2,1,1,1,2
SF,IF2005,2020-04-13 13:44:37.100,3721.6000,11633,0,5945270100.000,0,-,-,-,-,3722.0000,3721.8000,3721.6000,3720.8000,3720.2000,3723.0000,3723.2000,3723.8000,3724.0000,3724.8000,1,6,2,2,1,1,1,1,2,1
SF,IF2005,2020-04-13 13:44:37.600,3722.0000,11634,1,5946386700.000,1,1,0,双开,B,3721.8000,3721.6000,3720.8000,3720.2000,3719.8000,3723.0000,3723.2000,3723.8000,3724.0000,3724.8000,6,2,2,1,3,1,1,1,2,1
SF,IF2005,2020-04-13 13:44:38.100,3722.0000,11634,0,5946386700.000,0,-,-,-,-,3722.2000,3721.8000,3721.6000,3720.8000,3720.2000,3723.0000,3723.2000,3723.8000,3724.0000,3724.8000,2,5,1,2,1,1,1,1,2,1
SF,IF2005,2020-04-13 13:44:38.600,3722.0000,11634,0,5946386700.000,0,-,-,-,-,3722.2000,3721.8000,3721.6000,3720.8000,3720.2000,3723.0000,3723.2000,3723.8000,3724.0000,3724.8000,1,5,1,2,1,1,1,1,2,1
SF,IF2005,2020-04-13 13:44:45.600,3722.0000,11634,0,5946386700.000,0,-,-,-,-,3721.8000,3721.6000,3720.8000,3720.2000,3719.8000,3723.0000,3723.2000,3723.8000,3724.0000,3724.8000,5,1,2,1,3,1,1,1,2,1
SF,IF2005,2020-04-13 13:44:46.100,3722.0000,11634,0,5946386700.000,0,-,-,-,-,3721.8000,3721.6000,3720.8000,3720.2000,3719.8000,3722.8000,3723.0000,3723.2000,3723.8000,3724.0000,4,1,2,1,3,2,1,1,1,2
SF,IF2005,2020-04-13 13:44:48.600,3722.0000,11634,0,5946386700.000,0,-,-,-,-,3721.8000,3721.6000,3720.8000,3720.2000,3719.8000,3722.8000,3723.0000,3723.2000,3723.8000,3724.0000,3,1,2,1,3,2,1,1,1,2
SF,IF2005,2020-04-13 13:44:49.100,3722.0000,11634,0,5946386700.000,0,-,-,-,-,3721.8000,3721.6000,3720.8000,3720.2000,3719.8000,3722.6000,3722.8000,3723.0000,3723.2000,3723.8000,1,1,2,1,3,1,2,1,1,1
SF,IF2005,2020-04-13 13:44:49.600,3722.0000,11634,0,5946386700.000,0,-,-,-,-,3721.6000,3720.8000,3720.2000,3719.8000,3719.6000,3722.6000,3722.8000,3723.0000,3723.2000,3723.8000,1,2,1,3,2,1,2,1,1,1
SF,IF2005,2020-04-13 13:44:50.100,3722.0000,11634,0,5946386700.000,0,-,-,-,-,3721.6000,3720.8000,3720.2000,3719.8000,3719.6000,3722.4000,3722.6000,3723.0000,3723.2000,3723.8000,1,2,1,3,2,2,1,1,1,1
SF,IF2005,2020-04-13 13:44:51.100,3722.0000,11634,0,5946386700.000,0,-,-,-,-,3722.0000,3721.6000,3720.8000,3720.2000,3719.8000,3722.4000,3722.6000,3723.0000,3723.2000,3723.8000,1,1,2,1,3,2,1,1,1,1
SF,IF2005,2020-04-13 13:44:52.100,3722.0000,11634,0,5946386700.000,0,-,-,-,-,3721.6000,3720.8000,3720.2000,3719.8000,3719.6000,3722.4000,3722.6000,3723.0000,3723.2000,3723.8000,1,2,1,3,2,2,1,1,1,1
SF,IF2005,2020-04-13 13:44:52.600,3722.0000,11634,0,5946386700.000,0,-,-,-,-,3721.6000,3720.8000,3720.2000,3719.8000,3719.6000,3722.6000,3723.0000,3723.2000,3723.8000,3724.0000,1,2,1,3,2,1,1,1,1,2
SF,IF2005,2020-04-13 13:44:58.600,3722.0000,11634,0,5946386700.000,0,-,-,-,-,3722.0000,3720.8000,3720.2000,3719.8000,3719.6000,3722.4000,3722.6000,3723.0000,3723.2000,3723.8000,2,2,1,3,2,2,1,1,1,1
SF,IF2005,2020-04-13 13:44:59.100,3722.0000,11636,2,5948619900.000,2,2,0,双开,B,3720.8000,3720.2000,3719.8000,3719.6000,3718.8000,3722.0000,3722.4000,3722.6000,3723.0000,3723.2000,2,1,3,2,3,1,2,1,1,1
SF,IF2005,2020-04-13 13:44:59.600,3722.0000,11636,0,5948619900.000,0,-,-,-,-,3721.0000,3720.8000,3720.2000,3719.8000,3719.6000,3722.4000,3723.0000,3723.2000,3723.8000,3724.0000,4,2,1,3,2,2,1,1,1,2
SF,IF2005,2020-04-13 13:45:00.100,3722.0000,11636,0,5948619900.000,0,-,-,-,-,3721.0000,3720.8000,3720.2000,3719.8000,3719.6000,3722.2000,3722.4000,3723.0000,3723.2000,3723.8000,4,2,1,3,2,1,2,1,1,1
SF,IF2005,2020-04-13 13:45:00.600,3722.0000,11636,0,5948619900.000,0,-,-,-,-,3721.4000,3721.0000,3720.8000,3720.2000,3719.8000,3722.0000,3722.2000,3722.4000,3723.0000,3723.2000,1,4,2,1,3,2,1,2,1,1
SF,IF2005,2020-04-13 13:45:01.100,3722.0000,11636,0,5948619900.000,0,-,-,-,-,3721.0000,3720.8000,3720.2000,3719.8000,3719.6000,3722.0000,3722.2000,3722.4000,3723.0000,3723.2000,4,2,1,3,2,2,1,2,1,1
SF,IF2005,2020-04-13 13:45:03.100,3722.0000,11636,0,5948619900.000,0,-,-,-,-,3721.4000,3721.0000,3720.8000,3720.2000,3719.8000,3722.0000,3722.2000,3722.4000,3723.0000,3723.2000,1,4,2,1,3,2,1,2,1,1
SF,IF2005,2020-04-13 13:45:08.100,3722.0000,11638,2,5950853100.000,2,2,0,双开,B,3721.4000,3721.0000,3720.8000,3720.2000,3719.8000,3722.2000,3722.4000,3723.0000,3723.2000,3723.8000,1,4,2,1,3,1,2,1,1,1
SF,IF2005,2020-04-13 13:45:08.600,3722.0000,11638,0,5950853100.000,0,-,-,-,-,3721.4000,3721.0000,3720.8000,3720.2000,3719.8000,3722.4000,3723.0000,3723.2000,3723.8000,3724.0000,1,4,2,1,3,2,1,1,1,2
SF,IF2005,2020-04-13 13:45:09.100,3722.0000,11638,0,5950853100.000,0,-,-,-,-,3721.6000,3721.4000,3720.8000,3720.2000,3719.8000,3723.0000,3723.2000,3723.8000,3724.0000,3724.8000,2,1,2,1,3,1,1,1,2,1
SF,IF2005,2020-04-13 13:45:09.600,3722.0000,11638,0,5950853100.000,0,-,-,-,-,3721.6000,3721.4000,3720.8000,3720.2000,3719.8000,3722.6000,3722.8000,3723.0000,3723.2000,3723.8000,2,1,2,1,3,5,3,1,1,1
SF,IF2005,2020-04-13 13:45:11.600,3722.0000,11638,0,5950853100.000,0,-,-,-,-,3721.6000,3721.4000,3720.8000,3720.2000,3719.8000,3722.6000,3722.8000,3723.0000,3723.2000,3723.8000,2,1,2,1,3,5,3,1,1,1
SF,IF2005,2020-04-13 13:45:16.600,3722.0000,11638,0,5950853100.000,0,-,-,-,-,3721.6000,3721.4000,3720.8000,3720.2000,3719.8000,3722.8000,3723.0000,3723.2000,3723.8000,3724.0000,2,1,2,1,3,3,1,1,1,2
SF,IF2005,2020-04-13 13:45:17.100,3722.0000,11638,0,5950853100.000,0,-,-,-,-,3721.6000,3721.4000,3720.8000,3720.2000,3719.8000,3722.6000,3722.8000,3723.0000,3723.2000,3723.8000,2,1,2,1,3,5,3,1,1,1
SF,IF2005,2020-04-13 13:45:17.600,3722.0000,11638,0,5950853100.000,0,-,-,-,-,3721.6000,3721.4000,3720.8000,3720.2000,3719.8000,3722.2000,3722.6000,3722.8000,3723.0000,3723.2000,2,1,2,1,3,5,5,3,1,1
SF,IF2005,2020-04-13 13:45:18.100,3722.0000,11638,0,5950853100.000,0,-,-,-,-,3721.6000,3721.4000,3720.8000,3720.2000,3719.8000,3722.6000,3722.8000,3723.0000,3723.2000,3723.8000,2,1,2,1,3,5,3,1,1,1
SF,IF2005,2020-04-13 13:45:19.600,3722.0000,11638,0,5950853100.000,0,-,-,-,-,3721.6000,3721.4000,3720.8000,3720.2000,3719.8000,3722.6000,3722.8000,3723.0000,3723.2000,3723.8000,2,1,2,1,3,1,3,1,1,1
SF,IF2005,2020-04-13 13:45:25.100,3722.0000,11638,0,5950853100.000,0,-,-,-,-,3721.6000,3721.4000,3720.8000,3720.2000,3719.8000,3722.2000,3722.6000,3722.8000,3723.0000,3723.2000,2,1,2,1,3,2,1,3,1,1
SF,IF2005,2020-04-13 13:45:25.600,3722.0000,11638,0,5950853100.000,0,-,-,-,-,3721.6000,3721.4000,3720.8000,3720.2000,3719.8000,3722.6000,3722.8000,3723.0000,3723.2000,3723.8000,2,1,2,1,3,1,3,1,1,1
SF,IF2005,2020-04-13 13:45:26.100,3722.0000,11638,0,5950853100.000,0,-,-,-,-,3721.6000,3721.4000,3720.8000,3720.2000,3719.8000,3722.6000,3722.8000,3723.0000,3723.2000,3723.8000,2,1,2,1,3,1,3,1,1,1
SF,IF2005,2020-04-13 13:45:26.600,3722.0000,11638,0,5950853100.000,0,-,-,-,-,3721.6000,3721.4000,3720.8000,3720.2000,3719.8000,3722.6000,3722.8000,3723.0000,3723.2000,3723.8000,2,1,2,1,3,2,3,1,1,1
SF,IF2005,2020-04-13 13:45:27.100,3722.0000,11638,0,5950853100.000,0,-,-,-,-,3721.6000,3721.4000,3720.8000,3720.2000,3719.8000,3722.6000,3722.8000,3723.0000,3723.2000,3723.8000,2,1,2,1,3,1,3,1,1,1
SF,IF2005,2020-04-13 13:45:27.600,3722.0000,11638,0,5950853100.000,0,-,-,-,-,3721.6000,3721.4000,3720.8000,3720.2000,3719.8000,3722.6000,3722.8000,3723.0000,3723.2000,3723.8000,2,1,2,1,3,2,3,1,1,1
SF,IF2005,2020-04-13 13:45:28.100,3722.0000,11638,0,5950853100.000,0,-,-,-,-,3721.6000,3721.4000,3720.8000,3720.2000,3719.8000,3722.6000,3722.8000,3723.0000,3723.2000,3723.8000,2,1,2,1,3,1,3,1,1,1
SF,IF2005,2020-04-13 13:45:28.600,3722.0000,11638,0,5950853100.000,0,-,-,-,-,3721.6000,3721.4000,3720.8000,3720.2000,3719.8000,3722.6000,3722.8000,3723.0000,3723.2000,3723.8000,2,1,2,1,3,2,3,1,1,1
SF,IF2005,2020-04-13 13:45:29.100,3722.0000,11638,0,5950853100.000,0,-,-,-,-,3721.6000,3721.4000,3720.8000,3720.2000,3719.8000,3722.6000,3722.8000,3723.0000,3723.2000,3723.8000,2,1,2,1,3,2,3,1,1,1
SF,IF2005,2020-04-13 13:45:29.600,3722.0000,11638,0,5950853100.000,0,-,-,-,-,3721.6000,3721.4000,3720.8000,3720.2000,3719.8000,3722.6000,3722.8000,3723.0000,3723.2000,3723.8000,2,1,2,1,3,2,3,1,1,1
SF,IF2005,2020-04-13 13:45:30.100,3722.0000,11638,0,5950853100.000,0,-,-,-,-,3721.6000,3721.4000,3720.8000,3720.2000,3719.8000,3722.6000,3722.8000,3723.0000,3723.2000,3723.8000,2,1,2,1,3,2,3,1,1,1
SF,IF2005,2020-04-13 13:45:30.600,3722.0000,11638,0,5950853100.000,0,-,-,-,-,3721.6000,3721.4000,3720.8000,3720.2000,3719.8000,3722.6000,3722.8000,3723.0000,3723.2000,3723.8000,2,1,2,1,3,2,3,1,1,1
SF,IF2005,2020-04-13 13:45:31.100,3722.0000,11638,0,5950853100.000,0,-,-,-,-,3721.6000,3721.4000,3720.8000,3720.2000,3719.8000,3722.6000,3722.8000,3723.0000,3723.2000,3723.8000,2,1,2,1,3,2,3,1,1,1
SF,IF2005,2020-04-13 13:45:31.600,3722.0000,11638,0,5950853100.000,0,-,-,-,-,3721.6000,3721.4000,3720.8000,3720.2000,3719.8000,3722.6000,3722.8000,3723.0000,3723.2000,3723.8000,2,1,2,1,3,3,3,1,1,1
SF,IF2005,2020-04-13 13:45:32.100,3722.0000,11638,0,5950853100.000,0,-,-,-,-,3721.6000,3721.4000,3720.8000,3720.2000,3719.8000,3722.6000,3722.8000,3723.0000,3723.2000,3723.8000,2,1,2,1,3,2,3,1,1,1
SF,IF2005,2020-04-13 13:45:32.600,3722.0000,11638,0,5950853100.000,0,-,-,-,-,3721.6000,3721.4000,3720.8000,3720.2000,3719.8000,3722.6000,3722.8000,3723.0000,3723.2000,3723.8000,2,1,2,1,3,2,3,1,1,1
SF,IF2005,2020-04-13 13:45:33.600,3722.0000,11638,0,5950853100.000,0,-,-,-,-,3721.6000,3721.4000,3720.8000,3720.2000,3719.8000,3722.6000,3722.8000,3723.0000,3723.2000,3723.8000,2,1,2,1,3,2,3,1,1,1
SF,IF2005,2020-04-13 13:45:34.100,3722.0000,11638,0,5950853100.000,0,-,-,-,-,3721.8000,3721.6000,3721.4000,3720.8000,3720.2000,3722.6000,3722.8000,3723.0000,3723.2000,3723.8000,1,2,1,2,1,1,3,1,1,1
SF,IF2005,2020-04-13 13:45:34.600,3722.0000,11638,0,5950853100.000,0,-,-,-,-,3722.0000,3721.8000,3721.4000,3720.8000,3720.2000,3722.6000,3723.0000,3723.2000,3723.8000,3724.0000,3,4,1,2,1,1,1,1,1,2
SF,IF2005,2020-04-13 13:45:35.100,3723.0000,11640,2,5953086780.000,2,2,0,双开,B,3722.4000,3722.2000,3722.0000,3721.8000,3721.4000,3722.6000,3723.2000,3723.8000,3724.0000,3724.8000,1,2,2,2,1,1,1,1,2,1
SF,IF2005,2020-04-13 13:45:35.600,3722.6000,11641,1,5954203560.000,1,1,0,双开,B,3722.2000,3722.0000,3721.8000,3721.4000,3720.8000,3723.2000,3723.8000,3724.0000,3724.8000,3725.4000,2,2,2,1,2,1,1,2,1,1
SF,IF2005,2020-04-13 13:45:37.100,3722.6000,11641,0,5954203560.000,0,-,-,-,-,3722.0000,3721.8000,3721.4000,3720.8000,3720.2000,3722.8000,3723.0000,3723.2000,3723.8000,3724.0000,2,2,1,2,1,5,2,1,1,2
SF,IF2005,2020-04-13 13:45:37.600,3722.6000,11641,0,5954203560.000,0,-,-,-,-,3722.0000,3721.8000,3721.4000,3720.8000,3720.2000,3723.0000,3723.2000,3723.8000,3724.0000,3724.8000,2,2,1,2,1,2,1,1,2,1
SF,IF2005,2020-04-13 13:45:39.100,3722.6000,11641,0,5954203560.000,0,-,-,-,-,3722.0000,3721.8000,3721.4000,3720.8000,3720.2000,3722.8000,3723.0000,3723.2000,3723.8000,3724.0000,2,2,1,2,1,5,2,1,1,2
SF,IF2005,2020-04-13 13:45:39.600,3722.0000,11643,2,5956436760.000,2,2,0,双开,B,3721.8000,3721.4000,3720.8000,3720.2000,3719.8000,3722.8000,3723.0000,3723.2000,3723.8000,3724.0000,2,1,2,1,3,5,2,1,1,2
SF,IF2005,2020-04-13 13:45:40.100,3722.0000,11643,0,5956436760.000,0,-,-,-,-,3721.8000,3721.4000,3720.8000,3720.2000,3719.8000,3723.0000,3723.2000,3723.8000,3724.0000,3724.8000,2,1,2,1,3,2,1,1,2,1
SF,IF2005,2020-04-13 13:45:40.600,3722.0000,11643,0,5956436760.000,0,-,-,-,-,3721.8000,3721.4000,3720.8000,3720.2000,3719.8000,3722.8000,3723.0000,3723.2000,3723.8000,3724.0000,2,1,2,1,3,2,2,1,1,2
SF,IF2005,2020-04-13 13:45:41.600,3722.0000,11643,0,5956436760.000,0,-,-,-,-,3722.0000,3721.8000,3721.4000,3720.8000,3720.2000,3722.8000,3723.0000,3723.2000,3723.8000,3724.0000,1,2,1,2,1,2,2,1,1,2
SF,IF2005,2020-04-13 13:45:42.100,3722.0000,11643,0,5956436760.000,0,-,-,-,-,3722.2000,3722.0000,3721.8000,3721.4000,3720.8000,3722.8000,3723.0000,3723.2000,3723.8000,3724.0000,1,1,2,1,2,2,2,1,1,2
SF,IF2005,2020-04-13 13:45:42.600,3722.0000,11643,0,5956436760.000,0,-,-,-,-,3722.2000,3722.0000,3721.8000,3721.4000,3720.8000,3722.8000,3723.0000,3723.2000,3723.8000,3724.0000,1,1,2,1,2,2,2,1,1,2
SF,IF2005,2020-04-13 13:45:43.100,3722.4000,11646,3,5959787160.000,3,3,0,双开,B,3722.4000,3722.0000,3721.4000,3720.8000,3720.2000,3723.2000,3723.8000,3724.8000,3725.4000,3725.6000,1,1,1,2,1,1,1,1,1,1
SF,IF2005,2020-04-13 13:45:44.100,3722.4000,11646,0,5959787160.000,0,-,-,-,-,3722.4000,3722.0000,3721.4000,3720.8000,3720.2000,3723.2000,3723.8000,3724.8000,3725.0000,3725.4000,1,1,1,2,1,1,1,1,2,1
SF,IF2005,2020-04-13 13:45:44.600,3722.4000,11646,0,5959787160.000,0,-,-,-,-,3722.4000,3722.0000,3721.6000,3721.4000,3720.8000,3723.2000,3723.8000,3724.8000,3725.0000,3725.4000,1,1,3,1,2,1,1,1,2,1
SF,IF2005,2020-04-13 13:45:46.100,3722.4000,11646,0,5959787160.000,0,-,-,-,-,3722.4000,3721.6000,3721.4000,3720.8000,3720.2000,3723.2000,3723.8000,3724.8000,3725.0000,3725.4000,1,3,1,2,1,1,1,1,2,1
SF,IF2005,2020-04-13 13:45:46.600,3722.4000,11646,0,5959787160.000,0,-,-,-,-,3722.8000,3722.6000,3722.4000,3721.6000,3721.4000,3723.2000,3723.8000,3724.8000,3725.0000,3725.4000,1,2,1,3,1,1,1,1,2,1
SF,IF2005,2020-04-13 13:45:47.100,3722.4000,11646,0,5959787160.000,0,-,-,-,-,3722.6000,3722.4000,3721.6000,3721.4000,3720.8000,3723.2000,3723.8000,3724.8000,3725.0000,3725.4000,2,1,3,1,2,1,1,1,2,1
SF,IF2005,2020-04-13 13:45:59.100,3722.6000,11648,2,5962020720.000,2,2,0,双开,B,3722.4000,3721.6000,3721.4000,3720.8000,3720.2000,3723.2000,3723.8000,3724.8000,3725.0000,3725.4000,1,3,1,2,1,1,1,1,2,1
SF,IF2005,2020-04-13 13:45:59.600,3722.6000,11648,0,5962020720.000,0,-,-,-,-,3721.6000,3721.4000,3720.8000,3720.2000,3719.6000,3723.0000,3723.2000,3723.8000,3724.8000,3725.0000,3,1,2,1,2,3,1,1,1,2
SF,IF2005,2020-04-13 13:46:00.100,3722.6000,11648,0,5962020720.000,0,-,-,-,-,3721.8000,3721.6000,3721.4000,3720.8000,3720.2000,3723.0000,3723.2000,3723.8000,3724.8000,3725.0000,4,3,1,2,1,3,1,1,1,2
SF,IF2005,2020-04-13 13:46:00.600,3722.6000,11648,0,5962020720.000,0,-,-,-,-,3721.8000,3721.4000,3720.8000,3720.6000,3720.2000,3723.0000,3723.2000,3723.8000,3724.8000,3725.0000,4,1,2,3,1,3,1,1,1,2
SF,IF2005,2020-04-13 13:46:03.600,3722.6000,11648,0,5962020720.000,0,-,-,-,-,3721.8000,3721.4000,3720.8000,3720.6000,3720.2000,3722.8000,3723.0000,3723.2000,3723.8000,3724.8000,4,1,2,3,1,4,3,1,1,1
SF,IF2005,2020-04-13 13:46:04.100,3722.6000,11648,0,5962020720.000,0,-,-,-,-,3722.2000,3721.8000,3721.4000,3720.8000,3720.6000,3723.0000,3723.2000,3723.8000,3724.8000,3725.0000,1,4,1,2,3,3,1,1,1,2
SF,IF2005,2020-04-13 13:46:04.600,3722.6000,11648,0,5962020720.000,0,-,-,-,-,3721.8000,3721.4000,3720.8000,3720.6000,3720.2000,3723.0000,3723.2000,3723.8000,3724.8000,3725.0000,4,1,2,3,1,3,1,1,1,2
SF,IF2005,2020-04-13 13:46:07.600,3721.8000,11649,1,5963137260.000,1,1,0,双开,B,3721.8000,3721.4000,3720.8000,3720.6000,3720.2000,3723.0000,3723.2000,3723.8000,3724.8000,3725.0000,3,1,2,3,1,3,1,1,1,2
SF,IF2005,2020-04-13 13:46:08.100,3721.8000,11649,0,5963137260.000,0,-,-,-,-,3722.6000,3722.2000,3721.8000,3721.4000,3720.8000,3723.0000,3723.2000,3723.8000,3724.8000,3725.0000,2,1,3,1,2,3,1,1,1,2
SF,IF2005,2020-04-13 13:46:08.600,3721.8000,11649,0,5963137260.000,0,-,-,-,-,3722.6000,3722.2000,3721.8000,3721.4000,3720.8000,3723.0000,3723.2000,3723.8000,3724.8000,3725.0000,2,1,2,1,2,3,1,1,1,2
SF,IF2005,2020-04-13 13:46:09.100,3723.0000,11651,2,5965371060.000,2,2,0,双开,B,3722.6000,3722.2000,3721.8000,3721.4000,3720.8000,3723.2000,3723.8000,3724.8000,3725.0000,3725.4000,2,1,2,1,2,1,1,1,2,1
SF,IF2005,2020-04-13 13:46:09.600,3723.2000,11651,0,5966488020.000,1,0,1,空换,B,3722.8000,3722.6000,3721.4000,3720.8000,3720.6000,3723.8000,3724.8000,3725.0000,3725.4000,3725.6000,3,2,1,2,3,1,1,2,1,1
SF,IF2005,2020-04-13 13:46:10.100,3723.2000,11651,0,5966488020.000,0,-,-,-,-,3722.8000,3722.6000,3721.4000,3720.8000,3720.6000,3723.8000,3724.8000,3725.0000,3725.4000,3725.6000,4,2,1,2,3,1,1,2,1,1
SF,IF2005,2020-04-13 13:46:11.600,3723.2000,11651,0,5966488020.000,0,-,-,-,-,3722.8000,3722.6000,3721.4000,3720.8000,3720.6000,3723.6000,3723.8000,3724.8000,3725.0000,3725.4000,4,2,1,2,3,3,1,1,2,1
SF,IF2005,2020-04-13 13:46:12.100,3723.2000,11651,0,5966488020.000,0,-,-,-,-,3722.8000,3722.6000,3721.4000,3720.8000,3720.6000,3723.4000,3723.6000,3723.8000,3724.8000,3725.0000,2,2,1,2,3,7,3,1,1,2
SF,IF2005,2020-04-13 13:46:12.600,3723.2000,11651,0,5966488020.000,0,-,-,-,-,3722.6000,3721.4000,3720.8000,3720.6000,3720.2000,3723.4000,3723.6000,3723.8000,3724.8000,3725.0000,2,1,2,3,1,2,3,1,1,2
SF,IF2005,2020-04-13 13:46:13.100,3723.2000,11651,0,5966488020.000,0,-,-,-,-,3721.4000,3720.8000,3720.6000,3720.2000,3719.6000,3723.4000,3723.6000,3723.8000,3724.8000,3725.0000,1,2,3,1,2,2,3,1,1,2
SF,IF2005,2020-04-13 13:46:13.600,3723.2000,11651,0,5966488020.000,0,-,-,-,-,3722.2000,3722.0000,3721.8000,3721.6000,3721.4000,3723.2000,3723.4000,3723.6000,3723.8000,3724.8000,1,3,1,8,2,2,2,2,1,1
SF,IF2005,2020-04-13 13:46:14.100,3723.2000,11652,1,5967604980.000,1,1,0,双开,B,3723.2000,3722.4000,3722.2000,3722.0000,3721.8000,3723.4000,3723.6000,3723.8000,3724.8000,3725.0000,1,2,1,3,2,2,2,1,1,2
SF,IF2005,2020-04-13 13:46:14.600,3723.2000,11652,0,5967604980.000,0,-,-,-,-,3723.2000,3722.4000,3722.2000,3722.0000,3721.8000,3723.4000,3723.6000,3723.8000,3724.8000,3725.0000,1,2,1,2,2,2,2,1,1,2
SF,IF2005,2020-04-13 13:46:15.100,3723.2000,11652,0,5967604980.000,0,-,-,-,-,3723.2000,3722.4000,3722.2000,3722.0000,3721.8000,3723.4000,3723.6000,3723.8000,3724.8000,3725.0000,1,2,1,1,2,2,2,1,1,2
SF,IF2005,2020-04-13 13:46:15.600,3723.2000,11653,1,5968721940.000,1,1,0,双开,B,3722.4000,3722.2000,3722.0000,3721.8000,3721.6000,3723.4000,3723.6000,3723.8000,3724.8000,3725.0000,2,1,1,2,7,2,2,1,1,2
SF,IF2005,2020-04-13 13:46:16.100,3723.2000,11653,0,5968721940.000,0,-,-,-,-,3722.2000,3722.0000,3721.8000,3721.6000,3721.4000,3723.2000,3723.4000,3723.6000,3723.8000,3724.8000,1,1,1,8,2,6,2,2,1,1
SF,IF2005,2020-04-13 13:46:16.600,3723.2000,11653,0,5968721940.000,0,-,-,-,-,3722.2000,3722.0000,3721.8000,3721.6000,3721.4000,3723.2000,3723.4000,3723.6000,3723.8000,3724.8000,1,1,1,7,2,6,2,2,1,1
SF,IF2005,2020-04-13 13:46:17.100,3723.2000,11653,0,5968721940.000,0,-,-,-,-,3721.6000,3721.4000,3720.8000,3720.2000,3719.6000,3723.0000,3723.2000,3723.4000,3723.6000,3723.8000,6,1,2,1,2,4,6,2,2,1
SF,IF2005,2020-04-13 13:46:17.600,3723.2000,11653,0,5968721940.000,0,-,-,-,-,3721.8000,3721.6000,3721.4000,3720.8000,3720.2000,3722.8000,3723.0000,3723.2000,3723.6000,3723.8000,2,4,1,2,1,7,5,6,2,1
SF,IF2005,2020-04-13 13:46:18.100,3723.2000,11653,0,5968721940.000,0,-,-,-,-,3721.4000,3720.8000,3720.4000,3720.2000,3719.6000,3722.6000,3722.8000,3723.0000,3723.2000,3723.6000,1,2,3,1,2,2,9,4,6,2
SF,IF2005,2020-04-13 13:46:18.600,3723.2000,11653,0,5968721940.000,0,-,-,-,-,3721.4000,3720.8000,3720.4000,3720.2000,3719.6000,3722.4000,3722.6000,3722.8000,3723.0000,3723.2000,1,2,3,1,2,7,3,7,4,6
SF,IF2005,2020-04-13 13:46:19.100,3723.2000,11653,0,5968721940.000,0,-,-,-,-,3721.6000,3721.4000,3720.8000,3720.4000,3720.2000,3722.2000,3722.4000,3722.6000,3722.8000,3723.0000,2,1,2,3,1,1,2,2,6,4
SF,IF2005,2020-04-13 13:46:21.600,3721.6000,11654,1,5969838420.000,1,1,0,双开,B,3721.6000,3721.4000,3720.8000,3720.4000,3720.2000,3722.2000,3722.4000,3722.6000,3722.8000,3723.0000,1,1,2,3,1,1,2,2,6,4
SF,IF2005,2020-04-13 13:46:22.100,3721.6000,11654,0,5969838420.000,0,-,-,-,-,3721.4000,3720.8000,3720.4000,3720.2000,3719.6000,3722.4000,3722.6000,3722.8000,3723.0000,3723.2000,1,2,3,1,2,2,2,6,4,5
SF,IF2005,2020-04-13 13:46:22.600,3721.4000,11655,1,5970954840.000,1,1,0,双开,B,3720.8000,3720.4000,3720.2000,3719.6000,3718.8000,3722.4000,3722.6000,3722.8000,3723.0000,3723.2000,2,3,1,2,3,2,2,6,4,5
SF,IF2005,2020-04-13 13:46:23.100,3721.4000,11655,0,5970954840.000,0,-,-,-,-,3721.2000,3721.0000,3720.8000,3720.4000,3720.2000,3722.4000,3722.6000,3722.8000,3723.0000,3723.2000,1,4,2,3,1,2,2,5,4,5
SF,IF2005,2020-04-13 13:46:23.600,3721.4000,11655,0,5970954840.000,0,-,-,-,-,3721.2000,3721.0000,3720.8000,3720.4000,3720.2000,3722.4000,3722.6000,3722.8000,3723.0000,3723.2000,2,4,2,3,1,2,2,5,4,5
SF,IF2005,2020-04-13 13:46:24.100,3721.4000,11655,0,5970954840.000,0,-,-,-,-,3721.6000,3721.4000,3721.2000,3721.0000,3720.8000,3722.4000,3722.6000,3722.8000,3723.0000,3723.2000,1,2,1,2,2,2,2,5,4,5
SF,IF2005,2020-04-13 13:46:24.600,3721.4000,11655,0,5970954840.000,0,-,-,-,-,3721.6000,3721.4000,3721.2000,3721.0000,3720.8000,3722.4000,3722.6000,3722.8000,3723.0000,3723.2000,1,2,1,1,2,2,2,5,4,5
SF,IF2005,2020-04-13 13:46:25.100,3721.4000,11655,0,5970954840.000,0,-,-,-,-,3721.6000,3721.4000,3721.2000,3720.8000,3720.4000,3722.4000,3722.6000,3722.8000,3723.0000,3723.2000,1,2,1,2,3,2,2,5,4,5
SF,IF2005,2020-04-13 13:46:25.600,3722.4000,11656,1,5972071560.000,1,1,0,双开,B,3721.6000,3721.4000,3721.2000,3720.8000,3720.4000,3722.4000,3722.6000,3722.8000,3723.0000,3723.2000,1,2,1,2,3,1,2,5,4,5
SF,IF2005,2020-04-13 13:46:27.100,3722.4000,11656,0,5972071560.000,0,-,-,-,-,3721.4000,3721.2000,3720.8000,3720.4000,3720.2000,3722.4000,3722.6000,3722.8000,3723.0000,3723.2000,2,1,2,3,1,1,2,5,4,5
SF,IF2005,2020-04-13 13:46:30.600,3721.8000,11656,0,5973188100.000,1,0,1,空换,B,3721.4000,3721.2000,3720.8000,3720.4000,3720.2000,3722.4000,3722.6000,3722.8000,3723.0000,3723.2000,2,1,2,3,1,1,2,5,4,5
SF,IF2005,2020-04-13 13:46:38.100,3721.8000,11656,0,5973188100.000,0,-,-,-,-,3721.4000,3721.2000,3720.8000,3720.4000,3720.2000,3722.2000,3722.4000,3722.6000,3722.8000,3723.0000,2,1,2,3,1,5,1,2,5,4
SF,IF2005,2020-04-13 13:46:38.600,3721.8000,11656,0,5973188100.000,0,-,-,-,-,3721.2000,3720.8000,3720.4000,3720.2000,3720.0000,3722.4000,3722.6000,3722.8000,3723.0000,3723.2000,1,2,3,1,1,1,1,5,4,5
SF,IF2005,2020-04-13 13:46:39.100,3721.8000,11656,0,5973188100.000,0,-,-,-,-,3721.2000,3720.8000,3720.4000,3720.2000,3720.0000,3722.2000,3722.4000,3722.8000,3723.0000,3723.2000,1,2,3,1,1,3,1,5,4,5
SF,IF2005,2020-04-13 13:46:39.600,3721.8000,11656,0,5973188100.000,0,-,-,-,-,3721.2000,3720.8000,3720.4000,3720.2000,3720.0000,3722.0000,3722.2000,3722.8000,3723.0000,3723.2000,1,2,3,1,1,2,4,5,4,5
SF,IF2005,2020-04-13 13:46:40.100,3721.8000,11656,0,5973188100.000,0,-,-,-,-,3720.8000,3720.4000,3720.2000,3720.0000,3719.6000,3722.0000,3722.2000,3722.8000,3723.0000,3723.8000,2,3,1,1,2,4,4,5,4,3
SF,IF2005,2020-04-13 13:46:41.100,3721.8000,11656,0,5973188100.000,0,-,-,-,-,3720.8000,3720.4000,3720.2000,3720.0000,3719.6000,3722.0000,3722.2000,3722.8000,3723.0000,3723.8000,2,3,1,1,2,2,3,5,4,3
SF,IF2005,2020-04-13 13:46:41.600,3721.8000,11656,0,5973188100.000,0,-,-,-,-,3721.2000,3721.0000,3720.8000,3720.4000,3720.2000,3722.0000,3722.2000,3722.8000,3723.0000,3723.8000,1,3,2,3,1,2,3,5,4,3
SF,IF2005,2020-04-13 13:46:42.100,3721.8000,11656,0,5973188100.000,0,-,-,-,-,3721.2000,3721.0000,3720.8000,3720.4000,3720.2000,3722.0000,3722.2000,3722.8000,3723.0000,3723.8000,1,4,2,3,1,2,3,5,4,3
SF,IF2005,2020-04-13 13:46:42.600,3721.8000,11656,0,5973188100.000,0,-,-,-,-,3721.0000,3720.8000,3720.4000,3720.2000,3720.0000,3722.0000,3722.2000,3722.8000,3723.0000,3723.8000,4,2,3,1,1,2,3,5,4,3
SF,IF2005,2020-04-13 13:46:43.100,3721.8000,11656,0,5973188100.000,0,-,-,-,-,3721.0000,3720.8000,3720.4000,3720.2000,3720.0000,3722.0000,3722.2000,3722.8000,3723.0000,3723.8000,4,2,3,1,1,2,3,5,4,3
SF,IF2005,2020-04-13 13:46:46.600,3721.8000,11656,0,5973188100.000,0,-,-,-,-,3721.0000,3720.8000,3720.4000,3720.2000,3720.0000,3721.4000,3722.0000,3722.2000,3722.8000,3723.0000,4,2,3,1,1,1,2,3,5,4
SF,IF2005,2020-04-13 13:46:47.100,3721.8000,11656,0,5973188100.000,0,-,-,-,-,3721.0000,3720.8000,3720.4000,3720.2000,3720.0000,3722.0000,3722.2000,3723.8000,3724.8000,3725.4000,4,2,3,1,1,2,3,3,1,1
SF,IF2005,2020-04-13 13:46:47.600,3721.0000,11657,1,5974304400.000,1,1,0,双开,B,3721.0000,3720.8000,3720.4000,3720.2000,3720.0000,3722.0000,3722.2000,3723.8000,3724.8000,3725.4000,3,2,3,1,1,2,3,3,1,1
SF,IF2005,2020-04-13 13:46:48.600,3721.0000,11657,0,5974304400.000,0,-,-,-,-,3721.0000,3720.8000,3720.2000,3720.0000,3719.6000,3721.8000,3722.0000,3722.2000,3723.8000,3724.8000,3,2,1,1,5,5,2,3,3,1
SF,IF2005,2020-04-13 13:46:49.100,3721.0000,11657,0,5974304400.000,0,-,-,-,-,3721.0000,3720.8000,3720.2000,3720.0000,3719.6000,3722.0000,3722.2000,3723.8000,3724.8000,3725.4000,2,2,1,1,5,2,3,3,1,1
SF,IF2005,2020-04-13 13:46:50.600,3721.0000,11657,0,5974304400.000,0,-,-,-,-,3721.4000,3721.0000,3720.8000,3720.2000,3720.0000,3722.0000,3722.2000,3723.8000,3724.8000,3725.4000,1,2,2,1,1,2,3,3,1,1
SF,IF2005,2020-04-13 13:46:51.100,3721.0000,11657,0,5974304400.000,0,-,-,-,-,3721.0000,3720.8000,3720.2000,3720.0000,3719.6000,3722.0000,3722.2000,3723.8000,3724.8000,3725.4000,2,2,1,1,5,2,3,3,1,1
SF,IF2005,2020-04-13 13:46:51.600,3721.0000,11657,0,5974304400.000,0,-,-,-,-,3721.2000,3721.0000,3720.8000,3720.2000,3720.0000,3722.0000,3722.2000,3723.8000,3724.8000,3725.4000,2,2,2,1,1,2,2,3,1,1
SF,IF2005,2020-04-13 13:46:52.600,3721.2000,11658,1,5975420760.000,1,1,0,双开,B,3721.2000,3721.0000,3720.8000,3720.2000,3720.0000,3722.0000,3722.2000,3723.8000,3724.8000,3725.4000,1,2,2,1,1,2,2,3,1,1
SF,IF2005,2020-04-13 13:46:53.100,3721.2000,11658,0,5975420760.000,0,-,-,-,-,3721.6000,3721.2000,3721.0000,3720.8000,3720.2000,3722.0000,3722.2000,3723.8000,3724.8000,3725.4000,1,1,2,2,1,2,2,3,1,1
SF,IF2005,2020-04-13 13:46:53.600,3721.2000,11658,0,5975420760.000,0,-,-,-,-,3721.6000,3721.2000,3721.0000,3720.8000,3720.2000,3722.0000,3722.2000,3723.8000,3724.8000,3725.4000,1,1,2,2,1,1,2,3,1,1
SF,IF2005,2020-04-13 13:46:54.100,3722.0000,11659,1,5976537360.000,1,1,0,双开,B,3721.6000,3721.2000,3721.0000,3720.8000,3720.2000,3722.2000,3723.8000,3724.8000,3725.4000,3725.6000,1,1,1,2,1,1,3,1,1,1
SF,IF2005,2020-04-13 13:46:54.600,3722.0000,11659,0,5976537360.000,0,-,-,-,-,3721.2000,3720.8000,3720.2000,3720.0000,3719.6000,3723.8000,3724.8000,3725.4000,3725.6000,3725.8000,1,2,1,1,5,3,1,1,1,1
SF,IF2005,2020-04-13 13:46:55.100,3722.0000,11659,0,5976537360.000,0,-,-,-,-,3721.6000,3721.4000,3721.2000,3720.8000,3720.2000,3722.8000,3723.0000,3723.2000,3723.4000,3723.6000,2,1,1,2,1,5,1,2,5,5
SF,IF2005,2020-04-13 13:46:55.600,3722.0000,11659,0,5976537360.000,0,-,-,-,-,3721.6000,3721.4000,3721.2000,3720.8000,3720.2000,3722.6000,3723.0000,3723.2000,3723.4000,3723.6000,3,2,1,2,1,2,1,2,5,3
SF,IF2005,2020-04-13 13:46:56.100,3722.0000,11659,0,5976537360.000,0,-,-,-,-,3721.6000,3721.4000,3721.2000,3720.8000,3720.2000,3722.6000,3723.0000,3723.2000,3723.4000,3723.6000,3,2,1,2,1,2,1,2,5,3
SF,IF2005,2020-04-13 13:46:56.600,3722.0000,11659,0,5976537360.000,0,-,-,-,-,3721.8000,3721.6000,3721.4000,3721.2000,3720.8000,3722.6000,3723.0000,3723.2000,3723.4000,3723.6000,1,3,2,1,2,2,1,2,2,1
SF,IF2005,2020-04-13 13:46:57.100,3722.0000,11659,0,5976537360.000,0,-,-,-,-,3722.0000,3721.8000,3721.6000,3721.4000,3721.2000,3722.6000,3723.0000,3723.2000,3723.4000,3723.8000,1,1,2,1,1,2,1,2,2,3
SF,IF2005,2020-04-13 13:46:57.600,3722.0000,11659,0,5976537360.000,0,-,-,-,-,3722.0000,3721.8000,3721.6000,3721.4000,3721.2000,3722.6000,3723.0000,3723.2000,3723.4000,3723.8000,2,1,1,1,1,2,1,1,1,1
SF,IF2005,2020-04-13 13:46:58.100,3722.0000,11660,1,5977653960.000,1,1,0,双开,B,3722.0000,3721.8000,3721.6000,3721.4000,3721.2000,3722.6000,3723.0000,3723.2000,3723.4000,3723.8000,1,1,1,1,1,2,1,1,1,1
SF,IF2005,2020-04-13 13:46:58.600,3722.0000,11660,0,5977653960.000,0,-,-,-,-,3722.0000,3721.8000,3721.6000,3721.4000,3721.2000,3722.6000,3723.0000,3723.2000,3723.4000,3723.8000,1,1,1,1,1,2,1,1,1,1
SF,IF2005,2020-04-13 13:46:59.100,3722.0000,11660,0,5977653960.000,0,-,-,-,-,3722.0000,3721.8000,3721.6000,3721.4000,3721.2000,3722.6000,3723.0000,3723.4000,3723.8000,3724.8000,1,1,1,1,1,2,1,1,1,1
SF,IF2005,2020-04-13 13:47:01.100,3722.0000,11660,0,5977653960.000,0,-,-,-,-,3721.8000,3721.6000,3721.4000,3721.2000,3720.8000,3722.6000,3723.0000,3723.4000,3723.8000,3724.8000,1,1,1,1,2,2,1,1,1,1
SF,IF2005,2020-04-13 13:47:01.600,3722.0000,11660,0,5977653960.000,0,-,-,-,-,3721.8000,3721.6000,3721.4000,3721.2000,3720.8000,3722.4000,3722.6000,3723.0000,3723.4000,3723.8000,1,1,1,1,2,1,2,1,1,1
SF,IF2005,2020-04-13 13:47:02.600,3722.0000,11660,0,5977653960.000,0,-,-,-,-,3721.6000,3721.4000,3721.2000,3720.8000,3720.2000,3722.4000,3722.6000,3723.0000,3723.8000,3724.8000,1,1,1,2,1,1,2,1,1,1
SF,IF2005,2020-04-13 13:47:03.100,3722.0000,11660,0,5977653960.000,0,-,-,-,-,3721.6000,3721.4000,3721.2000,3720.8000,3720.2000,3722.4000,3722.6000,3723.8000,3724.8000,3725.0000,1,1,1,2,1,1,2,1,1,2
SF,IF2005,2020-04-13 13:47:03.600,3721.6000,11661,1,5978770440.000,1,1,0,双开,B,3721.4000,3721.2000,3720.8000,3720.2000,3719.6000,3722.4000,3722.6000,3723.8000,3724.8000,3725.0000,1,1,2,1,5,1,2,1,1,2
SF,IF2005,2020-04-13 13:47:04.600,3721.6000,11661,0,5978770440.000,0,-,-,-,-,3721.8000,3721.4000,3721.2000,3720.8000,3720.2000,3722.4000,3722.6000,3723.8000,3724.8000,3725.0000,1,1,1,2,1,1,2,1,1,2
SF,IF2005,2020-04-13 13:47:06.600,3722.4000,11662,1,5979887160.000,1,1,0,双开,B,3721.8000,3721.4000,3721.2000,3720.8000,3720.2000,3722.6000,3723.8000,3724.8000,3725.0000,3725.4000,1,1,1,2,1,2,1,1,2,1
SF,IF2005,2020-04-13 13:47:07.100,3722.4000,11662,0,5979887160.000,0,-,-,-,-,3721.8000,3721.4000,3721.2000,3720.8000,3720.2000,3722.6000,3723.8000,3724.8000,3725.0000,3725.4000,1,1,1,2,1,2,1,1,2,1
SF,IF2005,2020-04-13 13:47:07.600,3722.4000,11662,0,5979887160.000,0,-,-,-,-,3722.0000,3721.8000,3721.4000,3721.2000,3720.8000,3722.6000,3723.8000,3724.8000,3725.0000,3725.4000,1,1,1,1,2,2,1,1,2,1
SF,IF2005,2020-04-13 13:47:08.100,3722.4000,11662,0,5979887160.000,0,-,-,-,-,3721.8000,3721.4000,3721.2000,3720.8000,3720.2000,3722.6000,3723.8000,3724.8000,3725.0000,3725.4000,1,1,1,2,1,2,1,1,2,1
SF,IF2005,2020-04-13 13:47:08.600,3722.4000,11662,0,5979887160.000,0,-,-,-,-,3722.4000,3721.8000,3721.4000,3721.2000,3720.8000,3722.6000,3723.8000,3724.8000,3725.0000,3725.4000,2,1,1,1,2,2,1,1,2,1
SF,IF2005,2020-04-13 13:47:09.100,3722.4000,11663,1,5981003880.000,1,1,0,双开,B,3722.4000,3721.4000,3721.2000,3720.8000,3720.2000,3722.6000,3723.8000,3724.8000,3725.0000,3725.4000,1,1,1,2,1,2,1,1,2,1
SF,IF2005,2020-04-13 13:47:11.100,3722.4000,11664,1,5982120600.000,1,1,0,双开,B,3721.4000,3721.2000,3720.8000,3720.2000,3719.6000,3722.6000,3723.8000,3724.8000,3725.0000,3725.4000,1,1,2,1,5,2,1,1,2,1
SF,IF2005,2020-04-13 13:47:11.600,3722.4000,11664,0,5982120600.000,0,-,-,-,-,3721.4000,3721.2000,3720.8000,3720.2000,3719.6000,3722.6000,3723.8000,3724.8000,3725.0000,3725.4000,2,1,2,1,5,2,1,1,2,1
SF,IF2005,2020-04-13 13:47:12.100,3722.4000,11664,0,5982120600.000,0,-,-,-,-,3721.6000,3721.4000,3721.2000,3720.8000,3720.2000,3722.6000,3723.8000,3724.8000,3725.0000,3725.4000,3,2,1,2,1,2,1,1,2,1
SF,IF2005,2020-04-13 13:47:12.600,3721.8000,11664,0,5983237140.000,1,0,1,空换,B,3721.6000,3721.4000,3721.2000,3720.8000,3720.2000,3722.6000,3723.8000,3724.8000,3725.0000,3725.4000,3,2,1,2,1,2,1,1,2,1
SF,IF2005,2020-04-13 13:47:14.100,3721.8000,11664,0,5983237140.000,0,-,-,-,-,3721.6000,3721.4000,3721.2000,3720.8000,3720.2000,3722.6000,3723.8000,3724.8000,3725.4000,3725.6000,3,2,1,2,1,2,1,1,1,1
SF,IF2005,2020-04-13 13:47:14.600,3721.6000,11665,1,5984353620.000,1,1,0,双开,B,3721.6000,3721.4000,3721.2000,3720.8000,3720.2000,3722.4000,3722.6000,3723.8000,3724.0000,3724.8000,2,2,1,2,1,1,2,1,2,1
SF,IF2005,2020-04-13 13:47:18.100,3721.6000,11665,0,5984353620.000,0,-,-,-,-,3721.6000,3721.4000,3721.2000,3720.8000,3720.2000,3722.4000,3722.6000,3723.4000,3723.8000,3724.0000,2,2,1,2,1,1,2,1,1,2
SF,IF2005,2020-04-13 13:47:18.600,3721.6000,11665,0,5984353620.000,0,-,-,-,-,3721.6000,3721.4000,3721.2000,3720.8000,3720.2000,3722.2000,3722.4000,3723.4000,3723.8000,3724.0000,2,2,1,2,1,2,1,1,1,2
SF,IF2005,2020-04-13 13:47:22.600,3721.6000,11665,0,5984353620.000,0,-,-,-,-,3721.6000,3721.4000,3721.2000,3720.8000,3720.2000,3722.2000,3722.4000,3723.4000,3723.8000,3724.0000,1,2,1,2,1,2,1,1,1,2
SF,IF2005,2020-04-13 13:47:23.600,3721.6000,11665,0,5984353620.000,0,-,-,-,-,3721.4000,3721.2000,3720.8000,3720.2000,3719.6000,3722.2000,3722.4000,3723.4000,3723.8000,3724.0000,2,1,2,1,5,2,1,1,1,2
SF,IF2005,2020-04-13 13:47:25.100,3721.6000,11665,0,5984353620.000,0,-,-,-,-,3721.4000,3721.2000,3720.8000,3720.2000,3719.6000,3722.0000,3722.2000,3723.4000,3723.8000,3724.0000,2,1,2,1,5,1,2,1,1,2
SF,IF2005,2020-04-13 13:47:25.600,3721.6000,11665,0,5984353620.000,0,-,-,-,-,3721.4000,3720.8000,3720.2000,3719.6000,3718.8000,3722.0000,3722.2000,3723.4000,3723.8000,3724.0000,2,2,1,5,3,1,2,1,1,2
SF,IF2005,2020-04-13 13:47:32.600,3721.6000,11665,0,5984353620.000,0,-,-,-,-,3721.4000,3720.8000,3720.2000,3719.6000,3718.8000,3721.6000,3722.0000,3722.2000,3723.4000,3723.8000,2,2,1,5,3,1,1,2,1,1
SF,IF2005,2020-04-13 13:47:37.600,3721.4000,11666,1,5985470040.000,1,1,0,双开,B,3721.4000,3720.8000,3720.2000,3719.6000,3718.8000,3721.6000,3722.0000,3722.2000,3723.4000,3723.8000,1,2,1,5,3,1,1,2,1,1
SF,IF2005,2020-04-13 13:47:38.600,3721.6000,11667,1,5986586520.000,1,1,0,双开,B,3721.4000,3720.8000,3720.2000,3719.6000,3718.8000,3722.0000,3722.2000,3723.4000,3723.8000,3724.0000,1,2,1,5,3,1,2,1,1,2
SF,IF2005,2020-04-13 13:47:39.100,3721.6000,11667,0,5986586520.000,0,-,-,-,-,3721.6000,3721.4000,3720.8000,3720.2000,3719.6000,3722.0000,3722.2000,3723.4000,3723.8000,3724.0000,1,1,2,1,5,1,2,1,1,2
SF,IF2005,2020-04-13 13:47:41.100,3721.6000,11667,0,5986586520.000,0,-,-,-,-,3721.4000,3720.8000,3720.2000,3719.6000,3718.8000,3722.0000,3722.2000,3723.4000,3723.8000,3724.0000,1,2,1,5,3,1,2,1,1,2
SF,IF2005,2020-04-13 13:47:49.100,3722.0000,11667,0,5987703120.000,1,0,1,空换,B,3721.4000,3720.8000,3720.2000,3719.6000,3718.8000,3722.2000,3723.4000,3723.8000,3724.0000,3724.8000,1,2,1,5,3,2,1,1,2,1
SF,IF2005,2020-04-13 13:47:57.600,3722.2000,11668,1,5988819780.000,1,1,0,双开,B,3721.4000,3720.8000,3720.2000,3719.6000,3718.8000,3722.2000,3723.4000,3723.8000,3724.0000,3724.8000,1,2,1,5,3,1,1,1,2,1
SF,IF2005,2020-04-13 13:47:58.100,3722.2000,11668,0,5988819780.000,0,-,-,-,-,3721.6000,3721.4000,3720.8000,3720.2000,3719.6000,3722.2000,3723.4000,3723.8000,3724.0000,3724.8000,1,1,2,1,5,1,1,1,2,1
SF,IF2005,2020-04-13 13:47:58.600,3722.2000,11668,0,5988819780.000,0,-,-,-,-,3721.6000,3721.4000,3720.8000,3720.2000,3719.6000,3722.0000,3722.2000,3723.4000,3723.8000,3724.0000,1,1,2,1,5,1,1,1,1,2
SF,IF2005,2020-04-13 13:47:59.100,3721.6000,11669,1,5989936260.000,1,1,0,双开,B,3721.4000,3720.8000,3720.2000,3719.6000,3718.8000,3721.8000,3722.2000,3723.4000,3723.8000,3724.0000,1,2,1,5,3,1,1,1,1,2
SF,IF2005,2020-04-13 13:48:01.100,3721.6000,11669,0,5989936260.000,0,-,-,-,-,3721.4000,3720.8000,3720.2000,3719.6000,3718.8000,3722.2000,3723.4000,3723.8000,3724.0000,3724.8000,1,2,1,5,3,1,1,1,2,1
SF,IF2005,2020-04-13 13:48:01.600,3721.6000,11669,0,5989936260.000,0,-,-,-,-,3721.4000,3720.8000,3720.2000,3719.6000,3718.8000,3722.2000,3723.4000,3723.8000,3724.0000,3724.8000,1,2,1,5,3,1,1,1,2,1
SF,IF2005,2020-04-13 13:48:02.600,3721.6000,11669,0,5989936260.000,0,-,-,-,-,3721.6000,3721.4000,3720.8000,3720.2000,3719.6000,3722.2000,3723.4000,3723.8000,3724.0000,3724.8000,1,1,2,1,5,1,1,1,2,1
SF,IF2005,2020-04-13 13:48:03.100,3721.6000,11669,0,5989936260.000,0,-,-,-,-,3721.8000,3721.6000,3721.4000,3720.8000,3720.2000,3723.4000,3723.8000,3724.0000,3724.8000,3725.4000,1,1,1,2,1,1,1,2,1,1
SF,IF2005,2020-04-13 13:48:03.600,3721.6000,11669,0,5989936260.000,0,-,-,-,-,3721.8000,3721.6000,3721.4000,3720.8000,3720.2000,3722.8000,3723.0000,3723.2000,3723.4000,3723.8000,1,1,1,2,1,2,2,6,2,1
SF,IF2005,2020-04-13 13:48:04.100,3721.6000,11669,0,5989936260.000,0,-,-,-,-,3721.8000,3721.6000,3721.4000,3720.8000,3720.2000,3722.6000,3722.8000,3723.0000,3723.2000,3723.4000,1,1,1,2,1,2,2,2,4,2
SF,IF2005,2020-04-13 13:48:05.600,3721.6000,11669,0,5989936260.000,0,-,-,-,-,3721.8000,3721.6000,3721.4000,3720.8000,3720.2000,3722.6000,3722.8000,3723.0000,3723.2000,3723.4000,1,1,1,2,1,2,2,2,3,2
SF,IF2005,2020-04-13 13:48:06.100,3721.6000,11669,0,5989936260.000,0,-,-,-,-,3721.6000,3721.4000,3720.8000,3720.2000,3719.6000,3722.4000,3722.6000,3722.8000,3723.2000,3723.4000,1,1,2,1,5,4,2,2,3,2
SF,IF2005,2020-04-13 13:48:06.600,3721.6000,11669,0,5989936260.000,0,-,-,-,-,3721.6000,3721.4000,3720.8000,3720.2000,3719.6000,3722.6000,3723.2000,3723.4000,3723.8000,3724.0000,1,1,2,1,5,2,3,2,1,2
SF,IF2005,2020-04-13 13:48:08.600,3721.6000,11669,0,5989936260.000,0,-,-,-,-,3721.6000,3721.4000,3720.8000,3720.2000,3719.6000,3722.6000,3723.2000,3723.4000,3723.8000,3724.0000,3,1,2,1,5,2,3,2,1,2
SF,IF2005,2020-04-13 13:48:09.600,3721.6000,11669,0,5989936260.000,0,-,-,-,-,3721.6000,3721.4000,3720.8000,3720.2000,3719.6000,3722.4000,3722.6000,3723.2000,3723.4000,3723.8000,3,1,2,1,5,1,2,3,2,1
SF,IF2005,2020-04-13 13:48:12.100,3721.6000,11669,0,5989936260.000,0,-,-,-,-,3721.6000,3721.4000,3720.8000,3720.2000,3719.6000,3722.4000,3722.6000,3723.2000,3723.4000,3723.8000,3,1,2,1,5,2,2,3,2,1
SF,IF2005,2020-04-13 13:48:12.600,3721.6000,11669,0,5989936260.000,0,-,-,-,-,3721.6000,3721.4000,3720.8000,3720.2000,3719.6000,3722.2000,3722.4000,3723.2000,3723.4000,3723.8000,3,1,2,1,5,2,2,3,2,1
SF,IF2005,2020-04-13 13:48:13.100,3721.6000,11669,0,5989936260.000,0,-,-,-,-,3721.6000,3721.4000,3720.8000,3720.2000,3719.6000,3722.2000,3722.4000,3723.2000,3723.4000,3723.8000,3,1,2,1,5,2,1,3,2,1
SF,IF2005,2020-04-13 13:48:13.600,3721.6000,11669,0,5989936260.000,0,-,-,-,-,3721.6000,3721.4000,3720.8000,3720.2000,3719.6000,3722.2000,3722.4000,3723.2000,3723.4000,3723.8000,1,1,2,1,5,3,1,3,2,1
SF,IF2005,2020-04-13 13:48:14.100,3721.6000,11669,0,5989936260.000,0,-,-,-,-,3721.6000,3721.4000,3720.8000,3720.2000,3719.6000,3722.2000,3722.4000,3723.2000,3723.4000,3723.8000,1,1,2,1,5,2,1,3,2,1
SF,IF2005,2020-04-13 13:48:14.600,3721.6000,11669,0,5989936260.000,0,-,-,-,-,3721.6000,3721.4000,3720.8000,3720.2000,3719.6000,3722.2000,3722.4000,3723.2000,3723.4000,3723.8000,3,1,2,1,5,2,1,3,2,1
SF,IF2005,2020-04-13 13:48:15.100,3721.6000,11669,0,5989936260.000,0,-,-,-,-,3721.6000,3721.4000,3720.8000,3720.2000,3719.6000,3722.2000,3722.4000,3723.2000,3723.4000,3723.8000,3,1,2,1,5,3,1,3,2,1
SF,IF2005,2020-04-13 13:48:15.600,3721.6000,11669,0,5989936260.000,0,-,-,-,-,3721.6000,3721.4000,3720.8000,3720.2000,3719.6000,3722.2000,3722.4000,3723.2000,3723.4000,3723.8000,3,1,2,1,5,2,1,3,2,1
SF,IF2005,2020-04-13 13:48:16.100,3721.6000,11669,0,5989936260.000,0,-,-,-,-,3721.6000,3721.4000,3720.8000,3720.2000,3719.6000,3722.2000,3722.4000,3723.2000,3723.4000,3723.8000,3,1,2,1,5,2,1,3,2,1
SF,IF2005,2020-04-13 13:48:16.600,3721.6000,11669,0,5989936260.000,0,-,-,-,-,3721.6000,3721.4000,3720.8000,3720.2000,3720.0000,3722.2000,3722.4000,3723.2000,3723.4000,3723.8000,3,1,2,1,1,2,1,3,2,1
SF,IF2005,2020-04-13 13:48:17.100,3721.6000,11669,0,5989936260.000,0,-,-,-,-,3721.6000,3721.4000,3720.8000,3720.2000,3720.0000,3722.2000,3722.4000,3723.2000,3723.4000,3723.8000,3,1,2,1,1,2,1,3,2,1
SF,IF2005,2020-04-13 13:48:17.600,3721.6000,11669,0,5989936260.000,0,-,-,-,-,3721.6000,3721.4000,3720.8000,3720.2000,3720.0000,3722.2000,3722.4000,3723.2000,3723.4000,3723.8000,2,1,2,1,1,2,1,3,2,1
SF,IF2005,2020-04-13 13:48:18.100,3721.6000,11669,0,5989936260.000,0,-,-,-,-,3721.6000,3721.4000,3720.8000,3720.2000,3720.0000,3722.2000,3722.4000,3723.2000,3723.4000,3723.8000,2,1,2,1,1,2,1,3,2,1
SF,IF2005,2020-04-13 13:48:18.600,3721.6000,11669,0,5989936260.000,0,-,-,-,-,3721.6000,3721.4000,3720.8000,3720.2000,3720.0000,3722.0000,3722.2000,3722.4000,3723.2000,3723.4000,2,1,2,1,1,5,2,1,3,2
SF,IF2005,2020-04-13 13:48:19.100,3721.4000,11671,2,5993285640.000,3,2,1,多开,B,3720.8000,3720.2000,3720.0000,3719.6000,3718.8000,3721.6000,3722.0000,3722.2000,3723.2000,3723.4000,2,1,1,5,3,1,6,2,3,2
SF,IF2005,2020-04-13 13:48:19.600,3721.4000,11671,0,5993285640.000,0,-,-,-,-,3720.8000,3720.2000,3720.0000,3719.6000,3718.8000,3722.0000,3722.2000,3723.2000,3723.4000,3723.8000,2,1,1,5,3,6,2,3,2,1
SF,IF2005,2020-04-13 13:48:20.100,3721.4000,11671,0,5993285640.000,0,-,-,-,-,3720.8000,3720.2000,3720.0000,3719.6000,3718.8000,3721.8000,3722.0000,3723.2000,3723.4000,3723.8000,2,1,1,5,3,2,6,3,2,1
SF,IF2005,2020-04-13 13:48:20.600,3721.4000,11671,0,5993285640.000,0,-,-,-,-,3720.8000,3720.2000,3720.0000,3719.6000,3718.8000,3721.8000,3722.0000,3723.2000,3723.4000,3723.8000,2,1,1,5,3,3,6,3,2,1
SF,IF2005,2020-04-13 13:48:21.100,3721.4000,11671,0,5993285640.000,0,-,-,-,-,3720.8000,3720.2000,3720.0000,3719.6000,3718.8000,3721.8000,3722.0000,3723.2000,3723.4000,3723.8000,2,1,1,5,3,3,6,3,2,1
SF,IF2005,2020-04-13 13:48:21.600,3721.4000,11671,0,5993285640.000,0,-,-,-,-,3721.0000,3720.8000,3720.2000,3720.0000,3719.6000,3721.8000,3722.0000,3723.2000,3723.4000,3723.8000,1,2,1,1,5,2,1,3,2,1
SF,IF2005,2020-04-13 13:48:22.100,3721.4000,11671,0,5993285640.000,0,-,-,-,-,3721.0000,3720.8000,3720.2000,3720.0000,3719.6000,3721.8000,3722.0000,3723.2000,3723.4000,3723.8000,1,2,1,1,5,2,1,3,2,1
SF,IF2005,2020-04-13 13:48:22.600,3721.4000,11671,0,5993285640.000,0,-,-,-,-,3721.0000,3720.8000,3720.2000,3720.0000,3719.6000,3721.8000,3722.0000,3723.2000,3723.4000,3723.8000,1,2,1,1,5,2,1,3,2,1
SF,IF2005,2020-04-13 13:48:23.600,3721.4000,11671,0,5993285640.000,0,-,-,-,-,3721.0000,3720.8000,3720.2000,3720.0000,3719.6000,3721.8000,3722.0000,3723.2000,3723.4000,3723.8000,1,2,1,1,5,2,1,3,2,1
SF,IF2005,2020-04-13 13:48:24.100,3721.4000,11671,0,5993285640.000,0,-,-,-,-,3721.0000,3720.8000,3720.2000,3720.0000,3719.6000,3721.8000,3722.0000,3723.2000,3723.4000,3723.8000,1,2,1,1,5,2,1,3,2,1
SF,IF2005,2020-04-13 13:48:24.600,3721.4000,11671,0,5993285640.000,0,-,-,-,-,3721.0000,3720.8000,3720.2000,3720.0000,3719.6000,3721.8000,3722.0000,3723.2000,3723.4000,3723.8000,1,2,1,1,5,2,1,3,2,1
SF,IF2005,2020-04-13 13:48:25.100,3721.4000,11671,0,5993285640.000,0,-,-,-,-,3721.0000,3720.8000,3720.2000,3720.0000,3719.6000,3721.8000,3722.0000,3723.2000,3723.4000,3723.8000,1,2,1,1,5,2,1,3,2,1
SF,IF2005,2020-04-13 13:48:25.600,3721.4000,11671,0,5993285640.000,0,-,-,-,-,3721.0000,3720.8000,3720.2000,3720.0000,3719.6000,3721.8000,3722.0000,3723.2000,3723.4000,3723.8000,1,2,1,1,5,3,1,3,2,1
SF,IF2005,2020-04-13 13:48:26.100,3721.0000,11672,1,5994401940.000,1,1,0,双开,B,3720.8000,3720.2000,3720.0000,3719.6000,3718.8000,3721.0000,3721.8000,3722.0000,3723.2000,3723.4000,2,1,1,5,3,9,2,1,3,2
SF,IF2005,2020-04-13 13:48:26.600,3721.0000,11673,1,5995518240.000,1,1,0,双开,B,3720.8000,3720.2000,3720.0000,3719.6000,3718.8000,3721.0000,3721.8000,3722.0000,3723.2000,3723.4000,2,1,1,5,3,9,2,1,3,2
SF,IF2005,2020-04-13 13:48:27.100,3721.0000,11673,0,5995518240.000,0,-,-,-,-,3720.8000,3720.2000,3720.0000,3719.6000,3718.8000,3721.0000,3721.8000,3723.2000,3723.4000,3723.8000,2,1,1,5,3,8,2,3,2,1
SF,IF2005,2020-04-13 13:48:27.600,3721.0000,11673,0,5995518240.000,0,-,-,-,-,3720.8000,3720.2000,3720.0000,3719.6000,3718.8000,3721.0000,3721.8000,3723.2000,3723.4000,3723.8000,2,1,1,5,3,8,2,3,2,1
SF,IF2005,2020-04-13 13:48:28.100,3721.0000,11673,0,5995518240.000,0,-,-,-,-,3720.8000,3720.2000,3720.0000,3719.6000,3718.8000,3721.0000,3721.8000,3723.2000,3723.4000,3723.8000,2,1,1,5,3,8,2,3,2,1
SF,IF2005,2020-04-13 13:48:28.600,3721.0000,11674,1,5997750840.000,2,1,1,多开,B,3720.8000,3720.2000,3720.0000,3719.6000,3718.8000,3721.0000,3721.8000,3723.2000,3723.4000,3723.8000,2,1,1,5,3,6,2,3,2,1
SF,IF2005,2020-04-13 13:48:29.100,3721.0000,11674,0,5997750840.000,0,-,-,-,-,3720.8000,3720.2000,3720.0000,3719.6000,3718.8000,3721.0000,3721.8000,3723.2000,3723.4000,3723.8000,2,1,1,5,3,6,2,3,2,1
SF,IF2005,2020-04-13 13:48:29.600,3721.0000,11675,1,5999983440.000,2,1,1,多开,B,3720.8000,3720.2000,3720.0000,3719.6000,3718.8000,3721.0000,3721.8000,3723.2000,3723.4000,3723.8000,2,1,1,5,3,4,2,3,2,1
SF,IF2005,2020-04-13 13:48:30.100,3721.0000,11675,0,5999983440.000,0,-,-,-,-,3720.8000,3720.2000,3720.0000,3719.6000,3718.8000,3721.0000,3721.8000,3723.2000,3723.4000,3723.8000,2,1,1,5,3,5,2,3,2,1
SF,IF2005,2020-04-13 13:48:30.600,3721.0000,11676,1,6001099740.000,1,1,0,双开,B,3720.8000,3720.2000,3720.0000,3719.6000,3718.8000,3721.0000,3721.8000,3723.2000,3723.4000,3723.8000,3,1,1,5,3,3,2,3,2,1
SF,IF2005,2020-04-13 13:48:31.100,3721.0000,11676,0,6001099740.000,0,-,-,-,-,3720.8000,3720.2000,3720.0000,3719.6000,3718.8000,3721.0000,3721.8000,3723.2000,3723.4000,3723.8000,3,1,1,5,3,3,2,3,2,1
SF,IF2005,2020-04-13 13:48:31.600,3721.0000,11677,1,6004448640.000,3,2,1,多开,B,3720.8000,3720.2000,3720.0000,3719.6000,3718.8000,3721.0000,3721.8000,3723.2000,3723.4000,3723.8000,3,1,1,5,3,1,2,3,2,1
SF,IF2005,2020-04-13 13:48:32.100,3721.0000,11678,1,6005564940.000,1,1,0,双开,B,3720.8000,3720.2000,3720.0000,3719.6000,3718.8000,3721.8000,3723.2000,3723.4000,3723.8000,3724.0000,3,1,1,5,3,2,3,2,1,2
SF,IF2005,2020-04-13 13:48:33.600,3721.0000,11678,0,6005564940.000,0,-,-,-,-,3720.8000,3720.2000,3720.0000,3719.6000,3718.8000,3721.6000,3721.8000,3723.2000,3723.4000,3723.8000,3,1,1,5,3,1,2,3,2,1
SF,IF2005,2020-04-13 13:48:40.100,3721.0000,11678,0,6005564940.000,0,-,-,-,-,3720.8000,3720.2000,3720.0000,3719.6000,3718.8000,3721.8000,3723.2000,3723.4000,3723.8000,3724.0000,3,1,1,5,3,2,3,2,1,2
SF,IF2005,2020-04-13 13:48:40.600,3721.0000,11678,0,6005564940.000,0,-,-,-,-,3720.8000,3720.2000,3720.0000,3719.6000,3718.8000,3721.8000,3723.2000,3723.4000,3723.8000,3724.0000,3,1,1,5,3,2,3,2,1,2
SF,IF2005,2020-04-13 13:48:42.100,3721.0000,11678,0,6005564940.000,0,-,-,-,-,3720.8000,3720.2000,3720.0000,3719.6000,3718.8000,3721.6000,3721.8000,3723.2000,3723.4000,3723.8000,3,1,1,5,3,1,2,3,2,1
SF,IF2005,2020-04-13 13:48:42.600,3721.0000,11678,0,6005564940.000,0,-,-,-,-,3720.8000,3720.2000,3720.0000,3719.6000,3718.8000,3721.6000,3721.8000,3723.2000,3723.4000,3723.8000,3,1,1,5,3,2,2,3,2,1
SF,IF2005,2020-04-13 13:48:43.100,3720.8000,11679,1,6006681180.000,1,1,0,双开,B,3720.8000,3720.2000,3720.0000,3719.6000,3718.8000,3721.6000,3721.8000,3723.2000,3723.4000,3723.8000,2,1,1,5,3,2,2,3,2,1
SF,IF2005,2020-04-13 13:48:45.100,3720.8000,11679,0,6006681180.000,0,-,-,-,-,3720.8000,3720.2000,3720.0000,3719.6000,3718.8000,3721.6000,3721.8000,3723.2000,3723.4000,3723.8000,2,1,1,5,3,2,2,3,2,1
SF,IF2005,2020-04-13 13:48:45.600,3720.8000,11679,0,6006681180.000,0,-,-,-,-,3720.8000,3720.2000,3720.0000,3719.6000,3718.8000,3721.4000,3721.6000,3723.0000,3723.2000,3723.4000,2,1,1,5,3,2,2,2,3,2
SF,IF2005,2020-04-13 13:48:46.100,3720.8000,11679,0,6006681180.000,0,-,-,-,-,3720.8000,3720.2000,3720.0000,3719.6000,3718.8000,3721.4000,3721.6000,3723.0000,3723.2000,3723.4000,1,1,1,5,3,8,2,2,3,2
SF,IF2005,2020-04-13 13:48:46.600,3720.8000,11679,0,6006681180.000,0,-,-,-,-,3720.8000,3720.2000,3720.0000,3719.6000,3718.8000,3721.4000,3721.6000,3723.0000,3723.2000,3723.4000,1,1,1,5,3,3,2,2,3,2
SF,IF2005,2020-04-13 13:48:47.100,3720.8000,11679,0,6006681180.000,0,-,-,-,-,3720.8000,3720.2000,3720.0000,3719.6000,3718.8000,3721.4000,3721.6000,3723.0000,3723.2000,3723.4000,1,1,1,3,3,3,2,2,3,2
SF,IF2005,2020-04-13 13:48:47.600,3720.8000,11679,0,6006681180.000,0,-,-,-,-,3720.8000,3720.2000,3720.0000,3719.6000,3718.8000,3721.2000,3721.4000,3721.6000,3723.0000,3723.2000,1,1,1,3,3,2,3,2,2,3
SF,IF2005,2020-04-13 13:48:48.100,3721.2000,11679,0,6007797540.000,1,0,1,空换,B,3720.8000,3720.2000,3720.0000,3719.6000,3718.8000,3721.4000,3721.6000,3723.0000,3723.2000,3723.4000,1,1,1,3,3,3,2,2,3,2
SF,IF2005,2020-04-13 13:48:48.600,3721.2000,11679,0,6007797540.000,0,-,-,-,-,3720.8000,3720.2000,3720.0000,3719.6000,3718.8000,3721.4000,3721.6000,3723.0000,3723.2000,3723.4000,1,1,1,3,3,1,1,2,3,2
SF,IF2005,2020-04-13 13:48:49.100,3721.2000,11679,0,6007797540.000,0,-,-,-,-,3720.8000,3720.2000,3720.0000,3719.6000,3718.8000,3721.6000,3723.0000,3723.2000,3723.4000,3723.8000,1,1,1,3,3,1,2,3,2,1
SF,IF2005,2020-04-13 13:48:49.600,3721.2000,11679,0,6007797540.000,0,-,-,-,-,3720.8000,3720.2000,3720.0000,3719.6000,3718.8000,3723.0000,3723.2000,3723.4000,3723.8000,3724.8000,1,1,1,3,3,2,3,2,1,1
SF,IF2005,2020-04-13 13:48:50.100,3721.2000,11679,0,6007797540.000,0,-,-,-,-,3721.0000,3720.8000,3720.2000,3720.0000,3719.6000,3722.2000,3722.4000,3722.8000,3723.0000,3723.2000,3,1,1,1,3,3,1,6,3,1
SF,IF2005,2020-04-13 13:48:50.600,3721.2000,11679,0,6007797540.000,0,-,-,-,-,3721.0000,3720.8000,3720.2000,3720.0000,3719.6000,3722.0000,3722.2000,3722.4000,3722.8000,3723.0000,3,1,1,1,3,2,3,1,6,4
SF,IF2005,2020-04-13 13:48:51.100,3721.2000,11679,0,6007797540.000,0,-,-,-,-,3721.0000,3720.8000,3720.2000,3720.0000,3719.6000,3722.0000,3722.2000,3722.4000,3722.8000,3723.0000,3,1,1,1,3,2,3,1,6,3
SF,IF2005,2020-04-13 13:48:51.600,3721.2000,11679,0,6007797540.000,0,-,-,-,-,3721.0000,3720.8000,3720.2000,3720.0000,3719.6000,3721.8000,3722.0000,3722.2000,3722.4000,3722.8000,3,1,1,1,3,1,2,3,1,6
SF,IF2005,2020-04-13 13:48:53.100,3721.2000,11679,0,6007797540.000,0,-,-,-,-,3721.0000,3720.8000,3720.2000,3720.0000,3719.6000,3721.8000,3722.0000,3722.2000,3722.8000,3723.0000,3,1,1,1,3,1,2,3,6,3
SF,IF2005,2020-04-13 13:48:58.600,3721.2000,11679,0,6007797540.000,0,-,-,-,-,3721.0000,3720.8000,3720.2000,3720.0000,3719.6000,3721.8000,3722.0000,3722.2000,3722.8000,3723.0000,3,1,1,1,3,1,2,1,6,3
SF,IF2005,2020-04-13 13:48:59.100,3721.2000,11679,0,6007797540.000,0,-,-,-,-,3720.8000,3720.2000,3720.0000,3719.6000,3718.8000,3721.6000,3721.8000,3722.2000,3722.8000,3723.0000,1,1,1,3,3,2,1,1,6,3
SF,IF2005,2020-04-13 13:49:00.100,3721.2000,11679,0,6007797540.000,0,-,-,-,-,3720.8000,3720.2000,3720.0000,3719.6000,3718.8000,3721.6000,3721.8000,3722.8000,3723.0000,3723.2000,1,1,1,3,3,2,1,6,3,1
SF,IF2005,2020-04-13 13:49:01.100,3721.2000,11679,0,6007797540.000,0,-,-,-,-,3720.8000,3720.2000,3720.0000,3719.0000,3718.8000,3721.6000,3721.8000,3722.8000,3723.0000,3723.2000,1,1,1,3,3,2,1,6,3,1
SF,IF2005,2020-04-13 13:49:04.100,3721.2000,11679,0,6007797540.000,0,-,-,-,-,3721.0000,3720.8000,3720.2000,3720.0000,3719.0000,3721.6000,3721.8000,3722.8000,3723.0000,3723.2000,1,1,1,1,3,2,1,6,3,1
SF,IF2005,2020-04-13 13:49:04.600,3721.2000,11679,0,6007797540.000,0,-,-,-,-,3721.0000,3720.8000,3720.2000,3720.0000,3719.0000,3721.6000,3721.8000,3722.8000,3723.0000,3723.2000,1,1,1,1,3,2,1,6,3,1
SF,IF2005,2020-04-13 13:49:05.100,3721.0000,11679,0,6008913840.000,1,0,1,空换,B,3720.8000,3720.2000,3720.0000,3719.0000,3718.8000,3721.6000,3721.8000,3722.8000,3723.0000,3723.2000,1,1,1,3,3,2,1,6,3,1
SF,IF2005,2020-04-13 13:49:06.600,3721.0000,11679,0,6008913840.000,0,-,-,-,-,3720.8000,3720.2000,3720.0000,3719.0000,3718.8000,3721.6000,3721.8000,3722.8000,3723.0000,3723.2000,1,1,1,3,3,2,1,6,3,1
SF,IF2005,2020-04-13 13:49:07.100,3721.0000,11679,0,6008913840.000,0,-,-,-,-,3720.8000,3720.2000,3720.0000,3719.0000,3718.8000,3721.6000,3721.8000,3722.8000,3723.0000,3723.2000,1,1,1,3,3,2,1,6,3,1
SF,IF2005,2020-04-13 13:49:07.600,3721.0000,11679,0,6008913840.000,0,-,-,-,-,3720.8000,3720.2000,3720.0000,3719.0000,3718.8000,3721.4000,3721.6000,3721.8000,3722.8000,3723.0000,1,1,1,3,3,2,2,1,6,3
SF,IF2005,2020-04-13 13:49:08.100,3720.8000,11680,1,6010030080.000,1,1,0,双开,B,3720.2000,3720.0000,3719.0000,3718.8000,3718.4000,3720.6000,3720.8000,3721.2000,3721.4000,3721.8000,1,1,3,3,2,1,1,2,8,1
SF,IF2005,2020-04-13 13:49:08.600,3720.8000,11681,1,6011146320.000,1,1,0,双开,B,3721.0000,3720.2000,3720.0000,3719.0000,3718.8000,3721.2000,3721.4000,3721.8000,3722.8000,3723.0000,1,1,1,3,3,7,5,1,6,3
SF,IF2005,2020-04-13 13:49:09.100,3721.0000,11682,1,6012262620.000,1,1,0,双开,B,3720.2000,3720.0000,3719.0000,3718.8000,3718.4000,3720.8000,3721.2000,3721.4000,3721.8000,3722.8000,1,1,3,3,2,1,2,5,1,6
SF,IF2005,2020-04-13 13:49:09.600,3721.0000,11682,0,6012262620.000,0,-,-,-,-,3720.2000,3720.0000,3719.0000,3718.8000,3718.4000,3721.2000,3721.4000,3721.8000,3722.8000,3723.0000,1,1,3,3,2,2,5,1,6,3
SF,IF2005,2020-04-13 13:49:11.600,3720.2000,11683,1,6013378680.000,1,1,0,双开,B,3720.0000,3719.0000,3718.8000,3718.4000,3718.0000,3721.2000,3721.4000,3721.8000,3722.8000,3723.0000,1,3,3,2,10,2,5,1,6,3
SF,IF2005,2020-04-13 13:49:12.100,3720.2000,11683,0,6013378680.000,0,-,-,-,-,3720.2000,3720.0000,3719.0000,3718.8000,3718.4000,3721.2000,3721.4000,3721.8000,3722.8000,3723.0000,2,1,3,3,2,2,5,1,6,3
SF,IF2005,2020-04-13 13:49:16.600,3720.2000,11683,0,6013378680.000,0,-,-,-,-,3720.4000,3720.2000,3720.0000,3719.0000,3718.8000,3721.2000,3721.4000,3721.8000,3722.8000,3723.0000,1,2,1,3,3,2,5,1,6,3
SF,IF2005,2020-04-13 13:49:17.100,3720.4000,11684,1,6014494800.000,1,1,0,双开,B,3720.2000,3720.0000,3719.0000,3718.8000,3718.4000,3721.2000,3721.4000,3721.8000,3722.8000,3723.0000,2,1,3,3,2,2,5,1,6,3
SF,IF2005,2020-04-13 13:49:17.600,3720.4000,11684,0,6014494800.000,0,-,-,-,-,3720.0000,3719.0000,3718.8000,3718.4000,3718.0000,3721.2000,3721.4000,3721.8000,3722.8000,3723.0000,1,3,3,2,10,2,5,1,6,3
SF,IF2005,2020-04-13 13:49:18.100,3720.4000,11684,0,6014494800.000,0,-,-,-,-,3720.0000,3719.0000,3718.8000,3718.4000,3718.0000,3720.8000,3721.0000,3721.2000,3721.4000,3721.8000,1,3,2,2,10,5,3,2,4,1
SF,IF2005,2020-04-13 13:49:18.600,3720.4000,11684,0,6014494800.000,0,-,-,-,-,3720.0000,3719.0000,3718.8000,3718.4000,3718.0000,3720.6000,3720.8000,3721.0000,3721.4000,3721.8000,1,3,2,2,10,4,5,1,4,1
SF,IF2005,2020-04-13 13:49:19.100,3720.4000,11684,0,6014494800.000,0,-,-,-,-,3720.0000,3719.0000,3718.8000,3718.4000,3718.0000,3720.4000,3720.6000,3720.8000,3721.4000,3721.8000,1,3,1,2,10,1,5,5,4,1
SF,IF2005,2020-04-13 13:49:19.600,3720.4000,11684,0,6014494800.000,0,-,-,-,-,3720.0000,3719.0000,3718.8000,3718.4000,3718.0000,3720.6000,3720.8000,3721.4000,3721.8000,3722.8000,1,3,1,2,10,5,5,4,3,6
SF,IF2005,2020-04-13 13:49:22.100,3720.0000,11685,1,6015610800.000,1,1,0,双开,B,3719.0000,3718.8000,3718.4000,3718.0000,3717.4000,3720.6000,3720.8000,3721.4000,3721.8000,3722.8000,3,1,2,10,2,5,5,4,3,6
SF,IF2005,2020-04-13 13:49:22.600,3720.0000,11685,0,6015610800.000,0,-,-,-,-,3719.4000,3719.2000,3719.0000,3718.8000,3718.4000,3720.6000,3720.8000,3721.4000,3721.8000,3722.8000,1,5,3,1,2,5,5,4,3,6
SF,IF2005,2020-04-13 13:49:24.100,3720.0000,11685,0,6015610800.000,0,-,-,-,-,3719.4000,3719.2000,3719.0000,3718.8000,3718.4000,3720.6000,3721.4000,3721.8000,3722.8000,3723.0000,1,5,3,1,2,5,4,3,6,1
SF,IF2005,2020-04-13 13:49:24.600,3719.6000,11686,1,6016726680.000,1,1,0,双开,B,3719.6000,3719.4000,3719.2000,3719.0000,3718.8000,3720.6000,3721.4000,3721.8000,3722.8000,3723.0000,2,1,2,3,1,5,4,3,5,1
SF,IF2005,2020-04-13 13:49:25.600,3719.6000,11686,0,6016726680.000,0,-,-,-,-,3719.6000,3719.4000,3719.2000,3719.0000,3718.8000,3720.6000,3721.4000,3721.8000,3722.8000,3723.0000,2,1,1,3,1,5,4,3,5,1
SF,IF2005,2020-04-13 13:49:26.100,3719.6000,11687,1,6017842560.000,1,1,0,双开,B,3719.6000,3719.4000,3719.2000,3719.0000,3718.8000,3720.6000,3721.4000,3721.8000,3722.8000,3723.0000,1,1,1,3,1,5,4,3,5,1
SF,IF2005,2020-04-13 13:49:27.100,3719.6000,11687,0,6017842560.000,0,-,-,-,-,3719.6000,3719.4000,3719.2000,3719.0000,3718.8000,3720.6000,3721.4000,3721.8000,3722.8000,3723.0000,2,1,1,3,1,5,4,3,5,1
SF,IF2005,2020-04-13 13:49:28.100,3719.6000,11688,1,6018958440.000,1,1,0,双开,B,3719.6000,3719.4000,3719.2000,3719.0000,3718.8000,3720.6000,3721.4000,3721.8000,3722.8000,3723.0000,1,1,1,3,1,5,4,3,5,1
SF,IF2005,2020-04-13 13:49:30.100,3719.6000,11688,0,6018958440.000,0,-,-,-,-,3719.4000,3719.2000,3718.8000,3718.4000,3718.0000,3720.6000,3721.4000,3721.8000,3722.8000,3723.0000,1,1,1,2,10,5,4,3,5,1
SF,IF2005,2020-04-13 13:49:31.100,3719.6000,11688,0,6018958440.000,0,-,-,-,-,3719.4000,3719.2000,3718.8000,3718.4000,3718.0000,3720.6000,3721.4000,3721.8000,3722.8000,3723.0000,1,1,1,2,6,5,4,3,5,1
SF,IF2005,2020-04-13 13:49:31.600,3719.6000,11688,0,6018958440.000,0,-,-,-,-,3719.4000,3719.2000,3718.8000,3718.4000,3718.0000,3720.0000,3720.6000,3721.4000,3721.8000,3722.8000,1,1,1,2,6,1,5,4,3,5
SF,IF2005,2020-04-13 13:49:32.100,3719.6000,11688,0,6018958440.000,0,-,-,-,-,3719.4000,3719.2000,3718.8000,3718.4000,3718.0000,3720.0000,3720.6000,3721.8000,3722.8000,3723.0000,1,1,1,2,6,1,5,3,5,1
SF,IF2005,2020-04-13 13:49:36.600,3720.0000,11688,0,6020074440.000,1,0,1,空换,B,3719.4000,3719.2000,3718.8000,3718.4000,3718.0000,3720.6000,3721.8000,3722.8000,3723.0000,3723.2000,1,1,1,2,6,5,3,5,1,1
SF,IF2005,2020-04-13 13:49:39.600,3720.0000,11688,0,6020074440.000,0,-,-,-,-,3719.4000,3719.2000,3718.8000,3718.4000,3718.0000,3720.6000,3721.8000,3722.8000,3723.0000,3723.2000,1,1,1,5,6,5,3,5,1,1
SF,IF2005,2020-04-13 13:49:44.100,3720.0000,11688,0,6020074440.000,0,-,-,-,-,3719.4000,3719.2000,3718.8000,3718.4000,3718.0000,3720.2000,3720.6000,3721.8000,3722.8000,3723.0000,1,1,1,2,6,1,5,3,5,1
SF,IF2005,2020-04-13 13:49:46.100,3720.0000,11688,0,6020074440.000,0,-,-,-,-,3718.8000,3718.4000,3718.0000,3717.6000,3717.4000,3719.4000,3720.2000,3720.6000,3721.8000,3722.8000,1,2,6,3,2,1,1,4,3,5
SF,IF2005,2020-04-13 13:49:46.600,3719.4000,11688,0,6021190260.000,1,0,1,空换,B,3719.8000,3719.0000,3718.8000,3718.4000,3718.0000,3720.2000,3720.6000,3721.8000,3722.8000,3723.0000,1,1,1,2,6,1,3,3,5,1
SF,IF2005,2020-04-13 13:49:47.100,3719.4000,11688,0,6021190260.000,0,-,-,-,-,3719.8000,3719.0000,3718.8000,3718.4000,3718.0000,3720.2000,3720.6000,3721.8000,3722.8000,3723.0000,1,1,1,2,6,1,3,3,5,1
SF,IF2005,2020-04-13 13:49:49.100,3719.4000,11688,0,6021190260.000,0,-,-,-,-,3719.8000,3719.0000,3718.8000,3718.4000,3718.0000,3720.2000,3720.6000,3721.8000,3722.8000,3723.0000,1,1,1,2,6,1,3,3,5,1
SF,IF2005,2020-04-13 13:49:49.600,3719.4000,11688,0,6021190260.000,0,-,-,-,-,3719.8000,3719.0000,3718.8000,3718.4000,3718.0000,3720.2000,3720.6000,3721.8000,3722.8000,3723.0000,1,1,1,2,6,1,3,3,5,1
SF,IF2005,2020-04-13 13:49:50.600,3719.4000,11688,0,6021190260.000,0,-,-,-,-,3719.8000,3719.0000,3718.8000,3718.4000,3718.0000,3720.2000,3720.6000,3721.8000,3722.8000,3723.0000,1,1,1,2,6,2,3,3,5,1
SF,IF2005,2020-04-13 13:49:51.100,3719.8000,11689,1,6022306200.000,1,1,0,双开,B,3719.0000,3718.8000,3718.4000,3718.0000,3717.6000,3720.2000,3720.6000,3721.8000,3722.8000,3723.0000,1,1,2,6,3,2,3,3,5,1
SF,IF2005,2020-04-13 13:49:51.600,3719.8000,11689,0,6022306200.000,0,-,-,-,-,3719.0000,3718.8000,3718.4000,3718.0000,3717.6000,3720.0000,3720.2000,3720.6000,3721.8000,3722.8000,1,1,2,6,3,2,1,1,3,5
SF,IF2005,2020-04-13 13:49:52.100,3719.8000,11689,0,6022306200.000,0,-,-,-,-,3719.0000,3718.8000,3718.4000,3718.0000,3717.6000,3720.0000,3720.2000,3720.6000,3721.8000,3722.8000,1,1,2,7,3,2,1,1,3,5
SF,IF2005,2020-04-13 13:49:52.600,3719.8000,11689,0,6022306200.000,0,-,-,-,-,3719.0000,3718.8000,3718.0000,3717.6000,3717.4000,3720.0000,3720.2000,3720.6000,3721.8000,3722.8000,1,1,7,3,2,2,1,1,3,5
SF,IF2005,2020-04-13 13:49:53.100,3719.8000,11689,0,6022306200.000,0,-,-,-,-,3719.2000,3719.0000,3718.8000,3718.0000,3717.6000,3720.0000,3720.2000,3720.6000,3721.8000,3722.8000,1,1,1,7,3,2,1,1,3,5
SF,IF2005,2020-04-13 13:49:53.600,3719.8000,11689,0,6022306200.000,0,-,-,-,-,3719.4000,3719.2000,3718.8000,3718.0000,3717.6000,3720.0000,3720.2000,3720.6000,3721.8000,3722.8000,1,1,1,7,3,2,1,1,3,5
SF,IF2005,2020-04-13 13:49:54.600,3719.8000,11689,0,6022306200.000,0,-,-,-,-,3719.4000,3719.2000,3718.8000,3718.0000,3717.6000,3720.0000,3720.2000,3720.6000,3721.8000,3722.8000,1,1,1,7,3,2,1,1,3,5
SF,IF2005,2020-04-13 13:49:55.100,3719.8000,11689,0,6022306200.000,0,-,-,-,-,3719.4000,3719.2000,3718.8000,3718.0000,3717.6000,3720.0000,3720.2000,3720.6000,3721.8000,3722.8000,1,1,1,7,3,2,1,1,3,5
SF,IF2005,2020-04-13 13:49:55.600,3719.8000,11689,0,6022306200.000,0,-,-,-,-,3719.4000,3719.2000,3718.8000,3718.0000,3717.6000,3720.0000,3720.2000,3720.6000,3721.8000,3722.8000,1,1,1,7,3,3,1,1,3,5
SF,IF2005,2020-04-13 13:49:56.600,3720.0000,11690,1,6023422200.000,1,1,0,双开,B,3719.4000,3719.2000,3718.8000,3718.0000,3717.6000,3720.0000,3720.2000,3720.6000,3721.8000,3722.8000,1,1,1,7,3,1,1,1,3,5
SF,IF2005,2020-04-13 13:49:57.100,3720.0000,11690,0,6023422200.000,0,-,-,-,-,3719.4000,3719.2000,3718.8000,3718.0000,3717.6000,3720.0000,3720.2000,3720.6000,3721.8000,3722.8000,1,1,1,7,3,1,1,1,3,5
SF,IF2005,2020-04-13 13:49:57.600,3720.0000,11690,0,6023422200.000,0,-,-,-,-,3719.2000,3718.8000,3718.0000,3717.6000,3717.4000,3720.0000,3720.2000,3720.6000,3721.8000,3722.8000,1,1,7,3,2,1,1,1,3,5
SF,IF2005,2020-04-13 13:49:58.100,3720.0000,11690,0,6023422200.000,0,-,-,-,-,3719.4000,3718.8000,3718.0000,3717.6000,3717.4000,3720.0000,3720.2000,3720.6000,3721.8000,3722.8000,1,1,7,3,2,1,1,1,3,5
SF,IF2005,2020-04-13 13:49:58.600,3720.0000,11690,0,6023422200.000,0,-,-,-,-,3719.4000,3718.8000,3718.0000,3717.6000,3717.4000,3720.0000,3720.2000,3720.6000,3721.8000,3722.8000,1,1,7,3,2,2,1,1,3,5
SF,IF2005,2020-04-13 13:49:59.100,3720.0000,11690,0,6023422200.000,0,-,-,-,-,3719.4000,3718.8000,3718.0000,3717.6000,3717.4000,3720.0000,3720.2000,3720.6000,3721.8000,3722.8000,1,1,7,3,2,1,1,1,3,5
SF,IF2005,2020-04-13 13:49:59.600,3720.0000,11690,0,6023422200.000,0,-,-,-,-,3719.4000,3718.8000,3718.0000,3717.6000,3717.4000,3720.0000,3720.2000,3720.6000,3721.8000,3722.8000,1,1,7,3,2,2,1,1,3,5
SF,IF2005,2020-04-13 13:50:00.100,3720.0000,11690,0,6023422200.000,0,-,-,-,-,3718.8000,3718.0000,3717.6000,3717.4000,3717.2000,3720.0000,3720.2000,3720.6000,3721.8000,3722.8000,1,7,3,2,2,2,1,1,3,5
SF,IF2005,2020-04-13 13:50:00.600,3720.0000,11690,0,6023422200.000,0,-,-,-,-,3719.0000,3718.8000,3718.0000,3717.6000,3717.4000,3720.0000,3720.2000,3721.8000,3722.8000,3723.0000,1,1,7,3,2,2,1,3,5,1
SF,IF2005,2020-04-13 13:50:01.100,3720.0000,11690,0,6023422200.000,0,-,-,-,-,3719.0000,3718.8000,3718.0000,3717.6000,3717.4000,3719.8000,3720.0000,3720.2000,3721.8000,3722.8000,1,1,7,3,2,1,2,1,3,5
SF,IF2005,2020-04-13 13:50:02.600,3720.0000,11690,0,6023422200.000,0,-,-,-,-,3719.0000,3718.8000,3718.0000,3717.6000,3717.4000,3719.8000,3720.0000,3720.2000,3721.8000,3722.8000,1,1,6,3,2,1,2,1,3,5
SF,IF2005,2020-04-13 13:50:04.100,3720.0000,11690,0,6023422200.000,0,-,-,-,-,3719.0000,3718.8000,3718.0000,3717.6000,3717.4000,3719.8000,3720.0000,3720.2000,3721.8000,3722.8000,1,1,6,3,2,1,2,1,2,5
SF,IF2005,2020-04-13 13:50:09.100,3720.0000,11692,2,6025654200.000,2,2,0,双开,B,3719.0000,3718.8000,3718.0000,3717.6000,3717.4000,3720.0000,3720.2000,3721.8000,3722.8000,3723.0000,1,1,6,3,2,1,1,2,5,1
SF,IF2005,2020-04-13 13:50:09.600,3720.0000,11693,1,6026770200.000,1,1,0,双开,B,3719.2000,3719.0000,3718.8000,3718.0000,3717.6000,3720.2000,3721.8000,3722.8000,3723.0000,3723.2000,2,1,1,6,3,1,2,5,1,1
SF,IF2005,2020-04-13 13:50:10.100,3720.0000,11693,0,6026770200.000,0,-,-,-,-,3719.2000,3719.0000,3718.8000,3718.0000,3717.4000,3720.2000,3721.8000,3722.8000,3723.0000,3723.2000,2,1,1,6,2,1,2,5,1,1
SF,IF2005,2020-04-13 13:50:12.100,3719.2000,11694,1,6027885960.000,1,1,0,双开,B,3719.2000,3718.8000,3718.0000,3717.4000,3717.2000,3720.0000,3720.2000,3721.8000,3722.8000,3723.0000,1,1,6,2,2,2,1,2,5,1
SF,IF2005,2020-04-13 13:50:12.600,3719.2000,11694,0,6027885960.000,0,-,-,-,-,3718.8000,3718.0000,3717.4000,3717.2000,3717.0000,3719.2000,3719.8000,3720.0000,3720.2000,3721.8000,1,6,2,2,4,1,2,2,1,2
SF,IF2005,2020-04-13 13:50:13.100,3719.2000,11695,1,6029001720.000,1,1,0,双开,B,3719.2000,3718.8000,3718.0000,3717.4000,3717.2000,3719.8000,3720.0000,3720.2000,3721.8000,3722.8000,1,1,6,2,2,2,2,1,2,5
SF,IF2005,2020-04-13 13:50:13.600,3719.2000,11695,0,6029001720.000,0,-,-,-,-,3718.8000,3718.0000,3717.4000,3717.2000,3717.0000,3719.8000,3720.0000,3720.2000,3721.8000,3722.8000,1,6,2,2,4,2,2,1,2,5
SF,IF2005,2020-04-13 13:50:14.100,3719.8000,11697,2,6031233600.000,2,2,0,双开,B,3719.0000,3718.8000,3718.0000,3717.4000,3717.2000,3720.0000,3720.2000,3721.8000,3722.8000,3723.0000,1,1,6,2,2,2,1,2,5,1
SF,IF2005,2020-04-13 13:50:14.600,3719.8000,11697,0,6031233600.000,0,-,-,-,-,3718.8000,3718.0000,3717.4000,3717.2000,3717.0000,3720.0000,3720.2000,3721.8000,3722.8000,3723.0000,1,6,2,2,4,2,1,2,5,1
SF,IF2005,2020-04-13 13:50:15.100,3719.8000,11698,1,6032349540.000,1,1,0,双开,B,3719.0000,3718.8000,3718.0000,3717.4000,3717.2000,3719.8000,3720.0000,3720.2000,3721.8000,3722.8000,3,1,6,2,2,1,2,1,2,5
SF,IF2005,2020-04-13 13:50:15.600,3719.8000,11698,0,6032349540.000,0,-,-,-,-,3719.0000,3718.8000,3718.0000,3717.4000,3717.2000,3720.0000,3720.2000,3721.8000,3722.8000,3723.0000,3,1,6,2,2,2,1,2,5,1
SF,IF2005,2020-04-13 13:50:16.100,3719.8000,11698,0,6032349540.000,0,-,-,-,-,3719.0000,3718.8000,3718.0000,3717.4000,3717.2000,3720.0000,3720.2000,3721.8000,3722.8000,3723.0000,4,1,6,2,2,2,1,2,5,1
SF,IF2005,2020-04-13 13:50:17.600,3719.0000,11699,1,6033465240.000,1,1,0,双开,B,3719.2000,3719.0000,3718.8000,3718.0000,3717.4000,3720.0000,3720.2000,3721.8000,3722.8000,3723.0000,1,3,1,6,2,2,1,2,5,1
SF,IF2005,2020-04-13 13:50:18.100,3719.0000,11699,0,6033465240.000,0,-,-,-,-,3719.0000,3718.8000,3718.0000,3717.4000,3717.2000,3720.0000,3720.2000,3721.8000,3722.8000,3723.0000,2,1,6,2,2,2,1,2,5,1
SF,IF2005,2020-04-13 13:50:18.600,3719.0000,11699,0,6033465240.000,0,-,-,-,-,3719.0000,3718.8000,3718.0000,3717.4000,3717.2000,3719.8000,3720.0000,3720.2000,3721.8000,3722.8000,2,1,6,2,2,7,2,1,2,5
SF,IF2005,2020-04-13 13:50:19.100,3719.0000,11699,0,6033465240.000,0,-,-,-,-,3719.0000,3718.8000,3718.0000,3717.4000,3717.2000,3719.6000,3719.8000,3720.0000,3720.2000,3721.8000,1,1,6,2,2,6,7,2,1,2
SF,IF2005,2020-04-13 13:50:19.600,3719.6000,11700,1,6034581120.000,1,1,0,双开,B,3719.6000,3719.0000,3718.8000,3718.0000,3717.4000,3719.8000,3720.0000,3720.2000,3721.8000,3722.8000,1,1,1,6,2,2,2,1,2,5
SF,IF2005,2020-04-13 13:50:20.100,3719.8000,11702,2,6036813000.000,2,2,0,双开,B,3719.2000,3719.0000,3718.8000,3718.0000,3717.4000,3720.2000,3721.8000,3722.8000,3723.0000,3723.2000,1,1,1,6,2,1,2,5,1,1
SF,IF2005,2020-04-13 13:50:20.600,3719.8000,11702,0,6036813000.000,0,-,-,-,-,3719.4000,3719.0000,3718.8000,3718.0000,3717.4000,3720.2000,3721.8000,3722.8000,3723.0000,3723.2000,4,1,1,6,2,1,2,5,1,1
SF,IF2005,2020-04-13 13:50:21.100,3719.8000,11702,0,6036813000.000,0,-,-,-,-,3719.4000,3719.0000,3718.8000,3718.0000,3717.4000,3720.2000,3721.8000,3722.8000,3723.0000,3723.2000,5,1,1,6,2,1,2,5,1,1
SF,IF2005,2020-04-13 13:50:21.600,3719.8000,11702,0,6036813000.000,0,-,-,-,-,3719.8000,3719.4000,3719.0000,3718.8000,3718.0000,3720.2000,3721.8000,3722.8000,3723.0000,3723.2000,2,3,1,1,6,1,2,5,1,1
SF,IF2005,2020-04-13 13:50:22.100,3720.2000,11703,1,6037929060.000,1,1,0,双开,B,3719.8000,3719.6000,3719.4000,3719.0000,3718.8000,3721.8000,3722.8000,3723.0000,3723.2000,3723.4000,1,1,3,1,1,2,5,1,1,1
SF,IF2005,2020-04-13 13:50:22.600,3720.2000,11703,0,6037929060.000,0,-,-,-,-,3720.2000,3720.0000,3719.6000,3719.0000,3718.8000,3721.4000,3721.6000,3721.8000,3722.8000,3723.0000,1,3,1,1,1,1,4,1,5,1
SF,IF2005,2020-04-13 13:50:23.100,3720.2000,11703,0,6037929060.000,0,-,-,-,-,3720.4000,3720.2000,3720.0000,3719.6000,3719.0000,3721.4000,3721.6000,3721.8000,3722.8000,3723.0000,2,1,2,1,1,1,4,1,5,3
SF,IF2005,2020-04-13 13:50:24.100,3720.2000,11703,0,6037929060.000,0,-,-,-,-,3720.4000,3720.2000,3720.0000,3719.6000,3719.0000,3721.4000,3721.6000,3721.8000,3722.8000,3723.0000,2,1,2,1,1,1,3,1,5,3
SF,IF2005,2020-04-13 13:50:24.600,3720.4000,11704,1,6039045180.000,1,1,0,双开,B,3720.4000,3720.2000,3720.0000,3719.6000,3719.0000,3721.4000,3721.6000,3721.8000,3722.8000,3723.0000,1,1,2,1,1,1,3,1,5,3
SF,IF2005,2020-04-13 13:50:25.100,3720.4000,11704,0,6039045180.000,0,-,-,-,-,3720.4000,3720.2000,3720.0000,3719.0000,3718.8000,3721.2000,3721.4000,3721.6000,3721.8000,3722.8000,1,1,2,1,1,2,1,1,1,5
SF,IF2005,2020-04-13 13:50:25.600,3721.2000,11705,1,6040161540.000,1,1,0,双开,B,3720.2000,3720.0000,3719.0000,3718.8000,3718.0000,3721.2000,3721.4000,3721.6000,3721.8000,3722.8000,1,2,1,1,6,1,1,1,1,5
SF,IF2005,2020-04-13 13:50:26.600,3721.2000,11705,0,6040161540.000,0,-,-,-,-,3720.6000,3720.4000,3720.0000,3719.0000,3718.8000,3721.2000,3721.4000,3721.6000,3721.8000,3722.8000,1,1,2,1,1,1,1,1,1,5
SF,IF2005,2020-04-13 13:50:27.100,3721.2000,11705,0,6040161540.000,0,-,-,-,-,3720.6000,3720.4000,3720.0000,3719.0000,3718.8000,3721.4000,3721.6000,3721.8000,3722.8000,3723.0000,1,1,2,1,1,1,1,1,5,3
SF,IF2005,2020-04-13 13:50:28.600,3721.2000,11705,0,6040161540.000,0,-,-,-,-,3720.6000,3720.4000,3720.0000,3719.0000,3718.8000,3721.2000,3721.4000,3721.6000,3721.8000,3722.8000,1,1,2,1,1,1,1,1,1,5
SF,IF2005,2020-04-13 13:50:29.100,3721.2000,11705,0,6040161540.000,0,-,-,-,-,3720.6000,3720.4000,3720.0000,3719.0000,3718.8000,3721.4000,3721.6000,3721.8000,3722.8000,3723.0000,1,1,2,1,1,1,1,1,5,3
SF,IF2005,2020-04-13 13:50:29.600,3721.2000,11705,0,6040161540.000,0,-,-,-,-,3720.6000,3720.4000,3720.0000,3719.0000,3718.8000,3721.4000,3721.6000,3721.8000,3722.8000,3723.0000,1,1,1,1,1,1,1,1,5,3
SF,IF2005,2020-04-13 13:50:30.100,3721.2000,11705,0,6040161540.000,0,-,-,-,-,3720.8000,3720.6000,3720.4000,3720.0000,3719.0000,3721.4000,3721.6000,3721.8000,3722.8000,3723.0000,2,1,1,1,1,1,1,1,5,3
SF,IF2005,2020-04-13 13:50:30.600,3720.8000,11706,1,6041277780.000,1,1,0,双开,B,3720.8000,3720.6000,3720.4000,3720.0000,3719.0000,3721.0000,3721.4000,3721.6000,3721.8000,3722.8000,1,1,1,1,1,2,1,1,1,5
SF,IF2005,2020-04-13 13:50:31.100,3721.0000,11708,2,6043510380.000,2,2,0,双开,B,3720.8000,3720.6000,3720.0000,3719.0000,3718.8000,3722.8000,3723.0000,3723.2000,3723.4000,3723.8000,1,1,1,1,1,5,3,1,1,1
SF,IF2005,2020-04-13 13:50:31.600,3721.0000,11708,0,6043510380.000,0,-,-,-,-,3720.8000,3720.6000,3720.0000,3719.0000,3718.8000,3722.0000,3722.2000,3722.4000,3722.6000,3722.8000,1,1,1,1,1,5,1,1,4,6
SF,IF2005,2020-04-13 13:50:32.100,3721.0000,11708,0,6043510380.000,0,-,-,-,-,3720.8000,3720.6000,3720.0000,3719.0000,3718.8000,3721.6000,3721.8000,3722.0000,3722.2000,3722.4000,1,1,1,1,1,5,2,5,2,3
SF,IF2005,2020-04-13 13:50:32.600,3721.0000,11708,0,6043510380.000,0,-,-,-,-,3721.0000,3720.8000,3720.0000,3719.0000,3718.8000,3721.6000,3721.8000,3722.0000,3722.2000,3722.4000,1,1,1,1,1,1,2,5,2,3
SF,IF2005,2020-04-13 13:50:33.100,3721.0000,11708,0,6043510380.000,0,-,-,-,-,3721.0000,3720.8000,3720.0000,3719.0000,3718.8000,3721.8000,3722.0000,3722.2000,3722.4000,3722.6000,1,1,1,1,1,2,5,2,3,2
SF,IF2005,2020-04-13 13:50:34.100,3721.0000,11708,0,6043510380.000,0,-,-,-,-,3721.0000,3720.8000,3720.0000,3719.0000,3718.8000,3721.8000,3722.0000,3722.2000,3722.4000,3722.6000,1,1,1,1,1,2,5,2,3,2
SF,IF2005,2020-04-13 13:50:36.100,3721.0000,11709,1,6044626680.000,1,1,0,双开,B,3720.8000,3720.0000,3719.0000,3718.8000,3718.0000,3721.8000,3722.0000,3722.2000,3722.4000,3722.6000,1,1,1,1,6,2,5,2,2,2
SF,IF2005,2020-04-13 13:50:36.600,3721.0000,11709,0,6044626680.000,0,-,-,-,-,3721.2000,3721.0000,3720.8000,3720.0000,3719.0000,3722.0000,3722.2000,3722.6000,3722.8000,3723.0000,1,1,1,1,1,1,1,2,5,2
SF,IF2005,2020-04-13 13:50:37.100,3721.0000,11709,0,6044626680.000,0,-,-,-,-,3721.2000,3721.0000,3720.8000,3720.0000,3719.0000,3722.0000,3722.2000,3722.6000,3722.8000,3723.0000,1,1,1,1,1,1,1,1,5,2
SF,IF2005,2020-04-13 13:50:37.600,3721.0000,11709,0,6044626680.000,0,-,-,-,-,3721.2000,3721.0000,3720.8000,3720.0000,3719.0000,3721.8000,3722.0000,3722.2000,3722.6000,3722.8000,1,1,1,1,1,2,1,1,1,5
SF,IF2005,2020-04-13 13:50:38.100,3721.0000,11709,0,6044626680.000,0,-,-,-,-,3721.2000,3721.0000,3720.8000,3720.0000,3719.0000,3721.8000,3722.0000,3722.2000,3722.6000,3722.8000,1,1,1,1,1,3,1,1,1,5
SF,IF2005,2020-04-13 13:50:40.600,3721.8000,11710,1,6045743220.000,1,1,0,双开,B,3721.6000,3721.2000,3720.8000,3720.0000,3719.0000,3721.8000,3722.8000,3723.0000,3723.2000,3723.4000,2,1,1,1,1,2,5,2,1,1
SF,IF2005,2020-04-13 13:50:41.100,3721.8000,11712,2,6047976300.000,2,2,0,双开,B,3722.0000,3721.8000,3720.0000,3719.0000,3718.8000,3722.8000,3723.2000,3723.4000,3723.8000,3724.8000,1,3,1,1,1,1,1,1,1,1
SF,IF2005,2020-04-13 13:50:41.600,3722.8000,11712,0,6049093140.000,1,0,1,空换,B,3722.4000,3722.2000,3721.8000,3720.0000,3719.0000,3723.4000,3723.8000,3724.6000,3724.8000,3725.6000,1,4,3,1,1,1,1,2,1,1
SF,IF2005,2020-04-13 13:50:42.100,3722.6000,11713,1,6050209920.000,1,1,0,双开,B,3722.6000,3722.4000,3722.2000,3721.8000,3720.0000,3723.4000,3723.8000,3724.6000,3724.8000,3725.6000,2,1,1,3,1,1,1,2,1,1
SF,IF2005,2020-04-13 13:50:42.600,3722.4000,11715,2,6053560200.000,3,2,1,多开,B,3722.2000,3721.8000,3720.0000,3719.0000,3718.8000,3723.4000,3723.8000,3724.6000,3724.8000,3725.6000,1,3,1,1,1,1,1,2,1,1
SF,IF2005,2020-04-13 13:50:43.100,3722.4000,11715,0,6053560200.000,0,-,-,-,-,3722.2000,3721.8000,3720.0000,3719.0000,3718.8000,3723.0000,3723.2000,3723.4000,3723.8000,3724.6000,1,3,1,1,1,5,3,1,1,2
SF,IF2005,2020-04-13 13:50:43.600,3722.2000,11716,1,6054676860.000,1,1,0,双开,B,3720.0000,3719.0000,3718.8000,3718.0000,3717.4000,3722.6000,3722.8000,3723.0000,3723.2000,3723.4000,1,1,1,6,2,1,2,5,4,1
SF,IF2005,2020-04-13 13:50:44.100,3722.2000,11716,0,6054676860.000,0,-,-,-,-,3721.2000,3721.0000,3720.8000,3720.6000,3720.4000,3722.2000,3722.4000,3722.8000,3723.0000,3723.2000,1,2,1,2,1,1,4,2,5,1
SF,IF2005,2020-04-13 13:50:44.600,3722.4000,11718,2,6056910240.000,2,2,0,双开,B,3721.4000,3721.2000,3721.0000,3720.8000,3720.6000,3722.4000,3722.8000,3723.0000,3723.2000,3723.4000,3,1,1,1,2,2,1,5,1,1
SF,IF2005,2020-04-13 13:50:45.100,3722.4000,11718,0,6056910240.000,0,-,-,-,-,3721.8000,3721.6000,3721.4000,3721.0000,3720.8000,3723.2000,3723.4000,3723.8000,3724.6000,3724.8000,1,3,5,1,1,1,1,1,2,1
SF,IF2005,2020-04-13 13:50:45.600,3722.4000,11718,0,6056910240.000,0,-,-,-,-,3722.0000,3721.8000,3721.6000,3721.4000,3721.2000,3723.0000,3723.2000,3723.4000,3723.8000,3724.6000,5,1,1,2,1,2,1,1,1,2
SF,IF2005,2020-04-13 13:50:46.100,3723.0000,11721,3,6060260940.000,3,3,0,双开,B,3722.2000,3722.0000,3721.6000,3721.4000,3721.2000,3723.4000,3723.8000,3724.6000,3724.8000,3725.6000,1,6,1,1,1,1,1,2,1,1
SF,IF2005,2020-04-13 13:50:46.600,3723.0000,11721,0,6060260940.000,0,-,-,-,-,3722.4000,3722.2000,3722.0000,3721.6000,3721.4000,3723.4000,3723.8000,3724.6000,3724.8000,3725.6000,5,1,1,1,1,1,1,2,1,1
SF,IF2005,2020-04-13 13:50:47.100,3723.4000,11720,-1,6061377960.000,1,0,1,双平,B,3723.4000,3723.0000,3722.8000,3722.6000,3722.4000,3723.8000,3724.8000,3725.6000,3725.8000,3726.4000,2,1,2,1,5,1,1,1,1,3
SF,IF2005,2020-04-13 13:50:47.600,3723.0000,11721,1,6062494860.000,1,1,0,双开,B,3722.8000,3722.6000,3722.4000,3721.6000,3721.4000,3723.0000,3723.8000,3724.8000,3725.6000,3725.8000,1,1,5,1,1,1,1,1,1,1
SF,IF2005,2020-04-13 13:50:48.100,3723.0000,11723,2,6064728480.000,2,2,0,双开,B,3723.0000,3722.4000,3721.6000,3721.4000,3721.2000,3723.2000,3723.4000,3723.6000,3723.8000,3724.8000,1,3,1,1,1,2,6,1,1,1
SF,IF2005,2020-04-13 13:50:48.600,3723.0000,11724,1,6065845380.000,1,1,0,双开,B,3722.4000,3721.6000,3721.4000,3721.2000,3721.0000,3723.0000,3723.4000,3723.6000,3723.8000,3724.6000,2,1,1,1,1,3,6,1,1,2
SF,IF2005,2020-04-13 13:50:49.100,3723.0000,11724,0,6065845380.000,0,-,-,-,-,3721.4000,3721.2000,3721.0000,3720.8000,3720.6000,3723.4000,3723.6000,3723.8000,3724.6000,3724.8000,1,1,1,1,2,6,1,1,2,1
SF,IF2005,2020-04-13 13:50:49.600,3723.0000,11724,0,6065845380.000,0,-,-,-,-,3721.8000,3721.6000,3721.4000,3721.2000,3721.0000,3723.0000,3723.2000,3723.4000,3723.6000,3723.8000,1,5,2,1,1,1,2,6,1,1
SF,IF2005,2020-04-13 13:50:50.100,3723.0000,11724,0,6066962280.000,1,0,1,空换,B,3722.2000,3722.0000,3721.8000,3721.6000,3721.4000,3723.2000,3723.4000,3723.6000,3723.8000,3724.6000,2,5,1,1,2,1,1,1,1,2
SF,IF2005,2020-04-13 13:50:50.600,3723.0000,11724,0,6066962280.000,0,-,-,-,-,3722.4000,3722.2000,3722.0000,3721.8000,3721.6000,3723.4000,3723.8000,3724.6000,3724.8000,3725.6000,3,2,2,1,1,1,1,2,1,1
SF,IF2005,2020-04-13 13:50:51.100,3722.6000,11725,1,6068079060.000,1,1,0,双开,B,3722.6000,3722.4000,3722.0000,3721.8000,3721.6000,3723.8000,3724.6000,3724.8000,3725.6000,3725.8000,1,4,1,1,1,1,2,1,1,1
SF,IF2005,2020-04-13 13:50:51.600,3722.6000,11725,0,6068079060.000,0,-,-,-,-,3722.8000,3722.6000,3722.4000,3722.0000,3721.8000,3723.8000,3724.8000,3725.6000,3725.8000,3726.4000,2,1,2,1,1,1,1,1,1,3
SF,IF2005,2020-04-13 13:50:52.100,3722.6000,11725,0,6068079060.000,0,-,-,-,-,3722.8000,3722.6000,3722.4000,3722.0000,3721.8000,3723.8000,3724.8000,3725.2000,3725.6000,3725.8000,2,1,2,1,1,1,1,2,1,1
SF,IF2005,2020-04-13 13:50:54.100,3722.8000,11726,1,6069195900.000,1,1,0,双开,B,3722.8000,3722.6000,3722.4000,3722.0000,3721.8000,3723.8000,3724.8000,3725.2000,3725.6000,3725.8000,1,1,2,1,1,1,1,2,1,1
SF,IF2005,2020-04-13 13:50:54.600,3722.8000,11726,0,6069195900.000,0,-,-,-,-,3722.8000,3722.6000,3722.4000,3722.0000,3721.8000,3723.8000,3724.8000,3725.2000,3725.6000,3725.8000,1,1,1,2,1,1,1,2,1,1
SF,IF2005,2020-04-13 13:50:55.100,3722.8000,11726,0,6069195900.000,0,-,-,-,-,3722.8000,3722.6000,3722.4000,3722.0000,3721.8000,3723.8000,3724.8000,3725.2000,3725.6000,3725.8000,1,1,1,2,1,1,1,2,1,1
SF,IF2005,2020-04-13 13:50:56.100,3722.8000,11726,0,6069195900.000,0,-,-,-,-,3722.8000,3722.6000,3722.4000,3722.0000,3721.8000,3723.6000,3723.8000,3724.8000,3725.2000,3725.6000,1,1,1,2,1,2,1,1,2,1
SF,IF2005,2020-04-13 13:50:56.600,3722.8000,11726,0,6069195900.000,0,-,-,-,-,3722.8000,3722.4000,3722.0000,3721.8000,3721.6000,3723.0000,3723.6000,3723.8000,3724.8000,3725.2000,1,1,2,1,1,2,3,1,1,2
SF,IF2005,2020-04-13 13:50:57.100,3723.0000,11729,3,6072546540.000,3,3,0,双开,B,3722.4000,3722.0000,3721.8000,3721.6000,3721.4000,3723.6000,3723.8000,3724.8000,3725.2000,3725.6000,1,2,1,1,2,2,1,1,2,1
SF,IF2005,2020-04-13 13:50:57.600,3723.0000,11729,0,6072546540.000,0,-,-,-,-,3722.6000,3722.4000,3722.0000,3721.8000,3721.6000,3723.4000,3723.6000,3723.8000,3724.8000,3725.2000,2,1,2,1,1,3,2,1,1,2
SF,IF2005,2020-04-13 13:50:58.100,3723.0000,11729,0,6072546540.000,0,-,-,-,-,3722.6000,3722.4000,3722.0000,3721.8000,3721.6000,3723.4000,3723.6000,3723.8000,3724.8000,3725.2000,2,1,2,1,1,3,2,1,1,2
SF,IF2005,2020-04-13 13:50:59.600,3723.0000,11729,0,6072546540.000,0,-,-,-,-,3722.6000,3722.4000,3722.2000,3722.0000,3721.8000,3723.4000,3723.6000,3723.8000,3724.8000,3725.2000,2,1,1,2,1,3,2,1,1,2
SF,IF2005,2020-04-13 13:51:00.100,3723.0000,11729,0,6072546540.000,0,-,-,-,-,3722.6000,3722.4000,3722.2000,3722.0000,3721.8000,3723.4000,3723.6000,3723.8000,3724.8000,3725.2000,2,1,1,2,1,1,2,1,1,2
SF,IF2005,2020-04-13 13:51:00.600,3723.0000,11729,0,6072546540.000,0,-,-,-,-,3722.6000,3722.4000,3722.2000,3722.0000,3721.8000,3723.4000,3723.6000,3723.8000,3724.8000,3725.2000,2,1,1,2,1,1,1,1,1,2
SF,IF2005,2020-04-13 13:51:01.600,3723.0000,11729,0,6072546540.000,0,-,-,-,-,3722.6000,3722.4000,3722.2000,3722.0000,3721.8000,3723.0000,3723.6000,3723.8000,3724.8000,3725.2000,2,1,1,2,1,2,1,1,1,2
SF,IF2005,2020-04-13 13:51:02.100,3723.0000,11730,1,6074780340.000,2,1,1,多开,B,3722.6000,3722.4000,3722.2000,3722.0000,3721.8000,3723.6000,3723.8000,3724.8000,3725.2000,3725.6000,2,1,1,2,1,1,1,1,2,1
SF,IF2005,2020-04-13 13:51:04.100,3723.0000,11730,0,6074780340.000,0,-,-,-,-,3722.6000,3722.4000,3722.2000,3722.0000,3721.8000,3723.6000,3723.8000,3724.8000,3725.0000,3725.2000,2,1,1,2,1,1,1,1,1,2
SF,IF2005,2020-04-13 13:51:05.600,3723.0000,11730,0,6074780340.000,0,-,-,-,-,3722.6000,3722.4000,3722.2000,3722.0000,3721.8000,3723.6000,3723.8000,3724.8000,3725.0000,3725.2000,2,1,1,1,1,1,1,1,1,2
SF,IF2005,2020-04-13 13:51:06.100,3723.0000,11730,0,6074780340.000,0,-,-,-,-,3722.6000,3722.4000,3722.2000,3722.0000,3721.8000,3723.0000,3723.6000,3723.8000,3724.8000,3725.0000,2,1,1,1,1,2,1,1,1,1
SF,IF2005,2020-04-13 13:51:06.600,3723.0000,11732,2,6077014140.000,2,2,0,双开,B,3723.0000,3722.6000,3722.4000,3722.2000,3722.0000,3723.6000,3723.8000,3724.8000,3725.0000,3725.2000,1,2,1,1,1,1,1,1,1,2
SF,IF2005,2020-04-13 13:51:07.100,3723.0000,11733,1,6078131040.000,1,1,0,双开,B,3722.6000,3722.4000,3722.2000,3722.0000,3721.8000,3723.6000,3723.8000,3724.8000,3725.0000,3725.2000,2,1,1,1,1,1,1,1,1,2
SF,IF2005,2020-04-13 13:51:07.600,3723.0000,11733,0,6078131040.000,0,-,-,-,-,3723.0000,3722.6000,3722.4000,3722.2000,3722.0000,3723.6000,3723.8000,3724.8000,3725.0000,3725.2000,1,2,1,1,1,1,1,1,1,2
SF,IF2005,2020-04-13 13:51:08.100,3723.0000,11733,0,6078131040.000,0,-,-,-,-,3723.0000,3722.8000,3722.6000,3722.4000,3722.2000,3723.6000,3723.8000,3724.8000,3725.0000,3725.2000,1,1,2,1,1,1,1,1,1,2
SF,IF2005,2020-04-13 13:51:08.600,3723.0000,11733,0,6078131040.000,0,-,-,-,-,3723.0000,3722.8000,3722.6000,3722.4000,3722.2000,3723.8000,3724.8000,3725.0000,3725.2000,3725.6000,1,1,2,1,1,1,1,1,2,1
SF,IF2005,2020-04-13 13:51:09.100,3723.0000,11733,0,6078131040.000,0,-,-,-,-,3723.0000,3722.8000,3722.6000,3722.4000,3722.2000,3723.8000,3724.8000,3725.0000,3725.2000,3725.6000,3,1,2,1,1,1,1,1,2,1
SF,IF2005,2020-04-13 13:51:09.600,3723.0000,11733,0,6078131040.000,0,-,-,-,-,3723.2000,3723.0000,3722.8000,3722.2000,3722.0000,3723.8000,3724.8000,3725.0000,3725.2000,3725.6000,3,3,1,1,1,1,1,1,2,1
SF,IF2005,2020-04-13 13:51:10.100,3723.0000,11733,0,6078131040.000,0,-,-,-,-,3723.2000,3723.0000,3722.8000,3722.2000,3722.0000,3723.8000,3724.8000,3725.0000,3725.2000,3725.6000,2,3,1,1,1,1,1,1,2,1
SF,IF2005,2020-04-13 13:51:10.600,3723.8000,11734,1,6079248180.000,1,1,0,双开,B,3723.2000,3723.0000,3722.8000,3722.2000,3722.0000,3724.8000,3725.0000,3725.2000,3725.6000,3725.8000,2,3,1,1,1,1,1,2,1,1
SF,IF2005,2020-04-13 13:51:11.100,3723.8000,11734,0,6079248180.000,0,-,-,-,-,3723.2000,3723.0000,3722.8000,3722.2000,3722.0000,3724.2000,3724.4000,3724.6000,3724.8000,3725.0000,2,3,1,1,1,1,6,3,1,1
SF,IF2005,2020-04-13 13:51:12.100,3723.8000,11734,0,6079248180.000,0,-,-,-,-,3723.2000,3723.0000,3722.8000,3722.2000,3722.0000,3724.2000,3724.4000,3724.6000,3724.8000,3725.0000,2,3,1,1,1,1,2,3,1,1
SF,IF2005,2020-04-13 13:51:13.100,3723.8000,11734,0,6079248180.000,0,-,-,-,-,3723.2000,3723.0000,3722.8000,3722.2000,3722.0000,3724.0000,3724.2000,3724.4000,3724.6000,3724.8000,2,3,1,1,1,2,1,2,3,1
SF,IF2005,2020-04-13 13:51:13.600,3724.0000,11736,2,6081482580.000,2,2,0,双开,B,3724.0000,3723.2000,3723.0000,3722.8000,3722.2000,3724.2000,3724.4000,3724.6000,3724.8000,3725.0000,1,2,3,1,1,1,2,3,1,1
SF,IF2005,2020-04-13 13:51:14.100,3724.0000,11737,1,6082599780.000,1,1,0,双开,B,3723.2000,3723.0000,3722.8000,3722.2000,3722.0000,3724.0000,3724.4000,3724.6000,3724.8000,3725.0000,2,1,1,1,1,1,2,3,1,1
SF,IF2005,2020-04-13 13:51:14.600,3724.0000,11738,1,6083716980.000,1,1,0,双开,B,3724.0000,3723.2000,3723.0000,3722.8000,3722.2000,3724.4000,3724.6000,3724.8000,3725.0000,3725.6000,2,2,1,1,1,3,3,1,1,1
SF,IF2005,2020-04-13 13:51:15.100,3724.0000,11740,2,6085951380.000,2,2,0,双开,B,3723.2000,3723.0000,3722.8000,3722.2000,3722.0000,3724.4000,3724.6000,3724.8000,3725.0000,3725.6000,2,1,1,1,1,3,3,1,1,1
SF,IF2005,2020-04-13 13:51:16.100,3724.0000,11740,0,6085951380.000,0,-,-,-,-,3723.2000,3723.0000,3722.2000,3722.0000,3721.8000,3724.4000,3724.6000,3724.8000,3725.0000,3725.6000,2,1,1,1,1,3,3,1,1,1
SF,IF2005,2020-04-13 13:51:16.600,3724.0000,11740,0,6085951380.000,0,-,-,-,-,3723.2000,3723.0000,3722.2000,3722.0000,3721.8000,3724.2000,3724.4000,3724.6000,3724.8000,3725.0000,2,1,1,1,1,2,3,1,1,1
SF,IF2005,2020-04-13 13:51:17.100,3724.2000,11741,1,6087068640.000,1,1,0,双开,B,3723.2000,3723.0000,3722.2000,3722.0000,3721.8000,3724.2000,3724.4000,3724.6000,3724.8000,3725.0000,2,1,1,1,1,1,3,1,1,1
SF,IF2005,2020-04-13 13:51:17.600,3724.2000,11741,0,6087068640.000,0,-,-,-,-,3723.2000,3723.0000,3722.2000,3722.0000,3721.8000,3724.4000,3724.6000,3724.8000,3725.0000,3725.6000,2,1,1,1,1,3,1,1,1,1
SF,IF2005,2020-04-13 13:51:20.100,3724.2000,11741,0,6087068640.000,0,-,-,-,-,3723.2000,3723.0000,3722.2000,3722.0000,3721.8000,3724.4000,3724.6000,3724.8000,3725.0000,3725.6000,2,1,1,1,1,3,1,1,3,1
SF,IF2005,2020-04-13 13:51:20.600,3724.2000,11741,0,6087068640.000,0,-,-,-,-,3723.2000,3723.0000,3722.2000,3722.0000,3721.8000,3724.4000,3724.6000,3724.8000,3725.0000,3725.6000,2,1,1,1,1,3,1,1,3,1
SF,IF2005,2020-04-13 13:51:22.600,3724.2000,11741,0,6087068640.000,0,-,-,-,-,3723.2000,3723.0000,3722.2000,3722.0000,3721.8000,3724.0000,3724.4000,3724.6000,3724.8000,3725.0000,2,1,1,1,1,1,2,1,1,3
SF,IF2005,2020-04-13 13:51:23.100,3723.2000,11742,1,6088185600.000,1,1,0,双开,B,3723.2000,3723.0000,3722.2000,3722.0000,3721.8000,3724.0000,3724.2000,3724.4000,3724.6000,3724.8000,1,1,1,1,1,1,5,2,1,1
SF,IF2005,2020-04-13 13:51:23.600,3723.2000,11742,0,6088185600.000,0,-,-,-,-,3723.2000,3723.0000,3722.2000,3722.0000,3721.8000,3724.0000,3724.2000,3724.4000,3724.8000,3725.0000,1,1,1,1,1,1,5,3,1,3
SF,IF2005,2020-04-13 13:51:24.100,3723.2000,11742,0,6088185600.000,0,-,-,-,-,3723.2000,3723.0000,3722.2000,3722.0000,3721.8000,3724.0000,3724.2000,3724.4000,3724.8000,3725.0000,1,1,1,1,1,1,5,3,1,3
SF,IF2005,2020-04-13 13:51:24.600,3723.2000,11742,0,6088185600.000,0,-,-,-,-,3723.2000,3723.0000,3722.2000,3722.0000,3721.8000,3724.0000,3724.4000,3724.8000,3725.0000,3725.6000,1,1,1,1,1,1,3,1,3,1
SF,IF2005,2020-04-13 13:51:26.600,3724.0000,11743,1,6089302800.000,1,1,0,双开,B,3723.2000,3723.0000,3722.2000,3722.0000,3721.8000,3724.4000,3724.8000,3725.0000,3725.6000,3726.2000,1,1,1,1,1,3,1,3,1,2
SF,IF2005,2020-04-13 13:51:27.100,3724.0000,11743,0,6089302800.000,0,-,-,-,-,3723.2000,3723.0000,3722.2000,3722.0000,3721.8000,3724.4000,3724.8000,3725.0000,3725.6000,3726.2000,1,1,1,1,1,3,1,3,1,2
SF,IF2005,2020-04-13 13:51:27.600,3724.0000,11743,0,6089302800.000,0,-,-,-,-,3723.2000,3723.0000,3722.2000,3722.0000,3721.8000,3724.4000,3724.8000,3725.0000,3725.6000,3726.2000,1,1,1,1,1,3,1,3,1,2
SF,IF2005,2020-04-13 13:51:28.100,3724.0000,11743,0,6089302800.000,0,-,-,-,-,3723.2000,3723.0000,3722.2000,3722.0000,3721.8000,3724.2000,3724.4000,3724.8000,3725.0000,3725.6000,1,1,1,1,1,2,3,1,3,1
SF,IF2005,2020-04-13 13:51:28.600,3724.0000,11743,0,6089302800.000,0,-,-,-,-,3723.2000,3723.0000,3722.2000,3722.0000,3721.8000,3724.2000,3724.4000,3724.8000,3725.0000,3725.6000,1,1,1,1,1,2,3,1,3,1
SF,IF2005,2020-04-13 13:51:29.100,3723.2000,11744,1,6090419760.000,1,1,0,双开,B,3723.0000,3722.2000,3722.0000,3721.8000,3721.6000,3724.2000,3724.4000,3724.8000,3725.0000,3725.6000,1,1,1,1,1,2,3,1,3,1
SF,IF2005,2020-04-13 13:51:29.600,3723.2000,11744,0,6090419760.000,0,-,-,-,-,3723.2000,3723.0000,3722.2000,3722.0000,3721.8000,3724.2000,3724.4000,3724.8000,3725.0000,3725.6000,4,1,1,1,1,2,3,1,3,1
SF,IF2005,2020-04-13 13:51:30.100,3723.2000,11744,0,6090419760.000,0,-,-,-,-,3723.2000,3723.0000,3722.2000,3722.0000,3721.8000,3724.2000,3724.4000,3724.8000,3725.0000,3725.6000,4,1,1,1,1,3,3,1,3,1
SF,IF2005,2020-04-13 13:51:30.600,3723.2000,11744,0,6090419760.000,0,-,-,-,-,3723.2000,3723.0000,3722.2000,3722.0000,3721.8000,3724.2000,3724.4000,3724.8000,3725.0000,3725.6000,4,1,1,1,1,2,3,1,3,1
SF,IF2005,2020-04-13 13:51:31.100,3723.2000,11744,0,6090419760.000,0,-,-,-,-,3723.2000,3723.0000,3722.2000,3722.0000,3721.8000,3724.2000,3724.4000,3724.8000,3725.0000,3725.6000,4,1,1,1,1,2,3,1,3,1
SF,IF2005,2020-04-13 13:51:31.600,3723.2000,11744,0,6090419760.000,0,-,-,-,-,3723.2000,3723.0000,3722.2000,3722.0000,3721.8000,3724.2000,3724.4000,3724.8000,3725.0000,3725.6000,4,1,1,1,1,2,3,1,3,1
SF,IF2005,2020-04-13 13:51:32.100,3723.2000,11744,0,6090419760.000,0,-,-,-,-,3723.2000,3723.0000,3722.2000,3722.0000,3721.8000,3724.2000,3724.4000,3724.8000,3725.0000,3725.6000,4,1,1,1,1,3,3,1,3,1
SF,IF2005,2020-04-13 13:51:32.600,3723.2000,11744,0,6090419760.000,0,-,-,-,-,3723.2000,3723.0000,3722.2000,3722.0000,3721.8000,3724.2000,3724.4000,3724.8000,3725.0000,3725.6000,4,1,1,1,1,2,3,1,3,1
SF,IF2005,2020-04-13 13:51:33.100,3723.2000,11744,0,6090419760.000,0,-,-,-,-,3723.6000,3723.2000,3723.0000,3722.2000,3722.0000,3724.2000,3724.4000,3724.8000,3725.0000,3725.6000,5,4,1,1,1,2,3,1,3,1
SF,IF2005,2020-04-13 13:51:33.600,3723.2000,11744,0,6090419760.000,0,-,-,-,-,3723.6000,3723.4000,3723.2000,3723.0000,3722.2000,3724.2000,3724.4000,3724.8000,3725.0000,3725.6000,5,1,4,1,1,2,3,1,3,1
SF,IF2005,2020-04-13 13:51:34.100,3723.2000,11744,0,6090419760.000,0,-,-,-,-,3723.6000,3723.4000,3723.2000,3723.0000,3722.2000,3724.2000,3724.4000,3724.8000,3725.0000,3725.6000,5,2,4,1,1,2,3,1,3,1
SF,IF2005,2020-04-13 13:51:34.600,3723.2000,11744,0,6090419760.000,0,-,-,-,-,3723.6000,3723.4000,3723.2000,3723.0000,3722.2000,3724.0000,3724.2000,3724.4000,3724.8000,3725.0000,5,2,4,1,1,1,2,2,1,3
SF,IF2005,2020-04-13 13:51:35.100,3724.0000,11745,1,6091536960.000,1,1,0,双开,B,3723.6000,3723.4000,3723.2000,3723.0000,3722.2000,3724.2000,3724.4000,3724.8000,3725.0000,3725.6000,5,2,4,1,1,2,2,1,3,1
SF,IF2005,2020-04-13 13:51:35.600,3724.0000,11745,0,6091536960.000,0,-,-,-,-,3723.6000,3723.4000,3723.2000,3722.2000,3722.0000,3724.2000,3724.4000,3724.8000,3725.0000,3725.6000,5,2,4,1,1,2,2,1,3,1
SF,IF2005,2020-04-13 13:51:36.100,3724.0000,11745,0,6091536960.000,0,-,-,-,-,3723.6000,3723.4000,3723.2000,3722.2000,3722.0000,3724.2000,3724.4000,3724.8000,3725.0000,3725.6000,5,2,4,1,1,2,2,1,8,1
SF,IF2005,2020-04-13 13:51:36.600,3724.0000,11745,0,6091536960.000,0,-,-,-,-,3723.6000,3723.4000,3723.2000,3722.2000,3722.0000,3724.2000,3724.4000,3724.8000,3725.0000,3725.6000,5,2,4,1,1,2,2,1,8,1
SF,IF2005,2020-04-13 13:51:37.100,3723.6000,11746,1,6092654040.000,1,1,0,双开,B,3723.6000,3723.4000,3723.2000,3722.2000,3722.0000,3724.2000,3724.4000,3724.8000,3725.0000,3725.6000,4,2,4,1,1,2,2,1,8,1
SF,IF2005,2020-04-13 13:51:37.600,3723.6000,11746,0,6092654040.000,0,-,-,-,-,3723.6000,3723.4000,3723.2000,3722.2000,3722.0000,3724.2000,3724.4000,3724.8000,3725.0000,3725.6000,4,2,4,1,1,2,2,1,8,1
SF,IF2005,2020-04-13 13:51:38.100,3723.6000,11746,0,6092654040.000,0,-,-,-,-,3723.6000,3723.4000,3723.2000,3722.2000,3722.0000,3724.2000,3724.4000,3724.8000,3725.0000,3725.6000,4,2,4,1,1,2,2,1,8,1
SF,IF2005,2020-04-13 13:51:38.600,3723.6000,11748,2,6094888200.000,2,2,0,双开,B,3723.6000,3723.4000,3723.2000,3722.2000,3722.0000,3724.2000,3724.4000,3724.8000,3725.0000,3725.6000,2,1,4,1,1,2,2,1,8,1
SF,IF2005,2020-04-13 13:51:39.100,3723.6000,11750,2,6097122360.000,2,2,0,双开,B,3723.4000,3723.2000,3722.2000,3722.0000,3721.8000,3724.0000,3724.2000,3724.4000,3724.8000,3725.0000,1,4,1,1,1,1,2,2,1,8
SF,IF2005,2020-04-13 13:51:39.600,3723.6000,11750,0,6097122360.000,0,-,-,-,-,3723.4000,3723.2000,3722.2000,3722.0000,3721.8000,3724.0000,3724.2000,3724.4000,3724.8000,3725.0000,1,1,1,1,1,2,2,2,1,8
SF,IF2005,2020-04-13 13:51:40.100,3723.6000,11750,0,6097122360.000,0,-,-,-,-,3723.4000,3723.2000,3722.2000,3722.0000,3721.8000,3724.0000,3724.2000,3724.4000,3724.8000,3725.0000,1,1,1,1,1,1,2,2,1,8
SF,IF2005,2020-04-13 13:51:40.600,3723.6000,11750,0,6097122360.000,0,-,-,-,-,3723.4000,3723.2000,3722.2000,3722.0000,3721.8000,3724.0000,3724.2000,3724.4000,3724.8000,3725.0000,1,1,1,1,1,1,2,2,1,8
SF,IF2005,2020-04-13 13:51:41.100,3723.6000,11750,0,6097122360.000,0,-,-,-,-,3723.4000,3723.2000,3722.2000,3722.0000,3721.8000,3724.0000,3724.2000,3724.4000,3724.8000,3725.0000,1,1,1,1,1,1,2,2,1,8
SF,IF2005,2020-04-13 13:51:41.600,3723.6000,11750,0,6097122360.000,0,-,-,-,-,3723.4000,3723.2000,3722.2000,3722.0000,3721.8000,3724.0000,3724.2000,3724.4000,3724.8000,3725.0000,1,1,1,1,1,1,2,2,1,8
SF,IF2005,2020-04-13 13:51:42.100,3723.6000,11750,0,6097122360.000,0,-,-,-,-,3723.4000,3723.2000,3722.2000,3722.0000,3721.8000,3724.0000,3724.2000,3724.4000,3724.8000,3725.0000,1,1,1,1,1,2,2,2,1,8
SF,IF2005,2020-04-13 13:51:42.600,3724.0000,11751,1,6098239560.000,1,1,0,双开,B,3724.0000,3723.4000,3723.2000,3722.2000,3722.0000,3724.2000,3724.4000,3724.8000,3725.0000,3725.6000,3,1,2,1,1,2,2,1,8,1
SF,IF2005,2020-04-13 13:51:43.100,3723.4000,11755,4,6102708180.000,4,4,0,双开,B,3723.2000,3722.2000,3722.0000,3721.8000,3721.6000,3724.0000,3724.2000,3724.4000,3724.8000,3725.0000,2,1,1,1,1,1,2,2,1,8
SF,IF2005,2020-04-13 13:51:43.600,3723.4000,11755,0,6102708180.000,0,-,-,-,-,3723.8000,3723.4000,3723.2000,3722.2000,3722.0000,3724.0000,3724.4000,3724.8000,3725.0000,3725.6000,1,3,1,1,1,1,2,1,8,1
SF,IF2005,2020-04-13 13:51:44.100,3723.4000,11755,0,6102708180.000,0,-,-,-,-,3723.4000,3723.2000,3722.2000,3722.0000,3721.8000,3724.0000,3724.4000,3724.8000,3725.0000,3725.6000,1,1,1,1,1,1,1,1,8,1
SF,IF2005,2020-04-13 13:51:45.100,3724.0000,11756,1,6103825380.000,1,1,0,双开,B,3723.4000,3723.2000,3722.2000,3722.0000,3721.8000,3724.4000,3724.8000,3725.0000,3725.6000,3726.2000,1,1,1,1,2,1,1,8,1,2
SF,IF2005,2020-04-13 13:51:45.600,3724.0000,11756,0,6103825380.000,0,-,-,-,-,3723.4000,3723.2000,3722.2000,3722.0000,3721.8000,3724.4000,3724.8000,3725.0000,3725.6000,3726.2000,1,1,1,1,2,1,1,8,1,2
SF,IF2005,2020-04-13 13:51:51.100,3724.0000,11756,0,6103825380.000,0,-,-,-,-,3723.4000,3723.2000,3722.2000,3722.0000,3721.8000,3724.0000,3724.4000,3724.8000,3725.0000,3725.6000,1,1,1,1,2,16,1,1,7,1
SF,IF2005,2020-04-13 13:51:52.100,3724.0000,11756,0,6103825380.000,0,-,-,-,-,3723.4000,3723.2000,3722.2000,3722.0000,3721.8000,3724.0000,3724.4000,3724.8000,3725.0000,3725.6000,1,1,1,1,2,16,1,1,2,1
SF,IF2005,2020-04-13 13:51:52.600,3724.0000,11760,4,6108294180.000,4,4,0,双开,B,3723.4000,3723.2000,3722.2000,3722.0000,3721.8000,3724.0000,3724.4000,3724.8000,3725.0000,3725.6000,1,1,1,1,2,12,1,1,2,1
SF,IF2005,2020-04-13 13:51:53.100,3724.0000,11764,4,6117231780.000,8,6,2,多开,B,3723.4000,3723.2000,3722.0000,3721.8000,3721.6000,3724.0000,3724.4000,3724.8000,3725.0000,3725.6000,1,1,1,2,1,4,1,1,2,1
SF,IF2005,2020-04-13 13:51:53.600,3724.0000,11768,4,6121700580.000,4,4,0,双开,B,3724.0000,3723.4000,3723.2000,3722.0000,3721.8000,3724.4000,3724.8000,3725.0000,3725.6000,3726.2000,2,1,1,1,2,1,1,2,1,2
SF,IF2005,2020-04-13 13:51:54.100,3724.0000,11769,1,6122817780.000,1,1,0,双开,B,3724.0000,3723.8000,3723.2000,3722.0000,3721.8000,3725.0000,3725.6000,3726.2000,3726.4000,3726.6000,1,1,1,1,1,2,1,2,3,1
SF,IF2005,2020-04-13 13:51:54.600,3724.0000,11769,0,6122817780.000,0,-,-,-,-,3724.2000,3723.2000,3722.0000,3721.8000,3721.6000,3725.0000,3725.6000,3726.2000,3726.4000,3726.6000,1,1,1,1,1,2,1,2,3,1
SF,IF2005,2020-04-13 13:51:55.100,3724.0000,11769,0,6123934980.000,1,0,1,空换,B,3723.2000,3722.0000,3721.8000,3721.6000,3721.4000,3725.6000,3726.2000,3726.4000,3726.6000,3727.2000,1,1,1,1,2,1,2,3,1,1
SF,IF2005,2020-04-13 13:51:55.600,3724.0000,11769,0,6123934980.000,0,-,-,-,-,3724.6000,3724.0000,3723.8000,3723.6000,3723.4000,3725.4000,3725.6000,3726.2000,3726.4000,3726.6000,1,2,1,2,6,3,1,2,3,1
SF,IF2005,2020-04-13 13:51:56.100,3724.0000,11769,0,6123934980.000,0,-,-,-,-,3724.0000,3723.8000,3723.6000,3723.4000,3723.2000,3724.6000,3725.4000,3725.6000,3726.2000,3726.4000,2,1,2,6,1,1,6,1,2,3
SF,IF2005,2020-04-13 13:51:56.600,3724.6000,11771,2,6126169740.000,2,2,0,双开,B,3724.6000,3724.2000,3724.0000,3723.8000,3723.6000,3725.4000,3725.6000,3726.2000,3726.4000,3726.6000,1,1,1,1,1,6,1,2,3,1
SF,IF2005,2020-04-13 13:51:57.100,3724.6000,11771,0,6126169740.000,0,-,-,-,-,3724.2000,3724.0000,3723.8000,3723.6000,3723.4000,3725.2000,3725.4000,3725.6000,3726.2000,3726.4000,1,1,1,1,6,5,6,1,2,2
SF,IF2005,2020-04-13 13:51:57.600,3724.6000,11771,0,6126169740.000,0,-,-,-,-,3724.4000,3723.6000,3723.4000,3723.2000,3723.0000,3725.4000,3725.6000,3726.4000,3726.6000,3727.2000,3,1,4,1,1,4,1,2,1,1
SF,IF2005,2020-04-13 13:51:58.100,3724.6000,11771,0,6126169740.000,0,-,-,-,-,3724.4000,3723.6000,3723.4000,3723.2000,3723.0000,3725.4000,3725.6000,3726.4000,3726.6000,3727.2000,4,1,3,1,1,1,1,2,1,3
SF,IF2005,2020-04-13 13:51:59.100,3724.6000,11771,0,6126169740.000,0,-,-,-,-,3724.4000,3723.6000,3723.4000,3723.2000,3723.0000,3725.4000,3725.6000,3726.4000,3726.6000,3727.2000,3,1,3,1,1,1,1,2,1,3
SF,IF2005,2020-04-13 13:51:59.600,3724.6000,11771,0,6126169740.000,0,-,-,-,-,3724.4000,3723.6000,3723.4000,3723.2000,3723.0000,3725.4000,3725.6000,3726.4000,3726.6000,3727.2000,3,1,3,1,1,1,1,2,1,3
SF,IF2005,2020-04-13 13:52:00.100,3724.4000,11772,1,6127287060.000,1,1,0,双开,B,3723.6000,3723.4000,3723.2000,3723.0000,3722.4000,3725.2000,3725.4000,3725.6000,3726.4000,3726.6000,1,3,1,1,1,3,1,1,2,1
SF,IF2005,2020-04-13 13:52:00.600,3724.4000,11772,0,6127287060.000,0,-,-,-,-,3724.6000,3724.0000,3723.8000,3723.6000,3723.4000,3725.2000,3725.4000,3725.6000,3726.4000,3726.6000,1,2,5,1,2,3,1,1,2,1
SF,IF2005,2020-04-13 13:52:01.100,3725.2000,11773,1,6128404620.000,1,1,0,双开,B,3724.0000,3723.8000,3723.6000,3723.4000,3723.2000,3725.2000,3725.4000,3725.6000,3726.4000,3726.6000,2,4,1,2,1,2,1,1,2,1
SF,IF2005,2020-04-13 13:52:01.600,3725.4000,11773,0,6130639800.000,2,1,1,空换,B,3724.4000,3724.2000,3724.0000,3723.6000,3723.4000,3725.4000,3725.6000,3726.4000,3726.6000,3727.2000,1,6,1,1,2,1,1,2,1,3
SF,IF2005,2020-04-13 13:52:02.100,3725.4000,11773,0,6130639800.000,0,-,-,-,-,3724.4000,3724.2000,3724.0000,3723.6000,3723.4000,3725.4000,3725.6000,3726.4000,3726.6000,3727.2000,1,5,1,1,2,1,1,2,1,3
SF,IF2005,2020-04-13 13:52:02.600,3725.4000,11773,0,6130639800.000,0,-,-,-,-,3724.6000,3724.4000,3724.2000,3724.0000,3723.6000,3725.4000,3725.6000,3726.4000,3726.6000,3727.2000,2,1,3,1,1,1,1,2,1,3
SF,IF2005,2020-04-13 13:52:03.100,3725.4000,11773,0,6130639800.000,0,-,-,-,-,3724.6000,3724.4000,3724.2000,3724.0000,3723.4000,3725.4000,3725.6000,3726.4000,3726.6000,3727.2000,2,1,3,1,2,1,1,2,1,3
SF,IF2005,2020-04-13 13:52:04.100,3725.4000,11773,0,6130639800.000,0,-,-,-,-,3725.0000,3724.6000,3724.4000,3724.2000,3724.0000,3725.4000,3725.6000,3726.0000,3726.4000,3726.6000,5,2,1,3,1,1,1,2,2,1
SF,IF2005,2020-04-13 13:52:05.600,3725.0000,11774,1,6131757300.000,1,1,0,双开,B,3725.0000,3724.6000,3724.4000,3724.2000,3724.0000,3725.4000,3725.6000,3726.0000,3726.4000,3726.6000,4,2,1,3,1,1,1,2,2,1
SF,IF2005,2020-04-13 13:52:07.100,3725.0000,11774,0,6131757300.000,0,-,-,-,-,3725.0000,3724.6000,3724.4000,3724.2000,3724.0000,3725.4000,3725.6000,3726.0000,3726.4000,3726.6000,4,2,1,2,1,1,1,2,2,1
SF,IF2005,2020-04-13 13:52:07.600,3725.0000,11774,0,6131757300.000,0,-,-,-,-,3725.0000,3724.6000,3724.4000,3724.2000,3724.0000,3725.4000,3725.6000,3726.0000,3726.4000,3727.2000,4,2,1,2,1,1,1,2,2,3
SF,IF2005,2020-04-13 13:52:08.100,3725.0000,11774,0,6131757300.000,0,-,-,-,-,3725.0000,3724.6000,3724.4000,3724.2000,3724.0000,3725.4000,3725.6000,3726.0000,3726.4000,3727.0000,4,2,1,2,1,1,1,2,2,1
SF,IF2005,2020-04-13 13:52:09.100,3725.0000,11775,1,6132874800.000,1,1,0,双开,B,3725.0000,3724.6000,3724.4000,3724.2000,3724.0000,3725.4000,3725.6000,3726.0000,3726.4000,3727.0000,3,2,1,2,1,1,1,2,2,1
SF,IF2005,2020-04-13 13:52:09.600,3725.0000,11775,0,6132874800.000,0,-,-,-,-,3725.0000,3724.6000,3724.4000,3724.2000,3724.0000,3725.4000,3725.6000,3726.0000,3726.4000,3727.0000,5,2,1,2,1,1,1,2,2,1
SF,IF2005,2020-04-13 13:52:10.100,3725.0000,11779,4,6137344800.000,4,4,0,双开,B,3725.0000,3724.6000,3724.4000,3724.2000,3724.0000,3725.2000,3725.4000,3725.6000,3726.0000,3726.4000,1,2,1,2,1,4,1,1,2,2
SF,IF2005,2020-04-13 13:52:10.600,3725.0000,11780,1,6138462300.000,1,1,0,双开,B,3725.0000,3724.6000,3724.4000,3724.2000,3724.0000,3725.4000,3725.6000,3726.0000,3726.4000,3727.0000,1,2,1,2,1,1,1,2,2,1
SF,IF2005,2020-04-13 13:52:11.100,3725.0000,11780,0,6138462300.000,0,-,-,-,-,3725.0000,3724.6000,3724.2000,3723.4000,3723.2000,3725.4000,3725.6000,3726.0000,3726.4000,3727.0000,2,2,2,2,1,1,1,2,2,1
SF,IF2005,2020-04-13 13:52:12.600,3725.0000,11780,0,6138462300.000,0,-,-,-,-,3725.0000,3724.6000,3724.2000,3723.4000,3723.2000,3725.4000,3725.6000,3726.0000,3726.4000,3727.0000,1,2,2,2,1,1,1,2,2,1
SF,IF2005,2020-04-13 13:52:13.100,3725.0000,11780,0,6138462300.000,0,-,-,-,-,3725.0000,3724.6000,3724.2000,3723.4000,3723.2000,3725.4000,3725.6000,3726.0000,3726.4000,3727.0000,1,2,1,2,1,1,1,2,2,1
SF,IF2005,2020-04-13 13:52:14.100,3725.4000,11781,1,6139579920.000,1,1,0,双开,B,3724.6000,3724.2000,3723.4000,3723.2000,3722.4000,3725.6000,3726.0000,3726.4000,3727.0000,3727.2000,3,1,2,1,1,1,2,2,1,3
SF,IF2005,2020-04-13 13:52:14.600,3725.4000,11781,0,6139579920.000,0,-,-,-,-,3724.8000,3724.6000,3724.2000,3723.4000,3723.2000,3725.6000,3726.0000,3726.4000,3727.0000,3727.2000,2,3,1,2,1,1,2,2,1,3
SF,IF2005,2020-04-13 13:52:15.100,3725.4000,11781,0,6139579920.000,0,-,-,-,-,3725.4000,3724.8000,3724.6000,3724.2000,3723.4000,3725.6000,3726.0000,3726.4000,3727.0000,3727.2000,1,2,3,1,2,1,2,2,1,3
SF,IF2005,2020-04-13 13:52:15.600,3725.4000,11782,1,6140697540.000,1,1,0,双开,B,3724.8000,3724.6000,3724.2000,3723.4000,3723.2000,3725.6000,3726.0000,3726.4000,3727.0000,3727.2000,2,3,1,2,1,1,2,2,1,3
SF,IF2005,2020-04-13 13:52:16.100,3725.4000,11782,0,6140697540.000,0,-,-,-,-,3724.8000,3724.6000,3724.2000,3723.4000,3723.2000,3725.4000,3725.6000,3726.0000,3726.4000,3727.0000,2,3,1,2,1,1,1,2,2,1
SF,IF2005,2020-04-13 13:52:16.600,3725.4000,11783,1,6141815160.000,1,1,0,双开,B,3725.4000,3724.8000,3724.6000,3724.2000,3723.4000,3725.6000,3726.0000,3726.4000,3727.0000,3727.2000,1,2,3,1,2,1,2,2,1,3
SF,IF2005,2020-04-13 13:52:17.100,3725.4000,11784,1,6142932780.000,1,1,0,双开,B,3724.8000,3724.6000,3724.2000,3723.4000,3723.2000,3725.6000,3726.0000,3726.4000,3727.0000,3727.2000,2,3,1,2,1,1,2,2,1,3
SF,IF2005,2020-04-13 13:52:20.600,3725.6000,11785,1,6144050460.000,1,1,0,双开,B,3724.8000,3724.6000,3724.2000,3723.4000,3723.2000,3726.0000,3726.4000,3727.0000,3727.2000,3727.6000,2,3,1,2,1,2,2,1,3,1
SF,IF2005,2020-04-13 13:52:21.100,3725.6000,11785,0,6144050460.000,0,-,-,-,-,3725.6000,3725.2000,3725.0000,3724.6000,3723.4000,3726.0000,3726.4000,3727.0000,3727.2000,3727.6000,2,2,6,1,2,2,2,1,1,1
SF,IF2005,2020-04-13 13:52:21.600,3725.6000,11787,2,6147403740.000,3,2,1,多开,B,3725.2000,3725.0000,3724.6000,3723.4000,3723.2000,3726.4000,3727.0000,3727.2000,3727.6000,3727.8000,2,5,1,2,1,2,1,1,1,2
SF,IF2005,2020-04-13 13:52:22.100,3725.6000,11787,0,6147403740.000,0,-,-,-,-,3726.0000,3725.4000,3725.2000,3725.0000,3724.6000,3726.4000,3727.0000,3727.2000,3727.6000,3727.8000,1,2,2,3,1,2,1,1,1,2
SF,IF2005,2020-04-13 13:52:22.600,3725.6000,11787,0,6147403740.000,0,-,-,-,-,3726.0000,3725.4000,3725.0000,3724.6000,3723.4000,3726.4000,3727.0000,3727.2000,3727.6000,3727.8000,1,2,3,1,2,2,1,1,1,2
SF,IF2005,2020-04-13 13:52:23.100,3725.6000,11787,0,6147403740.000,0,-,-,-,-,3725.4000,3725.0000,3724.6000,3723.4000,3723.2000,3726.2000,3726.4000,3727.0000,3727.2000,3727.6000,2,3,1,2,1,5,2,1,1,1
SF,IF2005,2020-04-13 13:52:23.600,3726.2000,11788,1,6148521600.000,1,1,0,双开,B,3725.6000,3725.4000,3725.0000,3724.6000,3723.4000,3726.4000,3727.0000,3727.2000,3727.6000,3727.8000,1,2,1,1,2,2,1,1,1,2
SF,IF2005,2020-04-13 13:52:24.100,3726.2000,11788,0,6148521600.000,0,-,-,-,-,3725.8000,3725.6000,3725.0000,3724.6000,3723.4000,3726.4000,3727.0000,3727.2000,3727.6000,3727.8000,2,2,1,1,2,2,6,1,1,2
SF,IF2005,2020-04-13 13:52:24.600,3726.4000,11786,-2,6150757440.000,2,0,2,双平,B,3726.0000,3725.8000,3724.6000,3723.4000,3723.2000,3727.0000,3727.2000,3727.6000,3729.2000,3729.8000,2,4,1,2,1,6,1,1,4,3
SF,IF2005,2020-04-13 13:52:25.100,3727.0000,11788,2,6154111140.000,3,2,1,多开,B,3725.8000,3724.6000,3723.4000,3723.2000,3722.4000,3727.0000,3727.2000,3727.6000,3729.0000,3729.2000,4,1,2,1,1,5,1,1,2,4
SF,IF2005,2020-04-13 13:52:25.600,3725.8000,11789,1,6155228880.000,1,1,0,双开,B,3725.8000,3724.6000,3723.4000,3723.2000,3722.4000,3726.8000,3727.0000,3727.2000,3727.6000,3729.0000,2,1,2,1,1,7,5,1,1,2
SF,IF2005,2020-04-13 13:52:26.100,3725.8000,11789,0,6155228880.000,0,-,-,-,-,3725.8000,3724.6000,3723.4000,3723.2000,3722.4000,3726.8000,3727.0000,3727.2000,3727.6000,3729.0000,2,1,2,1,1,2,5,1,1,2
SF,IF2005,2020-04-13 13:52:27.600,3725.8000,11789,0,6155228880.000,0,-,-,-,-,3725.8000,3724.6000,3723.4000,3723.2000,3722.4000,3726.8000,3727.0000,3727.2000,3729.0000,3729.2000,2,1,2,1,1,2,5,1,2,4
SF,IF2005,2020-04-13 13:52:28.100,3725.8000,11789,0,6155228880.000,0,-,-,-,-,3725.8000,3724.6000,3724.0000,3723.4000,3723.2000,3726.8000,3727.0000,3727.2000,3728.6000,3729.0000,2,1,1,2,1,2,5,1,1,2
SF,IF2005,2020-04-13 13:52:28.600,3725.8000,11789,0,6155228880.000,0,-,-,-,-,3726.0000,3725.8000,3724.6000,3724.0000,3723.4000,3726.8000,3727.0000,3727.2000,3728.6000,3729.0000,5,2,1,1,2,2,5,1,1,2
SF,IF2005,2020-04-13 13:52:32.600,3725.8000,11789,0,6155228880.000,0,-,-,-,-,3726.0000,3725.8000,3724.6000,3724.0000,3723.4000,3726.8000,3727.0000,3727.2000,3728.6000,3729.0000,5,2,1,1,2,2,5,1,1,2
SF,IF2005,2020-04-13 13:52:33.100,3725.8000,11789,0,6155228880.000,0,-,-,-,-,3726.0000,3725.8000,3724.6000,3724.0000,3723.4000,3727.0000,3727.2000,3728.6000,3729.0000,3729.8000,5,2,1,1,2,5,1,1,2,3
SF,IF2005,2020-04-13 13:52:34.100,3725.8000,11789,0,6155228880.000,0,-,-,-,-,3726.0000,3725.8000,3724.6000,3724.0000,3723.4000,3727.0000,3727.2000,3727.6000,3728.6000,3729.0000,5,2,1,1,2,5,1,1,1,2
SF,IF2005,2020-04-13 13:52:34.600,3725.8000,11789,0,6155228880.000,0,-,-,-,-,3726.0000,3725.8000,3724.6000,3724.0000,3723.4000,3726.8000,3727.0000,3727.2000,3727.6000,3728.6000,5,2,1,1,2,1,5,1,1,1
SF,IF2005,2020-04-13 13:52:36.100,3725.8000,11789,0,6155228880.000,0,-,-,-,-,3726.2000,3726.0000,3725.8000,3724.6000,3724.0000,3727.0000,3727.2000,3727.6000,3728.6000,3729.0000,1,5,1,1,1,5,1,1,1,2
SF,IF2005,2020-04-13 13:52:36.600,3727.0000,11790,1,6156346980.000,1,1,0,双开,B,3726.4000,3726.2000,3726.0000,3724.6000,3724.0000,3727.0000,3727.2000,3727.6000,3728.6000,3729.0000,3,2,5,1,1,4,1,1,1,2
SF,IF2005,2020-04-13 13:52:37.100,3727.0000,11790,0,6156346980.000,0,-,-,-,-,3726.4000,3726.2000,3726.0000,3724.6000,3724.0000,3727.0000,3727.2000,3727.6000,3728.6000,3729.0000,2,2,5,1,1,4,1,1,1,2
SF,IF2005,2020-04-13 13:52:39.600,3727.0000,11792,2,6158583180.000,2,2,0,双开,B,3726.4000,3726.2000,3726.0000,3724.6000,3724.0000,3727.0000,3727.2000,3727.6000,3728.6000,3729.0000,2,2,5,1,1,2,1,1,1,2
SF,IF2005,2020-04-13 13:52:40.100,3727.2000,11794,2,6161937540.000,3,2,1,多开,B,3726.4000,3726.2000,3726.0000,3724.6000,3724.0000,3726.8000,3727.6000,3728.6000,3729.0000,3729.8000,2,2,5,1,1,1,1,1,2,3
SF,IF2005,2020-04-13 13:52:40.600,3726.8000,11795,1,6163055580.000,1,1,0,双开,B,3727.2000,3726.8000,3726.6000,3726.4000,3726.2000,3727.6000,3728.6000,3729.0000,3729.8000,3730.2000,1,4,1,2,2,1,1,2,3,1
SF,IF2005,2020-04-13 13:52:41.100,3727.2000,11796,1,6164173740.000,1,1,0,双开,B,3726.8000,3726.4000,3726.2000,3726.0000,3724.6000,3727.6000,3728.6000,3729.0000,3729.8000,3730.2000,2,2,2,5,1,1,1,2,3,1
SF,IF2005,2020-04-13 13:52:41.600,3727.2000,11796,0,6164173740.000,0,-,-,-,-,3726.8000,3726.4000,3726.2000,3726.0000,3724.6000,3727.6000,3728.6000,3729.0000,3729.8000,3730.2000,2,2,1,5,1,1,1,2,3,1
SF,IF2005,2020-04-13 13:52:44.100,3727.2000,11796,0,6164173740.000,0,-,-,-,-,3726.8000,3726.4000,3726.2000,3726.0000,3724.6000,3727.6000,3728.6000,3729.0000,3729.8000,3730.2000,2,2,1,5,1,1,1,2,3,1
SF,IF2005,2020-04-13 13:52:44.600,3727.2000,11796,0,6164173740.000,0,-,-,-,-,3726.8000,3726.4000,3726.2000,3726.0000,3724.6000,3727.6000,3728.6000,3729.0000,3729.8000,3730.2000,2,2,1,5,1,1,1,2,3,1
SF,IF2005,2020-04-13 13:52:45.100,3727.6000,11796,0,6166410060.000,2,1,1,空换,B,3726.4000,3726.2000,3726.0000,3724.6000,3724.0000,3728.6000,3729.0000,3729.8000,3730.2000,3731.0000,2,1,5,1,1,1,2,3,1,1
SF,IF2005,2020-04-13 13:52:45.600,3727.6000,11796,0,6166410060.000,0,-,-,-,-,3726.8000,3726.6000,3726.4000,3726.0000,3724.6000,3728.2000,3728.4000,3729.0000,3729.6000,3729.8000,2,2,2,5,1,3,4,2,1,3
SF,IF2005,2020-04-13 13:52:46.100,3727.6000,11796,0,6166410060.000,0,-,-,-,-,3727.0000,3726.8000,3726.6000,3726.0000,3724.6000,3728.0000,3728.2000,3728.4000,3729.0000,3729.6000,2,2,2,5,1,6,3,4,2,1
SF,IF2005,2020-04-13 13:52:46.600,3727.0000,11797,1,6167528160.000,1,1,0,双开,B,3727.0000,3726.8000,3726.6000,3724.6000,3724.0000,3727.8000,3728.0000,3728.2000,3728.4000,3729.0000,6,2,2,1,1,5,6,3,4,2
SF,IF2005,2020-04-13 13:52:47.100,3727.0000,11797,0,6167528160.000,0,-,-,-,-,3727.0000,3726.8000,3726.6000,3724.6000,3724.0000,3728.0000,3728.2000,3728.4000,3729.0000,3729.6000,5,2,2,1,1,2,3,4,2,1
SF,IF2005,2020-04-13 13:52:47.600,3727.0000,11797,0,6167528160.000,0,-,-,-,-,3727.0000,3726.8000,3726.6000,3724.6000,3724.0000,3728.0000,3728.2000,3728.4000,3729.0000,3729.6000,5,2,2,1,1,2,3,4,2,1
SF,IF2005,2020-04-13 13:52:48.100,3727.0000,11797,0,6167528160.000,0,-,-,-,-,3727.0000,3726.8000,3726.6000,3724.6000,3724.0000,3728.0000,3728.2000,3728.4000,3729.0000,3729.6000,5,2,2,1,1,2,3,4,2,1
SF,IF2005,2020-04-13 13:52:48.600,3727.0000,11801,4,6172000560.000,4,4,0,双开,B,3727.0000,3726.8000,3726.6000,3724.6000,3724.0000,3728.0000,3728.2000,3728.4000,3729.0000,3729.6000,1,2,2,1,1,2,2,4,2,1
SF,IF2005,2020-04-13 13:52:49.100,3727.0000,11802,1,6173118660.000,1,1,0,双开,B,3726.8000,3726.6000,3724.6000,3724.0000,3723.2000,3727.8000,3728.0000,3728.2000,3728.4000,3729.0000,1,2,1,1,1,1,2,2,4,2
SF,IF2005,2020-04-13 13:52:49.600,3727.0000,11802,0,6173118660.000,0,-,-,-,-,3726.8000,3726.6000,3724.6000,3724.0000,3723.2000,3727.6000,3727.8000,3728.2000,3728.4000,3729.0000,1,2,1,1,1,7,2,1,4,2
SF,IF2005,2020-04-13 13:52:50.100,3727.0000,11802,0,6173118660.000,0,-,-,-,-,3726.6000,3724.6000,3724.0000,3723.2000,3722.4000,3727.6000,3727.8000,3728.2000,3728.4000,3729.0000,1,1,1,1,1,7,2,1,4,2
SF,IF2005,2020-04-13 13:52:50.600,3727.0000,11802,0,6173118660.000,0,-,-,-,-,3724.6000,3724.0000,3723.2000,3722.4000,3720.6000,3727.6000,3727.8000,3728.2000,3728.4000,3729.0000,1,1,1,1,2,7,2,1,4,2
SF,IF2005,2020-04-13 13:52:51.100,3727.0000,11802,0,6173118660.000,0,-,-,-,-,3726.2000,3725.8000,3725.6000,3725.4000,3725.2000,3727.4000,3727.6000,3728.2000,3728.4000,3729.0000,1,1,1,1,2,4,2,1,4,2
SF,IF2005,2020-04-13 13:52:51.600,3727.0000,11802,0,6173118660.000,0,-,-,-,-,3726.2000,3725.8000,3725.4000,3725.2000,3725.0000,3727.2000,3727.4000,3728.2000,3728.4000,3729.0000,1,1,1,2,4,2,7,1,4,2
SF,IF2005,2020-04-13 13:52:52.100,3727.0000,11802,0,6173118660.000,0,-,-,-,-,3726.2000,3725.8000,3725.4000,3725.2000,3725.0000,3727.2000,3727.4000,3728.2000,3728.4000,3729.0000,1,1,1,2,4,2,2,1,4,2
SF,IF2005,2020-04-13 13:52:53.100,3727.0000,11802,0,6173118660.000,0,-,-,-,-,3726.2000,3725.8000,3725.4000,3725.2000,3725.0000,3727.2000,3727.4000,3728.2000,3728.4000,3729.0000,1,1,1,2,4,2,2,1,4,2
SF,IF2005,2020-04-13 13:52:58.100,3726.2000,11803,1,6174236520.000,1,1,0,双开,B,3725.8000,3725.4000,3725.2000,3725.0000,3724.8000,3727.2000,3727.4000,3728.2000,3728.4000,3729.0000,1,1,2,4,10,2,2,1,4,2
SF,IF2005,2020-04-13 13:52:58.600,3726.2000,11803,0,6174236520.000,0,-,-,-,-,3725.8000,3725.4000,3725.2000,3725.0000,3724.8000,3727.2000,3727.4000,3728.2000,3728.4000,3729.0000,1,1,2,4,9,2,2,1,4,2
SF,IF2005,2020-04-13 13:52:59.100,3726.2000,11803,0,6174236520.000,0,-,-,-,-,3725.8000,3725.4000,3725.2000,3725.0000,3724.8000,3727.0000,3727.2000,3727.4000,3728.2000,3728.4000,1,1,2,2,8,1,2,1,1,4
SF,IF2005,2020-04-13 13:52:59.600,3726.2000,11803,0,6174236520.000,0,-,-,-,-,3725.8000,3725.0000,3724.8000,3724.6000,3724.0000,3726.8000,3727.0000,3728.4000,3729.0000,3729.6000,1,2,7,2,1,2,6,4,2,1
SF,IF2005,2020-04-13 13:53:00.100,3726.2000,11803,0,6174236520.000,0,-,-,-,-,3725.0000,3724.8000,3724.6000,3724.0000,3722.4000,3726.8000,3727.0000,3728.4000,3729.0000,3729.6000,1,5,2,1,1,7,6,4,2,1
SF,IF2005,2020-04-13 13:53:00.600,3726.2000,11803,0,6174236520.000,0,-,-,-,-,3725.2000,3725.0000,3724.8000,3724.6000,3724.0000,3726.6000,3726.8000,3727.0000,3728.4000,3729.0000,4,1,2,2,1,2,7,4,4,2
SF,IF2005,2020-04-13 13:53:01.100,3726.2000,11803,0,6174236520.000,0,-,-,-,-,3725.2000,3725.0000,3724.8000,3724.6000,3724.0000,3726.6000,3726.8000,3727.0000,3728.4000,3729.0000,5,1,1,2,1,2,2,4,4,2
SF,IF2005,2020-04-13 13:53:01.600,3726.2000,11803,0,6174236520.000,0,-,-,-,-,3725.2000,3725.0000,3724.8000,3724.6000,3724.0000,3726.4000,3726.6000,3727.0000,3728.4000,3729.0000,5,1,1,2,1,2,2,4,4,2
SF,IF2005,2020-04-13 13:53:02.100,3726.2000,11803,0,6174236520.000,0,-,-,-,-,3725.6000,3725.4000,3725.2000,3724.8000,3724.6000,3726.4000,3726.6000,3728.4000,3729.0000,3729.6000,2,1,5,1,2,2,2,4,2,1
SF,IF2005,2020-04-13 13:53:02.600,3726.6000,11804,1,6175354500.000,1,1,0,双开,B,3725.8000,3725.6000,3725.4000,3725.2000,3724.8000,3726.6000,3728.4000,3729.0000,3729.6000,3729.8000,3,2,2,2,1,1,4,2,1,3
SF,IF2005,2020-04-13 13:53:03.100,3726.6000,11804,0,6175354500.000,0,-,-,-,-,3725.8000,3725.6000,3725.4000,3725.2000,3724.8000,3726.6000,3728.4000,3729.0000,3729.6000,3729.8000,3,2,1,2,1,1,4,2,1,3
SF,IF2005,2020-04-13 13:53:03.600,3726.6000,11804,0,6175354500.000,0,-,-,-,-,3725.8000,3725.6000,3725.4000,3725.2000,3724.8000,3726.6000,3728.4000,3729.0000,3729.6000,3729.8000,3,2,1,2,1,1,4,2,1,3
SF,IF2005,2020-04-13 13:53:04.100,3726.6000,11804,0,6175354500.000,0,-,-,-,-,3725.8000,3725.6000,3725.4000,3725.2000,3724.8000,3726.6000,3728.4000,3729.0000,3729.6000,3729.8000,3,2,1,2,1,1,4,2,1,3
SF,IF2005,2020-04-13 13:53:04.600,3726.6000,11804,0,6175354500.000,0,-,-,-,-,3725.8000,3725.6000,3725.4000,3725.2000,3724.8000,3728.4000,3729.0000,3729.6000,3729.8000,3730.2000,3,2,1,2,1,4,2,1,3,1
SF,IF2005,2020-04-13 13:53:05.100,3726.6000,11804,0,6175354500.000,0,-,-,-,-,3725.8000,3725.6000,3725.4000,3725.2000,3724.8000,3727.0000,3727.2000,3727.4000,3727.6000,3727.8000,3,2,1,2,1,5,1,2,1,2
SF,IF2005,2020-04-13 13:53:05.600,3726.8000,11804,0,6176472540.000,1,0,1,空换,B,3725.8000,3725.6000,3725.4000,3725.2000,3724.8000,3726.8000,3727.0000,3727.2000,3727.4000,3727.8000,3,2,1,2,1,2,5,1,2,2
SF,IF2005,2020-04-13 13:53:06.100,3726.8000,11804,0,6176472540.000,0,-,-,-,-,3725.8000,3725.6000,3725.4000,3725.2000,3724.8000,3726.8000,3727.0000,3727.2000,3727.4000,3727.8000,3,2,1,2,1,3,5,1,2,2
SF,IF2005,2020-04-13 13:53:06.600,3726.6000,11804,0,6177590520.000,1,0,1,空换,B,3726.6000,3725.8000,3725.6000,3725.4000,3725.2000,3726.8000,3727.4000,3727.8000,3728.0000,3728.2000,4,3,2,1,2,2,2,2,4,1
SF,IF2005,2020-04-13 13:53:07.100,3726.6000,11807,3,6182062440.000,4,3,1,多开,B,3725.8000,3725.6000,3725.4000,3725.2000,3724.8000,3726.6000,3726.8000,3727.4000,3727.8000,3728.0000,3,2,1,2,1,1,2,2,2,4
SF,IF2005,2020-04-13 13:53:07.600,3726.6000,11807,0,6182062440.000,0,-,-,-,-,3725.8000,3725.6000,3725.4000,3725.2000,3724.8000,3726.6000,3726.8000,3727.4000,3727.8000,3728.0000,3,2,1,2,1,2,2,2,2,4
SF,IF2005,2020-04-13 13:53:08.100,3726.6000,11807,0,6182062440.000,0,-,-,-,-,3725.8000,3725.6000,3725.4000,3725.2000,3724.8000,3726.6000,3726.8000,3727.4000,3727.8000,3728.0000,3,2,1,2,1,2,2,2,2,2
SF,IF2005,2020-04-13 13:53:08.600,3726.6000,11807,0,6182062440.000,0,-,-,-,-,3725.8000,3725.6000,3725.4000,3725.2000,3724.8000,3726.6000,3726.8000,3727.4000,3727.8000,3728.0000,3,2,1,2,1,1,2,2,2,2
SF,IF2005,2020-04-13 13:53:09.100,3726.6000,11809,2,6184298400.000,2,2,0,双开,B,3725.8000,3725.6000,3725.4000,3725.2000,3724.8000,3726.8000,3727.4000,3727.8000,3728.0000,3728.2000,3,2,1,2,1,2,2,2,1,1
SF,IF2005,2020-04-13 13:53:09.600,3726.6000,11809,0,6184298400.000,0,-,-,-,-,3726.6000,3725.8000,3725.6000,3725.4000,3725.2000,3726.8000,3727.4000,3727.8000,3728.0000,3728.2000,3,3,2,1,2,2,2,2,1,1
SF,IF2005,2020-04-13 13:53:10.100,3726.6000,11812,3,6187652340.000,3,3,0,双开,B,3725.8000,3725.6000,3725.4000,3725.2000,3724.8000,3726.8000,3727.4000,3727.8000,3728.0000,3728.2000,3,2,1,2,1,2,2,2,1,1
SF,IF2005,2020-04-13 13:53:11.600,3726.6000,11812,0,6187652340.000,0,-,-,-,-,3725.8000,3725.6000,3725.4000,3725.2000,3724.8000,3726.8000,3727.4000,3727.8000,3728.0000,3728.2000,3,2,1,2,1,2,2,2,1,1
SF,IF2005,2020-04-13 13:53:12.600,3725.8000,11813,1,6188770080.000,1,1,0,双开,B,3725.8000,3725.6000,3725.4000,3725.2000,3724.8000,3726.8000,3727.4000,3727.8000,3728.0000,3728.2000,2,1,1,1,1,2,2,2,1,1
SF,IF2005,2020-04-13 13:53:13.100,3725.8000,11813,0,6189887820.000,1,0,1,空换,B,3725.6000,3725.4000,3725.2000,3724.8000,3724.6000,3726.8000,3727.4000,3727.8000,3728.0000,3728.2000,1,1,1,1,2,2,2,2,1,1
SF,IF2005,2020-04-13 13:53:14.600,3725.8000,11813,0,6189887820.000,0,-,-,-,-,3725.6000,3725.4000,3725.2000,3724.8000,3724.6000,3726.8000,3727.0000,3727.4000,3727.8000,3728.0000,1,1,1,1,2,2,5,2,2,1
SF,IF2005,2020-04-13 13:53:15.600,3725.8000,11813,0,6189887820.000,0,-,-,-,-,3725.8000,3725.6000,3725.4000,3725.2000,3724.8000,3726.6000,3726.8000,3727.0000,3727.4000,3727.8000,1,1,1,1,1,1,2,5,2,2
SF,IF2005,2020-04-13 13:53:16.100,3726.4000,11815,2,6192123660.000,2,2,0,双开,B,3725.8000,3725.4000,3725.2000,3724.8000,3724.6000,3726.6000,3727.0000,3727.4000,3727.8000,3728.0000,1,1,1,1,2,2,5,1,2,1
SF,IF2005,2020-04-13 13:53:20.100,3726.4000,11815,0,6192123660.000,0,-,-,-,-,3725.8000,3725.4000,3725.2000,3724.8000,3724.6000,3726.6000,3727.0000,3727.4000,3727.8000,3728.0000,1,1,1,1,2,2,5,1,2,1
SF,IF2005,2020-04-13 13:53:20.600,3726.4000,11815,0,6192123660.000,0,-,-,-,-,3725.8000,3725.4000,3725.2000,3724.8000,3724.6000,3726.6000,3727.0000,3727.8000,3728.0000,3728.4000,1,1,1,1,2,2,5,1,1,5
SF,IF2005,2020-04-13 13:53:22.600,3726.4000,11815,0,6192123660.000,0,-,-,-,-,3725.8000,3725.4000,3725.2000,3724.8000,3724.6000,3726.6000,3727.0000,3727.8000,3728.0000,3728.4000,1,1,1,1,2,2,5,1,1,5
SF,IF2005,2020-04-13 13:53:23.600,3726.6000,11817,2,6194359620.000,2,2,0,双开,B,3726.6000,3725.8000,3725.4000,3725.2000,3724.8000,3727.0000,3727.8000,3728.0000,3728.4000,3729.0000,2,1,1,1,1,5,1,1,5,2
SF,IF2005,2020-04-13 13:53:24.100,3726.6000,11817,0,6194359620.000,0,-,-,-,-,3725.8000,3725.4000,3725.2000,3724.8000,3724.6000,3726.6000,3727.0000,3727.8000,3728.0000,3728.4000,1,1,1,1,2,1,5,1,1,5
SF,IF2005,2020-04-13 13:53:24.600,3727.0000,11819,2,6196595700.000,2,2,0,双开,B,3726.0000,3725.8000,3725.4000,3725.2000,3724.8000,3727.0000,3728.4000,3729.0000,3729.6000,3729.8000,2,1,1,1,1,4,4,2,1,3
SF,IF2005,2020-04-13 13:53:25.100,3727.0000,11820,1,6197713800.000,1,1,0,双开,B,3726.2000,3726.0000,3725.8000,3725.4000,3725.2000,3727.0000,3728.4000,3729.0000,3729.6000,3729.8000,1,3,1,1,1,3,4,2,1,3
SF,IF2005,2020-04-13 13:53:25.600,3727.0000,11823,3,6201068100.000,3,3,0,双开,B,3727.0000,3726.4000,3726.2000,3726.0000,3725.8000,3728.4000,3729.0000,3729.6000,3729.8000,3730.2000,1,2,1,2,1,4,2,1,3,1
SF,IF2005,2020-04-13 13:53:26.100,3727.0000,11823,0,6201068100.000,0,-,-,-,-,3727.0000,3726.4000,3726.2000,3726.0000,3725.8000,3727.8000,3728.0000,3728.2000,3728.4000,3729.0000,2,2,1,1,1,1,2,3,4,2
SF,IF2005,2020-04-13 13:53:26.600,3727.0000,11823,0,6201068100.000,0,-,-,-,-,3727.0000,3726.4000,3726.2000,3725.8000,3725.4000,3727.8000,3728.0000,3728.2000,3728.4000,3729.0000,2,2,1,1,1,1,2,3,4,2
SF,IF2005,2020-04-13 13:53:27.100,3727.0000,11823,0,6201068100.000,0,-,-,-,-,3727.0000,3726.4000,3726.2000,3725.8000,3725.4000,3727.8000,3728.0000,3728.2000,3728.4000,3729.6000,2,2,1,1,1,1,2,2,1,1
SF,IF2005,2020-04-13 13:53:27.600,3727.0000,11823,0,6201068100.000,0,-,-,-,-,3727.2000,3727.0000,3726.2000,3725.8000,3725.4000,3729.6000,3729.8000,3730.2000,3731.0000,3731.6000,2,2,1,1,1,1,3,3,3,4
SF,IF2005,2020-04-13 13:53:28.100,3727.0000,11823,0,6201068100.000,0,-,-,-,-,3727.4000,3727.2000,3727.0000,3726.2000,3725.8000,3728.6000,3728.8000,3729.0000,3729.2000,3729.4000,2,2,1,1,1,1,2,6,1,4
SF,IF2005,2020-04-13 13:53:28.600,3727.4000,11823,0,6202186320.000,1,0,1,空换,B,3727.4000,3727.2000,3726.2000,3725.8000,3725.4000,3728.4000,3728.6000,3729.0000,3729.2000,3729.4000,1,2,1,1,1,4,5,7,2,5
SF,IF2005,2020-04-13 13:53:29.100,3727.4000,11823,0,6202186320.000,0,-,-,-,-,3727.4000,3727.2000,3726.2000,3725.8000,3725.4000,3728.4000,3728.6000,3729.0000,3729.2000,3729.4000,1,2,1,1,1,4,1,7,1,5
SF,IF2005,2020-04-13 13:53:30.100,3727.4000,11823,0,6203304540.000,1,0,1,空换,B,3727.2000,3726.2000,3725.8000,3725.4000,3724.8000,3728.2000,3728.4000,3729.0000,3729.2000,3729.4000,2,1,1,1,1,1,4,7,1,5
SF,IF2005,2020-04-13 13:53:30.600,3727.4000,11823,0,6203304540.000,0,-,-,-,-,3726.2000,3725.8000,3725.4000,3724.8000,3724.6000,3728.0000,3728.2000,3728.4000,3729.0000,3729.2000,1,1,1,1,2,2,1,2,7,1
SF,IF2005,2020-04-13 13:53:31.100,3727.4000,11823,0,6203304540.000,0,-,-,-,-,3726.6000,3726.4000,3726.2000,3725.8000,3725.4000,3728.0000,3728.2000,3728.4000,3729.0000,3729.2000,1,4,1,1,1,2,1,1,7,1
SF,IF2005,2020-04-13 13:53:31.600,3727.4000,11823,0,6203304540.000,0,-,-,-,-,3726.8000,3726.6000,3726.4000,3726.2000,3725.8000,3728.0000,3728.2000,3728.4000,3729.0000,3729.2000,2,1,2,1,1,2,1,1,7,1
SF,IF2005,2020-04-13 13:53:32.100,3727.4000,11823,0,6203304540.000,0,-,-,-,-,3726.8000,3726.6000,3726.4000,3726.2000,3725.8000,3728.0000,3728.2000,3728.4000,3729.0000,3729.2000,2,1,1,1,1,2,1,1,7,1
SF,IF2005,2020-04-13 13:53:33.100,3727.4000,11823,0,6203304540.000,0,-,-,-,-,3726.8000,3726.6000,3726.4000,3726.2000,3725.8000,3727.8000,3728.0000,3729.0000,3729.2000,3729.4000,2,1,1,1,1,7,2,7,1,5
SF,IF2005,2020-04-13 13:53:33.600,3727.4000,11823,0,6203304540.000,0,-,-,-,-,3726.8000,3726.6000,3726.4000,3726.2000,3725.8000,3727.8000,3728.0000,3729.0000,3729.2000,3729.4000,2,1,1,1,1,2,2,2,1,5
SF,IF2005,2020-04-13 13:53:40.600,3727.4000,11823,0,6203304540.000,0,-,-,-,-,3726.8000,3726.6000,3726.4000,3726.2000,3725.8000,3727.8000,3728.0000,3729.0000,3729.2000,3729.4000,2,1,1,1,1,1,2,2,1,5
SF,IF2005,2020-04-13 13:53:41.100,3727.4000,11823,0,6203304540.000,0,-,-,-,-,3726.8000,3726.6000,3726.2000,3725.8000,3725.4000,3729.0000,3729.2000,3729.4000,3729.6000,3729.8000,2,1,1,1,1,2,1,5,3,3
SF,IF2005,2020-04-13 13:53:41.600,3727.4000,11823,0,6203304540.000,0,-,-,-,-,3727.0000,3726.8000,3726.2000,3725.8000,3725.4000,3728.4000,3728.6000,3728.8000,3729.0000,3729.2000,1,2,1,1,1,1,1,4,2,1
SF,IF2005,2020-04-13 13:53:42.100,3727.4000,11823,0,6203304540.000,0,-,-,-,-,3727.2000,3727.0000,3726.2000,3725.8000,3725.4000,3728.2000,3728.4000,3728.6000,3728.8000,3729.0000,2,1,1,1,1,2,6,1,2,2
SF,IF2005,2020-04-13 13:53:42.600,3727.4000,11823,0,6203304540.000,0,-,-,-,-,3727.2000,3727.0000,3726.2000,3725.8000,3725.4000,3728.2000,3728.4000,3728.6000,3728.8000,3729.0000,2,1,1,1,1,2,1,1,2,2
SF,IF2005,2020-04-13 13:53:44.100,3728.2000,11826,3,6206659620.000,3,3,0,双开,B,3728.2000,3727.2000,3727.0000,3726.2000,3725.8000,3728.4000,3728.6000,3728.8000,3729.0000,3729.2000,1,1,1,1,1,1,1,1,2,1
SF,IF2005,2020-04-13 13:53:44.600,3728.2000,11827,1,6207778080.000,1,1,0,双开,B,3727.2000,3727.0000,3726.2000,3725.8000,3725.4000,3727.8000,3728.0000,3728.2000,3728.8000,3729.0000,1,1,1,1,1,2,1,7,1,1
SF,IF2005,2020-04-13 13:53:45.100,3728.2000,11827,0,6207778080.000,0,-,-,-,-,3727.2000,3727.0000,3726.2000,3725.8000,3725.4000,3728.2000,3728.8000,3729.0000,3729.2000,3729.4000,1,1,1,1,1,7,1,1,1,4
SF,IF2005,2020-04-13 13:53:47.100,3728.2000,11827,0,6207778080.000,0,-,-,-,-,3727.2000,3727.0000,3726.2000,3725.8000,3725.4000,3728.0000,3728.2000,3728.8000,3729.0000,3729.2000,1,1,1,1,1,1,7,1,1,1
SF,IF2005,2020-04-13 13:53:47.600,3728.0000,11828,1,6208896480.000,1,1,0,双开,B,3727.2000,3727.0000,3726.2000,3725.8000,3725.4000,3728.2000,3728.8000,3729.0000,3729.2000,3729.4000,1,1,1,1,1,7,1,1,1,4
SF,IF2005,2020-04-13 13:53:48.100,3728.0000,11828,0,6208896480.000,0,-,-,-,-,3727.2000,3727.0000,3726.2000,3725.8000,3725.4000,3728.0000,3728.2000,3728.8000,3729.0000,3729.2000,1,1,1,1,1,5,7,1,1,1
SF,IF2005,2020-04-13 13:53:48.600,3727.2000,11829,1,6210014640.000,1,1,0,双开,B,3727.0000,3726.2000,3725.8000,3725.4000,3724.8000,3728.2000,3728.8000,3729.0000,3729.2000,3729.4000,1,1,1,1,1,6,1,1,1,4
SF,IF2005,2020-04-13 13:53:49.100,3727.2000,11829,0,6210014640.000,0,-,-,-,-,3727.2000,3727.0000,3726.2000,3725.8000,3725.4000,3728.0000,3728.2000,3728.8000,3729.0000,3729.2000,2,1,1,1,1,2,2,1,1,1
SF,IF2005,2020-04-13 13:53:49.600,3727.2000,11829,0,6210014640.000,0,-,-,-,-,3727.2000,3727.0000,3726.2000,3725.8000,3725.4000,3728.0000,3728.2000,3728.8000,3729.0000,3729.2000,2,1,1,1,1,2,2,1,1,1
SF,IF2005,2020-04-13 13:53:50.100,3727.2000,11830,1,6211132800.000,1,1,0,双开,B,3727.2000,3727.0000,3726.2000,3725.8000,3725.4000,3728.0000,3728.2000,3728.4000,3728.8000,3729.0000,1,1,1,1,1,2,2,1,1,1
SF,IF2005,2020-04-13 13:53:50.600,3727.2000,11830,0,6211132800.000,0,-,-,-,-,3727.0000,3726.2000,3725.8000,3725.4000,3724.8000,3728.0000,3728.2000,3728.4000,3728.8000,3729.0000,1,1,1,1,1,2,2,1,1,1
SF,IF2005,2020-04-13 13:53:51.100,3727.2000,11830,0,6211132800.000,0,-,-,-,-,3727.0000,3726.2000,3725.8000,3725.4000,3724.8000,3728.0000,3728.2000,3728.4000,3728.8000,3729.0000,1,2,1,1,1,2,2,1,1,1
SF,IF2005,2020-04-13 13:53:56.100,3727.0000,11831,1,6212250900.000,1,1,0,双开,B,3726.2000,3725.8000,3725.4000,3724.8000,3724.6000,3728.0000,3728.2000,3728.4000,3728.8000,3729.0000,2,1,1,1,1,2,2,1,1,1
SF,IF2005,2020-04-13 13:53:56.600,3727.0000,11831,0,6212250900.000,0,-,-,-,-,3726.6000,3726.4000,3726.2000,3725.8000,3725.4000,3728.0000,3728.2000,3728.4000,3728.8000,3729.0000,2,2,2,1,1,2,2,1,1,1
SF,IF2005,2020-04-13 13:53:57.600,3727.0000,11831,0,6212250900.000,0,-,-,-,-,3726.6000,3726.4000,3726.2000,3725.8000,3725.4000,3728.0000,3728.2000,3728.4000,3728.8000,3729.0000,2,2,2,4,1,2,2,1,1,1
SF,IF2005,2020-04-13 13:53:58.100,3727.0000,11831,0,6212250900.000,0,-,-,-,-,3727.0000,3726.8000,3726.6000,3726.2000,3725.8000,3728.0000,3728.2000,3728.4000,3728.8000,3729.0000,1,2,1,2,4,2,2,1,1,1
SF,IF2005,2020-04-13 13:53:58.600,3727.0000,11831,0,6212250900.000,0,-,-,-,-,3727.0000,3726.8000,3726.6000,3726.2000,3725.8000,3727.8000,3728.0000,3728.2000,3728.4000,3728.8000,1,2,1,2,4,6,2,2,1,1
SF,IF2005,2020-04-13 13:53:59.100,3727.0000,11831,0,6212250900.000,0,-,-,-,-,3727.0000,3726.8000,3726.6000,3726.2000,3725.8000,3727.8000,3728.0000,3728.2000,3728.4000,3728.8000,1,2,1,2,4,1,2,2,1,1
SF,IF2005,2020-04-13 13:54:01.600,3727.0000,11831,0,6212250900.000,0,-,-,-,-,3726.8000,3726.6000,3726.2000,3725.8000,3725.4000,3727.4000,3727.8000,3728.0000,3728.2000,3728.4000,2,1,2,4,1,5,1,2,2,1
SF,IF2005,2020-04-13 13:54:02.100,3727.0000,11831,0,6212250900.000,0,-,-,-,-,3726.6000,3726.2000,3725.8000,3725.4000,3724.8000,3727.0000,3727.4000,3727.8000,3728.0000,3728.2000,1,2,4,1,1,2,5,1,2,2
SF,IF2005,2020-04-13 13:54:02.600,3727.0000,11833,2,6214487100.000,2,2,0,双开,B,3727.0000,3726.6000,3726.2000,3725.8000,3725.4000,3727.8000,3728.0000,3728.2000,3728.4000,3729.0000,1,1,2,1,1,1,2,2,1,1
SF,IF2005,2020-04-13 13:54:03.100,3727.0000,11833,0,6214487100.000,0,-,-,-,-,3726.2000,3725.8000,3725.4000,3724.8000,3724.6000,3727.6000,3727.8000,3728.2000,3728.4000,3729.0000,2,1,1,1,1,7,1,2,1,1
SF,IF2005,2020-04-13 13:54:03.600,3727.6000,11840,7,6222315060.000,7,7,0,双开,B,3727.6000,3726.4000,3726.2000,3725.8000,3725.4000,3727.8000,3728.2000,3728.4000,3729.0000,3729.2000,21,2,1,1,1,1,2,1,1,1
SF,IF2005,2020-04-13 13:54:04.100,3727.6000,11841,1,6225669900.000,3,2,1,多开,B,3726.4000,3726.2000,3725.8000,3725.4000,3724.8000,3727.0000,3728.2000,3728.4000,3729.0000,3729.2000,3,1,1,1,1,1,2,1,1,1
SF,IF2005,2020-04-13 13:54:04.600,3727.0000,11842,1,6226788000.000,1,1,0,双开,B,3726.8000,3726.6000,3726.4000,3726.2000,3725.8000,3727.6000,3728.2000,3728.4000,3729.0000,3729.2000,1,3,3,1,1,5,2,1,1,1
SF,IF2005,2020-04-13 13:54:05.100,3727.0000,11842,0,6226788000.000,0,-,-,-,-,3726.8000,3726.6000,3726.4000,3726.2000,3725.8000,3728.2000,3729.0000,3729.2000,3729.4000,3729.6000,1,3,3,1,1,2,1,1,4,2
SF,IF2005,2020-04-13 13:54:05.600,3727.0000,11842,0,6226788000.000,0,-,-,-,-,3727.0000,3726.8000,3726.6000,3726.2000,3725.8000,3727.6000,3728.0000,3728.2000,3729.0000,3729.2000,2,1,3,1,1,1,5,2,1,1
SF,IF2005,2020-04-13 13:54:06.100,3727.0000,11842,0,6226788000.000,0,-,-,-,-,3727.0000,3726.8000,3726.6000,3726.2000,3725.8000,3727.6000,3727.8000,3728.0000,3728.2000,3729.0000,2,1,3,1,1,1,1,6,2,1
SF,IF2005,2020-04-13 13:54:06.600,3726.8000,11842,0,6230142240.000,3,1,2,空换,B,3726.6000,3726.2000,3725.8000,3725.4000,3724.8000,3727.2000,3727.6000,3727.8000,3728.0000,3728.2000,3,1,1,4,1,5,1,1,5,2
SF,IF2005,2020-04-13 13:54:07.100,3726.6000,11843,1,6231260220.000,1,1,0,双开,B,3726.2000,3725.8000,3725.4000,3724.8000,3724.6000,3727.2000,3727.6000,3727.8000,3728.0000,3728.2000,1,1,4,1,1,5,1,1,5,2
SF,IF2005,2020-04-13 13:54:08.100,3726.6000,11843,0,6231260220.000,0,-,-,-,-,3726.2000,3725.4000,3724.8000,3724.6000,3722.8000,3727.2000,3727.6000,3727.8000,3728.0000,3728.2000,1,4,1,1,1,5,1,1,5,2
SF,IF2005,2020-04-13 13:54:08.600,3726.6000,11843,0,6231260220.000,0,-,-,-,-,3726.2000,3725.4000,3724.8000,3724.6000,3722.8000,3727.2000,3727.6000,3727.8000,3728.0000,3728.2000,1,4,1,1,1,5,1,2,5,2
SF,IF2005,2020-04-13 13:54:09.100,3726.6000,11843,0,6231260220.000,0,-,-,-,-,3726.2000,3725.4000,3724.8000,3724.6000,3722.8000,3727.0000,3727.2000,3727.6000,3727.8000,3728.0000,1,4,1,1,1,2,5,1,2,3
SF,IF2005,2020-04-13 13:54:09.600,3726.6000,11843,0,6231260220.000,0,-,-,-,-,3726.6000,3726.2000,3725.4000,3724.8000,3724.6000,3727.0000,3727.2000,3727.6000,3727.8000,3728.0000,2,1,4,1,1,2,5,1,2,3
SF,IF2005,2020-04-13 13:54:11.100,3726.6000,11845,2,6233496180.000,2,2,0,双开,B,3726.2000,3725.4000,3724.8000,3724.6000,3722.8000,3726.8000,3727.0000,3727.2000,3727.6000,3727.8000,1,4,1,1,1,5,2,5,1,2
SF,IF2005,2020-04-13 13:54:11.600,3726.6000,11845,0,6233496180.000,0,-,-,-,-,3726.2000,3725.4000,3724.8000,3724.6000,3722.8000,3727.0000,3727.2000,3727.6000,3727.8000,3728.0000,1,4,1,1,1,2,5,1,2,3
SF,IF2005,2020-04-13 13:54:12.100,3726.6000,11845,0,6233496180.000,0,-,-,-,-,3726.2000,3725.4000,3724.8000,3724.6000,3722.8000,3726.6000,3727.0000,3727.2000,3727.6000,3727.8000,1,4,1,1,1,1,2,5,1,2
SF,IF2005,2020-04-13 13:54:12.600,3726.6000,11845,0,6233496180.000,0,-,-,-,-,3726.2000,3725.4000,3724.8000,3724.6000,3722.8000,3726.6000,3726.8000,3727.0000,3727.2000,3727.6000,1,4,1,1,1,1,5,2,5,1
SF,IF2005,2020-04-13 13:54:13.100,3726.6000,11845,0,6233496180.000,0,-,-,-,-,3726.2000,3725.4000,3724.8000,3724.6000,3722.8000,3726.6000,3726.8000,3727.0000,3727.2000,3727.6000,1,4,1,1,1,1,5,2,5,1
SF,IF2005,2020-04-13 13:54:13.600,3726.6000,11845,0,6233496180.000,0,-,-,-,-,3726.2000,3725.4000,3724.8000,3724.6000,3724.4000,3726.6000,3726.8000,3727.0000,3727.2000,3727.6000,1,1,1,1,3,1,5,2,5,1
SF,IF2005,2020-04-13 13:54:14.100,3726.6000,11845,0,6233496180.000,0,-,-,-,-,3726.2000,3725.4000,3724.8000,3724.6000,3724.4000,3726.6000,3727.0000,3727.2000,3727.6000,3727.8000,1,1,1,1,3,1,2,5,1,2
SF,IF2005,2020-04-13 13:54:15.100,3726.6000,11845,0,6233496180.000,0,-,-,-,-,3726.2000,3725.4000,3724.8000,3724.6000,3724.4000,3726.6000,3727.0000,3727.2000,3727.6000,3727.8000,1,1,1,1,3,1,2,5,1,1
SF,IF2005,2020-04-13 13:54:17.100,3726.6000,11845,0,6233496180.000,0,-,-,-,-,3726.2000,3725.4000,3724.8000,3724.6000,3724.4000,3726.6000,3727.0000,3727.2000,3727.6000,3727.8000,1,1,1,1,3,1,2,5,1,1
SF,IF2005,2020-04-13 13:54:19.600,3726.6000,11845,0,6233496180.000,0,-,-,-,-,3726.4000,3726.2000,3725.4000,3724.8000,3724.6000,3726.6000,3727.0000,3727.2000,3727.6000,3727.8000,1,1,1,1,1,1,2,5,1,1
SF,IF2005,2020-04-13 13:54:20.100,3726.6000,11846,1,6234614160.000,1,1,0,双开,B,3726.4000,3726.2000,3725.4000,3724.8000,3724.6000,3727.2000,3727.6000,3727.8000,3728.0000,3728.2000,1,1,1,1,1,5,1,1,3,2
SF,IF2005,2020-04-13 13:54:20.600,3726.6000,11846,0,6234614160.000,0,-,-,-,-,3726.4000,3726.2000,3725.4000,3724.8000,3724.6000,3727.6000,3727.8000,3728.0000,3728.2000,3729.0000,1,1,1,1,1,1,1,2,2,1
SF,IF2005,2020-04-13 13:54:21.100,3726.6000,11846,0,6234614160.000,0,-,-,-,-,3726.4000,3726.2000,3725.4000,3724.8000,3724.6000,3727.4000,3727.6000,3727.8000,3728.0000,3728.2000,1,1,1,1,1,3,1,1,2,2
SF,IF2005,2020-04-13 13:54:24.600,3726.6000,11846,0,6234614160.000,0,-,-,-,-,3726.4000,3726.2000,3725.4000,3724.8000,3724.6000,3727.0000,3727.4000,3727.6000,3727.8000,3728.0000,1,1,1,1,1,6,2,1,1,2
SF,IF2005,2020-04-13 13:54:25.100,3726.4000,11846,0,6235732080.000,1,0,1,空换,B,3726.2000,3725.4000,3724.8000,3724.6000,3724.4000,3726.6000,3726.8000,3727.0000,3727.2000,3727.4000,1,1,1,1,3,5,3,7,2,1
SF,IF2005,2020-04-13 13:54:25.600,3726.2000,11847,1,6236849940.000,1,1,0,双开,B,3725.4000,3724.8000,3724.6000,3722.8000,3722.4000,3726.0000,3726.6000,3726.8000,3727.0000,3727.2000,1,1,1,1,1,1,5,3,7,2
SF,IF2005,2020-04-13 13:54:26.100,3726.2000,11847,0,6236849940.000,0,-,-,-,-,3725.6000,3725.4000,3724.8000,3724.6000,3722.8000,3726.6000,3726.8000,3727.0000,3727.2000,3727.8000,1,1,1,1,1,5,3,6,1,1
SF,IF2005,2020-04-13 13:54:26.600,3726.2000,11847,0,6236849940.000,0,-,-,-,-,3725.6000,3724.8000,3722.8000,3722.6000,3722.4000,3726.4000,3726.6000,3726.8000,3727.0000,3727.2000,1,1,1,1,1,3,6,1,6,1
SF,IF2005,2020-04-13 13:54:27.100,3725.6000,11848,1,6237967620.000,1,1,0,双开,B,3724.8000,3722.8000,3722.6000,3722.4000,3720.6000,3726.0000,3726.4000,3726.6000,3726.8000,3727.0000,1,1,1,1,1,5,5,5,1,7
SF,IF2005,2020-04-13 13:54:27.600,3725.6000,11848,0,6237967620.000,0,-,-,-,-,3725.0000,3724.8000,3722.8000,3722.6000,3722.4000,3725.8000,3726.4000,3726.6000,3726.8000,3727.0000,3,1,1,1,1,2,2,5,1,7
SF,IF2005,2020-04-13 13:54:28.100,3725.6000,11848,0,6237967620.000,0,-,-,-,-,3725.0000,3722.8000,3722.6000,3722.4000,3720.6000,3726.4000,3726.8000,3727.0000,3727.2000,3727.8000,4,1,1,1,1,2,1,2,1,1
SF,IF2005,2020-04-13 13:54:28.600,3725.6000,11848,0,6237967620.000,0,-,-,-,-,3725.2000,3725.0000,3722.8000,3722.6000,3722.4000,3726.2000,3726.4000,3726.8000,3727.0000,3727.2000,1,4,1,1,1,2,2,1,2,1
SF,IF2005,2020-04-13 13:54:29.100,3725.6000,11848,0,6237967620.000,0,-,-,-,-,3725.2000,3725.0000,3722.8000,3722.6000,3722.4000,3726.2000,3726.4000,3726.8000,3727.0000,3727.2000,1,4,1,1,1,2,2,1,2,1
SF,IF2005,2020-04-13 13:54:29.600,3726.2000,11849,1,6239085480.000,1,1,0,双开,B,3725.2000,3725.0000,3722.8000,3722.6000,3722.4000,3726.2000,3726.4000,3726.8000,3727.0000,3727.2000,1,4,1,1,1,1,2,1,2,1
SF,IF2005,2020-04-13 13:54:30.100,3726.2000,11849,0,6239085480.000,0,-,-,-,-,3725.2000,3725.0000,3722.8000,3722.6000,3722.4000,3726.2000,3726.4000,3726.8000,3727.0000,3727.2000,1,4,1,1,1,2,2,1,2,1
SF,IF2005,2020-04-13 13:54:30.600,3726.2000,11849,0,6239085480.000,0,-,-,-,-,3725.2000,3725.0000,3722.8000,3722.6000,3722.4000,3726.2000,3726.4000,3726.8000,3727.0000,3727.2000,1,4,1,1,1,1,2,1,2,1
SF,IF2005,2020-04-13 13:54:31.600,3726.2000,11849,0,6239085480.000,0,-,-,-,-,3725.2000,3725.0000,3722.8000,3722.6000,3722.4000,3726.2000,3726.4000,3726.8000,3727.0000,3727.2000,1,4,1,1,1,2,2,1,2,1
SF,IF2005,2020-04-13 13:54:32.100,3726.2000,11849,0,6239085480.000,0,-,-,-,-,3725.2000,3725.0000,3722.8000,3722.6000,3722.4000,3726.2000,3726.4000,3726.8000,3727.0000,3727.2000,1,4,1,1,1,1,2,1,2,1
SF,IF2005,2020-04-13 13:54:32.600,3726.2000,11849,0,6239085480.000,0,-,-,-,-,3725.2000,3725.0000,3722.8000,3722.6000,3722.4000,3726.2000,3726.4000,3726.8000,3727.0000,3727.2000,1,4,1,1,1,1,2,1,2,1
SF,IF2005,2020-04-13 13:54:33.100,3726.2000,11849,0,6239085480.000,0,-,-,-,-,3725.2000,3725.0000,3722.8000,3722.6000,3722.4000,3726.0000,3726.2000,3726.4000,3726.8000,3727.0000,1,4,1,1,1,2,1,1,1,2
SF,IF2005,2020-04-13 13:54:33.600,3725.2000,11850,1,6240203040.000,1,1,0,双开,B,3725.0000,3722.8000,3722.6000,3722.4000,3720.6000,3725.8000,3726.0000,3726.4000,3726.8000,3727.0000,2,1,1,1,1,2,2,1,1,2
SF,IF2005,2020-04-13 13:54:34.100,3725.2000,11850,0,6240203040.000,0,-,-,-,-,3725.0000,3722.8000,3722.6000,3722.4000,3720.6000,3725.8000,3726.0000,3726.2000,3726.8000,3727.0000,1,1,1,1,1,2,2,1,1,1
SF,IF2005,2020-04-13 13:54:34.600,3725.4000,11851,1,6241320660.000,1,1,0,双开,B,3722.8000,3722.6000,3722.4000,3720.6000,3720.0000,3725.4000,3725.6000,3725.8000,3726.0000,3726.2000,1,1,1,1,5,6,4,3,1,1
SF,IF2005,2020-04-13 13:54:35.100,3725.4000,11851,0,6241320660.000,0,-,-,-,-,3724.0000,3723.8000,3723.6000,3723.4000,3723.2000,3725.2000,3725.6000,3725.8000,3726.0000,3726.2000,1,2,1,1,6,3,4,1,1,2
SF,IF2005,2020-04-13 13:54:35.600,3725.2000,11852,1,6242438220.000,1,1,0,双开,B,3725.2000,3724.6000,3724.2000,3724.0000,3723.8000,3725.6000,3726.0000,3726.2000,3726.8000,3727.0000,2,2,2,1,2,4,1,2,1,1
SF,IF2005,2020-04-13 13:54:36.100,3725.2000,11852,0,6242438220.000,0,-,-,-,-,3724.6000,3724.2000,3723.6000,3723.2000,3723.0000,3725.6000,3726.0000,3726.2000,3726.8000,3727.0000,2,2,1,7,7,4,1,2,1,1
SF,IF2005,2020-04-13 13:54:36.600,3725.2000,11852,0,6242438220.000,0,-,-,-,-,3724.8000,3724.6000,3723.6000,3723.2000,3723.0000,3725.6000,3726.0000,3726.2000,3726.8000,3727.0000,2,2,1,7,7,4,1,2,1,1
SF,IF2005,2020-04-13 13:54:37.600,3725.2000,11852,0,6242438220.000,0,-,-,-,-,3724.8000,3724.6000,3723.6000,3723.2000,3723.0000,3725.6000,3726.2000,3726.8000,3727.0000,3727.2000,2,2,1,7,7,3,2,1,1,1
SF,IF2005,2020-04-13 13:54:39.100,3725.6000,11852,0,6243555900.000,1,0,1,空换,B,3724.8000,3724.6000,3723.6000,3723.2000,3723.0000,3725.6000,3726.2000,3726.8000,3727.0000,3727.2000,2,2,1,7,7,2,2,1,1,1
SF,IF2005,2020-04-13 13:54:39.600,3725.6000,11852,0,6243555900.000,0,-,-,-,-,3724.8000,3724.6000,3723.6000,3723.2000,3723.0000,3725.6000,3726.2000,3726.8000,3727.0000,3727.2000,2,2,1,6,7,2,2,1,1,1
SF,IF2005,2020-04-13 13:54:40.100,3725.6000,11852,0,6243555900.000,0,-,-,-,-,3724.6000,3723.6000,3723.2000,3723.0000,3722.8000,3725.4000,3725.6000,3726.2000,3726.8000,3727.0000,2,1,7,7,2,7,2,2,1,1
SF,IF2005,2020-04-13 13:54:41.100,3725.6000,11852,0,6243555900.000,0,-,-,-,-,3724.6000,3723.6000,3723.2000,3723.0000,3722.8000,3725.2000,3725.4000,3725.6000,3726.2000,3726.8000,2,1,7,7,2,1,7,1,2,1
SF,IF2005,2020-04-13 13:54:41.600,3725.6000,11852,0,6243555900.000,0,-,-,-,-,3724.6000,3723.6000,3723.2000,3723.0000,3722.8000,3725.2000,3725.4000,3725.6000,3726.2000,3726.8000,2,1,7,7,3,1,7,1,2,1
SF,IF2005,2020-04-13 13:54:42.600,3725.6000,11852,0,6243555900.000,0,-,-,-,-,3724.6000,3723.6000,3723.2000,3723.0000,3722.8000,3725.2000,3725.4000,3725.6000,3726.2000,3726.8000,2,1,7,7,3,1,2,1,2,1
SF,IF2005,2020-04-13 13:54:43.100,3724.6000,11852,0,6244673280.000,1,0,1,空换,B,3724.6000,3723.6000,3723.2000,3723.0000,3722.8000,3725.2000,3725.4000,3725.6000,3726.2000,3726.8000,1,1,7,7,3,1,2,1,2,1
SF,IF2005,2020-04-13 13:54:43.600,3724.6000,11852,0,6244673280.000,0,-,-,-,-,3724.6000,3723.6000,3723.2000,3723.0000,3722.8000,3725.2000,3725.4000,3725.6000,3726.2000,3726.8000,1,1,7,7,3,1,2,1,2,1
SF,IF2005,2020-04-13 13:54:44.100,3724.6000,11852,0,6244673280.000,0,-,-,-,-,3724.6000,3723.6000,3723.2000,3723.0000,3722.8000,3725.2000,3725.4000,3725.6000,3726.2000,3726.8000,1,1,6,6,3,1,2,1,2,1
SF,IF2005,2020-04-13 13:54:45.600,3724.6000,11852,0,6244673280.000,0,-,-,-,-,3724.6000,3723.6000,3723.2000,3723.0000,3722.8000,3725.2000,3725.4000,3725.6000,3726.2000,3726.8000,1,1,6,5,3,1,2,1,2,1
SF,IF2005,2020-04-13 13:54:46.100,3724.6000,11852,0,6244673280.000,0,-,-,-,-,3724.6000,3723.6000,3723.2000,3723.0000,3722.8000,3725.2000,3725.4000,3726.2000,3726.8000,3727.0000,1,1,6,5,3,1,2,2,1,1
SF,IF2005,2020-04-13 13:54:46.600,3724.6000,11852,0,6244673280.000,0,-,-,-,-,3724.6000,3723.6000,3723.2000,3723.0000,3722.8000,3725.0000,3725.2000,3725.4000,3726.2000,3726.8000,1,1,6,5,3,6,2,2,2,1
SF,IF2005,2020-04-13 13:54:47.100,3724.6000,11853,1,6245790660.000,1,1,0,双开,B,3723.6000,3723.2000,3723.0000,3722.8000,3722.6000,3724.8000,3725.0000,3725.2000,3725.4000,3726.2000,1,6,5,3,1,1,6,1,2,2
SF,IF2005,2020-04-13 13:54:47.600,3724.6000,11853,0,6245790660.000,0,-,-,-,-,3723.8000,3723.6000,3723.2000,3723.0000,3722.8000,3724.8000,3725.0000,3725.2000,3725.4000,3726.2000,3,1,6,5,3,1,6,1,2,2
SF,IF2005,2020-04-13 13:54:48.100,3724.6000,11853,0,6245790660.000,0,-,-,-,-,3723.8000,3723.0000,3722.8000,3722.6000,3722.4000,3724.6000,3724.8000,3725.0000,3725.2000,3726.2000,3,5,2,1,1,7,1,6,1,2
SF,IF2005,2020-04-13 13:54:48.600,3724.6000,11853,0,6245790660.000,0,-,-,-,-,3723.8000,3723.0000,3722.8000,3722.6000,3722.4000,3724.6000,3724.8000,3725.0000,3725.2000,3726.2000,3,4,2,2,1,2,1,6,1,1
SF,IF2005,2020-04-13 13:54:49.100,3724.6000,11853,0,6245790660.000,0,-,-,-,-,3723.8000,3723.0000,3722.8000,3722.6000,3722.4000,3725.0000,3725.2000,3726.2000,3726.8000,3727.0000,3,4,2,2,1,6,1,1,1,1
SF,IF2005,2020-04-13 13:54:49.600,3724.6000,11853,0,6245790660.000,0,-,-,-,-,3723.8000,3723.0000,3722.8000,3722.6000,3722.4000,3725.0000,3725.2000,3726.2000,3726.8000,3727.0000,3,4,2,2,1,6,1,1,1,1
SF,IF2005,2020-04-13 13:54:50.100,3724.6000,11853,0,6245790660.000,0,-,-,-,-,3724.0000,3723.8000,3723.0000,3722.8000,3722.6000,3725.2000,3726.2000,3726.8000,3727.0000,3727.2000,2,3,4,2,2,1,1,1,1,1
SF,IF2005,2020-04-13 13:54:50.600,3724.6000,11853,0,6245790660.000,0,-,-,-,-,3724.4000,3724.2000,3724.0000,3723.0000,3722.8000,3725.2000,3726.2000,3726.8000,3727.0000,3727.2000,1,3,1,4,2,1,1,1,1,1
SF,IF2005,2020-04-13 13:54:51.100,3724.6000,11853,0,6245790660.000,0,-,-,-,-,3724.4000,3724.2000,3724.0000,3723.0000,3722.8000,3726.2000,3726.8000,3727.0000,3727.2000,3727.8000,1,3,1,4,2,1,1,1,1,1
SF,IF2005,2020-04-13 13:54:51.600,3724.6000,11853,0,6245790660.000,0,-,-,-,-,3724.6000,3724.4000,3724.2000,3724.0000,3723.0000,3725.2000,3725.6000,3725.8000,3726.0000,3726.2000,2,1,1,1,4,5,2,1,7,4
SF,IF2005,2020-04-13 13:54:52.100,3724.6000,11853,0,6245790660.000,0,-,-,-,-,3724.4000,3724.2000,3723.0000,3722.8000,3722.6000,3725.2000,3725.6000,3725.8000,3726.0000,3726.2000,1,1,4,2,2,5,2,2,8,4
SF,IF2005,2020-04-13 13:54:52.600,3724.6000,11853,0,6245790660.000,0,-,-,-,-,3724.2000,3723.0000,3722.8000,3722.6000,3722.4000,3725.2000,3725.8000,3726.0000,3726.2000,3726.8000,1,4,2,2,1,5,2,8,1,1
SF,IF2005,2020-04-13 13:54:53.600,3724.6000,11853,0,6245790660.000,0,-,-,-,-,3724.2000,3723.0000,3722.8000,3722.6000,3722.4000,3725.0000,3725.2000,3725.8000,3726.0000,3726.2000,1,4,2,2,1,5,5,2,8,1
SF,IF2005,2020-04-13 13:54:54.100,3724.6000,11853,0,6245790660.000,0,-,-,-,-,3723.0000,3722.8000,3722.6000,3722.4000,3722.2000,3724.6000,3724.8000,3725.0000,3725.2000,3725.8000,4,2,2,1,1,1,2,7,5,1
SF,IF2005,2020-04-13 13:54:54.600,3724.6000,11853,0,6245790660.000,0,-,-,-,-,3723.6000,3723.4000,3723.2000,3723.0000,3722.8000,3724.4000,3724.6000,3725.0000,3725.2000,3725.8000,2,1,3,4,2,2,1,7,5,1
SF,IF2005,2020-04-13 13:54:56.100,3724.6000,11853,0,6245790660.000,0,-,-,-,-,3723.6000,3723.4000,3723.2000,3723.0000,3722.8000,3724.4000,3724.6000,3725.0000,3725.2000,3725.8000,2,1,3,4,2,2,1,6,5,1
SF,IF2005,2020-04-13 13:54:57.100,3724.6000,11853,0,6245790660.000,0,-,-,-,-,3723.6000,3723.4000,3723.2000,3723.0000,3722.8000,3724.4000,3724.6000,3725.0000,3725.2000,3725.8000,2,1,3,4,2,2,1,6,5,1
SF,IF2005,2020-04-13 13:54:57.600,3724.6000,11853,0,6245790660.000,0,-,-,-,-,3723.6000,3723.4000,3723.2000,3723.0000,3722.8000,3724.6000,3725.0000,3725.2000,3725.8000,3726.0000,2,1,3,4,2,1,6,5,1,6
SF,IF2005,2020-04-13 13:54:58.100,3724.6000,11853,0,6245790660.000,0,-,-,-,-,3723.8000,3723.6000,3723.4000,3723.2000,3723.0000,3725.0000,3725.2000,3725.8000,3726.0000,3726.2000,2,2,1,1,4,6,6,1,6,1
SF,IF2005,2020-04-13 13:54:58.600,3724.6000,11853,0,6245790660.000,0,-,-,-,-,3723.8000,3723.6000,3723.4000,3723.2000,3723.0000,3724.8000,3725.0000,3725.2000,3725.8000,3726.0000,2,2,1,1,4,2,6,6,1,6
SF,IF2005,2020-04-13 13:55:00.100,3724.8000,11855,2,6248025540.000,2,2,0,双开,B,3723.8000,3723.6000,3723.4000,3723.2000,3723.0000,3724.6000,3725.0000,3725.2000,3725.8000,3726.0000,2,2,1,1,4,5,6,6,1,6
SF,IF2005,2020-04-13 13:55:00.600,3724.8000,11855,0,6248025540.000,0,-,-,-,-,3723.8000,3723.6000,3723.4000,3723.2000,3723.0000,3725.0000,3725.2000,3725.8000,3726.0000,3726.2000,2,2,1,1,4,6,6,1,6,1
SF,IF2005,2020-04-13 13:55:01.100,3724.8000,11855,0,6248025540.000,0,-,-,-,-,3723.8000,3723.6000,3723.4000,3723.2000,3723.0000,3724.6000,3724.8000,3725.0000,3725.2000,3725.8000,2,2,1,1,4,1,3,6,6,1
SF,IF2005,2020-04-13 13:55:02.100,3724.8000,11855,0,6248025540.000,0,-,-,-,-,3723.8000,3723.6000,3723.4000,3723.2000,3723.0000,3724.8000,3725.0000,3725.2000,3725.8000,3726.0000,2,2,1,1,4,3,6,6,1,6
SF,IF2005,2020-04-13 13:55:05.600,3724.8000,11855,0,6248025540.000,0,-,-,-,-,3723.8000,3723.6000,3723.4000,3723.2000,3723.0000,3724.8000,3725.0000,3725.2000,3725.8000,3726.0000,2,2,1,1,4,3,6,6,1,6
SF,IF2005,2020-04-13 13:55:06.100,3724.8000,11855,0,6248025540.000,0,-,-,-,-,3724.0000,3723.8000,3723.6000,3723.4000,3723.2000,3724.8000,3725.0000,3725.2000,3725.8000,3726.0000,1,2,1,1,1,1,6,6,1,6
SF,IF2005,2020-04-13 13:55:06.600,3724.8000,11855,0,6248025540.000,0,-,-,-,-,3724.0000,3723.8000,3723.6000,3723.2000,3723.0000,3724.8000,3725.0000,3725.2000,3725.8000,3726.0000,1,2,1,1,4,1,1,6,1,6
SF,IF2005,2020-04-13 13:55:08.100,3724.8000,11855,0,6248025540.000,0,-,-,-,-,3724.0000,3723.8000,3723.6000,3723.0000,3722.8000,3725.0000,3725.2000,3725.8000,3726.0000,3726.2000,1,2,1,4,2,1,6,1,6,1
SF,IF2005,2020-04-13 13:55:08.600,3724.8000,11855,0,6248025540.000,0,-,-,-,-,3724.4000,3724.2000,3723.0000,3722.8000,3722.6000,3724.6000,3725.2000,3725.8000,3726.0000,3726.2000,1,2,4,2,2,1,5,1,6,1
SF,IF2005,2020-04-13 13:55:09.100,3724.6000,11856,1,6249142920.000,1,1,0,双开,B,3724.6000,3724.2000,3723.0000,3722.8000,3722.6000,3725.2000,3726.0000,3726.2000,3726.8000,3727.0000,4,2,4,2,2,5,5,1,1,1
SF,IF2005,2020-04-13 13:55:09.600,3724.6000,11856,0,6249142920.000,0,-,-,-,-,3724.2000,3723.0000,3722.8000,3722.6000,3722.4000,3725.2000,3726.0000,3726.2000,3726.8000,3727.0000,2,4,2,2,1,5,5,1,1,1
SF,IF2005,2020-04-13 13:55:10.100,3724.6000,11856,0,6249142920.000,0,-,-,-,-,3724.6000,3724.4000,3724.2000,3723.0000,3722.8000,3726.0000,3726.2000,3726.8000,3727.0000,3728.0000,3,1,2,4,2,4,1,1,1,1
SF,IF2005,2020-04-13 13:55:10.600,3724.6000,11856,0,6249142920.000,0,-,-,-,-,3724.8000,3724.6000,3724.4000,3723.0000,3722.8000,3725.6000,3725.8000,3726.0000,3726.2000,3726.8000,2,3,1,4,2,5,2,2,1,1
SF,IF2005,2020-04-13 13:55:11.100,3724.6000,11856,0,6249142920.000,0,-,-,-,-,3724.8000,3724.6000,3723.0000,3722.8000,3722.6000,3725.6000,3725.8000,3726.0000,3726.2000,3726.8000,3,3,4,2,2,5,2,2,1,1
SF,IF2005,2020-04-13 13:55:11.600,3724.6000,11856,0,6249142920.000,0,-,-,-,-,3725.6000,3725.2000,3725.0000,3724.8000,3724.6000,3725.8000,3726.0000,3726.2000,3726.8000,3727.0000,3,1,1,2,2,2,1,1,1,1
SF,IF2005,2020-04-13 13:55:12.100,3724.6000,11856,0,6249142920.000,0,-,-,-,-,3725.4000,3725.0000,3724.8000,3724.6000,3723.0000,3726.0000,3726.8000,3727.0000,3727.2000,3728.0000,1,1,2,2,4,1,1,1,1,1
SF,IF2005,2020-04-13 13:55:12.600,3726.0000,11857,1,6250260720.000,1,1,0,双开,B,3726.2000,3725.0000,3724.8000,3724.6000,3723.0000,3726.8000,3727.0000,3727.2000,3728.0000,3728.6000,1,1,2,2,4,1,1,1,1,1
SF,IF2005,2020-04-13 13:55:13.100,3726.0000,11857,0,6250260720.000,0,-,-,-,-,3726.4000,3725.6000,3724.8000,3724.6000,3723.0000,3726.6000,3726.8000,3727.0000,3727.2000,3728.0000,1,1,2,2,4,1,1,1,1,1
SF,IF2005,2020-04-13 13:55:13.600,3726.8000,11858,1,6252496740.000,2,1,1,多开,B,3726.6000,3724.8000,3724.6000,3723.0000,3722.8000,3727.0000,3727.2000,3728.0000,3728.6000,3729.2000,2,2,2,4,2,1,1,1,1,1
SF,IF2005,2020-04-13 13:55:14.100,3726.8000,11858,0,6252496740.000,0,-,-,-,-,3724.8000,3724.6000,3723.0000,3722.8000,3722.6000,3726.8000,3727.0000,3727.2000,3728.0000,3728.6000,2,2,4,2,2,5,1,1,1,1
SF,IF2005,2020-04-13 13:55:14.600,3726.8000,11858,0,6252496740.000,0,-,-,-,-,3726.0000,3725.6000,3725.2000,3725.0000,3724.8000,3727.0000,3727.2000,3728.0000,3728.6000,3729.2000,2,2,2,2,2,1,1,1,1,1
SF,IF2005,2020-04-13 13:55:15.100,3726.8000,11858,0,6252496740.000,0,-,-,-,-,3726.6000,3726.0000,3725.6000,3725.2000,3725.0000,3727.0000,3727.2000,3728.0000,3728.6000,3729.2000,1,1,2,3,2,1,1,1,1,1
SF,IF2005,2020-04-13 13:55:15.600,3726.8000,11859,1,6255850800.000,3,2,1,多开,B,3726.0000,3725.6000,3725.2000,3725.0000,3724.8000,3726.8000,3727.0000,3727.2000,3728.0000,3728.6000,1,2,3,2,2,5,1,1,1,1
SF,IF2005,2020-04-13 13:55:16.100,3726.8000,11859,0,6255850800.000,0,-,-,-,-,3726.0000,3725.6000,3725.2000,3725.0000,3724.8000,3726.8000,3727.0000,3727.2000,3728.0000,3728.6000,1,2,2,2,2,5,1,1,1,1
SF,IF2005,2020-04-13 13:55:16.600,3726.8000,11859,0,6255850800.000,0,-,-,-,-,3726.0000,3725.6000,3725.2000,3725.0000,3724.8000,3726.8000,3727.0000,3728.0000,3728.6000,3729.2000,1,2,2,2,2,5,1,1,1,1
SF,IF2005,2020-04-13 13:55:17.100,3726.8000,11859,0,6255850800.000,0,-,-,-,-,3725.6000,3725.2000,3725.0000,3724.8000,3723.0000,3726.0000,3726.2000,3726.4000,3726.6000,3726.8000,1,1,1,2,3,1,5,1,1,5
SF,IF2005,2020-04-13 13:55:17.600,3726.8000,11859,0,6255850800.000,0,-,-,-,-,3725.2000,3725.0000,3724.8000,3723.0000,3722.8000,3726.4000,3726.6000,3726.8000,3727.0000,3728.0000,1,1,2,3,2,1,1,5,1,1
SF,IF2005,2020-04-13 13:55:18.100,3725.4000,11860,1,6256968420.000,1,1,0,双开,B,3725.4000,3725.2000,3725.0000,3723.0000,3722.8000,3726.2000,3726.4000,3726.6000,3726.8000,3727.0000,1,1,1,3,2,5,1,1,5,1
SF,IF2005,2020-04-13 13:55:18.600,3725.4000,11860,0,6256968420.000,0,-,-,-,-,3725.4000,3725.0000,3723.0000,3722.8000,3722.6000,3726.8000,3727.0000,3728.0000,3728.2000,3728.6000,3,1,3,2,2,5,1,1,1,1
SF,IF2005,2020-04-13 13:55:19.100,3725.4000,11860,0,6256968420.000,0,-,-,-,-,3725.4000,3725.0000,3723.0000,3722.8000,3722.6000,3726.4000,3726.6000,3726.8000,3727.0000,3728.0000,2,1,3,2,2,5,4,5,1,1
SF,IF2005,2020-04-13 13:55:19.600,3725.4000,11860,0,6256968420.000,0,-,-,-,-,3725.4000,3725.0000,3723.0000,3722.8000,3722.6000,3726.2000,3726.4000,3726.6000,3726.8000,3727.0000,2,1,3,2,2,7,6,4,5,1
SF,IF2005,2020-04-13 13:55:20.100,3725.4000,11859,-1,6259203660.000,2,0,2,空平,B,3725.0000,3723.0000,3722.8000,3722.6000,3722.4000,3725.4000,3725.8000,3726.0000,3726.2000,3726.4000,1,3,2,2,1,1,1,5,7,6
SF,IF2005,2020-04-13 13:55:20.600,3725.0000,11860,1,6260321160.000,1,1,0,双开,B,3725.4000,3723.0000,3722.8000,3722.6000,3722.4000,3725.8000,3726.0000,3726.2000,3726.4000,3726.6000,3,3,2,2,1,3,5,7,6,1
SF,IF2005,2020-04-13 13:55:21.100,3725.0000,11860,0,6260321160.000,0,-,-,-,-,3723.4000,3723.0000,3722.8000,3722.6000,3722.4000,3725.0000,3725.8000,3726.0000,3726.2000,3726.4000,3,3,2,2,1,1,1,5,7,6
SF,IF2005,2020-04-13 13:55:21.600,3725.0000,11860,0,6261438660.000,1,0,1,空换,B,3725.0000,3724.4000,3723.8000,3723.6000,3723.4000,3726.0000,3726.2000,3726.4000,3726.6000,3727.0000,2,2,1,5,3,5,2,1,1,1
SF,IF2005,2020-04-13 13:55:22.100,3725.0000,11860,0,6261438660.000,0,-,-,-,-,3724.4000,3723.8000,3723.6000,3723.4000,3723.0000,3725.8000,3726.0000,3726.4000,3726.6000,3727.0000,2,2,5,4,2,3,5,1,1,1
SF,IF2005,2020-04-13 13:55:22.600,3725.0000,11860,0,6261438660.000,0,-,-,-,-,3724.6000,3724.4000,3723.8000,3723.6000,3723.4000,3725.8000,3726.0000,3726.4000,3726.6000,3727.0000,2,2,2,3,4,3,5,1,1,1
SF,IF2005,2020-04-13 13:55:23.100,3725.0000,11860,0,6261438660.000,0,-,-,-,-,3724.8000,3724.6000,3724.4000,3723.8000,3723.6000,3725.6000,3725.8000,3726.0000,3726.4000,3726.6000,1,2,2,2,3,5,3,5,1,1
SF,IF2005,2020-04-13 13:55:23.600,3725.0000,11860,0,6261438660.000,0,-,-,-,-,3724.8000,3724.6000,3724.4000,3723.8000,3723.6000,3725.8000,3726.0000,3726.4000,3726.6000,3727.0000,1,2,2,2,3,3,5,1,1,1
SF,IF2005,2020-04-13 13:55:24.100,3725.0000,11862,2,6263673660.000,2,2,0,双开,B,3725.0000,3724.8000,3724.4000,3723.8000,3723.6000,3725.8000,3726.4000,3726.6000,3727.0000,3728.0000,2,1,1,2,3,3,1,1,1,1
SF,IF2005,2020-04-13 13:55:24.600,3725.0000,11862,0,6263673660.000,0,-,-,-,-,3725.0000,3723.8000,3723.6000,3723.4000,3723.0000,3725.8000,3726.4000,3726.6000,3727.0000,3728.0000,3,2,4,4,2,3,1,1,1,1
SF,IF2005,2020-04-13 13:55:30.600,3725.0000,11862,0,6263673660.000,0,-,-,-,-,3725.0000,3723.8000,3723.6000,3723.4000,3723.0000,3725.8000,3726.4000,3726.6000,3727.0000,3728.0000,3,2,4,4,2,3,1,1,1,1
SF,IF2005,2020-04-13 13:55:33.600,3725.0000,11862,0,6263673660.000,0,-,-,-,-,3725.0000,3723.8000,3723.6000,3723.4000,3723.0000,3725.8000,3726.4000,3726.6000,3727.0000,3728.0000,3,2,4,4,2,2,1,1,1,1
SF,IF2005,2020-04-13 13:55:34.100,3725.0000,11862,0,6263673660.000,0,-,-,-,-,3725.8000,3725.4000,3725.2000,3725.0000,3723.8000,3727.0000,3728.0000,3728.2000,3728.6000,3729.2000,7,1,1,3,1,1,1,2,1,1
SF,IF2005,2020-04-13 13:55:34.600,3725.0000,11862,0,6263673660.000,0,-,-,-,-,3725.8000,3725.4000,3725.2000,3725.0000,3723.8000,3726.6000,3726.8000,3727.0000,3728.0000,3728.2000,1,1,1,2,1,6,3,1,1,2
SF,IF2005,2020-04-13 13:55:35.100,3725.0000,11862,0,6263673660.000,0,-,-,-,-,3726.0000,3725.4000,3725.2000,3725.0000,3723.8000,3726.6000,3726.8000,3727.0000,3728.0000,3728.2000,1,1,1,2,1,1,3,1,1,2
SF,IF2005,2020-04-13 13:55:37.100,3725.0000,11862,0,6263673660.000,0,-,-,-,-,3726.0000,3725.4000,3725.2000,3725.0000,3723.8000,3726.4000,3726.6000,3726.8000,3727.0000,3728.0000,1,1,1,2,1,5,1,3,1,1
SF,IF2005,2020-04-13 13:55:37.600,3725.0000,11862,0,6263673660.000,0,-,-,-,-,3726.0000,3725.4000,3725.0000,3723.8000,3723.6000,3726.6000,3726.8000,3727.0000,3728.0000,3728.2000,1,1,2,1,4,1,3,1,1,2
SF,IF2005,2020-04-13 13:55:38.100,3725.0000,11862,0,6263673660.000,0,-,-,-,-,3726.0000,3725.0000,3723.8000,3723.6000,3723.4000,3726.6000,3726.8000,3727.0000,3728.0000,3728.2000,1,2,1,4,4,1,3,1,1,2
SF,IF2005,2020-04-13 13:55:38.600,3725.8000,11862,0,6264791400.000,1,0,1,空换,B,3725.0000,3723.8000,3723.6000,3723.4000,3723.0000,3726.6000,3726.8000,3727.0000,3728.0000,3728.2000,2,1,4,4,2,1,3,1,1,2
SF,IF2005,2020-04-13 13:55:39.100,3725.8000,11862,0,6264791400.000,0,-,-,-,-,3725.2000,3725.0000,3723.8000,3723.6000,3723.4000,3726.2000,3726.4000,3727.0000,3728.0000,3728.2000,1,2,1,3,4,1,8,1,1,2
SF,IF2005,2020-04-13 13:55:41.100,3725.8000,11862,0,6264791400.000,0,-,-,-,-,3725.0000,3723.8000,3723.6000,3723.4000,3723.0000,3726.2000,3726.4000,3727.0000,3728.0000,3728.2000,2,1,3,4,2,1,8,1,1,2
SF,IF2005,2020-04-13 13:55:41.600,3725.8000,11862,0,6264791400.000,0,-,-,-,-,3725.0000,3723.8000,3723.6000,3723.4000,3723.0000,3726.0000,3726.2000,3726.4000,3727.0000,3728.0000,2,1,3,4,2,2,1,6,1,1
SF,IF2005,2020-04-13 13:55:42.100,3726.0000,11864,2,6267027000.000,2,2,0,双开,B,3726.0000,3725.0000,3723.8000,3723.6000,3723.4000,3726.2000,3726.4000,3727.0000,3728.0000,3728.2000,1,2,1,3,4,1,6,1,1,2
SF,IF2005,2020-04-13 13:55:42.600,3726.0000,11864,0,6268144800.000,1,0,1,空换,B,3725.0000,3723.8000,3723.6000,3723.4000,3723.0000,3726.0000,3726.2000,3726.4000,3727.0000,3728.0000,2,1,3,4,2,1,1,6,1,1
SF,IF2005,2020-04-13 13:55:43.100,3726.0000,11864,0,6268144800.000,0,-,-,-,-,3726.0000,3725.0000,3723.8000,3723.6000,3723.4000,3726.2000,3726.4000,3727.0000,3728.0000,3728.2000,1,2,1,3,4,5,6,1,1,2
SF,IF2005,2020-04-13 13:55:43.600,3726.0000,11865,1,6269262600.000,1,1,0,双开,B,3725.0000,3723.8000,3723.6000,3723.4000,3723.0000,3726.2000,3726.4000,3727.0000,3728.0000,3728.2000,2,1,3,4,2,5,6,1,1,2
SF,IF2005,2020-04-13 13:55:44.100,3726.2000,11865,0,6270380460.000,1,0,1,空换,B,3725.0000,3723.8000,3723.6000,3723.4000,3723.0000,3726.2000,3726.4000,3727.0000,3728.0000,3728.2000,2,1,3,4,2,4,6,1,1,2
SF,IF2005,2020-04-13 13:55:45.600,3726.2000,11865,0,6270380460.000,0,-,-,-,-,3725.2000,3725.0000,3723.8000,3723.6000,3723.4000,3726.2000,3726.4000,3727.0000,3728.0000,3728.2000,1,2,1,3,4,4,1,1,1,2
SF,IF2005,2020-04-13 13:55:46.100,3726.2000,11865,0,6270380460.000,0,-,-,-,-,3725.4000,3725.2000,3723.8000,3723.6000,3723.4000,3726.2000,3726.4000,3727.0000,3728.0000,3728.2000,2,1,1,3,4,4,1,1,1,2
SF,IF2005,2020-04-13 13:55:47.600,3725.4000,11865,0,6271498080.000,1,0,1,空换,B,3725.4000,3725.2000,3723.8000,3723.6000,3723.4000,3726.2000,3726.4000,3727.0000,3728.0000,3728.2000,1,1,1,3,4,4,1,1,1,2
SF,IF2005,2020-04-13 13:55:48.100,3726.2000,11868,3,6274851660.000,3,3,0,双开,B,3725.4000,3725.2000,3723.8000,3723.6000,3723.4000,3726.2000,3726.4000,3727.0000,3728.0000,3728.2000,1,1,1,3,4,1,1,1,1,2
SF,IF2005,2020-04-13 13:55:50.100,3726.2000,11868,0,6274851660.000,0,-,-,-,-,3725.4000,3725.2000,3723.8000,3723.6000,3723.4000,3726.2000,3726.4000,3727.0000,3728.0000,3728.2000,1,1,1,3,4,1,1,1,1,2
SF,IF2005,2020-04-13 13:55:51.100,3726.2000,11868,0,6274851660.000,0,-,-,-,-,3725.4000,3725.2000,3723.8000,3723.6000,3723.4000,3726.0000,3726.2000,3726.4000,3727.0000,3728.0000,1,1,1,3,4,1,1,1,1,1
SF,IF2005,2020-04-13 13:55:51.600,3726.0000,11870,2,6278205060.000,3,2,1,多开,B,3723.8000,3723.6000,3723.4000,3723.0000,3722.8000,3726.0000,3726.2000,3727.0000,3728.0000,3728.2000,1,3,4,2,2,4,1,1,1,2
SF,IF2005,2020-04-13 13:55:52.100,3726.0000,11870,0,6278205060.000,0,-,-,-,-,3725.0000,3724.8000,3724.2000,3724.0000,3723.8000,3725.8000,3726.2000,3727.0000,3728.0000,3728.2000,1,2,4,7,2,1,1,1,1,2
SF,IF2005,2020-04-13 13:55:52.600,3726.0000,11870,0,6278205060.000,0,-,-,-,-,3725.2000,3725.0000,3724.8000,3724.2000,3724.0000,3726.2000,3727.0000,3728.0000,3728.2000,3728.6000,4,1,1,1,4,1,1,1,2,1
SF,IF2005,2020-04-13 13:55:53.100,3726.0000,11870,0,6278205060.000,0,-,-,-,-,3725.8000,3725.2000,3725.0000,3724.8000,3724.2000,3726.2000,3727.0000,3728.0000,3728.2000,3728.6000,2,4,1,1,1,1,1,1,2,1
SF,IF2005,2020-04-13 13:55:53.600,3726.0000,11870,0,6278205060.000,0,-,-,-,-,3725.2000,3724.2000,3724.0000,3723.8000,3723.6000,3726.2000,3727.0000,3728.0000,3728.2000,3728.6000,3,1,4,2,2,1,1,1,2,1
SF,IF2005,2020-04-13 13:55:54.100,3726.0000,11870,0,6278205060.000,0,-,-,-,-,3725.4000,3725.2000,3724.2000,3724.0000,3723.8000,3726.2000,3727.0000,3728.0000,3728.2000,3728.6000,2,3,1,4,2,1,1,1,2,1
SF,IF2005,2020-04-13 13:55:54.600,3726.0000,11870,0,6278205060.000,0,-,-,-,-,3725.6000,3725.4000,3725.2000,3724.2000,3724.0000,3726.2000,3727.0000,3728.0000,3728.2000,3728.6000,2,2,1,1,4,1,1,1,2,1
SF,IF2005,2020-04-13 13:55:55.100,3726.0000,11870,0,6278205060.000,0,-,-,-,-,3725.6000,3725.4000,3725.2000,3724.2000,3724.0000,3726.2000,3727.0000,3728.0000,3728.2000,3728.6000,2,2,1,1,4,2,1,1,2,1
SF,IF2005,2020-04-13 13:55:55.600,3726.0000,11870,0,6278205060.000,0,-,-,-,-,3725.6000,3725.4000,3725.2000,3724.2000,3724.0000,3727.0000,3728.0000,3728.2000,3728.6000,3729.2000,2,2,1,1,4,1,1,2,1,1
SF,IF2005,2020-04-13 13:55:56.100,3726.8000,11871,1,6279323100.000,1,1,0,双开,B,3725.8000,3725.6000,3725.4000,3725.2000,3724.2000,3726.8000,3727.0000,3728.0000,3728.2000,3728.6000,1,2,1,1,1,6,1,1,2,1
SF,IF2005,2020-04-13 13:55:56.600,3726.8000,11871,0,6279323100.000,0,-,-,-,-,3725.8000,3725.6000,3725.4000,3725.2000,3724.2000,3726.8000,3727.0000,3728.0000,3728.2000,3728.6000,1,2,1,1,1,6,1,1,2,1
SF,IF2005,2020-04-13 13:55:57.100,3726.8000,11871,0,6279323100.000,0,-,-,-,-,3725.8000,3725.6000,3725.4000,3725.2000,3724.2000,3726.8000,3727.0000,3728.0000,3728.2000,3728.6000,1,2,1,1,1,6,1,1,2,1
SF,IF2005,2020-04-13 13:55:57.600,3726.8000,11871,0,6279323100.000,0,-,-,-,-,3725.8000,3725.6000,3725.4000,3724.2000,3724.0000,3726.4000,3726.8000,3727.0000,3728.0000,3728.2000,1,2,1,1,4,5,6,1,1,2
SF,IF2005,2020-04-13 13:55:58.100,3726.8000,11871,0,6279323100.000,0,-,-,-,-,3725.8000,3725.6000,3725.4000,3724.2000,3724.0000,3726.8000,3727.0000,3728.0000,3728.2000,3728.6000,1,2,1,1,4,6,1,1,2,1
SF,IF2005,2020-04-13 13:55:58.600,3726.8000,11871,0,6279323100.000,0,-,-,-,-,3725.8000,3725.6000,3725.4000,3724.2000,3724.0000,3726.8000,3727.0000,3728.0000,3728.2000,3728.6000,1,2,1,1,4,6,1,1,2,1
SF,IF2005,2020-04-13 13:55:59.100,3726.8000,11871,0,6279323100.000,0,-,-,-,-,3725.8000,3725.6000,3725.4000,3724.2000,3724.0000,3726.8000,3727.0000,3728.0000,3728.2000,3728.6000,1,2,1,1,4,7,1,1,2,1
SF,IF2005,2020-04-13 13:55:59.600,3726.8000,11871,0,6279323100.000,0,-,-,-,-,3726.0000,3725.8000,3725.4000,3724.2000,3724.0000,3726.8000,3727.0000,3728.0000,3728.2000,3728.6000,2,1,1,1,4,7,1,1,2,1
SF,IF2005,2020-04-13 13:56:00.100,3726.8000,11871,0,6279323100.000,0,-,-,-,-,3726.0000,3725.8000,3725.4000,3724.2000,3724.0000,3726.2000,3726.8000,3727.0000,3728.0000,3728.2000,2,1,1,1,4,1,7,1,1,2
SF,IF2005,2020-04-13 13:56:00.600,3726.2000,11871,0,6280440960.000,1,0,1,空换,B,3726.0000,3725.8000,3724.2000,3724.0000,3723.8000,3726.8000,3727.0000,3728.0000,3728.2000,3728.6000,2,1,1,4,2,7,1,1,2,1
SF,IF2005,2020-04-13 13:56:02.100,3726.2000,11871,0,6280440960.000,0,-,-,-,-,3726.0000,3725.8000,3724.2000,3724.0000,3723.8000,3726.4000,3726.8000,3727.0000,3728.0000,3728.2000,2,1,1,4,2,5,7,1,1,2
SF,IF2005,2020-04-13 13:56:02.600,3726.2000,11871,0,6280440960.000,0,-,-,-,-,3725.8000,3724.2000,3724.0000,3723.8000,3723.6000,3726.4000,3726.8000,3727.0000,3728.0000,3728.2000,1,1,4,2,2,5,7,1,1,2
SF,IF2005,2020-04-13 13:56:03.100,3725.8000,11870,-1,6281558700.000,1,0,1,双平,B,3724.2000,3724.0000,3723.8000,3723.6000,3723.4000,3725.6000,3726.0000,3726.2000,3726.4000,3726.8000,1,4,2,2,3,1,5,1,5,7
SF,IF2005,2020-04-13 13:56:03.600,3725.8000,11870,0,6281558700.000,0,-,-,-,-,3724.6000,3724.4000,3724.2000,3724.0000,3723.8000,3725.8000,3726.0000,3726.2000,3726.4000,3726.8000,1,3,1,3,2,5,6,2,5,2
SF,IF2005,2020-04-13 13:56:04.100,3725.8000,11870,0,6281558700.000,0,-,-,-,-,3724.8000,3724.6000,3724.4000,3724.2000,3724.0000,3725.6000,3725.8000,3726.0000,3726.2000,3726.4000,2,1,1,1,2,1,5,6,2,5
SF,IF2005,2020-04-13 13:56:04.600,3725.8000,11870,0,6281558700.000,0,-,-,-,-,3724.8000,3724.6000,3724.4000,3724.2000,3724.0000,3725.6000,3725.8000,3726.0000,3726.2000,3726.4000,2,1,1,1,2,1,5,6,1,5
SF,IF2005,2020-04-13 13:56:05.100,3725.0000,11871,1,6282676200.000,1,1,0,双开,B,3724.8000,3724.6000,3724.4000,3724.2000,3724.0000,3725.6000,3726.0000,3726.2000,3726.4000,3726.8000,2,1,1,1,2,1,6,1,5,3
SF,IF2005,2020-04-13 13:56:05.600,3725.6000,11870,-1,6283793880.000,1,0,1,双平,B,3724.8000,3724.6000,3724.4000,3724.2000,3724.0000,3726.0000,3726.2000,3726.4000,3726.8000,3728.0000,2,1,1,1,2,6,1,5,3,1
SF,IF2005,2020-04-13 13:56:06.100,3725.6000,11870,0,6283793880.000,0,-,-,-,-,3724.8000,3724.6000,3724.4000,3724.2000,3724.0000,3725.4000,3725.8000,3726.0000,3726.2000,3726.4000,2,1,1,1,2,5,5,6,1,5
SF,IF2005,2020-04-13 13:56:06.600,3725.6000,11870,0,6283793880.000,0,-,-,-,-,3724.6000,3724.2000,3724.0000,3723.6000,3723.0000,3725.2000,3725.4000,3725.6000,3725.8000,3726.0000,1,1,2,1,2,5,5,2,6,7
SF,IF2005,2020-04-13 13:56:07.100,3725.6000,11870,0,6283793880.000,0,-,-,-,-,3725.0000,3724.6000,3724.2000,3724.0000,3723.6000,3725.8000,3726.0000,3726.8000,3728.0000,3728.2000,1,1,1,2,1,5,6,2,1,1
SF,IF2005,2020-04-13 13:56:07.600,3725.6000,11870,0,6283793880.000,0,-,-,-,-,3725.0000,3724.6000,3724.2000,3724.0000,3723.6000,3725.8000,3726.0000,3726.8000,3728.0000,3728.2000,1,1,1,2,1,3,6,2,1,1
SF,IF2005,2020-04-13 13:56:08.600,3725.6000,11870,0,6283793880.000,0,-,-,-,-,3725.0000,3724.6000,3724.2000,3724.0000,3723.6000,3725.8000,3726.0000,3726.8000,3728.0000,3728.2000,1,1,1,2,1,3,7,2,1,1
SF,IF2005,2020-04-13 13:56:09.100,3725.6000,11870,0,6283793880.000,0,-,-,-,-,3725.0000,3724.6000,3724.2000,3724.0000,3723.6000,3725.8000,3726.0000,3726.8000,3728.0000,3728.2000,1,1,1,2,1,1,7,2,1,1
SF,IF2005,2020-04-13 13:56:09.600,3725.6000,11870,0,6283793880.000,0,-,-,-,-,3725.0000,3724.6000,3724.2000,3724.0000,3723.6000,3725.6000,3725.8000,3726.0000,3726.8000,3728.0000,1,1,1,2,1,5,1,7,2,1
SF,IF2005,2020-04-13 13:56:10.100,3725.6000,11872,2,6286029240.000,2,2,0,双开,B,3725.0000,3724.6000,3724.2000,3724.0000,3723.6000,3725.6000,3725.8000,3726.0000,3726.8000,3728.0000,1,1,1,2,1,3,1,7,2,1
SF,IF2005,2020-04-13 13:56:10.600,3725.6000,11872,0,6286029240.000,0,-,-,-,-,3725.0000,3724.6000,3724.2000,3724.0000,3723.6000,3725.8000,3726.0000,3726.8000,3728.0000,3728.2000,1,1,1,2,1,1,7,2,1,1
SF,IF2005,2020-04-13 13:56:11.100,3725.6000,11872,0,6286029240.000,0,-,-,-,-,3725.2000,3725.0000,3724.6000,3724.2000,3724.0000,3725.8000,3726.0000,3726.8000,3728.0000,3728.2000,1,1,1,1,2,1,7,2,1,1
SF,IF2005,2020-04-13 13:56:11.600,3725.6000,11872,0,6286029240.000,0,-,-,-,-,3725.2000,3725.0000,3724.2000,3724.0000,3723.6000,3725.8000,3726.0000,3726.8000,3728.0000,3728.2000,1,1,1,2,1,1,7,2,1,1
SF,IF2005,2020-04-13 13:56:13.100,3725.2000,11872,0,6287146800.000,1,0,1,空换,B,3725.0000,3724.2000,3724.0000,3723.6000,3723.0000,3726.0000,3726.8000,3728.0000,3728.2000,3728.6000,1,1,2,1,5,1,2,1,1,1
SF,IF2005,2020-04-13 13:56:13.600,3725.2000,11872,0,6287146800.000,0,-,-,-,-,3725.8000,3725.2000,3725.0000,3724.2000,3724.0000,3726.8000,3728.0000,3728.2000,3728.6000,3729.2000,1,1,1,1,2,2,1,1,1,1
SF,IF2005,2020-04-13 13:56:14.100,3725.2000,11872,0,6287146800.000,0,-,-,-,-,3725.8000,3725.2000,3725.0000,3724.2000,3724.0000,3726.4000,3726.6000,3726.8000,3728.0000,3728.2000,1,1,1,1,2,5,2,2,1,1
SF,IF2005,2020-04-13 13:56:15.600,3725.2000,11872,0,6287146800.000,0,-,-,-,-,3725.8000,3725.2000,3725.0000,3724.2000,3724.0000,3726.4000,3726.6000,3726.8000,3728.0000,3728.2000,1,1,1,1,2,5,2,3,1,1
SF,IF2005,2020-04-13 13:56:18.100,3725.2000,11873,1,6288264360.000,1,1,0,双开,B,3725.2000,3725.0000,3724.2000,3724.0000,3723.6000,3726.4000,3726.6000,3726.8000,3728.0000,3728.2000,1,1,1,2,1,5,2,3,1,1
SF,IF2005,2020-04-13 13:56:18.600,3725.2000,11873,0,6288264360.000,0,-,-,-,-,3725.2000,3725.0000,3724.2000,3724.0000,3723.6000,3726.2000,3726.4000,3726.6000,3726.8000,3728.0000,1,1,1,2,1,5,5,2,3,1
SF,IF2005,2020-04-13 13:56:19.100,3725.2000,11873,0,6288264360.000,0,-,-,-,-,3725.2000,3725.0000,3724.2000,3724.0000,3723.6000,3725.8000,3726.2000,3726.4000,3726.6000,3726.8000,1,1,1,2,1,2,5,5,2,3
SF,IF2005,2020-04-13 13:56:19.600,3725.2000,11873,0,6288264360.000,0,-,-,-,-,3725.2000,3725.0000,3724.2000,3724.0000,3723.6000,3725.8000,3726.2000,3726.4000,3726.8000,3728.0000,1,1,1,2,1,7,5,5,3,1
SF,IF2005,2020-04-13 13:56:20.100,3725.2000,11873,0,6288264360.000,0,-,-,-,-,3725.2000,3725.0000,3724.2000,3724.0000,3723.6000,3725.8000,3726.4000,3726.8000,3728.0000,3728.2000,1,1,1,2,1,2,5,3,1,1
SF,IF2005,2020-04-13 13:56:20.600,3725.2000,11873,0,6288264360.000,0,-,-,-,-,3725.2000,3725.0000,3724.2000,3724.0000,3723.6000,3725.8000,3726.2000,3726.4000,3726.8000,3728.0000,1,1,1,2,1,2,1,5,3,1
SF,IF2005,2020-04-13 13:56:21.600,3725.8000,11873,0,6290499840.000,2,1,1,空换,B,3725.2000,3725.0000,3724.2000,3724.0000,3723.6000,3726.2000,3726.4000,3726.8000,3728.0000,3728.2000,1,1,1,2,1,1,5,3,1,1
SF,IF2005,2020-04-13 13:56:22.100,3725.8000,11873,0,6290499840.000,0,-,-,-,-,3725.2000,3725.0000,3724.2000,3724.0000,3723.6000,3726.2000,3726.4000,3726.8000,3728.0000,3728.2000,1,1,1,2,1,1,5,3,1,1
SF,IF2005,2020-04-13 13:56:22.600,3725.8000,11873,0,6290499840.000,0,-,-,-,-,3725.2000,3725.0000,3724.2000,3724.0000,3723.6000,3726.2000,3726.4000,3726.8000,3728.0000,3728.2000,1,1,1,2,1,1,5,3,1,1
SF,IF2005,2020-04-13 13:56:23.100,3725.8000,11873,0,6290499840.000,0,-,-,-,-,3725.2000,3725.0000,3724.2000,3724.0000,3723.6000,3726.2000,3726.4000,3726.8000,3728.0000,3728.2000,1,1,1,2,1,1,5,3,1,1
SF,IF2005,2020-04-13 13:56:23.600,3725.8000,11873,0,6290499840.000,0,-,-,-,-,3725.2000,3725.0000,3724.2000,3724.0000,3723.6000,3726.2000,3726.4000,3726.8000,3728.0000,3728.2000,1,1,1,2,1,1,5,2,1,1
SF,IF2005,2020-04-13 13:56:24.100,3725.8000,11873,0,6290499840.000,0,-,-,-,-,3725.4000,3725.2000,3725.0000,3724.2000,3724.0000,3726.2000,3726.4000,3726.8000,3728.0000,3728.2000,1,1,1,1,2,1,5,2,1,1
SF,IF2005,2020-04-13 13:56:24.600,3726.2000,11873,0,6291617700.000,1,0,1,空换,B,3725.6000,3725.4000,3725.0000,3724.2000,3724.0000,3726.8000,3728.0000,3728.2000,3728.6000,3729.2000,1,1,1,1,2,2,1,1,1,1
SF,IF2005,2020-04-13 13:56:25.100,3726.2000,11873,0,6291617700.000,0,-,-,-,-,3725.8000,3725.6000,3725.0000,3724.2000,3724.0000,3726.8000,3728.0000,3728.2000,3728.6000,3729.2000,1,1,1,1,2,2,1,1,1,1
SF,IF2005,2020-04-13 13:56:27.600,3726.2000,11873,0,6291617700.000,0,-,-,-,-,3725.8000,3725.6000,3725.0000,3724.2000,3724.0000,3726.4000,3726.8000,3728.0000,3728.2000,3728.6000,1,1,1,1,2,5,2,1,1,1
SF,IF2005,2020-04-13 13:56:28.100,3726.4000,11875,2,6293853540.000,2,2,0,双开,B,3725.8000,3725.6000,3725.0000,3724.2000,3724.0000,3726.4000,3726.8000,3728.0000,3728.2000,3728.6000,1,1,1,1,2,3,2,1,1,1
SF,IF2005,2020-04-13 13:56:28.600,3726.4000,11875,0,6293853540.000,0,-,-,-,-,3725.8000,3725.6000,3725.0000,3724.2000,3724.0000,3726.8000,3728.0000,3728.2000,3728.6000,3729.2000,1,1,1,1,2,2,1,1,1,1
SF,IF2005,2020-04-13 13:56:29.100,3726.4000,11875,0,6293853540.000,0,-,-,-,-,3725.6000,3725.0000,3724.2000,3724.0000,3723.6000,3726.6000,3726.8000,3728.0000,3728.2000,3728.6000,1,1,1,2,1,5,2,1,1,1
SF,IF2005,2020-04-13 13:56:29.600,3726.4000,11875,0,6293853540.000,0,-,-,-,-,3725.6000,3725.0000,3724.2000,3724.0000,3723.6000,3726.4000,3726.6000,3726.8000,3728.0000,3728.2000,1,1,1,2,1,5,5,2,1,1
SF,IF2005,2020-04-13 13:56:31.100,3726.4000,11875,0,6296089380.000,2,1,1,空换,B,3725.6000,3725.0000,3724.2000,3724.0000,3723.6000,3726.6000,3726.8000,3728.0000,3728.2000,3728.6000,1,1,1,2,1,5,2,1,1,1
SF,IF2005,2020-04-13 13:56:31.600,3726.4000,11875,0,6296089380.000,0,-,-,-,-,3725.6000,3725.0000,3724.2000,3724.0000,3723.6000,3726.8000,3728.0000,3728.2000,3728.6000,3729.2000,1,1,1,2,1,2,1,1,1,1
SF,IF2005,2020-04-13 13:56:32.100,3726.4000,11875,0,6296089380.000,0,-,-,-,-,3725.6000,3725.0000,3724.2000,3724.0000,3723.6000,3726.6000,3726.8000,3728.0000,3728.2000,3728.6000,1,1,1,2,1,5,2,1,1,1
SF,IF2005,2020-04-13 13:56:32.600,3726.4000,11875,0,6296089380.000,0,-,-,-,-,3725.6000,3725.0000,3724.2000,3724.0000,3723.0000,3726.6000,3726.8000,3728.0000,3728.2000,3728.6000,1,1,1,2,5,5,2,1,1,1
SF,IF2005,2020-04-13 13:56:34.100,3726.4000,11875,0,6296089380.000,0,-,-,-,-,3725.6000,3725.0000,3724.2000,3724.0000,3723.0000,3726.6000,3726.8000,3728.0000,3728.2000,3728.6000,1,1,1,2,5,5,1,1,1,1
SF,IF2005,2020-04-13 13:56:34.600,3726.4000,11875,0,6296089380.000,0,-,-,-,-,3725.6000,3725.0000,3724.2000,3724.0000,3723.0000,3726.6000,3726.8000,3728.0000,3728.2000,3728.6000,1,1,1,2,5,5,1,1,1,1
SF,IF2005,2020-04-13 13:56:35.100,3726.4000,11875,0,6296089380.000,0,-,-,-,-,3725.6000,3725.0000,3724.2000,3724.0000,3723.0000,3726.6000,3726.8000,3728.0000,3728.2000,3728.6000,1,1,1,2,5,5,1,1,1,1
SF,IF2005,2020-04-13 13:56:35.600,3726.4000,11875,0,6296089380.000,0,-,-,-,-,3725.0000,3724.2000,3724.0000,3723.0000,3722.8000,3725.6000,3725.8000,3726.2000,3726.4000,3726.6000,1,1,2,5,2,1,5,3,4,5
SF,IF2005,2020-04-13 13:56:36.100,3725.6000,11877,2,6298324740.000,2,2,0,双开,B,3725.6000,3725.0000,3724.2000,3724.0000,3723.0000,3725.8000,3726.2000,3726.4000,3726.6000,3726.8000,2,1,1,2,5,5,2,3,5,1
SF,IF2005,2020-04-13 13:56:36.600,3725.6000,11877,0,6298324740.000,0,-,-,-,-,3725.0000,3724.2000,3724.0000,3723.0000,3722.8000,3725.8000,3726.2000,3726.4000,3726.6000,3726.8000,1,1,2,5,2,5,2,3,5,1
SF,IF2005,2020-04-13 13:56:41.100,3725.6000,11877,0,6298324740.000,0,-,-,-,-,3725.0000,3724.2000,3724.0000,3723.0000,3722.8000,3725.8000,3726.2000,3726.4000,3726.6000,3726.8000,1,1,2,5,2,5,2,2,5,1
SF,IF2005,2020-04-13 13:56:41.600,3725.6000,11877,0,6298324740.000,0,-,-,-,-,3725.8000,3725.0000,3724.2000,3724.0000,3723.0000,3726.2000,3726.4000,3726.6000,3726.8000,3728.0000,5,1,1,2,5,2,2,5,1,1
SF,IF2005,2020-04-13 13:56:42.100,3725.6000,11877,0,6298324740.000,0,-,-,-,-,3725.0000,3724.2000,3724.0000,3723.0000,3722.8000,3726.0000,3726.2000,3726.4000,3726.6000,3726.8000,1,1,2,5,2,5,2,2,5,1
SF,IF2005,2020-04-13 13:56:42.600,3725.6000,11877,0,6298324740.000,0,-,-,-,-,3725.0000,3724.2000,3724.0000,3723.0000,3722.8000,3725.6000,3726.0000,3726.4000,3726.6000,3726.8000,1,1,2,5,2,5,5,1,5,1
SF,IF2005,2020-04-13 13:56:43.100,3725.6000,11881,4,6302795460.000,4,4,0,双开,B,3725.0000,3724.2000,3724.0000,3723.0000,3722.8000,3725.6000,3725.8000,3726.0000,3726.4000,3726.6000,1,1,2,5,2,3,1,5,1,5
SF,IF2005,2020-04-13 13:56:43.600,3725.0000,11881,0,6303912960.000,1,0,1,空换,B,3724.2000,3724.0000,3723.0000,3722.8000,3722.6000,3724.8000,3725.2000,3725.6000,3725.8000,3726.0000,1,2,5,2,1,1,1,3,1,5
SF,IF2005,2020-04-13 13:56:44.100,3725.0000,11881,0,6303912960.000,0,-,-,-,-,3723.0000,3722.8000,3722.6000,3721.8000,3720.6000,3725.4000,3725.6000,3726.4000,3726.8000,3728.0000,5,2,1,6,1,1,3,1,1,1
SF,IF2005,2020-04-13 13:56:44.600,3725.0000,11881,0,6303912960.000,0,-,-,-,-,3723.8000,3723.4000,3723.2000,3723.0000,3722.8000,3724.8000,3725.2000,3725.4000,3725.6000,3726.4000,1,1,2,2,2,6,2,1,3,1
SF,IF2005,2020-04-13 13:56:45.100,3725.0000,11881,0,6303912960.000,0,-,-,-,-,3723.8000,3723.4000,3723.2000,3723.0000,3722.8000,3724.4000,3724.6000,3724.8000,3725.0000,3725.2000,1,1,1,2,2,1,5,5,4,3
SF,IF2005,2020-04-13 13:56:45.600,3725.0000,11881,0,6303912960.000,0,-,-,-,-,3723.8000,3723.4000,3723.2000,3723.0000,3722.8000,3724.4000,3724.8000,3725.0000,3725.2000,3726.4000,1,1,1,2,2,1,5,3,3,1
SF,IF2005,2020-04-13 13:56:47.100,3719.6000,11891,10,6326243220.000,20,15,5,多开,B,3720.8000,3719.2000,3718.0000,3717.0000,3716.8000,3724.4000,3724.8000,3725.0000,3725.2000,3726.4000,1,1,4,1,2,1,5,3,3,1
SF,IF2005,2020-04-13 13:56:47.600,3719.6000,11891,0,6326243220.000,0,-,-,-,-,3722.8000,3722.4000,3722.2000,3722.0000,3721.8000,3724.0000,3724.2000,3724.8000,3725.0000,3725.2000,1,1,1,6,1,1,3,5,2,3
SF,IF2005,2020-04-13 13:56:48.100,3723.0000,11891,0,6327360120.000,1,0,1,空换,B,3722.8000,3722.4000,3722.2000,3722.0000,3721.8000,3723.6000,3724.0000,3724.2000,3724.8000,3725.0000,1,1,1,6,1,2,1,1,5,2
SF,IF2005,2020-04-13 13:56:48.600,3723.2000,11891,0,6329594160.000,2,1,1,空换,B,3723.2000,3722.8000,3722.4000,3722.2000,3722.0000,3723.6000,3724.2000,3725.0000,3725.2000,3726.4000,1,1,1,1,6,2,1,2,3,1
SF,IF2005,2020-04-13 13:56:49.100,3723.2000,11891,0,6329594160.000,0,-,-,-,-,3723.2000,3722.8000,3722.4000,3722.0000,3721.8000,3723.6000,3724.2000,3725.0000,3725.2000,3726.4000,1,1,1,1,1,1,1,2,3,1
SF,IF2005,2020-04-13 13:56:49.600,3723.2000,11892,1,6331827960.000,2,1,1,多开,B,3722.0000,3721.8000,3721.6000,3721.4000,3721.0000,3723.6000,3725.0000,3725.2000,3726.4000,3726.8000,1,1,2,2,10,1,2,3,1,1
SF,IF2005,2020-04-13 13:56:50.100,3723.2000,11892,0,6331827960.000,0,-,-,-,-,3722.2000,3722.0000,3721.8000,3721.6000,3721.4000,3723.2000,3723.4000,3723.6000,3725.0000,3725.2000,2,1,1,3,2,1,1,1,2,3
SF,IF2005,2020-04-13 13:56:50.600,3723.2000,11892,0,6331827960.000,0,-,-,-,-,3722.4000,3722.2000,3722.0000,3721.8000,3721.6000,3723.2000,3723.4000,3725.0000,3725.2000,3726.4000,1,2,1,1,2,2,1,2,3,1
SF,IF2005,2020-04-13 13:56:51.100,3723.2000,11892,0,6331827960.000,0,-,-,-,-,3722.4000,3722.2000,3721.4000,3721.2000,3721.0000,3722.8000,3723.0000,3723.2000,3723.4000,3725.0000,1,2,1,1,3,1,1,1,1,2
SF,IF2005,2020-04-13 13:56:51.600,3723.2000,11892,0,6332944920.000,1,0,1,空换,B,3722.2000,3721.2000,3721.0000,3720.8000,3720.6000,3723.0000,3723.2000,3723.4000,3725.0000,3725.2000,2,1,3,8,5,1,1,1,2,3
SF,IF2005,2020-04-13 13:56:52.100,3722.2000,11892,0,6334061580.000,1,0,1,空换,B,3721.2000,3721.0000,3720.8000,3720.6000,3720.4000,3723.0000,3723.2000,3725.0000,3725.2000,3725.4000,1,3,8,5,4,1,1,2,3,1
SF,IF2005,2020-04-13 13:56:52.600,3722.2000,11892,0,6334061580.000,0,-,-,-,-,3721.4000,3721.0000,3720.8000,3720.6000,3720.4000,3722.8000,3723.0000,3725.0000,3725.2000,3725.4000,1,2,5,5,4,2,1,2,3,1
SF,IF2005,2020-04-13 13:56:53.100,3722.2000,11892,0,6334061580.000,0,-,-,-,-,3721.6000,3721.4000,3721.0000,3720.8000,3720.6000,3722.8000,3725.0000,3725.2000,3725.4000,3726.4000,1,1,2,4,5,3,2,3,1,1
SF,IF2005,2020-04-13 13:56:53.600,3722.2000,11892,0,6334061580.000,0,-,-,-,-,3721.4000,3721.0000,3720.8000,3720.6000,3720.4000,3722.8000,3725.0000,3725.2000,3725.4000,3726.4000,1,2,2,5,3,3,2,3,1,1
SF,IF2005,2020-04-13 13:56:54.100,3722.2000,11892,0,6334061580.000,0,-,-,-,-,3721.4000,3721.0000,3720.8000,3720.6000,3720.4000,3722.8000,3725.0000,3725.2000,3725.4000,3726.4000,1,2,2,4,3,3,2,3,1,1
SF,IF2005,2020-04-13 13:56:54.600,3722.2000,11892,0,6334061580.000,0,-,-,-,-,3721.4000,3721.0000,3720.8000,3720.6000,3720.4000,3722.8000,3725.0000,3725.2000,3725.4000,3726.4000,1,2,2,4,2,3,2,3,1,1
SF,IF2005,2020-04-13 13:56:55.100,3722.2000,11892,0,6334061580.000,0,-,-,-,-,3721.8000,3721.4000,3721.0000,3720.8000,3720.6000,3722.6000,3722.8000,3725.0000,3725.2000,3725.4000,1,1,2,2,4,1,3,2,3,1
SF,IF2005,2020-04-13 13:56:56.100,3722.2000,11892,0,6334061580.000,0,-,-,-,-,3721.8000,3721.4000,3721.0000,3720.8000,3720.6000,3722.6000,3722.8000,3725.0000,3725.2000,3725.4000,1,1,2,2,4,1,3,2,3,1
SF,IF2005,2020-04-13 13:56:56.600,3722.2000,11892,0,6334061580.000,0,-,-,-,-,3721.8000,3721.4000,3721.0000,3720.8000,3720.6000,3722.6000,3722.8000,3725.0000,3725.2000,3725.4000,1,1,2,2,4,1,3,2,3,1
SF,IF2005,2020-04-13 13:56:57.100,3722.2000,11892,0,6334061580.000,0,-,-,-,-,3721.8000,3721.4000,3721.0000,3720.8000,3720.6000,3722.6000,3722.8000,3725.0000,3725.2000,3725.4000,1,1,2,2,4,1,3,2,3,1
SF,IF2005,2020-04-13 13:56:57.600,3722.2000,11892,0,6334061580.000,0,-,-,-,-,3721.8000,3721.4000,3721.0000,3720.8000,3720.6000,3722.6000,3722.8000,3725.0000,3725.2000,3725.4000,1,1,2,2,4,1,3,2,3,1
SF,IF2005,2020-04-13 13:56:58.100,3722.2000,11892,0,6334061580.000,0,-,-,-,-,3721.8000,3721.4000,3721.0000,3720.8000,3720.6000,3722.6000,3722.8000,3725.0000,3725.2000,3725.4000,1,1,2,2,4,1,3,2,3,1
SF,IF2005,2020-04-13 13:56:58.600,3722.6000,11892,0,6335178360.000,1,0,1,空换,B,3721.8000,3721.4000,3721.0000,3720.8000,3720.6000,3722.8000,3725.0000,3725.2000,3725.4000,3726.4000,1,1,2,2,4,3,2,3,1,1
SF,IF2005,2020-04-13 13:56:59.100,3722.6000,11892,0,6335178360.000,0,-,-,-,-,3721.8000,3721.4000,3721.0000,3720.8000,3720.6000,3722.8000,3725.0000,3725.2000,3725.4000,3726.4000,1,1,2,2,4,3,2,3,1,1
SF,IF2005,2020-04-13 13:56:59.600,3722.6000,11892,0,6335178360.000,0,-,-,-,-,3721.8000,3721.4000,3721.0000,3720.8000,3720.6000,3722.8000,3725.0000,3725.2000,3725.4000,3726.4000,1,1,2,2,4,3,2,3,1,1
SF,IF2005,2020-04-13 13:57:00.100,3722.6000,11892,0,6335178360.000,0,-,-,-,-,3721.8000,3721.4000,3721.0000,3720.8000,3720.6000,3722.6000,3722.8000,3725.0000,3725.2000,3725.4000,1,1,2,2,4,1,2,2,3,1
SF,IF2005,2020-04-13 13:57:01.600,3722.6000,11892,0,6335178360.000,0,-,-,-,-,3721.8000,3721.4000,3721.0000,3720.8000,3720.6000,3722.6000,3722.8000,3725.0000,3725.2000,3725.4000,1,1,2,2,4,1,2,2,3,1
SF,IF2005,2020-04-13 13:57:02.100,3722.6000,11892,0,6335178360.000,0,-,-,-,-,3721.8000,3721.4000,3721.0000,3720.8000,3720.6000,3722.6000,3722.8000,3725.0000,3725.2000,3725.4000,1,1,2,2,4,1,2,2,3,1
SF,IF2005,2020-04-13 13:57:02.600,3722.6000,11892,0,6335178360.000,0,-,-,-,-,3721.8000,3721.4000,3721.0000,3720.8000,3720.6000,3722.6000,3722.8000,3725.0000,3725.2000,3725.4000,1,1,2,2,3,1,2,2,3,1
SF,IF2005,2020-04-13 13:57:03.100,3722.6000,11892,0,6335178360.000,0,-,-,-,-,3721.8000,3721.0000,3720.8000,3720.6000,3720.4000,3722.4000,3722.6000,3722.8000,3725.0000,3725.2000,1,2,2,3,6,1,1,1,2,3
SF,IF2005,2020-04-13 13:57:03.600,3722.6000,11893,1,6336295140.000,1,1,0,双开,B,3721.8000,3721.0000,3720.8000,3720.6000,3720.4000,3722.6000,3722.8000,3725.0000,3725.2000,3725.4000,1,2,2,3,6,1,1,2,3,1
SF,IF2005,2020-04-13 13:57:04.100,3722.6000,11893,0,6336295140.000,0,-,-,-,-,3721.8000,3721.0000,3720.8000,3720.6000,3720.4000,3722.6000,3725.0000,3725.2000,3725.4000,3726.4000,1,2,2,3,6,1,2,3,1,1
SF,IF2005,2020-04-13 13:57:04.600,3722.6000,11892,-1,6337411920.000,1,0,1,双平,B,3723.0000,3722.6000,3722.0000,3721.8000,3721.0000,3725.0000,3725.2000,3725.4000,3726.4000,3726.8000,1,1,3,1,2,2,3,1,1,1
SF,IF2005,2020-04-13 13:57:05.100,3722.6000,11892,0,6337411920.000,0,-,-,-,-,3723.0000,3722.8000,3722.2000,3722.0000,3721.6000,3724.2000,3724.4000,3724.6000,3724.8000,3725.0000,1,1,2,3,1,4,1,1,2,3
SF,IF2005,2020-04-13 13:57:05.600,3724.2000,11895,3,6340763700.000,3,3,0,双开,B,3724.6000,3723.6000,3723.4000,3723.2000,3723.0000,3725.4000,3726.4000,3726.8000,3728.0000,3729.2000,1,1,1,5,1,1,1,1,1,1
SF,IF2005,2020-04-13 13:57:06.100,3724.6000,11896,1,6341881080.000,1,1,0,双开,B,3724.6000,3723.2000,3723.0000,3721.8000,3721.6000,3726.4000,3726.8000,3728.0000,3729.2000,3729.4000,1,7,2,1,5,1,1,1,1,2
SF,IF2005,2020-04-13 13:57:06.600,3724.6000,11896,0,6341881080.000,0,-,-,-,-,3725.0000,3724.8000,3724.6000,3723.2000,3723.0000,3726.4000,3726.8000,3728.0000,3729.2000,3729.4000,1,1,1,6,2,1,1,1,1,2
SF,IF2005,2020-04-13 13:57:07.100,3724.6000,11896,0,6341881080.000,0,-,-,-,-,3725.2000,3724.8000,3723.2000,3723.0000,3722.2000,3726.0000,3726.4000,3726.8000,3728.0000,3729.2000,1,1,6,2,2,1,1,1,1,1
SF,IF2005,2020-04-13 13:57:07.600,3723.2000,11896,0,6345232920.000,3,1,2,空换,B,3723.4000,3723.2000,3723.0000,3722.2000,3722.0000,3725.2000,3725.6000,3725.8000,3726.0000,3726.2000,1,3,1,2,1,2,1,1,5,3
SF,IF2005,2020-04-13 13:57:08.100,3723.2000,11896,0,6345232920.000,0,-,-,-,-,3723.6000,3723.2000,3723.0000,3722.2000,3722.0000,3724.8000,3725.0000,3725.8000,3726.0000,3726.2000,2,1,1,2,1,2,1,1,1,1
SF,IF2005,2020-04-13 13:57:08.600,3723.2000,11896,0,6345232920.000,0,-,-,-,-,3723.8000,3723.6000,3723.2000,3723.0000,3722.2000,3724.8000,3725.8000,3726.2000,3726.4000,3726.8000,1,2,1,1,2,2,1,1,1,1
SF,IF2005,2020-04-13 13:57:09.100,3723.2000,11896,0,6345232920.000,0,-,-,-,-,3723.8000,3723.6000,3723.2000,3723.0000,3722.6000,3724.8000,3725.8000,3726.2000,3726.4000,3726.8000,1,1,1,1,1,2,1,1,1,1
SF,IF2005,2020-04-13 13:57:09.600,3723.2000,11896,0,6345232920.000,0,-,-,-,-,3723.8000,3723.6000,3723.2000,3723.0000,3722.6000,3724.8000,3725.8000,3726.2000,3726.4000,3726.8000,1,1,2,1,1,2,1,1,1,1
SF,IF2005,2020-04-13 13:57:10.100,3723.2000,11896,0,6345232920.000,0,-,-,-,-,3723.8000,3723.2000,3723.0000,3722.6000,3722.4000,3724.8000,3725.8000,3726.2000,3726.4000,3726.8000,1,2,1,2,1,2,1,1,1,1
SF,IF2005,2020-04-13 13:57:10.600,3724.8000,11897,1,6346350360.000,1,1,0,双开,B,3723.8000,3723.2000,3723.0000,3722.8000,3722.6000,3724.8000,3725.8000,3726.4000,3726.8000,3728.0000,1,4,1,1,2,1,1,1,1,1
SF,IF2005,2020-04-13 13:57:11.100,3724.8000,11898,1,6347467800.000,1,1,0,双开,B,3724.8000,3724.0000,3723.8000,3723.2000,3723.0000,3725.8000,3726.4000,3726.8000,3728.0000,3729.2000,2,1,1,3,1,1,1,1,1,1
SF,IF2005,2020-04-13 13:57:11.600,3724.8000,11898,0,6347467800.000,0,-,-,-,-,3724.0000,3723.8000,3723.2000,3722.8000,3722.6000,3725.6000,3725.8000,3726.4000,3726.8000,3728.0000,1,1,3,1,2,1,1,1,1,1
SF,IF2005,2020-04-13 13:57:12.600,3724.8000,11898,0,6347467800.000,0,-,-,-,-,3724.0000,3723.8000,3723.2000,3722.8000,3722.6000,3725.6000,3725.8000,3726.4000,3726.8000,3728.0000,1,1,3,1,2,1,1,1,1,1
SF,IF2005,2020-04-13 13:57:13.100,3724.8000,11898,0,6347467800.000,0,-,-,-,-,3724.0000,3723.8000,3723.2000,3722.8000,3722.6000,3725.6000,3725.8000,3726.4000,3726.8000,3728.0000,1,1,3,1,2,1,1,1,1,1
SF,IF2005,2020-04-13 13:57:13.600,3724.8000,11898,0,6347467800.000,0,-,-,-,-,3724.0000,3723.8000,3723.2000,3722.8000,3722.6000,3725.6000,3725.8000,3726.4000,3726.8000,3728.0000,1,1,3,1,2,1,1,1,1,1
SF,IF2005,2020-04-13 13:57:14.100,3724.8000,11898,0,6347467800.000,0,-,-,-,-,3724.0000,3723.8000,3723.2000,3723.0000,3722.8000,3725.6000,3725.8000,3726.4000,3726.8000,3728.0000,1,1,3,1,1,1,1,1,1,1
SF,IF2005,2020-04-13 13:57:14.600,3724.8000,11898,0,6347467800.000,0,-,-,-,-,3724.0000,3723.8000,3723.2000,3723.0000,3722.8000,3725.4000,3725.6000,3725.8000,3726.4000,3726.8000,1,1,3,1,2,1,1,1,1,1
SF,IF2005,2020-04-13 13:57:15.100,3724.8000,11898,0,6347467800.000,0,-,-,-,-,3724.0000,3723.8000,3723.2000,3723.0000,3722.8000,3725.2000,3725.4000,3725.8000,3726.4000,3726.8000,1,1,1,1,2,1,2,1,1,1
SF,IF2005,2020-04-13 13:57:15.600,3724.8000,11898,0,6347467800.000,0,-,-,-,-,3724.8000,3724.0000,3723.8000,3723.2000,3723.0000,3725.2000,3725.4000,3725.8000,3726.4000,3726.8000,2,1,1,1,1,1,2,1,1,1
SF,IF2005,2020-04-13 13:57:16.100,3724.8000,11898,0,6347467800.000,0,-,-,-,-,3724.8000,3724.0000,3723.8000,3723.2000,3723.0000,3725.2000,3725.4000,3725.8000,3726.4000,3726.8000,2,1,1,1,1,1,2,1,1,1
SF,IF2005,2020-04-13 13:57:16.600,3724.8000,11901,3,6350820120.000,3,3,0,双开,B,3724.0000,3723.8000,3723.2000,3723.0000,3722.8000,3725.2000,3725.4000,3725.8000,3726.4000,3726.8000,1,1,1,1,2,1,2,1,1,1
SF,IF2005,2020-04-13 13:57:17.100,3724.8000,11901,0,6350820120.000,0,-,-,-,-,3723.8000,3723.2000,3723.0000,3722.8000,3722.6000,3725.0000,3725.2000,3725.4000,3725.8000,3726.4000,1,1,1,1,1,1,1,2,1,1
SF,IF2005,2020-04-13 13:57:17.600,3724.8000,11901,0,6350820120.000,0,-,-,-,-,3723.8000,3723.0000,3722.8000,3722.4000,3722.2000,3724.8000,3725.0000,3725.4000,3725.8000,3726.4000,1,1,1,2,4,1,2,1,1,1
SF,IF2005,2020-04-13 13:57:18.100,3724.8000,11901,0,6350820120.000,0,-,-,-,-,3723.0000,3722.4000,3722.2000,3722.0000,3721.8000,3724.8000,3725.0000,3725.4000,3725.8000,3726.4000,1,1,4,2,4,6,2,1,1,1
SF,IF2005,2020-04-13 13:57:18.600,3724.8000,11901,0,6350820120.000,0,-,-,-,-,3722.4000,3722.2000,3722.0000,3721.8000,3721.6000,3724.4000,3724.6000,3724.8000,3725.0000,3725.8000,1,4,2,2,3,6,2,5,1,1
SF,IF2005,2020-04-13 13:57:19.100,3724.8000,11901,0,6350820120.000,0,-,-,-,-,3723.4000,3723.2000,3722.8000,3722.6000,3722.4000,3724.2000,3724.4000,3725.8000,3726.4000,3726.8000,2,1,2,4,2,1,5,1,1,1
SF,IF2005,2020-04-13 13:57:19.600,3724.8000,11901,0,6350820120.000,0,-,-,-,-,3724.2000,3723.8000,3723.4000,3723.2000,3722.8000,3725.8000,3726.4000,3726.8000,3728.0000,3729.2000,4,1,1,1,2,1,1,1,1,1
SF,IF2005,2020-04-13 13:57:20.100,3724.8000,11901,0,6350820120.000,0,-,-,-,-,3723.8000,3723.2000,3722.8000,3722.6000,3722.4000,3725.0000,3725.2000,3725.6000,3725.8000,3726.4000,1,1,1,3,2,1,3,8,1,1
SF,IF2005,2020-04-13 13:57:20.600,3724.8000,11901,0,6350820120.000,0,-,-,-,-,3723.8000,3722.8000,3722.6000,3722.4000,3722.2000,3725.0000,3725.2000,3725.6000,3725.8000,3726.4000,1,1,3,2,1,1,1,6,1,1
SF,IF2005,2020-04-13 13:57:21.100,3724.8000,11901,0,6350820120.000,0,-,-,-,-,3723.8000,3722.8000,3722.6000,3722.4000,3722.2000,3724.8000,3725.0000,3725.2000,3725.6000,3725.8000,1,1,3,2,1,5,1,1,6,1
SF,IF2005,2020-04-13 13:57:21.600,3724.8000,11901,0,6350820120.000,0,-,-,-,-,3722.8000,3722.6000,3722.4000,3722.2000,3722.0000,3724.6000,3724.8000,3725.6000,3725.8000,3726.4000,1,3,2,1,1,1,1,6,1,1
SF,IF2005,2020-04-13 13:57:22.100,3724.8000,11901,0,6350820120.000,0,-,-,-,-,3723.2000,3723.0000,3722.8000,3722.6000,3722.4000,3724.6000,3724.8000,3725.6000,3725.8000,3726.4000,1,2,1,2,2,1,1,6,1,1
SF,IF2005,2020-04-13 13:57:22.600,3724.8000,11902,1,6351937560.000,1,1,0,双开,B,3723.2000,3723.0000,3722.6000,3722.4000,3722.2000,3724.8000,3725.6000,3725.8000,3726.4000,3726.8000,2,2,2,2,1,1,6,1,1,1
SF,IF2005,2020-04-13 13:57:23.100,3723.2000,11903,1,6353054520.000,1,1,0,双开,B,3723.2000,3723.0000,3722.6000,3722.4000,3722.2000,3724.6000,3724.8000,3725.6000,3725.8000,3726.4000,1,2,2,2,1,1,1,5,1,1
SF,IF2005,2020-04-13 13:57:23.600,3723.2000,11903,0,6353054520.000,0,-,-,-,-,3723.2000,3723.0000,3722.6000,3722.4000,3722.2000,3724.6000,3724.8000,3725.6000,3725.8000,3726.4000,1,2,2,2,1,1,2,5,1,1
SF,IF2005,2020-04-13 13:57:24.100,3723.2000,11903,0,6353054520.000,0,-,-,-,-,3723.2000,3723.0000,3722.6000,3722.4000,3721.8000,3724.6000,3724.8000,3725.6000,3725.8000,3726.4000,1,2,2,2,2,1,2,5,1,1
SF,IF2005,2020-04-13 13:57:25.100,3723.2000,11903,0,6353054520.000,0,-,-,-,-,3723.4000,3723.2000,3723.0000,3722.6000,3722.4000,3724.6000,3724.8000,3725.6000,3725.8000,3726.4000,1,1,2,2,2,1,2,5,1,1
SF,IF2005,2020-04-13 13:57:25.600,3723.2000,11903,0,6353054520.000,0,-,-,-,-,3723.4000,3723.0000,3722.6000,3722.4000,3721.8000,3724.6000,3724.8000,3725.6000,3725.8000,3726.4000,1,2,2,2,2,1,2,5,1,1
SF,IF2005,2020-04-13 13:57:26.600,3723.2000,11903,0,6353054520.000,0,-,-,-,-,3723.4000,3723.0000,3722.6000,3722.4000,3721.8000,3724.6000,3724.8000,3725.6000,3725.8000,3726.4000,1,2,2,2,2,1,2,5,1,1
SF,IF2005,2020-04-13 13:57:27.100,3723.2000,11903,0,6353054520.000,0,-,-,-,-,3723.4000,3723.0000,3722.6000,3722.4000,3721.8000,3724.6000,3724.8000,3725.6000,3725.8000,3726.4000,1,2,2,2,2,1,2,5,1,1
SF,IF2005,2020-04-13 13:57:27.600,3723.2000,11903,0,6353054520.000,0,-,-,-,-,3723.8000,3723.4000,3723.0000,3722.6000,3722.4000,3724.6000,3724.8000,3725.6000,3725.8000,3726.4000,1,1,1,2,2,1,2,5,1,1
SF,IF2005,2020-04-13 13:57:28.100,3723.2000,11903,0,6353054520.000,0,-,-,-,-,3723.4000,3723.0000,3722.6000,3722.4000,3721.8000,3724.6000,3724.8000,3725.6000,3725.8000,3726.4000,1,1,3,2,2,1,1,5,1,1
SF,IF2005,2020-04-13 13:57:29.100,3723.2000,11903,0,6353054520.000,0,-,-,-,-,3723.8000,3723.4000,3723.0000,3722.6000,3722.4000,3724.6000,3724.8000,3725.6000,3725.8000,3726.4000,1,1,1,3,1,1,1,5,1,1
SF,IF2005,2020-04-13 13:57:29.600,3723.2000,11903,0,6353054520.000,0,-,-,-,-,3723.4000,3723.0000,3722.6000,3722.4000,3722.2000,3724.6000,3724.8000,3725.6000,3725.8000,3726.4000,1,1,3,1,1,1,1,5,1,1
SF,IF2005,2020-04-13 13:57:30.100,3723.2000,11903,0,6353054520.000,0,-,-,-,-,3723.6000,3723.4000,3723.0000,3722.6000,3722.4000,3724.6000,3725.6000,3725.8000,3726.4000,3726.8000,1,1,1,3,1,1,5,1,1,1
SF,IF2005,2020-04-13 13:57:30.600,3723.2000,11903,0,6353054520.000,0,-,-,-,-,3723.4000,3723.0000,3722.6000,3722.4000,3722.2000,3724.6000,3725.6000,3725.8000,3726.4000,3726.8000,1,1,3,1,1,1,5,1,1,1
SF,IF2005,2020-04-13 13:57:32.100,3723.2000,11903,0,6353054520.000,0,-,-,-,-,3723.4000,3723.0000,3722.6000,3722.4000,3722.2000,3724.6000,3725.6000,3725.8000,3726.4000,3726.8000,2,1,3,1,1,1,5,1,1,1
SF,IF2005,2020-04-13 13:57:32.600,3723.2000,11903,0,6353054520.000,0,-,-,-,-,3723.4000,3723.0000,3722.6000,3722.4000,3722.2000,3724.4000,3724.6000,3725.6000,3725.8000,3726.4000,2,1,3,1,1,1,1,5,1,1
SF,IF2005,2020-04-13 13:57:35.100,3723.2000,11903,0,6353054520.000,0,-,-,-,-,3723.4000,3723.0000,3722.6000,3722.4000,3722.2000,3724.4000,3724.6000,3725.6000,3725.8000,3726.4000,2,1,3,1,1,1,1,5,1,1
SF,IF2005,2020-04-13 13:57:35.600,3723.2000,11903,0,6353054520.000,0,-,-,-,-,3723.4000,3723.0000,3722.6000,3722.4000,3721.8000,3724.4000,3724.6000,3725.6000,3725.8000,3726.4000,2,1,3,1,2,1,1,5,1,1
SF,IF2005,2020-04-13 13:57:37.100,3723.4000,11904,1,6354171540.000,1,1,0,双开,B,3723.4000,3723.0000,3722.6000,3722.4000,3721.8000,3724.4000,3724.6000,3725.6000,3725.8000,3726.4000,1,1,3,1,2,1,1,5,1,1
SF,IF2005,2020-04-13 13:57:37.600,3723.4000,11904,0,6354171540.000,0,-,-,-,-,3723.4000,3723.0000,3722.6000,3722.4000,3721.8000,3724.6000,3725.6000,3725.8000,3726.4000,3726.8000,1,1,3,1,2,1,5,1,1,1
SF,IF2005,2020-04-13 13:57:38.100,3723.4000,11904,0,6354171540.000,0,-,-,-,-,3723.8000,3723.6000,3723.4000,3723.0000,3722.6000,3724.6000,3725.6000,3725.8000,3726.4000,3726.8000,1,1,1,1,3,1,5,1,1,1
SF,IF2005,2020-04-13 13:57:38.600,3723.4000,11904,0,6354171540.000,0,-,-,-,-,3723.6000,3723.4000,3723.0000,3722.6000,3722.4000,3724.6000,3725.6000,3725.8000,3726.4000,3726.8000,1,1,1,3,1,1,5,1,1,1
SF,IF2005,2020-04-13 13:57:39.600,3723.4000,11904,0,6354171540.000,0,-,-,-,-,3723.6000,3723.4000,3723.0000,3722.6000,3722.4000,3724.6000,3725.6000,3725.8000,3726.4000,3726.8000,1,1,1,3,1,1,5,1,1,1
SF,IF2005,2020-04-13 13:57:40.100,3723.4000,11904,0,6354171540.000,0,-,-,-,-,3723.4000,3723.0000,3722.6000,3722.4000,3721.8000,3724.4000,3724.6000,3725.6000,3725.8000,3726.4000,1,1,3,1,2,6,1,2,1,1
SF,IF2005,2020-04-13 13:57:40.600,3723.4000,11904,0,6354171540.000,0,-,-,-,-,3723.4000,3723.0000,3722.6000,3722.4000,3721.8000,3724.4000,3724.6000,3725.6000,3725.8000,3726.4000,1,1,3,1,2,6,1,2,1,1
SF,IF2005,2020-04-13 13:57:41.100,3723.4000,11904,0,6354171540.000,0,-,-,-,-,3723.4000,3723.0000,3722.6000,3722.4000,3721.8000,3724.4000,3724.6000,3725.6000,3725.8000,3726.4000,1,1,2,1,2,6,1,2,1,1
SF,IF2005,2020-04-13 13:57:43.100,3723.4000,11905,1,6355288560.000,1,1,0,双开,B,3723.0000,3722.6000,3722.4000,3721.8000,3721.6000,3724.6000,3725.6000,3725.8000,3726.4000,3726.8000,1,2,1,2,3,1,2,1,1,1
SF,IF2005,2020-04-13 13:57:43.600,3723.4000,11905,0,6355288560.000,0,-,-,-,-,3723.2000,3723.0000,3722.6000,3722.4000,3721.8000,3724.6000,3725.6000,3725.8000,3726.4000,3726.8000,2,1,2,1,2,1,2,1,1,1
SF,IF2005,2020-04-13 13:57:44.100,3723.4000,11905,0,6355288560.000,0,-,-,-,-,3723.2000,3723.0000,3722.6000,3722.4000,3721.8000,3724.6000,3725.6000,3725.8000,3726.4000,3726.8000,3,1,2,1,2,1,2,1,1,1
SF,IF2005,2020-04-13 13:57:45.100,3723.4000,11905,0,6355288560.000,0,-,-,-,-,3723.2000,3723.0000,3722.6000,3722.4000,3721.8000,3724.4000,3724.6000,3725.6000,3725.8000,3726.4000,3,1,2,1,2,1,1,2,1,1
SF,IF2005,2020-04-13 13:57:45.600,3723.4000,11905,0,6355288560.000,0,-,-,-,-,3723.2000,3723.0000,3722.6000,3722.4000,3721.8000,3724.4000,3724.6000,3725.6000,3725.8000,3726.4000,3,1,2,1,2,1,1,2,1,1
SF,IF2005,2020-04-13 13:57:46.100,3723.4000,11905,0,6355288560.000,0,-,-,-,-,3723.2000,3723.0000,3722.6000,3722.4000,3721.8000,3724.6000,3725.6000,3725.8000,3726.4000,3726.8000,3,1,2,1,2,1,2,1,1,1
SF,IF2005,2020-04-13 13:57:47.100,3723.4000,11905,0,6355288560.000,0,-,-,-,-,3723.2000,3723.0000,3722.6000,3722.4000,3721.8000,3724.6000,3725.6000,3725.8000,3726.4000,3726.8000,3,1,2,1,2,1,2,1,1,1
SF,IF2005,2020-04-13 13:57:47.600,3723.4000,11905,0,6355288560.000,0,-,-,-,-,3723.2000,3723.0000,3722.6000,3722.4000,3721.8000,3724.2000,3724.4000,3724.6000,3725.6000,3725.8000,3,1,1,1,2,5,1,1,2,1
SF,IF2005,2020-04-13 13:57:48.100,3723.4000,11905,0,6355288560.000,0,-,-,-,-,3723.2000,3722.6000,3722.4000,3721.8000,3721.6000,3724.2000,3724.4000,3725.6000,3725.8000,3726.4000,2,1,1,2,2,5,1,2,1,1
SF,IF2005,2020-04-13 13:57:48.600,3723.4000,11905,0,6355288560.000,0,-,-,-,-,3723.2000,3722.6000,3722.4000,3721.8000,3721.6000,3724.4000,3725.6000,3725.8000,3726.4000,3726.8000,2,1,1,2,2,1,2,1,1,1
SF,IF2005,2020-04-13 13:57:49.600,3723.4000,11905,0,6355288560.000,0,-,-,-,-,3723.2000,3722.6000,3722.4000,3721.8000,3721.6000,3724.2000,3724.4000,3725.6000,3725.8000,3726.4000,2,1,1,2,2,1,1,2,1,1
SF,IF2005,2020-04-13 13:57:50.600,3723.4000,11905,0,6355288560.000,0,-,-,-,-,3723.6000,3723.2000,3722.6000,3722.4000,3721.8000,3724.2000,3725.6000,3725.8000,3726.4000,3726.8000,1,2,1,1,2,1,2,1,1,1
SF,IF2005,2020-04-13 13:57:51.100,3724.2000,11906,1,6356405820.000,1,1,0,双开,B,3723.6000,3723.2000,3722.6000,3722.4000,3721.8000,3725.6000,3725.8000,3726.4000,3726.8000,3728.0000,1,2,1,1,2,2,1,1,1,1
SF,IF2005,2020-04-13 13:57:51.600,3724.2000,11906,0,6356405820.000,0,-,-,-,-,3723.6000,3723.2000,3722.6000,3722.4000,3721.8000,3724.8000,3725.0000,3725.2000,3725.4000,3725.6000,1,2,1,1,2,6,3,4,3,2
SF,IF2005,2020-04-13 13:57:52.100,3724.2000,11906,0,6356405820.000,0,-,-,-,-,3723.6000,3723.2000,3722.6000,3722.4000,3721.8000,3724.8000,3725.2000,3725.4000,3725.6000,3725.8000,1,2,1,1,2,6,5,4,2,1
SF,IF2005,2020-04-13 13:57:52.600,3724.2000,11906,0,6356405820.000,0,-,-,-,-,3723.6000,3723.2000,3722.8000,3722.6000,3722.4000,3724.8000,3725.2000,3725.4000,3725.6000,3725.8000,1,2,1,1,1,7,5,4,2,1
SF,IF2005,2020-04-13 13:57:53.100,3724.2000,11906,0,6356405820.000,0,-,-,-,-,3723.6000,3723.2000,3722.8000,3722.6000,3722.4000,3724.6000,3724.8000,3725.2000,3725.4000,3725.6000,1,2,1,1,1,6,6,5,3,2
SF,IF2005,2020-04-13 13:57:53.600,3724.2000,11906,0,6356405820.000,0,-,-,-,-,3723.6000,3723.2000,3722.8000,3722.6000,3722.4000,3724.6000,3724.8000,3725.2000,3725.4000,3725.6000,1,2,1,1,1,6,6,5,3,2
SF,IF2005,2020-04-13 13:57:54.100,3724.2000,11906,0,6356405820.000,0,-,-,-,-,3723.6000,3723.2000,3722.8000,3722.6000,3722.4000,3724.6000,3724.8000,3725.2000,3725.4000,3725.6000,1,2,1,1,1,6,6,4,3,2
SF,IF2005,2020-04-13 13:57:54.600,3724.2000,11906,0,6356405820.000,0,-,-,-,-,3723.6000,3723.2000,3722.8000,3722.6000,3722.4000,3724.6000,3724.8000,3725.2000,3725.4000,3725.6000,1,2,1,1,1,6,6,4,3,2
SF,IF2005,2020-04-13 13:57:55.600,3724.2000,11906,0,6356405820.000,0,-,-,-,-,3723.6000,3723.2000,3722.8000,3722.6000,3722.4000,3724.6000,3724.8000,3725.2000,3725.4000,3725.6000,1,2,1,1,1,7,6,4,3,2
SF,IF2005,2020-04-13 13:57:56.100,3724.2000,11906,0,6356405820.000,0,-,-,-,-,3723.2000,3722.8000,3722.6000,3722.4000,3721.8000,3724.6000,3724.8000,3725.2000,3725.4000,3725.6000,2,1,1,1,2,6,6,4,3,2
SF,IF2005,2020-04-13 13:57:56.600,3724.2000,11906,0,6356405820.000,0,-,-,-,-,3723.2000,3722.8000,3722.6000,3722.4000,3721.8000,3724.6000,3724.8000,3725.2000,3725.4000,3725.6000,2,1,1,1,2,7,6,4,3,2
SF,IF2005,2020-04-13 13:57:57.100,3724.2000,11906,0,6356405820.000,0,-,-,-,-,3723.2000,3722.8000,3722.6000,3722.4000,3721.8000,3724.4000,3724.6000,3724.8000,3725.2000,3725.4000,2,1,1,1,2,1,7,5,4,3
SF,IF2005,2020-04-13 13:57:57.600,3724.2000,11906,0,6356405820.000,0,-,-,-,-,3723.2000,3722.8000,3722.6000,3722.4000,3721.8000,3724.4000,3724.6000,3724.8000,3725.2000,3725.4000,2,1,1,1,2,1,7,5,4,3
SF,IF2005,2020-04-13 13:57:58.100,3724.2000,11906,0,6356405820.000,0,-,-,-,-,3723.2000,3722.8000,3722.6000,3722.4000,3721.8000,3724.4000,3724.6000,3724.8000,3725.2000,3725.4000,2,1,1,1,2,2,6,5,4,3
SF,IF2005,2020-04-13 13:57:58.600,3724.2000,11906,0,6356405820.000,0,-,-,-,-,3723.2000,3722.8000,3722.6000,3722.4000,3721.8000,3724.4000,3724.6000,3724.8000,3725.2000,3725.4000,2,1,1,1,2,1,6,5,3,3
SF,IF2005,2020-04-13 13:57:59.100,3724.2000,11906,0,6356405820.000,0,-,-,-,-,3723.2000,3722.8000,3722.6000,3722.4000,3721.8000,3724.4000,3724.6000,3724.8000,3725.2000,3725.4000,1,1,1,1,2,2,6,5,3,3
SF,IF2005,2020-04-13 13:58:00.600,3724.2000,11906,0,6356405820.000,0,-,-,-,-,3723.2000,3722.8000,3722.6000,3722.4000,3721.8000,3724.4000,3724.6000,3724.8000,3725.2000,3725.4000,1,1,1,1,2,2,6,5,3,3
SF,IF2005,2020-04-13 13:58:02.100,3724.2000,11906,0,6356405820.000,0,-,-,-,-,3723.2000,3722.8000,3722.6000,3722.4000,3721.8000,3724.4000,3724.6000,3724.8000,3725.2000,3725.4000,1,1,1,1,1,2,6,5,3,3
SF,IF2005,2020-04-13 13:58:02.600,3724.2000,11906,0,6356405820.000,0,-,-,-,-,3723.2000,3722.8000,3722.6000,3722.4000,3721.8000,3724.4000,3724.6000,3724.8000,3725.2000,3725.4000,1,1,1,1,1,2,6,5,3,3
SF,IF2005,2020-04-13 13:58:03.100,3723.2000,11906,0,6357522780.000,1,0,1,空换,B,3722.8000,3722.6000,3722.4000,3721.8000,3721.6000,3724.2000,3724.4000,3724.6000,3724.8000,3725.2000,1,1,1,1,2,3,2,5,5,3
SF,IF2005,2020-04-13 13:58:03.600,3723.2000,11906,0,6357522780.000,0,-,-,-,-,3722.4000,3721.8000,3721.6000,3721.4000,3721.2000,3724.0000,3724.2000,3724.4000,3724.6000,3724.8000,1,1,1,3,2,2,5,1,5,5
SF,IF2005,2020-04-13 13:58:04.100,3723.2000,11906,0,6357522780.000,0,-,-,-,-,3722.6000,3721.8000,3721.4000,3721.2000,3721.0000,3723.8000,3724.0000,3724.2000,3724.4000,3724.6000,1,1,1,2,16,3,2,2,1,5
SF,IF2005,2020-04-13 13:58:04.600,3723.2000,11906,0,6357522780.000,0,-,-,-,-,3722.6000,3721.2000,3721.0000,3720.8000,3720.4000,3723.6000,3723.8000,3724.2000,3724.4000,3724.6000,1,1,10,7,2,2,4,1,1,5
SF,IF2005,2020-04-13 13:58:05.100,3723.2000,11906,0,6357522780.000,0,-,-,-,-,3722.6000,3721.2000,3721.0000,3720.8000,3720.4000,3723.2000,3723.4000,3723.6000,3723.8000,3724.4000,1,1,9,7,2,1,1,1,3,1
SF,IF2005,2020-04-13 13:58:05.600,3723.2000,11907,1,6358639740.000,1,1,0,双开,B,3722.6000,3721.2000,3721.0000,3720.8000,3720.4000,3723.4000,3723.6000,3723.8000,3724.4000,3725.2000,1,1,9,7,2,1,1,3,1,2
SF,IF2005,2020-04-13 13:58:06.100,3723.2000,11907,0,6358639740.000,0,-,-,-,-,3721.2000,3721.0000,3720.8000,3720.2000,3720.0000,3723.4000,3723.6000,3723.8000,3724.4000,3725.2000,1,9,8,1,5,1,1,3,1,2
SF,IF2005,2020-04-13 13:58:06.600,3723.2000,11907,0,6358639740.000,0,-,-,-,-,3722.2000,3722.0000,3721.6000,3721.4000,3721.2000,3723.2000,3723.4000,3723.6000,3723.8000,3724.4000,3,1,1,5,5,1,1,1,3,1
SF,IF2005,2020-04-13 13:58:07.100,3723.2000,11907,0,6358639740.000,0,-,-,-,-,3722.4000,3722.2000,3721.6000,3721.4000,3721.2000,3723.4000,3723.6000,3723.8000,3724.4000,3725.2000,1,3,2,5,5,1,1,3,1,2
SF,IF2005,2020-04-13 13:58:07.600,3723.2000,11907,0,6358639740.000,0,-,-,-,-,3723.2000,3722.4000,3722.2000,3721.6000,3721.4000,3723.4000,3723.6000,3723.8000,3724.4000,3725.2000,1,1,3,1,5,1,1,3,1,2
SF,IF2005,2020-04-13 13:58:08.100,3723.2000,11908,1,6359756700.000,1,1,0,双开,B,3722.4000,3722.2000,3721.6000,3721.4000,3721.2000,3723.4000,3723.6000,3723.8000,3724.4000,3725.2000,1,3,1,5,5,1,1,3,1,2
SF,IF2005,2020-04-13 13:58:08.600,3723.2000,11908,0,6359756700.000,0,-,-,-,-,3722.6000,3722.2000,3721.6000,3721.4000,3721.2000,3723.6000,3723.8000,3724.4000,3725.2000,3725.4000,2,1,1,4,5,1,3,1,2,1
SF,IF2005,2020-04-13 13:58:10.100,3723.2000,11908,0,6359756700.000,0,-,-,-,-,3722.6000,3721.6000,3721.4000,3721.2000,3721.0000,3724.4000,3725.2000,3725.4000,3725.6000,3725.8000,2,1,4,5,8,1,2,1,1,1
SF,IF2005,2020-04-13 13:58:10.600,3723.2000,11908,0,6359756700.000,0,-,-,-,-,3723.2000,3722.6000,3721.6000,3721.4000,3721.2000,3724.0000,3724.2000,3724.4000,3725.2000,3725.4000,2,2,1,4,5,6,2,1,2,1
SF,IF2005,2020-04-13 13:58:11.100,3723.2000,11908,0,6359756700.000,0,-,-,-,-,3723.2000,3722.8000,3722.6000,3721.6000,3721.4000,3724.0000,3724.2000,3724.4000,3725.2000,3725.4000,2,1,1,1,4,1,3,1,2,1
SF,IF2005,2020-04-13 13:58:12.100,3723.2000,11908,0,6360873660.000,1,0,1,空换,B,3723.2000,3722.8000,3722.6000,3721.6000,3721.4000,3724.0000,3724.2000,3724.4000,3725.2000,3725.4000,2,1,1,1,4,1,3,1,2,1
SF,IF2005,2020-04-13 13:58:12.600,3723.2000,11908,0,6360873660.000,0,-,-,-,-,3723.2000,3722.8000,3722.6000,3721.6000,3721.4000,3724.0000,3724.2000,3724.4000,3725.2000,3725.4000,2,1,1,1,4,1,3,1,2,1
SF,IF2005,2020-04-13 13:58:13.100,3723.2000,11908,0,6360873660.000,0,-,-,-,-,3723.2000,3722.8000,3722.6000,3721.6000,3721.4000,3724.0000,3724.2000,3724.4000,3725.2000,3725.4000,2,1,1,1,4,1,3,1,2,1
SF,IF2005,2020-04-13 13:58:14.100,3723.2000,11908,0,6360873660.000,0,-,-,-,-,3723.2000,3722.8000,3722.6000,3721.6000,3721.4000,3723.8000,3724.0000,3724.2000,3724.4000,3725.2000,2,1,1,1,4,1,1,3,1,2
SF,IF2005,2020-04-13 13:58:15.600,3723.2000,11908,0,6360873660.000,0,-,-,-,-,3723.2000,3722.8000,3722.6000,3721.8000,3721.6000,3723.8000,3724.0000,3724.2000,3724.4000,3725.2000,1,1,1,1,1,1,1,3,1,2
SF,IF2005,2020-04-13 13:58:16.100,3723.2000,11908,0,6360873660.000,0,-,-,-,-,3723.2000,3722.8000,3722.6000,3721.8000,3721.6000,3724.0000,3724.2000,3724.4000,3725.2000,3725.4000,1,1,1,1,1,1,3,1,2,1
SF,IF2005,2020-04-13 13:58:16.600,3723.2000,11908,0,6360873660.000,0,-,-,-,-,3723.2000,3722.8000,3722.6000,3721.8000,3721.6000,3724.0000,3724.2000,3724.4000,3725.2000,3725.4000,2,1,1,1,1,1,3,1,2,1
SF,IF2005,2020-04-13 13:58:17.600,3723.2000,11908,0,6360873660.000,0,-,-,-,-,3723.2000,3722.8000,3722.6000,3721.8000,3721.6000,3723.8000,3724.0000,3724.2000,3724.4000,3725.2000,2,1,1,1,1,6,1,2,1,2
SF,IF2005,2020-04-13 13:58:19.100,3723.2000,11908,0,6360873660.000,0,-,-,-,-,3723.2000,3722.8000,3722.6000,3721.8000,3721.6000,3723.8000,3724.0000,3724.2000,3724.4000,3725.2000,2,1,1,1,1,6,1,2,1,2
SF,IF2005,2020-04-13 13:58:20.100,3723.2000,11908,0,6360873660.000,0,-,-,-,-,3723.2000,3722.8000,3722.6000,3721.6000,3721.4000,3723.8000,3724.0000,3724.2000,3724.4000,3725.2000,2,1,1,1,4,6,1,2,1,2
SF,IF2005,2020-04-13 13:58:20.600,3723.2000,11908,0,6360873660.000,0,-,-,-,-,3723.2000,3722.8000,3722.6000,3721.6000,3721.4000,3723.6000,3723.8000,3724.0000,3724.4000,3725.2000,2,1,1,1,4,1,6,1,1,2
SF,IF2005,2020-04-13 13:58:21.100,3723.2000,11908,0,6360873660.000,0,-,-,-,-,3723.2000,3722.8000,3722.6000,3721.6000,3721.4000,3723.6000,3723.8000,3724.0000,3724.4000,3725.2000,1,1,1,1,4,6,6,1,1,2
SF,IF2005,2020-04-13 13:58:21.600,3723.2000,11908,0,6360873660.000,0,-,-,-,-,3723.2000,3722.8000,3722.6000,3721.6000,3721.4000,3723.6000,3723.8000,3724.0000,3724.4000,3725.2000,1,1,1,1,4,6,6,1,1,2
SF,IF2005,2020-04-13 13:58:22.100,3723.2000,11909,1,6361990620.000,1,1,0,双开,B,3723.2000,3722.8000,3722.6000,3721.6000,3721.4000,3723.4000,3723.6000,3723.8000,3724.0000,3724.4000,1,1,1,1,2,1,6,5,1,1
SF,IF2005,2020-04-13 13:58:22.600,3723.2000,11909,0,6363107580.000,1,0,1,空换,B,3722.8000,3722.6000,3721.6000,3721.4000,3721.2000,3723.4000,3723.6000,3723.8000,3724.0000,3724.4000,1,1,1,2,5,1,5,5,1,1
SF,IF2005,2020-04-13 13:58:23.100,3723.2000,11909,0,6363107580.000,0,-,-,-,-,3722.6000,3721.6000,3721.4000,3721.2000,3721.0000,3723.4000,3723.6000,3723.8000,3724.0000,3724.4000,1,1,2,5,3,1,5,5,1,1
SF,IF2005,2020-04-13 13:58:25.100,3723.2000,11909,0,6363107580.000,0,-,-,-,-,3722.6000,3721.6000,3721.4000,3721.2000,3720.8000,3723.4000,3723.6000,3723.8000,3724.4000,3725.2000,1,1,2,5,8,1,5,5,1,2
SF,IF2005,2020-04-13 13:58:25.600,3720.2000,11918,9,6385433820.000,20,14,6,多开,B,3720.2000,3720.0000,3719.8000,3719.4000,3718.8000,3723.4000,3723.6000,3723.8000,3724.4000,3725.2000,3,3,10,2,1,1,5,5,1,2
SF,IF2005,2020-04-13 13:58:26.100,3720.2000,11918,0,6385433820.000,0,-,-,-,-,3722.0000,3721.8000,3721.6000,3721.2000,3721.0000,3723.2000,3723.4000,3723.6000,3723.8000,3724.4000,1,1,1,1,4,4,1,5,5,1
SF,IF2005,2020-04-13 13:58:26.600,3720.2000,11918,0,6385433820.000,0,-,-,-,-,3722.2000,3722.0000,3721.8000,3721.6000,3721.2000,3722.4000,3723.0000,3723.2000,3723.4000,3723.6000,1,1,1,1,1,4,2,3,1,5
SF,IF2005,2020-04-13 13:58:27.100,3722.4000,11919,1,6389900700.000,4,2,2,多开,B,3722.4000,3722.2000,3722.0000,3721.8000,3721.6000,3722.6000,3722.8000,3723.0000,3723.2000,3723.4000,4,1,1,1,1,1,1,3,3,1
SF,IF2005,2020-04-13 13:58:27.600,3722.4000,11919,0,6389900700.000,0,-,-,-,-,3722.2000,3722.0000,3721.8000,3721.2000,3721.0000,3722.6000,3722.8000,3723.0000,3723.2000,3723.4000,1,1,1,1,5,1,1,3,3,1
SF,IF2005,2020-04-13 13:58:28.100,3722.6000,11918,-1,6391017480.000,1,0,1,双平,B,3722.2000,3722.0000,3721.2000,3721.0000,3720.8000,3722.8000,3723.0000,3723.2000,3723.4000,3724.4000,1,1,1,5,7,1,1,3,1,1
SF,IF2005,2020-04-13 13:58:28.600,3722.8000,11918,0,6394367760.000,3,1,2,空换,B,3722.2000,3722.0000,3721.2000,3721.0000,3720.8000,3723.0000,3723.2000,3724.2000,3724.4000,3725.2000,1,1,1,5,7,1,3,2,1,2
SF,IF2005,2020-04-13 13:58:29.100,3722.8000,11918,0,6394367760.000,0,-,-,-,-,3722.6000,3722.4000,3722.2000,3722.0000,3721.2000,3723.0000,3723.2000,3724.2000,3724.4000,3725.2000,1,2,1,1,1,1,1,2,1,2
SF,IF2005,2020-04-13 13:58:29.600,3722.8000,11918,0,6394367760.000,0,-,-,-,-,3722.6000,3722.4000,3722.2000,3722.0000,3721.2000,3723.0000,3723.2000,3724.4000,3725.2000,3725.4000,1,2,1,1,1,1,1,1,4,1
SF,IF2005,2020-04-13 13:58:30.100,3722.8000,11918,0,6394367760.000,0,-,-,-,-,3722.6000,3722.4000,3722.2000,3722.0000,3721.2000,3723.0000,3723.2000,3724.4000,3725.2000,3725.4000,1,2,1,1,5,1,1,1,4,1
SF,IF2005,2020-04-13 13:58:30.600,3722.8000,11918,0,6394367760.000,0,-,-,-,-,3722.6000,3722.4000,3722.2000,3722.0000,3721.2000,3723.0000,3723.2000,3724.4000,3725.2000,3725.4000,1,2,1,1,6,1,1,1,4,1
SF,IF2005,2020-04-13 13:58:31.100,3722.8000,11918,0,6394367760.000,0,-,-,-,-,3722.6000,3722.4000,3722.2000,3722.0000,3721.2000,3723.0000,3723.2000,3724.4000,3725.2000,3725.4000,1,2,1,1,7,1,1,1,4,1
SF,IF2005,2020-04-13 13:58:31.600,3723.0000,11918,0,6395484660.000,1,0,1,空换,B,3722.6000,3722.4000,3722.2000,3722.0000,3721.2000,3723.2000,3724.4000,3725.2000,3725.4000,3725.8000,1,2,1,1,6,1,1,4,1,1
SF,IF2005,2020-04-13 13:58:32.100,3723.0000,11918,0,6395484660.000,0,-,-,-,-,3722.6000,3722.4000,3722.2000,3722.0000,3721.2000,3723.2000,3724.4000,3725.2000,3725.4000,3725.8000,1,2,1,1,6,1,1,4,1,1
SF,IF2005,2020-04-13 13:58:32.600,3723.0000,11918,0,6395484660.000,0,-,-,-,-,3722.4000,3722.2000,3722.0000,3721.2000,3721.0000,3723.2000,3724.4000,3725.2000,3725.4000,3725.8000,2,1,1,6,10,1,1,4,1,1
SF,IF2005,2020-04-13 13:58:33.100,3723.0000,11918,0,6395484660.000,0,-,-,-,-,3722.4000,3722.2000,3722.0000,3721.2000,3721.0000,3723.2000,3724.4000,3725.2000,3725.4000,3725.8000,2,1,1,6,11,1,1,4,1,1
SF,IF2005,2020-04-13 13:58:33.600,3723.0000,11918,0,6395484660.000,0,-,-,-,-,3722.4000,3722.2000,3722.0000,3721.2000,3721.0000,3723.2000,3724.4000,3725.2000,3725.4000,3725.8000,2,1,1,6,11,1,1,4,1,1
SF,IF2005,2020-04-13 13:58:34.100,3723.0000,11918,0,6395484660.000,0,-,-,-,-,3722.4000,3722.2000,3722.0000,3721.2000,3721.0000,3723.2000,3725.2000,3725.4000,3725.8000,3726.4000,2,1,1,6,11,1,4,1,1,1
SF,IF2005,2020-04-13 13:58:34.600,3723.0000,11918,0,6395484660.000,0,-,-,-,-,3722.4000,3722.2000,3722.0000,3721.2000,3721.0000,3723.2000,3725.2000,3725.4000,3725.8000,3726.4000,2,1,1,6,11,1,4,1,1,1
SF,IF2005,2020-04-13 13:58:35.100,3723.0000,11918,0,6395484660.000,0,-,-,-,-,3722.4000,3722.2000,3722.0000,3721.2000,3721.0000,3723.2000,3725.2000,3725.4000,3725.8000,3726.4000,2,1,1,6,11,2,4,1,1,1
SF,IF2005,2020-04-13 13:58:35.600,3723.0000,11918,0,6395484660.000,0,-,-,-,-,3722.4000,3722.2000,3722.0000,3721.2000,3721.0000,3723.2000,3725.2000,3725.4000,3725.8000,3726.4000,2,1,1,6,11,1,4,1,1,1
SF,IF2005,2020-04-13 13:58:36.100,3723.0000,11918,0,6395484660.000,0,-,-,-,-,3722.4000,3722.2000,3722.0000,3721.2000,3721.0000,3723.2000,3725.2000,3725.4000,3725.8000,3726.4000,2,1,1,6,11,1,4,1,1,1
SF,IF2005,2020-04-13 13:58:36.600,3723.0000,11918,0,6395484660.000,0,-,-,-,-,3722.4000,3722.2000,3722.0000,3721.2000,3721.0000,3723.2000,3725.2000,3725.4000,3725.8000,3726.4000,2,1,1,6,13,2,4,1,1,1
SF,IF2005,2020-04-13 13:58:37.100,3723.0000,11918,0,6395484660.000,0,-,-,-,-,3722.4000,3722.2000,3722.0000,3721.2000,3721.0000,3723.2000,3725.2000,3725.4000,3725.8000,3726.4000,2,1,1,6,14,1,4,1,1,1
SF,IF2005,2020-04-13 13:58:37.600,3723.0000,11918,0,6395484660.000,0,-,-,-,-,3722.4000,3722.2000,3722.0000,3721.2000,3721.0000,3723.2000,3725.2000,3725.4000,3725.8000,3726.4000,2,1,1,6,14,1,4,1,1,1
SF,IF2005,2020-04-13 13:58:38.600,3723.0000,11918,0,6395484660.000,0,-,-,-,-,3722.4000,3722.2000,3722.0000,3721.2000,3721.0000,3723.2000,3725.2000,3725.4000,3725.8000,3726.4000,2,1,1,6,14,1,4,1,1,1
SF,IF2005,2020-04-13 13:58:39.100,3723.0000,11918,0,6395484660.000,0,-,-,-,-,3722.4000,3722.2000,3722.0000,3721.2000,3721.0000,3723.2000,3725.2000,3725.4000,3725.8000,3726.4000,2,1,1,6,13,1,4,1,1,1
SF,IF2005,2020-04-13 13:58:39.600,3723.0000,11918,0,6395484660.000,0,-,-,-,-,3722.8000,3722.6000,3722.4000,3721.2000,3721.0000,3725.2000,3725.4000,3725.8000,3726.4000,3726.8000,1,1,2,6,13,4,1,1,1,1
SF,IF2005,2020-04-13 13:58:40.100,3723.0000,11918,0,6395484660.000,0,-,-,-,-,3722.6000,3722.4000,3721.2000,3721.0000,3720.8000,3723.4000,3723.8000,3724.0000,3724.2000,3724.6000,1,2,6,21,8,1,9,2,1,2
SF,IF2005,2020-04-13 13:58:40.600,3723.4000,11920,2,6397718820.000,2,2,0,双开,B,3723.0000,3722.6000,3722.4000,3721.2000,3721.0000,3723.8000,3724.4000,3724.6000,3724.8000,3725.0000,1,1,1,6,22,2,1,1,1,3
SF,IF2005,2020-04-13 13:58:41.100,3723.8000,11921,1,6398835960.000,1,1,0,双开,B,3723.4000,3723.2000,3723.0000,3722.8000,3722.6000,3724.4000,3724.6000,3724.8000,3725.0000,3725.2000,1,1,1,1,1,1,1,1,3,4
SF,IF2005,2020-04-13 13:58:41.600,3723.8000,11921,0,6398835960.000,0,-,-,-,-,3723.8000,3723.2000,3722.6000,3721.4000,3721.2000,3725.0000,3725.2000,3725.4000,3726.4000,3726.8000,1,2,1,8,6,3,2,1,1,1
SF,IF2005,2020-04-13 13:58:42.100,3723.8000,11921,0,6398835960.000,0,-,-,-,-,3723.6000,3722.6000,3722.4000,3722.0000,3721.8000,3724.8000,3725.0000,3726.4000,3726.8000,3727.0000,1,2,1,1,1,3,1,1,1,2
SF,IF2005,2020-04-13 13:58:42.600,3723.8000,11921,0,6398835960.000,0,-,-,-,-,3723.6000,3722.6000,3722.4000,3722.0000,3721.8000,3724.8000,3726.4000,3726.8000,3727.0000,3728.0000,1,2,2,1,7,1,1,1,2,1
SF,IF2005,2020-04-13 13:58:43.100,3723.8000,11921,0,6398835960.000,0,-,-,-,-,3723.6000,3722.6000,3722.4000,3722.0000,3721.8000,3724.4000,3724.8000,3726.4000,3726.8000,3727.0000,1,2,2,1,7,1,1,1,1,2
SF,IF2005,2020-04-13 13:58:43.600,3723.8000,11921,0,6398835960.000,0,-,-,-,-,3722.6000,3722.4000,3722.0000,3721.8000,3721.6000,3724.4000,3724.6000,3726.4000,3726.8000,3727.0000,2,2,1,7,6,2,7,1,1,2
SF,IF2005,2020-04-13 13:58:44.100,3723.8000,11921,0,6398835960.000,0,-,-,-,-,3723.0000,3722.8000,3722.6000,3722.4000,3722.0000,3724.0000,3724.2000,3724.4000,3724.6000,3726.4000,1,3,1,1,1,1,1,1,6,1
SF,IF2005,2020-04-13 13:58:44.600,3723.8000,11921,0,6398835960.000,0,-,-,-,-,3723.0000,3722.8000,3722.6000,3722.0000,3721.8000,3724.0000,3724.2000,3724.4000,3724.6000,3726.4000,2,3,1,1,7,1,1,1,6,1
SF,IF2005,2020-04-13 13:58:45.100,3723.8000,11921,0,6398835960.000,0,-,-,-,-,3723.0000,3722.8000,3722.6000,3722.2000,3722.0000,3724.0000,3724.2000,3724.6000,3726.4000,3726.8000,2,3,1,1,1,1,1,6,1,1
SF,IF2005,2020-04-13 13:58:45.600,3723.8000,11921,0,6398835960.000,0,-,-,-,-,3723.0000,3722.8000,3722.6000,3722.2000,3722.0000,3724.0000,3724.2000,3724.6000,3726.4000,3726.8000,2,3,1,1,1,2,1,6,1,1
SF,IF2005,2020-04-13 13:58:46.100,3723.8000,11921,0,6398835960.000,0,-,-,-,-,3723.0000,3722.8000,3722.6000,3722.2000,3722.0000,3724.0000,3724.2000,3724.6000,3726.4000,3726.8000,2,3,1,2,1,2,1,1,1,1
SF,IF2005,2020-04-13 13:58:46.600,3723.8000,11921,0,6398835960.000,0,-,-,-,-,3723.2000,3723.0000,3722.2000,3722.0000,3721.8000,3724.0000,3724.2000,3726.4000,3726.8000,3727.0000,4,2,2,1,5,2,1,1,1,2
SF,IF2005,2020-04-13 13:58:47.100,3723.8000,11921,0,6398835960.000,0,-,-,-,-,3723.4000,3723.2000,3723.0000,3722.2000,3722.0000,3724.0000,3724.2000,3726.4000,3726.8000,3727.0000,1,4,1,2,2,2,1,1,1,2
SF,IF2005,2020-04-13 13:58:47.600,3723.8000,11921,0,6398835960.000,0,-,-,-,-,3723.4000,3723.2000,3723.0000,3722.2000,3722.0000,3724.0000,3724.2000,3726.4000,3726.8000,3727.0000,1,4,1,2,2,2,1,1,1,2
SF,IF2005,2020-04-13 13:58:48.600,3724.0000,11922,1,6401070360.000,2,1,1,多开,B,3723.4000,3723.2000,3723.0000,3722.2000,3722.0000,3724.2000,3726.4000,3726.8000,3727.0000,3728.0000,1,4,1,2,2,1,1,1,2,1
SF,IF2005,2020-04-13 13:58:49.100,3724.0000,11922,0,6401070360.000,0,-,-,-,-,3723.4000,3723.2000,3723.0000,3722.2000,3722.0000,3724.2000,3726.4000,3726.8000,3727.0000,3728.0000,1,3,1,2,2,1,1,1,2,1
SF,IF2005,2020-04-13 13:58:49.600,3724.0000,11922,0,6401070360.000,0,-,-,-,-,3723.4000,3723.2000,3723.0000,3722.2000,3722.0000,3724.2000,3726.4000,3726.8000,3727.0000,3728.0000,1,3,1,2,3,1,1,1,2,1
SF,IF2005,2020-04-13 13:58:50.100,3724.0000,11922,0,6401070360.000,0,-,-,-,-,3723.4000,3723.2000,3723.0000,3722.4000,3722.2000,3724.2000,3726.4000,3726.8000,3727.0000,3728.0000,1,3,1,1,2,1,1,1,2,1
SF,IF2005,2020-04-13 13:58:51.100,3724.0000,11922,0,6401070360.000,0,-,-,-,-,3723.4000,3723.2000,3723.0000,3722.4000,3722.2000,3724.2000,3726.4000,3726.8000,3727.0000,3728.0000,1,3,1,1,2,1,1,1,2,1
SF,IF2005,2020-04-13 13:58:51.600,3724.0000,11922,0,6401070360.000,0,-,-,-,-,3723.4000,3723.2000,3723.0000,3722.4000,3722.2000,3724.2000,3726.4000,3726.8000,3727.0000,3728.0000,1,3,1,1,2,1,1,1,2,1
SF,IF2005,2020-04-13 13:58:53.100,3724.0000,11922,0,6401070360.000,0,-,-,-,-,3723.4000,3723.2000,3723.0000,3722.4000,3722.2000,3724.2000,3726.4000,3726.8000,3727.0000,3728.0000,1,3,1,1,2,1,1,1,2,1
SF,IF2005,2020-04-13 13:58:55.100,3724.0000,11922,0,6401070360.000,0,-,-,-,-,3723.4000,3723.2000,3723.0000,3722.4000,3722.2000,3724.2000,3726.4000,3726.8000,3727.0000,3728.0000,1,3,1,1,2,1,1,1,2,1
SF,IF2005,2020-04-13 13:58:55.600,3724.0000,11922,0,6401070360.000,0,-,-,-,-,3723.4000,3723.2000,3723.0000,3722.4000,3722.2000,3724.2000,3726.4000,3726.8000,3727.0000,3728.0000,1,3,1,1,2,1,1,1,2,1
SF,IF2005,2020-04-13 13:58:57.600,3724.0000,11922,0,6401070360.000,0,-,-,-,-,3723.4000,3723.2000,3723.0000,3722.4000,3722.2000,3724.2000,3726.4000,3726.8000,3727.0000,3728.0000,1,3,1,1,2,1,1,1,2,1
SF,IF2005,2020-04-13 13:58:58.600,3724.0000,11922,0,6401070360.000,0,-,-,-,-,3723.4000,3723.2000,3723.0000,3722.4000,3722.2000,3724.2000,3726.4000,3726.8000,3727.0000,3728.0000,1,3,1,1,2,1,1,1,2,1
SF,IF2005,2020-04-13 13:58:59.100,3724.0000,11922,0,6401070360.000,0,-,-,-,-,3723.4000,3723.2000,3722.4000,3722.2000,3722.0000,3724.2000,3726.4000,3726.8000,3727.0000,3728.0000,1,3,1,2,4,1,1,1,2,1
SF,IF2005,2020-04-13 13:58:59.600,3724.0000,11922,0,6401070360.000,0,-,-,-,-,3723.4000,3723.2000,3722.4000,3722.2000,3722.0000,3724.2000,3726.4000,3726.8000,3727.0000,3728.0000,1,3,1,2,4,1,1,1,2,1
SF,IF2005,2020-04-13 13:59:01.600,3724.0000,11922,0,6401070360.000,0,-,-,-,-,3723.4000,3723.2000,3722.4000,3722.2000,3722.0000,3724.2000,3726.4000,3726.8000,3727.0000,3728.0000,1,3,1,2,4,1,1,1,2,1
SF,IF2005,2020-04-13 13:59:02.100,3724.0000,11922,0,6401070360.000,0,-,-,-,-,3723.4000,3723.2000,3722.4000,3722.2000,3722.0000,3724.2000,3726.4000,3726.8000,3727.0000,3728.0000,1,3,1,2,4,1,1,1,2,1
SF,IF2005,2020-04-13 13:59:02.600,3724.0000,11922,0,6401070360.000,0,-,-,-,-,3723.6000,3723.4000,3723.2000,3722.4000,3722.2000,3724.2000,3726.4000,3726.8000,3727.0000,3728.0000,1,1,2,1,2,1,1,1,2,1
SF,IF2005,2020-04-13 13:59:03.100,3724.0000,11922,0,6401070360.000,0,-,-,-,-,3723.4000,3723.2000,3722.4000,3722.2000,3722.0000,3724.2000,3726.4000,3726.8000,3727.0000,3728.0000,1,2,1,2,8,1,1,1,2,1
SF,IF2005,2020-04-13 13:59:03.600,3724.0000,11922,0,6401070360.000,0,-,-,-,-,3723.4000,3723.2000,3722.4000,3722.2000,3722.0000,3724.2000,3726.4000,3726.8000,3727.0000,3728.0000,1,2,1,2,8,1,1,1,2,1
SF,IF2005,2020-04-13 13:59:04.600,3724.0000,11922,0,6401070360.000,0,-,-,-,-,3723.4000,3723.2000,3722.4000,3722.2000,3722.0000,3724.2000,3726.4000,3726.8000,3727.0000,3728.0000,1,2,1,2,5,1,1,1,2,1
SF,IF2005,2020-04-13 13:59:05.100,3724.0000,11922,0,6401070360.000,0,-,-,-,-,3723.4000,3723.2000,3722.4000,3722.2000,3722.0000,3724.2000,3726.4000,3726.8000,3728.0000,3729.4000,1,2,1,2,5,1,1,1,1,1
SF,IF2005,2020-04-13 13:59:06.100,3724.0000,11922,0,6401070360.000,0,-,-,-,-,3723.4000,3723.2000,3722.4000,3722.2000,3722.0000,3724.0000,3724.2000,3726.4000,3726.8000,3728.0000,1,2,1,2,5,5,1,1,1,1
SF,IF2005,2020-04-13 13:59:06.600,3724.0000,11922,0,6401070360.000,0,-,-,-,-,3723.2000,3722.4000,3722.2000,3722.0000,3721.8000,3724.2000,3726.4000,3726.8000,3728.0000,3729.4000,2,1,1,5,4,1,1,1,1,1
SF,IF2005,2020-04-13 13:59:08.100,3724.0000,11922,0,6401070360.000,0,-,-,-,-,3723.2000,3722.4000,3722.2000,3722.0000,3721.8000,3724.2000,3726.4000,3726.8000,3728.0000,3729.4000,2,1,2,5,4,1,1,1,1,1
SF,IF2005,2020-04-13 13:59:10.100,3724.0000,11922,0,6401070360.000,0,-,-,-,-,3723.2000,3722.4000,3722.2000,3722.0000,3721.8000,3724.2000,3726.4000,3726.8000,3728.0000,3729.4000,2,1,2,4,6,1,1,1,1,1
SF,IF2005,2020-04-13 13:59:10.600,3724.0000,11922,0,6401070360.000,0,-,-,-,-,3724.0000,3723.2000,3722.4000,3722.2000,3722.0000,3724.2000,3726.4000,3726.8000,3728.0000,3729.4000,2,2,1,2,4,1,1,1,1,1
SF,IF2005,2020-04-13 13:59:11.100,3724.0000,11922,0,6402187560.000,1,0,1,空换,B,3724.0000,3723.2000,3722.4000,3722.2000,3722.0000,3726.4000,3726.8000,3728.0000,3729.4000,3729.8000,1,2,1,2,4,1,1,1,1,3
SF,IF2005,2020-04-13 13:59:11.600,3724.0000,11922,0,6402187560.000,0,-,-,-,-,3724.2000,3724.0000,3723.2000,3722.4000,3722.2000,3724.4000,3724.6000,3724.8000,3725.0000,3725.2000,1,1,1,1,2,5,4,3,3,4
SF,IF2005,2020-04-13 13:59:12.100,3724.2000,11923,1,6403304820.000,1,1,0,双开,B,3724.0000,3723.2000,3722.4000,3722.2000,3722.0000,3724.4000,3724.6000,3724.8000,3725.0000,3725.2000,1,1,1,2,4,5,4,3,1,3
SF,IF2005,2020-04-13 13:59:12.600,3724.2000,11923,0,6403304820.000,0,-,-,-,-,3724.0000,3723.2000,3722.4000,3722.2000,3722.0000,3724.6000,3724.8000,3725.0000,3725.2000,3725.4000,1,1,1,2,4,4,2,1,3,2
SF,IF2005,2020-04-13 13:59:13.100,3724.0000,11923,0,6404422020.000,1,0,1,空换,B,3723.2000,3722.4000,3722.2000,3722.0000,3721.8000,3724.0000,3724.2000,3724.4000,3724.8000,3725.0000,1,1,2,12,6,1,5,7,2,1
SF,IF2005,2020-04-13 13:59:13.600,3723.2000,11924,1,6405538980.000,1,1,0,双开,B,3722.4000,3722.2000,3722.0000,3721.8000,3721.6000,3724.0000,3724.4000,3724.8000,3725.0000,3725.2000,1,2,12,6,16,1,6,2,1,3
SF,IF2005,2020-04-13 13:59:14.100,3723.2000,11924,0,6405538980.000,0,-,-,-,-,3722.8000,3722.6000,3722.4000,3722.2000,3722.0000,3723.8000,3724.0000,3724.4000,3724.8000,3725.0000,1,4,1,2,4,1,1,1,2,1
SF,IF2005,2020-04-13 13:59:14.600,3723.2000,11924,0,6405538980.000,0,-,-,-,-,3722.8000,3722.6000,3722.4000,3722.2000,3722.0000,3723.8000,3724.0000,3724.4000,3724.8000,3725.0000,1,3,1,1,3,1,5,1,2,1
SF,IF2005,2020-04-13 13:59:15.100,3723.2000,11924,0,6405538980.000,0,-,-,-,-,3722.8000,3722.6000,3722.4000,3722.0000,3721.8000,3723.6000,3723.8000,3724.0000,3724.8000,3725.0000,1,3,1,3,4,1,1,5,2,1
SF,IF2005,2020-04-13 13:59:15.600,3723.2000,11924,0,6405538980.000,0,-,-,-,-,3722.8000,3722.6000,3722.0000,3721.8000,3721.6000,3723.6000,3723.8000,3724.0000,3724.8000,3725.0000,1,3,2,4,8,1,1,5,2,1
SF,IF2005,2020-04-13 13:59:16.100,3723.2000,11924,0,6405538980.000,0,-,-,-,-,3722.8000,3722.6000,3722.0000,3721.8000,3721.6000,3723.6000,3723.8000,3724.0000,3724.8000,3725.0000,1,3,2,4,8,1,1,5,2,1
SF,IF2005,2020-04-13 13:59:16.600,3723.2000,11924,0,6405538980.000,0,-,-,-,-,3722.8000,3722.6000,3722.0000,3721.8000,3721.6000,3723.6000,3723.8000,3724.0000,3724.8000,3725.0000,1,3,2,4,8,1,1,5,2,1
SF,IF2005,2020-04-13 13:59:18.600,3723.2000,11924,0,6405538980.000,0,-,-,-,-,3722.8000,3722.6000,3722.0000,3721.8000,3721.6000,3723.6000,3723.8000,3724.0000,3724.8000,3725.0000,1,3,2,4,7,1,1,5,2,1
SF,IF2005,2020-04-13 13:59:19.100,3723.2000,11924,0,6405538980.000,0,-,-,-,-,3722.8000,3722.6000,3722.0000,3721.8000,3721.6000,3723.4000,3723.6000,3723.8000,3724.0000,3724.8000,1,3,2,1,6,2,1,1,5,2
SF,IF2005,2020-04-13 13:59:19.600,3723.2000,11924,0,6405538980.000,0,-,-,-,-,3722.8000,3722.6000,3722.0000,3721.8000,3721.6000,3723.4000,3723.6000,3723.8000,3724.0000,3724.8000,1,3,1,1,6,2,1,1,5,2
SF,IF2005,2020-04-13 13:59:20.100,3723.2000,11924,0,6405538980.000,0,-,-,-,-,3722.8000,3722.6000,3722.0000,3721.8000,3721.6000,3723.4000,3723.6000,3723.8000,3724.0000,3724.8000,1,3,1,1,6,2,1,1,5,2
SF,IF2005,2020-04-13 13:59:20.600,3723.2000,11924,0,6405538980.000,0,-,-,-,-,3722.8000,3722.6000,3722.0000,3721.8000,3721.6000,3723.4000,3723.6000,3723.8000,3724.0000,3724.8000,1,3,1,1,6,2,1,1,5,2
SF,IF2005,2020-04-13 13:59:21.100,3723.2000,11924,0,6405538980.000,0,-,-,-,-,3722.8000,3722.6000,3722.0000,3721.8000,3721.6000,3723.4000,3723.6000,3723.8000,3724.0000,3724.8000,1,3,1,1,2,2,1,1,5,2
SF,IF2005,2020-04-13 13:59:21.600,3723.2000,11924,0,6405538980.000,0,-,-,-,-,3722.8000,3722.6000,3722.0000,3721.8000,3721.6000,3723.4000,3723.6000,3723.8000,3724.0000,3724.8000,1,3,1,1,2,2,1,1,5,2
SF,IF2005,2020-04-13 13:59:22.100,3723.2000,11924,0,6405538980.000,0,-,-,-,-,3722.8000,3722.6000,3722.0000,3721.8000,3721.6000,3723.4000,3723.6000,3723.8000,3724.0000,3724.8000,1,3,1,1,2,2,1,1,5,2
SF,IF2005,2020-04-13 13:59:23.100,3723.2000,11924,0,6405538980.000,0,-,-,-,-,3722.8000,3722.6000,3722.0000,3721.8000,3721.6000,3723.4000,3723.6000,3723.8000,3724.0000,3724.8000,1,3,1,1,2,2,1,1,4,2
SF,IF2005,2020-04-13 13:59:23.600,3723.4000,11924,0,6407773020.000,2,1,1,空换,B,3722.8000,3722.6000,3722.0000,3721.8000,3721.6000,3723.6000,3723.8000,3724.0000,3724.8000,3725.0000,1,3,1,1,2,1,1,4,2,2
SF,IF2005,2020-04-13 13:59:24.100,3723.4000,11924,0,6407773020.000,0,-,-,-,-,3722.8000,3722.6000,3722.0000,3721.8000,3721.6000,3723.8000,3724.0000,3724.8000,3725.0000,3725.2000,1,3,1,1,2,1,4,2,2,3
SF,IF2005,2020-04-13 13:59:24.600,3723.4000,11924,0,6407773020.000,0,-,-,-,-,3723.0000,3722.8000,3722.6000,3722.0000,3721.8000,3723.8000,3724.0000,3724.8000,3725.0000,3725.2000,1,1,2,1,1,1,4,2,2,3
SF,IF2005,2020-04-13 13:59:25.100,3723.4000,11924,0,6407773020.000,0,-,-,-,-,3723.0000,3722.8000,3722.6000,3722.0000,3721.8000,3724.0000,3724.8000,3725.0000,3725.2000,3725.4000,1,1,2,1,1,4,2,2,3,2
SF,IF2005,2020-04-13 13:59:25.600,3723.4000,11924,0,6407773020.000,0,-,-,-,-,3723.0000,3722.8000,3722.6000,3722.0000,3721.8000,3723.8000,3724.8000,3725.0000,3725.2000,3725.4000,1,1,2,1,1,2,2,2,3,2
SF,IF2005,2020-04-13 13:59:27.100,3723.4000,11924,0,6407773020.000,0,-,-,-,-,3723.0000,3722.8000,3722.6000,3722.0000,3721.8000,3723.8000,3724.8000,3725.0000,3725.2000,3725.4000,1,1,2,1,1,2,2,2,3,2
SF,IF2005,2020-04-13 13:59:27.600,3723.4000,11924,0,6407773020.000,0,-,-,-,-,3723.0000,3722.8000,3722.6000,3722.0000,3721.8000,3723.8000,3724.8000,3725.0000,3725.2000,3725.4000,1,1,2,1,1,2,2,2,3,2
SF,IF2005,2020-04-13 13:59:29.600,3723.4000,11924,0,6407773020.000,0,-,-,-,-,3723.0000,3722.8000,3722.6000,3722.0000,3721.8000,3723.8000,3724.8000,3725.0000,3725.2000,3725.4000,1,1,3,1,1,2,2,2,3,2
SF,IF2005,2020-04-13 13:59:31.600,3723.4000,11924,0,6407773020.000,0,-,-,-,-,3723.0000,3722.8000,3722.6000,3722.0000,3721.8000,3723.8000,3724.8000,3725.0000,3725.2000,3725.4000,1,1,3,1,1,2,2,2,3,2
SF,IF2005,2020-04-13 13:59:32.600,3723.4000,11924,0,6407773020.000,0,-,-,-,-,3723.0000,3722.8000,3722.6000,3722.0000,3721.8000,3723.8000,3724.8000,3725.0000,3725.2000,3725.4000,1,1,3,1,1,4,2,2,3,2
SF,IF2005,2020-04-13 13:59:33.100,3723.4000,11924,0,6407773020.000,0,-,-,-,-,3723.0000,3722.8000,3722.6000,3722.0000,3721.8000,3723.8000,3724.8000,3725.0000,3725.2000,3725.4000,1,1,3,1,1,4,2,2,3,2
SF,IF2005,2020-04-13 13:59:35.600,3723.4000,11924,0,6407773020.000,0,-,-,-,-,3722.8000,3722.6000,3722.0000,3721.8000,3721.6000,3723.8000,3724.8000,3725.0000,3725.2000,3725.4000,1,3,1,1,3,4,2,2,3,2
SF,IF2005,2020-04-13 13:59:37.100,3723.4000,11924,0,6407773020.000,0,-,-,-,-,3722.8000,3722.6000,3722.0000,3721.6000,3721.4000,3723.8000,3724.8000,3725.0000,3725.2000,3725.4000,1,3,1,3,16,4,2,2,3,2
SF,IF2005,2020-04-13 13:59:37.600,3723.4000,11924,0,6407773020.000,0,-,-,-,-,3722.8000,3722.6000,3722.0000,3721.6000,3721.4000,3723.8000,3724.8000,3725.0000,3725.2000,3725.4000,1,3,1,3,16,4,2,2,3,2
SF,IF2005,2020-04-13 13:59:39.600,3723.4000,11924,0,6407773020.000,0,-,-,-,-,3722.8000,3722.6000,3722.0000,3721.6000,3721.4000,3723.8000,3724.8000,3725.0000,3725.2000,3725.4000,1,3,1,3,17,4,2,2,3,2
SF,IF2005,2020-04-13 13:59:40.100,3723.4000,11924,0,6407773020.000,0,-,-,-,-,3722.8000,3722.6000,3722.0000,3721.6000,3721.4000,3723.8000,3724.8000,3725.0000,3725.2000,3725.4000,1,3,1,3,17,7,2,2,3,2
SF,IF2005,2020-04-13 13:59:40.600,3723.4000,11924,0,6407773020.000,0,-,-,-,-,3722.8000,3722.6000,3722.0000,3721.6000,3721.4000,3723.8000,3724.8000,3725.0000,3725.2000,3725.4000,1,3,1,3,17,8,2,2,3,2
SF,IF2005,2020-04-13 13:59:42.100,3723.4000,11924,0,6407773020.000,0,-,-,-,-,3722.8000,3722.6000,3722.0000,3721.6000,3721.4000,3723.8000,3724.8000,3725.0000,3725.2000,3725.4000,1,3,1,2,17,8,2,2,3,2
SF,IF2005,2020-04-13 13:59:42.600,3723.4000,11924,0,6407773020.000,0,-,-,-,-,3722.6000,3722.0000,3721.6000,3721.4000,3721.2000,3723.6000,3723.8000,3724.8000,3725.0000,3725.2000,2,1,2,17,8,1,8,2,2,3
SF,IF2005,2020-04-13 13:59:43.100,3723.4000,11924,0,6407773020.000,0,-,-,-,-,3722.6000,3722.0000,3721.6000,3721.4000,3721.2000,3723.4000,3723.6000,3723.8000,3724.8000,3725.0000,2,1,2,17,8,2,1,6,2,2
SF,IF2005,2020-04-13 13:59:43.600,3723.4000,11925,1,6408890040.000,1,1,0,双开,B,3722.6000,3721.6000,3721.4000,3721.2000,3721.0000,3723.4000,3723.6000,3723.8000,3724.8000,3725.0000,1,1,16,8,11,1,4,2,2,2
SF,IF2005,2020-04-13 13:59:44.100,3723.4000,11925,0,6408890040.000,0,-,-,-,-,3722.6000,3721.6000,3721.4000,3721.2000,3721.0000,3723.4000,3723.6000,3723.8000,3724.8000,3725.0000,1,1,9,8,11,1,1,2,2,2
SF,IF2005,2020-04-13 13:59:44.600,3723.4000,11925,0,6408890040.000,0,-,-,-,-,3722.6000,3721.6000,3721.4000,3721.2000,3721.0000,3723.4000,3723.6000,3723.8000,3724.8000,3725.0000,1,1,9,8,9,1,1,2,2,2
SF,IF2005,2020-04-13 13:59:45.100,3723.4000,11925,0,6408890040.000,0,-,-,-,-,3722.6000,3721.6000,3721.4000,3721.2000,3721.0000,3723.4000,3723.6000,3723.8000,3724.8000,3725.0000,1,1,10,5,10,1,1,2,2,2
SF,IF2005,2020-04-13 13:59:50.600,3723.4000,11925,0,6408890040.000,0,-,-,-,-,3722.6000,3721.6000,3721.4000,3721.2000,3721.0000,3723.4000,3723.6000,3723.8000,3724.8000,3725.0000,1,1,10,5,10,1,1,2,2,2
SF,IF2005,2020-04-13 13:59:51.100,3723.4000,11925,0,6408890040.000,0,-,-,-,-,3722.6000,3721.6000,3721.4000,3721.2000,3721.0000,3723.6000,3723.8000,3724.8000,3725.0000,3725.2000,1,1,10,5,10,1,2,2,2,3
SF,IF2005,2020-04-13 13:59:52.100,3723.4000,11925,0,6408890040.000,0,-,-,-,-,3722.6000,3721.6000,3721.4000,3721.2000,3721.0000,3723.6000,3723.8000,3724.8000,3725.0000,3725.2000,1,1,9,5,10,1,2,2,2,3
SF,IF2005,2020-04-13 13:59:52.600,3723.4000,11925,0,6408890040.000,0,-,-,-,-,3722.6000,3721.6000,3721.4000,3721.2000,3721.0000,3723.6000,3723.8000,3724.8000,3725.0000,3725.2000,1,1,9,5,11,1,2,2,2,3
SF,IF2005,2020-04-13 13:59:53.600,3723.4000,11925,0,6408890040.000,0,-,-,-,-,3722.6000,3721.6000,3721.4000,3721.2000,3721.0000,3723.4000,3723.6000,3723.8000,3724.8000,3725.0000,1,1,9,5,11,1,1,2,2,2
SF,IF2005,2020-04-13 13:59:55.100,3723.4000,11925,0,6408890040.000,0,-,-,-,-,3722.6000,3721.6000,3721.4000,3721.2000,3721.0000,3723.4000,3723.6000,3723.8000,3724.8000,3725.0000,1,1,9,3,11,1,1,2,2,2
SF,IF2005,2020-04-13 13:59:56.100,3723.4000,11925,0,6408890040.000,0,-,-,-,-,3722.6000,3721.6000,3721.4000,3721.2000,3721.0000,3723.4000,3723.6000,3723.8000,3724.8000,3725.0000,1,1,9,2,11,1,1,2,2,2
SF,IF2005,2020-04-13 13:59:57.100,3723.4000,11925,0,6408890040.000,0,-,-,-,-,3722.6000,3721.6000,3721.4000,3721.2000,3721.0000,3723.4000,3723.6000,3723.8000,3724.8000,3725.0000,1,1,10,2,11,1,1,2,2,2
SF,IF2005,2020-04-13 13:59:57.600,3723.4000,11925,0,6408890040.000,0,-,-,-,-,3722.6000,3721.6000,3721.4000,3721.2000,3721.0000,3723.4000,3723.6000,3723.8000,3724.8000,3725.0000,1,1,10,2,11,2,1,2,2,2
SF,IF2005,2020-04-13 13:59:58.100,3723.4000,11925,0,6408890040.000,0,-,-,-,-,3722.6000,3721.6000,3721.4000,3721.2000,3721.0000,3723.4000,3723.6000,3723.8000,3724.8000,3725.0000,1,1,10,2,11,1,1,2,2,2
SF,IF2005,2020-04-13 13:59:58.600,3723.4000,11925,0,6408890040.000,0,-,-,-,-,3722.6000,3721.6000,3721.4000,3721.2000,3721.0000,3723.2000,3723.4000,3723.6000,3723.8000,3724.8000,1,1,10,2,11,3,2,1,2,2
SF,IF2005,2020-04-13 13:59:59.100,3723.4000,11925,0,6408890040.000,0,-,-,-,-,3722.6000,3721.6000,3721.4000,3721.2000,3721.0000,3723.0000,3723.2000,3723.4000,3723.6000,3723.8000,1,1,10,2,11,3,1,1,1,2
SF,IF2005,2020-04-13 13:59:59.600,3723.4000,11925,0,6408890040.000,0,-,-,-,-,3722.6000,3721.6000,3721.4000,3721.2000,3721.0000,3723.2000,3723.4000,3723.6000,3723.8000,3724.8000,1,1,10,2,11,1,1,1,2,2
SF,IF2005,2020-04-13 14:00:00.100,3723.4000,11925,0,6408890040.000,0,-,-,-,-,3722.6000,3721.6000,3721.4000,3721.2000,3721.0000,3723.2000,3723.4000,3723.6000,3723.8000,3724.8000,1,1,9,2,11,1,1,1,2,2
SF,IF2005,2020-04-13 14:00:00.600,3723.4000,11925,0,6408890040.000,0,-,-,-,-,3722.6000,3721.6000,3721.4000,3721.2000,3721.0000,3723.2000,3723.6000,3723.8000,3724.8000,3725.0000,1,1,9,2,11,1,1,2,2,2
SF,IF2005,2020-04-13 14:00:01.600,3723.4000,11925,0,6408890040.000,0,-,-,-,-,3722.6000,3721.6000,3721.4000,3721.2000,3721.0000,3723.2000,3723.6000,3723.8000,3724.8000,3725.0000,1,1,14,2,11,1,1,2,2,2
SF,IF2005,2020-04-13 14:00:02.100,3723.4000,11925,0,6408890040.000,0,-,-,-,-,3722.6000,3721.6000,3721.4000,3721.2000,3721.0000,3723.2000,3723.6000,3723.8000,3724.8000,3725.0000,1,1,14,1,10,1,1,2,2,2
SF,IF2005,2020-04-13 14:00:02.600,3723.4000,11925,0,6408890040.000,0,-,-,-,-,3722.6000,3721.4000,3721.2000,3721.0000,3720.8000,3723.0000,3723.2000,3723.8000,3724.8000,3725.0000,1,9,1,10,9,1,4,2,2,2
SF,IF2005,2020-04-13 14:00:03.100,3722.6000,11926,1,6410006820.000,1,1,0,双开,B,3721.4000,3721.2000,3721.0000,3720.8000,3720.6000,3722.6000,3722.8000,3723.2000,3723.8000,3724.8000,1,1,8,9,20,1,5,1,2,2
SF,IF2005,2020-04-13 14:00:03.600,3722.6000,11926,0,6410006820.000,0,-,-,-,-,3721.6000,3721.2000,3721.0000,3720.8000,3720.6000,3722.8000,3723.2000,3723.8000,3724.8000,3725.0000,3,1,3,7,20,5,1,2,2,2
SF,IF2005,2020-04-13 14:00:04.100,3721.6000,11927,1,6411123300.000,1,1,0,双开,B,3721.6000,3721.0000,3720.6000,3720.4000,3720.2000,3722.6000,3722.8000,3723.2000,3723.8000,3724.8000,1,2,3,1,7,3,5,1,2,2
SF,IF2005,2020-04-13 14:00:04.600,3721.6000,11927,0,6411123300.000,0,-,-,-,-,3721.8000,3721.6000,3721.0000,3720.6000,3720.4000,3722.6000,3723.2000,3723.8000,3724.8000,3725.0000,1,1,2,3,1,3,1,2,2,2
SF,IF2005,2020-04-13 14:00:05.100,3721.6000,11927,0,6411123300.000,0,-,-,-,-,3721.8000,3721.6000,3721.0000,3720.6000,3720.4000,3722.4000,3722.6000,3723.2000,3723.8000,3724.8000,1,1,2,3,2,5,3,1,2,2
SF,IF2005,2020-04-13 14:00:05.600,3721.6000,11927,0,6411123300.000,0,-,-,-,-,3721.8000,3721.6000,3721.0000,3720.6000,3720.4000,3722.6000,3723.2000,3723.8000,3724.8000,3725.0000,1,1,2,2,2,3,1,2,2,2
SF,IF2005,2020-04-13 14:00:06.100,3721.6000,11927,0,6411123300.000,0,-,-,-,-,3721.6000,3721.0000,3720.6000,3720.4000,3720.2000,3722.6000,3723.2000,3723.8000,3724.8000,3725.0000,1,2,2,2,9,3,1,2,2,2
SF,IF2005,2020-04-13 14:00:06.600,3721.6000,11927,0,6411123300.000,0,-,-,-,-,3721.6000,3721.0000,3720.6000,3720.4000,3720.2000,3722.6000,3723.2000,3723.8000,3724.8000,3725.0000,1,2,2,2,9,3,1,2,2,2
SF,IF2005,2020-04-13 14:00:07.100,3721.6000,11927,0,6411123300.000,0,-,-,-,-,3721.8000,3721.6000,3721.0000,3720.6000,3720.4000,3722.6000,3723.2000,3723.8000,3724.8000,3725.0000,1,1,2,2,2,3,1,2,2,2
SF,IF2005,2020-04-13 14:00:07.600,3721.6000,11927,0,6411123300.000,0,-,-,-,-,3722.0000,3721.8000,3721.0000,3720.8000,3720.6000,3723.2000,3723.8000,3724.8000,3725.0000,3725.2000,2,4,2,1,2,1,2,2,2,3
SF,IF2005,2020-04-13 14:00:08.100,3721.6000,11927,0,6411123300.000,0,-,-,-,-,3722.6000,3722.4000,3722.2000,3722.0000,3721.0000,3723.2000,3723.8000,3724.8000,3725.0000,3725.2000,1,1,3,4,2,6,2,2,2,3
SF,IF2005,2020-04-13 14:00:08.600,3723.2000,11928,1,6412240260.000,1,1,0,双开,B,3723.2000,3722.4000,3722.2000,3722.0000,3721.0000,3723.8000,3724.8000,3725.0000,3725.2000,3725.4000,3,1,3,4,7,2,2,2,3,2
SF,IF2005,2020-04-13 14:00:09.100,3723.2000,11928,0,6412240260.000,0,-,-,-,-,3722.2000,3722.0000,3721.0000,3720.8000,3720.6000,3723.6000,3723.8000,3724.8000,3725.0000,3725.2000,2,3,7,2,3,6,2,2,2,3
SF,IF2005,2020-04-13 14:00:09.600,3723.2000,11928,0,6412240260.000,0,-,-,-,-,3722.4000,3722.2000,3722.0000,3721.0000,3720.8000,3723.6000,3723.8000,3724.8000,3725.0000,3725.2000,6,2,1,8,5,6,2,2,2,3
SF,IF2005,2020-04-13 14:00:10.100,3723.2000,11928,0,6412240260.000,0,-,-,-,-,3722.4000,3722.2000,3722.0000,3721.0000,3720.8000,3723.6000,3723.8000,3724.8000,3725.0000,3725.2000,6,2,1,8,5,6,2,2,2,3
SF,IF2005,2020-04-13 14:00:10.600,3723.2000,11928,0,6412240260.000,0,-,-,-,-,3722.4000,3722.2000,3722.0000,3721.0000,3720.8000,3723.6000,3723.8000,3724.8000,3725.0000,3725.2000,6,2,1,9,5,6,2,2,2,3
SF,IF2005,2020-04-13 14:00:11.100,3723.2000,11928,0,6412240260.000,0,-,-,-,-,3723.2000,3722.4000,3722.2000,3722.0000,3721.0000,3723.6000,3723.8000,3724.8000,3725.0000,3725.2000,2,6,2,1,10,6,2,2,2,3
SF,IF2005,2020-04-13 14:00:11.600,3723.2000,11928,0,6412240260.000,0,-,-,-,-,3723.2000,3722.4000,3722.2000,3722.0000,3721.0000,3723.6000,3723.8000,3724.8000,3725.0000,3725.2000,2,6,2,1,10,6,2,2,2,3
SF,IF2005,2020-04-13 14:00:12.100,3723.2000,11928,0,6414474180.000,2,1,1,空换,B,3722.4000,3721.0000,3720.8000,3720.6000,3720.4000,3723.2000,3723.6000,3723.8000,3725.0000,3725.2000,6,10,5,6,2,5,6,2,2,3
SF,IF2005,2020-04-13 14:00:12.600,3723.2000,11928,0,6414474180.000,0,-,-,-,-,3722.4000,3721.0000,3720.8000,3720.6000,3720.4000,3723.6000,3723.8000,3725.0000,3725.2000,3725.4000,6,9,5,6,2,6,2,2,3,2
SF,IF2005,2020-04-13 14:00:13.100,3723.2000,11928,0,6414474180.000,0,-,-,-,-,3722.4000,3721.0000,3720.8000,3720.6000,3720.4000,3723.4000,3723.6000,3723.8000,3725.0000,3725.2000,6,9,5,6,3,5,2,2,2,3
SF,IF2005,2020-04-13 14:00:14.100,3723.2000,11928,0,6414474180.000,0,-,-,-,-,3722.4000,3721.2000,3721.0000,3720.8000,3720.6000,3723.4000,3723.6000,3723.8000,3725.0000,3725.2000,6,2,9,5,6,5,2,2,2,3
SF,IF2005,2020-04-13 14:00:15.600,3723.2000,11928,0,6414474180.000,0,-,-,-,-,3722.4000,3721.2000,3721.0000,3720.8000,3720.6000,3723.4000,3723.6000,3723.8000,3725.0000,3725.2000,6,2,9,5,6,5,2,2,2,3
SF,IF2005,2020-04-13 14:00:16.100,3723.2000,11928,0,6414474180.000,0,-,-,-,-,3722.4000,3721.4000,3721.2000,3721.0000,3720.8000,3723.4000,3723.6000,3723.8000,3725.0000,3725.2000,6,1,2,9,5,5,2,2,2,3
SF,IF2005,2020-04-13 14:00:17.100,3723.2000,11928,0,6414474180.000,0,-,-,-,-,3722.4000,3721.4000,3721.2000,3721.0000,3720.8000,3723.4000,3723.6000,3723.8000,3725.0000,3725.2000,6,1,2,9,5,5,2,2,2,3
SF,IF2005,2020-04-13 14:00:17.600,3723.2000,11928,0,6414474180.000,0,-,-,-,-,3722.4000,3721.4000,3721.2000,3721.0000,3720.8000,3723.2000,3723.4000,3723.8000,3725.0000,3725.2000,6,1,2,9,5,2,5,2,2,3
SF,IF2005,2020-04-13 14:00:18.100,3723.2000,11928,0,6414474180.000,0,-,-,-,-,3722.4000,3721.4000,3721.2000,3721.0000,3720.8000,3723.2000,3723.4000,3723.8000,3725.0000,3725.2000,6,1,2,9,5,2,5,2,2,3
SF,IF2005,2020-04-13 14:00:18.600,3723.2000,11928,0,6414474180.000,0,-,-,-,-,3722.4000,3721.4000,3721.2000,3721.0000,3720.8000,3723.2000,3723.4000,3723.8000,3725.0000,3725.2000,6,1,2,9,5,2,5,3,2,3
SF,IF2005,2020-04-13 14:00:19.100,3723.2000,11928,0,6414474180.000,0,-,-,-,-,3722.4000,3721.4000,3721.2000,3721.0000,3720.8000,3723.2000,3723.4000,3723.8000,3725.0000,3725.2000,5,1,2,9,5,2,5,3,2,3
SF,IF2005,2020-04-13 14:00:19.600,3723.2000,11928,0,6414474180.000,0,-,-,-,-,3722.4000,3721.4000,3721.2000,3721.0000,3720.8000,3723.2000,3723.4000,3723.8000,3725.0000,3725.2000,1,1,2,9,5,2,5,3,2,3
SF,IF2005,2020-04-13 14:00:20.600,3723.2000,11928,0,6414474180.000,0,-,-,-,-,3721.4000,3721.2000,3721.0000,3720.8000,3720.6000,3723.2000,3723.4000,3723.8000,3725.0000,3725.2000,1,2,9,5,5,2,5,3,2,3
SF,IF2005,2020-04-13 14:00:21.100,3723.2000,11928,0,6414474180.000,0,-,-,-,-,3721.8000,3721.6000,3721.4000,3721.2000,3721.0000,3723.0000,3723.2000,3723.8000,3725.0000,3725.2000,2,5,1,2,4,1,5,3,2,3
SF,IF2005,2020-04-13 14:00:21.600,3723.2000,11928,0,6414474180.000,0,-,-,-,-,3721.8000,3721.6000,3721.2000,3721.0000,3720.8000,3722.8000,3723.0000,3723.8000,3725.0000,3725.2000,2,5,2,3,10,2,2,3,2,3
SF,IF2005,2020-04-13 14:00:22.100,3723.2000,11932,4,6418942020.000,4,4,0,双开,B,3723.4000,3721.8000,3721.6000,3721.0000,3720.8000,3723.8000,3725.0000,3725.2000,3725.4000,3726.0000,1,2,5,3,5,3,2,3,2,4
SF,IF2005,2020-04-13 14:00:22.600,3723.2000,11932,0,6420058980.000,1,0,1,空换,B,3721.8000,3721.6000,3721.0000,3720.8000,3720.6000,3723.2000,3723.4000,3723.6000,3723.8000,3725.0000,1,4,3,5,3,5,1,10,3,1
SF,IF2005,2020-04-13 14:00:23.100,3723.2000,11932,0,6420058980.000,0,-,-,-,-,3722.0000,3721.8000,3721.6000,3721.0000,3720.8000,3723.2000,3723.4000,3723.6000,3723.8000,3725.0000,4,1,2,3,5,10,1,5,4,1
SF,IF2005,2020-04-13 14:00:24.100,3723.2000,11932,0,6420058980.000,0,-,-,-,-,3722.0000,3721.8000,3721.6000,3721.0000,3720.8000,3723.2000,3723.4000,3723.6000,3723.8000,3725.0000,4,1,2,3,5,10,1,5,4,1
SF,IF2005,2020-04-13 14:00:24.600,3723.2000,11932,0,6420058980.000,0,-,-,-,-,3722.0000,3721.8000,3721.6000,3721.0000,3720.8000,3723.0000,3723.2000,3723.4000,3723.6000,3723.8000,4,1,2,3,5,1,10,1,5,4
SF,IF2005,2020-04-13 14:00:25.100,3723.2000,11932,0,6420058980.000,0,-,-,-,-,3722.0000,3721.8000,3721.6000,3721.0000,3720.8000,3723.0000,3723.2000,3723.4000,3723.6000,3723.8000,4,1,2,3,5,3,9,1,4,4
SF,IF2005,2020-04-13 14:00:25.600,3723.2000,11932,0,6420058980.000,0,-,-,-,-,3722.2000,3722.0000,3721.8000,3721.6000,3721.0000,3723.0000,3723.2000,3723.4000,3723.6000,3723.8000,1,4,1,2,3,3,9,1,4,4
SF,IF2005,2020-04-13 14:00:26.100,3723.2000,11932,0,6420058980.000,0,-,-,-,-,3722.2000,3722.0000,3721.8000,3721.6000,3721.0000,3723.0000,3723.2000,3723.4000,3723.6000,3723.8000,1,4,1,2,3,2,9,1,4,4
SF,IF2005,2020-04-13 14:00:26.600,3723.2000,11932,0,6420058980.000,0,-,-,-,-,3722.4000,3722.0000,3721.8000,3721.6000,3721.2000,3723.0000,3723.2000,3723.4000,3723.6000,3723.8000,1,4,1,2,1,1,4,1,2,4
SF,IF2005,2020-04-13 14:00:27.600,3723.2000,11932,0,6420058980.000,0,-,-,-,-,3722.4000,3722.0000,3721.8000,3721.6000,3721.2000,3723.0000,3723.2000,3723.6000,3723.8000,3725.0000,1,4,1,2,1,1,4,2,4,1
SF,IF2005,2020-04-13 14:00:28.600,3723.2000,11932,0,6420058980.000,0,-,-,-,-,3722.4000,3722.0000,3721.8000,3721.6000,3721.2000,3723.0000,3723.2000,3723.6000,3723.8000,3725.0000,1,4,1,1,1,1,4,2,4,1
SF,IF2005,2020-04-13 14:00:29.100,3723.2000,11932,0,6420058980.000,0,-,-,-,-,3722.4000,3722.0000,3721.8000,3721.6000,3721.2000,3723.0000,3723.2000,3723.6000,3723.8000,3725.0000,1,4,1,1,1,1,4,2,4,1
SF,IF2005,2020-04-13 14:00:29.600,3723.2000,11932,0,6420058980.000,0,-,-,-,-,3722.4000,3722.0000,3721.8000,3721.6000,3721.2000,3723.0000,3723.6000,3723.8000,3725.0000,3725.2000,1,4,1,1,1,4,2,4,1,3
SF,IF2005,2020-04-13 14:00:30.100,3723.2000,11932,0,6420058980.000,0,-,-,-,-,3722.0000,3721.8000,3721.6000,3721.2000,3721.0000,3722.8000,3723.0000,3723.6000,3723.8000,3725.0000,4,1,1,1,3,4,1,2,4,1
SF,IF2005,2020-04-13 14:00:30.600,3723.2000,11932,0,6420058980.000,0,-,-,-,-,3722.0000,3721.8000,3721.6000,3721.2000,3721.0000,3722.8000,3723.6000,3723.8000,3725.0000,3725.2000,4,1,1,1,3,5,2,4,1,3
SF,IF2005,2020-04-13 14:00:31.600,3723.2000,11932,0,6420058980.000,0,-,-,-,-,3722.2000,3722.0000,3721.8000,3721.6000,3721.2000,3722.8000,3723.6000,3723.8000,3725.0000,3725.2000,1,4,1,1,1,5,2,4,1,3
SF,IF2005,2020-04-13 14:00:32.600,3723.2000,11932,0,6420058980.000,0,-,-,-,-,3722.0000,3721.8000,3721.6000,3721.2000,3721.0000,3722.8000,3723.6000,3723.8000,3725.0000,3725.2000,4,1,1,1,3,5,2,4,1,3
SF,IF2005,2020-04-13 14:00:33.100,3723.2000,11932,0,6420058980.000,0,-,-,-,-,3722.0000,3721.8000,3721.6000,3721.2000,3721.0000,3722.8000,3723.6000,3723.8000,3725.0000,3725.2000,4,1,1,1,3,5,2,4,1,3
SF,IF2005,2020-04-13 14:00:34.600,3723.2000,11932,0,6420058980.000,0,-,-,-,-,3722.0000,3721.8000,3721.6000,3721.2000,3721.0000,3722.8000,3723.6000,3723.8000,3725.0000,3725.2000,4,1,1,1,3,5,2,3,1,3
SF,IF2005,2020-04-13 14:00:35.100,3723.2000,11932,0,6420058980.000,0,-,-,-,-,3722.0000,3721.8000,3721.6000,3721.2000,3721.0000,3722.8000,3723.6000,3723.8000,3725.0000,3725.2000,4,1,1,1,3,1,2,3,1,3
SF,IF2005,2020-04-13 14:00:36.100,3723.2000,11932,0,6420058980.000,0,-,-,-,-,3722.0000,3721.8000,3721.6000,3721.2000,3721.0000,3722.8000,3723.6000,3723.8000,3725.0000,3725.2000,4,1,1,1,3,1,2,3,1,3
SF,IF2005,2020-04-13 14:00:37.600,3723.2000,11932,0,6420058980.000,0,-,-,-,-,3722.0000,3721.8000,3721.2000,3721.0000,3720.8000,3722.6000,3722.8000,3723.6000,3723.8000,3725.0000,4,1,1,3,7,5,1,2,3,1
SF,IF2005,2020-04-13 14:00:38.100,3723.2000,11932,0,6420058980.000,0,-,-,-,-,3722.0000,3721.8000,3721.2000,3721.0000,3720.8000,3722.6000,3723.6000,3723.8000,3725.0000,3725.2000,4,1,1,3,7,1,2,3,1,3
SF,IF2005,2020-04-13 14:00:38.600,3723.2000,11932,0,6420058980.000,0,-,-,-,-,3722.0000,3721.8000,3721.2000,3721.0000,3720.8000,3723.0000,3723.6000,3723.8000,3725.0000,3725.2000,4,1,1,3,7,1,2,3,1,3
SF,IF2005,2020-04-13 14:00:39.100,3723.2000,11932,0,6420058980.000,0,-,-,-,-,3722.6000,3722.0000,3721.8000,3721.2000,3721.0000,3723.0000,3723.6000,3723.8000,3725.0000,3725.2000,1,4,1,1,2,6,2,3,1,3
SF,IF2005,2020-04-13 14:00:39.600,3723.2000,11932,0,6420058980.000,0,-,-,-,-,3722.6000,3722.2000,3722.0000,3721.8000,3721.2000,3722.8000,3723.0000,3723.6000,3723.8000,3725.0000,1,1,4,1,1,4,2,2,3,1
SF,IF2005,2020-04-13 14:00:40.100,3723.2000,11932,0,6420058980.000,0,-,-,-,-,3722.6000,3722.2000,3722.0000,3721.8000,3721.2000,3722.8000,3723.6000,3723.8000,3725.0000,3725.2000,1,1,4,1,1,5,2,3,1,3
SF,IF2005,2020-04-13 14:00:40.600,3723.2000,11932,0,6420058980.000,0,-,-,-,-,3722.6000,3722.2000,3722.0000,3721.8000,3721.2000,3722.8000,3723.6000,3723.8000,3725.0000,3725.2000,1,1,4,1,1,5,2,3,1,3
SF,IF2005,2020-04-13 14:00:42.600,3723.2000,11932,0,6420058980.000,0,-,-,-,-,3722.6000,3722.2000,3722.0000,3721.8000,3721.2000,3722.8000,3723.6000,3723.8000,3725.0000,3725.2000,1,1,4,1,1,4,2,3,1,3
SF,IF2005,2020-04-13 14:00:43.100,3722.6000,11933,1,6421175760.000,1,1,0,双开,B,3722.2000,3722.0000,3721.8000,3721.2000,3721.0000,3722.8000,3723.6000,3723.8000,3725.0000,3725.2000,1,4,1,1,2,5,2,3,1,3
SF,IF2005,2020-04-13 14:00:45.100,3722.6000,11933,0,6421175760.000,0,-,-,-,-,3722.2000,3722.0000,3721.8000,3721.2000,3721.0000,3722.8000,3723.6000,3723.8000,3725.0000,3725.2000,1,4,1,1,2,5,2,3,1,3
SF,IF2005,2020-04-13 14:00:46.100,3722.8000,11935,2,6423409440.000,2,2,0,双开,B,3722.2000,3722.0000,3721.8000,3721.2000,3721.0000,3722.8000,3723.6000,3723.8000,3725.0000,3725.2000,1,4,1,1,2,3,2,3,1,3
SF,IF2005,2020-04-13 14:00:46.600,3722.8000,11935,0,6423409440.000,0,-,-,-,-,3722.2000,3722.0000,3721.8000,3721.2000,3721.0000,3722.8000,3723.6000,3723.8000,3725.0000,3725.2000,1,4,1,1,2,1,2,3,1,3
SF,IF2005,2020-04-13 14:00:48.100,3722.8000,11935,0,6423409440.000,0,-,-,-,-,3722.0000,3721.8000,3721.2000,3721.0000,3720.8000,3722.8000,3723.6000,3723.8000,3725.0000,3725.2000,4,1,1,2,8,1,2,3,1,3
SF,IF2005,2020-04-13 14:00:48.600,3722.8000,11935,0,6423409440.000,0,-,-,-,-,3722.0000,3721.8000,3721.2000,3721.0000,3720.8000,3722.8000,3723.6000,3723.8000,3725.0000,3725.2000,4,1,1,2,8,5,2,3,1,3
SF,IF2005,2020-04-13 14:00:49.100,3722.8000,11935,0,6423409440.000,0,-,-,-,-,3722.0000,3721.8000,3721.2000,3721.0000,3720.8000,3722.8000,3723.6000,3723.8000,3725.0000,3725.2000,4,1,1,2,8,5,2,3,1,3
SF,IF2005,2020-04-13 14:00:50.100,3722.8000,11935,0,6423409440.000,0,-,-,-,-,3722.0000,3721.8000,3721.2000,3721.0000,3720.8000,3722.8000,3723.6000,3723.8000,3725.0000,3725.2000,4,1,1,2,8,1,2,3,1,3
SF,IF2005,2020-04-13 14:00:50.600,3722.8000,11935,0,6423409440.000,0,-,-,-,-,3722.2000,3722.0000,3721.8000,3721.2000,3721.0000,3722.8000,3723.6000,3723.8000,3725.0000,3725.2000,1,4,1,1,2,1,2,3,1,3
SF,IF2005,2020-04-13 14:00:51.100,3722.8000,11935,0,6423409440.000,0,-,-,-,-,3722.2000,3722.0000,3721.8000,3721.2000,3721.0000,3722.8000,3723.6000,3723.8000,3725.0000,3725.2000,1,4,1,1,2,1,2,3,1,3
SF,IF2005,2020-04-13 14:00:51.600,3722.8000,11935,0,6423409440.000,0,-,-,-,-,3722.4000,3722.2000,3722.0000,3721.8000,3721.2000,3722.8000,3723.6000,3723.8000,3725.0000,3725.2000,1,1,3,1,1,1,2,3,1,3
SF,IF2005,2020-04-13 14:00:52.100,3722.8000,11935,0,6423409440.000,0,-,-,-,-,3722.4000,3722.2000,3722.0000,3721.2000,3721.0000,3723.6000,3723.8000,3725.0000,3725.2000,3725.4000,1,1,3,1,2,2,3,1,3,2
SF,IF2005,2020-04-13 14:00:52.600,3722.8000,11935,0,6423409440.000,0,-,-,-,-,3722.4000,3722.2000,3722.0000,3721.2000,3721.0000,3722.6000,3723.4000,3723.6000,3723.8000,3725.0000,1,1,3,1,2,6,5,3,3,1
SF,IF2005,2020-04-13 14:00:53.100,3722.8000,11935,0,6423409440.000,0,-,-,-,-,3722.4000,3722.2000,3722.0000,3721.2000,3721.0000,3723.4000,3723.6000,3723.8000,3725.0000,3725.2000,1,1,3,1,2,5,2,3,1,3
SF,IF2005,2020-04-13 14:00:53.600,3722.8000,11935,0,6423409440.000,0,-,-,-,-,3722.4000,3722.2000,3722.0000,3721.2000,3721.0000,3723.0000,3723.2000,3723.4000,3723.8000,3725.0000,1,1,3,1,2,3,2,6,3,1
SF,IF2005,2020-04-13 14:00:54.100,3722.8000,11935,0,6423409440.000,0,-,-,-,-,3722.4000,3722.2000,3722.0000,3721.2000,3721.0000,3723.0000,3723.2000,3723.4000,3723.8000,3725.0000,1,1,3,1,2,5,2,5,3,1
SF,IF2005,2020-04-13 14:00:54.600,3722.8000,11935,0,6423409440.000,0,-,-,-,-,3722.4000,3722.2000,3722.0000,3721.2000,3721.0000,3723.0000,3723.2000,3723.4000,3723.8000,3725.0000,1,1,3,1,2,5,2,5,3,1
SF,IF2005,2020-04-13 14:00:55.100,3722.4000,11935,0,6424526160.000,1,0,1,空换,B,3722.2000,3722.0000,3721.2000,3721.0000,3720.8000,3723.0000,3723.2000,3723.4000,3723.8000,3725.0000,1,3,1,2,8,5,2,5,3,1
SF,IF2005,2020-04-13 14:00:55.600,3722.4000,11935,0,6424526160.000,0,-,-,-,-,3722.2000,3722.0000,3721.4000,3721.2000,3721.0000,3722.8000,3723.0000,3723.2000,3723.4000,3723.8000,1,3,1,1,2,4,1,2,5,3
SF,IF2005,2020-04-13 14:00:56.100,3722.4000,11935,0,6424526160.000,0,-,-,-,-,3722.2000,3722.0000,3721.4000,3721.2000,3721.0000,3722.8000,3723.2000,3723.4000,3723.8000,3725.0000,1,3,1,1,2,5,2,5,3,1
SF,IF2005,2020-04-13 14:00:59.100,3722.4000,11935,0,6424526160.000,0,-,-,-,-,3722.2000,3722.0000,3721.4000,3721.2000,3721.0000,3722.8000,3723.2000,3723.4000,3723.8000,3725.0000,1,3,1,1,2,1,2,5,3,1
SF,IF2005,2020-04-13 14:00:59.600,3722.4000,11935,0,6424526160.000,0,-,-,-,-,3722.2000,3722.0000,3721.4000,3721.2000,3721.0000,3723.2000,3723.4000,3723.8000,3725.0000,3725.2000,1,3,1,1,2,2,5,3,1,3
SF,IF2005,2020-04-13 14:01:00.100,3722.4000,11935,0,6424526160.000,0,-,-,-,-,3722.4000,3722.2000,3722.0000,3721.4000,3721.2000,3723.0000,3723.2000,3723.8000,3725.0000,3725.2000,2,1,1,1,1,5,3,3,1,3
SF,IF2005,2020-04-13 14:01:00.600,3722.4000,11935,0,6424526160.000,0,-,-,-,-,3722.4000,3722.2000,3722.0000,3721.4000,3721.2000,3723.0000,3723.8000,3725.0000,3725.2000,3725.4000,2,1,1,1,1,5,3,1,3,2
SF,IF2005,2020-04-13 14:01:01.600,3722.4000,11935,0,6424526160.000,0,-,-,-,-,3722.8000,3722.4000,3722.2000,3722.0000,3721.4000,3723.0000,3723.8000,3725.0000,3725.2000,3725.4000,5,2,1,1,1,5,3,1,3,2
SF,IF2005,2020-04-13 14:01:02.100,3722.8000,11937,2,6426759840.000,2,2,0,双开,B,3722.8000,3722.4000,3722.2000,3722.0000,3721.4000,3723.0000,3723.8000,3725.0000,3725.2000,3725.4000,3,2,1,1,1,5,3,1,3,2
SF,IF2005,2020-04-13 14:01:02.600,3722.8000,11937,0,6426759840.000,0,-,-,-,-,3722.8000,3722.4000,3722.2000,3722.0000,3721.4000,3723.0000,3723.8000,3725.0000,3725.2000,3725.4000,3,2,1,1,1,5,3,1,3,2
SF,IF2005,2020-04-13 14:01:04.600,3722.8000,11937,0,6427876680.000,1,0,1,空换,B,3722.8000,3722.4000,3722.2000,3722.0000,3721.4000,3723.0000,3723.8000,3725.0000,3725.2000,3725.4000,2,2,1,1,1,5,3,1,3,2
SF,IF2005,2020-04-13 14:01:05.100,3722.8000,11937,0,6430110360.000,2,1,1,空换,B,3722.4000,3722.2000,3722.0000,3721.4000,3721.2000,3722.8000,3723.0000,3723.8000,3725.0000,3725.2000,2,1,1,1,1,3,5,3,1,3
SF,IF2005,2020-04-13 14:01:05.600,3722.4000,11939,2,6432343800.000,2,2,0,双开,B,3722.2000,3722.0000,3721.4000,3721.2000,3721.0000,3722.4000,3722.8000,3723.8000,3725.0000,3725.2000,1,1,1,1,2,1,4,3,1,3
SF,IF2005,2020-04-13 14:01:06.100,3722.0000,11940,1,6433460400.000,1,1,0,双开,B,3721.4000,3721.2000,3721.0000,3720.8000,3720.6000,3722.8000,3723.8000,3725.0000,3725.2000,3725.4000,1,1,2,8,6,5,3,1,3,2
SF,IF2005,2020-04-13 14:01:06.600,3722.0000,11940,0,6433460400.000,0,-,-,-,-,3721.6000,3721.2000,3721.0000,3720.8000,3720.6000,3722.8000,3723.8000,3725.0000,3725.2000,3725.4000,6,1,2,8,6,5,3,1,3,2
SF,IF2005,2020-04-13 14:01:07.100,3722.0000,11940,0,6433460400.000,0,-,-,-,-,3721.8000,3721.6000,3721.2000,3721.0000,3720.8000,3722.6000,3722.8000,3723.8000,3725.0000,3725.2000,1,5,1,2,3,2,5,3,1,3
SF,IF2005,2020-04-13 14:01:07.600,3722.0000,11940,0,6433460400.000,0,-,-,-,-,3721.8000,3721.6000,3721.2000,3721.0000,3720.8000,3722.6000,3722.8000,3723.8000,3725.0000,3725.2000,1,5,1,2,3,2,5,3,1,3
SF,IF2005,2020-04-13 14:01:08.100,3722.0000,11940,0,6433460400.000,0,-,-,-,-,3721.8000,3721.6000,3721.2000,3721.0000,3720.8000,3722.6000,3722.8000,3723.8000,3725.0000,3725.2000,1,5,1,2,3,2,5,3,1,3
SF,IF2005,2020-04-13 14:01:08.600,3721.8000,11940,0,6434576940.000,1,0,1,空换,B,3721.6000,3721.2000,3721.0000,3720.8000,3720.6000,3722.6000,3722.8000,3723.8000,3725.0000,3725.2000,5,1,2,3,2,2,5,3,1,3
SF,IF2005,2020-04-13 14:01:09.100,3721.8000,11940,0,6434576940.000,0,-,-,-,-,3721.6000,3721.2000,3721.0000,3720.8000,3720.6000,3722.6000,3722.8000,3723.8000,3725.0000,3725.2000,5,1,2,3,2,2,5,3,1,3
SF,IF2005,2020-04-13 14:01:10.100,3721.8000,11940,0,6434576940.000,0,-,-,-,-,3721.6000,3721.0000,3720.8000,3720.6000,3720.4000,3722.6000,3722.8000,3723.8000,3725.0000,3725.2000,5,2,3,2,3,2,5,3,1,3
SF,IF2005,2020-04-13 14:01:11.100,3721.8000,11940,0,6434576940.000,0,-,-,-,-,3721.8000,3721.6000,3721.0000,3720.8000,3720.6000,3722.6000,3722.8000,3723.8000,3725.0000,3725.2000,2,5,2,2,2,2,5,3,1,3
SF,IF2005,2020-04-13 14:01:11.600,3721.8000,11940,0,6434576940.000,0,-,-,-,-,3721.8000,3721.6000,3721.0000,3720.8000,3720.6000,3722.6000,3722.8000,3723.8000,3725.0000,3725.2000,2,3,2,2,2,2,5,3,1,3
SF,IF2005,2020-04-13 14:01:12.600,3721.8000,11940,0,6434576940.000,0,-,-,-,-,3721.8000,3721.6000,3721.0000,3720.8000,3720.6000,3722.6000,3722.8000,3723.8000,3725.0000,3725.2000,2,3,2,2,2,5,1,3,1,3
SF,IF2005,2020-04-13 14:01:13.100,3721.8000,11940,0,6434576940.000,0,-,-,-,-,3721.8000,3721.6000,3721.0000,3720.8000,3720.6000,3722.4000,3722.6000,3722.8000,3723.8000,3725.0000,2,3,2,2,2,5,5,1,3,1
SF,IF2005,2020-04-13 14:01:13.600,3721.8000,11942,2,6436810020.000,2,2,0,双开,B,3721.6000,3721.0000,3720.8000,3720.6000,3720.4000,3722.6000,3722.8000,3723.8000,3725.0000,3725.2000,2,2,2,2,3,5,1,3,1,3
SF,IF2005,2020-04-13 14:01:14.100,3721.8000,11942,0,6436810020.000,0,-,-,-,-,3721.0000,3720.6000,3720.4000,3720.2000,3720.0000,3721.8000,3722.2000,3722.4000,3722.6000,3722.8000,2,1,3,3,12,1,5,2,5,1
SF,IF2005,2020-04-13 14:01:14.600,3721.8000,11942,0,6436810020.000,0,-,-,-,-,3721.2000,3721.0000,3720.6000,3720.4000,3720.2000,3721.8000,3722.4000,3722.6000,3722.8000,3723.8000,1,2,1,2,3,1,2,5,1,3
SF,IF2005,2020-04-13 14:01:15.100,3721.8000,11942,0,6436810020.000,0,-,-,-,-,3721.2000,3721.0000,3720.6000,3720.4000,3720.2000,3721.8000,3722.4000,3722.6000,3722.8000,3723.8000,1,2,1,2,2,1,2,5,1,3
SF,IF2005,2020-04-13 14:01:15.600,3721.8000,11942,0,6436810020.000,0,-,-,-,-,3721.2000,3721.0000,3720.6000,3720.4000,3720.2000,3721.8000,3722.4000,3722.6000,3722.8000,3723.8000,1,2,1,2,2,1,2,5,1,3
SF,IF2005,2020-04-13 14:01:16.600,3721.8000,11942,0,6436810020.000,0,-,-,-,-,3721.2000,3721.0000,3720.6000,3720.4000,3720.0000,3721.8000,3722.4000,3722.6000,3722.8000,3723.8000,1,2,1,2,13,1,2,5,1,3
SF,IF2005,2020-04-13 14:01:17.100,3721.8000,11943,1,6437926560.000,1,1,0,双开,B,3721.2000,3721.0000,3720.6000,3720.4000,3720.0000,3722.4000,3722.6000,3722.8000,3723.8000,3725.0000,1,2,1,1,14,2,5,1,3,1
SF,IF2005,2020-04-13 14:01:17.600,3721.8000,11943,0,6437926560.000,0,-,-,-,-,3721.2000,3721.0000,3720.4000,3720.0000,3719.8000,3722.4000,3722.6000,3722.8000,3723.8000,3725.0000,1,2,1,14,1,2,5,1,3,1
SF,IF2005,2020-04-13 14:01:18.100,3721.8000,11943,0,6437926560.000,0,-,-,-,-,3721.2000,3721.0000,3720.4000,3720.0000,3719.8000,3722.2000,3722.4000,3722.8000,3723.8000,3725.0000,1,2,2,14,1,2,5,1,3,1
SF,IF2005,2020-04-13 14:01:18.600,3721.8000,11943,0,6437926560.000,0,-,-,-,-,3721.4000,3721.2000,3721.0000,3720.4000,3720.2000,3722.2000,3722.4000,3722.8000,3723.8000,3725.0000,6,1,2,2,1,2,1,1,3,1
SF,IF2005,2020-04-13 14:01:19.100,3721.8000,11943,0,6437926560.000,0,-,-,-,-,3721.6000,3721.4000,3721.0000,3720.4000,3720.2000,3722.2000,3722.4000,3722.8000,3723.8000,3725.0000,1,6,2,2,1,2,1,1,3,1
SF,IF2005,2020-04-13 14:01:21.100,3721.8000,11943,0,6437926560.000,0,-,-,-,-,3721.4000,3721.0000,3720.4000,3720.2000,3720.0000,3722.2000,3722.4000,3722.8000,3723.8000,3725.0000,6,2,2,1,14,2,1,1,3,1
SF,IF2005,2020-04-13 14:01:21.600,3721.8000,11943,0,6437926560.000,0,-,-,-,-,3721.4000,3721.0000,3720.4000,3720.2000,3720.0000,3722.2000,3722.4000,3722.8000,3723.8000,3725.0000,4,2,2,1,14,2,1,1,3,1
SF,IF2005,2020-04-13 14:01:22.100,3721.8000,11943,0,6437926560.000,0,-,-,-,-,3721.4000,3721.0000,3720.4000,3720.2000,3720.0000,3722.2000,3722.4000,3722.8000,3723.8000,3725.0000,4,2,2,1,14,3,1,1,3,1
SF,IF2005,2020-04-13 14:01:23.600,3721.8000,11943,0,6437926560.000,0,-,-,-,-,3721.4000,3721.0000,3720.4000,3720.2000,3720.0000,3722.2000,3722.4000,3722.8000,3723.8000,3725.0000,3,2,2,1,14,3,1,1,3,1
SF,IF2005,2020-04-13 14:01:24.100,3721.8000,11943,0,6437926560.000,0,-,-,-,-,3721.4000,3721.0000,3720.4000,3720.2000,3720.0000,3722.2000,3722.4000,3722.8000,3723.8000,3725.0000,3,2,2,1,14,2,1,1,3,1
SF,IF2005,2020-04-13 14:01:24.600,3721.8000,11943,0,6437926560.000,0,-,-,-,-,3721.4000,3721.0000,3720.4000,3720.2000,3720.0000,3722.2000,3722.4000,3722.8000,3723.8000,3725.0000,2,2,2,1,14,2,1,1,3,1
SF,IF2005,2020-04-13 14:01:25.100,3721.8000,11943,0,6437926560.000,0,-,-,-,-,3721.4000,3721.0000,3720.4000,3720.2000,3720.0000,3722.2000,3722.4000,3722.8000,3723.8000,3725.0000,1,2,2,1,14,2,1,1,3,1
SF,IF2005,2020-04-13 14:01:25.600,3721.8000,11943,0,6437926560.000,0,-,-,-,-,3721.0000,3720.4000,3720.2000,3720.0000,3719.8000,3722.2000,3722.4000,3722.8000,3723.8000,3725.0000,2,1,1,14,1,2,1,1,3,1
SF,IF2005,2020-04-13 14:01:26.100,3721.8000,11943,0,6437926560.000,0,-,-,-,-,3721.2000,3721.0000,3720.4000,3720.2000,3720.0000,3722.0000,3722.2000,3722.4000,3722.8000,3723.8000,1,2,1,1,9,3,3,1,1,3
SF,IF2005,2020-04-13 14:01:26.600,3721.8000,11943,0,6437926560.000,0,-,-,-,-,3721.0000,3720.4000,3720.2000,3720.0000,3719.8000,3722.2000,3722.4000,3722.8000,3723.8000,3725.0000,2,1,1,9,1,3,1,1,3,1
SF,IF2005,2020-04-13 14:01:27.100,3721.8000,11943,0,6437926560.000,0,-,-,-,-,3721.0000,3720.4000,3720.2000,3720.0000,3719.8000,3722.0000,3722.2000,3722.4000,3722.8000,3723.8000,2,1,1,9,1,1,7,1,1,3
SF,IF2005,2020-04-13 14:01:27.600,3721.8000,11943,0,6437926560.000,0,-,-,-,-,3721.0000,3720.4000,3720.2000,3720.0000,3719.8000,3722.2000,3722.4000,3722.8000,3723.8000,3725.0000,2,1,1,9,1,7,1,1,3,1
SF,IF2005,2020-04-13 14:01:28.100,3721.8000,11943,0,6437926560.000,0,-,-,-,-,3721.0000,3720.4000,3720.2000,3720.0000,3719.8000,3722.2000,3722.4000,3722.8000,3723.8000,3725.0000,2,1,1,8,1,7,1,1,3,1
SF,IF2005,2020-04-13 14:01:28.600,3721.8000,11943,0,6437926560.000,0,-,-,-,-,3721.0000,3720.4000,3720.2000,3720.0000,3719.8000,3722.2000,3722.4000,3722.8000,3723.8000,3725.0000,2,1,1,5,1,3,1,1,3,1
SF,IF2005,2020-04-13 14:01:29.100,3721.8000,11943,0,6437926560.000,0,-,-,-,-,3721.0000,3720.4000,3720.2000,3720.0000,3719.8000,3722.2000,3722.4000,3722.8000,3723.8000,3725.0000,2,1,1,5,1,3,1,1,3,1
SF,IF2005,2020-04-13 14:01:29.600,3721.8000,11943,0,6437926560.000,0,-,-,-,-,3721.0000,3720.4000,3720.2000,3720.0000,3719.8000,3722.0000,3722.2000,3722.4000,3722.8000,3723.8000,2,1,1,5,1,5,3,1,1,3
SF,IF2005,2020-04-13 14:01:30.100,3721.8000,11943,0,6437926560.000,0,-,-,-,-,3721.0000,3720.4000,3720.2000,3720.0000,3719.8000,3722.2000,3722.4000,3722.8000,3723.8000,3725.0000,2,1,1,4,1,2,1,1,3,1
SF,IF2005,2020-04-13 14:01:30.600,3721.8000,11943,0,6437926560.000,0,-,-,-,-,3721.2000,3721.0000,3720.4000,3720.2000,3720.0000,3722.2000,3722.4000,3722.8000,3723.8000,3725.0000,5,2,1,1,4,2,1,1,3,1
SF,IF2005,2020-04-13 14:01:31.100,3721.8000,11943,0,6437926560.000,0,-,-,-,-,3721.2000,3721.0000,3720.4000,3720.2000,3720.0000,3722.2000,3722.4000,3722.8000,3723.8000,3725.0000,5,3,1,1,4,2,1,1,3,1
SF,IF2005,2020-04-13 14:01:31.600,3721.8000,11943,0,6437926560.000,0,-,-,-,-,3721.2000,3721.0000,3720.4000,3720.2000,3720.0000,3722.0000,3722.2000,3722.4000,3722.8000,3723.8000,5,3,1,1,4,4,2,1,1,3
SF,IF2005,2020-04-13 14:01:32.100,3721.8000,11943,0,6437926560.000,0,-,-,-,-,3721.2000,3721.0000,3720.4000,3720.2000,3720.0000,3722.2000,3722.4000,3722.8000,3723.8000,3725.0000,5,3,1,1,4,3,1,1,3,1
SF,IF2005,2020-04-13 14:01:32.600,3722.0000,11944,1,6439043160.000,1,1,0,双开,B,3721.4000,3721.2000,3721.0000,3720.4000,3720.2000,3722.2000,3722.4000,3722.8000,3723.8000,3725.0000,1,5,3,1,1,2,1,1,3,1
SF,IF2005,2020-04-13 14:01:33.100,3722.0000,11944,0,6439043160.000,0,-,-,-,-,3721.6000,3721.4000,3721.2000,3721.0000,3720.4000,3722.2000,3722.8000,3723.8000,3725.0000,3725.2000,1,2,4,3,1,2,1,3,1,3
SF,IF2005,2020-04-13 14:01:33.600,3722.0000,11944,0,6439043160.000,0,-,-,-,-,3721.6000,3721.4000,3721.2000,3721.0000,3720.4000,3722.2000,3722.8000,3723.8000,3725.0000,3725.2000,1,2,3,3,1,2,1,3,1,3
SF,IF2005,2020-04-13 14:01:34.100,3722.0000,11944,0,6439043160.000,0,-,-,-,-,3722.2000,3721.6000,3721.4000,3721.2000,3721.0000,3722.8000,3723.8000,3725.0000,3725.2000,3725.4000,6,1,2,3,3,1,3,1,3,2
SF,IF2005,2020-04-13 14:01:34.600,3722.0000,11944,0,6439043160.000,0,-,-,-,-,3721.6000,3721.2000,3721.0000,3720.4000,3720.2000,3722.8000,3723.8000,3725.0000,3725.2000,3725.4000,1,2,3,1,6,6,3,1,3,2
SF,IF2005,2020-04-13 14:01:35.100,3722.0000,11944,0,6439043160.000,0,-,-,-,-,3721.8000,3721.6000,3721.0000,3720.4000,3720.2000,3722.8000,3723.8000,3725.0000,3725.2000,3725.4000,2,1,3,1,6,6,3,1,3,2
SF,IF2005,2020-04-13 14:01:35.600,3722.0000,11944,0,6439043160.000,0,-,-,-,-,3721.6000,3721.0000,3720.4000,3720.2000,3720.0000,3722.6000,3722.8000,3723.8000,3725.0000,3725.2000,1,2,1,6,4,2,6,3,1,3
SF,IF2005,2020-04-13 14:01:36.100,3722.0000,11944,0,6439043160.000,0,-,-,-,-,3721.0000,3720.4000,3720.2000,3720.0000,3719.8000,3722.6000,3722.8000,3723.8000,3725.0000,3725.2000,2,2,6,4,2,9,6,3,1,3
SF,IF2005,2020-04-13 14:01:36.600,3722.0000,11944,0,6439043160.000,0,-,-,-,-,3721.2000,3721.0000,3720.4000,3720.2000,3720.0000,3722.6000,3722.8000,3723.8000,3725.0000,3725.2000,3,2,2,6,4,9,6,3,1,3
SF,IF2005,2020-04-13 14:01:37.100,3722.0000,11944,0,6439043160.000,0,-,-,-,-,3721.2000,3721.0000,3720.4000,3720.2000,3720.0000,3722.6000,3722.8000,3723.8000,3725.0000,3725.2000,4,2,2,6,4,4,6,3,1,3
SF,IF2005,2020-04-13 14:01:38.100,3722.0000,11944,0,6439043160.000,0,-,-,-,-,3721.2000,3721.0000,3720.4000,3720.2000,3720.0000,3722.4000,3722.6000,3722.8000,3723.8000,3725.0000,4,2,2,6,4,5,4,6,3,1
SF,IF2005,2020-04-13 14:01:38.600,3722.0000,11944,0,6439043160.000,0,-,-,-,-,3721.2000,3721.0000,3720.4000,3720.2000,3720.0000,3722.4000,3722.6000,3722.8000,3723.8000,3725.0000,3,2,2,6,4,5,4,4,3,1
SF,IF2005,2020-04-13 14:01:39.100,3722.0000,11944,0,6439043160.000,0,-,-,-,-,3721.2000,3721.0000,3720.4000,3720.2000,3720.0000,3722.2000,3722.4000,3722.6000,3722.8000,3723.8000,2,2,2,6,4,7,5,2,4,3
SF,IF2005,2020-04-13 14:01:39.600,3722.0000,11944,0,6439043160.000,0,-,-,-,-,3721.2000,3721.0000,3720.4000,3720.2000,3720.0000,3722.2000,3722.4000,3722.8000,3723.8000,3725.0000,2,2,2,1,4,5,5,4,3,1
SF,IF2005,2020-04-13 14:01:41.600,3722.0000,11944,0,6439043160.000,0,-,-,-,-,3721.2000,3721.0000,3720.4000,3720.2000,3720.0000,3722.0000,3722.2000,3722.4000,3722.8000,3723.8000,2,2,2,1,4,1,4,5,4,3
SF,IF2005,2020-04-13 14:01:42.100,3722.0000,11945,1,6440159760.000,1,1,0,双开,B,3722.0000,3721.0000,3720.4000,3720.2000,3720.0000,3722.2000,3722.4000,3722.8000,3723.8000,3725.0000,2,2,1,1,4,4,5,4,3,1
SF,IF2005,2020-04-13 14:01:42.600,3722.0000,11945,0,6441276360.000,1,0,1,空换,B,3721.0000,3720.4000,3720.2000,3720.0000,3719.8000,3722.0000,3722.2000,3722.4000,3722.8000,3723.8000,2,1,1,4,2,1,3,5,4,3
SF,IF2005,2020-04-13 14:01:43.100,3722.0000,11946,1,6442392960.000,1,1,0,双开,B,3722.0000,3721.0000,3720.4000,3720.2000,3720.0000,3722.2000,3722.4000,3722.8000,3723.8000,3725.0000,1,3,1,1,4,3,5,4,3,1
SF,IF2005,2020-04-13 14:01:43.600,3722.0000,11946,0,6442392960.000,0,-,-,-,-,3721.0000,3720.4000,3720.2000,3720.0000,3719.8000,3722.2000,3722.4000,3722.8000,3723.8000,3725.0000,2,1,1,4,2,3,5,4,3,1
SF,IF2005,2020-04-13 14:01:44.100,3722.0000,11946,0,6442392960.000,0,-,-,-,-,3721.2000,3721.0000,3720.4000,3720.2000,3720.0000,3722.2000,3722.4000,3722.8000,3723.8000,3725.0000,2,2,1,1,4,3,5,4,3,1
SF,IF2005,2020-04-13 14:01:44.600,3722.0000,11946,0,6442392960.000,0,-,-,-,-,3721.8000,3721.2000,3721.0000,3720.4000,3720.2000,3722.2000,3722.4000,3722.8000,3723.8000,3725.0000,1,2,2,1,1,3,5,4,3,1
SF,IF2005,2020-04-13 14:01:45.600,3722.0000,11946,0,6442392960.000,0,-,-,-,-,3721.8000,3721.2000,3721.0000,3720.4000,3720.2000,3722.0000,3722.2000,3722.4000,3722.8000,3723.8000,1,2,2,1,1,5,3,5,4,3
SF,IF2005,2020-04-13 14:01:46.100,3721.8000,11947,1,6443509500.000,1,1,0,双开,B,3721.0000,3720.4000,3720.2000,3720.0000,3719.8000,3722.0000,3722.2000,3722.4000,3722.8000,3723.8000,2,1,1,4,2,5,3,5,4,3
SF,IF2005,2020-04-13 14:01:46.600,3721.8000,11947,0,6443509500.000,0,-,-,-,-,3721.0000,3720.2000,3720.0000,3719.8000,3719.6000,3721.8000,3722.0000,3722.2000,3722.4000,3722.8000,2,1,4,1,9,2,5,1,5,4
SF,IF2005,2020-04-13 14:01:47.100,3721.8000,11947,0,6443509500.000,0,-,-,-,-,3721.0000,3720.2000,3720.0000,3719.8000,3719.6000,3721.4000,3721.8000,3722.0000,3722.2000,3722.4000,2,1,3,1,9,1,3,5,1,5
SF,IF2005,2020-04-13 14:01:47.600,3721.8000,11947,0,6443509500.000,0,-,-,-,-,3721.4000,3721.0000,3720.2000,3720.0000,3719.6000,3721.8000,3722.2000,3722.4000,3722.8000,3723.8000,4,2,1,3,9,2,1,5,4,3
SF,IF2005,2020-04-13 14:01:48.100,3721.8000,11947,0,6443509500.000,0,-,-,-,-,3721.0000,3720.0000,3719.6000,3719.4000,3719.0000,3722.2000,3722.8000,3723.8000,3725.0000,3725.2000,2,3,9,7,3,1,4,3,1,3
SF,IF2005,2020-04-13 14:01:48.600,3721.8000,11947,0,6443509500.000,0,-,-,-,-,3721.2000,3721.0000,3720.0000,3719.6000,3719.4000,3722.2000,3722.8000,3723.8000,3725.0000,3725.2000,3,2,3,9,7,1,4,3,1,3
SF,IF2005,2020-04-13 14:01:49.100,3722.2000,11948,1,6444626160.000,1,1,0,双开,B,3722.2000,3721.2000,3721.0000,3720.0000,3719.6000,3722.8000,3723.8000,3725.0000,3725.2000,3725.4000,4,3,2,3,9,4,3,1,3,2
SF,IF2005,2020-04-13 14:01:49.600,3722.2000,11948,0,6445742820.000,1,0,1,空换,B,3722.2000,3721.2000,3721.0000,3720.0000,3719.6000,3722.4000,3722.6000,3722.8000,3723.8000,3725.0000,3,3,2,3,9,3,4,1,3,1
SF,IF2005,2020-04-13 14:01:50.600,3722.2000,11948,0,6445742820.000,0,-,-,-,-,3722.2000,3721.2000,3721.0000,3720.0000,3719.6000,3722.4000,3722.6000,3722.8000,3723.8000,3725.0000,3,3,2,3,9,3,4,1,3,1
SF,IF2005,2020-04-13 14:01:51.100,3722.2000,11948,0,6445742820.000,0,-,-,-,-,3722.2000,3721.2000,3721.0000,3720.0000,3719.6000,3722.4000,3722.6000,3722.8000,3723.8000,3725.0000,3,3,2,3,9,3,4,1,3,1
SF,IF2005,2020-04-13 14:01:51.600,3722.2000,11948,0,6445742820.000,0,-,-,-,-,3722.2000,3721.2000,3721.0000,3720.0000,3719.6000,3722.4000,3722.6000,3722.8000,3723.8000,3725.0000,3,3,2,4,9,3,2,1,3,1
SF,IF2005,2020-04-13 14:01:52.100,3722.4000,11949,1,6446859540.000,1,1,0,双开,B,3722.2000,3721.2000,3721.0000,3720.2000,3720.0000,3722.6000,3722.8000,3723.8000,3725.0000,3725.2000,3,3,2,5,4,2,1,3,1,3
SF,IF2005,2020-04-13 14:01:54.600,3722.2000,11950,1,6447976200.000,1,1,0,双开,B,3722.2000,3721.2000,3721.0000,3720.2000,3720.0000,3722.6000,3722.8000,3723.8000,3725.0000,3725.2000,2,3,2,5,4,2,1,3,1,3
SF,IF2005,2020-04-13 14:01:58.100,3722.2000,11950,0,6447976200.000,0,-,-,-,-,3722.2000,3721.2000,3721.0000,3720.2000,3720.0000,3722.6000,3722.8000,3723.8000,3725.0000,3725.2000,2,3,2,5,4,4,1,3,1,3
SF,IF2005,2020-04-13 14:01:58.600,3722.2000,11950,0,6449092860.000,1,0,1,空换,B,3722.2000,3721.2000,3721.0000,3720.2000,3720.0000,3722.4000,3722.6000,3722.8000,3723.8000,3725.0000,1,3,2,5,4,2,2,1,3,1
SF,IF2005,2020-04-13 14:01:59.100,3722.2000,11951,1,6450209520.000,1,1,0,双开,B,3721.2000,3721.0000,3720.2000,3720.0000,3719.6000,3722.4000,3722.6000,3722.8000,3723.8000,3725.0000,3,2,5,4,4,2,2,1,3,1
SF,IF2005,2020-04-13 14:01:59.600,3722.2000,11951,0,6450209520.000,0,-,-,-,-,3721.4000,3721.2000,3721.0000,3720.2000,3720.0000,3722.2000,3722.4000,3722.8000,3723.8000,3725.0000,2,3,2,5,4,2,3,1,3,1
SF,IF2005,2020-04-13 14:02:00.100,3722.2000,11951,0,6450209520.000,0,-,-,-,-,3721.4000,3721.2000,3721.0000,3720.2000,3720.0000,3722.2000,3722.4000,3722.8000,3723.8000,3725.0000,2,3,2,5,4,2,3,1,3,1
SF,IF2005,2020-04-13 14:02:00.600,3722.2000,11951,0,6450209520.000,0,-,-,-,-,3721.4000,3721.2000,3721.0000,3720.2000,3720.0000,3722.4000,3722.8000,3723.8000,3725.0000,3725.2000,2,3,2,5,4,3,1,3,1,3
SF,IF2005,2020-04-13 14:02:01.100,3722.2000,11951,0,6450209520.000,0,-,-,-,-,3721.4000,3721.2000,3721.0000,3720.2000,3720.0000,3722.8000,3723.8000,3725.0000,3725.2000,3725.4000,2,3,2,5,4,1,3,1,3,2
SF,IF2005,2020-04-13 14:02:01.600,3722.2000,11951,0,6450209520.000,0,-,-,-,-,3721.6000,3721.4000,3721.2000,3721.0000,3720.2000,3722.4000,3722.8000,3723.8000,3725.0000,3725.2000,3,2,1,2,5,2,1,3,1,3
SF,IF2005,2020-04-13 14:02:02.100,3722.2000,11951,0,6450209520.000,0,-,-,-,-,3721.8000,3721.6000,3721.4000,3721.2000,3721.0000,3722.4000,3722.8000,3723.8000,3725.0000,3725.2000,1,3,1,1,2,2,1,3,1,3
SF,IF2005,2020-04-13 14:02:02.600,3722.2000,11951,0,6450209520.000,0,-,-,-,-,3721.8000,3721.6000,3721.4000,3721.2000,3721.0000,3722.4000,3722.8000,3723.8000,3725.0000,3725.2000,1,3,1,1,2,3,1,3,1,3
SF,IF2005,2020-04-13 14:02:04.600,3722.2000,11951,0,6450209520.000,0,-,-,-,-,3721.8000,3721.6000,3721.4000,3721.2000,3721.0000,3722.8000,3723.8000,3725.0000,3725.2000,3725.4000,1,3,1,1,2,1,3,1,3,2
SF,IF2005,2020-04-13 14:02:05.100,3722.2000,11951,0,6450209520.000,0,-,-,-,-,3721.8000,3721.6000,3721.4000,3721.2000,3721.0000,3722.6000,3722.8000,3723.8000,3725.0000,3725.2000,1,2,1,1,2,2,4,3,1,3
SF,IF2005,2020-04-13 14:02:05.600,3722.2000,11951,0,6450209520.000,0,-,-,-,-,3721.8000,3721.6000,3721.4000,3721.2000,3721.0000,3722.6000,3722.8000,3723.8000,3725.0000,3725.2000,1,2,1,1,2,4,1,3,1,3
SF,IF2005,2020-04-13 14:02:07.100,3722.2000,11951,0,6450209520.000,0,-,-,-,-,3721.8000,3721.6000,3721.4000,3721.2000,3721.0000,3722.6000,3722.8000,3723.8000,3725.0000,3725.2000,1,2,1,1,2,2,1,3,1,3
SF,IF2005,2020-04-13 14:02:08.600,3722.2000,11951,0,6450209520.000,0,-,-,-,-,3721.8000,3721.6000,3721.4000,3721.2000,3721.0000,3722.6000,3722.8000,3723.8000,3725.0000,3725.2000,1,2,1,1,2,4,1,3,1,3
SF,IF2005,2020-04-13 14:02:10.600,3722.2000,11951,0,6450209520.000,0,-,-,-,-,3721.8000,3721.6000,3721.4000,3721.2000,3721.0000,3722.6000,3722.8000,3723.8000,3725.0000,3725.2000,1,2,1,1,2,4,1,3,1,3
SF,IF2005,2020-04-13 14:02:11.100,3722.2000,11951,0,6450209520.000,0,-,-,-,-,3721.8000,3721.6000,3721.2000,3721.0000,3720.2000,3722.6000,3722.8000,3723.8000,3725.0000,3725.2000,1,2,1,2,5,2,1,3,1,3
SF,IF2005,2020-04-13 14:02:11.600,3722.2000,11951,0,6450209520.000,0,-,-,-,-,3722.2000,3721.8000,3721.6000,3721.2000,3721.0000,3722.6000,3722.8000,3723.8000,3725.0000,3725.2000,2,1,2,1,2,2,1,3,1,3
SF,IF2005,2020-04-13 14:02:12.100,3722.2000,11951,0,6450209520.000,0,-,-,-,-,3722.2000,3721.8000,3721.6000,3721.2000,3721.0000,3722.6000,3722.8000,3723.8000,3725.0000,3725.2000,2,1,2,1,2,2,1,3,1,3
SF,IF2005,2020-04-13 14:02:12.600,3722.6000,11952,1,6451326300.000,1,1,0,双开,B,3722.2000,3721.6000,3721.2000,3721.0000,3720.2000,3722.8000,3723.8000,3725.0000,3725.2000,3725.4000,2,2,1,2,5,1,3,1,3,2
SF,IF2005,2020-04-13 14:02:13.100,3722.2000,11953,1,6452442960.000,1,1,0,双开,B,3722.2000,3721.6000,3721.2000,3721.0000,3720.2000,3722.8000,3723.8000,3725.0000,3725.2000,3725.4000,1,2,1,2,5,2,3,1,3,2
SF,IF2005,2020-04-13 14:02:13.600,3722.2000,11953,0,6452442960.000,0,-,-,-,-,3722.2000,3721.6000,3721.2000,3721.0000,3720.2000,3722.8000,3723.8000,3725.0000,3725.2000,3725.4000,1,2,1,2,5,1,3,1,3,2
SF,IF2005,2020-04-13 14:02:14.100,3722.2000,11953,0,6452442960.000,0,-,-,-,-,3722.2000,3721.6000,3721.2000,3721.0000,3720.2000,3722.8000,3723.8000,3725.0000,3725.2000,3725.4000,1,2,1,2,5,1,3,1,3,2
SF,IF2005,2020-04-13 14:02:15.100,3722.2000,11953,0,6452442960.000,0,-,-,-,-,3722.2000,3721.6000,3721.2000,3721.0000,3720.2000,3722.6000,3722.8000,3723.8000,3725.0000,3725.2000,1,2,1,2,5,1,1,3,1,3
SF,IF2005,2020-04-13 14:02:15.600,3722.2000,11953,0,6452442960.000,0,-,-,-,-,3722.2000,3721.6000,3721.2000,3721.0000,3720.2000,3722.8000,3723.8000,3725.0000,3725.2000,3725.4000,1,2,1,2,5,1,3,1,3,2
SF,IF2005,2020-04-13 14:02:16.100,3722.2000,11953,0,6452442960.000,0,-,-,-,-,3721.6000,3721.2000,3721.0000,3720.2000,3720.0000,3722.8000,3723.8000,3725.0000,3725.2000,3725.4000,2,1,2,5,4,1,3,1,3,2
SF,IF2005,2020-04-13 14:02:16.600,3722.2000,11953,0,6452442960.000,0,-,-,-,-,3722.4000,3722.0000,3721.8000,3721.6000,3721.0000,3722.8000,3723.8000,3725.0000,3725.2000,3725.4000,1,3,1,2,2,1,3,1,3,2
SF,IF2005,2020-04-13 14:02:17.100,3722.2000,11953,0,6452442960.000,0,-,-,-,-,3722.4000,3722.2000,3722.0000,3721.8000,3721.6000,3722.8000,3723.8000,3725.0000,3725.2000,3725.4000,1,1,3,1,2,1,3,1,3,2
SF,IF2005,2020-04-13 14:02:17.600,3722.8000,11954,1,6453559800.000,1,1,0,双开,B,3722.4000,3722.2000,3722.0000,3721.8000,3721.6000,3723.8000,3725.0000,3725.2000,3725.4000,3726.0000,1,1,3,1,2,3,1,3,2,2
SF,IF2005,2020-04-13 14:02:18.100,3722.8000,11954,0,6453559800.000,0,-,-,-,-,3722.4000,3722.2000,3722.0000,3721.8000,3721.6000,3723.2000,3723.4000,3723.6000,3723.8000,3725.0000,1,1,3,1,2,1,1,9,3,1
SF,IF2005,2020-04-13 14:02:18.600,3722.8000,11954,0,6453559800.000,0,-,-,-,-,3722.4000,3722.2000,3722.0000,3721.8000,3721.6000,3723.2000,3723.4000,3723.6000,3723.8000,3725.0000,1,1,3,1,2,1,2,10,3,1
SF,IF2005,2020-04-13 14:02:19.100,3722.8000,11954,0,6453559800.000,0,-,-,-,-,3722.4000,3722.2000,3722.0000,3721.6000,3721.0000,3723.0000,3723.2000,3723.4000,3723.6000,3723.8000,1,1,3,2,2,2,1,2,8,3
SF,IF2005,2020-04-13 14:02:20.100,3722.8000,11954,0,6453559800.000,0,-,-,-,-,3722.2000,3722.0000,3721.6000,3721.0000,3720.2000,3723.0000,3723.2000,3723.4000,3723.6000,3723.8000,1,2,2,2,5,2,1,1,8,3
SF,IF2005,2020-04-13 14:02:21.100,3722.8000,11954,0,6453559800.000,0,-,-,-,-,3722.2000,3722.0000,3721.6000,3721.0000,3720.2000,3723.0000,3723.2000,3723.4000,3723.6000,3723.8000,1,1,2,2,5,2,1,1,8,3
SF,IF2005,2020-04-13 14:02:21.600,3722.8000,11954,0,6453559800.000,0,-,-,-,-,3722.2000,3722.0000,3721.6000,3721.0000,3720.2000,3723.0000,3723.4000,3723.6000,3723.8000,3725.0000,1,1,2,2,13,4,1,8,3,1
SF,IF2005,2020-04-13 14:02:22.100,3722.8000,11954,0,6453559800.000,0,-,-,-,-,3722.0000,3721.6000,3721.0000,3720.2000,3720.0000,3723.0000,3723.4000,3723.6000,3723.8000,3725.0000,1,2,2,13,4,4,1,8,3,1
SF,IF2005,2020-04-13 14:02:22.600,3722.8000,11954,0,6453559800.000,0,-,-,-,-,3722.8000,3722.0000,3721.6000,3721.0000,3720.2000,3723.0000,3723.4000,3723.6000,3723.8000,3725.0000,1,1,2,2,13,4,1,8,3,1
SF,IF2005,2020-04-13 14:02:23.100,3722.8000,11955,1,6454676640.000,1,1,0,双开,B,3722.0000,3721.6000,3721.0000,3720.2000,3720.0000,3723.0000,3723.4000,3723.6000,3723.8000,3725.0000,1,2,2,13,4,4,1,8,3,1
SF,IF2005,2020-04-13 14:02:24.100,3722.8000,11955,0,6454676640.000,0,-,-,-,-,3722.0000,3721.6000,3721.0000,3720.2000,3720.0000,3722.8000,3723.0000,3723.4000,3723.6000,3723.8000,1,2,2,13,4,2,2,1,8,3
SF,IF2005,2020-04-13 14:02:24.600,3722.8000,11955,0,6454676640.000,0,-,-,-,-,3722.0000,3721.6000,3721.0000,3720.4000,3720.2000,3722.6000,3723.0000,3723.4000,3723.6000,3723.8000,1,2,2,1,13,4,2,1,8,3
SF,IF2005,2020-04-13 14:02:28.100,3722.8000,11955,0,6454676640.000,0,-,-,-,-,3722.0000,3721.6000,3721.0000,3720.4000,3720.2000,3722.6000,3723.0000,3723.4000,3723.6000,3723.8000,1,2,2,1,13,4,2,1,8,3
SF,IF2005,2020-04-13 14:02:28.600,3722.8000,11955,0,6454676640.000,0,-,-,-,-,3722.0000,3721.6000,3721.0000,3720.4000,3720.2000,3722.6000,3723.0000,3723.4000,3723.6000,3723.8000,1,2,2,1,13,4,2,1,8,3
SF,IF2005,2020-04-13 14:02:29.100,3722.8000,11955,0,6454676640.000,0,-,-,-,-,3722.0000,3721.6000,3721.0000,3720.4000,3720.2000,3722.6000,3723.0000,3723.4000,3723.6000,3723.8000,1,2,2,2,13,4,2,1,8,3
SF,IF2005,2020-04-13 14:02:30.100,3722.8000,11955,0,6454676640.000,0,-,-,-,-,3721.6000,3721.2000,3721.0000,3720.4000,3720.2000,3722.6000,3723.0000,3723.4000,3723.6000,3723.8000,2,1,2,2,13,4,2,1,8,3
SF,IF2005,2020-04-13 14:02:30.600,3722.8000,11955,0,6454676640.000,0,-,-,-,-,3721.8000,3721.6000,3721.2000,3721.0000,3720.4000,3722.6000,3723.0000,3723.4000,3723.6000,3723.8000,1,2,1,2,2,4,2,1,8,3
SF,IF2005,2020-04-13 14:02:31.600,3722.8000,11955,0,6454676640.000,0,-,-,-,-,3721.8000,3721.6000,3721.2000,3721.0000,3720.4000,3722.4000,3722.6000,3723.0000,3723.4000,3723.6000,1,2,1,2,2,2,4,2,1,8
SF,IF2005,2020-04-13 14:02:32.100,3722.8000,11955,0,6454676640.000,0,-,-,-,-,3721.8000,3721.6000,3721.2000,3721.0000,3720.4000,3722.4000,3722.6000,3723.0000,3723.4000,3723.6000,1,2,1,2,2,2,4,2,1,3
SF,IF2005,2020-04-13 14:02:34.100,3722.6000,11959,4,6459143760.000,4,4,0,双开,B,3721.8000,3721.6000,3721.2000,3721.0000,3720.4000,3722.6000,3723.0000,3723.4000,3723.6000,3723.8000,1,2,1,2,2,2,2,1,3,3
SF,IF2005,2020-04-13 14:02:34.600,3722.6000,11959,0,6459143760.000,0,-,-,-,-,3721.8000,3721.6000,3721.2000,3721.0000,3720.4000,3722.4000,3723.0000,3723.4000,3723.6000,3723.8000,1,2,1,2,2,2,2,1,3,3
SF,IF2005,2020-04-13 14:02:36.100,3722.6000,11959,0,6459143760.000,0,-,-,-,-,3721.8000,3721.6000,3721.2000,3721.0000,3720.4000,3722.4000,3723.0000,3723.4000,3723.6000,3723.8000,1,2,1,2,1,2,2,1,3,3
SF,IF2005,2020-04-13 14:02:37.100,3722.4000,11960,1,6460260480.000,1,1,0,双开,B,3721.8000,3721.6000,3721.2000,3721.0000,3720.4000,3722.4000,3723.0000,3723.4000,3723.6000,3723.8000,1,2,1,2,1,1,2,1,3,3
SF,IF2005,2020-04-13 14:02:38.600,3722.4000,11960,0,6460260480.000,0,-,-,-,-,3721.8000,3721.6000,3721.2000,3721.0000,3720.4000,3722.4000,3723.0000,3723.4000,3723.6000,3723.8000,1,2,1,2,1,1,2,1,3,3
SF,IF2005,2020-04-13 14:02:40.100,3722.4000,11960,0,6460260480.000,0,-,-,-,-,3721.8000,3721.6000,3721.0000,3720.4000,3720.2000,3722.4000,3723.0000,3723.4000,3723.6000,3723.8000,1,2,2,1,13,1,2,1,3,3
SF,IF2005,2020-04-13 14:02:41.600,3722.4000,11960,0,6460260480.000,0,-,-,-,-,3721.8000,3721.6000,3721.0000,3720.4000,3720.2000,3722.4000,3723.0000,3723.4000,3723.6000,3723.8000,1,2,2,1,13,1,2,1,3,3
SF,IF2005,2020-04-13 14:02:43.600,3722.4000,11960,0,6460260480.000,0,-,-,-,-,3721.8000,3721.6000,3721.0000,3720.4000,3720.2000,3722.4000,3723.0000,3723.4000,3723.6000,3723.8000,1,2,2,1,13,3,2,1,3,3
SF,IF2005,2020-04-13 14:02:46.100,3722.4000,11960,0,6460260480.000,0,-,-,-,-,3721.8000,3721.6000,3721.0000,3720.4000,3720.2000,3722.4000,3723.0000,3723.4000,3723.6000,3723.8000,1,2,2,1,13,4,2,1,3,3
SF,IF2005,2020-04-13 14:02:46.600,3722.4000,11960,0,6460260480.000,0,-,-,-,-,3721.8000,3721.6000,3721.0000,3720.4000,3720.2000,3722.4000,3723.0000,3723.4000,3723.6000,3723.8000,1,2,2,1,13,3,2,1,3,3
SF,IF2005,2020-04-13 14:02:47.100,3722.4000,11960,0,6460260480.000,0,-,-,-,-,3721.8000,3721.6000,3721.0000,3720.4000,3720.2000,3722.4000,3723.0000,3723.4000,3723.6000,3723.8000,1,2,2,1,13,3,2,1,3,3
SF,IF2005,2020-04-13 14:02:47.600,3722.4000,11960,0,6460260480.000,0,-,-,-,-,3721.8000,3721.6000,3721.0000,3720.4000,3720.2000,3722.4000,3723.0000,3723.4000,3723.6000,3723.8000,1,2,2,1,13,3,2,1,3,3
SF,IF2005,2020-04-13 14:02:48.600,3722.4000,11960,0,6460260480.000,0,-,-,-,-,3721.8000,3721.6000,3721.0000,3720.4000,3720.2000,3722.4000,3723.0000,3723.4000,3723.6000,3723.8000,1,2,2,1,13,3,2,1,3,3
SF,IF2005,2020-04-13 14:02:49.100,3722.4000,11960,0,6460260480.000,0,-,-,-,-,3721.8000,3721.6000,3721.0000,3720.4000,3720.2000,3722.4000,3723.0000,3723.4000,3723.6000,3723.8000,1,2,2,1,13,3,2,1,3,3
SF,IF2005,2020-04-13 14:02:50.600,3722.4000,11960,0,6460260480.000,0,-,-,-,-,3721.8000,3721.6000,3721.0000,3720.4000,3720.2000,3722.4000,3723.0000,3723.4000,3723.6000,3723.8000,1,2,2,1,14,3,2,1,3,3
SF,IF2005,2020-04-13 14:02:51.100,3722.4000,11960,0,6460260480.000,0,-,-,-,-,3721.8000,3721.6000,3721.0000,3720.4000,3720.2000,3722.4000,3723.0000,3723.4000,3723.6000,3723.8000,1,2,2,1,14,3,2,1,3,3
SF,IF2005,2020-04-13 14:02:51.600,3722.4000,11960,0,6460260480.000,0,-,-,-,-,3721.8000,3721.6000,3721.0000,3720.4000,3720.2000,3722.4000,3723.0000,3723.4000,3723.6000,3723.8000,1,2,2,1,14,3,2,1,3,3
SF,IF2005,2020-04-13 14:02:52.100,3722.4000,11960,0,6460260480.000,0,-,-,-,-,3721.8000,3721.6000,3721.0000,3720.4000,3720.2000,3722.4000,3723.0000,3723.4000,3723.6000,3723.8000,1,2,2,1,14,3,2,1,3,3
SF,IF2005,2020-04-13 14:02:52.600,3722.4000,11960,0,6460260480.000,0,-,-,-,-,3721.8000,3721.6000,3721.0000,3720.4000,3720.2000,3722.4000,3723.0000,3723.4000,3723.6000,3723.8000,1,2,2,1,14,2,2,1,3,3
SF,IF2005,2020-04-13 14:02:53.100,3722.4000,11960,0,6460260480.000,0,-,-,-,-,3721.8000,3721.6000,3721.0000,3720.4000,3720.2000,3722.4000,3723.0000,3723.4000,3723.6000,3723.8000,1,2,2,1,14,2,2,1,3,3
SF,IF2005,2020-04-13 14:02:53.600,3722.4000,11960,0,6460260480.000,0,-,-,-,-,3721.8000,3721.6000,3721.0000,3720.4000,3720.2000,3722.4000,3723.0000,3723.4000,3723.6000,3723.8000,1,2,2,1,14,2,2,1,3,3
SF,IF2005,2020-04-13 14:02:54.100,3722.4000,11960,0,6460260480.000,0,-,-,-,-,3722.0000,3721.8000,3721.6000,3721.0000,3720.4000,3722.4000,3723.0000,3723.4000,3723.6000,3723.8000,3,1,2,2,1,3,2,1,3,3
SF,IF2005,2020-04-13 14:02:54.600,3722.4000,11960,0,6460260480.000,0,-,-,-,-,3722.0000,3721.8000,3721.6000,3721.0000,3720.4000,3722.4000,3723.0000,3723.4000,3723.6000,3723.8000,3,1,2,2,1,2,2,1,3,3
SF,IF2005,2020-04-13 14:02:55.100,3722.4000,11960,0,6460260480.000,0,-,-,-,-,3722.0000,3721.8000,3721.6000,3721.0000,3720.4000,3722.4000,3723.0000,3723.4000,3723.6000,3723.8000,3,1,2,2,1,2,2,1,3,3
SF,IF2005,2020-04-13 14:02:55.600,3722.4000,11960,0,6460260480.000,0,-,-,-,-,3722.0000,3721.8000,3721.6000,3721.0000,3720.4000,3722.4000,3723.0000,3723.4000,3723.6000,3723.8000,3,1,2,2,1,3,2,1,3,3
SF,IF2005,2020-04-13 14:02:56.100,3722.4000,11960,0,6460260480.000,0,-,-,-,-,3722.0000,3721.8000,3721.6000,3721.0000,3720.4000,3722.4000,3723.0000,3723.4000,3723.6000,3723.8000,3,1,2,2,1,3,2,1,3,3
SF,IF2005,2020-04-13 14:02:56.600,3722.4000,11960,0,6460260480.000,0,-,-,-,-,3722.0000,3721.8000,3721.6000,3721.0000,3720.4000,3722.4000,3723.0000,3723.4000,3723.6000,3723.8000,3,1,2,2,1,3,2,1,3,3
SF,IF2005,2020-04-13 14:02:57.100,3722.4000,11960,0,6460260480.000,0,-,-,-,-,3722.0000,3721.8000,3721.6000,3721.0000,3720.4000,3722.4000,3723.0000,3723.4000,3723.6000,3723.8000,3,1,2,2,1,2,2,1,3,3
SF,IF2005,2020-04-13 14:02:57.600,3722.4000,11960,0,6460260480.000,0,-,-,-,-,3722.0000,3721.8000,3721.6000,3721.0000,3720.4000,3722.4000,3723.0000,3723.4000,3723.6000,3723.8000,3,1,2,2,1,2,2,1,3,3
SF,IF2005,2020-04-13 14:02:58.100,3722.4000,11960,0,6460260480.000,0,-,-,-,-,3722.0000,3721.8000,3721.6000,3721.0000,3720.4000,3722.4000,3723.0000,3723.4000,3723.6000,3723.8000,3,1,2,2,1,2,2,1,3,3
SF,IF2005,2020-04-13 14:02:58.600,3722.4000,11960,0,6460260480.000,0,-,-,-,-,3722.0000,3721.8000,3721.6000,3721.0000,3720.4000,3722.4000,3723.0000,3723.4000,3723.6000,3723.8000,3,1,2,2,1,3,2,1,3,3
SF,IF2005,2020-04-13 14:02:59.100,3722.4000,11960,0,6460260480.000,0,-,-,-,-,3722.0000,3721.8000,3721.6000,3721.0000,3720.4000,3722.4000,3723.0000,3723.4000,3723.6000,3723.8000,3,1,2,2,1,3,2,1,3,3
SF,IF2005,2020-04-13 14:03:00.600,3722.4000,11960,0,6460260480.000,0,-,-,-,-,3722.0000,3721.8000,3721.6000,3721.0000,3720.4000,3722.4000,3723.0000,3723.4000,3723.6000,3723.8000,3,1,2,2,1,3,2,1,3,3
SF,IF2005,2020-04-13 14:03:01.600,3722.4000,11960,0,6460260480.000,0,-,-,-,-,3722.0000,3721.8000,3721.6000,3721.0000,3720.4000,3722.4000,3723.0000,3723.4000,3723.6000,3723.8000,3,1,2,2,1,3,2,1,3,3
SF,IF2005,2020-04-13 14:03:03.100,3722.4000,11960,0,6460260480.000,0,-,-,-,-,3722.0000,3721.8000,3721.6000,3721.0000,3720.4000,3722.2000,3722.4000,3723.0000,3723.4000,3723.6000,3,1,2,2,1,1,3,2,1,3
SF,IF2005,2020-04-13 14:03:03.600,3722.4000,11960,0,6460260480.000,0,-,-,-,-,3722.0000,3721.8000,3721.6000,3721.0000,3720.4000,3722.4000,3723.0000,3723.4000,3723.6000,3723.8000,3,1,2,2,1,3,2,1,3,3
SF,IF2005,2020-04-13 14:03:05.600,3722.4000,11960,0,6460260480.000,0,-,-,-,-,3722.2000,3722.0000,3721.8000,3721.6000,3721.0000,3722.4000,3723.0000,3723.4000,3723.6000,3723.8000,1,3,1,2,2,3,2,1,3,3
SF,IF2005,2020-04-13 14:03:06.100,3722.2000,11961,1,6461377140.000,1,1,0,双开,B,3722.0000,3721.8000,3721.6000,3721.0000,3720.4000,3722.4000,3723.0000,3723.4000,3723.6000,3723.8000,3,1,2,2,1,3,2,1,3,3
SF,IF2005,2020-04-13 14:03:08.600,3722.4000,11962,1,6462493860.000,1,1,0,双开,B,3722.0000,3721.8000,3721.6000,3721.0000,3720.4000,3722.4000,3723.0000,3723.4000,3723.6000,3723.8000,3,1,2,2,1,2,2,1,3,3
SF,IF2005,2020-04-13 14:03:09.100,3722.4000,11963,1,6463610580.000,1,1,0,双开,B,3722.2000,3722.0000,3721.6000,3721.0000,3720.4000,3722.4000,3723.0000,3723.4000,3723.6000,3723.8000,1,3,2,2,1,1,2,1,3,3
SF,IF2005,2020-04-13 14:03:09.600,3722.4000,11964,1,6464727300.000,1,1,0,双开,B,3722.6000,3722.4000,3722.0000,3721.6000,3721.0000,3723.0000,3723.4000,3723.6000,3723.8000,3725.0000,1,3,3,2,2,2,1,3,2,1
SF,IF2005,2020-04-13 14:03:10.100,3723.0000,11965,1,6468078000.000,3,2,1,多开,B,3723.4000,3722.8000,3722.0000,3721.6000,3721.0000,3723.6000,3723.8000,3725.0000,3725.2000,3725.4000,2,1,3,2,2,2,2,1,3,2
SF,IF2005,2020-04-13 14:03:10.600,3723.8000,11968,3,6471429360.000,3,3,0,双开,B,3722.0000,3721.6000,3721.0000,3720.8000,3720.4000,3725.0000,3725.2000,3725.4000,3726.0000,3726.2000,3,2,2,1,1,1,3,2,2,4
SF,IF2005,2020-04-13 14:03:11.100,3723.8000,11968,0,6471429360.000,0,-,-,-,-,3723.0000,3722.8000,3722.4000,3722.2000,3722.0000,3724.4000,3724.6000,3724.8000,3725.0000,3725.2000,1,2,2,6,6,1,7,7,1,3
SF,IF2005,2020-04-13 14:03:11.600,3723.8000,11968,0,6471429360.000,0,-,-,-,-,3723.8000,3723.4000,3723.2000,3723.0000,3722.8000,3724.4000,3724.6000,3724.8000,3725.0000,3725.2000,2,1,2,1,2,1,9,7,1,3
SF,IF2005,2020-04-13 14:03:12.100,3723.8000,11968,0,6471429360.000,0,-,-,-,-,3723.8000,3723.4000,3723.2000,3723.0000,3722.8000,3724.4000,3724.6000,3724.8000,3725.0000,3725.2000,2,1,2,1,1,1,3,6,1,3
SF,IF2005,2020-04-13 14:03:12.600,3723.8000,11968,0,6471429360.000,0,-,-,-,-,3723.8000,3723.4000,3723.2000,3723.0000,3722.8000,3724.4000,3724.6000,3724.8000,3725.0000,3725.2000,2,1,2,1,1,1,3,5,1,3
SF,IF2005,2020-04-13 14:03:13.100,3723.8000,11969,1,6473663820.000,2,1,1,多开,B,3723.8000,3723.4000,3723.2000,3722.4000,3722.2000,3724.6000,3724.8000,3725.0000,3725.2000,3725.4000,1,1,2,3,2,3,5,1,3,2
SF,IF2005,2020-04-13 14:03:13.600,3723.8000,11969,0,6473663820.000,0,-,-,-,-,3723.8000,3723.2000,3722.4000,3722.2000,3722.0000,3724.6000,3724.8000,3725.0000,3725.2000,3725.4000,1,2,3,2,6,3,5,1,2,3
SF,IF2005,2020-04-13 14:03:14.100,3723.8000,11969,0,6473663820.000,0,-,-,-,-,3723.8000,3723.2000,3722.4000,3722.2000,3722.0000,3724.6000,3724.8000,3725.0000,3725.2000,3725.4000,1,2,3,2,6,3,4,1,2,3
SF,IF2005,2020-04-13 14:03:14.600,3723.8000,11969,0,6473663820.000,0,-,-,-,-,3724.0000,3723.8000,3723.2000,3722.4000,3722.2000,3724.8000,3725.0000,3725.2000,3725.4000,3726.0000,1,1,2,3,2,3,1,1,3,1
SF,IF2005,2020-04-13 14:03:15.100,3723.8000,11969,0,6473663820.000,0,-,-,-,-,3724.0000,3723.8000,3723.2000,3722.4000,3722.2000,3724.8000,3725.0000,3725.2000,3725.4000,3726.0000,1,1,2,3,3,2,1,1,2,1
SF,IF2005,2020-04-13 14:03:15.600,3723.8000,11969,0,6473663820.000,0,-,-,-,-,3724.0000,3723.8000,3723.2000,3722.4000,3722.2000,3725.0000,3725.2000,3726.0000,3726.2000,3726.8000,1,1,2,3,3,1,1,1,1,1
SF,IF2005,2020-04-13 14:03:16.100,3723.8000,11969,0,6473663820.000,0,-,-,-,-,3724.4000,3724.2000,3723.8000,3722.4000,3722.2000,3725.0000,3726.2000,3726.8000,3728.0000,3729.4000,1,5,1,3,3,1,1,1,1,1
SF,IF2005,2020-04-13 14:03:16.600,3723.8000,11969,0,6473663820.000,0,-,-,-,-,3724.4000,3724.2000,3722.4000,3722.2000,3722.0000,3725.0000,3726.2000,3726.8000,3728.0000,3729.4000,1,5,3,3,6,1,1,1,1,1
SF,IF2005,2020-04-13 14:03:17.100,3725.0000,11969,0,6474781320.000,1,0,1,空换,B,3724.4000,3724.2000,3723.8000,3722.4000,3722.2000,3726.2000,3726.8000,3728.0000,3729.4000,3729.8000,1,5,1,3,3,1,1,1,1,3
SF,IF2005,2020-04-13 14:03:17.600,3725.0000,11969,0,6474781320.000,0,-,-,-,-,3724.6000,3724.4000,3724.2000,3723.8000,3722.4000,3726.0000,3726.2000,3726.8000,3728.0000,3729.4000,4,1,1,1,4,9,1,1,1,1
SF,IF2005,2020-04-13 14:03:18.100,3725.0000,11969,0,6474781320.000,0,-,-,-,-,3724.6000,3724.4000,3724.2000,3723.8000,3722.4000,3725.8000,3726.0000,3726.2000,3726.8000,3728.0000,3,1,1,1,4,12,14,1,1,1
SF,IF2005,2020-04-13 14:03:18.600,3725.0000,11969,0,6474781320.000,0,-,-,-,-,3724.6000,3724.4000,3724.2000,3723.8000,3722.4000,3725.6000,3725.8000,3726.0000,3726.2000,3726.8000,3,1,1,1,4,3,11,11,1,1
SF,IF2005,2020-04-13 14:03:19.100,3725.0000,11969,0,6474781320.000,0,-,-,-,-,3724.6000,3724.4000,3724.2000,3723.8000,3722.4000,3725.6000,3725.8000,3726.0000,3726.2000,3726.8000,3,1,1,1,4,3,9,11,1,1
SF,IF2005,2020-04-13 14:03:19.600,3725.0000,11969,0,6474781320.000,0,-,-,-,-,3724.6000,3724.4000,3724.2000,3723.8000,3723.0000,3725.2000,3725.4000,3725.6000,3725.8000,3726.0000,3,1,1,1,1,1,5,3,9,11
SF,IF2005,2020-04-13 14:03:20.100,3725.0000,11969,0,6474781320.000,0,-,-,-,-,3724.8000,3724.6000,3724.2000,3723.8000,3723.0000,3725.6000,3725.8000,3726.0000,3726.2000,3726.8000,1,3,1,1,1,2,4,11,1,1
SF,IF2005,2020-04-13 14:03:20.600,3724.8000,11970,1,6475898760.000,1,1,0,双开,B,3724.6000,3724.2000,3723.8000,3723.0000,3722.4000,3724.8000,3725.2000,3725.4000,3725.6000,3725.8000,2,1,1,1,4,1,5,1,2,2
SF,IF2005,2020-04-13 14:03:21.100,3724.8000,11971,1,6477016200.000,1,1,0,双开,B,3724.6000,3724.2000,3723.8000,3723.0000,3722.4000,3725.6000,3725.8000,3726.0000,3726.2000,3726.8000,2,1,1,1,4,2,2,5,1,1
SF,IF2005,2020-04-13 14:03:21.600,3724.8000,11971,0,6477016200.000,0,-,-,-,-,3724.6000,3724.2000,3723.8000,3723.0000,3722.4000,3725.6000,3725.8000,3726.0000,3726.2000,3726.8000,2,1,1,1,4,2,2,5,1,1
SF,IF2005,2020-04-13 14:03:22.100,3724.8000,11971,0,6477016200.000,0,-,-,-,-,3724.6000,3724.2000,3723.0000,3722.4000,3722.2000,3725.6000,3725.8000,3726.0000,3726.2000,3726.8000,2,1,1,4,3,1,2,5,1,1
SF,IF2005,2020-04-13 14:03:22.600,3724.8000,11971,0,6477016200.000,0,-,-,-,-,3724.8000,3724.6000,3724.2000,3723.0000,3722.4000,3725.6000,3725.8000,3726.0000,3726.2000,3726.8000,1,2,1,1,4,1,2,5,1,1
SF,IF2005,2020-04-13 14:03:24.100,3724.8000,11971,0,6477016200.000,0,-,-,-,-,3724.8000,3724.6000,3724.2000,3723.0000,3722.4000,3725.6000,3725.8000,3726.0000,3726.2000,3726.8000,1,2,1,2,4,1,2,5,1,1
SF,IF2005,2020-04-13 14:03:24.600,3724.8000,11971,0,6477016200.000,0,-,-,-,-,3724.8000,3724.6000,3724.2000,3723.0000,3722.4000,3725.6000,3725.8000,3726.0000,3726.2000,3726.8000,1,2,1,2,4,1,2,5,1,1
SF,IF2005,2020-04-13 14:03:25.600,3724.8000,11971,0,6477016200.000,0,-,-,-,-,3724.8000,3724.6000,3724.2000,3723.0000,3722.4000,3725.2000,3725.4000,3725.6000,3725.8000,3726.0000,1,2,1,2,4,1,5,1,2,5
SF,IF2005,2020-04-13 14:03:26.100,3724.8000,11971,0,6477016200.000,0,-,-,-,-,3724.8000,3724.6000,3724.2000,3723.0000,3722.4000,3725.4000,3725.6000,3725.8000,3726.0000,3726.2000,1,2,1,2,4,2,1,2,5,1
SF,IF2005,2020-04-13 14:03:26.600,3724.8000,11971,0,6477016200.000,0,-,-,-,-,3724.8000,3724.6000,3724.2000,3723.0000,3722.4000,3725.4000,3725.6000,3725.8000,3726.0000,3726.2000,1,2,1,2,4,2,1,2,5,1
SF,IF2005,2020-04-13 14:03:27.600,3724.8000,11971,0,6477016200.000,0,-,-,-,-,3724.6000,3724.2000,3723.0000,3722.4000,3722.2000,3725.4000,3725.6000,3725.8000,3726.0000,3726.2000,2,1,2,4,3,2,1,2,5,1
SF,IF2005,2020-04-13 14:03:28.100,3724.8000,11971,0,6477016200.000,0,-,-,-,-,3724.8000,3724.6000,3724.2000,3723.0000,3722.4000,3725.4000,3725.6000,3725.8000,3726.0000,3726.2000,1,2,1,2,4,2,1,2,5,1
SF,IF2005,2020-04-13 14:03:30.100,3724.8000,11971,0,6477016200.000,0,-,-,-,-,3725.0000,3724.8000,3724.6000,3724.2000,3723.0000,3725.4000,3725.6000,3725.8000,3726.0000,3726.2000,2,1,2,1,2,2,1,2,5,1
SF,IF2005,2020-04-13 14:03:33.100,3724.8000,11971,0,6477016200.000,0,-,-,-,-,3725.0000,3724.6000,3724.2000,3723.0000,3722.4000,3725.4000,3725.6000,3725.8000,3726.0000,3726.2000,2,2,1,2,4,2,1,2,5,1
SF,IF2005,2020-04-13 14:03:33.600,3724.8000,11971,0,6477016200.000,0,-,-,-,-,3724.8000,3724.6000,3724.2000,3723.6000,3723.0000,3725.4000,3725.6000,3725.8000,3726.0000,3726.2000,1,2,1,1,2,2,1,2,5,1
SF,IF2005,2020-04-13 14:03:36.600,3724.8000,11971,0,6477016200.000,0,-,-,-,-,3724.8000,3724.6000,3724.2000,3723.6000,3723.0000,3725.4000,3725.6000,3725.8000,3726.0000,3726.2000,1,2,1,1,2,2,1,2,5,1
SF,IF2005,2020-04-13 14:03:37.100,3724.8000,11971,0,6477016200.000,0,-,-,-,-,3724.8000,3724.6000,3724.2000,3723.6000,3723.0000,3725.4000,3725.6000,3725.8000,3726.0000,3726.2000,1,2,1,1,2,1,1,2,5,1
SF,IF2005,2020-04-13 14:03:37.600,3724.8000,11971,0,6477016200.000,0,-,-,-,-,3724.8000,3724.6000,3724.2000,3723.6000,3723.0000,3725.4000,3725.6000,3725.8000,3726.0000,3726.2000,1,2,1,1,2,1,1,2,5,1
SF,IF2005,2020-04-13 14:03:38.600,3724.8000,11971,0,6477016200.000,0,-,-,-,-,3724.6000,3724.2000,3723.6000,3723.0000,3722.4000,3725.4000,3725.6000,3725.8000,3726.0000,3726.2000,2,1,1,3,5,1,1,2,5,1
SF,IF2005,2020-04-13 14:03:39.100,3724.8000,11971,0,6477016200.000,0,-,-,-,-,3724.8000,3724.6000,3724.2000,3723.6000,3723.0000,3725.6000,3725.8000,3726.0000,3726.2000,3726.8000,1,2,1,1,3,1,2,5,1,1
SF,IF2005,2020-04-13 14:03:39.600,3724.8000,11971,0,6477016200.000,0,-,-,-,-,3725.0000,3724.8000,3723.6000,3723.0000,3722.4000,3726.0000,3726.8000,3727.6000,3728.0000,3729.4000,2,2,1,2,5,4,1,1,1,1
SF,IF2005,2020-04-13 14:03:40.100,3724.8000,11971,0,6477016200.000,0,-,-,-,-,3725.0000,3724.8000,3723.6000,3723.0000,3722.4000,3726.0000,3726.8000,3727.6000,3728.0000,3729.4000,2,2,1,2,5,3,1,1,1,1
SF,IF2005,2020-04-13 14:03:40.600,3724.8000,11971,0,6477016200.000,0,-,-,-,-,3725.0000,3724.8000,3723.6000,3723.0000,3722.4000,3726.0000,3726.8000,3727.6000,3728.0000,3729.4000,5,2,1,2,5,3,1,1,1,1
SF,IF2005,2020-04-13 14:03:41.100,3726.0000,11971,0,6478134000.000,1,0,1,空换,B,3725.2000,3725.0000,3724.8000,3723.6000,3723.0000,3726.0000,3726.8000,3727.6000,3728.0000,3729.4000,2,5,1,1,2,1,1,1,1,1
SF,IF2005,2020-04-13 14:03:41.600,3725.2000,11973,2,6480369120.000,2,2,0,双开,B,3725.2000,3725.0000,3724.8000,3723.6000,3723.0000,3726.8000,3727.6000,3728.0000,3729.4000,3729.8000,1,10,1,1,2,1,1,1,1,3
SF,IF2005,2020-04-13 14:03:42.100,3725.2000,11973,0,6480369120.000,0,-,-,-,-,3725.4000,3725.2000,3725.0000,3724.8000,3723.6000,3726.4000,3726.6000,3726.8000,3727.6000,3728.0000,2,1,8,1,1,1,2,1,1,1
SF,IF2005,2020-04-13 14:03:42.600,3725.2000,11973,0,6480369120.000,0,-,-,-,-,3725.4000,3725.2000,3725.0000,3724.8000,3723.6000,3726.4000,3726.6000,3726.8000,3727.6000,3728.0000,2,1,8,1,1,2,8,1,1,1
SF,IF2005,2020-04-13 14:03:43.100,3725.4000,11974,1,6481486740.000,1,1,0,双开,B,3725.4000,3725.2000,3725.0000,3724.8000,3723.6000,3726.2000,3726.4000,3726.6000,3726.8000,3727.6000,1,1,8,1,1,2,2,8,1,1
SF,IF2005,2020-04-13 14:03:43.600,3725.4000,11974,0,6481486740.000,0,-,-,-,-,3725.2000,3725.0000,3724.8000,3723.6000,3723.0000,3726.2000,3726.4000,3726.6000,3726.8000,3727.6000,1,8,1,1,2,2,2,7,1,1
SF,IF2005,2020-04-13 14:03:44.100,3725.4000,11975,1,6482604360.000,1,1,0,双开,B,3725.0000,3723.6000,3723.0000,3722.4000,3722.2000,3725.2000,3726.0000,3726.2000,3726.4000,3726.6000,8,1,2,8,12,1,1,2,1,6
SF,IF2005,2020-04-13 14:03:44.600,3725.2000,11976,1,6483721920.000,1,1,0,双开,B,3725.4000,3725.0000,3723.6000,3723.0000,3722.4000,3726.0000,3726.2000,3726.4000,3726.6000,3726.8000,1,8,1,3,8,1,2,1,1,1
SF,IF2005,2020-04-13 14:03:45.100,3726.0000,11977,1,6484839720.000,1,1,0,双开,B,3726.0000,3725.4000,3725.0000,3723.6000,3723.0000,3726.2000,3726.4000,3726.6000,3726.8000,3727.6000,2,1,8,1,3,2,1,1,1,1
SF,IF2005,2020-04-13 14:03:45.600,3726.0000,11979,2,6487075320.000,2,2,0,双开,B,3725.4000,3725.0000,3723.6000,3723.0000,3722.4000,3726.0000,3726.2000,3726.4000,3726.6000,3726.8000,1,8,1,3,8,4,2,1,1,1
SF,IF2005,2020-04-13 14:03:46.100,3726.0000,11979,0,6487075320.000,0,-,-,-,-,3725.4000,3725.0000,3723.6000,3723.0000,3722.4000,3726.0000,3726.2000,3726.4000,3726.6000,3726.8000,1,8,1,3,8,2,2,1,1,1
SF,IF2005,2020-04-13 14:03:47.600,3726.0000,11979,0,6487075320.000,0,-,-,-,-,3725.4000,3725.0000,3723.6000,3723.0000,3722.4000,3726.0000,3726.2000,3726.4000,3726.6000,3726.8000,1,8,1,3,8,2,2,1,1,1
SF,IF2005,2020-04-13 14:03:48.100,3726.0000,11979,0,6487075320.000,0,-,-,-,-,3725.4000,3725.0000,3723.6000,3723.0000,3722.4000,3726.0000,3726.2000,3726.4000,3726.6000,3726.8000,1,8,1,3,8,2,2,1,1,1
SF,IF2005,2020-04-13 14:03:49.600,3726.0000,11979,0,6487075320.000,0,-,-,-,-,3725.0000,3723.6000,3723.0000,3722.4000,3722.2000,3726.0000,3726.2000,3726.4000,3726.6000,3726.8000,8,1,3,8,12,2,2,1,1,1
SF,IF2005,2020-04-13 14:03:50.100,3726.0000,11979,0,6487075320.000,0,-,-,-,-,3726.0000,3725.2000,3725.0000,3723.8000,3723.6000,3726.2000,3726.4000,3726.6000,3726.8000,3727.6000,2,2,8,1,1,2,1,1,1,1
SF,IF2005,2020-04-13 14:03:50.600,3726.0000,11980,1,6488193120.000,1,1,0,双开,B,3726.0000,3725.2000,3725.0000,3723.8000,3723.6000,3726.2000,3726.4000,3726.6000,3726.8000,3727.6000,1,2,8,1,1,2,1,1,1,1
SF,IF2005,2020-04-13 14:03:51.100,3726.0000,11981,1,6489310920.000,1,1,0,双开,B,3725.2000,3725.0000,3723.8000,3723.6000,3723.0000,3726.2000,3726.4000,3726.6000,3726.8000,3727.6000,2,8,1,1,2,2,1,1,1,1
SF,IF2005,2020-04-13 14:03:51.600,3726.2000,11982,1,6490428780.000,1,1,0,双开,B,3725.2000,3725.0000,3723.8000,3723.6000,3723.0000,3726.2000,3726.4000,3726.6000,3726.8000,3727.6000,2,8,1,1,2,1,1,1,1,1
SF,IF2005,2020-04-13 14:03:52.100,3726.2000,11982,0,6490428780.000,0,-,-,-,-,3725.2000,3725.0000,3723.8000,3723.6000,3723.4000,3726.4000,3726.6000,3726.8000,3727.6000,3728.0000,2,8,1,1,1,1,1,1,1,1
SF,IF2005,2020-04-13 14:03:53.100,3725.4000,11982,0,6491546400.000,1,0,1,空换,B,3725.2000,3725.0000,3723.8000,3723.6000,3723.4000,3726.4000,3726.6000,3726.8000,3727.6000,3728.0000,2,8,1,1,1,1,1,1,1,1
SF,IF2005,2020-04-13 14:03:53.600,3725.4000,11982,0,6491546400.000,0,-,-,-,-,3725.4000,3725.2000,3725.0000,3723.8000,3723.6000,3726.4000,3726.6000,3726.8000,3727.6000,3728.0000,1,2,8,1,1,1,1,1,1,1
SF,IF2005,2020-04-13 14:03:55.100,3725.4000,11982,0,6491546400.000,0,-,-,-,-,3725.4000,3725.2000,3725.0000,3723.8000,3723.6000,3726.6000,3726.8000,3728.0000,3729.4000,3729.8000,1,2,8,1,1,1,1,1,1,3
SF,IF2005,2020-04-13 14:03:55.600,3725.4000,11982,0,6491546400.000,0,-,-,-,-,3725.6000,3725.4000,3725.0000,3723.8000,3723.6000,3726.6000,3726.8000,3728.0000,3729.4000,3729.8000,2,1,8,1,1,1,1,1,1,3
SF,IF2005,2020-04-13 14:03:56.100,3725.4000,11982,0,6491546400.000,0,-,-,-,-,3725.6000,3725.4000,3725.0000,3723.8000,3723.4000,3726.6000,3726.8000,3728.0000,3729.4000,3729.8000,3,1,8,1,1,1,1,1,1,3
SF,IF2005,2020-04-13 14:03:57.100,3725.4000,11982,0,6491546400.000,0,-,-,-,-,3725.6000,3725.4000,3725.0000,3723.8000,3723.4000,3726.4000,3726.6000,3726.8000,3728.0000,3729.4000,3,1,8,2,1,1,1,1,1,1
SF,IF2005,2020-04-13 14:03:58.100,3725.4000,11982,0,6491546400.000,0,-,-,-,-,3725.6000,3725.4000,3725.0000,3723.8000,3723.4000,3726.6000,3726.8000,3728.0000,3729.4000,3729.8000,3,1,8,2,1,1,1,1,1,3
SF,IF2005,2020-04-13 14:04:00.100,3725.6000,11985,3,6494899440.000,3,3,0,双开,B,3725.4000,3725.0000,3723.8000,3723.4000,3723.0000,3725.6000,3726.6000,3726.8000,3728.0000,3729.4000,1,8,2,1,2,1,1,1,1,1
SF,IF2005,2020-04-13 14:04:00.600,3725.6000,11986,1,6496017120.000,1,1,0,双开,B,3725.0000,3723.8000,3723.4000,3723.0000,3722.4000,3726.6000,3726.8000,3728.0000,3729.4000,3729.8000,5,2,1,2,8,1,1,1,1,3
SF,IF2005,2020-04-13 14:04:01.100,3725.6000,11986,0,6496017120.000,0,-,-,-,-,3725.4000,3725.2000,3725.0000,3723.8000,3723.4000,3726.6000,3726.8000,3728.0000,3729.4000,3729.8000,1,2,5,2,1,1,1,1,1,3
SF,IF2005,2020-04-13 14:04:01.600,3725.6000,11986,0,6496017120.000,0,-,-,-,-,3725.6000,3725.4000,3725.0000,3723.8000,3723.4000,3726.6000,3726.8000,3728.0000,3729.4000,3729.8000,2,1,5,2,1,1,1,1,1,3
SF,IF2005,2020-04-13 14:04:02.100,3725.6000,11986,0,6496017120.000,0,-,-,-,-,3725.6000,3725.4000,3725.0000,3723.8000,3723.4000,3726.2000,3726.6000,3726.8000,3728.0000,3729.4000,2,1,5,2,1,1,1,1,1,1
SF,IF2005,2020-04-13 14:04:02.600,3726.2000,11987,1,6497134980.000,1,1,0,双开,B,3725.6000,3725.4000,3725.0000,3723.8000,3723.4000,3726.8000,3728.0000,3729.4000,3729.8000,3730.0000,2,1,5,2,1,1,1,1,3,1
SF,IF2005,2020-04-13 14:04:03.100,3725.6000,11988,1,6498252660.000,1,1,0,双开,B,3725.6000,3725.4000,3725.0000,3723.8000,3723.4000,3726.8000,3728.0000,3729.4000,3729.8000,3730.0000,1,1,5,1,1,1,1,1,3,1
SF,IF2005,2020-04-13 14:04:03.600,3725.6000,11988,0,6498252660.000,0,-,-,-,-,3725.8000,3725.6000,3725.0000,3723.8000,3723.4000,3726.6000,3726.8000,3728.0000,3729.4000,3729.8000,1,1,5,1,1,2,1,1,1,3
SF,IF2005,2020-04-13 14:04:06.100,3725.6000,11988,0,6498252660.000,0,-,-,-,-,3725.8000,3725.6000,3725.0000,3724.0000,3723.8000,3726.6000,3726.8000,3728.0000,3729.4000,3729.8000,1,1,5,1,1,2,1,1,1,3
SF,IF2005,2020-04-13 14:04:06.600,3725.6000,11988,0,6498252660.000,0,-,-,-,-,3725.8000,3725.6000,3725.0000,3724.0000,3723.8000,3726.8000,3728.0000,3729.4000,3729.8000,3730.0000,1,1,5,1,1,1,1,1,3,1
SF,IF2005,2020-04-13 14:04:07.100,3725.6000,11988,0,6498252660.000,0,-,-,-,-,3725.8000,3725.6000,3725.0000,3724.0000,3723.8000,3726.8000,3728.0000,3729.4000,3729.8000,3730.0000,1,1,5,1,1,1,1,1,3,1
SF,IF2005,2020-04-13 14:04:07.600,3726.8000,11989,1,6499370700.000,1,1,0,双开,B,3726.8000,3725.8000,3725.6000,3725.0000,3724.0000,3728.0000,3729.4000,3729.8000,3730.0000,3730.2000,3,1,1,5,1,1,1,3,1,1
SF,IF2005,2020-04-13 14:04:08.100,3726.8000,11990,1,6500488740.000,1,1,0,双开,B,3725.6000,3725.0000,3724.0000,3723.8000,3723.4000,3727.4000,3727.6000,3727.8000,3728.0000,3729.4000,1,5,1,5,1,1,7,4,2,1
SF,IF2005,2020-04-13 14:04:08.600,3726.8000,11990,0,6500488740.000,0,-,-,-,-,3726.2000,3725.6000,3725.0000,3724.0000,3723.8000,3727.2000,3727.4000,3727.6000,3727.8000,3728.0000,1,1,5,1,5,2,1,2,1,2
SF,IF2005,2020-04-13 14:04:09.100,3726.8000,11990,0,6500488740.000,0,-,-,-,-,3726.2000,3725.6000,3725.0000,3724.4000,3724.0000,3727.2000,3727.4000,3727.6000,3728.0000,3729.4000,1,1,5,8,1,2,1,2,2,1
SF,IF2005,2020-04-13 14:04:10.100,3726.8000,11990,0,6500488740.000,0,-,-,-,-,3726.2000,3726.0000,3725.6000,3725.0000,3724.4000,3726.6000,3727.2000,3727.4000,3727.6000,3728.0000,1,3,1,5,8,1,2,1,2,2
SF,IF2005,2020-04-13 14:04:10.600,3727.2000,11990,0,6502724940.000,2,1,1,空换,B,3726.2000,3726.0000,3725.6000,3725.0000,3724.4000,3727.2000,3727.4000,3727.6000,3728.0000,3729.4000,1,3,1,5,8,1,1,1,2,1
SF,IF2005,2020-04-13 14:04:11.100,3727.2000,11990,0,6502724940.000,0,-,-,-,-,3726.4000,3726.2000,3726.0000,3725.0000,3724.4000,3727.2000,3727.4000,3727.6000,3728.0000,3729.4000,2,1,3,5,8,1,1,1,2,1
SF,IF2005,2020-04-13 14:04:11.600,3727.2000,11990,0,6502724940.000,0,-,-,-,-,3727.2000,3726.4000,3726.2000,3726.0000,3725.0000,3727.4000,3727.6000,3728.0000,3729.4000,3729.8000,2,2,1,3,5,1,1,2,1,3
SF,IF2005,2020-04-13 14:04:12.100,3727.2000,11990,0,6502724940.000,0,-,-,-,-,3727.2000,3726.4000,3726.2000,3726.0000,3725.0000,3727.4000,3728.0000,3729.4000,3729.8000,3730.0000,2,2,1,3,5,1,2,1,3,1
SF,IF2005,2020-04-13 14:04:12.600,3727.2000,11990,0,6502724940.000,0,-,-,-,-,3727.2000,3726.4000,3726.2000,3726.0000,3725.0000,3727.4000,3728.0000,3729.4000,3729.8000,3730.0000,2,2,1,3,5,1,2,1,3,1
SF,IF2005,2020-04-13 14:04:13.100,3727.2000,11991,1,6503843100.000,1,1,0,双开,B,3727.2000,3726.4000,3726.0000,3725.0000,3724.4000,3727.4000,3728.0000,3729.4000,3729.8000,3730.0000,1,2,3,5,8,1,2,1,3,1
SF,IF2005,2020-04-13 14:04:13.600,3727.2000,11991,0,6503843100.000,0,-,-,-,-,3727.2000,3726.4000,3726.0000,3725.0000,3724.4000,3727.4000,3728.0000,3729.4000,3729.8000,3730.0000,1,2,3,5,8,2,2,1,3,1
SF,IF2005,2020-04-13 14:04:14.100,3727.2000,11992,1,6504961260.000,1,1,0,双开,B,3726.4000,3726.0000,3725.0000,3724.4000,3724.2000,3727.4000,3728.0000,3729.4000,3729.8000,3730.0000,2,3,5,8,5,2,2,1,3,1
SF,IF2005,2020-04-13 14:04:14.600,3727.2000,11992,0,6504961260.000,0,-,-,-,-,3726.6000,3726.4000,3726.0000,3725.0000,3724.4000,3727.4000,3728.0000,3729.4000,3729.8000,3730.0000,1,2,3,5,8,1,1,1,3,1
SF,IF2005,2020-04-13 14:04:15.600,3727.2000,11992,0,6504961260.000,0,-,-,-,-,3727.0000,3726.4000,3726.0000,3725.0000,3724.4000,3727.4000,3728.0000,3729.4000,3729.8000,3730.0000,5,2,3,5,8,1,1,1,3,1
SF,IF2005,2020-04-13 14:04:18.100,3727.2000,11992,0,6504961260.000,0,-,-,-,-,3727.0000,3726.4000,3726.0000,3725.0000,3724.4000,3727.4000,3728.0000,3729.4000,3729.8000,3730.0000,5,2,3,5,8,1,1,1,3,1
SF,IF2005,2020-04-13 14:04:18.600,3727.0000,11993,1,6506079360.000,1,1,0,双开,B,3727.0000,3726.4000,3726.0000,3725.0000,3724.4000,3727.4000,3728.0000,3729.4000,3729.8000,3730.0000,4,2,3,5,8,1,1,1,3,1
SF,IF2005,2020-04-13 14:04:19.600,3727.0000,11993,0,6506079360.000,0,-,-,-,-,3727.0000,3726.4000,3726.0000,3724.4000,3724.2000,3727.4000,3728.0000,3729.4000,3729.8000,3730.2000,4,2,3,8,5,1,1,1,3,1
SF,IF2005,2020-04-13 14:04:21.600,3727.0000,11993,0,6506079360.000,0,-,-,-,-,3727.0000,3726.4000,3726.0000,3724.4000,3724.2000,3727.4000,3728.0000,3729.4000,3729.8000,3730.2000,4,2,3,8,5,1,1,1,3,1
SF,IF2005,2020-04-13 14:04:22.100,3727.2000,11994,1,6509433900.000,3,2,1,多开,B,3727.0000,3726.4000,3726.0000,3724.4000,3724.2000,3728.0000,3729.4000,3729.8000,3730.2000,3731.0000,4,2,3,8,5,1,1,3,1,3
SF,IF2005,2020-04-13 14:04:22.600,3727.2000,11994,0,6509433900.000,0,-,-,-,-,3727.2000,3727.0000,3726.0000,3724.4000,3724.2000,3728.0000,3729.4000,3729.8000,3730.2000,3731.0000,2,4,3,8,5,1,1,3,1,3
SF,IF2005,2020-04-13 14:04:23.100,3727.2000,11995,1,6510552060.000,1,1,0,双开,B,3727.2000,3727.0000,3726.0000,3724.4000,3724.2000,3729.4000,3729.8000,3730.2000,3731.0000,3731.8000,1,4,3,8,5,1,3,1,3,3
SF,IF2005,2020-04-13 14:04:23.600,3727.2000,11995,0,6510552060.000,0,-,-,-,-,3727.2000,3727.0000,3726.0000,3724.4000,3724.2000,3728.4000,3728.6000,3728.8000,3729.0000,3729.2000,1,4,3,8,5,2,6,1,5,8
SF,IF2005,2020-04-13 14:04:24.100,3727.2000,11995,0,6510552060.000,0,-,-,-,-,3727.4000,3727.0000,3726.0000,3724.4000,3724.2000,3728.0000,3728.2000,3728.4000,3728.6000,3728.8000,1,4,3,8,5,1,2,7,6,1
SF,IF2005,2020-04-13 14:04:24.600,3727.2000,11995,0,6510552060.000,0,-,-,-,-,3727.0000,3726.0000,3724.4000,3724.2000,3724.0000,3728.0000,3728.2000,3728.4000,3728.6000,3728.8000,4,3,8,5,1,1,3,6,5,1
SF,IF2005,2020-04-13 14:04:25.100,3727.2000,11995,0,6510552060.000,0,-,-,-,-,3727.0000,3724.4000,3724.2000,3724.0000,3723.8000,3728.0000,3728.2000,3728.6000,3728.8000,3729.0000,4,8,5,1,5,1,3,1,1,6
SF,IF2005,2020-04-13 14:04:25.600,3727.2000,11995,0,6510552060.000,0,-,-,-,-,3727.0000,3724.4000,3724.2000,3724.0000,3723.8000,3728.0000,3728.2000,3728.6000,3728.8000,3729.0000,4,8,5,1,5,2,2,1,1,6
SF,IF2005,2020-04-13 14:04:26.100,3727.2000,11995,0,6510552060.000,0,-,-,-,-,3727.0000,3724.4000,3724.2000,3724.0000,3723.8000,3728.0000,3728.2000,3728.8000,3729.0000,3729.2000,4,8,5,1,5,1,2,1,6,6
SF,IF2005,2020-04-13 14:04:26.600,3727.2000,11995,0,6510552060.000,0,-,-,-,-,3727.0000,3724.4000,3724.2000,3724.0000,3723.8000,3728.0000,3728.2000,3728.8000,3729.0000,3729.2000,4,8,5,1,5,1,2,1,5,6
SF,IF2005,2020-04-13 14:04:27.600,3727.2000,11995,0,6510552060.000,0,-,-,-,-,3727.0000,3724.4000,3724.2000,3724.0000,3723.8000,3728.0000,3728.2000,3728.8000,3729.0000,3729.2000,4,8,5,1,5,1,2,1,5,6
SF,IF2005,2020-04-13 14:04:28.100,3727.8000,11996,1,6511670400.000,1,1,0,双开,B,3727.0000,3724.4000,3724.2000,3724.0000,3723.8000,3727.8000,3728.0000,3728.8000,3729.0000,3729.2000,4,8,5,1,5,1,1,1,5,6
SF,IF2005,2020-04-13 14:04:28.600,3727.8000,11996,0,6511670400.000,0,-,-,-,-,3727.0000,3724.4000,3724.2000,3724.0000,3723.8000,3727.8000,3728.0000,3728.8000,3729.0000,3729.2000,4,8,5,1,5,1,1,1,5,6
SF,IF2005,2020-04-13 14:04:29.100,3728.0000,11999,3,6515025540.000,3,3,0,双开,B,3727.0000,3724.4000,3724.2000,3724.0000,3723.8000,3728.8000,3729.0000,3729.2000,3729.4000,3729.8000,4,8,5,1,5,1,5,6,2,3
SF,IF2005,2020-04-13 14:04:29.600,3728.0000,11999,0,6515025540.000,0,-,-,-,-,3727.2000,3727.0000,3724.4000,3724.2000,3724.0000,3728.2000,3728.4000,3728.6000,3728.8000,3729.0000,2,4,8,5,1,3,6,4,1,5
SF,IF2005,2020-04-13 14:04:30.100,3728.0000,11999,0,6515025540.000,0,-,-,-,-,3727.2000,3727.0000,3724.4000,3724.2000,3724.0000,3728.0000,3728.2000,3728.4000,3728.6000,3728.8000,2,4,8,5,1,2,4,7,4,1
SF,IF2005,2020-04-13 14:04:30.600,3728.0000,11999,0,6515025540.000,0,-,-,-,-,3727.2000,3727.0000,3724.4000,3724.2000,3724.0000,3727.6000,3728.0000,3728.2000,3728.4000,3728.6000,2,4,8,5,1,1,2,4,1,4
SF,IF2005,2020-04-13 14:04:31.100,3728.0000,11999,0,6515025540.000,0,-,-,-,-,3727.2000,3727.0000,3724.4000,3724.2000,3724.0000,3727.6000,3728.0000,3728.2000,3728.4000,3728.6000,2,4,8,5,1,1,2,4,1,2
SF,IF2005,2020-04-13 14:04:31.600,3728.0000,11999,0,6515025540.000,0,-,-,-,-,3727.4000,3727.2000,3727.0000,3724.4000,3724.2000,3727.6000,3728.0000,3728.2000,3728.4000,3728.6000,1,2,4,8,5,1,2,4,1,2
SF,IF2005,2020-04-13 14:04:32.600,3728.0000,11999,0,6515025540.000,0,-,-,-,-,3727.4000,3727.2000,3727.0000,3724.4000,3724.2000,3727.6000,3728.0000,3728.2000,3728.4000,3728.6000,1,2,4,8,5,1,3,4,1,2
SF,IF2005,2020-04-13 14:04:33.100,3727.4000,12000,1,6516143760.000,1,1,0,双开,B,3727.0000,3724.4000,3724.2000,3724.0000,3723.8000,3727.6000,3728.0000,3728.2000,3728.4000,3728.6000,4,8,5,1,5,1,3,3,1,2
SF,IF2005,2020-04-13 14:04:33.600,3727.4000,12000,0,6516143760.000,0,-,-,-,-,3727.0000,3724.4000,3724.2000,3724.0000,3723.8000,3727.6000,3728.0000,3728.2000,3728.4000,3728.6000,4,8,5,1,5,1,3,2,1,2
SF,IF2005,2020-04-13 14:04:34.100,3727.4000,12000,0,6516143760.000,0,-,-,-,-,3727.0000,3724.4000,3724.2000,3724.0000,3723.8000,3727.4000,3728.0000,3728.2000,3728.4000,3728.6000,4,8,5,1,5,1,3,3,1,2
SF,IF2005,2020-04-13 14:04:34.600,3727.4000,12001,1,6517261980.000,1,1,0,双开,B,3727.0000,3724.4000,3724.2000,3724.0000,3723.8000,3727.4000,3728.0000,3728.2000,3728.6000,3728.8000,4,8,5,1,5,1,3,1,2,1
SF,IF2005,2020-04-13 14:04:36.600,3727.4000,12001,0,6517261980.000,0,-,-,-,-,3727.0000,3724.4000,3724.2000,3724.0000,3723.8000,3728.0000,3728.2000,3728.6000,3728.8000,3729.0000,4,8,5,1,5,3,1,2,1,4
SF,IF2005,2020-04-13 14:04:40.600,3727.4000,12001,0,6517261980.000,0,-,-,-,-,3727.0000,3724.4000,3724.2000,3724.0000,3723.8000,3727.8000,3728.0000,3728.2000,3728.6000,3728.8000,4,8,5,1,5,1,3,1,2,1
SF,IF2005,2020-04-13 14:04:42.100,3727.4000,12001,0,6517261980.000,0,-,-,-,-,3727.0000,3726.0000,3724.4000,3724.2000,3724.0000,3727.8000,3728.0000,3728.2000,3728.6000,3728.8000,4,1,8,5,1,1,3,1,2,1
SF,IF2005,2020-04-13 14:04:42.600,3727.0000,12002,1,6518380080.000,1,1,0,双开,B,3727.0000,3726.0000,3724.4000,3724.2000,3724.0000,3727.8000,3728.0000,3728.2000,3728.6000,3728.8000,3,1,8,5,1,1,3,1,2,1
SF,IF2005,2020-04-13 14:04:43.600,3727.0000,12002,0,6518380080.000,0,-,-,-,-,3727.0000,3726.0000,3724.4000,3724.2000,3724.0000,3728.0000,3728.2000,3728.6000,3728.8000,3729.0000,3,1,8,5,1,3,1,2,1,4
SF,IF2005,2020-04-13 14:04:44.100,3727.0000,12002,0,6518380080.000,0,-,-,-,-,3727.0000,3726.0000,3724.4000,3724.2000,3724.0000,3727.4000,3728.0000,3728.2000,3728.6000,3728.8000,3,1,8,5,1,1,3,1,2,1
SF,IF2005,2020-04-13 14:04:44.600,3727.4000,12003,1,6519498300.000,1,1,0,双开,B,3727.0000,3726.0000,3724.4000,3724.2000,3724.0000,3728.0000,3728.2000,3728.6000,3728.8000,3729.0000,3,1,8,5,1,3,1,2,1,4
SF,IF2005,2020-04-13 14:04:47.100,3727.4000,12003,0,6519498300.000,0,-,-,-,-,3727.0000,3726.0000,3724.4000,3724.2000,3724.0000,3727.8000,3728.0000,3728.2000,3728.6000,3728.8000,3,1,8,5,1,2,3,1,2,1
SF,IF2005,2020-04-13 14:04:47.600,3727.4000,12003,0,6519498300.000,0,-,-,-,-,3727.0000,3726.0000,3724.4000,3724.2000,3724.0000,3727.8000,3728.0000,3728.2000,3728.6000,3728.8000,3,1,8,5,1,3,4,1,2,1
SF,IF2005,2020-04-13 14:04:51.600,3727.0000,12005,2,6521734500.000,2,2,0,双开,B,3727.0000,3726.0000,3724.8000,3724.4000,3724.2000,3727.8000,3728.0000,3728.2000,3728.6000,3728.8000,1,1,3,8,5,3,4,1,2,1
SF,IF2005,2020-04-13 14:04:52.100,3727.0000,12005,0,6521734500.000,0,-,-,-,-,3727.0000,3726.0000,3724.8000,3724.4000,3724.2000,3727.8000,3728.0000,3728.2000,3728.6000,3728.8000,1,1,3,8,5,2,4,1,2,1
SF,IF2005,2020-04-13 14:04:52.600,3727.0000,12005,0,6521734500.000,0,-,-,-,-,3727.0000,3726.0000,3725.0000,3724.8000,3724.4000,3727.8000,3728.0000,3728.2000,3728.6000,3728.8000,1,1,1,3,8,2,4,1,2,1
SF,IF2005,2020-04-13 14:04:56.600,3727.0000,12005,0,6521734500.000,0,-,-,-,-,3727.2000,3727.0000,3726.0000,3725.0000,3724.8000,3727.8000,3728.0000,3728.2000,3728.6000,3728.8000,1,1,1,1,3,2,4,1,2,1
SF,IF2005,2020-04-13 14:04:57.100,3727.0000,12005,0,6521734500.000,0,-,-,-,-,3727.2000,3727.0000,3726.0000,3725.0000,3724.8000,3727.8000,3728.0000,3728.2000,3728.6000,3728.8000,1,1,1,1,3,1,4,1,2,1
SF,IF2005,2020-04-13 14:05:00.100,3727.0000,12005,0,6521734500.000,0,-,-,-,-,3727.2000,3727.0000,3726.0000,3725.0000,3724.8000,3727.6000,3727.8000,3728.0000,3728.2000,3728.6000,1,1,1,1,3,1,1,4,1,2
SF,IF2005,2020-04-13 14:05:00.600,3727.8000,12007,2,6523971120.000,2,2,0,双开,B,3727.2000,3727.0000,3726.0000,3725.0000,3724.8000,3728.0000,3728.2000,3728.6000,3728.8000,3729.0000,1,1,1,1,6,2,1,2,1,4
SF,IF2005,2020-04-13 14:05:01.100,3727.8000,12007,0,6523971120.000,0,-,-,-,-,3727.4000,3727.2000,3727.0000,3726.0000,3725.0000,3728.0000,3728.2000,3728.6000,3728.8000,3729.0000,1,2,1,1,1,2,1,2,1,4
SF,IF2005,2020-04-13 14:05:01.600,3727.8000,12007,0,6523971120.000,0,-,-,-,-,3727.4000,3727.2000,3727.0000,3726.0000,3725.0000,3728.0000,3728.2000,3728.6000,3728.8000,3729.0000,2,1,1,1,1,2,1,2,1,4
SF,IF2005,2020-04-13 14:05:02.100,3727.8000,12007,0,6523971120.000,0,-,-,-,-,3727.4000,3727.2000,3727.0000,3726.0000,3725.0000,3728.0000,3728.2000,3728.6000,3729.0000,3729.2000,2,1,1,1,1,2,1,2,3,4
SF,IF2005,2020-04-13 14:05:02.600,3727.8000,12008,1,6525089460.000,1,1,0,双开,B,3727.4000,3727.2000,3727.0000,3726.0000,3725.0000,3727.8000,3728.0000,3728.2000,3728.6000,3729.0000,2,1,1,1,1,1,2,1,2,3
SF,IF2005,2020-04-13 14:05:03.100,3727.8000,12008,0,6525089460.000,0,-,-,-,-,3727.4000,3727.2000,3727.0000,3726.0000,3724.8000,3727.8000,3728.0000,3728.2000,3728.6000,3729.0000,2,1,1,1,6,1,2,1,2,3
SF,IF2005,2020-04-13 14:05:03.600,3727.8000,12008,0,6525089460.000,0,-,-,-,-,3727.4000,3727.2000,3727.0000,3724.8000,3724.4000,3727.8000,3728.0000,3728.2000,3728.6000,3729.0000,2,1,1,6,8,1,2,1,2,3
SF,IF2005,2020-04-13 14:05:04.100,3727.8000,12008,0,6525089460.000,0,-,-,-,-,3727.4000,3727.2000,3727.0000,3726.4000,3724.8000,3727.8000,3728.0000,3728.2000,3728.6000,3729.0000,1,1,1,1,6,1,2,1,2,3
SF,IF2005,2020-04-13 14:05:05.600,3727.8000,12008,0,6525089460.000,0,-,-,-,-,3727.4000,3727.2000,3727.0000,3726.4000,3724.8000,3727.8000,3728.0000,3728.2000,3728.6000,3729.0000,1,1,1,1,6,1,2,1,2,3
SF,IF2005,2020-04-13 14:05:06.100,3727.8000,12008,0,6525089460.000,0,-,-,-,-,3727.4000,3727.2000,3727.0000,3726.4000,3724.8000,3727.8000,3728.0000,3728.2000,3728.6000,3729.0000,1,1,1,1,6,1,2,1,2,3
SF,IF2005,2020-04-13 14:05:06.600,3727.8000,12009,1,6526207800.000,1,1,0,双开,B,3727.4000,3727.2000,3727.0000,3726.4000,3724.8000,3727.8000,3728.0000,3728.2000,3728.6000,3729.0000,1,1,1,1,6,1,2,1,2,3
SF,IF2005,2020-04-13 14:05:07.100,3727.6000,12011,2,6529562760.000,3,2,1,多开,B,3727.4000,3727.2000,3727.0000,3726.4000,3724.8000,3728.0000,3728.2000,3728.6000,3729.0000,3729.2000,1,1,1,1,6,2,1,2,3,3
SF,IF2005,2020-04-13 14:05:07.600,3728.0000,12009,-2,6531799560.000,2,0,2,双平,B,3727.6000,3727.4000,3727.2000,3727.0000,3726.4000,3727.8000,3728.2000,3728.6000,3729.0000,3729.2000,3,1,1,1,1,1,1,2,3,3
SF,IF2005,2020-04-13 14:05:08.100,3728.6000,12011,2,6536273400.000,4,3,1,多开,B,3728.0000,3727.8000,3727.6000,3727.2000,3727.0000,3728.6000,3729.0000,3729.2000,3729.8000,3730.2000,2,6,4,1,1,1,3,2,3,1
SF,IF2005,2020-04-13 14:05:08.600,3729.0000,12011,0,6537392100.000,1,0,1,空换,B,3728.2000,3728.0000,3727.8000,3727.6000,3727.2000,3729.0000,3729.2000,3729.8000,3730.2000,3731.0000,3,2,1,3,1,2,1,3,1,3
SF,IF2005,2020-04-13 14:05:09.100,3729.0000,12011,0,6537392100.000,0,-,-,-,-,3728.2000,3728.0000,3727.8000,3727.6000,3727.2000,3728.8000,3729.8000,3730.2000,3731.0000,3731.8000,2,1,1,3,1,2,3,1,3,3
SF,IF2005,2020-04-13 14:05:09.600,3729.0000,12011,0,6537392100.000,0,-,-,-,-,3728.2000,3728.0000,3727.8000,3727.6000,3727.2000,3728.8000,3729.8000,3730.2000,3731.0000,3731.8000,2,1,1,3,1,2,3,1,3,3
SF,IF2005,2020-04-13 14:05:10.100,3729.0000,12011,0,6537392100.000,0,-,-,-,-,3728.2000,3728.0000,3727.8000,3727.6000,3727.2000,3728.8000,3729.8000,3730.2000,3731.0000,3731.8000,1,1,1,3,1,2,3,1,3,3
SF,IF2005,2020-04-13 14:05:10.600,3729.0000,12011,0,6537392100.000,0,-,-,-,-,3729.2000,3728.0000,3727.8000,3727.6000,3727.2000,3729.8000,3730.2000,3731.0000,3731.8000,3733.0000,1,1,1,3,1,3,1,3,3,1
SF,IF2005,2020-04-13 14:05:11.100,3729.2000,12012,1,6538510860.000,1,1,0,双开,B,3728.2000,3728.0000,3727.8000,3727.6000,3727.2000,3729.0000,3729.6000,3729.8000,3730.2000,3731.0000,1,1,1,3,1,1,9,3,1,3
SF,IF2005,2020-04-13 14:05:11.600,3729.2000,12012,0,6538510860.000,0,-,-,-,-,3728.2000,3728.0000,3727.8000,3727.6000,3727.2000,3729.0000,3729.4000,3729.6000,3729.8000,3730.2000,1,1,1,3,1,2,1,4,3,1
SF,IF2005,2020-04-13 14:05:12.100,3729.2000,12013,1,6540748380.000,2,1,1,多开,B,3728.2000,3728.0000,3727.8000,3727.6000,3727.2000,3729.4000,3729.6000,3729.8000,3730.2000,3731.0000,1,1,1,3,1,1,4,3,1,3
SF,IF2005,2020-04-13 14:05:12.600,3729.2000,12013,0,6540748380.000,0,-,-,-,-,3728.2000,3728.0000,3727.8000,3727.6000,3727.2000,3729.2000,3729.4000,3729.6000,3729.8000,3730.2000,1,1,1,3,1,4,1,2,3,1
SF,IF2005,2020-04-13 14:05:13.100,3729.2000,12013,0,6540748380.000,0,-,-,-,-,3728.4000,3728.2000,3728.0000,3727.8000,3727.6000,3729.0000,3729.2000,3729.4000,3729.6000,3729.8000,2,1,1,1,1,1,4,1,1,3
SF,IF2005,2020-04-13 14:05:13.600,3729.2000,12013,0,6540748380.000,0,-,-,-,-,3728.4000,3728.2000,3728.0000,3727.8000,3727.6000,3729.2000,3729.6000,3729.8000,3730.2000,3731.0000,2,1,1,1,1,4,1,3,1,3
SF,IF2005,2020-04-13 14:05:14.100,3729.2000,12013,0,6540748380.000,0,-,-,-,-,3728.2000,3728.0000,3727.8000,3727.6000,3727.0000,3729.2000,3729.6000,3729.8000,3730.2000,3731.0000,1,1,1,1,1,4,1,3,1,3
SF,IF2005,2020-04-13 14:05:15.100,3729.2000,12013,0,6540748380.000,0,-,-,-,-,3728.2000,3728.0000,3727.8000,3727.6000,3727.0000,3729.2000,3729.6000,3729.8000,3730.2000,3731.0000,1,1,1,1,1,4,1,3,1,3
SF,IF2005,2020-04-13 14:05:15.600,3729.2000,12013,0,6540748380.000,0,-,-,-,-,3728.4000,3728.2000,3728.0000,3727.8000,3727.6000,3729.2000,3729.6000,3729.8000,3730.2000,3731.0000,2,2,1,1,1,4,1,3,1,3
SF,IF2005,2020-04-13 14:05:16.100,3729.2000,12013,0,6540748380.000,0,-,-,-,-,3728.4000,3728.2000,3728.0000,3727.8000,3727.6000,3729.2000,3729.6000,3729.8000,3730.2000,3731.0000,3,1,1,1,1,4,1,3,1,3
SF,IF2005,2020-04-13 14:05:16.600,3729.2000,12013,0,6540748380.000,0,-,-,-,-,3728.4000,3728.2000,3727.8000,3727.6000,3727.0000,3729.2000,3729.6000,3729.8000,3730.2000,3731.0000,3,2,1,1,1,4,1,3,1,3
SF,IF2005,2020-04-13 14:05:17.100,3729.2000,12013,0,6540748380.000,0,-,-,-,-,3728.4000,3728.2000,3727.8000,3727.6000,3726.4000,3729.2000,3729.6000,3729.8000,3730.2000,3731.0000,3,2,1,1,1,4,1,3,1,3
SF,IF2005,2020-04-13 14:05:17.600,3729.2000,12013,0,6540748380.000,0,-,-,-,-,3728.4000,3728.2000,3727.8000,3727.6000,3726.4000,3729.2000,3729.6000,3729.8000,3730.2000,3731.0000,3,2,1,1,1,4,1,3,1,3
SF,IF2005,2020-04-13 14:05:18.100,3729.2000,12013,0,6540748380.000,0,-,-,-,-,3728.4000,3728.2000,3727.8000,3726.4000,3725.6000,3729.2000,3729.6000,3729.8000,3730.2000,3731.0000,1,2,1,1,3,4,1,3,1,3
SF,IF2005,2020-04-13 14:05:18.600,3729.2000,12013,0,6540748380.000,0,-,-,-,-,3728.2000,3727.8000,3726.4000,3725.6000,3724.8000,3728.8000,3729.0000,3729.2000,3729.8000,3730.2000,2,1,1,3,14,1,2,4,3,1
SF,IF2005,2020-04-13 14:05:19.100,3728.2000,12014,1,6541866840.000,1,1,0,双开,B,3728.2000,3727.8000,3725.6000,3724.8000,3724.2000,3728.8000,3729.0000,3729.2000,3729.8000,3730.2000,1,1,3,14,2,1,9,2,3,1
SF,IF2005,2020-04-13 14:05:19.600,3728.2000,12014,0,6541866840.000,0,-,-,-,-,3728.2000,3727.8000,3725.6000,3724.8000,3724.2000,3728.6000,3729.0000,3729.2000,3729.8000,3730.2000,2,1,3,14,2,1,4,2,3,1
SF,IF2005,2020-04-13 14:05:20.100,3728.2000,12014,0,6541866840.000,0,-,-,-,-,3728.2000,3727.8000,3725.6000,3724.8000,3724.2000,3728.6000,3729.0000,3729.2000,3729.8000,3730.2000,1,1,3,14,2,5,1,2,3,1
SF,IF2005,2020-04-13 14:05:20.600,3728.2000,12014,0,6542985300.000,1,0,1,空换,B,3727.8000,3725.6000,3724.8000,3724.2000,3723.8000,3728.0000,3728.2000,3728.4000,3728.6000,3729.0000,1,3,14,2,4,1,1,1,4,1
SF,IF2005,2020-04-13 14:05:21.100,3728.2000,12014,0,6542985300.000,0,-,-,-,-,3725.6000,3724.8000,3724.2000,3723.8000,3723.4000,3728.2000,3728.4000,3728.6000,3729.0000,3729.2000,3,14,2,4,1,1,1,2,1,2
SF,IF2005,2020-04-13 14:05:21.600,3728.2000,12014,0,6542985300.000,0,-,-,-,-,3727.0000,3726.8000,3726.2000,3726.0000,3725.8000,3728.0000,3728.2000,3728.4000,3728.6000,3729.0000,2,3,5,3,6,2,1,1,2,1
SF,IF2005,2020-04-13 14:05:22.100,3728.0000,12014,0,6544103700.000,1,0,1,空换,B,3727.4000,3727.2000,3727.0000,3726.8000,3726.2000,3728.2000,3728.6000,3729.0000,3729.8000,3730.2000,1,5,1,1,6,1,1,1,3,1
SF,IF2005,2020-04-13 14:05:22.600,3728.0000,12016,2,6547458960.000,3,2,1,多开,B,3727.8000,3727.6000,3727.2000,3726.2000,3726.0000,3729.8000,3730.2000,3731.0000,3731.8000,3733.0000,2,5,1,4,3,3,1,3,3,1
SF,IF2005,2020-04-13 14:05:23.100,3728.0000,12016,0,6547458960.000,0,-,-,-,-,3728.0000,3727.8000,3727.2000,3726.2000,3726.0000,3729.6000,3729.8000,3730.2000,3731.0000,3731.8000,3,1,1,4,3,2,3,1,3,3
SF,IF2005,2020-04-13 14:05:23.600,3728.0000,12016,0,6547458960.000,0,-,-,-,-,3728.2000,3728.0000,3727.8000,3727.2000,3726.2000,3729.4000,3729.6000,3729.8000,3730.2000,3731.0000,2,3,1,1,4,3,1,3,1,3
SF,IF2005,2020-04-13 14:05:24.100,3728.0000,12016,0,6547458960.000,0,-,-,-,-,3728.2000,3728.0000,3727.8000,3727.2000,3726.2000,3729.2000,3729.4000,3729.6000,3729.8000,3730.2000,1,3,1,1,4,1,3,1,3,1
SF,IF2005,2020-04-13 14:05:24.600,3728.0000,12016,0,6547458960.000,0,-,-,-,-,3728.0000,3727.8000,3727.2000,3726.2000,3726.0000,3729.0000,3729.2000,3729.8000,3730.2000,3731.0000,1,1,1,4,3,3,3,3,1,3
SF,IF2005,2020-04-13 14:05:25.100,3728.0000,12016,0,6547458960.000,0,-,-,-,-,3727.2000,3726.2000,3726.0000,3725.8000,3725.6000,3728.8000,3729.0000,3729.8000,3730.2000,3731.0000,1,4,3,3,3,1,3,3,1,3
SF,IF2005,2020-04-13 14:05:25.600,3728.0000,12016,0,6547458960.000,0,-,-,-,-,3727.4000,3726.2000,3726.0000,3725.8000,3725.6000,3728.6000,3728.8000,3729.8000,3730.2000,3731.0000,4,4,3,3,3,2,1,3,1,3
SF,IF2005,2020-04-13 14:05:26.100,3728.0000,12016,0,6547458960.000,0,-,-,-,-,3726.2000,3726.0000,3725.8000,3725.6000,3724.8000,3728.0000,3728.4000,3728.6000,3729.8000,3730.2000,1,3,2,3,14,1,4,3,3,1
SF,IF2005,2020-04-13 14:05:26.600,3728.0000,12017,1,6548577360.000,1,1,0,双开,B,3727.0000,3726.8000,3726.4000,3726.2000,3726.0000,3727.8000,3728.0000,3728.4000,3728.6000,3729.8000,1,4,5,3,2,1,1,4,3,3
SF,IF2005,2020-04-13 14:05:27.100,3728.0000,12017,0,6548577360.000,0,-,-,-,-,3727.2000,3727.0000,3726.8000,3726.6000,3726.4000,3728.0000,3728.4000,3728.6000,3729.8000,3730.2000,2,1,4,1,3,1,3,3,3,1
SF,IF2005,2020-04-13 14:05:27.600,3728.0000,12017,0,6548577360.000,0,-,-,-,-,3727.2000,3727.0000,3726.8000,3726.6000,3726.4000,3728.0000,3728.6000,3729.8000,3730.2000,3731.0000,3,1,4,1,2,1,3,3,1,3
SF,IF2005,2020-04-13 14:05:28.100,3728.0000,12017,0,6548577360.000,0,-,-,-,-,3727.2000,3727.0000,3726.8000,3726.6000,3726.4000,3728.0000,3728.6000,3729.8000,3730.2000,3731.0000,3,2,2,1,2,1,3,3,1,3
SF,IF2005,2020-04-13 14:05:28.600,3728.0000,12018,1,6549695760.000,1,1,0,双开,B,3727.4000,3727.2000,3727.0000,3726.8000,3726.6000,3728.6000,3729.8000,3730.2000,3731.0000,3731.8000,1,3,2,1,1,3,3,1,3,3
SF,IF2005,2020-04-13 14:05:29.100,3728.6000,12019,1,6553051500.000,3,2,1,多开,B,3728.6000,3727.8000,3727.6000,3727.4000,3727.2000,3729.8000,3730.2000,3731.0000,3731.8000,3733.0000,6,1,2,1,1,3,1,3,3,1
SF,IF2005,2020-04-13 14:05:29.600,3728.6000,12020,1,6554170080.000,1,1,0,双开,B,3727.6000,3727.0000,3726.8000,3726.6000,3726.4000,3729.2000,3729.4000,3729.6000,3729.8000,3730.2000,4,2,1,1,1,2,6,5,6,1
SF,IF2005,2020-04-13 14:05:30.100,3728.6000,12020,0,6554170080.000,0,-,-,-,-,3727.8000,3727.6000,3727.0000,3726.8000,3726.6000,3729.0000,3729.2000,3729.4000,3729.6000,3729.8000,2,3,2,1,1,4,2,7,5,6
SF,IF2005,2020-04-13 14:05:30.600,3728.6000,12020,0,6554170080.000,0,-,-,-,-,3727.8000,3727.6000,3727.0000,3726.8000,3726.6000,3729.0000,3729.2000,3729.4000,3729.6000,3729.8000,2,3,2,1,1,2,2,6,4,6
SF,IF2005,2020-04-13 14:05:31.100,3728.6000,12020,0,6554170080.000,0,-,-,-,-,3727.8000,3727.6000,3727.0000,3726.8000,3726.6000,3728.8000,3729.0000,3729.2000,3729.4000,3729.6000,2,3,2,1,1,1,2,2,6,4
SF,IF2005,2020-04-13 14:05:31.600,3728.6000,12020,0,6554170080.000,0,-,-,-,-,3727.8000,3727.6000,3727.4000,3727.0000,3726.8000,3728.8000,3729.0000,3729.2000,3729.4000,3729.6000,2,3,1,2,1,1,2,2,6,4
SF,IF2005,2020-04-13 14:05:32.100,3728.6000,12020,0,6554170080.000,0,-,-,-,-,3727.8000,3727.6000,3727.4000,3727.0000,3726.8000,3728.8000,3729.0000,3729.2000,3729.4000,3729.6000,2,3,1,2,1,1,2,2,6,4
SF,IF2005,2020-04-13 14:05:33.600,3728.8000,12023,3,6558644460.000,4,3,1,多开,B,3727.8000,3727.6000,3727.4000,3727.0000,3726.8000,3728.8000,3729.0000,3729.4000,3729.6000,3729.8000,2,3,1,2,1,1,2,5,4,6
SF,IF2005,2020-04-13 14:05:34.100,3728.8000,12023,0,6558644460.000,0,-,-,-,-,3728.0000,3727.8000,3727.4000,3727.0000,3726.8000,3728.8000,3729.0000,3729.4000,3729.6000,3729.8000,3,2,1,2,1,1,2,5,4,6
SF,IF2005,2020-04-13 14:05:35.100,3728.8000,12023,0,6558644460.000,0,-,-,-,-,3728.2000,3728.0000,3727.8000,3727.4000,3727.0000,3728.8000,3729.0000,3729.4000,3729.6000,3729.8000,1,3,1,1,2,1,2,6,4,6
SF,IF2005,2020-04-13 14:05:35.600,3728.8000,12023,0,6558644460.000,0,-,-,-,-,3728.2000,3728.0000,3727.8000,3727.4000,3727.0000,3728.8000,3729.0000,3729.4000,3729.6000,3729.8000,1,3,1,1,2,1,2,1,3,6
SF,IF2005,2020-04-13 14:05:36.100,3728.8000,12023,0,6558644460.000,0,-,-,-,-,3728.2000,3728.0000,3727.8000,3727.4000,3727.0000,3729.0000,3729.4000,3729.6000,3729.8000,3730.2000,1,3,1,1,2,2,1,3,6,1
SF,IF2005,2020-04-13 14:05:37.600,3728.8000,12023,0,6558644460.000,0,-,-,-,-,3728.2000,3728.0000,3727.8000,3727.4000,3727.0000,3729.0000,3729.4000,3729.6000,3729.8000,3730.2000,1,3,1,1,2,3,1,3,6,1
SF,IF2005,2020-04-13 14:05:38.600,3728.8000,12023,0,6558644460.000,0,-,-,-,-,3728.2000,3728.0000,3727.8000,3727.4000,3727.0000,3729.0000,3729.4000,3729.6000,3729.8000,3730.2000,1,3,1,1,2,3,1,3,6,1
SF,IF2005,2020-04-13 14:05:39.600,3728.8000,12023,0,6558644460.000,0,-,-,-,-,3728.2000,3728.0000,3727.8000,3727.4000,3727.0000,3729.0000,3729.4000,3729.6000,3729.8000,3730.2000,1,3,1,1,2,3,1,3,6,1
SF,IF2005,2020-04-13 14:05:40.100,3728.8000,12023,0,6558644460.000,0,-,-,-,-,3728.2000,3728.0000,3727.8000,3727.4000,3727.0000,3729.0000,3729.4000,3729.6000,3729.8000,3730.2000,1,3,1,1,2,3,1,3,6,1
SF,IF2005,2020-04-13 14:05:40.600,3728.8000,12023,0,6558644460.000,0,-,-,-,-,3728.2000,3728.0000,3727.8000,3727.4000,3727.0000,3728.8000,3729.0000,3729.4000,3729.6000,3729.8000,1,3,1,1,2,1,3,1,3,6
SF,IF2005,2020-04-13 14:05:41.100,3728.8000,12024,1,6562000380.000,3,2,1,多开,B,3728.2000,3728.0000,3727.8000,3727.4000,3727.0000,3728.8000,3729.0000,3729.4000,3729.6000,3729.8000,1,3,1,1,2,2,3,1,3,6
SF,IF2005,2020-04-13 14:05:41.600,3728.8000,12024,0,6562000380.000,0,-,-,-,-,3728.2000,3728.0000,3727.8000,3727.4000,3727.0000,3728.8000,3729.0000,3729.4000,3729.6000,3729.8000,1,3,1,1,2,3,3,1,3,6
SF,IF2005,2020-04-13 14:05:42.100,3728.8000,12025,1,6563119020.000,1,1,0,双开,B,3728.2000,3728.0000,3727.8000,3727.4000,3727.0000,3728.8000,3729.0000,3729.4000,3729.6000,3729.8000,1,3,1,1,2,2,3,1,3,6
SF,IF2005,2020-04-13 14:05:42.600,3728.8000,12025,0,6563119020.000,0,-,-,-,-,3728.2000,3728.0000,3727.8000,3727.4000,3727.0000,3728.8000,3729.0000,3729.4000,3729.6000,3729.8000,2,3,1,1,1,1,3,1,3,6
SF,IF2005,2020-04-13 14:05:43.100,3728.2000,12026,1,6564237480.000,1,1,0,双开,B,3728.2000,3728.0000,3727.8000,3727.4000,3727.0000,3728.8000,3729.0000,3729.4000,3729.6000,3729.8000,1,3,1,1,1,1,3,1,3,6
SF,IF2005,2020-04-13 14:05:43.600,3728.2000,12026,0,6564237480.000,0,-,-,-,-,3728.2000,3728.0000,3727.8000,3727.4000,3727.0000,3728.8000,3729.0000,3729.4000,3729.6000,3729.8000,1,1,1,1,1,3,3,1,3,6
SF,IF2005,2020-04-13 14:05:44.100,3728.8000,12028,2,6570949320.000,6,4,2,多开,B,3728.2000,3728.0000,3727.8000,3727.4000,3727.0000,3729.0000,3729.4000,3729.6000,3729.8000,3730.2000,1,1,1,1,1,3,1,3,6,1
SF,IF2005,2020-04-13 14:05:45.600,3728.8000,12028,0,6570949320.000,0,-,-,-,-,3728.2000,3728.0000,3727.8000,3727.4000,3727.0000,3728.6000,3729.0000,3729.4000,3729.6000,3729.8000,1,1,1,1,1,1,3,1,3,6
SF,IF2005,2020-04-13 14:05:46.100,3728.8000,12028,0,6570949320.000,0,-,-,-,-,3728.2000,3727.8000,3727.4000,3727.0000,3726.8000,3728.6000,3728.8000,3729.0000,3729.4000,3729.6000,1,1,1,1,1,1,1,3,1,3
SF,IF2005,2020-04-13 14:05:47.600,3728.6000,12030,2,6573186480.000,2,2,0,双开,B,3728.6000,3728.2000,3727.8000,3727.4000,3727.0000,3728.8000,3729.0000,3729.4000,3729.6000,3729.8000,2,1,1,1,1,1,3,1,3,6
SF,IF2005,2020-04-13 14:05:48.100,3728.6000,12030,0,6575423640.000,2,1,1,空换,B,3728.2000,3727.8000,3727.4000,3727.0000,3726.8000,3729.0000,3729.4000,3729.6000,3729.8000,3730.2000,1,1,1,1,1,3,1,3,6,1
SF,IF2005,2020-04-13 14:05:48.600,3728.6000,12030,0,6575423640.000,0,-,-,-,-,3728.2000,3727.4000,3727.0000,3726.8000,3726.6000,3728.8000,3729.0000,3729.4000,3729.6000,3729.8000,1,1,1,1,1,1,3,1,3,6
SF,IF2005,2020-04-13 14:05:49.100,3728.2000,12032,2,6577660560.000,2,2,0,双开,B,3727.4000,3727.0000,3726.8000,3726.6000,3726.4000,3728.8000,3729.0000,3729.4000,3729.6000,3729.8000,1,1,1,1,1,1,3,1,3,6
SF,IF2005,2020-04-13 14:05:49.600,3728.2000,12032,0,6577660560.000,0,-,-,-,-,3728.0000,3727.8000,3727.6000,3727.4000,3727.0000,3728.8000,3729.0000,3729.4000,3729.6000,3729.8000,1,2,4,1,1,1,3,1,3,6
SF,IF2005,2020-04-13 14:05:50.100,3728.2000,12032,0,6577660560.000,0,-,-,-,-,3728.0000,3727.8000,3727.6000,3727.4000,3727.0000,3729.0000,3729.4000,3729.6000,3729.8000,3730.2000,1,2,4,1,1,3,1,3,6,1
SF,IF2005,2020-04-13 14:05:51.100,3728.2000,12032,0,6577660560.000,0,-,-,-,-,3728.0000,3727.8000,3727.6000,3727.4000,3727.0000,3729.0000,3729.4000,3729.6000,3729.8000,3730.2000,1,2,4,1,1,3,1,3,6,1
SF,IF2005,2020-04-13 14:05:51.600,3728.2000,12032,0,6577660560.000,0,-,-,-,-,3728.0000,3727.8000,3727.6000,3727.4000,3727.0000,3729.0000,3729.4000,3729.6000,3729.8000,3730.2000,1,2,4,1,1,3,1,3,6,1
SF,IF2005,2020-04-13 14:05:52.100,3728.2000,12032,0,6577660560.000,0,-,-,-,-,3728.0000,3727.8000,3727.6000,3727.4000,3727.0000,3729.0000,3729.4000,3729.6000,3729.8000,3730.2000,1,2,3,1,1,3,1,3,6,1
SF,IF2005,2020-04-13 14:05:52.600,3728.2000,12032,0,6577660560.000,0,-,-,-,-,3728.0000,3727.8000,3727.6000,3727.4000,3727.0000,3728.8000,3729.0000,3729.4000,3729.6000,3729.8000,1,2,3,1,1,1,3,1,3,6
SF,IF2005,2020-04-13 14:05:54.600,3728.2000,12032,0,6577660560.000,0,-,-,-,-,3728.0000,3727.8000,3727.6000,3727.4000,3727.0000,3728.8000,3729.0000,3729.4000,3729.6000,3729.8000,1,2,3,1,1,2,3,1,3,6
SF,IF2005,2020-04-13 14:05:55.100,3728.0000,12033,1,6578778960.000,1,1,0,双开,B,3727.8000,3727.6000,3727.4000,3727.0000,3726.8000,3728.0000,3728.8000,3729.0000,3729.4000,3729.6000,2,3,1,1,1,1,2,3,1,3
SF,IF2005,2020-04-13 14:05:55.600,3728.0000,12034,1,6579897360.000,1,1,0,双开,B,3728.0000,3727.8000,3727.6000,3727.4000,3727.0000,3728.8000,3729.0000,3729.4000,3729.6000,3729.8000,3,1,3,1,1,2,3,1,3,6
SF,IF2005,2020-04-13 14:05:56.100,3728.0000,12034,0,6579897360.000,0,-,-,-,-,3727.8000,3727.6000,3727.4000,3727.0000,3726.8000,3728.6000,3728.8000,3729.0000,3729.4000,3729.6000,1,3,1,1,1,2,1,1,1,3
SF,IF2005,2020-04-13 14:05:57.600,3728.0000,12034,0,6579897360.000,0,-,-,-,-,3727.8000,3727.6000,3727.4000,3727.0000,3726.8000,3728.6000,3728.8000,3729.0000,3729.4000,3729.6000,1,3,1,1,1,2,1,1,1,3
SF,IF2005,2020-04-13 14:06:01.100,3728.0000,12034,0,6579897360.000,0,-,-,-,-,3727.8000,3727.6000,3727.4000,3727.0000,3726.8000,3728.6000,3728.8000,3729.0000,3729.4000,3729.6000,1,3,1,1,1,2,1,1,1,3
SF,IF2005,2020-04-13 14:06:02.600,3728.0000,12034,0,6579897360.000,0,-,-,-,-,3727.6000,3727.4000,3727.0000,3726.8000,3726.6000,3728.6000,3728.8000,3729.0000,3729.4000,3729.6000,3,1,1,1,1,2,1,1,1,3
SF,IF2005,2020-04-13 14:06:03.100,3728.0000,12034,0,6579897360.000,0,-,-,-,-,3727.6000,3727.4000,3727.0000,3726.8000,3726.6000,3728.6000,3728.8000,3729.0000,3729.4000,3729.6000,2,1,1,1,1,2,1,1,1,3
SF,IF2005,2020-04-13 14:06:03.600,3728.0000,12034,0,6579897360.000,0,-,-,-,-,3727.4000,3726.6000,3726.0000,3725.8000,3725.6000,3728.2000,3728.4000,3728.6000,3728.8000,3729.0000,1,1,1,1,1,8,5,2,1,1
SF,IF2005,2020-04-13 14:06:04.100,3727.4000,12034,0,6581015580.000,1,0,1,空换,B,3726.6000,3725.8000,3725.6000,3725.4000,3725.2000,3727.8000,3728.0000,3728.2000,3728.4000,3728.6000,1,1,1,13,3,2,11,7,1,1
SF,IF2005,2020-04-13 14:06:04.600,3727.6000,12034,0,6582133860.000,1,0,1,空换,B,3725.8000,3725.4000,3724.8000,3724.4000,3724.0000,3727.6000,3727.8000,3728.0000,3728.2000,3728.4000,1,13,7,8,4,4,2,8,6,1
SF,IF2005,2020-04-13 14:06:05.100,3727.6000,12034,0,6582133860.000,0,-,-,-,-,3726.0000,3725.8000,3725.4000,3724.8000,3724.4000,3727.4000,3727.6000,3728.0000,3728.2000,3728.4000,4,1,5,7,8,3,4,7,6,1
SF,IF2005,2020-04-13 14:06:05.600,3727.6000,12034,0,6582133860.000,0,-,-,-,-,3726.0000,3725.8000,3725.4000,3724.8000,3723.8000,3727.0000,3727.2000,3727.4000,3727.6000,3728.0000,3,1,5,7,8,2,4,6,1,6
SF,IF2005,2020-04-13 14:06:06.100,3727.6000,12034,0,6582133860.000,0,-,-,-,-,3726.0000,3725.8000,3724.8000,3723.8000,3723.4000,3726.8000,3727.0000,3727.2000,3727.4000,3727.6000,3,1,4,11,3,1,2,3,1,1
SF,IF2005,2020-04-13 14:06:06.600,3727.0000,12038,4,6586606260.000,4,4,0,双开,B,3726.0000,3725.8000,3724.8000,3723.8000,3723.4000,3726.6000,3727.0000,3727.2000,3727.4000,3727.6000,3,1,1,11,3,1,2,3,1,1
SF,IF2005,2020-04-13 14:06:07.100,3727.0000,12038,0,6586606260.000,0,-,-,-,-,3726.0000,3725.8000,3724.8000,3723.8000,3723.4000,3726.6000,3727.0000,3727.2000,3727.4000,3728.0000,3,1,1,11,3,1,2,3,1,1
SF,IF2005,2020-04-13 14:06:07.600,3727.0000,12038,0,6586606260.000,0,-,-,-,-,3726.0000,3725.8000,3724.8000,3723.8000,3723.4000,3726.6000,3727.0000,3727.2000,3727.4000,3728.0000,3,1,1,11,6,1,2,3,1,1
SF,IF2005,2020-04-13 14:06:08.100,3726.6000,12039,1,6588842220.000,2,1,1,多开,B,3726.4000,3726.2000,3726.0000,3725.8000,3724.8000,3726.6000,3727.2000,3727.4000,3728.0000,3728.2000,1,1,2,1,1,1,1,1,1,1
SF,IF2005,2020-04-13 14:06:08.600,3727.0000,12040,1,6591078300.000,2,1,1,多开,B,3726.4000,3726.2000,3726.0000,3725.8000,3724.8000,3727.2000,3727.4000,3728.0000,3728.2000,3728.4000,1,1,2,1,1,1,1,1,1,1
SF,IF2005,2020-04-13 14:06:09.100,3727.0000,12040,0,6591078300.000,0,-,-,-,-,3726.2000,3726.0000,3725.8000,3724.8000,3723.8000,3727.2000,3727.4000,3728.0000,3728.2000,3728.4000,1,2,1,1,11,1,1,1,1,1
SF,IF2005,2020-04-13 14:06:09.600,3727.2000,12041,1,6592196460.000,1,1,0,双开,B,3727.2000,3726.2000,3726.0000,3725.8000,3724.8000,3727.4000,3728.0000,3728.2000,3728.4000,3728.6000,1,1,2,1,1,1,1,1,1,1
SF,IF2005,2020-04-13 14:06:10.100,3727.2000,12042,1,6593314620.000,1,1,0,双开,B,3726.2000,3726.0000,3725.8000,3724.8000,3723.8000,3727.2000,3727.4000,3728.0000,3728.2000,3728.4000,1,2,1,1,11,2,1,1,1,1
SF,IF2005,2020-04-13 14:06:10.600,3727.2000,12042,0,6593314620.000,0,-,-,-,-,3726.4000,3726.2000,3725.8000,3724.8000,3723.8000,3727.2000,3727.4000,3728.0000,3728.2000,3728.4000,3,1,1,1,11,2,1,1,1,1
SF,IF2005,2020-04-13 14:06:11.100,3727.2000,12044,2,6595550940.000,2,2,0,双开,B,3727.2000,3726.4000,3726.2000,3725.8000,3724.8000,3727.4000,3728.0000,3728.2000,3728.4000,3728.6000,2,3,1,1,1,1,1,1,1,1
SF,IF2005,2020-04-13 14:06:11.600,3727.2000,12045,1,6596669100.000,1,1,0,双开,B,3726.4000,3726.2000,3725.8000,3724.8000,3723.8000,3727.4000,3728.0000,3728.2000,3728.4000,3728.6000,3,1,1,1,11,1,1,1,1,1
SF,IF2005,2020-04-13 14:06:12.100,3727.4000,12046,1,6598905480.000,2,1,1,多开,B,3727.4000,3727.2000,3726.4000,3726.2000,3725.8000,3728.0000,3728.2000,3728.4000,3728.6000,3728.8000,1,2,3,1,1,1,1,1,1,1
SF,IF2005,2020-04-13 14:06:12.600,3727.4000,12047,1,6600023700.000,1,1,0,双开,B,3727.2000,3726.4000,3725.8000,3724.8000,3723.8000,3727.4000,3727.6000,3727.8000,3728.0000,3728.4000,2,3,1,1,11,2,4,4,2,1
SF,IF2005,2020-04-13 14:06:13.100,3727.2000,12047,0,6602260020.000,2,1,1,空换,B,3726.4000,3725.8000,3724.8000,3723.8000,3723.4000,3727.4000,3727.6000,3727.8000,3728.0000,3728.4000,3,1,1,11,6,1,4,4,2,1
SF,IF2005,2020-04-13 14:06:13.600,3727.2000,12047,0,6602260020.000,0,-,-,-,-,3726.4000,3725.8000,3724.8000,3723.8000,3723.4000,3727.0000,3727.2000,3727.4000,3727.6000,3727.8000,3,1,1,11,6,1,2,1,4,2
SF,IF2005,2020-04-13 14:06:14.100,3727.2000,12047,0,6602260020.000,0,-,-,-,-,3726.4000,3725.8000,3724.8000,3723.8000,3723.4000,3727.2000,3727.4000,3727.6000,3727.8000,3728.0000,3,1,1,11,6,2,1,4,2,2
SF,IF2005,2020-04-13 14:06:15.600,3727.2000,12047,0,6602260020.000,0,-,-,-,-,3726.4000,3725.8000,3724.8000,3723.8000,3723.4000,3727.2000,3727.4000,3727.8000,3728.0000,3728.4000,3,1,1,11,6,2,1,2,2,1
SF,IF2005,2020-04-13 14:06:16.100,3727.2000,12047,0,6602260020.000,0,-,-,-,-,3726.6000,3726.4000,3725.8000,3724.8000,3723.8000,3727.4000,3727.8000,3728.0000,3728.4000,3728.8000,1,3,1,1,11,1,1,2,1,1
SF,IF2005,2020-04-13 14:06:16.600,3727.4000,12048,1,6603378240.000,1,1,0,双开,B,3726.6000,3726.4000,3725.8000,3724.8000,3723.8000,3727.8000,3728.0000,3728.4000,3728.8000,3729.0000,1,3,1,1,11,1,2,1,1,1
SF,IF2005,2020-04-13 14:06:17.100,3726.8000,12049,1,6604496280.000,1,1,0,双开,B,3726.8000,3726.6000,3726.4000,3725.8000,3724.8000,3727.8000,3728.0000,3728.4000,3728.8000,3729.0000,1,1,1,1,1,1,2,1,1,1
SF,IF2005,2020-04-13 14:06:17.600,3726.8000,12049,0,6604496280.000,0,-,-,-,-,3726.8000,3726.6000,3725.8000,3724.8000,3723.8000,3727.6000,3727.8000,3728.0000,3728.4000,3728.8000,2,1,1,1,11,2,1,2,1,1
SF,IF2005,2020-04-13 14:06:18.100,3726.8000,12049,0,6604496280.000,0,-,-,-,-,3726.8000,3726.6000,3725.8000,3724.8000,3724.0000,3727.6000,3727.8000,3728.0000,3728.4000,3728.8000,2,1,1,1,8,2,1,2,1,1
SF,IF2005,2020-04-13 14:06:18.600,3726.8000,12049,0,6604496280.000,0,-,-,-,-,3726.8000,3726.6000,3725.8000,3724.8000,3724.0000,3727.6000,3727.8000,3728.0000,3728.4000,3728.8000,2,1,1,1,8,2,1,1,1,1
SF,IF2005,2020-04-13 14:06:20.100,3726.8000,12049,0,6604496280.000,0,-,-,-,-,3727.0000,3726.8000,3725.8000,3724.8000,3724.0000,3727.6000,3727.8000,3728.0000,3728.4000,3728.8000,1,2,1,1,8,2,1,1,1,1
SF,IF2005,2020-04-13 14:06:20.600,3726.8000,12050,1,6605614320.000,1,1,0,双开,B,3726.8000,3725.8000,3724.8000,3724.0000,3723.8000,3727.6000,3728.0000,3728.4000,3728.8000,3729.0000,2,1,1,8,11,2,1,1,1,1
SF,IF2005,2020-04-13 14:06:21.100,3726.8000,12050,0,6605614320.000,0,-,-,-,-,3727.0000,3726.8000,3725.8000,3724.8000,3724.0000,3727.6000,3728.0000,3728.4000,3728.8000,3729.0000,1,2,1,1,8,2,1,1,1,1
SF,IF2005,2020-04-13 14:06:21.600,3726.8000,12050,0,6605614320.000,0,-,-,-,-,3727.0000,3726.8000,3726.4000,3725.8000,3724.8000,3727.6000,3728.0000,3728.4000,3728.8000,3729.0000,1,2,1,1,1,2,1,1,1,1
SF,IF2005,2020-04-13 14:06:22.600,3727.6000,12051,1,6606732600.000,1,1,0,双开,B,3727.2000,3727.0000,3726.8000,3726.4000,3725.8000,3727.6000,3728.8000,3729.0000,3729.4000,3729.6000,1,1,2,1,1,1,1,1,1,2
SF,IF2005,2020-04-13 14:06:23.100,3727.6000,12051,0,6606732600.000,0,-,-,-,-,3727.6000,3727.2000,3727.0000,3726.8000,3726.4000,3728.8000,3729.0000,3729.4000,3729.6000,3729.8000,1,1,1,2,1,1,1,1,2,4
SF,IF2005,2020-04-13 14:06:23.600,3727.6000,12051,0,6606732600.000,0,-,-,-,-,3727.2000,3727.0000,3726.8000,3726.4000,3725.8000,3728.4000,3728.6000,3728.8000,3729.0000,3729.4000,1,1,1,1,1,2,9,1,1,1
SF,IF2005,2020-04-13 14:06:24.100,3727.6000,12051,0,6606732600.000,0,-,-,-,-,3727.4000,3727.2000,3727.0000,3726.4000,3725.8000,3728.4000,3728.6000,3728.8000,3729.0000,3729.4000,2,1,1,1,1,2,8,1,1,1
SF,IF2005,2020-04-13 14:06:24.600,3727.6000,12051,0,6606732600.000,0,-,-,-,-,3727.4000,3727.2000,3727.0000,3726.4000,3725.8000,3728.4000,3728.6000,3728.8000,3729.0000,3729.4000,2,1,1,1,1,2,3,1,1,1
SF,IF2005,2020-04-13 14:06:25.100,3727.6000,12051,0,6606732600.000,0,-,-,-,-,3727.4000,3727.2000,3727.0000,3726.4000,3725.8000,3728.4000,3728.6000,3728.8000,3729.0000,3729.4000,2,1,1,1,1,2,2,1,1,1
SF,IF2005,2020-04-13 14:06:27.100,3728.4000,12053,2,6608969640.000,2,2,0,双开,B,3728.4000,3727.4000,3727.2000,3727.0000,3726.4000,3728.6000,3728.8000,3729.0000,3729.4000,3729.6000,2,2,1,1,1,2,1,1,1,2
SF,IF2005,2020-04-13 14:06:27.600,3728.4000,12055,2,6611206680.000,2,2,0,双开,B,3727.4000,3727.0000,3726.4000,3725.8000,3724.8000,3728.4000,3728.6000,3728.8000,3729.0000,3729.4000,2,1,1,1,1,3,2,1,1,1
SF,IF2005,2020-04-13 14:06:28.100,3728.4000,12055,0,6611206680.000,0,-,-,-,-,3727.6000,3727.4000,3727.0000,3726.4000,3725.8000,3728.6000,3728.8000,3729.0000,3729.4000,3729.6000,1,2,1,1,1,2,1,1,1,2
SF,IF2005,2020-04-13 14:06:30.100,3728.6000,12057,2,6613443840.000,2,2,0,双开,B,3727.8000,3727.6000,3727.4000,3727.0000,3726.4000,3728.8000,3729.0000,3729.4000,3729.6000,3729.8000,2,1,2,1,1,1,1,1,2,4
SF,IF2005,2020-04-13 14:06:30.600,3728.6000,12057,0,6613443840.000,0,-,-,-,-,3727.8000,3727.6000,3727.4000,3727.0000,3726.4000,3728.8000,3729.0000,3729.4000,3729.6000,3729.8000,2,1,2,1,1,1,1,1,2,4
SF,IF2005,2020-04-13 14:06:31.600,3728.6000,12057,0,6613443840.000,0,-,-,-,-,3728.2000,3728.0000,3727.8000,3727.4000,3727.0000,3728.8000,3729.0000,3729.4000,3729.6000,3729.8000,1,1,1,2,1,1,1,1,2,4
SF,IF2005,2020-04-13 14:06:32.100,3728.6000,12057,0,6613443840.000,0,-,-,-,-,3728.2000,3728.0000,3727.8000,3727.4000,3727.0000,3728.8000,3729.0000,3729.4000,3729.6000,3729.8000,1,1,1,2,1,1,1,1,2,4
SF,IF2005,2020-04-13 14:06:32.600,3728.6000,12057,0,6613443840.000,0,-,-,-,-,3728.2000,3728.0000,3727.8000,3727.4000,3727.0000,3728.8000,3729.0000,3729.4000,3729.6000,3729.8000,1,1,1,2,1,1,1,1,2,4
SF,IF2005,2020-04-13 14:06:36.100,3728.6000,12057,0,6613443840.000,0,-,-,-,-,3728.0000,3727.8000,3727.4000,3727.0000,3726.4000,3728.4000,3728.8000,3729.0000,3729.4000,3729.6000,1,1,2,1,1,1,1,1,1,2
SF,IF2005,2020-04-13 14:06:38.100,3728.6000,12057,0,6613443840.000,0,-,-,-,-,3728.0000,3727.8000,3727.4000,3727.0000,3726.4000,3728.2000,3728.4000,3728.8000,3729.0000,3729.4000,1,1,2,1,1,1,1,1,1,1
SF,IF2005,2020-04-13 14:06:39.100,3728.6000,12057,0,6613443840.000,0,-,-,-,-,3727.8000,3727.4000,3727.0000,3726.4000,3725.8000,3728.2000,3728.8000,3729.0000,3729.4000,3729.6000,1,2,1,1,1,1,1,1,1,2
SF,IF2005,2020-04-13 14:06:39.600,3728.2000,12058,1,6614562300.000,1,1,0,双开,B,3728.2000,3728.0000,3727.8000,3727.4000,3727.0000,3728.8000,3729.0000,3729.4000,3729.6000,3729.8000,1,1,1,2,1,1,1,1,2,4
SF,IF2005,2020-04-13 14:06:40.100,3728.2000,12058,0,6614562300.000,0,-,-,-,-,3728.0000,3727.8000,3727.4000,3727.0000,3726.4000,3728.8000,3729.0000,3729.4000,3729.6000,3729.8000,1,1,2,1,1,1,1,1,2,4
SF,IF2005,2020-04-13 14:06:41.100,3728.2000,12058,0,6614562300.000,0,-,-,-,-,3728.2000,3728.0000,3727.8000,3727.4000,3727.0000,3728.8000,3729.0000,3729.4000,3729.6000,3729.8000,1,1,1,2,1,1,1,1,2,3
SF,IF2005,2020-04-13 14:06:41.600,3728.2000,12058,0,6614562300.000,0,-,-,-,-,3728.2000,3728.0000,3727.4000,3727.0000,3726.4000,3728.8000,3729.0000,3729.4000,3729.6000,3729.8000,2,1,2,1,1,1,1,1,2,3
SF,IF2005,2020-04-13 14:06:42.100,3728.2000,12058,0,6614562300.000,0,-,-,-,-,3728.4000,3728.2000,3727.4000,3727.0000,3726.4000,3728.8000,3729.0000,3729.4000,3729.6000,3729.8000,1,2,2,1,1,1,1,1,2,3
SF,IF2005,2020-04-13 14:06:42.600,3728.2000,12058,0,6614562300.000,0,-,-,-,-,3728.4000,3728.2000,3727.4000,3727.0000,3726.4000,3728.8000,3729.0000,3729.4000,3729.6000,3729.8000,1,2,2,1,1,1,1,1,1,3
SF,IF2005,2020-04-13 14:06:43.100,3728.8000,12059,1,6615680940.000,1,1,0,双开,B,3728.4000,3728.2000,3728.0000,3727.4000,3727.0000,3729.0000,3729.4000,3729.6000,3729.8000,3730.2000,1,2,1,2,1,1,1,1,3,1
SF,IF2005,2020-04-13 14:06:46.600,3728.4000,12059,0,6616799460.000,1,0,1,空换,B,3728.2000,3728.0000,3727.4000,3727.0000,3726.4000,3729.0000,3729.4000,3729.6000,3729.8000,3730.2000,2,1,2,1,1,1,1,1,3,1
SF,IF2005,2020-04-13 14:06:47.100,3728.4000,12059,0,6616799460.000,0,-,-,-,-,3728.0000,3727.4000,3727.0000,3726.4000,3725.8000,3728.8000,3729.0000,3729.4000,3729.6000,3729.8000,1,2,1,1,1,2,1,1,1,3
SF,IF2005,2020-04-13 14:06:47.600,3728.4000,12059,0,6616799460.000,0,-,-,-,-,3728.0000,3727.4000,3727.0000,3726.4000,3725.8000,3728.6000,3728.8000,3729.0000,3729.4000,3729.6000,1,2,1,1,1,1,2,1,1,1
SF,IF2005,2020-04-13 14:06:48.600,3728.4000,12059,0,6616799460.000,0,-,-,-,-,3728.0000,3727.4000,3727.0000,3726.4000,3725.8000,3728.4000,3728.6000,3728.8000,3729.0000,3729.4000,1,2,1,1,1,1,1,2,1,1
SF,IF2005,2020-04-13 14:06:49.100,3728.4000,12059,0,6616799460.000,0,-,-,-,-,3728.0000,3727.4000,3727.0000,3726.4000,3725.8000,3728.4000,3728.8000,3729.0000,3729.4000,3729.6000,1,2,1,1,1,1,2,1,1,1
SF,IF2005,2020-04-13 14:06:49.600,3728.4000,12059,0,6616799460.000,0,-,-,-,-,3728.0000,3727.4000,3727.0000,3726.4000,3725.8000,3728.8000,3729.0000,3729.4000,3729.6000,3729.8000,1,2,1,1,1,2,1,1,1,3
SF,IF2005,2020-04-13 14:06:50.100,3728.4000,12059,0,6616799460.000,0,-,-,-,-,3728.0000,3727.4000,3727.0000,3726.4000,3725.8000,3729.0000,3729.4000,3729.6000,3729.8000,3730.2000,1,2,1,1,1,1,1,1,3,1
SF,IF2005,2020-04-13 14:06:50.600,3728.4000,12059,0,6616799460.000,0,-,-,-,-,3728.0000,3727.4000,3727.0000,3726.4000,3725.8000,3728.8000,3729.0000,3729.4000,3729.6000,3729.8000,1,2,1,1,1,1,1,1,1,3
SF,IF2005,2020-04-13 14:06:51.100,3728.4000,12059,0,6616799460.000,0,-,-,-,-,3728.0000,3727.4000,3727.0000,3726.4000,3725.8000,3728.6000,3728.8000,3729.0000,3729.4000,3729.6000,1,2,1,1,1,2,1,1,1,1
SF,IF2005,2020-04-13 14:06:51.600,3728.4000,12059,0,6616799460.000,0,-,-,-,-,3728.0000,3727.4000,3727.0000,3726.4000,3725.8000,3728.6000,3728.8000,3729.0000,3729.4000,3729.6000,1,2,1,1,1,1,1,1,1,1
SF,IF2005,2020-04-13 14:06:52.600,3728.0000,12059,0,6617917860.000,1,0,1,空换,B,3727.4000,3727.0000,3726.4000,3725.8000,3725.2000,3728.4000,3728.8000,3729.0000,3729.4000,3729.6000,2,1,1,1,8,5,1,1,1,1
SF,IF2005,2020-04-13 14:06:53.100,3728.0000,12059,0,6617917860.000,0,-,-,-,-,3727.6000,3727.4000,3727.0000,3726.4000,3725.8000,3728.8000,3729.0000,3729.4000,3729.6000,3729.8000,2,2,1,1,1,1,1,1,1,3
SF,IF2005,2020-04-13 14:06:53.600,3728.0000,12059,0,6617917860.000,0,-,-,-,-,3727.8000,3727.6000,3727.0000,3726.4000,3725.8000,3728.6000,3728.8000,3729.0000,3729.4000,3729.6000,2,2,1,1,1,1,1,1,1,1
SF,IF2005,2020-04-13 14:06:54.100,3728.0000,12059,0,6617917860.000,0,-,-,-,-,3727.8000,3727.6000,3727.0000,3726.4000,3725.8000,3728.4000,3728.6000,3728.8000,3729.0000,3729.4000,2,2,1,1,1,1,6,1,1,1
SF,IF2005,2020-04-13 14:06:54.600,3728.0000,12059,0,6617917860.000,0,-,-,-,-,3727.8000,3727.6000,3727.0000,3726.4000,3725.8000,3728.4000,3728.6000,3728.8000,3729.0000,3729.4000,2,2,1,1,1,1,7,1,1,1
SF,IF2005,2020-04-13 14:06:55.100,3728.0000,12059,0,6617917860.000,0,-,-,-,-,3727.8000,3727.6000,3727.0000,3726.4000,3725.8000,3728.6000,3728.8000,3729.0000,3729.4000,3729.6000,2,2,1,1,1,1,1,1,1,1
SF,IF2005,2020-04-13 14:06:55.600,3731.0000,12055,-4,6632463720.000,13,4,9,空平,B,3731.0000,3727.8000,3727.6000,3727.0000,3726.4000,3731.8000,3733.0000,3733.6000,3734.0000,3734.2000,7,2,2,1,1,3,1,1,1,1
SF,IF2005,2020-04-13 14:06:56.100,3731.0000,12049,-6,6645895320.000,12,3,9,空平,B,3727.8000,3727.0000,3726.4000,3725.8000,3725.2000,3729.2000,3729.6000,3729.8000,3730.0000,3730.2000,2,1,1,1,8,5,1,2,3,1
SF,IF2005,2020-04-13 14:06:56.600,3728.4000,12050,1,6649251360.000,3,2,1,多开,B,3728.4000,3728.0000,3727.8000,3727.0000,3726.4000,3729.2000,3729.6000,3729.8000,3730.0000,3730.6000,1,2,2,1,1,1,2,2,1,2
SF,IF2005,2020-04-13 14:06:57.100,3728.4000,12052,2,6652606920.000,3,2,1,多开,B,3728.0000,3727.0000,3726.4000,3725.8000,3725.2000,3729.2000,3729.6000,3729.8000,3730.0000,3730.6000,1,1,1,1,8,1,2,2,1,13
SF,IF2005,2020-04-13 14:06:57.600,3728.4000,12052,0,6652606920.000,0,-,-,-,-,3728.2000,3728.0000,3727.0000,3726.4000,3725.8000,3728.8000,3729.2000,3729.6000,3729.8000,3730.0000,2,1,1,1,1,1,1,2,3,1
SF,IF2005,2020-04-13 14:06:58.100,3728.4000,12052,0,6652606920.000,0,-,-,-,-,3728.0000,3727.0000,3726.6000,3726.4000,3725.8000,3728.8000,3729.6000,3729.8000,3730.0000,3730.4000,1,1,1,1,1,2,1,2,1,1
SF,IF2005,2020-04-13 14:06:58.600,3728.4000,12052,0,6652606920.000,0,-,-,-,-,3728.0000,3727.0000,3726.6000,3726.4000,3725.8000,3728.8000,3729.6000,3729.8000,3730.0000,3730.4000,1,1,1,1,1,1,1,2,1,1
SF,IF2005,2020-04-13 14:06:59.100,3728.4000,12052,0,6652606920.000,0,-,-,-,-,3728.0000,3727.0000,3726.6000,3726.4000,3725.8000,3728.8000,3729.6000,3729.8000,3730.0000,3730.2000,1,1,1,1,1,2,1,2,1,1
SF,IF2005,2020-04-13 14:06:59.600,3728.4000,12052,0,6652606920.000,0,-,-,-,-,3728.0000,3727.0000,3726.6000,3726.4000,3725.8000,3728.8000,3729.6000,3729.8000,3730.0000,3730.2000,1,1,1,1,1,2,1,2,1,1
SF,IF2005,2020-04-13 14:07:00.100,3728.0000,12054,2,6654843720.000,2,2,0,双开,B,3727.0000,3726.6000,3726.4000,3725.8000,3725.4000,3728.4000,3728.6000,3728.8000,3729.6000,3729.8000,1,1,1,1,4,1,7,1,1,2
SF,IF2005,2020-04-13 14:07:00.600,3728.0000,12054,0,6654843720.000,0,-,-,-,-,3727.6000,3727.4000,3727.2000,3727.0000,3726.6000,3728.6000,3728.8000,3729.6000,3729.8000,3730.0000,1,2,4,1,1,2,1,1,2,1
SF,IF2005,2020-04-13 14:07:01.100,3728.0000,12054,0,6654843720.000,0,-,-,-,-,3727.6000,3727.4000,3727.2000,3727.0000,3726.6000,3728.6000,3728.8000,3729.6000,3729.8000,3730.0000,1,2,5,1,1,2,1,1,2,3
SF,IF2005,2020-04-13 14:07:01.600,3728.0000,12054,0,6654843720.000,0,-,-,-,-,3727.8000,3727.6000,3727.4000,3727.2000,3727.0000,3728.6000,3728.8000,3729.6000,3729.8000,3730.0000,2,1,2,3,1,2,1,1,2,3
SF,IF2005,2020-04-13 14:07:02.100,3728.0000,12054,0,6654843720.000,0,-,-,-,-,3727.8000,3727.6000,3727.4000,3727.2000,3727.0000,3728.6000,3728.8000,3729.6000,3729.8000,3730.0000,2,1,2,3,1,2,1,1,2,3
SF,IF2005,2020-04-13 14:07:02.600,3728.0000,12054,0,6654843720.000,0,-,-,-,-,3727.8000,3727.6000,3727.4000,3727.2000,3727.0000,3728.6000,3728.8000,3729.6000,3729.8000,3730.0000,2,1,2,3,1,2,1,1,2,3
SF,IF2005,2020-04-13 14:07:03.100,3728.0000,12054,0,6654843720.000,0,-,-,-,-,3727.8000,3727.6000,3727.4000,3727.2000,3727.0000,3728.6000,3728.8000,3729.6000,3729.8000,3730.0000,2,1,2,3,1,2,1,1,2,3
SF,IF2005,2020-04-13 14:07:03.600,3728.0000,12054,0,6654843720.000,0,-,-,-,-,3727.8000,3727.6000,3727.4000,3727.2000,3727.0000,3728.6000,3728.8000,3729.6000,3729.8000,3730.0000,2,1,2,3,1,2,1,1,2,3
SF,IF2005,2020-04-13 14:07:04.100,3728.0000,12054,0,6654843720.000,0,-,-,-,-,3727.8000,3727.6000,3727.4000,3727.2000,3727.0000,3728.6000,3728.8000,3729.6000,3729.8000,3730.0000,2,1,2,3,1,2,1,1,2,3
SF,IF2005,2020-04-13 14:07:04.600,3728.0000,12054,0,6654843720.000,0,-,-,-,-,3727.8000,3727.6000,3727.4000,3727.2000,3727.0000,3728.6000,3728.8000,3729.6000,3729.8000,3730.0000,2,1,2,3,1,2,1,2,2,3
SF,IF2005,2020-04-13 14:07:05.100,3728.6000,12056,2,6657080880.000,2,2,0,双开,B,3727.6000,3727.4000,3727.2000,3727.0000,3726.4000,3728.8000,3729.6000,3729.8000,3730.0000,3730.2000,1,2,3,1,1,1,2,2,3,4
SF,IF2005,2020-04-13 14:07:05.600,3728.6000,12056,0,6657080880.000,0,-,-,-,-,3727.6000,3727.4000,3727.2000,3727.0000,3726.4000,3728.8000,3729.6000,3729.8000,3730.0000,3730.2000,1,2,3,1,1,1,2,3,3,4
SF,IF2005,2020-04-13 14:07:06.100,3728.6000,12056,0,6657080880.000,0,-,-,-,-,3727.8000,3727.6000,3727.4000,3727.2000,3727.0000,3728.8000,3729.6000,3729.8000,3730.0000,3730.2000,2,1,2,3,1,1,2,6,3,4
SF,IF2005,2020-04-13 14:07:06.600,3727.8000,12057,1,6658199220.000,1,1,0,双开,B,3727.8000,3727.6000,3727.4000,3727.2000,3727.0000,3728.4000,3728.8000,3729.6000,3729.8000,3730.0000,1,1,2,3,1,1,1,2,6,4
SF,IF2005,2020-04-13 14:07:07.100,3727.8000,12057,0,6658199220.000,0,-,-,-,-,3727.6000,3727.4000,3727.2000,3727.0000,3726.4000,3728.8000,3729.6000,3729.8000,3730.0000,3730.2000,1,2,3,1,1,1,2,6,4,4
SF,IF2005,2020-04-13 14:07:07.600,3727.8000,12057,0,6658199220.000,0,-,-,-,-,3727.6000,3727.4000,3727.2000,3726.4000,3725.8000,3728.6000,3728.8000,3729.6000,3729.8000,3730.0000,1,2,3,1,3,2,1,2,6,4
SF,IF2005,2020-04-13 14:07:08.100,3727.8000,12057,0,6658199220.000,0,-,-,-,-,3727.6000,3727.4000,3727.2000,3726.4000,3726.2000,3728.4000,3728.6000,3728.8000,3729.6000,3729.8000,1,2,3,1,2,2,2,1,2,6
SF,IF2005,2020-04-13 14:07:08.600,3727.8000,12057,0,6658199220.000,0,-,-,-,-,3727.6000,3727.4000,3727.2000,3726.4000,3726.2000,3728.4000,3728.6000,3728.8000,3729.6000,3729.8000,2,2,3,1,2,1,2,1,2,6
SF,IF2005,2020-04-13 14:07:09.100,3727.8000,12057,0,6658199220.000,0,-,-,-,-,3727.6000,3727.4000,3727.2000,3726.4000,3726.2000,3728.6000,3728.8000,3729.6000,3729.8000,3730.0000,2,2,3,1,2,2,1,2,7,5
SF,IF2005,2020-04-13 14:07:09.600,3727.8000,12057,0,6658199220.000,0,-,-,-,-,3727.6000,3727.4000,3727.2000,3726.4000,3725.8000,3728.4000,3728.6000,3728.8000,3729.6000,3729.8000,2,2,3,1,3,1,2,1,2,7
SF,IF2005,2020-04-13 14:07:10.100,3727.8000,12057,0,6658199220.000,0,-,-,-,-,3727.6000,3727.4000,3727.2000,3726.4000,3725.8000,3728.4000,3728.6000,3728.8000,3729.6000,3729.8000,2,2,3,1,3,1,2,1,2,7
SF,IF2005,2020-04-13 14:07:10.600,3727.8000,12057,0,6658199220.000,0,-,-,-,-,3727.6000,3727.4000,3727.2000,3726.4000,3725.8000,3728.4000,3728.6000,3728.8000,3729.6000,3729.8000,2,2,2,1,3,1,2,1,2,7
SF,IF2005,2020-04-13 14:07:11.100,3727.8000,12057,0,6658199220.000,0,-,-,-,-,3727.6000,3727.4000,3727.2000,3726.4000,3725.8000,3728.4000,3728.6000,3728.8000,3729.2000,3729.6000,2,2,2,1,3,1,2,1,3,2
SF,IF2005,2020-04-13 14:07:12.100,3727.8000,12057,0,6658199220.000,0,-,-,-,-,3727.8000,3727.6000,3727.4000,3727.2000,3726.4000,3728.4000,3728.6000,3728.8000,3729.2000,3729.6000,2,2,2,2,1,1,2,1,3,2
SF,IF2005,2020-04-13 14:07:12.600,3727.8000,12057,0,6658199220.000,0,-,-,-,-,3727.8000,3727.6000,3727.4000,3727.2000,3726.4000,3728.6000,3728.8000,3729.2000,3729.6000,3729.8000,2,2,2,2,1,2,1,3,2,3
SF,IF2005,2020-04-13 14:07:13.100,3727.8000,12057,0,6658199220.000,0,-,-,-,-,3727.8000,3727.6000,3727.4000,3727.2000,3726.4000,3728.8000,3729.0000,3729.2000,3729.6000,3729.8000,2,2,2,2,1,1,5,3,2,3
SF,IF2005,2020-04-13 14:07:13.600,3727.8000,12057,0,6658199220.000,0,-,-,-,-,3728.0000,3727.8000,3727.6000,3727.4000,3727.2000,3728.6000,3728.8000,3729.0000,3729.2000,3729.6000,3,2,1,2,1,1,1,5,3,2
SF,IF2005,2020-04-13 14:07:14.100,3727.8000,12057,0,6658199220.000,0,-,-,-,-,3728.0000,3727.8000,3727.6000,3727.4000,3727.2000,3728.8000,3729.0000,3729.2000,3729.6000,3729.8000,3,2,1,1,1,1,5,3,2,2
SF,IF2005,2020-04-13 14:07:14.600,3727.8000,12057,0,6658199220.000,0,-,-,-,-,3728.0000,3727.8000,3727.6000,3727.2000,3726.4000,3728.8000,3729.0000,3729.2000,3729.6000,3729.8000,3,2,1,1,1,2,5,3,2,2
SF,IF2005,2020-04-13 14:07:15.100,3727.8000,12057,0,6658199220.000,0,-,-,-,-,3728.0000,3727.8000,3727.6000,3727.2000,3726.4000,3728.8000,3729.0000,3729.2000,3729.6000,3729.8000,3,2,1,1,1,1,5,3,2,2
SF,IF2005,2020-04-13 14:07:15.600,3727.8000,12057,0,6658199220.000,0,-,-,-,-,3728.0000,3727.8000,3727.6000,3727.2000,3726.4000,3728.8000,3729.0000,3729.2000,3729.6000,3729.8000,3,2,1,1,1,2,5,3,2,2
SF,IF2005,2020-04-13 14:07:16.100,3727.8000,12057,0,6658199220.000,0,-,-,-,-,3728.0000,3727.8000,3727.6000,3727.2000,3726.4000,3728.8000,3729.0000,3729.6000,3729.8000,3730.0000,3,2,1,1,1,1,5,2,2,2
SF,IF2005,2020-04-13 14:07:16.600,3727.8000,12057,0,6658199220.000,0,-,-,-,-,3728.0000,3727.8000,3727.6000,3727.2000,3726.4000,3728.6000,3728.8000,3729.0000,3729.6000,3729.8000,3,2,1,1,1,3,2,5,2,2
SF,IF2005,2020-04-13 14:07:17.100,3727.8000,12057,0,6658199220.000,0,-,-,-,-,3728.0000,3727.6000,3727.2000,3726.4000,3725.8000,3728.6000,3728.8000,3729.0000,3729.6000,3729.8000,3,1,1,1,3,3,2,5,2,2
SF,IF2005,2020-04-13 14:07:17.600,3727.8000,12057,0,6658199220.000,0,-,-,-,-,3728.0000,3727.6000,3727.2000,3726.4000,3725.8000,3728.6000,3728.8000,3729.0000,3729.6000,3729.8000,3,1,1,1,3,3,1,5,2,2
SF,IF2005,2020-04-13 14:07:18.100,3727.8000,12057,0,6658199220.000,0,-,-,-,-,3728.0000,3727.8000,3727.6000,3727.2000,3726.4000,3728.4000,3728.6000,3728.8000,3729.0000,3729.6000,3,2,1,1,1,1,3,1,5,2
SF,IF2005,2020-04-13 14:07:18.600,3727.8000,12057,0,6658199220.000,0,-,-,-,-,3728.0000,3727.8000,3727.6000,3727.2000,3726.4000,3728.6000,3728.8000,3729.0000,3729.6000,3729.8000,3,2,1,1,1,3,1,5,2,2
SF,IF2005,2020-04-13 14:07:21.600,3727.8000,12060,3,6661554240.000,3,3,0,双开,B,3727.8000,3727.6000,3727.2000,3726.4000,3725.8000,3728.8000,3729.0000,3729.6000,3729.8000,3730.0000,2,1,1,1,3,1,5,2,2,2
SF,IF2005,2020-04-13 14:07:22.100,3727.8000,12060,0,6661554240.000,0,-,-,-,-,3727.8000,3727.6000,3727.2000,3726.4000,3725.8000,3728.4000,3728.6000,3728.8000,3729.0000,3729.6000,2,1,1,1,4,1,3,1,5,2
SF,IF2005,2020-04-13 14:07:22.600,3727.8000,12060,0,6661554240.000,0,-,-,-,-,3727.6000,3727.2000,3726.4000,3725.8000,3725.6000,3728.4000,3728.6000,3728.8000,3729.0000,3729.6000,1,1,1,4,1,1,2,1,5,2
SF,IF2005,2020-04-13 14:07:23.100,3727.8000,12060,0,6661554240.000,0,-,-,-,-,3727.8000,3727.6000,3727.2000,3726.4000,3725.8000,3728.2000,3728.4000,3728.6000,3728.8000,3729.0000,2,1,1,1,4,1,1,2,1,5
SF,IF2005,2020-04-13 14:07:24.100,3727.8000,12060,0,6661554240.000,0,-,-,-,-,3727.8000,3727.6000,3727.2000,3726.4000,3725.8000,3728.2000,3728.4000,3728.6000,3728.8000,3729.0000,2,1,1,1,4,1,1,2,1,5
SF,IF2005,2020-04-13 14:07:25.100,3728.2000,12061,1,6662672700.000,1,1,0,双开,B,3727.8000,3727.6000,3727.2000,3726.4000,3725.8000,3728.2000,3728.4000,3728.6000,3728.8000,3729.0000,2,1,1,1,4,1,1,2,1,5
SF,IF2005,2020-04-13 14:07:26.100,3728.2000,12061,0,6662672700.000,0,-,-,-,-,3727.8000,3727.6000,3727.2000,3726.4000,3725.8000,3728.2000,3728.4000,3728.6000,3728.8000,3729.0000,2,1,1,1,4,1,1,2,1,5
SF,IF2005,2020-04-13 14:07:27.100,3728.2000,12061,0,6662672700.000,0,-,-,-,-,3727.8000,3727.6000,3727.2000,3726.4000,3725.8000,3728.2000,3728.4000,3728.6000,3728.8000,3729.6000,2,1,1,1,4,1,1,2,1,2
SF,IF2005,2020-04-13 14:07:27.600,3728.2000,12061,0,6662672700.000,0,-,-,-,-,3727.8000,3727.6000,3727.2000,3726.4000,3725.8000,3728.0000,3728.4000,3728.6000,3728.8000,3729.6000,2,1,1,1,4,1,1,2,1,2
SF,IF2005,2020-04-13 14:07:28.100,3728.2000,12061,0,6662672700.000,0,-,-,-,-,3727.6000,3727.2000,3726.4000,3725.8000,3725.6000,3728.0000,3728.2000,3728.4000,3728.6000,3728.8000,1,1,1,4,1,1,1,1,2,1
SF,IF2005,2020-04-13 14:07:28.600,3728.2000,12062,1,6663791160.000,1,1,0,双开,B,3728.2000,3727.6000,3726.4000,3725.8000,3725.6000,3728.4000,3728.6000,3728.8000,3729.6000,3729.8000,1,1,1,4,1,1,2,1,2,2
SF,IF2005,2020-04-13 14:07:29.100,3728.2000,12062,0,6664909620.000,1,0,1,空换,B,3727.6000,3726.4000,3725.8000,3725.6000,3725.4000,3728.0000,3728.2000,3728.4000,3728.6000,3728.8000,1,1,4,1,4,1,3,2,2,1
SF,IF2005,2020-04-13 14:07:29.600,3728.2000,12062,0,6664909620.000,0,-,-,-,-,3727.6000,3726.4000,3725.8000,3725.6000,3725.2000,3727.8000,3728.2000,3728.4000,3728.6000,3728.8000,1,1,3,1,8,1,1,1,2,1
SF,IF2005,2020-04-13 14:07:30.100,3727.6000,12063,1,6666027900.000,1,1,0,双开,B,3726.4000,3725.8000,3725.6000,3725.2000,3725.0000,3727.8000,3728.2000,3728.4000,3728.6000,3728.8000,1,3,1,8,4,1,1,1,2,1
SF,IF2005,2020-04-13 14:07:30.600,3727.6000,12063,0,6666027900.000,0,-,-,-,-,3726.6000,3726.4000,3725.8000,3725.6000,3725.2000,3727.8000,3728.2000,3728.4000,3728.6000,3728.8000,7,1,3,1,8,1,1,1,2,1
SF,IF2005,2020-04-13 14:07:31.100,3727.6000,12063,0,6666027900.000,0,-,-,-,-,3726.6000,3726.4000,3725.8000,3725.6000,3725.2000,3728.2000,3728.4000,3728.6000,3728.8000,3729.6000,8,1,1,1,8,1,1,2,1,2
SF,IF2005,2020-04-13 14:07:31.600,3727.6000,12063,0,6666027900.000,0,-,-,-,-,3726.6000,3726.4000,3725.8000,3725.6000,3725.2000,3727.6000,3728.0000,3728.2000,3728.4000,3728.8000,7,1,1,1,8,1,11,1,1,1
SF,IF2005,2020-04-13 14:07:32.100,3727.6000,12063,0,6666027900.000,0,-,-,-,-,3726.6000,3726.4000,3725.8000,3725.2000,3725.0000,3727.6000,3727.8000,3728.0000,3728.2000,3728.4000,4,1,1,8,4,1,1,11,1,1
SF,IF2005,2020-04-13 14:07:32.600,3727.6000,12063,0,6666027900.000,0,-,-,-,-,3726.6000,3726.4000,3725.8000,3725.2000,3725.0000,3727.4000,3727.6000,3727.8000,3728.0000,3728.2000,4,1,1,8,4,3,1,1,8,1
SF,IF2005,2020-04-13 14:07:33.100,3727.6000,12063,0,6666027900.000,0,-,-,-,-,3726.6000,3726.4000,3725.8000,3725.2000,3725.0000,3727.4000,3727.6000,3727.8000,3728.0000,3728.2000,4,1,1,8,4,2,1,1,8,1
SF,IF2005,2020-04-13 14:07:33.600,3727.6000,12063,0,6666027900.000,0,-,-,-,-,3726.6000,3726.4000,3725.8000,3725.0000,3724.8000,3727.4000,3727.6000,3728.0000,3728.2000,3728.4000,4,1,1,4,1,2,1,8,1,1
SF,IF2005,2020-04-13 14:07:34.100,3727.6000,12063,0,6666027900.000,0,-,-,-,-,3726.6000,3726.4000,3725.8000,3725.0000,3724.8000,3727.2000,3727.4000,3727.6000,3728.0000,3728.2000,4,1,1,4,1,1,2,1,8,1
SF,IF2005,2020-04-13 14:07:34.600,3727.6000,12063,0,6666027900.000,0,-,-,-,-,3726.6000,3726.4000,3725.8000,3725.0000,3724.8000,3727.2000,3727.4000,3727.6000,3728.0000,3728.4000,2,1,1,4,1,2,2,1,8,1
SF,IF2005,2020-04-13 14:07:35.100,3727.6000,12063,0,6666027900.000,0,-,-,-,-,3726.6000,3726.4000,3725.8000,3725.0000,3724.8000,3727.2000,3727.4000,3727.6000,3728.0000,3728.4000,2,1,1,4,1,1,2,1,8,1
SF,IF2005,2020-04-13 14:07:35.600,3727.6000,12063,0,6666027900.000,0,-,-,-,-,3726.4000,3725.8000,3725.0000,3724.8000,3723.8000,3727.2000,3727.4000,3727.6000,3728.0000,3728.4000,1,1,4,1,11,1,2,1,8,1
SF,IF2005,2020-04-13 14:07:36.100,3727.6000,12063,0,6666027900.000,0,-,-,-,-,3726.4000,3725.8000,3725.0000,3724.8000,3723.8000,3727.2000,3727.4000,3727.6000,3728.0000,3728.4000,1,1,4,1,11,1,2,1,8,1
SF,IF2005,2020-04-13 14:07:36.600,3727.6000,12063,0,6666027900.000,0,-,-,-,-,3726.4000,3725.8000,3725.0000,3724.8000,3723.8000,3727.2000,3727.4000,3728.0000,3728.4000,3728.8000,1,1,4,1,11,1,2,7,1,1
SF,IF2005,2020-04-13 14:07:37.100,3727.6000,12063,0,6666027900.000,0,-,-,-,-,3726.4000,3725.8000,3725.0000,3724.8000,3723.8000,3727.2000,3727.4000,3728.0000,3728.4000,3728.8000,1,1,4,1,11,2,2,7,1,1
SF,IF2005,2020-04-13 14:07:37.600,3727.6000,12063,0,6666027900.000,0,-,-,-,-,3726.4000,3725.8000,3725.0000,3724.8000,3724.0000,3727.2000,3727.4000,3728.0000,3728.4000,3728.8000,1,1,2,1,2,2,2,7,1,1
SF,IF2005,2020-04-13 14:07:38.100,3727.4000,12064,1,6667146120.000,1,1,0,双开,B,3726.6000,3726.4000,3725.8000,3725.0000,3724.8000,3727.0000,3727.2000,3727.4000,3728.0000,3728.4000,3,1,1,2,1,1,1,2,2,1
SF,IF2005,2020-04-13 14:07:38.600,3727.0000,12065,1,6668264220.000,1,1,0,双开,B,3726.6000,3726.4000,3725.8000,3725.0000,3724.8000,3727.0000,3727.4000,3728.0000,3728.4000,3728.8000,3,1,1,2,1,1,2,2,1,1
SF,IF2005,2020-04-13 14:07:39.100,3727.0000,12066,1,6669382320.000,1,1,0,双开,B,3726.6000,3726.4000,3725.8000,3725.0000,3724.8000,3727.4000,3728.0000,3728.4000,3729.2000,3729.4000,3,1,1,2,1,2,2,1,1,1
SF,IF2005,2020-04-13 14:07:39.600,3727.0000,12066,0,6669382320.000,0,-,-,-,-,3726.6000,3726.4000,3725.8000,3725.0000,3724.8000,3728.0000,3728.4000,3729.2000,3729.4000,3729.6000,3,1,1,2,1,2,1,1,1,3
SF,IF2005,2020-04-13 14:07:40.100,3727.0000,12066,0,6669382320.000,0,-,-,-,-,3726.8000,3726.6000,3726.4000,3725.8000,3725.0000,3728.4000,3729.2000,3729.4000,3729.6000,3729.8000,3,3,1,1,2,1,1,1,3,2
SF,IF2005,2020-04-13 14:07:40.600,3727.0000,12066,0,6669382320.000,0,-,-,-,-,3726.8000,3726.6000,3726.4000,3725.8000,3725.0000,3728.2000,3728.4000,3729.2000,3729.4000,3729.6000,3,3,1,1,2,2,1,1,1,3
SF,IF2005,2020-04-13 14:07:41.100,3727.0000,12066,0,6669382320.000,0,-,-,-,-,3727.0000,3726.8000,3726.6000,3726.4000,3725.8000,3728.2000,3728.4000,3729.4000,3729.6000,3729.8000,2,3,2,1,1,4,1,1,2,2
SF,IF2005,2020-04-13 14:07:41.600,3727.0000,12066,0,6669382320.000,0,-,-,-,-,3727.0000,3726.8000,3726.6000,3726.4000,3725.8000,3728.2000,3728.4000,3729.4000,3729.6000,3729.8000,2,3,2,1,1,5,1,1,2,2
SF,IF2005,2020-04-13 14:07:42.100,3727.0000,12066,0,6669382320.000,0,-,-,-,-,3727.0000,3726.8000,3726.6000,3726.4000,3725.8000,3728.2000,3728.4000,3729.4000,3729.6000,3729.8000,1,3,2,1,1,4,1,1,2,2
SF,IF2005,2020-04-13 14:07:42.600,3727.0000,12066,0,6669382320.000,0,-,-,-,-,3726.8000,3726.6000,3726.4000,3725.8000,3725.0000,3727.8000,3728.2000,3728.4000,3729.4000,3729.6000,3,2,1,1,2,2,3,1,1,2
SF,IF2005,2020-04-13 14:07:43.100,3727.0000,12066,0,6669382320.000,0,-,-,-,-,3727.0000,3726.8000,3726.6000,3726.4000,3725.8000,3727.8000,3728.2000,3728.4000,3729.4000,3729.6000,1,3,2,1,1,1,3,1,1,2
SF,IF2005,2020-04-13 14:07:43.600,3727.0000,12066,0,6669382320.000,0,-,-,-,-,3727.0000,3726.8000,3726.6000,3726.4000,3725.8000,3727.8000,3728.2000,3728.4000,3729.4000,3729.6000,2,3,2,1,1,2,3,1,1,2
SF,IF2005,2020-04-13 14:07:44.100,3727.0000,12066,0,6669382320.000,0,-,-,-,-,3727.0000,3726.8000,3726.6000,3726.4000,3725.8000,3727.8000,3728.2000,3728.4000,3729.4000,3729.6000,2,3,2,1,1,1,3,1,1,2
SF,IF2005,2020-04-13 14:07:44.600,3727.0000,12066,0,6669382320.000,0,-,-,-,-,3727.0000,3726.8000,3726.6000,3726.4000,3725.8000,3727.8000,3728.2000,3728.4000,3729.4000,3729.6000,1,3,2,1,1,1,3,1,1,2
SF,IF2005,2020-04-13 14:07:45.100,3727.0000,12066,0,6669382320.000,0,-,-,-,-,3727.0000,3726.8000,3726.6000,3726.4000,3725.8000,3727.8000,3728.2000,3728.4000,3729.4000,3729.6000,1,3,2,1,1,1,3,1,1,2
SF,IF2005,2020-04-13 14:07:45.600,3727.0000,12066,0,6669382320.000,0,-,-,-,-,3727.0000,3726.8000,3726.6000,3726.4000,3725.8000,3727.8000,3728.2000,3728.4000,3729.4000,3729.6000,1,3,2,1,1,1,3,1,1,2
SF,IF2005,2020-04-13 14:07:46.100,3727.0000,12066,0,6669382320.000,0,-,-,-,-,3727.0000,3726.8000,3726.6000,3726.4000,3725.8000,3727.8000,3728.2000,3728.4000,3729.4000,3729.6000,1,3,2,1,1,1,3,1,1,2
SF,IF2005,2020-04-13 14:07:46.600,3727.0000,12066,0,6669382320.000,0,-,-,-,-,3727.0000,3726.8000,3726.6000,3726.4000,3725.8000,3727.8000,3728.2000,3728.4000,3729.4000,3729.6000,1,3,2,1,1,1,3,1,1,2
SF,IF2005,2020-04-13 14:07:47.100,3727.0000,12066,0,6669382320.000,0,-,-,-,-,3727.0000,3726.8000,3726.6000,3726.4000,3725.8000,3727.8000,3728.2000,3728.4000,3729.4000,3729.6000,1,3,2,1,1,1,3,1,1,2
SF,IF2005,2020-04-13 14:07:47.600,3727.0000,12066,0,6669382320.000,0,-,-,-,-,3727.0000,3726.8000,3726.6000,3726.4000,3725.8000,3727.8000,3728.2000,3728.4000,3729.4000,3729.6000,1,3,2,1,1,1,3,1,1,2
SF,IF2005,2020-04-13 14:07:48.100,3727.0000,12066,0,6669382320.000,0,-,-,-,-,3727.0000,3726.8000,3726.6000,3726.4000,3725.8000,3727.8000,3728.2000,3728.4000,3729.4000,3729.6000,1,3,2,1,1,1,3,1,1,2
SF,IF2005,2020-04-13 14:07:48.600,3727.0000,12066,0,6669382320.000,0,-,-,-,-,3727.0000,3726.8000,3726.6000,3726.4000,3725.8000,3727.8000,3728.2000,3728.4000,3729.4000,3729.6000,1,3,2,1,1,1,3,1,1,2
SF,IF2005,2020-04-13 14:07:49.100,3727.0000,12066,0,6669382320.000,0,-,-,-,-,3727.2000,3727.0000,3726.8000,3726.6000,3726.4000,3727.8000,3728.2000,3728.4000,3729.4000,3729.6000,1,1,3,2,1,1,3,1,1,2
SF,IF2005,2020-04-13 14:07:49.600,3727.0000,12066,0,6669382320.000,0,-,-,-,-,3727.2000,3727.0000,3726.8000,3726.6000,3726.4000,3728.2000,3728.4000,3729.4000,3729.6000,3729.8000,1,1,3,2,1,3,1,1,2,2
SF,IF2005,2020-04-13 14:07:50.100,3727.0000,12066,0,6669382320.000,0,-,-,-,-,3727.2000,3727.0000,3726.8000,3726.6000,3726.4000,3728.2000,3728.4000,3729.4000,3729.6000,3729.8000,1,1,3,2,1,4,1,1,2,2
SF,IF2005,2020-04-13 14:07:50.600,3727.0000,12066,0,6669382320.000,0,-,-,-,-,3727.2000,3727.0000,3726.8000,3726.6000,3726.4000,3728.2000,3728.4000,3729.4000,3729.6000,3729.8000,1,1,2,2,1,3,1,1,2,2
SF,IF2005,2020-04-13 14:07:51.100,3727.0000,12066,0,6669382320.000,0,-,-,-,-,3727.4000,3727.2000,3727.0000,3726.4000,3725.8000,3728.4000,3729.4000,3729.6000,3729.8000,3730.0000,4,1,1,1,1,1,1,2,2,1
SF,IF2005,2020-04-13 14:07:51.600,3727.0000,12066,0,6669382320.000,0,-,-,-,-,3727.4000,3727.2000,3727.0000,3726.4000,3725.8000,3728.4000,3729.4000,3729.6000,3729.8000,3730.0000,4,1,1,1,1,1,1,2,2,1
SF,IF2005,2020-04-13 14:07:52.100,3727.0000,12066,0,6669382320.000,0,-,-,-,-,3727.8000,3727.4000,3727.2000,3727.0000,3726.4000,3728.4000,3729.4000,3729.6000,3729.8000,3730.0000,1,4,1,1,1,1,1,2,2,1
SF,IF2005,2020-04-13 14:07:52.600,3727.0000,12066,0,6669382320.000,0,-,-,-,-,3727.4000,3727.2000,3727.0000,3726.4000,3725.8000,3728.4000,3729.4000,3729.6000,3729.8000,3730.0000,4,1,1,1,1,1,1,2,2,1
SF,IF2005,2020-04-13 14:07:53.100,3727.0000,12066,0,6669382320.000,0,-,-,-,-,3727.4000,3727.2000,3727.0000,3726.4000,3725.8000,3728.2000,3728.4000,3729.6000,3729.8000,3730.0000,4,1,1,1,1,2,1,2,2,1
SF,IF2005,2020-04-13 14:07:53.600,3727.0000,12066,0,6669382320.000,0,-,-,-,-,3727.2000,3727.0000,3726.4000,3725.8000,3725.0000,3728.2000,3728.4000,3729.6000,3729.8000,3730.0000,1,1,1,1,6,2,1,2,2,1
SF,IF2005,2020-04-13 14:07:54.100,3728.2000,12068,2,6671619240.000,2,2,0,双开,B,3727.2000,3727.0000,3726.4000,3725.8000,3725.0000,3728.4000,3729.6000,3729.8000,3730.0000,3730.2000,1,1,1,1,6,1,2,2,1,7
SF,IF2005,2020-04-13 14:07:54.600,3728.2000,12068,0,6671619240.000,0,-,-,-,-,3727.4000,3727.0000,3726.4000,3725.8000,3725.0000,3728.2000,3728.4000,3729.6000,3729.8000,3730.0000,3,1,1,1,6,1,2,2,3,1
SF,IF2005,2020-04-13 14:07:55.100,3728.2000,12068,0,6671619240.000,0,-,-,-,-,3727.4000,3727.0000,3726.4000,3725.8000,3725.0000,3728.2000,3728.4000,3729.6000,3729.8000,3730.0000,3,1,1,1,6,1,1,2,3,1
SF,IF2005,2020-04-13 14:07:55.600,3728.2000,12068,0,6671619240.000,0,-,-,-,-,3727.4000,3727.0000,3726.4000,3725.8000,3725.0000,3728.2000,3728.4000,3729.6000,3729.8000,3730.0000,3,1,1,1,6,1,1,2,3,1
SF,IF2005,2020-04-13 14:07:56.100,3728.2000,12068,0,6671619240.000,0,-,-,-,-,3727.4000,3727.0000,3726.4000,3725.8000,3725.0000,3728.2000,3728.4000,3729.6000,3729.8000,3730.0000,3,1,1,1,6,2,1,2,3,1
SF,IF2005,2020-04-13 14:07:56.600,3728.2000,12068,0,6671619240.000,0,-,-,-,-,3727.4000,3727.0000,3726.4000,3725.8000,3725.0000,3728.2000,3728.4000,3729.6000,3729.8000,3730.0000,3,1,1,1,6,1,1,2,3,1
SF,IF2005,2020-04-13 14:07:57.100,3728.2000,12068,0,6671619240.000,0,-,-,-,-,3727.4000,3727.0000,3726.4000,3725.8000,3725.0000,3728.2000,3728.4000,3729.6000,3729.8000,3730.0000,3,1,1,1,6,1,1,2,3,1
SF,IF2005,2020-04-13 14:07:57.600,3728.2000,12068,0,6671619240.000,0,-,-,-,-,3727.4000,3727.0000,3726.4000,3725.8000,3725.0000,3728.2000,3728.4000,3729.6000,3729.8000,3730.0000,3,1,1,1,6,1,1,2,3,1
SF,IF2005,2020-04-13 14:07:58.100,3728.2000,12068,0,6671619240.000,0,-,-,-,-,3727.4000,3727.0000,3726.4000,3725.8000,3725.0000,3728.2000,3728.4000,3729.6000,3729.8000,3730.0000,3,1,1,1,6,2,1,2,3,1
SF,IF2005,2020-04-13 14:07:58.600,3728.2000,12068,0,6671619240.000,0,-,-,-,-,3727.4000,3727.0000,3726.4000,3725.8000,3725.0000,3728.2000,3728.4000,3729.6000,3729.8000,3730.0000,3,2,1,1,6,1,1,2,3,1
SF,IF2005,2020-04-13 14:07:59.100,3728.2000,12068,0,6671619240.000,0,-,-,-,-,3727.4000,3727.0000,3726.4000,3725.8000,3725.0000,3728.2000,3728.4000,3729.6000,3729.8000,3730.0000,3,2,1,1,6,2,1,2,3,1
SF,IF2005,2020-04-13 14:08:01.100,3727.4000,12069,1,6672737460.000,1,1,0,双开,B,3727.4000,3727.0000,3726.4000,3725.8000,3725.0000,3728.2000,3728.4000,3729.6000,3729.8000,3730.0000,2,2,1,1,6,2,1,2,3,1
SF,IF2005,2020-04-13 14:08:01.600,3727.4000,12069,0,6672737460.000,0,-,-,-,-,3727.4000,3727.0000,3726.4000,3725.8000,3725.0000,3728.0000,3728.2000,3728.4000,3729.6000,3729.8000,1,2,1,1,6,1,2,1,2,3
SF,IF2005,2020-04-13 14:08:02.100,3727.4000,12069,0,6672737460.000,0,-,-,-,-,3727.4000,3727.2000,3727.0000,3726.4000,3725.8000,3728.0000,3728.2000,3728.4000,3729.6000,3729.8000,1,1,2,1,1,1,2,1,2,3
SF,IF2005,2020-04-13 14:08:02.600,3727.4000,12070,1,6673855680.000,1,1,0,双开,B,3727.2000,3727.0000,3726.4000,3725.8000,3725.0000,3728.0000,3728.2000,3729.6000,3729.8000,3730.0000,1,2,1,1,6,1,2,2,3,1
SF,IF2005,2020-04-13 14:08:07.100,3727.4000,12070,0,6673855680.000,0,-,-,-,-,3727.2000,3727.0000,3726.4000,3725.8000,3725.0000,3728.0000,3728.2000,3729.6000,3729.8000,3730.0000,1,2,1,1,6,1,2,3,3,1
SF,IF2005,2020-04-13 14:08:10.100,3727.4000,12070,0,6673855680.000,0,-,-,-,-,3727.2000,3727.0000,3726.4000,3725.8000,3725.0000,3728.0000,3728.2000,3729.6000,3729.8000,3730.0000,1,2,1,1,6,1,2,3,4,1
SF,IF2005,2020-04-13 14:08:12.600,3727.4000,12070,0,6673855680.000,0,-,-,-,-,3727.4000,3727.2000,3727.0000,3726.4000,3725.8000,3728.0000,3728.2000,3729.6000,3729.8000,3730.0000,2,1,2,1,1,1,2,3,4,1
SF,IF2005,2020-04-13 14:08:17.600,3727.4000,12070,0,6673855680.000,0,-,-,-,-,3727.2000,3727.0000,3726.4000,3725.8000,3725.0000,3728.0000,3728.2000,3729.6000,3729.8000,3730.0000,1,2,1,1,6,1,2,3,4,1
SF,IF2005,2020-04-13 14:08:18.100,3727.4000,12070,0,6673855680.000,0,-,-,-,-,3727.2000,3727.0000,3726.4000,3725.8000,3725.0000,3728.0000,3728.2000,3729.6000,3729.8000,3730.0000,1,2,1,1,6,1,2,3,4,1
SF,IF2005,2020-04-13 14:08:18.600,3727.4000,12070,0,6673855680.000,0,-,-,-,-,3727.4000,3727.2000,3727.0000,3726.4000,3725.8000,3727.6000,3728.0000,3728.2000,3729.6000,3729.8000,2,1,2,1,1,1,1,2,2,4
SF,IF2005,2020-04-13 14:08:19.100,3727.4000,12070,0,6673855680.000,0,-,-,-,-,3727.6000,3727.4000,3727.2000,3727.0000,3726.4000,3728.0000,3728.2000,3729.6000,3729.8000,3730.0000,4,2,1,2,1,1,2,2,4,1
SF,IF2005,2020-04-13 14:08:19.600,3727.4000,12070,0,6673855680.000,0,-,-,-,-,3727.4000,3727.2000,3727.0000,3726.4000,3725.8000,3728.0000,3728.2000,3729.6000,3729.8000,3730.0000,2,1,2,1,1,1,2,2,4,1
SF,IF2005,2020-04-13 14:08:20.100,3728.0000,12071,1,6674974080.000,1,1,0,双开,B,3728.0000,3727.4000,3727.2000,3727.0000,3726.4000,3728.2000,3729.6000,3729.8000,3730.0000,3730.2000,1,2,1,2,1,2,2,4,1,5
SF,IF2005,2020-04-13 14:08:20.600,3728.0000,12071,0,6674974080.000,0,-,-,-,-,3727.4000,3727.2000,3727.0000,3726.4000,3725.8000,3728.2000,3729.6000,3729.8000,3730.0000,3730.2000,2,1,2,1,1,2,2,4,1,5
SF,IF2005,2020-04-13 14:08:21.600,3728.0000,12071,0,6674974080.000,0,-,-,-,-,3727.4000,3727.2000,3727.0000,3726.4000,3725.8000,3728.2000,3729.6000,3729.8000,3730.0000,3730.2000,2,1,2,1,1,2,2,4,1,5
SF,IF2005,2020-04-13 14:08:23.100,3728.0000,12071,0,6674974080.000,0,-,-,-,-,3727.2000,3727.0000,3726.4000,3725.8000,3725.0000,3727.8000,3728.0000,3728.2000,3729.6000,3729.8000,1,2,1,1,2,1,5,2,2,4
SF,IF2005,2020-04-13 14:08:23.600,3728.0000,12072,1,6680565840.000,5,3,2,多开,B,3727.2000,3727.0000,3726.4000,3725.8000,3725.0000,3727.8000,3728.0000,3728.2000,3729.6000,3729.8000,1,2,1,1,2,1,4,2,2,4
SF,IF2005,2020-04-13 14:08:24.100,3728.0000,12072,0,6680565840.000,0,-,-,-,-,3727.2000,3727.0000,3726.4000,3725.8000,3725.0000,3728.2000,3729.6000,3729.8000,3730.0000,3730.2000,1,2,1,1,2,2,2,4,1,5
SF,IF2005,2020-04-13 14:08:24.600,3728.0000,12072,0,6680565840.000,0,-,-,-,-,3727.2000,3727.0000,3726.4000,3725.8000,3725.0000,3728.2000,3729.6000,3729.8000,3730.0000,3730.2000,1,2,1,1,2,2,2,4,1,5
SF,IF2005,2020-04-13 14:08:25.100,3728.0000,12072,0,6680565840.000,0,-,-,-,-,3727.2000,3727.0000,3726.4000,3725.8000,3725.0000,3727.8000,3728.0000,3728.2000,3729.6000,3729.8000,2,2,1,1,2,1,2,2,2,4
SF,IF2005,2020-04-13 14:08:27.600,3728.0000,12072,0,6680565840.000,0,-,-,-,-,3727.2000,3727.0000,3726.4000,3725.8000,3725.0000,3728.0000,3728.2000,3729.6000,3729.8000,3730.0000,2,2,1,1,2,2,2,2,4,1
SF,IF2005,2020-04-13 14:08:28.100,3728.0000,12072,0,6680565840.000,0,-,-,-,-,3727.4000,3727.2000,3727.0000,3726.4000,3725.8000,3728.2000,3729.6000,3729.8000,3730.0000,3730.2000,1,2,2,1,1,2,2,4,1,5
SF,IF2005,2020-04-13 14:08:28.600,3728.0000,12072,0,6680565840.000,0,-,-,-,-,3727.2000,3727.0000,3726.4000,3725.8000,3725.0000,3728.2000,3729.6000,3729.8000,3730.0000,3730.2000,2,2,1,1,2,2,2,4,1,5
SF,IF2005,2020-04-13 14:08:32.600,3728.0000,12072,0,6680565840.000,0,-,-,-,-,3727.2000,3727.0000,3726.4000,3725.8000,3725.0000,3727.8000,3728.2000,3729.6000,3729.8000,3730.0000,2,2,1,1,2,1,2,2,4,1
SF,IF2005,2020-04-13 14:08:34.100,3728.0000,12072,0,6680565840.000,0,-,-,-,-,3727.2000,3727.0000,3726.4000,3725.8000,3725.0000,3727.8000,3728.2000,3729.6000,3729.8000,3730.0000,2,2,1,1,2,1,1,2,4,1
SF,IF2005,2020-04-13 14:08:34.600,3728.0000,12072,0,6680565840.000,0,-,-,-,-,3727.2000,3727.0000,3726.4000,3725.8000,3725.0000,3727.8000,3728.2000,3729.6000,3729.8000,3730.0000,2,2,1,1,2,2,1,2,4,1
SF,IF2005,2020-04-13 14:08:35.100,3728.0000,12072,0,6680565840.000,0,-,-,-,-,3727.2000,3727.0000,3726.4000,3725.8000,3725.0000,3728.2000,3729.2000,3729.6000,3729.8000,3730.0000,2,2,1,1,2,1,1,2,3,1
SF,IF2005,2020-04-13 14:08:35.600,3728.0000,12072,0,6680565840.000,0,-,-,-,-,3727.2000,3727.0000,3726.4000,3725.8000,3725.0000,3728.2000,3729.2000,3729.6000,3729.8000,3730.0000,2,2,1,1,2,1,1,2,3,1
SF,IF2005,2020-04-13 14:08:36.100,3728.0000,12072,0,6680565840.000,0,-,-,-,-,3727.2000,3727.0000,3726.4000,3725.8000,3725.0000,3727.8000,3728.2000,3729.2000,3729.6000,3729.8000,2,2,1,1,2,1,1,1,2,3
SF,IF2005,2020-04-13 14:08:36.600,3728.0000,12072,0,6680565840.000,0,-,-,-,-,3727.2000,3727.0000,3726.4000,3725.8000,3725.0000,3727.8000,3728.2000,3729.2000,3729.6000,3729.8000,2,2,1,1,2,1,1,1,2,3
SF,IF2005,2020-04-13 14:08:37.100,3728.0000,12072,0,6680565840.000,0,-,-,-,-,3727.2000,3727.0000,3726.4000,3725.8000,3725.0000,3727.8000,3728.2000,3729.2000,3729.6000,3729.8000,2,2,1,1,2,1,1,1,2,3
SF,IF2005,2020-04-13 14:08:37.600,3728.0000,12072,0,6680565840.000,0,-,-,-,-,3727.2000,3727.0000,3726.4000,3725.8000,3725.0000,3727.8000,3728.2000,3729.2000,3729.6000,3729.8000,2,2,1,1,2,2,1,1,2,3
SF,IF2005,2020-04-13 14:08:38.100,3728.0000,12072,0,6680565840.000,0,-,-,-,-,3727.2000,3727.0000,3726.4000,3725.8000,3725.0000,3727.8000,3728.2000,3729.2000,3729.6000,3729.8000,2,2,1,1,2,2,1,1,2,3
SF,IF2005,2020-04-13 14:08:38.600,3728.0000,12072,0,6680565840.000,0,-,-,-,-,3727.2000,3727.0000,3726.4000,3725.8000,3725.0000,3727.8000,3728.2000,3729.2000,3729.6000,3729.8000,2,2,1,1,2,1,1,1,2,3
SF,IF2005,2020-04-13 14:08:39.100,3728.0000,12072,0,6680565840.000,0,-,-,-,-,3727.2000,3727.0000,3726.4000,3725.8000,3725.0000,3727.8000,3728.2000,3729.2000,3729.6000,3729.8000,2,2,1,1,2,1,1,1,2,3
SF,IF2005,2020-04-13 14:08:39.600,3728.0000,12072,0,6680565840.000,0,-,-,-,-,3727.2000,3727.0000,3726.4000,3725.8000,3725.0000,3727.8000,3728.2000,3729.2000,3729.6000,3729.8000,2,2,1,1,2,1,1,1,2,3
SF,IF2005,2020-04-13 14:08:40.100,3728.0000,12072,0,6680565840.000,0,-,-,-,-,3727.2000,3727.0000,3726.4000,3725.8000,3725.0000,3727.8000,3728.2000,3729.2000,3729.6000,3729.8000,2,2,1,1,2,1,1,1,2,3
SF,IF2005,2020-04-13 14:08:40.600,3728.0000,12072,0,6680565840.000,0,-,-,-,-,3727.2000,3727.0000,3726.4000,3725.8000,3725.0000,3727.8000,3728.2000,3729.2000,3729.6000,3729.8000,2,2,1,1,2,1,1,1,2,3
SF,IF2005,2020-04-13 14:08:41.100,3728.0000,12072,0,6680565840.000,0,-,-,-,-,3727.2000,3727.0000,3726.4000,3725.8000,3725.0000,3728.2000,3729.2000,3729.6000,3729.8000,3730.0000,2,2,1,1,2,1,1,2,3,1
SF,IF2005,2020-04-13 14:08:41.600,3728.0000,12072,0,6680565840.000,0,-,-,-,-,3727.2000,3727.0000,3726.4000,3725.8000,3725.0000,3728.2000,3729.2000,3729.6000,3729.8000,3730.0000,2,2,1,1,2,2,1,2,3,1
SF,IF2005,2020-04-13 14:08:42.100,3728.0000,12072,0,6680565840.000,0,-,-,-,-,3727.2000,3727.0000,3726.4000,3725.8000,3725.0000,3728.2000,3729.2000,3729.6000,3729.8000,3730.0000,2,2,1,1,2,1,1,2,3,1
SF,IF2005,2020-04-13 14:08:42.600,3728.0000,12072,0,6680565840.000,0,-,-,-,-,3727.2000,3727.0000,3726.4000,3725.8000,3725.0000,3728.2000,3729.2000,3729.6000,3729.8000,3730.0000,2,2,1,1,2,1,1,2,3,1
SF,IF2005,2020-04-13 14:08:43.100,3727.4000,12073,1,6681684060.000,1,1,0,双开,B,3727.4000,3727.2000,3727.0000,3726.4000,3725.8000,3729.2000,3729.6000,3729.8000,3730.0000,3730.2000,3,2,2,1,1,1,2,3,1,5
SF,IF2005,2020-04-13 14:08:43.600,3727.4000,12073,0,6681684060.000,0,-,-,-,-,3727.4000,3727.2000,3727.0000,3726.4000,3725.8000,3728.8000,3729.0000,3729.2000,3729.6000,3729.8000,4,2,2,1,1,6,5,2,2,2
SF,IF2005,2020-04-13 14:08:44.100,3727.4000,12073,0,6681684060.000,0,-,-,-,-,3727.8000,3727.6000,3727.4000,3727.2000,3727.0000,3728.6000,3728.8000,3729.0000,3729.2000,3729.6000,1,1,3,2,2,2,1,3,1,2
SF,IF2005,2020-04-13 14:08:44.600,3727.4000,12073,0,6681684060.000,0,-,-,-,-,3727.8000,3727.6000,3727.4000,3727.2000,3727.0000,3728.6000,3728.8000,3729.0000,3729.2000,3729.6000,1,1,3,2,2,2,1,3,1,2
SF,IF2005,2020-04-13 14:08:45.100,3727.4000,12073,0,6681684060.000,0,-,-,-,-,3727.8000,3727.4000,3727.2000,3727.0000,3726.4000,3728.6000,3728.8000,3729.0000,3729.2000,3729.6000,1,3,2,2,1,2,1,3,1,2
SF,IF2005,2020-04-13 14:08:45.600,3727.4000,12073,0,6681684060.000,0,-,-,-,-,3727.8000,3727.4000,3727.2000,3727.0000,3726.4000,3728.6000,3728.8000,3729.0000,3729.2000,3729.6000,1,3,2,2,1,2,1,3,1,2
SF,IF2005,2020-04-13 14:08:46.600,3727.4000,12073,0,6681684060.000,0,-,-,-,-,3727.8000,3727.4000,3727.2000,3727.0000,3726.4000,3728.6000,3728.8000,3729.0000,3729.2000,3729.6000,1,3,2,2,1,2,1,3,1,2
SF,IF2005,2020-04-13 14:08:47.100,3727.4000,12073,0,6681684060.000,0,-,-,-,-,3727.8000,3727.4000,3727.2000,3727.0000,3726.4000,3728.6000,3728.8000,3729.0000,3729.2000,3729.6000,1,3,2,2,1,2,1,3,1,2
SF,IF2005,2020-04-13 14:08:47.600,3727.4000,12073,0,6681684060.000,0,-,-,-,-,3727.8000,3727.4000,3727.2000,3727.0000,3726.4000,3728.6000,3728.8000,3729.0000,3729.2000,3729.6000,1,3,2,2,1,2,1,3,1,2
SF,IF2005,2020-04-13 14:08:48.100,3727.4000,12073,0,6681684060.000,0,-,-,-,-,3727.8000,3727.4000,3727.2000,3727.0000,3726.4000,3728.6000,3728.8000,3729.0000,3729.2000,3729.6000,1,3,2,2,1,2,1,3,1,1
SF,IF2005,2020-04-13 14:08:48.600,3727.4000,12073,0,6681684060.000,0,-,-,-,-,3727.8000,3727.4000,3727.2000,3727.0000,3726.4000,3728.6000,3728.8000,3729.0000,3729.2000,3729.6000,1,3,2,2,1,2,1,3,1,1
SF,IF2005,2020-04-13 14:08:49.100,3727.4000,12073,0,6681684060.000,0,-,-,-,-,3728.0000,3727.8000,3727.4000,3727.2000,3727.0000,3728.8000,3729.0000,3729.2000,3729.6000,3729.8000,2,1,1,2,2,1,2,1,1,2
SF,IF2005,2020-04-13 14:08:49.600,3727.4000,12073,0,6681684060.000,0,-,-,-,-,3728.2000,3728.0000,3727.8000,3727.2000,3727.0000,3728.8000,3729.0000,3729.2000,3729.8000,3730.0000,1,2,1,2,2,1,2,1,2,2
SF,IF2005,2020-04-13 14:08:50.100,3727.4000,12073,0,6681684060.000,0,-,-,-,-,3728.2000,3728.0000,3727.2000,3727.0000,3726.4000,3729.0000,3729.2000,3729.8000,3730.0000,3730.2000,2,2,2,2,1,1,1,2,2,5
SF,IF2005,2020-04-13 14:08:50.600,3727.4000,12073,0,6681684060.000,0,-,-,-,-,3728.2000,3728.0000,3727.2000,3727.0000,3726.4000,3729.2000,3729.8000,3730.0000,3730.2000,3730.6000,2,2,2,2,1,1,2,2,5,3
SF,IF2005,2020-04-13 14:08:51.100,3727.4000,12073,0,6681684060.000,0,-,-,-,-,3728.2000,3728.0000,3727.2000,3727.0000,3726.4000,3729.2000,3729.8000,3730.0000,3730.2000,3730.6000,2,2,2,2,1,1,2,2,5,3
SF,IF2005,2020-04-13 14:08:51.600,3727.4000,12073,0,6681684060.000,0,-,-,-,-,3728.2000,3728.0000,3727.2000,3727.0000,3726.4000,3729.2000,3729.8000,3730.0000,3730.2000,3730.6000,2,2,2,2,1,1,1,2,5,3
SF,IF2005,2020-04-13 14:08:52.100,3727.4000,12073,0,6681684060.000,0,-,-,-,-,3728.2000,3728.0000,3727.2000,3727.0000,3726.4000,3729.2000,3729.8000,3730.0000,3730.2000,3730.6000,2,2,2,2,1,2,1,2,5,3
SF,IF2005,2020-04-13 14:08:52.600,3727.4000,12073,0,6681684060.000,0,-,-,-,-,3728.2000,3728.0000,3727.2000,3727.0000,3726.4000,3728.8000,3729.0000,3729.2000,3729.8000,3730.0000,1,2,2,2,1,1,4,1,1,2
SF,IF2005,2020-04-13 14:08:53.100,3727.4000,12073,0,6681684060.000,0,-,-,-,-,3728.0000,3727.2000,3727.0000,3726.4000,3726.0000,3728.8000,3729.0000,3729.2000,3729.8000,3730.0000,2,2,2,1,8,1,9,1,1,2
SF,IF2005,2020-04-13 14:08:53.600,3727.4000,12073,0,6681684060.000,0,-,-,-,-,3728.0000,3727.2000,3727.0000,3726.4000,3726.0000,3729.0000,3729.2000,3729.8000,3730.0000,3730.2000,3,2,2,1,8,4,1,1,2,5
SF,IF2005,2020-04-13 14:08:54.100,3727.4000,12073,0,6681684060.000,0,-,-,-,-,3728.0000,3727.2000,3727.0000,3726.4000,3726.0000,3729.0000,3729.2000,3729.8000,3730.0000,3730.2000,3,2,2,1,8,4,1,1,2,5
SF,IF2005,2020-04-13 14:08:54.600,3727.4000,12073,0,6681684060.000,0,-,-,-,-,3728.0000,3727.2000,3727.0000,3726.4000,3726.0000,3728.6000,3729.0000,3729.2000,3729.8000,3730.0000,3,2,2,1,8,1,5,1,1,2
SF,IF2005,2020-04-13 14:08:55.100,3727.4000,12073,0,6681684060.000,0,-,-,-,-,3728.0000,3727.2000,3727.0000,3726.4000,3726.0000,3728.6000,3728.8000,3729.0000,3729.2000,3729.8000,1,2,2,1,8,1,5,4,1,1
SF,IF2005,2020-04-13 14:08:55.600,3727.4000,12073,0,6681684060.000,0,-,-,-,-,3727.2000,3727.0000,3726.4000,3726.0000,3725.8000,3728.6000,3728.8000,3729.0000,3729.2000,3729.8000,2,2,1,8,1,1,5,3,1,1
SF,IF2005,2020-04-13 14:08:56.100,3727.4000,12073,0,6681684060.000,0,-,-,-,-,3727.4000,3727.2000,3727.0000,3726.4000,3725.8000,3728.6000,3728.8000,3729.2000,3729.8000,3730.0000,2,3,2,1,1,1,5,1,1,2
SF,IF2005,2020-04-13 14:08:56.600,3727.4000,12073,0,6681684060.000,0,-,-,-,-,3727.4000,3727.2000,3727.0000,3726.4000,3725.8000,3728.4000,3728.6000,3728.8000,3729.2000,3729.8000,3,2,2,1,1,3,1,5,1,1
SF,IF2005,2020-04-13 14:08:57.100,3727.4000,12073,0,6681684060.000,0,-,-,-,-,3727.4000,3727.2000,3727.0000,3726.4000,3725.8000,3728.4000,3728.6000,3728.8000,3729.2000,3729.8000,3,2,2,1,1,3,1,5,1,1
SF,IF2005,2020-04-13 14:08:57.600,3727.4000,12073,0,6681684060.000,0,-,-,-,-,3727.4000,3727.2000,3727.0000,3726.4000,3725.8000,3728.4000,3728.6000,3728.8000,3729.2000,3729.8000,3,2,2,1,1,3,1,5,1,1
SF,IF2005,2020-04-13 14:08:58.100,3727.4000,12073,0,6681684060.000,0,-,-,-,-,3727.6000,3727.4000,3727.2000,3727.0000,3726.4000,3728.4000,3728.8000,3729.2000,3729.4000,3729.8000,1,3,2,2,1,3,5,1,1,1
SF,IF2005,2020-04-13 14:08:58.600,3727.4000,12073,0,6681684060.000,0,-,-,-,-,3727.8000,3727.6000,3727.2000,3727.0000,3726.4000,3728.4000,3729.2000,3729.4000,3729.8000,3730.0000,2,2,2,2,1,1,1,1,1,2
SF,IF2005,2020-04-13 14:08:59.100,3727.4000,12073,0,6681684060.000,0,-,-,-,-,3727.8000,3727.6000,3727.2000,3727.0000,3726.4000,3728.4000,3729.2000,3729.4000,3729.8000,3730.0000,3,1,2,2,1,1,1,1,1,2
SF,IF2005,2020-04-13 14:09:12.600,3727.4000,12073,0,6681684060.000,0,-,-,-,-,3727.8000,3727.6000,3727.4000,3727.2000,3727.0000,3728.4000,3729.2000,3729.4000,3729.8000,3730.0000,3,1,2,2,2,1,1,1,1,2
SF,IF2005,2020-04-13 14:09:17.100,3728.4000,12073,0,6682802580.000,1,0,1,空换,B,3728.4000,3728.0000,3727.8000,3727.6000,3727.4000,3729.2000,3729.4000,3729.8000,3730.0000,3730.2000,1,3,4,1,2,1,1,1,2,5
SF,IF2005,2020-04-13 14:09:17.600,3728.4000,12074,1,6683921100.000,1,1,0,双开,B,3727.8000,3727.6000,3727.2000,3727.0000,3726.4000,3728.8000,3729.0000,3729.2000,3729.8000,3730.0000,2,1,2,2,1,2,8,1,1,2
SF,IF2005,2020-04-13 14:09:18.100,3728.4000,12074,0,6683921100.000,0,-,-,-,-,3727.8000,3727.6000,3727.2000,3727.0000,3726.4000,3728.6000,3728.8000,3729.0000,3729.2000,3729.8000,1,1,2,2,1,3,5,8,1,1
SF,IF2005,2020-04-13 14:09:18.600,3728.4000,12074,0,6683921100.000,0,-,-,-,-,3728.4000,3727.8000,3727.6000,3727.2000,3727.0000,3728.6000,3728.8000,3729.0000,3729.2000,3729.8000,2,1,1,2,2,3,5,7,1,1
SF,IF2005,2020-04-13 14:09:19.100,3728.4000,12074,0,6683921100.000,0,-,-,-,-,3728.4000,3727.6000,3727.2000,3727.0000,3726.4000,3728.6000,3728.8000,3729.0000,3729.2000,3729.8000,2,1,2,2,1,2,1,1,1,1
SF,IF2005,2020-04-13 14:09:19.600,3728.4000,12074,0,6683921100.000,0,-,-,-,-,3728.4000,3727.6000,3727.2000,3727.0000,3726.4000,3728.8000,3729.0000,3729.2000,3729.8000,3730.0000,2,1,2,2,1,1,1,1,1,3
SF,IF2005,2020-04-13 14:09:20.100,3728.4000,12074,0,6683921100.000,0,-,-,-,-,3728.4000,3727.2000,3727.0000,3726.4000,3725.8000,3728.8000,3729.0000,3729.2000,3729.8000,3730.0000,2,2,2,1,1,1,1,1,1,3
SF,IF2005,2020-04-13 14:09:20.600,3728.4000,12074,0,6683921100.000,0,-,-,-,-,3728.4000,3727.2000,3727.0000,3726.4000,3725.8000,3728.8000,3729.0000,3729.2000,3729.8000,3730.0000,3,2,2,1,1,1,1,1,1,3
SF,IF2005,2020-04-13 14:09:21.100,3728.4000,12074,0,6683921100.000,0,-,-,-,-,3728.4000,3727.2000,3727.0000,3726.4000,3725.8000,3728.8000,3729.0000,3729.2000,3729.8000,3730.0000,2,2,2,1,1,1,1,1,1,3
SF,IF2005,2020-04-13 14:09:21.600,3728.4000,12074,0,6683921100.000,0,-,-,-,-,3728.4000,3727.2000,3727.0000,3726.4000,3725.8000,3728.8000,3729.0000,3729.2000,3729.8000,3730.0000,2,2,2,1,1,1,1,1,1,3
SF,IF2005,2020-04-13 14:09:22.600,3728.4000,12074,0,6683921100.000,0,-,-,-,-,3728.4000,3727.2000,3727.0000,3726.4000,3725.8000,3729.2000,3729.8000,3730.0000,3730.2000,3730.6000,3,2,2,1,1,1,1,3,5,2
SF,IF2005,2020-04-13 14:09:23.100,3728.4000,12074,0,6683921100.000,0,-,-,-,-,3728.4000,3727.2000,3727.0000,3726.4000,3725.8000,3729.2000,3729.8000,3730.0000,3730.2000,3730.6000,1,2,2,1,1,1,1,3,5,2
SF,IF2005,2020-04-13 14:09:23.600,3728.4000,12074,0,6683921100.000,0,-,-,-,-,3728.4000,3727.2000,3727.0000,3726.4000,3725.8000,3729.8000,3730.0000,3730.2000,3730.6000,3730.8000,1,2,2,1,1,1,3,5,2,2
SF,IF2005,2020-04-13 14:09:24.100,3728.4000,12074,0,6683921100.000,0,-,-,-,-,3728.6000,3728.4000,3727.2000,3727.0000,3726.4000,3729.4000,3729.6000,3729.8000,3730.0000,3730.2000,3,3,2,2,1,1,2,1,3,5
SF,IF2005,2020-04-13 14:09:24.600,3728.4000,12074,0,6683921100.000,0,-,-,-,-,3728.6000,3728.4000,3727.2000,3727.0000,3726.4000,3729.4000,3729.6000,3729.8000,3730.0000,3730.2000,4,2,2,2,1,1,2,1,2,5
SF,IF2005,2020-04-13 14:09:25.100,3728.4000,12074,0,6683921100.000,0,-,-,-,-,3728.6000,3728.4000,3727.2000,3727.0000,3726.4000,3729.4000,3729.6000,3729.8000,3730.0000,3730.2000,3,2,2,2,1,1,2,1,2,5
SF,IF2005,2020-04-13 14:09:25.600,3728.4000,12074,0,6683921100.000,0,-,-,-,-,3728.6000,3728.4000,3727.2000,3727.0000,3726.4000,3729.4000,3729.6000,3729.8000,3730.0000,3730.2000,3,2,2,2,1,1,2,1,2,5
SF,IF2005,2020-04-13 14:09:26.100,3728.4000,12074,0,6683921100.000,0,-,-,-,-,3728.6000,3728.4000,3727.2000,3727.0000,3725.8000,3729.4000,3729.6000,3729.8000,3730.0000,3730.2000,3,2,2,2,1,1,2,1,2,5
SF,IF2005,2020-04-13 14:09:26.600,3728.4000,12074,0,6683921100.000,0,-,-,-,-,3728.8000,3728.6000,3728.4000,3727.2000,3727.0000,3729.4000,3729.6000,3729.8000,3730.0000,3730.2000,1,3,2,2,2,1,2,1,2,5
SF,IF2005,2020-04-13 14:09:27.100,3728.4000,12074,0,6683921100.000,0,-,-,-,-,3728.8000,3728.6000,3728.4000,3727.2000,3727.0000,3729.4000,3729.6000,3729.8000,3730.0000,3730.2000,1,2,2,2,2,1,2,1,2,5
SF,IF2005,2020-04-13 14:09:28.100,3728.4000,12074,0,6683921100.000,0,-,-,-,-,3728.8000,3728.6000,3728.4000,3727.2000,3727.0000,3729.4000,3729.6000,3729.8000,3730.0000,3730.2000,1,2,2,2,2,1,2,1,2,5
SF,IF2005,2020-04-13 14:09:28.600,3728.4000,12074,0,6683921100.000,0,-,-,-,-,3728.8000,3728.6000,3727.2000,3727.0000,3725.8000,3729.4000,3729.6000,3729.8000,3730.0000,3730.2000,1,2,2,2,1,2,2,1,2,5
SF,IF2005,2020-04-13 14:09:29.100,3728.4000,12074,0,6683921100.000,0,-,-,-,-,3728.8000,3728.6000,3727.2000,3727.0000,3725.8000,3729.4000,3729.6000,3729.8000,3730.0000,3730.2000,1,2,2,2,1,1,2,1,2,5
SF,IF2005,2020-04-13 14:09:29.600,3728.4000,12074,0,6683921100.000,0,-,-,-,-,3729.0000,3728.8000,3728.6000,3728.4000,3727.2000,3729.4000,3729.6000,3729.8000,3730.0000,3730.2000,1,1,2,2,2,1,2,1,2,5
SF,IF2005,2020-04-13 14:09:30.100,3728.4000,12074,0,6683921100.000,0,-,-,-,-,3729.0000,3728.6000,3728.4000,3727.2000,3727.0000,3729.4000,3729.6000,3729.8000,3730.0000,3730.2000,2,2,2,2,2,1,1,1,2,5
SF,IF2005,2020-04-13 14:09:30.600,3728.4000,12074,0,6683921100.000,0,-,-,-,-,3729.0000,3728.6000,3728.4000,3727.2000,3727.0000,3729.4000,3729.8000,3730.0000,3730.2000,3730.8000,2,2,2,2,2,1,1,2,5,2
SF,IF2005,2020-04-13 14:09:31.100,3729.4000,12074,0,6685039920.000,1,0,1,空换,B,3729.0000,3728.6000,3728.4000,3727.2000,3727.0000,3729.8000,3730.0000,3730.2000,3730.8000,3731.0000,2,2,2,2,2,1,2,5,2,1
SF,IF2005,2020-04-13 14:09:31.600,3729.4000,12074,0,6685039920.000,0,-,-,-,-,3729.0000,3728.6000,3728.4000,3727.2000,3727.0000,3729.8000,3730.0000,3730.2000,3730.8000,3731.0000,2,2,2,2,2,1,2,5,2,1
SF,IF2005,2020-04-13 14:09:32.600,3729.4000,12074,0,6685039920.000,0,-,-,-,-,3729.0000,3728.6000,3728.4000,3727.2000,3727.0000,3729.8000,3730.0000,3730.2000,3730.8000,3731.0000,2,2,2,2,2,1,2,5,2,1
SF,IF2005,2020-04-13 14:09:33.100,3729.4000,12074,0,6685039920.000,0,-,-,-,-,3729.0000,3728.6000,3728.4000,3727.2000,3727.0000,3729.8000,3730.0000,3730.2000,3730.8000,3731.0000,2,2,2,2,2,1,2,5,2,1
SF,IF2005,2020-04-13 14:09:33.600,3729.4000,12074,0,6685039920.000,0,-,-,-,-,3729.2000,3729.0000,3728.4000,3727.2000,3727.0000,3729.8000,3730.0000,3730.2000,3730.8000,3731.0000,5,2,2,2,2,1,2,5,1,1
SF,IF2005,2020-04-13 14:09:34.100,3729.4000,12074,0,6685039920.000,0,-,-,-,-,3729.2000,3727.2000,3727.0000,3725.8000,3725.0000,3729.8000,3730.0000,3730.2000,3730.8000,3731.0000,3,2,2,1,5,1,2,5,1,1
SF,IF2005,2020-04-13 14:09:34.600,3729.4000,12074,0,6685039920.000,0,-,-,-,-,3729.2000,3727.2000,3727.0000,3725.8000,3725.0000,3729.8000,3730.0000,3730.2000,3730.8000,3731.0000,1,2,2,1,5,1,2,5,1,1
SF,IF2005,2020-04-13 14:09:35.100,3729.4000,12074,0,6685039920.000,0,-,-,-,-,3729.4000,3729.2000,3727.2000,3727.0000,3725.8000,3729.8000,3730.0000,3730.2000,3730.8000,3731.0000,2,1,2,2,1,1,2,5,1,1
SF,IF2005,2020-04-13 14:09:35.600,3729.4000,12074,0,6685039920.000,0,-,-,-,-,3729.4000,3727.2000,3727.0000,3725.8000,3724.6000,3729.8000,3730.0000,3730.2000,3730.8000,3731.0000,2,2,2,1,8,1,2,5,1,1
SF,IF2005,2020-04-13 14:09:36.100,3729.4000,12074,0,6687277560.000,2,1,1,空换,B,3727.2000,3727.0000,3725.8000,3724.6000,3724.2000,3729.8000,3730.0000,3730.2000,3730.8000,3731.0000,2,2,1,8,8,1,2,5,1,1
SF,IF2005,2020-04-13 14:09:36.600,3728.2000,12075,1,6688396020.000,1,1,0,双开,B,3728.0000,3727.8000,3727.6000,3727.4000,3727.2000,3729.4000,3729.6000,3729.8000,3730.0000,3730.2000,2,2,1,5,3,1,2,1,2,5
SF,IF2005,2020-04-13 14:09:37.100,3728.2000,12075,0,6688396020.000,0,-,-,-,-,3728.2000,3728.0000,3727.8000,3727.6000,3727.4000,3729.0000,3729.2000,3729.4000,3729.6000,3729.8000,3,3,2,2,2,5,1,2,3,1
SF,IF2005,2020-04-13 14:09:37.600,3728.2000,12075,0,6688396020.000,0,-,-,-,-,3728.2000,3728.0000,3727.6000,3727.4000,3727.2000,3729.2000,3729.4000,3729.6000,3729.8000,3730.0000,4,2,2,2,2,1,1,2,1,2
SF,IF2005,2020-04-13 14:09:38.600,3728.2000,12075,0,6688396020.000,0,-,-,-,-,3728.2000,3728.0000,3727.6000,3727.4000,3727.2000,3729.2000,3729.4000,3729.6000,3729.8000,3730.0000,4,2,2,2,2,1,1,1,1,2
SF,IF2005,2020-04-13 14:09:39.100,3728.2000,12075,0,6688396020.000,0,-,-,-,-,3728.2000,3728.0000,3727.6000,3727.4000,3727.2000,3729.0000,3729.2000,3729.4000,3729.6000,3729.8000,3,2,2,2,2,1,1,1,1,1
SF,IF2005,2020-04-13 14:09:39.600,3728.2000,12075,0,6688396020.000,0,-,-,-,-,3728.2000,3728.0000,3727.6000,3727.4000,3727.2000,3729.2000,3729.4000,3729.6000,3729.8000,3730.0000,3,2,2,2,2,1,1,1,1,2
SF,IF2005,2020-04-13 14:09:41.600,3728.2000,12075,0,6688396020.000,0,-,-,-,-,3728.2000,3728.0000,3727.6000,3727.4000,3727.2000,3729.0000,3729.2000,3729.6000,3729.8000,3730.0000,3,2,2,2,2,6,1,1,1,2
SF,IF2005,2020-04-13 14:09:42.100,3728.2000,12075,0,6688396020.000,0,-,-,-,-,3728.2000,3728.0000,3727.6000,3727.4000,3727.2000,3728.8000,3729.0000,3729.2000,3729.6000,3729.8000,1,2,2,2,2,1,6,1,1,1
SF,IF2005,2020-04-13 14:09:42.600,3728.2000,12075,0,6688396020.000,0,-,-,-,-,3728.2000,3728.0000,3727.6000,3727.4000,3727.2000,3728.8000,3729.0000,3729.6000,3729.8000,3730.0000,1,1,1,2,2,7,6,1,1,2
SF,IF2005,2020-04-13 14:09:43.100,3728.2000,12075,0,6688396020.000,0,-,-,-,-,3728.0000,3727.6000,3727.4000,3727.2000,3727.0000,3728.8000,3729.0000,3729.6000,3729.8000,3730.0000,1,1,2,2,2,6,6,1,1,2
SF,IF2005,2020-04-13 14:09:43.600,3728.2000,12075,0,6688396020.000,0,-,-,-,-,3728.0000,3727.6000,3727.4000,3727.2000,3727.0000,3728.8000,3729.0000,3729.6000,3729.8000,3730.0000,2,1,2,2,2,6,6,1,1,2
SF,IF2005,2020-04-13 14:09:47.100,3728.2000,12075,0,6688396020.000,0,-,-,-,-,3727.4000,3727.2000,3727.0000,3725.8000,3724.6000,3728.8000,3729.0000,3729.6000,3729.8000,3730.0000,1,2,2,1,8,6,6,1,1,2
SF,IF2005,2020-04-13 14:09:47.600,3728.2000,12075,0,6688396020.000,0,-,-,-,-,3727.6000,3727.4000,3727.2000,3727.0000,3725.8000,3728.6000,3728.8000,3729.0000,3729.6000,3729.8000,2,1,2,2,1,1,6,6,1,1
SF,IF2005,2020-04-13 14:09:48.100,3728.2000,12075,0,6688396020.000,0,-,-,-,-,3727.6000,3727.2000,3727.0000,3725.8000,3724.6000,3728.6000,3728.8000,3729.0000,3729.6000,3729.8000,3,2,2,1,8,1,6,6,1,1
SF,IF2005,2020-04-13 14:09:49.600,3728.2000,12075,0,6688396020.000,0,-,-,-,-,3727.6000,3727.2000,3727.0000,3725.8000,3724.6000,3728.4000,3728.6000,3728.8000,3729.0000,3729.6000,3,2,2,1,8,1,1,5,5,1
SF,IF2005,2020-04-13 14:09:50.100,3728.2000,12075,0,6688396020.000,0,-,-,-,-,3727.6000,3727.2000,3727.0000,3725.8000,3724.6000,3728.4000,3728.8000,3729.0000,3729.6000,3729.8000,3,2,2,1,8,1,5,5,1,1
SF,IF2005,2020-04-13 14:09:50.600,3728.2000,12075,0,6688396020.000,0,-,-,-,-,3727.6000,3727.2000,3727.0000,3725.8000,3724.6000,3728.2000,3728.4000,3728.8000,3729.0000,3729.6000,2,2,2,1,8,1,1,5,5,1
SF,IF2005,2020-04-13 14:09:51.100,3728.2000,12075,0,6688396020.000,0,-,-,-,-,3727.6000,3727.2000,3727.0000,3725.8000,3724.6000,3728.2000,3728.4000,3728.8000,3729.0000,3729.6000,3,2,2,1,8,1,1,5,5,1
SF,IF2005,2020-04-13 14:09:52.100,3727.6000,12076,1,6689514300.000,1,1,0,双开,B,3727.6000,3727.2000,3727.0000,3725.8000,3724.6000,3728.2000,3728.4000,3728.8000,3729.0000,3729.6000,2,2,2,1,8,1,1,5,5,1
SF,IF2005,2020-04-13 14:09:52.600,3727.6000,12076,0,6689514300.000,0,-,-,-,-,3727.2000,3727.0000,3725.8000,3724.6000,3724.2000,3728.2000,3728.4000,3728.8000,3729.0000,3729.6000,2,2,1,8,12,1,1,5,5,1
SF,IF2005,2020-04-13 14:09:53.100,3727.6000,12076,0,6689514300.000,0,-,-,-,-,3727.4000,3727.2000,3727.0000,3725.8000,3724.6000,3728.2000,3728.4000,3728.8000,3729.0000,3729.6000,1,3,2,1,8,1,1,5,5,1
SF,IF2005,2020-04-13 14:09:53.600,3727.6000,12076,0,6689514300.000,0,-,-,-,-,3727.4000,3727.2000,3727.0000,3725.8000,3724.6000,3728.2000,3728.4000,3728.8000,3729.0000,3729.6000,2,2,2,1,8,1,1,5,5,1
SF,IF2005,2020-04-13 14:09:55.600,3727.6000,12076,0,6689514300.000,0,-,-,-,-,3727.4000,3727.2000,3727.0000,3725.8000,3724.6000,3728.0000,3728.2000,3728.8000,3729.0000,3729.6000,2,2,2,1,8,1,1,5,5,1
SF,IF2005,2020-04-13 14:09:56.100,3727.6000,12076,0,6689514300.000,0,-,-,-,-,3727.4000,3727.2000,3727.0000,3725.8000,3724.6000,3728.0000,3728.2000,3728.8000,3729.0000,3729.6000,1,2,2,1,8,1,1,5,5,1
SF,IF2005,2020-04-13 14:09:56.600,3727.6000,12076,0,6689514300.000,0,-,-,-,-,3727.4000,3727.2000,3727.0000,3725.8000,3724.6000,3728.0000,3728.8000,3729.0000,3729.6000,3729.8000,1,2,2,1,8,1,5,5,1,1
SF,IF2005,2020-04-13 14:09:57.100,3727.6000,12076,0,6689514300.000,0,-,-,-,-,3727.4000,3727.2000,3727.0000,3725.8000,3724.6000,3728.0000,3728.8000,3729.0000,3729.6000,3729.8000,1,2,2,1,8,2,5,5,1,1
SF,IF2005,2020-04-13 14:09:58.100,3727.6000,12076,0,6689514300.000,0,-,-,-,-,3727.2000,3727.0000,3725.8000,3724.6000,3724.2000,3728.0000,3728.8000,3729.0000,3729.6000,3729.8000,2,2,1,8,12,2,5,5,1,1
SF,IF2005,2020-04-13 14:09:58.600,3727.6000,12076,0,6689514300.000,0,-,-,-,-,3727.2000,3727.0000,3725.8000,3724.6000,3724.2000,3728.0000,3728.8000,3729.0000,3729.6000,3729.8000,3,2,1,8,12,2,5,5,1,1
SF,IF2005,2020-04-13 14:09:59.600,3727.6000,12076,0,6689514300.000,0,-,-,-,-,3727.2000,3727.0000,3725.8000,3724.6000,3724.2000,3727.6000,3728.0000,3728.8000,3729.0000,3729.6000,3,2,1,8,12,1,2,5,5,1
SF,IF2005,2020-04-13 14:10:00.100,3727.6000,12076,0,6689514300.000,0,-,-,-,-,3727.2000,3727.0000,3725.8000,3724.6000,3724.2000,3728.0000,3729.6000,3729.8000,3730.0000,3730.2000,3,2,1,8,12,1,1,1,2,5
SF,IF2005,2020-04-13 14:10:00.600,3727.6000,12076,0,6689514300.000,0,-,-,-,-,3727.2000,3727.0000,3725.8000,3724.6000,3724.2000,3728.0000,3729.6000,3729.8000,3730.0000,3730.2000,3,2,1,8,12,2,1,1,2,5
SF,IF2005,2020-04-13 14:10:01.100,3727.6000,12076,0,6689514300.000,0,-,-,-,-,3727.4000,3727.2000,3727.0000,3725.8000,3724.6000,3728.0000,3729.6000,3729.8000,3730.0000,3730.2000,1,3,2,1,8,2,1,1,2,5
SF,IF2005,2020-04-13 14:10:01.600,3727.6000,12076,0,6689514300.000,0,-,-,-,-,3727.4000,3727.2000,3727.0000,3725.8000,3725.4000,3728.0000,3729.6000,3729.8000,3730.0000,3730.2000,3,2,2,1,3,1,1,1,2,5
SF,IF2005,2020-04-13 14:10:02.100,3727.6000,12076,0,6689514300.000,0,-,-,-,-,3727.4000,3727.2000,3727.0000,3725.8000,3725.4000,3728.0000,3728.4000,3729.6000,3729.8000,3730.0000,3,2,2,1,3,1,1,1,1,2
SF,IF2005,2020-04-13 14:10:03.100,3727.6000,12076,0,6689514300.000,0,-,-,-,-,3727.4000,3727.2000,3727.0000,3725.8000,3725.4000,3728.0000,3728.4000,3729.6000,3729.8000,3730.0000,2,2,2,1,3,1,1,1,1,2
SF,IF2005,2020-04-13 14:10:05.100,3727.6000,12076,0,6689514300.000,0,-,-,-,-,3727.4000,3727.2000,3727.0000,3725.8000,3725.4000,3728.0000,3728.4000,3729.6000,3729.8000,3730.0000,1,2,2,1,3,1,1,1,1,2
SF,IF2005,2020-04-13 14:10:05.600,3727.4000,12076,0,6690632520.000,1,0,1,空换,B,3727.2000,3727.0000,3725.8000,3725.4000,3724.6000,3727.4000,3727.6000,3727.8000,3728.4000,3729.6000,2,2,1,3,8,1,1,8,1,1
SF,IF2005,2020-04-13 14:10:06.100,3727.2000,12077,1,6691750680.000,1,1,0,双开,B,3727.2000,3727.0000,3725.8000,3725.4000,3724.6000,3727.4000,3727.6000,3727.8000,3729.6000,3729.8000,1,2,1,3,8,2,6,8,1,1
SF,IF2005,2020-04-13 14:10:06.600,3727.0000,12078,1,6693986940.000,2,1,1,多开,B,3727.0000,3725.8000,3724.6000,3724.4000,3724.2000,3727.4000,3727.6000,3727.8000,3729.6000,3729.8000,1,1,8,3,8,1,6,7,1,1
SF,IF2005,2020-04-13 14:10:07.100,3727.0000,12078,0,6693986940.000,0,-,-,-,-,3727.0000,3725.8000,3724.6000,3724.4000,3724.2000,3727.4000,3727.6000,3727.8000,3729.6000,3729.8000,1,1,8,3,8,2,5,2,1,1
SF,IF2005,2020-04-13 14:10:07.600,3727.0000,12079,1,6695105040.000,1,1,0,双开,B,3725.8000,3724.6000,3724.4000,3724.2000,3723.8000,3727.2000,3727.4000,3727.6000,3727.8000,3729.6000,1,8,3,8,4,5,1,5,2,1
SF,IF2005,2020-04-13 14:10:08.100,3727.0000,12079,0,6695105040.000,0,-,-,-,-,3726.2000,3726.0000,3725.8000,3724.6000,3724.4000,3727.0000,3727.2000,3727.6000,3729.6000,3729.8000,2,4,1,8,3,1,1,5,1,1
SF,IF2005,2020-04-13 14:10:08.600,3727.0000,12079,0,6695105040.000,0,-,-,-,-,3726.2000,3726.0000,3725.8000,3724.6000,3724.4000,3727.0000,3727.6000,3729.6000,3729.8000,3730.0000,2,4,1,8,3,1,5,1,1,2
SF,IF2005,2020-04-13 14:10:09.100,3727.0000,12079,0,6695105040.000,0,-,-,-,-,3726.2000,3726.0000,3725.8000,3724.6000,3724.4000,3727.0000,3727.6000,3729.6000,3729.8000,3730.0000,2,4,1,8,3,1,5,1,1,2
SF,IF2005,2020-04-13 14:10:09.600,3727.0000,12079,0,6695105040.000,0,-,-,-,-,3726.2000,3726.0000,3725.8000,3724.6000,3724.4000,3726.8000,3727.0000,3727.6000,3729.6000,3729.8000,1,3,1,8,3,5,1,5,1,1
SF,IF2005,2020-04-13 14:10:10.100,3727.0000,12079,0,6695105040.000,0,-,-,-,-,3726.0000,3725.8000,3724.6000,3724.4000,3723.8000,3726.8000,3727.6000,3729.6000,3729.8000,3730.0000,3,1,8,3,4,6,5,1,1,2
SF,IF2005,2020-04-13 14:10:10.600,3727.0000,12079,0,6695105040.000,0,-,-,-,-,3726.0000,3725.8000,3724.6000,3724.4000,3723.8000,3726.8000,3727.6000,3729.6000,3729.8000,3730.0000,1,1,8,3,4,6,5,1,1,2
SF,IF2005,2020-04-13 14:10:11.100,3727.0000,12079,0,6695105040.000,0,-,-,-,-,3726.0000,3725.8000,3724.4000,3723.8000,3723.2000,3726.8000,3727.6000,3729.6000,3729.8000,3730.0000,1,1,3,4,8,6,5,1,1,2
SF,IF2005,2020-04-13 14:10:11.600,3727.0000,12079,0,6695105040.000,0,-,-,-,-,3726.0000,3725.8000,3724.4000,3723.8000,3723.2000,3726.8000,3727.6000,3729.6000,3729.8000,3730.0000,1,1,3,4,8,1,5,1,1,2
SF,IF2005,2020-04-13 14:10:12.100,3727.0000,12079,0,6695105040.000,0,-,-,-,-,3726.0000,3725.8000,3724.4000,3723.8000,3723.4000,3726.8000,3727.2000,3727.6000,3729.6000,3729.8000,1,1,3,4,1,1,1,5,1,1
SF,IF2005,2020-04-13 14:10:12.600,3727.0000,12079,0,6695105040.000,0,-,-,-,-,3726.0000,3725.8000,3724.4000,3723.8000,3723.4000,3726.8000,3727.2000,3727.6000,3729.6000,3729.8000,1,1,3,4,1,1,1,5,1,1
SF,IF2005,2020-04-13 14:10:13.100,3727.0000,12079,0,6696223140.000,1,0,1,空换,B,3727.0000,3726.0000,3725.8000,3724.4000,3723.8000,3727.2000,3727.6000,3729.6000,3729.8000,3730.0000,1,1,1,3,4,1,5,1,1,2
SF,IF2005,2020-04-13 14:10:13.600,3727.0000,12079,0,6697341240.000,1,0,1,空换,B,3725.8000,3724.4000,3723.8000,3723.4000,3723.2000,3726.4000,3726.6000,3727.0000,3729.6000,3729.8000,1,3,4,1,8,5,3,5,1,1
SF,IF2005,2020-04-13 14:10:14.100,3727.0000,12079,0,6697341240.000,0,-,-,-,-,3725.8000,3724.4000,3723.8000,3723.4000,3723.2000,3726.2000,3726.4000,3727.0000,3727.2000,3729.6000,1,3,4,1,8,1,5,6,1,1
SF,IF2005,2020-04-13 14:10:14.600,3727.0000,12079,0,6697341240.000,0,-,-,-,-,3725.8000,3723.4000,3723.0000,3722.4000,3722.0000,3726.2000,3726.4000,3727.0000,3727.2000,3729.6000,2,1,4,8,2,2,5,3,1,1
SF,IF2005,2020-04-13 14:10:15.100,3727.0000,12079,0,6697341240.000,0,-,-,-,-,3725.8000,3723.4000,3723.0000,3722.4000,3722.0000,3726.2000,3727.0000,3727.2000,3729.6000,3729.8000,2,1,4,8,10,6,3,1,1,1
SF,IF2005,2020-04-13 14:10:15.600,3727.0000,12079,0,6697341240.000,0,-,-,-,-,3725.8000,3723.4000,3723.0000,3722.8000,3722.4000,3726.0000,3726.2000,3727.0000,3727.2000,3729.6000,2,1,4,4,8,1,1,3,1,1
SF,IF2005,2020-04-13 14:10:16.100,3727.0000,12079,0,6697341240.000,0,-,-,-,-,3726.2000,3725.8000,3723.4000,3723.0000,3722.8000,3727.0000,3727.2000,3729.6000,3729.8000,3730.0000,1,2,1,4,4,2,1,1,1,2
SF,IF2005,2020-04-13 14:10:16.600,3727.0000,12079,0,6697341240.000,0,-,-,-,-,3726.2000,3725.8000,3723.4000,3723.0000,3722.8000,3726.6000,3726.8000,3727.0000,3727.2000,3729.6000,1,1,1,4,4,5,2,1,1,1
SF,IF2005,2020-04-13 14:10:17.100,3726.4000,12080,1,6698459160.000,1,1,0,双开,B,3726.2000,3725.8000,3723.4000,3723.0000,3722.8000,3726.4000,3726.6000,3726.8000,3727.0000,3727.2000,1,1,1,4,4,1,6,2,1,1
SF,IF2005,2020-04-13 14:10:17.600,3726.2000,12081,1,6699577020.000,1,1,0,双开,B,3725.8000,3723.4000,3723.0000,3722.8000,3722.4000,3726.4000,3726.6000,3726.8000,3727.2000,3729.6000,1,1,4,4,8,1,6,2,1,1
SF,IF2005,2020-04-13 14:10:18.100,3726.2000,12081,0,6699577020.000,0,-,-,-,-,3725.8000,3723.6000,3723.4000,3723.0000,3722.8000,3726.4000,3726.8000,3727.2000,3729.6000,3729.8000,1,1,1,4,4,1,2,1,1,1
SF,IF2005,2020-04-13 14:10:19.100,3726.2000,12081,0,6699577020.000,0,-,-,-,-,3725.8000,3723.6000,3723.4000,3723.0000,3722.8000,3726.4000,3726.8000,3727.2000,3729.6000,3729.8000,1,1,2,4,4,1,2,1,1,1
SF,IF2005,2020-04-13 14:10:19.600,3726.2000,12081,0,6699577020.000,0,-,-,-,-,3726.0000,3725.8000,3723.6000,3723.4000,3723.0000,3726.4000,3726.8000,3727.2000,3729.6000,3729.8000,1,1,1,2,4,1,2,1,1,1
SF,IF2005,2020-04-13 14:10:20.100,3726.2000,12081,0,6699577020.000,0,-,-,-,-,3726.0000,3725.8000,3723.6000,3723.4000,3723.0000,3726.8000,3727.2000,3729.6000,3729.8000,3730.0000,1,1,4,2,1,2,1,1,1,2
SF,IF2005,2020-04-13 14:10:22.600,3726.2000,12081,0,6699577020.000,0,-,-,-,-,3726.0000,3725.8000,3723.6000,3723.4000,3723.0000,3726.6000,3726.8000,3727.2000,3729.6000,3729.8000,1,1,4,2,1,5,2,1,1,1
SF,IF2005,2020-04-13 14:10:23.100,3726.2000,12081,0,6699577020.000,0,-,-,-,-,3725.8000,3723.6000,3723.4000,3723.0000,3722.8000,3726.4000,3726.6000,3727.2000,3729.6000,3729.8000,1,4,2,1,4,3,5,1,1,1
SF,IF2005,2020-04-13 14:10:23.600,3726.2000,12081,0,6699577020.000,0,-,-,-,-,3725.8000,3723.6000,3723.4000,3723.0000,3722.8000,3726.4000,3726.6000,3727.2000,3729.6000,3729.8000,1,4,2,1,4,7,5,1,1,1
SF,IF2005,2020-04-13 14:10:24.100,3726.2000,12081,0,6699577020.000,0,-,-,-,-,3725.8000,3723.6000,3723.4000,3723.0000,3722.8000,3726.2000,3726.4000,3726.6000,3727.2000,3729.6000,1,4,2,1,4,1,7,5,1,1
SF,IF2005,2020-04-13 14:10:24.600,3726.2000,12081,0,6699577020.000,0,-,-,-,-,3725.8000,3723.6000,3723.4000,3723.0000,3722.8000,3726.2000,3726.4000,3727.2000,3729.6000,3729.8000,1,4,2,1,4,1,2,1,1,1
SF,IF2005,2020-04-13 14:10:25.100,3726.2000,12081,0,6699577020.000,0,-,-,-,-,3725.8000,3723.6000,3723.4000,3723.0000,3722.8000,3726.4000,3727.2000,3729.6000,3729.8000,3730.0000,1,4,2,1,4,2,1,1,1,2
SF,IF2005,2020-04-13 14:10:25.600,3726.2000,12081,0,6699577020.000,0,-,-,-,-,3725.8000,3723.6000,3723.4000,3723.0000,3722.8000,3726.4000,3726.6000,3727.2000,3729.6000,3729.8000,1,4,2,1,4,2,1,1,1,1
SF,IF2005,2020-04-13 14:10:26.100,3726.2000,12081,0,6699577020.000,0,-,-,-,-,3725.8000,3723.6000,3723.4000,3723.0000,3722.8000,3726.4000,3726.6000,3727.2000,3729.6000,3729.8000,2,4,2,1,4,2,1,1,1,1
SF,IF2005,2020-04-13 14:10:26.600,3726.2000,12081,0,6699577020.000,0,-,-,-,-,3725.8000,3723.6000,3723.4000,3723.0000,3722.8000,3726.4000,3726.6000,3727.2000,3729.6000,3729.8000,2,4,2,1,4,2,1,1,1,1
SF,IF2005,2020-04-13 14:10:27.100,3726.2000,12081,0,6699577020.000,0,-,-,-,-,3725.8000,3723.6000,3723.4000,3723.0000,3722.8000,3726.4000,3726.6000,3727.2000,3729.6000,3729.8000,2,4,2,1,4,2,1,1,1,1
SF,IF2005,2020-04-13 14:10:27.600,3726.2000,12081,0,6699577020.000,0,-,-,-,-,3726.0000,3725.8000,3723.6000,3723.4000,3723.0000,3726.4000,3726.6000,3727.2000,3729.6000,3729.8000,1,2,4,2,1,2,1,1,1,1
SF,IF2005,2020-04-13 14:10:28.100,3726.2000,12081,0,6699577020.000,0,-,-,-,-,3726.0000,3725.8000,3723.6000,3723.4000,3723.0000,3726.4000,3726.6000,3727.2000,3729.6000,3729.8000,1,2,4,2,1,2,1,1,1,1
SF,IF2005,2020-04-13 14:10:28.600,3726.2000,12081,0,6699577020.000,0,-,-,-,-,3726.0000,3725.8000,3723.6000,3723.4000,3723.0000,3726.6000,3727.2000,3729.6000,3729.8000,3730.0000,1,2,4,2,1,1,1,1,1,2
SF,IF2005,2020-04-13 14:10:29.100,3726.2000,12081,0,6699577020.000,0,-,-,-,-,3726.0000,3725.8000,3723.6000,3723.4000,3723.0000,3726.4000,3726.6000,3726.8000,3727.2000,3729.6000,1,2,4,2,1,5,2,1,1,1
SF,IF2005,2020-04-13 14:10:29.600,3726.2000,12081,0,6699577020.000,0,-,-,-,-,3726.0000,3725.8000,3723.6000,3723.4000,3723.0000,3726.4000,3726.6000,3727.2000,3729.6000,3729.8000,1,2,4,2,1,5,1,1,1,1
SF,IF2005,2020-04-13 14:10:30.100,3726.2000,12081,0,6699577020.000,0,-,-,-,-,3726.0000,3725.8000,3723.6000,3723.4000,3723.0000,3726.4000,3726.6000,3727.2000,3729.6000,3729.8000,1,2,4,2,1,5,1,1,1,1
SF,IF2005,2020-04-13 14:10:30.600,3726.0000,12080,-1,6700694820.000,1,0,1,双平,B,3725.8000,3724.2000,3723.6000,3723.4000,3723.0000,3726.2000,3726.4000,3726.6000,3727.2000,3729.6000,2,1,4,1,1,5,5,1,1,1
SF,IF2005,2020-04-13 14:10:31.100,3726.0000,12080,0,6700694820.000,0,-,-,-,-,3725.8000,3724.2000,3723.6000,3723.4000,3723.0000,3726.0000,3726.2000,3726.4000,3726.6000,3727.2000,2,1,4,1,1,1,5,5,1,1
SF,IF2005,2020-04-13 14:10:31.600,3726.0000,12080,0,6700694820.000,0,-,-,-,-,3725.8000,3724.2000,3723.6000,3723.4000,3723.0000,3726.0000,3726.2000,3726.4000,3726.6000,3727.2000,2,1,4,1,1,1,6,5,1,1
SF,IF2005,2020-04-13 14:10:32.100,3726.0000,12080,0,6700694820.000,0,-,-,-,-,3725.8000,3724.2000,3723.6000,3723.4000,3723.0000,3726.0000,3726.2000,3726.4000,3726.6000,3727.2000,2,1,4,1,1,1,5,5,1,1
SF,IF2005,2020-04-13 14:10:32.600,3726.0000,12080,0,6700694820.000,0,-,-,-,-,3725.8000,3724.2000,3723.6000,3723.4000,3723.0000,3726.0000,3726.2000,3726.4000,3726.6000,3727.2000,2,1,4,1,1,1,5,5,1,1
SF,IF2005,2020-04-13 14:10:33.100,3726.0000,12080,0,6700694820.000,0,-,-,-,-,3725.8000,3724.2000,3723.6000,3723.4000,3723.0000,3726.0000,3726.4000,3726.6000,3727.2000,3729.6000,2,1,4,1,1,1,5,1,1,1
SF,IF2005,2020-04-13 14:10:33.600,3726.0000,12080,0,6700694820.000,0,-,-,-,-,3725.8000,3724.2000,3723.6000,3723.4000,3723.0000,3726.4000,3726.6000,3727.2000,3729.6000,3729.8000,2,1,4,1,1,5,1,1,1,1
SF,IF2005,2020-04-13 14:10:34.100,3726.0000,12080,0,6700694820.000,0,-,-,-,-,3725.8000,3724.2000,3723.6000,3723.4000,3723.0000,3726.4000,3726.6000,3727.2000,3729.6000,3729.8000,2,1,4,1,1,6,1,1,1,1
SF,IF2005,2020-04-13 14:10:34.600,3726.0000,12080,0,6700694820.000,0,-,-,-,-,3725.8000,3724.2000,3723.6000,3723.4000,3723.0000,3726.4000,3726.6000,3727.2000,3729.6000,3729.8000,2,1,4,1,1,5,1,1,1,1
SF,IF2005,2020-04-13 14:10:35.600,3725.8000,12080,0,6701812560.000,1,0,1,空换,B,3725.8000,3724.2000,3723.6000,3723.4000,3723.0000,3726.0000,3726.4000,3726.6000,3727.2000,3729.6000,1,1,4,1,1,6,6,1,1,1
SF,IF2005,2020-04-13 14:10:36.100,3725.8000,12081,1,6702930300.000,1,1,0,双开,B,3724.2000,3723.6000,3723.4000,3723.0000,3722.8000,3726.4000,3726.6000,3727.2000,3729.6000,3729.8000,1,4,1,1,4,5,1,1,1,1
SF,IF2005,2020-04-13 14:10:36.600,3725.8000,12081,0,6702930300.000,0,-,-,-,-,3725.2000,3725.0000,3724.8000,3724.6000,3724.4000,3726.2000,3726.4000,3726.6000,3727.2000,3729.6000,1,3,1,3,5,2,6,1,1,1
SF,IF2005,2020-04-13 14:10:37.100,3725.8000,12081,0,6702930300.000,0,-,-,-,-,3725.2000,3725.0000,3724.8000,3724.6000,3724.4000,3726.4000,3726.6000,3727.2000,3729.6000,3729.8000,1,3,1,4,6,6,1,1,1,1
SF,IF2005,2020-04-13 14:10:37.600,3725.8000,12081,0,6702930300.000,0,-,-,-,-,3725.4000,3725.2000,3725.0000,3724.6000,3724.4000,3726.4000,3726.6000,3727.2000,3729.6000,3729.8000,4,1,2,4,3,1,1,1,1,1
SF,IF2005,2020-04-13 14:10:38.100,3725.8000,12081,0,6702930300.000,0,-,-,-,-,3725.4000,3724.6000,3724.4000,3724.2000,3723.6000,3726.6000,3727.2000,3729.6000,3729.8000,3730.0000,4,4,3,1,4,1,1,1,1,2
SF,IF2005,2020-04-13 14:10:38.600,3725.8000,12081,0,6702930300.000,0,-,-,-,-,3725.6000,3725.4000,3724.6000,3724.4000,3724.2000,3726.4000,3726.6000,3727.0000,3727.2000,3729.6000,1,4,4,3,1,1,1,1,1,1
SF,IF2005,2020-04-13 14:10:39.600,3725.8000,12081,0,6702930300.000,0,-,-,-,-,3725.8000,3725.6000,3725.4000,3724.6000,3724.4000,3726.6000,3727.0000,3727.2000,3729.6000,3729.8000,1,1,4,4,3,1,1,1,1,1
SF,IF2005,2020-04-13 14:10:40.100,3725.8000,12081,0,6702930300.000,0,-,-,-,-,3725.8000,3725.6000,3725.4000,3724.6000,3724.4000,3726.6000,3727.0000,3727.2000,3729.6000,3729.8000,1,1,4,4,3,1,1,1,1,1
SF,IF2005,2020-04-13 14:10:40.600,3725.8000,12081,0,6702930300.000,0,-,-,-,-,3725.8000,3725.6000,3725.4000,3724.6000,3724.4000,3726.6000,3727.0000,3727.2000,3729.6000,3729.8000,1,1,4,4,3,1,1,1,1,1
SF,IF2005,2020-04-13 14:10:41.100,3725.8000,12081,0,6702930300.000,0,-,-,-,-,3725.8000,3725.6000,3725.4000,3724.6000,3724.4000,3726.6000,3727.0000,3727.2000,3729.6000,3729.8000,1,1,4,4,3,1,1,1,1,1
SF,IF2005,2020-04-13 14:10:41.600,3725.8000,12081,0,6702930300.000,0,-,-,-,-,3725.8000,3725.6000,3725.4000,3724.6000,3724.4000,3726.6000,3727.0000,3727.2000,3729.6000,3729.8000,1,1,4,4,3,1,1,1,1,1
SF,IF2005,2020-04-13 14:10:42.100,3725.8000,12081,0,6702930300.000,0,-,-,-,-,3725.8000,3725.6000,3725.4000,3724.6000,3724.4000,3726.6000,3727.0000,3727.2000,3729.6000,3729.8000,1,1,4,3,3,1,1,1,1,1
SF,IF2005,2020-04-13 14:10:42.600,3725.8000,12081,0,6702930300.000,0,-,-,-,-,3726.0000,3725.8000,3725.6000,3725.4000,3724.6000,3726.6000,3727.2000,3729.6000,3729.8000,3730.0000,1,1,1,4,3,2,1,1,1,2
SF,IF2005,2020-04-13 14:10:43.100,3725.8000,12081,0,6702930300.000,0,-,-,-,-,3725.8000,3725.6000,3725.4000,3724.6000,3724.4000,3726.6000,3727.2000,3729.6000,3729.8000,3730.0000,1,1,4,3,3,2,1,1,1,2
SF,IF2005,2020-04-13 14:10:43.600,3725.8000,12081,0,6702930300.000,0,-,-,-,-,3725.8000,3725.6000,3725.4000,3724.6000,3724.4000,3726.6000,3727.2000,3729.6000,3729.8000,3730.0000,1,1,4,3,3,1,1,1,1,2
SF,IF2005,2020-04-13 14:10:44.100,3725.8000,12081,0,6702930300.000,0,-,-,-,-,3725.8000,3725.6000,3725.4000,3724.6000,3724.4000,3726.6000,3727.2000,3729.6000,3729.8000,3730.0000,1,1,4,3,3,1,1,1,1,2
SF,IF2005,2020-04-13 14:10:44.600,3725.8000,12081,0,6702930300.000,0,-,-,-,-,3725.8000,3725.6000,3725.4000,3724.6000,3724.4000,3726.6000,3727.2000,3729.6000,3729.8000,3730.0000,1,1,4,3,3,2,1,1,1,2
SF,IF2005,2020-04-13 14:10:45.100,3726.6000,12082,1,6704048280.000,1,1,0,双开,B,3726.0000,3725.8000,3724.6000,3724.4000,3724.2000,3726.6000,3727.2000,3729.6000,3729.8000,3730.0000,5,1,3,3,1,1,1,1,1,2
SF,IF2005,2020-04-13 14:10:45.600,3726.6000,12082,0,6704048280.000,0,-,-,-,-,3726.2000,3726.0000,3724.6000,3724.4000,3724.2000,3727.2000,3729.6000,3729.8000,3730.0000,3730.2000,2,3,3,3,1,1,1,1,2,5
SF,IF2005,2020-04-13 14:10:46.100,3726.6000,12082,0,6704048280.000,0,-,-,-,-,3726.2000,3726.0000,3724.6000,3724.4000,3724.2000,3727.0000,3727.2000,3727.6000,3729.6000,3729.8000,2,3,3,3,1,7,1,1,1,1
SF,IF2005,2020-04-13 14:10:46.600,3726.6000,12082,0,6704048280.000,0,-,-,-,-,3726.2000,3726.0000,3724.6000,3724.4000,3724.2000,3726.8000,3727.0000,3727.2000,3727.6000,3729.6000,2,3,3,3,1,6,7,2,1,1
SF,IF2005,2020-04-13 14:10:47.100,3726.6000,12082,0,6704048280.000,0,-,-,-,-,3726.2000,3726.0000,3724.6000,3724.4000,3724.2000,3726.8000,3727.0000,3727.2000,3729.6000,3729.8000,2,3,3,3,4,6,7,1,1,1
SF,IF2005,2020-04-13 14:10:47.600,3726.6000,12082,0,6704048280.000,0,-,-,-,-,3726.2000,3726.0000,3724.6000,3724.4000,3724.2000,3726.8000,3727.0000,3727.2000,3729.6000,3729.8000,2,3,3,3,4,7,7,1,1,1
SF,IF2005,2020-04-13 14:10:48.100,3726.6000,12082,0,6704048280.000,0,-,-,-,-,3726.0000,3724.6000,3724.4000,3724.2000,3723.4000,3726.8000,3727.0000,3727.2000,3729.6000,3729.8000,1,3,3,4,1,6,7,1,1,1
SF,IF2005,2020-04-13 14:10:48.600,3726.6000,12082,0,6704048280.000,0,-,-,-,-,3726.0000,3724.6000,3724.4000,3724.2000,3723.4000,3726.8000,3727.0000,3727.2000,3729.6000,3729.8000,1,3,3,4,1,7,7,1,1,1
SF,IF2005,2020-04-13 14:10:49.100,3726.6000,12082,0,6704048280.000,0,-,-,-,-,3724.6000,3724.4000,3724.2000,3723.4000,3723.0000,3726.8000,3727.0000,3727.2000,3729.6000,3729.8000,3,3,4,1,1,7,7,1,1,1
SF,IF2005,2020-04-13 14:10:49.600,3726.6000,12082,0,6704048280.000,0,-,-,-,-,3725.8000,3725.4000,3725.2000,3725.0000,3724.8000,3726.6000,3726.8000,3727.0000,3727.2000,3729.6000,1,1,4,1,6,2,6,5,1,1
SF,IF2005,2020-04-13 14:10:50.100,3726.6000,12082,0,6704048280.000,0,-,-,-,-,3725.8000,3725.4000,3725.2000,3725.0000,3724.8000,3726.6000,3726.8000,3727.0000,3727.2000,3729.6000,1,1,3,1,7,1,6,5,1,1
SF,IF2005,2020-04-13 14:10:50.600,3726.6000,12082,0,6704048280.000,0,-,-,-,-,3725.8000,3725.4000,3725.2000,3725.0000,3724.8000,3726.6000,3726.8000,3727.0000,3727.2000,3729.6000,1,1,3,1,6,1,6,5,1,1
SF,IF2005,2020-04-13 14:10:51.600,3726.6000,12082,0,6704048280.000,0,-,-,-,-,3725.8000,3725.4000,3725.2000,3725.0000,3724.8000,3726.6000,3726.8000,3727.0000,3727.2000,3729.6000,1,1,3,1,6,1,6,5,1,1
SF,IF2005,2020-04-13 14:10:52.100,3726.6000,12082,0,6704048280.000,0,-,-,-,-,3725.8000,3725.4000,3725.2000,3725.0000,3724.8000,3726.6000,3726.8000,3727.0000,3727.2000,3729.6000,1,1,3,1,6,2,6,5,1,1
SF,IF2005,2020-04-13 14:10:52.600,3726.6000,12082,0,6704048280.000,0,-,-,-,-,3725.8000,3725.4000,3725.2000,3725.0000,3724.8000,3726.6000,3726.8000,3727.0000,3727.2000,3729.6000,1,1,3,1,6,2,6,5,1,1
SF,IF2005,2020-04-13 14:10:53.100,3726.6000,12082,0,6704048280.000,0,-,-,-,-,3725.8000,3725.4000,3725.2000,3725.0000,3724.8000,3726.6000,3726.8000,3727.0000,3727.2000,3729.6000,1,1,3,1,6,2,6,5,1,1
SF,IF2005,2020-04-13 14:10:53.600,3726.6000,12082,0,6704048280.000,0,-,-,-,-,3726.0000,3725.8000,3725.4000,3725.2000,3725.0000,3726.6000,3726.8000,3727.0000,3727.2000,3729.6000,1,1,1,3,1,2,6,5,1,1
SF,IF2005,2020-04-13 14:10:54.100,3726.6000,12082,0,6704048280.000,0,-,-,-,-,3726.0000,3725.8000,3725.4000,3725.2000,3725.0000,3726.6000,3726.8000,3727.0000,3727.2000,3729.6000,1,1,1,3,1,2,6,5,1,1
SF,IF2005,2020-04-13 14:10:54.600,3726.6000,12082,0,6704048280.000,0,-,-,-,-,3726.0000,3725.8000,3725.4000,3725.2000,3725.0000,3726.6000,3726.8000,3727.0000,3727.2000,3729.6000,1,1,1,3,1,2,5,5,1,1
SF,IF2005,2020-04-13 14:10:55.100,3726.6000,12082,0,6704048280.000,0,-,-,-,-,3726.0000,3725.8000,3725.4000,3725.2000,3725.0000,3726.6000,3726.8000,3727.0000,3727.2000,3729.6000,1,1,1,3,1,1,5,5,1,1
SF,IF2005,2020-04-13 14:10:55.600,3726.6000,12082,0,6704048280.000,0,-,-,-,-,3726.0000,3725.8000,3725.4000,3725.2000,3725.0000,3726.6000,3727.2000,3729.6000,3729.8000,3730.0000,1,1,1,2,1,1,1,1,1,2
SF,IF2005,2020-04-13 14:10:56.100,3726.6000,12082,0,6704048280.000,0,-,-,-,-,3726.0000,3725.8000,3725.4000,3725.2000,3725.0000,3727.2000,3729.6000,3729.8000,3730.0000,3730.2000,1,1,1,1,1,1,1,1,2,5
SF,IF2005,2020-04-13 14:10:56.600,3726.6000,12082,0,6704048280.000,0,-,-,-,-,3725.8000,3725.4000,3725.2000,3725.0000,3724.8000,3726.6000,3726.8000,3727.0000,3727.2000,3727.6000,1,1,1,1,5,5,1,4,1,1
SF,IF2005,2020-04-13 14:10:57.100,3726.6000,12082,0,6704048280.000,0,-,-,-,-,3725.8000,3725.4000,3725.2000,3725.0000,3724.8000,3726.8000,3727.0000,3727.2000,3729.6000,3729.8000,1,1,1,1,4,1,3,1,1,1
SF,IF2005,2020-04-13 14:10:57.600,3726.6000,12082,0,6704048280.000,0,-,-,-,-,3725.4000,3725.2000,3724.8000,3724.6000,3724.2000,3726.2000,3726.4000,3726.6000,3727.2000,3729.6000,1,1,4,3,4,6,2,4,1,1
SF,IF2005,2020-04-13 14:10:58.100,3726.6000,12082,0,6704048280.000,0,-,-,-,-,3725.6000,3724.8000,3724.6000,3724.2000,3723.4000,3726.2000,3726.4000,3726.6000,3727.2000,3729.6000,1,4,3,1,1,1,2,3,1,1
SF,IF2005,2020-04-13 14:10:58.600,3725.6000,12081,-1,6705165960.000,1,0,1,双平,B,3724.8000,3724.6000,3724.2000,3723.4000,3723.0000,3725.8000,3726.0000,3727.2000,3729.6000,3729.8000,4,2,1,1,1,1,8,1,1,1
SF,IF2005,2020-04-13 14:10:59.100,3725.6000,12081,0,6705165960.000,0,-,-,-,-,3724.8000,3724.6000,3724.2000,3723.4000,3723.0000,3725.6000,3725.8000,3726.0000,3727.2000,3729.6000,2,1,1,1,1,3,8,8,2,1
SF,IF2005,2020-04-13 14:10:59.600,3725.6000,12081,0,6705165960.000,0,-,-,-,-,3724.8000,3724.6000,3723.4000,3723.0000,3722.6000,3725.6000,3725.8000,3726.0000,3727.2000,3729.6000,2,1,1,1,3,3,7,8,2,1
SF,IF2005,2020-04-13 14:11:00.100,3725.6000,12081,0,6705165960.000,0,-,-,-,-,3725.0000,3724.8000,3724.6000,3723.4000,3723.0000,3725.8000,3726.0000,3727.2000,3729.6000,3729.8000,1,2,1,1,1,2,3,2,1,1
SF,IF2005,2020-04-13 14:11:00.600,3725.6000,12081,0,6705165960.000,0,-,-,-,-,3725.6000,3725.2000,3725.0000,3723.4000,3723.0000,3725.8000,3727.2000,3729.6000,3729.8000,3730.0000,1,2,4,1,1,1,2,1,1,2
SF,IF2005,2020-04-13 14:11:01.100,3725.8000,12082,1,6706283700.000,1,1,0,双开,B,3726.0000,3725.4000,3725.2000,3725.0000,3724.0000,3726.8000,3727.2000,3729.6000,3729.8000,3730.0000,1,1,4,2,1,1,2,1,1,2
SF,IF2005,2020-04-13 14:11:01.600,3725.8000,12082,0,6706283700.000,0,-,-,-,-,3726.2000,3725.4000,3725.2000,3725.0000,3724.0000,3727.2000,3729.6000,3729.8000,3730.0000,3730.2000,1,1,4,2,1,2,1,1,2,5
SF,IF2005,2020-04-13 14:11:02.100,3725.8000,12082,0,6706283700.000,0,-,-,-,-,3726.2000,3725.4000,3725.2000,3725.0000,3724.0000,3727.0000,3727.2000,3729.6000,3729.8000,3730.0000,1,1,4,2,1,10,2,1,1,2
SF,IF2005,2020-04-13 14:11:03.600,3725.8000,12082,0,6706283700.000,0,-,-,-,-,3726.2000,3725.4000,3725.2000,3725.0000,3724.0000,3727.0000,3727.2000,3729.6000,3729.8000,3730.0000,1,1,4,2,1,10,2,1,1,2
SF,IF2005,2020-04-13 14:11:04.100,3725.8000,12082,0,6706283700.000,0,-,-,-,-,3726.2000,3725.4000,3725.2000,3725.0000,3724.2000,3726.6000,3727.0000,3727.2000,3729.6000,3729.8000,1,1,4,2,1,6,10,2,1,1
SF,IF2005,2020-04-13 14:11:04.600,3725.8000,12082,0,6706283700.000,0,-,-,-,-,3726.2000,3725.4000,3725.2000,3725.0000,3724.2000,3726.6000,3727.0000,3727.2000,3729.6000,3729.8000,1,1,4,2,1,1,10,2,1,1
SF,IF2005,2020-04-13 14:11:05.100,3726.2000,12082,0,6707401560.000,1,0,1,空换,B,3725.4000,3725.2000,3725.0000,3724.2000,3724.0000,3726.4000,3726.6000,3727.0000,3727.2000,3729.6000,1,4,2,1,1,5,1,10,2,1
SF,IF2005,2020-04-13 14:11:05.600,3726.2000,12082,0,6707401560.000,0,-,-,-,-,3725.6000,3725.4000,3725.2000,3725.0000,3724.2000,3727.0000,3727.2000,3729.6000,3729.8000,3730.0000,2,1,2,2,1,10,2,1,1,2
SF,IF2005,2020-04-13 14:11:06.100,3726.2000,12082,0,6707401560.000,0,-,-,-,-,3725.6000,3725.2000,3725.0000,3724.2000,3724.0000,3726.6000,3726.8000,3727.0000,3727.2000,3729.6000,2,2,2,1,1,5,1,9,2,1
SF,IF2005,2020-04-13 14:11:06.600,3726.2000,12082,0,6707401560.000,0,-,-,-,-,3725.8000,3725.6000,3724.2000,3724.0000,3723.6000,3726.4000,3726.8000,3727.0000,3727.2000,3729.6000,3,2,1,1,3,1,1,9,2,1
SF,IF2005,2020-04-13 14:11:07.100,3726.2000,12082,0,6707401560.000,0,-,-,-,-,3725.8000,3725.6000,3724.2000,3724.0000,3723.6000,3726.8000,3727.0000,3727.2000,3729.6000,3729.8000,3,3,1,1,3,1,9,2,1,1
SF,IF2005,2020-04-13 14:11:07.600,3726.2000,12082,0,6707401560.000,0,-,-,-,-,3725.8000,3725.6000,3724.2000,3724.0000,3723.6000,3726.8000,3727.0000,3727.2000,3729.6000,3729.8000,3,3,1,1,3,2,3,2,1,1
SF,IF2005,2020-04-13 14:11:08.100,3726.2000,12082,0,6707401560.000,0,-,-,-,-,3726.0000,3725.8000,3725.6000,3724.2000,3724.0000,3726.8000,3727.0000,3727.2000,3729.6000,3729.8000,1,2,3,1,1,1,3,2,1,1
SF,IF2005,2020-04-13 14:11:08.600,3726.2000,12082,0,6707401560.000,0,-,-,-,-,3726.0000,3725.8000,3725.6000,3724.2000,3724.0000,3726.8000,3727.0000,3727.2000,3729.6000,3729.8000,1,2,3,1,1,1,3,2,1,1
SF,IF2005,2020-04-13 14:11:09.100,3726.2000,12082,0,6707401560.000,0,-,-,-,-,3726.2000,3726.0000,3725.8000,3725.6000,3724.2000,3727.0000,3727.2000,3729.6000,3729.8000,3730.0000,1,1,1,2,1,3,2,1,1,2
SF,IF2005,2020-04-13 14:11:09.600,3726.2000,12082,0,6707401560.000,0,-,-,-,-,3726.2000,3726.0000,3725.8000,3725.6000,3724.2000,3727.0000,3727.2000,3729.6000,3729.8000,3730.0000,2,1,1,2,1,3,2,1,1,2
SF,IF2005,2020-04-13 14:11:10.600,3726.2000,12082,0,6707401560.000,0,-,-,-,-,3726.2000,3726.0000,3725.6000,3724.2000,3724.0000,3727.0000,3727.2000,3729.6000,3729.8000,3730.0000,2,1,2,1,1,2,1,1,1,2
SF,IF2005,2020-04-13 14:11:11.100,3726.2000,12082,0,6707401560.000,0,-,-,-,-,3726.2000,3725.6000,3724.2000,3724.0000,3723.6000,3727.2000,3729.6000,3729.8000,3730.0000,3730.2000,2,2,1,1,3,1,1,1,2,5
SF,IF2005,2020-04-13 14:11:11.600,3726.2000,12082,0,6707401560.000,0,-,-,-,-,3726.4000,3726.2000,3725.6000,3724.2000,3724.0000,3727.2000,3727.4000,3729.6000,3729.8000,3730.0000,2,2,2,1,1,1,1,1,1,2
SF,IF2005,2020-04-13 14:11:12.100,3726.2000,12082,0,6707401560.000,0,-,-,-,-,3726.4000,3726.2000,3725.6000,3724.2000,3724.0000,3727.2000,3729.6000,3729.8000,3730.0000,3730.2000,2,2,2,1,1,1,1,1,2,5
SF,IF2005,2020-04-13 14:11:12.600,3726.2000,12082,0,6707401560.000,0,-,-,-,-,3726.4000,3726.2000,3725.6000,3724.2000,3724.0000,3727.2000,3727.6000,3729.6000,3729.8000,3730.0000,2,2,2,1,1,1,1,1,1,2
SF,IF2005,2020-04-13 14:11:13.100,3726.2000,12082,0,6707401560.000,0,-,-,-,-,3726.4000,3726.2000,3725.6000,3724.2000,3724.0000,3727.2000,3727.6000,3729.6000,3729.8000,3730.0000,2,4,2,1,1,1,1,1,1,2
SF,IF2005,2020-04-13 14:11:14.100,3726.2000,12082,0,6707401560.000,0,-,-,-,-,3726.4000,3726.2000,3725.6000,3724.2000,3724.0000,3727.2000,3727.6000,3729.6000,3729.8000,3730.0000,2,3,2,1,1,1,1,1,1,2
SF,IF2005,2020-04-13 14:11:14.600,3726.2000,12082,0,6707401560.000,0,-,-,-,-,3726.2000,3725.6000,3724.2000,3724.0000,3723.6000,3727.0000,3727.2000,3727.6000,3729.6000,3729.8000,3,2,1,1,3,9,1,1,1,1
SF,IF2005,2020-04-13 14:11:15.100,3726.2000,12082,0,6707401560.000,0,-,-,-,-,3726.2000,3725.6000,3724.2000,3724.0000,3723.6000,3727.0000,3727.2000,3729.6000,3729.8000,3730.0000,2,2,1,1,3,9,1,1,1,2
SF,IF2005,2020-04-13 14:11:15.600,3726.2000,12082,0,6707401560.000,0,-,-,-,-,3726.2000,3725.6000,3724.2000,3724.0000,3723.6000,3726.8000,3727.0000,3727.2000,3729.6000,3729.8000,2,2,1,1,3,5,9,1,1,1
SF,IF2005,2020-04-13 14:11:16.100,3726.2000,12082,0,6707401560.000,0,-,-,-,-,3726.2000,3725.6000,3724.2000,3724.0000,3723.6000,3726.6000,3727.0000,3727.2000,3729.6000,3729.8000,2,2,1,1,3,1,9,1,1,1
SF,IF2005,2020-04-13 14:11:16.600,3726.2000,12082,0,6707401560.000,0,-,-,-,-,3726.2000,3725.6000,3724.2000,3724.0000,3723.6000,3727.0000,3727.2000,3729.6000,3729.8000,3730.0000,2,2,1,1,3,9,1,1,1,2
SF,IF2005,2020-04-13 14:11:17.100,3726.2000,12082,0,6707401560.000,0,-,-,-,-,3726.2000,3725.6000,3724.2000,3724.0000,3723.6000,3726.8000,3727.0000,3727.2000,3729.6000,3729.8000,2,2,1,1,3,5,9,1,1,1
SF,IF2005,2020-04-13 14:11:17.600,3726.2000,12083,1,6708519420.000,1,1,0,双开,B,3726.2000,3725.6000,3724.2000,3724.0000,3723.6000,3726.6000,3726.8000,3727.0000,3727.2000,3729.6000,1,2,1,1,3,1,5,9,1,1
SF,IF2005,2020-04-13 14:11:18.100,3726.2000,12083,0,6708519420.000,0,-,-,-,-,3725.6000,3724.2000,3724.0000,3723.6000,3723.4000,3726.6000,3726.8000,3727.0000,3727.2000,3729.6000,2,1,1,3,1,1,5,9,1,1
SF,IF2005,2020-04-13 14:11:19.100,3726.2000,12083,0,6708519420.000,0,-,-,-,-,3726.2000,3725.6000,3724.2000,3724.0000,3723.6000,3726.6000,3726.8000,3727.0000,3727.2000,3729.6000,1,2,1,1,3,1,5,9,1,1
SF,IF2005,2020-04-13 14:11:20.600,3726.2000,12083,0,6708519420.000,0,-,-,-,-,3726.2000,3725.6000,3724.2000,3724.0000,3723.6000,3726.6000,3727.0000,3727.2000,3729.6000,3729.8000,1,2,1,1,3,1,9,1,1,1
SF,IF2005,2020-04-13 14:11:21.100,3726.2000,12083,0,6708519420.000,0,-,-,-,-,3726.2000,3725.6000,3724.2000,3724.0000,3723.6000,3727.0000,3727.2000,3729.6000,3729.8000,3730.0000,1,2,1,1,3,9,1,1,1,2
SF,IF2005,2020-04-13 14:11:22.100,3726.2000,12084,1,6709637280.000,1,1,0,双开,B,3725.6000,3724.2000,3724.0000,3723.6000,3723.4000,3727.0000,3727.2000,3729.6000,3729.8000,3730.0000,2,1,1,3,1,9,1,1,1,2
SF,IF2005,2020-04-13 14:11:22.600,3726.2000,12084,0,6709637280.000,0,-,-,-,-,3725.8000,3725.6000,3724.2000,3724.0000,3723.6000,3726.8000,3727.0000,3727.2000,3729.6000,3729.8000,2,2,1,1,3,1,4,1,1,1
SF,IF2005,2020-04-13 14:11:23.100,3726.2000,12084,0,6709637280.000,0,-,-,-,-,3725.8000,3725.6000,3724.2000,3724.0000,3723.6000,3727.0000,3727.2000,3729.6000,3729.8000,3730.0000,2,3,1,1,3,4,1,1,1,2
SF,IF2005,2020-04-13 14:11:24.600,3726.2000,12084,0,6709637280.000,0,-,-,-,-,3726.0000,3725.8000,3725.6000,3724.2000,3724.0000,3726.6000,3726.8000,3727.0000,3727.2000,3729.6000,1,2,3,1,1,6,1,4,1,1
SF,IF2005,2020-04-13 14:11:26.100,3726.2000,12084,0,6709637280.000,0,-,-,-,-,3726.0000,3725.8000,3725.6000,3724.0000,3723.6000,3726.6000,3726.8000,3727.0000,3727.2000,3729.6000,1,2,3,1,3,6,1,4,1,1
SF,IF2005,2020-04-13 14:11:26.600,3726.2000,12084,0,6709637280.000,0,-,-,-,-,3726.0000,3725.8000,3725.6000,3724.0000,3723.6000,3726.6000,3726.8000,3727.0000,3727.2000,3729.6000,1,2,3,1,3,5,1,4,1,1
SF,IF2005,2020-04-13 14:11:27.100,3726.2000,12084,0,6709637280.000,0,-,-,-,-,3726.0000,3725.8000,3725.6000,3724.0000,3723.6000,3726.8000,3727.0000,3727.2000,3729.6000,3729.8000,1,2,3,1,3,1,4,1,1,1
SF,IF2005,2020-04-13 14:11:28.600,3726.2000,12084,0,6709637280.000,0,-,-,-,-,3726.0000,3725.8000,3725.6000,3724.0000,3723.6000,3727.0000,3727.2000,3729.6000,3729.8000,3730.0000,1,2,3,1,3,4,1,1,1,2
SF,IF2005,2020-04-13 14:11:29.100,3726.2000,12084,0,6709637280.000,0,-,-,-,-,3726.0000,3725.8000,3725.6000,3724.0000,3723.6000,3726.8000,3727.0000,3727.2000,3729.6000,3729.8000,1,2,2,1,3,5,4,1,1,1
SF,IF2005,2020-04-13 14:11:30.100,3726.2000,12084,0,6709637280.000,0,-,-,-,-,3726.2000,3726.0000,3725.8000,3725.6000,3724.0000,3727.0000,3727.2000,3729.6000,3729.8000,3730.0000,1,1,1,2,1,3,1,1,1,2
SF,IF2005,2020-04-13 14:11:30.600,3726.2000,12084,0,6709637280.000,0,-,-,-,-,3726.8000,3726.2000,3726.0000,3725.6000,3724.0000,3727.0000,3727.2000,3729.6000,3729.8000,3730.0000,1,3,2,2,1,1,1,1,1,2
SF,IF2005,2020-04-13 14:11:31.100,3727.0000,12085,1,6710755380.000,1,1,0,双开,B,3726.8000,3726.2000,3726.0000,3725.6000,3724.0000,3727.2000,3729.6000,3729.8000,3730.0000,3730.2000,1,2,2,2,1,1,1,1,2,5
SF,IF2005,2020-04-13 14:11:31.600,3727.0000,12085,0,6710755380.000,0,-,-,-,-,3727.0000,3726.2000,3726.0000,3725.6000,3724.0000,3727.2000,3727.6000,3729.6000,3729.8000,3730.0000,1,2,2,2,1,1,1,1,1,2
SF,IF2005,2020-04-13 14:11:32.100,3727.2000,12086,1,6711873540.000,1,1,0,双开,B,3727.4000,3727.0000,3726.2000,3726.0000,3725.6000,3727.6000,3729.6000,3729.8000,3730.0000,3730.2000,1,1,1,2,2,1,1,1,2,5
SF,IF2005,2020-04-13 14:11:32.600,3727.6000,12087,1,6712991820.000,1,1,0,双开,B,3727.0000,3726.2000,3726.0000,3725.6000,3724.0000,3728.2000,3729.6000,3729.8000,3730.0000,3730.2000,1,1,2,2,1,1,1,1,2,5
SF,IF2005,2020-04-13 14:11:33.100,3727.6000,12087,0,6712991820.000,0,-,-,-,-,3727.4000,3727.2000,3727.0000,3726.2000,3726.0000,3728.2000,3729.6000,3729.8000,3730.0000,3730.2000,1,5,1,1,2,1,1,1,2,5
SF,IF2005,2020-04-13 14:11:33.600,3727.6000,12087,0,6712991820.000,0,-,-,-,-,3727.4000,3727.2000,3727.0000,3726.2000,3726.0000,3729.6000,3729.8000,3730.0000,3730.2000,3730.8000,1,6,1,1,2,1,1,2,5,1
SF,IF2005,2020-04-13 14:11:34.100,3727.6000,12087,0,6712991820.000,0,-,-,-,-,3727.6000,3727.4000,3727.2000,3727.0000,3726.2000,3728.6000,3729.0000,3729.2000,3729.4000,3729.6000,2,1,4,1,1,6,1,5,7,1
SF,IF2005,2020-04-13 14:11:34.600,3727.6000,12087,0,6712991820.000,0,-,-,-,-,3727.6000,3727.4000,3727.2000,3727.0000,3726.2000,3728.4000,3728.6000,3729.0000,3729.2000,3729.4000,2,1,4,1,1,2,6,1,5,6
SF,IF2005,2020-04-13 14:11:35.100,3727.6000,12087,0,6712991820.000,0,-,-,-,-,3727.4000,3727.2000,3727.0000,3726.2000,3726.0000,3728.4000,3728.6000,3729.2000,3729.4000,3729.6000,1,4,1,1,2,2,6,4,6,1
SF,IF2005,2020-04-13 14:11:36.600,3727.6000,12087,0,6712991820.000,0,-,-,-,-,3727.4000,3727.2000,3727.0000,3726.2000,3726.0000,3728.4000,3728.6000,3729.2000,3729.4000,3729.6000,1,4,1,1,2,2,6,3,6,1
SF,IF2005,2020-04-13 14:11:37.100,3727.6000,12087,0,6712991820.000,0,-,-,-,-,3727.4000,3727.2000,3727.0000,3726.2000,3726.0000,3728.2000,3728.4000,3728.6000,3729.2000,3729.4000,1,4,1,1,2,1,2,6,3,6
SF,IF2005,2020-04-13 14:11:37.600,3727.6000,12087,0,6712991820.000,0,-,-,-,-,3727.4000,3727.2000,3727.0000,3726.2000,3726.0000,3728.0000,3728.2000,3728.6000,3729.2000,3729.4000,1,4,1,1,2,2,6,6,3,6
SF,IF2005,2020-04-13 14:11:38.100,3727.6000,12087,0,6712991820.000,0,-,-,-,-,3727.4000,3727.2000,3727.0000,3726.2000,3726.0000,3728.0000,3728.2000,3728.6000,3729.2000,3729.4000,1,3,1,1,2,2,6,6,3,6
SF,IF2005,2020-04-13 14:11:38.600,3727.6000,12087,0,6712991820.000,0,-,-,-,-,3727.4000,3727.2000,3727.0000,3726.2000,3726.0000,3728.0000,3728.2000,3728.6000,3729.2000,3729.4000,1,3,1,1,2,2,6,5,3,6
SF,IF2005,2020-04-13 14:11:39.100,3727.6000,12087,0,6712991820.000,0,-,-,-,-,3727.2000,3727.0000,3726.2000,3726.0000,3724.0000,3728.0000,3728.2000,3728.6000,3729.2000,3729.4000,2,1,1,2,1,2,6,5,3,6
SF,IF2005,2020-04-13 14:11:39.600,3727.6000,12087,0,6712991820.000,0,-,-,-,-,3727.2000,3727.0000,3726.2000,3726.0000,3724.0000,3728.0000,3728.2000,3728.6000,3729.2000,3729.4000,2,1,1,2,1,2,5,5,3,6
SF,IF2005,2020-04-13 14:11:40.100,3727.6000,12087,0,6712991820.000,0,-,-,-,-,3727.2000,3727.0000,3726.2000,3726.0000,3724.0000,3727.8000,3728.0000,3728.2000,3728.6000,3729.2000,1,1,1,2,1,1,2,5,5,3
SF,IF2005,2020-04-13 14:11:41.600,3727.6000,12087,0,6712991820.000,0,-,-,-,-,3727.2000,3727.0000,3726.2000,3726.0000,3724.4000,3727.6000,3727.8000,3728.0000,3728.2000,3728.6000,1,1,1,2,2,1,1,2,5,5
SF,IF2005,2020-04-13 14:11:42.100,3727.6000,12087,0,6712991820.000,0,-,-,-,-,3727.0000,3726.2000,3726.0000,3724.4000,3724.0000,3727.6000,3728.0000,3728.2000,3728.6000,3729.2000,1,1,2,2,1,1,2,5,5,3
SF,IF2005,2020-04-13 14:11:42.600,3727.6000,12087,0,6712991820.000,0,-,-,-,-,3727.0000,3726.2000,3726.0000,3724.4000,3724.0000,3727.4000,3727.6000,3728.0000,3728.2000,3728.6000,1,1,2,2,1,1,1,2,5,5
SF,IF2005,2020-04-13 14:11:43.100,3727.6000,12087,0,6712991820.000,0,-,-,-,-,3727.0000,3726.2000,3726.0000,3724.4000,3724.0000,3727.4000,3727.6000,3728.0000,3728.2000,3729.2000,1,1,2,2,1,1,1,2,5,3
SF,IF2005,2020-04-13 14:11:43.600,3727.6000,12087,0,6712991820.000,0,-,-,-,-,3727.0000,3726.2000,3726.0000,3724.4000,3724.2000,3727.4000,3727.6000,3728.0000,3728.2000,3729.2000,1,1,2,2,8,1,1,2,5,3
SF,IF2005,2020-04-13 14:11:44.600,3727.6000,12087,0,6712991820.000,0,-,-,-,-,3727.0000,3726.2000,3726.0000,3724.4000,3724.2000,3727.4000,3727.6000,3728.0000,3728.2000,3729.2000,1,1,2,2,8,1,1,2,5,3
SF,IF2005,2020-04-13 14:11:46.100,3727.6000,12087,0,6712991820.000,0,-,-,-,-,3727.0000,3726.2000,3726.0000,3724.4000,3724.2000,3727.4000,3727.6000,3728.0000,3728.2000,3729.2000,1,1,2,2,8,1,1,2,5,2
SF,IF2005,2020-04-13 14:11:47.600,3727.6000,12087,0,6712991820.000,0,-,-,-,-,3727.0000,3726.2000,3726.0000,3724.4000,3724.2000,3727.4000,3727.6000,3728.0000,3728.2000,3729.2000,1,1,2,2,8,1,1,2,5,2
SF,IF2005,2020-04-13 14:11:49.100,3727.4000,12090,3,6716346480.000,3,3,0,双开,B,3727.0000,3726.2000,3726.0000,3724.4000,3724.2000,3727.2000,3727.6000,3728.0000,3728.2000,3729.2000,1,1,2,2,8,1,1,2,5,2
SF,IF2005,2020-04-13 14:11:49.600,3727.4000,12090,0,6716346480.000,0,-,-,-,-,3727.0000,3726.2000,3726.0000,3724.4000,3724.2000,3727.2000,3728.0000,3728.2000,3729.2000,3729.4000,1,1,2,2,8,2,2,5,2,6
SF,IF2005,2020-04-13 14:11:50.600,3727.0000,12091,1,6717464580.000,1,1,0,双开,B,3726.2000,3726.0000,3724.4000,3724.2000,3724.0000,3727.2000,3728.0000,3728.2000,3729.2000,3729.4000,1,2,2,8,5,1,2,5,2,6
SF,IF2005,2020-04-13 14:11:51.100,3727.0000,12091,0,6717464580.000,0,-,-,-,-,3726.6000,3726.4000,3726.2000,3726.0000,3724.4000,3727.2000,3728.0000,3728.2000,3729.2000,3729.4000,1,6,1,2,2,1,2,5,2,6
SF,IF2005,2020-04-13 14:11:51.600,3727.0000,12091,0,6717464580.000,0,-,-,-,-,3726.6000,3726.4000,3726.2000,3726.0000,3724.4000,3728.0000,3728.2000,3729.2000,3729.4000,3729.6000,2,6,1,2,2,2,5,2,6,1
SF,IF2005,2020-04-13 14:11:52.100,3727.0000,12091,0,6717464580.000,0,-,-,-,-,3726.8000,3726.6000,3726.4000,3726.2000,3726.0000,3727.8000,3728.0000,3728.2000,3729.2000,3729.4000,2,2,4,1,2,6,2,5,2,6
SF,IF2005,2020-04-13 14:11:52.600,3727.0000,12091,0,6717464580.000,0,-,-,-,-,3726.8000,3726.6000,3726.4000,3726.2000,3726.0000,3728.0000,3728.2000,3729.2000,3729.4000,3729.6000,2,2,4,1,2,2,5,2,6,1
SF,IF2005,2020-04-13 14:11:53.100,3727.0000,12091,0,6717464580.000,0,-,-,-,-,3726.8000,3726.6000,3726.4000,3726.2000,3726.0000,3728.0000,3728.2000,3729.2000,3729.4000,3729.6000,2,2,3,1,2,2,5,2,6,1
SF,IF2005,2020-04-13 14:11:53.600,3727.0000,12091,0,6717464580.000,0,-,-,-,-,3726.8000,3726.6000,3726.4000,3726.2000,3726.0000,3728.0000,3728.2000,3729.2000,3729.4000,3729.6000,2,2,3,1,2,2,5,2,6,1
SF,IF2005,2020-04-13 14:11:54.100,3727.0000,12091,0,6717464580.000,0,-,-,-,-,3726.8000,3726.6000,3726.4000,3726.2000,3726.0000,3728.0000,3728.2000,3729.2000,3729.4000,3729.6000,2,2,2,1,2,2,5,2,6,1
SF,IF2005,2020-04-13 14:11:54.600,3727.0000,12091,0,6717464580.000,0,-,-,-,-,3726.6000,3726.4000,3726.2000,3726.0000,3725.0000,3727.6000,3727.8000,3728.0000,3728.2000,3729.2000,2,1,1,2,3,6,2,2,5,2
SF,IF2005,2020-04-13 14:11:55.100,3727.0000,12091,0,6717464580.000,0,-,-,-,-,3726.6000,3726.4000,3726.2000,3726.0000,3725.0000,3727.4000,3727.6000,3727.8000,3728.2000,3729.2000,1,1,1,2,3,3,6,2,5,2
SF,IF2005,2020-04-13 14:11:55.600,3727.0000,12091,0,6717464580.000,0,-,-,-,-,3726.4000,3726.2000,3726.0000,3725.0000,3724.4000,3727.4000,3727.6000,3727.8000,3728.2000,3729.2000,1,1,2,3,2,2,6,2,5,2
SF,IF2005,2020-04-13 14:11:56.100,3727.0000,12091,0,6717464580.000,0,-,-,-,-,3726.6000,3726.4000,3726.2000,3726.0000,3725.0000,3727.2000,3727.4000,3727.6000,3727.8000,3728.2000,1,1,1,2,3,1,2,6,2,5
SF,IF2005,2020-04-13 14:11:59.600,3727.0000,12091,0,6717464580.000,0,-,-,-,-,3726.6000,3726.4000,3726.2000,3726.0000,3724.4000,3727.2000,3727.4000,3727.6000,3727.8000,3728.2000,1,1,1,2,2,1,2,6,2,5
SF,IF2005,2020-04-13 14:12:01.100,3727.0000,12091,0,6717464580.000,0,-,-,-,-,3726.6000,3726.4000,3726.2000,3726.0000,3724.4000,3727.2000,3727.4000,3727.6000,3727.8000,3728.2000,1,1,1,2,2,1,2,5,2,5
SF,IF2005,2020-04-13 14:12:01.600,3727.0000,12091,0,6717464580.000,0,-,-,-,-,3726.6000,3726.4000,3726.2000,3726.0000,3724.4000,3727.2000,3727.4000,3727.8000,3728.2000,3729.2000,1,1,1,2,2,1,2,2,5,2
SF,IF2005,2020-04-13 14:12:02.100,3727.0000,12091,0,6717464580.000,0,-,-,-,-,3726.6000,3726.4000,3726.2000,3726.0000,3724.4000,3727.4000,3727.8000,3728.2000,3729.2000,3729.4000,1,1,1,2,2,2,2,5,2,6
SF,IF2005,2020-04-13 14:12:04.600,3727.0000,12091,0,6717464580.000,0,-,-,-,-,3726.6000,3726.4000,3726.2000,3726.0000,3724.2000,3727.4000,3727.8000,3728.2000,3729.2000,3729.4000,1,1,1,2,8,2,2,5,2,6
SF,IF2005,2020-04-13 14:12:06.600,3727.0000,12091,0,6717464580.000,0,-,-,-,-,3726.6000,3726.4000,3726.2000,3726.0000,3724.2000,3727.4000,3728.2000,3729.2000,3729.4000,3729.6000,1,1,1,2,8,2,5,2,6,1
SF,IF2005,2020-04-13 14:12:08.100,3727.0000,12091,0,6717464580.000,0,-,-,-,-,3726.6000,3726.4000,3726.2000,3726.0000,3724.2000,3727.4000,3728.2000,3728.8000,3729.2000,3729.4000,1,1,1,2,8,2,5,2,2,6
SF,IF2005,2020-04-13 14:12:08.600,3727.0000,12091,0,6717464580.000,0,-,-,-,-,3726.6000,3726.4000,3726.2000,3726.0000,3724.2000,3727.4000,3728.2000,3728.8000,3729.2000,3729.4000,1,1,1,2,8,2,5,2,2,6
SF,IF2005,2020-04-13 14:12:09.100,3727.0000,12091,0,6717464580.000,0,-,-,-,-,3726.6000,3726.4000,3726.2000,3726.0000,3724.2000,3727.4000,3728.2000,3728.8000,3729.2000,3729.4000,1,1,1,2,8,2,5,2,2,6
SF,IF2005,2020-04-13 14:12:09.600,3727.0000,12091,0,6717464580.000,0,-,-,-,-,3726.6000,3726.4000,3726.2000,3726.0000,3724.2000,3727.4000,3728.2000,3728.8000,3729.2000,3729.4000,1,1,1,2,8,2,5,2,2,6
SF,IF2005,2020-04-13 14:12:10.100,3727.0000,12091,0,6717464580.000,0,-,-,-,-,3726.4000,3726.2000,3726.0000,3724.2000,3724.0000,3727.4000,3728.2000,3728.8000,3729.2000,3729.4000,1,1,2,8,8,3,5,2,2,6
SF,IF2005,2020-04-13 14:12:10.600,3727.0000,12091,0,6717464580.000,0,-,-,-,-,3726.4000,3726.2000,3726.0000,3724.2000,3724.0000,3727.2000,3727.4000,3728.2000,3728.8000,3729.2000,1,1,2,8,8,5,3,5,2,2
SF,IF2005,2020-04-13 14:12:11.100,3727.0000,12091,0,6717464580.000,0,-,-,-,-,3726.4000,3726.2000,3726.0000,3724.2000,3724.0000,3727.0000,3727.4000,3728.2000,3728.6000,3728.8000,1,1,2,8,8,1,2,5,1,2
SF,IF2005,2020-04-13 14:12:11.600,3727.0000,12091,0,6717464580.000,0,-,-,-,-,3726.4000,3726.2000,3726.0000,3724.2000,3724.0000,3727.4000,3728.6000,3728.8000,3729.2000,3729.4000,1,1,2,8,8,2,1,2,2,6
SF,IF2005,2020-04-13 14:12:12.100,3727.0000,12091,0,6717464580.000,0,-,-,-,-,3726.4000,3726.2000,3726.0000,3724.2000,3724.0000,3727.4000,3728.6000,3728.8000,3729.2000,3729.4000,1,1,2,8,8,2,1,2,2,6
SF,IF2005,2020-04-13 14:12:12.600,3727.4000,12092,1,6718582800.000,1,1,0,双开,B,3726.4000,3726.2000,3726.0000,3724.2000,3724.0000,3727.4000,3728.6000,3728.8000,3729.2000,3729.4000,1,1,2,8,8,1,1,2,2,6
SF,IF2005,2020-04-13 14:12:13.100,3727.4000,12092,0,6718582800.000,0,-,-,-,-,3726.4000,3726.2000,3726.0000,3724.2000,3724.0000,3727.2000,3727.4000,3728.6000,3728.8000,3729.2000,1,1,2,8,8,5,1,1,2,2
SF,IF2005,2020-04-13 14:12:13.600,3727.4000,12094,2,6720819240.000,2,2,0,双开,B,3726.2000,3726.0000,3724.2000,3724.0000,3723.6000,3727.2000,3727.4000,3728.6000,3728.8000,3729.2000,1,2,8,8,8,3,1,1,2,2
SF,IF2005,2020-04-13 14:12:14.100,3727.4000,12094,0,6720819240.000,0,-,-,-,-,3726.4000,3726.2000,3726.0000,3724.2000,3724.0000,3727.0000,3727.2000,3727.4000,3728.6000,3728.8000,2,1,2,8,8,1,3,1,1,2
SF,IF2005,2020-04-13 14:12:14.600,3727.4000,12094,0,6720819240.000,0,-,-,-,-,3726.4000,3726.2000,3726.0000,3724.2000,3724.0000,3727.2000,3727.4000,3728.6000,3728.8000,3729.2000,2,1,2,8,8,3,1,1,2,2
SF,IF2005,2020-04-13 14:12:15.600,3727.4000,12094,0,6720819240.000,0,-,-,-,-,3726.4000,3726.0000,3724.2000,3724.0000,3723.6000,3727.2000,3727.4000,3728.6000,3728.8000,3729.2000,2,2,8,8,8,4,1,1,2,2
SF,IF2005,2020-04-13 14:12:16.100,3727.4000,12094,0,6720819240.000,0,-,-,-,-,3726.4000,3726.0000,3724.2000,3724.0000,3723.6000,3727.0000,3727.2000,3727.4000,3728.6000,3728.8000,2,2,8,8,8,1,3,1,1,2
SF,IF2005,2020-04-13 14:12:16.600,3727.4000,12094,0,6720819240.000,0,-,-,-,-,3726.0000,3724.2000,3724.0000,3723.6000,3723.4000,3727.0000,3727.2000,3727.4000,3728.6000,3728.8000,1,8,8,8,1,6,3,1,1,2
SF,IF2005,2020-04-13 14:12:17.100,3726.0000,12094,0,6721937040.000,1,0,1,空换,B,3724.2000,3724.0000,3723.6000,3723.4000,3723.0000,3727.0000,3727.2000,3727.4000,3728.6000,3728.8000,8,8,8,1,1,6,3,1,1,2
SF,IF2005,2020-04-13 14:12:17.600,3726.0000,12094,0,6721937040.000,0,-,-,-,-,3725.6000,3725.4000,3725.2000,3725.0000,3724.6000,3726.8000,3727.0000,3727.2000,3728.6000,3728.8000,2,2,2,2,2,1,6,3,1,2
SF,IF2005,2020-04-13 14:12:18.100,3726.0000,12094,0,6721937040.000,0,-,-,-,-,3725.8000,3725.6000,3725.4000,3725.2000,3725.0000,3726.8000,3727.0000,3727.2000,3728.6000,3728.8000,1,2,2,2,2,2,6,3,1,2
SF,IF2005,2020-04-13 14:12:18.600,3726.0000,12094,0,6721937040.000,0,-,-,-,-,3725.8000,3725.6000,3725.4000,3725.2000,3725.0000,3726.8000,3727.0000,3727.2000,3728.6000,3728.8000,1,2,1,2,2,2,6,3,1,2
SF,IF2005,2020-04-13 14:12:19.100,3726.0000,12094,0,6721937040.000,0,-,-,-,-,3725.8000,3725.6000,3725.4000,3725.2000,3725.0000,3726.8000,3727.0000,3727.2000,3728.6000,3728.8000,1,2,1,2,2,2,6,3,1,2
SF,IF2005,2020-04-13 14:12:19.600,3726.0000,12094,0,6721937040.000,0,-,-,-,-,3725.8000,3725.6000,3725.4000,3725.2000,3725.0000,3726.8000,3727.0000,3727.2000,3728.6000,3728.8000,1,2,1,2,2,2,6,3,1,2
SF,IF2005,2020-04-13 14:12:20.100,3726.0000,12094,0,6721937040.000,0,-,-,-,-,3725.8000,3725.6000,3725.4000,3725.2000,3725.0000,3726.8000,3727.0000,3727.2000,3728.6000,3728.8000,1,2,1,2,2,3,6,3,1,2
SF,IF2005,2020-04-13 14:12:21.100,3726.0000,12094,0,6721937040.000,0,-,-,-,-,3725.8000,3725.6000,3725.4000,3725.2000,3725.0000,3726.8000,3727.0000,3727.2000,3728.6000,3728.8000,1,2,1,2,2,3,6,3,1,2
SF,IF2005,2020-04-13 14:12:21.600,3726.0000,12094,0,6721937040.000,0,-,-,-,-,3725.8000,3725.6000,3725.4000,3725.2000,3725.0000,3726.8000,3727.0000,3727.2000,3728.6000,3728.8000,1,2,1,2,2,2,6,3,1,2
SF,IF2005,2020-04-13 14:12:22.100,3726.0000,12094,0,6721937040.000,0,-,-,-,-,3725.8000,3725.6000,3725.4000,3725.2000,3725.0000,3726.8000,3727.0000,3727.2000,3728.6000,3728.8000,1,2,1,2,2,3,6,3,1,2
SF,IF2005,2020-04-13 14:12:22.600,3726.0000,12094,0,6721937040.000,0,-,-,-,-,3726.0000,3725.8000,3725.6000,3725.4000,3725.2000,3726.8000,3727.0000,3727.2000,3728.6000,3728.8000,2,1,1,1,2,3,6,3,1,2
SF,IF2005,2020-04-13 14:12:23.100,3726.8000,12095,1,6723055080.000,1,1,0,双开,B,3726.0000,3725.8000,3725.2000,3725.0000,3724.6000,3727.0000,3727.2000,3728.6000,3728.8000,3729.2000,5,1,1,2,2,1,3,1,2,2
SF,IF2005,2020-04-13 14:12:23.600,3726.8000,12095,0,6723055080.000,0,-,-,-,-,3726.0000,3725.8000,3725.2000,3725.0000,3724.6000,3727.2000,3728.6000,3728.8000,3729.2000,3729.4000,4,1,1,2,2,3,1,2,2,6
SF,IF2005,2020-04-13 14:12:24.100,3726.8000,12095,0,6723055080.000,0,-,-,-,-,3726.4000,3726.2000,3726.0000,3725.2000,3725.0000,3727.2000,3728.6000,3728.8000,3729.2000,3729.4000,1,5,4,1,2,1,1,2,2,6
SF,IF2005,2020-04-13 14:12:24.600,3726.8000,12095,0,6723055080.000,0,-,-,-,-,3726.4000,3726.2000,3726.0000,3725.2000,3725.0000,3727.2000,3727.8000,3728.6000,3728.8000,3729.2000,2,5,3,1,2,1,1,1,2,2
SF,IF2005,2020-04-13 14:12:25.100,3726.8000,12095,0,6723055080.000,0,-,-,-,-,3726.4000,3726.2000,3726.0000,3725.2000,3725.0000,3727.8000,3728.6000,3728.8000,3729.2000,3729.4000,1,4,3,1,2,1,1,2,2,6
SF,IF2005,2020-04-13 14:12:25.600,3726.8000,12095,0,6723055080.000,0,-,-,-,-,3726.6000,3726.4000,3726.2000,3726.0000,3725.2000,3727.8000,3728.6000,3728.8000,3729.2000,3729.4000,2,1,4,1,1,1,1,2,2,6
SF,IF2005,2020-04-13 14:12:26.100,3726.8000,12095,0,6723055080.000,0,-,-,-,-,3727.2000,3726.6000,3726.4000,3726.2000,3726.0000,3727.6000,3727.8000,3728.6000,3728.8000,3729.2000,1,2,1,4,1,8,2,1,2,2
SF,IF2005,2020-04-13 14:12:27.100,3726.8000,12095,0,6723055080.000,0,-,-,-,-,3727.2000,3726.6000,3726.4000,3726.2000,3726.0000,3727.6000,3727.8000,3728.6000,3728.8000,3729.2000,1,2,1,4,1,8,1,1,2,2
SF,IF2005,2020-04-13 14:12:27.600,3727.2000,12096,1,6724173240.000,1,1,0,双开,B,3726.6000,3726.4000,3726.2000,3726.0000,3725.2000,3727.6000,3728.6000,3728.8000,3729.2000,3729.4000,2,1,4,1,1,8,1,2,2,6
SF,IF2005,2020-04-13 14:12:28.100,3727.2000,12096,0,6724173240.000,0,-,-,-,-,3726.6000,3726.4000,3726.2000,3726.0000,3725.2000,3727.6000,3728.6000,3728.8000,3729.2000,3729.4000,2,1,4,1,1,8,1,2,2,6
SF,IF2005,2020-04-13 14:12:29.600,3727.2000,12096,0,6724173240.000,0,-,-,-,-,3726.6000,3726.4000,3726.2000,3726.0000,3725.2000,3727.6000,3728.6000,3728.8000,3729.2000,3729.4000,2,1,4,1,1,8,1,2,2,6
SF,IF2005,2020-04-13 14:12:30.100,3727.2000,12096,0,6724173240.000,0,-,-,-,-,3726.6000,3726.4000,3726.2000,3726.0000,3725.2000,3727.6000,3728.6000,3728.8000,3729.2000,3729.4000,2,1,4,1,1,9,1,2,2,6
SF,IF2005,2020-04-13 14:12:30.600,3727.2000,12096,0,6724173240.000,0,-,-,-,-,3726.6000,3726.4000,3726.2000,3726.0000,3725.2000,3727.6000,3728.6000,3728.8000,3729.2000,3729.4000,2,1,4,1,1,8,1,2,2,6
SF,IF2005,2020-04-13 14:12:31.100,3727.2000,12096,0,6724173240.000,0,-,-,-,-,3726.6000,3726.4000,3726.2000,3726.0000,3725.2000,3727.6000,3728.6000,3728.8000,3729.2000,3729.4000,2,1,4,1,1,8,1,2,2,6
SF,IF2005,2020-04-13 14:12:31.600,3727.2000,12096,0,6724173240.000,0,-,-,-,-,3726.6000,3726.4000,3726.2000,3726.0000,3725.2000,3727.6000,3728.6000,3728.8000,3729.2000,3729.4000,2,1,4,1,1,8,1,2,2,6
SF,IF2005,2020-04-13 14:12:32.100,3727.2000,12096,0,6724173240.000,0,-,-,-,-,3726.6000,3726.4000,3726.2000,3726.0000,3725.2000,3727.6000,3728.6000,3728.8000,3729.2000,3729.4000,2,1,4,1,1,8,1,2,2,6
SF,IF2005,2020-04-13 14:12:32.600,3727.2000,12096,0,6724173240.000,0,-,-,-,-,3726.6000,3726.4000,3726.2000,3726.0000,3725.2000,3727.6000,3728.6000,3728.8000,3729.2000,3729.4000,2,1,4,1,1,9,1,2,2,6
SF,IF2005,2020-04-13 14:12:33.100,3727.2000,12096,0,6724173240.000,0,-,-,-,-,3726.6000,3726.4000,3726.2000,3726.0000,3725.2000,3727.6000,3728.6000,3728.8000,3729.2000,3729.4000,2,1,4,1,1,8,1,2,2,6
SF,IF2005,2020-04-13 14:12:33.600,3727.2000,12096,0,6724173240.000,0,-,-,-,-,3726.6000,3726.4000,3726.2000,3726.0000,3725.2000,3727.4000,3727.6000,3728.6000,3728.8000,3729.2000,2,1,4,1,1,3,8,1,2,2
SF,IF2005,2020-04-13 14:12:34.100,3727.2000,12096,0,6724173240.000,0,-,-,-,-,3726.6000,3726.4000,3726.2000,3726.0000,3725.2000,3727.4000,3727.6000,3728.6000,3728.8000,3729.2000,2,1,4,1,1,3,8,1,2,2
SF,IF2005,2020-04-13 14:12:34.600,3727.2000,12096,0,6724173240.000,0,-,-,-,-,3726.6000,3726.4000,3726.2000,3726.0000,3725.2000,3727.4000,3727.6000,3728.6000,3728.8000,3729.2000,2,1,4,1,1,3,8,2,2,2
SF,IF2005,2020-04-13 14:12:35.100,3727.2000,12096,0,6724173240.000,0,-,-,-,-,3726.6000,3726.4000,3726.2000,3726.0000,3725.2000,3727.4000,3727.6000,3728.6000,3728.8000,3729.2000,2,1,4,1,1,3,8,2,2,2
SF,IF2005,2020-04-13 14:12:35.600,3727.2000,12096,0,6724173240.000,0,-,-,-,-,3726.4000,3726.2000,3726.0000,3725.2000,3725.0000,3727.0000,3727.4000,3727.6000,3728.6000,3728.8000,1,3,1,1,2,1,3,8,2,2
SF,IF2005,2020-04-13 14:12:36.100,3727.2000,12096,0,6724173240.000,0,-,-,-,-,3726.4000,3726.2000,3726.0000,3725.2000,3725.0000,3727.0000,3727.2000,3727.4000,3727.6000,3728.6000,1,1,1,1,2,2,1,3,8,2
SF,IF2005,2020-04-13 14:12:36.600,3727.2000,12096,0,6724173240.000,0,-,-,-,-,3726.4000,3726.2000,3726.0000,3725.2000,3725.0000,3727.2000,3727.4000,3727.6000,3728.6000,3728.8000,1,1,1,1,2,1,3,8,2,2
SF,IF2005,2020-04-13 14:12:37.100,3727.2000,12096,0,6724173240.000,0,-,-,-,-,3726.4000,3726.2000,3726.0000,3725.2000,3725.0000,3727.2000,3727.4000,3727.6000,3728.6000,3728.8000,1,1,1,1,2,1,3,8,2,2
SF,IF2005,2020-04-13 14:12:37.600,3727.2000,12096,0,6724173240.000,0,-,-,-,-,3726.4000,3726.2000,3726.0000,3725.2000,3725.0000,3727.2000,3727.4000,3727.6000,3728.6000,3728.8000,1,1,1,1,2,1,3,8,2,2
SF,IF2005,2020-04-13 14:12:38.100,3727.2000,12096,0,6724173240.000,0,-,-,-,-,3726.4000,3726.2000,3726.0000,3725.2000,3725.0000,3727.2000,3727.4000,3727.6000,3728.6000,3728.8000,1,1,1,1,2,1,3,8,2,2
SF,IF2005,2020-04-13 14:12:38.600,3727.2000,12096,0,6724173240.000,0,-,-,-,-,3726.4000,3726.2000,3726.0000,3725.2000,3725.0000,3727.2000,3727.4000,3727.6000,3728.6000,3728.8000,1,1,1,1,2,1,3,8,2,2
SF,IF2005,2020-04-13 14:12:39.100,3727.2000,12096,0,6724173240.000,0,-,-,-,-,3726.4000,3726.2000,3726.0000,3725.2000,3725.0000,3727.2000,3727.4000,3727.6000,3728.6000,3728.8000,1,1,1,1,2,1,3,8,2,2
SF,IF2005,2020-04-13 14:12:39.600,3727.2000,12096,0,6724173240.000,0,-,-,-,-,3726.4000,3726.2000,3726.0000,3725.2000,3725.0000,3727.2000,3727.4000,3727.6000,3728.6000,3728.8000,1,1,1,1,2,1,3,8,2,2
SF,IF2005,2020-04-13 14:12:40.100,3727.2000,12096,0,6724173240.000,0,-,-,-,-,3726.4000,3726.2000,3726.0000,3725.2000,3725.0000,3727.2000,3727.4000,3727.6000,3728.6000,3728.8000,1,1,1,1,2,1,3,8,2,2
SF,IF2005,2020-04-13 14:12:40.600,3727.2000,12096,0,6724173240.000,0,-,-,-,-,3726.4000,3726.2000,3726.0000,3725.2000,3725.0000,3727.2000,3727.4000,3727.6000,3728.6000,3728.8000,1,1,1,1,2,1,3,8,2,2
SF,IF2005,2020-04-13 14:12:41.100,3727.2000,12096,0,6724173240.000,0,-,-,-,-,3726.4000,3726.2000,3726.0000,3725.2000,3725.0000,3727.2000,3727.4000,3727.6000,3728.6000,3728.8000,1,1,1,1,2,2,3,8,2,2
SF,IF2005,2020-04-13 14:12:41.600,3727.2000,12096,0,6724173240.000,0,-,-,-,-,3726.4000,3726.2000,3726.0000,3725.2000,3725.0000,3727.2000,3727.4000,3727.6000,3728.6000,3728.8000,1,1,1,1,2,2,3,8,2,2
SF,IF2005,2020-04-13 14:12:42.100,3727.2000,12097,1,6725291400.000,1,1,0,双开,B,3726.4000,3726.2000,3726.0000,3725.2000,3725.0000,3727.0000,3727.4000,3727.6000,3728.6000,3728.8000,1,1,1,1,2,1,3,8,2,2
SF,IF2005,2020-04-13 14:12:42.600,3727.2000,12097,0,6725291400.000,0,-,-,-,-,3726.4000,3726.2000,3726.0000,3725.2000,3725.0000,3727.4000,3727.6000,3728.6000,3728.8000,3729.2000,1,1,1,1,2,3,8,2,2,2
SF,IF2005,2020-04-13 14:12:43.100,3727.2000,12097,0,6725291400.000,0,-,-,-,-,3726.4000,3726.2000,3726.0000,3725.2000,3725.0000,3727.2000,3727.4000,3727.6000,3728.6000,3728.8000,1,1,1,1,2,3,3,5,2,2
SF,IF2005,2020-04-13 14:12:43.600,3727.2000,12097,0,6725291400.000,0,-,-,-,-,3726.2000,3725.2000,3725.0000,3724.6000,3724.4000,3727.0000,3727.2000,3727.4000,3727.6000,3728.6000,1,1,2,2,13,1,4,3,5,2
SF,IF2005,2020-04-13 14:12:44.100,3727.2000,12097,0,6725291400.000,0,-,-,-,-,3725.2000,3725.0000,3724.6000,3724.4000,3724.2000,3726.8000,3727.0000,3727.2000,3727.4000,3727.6000,1,2,2,13,1,1,1,4,3,5
SF,IF2005,2020-04-13 14:12:44.600,3727.2000,12097,0,6725291400.000,0,-,-,-,-,3725.8000,3725.6000,3725.4000,3725.2000,3725.0000,3726.8000,3727.2000,3727.4000,3727.6000,3728.6000,1,1,6,1,2,1,2,3,5,2
SF,IF2005,2020-04-13 14:12:45.100,3727.2000,12097,0,6725291400.000,0,-,-,-,-,3725.8000,3725.6000,3725.4000,3725.2000,3725.0000,3727.2000,3727.4000,3727.6000,3728.6000,3728.8000,1,1,7,1,2,1,3,5,2,2
SF,IF2005,2020-04-13 14:12:45.600,3727.2000,12097,0,6725291400.000,0,-,-,-,-,3726.0000,3725.8000,3725.6000,3725.4000,3725.2000,3727.0000,3727.2000,3727.4000,3727.6000,3728.6000,2,1,1,5,1,1,2,3,5,2
SF,IF2005,2020-04-13 14:12:46.100,3727.2000,12097,0,6725291400.000,0,-,-,-,-,3726.0000,3725.8000,3725.6000,3725.4000,3725.2000,3726.8000,3727.0000,3727.2000,3727.4000,3727.6000,2,1,1,5,1,3,3,1,3,5
SF,IF2005,2020-04-13 14:12:46.600,3727.2000,12097,0,6725291400.000,0,-,-,-,-,3725.8000,3725.6000,3725.4000,3725.2000,3725.0000,3726.6000,3726.8000,3727.0000,3727.4000,3727.6000,1,1,5,1,2,1,4,1,3,5
SF,IF2005,2020-04-13 14:12:47.100,3727.2000,12097,0,6725291400.000,0,-,-,-,-,3725.8000,3725.6000,3725.4000,3725.2000,3725.0000,3726.4000,3726.6000,3726.8000,3727.0000,3727.4000,1,1,3,1,2,1,3,4,1,3
SF,IF2005,2020-04-13 14:12:47.600,3727.2000,12097,0,6725291400.000,0,-,-,-,-,3725.8000,3725.6000,3725.4000,3725.2000,3725.0000,3726.6000,3726.8000,3727.4000,3727.8000,3728.6000,1,1,3,1,1,2,4,3,2,2
SF,IF2005,2020-04-13 14:12:48.100,3727.2000,12097,0,6725291400.000,0,-,-,-,-,3725.8000,3725.6000,3725.4000,3724.4000,3724.2000,3726.2000,3726.4000,3726.6000,3726.8000,3727.4000,1,1,2,1,1,5,2,1,1,3
SF,IF2005,2020-04-13 14:12:48.600,3727.2000,12097,0,6725291400.000,0,-,-,-,-,3725.6000,3725.4000,3724.4000,3724.2000,3724.0000,3726.2000,3726.4000,3726.6000,3727.8000,3728.6000,1,1,1,1,7,6,3,1,2,2
SF,IF2005,2020-04-13 14:12:49.100,3727.2000,12097,0,6725291400.000,0,-,-,-,-,3725.6000,3725.4000,3724.4000,3724.2000,3724.0000,3726.2000,3726.4000,3726.6000,3727.8000,3728.6000,1,1,1,1,7,6,3,1,2,2
SF,IF2005,2020-04-13 14:12:49.600,3727.2000,12097,0,6725291400.000,0,-,-,-,-,3725.6000,3725.4000,3724.4000,3724.2000,3724.0000,3726.2000,3726.4000,3726.6000,3727.8000,3728.6000,1,1,1,1,7,6,3,1,2,2
SF,IF2005,2020-04-13 14:12:50.100,3726.2000,12098,1,6726409260.000,1,1,0,双开,B,3725.6000,3725.4000,3724.4000,3724.2000,3724.0000,3726.4000,3726.6000,3727.8000,3728.6000,3729.2000,1,1,1,1,7,3,1,2,2,2
SF,IF2005,2020-04-13 14:12:53.100,3726.4000,12099,1,6727527180.000,1,1,0,双开,B,3725.6000,3725.4000,3724.4000,3724.2000,3724.0000,3726.4000,3726.6000,3727.8000,3728.6000,3729.2000,1,1,1,1,7,2,1,2,2,2
SF,IF2005,2020-04-13 14:12:53.600,3726.4000,12099,0,6727527180.000,0,-,-,-,-,3725.6000,3725.4000,3724.4000,3724.2000,3724.0000,3726.4000,3726.6000,3727.8000,3728.6000,3729.2000,1,1,1,1,7,1,1,2,2,2
SF,IF2005,2020-04-13 14:12:54.600,3725.6000,12100,1,6728644860.000,1,1,0,双开,B,3725.4000,3724.4000,3724.2000,3724.0000,3723.0000,3726.4000,3726.6000,3727.8000,3728.6000,3729.2000,1,1,1,7,1,1,1,2,2,2
SF,IF2005,2020-04-13 14:12:55.100,3725.6000,12100,0,6728644860.000,0,-,-,-,-,3725.6000,3724.4000,3724.2000,3724.0000,3723.0000,3726.4000,3726.6000,3727.8000,3728.6000,3729.2000,2,1,1,7,1,2,1,2,2,2
SF,IF2005,2020-04-13 14:12:56.600,3725.6000,12100,0,6728644860.000,0,-,-,-,-,3725.6000,3724.4000,3724.2000,3724.0000,3723.0000,3726.4000,3726.6000,3727.8000,3728.6000,3729.2000,2,1,1,7,1,2,1,2,2,2
SF,IF2005,2020-04-13 14:12:57.100,3725.6000,12100,0,6728644860.000,0,-,-,-,-,3725.6000,3724.4000,3724.2000,3724.0000,3723.0000,3726.4000,3726.6000,3727.8000,3728.6000,3729.2000,2,1,1,7,1,2,1,2,2,2
SF,IF2005,2020-04-13 14:12:58.100,3725.6000,12100,0,6728644860.000,0,-,-,-,-,3725.6000,3724.4000,3724.2000,3724.0000,3723.0000,3726.2000,3726.4000,3726.6000,3727.8000,3728.6000,2,1,1,7,1,5,2,1,2,2
SF,IF2005,2020-04-13 14:12:58.600,3726.2000,12101,1,6729762720.000,1,1,0,双开,B,3725.6000,3724.4000,3724.2000,3724.0000,3723.0000,3726.2000,3726.4000,3727.8000,3728.6000,3729.2000,2,1,1,7,1,4,1,2,2,2
SF,IF2005,2020-04-13 14:12:59.100,3725.6000,12101,0,6731998080.000,2,1,1,空换,B,3724.4000,3724.2000,3724.0000,3723.0000,3722.8000,3726.0000,3726.2000,3726.4000,3727.8000,3728.6000,1,1,7,1,6,3,4,1,2,2
SF,IF2005,2020-04-13 14:12:59.600,3725.8000,12104,3,6735351300.000,3,3,0,双开,B,3725.2000,3724.8000,3724.6000,3724.4000,3724.2000,3726.4000,3727.8000,3728.6000,3729.2000,3729.4000,2,4,4,1,1,1,2,2,2,6
SF,IF2005,2020-04-13 14:13:00.100,3725.8000,12104,0,6735351300.000,0,-,-,-,-,3725.2000,3724.8000,3724.6000,3724.4000,3724.0000,3726.2000,3726.4000,3727.8000,3728.6000,3729.2000,2,4,5,1,3,3,1,2,2,2
SF,IF2005,2020-04-13 14:13:00.600,3725.8000,12104,0,6735351300.000,0,-,-,-,-,3726.0000,3725.2000,3724.8000,3724.6000,3724.4000,3726.2000,3726.4000,3727.8000,3728.6000,3729.2000,3,2,3,5,1,3,1,2,2,2
SF,IF2005,2020-04-13 14:13:01.100,3726.2000,12107,3,6738704880.000,3,3,0,双开,B,3726.0000,3725.6000,3725.2000,3724.8000,3724.6000,3727.8000,3728.6000,3729.2000,3729.4000,3729.6000,3,1,1,2,5,2,2,2,6,1
SF,IF2005,2020-04-13 14:13:01.600,3726.2000,12108,1,6739822740.000,1,1,0,双开,B,3726.2000,3726.0000,3725.2000,3724.8000,3724.6000,3727.2000,3727.4000,3727.6000,3727.8000,3728.6000,3,3,1,2,3,5,2,5,2,2
SF,IF2005,2020-04-13 14:13:02.100,3726.2000,12108,0,6739822740.000,0,-,-,-,-,3726.2000,3726.0000,3725.2000,3724.8000,3724.6000,3726.6000,3727.0000,3727.2000,3727.4000,3727.6000,2,3,1,2,3,2,3,5,3,4
SF,IF2005,2020-04-13 14:13:02.600,3726.2000,12108,0,6739822740.000,0,-,-,-,-,3726.2000,3726.0000,3725.2000,3724.8000,3724.6000,3727.0000,3727.2000,3727.4000,3727.6000,3727.8000,2,3,1,2,3,2,5,2,3,2
SF,IF2005,2020-04-13 14:13:04.100,3726.2000,12108,0,6739822740.000,0,-,-,-,-,3726.2000,3726.0000,3725.2000,3724.8000,3724.6000,3727.0000,3727.2000,3727.4000,3727.6000,3727.8000,2,3,1,2,3,2,5,2,3,2
SF,IF2005,2020-04-13 14:13:06.100,3726.2000,12108,0,6739822740.000,0,-,-,-,-,3726.2000,3726.0000,3725.2000,3724.8000,3724.6000,3727.0000,3727.2000,3727.4000,3727.6000,3727.8000,2,3,1,2,3,2,5,2,3,2
SF,IF2005,2020-04-13 14:13:09.600,3726.2000,12108,0,6739822740.000,0,-,-,-,-,3726.2000,3726.0000,3725.2000,3724.8000,3724.6000,3727.0000,3727.2000,3727.4000,3727.6000,3727.8000,2,3,1,2,3,2,5,2,3,2
SF,IF2005,2020-04-13 14:13:12.600,3726.2000,12108,0,6739822740.000,0,-,-,-,-,3726.2000,3726.0000,3725.2000,3724.8000,3724.6000,3727.0000,3727.2000,3727.4000,3727.6000,3727.8000,2,3,1,2,3,2,5,1,3,2
SF,IF2005,2020-04-13 14:13:13.600,3726.2000,12108,0,6739822740.000,0,-,-,-,-,3726.2000,3726.0000,3725.2000,3724.8000,3724.6000,3727.0000,3727.2000,3727.4000,3727.6000,3727.8000,4,3,1,2,3,2,5,1,3,2
SF,IF2005,2020-04-13 14:13:14.600,3726.2000,12108,0,6739822740.000,0,-,-,-,-,3726.2000,3726.0000,3725.6000,3725.2000,3724.8000,3726.8000,3727.0000,3727.2000,3727.4000,3727.6000,4,3,1,1,2,2,2,5,1,3
SF,IF2005,2020-04-13 14:13:15.100,3726.2000,12108,0,6739822740.000,0,-,-,-,-,3726.2000,3726.0000,3725.6000,3725.2000,3724.8000,3726.6000,3726.8000,3727.0000,3727.2000,3727.4000,4,3,1,1,2,1,3,2,5,1
SF,IF2005,2020-04-13 14:13:15.600,3726.2000,12111,3,6744294180.000,4,3,1,多开,B,3726.0000,3725.6000,3725.2000,3724.8000,3724.6000,3726.8000,3727.0000,3727.2000,3727.6000,3727.8000,3,1,1,2,3,3,2,5,3,2
SF,IF2005,2020-04-13 14:13:16.100,3726.2000,12111,0,6744294180.000,0,-,-,-,-,3726.0000,3725.6000,3725.2000,3724.8000,3724.6000,3726.6000,3726.8000,3727.6000,3727.8000,3728.0000,3,1,1,2,3,3,3,3,2,1
SF,IF2005,2020-04-13 14:13:16.600,3726.2000,12111,0,6744294180.000,0,-,-,-,-,3726.0000,3725.6000,3725.2000,3724.8000,3724.6000,3726.4000,3726.6000,3726.8000,3727.6000,3727.8000,3,1,1,2,3,5,3,3,3,2
SF,IF2005,2020-04-13 14:13:18.100,3726.2000,12111,0,6744294180.000,0,-,-,-,-,3726.0000,3725.6000,3725.2000,3724.8000,3724.6000,3726.4000,3726.6000,3726.8000,3727.6000,3727.8000,3,1,1,2,3,5,3,3,3,2
SF,IF2005,2020-04-13 14:13:18.600,3726.2000,12111,0,6744294180.000,0,-,-,-,-,3726.0000,3725.6000,3725.2000,3724.8000,3724.6000,3726.6000,3726.8000,3727.6000,3727.8000,3728.0000,3,1,1,2,3,2,3,3,2,1
SF,IF2005,2020-04-13 14:13:19.100,3726.2000,12111,0,6744294180.000,0,-,-,-,-,3726.0000,3725.6000,3725.2000,3724.8000,3724.6000,3726.4000,3726.6000,3726.8000,3727.6000,3727.8000,3,1,1,2,3,5,2,3,3,2
SF,IF2005,2020-04-13 14:13:19.600,3726.2000,12111,0,6744294180.000,0,-,-,-,-,3726.0000,3725.6000,3725.2000,3724.8000,3724.6000,3726.2000,3726.4000,3726.6000,3726.8000,3727.6000,3,1,1,2,3,1,5,2,3,3
SF,IF2005,2020-04-13 14:13:20.100,3726.2000,12111,0,6744294180.000,0,-,-,-,-,3726.0000,3725.6000,3724.8000,3724.6000,3724.4000,3726.2000,3726.4000,3726.6000,3726.8000,3727.6000,3,1,2,3,1,1,5,2,3,3
SF,IF2005,2020-04-13 14:13:20.600,3726.2000,12111,0,6744294180.000,0,-,-,-,-,3726.0000,3725.6000,3724.8000,3724.6000,3724.4000,3726.2000,3726.4000,3726.6000,3726.8000,3727.6000,3,1,2,3,1,1,5,2,2,3
SF,IF2005,2020-04-13 14:13:21.100,3726.2000,12111,0,6744294180.000,0,-,-,-,-,3726.0000,3725.6000,3724.8000,3724.6000,3724.4000,3726.2000,3726.4000,3726.6000,3726.8000,3727.6000,3,1,2,3,1,1,5,2,2,3
SF,IF2005,2020-04-13 14:13:22.100,3726.0000,12114,3,6747647580.000,3,3,0,双开,B,3725.8000,3725.6000,3724.8000,3724.6000,3724.4000,3726.2000,3726.4000,3726.6000,3726.8000,3727.6000,1,1,2,3,1,1,5,2,2,3
SF,IF2005,2020-04-13 14:13:22.600,3726.0000,12114,0,6747647580.000,0,-,-,-,-,3725.8000,3725.6000,3724.6000,3724.4000,3724.0000,3726.0000,3726.4000,3726.6000,3726.8000,3727.6000,1,1,3,1,3,1,5,2,2,3
SF,IF2005,2020-04-13 14:13:23.100,3726.0000,12114,0,6747647580.000,0,-,-,-,-,3725.8000,3725.6000,3724.6000,3724.0000,3723.0000,3726.0000,3726.4000,3726.6000,3726.8000,3727.6000,1,1,3,3,9,1,5,2,2,3
SF,IF2005,2020-04-13 14:13:24.100,3726.0000,12114,0,6747647580.000,0,-,-,-,-,3725.8000,3725.6000,3724.6000,3724.0000,3723.0000,3726.4000,3726.6000,3726.8000,3727.6000,3727.8000,1,1,3,3,9,5,2,2,3,2
SF,IF2005,2020-04-13 14:13:24.600,3725.8000,12115,1,6748765320.000,1,1,0,双开,B,3725.6000,3724.6000,3724.0000,3723.0000,3722.8000,3725.8000,3726.2000,3726.4000,3726.6000,3726.8000,1,3,3,9,6,1,2,5,2,2
SF,IF2005,2020-04-13 14:13:25.100,3725.6000,12115,0,6749883000.000,1,0,1,空换,B,3724.6000,3723.0000,3722.8000,3721.2000,3720.2000,3725.8000,3726.2000,3726.4000,3726.6000,3727.6000,2,9,9,2,2,1,5,5,2,2
SF,IF2005,2020-04-13 14:13:25.600,3725.6000,12115,0,6749883000.000,0,-,-,-,-,3725.0000,3724.8000,3724.6000,3723.0000,3722.8000,3725.6000,3725.8000,3726.2000,3726.4000,3726.6000,1,2,2,9,9,1,1,5,5,2
SF,IF2005,2020-04-13 14:13:26.100,3725.0000,12116,1,6751000500.000,1,1,0,双开,B,3725.0000,3724.8000,3724.6000,3723.0000,3722.8000,3725.6000,3725.8000,3726.2000,3726.4000,3726.6000,1,2,1,9,9,1,1,4,5,2
SF,IF2005,2020-04-13 14:13:26.600,3725.0000,12116,0,6751000500.000,0,-,-,-,-,3725.0000,3724.8000,3724.6000,3723.0000,3722.8000,3725.8000,3726.2000,3726.4000,3726.6000,3727.6000,1,2,1,1,9,1,4,5,2,2
SF,IF2005,2020-04-13 14:13:27.100,3725.0000,12116,0,6751000500.000,0,-,-,-,-,3725.0000,3724.8000,3724.6000,3723.0000,3722.8000,3725.6000,3725.8000,3726.2000,3726.4000,3726.6000,1,2,1,1,9,2,1,3,5,2
SF,IF2005,2020-04-13 14:13:27.600,3725.0000,12116,0,6751000500.000,0,-,-,-,-,3724.8000,3724.6000,3723.4000,3723.0000,3722.8000,3725.6000,3725.8000,3726.2000,3726.4000,3726.6000,2,1,1,1,9,2,1,3,5,2
SF,IF2005,2020-04-13 14:13:28.100,3725.0000,12116,0,6751000500.000,0,-,-,-,-,3723.4000,3723.0000,3722.8000,3722.0000,3721.2000,3725.4000,3725.6000,3725.8000,3726.2000,3727.6000,1,1,9,8,2,4,2,1,2,2
SF,IF2005,2020-04-13 14:13:28.600,3725.0000,12116,0,6751000500.000,0,-,-,-,-,3724.0000,3723.8000,3723.6000,3723.4000,3723.0000,3725.2000,3725.4000,3725.6000,3725.8000,3726.2000,1,1,6,3,1,2,5,2,1,2
SF,IF2005,2020-04-13 14:13:29.100,3725.0000,12116,0,6751000500.000,0,-,-,-,-,3724.0000,3723.8000,3723.6000,3723.4000,3723.0000,3724.8000,3725.0000,3725.2000,3725.4000,3725.6000,2,1,6,1,1,6,3,2,2,2
SF,IF2005,2020-04-13 14:13:29.600,3725.0000,12116,0,6751000500.000,0,-,-,-,-,3723.6000,3723.4000,3723.0000,3722.8000,3721.8000,3724.6000,3724.8000,3725.0000,3725.2000,3725.4000,5,1,1,1,4,1,6,4,2,1
SF,IF2005,2020-04-13 14:13:30.100,3725.0000,12116,0,6751000500.000,0,-,-,-,-,3723.6000,3723.0000,3721.8000,3721.6000,3720.8000,3724.4000,3724.6000,3724.8000,3725.0000,3725.2000,4,1,4,1,8,2,1,5,1,1
SF,IF2005,2020-04-13 14:13:30.600,3725.0000,12116,0,6751000500.000,0,-,-,-,-,3723.6000,3723.0000,3721.8000,3721.6000,3720.8000,3724.4000,3724.6000,3724.8000,3725.2000,3725.4000,3,1,4,1,8,2,1,5,1,1
SF,IF2005,2020-04-13 14:13:31.100,3725.0000,12116,0,6751000500.000,0,-,-,-,-,3723.6000,3723.0000,3721.8000,3721.6000,3720.8000,3724.4000,3724.6000,3724.8000,3725.2000,3725.4000,3,1,3,1,8,2,1,5,1,1
SF,IF2005,2020-04-13 14:13:32.100,3725.0000,12116,0,6751000500.000,0,-,-,-,-,3723.6000,3723.0000,3721.8000,3721.6000,3720.8000,3724.0000,3724.4000,3724.6000,3724.8000,3725.2000,3,1,3,1,8,3,2,1,5,1
SF,IF2005,2020-04-13 14:13:32.600,3725.0000,12116,0,6751000500.000,0,-,-,-,-,3723.6000,3723.0000,3721.8000,3721.6000,3720.8000,3724.4000,3724.6000,3724.8000,3725.2000,3725.4000,3,1,3,1,8,2,1,5,1,1
SF,IF2005,2020-04-13 14:13:33.100,3725.0000,12116,0,6751000500.000,0,-,-,-,-,3723.6000,3723.0000,3721.8000,3721.6000,3720.8000,3724.6000,3724.8000,3725.2000,3725.4000,3725.8000,3,1,3,1,8,1,5,1,1,2
SF,IF2005,2020-04-13 14:13:33.600,3725.0000,12116,0,6751000500.000,0,-,-,-,-,3723.6000,3723.0000,3721.8000,3721.6000,3720.8000,3724.4000,3724.6000,3724.8000,3725.2000,3725.4000,3,1,3,1,8,2,1,5,1,1
SF,IF2005,2020-04-13 14:13:34.100,3725.0000,12116,0,6751000500.000,0,-,-,-,-,3723.6000,3723.0000,3721.8000,3721.6000,3720.8000,3724.6000,3724.8000,3725.2000,3725.4000,3725.8000,3,1,3,1,8,1,5,1,1,2
SF,IF2005,2020-04-13 14:13:34.600,3725.0000,12116,0,6751000500.000,0,-,-,-,-,3723.6000,3723.0000,3721.8000,3721.6000,3720.8000,3724.6000,3724.8000,3725.2000,3725.4000,3725.8000,4,1,3,1,8,1,5,1,1,2
SF,IF2005,2020-04-13 14:13:35.100,3725.0000,12116,0,6751000500.000,0,-,-,-,-,3723.6000,3723.0000,3721.8000,3721.6000,3720.8000,3724.6000,3725.2000,3725.4000,3725.8000,3726.2000,4,1,3,1,8,1,1,1,2,1
SF,IF2005,2020-04-13 14:13:37.600,3725.0000,12116,0,6751000500.000,0,-,-,-,-,3723.6000,3723.0000,3721.8000,3721.6000,3720.8000,3724.4000,3724.6000,3725.2000,3725.4000,3725.8000,4,1,3,1,8,5,1,1,1,2
SF,IF2005,2020-04-13 14:13:38.100,3725.0000,12116,0,6751000500.000,0,-,-,-,-,3723.6000,3723.0000,3721.8000,3721.6000,3720.8000,3724.4000,3724.6000,3725.2000,3725.4000,3725.8000,2,1,3,1,8,5,1,1,1,2
SF,IF2005,2020-04-13 14:13:38.600,3725.0000,12116,0,6751000500.000,0,-,-,-,-,3723.6000,3723.0000,3721.8000,3721.6000,3720.8000,3724.6000,3725.2000,3725.4000,3725.8000,3726.2000,2,1,3,1,12,1,1,1,2,1
SF,IF2005,2020-04-13 14:13:39.100,3725.0000,12116,0,6751000500.000,0,-,-,-,-,3723.6000,3723.0000,3721.8000,3721.6000,3720.8000,3724.4000,3724.6000,3725.2000,3725.4000,3725.8000,2,1,3,1,12,8,1,1,1,2
SF,IF2005,2020-04-13 14:13:39.600,3725.0000,12116,0,6751000500.000,0,-,-,-,-,3723.6000,3723.0000,3721.8000,3721.6000,3720.8000,3724.4000,3724.6000,3725.2000,3725.4000,3725.8000,1,1,3,1,12,8,1,1,1,2
SF,IF2005,2020-04-13 14:13:40.100,3725.0000,12116,0,6751000500.000,0,-,-,-,-,3723.6000,3723.0000,3721.8000,3721.6000,3720.8000,3724.2000,3724.4000,3724.6000,3725.2000,3725.4000,1,1,3,1,12,3,8,1,1,1
SF,IF2005,2020-04-13 14:13:41.100,3725.0000,12116,0,6751000500.000,0,-,-,-,-,3723.0000,3721.8000,3721.6000,3720.8000,3720.2000,3724.2000,3724.4000,3725.2000,3725.4000,3725.8000,1,3,1,12,2,3,8,1,1,2
SF,IF2005,2020-04-13 14:13:41.600,3725.0000,12116,0,6751000500.000,0,-,-,-,-,3723.2000,3723.0000,3721.8000,3721.6000,3720.8000,3724.2000,3724.4000,3725.2000,3725.4000,3725.8000,3,2,3,1,12,3,8,1,1,2
SF,IF2005,2020-04-13 14:13:42.100,3725.0000,12116,0,6751000500.000,0,-,-,-,-,3723.2000,3723.0000,3721.8000,3721.6000,3720.8000,3724.0000,3724.2000,3724.4000,3725.2000,3725.4000,4,1,3,1,12,3,3,6,1,1
SF,IF2005,2020-04-13 14:13:42.600,3725.0000,12116,0,6751000500.000,0,-,-,-,-,3723.2000,3723.0000,3721.8000,3721.6000,3720.8000,3723.8000,3724.0000,3724.2000,3724.4000,3725.2000,1,1,3,1,12,1,3,3,6,1
SF,IF2005,2020-04-13 14:13:43.100,3725.0000,12116,0,6751000500.000,0,-,-,-,-,3723.2000,3723.0000,3721.8000,3721.6000,3720.8000,3724.0000,3724.2000,3724.4000,3725.2000,3725.4000,1,1,3,1,12,3,3,6,1,1
SF,IF2005,2020-04-13 14:13:45.100,3725.0000,12116,0,6751000500.000,0,-,-,-,-,3723.2000,3723.0000,3721.6000,3720.8000,3720.6000,3724.0000,3724.2000,3724.4000,3725.2000,3725.4000,1,1,1,12,3,3,3,6,1,1
SF,IF2005,2020-04-13 14:13:46.600,3725.0000,12116,0,6751000500.000,0,-,-,-,-,3723.0000,3721.6000,3720.8000,3720.6000,3720.2000,3723.6000,3724.0000,3724.2000,3724.4000,3725.2000,1,1,12,3,2,1,3,3,6,1
SF,IF2005,2020-04-13 14:13:47.100,3725.0000,12116,0,6751000500.000,0,-,-,-,-,3723.0000,3721.6000,3720.8000,3720.6000,3720.2000,3723.8000,3724.0000,3724.2000,3724.4000,3725.2000,1,1,4,3,2,1,3,2,6,1
SF,IF2005,2020-04-13 14:13:47.600,3723.8000,12117,1,6752117640.000,1,1,0,双开,B,3723.0000,3721.6000,3720.8000,3720.6000,3720.2000,3724.0000,3724.2000,3724.4000,3725.2000,3725.4000,1,1,4,3,2,3,2,6,1,1
SF,IF2005,2020-04-13 14:13:48.100,3723.8000,12117,0,6752117640.000,0,-,-,-,-,3723.0000,3721.6000,3720.8000,3720.6000,3720.2000,3724.0000,3724.2000,3724.4000,3725.2000,3725.4000,1,1,4,3,2,3,2,5,1,1
SF,IF2005,2020-04-13 14:13:49.100,3723.8000,12117,0,6752117640.000,0,-,-,-,-,3723.0000,3721.6000,3720.8000,3720.6000,3720.2000,3723.8000,3724.0000,3724.2000,3724.4000,3725.2000,1,1,4,3,2,1,3,2,5,1
SF,IF2005,2020-04-13 14:13:49.600,3723.8000,12117,0,6752117640.000,0,-,-,-,-,3723.0000,3721.6000,3720.8000,3720.6000,3720.2000,3724.0000,3724.2000,3724.4000,3725.2000,3725.4000,1,1,4,3,2,3,2,5,1,1
SF,IF2005,2020-04-13 14:13:51.600,3723.8000,12117,0,6752117640.000,0,-,-,-,-,3723.0000,3721.6000,3720.8000,3720.6000,3720.2000,3723.8000,3724.0000,3724.2000,3724.4000,3725.2000,1,1,4,3,2,1,3,2,5,1
SF,IF2005,2020-04-13 14:13:52.100,3723.8000,12117,0,6752117640.000,0,-,-,-,-,3723.0000,3721.6000,3720.8000,3720.6000,3720.2000,3724.0000,3724.2000,3724.4000,3725.2000,3725.4000,1,1,4,3,2,3,2,5,1,1
SF,IF2005,2020-04-13 14:13:52.600,3723.8000,12117,0,6752117640.000,0,-,-,-,-,3723.0000,3721.6000,3721.2000,3720.8000,3720.6000,3724.0000,3724.2000,3724.4000,3725.2000,3725.4000,1,1,2,4,3,3,2,5,1,1
SF,IF2005,2020-04-13 14:13:56.100,3723.8000,12117,0,6752117640.000,0,-,-,-,-,3723.0000,3721.6000,3721.2000,3720.8000,3720.6000,3723.6000,3724.0000,3724.2000,3724.4000,3725.2000,1,1,2,4,3,1,3,2,5,1
SF,IF2005,2020-04-13 14:13:56.600,3723.8000,12117,0,6752117640.000,0,-,-,-,-,3723.0000,3721.6000,3721.2000,3720.8000,3720.6000,3723.8000,3724.0000,3724.2000,3724.4000,3725.2000,1,1,2,4,3,1,3,2,5,1
SF,IF2005,2020-04-13 14:13:57.100,3723.8000,12117,0,6752117640.000,0,-,-,-,-,3723.0000,3721.6000,3721.2000,3720.8000,3720.6000,3723.6000,3723.8000,3724.2000,3724.4000,3724.6000,1,1,2,4,3,2,1,2,5,1
SF,IF2005,2020-04-13 14:13:57.600,3723.8000,12117,0,6752117640.000,0,-,-,-,-,3723.0000,3721.6000,3720.8000,3720.6000,3720.2000,3723.6000,3723.8000,3724.2000,3724.4000,3724.6000,1,1,4,3,2,2,2,2,5,1
SF,IF2005,2020-04-13 14:13:58.100,3723.8000,12117,0,6752117640.000,0,-,-,-,-,3723.0000,3721.6000,3720.8000,3720.6000,3720.2000,3723.8000,3724.2000,3724.4000,3724.6000,3725.2000,1,1,4,3,2,2,2,5,1,3
SF,IF2005,2020-04-13 14:13:58.600,3723.8000,12117,0,6752117640.000,0,-,-,-,-,3723.0000,3721.6000,3720.8000,3720.6000,3720.2000,3723.8000,3724.2000,3724.4000,3724.6000,3725.2000,1,1,4,3,2,1,2,5,1,3
SF,IF2005,2020-04-13 14:13:59.100,3723.8000,12117,0,6752117640.000,0,-,-,-,-,3723.0000,3721.6000,3720.8000,3720.6000,3720.2000,3723.8000,3724.2000,3724.4000,3724.6000,3725.2000,1,1,4,3,2,2,2,5,1,3
SF,IF2005,2020-04-13 14:14:00.600,3723.8000,12118,1,6753234780.000,1,1,0,双开,B,3723.0000,3721.6000,3720.8000,3720.6000,3720.2000,3723.8000,3724.2000,3724.4000,3724.6000,3725.2000,1,1,4,3,2,1,2,5,1,3
SF,IF2005,2020-04-13 14:14:01.600,3723.8000,12118,0,6753234780.000,0,-,-,-,-,3723.0000,3721.6000,3720.6000,3720.2000,3720.0000,3723.8000,3724.2000,3724.4000,3724.6000,3725.2000,1,1,3,2,2,1,2,5,1,3
SF,IF2005,2020-04-13 14:14:02.100,3723.8000,12118,0,6753234780.000,0,-,-,-,-,3723.2000,3723.0000,3721.6000,3720.6000,3720.2000,3723.8000,3724.2000,3724.4000,3724.6000,3725.2000,1,1,1,3,2,1,2,5,1,3
SF,IF2005,2020-04-13 14:14:07.100,3723.8000,12118,0,6753234780.000,0,-,-,-,-,3723.2000,3723.0000,3721.6000,3720.6000,3720.2000,3723.8000,3724.2000,3724.4000,3724.6000,3725.2000,1,1,1,3,2,1,2,5,1,3
SF,IF2005,2020-04-13 14:14:08.100,3723.8000,12118,0,6753234780.000,0,-,-,-,-,3723.4000,3723.2000,3723.0000,3721.6000,3720.6000,3723.8000,3724.2000,3724.4000,3724.6000,3725.2000,1,1,1,1,3,1,2,5,1,3
SF,IF2005,2020-04-13 14:14:09.600,3723.8000,12119,1,6754351920.000,1,1,0,双开,B,3723.2000,3723.0000,3721.6000,3720.6000,3720.2000,3724.4000,3724.6000,3725.2000,3725.4000,3726.2000,1,1,1,3,2,5,1,3,1,1
SF,IF2005,2020-04-13 14:14:10.100,3723.8000,12119,0,6754351920.000,0,-,-,-,-,3723.4000,3723.2000,3723.0000,3721.6000,3720.6000,3724.6000,3725.2000,3725.4000,3726.2000,3727.6000,4,1,1,1,3,1,1,1,1,2
SF,IF2005,2020-04-13 14:14:10.600,3723.8000,12119,0,6754351920.000,0,-,-,-,-,3724.0000,3723.6000,3723.4000,3723.0000,3721.6000,3724.6000,3725.2000,3725.4000,3726.2000,3727.6000,1,3,4,1,1,1,1,1,3,2
SF,IF2005,2020-04-13 14:14:11.100,3723.8000,12119,0,6754351920.000,0,-,-,-,-,3724.0000,3723.6000,3723.4000,3723.0000,3721.6000,3724.6000,3725.2000,3725.4000,3726.2000,3727.6000,1,6,4,1,1,1,1,1,3,2
SF,IF2005,2020-04-13 14:14:11.600,3723.8000,12119,0,6754351920.000,0,-,-,-,-,3724.0000,3723.6000,3723.4000,3723.0000,3721.6000,3724.6000,3725.2000,3725.4000,3726.2000,3727.6000,1,4,4,1,1,1,1,1,3,2
SF,IF2005,2020-04-13 14:14:12.100,3723.8000,12119,0,6754351920.000,0,-,-,-,-,3724.0000,3723.6000,3723.4000,3723.0000,3721.6000,3724.6000,3725.2000,3725.4000,3726.2000,3727.6000,1,4,4,1,9,1,1,1,3,2
SF,IF2005,2020-04-13 14:14:13.600,3723.8000,12119,0,6754351920.000,0,-,-,-,-,3724.0000,3723.8000,3723.6000,3723.4000,3723.0000,3724.6000,3725.2000,3725.4000,3726.2000,3727.6000,1,2,4,4,1,1,1,1,3,2
SF,IF2005,2020-04-13 14:14:14.600,3724.6000,12120,1,6755469300.000,1,1,0,双开,B,3724.2000,3723.8000,3723.6000,3723.4000,3723.0000,3725.2000,3725.4000,3726.2000,3727.6000,3728.6000,1,2,1,3,1,1,1,3,2,1
SF,IF2005,2020-04-13 14:14:15.100,3724.6000,12120,0,6755469300.000,0,-,-,-,-,3724.2000,3724.0000,3723.8000,3723.6000,3723.4000,3725.4000,3726.2000,3727.6000,3728.6000,3729.4000,2,1,2,1,3,1,3,2,1,6
SF,IF2005,2020-04-13 14:14:15.600,3724.6000,12120,0,6755469300.000,0,-,-,-,-,3724.4000,3724.2000,3724.0000,3723.8000,3723.6000,3726.2000,3727.6000,3728.6000,3729.4000,3729.8000,2,2,1,2,1,2,2,1,6,1
SF,IF2005,2020-04-13 14:14:16.100,3724.6000,12120,0,6755469300.000,0,-,-,-,-,3724.6000,3724.4000,3724.2000,3724.0000,3723.8000,3725.4000,3725.6000,3725.8000,3726.0000,3726.2000,1,2,2,1,2,5,1,2,5,2
SF,IF2005,2020-04-13 14:14:16.600,3724.6000,12120,0,6755469300.000,0,-,-,-,-,3724.6000,3724.4000,3724.2000,3724.0000,3723.8000,3725.4000,3725.6000,3725.8000,3726.0000,3726.2000,1,2,2,1,2,5,1,3,3,2
SF,IF2005,2020-04-13 14:14:17.100,3724.6000,12120,0,6755469300.000,0,-,-,-,-,3724.4000,3724.2000,3724.0000,3723.8000,3723.6000,3725.0000,3725.4000,3725.6000,3726.0000,3726.2000,2,1,1,2,1,3,5,1,3,2
SF,IF2005,2020-04-13 14:14:17.600,3724.6000,12120,0,6755469300.000,0,-,-,-,-,3724.4000,3724.2000,3724.0000,3723.8000,3723.6000,3725.0000,3725.4000,3726.0000,3726.2000,3727.6000,2,1,1,2,1,3,5,3,2,2
SF,IF2005,2020-04-13 14:14:18.600,3724.6000,12120,0,6755469300.000,0,-,-,-,-,3724.4000,3724.2000,3724.0000,3723.6000,3723.2000,3725.0000,3725.4000,3726.0000,3726.2000,3727.6000,2,1,1,1,1,3,5,3,2,2
SF,IF2005,2020-04-13 14:14:19.100,3724.6000,12120,0,6755469300.000,0,-,-,-,-,3724.6000,3724.4000,3724.2000,3724.0000,3723.6000,3725.4000,3726.0000,3726.2000,3727.6000,3728.6000,1,2,1,1,1,5,3,2,2,1
SF,IF2005,2020-04-13 14:14:19.600,3724.6000,12120,0,6755469300.000,0,-,-,-,-,3724.6000,3724.4000,3724.2000,3724.0000,3723.6000,3725.4000,3726.0000,3726.2000,3727.6000,3728.6000,3,2,1,1,1,5,3,2,2,1
SF,IF2005,2020-04-13 14:14:20.100,3724.6000,12120,0,6755469300.000,0,-,-,-,-,3724.6000,3724.4000,3724.2000,3724.0000,3723.6000,3725.4000,3726.0000,3726.2000,3727.6000,3728.6000,2,2,1,1,1,5,3,2,2,1
SF,IF2005,2020-04-13 14:14:20.600,3724.6000,12120,0,6755469300.000,0,-,-,-,-,3725.0000,3724.6000,3724.4000,3724.2000,3724.0000,3725.4000,3726.0000,3726.2000,3727.6000,3728.6000,1,2,2,1,1,5,3,2,2,1
SF,IF2005,2020-04-13 14:14:21.600,3725.0000,12120,0,6756586800.000,1,0,1,空换,B,3724.6000,3724.4000,3724.2000,3724.0000,3723.6000,3725.0000,3725.4000,3726.0000,3726.2000,3727.6000,2,2,1,1,1,2,5,3,2,2
SF,IF2005,2020-04-13 14:14:22.100,3725.0000,12120,0,6756586800.000,0,-,-,-,-,3724.6000,3724.4000,3724.2000,3724.0000,3723.6000,3725.4000,3726.0000,3726.2000,3727.6000,3728.6000,2,2,1,1,1,5,3,2,2,1
SF,IF2005,2020-04-13 14:14:23.100,3725.0000,12120,0,6756586800.000,0,-,-,-,-,3724.6000,3724.4000,3724.2000,3723.6000,3723.2000,3724.8000,3725.4000,3726.0000,3726.2000,3727.6000,2,2,1,1,1,2,5,3,2,2
SF,IF2005,2020-04-13 14:14:23.600,3725.0000,12120,0,6756586800.000,0,-,-,-,-,3724.6000,3724.2000,3723.6000,3723.2000,3723.0000,3724.8000,3725.2000,3725.4000,3726.0000,3726.2000,2,1,1,1,1,2,1,5,3,2
SF,IF2005,2020-04-13 14:14:24.600,3725.0000,12120,0,6756586800.000,0,-,-,-,-,3723.6000,3723.2000,3723.0000,3721.6000,3720.6000,3724.8000,3725.2000,3725.4000,3726.0000,3726.2000,1,1,1,9,3,2,1,5,3,2
SF,IF2005,2020-04-13 14:14:25.100,3725.0000,12122,2,6758821800.000,2,2,0,双开,B,3723.8000,3723.6000,3723.2000,3723.0000,3721.6000,3725.2000,3725.4000,3726.0000,3726.2000,3727.6000,2,1,1,1,9,1,5,3,2,2
SF,IF2005,2020-04-13 14:14:25.600,3723.8000,12123,1,6759938940.000,1,1,0,双开,B,3723.8000,3723.6000,3723.2000,3723.0000,3721.6000,3725.0000,3725.2000,3725.4000,3726.0000,3726.2000,1,1,1,1,9,3,1,5,1,2
SF,IF2005,2020-04-13 14:14:26.100,3723.8000,12123,0,6759938940.000,0,-,-,-,-,3723.8000,3723.6000,3723.2000,3723.0000,3721.6000,3724.8000,3725.0000,3725.4000,3726.0000,3726.2000,1,1,1,1,9,1,4,5,1,2
SF,IF2005,2020-04-13 14:14:26.600,3723.8000,12123,0,6759938940.000,0,-,-,-,-,3723.8000,3723.6000,3723.2000,3723.0000,3721.6000,3724.8000,3725.0000,3725.4000,3726.0000,3726.2000,1,1,1,1,9,1,4,5,1,2
SF,IF2005,2020-04-13 14:14:27.600,3723.8000,12124,1,6761056080.000,1,1,0,双开,B,3723.6000,3723.2000,3723.0000,3721.6000,3720.6000,3724.8000,3725.0000,3725.4000,3726.0000,3726.2000,1,1,1,9,3,1,4,5,1,2
SF,IF2005,2020-04-13 14:14:28.100,3723.8000,12124,0,6761056080.000,0,-,-,-,-,3723.6000,3723.2000,3723.0000,3721.6000,3720.6000,3724.6000,3724.8000,3725.0000,3725.4000,3726.0000,1,1,1,9,3,2,1,2,5,1
SF,IF2005,2020-04-13 14:14:29.600,3723.8000,12124,0,6761056080.000,0,-,-,-,-,3723.8000,3723.6000,3723.2000,3723.0000,3721.6000,3724.6000,3725.0000,3725.4000,3726.0000,3726.2000,1,1,1,1,9,2,2,5,1,2
SF,IF2005,2020-04-13 14:14:30.100,3723.8000,12124,0,6761056080.000,0,-,-,-,-,3723.8000,3723.6000,3723.2000,3723.0000,3721.6000,3724.6000,3725.0000,3725.4000,3726.0000,3726.2000,1,1,1,1,9,2,2,5,1,2
SF,IF2005,2020-04-13 14:14:30.600,3723.8000,12124,0,6761056080.000,0,-,-,-,-,3723.8000,3723.6000,3723.2000,3723.0000,3721.6000,3724.6000,3725.0000,3725.4000,3726.0000,3726.2000,1,1,1,1,9,2,2,5,1,2
SF,IF2005,2020-04-13 14:14:31.100,3723.8000,12124,0,6761056080.000,0,-,-,-,-,3724.0000,3723.8000,3723.2000,3723.0000,3721.6000,3725.0000,3726.0000,3726.2000,3727.6000,3729.4000,2,1,1,1,9,2,1,2,3,6
SF,IF2005,2020-04-13 14:14:31.600,3723.8000,12124,0,6761056080.000,0,-,-,-,-,3724.0000,3723.8000,3723.2000,3723.0000,3721.6000,3724.8000,3725.0000,3726.0000,3726.2000,3727.6000,1,1,1,1,9,2,2,1,2,3
SF,IF2005,2020-04-13 14:14:32.100,3723.8000,12124,0,6761056080.000,0,-,-,-,-,3724.4000,3724.2000,3724.0000,3723.8000,3723.2000,3724.8000,3725.0000,3726.0000,3726.2000,3727.6000,1,1,1,1,1,2,2,1,2,3
SF,IF2005,2020-04-13 14:14:32.600,3723.8000,12124,0,6761056080.000,0,-,-,-,-,3724.0000,3723.8000,3723.2000,3723.0000,3721.6000,3724.8000,3725.0000,3726.0000,3726.2000,3727.6000,1,1,1,1,9,2,2,1,2,3
SF,IF2005,2020-04-13 14:14:33.100,3723.8000,12124,0,6762173220.000,1,0,1,空换,B,3723.8000,3723.2000,3723.0000,3721.6000,3720.6000,3724.8000,3725.0000,3726.0000,3726.2000,3727.6000,1,1,1,9,3,2,2,1,2,3
SF,IF2005,2020-04-13 14:14:37.100,3723.8000,12124,0,6762173220.000,0,-,-,-,-,3723.8000,3723.2000,3723.0000,3721.6000,3721.0000,3724.8000,3725.0000,3726.0000,3726.2000,3727.6000,1,1,1,1,8,2,2,1,2,3
SF,IF2005,2020-04-13 14:14:37.600,3723.8000,12124,0,6762173220.000,0,-,-,-,-,3724.0000,3723.8000,3723.2000,3723.0000,3721.6000,3724.8000,3725.0000,3726.0000,3726.2000,3727.6000,2,2,1,1,1,2,2,1,2,3
SF,IF2005,2020-04-13 14:14:38.100,3723.8000,12124,0,6762173220.000,0,-,-,-,-,3724.0000,3723.8000,3723.2000,3723.0000,3721.6000,3724.8000,3725.0000,3726.0000,3726.2000,3727.6000,1,2,1,1,1,2,2,1,2,3
SF,IF2005,2020-04-13 14:14:39.100,3723.8000,12124,0,6762173220.000,0,-,-,-,-,3724.0000,3723.8000,3723.2000,3723.0000,3721.8000,3724.8000,3725.0000,3726.0000,3726.2000,3727.6000,1,2,1,1,1,2,2,1,2,3
SF,IF2005,2020-04-13 14:14:39.600,3723.8000,12124,0,6762173220.000,0,-,-,-,-,3723.8000,3723.2000,3723.0000,3721.8000,3721.6000,3724.8000,3725.0000,3726.0000,3726.2000,3727.6000,2,1,1,1,1,2,2,1,2,3
SF,IF2005,2020-04-13 14:14:45.100,3723.8000,12124,0,6762173220.000,0,-,-,-,-,3723.8000,3723.2000,3723.0000,3721.8000,3721.6000,3724.8000,3725.0000,3726.0000,3726.2000,3727.6000,2,1,1,1,1,2,2,1,2,3
SF,IF2005,2020-04-13 14:14:47.600,3723.8000,12124,0,6762173220.000,0,-,-,-,-,3724.2000,3724.0000,3723.8000,3723.2000,3723.0000,3724.8000,3725.0000,3726.0000,3726.2000,3727.6000,2,2,2,1,1,2,2,1,2,3
SF,IF2005,2020-04-13 14:14:51.600,3723.8000,12124,0,6762173220.000,0,-,-,-,-,3724.0000,3723.8000,3723.2000,3723.0000,3722.8000,3724.8000,3725.0000,3726.0000,3726.2000,3727.6000,2,2,1,1,1,2,2,1,2,3
SF,IF2005,2020-04-13 14:14:54.100,3723.8000,12124,0,6762173220.000,0,-,-,-,-,3724.0000,3723.8000,3723.2000,3723.0000,3722.8000,3724.8000,3725.0000,3726.0000,3726.2000,3727.6000,2,1,1,1,1,2,2,1,2,3
SF,IF2005,2020-04-13 14:14:54.600,3723.8000,12124,0,6762173220.000,0,-,-,-,-,3724.0000,3723.8000,3723.2000,3723.0000,3722.8000,3724.8000,3725.0000,3726.0000,3726.2000,3727.6000,3,1,1,1,1,2,2,1,2,3
SF,IF2005,2020-04-13 14:14:58.100,3724.8000,12125,1,6763290660.000,1,1,0,双开,B,3724.0000,3723.8000,3723.2000,3723.0000,3722.8000,3724.8000,3725.0000,3726.0000,3726.2000,3727.6000,3,1,1,1,1,1,2,1,2,3
SF,IF2005,2020-04-13 14:14:58.600,3724.8000,12125,0,6763290660.000,0,-,-,-,-,3724.0000,3723.8000,3723.2000,3723.0000,3722.8000,3724.8000,3725.0000,3726.0000,3726.2000,3727.6000,3,1,1,1,1,2,2,1,2,3
SF,IF2005,2020-04-13 14:15:00.600,3724.8000,12125,0,6763290660.000,0,-,-,-,-,3724.2000,3724.0000,3723.8000,3723.2000,3723.0000,3724.8000,3725.0000,3726.0000,3726.2000,3727.6000,1,3,1,1,1,2,2,1,2,3
SF,IF2005,2020-04-13 14:15:01.100,3724.8000,12126,1,6764408100.000,1,1,0,双开,B,3724.4000,3724.2000,3724.0000,3723.2000,3723.0000,3725.0000,3726.0000,3726.2000,3727.6000,3729.4000,1,2,2,1,1,1,1,2,3,6
SF,IF2005,2020-04-13 14:15:01.600,3724.8000,12126,0,6764408100.000,0,-,-,-,-,3724.6000,3724.4000,3724.2000,3723.2000,3723.0000,3727.6000,3729.4000,3729.8000,3730.0000,3730.2000,1,2,2,1,1,3,6,1,3,5
SF,IF2005,2020-04-13 14:15:02.100,3724.8000,12126,0,6764408100.000,0,-,-,-,-,3724.8000,3724.6000,3724.4000,3723.2000,3723.0000,3726.0000,3726.2000,3726.6000,3726.8000,3727.0000,4,4,3,1,1,5,1,4,1,3
SF,IF2005,2020-04-13 14:15:02.600,3724.8000,12126,0,6764408100.000,0,-,-,-,-,3725.0000,3724.8000,3724.6000,3724.4000,3723.2000,3726.2000,3726.6000,3726.8000,3727.0000,3727.2000,1,4,3,1,1,1,3,1,4,5
SF,IF2005,2020-04-13 14:15:03.100,3724.8000,12126,0,6764408100.000,0,-,-,-,-,3725.2000,3725.0000,3724.8000,3724.4000,3723.2000,3726.2000,3726.6000,3726.8000,3727.0000,3727.2000,4,3,2,1,1,1,3,1,3,4
SF,IF2005,2020-04-13 14:15:03.600,3724.8000,12126,0,6764408100.000,0,-,-,-,-,3726.4000,3725.4000,3725.2000,3725.0000,3724.4000,3727.0000,3727.2000,3727.4000,3727.6000,3729.4000,1,2,8,1,1,3,3,1,2,1
SF,IF2005,2020-04-13 14:15:04.100,3724.8000,12126,0,6764408100.000,0,-,-,-,-,3725.4000,3725.2000,3724.4000,3723.2000,3723.0000,3726.6000,3726.8000,3727.0000,3727.2000,3727.4000,1,6,1,1,1,5,2,3,3,1
SF,IF2005,2020-04-13 14:15:04.600,3724.8000,12126,0,6764408100.000,0,-,-,-,-,3725.6000,3725.2000,3724.4000,3723.2000,3723.0000,3726.8000,3727.0000,3727.4000,3727.6000,3729.4000,5,3,1,1,1,2,1,1,2,1
SF,IF2005,2020-04-13 14:15:05.100,3724.8000,12126,0,6764408100.000,0,-,-,-,-,3725.8000,3725.6000,3725.4000,3725.2000,3724.4000,3726.8000,3727.0000,3727.4000,3727.6000,3728.4000,1,5,1,2,1,2,1,1,2,2
SF,IF2005,2020-04-13 14:15:05.600,3725.8000,12126,0,6765525840.000,1,0,1,空换,B,3725.8000,3725.6000,3725.4000,3725.2000,3724.4000,3726.8000,3727.0000,3727.4000,3727.6000,3728.4000,1,5,1,2,1,2,1,1,2,2
SF,IF2005,2020-04-13 14:15:06.100,3725.8000,12126,0,6765525840.000,0,-,-,-,-,3725.8000,3725.6000,3725.4000,3725.2000,3724.4000,3726.8000,3727.0000,3727.4000,3727.6000,3728.4000,1,5,1,2,1,2,1,1,2,2
SF,IF2005,2020-04-13 14:15:07.100,3725.8000,12126,0,6765525840.000,0,-,-,-,-,3725.8000,3725.6000,3725.4000,3725.2000,3724.4000,3726.8000,3727.0000,3727.4000,3727.6000,3728.4000,1,5,1,2,1,2,1,1,2,2
SF,IF2005,2020-04-13 14:15:08.600,3725.8000,12126,0,6765525840.000,0,-,-,-,-,3726.0000,3725.8000,3725.6000,3725.2000,3724.4000,3726.8000,3727.4000,3727.6000,3728.4000,3729.4000,4,1,3,1,1,2,1,2,2,1
SF,IF2005,2020-04-13 14:15:09.100,3725.8000,12126,0,6765525840.000,0,-,-,-,-,3726.2000,3726.0000,3725.6000,3724.4000,3723.8000,3727.4000,3727.6000,3728.4000,3729.4000,3729.8000,3,7,2,1,3,1,2,2,1,1
SF,IF2005,2020-04-13 14:15:09.600,3725.8000,12126,0,6765525840.000,0,-,-,-,-,3726.4000,3726.2000,3726.0000,3723.8000,3723.4000,3727.6000,3728.4000,3729.4000,3729.8000,3730.0000,4,3,5,3,3,1,2,1,1,3
SF,IF2005,2020-04-13 14:15:10.100,3725.8000,12126,0,6765525840.000,0,-,-,-,-,3726.6000,3726.4000,3726.2000,3726.0000,3724.4000,3727.4000,3727.6000,3728.4000,3729.4000,3729.8000,1,5,2,4,8,2,1,2,1,1
SF,IF2005,2020-04-13 14:15:10.600,3727.4000,12127,1,6766644060.000,1,1,0,双开,B,3726.8000,3726.6000,3726.4000,3726.2000,3726.0000,3727.6000,3728.4000,3729.4000,3729.8000,3730.0000,1,1,4,2,4,1,2,1,1,3
SF,IF2005,2020-04-13 14:15:11.100,3727.6000,12127,0,6767762340.000,1,0,1,空换,B,3727.6000,3727.2000,3727.0000,3726.8000,3726.2000,3729.4000,3729.8000,3730.0000,3730.2000,3730.8000,1,1,3,2,2,1,1,3,5,1
SF,IF2005,2020-04-13 14:15:11.600,3727.6000,12127,0,6767762340.000,0,-,-,-,-,3727.8000,3727.4000,3727.2000,3727.0000,3724.6000,3728.4000,3728.8000,3729.0000,3729.2000,3729.4000,2,1,2,2,8,5,1,2,5,3
SF,IF2005,2020-04-13 14:15:12.100,3727.6000,12127,0,6767762340.000,0,-,-,-,-,3727.8000,3727.4000,3727.2000,3727.0000,3724.6000,3728.8000,3729.0000,3729.2000,3729.4000,3729.8000,2,1,2,2,8,1,1,4,3,3
SF,IF2005,2020-04-13 14:15:12.600,3728.6000,12130,3,6771118080.000,3,3,0,双开,B,3728.4000,3728.0000,3727.4000,3727.0000,3724.6000,3728.6000,3728.8000,3729.0000,3729.2000,3729.4000,1,10,1,2,8,1,1,1,4,3
SF,IF2005,2020-04-13 14:15:13.100,3728.6000,12130,0,6771118080.000,0,-,-,-,-,3728.0000,3727.0000,3724.6000,3724.4000,3724.2000,3728.4000,3728.6000,3728.8000,3729.0000,3729.2000,10,2,8,8,2,1,5,1,1,4
SF,IF2005,2020-04-13 14:15:13.600,3728.6000,12130,0,6771118080.000,0,-,-,-,-,3728.0000,3727.0000,3724.6000,3724.4000,3724.2000,3728.4000,3728.6000,3728.8000,3729.0000,3729.2000,10,2,8,8,2,1,5,1,1,4
SF,IF2005,2020-04-13 14:15:14.100,3728.6000,12132,2,6773355240.000,2,2,0,双开,B,3728.0000,3727.0000,3724.6000,3724.4000,3724.2000,3728.6000,3728.8000,3729.0000,3729.2000,3729.4000,10,2,8,8,2,4,1,1,4,3
SF,IF2005,2020-04-13 14:15:15.600,3728.6000,12132,0,6773355240.000,0,-,-,-,-,3728.0000,3727.0000,3724.6000,3724.4000,3724.2000,3728.6000,3728.8000,3729.0000,3729.2000,3729.4000,10,2,8,8,2,4,1,1,4,3
SF,IF2005,2020-04-13 14:15:16.600,3728.6000,12132,0,6775592400.000,2,1,1,空换,B,3728.0000,3727.0000,3724.6000,3724.4000,3724.2000,3728.8000,3729.0000,3729.2000,3729.4000,3729.8000,10,2,8,8,2,1,1,2,3,3
SF,IF2005,2020-04-13 14:15:17.100,3728.6000,12132,0,6775592400.000,0,-,-,-,-,3728.0000,3727.0000,3724.6000,3724.4000,3724.2000,3728.8000,3729.0000,3729.2000,3729.4000,3729.8000,10,2,8,8,2,2,1,2,3,3
SF,IF2005,2020-04-13 14:15:17.600,3728.6000,12132,0,6775592400.000,0,-,-,-,-,3728.2000,3728.0000,3727.0000,3724.6000,3724.2000,3728.6000,3728.8000,3729.2000,3729.4000,3729.8000,2,10,2,8,2,1,2,2,2,3
SF,IF2005,2020-04-13 14:15:18.100,3728.2000,12133,1,6776710860.000,1,1,0,双开,B,3728.2000,3728.0000,3727.0000,3725.6000,3724.6000,3728.6000,3728.8000,3729.2000,3729.4000,3729.8000,1,10,2,8,8,1,2,2,2,3
SF,IF2005,2020-04-13 14:15:18.600,3728.0000,12133,0,6777829260.000,1,0,1,空换,B,3728.0000,3727.0000,3725.6000,3724.6000,3724.2000,3728.6000,3728.8000,3729.2000,3729.4000,3729.8000,9,2,8,8,2,3,1,2,2,3
SF,IF2005,2020-04-13 14:15:19.100,3728.0000,12133,0,6777829260.000,0,-,-,-,-,3728.0000,3727.0000,3724.6000,3724.2000,3723.2000,3728.6000,3728.8000,3729.2000,3729.4000,3729.8000,9,2,8,2,1,4,1,2,2,3
SF,IF2005,2020-04-13 14:15:19.600,3728.0000,12133,0,6777829260.000,0,-,-,-,-,3728.0000,3727.0000,3724.6000,3724.2000,3723.2000,3728.6000,3728.8000,3729.2000,3729.4000,3729.8000,9,2,8,2,1,4,1,2,2,3
SF,IF2005,2020-04-13 14:15:20.600,3728.0000,12133,0,6777829260.000,0,-,-,-,-,3728.0000,3727.0000,3724.6000,3724.2000,3723.2000,3728.6000,3728.8000,3729.2000,3729.4000,3729.8000,9,2,8,2,1,1,1,2,1,3
SF,IF2005,2020-04-13 14:15:21.100,3728.6000,12135,2,6780066420.000,2,2,0,双开,B,3728.2000,3728.0000,3727.0000,3724.6000,3724.2000,3729.2000,3729.4000,3729.8000,3730.0000,3730.2000,1,9,2,8,2,2,1,3,3,5
SF,IF2005,2020-04-13 14:15:21.600,3728.6000,12135,0,6780066420.000,0,-,-,-,-,3728.2000,3728.0000,3727.0000,3724.6000,3724.2000,3729.0000,3729.2000,3729.4000,3729.8000,3730.0000,1,9,2,8,2,4,1,1,3,3
SF,IF2005,2020-04-13 14:15:22.600,3728.2000,12136,1,6781184880.000,1,1,0,双开,B,3728.0000,3727.0000,3724.6000,3724.2000,3724.0000,3728.2000,3729.0000,3729.2000,3729.4000,3729.8000,9,2,8,2,1,1,2,1,1,3
SF,IF2005,2020-04-13 14:15:23.100,3728.2000,12137,1,6782303340.000,1,1,0,双开,B,3728.0000,3727.0000,3724.6000,3724.2000,3724.0000,3728.8000,3729.0000,3729.2000,3729.4000,3729.8000,9,2,8,2,1,2,2,1,1,3
SF,IF2005,2020-04-13 14:15:23.600,3728.2000,12137,0,6782303340.000,0,-,-,-,-,3728.0000,3727.0000,3724.6000,3724.2000,3724.0000,3729.0000,3729.2000,3729.4000,3729.8000,3730.0000,9,2,8,2,1,2,1,1,3,3
SF,IF2005,2020-04-13 14:15:24.100,3728.2000,12137,0,6782303340.000,0,-,-,-,-,3728.0000,3727.0000,3725.2000,3724.6000,3724.2000,3729.0000,3729.2000,3729.4000,3729.8000,3730.0000,9,2,6,8,2,2,1,1,3,3
SF,IF2005,2020-04-13 14:15:24.600,3728.2000,12137,0,6782303340.000,0,-,-,-,-,3728.2000,3728.0000,3727.0000,3725.2000,3724.6000,3729.0000,3729.2000,3729.4000,3729.8000,3730.0000,2,9,2,6,8,2,1,1,3,3
SF,IF2005,2020-04-13 14:15:25.100,3728.2000,12137,0,6782303340.000,0,-,-,-,-,3729.0000,3728.2000,3728.0000,3727.0000,3725.2000,3729.8000,3730.0000,3730.2000,3730.6000,3730.8000,1,4,9,1,6,1,3,5,2,3
SF,IF2005,2020-04-13 14:15:25.600,3728.2000,12139,2,6784540500.000,2,2,0,双开,B,3728.2000,3728.0000,3727.0000,3725.2000,3724.6000,3728.6000,3728.8000,3729.2000,3729.4000,3729.6000,1,9,1,6,8,2,1,1,4,7
SF,IF2005,2020-04-13 14:15:26.100,3728.2000,12139,0,6784540500.000,0,-,-,-,-,3728.0000,3727.0000,3725.2000,3724.6000,3724.2000,3729.0000,3729.2000,3729.4000,3729.6000,3729.8000,9,1,6,8,2,1,1,4,7,3
SF,IF2005,2020-04-13 14:15:26.600,3728.2000,12139,0,6784540500.000,0,-,-,-,-,3728.0000,3727.0000,3725.2000,3724.6000,3724.2000,3728.8000,3729.0000,3729.2000,3729.4000,3729.6000,9,1,6,8,2,2,1,1,2,4
SF,IF2005,2020-04-13 14:15:27.100,3728.8000,12141,2,6786777780.000,2,2,0,双开,B,3728.0000,3727.0000,3725.2000,3724.6000,3724.2000,3729.0000,3729.2000,3729.4000,3729.6000,3729.8000,9,1,6,8,2,1,1,2,3,3
SF,IF2005,2020-04-13 14:15:27.600,3728.8000,12141,0,6786777780.000,0,-,-,-,-,3728.0000,3727.0000,3725.2000,3724.6000,3724.2000,3729.0000,3729.2000,3729.4000,3729.6000,3729.8000,9,1,6,8,2,1,1,2,3,3
SF,IF2005,2020-04-13 14:15:28.100,3728.8000,12141,0,6786777780.000,0,-,-,-,-,3728.0000,3727.0000,3725.2000,3724.6000,3724.2000,3728.2000,3728.8000,3729.0000,3729.6000,3729.8000,9,1,6,8,2,2,3,1,2,3
SF,IF2005,2020-04-13 14:15:28.600,3728.2000,12143,2,6789014700.000,2,2,0,双开,B,3728.0000,3727.0000,3725.2000,3724.6000,3724.2000,3728.8000,3729.0000,3729.6000,3729.8000,3730.0000,9,1,6,8,2,2,1,2,3,5
SF,IF2005,2020-04-13 14:15:29.100,3728.8000,12144,1,6790133340.000,1,1,0,双开,B,3728.0000,3727.0000,3725.2000,3724.6000,3724.2000,3728.8000,3729.0000,3729.6000,3729.8000,3730.0000,9,1,6,8,2,1,1,2,3,5
SF,IF2005,2020-04-13 14:15:29.600,3728.8000,12144,0,6790133340.000,0,-,-,-,-,3728.2000,3728.0000,3727.0000,3725.2000,3724.6000,3729.0000,3729.6000,3729.8000,3730.0000,3730.2000,1,9,1,6,8,1,2,3,5,5
SF,IF2005,2020-04-13 14:15:30.600,3728.8000,12144,0,6790133340.000,0,-,-,-,-,3728.2000,3728.0000,3727.0000,3725.2000,3724.6000,3729.6000,3729.8000,3730.0000,3730.2000,3730.6000,1,9,1,6,8,1,3,5,5,2
SF,IF2005,2020-04-13 14:15:31.100,3728.2000,12147,3,6794607720.000,4,3,1,多开,B,3728.0000,3727.0000,3725.2000,3724.6000,3724.2000,3728.2000,3729.8000,3730.0000,3730.2000,3730.6000,9,1,6,8,2,1,3,5,5,2
SF,IF2005,2020-04-13 14:15:31.600,3728.2000,12147,0,6795726180.000,1,0,1,空换,B,3728.4000,3728.2000,3728.0000,3727.0000,3725.2000,3729.8000,3730.0000,3730.2000,3730.6000,3730.8000,1,1,9,1,6,2,5,5,2,1
SF,IF2005,2020-04-13 14:15:32.100,3728.2000,12147,0,6795726180.000,0,-,-,-,-,3728.2000,3728.0000,3727.0000,3725.2000,3724.6000,3729.4000,3729.6000,3729.8000,3730.0000,3730.2000,1,9,1,6,8,1,4,2,5,5
SF,IF2005,2020-04-13 14:15:32.600,3728.2000,12147,0,6795726180.000,0,-,-,-,-,3728.2000,3728.0000,3727.0000,3725.2000,3724.6000,3729.2000,3729.4000,3729.8000,3730.0000,3730.2000,1,9,1,6,8,3,1,2,5,5
SF,IF2005,2020-04-13 14:15:33.100,3728.2000,12147,0,6795726180.000,0,-,-,-,-,3728.2000,3728.0000,3727.0000,3725.2000,3724.6000,3729.2000,3729.4000,3729.6000,3729.8000,3730.0000,1,9,1,6,8,3,1,1,2,5
SF,IF2005,2020-04-13 14:15:33.600,3729.2000,12148,1,6796844940.000,1,1,0,双开,B,3728.2000,3728.0000,3727.0000,3725.2000,3724.6000,3729.2000,3729.4000,3729.6000,3729.8000,3730.0000,1,9,1,6,8,2,1,1,2,5
SF,IF2005,2020-04-13 14:15:35.100,3728.2000,12148,0,6797963400.000,1,0,1,空换,B,3728.0000,3727.0000,3725.2000,3724.6000,3724.2000,3729.0000,3729.2000,3729.6000,3729.8000,3730.0000,9,1,6,8,2,3,2,1,2,5
SF,IF2005,2020-04-13 14:15:35.600,3728.8000,12150,2,6800200680.000,2,2,0,双开,B,3728.0000,3727.0000,3725.2000,3724.6000,3724.2000,3729.0000,3729.6000,3729.8000,3730.0000,3730.2000,9,1,6,8,2,2,1,2,5,5
SF,IF2005,2020-04-13 14:15:37.600,3729.0000,12151,1,6801319380.000,1,1,0,双开,B,3728.2000,3728.0000,3727.0000,3725.2000,3724.6000,3729.0000,3729.6000,3729.8000,3730.0000,3730.2000,1,9,1,6,8,1,1,2,5,5
SF,IF2005,2020-04-13 14:15:38.100,3728.2000,12152,1,6802437840.000,1,1,0,双开,B,3728.0000,3727.0000,3725.2000,3724.6000,3724.2000,3728.8000,3729.0000,3729.6000,3729.8000,3730.0000,9,1,6,8,2,1,1,1,2,5
SF,IF2005,2020-04-13 14:15:39.100,3728.2000,12152,0,6802437840.000,0,-,-,-,-,3728.0000,3727.0000,3725.2000,3724.6000,3724.2000,3728.6000,3729.0000,3729.6000,3729.8000,3730.0000,9,1,6,8,2,2,1,1,2,5
SF,IF2005,2020-04-13 14:15:39.600,3728.6000,12153,1,6803556420.000,1,1,0,双开,B,3728.0000,3727.0000,3725.2000,3724.6000,3724.2000,3728.6000,3729.0000,3729.6000,3729.8000,3730.0000,9,1,6,8,2,1,1,1,2,5
SF,IF2005,2020-04-13 14:15:41.600,3728.6000,12154,1,6804675000.000,1,1,0,双开,B,3728.0000,3727.0000,3725.2000,3724.6000,3724.2000,3729.0000,3729.6000,3729.8000,3730.0000,3730.2000,9,1,6,8,2,1,1,2,5,5
SF,IF2005,2020-04-13 14:15:42.100,3728.6000,12154,0,6804675000.000,0,-,-,-,-,3728.0000,3727.0000,3725.2000,3724.6000,3724.2000,3728.8000,3729.0000,3729.6000,3729.8000,3730.0000,9,1,6,8,2,1,1,1,2,5
SF,IF2005,2020-04-13 14:15:43.100,3728.6000,12154,0,6804675000.000,0,-,-,-,-,3728.0000,3727.0000,3724.6000,3724.2000,3724.0000,3728.6000,3728.8000,3729.0000,3729.6000,3729.8000,9,1,14,2,1,1,1,1,1,2
SF,IF2005,2020-04-13 14:15:43.600,3728.6000,12155,1,6805793580.000,1,1,0,双开,B,3728.0000,3727.0000,3724.6000,3724.2000,3724.0000,3728.8000,3729.0000,3729.6000,3729.8000,3730.0000,9,1,14,2,1,1,1,1,2,5
SF,IF2005,2020-04-13 14:15:44.100,3728.6000,12155,0,6805793580.000,0,-,-,-,-,3728.0000,3727.0000,3724.6000,3724.2000,3724.0000,3728.6000,3728.8000,3729.0000,3729.6000,3729.8000,9,1,14,2,1,1,1,1,1,2
SF,IF2005,2020-04-13 14:15:44.600,3728.6000,12155,0,6805793580.000,0,-,-,-,-,3728.0000,3727.0000,3724.6000,3724.2000,3724.0000,3728.8000,3729.0000,3729.4000,3729.6000,3729.8000,9,1,14,2,1,1,1,1,1,2
SF,IF2005,2020-04-13 14:15:45.100,3728.6000,12155,0,6805793580.000,0,-,-,-,-,3728.0000,3727.0000,3724.6000,3724.2000,3724.0000,3728.6000,3728.8000,3729.0000,3729.4000,3729.6000,9,1,14,2,1,1,1,1,1,1
SF,IF2005,2020-04-13 14:15:45.600,3728.8000,12157,2,6808030620.000,2,2,0,双开,B,3728.0000,3727.0000,3724.6000,3724.2000,3724.0000,3728.6000,3729.0000,3729.4000,3729.6000,3729.8000,8,1,14,2,1,1,1,1,1,2
SF,IF2005,2020-04-13 14:15:46.600,3728.8000,12157,0,6808030620.000,0,-,-,-,-,3728.0000,3727.0000,3724.6000,3724.2000,3724.0000,3728.6000,3729.0000,3729.4000,3729.6000,3729.8000,8,1,14,2,1,3,1,1,1,2
SF,IF2005,2020-04-13 14:15:47.600,3728.6000,12158,1,6809149200.000,1,1,0,双开,B,3728.0000,3727.0000,3724.6000,3724.2000,3724.0000,3728.6000,3729.0000,3729.4000,3729.6000,3729.8000,8,1,14,2,1,2,1,1,1,2
SF,IF2005,2020-04-13 14:15:48.600,3728.0000,12158,0,6811386000.000,2,1,1,空换,B,3728.0000,3727.0000,3724.6000,3724.2000,3724.0000,3728.6000,3729.4000,3729.6000,3729.8000,3730.0000,6,1,14,2,1,2,1,1,2,5
SF,IF2005,2020-04-13 14:15:49.100,3728.0000,12161,3,6818096400.000,6,4,2,多开,B,3727.0000,3724.6000,3724.2000,3724.0000,3723.0000,3728.4000,3728.6000,3729.4000,3729.6000,3729.8000,1,14,2,1,1,2,2,1,1,2
SF,IF2005,2020-04-13 14:15:49.600,3728.0000,12162,1,6819214800.000,1,1,0,双开,B,3727.2000,3724.6000,3724.2000,3724.0000,3723.0000,3728.4000,3728.6000,3729.4000,3729.6000,3729.8000,2,14,2,1,1,3,2,1,1,2
SF,IF2005,2020-04-13 14:15:50.600,3728.0000,12162,0,6819214800.000,0,-,-,-,-,3727.2000,3724.6000,3724.2000,3724.0000,3723.0000,3728.4000,3728.6000,3729.4000,3729.6000,3729.8000,2,14,2,1,1,2,2,1,1,2
SF,IF2005,2020-04-13 14:15:51.600,3728.4000,12162,0,6820333320.000,1,0,1,空换,B,3727.2000,3724.6000,3724.2000,3724.0000,3723.0000,3728.4000,3728.6000,3729.4000,3729.6000,3729.8000,2,8,2,1,1,1,2,1,1,2
SF,IF2005,2020-04-13 14:15:52.100,3728.4000,12162,0,6820333320.000,0,-,-,-,-,3727.2000,3724.6000,3724.2000,3724.0000,3723.6000,3728.2000,3728.6000,3729.4000,3729.6000,3729.8000,2,8,2,1,6,1,2,1,1,2
SF,IF2005,2020-04-13 14:15:57.600,3728.4000,12162,0,6820333320.000,0,-,-,-,-,3727.2000,3724.6000,3724.0000,3723.6000,3723.0000,3728.2000,3728.6000,3729.4000,3729.6000,3729.8000,2,8,1,6,1,1,2,1,1,2
SF,IF2005,2020-04-13 14:15:58.600,3728.2000,12163,1,6821451780.000,1,1,0,双开,B,3727.2000,3724.6000,3724.0000,3723.6000,3723.0000,3728.6000,3729.4000,3729.6000,3729.8000,3730.0000,2,8,1,6,1,2,1,1,2,5
SF,IF2005,2020-04-13 14:15:59.100,3728.2000,12163,0,6821451780.000,0,-,-,-,-,3727.2000,3724.6000,3724.0000,3723.6000,3723.0000,3728.4000,3728.6000,3729.4000,3729.6000,3729.8000,2,8,1,6,1,6,2,1,1,2
SF,IF2005,2020-04-13 14:15:59.600,3728.2000,12163,0,6821451780.000,0,-,-,-,-,3727.2000,3724.6000,3724.0000,3723.6000,3723.0000,3728.0000,3728.4000,3728.6000,3729.4000,3729.6000,2,8,1,6,1,1,7,2,1,1
SF,IF2005,2020-04-13 14:16:00.100,3728.2000,12163,0,6821451780.000,0,-,-,-,-,3727.2000,3724.6000,3724.0000,3723.6000,3723.0000,3728.0000,3728.4000,3728.6000,3729.0000,3729.4000,2,8,1,6,1,2,7,2,2,1
SF,IF2005,2020-04-13 14:16:01.100,3728.2000,12163,0,6821451780.000,0,-,-,-,-,3727.2000,3724.6000,3724.0000,3723.6000,3723.0000,3727.8000,3728.0000,3728.4000,3728.6000,3729.0000,1,8,1,6,1,1,2,6,2,2
SF,IF2005,2020-04-13 14:16:01.600,3728.0000,12164,1,6822570180.000,1,1,0,双开,B,3727.2000,3724.6000,3724.0000,3723.6000,3723.0000,3728.0000,3728.4000,3728.6000,3729.0000,3729.4000,1,8,1,6,1,1,6,2,2,1
SF,IF2005,2020-04-13 14:16:02.100,3728.0000,12164,0,6822570180.000,0,-,-,-,-,3724.6000,3724.0000,3723.6000,3723.0000,3720.2000,3728.0000,3728.4000,3728.6000,3729.0000,3729.4000,8,1,6,1,2,1,6,2,2,1
SF,IF2005,2020-04-13 14:16:02.600,3728.0000,12164,0,6822570180.000,0,-,-,-,-,3726.6000,3726.4000,3726.2000,3726.0000,3725.8000,3727.8000,3728.0000,3728.4000,3728.6000,3729.0000,2,1,1,1,2,5,1,5,2,2
SF,IF2005,2020-04-13 14:16:03.100,3728.0000,12164,0,6822570180.000,0,-,-,-,-,3727.0000,3726.8000,3726.6000,3726.0000,3725.8000,3727.8000,3728.0000,3728.4000,3728.6000,3729.0000,1,1,2,1,2,2,2,5,2,2
SF,IF2005,2020-04-13 14:16:03.600,3728.0000,12164,0,6822570180.000,0,-,-,-,-,3727.0000,3726.8000,3726.6000,3726.0000,3725.8000,3727.8000,3728.0000,3728.4000,3728.6000,3729.0000,1,1,1,1,2,2,2,5,2,2
SF,IF2005,2020-04-13 14:16:04.100,3728.0000,12165,1,6823688580.000,1,1,0,双开,B,3727.0000,3726.8000,3726.6000,3726.0000,3725.8000,3728.0000,3728.4000,3728.6000,3729.0000,3729.4000,1,1,1,1,2,2,5,2,2,1
SF,IF2005,2020-04-13 14:16:04.600,3728.0000,12165,0,6823688580.000,0,-,-,-,-,3727.2000,3727.0000,3726.0000,3725.8000,3725.4000,3728.0000,3728.4000,3728.6000,3729.0000,3729.4000,1,1,1,2,1,1,4,2,2,1
SF,IF2005,2020-04-13 14:16:05.100,3728.0000,12165,0,6823688580.000,0,-,-,-,-,3727.2000,3727.0000,3726.0000,3725.8000,3725.4000,3728.0000,3728.4000,3728.6000,3729.0000,3729.4000,2,1,1,2,1,1,4,2,2,1
SF,IF2005,2020-04-13 14:16:05.600,3728.0000,12165,0,6823688580.000,0,-,-,-,-,3727.4000,3727.2000,3726.0000,3725.8000,3725.4000,3728.0000,3728.4000,3728.6000,3729.0000,3729.4000,1,2,1,2,1,1,2,2,2,1
SF,IF2005,2020-04-13 14:16:06.100,3728.0000,12166,1,6824806980.000,1,1,0,双开,B,3727.4000,3727.2000,3726.0000,3725.8000,3725.4000,3728.4000,3728.6000,3729.0000,3729.4000,3729.6000,1,2,1,2,1,2,2,2,1,1
SF,IF2005,2020-04-13 14:16:06.600,3728.0000,12166,0,6824806980.000,0,-,-,-,-,3727.6000,3727.4000,3727.2000,3726.0000,3725.8000,3728.4000,3728.6000,3729.0000,3729.4000,3729.6000,1,1,1,1,2,2,2,2,1,1
SF,IF2005,2020-04-13 14:16:08.100,3728.4000,12168,2,6827044020.000,2,2,0,双开,B,3727.6000,3727.4000,3727.2000,3726.0000,3725.8000,3728.6000,3729.0000,3729.4000,3729.6000,3729.8000,1,1,1,1,2,2,2,1,1,2
SF,IF2005,2020-04-13 14:16:08.600,3728.4000,12168,0,6827044020.000,0,-,-,-,-,3727.6000,3727.4000,3727.2000,3726.0000,3725.8000,3728.4000,3728.6000,3729.0000,3729.4000,3729.6000,1,1,1,1,2,1,2,2,1,1
SF,IF2005,2020-04-13 14:16:10.600,3728.4000,12168,0,6827044020.000,0,-,-,-,-,3727.6000,3727.4000,3727.2000,3726.0000,3725.8000,3728.4000,3728.6000,3729.0000,3729.4000,3729.6000,1,1,1,1,2,2,2,2,1,1
SF,IF2005,2020-04-13 14:16:11.100,3728.4000,12168,0,6827044020.000,0,-,-,-,-,3727.6000,3727.4000,3726.0000,3725.8000,3725.4000,3728.4000,3728.6000,3729.0000,3729.4000,3729.6000,1,1,1,2,1,2,2,2,1,1
SF,IF2005,2020-04-13 14:16:11.600,3727.6000,12169,1,6828162300.000,1,1,0,双开,B,3727.4000,3726.0000,3725.8000,3725.4000,3725.0000,3728.4000,3728.6000,3729.0000,3729.4000,3729.6000,1,1,2,1,4,2,2,2,1,1
SF,IF2005,2020-04-13 14:16:12.600,3727.6000,12169,0,6828162300.000,0,-,-,-,-,3727.4000,3726.0000,3725.8000,3725.4000,3725.0000,3728.2000,3728.4000,3728.6000,3729.0000,3729.4000,1,1,2,1,4,1,2,2,2,1
SF,IF2005,2020-04-13 14:16:13.100,3727.6000,12169,0,6828162300.000,0,-,-,-,-,3727.4000,3726.0000,3725.8000,3725.4000,3725.0000,3728.0000,3728.2000,3728.4000,3728.6000,3729.0000,1,1,2,1,4,1,2,2,2,2
SF,IF2005,2020-04-13 14:16:14.100,3727.6000,12169,0,6828162300.000,0,-,-,-,-,3727.4000,3726.0000,3725.8000,3725.4000,3725.0000,3728.2000,3728.4000,3728.6000,3729.0000,3729.4000,1,1,2,1,4,2,2,2,2,1
SF,IF2005,2020-04-13 14:16:14.600,3727.6000,12171,2,6830398860.000,2,2,0,双开,B,3727.4000,3726.0000,3725.8000,3725.4000,3725.0000,3728.0000,3728.2000,3728.4000,3728.6000,3729.0000,1,1,2,1,4,1,2,2,2,2
SF,IF2005,2020-04-13 14:16:15.100,3727.4000,12172,1,6831517080.000,1,1,0,双开,B,3726.0000,3725.8000,3725.4000,3725.0000,3724.8000,3728.0000,3728.2000,3728.4000,3728.6000,3729.0000,1,2,1,4,11,1,2,2,2,2
SF,IF2005,2020-04-13 14:16:15.600,3727.4000,12172,0,6831517080.000,0,-,-,-,-,3727.0000,3726.8000,3726.4000,3726.0000,3725.8000,3727.8000,3728.0000,3728.2000,3728.4000,3728.6000,2,1,1,1,1,2,1,1,2,2
SF,IF2005,2020-04-13 14:16:16.100,3727.4000,12172,0,6831517080.000,0,-,-,-,-,3727.0000,3726.8000,3726.2000,3726.0000,3725.8000,3728.2000,3728.4000,3728.6000,3729.0000,3729.4000,2,1,1,2,1,1,2,2,2,1
SF,IF2005,2020-04-13 14:16:16.600,3727.0000,12172,0,6832635180.000,1,0,1,空换,B,3727.0000,3726.8000,3726.2000,3726.0000,3725.8000,3728.0000,3728.2000,3728.4000,3728.6000,3729.0000,1,1,1,2,1,3,2,2,2,2
SF,IF2005,2020-04-13 14:16:17.100,3728.0000,12174,2,6834871980.000,2,2,0,双开,B,3727.0000,3726.8000,3726.2000,3726.0000,3725.8000,3728.0000,3728.2000,3728.4000,3728.6000,3729.0000,1,1,1,2,1,2,2,2,2,3
SF,IF2005,2020-04-13 14:16:17.600,3728.0000,12174,0,6834871980.000,0,-,-,-,-,3727.0000,3726.8000,3726.2000,3726.0000,3725.8000,3728.0000,3728.2000,3728.4000,3728.6000,3729.0000,1,1,1,2,1,1,2,2,2,3
SF,IF2005,2020-04-13 14:16:18.100,3728.0000,12174,0,6834871980.000,0,-,-,-,-,3727.0000,3726.8000,3726.2000,3726.0000,3725.8000,3727.8000,3728.0000,3728.2000,3728.4000,3728.6000,1,1,1,2,1,1,1,2,2,2
SF,IF2005,2020-04-13 14:16:19.600,3728.0000,12174,0,6834871980.000,0,-,-,-,-,3727.0000,3726.8000,3726.2000,3726.0000,3725.8000,3727.6000,3727.8000,3728.2000,3728.4000,3728.6000,1,1,1,2,1,1,1,2,2,2
SF,IF2005,2020-04-13 14:16:20.100,3728.0000,12174,0,6834871980.000,0,-,-,-,-,3727.0000,3726.8000,3726.2000,3726.0000,3725.8000,3727.4000,3727.6000,3727.8000,3728.2000,3728.4000,1,1,1,2,1,1,1,1,2,2
SF,IF2005,2020-04-13 14:16:21.100,3728.0000,12174,0,6834871980.000,0,-,-,-,-,3727.0000,3726.8000,3726.2000,3726.0000,3725.8000,3727.4000,3727.6000,3727.8000,3728.2000,3728.4000,1,1,1,2,1,1,1,1,2,2
SF,IF2005,2020-04-13 14:16:21.600,3728.0000,12174,0,6834871980.000,0,-,-,-,-,3727.0000,3726.8000,3726.2000,3726.0000,3725.8000,3727.4000,3727.6000,3727.8000,3728.2000,3728.4000,1,1,1,2,1,1,1,1,2,2
SF,IF2005,2020-04-13 14:16:22.100,3728.0000,12174,0,6834871980.000,0,-,-,-,-,3727.0000,3726.8000,3726.2000,3726.0000,3725.8000,3727.4000,3727.6000,3727.8000,3728.2000,3728.4000,1,1,1,2,1,1,1,2,2,2
SF,IF2005,2020-04-13 14:16:23.600,3728.0000,12174,0,6834871980.000,0,-,-,-,-,3727.0000,3726.8000,3726.2000,3726.0000,3725.8000,3727.4000,3727.6000,3727.8000,3728.2000,3728.4000,1,1,1,2,1,1,1,1,2,2
SF,IF2005,2020-04-13 14:16:24.600,3728.0000,12174,0,6834871980.000,0,-,-,-,-,3727.0000,3726.8000,3726.2000,3726.0000,3725.8000,3727.4000,3727.6000,3727.8000,3728.2000,3728.4000,1,1,1,2,1,1,1,1,1,2
SF,IF2005,2020-04-13 14:16:25.600,3728.0000,12174,0,6834871980.000,0,-,-,-,-,3727.0000,3726.8000,3726.2000,3726.0000,3725.8000,3727.4000,3727.6000,3727.8000,3728.0000,3728.2000,1,1,1,2,1,1,1,1,5,1
SF,IF2005,2020-04-13 14:16:26.100,3728.0000,12174,0,6834871980.000,0,-,-,-,-,3727.0000,3726.8000,3726.2000,3726.0000,3725.8000,3727.4000,3727.6000,3727.8000,3728.0000,3728.2000,1,1,1,2,1,2,1,1,5,1
SF,IF2005,2020-04-13 14:16:26.600,3727.0000,12175,1,6835990080.000,1,1,0,双开,B,3726.2000,3726.0000,3725.0000,3724.8000,3724.0000,3727.4000,3727.8000,3728.0000,3728.2000,3728.4000,1,2,4,8,1,1,1,5,1,2
SF,IF2005,2020-04-13 14:16:27.100,3727.0000,12175,0,6835990080.000,0,-,-,-,-,3726.0000,3725.0000,3724.8000,3724.0000,3723.8000,3726.6000,3727.4000,3727.8000,3728.0000,3728.2000,2,4,7,1,4,1,1,1,5,1
SF,IF2005,2020-04-13 14:16:27.600,3727.0000,12175,0,6835990080.000,0,-,-,-,-,3726.0000,3725.0000,3724.8000,3724.0000,3723.8000,3726.6000,3727.2000,3727.4000,3727.8000,3728.0000,2,3,6,1,4,1,1,1,1,5
SF,IF2005,2020-04-13 14:16:28.100,3726.0000,12173,-2,6838225680.000,2,0,2,双平,B,3725.0000,3724.8000,3724.0000,3723.8000,3723.6000,3726.6000,3727.4000,3727.8000,3728.0000,3728.2000,3,4,1,4,8,1,1,1,5,1
SF,IF2005,2020-04-13 14:16:28.600,3726.0000,12173,0,6838225680.000,0,-,-,-,-,3725.2000,3725.0000,3724.8000,3724.0000,3723.6000,3726.4000,3726.6000,3727.4000,3727.8000,3728.0000,4,3,3,1,8,2,1,1,3,5
SF,IF2005,2020-04-13 14:16:29.100,3726.0000,12173,0,6838225680.000,0,-,-,-,-,3725.2000,3724.0000,3723.6000,3723.0000,3720.2000,3726.2000,3726.4000,3727.4000,3727.8000,3728.0000,6,1,8,1,2,1,2,1,3,5
SF,IF2005,2020-04-13 14:16:29.600,3726.0000,12173,0,6838225680.000,0,-,-,-,-,3725.2000,3724.0000,3723.0000,3720.2000,3720.0000,3726.2000,3726.4000,3727.4000,3727.8000,3728.0000,6,1,1,2,2,1,2,1,3,5
SF,IF2005,2020-04-13 14:16:30.100,3726.0000,12173,0,6838225680.000,0,-,-,-,-,3725.6000,3725.2000,3724.0000,3723.0000,3722.6000,3726.2000,3726.4000,3727.4000,3727.8000,3728.0000,1,5,1,1,8,1,2,1,3,5
SF,IF2005,2020-04-13 14:16:30.600,3726.2000,12174,1,6839343540.000,1,1,0,双开,B,3726.0000,3725.8000,3725.6000,3725.2000,3724.0000,3727.4000,3727.8000,3728.0000,3728.2000,3728.4000,1,2,2,2,1,1,3,5,1,2
SF,IF2005,2020-04-13 14:16:31.100,3726.2000,12174,0,6839343540.000,0,-,-,-,-,3726.2000,3725.6000,3725.2000,3724.0000,3723.0000,3727.2000,3727.4000,3727.8000,3728.0000,3728.2000,2,1,1,1,1,3,1,3,5,1
SF,IF2005,2020-04-13 14:16:31.600,3726.2000,12174,0,6839343540.000,0,-,-,-,-,3726.4000,3726.2000,3725.2000,3724.0000,3723.0000,3727.2000,3727.4000,3727.8000,3728.0000,3728.2000,1,3,1,1,1,2,1,3,5,1
SF,IF2005,2020-04-13 14:16:32.100,3726.2000,12174,0,6839343540.000,0,-,-,-,-,3726.4000,3726.2000,3725.2000,3724.0000,3723.0000,3727.2000,3727.4000,3727.8000,3728.0000,3728.2000,1,3,1,1,1,2,1,3,5,1
SF,IF2005,2020-04-13 14:16:32.600,3726.2000,12174,0,6839343540.000,0,-,-,-,-,3726.4000,3726.2000,3725.2000,3724.0000,3723.0000,3727.2000,3727.4000,3727.8000,3728.0000,3728.2000,1,3,1,1,7,2,1,3,5,1
SF,IF2005,2020-04-13 14:16:33.100,3726.2000,12174,0,6839343540.000,0,-,-,-,-,3726.4000,3726.2000,3725.2000,3724.0000,3723.0000,3727.0000,3727.2000,3727.4000,3727.8000,3728.0000,1,1,1,1,7,1,2,1,3,5
SF,IF2005,2020-04-13 14:16:33.600,3726.2000,12174,0,6839343540.000,0,-,-,-,-,3726.4000,3726.2000,3725.2000,3724.0000,3723.0000,3727.0000,3727.2000,3727.4000,3727.8000,3728.0000,1,1,1,1,7,1,2,1,3,5
SF,IF2005,2020-04-13 14:16:34.100,3726.2000,12174,0,6839343540.000,0,-,-,-,-,3725.2000,3724.0000,3723.0000,3722.6000,3722.2000,3727.0000,3727.2000,3727.4000,3727.8000,3728.0000,1,1,7,8,4,1,2,1,3,5
SF,IF2005,2020-04-13 14:16:34.600,3726.2000,12174,0,6839343540.000,0,-,-,-,-,3725.6000,3725.4000,3724.0000,3723.0000,3722.6000,3726.8000,3727.0000,3727.4000,3727.8000,3728.0000,2,3,1,7,8,2,2,1,3,5
SF,IF2005,2020-04-13 14:16:35.100,3726.2000,12174,0,6839343540.000,0,-,-,-,-,3725.8000,3725.6000,3725.4000,3724.0000,3723.0000,3726.4000,3726.8000,3727.0000,3727.4000,3727.8000,2,2,1,1,7,1,2,1,1,3
SF,IF2005,2020-04-13 14:16:35.600,3726.2000,12174,0,6839343540.000,0,-,-,-,-,3725.8000,3725.6000,3725.4000,3724.0000,3723.0000,3726.4000,3726.8000,3727.0000,3727.4000,3727.8000,2,2,1,1,1,1,2,1,1,3
SF,IF2005,2020-04-13 14:16:36.100,3726.2000,12174,0,6839343540.000,0,-,-,-,-,3725.8000,3725.6000,3725.4000,3724.0000,3723.0000,3726.4000,3726.8000,3727.0000,3727.4000,3727.8000,2,2,1,1,1,1,2,1,1,3
SF,IF2005,2020-04-13 14:16:36.600,3726.2000,12174,0,6839343540.000,0,-,-,-,-,3725.8000,3725.6000,3725.4000,3724.0000,3723.0000,3726.4000,3726.8000,3727.0000,3727.4000,3727.8000,2,2,1,2,1,1,2,1,1,3
SF,IF2005,2020-04-13 14:16:37.100,3726.2000,12174,0,6839343540.000,0,-,-,-,-,3726.0000,3725.8000,3725.6000,3725.4000,3724.0000,3726.4000,3726.8000,3727.0000,3727.4000,3727.8000,1,2,1,1,2,1,2,1,1,3
SF,IF2005,2020-04-13 14:16:37.600,3726.2000,12174,0,6839343540.000,0,-,-,-,-,3726.0000,3725.8000,3725.6000,3725.4000,3724.0000,3726.4000,3726.8000,3727.0000,3727.4000,3727.8000,1,2,1,1,2,1,2,1,1,3
SF,IF2005,2020-04-13 14:16:38.100,3726.2000,12174,0,6839343540.000,0,-,-,-,-,3726.0000,3725.8000,3725.6000,3725.4000,3724.0000,3726.4000,3726.8000,3727.0000,3727.4000,3727.8000,1,2,1,1,2,2,2,1,1,3
SF,IF2005,2020-04-13 14:16:38.600,3726.2000,12174,0,6839343540.000,0,-,-,-,-,3726.0000,3725.8000,3725.6000,3725.4000,3724.0000,3726.4000,3726.8000,3727.0000,3727.4000,3727.8000,1,2,1,1,2,1,2,1,1,3
SF,IF2005,2020-04-13 14:16:39.100,3726.2000,12174,0,6839343540.000,0,-,-,-,-,3726.0000,3725.8000,3725.6000,3725.4000,3724.0000,3726.4000,3726.8000,3727.0000,3727.4000,3727.8000,1,2,1,1,2,1,2,1,1,3
SF,IF2005,2020-04-13 14:16:39.600,3726.2000,12174,0,6839343540.000,0,-,-,-,-,3726.0000,3725.8000,3725.6000,3725.4000,3724.0000,3726.4000,3726.8000,3727.0000,3727.4000,3727.8000,1,2,1,1,2,1,2,1,1,3
SF,IF2005,2020-04-13 14:16:40.100,3726.2000,12174,0,6839343540.000,0,-,-,-,-,3726.0000,3725.8000,3725.6000,3725.4000,3724.0000,3726.4000,3726.8000,3727.0000,3727.4000,3727.8000,1,2,1,1,2,2,2,1,1,3
SF,IF2005,2020-04-13 14:16:41.100,3726.2000,12174,0,6839343540.000,0,-,-,-,-,3726.0000,3725.8000,3725.6000,3725.4000,3724.0000,3726.4000,3726.8000,3727.0000,3727.4000,3727.8000,1,2,1,1,2,1,2,1,1,3
SF,IF2005,2020-04-13 14:16:41.600,3726.0000,12174,0,6840461340.000,1,0,1,空换,B,3725.6000,3725.4000,3724.0000,3723.0000,3722.6000,3726.4000,3726.8000,3727.0000,3727.4000,3727.8000,1,1,2,1,8,2,2,1,1,3
SF,IF2005,2020-04-13 14:16:42.100,3726.0000,12174,0,6840461340.000,0,-,-,-,-,3725.6000,3725.4000,3724.0000,3723.0000,3722.6000,3726.0000,3726.4000,3726.8000,3727.0000,3727.4000,1,1,2,1,8,1,1,2,1,1
SF,IF2005,2020-04-13 14:16:42.600,3726.0000,12175,1,6841579140.000,1,1,0,双开,B,3725.6000,3725.4000,3724.0000,3723.0000,3722.6000,3726.4000,3726.8000,3727.0000,3727.4000,3727.8000,1,1,2,1,8,2,2,1,1,3
SF,IF2005,2020-04-13 14:16:43.100,3726.0000,12175,0,6841579140.000,0,-,-,-,-,3725.8000,3724.0000,3723.0000,3722.6000,3722.4000,3726.4000,3727.0000,3727.4000,3727.8000,3728.0000,4,2,1,8,6,2,1,1,3,5
SF,IF2005,2020-04-13 14:16:43.600,3726.0000,12175,0,6841579140.000,0,-,-,-,-,3725.8000,3724.0000,3723.0000,3722.6000,3722.4000,3726.4000,3727.0000,3727.4000,3727.8000,3728.0000,3,2,1,8,6,1,1,1,3,5
SF,IF2005,2020-04-13 14:16:44.100,3726.0000,12175,0,6841579140.000,0,-,-,-,-,3725.8000,3724.0000,3723.0000,3722.6000,3722.4000,3726.4000,3727.0000,3727.4000,3727.8000,3728.0000,3,2,1,8,6,1,1,1,3,5
SF,IF2005,2020-04-13 14:16:45.100,3726.4000,12175,0,6842697060.000,1,0,1,空换,B,3725.8000,3724.0000,3723.0000,3722.6000,3722.4000,3727.0000,3727.4000,3727.8000,3728.0000,3728.2000,3,2,1,8,6,1,1,3,5,1
SF,IF2005,2020-04-13 14:16:45.600,3726.4000,12175,0,6842697060.000,0,-,-,-,-,3726.0000,3725.8000,3724.0000,3723.0000,3722.6000,3726.8000,3727.0000,3727.4000,3727.8000,3728.0000,3,3,2,1,8,2,1,1,3,5
SF,IF2005,2020-04-13 14:16:46.100,3726.4000,12175,0,6842697060.000,0,-,-,-,-,3726.0000,3725.8000,3724.0000,3723.0000,3722.6000,3726.8000,3727.0000,3727.4000,3727.8000,3728.0000,3,3,2,1,8,2,1,1,3,5
SF,IF2005,2020-04-13 14:16:46.600,3726.4000,12175,0,6842697060.000,0,-,-,-,-,3726.0000,3725.8000,3724.0000,3723.0000,3722.6000,3726.8000,3727.0000,3727.4000,3727.8000,3728.0000,3,3,2,1,8,2,1,1,3,5
SF,IF2005,2020-04-13 14:16:47.100,3726.4000,12175,0,6842697060.000,0,-,-,-,-,3726.0000,3725.8000,3724.0000,3723.0000,3722.6000,3726.8000,3727.0000,3727.4000,3727.8000,3728.0000,3,3,2,1,8,3,1,1,3,5
SF,IF2005,2020-04-13 14:16:47.600,3726.4000,12175,0,6842697060.000,0,-,-,-,-,3726.0000,3725.8000,3724.0000,3723.0000,3722.6000,3726.8000,3727.4000,3727.8000,3728.0000,3728.2000,3,3,2,1,8,2,1,3,5,1
SF,IF2005,2020-04-13 14:16:48.100,3726.4000,12175,0,6842697060.000,0,-,-,-,-,3726.0000,3725.8000,3724.0000,3723.0000,3722.6000,3726.8000,3727.4000,3727.8000,3728.0000,3728.2000,3,3,2,1,8,3,1,3,5,1
SF,IF2005,2020-04-13 14:16:49.100,3726.4000,12175,0,6842697060.000,0,-,-,-,-,3726.0000,3725.8000,3725.0000,3724.0000,3723.0000,3726.8000,3727.4000,3727.8000,3728.0000,3728.2000,3,3,1,2,1,2,1,3,5,1
SF,IF2005,2020-04-13 14:16:49.600,3726.4000,12175,0,6842697060.000,0,-,-,-,-,3726.0000,3725.8000,3725.0000,3724.0000,3723.0000,3726.8000,3727.4000,3727.8000,3728.0000,3728.2000,3,3,1,2,1,2,1,3,5,1
SF,IF2005,2020-04-13 14:16:50.100,3726.4000,12175,0,6842697060.000,0,-,-,-,-,3726.0000,3725.8000,3725.0000,3724.0000,3723.0000,3726.8000,3727.4000,3727.8000,3728.0000,3728.2000,3,3,1,2,1,2,1,3,5,1
SF,IF2005,2020-04-13 14:16:50.600,3726.4000,12175,0,6842697060.000,0,-,-,-,-,3726.0000,3725.8000,3725.0000,3724.0000,3723.0000,3726.8000,3727.4000,3727.8000,3728.0000,3728.2000,3,3,1,2,1,1,1,3,5,1
SF,IF2005,2020-04-13 14:16:51.100,3726.4000,12175,0,6842697060.000,0,-,-,-,-,3726.0000,3725.8000,3725.0000,3724.0000,3723.0000,3727.4000,3727.8000,3728.0000,3728.2000,3728.4000,3,3,1,2,1,1,3,5,1,2
SF,IF2005,2020-04-13 14:16:51.600,3726.4000,12175,0,6842697060.000,0,-,-,-,-,3726.2000,3726.0000,3725.8000,3725.0000,3724.0000,3727.2000,3727.4000,3727.8000,3728.0000,3728.2000,2,3,1,1,2,3,1,3,5,1
SF,IF2005,2020-04-13 14:16:52.100,3726.4000,12175,0,6842697060.000,0,-,-,-,-,3726.2000,3726.0000,3725.8000,3725.0000,3724.0000,3727.2000,3727.4000,3727.8000,3728.0000,3728.2000,2,2,1,1,2,3,1,3,5,1
SF,IF2005,2020-04-13 14:16:52.600,3726.4000,12175,0,6842697060.000,0,-,-,-,-,3726.2000,3726.0000,3725.8000,3725.0000,3724.0000,3727.2000,3727.4000,3727.8000,3728.0000,3728.2000,2,2,1,1,2,4,1,3,5,1
SF,IF2005,2020-04-13 14:16:53.100,3726.4000,12175,0,6842697060.000,0,-,-,-,-,3726.0000,3725.8000,3725.0000,3724.0000,3723.0000,3727.2000,3727.4000,3727.8000,3728.0000,3728.2000,2,1,1,2,1,4,1,3,5,1
SF,IF2005,2020-04-13 14:16:53.600,3726.4000,12175,0,6842697060.000,0,-,-,-,-,3725.8000,3725.0000,3724.0000,3723.0000,3722.6000,3727.0000,3727.2000,3727.4000,3727.8000,3728.0000,1,1,2,1,8,3,3,1,3,5
SF,IF2005,2020-04-13 14:16:54.100,3726.4000,12175,0,6842697060.000,0,-,-,-,-,3725.8000,3725.0000,3724.0000,3723.0000,3722.6000,3726.8000,3727.0000,3727.2000,3727.4000,3727.8000,1,1,2,1,8,2,3,1,1,3
SF,IF2005,2020-04-13 14:16:55.100,3726.4000,12175,0,6842697060.000,0,-,-,-,-,3725.8000,3725.0000,3724.0000,3723.0000,3722.6000,3726.8000,3727.0000,3727.2000,3727.4000,3727.8000,1,1,2,1,8,2,3,1,1,3
SF,IF2005,2020-04-13 14:16:55.600,3726.4000,12175,0,6842697060.000,0,-,-,-,-,3725.8000,3725.0000,3724.0000,3723.0000,3722.6000,3726.8000,3727.0000,3727.2000,3727.4000,3727.8000,1,1,2,1,8,2,3,1,1,3
SF,IF2005,2020-04-13 14:16:56.100,3726.4000,12175,0,6842697060.000,0,-,-,-,-,3725.8000,3725.0000,3724.0000,3723.0000,3722.6000,3726.8000,3727.0000,3727.4000,3727.8000,3728.0000,1,1,2,1,8,2,3,1,3,5
SF,IF2005,2020-04-13 14:16:56.600,3726.4000,12175,0,6842697060.000,0,-,-,-,-,3725.8000,3725.0000,3724.0000,3723.0000,3722.6000,3726.8000,3727.0000,3727.4000,3727.8000,3728.0000,1,1,2,1,8,3,3,1,3,5
SF,IF2005,2020-04-13 14:16:57.100,3726.4000,12175,0,6842697060.000,0,-,-,-,-,3725.8000,3725.0000,3724.0000,3723.0000,3722.6000,3726.6000,3726.8000,3727.0000,3727.4000,3727.8000,1,1,2,1,8,1,3,2,1,3
SF,IF2005,2020-04-13 14:16:57.600,3726.4000,12175,0,6842697060.000,0,-,-,-,-,3725.8000,3725.0000,3724.0000,3723.0000,3722.6000,3726.6000,3726.8000,3727.0000,3727.4000,3727.8000,1,1,2,1,8,1,2,2,1,3
SF,IF2005,2020-04-13 14:16:58.100,3726.4000,12175,0,6842697060.000,0,-,-,-,-,3725.8000,3725.0000,3724.0000,3723.0000,3722.6000,3726.6000,3726.8000,3727.0000,3727.4000,3727.8000,1,1,2,1,8,1,2,2,1,3
SF,IF2005,2020-04-13 14:16:58.600,3726.4000,12175,0,6842697060.000,0,-,-,-,-,3725.8000,3725.0000,3724.0000,3723.0000,3722.6000,3726.6000,3726.8000,3727.0000,3727.4000,3727.8000,1,1,2,1,8,2,2,2,1,3
SF,IF2005,2020-04-13 14:16:59.600,3726.4000,12175,0,6842697060.000,0,-,-,-,-,3725.8000,3725.0000,3724.0000,3723.0000,3722.6000,3726.6000,3726.8000,3727.0000,3727.4000,3727.8000,1,1,2,1,8,1,2,2,1,3
SF,IF2005,2020-04-13 14:17:00.100,3726.4000,12175,0,6842697060.000,0,-,-,-,-,3725.8000,3725.0000,3724.0000,3723.2000,3723.0000,3726.6000,3726.8000,3727.0000,3727.4000,3727.8000,1,1,2,4,1,2,2,2,1,3
SF,IF2005,2020-04-13 14:17:00.600,3726.6000,12178,3,6846050760.000,3,3,0,双开,B,3725.0000,3724.0000,3723.2000,3723.0000,3722.6000,3726.8000,3727.0000,3727.4000,3727.8000,3728.0000,1,2,4,1,8,2,1,1,3,5
SF,IF2005,2020-04-13 14:17:01.100,3726.6000,12178,0,6846050760.000,0,-,-,-,-,3725.6000,3725.4000,3725.2000,3725.0000,3724.0000,3726.8000,3727.0000,3728.0000,3728.2000,3728.4000,2,2,5,1,2,2,1,5,1,2
SF,IF2005,2020-04-13 14:17:01.600,3726.6000,12178,0,6846050760.000,0,-,-,-,-,3725.8000,3725.6000,3725.4000,3725.2000,3725.0000,3727.0000,3728.0000,3728.2000,3728.4000,3728.6000,2,2,1,4,1,1,5,1,2,2
SF,IF2005,2020-04-13 14:17:02.100,3726.6000,12178,0,6846050760.000,0,-,-,-,-,3726.0000,3725.8000,3725.6000,3725.4000,3725.2000,3726.8000,3727.0000,3728.0000,3728.2000,3728.4000,1,2,1,1,4,3,1,5,1,4
SF,IF2005,2020-04-13 14:17:02.600,3726.8000,12180,2,6848286840.000,2,2,0,双开,B,3726.0000,3725.8000,3725.6000,3725.4000,3725.2000,3726.8000,3727.0000,3728.0000,3728.2000,3728.4000,1,2,1,1,4,1,1,5,1,4
SF,IF2005,2020-04-13 14:17:03.600,3726.8000,12181,1,6849404880.000,1,1,0,双开,B,3726.0000,3725.8000,3725.6000,3725.4000,3725.2000,3727.0000,3728.0000,3728.2000,3728.4000,3728.6000,1,2,1,1,4,1,5,1,4,2
SF,IF2005,2020-04-13 14:17:04.100,3726.8000,12181,0,6849404880.000,0,-,-,-,-,3726.0000,3725.8000,3725.6000,3725.4000,3725.2000,3726.8000,3727.0000,3728.0000,3728.2000,3728.4000,1,2,1,1,3,5,1,5,1,4
SF,IF2005,2020-04-13 14:17:04.600,3726.8000,12182,1,6850522920.000,1,1,0,双开,B,3725.8000,3725.2000,3725.0000,3724.0000,3723.2000,3726.8000,3728.0000,3728.2000,3728.4000,3728.6000,2,1,1,2,4,5,5,1,2,2
SF,IF2005,2020-04-13 14:17:05.100,3726.8000,12182,0,6850522920.000,0,-,-,-,-,3725.8000,3725.2000,3725.0000,3724.0000,3723.2000,3726.6000,3726.8000,3728.0000,3728.2000,3728.4000,2,1,1,2,4,1,4,5,1,2
SF,IF2005,2020-04-13 14:17:05.600,3726.8000,12182,0,6850522920.000,0,-,-,-,-,3725.8000,3725.2000,3725.0000,3724.0000,3723.2000,3726.6000,3726.8000,3728.0000,3728.2000,3728.4000,2,1,1,2,4,1,4,5,1,2
SF,IF2005,2020-04-13 14:17:06.100,3726.8000,12182,0,6850522920.000,0,-,-,-,-,3725.8000,3725.2000,3725.0000,3724.0000,3723.2000,3726.6000,3726.8000,3727.8000,3728.0000,3728.2000,2,1,1,2,4,1,4,2,5,1
SF,IF2005,2020-04-13 14:17:07.600,3726.6000,12182,0,6851640900.000,1,0,1,空换,B,3725.8000,3725.2000,3725.0000,3724.0000,3723.2000,3726.8000,3727.8000,3728.0000,3728.2000,3728.4000,2,1,1,2,4,4,2,5,1,2
SF,IF2005,2020-04-13 14:17:08.600,3726.6000,12182,0,6851640900.000,0,-,-,-,-,3726.6000,3725.8000,3725.2000,3725.0000,3724.0000,3726.8000,3727.8000,3728.0000,3728.2000,3728.4000,1,2,1,1,2,4,2,5,1,2
SF,IF2005,2020-04-13 14:17:09.100,3726.6000,12183,1,6852758880.000,1,1,0,双开,B,3725.8000,3725.2000,3725.0000,3724.0000,3723.2000,3726.8000,3727.8000,3728.0000,3728.2000,3728.4000,2,1,1,2,4,3,2,5,1,2
SF,IF2005,2020-04-13 14:17:09.600,3726.6000,12183,0,6852758880.000,0,-,-,-,-,3725.8000,3725.2000,3725.0000,3724.0000,3723.2000,3726.6000,3726.8000,3727.8000,3728.0000,3728.2000,2,1,1,2,4,1,3,2,5,1
SF,IF2005,2020-04-13 14:17:10.600,3726.6000,12184,1,6853876860.000,1,1,0,双开,B,3725.8000,3725.2000,3725.0000,3724.0000,3723.2000,3726.8000,3727.8000,3728.0000,3728.2000,3728.4000,2,1,1,2,4,3,2,5,1,2
SF,IF2005,2020-04-13 14:17:11.100,3726.6000,12184,0,6853876860.000,0,-,-,-,-,3725.8000,3725.2000,3725.0000,3724.0000,3723.2000,3726.8000,3727.8000,3728.0000,3728.2000,3728.4000,2,1,1,2,4,1,2,5,1,2
SF,IF2005,2020-04-13 14:17:11.600,3726.6000,12184,0,6853876860.000,0,-,-,-,-,3725.8000,3725.2000,3725.0000,3724.0000,3723.8000,3726.8000,3727.8000,3728.0000,3728.2000,3728.4000,2,1,1,2,1,1,2,5,1,2
SF,IF2005,2020-04-13 14:17:12.100,3726.6000,12184,0,6853876860.000,0,-,-,-,-,3726.0000,3725.8000,3725.2000,3725.0000,3724.0000,3726.8000,3727.8000,3728.0000,3728.2000,3728.4000,1,2,1,1,2,1,2,5,1,2
SF,IF2005,2020-04-13 14:17:12.600,3726.6000,12184,0,6853876860.000,0,-,-,-,-,3726.2000,3726.0000,3725.2000,3725.0000,3724.0000,3726.8000,3727.8000,3728.0000,3728.2000,3728.4000,2,2,1,1,2,1,2,5,1,2
SF,IF2005,2020-04-13 14:17:13.100,3726.2000,12184,0,6854994720.000,1,0,1,空换,B,3726.2000,3726.0000,3725.2000,3725.0000,3724.0000,3726.8000,3727.8000,3728.0000,3728.2000,3728.4000,1,2,1,1,2,1,2,5,1,2
SF,IF2005,2020-04-13 14:17:13.600,3726.2000,12184,0,6854994720.000,0,-,-,-,-,3726.0000,3725.2000,3725.0000,3724.0000,3723.8000,3726.8000,3727.8000,3728.0000,3728.2000,3728.4000,2,1,1,2,1,1,2,5,1,2
SF,IF2005,2020-04-13 14:17:14.600,3726.8000,12185,1,6856112760.000,1,1,0,双开,B,3726.2000,3726.0000,3725.2000,3725.0000,3724.0000,3727.8000,3728.0000,3728.2000,3728.4000,3728.6000,2,2,1,1,2,2,5,1,2,2
SF,IF2005,2020-04-13 14:17:15.100,3726.8000,12185,0,6856112760.000,0,-,-,-,-,3726.2000,3726.0000,3725.2000,3725.0000,3724.0000,3727.0000,3727.2000,3727.4000,3727.6000,3727.8000,2,2,1,1,2,1,4,3,9,3
SF,IF2005,2020-04-13 14:17:15.600,3726.8000,12185,0,6856112760.000,0,-,-,-,-,3726.2000,3726.0000,3725.2000,3725.0000,3724.0000,3727.2000,3727.4000,3727.6000,3727.8000,3728.0000,2,2,1,1,2,1,1,5,3,5
SF,IF2005,2020-04-13 14:17:16.100,3726.8000,12185,0,6856112760.000,0,-,-,-,-,3726.2000,3726.0000,3725.2000,3725.0000,3724.0000,3727.0000,3727.2000,3727.4000,3727.6000,3727.8000,2,2,1,1,2,1,1,1,5,3
SF,IF2005,2020-04-13 14:17:16.600,3726.8000,12185,0,6856112760.000,0,-,-,-,-,3726.2000,3726.0000,3725.2000,3725.0000,3724.0000,3727.2000,3727.4000,3727.6000,3727.8000,3728.0000,2,2,1,1,2,1,1,5,3,5
SF,IF2005,2020-04-13 14:17:17.100,3726.8000,12185,0,6856112760.000,0,-,-,-,-,3726.4000,3726.2000,3726.0000,3725.2000,3725.0000,3727.0000,3727.2000,3727.4000,3727.6000,3727.8000,1,2,2,1,1,1,1,1,5,3
SF,IF2005,2020-04-13 14:17:17.600,3727.0000,12186,1,6857230860.000,1,1,0,双开,B,3726.4000,3726.2000,3725.8000,3725.2000,3725.0000,3727.4000,3727.6000,3727.8000,3728.0000,3728.4000,2,2,1,1,1,1,4,3,5,2
SF,IF2005,2020-04-13 14:17:18.100,3727.0000,12186,0,6857230860.000,0,-,-,-,-,3726.4000,3726.2000,3725.8000,3725.2000,3725.0000,3727.6000,3727.8000,3728.0000,3728.4000,3728.6000,2,2,1,1,1,3,2,5,2,2
SF,IF2005,2020-04-13 14:17:18.600,3727.0000,12186,0,6857230860.000,0,-,-,-,-,3726.8000,3726.6000,3726.4000,3726.2000,3725.8000,3727.6000,3727.8000,3728.0000,3728.4000,3728.6000,1,3,1,2,1,3,2,5,2,2
SF,IF2005,2020-04-13 14:17:19.600,3727.6000,12188,2,6860585700.000,3,2,1,多开,B,3727.2000,3727.0000,3726.6000,3725.8000,3725.2000,3728.0000,3728.4000,3728.6000,3729.0000,3729.4000,1,2,2,1,1,5,2,2,1,1
SF,IF2005,2020-04-13 14:17:20.100,3727.6000,12188,0,6860585700.000,0,-,-,-,-,3727.2000,3727.0000,3726.6000,3725.8000,3725.2000,3728.0000,3728.4000,3728.6000,3729.0000,3729.4000,1,2,2,1,1,5,2,2,3,1
SF,IF2005,2020-04-13 14:17:20.600,3727.6000,12188,0,6860585700.000,0,-,-,-,-,3727.4000,3727.2000,3727.0000,3725.8000,3725.2000,3728.0000,3728.4000,3728.6000,3729.0000,3729.4000,3,1,3,1,1,5,2,2,3,1
SF,IF2005,2020-04-13 14:17:21.600,3728.0000,12189,1,6861704100.000,1,1,0,双开,B,3727.4000,3727.2000,3727.0000,3725.8000,3725.2000,3728.0000,3728.4000,3728.6000,3729.0000,3729.4000,3,1,2,1,1,4,2,2,3,1
SF,IF2005,2020-04-13 14:17:22.600,3728.0000,12190,1,6862822500.000,1,1,0,双开,B,3727.4000,3727.2000,3727.0000,3725.8000,3725.2000,3728.0000,3728.4000,3728.6000,3729.0000,3729.4000,3,1,2,1,1,3,2,2,3,1
SF,IF2005,2020-04-13 14:17:23.100,3728.0000,12190,0,6862822500.000,0,-,-,-,-,3727.6000,3727.4000,3727.0000,3725.8000,3725.2000,3728.0000,3728.4000,3728.6000,3729.0000,3729.4000,2,3,2,1,1,3,2,2,3,1
SF,IF2005,2020-04-13 14:17:23.600,3728.0000,12191,1,6863940900.000,1,1,0,双开,B,3727.6000,3727.4000,3727.0000,3725.8000,3725.2000,3728.0000,3728.4000,3728.6000,3729.0000,3729.4000,2,3,2,1,1,2,2,2,3,1
SF,IF2005,2020-04-13 14:17:25.100,3728.0000,12193,2,6866177700.000,2,2,0,双开,B,3728.0000,3727.6000,3727.4000,3725.8000,3725.2000,3728.4000,3728.6000,3729.0000,3729.4000,3729.6000,1,2,3,1,1,2,2,3,1,1
SF,IF2005,2020-04-13 14:17:25.600,3728.0000,12195,2,6868414500.000,2,2,0,双开,B,3728.0000,3727.6000,3727.4000,3725.8000,3725.2000,3728.4000,3728.6000,3729.0000,3729.4000,3729.6000,1,2,3,1,1,2,2,3,1,1
SF,IF2005,2020-04-13 14:17:26.100,3728.0000,12196,1,6869532900.000,1,1,0,双开,B,3727.6000,3727.4000,3725.8000,3725.2000,3725.0000,3728.0000,3728.4000,3728.6000,3729.0000,3729.4000,2,3,1,1,1,1,2,2,3,1
SF,IF2005,2020-04-13 14:17:26.600,3728.0000,12196,0,6869532900.000,0,-,-,-,-,3727.6000,3727.4000,3725.8000,3725.2000,3725.0000,3728.0000,3728.4000,3728.6000,3729.0000,3729.4000,2,3,1,1,1,1,2,2,3,1
SF,IF2005,2020-04-13 14:17:27.100,3727.4000,12197,1,6871769400.000,2,1,1,多开,B,3725.8000,3725.2000,3725.0000,3724.0000,3723.8000,3728.0000,3728.4000,3728.6000,3729.0000,3729.4000,1,1,1,2,1,1,2,2,3,1
SF,IF2005,2020-04-13 14:17:27.600,3726.6000,12199,2,6874005360.000,2,2,0,双开,B,3726.4000,3726.2000,3726.0000,3725.8000,3725.0000,3727.8000,3728.0000,3728.4000,3728.6000,3729.0000,2,2,4,1,1,2,2,2,2,3
SF,IF2005,2020-04-13 14:17:28.100,3726.6000,12199,0,6874005360.000,0,-,-,-,-,3726.6000,3726.4000,3726.2000,3726.0000,3725.8000,3727.6000,3727.8000,3728.0000,3728.4000,3728.6000,2,2,2,3,1,1,4,2,2,2
SF,IF2005,2020-04-13 14:17:28.600,3726.6000,12199,0,6874005360.000,0,-,-,-,-,3727.4000,3726.6000,3726.4000,3726.2000,3726.0000,3727.6000,3727.8000,3728.0000,3728.4000,3728.6000,1,2,2,2,3,1,4,2,2,2
SF,IF2005,2020-04-13 14:17:29.100,3726.6000,12199,0,6874005360.000,0,-,-,-,-,3727.4000,3726.6000,3726.4000,3726.2000,3726.0000,3727.8000,3728.0000,3728.4000,3728.6000,3729.0000,1,2,1,2,3,3,2,2,2,3
SF,IF2005,2020-04-13 14:17:29.600,3727.4000,12200,1,6875123580.000,1,1,0,双开,B,3726.6000,3726.4000,3726.0000,3725.8000,3725.0000,3727.6000,3727.8000,3728.0000,3728.4000,3728.6000,2,1,1,1,1,2,2,2,2,2
SF,IF2005,2020-04-13 14:17:30.100,3727.4000,12200,0,6875123580.000,0,-,-,-,-,3726.6000,3726.4000,3726.0000,3725.8000,3725.0000,3727.6000,3727.8000,3728.0000,3728.4000,3728.6000,2,1,1,1,1,2,2,2,2,2
SF,IF2005,2020-04-13 14:17:30.600,3727.4000,12200,0,6875123580.000,0,-,-,-,-,3726.6000,3726.4000,3726.0000,3725.8000,3725.0000,3727.6000,3727.8000,3728.0000,3728.4000,3728.6000,2,1,1,1,1,2,2,1,2,2
SF,IF2005,2020-04-13 14:17:31.100,3727.4000,12200,0,6875123580.000,0,-,-,-,-,3726.6000,3726.4000,3726.0000,3725.0000,3724.0000,3727.6000,3727.8000,3728.0000,3728.4000,3728.6000,2,1,1,1,2,2,2,1,2,2
SF,IF2005,2020-04-13 14:17:31.600,3727.4000,12200,0,6875123580.000,0,-,-,-,-,3726.6000,3726.4000,3726.0000,3725.0000,3724.0000,3727.6000,3727.8000,3728.0000,3728.4000,3728.6000,2,1,1,1,2,2,1,1,2,2
SF,IF2005,2020-04-13 14:17:32.100,3727.4000,12200,0,6875123580.000,0,-,-,-,-,3726.8000,3726.6000,3726.4000,3726.0000,3725.0000,3727.6000,3727.8000,3728.0000,3728.4000,3728.6000,2,2,1,1,1,1,1,1,2,2
SF,IF2005,2020-04-13 14:17:32.600,3727.4000,12200,0,6875123580.000,0,-,-,-,-,3727.0000,3726.8000,3726.4000,3726.0000,3725.0000,3727.6000,3728.4000,3728.6000,3729.0000,3729.4000,2,2,1,1,1,1,2,2,3,1
SF,IF2005,2020-04-13 14:17:33.100,3727.6000,12200,0,6876241860.000,1,0,1,空换,B,3727.8000,3727.4000,3727.2000,3727.0000,3726.0000,3728.4000,3728.6000,3729.0000,3729.4000,3729.6000,1,1,1,3,1,2,2,3,1,1
SF,IF2005,2020-04-13 14:17:33.600,3727.6000,12200,0,6876241860.000,0,-,-,-,-,3727.2000,3727.0000,3726.0000,3725.0000,3724.0000,3728.4000,3728.6000,3729.0000,3729.4000,3729.6000,1,2,1,1,2,2,2,3,1,1
SF,IF2005,2020-04-13 14:17:34.100,3727.6000,12200,0,6876241860.000,0,-,-,-,-,3727.6000,3727.4000,3726.0000,3725.0000,3724.0000,3728.4000,3728.6000,3729.0000,3729.4000,3729.6000,2,3,1,1,2,1,2,3,1,1
SF,IF2005,2020-04-13 14:17:34.600,3727.6000,12200,0,6876241860.000,0,-,-,-,-,3727.8000,3727.6000,3727.4000,3726.0000,3725.0000,3728.4000,3728.6000,3729.0000,3729.4000,3729.6000,2,2,1,1,1,1,2,3,1,1
SF,IF2005,2020-04-13 14:17:35.100,3727.6000,12200,0,6876241860.000,0,-,-,-,-,3727.8000,3727.6000,3727.4000,3726.0000,3725.0000,3728.4000,3728.6000,3729.0000,3729.4000,3729.6000,2,2,1,1,1,1,2,3,1,1
SF,IF2005,2020-04-13 14:17:36.600,3727.4000,12204,4,6880714920.000,4,4,0,双开,B,3726.0000,3725.0000,3724.0000,3723.0000,3722.6000,3728.4000,3728.6000,3729.0000,3729.4000,3729.6000,1,1,2,1,8,1,2,3,1,1
SF,IF2005,2020-04-13 14:17:37.100,3727.4000,12204,0,6880714920.000,0,-,-,-,-,3726.8000,3726.4000,3726.2000,3726.0000,3725.0000,3728.2000,3728.4000,3728.6000,3729.0000,3729.4000,1,3,4,2,1,5,1,2,3,1
SF,IF2005,2020-04-13 14:17:37.600,3727.4000,12204,0,6880714920.000,0,-,-,-,-,3727.0000,3726.8000,3726.4000,3726.2000,3726.0000,3728.2000,3728.4000,3728.6000,3729.0000,3729.4000,2,1,5,3,1,5,1,2,3,1
SF,IF2005,2020-04-13 14:17:38.600,3727.4000,12204,0,6880714920.000,0,-,-,-,-,3727.0000,3726.8000,3726.4000,3726.2000,3726.0000,3727.8000,3728.0000,3728.2000,3728.4000,3728.6000,2,1,1,3,1,1,1,4,1,2
SF,IF2005,2020-04-13 14:17:39.100,3727.4000,12204,0,6880714920.000,0,-,-,-,-,3727.0000,3726.8000,3726.4000,3726.2000,3726.0000,3727.8000,3728.0000,3728.2000,3728.4000,3728.6000,2,1,1,3,1,1,1,3,1,2
SF,IF2005,2020-04-13 14:17:40.100,3727.4000,12204,0,6880714920.000,0,-,-,-,-,3727.0000,3726.8000,3726.4000,3726.2000,3726.0000,3727.8000,3728.0000,3728.2000,3728.4000,3728.6000,2,1,1,2,1,1,1,3,1,2
SF,IF2005,2020-04-13 14:17:41.100,3727.4000,12204,0,6880714920.000,0,-,-,-,-,3727.0000,3726.8000,3726.4000,3726.2000,3726.0000,3727.6000,3727.8000,3728.2000,3728.4000,3728.6000,2,1,1,2,1,1,1,3,1,2
SF,IF2005,2020-04-13 14:17:41.600,3727.4000,12204,0,6880714920.000,0,-,-,-,-,3727.0000,3726.8000,3726.2000,3726.0000,3725.0000,3727.6000,3727.8000,3728.2000,3728.4000,3728.6000,2,1,1,1,1,1,1,3,1,2
SF,IF2005,2020-04-13 14:17:42.100,3727.4000,12204,0,6880714920.000,0,-,-,-,-,3727.0000,3726.8000,3726.2000,3726.0000,3725.0000,3727.8000,3728.0000,3728.2000,3728.4000,3728.6000,2,1,1,1,1,1,8,3,1,2
SF,IF2005,2020-04-13 14:17:43.100,3727.4000,12204,0,6880714920.000,0,-,-,-,-,3727.0000,3726.8000,3726.2000,3726.0000,3725.0000,3727.8000,3728.0000,3728.2000,3728.4000,3728.6000,2,1,1,1,1,1,8,3,1,2
SF,IF2005,2020-04-13 14:17:48.100,3727.4000,12204,0,6880714920.000,0,-,-,-,-,3727.0000,3726.8000,3726.2000,3726.0000,3725.0000,3727.8000,3728.0000,3728.2000,3728.4000,3728.6000,2,1,1,1,1,1,8,3,1,2
SF,IF2005,2020-04-13 14:17:48.600,3727.4000,12204,0,6880714920.000,0,-,-,-,-,3727.0000,3726.8000,3726.2000,3726.0000,3725.0000,3727.8000,3728.0000,3728.2000,3728.4000,3728.6000,2,1,1,1,1,1,8,3,1,2
SF,IF2005,2020-04-13 14:17:49.600,3727.4000,12204,0,6880714920.000,0,-,-,-,-,3727.0000,3726.8000,3726.2000,3726.0000,3725.0000,3727.6000,3727.8000,3728.0000,3728.2000,3728.4000,2,1,1,1,1,1,1,8,3,1
SF,IF2005,2020-04-13 14:17:50.100,3727.4000,12204,0,6880714920.000,0,-,-,-,-,3727.0000,3726.8000,3726.2000,3726.0000,3725.0000,3727.4000,3727.6000,3728.0000,3728.2000,3728.4000,2,1,1,1,1,1,1,8,3,1
SF,IF2005,2020-04-13 14:17:50.600,3727.4000,12204,0,6880714920.000,0,-,-,-,-,3727.0000,3726.8000,3726.2000,3726.0000,3725.0000,3727.4000,3727.6000,3728.0000,3728.2000,3728.4000,2,1,1,1,1,1,1,8,2,1
SF,IF2005,2020-04-13 14:17:51.100,3727.4000,12204,0,6880714920.000,0,-,-,-,-,3727.0000,3726.8000,3726.2000,3726.0000,3725.0000,3727.4000,3727.6000,3728.0000,3728.2000,3728.4000,2,1,1,1,1,1,1,8,2,1
SF,IF2005,2020-04-13 14:17:52.600,3727.4000,12204,0,6880714920.000,0,-,-,-,-,3727.0000,3726.8000,3726.2000,3726.0000,3725.0000,3727.4000,3727.6000,3728.0000,3728.2000,3728.4000,2,1,1,1,1,1,1,8,2,1
SF,IF2005,2020-04-13 14:17:55.100,3727.4000,12204,0,6880714920.000,0,-,-,-,-,3727.0000,3726.2000,3726.0000,3725.0000,3724.4000,3727.4000,3727.6000,3728.0000,3728.2000,3728.4000,2,1,1,1,1,1,1,8,2,1
SF,IF2005,2020-04-13 14:17:55.600,3727.4000,12204,0,6880714920.000,0,-,-,-,-,3726.2000,3726.0000,3725.0000,3724.4000,3724.2000,3727.0000,3727.4000,3727.6000,3728.0000,3728.2000,1,1,1,1,6,1,1,1,8,2
SF,IF2005,2020-04-13 14:17:56.100,3727.4000,12204,0,6880714920.000,0,-,-,-,-,3726.4000,3726.2000,3726.0000,3725.0000,3724.4000,3727.0000,3727.4000,3728.0000,3728.2000,3728.4000,2,1,1,1,1,1,1,8,2,1
SF,IF2005,2020-04-13 14:17:56.600,3727.4000,12204,0,6880714920.000,0,-,-,-,-,3726.4000,3726.2000,3726.0000,3725.0000,3724.4000,3727.0000,3728.0000,3728.2000,3728.4000,3728.6000,2,1,1,1,1,1,8,2,1,2
SF,IF2005,2020-04-13 14:18:01.100,3727.0000,12203,-1,6881833020.000,1,0,1,双平,B,3726.4000,3726.2000,3726.0000,3725.0000,3724.4000,3728.0000,3728.2000,3728.4000,3728.6000,3729.0000,2,1,1,1,1,8,2,1,2,3
SF,IF2005,2020-04-13 14:18:01.600,3727.0000,12203,0,6881833020.000,0,-,-,-,-,3726.6000,3726.4000,3726.2000,3726.0000,3725.0000,3727.8000,3728.0000,3728.4000,3728.6000,3729.0000,1,2,1,1,1,3,8,1,2,3
SF,IF2005,2020-04-13 14:18:02.100,3727.0000,12203,0,6881833020.000,0,-,-,-,-,3726.8000,3726.6000,3726.2000,3725.0000,3724.4000,3727.8000,3728.0000,3728.4000,3728.6000,3729.0000,2,3,1,1,1,1,8,1,2,3
SF,IF2005,2020-04-13 14:18:02.600,3727.0000,12203,0,6881833020.000,0,-,-,-,-,3726.8000,3726.6000,3726.2000,3725.0000,3724.4000,3727.8000,3728.0000,3728.4000,3728.6000,3729.0000,2,3,1,1,1,1,8,1,2,3
SF,IF2005,2020-04-13 14:18:03.600,3727.0000,12203,0,6881833020.000,0,-,-,-,-,3726.8000,3726.6000,3726.2000,3725.0000,3724.4000,3727.4000,3727.6000,3728.0000,3728.4000,3728.6000,2,2,1,1,1,1,1,8,1,2
SF,IF2005,2020-04-13 14:18:04.100,3727.0000,12203,0,6881833020.000,0,-,-,-,-,3726.6000,3726.2000,3725.0000,3724.4000,3723.4000,3727.4000,3727.6000,3728.0000,3728.4000,3728.6000,2,1,1,1,6,1,1,8,1,2
SF,IF2005,2020-04-13 14:18:04.600,3727.0000,12203,0,6881833020.000,0,-,-,-,-,3726.6000,3726.2000,3725.0000,3724.4000,3723.4000,3727.4000,3727.6000,3728.0000,3728.4000,3728.6000,1,1,1,1,6,1,1,8,1,2
SF,IF2005,2020-04-13 14:18:05.100,3727.0000,12203,0,6881833020.000,0,-,-,-,-,3726.2000,3725.0000,3724.4000,3723.4000,3723.0000,3727.4000,3727.6000,3728.0000,3728.4000,3728.6000,1,1,1,6,1,2,1,8,1,2
SF,IF2005,2020-04-13 14:18:05.600,3727.0000,12203,0,6881833020.000,0,-,-,-,-,3726.4000,3726.2000,3725.0000,3724.4000,3723.4000,3727.4000,3727.6000,3728.0000,3728.4000,3728.6000,2,1,1,1,6,1,1,8,1,2
SF,IF2005,2020-04-13 14:18:06.100,3727.0000,12203,0,6881833020.000,0,-,-,-,-,3726.4000,3726.2000,3725.0000,3724.4000,3723.4000,3727.4000,3727.6000,3728.0000,3728.4000,3728.6000,3,1,1,1,6,1,1,8,1,2
SF,IF2005,2020-04-13 14:18:06.600,3727.0000,12203,0,6881833020.000,0,-,-,-,-,3726.4000,3726.2000,3725.0000,3724.4000,3723.4000,3727.4000,3727.6000,3728.0000,3728.4000,3728.6000,3,1,1,1,6,1,1,8,1,2
SF,IF2005,2020-04-13 14:18:07.100,3727.0000,12203,0,6881833020.000,0,-,-,-,-,3726.4000,3726.2000,3725.0000,3724.4000,3723.4000,3727.4000,3727.6000,3728.0000,3728.4000,3728.6000,3,1,1,1,6,1,1,8,1,2
SF,IF2005,2020-04-13 14:18:07.600,3727.0000,12203,0,6881833020.000,0,-,-,-,-,3726.4000,3726.2000,3725.0000,3724.4000,3723.4000,3727.4000,3727.6000,3728.0000,3728.4000,3728.6000,3,1,1,1,6,2,1,8,1,2
SF,IF2005,2020-04-13 14:18:08.600,3727.0000,12203,0,6881833020.000,0,-,-,-,-,3726.4000,3726.2000,3725.0000,3724.4000,3723.4000,3727.4000,3727.6000,3728.0000,3728.4000,3728.6000,3,1,1,1,6,1,1,8,1,2
SF,IF2005,2020-04-13 14:18:09.100,3727.0000,12203,0,6881833020.000,0,-,-,-,-,3726.4000,3726.2000,3725.0000,3724.4000,3723.4000,3727.4000,3727.6000,3728.0000,3728.4000,3728.6000,3,1,1,1,6,1,1,8,1,2
SF,IF2005,2020-04-13 14:18:09.600,3727.0000,12203,0,6881833020.000,0,-,-,-,-,3726.4000,3726.2000,3725.0000,3724.4000,3723.4000,3727.2000,3727.4000,3728.0000,3728.4000,3728.6000,3,1,1,1,6,1,1,8,1,2
SF,IF2005,2020-04-13 14:18:10.100,3727.0000,12203,0,6881833020.000,0,-,-,-,-,3726.4000,3726.2000,3725.0000,3724.4000,3723.4000,3727.2000,3727.4000,3728.0000,3728.4000,3728.6000,3,1,1,1,6,1,1,8,1,2
SF,IF2005,2020-04-13 14:18:10.600,3727.0000,12203,0,6881833020.000,0,-,-,-,-,3725.0000,3724.4000,3723.4000,3723.0000,3722.6000,3726.8000,3727.0000,3728.0000,3728.4000,3728.6000,1,1,6,1,8,1,1,8,1,2
SF,IF2005,2020-04-13 14:18:11.100,3727.0000,12203,0,6881833020.000,0,-,-,-,-,3725.4000,3725.2000,3725.0000,3724.4000,3723.4000,3726.6000,3727.0000,3728.0000,3728.4000,3728.6000,1,5,1,1,6,4,5,8,1,2
SF,IF2005,2020-04-13 14:18:11.600,3727.0000,12203,0,6881833020.000,0,-,-,-,-,3725.6000,3725.2000,3725.0000,3724.4000,3723.0000,3726.4000,3726.6000,3727.0000,3727.8000,3728.0000,3,1,1,1,1,1,4,5,2,8
SF,IF2005,2020-04-13 14:18:12.100,3727.0000,12203,0,6881833020.000,0,-,-,-,-,3725.6000,3725.2000,3725.0000,3724.4000,3723.0000,3726.2000,3726.4000,3726.6000,3727.0000,3727.8000,3,1,1,1,1,1,1,3,5,2
SF,IF2005,2020-04-13 14:18:12.600,3727.0000,12203,0,6881833020.000,0,-,-,-,-,3725.6000,3725.2000,3725.0000,3724.4000,3723.0000,3726.2000,3726.4000,3726.6000,3727.0000,3727.8000,3,1,1,1,1,1,1,3,5,2
SF,IF2005,2020-04-13 14:18:13.100,3727.0000,12203,0,6881833020.000,0,-,-,-,-,3725.6000,3725.2000,3725.0000,3724.4000,3723.0000,3726.2000,3726.4000,3726.6000,3727.0000,3727.8000,3,1,1,1,1,1,1,3,5,2
SF,IF2005,2020-04-13 14:18:13.600,3727.0000,12203,0,6881833020.000,0,-,-,-,-,3725.6000,3725.2000,3725.0000,3724.4000,3723.0000,3726.2000,3726.4000,3726.6000,3727.0000,3727.8000,2,1,1,1,1,2,1,3,5,2
SF,IF2005,2020-04-13 14:18:14.100,3727.0000,12203,0,6881833020.000,0,-,-,-,-,3725.8000,3725.6000,3725.2000,3725.0000,3724.4000,3726.2000,3726.4000,3726.6000,3727.0000,3727.8000,1,2,1,1,1,1,1,3,5,2
SF,IF2005,2020-04-13 14:18:14.600,3727.0000,12205,2,6884069220.000,2,2,0,双开,B,3725.8000,3725.6000,3725.2000,3725.0000,3724.4000,3726.4000,3726.6000,3727.0000,3727.8000,3728.0000,1,2,1,1,1,1,3,5,2,8
SF,IF2005,2020-04-13 14:18:17.100,3725.8000,12205,0,6885186960.000,1,0,1,空换,B,3725.6000,3725.0000,3724.4000,3723.0000,3722.6000,3726.4000,3726.6000,3727.0000,3727.8000,3728.0000,2,1,1,1,8,1,3,5,2,8
SF,IF2005,2020-04-13 14:18:20.600,3725.8000,12205,0,6885186960.000,0,-,-,-,-,3726.0000,3725.8000,3725.6000,3725.0000,3724.4000,3726.6000,3727.8000,3728.0000,3728.4000,3728.6000,3,2,2,1,1,2,3,8,1,2
SF,IF2005,2020-04-13 14:18:21.100,3725.8000,12205,0,6885186960.000,0,-,-,-,-,3725.6000,3725.0000,3724.4000,3723.0000,3722.6000,3727.8000,3728.0000,3728.4000,3728.6000,3729.0000,2,1,1,1,8,3,8,1,2,1
SF,IF2005,2020-04-13 14:18:21.600,3725.8000,12205,0,6885186960.000,0,-,-,-,-,3725.8000,3725.6000,3725.0000,3724.4000,3723.0000,3727.0000,3727.2000,3727.6000,3727.8000,3728.0000,1,2,1,1,1,6,1,6,3,12
SF,IF2005,2020-04-13 14:18:22.100,3725.8000,12205,0,6885186960.000,0,-,-,-,-,3725.6000,3725.0000,3724.4000,3723.0000,3722.6000,3726.8000,3727.0000,3727.2000,3727.6000,3727.8000,2,1,1,1,8,2,6,1,4,4
SF,IF2005,2020-04-13 14:18:22.600,3725.8000,12205,0,6885186960.000,0,-,-,-,-,3725.6000,3725.0000,3724.4000,3723.0000,3722.6000,3726.6000,3726.8000,3727.0000,3727.6000,3727.8000,2,1,1,1,8,1,8,5,4,4
SF,IF2005,2020-04-13 14:18:23.600,3725.8000,12205,0,6885186960.000,0,-,-,-,-,3725.6000,3725.0000,3724.4000,3723.0000,3722.6000,3726.6000,3726.8000,3727.6000,3727.8000,3728.0000,2,1,1,1,8,1,3,4,4,12
SF,IF2005,2020-04-13 14:18:24.100,3725.8000,12205,0,6885186960.000,0,-,-,-,-,3725.6000,3725.0000,3724.4000,3723.0000,3722.6000,3726.6000,3726.8000,3727.6000,3727.8000,3728.0000,2,1,1,1,8,1,3,4,4,12
SF,IF2005,2020-04-13 14:18:24.600,3725.8000,12205,0,6885186960.000,0,-,-,-,-,3725.8000,3725.6000,3725.0000,3724.4000,3723.0000,3726.6000,3726.8000,3727.6000,3727.8000,3728.0000,1,2,1,1,1,1,3,4,4,12
SF,IF2005,2020-04-13 14:18:27.600,3725.8000,12205,0,6885186960.000,0,-,-,-,-,3725.8000,3725.6000,3725.0000,3724.4000,3723.0000,3726.4000,3726.6000,3726.8000,3727.6000,3727.8000,1,2,1,1,1,1,1,2,4,4
SF,IF2005,2020-04-13 14:18:28.100,3725.8000,12205,0,6885186960.000,0,-,-,-,-,3725.8000,3725.6000,3725.0000,3724.4000,3723.0000,3726.4000,3726.6000,3726.8000,3727.6000,3727.8000,1,2,1,1,1,2,1,2,4,4
SF,IF2005,2020-04-13 14:18:30.600,3725.8000,12205,0,6885186960.000,0,-,-,-,-,3725.8000,3725.6000,3725.0000,3724.4000,3723.0000,3726.4000,3726.6000,3726.8000,3727.6000,3727.8000,1,2,1,1,1,1,1,2,4,4
SF,IF2005,2020-04-13 14:18:31.100,3725.8000,12205,0,6885186960.000,0,-,-,-,-,3725.8000,3725.6000,3725.0000,3724.4000,3723.0000,3726.6000,3726.8000,3727.6000,3727.8000,3728.0000,1,2,1,1,1,1,2,4,4,12
SF,IF2005,2020-04-13 14:18:31.600,3725.8000,12205,0,6885186960.000,0,-,-,-,-,3725.8000,3725.6000,3725.0000,3724.4000,3723.0000,3726.6000,3726.8000,3727.6000,3727.8000,3728.0000,1,2,1,1,1,1,2,3,4,12
SF,IF2005,2020-04-13 14:18:32.600,3725.8000,12205,0,6885186960.000,0,-,-,-,-,3725.8000,3725.6000,3725.0000,3724.4000,3723.0000,3726.6000,3726.8000,3727.6000,3727.8000,3728.0000,1,2,1,1,1,1,2,2,4,12
SF,IF2005,2020-04-13 14:18:33.600,3725.8000,12205,0,6885186960.000,0,-,-,-,-,3725.8000,3725.6000,3725.0000,3724.4000,3723.0000,3726.6000,3726.8000,3727.6000,3727.8000,3728.0000,2,2,1,1,1,1,2,2,4,12
SF,IF2005,2020-04-13 14:18:35.100,3725.8000,12205,0,6885186960.000,0,-,-,-,-,3725.8000,3725.6000,3725.0000,3724.4000,3723.0000,3726.6000,3726.8000,3727.6000,3727.8000,3728.0000,2,2,1,1,1,1,2,2,4,12
SF,IF2005,2020-04-13 14:18:36.100,3725.8000,12205,0,6885186960.000,0,-,-,-,-,3725.8000,3725.6000,3725.0000,3724.4000,3723.0000,3726.4000,3726.6000,3726.8000,3727.6000,3727.8000,2,2,1,1,1,7,1,2,2,4
SF,IF2005,2020-04-13 14:18:36.600,3725.8000,12205,0,6885186960.000,0,-,-,-,-,3725.8000,3725.6000,3725.0000,3724.4000,3723.0000,3726.4000,3726.6000,3726.8000,3727.6000,3727.8000,2,2,1,1,1,2,1,2,2,4
SF,IF2005,2020-04-13 14:18:37.600,3725.8000,12205,0,6885186960.000,0,-,-,-,-,3725.8000,3725.6000,3725.0000,3724.4000,3723.0000,3726.4000,3726.6000,3726.8000,3727.6000,3727.8000,2,2,1,1,1,1,1,2,2,4
SF,IF2005,2020-04-13 14:18:40.600,3725.8000,12205,0,6885186960.000,0,-,-,-,-,3725.8000,3725.6000,3725.0000,3724.4000,3723.0000,3726.0000,3726.4000,3726.6000,3726.8000,3727.6000,2,2,1,1,1,1,1,1,2,2
SF,IF2005,2020-04-13 14:18:41.100,3726.0000,12205,0,6886304760.000,1,0,1,空换,B,3725.8000,3725.6000,3725.0000,3724.4000,3723.0000,3726.4000,3726.6000,3726.8000,3727.6000,3727.8000,2,2,1,1,1,1,1,2,2,4
SF,IF2005,2020-04-13 14:18:42.100,3725.8000,12205,0,6888540240.000,2,1,1,空换,B,3725.6000,3725.0000,3724.4000,3723.0000,3722.6000,3726.0000,3726.2000,3726.4000,3726.8000,3727.6000,2,1,1,1,8,5,1,1,2,2
SF,IF2005,2020-04-13 14:18:42.600,3725.8000,12205,0,6888540240.000,0,-,-,-,-,3725.0000,3724.4000,3723.0000,3722.6000,3722.4000,3725.8000,3726.0000,3726.2000,3726.4000,3726.8000,1,1,1,8,6,1,5,1,1,2
SF,IF2005,2020-04-13 14:18:43.100,3725.8000,12205,0,6888540240.000,0,-,-,-,-,3725.0000,3724.4000,3723.0000,3722.6000,3722.4000,3725.8000,3726.0000,3726.2000,3726.8000,3727.6000,1,1,1,8,6,1,5,1,2,2
SF,IF2005,2020-04-13 14:18:43.600,3725.8000,12205,0,6888540240.000,0,-,-,-,-,3725.0000,3724.4000,3723.0000,3722.6000,3722.4000,3725.6000,3725.8000,3726.0000,3726.8000,3727.6000,1,1,1,8,6,1,1,5,2,2
SF,IF2005,2020-04-13 14:18:45.600,3724.4000,12207,2,6890775060.000,2,2,0,双开,B,3723.0000,3722.6000,3722.4000,3721.4000,3720.2000,3725.6000,3725.8000,3726.0000,3726.8000,3727.6000,1,8,6,2,2,1,1,5,2,2
SF,IF2005,2020-04-13 14:18:46.100,3724.4000,12207,0,6890775060.000,0,-,-,-,-,3724.4000,3724.0000,3723.4000,3723.2000,3723.0000,3725.4000,3725.6000,3725.8000,3726.0000,3727.6000,2,3,1,9,2,2,1,1,5,2
SF,IF2005,2020-04-13 14:18:46.600,3724.4000,12207,0,6890775060.000,0,-,-,-,-,3724.6000,3724.4000,3724.0000,3723.4000,3723.2000,3725.4000,3725.6000,3725.8000,3726.0000,3727.6000,2,2,2,4,8,3,1,1,5,2
SF,IF2005,2020-04-13 14:18:47.100,3724.4000,12207,0,6890775060.000,0,-,-,-,-,3724.6000,3724.4000,3724.0000,3723.4000,3723.2000,3725.2000,3725.4000,3725.6000,3725.8000,3726.0000,2,2,2,4,8,1,3,1,1,5
SF,IF2005,2020-04-13 14:18:47.600,3724.4000,12207,0,6890775060.000,0,-,-,-,-,3724.6000,3724.4000,3724.0000,3723.4000,3723.2000,3725.4000,3725.6000,3726.0000,3727.6000,3727.8000,2,2,2,4,8,1,1,5,2,4
SF,IF2005,2020-04-13 14:18:48.100,3724.4000,12207,0,6890775060.000,0,-,-,-,-,3724.6000,3724.4000,3724.0000,3723.4000,3723.2000,3725.4000,3726.0000,3727.6000,3727.8000,3728.0000,2,2,2,3,8,1,5,2,4,12
SF,IF2005,2020-04-13 14:18:48.600,3724.4000,12207,0,6890775060.000,0,-,-,-,-,3724.6000,3724.4000,3724.0000,3723.4000,3723.2000,3725.4000,3726.0000,3727.6000,3727.8000,3728.0000,2,2,2,3,8,1,5,2,4,12
SF,IF2005,2020-04-13 14:18:49.100,3724.4000,12207,0,6890775060.000,0,-,-,-,-,3725.4000,3724.8000,3724.6000,3724.4000,3724.0000,3727.6000,3727.8000,3728.0000,3728.4000,3728.6000,1,1,2,2,2,2,4,12,1,2
SF,IF2005,2020-04-13 14:18:49.600,3724.4000,12207,0,6890775060.000,0,-,-,-,-,3725.6000,3725.4000,3724.8000,3724.0000,3723.4000,3726.6000,3726.8000,3727.2000,3727.4000,3727.6000,2,1,4,2,3,2,7,3,5,3
SF,IF2005,2020-04-13 14:18:50.100,3724.4000,12207,0,6890775060.000,0,-,-,-,-,3725.6000,3725.4000,3724.8000,3724.0000,3723.4000,3726.4000,3726.6000,3726.8000,3727.2000,3727.4000,2,1,4,2,3,2,2,7,3,3
SF,IF2005,2020-04-13 14:18:50.600,3724.4000,12207,0,6890775060.000,0,-,-,-,-,3725.4000,3724.8000,3724.0000,3723.4000,3723.2000,3726.2000,3726.4000,3726.6000,3726.8000,3727.2000,1,4,2,3,6,1,2,1,7,3
SF,IF2005,2020-04-13 14:18:51.100,3724.4000,12207,0,6890775060.000,0,-,-,-,-,3725.4000,3724.8000,3724.0000,3723.4000,3723.2000,3726.2000,3726.4000,3726.6000,3726.8000,3727.2000,1,4,2,3,6,1,2,1,6,3
SF,IF2005,2020-04-13 14:18:51.600,3724.4000,12207,0,6890775060.000,0,-,-,-,-,3725.4000,3724.8000,3724.0000,3723.4000,3723.2000,3726.2000,3726.4000,3726.6000,3726.8000,3727.2000,1,4,2,3,6,1,2,1,5,3
SF,IF2005,2020-04-13 14:18:52.100,3724.4000,12207,0,6890775060.000,0,-,-,-,-,3725.4000,3724.8000,3724.0000,3723.4000,3723.2000,3726.2000,3726.4000,3726.8000,3727.2000,3727.4000,1,4,2,3,6,1,2,5,3,3
SF,IF2005,2020-04-13 14:18:57.600,3724.4000,12207,0,6890775060.000,0,-,-,-,-,3724.8000,3724.0000,3723.4000,3723.2000,3723.0000,3726.2000,3726.4000,3726.8000,3727.2000,3727.4000,4,2,3,6,2,1,2,5,3,3
SF,IF2005,2020-04-13 14:18:58.100,3724.4000,12207,0,6890775060.000,0,-,-,-,-,3725.0000,3724.8000,3724.0000,3723.4000,3723.2000,3725.8000,3726.0000,3726.8000,3727.2000,3727.4000,2,2,2,3,6,6,3,5,3,3
SF,IF2005,2020-04-13 14:18:58.600,3724.4000,12207,0,6890775060.000,0,-,-,-,-,3725.0000,3724.8000,3724.0000,3723.4000,3723.2000,3725.8000,3726.0000,3726.8000,3727.2000,3727.4000,2,1,2,3,6,6,4,7,3,3
SF,IF2005,2020-04-13 14:18:59.100,3724.4000,12207,0,6890775060.000,0,-,-,-,-,3725.0000,3724.0000,3723.4000,3723.2000,3723.0000,3725.8000,3726.0000,3726.8000,3727.2000,3727.4000,2,2,3,6,3,1,3,7,3,3
SF,IF2005,2020-04-13 14:19:00.100,3724.4000,12207,0,6890775060.000,0,-,-,-,-,3725.0000,3724.0000,3723.4000,3723.2000,3723.0000,3725.8000,3726.0000,3726.8000,3727.2000,3727.4000,2,2,3,6,3,1,2,7,3,3
SF,IF2005,2020-04-13 14:19:00.600,3724.4000,12207,0,6890775060.000,0,-,-,-,-,3725.0000,3724.0000,3723.4000,3723.2000,3723.0000,3725.8000,3726.8000,3727.2000,3727.4000,3727.6000,2,2,3,6,3,1,7,3,3,3
SF,IF2005,2020-04-13 14:19:01.100,3724.4000,12207,0,6890775060.000,0,-,-,-,-,3725.0000,3724.0000,3723.4000,3723.2000,3723.0000,3725.8000,3726.8000,3727.2000,3727.4000,3727.6000,2,2,3,6,3,1,7,2,3,3
SF,IF2005,2020-04-13 14:19:02.100,3724.4000,12207,0,6890775060.000,0,-,-,-,-,3725.0000,3724.0000,3723.4000,3723.2000,3723.0000,3725.8000,3726.8000,3727.2000,3727.4000,3727.6000,2,2,3,6,3,1,5,2,3,3
SF,IF2005,2020-04-13 14:19:02.600,3724.4000,12207,0,6890775060.000,0,-,-,-,-,3725.2000,3725.0000,3724.0000,3723.4000,3723.2000,3725.8000,3727.2000,3727.4000,3727.6000,3727.8000,1,2,2,3,6,1,1,3,3,1
SF,IF2005,2020-04-13 14:19:03.100,3725.8000,12207,0,6891892800.000,1,0,1,空换,B,3725.2000,3725.0000,3724.0000,3723.4000,3723.2000,3727.2000,3727.4000,3727.6000,3727.8000,3728.0000,3,2,2,3,6,1,2,3,1,14
SF,IF2005,2020-04-13 14:19:03.600,3725.8000,12207,0,6891892800.000,0,-,-,-,-,3725.4000,3725.2000,3724.0000,3723.4000,3723.2000,3726.8000,3727.0000,3727.2000,3727.4000,3727.6000,3,3,2,3,6,7,3,1,2,3
SF,IF2005,2020-04-13 14:19:04.100,3726.6000,12208,1,6893010780.000,1,1,0,双开,B,3725.4000,3725.2000,3724.0000,3723.4000,3723.2000,3726.6000,3726.8000,3727.0000,3727.2000,3727.4000,3,3,2,3,6,1,7,1,1,2
SF,IF2005,2020-04-13 14:19:04.600,3725.4000,12211,3,6896363760.000,3,3,0,双开,B,3725.4000,3725.2000,3724.0000,3723.4000,3723.2000,3726.6000,3726.8000,3727.0000,3727.2000,3727.4000,2,3,2,3,6,1,7,1,1,2
SF,IF2005,2020-04-13 14:19:05.100,3725.4000,12211,0,6896363760.000,0,-,-,-,-,3725.4000,3725.2000,3724.0000,3723.4000,3723.2000,3726.8000,3727.0000,3727.2000,3727.4000,3727.6000,3,3,2,3,6,2,1,1,2,3
SF,IF2005,2020-04-13 14:19:05.600,3725.4000,12211,0,6896363760.000,0,-,-,-,-,3725.6000,3725.4000,3724.0000,3723.4000,3723.2000,3726.8000,3727.0000,3727.2000,3727.4000,3727.6000,3,3,2,3,6,2,1,1,2,3
SF,IF2005,2020-04-13 14:19:06.100,3725.4000,12211,0,6896363760.000,0,-,-,-,-,3725.8000,3725.6000,3725.4000,3724.0000,3723.4000,3726.8000,3727.2000,3727.4000,3727.6000,3727.8000,5,4,1,2,1,2,1,1,1,1
SF,IF2005,2020-04-13 14:19:06.600,3725.4000,12211,0,6896363760.000,0,-,-,-,-,3725.8000,3725.6000,3725.4000,3724.0000,3723.4000,3726.6000,3726.8000,3727.2000,3727.4000,3727.6000,3,4,1,2,1,1,2,1,1,1
SF,IF2005,2020-04-13 14:19:07.100,3725.4000,12211,0,6896363760.000,0,-,-,-,-,3726.0000,3725.8000,3725.6000,3725.4000,3724.0000,3726.6000,3726.8000,3727.2000,3727.4000,3727.8000,2,3,3,1,2,1,2,1,1,1
SF,IF2005,2020-04-13 14:19:07.600,3725.4000,12211,0,6896363760.000,0,-,-,-,-,3726.0000,3725.8000,3725.6000,3725.4000,3724.0000,3726.6000,3726.8000,3727.2000,3727.4000,3727.8000,1,3,3,1,2,1,2,1,1,1
SF,IF2005,2020-04-13 14:19:08.100,3725.4000,12211,0,6896363760.000,0,-,-,-,-,3726.0000,3725.8000,3725.6000,3725.4000,3724.0000,3726.6000,3726.8000,3727.2000,3727.4000,3727.8000,1,3,2,1,2,1,1,1,1,1
SF,IF2005,2020-04-13 14:19:08.600,3725.4000,12211,0,6896363760.000,0,-,-,-,-,3726.2000,3726.0000,3725.8000,3725.6000,3725.4000,3726.6000,3726.8000,3727.2000,3727.4000,3727.8000,1,1,3,2,1,1,1,1,1,1
SF,IF2005,2020-04-13 14:19:09.100,3725.4000,12211,0,6896363760.000,0,-,-,-,-,3726.0000,3725.8000,3725.6000,3725.4000,3724.0000,3726.6000,3726.8000,3727.2000,3727.4000,3727.8000,1,3,2,1,2,1,1,1,1,1
SF,IF2005,2020-04-13 14:19:09.600,3725.4000,12211,0,6896363760.000,0,-,-,-,-,3726.0000,3725.8000,3725.6000,3725.4000,3724.0000,3726.6000,3726.8000,3727.4000,3727.8000,3728.0000,1,3,1,1,2,1,1,1,1,13
SF,IF2005,2020-04-13 14:19:10.600,3726.6000,12212,1,6897481740.000,1,1,0,双开,B,3726.0000,3725.8000,3725.6000,3725.4000,3724.0000,3726.8000,3727.4000,3727.8000,3728.0000,3728.4000,1,3,1,1,2,1,1,1,13,1
SF,IF2005,2020-04-13 14:19:11.100,3726.6000,12212,0,6897481740.000,0,-,-,-,-,3726.2000,3726.0000,3725.8000,3725.6000,3725.4000,3726.8000,3727.4000,3727.8000,3728.0000,3728.4000,2,1,1,1,1,1,1,1,13,1
SF,IF2005,2020-04-13 14:19:11.600,3726.8000,12213,1,6898599780.000,1,1,0,双开,B,3726.2000,3726.0000,3725.8000,3725.6000,3725.4000,3727.4000,3727.8000,3728.0000,3728.4000,3728.6000,2,1,1,1,1,1,1,13,1,2
SF,IF2005,2020-04-13 14:19:12.100,3726.8000,12213,0,6898599780.000,0,-,-,-,-,3726.2000,3726.0000,3725.8000,3725.6000,3725.4000,3727.2000,3727.8000,3728.0000,3728.4000,3728.6000,2,1,1,1,1,4,1,13,1,2
SF,IF2005,2020-04-13 14:19:13.100,3726.8000,12213,0,6898599780.000,0,-,-,-,-,3726.2000,3726.0000,3725.6000,3724.4000,3724.0000,3727.2000,3727.8000,3728.0000,3728.4000,3728.6000,2,1,1,1,2,4,1,13,1,2
SF,IF2005,2020-04-13 14:19:13.600,3726.8000,12213,0,6898599780.000,0,-,-,-,-,3726.2000,3725.6000,3724.4000,3724.0000,3723.4000,3727.2000,3727.8000,3728.0000,3728.4000,3728.6000,2,1,1,2,2,4,1,13,1,2
SF,IF2005,2020-04-13 14:19:14.600,3726.8000,12213,0,6898599780.000,0,-,-,-,-,3726.2000,3725.6000,3724.4000,3724.0000,3723.4000,3727.2000,3727.8000,3728.0000,3728.4000,3728.6000,2,1,1,2,2,4,1,13,1,2
SF,IF2005,2020-04-13 14:19:15.100,3726.8000,12213,0,6898599780.000,0,-,-,-,-,3726.8000,3726.2000,3725.6000,3724.4000,3724.0000,3727.2000,3727.8000,3728.0000,3728.4000,3728.6000,2,2,1,1,2,4,1,13,1,2
SF,IF2005,2020-04-13 14:19:15.600,3726.8000,12215,2,6900835860.000,2,2,0,双开,B,3726.2000,3725.6000,3724.4000,3724.0000,3723.4000,3727.2000,3727.8000,3728.0000,3728.4000,3728.6000,2,1,1,2,2,4,1,13,1,2
SF,IF2005,2020-04-13 14:19:16.100,3726.2000,12216,1,6901953720.000,1,1,0,双开,B,3726.2000,3725.6000,3724.4000,3724.0000,3723.4000,3727.2000,3727.8000,3728.0000,3728.4000,3728.6000,1,1,1,2,2,4,2,13,1,2
SF,IF2005,2020-04-13 14:19:16.600,3726.2000,12216,0,6901953720.000,0,-,-,-,-,3726.2000,3725.6000,3724.4000,3724.0000,3723.4000,3727.0000,3727.2000,3727.8000,3728.0000,3728.4000,1,1,1,2,2,1,4,2,13,1
SF,IF2005,2020-04-13 14:19:17.100,3726.2000,12216,0,6901953720.000,0,-,-,-,-,3725.6000,3724.4000,3724.0000,3723.4000,3723.2000,3727.0000,3727.2000,3727.8000,3728.0000,3728.4000,1,1,2,2,5,1,4,2,13,1
SF,IF2005,2020-04-13 14:19:17.600,3726.2000,12216,0,6901953720.000,0,-,-,-,-,3725.8000,3724.4000,3724.0000,3723.4000,3723.2000,3726.8000,3727.0000,3727.2000,3727.8000,3728.0000,2,1,2,2,5,3,1,1,2,13
SF,IF2005,2020-04-13 14:19:18.100,3726.2000,12216,0,6901953720.000,0,-,-,-,-,3725.8000,3724.0000,3723.4000,3723.2000,3723.0000,3726.8000,3727.0000,3727.8000,3728.0000,3728.4000,2,2,2,5,2,4,1,2,13,1
SF,IF2005,2020-04-13 14:19:18.600,3726.2000,12216,0,6901953720.000,0,-,-,-,-,3725.8000,3724.0000,3723.4000,3723.2000,3723.0000,3726.6000,3726.8000,3727.8000,3728.0000,3728.4000,2,2,2,5,2,1,4,2,13,1
SF,IF2005,2020-04-13 14:19:19.100,3726.2000,12216,0,6901953720.000,0,-,-,-,-,3725.8000,3724.0000,3723.4000,3723.2000,3723.0000,3726.6000,3726.8000,3727.8000,3728.0000,3728.4000,2,2,2,5,2,1,4,2,13,1
SF,IF2005,2020-04-13 14:19:19.600,3726.2000,12216,0,6901953720.000,0,-,-,-,-,3725.8000,3724.0000,3723.8000,3723.4000,3723.2000,3726.6000,3726.8000,3727.8000,3728.0000,3728.4000,2,2,1,2,5,1,4,2,13,1
SF,IF2005,2020-04-13 14:19:20.100,3726.2000,12216,0,6901953720.000,0,-,-,-,-,3725.8000,3724.0000,3723.8000,3723.4000,3723.2000,3726.6000,3726.8000,3727.8000,3728.0000,3728.4000,2,2,1,2,5,1,4,2,13,1
SF,IF2005,2020-04-13 14:19:20.600,3726.2000,12216,0,6901953720.000,0,-,-,-,-,3725.8000,3724.0000,3723.8000,3723.4000,3723.2000,3726.6000,3726.8000,3727.8000,3728.0000,3728.4000,2,2,1,2,5,1,4,2,13,1
SF,IF2005,2020-04-13 14:19:21.100,3726.2000,12216,0,6901953720.000,0,-,-,-,-,3725.8000,3724.0000,3723.8000,3723.4000,3723.2000,3726.6000,3726.8000,3727.8000,3728.0000,3728.4000,2,2,1,2,5,2,4,2,13,1
SF,IF2005,2020-04-13 14:19:21.600,3726.2000,12216,0,6901953720.000,0,-,-,-,-,3725.8000,3724.0000,3723.8000,3723.4000,3723.2000,3726.6000,3726.8000,3727.8000,3728.0000,3728.4000,2,2,1,2,5,1,4,2,13,1
SF,IF2005,2020-04-13 14:19:22.600,3726.2000,12216,0,6901953720.000,0,-,-,-,-,3725.8000,3724.0000,3723.8000,3723.4000,3723.2000,3726.6000,3726.8000,3727.8000,3728.0000,3728.4000,2,2,1,2,5,1,4,2,13,1
SF,IF2005,2020-04-13 14:19:23.100,3726.2000,12216,0,6901953720.000,0,-,-,-,-,3725.8000,3724.0000,3723.8000,3723.4000,3723.2000,3726.6000,3726.8000,3727.8000,3728.0000,3728.4000,2,2,1,2,5,2,4,2,13,1
SF,IF2005,2020-04-13 14:19:23.600,3726.2000,12216,0,6901953720.000,0,-,-,-,-,3725.8000,3724.0000,3723.8000,3723.4000,3723.2000,3726.6000,3726.8000,3727.8000,3728.0000,3728.4000,2,2,1,2,5,1,4,2,13,1
SF,IF2005,2020-04-13 14:19:24.100,3726.2000,12216,0,6901953720.000,0,-,-,-,-,3725.8000,3724.0000,3723.8000,3723.4000,3723.2000,3726.6000,3726.8000,3727.8000,3728.0000,3728.4000,2,2,1,2,5,1,4,2,13,1
SF,IF2005,2020-04-13 14:19:24.600,3726.2000,12216,0,6901953720.000,0,-,-,-,-,3724.0000,3723.8000,3723.4000,3723.2000,3723.0000,3726.4000,3726.6000,3726.8000,3727.8000,3728.0000,2,1,2,5,2,5,1,4,2,13
SF,IF2005,2020-04-13 14:19:25.100,3726.2000,12216,0,6901953720.000,0,-,-,-,-,3725.0000,3724.8000,3724.6000,3724.4000,3724.2000,3726.2000,3726.4000,3726.6000,3726.8000,3727.8000,1,1,2,1,7,3,5,1,1,2
SF,IF2005,2020-04-13 14:19:25.600,3726.2000,12216,0,6901953720.000,0,-,-,-,-,3725.2000,3725.0000,3724.8000,3724.6000,3724.4000,3726.2000,3726.4000,3726.6000,3726.8000,3727.8000,3,1,1,2,3,3,5,1,1,2
SF,IF2005,2020-04-13 14:19:26.100,3726.2000,12216,0,6901953720.000,0,-,-,-,-,3725.2000,3725.0000,3724.8000,3724.6000,3724.4000,3726.2000,3726.4000,3726.6000,3726.8000,3727.8000,3,1,1,2,3,3,5,1,1,2
SF,IF2005,2020-04-13 14:19:26.600,3726.2000,12216,0,6901953720.000,0,-,-,-,-,3725.2000,3725.0000,3724.8000,3724.6000,3724.4000,3726.2000,3726.4000,3726.6000,3726.8000,3727.8000,3,1,1,2,3,3,5,1,1,2
SF,IF2005,2020-04-13 14:19:27.100,3726.2000,12216,0,6901953720.000,0,-,-,-,-,3725.2000,3725.0000,3724.8000,3724.6000,3724.4000,3726.2000,3726.4000,3726.6000,3726.8000,3727.8000,3,1,1,2,3,3,5,1,1,2
SF,IF2005,2020-04-13 14:19:27.600,3726.2000,12216,0,6901953720.000,0,-,-,-,-,3725.2000,3725.0000,3724.8000,3724.6000,3724.4000,3726.2000,3726.4000,3726.6000,3726.8000,3727.8000,3,1,1,2,2,3,5,2,1,2
SF,IF2005,2020-04-13 14:19:28.100,3726.2000,12216,0,6901953720.000,0,-,-,-,-,3725.2000,3725.0000,3724.6000,3724.4000,3724.2000,3726.2000,3726.4000,3726.6000,3726.8000,3727.8000,3,1,2,2,3,4,5,2,1,2
SF,IF2005,2020-04-13 14:19:28.600,3726.2000,12216,0,6901953720.000,0,-,-,-,-,3725.2000,3725.0000,3724.6000,3724.4000,3724.2000,3726.2000,3726.4000,3726.6000,3726.8000,3727.8000,3,1,2,2,3,3,5,2,1,2
SF,IF2005,2020-04-13 14:19:29.100,3726.2000,12216,0,6901953720.000,0,-,-,-,-,3725.2000,3725.0000,3724.6000,3724.4000,3724.2000,3726.2000,3726.4000,3726.6000,3726.8000,3727.8000,3,1,2,2,3,3,5,2,1,2
SF,IF2005,2020-04-13 14:19:29.600,3726.2000,12216,0,6901953720.000,0,-,-,-,-,3725.2000,3725.0000,3724.6000,3724.4000,3724.2000,3726.2000,3726.4000,3726.6000,3726.8000,3727.8000,3,1,2,2,3,3,5,2,1,2
SF,IF2005,2020-04-13 14:19:30.100,3726.2000,12216,0,6901953720.000,0,-,-,-,-,3725.2000,3725.0000,3724.6000,3724.4000,3724.2000,3726.2000,3726.4000,3726.6000,3726.8000,3727.8000,3,1,2,2,3,4,5,2,1,2
SF,IF2005,2020-04-13 14:19:30.600,3726.2000,12216,0,6901953720.000,0,-,-,-,-,3725.2000,3725.0000,3724.6000,3724.4000,3724.2000,3726.2000,3726.4000,3726.6000,3726.8000,3727.8000,3,1,2,2,3,3,5,2,1,2
SF,IF2005,2020-04-13 14:19:31.100,3726.2000,12216,0,6901953720.000,0,-,-,-,-,3725.2000,3725.0000,3724.6000,3724.4000,3724.2000,3726.2000,3726.4000,3726.6000,3726.8000,3727.8000,3,1,2,2,3,3,5,2,1,2
SF,IF2005,2020-04-13 14:19:31.600,3726.2000,12216,0,6901953720.000,0,-,-,-,-,3725.2000,3725.0000,3724.6000,3724.4000,3724.2000,3726.2000,3726.4000,3726.6000,3726.8000,3727.8000,3,1,2,2,3,3,5,2,1,2
SF,IF2005,2020-04-13 14:19:32.100,3726.2000,12216,0,6901953720.000,0,-,-,-,-,3725.2000,3725.0000,3724.6000,3724.4000,3724.2000,3726.2000,3726.4000,3726.6000,3726.8000,3727.8000,3,1,2,2,3,3,5,2,1,2
SF,IF2005,2020-04-13 14:19:32.600,3726.2000,12216,0,6901953720.000,0,-,-,-,-,3725.2000,3725.0000,3724.6000,3724.4000,3724.2000,3726.2000,3726.4000,3726.6000,3727.8000,3728.0000,3,1,2,2,3,4,5,2,2,13
SF,IF2005,2020-04-13 14:19:33.100,3726.2000,12216,0,6901953720.000,0,-,-,-,-,3725.2000,3725.0000,3724.6000,3724.4000,3724.2000,3726.2000,3726.4000,3726.6000,3727.8000,3728.0000,3,1,2,2,3,3,5,2,2,13
SF,IF2005,2020-04-13 14:19:33.600,3726.2000,12216,0,6901953720.000,0,-,-,-,-,3725.2000,3725.0000,3724.6000,3724.4000,3724.2000,3726.2000,3726.4000,3726.6000,3727.8000,3728.0000,3,1,2,2,3,3,5,2,2,13
SF,IF2005,2020-04-13 14:19:34.100,3726.2000,12216,0,6901953720.000,0,-,-,-,-,3725.2000,3725.0000,3724.6000,3724.4000,3724.2000,3726.2000,3726.4000,3726.6000,3727.8000,3728.0000,3,1,2,2,3,4,5,2,2,13
SF,IF2005,2020-04-13 14:19:34.600,3726.2000,12216,0,6901953720.000,0,-,-,-,-,3725.2000,3725.0000,3724.6000,3724.4000,3724.2000,3726.2000,3726.4000,3726.6000,3727.8000,3728.0000,3,1,2,2,3,3,5,2,2,13
SF,IF2005,2020-04-13 14:19:35.100,3726.2000,12216,0,6901953720.000,0,-,-,-,-,3725.2000,3725.0000,3724.6000,3724.4000,3724.2000,3726.2000,3726.4000,3726.6000,3727.8000,3728.0000,3,1,1,2,3,3,5,2,2,13
SF,IF2005,2020-04-13 14:19:35.600,3726.2000,12216,0,6901953720.000,0,-,-,-,-,3725.2000,3725.0000,3724.6000,3724.4000,3724.2000,3726.2000,3726.4000,3726.6000,3727.8000,3728.0000,3,1,1,2,3,3,5,2,2,13
SF,IF2005,2020-04-13 14:19:36.100,3726.2000,12216,0,6901953720.000,0,-,-,-,-,3725.2000,3725.0000,3724.6000,3724.4000,3724.2000,3726.2000,3726.4000,3726.6000,3727.8000,3728.0000,3,1,1,2,3,3,5,2,2,13
SF,IF2005,2020-04-13 14:19:36.600,3726.2000,12216,0,6901953720.000,0,-,-,-,-,3725.2000,3725.0000,3724.6000,3724.4000,3724.2000,3726.2000,3726.4000,3726.6000,3727.8000,3728.0000,3,1,1,2,3,3,5,2,2,13
SF,IF2005,2020-04-13 14:19:37.600,3726.2000,12216,0,6901953720.000,0,-,-,-,-,3725.2000,3725.0000,3724.6000,3724.4000,3724.2000,3726.2000,3726.4000,3726.6000,3727.8000,3728.0000,2,1,1,2,2,3,5,2,2,13
SF,IF2005,2020-04-13 14:19:38.100,3726.2000,12216,0,6901953720.000,0,-,-,-,-,3725.2000,3725.0000,3724.6000,3724.4000,3724.2000,3726.2000,3726.4000,3726.6000,3727.8000,3728.0000,2,1,1,2,2,3,5,2,2,13
SF,IF2005,2020-04-13 14:19:38.600,3726.2000,12216,0,6901953720.000,0,-,-,-,-,3725.2000,3725.0000,3724.6000,3724.4000,3724.2000,3726.2000,3726.4000,3726.6000,3727.8000,3728.0000,2,1,1,2,2,3,5,2,2,13
SF,IF2005,2020-04-13 14:19:39.100,3726.2000,12216,0,6901953720.000,0,-,-,-,-,3725.2000,3725.0000,3724.6000,3724.4000,3724.2000,3726.2000,3726.4000,3726.6000,3727.0000,3727.8000,2,1,1,2,2,3,5,2,1,2
SF,IF2005,2020-04-13 14:19:39.600,3726.2000,12216,0,6901953720.000,0,-,-,-,-,3725.2000,3725.0000,3724.6000,3724.4000,3724.2000,3726.2000,3726.4000,3726.6000,3727.0000,3727.8000,2,1,1,2,2,1,5,2,1,2
SF,IF2005,2020-04-13 14:19:40.100,3726.2000,12216,0,6901953720.000,0,-,-,-,-,3725.2000,3725.0000,3724.6000,3724.4000,3724.2000,3726.2000,3726.4000,3726.6000,3727.0000,3727.8000,2,1,1,2,2,1,5,2,1,2
SF,IF2005,2020-04-13 14:19:40.600,3726.2000,12216,0,6901953720.000,0,-,-,-,-,3725.2000,3725.0000,3724.6000,3724.4000,3724.2000,3726.2000,3726.4000,3726.6000,3727.0000,3727.8000,2,1,1,2,2,1,5,2,1,2
SF,IF2005,2020-04-13 14:19:41.100,3726.2000,12216,0,6901953720.000,0,-,-,-,-,3725.2000,3725.0000,3724.6000,3724.4000,3724.2000,3726.2000,3726.4000,3726.6000,3727.0000,3727.8000,2,1,1,2,2,1,5,2,1,2
SF,IF2005,2020-04-13 14:19:41.600,3726.2000,12216,0,6901953720.000,0,-,-,-,-,3725.2000,3725.0000,3724.6000,3724.4000,3724.2000,3726.2000,3726.4000,3726.6000,3727.0000,3727.8000,2,1,1,2,2,1,5,2,1,2
SF,IF2005,2020-04-13 14:19:42.100,3726.2000,12216,0,6901953720.000,0,-,-,-,-,3725.0000,3724.6000,3724.4000,3724.2000,3724.0000,3726.0000,3726.2000,3726.4000,3726.6000,3727.0000,1,1,2,2,2,8,1,5,1,1
SF,IF2005,2020-04-13 14:19:42.600,3726.2000,12216,0,6901953720.000,0,-,-,-,-,3724.4000,3724.2000,3724.0000,3723.8000,3723.4000,3725.6000,3725.8000,3726.0000,3726.4000,3726.6000,1,2,2,1,1,3,5,8,5,3
SF,IF2005,2020-04-13 14:19:43.100,3726.2000,12216,0,6901953720.000,0,-,-,-,-,3724.2000,3723.4000,3723.2000,3723.0000,3721.4000,3725.2000,3725.4000,3725.6000,3725.8000,3726.0000,1,1,2,2,2,1,10,3,2,7
SF,IF2005,2020-04-13 14:19:43.600,3726.2000,12216,0,6901953720.000,0,-,-,-,-,3723.4000,3723.2000,3723.0000,3721.4000,3720.2000,3725.0000,3725.2000,3725.4000,3725.6000,3725.8000,1,2,2,2,2,2,6,8,3,1
SF,IF2005,2020-04-13 14:19:44.100,3726.2000,12216,0,6901953720.000,0,-,-,-,-,3724.2000,3724.0000,3723.6000,3723.4000,3723.2000,3725.2000,3725.4000,3726.0000,3726.6000,3727.0000,1,2,7,1,1,1,2,1,3,1
SF,IF2005,2020-04-13 14:19:44.600,3726.2000,12216,0,6901953720.000,0,-,-,-,-,3724.4000,3724.2000,3724.0000,3723.8000,3723.6000,3725.0000,3725.2000,3725.4000,3726.0000,3726.6000,3,1,4,3,4,1,1,1,1,3
SF,IF2005,2020-04-13 14:19:45.100,3726.2000,12216,0,6901953720.000,0,-,-,-,-,3724.4000,3724.2000,3724.0000,3723.8000,3723.6000,3725.2000,3725.4000,3726.0000,3726.6000,3727.0000,3,1,4,2,4,1,1,1,3,1
SF,IF2005,2020-04-13 14:19:45.600,3726.2000,12216,0,6901953720.000,0,-,-,-,-,3724.4000,3724.2000,3724.0000,3723.8000,3723.6000,3725.2000,3725.4000,3726.0000,3726.6000,3727.0000,3,1,4,2,3,1,1,1,3,1
SF,IF2005,2020-04-13 14:19:46.100,3726.2000,12216,0,6901953720.000,0,-,-,-,-,3724.4000,3724.2000,3724.0000,3723.8000,3723.6000,3725.2000,3725.4000,3726.0000,3726.6000,3727.0000,3,1,4,2,3,1,1,1,3,1
SF,IF2005,2020-04-13 14:19:46.600,3726.2000,12216,0,6901953720.000,0,-,-,-,-,3724.4000,3724.2000,3724.0000,3723.8000,3723.6000,3725.2000,3725.4000,3726.0000,3726.6000,3727.0000,3,1,2,2,3,1,1,1,3,1
SF,IF2005,2020-04-13 14:19:47.100,3726.2000,12216,0,6901953720.000,0,-,-,-,-,3724.4000,3724.2000,3724.0000,3723.8000,3723.6000,3725.2000,3725.4000,3726.0000,3726.6000,3727.0000,2,1,2,2,3,1,1,1,3,1
SF,IF2005,2020-04-13 14:19:47.600,3726.2000,12216,0,6901953720.000,0,-,-,-,-,3724.4000,3724.2000,3724.0000,3723.8000,3723.6000,3725.2000,3725.4000,3726.0000,3726.6000,3727.0000,2,1,2,1,2,1,1,1,3,1
SF,IF2005,2020-04-13 14:19:48.100,3726.2000,12216,0,6901953720.000,0,-,-,-,-,3724.4000,3724.0000,3723.8000,3723.6000,3723.4000,3725.2000,3725.4000,3726.0000,3726.6000,3727.0000,2,2,1,2,1,2,1,1,3,1
SF,IF2005,2020-04-13 14:19:48.600,3726.2000,12216,0,6901953720.000,0,-,-,-,-,3724.0000,3723.6000,3723.4000,3723.2000,3723.0000,3725.0000,3725.2000,3725.4000,3726.0000,3726.6000,2,1,1,1,2,3,1,1,1,3
SF,IF2005,2020-04-13 14:19:49.100,3726.2000,12216,0,6901953720.000,0,-,-,-,-,3724.0000,3723.6000,3723.4000,3723.2000,3723.0000,3725.0000,3725.2000,3725.4000,3726.0000,3726.6000,2,1,1,1,2,3,1,1,1,3
SF,IF2005,2020-04-13 14:19:49.600,3726.2000,12216,0,6901953720.000,0,-,-,-,-,3724.0000,3723.6000,3723.4000,3723.2000,3723.0000,3724.8000,3725.0000,3725.4000,3726.0000,3726.6000,1,1,1,1,2,1,3,1,1,3
SF,IF2005,2020-04-13 14:19:50.100,3726.2000,12216,0,6901953720.000,0,-,-,-,-,3724.0000,3723.6000,3723.4000,3723.2000,3723.0000,3724.8000,3725.0000,3725.4000,3726.0000,3726.6000,1,1,1,1,2,2,3,1,1,3
SF,IF2005,2020-04-13 14:19:50.600,3726.2000,12216,0,6901953720.000,0,-,-,-,-,3723.6000,3723.4000,3723.2000,3723.0000,3722.4000,3724.6000,3724.8000,3725.0000,3726.0000,3726.6000,1,1,1,2,1,6,1,3,1,1
SF,IF2005,2020-04-13 14:19:51.100,3726.2000,12216,0,6901953720.000,0,-,-,-,-,3723.8000,3723.4000,3723.2000,3723.0000,3722.4000,3724.8000,3725.0000,3725.6000,3726.0000,3726.6000,2,1,1,2,1,1,3,2,1,1
SF,IF2005,2020-04-13 14:19:51.600,3726.2000,12216,0,6901953720.000,0,-,-,-,-,3723.8000,3723.4000,3723.2000,3723.0000,3722.4000,3724.8000,3725.0000,3725.6000,3726.0000,3726.6000,2,1,1,2,1,1,3,2,1,1
SF,IF2005,2020-04-13 14:19:52.100,3726.2000,12216,0,6901953720.000,0,-,-,-,-,3723.8000,3723.4000,3723.2000,3723.0000,3722.4000,3724.8000,3725.0000,3725.6000,3726.0000,3726.6000,2,1,1,2,1,1,3,2,1,1
SF,IF2005,2020-04-13 14:19:52.600,3726.2000,12216,0,6901953720.000,0,-,-,-,-,3723.8000,3723.4000,3723.2000,3723.0000,3722.4000,3724.8000,3725.0000,3725.6000,3726.0000,3726.6000,2,1,1,2,1,2,3,2,1,1
SF,IF2005,2020-04-13 14:19:53.100,3726.2000,12216,0,6901953720.000,0,-,-,-,-,3723.8000,3723.4000,3723.2000,3723.0000,3722.4000,3724.6000,3724.8000,3725.0000,3725.6000,3726.0000,2,1,1,1,1,6,1,3,2,1
SF,IF2005,2020-04-13 14:19:53.600,3726.2000,12216,0,6901953720.000,0,-,-,-,-,3723.8000,3723.4000,3723.2000,3723.0000,3722.4000,3724.8000,3725.0000,3725.6000,3726.0000,3726.6000,2,1,1,1,1,1,3,2,1,1
SF,IF2005,2020-04-13 14:19:54.100,3726.2000,12216,0,6901953720.000,0,-,-,-,-,3723.8000,3723.4000,3723.2000,3723.0000,3722.4000,3724.8000,3725.0000,3725.6000,3726.0000,3726.6000,2,1,1,1,1,1,3,2,1,1
SF,IF2005,2020-04-13 14:19:54.600,3726.2000,12216,0,6901953720.000,0,-,-,-,-,3723.8000,3723.4000,3723.2000,3723.0000,3722.4000,3724.8000,3725.0000,3725.6000,3726.0000,3726.6000,2,1,1,1,1,1,3,2,1,1
SF,IF2005,2020-04-13 14:19:55.100,3726.2000,12216,0,6901953720.000,0,-,-,-,-,3723.8000,3723.4000,3723.2000,3723.0000,3722.4000,3724.8000,3725.0000,3725.6000,3726.0000,3726.6000,2,1,1,1,1,1,3,2,1,1
SF,IF2005,2020-04-13 14:19:55.600,3726.2000,12216,0,6901953720.000,0,-,-,-,-,3723.8000,3723.4000,3723.2000,3723.0000,3722.4000,3724.8000,3725.0000,3725.6000,3726.0000,3726.6000,2,1,1,1,1,1,3,2,1,1
SF,IF2005,2020-04-13 14:19:56.100,3726.2000,12216,0,6901953720.000,0,-,-,-,-,3723.8000,3723.4000,3723.2000,3723.0000,3722.4000,3724.6000,3724.8000,3725.0000,3725.6000,3726.0000,2,1,1,1,1,5,1,2,2,1
SF,IF2005,2020-04-13 14:19:56.600,3726.2000,12216,0,6901953720.000,0,-,-,-,-,3724.0000,3723.8000,3723.4000,3723.2000,3723.0000,3724.6000,3724.8000,3725.0000,3725.6000,3726.0000,1,2,1,1,1,1,1,2,2,1
SF,IF2005,2020-04-13 14:19:57.100,3726.2000,12216,0,6901953720.000,0,-,-,-,-,3724.0000,3723.8000,3723.4000,3723.2000,3723.0000,3724.6000,3724.8000,3725.0000,3725.6000,3726.0000,1,2,1,1,1,1,1,2,2,1
SF,IF2005,2020-04-13 14:19:57.600,3726.2000,12216,0,6901953720.000,0,-,-,-,-,3724.0000,3723.8000,3723.4000,3723.2000,3723.0000,3724.6000,3724.8000,3725.0000,3725.6000,3726.0000,1,2,1,1,1,1,1,2,2,1
SF,IF2005,2020-04-13 14:19:58.100,3726.2000,12216,0,6901953720.000,0,-,-,-,-,3724.0000,3723.8000,3723.4000,3723.2000,3723.0000,3724.6000,3724.8000,3725.0000,3725.6000,3726.0000,1,2,1,1,1,1,1,2,2,1
SF,IF2005,2020-04-13 14:19:58.600,3726.2000,12216,0,6901953720.000,0,-,-,-,-,3724.0000,3723.8000,3723.4000,3723.2000,3723.0000,3724.8000,3725.0000,3725.6000,3726.0000,3726.6000,1,2,1,1,1,1,2,2,1,1
SF,IF2005,2020-04-13 14:19:59.100,3726.2000,12216,0,6901953720.000,0,-,-,-,-,3724.0000,3723.8000,3723.4000,3723.2000,3723.0000,3724.6000,3724.8000,3725.0000,3725.6000,3726.0000,1,2,1,1,1,1,1,2,2,1
SF,IF2005,2020-04-13 14:19:59.600,3724.0000,12216,0,6903070920.000,1,0,1,空换,B,3723.4000,3723.2000,3723.0000,3722.4000,3720.2000,3724.2000,3724.4000,3724.6000,3724.8000,3725.0000,1,1,1,1,2,5,3,2,1,2
SF,IF2005,2020-04-13 14:20:00.100,3724.0000,12216,0,6903070920.000,0,-,-,-,-,3723.6000,3723.4000,3723.0000,3722.4000,3720.2000,3724.0000,3724.6000,3724.8000,3725.0000,3725.6000,2,1,1,1,2,1,2,1,2,2
SF,IF2005,2020-04-13 14:20:00.600,3724.0000,12216,0,6903070920.000,0,-,-,-,-,3723.6000,3723.4000,3723.0000,3722.4000,3720.2000,3724.0000,3724.6000,3725.0000,3725.6000,3726.0000,2,1,1,1,2,1,2,2,2,1
SF,IF2005,2020-04-13 14:20:01.100,3724.0000,12216,0,6903070920.000,0,-,-,-,-,3723.6000,3723.4000,3723.0000,3720.2000,3720.0000,3724.0000,3724.6000,3725.0000,3725.6000,3726.0000,2,1,1,2,2,1,2,2,2,1
SF,IF2005,2020-04-13 14:20:01.600,3724.0000,12216,0,6903070920.000,0,-,-,-,-,3723.6000,3723.4000,3723.0000,3720.2000,3720.0000,3724.0000,3724.6000,3725.0000,3725.6000,3726.0000,2,1,1,2,2,1,1,2,2,1
SF,IF2005,2020-04-13 14:20:02.100,3724.0000,12216,0,6903070920.000,0,-,-,-,-,3723.4000,3723.0000,3720.2000,3720.0000,3719.4000,3724.0000,3724.6000,3725.0000,3725.6000,3726.0000,1,1,2,2,3,1,1,2,2,1
SF,IF2005,2020-04-13 14:20:02.600,3723.4000,12217,1,6904187940.000,1,1,0,双开,B,3723.0000,3720.2000,3720.0000,3719.4000,3719.0000,3724.0000,3724.6000,3725.0000,3725.6000,3726.0000,1,2,2,3,1,1,1,2,2,1
SF,IF2005,2020-04-13 14:20:03.100,3723.4000,12217,0,6904187940.000,0,-,-,-,-,3723.0000,3720.2000,3720.0000,3719.4000,3719.0000,3723.6000,3723.8000,3724.0000,3724.6000,3725.6000,1,2,2,3,1,1,11,1,1,2
SF,IF2005,2020-04-13 14:20:03.600,3723.0000,12218,1,6905304840.000,1,1,0,双开,B,3721.0000,3720.2000,3720.0000,3719.4000,3719.0000,3723.0000,3723.2000,3723.4000,3723.6000,3723.8000,1,2,2,3,1,1,1,3,5,9
SF,IF2005,2020-04-13 14:20:04.100,3723.0000,12218,0,6905304840.000,0,-,-,-,-,3721.8000,3721.6000,3721.4000,3721.2000,3721.0000,3722.8000,3723.0000,3723.2000,3723.4000,3723.6000,1,3,1,6,1,3,1,1,7,5
SF,IF2005,2020-04-13 14:20:04.600,3723.0000,12218,0,6905304840.000,0,-,-,-,-,3722.0000,3721.8000,3721.6000,3721.4000,3721.2000,3722.8000,3723.0000,3723.4000,3723.6000,3723.8000,2,1,3,3,5,1,1,6,5,6
SF,IF2005,2020-04-13 14:20:05.100,3723.0000,12218,0,6906421740.000,1,0,1,空换,B,3722.0000,3721.8000,3721.6000,3721.4000,3721.2000,3723.0000,3723.4000,3723.6000,3723.8000,3724.4000,2,1,1,2,5,1,6,5,6,2
SF,IF2005,2020-04-13 14:20:05.600,3723.0000,12218,0,6906421740.000,0,-,-,-,-,3722.2000,3722.0000,3721.8000,3721.6000,3721.4000,3722.8000,3723.0000,3723.4000,3723.6000,3723.8000,1,2,1,1,2,1,1,6,5,6
SF,IF2005,2020-04-13 14:20:06.100,3722.4000,12219,1,6907538460.000,1,1,0,双开,B,3722.2000,3722.0000,3721.8000,3721.6000,3721.4000,3722.8000,3723.4000,3723.6000,3723.8000,3724.4000,1,2,1,1,2,1,6,5,6,2
SF,IF2005,2020-04-13 14:20:06.600,3722.4000,12219,0,6907538460.000,0,-,-,-,-,3722.2000,3722.0000,3721.8000,3721.6000,3721.4000,3722.8000,3723.4000,3723.6000,3723.8000,3724.4000,1,2,1,1,2,1,1,5,6,2
SF,IF2005,2020-04-13 14:20:07.600,3722.4000,12219,0,6907538460.000,0,-,-,-,-,3722.2000,3722.0000,3721.8000,3721.6000,3721.4000,3722.8000,3723.4000,3723.8000,3724.4000,3724.6000,1,2,1,1,2,1,1,6,2,1
SF,IF2005,2020-04-13 14:20:08.100,3722.4000,12219,0,6907538460.000,0,-,-,-,-,3722.2000,3722.0000,3721.8000,3721.6000,3721.4000,3722.8000,3723.4000,3723.8000,3724.4000,3724.6000,1,2,1,1,2,1,1,6,2,1
SF,IF2005,2020-04-13 14:20:09.100,3721.6000,12224,5,6913121340.000,5,5,0,双开,B,3721.4000,3721.2000,3721.0000,3720.2000,3720.0000,3722.8000,3723.4000,3723.8000,3724.4000,3724.6000,2,4,1,2,3,1,1,6,2,1
SF,IF2005,2020-04-13 14:20:09.600,3721.6000,12224,0,6913121340.000,0,-,-,-,-,3721.6000,3721.4000,3721.2000,3721.0000,3720.2000,3722.6000,3723.8000,3724.4000,3724.6000,3726.0000,4,2,2,1,2,2,6,2,1,1
SF,IF2005,2020-04-13 14:20:10.100,3721.6000,12224,0,6913121340.000,0,-,-,-,-,3721.6000,3721.4000,3721.2000,3721.0000,3720.2000,3722.6000,3723.8000,3724.4000,3724.6000,3726.0000,4,2,2,1,2,2,1,2,1,1
SF,IF2005,2020-04-13 14:20:10.600,3722.6000,12225,1,6914238120.000,1,1,0,双开,B,3722.0000,3721.8000,3721.6000,3721.2000,3721.0000,3722.6000,3723.8000,3724.4000,3724.6000,3726.0000,3,2,4,1,1,1,1,2,1,1
SF,IF2005,2020-04-13 14:20:11.100,3722.6000,12225,0,6914238120.000,0,-,-,-,-,3721.8000,3721.6000,3721.2000,3721.0000,3720.2000,3722.6000,3723.8000,3724.4000,3724.6000,3726.0000,1,4,1,1,2,1,1,2,1,1
SF,IF2005,2020-04-13 14:20:11.600,3722.6000,12225,0,6914238120.000,0,-,-,-,-,3721.6000,3721.2000,3721.0000,3720.2000,3720.0000,3722.4000,3722.6000,3723.8000,3724.4000,3724.6000,4,1,1,2,3,1,1,1,2,1
SF,IF2005,2020-04-13 14:20:12.100,3722.6000,12225,0,6914238120.000,0,-,-,-,-,3721.6000,3721.2000,3721.0000,3720.2000,3720.0000,3722.4000,3722.6000,3723.8000,3724.4000,3724.6000,4,1,1,2,3,1,1,1,2,1
SF,IF2005,2020-04-13 14:20:12.600,3722.6000,12225,0,6914238120.000,0,-,-,-,-,3721.6000,3721.2000,3721.0000,3720.2000,3720.0000,3722.4000,3722.6000,3723.8000,3724.4000,3724.6000,3,1,1,2,3,1,1,1,2,1
SF,IF2005,2020-04-13 14:20:13.100,3722.6000,12225,0,6914238120.000,0,-,-,-,-,3721.0000,3720.2000,3720.0000,3719.8000,3719.4000,3722.4000,3722.6000,3723.8000,3724.4000,3724.6000,1,2,3,3,4,1,1,1,2,1
SF,IF2005,2020-04-13 14:20:13.600,3722.4000,12226,1,6915354840.000,1,1,0,双开,B,3721.2000,3721.0000,3720.2000,3720.0000,3719.8000,3722.6000,3723.8000,3724.4000,3724.6000,3725.6000,6,1,2,3,3,1,1,2,1,8
SF,IF2005,2020-04-13 14:20:14.100,3722.4000,12226,0,6915354840.000,0,-,-,-,-,3721.4000,3721.2000,3721.0000,3720.2000,3720.0000,3722.6000,3723.8000,3724.4000,3724.6000,3725.6000,3,8,1,1,3,1,1,2,1,8
SF,IF2005,2020-04-13 14:20:14.600,3722.4000,12226,0,6915354840.000,0,-,-,-,-,3721.6000,3721.4000,3721.2000,3721.0000,3720.2000,3722.6000,3723.8000,3724.4000,3724.6000,3725.6000,3,2,5,1,1,1,1,2,1,8
SF,IF2005,2020-04-13 14:20:15.100,3722.4000,12226,0,6915354840.000,0,-,-,-,-,3722.4000,3721.8000,3721.6000,3721.4000,3721.2000,3723.8000,3724.4000,3724.6000,3725.6000,3726.0000,2,1,3,1,5,1,2,1,8,1
SF,IF2005,2020-04-13 14:20:15.600,3722.4000,12226,0,6915354840.000,0,-,-,-,-,3722.4000,3721.8000,3721.6000,3721.4000,3721.2000,3723.0000,3723.2000,3723.6000,3723.8000,3724.4000,2,1,3,1,3,2,6,3,1,2
SF,IF2005,2020-04-13 14:20:16.100,3722.4000,12226,0,6915354840.000,0,-,-,-,-,3722.4000,3721.8000,3721.6000,3721.4000,3721.2000,3723.0000,3723.2000,3723.4000,3723.6000,3723.8000,2,1,3,1,3,2,6,1,3,2
SF,IF2005,2020-04-13 14:20:16.600,3722.4000,12226,0,6915354840.000,0,-,-,-,-,3722.4000,3721.8000,3721.6000,3721.4000,3721.2000,3723.0000,3723.2000,3723.4000,3723.6000,3723.8000,2,1,3,1,3,2,6,1,3,2
SF,IF2005,2020-04-13 14:20:17.100,3722.4000,12226,0,6916471560.000,1,0,1,空换,B,3722.4000,3721.8000,3721.6000,3721.2000,3721.0000,3722.6000,3722.8000,3723.0000,3723.2000,3723.4000,1,1,3,2,1,5,2,2,5,1
SF,IF2005,2020-04-13 14:20:17.600,3722.4000,12227,1,6917588280.000,1,1,0,双开,B,3721.8000,3721.6000,3721.2000,3721.0000,3720.2000,3722.8000,3723.0000,3723.4000,3723.6000,3723.8000,1,3,1,1,1,2,2,1,3,2
SF,IF2005,2020-04-13 14:20:18.100,3722.8000,12228,1,6918705120.000,1,1,0,双开,B,3722.2000,3722.0000,3721.8000,3721.2000,3721.0000,3723.0000,3723.6000,3723.8000,3724.4000,3724.6000,1,4,1,1,1,1,2,1,2,1
SF,IF2005,2020-04-13 14:20:18.600,3722.8000,12228,0,6918705120.000,0,-,-,-,-,3722.2000,3722.0000,3721.8000,3721.2000,3721.0000,3723.0000,3723.6000,3723.8000,3724.4000,3724.6000,1,3,1,1,1,1,2,1,2,1
SF,IF2005,2020-04-13 14:20:19.100,3722.8000,12228,0,6918705120.000,0,-,-,-,-,3722.2000,3722.0000,3721.8000,3721.2000,3721.0000,3723.0000,3723.6000,3723.8000,3724.4000,3724.6000,1,3,1,1,1,1,2,1,2,1
SF,IF2005,2020-04-13 14:20:19.600,3722.8000,12228,0,6918705120.000,0,-,-,-,-,3722.2000,3722.0000,3721.8000,3721.2000,3721.0000,3723.0000,3723.6000,3723.8000,3724.4000,3724.6000,1,3,1,1,1,1,2,1,2,1
SF,IF2005,2020-04-13 14:20:20.600,3722.8000,12228,0,6918705120.000,0,-,-,-,-,3722.2000,3722.0000,3721.8000,3721.2000,3721.0000,3723.0000,3723.6000,3723.8000,3724.4000,3724.6000,1,3,1,1,1,1,2,1,2,1
SF,IF2005,2020-04-13 14:20:21.100,3722.8000,12228,0,6918705120.000,0,-,-,-,-,3722.2000,3722.0000,3721.8000,3721.2000,3721.0000,3723.0000,3723.6000,3723.8000,3724.4000,3724.6000,1,3,1,1,1,1,2,1,2,1
SF,IF2005,2020-04-13 14:20:22.600,3722.2000,12229,1,6919821780.000,1,1,0,双开,B,3722.0000,3721.8000,3721.2000,3721.0000,3720.2000,3723.0000,3723.6000,3723.8000,3724.4000,3724.6000,3,1,1,1,1,1,2,1,2,1
SF,IF2005,2020-04-13 14:20:24.100,3723.0000,12230,1,6920938680.000,1,1,0,双开,B,3723.0000,3722.4000,3722.2000,3722.0000,3721.0000,3723.6000,3723.8000,3724.4000,3724.6000,3726.0000,1,2,3,3,1,2,1,2,1,1
SF,IF2005,2020-04-13 14:20:24.600,3723.0000,12230,0,6920938680.000,0,-,-,-,-,3723.0000,3722.2000,3722.0000,3721.0000,3720.2000,3723.4000,3723.6000,3723.8000,3724.4000,3724.6000,1,1,3,1,1,1,2,1,2,1
SF,IF2005,2020-04-13 14:20:26.600,3723.0000,12230,0,6920938680.000,0,-,-,-,-,3723.0000,3722.2000,3722.0000,3721.0000,3720.2000,3723.2000,3723.4000,3723.6000,3723.8000,3724.4000,1,1,3,1,1,5,1,2,1,2
SF,IF2005,2020-04-13 14:20:27.600,3723.0000,12230,0,6920938680.000,0,-,-,-,-,3723.0000,3722.2000,3722.0000,3721.0000,3720.2000,3723.4000,3723.6000,3723.8000,3724.4000,3724.6000,1,1,3,1,1,1,2,1,2,1
SF,IF2005,2020-04-13 14:20:28.100,3723.0000,12230,0,6920938680.000,0,-,-,-,-,3723.0000,3722.2000,3722.0000,3721.0000,3720.2000,3723.4000,3723.6000,3723.8000,3724.4000,3724.6000,1,1,3,1,1,1,2,1,2,1
SF,IF2005,2020-04-13 14:20:28.600,3723.0000,12230,0,6922055580.000,1,0,1,空换,B,3722.2000,3722.0000,3721.0000,3720.2000,3720.0000,3723.0000,3723.4000,3723.6000,3723.8000,3724.4000,1,3,1,1,7,6,1,2,1,2
SF,IF2005,2020-04-13 14:20:29.100,3723.0000,12230,0,6922055580.000,0,-,-,-,-,3722.0000,3721.0000,3720.2000,3720.0000,3719.4000,3722.8000,3723.0000,3723.6000,3723.8000,3724.4000,2,1,1,7,4,5,6,2,1,2
SF,IF2005,2020-04-13 14:20:29.600,3723.0000,12230,0,6922055580.000,0,-,-,-,-,3722.0000,3721.0000,3720.2000,3720.0000,3719.4000,3723.0000,3723.6000,3723.8000,3724.4000,3724.6000,2,1,1,7,4,6,2,1,2,1
SF,IF2005,2020-04-13 14:20:30.100,3723.0000,12230,0,6922055580.000,0,-,-,-,-,3722.0000,3721.0000,3720.2000,3720.0000,3719.4000,3723.6000,3723.8000,3724.4000,3724.6000,3726.0000,2,1,1,7,4,2,1,2,1,1
SF,IF2005,2020-04-13 14:20:30.600,3723.0000,12230,0,6922055580.000,0,-,-,-,-,3722.2000,3722.0000,3721.0000,3720.2000,3720.0000,3723.2000,3723.4000,3723.6000,3723.8000,3724.4000,1,2,1,1,7,5,3,2,1,2
SF,IF2005,2020-04-13 14:20:31.100,3722.8000,12231,1,6923172420.000,1,1,0,双开,B,3722.2000,3722.0000,3721.0000,3720.2000,3720.0000,3722.8000,3723.0000,3723.2000,3723.4000,3723.8000,1,2,1,1,7,4,2,5,4,1
SF,IF2005,2020-04-13 14:20:31.600,3722.8000,12231,0,6923172420.000,0,-,-,-,-,3722.2000,3722.0000,3721.0000,3720.2000,3720.0000,3723.0000,3723.2000,3723.4000,3723.8000,3724.4000,1,2,1,1,7,4,5,2,1,2
SF,IF2005,2020-04-13 14:20:32.600,3722.8000,12231,0,6923172420.000,0,-,-,-,-,3722.8000,3722.2000,3722.0000,3721.0000,3720.2000,3723.0000,3723.2000,3723.4000,3723.8000,3724.4000,2,1,2,1,1,4,5,2,1,2
SF,IF2005,2020-04-13 14:20:33.100,3722.8000,12233,2,6925406100.000,2,2,0,双开,B,3722.2000,3722.0000,3721.0000,3720.2000,3720.0000,3722.8000,3723.0000,3723.2000,3723.4000,3723.8000,1,2,1,1,7,3,4,5,2,1
SF,IF2005,2020-04-13 14:20:33.600,3722.8000,12233,0,6925406100.000,0,-,-,-,-,3722.2000,3722.0000,3721.0000,3720.2000,3720.0000,3723.0000,3723.2000,3723.4000,3723.8000,3724.4000,1,2,1,1,7,4,5,2,1,2
SF,IF2005,2020-04-13 14:20:34.100,3722.8000,12233,0,6925406100.000,0,-,-,-,-,3722.2000,3722.0000,3721.0000,3720.2000,3720.0000,3723.0000,3723.2000,3723.4000,3723.8000,3724.4000,1,2,1,1,7,4,5,2,1,2
SF,IF2005,2020-04-13 14:20:34.600,3722.8000,12233,0,6925406100.000,0,-,-,-,-,3722.2000,3722.0000,3721.0000,3720.2000,3720.0000,3723.0000,3723.2000,3723.4000,3723.8000,3724.4000,1,2,1,1,7,4,5,2,1,2
SF,IF2005,2020-04-13 14:20:35.100,3722.8000,12233,0,6925406100.000,0,-,-,-,-,3722.2000,3722.0000,3721.0000,3720.2000,3720.0000,3723.0000,3723.2000,3723.4000,3723.8000,3724.4000,1,2,1,1,7,5,5,2,1,2
SF,IF2005,2020-04-13 14:20:35.600,3723.0000,12234,1,6926523000.000,1,1,0,双开,B,3722.2000,3722.0000,3721.0000,3720.2000,3720.0000,3723.0000,3723.2000,3723.4000,3723.8000,3724.4000,1,2,1,1,7,3,5,2,1,2
SF,IF2005,2020-04-13 14:20:36.100,3723.0000,12234,0,6926523000.000,0,-,-,-,-,3722.2000,3722.0000,3721.0000,3720.2000,3720.0000,3723.0000,3723.2000,3723.4000,3723.8000,3724.4000,1,2,1,1,7,4,5,2,1,2
SF,IF2005,2020-04-13 14:20:36.600,3723.0000,12234,0,6926523000.000,0,-,-,-,-,3722.0000,3721.0000,3720.2000,3720.0000,3719.4000,3722.4000,3723.0000,3723.2000,3723.4000,3723.8000,2,1,1,7,4,5,3,5,1,1
SF,IF2005,2020-04-13 14:20:37.100,3723.0000,12234,0,6926523000.000,0,-,-,-,-,3722.0000,3721.0000,3720.2000,3720.0000,3719.4000,3723.0000,3723.2000,3723.4000,3723.8000,3724.4000,2,1,1,6,8,3,5,1,1,2
SF,IF2005,2020-04-13 14:20:37.600,3723.0000,12237,3,6929873700.000,3,3,0,双开,B,3722.0000,3721.0000,3720.2000,3720.0000,3719.4000,3723.2000,3723.4000,3723.8000,3724.4000,3726.0000,2,1,1,6,8,5,1,1,2,1
SF,IF2005,2020-04-13 14:20:38.100,3723.0000,12237,0,6929873700.000,0,-,-,-,-,3722.0000,3721.0000,3720.2000,3720.0000,3719.4000,3723.0000,3723.2000,3723.4000,3723.8000,3724.4000,2,1,1,6,8,5,5,1,1,2
SF,IF2005,2020-04-13 14:20:38.600,3723.0000,12237,0,6929873700.000,0,-,-,-,-,3722.0000,3721.0000,3720.2000,3720.0000,3719.4000,3723.0000,3723.2000,3723.4000,3723.8000,3724.4000,2,1,1,6,8,5,5,1,1,2
SF,IF2005,2020-04-13 14:20:39.100,3723.0000,12238,1,6930990600.000,1,1,0,双开,B,3722.0000,3721.0000,3720.2000,3720.0000,3719.4000,3722.6000,3723.0000,3723.2000,3723.4000,3723.8000,2,1,1,6,8,4,6,5,1,1
SF,IF2005,2020-04-13 14:20:39.600,3723.0000,12238,0,6930990600.000,0,-,-,-,-,3722.0000,3721.0000,3720.2000,3720.0000,3719.4000,3722.6000,3723.0000,3723.2000,3723.4000,3723.8000,2,1,1,6,8,4,5,5,1,1
SF,IF2005,2020-04-13 14:20:40.100,3722.6000,12239,1,6932107380.000,1,1,0,双开,B,3722.2000,3722.0000,3721.0000,3720.2000,3720.0000,3723.0000,3723.2000,3723.4000,3723.8000,3724.4000,2,2,1,1,6,5,5,1,1,2
SF,IF2005,2020-04-13 14:20:40.600,3722.6000,12239,0,6932107380.000,0,-,-,-,-,3722.6000,3722.2000,3722.0000,3721.0000,3720.2000,3722.8000,3723.0000,3723.2000,3723.4000,3723.8000,3,2,2,1,1,5,5,5,1,1
SF,IF2005,2020-04-13 14:20:41.100,3722.8000,12243,4,6936574740.000,4,4,0,双开,B,3723.0000,3722.6000,3722.2000,3722.0000,3721.0000,3723.2000,3723.4000,3723.8000,3724.4000,3726.0000,7,3,2,2,1,5,1,1,2,1
SF,IF2005,2020-04-13 14:20:41.600,3723.0000,12248,5,6942159240.000,5,5,0,双开,B,3723.0000,3722.6000,3722.2000,3722.0000,3721.0000,3723.2000,3723.4000,3723.8000,3724.4000,3726.0000,5,3,1,2,1,5,1,1,2,1
SF,IF2005,2020-04-13 14:20:42.100,3723.0000,12248,0,6942159240.000,0,-,-,-,-,3723.0000,3722.6000,3722.0000,3721.0000,3720.2000,3723.8000,3724.4000,3726.0000,3726.6000,3726.8000,5,3,2,1,1,1,2,1,2,8
SF,IF2005,2020-04-13 14:20:42.600,3723.0000,12248,0,6942159240.000,0,-,-,-,-,3723.2000,3723.0000,3722.6000,3722.0000,3721.0000,3723.8000,3724.4000,3726.0000,3726.6000,3726.8000,3,5,3,2,1,1,2,1,2,8
SF,IF2005,2020-04-13 14:20:43.100,3723.0000,12248,0,6942159240.000,0,-,-,-,-,3723.2000,3723.0000,3722.6000,3722.0000,3721.0000,3723.4000,3723.8000,3724.4000,3726.0000,3726.6000,5,5,3,2,1,5,1,2,1,2
SF,IF2005,2020-04-13 14:20:44.100,3723.2000,12253,5,6947744040.000,5,5,0,双开,B,3723.2000,3723.0000,3722.6000,3722.0000,3721.0000,3723.4000,3723.8000,3724.4000,3726.0000,3726.6000,2,5,3,2,1,5,1,2,1,2
SF,IF2005,2020-04-13 14:20:44.600,3723.2000,12254,1,6948861000.000,1,1,0,双开,B,3723.2000,3723.0000,3722.6000,3722.0000,3721.0000,3723.8000,3724.4000,3726.0000,3726.6000,3726.8000,1,5,3,2,1,1,2,1,2,8
SF,IF2005,2020-04-13 14:20:45.100,3723.2000,12254,0,6948861000.000,0,-,-,-,-,3723.2000,3723.0000,3722.6000,3722.0000,3721.0000,3723.6000,3723.8000,3724.4000,3726.0000,3726.6000,2,5,3,2,1,1,1,2,1,2
SF,IF2005,2020-04-13 14:20:45.600,3723.2000,12259,5,6954445800.000,5,5,0,双开,B,3723.0000,3722.6000,3722.0000,3721.0000,3720.2000,3723.6000,3723.8000,3724.4000,3726.0000,3726.6000,5,3,2,1,1,1,1,2,1,2
SF,IF2005,2020-04-13 14:20:46.100,3723.2000,12259,0,6954445800.000,0,-,-,-,-,3723.6000,3723.2000,3723.0000,3722.6000,3722.0000,3726.0000,3726.6000,3726.8000,3727.8000,3728.0000,1,1,5,3,2,1,2,8,2,11
SF,IF2005,2020-04-13 14:20:46.600,3723.8000,12261,2,6956680080.000,2,2,0,双开,B,3723.6000,3723.2000,3723.0000,3722.6000,3721.0000,3723.8000,3724.6000,3724.8000,3725.0000,3725.2000,1,1,5,3,2,3,3,2,6,3
SF,IF2005,2020-04-13 14:20:47.100,3723.8000,12261,0,6956680080.000,0,-,-,-,-,3723.6000,3723.2000,3723.0000,3722.6000,3721.0000,3723.8000,3724.6000,3724.8000,3725.0000,3725.2000,1,1,5,3,2,3,1,3,6,3
SF,IF2005,2020-04-13 14:20:47.600,3723.2000,12264,3,6960031080.000,3,3,0,双开,B,3723.0000,3722.6000,3721.0000,3720.2000,3720.0000,3723.6000,3723.8000,3724.6000,3724.8000,3725.0000,5,3,2,1,6,1,3,1,3,6
SF,IF2005,2020-04-13 14:20:48.100,3723.2000,12264,0,6960031080.000,0,-,-,-,-,3723.0000,3722.6000,3721.0000,3720.2000,3720.0000,3723.6000,3723.8000,3724.6000,3724.8000,3725.0000,5,3,2,1,6,2,3,1,3,6
SF,IF2005,2020-04-13 14:20:48.600,3723.6000,12266,2,6962265240.000,2,2,0,双开,B,3723.0000,3722.6000,3721.0000,3720.2000,3720.0000,3723.8000,3724.6000,3724.8000,3725.0000,3725.2000,5,3,2,1,6,3,1,3,6,3
SF,IF2005,2020-04-13 14:20:49.600,3723.0000,12267,1,6963382140.000,1,1,0,双开,B,3723.0000,3722.6000,3721.0000,3720.2000,3720.0000,3723.8000,3724.6000,3724.8000,3725.0000,3725.2000,4,3,2,1,6,3,1,3,6,3
SF,IF2005,2020-04-13 14:20:50.100,3723.0000,12267,0,6963382140.000,0,-,-,-,-,3723.0000,3722.6000,3721.2000,3721.0000,3720.2000,3723.8000,3724.6000,3724.8000,3725.0000,3725.2000,4,3,1,2,1,3,1,3,6,3
SF,IF2005,2020-04-13 14:20:50.600,3723.0000,12267,0,6963382140.000,0,-,-,-,-,3723.0000,3722.6000,3721.2000,3721.0000,3720.2000,3723.8000,3724.8000,3725.0000,3725.2000,3725.6000,4,3,1,2,1,3,3,6,3,1
SF,IF2005,2020-04-13 14:20:51.100,3723.0000,12267,0,6963382140.000,0,-,-,-,-,3723.0000,3722.6000,3721.2000,3721.0000,3720.2000,3723.6000,3723.8000,3724.8000,3725.0000,3725.2000,4,3,1,2,1,1,3,3,6,3
SF,IF2005,2020-04-13 14:20:51.600,3723.0000,12270,3,6966732840.000,3,3,0,双开,B,3723.0000,3722.6000,3721.2000,3721.0000,3720.2000,3723.4000,3723.6000,3724.8000,3725.0000,3725.2000,1,3,1,2,1,1,1,3,6,3
SF,IF2005,2020-04-13 14:20:52.100,3723.0000,12270,0,6966732840.000,0,-,-,-,-,3723.4000,3723.0000,3722.6000,3721.2000,3721.0000,3723.6000,3724.8000,3725.0000,3725.2000,3725.6000,1,1,3,1,2,1,3,6,3,1
SF,IF2005,2020-04-13 14:20:53.100,3723.6000,12270,0,6967849920.000,1,0,1,空换,B,3723.4000,3723.0000,3722.6000,3721.2000,3721.0000,3723.6000,3724.8000,3725.0000,3725.2000,3725.6000,2,1,3,1,2,1,3,6,3,1
SF,IF2005,2020-04-13 14:20:53.600,3723.4000,12271,1,6970083960.000,2,1,1,多开,B,3723.0000,3722.6000,3721.2000,3721.0000,3720.2000,3723.6000,3724.8000,3725.0000,3725.2000,3725.6000,1,3,1,2,1,1,3,6,3,1
SF,IF2005,2020-04-13 14:20:55.100,3723.4000,12271,0,6970083960.000,0,-,-,-,-,3723.0000,3722.6000,3721.2000,3721.0000,3720.8000,3723.6000,3724.8000,3725.0000,3725.2000,3725.6000,1,3,1,2,2,1,3,6,3,1
SF,IF2005,2020-04-13 14:20:57.100,3723.6000,12272,1,6971201040.000,1,1,0,双开,B,3723.0000,3722.6000,3721.2000,3721.0000,3720.8000,3724.8000,3725.0000,3725.2000,3725.6000,3725.8000,1,3,1,2,2,3,6,3,1,7
SF,IF2005,2020-04-13 14:20:57.600,3723.6000,12272,0,6971201040.000,0,-,-,-,-,3723.0000,3722.6000,3721.2000,3721.0000,3720.8000,3724.0000,3724.2000,3724.4000,3724.6000,3724.8000,1,3,1,2,2,2,1,1,6,5
SF,IF2005,2020-04-13 14:20:58.100,3723.6000,12272,0,6971201040.000,0,-,-,-,-,3723.0000,3722.6000,3721.2000,3721.0000,3720.8000,3723.8000,3724.0000,3724.2000,3724.4000,3724.6000,1,3,1,2,2,3,2,1,2,5
SF,IF2005,2020-04-13 14:20:58.600,3723.6000,12272,0,6971201040.000,0,-,-,-,-,3723.0000,3722.6000,3721.2000,3721.0000,3720.8000,3723.6000,3723.8000,3724.0000,3724.2000,3724.4000,1,3,1,2,2,1,3,2,1,1
SF,IF2005,2020-04-13 14:20:59.100,3723.6000,12272,0,6971201040.000,0,-,-,-,-,3723.0000,3722.6000,3721.2000,3721.0000,3720.8000,3723.6000,3723.8000,3724.0000,3724.2000,3724.4000,1,3,1,2,2,1,2,2,1,1
SF,IF2005,2020-04-13 14:20:59.600,3723.6000,12273,1,6972318120.000,1,1,0,双开,B,3723.0000,3722.6000,3721.2000,3721.0000,3720.8000,3723.8000,3724.0000,3724.2000,3724.4000,3724.6000,1,3,1,2,2,2,2,1,1,3
SF,IF2005,2020-04-13 14:21:00.100,3723.6000,12273,0,6972318120.000,0,-,-,-,-,3723.0000,3722.6000,3721.2000,3721.0000,3720.8000,3723.6000,3723.8000,3724.0000,3724.2000,3724.4000,1,3,1,2,2,1,2,2,1,1
SF,IF2005,2020-04-13 14:21:02.100,3723.8000,12273,0,6975669480.000,3,1,2,空换,B,3723.8000,3723.2000,3723.0000,3722.6000,3721.2000,3724.6000,3724.8000,3725.0000,3725.2000,3725.8000,1,2,1,3,1,1,2,3,3,3
SF,IF2005,2020-04-13 14:21:02.600,3723.8000,12273,0,6975669480.000,0,-,-,-,-,3723.8000,3723.2000,3723.0000,3722.6000,3721.2000,3724.4000,3724.8000,3725.0000,3725.2000,3725.8000,1,2,1,3,1,6,2,3,3,2
SF,IF2005,2020-04-13 14:21:03.100,3723.8000,12274,1,6976786620.000,1,1,0,双开,B,3723.2000,3723.0000,3722.6000,3721.2000,3721.0000,3724.4000,3725.0000,3725.2000,3725.8000,3726.0000,2,1,3,1,2,1,1,2,2,1
SF,IF2005,2020-04-13 14:21:03.600,3723.8000,12274,0,6976786620.000,0,-,-,-,-,3723.4000,3723.2000,3723.0000,3722.6000,3721.2000,3724.4000,3725.0000,3725.2000,3725.8000,3726.0000,3,1,1,3,1,1,1,2,2,1
SF,IF2005,2020-04-13 14:21:04.100,3723.8000,12274,0,6976786620.000,0,-,-,-,-,3723.6000,3723.4000,3723.0000,3722.6000,3721.2000,3724.4000,3725.0000,3725.2000,3725.8000,3726.0000,1,3,1,3,1,1,1,2,2,1
SF,IF2005,2020-04-13 14:21:05.100,3723.8000,12274,0,6976786620.000,0,-,-,-,-,3723.6000,3723.4000,3723.0000,3722.6000,3721.2000,3724.4000,3725.0000,3725.2000,3725.8000,3726.0000,1,3,1,3,1,1,1,2,2,1
SF,IF2005,2020-04-13 14:21:05.600,3723.8000,12274,0,6976786620.000,0,-,-,-,-,3723.6000,3723.4000,3723.0000,3722.6000,3721.8000,3724.4000,3725.0000,3725.2000,3725.8000,3726.0000,1,3,1,3,1,1,1,2,2,1
SF,IF2005,2020-04-13 14:21:06.600,3723.8000,12274,0,6976786620.000,0,-,-,-,-,3723.6000,3723.4000,3723.0000,3722.6000,3721.8000,3724.2000,3724.4000,3725.0000,3725.2000,3725.8000,1,3,1,3,1,5,1,1,2,2
SF,IF2005,2020-04-13 14:21:07.100,3723.8000,12274,0,6976786620.000,0,-,-,-,-,3723.6000,3723.4000,3723.0000,3722.6000,3721.8000,3724.4000,3725.0000,3725.2000,3725.8000,3726.0000,1,3,1,3,1,1,1,2,2,1
SF,IF2005,2020-04-13 14:21:07.600,3723.8000,12274,0,6976786620.000,0,-,-,-,-,3723.4000,3723.0000,3722.6000,3721.8000,3721.2000,3723.8000,3724.4000,3725.0000,3725.2000,3725.8000,2,1,3,1,1,5,1,1,2,2
SF,IF2005,2020-04-13 14:21:08.100,3723.6000,12275,1,6977903700.000,1,1,0,双开,B,3723.4000,3723.0000,3722.6000,3721.8000,3721.2000,3724.4000,3725.0000,3725.2000,3725.8000,3726.0000,2,1,3,1,1,1,1,2,2,1
SF,IF2005,2020-04-13 14:21:08.600,3723.6000,12275,0,6977903700.000,0,-,-,-,-,3723.4000,3723.0000,3722.6000,3721.8000,3721.2000,3724.4000,3725.0000,3725.2000,3725.8000,3726.0000,2,1,3,1,1,1,1,2,2,1
SF,IF2005,2020-04-13 14:21:09.600,3723.6000,12275,0,6977903700.000,0,-,-,-,-,3723.4000,3723.0000,3722.6000,3721.8000,3721.2000,3724.4000,3725.0000,3725.2000,3725.8000,3726.0000,2,1,3,1,1,1,1,2,2,1
SF,IF2005,2020-04-13 14:21:10.100,3723.6000,12275,0,6977903700.000,0,-,-,-,-,3723.4000,3723.0000,3722.6000,3721.8000,3721.2000,3725.0000,3725.2000,3726.0000,3726.6000,3727.4000,3,1,3,1,1,1,2,1,1,1
SF,IF2005,2020-04-13 14:21:10.600,3723.6000,12275,0,6977903700.000,0,-,-,-,-,3723.6000,3723.4000,3723.0000,3722.6000,3721.8000,3724.6000,3724.8000,3725.0000,3725.2000,3726.0000,1,3,1,3,1,5,3,1,2,1
SF,IF2005,2020-04-13 14:21:11.100,3723.6000,12275,0,6977903700.000,0,-,-,-,-,3723.8000,3723.6000,3723.4000,3723.0000,3722.6000,3724.8000,3725.0000,3725.2000,3726.0000,3726.6000,2,1,1,1,3,2,1,2,1,1
SF,IF2005,2020-04-13 14:21:11.600,3723.6000,12275,0,6977903700.000,0,-,-,-,-,3723.8000,3723.6000,3723.0000,3722.6000,3721.8000,3724.8000,3725.0000,3725.2000,3726.0000,3726.6000,2,1,1,3,1,2,1,2,1,1
SF,IF2005,2020-04-13 14:21:12.100,3723.6000,12275,0,6977903700.000,0,-,-,-,-,3724.0000,3723.8000,3723.6000,3723.0000,3722.6000,3724.6000,3725.0000,3725.2000,3726.0000,3726.6000,1,2,1,1,3,1,1,2,1,1
SF,IF2005,2020-04-13 14:21:14.600,3723.6000,12275,0,6977903700.000,0,-,-,-,-,3724.0000,3723.8000,3723.6000,3723.0000,3722.6000,3725.0000,3725.2000,3726.0000,3726.6000,3727.4000,1,2,1,1,3,1,2,1,1,1
SF,IF2005,2020-04-13 14:21:15.100,3723.6000,12275,0,6977903700.000,0,-,-,-,-,3724.0000,3723.8000,3723.6000,3723.0000,3722.6000,3724.8000,3725.0000,3725.2000,3726.0000,3726.6000,1,2,1,1,3,6,1,2,1,1
SF,IF2005,2020-04-13 14:21:15.600,3723.6000,12275,0,6977903700.000,0,-,-,-,-,3724.0000,3723.8000,3723.6000,3723.0000,3722.6000,3724.8000,3725.0000,3725.2000,3726.0000,3726.6000,1,2,3,1,3,6,1,2,1,1
SF,IF2005,2020-04-13 14:21:16.600,3723.6000,12275,0,6977903700.000,0,-,-,-,-,3724.0000,3723.8000,3723.6000,3723.0000,3722.6000,3724.6000,3724.8000,3725.0000,3725.2000,3726.0000,1,2,3,1,3,1,6,1,2,1
SF,IF2005,2020-04-13 14:21:19.600,3723.6000,12275,0,6977903700.000,0,-,-,-,-,3724.0000,3723.8000,3723.6000,3723.0000,3722.6000,3724.2000,3724.6000,3724.8000,3725.0000,3725.2000,1,2,2,1,3,5,1,6,1,2
SF,IF2005,2020-04-13 14:21:20.100,3724.0000,12276,1,6979020900.000,1,1,0,双开,B,3723.0000,3722.6000,3721.8000,3721.2000,3721.0000,3724.0000,3724.6000,3724.8000,3725.0000,3725.2000,1,3,1,1,2,1,1,6,1,2
SF,IF2005,2020-04-13 14:21:20.600,3724.0000,12276,0,6979020900.000,0,-,-,-,-,3723.0000,3722.6000,3721.8000,3721.2000,3721.0000,3724.0000,3724.6000,3724.8000,3725.0000,3725.2000,1,3,1,1,2,6,1,6,1,2
SF,IF2005,2020-04-13 14:21:21.100,3724.0000,12278,2,6981255300.000,2,2,0,双开,B,3723.2000,3723.0000,3722.6000,3721.2000,3721.0000,3724.0000,3724.6000,3724.8000,3725.0000,3725.2000,2,1,3,1,2,4,1,6,1,2
SF,IF2005,2020-04-13 14:21:22.600,3723.2000,12278,0,6982372260.000,1,0,1,空换,B,3723.2000,3723.0000,3722.6000,3721.2000,3721.0000,3724.0000,3724.6000,3724.8000,3725.0000,3725.2000,1,1,3,1,2,4,1,6,1,2
SF,IF2005,2020-04-13 14:21:23.100,3723.2000,12278,0,6982372260.000,0,-,-,-,-,3723.2000,3723.0000,3722.6000,3721.2000,3721.0000,3724.6000,3724.8000,3725.0000,3725.2000,3726.0000,1,1,3,1,2,1,6,1,2,1
SF,IF2005,2020-04-13 14:21:23.600,3723.2000,12278,0,6982372260.000,0,-,-,-,-,3723.2000,3723.0000,3722.6000,3721.2000,3721.0000,3724.4000,3724.6000,3724.8000,3725.0000,3725.2000,1,1,3,1,2,9,1,6,1,2
SF,IF2005,2020-04-13 14:21:24.100,3723.2000,12278,0,6982372260.000,0,-,-,-,-,3723.2000,3723.0000,3722.6000,3721.2000,3721.0000,3724.4000,3724.6000,3724.8000,3725.0000,3725.2000,1,1,3,1,2,8,1,6,1,2
SF,IF2005,2020-04-13 14:21:26.600,3723.2000,12278,0,6982372260.000,0,-,-,-,-,3723.2000,3723.0000,3722.6000,3721.2000,3721.0000,3724.4000,3724.6000,3724.8000,3725.0000,3725.2000,1,1,3,1,2,3,1,6,1,2
SF,IF2005,2020-04-13 14:21:27.100,3723.2000,12278,0,6982372260.000,0,-,-,-,-,3723.2000,3723.0000,3722.6000,3721.2000,3721.0000,3724.2000,3724.4000,3724.6000,3724.8000,3725.0000,1,1,3,1,2,1,3,1,6,1
SF,IF2005,2020-04-13 14:21:27.600,3723.2000,12278,0,6982372260.000,0,-,-,-,-,3723.2000,3723.0000,3722.6000,3721.2000,3721.0000,3724.0000,3724.4000,3724.6000,3724.8000,3725.0000,1,1,3,1,2,5,3,1,6,1
SF,IF2005,2020-04-13 14:21:28.100,3723.2000,12278,0,6982372260.000,0,-,-,-,-,3723.0000,3722.6000,3721.2000,3721.0000,3720.8000,3723.8000,3724.0000,3724.4000,3724.6000,3724.8000,1,3,1,2,2,8,5,3,1,6
SF,IF2005,2020-04-13 14:21:28.600,3723.2000,12278,0,6982372260.000,0,-,-,-,-,3723.0000,3722.6000,3721.2000,3721.0000,3720.8000,3723.8000,3724.0000,3724.4000,3724.6000,3724.8000,1,3,1,2,2,7,5,2,1,6
SF,IF2005,2020-04-13 14:21:29.100,3723.2000,12278,0,6982372260.000,0,-,-,-,-,3723.0000,3722.6000,3721.2000,3721.0000,3720.8000,3723.6000,3723.8000,3724.0000,3724.4000,3724.6000,1,3,1,2,2,1,7,5,2,1
SF,IF2005,2020-04-13 14:21:29.600,3723.2000,12278,0,6982372260.000,0,-,-,-,-,3723.0000,3722.6000,3721.2000,3721.0000,3720.8000,3723.6000,3723.8000,3724.0000,3724.4000,3724.8000,1,3,1,2,2,2,2,5,2,1
SF,IF2005,2020-04-13 14:21:31.600,3723.2000,12278,0,6982372260.000,0,-,-,-,-,3723.0000,3722.6000,3721.2000,3721.0000,3720.8000,3723.4000,3723.6000,3723.8000,3724.0000,3724.4000,1,3,1,2,2,5,2,2,5,2
SF,IF2005,2020-04-13 14:21:32.100,3723.0000,12279,1,6983489160.000,1,1,0,双开,B,3722.6000,3721.2000,3721.0000,3720.8000,3720.2000,3723.4000,3723.6000,3723.8000,3724.0000,3724.4000,3,1,2,2,1,5,1,2,5,2
SF,IF2005,2020-04-13 14:21:32.600,3723.0000,12279,0,6983489160.000,0,-,-,-,-,3722.6000,3721.2000,3721.0000,3720.8000,3720.2000,3723.2000,3723.4000,3723.6000,3723.8000,3724.0000,3,1,2,2,1,1,5,1,2,5
SF,IF2005,2020-04-13 14:21:33.100,3723.0000,12279,0,6983489160.000,0,-,-,-,-,3722.6000,3721.0000,3720.6000,3720.2000,3720.0000,3723.2000,3723.4000,3723.6000,3723.8000,3724.0000,3,2,1,1,7,1,5,1,2,5
SF,IF2005,2020-04-13 14:21:33.600,3723.0000,12279,0,6983489160.000,0,-,-,-,-,3722.6000,3721.0000,3720.6000,3720.2000,3720.0000,3723.0000,3723.2000,3723.4000,3723.8000,3724.0000,3,2,1,1,7,1,1,5,2,5
SF,IF2005,2020-04-13 14:21:34.100,3723.0000,12279,0,6983489160.000,0,-,-,-,-,3722.6000,3721.0000,3720.6000,3720.2000,3720.0000,3723.0000,3723.4000,3723.8000,3724.0000,3724.4000,3,2,1,1,7,1,5,2,5,2
SF,IF2005,2020-04-13 14:21:34.600,3723.0000,12279,0,6983489160.000,0,-,-,-,-,3722.6000,3721.0000,3720.6000,3720.2000,3720.0000,3722.8000,3723.4000,3723.8000,3724.0000,3724.4000,3,2,1,1,7,1,5,2,5,2
SF,IF2005,2020-04-13 14:21:35.100,3722.6000,12282,3,6986839500.000,3,3,0,双开,B,3721.0000,3720.6000,3720.2000,3720.0000,3719.4000,3722.8000,3723.4000,3723.8000,3724.4000,3724.8000,2,1,1,7,1,1,5,2,2,1
SF,IF2005,2020-04-13 14:21:35.600,3722.6000,12282,0,6986839500.000,0,-,-,-,-,3721.8000,3721.6000,3721.4000,3721.2000,3721.0000,3722.8000,3723.4000,3723.8000,3724.4000,3724.8000,1,2,3,6,2,1,5,2,2,1
SF,IF2005,2020-04-13 14:21:36.100,3722.6000,12282,0,6986839500.000,0,-,-,-,-,3722.0000,3721.8000,3721.6000,3721.4000,3721.2000,3723.4000,3723.8000,3724.4000,3724.8000,3725.0000,2,1,2,6,5,5,2,2,1,1
SF,IF2005,2020-04-13 14:21:36.600,3722.6000,12282,0,6986839500.000,0,-,-,-,-,3722.0000,3721.8000,3721.6000,3721.4000,3721.2000,3723.2000,3723.4000,3723.8000,3724.2000,3724.8000,2,1,1,6,5,7,5,2,2,1
SF,IF2005,2020-04-13 14:21:37.100,3722.6000,12282,0,6986839500.000,0,-,-,-,-,3722.0000,3721.8000,3721.6000,3721.4000,3721.2000,3723.0000,3723.2000,3723.4000,3723.8000,3724.2000,2,1,1,6,5,1,2,5,2,2
SF,IF2005,2020-04-13 14:21:37.600,3722.6000,12282,0,6986839500.000,0,-,-,-,-,3722.0000,3721.8000,3721.6000,3721.4000,3721.2000,3723.2000,3723.4000,3723.8000,3724.2000,3724.8000,2,1,1,6,5,2,5,2,2,1
SF,IF2005,2020-04-13 14:21:38.100,3722.6000,12282,0,6986839500.000,0,-,-,-,-,3722.2000,3722.0000,3721.8000,3721.6000,3721.4000,3723.2000,3723.4000,3723.8000,3724.2000,3724.8000,1,2,1,1,6,2,5,2,2,1
SF,IF2005,2020-04-13 14:21:38.600,3722.6000,12282,0,6986839500.000,0,-,-,-,-,3722.4000,3722.2000,3721.8000,3721.6000,3721.4000,3723.4000,3723.8000,3724.2000,3724.8000,3725.0000,2,1,1,1,6,5,2,2,1,1
SF,IF2005,2020-04-13 14:21:39.100,3722.6000,12282,0,6986839500.000,0,-,-,-,-,3722.4000,3722.2000,3721.4000,3721.2000,3721.0000,3723.8000,3724.2000,3724.8000,3725.0000,3726.0000,2,1,6,5,1,2,2,1,1,1
SF,IF2005,2020-04-13 14:21:39.600,3722.6000,12282,0,6986839500.000,0,-,-,-,-,3722.6000,3722.4000,3721.4000,3721.2000,3721.0000,3723.6000,3723.8000,3724.8000,3725.0000,3726.0000,1,2,6,5,1,3,2,1,1,1
SF,IF2005,2020-04-13 14:21:40.100,3722.6000,12282,0,6986839500.000,0,-,-,-,-,3722.8000,3722.6000,3721.4000,3721.2000,3721.0000,3723.6000,3723.8000,3724.8000,3725.0000,3725.6000,2,2,4,5,1,1,2,1,1,2
SF,IF2005,2020-04-13 14:21:40.600,3722.6000,12282,0,6986839500.000,0,-,-,-,-,3722.8000,3722.6000,3721.4000,3721.2000,3721.0000,3723.8000,3724.8000,3725.0000,3725.6000,3726.0000,2,2,4,5,1,2,1,1,2,1
SF,IF2005,2020-04-13 14:21:41.100,3722.6000,12282,0,6986839500.000,0,-,-,-,-,3723.0000,3722.8000,3721.4000,3721.2000,3721.0000,3723.8000,3724.8000,3725.0000,3725.6000,3726.0000,3,2,4,5,1,2,1,1,2,1
SF,IF2005,2020-04-13 14:21:41.600,3722.6000,12282,0,6986839500.000,0,-,-,-,-,3723.0000,3722.8000,3721.4000,3721.2000,3721.0000,3723.8000,3724.8000,3725.0000,3725.6000,3726.0000,3,2,4,5,1,2,1,1,2,1
SF,IF2005,2020-04-13 14:21:42.100,3722.6000,12282,0,6986839500.000,0,-,-,-,-,3723.0000,3722.8000,3721.4000,3721.2000,3721.0000,3723.8000,3724.8000,3725.0000,3725.6000,3726.0000,3,2,4,5,1,2,1,1,2,1
SF,IF2005,2020-04-13 14:21:42.600,3722.6000,12282,0,6986839500.000,0,-,-,-,-,3723.0000,3722.8000,3721.4000,3721.2000,3721.0000,3723.8000,3724.8000,3725.0000,3725.6000,3726.0000,3,2,4,5,1,2,1,1,2,1
SF,IF2005,2020-04-13 14:21:43.100,3722.6000,12282,0,6986839500.000,0,-,-,-,-,3723.0000,3722.8000,3721.4000,3721.2000,3721.0000,3723.8000,3724.8000,3725.0000,3725.6000,3726.0000,3,2,4,5,1,2,1,1,2,1
SF,IF2005,2020-04-13 14:21:43.600,3723.8000,12284,2,6989073780.000,2,2,0,双开,B,3723.0000,3722.8000,3721.4000,3721.2000,3721.0000,3724.8000,3725.0000,3725.6000,3726.0000,3726.6000,3,2,4,5,1,1,1,2,1,1
SF,IF2005,2020-04-13 14:21:44.100,3723.8000,12284,0,6989073780.000,0,-,-,-,-,3723.2000,3723.0000,3721.4000,3721.2000,3721.0000,3724.6000,3724.8000,3725.0000,3725.6000,3726.0000,2,3,4,5,1,9,2,1,2,1
SF,IF2005,2020-04-13 14:21:44.600,3723.8000,12284,0,6989073780.000,0,-,-,-,-,3723.2000,3723.0000,3721.4000,3721.2000,3721.0000,3724.4000,3724.6000,3724.8000,3725.0000,3725.6000,3,3,4,5,1,1,8,1,1,2
SF,IF2005,2020-04-13 14:21:45.100,3723.8000,12284,0,6989073780.000,0,-,-,-,-,3723.2000,3723.0000,3721.4000,3721.2000,3721.0000,3724.4000,3724.6000,3724.8000,3725.0000,3725.6000,2,3,4,5,1,2,8,1,1,2
SF,IF2005,2020-04-13 14:21:45.600,3724.4000,12285,1,6990191100.000,1,1,0,双开,B,3723.2000,3723.0000,3721.4000,3721.2000,3721.0000,3724.2000,3724.4000,3724.6000,3724.8000,3725.0000,2,3,4,5,1,1,1,8,1,1
SF,IF2005,2020-04-13 14:21:46.100,3724.4000,12285,0,6990191100.000,0,-,-,-,-,3723.2000,3723.0000,3721.4000,3721.2000,3721.0000,3724.2000,3724.4000,3724.6000,3724.8000,3725.0000,2,3,4,5,1,1,1,8,1,1
SF,IF2005,2020-04-13 14:21:46.600,3724.4000,12285,0,6990191100.000,0,-,-,-,-,3723.2000,3723.0000,3721.4000,3721.2000,3721.0000,3724.2000,3724.4000,3724.6000,3724.8000,3725.0000,2,3,4,5,1,1,1,8,1,1
SF,IF2005,2020-04-13 14:21:47.100,3724.4000,12285,0,6990191100.000,0,-,-,-,-,3723.2000,3723.0000,3721.4000,3721.2000,3721.0000,3724.2000,3724.4000,3724.6000,3724.8000,3725.0000,2,3,4,5,1,1,1,8,1,1
SF,IF2005,2020-04-13 14:21:47.600,3724.2000,12286,1,6991308360.000,1,1,0,双开,B,3723.2000,3723.0000,3721.4000,3721.2000,3721.0000,3724.0000,3724.4000,3724.6000,3724.8000,3725.0000,2,3,4,5,1,1,1,8,1,1
SF,IF2005,2020-04-13 14:21:48.100,3724.2000,12286,0,6991308360.000,0,-,-,-,-,3723.2000,3723.0000,3721.4000,3721.2000,3721.0000,3724.0000,3724.4000,3724.6000,3724.8000,3725.0000,2,3,4,5,1,1,1,7,1,1
SF,IF2005,2020-04-13 14:21:48.600,3724.2000,12286,0,6991308360.000,0,-,-,-,-,3723.2000,3723.0000,3721.4000,3721.2000,3721.0000,3724.0000,3724.4000,3724.6000,3724.8000,3725.0000,2,3,4,5,1,1,1,7,1,1
SF,IF2005,2020-04-13 14:21:49.100,3724.2000,12286,0,6991308360.000,0,-,-,-,-,3723.2000,3723.0000,3721.4000,3721.2000,3721.0000,3724.0000,3724.4000,3724.6000,3724.8000,3725.0000,2,3,4,5,1,2,1,7,1,1
SF,IF2005,2020-04-13 14:21:49.600,3724.0000,12287,1,6992425560.000,1,1,0,双开,B,3723.2000,3723.0000,3721.4000,3721.2000,3721.0000,3723.8000,3724.4000,3724.6000,3724.8000,3725.0000,2,3,4,5,1,1,1,7,1,1
SF,IF2005,2020-04-13 14:21:50.100,3724.0000,12287,0,6992425560.000,0,-,-,-,-,3723.2000,3723.0000,3721.4000,3721.2000,3721.0000,3723.8000,3724.4000,3724.6000,3724.8000,3725.0000,2,3,4,5,1,1,1,2,1,1
SF,IF2005,2020-04-13 14:21:50.600,3724.0000,12287,0,6992425560.000,0,-,-,-,-,3723.2000,3723.0000,3721.4000,3721.2000,3721.0000,3723.8000,3724.4000,3724.6000,3724.8000,3725.0000,2,3,4,5,1,1,1,2,1,1
SF,IF2005,2020-04-13 14:21:51.100,3724.0000,12287,0,6992425560.000,0,-,-,-,-,3723.2000,3723.0000,3721.4000,3721.2000,3721.0000,3723.8000,3724.4000,3724.6000,3724.8000,3725.0000,2,3,4,5,1,1,1,2,1,1
SF,IF2005,2020-04-13 14:21:51.600,3723.8000,12288,1,6993542700.000,1,1,0,双开,B,3723.2000,3723.0000,3721.4000,3721.2000,3721.0000,3723.8000,3724.4000,3724.6000,3724.8000,3725.0000,2,3,4,5,1,1,1,2,1,1
SF,IF2005,2020-04-13 14:21:52.100,3723.8000,12288,0,6993542700.000,0,-,-,-,-,3723.2000,3723.0000,3721.4000,3721.2000,3721.0000,3723.8000,3724.4000,3724.6000,3724.8000,3725.0000,2,3,4,5,1,3,1,2,1,1
SF,IF2005,2020-04-13 14:21:52.600,3723.8000,12288,0,6993542700.000,0,-,-,-,-,3723.2000,3723.0000,3721.4000,3721.2000,3721.0000,3723.8000,3724.4000,3724.6000,3724.8000,3725.0000,2,3,4,5,1,3,1,2,1,1
SF,IF2005,2020-04-13 14:21:53.100,3723.8000,12288,0,6993542700.000,0,-,-,-,-,3723.2000,3723.0000,3721.4000,3721.2000,3721.0000,3723.8000,3724.4000,3724.6000,3724.8000,3725.0000,2,3,4,5,1,4,1,2,1,1
SF,IF2005,2020-04-13 14:21:53.600,3723.8000,12291,3,6996894120.000,3,3,0,双开,B,3723.2000,3723.0000,3721.4000,3721.2000,3721.0000,3723.6000,3723.8000,3724.4000,3724.6000,3724.8000,2,3,4,5,1,1,2,1,2,1
SF,IF2005,2020-04-13 14:21:54.100,3723.8000,12291,0,6996894120.000,0,-,-,-,-,3723.2000,3723.0000,3721.4000,3721.2000,3721.0000,3723.6000,3723.8000,3724.4000,3724.6000,3724.8000,2,3,4,5,1,1,2,1,2,1
SF,IF2005,2020-04-13 14:21:54.600,3723.6000,12293,2,6999128280.000,2,2,0,双开,B,3723.2000,3723.0000,3721.4000,3721.2000,3721.0000,3723.6000,3723.8000,3724.4000,3724.6000,3724.8000,2,3,4,5,1,2,2,1,2,1
SF,IF2005,2020-04-13 14:21:55.100,3723.6000,12293,0,6999128280.000,0,-,-,-,-,3723.2000,3723.0000,3721.4000,3721.2000,3721.0000,3723.6000,3723.8000,3724.4000,3724.6000,3724.8000,2,3,4,5,1,1,2,1,2,1
SF,IF2005,2020-04-13 14:21:55.600,3723.6000,12294,1,7000245360.000,1,1,0,双开,B,3723.2000,3723.0000,3721.4000,3721.2000,3721.0000,3723.8000,3724.4000,3724.6000,3724.8000,3725.0000,2,2,4,5,1,2,1,2,1,1
SF,IF2005,2020-04-13 14:21:56.100,3723.6000,12295,1,7001362440.000,1,1,0,双开,B,3721.4000,3721.2000,3721.0000,3720.6000,3720.2000,3723.2000,3723.6000,3723.8000,3724.4000,3724.6000,4,5,1,8,2,1,6,2,1,2
SF,IF2005,2020-04-13 14:21:56.600,3723.6000,12295,0,7001362440.000,0,-,-,-,-,3722.2000,3722.0000,3721.8000,3721.6000,3721.4000,3723.2000,3723.6000,3723.8000,3724.4000,3724.6000,1,2,2,4,5,1,1,2,1,2
SF,IF2005,2020-04-13 14:21:57.100,3723.6000,12295,0,7001362440.000,0,-,-,-,-,3722.4000,3722.2000,3722.0000,3721.8000,3721.6000,3723.2000,3723.8000,3724.4000,3724.6000,3724.8000,2,1,2,3,2,1,2,1,2,1
SF,IF2005,2020-04-13 14:21:57.600,3723.2000,12296,1,7002479400.000,1,1,0,双开,B,3722.4000,3722.2000,3722.0000,3721.8000,3721.6000,3723.2000,3723.8000,3724.4000,3724.6000,3724.8000,2,1,2,3,2,1,2,1,2,1
SF,IF2005,2020-04-13 14:21:58.100,3723.2000,12296,0,7002479400.000,0,-,-,-,-,3722.4000,3722.2000,3722.0000,3721.8000,3721.6000,3723.8000,3724.6000,3724.8000,3725.0000,3725.2000,2,1,2,2,2,2,2,1,1,2
SF,IF2005,2020-04-13 14:21:58.600,3723.2000,12296,0,7002479400.000,0,-,-,-,-,3722.4000,3722.2000,3722.0000,3721.8000,3721.6000,3723.6000,3723.8000,3724.8000,3725.0000,3725.2000,2,1,1,2,2,4,2,1,1,2
SF,IF2005,2020-04-13 14:21:59.100,3723.2000,12296,0,7002479400.000,0,-,-,-,-,3722.4000,3722.2000,3722.0000,3721.8000,3721.6000,3723.6000,3723.8000,3724.8000,3725.0000,3725.2000,2,1,1,1,2,5,2,1,1,2
SF,IF2005,2020-04-13 14:21:59.600,3723.6000,12296,0,7003596480.000,1,0,1,空换,B,3722.4000,3722.2000,3722.0000,3721.8000,3721.6000,3723.6000,3723.8000,3724.8000,3725.0000,3725.2000,2,1,1,1,2,4,2,1,1,2
SF,IF2005,2020-04-13 14:22:00.100,3723.6000,12296,0,7003596480.000,0,-,-,-,-,3722.4000,3722.2000,3722.0000,3721.8000,3721.6000,3723.4000,3723.6000,3723.8000,3724.8000,3725.0000,2,1,1,1,2,1,4,2,1,1
SF,IF2005,2020-04-13 14:22:00.600,3723.6000,12296,0,7003596480.000,0,-,-,-,-,3722.4000,3722.2000,3722.0000,3721.8000,3721.6000,3723.4000,3723.6000,3723.8000,3724.8000,3725.0000,2,1,1,1,2,1,4,2,1,1
SF,IF2005,2020-04-13 14:22:01.100,3723.6000,12296,0,7003596480.000,0,-,-,-,-,3722.6000,3722.4000,3722.2000,3722.0000,3721.8000,3723.4000,3723.6000,3723.8000,3724.8000,3725.0000,1,2,1,1,1,1,4,2,1,1
SF,IF2005,2020-04-13 14:22:01.600,3723.4000,12297,1,7004713500.000,1,1,0,双开,B,3722.6000,3722.4000,3722.2000,3722.0000,3721.8000,3723.6000,3723.8000,3724.8000,3725.0000,3725.2000,1,2,1,1,1,4,2,1,1,2
SF,IF2005,2020-04-13 14:22:02.600,3723.4000,12297,0,7004713500.000,0,-,-,-,-,3722.6000,3722.4000,3722.2000,3722.0000,3721.8000,3723.6000,3723.8000,3724.8000,3725.0000,3725.2000,2,2,1,1,1,4,2,1,1,2
SF,IF2005,2020-04-13 14:22:03.100,3723.4000,12297,0,7004713500.000,0,-,-,-,-,3722.8000,3722.6000,3722.2000,3722.0000,3721.8000,3723.6000,3723.8000,3724.8000,3725.0000,3725.2000,2,2,1,1,1,4,2,1,1,2
SF,IF2005,2020-04-13 14:22:03.600,3723.4000,12298,1,7005830520.000,1,1,0,双开,B,3722.8000,3722.6000,3722.2000,3722.0000,3721.8000,3723.4000,3723.6000,3723.8000,3724.8000,3725.0000,2,2,1,1,1,4,4,2,1,1
SF,IF2005,2020-04-13 14:22:04.100,3723.4000,12298,0,7005830520.000,0,-,-,-,-,3722.8000,3722.6000,3722.2000,3722.0000,3721.8000,3723.6000,3723.8000,3724.8000,3725.0000,3725.2000,2,2,1,1,1,4,2,1,1,2
SF,IF2005,2020-04-13 14:22:05.600,3723.6000,12298,0,7006947600.000,1,0,1,空换,B,3722.8000,3722.6000,3722.2000,3722.0000,3721.8000,3723.6000,3723.8000,3724.8000,3725.0000,3725.2000,2,2,1,1,1,3,2,1,1,2
SF,IF2005,2020-04-13 14:22:07.600,3723.6000,12299,1,7008064680.000,1,1,0,双开,B,3722.8000,3722.6000,3722.2000,3722.0000,3721.8000,3723.6000,3723.8000,3724.8000,3725.0000,3725.2000,2,2,1,1,1,2,2,1,1,2
SF,IF2005,2020-04-13 14:22:08.100,3723.6000,12300,1,7009181760.000,1,1,0,双开,B,3722.8000,3722.6000,3722.2000,3722.0000,3721.8000,3723.6000,3723.8000,3724.8000,3725.0000,3725.2000,2,2,1,1,1,1,2,1,1,2
SF,IF2005,2020-04-13 14:22:08.600,3723.6000,12300,0,7009181760.000,0,-,-,-,-,3722.8000,3722.6000,3722.2000,3722.0000,3721.8000,3723.6000,3723.8000,3724.8000,3725.0000,3725.2000,2,2,1,1,1,1,2,1,1,2
SF,IF2005,2020-04-13 14:22:10.100,3723.6000,12301,1,7010298840.000,1,1,0,双开,B,3722.8000,3722.6000,3722.2000,3722.0000,3721.8000,3723.8000,3724.8000,3725.0000,3725.2000,3726.0000,2,2,1,1,1,2,1,1,2,1
SF,IF2005,2020-04-13 14:22:10.600,3723.6000,12301,0,7010298840.000,0,-,-,-,-,3722.8000,3722.6000,3722.2000,3721.8000,3721.6000,3723.8000,3724.8000,3725.0000,3725.2000,3726.0000,2,2,1,1,2,2,1,1,2,1
SF,IF2005,2020-04-13 14:22:11.100,3723.6000,12301,0,7010298840.000,0,-,-,-,-,3723.0000,3722.8000,3722.6000,3722.2000,3721.8000,3723.8000,3724.8000,3725.0000,3725.2000,3726.0000,1,2,2,1,1,2,1,1,2,1
SF,IF2005,2020-04-13 14:22:11.600,3723.6000,12301,0,7010298840.000,0,-,-,-,-,3723.2000,3723.0000,3722.6000,3722.2000,3721.8000,3723.8000,3724.8000,3725.0000,3725.2000,3726.0000,2,1,2,1,1,2,1,1,2,1
SF,IF2005,2020-04-13 14:22:12.100,3723.6000,12301,0,7010298840.000,0,-,-,-,-,3723.2000,3723.0000,3722.6000,3722.2000,3721.8000,3723.8000,3724.8000,3725.0000,3725.2000,3726.0000,2,1,1,1,1,2,1,1,2,1
SF,IF2005,2020-04-13 14:22:12.600,3723.2000,12301,0,7011415800.000,1,0,1,空换,B,3723.2000,3723.0000,3722.6000,3722.2000,3721.8000,3723.4000,3723.8000,3724.8000,3725.0000,3725.2000,1,1,1,1,1,5,2,1,1,2
SF,IF2005,2020-04-13 14:22:13.100,3723.2000,12307,6,7018117980.000,6,6,0,双开,B,3723.0000,3722.6000,3721.8000,3721.6000,3721.4000,3723.8000,3724.8000,3725.0000,3725.2000,3726.0000,1,1,1,2,5,1,1,1,2,1
SF,IF2005,2020-04-13 14:22:13.600,3723.2000,12307,0,7018117980.000,0,-,-,-,-,3723.2000,3723.0000,3722.6000,3721.8000,3721.6000,3723.8000,3724.8000,3725.0000,3725.2000,3726.0000,1,1,1,1,2,1,1,1,2,1
SF,IF2005,2020-04-13 14:22:14.100,3723.2000,12307,0,7018117980.000,0,-,-,-,-,3723.2000,3723.0000,3722.6000,3721.8000,3721.6000,3723.8000,3724.8000,3725.0000,3725.2000,3726.0000,2,1,1,1,2,1,1,1,2,1
SF,IF2005,2020-04-13 14:22:14.600,3723.8000,12307,0,7019235120.000,1,0,1,空换,B,3723.2000,3723.0000,3722.6000,3721.8000,3721.6000,3724.8000,3725.0000,3725.2000,3726.0000,3726.6000,2,1,1,1,2,1,1,2,1,1
SF,IF2005,2020-04-13 14:22:15.100,3723.8000,12307,0,7019235120.000,0,-,-,-,-,3723.8000,3723.6000,3723.4000,3723.0000,3722.6000,3724.6000,3724.8000,3725.0000,3725.2000,3726.0000,1,1,2,1,1,2,1,1,2,1
SF,IF2005,2020-04-13 14:22:15.600,3723.8000,12307,0,7019235120.000,0,-,-,-,-,3724.0000,3723.8000,3723.4000,3723.0000,3722.6000,3724.8000,3725.0000,3725.2000,3726.0000,3726.6000,3,3,1,1,1,1,1,2,1,1
SF,IF2005,2020-04-13 14:22:16.600,3723.8000,12307,0,7019235120.000,0,-,-,-,-,3724.4000,3724.0000,3723.8000,3723.0000,3722.6000,3725.0000,3726.0000,3726.6000,3727.4000,3727.6000,1,2,3,1,1,1,1,1,1,8
SF,IF2005,2020-04-13 14:22:17.100,3723.8000,12307,0,7019235120.000,0,-,-,-,-,3724.4000,3724.0000,3723.8000,3723.0000,3722.6000,3726.0000,3726.2000,3726.6000,3727.4000,3727.6000,1,2,3,1,1,1,2,1,1,8
SF,IF2005,2020-04-13 14:22:17.600,3723.8000,12307,0,7019235120.000,0,-,-,-,-,3724.6000,3724.4000,3723.8000,3723.0000,3722.6000,3725.8000,3726.0000,3726.2000,3726.6000,3727.6000,2,1,3,1,1,4,1,2,1,8
SF,IF2005,2020-04-13 14:22:18.100,3723.8000,12307,0,7019235120.000,0,-,-,-,-,3724.4000,3723.8000,3723.0000,3722.6000,3721.8000,3725.6000,3725.8000,3726.0000,3726.2000,3726.6000,1,3,1,1,1,2,4,2,2,1
SF,IF2005,2020-04-13 14:22:18.600,3723.8000,12307,0,7019235120.000,0,-,-,-,-,3724.4000,3723.8000,3723.0000,3722.6000,3721.8000,3725.4000,3725.8000,3726.0000,3726.2000,3726.6000,1,3,1,1,1,3,2,2,2,1
SF,IF2005,2020-04-13 14:22:19.100,3723.8000,12307,0,7019235120.000,0,-,-,-,-,3724.4000,3723.8000,3723.0000,3722.6000,3721.8000,3725.2000,3725.4000,3725.8000,3726.0000,3726.2000,1,3,1,1,1,2,4,1,2,2
SF,IF2005,2020-04-13 14:22:19.600,3723.8000,12307,0,7019235120.000,0,-,-,-,-,3724.4000,3723.8000,3723.0000,3722.6000,3721.8000,3725.0000,3725.2000,3725.4000,3725.8000,3726.0000,1,3,1,1,1,1,2,4,1,2
SF,IF2005,2020-04-13 14:22:20.100,3723.8000,12307,0,7019235120.000,0,-,-,-,-,3724.4000,3723.8000,3723.0000,3722.6000,3721.8000,3725.0000,3725.2000,3725.4000,3725.8000,3726.0000,1,3,1,1,1,1,1,4,1,2
SF,IF2005,2020-04-13 14:22:20.600,3723.8000,12307,0,7019235120.000,0,-,-,-,-,3724.4000,3723.8000,3723.0000,3722.6000,3721.8000,3725.0000,3725.2000,3725.4000,3725.8000,3726.0000,1,1,1,1,1,1,1,4,1,2
SF,IF2005,2020-04-13 14:22:21.100,3723.8000,12307,0,7019235120.000,0,-,-,-,-,3724.4000,3723.8000,3723.0000,3722.6000,3721.8000,3725.0000,3725.2000,3725.4000,3725.8000,3726.0000,1,3,1,1,1,1,1,4,1,2
SF,IF2005,2020-04-13 14:22:21.600,3725.0000,12308,1,7020352620.000,1,1,0,双开,B,3724.4000,3723.8000,3723.0000,3722.6000,3721.8000,3725.2000,3725.4000,3725.8000,3726.0000,3726.2000,1,2,1,1,1,1,4,1,2,2
SF,IF2005,2020-04-13 14:22:22.100,3725.0000,12308,0,7020352620.000,0,-,-,-,-,3724.4000,3723.8000,3723.0000,3722.6000,3721.8000,3725.2000,3725.4000,3725.8000,3726.0000,3726.2000,1,2,1,1,1,1,4,1,2,2
SF,IF2005,2020-04-13 14:22:22.600,3725.0000,12308,0,7020352620.000,0,-,-,-,-,3724.4000,3723.8000,3723.0000,3722.6000,3721.8000,3725.2000,3725.4000,3725.8000,3726.0000,3726.2000,1,2,1,1,1,1,4,1,2,2
SF,IF2005,2020-04-13 14:22:23.100,3725.0000,12308,0,7020352620.000,0,-,-,-,-,3723.8000,3723.0000,3722.6000,3721.8000,3721.6000,3725.0000,3725.2000,3725.4000,3725.8000,3726.0000,2,1,1,1,2,1,1,4,1,2
SF,IF2005,2020-04-13 14:22:23.600,3724.0000,12309,1,7021469820.000,1,1,0,双开,B,3724.0000,3723.8000,3723.0000,3722.6000,3721.8000,3724.8000,3725.0000,3725.2000,3725.4000,3725.8000,1,2,1,1,1,2,1,1,2,1
SF,IF2005,2020-04-13 14:22:24.100,3724.0000,12309,0,7021469820.000,0,-,-,-,-,3723.8000,3723.0000,3722.6000,3721.8000,3721.6000,3724.8000,3725.0000,3725.2000,3725.4000,3725.8000,2,1,1,1,2,2,1,1,2,2
SF,IF2005,2020-04-13 14:22:25.100,3724.8000,12310,1,7022587260.000,1,1,0,双开,B,3723.8000,3723.0000,3722.6000,3721.8000,3721.6000,3724.8000,3725.0000,3725.2000,3725.4000,3725.8000,2,1,1,1,2,1,1,1,2,2
SF,IF2005,2020-04-13 14:22:26.100,3724.8000,12310,0,7022587260.000,0,-,-,-,-,3723.0000,3722.6000,3721.8000,3721.6000,3721.4000,3724.8000,3725.0000,3725.2000,3725.4000,3725.8000,1,1,1,2,5,1,1,1,2,2
SF,IF2005,2020-04-13 14:22:26.600,3724.8000,12312,2,7024822140.000,2,2,0,双开,B,3723.4000,3723.2000,3723.0000,3722.6000,3721.8000,3725.2000,3725.4000,3725.8000,3726.0000,3726.2000,2,3,1,1,1,1,1,2,2,2
SF,IF2005,2020-04-13 14:22:27.100,3724.8000,12312,0,7024822140.000,0,-,-,-,-,3723.6000,3723.4000,3723.2000,3722.6000,3721.6000,3725.0000,3725.2000,3725.4000,3725.8000,3726.0000,2,2,1,1,2,3,1,1,2,2
SF,IF2005,2020-04-13 14:22:27.600,3724.8000,12312,0,7024822140.000,0,-,-,-,-,3723.6000,3723.4000,3723.2000,3722.6000,3721.6000,3724.8000,3725.0000,3725.2000,3725.4000,3725.8000,2,2,1,1,2,2,3,1,1,2
SF,IF2005,2020-04-13 14:22:28.100,3724.8000,12312,0,7024822140.000,0,-,-,-,-,3723.6000,3723.4000,3723.2000,3722.6000,3721.6000,3724.8000,3725.0000,3725.2000,3725.4000,3725.8000,2,2,1,1,2,3,3,1,1,2
SF,IF2005,2020-04-13 14:22:28.600,3724.8000,12312,0,7024822140.000,0,-,-,-,-,3723.6000,3723.4000,3723.2000,3722.6000,3721.6000,3724.6000,3724.8000,3725.0000,3725.2000,3725.4000,2,2,1,1,2,1,3,3,1,1
SF,IF2005,2020-04-13 14:22:29.100,3724.8000,12312,0,7024822140.000,0,-,-,-,-,3723.8000,3723.6000,3723.4000,3723.2000,3722.6000,3724.8000,3725.0000,3725.2000,3725.4000,3725.8000,1,2,1,1,1,1,3,1,1,2
SF,IF2005,2020-04-13 14:22:29.600,3724.8000,12312,0,7024822140.000,0,-,-,-,-,3724.0000,3723.8000,3722.6000,3721.6000,3721.4000,3725.0000,3725.2000,3725.4000,3725.8000,3726.0000,2,2,1,2,5,2,1,1,2,2
SF,IF2005,2020-04-13 14:22:30.100,3724.8000,12312,0,7024822140.000,0,-,-,-,-,3724.0000,3723.8000,3722.6000,3721.6000,3721.4000,3725.0000,3725.2000,3725.4000,3725.8000,3726.0000,2,2,2,2,5,2,1,1,2,2
SF,IF2005,2020-04-13 14:22:31.100,3724.8000,12312,0,7024822140.000,0,-,-,-,-,3724.0000,3723.8000,3722.6000,3721.6000,3721.4000,3725.0000,3725.2000,3725.4000,3725.8000,3726.0000,2,2,2,2,6,2,1,1,2,2
SF,IF2005,2020-04-13 14:22:33.100,3724.8000,12312,0,7024822140.000,0,-,-,-,-,3724.2000,3724.0000,3723.8000,3722.6000,3721.6000,3725.0000,3725.2000,3725.4000,3725.8000,3726.0000,1,2,1,2,2,2,1,1,2,2
SF,IF2005,2020-04-13 14:22:33.600,3724.8000,12312,0,7024822140.000,0,-,-,-,-,3724.2000,3724.0000,3723.8000,3722.6000,3721.6000,3725.2000,3725.4000,3725.8000,3726.0000,3726.2000,1,2,1,2,2,1,1,2,2,2
SF,IF2005,2020-04-13 14:22:34.100,3724.8000,12312,0,7024822140.000,0,-,-,-,-,3724.4000,3724.2000,3722.6000,3721.6000,3721.4000,3725.2000,3725.4000,3725.8000,3726.0000,3726.2000,2,1,2,2,6,1,1,2,2,2
SF,IF2005,2020-04-13 14:22:37.100,3724.8000,12312,0,7024822140.000,0,-,-,-,-,3724.4000,3724.2000,3722.6000,3722.4000,3721.6000,3725.2000,3725.4000,3725.8000,3726.0000,3726.2000,2,1,2,1,2,1,1,2,2,2
SF,IF2005,2020-04-13 14:22:39.600,3725.2000,12312,0,7025939700.000,1,0,1,空换,B,3724.4000,3724.2000,3722.6000,3722.4000,3721.6000,3725.2000,3725.4000,3725.8000,3726.0000,3726.2000,2,1,2,1,2,1,1,2,2,2
SF,IF2005,2020-04-13 14:22:40.600,3725.2000,12312,0,7025939700.000,0,-,-,-,-,3724.6000,3724.4000,3722.6000,3722.4000,3721.6000,3725.4000,3725.8000,3726.0000,3726.2000,3727.8000,1,2,2,1,2,1,2,2,2,1
SF,IF2005,2020-04-13 14:22:41.600,3725.4000,12313,1,7027057320.000,1,1,0,双开,B,3724.6000,3724.4000,3722.6000,3722.4000,3721.6000,3725.8000,3726.0000,3726.2000,3727.8000,3728.0000,1,2,2,1,2,2,2,2,1,12
SF,IF2005,2020-04-13 14:22:42.100,3725.4000,12313,0,7027057320.000,0,-,-,-,-,3724.8000,3724.6000,3722.6000,3722.4000,3721.6000,3725.8000,3726.0000,3726.2000,3727.8000,3728.0000,2,1,2,1,2,2,1,2,1,12
SF,IF2005,2020-04-13 14:22:47.600,3725.4000,12313,0,7027057320.000,0,-,-,-,-,3724.8000,3724.6000,3722.6000,3722.4000,3721.6000,3725.6000,3725.8000,3726.0000,3726.2000,3727.8000,2,1,2,1,2,1,2,1,2,1
SF,IF2005,2020-04-13 14:22:48.100,3725.4000,12313,0,7027057320.000,0,-,-,-,-,3724.8000,3724.6000,3722.6000,3722.4000,3721.6000,3725.6000,3725.8000,3726.2000,3727.8000,3728.0000,2,1,2,1,2,1,1,2,1,12
SF,IF2005,2020-04-13 14:22:49.600,3725.4000,12313,0,7027057320.000,0,-,-,-,-,3724.8000,3724.6000,3722.6000,3722.4000,3721.8000,3725.6000,3725.8000,3726.2000,3727.8000,3728.0000,2,1,2,1,1,1,1,2,1,12
SF,IF2005,2020-04-13 14:22:56.600,3725.4000,12313,0,7027057320.000,0,-,-,-,-,3724.8000,3724.6000,3722.6000,3722.4000,3721.8000,3725.8000,3726.2000,3727.8000,3728.0000,3728.6000,2,1,2,1,1,1,2,1,12,2
SF,IF2005,2020-04-13 14:22:57.100,3725.4000,12313,0,7027057320.000,0,-,-,-,-,3724.8000,3724.6000,3722.6000,3722.4000,3721.8000,3725.6000,3725.8000,3726.2000,3727.8000,3728.0000,2,1,2,1,1,1,1,2,1,12
SF,IF2005,2020-04-13 14:22:58.100,3725.4000,12313,0,7027057320.000,0,-,-,-,-,3724.8000,3724.6000,3722.6000,3722.4000,3721.8000,3725.8000,3726.2000,3727.8000,3728.0000,3728.6000,2,1,2,1,1,1,2,1,12,2
SF,IF2005,2020-04-13 14:23:02.100,3725.4000,12313,0,7027057320.000,0,-,-,-,-,3724.8000,3724.6000,3722.6000,3722.4000,3721.8000,3725.4000,3725.8000,3726.2000,3727.8000,3728.0000,2,1,2,1,1,7,1,2,1,12
SF,IF2005,2020-04-13 14:23:02.600,3724.8000,12314,1,7028174760.000,1,1,0,双开,B,3724.8000,3724.6000,3722.6000,3722.4000,3721.8000,3725.4000,3725.8000,3726.2000,3727.8000,3728.0000,1,1,2,1,1,1,1,2,1,12
SF,IF2005,2020-04-13 14:23:03.100,3724.8000,12314,0,7028174760.000,0,-,-,-,-,3724.6000,3722.6000,3722.4000,3721.8000,3721.6000,3725.2000,3725.4000,3725.8000,3726.2000,3727.8000,1,2,1,1,2,1,1,1,2,1
SF,IF2005,2020-04-13 14:23:05.100,3724.8000,12314,0,7028174760.000,0,-,-,-,-,3722.6000,3722.4000,3721.8000,3721.6000,3721.4000,3725.2000,3725.4000,3725.8000,3726.2000,3727.8000,2,1,1,2,5,1,1,1,2,1
SF,IF2005,2020-04-13 14:23:05.600,3724.8000,12314,0,7028174760.000,0,-,-,-,-,3724.0000,3723.8000,3723.6000,3723.4000,3722.8000,3725.2000,3725.4000,3725.8000,3726.2000,3727.8000,1,1,1,1,2,1,1,1,2,1
SF,IF2005,2020-04-13 14:23:06.100,3724.8000,12314,0,7028174760.000,0,-,-,-,-,3724.2000,3724.0000,3723.8000,3723.6000,3723.4000,3725.2000,3725.4000,3725.8000,3726.2000,3727.8000,2,1,1,1,1,1,1,1,2,1
SF,IF2005,2020-04-13 14:23:06.600,3724.8000,12314,0,7028174760.000,0,-,-,-,-,3724.2000,3724.0000,3723.8000,3723.6000,3723.4000,3725.2000,3725.4000,3725.8000,3726.2000,3727.8000,2,1,1,1,1,1,1,1,2,1
SF,IF2005,2020-04-13 14:23:08.100,3724.8000,12314,0,7028174760.000,0,-,-,-,-,3724.2000,3724.0000,3723.8000,3723.6000,3723.4000,3724.8000,3725.2000,3725.8000,3726.2000,3727.8000,2,1,1,1,1,2,1,1,2,1
SF,IF2005,2020-04-13 14:23:08.600,3724.8000,12314,0,7028174760.000,0,-,-,-,-,3724.0000,3723.8000,3723.6000,3723.4000,3722.8000,3724.8000,3725.2000,3725.8000,3726.2000,3727.8000,1,1,1,1,3,2,1,1,2,1
SF,IF2005,2020-04-13 14:23:09.100,3724.8000,12314,0,7028174760.000,0,-,-,-,-,3724.0000,3723.8000,3723.6000,3723.4000,3722.8000,3724.6000,3724.8000,3725.2000,3725.8000,3726.2000,1,1,1,1,3,1,2,1,1,2
SF,IF2005,2020-04-13 14:23:09.600,3724.0000,12313,-1,7029291960.000,1,0,1,双平,B,3722.8000,3722.6000,3722.4000,3721.8000,3721.4000,3724.6000,3725.2000,3725.8000,3727.8000,3728.0000,1,2,1,1,3,2,1,1,1,12
SF,IF2005,2020-04-13 14:23:10.100,3724.0000,12313,0,7029291960.000,0,-,-,-,-,3723.0000,3722.8000,3722.6000,3722.4000,3721.4000,3724.0000,3724.2000,3724.4000,3724.6000,3725.2000,4,1,2,1,3,6,2,4,3,3
SF,IF2005,2020-04-13 14:23:10.600,3724.0000,12313,0,7029291960.000,0,-,-,-,-,3723.0000,3722.6000,3721.4000,3721.2000,3721.0000,3724.0000,3724.2000,3724.4000,3724.6000,3725.0000,4,2,3,2,1,6,2,5,2,1
SF,IF2005,2020-04-13 14:23:11.100,3724.0000,12313,0,7029291960.000,0,-,-,-,-,3723.0000,3722.6000,3721.4000,3721.2000,3721.0000,3724.0000,3724.2000,3724.4000,3724.6000,3725.0000,4,2,3,2,1,7,2,4,1,1
SF,IF2005,2020-04-13 14:23:11.600,3724.0000,12313,0,7029291960.000,0,-,-,-,-,3723.0000,3722.6000,3721.4000,3721.2000,3721.0000,3723.8000,3724.0000,3724.2000,3724.4000,3724.6000,4,2,3,2,1,5,6,2,3,1
SF,IF2005,2020-04-13 14:23:12.100,3724.0000,12313,0,7029291960.000,0,-,-,-,-,3723.0000,3722.6000,3721.4000,3721.2000,3721.0000,3723.8000,3724.0000,3724.2000,3724.4000,3724.6000,4,2,3,2,1,5,6,2,3,1
SF,IF2005,2020-04-13 14:23:12.600,3724.0000,12313,0,7029291960.000,0,-,-,-,-,3723.0000,3722.6000,3721.4000,3721.2000,3721.0000,3723.8000,3724.0000,3724.2000,3724.4000,3724.6000,3,2,3,2,1,1,6,1,3,1
SF,IF2005,2020-04-13 14:23:13.100,3724.0000,12313,0,7029291960.000,0,-,-,-,-,3723.0000,3722.6000,3721.4000,3721.2000,3721.0000,3724.0000,3724.2000,3724.4000,3724.6000,3725.0000,3,2,3,2,1,6,1,3,1,1
SF,IF2005,2020-04-13 14:23:13.600,3724.0000,12313,0,7029291960.000,0,-,-,-,-,3723.0000,3722.6000,3721.4000,3721.2000,3721.0000,3723.8000,3724.0000,3724.2000,3724.4000,3724.6000,3,2,3,2,1,1,6,1,3,1
SF,IF2005,2020-04-13 14:23:14.100,3724.0000,12314,1,7030409160.000,1,1,0,双开,B,3723.0000,3722.6000,3721.4000,3721.2000,3721.0000,3724.0000,3724.2000,3724.4000,3724.6000,3725.0000,3,2,3,2,1,6,1,3,1,1
SF,IF2005,2020-04-13 14:23:14.600,3724.0000,12314,0,7030409160.000,0,-,-,-,-,3723.0000,3722.6000,3721.4000,3721.2000,3721.0000,3724.2000,3724.4000,3724.6000,3725.0000,3725.2000,3,2,3,2,1,1,3,1,1,3
SF,IF2005,2020-04-13 14:23:15.600,3724.0000,12314,0,7030409160.000,0,-,-,-,-,3723.0000,3722.6000,3721.4000,3721.2000,3721.0000,3724.0000,3724.2000,3724.4000,3724.6000,3725.0000,3,2,3,2,1,5,1,3,1,1
SF,IF2005,2020-04-13 14:23:16.100,3724.0000,12316,2,7032643560.000,2,2,0,双开,B,3723.0000,3722.6000,3721.4000,3721.2000,3721.0000,3723.6000,3723.8000,3724.0000,3724.2000,3724.4000,3,2,3,2,1,3,2,6,1,3
SF,IF2005,2020-04-13 14:23:16.600,3724.0000,12316,0,7032643560.000,0,-,-,-,-,3723.0000,3722.6000,3721.4000,3721.2000,3721.0000,3724.0000,3724.2000,3724.4000,3724.6000,3725.0000,3,2,3,2,1,6,1,3,1,1
SF,IF2005,2020-04-13 14:23:17.100,3724.0000,12316,0,7032643560.000,0,-,-,-,-,3723.6000,3723.0000,3722.6000,3721.4000,3721.2000,3724.0000,3724.4000,3724.6000,3725.0000,3725.2000,3,3,2,3,2,1,3,1,1,3
SF,IF2005,2020-04-13 14:23:17.600,3723.6000,12319,3,7035994800.000,3,3,0,双开,B,3723.0000,3722.6000,3721.4000,3721.2000,3721.0000,3723.6000,3723.8000,3724.0000,3724.4000,3724.6000,3,2,3,2,1,2,1,1,3,1
SF,IF2005,2020-04-13 14:23:18.100,3723.6000,12319,0,7035994800.000,0,-,-,-,-,3723.0000,3722.6000,3721.4000,3721.2000,3721.0000,3723.6000,3724.4000,3724.6000,3725.0000,3725.2000,3,2,3,2,1,1,3,1,1,3
SF,IF2005,2020-04-13 14:23:18.600,3723.6000,12319,0,7035994800.000,0,-,-,-,-,3723.0000,3722.6000,3721.4000,3721.2000,3721.0000,3723.6000,3724.4000,3724.6000,3725.0000,3725.2000,2,2,3,2,1,1,3,1,1,3
SF,IF2005,2020-04-13 14:23:19.100,3723.6000,12319,0,7035994800.000,0,-,-,-,-,3723.0000,3722.6000,3722.2000,3721.4000,3721.2000,3723.6000,3724.4000,3724.6000,3725.0000,3725.2000,2,2,1,3,2,1,3,1,1,3
SF,IF2005,2020-04-13 14:23:20.100,3723.6000,12320,1,7037111880.000,1,1,0,双开,B,3723.0000,3722.6000,3722.2000,3721.4000,3721.2000,3723.4000,3723.6000,3724.4000,3724.6000,3725.0000,2,2,1,2,2,4,1,3,1,1
SF,IF2005,2020-04-13 14:23:20.600,3723.6000,12320,0,7037111880.000,0,-,-,-,-,3723.0000,3722.6000,3722.2000,3721.4000,3721.2000,3723.6000,3724.4000,3724.6000,3725.0000,3725.2000,2,2,1,2,2,1,3,1,1,3
SF,IF2005,2020-04-13 14:23:21.100,3723.6000,12320,0,7037111880.000,0,-,-,-,-,3723.0000,3722.6000,3722.2000,3721.4000,3721.2000,3723.6000,3724.4000,3724.6000,3725.0000,3725.2000,2,2,1,2,2,1,3,1,1,3
SF,IF2005,2020-04-13 14:23:22.100,3723.6000,12321,1,7038228960.000,1,1,0,双开,B,3723.0000,3722.6000,3722.2000,3721.4000,3721.2000,3724.4000,3724.6000,3725.0000,3725.2000,3725.8000,2,2,1,2,2,3,1,1,3,1
SF,IF2005,2020-04-13 14:23:22.600,3723.6000,12321,0,7038228960.000,0,-,-,-,-,3723.0000,3722.6000,3722.2000,3721.4000,3721.2000,3724.2000,3724.4000,3724.6000,3725.0000,3725.2000,2,2,1,2,2,5,3,1,1,3
SF,IF2005,2020-04-13 14:23:23.100,3723.6000,12321,0,7038228960.000,0,-,-,-,-,3723.0000,3722.6000,3722.2000,3721.4000,3721.2000,3724.2000,3724.4000,3724.6000,3725.0000,3725.2000,2,2,1,2,2,6,2,1,1,3
SF,IF2005,2020-04-13 14:23:23.600,3723.6000,12321,0,7038228960.000,0,-,-,-,-,3723.0000,3722.6000,3722.2000,3721.4000,3721.2000,3724.2000,3724.4000,3724.6000,3725.0000,3725.2000,2,2,1,2,2,1,2,1,1,3
SF,IF2005,2020-04-13 14:23:24.100,3723.6000,12321,0,7038228960.000,0,-,-,-,-,3723.0000,3722.6000,3722.2000,3721.4000,3721.2000,3724.0000,3724.2000,3724.4000,3724.6000,3725.0000,2,2,1,2,2,5,1,2,1,1
SF,IF2005,2020-04-13 14:23:24.600,3723.6000,12321,0,7038228960.000,0,-,-,-,-,3723.0000,3722.6000,3722.2000,3721.4000,3721.2000,3724.0000,3724.2000,3724.4000,3724.6000,3725.0000,2,2,1,2,2,5,1,2,1,1
SF,IF2005,2020-04-13 14:23:25.100,3723.0000,12322,1,7039345860.000,1,1,0,双开,B,3723.0000,3722.6000,3722.2000,3721.4000,3721.2000,3723.8000,3724.0000,3724.2000,3724.4000,3724.6000,1,2,1,2,2,5,5,1,2,1
SF,IF2005,2020-04-13 14:23:27.600,3723.0000,12322,0,7039345860.000,0,-,-,-,-,3723.0000,3722.6000,3722.2000,3721.4000,3721.2000,3723.8000,3724.0000,3724.4000,3724.6000,3725.0000,1,2,1,2,2,5,5,2,1,1
SF,IF2005,2020-04-13 14:23:29.100,3723.0000,12322,0,7039345860.000,0,-,-,-,-,3723.0000,3722.6000,3722.2000,3721.4000,3721.2000,3724.0000,3724.4000,3724.6000,3725.0000,3725.2000,1,2,1,2,2,5,2,1,1,3
SF,IF2005,2020-04-13 14:23:29.600,3723.0000,12322,0,7039345860.000,0,-,-,-,-,3723.0000,3722.6000,3722.2000,3721.4000,3721.2000,3723.6000,3723.8000,3724.0000,3724.6000,3725.0000,1,2,1,2,2,5,3,5,1,1
SF,IF2005,2020-04-13 14:23:30.600,3723.0000,12322,0,7039345860.000,0,-,-,-,-,3723.0000,3722.6000,3722.2000,3721.4000,3721.2000,3723.8000,3724.0000,3724.6000,3725.0000,3725.2000,1,2,1,2,2,2,5,1,1,3
SF,IF2005,2020-04-13 14:23:31.100,3723.6000,12323,1,7040462940.000,1,1,0,双开,B,3722.6000,3722.2000,3721.4000,3721.2000,3721.0000,3723.6000,3723.8000,3724.0000,3724.6000,3725.0000,2,1,2,2,1,4,2,5,1,1
SF,IF2005,2020-04-13 14:23:31.600,3723.6000,12323,0,7040462940.000,0,-,-,-,-,3723.2000,3723.0000,3722.8000,3722.6000,3722.2000,3723.8000,3724.6000,3725.0000,3725.2000,3725.8000,1,1,3,2,1,2,1,1,3,1
SF,IF2005,2020-04-13 14:23:32.100,3723.6000,12323,0,7040462940.000,0,-,-,-,-,3722.8000,3722.6000,3722.2000,3721.4000,3721.2000,3723.4000,3723.6000,3723.8000,3724.6000,3725.0000,2,2,1,2,2,5,1,2,1,1
SF,IF2005,2020-04-13 14:23:32.600,3723.6000,12323,0,7040462940.000,0,-,-,-,-,3722.8000,3722.6000,3722.2000,3721.4000,3721.2000,3723.2000,3723.8000,3724.6000,3725.0000,3725.2000,2,2,1,2,2,1,2,1,1,3
SF,IF2005,2020-04-13 14:23:33.100,3723.2000,12324,1,7041579900.000,1,1,0,双开,B,3722.6000,3722.2000,3721.4000,3721.2000,3721.0000,3723.8000,3724.6000,3725.0000,3725.2000,3725.8000,2,1,2,2,1,2,1,1,3,1
SF,IF2005,2020-04-13 14:23:34.100,3723.2000,12324,0,7041579900.000,0,-,-,-,-,3722.6000,3722.2000,3721.4000,3721.2000,3721.0000,3723.4000,3723.8000,3724.6000,3725.0000,3725.2000,2,1,2,2,1,5,2,1,1,3
SF,IF2005,2020-04-13 14:23:34.600,3723.2000,12324,0,7041579900.000,0,-,-,-,-,3722.6000,3722.2000,3721.4000,3721.2000,3721.0000,3723.8000,3724.6000,3725.0000,3725.2000,3725.8000,2,1,2,2,1,2,1,1,3,1
SF,IF2005,2020-04-13 14:23:35.600,3723.2000,12324,0,7041579900.000,0,-,-,-,-,3722.6000,3722.2000,3721.4000,3721.2000,3721.0000,3723.6000,3723.8000,3724.6000,3725.0000,3725.2000,2,1,2,2,1,5,2,1,1,3
SF,IF2005,2020-04-13 14:23:37.100,3723.2000,12324,0,7041579900.000,0,-,-,-,-,3722.6000,3722.2000,3721.4000,3721.2000,3721.0000,3722.8000,3723.2000,3723.4000,3723.6000,3723.8000,2,1,2,1,1,5,2,5,5,2
SF,IF2005,2020-04-13 14:23:37.600,3722.6000,12325,1,7042696680.000,1,1,0,双开,B,3722.6000,3722.2000,3721.4000,3721.2000,3721.0000,3723.4000,3723.6000,3723.8000,3724.6000,3725.0000,1,1,2,1,1,3,5,4,1,1
SF,IF2005,2020-04-13 14:23:38.100,3722.6000,12325,0,7042696680.000,0,-,-,-,-,3722.6000,3722.2000,3721.4000,3721.2000,3721.0000,3723.4000,3723.6000,3723.8000,3724.6000,3725.0000,1,1,2,1,1,3,5,4,1,1
SF,IF2005,2020-04-13 14:23:38.600,3723.4000,12328,3,7046047740.000,3,3,0,双开,B,3723.4000,3722.6000,3722.2000,3721.4000,3721.2000,3723.6000,3723.8000,3724.6000,3725.0000,3725.2000,2,1,1,2,1,5,4,1,1,1
SF,IF2005,2020-04-13 14:23:39.100,3723.4000,12330,2,7048281780.000,2,2,0,双开,B,3722.6000,3722.2000,3721.4000,3721.2000,3721.0000,3723.4000,3723.6000,3723.8000,3724.6000,3725.0000,1,1,2,1,1,5,5,4,1,1
SF,IF2005,2020-04-13 14:23:39.600,3723.4000,12330,0,7048281780.000,0,-,-,-,-,3722.6000,3722.2000,3721.4000,3721.2000,3721.0000,3723.4000,3723.6000,3723.8000,3724.6000,3725.0000,1,1,2,1,1,6,5,4,1,1
SF,IF2005,2020-04-13 14:23:40.100,3723.4000,12330,0,7048281780.000,0,-,-,-,-,3722.6000,3722.2000,3721.4000,3721.2000,3721.0000,3723.4000,3723.6000,3723.8000,3724.6000,3725.0000,1,1,2,1,1,1,5,4,1,1
SF,IF2005,2020-04-13 14:23:40.600,3723.4000,12330,0,7048281780.000,0,-,-,-,-,3722.8000,3722.6000,3722.2000,3721.4000,3721.2000,3723.4000,3723.6000,3723.8000,3724.6000,3725.0000,2,1,1,2,1,1,5,4,1,1
SF,IF2005,2020-04-13 14:23:41.100,3723.4000,12330,0,7048281780.000,0,-,-,-,-,3722.8000,3722.6000,3722.2000,3721.4000,3721.2000,3723.4000,3723.8000,3724.6000,3725.0000,3725.2000,2,1,1,2,1,1,2,1,1,1
SF,IF2005,2020-04-13 14:23:41.600,3723.4000,12330,0,7048281780.000,0,-,-,-,-,3722.8000,3722.6000,3722.2000,3721.4000,3721.2000,3723.4000,3723.8000,3724.6000,3724.8000,3725.0000,2,1,1,2,1,1,2,1,2,1
SF,IF2005,2020-04-13 14:23:42.600,3723.4000,12330,0,7048281780.000,0,-,-,-,-,3723.0000,3722.8000,3722.6000,3722.2000,3721.4000,3723.4000,3723.8000,3724.6000,3724.8000,3725.0000,1,2,1,1,2,1,2,1,2,1
SF,IF2005,2020-04-13 14:23:43.100,3723.4000,12331,1,7049398800.000,1,1,0,双开,B,3723.2000,3723.0000,3722.8000,3722.6000,3722.2000,3724.6000,3724.8000,3725.0000,3725.2000,3725.8000,1,1,1,1,1,1,2,1,1,1
SF,IF2005,2020-04-13 14:23:43.600,3723.4000,12331,0,7049398800.000,0,-,-,-,-,3723.4000,3723.2000,3723.0000,3722.8000,3722.6000,3724.0000,3724.4000,3724.6000,3724.8000,3725.0000,1,1,1,1,1,5,3,2,2,1
SF,IF2005,2020-04-13 14:23:44.100,3723.2000,12331,0,7051632780.000,2,1,1,空换,B,3723.0000,3722.8000,3722.6000,3722.2000,3721.4000,3723.8000,3724.0000,3724.2000,3724.4000,3724.6000,1,1,1,1,2,5,5,2,4,2
SF,IF2005,2020-04-13 14:23:44.600,3723.2000,12331,0,7051632780.000,0,-,-,-,-,3723.0000,3722.8000,3722.6000,3722.2000,3721.4000,3723.6000,3723.8000,3724.0000,3724.2000,3724.4000,1,1,1,1,2,2,5,5,2,4
SF,IF2005,2020-04-13 14:23:45.600,3723.6000,12331,0,7052749860.000,1,0,1,空换,B,3723.0000,3722.8000,3722.6000,3722.2000,3721.4000,3723.6000,3723.8000,3724.0000,3724.2000,3724.4000,1,1,1,1,2,1,5,5,2,4
SF,IF2005,2020-04-13 14:23:46.100,3723.6000,12331,0,7052749860.000,0,-,-,-,-,3723.0000,3722.8000,3722.6000,3722.2000,3721.4000,3723.8000,3724.0000,3724.2000,3724.4000,3724.6000,1,1,1,1,2,5,5,2,4,2
SF,IF2005,2020-04-13 14:23:47.100,3723.6000,12331,0,7052749860.000,0,-,-,-,-,3723.0000,3722.8000,3722.6000,3722.2000,3721.4000,3723.6000,3723.8000,3724.0000,3724.2000,3724.4000,1,1,1,1,2,5,5,5,2,4
SF,IF2005,2020-04-13 14:23:48.100,3723.6000,12331,0,7052749860.000,0,-,-,-,-,3723.0000,3722.8000,3722.6000,3722.2000,3721.4000,3723.8000,3724.0000,3724.2000,3724.4000,3724.6000,1,1,1,1,2,5,5,1,4,2
SF,IF2005,2020-04-13 14:23:48.600,3723.6000,12331,0,7052749860.000,0,-,-,-,-,3722.8000,3722.6000,3722.2000,3721.4000,3721.2000,3723.6000,3723.8000,3724.0000,3724.2000,3724.4000,1,1,1,2,1,1,5,5,1,4
SF,IF2005,2020-04-13 14:23:49.100,3723.6000,12331,0,7052749860.000,0,-,-,-,-,3722.8000,3722.6000,3722.2000,3721.4000,3721.2000,3723.4000,3723.6000,3723.8000,3724.0000,3724.2000,1,1,1,2,1,5,1,5,5,1
SF,IF2005,2020-04-13 14:23:51.100,3722.8000,12331,0,7053866700.000,1,0,1,空换,B,3722.6000,3722.2000,3721.4000,3721.2000,3721.0000,3723.4000,3723.6000,3723.8000,3724.0000,3724.2000,1,1,2,1,1,5,1,5,5,1
SF,IF2005,2020-04-13 14:23:53.600,3722.8000,12331,0,7053866700.000,0,-,-,-,-,3722.6000,3722.2000,3721.4000,3721.2000,3721.0000,3722.8000,3723.4000,3723.6000,3723.8000,3724.0000,1,1,2,1,1,1,5,1,5,5
SF,IF2005,2020-04-13 14:23:54.100,3722.8000,12332,1,7054983540.000,1,1,0,双开,B,3722.6000,3722.2000,3721.4000,3721.2000,3721.0000,3723.4000,3723.6000,3723.8000,3724.2000,3724.4000,1,1,2,1,1,5,1,5,1,4
SF,IF2005,2020-04-13 14:23:54.600,3722.8000,12332,0,7054983540.000,0,-,-,-,-,3722.6000,3722.2000,3721.4000,3721.2000,3721.0000,3722.8000,3723.2000,3723.4000,3723.6000,3723.8000,1,1,2,1,1,5,1,5,1,5
SF,IF2005,2020-04-13 14:23:55.100,3722.6000,12333,1,7056100320.000,1,1,0,双开,B,3722.2000,3721.4000,3721.2000,3721.0000,3720.6000,3723.2000,3723.4000,3723.6000,3723.8000,3724.2000,1,2,1,1,3,1,5,1,7,1
SF,IF2005,2020-04-13 14:23:55.600,3722.6000,12333,0,7056100320.000,0,-,-,-,-,3722.2000,3721.4000,3721.2000,3721.0000,3720.6000,3722.8000,3723.0000,3723.4000,3723.6000,3723.8000,1,2,1,1,3,5,5,5,1,7
SF,IF2005,2020-04-13 14:23:56.100,3722.2000,12334,1,7057216980.000,1,1,0,双开,B,3721.4000,3721.2000,3721.0000,3720.6000,3720.2000,3722.8000,3723.0000,3723.4000,3723.6000,3723.8000,2,1,1,3,1,6,5,5,1,7
SF,IF2005,2020-04-13 14:23:56.600,3722.2000,12334,0,7057216980.000,0,-,-,-,-,3721.6000,3721.4000,3721.0000,3720.2000,3720.0000,3722.6000,3722.8000,3723.0000,3723.4000,3723.6000,2,2,1,1,4,3,6,2,5,1
SF,IF2005,2020-04-13 14:23:57.100,3722.2000,12334,0,7057216980.000,0,-,-,-,-,3721.6000,3721.0000,3720.2000,3720.0000,3719.4000,3722.4000,3722.6000,3722.8000,3723.0000,3723.4000,1,1,1,4,1,1,4,5,1,5
SF,IF2005,2020-04-13 14:23:57.600,3722.2000,12334,0,7057216980.000,0,-,-,-,-,3721.6000,3721.0000,3720.2000,3720.0000,3719.4000,3722.0000,3722.2000,3722.6000,3722.8000,3723.0000,1,1,1,3,1,5,4,1,5,1
SF,IF2005,2020-04-13 14:23:58.100,3722.2000,12334,0,7057216980.000,0,-,-,-,-,3721.0000,3720.2000,3720.0000,3719.4000,3719.0000,3722.0000,3722.2000,3722.6000,3722.8000,3723.0000,1,1,3,1,7,5,4,1,5,1
SF,IF2005,2020-04-13 14:23:59.100,3722.2000,12334,0,7057216980.000,0,-,-,-,-,3721.0000,3720.2000,3720.0000,3719.4000,3719.0000,3722.0000,3722.2000,3722.6000,3722.8000,3723.0000,1,1,3,1,7,5,3,1,5,1
SF,IF2005,2020-04-13 14:23:59.600,3722.2000,12334,0,7057216980.000,0,-,-,-,-,3721.2000,3721.0000,3720.2000,3720.0000,3719.4000,3722.2000,3722.6000,3722.8000,3723.0000,3723.8000,5,1,1,3,1,1,1,5,1,2
SF,IF2005,2020-04-13 14:24:00.100,3722.2000,12334,0,7057216980.000,0,-,-,-,-,3721.6000,3721.2000,3721.0000,3720.2000,3720.0000,3722.2000,3722.6000,3722.8000,3723.0000,3723.8000,1,4,1,1,3,1,1,5,1,2
SF,IF2005,2020-04-13 14:24:00.600,3722.2000,12335,1,7058333640.000,1,1,0,双开,B,3721.6000,3721.2000,3721.0000,3720.2000,3720.0000,3722.6000,3722.8000,3723.0000,3723.8000,3724.4000,1,4,1,1,3,1,5,1,2,2
SF,IF2005,2020-04-13 14:24:01.100,3722.2000,12335,0,7058333640.000,0,-,-,-,-,3721.6000,3721.2000,3721.0000,3720.2000,3720.0000,3722.4000,3722.6000,3722.8000,3723.0000,3723.8000,1,3,1,1,3,3,1,5,1,2
SF,IF2005,2020-04-13 14:24:01.600,3722.2000,12335,0,7058333640.000,0,-,-,-,-,3721.6000,3721.2000,3721.0000,3720.2000,3720.0000,3722.4000,3722.6000,3722.8000,3723.0000,3723.8000,1,2,1,1,3,2,1,5,1,2
SF,IF2005,2020-04-13 14:24:02.100,3722.2000,12335,0,7058333640.000,0,-,-,-,-,3721.8000,3721.6000,3721.2000,3721.0000,3720.2000,3722.6000,3722.8000,3723.0000,3723.8000,3724.4000,1,1,2,1,1,1,5,1,2,2
SF,IF2005,2020-04-13 14:24:02.600,3722.2000,12335,0,7058333640.000,0,-,-,-,-,3722.4000,3721.8000,3721.6000,3721.2000,3721.0000,3722.6000,3722.8000,3723.0000,3723.8000,3724.4000,1,1,1,2,1,1,5,1,2,2
SF,IF2005,2020-04-13 14:24:03.100,3722.4000,12336,1,7059450360.000,1,1,0,双开,B,3721.8000,3721.6000,3721.2000,3721.0000,3720.2000,3722.2000,3722.4000,3722.8000,3723.0000,3723.8000,1,1,2,1,1,1,5,5,1,2
SF,IF2005,2020-04-13 14:24:03.600,3722.4000,12336,0,7059450360.000,0,-,-,-,-,3721.8000,3721.6000,3721.2000,3721.0000,3720.2000,3722.4000,3722.8000,3723.0000,3723.8000,3724.4000,1,1,2,1,1,6,5,1,2,2
SF,IF2005,2020-04-13 14:24:04.100,3722.4000,12336,0,7059450360.000,0,-,-,-,-,3721.8000,3721.6000,3721.2000,3721.0000,3720.2000,3722.4000,3722.8000,3723.0000,3723.8000,3724.4000,1,1,2,1,1,1,5,1,2,2
SF,IF2005,2020-04-13 14:24:04.600,3722.4000,12337,1,7060567080.000,1,1,0,双开,B,3721.8000,3721.6000,3721.2000,3721.0000,3720.2000,3722.8000,3723.0000,3723.8000,3724.4000,3724.6000,1,1,2,1,1,5,1,2,2,2
SF,IF2005,2020-04-13 14:24:05.100,3722.4000,12337,0,7060567080.000,0,-,-,-,-,3721.8000,3721.6000,3721.2000,3721.0000,3720.2000,3722.4000,3722.6000,3722.8000,3723.0000,3723.8000,1,1,2,1,1,1,3,5,1,2
SF,IF2005,2020-04-13 14:24:05.600,3722.4000,12337,0,7060567080.000,0,-,-,-,-,3721.8000,3721.6000,3721.2000,3721.0000,3720.2000,3722.6000,3722.8000,3723.0000,3723.8000,3724.4000,1,1,2,1,1,3,5,1,2,2
SF,IF2005,2020-04-13 14:24:07.100,3722.4000,12337,0,7060567080.000,0,-,-,-,-,3721.8000,3721.6000,3721.2000,3721.0000,3720.2000,3722.6000,3722.8000,3723.0000,3723.8000,3724.4000,1,1,2,1,1,2,5,1,2,2
SF,IF2005,2020-04-13 14:24:07.600,3722.6000,12338,1,7061683860.000,1,1,0,双开,B,3721.8000,3721.6000,3721.2000,3721.0000,3720.2000,3722.6000,3722.8000,3723.0000,3723.8000,3724.4000,1,1,2,1,1,1,5,1,2,2
SF,IF2005,2020-04-13 14:24:08.100,3722.6000,12338,0,7061683860.000,0,-,-,-,-,3721.8000,3721.6000,3721.2000,3721.0000,3720.2000,3722.8000,3723.0000,3723.8000,3724.4000,3724.6000,1,1,2,1,1,5,1,2,2,2
SF,IF2005,2020-04-13 14:24:08.600,3722.6000,12338,0,7061683860.000,0,-,-,-,-,3721.8000,3721.6000,3721.2000,3721.0000,3720.2000,3722.6000,3722.8000,3723.0000,3723.8000,3724.4000,1,1,2,1,1,5,5,1,2,2
SF,IF2005,2020-04-13 14:24:10.100,3722.6000,12338,0,7061683860.000,0,-,-,-,-,3721.8000,3721.6000,3721.2000,3721.0000,3720.2000,3723.8000,3724.4000,3724.6000,3725.0000,3725.2000,1,1,2,1,1,2,2,2,1,1
SF,IF2005,2020-04-13 14:24:10.600,3723.2000,12339,1,7062800820.000,1,1,0,双开,B,3722.0000,3721.8000,3721.0000,3720.2000,3720.0000,3723.2000,3723.4000,3723.6000,3723.8000,3724.6000,3,1,1,1,3,5,1,4,2,2
SF,IF2005,2020-04-13 14:24:11.100,3723.2000,12339,0,7062800820.000,0,-,-,-,-,3722.0000,3721.8000,3721.0000,3720.2000,3720.0000,3722.8000,3723.0000,3723.2000,3723.4000,3723.6000,4,1,1,1,3,5,4,5,2,4
SF,IF2005,2020-04-13 14:24:11.600,3723.2000,12339,0,7062800820.000,0,-,-,-,-,3722.0000,3721.8000,3721.0000,3720.2000,3720.0000,3722.6000,3722.8000,3723.0000,3723.2000,3723.6000,3,1,1,1,3,1,6,4,5,4
SF,IF2005,2020-04-13 14:24:13.600,3722.6000,12340,1,7063917600.000,1,1,0,双开,B,3722.0000,3721.8000,3721.0000,3720.2000,3720.0000,3722.8000,3723.0000,3723.2000,3723.6000,3723.8000,3,1,1,1,3,6,4,5,4,2
SF,IF2005,2020-04-13 14:24:14.100,3722.6000,12340,0,7063917600.000,0,-,-,-,-,3722.0000,3721.8000,3721.0000,3720.2000,3720.0000,3722.6000,3722.8000,3723.0000,3723.2000,3723.6000,3,1,1,1,3,5,6,4,5,4
SF,IF2005,2020-04-13 14:24:14.600,3722.6000,12340,0,7063917600.000,0,-,-,-,-,3722.0000,3721.8000,3721.0000,3720.2000,3720.0000,3722.6000,3722.8000,3723.0000,3723.2000,3723.6000,3,1,1,1,3,5,6,4,5,4
SF,IF2005,2020-04-13 14:24:15.100,3722.6000,12340,0,7063917600.000,0,-,-,-,-,3722.0000,3721.8000,3721.0000,3720.2000,3720.0000,3722.6000,3722.8000,3723.0000,3723.2000,3723.6000,3,1,1,1,3,5,6,4,5,4
SF,IF2005,2020-04-13 14:24:15.600,3722.6000,12340,0,7063917600.000,0,-,-,-,-,3722.0000,3721.8000,3721.0000,3720.2000,3720.0000,3722.6000,3722.8000,3723.0000,3723.2000,3723.6000,3,1,1,1,3,5,6,4,5,4
SF,IF2005,2020-04-13 14:24:16.100,3722.6000,12342,2,7066151160.000,2,2,0,双开,B,3722.0000,3721.8000,3721.0000,3720.2000,3720.0000,3722.6000,3722.8000,3723.0000,3723.2000,3723.6000,3,1,1,1,3,4,6,4,5,4
SF,IF2005,2020-04-13 14:24:16.600,3722.6000,12342,0,7066151160.000,0,-,-,-,-,3722.0000,3721.8000,3721.0000,3720.2000,3720.0000,3722.6000,3722.8000,3723.0000,3723.2000,3723.6000,3,1,1,1,3,3,6,4,5,4
SF,IF2005,2020-04-13 14:24:17.100,3722.6000,12342,0,7066151160.000,0,-,-,-,-,3722.0000,3721.8000,3721.0000,3720.2000,3720.0000,3722.6000,3722.8000,3723.0000,3723.2000,3723.6000,3,1,1,1,3,4,6,4,5,4
SF,IF2005,2020-04-13 14:24:17.600,3722.6000,12343,1,7067267940.000,1,1,0,双开,B,3722.0000,3721.8000,3721.0000,3720.2000,3720.0000,3722.6000,3722.8000,3723.0000,3723.2000,3723.6000,3,1,1,1,3,2,6,4,5,4
SF,IF2005,2020-04-13 14:24:18.100,3722.6000,12344,1,7068384720.000,1,1,0,双开,B,3722.0000,3721.8000,3721.0000,3720.2000,3720.0000,3722.6000,3722.8000,3723.0000,3723.2000,3723.6000,3,1,1,1,3,1,6,4,5,4
SF,IF2005,2020-04-13 14:24:18.600,3722.6000,12344,0,7068384720.000,0,-,-,-,-,3722.0000,3721.8000,3721.0000,3720.2000,3720.0000,3722.8000,3723.0000,3723.2000,3723.6000,3723.8000,3,1,1,1,3,6,4,5,4,2
SF,IF2005,2020-04-13 14:24:19.100,3722.6000,12344,0,7068384720.000,0,-,-,-,-,3722.0000,3721.8000,3721.0000,3720.2000,3720.0000,3722.8000,3723.0000,3723.2000,3723.6000,3723.8000,3,1,1,1,3,6,4,5,4,2
SF,IF2005,2020-04-13 14:24:19.600,3722.6000,12344,0,7068384720.000,0,-,-,-,-,3722.0000,3721.8000,3721.0000,3720.2000,3720.0000,3722.8000,3723.0000,3723.2000,3723.6000,3723.8000,3,1,1,1,3,1,4,5,4,2
SF,IF2005,2020-04-13 14:24:20.100,3722.6000,12344,0,7068384720.000,0,-,-,-,-,3722.0000,3721.8000,3721.0000,3720.2000,3720.0000,3723.0000,3723.2000,3723.6000,3723.8000,3724.6000,3,1,1,1,3,4,5,4,2,1
SF,IF2005,2020-04-13 14:24:20.600,3722.6000,12344,0,7068384720.000,0,-,-,-,-,3722.0000,3721.8000,3721.0000,3720.2000,3720.0000,3722.8000,3723.0000,3723.2000,3723.6000,3723.8000,3,1,1,1,3,5,5,5,4,2
SF,IF2005,2020-04-13 14:24:21.100,3722.6000,12344,0,7068384720.000,0,-,-,-,-,3722.0000,3721.8000,3721.0000,3720.2000,3720.0000,3722.8000,3723.0000,3723.2000,3723.6000,3723.8000,3,1,1,1,3,5,4,5,4,2
SF,IF2005,2020-04-13 14:24:21.600,3722.6000,12344,0,7068384720.000,0,-,-,-,-,3722.0000,3721.8000,3721.0000,3720.2000,3720.0000,3722.8000,3723.0000,3723.2000,3723.6000,3723.8000,3,1,1,1,3,5,4,5,3,2
SF,IF2005,2020-04-13 14:24:22.100,3722.8000,12345,1,7069501560.000,1,1,0,双开,B,3722.0000,3721.8000,3721.0000,3720.2000,3720.0000,3722.8000,3723.0000,3723.2000,3723.6000,3723.8000,3,1,1,1,3,4,4,5,3,2
SF,IF2005,2020-04-13 14:24:22.600,3722.8000,12345,0,7069501560.000,0,-,-,-,-,3722.0000,3721.8000,3721.0000,3720.2000,3720.0000,3723.0000,3723.2000,3723.6000,3723.8000,3724.6000,3,1,1,1,3,4,5,2,2,1
SF,IF2005,2020-04-13 14:24:23.100,3722.8000,12345,0,7069501560.000,0,-,-,-,-,3722.2000,3722.0000,3721.0000,3720.2000,3720.0000,3723.2000,3723.6000,3723.8000,3724.6000,3725.0000,2,3,1,1,3,5,2,2,1,1
SF,IF2005,2020-04-13 14:24:23.600,3722.8000,12345,0,7069501560.000,0,-,-,-,-,3722.2000,3722.0000,3721.0000,3720.2000,3720.0000,3723.0000,3723.2000,3723.6000,3723.8000,3724.6000,2,3,1,1,3,5,5,2,2,1
SF,IF2005,2020-04-13 14:24:24.100,3723.2000,12346,1,7070618520.000,1,1,0,双开,B,3722.2000,3722.0000,3721.0000,3720.2000,3720.0000,3723.2000,3723.6000,3723.8000,3724.6000,3725.0000,2,3,1,1,3,4,2,2,1,1
SF,IF2005,2020-04-13 14:24:24.600,3723.2000,12346,0,7070618520.000,0,-,-,-,-,3722.4000,3722.2000,3722.0000,3721.0000,3720.2000,3723.6000,3723.8000,3724.6000,3725.0000,3725.2000,2,2,1,1,1,2,2,1,1,1
SF,IF2005,2020-04-13 14:24:25.100,3723.2000,12346,0,7070618520.000,0,-,-,-,-,3722.4000,3722.2000,3722.0000,3721.0000,3720.2000,3723.2000,3723.4000,3723.6000,3723.8000,3724.6000,2,2,1,1,1,5,3,2,2,1
SF,IF2005,2020-04-13 14:24:25.600,3723.2000,12346,0,7070618520.000,0,-,-,-,-,3722.4000,3722.2000,3722.0000,3721.0000,3720.2000,3723.0000,3723.2000,3723.4000,3723.6000,3723.8000,2,2,1,1,1,4,7,8,2,2
SF,IF2005,2020-04-13 14:24:26.100,3723.2000,12346,0,7070618520.000,0,-,-,-,-,3722.2000,3722.0000,3721.0000,3720.2000,3720.0000,3723.0000,3723.2000,3723.4000,3723.6000,3723.8000,2,1,1,1,3,5,7,8,2,2
SF,IF2005,2020-04-13 14:24:26.600,3723.2000,12346,0,7070618520.000,0,-,-,-,-,3722.2000,3722.0000,3721.0000,3720.2000,3720.0000,3723.0000,3723.2000,3723.4000,3723.6000,3723.8000,2,1,1,1,3,4,7,8,2,2
SF,IF2005,2020-04-13 14:24:27.100,3723.2000,12346,0,7070618520.000,0,-,-,-,-,3722.2000,3722.0000,3721.0000,3720.2000,3720.0000,3722.8000,3723.0000,3723.2000,3723.4000,3723.6000,2,1,1,1,3,1,4,7,8,2
SF,IF2005,2020-04-13 14:24:27.600,3723.2000,12346,0,7070618520.000,0,-,-,-,-,3722.2000,3722.0000,3721.0000,3720.2000,3720.0000,3722.8000,3723.0000,3723.2000,3723.4000,3723.6000,2,1,1,1,3,2,4,7,8,2
SF,IF2005,2020-04-13 14:24:28.100,3722.8000,12347,1,7071735360.000,1,1,0,双开,B,3722.2000,3722.0000,3721.0000,3720.2000,3720.0000,3723.0000,3723.2000,3723.4000,3723.6000,3723.8000,2,1,1,1,3,4,7,8,2,2
SF,IF2005,2020-04-13 14:24:28.600,3722.8000,12347,0,7071735360.000,0,-,-,-,-,3722.4000,3722.2000,3722.0000,3721.0000,3720.2000,3723.2000,3723.4000,3723.6000,3723.8000,3724.6000,2,2,1,1,1,6,2,2,2,1
SF,IF2005,2020-04-13 14:24:29.100,3722.8000,12347,0,7071735360.000,0,-,-,-,-,3722.4000,3722.2000,3722.0000,3721.0000,3720.2000,3723.0000,3723.2000,3723.4000,3723.6000,3723.8000,2,2,1,1,1,4,6,2,2,2
SF,IF2005,2020-04-13 14:24:29.600,3722.8000,12347,0,7071735360.000,0,-,-,-,-,3722.4000,3722.2000,3722.0000,3721.0000,3720.2000,3723.0000,3723.2000,3723.4000,3723.6000,3723.8000,2,2,1,1,1,4,6,2,2,2
SF,IF2005,2020-04-13 14:24:30.100,3722.8000,12347,0,7071735360.000,0,-,-,-,-,3722.4000,3722.2000,3722.0000,3721.0000,3720.2000,3723.0000,3723.2000,3723.4000,3723.6000,3723.8000,2,2,1,1,1,4,6,2,2,2
SF,IF2005,2020-04-13 14:24:30.600,3722.4000,12348,1,7072852080.000,1,1,0,双开,B,3722.4000,3722.2000,3722.0000,3721.0000,3720.2000,3723.0000,3723.2000,3723.4000,3723.6000,3723.8000,1,2,1,1,1,4,6,2,2,2
SF,IF2005,2020-04-13 14:24:31.100,3722.4000,12348,0,7073968800.000,1,0,1,空换,B,3722.2000,3722.0000,3721.0000,3720.2000,3720.0000,3722.6000,3722.8000,3723.0000,3723.4000,3723.6000,2,1,1,1,3,2,1,4,2,2
SF,IF2005,2020-04-13 14:24:31.600,3722.2000,12349,1,7075085460.000,1,1,0,双开,B,3722.2000,3722.0000,3721.0000,3720.2000,3720.0000,3722.8000,3723.0000,3723.4000,3723.6000,3723.8000,1,1,1,1,3,5,4,2,2,2
SF,IF2005,2020-04-13 14:24:32.100,3722.2000,12349,0,7075085460.000,0,-,-,-,-,3722.2000,3722.0000,3721.0000,3720.2000,3720.0000,3722.8000,3723.0000,3723.4000,3723.6000,3723.8000,1,1,1,1,3,5,4,2,2,2
SF,IF2005,2020-04-13 14:24:32.600,3722.2000,12349,0,7075085460.000,0,-,-,-,-,3722.2000,3722.0000,3721.0000,3720.2000,3720.0000,3722.8000,3723.0000,3723.4000,3723.6000,3723.8000,1,1,1,1,3,5,4,2,2,2
SF,IF2005,2020-04-13 14:24:33.100,3722.8000,12350,1,7076202300.000,1,1,0,双开,B,3722.2000,3722.0000,3721.0000,3720.2000,3720.0000,3722.8000,3723.0000,3723.4000,3723.6000,3723.8000,1,1,1,1,3,4,4,2,2,2
SF,IF2005,2020-04-13 14:24:33.600,3722.8000,12350,0,7076202300.000,0,-,-,-,-,3722.2000,3722.0000,3721.0000,3720.2000,3720.0000,3722.8000,3723.0000,3723.4000,3723.6000,3723.8000,1,1,1,1,3,4,4,2,2,2
SF,IF2005,2020-04-13 14:24:34.100,3722.8000,12350,0,7076202300.000,0,-,-,-,-,3722.2000,3722.0000,3721.0000,3720.2000,3720.0000,3722.8000,3723.0000,3723.4000,3723.6000,3723.8000,1,1,1,1,3,4,4,2,2,2
SF,IF2005,2020-04-13 14:24:34.600,3722.8000,12350,0,7076202300.000,0,-,-,-,-,3722.2000,3722.0000,3721.0000,3720.2000,3720.0000,3722.8000,3723.0000,3723.4000,3723.6000,3723.8000,1,1,1,1,3,4,4,2,2,2
SF,IF2005,2020-04-13 14:24:35.100,3722.8000,12350,0,7076202300.000,0,-,-,-,-,3722.2000,3722.0000,3721.0000,3720.2000,3720.0000,3722.8000,3723.0000,3723.4000,3723.6000,3723.8000,1,1,1,1,3,5,4,2,2,2
SF,IF2005,2020-04-13 14:24:35.600,3722.8000,12350,0,7076202300.000,0,-,-,-,-,3722.2000,3722.0000,3721.0000,3720.2000,3720.0000,3722.8000,3723.0000,3723.4000,3723.6000,3723.8000,1,1,1,1,3,4,4,2,2,2
SF,IF2005,2020-04-13 14:24:36.100,3722.8000,12350,0,7076202300.000,0,-,-,-,-,3722.2000,3722.0000,3721.0000,3720.2000,3720.0000,3722.8000,3723.0000,3723.4000,3723.6000,3723.8000,1,1,1,1,3,4,4,2,2,2
SF,IF2005,2020-04-13 14:24:36.600,3722.8000,12350,0,7076202300.000,0,-,-,-,-,3722.2000,3722.0000,3721.0000,3720.2000,3720.0000,3722.8000,3723.0000,3723.4000,3723.6000,3723.8000,1,1,1,1,3,4,4,2,2,2
SF,IF2005,2020-04-13 14:24:37.100,3722.8000,12350,0,7076202300.000,0,-,-,-,-,3722.0000,3721.0000,3720.2000,3720.0000,3719.4000,3722.8000,3723.0000,3723.4000,3723.6000,3723.8000,1,1,1,3,1,4,4,2,2,2
SF,IF2005,2020-04-13 14:24:37.600,3722.8000,12350,0,7076202300.000,0,-,-,-,-,3722.0000,3721.0000,3720.2000,3720.0000,3719.4000,3722.8000,3723.0000,3723.4000,3723.6000,3723.8000,1,1,1,3,1,4,4,2,2,2
SF,IF2005,2020-04-13 14:24:38.100,3722.8000,12350,0,7076202300.000,0,-,-,-,-,3722.0000,3721.0000,3720.2000,3720.0000,3719.4000,3722.8000,3723.0000,3723.4000,3723.6000,3723.8000,1,1,1,3,1,4,4,2,2,2
SF,IF2005,2020-04-13 14:24:38.600,3722.8000,12350,0,7076202300.000,0,-,-,-,-,3722.0000,3721.0000,3720.2000,3720.0000,3719.4000,3722.8000,3723.0000,3723.4000,3723.6000,3723.8000,1,1,1,3,1,4,4,2,2,2
SF,IF2005,2020-04-13 14:24:39.100,3722.8000,12350,0,7076202300.000,0,-,-,-,-,3722.0000,3721.0000,3720.2000,3720.0000,3719.4000,3722.6000,3722.8000,3723.0000,3723.4000,3723.6000,1,1,1,3,1,1,4,4,2,2
SF,IF2005,2020-04-13 14:24:39.600,3722.8000,12350,0,7076202300.000,0,-,-,-,-,3722.0000,3721.0000,3720.2000,3720.0000,3719.4000,3722.6000,3722.8000,3723.0000,3723.4000,3723.6000,1,1,1,3,1,2,4,4,2,2
SF,IF2005,2020-04-13 14:24:40.100,3722.8000,12350,0,7076202300.000,0,-,-,-,-,3722.0000,3721.0000,3720.2000,3720.0000,3719.4000,3722.6000,3722.8000,3723.0000,3723.4000,3723.6000,1,1,1,3,1,1,4,4,2,2
SF,IF2005,2020-04-13 14:24:40.600,3722.8000,12350,0,7076202300.000,0,-,-,-,-,3722.0000,3721.0000,3720.2000,3720.0000,3719.4000,3722.6000,3722.8000,3723.0000,3723.4000,3723.6000,1,1,1,3,1,1,4,4,2,2
SF,IF2005,2020-04-13 14:24:41.100,3722.8000,12350,0,7076202300.000,0,-,-,-,-,3722.0000,3721.0000,3720.2000,3720.0000,3719.4000,3722.6000,3722.8000,3723.0000,3723.4000,3723.6000,1,1,1,3,1,2,4,4,2,2
SF,IF2005,2020-04-13 14:24:41.600,3722.8000,12350,0,7076202300.000,0,-,-,-,-,3722.0000,3721.0000,3720.2000,3720.0000,3719.4000,3722.6000,3722.8000,3723.0000,3723.4000,3723.6000,1,1,1,3,1,1,4,4,2,2
SF,IF2005,2020-04-13 14:24:42.100,3722.6000,12350,0,7077319080.000,1,0,1,空换,B,3722.0000,3721.0000,3720.2000,3720.0000,3719.4000,3722.8000,3723.0000,3723.4000,3723.6000,3723.8000,1,1,1,3,1,4,4,2,2,2
SF,IF2005,2020-04-13 14:24:42.600,3722.6000,12350,0,7077319080.000,0,-,-,-,-,3722.0000,3721.0000,3720.2000,3720.0000,3719.4000,3722.6000,3722.8000,3723.0000,3723.6000,3723.8000,1,1,1,3,1,2,4,4,2,2
SF,IF2005,2020-04-13 14:24:43.100,3722.0000,12350,0,7078435680.000,1,0,1,空换,B,3721.0000,3720.2000,3720.0000,3719.4000,3719.2000,3722.6000,3722.8000,3723.0000,3723.6000,3723.8000,1,1,3,1,4,2,4,4,2,2
SF,IF2005,2020-04-13 14:24:43.600,3722.0000,12350,0,7078435680.000,0,-,-,-,-,3721.4000,3721.2000,3721.0000,3720.2000,3720.0000,3722.6000,3722.8000,3723.0000,3723.6000,3723.8000,2,4,1,1,3,3,4,4,2,2
SF,IF2005,2020-04-13 14:24:44.100,3722.0000,12350,0,7078435680.000,0,-,-,-,-,3721.4000,3721.2000,3721.0000,3720.2000,3720.0000,3722.6000,3722.8000,3723.0000,3723.6000,3723.8000,2,4,1,1,3,3,5,4,2,2
SF,IF2005,2020-04-13 14:24:44.600,3722.0000,12350,0,7078435680.000,0,-,-,-,-,3721.4000,3721.2000,3721.0000,3720.2000,3720.0000,3722.6000,3722.8000,3723.0000,3723.6000,3723.8000,2,4,1,1,3,3,5,4,2,2
SF,IF2005,2020-04-13 14:24:45.100,3722.0000,12350,0,7078435680.000,0,-,-,-,-,3721.4000,3721.2000,3721.0000,3720.2000,3720.0000,3722.6000,3722.8000,3723.0000,3723.6000,3723.8000,2,4,1,1,3,2,5,4,2,2
SF,IF2005,2020-04-13 14:24:45.600,3722.0000,12350,0,7078435680.000,0,-,-,-,-,3721.8000,3721.4000,3721.2000,3721.0000,3720.2000,3722.6000,3722.8000,3723.0000,3723.6000,3723.8000,1,1,4,1,1,2,5,4,2,2
SF,IF2005,2020-04-13 14:24:46.100,3722.0000,12350,0,7078435680.000,0,-,-,-,-,3721.8000,3721.4000,3721.2000,3721.0000,3720.2000,3722.6000,3722.8000,3723.0000,3723.6000,3723.8000,1,1,4,1,1,2,5,4,2,2
SF,IF2005,2020-04-13 14:24:46.600,3722.0000,12350,0,7078435680.000,0,-,-,-,-,3721.8000,3721.4000,3721.2000,3721.0000,3720.2000,3722.6000,3722.8000,3723.0000,3723.6000,3723.8000,1,1,4,1,1,2,5,4,2,2
SF,IF2005,2020-04-13 14:24:47.100,3722.0000,12350,0,7078435680.000,0,-,-,-,-,3721.8000,3721.4000,3721.2000,3721.0000,3720.2000,3722.6000,3722.8000,3723.0000,3723.6000,3723.8000,1,1,3,1,1,3,5,4,2,2
SF,IF2005,2020-04-13 14:24:47.600,3722.0000,12350,0,7078435680.000,0,-,-,-,-,3721.8000,3721.4000,3721.2000,3721.0000,3720.2000,3722.6000,3722.8000,3723.0000,3723.6000,3723.8000,1,1,3,1,1,2,5,4,2,2
SF,IF2005,2020-04-13 14:24:48.100,3722.0000,12350,0,7078435680.000,0,-,-,-,-,3721.8000,3721.4000,3721.2000,3721.0000,3720.2000,3722.6000,3722.8000,3723.0000,3723.6000,3723.8000,1,1,3,1,1,3,5,4,2,2
SF,IF2005,2020-04-13 14:24:48.600,3722.0000,12350,0,7078435680.000,0,-,-,-,-,3721.8000,3721.4000,3721.2000,3721.0000,3720.2000,3722.6000,3722.8000,3723.0000,3723.6000,3723.8000,1,1,3,1,1,2,5,4,2,2
SF,IF2005,2020-04-13 14:24:49.100,3722.0000,12350,0,7078435680.000,0,-,-,-,-,3721.8000,3721.4000,3721.2000,3721.0000,3720.2000,3722.6000,3722.8000,3723.0000,3723.6000,3723.8000,1,1,3,1,1,2,5,4,2,2
SF,IF2005,2020-04-13 14:24:49.600,3722.0000,12350,0,7078435680.000,0,-,-,-,-,3721.8000,3721.4000,3721.2000,3721.0000,3720.2000,3722.6000,3722.8000,3723.0000,3723.6000,3723.8000,1,1,3,1,1,2,5,4,2,2
SF,IF2005,2020-04-13 14:24:50.100,3722.0000,12350,0,7078435680.000,0,-,-,-,-,3721.8000,3721.4000,3721.2000,3721.0000,3720.2000,3722.6000,3722.8000,3723.0000,3723.6000,3723.8000,1,1,3,2,1,2,5,4,2,2
SF,IF2005,2020-04-13 14:24:50.600,3722.0000,12350,0,7078435680.000,0,-,-,-,-,3721.8000,3721.4000,3721.2000,3721.0000,3720.2000,3722.6000,3722.8000,3723.0000,3723.6000,3723.8000,1,1,3,2,1,2,5,4,2,2
SF,IF2005,2020-04-13 14:24:51.100,3722.0000,12350,0,7078435680.000,0,-,-,-,-,3721.8000,3721.4000,3721.2000,3721.0000,3720.2000,3722.6000,3722.8000,3723.0000,3723.6000,3723.8000,1,1,3,2,1,3,5,4,2,2
SF,IF2005,2020-04-13 14:24:51.600,3722.0000,12350,0,7078435680.000,0,-,-,-,-,3721.8000,3721.4000,3721.2000,3721.0000,3720.2000,3722.6000,3722.8000,3723.0000,3723.6000,3723.8000,1,1,3,2,1,2,5,4,2,2
SF,IF2005,2020-04-13 14:24:52.600,3722.0000,12350,0,7078435680.000,0,-,-,-,-,3721.8000,3721.4000,3721.2000,3721.0000,3720.2000,3722.6000,3722.8000,3723.0000,3723.6000,3723.8000,1,1,3,2,1,2,5,4,2,2
SF,IF2005,2020-04-13 14:24:53.100,3722.0000,12350,0,7078435680.000,0,-,-,-,-,3721.8000,3721.4000,3721.2000,3721.0000,3720.2000,3722.6000,3722.8000,3723.0000,3723.6000,3723.8000,1,1,3,2,1,2,5,4,2,2
SF,IF2005,2020-04-13 14:24:53.600,3722.0000,12350,0,7078435680.000,0,-,-,-,-,3721.8000,3721.4000,3721.2000,3721.0000,3720.2000,3722.6000,3722.8000,3723.0000,3723.6000,3723.8000,1,1,3,2,1,2,5,4,2,2
SF,IF2005,2020-04-13 14:24:54.100,3722.0000,12350,0,7078435680.000,0,-,-,-,-,3721.8000,3721.4000,3721.2000,3721.0000,3720.2000,3722.6000,3722.8000,3723.0000,3723.6000,3723.8000,1,1,3,2,1,2,5,4,2,2
SF,IF2005,2020-04-13 14:24:54.600,3722.0000,12350,0,7078435680.000,0,-,-,-,-,3721.8000,3721.4000,3721.2000,3721.0000,3720.2000,3722.6000,3722.8000,3723.0000,3723.6000,3723.8000,1,1,3,2,1,3,5,4,2,2
SF,IF2005,2020-04-13 14:24:55.100,3722.0000,12350,0,7078435680.000,0,-,-,-,-,3721.8000,3721.4000,3721.2000,3721.0000,3720.2000,3722.6000,3722.8000,3723.0000,3723.6000,3723.8000,1,1,3,2,1,2,5,4,2,2
SF,IF2005,2020-04-13 14:24:55.600,3722.0000,12350,0,7078435680.000,0,-,-,-,-,3721.8000,3721.4000,3721.2000,3721.0000,3720.2000,3722.6000,3722.8000,3723.0000,3723.6000,3723.8000,1,1,3,2,1,2,5,4,2,2
SF,IF2005,2020-04-13 14:24:56.100,3722.0000,12350,0,7078435680.000,0,-,-,-,-,3721.8000,3721.4000,3721.2000,3721.0000,3720.2000,3722.6000,3722.8000,3723.0000,3723.6000,3723.8000,1,1,3,2,1,2,5,4,2,2
SF,IF2005,2020-04-13 14:24:56.600,3722.0000,12350,0,7078435680.000,0,-,-,-,-,3721.8000,3721.4000,3721.2000,3721.0000,3720.2000,3722.6000,3722.8000,3723.0000,3723.6000,3723.8000,1,1,3,2,1,3,5,4,2,2
SF,IF2005,2020-04-13 14:24:57.100,3722.6000,12352,2,7080669240.000,2,2,0,双开,B,3721.8000,3721.4000,3721.2000,3721.0000,3720.2000,3722.8000,3723.0000,3723.6000,3723.8000,3724.6000,1,1,3,2,1,5,4,2,2,1
SF,IF2005,2020-04-13 14:24:57.600,3722.6000,12352,0,7080669240.000,0,-,-,-,-,3721.8000,3721.4000,3721.2000,3721.0000,3720.2000,3722.8000,3723.0000,3723.6000,3723.8000,3724.6000,1,1,3,2,1,5,4,2,2,1
SF,IF2005,2020-04-13 14:24:58.100,3722.6000,12352,0,7080669240.000,0,-,-,-,-,3721.8000,3721.4000,3721.2000,3721.0000,3720.2000,3722.8000,3723.0000,3723.6000,3723.8000,3724.6000,1,1,3,2,1,5,4,2,2,1
SF,IF2005,2020-04-13 14:24:58.600,3722.6000,12352,0,7080669240.000,0,-,-,-,-,3721.8000,3721.4000,3721.2000,3721.0000,3720.2000,3722.8000,3723.0000,3723.6000,3723.8000,3724.6000,1,1,3,2,1,5,4,2,2,1
SF,IF2005,2020-04-13 14:24:59.100,3722.8000,12353,1,7081786080.000,1,1,0,双开,B,3721.8000,3721.4000,3721.2000,3721.0000,3720.2000,3722.8000,3723.0000,3723.6000,3723.8000,3724.6000,1,1,3,2,1,5,4,2,2,1
SF,IF2005,2020-04-13 14:24:59.600,3722.8000,12353,0,7081786080.000,0,-,-,-,-,3722.0000,3721.8000,3721.4000,3721.2000,3721.0000,3722.8000,3723.0000,3723.6000,3723.8000,3724.6000,2,1,1,1,2,5,4,2,2,1
SF,IF2005,2020-04-13 14:25:01.600,3722.8000,12353,0,7081786080.000,0,-,-,-,-,3722.0000,3721.8000,3721.0000,3720.2000,3720.0000,3722.8000,3723.0000,3723.6000,3723.8000,3724.6000,2,1,2,1,3,5,4,2,2,1
SF,IF2005,2020-04-13 14:25:02.100,3722.8000,12354,1,7082902920.000,1,1,0,双开,B,3722.0000,3721.8000,3721.0000,3720.2000,3720.0000,3722.8000,3723.0000,3723.6000,3723.8000,3724.6000,2,1,2,1,3,4,4,2,2,1
SF,IF2005,2020-04-13 14:25:03.600,3722.8000,12354,0,7082902920.000,0,-,-,-,-,3722.0000,3721.8000,3721.0000,3720.2000,3720.0000,3722.8000,3723.0000,3723.6000,3723.8000,3724.6000,2,1,2,1,3,4,4,2,2,1
SF,IF2005,2020-04-13 14:25:04.600,3722.0000,12355,1,7085136120.000,2,1,1,多开,B,3721.8000,3721.0000,3720.2000,3720.0000,3719.4000,3722.4000,3722.6000,3722.8000,3723.6000,3723.8000,1,2,1,3,1,7,2,4,2,2
SF,IF2005,2020-04-13 14:25:05.100,3722.0000,12355,0,7085136120.000,0,-,-,-,-,3721.8000,3721.0000,3720.2000,3720.0000,3719.4000,3722.0000,3722.6000,3722.8000,3723.6000,3723.8000,1,2,1,3,1,1,4,4,2,2
SF,IF2005,2020-04-13 14:25:05.600,3722.0000,12356,1,7086252720.000,1,1,0,双开,B,3722.0000,3721.8000,3721.0000,3720.2000,3720.0000,3722.6000,3722.8000,3723.6000,3723.8000,3724.6000,1,1,2,1,3,4,4,2,2,1
SF,IF2005,2020-04-13 14:25:06.100,3722.0000,12356,0,7086252720.000,0,-,-,-,-,3722.2000,3722.0000,3721.0000,3720.2000,3720.0000,3722.8000,3723.6000,3723.8000,3724.6000,3725.0000,1,1,2,1,3,4,2,2,1,1
SF,IF2005,2020-04-13 14:25:06.600,3722.0000,12356,0,7086252720.000,0,-,-,-,-,3722.4000,3722.0000,3721.0000,3720.2000,3720.0000,3722.8000,3723.6000,3723.8000,3724.6000,3725.0000,1,1,2,1,3,4,2,2,1,1
SF,IF2005,2020-04-13 14:25:07.100,3722.0000,12356,0,7086252720.000,0,-,-,-,-,3722.4000,3722.0000,3721.0000,3720.2000,3720.0000,3722.6000,3722.8000,3723.6000,3723.8000,3724.6000,1,1,2,1,3,4,4,2,2,1
SF,IF2005,2020-04-13 14:25:07.600,3722.4000,12357,1,7087369440.000,1,1,0,双开,B,3722.0000,3721.0000,3720.2000,3720.0000,3719.4000,3722.4000,3722.6000,3722.8000,3723.6000,3723.8000,1,2,1,3,1,1,4,4,2,2
SF,IF2005,2020-04-13 14:25:08.100,3722.4000,12357,0,7087369440.000,0,-,-,-,-,3722.0000,3721.0000,3720.2000,3720.0000,3719.4000,3722.4000,3722.6000,3722.8000,3723.6000,3723.8000,1,2,1,4,1,1,4,2,2,2
SF,IF2005,2020-04-13 14:25:09.600,3722.4000,12357,0,7087369440.000,0,-,-,-,-,3722.0000,3721.0000,3720.2000,3720.0000,3719.4000,3722.4000,3722.8000,3723.6000,3723.8000,3724.6000,1,2,1,4,1,1,2,2,2,1
SF,IF2005,2020-04-13 14:25:11.600,3722.0000,12358,1,7088486040.000,1,1,0,双开,B,3721.0000,3720.2000,3720.0000,3719.4000,3719.2000,3722.0000,3722.4000,3722.8000,3723.6000,3723.8000,2,1,4,1,4,2,1,2,2,2
SF,IF2005,2020-04-13 14:25:12.100,3722.0000,12358,0,7088486040.000,0,-,-,-,-,3721.4000,3721.0000,3720.2000,3720.0000,3719.4000,3722.0000,3722.4000,3722.8000,3723.6000,3723.8000,1,2,1,4,1,1,1,2,2,2
SF,IF2005,2020-04-13 14:25:12.600,3722.0000,12358,0,7088486040.000,0,-,-,-,-,3721.4000,3721.0000,3720.2000,3720.0000,3719.4000,3722.0000,3722.8000,3723.6000,3723.8000,3724.6000,1,2,1,4,1,1,2,2,2,1
SF,IF2005,2020-04-13 14:25:13.100,3722.0000,12358,0,7088486040.000,0,-,-,-,-,3721.4000,3721.0000,3720.2000,3720.0000,3719.4000,3721.8000,3722.0000,3722.8000,3723.6000,3724.6000,1,2,1,4,1,4,1,2,2,1
SF,IF2005,2020-04-13 14:25:13.600,3722.0000,12358,0,7088486040.000,0,-,-,-,-,3721.4000,3721.0000,3720.2000,3720.0000,3719.4000,3722.0000,3722.8000,3723.0000,3723.6000,3724.6000,1,2,1,4,1,1,2,2,2,1
SF,IF2005,2020-04-13 14:25:14.100,3722.0000,12358,0,7088486040.000,0,-,-,-,-,3721.4000,3721.0000,3720.2000,3720.0000,3719.4000,3721.8000,3722.0000,3722.4000,3722.8000,3723.0000,1,2,1,4,1,1,1,1,2,2
SF,IF2005,2020-04-13 14:25:15.600,3722.0000,12358,0,7088486040.000,0,-,-,-,-,3721.4000,3721.0000,3720.2000,3720.0000,3719.4000,3721.6000,3721.8000,3722.0000,3722.4000,3722.8000,1,2,1,4,1,4,1,1,1,2
SF,IF2005,2020-04-13 14:25:16.100,3721.8000,12361,3,7091835420.000,3,3,0,双开,B,3721.0000,3720.2000,3720.0000,3719.4000,3719.0000,3722.0000,3722.4000,3722.8000,3723.0000,3723.6000,2,1,4,1,7,1,1,2,2,2
SF,IF2005,2020-04-13 14:25:16.600,3721.8000,12361,0,7091835420.000,0,-,-,-,-,3721.0000,3720.2000,3720.0000,3719.4000,3719.0000,3721.6000,3722.0000,3722.4000,3722.8000,3723.0000,2,1,4,1,7,4,1,1,2,2
SF,IF2005,2020-04-13 14:25:17.600,3721.8000,12361,0,7091835420.000,0,-,-,-,-,3721.0000,3720.2000,3720.0000,3719.4000,3719.0000,3722.0000,3722.4000,3722.8000,3723.0000,3723.6000,2,1,3,1,7,1,1,2,2,2
SF,IF2005,2020-04-13 14:25:18.100,3721.8000,12361,0,7091835420.000,0,-,-,-,-,3721.0000,3720.2000,3720.0000,3719.4000,3719.0000,3721.6000,3721.8000,3722.0000,3722.4000,3722.8000,2,1,3,1,7,4,3,1,1,2
SF,IF2005,2020-04-13 14:25:18.600,3721.8000,12361,0,7091835420.000,0,-,-,-,-,3721.0000,3720.2000,3720.0000,3719.4000,3719.0000,3721.6000,3721.8000,3722.0000,3722.4000,3722.8000,2,1,3,1,7,4,3,3,1,2
SF,IF2005,2020-04-13 14:25:20.100,3721.8000,12361,0,7091835420.000,0,-,-,-,-,3721.0000,3720.2000,3720.0000,3719.4000,3719.0000,3721.6000,3721.8000,3722.0000,3722.4000,3722.8000,2,1,3,1,7,4,3,3,1,2
SF,IF2005,2020-04-13 14:25:21.100,3721.0000,12362,1,7092951720.000,1,1,0,双开,B,3721.0000,3720.2000,3720.0000,3719.4000,3719.0000,3721.6000,3721.8000,3722.0000,3722.4000,3722.8000,1,1,3,1,8,4,3,3,1,1
SF,IF2005,2020-04-13 14:25:21.600,3721.0000,12362,0,7092951720.000,0,-,-,-,-,3721.0000,3720.2000,3720.0000,3719.4000,3719.0000,3721.6000,3721.8000,3722.0000,3722.4000,3722.8000,1,1,3,1,4,4,3,3,1,1
SF,IF2005,2020-04-13 14:25:22.600,3721.0000,12362,0,7092951720.000,0,-,-,-,-,3721.0000,3720.2000,3720.0000,3719.4000,3719.0000,3721.8000,3722.0000,3722.4000,3722.8000,3723.0000,1,1,3,1,4,3,3,1,1,2
SF,IF2005,2020-04-13 14:25:23.600,3721.0000,12362,0,7092951720.000,0,-,-,-,-,3721.0000,3720.2000,3720.0000,3719.4000,3719.0000,3721.6000,3721.8000,3722.0000,3722.4000,3722.8000,1,1,3,1,4,4,3,3,1,1
SF,IF2005,2020-04-13 14:25:25.600,3721.0000,12362,0,7092951720.000,0,-,-,-,-,3721.0000,3720.2000,3720.0000,3719.4000,3719.0000,3721.8000,3722.0000,3722.4000,3722.8000,3723.0000,1,1,3,1,4,3,3,1,1,2
SF,IF2005,2020-04-13 14:25:27.100,3721.0000,12362,0,7092951720.000,0,-,-,-,-,3721.0000,3720.2000,3720.0000,3719.4000,3719.0000,3721.6000,3721.8000,3722.0000,3722.4000,3722.8000,1,1,3,1,4,4,3,3,1,1
SF,IF2005,2020-04-13 14:25:27.600,3721.6000,12363,1,7094068200.000,1,1,0,双开,B,3721.0000,3720.2000,3720.0000,3719.4000,3719.0000,3721.6000,3721.8000,3722.0000,3722.4000,3722.8000,1,1,3,1,4,3,3,3,1,1
SF,IF2005,2020-04-13 14:25:31.100,3721.6000,12363,0,7094068200.000,0,-,-,-,-,3721.0000,3720.2000,3720.0000,3719.4000,3719.0000,3721.8000,3722.0000,3722.4000,3722.8000,3723.0000,1,1,3,1,4,3,3,1,1,2
SF,IF2005,2020-04-13 14:25:32.100,3721.6000,12363,0,7094068200.000,0,-,-,-,-,3721.0000,3720.2000,3720.0000,3719.4000,3719.0000,3721.8000,3722.0000,3722.4000,3722.8000,3723.0000,1,1,3,1,4,2,3,1,1,2
SF,IF2005,2020-04-13 14:25:34.100,3721.6000,12363,0,7094068200.000,0,-,-,-,-,3721.0000,3720.2000,3720.0000,3719.4000,3719.0000,3721.8000,3722.0000,3722.4000,3723.0000,3723.6000,1,1,3,1,4,2,3,1,2,2
SF,IF2005,2020-04-13 14:25:34.600,3721.6000,12363,0,7094068200.000,0,-,-,-,-,3721.0000,3720.2000,3720.0000,3719.4000,3719.0000,3721.8000,3722.0000,3722.4000,3723.0000,3723.6000,1,1,3,1,4,2,3,1,2,2
SF,IF2005,2020-04-13 14:25:35.100,3721.6000,12363,0,7094068200.000,0,-,-,-,-,3721.0000,3720.2000,3720.0000,3719.4000,3719.0000,3721.8000,3722.0000,3722.4000,3723.0000,3723.6000,1,1,3,1,4,2,3,1,2,2
SF,IF2005,2020-04-13 14:25:35.600,3721.6000,12363,0,7094068200.000,0,-,-,-,-,3721.2000,3721.0000,3720.6000,3720.2000,3720.0000,3722.0000,3722.4000,3723.0000,3723.6000,3724.6000,1,1,1,1,3,3,1,2,2,1
SF,IF2005,2020-04-13 14:25:36.100,3721.6000,12363,0,7094068200.000,0,-,-,-,-,3721.2000,3721.0000,3720.6000,3720.2000,3720.0000,3722.0000,3722.4000,3723.0000,3723.6000,3724.6000,2,1,1,1,3,3,1,2,2,1
SF,IF2005,2020-04-13 14:25:36.600,3721.6000,12363,0,7094068200.000,0,-,-,-,-,3721.2000,3721.0000,3720.6000,3720.2000,3720.0000,3722.0000,3722.4000,3723.0000,3723.6000,3724.6000,2,1,1,1,3,3,1,2,2,1
SF,IF2005,2020-04-13 14:25:37.100,3721.6000,12363,0,7094068200.000,0,-,-,-,-,3721.4000,3721.2000,3721.0000,3720.6000,3720.2000,3722.0000,3722.4000,3723.0000,3723.6000,3724.6000,3,2,1,1,1,3,1,2,2,1
SF,IF2005,2020-04-13 14:25:37.600,3722.0000,12363,0,7095184800.000,1,0,1,空换,B,3721.4000,3721.2000,3721.0000,3720.6000,3720.2000,3722.0000,3722.4000,3723.0000,3723.6000,3724.6000,3,2,1,1,1,2,1,2,2,1
SF,IF2005,2020-04-13 14:25:38.100,3722.0000,12364,1,7096301400.000,1,1,0,双开,B,3721.4000,3721.2000,3721.0000,3720.6000,3720.2000,3722.0000,3722.4000,3723.0000,3723.6000,3724.6000,3,2,1,1,1,2,1,2,2,1
SF,IF2005,2020-04-13 14:25:38.600,3722.0000,12364,0,7096301400.000,0,-,-,-,-,3721.4000,3721.2000,3721.0000,3720.6000,3720.2000,3722.0000,3722.4000,3723.0000,3723.6000,3724.6000,3,2,1,1,1,1,1,2,2,1
SF,IF2005,2020-04-13 14:25:39.600,3722.0000,12364,0,7096301400.000,0,-,-,-,-,3721.4000,3721.2000,3721.0000,3720.6000,3720.2000,3722.0000,3722.4000,3723.0000,3723.6000,3724.6000,3,2,1,1,1,2,1,2,2,1
SF,IF2005,2020-04-13 14:25:40.100,3722.0000,12364,0,7096301400.000,0,-,-,-,-,3721.4000,3721.2000,3721.0000,3720.6000,3720.2000,3722.0000,3722.4000,3723.0000,3723.6000,3724.6000,2,2,1,1,1,1,1,2,2,1
SF,IF2005,2020-04-13 14:25:40.600,3722.0000,12364,0,7096301400.000,0,-,-,-,-,3721.4000,3721.2000,3721.0000,3720.6000,3720.2000,3722.0000,3722.4000,3723.0000,3723.6000,3724.6000,2,2,1,1,1,1,1,2,2,1
SF,IF2005,2020-04-13 14:25:41.100,3722.0000,12364,0,7096301400.000,0,-,-,-,-,3721.4000,3721.2000,3721.0000,3720.6000,3720.2000,3722.0000,3722.4000,3723.0000,3723.6000,3724.6000,2,2,1,1,1,1,1,2,2,1
SF,IF2005,2020-04-13 14:25:41.600,3722.0000,12364,0,7096301400.000,0,-,-,-,-,3721.4000,3721.2000,3721.0000,3720.6000,3720.2000,3722.0000,3722.4000,3723.0000,3723.6000,3724.6000,2,2,1,1,1,1,1,2,2,1
SF,IF2005,2020-04-13 14:25:42.100,3722.0000,12365,1,7097418000.000,1,1,0,双开,B,3721.6000,3721.4000,3721.2000,3721.0000,3720.6000,3722.4000,3723.0000,3723.6000,3724.6000,3725.0000,3,2,1,1,1,1,2,2,1,1
SF,IF2005,2020-04-13 14:25:42.600,3722.0000,12365,0,7097418000.000,0,-,-,-,-,3721.6000,3721.4000,3721.2000,3721.0000,3720.6000,3722.4000,3723.6000,3724.0000,3724.6000,3725.0000,3,2,1,1,1,2,2,2,1,1
SF,IF2005,2020-04-13 14:25:43.100,3722.0000,12365,0,7097418000.000,0,-,-,-,-,3721.6000,3721.4000,3721.2000,3721.0000,3720.6000,3722.4000,3723.6000,3724.0000,3724.6000,3725.0000,2,2,1,1,1,1,2,2,1,1
SF,IF2005,2020-04-13 14:25:43.600,3722.0000,12365,0,7097418000.000,0,-,-,-,-,3721.6000,3721.4000,3721.2000,3721.0000,3720.6000,3722.4000,3723.6000,3724.0000,3724.6000,3725.0000,1,2,1,1,1,1,2,2,1,1
SF,IF2005,2020-04-13 14:25:44.100,3722.0000,12365,0,7097418000.000,0,-,-,-,-,3721.6000,3721.4000,3721.2000,3721.0000,3720.6000,3722.4000,3723.6000,3724.0000,3724.6000,3725.0000,1,2,1,1,1,1,2,2,1,1
SF,IF2005,2020-04-13 14:25:44.600,3722.0000,12365,0,7097418000.000,0,-,-,-,-,3721.6000,3721.4000,3721.2000,3721.0000,3720.6000,3722.4000,3723.6000,3724.0000,3724.6000,3725.0000,1,2,1,1,1,1,2,2,1,1
SF,IF2005,2020-04-13 14:25:45.100,3722.0000,12365,0,7097418000.000,0,-,-,-,-,3721.6000,3721.4000,3721.2000,3721.0000,3720.6000,3722.4000,3723.6000,3724.0000,3724.6000,3725.0000,1,2,1,1,1,1,2,2,1,1
SF,IF2005,2020-04-13 14:25:45.600,3722.0000,12365,0,7097418000.000,0,-,-,-,-,3721.6000,3721.4000,3721.2000,3721.0000,3720.6000,3722.4000,3723.6000,3724.0000,3724.6000,3725.0000,1,2,1,1,1,1,2,2,1,1
SF,IF2005,2020-04-13 14:25:46.100,3721.6000,12366,1,7098534480.000,1,1,0,双开,B,3721.4000,3721.2000,3721.0000,3720.6000,3720.2000,3722.4000,3723.6000,3724.0000,3724.6000,3725.0000,2,1,1,1,1,1,2,2,1,1
SF,IF2005,2020-04-13 14:25:46.600,3721.6000,12366,0,7098534480.000,0,-,-,-,-,3721.4000,3721.2000,3721.0000,3720.6000,3720.2000,3722.4000,3722.6000,3723.6000,3724.0000,3724.6000,2,1,1,1,1,2,1,2,2,1
SF,IF2005,2020-04-13 14:25:47.100,3721.6000,12366,0,7098534480.000,0,-,-,-,-,3721.4000,3721.2000,3721.0000,3720.6000,3720.2000,3722.2000,3722.4000,3722.6000,3723.6000,3724.0000,2,1,1,1,1,5,2,1,2,2
SF,IF2005,2020-04-13 14:25:47.600,3721.6000,12366,0,7098534480.000,0,-,-,-,-,3721.4000,3721.2000,3721.0000,3720.6000,3720.2000,3722.2000,3722.4000,3722.6000,3723.6000,3724.0000,2,1,1,1,1,2,1,1,2,2
SF,IF2005,2020-04-13 14:25:48.100,3721.6000,12366,0,7098534480.000,0,-,-,-,-,3721.2000,3721.0000,3720.6000,3720.2000,3720.0000,3722.2000,3722.4000,3722.6000,3723.6000,3724.0000,1,1,1,1,3,2,1,1,2,2
SF,IF2005,2020-04-13 14:25:48.600,3721.6000,12366,0,7098534480.000,0,-,-,-,-,3721.0000,3720.6000,3720.2000,3720.0000,3719.4000,3722.0000,3722.2000,3722.4000,3722.6000,3723.6000,1,1,1,3,1,5,2,1,1,2
SF,IF2005,2020-04-13 14:25:49.100,3721.6000,12366,0,7098534480.000,0,-,-,-,-,3721.0000,3720.6000,3720.2000,3720.0000,3719.4000,3721.8000,3722.0000,3722.4000,3722.6000,3723.6000,1,1,1,3,1,2,6,1,1,2
SF,IF2005,2020-04-13 14:25:49.600,3721.6000,12366,0,7098534480.000,0,-,-,-,-,3721.0000,3720.6000,3720.2000,3720.0000,3719.4000,3721.6000,3721.8000,3722.0000,3722.4000,3722.6000,1,1,1,3,1,3,3,5,1,1
SF,IF2005,2020-04-13 14:25:50.100,3721.6000,12366,0,7098534480.000,0,-,-,-,-,3721.0000,3720.6000,3720.2000,3720.0000,3719.4000,3721.6000,3721.8000,3722.0000,3722.4000,3722.6000,1,1,1,3,1,1,3,5,1,1
SF,IF2005,2020-04-13 14:25:50.600,3721.6000,12366,0,7098534480.000,0,-,-,-,-,3721.0000,3720.6000,3720.2000,3720.0000,3719.4000,3721.6000,3721.8000,3722.0000,3722.4000,3722.6000,1,1,1,3,1,2,3,5,1,1
SF,IF2005,2020-04-13 14:25:51.100,3721.6000,12366,0,7098534480.000,0,-,-,-,-,3721.0000,3720.6000,3720.2000,3720.0000,3719.4000,3721.6000,3721.8000,3722.0000,3722.4000,3722.6000,1,1,1,3,1,2,3,5,1,1
SF,IF2005,2020-04-13 14:25:51.600,3721.6000,12366,0,7098534480.000,0,-,-,-,-,3721.0000,3720.6000,3720.2000,3720.0000,3719.4000,3721.6000,3721.8000,3722.0000,3722.4000,3722.6000,1,1,1,3,1,1,3,2,1,1
SF,IF2005,2020-04-13 14:25:52.100,3721.6000,12366,0,7098534480.000,0,-,-,-,-,3721.0000,3720.6000,3720.2000,3720.0000,3719.4000,3721.4000,3721.6000,3721.8000,3722.0000,3722.4000,1,1,1,3,1,3,1,2,2,1
SF,IF2005,2020-04-13 14:25:52.600,3721.6000,12366,0,7098534480.000,0,-,-,-,-,3721.0000,3720.6000,3720.2000,3720.0000,3719.4000,3721.6000,3721.8000,3722.0000,3722.4000,3722.6000,1,1,1,3,1,1,2,2,1,1
SF,IF2005,2020-04-13 14:25:53.100,3721.6000,12366,0,7098534480.000,0,-,-,-,-,3721.0000,3720.6000,3720.2000,3720.0000,3719.4000,3721.6000,3721.8000,3722.0000,3722.4000,3722.6000,1,1,1,3,1,1,2,2,1,1
SF,IF2005,2020-04-13 14:25:53.600,3721.6000,12366,0,7098534480.000,0,-,-,-,-,3721.0000,3720.6000,3720.2000,3720.0000,3719.4000,3721.6000,3721.8000,3722.0000,3722.4000,3722.6000,1,1,1,3,1,2,2,2,1,1
SF,IF2005,2020-04-13 14:25:54.100,3721.6000,12366,0,7098534480.000,0,-,-,-,-,3721.0000,3720.6000,3720.2000,3720.0000,3719.4000,3721.6000,3721.8000,3722.0000,3722.4000,3722.6000,1,1,1,3,1,2,2,2,1,1
SF,IF2005,2020-04-13 14:25:54.600,3721.6000,12366,0,7098534480.000,0,-,-,-,-,3721.0000,3720.6000,3720.2000,3720.0000,3719.4000,3721.6000,3721.8000,3722.0000,3722.4000,3722.6000,1,1,1,3,1,1,2,2,1,1
SF,IF2005,2020-04-13 14:25:55.100,3721.0000,12367,1,7099650780.000,1,1,0,双开,B,3720.6000,3720.2000,3720.0000,3719.4000,3719.0000,3721.6000,3721.8000,3722.0000,3722.4000,3722.6000,1,1,3,1,4,1,2,2,1,1
SF,IF2005,2020-04-13 14:25:55.600,3721.0000,12367,0,7099650780.000,0,-,-,-,-,3720.8000,3720.6000,3720.2000,3720.0000,3719.4000,3721.6000,3721.8000,3722.0000,3722.4000,3722.6000,3,1,1,3,1,1,2,2,1,1
SF,IF2005,2020-04-13 14:25:56.100,3721.0000,12367,0,7099650780.000,0,-,-,-,-,3720.8000,3720.6000,3720.2000,3720.0000,3719.4000,3721.6000,3721.8000,3722.0000,3722.4000,3722.6000,3,1,1,3,1,1,2,2,1,1
SF,IF2005,2020-04-13 14:25:56.600,3721.0000,12367,0,7099650780.000,0,-,-,-,-,3720.8000,3720.6000,3720.2000,3720.0000,3719.4000,3721.6000,3721.8000,3722.0000,3722.4000,3722.6000,3,1,1,3,1,1,2,2,1,1
SF,IF2005,2020-04-13 14:25:57.100,3721.0000,12367,0,7099650780.000,0,-,-,-,-,3720.8000,3720.6000,3720.2000,3720.0000,3719.4000,3721.6000,3721.8000,3722.0000,3722.4000,3722.6000,3,1,1,3,1,1,2,2,1,1
SF,IF2005,2020-04-13 14:25:57.600,3721.0000,12367,0,7099650780.000,0,-,-,-,-,3720.8000,3720.6000,3720.2000,3720.0000,3719.4000,3721.6000,3721.8000,3722.0000,3722.4000,3722.6000,1,1,1,3,1,1,2,2,1,1
SF,IF2005,2020-04-13 14:25:58.100,3721.0000,12367,0,7099650780.000,0,-,-,-,-,3720.8000,3720.6000,3720.2000,3720.0000,3719.4000,3721.6000,3721.8000,3722.0000,3722.4000,3722.6000,1,1,1,3,1,1,2,2,1,1
SF,IF2005,2020-04-13 14:25:58.600,3721.0000,12367,0,7099650780.000,0,-,-,-,-,3720.8000,3720.6000,3720.2000,3720.0000,3719.4000,3721.6000,3721.8000,3722.0000,3722.4000,3722.6000,1,1,1,3,1,1,2,2,1,1
SF,IF2005,2020-04-13 14:25:59.100,3721.0000,12367,0,7099650780.000,0,-,-,-,-,3720.8000,3720.6000,3720.2000,3720.0000,3719.4000,3721.6000,3721.8000,3722.0000,3722.4000,3722.6000,1,1,1,3,1,2,2,2,1,1
SF,IF2005,2020-04-13 14:26:00.600,3721.0000,12367,0,7099650780.000,0,-,-,-,-,3720.8000,3720.6000,3720.2000,3720.0000,3719.4000,3721.6000,3721.8000,3722.0000,3722.4000,3722.6000,1,1,1,3,1,2,2,2,1,1
SF,IF2005,2020-04-13 14:26:02.600,3720.8000,12367,0,7100767020.000,1,0,1,空换,B,3720.6000,3720.2000,3720.0000,3719.4000,3719.0000,3720.8000,3721.6000,3721.8000,3722.0000,3722.4000,1,1,3,1,4,2,1,2,2,1
SF,IF2005,2020-04-13 14:26:03.100,3720.8000,12367,0,7102999500.000,2,1,1,空换,B,3720.8000,3720.6000,3720.2000,3720.0000,3719.4000,3721.6000,3721.8000,3722.0000,3722.4000,3722.6000,11,1,1,3,1,1,2,1,1,1
SF,IF2005,2020-04-13 14:26:03.600,3720.8000,12367,0,7102999500.000,0,-,-,-,-,3720.8000,3720.6000,3720.2000,3720.0000,3719.4000,3721.6000,3721.8000,3722.0000,3722.4000,3722.6000,3,1,1,3,1,1,2,1,1,1
SF,IF2005,2020-04-13 14:26:04.600,3720.8000,12367,0,7102999500.000,0,-,-,-,-,3721.0000,3720.8000,3720.6000,3720.2000,3720.0000,3721.6000,3721.8000,3722.0000,3722.4000,3722.6000,1,3,1,1,3,1,2,1,1,1
SF,IF2005,2020-04-13 14:26:05.100,3721.6000,12367,0,7104115980.000,1,0,1,空换,B,3721.0000,3720.8000,3720.6000,3720.2000,3720.0000,3721.8000,3722.0000,3722.4000,3722.6000,3722.8000,1,4,1,1,3,2,1,1,1,2
SF,IF2005,2020-04-13 14:26:05.600,3721.6000,12367,0,7104115980.000,0,-,-,-,-,3721.2000,3721.0000,3720.8000,3720.6000,3720.2000,3721.8000,3722.0000,3722.4000,3722.6000,3722.8000,1,1,3,1,1,2,1,1,1,2
SF,IF2005,2020-04-13 14:26:08.100,3721.6000,12367,0,7104115980.000,0,-,-,-,-,3721.0000,3720.8000,3720.6000,3720.2000,3720.0000,3721.8000,3722.0000,3722.4000,3722.6000,3722.8000,1,3,1,1,3,2,1,1,1,2
SF,IF2005,2020-04-13 14:26:08.600,3721.6000,12367,0,7104115980.000,0,-,-,-,-,3721.0000,3720.8000,3720.6000,3720.2000,3720.0000,3722.0000,3722.4000,3722.6000,3722.8000,3723.6000,1,3,1,1,3,1,1,1,2,2
SF,IF2005,2020-04-13 14:26:09.100,3722.0000,12367,0,7105232580.000,1,0,1,空换,B,3721.0000,3720.8000,3720.6000,3720.2000,3720.0000,3722.4000,3722.6000,3722.8000,3723.6000,3724.6000,1,2,1,1,3,1,1,2,2,1
SF,IF2005,2020-04-13 14:26:09.600,3722.0000,12367,0,7105232580.000,0,-,-,-,-,3721.2000,3721.0000,3720.8000,3720.6000,3720.2000,3722.2000,3722.4000,3722.6000,3722.8000,3723.6000,2,1,2,1,1,2,1,1,2,2
SF,IF2005,2020-04-13 14:26:11.600,3722.0000,12367,0,7105232580.000,0,-,-,-,-,3721.2000,3721.0000,3720.8000,3720.6000,3720.2000,3722.2000,3722.4000,3722.6000,3722.8000,3723.6000,2,1,1,1,1,2,1,1,2,2
SF,IF2005,2020-04-13 14:26:16.600,3722.0000,12367,0,7105232580.000,0,-,-,-,-,3722.0000,3721.2000,3721.0000,3720.8000,3720.6000,3722.2000,3722.4000,3722.6000,3722.8000,3723.6000,2,2,1,1,1,2,1,1,2,2
SF,IF2005,2020-04-13 14:26:17.100,3722.0000,12369,2,7107465780.000,2,2,0,双开,B,3721.2000,3721.0000,3720.8000,3720.6000,3720.2000,3722.2000,3722.4000,3722.6000,3722.8000,3723.6000,2,2,1,1,1,1,1,1,2,2
SF,IF2005,2020-04-13 14:26:17.600,3722.0000,12369,0,7107465780.000,0,-,-,-,-,3721.4000,3721.2000,3721.0000,3720.8000,3720.6000,3722.2000,3722.4000,3722.6000,3722.8000,3723.6000,1,2,2,1,1,1,1,1,2,2
SF,IF2005,2020-04-13 14:26:18.100,3722.0000,12369,0,7107465780.000,0,-,-,-,-,3721.4000,3721.2000,3721.0000,3720.8000,3720.6000,3722.2000,3722.4000,3722.6000,3722.8000,3723.6000,1,2,3,1,1,1,1,1,2,2
SF,IF2005,2020-04-13 14:26:19.100,3722.0000,12369,0,7107465780.000,0,-,-,-,-,3721.4000,3721.2000,3721.0000,3720.8000,3720.6000,3722.0000,3722.2000,3722.4000,3722.6000,3722.8000,1,2,3,1,1,1,1,1,1,2
SF,IF2005,2020-04-13 14:26:20.600,3722.0000,12369,0,7107465780.000,0,-,-,-,-,3721.4000,3721.2000,3721.0000,3720.8000,3720.6000,3721.8000,3722.0000,3722.2000,3722.4000,3722.6000,1,2,3,1,1,2,1,1,1,1
SF,IF2005,2020-04-13 14:26:21.100,3721.8000,12371,2,7109698860.000,2,2,0,双开,B,3721.4000,3721.2000,3721.0000,3720.8000,3720.6000,3722.2000,3722.4000,3722.6000,3723.6000,3724.6000,1,2,3,1,1,1,1,1,2,1
SF,IF2005,2020-04-13 14:26:21.600,3721.8000,12371,0,7109698860.000,0,-,-,-,-,3721.6000,3721.4000,3721.0000,3720.8000,3720.6000,3722.2000,3722.4000,3722.6000,3723.6000,3724.0000,2,1,3,1,1,1,1,1,2,2
SF,IF2005,2020-04-13 14:26:25.600,3722.2000,12372,1,7110815520.000,1,1,0,双开,B,3721.6000,3721.4000,3721.0000,3720.8000,3720.6000,3722.2000,3722.4000,3722.6000,3723.6000,3724.0000,2,1,3,1,1,2,1,1,2,2
SF,IF2005,2020-04-13 14:26:26.100,3722.2000,12372,0,7110815520.000,0,-,-,-,-,3721.4000,3721.0000,3720.8000,3720.6000,3720.2000,3722.0000,3722.2000,3722.4000,3722.6000,3723.6000,1,3,1,1,1,1,2,1,1,2
SF,IF2005,2020-04-13 14:26:29.100,3722.2000,12372,0,7110815520.000,0,-,-,-,-,3721.0000,3720.8000,3720.6000,3720.2000,3720.0000,3722.0000,3722.2000,3722.4000,3722.6000,3723.6000,2,1,1,1,4,1,2,1,1,2
SF,IF2005,2020-04-13 14:26:31.100,3722.2000,12372,0,7110815520.000,0,-,-,-,-,3721.0000,3720.8000,3720.6000,3720.2000,3720.0000,3721.8000,3722.0000,3722.2000,3722.4000,3722.6000,2,1,1,1,4,3,1,2,1,1
SF,IF2005,2020-04-13 14:26:31.600,3722.2000,12372,0,7110815520.000,0,-,-,-,-,3721.0000,3720.6000,3720.2000,3720.0000,3719.4000,3721.6000,3722.2000,3722.4000,3722.6000,3723.2000,2,1,1,4,1,1,2,1,1,2
SF,IF2005,2020-04-13 14:26:32.100,3722.2000,12372,0,7110815520.000,0,-,-,-,-,3721.0000,3720.6000,3720.2000,3720.0000,3719.4000,3721.4000,3721.6000,3722.2000,3722.4000,3722.6000,2,1,1,4,1,1,1,2,1,1
SF,IF2005,2020-04-13 14:26:32.600,3722.2000,12372,0,7110815520.000,0,-,-,-,-,3721.0000,3720.6000,3720.2000,3720.0000,3719.4000,3721.6000,3722.2000,3722.4000,3722.6000,3723.2000,1,1,1,4,1,1,2,1,1,2
SF,IF2005,2020-04-13 14:26:33.100,3722.2000,12372,0,7110815520.000,0,-,-,-,-,3721.0000,3720.6000,3720.2000,3720.0000,3719.4000,3721.6000,3722.2000,3722.4000,3722.6000,3723.2000,1,1,1,4,1,2,2,1,1,2
SF,IF2005,2020-04-13 14:26:42.100,3722.2000,12372,0,7110815520.000,0,-,-,-,-,3721.0000,3720.6000,3720.2000,3720.0000,3719.4000,3721.6000,3722.2000,3722.4000,3722.6000,3723.2000,1,1,1,4,1,1,2,1,1,2
SF,IF2005,2020-04-13 14:26:42.600,3722.2000,12372,0,7110815520.000,0,-,-,-,-,3721.0000,3720.6000,3720.2000,3720.0000,3719.4000,3722.2000,3722.4000,3722.6000,3723.2000,3723.6000,1,1,1,4,1,2,1,1,2,2
SF,IF2005,2020-04-13 14:26:43.100,3722.2000,12372,0,7110815520.000,0,-,-,-,-,3721.2000,3721.0000,3720.6000,3720.2000,3720.0000,3722.0000,3722.2000,3722.4000,3722.6000,3723.2000,3,1,1,1,4,1,2,1,1,2
SF,IF2005,2020-04-13 14:26:43.600,3722.2000,12372,0,7110815520.000,0,-,-,-,-,3721.2000,3721.0000,3720.6000,3720.2000,3720.0000,3722.0000,3722.2000,3722.4000,3722.6000,3723.2000,1,1,1,1,4,1,2,1,1,2
SF,IF2005,2020-04-13 14:26:44.100,3722.2000,12372,0,7110815520.000,0,-,-,-,-,3721.4000,3721.0000,3720.6000,3720.2000,3720.0000,3722.0000,3722.2000,3722.4000,3722.6000,3723.2000,1,1,1,1,4,2,2,1,1,2
SF,IF2005,2020-04-13 14:26:44.600,3722.2000,12372,0,7110815520.000,0,-,-,-,-,3721.0000,3720.6000,3720.2000,3720.0000,3719.4000,3722.0000,3722.2000,3722.4000,3722.6000,3723.2000,1,1,1,4,1,2,2,1,1,2
SF,IF2005,2020-04-13 14:26:45.100,3722.2000,12372,0,7110815520.000,0,-,-,-,-,3721.0000,3720.6000,3720.2000,3720.0000,3719.4000,3721.8000,3722.0000,3722.2000,3722.4000,3722.6000,1,1,1,4,1,2,1,2,1,1
SF,IF2005,2020-04-13 14:26:45.600,3722.2000,12372,0,7110815520.000,0,-,-,-,-,3721.0000,3720.6000,3720.2000,3720.0000,3719.4000,3721.6000,3721.8000,3722.0000,3722.2000,3722.4000,1,1,1,4,1,1,2,1,2,1
SF,IF2005,2020-04-13 14:26:46.100,3721.6000,12373,1,7111932000.000,1,1,0,双开,B,3721.0000,3720.6000,3720.2000,3720.0000,3719.4000,3721.6000,3721.8000,3722.2000,3722.4000,3722.6000,1,1,1,4,1,2,2,2,1,1
SF,IF2005,2020-04-13 14:26:46.600,3721.6000,12373,0,7111932000.000,0,-,-,-,-,3721.0000,3720.6000,3720.2000,3720.0000,3719.4000,3721.6000,3721.8000,3722.2000,3722.4000,3722.6000,1,1,1,4,1,2,2,2,1,1
SF,IF2005,2020-04-13 14:26:47.100,3721.6000,12375,2,7114164960.000,2,2,0,双开,B,3721.0000,3720.6000,3720.2000,3720.0000,3719.4000,3721.8000,3722.2000,3722.4000,3722.6000,3723.2000,1,1,1,4,1,2,2,1,1,2
SF,IF2005,2020-04-13 14:26:49.600,3721.8000,12377,2,7116398040.000,2,2,0,双开,B,3721.0000,3720.6000,3720.2000,3720.0000,3719.4000,3722.2000,3722.4000,3722.6000,3723.2000,3723.6000,1,1,1,4,1,2,1,1,2,2
SF,IF2005,2020-04-13 14:26:50.100,3721.8000,12377,0,7116398040.000,0,-,-,-,-,3721.2000,3721.0000,3720.6000,3720.2000,3720.0000,3722.2000,3722.4000,3722.6000,3723.2000,3723.6000,2,1,1,1,4,2,1,1,2,2
SF,IF2005,2020-04-13 14:26:56.100,3721.8000,12377,0,7116398040.000,0,-,-,-,-,3721.4000,3721.2000,3721.0000,3720.6000,3720.2000,3722.2000,3722.4000,3722.6000,3723.2000,3723.6000,1,2,1,1,1,2,1,1,2,2
SF,IF2005,2020-04-13 14:26:56.600,3721.8000,12377,0,7116398040.000,0,-,-,-,-,3721.6000,3721.4000,3721.0000,3720.6000,3720.2000,3722.2000,3722.4000,3722.6000,3723.2000,3723.6000,3,2,1,1,1,2,1,1,2,2
SF,IF2005,2020-04-13 14:26:57.100,3721.8000,12377,0,7116398040.000,0,-,-,-,-,3721.6000,3721.4000,3721.0000,3720.6000,3720.2000,3722.2000,3722.4000,3722.6000,3723.2000,3723.6000,2,2,1,1,1,2,1,1,2,2
SF,IF2005,2020-04-13 14:26:57.600,3721.8000,12377,0,7116398040.000,0,-,-,-,-,3721.8000,3721.6000,3721.4000,3721.0000,3720.6000,3722.2000,3722.4000,3722.6000,3723.2000,3723.6000,1,2,2,1,1,2,1,1,2,2
SF,IF2005,2020-04-13 14:26:59.600,3721.8000,12377,0,7116398040.000,0,-,-,-,-,3721.6000,3721.4000,3721.0000,3720.6000,3720.2000,3722.2000,3722.4000,3722.6000,3723.2000,3723.6000,2,2,1,1,1,2,1,1,2,2
SF,IF2005,2020-04-13 14:27:00.600,3721.8000,12377,0,7116398040.000,0,-,-,-,-,3721.6000,3721.4000,3721.0000,3720.6000,3720.2000,3722.2000,3722.4000,3722.6000,3723.2000,3723.6000,2,2,1,1,1,2,1,1,2,2
SF,IF2005,2020-04-13 14:27:01.100,3722.2000,12378,1,7117514700.000,1,1,0,双开,B,3721.6000,3721.4000,3721.0000,3720.6000,3720.2000,3722.2000,3722.4000,3723.2000,3723.6000,3724.6000,2,2,1,1,1,1,1,2,2,1
SF,IF2005,2020-04-13 14:27:01.600,3722.2000,12378,0,7117514700.000,0,-,-,-,-,3721.6000,3721.4000,3721.0000,3720.6000,3720.2000,3722.2000,3722.4000,3723.2000,3723.6000,3724.6000,2,2,1,1,1,1,1,2,2,1
SF,IF2005,2020-04-13 14:27:02.600,3722.2000,12378,0,7117514700.000,0,-,-,-,-,3721.6000,3721.4000,3721.0000,3720.6000,3720.2000,3722.2000,3722.4000,3723.2000,3723.6000,3724.6000,2,2,1,1,1,2,1,2,2,1
SF,IF2005,2020-04-13 14:27:03.100,3722.2000,12378,0,7117514700.000,0,-,-,-,-,3721.6000,3721.4000,3721.0000,3720.6000,3720.2000,3722.2000,3722.4000,3723.2000,3723.6000,3724.6000,2,2,1,1,1,1,1,2,2,1
SF,IF2005,2020-04-13 14:27:03.600,3722.2000,12378,0,7117514700.000,0,-,-,-,-,3721.6000,3721.4000,3721.0000,3720.6000,3720.2000,3722.2000,3722.4000,3723.2000,3723.6000,3724.6000,2,2,1,1,1,1,1,2,2,1
SF,IF2005,2020-04-13 14:27:04.100,3722.2000,12378,0,7117514700.000,0,-,-,-,-,3721.6000,3721.4000,3721.0000,3720.6000,3720.2000,3722.2000,3722.4000,3723.2000,3723.6000,3724.6000,2,2,1,1,1,1,1,2,2,1
SF,IF2005,2020-04-13 14:27:04.600,3722.2000,12378,0,7117514700.000,0,-,-,-,-,3721.6000,3721.4000,3721.0000,3720.6000,3720.2000,3722.2000,3722.4000,3723.2000,3723.6000,3724.6000,2,2,1,1,1,1,1,2,2,1
SF,IF2005,2020-04-13 14:27:05.100,3722.2000,12378,0,7117514700.000,0,-,-,-,-,3721.6000,3721.4000,3721.0000,3720.6000,3720.2000,3722.2000,3722.4000,3723.2000,3723.6000,3724.6000,2,2,1,1,1,1,1,2,2,1
SF,IF2005,2020-04-13 14:27:05.600,3722.2000,12378,0,7117514700.000,0,-,-,-,-,3721.6000,3721.4000,3721.0000,3720.6000,3720.2000,3722.2000,3722.4000,3723.2000,3723.6000,3724.6000,2,2,1,1,1,1,1,2,2,1
SF,IF2005,2020-04-13 14:27:06.100,3722.2000,12378,0,7117514700.000,0,-,-,-,-,3721.6000,3721.4000,3721.0000,3720.6000,3720.2000,3722.2000,3722.4000,3723.2000,3723.6000,3724.6000,2,2,1,1,1,1,1,2,2,1
SF,IF2005,2020-04-13 14:27:06.600,3722.2000,12378,0,7117514700.000,0,-,-,-,-,3721.6000,3721.4000,3721.0000,3720.6000,3720.2000,3722.2000,3722.4000,3723.2000,3723.6000,3724.6000,2,2,1,1,1,1,1,2,2,1
SF,IF2005,2020-04-13 14:27:07.100,3722.2000,12378,0,7117514700.000,0,-,-,-,-,3721.4000,3721.0000,3720.6000,3720.2000,3720.0000,3722.2000,3722.4000,3723.2000,3723.6000,3724.6000,2,1,1,1,4,2,1,2,2,1
SF,IF2005,2020-04-13 14:27:07.600,3722.2000,12378,0,7117514700.000,0,-,-,-,-,3721.0000,3720.6000,3720.2000,3720.0000,3719.4000,3722.0000,3722.2000,3722.4000,3723.2000,3723.6000,1,1,1,4,1,1,1,1,2,2
SF,IF2005,2020-04-13 14:27:08.100,3722.2000,12378,0,7117514700.000,0,-,-,-,-,3721.0000,3720.6000,3720.2000,3720.0000,3719.4000,3721.8000,3722.0000,3722.2000,3722.4000,3723.2000,1,1,1,4,1,3,4,1,1,2
SF,IF2005,2020-04-13 14:27:08.600,3722.2000,12378,0,7117514700.000,0,-,-,-,-,3721.0000,3720.6000,3720.2000,3720.0000,3719.4000,3722.0000,3722.2000,3722.4000,3723.2000,3723.6000,1,1,1,4,1,2,1,1,2,2
SF,IF2005,2020-04-13 14:27:09.100,3722.2000,12378,0,7117514700.000,0,-,-,-,-,3721.0000,3720.6000,3720.2000,3720.0000,3719.4000,3721.8000,3722.0000,3722.2000,3722.4000,3723.2000,1,1,1,4,1,1,3,1,1,2
SF,IF2005,2020-04-13 14:27:09.600,3722.2000,12378,0,7117514700.000,0,-,-,-,-,3721.0000,3720.6000,3720.2000,3720.0000,3719.4000,3721.8000,3722.0000,3722.2000,3722.4000,3723.2000,1,1,1,4,1,1,2,1,1,2
SF,IF2005,2020-04-13 14:27:10.100,3722.2000,12378,0,7117514700.000,0,-,-,-,-,3721.0000,3720.6000,3720.2000,3720.0000,3719.4000,3721.8000,3722.0000,3722.2000,3722.4000,3723.2000,1,1,1,4,1,1,2,1,1,2
SF,IF2005,2020-04-13 14:27:10.600,3722.2000,12378,0,7117514700.000,0,-,-,-,-,3721.0000,3720.6000,3720.2000,3720.0000,3719.4000,3721.8000,3722.0000,3722.2000,3722.4000,3723.2000,1,1,1,4,1,1,2,1,1,2
SF,IF2005,2020-04-13 14:27:11.100,3722.2000,12378,0,7117514700.000,0,-,-,-,-,3721.0000,3720.6000,3720.2000,3720.0000,3719.4000,3721.8000,3722.0000,3722.2000,3722.4000,3723.2000,1,1,1,4,1,1,2,1,1,2
SF,IF2005,2020-04-13 14:27:11.600,3722.2000,12378,0,7117514700.000,0,-,-,-,-,3721.0000,3720.6000,3720.2000,3720.0000,3719.4000,3721.8000,3722.0000,3722.2000,3722.4000,3723.2000,1,1,1,4,1,2,2,1,1,2
SF,IF2005,2020-04-13 14:27:12.100,3722.2000,12378,0,7117514700.000,0,-,-,-,-,3721.0000,3720.6000,3720.2000,3720.0000,3719.4000,3721.8000,3722.0000,3722.2000,3722.4000,3723.2000,1,1,1,4,1,1,2,1,1,2
SF,IF2005,2020-04-13 14:27:12.600,3722.2000,12378,0,7117514700.000,0,-,-,-,-,3721.0000,3720.6000,3720.2000,3720.0000,3719.4000,3721.6000,3721.8000,3722.0000,3722.2000,3722.4000,1,1,1,4,1,4,1,1,1,1
SF,IF2005,2020-04-13 14:27:13.100,3722.2000,12378,0,7117514700.000,0,-,-,-,-,3721.0000,3720.6000,3720.2000,3720.0000,3719.4000,3721.6000,3722.2000,3722.4000,3723.2000,3723.6000,1,1,1,4,1,6,1,1,2,2
SF,IF2005,2020-04-13 14:27:13.600,3722.2000,12378,0,7117514700.000,0,-,-,-,-,3721.0000,3720.6000,3720.2000,3720.0000,3719.4000,3721.4000,3721.6000,3722.2000,3722.4000,3723.2000,1,1,1,4,1,2,5,1,1,2
SF,IF2005,2020-04-13 14:27:14.100,3722.2000,12378,0,7117514700.000,0,-,-,-,-,3721.0000,3720.6000,3720.2000,3720.0000,3719.4000,3721.4000,3721.6000,3722.2000,3722.4000,3723.2000,1,1,1,4,1,1,5,1,1,2
SF,IF2005,2020-04-13 14:27:14.600,3722.2000,12378,0,7117514700.000,0,-,-,-,-,3721.0000,3720.6000,3720.2000,3720.0000,3719.4000,3721.4000,3721.6000,3722.2000,3722.4000,3723.2000,1,1,1,4,1,1,5,1,1,2
SF,IF2005,2020-04-13 14:27:15.100,3722.2000,12378,0,7117514700.000,0,-,-,-,-,3721.0000,3720.6000,3720.2000,3720.0000,3719.4000,3721.4000,3721.6000,3722.2000,3722.4000,3723.2000,1,1,1,4,1,1,5,1,1,2
SF,IF2005,2020-04-13 14:27:15.600,3722.2000,12378,0,7117514700.000,0,-,-,-,-,3721.0000,3720.6000,3720.2000,3720.0000,3719.4000,3721.4000,3721.6000,3722.2000,3722.4000,3723.2000,1,1,1,4,1,1,5,1,1,2
SF,IF2005,2020-04-13 14:27:16.100,3722.2000,12378,0,7117514700.000,0,-,-,-,-,3721.0000,3720.6000,3720.2000,3720.0000,3719.4000,3721.6000,3722.2000,3722.4000,3723.2000,3723.6000,1,1,1,4,1,1,1,1,2,2
SF,IF2005,2020-04-13 14:27:16.600,3722.2000,12380,2,7119748020.000,2,2,0,双开,B,3721.0000,3720.6000,3720.2000,3720.0000,3719.4000,3722.0000,3722.4000,3723.2000,3723.6000,3724.6000,1,1,1,4,1,1,1,2,2,1
SF,IF2005,2020-04-13 14:27:17.100,3722.2000,12380,0,7119748020.000,0,-,-,-,-,3721.0000,3720.6000,3720.2000,3720.0000,3719.4000,3722.0000,3722.4000,3723.2000,3723.6000,3724.6000,1,1,1,4,1,2,1,2,2,1
SF,IF2005,2020-04-13 14:27:17.600,3722.2000,12380,0,7119748020.000,0,-,-,-,-,3721.0000,3720.6000,3720.2000,3720.0000,3719.4000,3722.0000,3722.4000,3723.2000,3723.6000,3724.6000,1,1,1,4,1,2,1,2,2,1
SF,IF2005,2020-04-13 14:27:18.600,3722.2000,12380,0,7119748020.000,0,-,-,-,-,3721.0000,3720.6000,3720.2000,3720.0000,3719.4000,3722.0000,3722.4000,3723.2000,3723.6000,3724.6000,1,1,1,4,1,2,1,2,2,1
SF,IF2005,2020-04-13 14:27:19.100,3722.2000,12380,0,7119748020.000,0,-,-,-,-,3721.0000,3720.6000,3720.2000,3720.0000,3719.4000,3722.0000,3722.4000,3723.2000,3723.6000,3724.6000,1,1,1,4,1,2,1,2,2,1
SF,IF2005,2020-04-13 14:27:19.600,3722.2000,12380,0,7119748020.000,0,-,-,-,-,3721.0000,3720.6000,3720.2000,3720.0000,3719.4000,3722.0000,3722.4000,3723.2000,3723.6000,3724.6000,1,1,1,4,1,3,1,2,2,1
SF,IF2005,2020-04-13 14:27:20.100,3722.2000,12380,0,7119748020.000,0,-,-,-,-,3721.0000,3720.6000,3720.2000,3720.0000,3719.4000,3722.0000,3723.2000,3723.6000,3724.6000,3725.0000,1,1,1,4,1,2,2,2,1,1
SF,IF2005,2020-04-13 14:27:20.600,3722.2000,12380,0,7119748020.000,0,-,-,-,-,3721.0000,3720.6000,3720.2000,3720.0000,3719.4000,3722.0000,3723.2000,3723.6000,3724.6000,3725.0000,1,1,1,4,1,1,2,2,1,1
SF,IF2005,2020-04-13 14:27:21.100,3722.2000,12380,0,7119748020.000,0,-,-,-,-,3721.2000,3721.0000,3720.6000,3720.2000,3720.0000,3722.0000,3722.4000,3723.2000,3723.6000,3724.6000,2,1,1,1,4,2,1,2,2,1
SF,IF2005,2020-04-13 14:27:21.600,3722.2000,12380,0,7119748020.000,0,-,-,-,-,3721.2000,3721.0000,3720.6000,3720.2000,3720.0000,3722.4000,3723.2000,3723.6000,3724.6000,3725.0000,3,1,1,1,4,1,2,2,1,1
SF,IF2005,2020-04-13 14:27:22.100,3722.2000,12380,0,7119748020.000,0,-,-,-,-,3721.2000,3721.0000,3720.6000,3720.2000,3720.0000,3723.2000,3723.6000,3724.6000,3725.0000,3725.2000,3,1,1,1,4,2,2,1,1,1
SF,IF2005,2020-04-13 14:27:22.600,3722.2000,12380,0,7119748020.000,0,-,-,-,-,3721.6000,3721.4000,3721.2000,3721.0000,3720.6000,3722.6000,3723.0000,3723.2000,3723.6000,3724.6000,1,1,2,1,1,3,5,2,2,1
SF,IF2005,2020-04-13 14:27:23.100,3722.2000,12380,0,7119748020.000,0,-,-,-,-,3721.6000,3721.4000,3721.2000,3721.0000,3720.6000,3722.6000,3722.8000,3723.0000,3723.2000,3723.6000,1,1,2,1,1,3,3,6,2,2
SF,IF2005,2020-04-13 14:27:23.600,3722.2000,12380,0,7119748020.000,0,-,-,-,-,3721.6000,3721.4000,3721.2000,3721.0000,3720.6000,3722.6000,3722.8000,3723.0000,3723.2000,3723.6000,1,1,2,1,1,3,3,4,2,2
SF,IF2005,2020-04-13 14:27:24.100,3722.2000,12380,0,7119748020.000,0,-,-,-,-,3721.6000,3721.4000,3721.2000,3721.0000,3720.6000,3722.4000,3722.6000,3722.8000,3723.0000,3723.2000,1,1,2,1,1,1,3,3,4,2
SF,IF2005,2020-04-13 14:27:24.600,3722.2000,12380,0,7119748020.000,0,-,-,-,-,3721.6000,3721.4000,3721.2000,3721.0000,3720.6000,3722.4000,3722.6000,3722.8000,3723.0000,3723.2000,1,1,2,1,1,1,3,3,4,2
SF,IF2005,2020-04-13 14:27:25.100,3722.2000,12380,0,7119748020.000,0,-,-,-,-,3721.4000,3721.2000,3721.0000,3720.6000,3720.2000,3722.4000,3722.6000,3722.8000,3723.0000,3723.2000,1,2,1,1,1,1,3,3,4,2
SF,IF2005,2020-04-13 14:27:25.600,3722.2000,12380,0,7119748020.000,0,-,-,-,-,3721.4000,3721.2000,3721.0000,3720.6000,3720.2000,3722.4000,3722.6000,3722.8000,3723.0000,3723.2000,1,2,1,1,1,1,3,3,4,2
SF,IF2005,2020-04-13 14:27:26.100,3722.2000,12380,0,7119748020.000,0,-,-,-,-,3721.4000,3721.2000,3721.0000,3720.6000,3720.2000,3722.4000,3722.6000,3722.8000,3723.0000,3723.2000,1,2,1,1,1,1,3,3,4,2
SF,IF2005,2020-04-13 14:27:26.600,3722.2000,12380,0,7119748020.000,0,-,-,-,-,3721.4000,3721.2000,3721.0000,3720.6000,3720.2000,3722.4000,3722.6000,3722.8000,3723.0000,3723.2000,1,2,1,1,1,1,3,3,4,2
SF,IF2005,2020-04-13 14:27:27.100,3722.2000,12380,0,7119748020.000,0,-,-,-,-,3721.6000,3721.4000,3721.0000,3720.6000,3720.2000,3722.4000,3722.6000,3722.8000,3723.0000,3723.2000,2,1,1,1,1,1,3,1,4,2
SF,IF2005,2020-04-13 14:27:27.600,3722.2000,12380,0,7119748020.000,0,-,-,-,-,3721.6000,3721.4000,3721.0000,3720.6000,3720.2000,3722.4000,3722.6000,3722.8000,3723.0000,3723.2000,2,1,1,1,1,1,3,1,4,2
SF,IF2005,2020-04-13 14:27:28.100,3722.2000,12380,0,7119748020.000,0,-,-,-,-,3721.6000,3721.4000,3721.0000,3720.6000,3720.2000,3722.4000,3722.6000,3722.8000,3723.0000,3723.2000,2,1,1,1,1,2,3,1,3,2
SF,IF2005,2020-04-13 14:27:28.600,3722.2000,12380,0,7119748020.000,0,-,-,-,-,3721.6000,3721.4000,3721.0000,3720.6000,3720.2000,3722.4000,3722.6000,3722.8000,3723.0000,3723.2000,2,1,1,1,1,1,3,1,3,2
SF,IF2005,2020-04-13 14:27:29.100,3722.2000,12380,0,7119748020.000,0,-,-,-,-,3721.6000,3721.4000,3721.0000,3720.6000,3720.2000,3722.4000,3722.6000,3722.8000,3723.0000,3723.2000,2,1,1,1,1,1,3,1,3,2
SF,IF2005,2020-04-13 14:27:29.600,3722.2000,12380,0,7119748020.000,0,-,-,-,-,3721.6000,3721.4000,3721.0000,3720.6000,3720.2000,3722.4000,3722.6000,3722.8000,3723.0000,3723.2000,2,1,1,1,1,2,3,1,3,2
SF,IF2005,2020-04-13 14:27:30.100,3722.2000,12380,0,7119748020.000,0,-,-,-,-,3721.6000,3721.4000,3721.0000,3720.6000,3720.2000,3722.4000,3722.8000,3723.0000,3723.2000,3723.6000,2,1,1,1,1,1,1,3,2,2
SF,IF2005,2020-04-13 14:27:30.600,3722.2000,12380,0,7119748020.000,0,-,-,-,-,3721.6000,3721.4000,3721.0000,3720.6000,3720.2000,3722.4000,3722.8000,3723.0000,3723.2000,3723.6000,2,1,1,1,1,1,1,3,2,2
SF,IF2005,2020-04-13 14:27:31.100,3722.2000,12380,0,7119748020.000,0,-,-,-,-,3721.6000,3721.4000,3721.0000,3720.6000,3720.2000,3722.4000,3722.8000,3723.0000,3723.2000,3723.6000,2,1,1,1,1,1,1,3,2,2
SF,IF2005,2020-04-13 14:27:31.600,3722.2000,12380,0,7119748020.000,0,-,-,-,-,3721.6000,3721.4000,3721.0000,3720.6000,3720.2000,3722.4000,3722.8000,3723.0000,3723.2000,3723.6000,2,1,1,1,1,1,1,3,2,2
SF,IF2005,2020-04-13 14:27:32.600,3722.2000,12380,0,7119748020.000,0,-,-,-,-,3721.6000,3721.4000,3721.0000,3720.6000,3720.2000,3722.4000,3722.8000,3723.0000,3723.2000,3723.6000,2,1,1,1,1,2,1,3,2,2
SF,IF2005,2020-04-13 14:27:33.100,3722.2000,12380,0,7119748020.000,0,-,-,-,-,3721.6000,3721.4000,3721.0000,3720.6000,3720.2000,3722.4000,3722.8000,3723.0000,3723.2000,3723.6000,2,1,1,1,1,1,1,3,2,2
SF,IF2005,2020-04-13 14:27:33.600,3722.2000,12380,0,7119748020.000,0,-,-,-,-,3721.6000,3721.4000,3721.0000,3720.6000,3720.2000,3722.4000,3722.8000,3723.0000,3723.2000,3723.6000,2,1,1,1,1,1,1,3,2,2
SF,IF2005,2020-04-13 14:27:34.100,3722.2000,12380,0,7119748020.000,0,-,-,-,-,3721.6000,3721.4000,3721.0000,3720.6000,3720.2000,3722.4000,3722.8000,3723.0000,3723.2000,3723.6000,2,1,1,1,1,1,1,3,2,2
SF,IF2005,2020-04-13 14:27:34.600,3722.2000,12380,0,7119748020.000,0,-,-,-,-,3721.6000,3721.4000,3721.0000,3720.6000,3720.2000,3722.4000,3722.8000,3723.0000,3723.2000,3723.6000,2,1,1,1,1,1,1,3,2,2
SF,IF2005,2020-04-13 14:27:35.600,3722.2000,12380,0,7119748020.000,0,-,-,-,-,3721.6000,3721.4000,3721.0000,3720.6000,3720.2000,3722.4000,3722.8000,3723.0000,3723.2000,3723.6000,2,1,1,1,1,1,1,3,2,2
SF,IF2005,2020-04-13 14:27:36.100,3722.2000,12380,0,7119748020.000,0,-,-,-,-,3721.6000,3721.4000,3721.0000,3720.6000,3720.2000,3722.4000,3722.8000,3723.0000,3723.2000,3723.6000,2,1,1,1,1,2,1,3,2,2
SF,IF2005,2020-04-13 14:27:36.600,3722.2000,12380,0,7119748020.000,0,-,-,-,-,3721.6000,3721.4000,3721.0000,3720.6000,3720.2000,3722.4000,3722.8000,3723.0000,3723.2000,3723.6000,2,1,1,1,1,1,1,3,2,2
SF,IF2005,2020-04-13 14:27:37.100,3722.2000,12380,0,7119748020.000,0,-,-,-,-,3721.6000,3721.4000,3721.0000,3720.6000,3720.2000,3722.4000,3722.8000,3723.0000,3723.2000,3723.6000,2,1,1,1,1,1,1,3,2,2
SF,IF2005,2020-04-13 14:27:37.600,3722.2000,12380,0,7119748020.000,0,-,-,-,-,3721.6000,3721.4000,3721.0000,3720.6000,3720.2000,3722.4000,3722.8000,3723.0000,3723.2000,3723.6000,2,1,1,1,1,1,1,3,2,2
SF,IF2005,2020-04-13 14:27:38.100,3722.2000,12380,0,7119748020.000,0,-,-,-,-,3721.6000,3721.4000,3721.0000,3720.6000,3720.2000,3722.4000,3722.8000,3723.0000,3723.2000,3723.6000,2,1,1,1,1,2,1,3,2,2
SF,IF2005,2020-04-13 14:27:38.600,3722.2000,12380,0,7119748020.000,0,-,-,-,-,3721.6000,3721.4000,3721.0000,3720.6000,3720.2000,3722.4000,3722.8000,3723.0000,3723.2000,3723.6000,2,1,1,1,1,1,1,3,2,2
SF,IF2005,2020-04-13 14:27:39.100,3722.2000,12380,0,7119748020.000,0,-,-,-,-,3721.6000,3721.4000,3721.0000,3720.6000,3720.2000,3722.4000,3722.8000,3723.0000,3723.2000,3723.6000,2,1,1,1,1,1,1,3,2,2
SF,IF2005,2020-04-13 14:27:39.600,3722.2000,12380,0,7119748020.000,0,-,-,-,-,3721.6000,3721.4000,3721.0000,3720.6000,3720.2000,3722.4000,3722.8000,3723.0000,3723.2000,3723.6000,2,1,1,1,1,1,1,3,2,2
SF,IF2005,2020-04-13 14:27:40.100,3722.2000,12380,0,7119748020.000,0,-,-,-,-,3721.6000,3721.4000,3721.0000,3720.6000,3720.2000,3722.4000,3722.8000,3723.0000,3723.2000,3723.6000,2,1,1,1,1,1,1,3,2,2
SF,IF2005,2020-04-13 14:27:40.600,3722.2000,12380,0,7119748020.000,0,-,-,-,-,3721.6000,3721.4000,3721.0000,3720.6000,3720.2000,3722.4000,3722.8000,3723.0000,3723.2000,3723.6000,2,1,1,1,1,1,1,3,2,2
SF,IF2005,2020-04-13 14:27:41.100,3722.2000,12380,0,7119748020.000,0,-,-,-,-,3721.6000,3721.4000,3721.0000,3720.6000,3720.2000,3722.4000,3722.8000,3723.0000,3723.2000,3723.6000,2,1,1,1,1,1,1,3,2,2
SF,IF2005,2020-04-13 14:27:41.600,3722.2000,12380,0,7119748020.000,0,-,-,-,-,3721.6000,3721.4000,3721.0000,3720.6000,3720.2000,3722.4000,3722.8000,3723.0000,3723.2000,3723.6000,2,1,1,1,1,1,1,3,2,2
SF,IF2005,2020-04-13 14:27:42.100,3722.2000,12380,0,7119748020.000,0,-,-,-,-,3721.6000,3721.4000,3721.0000,3720.6000,3720.2000,3722.4000,3722.8000,3723.0000,3723.2000,3723.6000,2,1,1,1,1,1,1,3,2,2
SF,IF2005,2020-04-13 14:27:42.600,3722.2000,12380,0,7119748020.000,0,-,-,-,-,3721.6000,3721.4000,3721.0000,3720.6000,3720.2000,3722.4000,3722.8000,3723.0000,3723.2000,3723.6000,2,1,1,1,1,1,1,3,2,2
SF,IF2005,2020-04-13 14:27:43.100,3722.4000,12381,1,7120864740.000,1,1,0,双开,B,3721.6000,3721.4000,3721.0000,3720.6000,3720.2000,3722.4000,3722.8000,3723.0000,3723.2000,3723.6000,2,1,1,1,1,1,1,3,2,2
SF,IF2005,2020-04-13 14:27:43.600,3722.4000,12381,0,7120864740.000,0,-,-,-,-,3721.6000,3721.4000,3721.0000,3720.6000,3720.2000,3722.4000,3722.8000,3723.0000,3723.2000,3723.6000,2,1,1,1,1,2,1,3,2,2
SF,IF2005,2020-04-13 14:27:44.100,3722.4000,12381,0,7120864740.000,0,-,-,-,-,3721.6000,3721.4000,3721.0000,3720.6000,3720.2000,3722.4000,3722.8000,3723.0000,3723.2000,3723.6000,2,1,1,1,1,1,1,3,2,2
SF,IF2005,2020-04-13 14:27:44.600,3722.4000,12381,0,7120864740.000,0,-,-,-,-,3721.6000,3721.4000,3721.0000,3720.6000,3720.2000,3722.4000,3722.8000,3723.0000,3723.2000,3723.6000,2,1,1,1,1,1,1,3,2,2
SF,IF2005,2020-04-13 14:27:45.100,3722.4000,12381,0,7120864740.000,0,-,-,-,-,3721.6000,3721.4000,3721.0000,3720.6000,3720.2000,3722.4000,3722.8000,3723.0000,3723.2000,3723.6000,2,1,1,1,1,2,1,3,2,2
SF,IF2005,2020-04-13 14:27:45.600,3722.4000,12382,1,7121981460.000,1,1,0,双开,B,3721.6000,3721.4000,3721.0000,3720.6000,3720.2000,3722.2000,3722.8000,3723.0000,3723.2000,3723.6000,2,1,1,1,1,1,1,3,2,2
SF,IF2005,2020-04-13 14:27:46.100,3722.4000,12382,0,7121981460.000,0,-,-,-,-,3721.6000,3721.4000,3721.0000,3720.6000,3720.2000,3722.8000,3723.0000,3723.2000,3723.6000,3724.6000,2,1,1,1,1,1,3,2,2,1
SF,IF2005,2020-04-13 14:27:46.600,3722.4000,12382,0,7121981460.000,0,-,-,-,-,3721.6000,3721.4000,3721.0000,3720.6000,3720.2000,3722.6000,3722.8000,3723.0000,3723.2000,3723.6000,2,1,1,1,1,3,1,1,2,2
SF,IF2005,2020-04-13 14:27:47.100,3722.4000,12382,0,7121981460.000,0,-,-,-,-,3721.6000,3721.4000,3721.0000,3720.6000,3720.2000,3722.6000,3722.8000,3723.0000,3723.2000,3723.6000,2,1,1,1,1,3,1,1,2,2
SF,IF2005,2020-04-13 14:27:47.600,3722.4000,12382,0,7121981460.000,0,-,-,-,-,3721.6000,3721.4000,3721.0000,3720.6000,3720.2000,3722.6000,3722.8000,3723.0000,3723.2000,3723.6000,2,1,1,1,1,3,1,1,2,2
SF,IF2005,2020-04-13 14:27:48.100,3722.4000,12382,0,7121981460.000,0,-,-,-,-,3721.6000,3721.4000,3721.0000,3720.6000,3720.2000,3722.6000,3722.8000,3723.0000,3723.2000,3723.6000,2,1,1,1,1,3,1,1,2,2
SF,IF2005,2020-04-13 14:27:48.600,3722.4000,12382,0,7121981460.000,0,-,-,-,-,3721.6000,3721.4000,3721.0000,3720.6000,3720.2000,3722.2000,3722.6000,3722.8000,3723.0000,3723.2000,2,1,1,1,1,3,3,1,1,2
SF,IF2005,2020-04-13 14:27:49.100,3722.4000,12382,0,7121981460.000,0,-,-,-,-,3721.6000,3721.4000,3721.0000,3720.6000,3720.2000,3722.6000,3722.8000,3723.0000,3723.2000,3723.6000,2,1,1,1,1,3,1,1,2,2
SF,IF2005,2020-04-13 14:27:49.600,3722.4000,12382,0,7121981460.000,0,-,-,-,-,3721.6000,3721.4000,3721.0000,3720.6000,3720.2000,3722.4000,3722.6000,3722.8000,3723.0000,3723.2000,2,1,1,1,1,1,3,1,1,2
SF,IF2005,2020-04-13 14:27:50.100,3722.4000,12383,1,7123098180.000,1,1,0,双开,B,3721.6000,3721.4000,3721.0000,3720.6000,3720.2000,3722.2000,3722.6000,3722.8000,3723.0000,3723.2000,2,1,1,1,1,1,3,1,1,2
SF,IF2005,2020-04-13 14:27:50.600,3722.4000,12383,0,7123098180.000,0,-,-,-,-,3721.6000,3721.4000,3721.0000,3720.6000,3720.2000,3722.2000,3722.6000,3722.8000,3723.0000,3723.2000,2,1,1,1,1,2,3,1,1,2
SF,IF2005,2020-04-13 14:27:51.100,3722.4000,12383,0,7123098180.000,0,-,-,-,-,3721.6000,3721.4000,3721.0000,3720.6000,3720.2000,3722.2000,3722.6000,3722.8000,3723.0000,3723.2000,2,1,1,1,1,1,3,1,1,2
SF,IF2005,2020-04-13 14:27:51.600,3722.4000,12383,0,7123098180.000,0,-,-,-,-,3721.6000,3721.4000,3721.0000,3720.6000,3720.2000,3722.2000,3722.6000,3722.8000,3723.0000,3723.2000,2,1,1,1,1,1,3,1,1,2
SF,IF2005,2020-04-13 14:27:52.100,3722.4000,12383,0,7123098180.000,0,-,-,-,-,3721.6000,3721.4000,3721.0000,3720.6000,3720.2000,3722.2000,3722.6000,3722.8000,3723.0000,3723.2000,2,1,1,1,1,1,1,1,1,2
SF,IF2005,2020-04-13 14:27:52.600,3722.4000,12383,0,7123098180.000,0,-,-,-,-,3721.6000,3721.4000,3721.0000,3720.6000,3720.2000,3722.6000,3722.8000,3723.0000,3723.2000,3723.6000,2,1,1,1,1,1,1,1,2,2
SF,IF2005,2020-04-13 14:27:53.100,3722.4000,12383,0,7123098180.000,0,-,-,-,-,3721.6000,3721.4000,3721.0000,3720.6000,3720.2000,3722.4000,3722.6000,3722.8000,3723.0000,3723.2000,2,1,1,1,1,1,1,1,1,2
SF,IF2005,2020-04-13 14:27:53.600,3722.4000,12383,0,7123098180.000,0,-,-,-,-,3721.6000,3721.4000,3721.0000,3720.6000,3720.2000,3722.4000,3722.6000,3722.8000,3723.0000,3723.2000,2,1,1,1,1,2,1,1,1,2
SF,IF2005,2020-04-13 14:27:54.100,3722.4000,12383,0,7123098180.000,0,-,-,-,-,3721.6000,3721.4000,3721.0000,3720.6000,3720.2000,3722.4000,3722.6000,3722.8000,3723.0000,3723.2000,2,1,1,1,1,2,1,1,1,2
SF,IF2005,2020-04-13 14:27:54.600,3722.2000,12383,0,7124214840.000,1,0,1,空换,B,3721.6000,3721.4000,3721.0000,3720.6000,3720.2000,3722.4000,3722.6000,3723.2000,3723.6000,3724.6000,2,1,1,1,1,2,1,2,2,1
SF,IF2005,2020-04-13 14:27:55.100,3722.2000,12383,0,7124214840.000,0,-,-,-,-,3721.6000,3721.4000,3721.0000,3720.6000,3720.2000,3722.4000,3722.6000,3723.2000,3723.6000,3724.6000,2,1,1,1,1,1,1,2,2,1
SF,IF2005,2020-04-13 14:27:55.600,3722.2000,12383,0,7124214840.000,0,-,-,-,-,3721.6000,3721.4000,3721.0000,3720.6000,3720.2000,3722.6000,3723.2000,3723.6000,3724.6000,3725.0000,2,1,1,1,1,1,2,2,1,1
SF,IF2005,2020-04-13 14:27:56.100,3722.2000,12383,0,7124214840.000,0,-,-,-,-,3721.6000,3721.4000,3721.0000,3720.6000,3720.2000,3722.6000,3722.8000,3723.2000,3723.6000,3724.6000,2,1,1,1,1,2,1,2,2,1
SF,IF2005,2020-04-13 14:27:56.600,3722.2000,12383,0,7124214840.000,0,-,-,-,-,3721.6000,3721.4000,3721.0000,3720.6000,3720.2000,3722.6000,3722.8000,3723.2000,3723.6000,3724.6000,2,1,1,1,1,1,1,2,2,1
SF,IF2005,2020-04-13 14:27:57.100,3722.2000,12383,0,7124214840.000,0,-,-,-,-,3721.8000,3721.6000,3721.4000,3721.0000,3720.6000,3722.6000,3722.8000,3723.6000,3724.6000,3725.0000,1,2,1,1,1,1,1,2,1,1
SF,IF2005,2020-04-13 14:27:57.600,3722.2000,12383,0,7124214840.000,0,-,-,-,-,3721.8000,3721.6000,3721.4000,3721.0000,3720.6000,3722.6000,3723.6000,3724.2000,3724.6000,3725.0000,1,2,1,1,1,1,2,2,1,1
SF,IF2005,2020-04-13 14:27:58.100,3722.6000,12383,0,7125331620.000,1,0,1,空换,B,3721.8000,3721.6000,3721.4000,3721.0000,3720.6000,3723.0000,3723.6000,3724.2000,3724.6000,3725.0000,1,2,1,1,1,1,2,2,1,1
SF,IF2005,2020-04-13 14:27:58.600,3722.6000,12383,0,7125331620.000,0,-,-,-,-,3722.0000,3721.8000,3721.4000,3721.0000,3720.6000,3722.8000,3723.0000,3723.6000,3724.2000,3724.6000,2,1,1,1,1,3,2,2,2,1
SF,IF2005,2020-04-13 14:27:59.100,3722.6000,12383,0,7125331620.000,0,-,-,-,-,3722.0000,3721.8000,3721.0000,3720.6000,3720.2000,3722.8000,3723.0000,3723.6000,3724.2000,3724.6000,2,1,1,1,1,1,1,2,2,1
SF,IF2005,2020-04-13 14:28:06.600,3722.6000,12383,0,7125331620.000,0,-,-,-,-,3722.0000,3721.8000,3721.0000,3720.6000,3720.2000,3722.6000,3722.8000,3723.0000,3723.6000,3724.2000,2,1,1,1,1,3,1,1,2,2
SF,IF2005,2020-04-13 14:28:07.100,3722.6000,12383,0,7125331620.000,0,-,-,-,-,3722.0000,3721.8000,3721.0000,3720.6000,3720.2000,3722.6000,3722.8000,3723.6000,3724.2000,3724.6000,2,1,1,1,1,3,1,2,2,1
SF,IF2005,2020-04-13 14:28:08.100,3722.6000,12383,0,7125331620.000,0,-,-,-,-,3722.0000,3721.8000,3721.0000,3720.6000,3720.2000,3722.6000,3722.8000,3723.6000,3724.2000,3724.6000,2,1,1,1,1,3,1,2,2,1
SF,IF2005,2020-04-13 14:28:08.600,3722.6000,12383,0,7125331620.000,0,-,-,-,-,3721.8000,3721.0000,3720.6000,3720.2000,3720.0000,3722.6000,3722.8000,3723.6000,3724.2000,3724.6000,1,1,1,1,4,4,1,2,2,1
SF,IF2005,2020-04-13 14:28:09.600,3722.6000,12383,0,7125331620.000,0,-,-,-,-,3721.8000,3721.0000,3720.6000,3720.2000,3720.0000,3722.6000,3722.8000,3723.6000,3724.2000,3724.6000,1,1,1,1,4,1,1,2,2,1
SF,IF2005,2020-04-13 14:28:10.100,3722.6000,12383,0,7125331620.000,0,-,-,-,-,3721.8000,3721.0000,3720.6000,3720.2000,3720.0000,3722.6000,3722.8000,3723.6000,3724.2000,3724.6000,1,1,1,1,4,2,1,2,2,1
SF,IF2005,2020-04-13 14:28:15.100,3721.8000,12383,0,7126448160.000,1,0,1,空换,B,3721.0000,3720.6000,3720.2000,3720.0000,3719.4000,3721.8000,3722.6000,3722.8000,3723.6000,3724.2000,1,1,1,4,1,1,2,1,2,2
SF,IF2005,2020-04-13 14:28:15.600,3721.8000,12382,-1,7127564700.000,1,0,1,双平,B,3721.8000,3721.4000,3721.2000,3721.0000,3720.6000,3722.6000,3722.8000,3723.6000,3724.2000,3724.6000,2,1,8,1,1,1,1,2,2,1
SF,IF2005,2020-04-13 14:28:16.100,3721.8000,12382,0,7127564700.000,0,-,-,-,-,3721.4000,3721.2000,3721.0000,3720.6000,3720.2000,3722.6000,3722.8000,3723.6000,3724.2000,3724.6000,3,7,2,1,1,1,1,2,2,1
SF,IF2005,2020-04-13 14:28:16.600,3721.8000,12382,0,7127564700.000,0,-,-,-,-,3721.8000,3721.6000,3721.4000,3721.2000,3721.0000,3722.6000,3722.8000,3723.6000,3724.2000,3724.6000,5,5,3,1,2,1,1,2,2,1
SF,IF2005,2020-04-13 14:28:17.100,3722.6000,12383,1,7128681480.000,1,1,0,双开,B,3722.0000,3721.8000,3721.6000,3721.4000,3721.0000,3722.8000,3723.6000,3724.2000,3724.6000,3725.0000,4,8,1,3,2,1,2,2,1,1
SF,IF2005,2020-04-13 14:28:17.600,3722.8000,12383,0,7129798320.000,1,0,1,空换,B,3722.4000,3722.2000,3722.0000,3721.8000,3721.6000,3723.2000,3723.6000,3724.2000,3724.6000,3725.0000,2,1,4,3,1,1,2,2,1,1
SF,IF2005,2020-04-13 14:28:18.100,3722.8000,12383,0,7129798320.000,0,-,-,-,-,3722.6000,3722.4000,3722.2000,3722.0000,3721.8000,3724.2000,3724.6000,3725.0000,3725.2000,3726.0000,1,4,1,4,2,2,1,1,1,1
SF,IF2005,2020-04-13 14:28:18.600,3722.8000,12383,0,7129798320.000,0,-,-,-,-,3722.6000,3722.4000,3722.2000,3722.0000,3721.8000,3723.6000,3723.8000,3724.0000,3724.2000,3724.6000,1,3,1,4,2,3,1,5,2,1
SF,IF2005,2020-04-13 14:28:19.100,3722.8000,12383,0,7129798320.000,0,-,-,-,-,3722.4000,3722.0000,3721.8000,3721.6000,3721.0000,3723.4000,3723.6000,3723.8000,3724.0000,3724.2000,2,3,2,1,2,2,3,8,3,2
SF,IF2005,2020-04-13 14:28:19.600,3722.8000,12383,0,7129798320.000,0,-,-,-,-,3722.4000,3722.0000,3721.8000,3721.6000,3721.0000,3723.2000,3723.4000,3723.8000,3724.0000,3724.2000,2,3,2,1,2,1,3,1,1,2
SF,IF2005,2020-04-13 14:28:20.100,3722.8000,12383,0,7129798320.000,0,-,-,-,-,3722.4000,3722.0000,3721.8000,3721.6000,3721.0000,3723.4000,3723.8000,3724.0000,3724.2000,3724.6000,2,3,2,1,2,3,1,1,2,1
SF,IF2005,2020-04-13 14:28:20.600,3722.8000,12383,0,7129798320.000,0,-,-,-,-,3722.6000,3722.4000,3722.0000,3721.8000,3721.6000,3723.4000,3723.8000,3724.0000,3724.2000,3724.6000,2,2,1,2,1,3,1,1,2,1
SF,IF2005,2020-04-13 14:28:21.100,3722.8000,12383,0,7129798320.000,0,-,-,-,-,3722.6000,3722.4000,3722.0000,3721.8000,3721.6000,3723.4000,3723.8000,3724.0000,3724.2000,3724.6000,2,2,1,2,1,1,1,1,2,1
SF,IF2005,2020-04-13 14:28:21.600,3722.8000,12383,0,7129798320.000,0,-,-,-,-,3722.6000,3722.4000,3722.0000,3721.6000,3721.0000,3723.6000,3724.2000,3724.6000,3725.0000,3725.2000,2,2,1,1,2,1,2,1,1,1
SF,IF2005,2020-04-13 14:28:22.100,3722.8000,12383,0,7129798320.000,0,-,-,-,-,3722.6000,3722.4000,3722.0000,3721.6000,3721.0000,3723.6000,3724.2000,3724.6000,3725.0000,3725.2000,2,2,1,1,2,1,2,1,1,1
SF,IF2005,2020-04-13 14:28:22.600,3722.8000,12383,0,7129798320.000,0,-,-,-,-,3723.0000,3722.8000,3722.6000,3721.6000,3721.0000,3723.6000,3724.6000,3725.0000,3725.2000,3726.0000,1,8,2,1,2,1,1,1,1,1
SF,IF2005,2020-04-13 14:28:23.100,3722.8000,12383,0,7129798320.000,0,-,-,-,-,3723.6000,3723.2000,3723.0000,3722.8000,3722.6000,3724.2000,3724.6000,3725.0000,3725.2000,3725.4000,8,1,1,7,2,1,1,1,1,2
SF,IF2005,2020-04-13 14:28:23.600,3722.8000,12383,0,7129798320.000,0,-,-,-,-,3723.6000,3723.2000,3723.0000,3722.8000,3722.6000,3724.6000,3725.0000,3725.2000,3725.4000,3726.0000,8,2,1,4,2,1,1,1,2,1
SF,IF2005,2020-04-13 14:28:24.100,3722.8000,12383,0,7129798320.000,0,-,-,-,-,3723.6000,3723.2000,3723.0000,3722.8000,3722.6000,3724.6000,3724.8000,3725.0000,3725.2000,3725.4000,8,2,1,4,2,1,1,1,1,2
SF,IF2005,2020-04-13 14:28:25.100,3722.8000,12383,0,7129798320.000,0,-,-,-,-,3723.6000,3723.2000,3723.0000,3722.8000,3722.6000,3724.8000,3725.0000,3725.2000,3725.4000,3726.0000,8,2,1,4,2,1,1,1,2,1
SF,IF2005,2020-04-13 14:28:25.600,3722.8000,12383,0,7129798320.000,0,-,-,-,-,3723.6000,3723.2000,3723.0000,3722.8000,3722.6000,3724.6000,3724.8000,3725.0000,3725.2000,3725.4000,8,2,1,4,2,7,1,1,1,2
SF,IF2005,2020-04-13 14:28:26.100,3722.8000,12383,0,7129798320.000,0,-,-,-,-,3723.6000,3723.2000,3723.0000,3722.8000,3722.6000,3724.6000,3725.0000,3725.2000,3725.4000,3726.0000,8,2,1,4,2,7,1,1,2,1
SF,IF2005,2020-04-13 14:28:26.600,3722.8000,12383,0,7129798320.000,0,-,-,-,-,3723.6000,3723.2000,3723.0000,3722.8000,3722.6000,3724.6000,3725.0000,3725.2000,3725.4000,3726.0000,8,1,1,4,2,7,1,1,2,1
SF,IF2005,2020-04-13 14:28:27.100,3722.8000,12383,0,7129798320.000,0,-,-,-,-,3723.8000,3723.6000,3723.2000,3723.0000,3722.8000,3724.6000,3725.0000,3725.2000,3725.4000,3726.0000,2,8,1,1,4,4,1,1,2,1
SF,IF2005,2020-04-13 14:28:27.600,3722.8000,12383,0,7129798320.000,0,-,-,-,-,3723.6000,3723.2000,3723.0000,3722.8000,3721.6000,3724.4000,3724.6000,3725.0000,3725.2000,3725.4000,8,1,1,2,1,3,4,1,1,2
SF,IF2005,2020-04-13 14:28:28.100,3722.8000,12383,0,7129798320.000,0,-,-,-,-,3723.8000,3723.6000,3723.2000,3723.0000,3722.8000,3724.2000,3724.6000,3725.0000,3725.2000,3725.4000,2,8,1,1,2,1,1,1,1,2
SF,IF2005,2020-04-13 14:28:28.600,3722.8000,12383,0,7129798320.000,0,-,-,-,-,3723.8000,3723.6000,3723.2000,3723.0000,3722.8000,3724.6000,3725.0000,3725.2000,3725.4000,3726.0000,2,8,1,1,4,1,1,1,2,1
SF,IF2005,2020-04-13 14:28:29.100,3722.8000,12383,0,7129798320.000,0,-,-,-,-,3723.8000,3723.6000,3723.2000,3723.0000,3722.8000,3724.6000,3724.8000,3725.0000,3725.2000,3725.4000,2,8,1,1,4,1,1,1,1,2
SF,IF2005,2020-04-13 14:28:29.600,3722.8000,12383,0,7129798320.000,0,-,-,-,-,3723.6000,3723.2000,3723.0000,3722.8000,3721.6000,3724.2000,3724.6000,3724.8000,3725.0000,3725.2000,8,1,1,4,1,3,1,1,1,1
SF,IF2005,2020-04-13 14:28:30.100,3722.8000,12383,0,7129798320.000,0,-,-,-,-,3723.6000,3723.2000,3723.0000,3722.8000,3721.6000,3724.6000,3724.8000,3725.0000,3725.2000,3725.4000,8,1,1,4,1,1,1,1,1,2
SF,IF2005,2020-04-13 14:28:30.600,3722.8000,12383,0,7129798320.000,0,-,-,-,-,3723.6000,3723.2000,3723.0000,3722.8000,3721.6000,3724.6000,3725.0000,3725.2000,3725.4000,3726.0000,8,1,1,4,1,1,1,1,2,1
SF,IF2005,2020-04-13 14:28:31.100,3722.8000,12383,0,7129798320.000,0,-,-,-,-,3723.6000,3723.2000,3723.0000,3722.8000,3721.6000,3724.2000,3724.6000,3725.0000,3725.2000,3725.4000,8,1,1,4,1,3,2,1,1,2
SF,IF2005,2020-04-13 14:28:32.100,3722.8000,12383,0,7129798320.000,0,-,-,-,-,3723.6000,3723.2000,3723.0000,3722.8000,3721.6000,3724.6000,3725.0000,3725.2000,3725.4000,3726.0000,8,1,1,4,1,2,1,1,2,1
SF,IF2005,2020-04-13 14:28:32.600,3722.8000,12383,0,7129798320.000,0,-,-,-,-,3723.6000,3723.2000,3723.0000,3722.8000,3721.6000,3724.6000,3725.0000,3725.2000,3725.4000,3726.0000,8,1,1,4,1,1,1,1,2,1
SF,IF2005,2020-04-13 14:28:33.100,3722.8000,12383,0,7129798320.000,0,-,-,-,-,3723.6000,3723.2000,3723.0000,3722.8000,3721.6000,3724.4000,3724.6000,3725.0000,3725.2000,3725.4000,8,1,1,2,1,3,2,1,1,2
SF,IF2005,2020-04-13 14:28:33.600,3722.8000,12383,0,7129798320.000,0,-,-,-,-,3723.6000,3723.2000,3723.0000,3722.8000,3721.6000,3724.4000,3724.6000,3725.0000,3725.2000,3725.4000,8,1,1,2,1,3,1,1,1,2
SF,IF2005,2020-04-13 14:28:34.100,3722.8000,12383,0,7129798320.000,0,-,-,-,-,3723.2000,3723.0000,3722.8000,3721.6000,3721.0000,3724.4000,3724.6000,3725.0000,3725.2000,3725.4000,1,1,2,1,2,3,1,1,1,2
SF,IF2005,2020-04-13 14:28:34.600,3722.8000,12383,0,7129798320.000,0,-,-,-,-,3723.4000,3723.2000,3723.0000,3722.8000,3721.6000,3724.2000,3724.4000,3724.6000,3725.0000,3725.2000,2,1,1,4,1,1,3,1,1,1
SF,IF2005,2020-04-13 14:28:35.600,3722.8000,12383,0,7129798320.000,0,-,-,-,-,3723.4000,3723.2000,3723.0000,3722.8000,3721.6000,3724.2000,3724.6000,3725.0000,3725.2000,3725.4000,2,1,1,4,1,1,1,1,1,2
SF,IF2005,2020-04-13 14:28:36.100,3722.8000,12383,0,7129798320.000,0,-,-,-,-,3723.4000,3723.2000,3723.0000,3722.8000,3721.6000,3724.6000,3725.0000,3725.2000,3725.4000,3726.0000,2,1,1,4,1,1,1,1,2,1
SF,IF2005,2020-04-13 14:28:36.600,3722.8000,12383,0,7129798320.000,0,-,-,-,-,3723.4000,3723.2000,3723.0000,3722.8000,3721.6000,3724.4000,3724.6000,3725.0000,3725.2000,3725.4000,2,1,1,4,1,1,1,1,1,2
SF,IF2005,2020-04-13 14:28:37.600,3722.8000,12383,0,7129798320.000,0,-,-,-,-,3723.6000,3723.4000,3723.2000,3723.0000,3722.8000,3724.4000,3724.6000,3725.0000,3725.2000,3725.4000,1,2,1,1,4,1,1,1,1,2
SF,IF2005,2020-04-13 14:28:38.100,3722.8000,12383,0,7129798320.000,0,-,-,-,-,3723.6000,3723.4000,3723.2000,3723.0000,3722.8000,3724.6000,3725.0000,3725.2000,3725.4000,3726.0000,2,2,1,1,4,1,1,1,2,1
SF,IF2005,2020-04-13 14:28:38.600,3722.8000,12383,0,7129798320.000,0,-,-,-,-,3723.8000,3723.6000,3723.0000,3722.8000,3721.6000,3724.8000,3725.0000,3725.2000,3725.4000,3726.0000,2,2,1,4,1,1,1,1,2,1
SF,IF2005,2020-04-13 14:28:39.100,3722.8000,12383,0,7129798320.000,0,-,-,-,-,3724.0000,3723.8000,3723.0000,3722.8000,3721.6000,3724.8000,3725.0000,3725.2000,3725.4000,3726.0000,2,4,1,2,1,1,1,1,2,1
SF,IF2005,2020-04-13 14:28:39.600,3722.8000,12383,0,7129798320.000,0,-,-,-,-,3724.4000,3724.2000,3724.0000,3723.8000,3723.0000,3724.8000,3725.0000,3725.2000,3725.4000,3726.0000,1,2,1,2,1,1,1,1,2,1
SF,IF2005,2020-04-13 14:28:40.100,3724.6000,12385,2,7132033140.000,2,2,0,双开,B,3724.4000,3724.2000,3723.0000,3722.8000,3721.0000,3725.0000,3726.0000,3727.8000,3728.0000,3728.6000,1,4,1,4,1,1,1,1,13,2
SF,IF2005,2020-04-13 14:28:40.600,3725.0000,12386,1,7133150640.000,1,1,0,双开,B,3724.6000,3723.0000,3722.8000,3721.0000,3720.6000,3725.2000,3726.0000,3726.8000,3727.8000,3728.0000,2,1,4,1,1,1,1,2,1,13
SF,IF2005,2020-04-13 14:28:41.100,3725.0000,12386,0,7133150640.000,0,-,-,-,-,3724.8000,3724.6000,3723.0000,3722.8000,3721.0000,3725.0000,3726.0000,3726.8000,3727.8000,3728.0000,1,3,1,4,1,1,1,2,1,13
SF,IF2005,2020-04-13 14:28:41.600,3725.0000,12387,1,7134268140.000,1,1,0,双开,B,3724.8000,3724.6000,3723.0000,3722.8000,3721.0000,3725.2000,3726.0000,3726.8000,3727.8000,3728.0000,1,2,1,4,1,1,1,2,1,13
SF,IF2005,2020-04-13 14:28:42.100,3725.0000,12387,0,7134268140.000,0,-,-,-,-,3724.8000,3723.0000,3722.8000,3721.0000,3720.6000,3725.2000,3726.0000,3726.8000,3727.8000,3728.0000,1,1,4,1,1,1,1,2,1,13
SF,IF2005,2020-04-13 14:28:42.600,3725.0000,12387,0,7136503080.000,2,1,1,空换,B,3723.0000,3722.8000,3721.0000,3720.6000,3720.4000,3725.2000,3726.0000,3726.8000,3727.8000,3728.0000,1,4,1,1,1,1,1,2,1,13
SF,IF2005,2020-04-13 14:28:43.100,3725.0000,12387,0,7136503080.000,0,-,-,-,-,3724.0000,3723.8000,3723.6000,3723.2000,3723.0000,3725.0000,3725.2000,3726.0000,3726.8000,3727.8000,1,2,1,6,2,2,1,1,2,1
SF,IF2005,2020-04-13 14:28:43.600,3725.0000,12387,0,7136503080.000,0,-,-,-,-,3724.0000,3723.8000,3723.6000,3723.4000,3723.2000,3724.8000,3725.0000,3726.0000,3727.8000,3728.0000,1,2,1,1,6,3,2,1,1,13
SF,IF2005,2020-04-13 14:28:44.100,3725.0000,12387,0,7136503080.000,0,-,-,-,-,3724.0000,3723.8000,3723.6000,3723.4000,3723.2000,3725.0000,3725.8000,3726.0000,3727.8000,3728.0000,1,2,1,1,6,2,2,1,1,13
SF,IF2005,2020-04-13 14:28:44.600,3725.0000,12387,0,7136503080.000,0,-,-,-,-,3724.0000,3723.8000,3723.6000,3723.4000,3723.2000,3725.0000,3725.8000,3726.0000,3727.8000,3728.0000,1,2,1,1,6,2,2,1,1,13
SF,IF2005,2020-04-13 14:28:45.100,3725.0000,12387,0,7136503080.000,0,-,-,-,-,3724.2000,3724.0000,3723.8000,3723.6000,3723.4000,3725.0000,3725.8000,3726.0000,3727.8000,3728.0000,2,1,2,1,1,2,2,1,1,13
SF,IF2005,2020-04-13 14:28:45.600,3725.0000,12389,2,7138738080.000,2,2,0,双开,B,3724.2000,3724.0000,3723.8000,3723.6000,3723.4000,3725.8000,3726.0000,3727.8000,3728.0000,3728.6000,2,1,2,1,1,2,1,1,13,2
SF,IF2005,2020-04-13 14:28:46.100,3725.0000,12389,0,7138738080.000,0,-,-,-,-,3724.4000,3724.2000,3723.8000,3723.6000,3723.4000,3725.6000,3726.0000,3727.8000,3728.0000,3728.6000,3,2,1,1,1,3,1,1,13,2
SF,IF2005,2020-04-13 14:28:46.600,3725.0000,12389,0,7138738080.000,0,-,-,-,-,3724.6000,3724.4000,3723.8000,3723.6000,3723.4000,3725.6000,3726.0000,3726.8000,3727.8000,3728.0000,2,3,1,1,1,6,1,2,1,13
SF,IF2005,2020-04-13 14:28:47.100,3725.0000,12389,0,7138738080.000,0,-,-,-,-,3724.6000,3724.4000,3723.8000,3723.6000,3723.4000,3725.6000,3726.0000,3726.8000,3727.8000,3728.0000,2,3,1,1,1,6,1,2,1,13
SF,IF2005,2020-04-13 14:28:48.100,3725.0000,12389,0,7138738080.000,0,-,-,-,-,3724.6000,3724.4000,3723.8000,3723.6000,3723.4000,3725.6000,3726.0000,3726.8000,3727.8000,3728.0000,2,3,1,1,1,6,1,2,1,13
SF,IF2005,2020-04-13 14:28:49.600,3725.0000,12389,0,7138738080.000,0,-,-,-,-,3724.6000,3724.4000,3723.8000,3723.6000,3723.4000,3725.6000,3726.0000,3726.8000,3727.8000,3728.0000,2,1,1,1,1,6,1,2,1,13
SF,IF2005,2020-04-13 14:28:50.100,3725.0000,12389,0,7138738080.000,0,-,-,-,-,3724.4000,3723.8000,3723.6000,3723.4000,3723.2000,3725.2000,3725.4000,3725.6000,3726.0000,3726.8000,1,1,1,1,4,2,4,6,1,2
SF,IF2005,2020-04-13 14:28:50.600,3725.0000,12389,0,7138738080.000,0,-,-,-,-,3723.8000,3723.6000,3723.4000,3723.2000,3723.0000,3725.0000,3725.2000,3725.4000,3725.6000,3726.0000,1,1,1,3,2,2,7,5,5,1
SF,IF2005,2020-04-13 14:28:51.100,3725.0000,12389,0,7138738080.000,0,-,-,-,-,3724.0000,3723.4000,3723.2000,3723.0000,3721.0000,3725.2000,3725.4000,3725.6000,3725.8000,3726.0000,2,1,3,2,1,1,3,3,2,1
SF,IF2005,2020-04-13 14:28:51.600,3725.0000,12389,0,7138738080.000,0,-,-,-,-,3724.0000,3723.4000,3723.2000,3723.0000,3721.0000,3725.0000,3725.2000,3725.4000,3725.6000,3725.8000,2,1,3,2,1,3,1,3,3,2
SF,IF2005,2020-04-13 14:28:52.100,3725.0000,12389,0,7138738080.000,0,-,-,-,-,3724.0000,3723.4000,3723.2000,3723.0000,3721.0000,3725.0000,3725.2000,3725.4000,3725.6000,3725.8000,2,1,3,2,1,2,1,3,3,2
SF,IF2005,2020-04-13 14:28:52.600,3725.0000,12389,0,7138738080.000,0,-,-,-,-,3724.0000,3723.4000,3723.2000,3723.0000,3721.0000,3724.8000,3725.0000,3725.2000,3725.4000,3725.6000,2,1,3,2,1,1,2,1,3,3
SF,IF2005,2020-04-13 14:28:53.100,3725.0000,12390,1,7139855580.000,1,1,0,双开,B,3724.0000,3723.4000,3723.2000,3723.0000,3721.0000,3724.6000,3725.0000,3725.2000,3725.4000,3725.6000,2,1,3,2,1,1,2,1,2,3
SF,IF2005,2020-04-13 14:28:53.600,3725.0000,12390,0,7139855580.000,0,-,-,-,-,3724.0000,3723.4000,3723.2000,3723.0000,3721.0000,3724.6000,3725.2000,3725.4000,3725.6000,3725.8000,2,1,3,2,1,1,1,2,3,2
SF,IF2005,2020-04-13 14:28:56.100,3725.0000,12390,0,7139855580.000,0,-,-,-,-,3724.0000,3723.4000,3723.2000,3723.0000,3721.0000,3724.6000,3725.2000,3725.4000,3725.6000,3725.8000,2,1,3,2,1,1,1,2,3,2
SF,IF2005,2020-04-13 14:28:58.100,3725.0000,12390,0,7139855580.000,0,-,-,-,-,3724.0000,3723.4000,3723.2000,3723.0000,3721.0000,3724.6000,3725.2000,3725.4000,3725.6000,3725.8000,2,1,3,2,1,1,1,1,3,2
SF,IF2005,2020-04-13 14:28:59.100,3725.0000,12390,0,7139855580.000,0,-,-,-,-,3724.0000,3723.4000,3723.2000,3723.0000,3721.0000,3724.6000,3724.8000,3725.2000,3725.4000,3725.6000,2,1,3,2,1,1,1,1,1,3
SF,IF2005,2020-04-13 14:29:01.100,3724.6000,12391,1,7140972960.000,1,1,0,双开,B,3724.0000,3723.4000,3723.2000,3723.0000,3721.0000,3724.8000,3725.2000,3725.6000,3725.8000,3726.0000,3,1,3,2,1,1,1,3,2,1
SF,IF2005,2020-04-13 14:29:01.600,3724.0000,12393,2,7144324560.000,3,2,1,多开,B,3723.2000,3723.0000,3721.0000,3720.6000,3720.4000,3724.0000,3724.4000,3724.6000,3724.8000,3725.2000,2,1,1,3,1,1,1,5,1,1
SF,IF2005,2020-04-13 14:29:02.100,3724.0000,12393,0,7144324560.000,0,-,-,-,-,3723.0000,3721.0000,3720.6000,3720.4000,3720.2000,3724.4000,3724.6000,3724.8000,3725.8000,3726.0000,1,1,3,1,1,1,10,1,2,1
SF,IF2005,2020-04-13 14:29:02.600,3723.2000,12394,1,7145441520.000,1,1,0,双开,B,3721.0000,3720.6000,3720.4000,3720.2000,3720.0000,3724.0000,3724.2000,3724.4000,3724.6000,3724.8000,1,3,1,1,4,3,5,1,7,1
SF,IF2005,2020-04-13 14:29:03.100,3723.2000,12394,0,7145441520.000,0,-,-,-,-,3722.8000,3722.6000,3722.4000,3722.2000,3722.0000,3723.8000,3724.2000,3724.6000,3724.8000,3725.8000,1,2,1,2,3,3,2,6,1,2
SF,IF2005,2020-04-13 14:29:03.600,3723.2000,12394,0,7145441520.000,0,-,-,-,-,3722.8000,3722.6000,3722.4000,3721.8000,3721.6000,3723.8000,3724.2000,3724.6000,3724.8000,3725.8000,1,2,1,2,3,2,2,6,1,2
SF,IF2005,2020-04-13 14:29:06.100,3723.2000,12394,0,7145441520.000,0,-,-,-,-,3723.2000,3723.0000,3722.8000,3722.6000,3721.8000,3723.8000,3724.2000,3724.6000,3724.8000,3725.8000,1,2,1,2,2,1,1,1,1,2
SF,IF2005,2020-04-13 14:29:06.600,3723.2000,12394,0,7145441520.000,0,-,-,-,-,3722.8000,3722.6000,3721.8000,3721.6000,3721.4000,3723.8000,3724.2000,3724.6000,3724.8000,3725.8000,1,2,2,3,3,1,1,1,1,2
SF,IF2005,2020-04-13 14:29:07.600,3723.8000,12395,1,7146558660.000,1,1,0,双开,B,3723.8000,3723.2000,3723.0000,3722.8000,3722.6000,3724.2000,3724.6000,3724.8000,3725.8000,3726.0000,4,3,5,1,2,1,1,1,2,1
SF,IF2005,2020-04-13 14:29:08.100,3723.8000,12395,0,7147675800.000,1,0,1,空换,B,3723.0000,3722.8000,3722.6000,3721.8000,3721.6000,3724.0000,3724.2000,3724.6000,3724.8000,3725.8000,3,1,1,1,3,2,1,1,1,2
SF,IF2005,2020-04-13 14:29:08.600,3723.8000,12395,0,7147675800.000,0,-,-,-,-,3723.8000,3723.0000,3722.8000,3722.6000,3721.8000,3724.0000,3724.2000,3724.6000,3724.8000,3725.8000,1,3,1,1,1,2,1,1,1,2
SF,IF2005,2020-04-13 14:29:09.100,3723.8000,12396,1,7148792940.000,1,1,0,双开,B,3723.0000,3722.8000,3722.6000,3721.8000,3721.6000,3724.0000,3724.2000,3724.6000,3724.8000,3725.8000,2,1,1,1,3,2,1,1,1,2
SF,IF2005,2020-04-13 14:29:09.600,3723.8000,12396,0,7148792940.000,0,-,-,-,-,3723.0000,3722.8000,3722.6000,3721.8000,3721.6000,3724.0000,3724.2000,3724.6000,3724.8000,3725.8000,2,1,1,1,3,2,1,1,1,2
SF,IF2005,2020-04-13 14:29:10.100,3723.8000,12396,0,7148792940.000,0,-,-,-,-,3723.0000,3722.8000,3722.6000,3721.8000,3721.6000,3724.0000,3724.2000,3724.6000,3724.8000,3725.8000,1,1,1,1,3,2,1,1,1,2
SF,IF2005,2020-04-13 14:29:10.600,3723.8000,12396,0,7148792940.000,0,-,-,-,-,3723.0000,3722.8000,3722.6000,3721.8000,3721.6000,3724.0000,3724.2000,3724.6000,3724.8000,3725.8000,1,1,1,1,3,2,1,1,1,2
SF,IF2005,2020-04-13 14:29:11.100,3723.8000,12396,0,7148792940.000,0,-,-,-,-,3723.0000,3722.8000,3722.6000,3721.8000,3721.6000,3724.0000,3724.2000,3724.6000,3724.8000,3725.8000,1,1,1,1,3,2,1,1,1,2
SF,IF2005,2020-04-13 14:29:11.600,3723.8000,12396,0,7148792940.000,0,-,-,-,-,3723.2000,3723.0000,3722.8000,3722.6000,3721.8000,3724.0000,3724.2000,3724.6000,3724.8000,3725.8000,2,1,1,1,1,2,1,1,1,2
SF,IF2005,2020-04-13 14:29:12.100,3723.8000,12396,0,7148792940.000,0,-,-,-,-,3723.0000,3722.8000,3722.6000,3721.8000,3721.6000,3724.0000,3724.2000,3724.6000,3724.8000,3725.8000,1,1,1,1,3,3,1,1,1,2
SF,IF2005,2020-04-13 14:29:12.600,3723.8000,12396,0,7148792940.000,0,-,-,-,-,3723.0000,3722.8000,3722.6000,3721.8000,3721.6000,3723.8000,3724.0000,3724.2000,3724.6000,3724.8000,1,1,1,1,3,3,2,1,1,1
SF,IF2005,2020-04-13 14:29:13.100,3723.8000,12396,0,7148792940.000,0,-,-,-,-,3723.0000,3722.8000,3722.6000,3721.8000,3721.6000,3724.0000,3724.2000,3724.6000,3724.8000,3725.2000,1,1,1,1,3,2,1,1,1,2
SF,IF2005,2020-04-13 14:29:13.600,3723.8000,12396,0,7148792940.000,0,-,-,-,-,3723.0000,3722.8000,3722.6000,3721.8000,3721.6000,3723.8000,3724.0000,3724.2000,3724.6000,3724.8000,1,1,1,1,3,3,2,1,1,1
SF,IF2005,2020-04-13 14:29:14.100,3723.8000,12396,0,7148792940.000,0,-,-,-,-,3723.0000,3722.8000,3722.6000,3721.8000,3721.6000,3723.8000,3724.0000,3724.2000,3724.6000,3724.8000,1,1,1,1,3,1,2,1,1,1
SF,IF2005,2020-04-13 14:29:14.600,3723.8000,12396,0,7148792940.000,0,-,-,-,-,3723.0000,3721.8000,3721.6000,3721.4000,3721.2000,3723.6000,3724.2000,3724.6000,3724.8000,3725.2000,1,1,3,2,4,2,1,1,1,2
SF,IF2005,2020-04-13 14:29:15.100,3723.8000,12396,0,7148792940.000,0,-,-,-,-,3723.0000,3721.8000,3721.6000,3721.4000,3721.2000,3723.6000,3724.6000,3724.8000,3725.2000,3726.0000,1,1,3,2,4,5,1,1,2,1
SF,IF2005,2020-04-13 14:29:15.600,3723.8000,12396,0,7148792940.000,0,-,-,-,-,3723.0000,3721.8000,3721.6000,3721.4000,3721.2000,3723.6000,3724.6000,3724.8000,3725.2000,3726.0000,1,1,3,2,4,5,1,1,2,1
SF,IF2005,2020-04-13 14:29:16.100,3723.8000,12396,0,7148792940.000,0,-,-,-,-,3723.0000,3721.8000,3721.6000,3721.4000,3721.2000,3723.6000,3724.6000,3724.8000,3725.2000,3726.0000,1,1,3,2,4,2,1,1,2,1
SF,IF2005,2020-04-13 14:29:16.600,3723.8000,12396,0,7148792940.000,0,-,-,-,-,3723.0000,3721.8000,3721.6000,3721.4000,3721.2000,3723.6000,3724.6000,3724.8000,3725.2000,3726.0000,1,1,3,2,4,3,1,1,2,1
SF,IF2005,2020-04-13 14:29:17.100,3723.8000,12397,1,7149910080.000,1,1,0,双开,B,3723.8000,3723.0000,3721.8000,3721.6000,3721.4000,3724.6000,3724.8000,3725.2000,3726.0000,3727.8000,1,1,1,3,2,1,1,2,1,1
SF,IF2005,2020-04-13 14:29:17.600,3723.8000,12397,0,7149910080.000,0,-,-,-,-,3723.8000,3723.0000,3721.8000,3721.6000,3721.4000,3724.0000,3724.2000,3724.4000,3724.6000,3724.8000,1,1,1,3,2,3,2,4,1,1
SF,IF2005,2020-04-13 14:29:18.100,3723.8000,12398,1,7151027220.000,1,1,0,双开,B,3723.0000,3721.8000,3721.6000,3721.4000,3721.2000,3723.8000,3724.0000,3724.2000,3724.4000,3724.6000,1,1,3,2,4,1,3,3,3,1
SF,IF2005,2020-04-13 14:29:18.600,3723.8000,12398,0,7151027220.000,0,-,-,-,-,3721.8000,3721.6000,3721.4000,3721.2000,3721.0000,3723.8000,3724.0000,3724.2000,3724.4000,3724.6000,1,3,2,4,2,1,3,3,3,1
SF,IF2005,2020-04-13 14:29:19.100,3723.8000,12398,0,7151027220.000,0,-,-,-,-,3722.8000,3722.6000,3722.4000,3722.2000,3722.0000,3723.6000,3723.8000,3724.2000,3724.6000,3724.8000,1,2,1,1,5,1,1,2,1,1
SF,IF2005,2020-04-13 14:29:19.600,3723.8000,12398,0,7151027220.000,0,-,-,-,-,3723.0000,3722.8000,3722.6000,3722.4000,3722.2000,3723.8000,3724.2000,3724.6000,3724.8000,3725.2000,2,1,2,1,4,1,2,1,1,2
SF,IF2005,2020-04-13 14:29:20.100,3723.8000,12398,0,7151027220.000,0,-,-,-,-,3723.2000,3723.0000,3722.6000,3722.4000,3722.2000,3723.8000,3724.2000,3724.6000,3724.8000,3725.2000,1,3,1,1,4,1,2,1,1,2
SF,IF2005,2020-04-13 14:29:20.600,3723.8000,12398,0,7151027220.000,0,-,-,-,-,3723.2000,3723.0000,3722.6000,3722.4000,3722.2000,3723.8000,3724.2000,3724.6000,3724.8000,3725.2000,1,3,1,1,4,1,2,1,1,2
SF,IF2005,2020-04-13 14:29:21.600,3723.8000,12398,0,7151027220.000,0,-,-,-,-,3723.2000,3723.0000,3722.6000,3722.4000,3722.2000,3723.8000,3724.2000,3724.6000,3724.8000,3725.2000,1,3,1,1,3,1,2,1,1,2
SF,IF2005,2020-04-13 14:29:22.100,3723.8000,12398,0,7151027220.000,0,-,-,-,-,3723.6000,3723.2000,3723.0000,3722.4000,3722.2000,3723.8000,3724.2000,3724.6000,3724.8000,3725.2000,1,1,3,1,3,1,2,1,1,2
SF,IF2005,2020-04-13 14:29:22.600,3723.8000,12398,0,7151027220.000,0,-,-,-,-,3723.6000,3723.2000,3723.0000,3722.4000,3722.2000,3724.2000,3724.6000,3724.8000,3725.2000,3726.0000,1,1,3,1,3,2,1,1,2,1
SF,IF2005,2020-04-13 14:29:23.100,3723.8000,12398,0,7151027220.000,0,-,-,-,-,3723.6000,3723.2000,3723.0000,3722.4000,3722.2000,3724.2000,3724.6000,3724.8000,3725.2000,3726.0000,1,1,2,1,3,2,1,1,2,1
SF,IF2005,2020-04-13 14:29:24.600,3723.8000,12398,0,7151027220.000,0,-,-,-,-,3723.6000,3723.2000,3723.0000,3722.4000,3722.2000,3724.2000,3724.6000,3724.8000,3725.2000,3726.0000,1,1,2,1,3,1,1,1,2,1
SF,IF2005,2020-04-13 14:29:25.100,3723.8000,12398,0,7151027220.000,0,-,-,-,-,3724.2000,3723.6000,3723.2000,3723.0000,3722.4000,3724.6000,3724.8000,3725.2000,3726.0000,3727.8000,1,1,1,2,1,1,1,2,1,1
SF,IF2005,2020-04-13 14:29:25.600,3724.2000,12399,1,7152144480.000,1,1,0,双开,B,3723.6000,3723.2000,3723.0000,3722.4000,3722.2000,3724.0000,3724.2000,3724.4000,3724.6000,3724.8000,1,1,2,1,3,4,1,2,1,1
SF,IF2005,2020-04-13 14:29:26.100,3724.2000,12399,0,7152144480.000,0,-,-,-,-,3723.6000,3723.0000,3722.4000,3722.2000,3722.0000,3724.2000,3724.4000,3724.6000,3724.8000,3725.2000,1,2,1,3,5,1,2,1,1,2
SF,IF2005,2020-04-13 14:29:29.100,3724.2000,12399,0,7152144480.000,0,-,-,-,-,3723.6000,3723.0000,3722.4000,3722.2000,3722.0000,3724.0000,3724.2000,3724.4000,3724.6000,3724.8000,1,2,1,3,5,3,1,2,1,1
SF,IF2005,2020-04-13 14:29:29.600,3724.2000,12399,0,7152144480.000,0,-,-,-,-,3723.6000,3723.0000,3722.4000,3722.2000,3722.0000,3724.2000,3724.4000,3724.6000,3724.8000,3725.2000,1,2,1,3,5,1,2,1,1,2
SF,IF2005,2020-04-13 14:29:30.100,3724.2000,12399,0,7152144480.000,0,-,-,-,-,3723.6000,3723.0000,3722.4000,3722.2000,3722.0000,3724.0000,3724.2000,3724.4000,3724.6000,3724.8000,1,2,1,3,5,3,1,2,1,1
SF,IF2005,2020-04-13 14:29:30.600,3724.2000,12399,0,7152144480.000,0,-,-,-,-,3723.6000,3723.0000,3722.4000,3722.2000,3722.0000,3724.0000,3724.4000,3724.6000,3724.8000,3725.2000,1,2,1,3,5,3,2,1,1,2
SF,IF2005,2020-04-13 14:29:31.600,3724.2000,12399,0,7152144480.000,0,-,-,-,-,3723.6000,3723.0000,3722.4000,3722.2000,3722.0000,3724.4000,3724.6000,3724.8000,3725.2000,3726.0000,1,2,1,3,5,2,1,1,2,1
SF,IF2005,2020-04-13 14:29:32.100,3724.2000,12399,0,7152144480.000,0,-,-,-,-,3723.6000,3723.0000,3722.4000,3722.2000,3722.0000,3724.2000,3724.4000,3724.6000,3724.8000,3725.2000,1,2,1,3,5,3,2,1,1,2
SF,IF2005,2020-04-13 14:29:32.600,3724.2000,12399,0,7152144480.000,0,-,-,-,-,3723.6000,3723.0000,3722.4000,3722.2000,3722.0000,3724.4000,3724.6000,3724.8000,3725.2000,3726.0000,1,2,1,3,5,2,1,1,2,1
SF,IF2005,2020-04-13 14:29:33.100,3724.2000,12399,0,7152144480.000,0,-,-,-,-,3723.6000,3723.0000,3722.4000,3722.2000,3722.0000,3724.0000,3724.2000,3724.4000,3724.6000,3724.8000,1,2,1,3,5,3,1,2,1,1
SF,IF2005,2020-04-13 14:29:33.600,3724.2000,12399,0,7152144480.000,0,-,-,-,-,3723.6000,3723.0000,3722.4000,3722.2000,3722.0000,3724.4000,3724.6000,3724.8000,3725.2000,3726.0000,1,2,1,3,5,2,1,1,2,1
SF,IF2005,2020-04-13 14:29:34.100,3724.2000,12399,0,7152144480.000,0,-,-,-,-,3723.6000,3723.0000,3722.4000,3722.2000,3722.0000,3724.2000,3724.4000,3724.6000,3724.8000,3725.2000,1,2,1,3,5,3,2,1,1,2
SF,IF2005,2020-04-13 14:29:34.600,3724.2000,12399,0,7152144480.000,0,-,-,-,-,3723.6000,3723.0000,3722.4000,3722.2000,3722.0000,3724.0000,3724.2000,3724.6000,3724.8000,3725.2000,1,2,1,3,5,2,3,1,1,2
SF,IF2005,2020-04-13 14:29:39.100,3723.6000,12400,1,7153261560.000,1,1,0,双开,B,3723.0000,3722.4000,3722.2000,3722.0000,3721.8000,3724.0000,3724.2000,3724.6000,3724.8000,3725.2000,2,1,3,5,1,2,3,1,1,2
SF,IF2005,2020-04-13 14:29:39.600,3723.6000,12400,0,7153261560.000,0,-,-,-,-,3722.4000,3722.2000,3722.0000,3721.8000,3721.4000,3723.6000,3724.0000,3724.2000,3724.6000,3724.8000,1,3,5,1,1,1,2,3,1,1
SF,IF2005,2020-04-13 14:29:40.100,3723.6000,12400,0,7153261560.000,0,-,-,-,-,3722.6000,3722.2000,3722.0000,3721.8000,3721.4000,3723.4000,3723.6000,3723.8000,3724.2000,3724.6000,2,2,2,1,1,2,3,5,3,1
SF,IF2005,2020-04-13 14:29:40.600,3723.6000,12400,0,7153261560.000,0,-,-,-,-,3722.6000,3722.2000,3722.0000,3721.4000,3721.2000,3723.4000,3723.6000,3724.2000,3724.6000,3724.8000,2,2,2,1,1,2,2,3,1,1
SF,IF2005,2020-04-13 14:29:41.100,3723.6000,12400,0,7153261560.000,0,-,-,-,-,3722.6000,3722.2000,3722.0000,3721.4000,3721.2000,3723.4000,3723.6000,3724.2000,3724.6000,3724.8000,2,2,2,1,1,2,2,3,1,1
SF,IF2005,2020-04-13 14:29:41.600,3723.6000,12400,0,7153261560.000,0,-,-,-,-,3722.6000,3722.2000,3722.0000,3721.4000,3721.2000,3723.4000,3723.6000,3724.2000,3724.6000,3724.8000,2,2,2,1,1,2,1,3,1,3
SF,IF2005,2020-04-13 14:29:42.100,3723.6000,12400,0,7153261560.000,0,-,-,-,-,3722.6000,3722.2000,3722.0000,3721.4000,3721.2000,3723.4000,3723.6000,3724.2000,3724.6000,3724.8000,1,2,2,1,1,2,1,3,1,3
SF,IF2005,2020-04-13 14:29:44.600,3723.6000,12400,0,7153261560.000,0,-,-,-,-,3722.6000,3722.2000,3722.0000,3721.4000,3721.2000,3723.4000,3724.2000,3724.6000,3724.8000,3726.0000,1,2,2,1,1,2,3,1,3,1
SF,IF2005,2020-04-13 14:29:46.100,3722.6000,12401,1,7154378340.000,1,1,0,双开,B,3722.2000,3722.0000,3721.4000,3721.2000,3721.0000,3723.4000,3724.2000,3724.6000,3724.8000,3726.0000,2,2,1,1,2,2,3,1,3,1
SF,IF2005,2020-04-13 14:29:46.600,3722.6000,12401,0,7154378340.000,0,-,-,-,-,3722.4000,3722.2000,3722.0000,3721.4000,3721.2000,3723.4000,3724.2000,3724.6000,3724.8000,3726.0000,2,2,2,1,1,2,3,1,3,1
SF,IF2005,2020-04-13 14:29:47.600,3722.6000,12401,0,7154378340.000,0,-,-,-,-,3722.4000,3722.0000,3721.2000,3721.0000,3720.6000,3723.4000,3724.2000,3724.6000,3724.8000,3726.0000,2,2,1,2,1,2,3,1,3,1
SF,IF2005,2020-04-13 14:29:50.100,3722.6000,12401,0,7154378340.000,0,-,-,-,-,3722.4000,3722.0000,3721.2000,3721.0000,3720.6000,3723.4000,3724.2000,3724.6000,3724.8000,3726.0000,2,2,1,2,1,2,3,1,3,1
SF,IF2005,2020-04-13 14:29:52.100,3723.4000,12402,1,7155495360.000,1,1,0,双开,B,3722.6000,3722.4000,3722.0000,3721.2000,3721.0000,3723.4000,3724.2000,3724.6000,3724.8000,3726.0000,1,2,2,1,2,1,3,1,3,1
SF,IF2005,2020-04-13 14:29:57.600,3723.4000,12402,0,7155495360.000,0,-,-,-,-,3722.4000,3722.0000,3721.2000,3721.0000,3720.6000,3723.0000,3723.4000,3724.2000,3724.6000,3724.8000,2,2,1,2,1,2,1,3,1,1
SF,IF2005,2020-04-13 14:29:58.100,3723.4000,12402,0,7155495360.000,0,-,-,-,-,3722.0000,3721.2000,3721.0000,3720.6000,3720.4000,3722.6000,3723.0000,3723.4000,3723.8000,3724.6000,2,1,2,1,1,1,2,1,2,1
SF,IF2005,2020-04-13 14:29:58.600,3723.4000,12402,0,7155495360.000,0,-,-,-,-,3722.0000,3721.2000,3721.0000,3720.6000,3720.4000,3722.6000,3722.8000,3723.0000,3723.4000,3723.8000,1,1,2,1,1,1,3,1,1,2
SF,IF2005,2020-04-13 14:29:59.100,3722.0000,12407,5,7162197060.000,6,5,1,多开,B,3721.2000,3721.0000,3720.6000,3720.4000,3720.2000,3723.4000,3723.8000,3724.6000,3724.8000,3726.0000,1,2,1,1,1,1,2,1,1,1
SF,IF2005,2020-04-13 14:29:59.600,3722.0000,12407,0,7162197060.000,0,-,-,-,-,3722.4000,3722.2000,3722.0000,3721.6000,3721.4000,3723.2000,3723.4000,3723.8000,3724.6000,3724.8000,1,1,2,2,7,1,1,2,1,1
SF,IF2005,2020-04-13 14:30:00.100,3722.0000,12407,0,7162197060.000,0,-,-,-,-,3722.2000,3722.0000,3721.8000,3721.6000,3721.4000,3723.2000,3723.4000,3723.8000,3724.6000,3724.8000,1,2,1,3,6,1,1,2,1,1
SF,IF2005,2020-04-13 14:30:00.600,3722.0000,12407,0,7162197060.000,0,-,-,-,-,3721.8000,3721.6000,3721.4000,3721.2000,3721.0000,3723.0000,3723.2000,3723.8000,3724.6000,3724.8000,1,4,6,1,2,3,1,2,1,1
SF,IF2005,2020-04-13 14:30:01.100,3722.0000,12407,0,7162197060.000,0,-,-,-,-,3721.8000,3721.6000,3721.4000,3721.2000,3721.0000,3722.8000,3723.0000,3723.2000,3723.8000,3724.6000,1,1,3,1,1,7,3,1,2,1
SF,IF2005,2020-04-13 14:30:01.600,3722.0000,12407,0,7162197060.000,0,-,-,-,-,3721.8000,3721.4000,3721.2000,3721.0000,3720.6000,3722.2000,3723.0000,3723.2000,3723.8000,3724.6000,1,3,1,1,1,1,3,1,2,1
SF,IF2005,2020-04-13 14:30:02.100,3722.0000,12407,0,7162197060.000,0,-,-,-,-,3721.4000,3721.2000,3721.0000,3720.6000,3720.2000,3722.2000,3722.6000,3723.0000,3723.8000,3724.6000,3,1,1,1,1,1,1,3,2,1
SF,IF2005,2020-04-13 14:30:02.600,3722.0000,12407,0,7162197060.000,0,-,-,-,-,3721.4000,3720.6000,3720.2000,3720.0000,3719.4000,3722.2000,3722.6000,3723.0000,3723.8000,3724.6000,2,1,1,4,1,1,1,3,2,1
SF,IF2005,2020-04-13 14:30:03.100,3722.2000,12407,0,7163313720.000,1,0,1,空换,B,3721.4000,3720.6000,3720.2000,3720.0000,3719.4000,3722.6000,3723.0000,3723.8000,3724.6000,3724.8000,2,1,1,4,1,1,3,2,1,1
SF,IF2005,2020-04-13 14:30:03.600,3722.2000,12407,0,7163313720.000,0,-,-,-,-,3721.4000,3720.6000,3720.2000,3720.0000,3719.4000,3722.4000,3722.6000,3723.0000,3723.8000,3724.6000,2,1,1,4,1,2,1,1,2,1
SF,IF2005,2020-04-13 14:30:04.100,3722.2000,12407,0,7163313720.000,0,-,-,-,-,3721.4000,3720.6000,3720.2000,3720.0000,3719.4000,3722.4000,3722.6000,3723.0000,3723.8000,3724.6000,2,1,1,4,1,3,1,1,2,1
SF,IF2005,2020-04-13 14:30:04.600,3722.2000,12407,0,7163313720.000,0,-,-,-,-,3721.4000,3720.6000,3720.2000,3720.0000,3719.4000,3722.4000,3722.6000,3723.0000,3723.8000,3724.6000,2,1,1,4,1,3,1,1,2,1
SF,IF2005,2020-04-13 14:30:05.100,3722.2000,12407,0,7163313720.000,0,-,-,-,-,3721.4000,3720.6000,3720.2000,3720.0000,3719.4000,3722.4000,3722.6000,3723.0000,3723.8000,3724.6000,2,1,1,4,1,2,1,1,2,1
SF,IF2005,2020-04-13 14:30:07.100,3722.4000,12408,1,7164430440.000,1,1,0,双开,B,3721.4000,3720.6000,3720.2000,3720.0000,3719.4000,3722.4000,3722.6000,3723.0000,3723.8000,3724.6000,2,1,1,4,1,1,1,1,2,1
SF,IF2005,2020-04-13 14:30:08.600,3722.4000,12408,0,7164430440.000,0,-,-,-,-,3721.4000,3720.6000,3720.2000,3720.0000,3719.4000,3722.4000,3722.6000,3723.0000,3723.8000,3724.6000,2,1,1,4,1,1,1,1,2,1
SF,IF2005,2020-04-13 14:30:10.600,3722.4000,12408,0,7164430440.000,0,-,-,-,-,3721.4000,3720.6000,3720.2000,3720.0000,3719.4000,3722.0000,3722.2000,3722.4000,3723.0000,3724.6000,2,1,1,4,1,7,2,1,1,1
SF,IF2005,2020-04-13 14:30:11.100,3721.4000,12409,1,7165546860.000,1,1,0,双开,B,3721.4000,3720.6000,3720.2000,3720.0000,3719.4000,3722.2000,3722.4000,3722.6000,3723.0000,3724.6000,1,1,1,4,1,1,1,2,1,1
SF,IF2005,2020-04-13 14:30:11.600,3721.4000,12409,0,7165546860.000,0,-,-,-,-,3720.6000,3720.2000,3720.0000,3719.4000,3719.2000,3722.0000,3722.2000,3722.6000,3723.0000,3724.6000,1,1,4,1,4,2,1,2,1,1
SF,IF2005,2020-04-13 14:30:12.100,3721.4000,12409,0,7165546860.000,0,-,-,-,-,3720.8000,3720.6000,3720.2000,3720.0000,3719.4000,3721.4000,3722.0000,3722.2000,3722.6000,3723.0000,3,1,1,4,1,1,2,1,2,1
SF,IF2005,2020-04-13 14:30:12.600,3721.4000,12409,0,7165546860.000,0,-,-,-,-,3720.8000,3720.6000,3720.2000,3720.0000,3719.4000,3721.4000,3722.0000,3722.2000,3722.6000,3723.0000,3,1,1,4,1,1,2,1,2,1
SF,IF2005,2020-04-13 14:30:13.100,3721.4000,12409,0,7165546860.000,0,-,-,-,-,3720.8000,3720.6000,3720.2000,3720.0000,3719.4000,3721.4000,3722.0000,3722.2000,3722.6000,3723.0000,3,1,1,4,1,2,2,1,2,1
SF,IF2005,2020-04-13 14:30:13.600,3721.4000,12409,0,7165546860.000,0,-,-,-,-,3720.8000,3720.6000,3720.2000,3720.0000,3719.4000,3721.4000,3722.0000,3722.6000,3723.0000,3724.6000,3,1,1,4,1,1,2,2,1,1
SF,IF2005,2020-04-13 14:30:14.100,3721.4000,12409,0,7165546860.000,0,-,-,-,-,3720.6000,3720.2000,3720.0000,3719.4000,3719.2000,3721.4000,3722.0000,3722.6000,3723.0000,3724.6000,1,1,4,1,1,1,2,2,1,1
SF,IF2005,2020-04-13 14:30:14.600,3721.4000,12409,0,7165546860.000,0,-,-,-,-,3720.6000,3720.2000,3720.0000,3719.4000,3719.2000,3721.4000,3722.0000,3722.6000,3723.0000,3724.6000,1,1,4,1,1,2,2,2,1,1
SF,IF2005,2020-04-13 14:30:15.100,3721.4000,12409,0,7166663280.000,1,0,1,空换,B,3720.6000,3720.2000,3720.0000,3719.4000,3719.2000,3722.0000,3722.6000,3723.0000,3724.6000,3724.8000,2,1,4,1,1,2,2,1,1,2
SF,IF2005,2020-04-13 14:30:15.600,3721.4000,12409,0,7166663280.000,0,-,-,-,-,3720.8000,3720.6000,3720.2000,3720.0000,3719.4000,3721.8000,3722.0000,3722.6000,3723.0000,3724.6000,2,2,1,4,1,1,2,2,1,1
SF,IF2005,2020-04-13 14:30:16.100,3721.4000,12409,0,7166663280.000,0,-,-,-,-,3720.8000,3720.6000,3720.4000,3720.2000,3720.0000,3721.6000,3721.8000,3722.6000,3723.0000,3724.6000,2,2,1,1,4,4,1,2,1,1
SF,IF2005,2020-04-13 14:30:16.600,3721.4000,12409,0,7166663280.000,0,-,-,-,-,3720.8000,3720.6000,3720.4000,3720.2000,3720.0000,3721.8000,3722.6000,3723.0000,3724.6000,3724.8000,2,2,1,1,4,1,2,1,1,2
SF,IF2005,2020-04-13 14:30:17.100,3721.4000,12409,0,7166663280.000,0,-,-,-,-,3720.8000,3720.6000,3720.4000,3720.2000,3720.0000,3721.8000,3722.6000,3723.0000,3724.6000,3724.8000,2,2,1,1,4,1,2,1,1,2
SF,IF2005,2020-04-13 14:30:17.600,3721.4000,12409,0,7166663280.000,0,-,-,-,-,3721.4000,3720.8000,3720.6000,3720.4000,3720.2000,3721.8000,3722.6000,3723.0000,3724.6000,3724.8000,2,2,2,1,1,1,2,1,1,2
SF,IF2005,2020-04-13 14:30:18.100,3721.4000,12409,0,7166663280.000,0,-,-,-,-,3721.4000,3720.8000,3720.6000,3720.4000,3720.2000,3722.6000,3723.0000,3724.6000,3724.8000,3726.0000,2,2,2,1,1,2,1,1,2,1
SF,IF2005,2020-04-13 14:30:18.600,3721.4000,12411,2,7168896120.000,2,2,0,双开,B,3720.8000,3720.6000,3720.4000,3720.2000,3720.0000,3722.2000,3722.4000,3722.6000,3723.0000,3724.6000,2,2,1,1,4,6,6,2,1,1
SF,IF2005,2020-04-13 14:30:19.100,3721.4000,12411,0,7168896120.000,0,-,-,-,-,3720.8000,3720.6000,3720.4000,3720.2000,3720.0000,3721.4000,3722.0000,3722.2000,3722.4000,3722.6000,2,2,1,1,4,1,2,8,3,2
SF,IF2005,2020-04-13 14:30:19.600,3721.4000,12410,-1,7170012540.000,1,0,1,双平,B,3720.8000,3720.6000,3720.4000,3720.2000,3720.0000,3721.4000,3721.8000,3722.0000,3722.2000,3722.4000,2,2,1,1,4,1,5,2,8,3
SF,IF2005,2020-04-13 14:30:20.100,3721.4000,12410,0,7170012540.000,0,-,-,-,-,3720.8000,3720.6000,3720.4000,3720.2000,3720.0000,3721.4000,3722.0000,3722.2000,3722.4000,3722.6000,2,2,1,1,4,1,2,6,2,2
SF,IF2005,2020-04-13 14:30:20.600,3721.4000,12410,0,7170012540.000,0,-,-,-,-,3720.8000,3720.6000,3720.4000,3720.2000,3720.0000,3721.4000,3722.0000,3722.2000,3722.4000,3722.6000,2,2,1,1,4,1,2,6,2,2
SF,IF2005,2020-04-13 14:30:21.100,3721.4000,12410,0,7170012540.000,0,-,-,-,-,3720.8000,3720.6000,3720.4000,3720.2000,3720.0000,3721.4000,3722.0000,3722.2000,3722.4000,3722.6000,3,2,1,1,4,2,2,6,2,2
SF,IF2005,2020-04-13 14:30:21.600,3721.4000,12410,0,7170012540.000,0,-,-,-,-,3720.8000,3720.6000,3720.4000,3720.2000,3720.0000,3722.0000,3722.2000,3722.4000,3722.6000,3723.0000,1,2,1,1,4,2,6,2,2,1
SF,IF2005,2020-04-13 14:30:22.100,3721.4000,12410,0,7170012540.000,0,-,-,-,-,3720.8000,3720.6000,3720.4000,3720.2000,3720.0000,3721.8000,3722.0000,3722.2000,3722.4000,3722.6000,1,2,1,1,4,2,2,6,2,2
SF,IF2005,2020-04-13 14:30:22.600,3721.4000,12410,0,7170012540.000,0,-,-,-,-,3720.8000,3720.6000,3720.4000,3720.2000,3720.0000,3721.6000,3721.8000,3722.0000,3722.2000,3722.4000,1,2,1,1,4,2,2,1,6,2
SF,IF2005,2020-04-13 14:30:23.100,3721.4000,12410,0,7170012540.000,0,-,-,-,-,3720.8000,3720.6000,3720.4000,3720.2000,3720.0000,3721.6000,3721.8000,3722.2000,3722.4000,3722.6000,1,2,1,1,4,2,2,6,2,2
SF,IF2005,2020-04-13 14:30:23.600,3721.4000,12410,0,7170012540.000,0,-,-,-,-,3720.8000,3720.6000,3720.4000,3720.2000,3720.0000,3721.6000,3721.8000,3722.2000,3722.4000,3722.6000,1,2,1,1,4,2,3,6,2,2
SF,IF2005,2020-04-13 14:30:24.100,3721.4000,12410,0,7170012540.000,0,-,-,-,-,3720.8000,3720.6000,3720.4000,3720.2000,3720.0000,3721.6000,3721.8000,3722.2000,3722.4000,3722.6000,1,2,1,1,4,2,3,6,2,2
SF,IF2005,2020-04-13 14:30:24.600,3721.4000,12410,0,7170012540.000,0,-,-,-,-,3720.8000,3720.6000,3720.4000,3720.2000,3720.0000,3721.6000,3721.8000,3722.2000,3722.4000,3722.6000,1,2,1,1,4,2,3,6,2,2
SF,IF2005,2020-04-13 14:30:25.100,3721.4000,12410,0,7170012540.000,0,-,-,-,-,3720.8000,3720.6000,3720.4000,3720.2000,3720.0000,3721.8000,3722.2000,3722.4000,3722.6000,3723.0000,1,2,1,1,4,3,6,2,2,1
SF,IF2005,2020-04-13 14:30:25.600,3721.4000,12410,0,7170012540.000,0,-,-,-,-,3721.0000,3720.8000,3720.6000,3720.4000,3720.2000,3721.8000,3722.2000,3722.4000,3722.6000,3723.0000,2,1,2,1,1,3,6,2,2,1
SF,IF2005,2020-04-13 14:30:26.100,3721.4000,12410,0,7170012540.000,0,-,-,-,-,3721.0000,3720.8000,3720.6000,3720.4000,3720.2000,3721.8000,3722.2000,3722.4000,3722.6000,3723.0000,2,1,2,1,1,3,6,2,2,1
SF,IF2005,2020-04-13 14:30:26.600,3721.4000,12410,0,7170012540.000,0,-,-,-,-,3721.0000,3720.8000,3720.6000,3720.4000,3720.2000,3721.8000,3722.2000,3722.4000,3722.6000,3723.0000,2,1,2,1,1,3,6,2,2,1
SF,IF2005,2020-04-13 14:30:27.100,3721.4000,12410,0,7170012540.000,0,-,-,-,-,3720.8000,3720.6000,3720.4000,3720.2000,3720.0000,3721.8000,3722.2000,3722.4000,3722.6000,3723.0000,1,2,1,1,4,3,6,2,2,1
SF,IF2005,2020-04-13 14:30:27.600,3721.4000,12410,0,7170012540.000,0,-,-,-,-,3720.8000,3720.6000,3720.4000,3720.2000,3720.0000,3721.4000,3721.6000,3721.8000,3722.2000,3722.4000,1,2,1,1,4,2,3,3,5,2
SF,IF2005,2020-04-13 14:30:28.100,3721.4000,12410,0,7170012540.000,0,-,-,-,-,3720.8000,3720.6000,3720.4000,3720.2000,3720.0000,3721.4000,3721.6000,3721.8000,3722.2000,3722.4000,1,2,1,1,4,2,3,3,5,2
SF,IF2005,2020-04-13 14:30:28.600,3721.4000,12410,0,7170012540.000,0,-,-,-,-,3720.8000,3720.6000,3720.4000,3720.2000,3720.0000,3721.4000,3721.6000,3721.8000,3722.2000,3722.4000,1,2,1,1,4,1,3,3,5,2
SF,IF2005,2020-04-13 14:30:29.100,3721.4000,12410,0,7171128960.000,1,0,1,空换,B,3720.8000,3720.6000,3720.4000,3720.2000,3720.0000,3721.6000,3721.8000,3722.2000,3722.4000,3722.6000,1,2,1,1,4,2,3,5,2,2
SF,IF2005,2020-04-13 14:30:29.600,3721.4000,12410,0,7171128960.000,0,-,-,-,-,3720.8000,3720.6000,3720.4000,3720.2000,3720.0000,3721.8000,3722.2000,3722.4000,3722.6000,3723.0000,1,2,1,1,4,3,5,2,2,1
SF,IF2005,2020-04-13 14:30:30.100,3721.4000,12410,0,7171128960.000,0,-,-,-,-,3721.0000,3720.8000,3720.6000,3720.4000,3720.2000,3721.8000,3722.2000,3722.4000,3722.6000,3723.0000,2,1,2,1,1,3,5,2,2,1
SF,IF2005,2020-04-13 14:30:31.100,3721.4000,12410,0,7171128960.000,0,-,-,-,-,3721.0000,3720.8000,3720.6000,3720.4000,3720.2000,3721.8000,3722.2000,3722.4000,3722.6000,3723.0000,2,1,2,1,1,2,5,2,2,1
SF,IF2005,2020-04-13 14:30:33.100,3721.8000,12411,1,7172245500.000,1,1,0,双开,B,3721.0000,3720.8000,3720.6000,3720.4000,3720.2000,3721.8000,3722.2000,3722.4000,3722.6000,3723.0000,2,1,2,1,1,1,5,2,2,1
SF,IF2005,2020-04-13 14:30:34.100,3721.0000,12412,1,7173361800.000,1,1,0,双开,B,3721.0000,3720.8000,3720.6000,3720.4000,3720.2000,3721.8000,3722.2000,3722.4000,3722.6000,3723.0000,1,1,2,1,1,1,5,2,2,1
SF,IF2005,2020-04-13 14:30:34.600,3721.0000,12412,0,7173361800.000,0,-,-,-,-,3720.8000,3720.6000,3720.4000,3720.2000,3720.0000,3721.6000,3721.8000,3722.2000,3722.4000,3722.6000,1,2,1,1,4,2,2,5,2,2
SF,IF2005,2020-04-13 14:30:39.600,3721.0000,12412,0,7173361800.000,0,-,-,-,-,3720.8000,3720.6000,3720.4000,3720.2000,3720.0000,3721.6000,3721.8000,3722.2000,3722.4000,3722.6000,1,2,1,1,4,2,2,5,2,2
SF,IF2005,2020-04-13 14:30:41.600,3720.8000,12413,1,7175594340.000,2,1,1,多开,B,3720.6000,3720.4000,3720.2000,3720.0000,3719.4000,3721.6000,3721.8000,3722.2000,3722.4000,3722.6000,2,1,1,4,1,2,2,5,2,2
SF,IF2005,2020-04-13 14:30:42.100,3720.8000,12413,0,7175594340.000,0,-,-,-,-,3720.8000,3720.6000,3720.4000,3720.2000,3720.0000,3721.6000,3721.8000,3722.2000,3722.4000,3722.6000,1,2,1,1,4,2,2,5,2,2
SF,IF2005,2020-04-13 14:30:43.100,3720.8000,12413,0,7176710580.000,1,0,1,空换,B,3720.6000,3720.4000,3720.2000,3720.0000,3719.4000,3721.6000,3721.8000,3722.2000,3722.4000,3722.6000,2,1,1,4,1,2,2,5,2,2
SF,IF2005,2020-04-13 14:30:43.600,3720.8000,12413,0,7176710580.000,0,-,-,-,-,3720.8000,3720.6000,3720.4000,3720.2000,3720.0000,3721.6000,3721.8000,3722.2000,3722.4000,3722.6000,2,2,1,1,4,2,2,5,2,2
SF,IF2005,2020-04-13 14:30:44.100,3720.8000,12413,0,7176710580.000,0,-,-,-,-,3720.6000,3720.4000,3720.2000,3720.0000,3719.4000,3721.6000,3721.8000,3722.2000,3722.4000,3722.6000,2,1,1,4,1,2,2,5,2,2
SF,IF2005,2020-04-13 14:30:48.100,3720.8000,12413,0,7176710580.000,0,-,-,-,-,3720.6000,3720.4000,3720.2000,3720.0000,3719.4000,3721.4000,3721.6000,3721.8000,3722.2000,3722.4000,2,1,1,4,1,1,2,2,5,2
SF,IF2005,2020-04-13 14:30:48.600,3720.8000,12413,0,7176710580.000,0,-,-,-,-,3720.6000,3720.4000,3720.2000,3720.0000,3719.4000,3721.4000,3721.6000,3721.8000,3722.2000,3722.4000,2,1,1,4,1,2,2,1,5,2
SF,IF2005,2020-04-13 14:30:49.600,3720.8000,12413,0,7176710580.000,0,-,-,-,-,3720.6000,3720.4000,3720.2000,3720.0000,3719.4000,3721.4000,3721.6000,3721.8000,3722.2000,3722.4000,2,1,1,4,1,2,2,2,5,2
SF,IF2005,2020-04-13 14:30:51.100,3720.8000,12413,0,7176710580.000,0,-,-,-,-,3720.6000,3720.4000,3720.2000,3720.0000,3719.4000,3721.4000,3721.6000,3721.8000,3722.2000,3722.4000,2,1,1,4,1,3,2,2,5,2
SF,IF2005,2020-04-13 14:30:51.600,3720.8000,12413,0,7176710580.000,0,-,-,-,-,3720.6000,3720.4000,3720.2000,3720.0000,3719.4000,3721.2000,3721.4000,3721.8000,3722.2000,3722.4000,2,1,1,4,1,2,3,2,5,2
SF,IF2005,2020-04-13 14:30:52.100,3720.8000,12413,0,7176710580.000,0,-,-,-,-,3720.6000,3720.4000,3720.2000,3720.0000,3719.4000,3721.2000,3721.4000,3721.8000,3722.2000,3722.4000,2,1,1,4,1,3,2,2,5,2
SF,IF2005,2020-04-13 14:30:52.600,3720.8000,12413,0,7176710580.000,0,-,-,-,-,3720.6000,3720.4000,3720.2000,3720.0000,3719.4000,3721.2000,3721.4000,3721.8000,3722.2000,3722.4000,2,1,1,4,1,3,2,2,5,2
SF,IF2005,2020-04-13 14:30:53.100,3720.8000,12413,0,7176710580.000,0,-,-,-,-,3720.6000,3720.4000,3720.2000,3720.0000,3719.4000,3721.4000,3721.8000,3722.2000,3722.4000,3722.6000,2,1,1,4,1,2,2,5,2,2
SF,IF2005,2020-04-13 14:30:54.600,3720.6000,12413,0,7177826760.000,1,0,1,空换,B,3720.6000,3720.4000,3720.2000,3720.0000,3719.4000,3721.4000,3721.8000,3722.2000,3722.4000,3722.6000,1,1,1,4,1,2,2,5,2,2
SF,IF2005,2020-04-13 14:30:59.600,3720.6000,12413,0,7177826760.000,0,-,-,-,-,3720.6000,3720.4000,3720.2000,3720.0000,3719.4000,3720.8000,3721.4000,3721.8000,3722.2000,3722.4000,1,1,1,4,1,1,2,2,5,2
SF,IF2005,2020-04-13 14:31:00.100,3720.6000,12413,0,7177826760.000,0,-,-,-,-,3720.6000,3720.4000,3720.2000,3720.0000,3719.4000,3720.8000,3721.2000,3721.4000,3721.8000,3722.4000,1,1,1,4,1,1,1,2,2,2
SF,IF2005,2020-04-13 14:31:00.600,3721.2000,12415,2,7180059360.000,2,2,0,双开,B,3720.6000,3720.4000,3720.2000,3720.0000,3719.4000,3721.4000,3721.8000,3722.4000,3722.6000,3723.0000,1,1,1,4,1,2,2,2,2,1
SF,IF2005,2020-04-13 14:31:01.100,3721.2000,12415,0,7180059360.000,0,-,-,-,-,3720.6000,3720.4000,3720.2000,3720.0000,3719.4000,3721.4000,3721.8000,3722.4000,3722.6000,3723.0000,1,1,1,4,1,2,2,2,2,1
SF,IF2005,2020-04-13 14:31:03.100,3721.2000,12415,0,7180059360.000,0,-,-,-,-,3720.6000,3720.4000,3720.2000,3720.0000,3719.4000,3721.4000,3721.8000,3722.4000,3722.6000,3723.0000,1,1,1,4,1,2,2,2,2,1
SF,IF2005,2020-04-13 14:31:04.100,3721.4000,12415,0,7182292200.000,2,1,1,空换,B,3720.8000,3720.6000,3720.4000,3720.2000,3720.0000,3721.8000,3722.4000,3722.6000,3723.0000,3724.6000,1,1,1,1,4,2,2,2,1,1
SF,IF2005,2020-04-13 14:31:04.600,3721.4000,12415,0,7182292200.000,0,-,-,-,-,3721.0000,3720.8000,3720.6000,3720.4000,3720.2000,3721.8000,3722.4000,3722.6000,3723.0000,3724.6000,3,3,1,1,1,2,1,2,1,1
SF,IF2005,2020-04-13 14:31:05.100,3721.4000,12415,0,7182292200.000,0,-,-,-,-,3721.0000,3720.8000,3720.6000,3720.4000,3720.2000,3721.8000,3722.6000,3723.0000,3724.6000,3724.8000,3,3,1,1,1,2,2,1,1,1
SF,IF2005,2020-04-13 14:31:07.600,3721.4000,12415,0,7182292200.000,0,-,-,-,-,3721.0000,3720.8000,3720.6000,3720.4000,3720.2000,3721.8000,3722.6000,3723.0000,3724.6000,3724.8000,2,3,1,1,1,2,2,1,1,1
SF,IF2005,2020-04-13 14:31:08.100,3721.4000,12415,0,7182292200.000,0,-,-,-,-,3721.0000,3720.8000,3720.6000,3720.4000,3720.2000,3721.8000,3722.6000,3723.0000,3724.6000,3724.8000,2,3,1,1,1,2,2,1,1,1
SF,IF2005,2020-04-13 14:31:10.100,3721.4000,12415,0,7182292200.000,0,-,-,-,-,3721.0000,3720.8000,3720.6000,3720.4000,3720.2000,3721.8000,3722.6000,3723.0000,3724.6000,3724.8000,2,2,1,1,1,2,2,1,1,1
SF,IF2005,2020-04-13 14:31:11.100,3721.4000,12415,0,7182292200.000,0,-,-,-,-,3721.0000,3720.8000,3720.6000,3720.4000,3720.2000,3721.8000,3722.6000,3723.0000,3724.6000,3724.8000,2,1,1,1,1,2,2,1,1,1
SF,IF2005,2020-04-13 14:31:11.600,3721.4000,12415,0,7182292200.000,0,-,-,-,-,3720.8000,3720.6000,3720.4000,3720.2000,3720.0000,3721.8000,3722.6000,3723.0000,3724.6000,3724.8000,1,1,1,1,4,2,2,1,1,1
SF,IF2005,2020-04-13 14:31:12.100,3721.4000,12415,0,7182292200.000,0,-,-,-,-,3720.6000,3720.4000,3720.2000,3720.0000,3719.4000,3721.6000,3721.8000,3722.6000,3723.0000,3724.6000,1,1,1,4,1,3,2,2,1,1
SF,IF2005,2020-04-13 14:31:12.600,3721.4000,12415,0,7182292200.000,0,-,-,-,-,3720.8000,3720.6000,3720.4000,3720.2000,3720.0000,3721.6000,3721.8000,3722.6000,3723.0000,3724.6000,2,1,1,1,4,3,2,2,1,1
SF,IF2005,2020-04-13 14:31:16.100,3721.4000,12415,0,7182292200.000,0,-,-,-,-,3721.0000,3720.8000,3720.6000,3720.4000,3720.2000,3721.6000,3721.8000,3722.6000,3723.0000,3724.6000,1,2,1,1,1,3,2,2,1,1
SF,IF2005,2020-04-13 14:31:16.600,3721.4000,12415,0,7182292200.000,0,-,-,-,-,3721.0000,3720.8000,3720.6000,3720.4000,3720.2000,3721.6000,3721.8000,3722.6000,3723.0000,3724.6000,1,2,1,1,1,3,1,2,1,1
SF,IF2005,2020-04-13 14:31:20.600,3721.4000,12415,0,7182292200.000,0,-,-,-,-,3721.0000,3720.8000,3720.6000,3720.4000,3720.2000,3721.6000,3721.8000,3722.6000,3723.0000,3724.6000,1,2,1,1,1,3,1,2,1,1
SF,IF2005,2020-04-13 14:31:21.100,3721.4000,12415,0,7182292200.000,0,-,-,-,-,3721.0000,3720.8000,3720.6000,3720.4000,3720.2000,3721.8000,3722.6000,3723.0000,3724.6000,3724.8000,1,2,1,1,1,1,2,1,1,1
SF,IF2005,2020-04-13 14:31:21.600,3721.4000,12415,0,7182292200.000,0,-,-,-,-,3721.0000,3720.8000,3720.6000,3720.4000,3720.2000,3721.8000,3722.4000,3722.6000,3723.0000,3724.6000,1,2,1,1,1,1,1,2,1,1
SF,IF2005,2020-04-13 14:31:22.100,3721.4000,12415,0,7182292200.000,0,-,-,-,-,3721.0000,3720.8000,3720.6000,3720.4000,3720.2000,3721.8000,3722.4000,3722.6000,3723.0000,3724.6000,1,2,1,1,1,2,1,2,1,1
SF,IF2005,2020-04-13 14:31:22.600,3721.4000,12415,0,7182292200.000,0,-,-,-,-,3721.0000,3720.8000,3720.6000,3720.4000,3720.2000,3721.8000,3722.4000,3722.6000,3723.0000,3724.6000,1,2,1,1,1,1,1,2,1,1
SF,IF2005,2020-04-13 14:31:23.100,3721.4000,12415,0,7182292200.000,0,-,-,-,-,3721.0000,3720.8000,3720.6000,3720.4000,3720.2000,3721.8000,3722.4000,3722.6000,3723.0000,3724.6000,1,2,1,1,1,1,1,2,1,1
SF,IF2005,2020-04-13 14:31:23.600,3721.4000,12415,0,7182292200.000,0,-,-,-,-,3721.0000,3720.8000,3720.6000,3720.4000,3720.2000,3721.8000,3722.4000,3722.6000,3723.0000,3724.6000,1,2,1,1,1,1,1,2,1,1
SF,IF2005,2020-04-13 14:31:24.100,3721.4000,12415,0,7182292200.000,0,-,-,-,-,3721.2000,3721.0000,3720.8000,3720.6000,3720.4000,3721.8000,3722.4000,3722.6000,3723.0000,3724.6000,1,1,2,1,1,2,1,2,1,1
SF,IF2005,2020-04-13 14:31:24.600,3721.4000,12415,0,7182292200.000,0,-,-,-,-,3721.0000,3720.8000,3720.6000,3720.4000,3720.2000,3721.8000,3722.4000,3722.6000,3723.0000,3724.6000,1,2,1,1,1,1,1,2,1,1
SF,IF2005,2020-04-13 14:31:25.100,3721.4000,12415,0,7182292200.000,0,-,-,-,-,3721.2000,3721.0000,3720.6000,3720.4000,3720.2000,3721.8000,3722.4000,3722.6000,3723.0000,3724.6000,3,1,1,1,1,1,1,2,1,1
SF,IF2005,2020-04-13 14:31:25.600,3721.4000,12415,0,7182292200.000,0,-,-,-,-,3721.2000,3721.0000,3720.6000,3720.4000,3720.2000,3721.8000,3722.4000,3723.0000,3724.6000,3724.8000,6,1,1,1,1,2,1,1,1,1
SF,IF2005,2020-04-13 14:31:26.100,3721.4000,12415,0,7182292200.000,0,-,-,-,-,3721.2000,3721.0000,3720.6000,3720.4000,3720.2000,3721.8000,3722.4000,3723.0000,3723.8000,3724.6000,6,1,1,1,1,1,1,1,2,1
SF,IF2005,2020-04-13 14:31:26.600,3721.4000,12415,0,7182292200.000,0,-,-,-,-,3721.4000,3721.2000,3721.0000,3720.6000,3720.4000,3721.8000,3722.4000,3723.0000,3723.8000,3724.6000,1,6,1,1,1,1,1,1,2,1
SF,IF2005,2020-04-13 14:31:27.100,3721.4000,12415,0,7182292200.000,0,-,-,-,-,3721.4000,3721.2000,3721.0000,3720.6000,3720.4000,3721.8000,3723.0000,3723.8000,3724.6000,3724.8000,1,6,1,1,1,1,1,2,1,1
SF,IF2005,2020-04-13 14:31:27.600,3721.4000,12415,0,7182292200.000,0,-,-,-,-,3721.2000,3721.0000,3720.6000,3720.4000,3720.2000,3721.8000,3722.6000,3723.0000,3723.8000,3724.6000,6,1,1,1,1,1,1,1,2,1
SF,IF2005,2020-04-13 14:31:28.100,3721.4000,12415,0,7182292200.000,0,-,-,-,-,3721.4000,3721.2000,3721.0000,3720.6000,3720.4000,3721.8000,3722.6000,3723.0000,3723.8000,3724.6000,1,6,1,1,1,2,1,1,2,1
SF,IF2005,2020-04-13 14:31:28.600,3721.4000,12415,0,7182292200.000,0,-,-,-,-,3721.4000,3721.2000,3721.0000,3720.6000,3720.4000,3721.8000,3722.6000,3723.0000,3723.8000,3724.6000,1,5,1,1,1,1,1,1,2,1
SF,IF2005,2020-04-13 14:31:29.100,3721.4000,12415,0,7182292200.000,0,-,-,-,-,3721.4000,3721.2000,3721.0000,3720.6000,3720.4000,3721.8000,3722.6000,3723.0000,3723.8000,3724.6000,1,5,1,1,1,1,1,1,2,1
SF,IF2005,2020-04-13 14:31:29.600,3721.4000,12415,0,7182292200.000,0,-,-,-,-,3721.4000,3721.2000,3721.0000,3720.6000,3720.4000,3721.8000,3722.6000,3723.0000,3723.8000,3724.6000,1,5,1,1,1,1,1,1,2,1
SF,IF2005,2020-04-13 14:31:30.100,3721.4000,12415,0,7182292200.000,0,-,-,-,-,3721.2000,3721.0000,3720.6000,3720.4000,3720.2000,3721.8000,3722.6000,3723.0000,3723.8000,3724.6000,5,1,1,1,1,1,1,1,2,1
SF,IF2005,2020-04-13 14:31:30.600,3721.4000,12415,0,7182292200.000,0,-,-,-,-,3721.2000,3721.0000,3720.6000,3720.4000,3720.2000,3721.8000,3722.6000,3723.0000,3723.8000,3724.6000,5,1,1,1,1,1,1,1,2,1
SF,IF2005,2020-04-13 14:31:31.100,3721.8000,12417,2,7184525280.000,2,2,0,双开,B,3721.6000,3721.4000,3721.2000,3721.0000,3720.6000,3722.6000,3723.0000,3723.8000,3724.6000,3724.8000,1,2,4,1,1,1,1,2,1,1
SF,IF2005,2020-04-13 14:31:31.600,3721.8000,12417,0,7184525280.000,0,-,-,-,-,3721.8000,3721.6000,3721.4000,3721.2000,3721.0000,3723.0000,3723.8000,3724.6000,3724.8000,3726.0000,2,1,2,2,1,1,2,1,1,1
SF,IF2005,2020-04-13 14:31:32.100,3721.8000,12417,0,7184525280.000,0,-,-,-,-,3721.8000,3721.6000,3721.4000,3720.6000,3720.4000,3722.8000,3723.4000,3723.8000,3724.6000,3724.8000,3,1,2,1,1,2,1,2,1,1
SF,IF2005,2020-04-13 14:31:32.600,3721.8000,12417,0,7184525280.000,0,-,-,-,-,3721.8000,3721.6000,3721.4000,3720.6000,3720.4000,3722.8000,3723.4000,3723.8000,3724.6000,3724.8000,3,1,2,1,1,4,1,2,1,1
SF,IF2005,2020-04-13 14:31:33.100,3721.8000,12417,0,7184525280.000,0,-,-,-,-,3721.6000,3721.4000,3720.6000,3720.4000,3720.2000,3722.8000,3723.4000,3723.8000,3724.6000,3724.8000,1,1,1,1,1,4,1,2,1,1
SF,IF2005,2020-04-13 14:31:33.600,3722.8000,12419,2,7186758960.000,2,2,0,双开,B,3721.6000,3721.4000,3720.6000,3720.4000,3720.2000,3722.8000,3723.4000,3723.8000,3724.6000,3724.8000,1,1,1,1,1,2,1,2,1,1
SF,IF2005,2020-04-13 14:31:34.100,3722.8000,12419,0,7186758960.000,0,-,-,-,-,3721.8000,3721.6000,3721.4000,3720.6000,3720.4000,3722.8000,3723.4000,3723.8000,3724.6000,3724.8000,2,1,1,1,1,2,1,2,1,1
SF,IF2005,2020-04-13 14:31:43.100,3722.8000,12420,1,7187875800.000,1,1,0,双开,B,3721.8000,3721.6000,3721.4000,3720.6000,3720.4000,3722.8000,3723.4000,3723.8000,3724.6000,3724.8000,2,1,1,1,1,1,1,2,1,1
SF,IF2005,2020-04-13 14:31:44.100,3722.8000,12420,0,7187875800.000,0,-,-,-,-,3721.8000,3721.6000,3721.4000,3720.6000,3720.4000,3722.8000,3723.4000,3723.8000,3724.6000,3724.8000,2,1,1,1,1,1,1,2,1,1
SF,IF2005,2020-04-13 14:31:45.600,3722.8000,12420,0,7187875800.000,0,-,-,-,-,3721.8000,3721.6000,3721.4000,3720.4000,3720.2000,3722.8000,3723.4000,3723.8000,3724.6000,3724.8000,2,1,1,1,1,1,1,2,1,1
SF,IF2005,2020-04-13 14:31:47.100,3722.8000,12420,0,7187875800.000,0,-,-,-,-,3721.8000,3721.6000,3721.4000,3720.4000,3720.2000,3722.6000,3722.8000,3723.4000,3723.8000,3724.6000,2,1,1,1,1,1,1,1,2,1
SF,IF2005,2020-04-13 14:31:47.600,3722.8000,12420,0,7187875800.000,0,-,-,-,-,3721.8000,3721.6000,3721.4000,3720.4000,3720.2000,3722.6000,3722.8000,3723.8000,3724.6000,3724.8000,2,1,1,1,1,1,1,2,1,1
SF,IF2005,2020-04-13 14:31:49.100,3721.8000,12421,1,7188992340.000,1,1,0,双开,B,3721.8000,3721.6000,3721.4000,3720.4000,3720.2000,3722.6000,3722.8000,3723.8000,3724.6000,3724.8000,1,1,1,1,1,1,1,2,1,1
SF,IF2005,2020-04-13 14:31:52.600,3721.8000,12421,0,7188992340.000,0,-,-,-,-,3721.8000,3721.6000,3721.4000,3720.4000,3720.2000,3722.8000,3723.8000,3724.6000,3724.8000,3726.0000,1,1,1,1,1,1,2,1,1,1
SF,IF2005,2020-04-13 14:31:53.100,3721.8000,12421,0,7188992340.000,0,-,-,-,-,3721.8000,3721.6000,3721.4000,3720.4000,3720.2000,3722.8000,3723.0000,3723.8000,3724.6000,3724.8000,1,1,1,1,1,1,1,2,1,1
SF,IF2005,2020-04-13 14:31:53.600,3721.8000,12421,0,7188992340.000,0,-,-,-,-,3721.8000,3721.6000,3721.4000,3720.4000,3720.2000,3722.6000,3722.8000,3723.0000,3723.8000,3724.6000,1,1,1,1,1,2,1,1,2,1
SF,IF2005,2020-04-13 14:31:54.100,3721.8000,12421,0,7188992340.000,0,-,-,-,-,3721.8000,3721.6000,3721.4000,3720.4000,3720.2000,3722.6000,3722.8000,3723.0000,3723.8000,3724.6000,1,1,1,1,1,2,1,1,2,1
SF,IF2005,2020-04-13 14:31:54.600,3721.8000,12421,0,7188992340.000,0,-,-,-,-,3721.8000,3721.6000,3721.4000,3720.4000,3720.2000,3722.6000,3722.8000,3723.0000,3723.8000,3724.6000,1,1,1,1,1,2,1,1,2,1
SF,IF2005,2020-04-13 14:31:55.100,3721.8000,12421,0,7188992340.000,0,-,-,-,-,3721.6000,3721.4000,3720.4000,3720.2000,3720.0000,3722.6000,3722.8000,3723.0000,3723.8000,3724.6000,1,1,1,1,4,2,1,1,2,1
SF,IF2005,2020-04-13 14:31:55.600,3721.8000,12421,0,7188992340.000,0,-,-,-,-,3721.8000,3721.6000,3721.4000,3720.4000,3720.2000,3722.6000,3722.8000,3723.0000,3723.8000,3724.6000,2,1,1,1,1,2,1,1,2,1
SF,IF2005,2020-04-13 14:31:56.100,3721.8000,12421,0,7188992340.000,0,-,-,-,-,3721.8000,3721.6000,3721.4000,3720.4000,3720.2000,3722.6000,3722.8000,3723.0000,3723.8000,3724.6000,3,1,1,1,1,2,1,1,2,1
SF,IF2005,2020-04-13 14:31:56.600,3721.8000,12421,0,7188992340.000,0,-,-,-,-,3722.6000,3721.8000,3721.6000,3721.4000,3720.4000,3722.8000,3723.0000,3723.8000,3724.6000,3725.6000,1,3,1,1,1,1,1,2,1,1
SF,IF2005,2020-04-13 14:31:57.100,3722.6000,12422,1,7190109120.000,1,1,0,双开,B,3721.8000,3721.6000,3721.4000,3720.4000,3720.2000,3722.8000,3723.8000,3724.6000,3725.6000,3726.0000,3,1,1,1,1,1,2,1,1,1
SF,IF2005,2020-04-13 14:31:57.600,3722.6000,12422,0,7190109120.000,0,-,-,-,-,3721.8000,3721.6000,3721.4000,3720.4000,3720.2000,3722.8000,3723.2000,3723.8000,3724.6000,3725.6000,3,1,1,1,1,1,1,2,1,1
SF,IF2005,2020-04-13 14:31:58.100,3722.6000,12422,0,7190109120.000,0,-,-,-,-,3721.8000,3721.6000,3721.4000,3720.4000,3720.2000,3722.8000,3723.2000,3723.8000,3724.6000,3725.6000,3,1,1,1,1,2,1,2,1,1
SF,IF2005,2020-04-13 14:31:58.600,3722.6000,12422,0,7190109120.000,0,-,-,-,-,3721.8000,3721.6000,3721.4000,3720.4000,3720.2000,3722.8000,3723.2000,3723.8000,3724.6000,3725.6000,3,1,1,1,2,2,1,2,1,1
SF,IF2005,2020-04-13 14:31:59.600,3722.6000,12422,0,7190109120.000,0,-,-,-,-,3722.0000,3721.8000,3721.6000,3720.4000,3720.2000,3722.8000,3723.2000,3723.8000,3724.6000,3725.6000,1,3,1,1,2,1,1,2,1,1
SF,IF2005,2020-04-13 14:32:00.100,3722.6000,12422,0,7190109120.000,0,-,-,-,-,3722.0000,3721.8000,3721.6000,3720.8000,3720.4000,3722.8000,3723.2000,3723.8000,3724.6000,3725.6000,1,3,1,1,1,1,1,2,1,1
SF,IF2005,2020-04-13 14:32:01.100,3722.6000,12422,0,7190109120.000,0,-,-,-,-,3722.0000,3721.8000,3720.8000,3720.4000,3720.2000,3722.6000,3722.8000,3723.2000,3723.8000,3724.6000,1,3,1,1,1,1,1,1,2,1
SF,IF2005,2020-04-13 14:32:01.600,3722.6000,12422,0,7190109120.000,0,-,-,-,-,3722.0000,3721.8000,3720.8000,3720.4000,3720.2000,3722.6000,3723.8000,3724.6000,3725.6000,3726.0000,1,3,1,1,1,1,2,1,1,1
SF,IF2005,2020-04-13 14:32:02.100,3722.6000,12422,0,7190109120.000,0,-,-,-,-,3722.0000,3721.8000,3720.8000,3720.4000,3720.2000,3722.6000,3723.2000,3723.8000,3724.6000,3725.6000,1,3,1,1,1,2,1,2,1,1
SF,IF2005,2020-04-13 14:32:06.100,3722.6000,12423,1,7191225900.000,1,1,0,双开,B,3722.0000,3721.8000,3720.8000,3720.4000,3720.2000,3722.6000,3723.2000,3723.8000,3724.6000,3725.6000,1,3,1,1,1,1,1,2,1,1
SF,IF2005,2020-04-13 14:32:07.100,3722.6000,12423,0,7191225900.000,0,-,-,-,-,3721.8000,3720.8000,3720.4000,3720.2000,3720.0000,3722.6000,3723.2000,3723.8000,3724.6000,3725.6000,3,1,1,1,4,1,1,2,1,1
SF,IF2005,2020-04-13 14:32:08.600,3722.6000,12423,0,7191225900.000,0,-,-,-,-,3721.8000,3720.8000,3720.4000,3720.2000,3720.0000,3722.6000,3723.2000,3723.8000,3724.6000,3725.6000,3,2,1,1,4,1,1,2,1,1
SF,IF2005,2020-04-13 14:32:09.100,3722.6000,12423,0,7191225900.000,0,-,-,-,-,3721.8000,3720.8000,3720.4000,3720.2000,3720.0000,3722.4000,3722.6000,3723.2000,3723.8000,3724.6000,1,2,1,1,4,2,1,1,2,1
SF,IF2005,2020-04-13 14:32:09.600,3722.6000,12423,0,7191225900.000,0,-,-,-,-,3720.8000,3720.4000,3720.2000,3720.0000,3719.4000,3722.4000,3723.2000,3723.8000,3724.6000,3725.6000,2,1,1,4,1,3,1,2,1,1
SF,IF2005,2020-04-13 14:32:10.100,3722.6000,12423,0,7191225900.000,0,-,-,-,-,3721.4000,3721.0000,3720.8000,3720.4000,3720.2000,3722.4000,3723.2000,3723.8000,3724.6000,3725.6000,1,8,1,1,1,4,1,2,1,1
SF,IF2005,2020-04-13 14:32:14.600,3721.4000,12424,1,7192342320.000,1,1,0,双开,B,3721.0000,3720.8000,3720.4000,3720.2000,3720.0000,3722.4000,3723.2000,3723.8000,3724.6000,3725.6000,6,1,1,1,4,4,1,2,1,1
SF,IF2005,2020-04-13 14:32:15.100,3721.4000,12424,0,7192342320.000,0,-,-,-,-,3721.0000,3720.8000,3720.4000,3720.2000,3720.0000,3722.0000,3722.2000,3722.4000,3723.2000,3724.6000,5,1,1,1,4,2,2,4,1,1
SF,IF2005,2020-04-13 14:32:15.600,3721.2000,12425,1,7193458680.000,1,1,0,双开,B,3721.2000,3721.0000,3720.8000,3720.4000,3720.2000,3722.2000,3722.4000,3722.8000,3723.2000,3724.6000,1,3,1,1,1,1,2,2,1,1
SF,IF2005,2020-04-13 14:32:16.100,3721.2000,12425,0,7193458680.000,0,-,-,-,-,3721.2000,3721.0000,3720.8000,3720.4000,3720.2000,3722.0000,3722.2000,3722.8000,3723.2000,3724.6000,1,3,1,1,1,2,2,2,1,1
SF,IF2005,2020-04-13 14:32:16.600,3721.2000,12425,0,7193458680.000,0,-,-,-,-,3721.0000,3720.8000,3720.4000,3720.2000,3720.0000,3722.0000,3722.2000,3722.8000,3723.2000,3724.6000,3,1,1,1,4,3,1,2,1,1
SF,IF2005,2020-04-13 14:32:17.100,3721.2000,12425,0,7193458680.000,0,-,-,-,-,3721.0000,3720.8000,3720.4000,3720.2000,3720.0000,3722.0000,3722.2000,3722.8000,3723.2000,3724.6000,3,1,1,1,4,4,1,2,1,1
SF,IF2005,2020-04-13 14:32:18.100,3722.0000,12426,1,7194575280.000,1,1,0,双开,B,3721.0000,3720.4000,3720.2000,3720.0000,3719.4000,3722.0000,3722.2000,3722.8000,3723.2000,3724.6000,3,1,1,4,1,3,1,2,1,1
SF,IF2005,2020-04-13 14:32:20.600,3721.0000,12426,0,7195691580.000,1,0,1,空换,B,3721.0000,3720.4000,3720.2000,3720.0000,3719.4000,3722.0000,3722.2000,3722.8000,3723.2000,3724.6000,2,1,1,4,1,3,1,2,1,1
SF,IF2005,2020-04-13 14:32:21.100,3721.0000,12426,0,7195691580.000,0,-,-,-,-,3721.0000,3720.4000,3720.2000,3720.0000,3719.4000,3722.0000,3722.2000,3722.8000,3723.2000,3724.6000,2,1,1,4,1,3,1,2,1,1
SF,IF2005,2020-04-13 14:32:21.600,3721.0000,12426,0,7195691580.000,0,-,-,-,-,3721.0000,3720.4000,3720.2000,3720.0000,3719.4000,3722.0000,3722.2000,3722.8000,3723.2000,3724.6000,2,1,1,4,1,4,1,2,1,1
SF,IF2005,2020-04-13 14:32:22.100,3721.0000,12426,0,7195691580.000,0,-,-,-,-,3721.0000,3720.4000,3720.2000,3720.0000,3719.4000,3722.0000,3722.2000,3722.8000,3723.2000,3724.6000,2,1,1,4,1,4,1,2,1,1
SF,IF2005,2020-04-13 14:32:22.600,3721.0000,12428,2,7197924180.000,2,2,0,双开,B,3720.4000,3720.2000,3720.0000,3719.4000,3719.2000,3722.0000,3722.2000,3722.8000,3723.2000,3724.6000,1,1,4,1,1,4,1,2,1,1
SF,IF2005,2020-04-13 14:32:23.100,3721.0000,12428,0,7197924180.000,0,-,-,-,-,3720.6000,3720.4000,3720.2000,3720.0000,3719.4000,3722.0000,3722.2000,3722.8000,3724.6000,3725.6000,5,1,1,4,1,4,1,2,1,1
SF,IF2005,2020-04-13 14:32:23.600,3721.0000,12428,0,7197924180.000,0,-,-,-,-,3720.8000,3720.6000,3720.4000,3720.2000,3720.0000,3722.0000,3722.2000,3722.8000,3724.6000,3725.6000,1,7,1,1,4,4,1,2,1,1
SF,IF2005,2020-04-13 14:32:24.100,3721.0000,12428,0,7197924180.000,0,-,-,-,-,3721.0000,3720.6000,3720.4000,3720.2000,3720.0000,3722.0000,3722.2000,3722.8000,3724.6000,3725.6000,2,5,1,1,4,4,1,2,1,1
SF,IF2005,2020-04-13 14:32:24.600,3721.0000,12428,0,7197924180.000,0,-,-,-,-,3721.0000,3720.6000,3720.4000,3720.2000,3720.0000,3722.0000,3722.2000,3722.8000,3724.6000,3725.6000,2,5,1,1,4,4,1,2,1,1
SF,IF2005,2020-04-13 14:32:25.100,3721.0000,12428,0,7197924180.000,0,-,-,-,-,3721.0000,3720.6000,3720.4000,3720.2000,3720.0000,3722.0000,3722.2000,3722.8000,3724.6000,3725.6000,2,3,1,1,4,3,1,2,1,1
SF,IF2005,2020-04-13 14:32:25.600,3721.0000,12428,0,7197924180.000,0,-,-,-,-,3721.2000,3721.0000,3720.6000,3720.4000,3720.2000,3722.0000,3722.2000,3722.8000,3724.6000,3725.6000,2,2,2,1,1,4,1,2,1,1
SF,IF2005,2020-04-13 14:32:26.600,3721.0000,12428,0,7197924180.000,0,-,-,-,-,3721.2000,3721.0000,3720.6000,3720.4000,3720.2000,3722.0000,3722.2000,3722.8000,3724.6000,3725.6000,2,2,2,1,1,3,1,2,1,1
SF,IF2005,2020-04-13 14:32:27.100,3721.0000,12428,0,7197924180.000,0,-,-,-,-,3721.4000,3721.2000,3721.0000,3720.6000,3720.4000,3722.0000,3722.2000,3722.8000,3724.6000,3725.6000,1,2,2,2,1,2,1,2,1,1
SF,IF2005,2020-04-13 14:32:27.600,3721.0000,12428,0,7197924180.000,0,-,-,-,-,3721.2000,3721.0000,3720.6000,3720.4000,3720.2000,3722.0000,3722.2000,3722.8000,3724.6000,3725.6000,2,2,2,1,1,2,1,2,1,1
SF,IF2005,2020-04-13 14:32:28.100,3721.0000,12428,0,7197924180.000,0,-,-,-,-,3721.2000,3721.0000,3720.6000,3720.4000,3720.2000,3722.0000,3722.2000,3724.6000,3725.6000,3726.0000,2,2,2,1,1,2,1,1,1,1
SF,IF2005,2020-04-13 14:32:28.600,3721.0000,12428,0,7197924180.000,0,-,-,-,-,3721.4000,3721.2000,3721.0000,3720.6000,3720.4000,3722.0000,3722.2000,3724.0000,3724.6000,3725.6000,1,2,2,2,1,3,1,2,1,1
SF,IF2005,2020-04-13 14:32:29.100,3721.0000,12428,0,7197924180.000,0,-,-,-,-,3721.4000,3721.2000,3721.0000,3720.6000,3720.4000,3722.0000,3722.2000,3724.0000,3724.6000,3725.6000,1,2,2,2,1,2,1,2,1,1
SF,IF2005,2020-04-13 14:32:29.600,3721.0000,12428,0,7197924180.000,0,-,-,-,-,3721.4000,3721.2000,3721.0000,3720.6000,3720.4000,3722.0000,3722.2000,3724.0000,3724.6000,3725.6000,1,2,2,2,1,2,1,2,1,1
SF,IF2005,2020-04-13 14:32:30.100,3721.0000,12428,0,7197924180.000,0,-,-,-,-,3721.4000,3721.2000,3721.0000,3720.6000,3720.4000,3722.0000,3722.2000,3724.0000,3724.6000,3725.6000,1,2,2,2,1,2,1,2,1,1
SF,IF2005,2020-04-13 14:32:30.600,3721.0000,12428,0,7197924180.000,0,-,-,-,-,3721.4000,3721.2000,3721.0000,3720.6000,3720.4000,3722.0000,3722.2000,3724.0000,3724.6000,3725.6000,1,2,2,2,1,3,1,2,1,1
SF,IF2005,2020-04-13 14:32:31.100,3721.0000,12428,0,7197924180.000,0,-,-,-,-,3721.4000,3721.2000,3721.0000,3720.6000,3720.4000,3722.0000,3722.2000,3724.0000,3724.6000,3725.6000,1,2,2,2,1,2,1,2,1,1
SF,IF2005,2020-04-13 14:32:31.600,3722.0000,12429,1,7199040780.000,1,1,0,双开,B,3721.4000,3721.2000,3721.0000,3720.6000,3720.4000,3722.0000,3722.2000,3724.0000,3724.6000,3725.6000,1,2,2,2,1,2,1,2,1,1
SF,IF2005,2020-04-13 14:32:32.100,3722.0000,12429,0,7199040780.000,0,-,-,-,-,3721.4000,3721.2000,3721.0000,3720.6000,3720.4000,3722.0000,3722.2000,3724.0000,3724.6000,3725.6000,1,2,2,2,1,2,1,2,1,1
SF,IF2005,2020-04-13 14:32:32.600,3722.0000,12429,0,7199040780.000,0,-,-,-,-,3721.4000,3721.2000,3721.0000,3720.6000,3720.4000,3722.0000,3722.2000,3724.0000,3724.6000,3725.6000,1,2,2,2,1,2,1,2,1,1
SF,IF2005,2020-04-13 14:32:33.100,3722.0000,12429,0,7199040780.000,0,-,-,-,-,3721.6000,3721.4000,3721.2000,3721.0000,3720.6000,3722.0000,3722.2000,3724.0000,3724.6000,3725.6000,1,1,2,2,2,1,1,2,1,1
SF,IF2005,2020-04-13 14:32:33.600,3722.0000,12429,0,7199040780.000,0,-,-,-,-,3721.4000,3721.2000,3721.0000,3720.6000,3720.4000,3722.0000,3722.2000,3724.0000,3724.6000,3725.6000,1,2,2,2,1,2,1,2,1,1
SF,IF2005,2020-04-13 14:32:34.100,3722.0000,12429,0,7199040780.000,0,-,-,-,-,3721.4000,3721.2000,3721.0000,3720.6000,3720.4000,3722.0000,3722.2000,3724.0000,3724.6000,3725.6000,1,1,2,2,1,1,1,2,1,1
SF,IF2005,2020-04-13 14:32:34.600,3722.0000,12429,0,7199040780.000,0,-,-,-,-,3721.4000,3721.2000,3721.0000,3720.6000,3720.4000,3722.0000,3722.2000,3724.0000,3724.6000,3725.6000,1,1,2,2,1,1,1,2,1,1
SF,IF2005,2020-04-13 14:32:35.100,3722.0000,12429,0,7199040780.000,0,-,-,-,-,3721.4000,3721.2000,3721.0000,3720.6000,3720.4000,3722.0000,3722.2000,3724.0000,3724.6000,3725.6000,1,1,2,2,1,1,1,2,1,1
SF,IF2005,2020-04-13 14:32:35.600,3722.0000,12429,0,7199040780.000,0,-,-,-,-,3721.4000,3721.2000,3721.0000,3720.6000,3720.4000,3722.0000,3722.2000,3724.0000,3724.6000,3725.6000,1,1,2,2,1,1,1,2,1,1
SF,IF2005,2020-04-13 14:32:36.100,3722.0000,12429,0,7199040780.000,0,-,-,-,-,3721.4000,3721.2000,3721.0000,3720.6000,3720.4000,3722.0000,3722.2000,3724.0000,3724.6000,3725.6000,1,1,2,2,1,2,1,2,1,1
SF,IF2005,2020-04-13 14:32:36.600,3722.0000,12429,0,7199040780.000,0,-,-,-,-,3721.4000,3721.2000,3721.0000,3720.6000,3720.4000,3722.0000,3722.2000,3724.0000,3724.6000,3725.6000,1,1,2,2,1,1,1,2,1,1
SF,IF2005,2020-04-13 14:32:37.100,3722.0000,12429,0,7199040780.000,0,-,-,-,-,3721.0000,3720.6000,3720.4000,3720.2000,3720.0000,3722.0000,3722.2000,3724.0000,3724.6000,3725.6000,2,2,1,1,4,1,1,2,1,1
SF,IF2005,2020-04-13 14:32:37.600,3722.0000,12429,0,7199040780.000,0,-,-,-,-,3721.0000,3720.6000,3720.4000,3720.2000,3720.0000,3721.8000,3722.0000,3722.2000,3724.0000,3724.6000,2,2,1,1,4,2,1,1,2,1
SF,IF2005,2020-04-13 14:32:38.100,3722.0000,12429,0,7199040780.000,0,-,-,-,-,3721.0000,3720.6000,3720.4000,3720.2000,3720.0000,3721.8000,3722.0000,3722.2000,3724.0000,3724.6000,2,2,1,1,4,2,1,1,2,1
SF,IF2005,2020-04-13 14:32:38.600,3722.0000,12429,0,7199040780.000,0,-,-,-,-,3721.0000,3720.6000,3720.4000,3720.2000,3720.0000,3721.8000,3722.0000,3722.2000,3724.0000,3724.6000,2,2,1,1,4,2,1,1,2,1
SF,IF2005,2020-04-13 14:32:39.100,3722.0000,12429,0,7199040780.000,0,-,-,-,-,3721.0000,3720.6000,3720.4000,3720.2000,3720.0000,3721.8000,3722.2000,3724.0000,3724.6000,3725.6000,2,2,1,1,4,2,1,2,1,1
SF,IF2005,2020-04-13 14:32:39.600,3722.0000,12429,0,7199040780.000,0,-,-,-,-,3721.2000,3721.0000,3720.4000,3720.2000,3720.0000,3721.8000,3722.2000,3724.0000,3724.6000,3725.6000,5,2,1,1,4,1,1,2,1,1
SF,IF2005,2020-04-13 14:32:40.100,3722.0000,12429,0,7199040780.000,0,-,-,-,-,3721.2000,3721.0000,3720.4000,3720.2000,3720.0000,3721.8000,3722.2000,3724.0000,3724.6000,3725.6000,6,2,1,1,4,1,1,2,1,1
SF,IF2005,2020-04-13 14:32:40.600,3721.8000,12430,1,7200157320.000,1,1,0,双开,B,3721.2000,3721.0000,3720.4000,3720.2000,3720.0000,3721.8000,3722.2000,3724.0000,3724.6000,3725.6000,6,2,1,1,4,1,1,2,1,1
SF,IF2005,2020-04-13 14:32:41.100,3721.8000,12430,0,7200157320.000,0,-,-,-,-,3721.2000,3721.0000,3720.4000,3720.2000,3720.0000,3721.8000,3722.2000,3724.0000,3724.6000,3725.6000,6,2,1,1,4,1,1,2,1,1
SF,IF2005,2020-04-13 14:32:41.600,3721.8000,12430,0,7200157320.000,0,-,-,-,-,3721.2000,3721.0000,3720.4000,3720.2000,3720.0000,3721.8000,3722.2000,3724.0000,3724.6000,3725.6000,6,2,1,1,3,1,1,2,1,1
SF,IF2005,2020-04-13 14:32:42.100,3721.8000,12431,1,7201273860.000,1,1,0,双开,B,3721.2000,3721.0000,3720.4000,3720.2000,3720.0000,3721.8000,3722.2000,3724.0000,3724.6000,3725.6000,6,2,1,1,3,2,1,2,1,1
SF,IF2005,2020-04-13 14:32:42.600,3721.8000,12431,0,7201273860.000,0,-,-,-,-,3721.2000,3721.0000,3720.4000,3720.2000,3720.0000,3721.8000,3722.2000,3724.0000,3724.6000,3725.6000,4,2,1,1,3,1,1,2,1,1
SF,IF2005,2020-04-13 14:32:43.100,3721.8000,12431,0,7201273860.000,0,-,-,-,-,3721.2000,3720.4000,3720.2000,3720.0000,3719.4000,3721.8000,3724.6000,3725.6000,3726.0000,3727.8000,1,1,1,3,1,1,1,1,1,1
SF,IF2005,2020-04-13 14:32:43.600,3721.2000,12431,0,7202390220.000,1,0,1,空换,B,3720.4000,3720.2000,3720.0000,3719.4000,3719.2000,3721.8000,3723.0000,3724.6000,3725.6000,3726.0000,1,1,3,1,1,1,3,1,1,1
SF,IF2005,2020-04-13 14:32:44.100,3721.2000,12431,0,7202390220.000,0,-,-,-,-,3720.8000,3720.6000,3720.4000,3720.2000,3720.0000,3721.8000,3723.0000,3724.6000,3725.6000,3726.0000,2,6,1,1,3,1,2,1,1,1
SF,IF2005,2020-04-13 14:32:44.600,3721.8000,12434,3,7205739840.000,3,3,0,双开,B,3721.8000,3721.0000,3720.8000,3720.6000,3720.4000,3722.6000,3723.0000,3724.6000,3725.6000,3726.0000,1,3,4,4,1,1,2,1,1,1
SF,IF2005,2020-04-13 14:32:45.100,3722.2000,12436,2,7207973040.000,2,2,0,双开,B,3721.0000,3720.8000,3720.6000,3720.4000,3720.2000,3722.4000,3723.0000,3724.6000,3725.6000,3726.0000,4,3,3,1,1,4,2,1,1,1
SF,IF2005,2020-04-13 14:32:47.600,3722.2000,12436,0,7207973040.000,0,-,-,-,-,3721.2000,3721.0000,3720.8000,3720.6000,3720.4000,3722.4000,3723.0000,3724.6000,3725.6000,3726.0000,3,4,3,2,1,4,2,1,1,1
SF,IF2005,2020-04-13 14:32:48.100,3722.2000,12436,0,7207973040.000,0,-,-,-,-,3721.4000,3721.2000,3720.8000,3720.6000,3720.4000,3722.4000,3723.0000,3724.6000,3725.6000,3726.0000,3,4,3,2,1,4,2,1,1,1
SF,IF2005,2020-04-13 14:32:48.600,3722.2000,12436,0,7207973040.000,0,-,-,-,-,3721.4000,3721.2000,3721.0000,3720.8000,3720.6000,3722.4000,3723.0000,3724.6000,3725.6000,3726.0000,3,4,1,3,2,4,2,1,1,1
SF,IF2005,2020-04-13 14:32:49.100,3722.2000,12436,0,7207973040.000,0,-,-,-,-,3721.2000,3721.0000,3720.8000,3720.6000,3720.4000,3722.0000,3722.4000,3723.0000,3724.6000,3725.6000,4,1,3,2,1,1,3,2,1,1
SF,IF2005,2020-04-13 14:32:49.600,3722.2000,12436,0,7207973040.000,0,-,-,-,-,3721.2000,3721.0000,3720.8000,3720.6000,3720.4000,3722.0000,3722.2000,3722.4000,3723.0000,3724.6000,2,1,2,1,1,1,1,2,2,1
SF,IF2005,2020-04-13 14:32:50.100,3722.2000,12436,0,7207973040.000,0,-,-,-,-,3721.0000,3720.8000,3720.6000,3720.4000,3720.2000,3721.6000,3721.8000,3722.2000,3723.0000,3724.6000,1,2,1,1,1,1,3,1,2,1
SF,IF2005,2020-04-13 14:32:50.600,3721.6000,12436,0,7209089520.000,1,0,1,空换,B,3721.6000,3721.0000,3720.8000,3720.6000,3720.4000,3721.8000,3722.2000,3723.0000,3724.6000,3725.6000,3,1,2,1,1,4,1,2,1,1
SF,IF2005,2020-04-13 14:32:51.100,3721.6000,12436,0,7211322480.000,2,1,1,空换,B,3721.0000,3720.8000,3720.6000,3720.4000,3720.2000,3721.8000,3722.2000,3723.0000,3724.6000,3725.6000,1,2,1,1,1,3,1,2,1,1
SF,IF2005,2020-04-13 14:32:51.600,3721.6000,12436,0,7211322480.000,0,-,-,-,-,3721.0000,3720.8000,3720.6000,3720.4000,3720.2000,3721.8000,3722.2000,3723.0000,3724.6000,3725.6000,1,2,1,1,2,3,1,2,1,1
SF,IF2005,2020-04-13 14:32:52.600,3721.6000,12436,0,7211322480.000,0,-,-,-,-,3721.0000,3720.8000,3720.6000,3720.4000,3720.2000,3721.8000,3722.2000,3723.0000,3724.6000,3725.6000,1,1,1,1,2,3,1,2,1,1
SF,IF2005,2020-04-13 14:32:54.100,3721.6000,12436,0,7211322480.000,0,-,-,-,-,3721.0000,3720.8000,3720.6000,3720.4000,3720.2000,3721.8000,3722.0000,3722.2000,3723.0000,3724.6000,1,1,1,1,2,3,1,1,2,1
SF,IF2005,2020-04-13 14:32:56.100,3721.6000,12436,0,7211322480.000,0,-,-,-,-,3721.0000,3720.8000,3720.6000,3720.4000,3720.2000,3721.8000,3722.0000,3722.2000,3723.0000,3724.6000,1,1,1,1,2,3,1,1,2,1
SF,IF2005,2020-04-13 14:32:59.100,3721.0000,12437,1,7212438780.000,1,1,0,双开,B,3720.8000,3720.6000,3720.4000,3720.2000,3720.0000,3721.8000,3722.0000,3722.2000,3723.0000,3724.6000,1,1,1,2,3,3,1,1,2,1
SF,IF2005,2020-04-13 14:32:59.600,3720.8000,12438,1,7213555020.000,1,1,0,双开,B,3720.6000,3720.4000,3720.2000,3720.0000,3719.4000,3721.8000,3722.0000,3722.2000,3723.0000,3724.6000,1,1,2,3,2,3,1,1,2,1
SF,IF2005,2020-04-13 14:33:00.100,3720.8000,12438,0,7213555020.000,0,-,-,-,-,3720.8000,3720.6000,3720.4000,3720.2000,3720.0000,3721.8000,3722.0000,3723.0000,3724.6000,3725.6000,3,1,1,2,3,3,1,2,1,1
SF,IF2005,2020-04-13 14:33:00.600,3720.8000,12438,0,7213555020.000,0,-,-,-,-,3720.8000,3720.6000,3720.4000,3720.2000,3720.0000,3721.8000,3722.0000,3723.0000,3724.6000,3725.6000,2,1,1,2,3,3,1,2,1,1
SF,IF2005,2020-04-13 14:33:01.600,3720.8000,12438,0,7213555020.000,0,-,-,-,-,3720.8000,3720.4000,3720.2000,3720.0000,3719.4000,3721.8000,3722.0000,3723.0000,3724.6000,3725.6000,2,1,2,3,2,3,1,2,1,1
SF,IF2005,2020-04-13 14:33:03.600,3721.8000,12439,1,7214671560.000,1,1,0,双开,B,3720.8000,3720.4000,3720.2000,3720.0000,3719.4000,3721.8000,3722.0000,3723.0000,3724.6000,3725.6000,2,1,2,4,2,2,1,2,1,1
SF,IF2005,2020-04-13 14:33:04.100,3721.8000,12439,0,7214671560.000,0,-,-,-,-,3720.4000,3720.2000,3720.0000,3719.4000,3719.2000,3721.0000,3721.8000,3722.0000,3723.0000,3724.6000,1,2,4,2,1,3,2,1,2,1
SF,IF2005,2020-04-13 14:33:04.600,3721.8000,12439,0,7214671560.000,0,-,-,-,-,3720.6000,3720.4000,3720.2000,3720.0000,3719.4000,3721.0000,3721.8000,3722.0000,3723.0000,3724.6000,1,1,2,4,2,3,2,1,2,1
SF,IF2005,2020-04-13 14:33:08.100,3721.8000,12439,0,7214671560.000,0,-,-,-,-,3720.6000,3720.4000,3720.2000,3720.0000,3719.4000,3721.0000,3721.8000,3722.0000,3723.0000,3724.6000,1,1,2,4,1,3,2,1,2,1
SF,IF2005,2020-04-13 14:33:08.600,3720.6000,12440,1,7215787740.000,1,1,0,双开,B,3720.4000,3720.2000,3720.0000,3719.4000,3719.2000,3721.0000,3721.8000,3722.0000,3723.0000,3724.6000,1,2,4,1,1,3,2,1,2,1
SF,IF2005,2020-04-13 14:33:12.100,3721.0000,12441,1,7216904040.000,1,1,0,双开,B,3720.4000,3720.2000,3720.0000,3719.4000,3719.2000,3721.0000,3721.8000,3722.0000,3723.0000,3724.6000,1,2,4,1,1,2,2,1,2,1
SF,IF2005,2020-04-13 14:33:14.600,3721.0000,12442,1,7218020340.000,1,1,0,双开,B,3720.4000,3720.2000,3720.0000,3719.4000,3719.2000,3721.0000,3721.8000,3722.0000,3723.0000,3724.6000,1,2,4,1,1,1,3,1,2,1
SF,IF2005,2020-04-13 14:33:17.100,3720.4000,12442,0,7219136460.000,1,0,1,空换,B,3720.2000,3720.0000,3719.4000,3719.2000,3719.0000,3721.0000,3721.8000,3722.0000,3723.0000,3724.6000,2,4,1,1,1,1,3,1,2,1
SF,IF2005,2020-04-13 14:33:17.600,3720.4000,12442,0,7219136460.000,0,-,-,-,-,3720.2000,3720.0000,3719.4000,3719.2000,3719.0000,3721.0000,3721.6000,3721.8000,3722.0000,3723.0000,2,4,1,1,1,1,1,3,1,2
SF,IF2005,2020-04-13 14:33:18.100,3720.4000,12442,0,7219136460.000,0,-,-,-,-,3720.4000,3720.2000,3720.0000,3719.4000,3719.2000,3721.0000,3721.6000,3721.8000,3722.0000,3723.0000,1,2,4,1,1,1,1,3,1,2
SF,IF2005,2020-04-13 14:33:22.600,3720.4000,12442,0,7219136460.000,0,-,-,-,-,3720.6000,3720.4000,3720.2000,3720.0000,3719.4000,3721.0000,3721.6000,3721.8000,3722.0000,3723.0000,1,1,2,4,1,1,1,3,1,2
SF,IF2005,2020-04-13 14:33:24.100,3720.4000,12442,0,7219136460.000,0,-,-,-,-,3720.6000,3720.4000,3720.2000,3720.0000,3719.4000,3721.0000,3721.6000,3721.8000,3722.0000,3723.0000,2,1,2,4,1,1,1,3,1,2
SF,IF2005,2020-04-13 14:33:25.100,3720.4000,12442,0,7219136460.000,0,-,-,-,-,3720.6000,3720.4000,3720.2000,3720.0000,3719.4000,3721.0000,3721.6000,3721.8000,3722.0000,3723.0000,2,1,2,4,1,1,1,2,1,2
SF,IF2005,2020-04-13 14:33:26.100,3721.0000,12443,1,7220252760.000,1,1,0,双开,B,3720.6000,3720.4000,3720.2000,3720.0000,3719.4000,3721.6000,3721.8000,3722.0000,3723.0000,3724.6000,2,1,2,4,1,1,2,1,2,1
SF,IF2005,2020-04-13 14:33:26.600,3721.0000,12443,0,7220252760.000,0,-,-,-,-,3720.6000,3720.4000,3720.2000,3720.0000,3719.4000,3721.4000,3722.0000,3723.0000,3724.6000,3725.6000,2,1,2,4,1,3,1,2,1,1
SF,IF2005,2020-04-13 14:33:34.100,3721.0000,12443,0,7220252760.000,0,-,-,-,-,3720.6000,3720.4000,3720.2000,3720.0000,3719.4000,3721.4000,3722.0000,3723.0000,3724.6000,3725.6000,2,1,2,4,1,3,1,2,1,1
SF,IF2005,2020-04-13 14:33:34.600,3721.0000,12443,0,7220252760.000,0,-,-,-,-,3720.6000,3720.4000,3720.2000,3720.0000,3719.4000,3721.4000,3722.0000,3723.0000,3724.6000,3725.6000,2,1,2,4,1,4,1,2,1,1
SF,IF2005,2020-04-13 14:33:35.100,3721.4000,12444,1,7221369180.000,1,1,0,双开,B,3720.8000,3720.6000,3720.4000,3720.2000,3720.0000,3722.0000,3723.0000,3724.6000,3725.6000,3726.0000,2,2,1,2,4,1,2,1,1,1
SF,IF2005,2020-04-13 14:33:35.600,3721.4000,12444,0,7221369180.000,0,-,-,-,-,3720.8000,3720.6000,3720.4000,3720.2000,3720.0000,3721.8000,3722.0000,3723.0000,3724.6000,3725.6000,2,2,1,2,4,2,1,2,1,1
SF,IF2005,2020-04-13 14:33:36.100,3721.4000,12444,0,7221369180.000,0,-,-,-,-,3720.8000,3720.6000,3720.4000,3720.2000,3720.0000,3721.8000,3722.0000,3723.0000,3724.6000,3725.6000,2,2,1,2,4,2,1,2,1,1
SF,IF2005,2020-04-13 14:33:36.600,3721.4000,12444,0,7221369180.000,0,-,-,-,-,3721.4000,3720.8000,3720.6000,3720.4000,3720.2000,3721.8000,3722.0000,3723.0000,3724.6000,3725.6000,1,2,2,1,2,2,1,2,1,1
SF,IF2005,2020-04-13 14:33:37.600,3721.4000,12445,1,7222485600.000,1,1,0,双开,B,3720.8000,3720.6000,3720.4000,3720.2000,3720.0000,3721.8000,3722.0000,3723.0000,3724.6000,3725.6000,2,2,1,2,4,2,1,2,1,1
SF,IF2005,2020-04-13 14:33:38.100,3721.4000,12445,0,7222485600.000,0,-,-,-,-,3720.8000,3720.6000,3720.4000,3720.2000,3720.0000,3721.8000,3723.0000,3724.6000,3725.6000,3726.0000,2,2,1,2,4,2,2,1,1,1
SF,IF2005,2020-04-13 14:33:38.600,3721.4000,12445,0,7222485600.000,0,-,-,-,-,3720.8000,3720.6000,3720.4000,3720.2000,3720.0000,3721.8000,3723.0000,3724.6000,3725.6000,3726.0000,2,2,1,2,4,3,2,1,1,1
SF,IF2005,2020-04-13 14:33:39.600,3721.4000,12445,0,7222485600.000,0,-,-,-,-,3720.8000,3720.6000,3720.4000,3720.2000,3720.0000,3721.8000,3723.0000,3724.6000,3725.6000,3726.0000,2,2,1,2,4,2,2,1,1,1
SF,IF2005,2020-04-13 14:33:40.100,3721.4000,12445,0,7222485600.000,0,-,-,-,-,3720.8000,3720.6000,3720.4000,3720.2000,3720.0000,3721.8000,3723.0000,3724.6000,3725.6000,3726.0000,2,2,1,2,4,2,2,1,1,1
SF,IF2005,2020-04-13 14:33:40.600,3721.4000,12445,0,7222485600.000,0,-,-,-,-,3720.8000,3720.6000,3720.4000,3720.2000,3720.0000,3721.8000,3723.0000,3724.6000,3725.6000,3726.0000,2,2,1,2,4,3,2,1,1,1
SF,IF2005,2020-04-13 14:33:41.100,3721.4000,12445,0,7222485600.000,0,-,-,-,-,3721.0000,3720.8000,3720.6000,3720.4000,3720.2000,3723.0000,3724.6000,3725.6000,3726.0000,3727.8000,2,2,2,1,2,2,1,1,1,1
SF,IF2005,2020-04-13 14:33:41.600,3721.4000,12445,0,7222485600.000,0,-,-,-,-,3721.2000,3721.0000,3720.6000,3720.4000,3720.2000,3722.4000,3722.6000,3722.8000,3723.0000,3724.6000,2,1,2,1,2,1,2,3,2,1
SF,IF2005,2020-04-13 14:33:42.100,3721.4000,12445,0,7222485600.000,0,-,-,-,-,3721.2000,3721.0000,3720.6000,3720.4000,3720.2000,3722.2000,3722.4000,3722.6000,3722.8000,3723.0000,3,1,2,1,2,2,3,4,3,2
SF,IF2005,2020-04-13 14:33:42.600,3721.4000,12445,0,7222485600.000,0,-,-,-,-,3721.2000,3721.0000,3720.6000,3720.4000,3720.2000,3722.2000,3722.4000,3722.6000,3722.8000,3723.0000,1,1,2,1,2,3,1,3,2,2
SF,IF2005,2020-04-13 14:33:43.100,3721.4000,12445,0,7222485600.000,0,-,-,-,-,3721.2000,3721.0000,3720.6000,3720.4000,3720.2000,3722.0000,3722.2000,3722.4000,3722.6000,3722.8000,1,1,2,1,2,1,3,1,3,2
SF,IF2005,2020-04-13 14:33:43.600,3721.4000,12445,0,7222485600.000,0,-,-,-,-,3721.2000,3721.0000,3720.6000,3720.4000,3720.2000,3722.0000,3722.2000,3722.4000,3722.6000,3722.8000,1,1,2,1,2,3,2,1,3,2
SF,IF2005,2020-04-13 14:33:44.100,3722.0000,12446,1,7223602200.000,1,1,0,双开,B,3721.2000,3721.0000,3720.6000,3720.4000,3720.2000,3722.0000,3722.2000,3722.4000,3722.6000,3722.8000,1,1,2,1,2,2,2,1,3,2
SF,IF2005,2020-04-13 14:33:44.600,3722.0000,12446,0,7223602200.000,0,-,-,-,-,3721.2000,3721.0000,3720.6000,3720.4000,3720.2000,3722.0000,3722.2000,3722.4000,3722.6000,3722.8000,1,1,2,1,2,2,2,1,3,2
SF,IF2005,2020-04-13 14:33:45.100,3722.0000,12446,0,7223602200.000,0,-,-,-,-,3721.2000,3721.0000,3720.6000,3720.4000,3720.2000,3722.0000,3722.2000,3722.4000,3722.6000,3722.8000,1,1,2,1,2,1,2,1,2,1
SF,IF2005,2020-04-13 14:33:45.600,3722.0000,12446,0,7223602200.000,0,-,-,-,-,3721.2000,3721.0000,3720.6000,3720.4000,3720.2000,3722.0000,3722.2000,3722.4000,3722.6000,3722.8000,1,1,2,1,2,2,2,1,2,1
SF,IF2005,2020-04-13 14:33:46.100,3722.0000,12446,0,7223602200.000,0,-,-,-,-,3721.2000,3721.0000,3720.6000,3720.4000,3720.2000,3721.8000,3722.0000,3722.4000,3722.6000,3722.8000,1,1,2,1,2,2,1,1,2,1
SF,IF2005,2020-04-13 14:33:46.600,3721.2000,12447,1,7224718560.000,1,1,0,双开,B,3721.0000,3720.6000,3720.4000,3720.2000,3720.0000,3721.8000,3722.6000,3722.8000,3723.0000,3724.6000,1,2,1,2,4,2,2,1,2,1
SF,IF2005,2020-04-13 14:33:47.100,3721.2000,12447,0,7224718560.000,0,-,-,-,-,3721.0000,3720.6000,3720.4000,3720.2000,3720.0000,3721.8000,3722.6000,3722.8000,3723.0000,3724.6000,1,2,1,2,4,2,2,1,2,1
SF,IF2005,2020-04-13 14:33:47.600,3721.2000,12447,0,7224718560.000,0,-,-,-,-,3721.0000,3720.6000,3720.4000,3720.2000,3720.0000,3721.8000,3722.6000,3722.8000,3723.0000,3724.6000,1,2,1,2,4,2,2,1,2,1
SF,IF2005,2020-04-13 14:33:48.100,3721.2000,12447,0,7224718560.000,0,-,-,-,-,3721.0000,3720.6000,3720.4000,3720.2000,3720.0000,3721.8000,3722.6000,3722.8000,3723.0000,3724.6000,1,2,1,2,4,2,2,1,2,1
SF,IF2005,2020-04-13 14:33:48.600,3721.2000,12447,0,7224718560.000,0,-,-,-,-,3721.0000,3720.6000,3720.4000,3720.2000,3720.0000,3721.8000,3722.6000,3722.8000,3723.0000,3724.6000,1,2,1,2,4,2,2,1,2,1
SF,IF2005,2020-04-13 14:33:49.100,3721.8000,12448,1,7225835100.000,1,1,0,双开,B,3721.0000,3720.6000,3720.4000,3720.2000,3720.0000,3721.8000,3722.6000,3722.8000,3723.0000,3724.6000,1,2,1,2,4,2,2,1,2,1
SF,IF2005,2020-04-13 14:33:49.600,3721.8000,12448,0,7225835100.000,0,-,-,-,-,3721.0000,3720.6000,3720.4000,3720.2000,3720.0000,3721.8000,3722.6000,3722.8000,3723.0000,3724.6000,1,2,1,2,4,2,2,1,2,1
SF,IF2005,2020-04-13 14:33:50.100,3721.8000,12448,0,7225835100.000,0,-,-,-,-,3721.0000,3720.6000,3720.4000,3720.2000,3720.0000,3721.8000,3722.6000,3722.8000,3723.0000,3724.6000,1,2,1,2,4,1,2,1,2,1
SF,IF2005,2020-04-13 14:33:50.600,3721.8000,12448,0,7225835100.000,0,-,-,-,-,3721.0000,3720.6000,3720.4000,3720.2000,3720.0000,3721.8000,3722.2000,3722.6000,3722.8000,3723.0000,1,2,1,2,4,1,1,2,1,2
SF,IF2005,2020-04-13 14:33:51.100,3721.8000,12448,0,7225835100.000,0,-,-,-,-,3721.0000,3720.6000,3720.4000,3720.2000,3720.0000,3721.8000,3722.2000,3722.6000,3722.8000,3723.0000,1,2,1,2,4,2,1,2,1,2
SF,IF2005,2020-04-13 14:33:51.600,3721.8000,12448,0,7225835100.000,0,-,-,-,-,3721.0000,3720.6000,3720.4000,3720.2000,3720.0000,3721.8000,3722.2000,3722.6000,3722.8000,3723.0000,1,2,1,2,4,2,1,2,1,2
SF,IF2005,2020-04-13 14:33:52.100,3721.8000,12449,1,7226951640.000,1,1,0,双开,B,3721.0000,3720.6000,3720.4000,3720.2000,3720.0000,3722.2000,3722.6000,3722.8000,3723.0000,3724.6000,1,2,1,2,4,1,2,1,2,1
SF,IF2005,2020-04-13 14:33:52.600,3721.8000,12449,0,7226951640.000,0,-,-,-,-,3721.2000,3721.0000,3720.6000,3720.4000,3720.2000,3722.0000,3722.2000,3722.6000,3722.8000,3723.0000,2,1,2,1,2,1,2,2,1,2
SF,IF2005,2020-04-13 14:33:53.100,3721.8000,12449,0,7226951640.000,0,-,-,-,-,3721.2000,3721.0000,3720.6000,3720.4000,3720.2000,3722.0000,3722.2000,3722.6000,3722.8000,3723.0000,2,1,2,1,2,1,1,2,1,2
SF,IF2005,2020-04-13 14:33:53.600,3721.8000,12449,0,7226951640.000,0,-,-,-,-,3721.2000,3721.0000,3720.6000,3720.4000,3720.2000,3722.0000,3722.2000,3722.6000,3722.8000,3723.0000,2,1,2,1,2,1,1,2,1,2
SF,IF2005,2020-04-13 14:33:54.100,3721.8000,12449,0,7226951640.000,0,-,-,-,-,3721.2000,3721.0000,3720.6000,3720.4000,3720.2000,3722.0000,3722.2000,3722.6000,3722.8000,3723.0000,2,1,2,1,2,2,1,2,1,2
SF,IF2005,2020-04-13 14:33:54.600,3721.8000,12449,0,7226951640.000,0,-,-,-,-,3721.2000,3721.0000,3720.6000,3720.4000,3720.2000,3722.0000,3722.2000,3722.6000,3722.8000,3723.0000,2,1,2,1,2,2,1,2,1,2
SF,IF2005,2020-04-13 14:33:55.100,3721.8000,12449,0,7226951640.000,0,-,-,-,-,3721.2000,3721.0000,3720.6000,3720.4000,3720.2000,3722.0000,3722.2000,3722.6000,3722.8000,3723.0000,2,1,2,1,2,2,1,2,1,2
SF,IF2005,2020-04-13 14:33:55.600,3721.8000,12449,0,7226951640.000,0,-,-,-,-,3721.2000,3721.0000,3720.6000,3720.4000,3720.2000,3722.0000,3722.2000,3722.6000,3722.8000,3723.0000,2,1,2,1,2,2,1,1,1,2
SF,IF2005,2020-04-13 14:33:56.100,3721.8000,12449,0,7226951640.000,0,-,-,-,-,3721.2000,3721.0000,3720.6000,3720.4000,3720.2000,3722.0000,3722.2000,3722.6000,3722.8000,3723.0000,2,1,2,1,2,2,1,1,1,2
SF,IF2005,2020-04-13 14:33:56.600,3721.8000,12449,0,7226951640.000,0,-,-,-,-,3721.2000,3721.0000,3720.6000,3720.4000,3720.2000,3722.0000,3722.2000,3722.6000,3722.8000,3723.0000,2,1,2,1,2,3,1,1,1,2
SF,IF2005,2020-04-13 14:33:57.100,3721.2000,12450,1,7228068000.000,1,1,0,双开,B,3721.2000,3721.0000,3720.6000,3720.4000,3720.2000,3722.0000,3722.2000,3722.6000,3722.8000,3723.0000,1,1,2,1,2,2,1,1,1,2
SF,IF2005,2020-04-13 14:33:57.600,3721.2000,12450,0,7228068000.000,0,-,-,-,-,3721.2000,3721.0000,3720.6000,3720.4000,3720.2000,3722.0000,3722.2000,3722.6000,3722.8000,3723.0000,1,1,2,1,2,2,1,1,1,2
SF,IF2005,2020-04-13 14:33:58.100,3721.2000,12450,0,7228068000.000,0,-,-,-,-,3721.0000,3720.6000,3720.4000,3720.2000,3720.0000,3721.8000,3722.0000,3722.2000,3722.6000,3722.8000,1,2,1,2,4,2,2,1,1,1
SF,IF2005,2020-04-13 14:33:58.600,3721.2000,12450,0,7228068000.000,0,-,-,-,-,3721.0000,3720.6000,3720.4000,3720.2000,3720.0000,3721.8000,3722.0000,3722.2000,3722.6000,3722.8000,1,2,1,2,4,3,1,1,1,1
SF,IF2005,2020-04-13 14:33:59.100,3721.2000,12450,0,7228068000.000,0,-,-,-,-,3721.0000,3720.6000,3720.4000,3720.2000,3720.0000,3721.8000,3722.0000,3722.2000,3722.6000,3722.8000,1,2,1,2,4,4,1,1,1,1
SF,IF2005,2020-04-13 14:34:00.100,3721.2000,12450,0,7228068000.000,0,-,-,-,-,3721.0000,3720.6000,3720.4000,3720.2000,3720.0000,3721.8000,3722.0000,3722.2000,3722.6000,3722.8000,1,2,1,2,4,3,1,1,1,1
SF,IF2005,2020-04-13 14:34:00.600,3721.2000,12450,0,7228068000.000,0,-,-,-,-,3721.0000,3720.6000,3720.4000,3720.2000,3720.0000,3721.8000,3722.0000,3722.2000,3722.6000,3722.8000,1,2,1,2,4,4,1,1,1,1
SF,IF2005,2020-04-13 14:34:01.100,3721.2000,12450,0,7228068000.000,0,-,-,-,-,3721.0000,3720.6000,3720.4000,3720.2000,3720.0000,3721.8000,3722.0000,3722.2000,3722.6000,3722.8000,1,2,1,2,4,1,1,1,1,1
SF,IF2005,2020-04-13 14:34:01.600,3721.2000,12450,0,7228068000.000,0,-,-,-,-,3721.0000,3720.6000,3720.4000,3720.2000,3720.0000,3721.8000,3722.0000,3722.2000,3722.6000,3722.8000,1,2,1,2,4,2,1,1,1,1
SF,IF2005,2020-04-13 14:34:02.600,3721.2000,12450,0,7228068000.000,0,-,-,-,-,3721.0000,3720.6000,3720.4000,3720.2000,3720.0000,3721.8000,3722.0000,3722.2000,3722.6000,3722.8000,2,2,1,2,4,2,1,1,1,1
SF,IF2005,2020-04-13 14:34:04.600,3721.2000,12450,0,7228068000.000,0,-,-,-,-,3721.0000,3720.6000,3720.4000,3720.2000,3720.0000,3721.8000,3722.0000,3722.2000,3722.6000,3722.8000,2,2,1,2,4,1,1,1,1,1
SF,IF2005,2020-04-13 14:34:05.100,3721.2000,12450,0,7228068000.000,0,-,-,-,-,3721.0000,3720.6000,3720.4000,3720.2000,3720.0000,3721.8000,3722.0000,3722.2000,3722.6000,3722.8000,2,2,1,2,4,2,1,1,1,1
SF,IF2005,2020-04-13 14:34:07.100,3721.2000,12450,0,7228068000.000,0,-,-,-,-,3721.0000,3720.6000,3720.4000,3720.2000,3720.0000,3721.8000,3722.0000,3722.2000,3722.6000,3722.8000,2,2,1,2,4,1,1,1,1,1
SF,IF2005,2020-04-13 14:34:07.600,3721.2000,12450,0,7228068000.000,0,-,-,-,-,3721.0000,3720.6000,3720.4000,3720.2000,3720.0000,3721.8000,3722.0000,3722.2000,3722.6000,3722.8000,2,2,1,2,4,2,1,1,1,1
SF,IF2005,2020-04-13 14:34:08.100,3721.2000,12450,0,7228068000.000,0,-,-,-,-,3721.0000,3720.6000,3720.4000,3720.2000,3720.0000,3721.8000,3722.0000,3722.2000,3722.6000,3722.8000,2,2,1,2,4,1,1,1,1,1
SF,IF2005,2020-04-13 14:34:08.600,3721.2000,12450,0,7228068000.000,0,-,-,-,-,3721.0000,3720.6000,3720.4000,3720.2000,3720.0000,3721.8000,3722.0000,3722.2000,3722.6000,3722.8000,2,2,1,2,4,2,1,1,1,1
SF,IF2005,2020-04-13 14:34:09.100,3721.8000,12451,1,7229184540.000,1,1,0,双开,B,3721.0000,3720.6000,3720.4000,3720.2000,3720.0000,3721.8000,3722.0000,3722.2000,3722.6000,3722.8000,2,2,1,2,4,1,1,1,1,1
SF,IF2005,2020-04-13 14:34:09.600,3721.0000,12451,0,7230300840.000,1,0,1,空换,B,3721.0000,3720.6000,3720.4000,3720.2000,3720.0000,3721.6000,3721.8000,3722.2000,3722.6000,3722.8000,1,2,1,2,4,1,1,1,1,1
SF,IF2005,2020-04-13 14:34:10.100,3721.0000,12451,0,7230300840.000,0,-,-,-,-,3721.0000,3720.6000,3720.4000,3720.2000,3720.0000,3721.6000,3722.2000,3722.6000,3722.8000,3723.0000,1,2,1,2,4,1,1,1,1,2
SF,IF2005,2020-04-13 14:34:10.600,3721.0000,12451,0,7230300840.000,0,-,-,-,-,3721.0000,3720.6000,3720.4000,3720.2000,3720.0000,3721.6000,3722.2000,3722.6000,3722.8000,3723.0000,1,2,1,2,4,1,1,1,1,2
SF,IF2005,2020-04-13 14:34:11.100,3721.0000,12451,0,7230300840.000,0,-,-,-,-,3721.0000,3720.6000,3720.4000,3720.2000,3720.0000,3721.6000,3722.2000,3722.6000,3722.8000,3723.0000,1,2,1,2,4,2,1,1,1,2
SF,IF2005,2020-04-13 14:34:11.600,3721.0000,12451,0,7230300840.000,0,-,-,-,-,3721.0000,3720.6000,3720.4000,3720.2000,3720.0000,3721.6000,3722.2000,3722.6000,3722.8000,3723.0000,1,2,1,2,4,1,1,1,1,2
SF,IF2005,2020-04-13 14:34:16.100,3721.0000,12451,0,7231417140.000,1,0,1,空换,B,3720.6000,3720.4000,3720.2000,3720.0000,3719.4000,3721.6000,3722.2000,3722.6000,3722.8000,3723.0000,2,1,2,4,1,1,1,1,1,2
SF,IF2005,2020-04-13 14:34:16.600,3721.0000,12451,0,7231417140.000,0,-,-,-,-,3720.6000,3720.4000,3720.2000,3720.0000,3719.4000,3721.4000,3721.6000,3722.2000,3722.6000,3722.8000,2,1,2,4,1,2,1,1,1,1
SF,IF2005,2020-04-13 14:34:19.600,3721.0000,12451,0,7231417140.000,0,-,-,-,-,3720.6000,3720.4000,3720.2000,3720.0000,3719.4000,3721.4000,3721.6000,3722.2000,3722.6000,3722.8000,2,1,2,4,1,2,1,1,1,1
SF,IF2005,2020-04-13 14:34:20.100,3721.0000,12451,0,7231417140.000,0,-,-,-,-,3721.4000,3720.6000,3720.4000,3720.2000,3720.0000,3721.6000,3722.2000,3722.6000,3722.8000,3723.0000,1,2,1,2,4,1,1,1,1,2
SF,IF2005,2020-04-13 14:34:20.600,3721.0000,12451,0,7231417140.000,0,-,-,-,-,3721.4000,3720.6000,3720.4000,3720.2000,3720.0000,3722.2000,3722.6000,3722.8000,3723.0000,3724.6000,1,2,1,2,4,1,1,1,2,1
SF,IF2005,2020-04-13 14:34:21.100,3721.4000,12452,1,7232533560.000,1,1,0,双开,B,3720.6000,3720.4000,3720.2000,3720.0000,3719.4000,3722.0000,3722.2000,3722.6000,3722.8000,3723.0000,2,1,2,4,1,4,1,1,1,2
SF,IF2005,2020-04-13 14:34:21.600,3721.4000,12452,0,7232533560.000,0,-,-,-,-,3721.0000,3720.8000,3720.6000,3720.4000,3720.2000,3722.0000,3722.6000,3722.8000,3723.0000,3724.6000,1,2,2,1,2,4,1,1,2,1
SF,IF2005,2020-04-13 14:34:22.100,3721.2000,12454,2,7234766340.000,2,2,0,双开,B,3721.2000,3721.0000,3720.8000,3720.6000,3720.4000,3722.0000,3722.6000,3722.8000,3723.0000,3724.6000,2,2,4,2,1,1,1,1,2,1
SF,IF2005,2020-04-13 14:34:22.600,3721.2000,12454,0,7234766340.000,0,-,-,-,-,3721.2000,3721.0000,3720.8000,3720.6000,3720.4000,3722.6000,3722.8000,3723.0000,3724.6000,3725.6000,3,2,2,2,1,1,1,2,1,1
SF,IF2005,2020-04-13 14:34:23.100,3721.2000,12454,0,7234766340.000,0,-,-,-,-,3721.4000,3721.2000,3721.0000,3720.8000,3720.6000,3722.4000,3722.6000,3722.8000,3723.0000,3724.6000,1,3,1,2,2,4,1,1,2,1
SF,IF2005,2020-04-13 14:34:24.600,3721.2000,12454,0,7234766340.000,0,-,-,-,-,3721.2000,3720.8000,3720.6000,3720.4000,3720.2000,3722.4000,3722.6000,3722.8000,3723.0000,3724.6000,3,1,2,1,2,4,1,1,2,1
SF,IF2005,2020-04-13 14:34:25.600,3721.2000,12454,0,7234766340.000,0,-,-,-,-,3721.2000,3720.8000,3720.6000,3720.4000,3720.2000,3722.4000,3722.6000,3722.8000,3723.0000,3724.6000,2,1,2,1,2,4,1,1,2,1
SF,IF2005,2020-04-13 14:34:26.100,3721.2000,12454,0,7234766340.000,0,-,-,-,-,3721.2000,3720.8000,3720.6000,3720.4000,3720.2000,3722.2000,3722.4000,3722.6000,3722.8000,3723.0000,2,1,2,1,2,1,4,1,1,2
SF,IF2005,2020-04-13 14:34:27.100,3721.2000,12454,0,7234766340.000,0,-,-,-,-,3721.2000,3720.8000,3720.6000,3720.4000,3720.2000,3722.2000,3722.4000,3722.6000,3722.8000,3723.0000,2,1,2,1,2,1,4,1,1,2
SF,IF2005,2020-04-13 14:34:28.600,3721.2000,12454,0,7234766340.000,0,-,-,-,-,3721.2000,3720.8000,3720.6000,3720.4000,3720.2000,3722.2000,3722.4000,3723.0000,3724.6000,3724.8000,2,1,2,1,2,1,4,2,1,1
SF,IF2005,2020-04-13 14:34:29.100,3721.2000,12454,0,7234766340.000,0,-,-,-,-,3721.4000,3721.2000,3720.6000,3720.4000,3720.2000,3722.4000,3723.0000,3724.6000,3724.8000,3725.6000,1,2,2,1,2,4,2,1,1,1
SF,IF2005,2020-04-13 14:34:29.600,3721.2000,12454,0,7234766340.000,0,-,-,-,-,3721.6000,3720.6000,3720.4000,3720.2000,3720.0000,3722.4000,3723.0000,3724.6000,3724.8000,3725.6000,2,2,1,2,4,4,2,1,1,1
SF,IF2005,2020-04-13 14:34:30.600,3721.2000,12454,0,7234766340.000,0,-,-,-,-,3721.6000,3720.6000,3720.4000,3720.2000,3720.0000,3722.4000,3724.6000,3724.8000,3725.6000,3726.0000,2,2,1,2,4,4,1,1,1,1
SF,IF2005,2020-04-13 14:34:31.100,3721.2000,12454,0,7234766340.000,0,-,-,-,-,3721.6000,3720.6000,3720.4000,3720.2000,3720.0000,3722.4000,3724.0000,3724.6000,3724.8000,3725.6000,2,2,1,2,4,4,2,1,1,1
SF,IF2005,2020-04-13 14:34:31.600,3721.2000,12454,0,7234766340.000,0,-,-,-,-,3722.2000,3721.6000,3720.6000,3720.4000,3720.2000,3722.4000,3724.0000,3724.6000,3724.8000,3725.6000,1,2,2,1,10,4,2,1,1,1
SF,IF2005,2020-04-13 14:34:32.100,3722.2000,12455,1,7235883000.000,1,1,0,双开,B,3721.6000,3720.6000,3720.4000,3720.2000,3720.0000,3722.4000,3724.0000,3724.6000,3724.8000,3725.6000,2,2,1,10,4,1,2,1,1,1
SF,IF2005,2020-04-13 14:34:32.600,3722.2000,12455,0,7235883000.000,0,-,-,-,-,3721.6000,3720.6000,3720.4000,3720.2000,3720.0000,3722.2000,3722.4000,3723.2000,3724.0000,3724.6000,2,2,1,10,4,1,1,1,2,1
SF,IF2005,2020-04-13 14:34:34.600,3722.4000,12456,1,7238116380.000,2,1,1,多开,B,3723.0000,3721.6000,3720.6000,3720.4000,3720.2000,3723.2000,3724.0000,3724.6000,3724.8000,3726.0000,1,2,2,1,10,1,2,1,1,1
SF,IF2005,2020-04-13 14:34:35.100,3723.0000,12457,1,7239233280.000,1,1,0,双开,B,3721.6000,3720.6000,3720.4000,3720.2000,3720.0000,3722.4000,3722.6000,3722.8000,3723.0000,3724.0000,2,2,1,10,4,1,2,1,4,2
SF,IF2005,2020-04-13 14:34:35.600,3723.0000,12457,0,7239233280.000,0,-,-,-,-,3721.6000,3720.6000,3720.4000,3720.2000,3720.0000,3722.4000,3722.8000,3723.0000,3724.0000,3724.6000,2,2,1,10,4,1,1,6,2,1
SF,IF2005,2020-04-13 14:34:37.600,3723.0000,12457,0,7239233280.000,0,-,-,-,-,3721.6000,3720.6000,3720.4000,3720.2000,3720.0000,3722.8000,3723.0000,3724.0000,3724.6000,3724.8000,2,2,1,10,4,1,5,2,1,1
SF,IF2005,2020-04-13 14:34:38.100,3723.0000,12457,0,7239233280.000,0,-,-,-,-,3721.8000,3721.6000,3720.6000,3720.4000,3720.2000,3722.6000,3722.8000,3723.0000,3724.0000,3724.6000,1,2,2,1,10,2,1,4,2,1
SF,IF2005,2020-04-13 14:34:38.600,3723.0000,12457,0,7239233280.000,0,-,-,-,-,3721.8000,3721.6000,3720.6000,3720.4000,3720.2000,3722.8000,3723.0000,3724.0000,3724.6000,3724.8000,1,2,2,1,10,1,4,2,1,1
SF,IF2005,2020-04-13 14:34:39.100,3723.0000,12457,0,7239233280.000,0,-,-,-,-,3722.0000,3721.8000,3720.6000,3720.4000,3720.2000,3723.0000,3724.0000,3724.6000,3724.8000,3725.8000,2,1,2,1,10,4,2,1,1,1
SF,IF2005,2020-04-13 14:34:40.600,3722.0000,12458,1,7240349880.000,1,1,0,双开,B,3722.0000,3721.8000,3720.6000,3720.4000,3720.2000,3723.0000,3724.0000,3724.6000,3724.8000,3725.8000,1,1,2,1,10,3,2,1,1,1
SF,IF2005,2020-04-13 14:34:41.100,3722.0000,12458,0,7240349880.000,0,-,-,-,-,3721.8000,3720.6000,3720.4000,3720.2000,3720.0000,3722.8000,3723.0000,3724.0000,3724.6000,3724.8000,1,2,1,10,4,3,2,2,1,1
SF,IF2005,2020-04-13 14:34:42.100,3722.8000,12459,1,7241466720.000,1,1,0,双开,B,3721.8000,3720.6000,3720.4000,3720.2000,3720.0000,3722.8000,3723.0000,3724.0000,3724.6000,3724.8000,1,2,1,10,4,2,2,2,1,1
SF,IF2005,2020-04-13 14:34:42.600,3722.8000,12459,0,7241466720.000,0,-,-,-,-,3722.0000,3721.8000,3720.6000,3720.4000,3720.2000,3722.8000,3723.0000,3724.0000,3724.6000,3724.8000,2,1,2,1,10,2,2,2,1,1
SF,IF2005,2020-04-13 14:34:45.600,3722.8000,12459,0,7241466720.000,0,-,-,-,-,3722.0000,3721.8000,3720.6000,3720.4000,3720.2000,3722.8000,3723.0000,3724.0000,3724.6000,3724.8000,2,1,2,1,10,1,2,2,1,1
SF,IF2005,2020-04-13 14:34:47.100,3722.0000,12460,1,7242583320.000,1,1,0,双开,B,3722.0000,3721.8000,3720.6000,3720.4000,3720.2000,3722.8000,3723.0000,3724.0000,3724.6000,3724.8000,1,1,2,1,10,1,2,2,1,1
SF,IF2005,2020-04-13 14:34:47.600,3722.0000,12460,0,7242583320.000,0,-,-,-,-,3721.8000,3720.6000,3720.4000,3720.2000,3720.0000,3722.8000,3723.0000,3724.0000,3724.6000,3724.8000,1,2,1,10,4,1,2,2,1,1
SF,IF2005,2020-04-13 14:34:48.100,3721.8000,12461,1,7243699860.000,1,1,0,双开,B,3720.6000,3720.4000,3720.2000,3720.0000,3719.4000,3722.6000,3722.8000,3723.0000,3724.0000,3724.6000,2,1,10,4,1,1,2,2,2,1
SF,IF2005,2020-04-13 14:34:48.600,3721.8000,12461,0,7243699860.000,0,-,-,-,-,3721.4000,3721.2000,3721.0000,3720.8000,3720.6000,3722.6000,3723.0000,3724.0000,3724.6000,3724.8000,2,1,1,6,2,1,2,2,1,1
SF,IF2005,2020-04-13 14:34:49.100,3721.8000,12461,0,7243699860.000,0,-,-,-,-,3721.6000,3721.4000,3721.2000,3721.0000,3720.8000,3722.6000,3723.0000,3724.0000,3724.6000,3724.8000,3,2,2,3,5,2,2,2,1,1
SF,IF2005,2020-04-13 14:34:49.600,3721.8000,12461,0,7243699860.000,0,-,-,-,-,3721.6000,3721.4000,3721.2000,3721.0000,3720.8000,3722.4000,3722.6000,3723.0000,3724.0000,3724.6000,2,2,2,2,5,2,1,2,2,1
SF,IF2005,2020-04-13 14:34:52.100,3722.4000,12462,1,7244816580.000,1,1,0,双开,B,3721.6000,3721.4000,3721.2000,3721.0000,3720.8000,3722.4000,3722.6000,3723.0000,3724.0000,3724.6000,2,2,2,2,5,1,1,2,2,1
SF,IF2005,2020-04-13 14:34:53.100,3722.4000,12462,0,7244816580.000,0,-,-,-,-,3721.6000,3721.4000,3721.2000,3721.0000,3720.8000,3722.4000,3722.6000,3723.0000,3724.0000,3724.6000,2,2,1,2,5,1,1,2,2,1
SF,IF2005,2020-04-13 14:34:53.600,3721.6000,12463,1,7245933060.000,1,1,0,双开,B,3721.6000,3721.4000,3721.2000,3721.0000,3720.8000,3722.4000,3722.6000,3723.0000,3724.0000,3724.6000,1,2,1,2,5,1,1,2,2,1
SF,IF2005,2020-04-13 14:34:54.100,3721.6000,12463,0,7245933060.000,0,-,-,-,-,3721.4000,3721.2000,3721.0000,3720.8000,3720.6000,3722.4000,3722.6000,3723.0000,3724.0000,3724.6000,2,1,2,5,3,1,1,2,2,1
SF,IF2005,2020-04-13 14:34:55.100,3721.6000,12463,0,7245933060.000,0,-,-,-,-,3721.4000,3721.2000,3720.8000,3720.6000,3720.2000,3722.2000,3722.4000,3723.0000,3724.0000,3724.6000,2,1,4,2,2,1,1,2,2,1
SF,IF2005,2020-04-13 14:34:55.600,3721.6000,12463,0,7245933060.000,0,-,-,-,-,3721.4000,3721.2000,3720.8000,3720.6000,3720.2000,3722.2000,3722.4000,3723.0000,3724.0000,3724.6000,2,1,2,2,2,1,1,2,2,1
SF,IF2005,2020-04-13 14:34:57.600,3721.6000,12463,0,7245933060.000,0,-,-,-,-,3721.4000,3721.2000,3720.8000,3720.6000,3720.2000,3722.2000,3722.4000,3723.0000,3724.0000,3724.6000,2,1,2,2,2,2,1,2,2,1
SF,IF2005,2020-04-13 14:34:58.100,3721.6000,12463,0,7245933060.000,0,-,-,-,-,3721.4000,3721.2000,3720.8000,3720.6000,3720.2000,3722.2000,3722.4000,3723.0000,3724.0000,3724.6000,2,1,2,2,2,1,1,2,2,1
SF,IF2005,2020-04-13 14:34:58.600,3721.6000,12463,0,7245933060.000,0,-,-,-,-,3721.4000,3721.2000,3720.8000,3720.6000,3720.2000,3722.2000,3722.4000,3723.0000,3724.0000,3724.6000,2,1,2,2,2,2,1,2,2,1
SF,IF2005,2020-04-13 14:34:59.100,3721.6000,12463,0,7245933060.000,0,-,-,-,-,3721.4000,3720.8000,3720.6000,3720.2000,3720.0000,3722.2000,3722.4000,3723.0000,3724.0000,3724.6000,2,2,2,2,4,1,1,2,2,1
SF,IF2005,2020-04-13 14:34:59.600,3721.6000,12463,0,7245933060.000,0,-,-,-,-,3721.4000,3720.8000,3720.6000,3720.2000,3720.0000,3722.2000,3722.4000,3723.0000,3724.0000,3724.6000,1,2,2,2,4,2,1,2,2,1
SF,IF2005,2020-04-13 14:35:00.100,3721.6000,12463,0,7245933060.000,0,-,-,-,-,3720.8000,3720.6000,3720.2000,3720.0000,3719.4000,3722.2000,3722.4000,3723.0000,3724.0000,3724.6000,2,2,2,4,1,2,1,2,2,1
SF,IF2005,2020-04-13 14:35:00.600,3721.6000,12463,0,7245933060.000,0,-,-,-,-,3721.0000,3720.8000,3720.6000,3720.2000,3720.0000,3722.2000,3722.4000,3723.0000,3724.0000,3724.6000,1,1,2,2,4,2,1,2,2,1
SF,IF2005,2020-04-13 14:35:01.100,3721.6000,12463,0,7245933060.000,0,-,-,-,-,3721.2000,3721.0000,3720.8000,3720.6000,3720.2000,3721.8000,3722.2000,3723.0000,3724.0000,3724.6000,2,1,1,2,2,1,1,2,2,1
SF,IF2005,2020-04-13 14:35:01.600,3721.6000,12463,0,7245933060.000,0,-,-,-,-,3721.0000,3720.8000,3720.6000,3720.2000,3720.0000,3721.8000,3722.2000,3723.0000,3724.0000,3724.6000,1,1,2,2,4,1,1,2,2,1
SF,IF2005,2020-04-13 14:35:02.100,3721.6000,12463,0,7245933060.000,0,-,-,-,-,3721.0000,3720.6000,3720.2000,3720.0000,3719.4000,3721.8000,3722.2000,3723.0000,3724.6000,3724.8000,1,2,2,4,1,1,1,2,1,1
SF,IF2005,2020-04-13 14:35:02.600,3721.6000,12463,0,7245933060.000,0,-,-,-,-,3721.0000,3720.6000,3720.2000,3720.0000,3719.4000,3721.8000,3722.2000,3723.0000,3723.2000,3724.6000,1,2,2,4,1,1,1,2,2,1
SF,IF2005,2020-04-13 14:35:03.100,3721.6000,12463,0,7245933060.000,0,-,-,-,-,3720.6000,3720.2000,3720.0000,3719.4000,3719.2000,3721.4000,3721.6000,3722.0000,3722.2000,3723.0000,2,2,4,1,10,1,2,1,1,2
SF,IF2005,2020-04-13 14:35:05.100,3721.6000,12463,0,7245933060.000,0,-,-,-,-,3720.6000,3720.2000,3720.0000,3719.4000,3719.2000,3721.4000,3721.6000,3722.0000,3722.2000,3723.0000,2,2,4,1,2,1,2,1,1,2
SF,IF2005,2020-04-13 14:35:05.600,3721.6000,12463,0,7245933060.000,0,-,-,-,-,3720.6000,3720.2000,3720.0000,3719.4000,3719.2000,3721.4000,3721.6000,3722.2000,3723.0000,3723.2000,2,2,4,1,2,1,2,1,2,2
SF,IF2005,2020-04-13 14:35:08.100,3721.6000,12463,0,7245933060.000,0,-,-,-,-,3720.8000,3720.6000,3720.2000,3720.0000,3719.4000,3721.4000,3721.6000,3722.2000,3723.0000,3723.2000,1,2,2,4,1,1,2,1,2,2
SF,IF2005,2020-04-13 14:35:09.600,3720.8000,12463,0,7247049300.000,1,0,1,空换,B,3720.6000,3720.2000,3720.0000,3719.4000,3719.2000,3721.4000,3721.6000,3722.2000,3723.0000,3723.2000,2,2,4,1,2,1,2,1,2,2
SF,IF2005,2020-04-13 14:35:11.600,3720.6000,12464,1,7248165480.000,1,1,0,双开,B,3720.6000,3720.2000,3720.0000,3719.4000,3719.2000,3721.4000,3721.6000,3722.2000,3723.0000,3723.2000,1,2,4,1,2,1,2,1,2,2
SF,IF2005,2020-04-13 14:35:12.100,3720.6000,12464,0,7248165480.000,0,-,-,-,-,3720.6000,3720.2000,3720.0000,3719.4000,3719.2000,3721.4000,3721.6000,3722.2000,3723.0000,3723.2000,1,2,4,1,2,2,2,1,2,2
SF,IF2005,2020-04-13 14:35:12.600,3720.6000,12464,0,7248165480.000,0,-,-,-,-,3720.6000,3720.2000,3720.0000,3719.4000,3719.2000,3721.2000,3721.4000,3722.2000,3723.0000,3723.2000,1,2,4,1,2,2,1,1,2,2
SF,IF2005,2020-04-13 14:35:13.100,3720.6000,12464,0,7248165480.000,0,-,-,-,-,3720.6000,3720.2000,3720.0000,3719.4000,3719.2000,3721.4000,3722.2000,3723.0000,3723.2000,3724.6000,1,2,4,1,2,1,1,2,2,1
SF,IF2005,2020-04-13 14:35:13.600,3720.6000,12464,0,7248165480.000,0,-,-,-,-,3720.6000,3720.2000,3720.0000,3719.4000,3719.2000,3721.4000,3721.8000,3722.2000,3723.0000,3723.2000,1,2,4,1,2,1,1,1,2,2
SF,IF2005,2020-04-13 14:35:14.600,3720.6000,12465,1,7249281660.000,1,1,0,双开,B,3720.2000,3720.0000,3719.4000,3719.2000,3719.0000,3721.4000,3721.8000,3722.2000,3723.0000,3723.2000,2,4,1,2,1,1,1,1,2,2
SF,IF2005,2020-04-13 14:35:15.100,3720.6000,12465,0,7249281660.000,0,-,-,-,-,3720.4000,3720.2000,3720.0000,3719.4000,3719.2000,3721.4000,3721.8000,3722.2000,3723.0000,3723.2000,7,2,4,1,2,1,1,1,2,2
SF,IF2005,2020-04-13 14:35:17.100,3720.6000,12465,0,7249281660.000,0,-,-,-,-,3720.6000,3720.4000,3720.2000,3720.0000,3719.4000,3721.4000,3721.8000,3722.2000,3723.0000,3723.2000,1,7,2,4,1,1,1,1,2,2
SF,IF2005,2020-04-13 14:35:18.100,3720.6000,12465,0,7249281660.000,0,-,-,-,-,3720.6000,3720.4000,3720.2000,3720.0000,3719.4000,3721.4000,3721.8000,3722.2000,3723.0000,3723.2000,1,7,2,4,1,1,1,1,2,2
SF,IF2005,2020-04-13 14:35:20.100,3721.4000,12466,1,7250398080.000,1,1,0,双开,B,3720.6000,3720.4000,3720.2000,3720.0000,3719.4000,3721.8000,3722.2000,3723.0000,3723.2000,3724.6000,1,7,2,4,1,1,1,2,2,1
SF,IF2005,2020-04-13 14:35:20.600,3721.4000,12466,0,7250398080.000,0,-,-,-,-,3720.6000,3720.4000,3720.2000,3720.0000,3719.4000,3722.2000,3723.0000,3723.2000,3724.6000,3724.8000,1,7,2,4,1,1,2,2,1,1
SF,IF2005,2020-04-13 14:35:21.100,3721.4000,12466,0,7250398080.000,0,-,-,-,-,3720.8000,3720.6000,3720.4000,3720.2000,3720.0000,3722.0000,3722.2000,3723.0000,3723.2000,3724.6000,1,1,7,2,4,3,2,2,2,1
SF,IF2005,2020-04-13 14:35:21.600,3721.4000,12466,0,7250398080.000,0,-,-,-,-,3720.8000,3720.6000,3720.4000,3720.2000,3720.0000,3721.8000,3722.0000,3722.2000,3723.0000,3723.2000,1,1,7,2,4,3,3,2,2,2
SF,IF2005,2020-04-13 14:35:22.100,3721.4000,12466,0,7250398080.000,0,-,-,-,-,3720.6000,3720.4000,3720.2000,3720.0000,3719.4000,3721.8000,3722.0000,3722.2000,3723.0000,3723.2000,1,7,2,4,1,3,3,2,2,2
SF,IF2005,2020-04-13 14:35:22.600,3721.4000,12466,0,7250398080.000,0,-,-,-,-,3720.8000,3720.6000,3720.4000,3720.2000,3720.0000,3721.8000,3722.0000,3722.2000,3723.0000,3723.2000,2,1,5,2,4,2,3,2,2,2
SF,IF2005,2020-04-13 14:35:23.600,3721.4000,12466,0,7250398080.000,0,-,-,-,-,3721.4000,3720.8000,3720.6000,3720.4000,3720.2000,3721.8000,3722.0000,3722.2000,3723.0000,3723.2000,1,2,1,5,2,2,3,2,2,2
SF,IF2005,2020-04-13 14:35:24.100,3721.4000,12466,0,7251514500.000,1,0,1,空换,B,3720.8000,3720.6000,3720.4000,3720.2000,3720.0000,3721.6000,3721.8000,3722.0000,3722.2000,3723.0000,2,1,5,2,4,1,2,3,2,2
SF,IF2005,2020-04-13 14:35:26.600,3721.4000,12466,0,7251514500.000,0,-,-,-,-,3720.8000,3720.6000,3720.4000,3720.2000,3720.0000,3721.0000,3721.6000,3721.8000,3722.0000,3722.2000,2,1,5,2,4,5,1,2,3,2
SF,IF2005,2020-04-13 14:35:27.100,3721.4000,12466,0,7251514500.000,0,-,-,-,-,3720.6000,3720.4000,3720.2000,3720.0000,3719.4000,3721.0000,3721.6000,3721.8000,3722.0000,3722.2000,1,5,2,4,1,5,1,2,2,2
SF,IF2005,2020-04-13 14:35:27.600,3721.4000,12466,0,7251514500.000,0,-,-,-,-,3720.6000,3720.4000,3720.2000,3720.0000,3719.4000,3721.0000,3721.6000,3721.8000,3722.0000,3722.2000,1,5,2,4,1,5,1,2,1,2
SF,IF2005,2020-04-13 14:35:28.100,3721.4000,12466,0,7251514500.000,0,-,-,-,-,3720.6000,3720.4000,3720.2000,3720.0000,3719.4000,3721.0000,3721.6000,3721.8000,3722.0000,3722.2000,1,5,2,4,1,5,1,2,1,2
SF,IF2005,2020-04-13 14:35:29.100,3721.4000,12466,0,7251514500.000,0,-,-,-,-,3720.6000,3720.4000,3720.2000,3720.0000,3719.4000,3721.0000,3721.6000,3721.8000,3722.0000,3722.2000,1,5,2,4,1,5,1,2,1,2
SF,IF2005,2020-04-13 14:35:32.100,3721.4000,12466,0,7251514500.000,0,-,-,-,-,3720.6000,3720.4000,3720.2000,3720.0000,3719.4000,3721.0000,3721.6000,3721.8000,3722.2000,3723.0000,1,5,2,4,1,5,1,2,2,2
SF,IF2005,2020-04-13 14:35:34.100,3721.4000,12466,0,7251514500.000,0,-,-,-,-,3720.6000,3720.4000,3720.2000,3720.0000,3719.4000,3721.0000,3721.6000,3721.8000,3722.2000,3723.0000,1,5,2,4,1,5,1,2,1,2
SF,IF2005,2020-04-13 14:35:34.600,3721.4000,12466,0,7251514500.000,0,-,-,-,-,3720.6000,3720.4000,3720.2000,3720.0000,3719.4000,3721.0000,3721.6000,3721.8000,3722.2000,3723.0000,1,5,2,4,1,5,1,2,1,2
SF,IF2005,2020-04-13 14:35:35.100,3721.4000,12466,0,7251514500.000,0,-,-,-,-,3720.6000,3720.4000,3720.2000,3720.0000,3719.4000,3721.0000,3721.6000,3721.8000,3722.2000,3723.0000,1,5,2,4,1,5,1,2,1,2
SF,IF2005,2020-04-13 14:35:35.600,3721.0000,12467,1,7252630800.000,1,1,0,双开,B,3720.6000,3720.4000,3720.2000,3720.0000,3719.4000,3721.0000,3721.6000,3721.8000,3722.2000,3723.0000,1,5,2,4,1,5,1,2,1,2
SF,IF2005,2020-04-13 14:35:36.100,3721.0000,12467,0,7252630800.000,0,-,-,-,-,3720.6000,3720.4000,3720.2000,3720.0000,3719.4000,3721.0000,3721.6000,3721.8000,3722.2000,3723.0000,1,5,2,4,1,4,1,2,1,2
SF,IF2005,2020-04-13 14:35:36.600,3721.0000,12467,0,7252630800.000,0,-,-,-,-,3720.6000,3720.4000,3720.2000,3720.0000,3719.4000,3721.0000,3721.6000,3721.8000,3722.2000,3723.0000,1,5,2,4,1,4,1,2,1,2
SF,IF2005,2020-04-13 14:35:37.100,3721.0000,12467,0,7252630800.000,0,-,-,-,-,3720.6000,3720.4000,3720.2000,3720.0000,3719.4000,3721.0000,3721.6000,3721.8000,3722.2000,3723.0000,1,5,2,4,1,4,1,2,1,2
SF,IF2005,2020-04-13 14:35:38.100,3721.0000,12467,0,7252630800.000,0,-,-,-,-,3720.6000,3720.4000,3720.2000,3720.0000,3719.4000,3721.0000,3721.6000,3721.8000,3722.2000,3723.0000,1,5,2,4,1,4,1,2,1,2
SF,IF2005,2020-04-13 14:35:38.600,3721.0000,12467,0,7252630800.000,0,-,-,-,-,3720.6000,3720.4000,3720.2000,3720.0000,3719.4000,3721.0000,3721.6000,3721.8000,3722.2000,3723.0000,1,5,2,4,1,4,1,2,1,2
SF,IF2005,2020-04-13 14:35:39.100,3721.0000,12467,0,7252630800.000,0,-,-,-,-,3720.6000,3720.4000,3720.2000,3720.0000,3719.4000,3721.0000,3721.6000,3721.8000,3722.2000,3723.0000,1,5,2,4,1,5,1,2,1,2
SF,IF2005,2020-04-13 14:35:40.100,3721.0000,12467,0,7252630800.000,0,-,-,-,-,3720.6000,3720.4000,3720.2000,3720.0000,3719.4000,3721.0000,3721.6000,3721.8000,3722.2000,3723.0000,1,5,2,4,1,4,1,2,1,2
SF,IF2005,2020-04-13 14:35:40.600,3721.0000,12467,0,7252630800.000,0,-,-,-,-,3720.6000,3720.4000,3720.2000,3720.0000,3719.4000,3721.0000,3721.6000,3721.8000,3722.2000,3723.0000,1,2,2,4,1,5,1,2,3,2
SF,IF2005,2020-04-13 14:35:41.100,3721.0000,12467,0,7252630800.000,0,-,-,-,-,3720.6000,3720.4000,3720.2000,3720.0000,3719.4000,3721.0000,3721.6000,3721.8000,3722.2000,3723.0000,1,2,2,4,1,4,1,2,3,2
SF,IF2005,2020-04-13 14:35:41.600,3721.0000,12467,0,7252630800.000,0,-,-,-,-,3720.6000,3720.4000,3720.2000,3720.0000,3719.4000,3721.0000,3721.6000,3721.8000,3722.2000,3723.0000,1,2,2,4,1,5,1,2,3,2
SF,IF2005,2020-04-13 14:35:42.600,3721.0000,12468,1,7255979700.000,3,2,1,多开,B,3720.8000,3720.6000,3720.4000,3720.2000,3720.0000,3721.0000,3721.6000,3721.8000,3722.2000,3723.0000,2,1,1,2,4,1,1,2,3,2
SF,IF2005,2020-04-13 14:35:43.100,3721.0000,12469,1,7258212300.000,2,1,1,多开,B,3720.8000,3720.6000,3720.4000,3720.2000,3720.0000,3721.6000,3721.8000,3722.2000,3723.0000,3723.2000,2,1,1,2,4,1,2,1,2,2
SF,IF2005,2020-04-13 14:35:45.100,3721.0000,12469,0,7258212300.000,0,-,-,-,-,3721.0000,3720.8000,3720.6000,3720.2000,3720.0000,3721.6000,3721.8000,3722.2000,3723.0000,3723.2000,1,2,1,2,4,1,2,1,2,2
SF,IF2005,2020-04-13 14:35:45.600,3721.0000,12469,0,7258212300.000,0,-,-,-,-,3721.2000,3721.0000,3720.6000,3720.2000,3720.0000,3721.6000,3721.8000,3722.2000,3723.0000,3723.2000,2,2,1,2,4,1,2,1,2,2
SF,IF2005,2020-04-13 14:35:47.600,3721.0000,12469,0,7258212300.000,0,-,-,-,-,3721.0000,3720.6000,3720.2000,3720.0000,3719.4000,3721.6000,3721.8000,3722.2000,3723.0000,3723.2000,2,1,2,4,1,1,2,1,2,2
SF,IF2005,2020-04-13 14:35:48.100,3721.0000,12469,0,7258212300.000,0,-,-,-,-,3720.6000,3720.2000,3720.0000,3719.4000,3719.2000,3721.6000,3721.8000,3722.2000,3723.0000,3723.2000,1,2,4,1,1,1,2,1,2,2
SF,IF2005,2020-04-13 14:35:48.600,3721.0000,12469,0,7258212300.000,0,-,-,-,-,3720.8000,3720.6000,3720.2000,3720.0000,3719.4000,3721.4000,3721.6000,3723.0000,3723.2000,3724.6000,3,1,2,4,1,2,1,2,2,1
SF,IF2005,2020-04-13 14:35:49.100,3721.0000,12469,0,7258212300.000,0,-,-,-,-,3720.8000,3720.6000,3720.2000,3720.0000,3719.4000,3721.4000,3721.6000,3723.0000,3723.2000,3724.6000,2,1,2,4,1,2,1,2,2,1
SF,IF2005,2020-04-13 14:35:51.100,3721.0000,12469,0,7258212300.000,0,-,-,-,-,3720.8000,3720.6000,3720.2000,3720.0000,3719.4000,3721.0000,3721.4000,3721.6000,3723.0000,3723.2000,2,1,2,4,1,1,2,1,2,2
SF,IF2005,2020-04-13 14:35:54.600,3721.0000,12469,0,7258212300.000,0,-,-,-,-,3720.8000,3720.6000,3720.2000,3720.0000,3719.4000,3721.0000,3721.4000,3721.6000,3723.0000,3723.2000,2,1,2,4,1,5,2,1,2,2
SF,IF2005,2020-04-13 14:35:57.600,3721.0000,12470,1,7259328600.000,1,1,0,双开,B,3720.8000,3720.6000,3720.2000,3720.0000,3719.4000,3721.0000,3721.4000,3721.6000,3723.0000,3723.2000,2,1,2,4,1,4,2,1,2,2
SF,IF2005,2020-04-13 14:36:03.100,3721.0000,12471,1,7260444900.000,1,1,0,双开,B,3720.8000,3720.6000,3720.2000,3720.0000,3719.4000,3721.0000,3721.4000,3721.6000,3723.0000,3723.2000,2,1,2,4,1,3,2,1,2,2
SF,IF2005,2020-04-13 14:36:03.600,3721.0000,12474,3,7263793800.000,3,3,0,双开,B,3720.8000,3720.6000,3720.2000,3720.0000,3719.4000,3721.4000,3721.6000,3723.0000,3723.2000,3724.6000,2,1,2,4,1,2,1,2,2,1
SF,IF2005,2020-04-13 14:36:04.100,3721.6000,12474,0,7264910280.000,1,0,1,空换,B,3721.0000,3720.8000,3720.6000,3720.2000,3720.0000,3723.0000,3723.2000,3724.6000,3724.8000,3725.8000,3,2,1,2,4,2,2,1,1,1
SF,IF2005,2020-04-13 14:36:04.600,3721.6000,12474,0,7264910280.000,0,-,-,-,-,3721.4000,3721.2000,3721.0000,3720.6000,3720.2000,3722.4000,3722.8000,3723.0000,3723.2000,3724.6000,1,4,3,1,2,1,2,2,2,1
SF,IF2005,2020-04-13 14:36:05.100,3721.6000,12474,0,7264910280.000,0,-,-,-,-,3721.6000,3721.4000,3721.2000,3721.0000,3720.6000,3722.6000,3722.8000,3723.0000,3723.2000,3724.6000,2,3,5,1,1,1,2,2,2,1
SF,IF2005,2020-04-13 14:36:05.600,3722.6000,12474,0,7266027060.000,1,0,1,空换,B,3721.8000,3721.6000,3721.4000,3721.2000,3720.6000,3723.0000,3724.6000,3724.8000,3725.8000,3726.0000,1,5,3,2,1,1,1,1,1,1
SF,IF2005,2020-04-13 14:36:06.100,3722.6000,12474,0,7266027060.000,0,-,-,-,-,3722.2000,3722.0000,3721.8000,3721.4000,3721.2000,3723.0000,3723.6000,3724.6000,3724.8000,3725.8000,2,7,2,1,2,1,1,1,3,1
SF,IF2005,2020-04-13 14:36:06.600,3722.6000,12474,0,7266027060.000,0,-,-,-,-,3722.4000,3722.2000,3722.0000,3721.4000,3721.2000,3722.8000,3723.0000,3724.6000,3724.8000,3725.8000,3,3,3,1,1,1,1,1,3,1
SF,IF2005,2020-04-13 14:36:07.100,3723.0000,12474,0,7267143960.000,1,0,1,空换,B,3722.4000,3722.2000,3722.0000,3721.4000,3721.2000,3724.6000,3724.8000,3725.8000,3726.0000,3727.8000,4,1,2,1,1,1,4,1,1,1
SF,IF2005,2020-04-13 14:36:07.600,3723.0000,12474,0,7267143960.000,0,-,-,-,-,3722.6000,3722.4000,3722.0000,3721.4000,3721.2000,3724.0000,3724.2000,3724.4000,3724.6000,3724.8000,3,3,1,1,1,1,2,6,1,4
SF,IF2005,2020-04-13 14:36:08.100,3723.0000,12474,0,7267143960.000,0,-,-,-,-,3722.6000,3722.4000,3722.0000,3721.4000,3721.2000,3723.6000,3723.8000,3724.2000,3724.4000,3724.6000,2,3,1,1,1,1,2,2,6,1
SF,IF2005,2020-04-13 14:36:08.600,3723.0000,12474,0,7267143960.000,0,-,-,-,-,3722.6000,3722.4000,3722.0000,3721.4000,3721.2000,3723.4000,3723.6000,3723.8000,3724.2000,3724.4000,2,3,1,1,1,2,3,1,2,5
SF,IF2005,2020-04-13 14:36:09.100,3723.0000,12474,0,7267143960.000,0,-,-,-,-,3722.6000,3722.4000,3722.0000,3721.4000,3721.2000,3723.4000,3723.6000,3723.8000,3724.2000,3724.4000,1,2,1,1,1,1,3,1,1,5
SF,IF2005,2020-04-13 14:36:09.600,3723.0000,12474,0,7267143960.000,0,-,-,-,-,3722.6000,3722.4000,3722.0000,3721.4000,3721.2000,3723.4000,3723.6000,3723.8000,3724.2000,3724.4000,1,2,1,1,1,2,3,1,1,5
SF,IF2005,2020-04-13 14:36:10.100,3723.4000,12475,1,7268260980.000,1,1,0,双开,B,3722.6000,3722.4000,3722.0000,3721.4000,3721.2000,3723.4000,3723.6000,3723.8000,3724.2000,3724.4000,1,2,1,1,1,1,3,1,1,5
SF,IF2005,2020-04-13 14:36:10.600,3723.4000,12476,1,7269378000.000,1,1,0,双开,B,3722.8000,3722.6000,3722.4000,3722.0000,3721.4000,3723.4000,3723.6000,3723.8000,3724.2000,3724.6000,1,1,2,1,1,1,3,1,1,1
SF,IF2005,2020-04-13 14:36:11.100,3723.4000,12476,0,7269378000.000,0,-,-,-,-,3722.8000,3722.6000,3722.4000,3722.0000,3721.4000,3723.6000,3723.8000,3724.2000,3724.6000,3724.8000,1,1,2,1,1,3,1,1,1,4
SF,IF2005,2020-04-13 14:36:12.600,3723.4000,12476,0,7269378000.000,0,-,-,-,-,3722.8000,3722.6000,3722.4000,3722.0000,3721.4000,3723.6000,3723.8000,3724.6000,3724.8000,3725.8000,1,1,2,1,1,3,1,1,4,1
SF,IF2005,2020-04-13 14:36:13.600,3723.4000,12476,0,7269378000.000,0,-,-,-,-,3722.8000,3722.6000,3722.4000,3722.0000,3721.4000,3723.6000,3723.8000,3724.6000,3724.8000,3725.8000,1,1,2,1,1,2,1,1,4,1
SF,IF2005,2020-04-13 14:36:14.600,3723.4000,12476,0,7269378000.000,0,-,-,-,-,3723.0000,3722.8000,3722.6000,3722.4000,3722.0000,3723.6000,3723.8000,3724.6000,3724.8000,3725.8000,1,1,1,1,1,2,1,1,4,1
SF,IF2005,2020-04-13 14:36:15.100,3723.0000,12477,1,7270494900.000,1,1,0,双开,B,3723.0000,3722.8000,3722.0000,3721.4000,3721.2000,3723.6000,3723.8000,3724.6000,3724.8000,3725.8000,1,1,1,1,1,2,1,1,4,1
SF,IF2005,2020-04-13 14:36:16.100,3723.6000,12477,0,7271611980.000,1,0,1,空换,B,3723.0000,3722.8000,3722.0000,3721.4000,3721.2000,3723.6000,3723.8000,3724.6000,3724.8000,3725.8000,1,1,1,1,1,1,1,1,4,1
SF,IF2005,2020-04-13 14:36:16.600,3723.6000,12477,0,7271611980.000,0,-,-,-,-,3723.0000,3722.8000,3722.0000,3721.4000,3721.2000,3723.6000,3724.6000,3724.8000,3725.8000,3726.0000,1,1,1,1,1,2,1,4,1,1
SF,IF2005,2020-04-13 14:36:18.600,3723.6000,12478,1,7272729060.000,1,1,0,双开,B,3723.0000,3722.8000,3722.0000,3721.4000,3721.2000,3723.6000,3724.6000,3724.8000,3725.8000,3726.0000,1,1,1,1,1,1,1,4,1,1
SF,IF2005,2020-04-13 14:36:19.100,3723.6000,12478,0,7272729060.000,0,-,-,-,-,3723.2000,3723.0000,3721.4000,3721.2000,3720.6000,3723.6000,3724.6000,3724.8000,3725.8000,3726.0000,2,1,1,1,1,2,1,4,1,1
SF,IF2005,2020-04-13 14:36:19.600,3723.6000,12479,1,7274963220.000,2,1,1,多开,B,3723.4000,3723.2000,3723.0000,3721.4000,3721.2000,3723.6000,3724.8000,3725.8000,3726.0000,3727.8000,2,3,1,1,1,1,2,1,1,1
SF,IF2005,2020-04-13 14:36:20.100,3723.6000,12480,1,7276080300.000,1,1,0,双开,B,3723.4000,3723.2000,3723.0000,3721.4000,3721.2000,3723.6000,3724.4000,3724.8000,3725.8000,3726.0000,1,2,1,1,1,2,1,2,3,1
SF,IF2005,2020-04-13 14:36:20.600,3723.6000,12480,0,7276080300.000,0,-,-,-,-,3723.4000,3723.2000,3723.0000,3721.4000,3721.2000,3723.6000,3724.4000,3724.8000,3725.8000,3726.0000,1,2,1,1,1,2,1,2,3,1
SF,IF2005,2020-04-13 14:36:21.600,3723.6000,12482,2,7278314460.000,2,2,0,双开,B,3724.0000,3723.4000,3723.2000,3723.0000,3721.4000,3724.4000,3724.8000,3725.8000,3726.0000,3727.8000,1,1,2,1,1,1,2,3,1,1
SF,IF2005,2020-04-13 14:36:22.100,3723.6000,12482,0,7278314460.000,0,-,-,-,-,3724.0000,3723.4000,3723.2000,3723.0000,3721.4000,3724.4000,3724.8000,3725.8000,3726.0000,3727.8000,1,1,2,1,1,1,2,3,1,1
SF,IF2005,2020-04-13 14:36:22.600,3723.6000,12482,0,7278314460.000,0,-,-,-,-,3724.0000,3723.4000,3723.2000,3723.0000,3721.4000,3724.4000,3724.8000,3725.8000,3726.0000,3727.8000,1,1,2,1,1,1,2,3,1,1
SF,IF2005,2020-04-13 14:36:23.100,3723.6000,12482,0,7278314460.000,0,-,-,-,-,3724.0000,3723.2000,3723.0000,3721.4000,3720.6000,3724.4000,3724.8000,3725.8000,3726.0000,3727.8000,1,2,1,1,1,1,2,3,1,1
SF,IF2005,2020-04-13 14:36:23.600,3723.6000,12482,0,7278314460.000,0,-,-,-,-,3724.0000,3723.2000,3723.0000,3721.4000,3720.6000,3724.4000,3724.8000,3725.8000,3726.0000,3727.8000,1,2,1,1,1,2,2,3,1,1
SF,IF2005,2020-04-13 14:36:27.600,3724.4000,12483,1,7279431780.000,1,1,0,双开,B,3724.0000,3723.2000,3723.0000,3721.4000,3720.6000,3724.4000,3724.8000,3725.8000,3726.0000,3727.8000,1,2,1,1,1,1,2,1,1,1
SF,IF2005,2020-04-13 14:36:28.100,3724.4000,12484,1,7280549100.000,1,1,0,双开,B,3724.0000,3723.2000,3723.0000,3721.4000,3720.6000,3724.4000,3724.8000,3725.8000,3726.0000,3726.6000,1,2,1,1,1,2,2,1,1,2
SF,IF2005,2020-04-13 14:36:28.600,3724.4000,12484,0,7280549100.000,0,-,-,-,-,3724.0000,3723.2000,3723.0000,3721.4000,3720.6000,3724.4000,3724.8000,3725.8000,3726.0000,3726.6000,1,2,1,1,1,1,2,1,1,2
SF,IF2005,2020-04-13 14:36:29.100,3724.4000,12484,0,7280549100.000,0,-,-,-,-,3724.0000,3723.2000,3723.0000,3721.4000,3720.6000,3724.4000,3724.8000,3725.8000,3726.0000,3726.6000,1,2,1,1,1,2,2,1,1,2
SF,IF2005,2020-04-13 14:36:29.600,3724.4000,12485,1,7281666420.000,1,1,0,双开,B,3724.0000,3723.2000,3723.0000,3721.4000,3720.6000,3724.8000,3725.8000,3726.0000,3726.6000,3727.8000,1,2,1,1,1,2,1,1,2,1
SF,IF2005,2020-04-13 14:36:30.100,3724.4000,12485,0,7281666420.000,0,-,-,-,-,3724.0000,3723.2000,3723.0000,3721.4000,3720.6000,3724.8000,3725.8000,3726.0000,3726.6000,3727.8000,1,2,1,1,1,3,1,1,2,1
SF,IF2005,2020-04-13 14:36:30.600,3724.4000,12485,0,7281666420.000,0,-,-,-,-,3724.4000,3724.0000,3723.2000,3723.0000,3721.4000,3724.6000,3724.8000,3725.8000,3726.0000,3726.6000,1,1,2,1,1,1,3,1,1,2
SF,IF2005,2020-04-13 14:36:31.100,3724.4000,12487,2,7283901060.000,2,2,0,双开,B,3723.2000,3723.0000,3721.4000,3720.6000,3720.2000,3724.6000,3724.8000,3725.8000,3726.0000,3726.6000,2,1,1,1,7,1,3,1,1,2
SF,IF2005,2020-04-13 14:36:31.600,3724.4000,12487,0,7283901060.000,0,-,-,-,-,3723.4000,3723.2000,3721.4000,3720.6000,3720.2000,3724.4000,3724.6000,3724.8000,3725.8000,3726.0000,5,2,1,1,7,1,2,3,1,1
SF,IF2005,2020-04-13 14:36:32.100,3724.4000,12487,0,7283901060.000,0,-,-,-,-,3723.4000,3723.2000,3721.4000,3720.6000,3720.2000,3724.4000,3724.8000,3725.8000,3726.0000,3726.6000,5,2,1,1,7,4,2,1,1,2
SF,IF2005,2020-04-13 14:36:32.600,3724.4000,12487,0,7283901060.000,0,-,-,-,-,3723.4000,3723.2000,3721.4000,3720.6000,3720.2000,3724.2000,3724.4000,3724.8000,3725.8000,3726.0000,5,2,1,1,7,1,4,2,1,1
SF,IF2005,2020-04-13 14:36:33.100,3724.4000,12487,0,7283901060.000,0,-,-,-,-,3723.4000,3723.2000,3721.4000,3720.6000,3720.2000,3724.2000,3724.4000,3724.8000,3725.8000,3726.0000,5,2,1,1,7,1,4,2,1,1
SF,IF2005,2020-04-13 14:36:33.600,3724.4000,12487,0,7283901060.000,0,-,-,-,-,3723.4000,3723.2000,3721.4000,3720.6000,3720.2000,3724.2000,3724.4000,3724.8000,3725.8000,3726.0000,5,2,1,1,7,1,4,2,1,1
SF,IF2005,2020-04-13 14:36:34.100,3724.4000,12487,0,7283901060.000,0,-,-,-,-,3723.4000,3723.2000,3721.4000,3720.6000,3720.2000,3724.2000,3724.4000,3724.8000,3725.8000,3726.0000,5,2,1,1,7,1,4,2,1,1
SF,IF2005,2020-04-13 14:36:34.600,3724.4000,12487,0,7283901060.000,0,-,-,-,-,3723.4000,3723.2000,3721.4000,3720.6000,3720.2000,3724.2000,3724.4000,3724.8000,3725.8000,3726.0000,5,2,1,1,7,1,4,2,1,1
SF,IF2005,2020-04-13 14:36:35.100,3724.4000,12487,0,7283901060.000,0,-,-,-,-,3723.4000,3723.2000,3721.4000,3720.6000,3720.2000,3724.2000,3724.4000,3724.8000,3725.8000,3726.0000,4,2,1,1,7,1,4,2,1,1
SF,IF2005,2020-04-13 14:36:35.600,3724.4000,12487,0,7283901060.000,0,-,-,-,-,3723.2000,3721.4000,3720.6000,3720.2000,3720.0000,3724.0000,3724.2000,3724.4000,3724.8000,3725.8000,1,1,1,7,4,2,2,2,2,1
SF,IF2005,2020-04-13 14:36:36.100,3724.4000,12487,0,7283901060.000,0,-,-,-,-,3721.4000,3720.6000,3720.2000,3720.0000,3719.6000,3723.6000,3724.0000,3724.2000,3724.4000,3724.8000,1,1,7,4,1,1,2,1,1,2
SF,IF2005,2020-04-13 14:36:36.600,3724.4000,12487,0,7283901060.000,0,-,-,-,-,3722.2000,3722.0000,3721.8000,3721.6000,3721.4000,3723.4000,3723.6000,3724.4000,3724.8000,3725.6000,3,2,3,14,2,2,1,1,2,2
SF,IF2005,2020-04-13 14:36:37.100,3724.4000,12487,0,7283901060.000,0,-,-,-,-,3722.6000,3722.4000,3722.2000,3722.0000,3721.8000,3723.4000,3723.6000,3724.8000,3725.6000,3725.8000,1,2,2,2,5,1,1,2,2,1
SF,IF2005,2020-04-13 14:36:37.600,3724.4000,12487,0,7283901060.000,0,-,-,-,-,3722.8000,3722.6000,3722.2000,3722.0000,3721.8000,3723.4000,3723.6000,3724.8000,3725.6000,3725.8000,2,2,2,2,3,2,1,2,2,1
SF,IF2005,2020-04-13 14:36:38.100,3724.4000,12487,0,7283901060.000,0,-,-,-,-,3722.6000,3722.2000,3721.8000,3721.6000,3721.4000,3723.2000,3723.4000,3724.0000,3724.8000,3725.6000,1,2,2,7,2,1,1,1,2,2
SF,IF2005,2020-04-13 14:36:38.600,3724.4000,12487,0,7283901060.000,0,-,-,-,-,3722.2000,3721.8000,3721.6000,3721.4000,3720.6000,3723.2000,3723.4000,3724.0000,3724.8000,3725.6000,2,2,6,2,1,1,1,1,2,2
SF,IF2005,2020-04-13 14:36:39.100,3724.4000,12487,0,7283901060.000,0,-,-,-,-,3722.4000,3722.2000,3721.8000,3721.6000,3721.4000,3723.0000,3723.2000,3723.4000,3724.0000,3724.8000,4,2,1,3,2,1,1,1,1,2
SF,IF2005,2020-04-13 14:36:39.600,3724.4000,12487,0,7283901060.000,0,-,-,-,-,3722.6000,3722.4000,3722.2000,3721.8000,3721.6000,3723.2000,3724.0000,3724.8000,3725.6000,3725.8000,2,5,2,1,3,1,1,2,2,1
SF,IF2005,2020-04-13 14:36:40.100,3724.4000,12487,0,7283901060.000,0,-,-,-,-,3722.6000,3722.4000,3722.2000,3721.8000,3721.6000,3723.2000,3723.8000,3724.0000,3724.8000,3725.6000,2,4,2,1,3,1,1,1,2,2
SF,IF2005,2020-04-13 14:36:40.600,3724.4000,12487,0,7283901060.000,0,-,-,-,-,3722.6000,3722.4000,3722.2000,3721.8000,3721.6000,3723.2000,3723.8000,3724.0000,3724.8000,3725.6000,1,4,2,1,3,3,1,1,2,2
SF,IF2005,2020-04-13 14:36:41.100,3724.4000,12487,0,7283901060.000,0,-,-,-,-,3722.6000,3722.4000,3722.2000,3721.8000,3721.6000,3723.2000,3723.8000,3724.0000,3724.8000,3725.6000,1,4,2,1,3,2,1,1,2,2
SF,IF2005,2020-04-13 14:36:41.600,3724.4000,12487,0,7283901060.000,0,-,-,-,-,3723.0000,3722.4000,3722.2000,3721.6000,3721.4000,3723.2000,3723.8000,3724.0000,3724.8000,3725.6000,1,3,2,3,2,2,1,1,2,2
SF,IF2005,2020-04-13 14:36:42.100,3723.0000,12488,1,7285017960.000,1,1,0,双开,B,3722.4000,3722.2000,3721.6000,3721.4000,3720.6000,3723.2000,3723.8000,3724.0000,3724.8000,3725.6000,3,2,3,2,1,2,1,1,2,2
SF,IF2005,2020-04-13 14:36:42.600,3723.0000,12488,0,7285017960.000,0,-,-,-,-,3722.6000,3722.4000,3722.2000,3721.6000,3721.4000,3723.2000,3723.8000,3724.0000,3724.8000,3725.6000,1,3,2,3,2,2,1,1,2,2
SF,IF2005,2020-04-13 14:36:43.100,3723.0000,12488,0,7285017960.000,0,-,-,-,-,3722.6000,3722.4000,3722.2000,3721.6000,3721.4000,3723.2000,3723.8000,3724.0000,3724.8000,3725.6000,1,3,2,1,2,1,1,1,2,2
SF,IF2005,2020-04-13 14:36:43.600,3723.0000,12488,0,7285017960.000,0,-,-,-,-,3722.6000,3722.4000,3722.2000,3721.6000,3721.4000,3723.2000,3723.8000,3724.0000,3724.8000,3725.6000,1,3,2,1,2,1,1,1,2,2
SF,IF2005,2020-04-13 14:36:44.100,3723.0000,12488,0,7285017960.000,0,-,-,-,-,3722.8000,3722.6000,3722.4000,3722.2000,3721.6000,3723.2000,3723.8000,3724.0000,3724.8000,3725.6000,2,1,1,1,1,2,1,1,2,2
SF,IF2005,2020-04-13 14:36:44.600,3723.0000,12488,0,7285017960.000,0,-,-,-,-,3722.8000,3722.6000,3722.4000,3722.2000,3721.6000,3723.2000,3723.8000,3724.8000,3725.6000,3725.8000,2,1,1,1,1,1,1,2,2,1
SF,IF2005,2020-04-13 14:36:45.100,3723.0000,12488,0,7285017960.000,0,-,-,-,-,3722.8000,3722.6000,3722.4000,3721.6000,3721.4000,3723.2000,3723.8000,3724.8000,3725.6000,3725.8000,2,1,1,1,2,2,1,2,2,1
SF,IF2005,2020-04-13 14:36:45.600,3723.0000,12488,0,7285017960.000,0,-,-,-,-,3722.8000,3722.6000,3722.4000,3721.6000,3721.4000,3723.2000,3723.8000,3724.8000,3725.6000,3725.8000,2,1,1,1,2,1,1,2,2,1
SF,IF2005,2020-04-13 14:36:46.100,3723.2000,12489,1,7286134920.000,1,1,0,双开,B,3722.8000,3722.6000,3722.4000,3721.6000,3721.4000,3723.8000,3724.8000,3725.6000,3725.8000,3726.0000,2,1,1,1,2,1,2,2,1,1
SF,IF2005,2020-04-13 14:36:46.600,3723.2000,12489,0,7286134920.000,0,-,-,-,-,3722.8000,3722.6000,3722.4000,3721.6000,3721.4000,3724.8000,3725.6000,3725.8000,3726.0000,3727.8000,2,1,1,1,2,2,2,1,1,1
SF,IF2005,2020-04-13 14:36:47.100,3723.2000,12489,0,7286134920.000,0,-,-,-,-,3723.0000,3722.8000,3722.4000,3721.6000,3721.4000,3723.6000,3724.0000,3724.2000,3724.4000,3724.6000,1,2,1,1,2,1,1,1,2,7
SF,IF2005,2020-04-13 14:36:47.600,3723.2000,12489,0,7286134920.000,0,-,-,-,-,3722.8000,3722.4000,3721.6000,3721.4000,3721.2000,3723.6000,3724.0000,3724.2000,3724.4000,3724.6000,2,1,1,2,8,1,1,1,1,6
SF,IF2005,2020-04-13 14:36:48.100,3723.2000,12489,0,7286134920.000,0,-,-,-,-,3722.8000,3722.4000,3721.6000,3721.4000,3721.2000,3723.6000,3724.0000,3724.2000,3724.4000,3724.6000,2,1,1,2,8,1,1,1,1,6
SF,IF2005,2020-04-13 14:36:48.600,3723.2000,12489,0,7286134920.000,0,-,-,-,-,3722.8000,3722.4000,3721.6000,3721.4000,3721.2000,3723.6000,3724.0000,3724.2000,3724.4000,3724.6000,2,1,1,2,8,1,1,1,1,6
SF,IF2005,2020-04-13 14:36:49.100,3723.2000,12489,0,7286134920.000,0,-,-,-,-,3722.8000,3722.4000,3721.6000,3721.4000,3721.2000,3723.6000,3724.0000,3724.2000,3724.4000,3724.6000,2,1,1,2,8,1,1,1,1,6
SF,IF2005,2020-04-13 14:36:49.600,3723.2000,12489,0,7286134920.000,0,-,-,-,-,3722.8000,3722.4000,3721.6000,3721.4000,3721.2000,3723.6000,3724.0000,3724.2000,3724.4000,3724.6000,2,1,1,2,8,1,1,1,1,1
SF,IF2005,2020-04-13 14:36:50.100,3723.2000,12489,0,7286134920.000,0,-,-,-,-,3722.8000,3722.4000,3721.6000,3721.4000,3721.2000,3723.6000,3724.0000,3724.2000,3724.4000,3724.6000,2,1,1,2,8,3,1,1,1,1
SF,IF2005,2020-04-13 14:36:50.600,3723.2000,12489,0,7286134920.000,0,-,-,-,-,3722.8000,3722.4000,3721.6000,3721.4000,3721.2000,3723.6000,3724.0000,3724.2000,3724.4000,3724.6000,2,1,1,2,8,1,1,1,1,1
SF,IF2005,2020-04-13 14:36:51.100,3723.2000,12489,0,7286134920.000,0,-,-,-,-,3722.8000,3722.4000,3721.6000,3721.4000,3721.2000,3723.6000,3723.8000,3724.0000,3724.2000,3724.4000,2,1,1,2,8,2,1,1,1,1
SF,IF2005,2020-04-13 14:36:51.600,3723.2000,12489,0,7286134920.000,0,-,-,-,-,3722.8000,3722.4000,3721.6000,3721.4000,3721.2000,3723.6000,3724.0000,3724.2000,3724.8000,3725.6000,2,1,1,2,8,2,1,1,2,2
SF,IF2005,2020-04-13 14:36:52.100,3723.2000,12489,0,7286134920.000,0,-,-,-,-,3722.8000,3722.4000,3721.6000,3721.4000,3721.2000,3723.6000,3724.0000,3724.2000,3724.8000,3725.8000,2,1,1,2,8,2,1,1,2,1
SF,IF2005,2020-04-13 14:36:52.600,3723.2000,12489,0,7286134920.000,0,-,-,-,-,3722.8000,3722.4000,3721.6000,3721.4000,3721.2000,3723.6000,3724.0000,3724.2000,3724.6000,3724.8000,2,1,1,2,8,1,1,1,2,2
SF,IF2005,2020-04-13 14:36:53.100,3723.2000,12489,0,7286134920.000,0,-,-,-,-,3722.8000,3722.4000,3721.6000,3721.4000,3721.2000,3723.6000,3724.0000,3724.2000,3724.6000,3724.8000,2,1,1,2,8,3,1,1,2,2
SF,IF2005,2020-04-13 14:36:53.600,3723.2000,12489,0,7286134920.000,0,-,-,-,-,3722.8000,3722.4000,3721.6000,3721.4000,3721.2000,3723.6000,3724.0000,3724.2000,3724.6000,3724.8000,2,1,1,2,8,2,1,1,2,2
SF,IF2005,2020-04-13 14:36:54.100,3723.2000,12489,0,7286134920.000,0,-,-,-,-,3722.8000,3722.4000,3721.6000,3721.4000,3721.2000,3723.6000,3724.0000,3724.2000,3724.6000,3724.8000,2,1,1,2,8,1,1,1,2,2
SF,IF2005,2020-04-13 14:36:54.600,3723.6000,12490,1,7287252000.000,1,1,0,双开,B,3723.0000,3722.8000,3721.6000,3721.4000,3721.2000,3723.6000,3724.0000,3724.2000,3724.6000,3724.8000,1,2,1,2,8,1,1,1,2,2
SF,IF2005,2020-04-13 14:36:55.100,3723.6000,12490,0,7287252000.000,0,-,-,-,-,3723.2000,3723.0000,3722.8000,3721.6000,3721.4000,3723.6000,3724.0000,3724.2000,3724.6000,3724.8000,3,2,1,1,2,2,1,1,2,2
SF,IF2005,2020-04-13 14:36:55.600,3723.6000,12490,0,7287252000.000,0,-,-,-,-,3723.2000,3723.0000,3721.6000,3721.4000,3721.2000,3723.6000,3724.0000,3724.2000,3724.6000,3724.8000,2,2,1,2,8,1,1,1,2,2
SF,IF2005,2020-04-13 14:36:56.100,3723.6000,12490,0,7287252000.000,0,-,-,-,-,3723.2000,3723.0000,3721.6000,3721.4000,3721.2000,3723.6000,3724.0000,3724.2000,3724.6000,3724.8000,2,2,1,2,8,1,1,1,2,2
SF,IF2005,2020-04-13 14:36:56.600,3723.6000,12491,1,7288369080.000,1,1,0,双开,B,3723.2000,3723.0000,3721.6000,3721.4000,3721.2000,3723.6000,3724.0000,3724.2000,3724.6000,3724.8000,2,2,1,2,8,1,1,1,2,2
SF,IF2005,2020-04-13 14:36:57.100,3723.6000,12491,0,7288369080.000,0,-,-,-,-,3723.4000,3723.2000,3723.0000,3721.6000,3721.4000,3723.6000,3724.0000,3724.2000,3724.6000,3724.8000,1,2,1,1,2,2,1,1,2,2
SF,IF2005,2020-04-13 14:36:57.600,3723.6000,12491,0,7288369080.000,0,-,-,-,-,3723.4000,3723.2000,3723.0000,3721.6000,3721.4000,3724.0000,3724.2000,3724.6000,3724.8000,3725.8000,1,2,1,1,2,1,1,2,2,1
SF,IF2005,2020-04-13 14:36:58.100,3723.6000,12492,1,7289486160.000,1,1,0,双开,B,3723.4000,3723.2000,3723.0000,3721.6000,3721.4000,3724.0000,3724.2000,3724.6000,3724.8000,3725.8000,1,2,1,1,2,2,1,2,2,1
SF,IF2005,2020-04-13 14:36:59.600,3723.6000,12492,0,7289486160.000,0,-,-,-,-,3723.4000,3723.2000,3723.0000,3721.6000,3721.4000,3724.0000,3724.2000,3724.6000,3724.8000,3725.0000,1,2,1,1,2,2,1,2,2,1
SF,IF2005,2020-04-13 14:37:00.100,3723.6000,12492,0,7289486160.000,0,-,-,-,-,3723.4000,3723.2000,3723.0000,3721.6000,3721.4000,3724.2000,3724.6000,3724.8000,3725.0000,3725.8000,1,2,1,1,2,1,2,2,1,1
SF,IF2005,2020-04-13 14:37:00.600,3723.6000,12492,0,7289486160.000,0,-,-,-,-,3723.4000,3723.2000,3723.0000,3721.6000,3721.4000,3724.0000,3724.2000,3724.6000,3724.8000,3725.0000,1,2,1,1,2,1,1,2,2,1
SF,IF2005,2020-04-13 14:37:01.600,3723.6000,12492,0,7289486160.000,0,-,-,-,-,3723.8000,3723.6000,3723.4000,3721.6000,3721.4000,3724.0000,3724.6000,3724.8000,3725.0000,3725.8000,2,3,1,1,2,1,2,2,1,1
SF,IF2005,2020-04-13 14:37:02.100,3723.6000,12492,0,7289486160.000,0,-,-,-,-,3723.6000,3723.4000,3721.6000,3721.4000,3721.2000,3724.2000,3724.6000,3724.8000,3725.0000,3725.8000,1,1,1,2,8,1,2,2,1,1
SF,IF2005,2020-04-13 14:37:04.100,3723.6000,12492,0,7289486160.000,0,-,-,-,-,3723.6000,3723.4000,3721.6000,3721.4000,3721.2000,3724.2000,3724.8000,3725.0000,3725.6000,3725.8000,1,1,1,2,8,1,2,1,2,1
SF,IF2005,2020-04-13 14:37:04.600,3723.6000,12492,0,7289486160.000,0,-,-,-,-,3723.6000,3723.4000,3721.6000,3721.4000,3721.2000,3724.2000,3724.8000,3725.6000,3725.8000,3726.0000,1,1,1,2,8,1,2,2,1,1
SF,IF2005,2020-04-13 14:37:05.100,3724.0000,12493,1,7290603360.000,1,1,0,双开,B,3723.6000,3723.4000,3721.6000,3721.4000,3721.2000,3724.2000,3724.8000,3725.6000,3725.8000,3726.0000,1,1,1,2,8,1,2,2,1,1
SF,IF2005,2020-04-13 14:37:07.100,3724.0000,12493,0,7290603360.000,0,-,-,-,-,3723.4000,3721.6000,3721.4000,3721.2000,3720.6000,3724.2000,3724.8000,3725.6000,3725.8000,3726.0000,1,1,2,8,10,1,2,2,1,1
SF,IF2005,2020-04-13 14:37:07.600,3724.0000,12493,0,7290603360.000,0,-,-,-,-,3723.6000,3723.4000,3721.6000,3721.4000,3721.2000,3724.2000,3724.8000,3725.6000,3725.8000,3726.0000,1,1,1,2,8,1,2,2,1,1
SF,IF2005,2020-04-13 14:37:08.600,3724.0000,12493,0,7290603360.000,0,-,-,-,-,3723.6000,3723.4000,3721.6000,3721.4000,3721.2000,3724.2000,3724.8000,3725.6000,3725.8000,3726.0000,1,1,1,2,8,1,2,2,1,1
SF,IF2005,2020-04-13 14:37:09.100,3724.0000,12493,0,7290603360.000,0,-,-,-,-,3723.6000,3721.6000,3721.4000,3721.2000,3720.6000,3724.2000,3724.8000,3725.6000,3725.8000,3726.0000,1,1,2,8,10,1,2,2,1,1
SF,IF2005,2020-04-13 14:37:09.600,3724.0000,12493,0,7290603360.000,0,-,-,-,-,3721.6000,3721.4000,3721.2000,3720.6000,3720.4000,3724.2000,3724.8000,3725.6000,3725.8000,3726.0000,1,2,8,10,1,1,2,2,1,1
SF,IF2005,2020-04-13 14:37:10.100,3724.0000,12493,0,7290603360.000,0,-,-,-,-,3722.8000,3722.6000,3722.4000,3722.2000,3722.0000,3724.2000,3724.8000,3725.0000,3725.6000,3725.8000,1,3,2,2,3,1,2,5,2,1
SF,IF2005,2020-04-13 14:37:10.600,3724.0000,12493,0,7290603360.000,0,-,-,-,-,3723.0000,3722.8000,3722.6000,3722.4000,3722.2000,3724.0000,3724.2000,3724.8000,3725.0000,3725.6000,2,1,3,2,2,1,1,2,5,2
SF,IF2005,2020-04-13 14:37:11.100,3724.0000,12493,0,7290603360.000,0,-,-,-,-,3723.0000,3722.8000,3722.6000,3722.4000,3722.2000,3724.0000,3724.2000,3724.8000,3725.0000,3725.6000,3,1,2,2,2,1,1,2,5,2
SF,IF2005,2020-04-13 14:37:11.600,3724.0000,12493,0,7290603360.000,0,-,-,-,-,3723.2000,3723.0000,3722.8000,3722.6000,3722.4000,3724.0000,3724.2000,3724.8000,3725.0000,3725.6000,2,3,1,2,2,2,1,2,5,2
SF,IF2005,2020-04-13 14:37:12.100,3724.0000,12493,0,7290603360.000,0,-,-,-,-,3723.2000,3723.0000,3722.8000,3722.6000,3722.4000,3724.0000,3724.2000,3724.8000,3725.0000,3725.6000,2,3,1,1,2,2,1,2,5,2
SF,IF2005,2020-04-13 14:37:12.600,3724.0000,12493,0,7290603360.000,0,-,-,-,-,3723.6000,3723.4000,3723.2000,3722.6000,3722.4000,3724.0000,3724.2000,3724.8000,3725.0000,3725.6000,2,4,2,1,2,1,1,2,5,2
SF,IF2005,2020-04-13 14:37:13.100,3724.0000,12493,0,7290603360.000,0,-,-,-,-,3723.6000,3723.4000,3723.2000,3722.4000,3722.2000,3724.0000,3724.8000,3725.0000,3725.6000,3725.8000,1,4,2,2,2,1,2,5,2,1
SF,IF2005,2020-04-13 14:37:13.600,3724.0000,12493,0,7290603360.000,0,-,-,-,-,3723.6000,3723.4000,3723.2000,3722.4000,3722.2000,3724.0000,3724.4000,3724.8000,3725.0000,3725.6000,1,4,2,2,2,1,1,2,5,2
SF,IF2005,2020-04-13 14:37:16.100,3724.0000,12493,0,7290603360.000,0,-,-,-,-,3723.4000,3723.2000,3722.4000,3722.2000,3722.0000,3724.0000,3724.4000,3724.8000,3725.0000,3725.6000,2,2,2,2,3,1,1,1,5,2
SF,IF2005,2020-04-13 14:37:16.600,3724.0000,12493,0,7290603360.000,0,-,-,-,-,3723.4000,3723.2000,3722.4000,3722.2000,3722.0000,3724.0000,3724.4000,3724.8000,3725.0000,3725.6000,1,2,2,2,3,1,1,1,5,2
SF,IF2005,2020-04-13 14:37:18.100,3724.0000,12493,0,7290603360.000,0,-,-,-,-,3723.4000,3723.2000,3722.4000,3722.2000,3722.0000,3723.8000,3724.0000,3724.4000,3724.8000,3725.0000,1,2,2,2,3,1,1,1,1,5
SF,IF2005,2020-04-13 14:37:19.100,3723.8000,12494,1,7291720500.000,1,1,0,双开,B,3723.8000,3723.4000,3723.2000,3722.4000,3722.2000,3724.0000,3724.4000,3724.8000,3725.0000,3725.6000,3,1,2,2,2,1,1,1,5,2
SF,IF2005,2020-04-13 14:37:19.600,3723.8000,12497,3,7295071920.000,3,3,0,双开,B,3723.4000,3723.2000,3722.4000,3722.2000,3722.0000,3724.0000,3724.4000,3724.8000,3725.0000,3725.6000,1,2,2,2,3,1,1,1,5,2
SF,IF2005,2020-04-13 14:37:20.100,3723.8000,12497,0,7295071920.000,0,-,-,-,-,3723.2000,3722.4000,3722.2000,3722.0000,3721.8000,3724.0000,3724.4000,3724.8000,3725.0000,3725.6000,2,2,2,3,3,1,1,1,5,2
SF,IF2005,2020-04-13 14:37:20.600,3724.0000,12498,1,7296189120.000,1,1,0,双开,B,3723.2000,3722.4000,3722.2000,3722.0000,3721.8000,3724.4000,3724.8000,3725.0000,3725.6000,3725.8000,2,2,2,3,3,1,1,5,2,1
SF,IF2005,2020-04-13 14:37:21.100,3724.0000,12498,0,7296189120.000,0,-,-,-,-,3723.4000,3723.2000,3722.4000,3722.2000,3722.0000,3724.4000,3724.8000,3725.0000,3725.6000,3725.8000,1,2,2,2,3,1,1,5,2,1
SF,IF2005,2020-04-13 14:37:21.600,3724.0000,12498,0,7296189120.000,0,-,-,-,-,3723.4000,3723.2000,3722.4000,3722.2000,3722.0000,3724.2000,3724.4000,3724.8000,3725.0000,3725.6000,1,2,2,2,3,1,1,1,5,2
SF,IF2005,2020-04-13 14:37:22.100,3724.0000,12498,0,7296189120.000,0,-,-,-,-,3724.0000,3723.4000,3723.2000,3722.4000,3722.2000,3724.2000,3724.4000,3724.8000,3725.0000,3725.6000,1,1,2,2,2,1,1,1,5,2
SF,IF2005,2020-04-13 14:37:22.600,3724.0000,12498,0,7296189120.000,0,-,-,-,-,3724.0000,3723.4000,3723.2000,3722.4000,3722.2000,3724.4000,3724.8000,3725.0000,3725.6000,3725.8000,1,1,2,2,2,1,1,5,2,1
SF,IF2005,2020-04-13 14:37:23.100,3724.0000,12498,0,7296189120.000,0,-,-,-,-,3724.0000,3723.4000,3723.2000,3722.4000,3722.2000,3724.4000,3724.8000,3725.0000,3725.6000,3725.8000,1,1,2,2,2,1,1,6,2,1
SF,IF2005,2020-04-13 14:37:24.100,3724.0000,12498,0,7297306320.000,1,0,1,空换,B,3723.4000,3723.2000,3722.4000,3722.2000,3722.0000,3724.0000,3724.4000,3724.6000,3724.8000,3725.0000,1,2,2,2,3,5,1,2,1,6
SF,IF2005,2020-04-13 14:37:24.600,3724.0000,12498,0,7297306320.000,0,-,-,-,-,3722.4000,3722.2000,3722.0000,3721.8000,3721.6000,3724.0000,3724.2000,3724.4000,3724.6000,3724.8000,2,1,2,3,1,5,2,1,2,1
SF,IF2005,2020-04-13 14:37:25.100,3724.0000,12498,0,7297306320.000,0,-,-,-,-,3722.6000,3722.4000,3722.2000,3722.0000,3721.8000,3724.0000,3724.2000,3724.6000,3724.8000,3725.0000,6,2,1,2,3,5,2,2,1,6
SF,IF2005,2020-04-13 14:37:25.600,3724.0000,12498,0,7297306320.000,0,-,-,-,-,3722.6000,3722.4000,3721.8000,3721.6000,3721.4000,3723.8000,3724.0000,3724.2000,3724.6000,3724.8000,6,1,3,1,2,2,5,2,2,1
SF,IF2005,2020-04-13 14:37:26.100,3724.0000,12498,0,7297306320.000,0,-,-,-,-,3722.6000,3722.4000,3721.8000,3721.6000,3721.4000,3723.8000,3724.0000,3724.2000,3724.6000,3724.8000,6,1,3,1,2,1,5,1,2,1
SF,IF2005,2020-04-13 14:37:26.600,3724.0000,12498,0,7297306320.000,0,-,-,-,-,3722.6000,3721.8000,3721.6000,3721.4000,3721.2000,3723.8000,3724.0000,3724.2000,3724.6000,3724.8000,7,3,1,2,8,2,5,1,2,1
SF,IF2005,2020-04-13 14:37:27.100,3724.0000,12498,0,7297306320.000,0,-,-,-,-,3722.6000,3721.8000,3721.6000,3721.4000,3721.2000,3723.8000,3724.0000,3724.2000,3724.6000,3724.8000,7,3,1,2,8,1,5,1,2,1
SF,IF2005,2020-04-13 14:37:27.600,3724.0000,12498,0,7297306320.000,0,-,-,-,-,3722.6000,3721.8000,3721.6000,3721.4000,3721.2000,3723.6000,3723.8000,3724.0000,3724.2000,3724.6000,7,3,1,2,8,1,1,5,1,2
SF,IF2005,2020-04-13 14:37:29.100,3724.0000,12498,0,7297306320.000,0,-,-,-,-,3723.0000,3722.8000,3722.6000,3721.8000,3721.6000,3723.6000,3723.8000,3724.0000,3724.2000,3724.6000,2,4,6,3,1,1,1,5,1,2
SF,IF2005,2020-04-13 14:37:29.600,3724.0000,12498,0,7297306320.000,0,-,-,-,-,3723.2000,3723.0000,3722.8000,3722.6000,3721.8000,3723.8000,3724.0000,3724.2000,3724.6000,3724.8000,1,2,4,5,3,1,5,1,2,1
SF,IF2005,2020-04-13 14:37:30.100,3724.0000,12498,0,7297306320.000,0,-,-,-,-,3723.2000,3723.0000,3722.8000,3722.6000,3721.8000,3723.8000,3724.0000,3724.2000,3724.6000,3724.8000,1,2,4,4,3,2,5,1,2,1
SF,IF2005,2020-04-13 14:37:30.600,3724.0000,12498,0,7297306320.000,0,-,-,-,-,3723.2000,3723.0000,3722.8000,3722.6000,3721.8000,3723.8000,3724.0000,3724.2000,3724.6000,3724.8000,1,2,4,3,3,1,5,1,2,1
SF,IF2005,2020-04-13 14:37:31.100,3724.0000,12498,0,7297306320.000,0,-,-,-,-,3723.2000,3723.0000,3722.8000,3722.6000,3721.8000,3724.0000,3724.2000,3724.6000,3724.8000,3725.0000,1,2,4,3,3,5,1,2,1,6
SF,IF2005,2020-04-13 14:37:31.600,3724.0000,12498,0,7297306320.000,0,-,-,-,-,3723.2000,3723.0000,3722.8000,3722.6000,3721.8000,3724.0000,3724.2000,3724.6000,3724.8000,3725.0000,1,1,4,3,3,5,1,2,1,6
SF,IF2005,2020-04-13 14:37:32.600,3724.0000,12498,0,7297306320.000,0,-,-,-,-,3723.6000,3723.2000,3723.0000,3722.8000,3722.6000,3724.0000,3724.2000,3724.6000,3724.8000,3725.0000,1,1,1,4,3,5,1,2,1,6
SF,IF2005,2020-04-13 14:37:33.600,3724.0000,12498,0,7297306320.000,0,-,-,-,-,3723.6000,3723.0000,3722.8000,3722.6000,3721.8000,3724.0000,3724.2000,3724.6000,3724.8000,3725.0000,1,1,4,3,3,5,1,2,1,6
SF,IF2005,2020-04-13 14:37:35.100,3723.6000,12499,1,7298423400.000,1,1,0,双开,B,3723.0000,3722.8000,3722.6000,3721.8000,3721.6000,3724.0000,3724.2000,3724.6000,3724.8000,3725.0000,1,4,2,3,1,5,1,2,1,6
SF,IF2005,2020-04-13 14:37:35.600,3723.6000,12499,0,7298423400.000,0,-,-,-,-,3723.0000,3722.8000,3722.6000,3721.8000,3721.6000,3723.8000,3724.0000,3724.2000,3724.6000,3724.8000,1,4,2,3,1,2,5,1,2,1
SF,IF2005,2020-04-13 14:37:36.100,3723.6000,12499,0,7298423400.000,0,-,-,-,-,3723.0000,3722.8000,3722.6000,3721.8000,3721.6000,3723.8000,3724.0000,3724.2000,3724.6000,3724.8000,1,4,2,3,1,1,5,1,2,1
SF,IF2005,2020-04-13 14:37:36.600,3723.6000,12499,0,7298423400.000,0,-,-,-,-,3723.0000,3722.8000,3722.6000,3721.8000,3721.6000,3723.8000,3724.0000,3724.2000,3724.6000,3724.8000,1,4,2,3,1,2,5,1,2,1
SF,IF2005,2020-04-13 14:37:37.100,3723.6000,12499,0,7298423400.000,0,-,-,-,-,3723.0000,3722.8000,3722.6000,3721.8000,3721.6000,3723.8000,3724.0000,3724.2000,3724.6000,3724.8000,1,4,2,3,1,2,5,1,2,1
SF,IF2005,2020-04-13 14:37:38.100,3723.6000,12499,0,7298423400.000,0,-,-,-,-,3722.6000,3721.8000,3721.6000,3721.4000,3721.2000,3723.8000,3724.0000,3724.2000,3724.6000,3724.8000,1,1,1,2,8,2,5,1,2,1
SF,IF2005,2020-04-13 14:37:38.600,3723.6000,12499,0,7298423400.000,0,-,-,-,-,3722.8000,3722.6000,3721.8000,3721.6000,3721.4000,3723.6000,3723.8000,3724.0000,3724.2000,3724.6000,1,1,1,1,2,1,1,5,1,2
SF,IF2005,2020-04-13 14:37:39.100,3723.6000,12499,0,7298423400.000,0,-,-,-,-,3722.8000,3722.6000,3721.8000,3721.6000,3721.4000,3723.6000,3723.8000,3724.0000,3724.2000,3724.6000,1,2,1,1,2,1,1,5,1,2
SF,IF2005,2020-04-13 14:37:39.600,3723.6000,12499,0,7298423400.000,0,-,-,-,-,3722.8000,3722.6000,3721.8000,3721.6000,3721.4000,3723.6000,3723.8000,3724.0000,3724.2000,3724.6000,1,1,1,1,2,1,1,5,1,2
SF,IF2005,2020-04-13 14:37:40.100,3723.6000,12499,0,7298423400.000,0,-,-,-,-,3722.6000,3721.8000,3721.6000,3721.4000,3721.2000,3723.6000,3723.8000,3724.0000,3724.2000,3724.6000,1,1,1,2,8,1,1,5,1,2
SF,IF2005,2020-04-13 14:37:40.600,3723.6000,12499,0,7298423400.000,0,-,-,-,-,3722.8000,3722.6000,3721.8000,3721.6000,3721.4000,3723.6000,3723.8000,3724.0000,3724.2000,3724.6000,2,1,1,1,2,1,1,5,1,2
SF,IF2005,2020-04-13 14:37:41.100,3723.6000,12499,0,7298423400.000,0,-,-,-,-,3722.8000,3722.6000,3721.8000,3721.6000,3721.4000,3723.6000,3723.8000,3724.0000,3724.2000,3724.6000,2,1,1,1,2,1,1,5,1,2
SF,IF2005,2020-04-13 14:37:41.600,3723.6000,12499,0,7298423400.000,0,-,-,-,-,3722.6000,3721.8000,3721.6000,3721.4000,3721.2000,3723.6000,3723.8000,3724.0000,3724.2000,3724.6000,1,1,1,2,8,1,1,5,1,2
SF,IF2005,2020-04-13 14:37:42.100,3723.6000,12499,0,7298423400.000,0,-,-,-,-,3722.8000,3722.6000,3721.8000,3721.6000,3721.4000,3723.6000,3723.8000,3724.0000,3724.2000,3724.6000,5,1,1,1,2,1,1,5,1,2
SF,IF2005,2020-04-13 14:37:42.600,3723.6000,12499,0,7298423400.000,0,-,-,-,-,3722.8000,3722.6000,3721.8000,3721.6000,3721.4000,3723.6000,3723.8000,3724.0000,3724.2000,3724.6000,4,1,1,1,2,1,1,5,1,2
SF,IF2005,2020-04-13 14:37:43.100,3722.8000,12500,1,7299540240.000,1,1,0,双开,B,3722.8000,3722.6000,3721.8000,3721.6000,3721.4000,3723.6000,3723.8000,3724.0000,3724.2000,3724.6000,2,1,1,1,2,2,1,5,1,2
SF,IF2005,2020-04-13 14:37:43.600,3722.8000,12500,0,7299540240.000,0,-,-,-,-,3722.8000,3722.6000,3721.8000,3721.6000,3721.4000,3723.4000,3723.6000,3724.0000,3724.2000,3724.6000,1,1,1,1,2,2,1,5,1,2
SF,IF2005,2020-04-13 14:37:44.100,3722.8000,12500,0,7299540240.000,0,-,-,-,-,3722.8000,3722.6000,3721.8000,3721.6000,3721.4000,3723.4000,3724.0000,3724.2000,3724.6000,3724.8000,1,1,1,1,2,2,5,1,2,1
SF,IF2005,2020-04-13 14:37:44.600,3723.4000,12501,1,7300657260.000,1,1,0,双开,B,3722.8000,3722.6000,3721.8000,3721.6000,3721.4000,3723.4000,3724.0000,3724.2000,3724.6000,3724.8000,1,1,1,1,2,1,5,1,2,1
SF,IF2005,2020-04-13 14:37:45.100,3723.4000,12501,0,7300657260.000,0,-,-,-,-,3722.8000,3722.6000,3721.8000,3721.6000,3721.4000,3724.0000,3724.2000,3724.6000,3724.8000,3725.0000,1,1,1,1,2,5,1,2,1,6
SF,IF2005,2020-04-13 14:37:45.600,3723.4000,12501,0,7300657260.000,0,-,-,-,-,3722.8000,3722.6000,3721.8000,3721.6000,3721.4000,3723.8000,3724.0000,3724.2000,3724.6000,3724.8000,1,1,1,1,2,3,5,1,2,1
SF,IF2005,2020-04-13 14:37:46.100,3723.4000,12501,0,7300657260.000,0,-,-,-,-,3723.0000,3722.8000,3722.6000,3721.8000,3721.6000,3723.8000,3724.0000,3724.2000,3724.6000,3724.8000,2,1,1,1,1,2,5,1,2,1
SF,IF2005,2020-04-13 14:37:46.600,3723.4000,12501,0,7300657260.000,0,-,-,-,-,3723.0000,3722.8000,3722.6000,3721.8000,3721.6000,3723.8000,3724.0000,3724.2000,3724.6000,3724.8000,2,1,1,1,1,2,5,1,2,1
SF,IF2005,2020-04-13 14:37:47.100,3723.4000,12501,0,7300657260.000,0,-,-,-,-,3723.0000,3722.8000,3722.6000,3721.8000,3721.6000,3723.8000,3724.0000,3724.2000,3724.6000,3724.8000,2,1,1,1,1,2,5,1,2,1
SF,IF2005,2020-04-13 14:37:47.600,3723.4000,12501,0,7300657260.000,0,-,-,-,-,3723.0000,3722.8000,3722.6000,3721.8000,3721.6000,3723.8000,3724.0000,3724.2000,3724.6000,3724.8000,2,1,1,1,1,3,5,1,2,1
SF,IF2005,2020-04-13 14:37:48.100,3723.4000,12501,0,7300657260.000,0,-,-,-,-,3723.0000,3722.8000,3722.6000,3721.8000,3721.6000,3723.6000,3723.8000,3724.0000,3724.2000,3724.6000,2,1,1,1,1,1,2,5,1,2
SF,IF2005,2020-04-13 14:37:48.600,3723.4000,12501,0,7300657260.000,0,-,-,-,-,3723.0000,3722.8000,3722.6000,3721.8000,3721.6000,3723.6000,3723.8000,3724.0000,3724.2000,3724.6000,2,1,1,1,1,1,2,5,1,2
SF,IF2005,2020-04-13 14:37:49.100,3723.4000,12501,0,7300657260.000,0,-,-,-,-,3723.2000,3723.0000,3722.6000,3721.8000,3721.6000,3723.6000,3723.8000,3724.0000,3724.2000,3724.6000,1,2,1,1,1,1,2,5,1,2
SF,IF2005,2020-04-13 14:37:49.600,3723.4000,12501,0,7300657260.000,0,-,-,-,-,3723.2000,3723.0000,3722.6000,3721.8000,3721.6000,3723.6000,3723.8000,3724.0000,3724.2000,3724.6000,1,2,1,1,1,1,2,5,1,2
SF,IF2005,2020-04-13 14:37:50.100,3723.4000,12501,0,7300657260.000,0,-,-,-,-,3723.2000,3723.0000,3722.6000,3721.8000,3721.6000,3723.6000,3724.0000,3724.2000,3724.6000,3724.8000,1,2,1,1,1,1,5,1,2,1
SF,IF2005,2020-04-13 14:37:50.600,3723.4000,12501,0,7300657260.000,0,-,-,-,-,3723.2000,3723.0000,3722.6000,3721.8000,3721.6000,3724.0000,3724.2000,3724.6000,3724.8000,3725.0000,1,2,1,1,1,5,1,2,1,6
SF,IF2005,2020-04-13 14:37:51.100,3723.4000,12501,0,7300657260.000,0,-,-,-,-,3723.2000,3723.0000,3722.6000,3721.8000,3721.6000,3723.8000,3724.0000,3724.2000,3724.6000,3724.8000,1,2,1,1,1,3,6,1,2,1
SF,IF2005,2020-04-13 14:37:51.600,3723.4000,12501,0,7300657260.000,0,-,-,-,-,3723.0000,3722.6000,3721.8000,3721.6000,3721.4000,3723.8000,3724.0000,3724.2000,3724.6000,3724.8000,2,1,1,1,2,2,5,1,2,1
SF,IF2005,2020-04-13 14:37:52.100,3723.4000,12501,0,7300657260.000,0,-,-,-,-,3723.0000,3722.6000,3721.8000,3721.6000,3721.4000,3723.6000,3723.8000,3724.0000,3724.2000,3724.6000,2,1,1,1,2,1,2,5,1,2
SF,IF2005,2020-04-13 14:37:52.600,3723.4000,12501,0,7300657260.000,0,-,-,-,-,3723.0000,3722.6000,3721.8000,3721.6000,3721.4000,3723.6000,3723.8000,3724.0000,3724.2000,3724.6000,2,1,1,1,2,1,3,5,1,2
SF,IF2005,2020-04-13 14:37:53.100,3723.4000,12501,0,7300657260.000,0,-,-,-,-,3723.0000,3722.6000,3721.8000,3721.6000,3721.4000,3723.6000,3723.8000,3724.0000,3724.2000,3724.6000,2,1,1,1,2,1,3,5,1,2
SF,IF2005,2020-04-13 14:37:53.600,3723.4000,12501,0,7300657260.000,0,-,-,-,-,3723.4000,3723.2000,3723.0000,3722.6000,3721.8000,3723.6000,3723.8000,3724.0000,3724.2000,3724.6000,2,3,2,1,1,2,1,5,1,2
SF,IF2005,2020-04-13 14:37:54.100,3723.4000,12501,0,7300657260.000,0,-,-,-,-,3723.2000,3723.0000,3722.6000,3721.8000,3721.6000,3723.6000,3723.8000,3724.0000,3724.2000,3724.6000,1,2,1,1,1,1,1,5,1,2
SF,IF2005,2020-04-13 14:37:54.600,3723.6000,12502,1,7301774340.000,1,1,0,双开,B,3723.2000,3723.0000,3722.6000,3721.8000,3721.6000,3723.6000,3723.8000,3724.0000,3724.6000,3724.8000,1,2,1,1,1,1,1,5,2,1
SF,IF2005,2020-04-13 14:37:57.600,3723.6000,12503,1,7302891420.000,1,1,0,双开,B,3723.2000,3723.0000,3722.6000,3721.8000,3721.6000,3723.8000,3724.0000,3724.6000,3724.8000,3725.0000,1,2,1,1,1,1,5,2,1,6
SF,IF2005,2020-04-13 14:38:01.600,3723.6000,12503,0,7302891420.000,0,-,-,-,-,3723.2000,3723.0000,3722.6000,3721.8000,3721.6000,3723.8000,3724.0000,3724.6000,3724.8000,3725.0000,1,2,1,1,1,1,5,2,1,6
SF,IF2005,2020-04-13 14:38:02.100,3723.6000,12503,0,7302891420.000,0,-,-,-,-,3723.4000,3723.2000,3723.0000,3722.6000,3721.8000,3723.8000,3724.0000,3724.6000,3724.8000,3725.0000,1,2,2,1,1,1,5,2,1,6
SF,IF2005,2020-04-13 14:38:02.600,3723.6000,12503,0,7302891420.000,0,-,-,-,-,3723.6000,3723.0000,3722.6000,3721.8000,3721.6000,3723.8000,3724.0000,3724.6000,3724.8000,3725.0000,1,2,1,1,1,1,5,2,1,6
SF,IF2005,2020-04-13 14:38:03.100,3723.6000,12503,0,7302891420.000,0,-,-,-,-,3723.6000,3723.0000,3722.6000,3721.8000,3721.6000,3723.8000,3724.0000,3724.6000,3724.8000,3725.0000,1,2,1,1,1,2,5,2,1,6
SF,IF2005,2020-04-13 14:38:04.600,3723.6000,12503,0,7302891420.000,0,-,-,-,-,3723.0000,3722.6000,3721.8000,3721.6000,3721.4000,3723.8000,3724.0000,3724.6000,3724.8000,3725.0000,2,1,1,1,2,2,5,2,1,6
SF,IF2005,2020-04-13 14:38:05.100,3723.6000,12503,0,7302891420.000,0,-,-,-,-,3723.0000,3722.6000,3721.8000,3721.6000,3721.4000,3723.8000,3724.0000,3724.6000,3724.8000,3725.0000,2,1,1,1,2,1,5,2,1,6
SF,IF2005,2020-04-13 14:38:05.600,3723.6000,12503,0,7302891420.000,0,-,-,-,-,3723.0000,3722.6000,3721.8000,3721.6000,3721.4000,3723.6000,3723.8000,3724.0000,3724.6000,3724.8000,2,1,1,1,2,1,1,5,2,1
SF,IF2005,2020-04-13 14:38:06.600,3723.6000,12503,0,7302891420.000,0,-,-,-,-,3723.2000,3723.0000,3722.6000,3721.8000,3721.6000,3723.6000,3723.8000,3724.0000,3724.6000,3724.8000,1,3,1,1,1,1,1,5,2,1
SF,IF2005,2020-04-13 14:38:07.100,3723.8000,12505,2,7305125640.000,2,2,0,双开,B,3723.4000,3723.2000,3723.0000,3722.6000,3721.8000,3724.0000,3724.6000,3724.8000,3725.0000,3725.8000,2,3,2,1,1,5,2,1,6,1
SF,IF2005,2020-04-13 14:38:07.600,3723.8000,12505,0,7305125640.000,0,-,-,-,-,3723.4000,3723.2000,3723.0000,3722.6000,3721.8000,3724.0000,3724.6000,3724.8000,3725.0000,3725.8000,1,3,2,1,1,5,2,1,6,1
SF,IF2005,2020-04-13 14:38:08.600,3723.8000,12505,0,7305125640.000,0,-,-,-,-,3723.4000,3723.2000,3723.0000,3722.6000,3721.8000,3724.0000,3724.6000,3724.8000,3725.0000,3725.8000,2,2,2,1,1,5,2,1,6,1
SF,IF2005,2020-04-13 14:38:09.100,3723.8000,12505,0,7305125640.000,0,-,-,-,-,3723.4000,3723.2000,3723.0000,3722.6000,3721.8000,3724.0000,3724.6000,3724.8000,3725.0000,3725.8000,1,2,2,1,1,5,2,1,6,1
SF,IF2005,2020-04-13 14:38:09.600,3723.8000,12505,0,7305125640.000,0,-,-,-,-,3723.2000,3723.0000,3722.6000,3721.8000,3721.6000,3724.0000,3724.6000,3725.0000,3725.8000,3726.0000,1,2,1,1,1,5,2,6,1,1
SF,IF2005,2020-04-13 14:38:11.100,3723.8000,12505,0,7305125640.000,0,-,-,-,-,3723.0000,3722.6000,3721.8000,3721.6000,3721.4000,3724.0000,3724.6000,3725.0000,3725.8000,3726.0000,2,1,1,1,2,5,2,6,1,1
SF,IF2005,2020-04-13 14:38:11.600,3723.8000,12505,0,7305125640.000,0,-,-,-,-,3723.0000,3722.6000,3721.8000,3721.6000,3721.4000,3723.8000,3724.0000,3724.6000,3725.0000,3725.8000,2,1,1,1,2,2,5,2,6,1
SF,IF2005,2020-04-13 14:38:12.100,3723.8000,12505,0,7305125640.000,0,-,-,-,-,3723.0000,3722.6000,3721.8000,3721.6000,3721.4000,3723.6000,3723.8000,3724.0000,3724.6000,3725.0000,3,1,1,1,2,1,2,5,2,6
SF,IF2005,2020-04-13 14:38:21.600,3723.6000,12506,1,7306242720.000,1,1,0,双开,B,3723.2000,3723.0000,3722.6000,3721.8000,3721.6000,3723.6000,3723.8000,3724.0000,3724.6000,3725.0000,1,3,1,1,1,1,2,5,2,6
SF,IF2005,2020-04-13 14:38:22.100,3723.6000,12506,0,7306242720.000,0,-,-,-,-,3723.2000,3723.0000,3722.6000,3721.8000,3721.6000,3723.6000,3724.0000,3724.6000,3725.0000,3725.8000,1,3,1,1,1,1,5,2,6,1
SF,IF2005,2020-04-13 14:38:22.600,3723.6000,12506,0,7306242720.000,0,-,-,-,-,3723.2000,3723.0000,3722.6000,3721.8000,3721.6000,3724.0000,3724.6000,3725.0000,3725.8000,3726.0000,1,3,1,1,1,5,2,6,1,1
SF,IF2005,2020-04-13 14:38:27.100,3723.6000,12506,0,7306242720.000,0,-,-,-,-,3723.0000,3722.6000,3721.8000,3721.6000,3721.4000,3724.0000,3724.6000,3725.0000,3725.8000,3726.0000,2,1,1,1,2,5,3,6,1,1
SF,IF2005,2020-04-13 14:38:27.600,3723.6000,12506,0,7306242720.000,0,-,-,-,-,3722.6000,3721.8000,3721.6000,3721.4000,3721.2000,3723.8000,3724.0000,3724.6000,3725.0000,3725.8000,1,1,1,2,8,3,5,3,6,1
SF,IF2005,2020-04-13 14:38:28.100,3723.6000,12506,0,7306242720.000,0,-,-,-,-,3722.8000,3722.6000,3721.8000,3721.6000,3721.4000,3723.8000,3724.0000,3724.6000,3725.0000,3725.8000,1,1,1,1,2,2,5,3,6,1
SF,IF2005,2020-04-13 14:38:28.600,3723.6000,12506,0,7306242720.000,0,-,-,-,-,3722.8000,3722.6000,3721.8000,3721.6000,3721.4000,3723.8000,3724.0000,3724.6000,3725.0000,3725.8000,2,2,1,1,2,2,5,3,6,1
SF,IF2005,2020-04-13 14:38:29.100,3723.6000,12506,0,7306242720.000,0,-,-,-,-,3722.8000,3722.6000,3721.8000,3721.6000,3721.4000,3723.8000,3724.0000,3724.6000,3725.0000,3725.8000,2,2,1,1,2,2,5,3,6,1
SF,IF2005,2020-04-13 14:38:30.100,3723.6000,12506,0,7306242720.000,0,-,-,-,-,3723.0000,3722.8000,3722.6000,3721.8000,3721.6000,3723.8000,3724.0000,3724.6000,3725.0000,3725.8000,1,2,1,1,1,2,5,3,6,1
SF,IF2005,2020-04-13 14:38:30.600,3723.6000,12506,0,7306242720.000,0,-,-,-,-,3722.8000,3722.6000,3721.8000,3721.6000,3721.4000,3723.8000,3724.0000,3724.6000,3725.0000,3725.8000,2,1,1,1,2,2,5,3,6,1
SF,IF2005,2020-04-13 14:38:31.100,3723.6000,12506,0,7306242720.000,0,-,-,-,-,3723.0000,3722.8000,3722.6000,3721.8000,3721.6000,3723.8000,3724.0000,3724.6000,3725.0000,3725.8000,3,2,1,1,1,2,5,3,6,1
SF,IF2005,2020-04-13 14:38:32.600,3723.6000,12506,0,7306242720.000,0,-,-,-,-,3723.0000,3722.8000,3722.6000,3721.8000,3721.6000,3723.8000,3724.0000,3724.6000,3725.0000,3725.8000,3,2,1,1,1,2,9,3,6,1
SF,IF2005,2020-04-13 14:38:33.100,3723.6000,12506,0,7306242720.000,0,-,-,-,-,3723.0000,3722.8000,3722.6000,3721.8000,3721.6000,3723.8000,3724.0000,3724.6000,3725.0000,3725.8000,1,2,1,1,1,2,9,3,6,1
SF,IF2005,2020-04-13 14:38:33.600,3723.0000,12506,0,7307359620.000,1,0,1,空换,B,3723.0000,3722.8000,3722.6000,3721.8000,3721.6000,3723.6000,3723.8000,3724.0000,3724.6000,3725.0000,1,2,1,1,1,1,2,9,3,6
SF,IF2005,2020-04-13 14:38:37.600,3723.0000,12506,0,7307359620.000,0,-,-,-,-,3723.0000,3722.8000,3722.6000,3721.8000,3721.6000,3723.6000,3723.8000,3724.0000,3724.6000,3725.0000,1,2,1,1,1,1,2,9,3,6
SF,IF2005,2020-04-13 14:38:38.100,3723.0000,12506,0,7308476520.000,1,0,1,空换,B,3723.0000,3722.8000,3722.6000,3721.6000,3721.4000,3723.6000,3723.8000,3724.0000,3724.6000,3725.0000,1,2,1,1,2,1,2,9,3,6
SF,IF2005,2020-04-13 14:38:38.600,3723.0000,12506,0,7308476520.000,0,-,-,-,-,3723.0000,3722.8000,3722.6000,3721.6000,3721.4000,3723.6000,3723.8000,3724.0000,3724.6000,3725.0000,1,2,1,1,2,1,2,9,3,6
SF,IF2005,2020-04-13 14:38:39.100,3723.0000,12506,0,7308476520.000,0,-,-,-,-,3722.6000,3721.6000,3721.4000,3721.2000,3720.8000,3723.6000,3723.8000,3724.0000,3724.6000,3725.0000,1,1,2,8,1,2,2,9,3,6
SF,IF2005,2020-04-13 14:38:39.600,3723.0000,12506,0,7308476520.000,0,-,-,-,-,3721.6000,3721.4000,3721.2000,3720.8000,3720.6000,3723.4000,3723.6000,3724.0000,3724.6000,3725.0000,1,2,8,1,5,2,1,9,3,6
SF,IF2005,2020-04-13 14:38:40.100,3723.0000,12506,0,7308476520.000,0,-,-,-,-,3722.2000,3722.0000,3721.8000,3721.6000,3721.4000,3723.4000,3723.6000,3724.0000,3724.6000,3725.0000,3,1,5,1,2,2,1,9,3,6
SF,IF2005,2020-04-13 14:38:40.600,3723.0000,12506,0,7308476520.000,0,-,-,-,-,3722.4000,3722.2000,3722.0000,3721.8000,3721.6000,3723.4000,3724.0000,3724.6000,3725.0000,3725.8000,4,3,2,6,1,2,9,3,6,1
SF,IF2005,2020-04-13 14:38:41.100,3723.0000,12506,0,7308476520.000,0,-,-,-,-,3722.4000,3722.2000,3722.0000,3721.8000,3721.6000,3723.4000,3724.0000,3724.6000,3725.0000,3725.8000,4,3,2,6,1,2,9,3,6,1
SF,IF2005,2020-04-13 14:38:41.600,3723.0000,12506,0,7308476520.000,0,-,-,-,-,3722.6000,3722.4000,3722.2000,3722.0000,3721.8000,3723.4000,3724.0000,3724.6000,3725.0000,3725.8000,2,5,3,2,3,3,9,3,6,1
SF,IF2005,2020-04-13 14:38:42.100,3723.0000,12506,0,7308476520.000,0,-,-,-,-,3722.6000,3722.4000,3722.2000,3722.0000,3721.8000,3723.4000,3724.0000,3724.6000,3725.0000,3725.8000,2,5,3,2,3,2,9,3,6,1
SF,IF2005,2020-04-13 14:38:42.600,3723.4000,12507,1,7309593540.000,1,1,0,双开,B,3722.6000,3722.4000,3722.2000,3722.0000,3721.8000,3723.4000,3724.0000,3724.6000,3725.0000,3725.8000,2,5,3,2,3,1,9,3,6,1
SF,IF2005,2020-04-13 14:38:43.100,3723.4000,12508,1,7310710560.000,1,1,0,双开,B,3722.6000,3722.4000,3722.2000,3722.0000,3721.8000,3724.0000,3724.6000,3725.0000,3725.8000,3726.0000,2,5,3,2,3,9,3,6,1,1
SF,IF2005,2020-04-13 14:38:43.600,3723.4000,12508,0,7310710560.000,0,-,-,-,-,3722.8000,3722.6000,3722.4000,3722.2000,3722.0000,3723.8000,3724.0000,3724.6000,3725.0000,3725.8000,3,2,2,3,2,4,9,3,6,1
SF,IF2005,2020-04-13 14:38:44.100,3723.4000,12508,0,7310710560.000,0,-,-,-,-,3723.4000,3722.8000,3722.6000,3722.4000,3722.2000,3723.8000,3724.0000,3724.6000,3725.0000,3725.8000,3,4,1,1,1,2,9,3,6,1
SF,IF2005,2020-04-13 14:38:44.600,3723.4000,12508,0,7310710560.000,0,-,-,-,-,3723.4000,3722.8000,3722.6000,3722.4000,3722.2000,3723.8000,3724.0000,3724.6000,3725.0000,3725.8000,3,4,1,1,1,2,9,3,6,1
SF,IF2005,2020-04-13 14:38:45.100,3723.4000,12508,0,7310710560.000,0,-,-,-,-,3723.4000,3722.8000,3722.6000,3722.4000,3721.8000,3723.8000,3724.0000,3724.6000,3725.0000,3725.8000,3,4,1,1,3,2,9,3,6,1
SF,IF2005,2020-04-13 14:38:46.100,3723.4000,12508,0,7311827580.000,1,0,1,空换,B,3723.4000,3722.8000,3722.6000,3722.4000,3721.8000,3723.8000,3724.0000,3724.6000,3725.0000,3725.8000,2,4,1,1,3,2,9,3,6,1
SF,IF2005,2020-04-13 14:38:46.600,3723.4000,12508,0,7312944600.000,1,0,1,空换,B,3723.4000,3722.8000,3722.6000,3722.4000,3721.8000,3723.8000,3724.0000,3724.6000,3725.0000,3725.8000,1,4,1,1,3,2,9,3,6,1
SF,IF2005,2020-04-13 14:38:48.600,3723.4000,12508,0,7312944600.000,0,-,-,-,-,3723.4000,3722.8000,3722.6000,3722.4000,3721.8000,3723.8000,3724.0000,3724.6000,3725.0000,3725.8000,1,4,1,1,3,2,14,3,6,1
SF,IF2005,2020-04-13 14:38:49.600,3723.4000,12508,0,7312944600.000,0,-,-,-,-,3723.4000,3722.8000,3722.6000,3722.4000,3721.8000,3723.8000,3724.0000,3724.6000,3725.0000,3725.8000,1,4,1,1,3,1,14,3,6,1
SF,IF2005,2020-04-13 14:38:50.100,3723.4000,12508,0,7312944600.000,0,-,-,-,-,3723.4000,3722.8000,3722.6000,3722.4000,3721.8000,3724.0000,3724.6000,3725.0000,3725.8000,3726.0000,1,4,1,1,3,14,3,6,2,1
SF,IF2005,2020-04-13 14:38:50.600,3723.4000,12508,0,7312944600.000,0,-,-,-,-,3723.8000,3723.4000,3722.8000,3722.6000,3722.4000,3724.0000,3724.6000,3725.0000,3725.8000,3726.0000,1,1,4,1,1,14,3,6,2,1
SF,IF2005,2020-04-13 14:38:51.600,3723.8000,12509,1,7314061740.000,1,1,0,双开,B,3723.4000,3722.8000,3722.6000,3722.4000,3721.8000,3724.0000,3724.6000,3725.0000,3725.8000,3726.0000,1,4,1,1,3,14,3,6,2,1
SF,IF2005,2020-04-13 14:38:53.600,3723.8000,12509,0,7314061740.000,0,-,-,-,-,3723.6000,3723.4000,3722.8000,3722.6000,3722.4000,3724.0000,3724.6000,3725.0000,3725.8000,3726.0000,1,1,4,1,1,14,3,6,2,1
SF,IF2005,2020-04-13 14:38:55.100,3723.8000,12509,0,7314061740.000,0,-,-,-,-,3723.6000,3723.4000,3722.8000,3722.6000,3722.4000,3724.0000,3724.6000,3725.0000,3725.8000,3726.0000,1,1,4,1,1,14,3,6,2,1
SF,IF2005,2020-04-13 14:38:56.100,3723.8000,12509,0,7314061740.000,0,-,-,-,-,3723.6000,3723.4000,3722.8000,3722.6000,3722.4000,3724.0000,3724.6000,3725.0000,3725.8000,3726.0000,1,1,4,1,1,14,3,6,2,1
SF,IF2005,2020-04-13 14:38:57.100,3723.8000,12509,0,7314061740.000,0,-,-,-,-,3723.6000,3723.4000,3722.8000,3722.6000,3722.4000,3724.0000,3724.6000,3725.0000,3725.8000,3726.0000,1,1,4,1,1,14,3,6,2,1
SF,IF2005,2020-04-13 14:39:00.600,3724.0000,12510,1,7315178940.000,1,1,0,双开,B,3723.6000,3723.4000,3722.8000,3722.6000,3722.4000,3724.0000,3724.6000,3725.0000,3725.8000,3726.0000,1,1,4,1,1,13,3,6,2,1
SF,IF2005,2020-04-13 14:39:02.100,3723.6000,12511,1,7316296020.000,1,1,0,双开,B,3723.4000,3722.8000,3722.6000,3722.4000,3721.8000,3724.0000,3724.6000,3725.0000,3725.8000,3726.0000,1,4,1,1,3,13,3,6,2,1
SF,IF2005,2020-04-13 14:39:04.100,3723.4000,12510,-1,7317413040.000,1,0,1,双平,B,3723.4000,3722.8000,3722.6000,3722.4000,3721.8000,3724.0000,3724.6000,3725.0000,3725.8000,3726.0000,3,4,1,1,3,13,3,6,2,1
SF,IF2005,2020-04-13 14:39:06.100,3723.4000,12510,0,7317413040.000,0,-,-,-,-,3723.4000,3722.8000,3722.6000,3722.4000,3721.8000,3724.0000,3724.6000,3725.0000,3725.8000,3726.0000,3,4,1,1,3,13,3,6,2,1
SF,IF2005,2020-04-13 14:39:06.600,3723.4000,12510,0,7317413040.000,0,-,-,-,-,3723.4000,3722.8000,3722.6000,3722.4000,3721.8000,3724.0000,3724.6000,3725.0000,3725.8000,3726.0000,3,4,1,1,3,13,3,6,2,1
SF,IF2005,2020-04-13 14:39:07.600,3723.4000,12510,0,7317413040.000,0,-,-,-,-,3723.4000,3722.8000,3722.6000,3722.4000,3721.8000,3724.0000,3724.6000,3725.0000,3725.8000,3726.0000,4,3,1,1,3,13,3,6,2,1
SF,IF2005,2020-04-13 14:39:08.100,3724.0000,12510,0,7318530240.000,1,0,1,空换,B,3723.4000,3722.8000,3722.6000,3722.4000,3721.8000,3724.0000,3724.6000,3725.0000,3725.8000,3726.0000,3,3,1,1,3,12,3,6,2,1
SF,IF2005,2020-04-13 14:39:10.100,3724.0000,12510,0,7318530240.000,0,-,-,-,-,3723.4000,3722.8000,3722.6000,3722.4000,3721.8000,3724.0000,3724.6000,3725.0000,3725.8000,3726.0000,3,3,1,1,3,12,3,5,2,1
SF,IF2005,2020-04-13 14:39:10.600,3724.0000,12511,1,7319647440.000,1,1,0,双开,B,3723.4000,3722.8000,3722.6000,3722.4000,3721.8000,3724.0000,3724.6000,3725.0000,3725.8000,3726.0000,3,3,1,1,3,11,3,5,2,1
SF,IF2005,2020-04-13 14:39:16.100,3723.4000,12512,1,7320764460.000,1,1,0,双开,B,3723.4000,3722.8000,3722.6000,3722.4000,3721.8000,3724.0000,3724.6000,3725.0000,3725.8000,3726.0000,2,3,1,1,3,11,3,5,2,1
SF,IF2005,2020-04-13 14:39:16.600,3723.4000,12513,1,7321881480.000,1,1,0,双开,B,3723.4000,3722.8000,3722.6000,3722.4000,3721.8000,3724.0000,3724.6000,3725.0000,3725.8000,3726.0000,1,3,1,1,3,11,3,5,2,1
SF,IF2005,2020-04-13 14:39:17.100,3723.4000,12513,0,7321881480.000,0,-,-,-,-,3723.6000,3723.4000,3722.8000,3722.6000,3722.4000,3724.0000,3724.6000,3725.0000,3725.8000,3726.0000,1,1,3,1,1,11,3,5,2,1
SF,IF2005,2020-04-13 14:39:17.600,3723.6000,12514,1,7322998560.000,1,1,0,双开,B,3723.4000,3722.8000,3722.6000,3722.4000,3721.8000,3724.0000,3724.6000,3725.0000,3725.8000,3726.0000,1,3,1,1,3,11,3,5,2,1
SF,IF2005,2020-04-13 14:39:19.100,3723.6000,12514,0,7322998560.000,0,-,-,-,-,3723.6000,3723.4000,3722.8000,3722.6000,3722.4000,3724.0000,3724.6000,3725.0000,3725.8000,3726.0000,1,1,3,1,1,11,3,5,2,1
SF,IF2005,2020-04-13 14:39:21.600,3723.6000,12514,0,7322998560.000,0,-,-,-,-,3723.4000,3722.8000,3722.6000,3722.4000,3721.8000,3724.0000,3724.6000,3725.0000,3725.8000,3726.0000,1,3,1,1,3,11,3,5,2,1
SF,IF2005,2020-04-13 14:39:22.100,3723.4000,12515,1,7324115580.000,1,1,0,双开,B,3722.8000,3722.6000,3722.4000,3721.8000,3721.6000,3724.0000,3724.6000,3725.0000,3725.8000,3726.0000,3,1,1,3,1,11,3,5,2,1
SF,IF2005,2020-04-13 14:39:22.600,3723.4000,12515,0,7324115580.000,0,-,-,-,-,3723.0000,3722.8000,3721.8000,3721.6000,3721.4000,3723.8000,3724.0000,3724.6000,3725.0000,3725.8000,2,3,3,1,2,2,11,3,5,2
SF,IF2005,2020-04-13 14:39:23.100,3723.0000,12516,1,7325232480.000,1,1,0,双开,B,3723.0000,3722.8000,3721.8000,3721.6000,3721.4000,3723.8000,3724.0000,3724.6000,3725.0000,3725.8000,2,4,3,1,2,2,11,3,5,2
SF,IF2005,2020-04-13 14:39:23.600,3724.0000,12517,1,7326349680.000,1,1,0,双开,B,3723.2000,3723.0000,3722.8000,3721.8000,3721.6000,3724.0000,3724.6000,3725.0000,3725.8000,3726.0000,1,2,4,3,1,10,3,5,2,1
SF,IF2005,2020-04-13 14:39:25.100,3724.0000,12517,0,7326349680.000,0,-,-,-,-,3723.2000,3723.0000,3722.8000,3721.8000,3721.6000,3724.0000,3724.6000,3725.0000,3725.8000,3726.0000,2,1,4,3,1,10,3,5,2,1
SF,IF2005,2020-04-13 14:39:25.600,3724.0000,12517,0,7326349680.000,0,-,-,-,-,3723.2000,3723.0000,3722.8000,3721.8000,3721.6000,3724.0000,3724.6000,3725.0000,3725.8000,3726.0000,2,1,4,3,1,10,3,5,2,1
SF,IF2005,2020-04-13 14:39:26.100,3724.0000,12517,0,7326349680.000,0,-,-,-,-,3723.2000,3723.0000,3722.8000,3721.8000,3721.6000,3724.0000,3724.6000,3725.0000,3725.8000,3726.0000,2,1,4,3,1,15,3,5,2,1
SF,IF2005,2020-04-13 14:39:26.600,3724.0000,12517,0,7326349680.000,0,-,-,-,-,3723.2000,3723.0000,3722.8000,3721.8000,3721.6000,3724.0000,3724.6000,3725.0000,3725.8000,3726.0000,2,1,4,3,1,15,3,5,2,1
SF,IF2005,2020-04-13 14:39:27.100,3724.0000,12517,0,7326349680.000,0,-,-,-,-,3723.2000,3723.0000,3722.8000,3721.8000,3721.6000,3724.0000,3724.6000,3725.0000,3725.8000,3726.0000,2,1,4,3,1,16,3,5,2,1
SF,IF2005,2020-04-13 14:39:27.600,3723.2000,12517,0,7327466640.000,1,0,1,空换,B,3723.2000,3723.0000,3722.8000,3721.8000,3721.6000,3724.0000,3724.6000,3725.0000,3725.8000,3726.0000,1,1,4,3,1,15,3,5,2,1
SF,IF2005,2020-04-13 14:39:28.100,3723.2000,12517,0,7327466640.000,0,-,-,-,-,3723.2000,3723.0000,3722.8000,3721.8000,3721.6000,3724.0000,3724.6000,3725.0000,3725.8000,3726.0000,1,1,4,3,1,15,3,5,2,1
SF,IF2005,2020-04-13 14:39:28.600,3723.2000,12517,0,7328583600.000,1,0,1,空换,B,3723.2000,3723.0000,3722.8000,3721.8000,3721.6000,3724.0000,3724.6000,3725.0000,3725.8000,3726.0000,1,1,4,3,1,15,3,5,2,1
SF,IF2005,2020-04-13 14:39:29.100,3723.2000,12517,0,7328583600.000,0,-,-,-,-,3723.2000,3723.0000,3722.8000,3721.8000,3721.6000,3724.0000,3724.6000,3725.0000,3725.8000,3726.0000,1,1,4,3,1,15,3,5,2,1
SF,IF2005,2020-04-13 14:39:29.600,3723.2000,12517,0,7328583600.000,0,-,-,-,-,3722.8000,3721.8000,3721.6000,3721.4000,3721.2000,3724.0000,3724.6000,3725.0000,3725.8000,3726.0000,4,3,1,2,8,16,3,5,2,1
SF,IF2005,2020-04-13 14:39:30.100,3723.2000,12517,0,7328583600.000,0,-,-,-,-,3722.8000,3721.8000,3721.6000,3721.4000,3721.2000,3723.8000,3724.0000,3724.6000,3725.0000,3725.8000,4,3,1,2,8,4,16,3,5,2
SF,IF2005,2020-04-13 14:39:30.600,3723.2000,12517,0,7328583600.000,0,-,-,-,-,3723.0000,3722.8000,3721.8000,3721.6000,3721.4000,3723.8000,3724.0000,3724.6000,3725.0000,3725.8000,1,5,3,1,2,4,15,3,5,2
SF,IF2005,2020-04-13 14:39:31.100,3723.0000,12517,0,7329700500.000,1,0,1,空换,B,3722.8000,3721.8000,3721.6000,3721.4000,3721.2000,3723.8000,3724.0000,3724.6000,3725.0000,3725.8000,5,3,1,2,8,3,15,3,5,2
SF,IF2005,2020-04-13 14:39:31.600,3723.0000,12517,0,7329700500.000,0,-,-,-,-,3722.8000,3721.8000,3721.6000,3721.4000,3721.2000,3723.6000,3723.8000,3724.0000,3724.6000,3725.0000,5,3,1,2,8,1,3,15,3,5
SF,IF2005,2020-04-13 14:39:32.100,3723.0000,12517,0,7329700500.000,0,-,-,-,-,3722.8000,3721.8000,3721.6000,3721.4000,3721.2000,3723.6000,3723.8000,3724.0000,3724.6000,3725.0000,4,3,1,2,8,1,3,15,3,5
SF,IF2005,2020-04-13 14:39:32.600,3723.6000,12518,1,7330817580.000,1,1,0,双开,B,3722.8000,3721.8000,3721.6000,3721.4000,3721.2000,3723.8000,3724.0000,3724.6000,3725.0000,3725.8000,4,3,1,2,8,3,15,3,5,2
SF,IF2005,2020-04-13 14:39:33.100,3722.8000,12519,1,7331934420.000,1,1,0,双开,B,3722.8000,3721.8000,3721.6000,3721.4000,3721.2000,3723.8000,3724.0000,3724.6000,3725.0000,3725.8000,3,3,1,2,8,3,15,3,5,2
SF,IF2005,2020-04-13 14:39:33.600,3722.8000,12519,0,7331934420.000,0,-,-,-,-,3722.8000,3721.8000,3721.6000,3721.4000,3721.2000,3723.8000,3724.0000,3724.6000,3725.0000,3725.8000,3,3,1,2,8,3,15,3,5,2
SF,IF2005,2020-04-13 14:39:34.100,3722.8000,12520,1,7333051260.000,1,1,0,双开,B,3722.8000,3721.8000,3721.6000,3721.4000,3721.2000,3723.8000,3724.0000,3724.6000,3725.0000,3725.8000,2,3,1,2,8,4,15,3,5,2
SF,IF2005,2020-04-13 14:39:34.600,3722.8000,12520,0,7333051260.000,0,-,-,-,-,3722.8000,3721.8000,3721.6000,3721.4000,3721.2000,3723.8000,3724.0000,3724.6000,3725.0000,3725.8000,2,3,1,2,8,3,15,3,5,2
SF,IF2005,2020-04-13 14:39:35.100,3722.8000,12520,0,7333051260.000,0,-,-,-,-,3722.8000,3721.8000,3721.6000,3721.4000,3721.2000,3723.8000,3724.0000,3724.6000,3725.0000,3725.8000,2,3,1,2,8,4,15,3,5,2
SF,IF2005,2020-04-13 14:39:35.600,3722.8000,12520,0,7333051260.000,0,-,-,-,-,3722.8000,3721.8000,3721.6000,3721.4000,3721.2000,3723.8000,3724.0000,3724.6000,3725.0000,3725.8000,2,3,1,2,8,3,15,3,5,2
SF,IF2005,2020-04-13 14:39:36.100,3722.8000,12520,0,7333051260.000,0,-,-,-,-,3722.8000,3721.8000,3721.6000,3721.4000,3721.2000,3723.8000,3724.0000,3724.6000,3725.0000,3725.8000,2,3,1,2,8,3,15,3,5,2
SF,IF2005,2020-04-13 14:39:36.600,3722.8000,12520,0,7333051260.000,0,-,-,-,-,3722.8000,3721.8000,3721.6000,3721.4000,3721.2000,3723.8000,3724.0000,3724.6000,3725.0000,3725.8000,2,3,1,2,8,4,15,3,5,2
SF,IF2005,2020-04-13 14:39:37.100,3722.8000,12520,0,7333051260.000,0,-,-,-,-,3723.0000,3722.8000,3721.8000,3721.6000,3721.4000,3723.8000,3724.0000,3724.6000,3725.0000,3725.8000,1,1,3,1,2,4,15,3,5,2
SF,IF2005,2020-04-13 14:39:37.600,3722.8000,12520,0,7333051260.000,0,-,-,-,-,3721.8000,3721.6000,3721.4000,3721.2000,3720.8000,3723.8000,3724.0000,3724.6000,3725.0000,3725.8000,3,1,2,8,1,5,15,3,5,2
SF,IF2005,2020-04-13 14:39:38.100,3722.8000,12520,0,7333051260.000,0,-,-,-,-,3722.4000,3722.2000,3722.0000,3721.8000,3721.6000,3723.6000,3723.8000,3724.0000,3724.6000,3725.0000,1,5,5,3,1,2,4,15,3,5
SF,IF2005,2020-04-13 14:39:38.600,3722.6000,12521,1,7334168040.000,1,1,0,双开,B,3722.6000,3722.4000,3722.2000,3722.0000,3721.8000,3723.6000,3723.8000,3724.0000,3724.6000,3725.0000,1,1,5,3,3,2,5,15,3,5
SF,IF2005,2020-04-13 14:39:39.100,3722.6000,12521,0,7334168040.000,0,-,-,-,-,3722.6000,3722.4000,3722.2000,3722.0000,3721.8000,3723.4000,3723.6000,3723.8000,3724.0000,3724.6000,2,2,5,3,3,2,2,2,15,3
SF,IF2005,2020-04-13 14:39:39.600,3722.6000,12522,1,7335284820.000,1,1,0,双开,B,3722.6000,3722.4000,3722.2000,3722.0000,3721.8000,3723.4000,3723.6000,3723.8000,3724.0000,3724.6000,1,2,5,3,3,2,2,2,15,3
SF,IF2005,2020-04-13 14:39:40.100,3722.6000,12522,0,7335284820.000,0,-,-,-,-,3722.6000,3722.4000,3722.2000,3722.0000,3721.8000,3723.4000,3723.6000,3723.8000,3724.0000,3724.6000,1,2,5,3,3,2,2,2,15,3
SF,IF2005,2020-04-13 14:39:40.600,3722.6000,12522,0,7335284820.000,0,-,-,-,-,3722.6000,3722.4000,3722.2000,3722.0000,3721.8000,3723.4000,3723.6000,3723.8000,3724.0000,3724.6000,1,2,5,3,3,2,2,2,15,3
SF,IF2005,2020-04-13 14:39:41.100,3722.6000,12522,0,7335284820.000,0,-,-,-,-,3722.6000,3722.4000,3722.2000,3722.0000,3721.8000,3723.4000,3723.6000,3723.8000,3724.0000,3724.6000,1,2,5,3,3,2,2,2,15,3
SF,IF2005,2020-04-13 14:39:41.600,3722.6000,12522,0,7335284820.000,0,-,-,-,-,3722.6000,3722.4000,3722.2000,3722.0000,3721.8000,3723.4000,3723.6000,3723.8000,3724.0000,3724.6000,1,2,5,3,3,2,2,2,15,3
SF,IF2005,2020-04-13 14:39:42.100,3722.6000,12522,0,7335284820.000,0,-,-,-,-,3722.6000,3722.4000,3722.2000,3722.0000,3721.8000,3723.4000,3723.6000,3723.8000,3724.0000,3724.6000,1,2,5,3,3,3,2,2,15,3
SF,IF2005,2020-04-13 14:39:42.600,3723.4000,12523,1,7336401840.000,1,1,0,双开,B,3722.6000,3722.4000,3722.2000,3722.0000,3721.8000,3723.4000,3723.6000,3723.8000,3724.0000,3724.6000,1,2,5,3,3,2,2,2,15,3
SF,IF2005,2020-04-13 14:39:43.100,3723.4000,12523,0,7336401840.000,0,-,-,-,-,3722.6000,3722.4000,3722.2000,3722.0000,3721.8000,3723.4000,3723.6000,3723.8000,3724.0000,3724.6000,1,2,5,2,1,1,2,2,15,3
SF,IF2005,2020-04-13 14:39:43.600,3723.4000,12523,0,7336401840.000,0,-,-,-,-,3722.6000,3722.4000,3722.2000,3722.0000,3721.8000,3723.4000,3723.6000,3723.8000,3724.0000,3724.6000,1,2,5,2,1,1,2,2,15,3
SF,IF2005,2020-04-13 14:39:44.100,3723.4000,12523,0,7336401840.000,0,-,-,-,-,3722.6000,3722.4000,3722.2000,3722.0000,3721.8000,3723.4000,3723.6000,3723.8000,3724.0000,3724.6000,1,2,5,2,1,2,2,2,15,3
SF,IF2005,2020-04-13 14:39:44.600,3723.4000,12523,0,7336401840.000,0,-,-,-,-,3722.6000,3722.4000,3722.2000,3722.0000,3721.8000,3723.4000,3723.6000,3723.8000,3724.0000,3724.6000,1,2,4,2,1,2,2,2,15,3
SF,IF2005,2020-04-13 14:39:45.100,3723.4000,12523,0,7336401840.000,0,-,-,-,-,3722.6000,3722.4000,3722.2000,3722.0000,3721.8000,3723.4000,3723.6000,3723.8000,3724.0000,3724.6000,1,2,4,2,1,2,2,1,15,3
SF,IF2005,2020-04-13 14:39:45.600,3723.4000,12523,0,7336401840.000,0,-,-,-,-,3722.6000,3722.4000,3722.2000,3722.0000,3721.8000,3723.4000,3723.6000,3723.8000,3724.0000,3724.6000,1,2,4,2,1,1,2,1,15,3
SF,IF2005,2020-04-13 14:39:46.100,3723.4000,12523,0,7336401840.000,0,-,-,-,-,3722.6000,3722.4000,3722.2000,3722.0000,3721.8000,3723.4000,3723.6000,3723.8000,3724.0000,3724.6000,1,2,4,2,1,1,2,1,15,3
SF,IF2005,2020-04-13 14:39:47.100,3723.4000,12523,0,7336401840.000,0,-,-,-,-,3722.4000,3722.2000,3722.0000,3721.8000,3721.6000,3723.4000,3723.6000,3723.8000,3724.0000,3724.6000,2,4,2,1,1,1,2,1,15,3
SF,IF2005,2020-04-13 14:39:47.600,3723.4000,12523,0,7336401840.000,0,-,-,-,-,3722.4000,3722.2000,3722.0000,3721.8000,3721.6000,3723.4000,3723.6000,3723.8000,3724.0000,3724.6000,2,4,2,1,1,2,2,1,15,3
SF,IF2005,2020-04-13 14:39:48.100,3723.4000,12523,0,7336401840.000,0,-,-,-,-,3722.4000,3722.2000,3722.0000,3721.8000,3721.6000,3723.4000,3723.6000,3723.8000,3724.0000,3724.6000,2,2,2,1,1,2,2,1,15,3
SF,IF2005,2020-04-13 14:39:48.600,3723.4000,12523,0,7336401840.000,0,-,-,-,-,3722.8000,3722.4000,3722.2000,3722.0000,3721.8000,3723.4000,3723.6000,3723.8000,3724.0000,3724.6000,1,2,2,2,1,2,2,1,15,3
SF,IF2005,2020-04-13 14:39:49.100,3723.4000,12523,0,7336401840.000,0,-,-,-,-,3722.8000,3722.4000,3722.2000,3722.0000,3721.8000,3723.2000,3723.4000,3723.6000,3723.8000,3724.0000,1,2,2,2,1,1,1,2,1,15
SF,IF2005,2020-04-13 14:39:49.600,3723.4000,12523,0,7336401840.000,0,-,-,-,-,3722.8000,3722.4000,3722.2000,3722.0000,3721.8000,3723.2000,3723.4000,3723.6000,3723.8000,3724.0000,1,2,2,2,1,1,1,2,1,15
SF,IF2005,2020-04-13 14:39:50.100,3723.4000,12523,0,7336401840.000,0,-,-,-,-,3722.8000,3722.4000,3722.2000,3722.0000,3721.8000,3723.2000,3723.4000,3723.6000,3723.8000,3724.0000,1,2,2,2,1,2,1,2,1,15
SF,IF2005,2020-04-13 14:39:50.600,3723.4000,12523,0,7336401840.000,0,-,-,-,-,3722.8000,3722.4000,3722.2000,3722.0000,3721.8000,3723.2000,3723.4000,3723.6000,3723.8000,3724.0000,1,2,2,2,1,1,1,2,1,15
SF,IF2005,2020-04-13 14:39:51.100,3723.4000,12523,0,7336401840.000,0,-,-,-,-,3722.8000,3722.4000,3722.2000,3722.0000,3721.8000,3723.2000,3723.4000,3723.6000,3723.8000,3724.0000,1,2,2,2,1,1,1,2,1,15
SF,IF2005,2020-04-13 14:39:52.100,3723.4000,12523,0,7336401840.000,0,-,-,-,-,3722.8000,3722.4000,3722.2000,3722.0000,3721.8000,3723.2000,3723.4000,3723.6000,3723.8000,3724.0000,1,2,2,2,1,2,1,2,1,15
SF,IF2005,2020-04-13 14:39:52.600,3723.4000,12523,0,7336401840.000,0,-,-,-,-,3722.8000,3722.4000,3722.2000,3722.0000,3721.8000,3723.2000,3723.4000,3723.6000,3723.8000,3724.0000,1,2,2,2,1,1,1,2,1,15
SF,IF2005,2020-04-13 14:39:53.100,3723.4000,12523,0,7336401840.000,0,-,-,-,-,3722.8000,3722.4000,3722.2000,3722.0000,3721.8000,3723.2000,3723.4000,3723.6000,3723.8000,3724.0000,1,2,2,2,1,1,1,2,1,15
SF,IF2005,2020-04-13 14:39:53.600,3723.4000,12523,0,7336401840.000,0,-,-,-,-,3722.8000,3722.4000,3722.2000,3722.0000,3721.8000,3723.2000,3723.4000,3723.6000,3723.8000,3724.0000,1,2,2,2,1,2,1,2,1,15
SF,IF2005,2020-04-13 14:39:54.100,3723.4000,12523,0,7336401840.000,0,-,-,-,-,3722.8000,3722.4000,3722.2000,3722.0000,3721.8000,3723.2000,3723.4000,3723.6000,3723.8000,3724.0000,1,2,2,2,1,1,1,2,1,15
SF,IF2005,2020-04-13 14:39:54.600,3723.4000,12523,0,7336401840.000,0,-,-,-,-,3722.8000,3722.4000,3722.2000,3722.0000,3721.8000,3723.2000,3723.4000,3723.6000,3723.8000,3724.0000,1,2,2,2,1,1,1,2,1,15
SF,IF2005,2020-04-13 14:39:55.100,3723.4000,12523,0,7336401840.000,0,-,-,-,-,3722.8000,3722.4000,3722.2000,3722.0000,3721.8000,3723.2000,3723.4000,3723.6000,3723.8000,3724.0000,1,2,2,2,1,2,1,2,1,15
SF,IF2005,2020-04-13 14:39:55.600,3723.4000,12523,0,7336401840.000,0,-,-,-,-,3722.8000,3722.4000,3722.2000,3722.0000,3721.8000,3723.2000,3723.4000,3723.6000,3723.8000,3724.0000,1,2,2,2,1,2,1,2,1,15
SF,IF2005,2020-04-13 14:39:56.100,3723.4000,12523,0,7336401840.000,0,-,-,-,-,3722.8000,3722.4000,3722.2000,3722.0000,3721.8000,3723.2000,3723.4000,3723.6000,3723.8000,3724.0000,1,2,2,2,1,1,1,2,1,15
SF,IF2005,2020-04-13 14:39:56.600,3723.4000,12523,0,7336401840.000,0,-,-,-,-,3722.8000,3722.4000,3722.2000,3722.0000,3721.8000,3723.2000,3723.4000,3723.6000,3723.8000,3724.0000,1,2,2,2,1,1,1,2,1,15
SF,IF2005,2020-04-13 14:39:57.100,3723.4000,12523,0,7336401840.000,0,-,-,-,-,3722.8000,3722.4000,3722.2000,3722.0000,3721.8000,3723.2000,3723.4000,3723.6000,3723.8000,3724.0000,1,2,2,2,1,2,1,2,1,15
SF,IF2005,2020-04-13 14:39:57.600,3723.4000,12523,0,7336401840.000,0,-,-,-,-,3722.8000,3722.4000,3722.2000,3722.0000,3721.8000,3723.2000,3723.4000,3723.6000,3723.8000,3724.0000,1,2,2,2,1,2,1,2,1,15
SF,IF2005,2020-04-13 14:39:58.100,3723.4000,12523,0,7336401840.000,0,-,-,-,-,3722.8000,3722.4000,3722.2000,3722.0000,3721.8000,3723.2000,3723.4000,3723.6000,3723.8000,3724.0000,1,2,2,2,1,1,1,2,1,15
SF,IF2005,2020-04-13 14:39:58.600,3723.4000,12523,0,7336401840.000,0,-,-,-,-,3722.8000,3722.4000,3722.2000,3722.0000,3721.8000,3723.2000,3723.4000,3723.6000,3723.8000,3724.0000,1,2,2,2,1,2,1,1,1,15
SF,IF2005,2020-04-13 14:39:59.100,3723.4000,12523,0,7336401840.000,0,-,-,-,-,3722.8000,3722.4000,3722.2000,3722.0000,3721.8000,3723.2000,3723.4000,3723.6000,3723.8000,3724.0000,1,2,2,2,1,2,1,1,1,15
SF,IF2005,2020-04-13 14:40:00.100,3723.2000,12524,1,7337518800.000,1,1,0,双开,B,3722.8000,3722.4000,3722.2000,3722.0000,3721.8000,3723.2000,3723.4000,3723.6000,3723.8000,3724.0000,1,2,2,2,1,1,1,1,1,15
SF,IF2005,2020-04-13 14:40:00.600,3723.2000,12525,1,7338635760.000,1,1,0,双开,B,3722.8000,3722.4000,3722.2000,3722.0000,3721.8000,3723.4000,3723.6000,3723.8000,3724.0000,3724.6000,1,2,1,2,1,1,1,1,15,2
SF,IF2005,2020-04-13 14:40:01.100,3723.2000,12525,0,7338635760.000,0,-,-,-,-,3722.8000,3722.4000,3722.2000,3722.0000,3721.8000,3723.8000,3724.0000,3724.6000,3725.0000,3725.8000,3,1,1,2,1,1,15,2,5,2
SF,IF2005,2020-04-13 14:40:01.600,3723.2000,12525,0,7338635760.000,0,-,-,-,-,3723.0000,3722.8000,3722.4000,3722.2000,3721.8000,3723.8000,3724.0000,3724.6000,3725.0000,3725.8000,2,3,1,1,1,1,15,2,5,2
SF,IF2005,2020-04-13 14:40:02.100,3723.2000,12525,0,7338635760.000,0,-,-,-,-,3722.8000,3722.4000,3722.2000,3721.8000,3721.4000,3723.8000,3724.0000,3724.6000,3725.0000,3725.8000,3,1,1,1,2,1,15,2,5,2
SF,IF2005,2020-04-13 14:40:05.100,3723.2000,12525,0,7338635760.000,0,-,-,-,-,3722.8000,3722.4000,3721.8000,3721.4000,3720.8000,3723.8000,3724.0000,3724.6000,3725.0000,3725.8000,3,1,1,2,1,1,15,2,5,2
SF,IF2005,2020-04-13 14:40:05.600,3723.2000,12525,0,7338635760.000,0,-,-,-,-,3722.8000,3722.4000,3721.8000,3721.4000,3720.8000,3723.6000,3723.8000,3724.0000,3724.6000,3725.0000,3,1,1,2,1,2,1,15,2,5
SF,IF2005,2020-04-13 14:40:06.100,3723.2000,12525,0,7338635760.000,0,-,-,-,-,3722.8000,3722.4000,3721.8000,3721.4000,3720.8000,3723.6000,3723.8000,3724.0000,3724.6000,3725.0000,1,1,1,2,1,2,1,15,2,5
SF,IF2005,2020-04-13 14:40:06.600,3723.2000,12525,0,7338635760.000,0,-,-,-,-,3722.8000,3722.4000,3721.8000,3721.4000,3720.8000,3723.4000,3723.6000,3723.8000,3724.0000,3724.6000,1,1,1,2,1,1,2,1,15,2
SF,IF2005,2020-04-13 14:40:10.600,3723.2000,12525,0,7338635760.000,0,-,-,-,-,3722.8000,3722.4000,3721.8000,3721.4000,3720.8000,3723.0000,3723.4000,3723.6000,3723.8000,3724.0000,1,1,1,2,1,4,1,2,1,15
SF,IF2005,2020-04-13 14:40:11.100,3723.2000,12525,0,7338635760.000,0,-,-,-,-,3722.8000,3722.4000,3721.8000,3721.4000,3720.8000,3723.0000,3723.4000,3723.6000,3723.8000,3724.0000,1,1,1,2,1,4,1,3,1,15
SF,IF2005,2020-04-13 14:40:11.600,3723.2000,12525,0,7338635760.000,0,-,-,-,-,3722.8000,3722.4000,3721.8000,3721.4000,3720.8000,3723.0000,3723.4000,3723.6000,3723.8000,3724.0000,1,1,1,2,1,4,1,3,1,15
SF,IF2005,2020-04-13 14:40:15.600,3723.2000,12525,0,7338635760.000,0,-,-,-,-,3722.8000,3722.4000,3721.8000,3721.4000,3720.8000,3723.0000,3723.4000,3723.6000,3723.8000,3724.0000,1,1,1,2,1,4,1,3,1,11
SF,IF2005,2020-04-13 14:40:16.600,3723.0000,12527,2,7340869560.000,2,2,0,双开,B,3722.8000,3722.4000,3721.8000,3721.4000,3720.8000,3723.0000,3723.4000,3723.6000,3723.8000,3724.0000,3,1,1,2,1,2,1,3,1,11
SF,IF2005,2020-04-13 14:40:17.600,3723.0000,12528,1,7341986460.000,1,1,0,双开,B,3722.8000,3722.4000,3721.8000,3721.4000,3720.8000,3723.0000,3723.4000,3723.6000,3723.8000,3724.0000,1,1,1,2,1,1,2,3,1,11
SF,IF2005,2020-04-13 14:40:18.600,3722.8000,12528,0,7343103300.000,1,0,1,空换,B,3722.4000,3721.8000,3721.4000,3720.8000,3720.6000,3723.0000,3723.4000,3723.6000,3723.8000,3724.0000,1,1,2,1,5,1,2,3,1,11
SF,IF2005,2020-04-13 14:40:19.600,3722.8000,12528,0,7343103300.000,0,-,-,-,-,3722.4000,3721.8000,3721.4000,3720.8000,3720.6000,3723.0000,3723.4000,3723.6000,3723.8000,3724.0000,2,1,2,1,5,6,2,3,1,11
SF,IF2005,2020-04-13 14:40:21.100,3722.4000,12528,0,7344220020.000,1,0,1,空换,B,3722.4000,3721.8000,3721.4000,3720.8000,3720.6000,3723.0000,3723.4000,3723.6000,3723.8000,3724.0000,2,1,2,1,5,6,2,3,1,11
SF,IF2005,2020-04-13 14:40:21.600,3722.4000,12529,1,7346453460.000,2,1,1,多开,B,3721.8000,3721.4000,3720.8000,3720.6000,3720.4000,3723.0000,3723.4000,3723.6000,3723.8000,3724.0000,1,2,1,5,1,6,2,3,1,11
SF,IF2005,2020-04-13 14:40:22.100,3722.4000,12529,0,7346453460.000,0,-,-,-,-,3721.8000,3721.4000,3720.8000,3720.6000,3720.4000,3722.8000,3723.0000,3723.4000,3723.6000,3723.8000,1,1,1,5,1,3,6,2,1,1
SF,IF2005,2020-04-13 14:40:22.600,3722.4000,12529,0,7346453460.000,0,-,-,-,-,3720.8000,3720.6000,3720.4000,3720.2000,3720.0000,3722.8000,3723.0000,3723.4000,3723.6000,3723.8000,1,5,1,9,5,4,6,2,3,1
SF,IF2005,2020-04-13 14:40:23.100,3722.4000,12529,0,7346453460.000,0,-,-,-,-,3721.4000,3721.2000,3721.0000,3720.8000,3720.6000,3722.6000,3722.8000,3723.0000,3723.4000,3723.6000,3,1,5,1,5,1,4,6,2,3
SF,IF2005,2020-04-13 14:40:23.600,3722.4000,12529,0,7346453460.000,0,-,-,-,-,3721.6000,3721.4000,3721.2000,3721.0000,3720.8000,3722.4000,3722.8000,3723.0000,3723.4000,3723.6000,2,3,2,6,1,2,2,6,2,3
SF,IF2005,2020-04-13 14:40:24.100,3722.4000,12529,0,7346453460.000,0,-,-,-,-,3721.6000,3721.4000,3721.2000,3721.0000,3720.8000,3722.8000,3723.0000,3723.4000,3723.6000,3723.8000,4,3,1,4,1,2,6,2,3,1
SF,IF2005,2020-04-13 14:40:24.600,3722.4000,12529,0,7346453460.000,0,-,-,-,-,3721.8000,3721.6000,3721.4000,3721.2000,3721.0000,3722.6000,3722.8000,3723.0000,3723.4000,3723.6000,2,2,3,1,4,2,2,1,2,3
SF,IF2005,2020-04-13 14:40:25.100,3722.4000,12529,0,7346453460.000,0,-,-,-,-,3722.2000,3722.0000,3721.8000,3721.4000,3721.0000,3722.8000,3723.0000,3723.4000,3723.6000,3723.8000,1,3,3,2,3,2,1,2,3,1
SF,IF2005,2020-04-13 14:40:25.600,3722.4000,12529,0,7346453460.000,0,-,-,-,-,3722.2000,3722.0000,3721.0000,3720.8000,3720.6000,3723.0000,3723.4000,3723.6000,3723.8000,3725.8000,3,5,3,1,5,1,2,3,1,2
SF,IF2005,2020-04-13 14:40:26.100,3722.4000,12529,0,7346453460.000,0,-,-,-,-,3722.4000,3722.2000,3722.0000,3721.0000,3720.8000,3723.0000,3723.4000,3723.6000,3723.8000,3725.8000,5,1,3,3,1,1,2,3,1,2
SF,IF2005,2020-04-13 14:40:26.600,3722.4000,12529,0,7346453460.000,0,-,-,-,-,3722.4000,3722.0000,3721.0000,3720.8000,3720.6000,3723.0000,3723.4000,3723.6000,3723.8000,3725.8000,4,2,3,2,5,1,2,3,1,2
SF,IF2005,2020-04-13 14:40:27.100,3722.4000,12529,0,7346453460.000,0,-,-,-,-,3722.4000,3722.0000,3721.0000,3720.8000,3720.6000,3723.0000,3723.4000,3723.6000,3723.8000,3725.8000,2,2,3,2,5,1,2,3,1,2
SF,IF2005,2020-04-13 14:40:29.600,3722.4000,12529,0,7346453460.000,0,-,-,-,-,3722.4000,3722.0000,3721.0000,3720.8000,3720.6000,3723.0000,3723.4000,3723.6000,3723.8000,3725.8000,2,2,3,2,5,6,2,3,1,2
SF,IF2005,2020-04-13 14:40:30.600,3722.4000,12529,0,7346453460.000,0,-,-,-,-,3722.4000,3722.0000,3721.0000,3720.8000,3720.6000,3723.0000,3723.4000,3723.6000,3723.8000,3725.8000,1,2,3,2,5,6,2,3,1,2
SF,IF2005,2020-04-13 14:40:31.100,3722.4000,12529,0,7346453460.000,0,-,-,-,-,3722.4000,3722.0000,3721.0000,3720.8000,3720.6000,3723.0000,3723.4000,3723.6000,3723.8000,3725.8000,1,1,3,2,5,6,2,3,1,2
SF,IF2005,2020-04-13 14:40:31.600,3722.4000,12529,0,7347570180.000,1,0,1,空换,B,3722.0000,3721.0000,3720.8000,3720.6000,3720.4000,3722.2000,3722.4000,3723.0000,3723.4000,3723.6000,1,2,2,5,1,1,1,6,2,3
SF,IF2005,2020-04-13 14:40:32.100,3722.4000,12529,0,7347570180.000,0,-,-,-,-,3722.0000,3721.0000,3720.8000,3720.6000,3720.4000,3722.4000,3723.0000,3723.4000,3723.6000,3723.8000,1,2,2,5,1,1,6,2,3,1
SF,IF2005,2020-04-13 14:40:32.600,3722.4000,12529,0,7347570180.000,0,-,-,-,-,3721.0000,3720.8000,3720.6000,3720.4000,3720.2000,3722.4000,3723.0000,3723.4000,3723.6000,3723.8000,2,2,5,1,9,1,6,2,3,1
SF,IF2005,2020-04-13 14:40:33.100,3722.4000,12529,0,7347570180.000,0,-,-,-,-,3721.6000,3721.4000,3721.2000,3721.0000,3720.8000,3722.2000,3722.4000,3723.0000,3723.4000,3723.6000,1,3,3,2,2,2,1,6,2,3
SF,IF2005,2020-04-13 14:40:33.600,3722.4000,12529,0,7347570180.000,0,-,-,-,-,3721.6000,3721.4000,3721.2000,3721.0000,3720.8000,3722.4000,3723.0000,3723.4000,3723.6000,3723.8000,1,4,6,2,2,1,6,2,3,1
SF,IF2005,2020-04-13 14:40:34.100,3722.4000,12529,0,7347570180.000,0,-,-,-,-,3722.0000,3721.8000,3721.4000,3721.0000,3720.8000,3722.4000,3723.0000,3723.4000,3723.6000,3723.8000,2,6,2,2,2,1,6,2,3,1
SF,IF2005,2020-04-13 14:40:34.600,3722.4000,12529,0,7347570180.000,0,-,-,-,-,3722.0000,3721.8000,3721.4000,3721.0000,3720.8000,3722.4000,3723.0000,3723.4000,3723.6000,3723.8000,1,7,1,2,1,1,6,2,3,1
SF,IF2005,2020-04-13 14:40:35.600,3722.4000,12529,0,7347570180.000,0,-,-,-,-,3722.0000,3721.8000,3721.4000,3721.0000,3720.8000,3722.4000,3723.0000,3723.4000,3723.6000,3723.8000,1,6,1,2,1,1,6,2,3,1
SF,IF2005,2020-04-13 14:40:36.600,3722.4000,12530,1,7348686900.000,1,1,0,双开,B,3722.0000,3721.8000,3721.4000,3721.0000,3720.8000,3723.0000,3723.4000,3723.6000,3723.8000,3725.8000,1,6,1,2,1,6,2,3,1,2
SF,IF2005,2020-04-13 14:40:37.100,3722.4000,12530,0,7348686900.000,0,-,-,-,-,3722.0000,3721.8000,3721.4000,3721.0000,3720.8000,3722.8000,3723.0000,3723.4000,3723.6000,3723.8000,1,6,1,2,1,2,6,2,3,1
SF,IF2005,2020-04-13 14:40:38.100,3722.4000,12530,0,7348686900.000,0,-,-,-,-,3722.0000,3721.8000,3721.0000,3720.8000,3720.6000,3722.8000,3723.0000,3723.4000,3723.6000,3723.8000,1,6,2,2,1,2,6,2,3,1
SF,IF2005,2020-04-13 14:40:39.100,3722.4000,12530,0,7348686900.000,0,-,-,-,-,3722.0000,3721.8000,3721.0000,3720.8000,3720.6000,3722.8000,3723.0000,3723.4000,3723.6000,3723.8000,3,4,2,2,1,2,6,2,3,1
SF,IF2005,2020-04-13 14:40:39.600,3722.4000,12530,0,7348686900.000,0,-,-,-,-,3722.0000,3721.8000,3721.0000,3720.8000,3720.6000,3723.0000,3723.4000,3723.6000,3723.8000,3725.8000,3,4,2,2,1,6,2,3,1,2
SF,IF2005,2020-04-13 14:40:40.100,3723.0000,12531,1,7349803800.000,1,1,0,双开,B,3722.2000,3722.0000,3721.8000,3721.0000,3720.8000,3723.0000,3723.4000,3723.6000,3723.8000,3725.8000,2,3,2,2,2,5,2,3,1,2
SF,IF2005,2020-04-13 14:40:40.600,3723.0000,12531,0,7349803800.000,0,-,-,-,-,3722.0000,3721.8000,3721.0000,3720.8000,3720.6000,3723.0000,3723.4000,3723.6000,3723.8000,3725.8000,3,2,2,2,1,5,2,3,1,2
SF,IF2005,2020-04-13 14:40:41.100,3723.0000,12531,0,7349803800.000,0,-,-,-,-,3722.0000,3721.8000,3721.0000,3720.8000,3720.6000,3722.8000,3723.0000,3723.4000,3723.6000,3723.8000,3,2,2,2,1,2,5,2,3,1
SF,IF2005,2020-04-13 14:40:41.600,3723.0000,12531,0,7349803800.000,0,-,-,-,-,3722.0000,3721.8000,3721.0000,3720.8000,3720.6000,3722.8000,3723.0000,3723.4000,3723.6000,3723.8000,3,2,2,2,1,2,5,2,3,1
SF,IF2005,2020-04-13 14:40:42.100,3723.0000,12531,0,7349803800.000,0,-,-,-,-,3722.0000,3721.8000,3721.0000,3720.8000,3720.6000,3723.0000,3723.4000,3723.6000,3723.8000,3725.8000,3,2,2,2,1,5,2,3,1,2
SF,IF2005,2020-04-13 14:40:42.600,3723.0000,12531,0,7349803800.000,0,-,-,-,-,3722.0000,3721.8000,3721.0000,3720.8000,3720.6000,3722.8000,3723.0000,3723.4000,3723.6000,3723.8000,3,2,2,2,1,2,5,2,3,1
SF,IF2005,2020-04-13 14:40:43.100,3723.0000,12531,0,7349803800.000,0,-,-,-,-,3722.0000,3721.8000,3721.0000,3720.8000,3720.6000,3722.8000,3723.0000,3723.4000,3723.6000,3723.8000,3,2,2,2,1,2,5,2,3,1
SF,IF2005,2020-04-13 14:40:43.600,3723.0000,12531,0,7349803800.000,0,-,-,-,-,3722.0000,3721.8000,3721.0000,3720.8000,3720.6000,3722.8000,3723.0000,3723.4000,3723.6000,3723.8000,3,2,2,2,1,3,5,2,3,1
SF,IF2005,2020-04-13 14:40:44.100,3722.0000,12532,1,7350920400.000,1,1,0,双开,B,3722.0000,3721.8000,3721.0000,3720.8000,3720.6000,3722.8000,3723.0000,3723.4000,3723.6000,3723.8000,2,2,2,2,1,2,5,2,3,1
SF,IF2005,2020-04-13 14:40:44.600,3722.0000,12532,0,7350920400.000,0,-,-,-,-,3722.0000,3721.8000,3721.0000,3720.8000,3720.6000,3722.8000,3723.0000,3723.4000,3723.6000,3723.8000,2,2,2,2,1,3,5,2,3,1
SF,IF2005,2020-04-13 14:40:45.100,3722.0000,12532,0,7350920400.000,0,-,-,-,-,3722.0000,3721.8000,3721.0000,3720.8000,3720.6000,3722.8000,3723.0000,3723.4000,3723.6000,3723.8000,2,2,2,2,1,2,5,2,2,1
SF,IF2005,2020-04-13 14:40:45.600,3722.0000,12532,0,7350920400.000,0,-,-,-,-,3721.8000,3721.0000,3720.8000,3720.6000,3720.2000,3722.6000,3722.8000,3723.0000,3723.4000,3723.6000,1,2,2,1,9,1,2,5,2,2
SF,IF2005,2020-04-13 14:40:46.100,3722.0000,12532,0,7350920400.000,0,-,-,-,-,3721.8000,3721.0000,3720.8000,3720.6000,3720.2000,3722.6000,3722.8000,3723.0000,3723.4000,3723.6000,1,2,2,1,9,1,2,5,2,2
SF,IF2005,2020-04-13 14:40:46.600,3722.0000,12532,0,7350920400.000,0,-,-,-,-,3721.8000,3721.0000,3720.8000,3720.6000,3720.2000,3722.6000,3722.8000,3723.0000,3723.4000,3723.6000,1,2,2,1,9,2,2,5,2,2
SF,IF2005,2020-04-13 14:40:47.100,3722.0000,12532,0,7350920400.000,0,-,-,-,-,3722.2000,3721.8000,3721.0000,3720.8000,3720.6000,3722.6000,3722.8000,3723.0000,3723.4000,3723.6000,1,1,2,2,1,1,2,5,2,2
SF,IF2005,2020-04-13 14:40:47.600,3722.0000,12532,0,7350920400.000,0,-,-,-,-,3722.2000,3721.8000,3721.0000,3720.8000,3720.6000,3722.6000,3722.8000,3723.0000,3723.4000,3723.6000,1,3,2,2,1,1,2,5,2,2
SF,IF2005,2020-04-13 14:40:48.100,3722.0000,12532,0,7350920400.000,0,-,-,-,-,3722.2000,3721.8000,3721.0000,3720.8000,3720.6000,3722.6000,3722.8000,3723.0000,3723.4000,3723.6000,1,3,2,2,1,1,2,5,2,2
SF,IF2005,2020-04-13 14:40:48.600,3722.0000,12532,0,7350920400.000,0,-,-,-,-,3722.2000,3721.8000,3721.0000,3720.8000,3720.6000,3722.6000,3722.8000,3723.0000,3723.4000,3723.6000,1,3,2,2,1,1,2,10,2,2
SF,IF2005,2020-04-13 14:40:49.100,3722.0000,12532,0,7350920400.000,0,-,-,-,-,3722.2000,3721.8000,3721.0000,3720.8000,3720.6000,3722.6000,3722.8000,3723.0000,3723.4000,3723.6000,1,3,2,2,1,1,2,10,2,2
SF,IF2005,2020-04-13 14:40:49.600,3722.0000,12532,0,7350920400.000,0,-,-,-,-,3722.2000,3721.8000,3721.0000,3720.8000,3720.6000,3722.6000,3722.8000,3723.0000,3723.4000,3723.6000,1,3,2,2,1,1,2,10,2,2
SF,IF2005,2020-04-13 14:40:50.100,3722.0000,12532,0,7350920400.000,0,-,-,-,-,3722.2000,3721.8000,3721.0000,3720.8000,3720.6000,3722.6000,3722.8000,3723.0000,3723.4000,3723.6000,1,3,2,2,1,1,2,10,2,2
SF,IF2005,2020-04-13 14:40:50.600,3722.0000,12532,0,7350920400.000,0,-,-,-,-,3722.2000,3721.0000,3720.8000,3720.6000,3720.2000,3723.0000,3723.4000,3723.6000,3723.8000,3725.8000,3,2,2,1,10,10,2,2,1,2
SF,IF2005,2020-04-13 14:40:51.100,3722.0000,12532,0,7350920400.000,0,-,-,-,-,3722.4000,3722.2000,3721.0000,3720.8000,3720.6000,3723.0000,3723.4000,3723.6000,3723.8000,3725.8000,1,3,2,2,1,10,2,2,1,2
SF,IF2005,2020-04-13 14:40:51.600,3722.0000,12532,0,7350920400.000,0,-,-,-,-,3722.6000,3722.4000,3722.2000,3721.0000,3720.8000,3723.0000,3723.4000,3723.6000,3723.8000,3725.8000,1,1,3,2,2,11,2,2,1,2
SF,IF2005,2020-04-13 14:40:52.100,3722.0000,12532,0,7350920400.000,0,-,-,-,-,3722.6000,3722.4000,3722.2000,3721.0000,3720.8000,3723.0000,3723.4000,3723.6000,3723.8000,3725.8000,1,1,3,2,2,10,2,2,1,2
SF,IF2005,2020-04-13 14:40:52.600,3722.0000,12532,0,7350920400.000,0,-,-,-,-,3722.6000,3722.4000,3722.2000,3721.0000,3720.8000,3723.0000,3723.4000,3723.6000,3723.8000,3725.8000,1,1,3,2,2,10,2,2,1,2
SF,IF2005,2020-04-13 14:40:53.100,3722.6000,12533,1,7352037180.000,1,1,0,双开,B,3722.6000,3722.4000,3722.2000,3721.0000,3720.8000,3723.0000,3723.4000,3723.6000,3723.8000,3725.8000,2,1,1,2,2,11,2,2,1,2
SF,IF2005,2020-04-13 14:40:53.600,3722.6000,12533,0,7352037180.000,0,-,-,-,-,3722.4000,3722.2000,3721.0000,3720.8000,3720.6000,3723.0000,3723.4000,3723.6000,3723.8000,3725.8000,1,1,2,2,1,11,2,2,1,2
SF,IF2005,2020-04-13 14:40:54.100,3722.6000,12533,0,7352037180.000,0,-,-,-,-,3722.4000,3722.2000,3721.0000,3720.8000,3720.6000,3723.0000,3723.4000,3723.6000,3723.8000,3725.8000,1,1,2,2,1,10,2,2,1,2
SF,IF2005,2020-04-13 14:40:54.600,3722.6000,12533,0,7352037180.000,0,-,-,-,-,3722.4000,3722.2000,3721.0000,3720.8000,3720.6000,3723.0000,3723.4000,3723.6000,3723.8000,3725.8000,1,1,2,2,1,10,2,2,1,2
SF,IF2005,2020-04-13 14:40:55.100,3722.6000,12533,0,7352037180.000,0,-,-,-,-,3722.4000,3722.2000,3721.0000,3720.8000,3720.6000,3723.0000,3723.4000,3723.6000,3723.8000,3725.8000,1,1,2,2,1,10,2,2,1,2
SF,IF2005,2020-04-13 14:40:55.600,3722.6000,12533,0,7352037180.000,0,-,-,-,-,3722.4000,3722.2000,3721.0000,3720.8000,3720.6000,3723.0000,3723.4000,3723.6000,3723.8000,3725.8000,1,1,2,3,1,10,2,2,1,2
SF,IF2005,2020-04-13 14:40:56.100,3722.6000,12533,0,7352037180.000,0,-,-,-,-,3722.4000,3722.2000,3721.0000,3720.8000,3720.6000,3723.0000,3723.4000,3723.6000,3723.8000,3725.8000,1,1,2,3,1,10,2,2,1,2
SF,IF2005,2020-04-13 14:40:56.600,3722.6000,12533,0,7352037180.000,0,-,-,-,-,3722.4000,3722.2000,3721.0000,3720.8000,3720.6000,3723.0000,3723.4000,3723.6000,3723.8000,3725.8000,1,1,2,3,1,10,2,2,1,2
SF,IF2005,2020-04-13 14:40:57.100,3723.0000,12536,3,7357621680.000,5,4,1,多开,B,3722.6000,3722.4000,3722.2000,3721.0000,3720.8000,3723.0000,3723.4000,3723.8000,3725.8000,3726.0000,2,1,1,2,3,5,2,1,2,4
SF,IF2005,2020-04-13 14:40:57.600,3723.0000,12536,0,7357621680.000,0,-,-,-,-,3722.6000,3722.4000,3722.2000,3721.0000,3720.8000,3723.0000,3723.4000,3723.8000,3724.0000,3725.8000,2,1,1,2,3,5,2,1,2,2
SF,IF2005,2020-04-13 14:40:58.100,3723.0000,12538,2,7359855480.000,2,2,0,双开,B,3722.6000,3722.4000,3722.2000,3721.0000,3720.8000,3723.0000,3723.4000,3723.8000,3724.0000,3725.8000,2,1,1,2,3,3,2,1,2,2
SF,IF2005,2020-04-13 14:40:58.600,3723.0000,12538,0,7359855480.000,0,-,-,-,-,3722.6000,3722.4000,3722.2000,3721.0000,3720.8000,3723.0000,3723.4000,3723.8000,3724.0000,3725.8000,2,1,1,2,3,3,2,1,2,2
SF,IF2005,2020-04-13 14:40:59.100,3723.0000,12538,0,7359855480.000,0,-,-,-,-,3722.6000,3722.4000,3722.2000,3721.0000,3720.8000,3723.0000,3723.4000,3723.8000,3724.0000,3725.8000,2,1,1,2,3,4,2,1,2,2
SF,IF2005,2020-04-13 14:41:01.100,3722.6000,12539,1,7360972260.000,1,1,0,双开,B,3722.6000,3722.4000,3722.2000,3721.0000,3720.8000,3723.0000,3723.4000,3723.8000,3724.0000,3725.8000,1,1,1,2,3,4,2,1,2,2
SF,IF2005,2020-04-13 14:41:02.100,3722.6000,12539,0,7360972260.000,0,-,-,-,-,3722.8000,3722.4000,3722.2000,3721.0000,3720.8000,3723.0000,3723.4000,3723.8000,3724.0000,3725.8000,1,1,1,2,3,4,2,1,2,2
SF,IF2005,2020-04-13 14:41:03.100,3722.6000,12539,0,7360972260.000,0,-,-,-,-,3722.8000,3722.4000,3722.2000,3721.0000,3720.8000,3723.0000,3723.4000,3723.8000,3724.0000,3725.8000,1,1,1,3,3,4,2,1,2,2
SF,IF2005,2020-04-13 14:41:06.600,3722.6000,12539,0,7360972260.000,0,-,-,-,-,3722.4000,3722.2000,3721.0000,3720.8000,3720.6000,3723.0000,3723.4000,3723.8000,3724.0000,3725.8000,1,1,3,3,1,4,2,1,2,2
SF,IF2005,2020-04-13 14:41:07.100,3722.6000,12539,0,7360972260.000,0,-,-,-,-,3722.2000,3721.0000,3720.8000,3720.6000,3720.2000,3723.0000,3723.4000,3723.8000,3724.0000,3725.8000,1,3,3,1,10,4,2,1,2,2
SF,IF2005,2020-04-13 14:41:07.600,3723.0000,12540,1,7362089160.000,1,1,0,双开,B,3722.4000,3722.2000,3721.0000,3720.8000,3720.6000,3723.0000,3723.4000,3723.8000,3724.0000,3725.8000,1,1,3,3,1,3,2,1,2,2
SF,IF2005,2020-04-13 14:41:08.100,3723.0000,12540,0,7362089160.000,0,-,-,-,-,3722.4000,3722.2000,3721.0000,3720.8000,3720.6000,3723.0000,3723.4000,3723.8000,3724.0000,3725.8000,1,1,3,3,1,3,2,1,2,2
SF,IF2005,2020-04-13 14:41:10.600,3723.0000,12540,0,7362089160.000,0,-,-,-,-,3722.2000,3721.0000,3720.8000,3720.6000,3720.2000,3723.0000,3723.4000,3723.8000,3724.0000,3725.8000,1,3,3,1,10,3,2,1,2,2
SF,IF2005,2020-04-13 14:41:11.100,3722.2000,12540,0,7363205820.000,1,0,1,空换,B,3721.0000,3720.8000,3720.6000,3720.2000,3720.0000,3722.0000,3722.8000,3723.0000,3723.4000,3723.8000,3,2,1,10,6,1,5,3,2,1
SF,IF2005,2020-04-13 14:41:11.600,3722.2000,12540,0,7363205820.000,0,-,-,-,-,3721.2000,3721.0000,3720.8000,3720.6000,3720.2000,3722.8000,3723.0000,3723.4000,3723.8000,3724.0000,2,3,2,1,10,4,4,2,1,2
SF,IF2005,2020-04-13 14:41:12.100,3722.2000,12540,0,7363205820.000,0,-,-,-,-,3721.2000,3721.0000,3720.8000,3720.6000,3720.2000,3722.4000,3722.6000,3722.8000,3723.0000,3723.4000,4,3,2,1,9,2,1,4,4,2
SF,IF2005,2020-04-13 14:41:12.600,3722.2000,12540,0,7363205820.000,0,-,-,-,-,3721.2000,3721.0000,3720.8000,3720.6000,3720.2000,3722.2000,3722.4000,3722.6000,3723.0000,3723.4000,4,3,2,1,9,2,3,6,3,2
SF,IF2005,2020-04-13 14:41:13.100,3722.2000,12540,0,7363205820.000,0,-,-,-,-,3721.6000,3721.4000,3721.2000,3721.0000,3720.8000,3722.2000,3722.4000,3722.6000,3723.0000,3723.4000,1,1,3,3,2,2,3,1,3,2
SF,IF2005,2020-04-13 14:41:13.600,3722.2000,12540,0,7363205820.000,0,-,-,-,-,3721.2000,3721.0000,3720.8000,3720.6000,3720.2000,3722.2000,3722.4000,3722.6000,3723.0000,3723.4000,3,3,2,1,9,2,3,1,3,4
SF,IF2005,2020-04-13 14:41:14.100,3722.2000,12540,0,7363205820.000,0,-,-,-,-,3721.2000,3721.0000,3720.8000,3720.6000,3720.2000,3722.2000,3722.4000,3722.6000,3723.0000,3723.4000,2,3,2,1,9,2,3,1,3,4
SF,IF2005,2020-04-13 14:41:14.600,3722.2000,12540,0,7363205820.000,0,-,-,-,-,3721.2000,3721.0000,3720.8000,3720.6000,3720.2000,3722.2000,3722.4000,3722.6000,3723.0000,3723.4000,3,3,2,1,1,2,3,1,3,4
SF,IF2005,2020-04-13 14:41:15.600,3722.2000,12540,0,7363205820.000,0,-,-,-,-,3721.6000,3721.4000,3721.2000,3721.0000,3720.8000,3722.2000,3722.4000,3722.6000,3723.0000,3723.4000,1,2,2,3,2,2,3,1,3,4
SF,IF2005,2020-04-13 14:41:16.100,3722.2000,12540,0,7363205820.000,0,-,-,-,-,3721.6000,3721.4000,3721.2000,3721.0000,3720.8000,3722.4000,3723.0000,3723.4000,3723.8000,3725.8000,1,2,2,3,2,2,3,4,1,2
SF,IF2005,2020-04-13 14:41:16.600,3722.2000,12540,0,7363205820.000,0,-,-,-,-,3721.4000,3721.2000,3721.0000,3720.8000,3720.6000,3722.4000,3723.0000,3723.4000,3723.8000,3725.8000,2,2,3,2,1,2,3,4,1,2
SF,IF2005,2020-04-13 14:41:17.100,3722.2000,12540,0,7363205820.000,0,-,-,-,-,3721.6000,3721.4000,3721.0000,3720.8000,3720.6000,3722.4000,3723.0000,3723.4000,3723.8000,3725.8000,2,2,3,2,1,2,3,4,1,2
SF,IF2005,2020-04-13 14:41:17.600,3722.2000,12540,0,7363205820.000,0,-,-,-,-,3721.4000,3721.0000,3720.8000,3720.6000,3720.2000,3722.4000,3723.0000,3723.4000,3723.8000,3725.8000,1,3,2,1,1,2,3,4,1,2
SF,IF2005,2020-04-13 14:41:18.100,3722.2000,12540,0,7363205820.000,0,-,-,-,-,3721.0000,3720.8000,3720.6000,3720.2000,3720.0000,3722.2000,3722.4000,3723.0000,3723.4000,3723.8000,1,2,1,1,6,2,2,3,4,1
SF,IF2005,2020-04-13 14:41:18.600,3722.2000,12540,0,7363205820.000,0,-,-,-,-,3721.4000,3721.2000,3721.0000,3720.8000,3720.6000,3722.2000,3722.4000,3723.0000,3723.4000,3723.8000,1,2,1,2,1,2,2,3,4,1
SF,IF2005,2020-04-13 14:41:19.100,3722.2000,12540,0,7363205820.000,0,-,-,-,-,3721.4000,3721.2000,3721.0000,3720.8000,3720.6000,3722.2000,3722.4000,3723.0000,3723.4000,3723.8000,2,3,1,2,1,2,2,3,4,1
SF,IF2005,2020-04-13 14:41:19.600,3722.2000,12540,0,7363205820.000,0,-,-,-,-,3721.6000,3721.4000,3721.2000,3721.0000,3720.8000,3722.2000,3722.4000,3723.0000,3723.4000,3723.8000,1,1,3,1,2,2,2,3,4,1
SF,IF2005,2020-04-13 14:41:20.100,3722.2000,12540,0,7363205820.000,0,-,-,-,-,3721.4000,3721.2000,3721.0000,3720.8000,3720.6000,3722.2000,3722.4000,3723.0000,3723.4000,3723.8000,1,3,1,2,1,2,2,3,4,1
SF,IF2005,2020-04-13 14:41:21.100,3722.2000,12540,0,7363205820.000,0,-,-,-,-,3721.4000,3721.2000,3721.0000,3720.8000,3720.6000,3722.2000,3722.4000,3723.0000,3723.4000,3723.8000,2,3,1,2,1,2,2,3,4,1
SF,IF2005,2020-04-13 14:41:21.600,3722.2000,12540,0,7363205820.000,0,-,-,-,-,3721.6000,3721.4000,3721.0000,3720.8000,3720.6000,3722.4000,3723.0000,3723.4000,3723.8000,3725.8000,4,1,1,2,1,2,3,4,1,2
SF,IF2005,2020-04-13 14:41:22.100,3722.2000,12540,0,7363205820.000,0,-,-,-,-,3721.6000,3721.4000,3721.0000,3720.8000,3720.6000,3723.0000,3723.4000,3723.8000,3725.8000,3726.0000,7,2,1,2,1,3,4,1,2,4
SF,IF2005,2020-04-13 14:41:22.600,3722.2000,12540,0,7363205820.000,0,-,-,-,-,3722.0000,3721.8000,3721.6000,3721.4000,3721.0000,3722.8000,3723.0000,3723.4000,3723.8000,3725.8000,2,5,5,1,1,2,4,4,1,2
SF,IF2005,2020-04-13 14:41:23.100,3722.2000,12540,0,7363205820.000,0,-,-,-,-,3722.0000,3721.8000,3721.6000,3721.4000,3721.0000,3722.8000,3723.0000,3723.4000,3723.8000,3725.8000,2,5,5,1,1,2,3,4,1,2
SF,IF2005,2020-04-13 14:41:23.600,3722.2000,12540,0,7363205820.000,0,-,-,-,-,3722.2000,3722.0000,3721.8000,3721.6000,3721.4000,3723.0000,3723.4000,3723.8000,3725.8000,3726.0000,1,2,4,5,1,3,4,1,2,4
SF,IF2005,2020-04-13 14:41:24.600,3722.2000,12540,0,7363205820.000,0,-,-,-,-,3722.2000,3722.0000,3721.8000,3721.6000,3721.4000,3723.0000,3723.4000,3723.8000,3725.8000,3726.0000,1,2,3,5,1,3,4,1,2,4
SF,IF2005,2020-04-13 14:41:25.100,3722.2000,12540,0,7363205820.000,0,-,-,-,-,3722.2000,3722.0000,3721.8000,3721.6000,3721.4000,3723.0000,3723.4000,3723.8000,3725.8000,3726.0000,1,2,2,5,1,3,4,1,2,4
SF,IF2005,2020-04-13 14:41:28.600,3722.2000,12540,0,7363205820.000,0,-,-,-,-,3722.0000,3721.8000,3721.6000,3721.0000,3720.8000,3723.0000,3723.4000,3723.8000,3725.8000,3726.0000,1,2,5,1,2,3,4,1,2,4
SF,IF2005,2020-04-13 14:41:29.100,3722.8000,12541,1,7364322660.000,1,1,0,双开,B,3721.8000,3721.6000,3721.0000,3720.8000,3720.6000,3722.8000,3723.0000,3723.4000,3723.8000,3725.8000,1,5,1,2,1,2,3,4,1,2
SF,IF2005,2020-04-13 14:41:30.100,3722.8000,12541,0,7364322660.000,0,-,-,-,-,3721.8000,3721.6000,3721.0000,3720.8000,3720.6000,3722.8000,3723.0000,3723.4000,3723.8000,3725.8000,2,3,1,2,1,2,3,4,1,2
SF,IF2005,2020-04-13 14:41:30.600,3722.8000,12541,0,7364322660.000,0,-,-,-,-,3722.0000,3721.8000,3721.6000,3721.0000,3720.8000,3722.8000,3723.0000,3723.4000,3723.8000,3725.8000,1,2,3,1,2,2,3,4,1,2
SF,IF2005,2020-04-13 14:41:31.600,3722.8000,12541,0,7364322660.000,0,-,-,-,-,3722.0000,3721.8000,3721.6000,3721.0000,3720.8000,3722.8000,3723.0000,3723.4000,3723.8000,3725.8000,1,2,3,1,2,2,3,4,1,2
SF,IF2005,2020-04-13 14:41:32.100,3722.8000,12541,0,7364322660.000,0,-,-,-,-,3722.2000,3722.0000,3721.8000,3721.6000,3721.0000,3722.8000,3723.0000,3723.4000,3723.8000,3725.8000,2,2,1,1,1,1,3,4,1,2
SF,IF2005,2020-04-13 14:41:34.100,3722.8000,12541,0,7364322660.000,0,-,-,-,-,3722.2000,3722.0000,3721.8000,3721.6000,3721.0000,3722.6000,3722.8000,3723.0000,3723.4000,3723.8000,2,2,1,1,1,1,2,2,4,1
SF,IF2005,2020-04-13 14:41:34.600,3722.8000,12541,0,7364322660.000,0,-,-,-,-,3722.2000,3722.0000,3721.8000,3721.6000,3721.0000,3722.6000,3722.8000,3723.0000,3723.4000,3723.8000,2,2,1,1,1,2,1,2,4,1
SF,IF2005,2020-04-13 14:41:35.100,3722.8000,12541,0,7364322660.000,0,-,-,-,-,3722.0000,3721.8000,3721.6000,3721.0000,3720.8000,3722.6000,3722.8000,3723.0000,3723.4000,3723.8000,2,1,1,1,2,1,1,2,4,1
SF,IF2005,2020-04-13 14:41:35.600,3722.8000,12541,0,7364322660.000,0,-,-,-,-,3722.0000,3721.8000,3721.6000,3721.0000,3720.8000,3722.6000,3722.8000,3723.0000,3723.4000,3723.8000,2,1,1,1,2,1,1,2,4,1
SF,IF2005,2020-04-13 14:41:36.100,3722.8000,12541,0,7364322660.000,0,-,-,-,-,3722.0000,3721.8000,3721.6000,3721.0000,3720.8000,3722.6000,3722.8000,3723.0000,3723.4000,3723.8000,2,1,1,1,2,1,1,2,4,1
SF,IF2005,2020-04-13 14:41:36.600,3722.6000,12542,1,7365439440.000,1,1,0,双开,B,3722.0000,3721.8000,3721.6000,3721.0000,3720.8000,3722.8000,3723.0000,3723.4000,3723.8000,3725.8000,2,1,1,1,2,1,2,4,1,2
SF,IF2005,2020-04-13 14:41:37.100,3722.6000,12542,0,7365439440.000,0,-,-,-,-,3722.6000,3722.0000,3721.8000,3721.6000,3721.0000,3722.8000,3723.0000,3723.4000,3723.8000,3725.8000,2,2,1,1,1,2,2,4,1,2
SF,IF2005,2020-04-13 14:41:37.600,3722.6000,12542,0,7365439440.000,0,-,-,-,-,3722.6000,3722.0000,3721.8000,3721.6000,3721.0000,3722.8000,3723.0000,3723.4000,3723.8000,3725.8000,2,2,1,1,1,2,2,4,1,2
SF,IF2005,2020-04-13 14:41:38.100,3722.6000,12543,1,7366556220.000,1,1,0,双开,B,3722.6000,3722.0000,3721.8000,3721.0000,3720.8000,3722.8000,3723.0000,3723.4000,3723.8000,3725.8000,1,2,1,1,2,2,2,4,1,2
SF,IF2005,2020-04-13 14:41:38.600,3722.6000,12543,0,7366556220.000,0,-,-,-,-,3722.6000,3722.0000,3721.8000,3721.0000,3720.8000,3722.8000,3723.0000,3723.4000,3723.8000,3725.8000,1,2,1,1,2,2,2,4,1,2
SF,IF2005,2020-04-13 14:41:39.100,3722.6000,12544,1,7367673000.000,1,1,0,双开,B,3722.0000,3721.8000,3721.0000,3720.8000,3720.6000,3722.8000,3723.0000,3723.4000,3723.8000,3725.8000,2,1,1,2,1,2,2,4,1,2
SF,IF2005,2020-04-13 14:41:39.600,3722.6000,12544,0,7367673000.000,0,-,-,-,-,3722.0000,3721.8000,3721.0000,3720.8000,3720.6000,3722.8000,3723.0000,3723.4000,3723.8000,3725.8000,2,1,1,2,1,2,2,4,1,2
SF,IF2005,2020-04-13 14:41:40.100,3722.0000,12544,0,7368789600.000,1,0,1,空换,B,3722.0000,3721.8000,3721.0000,3720.8000,3720.6000,3722.8000,3723.0000,3723.4000,3723.8000,3725.8000,1,1,1,2,1,3,2,4,1,2
SF,IF2005,2020-04-13 14:41:40.600,3722.0000,12544,0,7368789600.000,0,-,-,-,-,3722.0000,3721.8000,3721.0000,3720.8000,3720.6000,3722.8000,3723.0000,3723.4000,3723.8000,3725.8000,1,1,1,2,1,2,2,4,1,2
SF,IF2005,2020-04-13 14:41:41.100,3722.0000,12544,0,7368789600.000,0,-,-,-,-,3722.0000,3721.8000,3721.0000,3720.8000,3720.6000,3722.8000,3723.0000,3723.4000,3723.8000,3725.8000,1,1,1,2,1,1,2,4,1,2
SF,IF2005,2020-04-13 14:41:41.600,3722.0000,12544,0,7368789600.000,0,-,-,-,-,3722.2000,3721.8000,3721.0000,3720.8000,3720.6000,3722.8000,3723.0000,3723.4000,3723.8000,3725.8000,1,1,2,2,1,1,2,4,1,2
SF,IF2005,2020-04-13 14:41:42.100,3722.0000,12544,0,7368789600.000,0,-,-,-,-,3721.8000,3721.0000,3720.8000,3720.6000,3720.2000,3722.8000,3723.0000,3723.4000,3723.8000,3725.8000,1,2,2,1,1,1,2,4,1,2
SF,IF2005,2020-04-13 14:41:42.600,3722.0000,12544,0,7368789600.000,0,-,-,-,-,3722.0000,3721.8000,3721.0000,3720.8000,3720.6000,3722.8000,3723.0000,3723.4000,3723.8000,3725.8000,2,1,2,2,1,2,2,4,1,2
SF,IF2005,2020-04-13 14:41:43.100,3722.0000,12544,0,7368789600.000,0,-,-,-,-,3722.2000,3722.0000,3721.8000,3721.0000,3720.8000,3722.8000,3723.0000,3723.4000,3723.8000,3725.8000,2,2,2,2,2,1,2,4,1,2
SF,IF2005,2020-04-13 14:41:43.600,3722.0000,12544,0,7368789600.000,0,-,-,-,-,3722.2000,3722.0000,3721.8000,3721.0000,3720.8000,3722.8000,3723.0000,3723.4000,3723.8000,3725.8000,2,2,2,2,2,3,2,4,1,2
SF,IF2005,2020-04-13 14:41:44.100,3722.2000,12545,1,7369906260.000,1,1,0,双开,B,3722.2000,3722.0000,3721.8000,3721.0000,3720.8000,3722.8000,3723.0000,3723.4000,3723.8000,3725.8000,1,2,2,2,2,2,2,4,1,2
SF,IF2005,2020-04-13 14:41:44.600,3722.2000,12545,0,7369906260.000,0,-,-,-,-,3722.2000,3722.0000,3721.8000,3721.0000,3720.8000,3722.8000,3723.0000,3723.4000,3723.8000,3725.8000,1,2,2,2,2,2,2,4,1,2
SF,IF2005,2020-04-13 14:41:45.100,3722.2000,12545,0,7369906260.000,0,-,-,-,-,3722.2000,3722.0000,3721.8000,3721.0000,3720.8000,3722.8000,3723.0000,3723.4000,3723.8000,3725.8000,1,2,2,2,2,2,2,4,1,2
SF,IF2005,2020-04-13 14:41:45.600,3722.2000,12545,0,7369906260.000,0,-,-,-,-,3722.2000,3722.0000,3721.8000,3721.0000,3720.8000,3722.8000,3723.0000,3723.4000,3723.8000,3725.8000,1,2,2,2,2,2,2,4,1,2
SF,IF2005,2020-04-13 14:41:46.100,3722.2000,12545,0,7369906260.000,0,-,-,-,-,3722.2000,3722.0000,3721.8000,3721.0000,3720.8000,3722.8000,3723.0000,3723.4000,3723.8000,3725.8000,1,2,2,2,2,3,2,4,1,2
SF,IF2005,2020-04-13 14:41:46.600,3722.2000,12545,0,7369906260.000,0,-,-,-,-,3722.2000,3722.0000,3721.8000,3721.0000,3720.8000,3722.8000,3723.0000,3723.4000,3723.8000,3725.8000,1,2,2,2,2,3,2,4,1,2
SF,IF2005,2020-04-13 14:41:47.100,3722.2000,12545,0,7369906260.000,0,-,-,-,-,3722.2000,3722.0000,3721.8000,3721.0000,3720.8000,3722.8000,3723.0000,3723.4000,3723.8000,3725.8000,1,2,2,2,2,1,2,4,1,2
SF,IF2005,2020-04-13 14:41:48.100,3722.0000,12550,5,7375489800.000,5,5,0,双开,B,3721.8000,3721.0000,3720.8000,3720.6000,3720.2000,3722.0000,3723.0000,3723.4000,3723.8000,3725.8000,2,2,2,1,1,1,2,4,1,2
SF,IF2005,2020-04-13 14:41:48.600,3722.0000,12550,0,7375489800.000,0,-,-,-,-,3721.8000,3721.0000,3720.8000,3720.6000,3720.2000,3722.0000,3723.0000,3723.4000,3723.8000,3725.8000,1,2,2,1,1,1,2,4,1,2
SF,IF2005,2020-04-13 14:41:49.100,3722.0000,12550,0,7375489800.000,0,-,-,-,-,3721.8000,3721.0000,3720.8000,3720.6000,3720.2000,3722.0000,3723.0000,3723.4000,3723.8000,3725.8000,1,2,2,1,1,2,2,4,1,2
SF,IF2005,2020-04-13 14:41:50.600,3722.0000,12550,0,7375489800.000,0,-,-,-,-,3721.8000,3721.0000,3720.8000,3720.6000,3720.2000,3722.0000,3723.0000,3723.4000,3723.8000,3725.8000,1,2,2,1,1,1,2,4,1,2
SF,IF2005,2020-04-13 14:41:51.100,3722.0000,12550,0,7375489800.000,0,-,-,-,-,3721.0000,3720.8000,3720.6000,3720.2000,3720.0000,3722.0000,3723.0000,3723.4000,3723.8000,3725.8000,2,2,1,1,8,2,2,4,1,2
SF,IF2005,2020-04-13 14:41:51.600,3722.0000,12550,0,7375489800.000,0,-,-,-,-,3721.2000,3721.0000,3720.8000,3720.6000,3720.2000,3722.0000,3723.0000,3723.4000,3723.8000,3725.8000,2,2,2,1,1,2,2,4,1,2
SF,IF2005,2020-04-13 14:41:52.100,3722.0000,12550,0,7375489800.000,0,-,-,-,-,3721.2000,3721.0000,3720.8000,3720.6000,3720.2000,3722.0000,3723.0000,3723.4000,3723.8000,3725.8000,4,2,2,1,1,2,2,4,1,2
SF,IF2005,2020-04-13 14:41:52.600,3722.0000,12550,0,7375489800.000,0,-,-,-,-,3721.2000,3721.0000,3720.8000,3720.6000,3720.2000,3722.0000,3723.0000,3723.4000,3723.8000,3725.8000,2,2,2,1,1,1,2,4,1,2
SF,IF2005,2020-04-13 14:41:53.100,3722.0000,12550,0,7375489800.000,0,-,-,-,-,3721.2000,3721.0000,3720.8000,3720.6000,3720.2000,3722.0000,3723.0000,3723.4000,3723.8000,3725.8000,2,2,2,1,1,2,2,4,1,2
SF,IF2005,2020-04-13 14:41:53.600,3722.0000,12550,0,7375489800.000,0,-,-,-,-,3721.2000,3721.0000,3720.8000,3720.6000,3720.2000,3722.0000,3723.0000,3723.4000,3723.8000,3725.8000,2,2,2,1,1,1,2,4,1,2
SF,IF2005,2020-04-13 14:41:54.100,3722.0000,12550,0,7375489800.000,0,-,-,-,-,3721.2000,3721.0000,3720.8000,3720.6000,3720.2000,3722.0000,3723.0000,3723.4000,3723.8000,3725.8000,2,2,2,1,1,2,2,4,1,2
SF,IF2005,2020-04-13 14:41:54.600,3722.0000,12550,0,7375489800.000,0,-,-,-,-,3721.2000,3721.0000,3720.8000,3720.6000,3720.2000,3722.0000,3723.0000,3723.4000,3723.8000,3725.8000,2,2,2,1,1,1,2,4,1,2
SF,IF2005,2020-04-13 14:41:55.100,3722.0000,12550,0,7375489800.000,0,-,-,-,-,3721.2000,3721.0000,3720.8000,3720.6000,3720.2000,3722.0000,3723.0000,3723.4000,3723.8000,3725.8000,1,2,2,1,1,2,2,4,1,2
SF,IF2005,2020-04-13 14:41:55.600,3722.0000,12550,0,7375489800.000,0,-,-,-,-,3721.2000,3721.0000,3720.8000,3720.6000,3720.2000,3722.0000,3723.0000,3723.4000,3723.8000,3725.8000,1,2,2,1,1,1,2,4,1,2
SF,IF2005,2020-04-13 14:41:56.100,3722.0000,12550,0,7375489800.000,0,-,-,-,-,3721.6000,3721.4000,3721.0000,3720.8000,3720.6000,3722.0000,3723.0000,3723.4000,3723.8000,3725.8000,1,2,2,2,1,2,2,4,1,2
SF,IF2005,2020-04-13 14:41:56.600,3722.0000,12550,0,7375489800.000,0,-,-,-,-,3721.0000,3720.8000,3720.6000,3720.2000,3720.0000,3722.0000,3723.0000,3723.4000,3723.8000,3725.8000,2,2,1,1,8,2,2,4,1,3
SF,IF2005,2020-04-13 14:41:57.100,3721.6000,12550,0,7376606280.000,1,0,1,空换,B,3721.6000,3721.4000,3721.2000,3721.0000,3720.8000,3722.0000,3723.0000,3723.4000,3723.8000,3725.8000,1,1,5,2,2,2,2,4,1,3
SF,IF2005,2020-04-13 14:41:57.600,3721.6000,12550,0,7376606280.000,0,-,-,-,-,3721.4000,3721.2000,3721.0000,3720.8000,3720.6000,3722.0000,3723.0000,3723.4000,3723.8000,3725.8000,1,6,3,2,1,1,2,4,1,3
SF,IF2005,2020-04-13 14:41:58.100,3721.6000,12550,0,7376606280.000,0,-,-,-,-,3721.4000,3721.2000,3721.0000,3720.8000,3720.6000,3722.0000,3723.0000,3723.4000,3723.8000,3725.8000,1,6,3,2,1,1,2,4,1,3
SF,IF2005,2020-04-13 14:41:58.600,3721.6000,12550,0,7376606280.000,0,-,-,-,-,3721.4000,3721.2000,3721.0000,3720.8000,3720.6000,3722.0000,3723.0000,3723.4000,3723.8000,3725.8000,2,6,3,2,1,1,2,4,1,3
SF,IF2005,2020-04-13 14:41:59.100,3721.6000,12550,0,7376606280.000,0,-,-,-,-,3721.4000,3721.2000,3721.0000,3720.8000,3720.6000,3722.0000,3723.0000,3723.4000,3723.8000,3725.8000,2,6,3,2,1,2,2,4,1,3
SF,IF2005,2020-04-13 14:42:00.600,3721.6000,12550,0,7376606280.000,0,-,-,-,-,3721.6000,3721.4000,3721.2000,3721.0000,3720.8000,3722.0000,3723.0000,3723.4000,3723.8000,3725.8000,1,2,5,3,2,2,2,4,1,3
SF,IF2005,2020-04-13 14:42:06.100,3721.6000,12550,0,7376606280.000,0,-,-,-,-,3721.6000,3721.4000,3721.2000,3721.0000,3720.8000,3722.0000,3723.0000,3723.4000,3723.8000,3725.8000,2,2,5,3,2,2,2,4,1,3
SF,IF2005,2020-04-13 14:42:06.600,3721.6000,12550,0,7376606280.000,0,-,-,-,-,3721.6000,3721.4000,3721.2000,3721.0000,3720.8000,3722.0000,3723.0000,3723.4000,3723.8000,3725.8000,1,1,2,3,2,2,2,4,1,3
SF,IF2005,2020-04-13 14:42:07.100,3721.6000,12550,0,7376606280.000,0,-,-,-,-,3721.6000,3721.4000,3721.2000,3721.0000,3720.8000,3722.0000,3723.0000,3723.4000,3723.8000,3725.8000,2,1,2,3,2,2,2,4,1,3
SF,IF2005,2020-04-13 14:42:07.600,3722.0000,12550,0,7377722880.000,1,0,1,空换,B,3721.6000,3721.4000,3721.2000,3721.0000,3720.8000,3722.0000,3723.0000,3723.4000,3723.8000,3725.8000,1,1,2,3,2,1,2,4,1,3
SF,IF2005,2020-04-13 14:42:08.100,3722.0000,12550,0,7378839480.000,1,0,1,空换,B,3721.8000,3721.6000,3721.0000,3720.8000,3720.6000,3723.0000,3723.4000,3723.8000,3725.8000,3726.0000,2,1,3,2,1,2,4,1,3,4
SF,IF2005,2020-04-13 14:42:08.600,3722.0000,12550,0,7378839480.000,0,-,-,-,-,3721.8000,3721.6000,3721.0000,3720.8000,3720.6000,3722.8000,3723.0000,3723.4000,3723.8000,3725.8000,1,1,3,2,1,9,2,4,1,3
SF,IF2005,2020-04-13 14:42:09.100,3722.0000,12550,0,7378839480.000,0,-,-,-,-,3721.8000,3721.6000,3721.0000,3720.8000,3720.6000,3722.8000,3723.0000,3723.4000,3723.8000,3725.8000,2,1,3,2,1,5,2,4,1,3
SF,IF2005,2020-04-13 14:42:11.100,3722.0000,12550,0,7378839480.000,0,-,-,-,-,3721.8000,3721.6000,3721.0000,3720.8000,3720.6000,3722.8000,3723.0000,3723.4000,3723.8000,3725.8000,2,1,3,2,1,4,2,4,1,3
SF,IF2005,2020-04-13 14:42:11.600,3721.8000,12551,1,7379956020.000,1,1,0,双开,B,3721.8000,3721.6000,3721.0000,3720.8000,3720.6000,3722.8000,3723.0000,3723.4000,3723.8000,3725.8000,1,1,3,2,1,4,2,4,1,3
SF,IF2005,2020-04-13 14:42:13.600,3721.8000,12551,0,7379956020.000,0,-,-,-,-,3722.0000,3721.8000,3721.6000,3721.0000,3720.8000,3722.8000,3723.0000,3723.4000,3723.8000,3725.8000,1,1,1,3,2,4,2,4,1,3
SF,IF2005,2020-04-13 14:42:16.100,3721.8000,12551,0,7379956020.000,0,-,-,-,-,3722.0000,3721.6000,3721.0000,3720.8000,3720.6000,3722.8000,3723.0000,3723.4000,3723.8000,3725.8000,1,1,3,2,1,4,2,4,1,3
SF,IF2005,2020-04-13 14:42:18.100,3721.8000,12551,0,7379956020.000,0,-,-,-,-,3722.0000,3721.6000,3721.0000,3720.8000,3720.6000,3722.6000,3722.8000,3723.0000,3723.4000,3723.8000,1,1,3,2,1,2,4,2,4,1
SF,IF2005,2020-04-13 14:42:18.600,3721.8000,12551,0,7379956020.000,0,-,-,-,-,3722.0000,3721.6000,3721.0000,3720.8000,3720.6000,3722.6000,3722.8000,3723.0000,3723.4000,3723.8000,1,1,3,2,1,1,4,2,4,1
SF,IF2005,2020-04-13 14:42:22.600,3721.8000,12551,0,7379956020.000,0,-,-,-,-,3722.0000,3721.6000,3721.0000,3720.8000,3720.6000,3722.8000,3723.0000,3723.4000,3723.8000,3725.8000,1,1,3,2,1,4,2,4,1,3
SF,IF2005,2020-04-13 14:42:24.100,3721.8000,12551,0,7379956020.000,0,-,-,-,-,3722.0000,3721.0000,3720.8000,3720.6000,3720.2000,3722.8000,3723.0000,3723.4000,3723.8000,3725.8000,1,3,2,1,1,4,2,4,1,3
SF,IF2005,2020-04-13 14:42:25.600,3721.8000,12551,0,7379956020.000,0,-,-,-,-,3722.4000,3722.2000,3722.0000,3721.0000,3720.8000,3722.8000,3723.0000,3723.4000,3723.8000,3725.8000,1,1,1,3,2,2,2,4,1,3
SF,IF2005,2020-04-13 14:42:26.100,3721.8000,12551,0,7379956020.000,0,-,-,-,-,3722.4000,3722.2000,3722.0000,3721.0000,3720.8000,3723.0000,3723.4000,3723.8000,3725.8000,3726.0000,1,1,1,3,2,2,4,1,3,4
SF,IF2005,2020-04-13 14:42:26.600,3721.8000,12551,0,7379956020.000,0,-,-,-,-,3722.0000,3721.0000,3720.8000,3720.6000,3720.2000,3723.0000,3723.4000,3723.8000,3725.8000,3726.0000,1,3,2,1,1,2,4,1,3,4
SF,IF2005,2020-04-13 14:42:27.100,3721.8000,12551,0,7379956020.000,0,-,-,-,-,3722.2000,3722.0000,3721.0000,3720.8000,3720.6000,3723.0000,3723.4000,3723.8000,3725.8000,3726.0000,3,1,3,2,1,2,4,1,3,4
SF,IF2005,2020-04-13 14:42:27.600,3721.8000,12551,0,7379956020.000,0,-,-,-,-,3722.4000,3722.2000,3722.0000,3721.0000,3720.8000,3723.0000,3723.4000,3723.8000,3725.8000,3726.0000,1,4,1,3,2,2,4,1,3,4
SF,IF2005,2020-04-13 14:42:28.600,3721.8000,12551,0,7379956020.000,0,-,-,-,-,3722.2000,3722.0000,3721.0000,3720.8000,3720.6000,3723.0000,3723.4000,3723.8000,3725.8000,3726.0000,4,1,3,2,1,2,4,1,3,4
SF,IF2005,2020-04-13 14:42:32.600,3721.8000,12551,0,7379956020.000,0,-,-,-,-,3722.2000,3722.0000,3721.0000,3720.8000,3720.6000,3723.0000,3723.4000,3723.8000,3725.8000,3726.0000,3,1,3,2,1,2,4,1,3,4
SF,IF2005,2020-04-13 14:42:33.100,3721.8000,12551,0,7379956020.000,0,-,-,-,-,3722.2000,3722.0000,3721.0000,3720.8000,3720.6000,3722.8000,3723.0000,3723.4000,3723.8000,3725.8000,1,1,3,2,1,2,3,4,1,3
SF,IF2005,2020-04-13 14:42:33.600,3721.8000,12551,0,7379956020.000,0,-,-,-,-,3722.2000,3722.0000,3721.0000,3720.8000,3720.6000,3722.8000,3723.0000,3723.4000,3723.8000,3725.8000,1,1,3,2,1,3,3,4,1,3
SF,IF2005,2020-04-13 14:42:34.100,3721.8000,12551,0,7379956020.000,0,-,-,-,-,3722.2000,3722.0000,3721.0000,3720.8000,3720.6000,3722.8000,3723.0000,3723.4000,3723.8000,3725.8000,1,1,3,2,1,3,2,4,1,3
SF,IF2005,2020-04-13 14:42:34.600,3721.8000,12551,0,7379956020.000,0,-,-,-,-,3722.0000,3721.0000,3720.8000,3720.6000,3720.2000,3722.8000,3723.0000,3723.4000,3723.8000,3725.8000,1,3,2,1,1,4,2,4,1,3
SF,IF2005,2020-04-13 14:42:35.100,3721.8000,12551,0,7379956020.000,0,-,-,-,-,3722.0000,3721.0000,3720.8000,3720.6000,3720.2000,3722.8000,3723.0000,3723.4000,3723.8000,3725.8000,1,3,2,1,1,3,2,4,1,3
SF,IF2005,2020-04-13 14:42:36.100,3721.8000,12551,0,7379956020.000,0,-,-,-,-,3722.4000,3722.2000,3722.0000,3721.0000,3720.8000,3722.8000,3723.0000,3723.4000,3723.8000,3725.8000,1,1,1,3,2,3,2,4,1,3
SF,IF2005,2020-04-13 14:42:36.600,3721.8000,12551,0,7379956020.000,0,-,-,-,-,3722.0000,3721.0000,3720.8000,3720.6000,3720.2000,3722.8000,3723.0000,3723.4000,3723.8000,3725.8000,1,3,2,1,1,2,2,4,1,3
SF,IF2005,2020-04-13 14:42:37.100,3721.8000,12551,0,7379956020.000,0,-,-,-,-,3722.0000,3721.0000,3720.8000,3720.6000,3720.2000,3722.8000,3723.0000,3723.4000,3723.8000,3725.8000,1,3,2,1,1,4,2,4,1,3
SF,IF2005,2020-04-13 14:42:40.100,3721.8000,12551,0,7379956020.000,0,-,-,-,-,3722.0000,3721.0000,3720.8000,3720.6000,3720.2000,3722.8000,3723.0000,3723.4000,3723.8000,3725.8000,2,3,2,1,1,4,2,4,1,3
SF,IF2005,2020-04-13 14:42:41.100,3721.8000,12551,0,7379956020.000,0,-,-,-,-,3722.0000,3721.0000,3720.8000,3720.6000,3720.2000,3722.8000,3723.0000,3723.4000,3723.8000,3725.8000,2,3,2,1,1,4,2,4,1,3
SF,IF2005,2020-04-13 14:42:41.600,3721.8000,12551,0,7379956020.000,0,-,-,-,-,3722.2000,3722.0000,3721.0000,3720.8000,3720.6000,3722.8000,3723.0000,3723.4000,3723.8000,3725.8000,1,2,3,2,1,4,2,4,1,3
SF,IF2005,2020-04-13 14:42:42.100,3721.8000,12551,0,7379956020.000,0,-,-,-,-,3722.2000,3722.0000,3721.0000,3720.8000,3720.6000,3722.8000,3723.0000,3723.4000,3723.8000,3725.8000,1,2,3,2,1,5,2,4,1,3
SF,IF2005,2020-04-13 14:42:42.600,3721.8000,12551,0,7379956020.000,0,-,-,-,-,3722.2000,3722.0000,3721.0000,3720.8000,3720.6000,3722.6000,3722.8000,3723.0000,3723.4000,3723.8000,1,2,3,2,1,1,3,2,4,1
SF,IF2005,2020-04-13 14:42:43.100,3721.8000,12551,0,7379956020.000,0,-,-,-,-,3722.2000,3722.0000,3721.0000,3720.8000,3720.6000,3722.6000,3722.8000,3723.0000,3723.4000,3723.8000,1,2,3,2,1,1,3,2,4,1
SF,IF2005,2020-04-13 14:42:43.600,3721.8000,12551,0,7379956020.000,0,-,-,-,-,3722.2000,3722.0000,3721.0000,3720.8000,3720.6000,3722.6000,3722.8000,3723.0000,3723.4000,3723.8000,1,2,3,2,1,1,3,2,4,1
SF,IF2005,2020-04-13 14:42:44.100,3721.8000,12551,0,7379956020.000,0,-,-,-,-,3722.2000,3722.0000,3721.0000,3720.8000,3720.6000,3722.6000,3722.8000,3723.0000,3723.4000,3723.8000,1,2,3,2,1,2,3,2,4,1
SF,IF2005,2020-04-13 14:42:44.600,3721.8000,12551,0,7379956020.000,0,-,-,-,-,3722.2000,3722.0000,3721.0000,3720.8000,3720.6000,3722.6000,3722.8000,3723.0000,3723.4000,3723.8000,1,2,3,2,1,1,3,2,4,1
SF,IF2005,2020-04-13 14:42:45.600,3721.8000,12551,0,7379956020.000,0,-,-,-,-,3722.2000,3722.0000,3721.0000,3720.8000,3720.6000,3722.6000,3722.8000,3723.0000,3723.4000,3723.8000,1,2,3,2,1,1,3,2,4,1
SF,IF2005,2020-04-13 14:42:46.100,3721.8000,12551,0,7379956020.000,0,-,-,-,-,3722.2000,3722.0000,3721.0000,3720.8000,3720.6000,3722.6000,3722.8000,3723.0000,3723.4000,3723.8000,1,2,3,2,1,1,3,2,4,1
SF,IF2005,2020-04-13 14:42:46.600,3721.8000,12551,0,7379956020.000,0,-,-,-,-,3722.2000,3722.0000,3721.0000,3720.8000,3720.6000,3722.6000,3722.8000,3723.0000,3723.4000,3723.8000,1,2,3,2,1,1,3,2,4,1
SF,IF2005,2020-04-13 14:42:47.600,3721.8000,12551,0,7379956020.000,0,-,-,-,-,3722.2000,3722.0000,3721.0000,3720.8000,3720.6000,3722.6000,3722.8000,3723.0000,3723.4000,3723.8000,1,2,3,2,1,2,3,2,4,1
SF,IF2005,2020-04-13 14:42:48.100,3721.8000,12551,0,7379956020.000,0,-,-,-,-,3722.2000,3722.0000,3721.0000,3720.8000,3720.6000,3722.6000,3722.8000,3723.0000,3723.4000,3723.8000,1,2,3,2,1,2,3,2,4,1
SF,IF2005,2020-04-13 14:42:48.600,3721.8000,12551,0,7379956020.000,0,-,-,-,-,3722.2000,3722.0000,3721.0000,3720.8000,3720.6000,3722.6000,3722.8000,3723.0000,3723.4000,3723.8000,1,2,3,2,1,1,3,2,4,1
SF,IF2005,2020-04-13 14:42:49.100,3721.8000,12551,0,7379956020.000,0,-,-,-,-,3722.2000,3722.0000,3721.0000,3720.8000,3720.6000,3722.6000,3722.8000,3723.0000,3723.4000,3723.8000,1,2,3,2,1,1,3,2,4,1
SF,IF2005,2020-04-13 14:42:49.600,3721.8000,12551,0,7379956020.000,0,-,-,-,-,3722.2000,3722.0000,3721.0000,3720.8000,3720.6000,3722.6000,3722.8000,3723.0000,3723.4000,3723.8000,1,2,3,2,1,1,2,2,4,1
SF,IF2005,2020-04-13 14:42:50.100,3721.8000,12551,0,7379956020.000,0,-,-,-,-,3722.2000,3722.0000,3721.0000,3720.8000,3720.6000,3722.6000,3722.8000,3723.0000,3723.4000,3723.8000,1,2,3,2,1,2,2,2,4,1
SF,IF2005,2020-04-13 14:42:50.600,3721.8000,12551,0,7379956020.000,0,-,-,-,-,3722.2000,3722.0000,3721.0000,3720.8000,3720.6000,3722.6000,3722.8000,3723.0000,3723.4000,3723.8000,1,2,3,2,1,1,2,2,4,1
SF,IF2005,2020-04-13 14:42:51.100,3721.8000,12551,0,7379956020.000,0,-,-,-,-,3722.2000,3722.0000,3721.0000,3720.8000,3720.6000,3722.6000,3722.8000,3723.0000,3723.4000,3723.8000,1,2,3,2,1,2,2,2,4,1
SF,IF2005,2020-04-13 14:42:52.100,3721.8000,12551,0,7379956020.000,0,-,-,-,-,3722.2000,3722.0000,3721.0000,3720.8000,3720.6000,3722.6000,3722.8000,3723.0000,3723.4000,3723.8000,1,2,3,2,1,1,2,2,4,1
SF,IF2005,2020-04-13 14:42:52.600,3721.8000,12551,0,7379956020.000,0,-,-,-,-,3722.2000,3722.0000,3721.0000,3720.8000,3720.6000,3722.6000,3722.8000,3723.0000,3723.4000,3723.8000,1,2,3,2,1,1,2,2,4,1
SF,IF2005,2020-04-13 14:42:53.100,3721.8000,12551,0,7379956020.000,0,-,-,-,-,3722.2000,3722.0000,3721.0000,3720.8000,3720.6000,3722.6000,3722.8000,3723.0000,3723.4000,3723.8000,1,2,3,2,1,1,2,2,4,1
SF,IF2005,2020-04-13 14:42:53.600,3721.8000,12551,0,7379956020.000,0,-,-,-,-,3722.2000,3722.0000,3721.0000,3720.8000,3720.6000,3722.6000,3722.8000,3723.0000,3723.4000,3723.8000,1,2,3,2,1,2,2,2,4,1
SF,IF2005,2020-04-13 14:42:54.100,3721.8000,12551,0,7379956020.000,0,-,-,-,-,3722.2000,3722.0000,3721.0000,3720.8000,3720.6000,3722.6000,3722.8000,3723.0000,3723.4000,3723.8000,1,2,3,2,1,1,2,2,4,1
SF,IF2005,2020-04-13 14:42:55.100,3721.8000,12551,0,7379956020.000,0,-,-,-,-,3722.2000,3722.0000,3721.0000,3720.8000,3720.6000,3722.6000,3722.8000,3723.0000,3723.4000,3723.8000,1,2,3,2,1,2,2,2,4,1
SF,IF2005,2020-04-13 14:42:55.600,3721.8000,12551,0,7379956020.000,0,-,-,-,-,3722.2000,3722.0000,3721.0000,3720.8000,3720.6000,3722.6000,3722.8000,3723.0000,3723.4000,3723.8000,1,2,3,2,1,1,2,2,4,1
SF,IF2005,2020-04-13 14:42:56.100,3721.8000,12551,0,7379956020.000,0,-,-,-,-,3722.2000,3722.0000,3721.0000,3720.8000,3720.6000,3722.6000,3722.8000,3723.0000,3723.4000,3723.8000,1,2,3,2,1,1,2,2,4,1
SF,IF2005,2020-04-13 14:42:56.600,3721.8000,12551,0,7379956020.000,0,-,-,-,-,3722.2000,3722.0000,3721.0000,3720.8000,3720.6000,3722.6000,3722.8000,3723.0000,3723.4000,3723.8000,1,1,3,2,1,1,2,2,4,1
SF,IF2005,2020-04-13 14:42:57.100,3721.8000,12551,0,7379956020.000,0,-,-,-,-,3722.2000,3722.0000,3721.0000,3720.8000,3720.6000,3722.6000,3722.8000,3723.0000,3723.4000,3723.8000,1,1,3,2,1,1,2,2,4,1
SF,IF2005,2020-04-13 14:42:57.600,3721.8000,12551,0,7379956020.000,0,-,-,-,-,3722.2000,3722.0000,3721.0000,3720.8000,3720.6000,3722.6000,3722.8000,3723.0000,3723.4000,3723.8000,1,1,3,2,1,1,2,2,4,1
SF,IF2005,2020-04-13 14:42:58.100,3721.8000,12551,0,7379956020.000,0,-,-,-,-,3722.2000,3722.0000,3721.0000,3720.8000,3720.6000,3722.6000,3722.8000,3723.0000,3723.4000,3723.8000,1,1,3,2,1,2,2,2,4,1
SF,IF2005,2020-04-13 14:42:59.100,3722.2000,12551,0,7381072680.000,1,0,1,空换,B,3722.0000,3721.0000,3720.8000,3720.6000,3720.2000,3722.6000,3722.8000,3723.0000,3723.4000,3723.8000,1,3,2,1,1,2,2,2,4,1
SF,IF2005,2020-04-13 14:42:59.600,3722.2000,12551,0,7381072680.000,0,-,-,-,-,3722.0000,3721.0000,3720.8000,3720.6000,3720.2000,3722.6000,3722.8000,3723.0000,3723.4000,3723.8000,1,3,2,1,1,2,2,2,4,1
SF,IF2005,2020-04-13 14:43:01.600,3722.2000,12551,0,7381072680.000,0,-,-,-,-,3722.0000,3721.0000,3720.8000,3720.6000,3720.2000,3722.6000,3722.8000,3723.0000,3723.4000,3723.8000,1,3,2,1,1,1,2,2,4,1
SF,IF2005,2020-04-13 14:43:02.600,3722.2000,12551,0,7381072680.000,0,-,-,-,-,3722.0000,3721.0000,3720.8000,3720.6000,3720.2000,3722.6000,3722.8000,3723.0000,3723.4000,3723.8000,2,3,2,1,1,1,2,2,4,1
SF,IF2005,2020-04-13 14:43:04.100,3722.2000,12551,0,7381072680.000,0,-,-,-,-,3722.0000,3721.0000,3720.8000,3720.6000,3720.2000,3722.6000,3722.8000,3723.0000,3723.4000,3723.8000,3,3,2,1,1,1,2,2,4,1
SF,IF2005,2020-04-13 14:43:04.600,3722.2000,12551,0,7381072680.000,0,-,-,-,-,3722.0000,3721.0000,3720.8000,3720.6000,3720.2000,3722.6000,3722.8000,3723.0000,3723.4000,3723.8000,2,3,2,1,1,1,2,2,4,1
SF,IF2005,2020-04-13 14:43:07.100,3722.2000,12551,0,7381072680.000,0,-,-,-,-,3722.0000,3721.0000,3720.8000,3720.6000,3720.2000,3722.6000,3722.8000,3723.0000,3723.4000,3723.8000,2,3,2,1,1,2,2,2,4,1
SF,IF2005,2020-04-13 14:43:08.600,3722.2000,12551,0,7381072680.000,0,-,-,-,-,3722.0000,3721.0000,3720.8000,3720.6000,3720.2000,3722.4000,3722.6000,3722.8000,3723.0000,3723.4000,2,3,2,1,1,1,1,2,2,4
SF,IF2005,2020-04-13 14:43:11.600,3722.4000,12552,1,7382189400.000,1,1,0,双开,B,3722.2000,3722.0000,3721.0000,3720.8000,3720.6000,3722.6000,3722.8000,3723.0000,3723.4000,3723.8000,1,2,3,2,1,1,2,2,4,1
SF,IF2005,2020-04-13 14:43:12.100,3722.4000,12552,0,7382189400.000,0,-,-,-,-,3722.0000,3721.0000,3720.8000,3720.6000,3720.2000,3722.6000,3722.8000,3723.0000,3723.4000,3723.8000,2,3,2,1,1,1,2,2,4,1
SF,IF2005,2020-04-13 14:43:12.600,3722.4000,12552,0,7382189400.000,0,-,-,-,-,3722.0000,3721.0000,3720.8000,3720.6000,3720.2000,3722.4000,3722.6000,3723.0000,3723.4000,3723.8000,2,3,2,1,1,2,2,2,4,1
SF,IF2005,2020-04-13 14:43:15.100,3722.4000,12552,0,7382189400.000,0,-,-,-,-,3722.2000,3722.0000,3721.0000,3720.8000,3720.6000,3722.4000,3722.6000,3723.0000,3723.4000,3723.8000,1,2,3,2,1,2,2,2,4,1
SF,IF2005,2020-04-13 14:43:19.600,3722.4000,12552,0,7382189400.000,0,-,-,-,-,3722.2000,3722.0000,3721.0000,3720.8000,3720.6000,3722.4000,3722.6000,3723.0000,3723.4000,3723.8000,1,2,3,2,1,2,2,2,4,1
SF,IF2005,2020-04-13 14:43:20.100,3722.4000,12552,0,7382189400.000,0,-,-,-,-,3722.2000,3722.0000,3721.0000,3720.8000,3720.6000,3722.6000,3723.0000,3723.4000,3723.8000,3725.0000,1,2,3,2,1,2,2,4,1,1
SF,IF2005,2020-04-13 14:43:21.600,3722.4000,12552,0,7382189400.000,0,-,-,-,-,3722.2000,3722.0000,3721.0000,3720.8000,3720.6000,3722.6000,3723.0000,3723.4000,3723.8000,3725.0000,1,2,3,2,1,1,2,4,1,1
SF,IF2005,2020-04-13 14:43:23.600,3722.6000,12553,1,7383306180.000,1,1,0,双开,B,3722.6000,3722.2000,3722.0000,3721.0000,3720.8000,3723.0000,3723.4000,3723.8000,3725.0000,3725.8000,2,1,2,3,2,2,4,1,1,3
SF,IF2005,2020-04-13 14:43:24.100,3722.6000,12556,3,7386656520.000,3,3,0,双开,B,3722.2000,3722.0000,3721.0000,3720.8000,3720.6000,3723.0000,3723.4000,3723.8000,3725.0000,3725.8000,1,2,3,2,1,2,4,1,1,3
SF,IF2005,2020-04-13 14:43:24.600,3722.6000,12556,0,7386656520.000,0,-,-,-,-,3722.2000,3722.0000,3721.0000,3720.8000,3720.6000,3723.0000,3723.4000,3723.8000,3725.0000,3725.8000,1,2,3,2,1,2,4,1,1,3
SF,IF2005,2020-04-13 14:43:25.100,3722.6000,12556,0,7386656520.000,0,-,-,-,-,3722.2000,3722.0000,3721.0000,3720.8000,3720.6000,3722.8000,3723.0000,3723.4000,3723.8000,3725.0000,1,2,3,2,1,2,2,4,1,1
SF,IF2005,2020-04-13 14:43:26.100,3722.6000,12556,0,7386656520.000,0,-,-,-,-,3722.2000,3722.0000,3721.0000,3720.8000,3720.6000,3722.8000,3723.0000,3723.4000,3723.8000,3725.0000,1,2,3,2,1,2,2,4,1,1
SF,IF2005,2020-04-13 14:43:28.100,3722.6000,12556,0,7386656520.000,0,-,-,-,-,3722.2000,3722.0000,3721.0000,3720.8000,3720.6000,3722.6000,3722.8000,3723.0000,3723.4000,3723.8000,1,2,3,2,1,1,2,2,4,1
SF,IF2005,2020-04-13 14:43:28.600,3722.6000,12556,0,7386656520.000,0,-,-,-,-,3722.2000,3722.0000,3721.0000,3720.8000,3720.6000,3722.8000,3723.0000,3723.4000,3723.8000,3725.0000,1,2,3,2,1,2,2,4,1,1
SF,IF2005,2020-04-13 14:43:32.600,3722.6000,12556,0,7386656520.000,0,-,-,-,-,3722.2000,3722.0000,3721.0000,3720.8000,3720.6000,3722.6000,3722.8000,3723.0000,3723.4000,3723.8000,1,1,3,2,1,1,2,2,4,1
SF,IF2005,2020-04-13 14:43:33.100,3722.6000,12556,0,7386656520.000,0,-,-,-,-,3722.2000,3722.0000,3721.0000,3720.8000,3720.6000,3722.8000,3723.0000,3723.4000,3723.8000,3725.0000,1,1,3,2,1,2,2,4,1,1
SF,IF2005,2020-04-13 14:43:34.100,3722.6000,12556,0,7386656520.000,0,-,-,-,-,3722.2000,3722.0000,3721.0000,3720.8000,3720.6000,3722.8000,3723.0000,3723.4000,3723.8000,3725.0000,1,1,3,2,1,3,2,4,1,1
SF,IF2005,2020-04-13 14:43:34.600,3722.6000,12556,0,7386656520.000,0,-,-,-,-,3722.2000,3722.0000,3721.0000,3720.8000,3720.6000,3722.6000,3722.8000,3723.0000,3723.4000,3723.8000,2,2,3,2,1,1,2,2,4,1
SF,IF2005,2020-04-13 14:43:35.600,3722.6000,12556,0,7386656520.000,0,-,-,-,-,3722.2000,3722.0000,3721.0000,3720.8000,3720.6000,3722.6000,3722.8000,3723.0000,3723.4000,3723.8000,2,2,3,2,1,1,2,2,4,1
SF,IF2005,2020-04-13 14:43:36.600,3722.2000,12557,1,7387773180.000,1,1,0,双开,B,3722.2000,3722.0000,3721.0000,3720.8000,3720.6000,3722.4000,3722.8000,3723.0000,3723.4000,3723.8000,1,2,3,2,1,1,2,2,4,1
SF,IF2005,2020-04-13 14:43:37.100,3722.2000,12557,0,7387773180.000,0,-,-,-,-,3722.2000,3722.0000,3721.0000,3720.8000,3720.6000,3722.8000,3723.0000,3723.4000,3723.8000,3725.0000,1,2,3,2,1,2,2,4,1,1
SF,IF2005,2020-04-13 14:43:38.100,3722.2000,12557,0,7387773180.000,0,-,-,-,-,3722.2000,3722.0000,3721.0000,3720.8000,3720.6000,3722.8000,3723.0000,3723.4000,3723.8000,3725.0000,1,2,3,2,1,3,2,4,1,1
SF,IF2005,2020-04-13 14:43:41.100,3722.2000,12557,0,7387773180.000,0,-,-,-,-,3722.2000,3722.0000,3721.0000,3720.8000,3720.6000,3722.6000,3722.8000,3723.0000,3723.4000,3723.8000,1,2,3,2,1,1,2,2,4,1
SF,IF2005,2020-04-13 14:43:41.600,3722.2000,12557,0,7387773180.000,0,-,-,-,-,3722.2000,3722.0000,3721.0000,3720.8000,3720.6000,3722.8000,3723.0000,3723.4000,3723.8000,3725.0000,1,2,3,2,1,2,2,4,1,1
SF,IF2005,2020-04-13 14:43:42.600,3722.2000,12557,0,7387773180.000,0,-,-,-,-,3722.2000,3722.0000,3721.0000,3720.8000,3720.6000,3722.8000,3723.0000,3723.4000,3723.8000,3725.0000,1,2,3,2,1,3,2,4,1,1
SF,IF2005,2020-04-13 14:43:45.100,3722.2000,12557,0,7387773180.000,0,-,-,-,-,3722.2000,3722.0000,3721.0000,3720.8000,3720.6000,3722.6000,3722.8000,3723.0000,3723.4000,3723.8000,1,2,3,2,1,1,2,2,4,1
SF,IF2005,2020-04-13 14:43:45.600,3722.2000,12557,0,7387773180.000,0,-,-,-,-,3722.2000,3722.0000,3721.0000,3720.8000,3720.6000,3722.8000,3723.0000,3723.4000,3723.8000,3725.0000,1,2,3,2,1,2,2,4,1,1
SF,IF2005,2020-04-13 14:43:47.600,3722.2000,12557,0,7387773180.000,0,-,-,-,-,3722.2000,3722.0000,3721.0000,3720.8000,3720.6000,3722.8000,3723.0000,3723.4000,3723.8000,3725.0000,1,2,3,2,1,3,2,4,1,1
SF,IF2005,2020-04-13 14:43:48.100,3722.8000,12558,1,7388890020.000,1,1,0,双开,B,3722.2000,3722.0000,3721.0000,3720.8000,3720.6000,3722.8000,3723.0000,3723.4000,3723.8000,3725.0000,1,2,3,2,1,2,2,4,1,1
SF,IF2005,2020-04-13 14:43:48.600,3722.2000,12558,0,7390006680.000,1,0,1,空换,B,3722.0000,3721.0000,3720.8000,3720.6000,3720.2000,3722.8000,3723.0000,3723.4000,3723.8000,3725.0000,2,3,2,1,1,2,2,4,1,1
SF,IF2005,2020-04-13 14:43:53.100,3722.2000,12558,0,7390006680.000,0,-,-,-,-,3722.0000,3721.0000,3720.8000,3720.6000,3720.2000,3722.6000,3722.8000,3723.0000,3723.4000,3723.8000,2,3,2,1,1,1,1,2,4,1
SF,IF2005,2020-04-13 14:43:53.600,3722.2000,12558,0,7390006680.000,0,-,-,-,-,3722.0000,3721.0000,3720.8000,3720.6000,3720.2000,3722.8000,3723.0000,3723.4000,3723.8000,3725.0000,2,3,2,1,1,1,2,4,1,1
SF,IF2005,2020-04-13 14:43:54.100,3722.2000,12558,0,7390006680.000,0,-,-,-,-,3722.0000,3721.0000,3720.8000,3720.6000,3720.2000,3722.4000,3722.8000,3723.0000,3723.4000,3723.8000,2,3,2,1,1,1,2,2,4,1
SF,IF2005,2020-04-13 14:43:54.600,3722.2000,12558,0,7390006680.000,0,-,-,-,-,3722.0000,3721.0000,3720.8000,3720.6000,3720.2000,3722.4000,3722.8000,3723.0000,3723.4000,3723.8000,2,3,2,1,1,1,1,2,4,1
SF,IF2005,2020-04-13 14:43:55.100,3722.2000,12558,0,7390006680.000,0,-,-,-,-,3722.0000,3721.0000,3720.8000,3720.6000,3720.2000,3722.4000,3722.8000,3723.0000,3723.4000,3723.8000,2,3,2,1,1,1,1,2,4,1
SF,IF2005,2020-04-13 14:43:55.600,3722.0000,12560,2,7392239880.000,2,2,0,双开,B,3721.0000,3720.8000,3720.6000,3720.2000,3720.0000,3722.2000,3722.8000,3723.0000,3723.4000,3723.8000,3,2,1,1,7,1,1,2,4,1
SF,IF2005,2020-04-13 14:43:56.100,3722.0000,12560,0,7392239880.000,0,-,-,-,-,3721.4000,3721.2000,3721.0000,3720.8000,3720.6000,3722.0000,3722.2000,3723.0000,3723.4000,3723.8000,1,5,3,2,1,2,2,2,4,1
SF,IF2005,2020-04-13 14:43:56.600,3722.0000,12560,0,7392239880.000,0,-,-,-,-,3721.4000,3721.2000,3721.0000,3720.8000,3720.6000,3722.0000,3723.0000,3723.4000,3723.8000,3725.0000,1,5,4,2,1,3,2,4,1,1
SF,IF2005,2020-04-13 14:43:57.100,3722.0000,12560,0,7392239880.000,0,-,-,-,-,3722.0000,3721.4000,3721.2000,3721.0000,3720.8000,3723.0000,3723.4000,3723.8000,3725.0000,3725.8000,1,1,5,4,2,2,4,1,1,3
SF,IF2005,2020-04-13 14:43:57.600,3722.0000,12561,1,7393356480.000,1,1,0,双开,B,3721.4000,3721.2000,3721.0000,3720.8000,3720.6000,3722.6000,3722.8000,3723.0000,3723.4000,3723.8000,1,5,4,2,1,7,8,3,4,1
SF,IF2005,2020-04-13 14:43:58.100,3722.0000,12561,0,7393356480.000,0,-,-,-,-,3721.6000,3721.2000,3721.0000,3720.8000,3720.6000,3722.4000,3722.6000,3722.8000,3723.0000,3723.4000,3,3,4,2,1,8,7,5,3,4
SF,IF2005,2020-04-13 14:43:58.600,3722.0000,12561,0,7393356480.000,0,-,-,-,-,3721.6000,3721.2000,3721.0000,3720.8000,3720.6000,3722.4000,3722.6000,3722.8000,3723.0000,3723.4000,3,3,4,2,1,3,5,5,3,4
SF,IF2005,2020-04-13 14:43:59.600,3722.0000,12561,0,7393356480.000,0,-,-,-,-,3721.6000,3721.2000,3721.0000,3720.8000,3720.6000,3722.4000,3722.8000,3723.0000,3723.4000,3723.8000,3,3,4,2,1,3,4,3,4,1
SF,IF2005,2020-04-13 14:44:00.100,3722.0000,12561,0,7393356480.000,0,-,-,-,-,3721.6000,3721.2000,3721.0000,3720.8000,3720.6000,3722.4000,3722.8000,3723.0000,3723.4000,3723.8000,3,3,4,2,1,1,3,3,4,1
SF,IF2005,2020-04-13 14:44:01.100,3722.0000,12561,0,7393356480.000,0,-,-,-,-,3721.6000,3721.2000,3721.0000,3720.8000,3720.6000,3722.0000,3722.4000,3722.8000,3723.0000,3723.4000,3,3,4,2,1,5,1,3,3,4
SF,IF2005,2020-04-13 14:44:04.100,3722.0000,12561,0,7394473080.000,1,0,1,空换,B,3721.6000,3721.2000,3721.0000,3720.8000,3720.6000,3722.0000,3722.4000,3722.8000,3723.0000,3723.4000,3,3,4,2,1,4,1,3,3,4
SF,IF2005,2020-04-13 14:44:05.600,3722.0000,12561,0,7394473080.000,0,-,-,-,-,3721.6000,3721.2000,3721.0000,3720.8000,3720.6000,3722.0000,3722.8000,3723.0000,3723.4000,3723.8000,3,3,4,2,1,4,3,3,4,1
SF,IF2005,2020-04-13 14:44:06.100,3722.0000,12565,4,7398939480.000,4,4,0,双开,B,3721.8000,3721.6000,3721.2000,3721.0000,3720.8000,3722.8000,3723.0000,3723.4000,3723.8000,3725.0000,1,3,2,4,2,3,3,4,1,1
SF,IF2005,2020-04-13 14:44:06.600,3722.0000,12565,0,7398939480.000,0,-,-,-,-,3722.0000,3721.8000,3721.6000,3721.2000,3721.0000,3722.8000,3723.0000,3723.4000,3723.8000,3725.0000,2,1,1,2,4,2,3,4,1,1
SF,IF2005,2020-04-13 14:44:09.600,3722.0000,12565,0,7398939480.000,0,-,-,-,-,3722.0000,3721.8000,3721.6000,3721.2000,3721.0000,3722.8000,3723.0000,3723.4000,3723.8000,3725.0000,2,1,1,2,4,3,3,4,1,1
SF,IF2005,2020-04-13 14:44:15.100,3722.0000,12565,0,7398939480.000,0,-,-,-,-,3722.0000,3721.8000,3721.6000,3721.2000,3721.0000,3722.8000,3723.0000,3723.4000,3723.8000,3725.0000,2,1,1,2,4,2,3,4,1,1
SF,IF2005,2020-04-13 14:44:15.600,3722.0000,12565,0,7398939480.000,0,-,-,-,-,3721.8000,3721.2000,3721.0000,3720.8000,3720.6000,3722.6000,3722.8000,3723.0000,3723.4000,3723.8000,1,2,4,2,1,3,1,3,4,1
SF,IF2005,2020-04-13 14:44:16.600,3722.0000,12565,0,7398939480.000,0,-,-,-,-,3722.2000,3721.8000,3721.2000,3721.0000,3720.8000,3722.4000,3722.6000,3722.8000,3723.0000,3723.4000,1,1,2,4,2,1,2,1,3,4
SF,IF2005,2020-04-13 14:44:17.100,3722.2000,12566,1,7400056140.000,1,1,0,双开,B,3721.8000,3721.2000,3721.0000,3720.8000,3720.6000,3722.4000,3722.6000,3722.8000,3723.0000,3723.4000,1,2,4,2,1,1,2,1,3,4
SF,IF2005,2020-04-13 14:44:20.100,3722.2000,12566,0,7400056140.000,0,-,-,-,-,3721.8000,3721.2000,3721.0000,3720.8000,3720.6000,3722.6000,3722.8000,3723.0000,3723.4000,3723.8000,1,2,4,2,1,2,1,3,4,1
SF,IF2005,2020-04-13 14:44:24.100,3722.2000,12566,0,7400056140.000,0,-,-,-,-,3721.8000,3721.2000,3721.0000,3720.8000,3720.6000,3722.4000,3722.6000,3722.8000,3723.0000,3723.4000,1,2,4,2,1,1,2,1,3,4
SF,IF2005,2020-04-13 14:44:24.600,3722.2000,12566,0,7400056140.000,0,-,-,-,-,3721.8000,3721.2000,3721.0000,3720.8000,3720.6000,3722.6000,3722.8000,3723.0000,3723.4000,3723.8000,1,2,4,2,1,2,1,3,4,1
SF,IF2005,2020-04-13 14:44:25.100,3722.2000,12566,0,7400056140.000,0,-,-,-,-,3721.8000,3721.2000,3721.0000,3720.8000,3720.6000,3722.4000,3722.6000,3722.8000,3723.0000,3723.4000,1,2,4,2,1,1,2,1,3,4
SF,IF2005,2020-04-13 14:44:25.600,3722.2000,12566,0,7400056140.000,0,-,-,-,-,3721.8000,3721.2000,3721.0000,3720.8000,3720.6000,3722.6000,3722.8000,3723.0000,3723.4000,3723.8000,1,2,4,2,1,2,1,3,4,1
SF,IF2005,2020-04-13 14:44:26.600,3722.2000,12566,0,7400056140.000,0,-,-,-,-,3721.8000,3721.2000,3721.0000,3720.8000,3720.6000,3722.6000,3722.8000,3723.0000,3723.4000,3723.8000,1,2,4,2,1,2,1,3,4,1
SF,IF2005,2020-04-13 14:44:27.100,3722.2000,12566,0,7400056140.000,0,-,-,-,-,3721.8000,3721.2000,3721.0000,3720.8000,3720.6000,3722.6000,3722.8000,3723.0000,3723.4000,3723.8000,1,2,4,2,1,2,1,3,4,1
SF,IF2005,2020-04-13 14:44:27.600,3722.2000,12566,0,7400056140.000,0,-,-,-,-,3721.8000,3721.2000,3721.0000,3720.8000,3720.6000,3722.6000,3722.8000,3723.0000,3723.4000,3723.8000,1,2,4,2,1,2,1,3,4,1
SF,IF2005,2020-04-13 14:44:28.100,3722.2000,12566,0,7400056140.000,0,-,-,-,-,3721.8000,3721.2000,3721.0000,3720.8000,3720.6000,3722.6000,3722.8000,3723.0000,3723.4000,3723.8000,1,2,4,2,1,3,1,3,4,1
SF,IF2005,2020-04-13 14:44:28.600,3722.2000,12566,0,7400056140.000,0,-,-,-,-,3721.8000,3721.2000,3721.0000,3720.8000,3720.6000,3722.6000,3722.8000,3723.0000,3723.4000,3723.8000,1,2,4,2,1,2,1,3,4,1
SF,IF2005,2020-04-13 14:44:29.100,3722.2000,12566,0,7400056140.000,0,-,-,-,-,3721.8000,3721.2000,3721.0000,3720.8000,3720.6000,3722.6000,3722.8000,3723.0000,3723.4000,3723.8000,1,2,4,2,1,2,1,3,4,1
SF,IF2005,2020-04-13 14:44:29.600,3722.2000,12566,0,7400056140.000,0,-,-,-,-,3722.0000,3721.8000,3721.2000,3721.0000,3720.8000,3722.6000,3722.8000,3723.0000,3723.4000,3723.8000,1,1,2,4,2,2,1,3,4,1
SF,IF2005,2020-04-13 14:44:30.100,3722.2000,12566,0,7400056140.000,0,-,-,-,-,3721.8000,3721.2000,3721.0000,3720.8000,3720.6000,3722.6000,3722.8000,3723.0000,3723.4000,3723.8000,1,2,4,2,1,2,1,3,4,1
SF,IF2005,2020-04-13 14:44:30.600,3722.2000,12566,0,7400056140.000,0,-,-,-,-,3721.8000,3721.2000,3721.0000,3720.8000,3720.6000,3722.6000,3722.8000,3723.0000,3723.4000,3723.8000,1,2,4,2,1,2,1,3,4,1
SF,IF2005,2020-04-13 14:44:31.600,3722.2000,12566,0,7400056140.000,0,-,-,-,-,3721.8000,3721.2000,3721.0000,3720.8000,3720.6000,3722.6000,3722.8000,3723.0000,3723.4000,3723.8000,1,2,4,2,1,3,1,3,4,1
SF,IF2005,2020-04-13 14:44:32.100,3722.2000,12566,0,7400056140.000,0,-,-,-,-,3721.8000,3721.2000,3721.0000,3720.8000,3720.6000,3722.6000,3722.8000,3723.0000,3723.4000,3723.8000,1,2,4,2,1,3,1,3,4,1
SF,IF2005,2020-04-13 14:44:32.600,3722.2000,12566,0,7400056140.000,0,-,-,-,-,3721.2000,3721.0000,3720.8000,3720.6000,3720.2000,3722.4000,3722.6000,3722.8000,3723.0000,3723.4000,2,4,2,1,1,1,2,1,3,4
SF,IF2005,2020-04-13 14:44:33.100,3722.2000,12566,0,7400056140.000,0,-,-,-,-,3721.4000,3721.2000,3721.0000,3720.8000,3720.6000,3722.4000,3722.6000,3722.8000,3723.0000,3723.4000,2,2,4,2,1,1,2,1,3,4
SF,IF2005,2020-04-13 14:44:33.600,3722.2000,12566,0,7400056140.000,0,-,-,-,-,3721.4000,3721.0000,3720.8000,3720.6000,3720.2000,3722.4000,3722.6000,3722.8000,3723.0000,3723.4000,2,3,2,1,1,1,2,1,3,4
SF,IF2005,2020-04-13 14:44:34.100,3722.2000,12566,0,7400056140.000,0,-,-,-,-,3721.4000,3721.0000,3720.8000,3720.6000,3720.2000,3722.4000,3722.6000,3722.8000,3723.0000,3723.4000,4,3,2,1,1,1,2,1,3,4
SF,IF2005,2020-04-13 14:44:34.600,3722.4000,12566,0,7401172860.000,1,0,1,空换,B,3722.4000,3721.4000,3721.0000,3720.8000,3720.6000,3722.6000,3722.8000,3723.0000,3723.4000,3723.8000,3,5,3,2,1,2,1,3,4,1
SF,IF2005,2020-04-13 14:44:35.100,3722.4000,12566,0,7404523020.000,3,1,2,空换,B,3721.6000,3721.4000,3721.0000,3720.8000,3720.6000,3722.6000,3722.8000,3723.0000,3723.4000,3723.8000,1,5,3,2,1,2,1,3,4,1
SF,IF2005,2020-04-13 14:44:35.600,3722.4000,12566,0,7404523020.000,0,-,-,-,-,3721.8000,3721.6000,3721.4000,3721.0000,3720.8000,3722.6000,3722.8000,3723.0000,3723.4000,3723.8000,2,1,3,3,2,3,1,3,4,1
SF,IF2005,2020-04-13 14:44:36.600,3722.4000,12566,0,7404523020.000,0,-,-,-,-,3721.8000,3721.6000,3721.4000,3721.0000,3720.8000,3722.6000,3722.8000,3723.0000,3723.4000,3723.8000,2,2,3,3,2,3,1,3,4,1
SF,IF2005,2020-04-13 14:44:37.600,3722.4000,12566,0,7404523020.000,0,-,-,-,-,3721.8000,3721.6000,3721.4000,3721.0000,3720.8000,3722.6000,3722.8000,3723.0000,3723.4000,3723.8000,2,2,4,3,2,3,1,3,4,1
SF,IF2005,2020-04-13 14:44:41.600,3722.4000,12566,0,7404523020.000,0,-,-,-,-,3722.0000,3721.8000,3721.6000,3721.4000,3721.0000,3722.6000,3722.8000,3723.0000,3723.4000,3723.8000,1,2,2,4,3,3,1,3,4,1
SF,IF2005,2020-04-13 14:44:46.100,3722.4000,12566,0,7404523020.000,0,-,-,-,-,3722.0000,3721.8000,3721.6000,3721.4000,3721.0000,3722.6000,3722.8000,3723.0000,3723.4000,3723.8000,1,2,2,4,3,2,1,3,4,1
SF,IF2005,2020-04-13 14:44:46.600,3722.4000,12566,0,7404523020.000,0,-,-,-,-,3722.0000,3721.8000,3721.6000,3721.4000,3721.0000,3722.8000,3723.0000,3723.4000,3723.8000,3725.0000,1,2,2,4,3,1,3,4,1,1
SF,IF2005,2020-04-13 14:44:48.600,3722.4000,12566,0,7404523020.000,0,-,-,-,-,3722.0000,3721.8000,3721.6000,3721.4000,3721.0000,3723.0000,3723.4000,3723.8000,3725.0000,3725.8000,1,2,1,4,3,3,4,1,1,3
SF,IF2005,2020-04-13 14:44:50.100,3722.4000,12566,0,7404523020.000,0,-,-,-,-,3722.0000,3721.8000,3721.6000,3721.4000,3721.0000,3723.0000,3723.4000,3723.8000,3725.0000,3725.8000,1,2,1,4,3,4,4,1,1,3
SF,IF2005,2020-04-13 14:44:50.600,3722.4000,12566,0,7404523020.000,0,-,-,-,-,3722.0000,3721.8000,3721.6000,3721.4000,3721.0000,3722.8000,3723.0000,3723.4000,3723.8000,3725.0000,1,2,1,4,3,2,4,4,1,1
SF,IF2005,2020-04-13 14:44:52.600,3722.4000,12566,0,7404523020.000,0,-,-,-,-,3722.0000,3721.8000,3721.6000,3721.4000,3721.0000,3722.8000,3723.0000,3723.4000,3723.8000,3725.0000,1,2,1,4,3,3,3,4,1,1
SF,IF2005,2020-04-13 14:45:00.100,3722.0000,12566,0,7405639620.000,1,0,1,空换,B,3721.8000,3721.6000,3721.4000,3721.0000,3720.8000,3722.0000,3722.8000,3723.0000,3723.4000,3723.8000,2,1,4,3,2,1,3,3,4,1
SF,IF2005,2020-04-13 14:45:00.600,3722.0000,12566,0,7405639620.000,0,-,-,-,-,3721.8000,3721.6000,3721.4000,3721.0000,3720.8000,3722.0000,3722.8000,3723.0000,3723.4000,3723.8000,2,1,4,3,2,1,2,3,4,1
SF,IF2005,2020-04-13 14:45:01.100,3722.0000,12566,0,7406756220.000,1,0,1,空换,B,3721.8000,3721.6000,3721.4000,3721.0000,3720.8000,3722.8000,3723.0000,3723.4000,3723.8000,3725.0000,2,1,4,3,2,2,3,4,1,1
SF,IF2005,2020-04-13 14:45:02.100,3722.0000,12566,0,7406756220.000,0,-,-,-,-,3722.0000,3721.8000,3721.6000,3721.4000,3721.0000,3722.8000,3723.0000,3723.4000,3723.8000,3725.0000,1,2,1,4,3,2,3,4,1,1
SF,IF2005,2020-04-13 14:45:03.100,3722.0000,12566,0,7406756220.000,0,-,-,-,-,3721.8000,3721.6000,3721.4000,3721.0000,3720.8000,3722.8000,3723.0000,3723.4000,3723.8000,3725.0000,2,1,4,3,2,3,3,4,1,1
SF,IF2005,2020-04-13 14:45:03.600,3722.0000,12566,0,7406756220.000,0,-,-,-,-,3721.8000,3721.6000,3721.4000,3721.0000,3720.8000,3722.8000,3723.0000,3723.4000,3723.8000,3725.0000,2,1,4,3,2,3,3,4,1,1
SF,IF2005,2020-04-13 14:45:04.100,3722.0000,12566,0,7406756220.000,0,-,-,-,-,3721.8000,3721.6000,3721.4000,3721.0000,3720.8000,3722.8000,3723.0000,3723.4000,3723.8000,3725.0000,2,1,4,3,2,3,3,4,1,1
SF,IF2005,2020-04-13 14:45:04.600,3722.0000,12566,0,7406756220.000,0,-,-,-,-,3721.8000,3721.6000,3721.4000,3721.0000,3720.8000,3722.8000,3723.0000,3723.4000,3723.8000,3725.0000,2,1,4,3,2,5,3,4,1,1
SF,IF2005,2020-04-13 14:45:05.100,3722.0000,12566,0,7406756220.000,0,-,-,-,-,3721.8000,3721.6000,3721.4000,3721.0000,3720.8000,3722.6000,3722.8000,3723.0000,3723.4000,3723.8000,2,1,4,3,2,1,4,3,4,1
SF,IF2005,2020-04-13 14:45:05.600,3722.0000,12566,0,7406756220.000,0,-,-,-,-,3721.8000,3721.6000,3721.4000,3721.0000,3720.8000,3722.6000,3722.8000,3723.0000,3723.4000,3723.8000,2,1,4,3,2,1,3,3,4,1
SF,IF2005,2020-04-13 14:45:06.100,3722.0000,12566,0,7406756220.000,0,-,-,-,-,3721.8000,3721.6000,3721.4000,3721.0000,3720.8000,3722.6000,3722.8000,3723.0000,3723.4000,3723.8000,2,1,4,3,2,1,3,3,4,1
SF,IF2005,2020-04-13 14:45:06.600,3722.0000,12566,0,7406756220.000,0,-,-,-,-,3721.8000,3721.6000,3721.4000,3721.0000,3720.8000,3722.6000,3722.8000,3723.0000,3723.4000,3723.8000,2,1,4,3,2,1,3,3,4,1
SF,IF2005,2020-04-13 14:45:07.100,3722.0000,12566,0,7406756220.000,0,-,-,-,-,3722.0000,3721.8000,3721.6000,3721.4000,3721.0000,3722.4000,3722.8000,3723.0000,3723.4000,3723.8000,1,2,1,4,3,1,3,3,4,1
SF,IF2005,2020-04-13 14:45:07.600,3722.0000,12566,0,7406756220.000,0,-,-,-,-,3721.6000,3721.4000,3721.0000,3720.8000,3720.6000,3722.4000,3722.8000,3723.0000,3723.4000,3723.8000,1,3,3,2,1,1,3,3,4,1
SF,IF2005,2020-04-13 14:45:08.100,3722.0000,12566,0,7406756220.000,0,-,-,-,-,3721.6000,3721.4000,3721.0000,3720.8000,3720.6000,3722.4000,3722.8000,3723.0000,3723.4000,3723.8000,1,3,3,2,1,1,3,3,4,1
SF,IF2005,2020-04-13 14:45:08.600,3722.0000,12566,0,7406756220.000,0,-,-,-,-,3721.8000,3721.6000,3721.4000,3721.0000,3720.8000,3722.4000,3722.8000,3723.0000,3723.4000,3723.8000,3,1,3,3,2,1,3,3,4,1
SF,IF2005,2020-04-13 14:45:09.100,3722.4000,12567,1,7407872940.000,1,1,0,双开,B,3722.2000,3722.0000,3721.8000,3721.6000,3721.4000,3722.8000,3723.0000,3723.4000,3723.8000,3725.0000,1,1,5,1,1,1,3,4,1,1
SF,IF2005,2020-04-13 14:45:09.600,3722.8000,12568,1,7408989780.000,1,1,0,双开,B,3722.4000,3721.8000,3721.6000,3721.4000,3721.0000,3723.0000,3723.4000,3723.8000,3725.0000,3725.8000,2,2,1,1,3,2,4,1,1,3
SF,IF2005,2020-04-13 14:45:10.100,3723.0000,12570,2,7411223580.000,2,2,0,双开,B,3722.6000,3722.4000,3722.2000,3721.8000,3721.6000,3723.4000,3723.8000,3725.0000,3725.8000,3726.0000,2,2,1,2,1,4,1,1,3,4
SF,IF2005,2020-04-13 14:45:11.100,3723.0000,12570,0,7411223580.000,0,-,-,-,-,3722.6000,3722.4000,3722.2000,3721.8000,3721.6000,3723.4000,3723.8000,3725.0000,3725.8000,3726.0000,2,2,1,2,1,5,1,1,3,4
SF,IF2005,2020-04-13 14:45:14.600,3723.0000,12570,0,7411223580.000,0,-,-,-,-,3722.6000,3722.4000,3722.2000,3721.8000,3721.6000,3723.4000,3723.8000,3725.0000,3725.8000,3726.0000,2,2,1,2,1,2,1,1,3,4
SF,IF2005,2020-04-13 14:45:15.100,3723.0000,12570,0,7411223580.000,0,-,-,-,-,3722.6000,3722.4000,3722.2000,3721.8000,3721.6000,3723.4000,3723.8000,3724.4000,3725.0000,3725.8000,2,2,1,2,1,2,1,2,1,3
SF,IF2005,2020-04-13 14:45:15.600,3723.0000,12570,0,7411223580.000,0,-,-,-,-,3722.6000,3722.4000,3722.2000,3721.8000,3721.6000,3723.4000,3723.8000,3724.4000,3725.0000,3725.8000,2,2,1,2,1,8,1,2,1,3
SF,IF2005,2020-04-13 14:45:17.100,3723.0000,12570,0,7411223580.000,0,-,-,-,-,3722.6000,3722.4000,3722.2000,3721.8000,3721.6000,3723.4000,3723.8000,3724.4000,3725.0000,3725.8000,2,2,1,2,1,9,1,2,1,3
SF,IF2005,2020-04-13 14:45:18.600,3723.0000,12570,0,7411223580.000,0,-,-,-,-,3722.6000,3722.4000,3722.2000,3721.8000,3721.6000,3723.0000,3723.4000,3723.8000,3724.4000,3725.0000,1,2,1,2,1,5,8,1,2,1
SF,IF2005,2020-04-13 14:45:19.100,3723.0000,12570,0,7411223580.000,0,-,-,-,-,3722.4000,3722.2000,3721.8000,3721.6000,3721.4000,3723.0000,3723.4000,3723.8000,3724.4000,3725.0000,2,1,2,1,1,5,2,1,2,1
SF,IF2005,2020-04-13 14:45:19.600,3723.0000,12570,0,7411223580.000,0,-,-,-,-,3722.4000,3722.2000,3721.8000,3721.6000,3721.4000,3723.0000,3723.4000,3723.8000,3724.4000,3725.0000,2,1,2,1,1,8,2,1,2,1
SF,IF2005,2020-04-13 14:45:24.100,3723.0000,12570,0,7411223580.000,0,-,-,-,-,3722.4000,3721.8000,3721.6000,3721.4000,3721.0000,3723.0000,3723.4000,3723.8000,3724.4000,3725.0000,2,2,1,1,3,8,2,1,2,1
SF,IF2005,2020-04-13 14:45:24.600,3722.4000,12572,2,7413457020.000,2,2,0,双开,B,3721.8000,3721.6000,3721.4000,3721.0000,3720.8000,3723.0000,3723.4000,3723.8000,3724.4000,3725.0000,2,1,1,3,2,8,2,1,2,1
SF,IF2005,2020-04-13 14:45:25.100,3722.4000,12572,0,7413457020.000,0,-,-,-,-,3722.6000,3721.8000,3721.6000,3721.4000,3721.0000,3722.8000,3723.0000,3723.4000,3723.8000,3725.0000,1,2,1,1,3,2,8,2,1,1
SF,IF2005,2020-04-13 14:45:25.600,3722.6000,12573,1,7414573800.000,1,1,0,双开,B,3721.8000,3721.6000,3721.4000,3721.0000,3720.8000,3722.8000,3723.0000,3723.4000,3723.6000,3723.8000,2,1,1,3,2,2,5,2,2,1
SF,IF2005,2020-04-13 14:45:26.600,3722.6000,12573,0,7414573800.000,0,-,-,-,-,3722.0000,3721.8000,3721.6000,3721.4000,3721.0000,3722.8000,3723.0000,3723.4000,3723.6000,3723.8000,1,3,1,1,3,5,5,2,2,1
SF,IF2005,2020-04-13 14:45:36.100,3722.6000,12573,0,7414573800.000,0,-,-,-,-,3722.0000,3721.8000,3721.6000,3721.4000,3721.0000,3722.8000,3723.0000,3723.4000,3723.6000,3723.8000,1,1,1,1,3,5,5,2,2,1
SF,IF2005,2020-04-13 14:45:36.600,3722.6000,12573,0,7414573800.000,0,-,-,-,-,3722.0000,3721.8000,3721.6000,3721.4000,3721.0000,3722.8000,3723.0000,3723.4000,3723.6000,3723.8000,3,1,1,1,3,5,5,2,2,1
SF,IF2005,2020-04-13 14:45:37.100,3722.6000,12573,0,7414573800.000,0,-,-,-,-,3722.0000,3721.8000,3721.6000,3721.4000,3721.0000,3722.8000,3723.0000,3723.4000,3723.6000,3723.8000,3,1,1,1,3,5,5,2,2,1
SF,IF2005,2020-04-13 14:45:37.600,3722.6000,12573,0,7414573800.000,0,-,-,-,-,3722.0000,3721.6000,3721.4000,3721.0000,3720.8000,3722.8000,3723.0000,3723.4000,3723.6000,3723.8000,4,1,1,3,2,5,5,2,2,1
SF,IF2005,2020-04-13 14:45:38.100,3722.6000,12573,0,7414573800.000,0,-,-,-,-,3722.2000,3722.0000,3721.6000,3721.4000,3721.0000,3722.8000,3723.0000,3723.4000,3723.6000,3723.8000,1,4,1,1,3,5,5,2,2,1
SF,IF2005,2020-04-13 14:45:38.600,3722.8000,12574,1,7415690640.000,1,1,0,双开,B,3722.4000,3722.2000,3722.0000,3721.6000,3721.4000,3722.8000,3723.0000,3723.4000,3723.6000,3723.8000,1,2,1,1,1,4,5,2,2,1
SF,IF2005,2020-04-13 14:45:39.100,3722.8000,12574,0,7415690640.000,0,-,-,-,-,3722.4000,3722.2000,3722.0000,3721.6000,3721.4000,3722.8000,3723.0000,3723.4000,3723.6000,3723.8000,1,4,1,1,1,5,5,2,2,1
SF,IF2005,2020-04-13 14:45:39.600,3722.8000,12574,0,7415690640.000,0,-,-,-,-,3722.4000,3722.2000,3722.0000,3721.6000,3721.4000,3722.8000,3723.0000,3723.4000,3723.6000,3723.8000,1,4,1,1,1,3,5,2,2,1
SF,IF2005,2020-04-13 14:45:40.100,3722.8000,12574,0,7415690640.000,0,-,-,-,-,3722.4000,3722.2000,3722.0000,3721.6000,3721.4000,3722.8000,3723.0000,3723.4000,3723.6000,3723.8000,1,4,1,1,1,3,5,2,2,1
SF,IF2005,2020-04-13 14:45:40.600,3722.8000,12574,0,7415690640.000,0,-,-,-,-,3722.2000,3722.0000,3721.6000,3721.4000,3721.0000,3722.8000,3723.0000,3723.4000,3723.6000,3723.8000,4,1,1,1,3,4,5,2,2,1
SF,IF2005,2020-04-13 14:45:41.100,3722.8000,12575,1,7416807480.000,1,1,0,双开,B,3722.2000,3722.0000,3721.6000,3721.4000,3721.0000,3722.8000,3723.0000,3723.4000,3723.6000,3723.8000,4,1,1,1,3,2,5,2,2,1
SF,IF2005,2020-04-13 14:45:41.600,3722.8000,12575,0,7416807480.000,0,-,-,-,-,3722.2000,3722.0000,3721.6000,3721.4000,3721.0000,3722.8000,3723.0000,3723.4000,3723.6000,3723.8000,3,1,1,1,3,3,5,2,2,1
SF,IF2005,2020-04-13 14:45:42.100,3722.8000,12575,0,7416807480.000,0,-,-,-,-,3722.2000,3722.0000,3721.6000,3721.4000,3721.0000,3722.8000,3723.0000,3723.4000,3723.6000,3723.8000,2,1,1,1,3,4,5,2,2,1
SF,IF2005,2020-04-13 14:45:42.600,3722.8000,12576,1,7417924320.000,1,1,0,双开,B,3722.2000,3722.0000,3721.6000,3721.4000,3721.0000,3722.8000,3723.0000,3723.4000,3723.6000,3723.8000,2,1,1,1,3,3,5,2,2,1
SF,IF2005,2020-04-13 14:45:43.100,3722.8000,12576,0,7417924320.000,0,-,-,-,-,3722.2000,3722.0000,3721.6000,3721.4000,3721.0000,3722.8000,3723.0000,3723.4000,3723.6000,3723.8000,2,1,1,1,3,3,5,2,2,1
SF,IF2005,2020-04-13 14:45:43.600,3722.8000,12576,0,7417924320.000,0,-,-,-,-,3722.2000,3722.0000,3721.6000,3721.4000,3721.0000,3722.8000,3723.0000,3723.4000,3723.6000,3723.8000,2,1,1,1,3,3,5,2,2,1
SF,IF2005,2020-04-13 14:45:44.100,3722.8000,12576,0,7417924320.000,0,-,-,-,-,3722.2000,3722.0000,3721.6000,3721.4000,3721.0000,3722.8000,3723.0000,3723.4000,3723.6000,3723.8000,2,1,1,1,3,3,5,2,2,1
SF,IF2005,2020-04-13 14:45:44.600,3722.8000,12576,0,7417924320.000,0,-,-,-,-,3722.2000,3722.0000,3721.6000,3721.4000,3721.0000,3722.8000,3723.0000,3723.4000,3723.6000,3723.8000,2,1,1,1,3,3,5,2,2,1
SF,IF2005,2020-04-13 14:45:45.100,3722.8000,12576,0,7417924320.000,0,-,-,-,-,3722.2000,3722.0000,3721.6000,3721.4000,3721.0000,3722.8000,3723.0000,3723.4000,3723.6000,3723.8000,2,1,1,1,3,3,5,2,2,1
SF,IF2005,2020-04-13 14:45:45.600,3722.8000,12576,0,7417924320.000,0,-,-,-,-,3722.2000,3721.6000,3721.4000,3721.0000,3720.8000,3722.8000,3723.0000,3723.4000,3723.6000,3723.8000,3,1,1,3,2,3,5,2,2,1
SF,IF2005,2020-04-13 14:45:46.100,3722.8000,12576,0,7417924320.000,0,-,-,-,-,3722.2000,3721.6000,3721.4000,3721.0000,3720.8000,3722.8000,3723.0000,3723.4000,3723.6000,3723.8000,3,1,1,3,2,3,5,2,2,1
SF,IF2005,2020-04-13 14:45:46.600,3722.8000,12576,0,7417924320.000,0,-,-,-,-,3722.2000,3721.6000,3721.4000,3721.0000,3720.8000,3722.8000,3723.0000,3723.4000,3723.6000,3723.8000,3,1,1,3,2,3,5,2,2,1
SF,IF2005,2020-04-13 14:45:47.100,3722.8000,12576,0,7417924320.000,0,-,-,-,-,3722.2000,3721.6000,3721.4000,3721.0000,3720.8000,3722.8000,3723.0000,3723.4000,3723.6000,3723.8000,3,1,1,3,2,3,5,2,2,1
SF,IF2005,2020-04-13 14:45:47.600,3722.8000,12576,0,7417924320.000,0,-,-,-,-,3722.2000,3721.6000,3721.4000,3721.0000,3720.8000,3722.8000,3723.0000,3723.4000,3723.6000,3723.8000,3,1,1,3,2,3,5,2,2,1
SF,IF2005,2020-04-13 14:45:48.100,3722.8000,12576,0,7417924320.000,0,-,-,-,-,3722.2000,3721.6000,3721.4000,3721.0000,3720.8000,3722.8000,3723.0000,3723.4000,3723.6000,3723.8000,2,1,1,3,2,3,5,2,2,1
SF,IF2005,2020-04-13 14:45:48.600,3722.8000,12576,0,7417924320.000,0,-,-,-,-,3722.2000,3721.6000,3721.4000,3721.0000,3720.8000,3722.8000,3723.0000,3723.4000,3723.6000,3723.8000,2,1,1,3,2,4,5,2,2,1
SF,IF2005,2020-04-13 14:45:49.100,3722.8000,12576,0,7417924320.000,0,-,-,-,-,3722.2000,3721.6000,3721.4000,3721.0000,3720.8000,3722.8000,3723.0000,3723.4000,3723.6000,3723.8000,2,1,1,3,2,3,5,2,2,1
SF,IF2005,2020-04-13 14:45:49.600,3722.8000,12576,0,7417924320.000,0,-,-,-,-,3722.2000,3721.6000,3721.4000,3721.0000,3720.8000,3722.8000,3723.0000,3723.4000,3723.6000,3723.8000,2,1,1,3,2,3,5,2,2,1
SF,IF2005,2020-04-13 14:45:50.600,3722.8000,12577,1,7419041160.000,1,1,0,双开,B,3722.2000,3721.6000,3721.4000,3721.0000,3720.8000,3722.8000,3723.0000,3723.4000,3723.6000,3723.8000,2,1,1,3,2,2,5,2,2,1
SF,IF2005,2020-04-13 14:45:51.100,3722.8000,12577,0,7419041160.000,0,-,-,-,-,3721.6000,3721.4000,3721.0000,3720.8000,3720.2000,3722.8000,3723.0000,3723.4000,3723.6000,3723.8000,1,1,3,2,1,3,5,2,2,1
SF,IF2005,2020-04-13 14:45:51.600,3722.8000,12577,0,7419041160.000,0,-,-,-,-,3721.8000,3721.6000,3721.4000,3721.0000,3720.8000,3722.6000,3722.8000,3723.0000,3723.4000,3723.6000,5,1,1,3,2,2,4,5,2,2
SF,IF2005,2020-04-13 14:45:52.100,3722.8000,12577,0,7419041160.000,0,-,-,-,-,3722.0000,3721.8000,3721.6000,3721.4000,3721.0000,3722.6000,3723.0000,3723.4000,3723.6000,3723.8000,1,6,1,1,3,3,5,2,2,1
SF,IF2005,2020-04-13 14:45:52.600,3722.8000,12577,0,7419041160.000,0,-,-,-,-,3721.8000,3721.6000,3721.4000,3721.0000,3720.8000,3722.6000,3723.0000,3723.4000,3723.6000,3723.8000,4,1,1,3,2,6,5,2,2,1
SF,IF2005,2020-04-13 14:45:53.100,3722.8000,12577,0,7419041160.000,0,-,-,-,-,3721.8000,3721.6000,3721.4000,3721.0000,3720.8000,3722.6000,3723.0000,3723.4000,3723.6000,3723.8000,4,1,1,3,2,5,5,2,2,1
SF,IF2005,2020-04-13 14:45:53.600,3722.8000,12577,0,7419041160.000,0,-,-,-,-,3721.8000,3721.6000,3721.4000,3721.0000,3720.8000,3722.6000,3723.0000,3723.4000,3723.6000,3723.8000,5,1,1,3,2,5,5,2,2,1
SF,IF2005,2020-04-13 14:45:54.100,3722.8000,12577,0,7419041160.000,0,-,-,-,-,3721.8000,3721.6000,3721.4000,3721.0000,3720.8000,3722.6000,3723.0000,3723.4000,3723.6000,3723.8000,5,1,1,3,2,6,5,2,2,1
SF,IF2005,2020-04-13 14:45:54.600,3722.8000,12577,0,7419041160.000,0,-,-,-,-,3721.8000,3721.6000,3721.4000,3721.0000,3720.8000,3722.6000,3723.0000,3723.4000,3723.6000,3723.8000,5,1,1,3,2,5,5,2,2,1
SF,IF2005,2020-04-13 14:45:55.100,3722.8000,12577,0,7419041160.000,0,-,-,-,-,3722.2000,3722.0000,3721.8000,3721.6000,3721.4000,3722.6000,3723.0000,3723.4000,3723.6000,3723.8000,1,1,4,1,1,5,5,2,2,1
SF,IF2005,2020-04-13 14:45:55.600,3722.8000,12577,0,7419041160.000,0,-,-,-,-,3722.2000,3722.0000,3721.8000,3721.6000,3721.4000,3722.6000,3723.0000,3723.4000,3723.6000,3723.8000,1,1,4,1,1,5,5,2,2,1
SF,IF2005,2020-04-13 14:45:56.100,3722.8000,12577,0,7419041160.000,0,-,-,-,-,3722.0000,3721.8000,3721.6000,3721.4000,3721.0000,3722.6000,3723.0000,3723.4000,3723.6000,3723.8000,1,4,1,1,3,5,5,1,2,1
SF,IF2005,2020-04-13 14:45:56.600,3722.8000,12577,0,7419041160.000,0,-,-,-,-,3722.0000,3721.8000,3721.6000,3721.4000,3721.0000,3722.6000,3723.0000,3723.4000,3723.6000,3723.8000,1,4,1,1,3,6,5,1,2,1
SF,IF2005,2020-04-13 14:45:57.100,3722.8000,12577,0,7419041160.000,0,-,-,-,-,3722.0000,3721.8000,3721.6000,3721.4000,3721.0000,3722.6000,3723.0000,3723.4000,3723.6000,3723.8000,1,4,1,1,3,5,5,1,2,1
SF,IF2005,2020-04-13 14:45:57.600,3722.8000,12577,0,7419041160.000,0,-,-,-,-,3722.0000,3721.8000,3721.6000,3721.4000,3721.0000,3722.6000,3723.0000,3723.4000,3723.6000,3723.8000,1,4,1,1,3,6,5,1,2,1
SF,IF2005,2020-04-13 14:45:58.100,3722.8000,12577,0,7419041160.000,0,-,-,-,-,3722.0000,3721.8000,3721.6000,3721.4000,3721.0000,3722.6000,3723.0000,3723.4000,3723.6000,3723.8000,1,4,1,1,3,5,5,1,2,1
SF,IF2005,2020-04-13 14:45:59.100,3722.8000,12578,1,7420158000.000,1,1,0,双开,B,3722.0000,3721.8000,3721.6000,3721.4000,3721.0000,3722.6000,3723.0000,3723.4000,3723.6000,3723.8000,1,4,1,1,3,4,5,1,2,1
SF,IF2005,2020-04-13 14:45:59.600,3722.8000,12578,0,7420158000.000,0,-,-,-,-,3722.0000,3721.8000,3721.6000,3721.4000,3721.0000,3722.6000,3723.0000,3723.4000,3723.6000,3723.8000,1,4,1,1,3,4,5,1,2,1
SF,IF2005,2020-04-13 14:46:07.100,3722.8000,12578,0,7420158000.000,0,-,-,-,-,3722.0000,3721.8000,3721.6000,3721.4000,3721.0000,3722.6000,3723.0000,3723.4000,3723.6000,3723.8000,2,4,1,1,3,4,5,1,2,1
SF,IF2005,2020-04-13 14:46:07.600,3722.8000,12578,0,7420158000.000,0,-,-,-,-,3722.0000,3721.8000,3721.6000,3721.4000,3721.0000,3722.6000,3723.0000,3723.4000,3723.6000,3723.8000,2,4,1,1,3,4,5,1,2,1
SF,IF2005,2020-04-13 14:46:08.100,3722.8000,12578,0,7420158000.000,0,-,-,-,-,3722.2000,3722.0000,3721.8000,3721.6000,3721.4000,3722.6000,3723.0000,3723.4000,3723.6000,3723.8000,1,2,4,1,1,4,5,1,2,1
SF,IF2005,2020-04-13 14:46:08.600,3722.8000,12578,0,7420158000.000,0,-,-,-,-,3722.2000,3722.0000,3721.8000,3721.6000,3721.4000,3722.6000,3723.0000,3723.4000,3723.6000,3723.8000,1,2,4,1,1,4,5,1,2,1
SF,IF2005,2020-04-13 14:46:09.100,3722.8000,12578,0,7420158000.000,0,-,-,-,-,3722.0000,3721.8000,3721.6000,3721.4000,3721.0000,3722.6000,3723.0000,3723.4000,3723.6000,3723.8000,2,4,1,1,4,4,5,1,2,1
SF,IF2005,2020-04-13 14:46:09.600,3722.8000,12578,0,7420158000.000,0,-,-,-,-,3722.2000,3722.0000,3721.8000,3721.6000,3721.4000,3722.6000,3723.0000,3723.4000,3723.6000,3723.8000,1,2,4,1,1,4,5,1,2,1
SF,IF2005,2020-04-13 14:46:10.100,3722.8000,12578,0,7420158000.000,0,-,-,-,-,3722.0000,3721.8000,3721.6000,3721.4000,3721.0000,3722.6000,3723.0000,3723.4000,3723.6000,3723.8000,2,4,1,1,4,4,5,1,2,1
SF,IF2005,2020-04-13 14:46:13.600,3722.6000,12582,4,7424625120.000,4,4,0,双开,B,3722.6000,3722.4000,3722.2000,3722.0000,3721.8000,3723.0000,3723.4000,3723.6000,3723.8000,3725.0000,5,1,1,1,4,5,1,2,1,2
SF,IF2005,2020-04-13 14:46:14.100,3722.6000,12582,0,7424625120.000,0,-,-,-,-,3722.8000,3722.4000,3722.2000,3722.0000,3721.8000,3723.0000,3723.4000,3723.6000,3723.8000,3725.0000,1,1,1,1,2,7,1,2,1,2
SF,IF2005,2020-04-13 14:46:14.600,3722.8000,12583,1,7425741960.000,1,1,0,双开,B,3722.2000,3722.0000,3721.8000,3721.6000,3721.4000,3723.0000,3723.4000,3723.6000,3723.8000,3725.0000,1,1,2,1,1,7,1,2,1,2
SF,IF2005,2020-04-13 14:46:15.600,3722.8000,12583,0,7425741960.000,0,-,-,-,-,3722.6000,3722.2000,3722.0000,3721.8000,3721.6000,3723.0000,3723.4000,3723.6000,3723.8000,3725.0000,1,1,1,2,1,7,1,2,1,2
SF,IF2005,2020-04-13 14:46:16.100,3722.8000,12583,0,7425741960.000,0,-,-,-,-,3722.2000,3722.0000,3721.8000,3721.6000,3721.4000,3723.0000,3723.4000,3723.6000,3723.8000,3725.0000,1,1,2,1,1,7,1,2,1,2
SF,IF2005,2020-04-13 14:46:16.600,3722.8000,12583,0,7425741960.000,0,-,-,-,-,3722.4000,3722.2000,3722.0000,3721.8000,3721.6000,3723.0000,3723.4000,3723.6000,3723.8000,3725.0000,1,1,1,2,1,7,1,2,1,2
SF,IF2005,2020-04-13 14:46:17.100,3722.8000,12583,0,7425741960.000,0,-,-,-,-,3722.2000,3722.0000,3721.8000,3721.6000,3721.4000,3723.0000,3723.4000,3723.6000,3723.8000,3725.0000,1,1,2,1,1,7,1,2,1,2
SF,IF2005,2020-04-13 14:46:17.600,3722.8000,12583,0,7425741960.000,0,-,-,-,-,3722.2000,3722.0000,3721.8000,3721.6000,3721.4000,3722.8000,3723.0000,3723.4000,3723.6000,3723.8000,1,1,2,1,1,1,7,1,2,1
SF,IF2005,2020-04-13 14:46:18.100,3722.8000,12583,0,7425741960.000,0,-,-,-,-,3722.2000,3722.0000,3721.8000,3721.6000,3721.4000,3722.8000,3723.0000,3723.4000,3723.6000,3723.8000,1,1,2,1,1,1,5,1,2,1
SF,IF2005,2020-04-13 14:46:18.600,3722.8000,12583,0,7425741960.000,0,-,-,-,-,3722.6000,3722.4000,3722.0000,3721.8000,3721.6000,3722.8000,3723.0000,3723.4000,3723.6000,3723.8000,1,1,1,2,1,3,5,1,2,1
SF,IF2005,2020-04-13 14:46:19.100,3722.8000,12585,2,7429092480.000,3,2,1,多开,B,3722.6000,3722.4000,3722.0000,3721.8000,3721.6000,3722.8000,3723.0000,3723.4000,3723.6000,3723.8000,1,1,1,2,1,2,5,1,2,1
SF,IF2005,2020-04-13 14:46:19.600,3722.8000,12585,0,7429092480.000,0,-,-,-,-,3722.4000,3722.0000,3721.8000,3721.6000,3721.4000,3722.8000,3723.0000,3723.4000,3723.6000,3723.8000,1,1,2,1,1,2,5,1,2,1
SF,IF2005,2020-04-13 14:46:20.100,3722.8000,12585,0,7429092480.000,0,-,-,-,-,3722.6000,3722.4000,3722.0000,3721.8000,3721.6000,3722.8000,3723.0000,3723.4000,3723.6000,3723.8000,1,1,1,2,1,2,5,1,2,1
SF,IF2005,2020-04-13 14:46:20.600,3722.8000,12587,2,7431326160.000,2,2,0,双开,B,3722.6000,3722.0000,3721.8000,3721.6000,3721.4000,3722.8000,3723.0000,3723.4000,3723.6000,3723.8000,2,1,2,1,1,1,5,1,2,1
SF,IF2005,2020-04-13 14:46:21.100,3722.8000,12587,0,7432443000.000,1,0,1,空换,B,3722.8000,3722.6000,3722.0000,3721.8000,3721.6000,3723.0000,3723.4000,3723.6000,3723.8000,3725.0000,3,2,1,2,1,5,1,2,1,2
SF,IF2005,2020-04-13 14:46:21.600,3722.8000,12587,0,7432443000.000,0,-,-,-,-,3722.8000,3722.6000,3722.0000,3721.8000,3721.6000,3723.0000,3723.4000,3723.6000,3723.8000,3725.0000,3,2,1,2,1,6,1,2,1,2
SF,IF2005,2020-04-13 14:46:22.100,3722.8000,12587,0,7432443000.000,0,-,-,-,-,3722.8000,3722.6000,3722.0000,3721.8000,3721.6000,3723.0000,3723.4000,3723.6000,3723.8000,3725.0000,3,1,1,2,1,6,1,2,1,2
SF,IF2005,2020-04-13 14:46:23.100,3722.8000,12587,0,7432443000.000,0,-,-,-,-,3722.8000,3722.6000,3721.8000,3721.6000,3721.4000,3723.0000,3723.4000,3723.6000,3723.8000,3725.0000,3,1,2,1,1,6,1,2,1,2
SF,IF2005,2020-04-13 14:46:24.600,3723.0000,12587,0,7433559900.000,1,0,1,空换,B,3721.8000,3721.6000,3721.4000,3721.0000,3720.8000,3723.0000,3723.4000,3723.6000,3723.8000,3725.0000,2,1,1,4,2,5,1,2,1,2
SF,IF2005,2020-04-13 14:46:25.100,3723.0000,12587,0,7433559900.000,0,-,-,-,-,3722.2000,3722.0000,3721.8000,3721.6000,3721.4000,3723.0000,3723.4000,3723.6000,3723.8000,3725.0000,4,4,2,1,1,5,1,2,1,2
SF,IF2005,2020-04-13 14:46:25.600,3723.0000,12587,0,7436910600.000,3,1,2,空换,B,3722.4000,3722.2000,3722.0000,3721.6000,3721.4000,3723.0000,3723.4000,3723.6000,3723.8000,3725.0000,2,6,5,1,1,2,1,2,1,2
SF,IF2005,2020-04-13 14:46:26.100,3723.0000,12587,0,7436910600.000,0,-,-,-,-,3722.6000,3722.4000,3722.2000,3722.0000,3721.6000,3723.0000,3723.4000,3723.6000,3723.8000,3725.0000,1,3,4,4,1,2,1,2,1,2
SF,IF2005,2020-04-13 14:46:26.600,3723.0000,12587,0,7436910600.000,0,-,-,-,-,3722.6000,3722.4000,3722.2000,3722.0000,3721.6000,3723.0000,3723.4000,3723.6000,3723.8000,3725.0000,1,2,4,4,1,2,1,2,1,2
SF,IF2005,2020-04-13 14:46:27.100,3723.0000,12587,0,7436910600.000,0,-,-,-,-,3722.6000,3722.4000,3722.2000,3722.0000,3721.6000,3723.0000,3723.4000,3723.8000,3725.0000,3725.8000,1,2,4,4,1,2,1,1,2,3
SF,IF2005,2020-04-13 14:46:27.600,3723.0000,12588,1,7438027500.000,1,1,0,双开,B,3722.8000,3722.4000,3722.2000,3722.0000,3721.6000,3723.0000,3723.4000,3723.8000,3724.6000,3725.0000,1,2,4,4,1,1,1,1,2,2
SF,IF2005,2020-04-13 14:46:28.100,3723.0000,12588,0,7438027500.000,0,-,-,-,-,3722.4000,3722.2000,3722.0000,3721.6000,3721.4000,3723.0000,3723.4000,3723.8000,3724.6000,3725.0000,2,4,2,1,1,1,1,1,2,2
SF,IF2005,2020-04-13 14:46:29.100,3723.0000,12588,0,7438027500.000,0,-,-,-,-,3722.8000,3722.6000,3722.4000,3722.2000,3722.0000,3723.0000,3723.4000,3723.8000,3724.6000,3725.0000,1,1,2,4,2,1,1,1,2,2
SF,IF2005,2020-04-13 14:46:30.100,3723.0000,12589,1,7439144400.000,1,1,0,双开,B,3722.8000,3722.4000,3722.2000,3722.0000,3721.6000,3723.4000,3723.8000,3724.6000,3725.0000,3725.8000,1,2,4,2,1,1,1,2,2,3
SF,IF2005,2020-04-13 14:46:31.100,3723.0000,12589,0,7439144400.000,0,-,-,-,-,3722.8000,3722.4000,3722.2000,3722.0000,3721.6000,3723.4000,3723.8000,3724.6000,3725.0000,3725.8000,1,2,3,1,1,1,1,2,2,3
SF,IF2005,2020-04-13 14:46:33.600,3723.4000,12590,1,7440261420.000,1,1,0,双开,B,3723.2000,3723.0000,3722.4000,3722.2000,3722.0000,3723.8000,3724.6000,3725.0000,3725.8000,3726.0000,1,1,2,1,1,1,2,2,3,4
SF,IF2005,2020-04-13 14:46:34.100,3723.4000,12590,0,7440261420.000,0,-,-,-,-,3722.8000,3722.4000,3722.2000,3722.0000,3721.6000,3723.8000,3724.6000,3725.0000,3725.8000,3726.0000,2,2,1,1,1,1,2,2,3,4
SF,IF2005,2020-04-13 14:46:34.600,3723.4000,12590,0,7440261420.000,0,-,-,-,-,3723.4000,3722.8000,3722.4000,3722.2000,3722.0000,3723.6000,3723.8000,3724.6000,3725.0000,3725.8000,1,2,2,1,1,2,1,2,2,3
SF,IF2005,2020-04-13 14:46:35.100,3723.4000,12590,0,7440261420.000,0,-,-,-,-,3723.2000,3723.0000,3722.8000,3722.4000,3722.2000,3723.8000,3724.6000,3725.0000,3725.8000,3726.0000,2,1,2,2,1,1,2,2,3,4
SF,IF2005,2020-04-13 14:46:35.600,3723.4000,12590,0,7440261420.000,0,-,-,-,-,3723.0000,3722.8000,3722.4000,3722.2000,3722.0000,3723.8000,3724.6000,3725.0000,3725.8000,3726.0000,1,2,2,1,1,1,2,2,3,4
SF,IF2005,2020-04-13 14:46:36.100,3723.4000,12590,0,7440261420.000,0,-,-,-,-,3723.2000,3723.0000,3722.8000,3722.2000,3722.0000,3723.8000,3724.6000,3725.0000,3725.8000,3726.0000,2,1,2,1,1,1,2,2,3,4
SF,IF2005,2020-04-13 14:46:36.600,3723.4000,12590,0,7440261420.000,0,-,-,-,-,3723.2000,3723.0000,3722.8000,3722.2000,3722.0000,3723.8000,3724.6000,3725.0000,3725.8000,3726.0000,2,1,2,1,1,1,2,2,3,4
SF,IF2005,2020-04-13 14:46:37.100,3723.4000,12590,0,7440261420.000,0,-,-,-,-,3723.2000,3723.0000,3722.8000,3722.2000,3722.0000,3723.8000,3724.6000,3725.0000,3725.8000,3726.0000,2,1,2,1,1,1,2,2,3,4
SF,IF2005,2020-04-13 14:46:37.600,3723.4000,12590,0,7440261420.000,0,-,-,-,-,3723.2000,3723.0000,3722.8000,3722.2000,3722.0000,3723.8000,3724.6000,3725.0000,3725.8000,3726.0000,2,1,2,1,1,1,2,2,3,4
SF,IF2005,2020-04-13 14:46:38.100,3723.8000,12590,0,7441378560.000,1,0,1,空换,B,3723.6000,3723.4000,3723.2000,3722.2000,3722.0000,3724.6000,3725.0000,3725.8000,3726.0000,3727.0000,1,2,2,1,1,2,2,3,4,4
SF,IF2005,2020-04-13 14:46:38.600,3723.8000,12590,0,7441378560.000,0,-,-,-,-,3723.4000,3723.2000,3722.2000,3722.0000,3721.6000,3724.4000,3724.6000,3725.0000,3725.8000,3726.0000,2,2,1,1,1,3,2,2,3,4
SF,IF2005,2020-04-13 14:46:39.100,3723.8000,12590,0,7441378560.000,0,-,-,-,-,3723.4000,3723.2000,3722.2000,3722.0000,3721.6000,3724.4000,3725.0000,3725.8000,3726.0000,3727.0000,2,2,1,1,1,3,2,3,4,4
SF,IF2005,2020-04-13 14:46:39.600,3723.8000,12590,0,7441378560.000,0,-,-,-,-,3723.8000,3723.6000,3723.4000,3722.0000,3721.6000,3724.4000,3725.0000,3725.6000,3725.8000,3726.0000,1,3,1,1,1,1,2,2,3,4
SF,IF2005,2020-04-13 14:46:40.100,3723.8000,12590,0,7441378560.000,0,-,-,-,-,3723.8000,3723.6000,3723.4000,3722.0000,3721.6000,3724.4000,3725.0000,3725.6000,3725.8000,3726.0000,1,3,1,1,1,2,2,2,3,4
SF,IF2005,2020-04-13 14:46:40.600,3723.8000,12590,0,7441378560.000,0,-,-,-,-,3723.6000,3723.4000,3722.0000,3721.6000,3721.4000,3724.4000,3725.0000,3725.6000,3725.8000,3726.0000,3,1,1,1,1,1,2,2,3,4
SF,IF2005,2020-04-13 14:46:41.100,3723.8000,12590,0,7441378560.000,0,-,-,-,-,3723.8000,3723.6000,3723.4000,3722.0000,3721.6000,3724.4000,3725.0000,3725.6000,3725.8000,3726.0000,1,2,1,1,1,1,2,2,3,4
SF,IF2005,2020-04-13 14:46:41.600,3723.8000,12590,0,7441378560.000,0,-,-,-,-,3723.6000,3723.4000,3722.0000,3721.6000,3721.4000,3724.4000,3725.0000,3725.6000,3725.8000,3726.0000,2,1,1,1,1,1,2,2,3,4
SF,IF2005,2020-04-13 14:46:42.100,3723.8000,12590,0,7441378560.000,0,-,-,-,-,3723.4000,3722.0000,3721.6000,3721.4000,3721.0000,3724.0000,3724.4000,3725.0000,3725.6000,3725.8000,1,1,1,1,4,6,1,2,2,3
SF,IF2005,2020-04-13 14:46:42.600,3723.8000,12590,0,7441378560.000,0,-,-,-,-,3723.4000,3722.0000,3721.6000,3721.4000,3721.0000,3724.0000,3724.4000,3725.0000,3725.6000,3725.8000,1,1,1,1,4,7,1,2,2,3
SF,IF2005,2020-04-13 14:46:43.100,3723.8000,12590,0,7441378560.000,0,-,-,-,-,3723.4000,3722.0000,3721.6000,3721.4000,3721.0000,3724.0000,3724.4000,3725.0000,3725.6000,3725.8000,1,1,1,1,4,7,1,2,2,3
SF,IF2005,2020-04-13 14:46:43.600,3723.8000,12590,0,7441378560.000,0,-,-,-,-,3722.0000,3721.6000,3721.4000,3721.0000,3720.8000,3724.0000,3725.0000,3725.6000,3725.8000,3726.0000,1,1,1,4,2,7,2,2,3,4
SF,IF2005,2020-04-13 14:46:44.100,3723.8000,12590,0,7441378560.000,0,-,-,-,-,3723.4000,3723.0000,3722.8000,3722.6000,3722.4000,3723.8000,3724.0000,3725.0000,3725.6000,3725.8000,1,2,4,2,4,3,7,2,2,3
SF,IF2005,2020-04-13 14:46:44.600,3723.8000,12590,0,7441378560.000,0,-,-,-,-,3723.0000,3722.8000,3722.6000,3722.4000,3722.2000,3723.8000,3724.0000,3725.0000,3725.6000,3725.8000,2,2,1,4,6,1,6,2,2,3
SF,IF2005,2020-04-13 14:46:45.100,3723.8000,12590,0,7441378560.000,0,-,-,-,-,3723.0000,3722.8000,3722.6000,3722.4000,3722.2000,3723.8000,3724.0000,3725.0000,3725.6000,3725.8000,2,1,1,4,6,2,6,2,2,3
SF,IF2005,2020-04-13 14:46:45.600,3723.8000,12590,0,7441378560.000,0,-,-,-,-,3723.4000,3723.2000,3723.0000,3722.8000,3722.6000,3723.8000,3724.0000,3725.0000,3725.6000,3725.8000,2,4,2,1,1,2,6,2,2,3
SF,IF2005,2020-04-13 14:46:46.100,3723.8000,12590,0,7441378560.000,0,-,-,-,-,3723.4000,3723.2000,3723.0000,3722.8000,3722.6000,3723.8000,3724.0000,3725.0000,3725.6000,3725.8000,2,4,2,1,1,1,6,2,2,3
SF,IF2005,2020-04-13 14:46:46.600,3723.8000,12590,0,7441378560.000,0,-,-,-,-,3723.4000,3723.2000,3723.0000,3722.8000,3722.6000,3723.8000,3724.0000,3725.0000,3725.6000,3725.8000,3,4,2,1,1,2,6,2,2,3
SF,IF2005,2020-04-13 14:46:47.100,3723.8000,12590,0,7441378560.000,0,-,-,-,-,3723.4000,3723.2000,3723.0000,3722.8000,3722.6000,3723.8000,3724.0000,3725.0000,3725.6000,3725.8000,3,3,2,1,1,2,6,2,2,3
SF,IF2005,2020-04-13 14:46:47.600,3723.8000,12590,0,7442495700.000,1,0,1,空换,B,3723.4000,3723.2000,3723.0000,3722.8000,3722.6000,3724.0000,3725.0000,3725.6000,3725.8000,3726.0000,3,3,2,1,1,6,2,2,3,4
SF,IF2005,2020-04-13 14:46:48.100,3723.8000,12591,1,7443612840.000,1,1,0,双开,B,3723.8000,3723.6000,3723.4000,3723.2000,3723.0000,3724.0000,3725.0000,3725.6000,3725.8000,3726.0000,1,1,1,3,2,6,2,2,3,4
SF,IF2005,2020-04-13 14:46:48.600,3723.4000,12592,1,7444729860.000,1,1,0,双开,B,3723.4000,3723.2000,3723.0000,3722.8000,3722.6000,3724.0000,3725.0000,3725.6000,3725.8000,3726.0000,1,3,2,1,1,6,2,2,3,4
SF,IF2005,2020-04-13 14:46:49.600,3723.4000,12592,0,7444729860.000,0,-,-,-,-,3723.8000,3723.4000,3723.2000,3723.0000,3722.8000,3724.0000,3725.0000,3725.6000,3725.8000,3726.0000,1,2,3,2,1,6,2,2,3,4
SF,IF2005,2020-04-13 14:46:50.100,3723.4000,12592,0,7444729860.000,0,-,-,-,-,3723.8000,3723.4000,3723.2000,3723.0000,3722.8000,3724.0000,3725.0000,3725.6000,3725.8000,3726.0000,1,2,3,2,1,6,2,2,3,4
SF,IF2005,2020-04-13 14:46:51.600,3723.4000,12592,0,7444729860.000,0,-,-,-,-,3723.8000,3723.4000,3723.2000,3723.0000,3722.8000,3724.0000,3725.0000,3725.6000,3725.8000,3726.0000,1,2,3,2,1,6,2,2,3,4
SF,IF2005,2020-04-13 14:46:52.600,3723.4000,12592,0,7444729860.000,0,-,-,-,-,3723.8000,3723.4000,3723.2000,3723.0000,3722.8000,3724.0000,3725.0000,3725.6000,3725.8000,3726.0000,1,2,2,2,1,6,2,2,3,4
SF,IF2005,2020-04-13 14:46:53.100,3724.0000,12593,1,7445847060.000,1,1,0,双开,B,3723.8000,3723.4000,3723.2000,3723.0000,3722.8000,3724.0000,3725.0000,3725.6000,3725.8000,3726.0000,1,2,2,2,1,5,2,2,3,4
SF,IF2005,2020-04-13 14:46:53.600,3724.0000,12598,5,7451433060.000,5,5,0,双开,B,3723.8000,3723.4000,3723.2000,3723.0000,3722.6000,3725.0000,3725.6000,3725.8000,3726.0000,3727.0000,2,1,2,2,2,2,2,3,4,4
SF,IF2005,2020-04-13 14:46:54.100,3724.0000,12598,0,7451433060.000,0,-,-,-,-,3723.8000,3723.4000,3723.2000,3723.0000,3722.6000,3724.8000,3725.0000,3725.6000,3725.8000,3726.0000,2,1,2,2,2,3,2,2,3,4
SF,IF2005,2020-04-13 14:46:54.600,3724.0000,12598,0,7451433060.000,0,-,-,-,-,3723.8000,3723.4000,3723.2000,3723.0000,3722.6000,3724.8000,3725.0000,3725.6000,3725.8000,3726.0000,2,1,2,2,2,3,3,2,3,4
SF,IF2005,2020-04-13 14:46:55.600,3724.0000,12598,0,7451433060.000,0,-,-,-,-,3724.0000,3723.8000,3723.4000,3723.2000,3723.0000,3724.8000,3725.0000,3725.6000,3725.8000,3726.0000,1,2,1,2,2,3,3,2,3,4
SF,IF2005,2020-04-13 14:46:56.100,3724.0000,12598,0,7451433060.000,0,-,-,-,-,3724.0000,3723.8000,3723.4000,3723.2000,3723.0000,3724.8000,3725.0000,3725.6000,3725.8000,3726.0000,1,1,1,2,2,3,3,2,3,4
SF,IF2005,2020-04-13 14:46:56.600,3724.0000,12598,0,7451433060.000,0,-,-,-,-,3724.0000,3723.8000,3723.4000,3723.2000,3723.0000,3724.8000,3725.0000,3725.6000,3725.8000,3726.0000,1,1,1,2,2,3,8,2,3,4
SF,IF2005,2020-04-13 14:46:57.100,3724.0000,12598,0,7451433060.000,0,-,-,-,-,3724.0000,3723.8000,3723.4000,3723.2000,3723.0000,3724.6000,3724.8000,3725.0000,3725.6000,3725.8000,1,1,1,2,2,2,4,7,2,3
SF,IF2005,2020-04-13 14:46:59.100,3724.0000,12598,0,7451433060.000,0,-,-,-,-,3724.0000,3723.8000,3723.4000,3723.2000,3723.0000,3724.6000,3724.8000,3725.0000,3725.6000,3725.8000,1,1,1,2,2,2,4,7,2,3
SF,IF2005,2020-04-13 14:46:59.600,3724.0000,12598,0,7451433060.000,0,-,-,-,-,3724.0000,3723.8000,3723.4000,3723.2000,3723.0000,3724.6000,3724.8000,3725.0000,3725.6000,3725.8000,1,1,1,2,2,2,4,7,2,3
SF,IF2005,2020-04-13 14:47:00.100,3724.0000,12598,0,7451433060.000,0,-,-,-,-,3724.0000,3723.8000,3723.2000,3723.0000,3722.6000,3724.6000,3724.8000,3725.0000,3725.6000,3725.8000,1,1,2,2,2,2,4,7,2,3
SF,IF2005,2020-04-13 14:47:00.600,3724.0000,12598,0,7451433060.000,0,-,-,-,-,3724.0000,3723.8000,3723.2000,3723.0000,3722.6000,3724.6000,3724.8000,3725.0000,3725.6000,3725.8000,1,1,2,2,2,2,4,7,2,3
SF,IF2005,2020-04-13 14:47:02.100,3724.0000,12598,0,7451433060.000,0,-,-,-,-,3724.0000,3723.8000,3723.2000,3723.0000,3722.6000,3724.4000,3724.6000,3724.8000,3725.0000,3725.6000,1,1,2,2,2,1,2,3,7,2
SF,IF2005,2020-04-13 14:47:02.600,3724.0000,12598,0,7451433060.000,0,-,-,-,-,3724.0000,3723.8000,3723.2000,3723.0000,3722.6000,3724.6000,3724.8000,3725.0000,3725.6000,3725.8000,1,1,2,2,2,2,3,7,2,3
SF,IF2005,2020-04-13 14:47:05.100,3724.0000,12598,0,7451433060.000,0,-,-,-,-,3724.0000,3723.8000,3723.2000,3723.0000,3722.6000,3724.6000,3724.8000,3725.0000,3725.6000,3725.8000,2,1,2,2,2,2,3,7,2,3
SF,IF2005,2020-04-13 14:47:05.600,3724.0000,12598,0,7451433060.000,0,-,-,-,-,3724.0000,3723.2000,3723.0000,3722.6000,3722.4000,3724.6000,3724.8000,3725.0000,3725.6000,3725.8000,1,2,2,2,1,2,3,7,2,3
SF,IF2005,2020-04-13 14:47:06.600,3724.0000,12598,0,7451433060.000,0,-,-,-,-,3723.2000,3723.0000,3722.6000,3722.4000,3722.2000,3724.6000,3724.8000,3725.0000,3725.6000,3725.8000,2,2,2,1,4,2,3,7,2,3
SF,IF2005,2020-04-13 14:47:07.100,3724.0000,12598,0,7451433060.000,0,-,-,-,-,3723.4000,3723.2000,3722.6000,3722.4000,3722.2000,3724.4000,3724.6000,3724.8000,3725.0000,3725.6000,2,2,2,1,4,2,2,1,7,2
SF,IF2005,2020-04-13 14:47:07.600,3724.0000,12598,0,7451433060.000,0,-,-,-,-,3723.6000,3723.4000,3723.2000,3722.6000,3722.4000,3724.4000,3724.6000,3724.8000,3725.0000,3725.6000,4,3,2,2,1,2,2,1,7,2
SF,IF2005,2020-04-13 14:47:08.100,3724.0000,12598,0,7451433060.000,0,-,-,-,-,3723.8000,3723.6000,3723.4000,3723.2000,3722.6000,3724.0000,3724.4000,3724.6000,3724.8000,3725.0000,1,4,2,2,2,1,2,2,1,7
SF,IF2005,2020-04-13 14:47:09.100,3724.0000,12598,0,7451433060.000,0,-,-,-,-,3723.8000,3723.6000,3723.4000,3723.2000,3722.6000,3724.0000,3724.4000,3724.6000,3724.8000,3725.0000,1,4,2,2,2,1,2,2,1,7
SF,IF2005,2020-04-13 14:47:09.600,3724.0000,12600,2,7453667460.000,2,2,0,双开,B,3724.0000,3723.6000,3723.4000,3723.2000,3722.6000,3724.6000,3724.8000,3725.0000,3725.6000,3725.8000,1,3,2,2,2,2,1,7,2,3
SF,IF2005,2020-04-13 14:47:10.100,3724.0000,12600,0,7453667460.000,0,-,-,-,-,3723.8000,3723.6000,3723.4000,3723.2000,3722.6000,3724.6000,3724.8000,3725.0000,3725.6000,3725.8000,1,3,2,2,2,2,1,7,2,3
SF,IF2005,2020-04-13 14:47:10.600,3724.0000,12600,0,7453667460.000,0,-,-,-,-,3724.0000,3723.8000,3723.6000,3723.4000,3723.2000,3724.4000,3724.6000,3724.8000,3725.0000,3725.6000,1,1,3,2,2,1,2,1,7,2
SF,IF2005,2020-04-13 14:47:11.100,3724.0000,12600,0,7453667460.000,0,-,-,-,-,3723.8000,3723.6000,3723.4000,3723.2000,3722.6000,3724.4000,3724.6000,3724.8000,3725.0000,3725.6000,1,3,2,2,2,1,2,1,7,2
SF,IF2005,2020-04-13 14:47:11.600,3724.0000,12600,0,7453667460.000,0,-,-,-,-,3723.8000,3723.6000,3723.4000,3723.2000,3722.6000,3724.4000,3724.6000,3724.8000,3725.0000,3725.6000,1,2,2,2,2,1,2,1,7,2
SF,IF2005,2020-04-13 14:47:12.100,3724.0000,12600,0,7453667460.000,0,-,-,-,-,3723.6000,3723.4000,3723.2000,3722.6000,3722.4000,3724.4000,3724.6000,3724.8000,3725.0000,3725.6000,2,2,2,2,1,1,2,1,7,2
SF,IF2005,2020-04-13 14:47:12.600,3724.0000,12600,0,7453667460.000,0,-,-,-,-,3724.0000,3723.6000,3723.4000,3723.2000,3722.6000,3724.4000,3724.6000,3724.8000,3725.0000,3725.6000,1,2,2,2,2,1,2,1,7,2
SF,IF2005,2020-04-13 14:47:13.100,3724.0000,12600,0,7453667460.000,0,-,-,-,-,3723.6000,3723.4000,3723.2000,3722.6000,3722.4000,3724.4000,3724.6000,3724.8000,3725.0000,3725.6000,2,2,2,2,1,1,2,1,7,2
SF,IF2005,2020-04-13 14:47:14.100,3724.0000,12600,0,7453667460.000,0,-,-,-,-,3723.8000,3723.6000,3723.4000,3723.2000,3722.6000,3724.4000,3724.6000,3724.8000,3725.0000,3725.6000,1,2,2,2,2,1,2,1,7,2
SF,IF2005,2020-04-13 14:47:14.600,3724.0000,12600,0,7453667460.000,0,-,-,-,-,3723.8000,3723.6000,3723.4000,3723.2000,3722.6000,3724.4000,3724.6000,3724.8000,3725.0000,3725.6000,1,2,2,2,2,1,1,1,7,2
SF,IF2005,2020-04-13 14:47:15.100,3724.0000,12600,0,7453667460.000,0,-,-,-,-,3724.0000,3723.6000,3723.4000,3723.2000,3722.6000,3724.6000,3724.8000,3725.0000,3725.6000,3725.8000,1,2,2,2,2,1,1,7,2,3
SF,IF2005,2020-04-13 14:47:15.600,3724.0000,12600,0,7453667460.000,0,-,-,-,-,3724.0000,3723.6000,3723.4000,3723.2000,3722.6000,3724.6000,3724.8000,3725.0000,3725.6000,3725.8000,2,2,2,2,2,1,1,7,2,3
SF,IF2005,2020-04-13 14:47:16.100,3724.0000,12600,0,7453667460.000,0,-,-,-,-,3724.0000,3723.6000,3723.4000,3723.2000,3722.6000,3724.6000,3724.8000,3725.0000,3725.6000,3725.8000,1,2,2,2,2,1,1,7,2,3
SF,IF2005,2020-04-13 14:47:16.600,3724.0000,12600,0,7453667460.000,0,-,-,-,-,3723.6000,3723.4000,3723.2000,3722.6000,3722.4000,3724.6000,3724.8000,3725.0000,3725.6000,3725.8000,2,2,2,2,1,2,1,7,2,3
SF,IF2005,2020-04-13 14:47:17.100,3724.0000,12600,0,7453667460.000,0,-,-,-,-,3723.6000,3723.4000,3723.2000,3722.6000,3722.4000,3724.0000,3724.4000,3724.6000,3724.8000,3725.0000,2,2,2,2,1,1,3,1,1,7
SF,IF2005,2020-04-13 14:47:17.600,3724.0000,12600,0,7453667460.000,0,-,-,-,-,3723.4000,3723.2000,3722.6000,3722.4000,3722.2000,3724.0000,3724.4000,3724.6000,3724.8000,3725.0000,2,2,2,1,4,1,3,1,1,7
SF,IF2005,2020-04-13 14:47:18.100,3724.0000,12600,0,7453667460.000,0,-,-,-,-,3723.4000,3723.2000,3722.6000,3722.4000,3722.2000,3724.0000,3724.4000,3724.6000,3725.0000,3725.6000,2,2,1,1,3,1,3,1,7,2
SF,IF2005,2020-04-13 14:47:18.600,3724.0000,12600,0,7453667460.000,0,-,-,-,-,3723.4000,3723.2000,3722.6000,3722.4000,3722.2000,3724.0000,3724.4000,3724.6000,3725.0000,3725.6000,3,2,1,1,3,1,3,1,7,2
SF,IF2005,2020-04-13 14:47:20.100,3724.0000,12600,0,7453667460.000,0,-,-,-,-,3723.6000,3723.4000,3723.2000,3722.6000,3722.4000,3724.0000,3724.4000,3724.6000,3725.0000,3725.6000,1,2,2,1,1,1,3,1,7,2
SF,IF2005,2020-04-13 14:47:21.600,3723.6000,12602,2,7455901620.000,2,2,0,双开,B,3723.6000,3723.2000,3722.6000,3722.4000,3722.2000,3724.0000,3724.4000,3724.6000,3725.0000,3725.6000,1,2,1,1,3,1,3,1,7,2
SF,IF2005,2020-04-13 14:47:22.100,3723.6000,12602,0,7455901620.000,0,-,-,-,-,3723.6000,3723.2000,3722.6000,3722.4000,3722.2000,3724.0000,3724.4000,3725.0000,3725.6000,3725.8000,1,2,1,1,3,1,3,7,2,3
SF,IF2005,2020-04-13 14:47:24.600,3723.6000,12602,0,7455901620.000,0,-,-,-,-,3723.6000,3723.2000,3722.6000,3722.4000,3722.2000,3724.0000,3724.4000,3725.0000,3725.6000,3725.8000,1,2,1,1,3,1,2,7,2,3
SF,IF2005,2020-04-13 14:47:25.600,3723.6000,12602,0,7455901620.000,0,-,-,-,-,3723.6000,3723.2000,3722.6000,3722.4000,3722.2000,3723.8000,3724.0000,3724.4000,3725.0000,3725.6000,1,2,1,1,3,1,1,2,7,2
SF,IF2005,2020-04-13 14:47:28.600,3723.6000,12602,0,7455901620.000,0,-,-,-,-,3722.6000,3722.4000,3722.2000,3722.0000,3721.6000,3723.8000,3724.0000,3724.4000,3725.0000,3725.6000,1,1,3,2,1,1,1,2,7,2
SF,IF2005,2020-04-13 14:47:29.100,3723.6000,12602,0,7455901620.000,0,-,-,-,-,3722.6000,3722.4000,3722.2000,3722.0000,3721.6000,3723.6000,3723.8000,3724.0000,3725.0000,3725.8000,1,1,1,2,1,2,2,1,7,3
SF,IF2005,2020-04-13 14:47:29.600,3722.6000,12602,0,7457018400.000,1,0,1,空换,B,3722.6000,3722.2000,3722.0000,3721.6000,3721.4000,3723.4000,3723.6000,3724.0000,3724.2000,3725.0000,1,1,1,1,1,3,4,1,2,7
SF,IF2005,2020-04-13 14:47:30.100,3722.6000,12602,0,7457018400.000,0,-,-,-,-,3722.6000,3722.0000,3721.6000,3721.4000,3721.0000,3723.4000,3723.6000,3724.0000,3725.0000,3725.8000,1,1,1,1,4,3,2,1,7,3
SF,IF2005,2020-04-13 14:47:30.600,3722.6000,12602,0,7457018400.000,0,-,-,-,-,3722.8000,3722.0000,3721.6000,3721.4000,3721.0000,3723.4000,3723.6000,3724.0000,3724.6000,3725.0000,1,1,1,1,4,3,2,1,2,7
SF,IF2005,2020-04-13 14:47:31.100,3722.6000,12602,0,7457018400.000,0,-,-,-,-,3722.8000,3722.0000,3721.6000,3721.4000,3721.0000,3723.4000,3723.6000,3724.0000,3724.6000,3725.0000,1,1,1,1,4,2,2,1,2,7
SF,IF2005,2020-04-13 14:47:31.600,3722.6000,12602,0,7457018400.000,0,-,-,-,-,3723.0000,3722.0000,3721.6000,3721.4000,3721.0000,3723.4000,3723.6000,3724.0000,3724.6000,3725.0000,1,1,1,1,4,1,2,1,2,7
SF,IF2005,2020-04-13 14:47:32.100,3722.6000,12602,0,7457018400.000,0,-,-,-,-,3723.0000,3722.0000,3721.6000,3721.4000,3721.0000,3723.4000,3723.6000,3724.0000,3724.6000,3725.0000,1,1,1,1,4,1,2,1,2,7
SF,IF2005,2020-04-13 14:47:32.600,3722.6000,12602,0,7457018400.000,0,-,-,-,-,3723.0000,3722.0000,3721.6000,3721.4000,3721.0000,3723.4000,3723.6000,3724.0000,3724.6000,3725.0000,1,1,1,1,4,1,2,1,2,7
SF,IF2005,2020-04-13 14:47:33.100,3722.6000,12602,0,7457018400.000,0,-,-,-,-,3723.0000,3722.0000,3721.6000,3721.4000,3721.0000,3723.6000,3724.0000,3724.6000,3725.0000,3725.8000,1,1,1,1,4,2,1,2,7,3
SF,IF2005,2020-04-13 14:47:34.100,3722.6000,12602,0,7457018400.000,0,-,-,-,-,3723.0000,3722.0000,3721.6000,3721.4000,3721.0000,3723.4000,3723.6000,3724.0000,3724.6000,3725.0000,1,1,1,1,4,1,2,1,2,7
SF,IF2005,2020-04-13 14:47:34.600,3722.6000,12602,0,7457018400.000,0,-,-,-,-,3723.0000,3722.0000,3721.6000,3721.4000,3721.0000,3723.4000,3723.6000,3724.0000,3724.6000,3725.0000,1,1,1,1,4,1,2,1,2,6
SF,IF2005,2020-04-13 14:47:35.100,3722.6000,12602,0,7457018400.000,0,-,-,-,-,3723.0000,3722.0000,3721.6000,3721.4000,3721.0000,3723.4000,3723.6000,3724.0000,3724.6000,3725.0000,1,1,1,1,4,2,2,2,2,6
SF,IF2005,2020-04-13 14:47:36.600,3722.6000,12602,0,7457018400.000,0,-,-,-,-,3723.0000,3722.0000,3721.6000,3721.4000,3721.0000,3723.4000,3723.6000,3724.0000,3724.6000,3725.0000,1,2,1,1,4,1,2,2,2,6
SF,IF2005,2020-04-13 14:47:37.100,3722.6000,12602,0,7457018400.000,0,-,-,-,-,3723.0000,3722.0000,3721.6000,3721.4000,3721.0000,3723.4000,3723.6000,3724.0000,3724.6000,3725.0000,1,2,1,1,4,1,2,2,2,6
SF,IF2005,2020-04-13 14:47:37.600,3722.0000,12603,1,7459251780.000,2,1,1,多开,B,3722.6000,3722.0000,3721.6000,3721.4000,3721.0000,3723.4000,3723.6000,3724.0000,3724.6000,3725.0000,1,1,1,1,4,2,2,2,2,6
SF,IF2005,2020-04-13 14:47:38.100,3722.0000,12603,0,7459251780.000,0,-,-,-,-,3722.6000,3722.0000,3721.6000,3721.4000,3721.0000,3723.4000,3723.6000,3724.0000,3724.6000,3725.0000,1,2,1,1,4,2,2,2,2,6
SF,IF2005,2020-04-13 14:47:38.600,3722.0000,12603,0,7459251780.000,0,-,-,-,-,3722.6000,3722.0000,3721.6000,3721.4000,3721.0000,3723.4000,3723.6000,3724.0000,3724.6000,3725.0000,1,2,1,1,4,1,2,2,2,6
SF,IF2005,2020-04-13 14:47:39.100,3722.0000,12603,0,7459251780.000,0,-,-,-,-,3722.6000,3722.0000,3721.6000,3721.4000,3721.0000,3723.2000,3723.6000,3724.0000,3724.6000,3725.0000,1,2,1,1,4,1,2,2,2,6
SF,IF2005,2020-04-13 14:47:39.600,3722.0000,12603,0,7459251780.000,0,-,-,-,-,3722.8000,3722.6000,3722.0000,3721.6000,3721.4000,3723.2000,3723.6000,3724.0000,3724.6000,3725.0000,2,1,2,1,1,1,2,2,2,6
SF,IF2005,2020-04-13 14:47:40.100,3723.2000,12603,0,7460368740.000,1,0,1,空换,B,3723.0000,3722.8000,3722.2000,3722.0000,3721.6000,3723.2000,3724.0000,3724.6000,3725.0000,3725.8000,2,4,2,2,1,1,2,2,6,3
SF,IF2005,2020-04-13 14:47:40.600,3723.2000,12604,1,7461485700.000,1,1,0,双开,B,3723.2000,3723.0000,3722.8000,3722.2000,3722.0000,3724.0000,3724.6000,3725.0000,3725.8000,3726.0000,1,2,4,2,2,2,2,6,3,4
SF,IF2005,2020-04-13 14:47:41.100,3723.2000,12604,0,7461485700.000,0,-,-,-,-,3723.4000,3723.2000,3722.8000,3722.2000,3722.0000,3724.0000,3724.6000,3725.0000,3725.8000,3726.0000,1,2,1,2,2,2,2,6,3,4
SF,IF2005,2020-04-13 14:47:41.600,3723.2000,12604,0,7461485700.000,0,-,-,-,-,3723.4000,3722.8000,3722.2000,3722.0000,3721.6000,3724.0000,3724.6000,3725.0000,3725.8000,3726.0000,2,1,2,2,1,2,2,6,3,4
SF,IF2005,2020-04-13 14:47:42.100,3723.2000,12604,0,7461485700.000,0,-,-,-,-,3723.6000,3723.4000,3722.8000,3722.2000,3722.0000,3724.0000,3725.0000,3725.8000,3726.0000,3727.0000,1,1,1,2,2,2,6,3,4,4
SF,IF2005,2020-04-13 14:47:42.600,3723.2000,12604,0,7461485700.000,0,-,-,-,-,3723.6000,3723.4000,3722.8000,3722.2000,3722.0000,3724.0000,3725.0000,3725.6000,3725.8000,3726.0000,1,1,1,2,1,2,6,2,3,4
SF,IF2005,2020-04-13 14:47:43.100,3723.2000,12604,0,7461485700.000,0,-,-,-,-,3723.6000,3723.4000,3722.8000,3722.2000,3722.0000,3724.0000,3725.0000,3725.6000,3725.8000,3726.0000,1,1,1,2,1,2,6,2,3,4
SF,IF2005,2020-04-13 14:47:44.600,3723.2000,12604,0,7461485700.000,0,-,-,-,-,3723.8000,3723.4000,3722.8000,3722.2000,3722.0000,3724.0000,3725.0000,3725.6000,3725.8000,3726.0000,1,1,1,2,1,2,6,2,3,4
SF,IF2005,2020-04-13 14:47:45.100,3723.2000,12604,0,7461485700.000,0,-,-,-,-,3723.4000,3722.8000,3722.2000,3722.0000,3721.8000,3724.0000,3725.0000,3725.6000,3725.8000,3726.0000,1,1,2,1,1,2,6,2,3,4
SF,IF2005,2020-04-13 14:47:46.100,3723.2000,12604,0,7461485700.000,0,-,-,-,-,3723.4000,3722.8000,3722.2000,3722.0000,3721.8000,3724.0000,3725.0000,3725.6000,3725.8000,3726.0000,2,1,1,1,1,2,6,2,3,4
SF,IF2005,2020-04-13 14:47:46.600,3724.0000,12605,1,7462602900.000,1,1,0,双开,B,3723.6000,3723.4000,3722.8000,3722.2000,3722.0000,3724.0000,3725.0000,3725.6000,3725.8000,3726.0000,1,1,1,1,1,1,6,2,3,4
SF,IF2005,2020-04-13 14:47:47.600,3724.0000,12605,0,7462602900.000,0,-,-,-,-,3723.8000,3723.6000,3722.8000,3722.2000,3722.0000,3724.0000,3725.0000,3725.6000,3725.8000,3726.0000,1,1,1,1,1,1,6,2,3,4
SF,IF2005,2020-04-13 14:47:55.100,3724.0000,12606,1,7463720100.000,1,1,0,双开,B,3722.8000,3722.2000,3722.0000,3721.8000,3721.6000,3725.0000,3725.6000,3725.8000,3726.0000,3727.0000,1,1,1,1,1,6,2,3,4,4
SF,IF2005,2020-04-13 14:47:55.600,3724.0000,12606,0,7463720100.000,0,-,-,-,-,3724.0000,3723.0000,3722.2000,3722.0000,3721.8000,3724.4000,3724.6000,3724.8000,3725.0000,3725.6000,1,7,1,1,1,2,1,5,6,2
SF,IF2005,2020-04-13 14:47:56.100,3724.0000,12606,0,7464837300.000,1,0,1,空换,B,3723.0000,3722.2000,3722.0000,3721.8000,3721.6000,3724.4000,3724.6000,3724.8000,3725.0000,3725.6000,7,1,1,1,1,2,3,9,6,2
SF,IF2005,2020-04-13 14:47:56.600,3724.0000,12606,0,7464837300.000,0,-,-,-,-,3723.0000,3722.2000,3722.0000,3721.8000,3721.6000,3724.2000,3724.4000,3724.6000,3724.8000,3725.0000,7,1,1,1,1,2,3,3,5,6
SF,IF2005,2020-04-13 14:47:57.100,3724.0000,12606,0,7464837300.000,0,-,-,-,-,3723.0000,3722.2000,3722.0000,3721.8000,3721.6000,3724.0000,3724.2000,3724.4000,3724.6000,3724.8000,7,1,1,1,1,1,3,3,2,5
SF,IF2005,2020-04-13 14:47:58.100,3724.0000,12606,0,7464837300.000,0,-,-,-,-,3723.0000,3722.2000,3722.0000,3721.8000,3721.6000,3724.0000,3724.2000,3724.4000,3724.6000,3724.8000,7,1,1,1,1,1,3,2,1,1
SF,IF2005,2020-04-13 14:47:58.600,3724.0000,12606,0,7464837300.000,0,-,-,-,-,3723.0000,3722.2000,3722.0000,3721.8000,3721.6000,3724.2000,3724.4000,3724.6000,3724.8000,3725.0000,7,1,1,1,1,3,2,1,1,6
SF,IF2005,2020-04-13 14:47:59.100,3724.0000,12606,0,7464837300.000,0,-,-,-,-,3723.2000,3723.0000,3722.2000,3722.0000,3721.8000,3724.2000,3724.4000,3724.6000,3724.8000,3725.0000,2,7,1,1,1,3,2,1,1,6
SF,IF2005,2020-04-13 14:47:59.600,3724.0000,12606,0,7464837300.000,0,-,-,-,-,3723.4000,3723.2000,3723.0000,3722.2000,3722.0000,3724.2000,3724.4000,3724.6000,3724.8000,3725.0000,2,2,5,1,1,3,2,1,1,6
SF,IF2005,2020-04-13 14:48:00.100,3724.0000,12606,0,7464837300.000,0,-,-,-,-,3723.6000,3723.4000,3723.2000,3723.0000,3722.2000,3724.2000,3724.4000,3724.6000,3724.8000,3725.0000,1,2,1,4,1,3,2,1,1,6
SF,IF2005,2020-04-13 14:48:00.600,3724.0000,12606,0,7464837300.000,0,-,-,-,-,3723.6000,3723.4000,3723.0000,3722.2000,3722.0000,3724.0000,3724.2000,3724.4000,3724.6000,3724.8000,1,2,3,1,1,1,2,2,1,1
SF,IF2005,2020-04-13 14:48:01.100,3724.0000,12606,0,7464837300.000,0,-,-,-,-,3723.6000,3723.4000,3723.0000,3722.2000,3722.0000,3724.0000,3724.4000,3724.6000,3724.8000,3725.0000,1,2,3,1,1,1,2,1,1,6
SF,IF2005,2020-04-13 14:48:01.600,3724.0000,12606,0,7465954500.000,1,0,1,空换,B,3723.8000,3723.6000,3723.4000,3723.0000,3722.2000,3724.4000,3724.8000,3725.0000,3725.6000,3725.8000,1,1,2,3,1,2,1,6,2,3
SF,IF2005,2020-04-13 14:48:02.100,3724.0000,12607,1,7467071700.000,1,1,0,双开,B,3724.0000,3723.8000,3723.4000,3723.0000,3722.2000,3724.8000,3725.0000,3725.6000,3725.8000,3726.0000,1,1,2,2,1,1,6,2,3,4
SF,IF2005,2020-04-13 14:48:03.100,3724.0000,12607,0,7467071700.000,0,-,-,-,-,3724.2000,3724.0000,3723.4000,3723.0000,3722.2000,3724.8000,3725.0000,3725.6000,3725.8000,3726.0000,1,1,2,2,1,1,6,2,3,4
SF,IF2005,2020-04-13 14:48:03.600,3724.0000,12607,0,7467071700.000,0,-,-,-,-,3724.2000,3724.0000,3723.4000,3723.0000,3722.2000,3724.8000,3725.0000,3725.6000,3725.8000,3726.0000,1,1,2,2,1,1,6,2,3,4
SF,IF2005,2020-04-13 14:48:04.100,3724.0000,12607,0,7467071700.000,0,-,-,-,-,3724.2000,3724.0000,3723.4000,3723.0000,3722.2000,3724.8000,3725.0000,3725.6000,3725.8000,3726.0000,1,1,2,2,1,1,6,2,3,4
SF,IF2005,2020-04-13 14:48:04.600,3724.0000,12607,0,7467071700.000,0,-,-,-,-,3724.2000,3724.0000,3723.4000,3723.0000,3722.2000,3724.8000,3725.0000,3725.6000,3725.8000,3726.0000,1,1,2,2,1,1,6,2,3,4
SF,IF2005,2020-04-13 14:48:05.100,3724.0000,12607,0,7467071700.000,0,-,-,-,-,3724.2000,3724.0000,3723.4000,3723.0000,3722.2000,3724.8000,3725.0000,3725.6000,3725.8000,3726.0000,1,1,2,2,1,2,6,2,3,4
SF,IF2005,2020-04-13 14:48:06.600,3724.0000,12607,0,7467071700.000,0,-,-,-,-,3724.2000,3724.0000,3723.4000,3723.0000,3722.2000,3724.8000,3725.0000,3725.6000,3725.8000,3726.0000,1,1,2,2,1,2,6,2,3,4
SF,IF2005,2020-04-13 14:48:10.600,3724.0000,12607,0,7467071700.000,0,-,-,-,-,3724.2000,3724.0000,3723.4000,3723.0000,3722.2000,3724.8000,3725.0000,3725.6000,3725.8000,3726.0000,2,1,2,2,1,2,6,2,3,4
SF,IF2005,2020-04-13 14:48:11.100,3724.0000,12607,0,7467071700.000,0,-,-,-,-,3724.2000,3724.0000,3723.4000,3723.0000,3722.2000,3724.8000,3725.0000,3725.6000,3725.8000,3726.0000,2,1,2,2,1,2,6,2,3,4
SF,IF2005,2020-04-13 14:48:12.100,3724.0000,12607,0,7467071700.000,0,-,-,-,-,3724.2000,3724.0000,3723.4000,3723.0000,3722.2000,3724.8000,3725.0000,3725.6000,3725.8000,3726.0000,2,1,2,2,1,2,7,2,3,4
SF,IF2005,2020-04-13 14:48:12.600,3724.2000,12608,1,7469306220.000,2,1,1,多开,B,3723.4000,3723.0000,3722.2000,3722.0000,3721.6000,3724.0000,3724.4000,3724.6000,3724.8000,3725.0000,2,2,1,1,1,1,2,7,1,7
SF,IF2005,2020-04-13 14:48:13.100,3724.2000,12608,0,7469306220.000,0,-,-,-,-,3723.4000,3723.0000,3722.2000,3722.0000,3721.6000,3724.4000,3724.6000,3724.8000,3725.0000,3725.6000,2,2,1,1,1,1,7,1,7,2
SF,IF2005,2020-04-13 14:48:13.600,3724.2000,12608,0,7469306220.000,0,-,-,-,-,3723.4000,3723.0000,3722.2000,3722.0000,3721.6000,3724.6000,3724.8000,3725.0000,3725.6000,3725.8000,3,2,1,1,1,7,1,7,2,3
SF,IF2005,2020-04-13 14:48:14.100,3724.2000,12608,0,7469306220.000,0,-,-,-,-,3723.6000,3723.4000,3723.0000,3722.2000,3722.0000,3724.6000,3724.8000,3725.0000,3725.6000,3725.8000,1,2,2,1,1,7,1,7,2,3
SF,IF2005,2020-04-13 14:48:14.600,3724.2000,12608,0,7469306220.000,0,-,-,-,-,3723.8000,3723.6000,3723.0000,3722.2000,3722.0000,3724.6000,3724.8000,3725.0000,3725.6000,3725.8000,2,1,2,1,1,5,1,7,2,3
SF,IF2005,2020-04-13 14:48:15.600,3724.2000,12608,0,7469306220.000,0,-,-,-,-,3723.8000,3723.0000,3722.2000,3722.0000,3721.6000,3724.6000,3724.8000,3725.0000,3725.6000,3725.8000,3,2,1,1,1,5,1,7,2,3
SF,IF2005,2020-04-13 14:48:16.100,3724.2000,12608,0,7469306220.000,0,-,-,-,-,3723.8000,3723.0000,3722.2000,3722.0000,3721.6000,3724.6000,3724.8000,3725.0000,3725.6000,3725.8000,3,2,1,1,1,4,1,7,2,3
SF,IF2005,2020-04-13 14:48:17.600,3724.2000,12608,0,7469306220.000,0,-,-,-,-,3723.8000,3723.0000,3722.2000,3722.0000,3721.6000,3724.6000,3724.8000,3725.0000,3725.6000,3725.8000,3,2,1,1,1,5,1,7,2,3
SF,IF2005,2020-04-13 14:48:18.100,3724.2000,12608,0,7469306220.000,0,-,-,-,-,3723.8000,3723.0000,3722.2000,3722.0000,3721.6000,3724.0000,3724.6000,3724.8000,3725.0000,3725.6000,1,2,1,1,1,2,5,1,7,2
SF,IF2005,2020-04-13 14:48:19.100,3724.2000,12608,0,7469306220.000,0,-,-,-,-,3723.0000,3722.2000,3722.0000,3721.6000,3721.4000,3724.0000,3724.6000,3724.8000,3725.0000,3725.6000,2,1,1,1,1,2,5,1,7,2
SF,IF2005,2020-04-13 14:48:19.600,3724.2000,12608,0,7469306220.000,0,-,-,-,-,3723.2000,3723.0000,3722.2000,3722.0000,3721.6000,3724.0000,3724.6000,3724.8000,3725.0000,3725.6000,4,2,1,1,1,2,5,1,7,2
SF,IF2005,2020-04-13 14:48:20.100,3724.2000,12608,0,7469306220.000,0,-,-,-,-,3723.2000,3723.0000,3722.2000,3722.0000,3721.6000,3724.0000,3724.6000,3724.8000,3725.0000,3725.6000,5,3,1,1,1,2,5,1,7,2
SF,IF2005,2020-04-13 14:48:21.100,3724.2000,12608,0,7469306220.000,0,-,-,-,-,3723.2000,3723.0000,3722.2000,3722.0000,3721.6000,3724.0000,3724.6000,3724.8000,3725.0000,3725.6000,5,3,1,1,1,2,5,1,7,2
SF,IF2005,2020-04-13 14:48:21.600,3724.2000,12608,0,7469306220.000,0,-,-,-,-,3723.2000,3723.0000,3722.2000,3722.0000,3721.6000,3724.0000,3724.6000,3724.8000,3725.0000,3725.6000,5,1,1,1,1,2,5,1,7,2
SF,IF2005,2020-04-13 14:48:22.100,3724.2000,12608,0,7469306220.000,0,-,-,-,-,3723.4000,3723.2000,3723.0000,3722.2000,3722.0000,3724.0000,3724.6000,3724.8000,3725.0000,3725.6000,2,5,1,1,1,3,5,1,7,2
SF,IF2005,2020-04-13 14:48:22.600,3724.2000,12608,0,7469306220.000,0,-,-,-,-,3723.4000,3723.2000,3723.0000,3722.2000,3722.0000,3724.0000,3724.6000,3724.8000,3725.0000,3725.6000,3,5,1,1,1,3,5,1,7,2
SF,IF2005,2020-04-13 14:48:23.100,3724.2000,12608,0,7469306220.000,0,-,-,-,-,3723.6000,3723.4000,3723.2000,3723.0000,3722.2000,3724.0000,3724.6000,3724.8000,3725.0000,3725.6000,1,3,4,1,1,2,5,1,7,2
SF,IF2005,2020-04-13 14:48:23.600,3724.0000,12608,0,7470423420.000,1,0,1,空换,B,3723.4000,3723.2000,3723.0000,3722.2000,3722.0000,3724.0000,3724.6000,3724.8000,3725.0000,3725.6000,3,3,1,1,1,1,4,1,7,2
SF,IF2005,2020-04-13 14:48:24.100,3724.0000,12608,0,7470423420.000,0,-,-,-,-,3723.4000,3723.2000,3723.0000,3722.2000,3722.0000,3724.0000,3724.6000,3724.8000,3725.0000,3725.6000,3,3,1,1,1,1,4,1,7,2
SF,IF2005,2020-04-13 14:48:24.600,3724.0000,12608,0,7470423420.000,0,-,-,-,-,3723.4000,3723.2000,3723.0000,3722.2000,3722.0000,3724.0000,3724.6000,3724.8000,3725.0000,3725.6000,3,3,1,1,1,2,4,1,7,2
SF,IF2005,2020-04-13 14:48:25.100,3724.0000,12608,0,7470423420.000,0,-,-,-,-,3723.4000,3723.2000,3723.0000,3722.2000,3722.0000,3724.0000,3724.6000,3724.8000,3725.0000,3725.6000,3,3,1,1,1,1,4,1,7,2
SF,IF2005,2020-04-13 14:48:25.600,3724.0000,12608,0,7470423420.000,0,-,-,-,-,3723.4000,3723.2000,3723.0000,3722.2000,3722.0000,3724.0000,3724.6000,3724.8000,3725.0000,3725.6000,3,3,1,1,1,2,4,1,7,2
SF,IF2005,2020-04-13 14:48:26.100,3724.0000,12608,0,7470423420.000,0,-,-,-,-,3723.4000,3723.2000,3723.0000,3722.2000,3722.0000,3724.0000,3724.6000,3724.8000,3725.0000,3725.6000,3,3,1,1,1,1,4,1,7,2
SF,IF2005,2020-04-13 14:48:27.100,3724.0000,12608,0,7470423420.000,0,-,-,-,-,3723.4000,3723.2000,3723.0000,3722.2000,3722.0000,3724.0000,3724.6000,3724.8000,3725.0000,3725.6000,3,3,1,1,1,1,4,1,7,2
SF,IF2005,2020-04-13 14:48:27.600,3724.0000,12608,0,7471540620.000,1,0,1,空换,B,3723.4000,3723.2000,3723.0000,3722.2000,3722.0000,3724.0000,3724.6000,3724.8000,3725.0000,3725.6000,3,3,1,1,1,1,4,1,7,2
SF,IF2005,2020-04-13 14:48:28.100,3724.0000,12608,0,7471540620.000,0,-,-,-,-,3723.4000,3723.2000,3723.0000,3722.2000,3722.0000,3724.0000,3724.6000,3724.8000,3725.0000,3725.6000,3,3,1,1,1,1,3,1,7,2
SF,IF2005,2020-04-13 14:48:29.100,3724.0000,12608,0,7471540620.000,0,-,-,-,-,3723.4000,3723.2000,3723.0000,3722.2000,3722.0000,3724.0000,3724.6000,3724.8000,3725.0000,3725.6000,2,2,1,1,1,1,3,1,7,2
SF,IF2005,2020-04-13 14:48:29.600,3723.4000,12608,0,7473774660.000,2,1,1,空换,B,3723.2000,3723.0000,3722.2000,3722.0000,3721.6000,3724.6000,3724.8000,3725.0000,3725.6000,3725.8000,2,1,1,1,1,3,1,7,2,4
SF,IF2005,2020-04-13 14:48:30.100,3723.4000,12608,0,7473774660.000,0,-,-,-,-,3723.2000,3723.0000,3722.2000,3722.0000,3721.6000,3724.0000,3724.4000,3724.6000,3724.8000,3725.0000,2,1,1,1,1,1,2,3,1,7
SF,IF2005,2020-04-13 14:48:30.600,3723.4000,12608,0,7473774660.000,0,-,-,-,-,3723.2000,3723.0000,3722.2000,3722.0000,3721.6000,3724.0000,3724.4000,3724.6000,3724.8000,3725.0000,4,1,1,1,1,1,2,3,1,7
SF,IF2005,2020-04-13 14:48:31.100,3723.4000,12608,0,7473774660.000,0,-,-,-,-,3723.4000,3723.2000,3723.0000,3722.2000,3722.0000,3724.0000,3724.4000,3724.6000,3724.8000,3725.0000,1,4,1,1,1,1,2,3,1,7
SF,IF2005,2020-04-13 14:48:31.600,3723.4000,12608,0,7473774660.000,0,-,-,-,-,3723.4000,3723.2000,3723.0000,3722.2000,3722.0000,3724.0000,3724.4000,3724.6000,3724.8000,3725.0000,1,4,1,1,1,1,2,3,1,7
SF,IF2005,2020-04-13 14:48:32.100,3724.0000,12608,0,7474891860.000,1,0,1,空换,B,3723.4000,3723.2000,3723.0000,3722.2000,3722.0000,3724.4000,3724.6000,3724.8000,3725.0000,3725.6000,1,4,1,1,1,2,3,1,7,2
SF,IF2005,2020-04-13 14:48:32.600,3724.0000,12608,0,7474891860.000,0,-,-,-,-,3723.6000,3723.4000,3723.2000,3723.0000,3722.2000,3724.4000,3724.6000,3724.8000,3725.0000,3725.6000,2,1,2,1,1,2,3,1,7,2
SF,IF2005,2020-04-13 14:48:33.100,3724.0000,12608,0,7474891860.000,0,-,-,-,-,3723.4000,3723.0000,3722.2000,3722.0000,3721.6000,3724.4000,3724.6000,3724.8000,3725.0000,3725.6000,1,1,1,1,1,2,3,1,7,2
SF,IF2005,2020-04-13 14:48:33.600,3724.0000,12608,0,7474891860.000,0,-,-,-,-,3723.4000,3723.0000,3722.2000,3722.0000,3721.6000,3724.2000,3724.4000,3724.6000,3724.8000,3725.0000,1,1,1,1,1,2,2,1,1,7
SF,IF2005,2020-04-13 14:48:38.100,3724.0000,12608,0,7474891860.000,0,-,-,-,-,3723.4000,3723.0000,3722.2000,3722.0000,3721.6000,3724.0000,3724.2000,3724.4000,3724.6000,3724.8000,1,1,1,1,1,1,2,2,1,1
SF,IF2005,2020-04-13 14:48:42.100,3724.0000,12608,0,7474891860.000,0,-,-,-,-,3723.4000,3723.0000,3722.2000,3722.0000,3721.6000,3724.0000,3724.2000,3724.4000,3724.6000,3724.8000,1,1,1,1,1,1,2,2,1,1
SF,IF2005,2020-04-13 14:48:42.600,3724.0000,12608,0,7474891860.000,0,-,-,-,-,3723.0000,3722.2000,3722.0000,3721.6000,3721.4000,3723.4000,3724.0000,3724.2000,3724.4000,3724.6000,1,1,1,1,1,1,1,2,2,1
SF,IF2005,2020-04-13 14:48:43.100,3723.4000,12609,1,7476008880.000,1,1,0,双开,B,3723.4000,3723.2000,3723.0000,3722.2000,3722.0000,3724.0000,3724.2000,3724.4000,3724.6000,3724.8000,3,1,1,1,1,1,2,2,1,1
SF,IF2005,2020-04-13 14:48:43.600,3723.4000,12609,0,7476008880.000,0,-,-,-,-,3723.4000,3723.2000,3723.0000,3722.2000,3722.0000,3724.0000,3724.2000,3724.4000,3724.6000,3724.8000,3,1,1,1,1,1,2,2,1,1
SF,IF2005,2020-04-13 14:48:44.100,3723.4000,12609,0,7476008880.000,0,-,-,-,-,3723.4000,3723.2000,3723.0000,3722.2000,3722.0000,3724.0000,3724.2000,3724.4000,3724.6000,3724.8000,1,1,1,1,1,1,2,2,1,1
SF,IF2005,2020-04-13 14:48:45.100,3723.4000,12609,0,7476008880.000,0,-,-,-,-,3723.2000,3723.0000,3722.2000,3722.0000,3721.6000,3724.0000,3724.2000,3724.4000,3724.6000,3724.8000,1,1,1,1,1,1,2,2,1,1
SF,IF2005,2020-04-13 14:48:46.600,3723.4000,12609,0,7476008880.000,0,-,-,-,-,3723.2000,3723.0000,3722.2000,3722.0000,3721.6000,3724.0000,3724.2000,3724.4000,3724.8000,3725.0000,1,1,1,1,1,1,2,2,1,7
SF,IF2005,2020-04-13 14:48:47.100,3723.4000,12609,0,7476008880.000,0,-,-,-,-,3723.0000,3722.2000,3722.0000,3721.6000,3721.4000,3724.0000,3724.2000,3724.4000,3724.8000,3725.0000,1,1,1,1,1,1,2,1,1,7
SF,IF2005,2020-04-13 14:48:47.600,3723.4000,12609,0,7476008880.000,0,-,-,-,-,3723.0000,3722.2000,3722.0000,3721.6000,3721.4000,3723.8000,3724.0000,3724.8000,3725.0000,3725.6000,1,1,1,1,1,2,1,1,7,2
SF,IF2005,2020-04-13 14:48:48.100,3723.4000,12609,0,7476008880.000,0,-,-,-,-,3723.0000,3722.2000,3722.0000,3721.6000,3721.4000,3723.8000,3724.0000,3724.8000,3725.0000,3725.6000,1,1,1,1,1,3,1,1,7,2
SF,IF2005,2020-04-13 14:48:48.600,3723.4000,12609,0,7476008880.000,0,-,-,-,-,3723.0000,3722.2000,3722.0000,3721.6000,3721.4000,3723.8000,3724.0000,3724.8000,3725.0000,3725.6000,1,1,1,1,1,2,1,1,7,2
SF,IF2005,2020-04-13 14:48:49.100,3723.4000,12609,0,7476008880.000,0,-,-,-,-,3723.2000,3723.0000,3722.2000,3722.0000,3721.6000,3723.8000,3724.0000,3724.8000,3725.0000,3725.6000,1,1,1,1,1,2,1,1,7,2
SF,IF2005,2020-04-13 14:48:49.600,3723.4000,12609,0,7476008880.000,0,-,-,-,-,3723.2000,3723.0000,3722.2000,3722.0000,3721.6000,3723.8000,3724.0000,3724.8000,3725.0000,3725.6000,1,1,1,1,1,2,1,1,7,2
SF,IF2005,2020-04-13 14:48:50.100,3723.4000,12609,0,7476008880.000,0,-,-,-,-,3723.2000,3723.0000,3722.2000,3722.0000,3721.6000,3723.8000,3724.0000,3724.8000,3725.0000,3725.6000,1,1,1,1,1,2,1,1,7,2
SF,IF2005,2020-04-13 14:48:50.600,3723.4000,12609,0,7476008880.000,0,-,-,-,-,3723.2000,3723.0000,3722.2000,3722.0000,3721.6000,3723.8000,3724.0000,3724.8000,3725.0000,3725.6000,1,1,1,1,1,3,1,1,7,2
SF,IF2005,2020-04-13 14:48:51.100,3723.4000,12609,0,7476008880.000,0,-,-,-,-,3723.2000,3723.0000,3722.2000,3722.0000,3721.6000,3723.8000,3724.0000,3724.8000,3725.0000,3725.6000,1,1,1,1,1,2,1,1,7,2
SF,IF2005,2020-04-13 14:48:51.600,3723.4000,12609,0,7476008880.000,0,-,-,-,-,3723.2000,3723.0000,3722.2000,3722.0000,3721.6000,3723.8000,3724.0000,3724.8000,3725.0000,3725.6000,1,1,1,1,1,2,1,1,7,2
SF,IF2005,2020-04-13 14:48:52.100,3723.4000,12609,0,7476008880.000,0,-,-,-,-,3723.2000,3723.0000,3722.2000,3722.0000,3721.6000,3723.8000,3724.0000,3724.8000,3725.0000,3725.6000,1,1,1,1,1,1,1,1,7,2
SF,IF2005,2020-04-13 14:48:52.600,3723.4000,12609,0,7476008880.000,0,-,-,-,-,3723.2000,3723.0000,3722.2000,3722.0000,3721.6000,3724.0000,3724.8000,3725.0000,3725.6000,3725.8000,1,1,1,1,1,1,1,7,2,4
SF,IF2005,2020-04-13 14:48:53.100,3723.4000,12609,0,7476008880.000,0,-,-,-,-,3723.2000,3723.0000,3722.2000,3722.0000,3721.6000,3724.0000,3724.8000,3725.0000,3725.6000,3725.8000,1,1,1,1,1,1,1,7,2,4
SF,IF2005,2020-04-13 14:48:53.600,3723.4000,12609,0,7476008880.000,0,-,-,-,-,3723.2000,3723.0000,3722.2000,3722.0000,3721.6000,3724.0000,3724.8000,3725.0000,3725.6000,3725.8000,1,1,1,1,1,1,1,7,2,4
SF,IF2005,2020-04-13 14:48:54.100,3723.2000,12609,0,7477125840.000,1,0,1,空换,B,3723.0000,3722.2000,3722.0000,3721.6000,3721.4000,3724.0000,3724.8000,3725.0000,3725.6000,3725.8000,1,1,1,1,1,1,1,7,2,4
SF,IF2005,2020-04-13 14:48:54.600,3723.2000,12609,0,7477125840.000,0,-,-,-,-,3723.0000,3722.2000,3722.0000,3721.6000,3721.4000,3723.8000,3724.0000,3724.8000,3725.0000,3725.6000,1,1,1,1,1,2,2,1,7,2
SF,IF2005,2020-04-13 14:48:55.100,3723.2000,12609,0,7477125840.000,0,-,-,-,-,3723.0000,3722.2000,3722.0000,3721.6000,3721.4000,3723.8000,3724.0000,3724.8000,3725.0000,3725.6000,1,1,1,1,1,3,1,1,7,2
SF,IF2005,2020-04-13 14:48:55.600,3723.2000,12609,0,7477125840.000,0,-,-,-,-,3723.0000,3722.2000,3722.0000,3721.6000,3721.4000,3723.8000,3724.0000,3724.8000,3725.0000,3725.6000,1,1,1,1,1,3,1,1,7,2
SF,IF2005,2020-04-13 14:48:56.100,3723.2000,12609,0,7477125840.000,0,-,-,-,-,3723.0000,3722.2000,3722.0000,3721.6000,3721.4000,3723.8000,3724.0000,3724.8000,3725.0000,3725.6000,1,1,1,1,1,2,1,1,7,2
SF,IF2005,2020-04-13 14:48:56.600,3723.2000,12609,0,7477125840.000,0,-,-,-,-,3723.0000,3722.2000,3722.0000,3721.6000,3721.4000,3723.8000,3724.0000,3724.8000,3725.0000,3725.6000,1,1,1,1,1,2,1,1,7,2
SF,IF2005,2020-04-13 14:48:57.100,3723.2000,12609,0,7477125840.000,0,-,-,-,-,3723.0000,3722.2000,3722.0000,3721.6000,3721.4000,3723.8000,3724.0000,3724.8000,3725.0000,3725.6000,1,1,1,1,1,2,1,1,7,2
SF,IF2005,2020-04-13 14:48:57.600,3723.2000,12609,0,7477125840.000,0,-,-,-,-,3723.0000,3722.2000,3722.0000,3721.6000,3721.4000,3724.0000,3724.8000,3725.0000,3725.6000,3725.8000,1,1,1,1,1,1,1,7,2,4
SF,IF2005,2020-04-13 14:48:58.100,3723.2000,12609,0,7477125840.000,0,-,-,-,-,3723.2000,3723.0000,3722.2000,3722.0000,3721.6000,3724.0000,3724.8000,3725.0000,3725.6000,3725.8000,2,1,1,1,1,1,1,7,2,4
SF,IF2005,2020-04-13 14:48:58.600,3723.2000,12609,0,7477125840.000,0,-,-,-,-,3723.2000,3723.0000,3722.2000,3722.0000,3721.6000,3724.0000,3724.8000,3725.0000,3725.6000,3725.8000,2,1,1,1,1,1,1,7,2,4
SF,IF2005,2020-04-13 14:48:59.100,3723.2000,12609,0,7477125840.000,0,-,-,-,-,3723.2000,3723.0000,3722.2000,3722.0000,3721.6000,3724.0000,3724.8000,3725.0000,3725.6000,3725.8000,2,1,1,1,1,2,1,7,2,4
SF,IF2005,2020-04-13 14:48:59.600,3723.2000,12609,0,7477125840.000,0,-,-,-,-,3723.0000,3722.2000,3722.0000,3721.6000,3721.4000,3723.8000,3724.0000,3724.8000,3725.0000,3725.6000,1,1,1,1,1,2,3,1,7,2
SF,IF2005,2020-04-13 14:49:00.100,3723.2000,12609,0,7477125840.000,0,-,-,-,-,3723.0000,3722.2000,3722.0000,3721.6000,3721.4000,3723.8000,3724.0000,3724.8000,3725.0000,3725.6000,1,1,1,1,1,2,3,1,10,2
SF,IF2005,2020-04-13 14:49:01.100,3723.2000,12609,0,7477125840.000,0,-,-,-,-,3723.0000,3722.2000,3722.0000,3721.6000,3721.4000,3723.8000,3724.0000,3724.8000,3725.0000,3725.6000,1,1,1,1,1,2,3,1,10,2
SF,IF2005,2020-04-13 14:49:06.100,3723.2000,12609,0,7477125840.000,0,-,-,-,-,3723.0000,3722.2000,3722.0000,3721.6000,3721.4000,3723.8000,3724.0000,3724.8000,3725.0000,3725.6000,1,1,1,1,1,2,3,1,10,2
SF,IF2005,2020-04-13 14:49:06.600,3723.2000,12609,0,7477125840.000,0,-,-,-,-,3723.0000,3722.2000,3722.0000,3721.6000,3721.4000,3723.8000,3724.0000,3724.8000,3725.0000,3725.6000,1,1,1,1,1,2,3,1,10,2
SF,IF2005,2020-04-13 14:49:07.100,3723.2000,12609,0,7477125840.000,0,-,-,-,-,3723.0000,3722.2000,3722.0000,3721.6000,3721.4000,3723.8000,3724.0000,3724.8000,3725.0000,3725.6000,1,1,1,1,1,2,3,1,10,2
SF,IF2005,2020-04-13 14:49:08.100,3723.2000,12609,0,7477125840.000,0,-,-,-,-,3723.0000,3722.2000,3722.0000,3721.6000,3721.4000,3723.4000,3723.6000,3723.8000,3724.0000,3724.6000,1,1,1,1,1,1,1,2,3,2
SF,IF2005,2020-04-13 14:49:10.600,3723.2000,12609,0,7477125840.000,0,-,-,-,-,3723.0000,3722.2000,3722.0000,3721.6000,3721.4000,3723.4000,3723.6000,3723.8000,3724.0000,3724.6000,1,1,1,1,1,1,1,2,3,2
SF,IF2005,2020-04-13 14:49:11.100,3723.2000,12609,0,7477125840.000,0,-,-,-,-,3723.0000,3722.2000,3722.0000,3721.6000,3721.4000,3723.4000,3723.6000,3723.8000,3724.0000,3724.6000,1,1,1,1,1,1,1,2,3,2
SF,IF2005,2020-04-13 14:49:13.100,3723.2000,12609,0,7477125840.000,0,-,-,-,-,3723.0000,3722.0000,3721.6000,3721.4000,3721.0000,3723.4000,3723.6000,3723.8000,3724.0000,3724.6000,1,1,1,1,3,1,1,2,3,2
SF,IF2005,2020-04-13 14:49:13.600,3723.2000,12609,0,7477125840.000,0,-,-,-,-,3723.0000,3721.6000,3721.4000,3721.0000,3720.8000,3723.4000,3723.6000,3723.8000,3724.0000,3724.6000,1,1,1,3,1,1,1,2,3,2
SF,IF2005,2020-04-13 14:49:19.600,3723.2000,12609,0,7477125840.000,0,-,-,-,-,3723.0000,3721.6000,3721.4000,3721.0000,3720.8000,3723.6000,3723.8000,3724.0000,3724.6000,3724.8000,1,1,1,3,1,1,2,3,2,1
SF,IF2005,2020-04-13 14:49:20.600,3723.2000,12609,0,7477125840.000,0,-,-,-,-,3723.0000,3721.6000,3721.4000,3721.0000,3720.8000,3723.6000,3723.8000,3724.0000,3724.6000,3724.8000,2,1,1,3,1,1,2,3,2,1
SF,IF2005,2020-04-13 14:49:21.600,3723.2000,12609,0,7477125840.000,0,-,-,-,-,3723.0000,3721.6000,3721.4000,3721.0000,3720.8000,3723.8000,3724.0000,3724.6000,3724.8000,3725.0000,2,1,1,3,1,2,3,2,1,10
SF,IF2005,2020-04-13 14:49:26.100,3723.2000,12609,0,7477125840.000,0,-,-,-,-,3723.0000,3721.6000,3721.4000,3721.0000,3720.8000,3723.4000,3723.6000,3723.8000,3724.0000,3724.6000,2,1,1,3,1,1,1,2,3,2
SF,IF2005,2020-04-13 14:49:26.600,3723.0000,12609,0,7479359640.000,2,1,1,空换,B,3721.6000,3721.4000,3721.0000,3720.8000,3720.6000,3723.4000,3723.6000,3723.8000,3724.0000,3724.6000,1,1,3,1,5,1,3,3,3,2
SF,IF2005,2020-04-13 14:49:27.100,3723.0000,12609,0,7479359640.000,0,-,-,-,-,3722.2000,3722.0000,3721.8000,3721.6000,3721.4000,3723.2000,3723.4000,3723.6000,3723.8000,3724.0000,2,2,7,1,1,2,1,3,1,3
SF,IF2005,2020-04-13 14:49:27.600,3723.0000,12609,0,7479359640.000,0,-,-,-,-,3722.4000,3722.2000,3722.0000,3721.8000,3721.6000,3723.2000,3723.4000,3723.6000,3723.8000,3724.0000,3,2,2,4,1,2,1,3,1,3
SF,IF2005,2020-04-13 14:49:30.100,3723.0000,12609,0,7479359640.000,0,-,-,-,-,3722.4000,3722.2000,3722.0000,3721.8000,3721.6000,3723.2000,3723.4000,3723.6000,3723.8000,3724.0000,3,2,2,4,1,2,1,3,1,3
SF,IF2005,2020-04-13 14:49:31.100,3723.0000,12609,0,7479359640.000,0,-,-,-,-,3722.4000,3722.2000,3722.0000,3721.8000,3721.6000,3723.2000,3723.4000,3723.6000,3723.8000,3724.0000,3,2,2,3,1,2,1,3,1,3
SF,IF2005,2020-04-13 14:49:34.100,3723.0000,12609,0,7479359640.000,0,-,-,-,-,3722.4000,3722.2000,3722.0000,3721.8000,3721.6000,3723.2000,3723.4000,3723.6000,3723.8000,3724.0000,3,2,2,3,1,2,1,3,1,2
SF,IF2005,2020-04-13 14:49:34.600,3723.0000,12609,0,7479359640.000,0,-,-,-,-,3722.4000,3722.2000,3722.0000,3721.8000,3721.6000,3723.2000,3723.4000,3723.6000,3723.8000,3724.0000,3,2,2,3,1,2,1,3,1,2
SF,IF2005,2020-04-13 14:49:35.100,3723.0000,12609,0,7479359640.000,0,-,-,-,-,3722.4000,3722.2000,3722.0000,3721.8000,3721.6000,3723.2000,3723.4000,3723.6000,3723.8000,3724.0000,3,2,2,3,1,2,1,3,1,2
SF,IF2005,2020-04-13 14:49:35.600,3723.0000,12609,0,7479359640.000,0,-,-,-,-,3722.4000,3722.2000,3722.0000,3721.8000,3721.6000,3723.2000,3723.4000,3723.6000,3723.8000,3724.0000,3,2,2,3,1,3,1,3,1,2
SF,IF2005,2020-04-13 14:49:36.100,3723.0000,12609,0,7479359640.000,0,-,-,-,-,3722.4000,3722.2000,3722.0000,3721.8000,3721.6000,3723.2000,3723.4000,3723.6000,3723.8000,3724.0000,3,2,2,3,1,2,1,3,1,2
SF,IF2005,2020-04-13 14:49:36.600,3723.0000,12609,0,7479359640.000,0,-,-,-,-,3722.4000,3722.2000,3722.0000,3721.8000,3721.6000,3723.2000,3723.4000,3723.6000,3723.8000,3724.0000,3,2,2,3,1,2,1,3,1,2
SF,IF2005,2020-04-13 14:49:37.100,3723.0000,12609,0,7479359640.000,0,-,-,-,-,3722.6000,3722.4000,3722.2000,3722.0000,3721.8000,3723.2000,3723.4000,3723.6000,3723.8000,3724.0000,1,3,2,2,2,2,1,3,1,2
SF,IF2005,2020-04-13 14:49:37.600,3723.0000,12609,0,7479359640.000,0,-,-,-,-,3722.6000,3722.4000,3722.2000,3722.0000,3721.8000,3723.2000,3723.4000,3723.6000,3723.8000,3724.0000,1,3,2,2,2,2,1,3,1,2
SF,IF2005,2020-04-13 14:49:38.100,3723.0000,12609,0,7479359640.000,0,-,-,-,-,3722.6000,3722.4000,3722.2000,3722.0000,3721.8000,3723.2000,3723.4000,3723.6000,3723.8000,3724.0000,1,3,2,2,2,2,1,3,1,2
SF,IF2005,2020-04-13 14:49:38.600,3723.0000,12609,0,7479359640.000,0,-,-,-,-,3722.6000,3722.4000,3722.2000,3722.0000,3721.8000,3723.2000,3723.4000,3723.6000,3723.8000,3724.0000,1,3,2,2,2,2,1,3,1,2
SF,IF2005,2020-04-13 14:49:39.100,3723.0000,12609,0,7479359640.000,0,-,-,-,-,3722.4000,3722.2000,3721.8000,3721.6000,3721.4000,3723.2000,3723.4000,3723.6000,3723.8000,3724.0000,3,2,1,1,1,3,1,3,1,2
SF,IF2005,2020-04-13 14:49:39.600,3723.0000,12609,0,7479359640.000,0,-,-,-,-,3722.6000,3722.4000,3722.2000,3721.8000,3721.6000,3723.2000,3723.4000,3723.6000,3723.8000,3724.0000,1,3,2,1,1,2,1,3,1,2
SF,IF2005,2020-04-13 14:49:40.100,3723.0000,12609,0,7479359640.000,0,-,-,-,-,3722.6000,3722.4000,3722.2000,3721.8000,3721.6000,3723.2000,3723.4000,3723.6000,3723.8000,3724.0000,1,1,2,1,1,3,1,3,1,2
SF,IF2005,2020-04-13 14:49:40.600,3723.0000,12609,0,7479359640.000,0,-,-,-,-,3722.6000,3722.4000,3722.2000,3721.8000,3721.6000,3723.2000,3723.4000,3723.6000,3723.8000,3724.0000,1,1,2,1,1,3,1,3,1,2
SF,IF2005,2020-04-13 14:49:41.100,3723.0000,12609,0,7479359640.000,0,-,-,-,-,3722.6000,3722.4000,3722.2000,3721.8000,3721.6000,3723.2000,3723.4000,3723.6000,3723.8000,3724.0000,1,1,2,1,1,3,1,3,1,2
SF,IF2005,2020-04-13 14:49:41.600,3723.0000,12609,0,7479359640.000,0,-,-,-,-,3722.4000,3722.2000,3721.8000,3721.6000,3721.4000,3723.2000,3723.4000,3723.6000,3723.8000,3724.0000,1,2,1,1,1,3,1,3,1,2
SF,IF2005,2020-04-13 14:49:42.100,3723.0000,12609,0,7479359640.000,0,-,-,-,-,3722.4000,3722.2000,3721.8000,3721.6000,3721.4000,3723.2000,3723.4000,3723.6000,3723.8000,3724.0000,1,2,1,1,1,2,1,3,1,2
SF,IF2005,2020-04-13 14:49:42.600,3723.0000,12609,0,7479359640.000,0,-,-,-,-,3722.4000,3722.2000,3721.8000,3721.6000,3721.4000,3723.2000,3723.4000,3723.6000,3723.8000,3724.0000,1,2,1,1,1,2,1,3,1,2
SF,IF2005,2020-04-13 14:49:43.100,3723.0000,12609,0,7479359640.000,0,-,-,-,-,3722.4000,3722.2000,3721.8000,3721.6000,3721.4000,3723.2000,3723.4000,3723.6000,3723.8000,3724.0000,1,2,1,1,1,2,1,3,1,2
SF,IF2005,2020-04-13 14:49:43.600,3723.0000,12609,0,7479359640.000,0,-,-,-,-,3722.4000,3722.2000,3721.8000,3721.6000,3721.4000,3723.2000,3723.4000,3723.6000,3723.8000,3724.0000,1,2,1,1,1,3,1,3,1,2
SF,IF2005,2020-04-13 14:49:44.100,3723.0000,12609,0,7479359640.000,0,-,-,-,-,3722.6000,3722.4000,3722.2000,3721.8000,3721.6000,3723.2000,3723.4000,3723.6000,3723.8000,3724.0000,1,1,2,1,1,3,1,3,1,2
SF,IF2005,2020-04-13 14:49:44.600,3723.0000,12609,0,7479359640.000,0,-,-,-,-,3722.4000,3722.2000,3721.8000,3721.6000,3721.4000,3723.2000,3723.4000,3723.6000,3723.8000,3724.0000,1,2,1,1,1,3,1,3,1,2
SF,IF2005,2020-04-13 14:49:45.100,3723.0000,12609,0,7479359640.000,0,-,-,-,-,3722.4000,3722.2000,3721.6000,3721.4000,3721.0000,3722.8000,3723.0000,3723.2000,3723.6000,3724.0000,1,2,1,1,3,1,1,3,3,2
SF,IF2005,2020-04-13 14:49:45.600,3723.0000,12609,0,7479359640.000,0,-,-,-,-,3722.2000,3721.6000,3721.4000,3721.0000,3720.8000,3722.8000,3723.0000,3723.2000,3723.6000,3724.0000,2,1,1,3,1,1,1,2,1,2
SF,IF2005,2020-04-13 14:49:46.100,3723.0000,12609,0,7479359640.000,0,-,-,-,-,3722.4000,3722.2000,3721.6000,3721.4000,3721.0000,3722.8000,3723.0000,3723.2000,3723.6000,3724.0000,1,2,1,1,3,2,1,2,1,2
SF,IF2005,2020-04-13 14:49:46.600,3723.0000,12609,0,7479359640.000,0,-,-,-,-,3722.4000,3722.2000,3721.6000,3721.4000,3721.0000,3722.8000,3723.2000,3723.6000,3724.0000,3724.6000,1,2,1,1,3,2,2,1,2,2
SF,IF2005,2020-04-13 14:49:47.100,3723.0000,12609,0,7479359640.000,0,-,-,-,-,3722.2000,3721.6000,3721.4000,3721.0000,3720.8000,3722.8000,3723.2000,3723.6000,3724.0000,3724.6000,2,1,1,3,1,2,2,1,2,2
SF,IF2005,2020-04-13 14:49:47.600,3723.0000,12609,0,7479359640.000,0,-,-,-,-,3722.4000,3722.2000,3721.6000,3721.4000,3721.0000,3722.8000,3723.2000,3723.6000,3724.0000,3724.6000,1,2,1,1,3,1,2,1,2,2
SF,IF2005,2020-04-13 14:49:48.100,3723.0000,12609,0,7479359640.000,0,-,-,-,-,3722.4000,3722.2000,3721.6000,3721.4000,3721.0000,3722.8000,3723.2000,3723.6000,3724.0000,3724.6000,1,2,1,1,3,1,2,1,2,2
SF,IF2005,2020-04-13 14:49:49.100,3723.0000,12609,0,7479359640.000,0,-,-,-,-,3721.6000,3721.4000,3721.0000,3720.8000,3720.6000,3722.8000,3723.2000,3724.0000,3724.6000,3725.0000,1,1,3,1,5,1,2,2,2,11
SF,IF2005,2020-04-13 14:49:49.600,3723.0000,12609,0,7479359640.000,0,-,-,-,-,3721.8000,3721.6000,3721.4000,3721.0000,3720.8000,3722.6000,3722.8000,3724.0000,3724.6000,3725.0000,4,1,1,3,1,2,2,2,2,11
SF,IF2005,2020-04-13 14:49:50.100,3722.8000,12610,1,7480476480.000,1,1,0,双开,B,3721.8000,3721.6000,3721.4000,3721.0000,3720.8000,3722.6000,3722.8000,3724.0000,3724.6000,3725.0000,4,1,1,3,1,2,1,2,2,11
SF,IF2005,2020-04-13 14:49:50.600,3722.8000,12610,0,7480476480.000,0,-,-,-,-,3722.6000,3721.8000,3721.6000,3721.4000,3721.0000,3722.8000,3724.0000,3724.6000,3725.0000,3725.8000,1,4,1,1,3,1,2,2,11,4
SF,IF2005,2020-04-13 14:49:51.600,3722.6000,12611,1,7481593260.000,1,1,0,双开,B,3721.8000,3721.6000,3721.4000,3721.0000,3720.8000,3723.6000,3724.0000,3724.6000,3725.0000,3725.8000,4,1,1,3,1,1,2,2,11,4
SF,IF2005,2020-04-13 14:49:52.100,3722.6000,12611,0,7481593260.000,0,-,-,-,-,3722.0000,3721.8000,3721.6000,3721.4000,3721.0000,3723.2000,3723.4000,3723.6000,3724.0000,3724.6000,1,4,1,1,3,1,8,1,2,2
SF,IF2005,2020-04-13 14:49:52.600,3722.6000,12611,0,7481593260.000,0,-,-,-,-,3722.2000,3722.0000,3721.6000,3721.4000,3721.0000,3723.0000,3723.2000,3723.4000,3723.6000,3724.0000,4,1,1,1,3,2,1,7,1,2
SF,IF2005,2020-04-13 14:49:53.600,3722.6000,12611,0,7481593260.000,0,-,-,-,-,3722.2000,3722.0000,3721.6000,3721.4000,3721.0000,3723.0000,3723.2000,3723.4000,3723.6000,3724.0000,4,1,1,1,4,2,1,7,1,2
SF,IF2005,2020-04-13 14:49:54.100,3722.6000,12611,0,7481593260.000,0,-,-,-,-,3722.2000,3722.0000,3721.6000,3721.4000,3721.0000,3723.4000,3723.6000,3724.0000,3724.6000,3725.0000,4,1,1,1,4,7,1,2,2,11
SF,IF2005,2020-04-13 14:49:54.600,3722.6000,12611,0,7481593260.000,0,-,-,-,-,3722.2000,3722.0000,3721.6000,3721.4000,3721.0000,3723.2000,3723.4000,3723.6000,3724.0000,3724.6000,4,1,1,1,4,3,7,1,2,2
SF,IF2005,2020-04-13 14:49:55.100,3722.6000,12611,0,7481593260.000,0,-,-,-,-,3722.2000,3722.0000,3721.6000,3721.4000,3721.0000,3723.2000,3723.4000,3723.6000,3724.0000,3724.6000,4,1,1,1,4,2,7,1,2,2
SF,IF2005,2020-04-13 14:49:56.100,3722.6000,12611,0,7481593260.000,0,-,-,-,-,3722.2000,3722.0000,3721.6000,3721.4000,3721.0000,3723.0000,3723.2000,3723.4000,3723.6000,3724.0000,2,1,1,1,4,1,2,6,1,2
SF,IF2005,2020-04-13 14:49:56.600,3722.6000,12611,0,7481593260.000,0,-,-,-,-,3722.2000,3722.0000,3721.6000,3721.4000,3721.0000,3723.0000,3723.2000,3723.4000,3723.6000,3724.0000,2,1,1,1,4,1,2,6,3,2
SF,IF2005,2020-04-13 14:49:57.100,3722.6000,12611,0,7481593260.000,0,-,-,-,-,3722.2000,3722.0000,3721.6000,3721.4000,3721.0000,3723.2000,3723.4000,3723.6000,3724.0000,3725.0000,2,1,1,1,4,2,6,3,2,11
SF,IF2005,2020-04-13 14:49:58.100,3722.6000,12611,0,7481593260.000,0,-,-,-,-,3722.4000,3722.2000,3722.0000,3721.6000,3721.4000,3723.2000,3723.4000,3723.6000,3724.0000,3725.0000,3,2,1,1,1,2,6,3,2,11
SF,IF2005,2020-04-13 14:49:58.600,3722.6000,12611,0,7481593260.000,0,-,-,-,-,3722.6000,3722.4000,3721.6000,3721.4000,3721.0000,3723.6000,3724.0000,3725.0000,3725.8000,3726.0000,2,4,1,1,4,1,2,11,4,3
SF,IF2005,2020-04-13 14:49:59.100,3722.6000,12611,0,7481593260.000,0,-,-,-,-,3722.8000,3722.6000,3722.4000,3721.6000,3721.4000,3723.6000,3724.0000,3724.6000,3725.0000,3725.8000,3,2,1,1,1,1,2,2,11,4
SF,IF2005,2020-04-13 14:49:59.600,3722.6000,12611,0,7481593260.000,0,-,-,-,-,3722.8000,3722.6000,3721.6000,3721.4000,3721.0000,3723.6000,3724.0000,3724.6000,3725.0000,3725.8000,4,2,1,1,4,1,2,2,11,4
SF,IF2005,2020-04-13 14:50:00.100,3722.6000,12611,0,7481593260.000,0,-,-,-,-,3723.0000,3722.8000,3722.6000,3721.6000,3721.4000,3723.6000,3724.0000,3724.6000,3725.0000,3725.8000,1,4,2,1,1,1,2,2,11,4
SF,IF2005,2020-04-13 14:50:00.600,3722.6000,12611,0,7481593260.000,0,-,-,-,-,3723.0000,3722.8000,3722.6000,3721.6000,3721.4000,3723.6000,3724.0000,3724.6000,3725.0000,3725.8000,1,4,2,1,1,1,2,2,11,4
SF,IF2005,2020-04-13 14:50:01.100,3722.6000,12611,0,7481593260.000,0,-,-,-,-,3722.8000,3722.6000,3721.6000,3721.4000,3721.0000,3723.6000,3724.0000,3724.6000,3725.0000,3725.8000,3,2,1,1,4,1,2,2,11,4
SF,IF2005,2020-04-13 14:50:01.600,3722.6000,12611,0,7481593260.000,0,-,-,-,-,3722.6000,3722.4000,3721.6000,3721.4000,3721.0000,3723.6000,3724.0000,3724.6000,3725.0000,3725.8000,2,1,1,1,4,2,2,2,11,4
SF,IF2005,2020-04-13 14:50:02.100,3722.6000,12611,0,7481593260.000,0,-,-,-,-,3722.6000,3722.4000,3721.6000,3721.4000,3721.0000,3723.4000,3723.6000,3724.0000,3724.6000,3725.0000,2,1,1,1,4,4,2,2,2,11
SF,IF2005,2020-04-13 14:50:02.600,3722.6000,12611,0,7481593260.000,0,-,-,-,-,3722.4000,3721.6000,3721.4000,3721.0000,3720.8000,3723.4000,3723.6000,3724.0000,3724.6000,3725.0000,1,1,1,4,1,5,1,2,2,11
SF,IF2005,2020-04-13 14:50:03.100,3722.6000,12611,0,7481593260.000,0,-,-,-,-,3722.6000,3722.4000,3721.6000,3721.4000,3721.0000,3723.4000,3723.6000,3724.0000,3724.6000,3725.0000,2,1,1,1,4,5,1,2,2,11
SF,IF2005,2020-04-13 14:50:03.600,3722.6000,12611,0,7481593260.000,0,-,-,-,-,3722.6000,3722.4000,3721.6000,3721.4000,3721.0000,3723.4000,3723.6000,3724.0000,3724.6000,3725.0000,2,1,1,1,4,3,1,2,2,11
SF,IF2005,2020-04-13 14:50:04.100,3722.6000,12611,0,7481593260.000,0,-,-,-,-,3722.6000,3722.4000,3721.6000,3721.4000,3721.0000,3723.4000,3723.6000,3724.0000,3724.6000,3725.0000,2,1,1,1,4,1,1,2,2,11
SF,IF2005,2020-04-13 14:50:05.100,3722.6000,12612,1,7482710040.000,1,1,0,双开,B,3722.6000,3722.4000,3721.6000,3721.4000,3721.0000,3723.4000,3723.6000,3724.0000,3724.6000,3725.0000,1,1,1,1,4,1,1,2,2,11
SF,IF2005,2020-04-13 14:50:05.600,3722.6000,12612,0,7482710040.000,0,-,-,-,-,3722.6000,3722.4000,3721.6000,3721.4000,3721.0000,3723.4000,3723.6000,3724.0000,3724.6000,3725.0000,1,1,1,1,4,1,1,2,2,11
SF,IF2005,2020-04-13 14:50:08.600,3722.6000,12612,0,7482710040.000,0,-,-,-,-,3722.6000,3722.4000,3721.6000,3721.4000,3721.0000,3723.4000,3723.6000,3724.0000,3724.6000,3725.0000,1,1,1,1,4,1,1,2,2,11
SF,IF2005,2020-04-13 14:50:09.600,3722.6000,12612,0,7482710040.000,0,-,-,-,-,3722.6000,3722.4000,3721.6000,3721.4000,3721.0000,3723.4000,3723.6000,3723.8000,3724.0000,3724.6000,1,1,1,1,4,1,1,4,2,2
SF,IF2005,2020-04-13 14:50:11.100,3722.6000,12612,0,7482710040.000,0,-,-,-,-,3722.8000,3722.6000,3722.4000,3721.6000,3721.4000,3723.4000,3723.6000,3723.8000,3724.0000,3724.6000,1,1,1,1,1,1,1,4,2,2
SF,IF2005,2020-04-13 14:50:12.100,3722.6000,12612,0,7482710040.000,0,-,-,-,-,3722.6000,3722.4000,3721.6000,3721.4000,3721.0000,3723.4000,3723.6000,3723.8000,3724.0000,3724.6000,1,1,1,1,4,1,1,4,2,2
SF,IF2005,2020-04-13 14:50:13.100,3722.6000,12612,0,7482710040.000,0,-,-,-,-,3722.6000,3722.4000,3721.6000,3721.4000,3721.0000,3723.4000,3723.6000,3723.8000,3724.0000,3724.6000,1,1,1,1,4,1,1,4,2,2
SF,IF2005,2020-04-13 14:50:14.100,3722.6000,12612,0,7482710040.000,0,-,-,-,-,3722.6000,3722.4000,3721.6000,3721.4000,3721.0000,3723.6000,3723.8000,3724.0000,3724.6000,3725.0000,1,1,1,1,4,1,4,2,2,11
SF,IF2005,2020-04-13 14:50:16.600,3723.6000,12612,0,7483827120.000,1,0,1,空换,B,3722.6000,3722.4000,3721.6000,3721.4000,3721.0000,3723.8000,3724.0000,3724.6000,3725.0000,3725.8000,1,1,1,1,4,4,2,2,11,4
SF,IF2005,2020-04-13 14:50:17.100,3723.6000,12612,0,7483827120.000,0,-,-,-,-,3722.6000,3722.4000,3721.6000,3721.4000,3721.0000,3723.6000,3723.8000,3724.0000,3724.6000,3725.0000,1,1,1,1,4,2,4,2,2,11
SF,IF2005,2020-04-13 14:50:18.100,3721.4000,12616,4,7488293520.000,4,4,0,双开,B,3721.0000,3720.8000,3720.2000,3720.0000,3719.8000,3723.6000,3723.8000,3724.0000,3724.6000,3725.0000,4,1,1,5,2,2,4,2,2,11
SF,IF2005,2020-04-13 14:50:18.600,3723.6000,12617,1,7489410600.000,1,1,0,双开,B,3722.2000,3722.0000,3721.8000,3721.6000,3721.4000,3723.4000,3723.6000,3723.8000,3724.0000,3724.6000,4,2,2,3,3,1,1,4,2,2
SF,IF2005,2020-04-13 14:50:19.100,3723.6000,12617,0,7489410600.000,0,-,-,-,-,3722.4000,3722.2000,3722.0000,3721.8000,3721.6000,3723.6000,3723.8000,3724.0000,3724.6000,3725.0000,4,4,2,2,3,1,4,2,2,11
SF,IF2005,2020-04-13 14:50:19.600,3723.6000,12617,0,7489410600.000,0,-,-,-,-,3722.4000,3722.2000,3722.0000,3721.8000,3721.6000,3723.6000,3723.8000,3724.0000,3724.6000,3725.0000,4,4,2,7,4,1,4,2,2,11
SF,IF2005,2020-04-13 14:50:20.100,3723.6000,12617,0,7489410600.000,0,-,-,-,-,3722.4000,3722.2000,3722.0000,3721.8000,3721.6000,3723.6000,3723.8000,3724.0000,3724.6000,3725.0000,4,4,1,8,4,1,4,2,2,11
SF,IF2005,2020-04-13 14:50:20.600,3723.6000,12617,0,7489410600.000,0,-,-,-,-,3722.4000,3722.2000,3722.0000,3721.8000,3721.6000,3723.6000,3723.8000,3724.0000,3724.6000,3725.0000,4,4,1,8,7,1,4,2,2,11
SF,IF2005,2020-04-13 14:50:21.100,3723.6000,12617,0,7489410600.000,0,-,-,-,-,3722.4000,3722.2000,3721.8000,3721.6000,3721.4000,3723.6000,3723.8000,3724.0000,3724.6000,3725.0000,4,3,6,4,7,1,4,2,2,11
SF,IF2005,2020-04-13 14:50:23.100,3723.6000,12617,0,7489410600.000,0,-,-,-,-,3722.4000,3722.2000,3721.8000,3721.6000,3721.4000,3723.6000,3723.8000,3724.0000,3724.6000,3725.0000,4,3,1,7,4,1,4,2,2,11
SF,IF2005,2020-04-13 14:50:23.600,3723.6000,12617,0,7489410600.000,0,-,-,-,-,3722.4000,3722.2000,3721.8000,3721.6000,3721.4000,3723.6000,3723.8000,3724.0000,3724.6000,3725.0000,4,3,1,12,4,1,4,2,2,11
SF,IF2005,2020-04-13 14:50:24.600,3723.6000,12617,0,7489410600.000,0,-,-,-,-,3722.4000,3722.2000,3721.8000,3721.6000,3721.4000,3723.6000,3723.8000,3724.0000,3724.6000,3725.0000,4,3,1,12,4,1,4,2,2,11
SF,IF2005,2020-04-13 14:50:25.600,3723.6000,12617,0,7489410600.000,0,-,-,-,-,3722.4000,3722.2000,3721.8000,3721.6000,3721.4000,3723.6000,3723.8000,3724.0000,3724.6000,3725.0000,4,3,1,12,4,2,4,2,2,11
SF,IF2005,2020-04-13 14:50:26.600,3723.6000,12617,0,7489410600.000,0,-,-,-,-,3722.4000,3722.2000,3721.8000,3721.6000,3721.4000,3723.6000,3723.8000,3724.0000,3724.6000,3725.0000,4,3,1,12,4,2,4,2,2,11
SF,IF2005,2020-04-13 14:50:27.100,3723.6000,12617,0,7489410600.000,0,-,-,-,-,3722.4000,3722.2000,3721.8000,3721.6000,3721.4000,3723.6000,3723.8000,3724.0000,3724.6000,3725.0000,4,3,2,12,4,2,4,2,2,11
SF,IF2005,2020-04-13 14:50:29.100,3723.6000,12617,0,7489410600.000,0,-,-,-,-,3722.6000,3722.4000,3722.2000,3721.8000,3721.6000,3723.6000,3723.8000,3724.0000,3724.6000,3725.0000,1,4,2,2,12,2,4,2,2,11
SF,IF2005,2020-04-13 14:50:29.600,3723.6000,12617,0,7489410600.000,0,-,-,-,-,3722.8000,3722.6000,3722.4000,3722.2000,3721.8000,3723.6000,3723.8000,3724.0000,3724.6000,3725.0000,3,1,1,2,2,2,4,2,2,11
SF,IF2005,2020-04-13 14:50:30.600,3723.6000,12617,0,7489410600.000,0,-,-,-,-,3722.8000,3722.6000,3722.4000,3722.2000,3721.8000,3723.6000,3723.8000,3724.0000,3724.6000,3725.0000,3,1,1,1,2,1,4,2,2,11
SF,IF2005,2020-04-13 14:50:31.100,3723.6000,12617,0,7489410600.000,0,-,-,-,-,3722.8000,3722.6000,3722.4000,3722.2000,3722.0000,3723.6000,3723.8000,3724.0000,3724.6000,3725.0000,3,1,3,1,3,1,4,2,2,11
SF,IF2005,2020-04-13 14:50:31.600,3723.6000,12617,0,7489410600.000,0,-,-,-,-,3722.8000,3722.6000,3722.4000,3722.2000,3722.0000,3723.6000,3723.8000,3724.0000,3724.6000,3725.0000,2,1,3,1,3,1,4,2,2,11
SF,IF2005,2020-04-13 14:50:32.100,3723.6000,12617,0,7489410600.000,0,-,-,-,-,3722.6000,3722.4000,3722.2000,3722.0000,3721.8000,3723.6000,3723.8000,3724.0000,3724.6000,3725.0000,1,3,1,3,3,1,4,2,2,11
SF,IF2005,2020-04-13 14:50:32.600,3723.6000,12617,0,7489410600.000,0,-,-,-,-,3722.6000,3722.4000,3722.2000,3722.0000,3721.8000,3723.6000,3723.8000,3724.0000,3724.6000,3725.0000,1,2,1,3,3,1,4,2,2,11
SF,IF2005,2020-04-13 14:50:33.100,3723.6000,12617,0,7489410600.000,0,-,-,-,-,3722.6000,3722.4000,3722.2000,3722.0000,3721.8000,3723.6000,3723.8000,3724.0000,3724.6000,3725.0000,1,2,1,3,3,1,4,2,2,11
SF,IF2005,2020-04-13 14:50:34.100,3723.6000,12617,0,7489410600.000,0,-,-,-,-,3722.6000,3722.4000,3722.2000,3721.8000,3721.6000,3723.4000,3723.6000,3723.8000,3724.0000,3724.6000,1,1,1,3,12,1,1,4,2,2
SF,IF2005,2020-04-13 14:50:35.100,3723.6000,12617,0,7489410600.000,0,-,-,-,-,3722.6000,3722.4000,3722.2000,3721.8000,3721.6000,3723.6000,3723.8000,3724.0000,3724.6000,3725.0000,1,1,1,3,12,1,4,2,2,11
SF,IF2005,2020-04-13 14:50:35.600,3723.6000,12617,0,7489410600.000,0,-,-,-,-,3722.6000,3722.4000,3722.2000,3722.0000,3721.8000,3723.6000,3723.8000,3724.0000,3724.6000,3725.0000,1,1,1,1,3,1,4,2,2,11
SF,IF2005,2020-04-13 14:50:36.100,3723.6000,12617,0,7489410600.000,0,-,-,-,-,3722.8000,3722.6000,3722.4000,3722.2000,3722.0000,3723.6000,3723.8000,3724.0000,3724.6000,3725.0000,2,1,1,1,1,1,4,2,2,11
SF,IF2005,2020-04-13 14:50:36.600,3723.6000,12617,0,7490527680.000,1,0,1,空换,B,3722.6000,3722.4000,3722.2000,3722.0000,3721.8000,3723.6000,3723.8000,3724.0000,3724.6000,3725.0000,1,1,1,1,3,1,4,2,2,11
SF,IF2005,2020-04-13 14:50:38.600,3723.6000,12617,0,7490527680.000,0,-,-,-,-,3722.6000,3722.4000,3722.2000,3722.0000,3721.8000,3723.6000,3723.8000,3724.0000,3724.6000,3725.0000,1,1,1,1,3,2,4,2,2,11
SF,IF2005,2020-04-13 14:50:39.100,3723.6000,12617,0,7490527680.000,0,-,-,-,-,3722.6000,3722.4000,3722.2000,3722.0000,3721.8000,3723.6000,3723.8000,3724.0000,3724.6000,3725.0000,1,1,1,1,3,2,4,2,2,11
SF,IF2005,2020-04-13 14:50:39.600,3723.6000,12617,0,7490527680.000,0,-,-,-,-,3722.6000,3722.4000,3722.2000,3722.0000,3721.8000,3723.6000,3723.8000,3724.0000,3724.6000,3725.0000,1,1,1,1,4,2,4,2,2,11
SF,IF2005,2020-04-13 14:50:40.600,3723.6000,12617,0,7490527680.000,0,-,-,-,-,3722.6000,3722.4000,3722.2000,3722.0000,3721.8000,3723.4000,3723.6000,3723.8000,3724.0000,3724.6000,1,1,1,1,4,2,1,4,2,2
SF,IF2005,2020-04-13 14:50:41.100,3723.6000,12617,0,7490527680.000,0,-,-,-,-,3722.6000,3722.2000,3721.8000,3721.6000,3721.4000,3723.4000,3723.6000,3723.8000,3724.0000,3724.6000,1,1,4,12,4,2,1,4,2,2
SF,IF2005,2020-04-13 14:50:41.600,3723.6000,12617,0,7490527680.000,0,-,-,-,-,3722.6000,3722.2000,3721.8000,3721.6000,3721.4000,3723.4000,3723.6000,3723.8000,3724.0000,3724.6000,1,1,4,12,4,1,1,4,2,2
SF,IF2005,2020-04-13 14:50:44.100,3723.6000,12617,0,7490527680.000,0,-,-,-,-,3722.6000,3722.2000,3721.8000,3721.6000,3721.4000,3723.6000,3723.8000,3724.0000,3724.6000,3725.0000,1,1,4,12,4,1,4,2,2,11
SF,IF2005,2020-04-13 14:50:47.100,3723.6000,12617,0,7490527680.000,0,-,-,-,-,3723.4000,3722.6000,3722.2000,3721.8000,3721.6000,3723.6000,3723.8000,3724.0000,3724.6000,3725.0000,1,1,1,4,12,1,4,2,2,11
SF,IF2005,2020-04-13 14:50:48.600,3723.6000,12617,0,7490527680.000,0,-,-,-,-,3723.4000,3722.6000,3722.2000,3721.8000,3721.6000,3723.6000,3723.8000,3724.0000,3724.6000,3725.0000,1,1,1,4,12,1,4,2,2,11
SF,IF2005,2020-04-13 14:50:49.100,3723.4000,12618,1,7491644700.000,1,1,0,双开,B,3722.6000,3722.2000,3721.8000,3721.6000,3721.4000,3723.2000,3723.6000,3723.8000,3724.0000,3724.6000,1,1,4,12,5,1,2,4,2,2
SF,IF2005,2020-04-13 14:50:49.600,3722.6000,12619,1,7492761480.000,1,1,0,双开,B,3722.2000,3721.8000,3721.6000,3721.4000,3721.2000,3723.6000,3723.8000,3724.0000,3724.6000,3725.0000,1,4,12,5,7,1,4,2,2,11
SF,IF2005,2020-04-13 14:50:50.100,3722.6000,12619,0,7492761480.000,0,-,-,-,-,3722.4000,3722.2000,3721.8000,3721.6000,3721.4000,3723.4000,3723.6000,3723.8000,3724.0000,3724.6000,3,1,3,11,4,1,1,4,2,2
SF,IF2005,2020-04-13 14:50:50.600,3722.6000,12619,0,7492761480.000,0,-,-,-,-,3722.4000,3722.2000,3721.8000,3721.6000,3721.4000,3723.4000,3723.6000,3723.8000,3724.0000,3724.6000,3,1,3,11,3,1,1,4,2,2
SF,IF2005,2020-04-13 14:50:51.100,3722.6000,12619,0,7492761480.000,0,-,-,-,-,3722.4000,3722.2000,3721.8000,3721.6000,3721.4000,3723.4000,3723.6000,3723.8000,3724.0000,3724.6000,3,1,3,11,3,1,1,4,2,2
SF,IF2005,2020-04-13 14:50:51.600,3723.6000,12621,2,7494995580.000,2,2,0,双开,B,3723.6000,3722.6000,3722.4000,3722.2000,3721.8000,3723.8000,3724.0000,3724.6000,3725.0000,3725.6000,3,1,3,1,3,4,2,2,11,1
SF,IF2005,2020-04-13 14:50:52.100,3723.6000,12624,3,7498346820.000,3,3,0,双开,B,3722.6000,3722.4000,3722.2000,3721.8000,3721.6000,3723.4000,3723.6000,3723.8000,3724.0000,3724.6000,1,3,1,3,11,1,5,6,2,2
SF,IF2005,2020-04-13 14:50:52.600,3723.6000,12624,0,7498346820.000,0,-,-,-,-,3722.6000,3722.4000,3722.2000,3721.8000,3721.6000,3723.6000,3723.8000,3724.0000,3724.6000,3725.0000,1,3,1,3,11,2,6,2,2,11
SF,IF2005,2020-04-13 14:50:54.100,3723.6000,12624,0,7498346820.000,0,-,-,-,-,3722.6000,3722.4000,3722.2000,3721.8000,3721.6000,3723.6000,3723.8000,3724.0000,3724.6000,3725.0000,1,3,1,3,11,3,6,2,2,11
SF,IF2005,2020-04-13 14:50:54.600,3723.6000,12624,0,7498346820.000,0,-,-,-,-,3722.6000,3722.4000,3722.2000,3721.8000,3721.6000,3723.4000,3723.6000,3723.8000,3724.0000,3724.6000,1,3,1,3,11,2,3,6,2,2
SF,IF2005,2020-04-13 14:50:55.100,3723.6000,12624,0,7498346820.000,0,-,-,-,-,3722.4000,3722.2000,3721.8000,3721.6000,3721.4000,3723.4000,3723.6000,3723.8000,3724.0000,3724.6000,3,1,3,11,3,3,2,6,2,2
SF,IF2005,2020-04-13 14:50:55.600,3723.6000,12624,0,7498346820.000,0,-,-,-,-,3722.4000,3722.2000,3721.8000,3721.6000,3721.4000,3723.6000,3723.8000,3724.0000,3724.6000,3725.0000,3,1,3,11,3,2,6,2,2,11
SF,IF2005,2020-04-13 14:50:56.600,3723.6000,12624,0,7498346820.000,0,-,-,-,-,3722.4000,3722.2000,3721.8000,3721.6000,3721.4000,3723.6000,3723.8000,3724.0000,3724.6000,3725.0000,3,1,3,11,3,3,6,2,2,11
SF,IF2005,2020-04-13 14:50:57.100,3723.6000,12624,0,7498346820.000,0,-,-,-,-,3722.4000,3722.2000,3722.0000,3721.8000,3721.6000,3723.4000,3723.6000,3723.8000,3724.0000,3724.6000,3,1,1,3,11,2,3,6,2,2
SF,IF2005,2020-04-13 14:50:57.600,3723.6000,12624,0,7498346820.000,0,-,-,-,-,3722.4000,3722.2000,3722.0000,3721.8000,3721.6000,3723.4000,3723.6000,3723.8000,3724.0000,3724.6000,3,1,1,3,11,2,1,6,2,2
SF,IF2005,2020-04-13 14:51:00.600,3723.6000,12624,0,7498346820.000,0,-,-,-,-,3722.4000,3722.2000,3722.0000,3721.8000,3721.6000,3723.4000,3723.6000,3723.8000,3724.0000,3724.6000,3,1,1,3,11,2,1,2,2,2
SF,IF2005,2020-04-13 14:51:01.100,3723.6000,12624,0,7498346820.000,0,-,-,-,-,3722.6000,3722.4000,3722.2000,3722.0000,3721.8000,3723.6000,3723.8000,3724.0000,3724.6000,3725.0000,1,3,1,1,3,1,2,2,2,11
SF,IF2005,2020-04-13 14:51:01.600,3723.6000,12624,0,7498346820.000,0,-,-,-,-,3722.8000,3722.6000,3722.4000,3722.2000,3722.0000,3723.6000,3723.8000,3724.0000,3724.6000,3725.0000,2,2,1,1,1,1,2,2,2,11
SF,IF2005,2020-04-13 14:51:02.100,3723.6000,12624,0,7498346820.000,0,-,-,-,-,3722.8000,3722.6000,3722.4000,3722.2000,3722.0000,3723.8000,3724.0000,3724.6000,3725.0000,3725.6000,2,2,1,1,1,2,2,2,11,1
SF,IF2005,2020-04-13 14:51:02.600,3723.6000,12624,0,7498346820.000,0,-,-,-,-,3722.8000,3722.6000,3722.4000,3722.0000,3721.8000,3723.8000,3724.0000,3724.6000,3725.0000,3725.6000,2,1,1,1,3,2,2,2,11,1
SF,IF2005,2020-04-13 14:51:03.100,3723.6000,12624,0,7498346820.000,0,-,-,-,-,3723.0000,3722.8000,3722.6000,3722.4000,3722.0000,3723.8000,3724.0000,3724.6000,3725.0000,3725.6000,1,2,1,1,1,2,2,2,11,1
SF,IF2005,2020-04-13 14:51:03.600,3723.6000,12624,0,7498346820.000,0,-,-,-,-,3723.0000,3722.8000,3722.6000,3722.4000,3722.0000,3723.8000,3724.0000,3724.6000,3725.0000,3725.6000,1,2,1,1,1,2,2,2,11,1
SF,IF2005,2020-04-13 14:51:04.100,3723.6000,12624,0,7498346820.000,0,-,-,-,-,3723.0000,3722.8000,3722.6000,3722.4000,3722.0000,3723.8000,3724.0000,3724.6000,3725.0000,3725.6000,1,2,1,1,4,2,2,2,11,1
SF,IF2005,2020-04-13 14:51:04.600,3723.6000,12624,0,7498346820.000,0,-,-,-,-,3723.0000,3722.8000,3722.6000,3722.4000,3722.0000,3723.8000,3724.0000,3724.6000,3725.0000,3725.6000,1,2,1,1,4,2,2,2,11,1
SF,IF2005,2020-04-13 14:51:05.100,3723.6000,12624,0,7498346820.000,0,-,-,-,-,3723.0000,3722.8000,3722.6000,3722.4000,3722.0000,3723.8000,3724.0000,3724.6000,3725.0000,3725.6000,1,2,1,1,4,3,2,2,11,1
SF,IF2005,2020-04-13 14:51:06.100,3723.6000,12624,0,7498346820.000,0,-,-,-,-,3723.0000,3722.8000,3722.6000,3722.4000,3722.0000,3723.8000,3724.0000,3724.6000,3725.0000,3725.6000,1,2,1,1,4,1,2,2,11,1
SF,IF2005,2020-04-13 14:51:07.600,3723.8000,12625,1,7499463960.000,1,1,0,双开,B,3723.0000,3722.8000,3722.6000,3722.4000,3722.0000,3723.8000,3724.0000,3724.6000,3725.0000,3725.6000,1,2,1,1,4,1,2,2,11,1
SF,IF2005,2020-04-13 14:51:12.600,3723.8000,12625,0,7499463960.000,0,-,-,-,-,3723.0000,3722.8000,3722.6000,3722.4000,3722.0000,3724.0000,3724.6000,3725.0000,3725.6000,3725.8000,1,2,1,1,4,2,2,11,1,4
SF,IF2005,2020-04-13 14:51:13.100,3723.8000,12625,0,7499463960.000,0,-,-,-,-,3723.2000,3723.0000,3722.6000,3722.4000,3722.0000,3724.0000,3724.6000,3725.0000,3725.6000,3725.8000,2,1,1,1,4,2,2,11,1,4
SF,IF2005,2020-04-13 14:51:14.600,3723.8000,12625,0,7499463960.000,0,-,-,-,-,3723.2000,3723.0000,3722.6000,3722.4000,3722.0000,3724.0000,3724.6000,3725.0000,3725.6000,3725.8000,2,1,1,1,4,3,2,11,1,4
SF,IF2005,2020-04-13 14:51:15.600,3723.8000,12625,0,7499463960.000,0,-,-,-,-,3723.2000,3723.0000,3722.6000,3722.4000,3722.0000,3724.0000,3724.6000,3725.0000,3725.6000,3725.8000,2,1,1,1,4,4,2,11,1,4
SF,IF2005,2020-04-13 14:51:16.600,3723.8000,12625,0,7499463960.000,0,-,-,-,-,3723.2000,3723.0000,3722.4000,3722.0000,3721.8000,3724.0000,3724.6000,3725.0000,3725.6000,3725.8000,2,1,1,4,3,4,2,11,1,4
SF,IF2005,2020-04-13 14:51:18.600,3723.8000,12625,0,7499463960.000,0,-,-,-,-,3723.2000,3723.0000,3722.4000,3722.0000,3721.8000,3724.0000,3724.6000,3725.0000,3725.6000,3725.8000,2,1,1,4,3,2,2,11,1,4
SF,IF2005,2020-04-13 14:51:19.600,3723.8000,12625,0,7499463960.000,0,-,-,-,-,3723.4000,3723.2000,3723.0000,3722.4000,3722.0000,3724.0000,3724.6000,3725.0000,3725.6000,3725.8000,1,2,1,1,4,2,2,11,1,4
SF,IF2005,2020-04-13 14:51:20.100,3723.8000,12625,0,7499463960.000,0,-,-,-,-,3723.4000,3723.2000,3723.0000,3722.4000,3722.0000,3724.0000,3724.6000,3725.0000,3725.6000,3725.8000,1,2,1,1,4,4,2,11,1,4
SF,IF2005,2020-04-13 14:51:20.600,3723.8000,12625,0,7499463960.000,0,-,-,-,-,3723.4000,3723.2000,3723.0000,3722.4000,3722.0000,3724.0000,3724.6000,3725.0000,3725.6000,3725.8000,1,2,1,1,3,2,2,11,1,4
SF,IF2005,2020-04-13 14:51:21.100,3723.8000,12625,0,7499463960.000,0,-,-,-,-,3723.4000,3723.2000,3723.0000,3722.4000,3722.0000,3724.0000,3724.6000,3725.0000,3725.6000,3725.8000,1,2,1,1,3,2,2,11,1,4
SF,IF2005,2020-04-13 14:51:24.600,3724.0000,12627,2,7501698360.000,2,2,0,双开,B,3724.0000,3723.4000,3723.2000,3723.0000,3722.4000,3724.6000,3725.0000,3725.6000,3725.8000,3726.0000,3,1,2,1,1,2,11,1,4,3
SF,IF2005,2020-04-13 14:51:25.100,3724.0000,12627,0,7501698360.000,0,-,-,-,-,3724.0000,3723.2000,3723.0000,3722.4000,3722.0000,3724.6000,3725.0000,3725.6000,3725.8000,3726.0000,3,2,1,1,3,2,11,1,4,3
SF,IF2005,2020-04-13 14:51:25.600,3724.0000,12627,0,7501698360.000,0,-,-,-,-,3724.0000,3723.2000,3723.0000,3722.4000,3722.0000,3724.6000,3725.0000,3725.6000,3725.8000,3726.0000,3,2,1,1,3,5,11,1,4,3
SF,IF2005,2020-04-13 14:51:26.100,3724.0000,12627,0,7501698360.000,0,-,-,-,-,3724.0000,3723.2000,3723.0000,3722.4000,3722.0000,3724.6000,3725.0000,3725.6000,3725.8000,3726.0000,3,2,1,1,3,5,11,1,4,3
SF,IF2005,2020-04-13 14:51:26.600,3724.0000,12627,0,7501698360.000,0,-,-,-,-,3724.0000,3723.2000,3723.0000,3722.4000,3722.0000,3724.4000,3724.6000,3725.0000,3725.6000,3725.8000,3,2,1,1,3,3,3,11,1,4
SF,IF2005,2020-04-13 14:51:27.100,3724.0000,12628,1,7502815560.000,1,1,0,双开,B,3724.0000,3723.2000,3723.0000,3722.4000,3722.0000,3724.4000,3724.6000,3725.0000,3725.6000,3725.8000,2,2,1,1,3,4,5,11,1,4
SF,IF2005,2020-04-13 14:51:28.600,3724.0000,12629,1,7503932760.000,1,1,0,双开,B,3724.0000,3723.2000,3723.0000,3722.4000,3722.0000,3724.4000,3724.6000,3725.0000,3725.6000,3725.8000,1,2,1,1,3,4,5,11,1,4
SF,IF2005,2020-04-13 14:51:29.600,3724.0000,12629,0,7503932760.000,0,-,-,-,-,3724.0000,3723.2000,3723.0000,3722.4000,3722.0000,3724.4000,3724.6000,3725.0000,3725.6000,3725.8000,1,2,1,1,3,4,5,11,1,4
SF,IF2005,2020-04-13 14:51:30.100,3724.0000,12629,0,7503932760.000,0,-,-,-,-,3724.0000,3723.2000,3723.0000,3722.4000,3722.0000,3724.4000,3724.6000,3725.0000,3725.6000,3725.8000,1,2,1,1,3,3,5,11,1,4
SF,IF2005,2020-04-13 14:51:33.600,3724.0000,12629,0,7503932760.000,0,-,-,-,-,3724.0000,3723.2000,3723.0000,3722.4000,3722.0000,3724.6000,3725.0000,3725.6000,3725.8000,3726.0000,1,2,1,1,3,5,11,1,4,3
SF,IF2005,2020-04-13 14:51:34.100,3724.0000,12629,0,7503932760.000,0,-,-,-,-,3724.0000,3723.2000,3723.0000,3722.4000,3722.0000,3724.6000,3725.0000,3725.6000,3725.8000,3726.0000,1,2,1,1,3,5,11,1,4,3
SF,IF2005,2020-04-13 14:51:34.600,3724.0000,12629,0,7503932760.000,0,-,-,-,-,3724.0000,3723.2000,3723.0000,3722.4000,3722.0000,3724.6000,3725.0000,3725.6000,3725.8000,3726.0000,1,2,1,1,3,7,11,1,4,3
SF,IF2005,2020-04-13 14:51:35.100,3724.0000,12629,0,7503932760.000,0,-,-,-,-,3724.0000,3723.2000,3723.0000,3722.4000,3722.0000,3724.4000,3724.6000,3725.0000,3725.6000,3725.8000,1,2,1,1,3,1,7,11,1,4
SF,IF2005,2020-04-13 14:51:35.600,3724.0000,12629,0,7503932760.000,0,-,-,-,-,3724.0000,3723.2000,3723.0000,3722.4000,3722.0000,3724.2000,3724.4000,3724.6000,3725.0000,3725.6000,1,2,1,1,3,3,2,5,11,1
SF,IF2005,2020-04-13 14:51:36.100,3724.0000,12630,1,7505049960.000,1,1,0,双开,B,3723.2000,3723.0000,3722.4000,3722.0000,3721.8000,3724.4000,3724.6000,3725.0000,3725.6000,3725.8000,2,1,1,3,2,1,5,11,1,4
SF,IF2005,2020-04-13 14:51:37.100,3724.0000,12630,0,7505049960.000,0,-,-,-,-,3723.4000,3723.2000,3723.0000,3722.4000,3722.0000,3724.4000,3724.6000,3725.0000,3725.6000,3725.8000,2,2,1,1,3,1,5,11,1,4
SF,IF2005,2020-04-13 14:51:37.600,3724.0000,12630,0,7505049960.000,0,-,-,-,-,3723.6000,3723.4000,3723.0000,3722.4000,3722.0000,3724.4000,3724.6000,3725.0000,3725.6000,3725.8000,2,2,1,1,3,1,5,11,1,4
SF,IF2005,2020-04-13 14:51:38.100,3724.0000,12630,0,7505049960.000,0,-,-,-,-,3723.6000,3723.4000,3723.0000,3722.4000,3722.0000,3724.4000,3724.6000,3725.0000,3725.6000,3725.8000,2,2,1,1,3,3,5,11,1,4
SF,IF2005,2020-04-13 14:51:39.100,3724.0000,12630,0,7505049960.000,0,-,-,-,-,3723.6000,3723.4000,3723.0000,3722.4000,3722.0000,3724.4000,3724.6000,3725.0000,3725.6000,3725.8000,2,2,1,1,3,3,5,11,1,4
SF,IF2005,2020-04-13 14:51:43.600,3724.4000,12631,1,7506167280.000,1,1,0,双开,B,3723.6000,3723.4000,3723.0000,3722.4000,3722.0000,3724.4000,3724.6000,3725.0000,3725.6000,3725.8000,2,2,1,1,3,2,5,11,1,4
SF,IF2005,2020-04-13 14:51:45.100,3724.4000,12631,0,7506167280.000,0,-,-,-,-,3723.6000,3723.4000,3723.0000,3722.4000,3722.0000,3724.2000,3724.6000,3725.0000,3725.6000,3725.8000,2,2,1,1,3,3,5,11,1,4
SF,IF2005,2020-04-13 14:51:45.600,3724.4000,12631,0,7506167280.000,0,-,-,-,-,3723.6000,3723.4000,3723.0000,3722.4000,3722.0000,3724.2000,3724.6000,3725.0000,3725.6000,3725.8000,2,2,1,1,3,1,5,11,1,4
SF,IF2005,2020-04-13 14:51:46.600,3724.4000,12631,0,7506167280.000,0,-,-,-,-,3723.6000,3723.4000,3723.0000,3722.4000,3722.0000,3724.6000,3725.0000,3725.6000,3725.8000,3726.0000,2,2,1,1,3,5,11,1,4,3
SF,IF2005,2020-04-13 14:51:48.100,3724.4000,12631,0,7506167280.000,0,-,-,-,-,3723.6000,3723.4000,3723.0000,3722.4000,3722.0000,3724.2000,3724.4000,3724.6000,3725.0000,3725.6000,2,2,1,1,3,1,3,5,11,1
SF,IF2005,2020-04-13 14:51:48.600,3724.4000,12631,0,7506167280.000,0,-,-,-,-,3723.6000,3723.4000,3723.0000,3722.4000,3722.0000,3724.4000,3724.6000,3725.0000,3725.6000,3725.8000,2,2,1,1,3,1,5,11,1,4
SF,IF2005,2020-04-13 14:51:49.100,3724.4000,12631,0,7506167280.000,0,-,-,-,-,3723.6000,3723.4000,3723.0000,3722.4000,3722.0000,3724.4000,3724.6000,3725.0000,3725.6000,3725.8000,2,2,1,1,3,1,5,11,1,4
SF,IF2005,2020-04-13 14:51:49.600,3724.4000,12631,0,7506167280.000,0,-,-,-,-,3723.6000,3723.4000,3723.0000,3722.4000,3722.0000,3724.4000,3724.6000,3725.0000,3725.6000,3725.8000,2,2,1,1,3,3,5,11,1,4
SF,IF2005,2020-04-13 14:51:50.600,3724.4000,12631,0,7506167280.000,0,-,-,-,-,3723.6000,3723.4000,3723.0000,3722.4000,3722.0000,3724.6000,3725.0000,3725.6000,3725.8000,3726.0000,2,2,1,1,3,3,11,1,4,3
SF,IF2005,2020-04-13 14:51:51.100,3724.4000,12631,0,7506167280.000,0,-,-,-,-,3723.6000,3723.4000,3723.0000,3722.4000,3722.0000,3724.4000,3724.6000,3725.0000,3725.6000,3725.8000,2,2,1,1,3,2,3,11,1,4
SF,IF2005,2020-04-13 14:51:52.100,3723.6000,12632,1,7507284360.000,1,1,0,双开,B,3723.6000,3723.4000,3723.0000,3722.4000,3722.0000,3724.4000,3724.6000,3725.0000,3725.6000,3725.8000,1,2,1,1,3,2,3,11,1,4
SF,IF2005,2020-04-13 14:51:53.600,3723.6000,12632,0,7507284360.000,0,-,-,-,-,3723.8000,3723.6000,3723.4000,3723.0000,3722.4000,3724.4000,3724.6000,3725.0000,3725.6000,3725.8000,1,1,1,1,1,2,3,11,1,4
SF,IF2005,2020-04-13 14:51:54.100,3723.6000,12632,0,7507284360.000,0,-,-,-,-,3723.8000,3723.6000,3723.4000,3723.0000,3722.4000,3724.6000,3725.0000,3725.6000,3725.8000,3726.0000,1,1,1,1,1,3,11,1,4,3
SF,IF2005,2020-04-13 14:51:54.600,3723.6000,12632,0,7507284360.000,0,-,-,-,-,3723.8000,3723.6000,3723.4000,3722.4000,3722.0000,3724.6000,3725.0000,3725.6000,3725.8000,3726.0000,1,1,1,1,3,3,11,1,4,3
SF,IF2005,2020-04-13 14:51:55.600,3723.6000,12632,0,7507284360.000,0,-,-,-,-,3724.4000,3723.8000,3723.6000,3723.4000,3722.4000,3724.6000,3725.0000,3725.6000,3725.8000,3726.0000,1,2,1,1,1,3,11,1,4,3
SF,IF2005,2020-04-13 14:51:56.100,3724.4000,12632,0,7508401680.000,1,0,1,空换,B,3723.8000,3723.6000,3723.4000,3722.4000,3722.0000,3724.6000,3725.0000,3725.6000,3725.8000,3726.0000,2,1,1,1,3,3,11,1,4,3
SF,IF2005,2020-04-13 14:51:57.600,3724.4000,12632,0,7508401680.000,0,-,-,-,-,3723.8000,3723.6000,3723.4000,3722.4000,3722.0000,3724.6000,3725.0000,3725.6000,3725.8000,3726.0000,2,1,1,1,3,2,11,1,4,3
SF,IF2005,2020-04-13 14:52:04.600,3724.4000,12632,0,7508401680.000,0,-,-,-,-,3724.0000,3723.8000,3723.6000,3723.4000,3722.4000,3724.6000,3725.0000,3725.6000,3725.8000,3726.0000,1,2,1,1,1,2,11,1,4,3
SF,IF2005,2020-04-13 14:52:05.600,3724.4000,12632,0,7508401680.000,0,-,-,-,-,3724.0000,3723.8000,3723.6000,3722.4000,3722.0000,3724.6000,3725.0000,3725.6000,3725.8000,3726.0000,1,2,1,1,3,2,11,1,4,3
SF,IF2005,2020-04-13 14:52:06.100,3724.6000,12632,0,7509519060.000,1,0,1,空换,B,3724.0000,3723.8000,3723.6000,3722.4000,3722.0000,3725.0000,3725.6000,3725.8000,3726.0000,3726.4000,1,2,1,1,3,11,1,4,3,4
SF,IF2005,2020-04-13 14:52:06.600,3724.6000,12632,0,7509519060.000,0,-,-,-,-,3724.0000,3723.8000,3723.6000,3722.4000,3722.0000,3725.0000,3725.4000,3725.6000,3725.8000,3726.0000,1,2,1,1,3,11,2,1,4,3
SF,IF2005,2020-04-13 14:52:07.100,3724.6000,12632,0,7509519060.000,0,-,-,-,-,3724.0000,3723.8000,3723.6000,3722.4000,3722.0000,3724.8000,3725.0000,3725.4000,3725.6000,3725.8000,1,2,1,1,3,2,11,2,1,4
SF,IF2005,2020-04-13 14:52:08.600,3724.6000,12632,0,7509519060.000,0,-,-,-,-,3724.0000,3723.8000,3723.6000,3722.4000,3722.0000,3724.8000,3725.0000,3725.4000,3725.6000,3725.8000,3,2,1,1,3,2,11,2,1,4
SF,IF2005,2020-04-13 14:52:10.100,3724.6000,12632,0,7509519060.000,0,-,-,-,-,3724.0000,3723.8000,3723.6000,3722.4000,3722.0000,3724.8000,3725.0000,3725.4000,3725.6000,3725.8000,3,2,1,1,3,2,11,2,1,4
SF,IF2005,2020-04-13 14:52:11.600,3724.8000,12633,1,7510636500.000,1,1,0,双开,B,3724.0000,3723.8000,3723.6000,3722.4000,3722.0000,3724.8000,3725.0000,3725.4000,3725.6000,3725.8000,3,2,1,1,3,1,11,2,1,4
SF,IF2005,2020-04-13 14:52:12.100,3724.8000,12633,0,7510636500.000,0,-,-,-,-,3724.0000,3723.8000,3723.6000,3722.4000,3722.0000,3725.0000,3725.4000,3725.6000,3725.8000,3726.0000,3,2,1,1,3,11,2,1,4,3
SF,IF2005,2020-04-13 14:52:12.600,3724.8000,12633,0,7510636500.000,0,-,-,-,-,3724.2000,3724.0000,3723.8000,3722.4000,3722.0000,3725.0000,3725.4000,3725.6000,3725.8000,3726.0000,2,3,2,1,3,11,2,1,4,3
SF,IF2005,2020-04-13 14:52:14.100,3724.8000,12633,0,7510636500.000,0,-,-,-,-,3724.2000,3724.0000,3723.8000,3722.4000,3722.0000,3725.0000,3725.4000,3725.6000,3725.8000,3726.0000,2,3,1,1,3,11,2,1,4,3
SF,IF2005,2020-04-13 14:52:14.600,3724.8000,12633,0,7510636500.000,0,-,-,-,-,3724.2000,3724.0000,3723.8000,3722.4000,3722.0000,3725.0000,3725.4000,3725.6000,3725.8000,3726.0000,2,3,1,2,3,11,2,1,4,3
SF,IF2005,2020-04-13 14:52:15.100,3725.0000,12633,0,7512871500.000,2,1,1,空换,B,3724.2000,3724.0000,3723.8000,3722.4000,3722.0000,3725.0000,3725.4000,3725.6000,3725.8000,3726.0000,2,3,1,2,3,9,2,1,4,3
SF,IF2005,2020-04-13 14:52:16.600,3725.0000,12634,1,7513989000.000,1,1,0,双开,B,3724.2000,3724.0000,3723.8000,3722.4000,3722.0000,3725.0000,3725.4000,3725.6000,3725.8000,3726.0000,2,3,1,2,3,8,2,1,4,3
SF,IF2005,2020-04-13 14:52:18.100,3725.0000,12634,0,7513989000.000,0,-,-,-,-,3724.4000,3724.2000,3724.0000,3723.8000,3722.4000,3725.0000,3725.4000,3725.6000,3725.8000,3726.0000,1,2,3,1,2,8,2,1,4,3
SF,IF2005,2020-04-13 14:52:19.100,3725.0000,12634,0,7513989000.000,0,-,-,-,-,3724.4000,3724.2000,3724.0000,3723.8000,3722.4000,3725.0000,3725.4000,3725.6000,3725.8000,3726.0000,1,2,3,1,2,10,2,1,4,3
SF,IF2005,2020-04-13 14:52:19.600,3724.4000,12634,0,7515106320.000,1,0,1,空换,B,3724.2000,3724.0000,3723.8000,3722.4000,3722.0000,3725.0000,3725.4000,3725.6000,3725.8000,3726.0000,2,3,1,2,3,10,2,1,4,3
SF,IF2005,2020-04-13 14:52:21.100,3724.4000,12634,0,7515106320.000,0,-,-,-,-,3724.2000,3724.0000,3723.8000,3722.4000,3722.0000,3724.8000,3725.0000,3725.4000,3725.6000,3725.8000,2,3,1,2,3,3,8,2,1,4
SF,IF2005,2020-04-13 14:52:21.600,3724.2000,12635,1,7516223580.000,1,1,0,双开,B,3724.2000,3724.0000,3723.8000,3722.4000,3722.0000,3724.8000,3725.0000,3725.4000,3725.6000,3725.8000,1,3,1,2,3,3,8,2,1,4
SF,IF2005,2020-04-13 14:52:22.100,3725.0000,12635,0,7521810900.000,5,2,3,空换,B,3724.0000,3723.8000,3722.4000,3722.0000,3721.8000,3724.2000,3724.8000,3725.0000,3725.4000,3725.6000,3,1,2,3,2,2,1,6,2,1
SF,IF2005,2020-04-13 14:52:22.600,3725.0000,12636,1,7525162920.000,3,2,1,多开,B,3724.0000,3723.8000,3722.4000,3722.0000,3721.8000,3725.0000,3725.4000,3725.6000,3725.8000,3726.0000,3,1,2,3,2,5,2,1,4,3
SF,IF2005,2020-04-13 14:52:23.100,3725.0000,12636,0,7525162920.000,0,-,-,-,-,3724.0000,3723.8000,3722.4000,3722.0000,3721.8000,3724.8000,3725.0000,3725.4000,3725.6000,3725.8000,3,1,2,3,2,2,5,2,1,4
SF,IF2005,2020-04-13 14:52:23.600,3725.0000,12636,0,7525162920.000,0,-,-,-,-,3724.0000,3723.8000,3722.4000,3722.0000,3721.8000,3724.8000,3725.0000,3725.4000,3725.6000,3725.8000,3,1,2,3,2,2,7,2,1,4
SF,IF2005,2020-04-13 14:52:25.100,3725.0000,12636,0,7525162920.000,0,-,-,-,-,3724.0000,3723.8000,3722.4000,3722.0000,3721.8000,3724.8000,3725.0000,3725.4000,3725.6000,3725.8000,3,1,2,3,2,2,5,2,1,4
SF,IF2005,2020-04-13 14:52:25.600,3725.0000,12636,0,7525162920.000,0,-,-,-,-,3724.2000,3724.0000,3723.8000,3722.4000,3722.0000,3725.0000,3725.4000,3725.6000,3725.8000,3726.0000,2,3,1,2,3,5,2,1,4,3
SF,IF2005,2020-04-13 14:52:26.600,3725.0000,12636,0,7525162920.000,0,-,-,-,-,3724.4000,3724.2000,3724.0000,3723.8000,3722.4000,3725.0000,3725.4000,3725.6000,3725.8000,3726.0000,2,2,3,1,2,5,2,1,4,3
SF,IF2005,2020-04-13 14:52:27.100,3725.0000,12641,5,7530750420.000,5,5,0,双开,B,3724.4000,3724.2000,3724.0000,3723.8000,3722.4000,3725.0000,3725.4000,3725.6000,3725.8000,3726.0000,2,2,3,1,2,1,2,1,4,3
SF,IF2005,2020-04-13 14:52:27.600,3724.4000,12642,1,7531867740.000,1,1,0,双开,B,3724.4000,3724.2000,3724.0000,3723.8000,3722.4000,3725.0000,3725.4000,3725.6000,3725.8000,3726.0000,1,2,3,1,2,2,2,1,4,3
SF,IF2005,2020-04-13 14:52:28.100,3724.4000,12642,0,7531867740.000,0,-,-,-,-,3724.4000,3724.2000,3724.0000,3723.8000,3722.4000,3725.0000,3725.4000,3725.6000,3725.8000,3726.0000,1,2,3,1,2,2,2,1,4,3
SF,IF2005,2020-04-13 14:52:28.600,3724.4000,12643,1,7532985060.000,1,1,0,双开,B,3724.0000,3723.8000,3722.4000,3722.0000,3721.8000,3725.0000,3725.4000,3725.6000,3725.8000,3726.0000,3,1,2,3,2,3,2,1,4,3
SF,IF2005,2020-04-13 14:52:29.100,3724.4000,12643,0,7532985060.000,0,-,-,-,-,3724.0000,3723.8000,3722.4000,3722.0000,3721.8000,3724.8000,3725.0000,3725.4000,3725.6000,3725.8000,3,1,2,3,2,2,7,2,1,4
SF,IF2005,2020-04-13 14:52:30.100,3724.4000,12643,0,7532985060.000,0,-,-,-,-,3724.0000,3723.8000,3722.4000,3722.0000,3721.8000,3724.8000,3725.0000,3725.4000,3725.6000,3725.8000,3,1,2,3,2,2,5,2,1,4
SF,IF2005,2020-04-13 14:52:32.600,3724.4000,12643,0,7532985060.000,0,-,-,-,-,3724.0000,3723.8000,3722.4000,3722.0000,3721.8000,3724.8000,3725.0000,3725.4000,3725.6000,3725.8000,3,1,2,3,2,2,5,2,1,4
SF,IF2005,2020-04-13 14:52:33.100,3724.4000,12643,0,7532985060.000,0,-,-,-,-,3724.0000,3723.8000,3722.4000,3722.0000,3721.8000,3724.8000,3725.0000,3725.4000,3725.6000,3725.8000,3,1,2,3,2,4,3,2,1,4
SF,IF2005,2020-04-13 14:52:35.600,3724.4000,12643,0,7532985060.000,0,-,-,-,-,3724.0000,3723.8000,3722.4000,3722.0000,3721.8000,3724.8000,3725.0000,3725.4000,3725.6000,3725.8000,3,1,2,3,2,2,3,2,1,4
SF,IF2005,2020-04-13 14:52:36.100,3724.4000,12643,0,7532985060.000,0,-,-,-,-,3724.0000,3723.8000,3722.4000,3722.0000,3721.8000,3724.8000,3725.0000,3725.4000,3725.6000,3725.8000,3,1,2,3,2,2,3,2,1,5
SF,IF2005,2020-04-13 14:52:37.100,3724.4000,12643,0,7532985060.000,0,-,-,-,-,3724.0000,3723.8000,3722.4000,3722.0000,3721.8000,3724.8000,3725.0000,3725.4000,3725.6000,3725.8000,3,1,2,3,2,2,2,2,1,5
SF,IF2005,2020-04-13 14:52:37.600,3724.0000,12644,1,7534102260.000,1,1,0,双开,B,3724.0000,3723.8000,3722.4000,3722.0000,3721.8000,3724.8000,3725.0000,3725.4000,3725.6000,3725.8000,2,1,2,3,2,4,2,2,1,5
SF,IF2005,2020-04-13 14:52:38.100,3724.0000,12644,0,7534102260.000,0,-,-,-,-,3724.0000,3723.8000,3722.4000,3722.0000,3721.8000,3724.8000,3725.0000,3725.4000,3725.6000,3725.8000,2,1,2,3,2,4,1,2,1,5
SF,IF2005,2020-04-13 14:52:38.600,3724.0000,12644,0,7534102260.000,0,-,-,-,-,3724.0000,3723.8000,3722.4000,3722.0000,3721.8000,3724.8000,3725.0000,3725.4000,3725.6000,3725.8000,2,1,2,3,2,4,1,2,1,5
SF,IF2005,2020-04-13 14:52:39.100,3724.0000,12644,0,7534102260.000,0,-,-,-,-,3724.0000,3723.8000,3722.4000,3722.0000,3721.8000,3724.6000,3724.8000,3725.0000,3725.4000,3725.6000,2,1,2,3,2,5,4,1,2,1
SF,IF2005,2020-04-13 14:52:39.600,3724.0000,12644,0,7534102260.000,0,-,-,-,-,3724.0000,3723.8000,3722.4000,3722.0000,3721.8000,3724.6000,3724.8000,3725.0000,3725.4000,3725.6000,2,1,2,3,2,5,4,1,2,1
SF,IF2005,2020-04-13 14:52:40.100,3724.0000,12644,0,7534102260.000,0,-,-,-,-,3724.0000,3723.8000,3722.4000,3722.0000,3721.8000,3724.4000,3724.6000,3724.8000,3725.0000,3725.6000,2,1,2,3,2,3,5,2,1,1
SF,IF2005,2020-04-13 14:52:40.600,3724.0000,12644,0,7534102260.000,0,-,-,-,-,3724.0000,3723.8000,3722.4000,3722.0000,3721.8000,3724.4000,3724.6000,3724.8000,3725.0000,3725.6000,2,1,2,3,2,1,7,2,1,1
SF,IF2005,2020-04-13 14:52:41.600,3724.0000,12644,0,7534102260.000,0,-,-,-,-,3724.0000,3723.8000,3722.4000,3722.0000,3721.8000,3724.6000,3724.8000,3725.0000,3725.6000,3725.8000,2,1,2,3,2,6,2,1,1,5
SF,IF2005,2020-04-13 14:52:43.600,3724.0000,12644,0,7534102260.000,0,-,-,-,-,3724.0000,3723.8000,3722.4000,3722.0000,3721.8000,3724.6000,3724.8000,3725.0000,3725.6000,3725.8000,2,1,2,3,2,3,2,2,1,5
SF,IF2005,2020-04-13 14:52:44.100,3724.6000,12645,1,7535219640.000,1,1,0,双开,B,3724.0000,3723.8000,3722.4000,3722.0000,3721.8000,3725.0000,3725.6000,3725.8000,3726.0000,3727.0000,2,1,2,3,2,2,1,5,3,4
SF,IF2005,2020-04-13 14:52:44.600,3724.6000,12645,0,7535219640.000,0,-,-,-,-,3724.0000,3723.8000,3722.4000,3722.0000,3721.8000,3724.8000,3725.0000,3725.6000,3725.8000,3726.0000,2,1,2,3,2,4,6,1,5,3
SF,IF2005,2020-04-13 14:52:45.100,3724.6000,12645,0,7535219640.000,0,-,-,-,-,3724.0000,3723.8000,3722.4000,3722.0000,3721.8000,3724.6000,3724.8000,3725.0000,3725.6000,3725.8000,2,1,2,3,2,2,7,6,1,5
SF,IF2005,2020-04-13 14:52:45.600,3724.6000,12645,0,7535219640.000,0,-,-,-,-,3724.0000,3723.8000,3722.4000,3722.0000,3721.8000,3724.6000,3724.8000,3725.0000,3725.6000,3725.8000,2,1,2,3,2,1,7,6,1,5
SF,IF2005,2020-04-13 14:52:46.100,3724.6000,12645,0,7535219640.000,0,-,-,-,-,3724.0000,3723.8000,3722.4000,3722.0000,3721.8000,3724.4000,3724.6000,3724.8000,3725.0000,3725.6000,2,1,2,3,2,3,1,4,6,1
SF,IF2005,2020-04-13 14:52:46.600,3724.6000,12645,0,7535219640.000,0,-,-,-,-,3724.0000,3723.8000,3722.4000,3722.0000,3721.8000,3724.6000,3724.8000,3725.0000,3725.6000,3725.8000,2,1,2,3,2,1,4,6,1,5
SF,IF2005,2020-04-13 14:52:47.100,3724.0000,12645,0,7536336840.000,1,0,1,空换,B,3724.0000,3723.8000,3722.4000,3722.0000,3721.8000,3724.6000,3724.8000,3725.0000,3725.6000,3725.8000,1,1,2,3,2,1,4,6,1,5
SF,IF2005,2020-04-13 14:52:47.600,3724.0000,12645,0,7536336840.000,0,-,-,-,-,3724.0000,3723.8000,3722.4000,3722.0000,3721.8000,3724.6000,3724.8000,3725.0000,3725.6000,3725.8000,1,1,2,3,2,3,4,6,1,5
SF,IF2005,2020-04-13 14:52:48.600,3724.0000,12645,0,7537454040.000,1,0,1,空换,B,3723.8000,3722.4000,3722.0000,3721.8000,3721.6000,3724.6000,3724.8000,3725.0000,3725.6000,3725.8000,1,2,3,2,2,3,4,6,1,5
SF,IF2005,2020-04-13 14:52:51.600,3724.0000,12645,0,7537454040.000,0,-,-,-,-,3723.8000,3722.4000,3722.0000,3721.8000,3721.6000,3724.6000,3724.8000,3725.0000,3725.6000,3725.8000,1,2,3,2,2,2,4,6,1,5
SF,IF2005,2020-04-13 14:52:54.100,3724.0000,12645,0,7537454040.000,0,-,-,-,-,3723.8000,3722.4000,3722.0000,3721.8000,3721.6000,3724.6000,3724.8000,3725.0000,3725.6000,3725.8000,1,2,3,2,2,2,5,6,1,5
SF,IF2005,2020-04-13 14:52:55.600,3724.0000,12645,0,7537454040.000,0,-,-,-,-,3723.8000,3722.4000,3722.0000,3721.8000,3721.6000,3724.6000,3724.8000,3725.0000,3725.6000,3725.8000,1,2,3,2,2,2,5,6,1,5
SF,IF2005,2020-04-13 14:52:57.100,3724.0000,12645,0,7537454040.000,0,-,-,-,-,3723.8000,3722.4000,3722.0000,3721.8000,3721.6000,3724.4000,3724.8000,3725.0000,3725.6000,3725.8000,1,2,3,2,2,3,5,6,1,5
SF,IF2005,2020-04-13 14:53:00.100,3724.0000,12645,0,7537454040.000,0,-,-,-,-,3723.8000,3722.4000,3722.0000,3721.8000,3721.6000,3724.2000,3724.4000,3724.8000,3725.0000,3725.6000,1,2,3,2,2,2,1,5,6,1
SF,IF2005,2020-04-13 14:53:00.600,3724.0000,12645,0,7537454040.000,0,-,-,-,-,3723.8000,3722.4000,3722.0000,3721.8000,3721.6000,3724.4000,3724.8000,3725.0000,3725.6000,3725.8000,1,2,3,2,2,1,5,6,1,5
SF,IF2005,2020-04-13 14:53:01.100,3724.0000,12645,0,7537454040.000,0,-,-,-,-,3723.8000,3722.4000,3722.0000,3721.8000,3721.6000,3724.4000,3724.8000,3725.0000,3725.6000,3725.8000,1,2,3,2,2,1,5,6,1,5
SF,IF2005,2020-04-13 14:53:02.100,3724.0000,12645,0,7537454040.000,0,-,-,-,-,3723.8000,3722.4000,3722.0000,3721.8000,3721.6000,3724.4000,3724.8000,3725.0000,3725.6000,3725.8000,1,2,3,2,2,3,5,6,1,5
SF,IF2005,2020-04-13 14:53:02.600,3724.0000,12645,0,7537454040.000,0,-,-,-,-,3723.8000,3722.4000,3722.0000,3721.8000,3721.6000,3724.2000,3724.4000,3724.8000,3725.0000,3725.6000,1,2,3,2,2,2,1,5,6,1
SF,IF2005,2020-04-13 14:53:04.100,3724.0000,12645,0,7537454040.000,0,-,-,-,-,3723.8000,3722.4000,3721.8000,3721.6000,3721.4000,3724.2000,3724.4000,3724.8000,3725.0000,3725.6000,1,2,2,2,5,2,1,5,6,1
SF,IF2005,2020-04-13 14:53:04.600,3724.0000,12645,0,7537454040.000,0,-,-,-,-,3723.8000,3722.4000,3721.8000,3721.6000,3721.4000,3724.2000,3724.4000,3724.8000,3725.0000,3725.6000,1,2,2,2,5,2,1,5,6,1
SF,IF2005,2020-04-13 14:53:05.100,3723.8000,12646,1,7538571180.000,1,1,0,双开,B,3722.4000,3721.8000,3721.6000,3721.4000,3721.2000,3723.8000,3724.0000,3724.8000,3725.0000,3725.6000,2,2,2,5,6,1,2,3,6,1
SF,IF2005,2020-04-13 14:53:05.600,3723.8000,12646,0,7538571180.000,0,-,-,-,-,3722.8000,3722.6000,3722.4000,3721.8000,3721.6000,3723.6000,3723.8000,3724.0000,3724.8000,3725.0000,1,3,1,2,2,2,5,3,1,6
SF,IF2005,2020-04-13 14:53:06.100,3723.8000,12646,0,7538571180.000,0,-,-,-,-,3723.0000,3722.8000,3722.6000,3722.4000,3721.8000,3723.8000,3724.0000,3724.8000,3725.0000,3725.6000,2,1,2,1,2,2,3,1,6,1
SF,IF2005,2020-04-13 14:53:06.600,3723.8000,12646,0,7538571180.000,0,-,-,-,-,3723.0000,3722.8000,3722.6000,3722.4000,3721.8000,3723.8000,3724.0000,3724.8000,3725.0000,3725.6000,2,1,1,1,2,2,3,1,6,1
SF,IF2005,2020-04-13 14:53:07.100,3723.8000,12646,0,7538571180.000,0,-,-,-,-,3723.0000,3722.8000,3722.6000,3722.4000,3721.8000,3723.8000,3724.0000,3724.8000,3725.0000,3725.6000,2,1,1,1,2,2,3,1,6,1
SF,IF2005,2020-04-13 14:53:11.100,3723.8000,12646,0,7538571180.000,0,-,-,-,-,3723.0000,3722.8000,3722.6000,3721.8000,3721.4000,3723.8000,3724.0000,3724.8000,3725.0000,3725.6000,2,1,1,2,5,2,3,1,6,1
SF,IF2005,2020-04-13 14:53:15.600,3723.8000,12646,0,7538571180.000,0,-,-,-,-,3723.0000,3722.8000,3722.6000,3721.8000,3721.4000,3723.8000,3724.0000,3724.8000,3725.0000,3725.6000,2,1,1,2,5,4,1,1,6,1
SF,IF2005,2020-04-13 14:53:16.600,3723.8000,12646,0,7538571180.000,0,-,-,-,-,3723.0000,3722.8000,3722.6000,3721.8000,3721.4000,3723.6000,3723.8000,3724.8000,3725.0000,3725.6000,2,1,1,2,5,3,2,1,6,1
SF,IF2005,2020-04-13 14:53:17.100,3723.8000,12646,0,7538571180.000,0,-,-,-,-,3723.0000,3722.8000,3722.6000,3721.8000,3721.4000,3723.8000,3724.8000,3725.0000,3725.6000,3725.8000,2,1,1,2,5,2,1,6,1,5
SF,IF2005,2020-04-13 14:53:20.600,3723.8000,12646,0,7538571180.000,0,-,-,-,-,3723.0000,3722.8000,3722.6000,3721.8000,3721.4000,3723.8000,3724.8000,3725.0000,3725.6000,3725.8000,2,1,1,2,5,4,1,6,1,5
SF,IF2005,2020-04-13 14:53:21.600,3723.8000,12646,0,7538571180.000,0,-,-,-,-,3723.0000,3722.8000,3722.6000,3721.8000,3721.4000,3723.8000,3724.8000,3725.0000,3725.6000,3725.8000,2,1,1,2,5,4,1,6,1,5
SF,IF2005,2020-04-13 14:53:22.600,3723.8000,12646,0,7538571180.000,0,-,-,-,-,3723.0000,3722.8000,3722.6000,3721.8000,3721.4000,3723.8000,3724.8000,3725.0000,3725.6000,3725.8000,2,1,1,2,5,5,1,6,1,5
SF,IF2005,2020-04-13 14:53:23.100,3723.8000,12646,0,7538571180.000,0,-,-,-,-,3723.0000,3722.8000,3722.6000,3721.8000,3721.4000,3723.8000,3724.8000,3725.0000,3725.6000,3725.8000,2,1,1,2,5,5,1,6,1,5
SF,IF2005,2020-04-13 14:53:23.600,3723.8000,12646,0,7538571180.000,0,-,-,-,-,3723.0000,3722.8000,3722.6000,3721.8000,3721.4000,3723.8000,3724.8000,3725.0000,3725.6000,3725.8000,2,1,1,2,5,4,1,6,1,5
SF,IF2005,2020-04-13 14:53:24.100,3723.8000,12646,0,7538571180.000,0,-,-,-,-,3723.0000,3722.8000,3722.6000,3721.8000,3721.4000,3723.8000,3724.8000,3725.0000,3725.6000,3725.8000,2,1,1,2,5,4,1,6,1,5
SF,IF2005,2020-04-13 14:53:25.100,3723.8000,12646,0,7538571180.000,0,-,-,-,-,3723.0000,3722.8000,3722.6000,3721.8000,3721.4000,3723.8000,3724.8000,3725.0000,3725.6000,3725.8000,2,1,1,2,5,4,1,6,1,5
SF,IF2005,2020-04-13 14:53:25.600,3723.8000,12646,0,7538571180.000,0,-,-,-,-,3723.0000,3722.8000,3722.6000,3721.8000,3721.4000,3723.8000,3724.8000,3725.0000,3725.6000,3725.8000,2,1,1,2,5,4,1,6,1,5
SF,IF2005,2020-04-13 14:53:26.100,3723.8000,12646,0,7538571180.000,0,-,-,-,-,3723.0000,3722.8000,3722.6000,3721.8000,3721.4000,3723.8000,3724.8000,3725.0000,3725.6000,3725.8000,2,1,1,2,5,5,1,6,1,5
SF,IF2005,2020-04-13 14:53:26.600,3723.8000,12646,0,7538571180.000,0,-,-,-,-,3723.0000,3722.8000,3722.6000,3721.8000,3721.4000,3723.8000,3724.8000,3725.0000,3725.6000,3725.8000,2,1,1,2,5,5,2,6,1,5
SF,IF2005,2020-04-13 14:53:27.600,3723.8000,12646,0,7538571180.000,0,-,-,-,-,3723.2000,3723.0000,3722.8000,3722.6000,3721.8000,3723.8000,3724.8000,3725.0000,3725.6000,3725.8000,2,2,1,1,2,4,2,6,1,5
SF,IF2005,2020-04-13 14:53:28.100,3723.8000,12646,0,7538571180.000,0,-,-,-,-,3723.2000,3723.0000,3722.8000,3722.6000,3721.8000,3723.8000,3724.8000,3725.0000,3725.6000,3725.8000,2,2,1,1,2,5,2,6,1,5
SF,IF2005,2020-04-13 14:53:29.100,3723.8000,12646,0,7538571180.000,0,-,-,-,-,3723.2000,3723.0000,3722.8000,3722.6000,3721.8000,3723.6000,3723.8000,3724.8000,3725.0000,3725.6000,2,2,1,1,2,3,3,2,6,1
SF,IF2005,2020-04-13 14:53:29.600,3723.2000,12647,1,7539688140.000,1,1,0,双开,B,3723.2000,3723.0000,3722.8000,3722.6000,3721.8000,3723.8000,3724.8000,3725.0000,3725.6000,3725.8000,1,2,1,1,2,2,2,6,1,5
SF,IF2005,2020-04-13 14:53:30.100,3723.2000,12647,0,7539688140.000,0,-,-,-,-,3723.2000,3723.0000,3722.8000,3722.6000,3721.8000,3723.8000,3724.8000,3725.0000,3725.6000,3725.8000,1,2,1,1,2,2,2,6,1,5
SF,IF2005,2020-04-13 14:53:30.600,3723.2000,12647,0,7539688140.000,0,-,-,-,-,3723.2000,3723.0000,3722.8000,3722.6000,3721.8000,3723.8000,3724.8000,3725.0000,3725.6000,3725.8000,1,2,1,1,2,2,2,6,1,5
SF,IF2005,2020-04-13 14:53:31.100,3723.2000,12647,0,7539688140.000,0,-,-,-,-,3723.2000,3723.0000,3722.8000,3722.6000,3721.8000,3723.8000,3724.8000,3725.0000,3725.6000,3725.8000,1,2,1,1,2,3,2,6,1,5
SF,IF2005,2020-04-13 14:53:31.600,3723.2000,12647,0,7539688140.000,0,-,-,-,-,3723.2000,3723.0000,3722.8000,3722.6000,3721.8000,3723.8000,3724.8000,3725.0000,3725.6000,3725.8000,1,2,1,1,2,2,2,6,1,5
SF,IF2005,2020-04-13 14:53:32.100,3723.2000,12647,0,7539688140.000,0,-,-,-,-,3723.2000,3723.0000,3722.8000,3722.6000,3721.8000,3723.8000,3724.8000,3725.0000,3725.6000,3725.8000,1,2,1,1,2,2,2,6,1,5
SF,IF2005,2020-04-13 14:53:32.600,3723.8000,12648,1,7540805280.000,1,1,0,双开,B,3723.2000,3723.0000,3722.8000,3722.6000,3721.8000,3723.8000,3724.8000,3725.0000,3725.6000,3725.8000,1,2,1,1,2,1,2,6,1,5
SF,IF2005,2020-04-13 14:53:33.100,3723.8000,12648,0,7540805280.000,0,-,-,-,-,3723.2000,3723.0000,3722.8000,3722.6000,3721.8000,3724.8000,3725.0000,3725.6000,3725.8000,3726.0000,1,2,1,1,2,2,6,1,5,3
SF,IF2005,2020-04-13 14:53:33.600,3723.8000,12648,0,7540805280.000,0,-,-,-,-,3723.4000,3723.2000,3722.8000,3722.6000,3721.8000,3724.2000,3724.4000,3724.6000,3724.8000,3725.0000,2,1,1,1,2,2,1,15,2,3
SF,IF2005,2020-04-13 14:53:34.100,3723.8000,12648,0,7540805280.000,0,-,-,-,-,3723.2000,3722.8000,3722.6000,3721.8000,3721.4000,3724.2000,3724.4000,3724.6000,3724.8000,3725.0000,1,1,1,2,5,2,9,12,3,3
SF,IF2005,2020-04-13 14:53:34.600,3723.8000,12648,0,7540805280.000,0,-,-,-,-,3723.2000,3722.8000,3722.6000,3721.8000,3721.4000,3724.0000,3724.2000,3724.4000,3724.6000,3724.8000,1,1,1,2,5,5,2,9,7,3
SF,IF2005,2020-04-13 14:53:35.100,3723.8000,12648,0,7540805280.000,0,-,-,-,-,3723.2000,3722.8000,3722.6000,3721.8000,3721.4000,3724.0000,3724.2000,3724.4000,3724.6000,3724.8000,1,1,1,2,5,6,2,9,7,3
SF,IF2005,2020-04-13 14:53:35.600,3723.8000,12648,0,7540805280.000,0,-,-,-,-,3723.2000,3722.8000,3722.6000,3721.8000,3721.4000,3724.0000,3724.2000,3724.4000,3724.6000,3724.8000,1,1,1,2,5,5,2,9,7,3
SF,IF2005,2020-04-13 14:53:36.100,3723.8000,12648,0,7540805280.000,0,-,-,-,-,3723.2000,3722.8000,3722.6000,3721.8000,3721.4000,3724.0000,3724.2000,3724.4000,3724.6000,3724.8000,1,1,1,2,5,5,2,9,7,3
SF,IF2005,2020-04-13 14:53:36.600,3723.8000,12648,0,7540805280.000,0,-,-,-,-,3723.2000,3722.8000,3722.6000,3721.8000,3721.4000,3724.0000,3724.2000,3724.4000,3724.6000,3724.8000,1,1,1,2,5,6,2,9,7,3
SF,IF2005,2020-04-13 14:53:37.100,3723.8000,12648,0,7540805280.000,0,-,-,-,-,3723.2000,3722.8000,3722.6000,3721.8000,3721.4000,3724.0000,3724.2000,3724.4000,3724.6000,3724.8000,1,1,1,2,5,5,2,9,7,3
SF,IF2005,2020-04-13 14:53:37.600,3723.8000,12648,0,7540805280.000,0,-,-,-,-,3723.2000,3722.8000,3722.6000,3721.8000,3721.4000,3724.0000,3724.2000,3724.4000,3724.6000,3724.8000,1,1,1,2,5,5,2,9,7,3
SF,IF2005,2020-04-13 14:53:38.100,3723.8000,12648,0,7540805280.000,0,-,-,-,-,3723.2000,3722.8000,3722.6000,3721.8000,3721.4000,3724.0000,3724.2000,3724.4000,3724.6000,3724.8000,1,1,1,2,5,5,2,9,7,3
SF,IF2005,2020-04-13 14:53:38.600,3723.8000,12648,0,7540805280.000,0,-,-,-,-,3723.2000,3722.8000,3722.6000,3721.8000,3721.4000,3724.0000,3724.2000,3724.4000,3724.6000,3724.8000,1,1,1,2,5,5,2,9,7,3
SF,IF2005,2020-04-13 14:53:39.100,3723.8000,12648,0,7540805280.000,0,-,-,-,-,3723.2000,3722.8000,3722.6000,3721.8000,3721.4000,3724.0000,3724.2000,3724.4000,3724.6000,3724.8000,1,1,1,2,5,5,2,9,7,3
SF,IF2005,2020-04-13 14:53:39.600,3723.8000,12648,0,7540805280.000,0,-,-,-,-,3723.2000,3722.8000,3722.6000,3721.8000,3721.4000,3724.0000,3724.2000,3724.4000,3724.6000,3724.8000,1,1,1,2,5,5,2,9,7,3
SF,IF2005,2020-04-13 14:53:40.600,3723.8000,12648,0,7540805280.000,0,-,-,-,-,3723.2000,3722.8000,3722.6000,3721.8000,3721.4000,3724.0000,3724.2000,3724.4000,3724.6000,3724.8000,1,1,1,2,5,5,2,3,7,3
SF,IF2005,2020-04-13 14:53:41.100,3723.8000,12648,0,7540805280.000,0,-,-,-,-,3723.2000,3722.8000,3722.6000,3721.8000,3721.4000,3724.0000,3724.2000,3724.4000,3724.6000,3724.8000,1,1,1,2,5,5,2,3,7,3
SF,IF2005,2020-04-13 14:53:41.600,3723.8000,12648,0,7540805280.000,0,-,-,-,-,3723.2000,3722.8000,3722.6000,3721.8000,3721.4000,3724.0000,3724.2000,3724.4000,3724.6000,3724.8000,1,1,1,2,5,5,2,3,7,3
SF,IF2005,2020-04-13 14:53:42.100,3723.8000,12648,0,7540805280.000,0,-,-,-,-,3723.2000,3722.8000,3722.6000,3721.8000,3721.4000,3724.0000,3724.2000,3724.4000,3724.6000,3724.8000,1,1,1,2,5,5,2,3,7,3
SF,IF2005,2020-04-13 14:53:42.600,3723.8000,12648,0,7540805280.000,0,-,-,-,-,3723.2000,3722.8000,3722.6000,3721.8000,3721.4000,3724.0000,3724.2000,3724.4000,3724.6000,3724.8000,1,1,1,2,5,3,2,3,7,3
SF,IF2005,2020-04-13 14:53:43.100,3723.8000,12648,0,7540805280.000,0,-,-,-,-,3723.2000,3722.8000,3722.6000,3721.8000,3721.4000,3724.0000,3724.2000,3724.4000,3724.6000,3724.8000,1,1,1,2,5,3,2,3,7,3
SF,IF2005,2020-04-13 14:53:43.600,3723.8000,12648,0,7540805280.000,0,-,-,-,-,3723.2000,3722.8000,3722.6000,3721.8000,3721.4000,3724.0000,3724.2000,3724.4000,3724.6000,3724.8000,1,1,1,2,5,2,2,3,7,3
SF,IF2005,2020-04-13 14:53:44.100,3723.8000,12648,0,7540805280.000,0,-,-,-,-,3723.2000,3722.8000,3722.6000,3721.8000,3721.4000,3724.0000,3724.2000,3724.4000,3724.6000,3724.8000,1,1,1,2,5,2,2,3,7,3
SF,IF2005,2020-04-13 14:53:44.600,3723.8000,12648,0,7540805280.000,0,-,-,-,-,3723.2000,3722.8000,3722.6000,3721.8000,3721.4000,3724.0000,3724.2000,3724.4000,3724.6000,3724.8000,1,1,1,2,5,3,2,3,7,3
SF,IF2005,2020-04-13 14:53:45.100,3723.8000,12648,0,7540805280.000,0,-,-,-,-,3723.2000,3722.8000,3722.6000,3721.8000,3721.4000,3724.0000,3724.2000,3724.4000,3724.6000,3724.8000,1,1,1,2,5,2,2,3,7,3
SF,IF2005,2020-04-13 14:53:45.600,3723.8000,12648,0,7540805280.000,0,-,-,-,-,3723.2000,3722.8000,3722.6000,3721.8000,3721.4000,3724.0000,3724.2000,3724.4000,3724.6000,3724.8000,1,1,1,2,5,2,2,3,7,3
SF,IF2005,2020-04-13 14:53:46.100,3723.8000,12648,0,7540805280.000,0,-,-,-,-,3723.2000,3722.8000,3722.6000,3721.8000,3721.4000,3724.0000,3724.2000,3724.4000,3724.6000,3724.8000,1,1,1,2,5,2,2,3,7,4
SF,IF2005,2020-04-13 14:53:46.600,3723.8000,12648,0,7540805280.000,0,-,-,-,-,3723.2000,3722.8000,3722.6000,3721.8000,3721.4000,3724.2000,3724.4000,3724.8000,3725.0000,3725.6000,1,1,1,2,5,2,3,4,3,1
SF,IF2005,2020-04-13 14:53:47.100,3723.8000,12648,0,7540805280.000,0,-,-,-,-,3723.2000,3722.8000,3722.6000,3721.8000,3721.4000,3724.2000,3724.4000,3724.8000,3725.0000,3725.6000,1,1,1,2,5,2,3,4,3,1
SF,IF2005,2020-04-13 14:53:47.600,3723.8000,12648,0,7540805280.000,0,-,-,-,-,3723.2000,3722.8000,3722.6000,3721.8000,3721.4000,3724.0000,3724.2000,3724.4000,3724.8000,3725.0000,1,1,1,2,5,2,2,3,4,3
SF,IF2005,2020-04-13 14:53:48.100,3723.8000,12648,0,7540805280.000,0,-,-,-,-,3723.2000,3722.8000,3722.6000,3721.8000,3721.4000,3724.2000,3724.4000,3724.8000,3725.0000,3725.6000,1,1,1,2,5,2,3,4,3,1
SF,IF2005,2020-04-13 14:53:48.600,3723.8000,12648,0,7540805280.000,0,-,-,-,-,3723.2000,3722.8000,3722.6000,3721.8000,3721.4000,3724.2000,3724.4000,3724.8000,3725.0000,3725.6000,1,1,1,2,5,3,3,4,3,1
SF,IF2005,2020-04-13 14:53:49.100,3723.8000,12648,0,7540805280.000,0,-,-,-,-,3723.4000,3723.2000,3722.8000,3722.6000,3721.8000,3724.2000,3724.4000,3724.8000,3725.0000,3725.6000,2,1,1,4,2,3,2,4,3,1
SF,IF2005,2020-04-13 14:53:49.600,3723.8000,12648,0,7540805280.000,0,-,-,-,-,3723.4000,3723.2000,3722.6000,3721.8000,3721.4000,3724.2000,3724.4000,3724.8000,3725.0000,3725.6000,2,1,3,2,5,2,2,4,3,1
SF,IF2005,2020-04-13 14:53:50.100,3723.8000,12648,0,7540805280.000,0,-,-,-,-,3723.4000,3723.2000,3722.6000,3721.8000,3721.4000,3724.2000,3724.4000,3724.8000,3725.0000,3725.6000,2,1,3,2,5,2,1,4,3,1
SF,IF2005,2020-04-13 14:53:50.600,3723.8000,12648,0,7540805280.000,0,-,-,-,-,3723.6000,3723.4000,3723.2000,3722.6000,3721.8000,3724.2000,3724.8000,3725.0000,3725.6000,3725.8000,1,7,1,3,2,3,4,3,1,5
SF,IF2005,2020-04-13 14:53:51.100,3723.8000,12648,0,7540805280.000,0,-,-,-,-,3723.6000,3723.4000,3723.2000,3722.6000,3721.8000,3724.2000,3724.8000,3725.0000,3725.6000,3725.8000,1,7,1,3,2,2,4,3,1,5
SF,IF2005,2020-04-13 14:53:51.600,3723.8000,12648,0,7540805280.000,0,-,-,-,-,3723.6000,3723.4000,3723.2000,3722.6000,3721.8000,3724.2000,3724.8000,3725.0000,3725.6000,3725.8000,1,7,1,3,2,3,4,3,1,5
SF,IF2005,2020-04-13 14:53:52.100,3723.8000,12648,0,7540805280.000,0,-,-,-,-,3723.6000,3723.4000,3723.2000,3722.6000,3721.8000,3724.2000,3724.8000,3725.0000,3725.6000,3725.8000,1,7,1,3,2,2,4,3,1,5
SF,IF2005,2020-04-13 14:53:52.600,3723.8000,12648,0,7540805280.000,0,-,-,-,-,3723.6000,3723.4000,3723.2000,3722.6000,3721.8000,3724.2000,3724.8000,3725.0000,3725.6000,3725.8000,1,7,1,3,2,2,4,3,1,5
SF,IF2005,2020-04-13 14:53:53.100,3723.8000,12648,0,7540805280.000,0,-,-,-,-,3723.6000,3723.4000,3723.2000,3722.6000,3721.8000,3724.2000,3724.8000,3725.0000,3725.6000,3725.8000,1,7,1,3,2,2,4,3,1,5
SF,IF2005,2020-04-13 14:53:53.600,3723.8000,12648,0,7540805280.000,0,-,-,-,-,3723.6000,3723.4000,3723.2000,3722.6000,3721.8000,3724.2000,3724.8000,3725.0000,3725.6000,3725.8000,1,7,1,3,2,2,4,3,1,5
SF,IF2005,2020-04-13 14:53:54.100,3723.8000,12648,0,7540805280.000,0,-,-,-,-,3723.6000,3723.4000,3723.2000,3722.6000,3721.8000,3724.2000,3724.8000,3725.0000,3725.6000,3725.8000,1,7,1,3,2,3,4,3,1,5
SF,IF2005,2020-04-13 14:53:54.600,3723.8000,12648,0,7540805280.000,0,-,-,-,-,3723.6000,3723.4000,3723.2000,3721.8000,3721.4000,3724.2000,3724.8000,3725.0000,3725.6000,3725.8000,1,7,1,2,5,2,4,3,1,5
SF,IF2005,2020-04-13 14:53:55.100,3723.8000,12648,0,7540805280.000,0,-,-,-,-,3723.6000,3723.4000,3723.2000,3721.8000,3721.4000,3724.2000,3724.8000,3725.0000,3725.6000,3725.8000,1,7,1,2,5,2,4,3,1,5
SF,IF2005,2020-04-13 14:53:55.600,3723.8000,12648,0,7540805280.000,0,-,-,-,-,3723.6000,3723.4000,3723.2000,3721.8000,3721.4000,3724.2000,3724.8000,3725.0000,3725.6000,3725.8000,1,7,1,2,5,2,4,3,1,5
SF,IF2005,2020-04-13 14:53:56.100,3723.8000,12648,0,7540805280.000,0,-,-,-,-,3723.6000,3723.4000,3723.2000,3721.8000,3721.4000,3724.2000,3724.8000,3725.0000,3725.6000,3725.8000,1,7,1,2,5,3,4,3,1,5
SF,IF2005,2020-04-13 14:53:56.600,3723.8000,12648,0,7540805280.000,0,-,-,-,-,3723.6000,3723.4000,3723.2000,3721.8000,3721.4000,3724.2000,3724.8000,3725.0000,3725.6000,3725.8000,1,7,1,2,5,2,3,3,1,5
SF,IF2005,2020-04-13 14:53:57.100,3723.8000,12648,0,7540805280.000,0,-,-,-,-,3723.6000,3723.4000,3723.2000,3721.8000,3721.4000,3724.2000,3724.8000,3725.0000,3725.6000,3725.8000,1,7,1,2,5,2,3,3,1,5
SF,IF2005,2020-04-13 14:53:57.600,3723.8000,12648,0,7540805280.000,0,-,-,-,-,3723.6000,3723.4000,3723.2000,3721.8000,3721.4000,3724.2000,3724.8000,3725.0000,3725.6000,3725.8000,1,7,1,2,5,2,3,3,1,5
SF,IF2005,2020-04-13 14:53:58.100,3723.6000,12649,1,7541922360.000,1,1,0,双开,B,3723.4000,3723.2000,3721.8000,3721.4000,3721.2000,3724.2000,3724.8000,3725.0000,3725.6000,3725.8000,7,1,2,5,4,3,3,3,1,5
SF,IF2005,2020-04-13 14:53:58.600,3723.6000,12649,0,7541922360.000,0,-,-,-,-,3723.6000,3723.4000,3723.2000,3721.8000,3721.4000,3724.2000,3724.8000,3725.0000,3725.6000,3725.8000,1,8,1,2,5,3,3,3,1,5
SF,IF2005,2020-04-13 14:53:59.100,3723.6000,12649,0,7541922360.000,0,-,-,-,-,3723.6000,3723.4000,3723.2000,3721.8000,3721.4000,3724.2000,3724.8000,3725.0000,3725.6000,3725.8000,1,8,1,2,5,3,3,3,1,5
SF,IF2005,2020-04-13 14:54:00.100,3723.6000,12649,0,7543039440.000,1,0,1,空换,B,3723.4000,3723.2000,3722.4000,3721.8000,3721.4000,3724.2000,3724.8000,3725.0000,3725.6000,3725.8000,8,1,1,1,5,3,3,3,1,5
SF,IF2005,2020-04-13 14:54:02.100,3723.6000,12650,1,7544156520.000,1,1,0,双开,B,3723.6000,3723.4000,3723.2000,3722.4000,3721.8000,3724.2000,3724.8000,3725.0000,3725.6000,3725.8000,4,7,1,1,1,3,3,3,1,5
SF,IF2005,2020-04-13 14:54:03.100,3723.6000,12650,0,7544156520.000,0,-,-,-,-,3723.6000,3723.4000,3723.2000,3722.6000,3722.4000,3724.2000,3724.8000,3725.0000,3725.6000,3725.8000,4,7,1,1,1,3,3,3,1,5
SF,IF2005,2020-04-13 14:54:04.600,3723.6000,12651,1,7545273600.000,1,1,0,双开,B,3723.6000,3723.4000,3723.2000,3722.6000,3722.4000,3724.2000,3724.8000,3725.0000,3725.6000,3725.8000,3,7,1,1,1,3,3,3,1,5
SF,IF2005,2020-04-13 14:54:06.100,3723.6000,12651,0,7546390680.000,1,0,1,空换,B,3723.6000,3723.4000,3723.2000,3722.6000,3722.4000,3724.2000,3724.8000,3725.0000,3725.6000,3725.8000,3,7,1,1,1,3,3,3,1,5
SF,IF2005,2020-04-13 14:54:06.600,3723.6000,12652,1,7547507760.000,1,1,0,双开,B,3723.6000,3723.4000,3723.2000,3722.6000,3722.4000,3724.0000,3724.2000,3724.8000,3725.0000,3725.6000,2,5,1,1,1,1,3,3,3,1
SF,IF2005,2020-04-13 14:54:11.100,3723.6000,12653,1,7548624840.000,1,1,0,双开,B,3723.6000,3723.4000,3723.2000,3722.6000,3722.4000,3724.0000,3724.2000,3724.8000,3725.0000,3725.6000,1,5,1,1,1,1,3,3,3,1
SF,IF2005,2020-04-13 14:54:12.600,3723.6000,12653,0,7548624840.000,0,-,-,-,-,3723.6000,3723.4000,3723.2000,3722.6000,3721.8000,3724.0000,3724.2000,3724.8000,3725.0000,3725.6000,1,5,1,1,1,1,3,3,3,1
SF,IF2005,2020-04-13 14:54:14.100,3723.4000,12653,0,7550858940.000,2,1,1,空换,B,3723.4000,3723.2000,3722.6000,3721.8000,3721.4000,3723.8000,3724.0000,3724.2000,3724.8000,3725.0000,4,1,1,1,5,3,1,3,3,3
SF,IF2005,2020-04-13 14:54:14.600,3723.4000,12653,0,7550858940.000,0,-,-,-,-,3723.4000,3723.2000,3722.6000,3721.8000,3721.4000,3724.0000,3724.2000,3724.8000,3725.0000,3725.6000,4,1,1,1,5,1,3,3,3,1
SF,IF2005,2020-04-13 14:54:15.100,3723.4000,12653,0,7551975960.000,1,0,1,空换,B,3723.4000,3723.2000,3722.6000,3721.8000,3721.4000,3724.0000,3724.2000,3724.8000,3725.0000,3725.6000,3,1,1,1,5,1,3,3,3,1
SF,IF2005,2020-04-13 14:54:15.600,3723.4000,12653,0,7551975960.000,0,-,-,-,-,3723.4000,3723.2000,3721.8000,3721.4000,3721.2000,3723.8000,3724.0000,3724.2000,3724.8000,3725.0000,3,1,1,5,4,5,1,3,3,3
SF,IF2005,2020-04-13 14:54:16.100,3723.8000,12654,1,7553093100.000,1,1,0,双开,B,3723.4000,3723.2000,3721.8000,3721.4000,3721.2000,3723.8000,3724.0000,3724.2000,3724.8000,3725.0000,3,1,1,5,4,1,1,3,3,3
SF,IF2005,2020-04-13 14:54:16.600,3723.8000,12654,0,7553093100.000,0,-,-,-,-,3723.4000,3723.2000,3721.8000,3721.4000,3721.2000,3724.0000,3724.2000,3724.8000,3725.0000,3725.6000,3,1,1,5,4,1,3,3,3,1
SF,IF2005,2020-04-13 14:54:18.600,3723.8000,12654,0,7553093100.000,0,-,-,-,-,3723.4000,3723.2000,3721.8000,3721.4000,3721.2000,3723.8000,3724.0000,3724.2000,3724.8000,3725.0000,3,1,1,5,4,1,1,3,3,3
SF,IF2005,2020-04-13 14:54:19.100,3723.8000,12654,0,7553093100.000,0,-,-,-,-,3723.4000,3723.2000,3721.8000,3721.4000,3721.2000,3723.8000,3724.0000,3724.2000,3724.8000,3725.0000,3,1,1,5,4,1,3,3,3,3
SF,IF2005,2020-04-13 14:54:20.600,3723.8000,12654,0,7553093100.000,0,-,-,-,-,3723.4000,3723.2000,3721.8000,3721.4000,3721.2000,3723.8000,3724.0000,3724.2000,3724.8000,3725.0000,3,1,1,5,4,3,1,3,3,3
SF,IF2005,2020-04-13 14:54:21.100,3723.4000,12655,1,7555327140.000,2,1,1,多开,B,3723.4000,3723.2000,3721.8000,3721.4000,3721.2000,3723.6000,3723.8000,3724.0000,3724.2000,3724.8000,1,1,1,5,4,3,1,1,3,3
SF,IF2005,2020-04-13 14:54:21.600,3723.4000,12655,0,7555327140.000,0,-,-,-,-,3723.4000,3723.2000,3721.8000,3721.4000,3721.2000,3723.6000,3723.8000,3724.0000,3724.2000,3724.8000,1,1,1,5,4,1,3,1,3,3
SF,IF2005,2020-04-13 14:54:22.100,3723.4000,12656,1,7556444160.000,1,1,0,双开,B,3723.2000,3721.8000,3721.4000,3721.2000,3721.0000,3723.6000,3723.8000,3724.0000,3724.2000,3724.8000,1,1,5,4,5,1,3,1,3,3
SF,IF2005,2020-04-13 14:54:22.600,3723.4000,12656,0,7556444160.000,0,-,-,-,-,3723.2000,3721.8000,3721.4000,3721.2000,3721.0000,3723.6000,3723.8000,3724.0000,3724.2000,3724.8000,1,1,5,4,5,1,3,1,3,3
SF,IF2005,2020-04-13 14:54:23.100,3723.4000,12656,0,7556444160.000,0,-,-,-,-,3723.2000,3723.0000,3721.8000,3721.4000,3721.2000,3723.6000,3723.8000,3724.0000,3724.2000,3724.8000,1,1,1,5,4,1,3,1,3,3
SF,IF2005,2020-04-13 14:54:25.100,3723.4000,12656,0,7556444160.000,0,-,-,-,-,3723.2000,3723.0000,3721.8000,3721.4000,3721.2000,3723.6000,3723.8000,3724.0000,3724.2000,3724.8000,1,1,1,5,4,3,1,1,3,3
SF,IF2005,2020-04-13 14:54:25.600,3723.4000,12656,0,7556444160.000,0,-,-,-,-,3723.2000,3723.0000,3721.8000,3721.4000,3721.2000,3723.6000,3723.8000,3724.0000,3724.2000,3724.8000,1,1,1,5,4,3,1,1,2,3
SF,IF2005,2020-04-13 14:54:26.100,3723.2000,12657,1,7557561120.000,1,1,0,双开,B,3723.0000,3721.8000,3721.4000,3721.2000,3721.0000,3723.6000,3723.8000,3724.0000,3724.2000,3724.8000,1,1,5,4,5,3,1,1,2,3
SF,IF2005,2020-04-13 14:54:28.100,3723.2000,12657,0,7557561120.000,0,-,-,-,-,3723.0000,3721.8000,3721.4000,3721.2000,3721.0000,3723.8000,3724.0000,3724.2000,3724.8000,3725.0000,1,1,5,4,5,1,1,2,3,3
SF,IF2005,2020-04-13 14:54:30.100,3723.2000,12657,0,7557561120.000,0,-,-,-,-,3723.0000,3721.8000,3721.4000,3721.2000,3721.0000,3723.6000,3723.8000,3724.0000,3724.2000,3724.8000,1,1,5,4,5,3,1,1,2,3
SF,IF2005,2020-04-13 14:54:30.600,3723.2000,12657,0,7557561120.000,0,-,-,-,-,3723.0000,3721.8000,3721.4000,3721.2000,3721.0000,3723.8000,3724.0000,3724.2000,3724.8000,3725.0000,1,1,5,4,5,1,1,2,3,3
SF,IF2005,2020-04-13 14:54:33.600,3723.2000,12657,0,7557561120.000,0,-,-,-,-,3723.0000,3721.8000,3721.4000,3721.2000,3721.0000,3723.6000,3723.8000,3724.0000,3724.2000,3724.8000,1,1,5,4,5,3,1,1,2,3
SF,IF2005,2020-04-13 14:54:34.100,3723.2000,12657,0,7557561120.000,0,-,-,-,-,3723.0000,3721.8000,3721.4000,3721.2000,3721.0000,3723.6000,3723.8000,3724.0000,3724.2000,3724.8000,1,1,5,4,5,3,1,1,2,3
SF,IF2005,2020-04-13 14:54:34.600,3723.2000,12657,0,7557561120.000,0,-,-,-,-,3723.0000,3721.8000,3721.4000,3721.2000,3721.0000,3723.6000,3723.8000,3724.0000,3724.2000,3724.8000,1,1,5,4,5,3,1,1,2,3
SF,IF2005,2020-04-13 14:54:38.600,3723.2000,12657,0,7557561120.000,0,-,-,-,-,3723.0000,3721.8000,3721.4000,3721.2000,3721.0000,3723.6000,3724.0000,3724.2000,3724.4000,3724.8000,1,1,5,4,5,3,1,2,2,3
SF,IF2005,2020-04-13 14:54:39.600,3723.2000,12657,0,7557561120.000,0,-,-,-,-,3723.2000,3723.0000,3721.8000,3721.4000,3721.2000,3723.6000,3724.2000,3724.4000,3724.8000,3725.0000,1,1,1,5,4,3,2,2,3,3
SF,IF2005,2020-04-13 14:54:40.100,3723.2000,12657,0,7557561120.000,0,-,-,-,-,3723.2000,3723.0000,3721.8000,3721.4000,3721.2000,3723.6000,3724.2000,3724.4000,3724.8000,3725.0000,1,1,1,5,4,3,2,2,3,3
SF,IF2005,2020-04-13 14:54:40.600,3723.2000,12657,0,7557561120.000,0,-,-,-,-,3723.2000,3723.0000,3721.8000,3721.4000,3721.2000,3723.6000,3724.2000,3724.4000,3724.8000,3725.0000,1,1,1,5,4,3,2,2,3,3
SF,IF2005,2020-04-13 14:54:42.100,3723.0000,12658,1,7559794980.000,2,1,1,多开,B,3721.8000,3721.4000,3721.2000,3721.0000,3720.8000,3723.0000,3723.6000,3724.2000,3724.4000,3724.8000,1,5,4,5,1,3,3,2,2,3
SF,IF2005,2020-04-13 14:54:42.600,3723.0000,12658,0,7559794980.000,0,-,-,-,-,3722.4000,3722.2000,3722.0000,3721.8000,3721.4000,3723.0000,3723.6000,3724.2000,3724.4000,3724.8000,1,1,6,2,5,3,3,2,2,3
SF,IF2005,2020-04-13 14:54:43.100,3723.0000,12658,0,7559794980.000,0,-,-,-,-,3722.6000,3722.4000,3722.2000,3722.0000,3721.8000,3723.0000,3723.6000,3724.2000,3724.4000,3724.8000,3,1,2,4,2,3,3,2,2,3
SF,IF2005,2020-04-13 14:54:43.600,3723.0000,12658,0,7559794980.000,0,-,-,-,-,3722.6000,3722.4000,3722.2000,3722.0000,3721.8000,3723.0000,3723.6000,3724.2000,3724.4000,3724.8000,3,1,2,4,2,3,3,2,2,4
SF,IF2005,2020-04-13 14:54:44.100,3723.0000,12658,0,7559794980.000,0,-,-,-,-,3722.6000,3722.4000,3722.2000,3722.0000,3721.8000,3723.0000,3723.6000,3724.2000,3724.4000,3724.8000,3,1,2,4,2,3,3,2,2,4
SF,IF2005,2020-04-13 14:54:49.600,3723.0000,12658,0,7559794980.000,0,-,-,-,-,3722.6000,3722.4000,3722.2000,3722.0000,3721.8000,3723.0000,3723.6000,3724.2000,3724.8000,3725.0000,3,1,2,4,2,3,3,2,4,3
SF,IF2005,2020-04-13 14:54:50.100,3722.8000,12660,2,7562028720.000,2,2,0,双开,B,3722.6000,3722.4000,3722.2000,3722.0000,3721.8000,3723.0000,3723.6000,3724.2000,3724.8000,3725.0000,3,1,2,4,2,2,3,2,4,3
SF,IF2005,2020-04-13 14:54:50.600,3723.0000,12662,2,7564262520.000,2,2,0,双开,B,3722.6000,3722.4000,3722.2000,3722.0000,3721.8000,3723.6000,3724.2000,3724.8000,3725.0000,3725.6000,3,1,2,3,2,3,2,4,3,1
SF,IF2005,2020-04-13 14:54:52.100,3723.0000,12662,0,7564262520.000,0,-,-,-,-,3722.6000,3722.4000,3722.2000,3722.0000,3721.8000,3723.4000,3723.6000,3724.2000,3724.8000,3725.0000,3,1,2,3,2,1,3,2,3,3
SF,IF2005,2020-04-13 14:54:53.100,3723.0000,12662,0,7564262520.000,0,-,-,-,-,3722.6000,3722.4000,3722.2000,3722.0000,3721.8000,3723.4000,3723.6000,3724.2000,3724.8000,3725.0000,3,1,2,3,2,3,1,2,3,3
SF,IF2005,2020-04-13 14:54:54.600,3723.0000,12662,0,7564262520.000,0,-,-,-,-,3722.6000,3722.4000,3722.2000,3722.0000,3721.8000,3723.4000,3723.6000,3724.2000,3724.8000,3725.0000,3,1,2,3,2,4,1,2,3,3
SF,IF2005,2020-04-13 14:54:55.100,3723.0000,12662,0,7564262520.000,0,-,-,-,-,3722.8000,3722.6000,3722.4000,3722.2000,3722.0000,3723.4000,3723.6000,3724.2000,3724.8000,3725.0000,2,3,1,2,3,4,1,2,3,3
SF,IF2005,2020-04-13 14:54:55.600,3723.0000,12662,0,7564262520.000,0,-,-,-,-,3722.8000,3722.6000,3722.4000,3722.2000,3722.0000,3723.4000,3723.6000,3724.2000,3724.8000,3725.0000,2,3,1,2,2,4,1,2,3,3
SF,IF2005,2020-04-13 14:54:56.100,3723.0000,12662,0,7564262520.000,0,-,-,-,-,3722.8000,3722.6000,3722.4000,3722.2000,3722.0000,3723.4000,3723.6000,3724.2000,3724.8000,3725.0000,2,3,1,2,2,4,1,2,3,3
SF,IF2005,2020-04-13 14:54:56.600,3723.0000,12662,0,7564262520.000,0,-,-,-,-,3722.8000,3722.6000,3722.4000,3722.2000,3722.0000,3723.2000,3723.4000,3724.8000,3725.0000,3725.8000,2,3,1,2,1,3,1,3,3,5
SF,IF2005,2020-04-13 14:54:57.100,3723.0000,12662,0,7564262520.000,0,-,-,-,-,3722.8000,3722.6000,3722.4000,3722.2000,3722.0000,3723.4000,3723.6000,3724.8000,3725.0000,3725.8000,2,3,1,2,1,1,2,3,3,5
SF,IF2005,2020-04-13 14:54:57.600,3723.0000,12662,0,7564262520.000,0,-,-,-,-,3722.8000,3722.6000,3722.4000,3722.2000,3722.0000,3723.4000,3723.6000,3724.8000,3725.0000,3725.8000,2,3,1,2,1,1,2,3,3,5
SF,IF2005,2020-04-13 14:55:00.600,3722.8000,12663,1,7565379360.000,1,1,0,双开,B,3722.8000,3722.6000,3722.4000,3722.2000,3722.0000,3723.4000,3723.6000,3724.8000,3725.0000,3725.8000,1,3,1,2,1,1,2,3,3,5
SF,IF2005,2020-04-13 14:55:01.100,3722.8000,12663,0,7565379360.000,0,-,-,-,-,3722.8000,3722.6000,3722.4000,3722.2000,3722.0000,3723.4000,3723.6000,3724.8000,3725.0000,3725.8000,1,3,1,1,1,1,2,3,3,5
SF,IF2005,2020-04-13 14:55:01.600,3722.8000,12663,0,7565379360.000,0,-,-,-,-,3722.8000,3722.6000,3722.4000,3722.2000,3722.0000,3723.4000,3723.6000,3724.8000,3725.0000,3725.8000,1,3,1,1,1,3,2,3,3,5
SF,IF2005,2020-04-13 14:55:02.100,3722.8000,12663,0,7565379360.000,0,-,-,-,-,3722.8000,3722.6000,3722.4000,3722.2000,3722.0000,3723.0000,3723.2000,3723.4000,3723.6000,3724.8000,1,1,1,1,1,2,5,1,2,3
SF,IF2005,2020-04-13 14:55:02.600,3722.6000,12665,2,7567612980.000,2,2,0,双开,B,3721.8000,3721.0000,3720.8000,3720.4000,3720.2000,3722.4000,3722.8000,3723.2000,3723.4000,3723.6000,1,5,1,4,2,1,2,8,2,2
SF,IF2005,2020-04-13 14:55:03.100,3722.6000,12665,0,7567612980.000,0,-,-,-,-,3721.8000,3721.0000,3720.8000,3720.4000,3720.2000,3722.4000,3722.8000,3723.2000,3723.4000,3723.6000,1,5,1,4,2,1,3,8,2,2
SF,IF2005,2020-04-13 14:55:03.600,3722.6000,12665,0,7567612980.000,0,-,-,-,-,3721.8000,3721.0000,3720.8000,3720.4000,3720.2000,3722.4000,3722.8000,3723.2000,3723.4000,3724.8000,1,5,1,4,2,1,3,7,2,3
SF,IF2005,2020-04-13 14:55:04.100,3722.6000,12665,0,7567612980.000,0,-,-,-,-,3722.0000,3721.8000,3721.0000,3720.8000,3720.4000,3722.4000,3722.8000,3723.2000,3723.4000,3724.8000,2,1,5,1,4,1,4,6,2,3
SF,IF2005,2020-04-13 14:55:04.600,3722.6000,12665,0,7567612980.000,0,-,-,-,-,3721.8000,3721.0000,3720.8000,3720.4000,3720.2000,3722.4000,3722.8000,3723.2000,3723.4000,3724.8000,1,5,1,4,2,1,4,6,2,3
SF,IF2005,2020-04-13 14:55:05.100,3722.0000,12665,0,7568729580.000,1,0,1,空换,B,3722.0000,3721.8000,3721.0000,3720.8000,3720.4000,3722.4000,3722.8000,3723.2000,3723.4000,3724.8000,1,1,5,1,4,1,2,2,2,3
SF,IF2005,2020-04-13 14:55:05.600,3722.8000,12666,1,7570963140.000,2,1,1,多开,B,3722.6000,3722.4000,3722.2000,3722.0000,3721.8000,3722.8000,3724.8000,3725.0000,3725.8000,3726.0000,2,1,1,2,1,1,3,3,5,3
SF,IF2005,2020-04-13 14:55:06.100,3722.8000,12666,0,7570963140.000,0,-,-,-,-,3722.4000,3722.2000,3722.0000,3721.8000,3721.0000,3723.2000,3724.8000,3725.0000,3725.8000,3726.0000,1,1,1,1,5,2,3,3,5,3
SF,IF2005,2020-04-13 14:55:06.600,3722.8000,12666,0,7570963140.000,0,-,-,-,-,3722.4000,3722.0000,3721.8000,3721.0000,3720.8000,3722.8000,3723.0000,3723.2000,3724.8000,3725.0000,1,1,1,5,1,2,3,2,3,3
SF,IF2005,2020-04-13 14:55:07.100,3722.8000,12666,0,7570963140.000,0,-,-,-,-,3721.8000,3721.0000,3720.8000,3720.2000,3720.0000,3723.0000,3723.2000,3724.8000,3725.0000,3725.8000,1,5,1,2,4,4,2,3,3,5
SF,IF2005,2020-04-13 14:55:07.600,3722.8000,12666,0,7570963140.000,0,-,-,-,-,3721.8000,3721.0000,3720.8000,3720.2000,3720.0000,3722.6000,3722.8000,3723.0000,3724.8000,3725.0000,1,5,1,2,4,7,7,4,3,3
SF,IF2005,2020-04-13 14:55:08.100,3722.8000,12666,0,7572079980.000,1,0,1,空换,B,3721.8000,3721.0000,3720.8000,3720.2000,3720.0000,3722.2000,3722.6000,3722.8000,3723.0000,3724.8000,1,5,1,2,4,1,2,6,4,3
SF,IF2005,2020-04-13 14:55:08.600,3722.8000,12666,0,7572079980.000,0,-,-,-,-,3721.8000,3721.0000,3720.8000,3720.2000,3720.0000,3722.6000,3722.8000,3723.0000,3724.8000,3725.0000,1,5,1,2,4,3,4,4,3,2
SF,IF2005,2020-04-13 14:55:09.100,3722.8000,12666,0,7572079980.000,0,-,-,-,-,3721.8000,3721.0000,3720.8000,3720.2000,3720.0000,3722.6000,3722.8000,3723.0000,3724.8000,3725.0000,1,5,1,2,4,5,3,4,3,2
SF,IF2005,2020-04-13 14:55:09.600,3722.8000,12666,0,7572079980.000,0,-,-,-,-,3721.8000,3721.0000,3720.8000,3720.2000,3720.0000,3722.4000,3722.6000,3722.8000,3723.0000,3724.8000,1,5,1,2,4,3,5,2,4,3
SF,IF2005,2020-04-13 14:55:10.100,3722.8000,12666,0,7572079980.000,0,-,-,-,-,3721.8000,3721.0000,3720.8000,3720.2000,3720.0000,3722.4000,3722.6000,3722.8000,3723.0000,3724.8000,1,5,1,2,4,3,4,1,4,3
SF,IF2005,2020-04-13 14:55:10.600,3722.8000,12666,0,7572079980.000,0,-,-,-,-,3721.8000,3721.0000,3720.8000,3720.2000,3720.0000,3722.6000,3722.8000,3723.0000,3724.8000,3725.0000,1,5,1,2,4,4,1,4,3,2
SF,IF2005,2020-04-13 14:55:11.100,3722.8000,12666,0,7572079980.000,0,-,-,-,-,3721.8000,3721.0000,3720.8000,3720.2000,3720.0000,3722.6000,3722.8000,3723.0000,3724.8000,3725.0000,1,5,1,2,4,3,1,4,3,2
SF,IF2005,2020-04-13 14:55:12.100,3722.8000,12666,0,7572079980.000,0,-,-,-,-,3722.4000,3721.8000,3721.0000,3720.8000,3720.2000,3722.6000,3722.8000,3723.0000,3724.8000,3725.0000,2,1,5,1,2,5,1,4,3,2
SF,IF2005,2020-04-13 14:55:12.600,3722.4000,12668,2,7574313420.000,2,2,0,双开,B,3721.8000,3721.0000,3720.8000,3720.2000,3720.0000,3722.6000,3722.8000,3723.0000,3724.8000,3725.0000,1,5,1,2,4,5,1,4,3,2
SF,IF2005,2020-04-13 14:55:13.100,3722.4000,12668,0,7574313420.000,0,-,-,-,-,3721.8000,3721.0000,3720.8000,3720.2000,3720.0000,3722.6000,3722.8000,3723.0000,3724.8000,3725.0000,1,5,1,2,4,4,1,4,3,2
SF,IF2005,2020-04-13 14:55:13.600,3722.4000,12668,0,7574313420.000,0,-,-,-,-,3721.8000,3721.0000,3720.8000,3720.2000,3720.0000,3722.2000,3722.4000,3722.6000,3722.8000,3723.0000,1,5,1,10,4,2,6,2,1,2
SF,IF2005,2020-04-13 14:55:14.100,3722.4000,12668,0,7574313420.000,0,-,-,-,-,3721.8000,3721.0000,3720.8000,3720.2000,3720.0000,3722.4000,3722.6000,3722.8000,3723.0000,3724.8000,1,5,1,10,4,1,2,1,2,3
SF,IF2005,2020-04-13 14:55:15.100,3722.4000,12668,0,7574313420.000,0,-,-,-,-,3721.8000,3721.0000,3720.8000,3720.2000,3720.0000,3722.4000,3722.6000,3722.8000,3723.0000,3724.8000,1,5,1,10,4,3,2,1,2,3
SF,IF2005,2020-04-13 14:55:15.600,3722.4000,12668,0,7574313420.000,0,-,-,-,-,3721.8000,3721.0000,3720.8000,3720.2000,3720.0000,3722.4000,3722.6000,3722.8000,3723.0000,3724.8000,1,5,1,10,4,3,2,1,2,3
SF,IF2005,2020-04-13 14:55:17.100,3722.4000,12668,0,7574313420.000,0,-,-,-,-,3721.8000,3721.0000,3720.8000,3720.2000,3720.0000,3722.2000,3722.4000,3722.6000,3722.8000,3723.0000,1,5,1,10,4,3,1,2,1,2
SF,IF2005,2020-04-13 14:55:17.600,3722.4000,12668,0,7574313420.000,0,-,-,-,-,3721.8000,3721.0000,3720.8000,3720.2000,3720.0000,3722.2000,3722.4000,3722.6000,3722.8000,3723.0000,1,5,1,10,4,1,1,2,1,2
SF,IF2005,2020-04-13 14:55:18.100,3722.4000,12668,0,7574313420.000,0,-,-,-,-,3721.8000,3721.0000,3720.8000,3720.2000,3720.0000,3722.4000,3722.6000,3723.0000,3724.8000,3725.0000,1,5,1,10,4,1,2,2,3,2
SF,IF2005,2020-04-13 14:55:19.100,3722.4000,12668,0,7574313420.000,0,-,-,-,-,3722.2000,3721.8000,3721.0000,3720.8000,3720.2000,3722.4000,3722.6000,3723.0000,3724.8000,3725.0000,1,1,5,1,10,1,2,2,3,2
SF,IF2005,2020-04-13 14:55:19.600,3722.4000,12668,0,7574313420.000,0,-,-,-,-,3721.8000,3721.0000,3720.8000,3720.2000,3720.0000,3722.4000,3722.6000,3723.0000,3724.8000,3725.0000,1,5,1,10,4,1,2,2,3,2
SF,IF2005,2020-04-13 14:55:21.100,3722.4000,12668,0,7574313420.000,0,-,-,-,-,3721.8000,3721.0000,3720.8000,3720.2000,3720.0000,3722.4000,3722.6000,3723.0000,3724.8000,3725.0000,1,5,1,10,4,4,2,2,3,2
SF,IF2005,2020-04-13 14:55:21.600,3722.4000,12668,0,7574313420.000,0,-,-,-,-,3721.8000,3721.0000,3720.8000,3720.2000,3720.0000,3722.2000,3722.4000,3722.6000,3723.0000,3724.8000,1,5,1,10,4,1,1,2,2,3
SF,IF2005,2020-04-13 14:55:23.100,3721.8000,12669,1,7575429960.000,1,1,0,双开,B,3721.0000,3720.8000,3720.2000,3720.0000,3719.4000,3722.0000,3722.2000,3722.4000,3722.6000,3723.0000,5,1,10,4,1,5,1,1,2,2
SF,IF2005,2020-04-13 14:55:23.600,3721.8000,12669,0,7575429960.000,0,-,-,-,-,3721.4000,3721.2000,3721.0000,3720.8000,3720.2000,3722.0000,3722.2000,3722.4000,3722.6000,3723.0000,1,6,6,1,10,5,1,1,2,2
SF,IF2005,2020-04-13 14:55:24.100,3721.8000,12669,0,7575429960.000,0,-,-,-,-,3721.4000,3721.2000,3721.0000,3720.8000,3720.2000,3722.0000,3722.2000,3722.4000,3722.6000,3723.0000,1,5,6,1,10,5,1,1,2,2
SF,IF2005,2020-04-13 14:55:24.600,3721.8000,12669,0,7575429960.000,0,-,-,-,-,3721.4000,3721.2000,3721.0000,3720.8000,3720.2000,3722.0000,3722.2000,3722.4000,3722.6000,3723.0000,1,4,6,1,10,5,1,1,2,2
SF,IF2005,2020-04-13 14:55:25.100,3721.4000,12670,1,7576546380.000,1,1,0,双开,B,3721.2000,3721.0000,3720.8000,3720.2000,3720.0000,3722.0000,3722.2000,3722.4000,3722.6000,3723.0000,4,6,1,10,4,5,1,1,2,2
SF,IF2005,2020-04-13 14:55:26.100,3721.4000,12670,0,7576546380.000,0,-,-,-,-,3721.2000,3721.0000,3720.8000,3720.2000,3720.0000,3722.0000,3722.2000,3722.4000,3722.6000,3723.0000,3,6,1,10,4,5,1,1,2,2
SF,IF2005,2020-04-13 14:55:26.600,3721.4000,12670,0,7576546380.000,0,-,-,-,-,3721.2000,3721.0000,3720.8000,3720.2000,3720.0000,3722.0000,3722.2000,3722.4000,3722.6000,3723.0000,3,6,1,10,4,5,1,1,2,2
SF,IF2005,2020-04-13 14:55:27.100,3721.2000,12670,0,7577662740.000,1,0,1,空换,B,3721.2000,3721.0000,3720.8000,3720.2000,3720.0000,3722.0000,3722.2000,3722.4000,3722.6000,3723.0000,2,6,1,10,4,5,1,1,2,2
SF,IF2005,2020-04-13 14:55:28.600,3721.2000,12670,0,7577662740.000,0,-,-,-,-,3721.4000,3721.2000,3721.0000,3720.8000,3720.2000,3722.0000,3722.2000,3722.4000,3722.6000,3723.0000,2,2,6,1,10,5,1,1,2,2
SF,IF2005,2020-04-13 14:55:29.100,3721.4000,12671,1,7578779160.000,1,1,0,双开,B,3721.4000,3721.2000,3721.0000,3720.8000,3720.2000,3722.0000,3722.2000,3722.4000,3722.6000,3723.0000,1,2,6,1,10,5,1,1,2,2
SF,IF2005,2020-04-13 14:55:30.100,3721.4000,12671,0,7578779160.000,0,-,-,-,-,3721.2000,3721.0000,3720.8000,3720.2000,3720.0000,3722.0000,3722.2000,3722.4000,3722.6000,3723.0000,2,6,1,10,4,5,1,1,2,2
SF,IF2005,2020-04-13 14:55:30.600,3721.2000,12672,1,7579895520.000,1,1,0,双开,B,3721.2000,3721.0000,3720.8000,3720.2000,3720.0000,3722.0000,3722.2000,3722.4000,3722.6000,3723.0000,1,6,1,10,4,5,1,1,2,2
SF,IF2005,2020-04-13 14:55:32.600,3722.0000,12677,5,7585478520.000,5,5,0,双开,B,3721.2000,3721.0000,3720.8000,3720.2000,3720.0000,3722.2000,3722.4000,3722.6000,3723.0000,3723.8000,1,6,1,10,4,1,1,2,2,1
SF,IF2005,2020-04-13 14:55:33.100,3722.2000,12679,2,7588828380.000,3,2,1,多开,B,3721.4000,3721.2000,3721.0000,3720.8000,3720.2000,3722.4000,3722.6000,3723.0000,3723.8000,3724.8000,1,1,6,1,10,1,2,2,1,3
SF,IF2005,2020-04-13 14:55:33.600,3722.2000,12679,0,7588828380.000,0,-,-,-,-,3721.6000,3721.0000,3720.8000,3720.2000,3720.0000,3722.2000,3722.4000,3722.6000,3723.0000,3723.8000,2,6,1,10,4,1,1,2,2,1
SF,IF2005,2020-04-13 14:55:34.100,3722.2000,12679,0,7588828380.000,0,-,-,-,-,3721.6000,3721.0000,3720.8000,3720.2000,3720.0000,3722.2000,3722.4000,3722.6000,3723.0000,3723.8000,2,6,1,10,4,1,4,2,2,1
SF,IF2005,2020-04-13 14:55:34.600,3722.2000,12679,0,7588828380.000,0,-,-,-,-,3722.0000,3721.0000,3720.8000,3720.2000,3720.0000,3722.2000,3722.4000,3722.6000,3723.0000,3723.8000,1,6,1,10,4,1,4,2,2,1
SF,IF2005,2020-04-13 14:55:35.100,3722.0000,12680,1,7589944980.000,1,1,0,双开,B,3721.0000,3720.8000,3720.2000,3720.0000,3719.4000,3722.2000,3722.4000,3722.6000,3723.0000,3723.8000,6,1,10,4,1,1,4,2,2,1
SF,IF2005,2020-04-13 14:55:35.600,3722.0000,12680,0,7589944980.000,0,-,-,-,-,3721.2000,3721.0000,3720.8000,3720.2000,3720.0000,3722.2000,3722.6000,3723.0000,3723.8000,3724.8000,2,6,1,10,4,1,2,2,1,3
SF,IF2005,2020-04-13 14:55:36.100,3722.0000,12680,0,7589944980.000,0,-,-,-,-,3721.4000,3721.2000,3721.0000,3720.8000,3720.2000,3722.2000,3722.6000,3723.0000,3723.8000,3724.8000,1,2,6,1,10,1,2,2,1,3
SF,IF2005,2020-04-13 14:55:36.600,3722.0000,12680,0,7589944980.000,0,-,-,-,-,3721.6000,3721.0000,3720.8000,3720.2000,3720.0000,3722.2000,3722.6000,3723.0000,3723.8000,3724.8000,2,6,1,10,4,1,2,2,1,3
SF,IF2005,2020-04-13 14:55:37.600,3722.2000,12680,0,7591061640.000,1,0,1,空换,B,3721.6000,3721.0000,3720.8000,3720.2000,3720.0000,3722.6000,3723.0000,3723.8000,3724.8000,3725.0000,2,6,1,10,4,2,2,1,3,2
SF,IF2005,2020-04-13 14:55:38.100,3721.6000,12681,1,7592178120.000,1,1,0,双开,B,3721.6000,3721.0000,3720.8000,3720.2000,3720.0000,3722.6000,3723.0000,3723.8000,3724.8000,3725.0000,1,6,1,10,4,2,2,1,3,2
SF,IF2005,2020-04-13 14:55:39.600,3721.6000,12682,1,7593294600.000,1,1,0,双开,B,3721.0000,3720.8000,3720.2000,3720.0000,3719.4000,3722.6000,3723.0000,3723.8000,3724.8000,3725.0000,6,1,10,4,1,2,2,1,3,2
SF,IF2005,2020-04-13 14:55:40.100,3721.6000,12682,0,7593294600.000,0,-,-,-,-,3721.4000,3721.2000,3721.0000,3720.8000,3720.2000,3722.0000,3722.4000,3722.6000,3723.0000,3723.8000,1,5,6,1,10,2,3,2,2,1
SF,IF2005,2020-04-13 14:55:40.600,3721.6000,12682,0,7593294600.000,0,-,-,-,-,3721.2000,3721.0000,3720.8000,3720.2000,3720.0000,3722.0000,3722.4000,3722.6000,3723.0000,3723.8000,4,6,1,10,4,2,3,2,2,1
SF,IF2005,2020-04-13 14:55:41.100,3721.6000,12682,0,7593294600.000,0,-,-,-,-,3721.4000,3721.2000,3721.0000,3720.8000,3720.2000,3722.0000,3722.4000,3722.6000,3723.0000,3723.8000,1,4,6,1,10,2,3,2,2,1
SF,IF2005,2020-04-13 14:55:42.100,3721.6000,12682,0,7593294600.000,0,-,-,-,-,3721.4000,3721.2000,3721.0000,3720.8000,3720.2000,3722.0000,3722.4000,3722.6000,3723.0000,3723.8000,1,3,6,1,10,2,3,2,2,1
SF,IF2005,2020-04-13 14:55:42.600,3721.4000,12683,1,7594411020.000,1,1,0,双开,B,3721.2000,3721.0000,3720.8000,3720.2000,3720.0000,3722.0000,3722.4000,3722.6000,3723.0000,3723.8000,3,6,1,10,4,2,3,2,2,1
SF,IF2005,2020-04-13 14:55:43.100,3721.4000,12683,0,7594411020.000,0,-,-,-,-,3721.2000,3721.0000,3720.8000,3720.2000,3720.0000,3722.0000,3722.4000,3722.6000,3723.8000,3724.8000,3,6,1,10,4,2,3,2,1,3
SF,IF2005,2020-04-13 14:55:44.100,3721.2000,12684,1,7595527380.000,1,1,0,双开,B,3721.4000,3721.2000,3721.0000,3720.8000,3720.2000,3722.0000,3722.4000,3722.6000,3723.8000,3724.8000,2,2,6,1,10,2,3,2,1,3
SF,IF2005,2020-04-13 14:55:44.600,3722.0000,12686,2,7597760580.000,2,2,0,双开,B,3722.0000,3721.4000,3721.2000,3721.0000,3720.8000,3722.4000,3722.6000,3723.8000,3724.8000,3725.0000,1,3,2,6,1,3,2,1,3,2
SF,IF2005,2020-04-13 14:55:45.100,3722.0000,12686,0,7597760580.000,0,-,-,-,-,3721.4000,3721.2000,3721.0000,3720.8000,3720.2000,3722.4000,3722.6000,3723.8000,3724.8000,3725.0000,2,2,6,1,10,2,2,1,3,2
SF,IF2005,2020-04-13 14:55:45.600,3721.6000,12687,1,7598877060.000,1,1,0,双开,B,3721.6000,3721.4000,3721.2000,3721.0000,3720.8000,3722.4000,3722.6000,3723.8000,3724.8000,3725.0000,1,2,1,6,1,2,2,1,3,2
SF,IF2005,2020-04-13 14:55:46.100,3721.6000,12687,0,7598877060.000,0,-,-,-,-,3721.4000,3721.2000,3721.0000,3720.8000,3720.2000,3722.4000,3722.6000,3723.8000,3724.8000,3725.0000,1,1,5,1,10,2,2,1,3,2
SF,IF2005,2020-04-13 14:55:46.600,3721.6000,12687,0,7598877060.000,0,-,-,-,-,3721.6000,3721.4000,3721.2000,3721.0000,3720.8000,3722.4000,3722.6000,3723.8000,3724.8000,3725.0000,1,2,1,5,1,2,2,1,3,2
SF,IF2005,2020-04-13 14:55:47.100,3722.4000,12688,1,7599993780.000,1,1,0,双开,B,3721.6000,3721.4000,3721.2000,3721.0000,3720.8000,3722.4000,3722.6000,3723.8000,3724.8000,3725.0000,1,2,1,5,1,1,2,1,3,2
SF,IF2005,2020-04-13 14:55:47.600,3722.4000,12688,0,7599993780.000,0,-,-,-,-,3722.4000,3721.8000,3721.6000,3721.4000,3721.0000,3722.6000,3723.8000,3724.8000,3725.0000,3725.8000,1,2,2,1,5,2,1,3,2,4
SF,IF2005,2020-04-13 14:55:48.100,3722.4000,12688,0,7601110500.000,1,0,1,空换,B,3722.8000,3721.8000,3721.6000,3721.4000,3721.0000,3723.6000,3723.8000,3724.8000,3725.0000,3725.8000,1,3,2,1,5,2,1,3,2,4
SF,IF2005,2020-04-13 14:55:48.600,3722.8000,12689,1,7602227340.000,1,1,0,双开,B,3721.8000,3721.6000,3721.4000,3721.0000,3720.8000,3723.2000,3723.4000,3723.6000,3723.8000,3724.8000,3,2,1,5,1,1,5,2,1,3
SF,IF2005,2020-04-13 14:55:49.100,3722.8000,12689,0,7602227340.000,0,-,-,-,-,3722.0000,3721.8000,3721.6000,3721.4000,3721.0000,3723.0000,3723.2000,3723.4000,3723.6000,3723.8000,2,3,1,1,5,2,1,3,2,1
SF,IF2005,2020-04-13 14:55:49.600,3722.8000,12689,0,7602227340.000,0,-,-,-,-,3721.8000,3721.6000,3721.4000,3721.0000,3720.8000,3723.0000,3723.2000,3723.4000,3723.6000,3723.8000,2,1,1,5,1,3,1,2,2,1
SF,IF2005,2020-04-13 14:55:50.100,3722.8000,12689,0,7602227340.000,0,-,-,-,-,3722.0000,3721.8000,3721.6000,3721.4000,3721.0000,3723.0000,3723.2000,3723.4000,3723.6000,3723.8000,2,2,1,1,5,3,1,2,2,1
SF,IF2005,2020-04-13 14:55:51.600,3722.0000,12690,1,7603343940.000,1,1,0,双开,B,3722.0000,3721.8000,3721.6000,3721.4000,3721.0000,3723.0000,3723.2000,3723.4000,3723.6000,3723.8000,1,2,1,1,5,3,1,2,2,1
SF,IF2005,2020-04-13 14:55:52.100,3722.0000,12690,0,7603343940.000,0,-,-,-,-,3721.8000,3721.6000,3721.4000,3721.0000,3720.8000,3723.0000,3723.2000,3723.4000,3723.6000,3723.8000,2,1,1,5,1,3,1,2,2,1
SF,IF2005,2020-04-13 14:55:54.100,3722.0000,12690,0,7603343940.000,0,-,-,-,-,3722.0000,3721.8000,3721.6000,3721.4000,3721.0000,3723.0000,3723.2000,3723.4000,3723.6000,3723.8000,1,3,1,1,5,3,1,2,2,1
SF,IF2005,2020-04-13 14:55:55.100,3722.0000,12691,1,7604460540.000,1,1,0,双开,B,3721.8000,3721.6000,3721.4000,3721.0000,3720.8000,3722.0000,3723.0000,3723.2000,3723.4000,3723.6000,3,1,1,5,1,1,3,1,2,2
SF,IF2005,2020-04-13 14:55:55.600,3722.0000,12692,1,7605577140.000,1,1,0,双开,B,3722.0000,3721.8000,3721.6000,3721.4000,3721.0000,3723.0000,3723.2000,3723.4000,3723.6000,3723.8000,2,3,2,1,5,2,1,2,2,1
SF,IF2005,2020-04-13 14:55:56.100,3722.0000,12692,0,7605577140.000,0,-,-,-,-,3722.0000,3721.8000,3721.6000,3721.4000,3721.0000,3722.6000,3723.0000,3723.4000,3723.6000,3723.8000,1,3,2,1,5,1,2,2,2,1
SF,IF2005,2020-04-13 14:55:56.600,3722.0000,12692,0,7605577140.000,0,-,-,-,-,3722.0000,3721.8000,3721.6000,3721.4000,3721.0000,3722.6000,3723.0000,3723.4000,3723.6000,3723.8000,2,2,2,1,5,1,2,2,2,1
SF,IF2005,2020-04-13 14:55:57.100,3722.0000,12693,1,7607810340.000,2,1,1,多开,B,3721.8000,3721.6000,3721.4000,3721.0000,3720.8000,3722.6000,3723.0000,3723.4000,3723.6000,3723.8000,2,2,1,5,1,1,2,2,2,1
SF,IF2005,2020-04-13 14:55:57.600,3722.0000,12693,0,7607810340.000,0,-,-,-,-,3721.8000,3721.6000,3721.4000,3721.0000,3720.8000,3722.6000,3723.0000,3723.4000,3723.6000,3723.8000,1,2,1,5,1,1,2,2,2,1
SF,IF2005,2020-04-13 14:55:58.600,3722.0000,12693,0,7607810340.000,0,-,-,-,-,3721.8000,3721.6000,3721.4000,3721.2000,3721.0000,3722.6000,3723.0000,3723.4000,3723.6000,3723.8000,1,2,1,1,5,1,2,2,2,1
SF,IF2005,2020-04-13 14:55:59.100,3722.0000,12693,0,7607810340.000,0,-,-,-,-,3721.8000,3721.6000,3721.4000,3721.2000,3721.0000,3722.6000,3723.0000,3723.4000,3723.6000,3723.8000,1,2,1,1,5,1,2,2,2,1
SF,IF2005,2020-04-13 14:55:59.600,3722.0000,12693,0,7607810340.000,0,-,-,-,-,3721.8000,3721.6000,3721.4000,3721.2000,3721.0000,3722.4000,3722.6000,3723.4000,3723.6000,3723.8000,1,2,1,1,5,3,1,1,2,1
SF,IF2005,2020-04-13 14:56:00.100,3722.0000,12693,0,7607810340.000,0,-,-,-,-,3721.8000,3721.6000,3721.2000,3721.0000,3720.8000,3722.4000,3722.6000,3723.4000,3723.6000,3723.8000,1,2,1,5,1,3,1,1,2,1
SF,IF2005,2020-04-13 14:56:01.100,3722.4000,12695,2,7610043780.000,2,2,0,双开,B,3721.8000,3721.6000,3721.2000,3721.0000,3720.8000,3722.4000,3722.6000,3723.4000,3723.6000,3723.8000,1,2,1,5,1,1,1,1,2,1
SF,IF2005,2020-04-13 14:56:01.600,3722.4000,12695,0,7611160500.000,1,0,1,空换,B,3721.8000,3721.6000,3721.2000,3721.0000,3720.8000,3722.6000,3723.4000,3723.6000,3723.8000,3724.8000,1,2,1,5,1,1,1,2,1,3
SF,IF2005,2020-04-13 14:56:02.100,3722.4000,12695,0,7611160500.000,0,-,-,-,-,3722.0000,3721.8000,3721.6000,3721.2000,3721.0000,3722.6000,3723.4000,3723.6000,3723.8000,3724.8000,4,1,3,1,5,1,1,2,1,3
SF,IF2005,2020-04-13 14:56:02.600,3723.4000,12697,2,7613394300.000,2,2,0,双开,B,3722.0000,3721.6000,3721.2000,3721.0000,3720.8000,3723.6000,3723.8000,3724.8000,3725.0000,3725.8000,2,2,1,5,1,2,1,3,2,4
SF,IF2005,2020-04-13 14:56:03.100,3722.2000,12698,1,7614510960.000,1,1,0,双开,B,3722.2000,3722.0000,3721.6000,3721.2000,3721.0000,3723.2000,3723.4000,3723.6000,3723.8000,3724.8000,1,2,1,1,5,1,4,2,1,3
SF,IF2005,2020-04-13 14:56:03.600,3722.2000,12698,0,7614510960.000,0,-,-,-,-,3722.2000,3722.0000,3721.6000,3721.0000,3720.8000,3723.0000,3723.2000,3723.4000,3723.6000,3723.8000,3,2,1,5,1,2,1,2,2,1
SF,IF2005,2020-04-13 14:56:04.100,3722.2000,12698,0,7614510960.000,0,-,-,-,-,3722.2000,3722.0000,3721.6000,3721.0000,3720.8000,3723.0000,3723.2000,3723.4000,3723.6000,3723.8000,2,2,1,5,1,2,1,2,2,1
SF,IF2005,2020-04-13 14:56:05.600,3722.2000,12698,0,7614510960.000,0,-,-,-,-,3722.2000,3722.0000,3721.6000,3721.0000,3720.8000,3723.0000,3723.2000,3723.4000,3723.6000,3723.8000,1,2,1,5,1,2,1,1,2,1
SF,IF2005,2020-04-13 14:56:06.100,3722.2000,12698,0,7614510960.000,0,-,-,-,-,3722.2000,3722.0000,3721.8000,3721.6000,3721.0000,3723.0000,3723.2000,3723.4000,3723.6000,3723.8000,1,2,1,1,5,2,1,1,2,1
SF,IF2005,2020-04-13 14:56:07.600,3722.2000,12698,0,7614510960.000,0,-,-,-,-,3722.2000,3722.0000,3721.8000,3721.6000,3721.0000,3723.0000,3723.2000,3723.4000,3723.6000,3723.8000,2,2,1,1,5,2,1,1,2,1
SF,IF2005,2020-04-13 14:56:09.600,3722.2000,12698,0,7614510960.000,0,-,-,-,-,3722.4000,3722.2000,3722.0000,3721.8000,3721.6000,3723.0000,3723.2000,3723.4000,3723.6000,3723.8000,1,2,2,1,1,2,1,1,2,1
SF,IF2005,2020-04-13 14:56:10.100,3722.2000,12698,0,7614510960.000,0,-,-,-,-,3722.4000,3722.2000,3722.0000,3721.8000,3721.6000,3723.0000,3723.4000,3723.6000,3723.8000,3724.8000,1,2,2,1,1,2,1,2,1,3
SF,IF2005,2020-04-13 14:56:10.600,3722.2000,12698,0,7614510960.000,0,-,-,-,-,3722.4000,3722.2000,3722.0000,3721.8000,3721.6000,3723.0000,3723.4000,3723.6000,3723.8000,3724.8000,1,2,2,1,1,2,1,2,1,3
SF,IF2005,2020-04-13 14:56:11.100,3722.2000,12698,0,7614510960.000,0,-,-,-,-,3722.4000,3722.2000,3722.0000,3721.8000,3721.6000,3723.0000,3723.6000,3723.8000,3724.8000,3725.0000,1,2,2,1,1,2,2,1,3,2
SF,IF2005,2020-04-13 14:56:11.600,3722.2000,12698,0,7614510960.000,0,-,-,-,-,3722.2000,3722.0000,3721.8000,3721.6000,3721.0000,3722.8000,3723.0000,3723.6000,3723.8000,3724.8000,2,2,1,1,5,1,2,2,1,3
SF,IF2005,2020-04-13 14:56:12.100,3722.2000,12698,0,7614510960.000,0,-,-,-,-,3722.2000,3722.0000,3721.8000,3721.6000,3721.0000,3722.8000,3723.0000,3723.6000,3723.8000,3724.8000,1,2,1,1,5,1,2,2,1,3
SF,IF2005,2020-04-13 14:56:13.100,3722.2000,12698,0,7614510960.000,0,-,-,-,-,3722.2000,3722.0000,3721.8000,3721.6000,3721.0000,3722.8000,3723.0000,3723.6000,3723.8000,3724.8000,1,2,1,2,5,1,2,2,1,3
SF,IF2005,2020-04-13 14:56:13.600,3722.8000,12699,1,7615627800.000,1,1,0,双开,B,3722.2000,3722.0000,3721.8000,3721.6000,3721.0000,3723.0000,3723.6000,3723.8000,3724.8000,3725.0000,1,2,1,2,5,2,2,1,3,2
SF,IF2005,2020-04-13 14:56:14.100,3722.8000,12699,0,7615627800.000,0,-,-,-,-,3722.2000,3722.0000,3721.8000,3721.6000,3721.0000,3722.8000,3723.0000,3723.6000,3723.8000,3724.8000,1,2,1,2,5,1,2,2,1,3
SF,IF2005,2020-04-13 14:56:16.100,3722.8000,12699,0,7615627800.000,0,-,-,-,-,3722.2000,3722.0000,3721.8000,3721.6000,3721.0000,3722.8000,3723.0000,3723.6000,3723.8000,3724.8000,1,2,1,2,5,1,2,2,1,3
SF,IF2005,2020-04-13 14:56:16.600,3722.8000,12699,0,7615627800.000,0,-,-,-,-,3722.4000,3722.2000,3722.0000,3721.8000,3721.6000,3722.8000,3723.0000,3723.6000,3723.8000,3724.8000,1,1,2,1,2,1,2,2,1,3
SF,IF2005,2020-04-13 14:56:18.100,3722.8000,12699,0,7615627800.000,0,-,-,-,-,3722.4000,3722.2000,3722.0000,3721.8000,3721.6000,3722.8000,3723.0000,3723.8000,3724.8000,3725.0000,1,1,2,1,2,1,2,1,3,2
SF,IF2005,2020-04-13 14:56:18.600,3722.8000,12700,1,7616744640.000,1,1,0,双开,B,3722.8000,3722.2000,3722.0000,3721.8000,3721.6000,3723.0000,3723.8000,3724.8000,3725.0000,3725.8000,4,1,2,1,2,2,1,3,2,4
SF,IF2005,2020-04-13 14:56:19.100,3722.8000,12700,0,7616744640.000,0,-,-,-,-,3722.8000,3722.2000,3722.0000,3721.8000,3721.6000,3723.0000,3723.8000,3724.8000,3725.0000,3725.8000,4,1,2,1,2,2,1,3,2,4
SF,IF2005,2020-04-13 14:56:21.600,3722.8000,12701,1,7617861480.000,1,1,0,双开,B,3722.8000,3722.2000,3722.0000,3721.6000,3721.2000,3723.0000,3723.8000,3724.8000,3725.0000,3725.8000,3,1,2,2,1,3,1,3,2,4
SF,IF2005,2020-04-13 14:56:22.600,3722.8000,12701,0,7617861480.000,0,-,-,-,-,3722.8000,3722.2000,3722.0000,3721.6000,3721.2000,3723.0000,3723.2000,3723.8000,3724.8000,3725.0000,3,1,2,2,1,3,1,1,3,2
SF,IF2005,2020-04-13 14:56:23.100,3722.2000,12705,4,7622328660.000,4,4,0,双开,B,3722.0000,3721.6000,3721.2000,3721.0000,3720.8000,3722.8000,3723.0000,3723.2000,3723.8000,3724.8000,2,2,1,5,1,1,2,1,1,3
SF,IF2005,2020-04-13 14:56:23.600,3722.2000,12705,0,7622328660.000,0,-,-,-,-,3722.2000,3722.0000,3721.6000,3721.2000,3721.0000,3722.8000,3723.0000,3723.2000,3723.8000,3724.8000,1,2,2,1,5,1,2,1,1,3
SF,IF2005,2020-04-13 14:56:24.100,3722.2000,12705,0,7622328660.000,0,-,-,-,-,3722.2000,3722.0000,3721.6000,3721.2000,3721.0000,3723.0000,3723.2000,3723.8000,3724.8000,3725.0000,1,2,1,1,5,2,1,1,3,2
SF,IF2005,2020-04-13 14:56:24.600,3722.2000,12705,0,7622328660.000,0,-,-,-,-,3722.2000,3722.0000,3721.6000,3721.2000,3721.0000,3723.0000,3723.2000,3723.8000,3724.8000,3725.0000,2,2,1,1,5,2,1,1,3,2
SF,IF2005,2020-04-13 14:56:26.100,3722.2000,12705,0,7622328660.000,0,-,-,-,-,3722.2000,3722.0000,3721.6000,3721.2000,3721.0000,3723.0000,3723.2000,3723.8000,3724.8000,3725.0000,1,2,1,1,5,2,1,1,3,2
SF,IF2005,2020-04-13 14:56:27.100,3722.2000,12705,0,7622328660.000,0,-,-,-,-,3722.2000,3722.0000,3721.6000,3721.2000,3721.0000,3723.0000,3723.2000,3723.8000,3724.8000,3725.0000,1,2,1,1,5,2,1,1,2,2
SF,IF2005,2020-04-13 14:56:27.600,3722.2000,12705,0,7622328660.000,0,-,-,-,-,3722.2000,3722.0000,3721.6000,3721.2000,3721.0000,3723.0000,3723.2000,3723.8000,3724.8000,3725.0000,2,2,1,1,5,2,1,1,2,2
SF,IF2005,2020-04-13 14:56:28.100,3722.2000,12705,0,7622328660.000,0,-,-,-,-,3722.2000,3722.0000,3721.6000,3721.2000,3721.0000,3723.0000,3723.2000,3723.8000,3724.8000,3725.0000,2,2,1,1,5,2,1,1,2,2
SF,IF2005,2020-04-13 14:56:29.100,3722.2000,12705,0,7622328660.000,0,-,-,-,-,3722.2000,3722.0000,3721.8000,3721.6000,3721.2000,3723.0000,3723.2000,3723.8000,3724.8000,3725.0000,2,2,4,1,1,2,1,1,2,2
SF,IF2005,2020-04-13 14:56:29.600,3722.2000,12705,0,7622328660.000,0,-,-,-,-,3722.2000,3722.0000,3721.8000,3721.6000,3721.2000,3723.0000,3723.2000,3723.8000,3724.8000,3725.0000,2,2,4,1,1,2,1,1,2,2
SF,IF2005,2020-04-13 14:56:30.600,3722.2000,12705,0,7622328660.000,0,-,-,-,-,3722.2000,3722.0000,3721.6000,3721.4000,3721.2000,3723.0000,3723.2000,3723.8000,3724.8000,3725.0000,2,2,1,4,1,2,1,1,2,2
SF,IF2005,2020-04-13 14:56:32.100,3722.2000,12705,0,7622328660.000,0,-,-,-,-,3722.2000,3722.0000,3721.6000,3721.2000,3721.0000,3723.0000,3723.2000,3723.8000,3724.8000,3725.0000,2,2,1,1,5,2,1,1,2,2
SF,IF2005,2020-04-13 14:56:32.600,3722.2000,12705,0,7622328660.000,0,-,-,-,-,3722.2000,3722.0000,3721.6000,3721.2000,3721.0000,3723.2000,3723.8000,3724.8000,3725.0000,3725.8000,2,2,1,1,5,1,1,2,2,4
SF,IF2005,2020-04-13 14:56:33.100,3722.2000,12705,0,7622328660.000,0,-,-,-,-,3722.4000,3722.2000,3721.6000,3721.2000,3721.0000,3723.2000,3723.8000,3724.8000,3725.0000,3725.8000,2,2,1,1,5,1,1,2,2,4
SF,IF2005,2020-04-13 14:56:33.600,3722.2000,12705,0,7622328660.000,0,-,-,-,-,3722.4000,3722.2000,3721.6000,3721.2000,3721.0000,3723.0000,3723.2000,3723.8000,3724.8000,3725.0000,1,1,1,1,5,2,1,1,2,2
SF,IF2005,2020-04-13 14:56:34.600,3722.2000,12705,0,7622328660.000,0,-,-,-,-,3722.2000,3721.6000,3721.2000,3721.0000,3720.8000,3723.0000,3723.2000,3723.8000,3724.8000,3725.0000,1,1,1,5,5,2,1,1,2,2
SF,IF2005,2020-04-13 14:56:35.600,3722.2000,12705,0,7622328660.000,0,-,-,-,-,3722.2000,3721.6000,3721.2000,3721.0000,3720.8000,3722.8000,3723.0000,3723.2000,3723.8000,3724.8000,1,1,1,5,5,1,2,1,1,2
SF,IF2005,2020-04-13 14:56:36.100,3722.2000,12705,0,7622328660.000,0,-,-,-,-,3722.2000,3721.6000,3721.2000,3721.0000,3720.8000,3722.8000,3723.0000,3723.2000,3723.8000,3724.8000,1,1,1,5,5,1,2,1,1,2
SF,IF2005,2020-04-13 14:56:36.600,3722.2000,12705,0,7622328660.000,0,-,-,-,-,3722.2000,3721.6000,3721.2000,3721.0000,3720.8000,3722.8000,3723.0000,3723.2000,3723.8000,3724.8000,1,1,1,5,5,1,2,1,1,2
SF,IF2005,2020-04-13 14:56:37.600,3722.2000,12705,0,7622328660.000,0,-,-,-,-,3722.2000,3721.6000,3721.2000,3721.0000,3720.8000,3722.8000,3723.0000,3723.2000,3723.8000,3724.8000,1,1,1,5,5,1,2,1,1,2
SF,IF2005,2020-04-13 14:56:40.600,3722.2000,12705,0,7622328660.000,0,-,-,-,-,3721.6000,3721.2000,3721.0000,3720.8000,3720.4000,3722.8000,3723.0000,3723.2000,3723.8000,3724.8000,1,1,5,5,2,1,2,1,1,2
SF,IF2005,2020-04-13 14:56:41.100,3722.2000,12705,0,7622328660.000,0,-,-,-,-,3721.8000,3721.6000,3721.2000,3721.0000,3720.8000,3722.6000,3722.8000,3723.2000,3723.8000,3724.8000,3,1,1,5,5,2,1,1,1,2
SF,IF2005,2020-04-13 14:56:42.600,3722.2000,12705,0,7622328660.000,0,-,-,-,-,3721.8000,3721.6000,3721.2000,3721.0000,3720.8000,3722.6000,3722.8000,3723.2000,3723.8000,3724.8000,3,1,1,5,5,2,2,1,1,2
SF,IF2005,2020-04-13 14:56:43.100,3722.2000,12705,0,7622328660.000,0,-,-,-,-,3721.8000,3721.6000,3721.2000,3721.0000,3720.8000,3722.6000,3722.8000,3723.2000,3723.8000,3724.8000,3,1,1,5,5,2,2,1,1,2
SF,IF2005,2020-04-13 14:56:43.600,3722.8000,12708,3,7626795900.000,4,3,1,多开,B,3722.8000,3722.6000,3721.8000,3721.6000,3721.2000,3723.2000,3723.8000,3724.8000,3725.0000,3725.8000,1,1,4,1,1,1,1,2,2,3
SF,IF2005,2020-04-13 14:56:44.100,3722.8000,12708,0,7626795900.000,0,-,-,-,-,3722.8000,3722.6000,3721.8000,3721.6000,3721.2000,3723.2000,3723.8000,3724.8000,3725.0000,3725.8000,1,1,3,1,1,1,1,2,2,3
SF,IF2005,2020-04-13 14:56:44.600,3722.8000,12709,1,7627912740.000,1,1,0,双开,B,3722.6000,3722.0000,3721.8000,3721.6000,3721.2000,3723.0000,3723.2000,3723.8000,3724.8000,3725.0000,1,1,3,1,1,1,1,1,2,2
SF,IF2005,2020-04-13 14:56:45.100,3722.8000,12709,0,7627912740.000,0,-,-,-,-,3722.6000,3722.0000,3721.8000,3721.6000,3721.2000,3723.0000,3723.2000,3723.8000,3724.8000,3725.0000,1,1,3,1,1,1,1,1,2,2
SF,IF2005,2020-04-13 14:56:46.100,3722.8000,12709,0,7627912740.000,0,-,-,-,-,3722.6000,3722.4000,3722.0000,3721.8000,3721.6000,3723.0000,3723.2000,3723.8000,3724.8000,3725.0000,2,2,1,3,1,1,1,1,2,2
SF,IF2005,2020-04-13 14:56:46.600,3722.8000,12709,0,7627912740.000,0,-,-,-,-,3722.6000,3722.4000,3722.0000,3721.8000,3721.6000,3722.8000,3723.2000,3723.8000,3724.8000,3725.0000,2,2,1,3,1,2,1,1,2,2
SF,IF2005,2020-04-13 14:56:47.100,3722.8000,12709,0,7627912740.000,0,-,-,-,-,3722.6000,3722.4000,3722.0000,3721.8000,3721.6000,3722.8000,3723.2000,3723.8000,3724.8000,3725.0000,2,2,2,3,1,2,1,1,2,2
SF,IF2005,2020-04-13 14:56:48.600,3722.8000,12709,0,7627912740.000,0,-,-,-,-,3722.6000,3722.4000,3722.0000,3721.8000,3721.6000,3722.8000,3723.2000,3723.8000,3724.8000,3725.0000,2,2,2,3,1,1,1,1,2,2
SF,IF2005,2020-04-13 14:56:49.100,3722.8000,12709,0,7627912740.000,0,-,-,-,-,3722.6000,3722.4000,3722.0000,3721.8000,3721.6000,3722.8000,3723.2000,3723.8000,3724.8000,3725.0000,3,2,1,3,1,1,1,1,2,2
SF,IF2005,2020-04-13 14:56:49.600,3722.8000,12710,1,7629029580.000,1,1,0,双开,B,3722.6000,3722.4000,3722.0000,3721.8000,3721.6000,3723.2000,3723.8000,3724.8000,3725.0000,3725.8000,3,2,1,3,1,1,1,2,2,3
SF,IF2005,2020-04-13 14:56:50.100,3722.8000,12710,0,7630146420.000,1,0,1,空换,B,3722.6000,3722.4000,3722.0000,3721.8000,3721.6000,3723.2000,3723.6000,3723.8000,3724.8000,3725.0000,3,2,1,3,1,1,1,1,2,2
SF,IF2005,2020-04-13 14:56:51.600,3722.8000,12710,0,7630146420.000,0,-,-,-,-,3722.6000,3722.4000,3722.0000,3721.8000,3721.6000,3723.2000,3723.6000,3723.8000,3724.8000,3725.0000,3,2,1,3,1,2,1,1,2,2
SF,IF2005,2020-04-13 14:56:52.100,3722.8000,12710,0,7630146420.000,0,-,-,-,-,3722.6000,3722.4000,3721.8000,3721.6000,3721.2000,3723.2000,3723.6000,3723.8000,3724.8000,3725.0000,3,2,3,1,1,2,1,1,2,2
SF,IF2005,2020-04-13 14:56:52.600,3722.8000,12710,0,7630146420.000,0,-,-,-,-,3722.6000,3722.4000,3721.8000,3721.6000,3721.2000,3722.8000,3723.2000,3723.6000,3723.8000,3724.8000,3,2,3,1,1,1,2,1,1,2
SF,IF2005,2020-04-13 14:56:54.100,3722.8000,12710,0,7630146420.000,0,-,-,-,-,3722.6000,3722.4000,3721.8000,3721.6000,3721.2000,3722.8000,3723.2000,3723.6000,3723.8000,3724.8000,3,2,3,1,1,1,2,1,1,2
SF,IF2005,2020-04-13 14:56:54.600,3722.6000,12713,3,7633496760.000,3,3,0,双开,B,3722.4000,3721.8000,3721.6000,3721.2000,3721.0000,3722.6000,3723.2000,3723.6000,3723.8000,3724.8000,2,2,1,1,4,1,2,1,1,2
SF,IF2005,2020-04-13 14:56:56.100,3722.6000,12713,0,7633496760.000,0,-,-,-,-,3722.4000,3721.8000,3721.6000,3721.2000,3721.0000,3722.6000,3723.2000,3723.6000,3723.8000,3724.8000,2,3,1,1,4,1,2,1,1,2
SF,IF2005,2020-04-13 14:56:56.600,3722.6000,12713,0,7634613540.000,1,0,1,空换,B,3722.4000,3721.8000,3721.6000,3721.2000,3721.0000,3723.2000,3723.6000,3723.8000,3724.8000,3725.0000,3,3,1,1,4,2,1,1,2,2
SF,IF2005,2020-04-13 14:56:57.100,3722.6000,12713,0,7634613540.000,0,-,-,-,-,3722.6000,3722.4000,3721.8000,3721.6000,3721.2000,3723.2000,3723.6000,3723.8000,3724.8000,3725.0000,2,3,1,1,1,2,1,1,2,2
SF,IF2005,2020-04-13 14:56:57.600,3722.6000,12713,0,7634613540.000,0,-,-,-,-,3722.6000,3722.4000,3721.8000,3721.6000,3721.2000,3723.2000,3723.6000,3723.8000,3724.8000,3725.0000,2,3,1,1,1,2,1,1,2,2
SF,IF2005,2020-04-13 14:56:58.600,3722.6000,12713,0,7634613540.000,0,-,-,-,-,3722.6000,3722.4000,3722.0000,3721.8000,3721.6000,3723.2000,3723.6000,3723.8000,3724.8000,3725.0000,2,3,1,1,1,2,1,1,2,2
SF,IF2005,2020-04-13 14:56:59.100,3722.6000,12713,0,7634613540.000,0,-,-,-,-,3722.6000,3722.4000,3722.0000,3721.8000,3721.6000,3723.2000,3723.6000,3723.8000,3724.8000,3725.0000,1,3,1,1,1,2,1,1,2,2
SF,IF2005,2020-04-13 14:56:59.600,3722.6000,12713,0,7634613540.000,0,-,-,-,-,3722.6000,3722.4000,3722.0000,3721.8000,3721.6000,3723.2000,3723.6000,3723.8000,3724.8000,3725.0000,2,3,1,1,1,2,1,1,2,2
SF,IF2005,2020-04-13 14:57:00.100,3722.6000,12713,0,7635730320.000,1,0,1,空换,B,3722.6000,3722.4000,3722.0000,3721.8000,3721.6000,3723.2000,3723.6000,3723.8000,3724.8000,3725.0000,1,3,1,1,1,2,1,1,2,2
SF,IF2005,2020-04-13 14:57:00.600,3722.6000,12713,0,7635730320.000,0,-,-,-,-,3722.8000,3722.6000,3722.4000,3722.0000,3721.8000,3723.2000,3723.6000,3723.8000,3724.8000,3725.0000,2,1,3,1,1,2,1,1,2,2
SF,IF2005,2020-04-13 14:57:01.100,3723.0000,12715,2,7637964120.000,2,2,0,双开,B,3722.8000,3722.6000,3722.4000,3722.0000,3721.6000,3723.2000,3723.6000,3723.8000,3724.8000,3725.0000,2,1,3,1,1,2,1,1,2,2
SF,IF2005,2020-04-13 14:57:01.600,3723.0000,12715,0,7637964120.000,0,-,-,-,-,3722.6000,3722.4000,3722.0000,3721.6000,3721.2000,3723.2000,3723.6000,3723.8000,3724.8000,3725.0000,1,3,1,1,1,2,1,1,2,2
SF,IF2005,2020-04-13 14:57:07.100,3723.0000,12715,0,7637964120.000,0,-,-,-,-,3722.6000,3722.4000,3722.0000,3721.6000,3721.2000,3723.2000,3723.6000,3723.8000,3724.8000,3725.0000,1,2,1,1,1,2,1,1,2,2
SF,IF2005,2020-04-13 14:57:07.600,3723.0000,12715,0,7637964120.000,0,-,-,-,-,3722.6000,3722.4000,3722.0000,3721.6000,3721.2000,3723.2000,3723.6000,3723.8000,3724.8000,3725.0000,2,2,1,1,1,2,1,1,2,2
SF,IF2005,2020-04-13 14:57:08.100,3723.0000,12715,0,7637964120.000,0,-,-,-,-,3722.6000,3722.4000,3722.0000,3721.6000,3721.2000,3723.2000,3723.6000,3723.8000,3724.8000,3725.0000,2,2,1,1,1,2,1,1,2,2
SF,IF2005,2020-04-13 14:57:08.600,3723.0000,12715,0,7637964120.000,0,-,-,-,-,3722.6000,3722.4000,3722.0000,3721.6000,3721.2000,3723.2000,3723.6000,3723.8000,3724.8000,3725.0000,2,2,1,1,1,2,1,1,1,2
SF,IF2005,2020-04-13 14:57:09.100,3723.0000,12715,0,7637964120.000,0,-,-,-,-,3722.6000,3722.4000,3722.0000,3721.6000,3721.2000,3723.2000,3723.6000,3723.8000,3724.8000,3725.0000,2,2,1,1,1,2,1,1,1,2
SF,IF2005,2020-04-13 14:57:09.600,3723.2000,12717,2,7640198040.000,2,2,0,双开,B,3723.2000,3722.6000,3722.4000,3722.0000,3721.6000,3723.6000,3723.8000,3724.8000,3725.0000,3725.8000,3,2,2,1,1,1,1,1,2,3
SF,IF2005,2020-04-13 14:57:12.600,3723.2000,12717,0,7640198040.000,0,-,-,-,-,3723.2000,3722.6000,3722.4000,3722.0000,3721.6000,3723.6000,3723.8000,3724.8000,3725.0000,3725.8000,3,2,2,1,1,2,1,1,2,3
SF,IF2005,2020-04-13 14:57:13.600,3723.2000,12717,0,7640198040.000,0,-,-,-,-,3723.2000,3722.6000,3722.4000,3722.0000,3721.6000,3723.6000,3723.8000,3724.8000,3725.0000,3725.8000,3,1,2,1,1,2,1,1,2,3
SF,IF2005,2020-04-13 14:57:14.600,3723.2000,12717,0,7640198040.000,0,-,-,-,-,3723.2000,3722.6000,3722.4000,3722.0000,3721.6000,3723.4000,3723.6000,3723.8000,3724.8000,3725.0000,3,1,2,1,1,1,1,1,1,2
SF,IF2005,2020-04-13 14:57:15.100,3723.2000,12718,1,7641315000.000,1,1,0,双开,B,3723.2000,3722.6000,3722.0000,3721.6000,3721.2000,3723.4000,3723.6000,3723.8000,3724.8000,3725.0000,2,1,1,1,1,1,1,1,1,2
SF,IF2005,2020-04-13 14:57:15.600,3723.2000,12718,0,7641315000.000,0,-,-,-,-,3723.2000,3722.0000,3721.6000,3721.2000,3721.0000,3723.4000,3723.6000,3723.8000,3724.8000,3725.0000,2,1,1,1,4,1,1,1,1,2
SF,IF2005,2020-04-13 14:57:16.600,3723.2000,12719,1,7642431960.000,1,1,0,双开,B,3723.2000,3722.0000,3721.2000,3721.0000,3720.8000,3723.4000,3723.6000,3723.8000,3724.8000,3725.0000,1,1,1,4,1,1,1,1,1,2
SF,IF2005,2020-04-13 14:57:17.100,3723.2000,12719,0,7642431960.000,0,-,-,-,-,3723.2000,3722.0000,3721.2000,3721.0000,3720.8000,3723.4000,3723.6000,3723.8000,3724.8000,3725.0000,2,1,1,4,1,1,1,1,1,2
SF,IF2005,2020-04-13 14:57:18.100,3723.2000,12720,1,7643548920.000,1,1,0,双开,B,3723.2000,3722.0000,3721.2000,3721.0000,3720.8000,3723.4000,3723.6000,3723.8000,3724.8000,3725.0000,1,1,1,4,1,1,1,1,1,2
SF,IF2005,2020-04-13 14:57:19.600,3723.2000,12721,1,7644665880.000,1,1,0,双开,B,3722.0000,3721.2000,3721.0000,3720.8000,3720.4000,3723.4000,3723.6000,3723.8000,3724.8000,3725.0000,1,1,4,1,1,1,1,1,1,2
SF,IF2005,2020-04-13 14:57:20.100,3723.2000,12721,0,7644665880.000,0,-,-,-,-,3722.4000,3722.2000,3722.0000,3721.2000,3721.0000,3723.4000,3723.6000,3723.8000,3724.8000,3725.0000,1,3,1,1,4,1,1,1,1,2
SF,IF2005,2020-04-13 14:57:20.600,3723.2000,12721,0,7644665880.000,0,-,-,-,-,3722.6000,3722.4000,3722.2000,3722.0000,3721.2000,3723.4000,3723.6000,3723.8000,3724.8000,3725.0000,2,1,1,2,1,1,1,1,1,2
SF,IF2005,2020-04-13 14:57:21.100,3723.2000,12721,0,7644665880.000,0,-,-,-,-,3722.6000,3722.4000,3722.0000,3721.2000,3721.0000,3723.4000,3723.6000,3723.8000,3724.8000,3725.0000,2,1,1,1,4,1,1,1,1,2
SF,IF2005,2020-04-13 14:57:23.100,3723.2000,12721,0,7644665880.000,0,-,-,-,-,3722.6000,3722.4000,3722.0000,3721.2000,3721.0000,3723.4000,3723.6000,3723.8000,3724.8000,3725.0000,2,1,2,1,4,1,1,1,1,2
SF,IF2005,2020-04-13 14:57:23.600,3723.2000,12721,0,7644665880.000,0,-,-,-,-,3722.6000,3722.4000,3722.0000,3721.2000,3721.0000,3723.2000,3723.6000,3723.8000,3724.8000,3725.0000,2,1,2,1,4,11,1,1,1,2
SF,IF2005,2020-04-13 14:57:24.100,3723.2000,12721,0,7644665880.000,0,-,-,-,-,3722.6000,3722.4000,3722.0000,3721.2000,3721.0000,3723.2000,3723.6000,3723.8000,3724.8000,3725.0000,2,1,2,1,4,20,1,1,1,2
SF,IF2005,2020-04-13 14:57:24.600,3723.2000,12721,0,7644665880.000,0,-,-,-,-,3722.6000,3722.4000,3722.0000,3721.2000,3721.0000,3723.2000,3723.6000,3723.8000,3724.8000,3725.0000,2,1,2,1,4,19,1,1,1,2
SF,IF2005,2020-04-13 14:57:26.100,3723.2000,12721,0,7644665880.000,0,-,-,-,-,3722.6000,3722.4000,3722.0000,3721.2000,3721.0000,3723.2000,3723.6000,3723.8000,3724.8000,3725.0000,2,1,2,1,4,19,1,1,1,2
SF,IF2005,2020-04-13 14:57:27.100,3723.2000,12721,0,7644665880.000,0,-,-,-,-,3722.6000,3722.4000,3722.0000,3721.2000,3721.0000,3723.2000,3723.6000,3723.8000,3724.8000,3725.0000,2,1,2,1,5,19,1,1,1,2
SF,IF2005,2020-04-13 14:57:29.600,3723.2000,12721,0,7644665880.000,0,-,-,-,-,3722.6000,3722.4000,3722.0000,3721.2000,3721.0000,3723.0000,3723.2000,3723.6000,3723.8000,3724.8000,2,1,2,1,5,1,19,1,1,1
SF,IF2005,2020-04-13 14:57:31.100,3723.2000,12721,0,7644665880.000,0,-,-,-,-,3722.6000,3722.4000,3722.0000,3721.2000,3721.0000,3723.0000,3723.2000,3723.6000,3723.8000,3724.8000,2,1,2,1,5,1,14,1,1,1
SF,IF2005,2020-04-13 14:57:31.600,3723.0000,12722,1,7645782780.000,1,1,0,双开,B,3722.6000,3722.4000,3722.0000,3721.2000,3721.0000,3723.2000,3723.6000,3723.8000,3724.8000,3725.0000,2,1,2,1,5,14,1,1,1,2
SF,IF2005,2020-04-13 14:57:32.100,3723.0000,12722,0,7645782780.000,0,-,-,-,-,3722.6000,3722.4000,3722.0000,3721.2000,3721.0000,3723.2000,3723.6000,3723.8000,3724.8000,3725.0000,3,1,2,1,5,14,1,1,1,2
SF,IF2005,2020-04-13 14:57:32.600,3723.2000,12723,1,7646899740.000,1,1,0,双开,B,3722.6000,3722.4000,3722.0000,3721.2000,3721.0000,3723.2000,3723.6000,3723.8000,3724.8000,3725.0000,3,1,2,1,5,13,1,1,1,2
SF,IF2005,2020-04-13 14:57:33.600,3723.2000,12723,0,7646899740.000,0,-,-,-,-,3722.6000,3722.4000,3722.0000,3721.2000,3721.0000,3723.2000,3723.6000,3723.8000,3724.8000,3725.0000,3,1,2,1,5,9,1,1,1,2
SF,IF2005,2020-04-13 14:57:35.600,3723.2000,12723,0,7646899740.000,0,-,-,-,-,3722.8000,3722.6000,3722.4000,3722.0000,3721.2000,3723.2000,3723.6000,3723.8000,3724.8000,3725.0000,1,2,1,2,1,14,1,1,1,2
SF,IF2005,2020-04-13 14:57:36.600,3723.2000,12723,0,7646899740.000,0,-,-,-,-,3722.8000,3722.6000,3722.4000,3722.0000,3721.2000,3723.2000,3723.6000,3723.8000,3724.8000,3725.0000,1,2,1,2,1,14,1,1,1,5
SF,IF2005,2020-04-13 14:57:37.600,3723.2000,12723,0,7646899740.000,0,-,-,-,-,3722.8000,3722.6000,3722.4000,3722.0000,3721.2000,3723.0000,3723.2000,3723.6000,3723.8000,3724.8000,1,2,1,2,1,1,14,1,1,1
SF,IF2005,2020-04-13 14:57:38.100,3722.8000,12724,1,7648016580.000,1,1,0,双开,B,3722.6000,3722.4000,3722.0000,3721.2000,3721.0000,3723.0000,3723.2000,3723.6000,3723.8000,3724.8000,2,1,2,1,5,1,14,1,1,1
SF,IF2005,2020-04-13 14:57:40.100,3722.8000,12724,0,7648016580.000,0,-,-,-,-,3722.6000,3722.4000,3722.0000,3721.2000,3721.0000,3723.0000,3723.2000,3723.6000,3723.8000,3724.8000,2,1,2,1,5,1,15,1,1,1
SF,IF2005,2020-04-13 14:57:40.600,3722.8000,12724,0,7648016580.000,0,-,-,-,-,3722.6000,3722.4000,3722.0000,3721.2000,3721.0000,3723.0000,3723.2000,3723.6000,3723.8000,3724.8000,3,1,2,1,5,1,15,1,1,1
SF,IF2005,2020-04-13 14:57:41.600,3722.8000,12724,0,7648016580.000,0,-,-,-,-,3722.6000,3722.4000,3722.0000,3721.2000,3721.0000,3723.0000,3723.2000,3723.6000,3723.8000,3724.8000,3,1,2,1,6,1,15,1,1,1
SF,IF2005,2020-04-13 14:57:42.600,3723.2000,12727,3,7651367400.000,3,3,0,双开,B,3722.6000,3722.4000,3722.0000,3721.2000,3721.0000,3723.2000,3723.6000,3723.8000,3724.8000,3725.0000,3,1,2,1,6,13,1,1,1,5
SF,IF2005,2020-04-13 14:57:43.100,3723.2000,12727,0,7651367400.000,0,-,-,-,-,3722.8000,3722.6000,3722.4000,3722.0000,3721.2000,3723.2000,3723.6000,3723.8000,3724.8000,3725.0000,1,3,1,2,1,13,1,1,1,5
SF,IF2005,2020-04-13 14:57:45.100,3723.2000,12727,0,7651367400.000,0,-,-,-,-,3722.8000,3722.6000,3722.4000,3722.0000,3721.2000,3723.2000,3723.6000,3723.8000,3724.8000,3725.0000,1,3,1,5,1,13,1,1,1,5
SF,IF2005,2020-04-13 14:57:47.100,3723.2000,12727,0,7651367400.000,0,-,-,-,-,3722.8000,3722.6000,3722.4000,3722.0000,3721.2000,3723.2000,3723.6000,3723.8000,3724.8000,3725.0000,2,3,1,5,1,13,1,1,1,5
SF,IF2005,2020-04-13 14:57:47.600,3723.2000,12727,0,7652484360.000,1,0,1,空换,B,3722.8000,3722.6000,3722.4000,3722.0000,3721.2000,3723.2000,3723.6000,3723.8000,3724.8000,3725.0000,2,3,1,5,1,12,1,1,1,5
SF,IF2005,2020-04-13 14:57:53.600,3723.2000,12732,5,7658069160.000,5,5,0,双开,B,3722.8000,3722.6000,3722.4000,3722.0000,3721.2000,3723.2000,3723.6000,3723.8000,3724.8000,3725.0000,2,3,1,5,1,7,1,1,1,5
SF,IF2005,2020-04-13 14:57:57.600,3723.2000,12732,0,7658069160.000,0,-,-,-,-,3722.8000,3722.6000,3722.4000,3722.0000,3721.2000,3723.2000,3723.6000,3723.8000,3724.8000,3725.0000,2,3,1,5,1,7,1,1,1,5
SF,IF2005,2020-04-13 14:57:59.600,3723.2000,12732,0,7658069160.000,0,-,-,-,-,3722.8000,3722.6000,3722.4000,3722.0000,3721.2000,3723.2000,3723.6000,3723.8000,3724.8000,3725.0000,2,4,1,5,1,7,1,1,1,5
SF,IF2005,2020-04-13 14:58:00.100,3723.2000,12732,0,7658069160.000,0,-,-,-,-,3723.0000,3722.8000,3722.6000,3722.4000,3722.0000,3723.2000,3723.6000,3723.8000,3724.8000,3725.0000,1,1,4,1,5,7,1,1,1,5
SF,IF2005,2020-04-13 14:58:00.600,3723.0000,12733,1,7659186060.000,1,1,0,双开,B,3722.8000,3722.6000,3722.4000,3722.0000,3721.2000,3723.2000,3723.6000,3723.8000,3724.8000,3725.0000,1,4,1,5,1,7,1,1,1,5
SF,IF2005,2020-04-13 14:58:01.100,3723.0000,12733,0,7659186060.000,0,-,-,-,-,3722.8000,3722.6000,3722.4000,3722.0000,3721.2000,3723.2000,3723.6000,3723.8000,3724.8000,3725.0000,1,4,1,5,1,7,1,1,1,5
SF,IF2005,2020-04-13 14:58:01.600,3723.0000,12735,2,7661419920.000,2,2,0,双开,B,3722.8000,3722.6000,3722.4000,3722.0000,3721.2000,3723.2000,3723.6000,3723.8000,3724.8000,3725.0000,1,4,1,5,1,6,1,1,1,5
SF,IF2005,2020-04-13 14:58:02.100,3723.2000,12737,2,7663653840.000,2,2,0,双开,B,3722.8000,3722.6000,3722.4000,3722.0000,3721.2000,3723.2000,3723.6000,3723.8000,3724.8000,3725.0000,1,4,1,5,1,4,1,1,1,5
SF,IF2005,2020-04-13 14:58:02.600,3722.8000,12737,0,7664770680.000,1,0,1,空换,B,3722.6000,3722.4000,3722.0000,3721.2000,3721.0000,3722.8000,3723.2000,3723.6000,3723.8000,3724.8000,4,1,5,1,5,9,5,1,1,1
SF,IF2005,2020-04-13 14:58:03.100,3722.8000,12745,8,7674822240.000,9,8,1,多开,B,3722.8000,3722.6000,3722.0000,3721.2000,3721.0000,3723.2000,3723.6000,3723.8000,3724.8000,3725.0000,1,4,5,1,5,5,1,1,1,5
SF,IF2005,2020-04-13 14:58:03.600,3722.8000,12745,0,7674822240.000,0,-,-,-,-,3722.8000,3722.6000,3722.0000,3721.2000,3721.0000,3723.2000,3723.6000,3723.8000,3724.8000,3725.0000,1,4,5,1,5,5,1,1,1,5
SF,IF2005,2020-04-13 14:58:04.600,3722.8000,12745,0,7674822240.000,0,-,-,-,-,3722.8000,3722.6000,3722.0000,3721.6000,3721.2000,3723.2000,3723.6000,3723.8000,3724.8000,3725.0000,1,4,5,2,1,5,1,1,1,5
SF,IF2005,2020-04-13 14:58:05.100,3723.2000,12747,2,7677056160.000,2,2,0,双开,B,3722.8000,3722.6000,3722.0000,3721.6000,3721.2000,3723.2000,3723.6000,3723.8000,3724.8000,3725.0000,2,4,5,3,1,3,1,1,1,5
SF,IF2005,2020-04-13 14:58:05.600,3723.2000,12748,1,7678173120.000,1,1,0,双开,B,3722.8000,3722.6000,3722.0000,3721.6000,3721.2000,3723.2000,3723.6000,3723.8000,3724.8000,3725.0000,2,4,5,3,1,2,1,1,1,5
SF,IF2005,2020-04-13 14:58:06.600,3723.2000,12748,0,7679290080.000,1,0,1,空换,B,3722.8000,3722.6000,3722.4000,3722.0000,3721.6000,3723.2000,3723.6000,3723.8000,3724.8000,3725.0000,2,4,1,5,3,1,1,1,1,5
SF,IF2005,2020-04-13 14:58:07.100,3723.2000,12748,0,7679290080.000,0,-,-,-,-,3722.8000,3722.6000,3722.4000,3722.0000,3721.6000,3723.2000,3723.6000,3723.8000,3724.8000,3725.0000,2,4,1,5,3,1,1,1,1,5
SF,IF2005,2020-04-13 14:58:08.100,3723.2000,12749,1,7680407040.000,1,1,0,双开,B,3722.8000,3722.6000,3722.4000,3722.0000,3721.6000,3723.6000,3723.8000,3724.8000,3725.0000,3725.8000,2,4,1,5,3,1,1,1,5,3
SF,IF2005,2020-04-13 14:58:09.100,3723.2000,12749,0,7680407040.000,0,-,-,-,-,3723.0000,3722.8000,3722.6000,3722.4000,3722.0000,3723.6000,3723.8000,3724.8000,3725.0000,3725.8000,2,2,4,1,5,1,1,1,5,3
SF,IF2005,2020-04-13 14:58:09.600,3723.2000,12749,0,7680407040.000,0,-,-,-,-,3723.0000,3722.8000,3722.6000,3722.4000,3722.0000,3723.6000,3723.8000,3724.8000,3725.0000,3725.8000,2,1,4,1,5,1,1,1,5,3
SF,IF2005,2020-04-13 14:58:10.100,3723.2000,12749,0,7680407040.000,0,-,-,-,-,3723.0000,3722.8000,3722.6000,3722.4000,3722.0000,3723.6000,3723.8000,3724.8000,3725.0000,3725.8000,1,1,4,1,5,1,1,1,5,3
SF,IF2005,2020-04-13 14:58:11.100,3723.0000,12750,1,7681523940.000,1,1,0,双开,B,3722.8000,3722.6000,3722.4000,3722.0000,3721.6000,3723.2000,3723.6000,3723.8000,3724.8000,3725.0000,1,4,1,5,3,1,1,1,1,5
SF,IF2005,2020-04-13 14:58:11.600,3723.2000,12751,1,7682640900.000,1,1,0,双开,B,3722.8000,3722.6000,3722.4000,3722.0000,3721.6000,3723.6000,3723.8000,3724.8000,3725.0000,3725.8000,1,4,1,5,3,1,1,1,5,3
SF,IF2005,2020-04-13 14:58:12.100,3723.0000,12752,1,7683757800.000,1,1,0,双开,B,3723.0000,3722.8000,3722.6000,3722.4000,3722.0000,3723.6000,3723.8000,3724.8000,3725.0000,3725.8000,1,1,2,2,5,1,1,1,5,3
SF,IF2005,2020-04-13 14:58:14.100,3723.0000,12753,1,7684874700.000,1,1,0,双开,B,3722.8000,3722.6000,3722.4000,3722.0000,3721.6000,3723.6000,3723.8000,3724.8000,3725.0000,3725.8000,1,2,2,5,3,1,1,1,5,3
SF,IF2005,2020-04-13 14:58:14.600,3723.0000,12753,0,7684874700.000,0,-,-,-,-,3722.8000,3722.6000,3722.4000,3722.0000,3721.6000,3723.6000,3723.8000,3724.0000,3724.8000,3725.0000,1,2,2,5,3,1,1,1,1,5
SF,IF2005,2020-04-13 14:58:15.100,3723.0000,12753,0,7684874700.000,0,-,-,-,-,3722.8000,3722.6000,3722.4000,3722.0000,3721.6000,3723.4000,3723.6000,3723.8000,3724.0000,3724.8000,1,2,2,5,3,2,1,1,1,1
SF,IF2005,2020-04-13 14:58:15.600,3723.0000,12753,0,7684874700.000,0,-,-,-,-,3722.8000,3722.6000,3722.4000,3722.0000,3721.6000,3723.4000,3723.6000,3723.8000,3724.0000,3724.8000,1,2,1,5,3,2,1,1,1,1
SF,IF2005,2020-04-13 14:58:16.100,3723.4000,12754,1,7685991720.000,1,1,0,双开,B,3722.8000,3722.6000,3722.4000,3722.0000,3721.6000,3723.4000,3723.6000,3723.8000,3724.0000,3724.8000,1,2,1,5,3,1,1,1,1,1
SF,IF2005,2020-04-13 14:58:16.600,3723.4000,12754,0,7685991720.000,0,-,-,-,-,3722.8000,3722.6000,3722.4000,3722.0000,3721.6000,3723.6000,3723.8000,3724.0000,3724.8000,3725.0000,1,2,1,5,3,1,1,1,1,5
SF,IF2005,2020-04-13 14:58:17.100,3723.4000,12754,0,7685991720.000,0,-,-,-,-,3722.8000,3722.6000,3722.4000,3722.0000,3721.6000,3723.6000,3723.8000,3724.0000,3724.8000,3725.0000,2,2,1,5,3,1,1,1,1,5
SF,IF2005,2020-04-13 14:58:17.600,3723.4000,12754,0,7685991720.000,0,-,-,-,-,3723.0000,3722.8000,3722.6000,3722.4000,3722.0000,3723.6000,3723.8000,3724.0000,3724.8000,3725.0000,1,2,2,1,5,2,1,1,1,5
SF,IF2005,2020-04-13 14:58:18.100,3723.4000,12754,0,7685991720.000,0,-,-,-,-,3722.8000,3722.6000,3722.4000,3722.0000,3721.6000,3723.6000,3723.8000,3724.0000,3724.8000,3725.0000,2,2,1,5,3,2,1,1,1,5
SF,IF2005,2020-04-13 14:58:18.600,3723.4000,12754,0,7685991720.000,0,-,-,-,-,3722.8000,3722.6000,3722.4000,3722.0000,3721.6000,3723.6000,3723.8000,3724.0000,3724.8000,3725.0000,2,2,1,5,3,1,1,1,1,5
SF,IF2005,2020-04-13 14:58:19.600,3723.4000,12754,0,7685991720.000,0,-,-,-,-,3722.8000,3722.6000,3722.4000,3722.0000,3721.6000,3723.6000,3723.8000,3724.0000,3725.0000,3725.8000,2,2,1,5,3,2,1,1,5,3
SF,IF2005,2020-04-13 14:58:20.100,3723.4000,12754,0,7685991720.000,0,-,-,-,-,3722.8000,3722.6000,3722.4000,3722.0000,3721.6000,3723.6000,3723.8000,3724.0000,3725.0000,3725.8000,2,2,1,5,3,2,1,1,5,3
SF,IF2005,2020-04-13 14:58:20.600,3723.4000,12754,0,7685991720.000,0,-,-,-,-,3722.8000,3722.6000,3722.4000,3722.0000,3721.6000,3723.4000,3723.6000,3723.8000,3724.0000,3725.0000,2,2,1,5,3,1,2,1,1,5
SF,IF2005,2020-04-13 14:58:21.100,3723.4000,12754,0,7685991720.000,0,-,-,-,-,3722.8000,3722.6000,3722.4000,3722.0000,3721.6000,3723.0000,3723.4000,3723.6000,3723.8000,3724.0000,2,2,1,5,3,1,1,2,1,1
SF,IF2005,2020-04-13 14:58:23.600,3723.0000,12754,0,7687108620.000,1,0,1,空换,B,3722.8000,3722.6000,3722.4000,3722.0000,3721.6000,3723.4000,3723.6000,3723.8000,3724.0000,3725.0000,2,2,1,5,3,1,2,1,1,5
SF,IF2005,2020-04-13 14:58:24.100,3723.0000,12754,0,7687108620.000,0,-,-,-,-,3723.0000,3722.8000,3722.6000,3722.4000,3722.0000,3723.4000,3723.6000,3723.8000,3724.0000,3725.0000,1,2,2,1,5,1,2,1,1,5
SF,IF2005,2020-04-13 14:58:24.600,3723.0000,12755,1,7688225520.000,1,1,0,双开,B,3722.8000,3722.6000,3722.4000,3722.0000,3721.6000,3723.0000,3723.4000,3723.6000,3723.8000,3724.0000,2,2,1,5,3,1,2,2,1,1
SF,IF2005,2020-04-13 14:58:25.600,3723.0000,12756,1,7689342420.000,1,1,0,双开,B,3722.8000,3722.6000,3722.4000,3722.0000,3721.6000,3723.4000,3723.6000,3723.8000,3724.0000,3725.0000,2,2,1,5,3,1,2,1,1,5
SF,IF2005,2020-04-13 14:58:27.100,3723.0000,12756,0,7689342420.000,0,-,-,-,-,3722.8000,3722.6000,3722.4000,3722.0000,3721.6000,3723.4000,3723.6000,3723.8000,3724.0000,3725.0000,2,2,1,5,3,2,2,1,1,5
SF,IF2005,2020-04-13 14:58:27.600,3722.8000,12758,2,7692693180.000,3,2,1,多开,B,3722.8000,3722.6000,3722.4000,3722.0000,3721.6000,3723.4000,3723.6000,3723.8000,3724.0000,3725.0000,1,2,1,5,3,2,2,1,1,5
SF,IF2005,2020-04-13 14:58:28.100,3722.8000,12759,1,7693810020.000,1,1,0,双开,B,3722.6000,3722.4000,3722.0000,3721.6000,3721.2000,3723.4000,3723.6000,3723.8000,3724.0000,3725.0000,2,1,5,3,1,2,2,1,1,5
SF,IF2005,2020-04-13 14:58:30.600,3722.8000,12759,0,7693810020.000,0,-,-,-,-,3722.6000,3722.4000,3722.0000,3721.6000,3721.2000,3723.2000,3723.4000,3723.6000,3723.8000,3724.0000,2,1,5,3,1,1,2,2,1,1
SF,IF2005,2020-04-13 14:58:31.100,3722.8000,12759,0,7693810020.000,0,-,-,-,-,3722.6000,3722.4000,3722.0000,3721.6000,3721.2000,3723.2000,3723.4000,3723.6000,3723.8000,3724.0000,2,1,5,3,1,1,2,2,1,1
SF,IF2005,2020-04-13 14:58:32.100,3722.8000,12759,0,7693810020.000,0,-,-,-,-,3722.6000,3722.4000,3722.0000,3721.6000,3721.2000,3723.2000,3723.4000,3723.6000,3723.8000,3724.0000,2,1,5,2,1,1,2,2,1,1
SF,IF2005,2020-04-13 14:58:32.600,3722.8000,12759,0,7693810020.000,0,-,-,-,-,3722.6000,3722.4000,3722.0000,3721.6000,3721.2000,3723.2000,3723.4000,3723.6000,3723.8000,3724.0000,2,1,5,2,1,1,1,2,1,1
SF,IF2005,2020-04-13 14:58:33.100,3723.2000,12760,1,7694926980.000,1,1,0,双开,B,3723.2000,3722.6000,3722.4000,3722.0000,3721.6000,3723.4000,3723.6000,3723.8000,3724.0000,3725.0000,1,2,1,5,2,1,2,1,1,5
SF,IF2005,2020-04-13 14:58:33.600,3723.2000,12761,1,7696043940.000,1,1,0,双开,B,3722.6000,3722.4000,3722.0000,3721.6000,3721.2000,3723.4000,3723.6000,3723.8000,3724.0000,3725.0000,2,1,5,2,1,1,2,1,1,5
SF,IF2005,2020-04-13 14:58:37.600,3723.2000,12761,0,7696043940.000,0,-,-,-,-,3722.6000,3722.4000,3722.0000,3721.6000,3721.2000,3723.4000,3723.6000,3723.8000,3724.0000,3725.0000,2,1,5,2,1,1,2,1,1,5
SF,IF2005,2020-04-13 14:58:38.100,3723.2000,12761,0,7696043940.000,0,-,-,-,-,3722.8000,3722.6000,3722.4000,3722.0000,3721.6000,3723.0000,3723.4000,3723.6000,3723.8000,3724.0000,2,2,1,5,2,1,1,2,1,1
SF,IF2005,2020-04-13 14:58:38.600,3723.4000,12763,2,7698277860.000,2,2,0,双开,B,3723.0000,3722.8000,3722.6000,3722.4000,3722.0000,3723.6000,3723.8000,3724.0000,3725.0000,3725.8000,1,2,2,1,5,2,1,1,5,3
SF,IF2005,2020-04-13 14:58:39.600,3722.8000,12764,1,7699394700.000,1,1,0,双开,B,3722.8000,3722.6000,3722.4000,3722.0000,3721.6000,3723.6000,3723.8000,3724.0000,3725.0000,3725.8000,1,2,1,5,2,2,1,1,5,3
SF,IF2005,2020-04-13 14:58:40.100,3722.8000,12764,0,7699394700.000,0,-,-,-,-,3722.6000,3722.4000,3722.0000,3721.6000,3721.2000,3723.4000,3723.6000,3723.8000,3724.0000,3725.0000,2,1,5,2,1,2,3,1,1,5
SF,IF2005,2020-04-13 14:58:41.100,3722.8000,12764,0,7699394700.000,0,-,-,-,-,3722.6000,3722.4000,3722.0000,3721.6000,3721.2000,3723.4000,3723.6000,3723.8000,3724.0000,3724.4000,2,1,5,2,1,2,3,1,1,1
SF,IF2005,2020-04-13 14:58:41.600,3722.8000,12764,0,7699394700.000,0,-,-,-,-,3723.0000,3722.6000,3722.4000,3722.0000,3721.6000,3723.4000,3723.6000,3723.8000,3724.0000,3724.4000,1,2,1,5,2,2,3,1,1,1
SF,IF2005,2020-04-13 14:58:42.100,3723.4000,12765,1,7700511720.000,1,1,0,双开,B,3723.0000,3722.8000,3722.6000,3722.4000,3722.0000,3723.4000,3723.6000,3723.8000,3724.0000,3724.4000,1,1,2,1,5,1,3,1,1,1
SF,IF2005,2020-04-13 14:58:45.100,3723.0000,12766,1,7701628620.000,1,1,0,双开,B,3722.8000,3722.6000,3722.4000,3722.0000,3721.6000,3723.4000,3723.6000,3723.8000,3724.0000,3724.4000,1,2,1,5,2,2,2,1,1,1
SF,IF2005,2020-04-13 14:58:45.600,3722.6000,12769,3,7704979020.000,3,3,0,双开,B,3722.4000,3722.0000,3721.6000,3721.2000,3721.0000,3723.4000,3723.6000,3723.8000,3724.0000,3724.4000,1,5,2,1,3,2,2,1,1,1
SF,IF2005,2020-04-13 14:58:46.100,3722.6000,12769,0,7704979020.000,0,-,-,-,-,3722.6000,3722.4000,3722.0000,3721.6000,3721.2000,3723.4000,3723.6000,3723.8000,3724.0000,3724.4000,2,1,5,2,1,1,2,1,1,1
SF,IF2005,2020-04-13 14:58:49.100,3722.6000,12769,0,7704979020.000,0,-,-,-,-,3722.6000,3722.4000,3722.0000,3721.6000,3721.2000,3723.4000,3723.6000,3723.8000,3724.0000,3724.4000,3,1,5,2,1,1,2,1,1,1
SF,IF2005,2020-04-13 14:58:52.600,3722.6000,12769,0,7704979020.000,0,-,-,-,-,3722.6000,3722.4000,3722.0000,3721.6000,3721.2000,3723.2000,3723.4000,3723.6000,3723.8000,3724.0000,3,1,5,2,1,1,1,2,1,1
SF,IF2005,2020-04-13 14:58:53.100,3722.6000,12769,0,7704979020.000,0,-,-,-,-,3722.6000,3722.4000,3722.0000,3721.6000,3721.2000,3723.2000,3723.4000,3723.6000,3723.8000,3724.0000,3,1,5,2,1,1,1,2,1,1
SF,IF2005,2020-04-13 14:58:54.600,3723.2000,12770,1,7706095980.000,1,1,0,双开,B,3722.6000,3722.4000,3722.0000,3721.6000,3721.2000,3723.4000,3723.6000,3723.8000,3724.0000,3724.4000,3,1,5,2,1,1,2,1,1,1
SF,IF2005,2020-04-13 14:58:55.100,3723.2000,12770,0,7706095980.000,0,-,-,-,-,3722.6000,3722.4000,3722.0000,3721.6000,3721.2000,3723.6000,3723.8000,3724.0000,3724.4000,3725.0000,3,1,5,2,1,2,1,1,1,5
SF,IF2005,2020-04-13 14:58:55.600,3723.2000,12770,0,7706095980.000,0,-,-,-,-,3723.0000,3722.6000,3722.4000,3722.0000,3721.6000,3723.6000,3723.8000,3724.0000,3724.4000,3725.0000,1,3,1,5,2,2,1,1,1,5
SF,IF2005,2020-04-13 14:58:56.100,3723.2000,12770,0,7706095980.000,0,-,-,-,-,3723.0000,3722.6000,3722.4000,3722.0000,3721.6000,3723.6000,3723.8000,3724.4000,3725.0000,3725.8000,1,3,1,5,2,1,1,1,5,3
SF,IF2005,2020-04-13 14:58:56.600,3723.0000,12771,1,7707212880.000,1,1,0,双开,B,3722.6000,3722.4000,3722.0000,3721.6000,3721.2000,3723.6000,3723.8000,3724.4000,3725.0000,3725.8000,3,1,5,2,1,1,1,1,5,3
SF,IF2005,2020-04-13 14:58:57.100,3723.0000,12771,0,7707212880.000,0,-,-,-,-,3722.6000,3722.4000,3722.0000,3721.6000,3721.2000,3723.4000,3723.6000,3723.8000,3724.4000,3725.0000,3,1,5,2,1,2,1,1,1,5
SF,IF2005,2020-04-13 14:59:00.600,3723.0000,12771,0,7707212880.000,0,-,-,-,-,3722.8000,3722.6000,3722.4000,3722.0000,3721.6000,3723.4000,3723.6000,3723.8000,3724.4000,3725.0000,1,3,1,5,2,2,1,1,1,5
SF,IF2005,2020-04-13 14:59:01.100,3723.0000,12772,1,7708329780.000,1,1,0,双开,B,3722.8000,3722.6000,3722.4000,3722.0000,3721.6000,3723.6000,3723.8000,3724.4000,3725.0000,3725.8000,1,3,1,5,2,1,1,1,5,3
SF,IF2005,2020-04-13 14:59:01.600,3723.0000,12772,0,7708329780.000,0,-,-,-,-,3722.8000,3722.6000,3722.4000,3722.0000,3721.6000,3723.6000,3723.8000,3724.4000,3725.0000,3725.8000,1,3,1,5,2,1,1,1,5,3
SF,IF2005,2020-04-13 14:59:02.100,3722.8000,12773,1,7709446620.000,1,1,0,双开,B,3722.6000,3722.4000,3722.0000,3721.6000,3721.2000,3723.6000,3723.8000,3724.4000,3725.0000,3725.8000,3,1,5,2,1,1,1,1,5,3
SF,IF2005,2020-04-13 14:59:03.100,3722.8000,12773,0,7709446620.000,0,-,-,-,-,3722.8000,3722.6000,3722.4000,3722.0000,3721.6000,3723.0000,3723.4000,3723.6000,3723.8000,3724.4000,1,4,1,5,2,1,1,1,1,1
SF,IF2005,2020-04-13 14:59:03.600,3723.4000,12775,2,7711680540.000,2,2,0,双开,B,3723.4000,3723.0000,3722.8000,3722.6000,3722.4000,3723.6000,3723.8000,3724.4000,3725.0000,3725.8000,1,1,1,4,1,1,1,1,5,3
SF,IF2005,2020-04-13 14:59:04.100,3723.4000,12776,1,7712797560.000,1,1,0,双开,B,3723.0000,3722.8000,3722.6000,3722.4000,3722.0000,3723.6000,3723.8000,3724.4000,3725.0000,3725.8000,1,1,3,1,5,1,1,1,5,3
SF,IF2005,2020-04-13 14:59:04.600,3723.0000,12777,1,7713914460.000,1,1,0,双开,B,3723.0000,3722.8000,3722.6000,3722.4000,3722.0000,3723.2000,3723.6000,3723.8000,3724.4000,3725.0000,10,1,3,1,5,1,1,1,1,5
SF,IF2005,2020-04-13 14:59:05.600,3723.2000,12778,1,7715031420.000,1,1,0,双开,B,3723.0000,3722.8000,3722.6000,3722.4000,3722.0000,3723.6000,3723.8000,3724.4000,3725.0000,3725.8000,10,1,3,1,5,1,1,1,5,3
SF,IF2005,2020-04-13 14:59:06.100,3723.2000,12778,0,7715031420.000,0,-,-,-,-,3723.2000,3723.0000,3722.8000,3722.6000,3722.4000,3723.6000,3723.8000,3724.4000,3725.0000,3725.8000,1,10,1,3,1,1,1,1,5,3
SF,IF2005,2020-04-13 14:59:07.600,3723.6000,12779,1,7716148500.000,1,1,0,双开,B,3723.2000,3723.0000,3722.8000,3722.6000,3722.4000,3723.8000,3724.4000,3725.0000,3725.8000,3726.0000,1,10,1,3,1,1,1,5,3,3
SF,IF2005,2020-04-13 14:59:09.600,3723.6000,12779,0,7716148500.000,0,-,-,-,-,3723.2000,3723.0000,3722.8000,3722.6000,3722.4000,3723.8000,3724.4000,3725.0000,3725.8000,3726.0000,1,10,1,3,1,1,1,5,3,3
SF,IF2005,2020-04-13 14:59:11.100,3723.6000,12779,0,7716148500.000,0,-,-,-,-,3723.2000,3723.0000,3722.8000,3722.6000,3722.0000,3723.8000,3724.4000,3725.0000,3725.8000,3726.0000,1,10,1,3,5,1,1,5,3,3
SF,IF2005,2020-04-13 14:59:11.600,3723.6000,12779,0,7716148500.000,0,-,-,-,-,3723.0000,3722.8000,3722.6000,3722.0000,3721.6000,3723.8000,3724.4000,3725.0000,3725.8000,3726.0000,10,1,3,5,2,1,1,5,3,3
SF,IF2005,2020-04-13 14:59:12.100,3723.8000,12779,0,7717265640.000,1,0,1,空换,B,3723.0000,3722.8000,3722.6000,3722.0000,3721.6000,3724.4000,3725.0000,3725.8000,3726.0000,3727.0000,10,1,3,5,2,1,5,3,3,3
SF,IF2005,2020-04-13 14:59:12.600,3723.8000,12779,0,7717265640.000,0,-,-,-,-,3723.2000,3723.0000,3722.8000,3722.6000,3722.0000,3724.2000,3724.4000,3725.0000,3725.8000,3726.0000,1,10,1,3,5,4,1,5,3,3
SF,IF2005,2020-04-13 14:59:13.100,3723.8000,12779,0,7717265640.000,0,-,-,-,-,3723.2000,3723.0000,3722.8000,3722.6000,3722.0000,3724.0000,3724.2000,3724.4000,3725.0000,3725.8000,1,10,1,3,5,3,1,2,5,3
SF,IF2005,2020-04-13 14:59:13.600,3723.8000,12779,0,7717265640.000,0,-,-,-,-,3723.2000,3723.0000,3722.8000,3722.6000,3722.0000,3724.0000,3724.2000,3724.4000,3725.0000,3725.8000,1,10,2,3,5,3,1,2,5,3
SF,IF2005,2020-04-13 14:59:14.100,3723.8000,12779,0,7717265640.000,0,-,-,-,-,3723.2000,3723.0000,3722.8000,3722.6000,3722.0000,3723.8000,3724.2000,3724.4000,3725.0000,3725.8000,1,10,1,3,5,1,1,1,5,3
SF,IF2005,2020-04-13 14:59:14.600,3723.8000,12781,2,7719499920.000,2,2,0,双开,B,3723.0000,3722.8000,3722.6000,3722.0000,3721.2000,3723.8000,3724.2000,3724.4000,3725.0000,3725.8000,10,1,3,5,1,1,1,1,5,3
SF,IF2005,2020-04-13 14:59:16.100,3723.8000,12781,0,7719499920.000,0,-,-,-,-,3723.0000,3722.8000,3722.6000,3722.0000,3721.2000,3723.8000,3724.2000,3724.4000,3725.0000,3725.8000,10,1,3,5,1,1,1,1,5,3
SF,IF2005,2020-04-13 14:59:17.100,3723.0000,12782,1,7720616820.000,1,1,0,双开,B,3723.0000,3722.8000,3722.6000,3722.0000,3721.2000,3723.8000,3724.2000,3724.4000,3725.0000,3725.8000,9,1,3,5,1,1,1,1,5,3
SF,IF2005,2020-04-13 14:59:17.600,3723.0000,12782,0,7720616820.000,0,-,-,-,-,3723.6000,3723.0000,3722.8000,3722.6000,3722.0000,3723.8000,3724.2000,3724.4000,3725.0000,3725.8000,1,9,1,3,5,1,1,1,5,3
SF,IF2005,2020-04-13 14:59:18.100,3723.6000,12783,1,7721733900.000,1,1,0,双开,B,3723.0000,3722.8000,3722.6000,3722.0000,3721.2000,3723.8000,3724.4000,3725.0000,3725.8000,3726.0000,9,1,3,5,1,1,1,5,3,3
SF,IF2005,2020-04-13 14:59:19.600,3723.6000,12783,0,7721733900.000,0,-,-,-,-,3723.0000,3722.8000,3722.6000,3722.4000,3722.0000,3723.8000,3724.4000,3725.0000,3725.8000,3726.0000,9,1,3,1,5,1,1,5,3,3
SF,IF2005,2020-04-13 14:59:20.600,3723.6000,12783,0,7721733900.000,0,-,-,-,-,3723.0000,3722.8000,3722.6000,3722.0000,3721.2000,3723.8000,3724.4000,3725.0000,3725.8000,3726.0000,9,1,3,5,1,1,1,5,3,3
SF,IF2005,2020-04-13 14:59:21.100,3723.0000,12784,1,7722850800.000,1,1,0,双开,B,3723.0000,3722.8000,3722.6000,3722.0000,3721.2000,3723.8000,3724.4000,3725.0000,3725.8000,3726.0000,8,1,3,5,1,1,1,5,3,3
SF,IF2005,2020-04-13 14:59:22.100,3723.0000,12784,0,7722850800.000,0,-,-,-,-,3723.0000,3722.8000,3722.6000,3722.0000,3721.2000,3724.4000,3725.0000,3725.8000,3726.0000,3727.0000,8,1,3,5,1,1,5,3,3,3
SF,IF2005,2020-04-13 14:59:22.600,3723.0000,12784,0,7722850800.000,0,-,-,-,-,3723.2000,3723.0000,3722.8000,3722.6000,3722.0000,3724.2000,3724.4000,3725.0000,3725.8000,3726.0000,3,8,1,1,5,6,1,5,3,3
SF,IF2005,2020-04-13 14:59:23.100,3723.0000,12784,0,7722850800.000,0,-,-,-,-,3723.2000,3723.0000,3722.8000,3722.6000,3722.0000,3723.6000,3724.2000,3724.4000,3725.0000,3725.8000,1,8,1,1,5,1,11,1,5,3
SF,IF2005,2020-04-13 14:59:23.600,3723.0000,12784,0,7722850800.000,0,-,-,-,-,3723.0000,3722.8000,3722.6000,3722.0000,3721.2000,3723.6000,3724.2000,3724.4000,3725.0000,3725.8000,8,2,1,5,1,1,7,1,5,3
SF,IF2005,2020-04-13 14:59:24.600,3723.0000,12784,0,7722850800.000,0,-,-,-,-,3723.0000,3722.8000,3722.6000,3722.0000,3721.2000,3724.2000,3724.4000,3725.0000,3725.8000,3726.0000,8,2,1,5,1,6,1,5,3,3
SF,IF2005,2020-04-13 14:59:25.100,3723.0000,12784,0,7722850800.000,0,-,-,-,-,3723.2000,3723.0000,3722.8000,3722.6000,3722.0000,3724.2000,3724.4000,3725.0000,3725.8000,3726.0000,1,8,2,1,5,6,1,5,3,3
SF,IF2005,2020-04-13 14:59:25.600,3723.8000,12784,0,7723967940.000,1,0,1,空换,B,3723.2000,3723.0000,3722.8000,3722.6000,3722.0000,3724.0000,3724.2000,3724.4000,3725.0000,3725.8000,1,8,2,1,5,1,6,1,5,3
SF,IF2005,2020-04-13 14:59:26.100,3723.8000,12784,0,7723967940.000,0,-,-,-,-,3723.0000,3722.8000,3722.6000,3722.0000,3721.2000,3724.0000,3724.2000,3724.4000,3725.0000,3725.8000,8,2,1,5,1,2,6,1,5,3
SF,IF2005,2020-04-13 14:59:26.600,3723.0000,12785,1,7725084840.000,1,1,0,双开,B,3723.0000,3722.8000,3722.6000,3722.0000,3721.2000,3724.0000,3724.2000,3724.4000,3725.0000,3725.8000,7,2,1,5,1,2,6,1,5,3
SF,IF2005,2020-04-13 14:59:27.100,3723.0000,12785,0,7725084840.000,0,-,-,-,-,3723.2000,3723.0000,3722.8000,3722.6000,3722.0000,3723.8000,3724.0000,3724.2000,3724.4000,3725.0000,1,7,2,1,5,1,2,4,1,5
SF,IF2005,2020-04-13 14:59:28.600,3723.0000,12785,0,7725084840.000,0,-,-,-,-,3723.0000,3722.8000,3722.6000,3722.0000,3721.2000,3723.8000,3724.0000,3724.2000,3724.4000,3725.0000,7,2,1,5,1,2,1,4,1,5
SF,IF2005,2020-04-13 14:59:29.600,3723.0000,12785,0,7725084840.000,0,-,-,-,-,3723.2000,3723.0000,3722.8000,3722.6000,3722.0000,3723.8000,3724.2000,3724.4000,3725.0000,3725.8000,1,7,2,1,2,2,4,1,5,3
SF,IF2005,2020-04-13 14:59:30.100,3723.0000,12785,0,7725084840.000,0,-,-,-,-,3723.2000,3723.0000,3722.8000,3722.6000,3722.0000,3723.8000,3724.2000,3724.4000,3725.0000,3725.8000,1,7,2,1,2,2,4,1,5,3
SF,IF2005,2020-04-13 14:59:30.600,3723.2000,12788,3,7728436080.000,3,3,0,双开,B,3723.0000,3722.8000,3722.6000,3722.0000,3721.2000,3724.2000,3724.4000,3725.0000,3725.8000,3726.0000,7,2,1,2,1,3,1,5,3,3
SF,IF2005,2020-04-13 14:59:31.100,3723.2000,12788,0,7728436080.000,0,-,-,-,-,3723.2000,3723.0000,3722.8000,3722.6000,3722.0000,3723.6000,3724.0000,3724.4000,3725.0000,3725.8000,1,7,2,1,2,1,3,1,5,3
SF,IF2005,2020-04-13 14:59:31.600,3723.2000,12788,0,7728436080.000,0,-,-,-,-,3723.2000,3723.0000,3722.8000,3722.6000,3722.0000,3723.6000,3724.2000,3724.4000,3725.0000,3725.8000,1,7,2,1,2,1,1,1,5,3
SF,IF2005,2020-04-13 14:59:32.600,3723.2000,12789,1,7729553040.000,1,1,0,双开,B,3723.0000,3722.8000,3722.6000,3722.0000,3721.8000,3723.6000,3724.2000,3724.4000,3725.0000,3725.8000,7,2,1,2,1,1,1,1,5,3
SF,IF2005,2020-04-13 14:59:33.100,3723.2000,12789,0,7729553040.000,0,-,-,-,-,3723.0000,3722.8000,3722.6000,3722.0000,3721.8000,3723.6000,3724.2000,3724.4000,3725.0000,3725.8000,7,2,1,1,1,1,1,1,5,2
SF,IF2005,2020-04-13 14:59:33.600,3723.2000,12789,0,7729553040.000,0,-,-,-,-,3723.0000,3722.8000,3722.6000,3722.0000,3721.8000,3723.6000,3724.2000,3724.4000,3725.0000,3725.8000,7,2,1,1,1,1,1,1,5,2
SF,IF2005,2020-04-13 14:59:34.100,3723.2000,12789,0,7729553040.000,0,-,-,-,-,3723.4000,3723.0000,3722.8000,3722.0000,3721.8000,3723.6000,3724.2000,3724.4000,3725.0000,3725.8000,2,7,2,1,1,1,1,1,5,2
SF,IF2005,2020-04-13 14:59:35.600,3723.6000,12789,0,7730670120.000,1,0,1,空换,B,3723.4000,3723.2000,3723.0000,3722.8000,3722.0000,3724.2000,3724.4000,3725.0000,3725.8000,3726.0000,2,1,7,2,1,1,1,5,2,3
SF,IF2005,2020-04-13 14:59:36.100,3724.2000,12791,2,7732904640.000,2,2,0,双开,B,3723.4000,3723.2000,3723.0000,3722.8000,3722.0000,3724.4000,3725.0000,3725.8000,3726.0000,3727.0000,2,1,7,2,1,1,5,2,3,3
SF,IF2005,2020-04-13 14:59:36.600,3723.6000,12792,1,7734021720.000,1,1,0,双开,B,3723.4000,3723.2000,3723.0000,3722.8000,3722.0000,3724.2000,3724.4000,3725.0000,3725.8000,3726.0000,2,1,7,2,1,2,1,5,2,3
SF,IF2005,2020-04-13 14:59:37.100,3723.6000,12792,0,7734021720.000,0,-,-,-,-,3723.4000,3723.2000,3723.0000,3722.8000,3722.0000,3724.2000,3724.4000,3725.0000,3725.8000,3726.0000,2,1,7,2,1,3,1,5,2,3
SF,IF2005,2020-04-13 14:59:37.600,3723.4000,12793,1,7735138740.000,1,1,0,双开,B,3723.4000,3723.2000,3723.0000,3722.8000,3722.0000,3724.2000,3724.4000,3725.0000,3725.8000,3726.0000,1,1,7,2,1,3,1,5,2,3
SF,IF2005,2020-04-13 14:59:38.100,3723.4000,12793,0,7735138740.000,0,-,-,-,-,3723.4000,3723.2000,3723.0000,3722.8000,3722.0000,3724.0000,3724.2000,3724.4000,3725.0000,3725.8000,1,1,7,2,1,1,2,1,5,2
SF,IF2005,2020-04-13 14:59:38.600,3723.4000,12793,0,7735138740.000,0,-,-,-,-,3723.4000,3723.2000,3723.0000,3722.8000,3722.0000,3723.8000,3724.0000,3724.2000,3724.4000,3725.0000,1,1,7,2,1,1,1,2,1,5
SF,IF2005,2020-04-13 14:59:39.100,3723.4000,12793,0,7735138740.000,0,-,-,-,-,3723.4000,3723.2000,3723.0000,3722.8000,3722.0000,3723.8000,3724.0000,3724.2000,3724.4000,3725.0000,1,1,7,2,1,2,1,1,1,5
SF,IF2005,2020-04-13 14:59:40.100,3723.4000,12793,0,7735138740.000,0,-,-,-,-,3723.4000,3723.2000,3723.0000,3722.8000,3722.0000,3723.8000,3724.2000,3724.4000,3724.6000,3725.0000,1,1,7,2,1,2,1,2,1,5
SF,IF2005,2020-04-13 14:59:40.600,3723.4000,12793,0,7735138740.000,0,-,-,-,-,3723.4000,3723.2000,3723.0000,3722.8000,3722.0000,3723.8000,3724.2000,3724.4000,3724.6000,3725.0000,1,1,7,2,1,2,1,2,1,5
SF,IF2005,2020-04-13 14:59:41.100,3723.4000,12793,0,7735138740.000,0,-,-,-,-,3723.4000,3723.2000,3723.0000,3722.8000,3722.0000,3723.8000,3724.2000,3724.4000,3724.6000,3725.0000,1,1,7,2,1,2,1,2,1,5
SF,IF2005,2020-04-13 14:59:41.600,3723.8000,12797,4,7739607120.000,4,4,0,双开,B,3723.2000,3723.0000,3722.8000,3722.0000,3721.8000,3724.2000,3724.4000,3724.6000,3725.0000,3725.8000,1,7,2,1,1,1,2,1,5,2
SF,IF2005,2020-04-13 14:59:42.600,3723.8000,12797,0,7739607120.000,0,-,-,-,-,3723.2000,3723.0000,3722.8000,3722.0000,3721.8000,3724.0000,3724.2000,3724.4000,3724.6000,3725.0000,1,7,2,1,1,1,3,2,1,5
SF,IF2005,2020-04-13 14:59:43.100,3723.8000,12797,0,7739607120.000,0,-,-,-,-,3723.2000,3723.0000,3722.8000,3722.0000,3721.8000,3724.2000,3724.4000,3724.6000,3725.0000,3725.8000,1,7,2,1,1,2,2,1,5,2
SF,IF2005,2020-04-13 14:59:43.600,3723.8000,12797,0,7739607120.000,0,-,-,-,-,3723.2000,3723.0000,3722.8000,3722.0000,3721.8000,3723.8000,3724.2000,3724.4000,3724.6000,3725.0000,1,7,2,1,1,1,2,2,1,5
SF,IF2005,2020-04-13 14:59:44.100,3723.8000,12797,0,7739607120.000,0,-,-,-,-,3723.2000,3723.0000,3722.8000,3722.0000,3721.8000,3724.2000,3724.4000,3724.6000,3725.0000,3725.8000,1,7,2,1,1,1,2,1,5,2
SF,IF2005,2020-04-13 14:59:44.600,3723.8000,12797,0,7739607120.000,0,-,-,-,-,3723.2000,3723.0000,3722.8000,3722.0000,3721.8000,3724.2000,3724.4000,3724.6000,3725.0000,3725.8000,1,7,1,1,1,1,2,1,5,2
SF,IF2005,2020-04-13 14:59:45.100,3723.8000,12797,0,7739607120.000,0,-,-,-,-,3723.2000,3723.0000,3722.8000,3722.0000,3721.8000,3724.0000,3724.2000,3724.4000,3724.6000,3725.0000,1,7,1,1,1,1,1,2,1,5
SF,IF2005,2020-04-13 14:59:45.600,3723.8000,12797,0,7739607120.000,0,-,-,-,-,3723.2000,3723.0000,3722.8000,3722.0000,3721.8000,3723.8000,3724.0000,3724.4000,3724.6000,3725.0000,1,7,1,1,1,1,1,2,1,5
SF,IF2005,2020-04-13 14:59:46.100,3723.8000,12797,0,7739607120.000,0,-,-,-,-,3723.2000,3723.0000,3722.8000,3722.0000,3721.8000,3724.4000,3724.6000,3725.0000,3725.8000,3726.0000,2,7,1,1,1,2,1,5,2,3
SF,IF2005,2020-04-13 14:59:46.600,3723.4000,12798,1,7740724140.000,1,1,0,双开,B,3723.2000,3723.0000,3722.8000,3722.0000,3721.8000,3724.2000,3724.4000,3724.6000,3725.0000,3725.8000,2,7,1,1,1,1,2,1,5,2
SF,IF2005,2020-04-13 14:59:47.100,3723.4000,12798,0,7740724140.000,0,-,-,-,-,3723.2000,3723.0000,3722.8000,3722.0000,3721.8000,3724.2000,3724.4000,3724.6000,3725.0000,3725.8000,2,7,1,1,1,2,4,1,5,2
SF,IF2005,2020-04-13 14:59:47.600,3723.4000,12798,0,7740724140.000,0,-,-,-,-,3723.8000,3723.2000,3723.0000,3722.8000,3722.0000,3724.0000,3724.2000,3724.4000,3724.6000,3725.0000,3,2,7,1,1,1,3,2,2,5
SF,IF2005,2020-04-13 14:59:48.100,3723.8000,12799,1,7741841280.000,1,1,0,双开,B,3723.8000,3723.2000,3723.0000,3722.8000,3722.0000,3724.0000,3724.2000,3724.4000,3724.6000,3725.0000,2,2,7,1,1,1,3,2,2,5
SF,IF2005,2020-04-13 14:59:48.600,3723.8000,12801,2,7744075560.000,2,2,0,双开,B,3723.2000,3723.0000,3722.8000,3722.0000,3721.8000,3724.2000,3724.4000,3724.6000,3725.0000,3725.8000,2,7,1,1,1,3,2,2,5,2
SF,IF2005,2020-04-13 14:59:49.100,3723.8000,12801,0,7744075560.000,0,-,-,-,-,3723.2000,3723.0000,3722.8000,3722.0000,3721.8000,3724.2000,3724.4000,3724.6000,3725.0000,3725.8000,2,7,1,1,1,3,2,2,5,2
SF,IF2005,2020-04-13 14:59:49.600,3723.2000,12801,0,7745192520.000,1,0,1,空换,B,3723.2000,3723.0000,3722.8000,3722.0000,3721.8000,3724.2000,3724.4000,3724.6000,3725.0000,3725.8000,1,7,1,1,1,1,2,2,5,2
SF,IF2005,2020-04-13 14:59:50.100,3723.2000,12801,0,7745192520.000,0,-,-,-,-,3723.2000,3723.0000,3722.8000,3722.0000,3721.8000,3724.0000,3724.2000,3724.4000,3724.6000,3725.0000,1,7,1,1,1,1,1,2,2,5
SF,IF2005,2020-04-13 14:59:50.600,3723.2000,12802,1,7746309480.000,1,1,0,双开,B,3723.0000,3722.8000,3722.0000,3721.8000,3721.2000,3724.0000,3724.2000,3724.4000,3724.6000,3725.0000,7,1,1,1,1,2,1,2,2,5
SF,IF2005,2020-04-13 14:59:51.100,3723.0000,12804,2,7748543520.000,2,2,0,双开,B,3723.0000,3722.8000,3722.0000,3721.8000,3721.2000,3724.0000,3724.4000,3724.6000,3725.0000,3725.8000,6,1,1,1,1,1,2,2,5,2
SF,IF2005,2020-04-13 14:59:51.600,3723.0000,12804,0,7748543520.000,0,-,-,-,-,3723.4000,3723.2000,3723.0000,3722.8000,3722.0000,3724.0000,3724.4000,3724.6000,3725.0000,3725.8000,1,1,6,1,1,1,2,2,5,2
SF,IF2005,2020-04-13 14:59:52.100,3723.0000,12804,0,7748543520.000,0,-,-,-,-,3723.2000,3723.0000,3722.8000,3722.0000,3721.8000,3724.0000,3724.4000,3724.6000,3725.0000,3725.8000,1,6,1,1,1,2,2,2,5,2
SF,IF2005,2020-04-13 14:59:52.600,3724.0000,12805,1,7749660720.000,1,1,0,双开,B,3723.2000,3723.0000,3722.8000,3722.0000,3721.8000,3724.4000,3724.6000,3725.0000,3725.8000,3726.0000,1,6,1,1,1,2,2,5,2,3
SF,IF2005,2020-04-13 14:59:53.100,3724.0000,12805,0,7749660720.000,0,-,-,-,-,3723.2000,3723.0000,3722.8000,3722.0000,3721.8000,3724.2000,3724.4000,3724.6000,3725.0000,3725.8000,1,6,1,1,1,1,2,2,5,2
SF,IF2005,2020-04-13 14:59:53.600,3724.0000,12805,0,7749660720.000,0,-,-,-,-,3723.2000,3723.0000,3722.8000,3722.0000,3721.8000,3724.2000,3724.4000,3724.6000,3725.0000,3725.8000,1,6,1,1,1,2,2,2,5,2
SF,IF2005,2020-04-13 14:59:54.100,3724.0000,12806,1,7750777920.000,1,1,0,双开,B,3723.2000,3723.0000,3722.8000,3722.0000,3721.8000,3724.2000,3724.4000,3724.6000,3725.0000,3725.8000,1,6,1,1,1,2,2,2,5,2
SF,IF2005,2020-04-13 14:59:54.600,3724.2000,12807,1,7751895180.000,1,1,0,双开,B,3723.2000,3723.0000,3722.8000,3722.0000,3721.8000,3724.4000,3724.6000,3725.0000,3725.8000,3726.0000,1,6,1,1,1,2,2,5,2,3
SF,IF2005,2020-04-13 14:59:55.100,3724.4000,12808,1,7753012500.000,1,1,0,双开,B,3723.2000,3723.0000,3722.8000,3722.0000,3721.8000,3724.4000,3724.6000,3725.0000,3725.8000,3726.0000,1,6,1,1,1,1,2,5,2,3
SF,IF2005,2020-04-13 14:59:55.600,3723.2000,12810,2,7755246780.000,2,2,0,双开,B,3723.0000,3722.8000,3722.0000,3721.8000,3721.2000,3724.6000,3725.0000,3725.8000,3726.0000,3727.0000,6,1,1,1,1,2,5,2,3,3
SF,IF2005,2020-04-13 14:59:56.100,3723.2000,12810,0,7755246780.000,0,-,-,-,-,3723.2000,3723.0000,3722.8000,3722.0000,3721.8000,3724.4000,3724.6000,3725.0000,3725.8000,3726.0000,1,6,1,1,1,1,2,5,2,3
SF,IF2005,2020-04-13 14:59:56.600,3723.2000,12810,0,7755246780.000,0,-,-,-,-,3723.2000,3723.0000,3722.8000,3722.0000,3721.8000,3724.4000,3724.6000,3725.0000,3725.8000,3726.0000,1,6,1,1,1,2,2,5,2,3
SF,IF2005,2020-04-13 14:59:57.100,3723.2000,12810,0,7755246780.000,0,-,-,-,-,3723.2000,3723.0000,3722.8000,3722.0000,3721.8000,3724.4000,3724.6000,3725.0000,3725.8000,3726.0000,1,6,1,1,1,2,2,5,2,3
SF,IF2005,2020-04-13 14:59:57.600,3723.2000,12810,0,7755246780.000,0,-,-,-,-,3723.2000,3723.0000,3722.8000,3722.0000,3721.8000,3724.4000,3724.6000,3725.0000,3725.8000,3726.0000,1,6,1,1,1,1,2,5,2,3
SF,IF2005,2020-04-13 14:59:59.600,3723.2000,12811,1,7756363740.000,1,1,0,双开,B,3723.0000,3722.8000,3722.0000,3721.8000,3721.2000,3724.4000,3724.6000,3725.0000,3725.8000,3726.0000,6,1,1,1,1,1,2,5,2,3
SF,IF2005,2020-04-13 15:00:00.100,3723.2000,12811,0,7756363740.000,0,-,-,-,-,3723.0000,3722.8000,3722.0000,3721.8000,3721.2000,3724.4000,3724.6000,3725.0000,3725.8000,3726.0000,6,1,1,1,1,1,2,5,2,3
SF,IF2005,2020-04-13 15:25:13.100,3723.2000,12811,0,7756363740.000,0,-,-,-,-,3723.0000,3722.8000,3722.0000,3721.8000,3721.2000,3724.4000,3724.6000,3725.0000,3725.8000,3726.0000,6,1,1,1,1,1,2,5,2,3
SF,IF2005,2020-04-13 15:30:55.100,3723.2000,12811,0,7756363740.000,0,-,-,-,-,3723.0000,3722.8000,3722.0000,3721.8000,3721.2000,3724.4000,3724.6000,3725.0000,3725.8000,3726.0000,6,1,1,1,1,1,2,5,2,3
SF,IF2005,2020-04-13 15:35:45.100,3723.2000,12811,0,7756363740.000,0,-,-,-,-,3723.0000,3722.8000,3722.0000,3721.8000,3721.2000,3724.4000,3724.6000,3725.0000,3725.8000,3726.0000,6,1,1,1,1,1,2,5,2,3
