市场代码,合约代码,时间,最新,持仓,增仓,成交额,成交量,开仓,平仓,成交类型,方向,买一价,买二价,买三价,买四价,买五价,卖一价,卖二价,卖三价,卖四价,卖五价,买一量,买二量,买三量,买四量,买五量,卖一量,卖二量,卖三量,卖四量,卖五量
SF,IF2006,2020-02-19 09:29:00.400,4036.2000,24757,0,1210860.000,1.000,-,-,-,-,4036.0000,4035.2000,4030.2000,4027.0000,4026.6000,4036.8000,4038.2000,4039.0000,4042.2000,4045.0000,1,1,1,1,1,4,1,1,2,1
SF,IF2006,2020-02-19 09:30:00.400,4036.8000,24756,-1,2421900.000,1,0,1,双平,S,4036.0000,4035.2000,4034.4000,4030.2000,4030.0000,4036.8000,4039.0000,4040.0000,4045.0000,4045.6000,1,1,1,1,1,3,1,1,1,1
SF,IF2006,2020-02-19 09:30:00.900,4028.0000,24754,-2,9680040.000,6,2,4,多平,S,4028.0000,4027.0000,4026.6000,4025.8000,4025.4000,4036.6000,4039.0000,4040.0000,4045.0000,4045.6000,1,4,1,1,1,1,1,1,1,1
SF,IF2006,2020-02-19 09:30:01.400,4028.0000,24754,0,12096840.000,2,1,1,多换,S,4033.4000,4032.6000,4032.4000,4032.0000,4031.8000,4036.6000,4039.0000,4040.0000,4045.0000,4046.6000,2,1,2,4,1,1,1,1,6,1
SF,IF2006,2020-02-19 09:30:01.900,4036.4000,24753,-1,13307760.000,1,0,1,双平,S,4033.6000,4033.4000,4032.6000,4032.4000,4032.0000,4036.6000,4039.0000,4040.0000,4045.0000,4046.6000,3,1,1,2,4,1,1,1,6,1
SF,IF2006,2020-02-19 09:30:02.400,4036.4000,24753,0,13307760.000,0,-,-,-,-,4034.0000,4033.8000,4033.6000,4033.4000,4032.6000,4036.6000,4039.0000,4040.0000,4045.0000,4046.6000,4,1,3,1,1,1,1,1,6,1
SF,IF2006,2020-02-19 09:30:02.900,4036.6000,24753,0,14518740.000,1,0,1,多换,S,4036.2000,4035.0000,4034.2000,4033.8000,4032.6000,4039.0000,4039.8000,4040.0000,4045.0000,4046.6000,1,1,4,1,1,1,3,1,6,1
SF,IF2006,2020-02-19 09:30:03.400,4036.6000,24753,0,14518740.000,0,-,-,-,-,4036.6000,4036.4000,4034.2000,4032.6000,4032.4000,4038.8000,4039.0000,4039.8000,4040.0000,4045.0000,1,1,3,1,2,3,2,3,1,6
SF,IF2006,2020-02-19 09:30:03.900,4036.6000,24751,-2,16940700.000,2,0,2,双平,S,4036.6000,4034.2000,4032.8000,4032.6000,4032.4000,4037.4000,4037.6000,4037.8000,4038.0000,4038.8000,1,3,1,2,2,1,2,1,1,3
SF,IF2006,2020-02-19 09:30:04.400,4036.6000,24751,0,16940700.000,0,-,-,-,-,4036.6000,4034.2000,4033.8000,4032.6000,4032.4000,4037.8000,4038.8000,4039.0000,4039.8000,4040.0000,1,3,1,2,2,1,3,1,3,1
SF,IF2006,2020-02-19 09:30:04.900,4039.0000,24747,-4,21787020.000,4,0,4,双平,S,4039.0000,4036.8000,4036.6000,4033.8000,4032.6000,4039.8000,4040.0000,4043.8000,4045.0000,4046.6000,7,1,1,1,1,3,1,1,6,1
SF,IF2006,2020-02-19 09:30:05.400,4039.0000,24743,-4,30268920.000,7,1,6,多平,S,4036.6000,4032.6000,4032.4000,4032.0000,4031.8000,4038.8000,4039.2000,4039.6000,4039.8000,4040.0000,1,1,2,2,1,1,1,3,3,1
SF,IF2006,2020-02-19 09:30:05.900,4039.0000,24743,0,30268920.000,0,-,-,-,-,4036.8000,4036.6000,4032.6000,4032.4000,4032.0000,4039.0000,4039.2000,4039.6000,4039.8000,4040.0000,3,1,1,2,2,1,1,2,3,1
SF,IF2006,2020-02-19 09:30:06.400,4039.0000,24743,0,30268920.000,0,-,-,-,-,4037.0000,4036.8000,4036.6000,4032.6000,4032.4000,4038.2000,4039.2000,4039.6000,4039.8000,4040.0000,1,2,1,1,2,5,1,2,3,1
SF,IF2006,2020-02-19 09:30:06.900,4039.0000,24743,0,30268920.000,0,-,-,-,-,4036.8000,4036.6000,4032.6000,4032.4000,4032.0000,4038.2000,4039.2000,4039.6000,4039.8000,4040.0000,2,1,1,2,2,5,1,2,3,1
SF,IF2006,2020-02-19 09:30:07.400,4039.0000,24743,0,31480620.000,1,0,1,多换,S,4036.8000,4036.6000,4032.6000,4032.4000,4032.0000,4038.2000,4039.2000,4039.6000,4039.8000,4040.0000,1,1,1,2,2,4,1,2,3,1
SF,IF2006,2020-02-19 09:30:07.900,4038.4000,24742,-1,32692140.000,1,0,1,双平,S,4037.6000,4036.8000,4036.6000,4032.6000,4032.4000,4038.2000,4039.2000,4039.6000,4039.8000,4040.0000,1,1,1,1,2,3,1,2,3,1
SF,IF2006,2020-02-19 09:30:08.400,4038.2000,24739,-3,36326520.000,3,0,3,双平,S,4037.8000,4036.6000,4032.6000,4032.4000,4032.0000,4039.2000,4039.6000,4039.8000,4040.0000,4043.2000,1,1,1,2,2,1,2,3,1,3
SF,IF2006,2020-02-19 09:30:08.900,4039.2000,24738,-1,37538280.000,1,0,1,双平,S,4037.6000,4036.6000,4032.6000,4032.4000,4032.0000,4039.8000,4040.0000,4043.2000,4043.8000,4045.0000,1,1,1,2,2,3,1,3,1,1
SF,IF2006,2020-02-19 09:30:09.400,4039.2000,24738,0,37538280.000,0,-,-,-,-,4032.8000,4032.6000,4032.4000,4032.0000,4031.0000,4039.0000,4039.2000,4039.4000,4039.6000,4039.8000,3,1,2,2,1,1,4,1,3,3
SF,IF2006,2020-02-19 09:30:09.900,4039.2000,24738,0,37538280.000,0,-,-,-,-,4039.0000,4036.2000,4035.2000,4034.8000,4033.8000,4039.8000,4040.0000,4043.2000,4043.8000,4045.0000,1,1,1,1,3,3,1,3,1,1
SF,IF2006,2020-02-19 09:30:10.400,4039.0000,24737,-1,38749980.000,1,0,1,双平,S,4036.2000,4035.2000,4034.8000,4033.8000,4033.4000,4039.2000,4039.8000,4040.0000,4043.2000,4043.8000,1,1,1,3,1,1,3,1,3,1
SF,IF2006,2020-02-19 09:30:10.900,4036.2000,24737,0,39960840.000,1,0,1,多换,S,4036.4000,4035.2000,4033.8000,4033.4000,4033.0000,4039.2000,4039.8000,4040.0000,4043.2000,4043.8000,2,1,3,1,1,1,3,1,3,1
SF,IF2006,2020-02-19 09:30:11.400,4039.0000,24736,-1,41172540.000,1,0,1,双平,S,4036.4000,4036.2000,4035.2000,4033.8000,4033.4000,4039.0000,4039.2000,4039.8000,4040.0000,4043.8000,1,1,1,3,1,1,1,3,1,1
SF,IF2006,2020-02-19 09:30:11.900,4039.0000,24736,0,41172540.000,0,-,-,-,-,4036.4000,4035.2000,4033.8000,4033.4000,4033.0000,4039.0000,4039.2000,4039.8000,4040.0000,4043.8000,1,1,3,1,1,2,1,3,1,1
SF,IF2006,2020-02-19 09:30:12.400,4039.0000,24736,0,41172540.000,0,-,-,-,-,4036.6000,4036.4000,4036.2000,4034.0000,4033.8000,4038.0000,4038.6000,4039.0000,4039.8000,4040.0000,1,1,1,3,3,1,1,4,3,1
SF,IF2006,2020-02-19 09:30:12.900,4039.0000,24737,1,47231040.000,5,3,2,空开,S,4036.8000,4034.0000,4033.8000,4033.4000,4033.0000,4039.0000,4039.8000,4040.0000,4043.8000,4045.0000,1,3,3,1,1,1,3,1,1,1
SF,IF2006,2020-02-19 09:30:13.400,4039.0000,24737,0,47231040.000,0,-,-,-,-,4036.8000,4035.0000,4034.0000,4033.8000,4033.4000,4039.0000,4039.8000,4040.0000,4043.8000,4045.0000,1,1,3,3,1,1,3,1,1,1
SF,IF2006,2020-02-19 09:30:13.900,4039.0000,24736,-1,48442740.000,1,0,1,双平,S,4036.8000,4035.0000,4034.0000,4033.8000,4033.4000,4039.8000,4040.0000,4042.0000,4043.8000,4045.0000,1,1,3,3,1,3,1,1,1,1
SF,IF2006,2020-02-19 09:30:14.400,4036.8000,24735,-1,49653780.000,1,0,1,双平,S,4035.0000,4034.0000,4033.8000,4033.4000,4033.0000,4039.8000,4040.0000,4042.0000,4043.8000,4045.0000,1,3,3,1,1,3,1,1,1,1
SF,IF2006,2020-02-19 09:30:14.900,4036.8000,24734,-1,50864820.000,1,0,1,双平,S,4036.4000,4035.6000,4035.4000,4035.2000,4035.0000,4039.0000,4039.4000,4039.8000,4040.0000,4042.0000,1,1,1,4,2,1,1,4,1,1
SF,IF2006,2020-02-19 09:30:15.400,4038.8000,24733,-1,52076460.000,1,0,1,双平,S,4036.6000,4036.4000,4035.6000,4035.4000,4035.2000,4039.0000,4039.4000,4039.8000,4040.0000,4042.0000,3,1,1,1,1,2,1,4,1,1
SF,IF2006,2020-02-19 09:30:15.900,4038.8000,24733,0,52076460.000,0,-,-,-,-,4036.8000,4036.6000,4035.4000,4035.2000,4035.0000,4038.6000,4038.8000,4039.0000,4039.8000,4040.0000,1,3,1,1,1,2,1,1,4,1
SF,IF2006,2020-02-19 09:30:16.400,4036.8000,24732,-1,53287500.000,1,0,1,双平,S,4036.6000,4035.4000,4035.2000,4035.0000,4034.8000,4038.6000,4038.8000,4039.0000,4039.8000,4040.0000,3,1,1,1,1,2,1,1,4,1
SF,IF2006,2020-02-19 09:30:16.900,4036.8000,24732,0,53287500.000,0,-,-,-,-,4036.6000,4035.4000,4035.2000,4035.0000,4034.0000,4038.2000,4038.8000,4039.0000,4039.8000,4040.0000,1,1,1,1,3,1,1,1,4,1
SF,IF2006,2020-02-19 09:30:17.400,4038.2000,24731,-1,54498960.000,1,0,1,双平,S,4036.8000,4036.6000,4035.4000,4035.2000,4035.0000,4038.4000,4038.8000,4039.0000,4039.8000,4040.0000,1,1,1,1,1,1,1,1,4,1
SF,IF2006,2020-02-19 09:30:17.900,4038.2000,24731,0,54498960.000,0,-,-,-,-,4037.0000,4036.6000,4035.4000,4035.2000,4035.0000,4038.8000,4039.0000,4039.8000,4040.0000,4042.0000,1,1,1,1,1,1,1,4,1,1
SF,IF2006,2020-02-19 09:30:18.400,4037.2000,24731,0,55710120.000,1,0,1,多换,S,4037.0000,4035.4000,4035.2000,4035.0000,4034.0000,4038.8000,4039.0000,4039.8000,4040.0000,4042.0000,1,1,1,1,3,1,2,3,1,1
SF,IF2006,2020-02-19 09:30:18.900,4037.2000,24731,0,55710120.000,0,-,-,-,-,4037.2000,4037.0000,4035.4000,4035.2000,4035.0000,4039.0000,4039.8000,4040.0000,4042.0000,4043.8000,1,1,1,1,1,1,3,1,1,1
SF,IF2006,2020-02-19 09:30:19.400,4037.2000,24731,0,55710120.000,0,-,-,-,-,4037.4000,4037.2000,4037.0000,4036.4000,4035.4000,4039.0000,4039.8000,4040.0000,4042.0000,4043.8000,1,1,2,1,1,1,3,1,1,1
SF,IF2006,2020-02-19 09:30:19.900,4037.2000,24731,0,55710120.000,0,-,-,-,-,4038.4000,4037.4000,4037.2000,4037.0000,4036.4000,4039.0000,4039.8000,4040.0000,4042.0000,4043.8000,3,1,1,2,1,1,3,1,1,1
SF,IF2006,2020-02-19 09:30:20.400,4038.4000,24728,-3,59344680.000,3,0,3,双平,S,4037.4000,4037.0000,4036.4000,4035.4000,4035.2000,4039.0000,4039.8000,4040.0000,4042.0000,4043.8000,1,2,1,1,1,1,3,1,1,1
SF,IF2006,2020-02-19 09:30:20.900,4037.6000,24727,-1,60555960.000,1,0,1,双平,S,4037.4000,4037.0000,4036.4000,4035.4000,4035.2000,4039.0000,4039.8000,4040.0000,4042.0000,4043.8000,1,2,1,1,1,1,3,1,1,1
SF,IF2006,2020-02-19 09:30:21.400,4037.6000,24727,0,60555960.000,0,-,-,-,-,4037.0000,4036.4000,4035.4000,4035.2000,4035.0000,4038.8000,4039.0000,4039.8000,4040.0000,4043.8000,2,1,1,1,1,1,2,3,1,1
SF,IF2006,2020-02-19 09:30:21.900,4037.6000,24727,0,60555960.000,0,-,-,-,-,4037.2000,4037.0000,4035.4000,4035.2000,4035.0000,4038.6000,4038.8000,4039.0000,4039.8000,4040.0000,3,2,1,1,1,2,1,2,3,1
SF,IF2006,2020-02-19 09:30:22.400,4038.6000,24726,-1,61767540.000,1,0,1,双平,S,4037.4000,4037.2000,4037.0000,4035.4000,4035.2000,4038.8000,4039.0000,4039.8000,4040.0000,4043.8000,2,3,1,1,1,1,2,3,1,1
SF,IF2006,2020-02-19 09:30:22.900,4038.6000,24726,0,61767540.000,0,-,-,-,-,4037.6000,4037.4000,4037.0000,4035.4000,4035.2000,4038.8000,4039.0000,4039.8000,4040.0000,4043.8000,3,2,1,1,1,1,9,3,1,1
SF,IF2006,2020-02-19 09:30:23.400,4038.8000,24725,-1,62979180.000,1,0,1,双平,S,4037.8000,4037.6000,4037.4000,4037.0000,4035.4000,4039.0000,4039.8000,4040.0000,4043.8000,4045.0000,1,4,1,1,1,9,3,1,1,1
SF,IF2006,2020-02-19 09:30:23.900,4039.0000,24724,-1,64190880.000,1,0,1,双平,S,4038.0000,4037.8000,4037.6000,4037.4000,4037.0000,4039.0000,4039.4000,4039.8000,4040.0000,4043.8000,3,3,1,1,1,8,1,3,1,1
SF,IF2006,2020-02-19 09:30:24.400,4039.0000,24722,-2,66614280.000,2,0,2,双平,S,4038.0000,4037.8000,4037.6000,4037.4000,4037.0000,4039.0000,4039.4000,4039.8000,4040.0000,4043.8000,3,2,1,1,1,6,1,3,1,1
SF,IF2006,2020-02-19 09:30:24.900,4039.0000,24717,-5,72672780.000,5,0,5,双平,S,4038.0000,4037.8000,4037.6000,4037.4000,4037.0000,4039.0000,4039.4000,4039.8000,4040.0000,4043.8000,3,2,1,1,1,1,1,3,1,1
SF,IF2006,2020-02-19 09:30:25.400,4039.0000,24716,-1,73884480.000,1,0,1,双平,S,4038.0000,4037.6000,4037.0000,4035.4000,4035.2000,4039.4000,4039.8000,4040.0000,4043.8000,4045.0000,3,1,1,1,1,1,3,1,1,1
SF,IF2006,2020-02-19 09:30:25.900,4038.2000,24715,-1,75095940.000,1,0,1,双平,S,4038.2000,4038.0000,4037.0000,4035.4000,4035.2000,4039.2000,4039.4000,4039.8000,4040.0000,4043.8000,1,1,1,1,1,1,1,3,1,1
SF,IF2006,2020-02-19 09:30:26.400,4038.2000,24714,-1,76307400.000,1,0,1,双平,S,4038.0000,4037.0000,4035.4000,4035.2000,4035.0000,4039.4000,4039.8000,4040.0000,4043.8000,4045.0000,1,1,1,1,1,1,3,1,1,1
SF,IF2006,2020-02-19 09:30:26.900,4038.2000,24714,0,76307400.000,0,-,-,-,-,4035.4000,4035.2000,4035.0000,4034.0000,4033.8000,4039.2000,4039.4000,4039.8000,4040.0000,4043.8000,1,1,1,3,3,2,1,3,1,1
SF,IF2006,2020-02-19 09:30:27.400,4038.2000,24714,0,76307400.000,0,-,-,-,-,4036.2000,4035.8000,4035.6000,4035.4000,4035.2000,4039.4000,4039.8000,4040.0000,4043.8000,4045.0000,1,2,4,1,2,1,3,1,1,1
SF,IF2006,2020-02-19 09:30:27.900,4038.2000,24714,0,76307400.000,0,-,-,-,-,4039.2000,4037.2000,4036.4000,4036.2000,4035.8000,4039.4000,4039.8000,4040.0000,4043.8000,4045.0000,1,4,3,1,2,1,3,1,1,1
SF,IF2006,2020-02-19 09:30:28.400,4039.2000,24714,0,77519160.000,1,0,1,多换,S,4036.6000,4036.4000,4036.2000,4035.8000,4035.6000,4039.2000,4039.4000,4039.8000,4040.0000,4043.8000,1,2,1,2,1,3,1,3,1,1
SF,IF2006,2020-02-19 09:30:28.900,4039.2000,24713,-1,78730920.000,1,0,1,双平,S,4037.6000,4036.8000,4036.6000,4035.8000,4035.6000,4039.2000,4039.4000,4039.8000,4040.0000,4043.8000,1,3,1,2,1,1,1,3,1,1
SF,IF2006,2020-02-19 09:30:29.400,4037.8000,24712,-1,81154020.000,2,0,2,多平,S,4037.8000,4037.6000,4037.0000,4036.6000,4035.8000,4039.2000,4039.4000,4039.8000,4040.0000,4043.8000,3,1,1,1,2,1,1,3,1,1
SF,IF2006,2020-02-19 09:30:29.900,4037.8000,24712,0,81154020.000,0,-,-,-,-,4037.8000,4037.6000,4037.0000,4036.6000,4035.8000,4039.2000,4039.4000,4039.8000,4040.0000,4043.8000,3,2,1,1,2,1,1,3,1,1
SF,IF2006,2020-02-19 09:30:30.400,4039.2000,24711,-1,82365780.000,1,0,1,双平,S,4038.0000,4037.8000,4037.6000,4037.0000,4036.6000,4039.4000,4039.8000,4040.0000,4043.8000,4045.0000,1,2,1,1,1,1,3,1,1,1
SF,IF2006,2020-02-19 09:30:30.900,4039.2000,24711,0,82365780.000,0,-,-,-,-,4038.2000,4038.0000,4037.8000,4037.6000,4037.0000,4039.2000,4039.4000,4039.8000,4040.0000,4043.4000,2,1,1,1,1,3,1,3,1,3
SF,IF2006,2020-02-19 09:30:31.400,4039.2000,24709,-2,86000760.000,3,0,3,多平,S,4038.0000,4037.8000,4037.6000,4037.0000,4036.6000,4039.2000,4039.4000,4039.8000,4040.0000,4043.4000,1,1,1,1,1,1,1,3,1,3
SF,IF2006,2020-02-19 09:30:31.900,4039.2000,24709,0,86000760.000,0,-,-,-,-,4038.2000,4038.0000,4037.8000,4037.6000,4037.0000,4039.2000,4039.4000,4039.8000,4040.0000,4043.4000,2,1,1,1,1,1,1,3,1,3
SF,IF2006,2020-02-19 09:30:32.400,4039.2000,24709,0,86000760.000,0,-,-,-,-,4038.2000,4038.0000,4037.6000,4037.0000,4036.6000,4039.2000,4039.4000,4039.8000,4040.0000,4043.4000,1,1,1,1,1,1,1,3,1,3
SF,IF2006,2020-02-19 09:30:32.900,4039.2000,24709,0,86000760.000,0,-,-,-,-,4038.4000,4038.0000,4036.6000,4035.8000,4035.6000,4039.2000,4039.4000,4039.8000,4040.0000,4043.4000,1,1,1,2,1,1,1,3,1,3
SF,IF2006,2020-02-19 09:30:33.400,4038.0000,24709,0,88423560.000,2,1,1,多换,S,4035.8000,4035.6000,4035.4000,4035.2000,4035.0000,4039.2000,4039.4000,4039.8000,4040.0000,4043.4000,2,1,1,2,1,1,1,3,1,3
SF,IF2006,2020-02-19 09:30:33.900,4038.0000,24709,0,88423560.000,0,-,-,-,-,4036.2000,4036.0000,4035.8000,4035.6000,4035.4000,4039.2000,4039.4000,4039.6000,4039.8000,4040.0000,1,2,2,1,1,2,1,1,3,1
SF,IF2006,2020-02-19 09:30:34.400,4039.2000,24708,-1,89635320.000,1,0,1,双平,S,4037.6000,4036.4000,4036.0000,4035.8000,4035.6000,4039.2000,4039.4000,4039.6000,4039.8000,4040.0000,1,2,1,2,1,2,1,1,3,1
SF,IF2006,2020-02-19 09:30:34.900,4039.2000,24708,0,89635320.000,0,-,-,-,-,4037.8000,4037.6000,4036.0000,4035.8000,4035.6000,4039.2000,4039.4000,4039.6000,4039.8000,4040.0000,3,2,1,2,1,2,1,1,3,1
SF,IF2006,2020-02-19 09:30:35.400,4039.2000,24708,0,89635320.000,0,-,-,-,-,4037.8000,4037.6000,4036.0000,4035.8000,4035.6000,4039.2000,4039.4000,4039.6000,4039.8000,4040.0000,3,1,1,2,1,2,1,1,3,1
SF,IF2006,2020-02-19 09:30:35.900,4039.4000,24706,-2,93270660.000,3,0,3,多平,S,4039.4000,4037.8000,4037.6000,4036.0000,4035.8000,4039.6000,4039.8000,4040.0000,4040.2000,4043.4000,1,3,1,1,2,1,3,1,1,3
SF,IF2006,2020-02-19 09:30:36.400,4039.4000,24705,-1,94482480.000,1,0,1,双平,S,4038.4000,4037.8000,4037.6000,4037.0000,4036.0000,4039.6000,4039.8000,4040.0000,4040.2000,4043.4000,1,2,1,1,1,1,3,1,1,3
SF,IF2006,2020-02-19 09:30:36.900,4039.4000,24705,0,94482480.000,0,-,-,-,-,4038.6000,4038.4000,4037.8000,4037.6000,4037.0000,4039.6000,4039.8000,4040.0000,4040.2000,4043.4000,1,1,2,1,1,1,3,1,1,3
SF,IF2006,2020-02-19 09:30:37.400,4039.4000,24705,0,94482480.000,0,-,-,-,-,4038.4000,4037.8000,4037.6000,4037.0000,4036.0000,4039.6000,4039.8000,4040.0000,4040.2000,4043.4000,1,1,1,1,1,1,3,1,1,3
SF,IF2006,2020-02-19 09:30:37.900,4039.4000,24705,0,94482480.000,0,-,-,-,-,4038.6000,4038.4000,4037.8000,4037.6000,4037.0000,4039.6000,4039.8000,4040.0000,4040.2000,4042.8000,1,2,1,1,1,1,3,1,2,1
SF,IF2006,2020-02-19 09:30:38.400,4039.4000,24705,0,94482480.000,0,-,-,-,-,4038.4000,4037.8000,4037.6000,4037.0000,4036.0000,4039.6000,4039.8000,4040.0000,4040.2000,4042.8000,1,1,1,1,1,1,3,1,2,1
SF,IF2006,2020-02-19 09:30:38.900,4039.4000,24705,0,94482480.000,0,-,-,-,-,4038.4000,4037.8000,4037.6000,4036.0000,4035.8000,4039.4000,4039.6000,4039.8000,4040.0000,4040.2000,1,1,1,1,2,1,2,3,1,2
SF,IF2006,2020-02-19 09:30:39.400,4038.4000,24704,-1,95694000.000,1,0,1,双平,S,4037.8000,4037.6000,4036.0000,4035.8000,4035.6000,4039.4000,4039.6000,4039.8000,4040.0000,4040.2000,1,1,1,2,1,1,2,3,1,2
SF,IF2006,2020-02-19 09:30:39.900,4038.4000,24704,0,95694000.000,0,-,-,-,-,4036.0000,4035.8000,4035.6000,4035.4000,4035.2000,4039.2000,4039.4000,4039.6000,4039.8000,4040.0000,1,2,1,1,1,2,1,2,3,1
SF,IF2006,2020-02-19 09:30:40.400,4038.4000,24704,0,95694000.000,0,-,-,-,-,4036.2000,4036.0000,4035.8000,4035.6000,4035.4000,4039.0000,4039.2000,4039.4000,4039.6000,4039.8000,3,1,2,1,1,1,1,1,2,3
SF,IF2006,2020-02-19 09:30:40.900,4038.4000,24704,0,95694000.000,0,-,-,-,-,4037.4000,4036.2000,4036.0000,4035.8000,4035.6000,4039.0000,4039.2000,4039.4000,4039.6000,4039.8000,4,3,1,2,1,1,1,1,2,3
SF,IF2006,2020-02-19 09:30:41.400,4038.8000,24703,-1,96905640.000,1,0,1,双平,S,4036.2000,4036.0000,4035.8000,4035.6000,4035.4000,4038.8000,4039.0000,4039.4000,4039.6000,4039.8000,2,1,1,1,1,2,4,1,2,3
SF,IF2006,2020-02-19 09:30:41.900,4038.8000,24703,0,96905640.000,0,-,-,-,-,4036.4000,4036.2000,4036.0000,4035.8000,4035.6000,4038.4000,4039.0000,4039.4000,4039.6000,4039.8000,1,2,1,1,1,2,4,1,2,3
SF,IF2006,2020-02-19 09:30:42.400,4038.8000,24703,0,96905640.000,0,-,-,-,-,4036.6000,4036.4000,4036.2000,4036.0000,4035.8000,4038.4000,4039.0000,4039.4000,4039.6000,4039.8000,2,1,1,1,1,2,2,1,2,3
SF,IF2006,2020-02-19 09:30:42.900,4038.8000,24703,0,96905640.000,0,-,-,-,-,4037.0000,4036.6000,4036.4000,4036.2000,4036.0000,4038.4000,4039.0000,4039.4000,4039.6000,4039.8000,4,2,1,1,1,2,2,1,2,3
SF,IF2006,2020-02-19 09:30:43.400,4038.8000,24703,0,96905640.000,0,-,-,-,-,4037.2000,4036.4000,4036.2000,4036.0000,4035.8000,4038.4000,4039.0000,4039.4000,4039.6000,4039.8000,2,1,1,1,1,2,2,2,2,3
SF,IF2006,2020-02-19 09:30:43.900,4038.8000,24703,0,96905640.000,0,-,-,-,-,4037.2000,4036.4000,4036.2000,4036.0000,4035.8000,4038.4000,4038.8000,4039.0000,4039.4000,4039.6000,2,1,1,1,1,2,1,2,2,2
SF,IF2006,2020-02-19 09:30:44.400,4038.8000,24703,0,96905640.000,0,-,-,-,-,4037.4000,4037.2000,4036.2000,4036.0000,4035.8000,4038.4000,4038.8000,4039.0000,4039.4000,4039.6000,1,2,1,1,1,2,1,2,2,2
SF,IF2006,2020-02-19 09:30:44.900,4038.8000,24703,0,96905640.000,0,-,-,-,-,4037.6000,4037.4000,4036.2000,4036.0000,4035.8000,4038.4000,4038.8000,4039.0000,4039.4000,4039.6000,2,1,1,1,1,2,1,2,2,2
SF,IF2006,2020-02-19 09:30:45.400,4038.8000,24703,0,96905640.000,0,-,-,-,-,4037.6000,4037.4000,4036.2000,4036.0000,4035.8000,4038.4000,4038.8000,4039.0000,4039.4000,4039.6000,1,1,1,1,1,2,1,2,2,2
SF,IF2006,2020-02-19 09:30:45.900,4036.2000,24704,1,98116500.000,1,1,0,双开,S,4036.0000,4035.8000,4035.6000,4035.4000,4035.2000,4036.2000,4038.4000,4038.8000,4039.0000,4039.4000,1,1,1,1,1,1,2,1,2,2
SF,IF2006,2020-02-19 09:30:46.400,4036.2000,24704,0,99327360.000,1,0,1,多换,S,4037.8000,4036.8000,4036.6000,4036.4000,4036.2000,4038.4000,4038.8000,4039.0000,4039.4000,4039.6000,1,4,1,1,7,2,1,2,2,2
SF,IF2006,2020-02-19 09:30:46.900,4038.2000,24702,-2,101750100.000,2,0,2,双平,S,4036.8000,4036.6000,4036.4000,4036.2000,4036.0000,4038.4000,4038.8000,4039.0000,4039.4000,4039.6000,4,1,1,5,2,2,2,2,2,2
SF,IF2006,2020-02-19 09:30:47.400,4038.2000,24702,0,101750100.000,0,-,-,-,-,4037.0000,4036.6000,4036.4000,4036.2000,4036.0000,4038.2000,4038.4000,4038.8000,4039.0000,4039.4000,1,1,1,4,3,2,2,2,2,2
SF,IF2006,2020-02-19 09:30:47.900,4038.2000,24702,0,101750100.000,0,-,-,-,-,4037.0000,4036.8000,4036.6000,4036.4000,4036.2000,4038.2000,4038.4000,4038.8000,4039.0000,4039.4000,1,1,1,1,5,2,2,2,2,2
SF,IF2006,2020-02-19 09:30:48.400,4037.0000,24701,-1,102961200.000,1,0,1,双平,S,4036.8000,4036.6000,4036.4000,4036.2000,4036.0000,4038.0000,4038.2000,4038.4000,4038.8000,4039.0000,1,1,1,5,3,1,2,2,1,2
SF,IF2006,2020-02-19 09:30:48.900,4037.8000,24700,-1,104172540.000,1,0,1,双平,S,4036.8000,4036.6000,4036.4000,4036.2000,4036.0000,4037.8000,4038.0000,4038.4000,4038.8000,4039.0000,1,1,1,4,3,1,2,2,1,2
SF,IF2006,2020-02-19 09:30:49.400,4037.8000,24700,0,104172540.000,0,-,-,-,-,4036.8000,4036.6000,4036.4000,4036.2000,4036.0000,4037.6000,4038.0000,4038.4000,4038.8000,4039.0000,1,1,1,4,3,1,3,2,1,3
SF,IF2006,2020-02-19 09:30:49.900,4037.8000,24700,0,104172540.000,0,-,-,-,-,4036.8000,4036.6000,4036.4000,4036.2000,4036.0000,4038.0000,4038.2000,4038.4000,4038.8000,4039.0000,1,1,1,4,3,3,1,2,1,3
SF,IF2006,2020-02-19 09:30:50.400,4037.8000,24700,0,104172540.000,0,-,-,-,-,4037.0000,4036.6000,4036.4000,4036.2000,4036.0000,4038.0000,4038.2000,4038.4000,4038.8000,4039.0000,1,1,1,4,3,2,1,2,1,3
SF,IF2006,2020-02-19 09:30:50.900,4037.8000,24700,0,104172540.000,0,-,-,-,-,4036.6000,4036.4000,4036.2000,4036.0000,4035.0000,4038.0000,4038.2000,4038.4000,4038.8000,4039.0000,1,1,3,3,1,1,1,2,1,2
SF,IF2006,2020-02-19 09:30:51.400,4038.0000,24700,0,105383940.000,1,0,1,多换,S,4038.0000,4036.6000,4036.4000,4036.2000,4036.0000,4038.2000,4038.4000,4038.8000,4039.0000,4039.4000,3,1,1,3,3,1,2,1,2,2
SF,IF2006,2020-02-19 09:30:51.900,4038.0000,24697,-3,109018140.000,3,0,3,双平,S,4036.6000,4036.4000,4036.2000,4036.0000,4035.0000,4038.2000,4038.4000,4038.8000,4039.0000,4039.4000,1,1,3,3,1,1,2,1,2,2
SF,IF2006,2020-02-19 09:30:52.400,4036.8000,24696,-1,110229180.000,1,0,1,双平,S,4036.6000,4036.4000,4036.2000,4036.0000,4035.0000,4038.0000,4038.2000,4038.4000,4038.8000,4039.0000,1,1,3,3,1,1,1,2,1,2
SF,IF2006,2020-02-19 09:30:52.900,4036.8000,24696,0,110229180.000,0,-,-,-,-,4036.6000,4036.4000,4036.2000,4036.0000,4035.0000,4037.8000,4038.2000,4038.4000,4038.8000,4039.0000,1,1,3,3,2,1,1,2,1,2
SF,IF2006,2020-02-19 09:30:53.400,4037.6000,24695,-1,111440460.000,1,0,1,双平,S,4036.6000,4036.4000,4036.2000,4036.0000,4035.0000,4037.6000,4038.2000,4038.4000,4038.8000,4039.0000,1,1,3,2,2,1,1,2,1,2
SF,IF2006,2020-02-19 09:30:53.900,4037.6000,24695,0,111440460.000,0,-,-,-,-,4037.0000,4036.6000,4036.4000,4036.2000,4036.0000,4037.6000,4038.2000,4038.4000,4038.8000,4039.0000,1,1,1,3,2,1,1,2,1,2
SF,IF2006,2020-02-19 09:30:54.400,4037.0000,24694,-1,112651560.000,1,0,1,双平,S,4036.6000,4036.4000,4036.2000,4036.0000,4035.0000,4037.6000,4038.2000,4038.4000,4038.8000,4039.0000,1,1,3,2,2,1,1,2,1,2
SF,IF2006,2020-02-19 09:30:54.900,4037.4000,24691,-3,116284680.000,3,0,3,双平,S,4036.2000,4036.0000,4035.0000,4033.8000,4033.4000,4037.6000,4038.2000,4038.4000,4038.8000,4039.0000,2,2,2,3,3,1,1,2,1,1
SF,IF2006,2020-02-19 09:30:55.400,4037.4000,24691,0,117495900.000,1,0,1,多换,S,4036.0000,4035.0000,4033.8000,4033.4000,4030.0000,4037.4000,4037.6000,4038.2000,4038.4000,4038.8000,2,2,3,3,6,3,1,1,2,1
SF,IF2006,2020-02-19 09:30:55.900,4037.4000,24691,0,117495900.000,0,-,-,-,-,4036.0000,4035.0000,4033.8000,4033.4000,4030.0000,4037.4000,4037.6000,4038.2000,4038.4000,4038.8000,2,2,3,3,6,4,1,1,2,1
SF,IF2006,2020-02-19 09:30:56.400,4037.4000,24691,0,117495900.000,0,-,-,-,-,4036.0000,4035.0000,4033.8000,4033.4000,4030.0000,4037.2000,4037.4000,4037.6000,4038.2000,4038.4000,2,2,3,3,6,1,4,1,1,2
SF,IF2006,2020-02-19 09:30:56.900,4037.4000,24691,0,117495900.000,0,-,-,-,-,4036.0000,4035.0000,4033.8000,4033.4000,4030.0000,4037.0000,4037.2000,4037.4000,4037.6000,4038.2000,2,2,3,3,6,2,1,2,1,1
SF,IF2006,2020-02-19 09:30:57.400,4037.4000,24691,0,117495900.000,0,-,-,-,-,4036.0000,4035.0000,4033.8000,4033.4000,4030.0000,4037.0000,4037.2000,4037.4000,4037.6000,4038.2000,2,2,1,3,6,2,1,2,1,1
SF,IF2006,2020-02-19 09:30:57.900,4036.0000,24692,1,119917500.000,2,1,1,空开,S,4035.0000,4033.4000,4030.0000,4029.6000,4029.0000,4036.2000,4036.8000,4037.0000,4037.2000,4037.4000,2,3,6,1,3,1,1,2,1,1
SF,IF2006,2020-02-19 09:30:58.400,4036.0000,24692,0,119917500.000,0,-,-,-,-,4035.2000,4035.0000,4033.4000,4030.0000,4029.6000,4036.0000,4036.2000,4036.8000,4037.0000,4037.2000,1,2,3,6,1,1,1,1,2,1
SF,IF2006,2020-02-19 09:30:58.900,4036.0000,24692,0,119917500.000,0,-,-,-,-,4035.4000,4035.0000,4033.4000,4030.0000,4029.6000,4036.0000,4036.2000,4036.8000,4037.0000,4037.4000,1,2,3,6,1,1,1,1,2,1
SF,IF2006,2020-02-19 09:30:59.400,4036.0000,24692,0,119917500.000,0,-,-,-,-,4035.6000,4035.0000,4033.4000,4030.0000,4029.6000,4036.0000,4036.8000,4037.0000,4037.4000,4038.2000,1,2,3,6,1,1,1,2,1,1
SF,IF2006,2020-02-19 09:30:59.900,4036.0000,24692,0,119917500.000,0,-,-,-,-,4035.0000,4031.0000,4030.0000,4029.6000,4029.0000,4036.0000,4036.8000,4037.0000,4037.4000,4038.2000,2,3,6,1,3,1,1,2,1,1
SF,IF2006,2020-02-19 09:31:00.400,4036.0000,24692,0,119917500.000,0,-,-,-,-,4035.2000,4035.0000,4031.0000,4030.0000,4029.6000,4036.0000,4036.8000,4037.0000,4037.4000,4038.2000,1,2,3,6,1,1,1,2,1,1
SF,IF2006,2020-02-19 09:31:00.900,4036.0000,24692,0,119917500.000,0,-,-,-,-,4035.0000,4031.0000,4030.0000,4029.6000,4029.0000,4036.0000,4036.2000,4036.8000,4037.0000,4037.4000,2,3,6,1,3,1,1,1,2,1
SF,IF2006,2020-02-19 09:31:01.400,4036.0000,24692,0,119917500.000,0,-,-,-,-,4035.2000,4035.0000,4031.0000,4030.0000,4029.6000,4036.0000,4036.2000,4037.0000,4037.4000,4038.2000,1,2,3,6,1,1,1,2,1,1
SF,IF2006,2020-02-19 09:31:01.900,4036.0000,24691,-1,121128300.000,1,0,1,双平,S,4035.4000,4035.0000,4031.0000,4030.0000,4029.6000,4036.2000,4037.0000,4037.4000,4038.2000,4038.4000,1,2,3,6,1,1,2,1,2,2
SF,IF2006,2020-02-19 09:31:02.400,4036.0000,24691,0,121128300.000,0,-,-,-,-,4035.6000,4035.0000,4031.0000,4030.0000,4029.6000,4036.2000,4037.0000,4037.4000,4038.2000,4038.4000,1,2,3,6,1,1,2,1,2,2
SF,IF2006,2020-02-19 09:31:02.900,4036.0000,24691,0,121128300.000,0,-,-,-,-,4035.8000,4035.0000,4031.0000,4030.0000,4029.6000,4037.0000,4037.4000,4038.2000,4038.4000,4038.8000,1,2,3,6,1,2,1,2,2,1
SF,IF2006,2020-02-19 09:31:03.400,4035.0000,24690,-1,124760040.000,3,1,2,多平,S,4031.0000,4030.0000,4029.6000,4029.0000,4028.0000,4035.0000,4035.8000,4036.2000,4036.8000,4037.4000,3,6,1,3,2,3,1,1,2,1
SF,IF2006,2020-02-19 09:31:03.900,4035.0000,24691,1,127181040.000,2,1,1,空开,S,4033.8000,4033.4000,4032.6000,4032.4000,4032.0000,4035.0000,4035.8000,4037.4000,4038.2000,4038.4000,3,1,1,2,4,1,1,1,1,2
SF,IF2006,2020-02-19 09:31:04.400,4035.0000,24691,0,128391540.000,1,0,1,多换,S,4034.0000,4033.8000,4033.6000,4033.4000,4032.6000,4035.0000,4035.8000,4037.4000,4038.2000,4038.4000,2,1,1,1,1,1,1,1,1,2
SF,IF2006,2020-02-19 09:31:04.900,4034.0000,24690,-1,129601740.000,1,0,1,双平,S,4034.0000,4033.6000,4033.4000,4032.6000,4032.4000,4035.0000,4035.8000,4037.4000,4038.2000,4038.4000,1,1,1,1,2,1,1,1,1,2
SF,IF2006,2020-02-19 09:31:05.400,4034.0000,24690,0,129601740.000,0,-,-,-,-,4034.0000,4033.6000,4032.4000,4032.0000,4031.8000,4034.8000,4035.0000,4035.8000,4037.4000,4038.2000,1,1,1,4,1,1,1,1,1,1
SF,IF2006,2020-02-19 09:31:05.900,4034.0000,24690,0,129601740.000,0,-,-,-,-,4033.6000,4032.4000,4032.0000,4031.8000,4031.4000,4034.6000,4034.8000,4035.0000,4035.8000,4037.4000,1,1,4,1,1,1,1,1,1,1
SF,IF2006,2020-02-19 09:31:06.400,4034.0000,24690,0,129601740.000,0,-,-,-,-,4033.6000,4032.4000,4032.0000,4031.8000,4031.4000,4034.4000,4034.8000,4035.0000,4035.8000,4037.4000,1,1,3,1,1,2,1,1,1,1
SF,IF2006,2020-02-19 09:31:06.900,4034.0000,24690,0,129601740.000,0,-,-,-,-,4033.6000,4032.4000,4032.0000,4031.8000,4031.4000,4034.4000,4034.8000,4035.8000,4037.4000,4038.2000,1,1,3,1,1,2,1,1,1,1
SF,IF2006,2020-02-19 09:31:07.400,4034.0000,24690,0,129601740.000,0,-,-,-,-,4033.6000,4032.4000,4032.0000,4031.8000,4031.4000,4034.4000,4034.8000,4035.8000,4037.2000,4037.4000,1,1,3,1,1,2,1,1,2,1
SF,IF2006,2020-02-19 09:31:07.900,4033.6000,24690,0,130811820.000,1,0,1,多换,S,4032.4000,4032.0000,4031.8000,4031.4000,4031.2000,4034.0000,4034.4000,4037.2000,4037.4000,4038.2000,1,3,1,1,1,2,2,2,1,2
SF,IF2006,2020-02-19 09:31:08.400,4033.6000,24690,0,130811820.000,0,-,-,-,-,4032.6000,4032.4000,4032.0000,4031.8000,4031.2000,4033.8000,4034.0000,4037.2000,4037.4000,4038.2000,1,1,3,1,1,1,2,2,1,2
SF,IF2006,2020-02-19 09:31:08.900,4033.6000,24690,0,130811820.000,0,-,-,-,-,4032.6000,4032.4000,4032.0000,4031.8000,4031.2000,4033.0000,4034.0000,4037.2000,4037.4000,4038.2000,1,1,2,1,1,2,2,2,1,2
SF,IF2006,2020-02-19 09:31:09.400,4033.0000,24691,1,133231680.000,2,1,1,空开,S,4032.6000,4032.4000,4032.0000,4031.8000,4031.2000,4034.0000,4037.2000,4037.4000,4038.2000,4038.4000,1,1,2,1,1,2,2,1,2,2
SF,IF2006,2020-02-19 09:31:09.900,4033.0000,24691,0,133231680.000,0,-,-,-,-,4032.6000,4032.0000,4031.8000,4031.2000,4030.0000,4033.8000,4034.0000,4037.2000,4037.4000,4038.2000,1,2,1,1,6,2,2,2,1,2
SF,IF2006,2020-02-19 09:31:10.400,4033.0000,24691,0,133231680.000,0,-,-,-,-,4030.0000,4029.0000,4028.8000,4028.0000,4026.8000,4033.4000,4033.8000,4034.0000,4037.2000,4037.4000,1,3,1,1,3,1,1,2,2,1
SF,IF2006,2020-02-19 09:31:10.900,4033.0000,24691,0,133231680.000,0,-,-,-,-,4031.0000,4030.6000,4030.4000,4030.2000,4030.0000,4032.6000,4034.0000,4037.2000,4037.4000,4038.2000,1,1,3,2,1,1,2,2,1,2
SF,IF2006,2020-02-19 09:31:11.400,4033.0000,24691,0,133231680.000,0,-,-,-,-,4031.2000,4031.0000,4030.6000,4030.4000,4030.0000,4032.6000,4034.0000,4037.2000,4037.4000,4038.2000,2,1,1,3,1,2,2,2,1,2
SF,IF2006,2020-02-19 09:31:11.900,4033.0000,24691,0,133231680.000,0,-,-,-,-,4031.2000,4031.0000,4030.6000,4030.4000,4030.0000,4032.6000,4034.0000,4037.2000,4037.4000,4038.2000,2,1,1,1,1,2,2,2,1,2
SF,IF2006,2020-02-19 09:31:12.400,4033.0000,24691,0,133231680.000,0,-,-,-,-,4031.2000,4031.0000,4030.6000,4030.4000,4030.0000,4032.4000,4032.6000,4034.0000,4037.4000,4038.2000,1,1,1,1,1,1,2,2,1,2
SF,IF2006,2020-02-19 09:31:12.900,4031.2000,24690,-1,134441040.000,1,0,1,双平,S,4031.0000,4030.6000,4030.4000,4030.0000,4029.8000,4032.6000,4034.0000,4037.4000,4038.2000,4038.4000,1,1,1,1,1,2,2,1,2,2
SF,IF2006,2020-02-19 09:31:13.400,4030.6000,24691,1,136859520.000,2,1,1,空开,S,4030.0000,4029.8000,4029.0000,4028.8000,4028.0000,4032.4000,4032.6000,4034.0000,4037.4000,4038.2000,2,1,3,1,1,1,2,2,1,2
SF,IF2006,2020-02-19 09:31:13.900,4030.6000,24691,0,136859520.000,0,-,-,-,-,4030.0000,4029.8000,4029.0000,4028.8000,4028.0000,4032.2000,4032.6000,4034.0000,4037.4000,4038.2000,2,1,3,1,1,3,2,2,1,2
SF,IF2006,2020-02-19 09:31:14.400,4030.6000,24691,0,136859520.000,0,-,-,-,-,4030.0000,4029.8000,4029.0000,4028.0000,4025.8000,4032.2000,4032.6000,4034.0000,4037.4000,4038.2000,2,1,3,1,1,1,2,2,1,2
SF,IF2006,2020-02-19 09:31:14.900,4030.6000,24691,0,136859520.000,0,-,-,-,-,4030.0000,4029.8000,4028.0000,4026.2000,4025.8000,4032.2000,4032.6000,4034.0000,4037.4000,4038.2000,2,1,1,3,1,1,2,2,1,2
SF,IF2006,2020-02-19 09:31:15.400,4030.0000,24691,0,138068520.000,1,0,1,多换,S,4030.0000,4029.8000,4028.0000,4026.2000,4025.8000,4032.2000,4032.6000,4034.0000,4037.4000,4038.2000,1,1,1,3,1,1,2,2,1,2
SF,IF2006,2020-02-19 09:31:15.900,4030.0000,24691,0,138068520.000,0,-,-,-,-,4030.0000,4029.8000,4028.0000,4026.2000,4025.8000,4032.0000,4032.2000,4032.6000,4034.0000,4037.4000,1,1,1,3,1,2,1,2,2,1
SF,IF2006,2020-02-19 09:31:16.400,4030.0000,24691,0,138068520.000,0,-,-,-,-,4030.0000,4029.8000,4028.0000,4026.2000,4025.8000,4031.8000,4032.0000,4032.6000,4034.0000,4037.4000,1,1,1,3,1,3,1,2,2,1
SF,IF2006,2020-02-19 09:31:16.900,4030.0000,24691,0,138068520.000,0,-,-,-,-,4030.0000,4028.0000,4027.8000,4026.2000,4025.8000,4031.8000,4032.0000,4032.6000,4034.0000,4037.4000,1,1,1,3,1,2,1,2,2,1
SF,IF2006,2020-02-19 09:31:17.400,4030.0000,24691,0,138068520.000,0,-,-,-,-,4030.2000,4030.0000,4028.6000,4028.0000,4027.8000,4031.8000,4032.6000,4034.0000,4037.4000,4038.2000,1,1,1,1,1,1,2,2,1,2
SF,IF2006,2020-02-19 09:31:17.900,4030.0000,24691,0,138068520.000,0,-,-,-,-,4030.2000,4030.0000,4028.6000,4028.0000,4027.8000,4031.6000,4032.6000,4034.0000,4037.4000,4038.2000,1,1,1,1,1,1,2,2,1,2
SF,IF2006,2020-02-19 09:31:18.400,4030.0000,24691,0,138068520.000,0,-,-,-,-,4030.2000,4030.0000,4028.6000,4028.0000,4027.8000,4031.4000,4032.6000,4034.0000,4037.4000,4038.2000,1,1,1,1,1,1,2,2,1,2
SF,IF2006,2020-02-19 09:31:18.900,4030.0000,24691,0,138068520.000,0,-,-,-,-,4030.2000,4030.0000,4028.6000,4028.0000,4027.8000,4031.2000,4031.8000,4032.6000,4034.0000,4037.4000,1,1,1,1,1,1,1,2,2,1
SF,IF2006,2020-02-19 09:31:19.400,4031.0000,24690,-1,139277820.000,1,0,1,双平,S,4030.0000,4028.6000,4028.0000,4027.8000,4026.2000,4031.0000,4031.8000,4032.6000,4034.0000,4037.4000,2,1,1,1,3,1,1,2,2,1
SF,IF2006,2020-02-19 09:31:19.900,4031.0000,24690,0,139277820.000,0,-,-,-,-,4030.0000,4028.6000,4028.0000,4027.8000,4026.2000,4031.8000,4032.6000,4034.0000,4037.4000,4038.2000,2,1,1,1,3,1,2,2,1,2
SF,IF2006,2020-02-19 09:31:20.400,4031.0000,24690,0,139277820.000,0,-,-,-,-,4030.0000,4028.6000,4028.0000,4027.8000,4026.2000,4030.2000,4031.6000,4031.8000,4032.6000,4034.0000,2,1,1,1,3,2,2,1,2,2
SF,IF2006,2020-02-19 09:31:20.900,4030.2000,24688,-2,141695940.000,2,0,2,双平,S,4030.2000,4030.0000,4028.6000,4028.0000,4027.8000,4031.8000,4032.6000,4034.0000,4037.4000,4038.2000,1,3,1,1,1,1,1,2,1,1
SF,IF2006,2020-02-19 09:31:21.400,4030.2000,24688,0,141695940.000,0,-,-,-,-,4030.4000,4030.2000,4030.0000,4028.0000,4027.8000,4031.8000,4032.6000,4034.0000,4037.4000,4038.2000,2,1,3,1,1,1,1,2,1,1
SF,IF2006,2020-02-19 09:31:21.900,4030.2000,24688,0,141695940.000,0,-,-,-,-,4030.4000,4030.2000,4030.0000,4028.0000,4027.8000,4031.8000,4032.6000,4034.0000,4037.4000,4038.2000,2,1,3,1,1,1,1,2,1,1
SF,IF2006,2020-02-19 09:31:22.400,4030.2000,24687,-1,142905000.000,1,0,1,双平,S,4030.0000,4028.0000,4027.8000,4026.2000,4025.8000,4031.6000,4031.8000,4032.6000,4034.0000,4037.4000,3,1,1,3,1,1,1,1,2,1
SF,IF2006,2020-02-19 09:31:22.900,4030.2000,24687,0,142905000.000,0,-,-,-,-,4030.0000,4028.0000,4027.8000,4026.2000,4025.8000,4031.4000,4031.8000,4032.6000,4034.0000,4037.4000,3,1,1,3,1,1,1,1,2,1
SF,IF2006,2020-02-19 09:31:23.400,4030.2000,24687,0,142905000.000,0,-,-,-,-,4030.2000,4030.0000,4028.0000,4027.8000,4026.2000,4031.6000,4031.8000,4032.6000,4034.0000,4037.4000,2,3,1,1,3,1,1,1,2,1
SF,IF2006,2020-02-19 09:31:24.400,4030.2000,24687,0,142905000.000,0,-,-,-,-,4030.2000,4030.0000,4028.0000,4027.8000,4026.2000,4031.4000,4031.6000,4031.8000,4032.6000,4034.0000,1,3,1,1,3,1,1,1,1,2
SF,IF2006,2020-02-19 09:31:24.900,4030.2000,24687,0,142905000.000,0,-,-,-,-,4030.2000,4030.0000,4028.0000,4027.8000,4026.2000,4031.6000,4031.8000,4032.6000,4034.0000,4037.4000,1,3,1,1,3,1,1,1,2,1
SF,IF2006,2020-02-19 09:31:25.400,4031.6000,24687,0,144114480.000,1,0,1,多换,S,4030.4000,4030.2000,4030.0000,4028.0000,4027.8000,4031.8000,4032.6000,4034.0000,4037.4000,4038.2000,1,1,3,1,1,1,1,2,1,1
SF,IF2006,2020-02-19 09:31:25.900,4031.6000,24687,0,144114480.000,0,-,-,-,-,4030.2000,4030.0000,4028.0000,4027.8000,4026.2000,4031.8000,4032.6000,4034.0000,4037.4000,4038.2000,1,3,1,1,3,1,1,2,1,1
SF,IF2006,2020-02-19 09:31:26.400,4031.6000,24687,0,144114480.000,0,-,-,-,-,4031.4000,4030.2000,4030.0000,4028.0000,4027.8000,4031.6000,4031.8000,4032.6000,4034.0000,4037.4000,1,1,3,1,1,1,1,1,2,1
SF,IF2006,2020-02-19 09:31:26.900,4031.4000,24687,0,145323900.000,1,0,1,多换,S,4030.0000,4028.0000,4027.8000,4026.2000,4025.8000,4031.8000,4032.6000,4034.0000,4037.4000,4038.2000,3,1,1,3,1,1,1,2,1,1
SF,IF2006,2020-02-19 09:31:27.400,4031.4000,24687,0,145323900.000,0,-,-,-,-,4030.2000,4030.0000,4028.0000,4027.8000,4026.2000,4031.6000,4031.8000,4032.6000,4034.0000,4037.4000,1,3,1,1,3,1,1,1,2,1
SF,IF2006,2020-02-19 09:31:27.900,4031.4000,24687,0,145323900.000,0,-,-,-,-,4030.0000,4028.0000,4027.8000,4026.2000,4025.8000,4031.4000,4031.8000,4032.6000,4034.0000,4037.4000,3,1,1,3,1,1,1,1,2,1
SF,IF2006,2020-02-19 09:31:28.400,4031.4000,24686,-1,146533320.000,1,0,1,双平,S,4030.2000,4030.0000,4028.0000,4027.8000,4026.2000,4031.8000,4032.6000,4034.0000,4037.4000,4038.2000,1,4,1,1,3,1,1,2,1,1
SF,IF2006,2020-02-19 09:31:28.900,4031.4000,24686,0,146533320.000,0,-,-,-,-,4030.0000,4028.0000,4027.8000,4026.2000,4025.8000,4031.8000,4032.6000,4034.0000,4037.4000,4038.2000,4,1,1,3,1,1,1,2,1,1
SF,IF2006,2020-02-19 09:31:29.400,4030.0000,24683,-3,150160320.000,3,0,3,双平,S,4030.0000,4028.0000,4027.8000,4026.2000,4025.8000,4031.8000,4032.6000,4034.0000,4037.4000,4038.2000,1,1,1,3,1,1,1,2,1,1
SF,IF2006,2020-02-19 09:31:29.900,4030.0000,24683,0,150160320.000,0,-,-,-,-,4030.0000,4028.0000,4027.8000,4026.2000,4025.8000,4031.6000,4031.8000,4032.0000,4032.6000,4034.0000,1,1,1,3,1,2,1,1,1,2
SF,IF2006,2020-02-19 09:31:30.400,4030.0000,24683,0,150160320.000,0,-,-,-,-,4030.0000,4028.0000,4027.8000,4026.2000,4025.8000,4031.4000,4031.6000,4031.8000,4032.0000,4032.6000,1,1,1,3,1,2,2,1,1,1
SF,IF2006,2020-02-19 09:31:30.900,4030.0000,24683,0,150160320.000,0,-,-,-,-,4030.0000,4029.8000,4028.4000,4028.0000,4027.8000,4031.2000,4031.4000,4031.6000,4031.8000,4032.0000,1,1,1,1,1,1,2,1,1,1
SF,IF2006,2020-02-19 09:31:31.900,4030.0000,24683,0,150160320.000,0,-,-,-,-,4030.0000,4029.8000,4028.4000,4028.0000,4027.8000,4031.2000,4031.4000,4031.6000,4031.8000,4032.0000,1,1,1,1,1,1,2,1,1,2
SF,IF2006,2020-02-19 09:31:32.400,4030.0000,24683,0,150160320.000,0,-,-,-,-,4030.0000,4029.8000,4028.4000,4028.0000,4027.8000,4030.8000,4031.2000,4031.4000,4031.6000,4031.8000,1,1,1,1,1,1,1,2,1,1
SF,IF2006,2020-02-19 09:31:32.900,4030.0000,24683,0,150160320.000,0,-,-,-,-,4030.0000,4029.8000,4028.4000,4028.0000,4027.8000,4030.8000,4031.2000,4031.4000,4031.6000,4031.8000,1,1,1,1,1,1,1,2,1,1
SF,IF2006,2020-02-19 09:31:33.900,4030.8000,24682,-1,151369560.000,1,0,1,双平,S,4030.0000,4029.8000,4028.0000,4027.8000,4026.2000,4031.2000,4031.4000,4031.6000,4031.8000,4032.0000,1,1,1,1,3,1,3,1,1,2
SF,IF2006,2020-02-19 09:31:34.400,4030.0000,24681,-1,152578560.000,1,0,1,双平,S,4029.8000,4028.0000,4027.8000,4026.2000,4025.8000,4031.0000,4031.2000,4031.4000,4031.6000,4031.8000,1,1,1,3,1,3,1,1,1,1
SF,IF2006,2020-02-19 09:31:35.400,4030.0000,24681,0,153787560.000,1,0,1,多换,S,4029.8000,4028.0000,4027.8000,4026.2000,4025.8000,4031.0000,4031.2000,4031.4000,4031.6000,4031.8000,1,1,1,3,1,1,1,1,1,1
SF,IF2006,2020-02-19 09:31:35.900,4030.0000,24681,0,153787560.000,0,-,-,-,-,4030.0000,4029.8000,4028.0000,4027.8000,4026.2000,4031.0000,4031.4000,4031.6000,4031.8000,4032.0000,1,1,1,1,3,1,1,1,1,2
SF,IF2006,2020-02-19 09:31:36.400,4031.0000,24681,0,154996860.000,1,0,1,多换,S,4030.2000,4029.8000,4028.0000,4027.8000,4026.2000,4031.4000,4031.6000,4031.8000,4032.0000,4032.6000,2,1,1,1,3,1,1,1,2,1
SF,IF2006,2020-02-19 09:31:36.900,4031.0000,24681,0,154996860.000,0,-,-,-,-,4030.2000,4029.8000,4028.0000,4027.8000,4026.2000,4031.4000,4031.6000,4031.8000,4032.0000,4032.6000,2,1,1,1,3,1,1,1,2,1
SF,IF2006,2020-02-19 09:31:37.400,4031.0000,24681,0,154996860.000,0,-,-,-,-,4030.2000,4029.8000,4028.0000,4027.8000,4026.2000,4031.4000,4031.6000,4031.8000,4032.0000,4032.6000,2,1,1,1,3,1,1,1,1,1
SF,IF2006,2020-02-19 09:31:37.900,4032.0000,24680,-1,159834900.000,4,1,3,多平,S,4030.2000,4029.8000,4028.0000,4027.8000,4026.2000,4032.6000,4034.0000,4036.8000,4037.4000,4038.2000,2,1,1,1,3,1,2,1,1,1
SF,IF2006,2020-02-19 09:31:38.400,4032.0000,24680,0,159834900.000,0,-,-,-,-,4030.6000,4030.2000,4029.8000,4028.0000,4027.8000,4030.8000,4032.6000,4034.0000,4036.8000,4037.4000,1,1,1,1,1,4,1,2,1,1
SF,IF2006,2020-02-19 09:31:38.900,4030.8000,24676,-4,164671860.000,4,0,4,双平,S,4030.8000,4030.6000,4030.2000,4029.8000,4028.0000,4031.0000,4034.0000,4036.8000,4037.4000,4038.2000,6,1,1,1,1,1,2,1,1,1
SF,IF2006,2020-02-19 09:31:39.400,4031.0000,24675,-1,165881160.000,1,0,1,双平,S,4031.0000,4030.8000,4030.2000,4029.8000,4028.0000,4034.0000,4036.8000,4037.4000,4038.2000,4038.4000,4,1,1,1,1,2,1,1,1,2
SF,IF2006,2020-02-19 09:31:39.900,4031.0000,24675,0,165881160.000,0,-,-,-,-,4031.8000,4031.0000,4030.2000,4029.8000,4028.0000,4033.8000,4034.0000,4036.8000,4037.4000,4038.2000,1,3,1,1,1,1,2,1,1,1
SF,IF2006,2020-02-19 09:31:40.400,4031.0000,24675,0,165881160.000,0,-,-,-,-,4032.0000,4031.8000,4031.0000,4030.2000,4029.8000,4033.8000,4034.0000,4036.8000,4037.4000,4038.2000,2,1,3,1,1,1,2,1,1,1
SF,IF2006,2020-02-19 09:31:40.900,4031.0000,24675,0,165881160.000,0,-,-,-,-,4032.0000,4031.0000,4030.2000,4029.8000,4028.0000,4033.8000,4034.0000,4036.8000,4037.4000,4038.2000,4,4,1,1,1,1,2,1,1,1
SF,IF2006,2020-02-19 09:31:41.400,4031.0000,24675,0,165881160.000,0,-,-,-,-,4032.8000,4032.4000,4032.2000,4032.0000,4031.8000,4034.0000,4036.8000,4037.4000,4038.2000,4038.4000,1,3,1,4,1,2,1,1,1,2
SF,IF2006,2020-02-19 09:31:41.900,4031.0000,24675,0,165881160.000,0,-,-,-,-,4033.0000,4032.8000,4032.4000,4032.2000,4032.0000,4034.0000,4036.8000,4037.4000,4038.2000,4038.4000,1,1,3,2,3,2,1,1,1,2
SF,IF2006,2020-02-19 09:31:42.400,4031.0000,24675,0,165881160.000,0,-,-,-,-,4032.8000,4032.4000,4032.2000,4032.0000,4031.8000,4034.0000,4036.8000,4037.4000,4038.2000,4038.4000,1,3,1,3,1,2,1,1,1,2
SF,IF2006,2020-02-19 09:31:42.900,4031.0000,24675,0,165881160.000,0,-,-,-,-,4032.8000,4032.2000,4032.0000,4031.8000,4031.6000,4034.0000,4036.8000,4037.4000,4038.2000,4038.4000,1,1,3,1,1,2,1,1,1,2
SF,IF2006,2020-02-19 09:31:43.400,4033.8000,24674,-1,167091300.000,1,0,1,双平,S,4032.8000,4032.2000,4032.0000,4031.6000,4031.2000,4034.0000,4036.8000,4037.4000,4038.2000,4038.4000,1,1,3,1,1,2,1,1,1,2
SF,IF2006,2020-02-19 09:31:43.900,4033.8000,24674,0,167091300.000,0,-,-,-,-,4032.0000,4031.6000,4031.2000,4031.0000,4030.6000,4033.8000,4034.0000,4036.8000,4037.4000,4038.2000,2,1,1,4,1,1,2,1,1,1
SF,IF2006,2020-02-19 09:31:44.400,4033.8000,24674,0,167091300.000,0,-,-,-,-,4032.2000,4031.6000,4031.0000,4030.6000,4030.2000,4033.6000,4033.8000,4034.0000,4036.8000,4037.4000,1,1,8,1,1,1,1,2,1,1
SF,IF2006,2020-02-19 09:31:44.900,4033.8000,24674,0,167091300.000,0,-,-,-,-,4031.0000,4030.6000,4030.2000,4029.8000,4029.6000,4033.6000,4033.8000,4034.0000,4036.0000,4036.8000,8,1,1,1,1,2,1,2,1,1
SF,IF2006,2020-02-19 09:31:45.400,4033.8000,24674,0,167091300.000,0,-,-,-,-,4032.0000,4031.4000,4031.2000,4031.0000,4030.6000,4033.6000,4034.0000,4036.0000,4036.8000,4037.4000,1,1,1,8,1,1,2,1,1,1
SF,IF2006,2020-02-19 09:31:45.900,4033.8000,24674,0,167091300.000,0,-,-,-,-,4032.2000,4031.4000,4031.2000,4031.0000,4030.6000,4034.0000,4036.0000,4036.8000,4037.4000,4038.2000,1,1,1,7,1,2,1,1,1,1
SF,IF2006,2020-02-19 09:31:46.400,4033.8000,24674,0,167091300.000,0,-,-,-,-,4032.4000,4032.0000,4031.4000,4031.0000,4030.6000,4034.0000,4036.0000,4036.8000,4037.4000,4038.2000,2,2,1,7,1,2,1,1,1,1
SF,IF2006,2020-02-19 09:31:46.900,4033.8000,24674,0,167091300.000,0,-,-,-,-,4032.4000,4031.0000,4030.6000,4030.2000,4029.8000,4034.0000,4036.0000,4036.8000,4037.4000,4038.2000,2,7,1,1,1,2,1,1,1,1
SF,IF2006,2020-02-19 09:31:47.400,4034.0000,24674,0,169511700.000,2,1,1,多换,S,4032.6000,4032.4000,4031.0000,4030.6000,4030.2000,4036.0000,4036.8000,4037.4000,4038.2000,4038.4000,1,2,7,1,1,1,1,1,1,2
SF,IF2006,2020-02-19 09:31:47.900,4034.0000,24674,0,169511700.000,0,-,-,-,-,4034.2000,4032.8000,4032.6000,4031.0000,4030.6000,4035.8000,4036.0000,4036.2000,4036.8000,4037.4000,1,1,1,7,1,2,1,1,1,1
SF,IF2006,2020-02-19 09:31:48.400,4034.0000,24674,0,169511700.000,0,-,-,-,-,4034.4000,4034.2000,4032.8000,4032.6000,4031.0000,4035.6000,4035.8000,4036.0000,4036.2000,4036.8000,1,1,1,1,5,5,2,1,1,1
SF,IF2006,2020-02-19 09:31:48.900,4035.4000,24674,0,170722320.000,1,0,1,多换,S,4034.2000,4032.8000,4032.6000,4032.4000,4031.0000,4035.4000,4036.0000,4036.2000,4036.8000,4037.4000,1,1,1,1,5,5,1,1,1,1
SF,IF2006,2020-02-19 09:31:49.400,4035.4000,24672,-2,173143560.000,2,0,2,双平,S,4034.4000,4034.2000,4032.6000,4032.4000,4031.0000,4035.4000,4036.0000,4036.2000,4036.8000,4037.4000,2,1,1,1,5,3,1,1,1,1
SF,IF2006,2020-02-19 09:31:49.900,4035.4000,24672,0,173143560.000,0,-,-,-,-,4034.6000,4034.4000,4034.2000,4032.4000,4031.0000,4036.0000,4036.2000,4036.8000,4037.4000,4038.2000,1,2,1,1,5,1,1,1,1,1
SF,IF2006,2020-02-19 09:31:50.400,4036.0000,24672,0,174354360.000,1,0,1,多换,S,4036.0000,4034.8000,4034.6000,4034.4000,4034.2000,4036.2000,4036.8000,4037.4000,4038.2000,4038.4000,1,1,1,1,1,1,1,1,1,2
SF,IF2006,2020-02-19 09:31:50.900,4036.2000,24672,0,176776020.000,2,1,1,多换,S,4035.4000,4034.8000,4034.6000,4034.4000,4034.2000,4036.8000,4037.4000,4038.2000,4038.4000,4038.8000,1,1,1,1,1,1,1,1,2,1
SF,IF2006,2020-02-19 09:31:51.400,4035.6000,24672,0,179197380.000,2,1,1,多换,S,4035.4000,4034.8000,4034.4000,4034.2000,4032.4000,4036.8000,4037.4000,4038.2000,4038.4000,4038.8000,2,1,1,1,1,1,1,1,2,1
SF,IF2006,2020-02-19 09:31:51.900,4035.6000,24672,0,179197380.000,0,-,-,-,-,4035.6000,4035.4000,4035.2000,4034.2000,4032.4000,4036.8000,4037.4000,4038.2000,4038.4000,4038.8000,1,2,1,1,1,1,1,1,2,1
SF,IF2006,2020-02-19 09:31:52.400,4035.6000,24672,0,179197380.000,0,-,-,-,-,4035.8000,4035.4000,4034.2000,4032.4000,4031.0000,4036.8000,4037.4000,4038.2000,4038.4000,4038.8000,1,2,1,1,1,1,1,1,2,1
SF,IF2006,2020-02-19 09:31:52.900,4035.4000,24672,0,181618740.000,2,1,1,多换,S,4035.4000,4034.2000,4031.0000,4030.6000,4029.8000,4036.8000,4037.4000,4038.2000,4038.4000,4038.8000,1,1,1,1,1,1,1,1,2,1
SF,IF2006,2020-02-19 09:31:53.400,4035.4000,24672,0,181618740.000,0,-,-,-,-,4035.4000,4034.2000,4031.0000,4030.6000,4029.8000,4036.8000,4037.4000,4038.2000,4038.4000,4038.8000,1,1,1,1,1,1,1,1,2,1
SF,IF2006,2020-02-19 09:31:53.900,4035.4000,24672,0,181618740.000,0,-,-,-,-,4035.4000,4034.2000,4031.0000,4030.6000,4029.8000,4036.6000,4036.8000,4037.4000,4038.2000,4038.4000,1,1,1,1,1,3,1,1,1,2
SF,IF2006,2020-02-19 09:31:54.400,4036.6000,24672,0,184040580.000,2,1,1,多换,S,4036.2000,4035.4000,4034.2000,4031.0000,4030.6000,4036.8000,4037.4000,4038.2000,4038.4000,4038.8000,3,1,1,1,1,1,1,1,2,1
SF,IF2006,2020-02-19 09:31:54.900,4036.2000,24669,-3,187673160.000,3,0,3,双平,S,4035.4000,4034.2000,4031.0000,4030.6000,4029.8000,4036.8000,4037.4000,4038.2000,4038.4000,4038.8000,1,1,1,1,1,1,1,1,2,1
SF,IF2006,2020-02-19 09:31:55.400,4036.2000,24669,0,187673160.000,0,-,-,-,-,4035.4000,4034.2000,4031.0000,4030.6000,4029.8000,4036.8000,4037.4000,4038.0000,4038.2000,4038.4000,1,1,1,1,1,1,1,1,1,2
SF,IF2006,2020-02-19 09:31:55.900,4036.2000,24669,0,187673160.000,0,-,-,-,-,4035.6000,4035.4000,4031.0000,4030.6000,4029.8000,4036.8000,4037.4000,4038.0000,4038.2000,4038.4000,1,1,1,1,1,1,1,1,1,3
SF,IF2006,2020-02-19 09:31:56.400,4035.4000,24670,1,188883780.000,1,1,0,双开,S,4031.0000,4030.6000,4029.8000,4029.6000,4029.2000,4036.6000,4036.8000,4037.4000,4038.0000,4038.2000,1,1,1,1,1,2,1,1,1,1
SF,IF2006,2020-02-19 09:31:56.900,4035.4000,24670,0,188883780.000,0,-,-,-,-,4034.8000,4034.4000,4033.8000,4033.2000,4032.6000,4036.4000,4036.6000,4036.8000,4037.4000,4038.0000,1,2,2,1,1,2,2,1,1,1
SF,IF2006,2020-02-19 09:31:57.400,4035.4000,24670,0,188883780.000,0,-,-,-,-,4035.0000,4034.8000,4033.8000,4033.2000,4032.6000,4036.6000,4036.8000,4037.4000,4038.0000,4038.2000,1,1,2,1,1,2,1,1,1,1
SF,IF2006,2020-02-19 09:31:57.900,4035.4000,24670,0,188883780.000,0,-,-,-,-,4036.6000,4035.0000,4034.8000,4033.8000,4033.2000,4036.8000,4037.4000,4038.0000,4038.2000,4038.4000,1,1,1,2,1,1,1,1,1,3
SF,IF2006,2020-02-19 09:31:58.400,4036.6000,24670,0,191305680.000,2,1,1,多换,S,4036.4000,4035.0000,4034.8000,4033.8000,4033.2000,4036.8000,4037.4000,4038.0000,4038.2000,4038.4000,6,1,1,2,1,1,1,1,1,3
SF,IF2006,2020-02-19 09:31:58.900,4036.4000,24669,-1,192516600.000,1,0,1,双平,S,4036.4000,4035.0000,4034.8000,4033.8000,4033.2000,4036.8000,4037.4000,4038.0000,4038.2000,4038.4000,5,1,1,2,1,1,1,1,1,2
SF,IF2006,2020-02-19 09:31:59.400,4036.4000,24665,-4,198571200.000,5,0,5,多平,S,4034.8000,4033.8000,4033.2000,4032.6000,4032.4000,4036.8000,4037.4000,4038.0000,4038.2000,4038.4000,1,2,1,1,2,1,1,1,1,2
SF,IF2006,2020-02-19 09:31:59.900,4036.4000,24665,0,198571200.000,0,-,-,-,-,4035.2000,4035.0000,4034.8000,4033.8000,4033.2000,4036.8000,4037.4000,4037.8000,4038.0000,4038.2000,1,2,1,2,1,1,1,1,1,1
SF,IF2006,2020-02-19 09:32:00.400,4036.4000,24665,0,198571200.000,0,-,-,-,-,4035.4000,4034.8000,4033.8000,4033.2000,4032.6000,4036.8000,4037.4000,4037.8000,4038.0000,4038.2000,1,1,2,1,1,1,1,1,1,1
SF,IF2006,2020-02-19 09:32:01.400,4036.8000,24665,0,199782240.000,1,0,1,多换,S,4035.8000,4035.4000,4034.8000,4033.8000,4033.2000,4037.4000,4037.8000,4038.0000,4038.2000,4038.4000,1,1,1,2,1,1,1,1,1,2
SF,IF2006,2020-02-19 09:32:01.900,4037.2000,24664,-1,200993400.000,1,0,1,双平,S,4036.0000,4034.8000,4033.8000,4033.2000,4032.6000,4037.4000,4037.8000,4038.0000,4038.2000,4038.4000,2,1,2,1,1,1,1,1,1,2
SF,IF2006,2020-02-19 09:32:02.400,4037.2000,24664,0,200993400.000,0,-,-,-,-,4036.4000,4036.2000,4034.8000,4033.8000,4033.2000,4037.4000,4037.8000,4038.0000,4038.2000,4038.4000,1,1,1,2,1,1,1,1,1,2
SF,IF2006,2020-02-19 09:32:02.900,4037.2000,24664,0,200993400.000,0,-,-,-,-,4036.6000,4034.8000,4033.8000,4033.2000,4032.6000,4037.4000,4037.8000,4038.0000,4038.2000,4038.4000,2,1,2,1,1,1,1,1,1,2
SF,IF2006,2020-02-19 09:32:03.400,4037.4000,24665,1,202204620.000,1,1,0,双开,S,4036.6000,4034.8000,4033.8000,4033.2000,4032.6000,4037.8000,4038.0000,4038.2000,4038.4000,4038.8000,1,1,2,1,1,1,1,1,2,1
SF,IF2006,2020-02-19 09:32:03.900,4037.4000,24665,0,202204620.000,0,-,-,-,-,4036.8000,4036.6000,4034.8000,4033.8000,4033.2000,4037.8000,4038.0000,4038.2000,4038.4000,4038.8000,1,1,1,2,1,1,1,1,2,1
SF,IF2006,2020-02-19 09:32:04.400,4037.4000,24665,0,202204620.000,0,-,-,-,-,4037.0000,4036.6000,4033.8000,4033.2000,4032.6000,4037.8000,4038.0000,4038.2000,4038.4000,4038.8000,1,1,2,1,1,1,1,1,2,1
SF,IF2006,2020-02-19 09:32:04.900,4037.4000,24665,0,202204620.000,0,-,-,-,-,4036.6000,4033.8000,4033.2000,4032.6000,4032.4000,4037.8000,4038.0000,4038.2000,4038.4000,4038.8000,1,2,1,1,2,1,1,1,2,1
SF,IF2006,2020-02-19 09:32:05.400,4037.4000,24665,0,202204620.000,0,-,-,-,-,4037.4000,4036.8000,4033.8000,4033.2000,4032.6000,4037.8000,4038.0000,4038.2000,4038.4000,4038.8000,1,1,2,1,1,1,1,1,2,1
SF,IF2006,2020-02-19 09:32:05.900,4037.4000,24665,0,203415840.000,1,0,1,多换,S,4033.8000,4033.2000,4032.6000,4032.4000,4032.0000,4037.6000,4037.8000,4038.0000,4038.2000,4038.4000,2,1,1,2,2,2,1,1,1,2
SF,IF2006,2020-02-19 09:32:06.400,4037.6000,24664,-1,204627120.000,1,0,1,双平,S,4036.2000,4036.0000,4035.6000,4035.2000,4035.0000,4037.4000,4037.8000,4038.0000,4038.2000,4038.4000,1,3,1,1,1,1,1,1,1,2
SF,IF2006,2020-02-19 09:32:06.900,4037.6000,24664,0,205838400.000,1,0,1,多换,S,4036.4000,4036.2000,4036.0000,4035.2000,4035.0000,4037.8000,4038.0000,4038.2000,4038.4000,4038.8000,2,1,3,1,1,1,1,1,2,1
SF,IF2006,2020-02-19 09:32:07.400,4037.8000,24663,-1,207049740.000,1,0,1,双平,S,4036.6000,4036.4000,4036.2000,4036.0000,4035.2000,4038.0000,4038.2000,4038.4000,4038.8000,4039.0000,1,1,1,2,1,1,1,2,1,2
SF,IF2006,2020-02-19 09:32:07.900,4037.8000,24663,0,207049740.000,0,-,-,-,-,4036.8000,4036.6000,4036.2000,4036.0000,4035.2000,4038.0000,4038.2000,4038.4000,4038.8000,4039.0000,1,1,1,2,1,1,1,2,1,2
SF,IF2006,2020-02-19 09:32:08.400,4037.8000,24663,0,207049740.000,0,-,-,-,-,4036.8000,4036.6000,4036.2000,4036.0000,4035.2000,4038.0000,4038.2000,4038.4000,4038.8000,4039.0000,1,1,1,2,1,1,1,2,1,2
SF,IF2006,2020-02-19 09:32:08.900,4037.8000,24663,0,207049740.000,0,-,-,-,-,4037.0000,4036.8000,4036.6000,4036.2000,4035.2000,4038.0000,4038.2000,4038.4000,4038.8000,4039.0000,2,1,1,1,1,1,1,2,1,2
SF,IF2006,2020-02-19 09:32:09.400,4037.8000,24663,0,207049740.000,0,-,-,-,-,4036.8000,4036.2000,4035.2000,4035.0000,4034.8000,4038.0000,4038.2000,4038.4000,4038.8000,4039.0000,1,1,1,1,1,1,1,2,1,2
SF,IF2006,2020-02-19 09:32:09.900,4037.8000,24663,0,207049740.000,0,-,-,-,-,4036.2000,4035.2000,4035.0000,4034.8000,4034.2000,4038.0000,4038.2000,4038.4000,4038.8000,4039.0000,1,1,1,1,1,1,1,2,1,2
SF,IF2006,2020-02-19 09:32:10.400,4037.8000,24663,0,207049740.000,0,-,-,-,-,4036.4000,4036.2000,4035.2000,4035.0000,4034.8000,4038.0000,4038.2000,4038.4000,4038.8000,4039.0000,2,1,1,1,1,1,1,2,1,2
SF,IF2006,2020-02-19 09:32:10.900,4036.4000,24662,-1,208260660.000,1,0,1,双平,S,4036.4000,4036.2000,4035.2000,4035.0000,4034.8000,4037.8000,4038.0000,4038.2000,4038.4000,4038.8000,1,1,1,1,1,1,1,1,2,1
SF,IF2006,2020-02-19 09:32:11.400,4036.4000,24662,0,208260660.000,0,-,-,-,-,4036.8000,4036.4000,4036.2000,4035.2000,4035.0000,4037.6000,4038.0000,4038.2000,4038.4000,4038.8000,2,1,1,1,1,1,1,1,2,1
SF,IF2006,2020-02-19 09:32:11.900,4036.4000,24662,0,208260660.000,0,-,-,-,-,4036.4000,4036.2000,4035.2000,4035.0000,4034.8000,4038.0000,4038.2000,4038.4000,4038.8000,4039.0000,1,1,1,1,1,1,1,2,1,2
SF,IF2006,2020-02-19 09:32:12.400,4036.4000,24662,0,208260660.000,0,-,-,-,-,4036.8000,4036.6000,4036.4000,4036.2000,4035.2000,4038.0000,4038.2000,4038.4000,4038.8000,4039.0000,2,2,1,1,1,1,1,2,1,2
SF,IF2006,2020-02-19 09:32:12.900,4038.0000,24662,0,209472060.000,1,0,1,多换,S,4037.0000,4036.8000,4036.2000,4035.2000,4035.0000,4038.2000,4038.4000,4038.8000,4039.0000,4039.4000,1,2,1,1,1,1,2,1,2,1
SF,IF2006,2020-02-19 09:32:13.400,4038.0000,24662,0,209472060.000,0,-,-,-,-,4037.2000,4037.0000,4036.8000,4036.2000,4035.2000,4038.2000,4038.4000,4038.8000,4039.0000,4039.4000,2,4,2,1,1,1,2,1,2,1
SF,IF2006,2020-02-19 09:32:13.900,4038.0000,24662,0,209472060.000,0,-,-,-,-,4037.2000,4036.8000,4036.2000,4035.2000,4035.0000,4038.2000,4038.4000,4038.8000,4039.0000,4039.4000,2,2,1,1,1,1,2,1,2,1
SF,IF2006,2020-02-19 09:32:14.900,4038.0000,24662,0,209472060.000,0,-,-,-,-,4036.8000,4036.2000,4035.2000,4035.0000,4034.8000,4038.2000,4038.4000,4038.8000,4039.0000,4039.4000,2,1,1,1,1,1,2,1,2,1
SF,IF2006,2020-02-19 09:32:15.400,4038.0000,24662,0,209472060.000,0,-,-,-,-,4037.2000,4036.8000,4036.2000,4035.2000,4035.0000,4038.2000,4038.4000,4038.8000,4039.0000,4039.4000,1,2,1,1,1,1,2,1,2,1
SF,IF2006,2020-02-19 09:32:15.900,4038.0000,24662,0,209472060.000,0,-,-,-,-,4037.2000,4036.8000,4036.2000,4035.2000,4035.0000,4038.2000,4038.4000,4038.8000,4039.0000,4039.4000,1,2,1,1,1,1,2,1,2,1
SF,IF2006,2020-02-19 09:32:16.400,4038.0000,24662,0,209472060.000,0,-,-,-,-,4037.2000,4036.8000,4036.2000,4035.2000,4035.0000,4038.0000,4038.2000,4038.4000,4038.8000,4039.0000,1,2,1,1,1,1,1,2,1,2
SF,IF2006,2020-02-19 09:32:16.900,4038.2000,24663,1,211894920.000,2,1,1,空开,S,4038.2000,4037.4000,4037.0000,4036.8000,4036.2000,4038.4000,4038.8000,4039.0000,4039.4000,4039.6000,1,1,2,2,1,2,1,2,1,2
SF,IF2006,2020-02-19 09:32:17.400,4038.4000,24661,-2,214317960.000,2,0,2,双平,S,4038.2000,4037.0000,4036.8000,4036.2000,4035.2000,4038.8000,4039.0000,4039.4000,4039.6000,4039.8000,1,2,3,1,1,1,2,1,2,3
SF,IF2006,2020-02-19 09:32:17.900,4038.4000,24661,0,214317960.000,0,-,-,-,-,4038.2000,4036.8000,4035.2000,4035.0000,4034.8000,4038.8000,4039.0000,4039.4000,4039.6000,4039.8000,1,1,1,1,1,1,2,1,2,3
SF,IF2006,2020-02-19 09:32:18.400,4038.2000,24661,0,215529420.000,1,0,1,多换,S,4037.2000,4036.8000,4035.2000,4035.0000,4034.8000,4038.8000,4039.0000,4039.4000,4039.6000,4039.8000,1,1,1,1,1,1,2,1,2,3
SF,IF2006,2020-02-19 09:32:18.900,4038.2000,24661,0,215529420.000,0,-,-,-,-,4038.2000,4037.4000,4037.2000,4036.8000,4035.2000,4038.8000,4039.0000,4039.4000,4039.6000,4039.8000,1,5,1,1,1,1,2,1,2,3
SF,IF2006,2020-02-19 09:32:19.400,4040.0000,24663,2,227647860.000,10,6,4,空开,S,4038.2000,4037.4000,4037.2000,4036.8000,4035.2000,4040.0000,4040.2000,4043.4000,4043.8000,4044.0000,1,3,1,1,1,2,1,3,1,1
SF,IF2006,2020-02-19 09:32:19.900,4040.0000,24663,0,227647860.000,0,-,-,-,-,4038.8000,4038.4000,4038.2000,4037.4000,4037.2000,4039.8000,4040.0000,4040.2000,4043.4000,4043.8000,4,1,1,1,1,1,2,1,3,1
SF,IF2006,2020-02-19 09:32:20.400,4040.0000,24663,0,227647860.000,0,-,-,-,-,4038.8000,4038.4000,4038.2000,4037.4000,4037.2000,4039.4000,4039.8000,4040.0000,4040.2000,4043.4000,4,1,1,1,1,1,1,2,1,3
SF,IF2006,2020-02-19 09:32:20.900,4040.0000,24663,0,227647860.000,0,-,-,-,-,4038.8000,4038.4000,4038.2000,4037.4000,4037.2000,4039.4000,4039.8000,4040.0000,4040.2000,4043.4000,5,1,1,1,1,1,1,2,1,3
SF,IF2006,2020-02-19 09:32:21.400,4039.4000,24662,-1,228859680.000,1,0,1,双平,S,4038.8000,4038.4000,4038.2000,4037.4000,4037.2000,4039.8000,4040.0000,4040.2000,4043.4000,4043.8000,5,1,1,1,1,1,2,1,3,1
SF,IF2006,2020-02-19 09:32:21.900,4039.8000,24662,0,230071620.000,1,0,1,多换,S,4039.0000,4038.8000,4038.4000,4038.2000,4037.4000,4040.0000,4040.2000,4043.4000,4043.8000,4044.0000,1,5,1,1,1,2,1,3,1,1
SF,IF2006,2020-02-19 09:32:22.400,4039.8000,24662,0,230071620.000,0,-,-,-,-,4039.0000,4038.8000,4038.4000,4038.2000,4037.4000,4040.0000,4040.2000,4042.2000,4043.4000,4043.8000,1,5,1,1,1,2,1,1,3,1
SF,IF2006,2020-02-19 09:32:22.900,4039.8000,24662,0,230071620.000,0,-,-,-,-,4039.2000,4039.0000,4038.8000,4038.4000,4038.2000,4040.0000,4040.2000,4042.2000,4043.4000,4043.6000,1,2,5,1,1,2,1,1,3,2
SF,IF2006,2020-02-19 09:32:23.400,4039.8000,24662,0,230071620.000,0,-,-,-,-,4039.2000,4039.0000,4038.8000,4038.4000,4038.2000,4040.0000,4040.2000,4042.2000,4043.4000,4043.6000,1,1,5,1,1,2,1,1,3,2
SF,IF2006,2020-02-19 09:32:23.900,4039.8000,24662,0,230071620.000,0,-,-,-,-,4039.2000,4039.0000,4038.8000,4038.4000,4038.2000,4040.0000,4040.2000,4042.2000,4043.4000,4043.6000,1,1,5,1,1,2,1,1,3,2
SF,IF2006,2020-02-19 09:32:24.400,4039.8000,24662,0,230071620.000,0,-,-,-,-,4039.2000,4039.0000,4038.8000,4038.4000,4038.2000,4040.0000,4040.2000,4042.2000,4043.4000,4043.6000,1,1,5,1,1,2,1,1,3,2
SF,IF2006,2020-02-19 09:32:24.900,4039.8000,24662,0,230071620.000,0,-,-,-,-,4039.4000,4039.2000,4039.0000,4038.8000,4038.2000,4040.0000,4040.2000,4042.2000,4043.4000,4043.6000,1,1,1,5,1,2,1,1,3,2
SF,IF2006,2020-02-19 09:32:25.400,4040.0000,24662,0,231283620.000,1,0,1,多换,S,4039.0000,4038.8000,4038.2000,4037.4000,4037.2000,4040.0000,4040.2000,4042.2000,4043.4000,4043.6000,1,5,1,1,1,1,1,1,3,2
SF,IF2006,2020-02-19 09:32:25.900,4040.0000,24662,0,231283620.000,0,-,-,-,-,4039.2000,4039.0000,4038.8000,4038.2000,4037.4000,4040.0000,4040.2000,4042.2000,4043.4000,4043.6000,1,1,5,1,1,1,1,1,3,2
SF,IF2006,2020-02-19 09:32:26.400,4038.8000,24657,-5,238553520.000,6,0,6,多平,S,4038.2000,4037.4000,4037.2000,4036.8000,4035.0000,4039.0000,4039.2000,4040.0000,4040.2000,4043.4000,1,1,1,1,5,1,2,2,1,3
SF,IF2006,2020-02-19 09:32:26.900,4038.2000,24657,0,239764980.000,1,0,1,多换,S,4037.4000,4037.2000,4036.8000,4034.0000,4033.8000,4038.8000,4039.2000,4040.0000,4040.2000,4043.4000,1,1,1,1,4,1,2,2,1,3
SF,IF2006,2020-02-19 09:32:27.400,4038.2000,24657,0,239764980.000,0,-,-,-,-,4037.6000,4037.2000,4036.8000,4034.0000,4033.8000,4038.6000,4038.8000,4039.2000,4040.0000,4040.2000,1,1,1,1,4,2,1,2,2,1
SF,IF2006,2020-02-19 09:32:27.900,4038.2000,24657,0,239764980.000,0,-,-,-,-,4037.2000,4036.8000,4034.0000,4033.8000,4031.2000,4039.2000,4040.0000,4040.2000,4043.4000,4043.6000,1,1,1,4,3,2,2,1,3,2
SF,IF2006,2020-02-19 09:32:28.400,4039.0000,24656,-1,240976680.000,1,0,1,双平,S,4038.8000,4037.2000,4036.8000,4034.0000,4033.8000,4039.0000,4039.2000,4040.0000,4040.2000,4043.4000,1,1,1,1,4,1,2,2,1,3
SF,IF2006,2020-02-19 09:32:28.900,4038.8000,24656,0,242188320.000,1,0,1,多换,S,4037.2000,4036.8000,4034.0000,4033.8000,4031.2000,4038.8000,4040.0000,4040.2000,4043.4000,4043.6000,1,1,1,4,3,3,2,1,3,2
SF,IF2006,2020-02-19 09:32:29.400,4038.8000,24656,0,242188320.000,0,-,-,-,-,4037.4000,4037.2000,4036.8000,4034.0000,4033.8000,4037.6000,4038.8000,4040.0000,4040.2000,4043.4000,5,1,1,1,4,2,3,2,1,3
SF,IF2006,2020-02-19 09:32:29.900,4037.6000,24654,-2,244610880.000,2,0,2,双平,S,4037.8000,4037.6000,4037.4000,4037.2000,4036.8000,4038.8000,4040.0000,4040.2000,4043.4000,4043.6000,1,2,3,1,1,2,2,1,3,2
SF,IF2006,2020-02-19 09:32:30.400,4037.6000,24654,0,244610880.000,0,-,-,-,-,4037.8000,4037.6000,4037.4000,4037.2000,4036.8000,4038.6000,4038.8000,4040.0000,4043.4000,4043.6000,1,3,1,1,1,1,2,1,3,2
SF,IF2006,2020-02-19 09:32:30.900,4037.6000,24654,0,244610880.000,0,-,-,-,-,4037.8000,4037.6000,4037.4000,4037.2000,4036.8000,4038.2000,4038.8000,4039.8000,4040.0000,4043.4000,1,4,1,1,1,1,2,1,1,3
SF,IF2006,2020-02-19 09:32:31.400,4038.2000,24653,-1,245822340.000,1,0,1,双平,S,4037.8000,4037.6000,4037.2000,4036.8000,4034.0000,4038.8000,4039.8000,4040.0000,4043.4000,4043.6000,1,4,1,1,1,2,1,1,3,2
SF,IF2006,2020-02-19 09:32:31.900,4038.2000,24653,0,245822340.000,0,-,-,-,-,4037.8000,4037.6000,4037.2000,4036.8000,4034.0000,4038.8000,4040.0000,4043.4000,4043.6000,4043.8000,1,3,1,1,1,2,1,3,2,1
SF,IF2006,2020-02-19 09:32:32.400,4037.8000,24652,-1,247033680.000,1,0,1,双平,S,4037.6000,4037.2000,4036.8000,4034.0000,4033.8000,4038.8000,4040.0000,4043.4000,4043.6000,4043.8000,4,1,1,1,4,2,1,3,2,1
SF,IF2006,2020-02-19 09:32:32.900,4037.8000,24652,0,247033680.000,0,-,-,-,-,4037.6000,4037.2000,4036.8000,4034.0000,4033.8000,4038.6000,4038.8000,4040.0000,4043.4000,4043.6000,4,1,1,1,4,2,2,1,3,2
SF,IF2006,2020-02-19 09:32:33.400,4037.8000,24652,0,247033680.000,0,-,-,-,-,4038.0000,4037.6000,4037.2000,4036.8000,4034.0000,4038.4000,4038.6000,4038.8000,4040.0000,4043.4000,1,1,1,1,1,1,2,2,1,3
SF,IF2006,2020-02-19 09:32:33.900,4037.8000,24652,0,247033680.000,0,-,-,-,-,4038.0000,4037.6000,4037.2000,4036.8000,4034.0000,4038.6000,4038.8000,4040.0000,4043.4000,4043.6000,1,1,1,1,1,2,2,1,3,2
SF,IF2006,2020-02-19 09:32:34.400,4038.0000,24649,-3,253091340.000,5,1,4,多平,S,4038.8000,4037.6000,4037.2000,4036.8000,4034.0000,4040.0000,4043.4000,4043.6000,4043.8000,4044.0000,1,1,1,1,1,1,3,2,1,3
SF,IF2006,2020-02-19 09:32:34.900,4038.6000,24647,-2,255514500.000,2,0,2,双平,S,4037.6000,4037.4000,4037.2000,4036.8000,4034.0000,4038.8000,4039.4000,4039.8000,4040.0000,4043.4000,1,2,1,1,1,3,1,3,1,3
SF,IF2006,2020-02-19 09:32:35.400,4038.6000,24647,0,255514500.000,0,-,-,-,-,4037.8000,4037.6000,4037.4000,4037.2000,4036.8000,4038.6000,4038.8000,4039.8000,4040.0000,4043.4000,2,1,2,1,1,1,2,2,1,3
SF,IF2006,2020-02-19 09:32:35.900,4038.6000,24647,0,255514500.000,0,-,-,-,-,4038.6000,4037.6000,4037.4000,4037.2000,4036.8000,4038.8000,4039.8000,4040.0000,4043.4000,4043.6000,1,1,2,1,1,2,2,1,3,2
SF,IF2006,2020-02-19 09:32:36.400,4038.6000,24645,-2,259149360.000,3,0,3,多平,S,4037.6000,4037.4000,4037.2000,4036.8000,4034.0000,4039.8000,4040.0000,4043.4000,4043.6000,4043.8000,1,2,1,1,1,2,1,3,2,1
SF,IF2006,2020-02-19 09:32:36.900,4038.6000,24645,0,259149360.000,0,-,-,-,-,4037.8000,4037.6000,4037.4000,4037.2000,4036.8000,4038.8000,4039.6000,4039.8000,4040.0000,4043.4000,1,1,2,1,1,1,1,1,1,3
SF,IF2006,2020-02-19 09:32:37.400,4038.6000,24645,0,259149360.000,0,-,-,-,-,4038.0000,4037.8000,4037.6000,4037.4000,4037.2000,4038.8000,4039.4000,4039.6000,4039.8000,4040.0000,1,1,1,2,1,1,1,1,1,1
SF,IF2006,2020-02-19 09:32:37.900,4039.8000,24646,1,263996640.000,4,2,2,空开,S,4039.8000,4037.8000,4037.6000,4037.4000,4037.2000,4040.0000,4043.4000,4043.6000,4043.8000,4044.0000,11,1,1,2,1,1,3,2,1,1
SF,IF2006,2020-02-19 09:32:38.400,4039.8000,24647,1,274904100.000,9,5,4,空开,S,4039.8000,4037.8000,4037.6000,4037.4000,4037.2000,4040.0000,4043.4000,4043.6000,4043.8000,4044.0000,2,1,1,2,1,1,3,2,1,1
SF,IF2006,2020-02-19 09:32:39.400,4039.8000,24647,0,274904100.000,0,-,-,-,-,4039.8000,4038.2000,4037.6000,4037.4000,4037.2000,4040.0000,4043.4000,4043.6000,4043.8000,4044.0000,2,1,1,2,1,1,3,2,1,1
SF,IF2006,2020-02-19 09:32:40.400,4040.0000,24648,1,276116100.000,1,1,0,双开,S,4040.0000,4039.8000,4038.2000,4037.6000,4037.4000,4043.4000,4043.6000,4043.8000,4044.0000,4045.0000,1,2,1,1,2,3,2,1,1,1
SF,IF2006,2020-02-19 09:32:40.900,4042.6000,24647,-1,277328880.000,1,0,1,双平,S,4040.0000,4039.8000,4038.2000,4037.6000,4037.4000,4041.6000,4041.8000,4042.6000,4043.0000,4043.2000,1,2,1,1,2,1,1,1,3,6
SF,IF2006,2020-02-19 09:32:41.400,4042.6000,24647,0,277328880.000,0,-,-,-,-,4040.2000,4040.0000,4039.8000,4038.2000,4037.6000,4041.6000,4042.2000,4042.6000,4043.2000,4043.4000,1,1,2,1,1,1,1,1,6,3
SF,IF2006,2020-02-19 09:32:41.900,4041.6000,24646,-1,278541360.000,1,0,1,双平,S,4041.6000,4040.2000,4040.0000,4039.8000,4038.2000,4042.2000,4042.6000,4043.2000,4043.4000,4043.8000,2,1,1,2,1,1,1,6,3,1
SF,IF2006,2020-02-19 09:32:42.400,4041.6000,24644,-2,280966320.000,2,0,2,双平,S,4040.0000,4039.8000,4038.2000,4037.6000,4037.4000,4041.8000,4042.2000,4042.4000,4042.6000,4043.2000,3,2,1,1,2,1,2,1,1,3
SF,IF2006,2020-02-19 09:32:42.900,4041.6000,24644,0,280966320.000,0,-,-,-,-,4040.2000,4040.0000,4039.8000,4038.2000,4037.6000,4042.2000,4042.6000,4043.2000,4043.4000,4043.8000,1,3,2,1,1,2,1,3,3,1
SF,IF2006,2020-02-19 09:32:43.400,4041.6000,24644,0,280966320.000,0,-,-,-,-,4040.2000,4040.0000,4039.8000,4038.2000,4037.6000,4041.6000,4042.0000,4042.2000,4042.6000,4043.2000,1,3,2,1,1,2,1,1,1,3
SF,IF2006,2020-02-19 09:32:43.900,4041.6000,24644,0,280966320.000,0,-,-,-,-,4040.2000,4040.0000,4039.8000,4037.6000,4037.4000,4041.6000,4042.0000,4042.2000,4042.6000,4043.2000,1,3,2,1,2,2,2,1,1,3
SF,IF2006,2020-02-19 09:32:44.400,4041.6000,24643,-1,282178800.000,1,0,1,双平,S,4040.2000,4040.0000,4039.8000,4037.6000,4037.4000,4041.4000,4041.6000,4042.2000,4042.6000,4043.2000,1,3,2,1,2,1,2,1,1,3
SF,IF2006,2020-02-19 09:32:44.900,4041.4000,24641,-2,284603640.000,2,0,2,双平,S,4040.2000,4040.0000,4039.8000,4037.6000,4037.4000,4041.2000,4041.4000,4041.6000,4042.2000,4042.6000,1,3,2,1,2,1,1,1,1,1
SF,IF2006,2020-02-19 09:32:45.400,4040.2000,24640,-1,289451760.000,4,1,3,多平,S,4040.0000,4039.8000,4037.6000,4037.4000,4037.2000,4041.0000,4041.2000,4041.4000,4041.6000,4042.2000,1,2,1,2,1,1,1,1,1,1
SF,IF2006,2020-02-19 09:32:45.900,4040.2000,24640,0,289451760.000,0,-,-,-,-,4040.0000,4039.8000,4037.6000,4037.4000,4037.2000,4041.0000,4041.2000,4041.6000,4042.2000,4042.6000,1,2,1,2,1,1,1,1,1,1
SF,IF2006,2020-02-19 09:32:46.400,4040.2000,24640,0,289451760.000,0,-,-,-,-,4040.0000,4037.6000,4037.4000,4037.2000,4036.8000,4041.0000,4041.2000,4041.6000,4042.2000,4042.6000,1,1,2,1,1,1,1,1,1,1
SF,IF2006,2020-02-19 09:32:46.900,4040.2000,24640,0,289451760.000,0,-,-,-,-,4040.0000,4037.6000,4037.4000,4037.2000,4036.8000,4041.0000,4041.2000,4041.4000,4041.6000,4042.2000,1,1,2,1,1,1,1,1,1,1
SF,IF2006,2020-02-19 09:32:47.400,4041.0000,24640,0,290664060.000,1,0,1,多换,S,4040.0000,4037.6000,4037.4000,4037.2000,4036.8000,4041.2000,4041.4000,4041.6000,4042.2000,4042.6000,1,1,2,1,1,1,1,1,1,1
SF,IF2006,2020-02-19 09:32:47.900,4041.0000,24640,0,290664060.000,0,-,-,-,-,4040.0000,4037.6000,4037.4000,4037.2000,4036.8000,4041.2000,4041.4000,4041.6000,4042.2000,4042.6000,1,1,2,1,1,1,1,1,1,1
SF,IF2006,2020-02-19 09:32:48.400,4041.0000,24640,0,291876360.000,1,0,1,多换,S,4040.0000,4037.6000,4037.4000,4037.2000,4036.8000,4041.0000,4041.4000,4042.2000,4042.6000,4043.2000,1,1,2,1,1,2,1,1,1,3
SF,IF2006,2020-02-19 09:32:48.900,4041.0000,24640,0,291876360.000,0,-,-,-,-,4040.0000,4037.6000,4037.4000,4037.2000,4036.8000,4041.0000,4041.4000,4041.8000,4042.2000,4042.6000,1,1,2,1,1,2,1,1,1,1
SF,IF2006,2020-02-19 09:32:49.400,4041.0000,24640,0,294300960.000,2,1,1,多换,S,4041.0000,4040.0000,4037.6000,4037.4000,4037.2000,4041.4000,4041.8000,4042.2000,4042.6000,4043.2000,3,1,1,2,1,1,1,1,1,3
SF,IF2006,2020-02-19 09:32:49.900,4041.0000,24640,0,296725560.000,2,1,1,多换,S,4041.0000,4040.0000,4037.6000,4037.4000,4037.2000,4041.4000,4041.6000,4041.8000,4042.2000,4042.6000,1,1,1,2,1,1,5,1,1,1
SF,IF2006,2020-02-19 09:32:50.400,4041.0000,24640,0,297937860.000,1,0,1,多换,S,4040.0000,4037.6000,4037.4000,4037.2000,4036.8000,4041.4000,4041.6000,4041.8000,4042.2000,4042.6000,1,1,2,1,1,1,5,1,1,1
SF,IF2006,2020-02-19 09:32:51.400,4041.4000,24639,-1,299150280.000,1,0,1,双平,S,4040.0000,4037.6000,4037.4000,4037.2000,4036.8000,4041.6000,4041.8000,4042.2000,4042.6000,4043.2000,1,1,2,1,1,5,1,1,1,3
SF,IF2006,2020-02-19 09:32:51.900,4041.4000,24639,0,299150280.000,0,-,-,-,-,4040.0000,4037.6000,4037.4000,4037.2000,4036.8000,4041.6000,4041.8000,4042.2000,4042.6000,4043.2000,1,1,2,1,1,5,2,1,1,3
SF,IF2006,2020-02-19 09:32:52.400,4041.4000,24639,0,299150280.000,0,-,-,-,-,4040.0000,4037.6000,4037.4000,4037.2000,4036.8000,4041.4000,4041.6000,4041.8000,4042.2000,4042.6000,2,1,2,1,1,4,5,2,1,1
SF,IF2006,2020-02-19 09:32:52.900,4041.4000,24639,0,299150280.000,0,-,-,-,-,4040.0000,4039.8000,4037.6000,4037.4000,4037.2000,4041.4000,4041.6000,4041.8000,4042.2000,4042.6000,2,2,1,2,1,4,6,2,1,1
SF,IF2006,2020-02-19 09:32:53.400,4040.2000,24638,-1,300362340.000,1,0,1,双平,S,4040.0000,4039.8000,4037.6000,4037.4000,4037.2000,4041.4000,4041.6000,4041.8000,4042.2000,4042.6000,2,2,1,2,1,3,6,2,1,1
SF,IF2006,2020-02-19 09:32:53.900,4040.2000,24638,0,300362340.000,0,-,-,-,-,4040.0000,4039.8000,4037.6000,4037.4000,4037.2000,4041.4000,4041.6000,4041.8000,4042.6000,4043.2000,2,2,1,2,1,3,6,2,1,2
SF,IF2006,2020-02-19 09:32:54.400,4040.2000,24638,0,300362340.000,0,-,-,-,-,4040.0000,4039.8000,4037.6000,4037.4000,4037.2000,4041.2000,4041.4000,4041.6000,4041.8000,4042.6000,2,2,1,2,1,1,3,6,2,1
SF,IF2006,2020-02-19 09:32:54.900,4040.2000,24638,0,300362340.000,0,-,-,-,-,4040.0000,4039.8000,4037.6000,4037.4000,4037.2000,4041.2000,4041.4000,4041.6000,4041.8000,4042.6000,3,2,1,2,1,3,1,5,2,1
SF,IF2006,2020-02-19 09:32:55.400,4040.2000,24638,0,300362340.000,0,-,-,-,-,4040.0000,4039.8000,4037.6000,4037.4000,4037.2000,4041.0000,4041.2000,4041.4000,4041.6000,4041.8000,3,2,1,2,1,1,2,1,5,2
SF,IF2006,2020-02-19 09:32:55.900,4040.2000,24638,0,300362340.000,0,-,-,-,-,4040.0000,4039.8000,4037.6000,4037.4000,4037.2000,4041.0000,4041.2000,4041.4000,4041.6000,4041.8000,3,2,1,2,1,1,2,1,5,2
SF,IF2006,2020-02-19 09:32:56.400,4040.2000,24638,0,300362340.000,0,-,-,-,-,4040.0000,4039.8000,4037.6000,4037.4000,4037.2000,4040.8000,4041.0000,4041.2000,4041.4000,4041.6000,3,2,1,2,1,1,1,1,1,5
SF,IF2006,2020-02-19 09:32:56.900,4040.8000,24637,-1,301574580.000,1,0,1,双平,S,4040.0000,4039.8000,4037.6000,4037.4000,4037.2000,4041.0000,4041.2000,4041.4000,4041.6000,4041.8000,3,2,1,2,1,1,1,1,5,2
SF,IF2006,2020-02-19 09:32:57.400,4040.8000,24637,0,301574580.000,0,-,-,-,-,4040.2000,4040.0000,4039.8000,4037.6000,4037.4000,4041.0000,4041.2000,4041.4000,4041.6000,4041.8000,1,3,2,1,2,1,1,1,5,2
SF,IF2006,2020-02-19 09:32:57.900,4040.8000,24637,0,301574580.000,0,-,-,-,-,4040.0000,4039.8000,4037.6000,4037.4000,4037.2000,4041.2000,4041.4000,4041.6000,4041.8000,4042.6000,3,2,1,2,1,1,1,5,2,1
SF,IF2006,2020-02-19 09:32:58.400,4040.8000,24637,0,301574580.000,0,-,-,-,-,4040.2000,4040.0000,4039.8000,4037.6000,4037.4000,4041.2000,4041.4000,4041.6000,4041.8000,4042.6000,2,3,2,1,2,1,1,5,2,1
SF,IF2006,2020-02-19 09:32:58.900,4040.8000,24637,0,301574580.000,0,-,-,-,-,4040.2000,4040.0000,4039.8000,4037.6000,4037.4000,4041.2000,4041.6000,4041.8000,4042.6000,4043.2000,2,3,2,1,2,1,5,2,1,2
SF,IF2006,2020-02-19 09:32:59.400,4040.8000,24637,0,301574580.000,0,-,-,-,-,4040.2000,4040.0000,4039.8000,4037.6000,4037.4000,4041.2000,4041.6000,4041.8000,4042.6000,4043.2000,2,3,2,1,2,1,5,1,1,2
SF,IF2006,2020-02-19 09:32:59.900,4041.2000,24637,0,302786940.000,1,0,1,多换,S,4040.4000,4040.0000,4039.8000,4037.6000,4037.4000,4041.0000,4041.6000,4041.8000,4042.6000,4043.2000,2,3,2,1,2,1,5,1,1,2
SF,IF2006,2020-02-19 09:33:00.400,4041.0000,24637,0,303999240.000,1,0,1,多换,S,4040.0000,4039.8000,4037.6000,4037.4000,4037.2000,4041.6000,4041.8000,4042.6000,4043.2000,4043.8000,3,2,1,2,1,5,1,1,2,1
SF,IF2006,2020-02-19 09:33:00.900,4041.0000,24637,0,303999240.000,0,-,-,-,-,4040.2000,4040.0000,4039.8000,4037.6000,4037.4000,4041.6000,4041.8000,4042.6000,4043.2000,4043.8000,2,3,2,1,2,5,2,1,2,1
SF,IF2006,2020-02-19 09:33:01.400,4041.0000,24637,0,303999240.000,0,-,-,-,-,4040.6000,4040.0000,4039.8000,4037.6000,4037.4000,4041.6000,4041.8000,4042.6000,4043.2000,4043.8000,2,3,2,1,2,6,1,1,2,1
SF,IF2006,2020-02-19 09:33:01.900,4041.0000,24637,0,303999240.000,0,-,-,-,-,4040.8000,4040.0000,4039.8000,4037.6000,4037.4000,4041.6000,4042.6000,4043.2000,4043.8000,4044.0000,2,3,2,1,2,5,1,2,1,1
SF,IF2006,2020-02-19 09:33:02.400,4041.6000,24637,0,307636680.000,3,1,2,多换,S,4041.0000,4040.0000,4039.8000,4037.6000,4037.4000,4041.6000,4042.6000,4043.2000,4043.8000,4044.0000,1,3,2,1,2,2,1,2,1,1
SF,IF2006,2020-02-19 09:33:02.900,4041.6000,24637,0,310061640.000,2,1,1,多换,S,4040.0000,4039.8000,4037.6000,4037.4000,4037.2000,4043.2000,4043.8000,4044.0000,4044.6000,4045.0000,3,2,1,2,1,2,1,1,3,1
SF,IF2006,2020-02-19 09:33:03.400,4041.6000,24637,0,310061640.000,0,-,-,-,-,4040.2000,4040.0000,4039.8000,4037.6000,4037.4000,4043.2000,4043.8000,4044.0000,4044.6000,4045.0000,1,3,2,1,2,3,1,1,3,1
SF,IF2006,2020-02-19 09:33:03.900,4041.6000,24637,0,310061640.000,0,-,-,-,-,4041.6000,4040.8000,4040.2000,4040.0000,4039.8000,4043.2000,4043.8000,4044.0000,4044.6000,4045.0000,1,1,2,3,2,4,1,1,3,1
SF,IF2006,2020-02-19 09:33:04.400,4041.6000,24637,0,310061640.000,0,-,-,-,-,4041.6000,4040.2000,4040.0000,4039.8000,4037.6000,4043.0000,4043.2000,4043.8000,4044.0000,4045.0000,1,2,3,2,1,1,6,1,1,1
SF,IF2006,2020-02-19 09:33:04.900,4041.6000,24637,0,310061640.000,0,-,-,-,-,4042.0000,4041.6000,4040.8000,4040.6000,4040.2000,4043.2000,4043.8000,4044.0000,4045.0000,4045.6000,2,1,1,1,2,5,1,1,1,1
SF,IF2006,2020-02-19 09:33:05.400,4041.6000,24637,0,310061640.000,0,-,-,-,-,4041.6000,4040.8000,4040.6000,4040.2000,4040.0000,4043.2000,4043.8000,4044.0000,4045.0000,4045.6000,1,1,1,1,3,5,1,1,1,1
SF,IF2006,2020-02-19 09:33:05.900,4043.2000,24637,0,313700520.000,3,1,2,多换,S,4041.8000,4041.6000,4040.8000,4040.6000,4040.2000,4043.2000,4043.8000,4044.0000,4045.0000,4045.6000,2,3,1,1,1,2,1,1,1,1
SF,IF2006,2020-02-19 09:33:06.400,4043.2000,24637,0,313700520.000,0,-,-,-,-,4042.0000,4041.6000,4040.8000,4040.0000,4039.8000,4043.8000,4044.0000,4045.0000,4045.6000,4046.6000,1,3,1,3,2,1,1,1,1,1
SF,IF2006,2020-02-19 09:33:06.900,4043.2000,24637,0,313700520.000,0,-,-,-,-,4041.6000,4040.8000,4040.0000,4039.8000,4037.6000,4043.2000,4043.6000,4043.8000,4044.0000,4045.0000,1,1,3,2,1,1,1,2,1,1
SF,IF2006,2020-02-19 09:33:07.400,4043.2000,24637,0,313700520.000,0,-,-,-,-,4041.8000,4041.6000,4040.0000,4039.8000,4037.6000,4043.2000,4043.6000,4043.8000,4044.0000,4045.0000,2,1,3,2,1,2,1,2,1,1
SF,IF2006,2020-02-19 09:33:07.900,4043.2000,24637,0,314913480.000,1,0,1,多换,S,4041.8000,4041.6000,4040.0000,4039.8000,4037.6000,4043.2000,4043.8000,4044.0000,4045.0000,4045.6000,2,1,3,2,1,1,2,1,1,1
SF,IF2006,2020-02-19 09:33:08.400,4042.2000,24637,0,316126140.000,1,0,1,多换,S,4042.2000,4042.0000,4041.6000,4040.0000,4039.8000,4043.2000,4043.8000,4044.0000,4045.0000,4045.6000,1,1,1,3,2,1,2,1,1,1
SF,IF2006,2020-02-19 09:33:08.900,4043.2000,24637,0,317339100.000,1,0,1,多换,S,4042.4000,4041.6000,4040.0000,4039.8000,4037.6000,4043.8000,4044.0000,4045.0000,4045.6000,4046.6000,1,1,3,2,1,2,1,1,1,1
SF,IF2006,2020-02-19 09:33:09.400,4043.2000,24637,0,317339100.000,0,-,-,-,-,4042.4000,4041.6000,4040.0000,4039.8000,4037.6000,4043.8000,4044.0000,4045.0000,4045.6000,4046.6000,1,1,3,2,1,1,1,1,1,1
SF,IF2006,2020-02-19 09:33:09.900,4043.2000,24637,0,317339100.000,0,-,-,-,-,4042.8000,4042.4000,4041.6000,4040.0000,4039.8000,4043.8000,4044.0000,4045.0000,4045.6000,4046.6000,1,1,1,3,2,1,1,1,1,1
SF,IF2006,2020-02-19 09:33:10.400,4043.2000,24637,0,317339100.000,0,-,-,-,-,4043.0000,4042.6000,4042.4000,4041.6000,4040.0000,4043.8000,4044.0000,4045.0000,4045.6000,4046.6000,1,1,1,1,3,1,1,1,1,1
SF,IF2006,2020-02-19 09:33:10.900,4043.2000,24637,0,317339100.000,0,-,-,-,-,4041.6000,4040.0000,4039.8000,4037.4000,4037.2000,4043.8000,4044.0000,4045.0000,4045.6000,4046.6000,1,3,2,2,1,1,1,1,1,1
SF,IF2006,2020-02-19 09:33:11.400,4043.2000,24637,0,317339100.000,0,-,-,-,-,4042.0000,4041.8000,4041.6000,4040.0000,4039.8000,4043.8000,4044.0000,4045.6000,4046.6000,4046.8000,1,1,1,3,2,1,1,1,1,1
SF,IF2006,2020-02-19 09:33:11.900,4043.2000,24637,0,317339100.000,0,-,-,-,-,4042.2000,4042.0000,4041.6000,4040.0000,4039.8000,4043.0000,4043.8000,4044.0000,4045.6000,4046.6000,1,1,1,3,2,1,2,1,1,1
SF,IF2006,2020-02-19 09:33:12.400,4043.0000,24635,-2,319764900.000,2,0,2,双平,S,4042.2000,4041.6000,4040.0000,4039.8000,4037.4000,4043.8000,4044.0000,4045.6000,4046.6000,4046.8000,1,1,3,2,2,2,1,1,1,1
SF,IF2006,2020-02-19 09:33:12.900,4043.0000,24635,0,319764900.000,0,-,-,-,-,4042.4000,4042.2000,4041.6000,4040.0000,4039.8000,4043.8000,4044.0000,4045.6000,4046.6000,4046.8000,1,1,1,3,2,1,1,1,1,1
SF,IF2006,2020-02-19 09:33:13.400,4043.0000,24635,0,319764900.000,0,-,-,-,-,4042.8000,4042.6000,4041.6000,4040.0000,4039.8000,4043.8000,4044.0000,4045.6000,4046.6000,4046.8000,1,1,1,3,2,1,1,1,1,1
SF,IF2006,2020-02-19 09:33:13.900,4043.0000,24635,0,319764900.000,0,-,-,-,-,4043.0000,4041.6000,4040.0000,4039.8000,4037.4000,4043.8000,4044.0000,4045.6000,4046.6000,4046.8000,1,1,3,2,2,1,1,1,1,1
SF,IF2006,2020-02-19 09:33:14.900,4043.8000,24634,-1,320978040.000,1,0,1,双平,S,4043.0000,4041.6000,4040.0000,4039.8000,4037.4000,4044.0000,4045.6000,4046.6000,4046.8000,4048.6000,2,1,2,2,2,1,1,1,1,1
SF,IF2006,2020-02-19 09:33:15.400,4044.0000,24634,0,322191240.000,1,0,1,多换,S,4043.2000,4043.0000,4040.0000,4039.8000,4037.4000,4045.6000,4046.6000,4046.8000,4048.6000,4048.8000,2,2,2,2,2,1,1,1,1,3
SF,IF2006,2020-02-19 09:33:15.900,4045.2000,24633,-1,323404800.000,1,0,1,双平,S,4043.2000,4043.0000,4040.0000,4039.8000,4037.4000,4044.6000,4045.4000,4045.6000,4046.6000,4046.8000,1,1,2,2,2,1,2,1,1,1
SF,IF2006,2020-02-19 09:33:16.400,4044.8000,24633,0,324618240.000,1,0,1,多换,S,4043.6000,4043.4000,4043.2000,4043.0000,4040.0000,4045.6000,4046.6000,4046.8000,4048.6000,4048.8000,4,2,3,1,2,1,1,1,1,3
SF,IF2006,2020-02-19 09:33:16.900,4045.6000,24632,-1,325831920.000,1,0,1,双平,S,4043.8000,4043.6000,4043.2000,4043.0000,4040.0000,4046.6000,4046.8000,4048.6000,4050.0000,4051.6000,4,2,2,1,2,1,1,1,2,1
SF,IF2006,2020-02-19 09:33:17.400,4043.8000,24632,0,327045060.000,1,0,1,多换,S,4044.0000,4043.6000,4043.2000,4043.0000,4040.0000,4046.0000,4046.4000,4046.6000,4046.8000,4048.6000,1,2,2,1,2,1,5,3,1,1
SF,IF2006,2020-02-19 09:33:17.900,4043.8000,24632,0,327045060.000,0,-,-,-,-,4043.2000,4043.0000,4040.0000,4039.8000,4037.4000,4045.8000,4046.0000,4046.4000,4046.6000,4046.8000,1,1,2,2,2,2,2,2,3,1
SF,IF2006,2020-02-19 09:33:18.400,4043.8000,24632,0,327045060.000,0,-,-,-,-,4043.0000,4040.0000,4039.8000,4037.4000,4037.2000,4045.8000,4046.0000,4046.4000,4046.6000,4046.8000,1,2,2,2,1,2,3,2,1,1
SF,IF2006,2020-02-19 09:33:18.900,4043.8000,24632,0,327045060.000,0,-,-,-,-,4043.0000,4040.0000,4039.8000,4037.4000,4037.2000,4045.2000,4045.4000,4045.6000,4045.8000,4046.0000,1,2,2,2,1,1,3,3,3,2
SF,IF2006,2020-02-19 09:33:19.400,4043.8000,24632,0,327045060.000,0,-,-,-,-,4043.2000,4043.0000,4040.0000,4039.8000,4037.4000,4044.0000,4045.0000,4045.4000,4045.6000,4045.8000,1,1,2,2,2,1,1,1,1,2
SF,IF2006,2020-02-19 09:33:19.900,4046.0000,24633,1,335539980.000,7,4,3,空开,S,4045.8000,4043.0000,4040.0000,4039.8000,4037.4000,4046.4000,4046.6000,4046.8000,4048.6000,4048.8000,2,1,2,2,2,2,1,1,1,1
SF,IF2006,2020-02-19 09:33:20.400,4045.8000,24634,1,337967460.000,2,1,1,空开,S,4043.0000,4040.0000,4039.8000,4037.4000,4037.2000,4045.6000,4045.8000,4046.0000,4046.4000,4046.6000,1,2,2,2,2,2,5,1,2,1
SF,IF2006,2020-02-19 09:33:20.900,4043.4000,24633,-1,339180480.000,1,0,1,双平,S,4044.0000,4043.4000,4043.0000,4040.0000,4039.8000,4045.4000,4045.8000,4046.0000,4046.4000,4046.6000,1,1,1,2,2,1,4,1,2,1
SF,IF2006,2020-02-19 09:33:21.400,4044.0000,24632,-1,340393680.000,1,0,1,双平,S,4043.0000,4040.0000,4039.8000,4037.4000,4037.2000,4045.0000,4045.2000,4045.8000,4046.0000,4046.4000,1,2,2,2,2,1,2,4,1,2
SF,IF2006,2020-02-19 09:33:21.900,4044.0000,24632,0,340393680.000,0,-,-,-,-,4043.2000,4043.0000,4040.0000,4039.8000,4037.4000,4044.6000,4045.2000,4045.6000,4045.8000,4046.0000,1,1,2,2,2,1,2,1,4,1
SF,IF2006,2020-02-19 09:33:22.400,4044.6000,24632,0,341607060.000,1,0,1,多换,S,4043.2000,4043.0000,4040.0000,4039.8000,4037.4000,4044.8000,4045.2000,4045.6000,4045.8000,4046.0000,1,1,2,2,2,1,2,1,5,1
SF,IF2006,2020-02-19 09:33:22.900,4044.6000,24632,0,341607060.000,0,-,-,-,-,4043.4000,4043.0000,4040.0000,4039.8000,4037.4000,4044.8000,4045.2000,4045.6000,4045.8000,4046.0000,2,1,2,2,2,1,2,3,5,1
SF,IF2006,2020-02-19 09:33:23.400,4044.6000,24632,0,341607060.000,0,-,-,-,-,4043.0000,4040.0000,4039.8000,4037.4000,4037.2000,4044.4000,4044.6000,4044.8000,4045.2000,4045.6000,1,1,2,2,2,1,1,1,2,3
SF,IF2006,2020-02-19 09:33:23.900,4044.6000,24632,0,341607060.000,0,-,-,-,-,4043.2000,4043.0000,4040.0000,4039.8000,4037.4000,4044.4000,4044.6000,4044.8000,4045.0000,4045.2000,1,2,1,2,2,1,1,1,1,2
SF,IF2006,2020-02-19 09:33:24.400,4044.6000,24632,0,341607060.000,0,-,-,-,-,4043.4000,4043.2000,4043.0000,4040.0000,4039.8000,4045.0000,4045.6000,4045.8000,4046.0000,4046.4000,1,1,2,1,2,1,2,5,2,2
SF,IF2006,2020-02-19 09:33:24.900,4044.6000,24632,0,341607060.000,0,-,-,-,-,4043.6000,4043.0000,4040.0000,4039.8000,4037.4000,4045.6000,4045.8000,4046.0000,4046.4000,4046.6000,2,2,1,2,2,2,5,2,2,1
SF,IF2006,2020-02-19 09:33:25.400,4043.6000,24631,-1,342820140.000,1,0,1,双平,S,4043.0000,4040.0000,4039.8000,4037.4000,4037.2000,4045.4000,4045.6000,4045.8000,4046.0000,4046.4000,2,1,2,2,2,1,2,3,2,2
SF,IF2006,2020-02-19 09:33:25.900,4043.6000,24631,0,342820140.000,0,-,-,-,-,4043.6000,4043.4000,4043.2000,4043.0000,4040.0000,4045.0000,4045.6000,4045.8000,4046.4000,4046.6000,1,1,2,2,1,1,2,3,2,1
SF,IF2006,2020-02-19 09:33:26.400,4045.0000,24631,0,344033640.000,1,0,1,多换,S,4044.0000,4043.6000,4043.2000,4043.0000,4040.0000,4045.8000,4046.4000,4046.6000,4046.8000,4048.6000,2,2,1,2,1,3,2,1,1,1
SF,IF2006,2020-02-19 09:33:26.900,4045.0000,24631,0,344033640.000,0,-,-,-,-,4044.4000,4043.6000,4043.2000,4043.0000,4040.0000,4045.8000,4046.4000,4046.6000,4046.8000,4048.6000,1,2,1,2,1,3,2,1,1,1
SF,IF2006,2020-02-19 09:33:27.400,4045.0000,24631,0,344033640.000,0,-,-,-,-,4045.0000,4044.8000,4043.6000,4043.2000,4043.0000,4045.6000,4045.8000,4046.4000,4046.6000,4046.8000,2,1,2,1,2,1,3,2,1,1
SF,IF2006,2020-02-19 09:33:27.900,4045.0000,24631,0,344033640.000,0,-,-,-,-,4045.0000,4044.8000,4043.6000,4043.2000,4043.0000,4045.6000,4045.8000,4046.6000,4046.8000,4048.6000,2,1,2,1,2,1,1,1,1,1
SF,IF2006,2020-02-19 09:33:28.400,4045.0000,24631,0,345247140.000,1,0,1,多换,S,4045.0000,4043.6000,4043.2000,4043.0000,4040.0000,4045.4000,4045.6000,4045.8000,4046.6000,4046.8000,1,2,1,2,1,2,1,1,1,1
SF,IF2006,2020-02-19 09:33:28.900,4045.0000,24631,0,346460640.000,1,0,1,多换,S,4043.6000,4043.2000,4043.0000,4040.0000,4039.8000,4045.0000,4045.4000,4045.6000,4045.8000,4046.6000,2,1,2,1,2,1,1,1,1,1
SF,IF2006,2020-02-19 09:33:29.400,4045.0000,24631,0,346460640.000,0,-,-,-,-,4044.0000,4043.8000,4043.6000,4043.2000,4043.0000,4045.0000,4045.4000,4045.6000,4045.8000,4046.6000,1,1,1,1,2,1,1,1,1,1
SF,IF2006,2020-02-19 09:33:29.900,4045.0000,24631,0,346460640.000,0,-,-,-,-,4043.6000,4043.0000,4040.0000,4039.8000,4037.4000,4045.0000,4045.4000,4045.6000,4045.8000,4046.6000,1,2,1,2,2,1,1,1,1,1
SF,IF2006,2020-02-19 09:33:30.400,4045.0000,24631,0,346460640.000,0,-,-,-,-,4043.0000,4040.0000,4039.8000,4037.4000,4037.2000,4045.0000,4045.4000,4045.6000,4045.8000,4046.6000,2,1,2,2,2,1,1,1,1,1
SF,IF2006,2020-02-19 09:33:30.900,4045.0000,24631,0,346460640.000,0,-,-,-,-,4043.4000,4043.2000,4043.0000,4040.0000,4039.8000,4044.8000,4045.0000,4045.4000,4045.6000,4045.8000,1,2,2,1,2,1,1,1,1,1
SF,IF2006,2020-02-19 09:33:31.400,4045.0000,24631,0,346460640.000,0,-,-,-,-,4043.8000,4043.4000,4043.2000,4043.0000,4039.8000,4044.8000,4045.0000,4045.6000,4045.8000,4046.6000,1,1,3,2,2,1,1,1,1,1
SF,IF2006,2020-02-19 09:33:31.900,4044.0000,24629,-2,350100480.000,3,0,3,多平,S,4043.4000,4043.2000,4043.0000,4039.8000,4037.4000,4045.6000,4045.8000,4046.6000,4046.8000,4048.6000,1,2,2,2,2,1,1,1,1,1
SF,IF2006,2020-02-19 09:33:32.400,4044.0000,24629,0,350100480.000,0,-,-,-,-,4043.6000,4043.4000,4043.2000,4043.0000,4039.8000,4045.6000,4045.8000,4046.6000,4046.8000,4048.6000,2,1,3,2,2,1,1,1,1,1
SF,IF2006,2020-02-19 09:33:32.900,4044.0000,24629,0,350100480.000,0,-,-,-,-,4043.6000,4043.4000,4043.2000,4043.0000,4039.8000,4045.6000,4045.8000,4046.6000,4046.8000,4048.6000,2,1,2,2,2,1,1,1,1,1
SF,IF2006,2020-02-19 09:33:33.400,4044.0000,24629,0,350100480.000,0,-,-,-,-,4044.0000,4043.6000,4043.2000,4043.0000,4039.8000,4045.6000,4045.8000,4046.6000,4046.8000,4048.6000,1,1,2,2,2,1,1,1,1,1
SF,IF2006,2020-02-19 09:33:34.400,4044.0000,24629,0,350100480.000,0,-,-,-,-,4044.0000,4043.6000,4043.2000,4043.0000,4040.4000,4045.6000,4045.8000,4046.6000,4046.8000,4048.6000,1,1,2,2,4,1,1,1,1,1
SF,IF2006,2020-02-19 09:33:34.900,4044.0000,24629,0,350100480.000,0,-,-,-,-,4044.2000,4044.0000,4043.6000,4043.2000,4043.0000,4045.6000,4045.8000,4046.6000,4046.8000,4048.6000,1,2,1,2,1,1,1,1,1,1
SF,IF2006,2020-02-19 09:33:35.400,4044.0000,24629,0,350100480.000,0,-,-,-,-,4044.4000,4044.2000,4044.0000,4043.6000,4043.2000,4045.6000,4045.8000,4046.6000,4046.8000,4048.6000,1,1,1,1,2,1,1,1,1,1
SF,IF2006,2020-02-19 09:33:35.900,4044.0000,24629,0,350100480.000,0,-,-,-,-,4044.4000,4044.2000,4044.0000,4043.6000,4043.2000,4045.6000,4045.8000,4046.6000,4046.8000,4048.6000,1,1,1,1,2,1,1,1,1,1
SF,IF2006,2020-02-19 09:33:36.400,4044.0000,24629,0,350100480.000,0,-,-,-,-,4044.4000,4044.0000,4043.2000,4043.0000,4040.4000,4045.6000,4045.8000,4046.6000,4046.8000,4048.6000,1,1,2,1,4,1,1,1,1,1
SF,IF2006,2020-02-19 09:33:36.900,4044.0000,24629,0,350100480.000,0,-,-,-,-,4044.0000,4043.2000,4043.0000,4040.4000,4039.8000,4045.8000,4046.6000,4046.8000,4048.6000,4048.8000,1,2,1,4,2,1,1,1,1,5
SF,IF2006,2020-02-19 09:33:37.400,4044.0000,24629,0,350100480.000,0,-,-,-,-,4044.6000,4044.2000,4044.0000,4043.2000,4043.0000,4045.8000,4046.6000,4046.8000,4048.6000,4048.8000,1,1,1,2,1,1,1,1,1,5
SF,IF2006,2020-02-19 09:33:37.900,4044.0000,24629,0,350100480.000,0,-,-,-,-,4045.0000,4044.6000,4044.2000,4044.0000,4043.2000,4045.8000,4046.6000,4046.8000,4048.6000,4048.8000,2,1,1,1,2,1,1,1,1,5
SF,IF2006,2020-02-19 09:33:38.400,4044.0000,24629,0,350100480.000,0,-,-,-,-,4045.0000,4044.6000,4044.2000,4044.0000,4043.2000,4045.8000,4046.6000,4046.8000,4048.6000,4048.8000,2,1,1,1,2,1,1,1,1,5
SF,IF2006,2020-02-19 09:33:39.400,4044.0000,24629,0,350100480.000,0,-,-,-,-,4045.0000,4044.6000,4044.2000,4044.0000,4043.2000,4045.8000,4046.4000,4046.6000,4046.8000,4048.6000,2,1,1,1,2,1,1,1,1,1
SF,IF2006,2020-02-19 09:33:39.900,4045.8000,24628,-1,351314220.000,1,0,1,双平,S,4045.0000,4044.2000,4044.0000,4043.2000,4043.0000,4046.4000,4046.6000,4046.8000,4048.6000,4048.8000,2,1,1,1,1,1,1,1,1,5
SF,IF2006,2020-02-19 09:33:40.400,4045.8000,24628,0,351314220.000,0,-,-,-,-,4045.2000,4045.0000,4044.8000,4044.2000,4044.0000,4046.4000,4046.6000,4046.8000,4048.6000,4048.8000,1,2,1,1,1,1,1,1,1,5
SF,IF2006,2020-02-19 09:33:40.900,4045.4000,24628,0,352527840.000,1,0,1,多换,S,4045.4000,4045.2000,4045.0000,4044.8000,4044.2000,4046.4000,4046.6000,4046.8000,4048.6000,4048.8000,1,1,2,1,1,1,1,1,1,5
SF,IF2006,2020-02-19 09:33:41.400,4045.8000,24627,-1,353741580.000,1,0,1,双平,S,4045.4000,4045.2000,4045.0000,4044.8000,4044.0000,4046.4000,4046.6000,4046.8000,4048.6000,4048.8000,1,1,2,1,1,1,1,1,1,5
SF,IF2006,2020-02-19 09:33:41.900,4045.8000,24627,0,353741580.000,0,-,-,-,-,4045.2000,4045.0000,4044.8000,4044.0000,4043.2000,4046.4000,4046.6000,4046.8000,4048.6000,4048.8000,1,2,1,1,1,1,1,1,1,5
SF,IF2006,2020-02-19 09:33:42.400,4045.8000,24627,0,353741580.000,0,-,-,-,-,4045.2000,4045.0000,4044.8000,4044.0000,4043.2000,4046.2000,4046.4000,4046.6000,4046.8000,4047.8000,1,2,1,1,1,1,1,1,1,1
SF,IF2006,2020-02-19 09:33:43.400,4046.0000,24627,0,354955380.000,1,0,1,多换,S,4045.2000,4045.0000,4044.0000,4043.2000,4040.4000,4046.2000,4046.4000,4046.6000,4046.8000,4047.8000,1,2,1,1,4,1,1,1,1,1
SF,IF2006,2020-02-19 09:33:43.900,4046.0000,24627,0,354955380.000,0,-,-,-,-,4045.0000,4044.0000,4043.2000,4040.4000,4039.8000,4046.0000,4046.4000,4046.6000,4046.8000,4047.8000,2,1,1,4,2,1,1,1,1,1
SF,IF2006,2020-02-19 09:33:44.400,4046.0000,24627,0,354955380.000,0,-,-,-,-,4045.0000,4044.0000,4043.2000,4040.4000,4039.8000,4045.8000,4046.0000,4046.4000,4046.6000,4046.8000,2,1,1,4,2,1,1,1,1,1
SF,IF2006,2020-02-19 09:33:44.900,4045.0000,24627,0,357382380.000,2,1,1,多换,S,4044.0000,4040.4000,4039.8000,4037.4000,4037.2000,4046.4000,4046.6000,4046.8000,4047.8000,4048.6000,1,4,2,2,2,1,1,1,1,1
SF,IF2006,2020-02-19 09:33:45.400,4046.0000,24626,-1,358596180.000,1,0,1,双平,S,4044.0000,4040.4000,4039.8000,4037.4000,4037.2000,4046.2000,4046.4000,4046.6000,4046.8000,4047.8000,1,4,2,2,2,1,1,1,1,1
SF,IF2006,2020-02-19 09:33:46.400,4046.0000,24626,0,358596180.000,0,-,-,-,-,4044.0000,4043.0000,4040.4000,4039.8000,4037.4000,4045.6000,4045.8000,4046.2000,4046.4000,4046.6000,1,1,4,2,2,1,1,1,1,1
SF,IF2006,2020-02-19 09:33:47.400,4046.0000,24626,0,358596180.000,0,-,-,-,-,4044.0000,4043.0000,4040.4000,4039.8000,4037.4000,4045.4000,4045.6000,4046.2000,4046.4000,4046.6000,1,1,4,2,2,1,1,1,1,1
SF,IF2006,2020-02-19 09:33:47.900,4046.0000,24626,0,358596180.000,0,-,-,-,-,4045.0000,4044.4000,4044.2000,4044.0000,4043.0000,4045.4000,4045.6000,4046.4000,4046.6000,4046.8000,2,1,1,1,1,1,1,1,1,1
SF,IF2006,2020-02-19 09:33:48.400,4045.0000,24627,1,362236800.000,3,2,1,空开,S,4044.2000,4044.0000,4043.0000,4040.4000,4039.8000,4046.4000,4046.6000,4046.8000,4047.8000,4048.6000,1,1,1,4,2,1,1,1,1,1
SF,IF2006,2020-02-19 09:33:48.900,4045.0000,24627,0,362236800.000,0,-,-,-,-,4044.4000,4044.2000,4044.0000,4043.0000,4040.4000,4046.4000,4046.6000,4046.8000,4047.8000,4048.6000,1,1,1,1,4,1,1,1,1,1
SF,IF2006,2020-02-19 09:33:49.400,4045.0000,24627,0,362236800.000,0,-,-,-,-,4044.6000,4044.4000,4044.0000,4043.0000,4040.4000,4046.4000,4046.6000,4046.8000,4047.8000,4048.6000,3,1,1,1,4,1,1,1,1,1
SF,IF2006,2020-02-19 09:33:49.900,4045.0000,24627,0,362236800.000,0,-,-,-,-,4044.6000,4044.4000,4044.0000,4043.0000,4040.4000,4046.4000,4046.6000,4046.8000,4047.8000,4048.6000,3,2,1,1,4,1,1,1,1,1
SF,IF2006,2020-02-19 09:33:50.400,4045.0000,24627,0,363450300.000,1,0,1,多换,S,4045.0000,4044.6000,4044.4000,4044.0000,4043.0000,4046.4000,4046.6000,4046.8000,4047.8000,4048.6000,1,1,2,1,1,1,1,1,1,1
SF,IF2006,2020-02-19 09:33:50.900,4045.0000,24627,0,363450300.000,0,-,-,-,-,4045.0000,4044.6000,4044.4000,4044.0000,4043.0000,4046.0000,4046.4000,4046.6000,4046.8000,4047.8000,1,1,2,1,1,1,1,1,1,1
SF,IF2006,2020-02-19 09:33:51.400,4045.0000,24627,0,363450300.000,0,-,-,-,-,4044.4000,4044.0000,4043.0000,4040.4000,4039.8000,4045.8000,4046.0000,4046.4000,4046.6000,4046.8000,1,1,1,4,2,1,1,1,1,1
SF,IF2006,2020-02-19 09:33:51.900,4045.0000,24627,0,363450300.000,0,-,-,-,-,4044.0000,4043.0000,4040.4000,4039.8000,4037.4000,4046.0000,4046.4000,4046.6000,4046.8000,4047.8000,1,1,4,2,2,1,1,1,1,1
SF,IF2006,2020-02-19 09:33:52.400,4045.0000,24627,0,363450300.000,0,-,-,-,-,4044.2000,4044.0000,4043.0000,4040.4000,4037.2000,4046.0000,4046.4000,4046.6000,4046.8000,4047.8000,3,1,1,4,2,1,1,1,1,1
SF,IF2006,2020-02-19 09:33:52.900,4045.0000,24627,0,363450300.000,0,-,-,-,-,4044.2000,4044.0000,4043.0000,4040.4000,4037.2000,4046.0000,4046.4000,4046.6000,4046.8000,4047.8000,3,1,1,4,2,1,1,1,1,1
SF,IF2006,2020-02-19 09:33:53.400,4045.0000,24627,0,363450300.000,0,-,-,-,-,4044.6000,4044.2000,4044.0000,4043.0000,4040.4000,4046.0000,4046.4000,4046.6000,4046.8000,4047.8000,1,2,1,1,4,1,1,1,1,1
SF,IF2006,2020-02-19 09:33:53.900,4045.0000,24627,0,363450300.000,0,-,-,-,-,4044.8000,4044.6000,4044.2000,4044.0000,4043.0000,4046.0000,4046.4000,4046.6000,4046.8000,4047.8000,1,1,1,1,1,1,1,1,1,1
SF,IF2006,2020-02-19 09:33:54.400,4045.0000,24627,0,363450300.000,0,-,-,-,-,4045.0000,4044.8000,4044.6000,4044.0000,4043.0000,4046.0000,4046.4000,4046.6000,4046.8000,4047.8000,1,2,1,1,1,1,1,1,1,1
SF,IF2006,2020-02-19 09:33:54.900,4045.0000,24627,0,363450300.000,0,-,-,-,-,4045.4000,4045.2000,4045.0000,4044.8000,4044.6000,4046.0000,4046.4000,4046.6000,4046.8000,4047.8000,1,1,2,1,1,1,1,1,1,1
SF,IF2006,2020-02-19 09:33:55.400,4045.0000,24627,0,363450300.000,0,-,-,-,-,4045.4000,4045.0000,4044.8000,4044.6000,4043.0000,4046.0000,4046.4000,4046.6000,4046.8000,4047.8000,1,2,1,1,1,1,1,1,1,1
SF,IF2006,2020-02-19 09:33:55.900,4045.4000,24626,-1,364663920.000,1,0,1,双平,S,4045.0000,4044.6000,4043.0000,4040.4000,4037.2000,4046.0000,4046.4000,4046.6000,4046.8000,4047.8000,1,1,1,4,2,1,1,1,1,1
SF,IF2006,2020-02-19 09:33:56.400,4045.4000,24626,0,364663920.000,0,-,-,-,-,4045.0000,4043.0000,4040.4000,4037.2000,4035.0000,4046.0000,4046.4000,4046.6000,4046.8000,4047.8000,1,1,4,2,5,1,1,1,1,1
SF,IF2006,2020-02-19 09:33:56.900,4045.4000,24626,0,364663920.000,0,-,-,-,-,4045.0000,4043.0000,4040.4000,4037.2000,4035.0000,4046.0000,4046.4000,4046.6000,4046.8000,4047.8000,1,2,4,2,5,1,1,1,1,1
SF,IF2006,2020-02-19 09:33:58.400,4045.0000,24626,0,365877420.000,1,0,1,多换,S,4043.0000,4040.4000,4037.2000,4035.0000,4034.0000,4044.0000,4045.0000,4046.0000,4046.4000,4046.6000,2,4,2,5,1,1,1,1,1,1
SF,IF2006,2020-02-19 09:33:58.900,4044.0000,24625,-1,367090620.000,1,0,1,双平,S,4043.6000,4043.4000,4043.2000,4043.0000,4040.4000,4045.0000,4045.8000,4046.0000,4046.4000,4046.6000,1,1,3,2,4,3,1,1,1,1
SF,IF2006,2020-02-19 09:33:59.900,4044.0000,24625,0,367090620.000,0,-,-,-,-,4044.0000,4043.6000,4043.4000,4043.2000,4043.0000,4045.0000,4045.8000,4046.0000,4046.4000,4046.6000,1,1,1,2,2,2,2,2,1,1
SF,IF2006,2020-02-19 09:34:00.400,4044.0000,24625,0,367090620.000,0,-,-,-,-,4044.0000,4043.6000,4043.4000,4043.2000,4043.0000,4044.2000,4044.8000,4045.0000,4045.8000,4046.0000,1,1,1,2,2,2,1,2,2,2
SF,IF2006,2020-02-19 09:34:00.900,4044.2000,24625,0,369517140.000,2,1,1,多换,S,4044.0000,4043.6000,4043.4000,4043.2000,4043.0000,4044.8000,4045.0000,4045.8000,4046.0000,4046.4000,1,1,1,2,2,1,2,2,2,1
SF,IF2006,2020-02-19 09:34:01.900,4044.2000,24625,0,369517140.000,0,-,-,-,-,4044.6000,4043.4000,4043.2000,4043.0000,4040.4000,4044.8000,4045.0000,4045.8000,4046.0000,4046.4000,1,1,1,2,4,1,2,2,2,1
SF,IF2006,2020-02-19 09:34:02.400,4044.6000,24625,0,370730520.000,1,0,1,多换,S,4043.2000,4043.0000,4040.4000,4037.2000,4035.0000,4044.4000,4044.8000,4045.0000,4045.8000,4046.0000,1,2,4,2,5,1,1,2,2,2
SF,IF2006,2020-02-19 09:34:02.900,4044.6000,24625,0,370730520.000,0,-,-,-,-,4043.4000,4043.2000,4043.0000,4040.4000,4037.2000,4044.4000,4044.8000,4045.0000,4045.8000,4046.0000,1,1,2,4,2,1,1,2,2,2
SF,IF2006,2020-02-19 09:34:03.400,4044.6000,24625,0,370730520.000,0,-,-,-,-,4043.2000,4043.0000,4040.4000,4037.2000,4035.0000,4044.2000,4044.4000,4044.6000,4045.0000,4045.8000,2,2,4,2,5,1,1,1,2,2
SF,IF2006,2020-02-19 09:34:03.900,4044.6000,24625,0,370730520.000,0,-,-,-,-,4043.2000,4043.0000,4040.4000,4037.2000,4035.0000,4044.2000,4044.4000,4044.6000,4045.0000,4045.8000,1,2,4,2,5,1,1,1,2,2
SF,IF2006,2020-02-19 09:34:04.400,4044.6000,24625,0,370730520.000,0,-,-,-,-,4043.2000,4043.0000,4040.4000,4037.2000,4035.0000,4044.2000,4044.6000,4045.0000,4045.8000,4046.0000,1,2,4,2,5,1,1,2,4,2
SF,IF2006,2020-02-19 09:34:04.900,4044.6000,24625,0,370730520.000,0,-,-,-,-,4043.4000,4043.2000,4043.0000,4040.4000,4037.2000,4044.2000,4044.6000,4045.0000,4045.8000,4046.0000,1,2,2,4,2,1,1,2,4,2
SF,IF2006,2020-02-19 09:34:05.400,4044.2000,24624,-1,371943780.000,1,0,1,双平,S,4043.6000,4043.2000,4043.0000,4040.4000,4037.2000,4044.4000,4044.6000,4045.0000,4045.8000,4046.0000,2,3,2,4,2,1,1,2,2,2
SF,IF2006,2020-02-19 09:34:05.900,4043.6000,24622,-2,374370180.000,2,0,2,双平,S,4043.2000,4043.0000,4040.4000,4037.2000,4035.0000,4044.6000,4045.0000,4045.8000,4046.0000,4046.2000,3,2,4,2,5,1,2,2,2,1
SF,IF2006,2020-02-19 09:34:06.400,4043.6000,24622,0,374370180.000,0,-,-,-,-,4043.6000,4043.4000,4043.2000,4043.0000,4040.4000,4044.6000,4045.0000,4045.8000,4046.0000,4046.2000,2,3,3,2,4,1,2,2,2,1
SF,IF2006,2020-02-19 09:34:06.900,4043.6000,24622,0,374370180.000,0,-,-,-,-,4043.8000,4043.6000,4043.4000,4043.2000,4043.0000,4044.6000,4045.0000,4045.8000,4046.0000,4046.2000,2,1,2,3,2,1,2,2,2,1
SF,IF2006,2020-02-19 09:34:07.400,4043.8000,24622,0,375583320.000,1,0,1,多换,S,4043.6000,4043.4000,4043.2000,4043.0000,4040.4000,4043.8000,4044.6000,4045.0000,4045.8000,4046.0000,1,1,3,2,4,1,1,2,2,2
SF,IF2006,2020-02-19 09:34:07.900,4043.6000,24621,-1,378009540.000,2,0,2,多平,S,4043.4000,4043.2000,4043.0000,4040.4000,4037.2000,4044.6000,4045.0000,4045.8000,4046.0000,4046.2000,1,2,2,4,2,1,2,2,2,1
SF,IF2006,2020-02-19 09:34:08.400,4043.6000,24621,0,378009540.000,0,-,-,-,-,4043.2000,4043.0000,4040.4000,4037.2000,4035.0000,4044.0000,4044.4000,4044.6000,4045.0000,4045.8000,2,2,4,2,5,1,2,1,2,1
SF,IF2006,2020-02-19 09:34:08.900,4043.2000,24620,-1,380435460.000,2,0,2,多平,S,4043.0000,4040.4000,4037.2000,4035.0000,4034.0000,4044.0000,4044.4000,4044.6000,4045.0000,4045.8000,2,4,2,5,1,1,2,1,2,1
SF,IF2006,2020-02-19 09:34:09.400,4043.0000,24620,0,381648360.000,1,0,1,多换,S,4043.0000,4040.4000,4037.2000,4035.0000,4034.0000,4043.8000,4044.0000,4044.6000,4045.0000,4045.8000,1,4,2,5,1,2,1,1,2,1
SF,IF2006,2020-02-19 09:34:09.900,4043.0000,24620,0,382861260.000,1,0,1,多换,S,4040.4000,4037.2000,4035.0000,4034.0000,4033.2000,4043.8000,4044.0000,4044.6000,4045.0000,4045.8000,4,2,5,1,3,2,1,1,2,1
SF,IF2006,2020-02-19 09:34:10.400,4043.0000,24620,0,382861260.000,0,-,-,-,-,4042.6000,4041.8000,4041.6000,4040.6000,4040.4000,4043.8000,4044.6000,4045.0000,4045.8000,4046.0000,1,1,1,4,4,1,1,2,1,2
SF,IF2006,2020-02-19 09:34:10.900,4043.0000,24620,0,382861260.000,0,-,-,-,-,4042.6000,4041.8000,4041.6000,4040.6000,4040.4000,4043.6000,4043.8000,4044.6000,4045.0000,4045.8000,1,1,1,3,4,3,1,1,2,1
SF,IF2006,2020-02-19 09:34:11.400,4042.6000,24619,-1,384074040.000,1,0,1,双平,S,4041.8000,4041.6000,4041.2000,4040.6000,4040.4000,4043.4000,4043.6000,4044.6000,4045.0000,4045.8000,1,1,1,3,4,2,2,1,2,1
SF,IF2006,2020-02-19 09:34:11.900,4043.2000,24619,0,385287000.000,1,0,1,多换,S,4041.8000,4041.6000,4041.2000,4040.6000,4040.4000,4043.2000,4043.4000,4043.6000,4044.6000,4045.0000,1,1,1,3,4,1,1,1,1,2
SF,IF2006,2020-02-19 09:34:12.400,4043.2000,24619,0,385287000.000,0,-,-,-,-,4042.0000,4041.6000,4041.2000,4040.6000,4040.4000,4043.4000,4043.6000,4044.6000,4045.0000,4045.8000,1,1,1,2,4,1,1,1,2,1
SF,IF2006,2020-02-19 09:34:12.900,4043.2000,24619,0,385287000.000,0,-,-,-,-,4042.0000,4041.8000,4041.6000,4041.2000,4040.6000,4043.4000,4043.6000,4044.6000,4045.0000,4045.8000,1,1,1,1,2,1,1,1,2,1
SF,IF2006,2020-02-19 09:34:13.400,4043.2000,24619,0,385287000.000,0,-,-,-,-,4041.8000,4041.2000,4040.6000,4040.4000,4037.2000,4043.0000,4043.2000,4043.4000,4043.6000,4044.6000,1,1,2,4,2,1,1,1,1,1
SF,IF2006,2020-02-19 09:34:13.900,4043.2000,24619,0,385287000.000,0,-,-,-,-,4041.8000,4041.6000,4041.2000,4040.6000,4040.4000,4042.8000,4043.2000,4043.6000,4044.6000,4045.0000,1,1,1,2,4,2,1,1,1,2
SF,IF2006,2020-02-19 09:34:14.400,4043.2000,24619,0,385287000.000,0,-,-,-,-,4041.8000,4041.6000,4041.2000,4040.6000,4040.4000,4042.8000,4043.2000,4043.6000,4044.6000,4045.0000,1,1,1,2,4,1,1,1,1,2
SF,IF2006,2020-02-19 09:34:14.900,4043.2000,24619,0,385287000.000,0,-,-,-,-,4041.6000,4040.6000,4040.4000,4037.2000,4035.0000,4042.8000,4043.2000,4043.6000,4044.6000,4045.0000,1,2,4,2,5,1,1,1,1,2
SF,IF2006,2020-02-19 09:34:15.400,4043.2000,24619,0,385287000.000,0,-,-,-,-,4041.6000,4040.6000,4037.2000,4035.0000,4034.0000,4042.6000,4043.2000,4044.6000,4045.0000,4045.8000,1,2,2,5,1,1,1,1,2,1
SF,IF2006,2020-02-19 09:34:16.400,4043.2000,24619,0,385287000.000,0,-,-,-,-,4041.6000,4040.6000,4037.2000,4035.0000,4034.0000,4043.2000,4044.6000,4045.0000,4045.8000,4046.0000,1,2,2,5,1,1,1,2,1,2
SF,IF2006,2020-02-19 09:34:16.900,4043.2000,24619,0,385287000.000,0,-,-,-,-,4041.8000,4041.6000,4040.6000,4037.2000,4035.0000,4043.2000,4044.6000,4045.0000,4045.8000,4046.0000,3,1,2,2,5,1,1,2,1,2
SF,IF2006,2020-02-19 09:34:17.400,4043.2000,24619,0,385287000.000,0,-,-,-,-,4041.8000,4041.6000,4040.6000,4037.2000,4035.0000,4044.6000,4045.0000,4045.8000,4046.0000,4046.2000,3,1,2,2,5,1,2,1,2,1
SF,IF2006,2020-02-19 09:34:17.900,4043.2000,24619,0,385287000.000,0,-,-,-,-,4042.0000,4041.8000,4041.6000,4040.6000,4037.2000,4043.6000,4044.2000,4044.4000,4044.6000,4045.0000,1,1,1,2,2,1,1,2,3,2
SF,IF2006,2020-02-19 09:34:18.400,4043.2000,24619,0,385287000.000,0,-,-,-,-,4042.0000,4041.8000,4041.6000,4040.6000,4039.4000,4043.4000,4043.6000,4044.4000,4044.6000,4045.0000,1,1,1,2,4,1,1,1,3,2
SF,IF2006,2020-02-19 09:34:18.900,4043.2000,24619,0,385287000.000,0,-,-,-,-,4042.0000,4041.8000,4041.6000,4040.6000,4039.4000,4043.4000,4043.6000,4044.4000,4044.6000,4045.0000,1,1,1,2,4,1,1,1,2,2
SF,IF2006,2020-02-19 09:34:19.400,4043.2000,24619,0,385287000.000,0,-,-,-,-,4042.0000,4041.8000,4041.6000,4040.6000,4039.4000,4043.2000,4043.4000,4043.6000,4044.4000,4044.6000,1,1,1,2,4,1,1,1,1,2
SF,IF2006,2020-02-19 09:34:19.900,4043.2000,24619,0,385287000.000,0,-,-,-,-,4042.2000,4041.6000,4040.6000,4039.4000,4037.2000,4043.0000,4043.2000,4044.6000,4045.0000,4045.8000,1,1,2,4,2,1,1,2,2,1
SF,IF2006,2020-02-19 09:34:20.400,4042.2000,24619,0,386499660.000,1,0,1,多换,S,4041.6000,4040.6000,4039.4000,4037.2000,4035.0000,4043.2000,4044.6000,4045.0000,4045.8000,4046.0000,1,2,4,2,5,1,2,2,1,2
SF,IF2006,2020-02-19 09:34:20.900,4042.2000,24619,0,386499660.000,0,-,-,-,-,4041.8000,4041.6000,4040.6000,4039.4000,4037.2000,4043.0000,4043.2000,4044.6000,4045.0000,4045.8000,2,1,2,4,2,1,1,2,2,1
SF,IF2006,2020-02-19 09:34:21.400,4045.0000,24621,2,392565780.000,5,3,2,空开,S,4041.8000,4041.6000,4040.6000,4039.4000,4037.2000,4045.0000,4045.8000,4046.0000,4046.2000,4046.4000,2,1,1,4,2,1,1,2,1,1
SF,IF2006,2020-02-19 09:34:21.900,4045.0000,24621,0,392565780.000,0,-,-,-,-,4041.8000,4041.6000,4040.6000,4039.4000,4037.2000,4044.0000,4044.8000,4045.0000,4045.8000,4046.0000,1,1,1,4,2,2,2,1,1,2
SF,IF2006,2020-02-19 09:34:22.400,4045.0000,24621,0,392565780.000,0,-,-,-,-,4041.8000,4041.6000,4040.6000,4039.4000,4037.2000,4043.8000,4044.0000,4044.8000,4045.0000,4045.8000,1,1,1,4,2,1,2,3,1,1
SF,IF2006,2020-02-19 09:34:22.900,4045.0000,24621,0,392565780.000,0,-,-,-,-,4041.8000,4041.6000,4040.6000,4039.4000,4037.2000,4043.6000,4043.8000,4044.0000,4044.2000,4044.4000,1,1,1,4,2,1,1,2,1,4
SF,IF2006,2020-02-19 09:34:23.400,4045.0000,24621,0,392565780.000,0,-,-,-,-,4042.0000,4041.8000,4041.6000,4040.6000,4039.4000,4043.6000,4043.8000,4044.0000,4044.2000,4044.4000,1,1,1,1,4,1,1,1,1,4
SF,IF2006,2020-02-19 09:34:23.900,4045.0000,24621,0,392565780.000,0,-,-,-,-,4042.0000,4041.8000,4041.6000,4040.6000,4039.4000,4043.6000,4044.0000,4044.2000,4044.4000,4044.6000,1,1,1,1,4,1,1,1,4,5
SF,IF2006,2020-02-19 09:34:24.400,4045.0000,24621,0,392565780.000,0,-,-,-,-,4042.2000,4042.0000,4041.8000,4041.6000,4040.6000,4044.0000,4044.2000,4044.4000,4044.6000,4044.8000,2,1,1,1,1,1,1,2,5,6
SF,IF2006,2020-02-19 09:34:24.900,4045.0000,24621,0,392565780.000,0,-,-,-,-,4042.2000,4041.8000,4041.6000,4040.6000,4039.4000,4043.4000,4043.8000,4044.0000,4044.4000,4044.6000,2,2,1,1,4,1,1,1,2,7
SF,IF2006,2020-02-19 09:34:25.400,4045.0000,24621,0,392565780.000,0,-,-,-,-,4042.4000,4042.2000,4041.8000,4041.6000,4040.6000,4044.0000,4044.4000,4044.6000,4044.8000,4045.0000,1,2,2,1,1,1,2,6,5,1
SF,IF2006,2020-02-19 09:34:25.900,4045.0000,24621,0,392565780.000,0,-,-,-,-,4042.2000,4041.8000,4041.6000,4040.6000,4039.4000,4043.8000,4044.0000,4044.6000,4044.8000,4045.0000,1,2,1,1,4,1,1,3,5,1
SF,IF2006,2020-02-19 09:34:26.400,4045.0000,24621,0,392565780.000,0,-,-,-,-,4042.2000,4041.8000,4041.6000,4040.6000,4039.4000,4043.8000,4044.0000,4044.6000,4044.8000,4045.0000,1,2,1,1,4,1,1,2,5,1
SF,IF2006,2020-02-19 09:34:26.900,4045.0000,24621,0,392565780.000,0,-,-,-,-,4042.2000,4041.8000,4041.6000,4040.6000,4039.4000,4043.6000,4043.8000,4044.0000,4044.6000,4044.8000,1,2,1,1,4,1,1,1,2,5
SF,IF2006,2020-02-19 09:34:27.400,4045.0000,24621,0,392565780.000,0,-,-,-,-,4042.2000,4041.8000,4041.6000,4040.6000,4039.4000,4043.6000,4043.8000,4044.0000,4044.6000,4044.8000,1,1,1,1,4,1,1,1,2,5
SF,IF2006,2020-02-19 09:34:27.900,4045.0000,24621,0,392565780.000,0,-,-,-,-,4042.2000,4041.8000,4041.6000,4040.6000,4039.4000,4043.4000,4043.6000,4044.0000,4044.2000,4044.6000,1,1,1,1,4,1,1,1,1,2
SF,IF2006,2020-02-19 09:34:28.400,4045.0000,24621,0,392565780.000,0,-,-,-,-,4042.2000,4041.8000,4041.6000,4040.6000,4039.4000,4043.4000,4043.6000,4044.0000,4044.2000,4044.6000,1,1,1,1,4,1,1,1,1,2
SF,IF2006,2020-02-19 09:34:28.900,4045.0000,24621,0,392565780.000,0,-,-,-,-,4042.4000,4042.2000,4041.8000,4041.6000,4040.6000,4043.4000,4044.0000,4044.2000,4044.6000,4044.8000,1,1,1,1,1,1,1,1,2,4
SF,IF2006,2020-02-19 09:34:29.400,4045.0000,24621,0,392565780.000,0,-,-,-,-,4042.4000,4042.2000,4041.8000,4041.6000,4040.6000,4043.4000,4044.0000,4044.2000,4044.6000,4044.8000,1,1,1,1,1,1,1,1,2,4
SF,IF2006,2020-02-19 09:34:29.900,4045.0000,24621,0,392565780.000,0,-,-,-,-,4042.4000,4042.2000,4041.8000,4041.6000,4040.6000,4044.0000,4044.6000,4044.8000,4045.0000,4045.4000,1,1,1,1,1,1,2,4,2,4
SF,IF2006,2020-02-19 09:34:30.400,4045.0000,24621,0,392565780.000,0,-,-,-,-,4042.2000,4041.8000,4041.6000,4040.6000,4039.4000,4043.8000,4044.0000,4044.6000,4044.8000,4045.0000,1,1,1,1,4,1,1,2,4,2
SF,IF2006,2020-02-19 09:34:30.900,4045.0000,24621,0,392565780.000,0,-,-,-,-,4042.2000,4041.8000,4041.6000,4040.6000,4039.4000,4043.8000,4044.0000,4044.6000,4044.8000,4045.0000,1,1,1,1,4,2,1,2,4,2
SF,IF2006,2020-02-19 09:34:31.400,4045.0000,24621,0,392565780.000,0,-,-,-,-,4042.2000,4041.8000,4041.6000,4040.6000,4039.4000,4043.6000,4043.8000,4044.0000,4044.6000,4044.8000,2,1,1,1,4,1,1,1,2,4
SF,IF2006,2020-02-19 09:34:31.900,4045.0000,24621,0,392565780.000,0,-,-,-,-,4042.4000,4042.2000,4041.8000,4041.6000,4040.6000,4043.6000,4043.8000,4044.0000,4044.6000,4044.8000,1,2,1,1,1,1,1,1,2,4
SF,IF2006,2020-02-19 09:34:33.400,4045.0000,24621,0,392565780.000,0,-,-,-,-,4042.6000,4042.4000,4042.2000,4041.8000,4041.6000,4043.6000,4043.8000,4044.0000,4044.6000,4044.8000,1,1,2,1,1,1,1,1,2,4
SF,IF2006,2020-02-19 09:34:33.900,4045.0000,24621,0,392565780.000,0,-,-,-,-,4042.4000,4042.2000,4041.8000,4041.6000,4040.6000,4043.6000,4043.8000,4044.0000,4044.6000,4044.8000,1,2,1,1,1,1,1,1,2,4
SF,IF2006,2020-02-19 09:34:34.400,4042.4000,24620,-1,393778500.000,1,0,1,双平,S,4042.2000,4041.8000,4041.6000,4040.6000,4039.4000,4042.4000,4043.4000,4043.6000,4043.8000,4044.0000,2,1,1,1,4,1,2,1,1,1
SF,IF2006,2020-02-19 09:34:34.900,4042.2000,24619,-1,396203820.000,2,0,2,多平,S,4041.8000,4040.6000,4039.4000,4037.2000,4035.0000,4042.2000,4043.4000,4043.6000,4043.8000,4044.0000,1,1,4,2,5,1,1,1,1,1
SF,IF2006,2020-02-19 09:34:35.400,4042.2000,24619,0,396203820.000,0,-,-,-,-,4041.8000,4040.6000,4039.4000,4037.2000,4035.0000,4043.4000,4043.6000,4043.8000,4044.0000,4044.2000,1,1,4,2,5,1,1,1,1,1
SF,IF2006,2020-02-19 09:34:35.900,4042.2000,24619,0,396203820.000,0,-,-,-,-,4041.8000,4040.6000,4039.4000,4037.2000,4035.0000,4043.2000,4043.4000,4043.6000,4044.0000,4044.6000,1,1,4,2,5,1,1,2,1,3
SF,IF2006,2020-02-19 09:34:36.400,4042.2000,24619,0,396203820.000,0,-,-,-,-,4041.8000,4041.6000,4040.6000,4039.4000,4037.2000,4043.0000,4043.2000,4043.6000,4044.0000,4044.6000,1,1,1,4,2,2,2,1,1,3
SF,IF2006,2020-02-19 09:34:36.900,4042.2000,24619,0,396203820.000,0,-,-,-,-,4041.8000,4041.6000,4040.6000,4039.4000,4037.2000,4043.0000,4043.6000,4044.0000,4044.6000,4044.8000,2,1,1,4,2,2,1,1,3,4
SF,IF2006,2020-02-19 09:34:37.400,4042.2000,24619,0,396203820.000,0,-,-,-,-,4042.0000,4041.8000,4041.6000,4040.6000,4039.4000,4042.8000,4043.0000,4043.6000,4044.0000,4044.6000,1,2,1,1,4,1,1,1,1,3
SF,IF2006,2020-02-19 09:34:37.900,4042.2000,24619,0,396203820.000,0,-,-,-,-,4041.8000,4041.6000,4040.6000,4039.4000,4037.2000,4042.8000,4043.0000,4043.6000,4044.0000,4044.6000,2,1,1,4,2,1,1,1,1,3
SF,IF2006,2020-02-19 09:34:38.400,4042.2000,24619,0,396203820.000,0,-,-,-,-,4041.8000,4041.6000,4040.6000,4039.4000,4037.2000,4043.6000,4044.0000,4044.6000,4044.8000,4045.0000,2,1,1,4,2,1,1,3,4,5
SF,IF2006,2020-02-19 09:34:38.900,4042.2000,24619,0,396203820.000,0,-,-,-,-,4041.8000,4041.6000,4040.6000,4039.4000,4037.2000,4043.4000,4043.6000,4044.0000,4044.6000,4044.8000,2,1,1,4,2,3,1,1,3,4
SF,IF2006,2020-02-19 09:34:39.400,4042.2000,24619,0,396203820.000,0,-,-,-,-,4041.8000,4041.6000,4040.6000,4039.4000,4037.2000,4043.4000,4044.0000,4044.6000,4044.8000,4045.0000,1,1,1,4,2,1,1,3,4,5
SF,IF2006,2020-02-19 09:34:39.900,4041.8000,24619,0,397416360.000,1,0,1,多换,S,4041.6000,4040.6000,4039.4000,4037.2000,4035.0000,4043.2000,4044.0000,4044.6000,4044.8000,4045.0000,1,1,4,2,5,1,1,3,4,5
SF,IF2006,2020-02-19 09:34:40.400,4041.8000,24619,0,397416360.000,0,-,-,-,-,4041.6000,4040.6000,4039.4000,4037.2000,4035.0000,4043.2000,4044.0000,4044.4000,4044.6000,4044.8000,1,1,4,2,5,1,1,2,2,4
SF,IF2006,2020-02-19 09:34:40.900,4041.8000,24619,0,397416360.000,0,-,-,-,-,4041.8000,4041.6000,4040.6000,4039.4000,4037.2000,4043.2000,4044.0000,4044.4000,4044.6000,4044.8000,1,1,1,4,2,1,1,2,2,4
SF,IF2006,2020-02-19 09:34:41.400,4041.8000,24619,0,397416360.000,0,-,-,-,-,4041.8000,4040.6000,4039.4000,4037.2000,4035.0000,4043.2000,4044.0000,4044.4000,4044.6000,4044.8000,2,1,4,2,5,1,1,2,2,4
SF,IF2006,2020-02-19 09:34:41.900,4041.8000,24619,0,397416360.000,0,-,-,-,-,4041.8000,4041.6000,4040.6000,4039.4000,4037.2000,4043.2000,4044.0000,4044.4000,4044.6000,4044.8000,1,1,1,4,2,1,1,2,2,4
SF,IF2006,2020-02-19 09:34:42.400,4041.8000,24619,0,397416360.000,0,-,-,-,-,4041.8000,4041.6000,4040.6000,4039.4000,4037.2000,4043.2000,4044.0000,4044.4000,4044.6000,4044.8000,2,1,1,4,2,1,1,2,2,4
SF,IF2006,2020-02-19 09:34:42.900,4041.8000,24619,0,397416360.000,0,-,-,-,-,4041.8000,4041.4000,4040.6000,4039.4000,4037.2000,4043.0000,4043.2000,4044.0000,4044.4000,4044.6000,2,1,1,4,2,1,1,1,2,2
SF,IF2006,2020-02-19 09:34:43.400,4041.8000,24619,0,397416360.000,0,-,-,-,-,4042.0000,4041.8000,4041.6000,4041.4000,4040.6000,4043.0000,4043.2000,4044.0000,4044.4000,4044.6000,1,2,1,1,1,1,1,1,2,5
SF,IF2006,2020-02-19 09:34:44.400,4041.8000,24620,1,398628900.000,1,1,0,双开,S,4041.4000,4040.6000,4039.4000,4037.2000,4035.0000,4042.8000,4043.0000,4044.0000,4044.4000,4044.6000,1,1,4,2,5,1,1,1,2,5
SF,IF2006,2020-02-19 09:34:44.900,4041.4000,24619,-1,399841320.000,1,0,1,双平,S,4040.6000,4039.4000,4037.2000,4035.0000,4034.0000,4042.4000,4042.6000,4042.8000,4043.0000,4044.0000,1,4,2,5,2,1,1,1,1,1
SF,IF2006,2020-02-19 09:34:45.400,4041.4000,24619,0,399841320.000,0,-,-,-,-,4040.4000,4039.4000,4037.2000,4035.0000,4034.0000,4042.0000,4042.2000,4042.4000,4043.0000,4044.0000,1,4,2,5,2,1,3,1,1,1
SF,IF2006,2020-02-19 09:34:45.900,4041.4000,24619,0,399841320.000,0,-,-,-,-,4040.6000,4039.4000,4037.2000,4035.0000,4034.0000,4042.2000,4042.4000,4043.0000,4044.0000,4044.4000,1,4,2,5,2,1,1,1,1,2
SF,IF2006,2020-02-19 09:34:46.400,4041.4000,24619,0,399841320.000,0,-,-,-,-,4040.4000,4039.4000,4037.2000,4035.0000,4034.0000,4042.0000,4042.2000,4043.0000,4044.0000,4044.4000,1,4,2,5,2,2,1,1,1,2
SF,IF2006,2020-02-19 09:34:46.900,4041.4000,24619,0,399841320.000,0,-,-,-,-,4040.4000,4037.2000,4035.0000,4034.0000,4033.2000,4042.0000,4043.0000,4044.0000,4044.4000,4044.6000,1,2,5,2,3,1,1,1,2,4
SF,IF2006,2020-02-19 09:34:47.400,4041.4000,24619,0,399841320.000,0,-,-,-,-,4037.8000,4037.2000,4035.0000,4034.0000,4033.2000,4041.6000,4041.8000,4042.0000,4043.0000,4044.0000,4,2,5,2,3,1,2,1,1,1
SF,IF2006,2020-02-19 09:34:47.900,4041.4000,24619,0,399841320.000,0,-,-,-,-,4040.4000,4039.2000,4038.4000,4038.2000,4038.0000,4042.0000,4043.0000,4043.4000,4044.0000,4044.4000,1,1,1,2,10,1,1,1,1,2
SF,IF2006,2020-02-19 09:34:48.400,4041.4000,24619,0,399841320.000,0,-,-,-,-,4040.4000,4039.2000,4038.4000,4038.2000,4038.0000,4042.0000,4043.0000,4044.0000,4044.4000,4044.6000,1,1,1,2,9,1,1,1,2,4
SF,IF2006,2020-02-19 09:34:48.900,4041.4000,24619,0,399841320.000,0,-,-,-,-,4040.4000,4039.2000,4038.4000,4038.2000,4038.0000,4041.8000,4042.0000,4043.0000,4044.0000,4044.4000,1,1,1,2,9,1,1,1,1,2
SF,IF2006,2020-02-19 09:34:49.400,4041.4000,24619,0,399841320.000,0,-,-,-,-,4040.4000,4039.2000,4038.4000,4038.2000,4038.0000,4042.0000,4043.0000,4044.0000,4044.4000,4044.6000,1,1,1,2,9,1,1,1,2,5
SF,IF2006,2020-02-19 09:34:49.900,4041.4000,24619,0,399841320.000,0,-,-,-,-,4040.6000,4040.4000,4039.2000,4038.4000,4038.2000,4041.8000,4042.0000,4043.0000,4044.0000,4044.4000,1,1,1,1,2,1,1,1,1,2
SF,IF2006,2020-02-19 09:34:50.400,4041.4000,24619,0,399841320.000,0,-,-,-,-,4040.8000,4040.4000,4039.2000,4038.4000,4038.2000,4041.8000,4042.0000,4043.0000,4044.0000,4044.4000,1,1,1,1,2,1,1,1,1,2
SF,IF2006,2020-02-19 09:34:50.900,4041.4000,24619,0,399841320.000,0,-,-,-,-,4041.0000,4040.4000,4039.2000,4038.4000,4038.2000,4042.0000,4043.0000,4044.0000,4044.4000,4044.6000,1,1,1,1,2,6,1,1,2,4
SF,IF2006,2020-02-19 09:34:51.400,4041.4000,24619,0,399841320.000,0,-,-,-,-,4041.0000,4040.4000,4039.2000,4038.4000,4038.0000,4042.0000,4043.0000,4044.0000,4044.4000,4044.6000,1,1,1,1,9,6,2,1,2,4
SF,IF2006,2020-02-19 09:34:52.400,4041.4000,24619,0,399841320.000,0,-,-,-,-,4040.4000,4039.2000,4038.4000,4038.0000,4037.8000,4042.0000,4043.0000,4044.0000,4044.4000,4044.6000,1,1,1,9,4,6,2,1,2,4
SF,IF2006,2020-02-19 09:34:52.900,4041.4000,24619,0,399841320.000,0,-,-,-,-,4040.4000,4039.2000,4038.4000,4038.0000,4037.8000,4041.8000,4042.0000,4043.0000,4044.0000,4044.4000,1,1,1,9,4,1,6,2,1,2
SF,IF2006,2020-02-19 09:34:53.400,4041.4000,24619,0,399841320.000,0,-,-,-,-,4040.4000,4039.2000,4038.4000,4038.0000,4037.8000,4041.6000,4041.8000,4042.0000,4043.0000,4044.0000,1,1,1,9,4,1,1,6,2,1
SF,IF2006,2020-02-19 09:34:53.900,4041.4000,24619,0,399841320.000,0,-,-,-,-,4040.6000,4040.4000,4039.2000,4038.4000,4038.0000,4041.8000,4042.0000,4043.0000,4044.0000,4044.4000,1,1,1,1,9,1,6,2,1,2
SF,IF2006,2020-02-19 09:34:54.400,4041.4000,24619,0,399841320.000,0,-,-,-,-,4040.4000,4039.2000,4038.4000,4038.0000,4037.8000,4041.6000,4042.0000,4043.0000,4044.0000,4044.4000,2,1,1,9,4,1,6,2,1,2
SF,IF2006,2020-02-19 09:34:54.900,4041.4000,24619,0,399841320.000,0,-,-,-,-,4040.6000,4040.4000,4039.2000,4038.4000,4038.0000,4042.0000,4043.0000,4044.0000,4044.4000,4044.6000,1,2,1,1,9,6,2,1,2,4
SF,IF2006,2020-02-19 09:34:55.400,4041.4000,24619,0,399841320.000,0,-,-,-,-,4041.0000,4040.4000,4039.2000,4038.4000,4038.0000,4042.0000,4043.0000,4044.0000,4044.4000,4044.6000,1,2,1,1,9,6,2,1,2,4
SF,IF2006,2020-02-19 09:34:55.900,4041.4000,24619,0,399841320.000,0,-,-,-,-,4041.2000,4040.4000,4039.2000,4038.4000,4038.0000,4042.0000,4043.0000,4044.0000,4044.4000,4044.6000,1,2,1,1,9,5,2,1,2,1
SF,IF2006,2020-02-19 09:34:56.400,4041.4000,24619,0,399841320.000,0,-,-,-,-,4040.4000,4039.2000,4038.4000,4038.0000,4037.8000,4042.0000,4043.0000,4044.0000,4044.4000,4044.6000,2,1,1,9,4,5,2,1,2,1
SF,IF2006,2020-02-19 09:34:56.900,4041.4000,24619,0,399841320.000,0,-,-,-,-,4040.6000,4040.4000,4039.2000,4038.4000,4038.0000,4042.0000,4043.0000,4044.0000,4044.4000,4044.6000,2,2,1,1,8,5,2,1,2,1
SF,IF2006,2020-02-19 09:34:57.400,4041.4000,24619,0,399841320.000,0,-,-,-,-,4040.6000,4040.4000,4039.2000,4038.4000,4038.0000,4041.8000,4042.0000,4043.0000,4044.0000,4044.4000,2,2,1,1,8,1,5,2,1,2
SF,IF2006,2020-02-19 09:34:57.900,4041.4000,24619,0,399841320.000,0,-,-,-,-,4040.4000,4039.2000,4038.4000,4038.0000,4037.8000,4041.8000,4042.0000,4043.0000,4044.0000,4044.4000,2,1,1,8,4,1,5,2,1,2
SF,IF2006,2020-02-19 09:34:58.400,4041.4000,24619,0,399841320.000,0,-,-,-,-,4040.4000,4039.2000,4038.4000,4038.0000,4037.8000,4041.8000,4042.0000,4043.0000,4044.0000,4044.4000,1,1,1,8,4,1,5,2,1,2
SF,IF2006,2020-02-19 09:34:58.900,4040.4000,24619,0,401053440.000,1,0,1,多换,S,4040.6000,4040.4000,4039.2000,4038.4000,4038.0000,4041.8000,4042.0000,4043.0000,4044.0000,4044.4000,1,1,1,1,8,1,5,2,1,2
SF,IF2006,2020-02-19 09:34:59.400,4040.4000,24619,0,403477740.000,2,1,1,多换,S,4039.2000,4038.4000,4038.0000,4037.8000,4037.6000,4041.6000,4041.8000,4042.0000,4043.0000,4044.0000,1,1,8,4,1,2,1,5,2,1
SF,IF2006,2020-02-19 09:34:59.900,4040.4000,24619,0,403477740.000,0,-,-,-,-,4039.6000,4039.4000,4039.2000,4039.0000,4038.4000,4041.6000,4041.8000,4042.0000,4043.0000,4044.0000,1,4,1,1,1,1,1,5,2,1
SF,IF2006,2020-02-19 09:35:00.400,4040.4000,24619,0,403477740.000,0,-,-,-,-,4039.8000,4039.2000,4038.4000,4038.0000,4037.8000,4041.4000,4041.6000,4041.8000,4042.0000,4043.0000,3,1,1,6,4,1,1,1,5,2
SF,IF2006,2020-02-19 09:35:00.900,4040.4000,24619,0,403477740.000,0,-,-,-,-,4039.8000,4039.2000,4038.4000,4038.0000,4037.8000,4041.6000,4041.8000,4042.0000,4043.0000,4044.0000,1,1,1,6,4,1,1,5,2,1
SF,IF2006,2020-02-19 09:35:01.900,4040.4000,24619,0,403477740.000,0,-,-,-,-,4039.8000,4039.2000,4038.4000,4038.0000,4037.8000,4041.4000,4041.6000,4042.0000,4043.0000,4044.0000,1,1,1,6,4,1,1,5,2,1
SF,IF2006,2020-02-19 09:35:02.400,4040.4000,24619,0,403477740.000,0,-,-,-,-,4040.0000,4039.8000,4039.2000,4038.4000,4038.0000,4041.2000,4041.4000,4042.0000,4043.0000,4044.0000,1,1,1,1,6,1,1,5,2,1
SF,IF2006,2020-02-19 09:35:02.900,4040.4000,24619,0,403477740.000,0,-,-,-,-,4039.8000,4039.2000,4038.4000,4038.0000,4037.8000,4041.2000,4041.4000,4042.0000,4043.0000,4044.0000,1,1,1,6,4,1,1,5,1,1
SF,IF2006,2020-02-19 09:35:04.900,4040.4000,24619,0,403477740.000,0,-,-,-,-,4040.2000,4039.8000,4039.2000,4038.4000,4038.0000,4041.2000,4042.0000,4043.0000,4044.0000,4044.4000,1,1,1,1,6,1,5,1,1,2
SF,IF2006,2020-02-19 09:35:05.900,4040.4000,24619,0,403477740.000,0,-,-,-,-,4039.8000,4039.2000,4038.4000,4038.0000,4037.8000,4041.2000,4042.0000,4043.0000,4044.0000,4044.4000,1,1,1,6,4,1,5,1,1,2
SF,IF2006,2020-02-19 09:35:06.400,4040.4000,24619,0,403477740.000,0,-,-,-,-,4040.0000,4039.8000,4039.2000,4038.4000,4038.0000,4042.0000,4043.0000,4044.0000,4044.4000,4044.6000,1,1,1,1,5,5,1,1,2,1
SF,IF2006,2020-02-19 09:35:06.900,4040.2000,24619,0,404689800.000,1,0,1,多换,S,4040.0000,4039.2000,4038.4000,4038.0000,4037.8000,4041.8000,4042.0000,4043.0000,4044.0000,4044.4000,1,1,1,5,4,2,5,1,1,2
SF,IF2006,2020-02-19 09:35:07.400,4040.2000,24619,0,404689800.000,0,-,-,-,-,4040.2000,4040.0000,4039.8000,4039.2000,4038.4000,4041.8000,4042.0000,4043.0000,4044.0000,4044.4000,1,2,1,1,1,1,5,1,1,2
SF,IF2006,2020-02-19 09:35:07.900,4040.2000,24619,0,404689800.000,0,-,-,-,-,4040.4000,4040.2000,4040.0000,4039.8000,4039.2000,4042.0000,4043.0000,4044.0000,4044.4000,4044.6000,3,1,2,1,1,5,1,1,2,1
SF,IF2006,2020-02-19 09:35:08.400,4040.2000,24619,0,404689800.000,0,-,-,-,-,4040.6000,4040.4000,4040.2000,4040.0000,4039.2000,4042.0000,4043.0000,4044.0000,4044.4000,4044.6000,2,3,1,2,1,5,1,1,2,1
SF,IF2006,2020-02-19 09:35:08.900,4040.2000,24620,1,405901860.000,1,1,0,双开,S,4040.8000,4040.6000,4040.2000,4040.0000,4039.2000,4041.8000,4042.0000,4043.0000,4044.0000,4044.4000,2,3,1,2,1,1,6,1,1,2
SF,IF2006,2020-02-19 09:35:09.400,4040.2000,24620,0,405901860.000,0,-,-,-,-,4041.6000,4041.0000,4040.8000,4040.6000,4040.2000,4041.8000,4042.0000,4043.0000,4044.0000,4044.4000,1,1,1,2,1,1,6,1,1,2
SF,IF2006,2020-02-19 09:35:09.900,4040.8000,24618,-2,408326580.000,2,0,2,双平,S,4040.6000,4040.2000,4040.0000,4039.2000,4038.0000,4042.0000,4043.0000,4044.0000,4044.4000,4044.6000,2,1,2,1,5,6,1,1,2,1
SF,IF2006,2020-02-19 09:35:10.400,4040.8000,24618,0,408326580.000,0,-,-,-,-,4041.0000,4040.6000,4040.2000,4040.0000,4039.2000,4042.0000,4043.0000,4044.0000,4044.4000,4044.6000,1,2,1,2,1,6,1,1,2,1
SF,IF2006,2020-02-19 09:35:10.900,4040.6000,24616,-2,410751000.000,2,0,2,双平,S,4040.2000,4040.0000,4039.2000,4038.0000,4037.8000,4041.8000,4042.0000,4043.0000,4044.0000,4044.4000,1,2,1,5,4,1,6,1,1,2
SF,IF2006,2020-02-19 09:35:11.400,4040.6000,24616,0,410751000.000,0,-,-,-,-,4040.4000,4040.2000,4040.0000,4039.2000,4038.0000,4041.8000,4042.0000,4043.0000,4044.0000,4044.4000,1,1,2,1,5,1,6,1,1,2
SF,IF2006,2020-02-19 09:35:11.900,4040.4000,24616,0,411963120.000,1,0,1,多换,S,4040.0000,4039.2000,4038.0000,4037.8000,4037.6000,4041.8000,4042.0000,4043.0000,4044.0000,4044.4000,2,1,5,4,1,1,6,1,1,2
SF,IF2006,2020-02-19 09:35:12.400,4040.4000,24616,0,411963120.000,0,-,-,-,-,4040.2000,4040.0000,4039.2000,4038.0000,4037.8000,4041.8000,4042.0000,4043.0000,4044.0000,4044.4000,2,2,1,5,4,1,6,1,1,2
SF,IF2006,2020-02-19 09:35:12.900,4040.4000,24616,0,411963120.000,0,-,-,-,-,4040.4000,4040.2000,4040.0000,4039.2000,4038.0000,4041.8000,4042.0000,4043.0000,4044.0000,4044.4000,1,2,2,1,5,1,6,1,1,2
SF,IF2006,2020-02-19 09:35:13.400,4040.4000,24616,0,411963120.000,0,-,-,-,-,4040.4000,4040.2000,4040.0000,4039.2000,4038.0000,4041.8000,4042.0000,4043.0000,4044.0000,4044.4000,1,1,2,1,5,1,6,1,1,2
SF,IF2006,2020-02-19 09:35:14.400,4040.4000,24616,0,411963120.000,0,-,-,-,-,4040.6000,4040.4000,4040.2000,4040.0000,4039.2000,4041.8000,4042.0000,4043.0000,4044.0000,4044.4000,1,1,1,2,1,1,6,1,1,2
SF,IF2006,2020-02-19 09:35:14.900,4040.4000,24616,0,411963120.000,0,-,-,-,-,4040.6000,4040.0000,4039.2000,4038.0000,4037.8000,4041.6000,4041.8000,4042.0000,4043.0000,4044.0000,1,2,1,5,4,2,1,6,1,1
SF,IF2006,2020-02-19 09:35:15.400,4040.4000,24616,0,411963120.000,0,-,-,-,-,4040.0000,4039.2000,4038.0000,4037.8000,4037.6000,4041.8000,4042.0000,4043.0000,4043.8000,4044.0000,2,1,5,4,1,1,6,1,1,1
SF,IF2006,2020-02-19 09:35:15.900,4040.4000,24616,0,411963120.000,0,-,-,-,-,4040.2000,4040.0000,4039.2000,4038.0000,4037.8000,4041.8000,4042.0000,4043.0000,4043.8000,4044.0000,3,2,1,5,4,1,6,1,1,1
SF,IF2006,2020-02-19 09:35:16.400,4040.4000,24616,0,411963120.000,0,-,-,-,-,4040.2000,4040.0000,4039.2000,4038.0000,4037.8000,4041.6000,4041.8000,4042.0000,4043.0000,4043.8000,1,2,1,5,4,1,1,6,1,1
SF,IF2006,2020-02-19 09:35:16.900,4040.4000,24616,0,411963120.000,0,-,-,-,-,4040.2000,4040.0000,4039.2000,4038.0000,4037.8000,4041.8000,4042.0000,4043.0000,4043.8000,4044.0000,1,2,1,5,4,1,6,1,1,1
SF,IF2006,2020-02-19 09:35:17.400,4040.4000,24616,0,411963120.000,0,-,-,-,-,4040.0000,4039.2000,4038.0000,4037.8000,4037.6000,4041.6000,4041.8000,4042.0000,4043.0000,4043.8000,2,1,5,4,1,2,1,6,1,1
SF,IF2006,2020-02-19 09:35:17.900,4040.4000,24616,0,411963120.000,0,-,-,-,-,4040.0000,4039.2000,4038.0000,4037.8000,4037.6000,4041.4000,4041.6000,4042.0000,4043.0000,4043.8000,1,1,5,4,1,2,2,6,1,1
SF,IF2006,2020-02-19 09:35:18.400,4041.4000,24616,0,413175540.000,1,0,1,多换,S,4040.0000,4039.2000,4038.0000,4037.8000,4037.6000,4041.6000,4042.0000,4043.0000,4043.8000,4044.4000,1,1,5,4,1,2,6,1,1,2
SF,IF2006,2020-02-19 09:35:18.900,4041.4000,24616,0,413175540.000,0,-,-,-,-,4040.0000,4039.2000,4038.0000,4037.8000,4037.6000,4041.4000,4042.0000,4043.0000,4043.8000,4044.4000,1,1,5,4,1,4,6,1,1,2
SF,IF2006,2020-02-19 09:35:19.400,4041.4000,24616,0,413175540.000,0,-,-,-,-,4040.0000,4039.2000,4038.0000,4037.8000,4037.6000,4041.2000,4041.4000,4042.0000,4043.0000,4043.8000,1,1,5,4,1,1,3,6,1,1
SF,IF2006,2020-02-19 09:35:19.900,4041.4000,24616,0,413175540.000,0,-,-,-,-,4040.0000,4039.2000,4038.0000,4037.8000,4037.6000,4041.0000,4041.2000,4042.0000,4042.8000,4043.0000,1,1,5,4,1,3,1,6,1,1
SF,IF2006,2020-02-19 09:35:20.400,4040.0000,24616,0,414387540.000,1,0,1,多换,S,4039.2000,4038.0000,4037.8000,4037.6000,4037.2000,4040.8000,4041.0000,4042.0000,4042.8000,4043.0000,1,5,4,1,5,2,1,6,1,1
SF,IF2006,2020-02-19 09:35:20.900,4040.0000,24616,0,414387540.000,0,-,-,-,-,4039.4000,4039.2000,4038.0000,4037.8000,4037.6000,4041.0000,4042.0000,4042.8000,4043.0000,4043.8000,1,2,5,4,1,1,6,1,1,1
SF,IF2006,2020-02-19 09:35:21.400,4040.0000,24616,0,414387540.000,0,-,-,-,-,4039.8000,4039.4000,4039.2000,4038.0000,4037.8000,4040.8000,4041.0000,4042.0000,4042.8000,4043.0000,2,1,2,5,4,2,1,6,1,1
SF,IF2006,2020-02-19 09:35:21.900,4040.0000,24616,0,414387540.000,0,-,-,-,-,4039.8000,4039.4000,4039.2000,4038.0000,4037.8000,4041.0000,4042.0000,4042.8000,4043.0000,4043.8000,2,1,2,5,4,1,6,1,1,1
SF,IF2006,2020-02-19 09:35:22.400,4040.0000,24616,0,414387540.000,0,-,-,-,-,4039.8000,4039.4000,4039.2000,4038.0000,4037.8000,4040.6000,4040.8000,4041.0000,4042.0000,4042.8000,2,1,2,2,4,1,2,1,6,1
SF,IF2006,2020-02-19 09:35:22.900,4040.0000,24616,0,414387540.000,0,-,-,-,-,4039.8000,4039.4000,4039.2000,4038.0000,4037.8000,4040.6000,4040.8000,4041.0000,4042.0000,4042.8000,2,1,2,1,4,1,2,1,6,1
SF,IF2006,2020-02-19 09:35:23.400,4040.0000,24616,0,414387540.000,0,-,-,-,-,4039.8000,4039.4000,4039.2000,4038.0000,4037.8000,4040.6000,4041.0000,4042.0000,4042.8000,4043.0000,2,1,2,1,4,1,1,6,1,1
SF,IF2006,2020-02-19 09:35:24.400,4039.8000,24616,0,418023600.000,3,1,2,多换,S,4039.4000,4039.2000,4038.0000,4037.8000,4037.6000,4041.0000,4042.0000,4042.8000,4043.0000,4043.8000,1,2,1,4,1,1,6,1,1,1
SF,IF2006,2020-02-19 09:35:24.900,4039.8000,24616,0,418023600.000,0,-,-,-,-,4039.4000,4039.2000,4038.0000,4037.8000,4037.6000,4040.2000,4041.0000,4042.0000,4042.8000,4043.0000,1,2,1,4,1,1,1,6,1,1
SF,IF2006,2020-02-19 09:35:25.400,4040.2000,24615,-1,419235660.000,1,0,1,双平,S,4040.6000,4040.2000,4039.4000,4039.2000,4038.0000,4042.0000,4042.8000,4043.0000,4043.8000,4044.4000,1,1,1,2,1,6,1,1,1,4
SF,IF2006,2020-02-19 09:35:25.900,4040.2000,24615,0,419235660.000,0,-,-,-,-,4040.6000,4040.2000,4039.4000,4039.2000,4038.0000,4041.6000,4041.8000,4042.0000,4042.8000,4043.0000,1,1,1,2,1,3,4,6,1,1
SF,IF2006,2020-02-19 09:35:26.400,4040.6000,24616,1,420447840.000,1,1,0,双开,S,4039.6000,4039.4000,4039.2000,4038.0000,4037.8000,4041.4000,4041.6000,4041.8000,4042.0000,4042.8000,1,1,2,1,4,5,1,1,6,1
SF,IF2006,2020-02-19 09:35:26.900,4040.6000,24616,0,420447840.000,0,-,-,-,-,4039.8000,4039.6000,4039.2000,4038.0000,4037.8000,4041.0000,4041.4000,4041.6000,4041.8000,4042.0000,1,1,2,1,4,1,5,1,1,6
SF,IF2006,2020-02-19 09:35:27.400,4040.6000,24616,0,420447840.000,0,-,-,-,-,4039.8000,4039.6000,4039.2000,4038.0000,4037.8000,4041.0000,4041.4000,4041.8000,4042.0000,4042.8000,1,1,2,1,4,1,3,1,6,1
SF,IF2006,2020-02-19 09:35:27.900,4040.6000,24616,0,420447840.000,0,-,-,-,-,4039.8000,4039.6000,4039.2000,4038.0000,4037.8000,4040.8000,4041.0000,4041.4000,4041.8000,4042.0000,1,1,2,1,4,1,2,3,1,6
SF,IF2006,2020-02-19 09:35:28.900,4039.8000,24615,-1,421659780.000,1,0,1,双平,S,4039.2000,4038.0000,4037.8000,4037.6000,4037.2000,4040.8000,4041.0000,4041.4000,4041.8000,4042.0000,2,1,4,1,5,1,2,3,1,6
SF,IF2006,2020-02-19 09:35:29.400,4040.6000,24616,1,422871960.000,1,1,0,双开,S,4039.2000,4038.0000,4037.8000,4037.6000,4037.2000,4040.6000,4041.0000,4041.4000,4042.0000,4042.8000,2,1,4,1,5,1,2,1,6,1
SF,IF2006,2020-02-19 09:35:29.900,4040.6000,24616,0,424084140.000,1,0,1,多换,S,4039.2000,4038.0000,4037.8000,4037.6000,4037.2000,4041.0000,4041.4000,4042.0000,4042.8000,4043.0000,2,1,4,1,5,2,1,6,1,1
SF,IF2006,2020-02-19 09:35:30.400,4040.6000,24616,0,424084140.000,0,-,-,-,-,4039.2000,4038.0000,4037.6000,4037.2000,4036.0000,4040.6000,4040.8000,4041.0000,4041.4000,4042.0000,2,1,1,5,4,1,1,2,1,6
SF,IF2006,2020-02-19 09:35:31.400,4040.6000,24616,0,424084140.000,0,-,-,-,-,4039.2000,4038.0000,4037.6000,4037.2000,4036.0000,4040.2000,4040.4000,4040.6000,4040.8000,4041.0000,2,1,1,5,4,2,1,1,1,2
SF,IF2006,2020-02-19 09:35:31.900,4040.6000,24616,0,424084140.000,0,-,-,-,-,4039.2000,4038.0000,4037.6000,4037.2000,4036.0000,4040.0000,4040.6000,4041.0000,4042.0000,4042.8000,1,1,1,5,4,8,1,2,6,1
SF,IF2006,2020-02-19 09:35:32.400,4039.2000,24616,0,425295900.000,1,0,1,多换,S,4039.2000,4038.0000,4037.6000,4037.2000,4036.0000,4040.0000,4040.6000,4041.0000,4042.0000,4042.8000,1,1,1,5,4,3,1,2,5,1
SF,IF2006,2020-02-19 09:35:32.900,4039.2000,24616,0,425295900.000,0,-,-,-,-,4039.2000,4038.0000,4037.6000,4037.2000,4036.0000,4040.0000,4040.6000,4041.0000,4042.0000,4042.8000,2,1,1,5,4,3,1,3,5,1
SF,IF2006,2020-02-19 09:35:33.400,4039.2000,24617,1,426507660.000,1,1,0,双开,S,4038.0000,4037.6000,4037.2000,4036.0000,4034.0000,4040.0000,4040.6000,4041.0000,4042.0000,4042.8000,1,1,5,4,2,3,1,4,5,1
SF,IF2006,2020-02-19 09:35:33.900,4039.2000,24617,0,426507660.000,0,-,-,-,-,4038.2000,4037.6000,4037.2000,4036.0000,4034.0000,4039.8000,4040.0000,4040.6000,4041.0000,4042.0000,1,1,5,4,2,5,3,1,4,5
SF,IF2006,2020-02-19 09:35:34.400,4039.2000,24617,0,426507660.000,0,-,-,-,-,4038.2000,4037.6000,4037.2000,4036.0000,4034.0000,4039.6000,4039.8000,4040.0000,4040.6000,4041.0000,1,1,5,4,2,3,3,1,1,4
SF,IF2006,2020-02-19 09:35:34.900,4039.2000,24617,0,426507660.000,0,-,-,-,-,4039.0000,4038.2000,4037.6000,4037.2000,4036.0000,4039.4000,4039.6000,4039.8000,4040.0000,4040.6000,3,1,1,5,4,2,3,2,1,1
SF,IF2006,2020-02-19 09:35:35.400,4039.0000,24617,0,430142760.000,3,1,2,多换,S,4037.6000,4037.2000,4036.0000,4034.0000,4033.2000,4039.4000,4039.6000,4039.8000,4040.0000,4040.6000,1,5,4,2,3,2,1,2,1,1
SF,IF2006,2020-02-19 09:35:35.900,4039.0000,24617,0,430142760.000,0,-,-,-,-,4037.8000,4037.6000,4037.2000,4036.0000,4034.0000,4038.4000,4039.0000,4039.2000,4039.4000,4039.8000,1,2,5,4,2,2,1,1,2,1
SF,IF2006,2020-02-19 09:35:36.400,4038.4000,24617,0,432565800.000,2,1,1,多换,S,4037.8000,4037.6000,4037.2000,4036.0000,4034.0000,4039.2000,4039.4000,4039.8000,4040.0000,4040.6000,1,1,5,4,2,1,2,1,1,1
SF,IF2006,2020-02-19 09:35:36.900,4038.4000,24617,0,432565800.000,0,-,-,-,-,4037.8000,4037.6000,4037.2000,4036.0000,4034.0000,4038.8000,4039.4000,4039.8000,4040.0000,4040.6000,1,1,5,4,2,2,2,1,1,1
SF,IF2006,2020-02-19 09:35:37.400,4038.4000,24617,0,432565800.000,0,-,-,-,-,4037.6000,4037.2000,4036.0000,4034.0000,4033.2000,4039.4000,4039.8000,4040.0000,4040.6000,4041.0000,1,5,4,3,3,1,1,1,1,4
SF,IF2006,2020-02-19 09:35:37.900,4038.4000,24617,0,432565800.000,0,-,-,-,-,4037.2000,4036.0000,4034.0000,4033.2000,4032.2000,4039.0000,4039.2000,4039.4000,4039.8000,4040.0000,5,4,3,3,2,3,2,1,1,1
SF,IF2006,2020-02-19 09:35:38.400,4037.2000,24617,0,433776960.000,1,0,1,多换,S,4037.4000,4037.2000,4036.0000,4034.0000,4033.2000,4038.8000,4039.0000,4039.8000,4040.0000,4040.6000,1,4,4,3,3,3,1,1,1,1
SF,IF2006,2020-02-19 09:35:38.900,4037.2000,24616,-1,434988120.000,1,0,1,双平,S,4037.4000,4037.2000,4036.0000,4034.0000,4033.2000,4038.4000,4039.8000,4040.0000,4040.6000,4041.0000,1,4,4,3,3,2,1,1,1,4
SF,IF2006,2020-02-19 09:35:39.400,4037.2000,24616,0,434988120.000,0,-,-,-,-,4037.4000,4037.2000,4036.0000,4034.0000,4033.2000,4039.8000,4040.0000,4040.6000,4041.0000,4041.6000,1,4,4,3,3,1,1,1,4,2
SF,IF2006,2020-02-19 09:35:39.900,4037.2000,24616,0,434988120.000,0,-,-,-,-,4037.2000,4036.0000,4034.0000,4033.2000,4032.2000,4039.0000,4039.4000,4039.6000,4039.8000,4040.0000,1,4,3,3,2,1,2,4,1,1
SF,IF2006,2020-02-19 09:35:40.400,4037.2000,24616,0,434988120.000,0,-,-,-,-,4037.4000,4037.2000,4037.0000,4036.0000,4034.0000,4039.0000,4039.6000,4039.8000,4040.0000,4040.6000,1,1,1,4,3,1,4,1,1,1
SF,IF2006,2020-02-19 09:35:40.900,4039.6000,24616,0,437411880.000,2,1,1,多换,S,4037.6000,4037.4000,4037.2000,4037.0000,4036.0000,4039.6000,4039.8000,4040.0000,4040.6000,4041.0000,2,1,1,1,4,2,1,1,1,4
SF,IF2006,2020-02-19 09:35:41.400,4037.6000,24614,-2,441045780.000,3,0,3,多平,S,4037.8000,4037.2000,4037.0000,4036.0000,4034.0000,4039.4000,4039.8000,4040.0000,4040.6000,4041.0000,1,1,1,4,3,3,1,1,1,4
SF,IF2006,2020-02-19 09:35:41.900,4037.6000,24614,0,441045780.000,0,-,-,-,-,4039.2000,4038.0000,4037.6000,4037.2000,4037.0000,4039.8000,4040.0000,4040.6000,4041.0000,4041.6000,1,2,2,1,1,1,1,1,4,2
SF,IF2006,2020-02-19 09:35:42.400,4039.2000,24613,-1,442257540.000,1,0,1,双平,S,4038.0000,4037.8000,4037.6000,4037.2000,4036.0000,4039.6000,4039.8000,4040.0000,4040.6000,4041.0000,1,1,1,1,4,1,1,1,1,4
SF,IF2006,2020-02-19 09:35:42.900,4039.2000,24613,0,442257540.000,0,-,-,-,-,4038.2000,4038.0000,4037.8000,4037.6000,4037.2000,4039.6000,4039.8000,4040.0000,4040.6000,4041.0000,1,2,1,1,1,1,1,1,1,4
SF,IF2006,2020-02-19 09:35:43.400,4039.2000,24613,0,442257540.000,0,-,-,-,-,4038.4000,4038.2000,4038.0000,4037.8000,4037.6000,4039.6000,4039.8000,4040.0000,4040.6000,4041.0000,1,1,1,1,2,1,1,1,1,4
SF,IF2006,2020-02-19 09:35:43.900,4039.2000,24613,0,442257540.000,0,-,-,-,-,4038.2000,4038.0000,4037.8000,4037.6000,4037.2000,4039.6000,4039.8000,4040.0000,4040.6000,4041.0000,1,1,1,2,1,2,1,1,1,4
SF,IF2006,2020-02-19 09:35:44.400,4039.2000,24613,0,442257540.000,0,-,-,-,-,4038.2000,4038.0000,4037.8000,4037.6000,4037.2000,4038.8000,4039.6000,4039.8000,4040.0000,4040.6000,1,1,1,1,1,1,1,1,1,1
SF,IF2006,2020-02-19 09:35:44.900,4039.2000,24613,0,442257540.000,0,-,-,-,-,4038.0000,4037.8000,4037.2000,4036.0000,4034.0000,4038.8000,4039.2000,4039.6000,4039.8000,4040.0000,1,1,1,4,3,1,1,1,1,1
SF,IF2006,2020-02-19 09:35:45.400,4039.2000,24613,0,442257540.000,0,-,-,-,-,4038.0000,4037.8000,4037.2000,4036.0000,4034.0000,4038.2000,4038.8000,4039.2000,4039.6000,4039.8000,1,1,1,4,3,1,1,1,1,1
SF,IF2006,2020-02-19 09:35:45.900,4038.2000,24613,0,443469000.000,1,0,1,多换,S,4038.0000,4037.2000,4036.0000,4034.0000,4033.2000,4038.8000,4039.2000,4039.6000,4039.8000,4040.0000,1,1,4,3,3,1,2,1,1,1
SF,IF2006,2020-02-19 09:35:46.400,4038.2000,24613,0,443469000.000,0,-,-,-,-,4038.0000,4037.2000,4036.0000,4034.0000,4033.2000,4038.8000,4039.2000,4039.6000,4039.8000,4040.0000,1,1,4,3,3,1,3,1,1,1
SF,IF2006,2020-02-19 09:35:46.900,4038.2000,24613,0,443469000.000,0,-,-,-,-,4038.0000,4037.2000,4037.0000,4036.0000,4035.8000,4038.8000,4039.2000,4039.6000,4039.8000,4040.0000,1,1,1,4,2,1,2,1,1,1
SF,IF2006,2020-02-19 09:35:47.400,4038.2000,24613,0,443469000.000,0,-,-,-,-,4038.0000,4037.2000,4037.0000,4036.0000,4035.8000,4038.8000,4039.2000,4039.6000,4039.8000,4040.0000,1,1,1,4,2,1,2,1,1,1
SF,IF2006,2020-02-19 09:35:47.900,4038.0000,24613,0,444680400.000,1,0,1,多换,S,4037.2000,4037.0000,4036.0000,4035.8000,4035.0000,4038.8000,4039.2000,4039.6000,4039.8000,4040.0000,1,1,4,2,1,1,2,1,1,1
SF,IF2006,2020-02-19 09:35:48.400,4038.8000,24612,-1,445892040.000,1,0,1,双平,S,4037.4000,4037.2000,4037.0000,4036.0000,4035.8000,4039.2000,4039.6000,4039.8000,4040.0000,4040.6000,3,1,1,4,2,2,1,1,1,1
SF,IF2006,2020-02-19 09:35:48.900,4038.8000,24612,0,445892040.000,0,-,-,-,-,4037.4000,4037.2000,4037.0000,4036.0000,4035.8000,4038.8000,4039.0000,4039.2000,4039.6000,4039.8000,3,1,1,4,2,1,1,2,1,1
SF,IF2006,2020-02-19 09:35:49.400,4038.8000,24612,0,445892040.000,0,-,-,-,-,4037.6000,4037.4000,4037.2000,4037.0000,4036.0000,4039.0000,4039.2000,4039.6000,4039.8000,4040.0000,1,2,1,1,4,1,2,1,1,1
SF,IF2006,2020-02-19 09:35:49.900,4038.8000,24612,0,445892040.000,0,-,-,-,-,4037.8000,4037.6000,4037.2000,4037.0000,4036.0000,4039.2000,4039.6000,4039.8000,4040.0000,4040.6000,2,1,1,1,4,2,1,1,1,1
SF,IF2006,2020-02-19 09:35:50.400,4038.8000,24612,0,445892040.000,0,-,-,-,-,4038.0000,4037.8000,4037.6000,4037.2000,4037.0000,4039.2000,4039.6000,4039.8000,4040.6000,4041.0000,1,2,1,1,1,2,1,1,1,4
SF,IF2006,2020-02-19 09:35:50.900,4038.8000,24612,0,445892040.000,0,-,-,-,-,4038.2000,4038.0000,4037.8000,4037.6000,4037.2000,4039.2000,4039.6000,4039.8000,4040.6000,4041.0000,1,1,1,1,1,2,1,1,1,4
SF,IF2006,2020-02-19 09:35:51.900,4038.8000,24612,0,445892040.000,0,-,-,-,-,4038.2000,4037.8000,4037.6000,4037.2000,4037.0000,4039.2000,4039.6000,4039.8000,4040.6000,4041.0000,1,1,1,1,1,2,1,1,1,4
SF,IF2006,2020-02-19 09:35:52.400,4038.8000,24612,0,445892040.000,0,-,-,-,-,4038.4000,4038.2000,4037.6000,4037.2000,4037.0000,4039.2000,4039.6000,4039.8000,4040.6000,4041.0000,3,1,2,1,1,2,1,1,1,4
SF,IF2006,2020-02-19 09:35:52.900,4038.8000,24612,0,445892040.000,0,-,-,-,-,4038.4000,4038.2000,4037.6000,4037.2000,4037.0000,4039.2000,4039.6000,4039.8000,4040.6000,4041.0000,3,1,2,1,1,2,1,1,1,4
SF,IF2006,2020-02-19 09:35:53.900,4038.8000,24612,0,445892040.000,0,-,-,-,-,4038.4000,4037.6000,4037.2000,4037.0000,4036.0000,4039.2000,4039.6000,4039.8000,4040.6000,4041.0000,2,2,1,1,4,2,1,1,1,4
SF,IF2006,2020-02-19 09:35:54.400,4038.4000,24612,0,447103560.000,1,0,1,多换,S,4037.6000,4037.2000,4037.0000,4036.8000,4036.0000,4039.0000,4039.2000,4039.6000,4039.8000,4040.6000,1,1,1,2,4,1,2,1,1,1
SF,IF2006,2020-02-19 09:35:54.900,4038.4000,24612,0,447103560.000,0,-,-,-,-,4037.2000,4037.0000,4036.8000,4036.0000,4035.0000,4038.6000,4039.0000,4039.2000,4039.6000,4039.8000,1,1,2,4,2,1,1,2,1,1
SF,IF2006,2020-02-19 09:35:55.400,4038.4000,24612,0,447103560.000,0,-,-,-,-,4037.2000,4037.0000,4036.8000,4036.0000,4035.0000,4038.4000,4039.2000,4039.6000,4039.8000,4040.6000,1,1,2,4,2,1,2,1,1,1
SF,IF2006,2020-02-19 09:35:55.900,4038.4000,24612,0,447103560.000,0,-,-,-,-,4037.4000,4037.2000,4037.0000,4036.8000,4035.0000,4038.2000,4039.2000,4039.6000,4039.8000,4040.6000,3,1,1,2,2,2,2,1,1,1
SF,IF2006,2020-02-19 09:35:56.400,4038.4000,24612,0,447103560.000,0,-,-,-,-,4037.2000,4036.8000,4035.0000,4034.0000,4033.2000,4039.2000,4039.6000,4039.8000,4040.6000,4041.0000,1,2,2,6,3,2,1,1,1,4
SF,IF2006,2020-02-19 09:35:56.900,4037.4000,24611,-1,448314780.000,1,0,1,双平,S,4037.2000,4036.8000,4035.0000,4034.0000,4033.2000,4038.8000,4039.0000,4039.2000,4039.6000,4039.8000,1,2,2,6,3,1,3,2,1,1
SF,IF2006,2020-02-19 09:35:57.400,4037.4000,24611,0,448314780.000,0,-,-,-,-,4037.2000,4036.8000,4035.0000,4034.0000,4033.2000,4038.6000,4039.2000,4039.6000,4039.8000,4040.6000,1,2,2,6,3,4,2,1,1,1
SF,IF2006,2020-02-19 09:35:57.900,4037.4000,24611,0,448314780.000,0,-,-,-,-,4037.4000,4037.2000,4036.8000,4035.0000,4034.0000,4038.6000,4039.2000,4039.6000,4039.8000,4040.6000,1,1,2,2,6,3,2,1,1,1
SF,IF2006,2020-02-19 09:35:58.400,4038.6000,24610,-1,449526360.000,1,0,1,双平,S,4037.2000,4036.8000,4035.0000,4034.0000,4033.2000,4039.2000,4039.6000,4039.8000,4040.6000,4041.0000,1,2,2,6,3,2,1,1,1,4
SF,IF2006,2020-02-19 09:35:58.900,4037.4000,24609,-1,450737580.000,1,0,1,双平,S,4037.4000,4037.2000,4036.8000,4036.0000,4035.0000,4038.8000,4039.0000,4039.2000,4039.6000,4039.8000,1,1,2,2,2,1,1,2,1,1
SF,IF2006,2020-02-19 09:35:59.900,4037.6000,24609,0,453160500.000,2,1,1,多换,S,4037.4000,4037.2000,4036.8000,4036.0000,4035.0000,4039.0000,4039.2000,4039.6000,4039.8000,4040.6000,1,1,2,2,2,1,2,1,1,1
SF,IF2006,2020-02-19 09:36:00.400,4039.0000,24609,0,454372200.000,1,0,1,多换,S,4037.6000,4037.4000,4037.2000,4036.8000,4036.0000,4039.2000,4039.6000,4039.8000,4040.6000,4041.0000,5,1,1,2,2,2,1,1,1,4
SF,IF2006,2020-02-19 09:36:00.900,4039.0000,24609,0,454372200.000,0,-,-,-,-,4037.8000,4037.6000,4037.2000,4036.8000,4036.0000,4039.0000,4039.2000,4039.6000,4039.8000,4040.6000,2,4,1,2,2,1,2,1,1,1
SF,IF2006,2020-02-19 09:36:01.400,4039.0000,24609,0,454372200.000,0,-,-,-,-,4037.8000,4037.6000,4037.2000,4036.8000,4036.0000,4038.8000,4039.0000,4039.2000,4039.6000,4039.8000,1,2,1,2,2,2,1,1,1,1
SF,IF2006,2020-02-19 09:36:01.900,4039.0000,24609,0,454372200.000,0,-,-,-,-,4037.6000,4037.2000,4036.8000,4036.0000,4035.0000,4038.6000,4038.8000,4039.0000,4039.2000,4039.6000,2,1,2,2,2,1,2,1,1,1
SF,IF2006,2020-02-19 09:36:02.400,4039.0000,24609,0,454372200.000,0,-,-,-,-,4037.8000,4037.6000,4037.2000,4036.8000,4036.0000,4039.0000,4039.2000,4039.6000,4039.8000,4040.6000,2,2,1,2,2,1,1,1,1,1
SF,IF2006,2020-02-19 09:36:02.900,4039.0000,24609,0,454372200.000,0,-,-,-,-,4038.0000,4037.8000,4037.6000,4037.2000,4036.8000,4039.0000,4039.2000,4039.6000,4039.8000,4040.6000,1,3,1,1,2,1,1,1,1,1
SF,IF2006,2020-02-19 09:36:03.400,4039.0000,24609,0,454372200.000,0,-,-,-,-,4038.2000,4038.0000,4037.8000,4037.6000,4037.2000,4039.0000,4039.2000,4039.6000,4039.8000,4040.6000,2,1,2,1,1,1,1,1,1,1
SF,IF2006,2020-02-19 09:36:03.900,4039.0000,24609,0,454372200.000,0,-,-,-,-,4038.4000,4038.2000,4037.8000,4037.6000,4037.2000,4039.0000,4039.2000,4039.6000,4039.8000,4041.0000,1,1,2,1,1,1,1,1,1,4
SF,IF2006,2020-02-19 09:36:04.400,4039.0000,24609,0,454372200.000,0,-,-,-,-,4038.2000,4037.8000,4037.6000,4037.2000,4036.8000,4039.0000,4039.2000,4039.6000,4039.8000,4041.0000,1,2,1,1,2,1,1,1,1,4
SF,IF2006,2020-02-19 09:36:04.900,4039.0000,24609,0,454372200.000,0,-,-,-,-,4037.8000,4037.6000,4037.2000,4036.8000,4036.0000,4039.0000,4039.2000,4039.6000,4039.8000,4041.0000,1,1,1,2,2,1,1,1,1,4
SF,IF2006,2020-02-19 09:36:05.400,4039.0000,24609,0,454372200.000,0,-,-,-,-,4038.0000,4037.8000,4037.6000,4037.2000,4036.8000,4039.0000,4039.2000,4039.6000,4039.8000,4041.0000,2,1,2,1,2,1,1,1,1,3
SF,IF2006,2020-02-19 09:36:06.400,4039.0000,24609,0,454372200.000,0,-,-,-,-,4038.0000,4037.8000,4037.6000,4037.2000,4036.8000,4039.0000,4039.2000,4039.6000,4039.8000,4041.0000,2,1,1,1,2,1,1,1,1,3
SF,IF2006,2020-02-19 09:36:06.900,4039.0000,24609,0,454372200.000,0,-,-,-,-,4038.0000,4037.8000,4037.2000,4037.0000,4036.8000,4039.0000,4039.2000,4039.6000,4039.8000,4041.0000,2,1,1,2,2,1,1,1,1,3
SF,IF2006,2020-02-19 09:36:07.400,4039.0000,24608,-1,455583900.000,1,0,1,双平,S,4038.2000,4038.0000,4037.8000,4037.2000,4037.0000,4039.2000,4039.6000,4039.8000,4041.0000,4041.6000,1,2,1,1,2,1,1,1,3,2
SF,IF2006,2020-02-19 09:36:07.900,4039.0000,24608,0,455583900.000,0,-,-,-,-,4038.4000,4038.2000,4038.0000,4037.8000,4037.4000,4039.2000,4039.6000,4039.8000,4041.0000,4041.6000,1,1,1,1,1,1,1,1,3,2
SF,IF2006,2020-02-19 09:36:08.400,4038.4000,24608,0,456795420.000,1,0,1,多换,S,4038.2000,4038.0000,4037.8000,4037.4000,4037.2000,4039.2000,4039.6000,4039.8000,4041.0000,4041.6000,1,1,1,1,1,1,1,1,3,2
SF,IF2006,2020-02-19 09:36:09.400,4038.4000,24608,0,456795420.000,0,-,-,-,-,4038.2000,4038.0000,4037.8000,4037.4000,4037.2000,4039.0000,4039.2000,4039.6000,4039.8000,4041.0000,1,1,1,1,1,1,1,1,1,3
SF,IF2006,2020-02-19 09:36:09.900,4038.4000,24608,0,456795420.000,0,-,-,-,-,4038.0000,4037.8000,4037.4000,4037.2000,4037.0000,4039.2000,4039.6000,4039.8000,4041.0000,4041.6000,1,1,1,1,2,1,1,1,3,2
SF,IF2006,2020-02-19 09:36:10.400,4038.4000,24608,0,456795420.000,0,-,-,-,-,4038.0000,4037.8000,4037.4000,4037.2000,4037.0000,4039.0000,4039.2000,4039.6000,4039.8000,4041.0000,1,1,1,1,2,2,1,1,1,3
SF,IF2006,2020-02-19 09:36:10.900,4038.0000,24607,-1,458006820.000,1,0,1,双平,S,4037.8000,4037.4000,4037.2000,4037.0000,4036.8000,4039.0000,4039.2000,4039.6000,4039.8000,4041.0000,1,1,1,2,2,2,1,1,1,3
SF,IF2006,2020-02-19 09:36:11.400,4037.8000,24607,0,459218160.000,1,0,1,多换,S,4038.0000,4037.6000,4037.4000,4037.2000,4037.0000,4039.0000,4039.2000,4039.6000,4039.8000,4041.0000,1,2,1,1,2,1,1,1,1,3
SF,IF2006,2020-02-19 09:36:11.900,4038.0000,24606,-1,460429560.000,1,0,1,双平,S,4037.6000,4037.4000,4037.2000,4037.0000,4036.8000,4039.0000,4039.2000,4039.6000,4039.8000,4041.0000,2,1,1,2,2,1,1,1,1,3
SF,IF2006,2020-02-19 09:36:12.400,4039.0000,24605,-1,464063820.000,3,1,2,多平,S,4039.0000,4037.6000,4037.4000,4037.2000,4037.0000,4039.2000,4039.6000,4039.8000,4041.0000,4041.6000,1,1,1,1,2,1,1,1,3,2
SF,IF2006,2020-02-19 09:36:12.900,4039.0000,24604,-1,465275520.000,1,0,1,双平,S,4037.6000,4037.4000,4037.2000,4037.0000,4036.8000,4039.0000,4039.2000,4039.6000,4039.8000,4041.0000,1,1,1,2,2,2,1,1,1,3
SF,IF2006,2020-02-19 09:36:13.400,4037.6000,24604,0,466486800.000,1,0,1,多换,S,4037.6000,4037.4000,4037.2000,4037.0000,4036.8000,4038.6000,4039.0000,4039.2000,4039.6000,4039.8000,1,1,1,2,2,1,3,1,1,1
SF,IF2006,2020-02-19 09:36:13.900,4037.6000,24604,0,466486800.000,0,-,-,-,-,4037.6000,4037.4000,4037.2000,4037.0000,4036.8000,4038.4000,4039.0000,4039.2000,4039.6000,4039.8000,1,1,1,2,2,1,2,1,1,1
SF,IF2006,2020-02-19 09:36:14.400,4037.6000,24604,0,467698080.000,1,0,1,多换,S,4037.4000,4037.2000,4037.0000,4036.8000,4035.0000,4038.4000,4039.0000,4039.2000,4039.6000,4039.8000,1,1,2,2,2,1,2,1,1,1
SF,IF2006,2020-02-19 09:36:14.900,4037.6000,24604,0,467698080.000,0,-,-,-,-,4037.4000,4037.2000,4037.0000,4036.8000,4035.0000,4038.4000,4039.0000,4039.2000,4039.6000,4039.8000,1,1,2,2,2,1,2,1,1,1
SF,IF2006,2020-02-19 09:36:15.400,4037.6000,24604,0,467698080.000,0,-,-,-,-,4037.4000,4037.2000,4037.0000,4036.8000,4036.0000,4038.0000,4038.2000,4039.0000,4039.2000,4039.6000,1,1,2,2,1,1,1,2,1,1
SF,IF2006,2020-02-19 09:36:15.900,4037.2000,24605,1,472543320.000,4,2,2,空开,S,4036.8000,4036.2000,4036.0000,4035.0000,4034.0000,4039.0000,4039.2000,4039.6000,4039.8000,4041.0000,2,1,1,2,6,2,1,1,1,3
SF,IF2006,2020-02-19 09:36:16.400,4037.2000,24605,0,472543320.000,0,-,-,-,-,4037.2000,4037.0000,4036.8000,4036.2000,4036.0000,4038.8000,4039.0000,4039.2000,4039.6000,4039.8000,1,1,2,1,1,2,2,1,1,1
SF,IF2006,2020-02-19 09:36:16.900,4037.2000,24605,0,472543320.000,0,-,-,-,-,4037.4000,4036.8000,4036.2000,4036.0000,4035.0000,4039.0000,4039.2000,4039.6000,4039.8000,4041.0000,2,2,1,1,2,2,1,1,1,3
SF,IF2006,2020-02-19 09:36:17.400,4037.2000,24605,0,472543320.000,0,-,-,-,-,4037.4000,4036.8000,4036.0000,4035.0000,4034.0000,4038.8000,4039.0000,4039.2000,4039.6000,4039.8000,1,2,1,2,6,1,2,1,1,1
SF,IF2006,2020-02-19 09:36:17.900,4037.2000,24605,0,472543320.000,0,-,-,-,-,4037.6000,4037.4000,4036.8000,4036.0000,4035.0000,4039.0000,4039.2000,4039.6000,4039.8000,4041.0000,1,1,2,1,2,3,1,1,1,3
SF,IF2006,2020-02-19 09:36:18.400,4037.2000,24605,0,472543320.000,0,-,-,-,-,4038.0000,4037.6000,4037.4000,4036.8000,4036.0000,4039.2000,4039.6000,4039.8000,4041.0000,4041.6000,1,1,1,2,1,1,1,1,3,2
SF,IF2006,2020-02-19 09:36:18.900,4037.2000,24605,0,472543320.000,0,-,-,-,-,4038.0000,4037.8000,4037.6000,4037.4000,4036.8000,4039.2000,4039.6000,4039.8000,4041.0000,4041.6000,1,1,1,1,2,1,1,1,3,2
SF,IF2006,2020-02-19 09:36:19.400,4037.2000,24605,0,472543320.000,0,-,-,-,-,4038.2000,4037.6000,4036.8000,4036.0000,4035.0000,4039.2000,4039.6000,4039.8000,4041.0000,4041.6000,2,1,2,1,2,1,1,1,3,2
SF,IF2006,2020-02-19 09:36:19.900,4037.2000,24605,0,472543320.000,0,-,-,-,-,4038.2000,4037.6000,4036.8000,4036.0000,4035.0000,4039.2000,4039.6000,4039.8000,4041.0000,4041.6000,2,1,2,1,2,1,1,1,3,2
SF,IF2006,2020-02-19 09:36:20.400,4037.2000,24605,0,472543320.000,0,-,-,-,-,4038.4000,4038.2000,4037.6000,4037.2000,4036.8000,4039.2000,4039.6000,4039.8000,4041.0000,4041.6000,1,1,1,1,2,1,1,1,3,2
SF,IF2006,2020-02-19 09:36:20.900,4037.2000,24605,0,472543320.000,0,-,-,-,-,4038.2000,4037.6000,4037.2000,4036.8000,4036.0000,4039.2000,4039.6000,4039.8000,4041.0000,4041.6000,1,1,1,2,1,1,1,1,3,2
SF,IF2006,2020-02-19 09:36:21.400,4037.2000,24605,0,472543320.000,0,-,-,-,-,4037.6000,4037.2000,4036.8000,4036.0000,4035.0000,4039.2000,4039.6000,4039.8000,4041.0000,4041.6000,1,1,2,1,2,1,1,1,3,2
SF,IF2006,2020-02-19 09:36:21.900,4037.2000,24605,0,472543320.000,0,-,-,-,-,4037.8000,4037.6000,4037.2000,4036.8000,4036.0000,4039.0000,4039.2000,4039.6000,4039.8000,4041.0000,1,1,1,2,1,1,1,1,1,3
SF,IF2006,2020-02-19 09:36:22.400,4037.2000,24605,0,472543320.000,0,-,-,-,-,4038.0000,4037.6000,4037.2000,4036.8000,4036.0000,4039.0000,4039.2000,4039.6000,4039.8000,4041.0000,1,1,1,2,1,1,1,1,1,3
SF,IF2006,2020-02-19 09:36:22.900,4037.2000,24605,0,472543320.000,0,-,-,-,-,4038.0000,4037.6000,4037.2000,4036.8000,4036.0000,4039.0000,4039.2000,4039.6000,4039.8000,4041.0000,1,1,1,2,1,1,1,1,1,3
SF,IF2006,2020-02-19 09:36:23.400,4037.2000,24605,0,472543320.000,0,-,-,-,-,4038.0000,4037.6000,4037.2000,4036.8000,4036.0000,4039.0000,4039.2000,4039.6000,4039.8000,4041.0000,2,1,1,2,1,1,1,1,1,3
SF,IF2006,2020-02-19 09:36:23.900,4037.2000,24605,0,472543320.000,0,-,-,-,-,4038.0000,4037.6000,4037.2000,4036.8000,4036.0000,4039.2000,4039.6000,4039.8000,4041.0000,4041.6000,2,1,1,2,1,1,1,1,3,2
SF,IF2006,2020-02-19 09:36:25.900,4038.0000,24604,-1,473754720.000,1,0,1,双平,S,4038.0000,4037.6000,4037.2000,4036.8000,4036.0000,4039.2000,4039.6000,4039.8000,4041.0000,4041.6000,1,1,1,2,1,1,1,1,3,2
SF,IF2006,2020-02-19 09:36:26.400,4038.0000,24604,0,473754720.000,0,-,-,-,-,4038.0000,4037.6000,4037.2000,4036.8000,4036.0000,4039.0000,4039.2000,4039.6000,4039.8000,4041.0000,1,1,1,2,1,2,1,1,1,3
SF,IF2006,2020-02-19 09:36:26.900,4038.0000,24604,0,473754720.000,0,-,-,-,-,4038.0000,4037.6000,4037.2000,4036.8000,4036.0000,4039.2000,4039.6000,4039.8000,4041.0000,4041.6000,1,1,1,2,1,1,1,1,3,2
SF,IF2006,2020-02-19 09:36:27.400,4038.0000,24604,0,473754720.000,0,-,-,-,-,4038.0000,4037.6000,4037.2000,4036.8000,4036.0000,4039.0000,4039.2000,4039.6000,4039.8000,4041.0000,1,1,1,2,1,4,1,1,1,3
SF,IF2006,2020-02-19 09:36:27.900,4038.0000,24603,-1,474966120.000,1,0,1,双平,S,4038.0000,4037.6000,4037.2000,4036.8000,4036.0000,4039.0000,4039.2000,4039.6000,4039.8000,4041.0000,1,1,1,2,1,2,1,1,1,3
SF,IF2006,2020-02-19 09:36:28.400,4039.0000,24601,-2,478601220.000,3,0,3,多平,S,4038.2000,4038.0000,4037.6000,4037.2000,4036.8000,4039.2000,4039.6000,4039.8000,4041.0000,4041.6000,2,1,1,1,2,1,1,1,3,2
SF,IF2006,2020-02-19 09:36:28.900,4039.2000,24602,1,479812980.000,1,1,0,双开,S,4038.2000,4038.0000,4037.6000,4037.2000,4036.8000,4039.6000,4039.8000,4041.0000,4041.6000,4042.0000,2,1,1,1,2,1,1,3,2,5
SF,IF2006,2020-02-19 09:36:30.400,4039.2000,24602,0,479812980.000,0,-,-,-,-,4038.4000,4038.2000,4038.0000,4037.6000,4037.2000,4039.6000,4039.8000,4041.0000,4041.6000,4042.0000,1,2,1,1,1,1,1,3,2,5
SF,IF2006,2020-02-19 09:36:30.900,4039.6000,24602,0,481024860.000,1,0,1,多换,S,4038.6000,4038.4000,4038.0000,4037.6000,4037.2000,4039.8000,4041.0000,4041.6000,4042.0000,4042.8000,2,1,1,1,1,1,3,2,5,1
SF,IF2006,2020-02-19 09:36:31.400,4039.6000,24602,0,481024860.000,0,-,-,-,-,4038.8000,4038.6000,4038.4000,4038.0000,4037.2000,4039.8000,4041.0000,4041.6000,4042.0000,4042.8000,1,2,1,1,1,1,3,2,5,1
SF,IF2006,2020-02-19 09:36:31.900,4039.8000,24602,0,482236800.000,1,0,1,多换,S,4039.0000,4038.8000,4038.6000,4038.4000,4038.0000,4041.0000,4041.6000,4042.0000,4042.8000,4043.0000,1,1,1,1,1,3,2,5,1,2
SF,IF2006,2020-02-19 09:36:32.400,4039.8000,24602,0,482236800.000,0,-,-,-,-,4039.0000,4038.8000,4038.4000,4038.0000,4037.2000,4040.8000,4041.0000,4041.6000,4042.0000,4042.8000,1,1,1,1,1,4,3,2,5,1
SF,IF2006,2020-02-19 09:36:32.900,4039.8000,24602,0,482236800.000,0,-,-,-,-,4038.8000,4038.4000,4038.0000,4037.2000,4036.8000,4040.4000,4040.8000,4041.0000,4041.6000,4042.0000,1,1,1,1,2,2,2,3,2,5
SF,IF2006,2020-02-19 09:36:33.400,4039.8000,24602,0,482236800.000,0,-,-,-,-,4038.0000,4037.2000,4036.8000,4036.0000,4035.2000,4040.2000,4040.8000,4041.0000,4041.6000,4042.0000,1,1,2,1,3,3,1,3,2,5
SF,IF2006,2020-02-19 09:36:33.900,4039.8000,24602,0,482236800.000,0,-,-,-,-,4038.2000,4038.0000,4037.2000,4036.8000,4036.0000,4040.2000,4040.8000,4041.0000,4041.6000,4042.0000,2,1,1,2,1,1,1,3,2,5
SF,IF2006,2020-02-19 09:36:34.400,4039.8000,24602,0,482236800.000,0,-,-,-,-,4038.2000,4038.0000,4037.2000,4036.8000,4036.0000,4040.0000,4040.2000,4040.8000,4041.0000,4041.6000,1,1,1,2,1,2,1,1,3,2
SF,IF2006,2020-02-19 09:36:34.900,4039.8000,24602,0,482236800.000,0,-,-,-,-,4038.2000,4038.0000,4037.2000,4036.8000,4036.0000,4039.8000,4040.0000,4040.8000,4041.0000,4041.6000,1,1,1,2,1,1,2,1,3,2
SF,IF2006,2020-02-19 09:36:35.400,4039.8000,24602,0,482236800.000,0,-,-,-,-,4038.0000,4037.2000,4036.8000,4036.0000,4035.2000,4039.8000,4040.0000,4040.8000,4041.0000,4041.6000,1,1,2,1,3,1,2,1,3,2
SF,IF2006,2020-02-19 09:36:35.900,4039.8000,24602,0,482236800.000,0,-,-,-,-,4038.2000,4038.0000,4037.2000,4036.8000,4036.0000,4039.8000,4040.8000,4041.0000,4041.6000,4042.0000,1,1,1,2,1,1,1,3,2,5
SF,IF2006,2020-02-19 09:36:36.400,4038.2000,24602,0,483448260.000,1,0,1,多换,S,4038.0000,4037.2000,4036.8000,4036.0000,4035.2000,4039.6000,4039.8000,4040.8000,4041.0000,4041.6000,1,1,2,1,3,1,1,1,3,2
SF,IF2006,2020-02-19 09:36:36.900,4038.2000,24602,0,483448260.000,0,-,-,-,-,4038.2000,4038.0000,4037.2000,4036.8000,4036.0000,4039.8000,4040.4000,4040.8000,4041.0000,4041.6000,1,1,1,2,1,1,1,1,3,2
SF,IF2006,2020-02-19 09:36:37.900,4038.2000,24602,0,483448260.000,0,-,-,-,-,4038.2000,4038.0000,4037.2000,4036.8000,4036.0000,4039.8000,4040.4000,4040.8000,4041.0000,4041.6000,1,2,1,2,1,1,1,1,3,2
SF,IF2006,2020-02-19 09:36:38.400,4038.2000,24602,0,483448260.000,0,-,-,-,-,4038.4000,4038.2000,4038.0000,4037.6000,4036.8000,4040.4000,4040.8000,4041.0000,4041.6000,4042.0000,3,2,2,1,2,1,1,3,2,5
SF,IF2006,2020-02-19 09:36:38.900,4038.2000,24602,0,483448260.000,0,-,-,-,-,4038.6000,4038.4000,4038.2000,4038.0000,4037.6000,4039.6000,4040.4000,4040.8000,4041.0000,4041.6000,1,3,1,2,1,1,1,1,3,2
SF,IF2006,2020-02-19 09:36:39.400,4039.6000,24603,1,484660140.000,1,1,0,双开,S,4038.6000,4038.4000,4038.2000,4038.0000,4037.6000,4040.4000,4040.8000,4041.0000,4041.6000,4042.0000,1,3,1,2,1,1,1,3,2,5
SF,IF2006,2020-02-19 09:36:39.900,4039.6000,24603,0,484660140.000,0,-,-,-,-,4038.8000,4038.6000,4038.4000,4038.2000,4038.0000,4040.2000,4040.4000,4040.8000,4041.0000,4041.6000,1,1,2,1,2,1,1,1,3,2
SF,IF2006,2020-02-19 09:36:40.400,4040.2000,24602,-1,485872200.000,1,0,1,双平,S,4039.0000,4038.8000,4038.6000,4038.4000,4038.2000,4040.4000,4040.8000,4041.0000,4041.6000,4042.0000,1,1,2,1,1,1,1,3,2,5
SF,IF2006,2020-02-19 09:36:40.900,4040.2000,24602,0,485872200.000,0,-,-,-,-,4039.0000,4038.8000,4038.6000,4038.4000,4038.2000,4040.4000,4040.8000,4041.0000,4041.6000,4042.0000,3,1,1,1,1,1,1,3,2,5
SF,IF2006,2020-02-19 09:36:41.400,4039.0000,24601,-1,489507780.000,3,1,2,多平,S,4039.2000,4039.0000,4038.8000,4038.4000,4038.2000,4039.6000,4040.8000,4041.0000,4041.6000,4042.0000,1,2,1,1,1,1,1,3,2,5
SF,IF2006,2020-02-19 09:36:41.900,4039.6000,24600,-1,490719660.000,1,0,1,双平,S,4039.6000,4039.2000,4039.0000,4038.4000,4038.2000,4040.8000,4041.0000,4041.6000,4042.0000,4042.8000,2,1,2,1,1,1,3,2,5,2
SF,IF2006,2020-02-19 09:36:42.400,4039.4000,24600,0,493143360.000,2,1,1,多换,S,4039.8000,4039.2000,4039.0000,4038.4000,4038.2000,4040.6000,4041.0000,4041.6000,4042.0000,4042.8000,1,2,1,1,1,2,3,2,5,2
SF,IF2006,2020-02-19 09:36:42.900,4039.4000,24600,0,493143360.000,0,-,-,-,-,4039.8000,4039.2000,4039.0000,4038.4000,4038.2000,4041.0000,4041.6000,4042.0000,4042.8000,4043.0000,1,2,1,1,1,3,2,5,2,2
SF,IF2006,2020-02-19 09:36:43.400,4039.4000,24600,0,493143360.000,0,-,-,-,-,4039.8000,4039.2000,4039.0000,4038.4000,4038.2000,4040.8000,4041.0000,4041.6000,4042.0000,4042.8000,3,1,1,1,1,3,3,2,5,2
SF,IF2006,2020-02-19 09:36:43.900,4039.4000,24600,0,493143360.000,0,-,-,-,-,4039.8000,4039.2000,4038.4000,4038.2000,4038.0000,4040.6000,4040.8000,4041.0000,4041.6000,4042.0000,4,1,2,1,1,2,1,3,2,5
SF,IF2006,2020-02-19 09:36:44.400,4039.4000,24600,0,493143360.000,0,-,-,-,-,4039.8000,4039.2000,4038.4000,4038.2000,4038.0000,4040.4000,4041.0000,4041.6000,4042.0000,4042.8000,4,1,2,1,1,1,3,2,5,2
SF,IF2006,2020-02-19 09:36:44.900,4040.4000,24599,-1,494355480.000,1,0,1,双平,S,4040.6000,4039.8000,4039.2000,4038.4000,4038.2000,4041.0000,4041.6000,4042.0000,4042.8000,4043.0000,1,3,1,1,1,3,2,5,2,2
SF,IF2006,2020-02-19 09:36:45.400,4040.6000,24598,-1,495567660.000,1,0,1,双平,S,4039.8000,4039.2000,4038.4000,4038.2000,4038.0000,4041.0000,4041.6000,4042.0000,4042.8000,4043.0000,3,1,1,1,1,3,2,5,2,2
SF,IF2006,2020-02-19 09:36:45.900,4040.6000,24598,0,495567660.000,0,-,-,-,-,4039.8000,4038.4000,4038.2000,4038.0000,4037.6000,4040.8000,4041.0000,4041.6000,4042.0000,4042.8000,3,1,1,1,1,1,3,2,5,2
SF,IF2006,2020-02-19 09:36:46.900,4040.6000,24598,0,495567660.000,0,-,-,-,-,4039.8000,4038.4000,4038.2000,4038.0000,4037.6000,4041.0000,4041.6000,4042.0000,4042.8000,4043.0000,3,1,1,1,1,3,2,5,2,2
SF,IF2006,2020-02-19 09:36:47.900,4040.6000,24598,0,495567660.000,0,-,-,-,-,4039.8000,4038.4000,4038.2000,4038.0000,4037.6000,4041.0000,4041.6000,4042.0000,4042.8000,4043.0000,3,1,1,1,1,3,2,5,2,2
SF,IF2006,2020-02-19 09:36:48.400,4040.6000,24598,0,495567660.000,0,-,-,-,-,4039.8000,4038.4000,4038.2000,4038.0000,4037.6000,4040.8000,4041.0000,4041.6000,4042.0000,4042.8000,3,1,1,1,1,1,3,2,5,2
SF,IF2006,2020-02-19 09:36:48.900,4040.6000,24598,0,495567660.000,0,-,-,-,-,4040.0000,4039.8000,4038.4000,4038.2000,4038.0000,4040.6000,4040.8000,4041.0000,4041.6000,4042.0000,1,2,1,1,1,1,1,3,2,5
SF,IF2006,2020-02-19 09:36:49.400,4040.6000,24598,0,495567660.000,0,-,-,-,-,4040.0000,4039.8000,4038.4000,4038.2000,4038.0000,4040.8000,4041.0000,4041.6000,4042.0000,4042.8000,1,2,1,1,1,1,3,2,5,2
SF,IF2006,2020-02-19 09:36:49.900,4040.6000,24598,0,495567660.000,0,-,-,-,-,4040.0000,4039.8000,4038.4000,4038.2000,4038.0000,4040.8000,4041.0000,4041.6000,4042.0000,4042.8000,1,2,1,1,1,1,3,2,5,2
SF,IF2006,2020-02-19 09:36:50.400,4040.6000,24598,0,495567660.000,0,-,-,-,-,4039.8000,4038.4000,4038.2000,4038.0000,4037.6000,4040.8000,4041.0000,4041.6000,4042.0000,4042.8000,2,1,1,1,1,1,3,2,5,2
SF,IF2006,2020-02-19 09:36:50.900,4040.6000,24598,0,495567660.000,0,-,-,-,-,4039.8000,4039.0000,4038.4000,4038.2000,4038.0000,4040.6000,4040.8000,4041.0000,4041.6000,4042.0000,2,1,1,1,1,2,1,3,2,5
SF,IF2006,2020-02-19 09:36:51.400,4040.6000,24598,0,495567660.000,0,-,-,-,-,4039.8000,4038.4000,4038.2000,4038.0000,4037.6000,4040.8000,4041.0000,4041.6000,4042.0000,4042.8000,1,1,1,1,1,1,3,2,5,2
SF,IF2006,2020-02-19 09:36:51.900,4040.6000,24598,0,495567660.000,0,-,-,-,-,4039.8000,4038.4000,4038.2000,4038.0000,4037.6000,4040.6000,4040.8000,4041.0000,4041.6000,4042.0000,1,1,1,1,1,2,1,3,2,5
SF,IF2006,2020-02-19 09:36:52.400,4040.6000,24598,0,495567660.000,0,-,-,-,-,4039.8000,4038.4000,4038.2000,4038.0000,4037.6000,4040.8000,4041.0000,4041.6000,4042.0000,4042.8000,1,1,1,1,1,1,3,2,5,2
SF,IF2006,2020-02-19 09:36:52.900,4040.6000,24598,0,495567660.000,0,-,-,-,-,4039.8000,4038.4000,4038.2000,4038.0000,4037.6000,4040.0000,4040.6000,4041.0000,4041.6000,4042.0000,1,1,1,1,1,1,1,3,2,5
SF,IF2006,2020-02-19 09:36:53.400,4040.0000,24597,-1,496779660.000,1,0,1,双平,S,4040.0000,4039.8000,4038.4000,4038.2000,4038.0000,4041.0000,4041.6000,4042.0000,4042.8000,4043.0000,1,1,1,1,1,3,2,5,2,2
SF,IF2006,2020-02-19 09:36:53.900,4040.8000,24597,0,497991900.000,1,0,1,多换,S,4039.8000,4038.4000,4038.2000,4038.0000,4037.6000,4041.0000,4041.6000,4042.0000,4042.8000,4043.0000,1,1,1,1,1,3,2,5,2,2
SF,IF2006,2020-02-19 09:36:54.400,4039.8000,24598,1,499203840.000,1,1,0,双开,S,4038.4000,4038.2000,4038.0000,4037.6000,4037.0000,4039.0000,4041.0000,4041.6000,4042.0000,4042.8000,1,1,1,1,1,1,3,2,5,2
SF,IF2006,2020-02-19 09:36:54.900,4039.4000,24598,0,500415660.000,1,0,1,多换,S,4039.0000,4038.4000,4038.2000,4038.0000,4037.6000,4041.0000,4041.6000,4042.0000,4042.8000,4043.0000,2,1,1,1,1,3,2,5,2,2
SF,IF2006,2020-02-19 09:36:55.400,4039.4000,24598,0,500415660.000,0,-,-,-,-,4039.2000,4039.0000,4038.4000,4038.2000,4038.0000,4041.0000,4041.6000,4042.0000,4042.8000,4043.0000,2,2,1,1,1,3,2,5,2,2
SF,IF2006,2020-02-19 09:36:55.900,4039.4000,24598,0,500415660.000,0,-,-,-,-,4039.4000,4039.2000,4039.0000,4038.4000,4038.2000,4040.8000,4041.0000,4041.6000,4042.0000,4042.8000,1,2,2,1,1,1,3,2,5,2
SF,IF2006,2020-02-19 09:36:56.400,4039.4000,24597,-1,501627480.000,1,0,1,双平,S,4039.4000,4039.2000,4039.0000,4038.4000,4038.2000,4041.0000,4041.6000,4042.0000,4042.8000,4043.0000,3,1,2,1,1,3,2,5,2,2
SF,IF2006,2020-02-19 09:36:56.900,4039.4000,24597,0,501627480.000,0,-,-,-,-,4039.4000,4039.0000,4038.4000,4038.2000,4038.0000,4040.8000,4041.0000,4041.6000,4042.0000,4042.8000,2,2,1,1,1,2,3,2,5,2
SF,IF2006,2020-02-19 09:36:57.400,4039.4000,24597,0,501627480.000,0,-,-,-,-,4039.6000,4039.0000,4038.4000,4038.2000,4038.0000,4040.4000,4040.8000,4041.0000,4041.6000,4042.0000,1,2,1,1,1,1,1,3,2,5
SF,IF2006,2020-02-19 09:36:57.900,4039.4000,24597,0,501627480.000,0,-,-,-,-,4039.6000,4039.0000,4038.4000,4038.2000,4038.0000,4040.8000,4041.0000,4041.6000,4042.0000,4042.8000,1,2,1,1,1,1,3,2,5,2
SF,IF2006,2020-02-19 09:36:58.400,4039.4000,24597,0,501627480.000,0,-,-,-,-,4039.6000,4039.0000,4038.4000,4038.2000,4038.0000,4040.6000,4040.8000,4041.0000,4041.6000,4042.0000,1,3,1,1,1,1,1,3,2,5
SF,IF2006,2020-02-19 09:36:58.900,4039.4000,24597,0,501627480.000,0,-,-,-,-,4039.6000,4039.0000,4038.4000,4038.2000,4038.0000,4040.4000,4041.0000,4041.6000,4042.0000,4042.8000,1,2,1,1,1,2,3,2,5,2
SF,IF2006,2020-02-19 09:36:59.400,4039.4000,24597,0,501627480.000,0,-,-,-,-,4039.6000,4039.0000,4038.4000,4038.2000,4038.0000,4041.0000,4041.6000,4042.0000,4042.8000,4043.0000,1,2,1,1,1,3,2,5,2,2
SF,IF2006,2020-02-19 09:36:59.900,4039.4000,24597,0,501627480.000,0,-,-,-,-,4039.8000,4039.6000,4039.0000,4038.4000,4038.2000,4040.6000,4041.0000,4041.6000,4042.0000,4042.8000,1,1,2,1,1,1,3,2,5,2
SF,IF2006,2020-02-19 09:37:00.400,4039.4000,24597,0,501627480.000,0,-,-,-,-,4039.8000,4039.6000,4039.0000,4038.4000,4038.2000,4041.0000,4041.6000,4042.0000,4042.8000,4043.0000,1,1,2,1,1,3,2,5,2,2
SF,IF2006,2020-02-19 09:37:00.900,4039.4000,24597,0,501627480.000,0,-,-,-,-,4039.8000,4039.6000,4039.0000,4038.4000,4038.2000,4041.0000,4041.6000,4042.0000,4042.8000,4043.0000,1,1,2,1,1,3,2,5,2,2
SF,IF2006,2020-02-19 09:37:01.900,4039.4000,24597,0,501627480.000,0,-,-,-,-,4040.0000,4039.8000,4039.0000,4038.4000,4038.2000,4041.0000,4041.6000,4042.0000,4042.8000,4043.0000,1,1,2,1,1,3,2,5,2,2
SF,IF2006,2020-02-19 09:37:02.400,4039.4000,24597,0,501627480.000,0,-,-,-,-,4040.0000,4039.8000,4039.0000,4038.4000,4038.2000,4040.8000,4041.0000,4041.6000,4042.0000,4042.8000,1,1,2,1,1,2,3,2,5,2
SF,IF2006,2020-02-19 09:37:02.900,4039.4000,24597,0,501627480.000,0,-,-,-,-,4040.0000,4039.8000,4039.0000,4038.4000,4038.2000,4040.8000,4041.0000,4041.6000,4042.0000,4042.8000,1,1,2,1,1,1,3,2,5,2
SF,IF2006,2020-02-19 09:37:03.400,4039.4000,24597,0,501627480.000,0,-,-,-,-,4040.0000,4039.8000,4039.0000,4038.4000,4038.2000,4040.8000,4041.0000,4041.6000,4042.0000,4042.8000,1,1,1,1,1,1,3,2,5,2
SF,IF2006,2020-02-19 09:37:03.900,4039.4000,24597,0,501627480.000,0,-,-,-,-,4040.0000,4039.8000,4039.4000,4039.0000,4038.4000,4040.8000,4041.0000,4041.6000,4042.0000,4042.8000,1,1,1,1,1,1,3,2,5,2
SF,IF2006,2020-02-19 09:37:05.400,4039.8000,24597,0,504051420.000,2,1,1,多换,S,4039.4000,4039.0000,4038.4000,4038.2000,4038.0000,4040.8000,4041.0000,4041.6000,4042.0000,4042.8000,1,1,1,1,1,1,3,2,5,2
SF,IF2006,2020-02-19 09:37:05.900,4039.4000,24596,-1,505263240.000,1,0,1,双平,S,4039.0000,4038.4000,4038.2000,4038.0000,4037.6000,4040.4000,4041.0000,4041.6000,4042.0000,4042.8000,1,1,1,1,1,1,3,2,5,2
SF,IF2006,2020-02-19 09:37:06.400,4039.4000,24596,0,505263240.000,0,-,-,-,-,4039.0000,4038.2000,4038.0000,4037.2000,4037.0000,4040.0000,4040.2000,4040.4000,4041.0000,4041.6000,1,1,1,1,1,2,1,1,3,2
SF,IF2006,2020-02-19 09:37:06.900,4039.4000,24596,0,505263240.000,0,-,-,-,-,4039.0000,4038.2000,4038.0000,4037.2000,4037.0000,4039.8000,4040.2000,4040.4000,4041.0000,4041.6000,1,1,1,1,1,1,1,1,3,2
SF,IF2006,2020-02-19 09:37:07.400,4039.4000,24596,0,505263240.000,0,-,-,-,-,4039.0000,4038.4000,4038.2000,4038.0000,4037.2000,4040.2000,4041.0000,4041.6000,4042.0000,4042.8000,1,6,1,1,1,1,3,2,5,2
SF,IF2006,2020-02-19 09:37:07.900,4039.4000,24596,0,505263240.000,0,-,-,-,-,4039.0000,4038.4000,4038.2000,4038.0000,4037.2000,4040.0000,4040.2000,4041.0000,4041.6000,4042.0000,1,6,1,1,1,1,1,3,2,5
SF,IF2006,2020-02-19 09:37:09.900,4039.4000,24596,0,505263240.000,0,-,-,-,-,4039.0000,4038.4000,4038.2000,4038.0000,4037.2000,4039.8000,4040.2000,4041.0000,4041.6000,4042.0000,1,6,1,1,1,1,1,3,2,5
SF,IF2006,2020-02-19 09:37:10.400,4039.0000,24596,0,506474940.000,1,0,1,多换,S,4038.4000,4038.2000,4038.0000,4037.2000,4037.0000,4039.4000,4039.6000,4041.0000,4041.6000,4042.0000,6,1,1,1,1,1,2,3,2,5
SF,IF2006,2020-02-19 09:37:10.900,4039.0000,24596,0,506474940.000,0,-,-,-,-,4038.4000,4038.2000,4038.0000,4037.2000,4037.0000,4039.2000,4039.4000,4039.6000,4041.0000,4041.6000,6,1,1,1,1,2,1,1,3,2
SF,IF2006,2020-02-19 09:37:11.400,4039.0000,24596,0,506474940.000,0,-,-,-,-,4038.4000,4038.2000,4038.0000,4037.2000,4037.0000,4039.2000,4039.4000,4041.0000,4041.6000,4042.0000,6,1,1,1,1,1,1,3,2,5
SF,IF2006,2020-02-19 09:37:11.900,4039.0000,24596,0,506474940.000,0,-,-,-,-,4038.4000,4038.2000,4038.0000,4037.2000,4037.0000,4038.6000,4039.2000,4039.4000,4041.0000,4041.6000,6,1,1,1,1,1,2,1,3,2
SF,IF2006,2020-02-19 09:37:12.400,4039.0000,24593,-3,510109980.000,3,0,3,双平,S,4038.6000,4038.4000,4038.2000,4038.0000,4037.2000,4039.2000,4039.4000,4041.0000,4041.6000,4042.0000,1,6,1,1,1,1,1,3,2,5
SF,IF2006,2020-02-19 09:37:12.900,4039.0000,24593,0,510109980.000,0,-,-,-,-,4038.6000,4038.4000,4038.2000,4038.0000,4037.2000,4039.2000,4039.4000,4041.0000,4041.6000,4042.0000,1,6,1,1,1,1,1,3,2,5
SF,IF2006,2020-02-19 09:37:13.400,4039.0000,24593,0,510109980.000,0,-,-,-,-,4039.0000,4038.6000,4038.4000,4038.2000,4038.0000,4039.2000,4039.4000,4041.0000,4041.6000,4042.0000,1,1,6,1,1,1,1,3,2,5
SF,IF2006,2020-02-19 09:37:13.900,4039.2000,24591,-2,513745200.000,3,0,3,多平,S,4038.6000,4038.4000,4038.2000,4038.0000,4037.2000,4039.4000,4041.0000,4041.6000,4042.0000,4042.8000,1,6,1,1,1,1,3,2,5,2
SF,IF2006,2020-02-19 09:37:14.900,4039.2000,24591,0,513745200.000,0,-,-,-,-,4039.2000,4038.6000,4038.4000,4038.2000,4038.0000,4039.4000,4041.0000,4041.6000,4042.0000,4042.8000,1,1,6,1,1,1,3,2,5,2
SF,IF2006,2020-02-19 09:37:15.400,4039.2000,24590,-1,514956960.000,1,0,1,双平,S,4038.4000,4038.2000,4038.0000,4037.2000,4037.0000,4039.2000,4039.4000,4041.0000,4041.6000,4042.0000,6,1,1,1,1,2,1,3,2,5
SF,IF2006,2020-02-19 09:37:15.900,4039.2000,24590,0,514956960.000,0,-,-,-,-,4038.4000,4038.2000,4038.0000,4037.2000,4037.0000,4039.0000,4039.2000,4039.4000,4041.0000,4041.6000,6,1,1,1,1,1,2,1,3,2
SF,IF2006,2020-02-19 09:37:16.900,4039.2000,24590,0,514956960.000,0,-,-,-,-,4038.4000,4038.2000,4038.0000,4037.2000,4037.0000,4039.0000,4039.2000,4039.4000,4041.0000,4041.6000,6,4,1,1,1,1,2,1,3,2
SF,IF2006,2020-02-19 09:37:17.400,4038.4000,24591,1,522226080.000,6,3,3,空开,S,4038.2000,4038.0000,4037.2000,4037.0000,4036.8000,4039.0000,4039.2000,4039.4000,4041.0000,4041.6000,4,1,1,1,2,1,2,1,3,2
SF,IF2006,2020-02-19 09:37:17.900,4038.2000,24590,-1,523437540.000,1,0,1,双平,S,4038.6000,4038.2000,4038.0000,4037.2000,4037.0000,4038.8000,4039.0000,4039.2000,4039.4000,4041.0000,1,3,1,1,1,2,3,2,1,3
SF,IF2006,2020-02-19 09:37:18.400,4038.2000,24589,-1,525860580.000,2,0,2,多平,S,4038.2000,4038.0000,4037.2000,4037.0000,4036.8000,4038.6000,4038.8000,4039.0000,4039.4000,4041.0000,2,1,1,1,2,2,1,2,1,3
SF,IF2006,2020-02-19 09:37:18.900,4038.0000,24588,-1,529494900.000,3,1,2,多平,S,4037.2000,4037.0000,4036.8000,4036.0000,4035.2000,4038.4000,4039.0000,4039.4000,4041.0000,4041.6000,1,1,2,1,3,2,2,1,3,2
SF,IF2006,2020-02-19 09:37:19.400,4038.0000,24588,0,529494900.000,0,-,-,-,-,4037.2000,4037.0000,4036.8000,4036.0000,4035.2000,4038.4000,4038.8000,4039.0000,4039.4000,4041.0000,1,1,2,1,3,2,1,1,1,3
SF,IF2006,2020-02-19 09:37:19.900,4038.0000,24588,0,529494900.000,0,-,-,-,-,4037.2000,4037.0000,4036.8000,4036.0000,4035.2000,4038.2000,4038.4000,4038.8000,4039.0000,4039.4000,1,1,2,1,3,3,2,1,1,1
SF,IF2006,2020-02-19 09:37:20.400,4038.0000,24588,0,529494900.000,0,-,-,-,-,4037.4000,4037.2000,4037.0000,4036.8000,4036.0000,4038.2000,4038.4000,4038.8000,4039.0000,4039.4000,1,1,1,2,1,1,1,1,1,1
SF,IF2006,2020-02-19 09:37:21.400,4038.0000,24588,0,529494900.000,0,-,-,-,-,4037.4000,4037.2000,4037.0000,4036.8000,4036.0000,4038.4000,4038.8000,4039.0000,4039.4000,4041.0000,1,1,1,2,1,1,1,1,1,3
SF,IF2006,2020-02-19 09:37:21.900,4038.2000,24587,-1,530706360.000,1,0,1,双平,S,4037.4000,4037.2000,4037.0000,4036.8000,4036.0000,4038.8000,4039.0000,4039.4000,4041.0000,4041.2000,1,1,1,2,1,1,1,1,3,3
SF,IF2006,2020-02-19 09:37:22.400,4038.2000,24587,0,530706360.000,0,-,-,-,-,4037.4000,4037.2000,4037.0000,4036.8000,4036.0000,4038.6000,4038.8000,4039.0000,4039.4000,4041.0000,1,1,1,2,1,3,1,1,1,3
SF,IF2006,2020-02-19 09:37:22.900,4038.2000,24587,0,530706360.000,0,-,-,-,-,4037.6000,4037.4000,4037.2000,4037.0000,4036.8000,4038.8000,4039.0000,4039.4000,4041.0000,4041.2000,1,1,1,1,2,1,1,1,3,3
SF,IF2006,2020-02-19 09:37:23.400,4038.2000,24587,0,530706360.000,0,-,-,-,-,4037.8000,4037.2000,4037.0000,4036.8000,4036.0000,4038.8000,4039.0000,4039.4000,4041.0000,4041.2000,2,1,1,2,1,1,1,1,3,3
SF,IF2006,2020-02-19 09:37:23.900,4038.8000,24587,0,531918000.000,1,0,1,多换,S,4038.0000,4037.8000,4037.2000,4037.0000,4036.8000,4039.0000,4039.4000,4041.0000,4041.2000,4041.6000,1,1,1,1,2,1,1,3,3,2
SF,IF2006,2020-02-19 09:37:24.400,4039.0000,24587,0,533129700.000,1,0,1,多换,S,4038.2000,4037.2000,4037.0000,4036.8000,4036.0000,4039.4000,4041.0000,4041.2000,4041.6000,4042.0000,2,1,1,2,1,1,3,3,2,5
SF,IF2006,2020-02-19 09:37:24.900,4039.0000,24587,0,533129700.000,0,-,-,-,-,4038.2000,4037.2000,4037.0000,4036.8000,4036.0000,4039.4000,4041.0000,4041.2000,4041.6000,4042.0000,1,1,1,2,1,1,3,3,2,5
SF,IF2006,2020-02-19 09:37:25.400,4039.0000,24587,0,533129700.000,0,-,-,-,-,4038.4000,4038.2000,4037.2000,4037.0000,4036.8000,4039.4000,4041.0000,4041.2000,4041.6000,4042.0000,1,1,1,1,2,1,3,3,2,5
SF,IF2006,2020-02-19 09:37:25.900,4039.0000,24587,0,533129700.000,0,-,-,-,-,4038.2000,4037.2000,4037.0000,4036.8000,4036.0000,4039.4000,4041.0000,4041.6000,4042.0000,4042.8000,1,1,1,2,1,1,3,2,5,2
SF,IF2006,2020-02-19 09:37:26.400,4039.0000,24587,0,533129700.000,0,-,-,-,-,4038.8000,4038.2000,4037.2000,4037.0000,4036.8000,4039.4000,4041.0000,4041.6000,4042.0000,4042.8000,1,1,1,1,2,1,3,2,5,2
SF,IF2006,2020-02-19 09:37:26.900,4038.8000,24587,0,534341340.000,1,0,1,多换,S,4037.2000,4037.0000,4036.8000,4036.0000,4035.2000,4039.4000,4041.0000,4041.6000,4042.0000,4042.8000,1,1,2,1,3,1,3,2,5,2
SF,IF2006,2020-02-19 09:37:27.400,4038.8000,24587,0,534341340.000,0,-,-,-,-,4037.4000,4037.2000,4037.0000,4036.8000,4036.0000,4039.2000,4039.4000,4041.0000,4041.6000,4042.0000,1,1,1,2,1,1,1,3,2,5
SF,IF2006,2020-02-19 09:37:27.900,4038.8000,24587,0,534341340.000,0,-,-,-,-,4037.4000,4037.2000,4037.0000,4036.8000,4036.0000,4039.0000,4039.2000,4039.4000,4041.0000,4041.6000,1,1,1,2,1,3,1,1,3,2
SF,IF2006,2020-02-19 09:37:28.400,4038.8000,24587,0,534341340.000,0,-,-,-,-,4037.2000,4037.0000,4036.8000,4036.0000,4035.2000,4038.8000,4039.0000,4039.4000,4041.0000,4041.6000,1,1,2,1,3,2,3,1,3,2
SF,IF2006,2020-02-19 09:37:28.900,4038.8000,24587,0,534341340.000,0,-,-,-,-,4037.2000,4037.0000,4036.8000,4036.0000,4035.2000,4038.6000,4038.8000,4039.4000,4041.0000,4041.6000,1,1,2,1,3,4,1,1,3,2
SF,IF2006,2020-02-19 09:37:29.400,4038.8000,24587,0,535552980.000,1,0,1,多换,S,4037.2000,4037.0000,4036.8000,4036.0000,4035.2000,4038.4000,4038.6000,4039.4000,4041.0000,4041.6000,1,1,2,1,3,2,2,1,3,2
SF,IF2006,2020-02-19 09:37:29.900,4038.8000,24587,0,535552980.000,0,-,-,-,-,4037.2000,4037.0000,4036.8000,4036.0000,4035.2000,4038.6000,4039.4000,4041.0000,4041.6000,4042.0000,1,1,2,1,3,2,1,3,2,5
SF,IF2006,2020-02-19 09:37:30.400,4038.8000,24587,0,535552980.000,0,-,-,-,-,4037.4000,4037.2000,4037.0000,4036.8000,4036.0000,4039.4000,4041.0000,4041.6000,4042.0000,4042.8000,1,1,1,2,1,1,3,2,5,2
SF,IF2006,2020-02-19 09:37:30.900,4038.8000,24587,0,535552980.000,0,-,-,-,-,4037.4000,4037.2000,4037.0000,4036.8000,4036.0000,4039.2000,4039.4000,4041.0000,4041.6000,4042.0000,1,1,1,2,1,4,1,3,2,5
SF,IF2006,2020-02-19 09:37:31.400,4038.8000,24587,0,535552980.000,0,-,-,-,-,4037.4000,4037.2000,4037.0000,4036.8000,4036.0000,4039.2000,4039.4000,4041.0000,4041.6000,4042.0000,1,1,1,2,1,4,1,3,2,5
SF,IF2006,2020-02-19 09:37:31.900,4038.8000,24587,0,535552980.000,0,-,-,-,-,4037.4000,4037.2000,4037.0000,4036.8000,4036.0000,4039.2000,4039.4000,4041.0000,4041.6000,4042.0000,1,1,1,2,1,3,1,3,2,5
SF,IF2006,2020-02-19 09:37:32.400,4038.8000,24587,0,535552980.000,0,-,-,-,-,4037.8000,4037.4000,4037.2000,4037.0000,4036.8000,4039.4000,4041.0000,4041.6000,4042.0000,4042.8000,2,2,1,1,2,1,3,2,5,2
SF,IF2006,2020-02-19 09:37:32.900,4038.8000,24587,0,535552980.000,0,-,-,-,-,4038.0000,4037.4000,4037.2000,4037.0000,4036.8000,4039.4000,4041.0000,4041.6000,4042.0000,4042.8000,3,1,1,1,2,1,4,2,5,2
SF,IF2006,2020-02-19 09:37:33.400,4038.8000,24587,0,535552980.000,0,-,-,-,-,4038.4000,4038.0000,4037.4000,4037.2000,4037.0000,4039.4000,4041.0000,4041.6000,4042.0000,4042.8000,2,1,1,1,1,1,4,2,5,2
SF,IF2006,2020-02-19 09:37:33.900,4038.8000,24587,0,535552980.000,0,-,-,-,-,4038.6000,4038.4000,4037.4000,4037.2000,4037.0000,4039.4000,4041.0000,4041.6000,4042.0000,4042.8000,1,2,1,1,1,1,4,2,5,2
SF,IF2006,2020-02-19 09:37:34.400,4038.8000,24587,0,535552980.000,0,-,-,-,-,4038.6000,4037.4000,4037.2000,4037.0000,4036.8000,4039.4000,4041.0000,4041.6000,4042.0000,4042.8000,1,1,1,1,2,1,4,2,5,2
SF,IF2006,2020-02-19 09:37:36.900,4038.8000,24587,0,535552980.000,0,-,-,-,-,4038.6000,4037.4000,4037.2000,4037.0000,4036.8000,4039.0000,4039.4000,4041.0000,4041.6000,4042.0000,1,1,1,1,2,1,1,4,2,5
SF,IF2006,2020-02-19 09:37:37.400,4039.0000,24587,0,536764680.000,1,0,1,多换,S,4038.6000,4037.4000,4037.2000,4037.0000,4036.8000,4039.4000,4041.0000,4041.6000,4042.0000,4042.8000,1,1,1,1,2,1,4,2,5,2
SF,IF2006,2020-02-19 09:37:37.900,4039.0000,24587,0,536764680.000,0,-,-,-,-,4038.6000,4037.4000,4037.2000,4037.0000,4036.8000,4039.4000,4041.0000,4041.6000,4042.0000,4042.8000,1,1,1,1,2,1,3,2,5,2
SF,IF2006,2020-02-19 09:37:38.400,4039.0000,24587,0,536764680.000,0,-,-,-,-,4038.8000,4038.6000,4037.4000,4037.2000,4037.0000,4041.0000,4041.6000,4042.0000,4042.8000,4043.0000,1,1,1,1,1,3,2,5,2,2
SF,IF2006,2020-02-19 09:37:38.900,4039.0000,24587,0,536764680.000,0,-,-,-,-,4038.6000,4037.2000,4037.0000,4036.8000,4036.0000,4039.4000,4040.8000,4041.0000,4041.6000,4042.0000,1,1,1,2,1,1,4,3,2,5
SF,IF2006,2020-02-19 09:37:40.900,4039.0000,24587,0,536764680.000,0,-,-,-,-,4038.6000,4037.2000,4037.0000,4036.8000,4036.0000,4039.4000,4040.8000,4041.0000,4041.6000,4042.0000,1,1,1,2,1,1,4,2,2,5
SF,IF2006,2020-02-19 09:37:45.900,4039.0000,24587,0,536764680.000,0,-,-,-,-,4038.6000,4037.2000,4037.0000,4036.8000,4036.0000,4039.4000,4040.8000,4041.0000,4041.6000,4042.0000,1,1,1,2,1,1,4,2,2,5
SF,IF2006,2020-02-19 09:37:48.400,4039.0000,24587,0,536764680.000,0,-,-,-,-,4038.6000,4037.2000,4037.0000,4036.8000,4036.0000,4040.8000,4041.0000,4041.6000,4042.0000,4042.8000,1,1,1,2,1,4,2,2,5,2
SF,IF2006,2020-02-19 09:37:48.900,4039.0000,24587,0,536764680.000,0,-,-,-,-,4038.8000,4038.6000,4037.2000,4037.0000,4036.8000,4040.8000,4041.0000,4041.6000,4042.0000,4042.8000,2,1,1,1,2,4,2,2,5,2
SF,IF2006,2020-02-19 09:37:49.400,4039.0000,24587,0,536764680.000,0,-,-,-,-,4038.8000,4038.6000,4037.2000,4037.0000,4036.8000,4039.4000,4040.8000,4041.0000,4041.6000,4042.0000,1,1,1,1,2,1,4,2,2,5
SF,IF2006,2020-02-19 09:37:49.900,4039.0000,24587,0,536764680.000,0,-,-,-,-,4038.6000,4037.2000,4037.0000,4036.8000,4036.0000,4039.4000,4040.8000,4041.0000,4041.6000,4042.0000,1,1,1,2,1,1,4,2,2,5
SF,IF2006,2020-02-19 09:37:52.900,4039.4000,24586,-1,537976500.000,1,0,1,双平,S,4038.6000,4037.2000,4037.0000,4036.8000,4036.0000,4040.8000,4041.0000,4041.6000,4042.0000,4042.8000,1,1,1,2,1,4,2,2,5,2
SF,IF2006,2020-02-19 09:37:53.400,4039.4000,24586,0,537976500.000,0,-,-,-,-,4038.8000,4038.6000,4037.2000,4037.0000,4036.8000,4040.8000,4041.0000,4041.6000,4042.0000,4042.8000,2,1,1,1,2,3,2,2,5,2
SF,IF2006,2020-02-19 09:37:54.400,4039.4000,24586,0,537976500.000,0,-,-,-,-,4038.8000,4038.6000,4037.2000,4037.0000,4036.8000,4040.2000,4040.8000,4041.0000,4041.6000,4042.0000,2,1,1,1,2,1,3,2,2,5
SF,IF2006,2020-02-19 09:37:54.900,4039.4000,24586,0,537976500.000,0,-,-,-,-,4039.2000,4038.8000,4038.6000,4037.2000,4037.0000,4040.2000,4040.8000,4041.0000,4041.6000,4042.0000,1,2,1,1,1,1,3,2,2,5
SF,IF2006,2020-02-19 09:37:55.400,4039.4000,24586,0,537976500.000,0,-,-,-,-,4039.4000,4039.2000,4038.8000,4038.6000,4037.2000,4040.2000,4040.8000,4041.0000,4041.6000,4042.0000,1,1,1,1,1,1,3,2,2,5
SF,IF2006,2020-02-19 09:37:55.900,4039.4000,24586,0,537976500.000,0,-,-,-,-,4039.4000,4038.6000,4037.2000,4037.0000,4036.8000,4040.2000,4040.8000,4041.0000,4041.6000,4042.0000,1,1,1,1,2,1,3,2,2,5
SF,IF2006,2020-02-19 09:37:56.400,4039.4000,24586,0,537976500.000,0,-,-,-,-,4039.6000,4039.4000,4038.6000,4037.2000,4037.0000,4040.2000,4040.8000,4041.0000,4041.6000,4042.0000,1,1,1,1,1,1,3,2,2,5
SF,IF2006,2020-02-19 09:37:56.900,4040.2000,24585,-1,539188560.000,1,0,1,双平,S,4039.6000,4039.4000,4038.6000,4037.2000,4037.0000,4040.8000,4041.0000,4041.6000,4042.0000,4042.8000,1,1,1,1,1,3,2,2,5,2
SF,IF2006,2020-02-19 09:37:57.400,4040.2000,24585,0,539188560.000,0,-,-,-,-,4039.8000,4039.6000,4038.6000,4037.2000,4037.0000,4041.0000,4041.6000,4042.0000,4042.8000,4043.0000,3,1,1,1,1,2,2,5,2,2
SF,IF2006,2020-02-19 09:37:57.900,4040.2000,24585,0,539188560.000,0,-,-,-,-,4040.0000,4039.8000,4038.6000,4037.2000,4037.0000,4041.0000,4041.6000,4042.0000,4042.8000,4043.0000,2,1,1,1,1,2,2,5,2,2
SF,IF2006,2020-02-19 09:37:58.400,4040.2000,24585,0,539188560.000,0,-,-,-,-,4040.2000,4040.0000,4039.8000,4038.6000,4037.2000,4041.0000,4041.6000,4042.0000,4042.8000,4043.0000,1,2,1,1,1,2,2,5,2,2
SF,IF2006,2020-02-19 09:37:58.900,4040.2000,24585,0,539188560.000,0,-,-,-,-,4040.2000,4040.0000,4039.8000,4037.2000,4037.0000,4041.0000,4041.6000,4042.0000,4042.8000,4043.0000,1,2,1,1,1,2,2,5,2,2
SF,IF2006,2020-02-19 09:37:59.400,4040.2000,24585,0,539188560.000,0,-,-,-,-,4040.2000,4040.0000,4039.8000,4039.0000,4037.2000,4041.0000,4041.6000,4042.0000,4042.8000,4043.0000,1,2,1,1,1,2,2,5,2,2
SF,IF2006,2020-02-19 09:37:59.900,4040.2000,24585,0,539188560.000,0,-,-,-,-,4040.4000,4040.2000,4039.0000,4037.2000,4037.0000,4041.0000,4041.6000,4042.0000,4042.8000,4043.0000,2,1,1,1,1,2,2,5,2,2
SF,IF2006,2020-02-19 09:38:04.400,4040.4000,24584,-1,540400680.000,1,0,1,双平,S,4040.4000,4040.2000,4039.0000,4037.2000,4037.0000,4041.0000,4041.6000,4042.0000,4042.8000,4043.0000,1,1,1,1,1,2,2,5,2,2
SF,IF2006,2020-02-19 09:38:04.900,4040.2000,24583,-1,542824860.000,2,0,2,多平,S,4039.0000,4037.2000,4037.0000,4036.8000,4036.0000,4041.0000,4041.6000,4042.0000,4042.8000,4043.0000,1,1,1,2,1,2,2,5,2,2
SF,IF2006,2020-02-19 09:38:05.400,4040.2000,24583,0,542824860.000,0,-,-,-,-,4039.2000,4039.0000,4037.2000,4037.0000,4036.8000,4040.8000,4041.0000,4041.6000,4042.0000,4042.8000,3,1,1,1,2,1,2,2,5,2
SF,IF2006,2020-02-19 09:38:05.900,4040.2000,24583,0,542824860.000,0,-,-,-,-,4039.0000,4037.2000,4037.0000,4036.8000,4036.0000,4040.6000,4040.8000,4041.0000,4041.6000,4042.0000,1,1,1,2,1,1,1,2,2,5
SF,IF2006,2020-02-19 09:38:06.400,4040.2000,24583,0,542824860.000,0,-,-,-,-,4039.0000,4037.2000,4037.0000,4036.8000,4036.0000,4040.4000,4040.6000,4041.0000,4041.6000,4042.0000,1,1,1,2,1,3,1,2,2,5
SF,IF2006,2020-02-19 09:38:06.900,4040.2000,24583,0,542824860.000,0,-,-,-,-,4039.0000,4037.2000,4037.0000,4036.8000,4036.0000,4040.2000,4040.4000,4041.0000,4041.6000,4042.0000,1,1,1,2,1,1,2,2,2,5
SF,IF2006,2020-02-19 09:38:07.400,4040.2000,24583,0,542824860.000,0,-,-,-,-,4039.2000,4039.0000,4037.2000,4037.0000,4036.8000,4041.0000,4041.6000,4042.0000,4042.8000,4043.0000,3,1,1,1,2,2,2,5,2,2
SF,IF2006,2020-02-19 09:38:07.900,4040.2000,24583,0,544036920.000,1,0,1,多换,S,4039.2000,4039.0000,4037.2000,4037.0000,4036.8000,4039.6000,4040.8000,4041.0000,4041.6000,4042.0000,1,1,1,1,2,1,4,2,2,5
SF,IF2006,2020-02-19 09:38:08.400,4039.6000,24583,0,545248800.000,1,0,1,多换,S,4039.6000,4039.2000,4039.0000,4037.2000,4037.0000,4040.8000,4041.0000,4041.6000,4042.0000,4042.8000,1,1,1,1,1,3,2,2,5,2
SF,IF2006,2020-02-19 09:38:08.900,4039.6000,24583,0,545248800.000,0,-,-,-,-,4039.6000,4039.2000,4039.0000,4037.2000,4037.0000,4041.0000,4041.6000,4042.0000,4042.8000,4043.0000,2,1,1,1,1,2,2,5,2,2
SF,IF2006,2020-02-19 09:38:09.400,4039.6000,24583,0,545248800.000,0,-,-,-,-,4040.0000,4039.6000,4039.2000,4039.0000,4037.2000,4041.0000,4041.6000,4042.0000,4042.8000,4043.0000,1,2,1,1,1,2,2,5,2,2
SF,IF2006,2020-02-19 09:38:09.900,4039.6000,24583,0,545248800.000,0,-,-,-,-,4039.6000,4039.2000,4039.0000,4037.2000,4037.0000,4041.0000,4041.6000,4042.0000,4042.8000,4043.0000,2,1,1,1,1,2,2,5,2,2
SF,IF2006,2020-02-19 09:38:10.900,4039.6000,24582,-1,546460680.000,1,0,1,双平,S,4039.6000,4039.2000,4039.0000,4037.2000,4037.0000,4041.0000,4041.6000,4042.0000,4042.8000,4043.0000,2,1,1,1,1,2,2,5,2,2
SF,IF2006,2020-02-19 09:38:11.400,4039.6000,24582,0,546460680.000,0,-,-,-,-,4039.6000,4039.2000,4039.0000,4037.2000,4037.0000,4041.0000,4041.6000,4042.0000,4042.8000,4043.0000,2,1,1,1,1,2,2,5,2,2
SF,IF2006,2020-02-19 09:38:11.900,4039.6000,24582,0,546460680.000,0,-,-,-,-,4039.8000,4039.6000,4039.0000,4037.2000,4037.0000,4041.0000,4041.6000,4042.0000,4042.8000,4043.0000,1,2,1,1,1,2,2,5,2,2
SF,IF2006,2020-02-19 09:38:12.400,4039.6000,24582,0,546460680.000,0,-,-,-,-,4040.0000,4039.8000,4039.6000,4039.0000,4037.2000,4041.0000,4041.6000,4042.0000,4042.8000,4043.0000,1,1,2,1,1,2,2,5,2,2
SF,IF2006,2020-02-19 09:38:12.900,4039.6000,24582,0,546460680.000,0,-,-,-,-,4040.2000,4039.8000,4039.6000,4039.0000,4037.2000,4041.0000,4041.6000,4042.0000,4042.8000,4043.0000,1,1,2,1,1,2,2,5,2,2
SF,IF2006,2020-02-19 09:38:13.400,4039.6000,24582,0,546460680.000,0,-,-,-,-,4039.8000,4039.6000,4039.0000,4037.2000,4037.0000,4041.0000,4041.6000,4042.0000,4042.8000,4043.0000,1,1,1,1,1,2,2,5,2,2
SF,IF2006,2020-02-19 09:38:13.900,4040.6000,24582,0,547672860.000,1,0,1,多换,S,4040.0000,4039.8000,4039.6000,4039.0000,4037.2000,4041.0000,4041.6000,4042.0000,4042.8000,4043.0000,1,1,1,1,1,2,2,5,2,2
SF,IF2006,2020-02-19 09:38:14.400,4040.6000,24582,0,547672860.000,0,-,-,-,-,4040.2000,4039.6000,4039.0000,4037.2000,4037.0000,4041.0000,4041.6000,4042.0000,4042.8000,4043.0000,2,1,1,1,1,2,2,5,2,2
SF,IF2006,2020-02-19 09:38:14.900,4041.0000,24580,-2,550097460.000,2,0,2,双平,S,4040.2000,4039.6000,4039.0000,4037.2000,4037.0000,4041.6000,4042.0000,4042.8000,4043.0000,4043.8000,1,1,1,1,1,2,5,2,2,1
SF,IF2006,2020-02-19 09:38:15.900,4041.0000,24580,0,550097460.000,0,-,-,-,-,4040.6000,4040.2000,4039.6000,4039.0000,4037.2000,4041.6000,4042.0000,4042.8000,4043.0000,4043.8000,1,1,1,1,1,2,5,2,2,1
SF,IF2006,2020-02-19 09:38:16.400,4041.0000,24580,0,550097460.000,0,-,-,-,-,4041.2000,4040.8000,4040.6000,4039.6000,4039.0000,4041.6000,4042.0000,4042.8000,4043.0000,4043.8000,1,3,1,1,1,2,5,2,2,1
SF,IF2006,2020-02-19 09:38:16.900,4041.6000,24578,-2,552522420.000,2,0,2,双平,S,4041.2000,4040.8000,4040.6000,4039.6000,4039.0000,4042.0000,4042.8000,4043.0000,4043.8000,4044.8000,1,2,1,1,1,5,2,2,1,4
SF,IF2006,2020-02-19 09:38:17.400,4041.6000,24578,0,552522420.000,0,-,-,-,-,4041.4000,4041.2000,4040.8000,4040.6000,4039.6000,4042.0000,4042.8000,4043.0000,4043.8000,4044.8000,1,1,1,1,1,5,2,2,1,4
SF,IF2006,2020-02-19 09:38:17.900,4041.4000,24577,-1,553734840.000,1,0,1,双平,S,4041.2000,4040.8000,4040.6000,4039.6000,4039.0000,4042.0000,4042.8000,4043.0000,4043.8000,4044.8000,1,1,1,1,1,5,2,2,1,4
SF,IF2006,2020-02-19 09:38:19.400,4041.2000,24577,0,554947200.000,1,0,1,多换,S,4040.8000,4040.6000,4039.6000,4039.0000,4037.2000,4042.0000,4042.8000,4043.0000,4043.8000,4044.6000,1,1,1,1,1,5,2,2,1,1
SF,IF2006,2020-02-19 09:38:19.900,4041.2000,24577,0,554947200.000,0,-,-,-,-,4040.8000,4040.6000,4039.6000,4039.0000,4037.2000,4041.8000,4042.0000,4042.8000,4043.0000,4043.8000,1,1,1,1,1,1,5,2,2,1
SF,IF2006,2020-02-19 09:38:20.400,4041.2000,24577,0,554947200.000,0,-,-,-,-,4040.6000,4039.6000,4039.0000,4037.2000,4037.0000,4041.8000,4042.0000,4042.8000,4043.0000,4043.8000,1,1,1,1,1,1,5,2,2,1
SF,IF2006,2020-02-19 09:38:20.900,4041.2000,24577,0,554947200.000,0,-,-,-,-,4039.6000,4039.0000,4037.2000,4037.0000,4036.8000,4041.8000,4042.0000,4042.8000,4043.0000,4043.8000,1,1,1,1,2,1,5,2,2,1
SF,IF2006,2020-02-19 09:38:21.400,4041.2000,24577,0,554947200.000,0,-,-,-,-,4040.0000,4039.8000,4039.6000,4039.4000,4039.0000,4041.8000,4042.0000,4042.8000,4043.0000,4043.8000,2,1,1,1,1,1,5,2,2,1
SF,IF2006,2020-02-19 09:38:21.900,4041.2000,24577,0,554947200.000,0,-,-,-,-,4040.0000,4039.8000,4039.6000,4039.4000,4039.0000,4040.4000,4041.8000,4042.0000,4042.8000,4043.0000,2,1,1,1,1,2,1,5,2,2
SF,IF2006,2020-02-19 09:38:22.400,4040.4000,24578,1,557371440.000,2,1,1,空开,S,4040.4000,4040.2000,4040.0000,4039.8000,4039.6000,4041.6000,4041.8000,4042.0000,4042.8000,4043.0000,4,1,2,1,1,1,1,5,2,2
SF,IF2006,2020-02-19 09:38:22.900,4040.4000,24578,0,557371440.000,0,-,-,-,-,4040.6000,4040.4000,4040.2000,4040.0000,4039.6000,4041.4000,4041.6000,4042.0000,4042.8000,4043.0000,1,3,1,1,1,1,1,5,2,2
SF,IF2006,2020-02-19 09:38:24.400,4041.4000,24577,-1,558583860.000,1,0,1,双平,S,4040.6000,4040.4000,4040.2000,4040.0000,4039.6000,4041.6000,4042.0000,4042.8000,4043.0000,4043.8000,1,3,1,1,1,1,5,2,2,1
SF,IF2006,2020-02-19 09:38:24.900,4041.6000,24577,0,559796340.000,1,0,1,多换,S,4041.6000,4040.8000,4040.6000,4040.4000,4040.2000,4042.0000,4042.8000,4043.0000,4043.8000,4044.6000,1,2,1,2,1,5,2,2,1,1
SF,IF2006,2020-02-19 09:38:25.400,4040.8000,24571,-6,568284180.000,7,0,7,多平,S,4040.8000,4040.6000,4040.4000,4040.0000,4039.6000,4042.8000,4043.0000,4043.8000,4044.6000,4044.8000,1,1,2,1,1,2,2,1,1,4
SF,IF2006,2020-02-19 09:38:25.900,4040.8000,24569,-2,571920900.000,3,0,3,多平,S,4041.0000,4040.8000,4040.6000,4040.4000,4039.6000,4042.8000,4043.0000,4043.8000,4044.6000,4044.8000,1,2,1,2,1,2,2,1,1,4
SF,IF2006,2020-02-19 09:38:26.400,4040.8000,24569,0,571920900.000,0,-,-,-,-,4041.2000,4041.0000,4040.8000,4040.6000,4040.4000,4042.6000,4042.8000,4043.0000,4043.8000,4044.6000,5,1,2,2,2,1,2,2,1,1
SF,IF2006,2020-02-19 09:38:26.900,4040.8000,24569,0,571920900.000,0,-,-,-,-,4041.2000,4041.0000,4040.6000,4040.4000,4039.6000,4042.6000,4042.8000,4043.0000,4043.8000,4044.6000,3,1,1,2,1,1,2,2,1,1
SF,IF2006,2020-02-19 09:38:27.400,4040.8000,24569,0,571920900.000,0,-,-,-,-,4041.6000,4041.2000,4041.0000,4040.6000,4040.4000,4042.6000,4042.8000,4043.0000,4043.8000,4044.6000,1,2,1,1,2,1,2,2,1,1
SF,IF2006,2020-02-19 09:38:27.900,4040.8000,24569,0,571920900.000,0,-,-,-,-,4041.6000,4041.2000,4041.0000,4040.6000,4040.4000,4042.8000,4043.0000,4043.8000,4044.6000,4044.8000,1,2,1,1,2,2,2,1,1,4
SF,IF2006,2020-02-19 09:38:28.400,4040.8000,24569,0,571920900.000,0,-,-,-,-,4041.6000,4041.2000,4041.0000,4040.6000,4040.4000,4042.8000,4043.0000,4043.8000,4044.6000,4044.8000,2,2,1,1,2,2,2,1,1,4
SF,IF2006,2020-02-19 09:38:28.900,4040.8000,24569,0,571920900.000,0,-,-,-,-,4041.8000,4041.6000,4041.0000,4040.6000,4040.4000,4042.8000,4043.0000,4043.8000,4044.6000,4044.8000,1,3,1,1,2,2,2,1,1,4
SF,IF2006,2020-02-19 09:38:29.400,4040.8000,24569,0,571920900.000,0,-,-,-,-,4042.0000,4041.8000,4041.6000,4041.0000,4040.6000,4042.6000,4042.8000,4043.0000,4043.8000,4044.6000,1,2,1,1,1,1,2,2,1,1
SF,IF2006,2020-02-19 09:38:29.900,4040.8000,24569,0,571920900.000,0,-,-,-,-,4042.0000,4041.8000,4041.6000,4041.0000,4040.6000,4042.6000,4042.8000,4043.0000,4043.8000,4044.6000,1,1,1,1,1,1,2,2,1,1
SF,IF2006,2020-02-19 09:38:30.400,4042.0000,24568,-1,573133500.000,1,0,1,双平,S,4042.2000,4041.6000,4041.0000,4040.6000,4040.4000,4042.6000,4042.8000,4043.0000,4043.8000,4044.6000,1,1,1,1,2,1,2,2,1,1
SF,IF2006,2020-02-19 09:38:30.900,4042.2000,24568,0,574346160.000,1,0,1,多换,S,4041.6000,4040.6000,4040.4000,4039.0000,4037.2000,4042.2000,4042.6000,4042.8000,4043.0000,4043.8000,1,1,2,1,1,2,1,2,2,1
SF,IF2006,2020-02-19 09:38:31.400,4041.6000,24568,0,575558640.000,1,0,1,多换,S,4040.6000,4040.4000,4039.0000,4037.2000,4037.0000,4041.6000,4042.2000,4042.6000,4042.8000,4043.0000,1,2,1,1,1,1,1,1,2,2
SF,IF2006,2020-02-19 09:38:31.900,4041.6000,24568,0,576771120.000,1,0,1,多换,S,4040.6000,4040.4000,4039.4000,4039.0000,4037.2000,4042.2000,4042.6000,4042.8000,4043.0000,4043.8000,1,2,1,1,1,1,1,2,2,1
SF,IF2006,2020-02-19 09:38:32.400,4041.6000,24568,0,576771120.000,0,-,-,-,-,4040.6000,4040.4000,4039.4000,4039.0000,4037.2000,4042.0000,4042.2000,4042.8000,4043.0000,4043.8000,1,2,1,1,1,3,1,2,2,1
SF,IF2006,2020-02-19 09:38:32.900,4041.6000,24568,0,576771120.000,0,-,-,-,-,4040.4000,4039.4000,4039.0000,4037.2000,4037.0000,4041.0000,4042.0000,4042.2000,4042.8000,4043.0000,2,1,1,1,1,2,1,1,2,2
SF,IF2006,2020-02-19 09:38:33.400,4041.0000,24568,0,579195720.000,2,1,1,多换,S,4041.0000,4040.4000,4039.4000,4039.0000,4037.2000,4042.0000,4042.2000,4042.8000,4043.0000,4043.8000,2,2,1,1,1,1,1,2,2,1
SF,IF2006,2020-02-19 09:38:33.900,4041.0000,24568,0,579195720.000,0,-,-,-,-,4041.0000,4040.4000,4039.4000,4039.0000,4037.2000,4042.0000,4042.2000,4042.8000,4043.0000,4043.8000,1,2,1,1,1,1,1,2,2,1
SF,IF2006,2020-02-19 09:38:34.400,4041.0000,24568,0,579195720.000,0,-,-,-,-,4041.0000,4040.4000,4039.4000,4039.0000,4037.2000,4042.2000,4042.8000,4043.0000,4043.8000,4044.6000,2,2,1,1,1,1,2,2,1,1
SF,IF2006,2020-02-19 09:38:34.900,4041.0000,24568,0,579195720.000,0,-,-,-,-,4041.2000,4041.0000,4040.4000,4040.0000,4039.4000,4042.2000,4042.8000,4043.0000,4043.8000,4044.6000,1,2,3,1,1,1,2,2,1,1
SF,IF2006,2020-02-19 09:38:35.400,4041.0000,24568,0,579195720.000,0,-,-,-,-,4041.2000,4041.0000,4040.4000,4040.0000,4039.4000,4042.2000,4042.8000,4043.0000,4043.8000,4044.6000,2,2,3,1,1,1,2,2,1,1
SF,IF2006,2020-02-19 09:38:35.900,4041.0000,24568,0,579195720.000,0,-,-,-,-,4041.2000,4041.0000,4040.4000,4040.0000,4039.4000,4042.0000,4042.2000,4042.4000,4042.8000,4043.0000,1,2,3,1,1,1,1,1,2,2
SF,IF2006,2020-02-19 09:38:36.400,4041.0000,24568,0,579195720.000,0,-,-,-,-,4041.2000,4041.0000,4040.4000,4040.0000,4039.4000,4042.0000,4042.2000,4042.4000,4042.8000,4043.0000,1,1,3,1,1,1,1,1,2,2
SF,IF2006,2020-02-19 09:38:39.400,4041.0000,24568,0,579195720.000,0,-,-,-,-,4041.2000,4041.0000,4040.4000,4040.0000,4039.4000,4042.0000,4042.2000,4042.4000,4042.8000,4043.0000,1,1,3,1,1,1,1,1,2,2
SF,IF2006,2020-02-19 09:38:39.900,4041.0000,24568,0,579195720.000,0,-,-,-,-,4041.2000,4041.0000,4040.4000,4040.0000,4039.4000,4042.0000,4042.2000,4042.4000,4042.8000,4043.0000,1,1,2,1,1,1,1,1,2,2
SF,IF2006,2020-02-19 09:38:40.900,4041.8000,24568,0,580408260.000,1,0,1,多换,S,4041.2000,4041.0000,4040.4000,4040.0000,4039.4000,4042.0000,4042.2000,4042.4000,4042.8000,4043.0000,1,1,2,1,1,1,1,1,2,2
SF,IF2006,2020-02-19 09:38:41.400,4041.8000,24568,0,580408260.000,0,-,-,-,-,4041.2000,4041.0000,4040.4000,4040.0000,4039.4000,4042.0000,4042.2000,4042.4000,4042.8000,4043.0000,1,1,2,1,1,2,1,1,2,2
SF,IF2006,2020-02-19 09:38:44.900,4041.2000,24568,0,581620620.000,1,0,1,多换,S,4041.0000,4040.4000,4040.0000,4039.0000,4038.0000,4042.0000,4042.2000,4042.4000,4042.8000,4043.0000,1,2,1,1,1,2,1,1,2,2
SF,IF2006,2020-02-19 09:38:45.400,4041.2000,24568,0,581620620.000,0,-,-,-,-,4041.0000,4040.4000,4040.0000,4039.0000,4038.0000,4041.8000,4042.0000,4042.2000,4042.4000,4042.8000,1,2,1,1,1,1,2,1,1,2
SF,IF2006,2020-02-19 09:38:45.900,4040.4000,24569,1,584045040.000,2,1,1,空开,S,4040.0000,4039.0000,4038.0000,4037.2000,4037.0000,4042.0000,4042.2000,4042.4000,4042.8000,4043.0000,1,1,1,1,1,2,1,1,2,2
SF,IF2006,2020-02-19 09:38:46.900,4040.4000,24569,0,584045040.000,0,-,-,-,-,4040.4000,4039.0000,4038.0000,4037.2000,4037.0000,4041.8000,4042.0000,4042.2000,4042.4000,4042.8000,1,1,1,1,1,2,2,1,1,2
SF,IF2006,2020-02-19 09:38:47.400,4040.4000,24569,0,584045040.000,0,-,-,-,-,4040.4000,4039.0000,4038.0000,4037.2000,4037.0000,4041.4000,4041.6000,4042.0000,4042.2000,4042.4000,1,1,1,1,1,2,1,1,1,1
SF,IF2006,2020-02-19 09:38:47.900,4040.4000,24569,0,584045040.000,0,-,-,-,-,4039.0000,4038.0000,4037.2000,4037.0000,4036.8000,4041.6000,4042.0000,4042.2000,4042.4000,4042.8000,1,1,1,1,2,1,1,1,1,2
SF,IF2006,2020-02-19 09:38:48.400,4040.4000,24569,0,584045040.000,0,-,-,-,-,4039.4000,4039.2000,4039.0000,4038.0000,4037.2000,4041.6000,4042.0000,4042.2000,4042.4000,4042.8000,1,9,2,1,1,1,1,1,1,2
SF,IF2006,2020-02-19 09:38:48.900,4040.4000,24569,0,584045040.000,0,-,-,-,-,4039.8000,4039.6000,4039.4000,4039.2000,4039.0000,4041.6000,4042.0000,4042.2000,4042.4000,4042.8000,2,1,1,9,2,1,1,1,1,2
SF,IF2006,2020-02-19 09:38:49.400,4039.8000,24568,-1,585256980.000,1,0,1,双平,S,4039.8000,4039.6000,4039.4000,4039.2000,4039.0000,4040.0000,4041.2000,4041.6000,4042.0000,4042.2000,1,1,1,8,2,1,1,1,1,1
SF,IF2006,2020-02-19 09:38:49.900,4040.0000,24567,-1,586468980.000,1,0,1,双平,S,4041.2000,4040.4000,4040.0000,4039.6000,4039.4000,4041.6000,4042.0000,4042.2000,4042.4000,4042.8000,1,2,6,1,1,1,1,1,1,2
SF,IF2006,2020-02-19 09:38:50.400,4041.2000,24566,-1,587681340.000,1,0,1,双平,S,4040.4000,4040.0000,4039.6000,4039.4000,4039.2000,4041.2000,4041.6000,4042.0000,4042.2000,4042.4000,2,6,1,1,8,2,1,1,1,1
SF,IF2006,2020-02-19 09:38:50.900,4041.2000,24566,0,587681340.000,0,-,-,-,-,4040.4000,4040.0000,4039.8000,4039.6000,4039.4000,4041.6000,4042.0000,4042.2000,4042.4000,4042.8000,2,6,1,1,1,1,1,1,1,2
SF,IF2006,2020-02-19 09:38:51.400,4041.2000,24566,0,587681340.000,0,-,-,-,-,4040.4000,4040.0000,4039.8000,4039.6000,4039.4000,4041.4000,4041.6000,4042.0000,4042.2000,4042.4000,2,6,1,1,1,1,1,1,1,1
SF,IF2006,2020-02-19 09:38:52.400,4041.2000,24566,0,587681340.000,0,-,-,-,-,4040.6000,4040.4000,4040.0000,4039.8000,4039.6000,4041.4000,4041.6000,4042.0000,4042.2000,4042.4000,1,2,6,1,1,1,1,2,1,1
SF,IF2006,2020-02-19 09:38:52.900,4041.2000,24566,0,587681340.000,0,-,-,-,-,4040.6000,4040.4000,4040.0000,4039.6000,4039.4000,4041.0000,4041.6000,4042.0000,4042.2000,4042.4000,1,2,5,1,1,1,1,2,1,1
SF,IF2006,2020-02-19 09:38:53.400,4041.2000,24566,0,587681340.000,0,-,-,-,-,4040.6000,4040.4000,4040.0000,4039.6000,4039.4000,4041.0000,4041.6000,4042.0000,4042.2000,4042.4000,1,2,4,1,1,1,1,2,1,1
SF,IF2006,2020-02-19 09:38:53.900,4041.2000,24566,0,588893700.000,1,0,1,多换,S,4040.6000,4040.4000,4040.0000,4039.6000,4039.4000,4041.6000,4042.0000,4042.2000,4042.4000,4042.8000,1,2,4,1,1,1,2,1,1,2
SF,IF2006,2020-02-19 09:38:54.400,4041.2000,24566,0,588893700.000,0,-,-,-,-,4040.6000,4040.4000,4040.0000,4039.6000,4039.4000,4041.4000,4041.6000,4042.0000,4042.2000,4042.4000,1,2,3,1,1,1,1,2,1,1
SF,IF2006,2020-02-19 09:38:54.900,4041.2000,24566,0,588893700.000,0,-,-,-,-,4040.6000,4040.4000,4040.0000,4039.6000,4039.4000,4041.2000,4042.0000,4042.2000,4042.4000,4042.8000,1,2,1,1,1,1,2,1,1,2
SF,IF2006,2020-02-19 09:38:55.400,4041.2000,24566,0,588893700.000,0,-,-,-,-,4040.6000,4040.4000,4040.0000,4039.6000,4039.4000,4041.2000,4042.0000,4042.2000,4042.4000,4042.8000,1,2,1,1,1,1,2,1,1,2
SF,IF2006,2020-02-19 09:38:55.900,4041.2000,24566,0,588893700.000,0,-,-,-,-,4040.6000,4040.4000,4040.0000,4039.4000,4039.2000,4041.2000,4042.0000,4042.2000,4042.4000,4042.8000,1,2,1,1,6,1,2,1,1,2
SF,IF2006,2020-02-19 09:38:56.400,4041.0000,24563,-3,593742420.000,4,0,4,多平,S,4040.0000,4039.2000,4039.0000,4038.0000,4037.2000,4041.0000,4042.0000,4042.2000,4042.4000,4042.8000,1,4,2,1,1,1,2,1,1,2
SF,IF2006,2020-02-19 09:38:56.900,4041.0000,24563,0,593742420.000,0,-,-,-,-,4040.0000,4039.2000,4039.0000,4038.0000,4037.2000,4040.8000,4041.0000,4042.0000,4042.2000,4042.4000,1,4,2,1,1,1,1,2,1,1
SF,IF2006,2020-02-19 09:38:57.400,4040.8000,24563,0,594954660.000,1,0,1,多换,S,4040.0000,4039.2000,4039.0000,4038.0000,4037.2000,4042.0000,4042.2000,4042.4000,4042.8000,4043.0000,1,4,2,1,1,2,1,1,2,2
SF,IF2006,2020-02-19 09:38:57.900,4040.2000,24562,-1,596166720.000,1,0,1,双平,S,4040.0000,4039.2000,4039.0000,4038.0000,4037.2000,4041.6000,4041.8000,4042.0000,4042.4000,4042.8000,1,4,2,1,1,1,3,2,1,2
SF,IF2006,2020-02-19 09:38:58.400,4040.2000,24562,0,596166720.000,0,-,-,-,-,4039.2000,4039.0000,4038.0000,4037.2000,4037.0000,4041.4000,4041.6000,4041.8000,4042.0000,4042.4000,4,2,1,1,1,1,1,3,2,1
SF,IF2006,2020-02-19 09:38:58.900,4040.2000,24562,0,596166720.000,0,-,-,-,-,4039.2000,4039.0000,4038.0000,4037.2000,4037.0000,4041.4000,4041.6000,4041.8000,4042.0000,4042.4000,4,1,1,1,2,1,1,2,2,1
SF,IF2006,2020-02-19 09:38:59.400,4040.2000,24562,0,596166720.000,0,-,-,-,-,4040.0000,4039.4000,4039.2000,4039.0000,4038.0000,4041.2000,4041.4000,4041.6000,4042.0000,4042.4000,1,2,4,1,1,2,1,1,2,1
SF,IF2006,2020-02-19 09:38:59.900,4040.2000,24562,0,596166720.000,0,-,-,-,-,4040.0000,4039.4000,4039.2000,4039.0000,4038.0000,4041.0000,4042.0000,4042.4000,4042.8000,4043.0000,1,2,4,1,1,2,2,1,2,2
SF,IF2006,2020-02-19 09:39:00.400,4040.2000,24562,0,596166720.000,0,-,-,-,-,4040.0000,4039.4000,4039.2000,4039.0000,4038.0000,4040.8000,4041.0000,4042.0000,4042.4000,4042.8000,1,2,4,1,1,1,2,2,1,2
SF,IF2006,2020-02-19 09:39:00.900,4040.2000,24562,0,596166720.000,0,-,-,-,-,4040.0000,4039.4000,4039.2000,4039.0000,4038.0000,4040.8000,4041.0000,4042.0000,4042.4000,4042.8000,1,2,4,1,1,1,1,2,1,2
SF,IF2006,2020-02-19 09:39:01.400,4040.0000,24563,1,597378720.000,1,1,0,双开,S,4039.4000,4039.0000,4038.0000,4037.2000,4037.0000,4040.6000,4040.8000,4042.0000,4042.4000,4042.8000,2,1,1,1,2,1,1,2,1,2
SF,IF2006,2020-02-19 09:39:01.900,4040.0000,24563,0,597378720.000,0,-,-,-,-,4039.0000,4038.0000,4037.2000,4037.0000,4036.8000,4040.4000,4040.6000,4040.8000,4042.0000,4042.4000,1,1,1,2,2,1,1,1,2,1
SF,IF2006,2020-02-19 09:39:02.400,4040.0000,24563,0,597378720.000,0,-,-,-,-,4039.0000,4038.0000,4037.2000,4037.0000,4036.8000,4040.2000,4040.4000,4040.8000,4042.0000,4042.4000,1,1,1,2,2,1,1,1,2,1
SF,IF2006,2020-02-19 09:39:02.900,4040.0000,24563,0,597378720.000,0,-,-,-,-,4039.0000,4038.0000,4037.2000,4037.0000,4036.8000,4040.0000,4040.2000,4040.8000,4042.0000,4042.4000,1,1,2,2,2,1,1,1,2,1
SF,IF2006,2020-02-19 09:39:03.400,4040.0000,24563,0,597378720.000,0,-,-,-,-,4039.0000,4038.0000,4037.2000,4037.0000,4036.8000,4039.8000,4040.8000,4042.0000,4042.4000,4042.8000,1,1,2,2,2,1,1,2,1,2
SF,IF2006,2020-02-19 09:39:05.400,4040.0000,24563,0,597378720.000,0,-,-,-,-,4039.0000,4038.0000,4037.2000,4037.0000,4036.8000,4039.8000,4040.8000,4042.0000,4042.4000,4042.8000,1,1,1,2,2,1,1,2,1,2
SF,IF2006,2020-02-19 09:39:05.900,4039.0000,24562,-1,599802120.000,2,0,2,多平,S,4038.0000,4037.2000,4037.0000,4036.8000,4036.0000,4039.8000,4042.0000,4042.4000,4042.8000,4043.0000,1,1,2,2,1,1,2,1,2,2
SF,IF2006,2020-02-19 09:39:06.400,4039.0000,24562,0,599802120.000,0,-,-,-,-,4038.2000,4038.0000,4037.2000,4037.0000,4036.8000,4039.4000,4039.8000,4042.0000,4042.4000,4042.8000,1,1,1,2,2,2,1,2,1,2
SF,IF2006,2020-02-19 09:39:06.900,4039.0000,24562,0,599802120.000,0,-,-,-,-,4038.0000,4037.2000,4037.0000,4036.8000,4036.0000,4039.2000,4039.4000,4039.8000,4042.0000,4042.4000,1,1,2,2,1,1,1,1,2,1
SF,IF2006,2020-02-19 09:39:07.400,4039.0000,24562,0,599802120.000,0,-,-,-,-,4038.0000,4037.2000,4037.0000,4036.8000,4036.0000,4039.0000,4039.4000,4039.8000,4042.0000,4042.4000,1,1,2,2,1,1,1,1,2,1
SF,IF2006,2020-02-19 09:39:07.900,4039.0000,24562,0,599802120.000,0,-,-,-,-,4038.0000,4037.2000,4037.0000,4036.8000,4036.0000,4039.2000,4039.4000,4039.8000,4042.0000,4042.4000,1,1,2,2,1,1,1,1,2,1
SF,IF2006,2020-02-19 09:39:08.400,4039.0000,24562,0,599802120.000,0,-,-,-,-,4038.0000,4037.2000,4037.0000,4036.8000,4036.0000,4039.0000,4039.2000,4039.4000,4042.0000,4042.4000,1,1,2,2,1,1,1,1,2,1
SF,IF2006,2020-02-19 09:39:10.400,4039.0000,24561,-1,601013820.000,1,0,1,双平,S,4038.2000,4038.0000,4037.2000,4037.0000,4036.8000,4039.2000,4039.4000,4042.0000,4042.4000,4042.8000,2,2,2,2,2,1,1,2,1,2
SF,IF2006,2020-02-19 09:39:10.900,4039.0000,24561,0,601013820.000,0,-,-,-,-,4038.4000,4038.2000,4038.0000,4037.2000,4037.0000,4039.2000,4042.0000,4042.4000,4042.8000,4043.0000,2,1,2,2,2,1,2,1,2,2
SF,IF2006,2020-02-19 09:39:11.400,4039.2000,24561,0,602225580.000,1,0,1,多换,S,4039.2000,4039.0000,4038.4000,4038.2000,4038.0000,4042.0000,4042.4000,4042.8000,4043.0000,4043.8000,1,1,1,1,2,2,1,2,2,1
SF,IF2006,2020-02-19 09:39:11.900,4039.2000,24561,0,602225580.000,0,-,-,-,-,4039.0000,4038.4000,4038.0000,4037.2000,4037.0000,4040.8000,4041.6000,4041.8000,4042.0000,4042.4000,1,1,2,2,2,1,1,7,2,1
SF,IF2006,2020-02-19 09:39:12.400,4039.2000,24561,0,602225580.000,0,-,-,-,-,4039.0000,4038.4000,4038.0000,4037.2000,4037.0000,4040.4000,4040.6000,4040.8000,4041.8000,4042.0000,1,1,2,2,2,1,4,1,3,2
SF,IF2006,2020-02-19 09:39:12.900,4039.2000,24561,0,602225580.000,0,-,-,-,-,4039.0000,4038.4000,4038.0000,4037.2000,4037.0000,4040.2000,4040.6000,4041.8000,4042.0000,4042.4000,1,1,2,2,2,2,2,3,2,1
SF,IF2006,2020-02-19 09:39:13.400,4039.2000,24561,0,602225580.000,0,-,-,-,-,4039.0000,4038.0000,4037.2000,4037.0000,4036.8000,4040.0000,4040.2000,4040.6000,4041.8000,4042.0000,1,2,2,2,2,2,1,2,3,2
SF,IF2006,2020-02-19 09:39:13.900,4039.0000,24560,-1,603437280.000,1,0,1,双平,S,4039.2000,4038.0000,4037.2000,4037.0000,4036.8000,4039.8000,4040.0000,4040.6000,4041.8000,4042.0000,1,2,2,2,2,2,1,2,3,2
SF,IF2006,2020-02-19 09:39:14.400,4039.2000,24560,0,604649040.000,1,0,1,多换,S,4038.0000,4037.2000,4037.0000,4036.8000,4036.0000,4039.8000,4040.6000,4041.8000,4042.0000,4042.4000,2,2,2,2,1,1,2,3,2,1
SF,IF2006,2020-02-19 09:39:14.900,4039.2000,24560,0,604649040.000,0,-,-,-,-,4038.2000,4038.0000,4037.2000,4037.0000,4036.8000,4039.6000,4039.8000,4040.6000,4041.8000,4042.0000,1,2,2,2,2,1,1,2,3,2
SF,IF2006,2020-02-19 09:39:15.400,4039.2000,24560,0,604649040.000,0,-,-,-,-,4038.6000,4038.2000,4038.0000,4037.2000,4037.0000,4040.6000,4041.8000,4042.0000,4042.4000,4042.8000,1,1,2,2,2,2,3,3,1,2
SF,IF2006,2020-02-19 09:39:15.900,4039.2000,24560,0,604649040.000,0,-,-,-,-,4038.8000,4038.4000,4038.0000,4037.2000,4037.0000,4040.4000,4041.8000,4042.0000,4042.4000,4042.8000,1,1,2,2,2,2,3,3,1,2
SF,IF2006,2020-02-19 09:39:16.400,4039.2000,24560,0,604649040.000,0,-,-,-,-,4038.8000,4038.0000,4037.2000,4037.0000,4036.8000,4040.2000,4040.4000,4041.8000,4042.0000,4042.4000,1,2,2,2,2,1,1,3,3,1
SF,IF2006,2020-02-19 09:39:16.900,4039.2000,24560,0,604649040.000,0,-,-,-,-,4039.2000,4039.0000,4038.8000,4038.0000,4037.2000,4040.4000,4042.0000,4042.4000,4042.8000,4043.0000,1,1,1,2,2,1,3,1,2,1
SF,IF2006,2020-02-19 09:39:17.400,4039.2000,24560,0,604649040.000,0,-,-,-,-,4039.4000,4039.0000,4038.0000,4037.2000,4037.0000,4042.0000,4042.4000,4042.8000,4043.0000,4043.8000,2,1,2,2,2,3,1,2,1,1
SF,IF2006,2020-02-19 09:39:17.900,4039.2000,24560,0,604649040.000,0,-,-,-,-,4039.4000,4039.0000,4038.0000,4037.2000,4037.0000,4041.4000,4041.6000,4041.8000,4042.0000,4042.4000,1,1,2,2,2,1,1,4,3,1
SF,IF2006,2020-02-19 09:39:18.400,4039.2000,24560,0,604649040.000,0,-,-,-,-,4039.6000,4038.0000,4037.2000,4037.0000,4036.8000,4040.0000,4041.2000,4041.4000,4042.0000,4042.4000,2,2,2,2,2,1,4,1,3,1
SF,IF2006,2020-02-19 09:39:18.900,4040.0000,24559,-1,605861040.000,1,0,1,双平,S,4039.6000,4038.0000,4037.2000,4037.0000,4036.8000,4041.2000,4041.4000,4042.0000,4042.4000,4042.8000,2,2,2,2,2,4,1,3,1,2
SF,IF2006,2020-02-19 09:39:19.400,4040.0000,24559,0,605861040.000,0,-,-,-,-,4038.0000,4037.2000,4037.0000,4036.8000,4036.0000,4041.2000,4041.4000,4042.0000,4042.4000,4042.8000,2,2,2,2,1,1,1,3,1,2
SF,IF2006,2020-02-19 09:39:19.900,4040.0000,24559,0,605861040.000,0,-,-,-,-,4038.4000,4038.2000,4038.0000,4037.2000,4037.0000,4041.0000,4041.2000,4041.4000,4042.0000,4042.4000,1,1,2,2,2,3,1,1,3,1
SF,IF2006,2020-02-19 09:39:20.400,4040.0000,24559,0,605861040.000,0,-,-,-,-,4038.8000,4038.6000,4038.4000,4038.0000,4037.2000,4040.6000,4041.0000,4041.4000,4042.0000,4042.4000,1,1,1,2,2,1,2,1,3,1
SF,IF2006,2020-02-19 09:39:20.900,4039.2000,24559,0,607072800.000,1,0,1,多换,S,4039.0000,4038.8000,4038.4000,4038.0000,4037.2000,4039.2000,4040.6000,4040.8000,4041.0000,4041.4000,1,1,1,2,2,4,1,1,2,1
SF,IF2006,2020-02-19 09:39:21.400,4039.2000,24555,-4,611919840.000,4,0,4,双平,S,4039.2000,4038.8000,4038.4000,4038.0000,4037.2000,4040.6000,4040.8000,4041.0000,4041.4000,4042.0000,6,1,1,2,2,1,1,2,1,3
SF,IF2006,2020-02-19 09:39:21.900,4039.2000,24555,0,611919840.000,0,-,-,-,-,4039.2000,4038.4000,4038.0000,4037.2000,4037.0000,4040.8000,4041.0000,4041.4000,4042.0000,4042.4000,6,1,2,2,2,1,2,1,3,1
SF,IF2006,2020-02-19 09:39:22.400,4039.2000,24555,0,611919840.000,0,-,-,-,-,4039.6000,4039.4000,4039.2000,4038.4000,4038.0000,4040.8000,4041.0000,4041.4000,4042.0000,4042.4000,1,2,5,1,2,1,1,1,3,1
SF,IF2006,2020-02-19 09:39:22.900,4039.2000,24555,0,611919840.000,0,-,-,-,-,4039.6000,4039.4000,4039.2000,4038.4000,4038.2000,4041.4000,4042.0000,4042.4000,4042.8000,4043.0000,1,3,4,1,1,1,3,1,2,1
SF,IF2006,2020-02-19 09:39:23.400,4039.2000,24555,0,611919840.000,0,-,-,-,-,4039.6000,4039.4000,4039.2000,4038.4000,4038.2000,4040.0000,4040.4000,4041.0000,4041.2000,4041.4000,1,3,4,1,1,1,1,2,1,1
SF,IF2006,2020-02-19 09:39:23.900,4040.0000,24555,0,613131840.000,1,0,1,多换,S,4039.8000,4039.6000,4039.4000,4039.2000,4038.4000,4040.4000,4041.2000,4041.4000,4042.0000,4042.4000,1,1,2,5,1,1,1,1,3,1
SF,IF2006,2020-02-19 09:39:24.400,4039.8000,24555,0,614343780.000,1,0,1,多换,S,4039.4000,4039.2000,4039.0000,4038.4000,4038.2000,4040.4000,4041.2000,4041.4000,4042.0000,4042.4000,2,5,1,1,1,1,1,1,3,1
SF,IF2006,2020-02-19 09:39:24.900,4039.8000,24555,0,614343780.000,0,-,-,-,-,4039.2000,4039.0000,4038.4000,4038.2000,4038.0000,4040.2000,4040.4000,4041.2000,4041.4000,4042.0000,4,1,1,1,2,1,1,1,1,3
SF,IF2006,2020-02-19 09:39:25.400,4039.8000,24555,0,614343780.000,0,-,-,-,-,4039.6000,4039.2000,4038.4000,4038.2000,4038.0000,4040.0000,4040.4000,4041.2000,4041.4000,4042.0000,1,2,1,1,2,2,1,1,1,3
SF,IF2006,2020-02-19 09:39:25.900,4039.6000,24555,0,615555660.000,1,0,1,多换,S,4039.2000,4038.2000,4038.0000,4037.2000,4037.0000,4040.0000,4040.4000,4041.2000,4041.4000,4042.0000,2,1,2,1,3,2,1,1,1,3
SF,IF2006,2020-02-19 09:39:26.400,4039.6000,24555,0,615555660.000,0,-,-,-,-,4038.2000,4038.0000,4037.2000,4037.0000,4036.8000,4040.4000,4040.6000,4041.2000,4041.4000,4042.0000,1,2,1,3,2,1,1,1,1,3
SF,IF2006,2020-02-19 09:39:26.900,4039.6000,24555,0,615555660.000,0,-,-,-,-,4038.4000,4038.2000,4038.0000,4037.2000,4037.0000,4040.0000,4040.2000,4040.4000,4040.6000,4042.0000,1,1,2,1,3,1,1,1,1,3
SF,IF2006,2020-02-19 09:39:27.400,4039.6000,24555,0,615555660.000,0,-,-,-,-,4038.4000,4038.2000,4038.0000,4037.2000,4037.0000,4039.8000,4040.2000,4040.4000,4040.6000,4042.0000,1,1,2,1,3,3,1,1,1,3
SF,IF2006,2020-02-19 09:39:27.900,4039.6000,24555,0,615555660.000,0,-,-,-,-,4038.4000,4038.2000,4038.0000,4037.2000,4037.0000,4039.4000,4039.6000,4039.8000,4040.2000,4040.4000,1,1,2,1,3,2,1,1,1,1
SF,IF2006,2020-02-19 09:39:28.400,4039.6000,24555,0,615555660.000,0,-,-,-,-,4038.4000,4038.2000,4038.0000,4037.2000,4037.0000,4039.4000,4039.8000,4040.2000,4040.4000,4040.6000,1,1,2,1,3,2,1,1,1,1
SF,IF2006,2020-02-19 09:39:29.400,4039.6000,24555,0,615555660.000,0,-,-,-,-,4038.4000,4038.2000,4038.0000,4037.2000,4037.0000,4039.2000,4039.8000,4040.2000,4040.4000,4040.6000,1,1,2,1,3,2,1,1,1,1
SF,IF2006,2020-02-19 09:39:29.900,4039.6000,24555,0,615555660.000,0,-,-,-,-,4038.4000,4038.2000,4038.0000,4037.2000,4037.0000,4040.2000,4040.4000,4040.6000,4041.0000,4042.0000,1,1,2,1,3,1,1,1,1,2
SF,IF2006,2020-02-19 09:39:30.400,4039.6000,24555,0,615555660.000,0,-,-,-,-,4038.4000,4038.2000,4038.0000,4037.2000,4037.0000,4039.4000,4039.8000,4040.0000,4040.4000,4040.6000,2,1,1,1,3,1,1,1,1,1
SF,IF2006,2020-02-19 09:39:30.900,4039.6000,24555,0,615555660.000,0,-,-,-,-,4038.4000,4038.2000,4038.0000,4037.2000,4037.0000,4039.4000,4040.0000,4040.4000,4040.6000,4041.0000,2,1,1,1,3,1,1,1,1,1
SF,IF2006,2020-02-19 09:39:31.400,4039.6000,24555,0,615555660.000,0,-,-,-,-,4038.4000,4038.2000,4038.0000,4037.2000,4037.0000,4040.0000,4040.4000,4040.6000,4041.0000,4042.0000,3,1,1,1,3,1,1,1,1,2
SF,IF2006,2020-02-19 09:39:31.900,4039.6000,24555,0,615555660.000,0,-,-,-,-,4038.4000,4038.2000,4038.0000,4037.2000,4037.0000,4039.6000,4040.0000,4040.4000,4040.6000,4041.0000,2,1,1,1,3,1,1,1,1,1
SF,IF2006,2020-02-19 09:39:32.400,4039.6000,24555,0,615555660.000,0,-,-,-,-,4038.4000,4038.2000,4038.0000,4037.2000,4037.0000,4040.0000,4040.4000,4041.0000,4042.0000,4042.4000,2,1,1,1,3,1,1,1,2,1
SF,IF2006,2020-02-19 09:39:32.900,4039.6000,24555,0,615555660.000,0,-,-,-,-,4038.4000,4038.2000,4038.0000,4037.2000,4037.0000,4040.4000,4041.0000,4042.0000,4042.4000,4042.8000,3,1,1,1,3,1,1,2,1,2
SF,IF2006,2020-02-19 09:39:33.900,4039.6000,24555,0,615555660.000,0,-,-,-,-,4038.6000,4038.4000,4038.2000,4038.0000,4037.2000,4040.4000,4041.0000,4042.0000,4042.4000,4042.8000,1,3,1,1,1,1,1,2,1,2
SF,IF2006,2020-02-19 09:39:34.400,4039.6000,24555,0,615555660.000,0,-,-,-,-,4038.8000,4038.6000,4038.4000,4038.2000,4038.0000,4040.4000,4041.0000,4042.0000,4042.4000,4042.8000,1,2,2,1,1,1,1,1,1,2
SF,IF2006,2020-02-19 09:39:34.900,4039.6000,24555,0,615555660.000,0,-,-,-,-,4038.8000,4038.6000,4038.4000,4038.2000,4038.0000,4040.4000,4041.0000,4042.0000,4042.4000,4042.8000,2,2,2,1,1,1,1,1,1,2
SF,IF2006,2020-02-19 09:39:35.400,4039.6000,24555,0,615555660.000,0,-,-,-,-,4039.2000,4038.8000,4038.6000,4038.4000,4038.2000,4040.4000,4041.0000,4042.0000,4042.4000,4042.8000,1,1,1,2,1,1,1,1,1,2
SF,IF2006,2020-02-19 09:39:35.900,4039.6000,24555,0,615555660.000,0,-,-,-,-,4039.4000,4039.2000,4038.6000,4038.4000,4038.2000,4040.4000,4041.0000,4042.0000,4042.4000,4042.8000,1,1,1,2,1,1,1,1,1,2
SF,IF2006,2020-02-19 09:39:36.400,4040.4000,24555,0,616767780.000,1,0,1,多换,S,4039.4000,4039.2000,4038.6000,4038.4000,4038.2000,4041.0000,4042.0000,4042.4000,4042.8000,4043.0000,1,1,1,2,1,1,1,1,2,1
SF,IF2006,2020-02-19 09:39:36.900,4040.4000,24555,0,616767780.000,0,-,-,-,-,4039.4000,4038.6000,4038.4000,4038.2000,4038.0000,4041.0000,4042.0000,4042.4000,4042.8000,4043.0000,1,1,2,1,1,1,1,1,2,1
SF,IF2006,2020-02-19 09:39:37.400,4040.4000,24555,0,616767780.000,0,-,-,-,-,4039.6000,4039.4000,4038.4000,4038.2000,4038.0000,4041.0000,4042.0000,4042.4000,4042.8000,4043.0000,1,1,2,1,1,1,1,1,2,1
SF,IF2006,2020-02-19 09:39:37.900,4040.4000,24555,0,616767780.000,0,-,-,-,-,4039.8000,4039.6000,4039.4000,4038.4000,4038.2000,4041.0000,4042.0000,4042.4000,4042.8000,4043.0000,1,1,1,2,1,1,1,1,2,1
SF,IF2006,2020-02-19 09:39:38.400,4039.8000,24554,-1,617979720.000,1,0,1,双平,S,4039.6000,4039.4000,4038.4000,4038.2000,4038.0000,4041.0000,4042.0000,4042.4000,4042.8000,4043.0000,1,1,2,1,1,1,1,1,2,1
SF,IF2006,2020-02-19 09:39:38.900,4039.8000,24554,0,617979720.000,0,-,-,-,-,4040.0000,4039.4000,4038.4000,4038.2000,4038.0000,4040.8000,4041.0000,4042.0000,4042.4000,4042.8000,1,1,2,1,1,2,1,1,1,2
SF,IF2006,2020-02-19 09:39:40.400,4040.0000,24554,0,619191720.000,1,0,1,多换,S,4039.4000,4038.4000,4038.2000,4038.0000,4037.2000,4040.0000,4040.8000,4041.0000,4042.0000,4042.4000,1,2,1,1,1,1,2,1,1,1
SF,IF2006,2020-02-19 09:39:40.900,4040.0000,24554,0,620403720.000,1,0,1,多换,S,4038.4000,4038.2000,4038.0000,4037.2000,4037.0000,4040.8000,4041.0000,4042.0000,4042.4000,4042.8000,2,1,1,1,3,2,1,1,1,2
SF,IF2006,2020-02-19 09:39:41.400,4040.0000,24554,0,620403720.000,0,-,-,-,-,4039.4000,4039.2000,4038.6000,4038.4000,4038.2000,4040.8000,4041.0000,4042.0000,4042.4000,4042.8000,1,2,2,3,1,2,1,1,1,2
SF,IF2006,2020-02-19 09:39:41.900,4040.0000,24554,0,620403720.000,0,-,-,-,-,4038.6000,4038.4000,4038.2000,4038.0000,4037.2000,4040.8000,4041.0000,4042.0000,4042.4000,4042.8000,2,3,1,1,1,2,1,1,1,2
SF,IF2006,2020-02-19 09:39:42.400,4040.0000,24554,0,620403720.000,0,-,-,-,-,4039.4000,4039.2000,4038.6000,4038.4000,4038.2000,4040.8000,4041.0000,4042.0000,4042.4000,4042.8000,1,3,2,3,1,1,1,1,1,2
SF,IF2006,2020-02-19 09:39:42.900,4040.0000,24554,0,620403720.000,0,-,-,-,-,4039.4000,4039.2000,4038.8000,4038.6000,4038.4000,4040.8000,4041.0000,4042.0000,4042.4000,4042.8000,1,2,1,2,3,1,1,1,1,2
SF,IF2006,2020-02-19 09:39:43.400,4040.0000,24554,0,620403720.000,0,-,-,-,-,4039.8000,4039.4000,4039.2000,4038.6000,4038.4000,4040.8000,4041.0000,4042.0000,4042.4000,4042.8000,1,1,2,2,3,1,1,1,1,2
SF,IF2006,2020-02-19 09:39:43.900,4040.0000,24554,0,620403720.000,0,-,-,-,-,4039.8000,4039.6000,4039.4000,4039.2000,4038.6000,4040.8000,4041.0000,4042.0000,4042.4000,4042.8000,1,1,1,2,2,1,1,1,1,2
SF,IF2006,2020-02-19 09:39:44.400,4040.0000,24554,0,620403720.000,0,-,-,-,-,4039.8000,4039.4000,4039.2000,4038.6000,4038.4000,4040.8000,4041.0000,4042.0000,4042.4000,4042.8000,1,1,2,2,3,1,1,1,1,2
SF,IF2006,2020-02-19 09:39:45.400,4039.8000,24553,-1,622827900.000,2,0,2,多平,S,4040.0000,4039.4000,4039.2000,4038.6000,4038.4000,4041.0000,4042.0000,4042.4000,4042.8000,4043.0000,1,1,2,2,3,1,1,1,2,1
SF,IF2006,2020-02-19 09:39:45.900,4039.8000,24553,0,622827900.000,0,-,-,-,-,4040.0000,4039.4000,4039.2000,4038.6000,4038.4000,4041.0000,4042.0000,4042.4000,4042.8000,4043.0000,2,1,2,2,3,1,1,1,2,1
SF,IF2006,2020-02-19 09:39:46.400,4039.8000,24553,0,622827900.000,0,-,-,-,-,4040.0000,4039.4000,4039.2000,4038.6000,4038.4000,4041.0000,4042.0000,4042.4000,4042.8000,4043.0000,3,1,2,2,3,1,1,1,2,1
SF,IF2006,2020-02-19 09:39:46.900,4041.0000,24552,-1,624040200.000,1,0,1,双平,S,4041.2000,4040.0000,4039.4000,4039.2000,4038.6000,4042.0000,4042.4000,4042.8000,4043.0000,4043.8000,1,3,1,2,2,1,1,2,1,1
SF,IF2006,2020-02-19 09:39:47.400,4041.2000,24551,-1,625252560.000,1,0,1,双平,S,4040.0000,4039.4000,4039.2000,4038.6000,4038.4000,4041.8000,4042.0000,4042.4000,4042.8000,4043.0000,2,1,2,2,3,1,1,1,2,1
SF,IF2006,2020-02-19 09:39:49.400,4041.2000,24551,0,625252560.000,0,-,-,-,-,4040.0000,4039.4000,4039.2000,4038.6000,4038.4000,4041.4000,4041.8000,4042.0000,4042.4000,4042.8000,2,1,2,2,3,1,1,1,1,2
SF,IF2006,2020-02-19 09:39:49.900,4041.2000,24551,0,625252560.000,0,-,-,-,-,4040.0000,4039.4000,4039.2000,4038.6000,4038.4000,4041.2000,4041.4000,4042.0000,4042.4000,4042.8000,2,1,2,2,3,1,1,1,1,2
SF,IF2006,2020-02-19 09:39:50.400,4041.2000,24551,0,625252560.000,0,-,-,-,-,4040.0000,4039.4000,4039.2000,4038.6000,4038.4000,4041.2000,4042.0000,4042.4000,4042.8000,4043.0000,3,1,2,2,2,1,2,1,2,1
SF,IF2006,2020-02-19 09:39:50.900,4041.2000,24551,0,625252560.000,0,-,-,-,-,4040.0000,4039.4000,4039.2000,4038.6000,4038.4000,4041.2000,4042.0000,4042.4000,4042.8000,4043.0000,2,1,2,2,2,1,2,1,2,1
SF,IF2006,2020-02-19 09:39:51.400,4041.2000,24551,0,625252560.000,0,-,-,-,-,4040.0000,4039.4000,4039.2000,4038.6000,4038.4000,4041.0000,4041.2000,4042.0000,4042.4000,4042.8000,2,1,2,2,2,1,1,2,1,2
SF,IF2006,2020-02-19 09:39:51.900,4041.2000,24550,-1,626464920.000,1,0,1,双平,S,4040.0000,4039.4000,4039.2000,4038.6000,4038.4000,4041.0000,4042.0000,4042.4000,4042.8000,4043.0000,2,1,2,2,2,1,2,1,2,1
SF,IF2006,2020-02-19 09:39:52.900,4041.2000,24550,0,626464920.000,0,-,-,-,-,4040.0000,4039.4000,4039.2000,4038.6000,4038.4000,4041.0000,4042.0000,4042.4000,4042.8000,4043.0000,1,1,2,2,2,1,2,1,2,1
SF,IF2006,2020-02-19 09:39:53.400,4040.8000,24550,0,628889160.000,2,1,1,多换,S,4038.6000,4038.4000,4038.2000,4038.0000,4037.2000,4040.8000,4042.0000,4042.4000,4042.8000,4043.0000,2,1,1,1,1,4,2,1,2,1
SF,IF2006,2020-02-19 09:39:53.900,4040.8000,24550,0,628889160.000,0,-,-,-,-,4038.6000,4038.4000,4038.2000,4038.0000,4037.2000,4040.8000,4042.0000,4042.4000,4042.8000,4043.0000,2,2,1,1,1,1,2,1,2,1
SF,IF2006,2020-02-19 09:39:54.400,4040.8000,24550,0,628889160.000,0,-,-,-,-,4039.4000,4039.2000,4038.6000,4038.4000,4038.2000,4042.0000,4042.4000,4042.8000,4043.0000,4043.8000,1,4,3,2,1,2,1,2,1,1
SF,IF2006,2020-02-19 09:39:54.900,4040.8000,24550,0,628889160.000,0,-,-,-,-,4039.4000,4039.2000,4038.6000,4038.4000,4038.2000,4041.4000,4041.6000,4041.8000,4042.0000,4042.4000,1,2,3,2,1,1,1,1,2,1
SF,IF2006,2020-02-19 09:39:55.400,4040.8000,24550,0,628889160.000,0,-,-,-,-,4040.0000,4038.6000,4038.4000,4038.2000,4038.0000,4041.2000,4041.4000,4042.0000,4042.4000,4042.8000,1,3,1,1,1,5,1,2,1,2
SF,IF2006,2020-02-19 09:39:55.900,4040.0000,24549,-1,630101160.000,1,0,1,双平,S,4038.6000,4038.4000,4038.2000,4038.0000,4037.2000,4041.0000,4041.2000,4042.0000,4042.4000,4042.8000,3,1,1,1,1,2,1,2,1,2
SF,IF2006,2020-02-19 09:39:56.400,4040.0000,24549,0,630101160.000,0,-,-,-,-,4038.6000,4038.4000,4038.2000,4038.0000,4037.2000,4040.6000,4040.8000,4042.0000,4042.4000,4042.8000,3,1,1,1,1,3,1,2,1,2
SF,IF2006,2020-02-19 09:39:56.900,4040.0000,24549,0,630101160.000,0,-,-,-,-,4038.6000,4038.4000,4038.2000,4038.0000,4037.2000,4040.4000,4040.6000,4042.0000,4042.4000,4042.8000,3,1,1,1,1,1,1,2,1,2
SF,IF2006,2020-02-19 09:39:57.400,4040.0000,24549,0,630101160.000,0,-,-,-,-,4038.6000,4038.4000,4038.2000,4038.0000,4037.2000,4040.0000,4040.4000,4040.6000,4042.0000,4042.4000,3,1,1,1,1,1,1,1,2,1
SF,IF2006,2020-02-19 09:39:57.900,4040.0000,24549,0,630101160.000,0,-,-,-,-,4038.6000,4038.4000,4038.2000,4038.0000,4037.2000,4040.4000,4040.6000,4042.0000,4042.4000,4042.8000,3,1,1,1,1,1,1,2,1,2
SF,IF2006,2020-02-19 09:39:58.400,4040.0000,24549,0,630101160.000,0,-,-,-,-,4038.6000,4038.4000,4038.2000,4038.0000,4037.2000,4040.0000,4040.4000,4040.6000,4042.0000,4042.4000,3,1,1,1,1,1,1,1,2,1
SF,IF2006,2020-02-19 09:39:58.900,4040.0000,24549,0,630101160.000,0,-,-,-,-,4038.8000,4038.6000,4038.4000,4038.2000,4038.0000,4040.0000,4040.4000,4040.6000,4042.0000,4042.4000,1,3,1,1,1,1,1,1,2,1
SF,IF2006,2020-02-19 09:39:59.400,4040.0000,24549,0,630101160.000,0,-,-,-,-,4039.0000,4038.8000,4038.6000,4038.4000,4038.2000,4040.4000,4040.6000,4042.0000,4042.4000,4042.8000,1,1,2,1,1,1,1,2,1,2
SF,IF2006,2020-02-19 09:39:59.900,4040.0000,24549,0,630101160.000,0,-,-,-,-,4040.0000,4039.0000,4038.8000,4038.6000,4038.4000,4040.4000,4040.6000,4042.0000,4042.4000,4042.8000,1,1,1,2,1,1,1,2,1,2
SF,IF2006,2020-02-19 09:40:00.400,4040.0000,24549,0,631313160.000,1,0,1,多换,S,4039.0000,4038.8000,4038.6000,4038.4000,4038.2000,4040.4000,4040.6000,4042.0000,4042.4000,4042.8000,1,1,2,1,1,1,1,2,1,2
SF,IF2006,2020-02-19 09:40:00.900,4039.0000,24548,-1,632524860.000,1,0,1,双平,S,4038.8000,4038.6000,4038.4000,4038.2000,4038.0000,4040.4000,4040.6000,4042.0000,4042.4000,4042.8000,1,2,1,1,1,1,1,2,1,2
SF,IF2006,2020-02-19 09:40:01.400,4039.0000,24548,0,632524860.000,0,-,-,-,-,4038.8000,4038.6000,4038.4000,4038.2000,4038.0000,4040.2000,4040.4000,4042.0000,4042.4000,4042.8000,1,2,1,1,1,2,1,12,1,2
SF,IF2006,2020-02-19 09:40:01.900,4039.0000,24548,0,632524860.000,0,-,-,-,-,4038.8000,4038.6000,4038.2000,4038.0000,4037.2000,4039.8000,4040.0000,4042.0000,4042.4000,4042.8000,1,1,1,1,1,2,2,17,1,2
SF,IF2006,2020-02-19 09:40:02.400,4039.0000,24548,0,632524860.000,0,-,-,-,-,4038.8000,4038.6000,4038.2000,4038.0000,4037.2000,4039.6000,4040.0000,4042.0000,4042.4000,4042.8000,1,1,1,1,1,1,1,17,1,2
SF,IF2006,2020-02-19 09:40:02.900,4039.0000,24548,0,632524860.000,0,-,-,-,-,4038.8000,4038.6000,4038.2000,4038.0000,4037.2000,4039.6000,4040.0000,4042.0000,4042.4000,4042.8000,1,1,1,1,1,1,1,17,1,2
SF,IF2006,2020-02-19 09:40:05.400,4038.8000,24549,1,633736500.000,1,1,0,双开,S,4038.6000,4038.0000,4037.2000,4037.0000,4036.0000,4039.6000,4040.0000,4042.0000,4042.4000,4042.8000,1,1,1,3,1,1,1,17,1,2
SF,IF2006,2020-02-19 09:40:05.900,4038.8000,24549,0,633736500.000,0,-,-,-,-,4038.6000,4038.0000,4037.2000,4037.0000,4036.0000,4039.4000,4039.6000,4040.0000,4042.0000,4042.4000,1,1,1,2,1,2,1,1,17,1
SF,IF2006,2020-02-19 09:40:06.400,4038.8000,24549,0,633736500.000,0,-,-,-,-,4038.6000,4038.0000,4037.2000,4037.0000,4036.0000,4039.2000,4042.0000,4042.4000,4042.8000,4043.0000,1,1,1,2,1,1,17,1,2,1
SF,IF2006,2020-02-19 09:40:06.900,4038.6000,24549,0,634948080.000,1,0,1,多换,S,4038.0000,4037.2000,4037.0000,4036.0000,4035.8000,4039.0000,4039.2000,4042.0000,4042.4000,4042.8000,1,1,2,1,3,1,1,17,1,2
SF,IF2006,2020-02-19 09:40:07.400,4038.0000,24549,0,636159480.000,1,0,1,多换,S,4037.2000,4037.0000,4036.0000,4035.8000,4035.0000,4038.8000,4039.0000,4042.0000,4042.4000,4042.8000,1,2,1,3,1,2,1,17,1,2
SF,IF2006,2020-02-19 09:40:07.900,4038.0000,24549,0,636159480.000,0,-,-,-,-,4037.2000,4037.0000,4036.0000,4035.8000,4035.0000,4038.6000,4042.0000,4042.4000,4042.8000,4043.0000,1,2,1,3,1,3,17,1,2,1
SF,IF2006,2020-02-19 09:40:08.400,4038.0000,24549,0,636159480.000,0,-,-,-,-,4037.4000,4037.2000,4037.0000,4036.0000,4035.8000,4038.2000,4038.4000,4038.6000,4042.0000,4042.4000,1,1,2,1,3,2,1,1,17,1
SF,IF2006,2020-02-19 09:40:08.900,4038.0000,24549,0,636159480.000,0,-,-,-,-,4037.4000,4037.2000,4037.0000,4036.0000,4035.8000,4038.6000,4042.0000,4042.4000,4042.8000,4043.0000,1,1,2,1,3,1,17,1,2,1
SF,IF2006,2020-02-19 09:40:09.400,4038.4000,24549,0,637371000.000,1,0,1,多换,S,4037.4000,4037.2000,4037.0000,4036.0000,4035.8000,4038.4000,4038.6000,4042.0000,4042.4000,4042.8000,1,1,2,1,3,2,1,17,1,2
SF,IF2006,2020-02-19 09:40:09.900,4038.4000,24549,0,637371000.000,0,-,-,-,-,4037.2000,4037.0000,4036.0000,4035.8000,4035.0000,4038.2000,4038.4000,4038.6000,4042.0000,4042.4000,1,2,1,3,1,2,1,2,17,1
SF,IF2006,2020-02-19 09:40:10.400,4038.4000,24549,0,637371000.000,0,-,-,-,-,4037.2000,4037.0000,4036.0000,4035.8000,4035.0000,4038.0000,4038.2000,4038.6000,4042.0000,4042.4000,1,2,1,3,1,1,1,2,17,1
SF,IF2006,2020-02-19 09:40:10.900,4038.4000,24549,0,637371000.000,0,-,-,-,-,4037.2000,4037.0000,4036.0000,4035.8000,4035.0000,4037.8000,4038.2000,4038.6000,4042.0000,4042.4000,1,2,1,3,1,1,1,2,17,1
SF,IF2006,2020-02-19 09:40:11.400,4038.4000,24549,0,637371000.000,0,-,-,-,-,4037.2000,4037.0000,4036.0000,4035.0000,4034.2000,4037.8000,4038.2000,4038.6000,4042.0000,4042.4000,1,2,1,1,3,1,1,2,17,1
SF,IF2006,2020-02-19 09:40:11.900,4037.2000,24548,-1,638582160.000,1,0,1,双平,S,4037.0000,4036.0000,4035.0000,4034.8000,4034.2000,4037.8000,4038.2000,4038.6000,4042.0000,4042.4000,2,1,1,1,3,1,1,2,17,1
SF,IF2006,2020-02-19 09:40:12.400,4037.0000,24546,-2,641004360.000,2,0,2,双平,S,4036.0000,4035.0000,4034.8000,4034.2000,4034.0000,4037.6000,4037.8000,4038.6000,4042.0000,4042.4000,1,1,1,3,1,1,1,2,17,1
SF,IF2006,2020-02-19 09:40:12.900,4037.0000,24546,0,641004360.000,0,-,-,-,-,4036.2000,4036.0000,4035.8000,4035.0000,4034.8000,4037.8000,4038.6000,4042.0000,4042.4000,4042.8000,2,2,1,1,1,1,2,17,1,2
SF,IF2006,2020-02-19 09:40:13.400,4037.0000,24546,0,641004360.000,0,-,-,-,-,4036.2000,4036.0000,4035.0000,4034.8000,4034.2000,4037.6000,4037.8000,4038.6000,4041.2000,4042.0000,1,1,1,1,3,2,1,2,10,17
SF,IF2006,2020-02-19 09:40:13.900,4037.4000,24545,-1,642215580.000,1,0,1,双平,S,4036.2000,4036.0000,4035.0000,4034.8000,4034.2000,4037.6000,4038.6000,4041.2000,4042.0000,4042.4000,1,1,1,1,3,1,2,10,17,1
SF,IF2006,2020-02-19 09:40:14.400,4037.4000,24545,0,642215580.000,0,-,-,-,-,4036.6000,4036.2000,4036.0000,4035.0000,4034.8000,4038.6000,4041.2000,4042.0000,4042.4000,4042.8000,1,1,1,1,1,2,10,17,1,2
SF,IF2006,2020-02-19 09:40:14.900,4037.4000,24545,0,642215580.000,0,-,-,-,-,4036.8000,4036.2000,4036.0000,4035.0000,4034.8000,4038.0000,4038.4000,4038.6000,4041.2000,4042.0000,2,1,1,1,1,1,1,2,10,17
SF,IF2006,2020-02-19 09:40:15.400,4037.4000,24545,0,642215580.000,0,-,-,-,-,4036.2000,4036.0000,4035.0000,4034.8000,4034.2000,4038.0000,4038.4000,4038.6000,4041.2000,4042.0000,1,1,1,1,3,1,1,2,10,17
SF,IF2006,2020-02-19 09:40:15.900,4037.4000,24545,0,642215580.000,0,-,-,-,-,4036.4000,4036.2000,4036.0000,4035.0000,4034.8000,4037.8000,4038.0000,4038.6000,4041.2000,4042.0000,1,1,1,1,1,1,1,2,10,17
SF,IF2006,2020-02-19 09:40:16.400,4037.4000,24545,0,642215580.000,0,-,-,-,-,4036.6000,4036.4000,4036.0000,4035.0000,4034.8000,4038.6000,4041.2000,4042.0000,4042.4000,4042.8000,1,1,1,1,1,2,10,17,1,2
SF,IF2006,2020-02-19 09:40:16.900,4037.4000,24545,0,642215580.000,0,-,-,-,-,4036.6000,4036.4000,4036.0000,4035.0000,4034.8000,4038.4000,4038.6000,4041.2000,4042.0000,4042.4000,1,1,1,1,1,3,2,10,17,1
SF,IF2006,2020-02-19 09:40:17.400,4037.4000,24545,0,642215580.000,0,-,-,-,-,4037.0000,4036.4000,4036.0000,4035.0000,4034.2000,4038.4000,4038.6000,4041.2000,4042.0000,4042.4000,1,1,1,1,3,3,2,10,17,1
SF,IF2006,2020-02-19 09:40:17.900,4037.4000,24545,0,642215580.000,0,-,-,-,-,4037.0000,4036.4000,4036.0000,4035.0000,4034.2000,4038.4000,4038.6000,4041.2000,4042.0000,4042.4000,1,1,1,1,3,3,2,10,17,1
SF,IF2006,2020-02-19 09:40:18.400,4037.4000,24545,0,642215580.000,0,-,-,-,-,4037.8000,4036.0000,4035.0000,4034.2000,4034.0000,4038.4000,4038.6000,4041.2000,4042.0000,4042.4000,1,1,1,3,1,3,2,10,17,1
SF,IF2006,2020-02-19 09:40:18.900,4037.8000,24544,-1,643426920.000,1,0,1,双平,S,4036.0000,4035.0000,4034.2000,4034.0000,4033.2000,4038.4000,4038.6000,4041.2000,4042.0000,4042.4000,1,1,3,1,3,2,2,10,17,1
SF,IF2006,2020-02-19 09:40:19.400,4037.8000,24544,0,643426920.000,0,-,-,-,-,4036.4000,4036.2000,4036.0000,4035.8000,4035.0000,4037.0000,4038.4000,4038.6000,4041.2000,4042.0000,1,1,2,2,1,1,2,2,10,17
SF,IF2006,2020-02-19 09:40:19.900,4037.0000,24543,-1,644638020.000,1,0,1,双平,S,4037.0000,4036.6000,4036.0000,4035.8000,4035.0000,4038.4000,4038.6000,4041.2000,4042.0000,4042.4000,1,1,2,2,1,2,2,10,17,1
SF,IF2006,2020-02-19 09:40:20.400,4037.0000,24543,0,644638020.000,0,-,-,-,-,4037.2000,4037.0000,4036.6000,4036.0000,4035.8000,4038.4000,4038.6000,4041.2000,4042.0000,4042.4000,1,1,1,2,1,2,2,10,17,1
SF,IF2006,2020-02-19 09:40:20.900,4037.0000,24543,0,644638020.000,0,-,-,-,-,4037.2000,4037.0000,4036.6000,4036.0000,4035.8000,4038.2000,4038.4000,4038.6000,4041.2000,4042.0000,1,1,1,2,1,1,2,2,10,17
SF,IF2006,2020-02-19 09:40:21.400,4037.0000,24543,0,644638020.000,0,-,-,-,-,4037.2000,4037.0000,4036.6000,4036.0000,4035.8000,4038.2000,4038.4000,4038.6000,4041.2000,4042.0000,1,2,1,2,1,1,2,2,10,17
SF,IF2006,2020-02-19 09:40:21.900,4038.2000,24543,0,645849480.000,1,0,1,多换,S,4037.2000,4037.0000,4036.6000,4036.0000,4035.8000,4038.4000,4038.6000,4041.2000,4042.0000,4042.4000,1,2,1,2,1,1,2,10,17,1
SF,IF2006,2020-02-19 09:40:22.400,4037.2000,24542,-1,647060640.000,1,0,1,双平,S,4037.0000,4036.6000,4036.0000,4035.8000,4035.0000,4038.4000,4038.6000,4041.2000,4042.0000,4042.4000,1,1,2,1,1,1,2,10,17,1
SF,IF2006,2020-02-19 09:40:22.900,4037.2000,24542,0,647060640.000,0,-,-,-,-,4036.6000,4036.0000,4035.8000,4035.0000,4034.2000,4037.2000,4038.4000,4038.6000,4041.2000,4042.0000,1,2,1,1,3,1,1,2,10,17
SF,IF2006,2020-02-19 09:40:23.400,4037.2000,24541,-1,648271800.000,1,0,1,双平,S,4036.6000,4036.0000,4035.8000,4035.0000,4034.2000,4038.4000,4038.6000,4041.2000,4042.0000,4042.4000,1,2,1,1,3,1,2,10,17,1
SF,IF2006,2020-02-19 09:40:23.900,4036.6000,24540,-1,649482780.000,1,0,1,双平,S,4036.0000,4035.0000,4034.2000,4034.0000,4033.2000,4038.0000,4038.4000,4038.6000,4041.2000,4042.0000,2,1,3,1,3,1,1,2,10,17
SF,IF2006,2020-02-19 09:40:24.400,4036.6000,24540,0,649482780.000,0,-,-,-,-,4036.0000,4035.0000,4034.2000,4034.0000,4033.2000,4037.8000,4038.0000,4038.6000,4041.2000,4042.0000,1,1,3,1,3,3,1,2,10,17
SF,IF2006,2020-02-19 09:40:24.900,4036.6000,24540,0,649482780.000,0,-,-,-,-,4036.0000,4035.0000,4034.2000,4034.0000,4033.2000,4037.6000,4037.8000,4038.6000,4041.2000,4042.0000,1,1,3,1,3,2,2,2,10,17
SF,IF2006,2020-02-19 09:40:25.400,4036.6000,24540,0,649482780.000,0,-,-,-,-,4036.0000,4035.0000,4034.2000,4034.0000,4033.2000,4037.0000,4037.4000,4037.8000,4038.6000,4041.2000,1,1,3,1,3,1,1,1,2,10
SF,IF2006,2020-02-19 09:40:25.900,4036.6000,24540,0,649482780.000,0,-,-,-,-,4036.0000,4035.0000,4034.2000,4034.0000,4033.2000,4036.8000,4037.0000,4037.8000,4038.6000,4041.2000,1,1,3,1,3,1,1,1,2,10
SF,IF2006,2020-02-19 09:40:26.400,4036.0000,24539,-1,650693580.000,1,0,1,双平,S,4035.0000,4034.0000,4033.2000,4032.6000,4032.2000,4037.0000,4037.8000,4038.6000,4041.2000,4042.0000,1,1,3,3,2,1,1,2,10,17
SF,IF2006,2020-02-19 09:40:26.900,4036.0000,24539,0,650693580.000,0,-,-,-,-,4035.2000,4035.0000,4034.0000,4033.2000,4032.6000,4036.6000,4036.8000,4037.0000,4037.8000,4038.6000,1,2,1,3,6,4,2,1,1,2
SF,IF2006,2020-02-19 09:40:27.400,4036.0000,24539,0,650693580.000,0,-,-,-,-,4035.0000,4034.0000,4033.2000,4032.6000,4032.2000,4036.4000,4036.6000,4036.8000,4037.8000,4041.2000,1,1,3,6,2,1,4,2,1,10
SF,IF2006,2020-02-19 09:40:27.900,4036.0000,24539,0,650693580.000,0,-,-,-,-,4035.0000,4034.0000,4033.2000,4032.6000,4032.2000,4036.0000,4036.2000,4036.4000,4037.8000,4041.2000,1,1,3,6,2,1,2,5,1,10
SF,IF2006,2020-02-19 09:40:28.400,4036.0000,24539,0,650693580.000,0,-,-,-,-,4035.0000,4034.0000,4033.2000,4032.6000,4032.2000,4036.0000,4036.2000,4036.4000,4037.8000,4041.2000,2,1,3,6,2,1,2,4,1,10
SF,IF2006,2020-02-19 09:40:28.900,4036.0000,24539,0,650693580.000,0,-,-,-,-,4035.2000,4035.0000,4034.0000,4033.2000,4032.6000,4036.0000,4037.8000,4041.2000,4042.0000,4042.4000,1,2,1,3,6,1,1,10,17,1
SF,IF2006,2020-02-19 09:40:29.400,4036.0000,24538,-1,651904380.000,1,0,1,双平,S,4035.0000,4034.0000,4033.2000,4032.6000,4032.2000,4037.8000,4041.2000,4042.0000,4042.4000,4042.8000,2,1,3,6,2,1,10,17,1,2
SF,IF2006,2020-02-19 09:40:29.900,4035.0000,24538,0,653114880.000,1,0,1,多换,S,4035.0000,4034.0000,4033.2000,4032.6000,4032.2000,4037.6000,4037.8000,4038.0000,4040.0000,4041.2000,1,1,3,6,2,5,1,1,1,10
SF,IF2006,2020-02-19 09:40:30.400,4035.0000,24538,0,653114880.000,0,-,-,-,-,4035.0000,4034.0000,4033.2000,4032.6000,4032.2000,4037.4000,4037.6000,4038.0000,4040.0000,4041.2000,1,1,3,3,2,1,5,1,1,10
SF,IF2006,2020-02-19 09:40:30.900,4035.0000,24538,0,653114880.000,0,-,-,-,-,4035.0000,4034.0000,4033.2000,4032.6000,4032.2000,4037.2000,4037.4000,4037.6000,4038.0000,4040.0000,1,1,3,3,2,3,1,2,1,1
SF,IF2006,2020-02-19 09:40:31.400,4035.0000,24538,0,653114880.000,0,-,-,-,-,4035.2000,4035.0000,4034.0000,4033.2000,4032.6000,4036.8000,4037.0000,4037.2000,4037.6000,4038.0000,1,1,1,3,3,1,1,3,1,1
SF,IF2006,2020-02-19 09:40:31.900,4035.0000,24538,0,653114880.000,0,-,-,-,-,4035.2000,4035.0000,4034.0000,4033.2000,4032.6000,4036.6000,4036.8000,4037.6000,4038.0000,4040.0000,1,1,1,3,3,5,1,1,1,1
SF,IF2006,2020-02-19 09:40:32.400,4035.0000,24538,0,653114880.000,0,-,-,-,-,4035.2000,4035.0000,4034.0000,4033.2000,4032.6000,4036.4000,4036.6000,4037.6000,4038.0000,4040.0000,1,1,1,3,3,1,2,1,1,1
SF,IF2006,2020-02-19 09:40:32.900,4035.0000,24538,0,653114880.000,0,-,-,-,-,4035.0000,4034.0000,4033.2000,4032.6000,4032.2000,4036.2000,4036.4000,4036.6000,4037.6000,4038.0000,1,1,3,3,2,1,1,1,1,1
SF,IF2006,2020-02-19 09:40:33.400,4035.0000,24538,0,653114880.000,0,-,-,-,-,4035.0000,4034.0000,4033.2000,4032.6000,4032.2000,4036.0000,4036.2000,4036.4000,4037.6000,4038.0000,1,1,3,3,2,2,1,1,1,1
SF,IF2006,2020-02-19 09:40:33.900,4035.0000,24538,0,653114880.000,0,-,-,-,-,4035.2000,4035.0000,4034.0000,4033.2000,4032.6000,4036.4000,4037.6000,4038.0000,4040.0000,4041.2000,1,2,1,3,3,1,1,1,1,10
SF,IF2006,2020-02-19 09:40:34.400,4035.0000,24538,0,653114880.000,0,-,-,-,-,4035.0000,4034.0000,4033.2000,4032.6000,4032.2000,4037.6000,4038.0000,4040.0000,4041.2000,4042.0000,2,1,3,3,2,1,1,1,10,17
SF,IF2006,2020-02-19 09:40:34.900,4035.0000,24538,0,653114880.000,0,-,-,-,-,4035.2000,4035.0000,4034.0000,4033.2000,4032.6000,4037.0000,4037.4000,4037.6000,4038.0000,4040.0000,2,2,1,3,3,1,4,1,1,1
SF,IF2006,2020-02-19 09:40:35.400,4035.0000,24538,0,653114880.000,0,-,-,-,-,4035.2000,4035.0000,4034.0000,4033.2000,4032.6000,4036.8000,4037.0000,4037.4000,4037.6000,4038.0000,3,2,1,3,3,1,1,3,1,1
SF,IF2006,2020-02-19 09:40:35.900,4035.2000,24538,0,654325440.000,1,0,1,多换,S,4035.4000,4035.2000,4035.0000,4034.0000,4033.2000,4037.0000,4037.4000,4037.6000,4038.0000,4040.0000,1,3,2,1,3,1,3,1,1,1
SF,IF2006,2020-02-19 09:40:36.400,4035.2000,24538,0,654325440.000,0,-,-,-,-,4035.2000,4035.0000,4034.0000,4033.2000,4032.6000,4036.8000,4037.0000,4037.4000,4037.6000,4038.0000,3,2,1,3,3,2,1,2,1,1
SF,IF2006,2020-02-19 09:40:36.900,4036.8000,24537,-1,655536480.000,1,0,1,双平,S,4035.6000,4035.4000,4035.2000,4035.0000,4034.0000,4037.4000,4037.6000,4038.0000,4040.0000,4041.2000,1,1,2,3,1,2,1,1,1,10
SF,IF2006,2020-02-19 09:40:37.400,4036.8000,24537,0,655536480.000,0,-,-,-,-,4036.0000,4035.8000,4035.0000,4034.0000,4033.2000,4038.0000,4040.0000,4041.2000,4042.0000,4042.4000,2,1,3,1,3,1,2,10,17,1
SF,IF2006,2020-02-19 09:40:37.900,4036.8000,24537,0,655536480.000,0,-,-,-,-,4036.4000,4036.2000,4036.0000,4035.8000,4035.6000,4036.6000,4038.0000,4040.0000,4041.2000,4042.0000,1,1,1,1,1,1,1,2,10,17
SF,IF2006,2020-02-19 09:40:38.400,4036.6000,24537,0,656747460.000,1,0,1,多换,S,4036.2000,4036.0000,4035.8000,4035.6000,4035.0000,4038.0000,4040.0000,4041.2000,4042.0000,4042.4000,1,1,1,1,3,1,2,10,17,1
SF,IF2006,2020-02-19 09:40:38.900,4036.6000,24537,0,656747460.000,0,-,-,-,-,4036.8000,4035.0000,4034.0000,4033.2000,4032.6000,4037.2000,4037.6000,4037.8000,4038.0000,4040.0000,1,3,1,3,3,1,2,4,1,2
SF,IF2006,2020-02-19 09:40:39.400,4036.8000,24536,-1,657958500.000,1,0,1,双平,S,4035.0000,4034.0000,4033.2000,4032.6000,4032.2000,4036.8000,4037.0000,4037.6000,4037.8000,4038.0000,3,1,3,3,2,1,1,1,3,1
SF,IF2006,2020-02-19 09:40:39.900,4036.8000,24536,0,657958500.000,0,-,-,-,-,4035.2000,4035.0000,4034.0000,4033.2000,4032.6000,4036.6000,4036.8000,4037.6000,4038.0000,4040.0000,1,2,1,3,3,4,2,1,1,2
SF,IF2006,2020-02-19 09:40:40.400,4036.8000,24536,0,657958500.000,0,-,-,-,-,4035.2000,4035.0000,4034.0000,4033.2000,4032.6000,4036.2000,4036.4000,4036.6000,4036.8000,4037.6000,1,2,1,3,3,1,1,1,2,1
SF,IF2006,2020-02-19 09:40:40.900,4036.8000,24536,0,657958500.000,0,-,-,-,-,4035.2000,4035.0000,4034.0000,4033.2000,4032.6000,4036.2000,4036.4000,4036.6000,4036.8000,4037.6000,1,2,1,3,3,1,1,1,1,1
SF,IF2006,2020-02-19 09:40:41.400,4036.8000,24536,0,657958500.000,0,-,-,-,-,4035.2000,4035.0000,4034.0000,4033.2000,4032.6000,4036.8000,4037.6000,4038.0000,4040.0000,4041.2000,1,2,1,3,3,1,1,1,2,10
SF,IF2006,2020-02-19 09:40:41.900,4036.8000,24536,0,657958500.000,0,-,-,-,-,4035.4000,4035.2000,4035.0000,4034.0000,4033.2000,4036.6000,4036.8000,4037.6000,4038.0000,4040.0000,1,1,2,1,3,1,1,1,1,2
SF,IF2006,2020-02-19 09:40:42.400,4035.6000,24537,1,660379860.000,2,1,1,空开,S,4036.2000,4035.4000,4035.0000,4034.0000,4033.2000,4036.8000,4037.6000,4038.0000,4040.0000,4041.2000,2,1,2,1,3,1,1,1,2,10
SF,IF2006,2020-02-19 09:40:42.900,4035.6000,24537,0,660379860.000,0,-,-,-,-,4036.2000,4035.0000,4034.0000,4033.2000,4032.6000,4036.8000,4037.6000,4038.0000,4040.0000,4041.2000,2,2,1,3,3,1,1,1,2,10
SF,IF2006,2020-02-19 09:40:43.400,4035.6000,24537,0,660379860.000,0,-,-,-,-,4036.2000,4035.0000,4034.0000,4033.2000,4032.6000,4036.8000,4037.6000,4038.0000,4040.0000,4041.2000,2,2,1,3,3,1,1,1,2,10
SF,IF2006,2020-02-19 09:40:45.400,4036.2000,24537,0,662801580.000,2,1,1,多换,S,4035.0000,4034.0000,4033.2000,4032.6000,4032.2000,4036.8000,4037.6000,4038.0000,4040.0000,4041.2000,2,1,3,3,2,1,1,1,2,10
SF,IF2006,2020-02-19 09:40:45.900,4036.2000,24537,0,662801580.000,0,-,-,-,-,4035.2000,4035.0000,4034.0000,4033.2000,4032.6000,4036.4000,4036.6000,4036.8000,4037.6000,4038.0000,1,2,1,3,3,1,1,2,1,1
SF,IF2006,2020-02-19 09:40:46.400,4036.2000,24537,0,662801580.000,0,-,-,-,-,4035.2000,4035.0000,4034.0000,4033.2000,4032.6000,4036.2000,4036.8000,4037.6000,4038.0000,4040.0000,1,2,1,3,3,3,2,1,1,2
SF,IF2006,2020-02-19 09:40:46.900,4036.2000,24537,0,662801580.000,0,-,-,-,-,4035.0000,4034.0000,4033.2000,4032.6000,4032.2000,4036.2000,4036.8000,4037.6000,4038.0000,4040.0000,2,1,3,3,2,3,2,1,1,2
SF,IF2006,2020-02-19 09:40:47.400,4035.0000,24537,0,664012080.000,1,0,1,多换,S,4035.0000,4034.0000,4033.2000,4032.6000,4032.2000,4036.0000,4036.2000,4036.8000,4037.6000,4038.0000,1,1,3,3,2,2,1,2,1,1
SF,IF2006,2020-02-19 09:40:47.900,4035.0000,24537,0,665222580.000,1,0,1,多换,S,4034.0000,4033.2000,4032.6000,4032.2000,4031.2000,4035.8000,4036.2000,4036.8000,4037.4000,4037.6000,1,3,3,2,2,2,1,2,1,1
SF,IF2006,2020-02-19 09:40:48.400,4034.2000,24536,-1,666432840.000,1,0,1,双平,S,4034.2000,4034.0000,4033.2000,4032.2000,4031.2000,4036.2000,4036.8000,4037.4000,4037.6000,4038.0000,1,2,3,2,2,1,2,1,1,1
SF,IF2006,2020-02-19 09:40:48.900,4034.2000,24535,-1,667643100.000,1,0,1,双平,S,4034.0000,4033.2000,4032.2000,4031.2000,4031.0000,4036.8000,4037.4000,4037.6000,4038.0000,4040.0000,2,3,2,2,1,2,1,1,1,2
SF,IF2006,2020-02-19 09:40:49.400,4034.2000,24535,0,667643100.000,0,-,-,-,-,4034.4000,4034.2000,4034.0000,4033.2000,4032.2000,4036.6000,4036.8000,4037.4000,4037.6000,4038.0000,3,2,3,3,2,1,2,1,1,1
SF,IF2006,2020-02-19 09:40:49.900,4034.2000,24535,0,667643100.000,0,-,-,-,-,4034.4000,4034.2000,4034.0000,4033.2000,4032.2000,4036.0000,4036.2000,4036.4000,4036.8000,4037.4000,3,1,3,3,2,1,2,4,2,1
SF,IF2006,2020-02-19 09:40:50.400,4034.4000,24534,-1,668853420.000,1,0,1,双平,S,4034.4000,4034.0000,4033.2000,4032.2000,4031.2000,4035.8000,4036.0000,4036.4000,4036.8000,4037.4000,2,3,3,2,2,2,1,2,2,1
SF,IF2006,2020-02-19 09:40:50.900,4034.4000,24534,0,668853420.000,0,-,-,-,-,4034.8000,4034.0000,4033.2000,4032.2000,4031.2000,4035.8000,4036.0000,4036.4000,4036.8000,4037.4000,1,2,3,2,2,1,1,2,2,1
SF,IF2006,2020-02-19 09:40:51.400,4034.4000,24534,0,668853420.000,0,-,-,-,-,4034.8000,4034.0000,4033.2000,4032.2000,4031.2000,4035.6000,4035.8000,4036.0000,4036.4000,4036.8000,1,2,3,2,2,1,1,1,2,2
SF,IF2006,2020-02-19 09:40:51.900,4034.4000,24534,0,668853420.000,0,-,-,-,-,4034.0000,4033.2000,4032.2000,4031.2000,4031.0000,4036.4000,4036.8000,4037.4000,4037.6000,4038.0000,2,3,2,2,1,2,2,1,1,1
SF,IF2006,2020-02-19 09:40:52.400,4034.4000,24534,0,668853420.000,0,-,-,-,-,4034.8000,4034.2000,4034.0000,4033.2000,4032.2000,4036.2000,4036.8000,4037.4000,4037.6000,4038.0000,2,3,3,3,2,1,2,1,1,1
SF,IF2006,2020-02-19 09:40:52.900,4034.4000,24534,0,668853420.000,0,-,-,-,-,4034.8000,4034.2000,4034.0000,4033.2000,4032.2000,4036.0000,4036.2000,4036.8000,4037.4000,4037.6000,2,3,3,3,2,1,1,2,1,1
SF,IF2006,2020-02-19 09:40:53.400,4034.4000,24534,0,668853420.000,0,-,-,-,-,4034.8000,4034.2000,4034.0000,4033.2000,4032.2000,4036.0000,4036.2000,4036.8000,4037.4000,4037.6000,2,2,3,3,2,1,1,2,1,1
SF,IF2006,2020-02-19 09:40:54.400,4034.4000,24534,0,668853420.000,0,-,-,-,-,4034.8000,4034.2000,4034.0000,4033.2000,4032.2000,4036.0000,4036.2000,4036.8000,4037.4000,4037.6000,2,2,3,3,2,1,1,2,1,1
SF,IF2006,2020-02-19 09:40:54.900,4034.4000,24534,0,668853420.000,0,-,-,-,-,4034.8000,4034.2000,4034.0000,4033.2000,4032.2000,4036.0000,4036.2000,4036.8000,4037.4000,4037.6000,2,1,3,3,2,1,1,2,1,1
SF,IF2006,2020-02-19 09:40:55.400,4034.8000,24533,-1,670063860.000,1,0,1,双平,S,4034.8000,4034.2000,4034.0000,4033.2000,4032.2000,4036.0000,4036.2000,4036.8000,4037.4000,4037.6000,1,1,3,3,2,1,1,2,1,1
SF,IF2006,2020-02-19 09:40:55.900,4034.8000,24533,0,670063860.000,0,-,-,-,-,4034.8000,4034.0000,4033.2000,4032.2000,4031.0000,4035.8000,4036.0000,4036.2000,4036.8000,4037.4000,1,3,3,2,1,1,1,1,2,1
SF,IF2006,2020-02-19 09:40:56.400,4034.8000,24532,-1,671274300.000,1,0,1,双平,S,4034.0000,4033.2000,4032.2000,4031.0000,4030.6000,4034.8000,4035.6000,4035.8000,4036.2000,4036.8000,3,3,2,1,1,5,1,1,1,2
SF,IF2006,2020-02-19 09:40:56.900,4034.8000,24531,-1,672484740.000,1,0,1,双平,S,4034.2000,4034.0000,4033.2000,4032.2000,4031.0000,4034.8000,4035.6000,4036.8000,4037.4000,4037.6000,1,3,3,2,1,4,1,2,1,1
SF,IF2006,2020-02-19 09:40:57.400,4034.8000,24527,-4,677326500.000,4,0,4,双平,S,4035.0000,4034.2000,4034.0000,4033.2000,4032.2000,4035.6000,4036.8000,4037.4000,4037.6000,4038.0000,1,1,3,3,2,1,2,1,1,1
SF,IF2006,2020-02-19 09:40:57.900,4034.8000,24526,-1,678536940.000,1,0,1,双平,S,4034.2000,4034.0000,4033.2000,4032.2000,4031.0000,4035.6000,4036.8000,4037.4000,4037.6000,4038.0000,1,3,3,2,1,1,2,1,1,1
SF,IF2006,2020-02-19 09:40:58.900,4034.2000,24527,1,679747200.000,1,1,0,双开,S,4034.0000,4033.2000,4032.2000,4031.0000,4030.6000,4035.6000,4036.8000,4037.4000,4037.6000,4038.0000,2,3,2,1,1,1,2,1,1,1
SF,IF2006,2020-02-19 09:40:59.400,4034.2000,24527,0,679747200.000,0,-,-,-,-,4034.0000,4033.2000,4032.2000,4031.0000,4030.6000,4035.4000,4035.6000,4036.8000,4037.4000,4037.6000,2,3,2,1,1,3,1,2,1,1
SF,IF2006,2020-02-19 09:40:59.900,4034.2000,24527,0,679747200.000,0,-,-,-,-,4034.0000,4033.2000,4032.2000,4031.0000,4030.6000,4035.2000,4035.4000,4036.8000,4037.4000,4037.6000,2,3,2,1,1,1,1,2,1,1
SF,IF2006,2020-02-19 09:41:00.400,4034.2000,24527,0,679747200.000,0,-,-,-,-,4034.0000,4033.2000,4032.2000,4031.0000,4030.6000,4035.2000,4035.4000,4036.8000,4037.4000,4037.6000,2,3,2,1,1,1,1,2,1,1
SF,IF2006,2020-02-19 09:41:01.400,4035.2000,24526,-1,682167960.000,2,0,2,多平,S,4034.0000,4033.2000,4032.2000,4031.0000,4030.6000,4035.4000,4036.8000,4037.4000,4037.6000,4038.0000,1,3,2,1,1,1,2,1,1,1
SF,IF2006,2020-02-19 09:41:01.900,4034.0000,24527,1,683378160.000,1,1,0,双开,S,4033.2000,4032.2000,4031.0000,4030.6000,4030.2000,4035.4000,4036.8000,4037.6000,4038.0000,4040.0000,3,2,1,1,4,1,2,1,1,2
SF,IF2006,2020-02-19 09:41:02.400,4034.0000,24527,0,683378160.000,0,-,-,-,-,4033.8000,4033.4000,4033.2000,4032.2000,4031.0000,4034.0000,4036.8000,4037.6000,4038.0000,4040.0000,1,2,5,2,1,2,2,1,1,2
SF,IF2006,2020-02-19 09:41:02.900,4034.0000,24525,-2,685798560.000,2,0,2,双平,S,4034.8000,4034.4000,4034.2000,4034.0000,4033.8000,4036.8000,4037.6000,4038.0000,4040.0000,4041.2000,1,2,4,10,2,2,1,1,2,10
SF,IF2006,2020-02-19 09:41:03.400,4034.0000,24525,0,685798560.000,0,-,-,-,-,4034.4000,4034.2000,4034.0000,4033.8000,4033.4000,4036.2000,4036.6000,4036.8000,4037.6000,4038.0000,3,2,6,1,1,1,5,2,1,1
SF,IF2006,2020-02-19 09:41:03.900,4036.2000,24525,0,687009420.000,1,0,1,多换,S,4034.6000,4034.4000,4034.2000,4034.0000,4033.8000,4036.6000,4036.8000,4037.6000,4038.0000,4040.0000,2,2,2,7,1,2,2,1,1,2
SF,IF2006,2020-02-19 09:41:04.400,4036.2000,24525,0,687009420.000,0,-,-,-,-,4034.8000,4034.6000,4034.4000,4034.2000,4034.0000,4036.6000,4036.8000,4037.6000,4038.0000,4040.0000,1,2,2,3,7,1,2,1,1,2
SF,IF2006,2020-02-19 09:41:04.900,4036.2000,24525,0,687009420.000,0,-,-,-,-,4035.2000,4034.6000,4034.4000,4034.2000,4034.0000,4036.2000,4036.4000,4036.6000,4036.8000,4037.6000,1,2,3,1,5,2,3,1,2,1
SF,IF2006,2020-02-19 09:41:05.400,4035.2000,24524,-1,688219980.000,1,0,1,双平,S,4034.6000,4034.4000,4034.2000,4034.0000,4033.8000,4035.0000,4036.4000,4036.6000,4036.8000,4037.6000,2,3,1,5,1,1,3,1,2,1
SF,IF2006,2020-02-19 09:41:05.900,4035.0000,24524,0,689430480.000,1,0,1,多换,S,4035.0000,4034.4000,4034.2000,4034.0000,4033.8000,4036.4000,4036.6000,4036.8000,4037.6000,4038.0000,3,3,1,2,1,3,1,2,1,1
SF,IF2006,2020-02-19 09:41:06.400,4035.0000,24524,0,689430480.000,0,-,-,-,-,4035.0000,4034.4000,4034.2000,4034.0000,4033.8000,4036.0000,4036.2000,4036.4000,4036.8000,4037.6000,2,3,1,2,1,2,1,3,1,1
SF,IF2006,2020-02-19 09:41:06.900,4035.0000,24524,0,689430480.000,0,-,-,-,-,4035.0000,4034.4000,4034.0000,4033.8000,4033.4000,4036.0000,4036.2000,4036.4000,4036.8000,4037.6000,2,3,2,1,1,1,1,3,1,1
SF,IF2006,2020-02-19 09:41:07.400,4035.0000,24524,0,689430480.000,0,-,-,-,-,4035.0000,4034.4000,4034.0000,4033.8000,4033.4000,4036.0000,4036.2000,4036.4000,4036.8000,4037.6000,2,3,2,1,1,1,1,3,1,1
SF,IF2006,2020-02-19 09:41:07.900,4034.4000,24520,-4,694272120.000,4,0,4,双平,S,4034.4000,4034.0000,4033.8000,4033.4000,4033.2000,4036.0000,4036.2000,4036.4000,4036.8000,4037.6000,1,2,1,1,5,1,1,3,1,1
SF,IF2006,2020-02-19 09:41:08.400,4034.4000,24520,0,694272120.000,0,-,-,-,-,4034.6000,4034.4000,4034.0000,4033.8000,4033.4000,4035.8000,4036.0000,4036.4000,4036.8000,4037.6000,1,1,2,1,1,2,1,3,1,1
SF,IF2006,2020-02-19 09:41:08.900,4034.4000,24520,0,694272120.000,0,-,-,-,-,4034.6000,4034.4000,4034.0000,4033.8000,4033.4000,4035.8000,4036.0000,4036.4000,4036.8000,4037.6000,1,1,2,1,1,2,1,2,1,1
SF,IF2006,2020-02-19 09:41:09.400,4034.4000,24520,0,694272120.000,0,-,-,-,-,4034.4000,4034.0000,4033.8000,4033.4000,4033.2000,4035.8000,4036.0000,4036.4000,4036.8000,4037.6000,1,2,1,1,5,2,1,2,1,1
SF,IF2006,2020-02-19 09:41:09.900,4034.4000,24520,0,694272120.000,0,-,-,-,-,4034.0000,4033.8000,4033.4000,4033.2000,4032.2000,4035.8000,4036.0000,4036.4000,4036.8000,4037.6000,2,1,1,5,2,2,1,2,1,1
SF,IF2006,2020-02-19 09:41:10.400,4034.2000,24519,-1,695482380.000,1,0,1,双平,S,4033.8000,4033.4000,4033.2000,4032.2000,4031.0000,4035.6000,4035.8000,4036.0000,4036.4000,4036.8000,1,1,5,2,1,2,2,1,2,1
SF,IF2006,2020-02-19 09:41:10.900,4034.2000,24519,0,695482380.000,0,-,-,-,-,4034.0000,4033.8000,4033.4000,4033.2000,4032.2000,4035.2000,4035.6000,4035.8000,4036.0000,4036.4000,1,1,1,5,2,1,1,1,1,2
SF,IF2006,2020-02-19 09:41:11.400,4034.2000,24519,0,695482380.000,0,-,-,-,-,4034.0000,4033.4000,4033.2000,4032.2000,4031.0000,4035.2000,4035.6000,4036.0000,4036.4000,4036.8000,1,1,5,2,1,1,1,1,2,1
SF,IF2006,2020-02-19 09:41:11.900,4034.2000,24519,0,695482380.000,0,-,-,-,-,4034.8000,4034.0000,4033.4000,4033.2000,4032.2000,4035.0000,4035.2000,4035.6000,4036.0000,4036.4000,1,1,1,5,2,2,1,1,1,2
SF,IF2006,2020-02-19 09:41:12.400,4034.8000,24518,-1,696692820.000,1,0,1,双平,S,4034.0000,4033.4000,4033.2000,4032.2000,4031.0000,4035.0000,4035.2000,4035.6000,4036.0000,4036.4000,1,1,5,2,1,2,1,1,1,2
SF,IF2006,2020-02-19 09:41:12.900,4034.0000,24517,-1,697903020.000,1,0,1,双平,S,4033.2000,4032.2000,4031.0000,4030.6000,4030.2000,4035.2000,4035.6000,4036.0000,4036.4000,4036.8000,5,2,1,1,4,1,1,1,2,1
SF,IF2006,2020-02-19 09:41:13.400,4033.4000,24516,-1,699113040.000,1,0,1,双平,S,4033.4000,4033.2000,4032.2000,4031.0000,4030.6000,4035.2000,4035.6000,4036.0000,4036.4000,4036.8000,1,5,2,1,1,1,1,1,2,1
SF,IF2006,2020-02-19 09:41:13.900,4033.4000,24516,0,699113040.000,0,-,-,-,-,4033.8000,4033.6000,4033.4000,4033.2000,4032.2000,4035.6000,4036.0000,4036.4000,4036.8000,4037.6000,1,1,1,5,2,1,1,2,1,1
SF,IF2006,2020-02-19 09:41:14.400,4035.4000,24515,-1,700323660.000,1,0,1,双平,S,4035.4000,4033.8000,4033.4000,4033.2000,4032.2000,4035.6000,4036.0000,4036.4000,4036.8000,4037.6000,1,3,1,5,2,1,1,2,1,1
SF,IF2006,2020-02-19 09:41:14.900,4035.6000,24513,-2,702744960.000,2,0,2,双平,S,4033.8000,4033.4000,4033.2000,4032.2000,4031.0000,4036.0000,4036.4000,4036.8000,4037.6000,4038.0000,3,1,5,2,1,1,2,1,1,1
SF,IF2006,2020-02-19 09:41:15.400,4034.0000,24512,-1,703955160.000,1,0,1,双平,S,4034.0000,4033.8000,4033.6000,4033.2000,4032.2000,4036.0000,4036.4000,4036.8000,4037.6000,4038.0000,4,7,1,5,2,1,2,1,1,1
SF,IF2006,2020-02-19 09:41:15.900,4034.0000,24516,4,708795960.000,4,4,0,双开,S,4034.4000,4034.2000,4034.0000,4033.8000,4033.6000,4035.8000,4036.0000,4036.4000,4036.8000,4037.6000,3,1,4,7,1,1,1,2,1,1
SF,IF2006,2020-02-19 09:41:16.400,4034.0000,24516,0,708795960.000,0,-,-,-,-,4034.6000,4034.4000,4034.2000,4034.0000,4033.8000,4035.8000,4036.0000,4036.4000,4036.8000,4037.6000,1,4,2,4,6,1,1,2,1,1
SF,IF2006,2020-02-19 09:41:16.900,4035.8000,24515,-1,710006700.000,1,0,1,双平,S,4034.6000,4034.4000,4034.2000,4034.0000,4033.8000,4035.4000,4036.0000,4036.4000,4036.8000,4037.6000,2,4,1,4,6,1,1,2,1,1
SF,IF2006,2020-02-19 09:41:17.400,4035.4000,24515,0,711217320.000,1,0,1,多换,S,4034.8000,4034.6000,4034.4000,4034.2000,4034.0000,4036.0000,4036.4000,4036.8000,4037.6000,4038.0000,1,2,3,1,3,1,2,1,1,1
SF,IF2006,2020-02-19 09:41:17.900,4035.4000,24515,0,711217320.000,0,-,-,-,-,4035.0000,4034.8000,4034.6000,4034.4000,4034.2000,4036.0000,4036.4000,4036.8000,4037.6000,4038.0000,2,1,2,1,1,1,2,1,1,1
SF,IF2006,2020-02-19 09:41:18.400,4036.0000,24515,0,712428120.000,1,0,1,多换,S,4035.0000,4034.8000,4034.6000,4034.4000,4034.2000,4036.4000,4036.8000,4037.6000,4038.0000,4040.0000,2,1,2,1,1,2,1,1,1,1
SF,IF2006,2020-02-19 09:41:18.900,4036.0000,24515,0,712428120.000,0,-,-,-,-,4035.0000,4034.8000,4034.6000,4034.4000,4034.2000,4036.2000,4036.8000,4037.6000,4038.0000,4040.0000,1,1,2,1,1,1,1,1,1,1
SF,IF2006,2020-02-19 09:41:19.900,4036.0000,24515,0,712428120.000,0,-,-,-,-,4035.0000,4034.8000,4034.6000,4034.4000,4034.2000,4036.0000,4036.2000,4036.8000,4037.6000,4038.0000,1,1,2,1,1,1,1,1,1,1
SF,IF2006,2020-02-19 09:41:20.400,4036.0000,24515,0,712428120.000,0,-,-,-,-,4035.2000,4035.0000,4034.8000,4034.6000,4034.4000,4036.8000,4038.0000,4040.0000,4041.2000,4042.0000,2,2,1,2,1,1,1,1,10,18
SF,IF2006,2020-02-19 09:41:20.900,4035.2000,24515,0,713638680.000,1,0,1,多换,S,4035.0000,4034.8000,4034.6000,4034.4000,4034.2000,4036.4000,4036.6000,4036.8000,4038.0000,4040.0000,2,1,2,1,1,1,3,1,1,1
SF,IF2006,2020-02-19 09:41:21.400,4035.2000,24515,0,713638680.000,0,-,-,-,-,4035.0000,4034.8000,4034.6000,4034.4000,4034.2000,4036.4000,4036.8000,4038.0000,4040.0000,4041.2000,1,1,2,1,1,1,1,1,1,10
SF,IF2006,2020-02-19 09:41:21.900,4035.2000,24515,0,713638680.000,0,-,-,-,-,4035.6000,4035.2000,4035.0000,4034.8000,4034.4000,4036.8000,4038.0000,4040.0000,4041.2000,4042.0000,1,1,3,1,1,1,1,1,10,18
SF,IF2006,2020-02-19 09:41:22.400,4035.2000,24515,0,713638680.000,0,-,-,-,-,4035.6000,4035.2000,4035.0000,4034.8000,4034.4000,4036.8000,4038.0000,4040.0000,4041.2000,4042.0000,2,1,3,1,1,1,1,1,10,18
SF,IF2006,2020-02-19 09:41:22.900,4036.8000,24514,-1,714849720.000,1,0,1,双平,S,4035.6000,4035.2000,4035.0000,4034.8000,4034.4000,4038.0000,4040.0000,4041.2000,4042.0000,4042.8000,3,1,2,1,1,1,1,10,18,1
SF,IF2006,2020-02-19 09:41:23.400,4036.8000,24514,0,714849720.000,0,-,-,-,-,4035.8000,4035.6000,4035.2000,4035.0000,4034.8000,4038.0000,4040.0000,4041.2000,4042.0000,4042.8000,1,3,1,2,1,1,1,10,18,1
SF,IF2006,2020-02-19 09:41:23.900,4036.8000,24514,0,714849720.000,0,-,-,-,-,4036.2000,4035.8000,4035.6000,4035.2000,4035.0000,4037.8000,4038.0000,4040.0000,4041.2000,4042.0000,1,3,3,1,2,1,1,1,10,18
SF,IF2006,2020-02-19 09:41:24.400,4036.8000,24514,0,714849720.000,0,-,-,-,-,4036.2000,4035.8000,4035.6000,4035.2000,4035.0000,4038.0000,4040.0000,4041.2000,4042.0000,4042.8000,3,2,3,1,2,1,1,10,18,1
SF,IF2006,2020-02-19 09:41:24.900,4036.8000,24514,0,714849720.000,0,-,-,-,-,4036.4000,4036.2000,4035.8000,4035.6000,4035.2000,4038.0000,4040.0000,4041.2000,4042.0000,4042.8000,1,3,2,3,1,1,1,10,18,1
SF,IF2006,2020-02-19 09:41:25.400,4036.4000,24514,0,716060640.000,1,0,1,多换,S,4037.8000,4036.2000,4035.8000,4035.6000,4035.2000,4038.0000,4040.0000,4041.2000,4042.0000,4042.8000,2,3,2,3,1,1,1,10,18,1
SF,IF2006,2020-02-19 09:41:25.900,4037.8000,24512,-2,718483320.000,2,0,2,双平,S,4036.2000,4035.8000,4035.6000,4035.2000,4035.0000,4038.0000,4040.0000,4041.2000,4042.0000,4042.8000,3,1,3,1,2,1,1,10,18,1
SF,IF2006,2020-02-19 09:41:26.400,4037.8000,24512,0,718483320.000,0,-,-,-,-,4037.0000,4036.2000,4035.8000,4035.6000,4035.2000,4038.0000,4040.0000,4041.2000,4042.0000,4042.8000,1,1,1,3,1,1,1,10,18,1
SF,IF2006,2020-02-19 09:41:27.400,4037.8000,24512,0,718483320.000,0,-,-,-,-,4037.0000,4036.2000,4035.8000,4035.6000,4035.2000,4037.8000,4038.0000,4040.0000,4041.2000,4042.0000,1,1,1,3,1,1,1,1,10,18
SF,IF2006,2020-02-19 09:41:27.900,4037.8000,24512,0,718483320.000,0,-,-,-,-,4037.0000,4036.2000,4035.8000,4035.6000,4035.2000,4037.8000,4038.0000,4040.0000,4041.2000,4042.0000,1,1,1,3,1,1,1,1,10,18
SF,IF2006,2020-02-19 09:41:28.400,4037.8000,24511,-1,722117040.000,3,1,2,多平,S,4036.2000,4035.8000,4035.6000,4035.2000,4035.0000,4038.0000,4040.0000,4041.2000,4042.0000,4042.8000,1,1,3,1,2,1,1,10,18,1
SF,IF2006,2020-02-19 09:41:29.900,4037.8000,24511,0,722117040.000,0,-,-,-,-,4036.4000,4036.2000,4035.8000,4035.6000,4035.2000,4038.0000,4040.0000,4041.2000,4042.0000,4042.8000,1,1,1,3,1,1,1,10,18,1
SF,IF2006,2020-02-19 09:41:30.900,4038.0000,24510,-1,723328440.000,1,0,1,双平,S,4036.4000,4036.2000,4035.8000,4035.6000,4035.2000,4040.0000,4041.2000,4042.0000,4042.8000,4043.8000,1,1,1,3,1,1,10,18,1,1
SF,IF2006,2020-02-19 09:41:31.400,4038.0000,24510,0,723328440.000,0,-,-,-,-,4037.0000,4036.6000,4036.4000,4036.2000,4035.8000,4039.0000,4039.2000,4039.8000,4040.0000,4041.2000,1,1,1,1,1,1,1,5,1,10
SF,IF2006,2020-02-19 09:41:31.900,4038.0000,24510,0,723328440.000,0,-,-,-,-,4038.2000,4037.0000,4036.4000,4036.2000,4035.8000,4038.8000,4039.0000,4039.2000,4039.8000,4040.0000,1,2,1,1,1,2,1,1,4,1
SF,IF2006,2020-02-19 09:41:32.400,4038.2000,24509,-1,724539900.000,1,0,1,双平,S,4037.0000,4036.4000,4036.2000,4035.8000,4035.6000,4038.0000,4038.6000,4039.0000,4039.8000,4040.0000,2,1,1,1,3,1,1,1,3,1
SF,IF2006,2020-02-19 09:41:32.900,4038.0000,24508,-1,725751300.000,1,0,1,双平,S,4037.0000,4036.4000,4036.2000,4035.8000,4035.6000,4038.6000,4039.0000,4039.8000,4040.0000,4041.2000,2,1,1,1,3,1,1,3,1,10
SF,IF2006,2020-02-19 09:41:33.400,4038.0000,24508,0,725751300.000,0,-,-,-,-,4037.0000,4036.4000,4036.2000,4035.8000,4035.6000,4039.0000,4039.8000,4040.0000,4041.2000,4042.0000,1,1,1,1,3,1,3,1,10,18
SF,IF2006,2020-02-19 09:41:33.900,4038.0000,24508,0,725751300.000,0,-,-,-,-,4037.0000,4036.4000,4036.2000,4035.8000,4035.6000,4038.8000,4039.0000,4039.8000,4040.0000,4041.2000,1,1,1,1,3,2,1,3,1,10
SF,IF2006,2020-02-19 09:41:34.900,4038.0000,24508,0,725751300.000,0,-,-,-,-,4037.0000,4036.4000,4036.2000,4035.8000,4035.6000,4039.0000,4039.8000,4040.0000,4041.2000,4042.0000,1,1,1,1,3,1,3,1,10,18
SF,IF2006,2020-02-19 09:41:35.400,4038.0000,24508,0,725751300.000,0,-,-,-,-,4039.0000,4037.0000,4036.4000,4036.2000,4035.8000,4039.8000,4040.0000,4041.2000,4042.0000,4042.8000,1,1,1,1,1,3,1,10,18,1
SF,IF2006,2020-02-19 09:41:35.900,4039.0000,24508,0,726963000.000,1,0,1,多换,S,4037.0000,4036.4000,4036.2000,4035.8000,4035.6000,4039.6000,4040.0000,4041.2000,4042.0000,4042.8000,1,1,1,1,3,2,1,10,18,1
SF,IF2006,2020-02-19 09:41:36.400,4039.0000,24508,0,726963000.000,0,-,-,-,-,4039.0000,4038.6000,4037.2000,4037.0000,4036.2000,4039.2000,4039.6000,4040.0000,4041.2000,4042.0000,10,1,1,1,1,1,2,1,10,18
SF,IF2006,2020-02-19 09:41:36.900,4038.6000,24507,-1,741503340.000,12,5,7,多平,S,4037.2000,4037.0000,4036.2000,4035.8000,4035.6000,4039.6000,4040.0000,4041.2000,4042.0000,4042.8000,1,1,1,1,3,2,1,10,18,1
SF,IF2006,2020-02-19 09:41:37.400,4038.6000,24507,0,741503340.000,0,-,-,-,-,4037.6000,4037.4000,4037.2000,4037.0000,4036.2000,4039.2000,4039.6000,4040.0000,4041.2000,4042.0000,1,2,1,1,1,2,2,1,10,18
SF,IF2006,2020-02-19 09:41:37.900,4038.6000,24507,0,741503340.000,0,-,-,-,-,4037.6000,4037.4000,4037.2000,4037.0000,4036.2000,4039.0000,4039.6000,4040.0000,4041.2000,4042.0000,1,2,1,1,1,2,2,1,10,18
SF,IF2006,2020-02-19 09:41:38.400,4037.4000,24507,0,743925840.000,2,1,1,多换,S,4037.2000,4037.0000,4036.2000,4035.8000,4035.6000,4038.6000,4039.6000,4040.0000,4041.2000,4042.0000,1,1,1,1,3,2,2,1,10,18
SF,IF2006,2020-02-19 09:41:38.900,4037.4000,24507,0,743925840.000,0,-,-,-,-,4037.4000,4037.0000,4036.2000,4035.8000,4035.6000,4038.4000,4038.6000,4039.6000,4040.0000,4041.2000,2,1,1,1,3,1,2,3,1,10
SF,IF2006,2020-02-19 09:41:39.400,4037.4000,24507,0,743925840.000,0,-,-,-,-,4037.4000,4036.2000,4035.8000,4035.6000,4035.2000,4038.4000,4039.6000,4040.0000,4041.2000,4042.0000,2,1,1,3,1,1,3,1,10,18
SF,IF2006,2020-02-19 09:41:39.900,4038.4000,24506,-1,745137360.000,1,0,1,双平,S,4037.4000,4036.2000,4035.8000,4035.6000,4035.2000,4038.2000,4039.6000,4040.0000,4041.2000,4042.0000,2,1,1,3,1,1,3,1,10,18
SF,IF2006,2020-02-19 09:41:40.400,4038.4000,24506,0,745137360.000,0,-,-,-,-,4038.2000,4037.4000,4036.2000,4035.8000,4035.6000,4039.6000,4040.0000,4041.2000,4042.0000,4042.8000,1,2,1,1,3,3,1,10,18,1
SF,IF2006,2020-02-19 09:41:40.900,4038.4000,24506,0,745137360.000,0,-,-,-,-,4037.4000,4036.2000,4035.8000,4035.6000,4035.2000,4039.2000,4039.4000,4039.6000,4040.0000,4041.2000,2,1,1,3,1,2,1,3,1,10
SF,IF2006,2020-02-19 09:41:41.400,4038.4000,24506,0,745137360.000,0,-,-,-,-,4038.4000,4037.4000,4036.2000,4035.8000,4035.6000,4039.0000,4039.2000,4039.6000,4040.0000,4041.2000,1,2,1,1,3,1,2,2,1,10
SF,IF2006,2020-02-19 09:41:41.900,4038.4000,24505,-1,746348880.000,1,0,1,双平,S,4037.4000,4036.2000,4035.8000,4035.6000,4035.2000,4038.6000,4039.0000,4039.6000,4040.0000,4041.2000,2,1,1,3,1,1,1,2,1,10
SF,IF2006,2020-02-19 09:41:42.400,4038.4000,24505,0,746348880.000,0,-,-,-,-,4037.4000,4036.2000,4035.8000,4035.6000,4035.2000,4038.4000,4039.6000,4040.0000,4041.2000,4042.0000,3,1,1,2,1,2,2,1,10,18
SF,IF2006,2020-02-19 09:41:43.900,4038.4000,24505,0,746348880.000,0,-,-,-,-,4037.4000,4036.2000,4035.8000,4035.6000,4035.2000,4038.4000,4039.6000,4040.0000,4041.2000,4042.0000,3,1,1,2,1,2,2,2,10,18
SF,IF2006,2020-02-19 09:41:44.400,4038.4000,24505,0,746348880.000,0,-,-,-,-,4037.4000,4036.2000,4035.6000,4035.2000,4035.0000,4038.0000,4038.2000,4039.6000,4040.0000,4041.2000,3,1,2,1,2,1,3,2,2,10
SF,IF2006,2020-02-19 09:41:44.900,4038.4000,24505,0,746348880.000,0,-,-,-,-,4037.4000,4035.6000,4035.2000,4035.0000,4034.0000,4038.0000,4038.2000,4039.6000,4040.0000,4041.2000,3,1,1,2,3,1,1,2,2,10
SF,IF2006,2020-02-19 09:41:45.900,4038.0000,24505,0,747560280.000,1,0,1,多换,S,4037.4000,4035.6000,4035.2000,4035.0000,4034.0000,4038.2000,4039.6000,4040.0000,4041.2000,4042.0000,3,1,1,2,3,1,2,2,10,18
SF,IF2006,2020-02-19 09:41:46.400,4038.2000,24506,1,748771740.000,1,1,0,双开,S,4037.4000,4035.6000,4035.2000,4035.0000,4034.0000,4039.6000,4040.0000,4041.2000,4042.0000,4042.8000,4,1,1,2,3,2,2,10,18,1
SF,IF2006,2020-02-19 09:41:46.900,4038.2000,24506,0,748771740.000,0,-,-,-,-,4038.4000,4037.4000,4036.0000,4035.6000,4035.2000,4039.0000,4039.2000,4039.4000,4039.6000,4040.0000,1,4,2,1,1,1,3,4,2,2
SF,IF2006,2020-02-19 09:41:47.400,4038.2000,24506,0,748771740.000,0,-,-,-,-,4038.4000,4037.4000,4036.0000,4035.6000,4035.2000,4038.6000,4039.2000,4039.4000,4039.6000,4040.0000,1,4,2,1,1,1,1,3,2,2
SF,IF2006,2020-02-19 09:41:47.900,4038.6000,24505,-1,749983320.000,1,0,1,双平,S,4038.4000,4037.4000,4036.0000,4035.6000,4035.2000,4039.2000,4039.4000,4039.6000,4040.0000,4041.2000,1,4,2,1,1,1,3,1,2,10
SF,IF2006,2020-02-19 09:41:48.900,4038.6000,24505,0,749983320.000,0,-,-,-,-,4038.4000,4037.4000,4036.0000,4035.6000,4035.2000,4039.0000,4039.2000,4039.4000,4039.6000,4040.0000,1,4,2,1,1,1,1,2,1,2
SF,IF2006,2020-02-19 09:41:49.400,4038.6000,24505,0,749983320.000,0,-,-,-,-,4038.4000,4037.4000,4036.0000,4035.6000,4035.2000,4039.2000,4039.4000,4039.6000,4040.0000,4041.2000,1,4,2,1,1,1,2,1,2,10
SF,IF2006,2020-02-19 09:41:51.900,4039.6000,24504,-1,752406960.000,2,0,2,多平,S,4038.6000,4038.4000,4037.4000,4036.0000,4035.6000,4040.0000,4041.2000,4042.0000,4042.8000,4043.6000,1,1,4,2,1,2,10,18,1,1
SF,IF2006,2020-02-19 09:41:52.400,4039.6000,24504,0,752406960.000,0,-,-,-,-,4038.6000,4038.4000,4037.4000,4036.0000,4035.6000,4040.0000,4040.6000,4041.2000,4042.0000,4042.8000,1,1,4,2,1,2,1,10,18,1
SF,IF2006,2020-02-19 09:41:52.900,4039.6000,24504,0,752406960.000,0,-,-,-,-,4039.0000,4038.4000,4037.4000,4036.0000,4035.6000,4040.0000,4041.2000,4042.0000,4042.8000,4043.6000,1,3,4,2,1,2,10,18,1,1
SF,IF2006,2020-02-19 09:41:53.400,4039.6000,24504,0,752406960.000,0,-,-,-,-,4039.0000,4038.4000,4037.4000,4036.0000,4035.6000,4040.0000,4041.2000,4042.0000,4042.8000,4043.6000,1,3,4,2,1,2,10,18,1,1
SF,IF2006,2020-02-19 09:41:53.900,4039.6000,24504,0,752406960.000,0,-,-,-,-,4039.0000,4038.4000,4037.4000,4036.0000,4035.6000,4040.0000,4041.2000,4042.0000,4042.8000,4043.6000,1,3,4,2,1,2,10,18,1,1
SF,IF2006,2020-02-19 09:41:54.400,4038.4000,24504,0,754830180.000,2,1,1,多换,S,4038.4000,4037.4000,4036.0000,4035.6000,4035.0000,4040.0000,4041.2000,4042.0000,4042.8000,4043.6000,2,4,2,1,1,2,10,18,1,1
SF,IF2006,2020-02-19 09:41:54.900,4038.4000,24504,0,754830180.000,0,-,-,-,-,4039.0000,4038.4000,4037.4000,4036.0000,4035.6000,4040.0000,4041.2000,4042.0000,4042.8000,4043.6000,1,2,4,2,1,2,10,18,1,1
SF,IF2006,2020-02-19 09:41:55.900,4038.4000,24504,0,754830180.000,0,-,-,-,-,4039.0000,4038.6000,4038.4000,4037.4000,4036.0000,4040.0000,4041.2000,4042.0000,4042.8000,4043.6000,1,2,2,4,2,2,10,18,1,1
SF,IF2006,2020-02-19 09:41:56.400,4038.4000,24504,0,754830180.000,0,-,-,-,-,4039.0000,4038.6000,4038.4000,4037.4000,4036.0000,4039.8000,4040.0000,4041.2000,4042.0000,4042.8000,1,2,2,4,2,2,2,10,17,1
SF,IF2006,2020-02-19 09:41:56.900,4038.4000,24504,0,754830180.000,0,-,-,-,-,4039.0000,4038.4000,4037.4000,4036.0000,4035.6000,4039.8000,4040.0000,4041.2000,4042.0000,4042.8000,1,2,4,2,1,1,2,10,17,1
SF,IF2006,2020-02-19 09:41:57.400,4038.4000,24504,0,754830180.000,0,-,-,-,-,4039.0000,4038.4000,4037.4000,4036.0000,4035.6000,4039.8000,4040.0000,4041.2000,4042.0000,4042.8000,1,3,4,2,1,1,2,10,17,1
SF,IF2006,2020-02-19 09:41:57.900,4038.4000,24504,0,754830180.000,0,-,-,-,-,4038.4000,4037.4000,4036.0000,4035.6000,4035.0000,4039.8000,4040.0000,4041.2000,4042.0000,4042.8000,3,4,2,1,1,1,2,10,17,1
SF,IF2006,2020-02-19 09:41:58.400,4038.4000,24504,0,754830180.000,0,-,-,-,-,4038.6000,4038.4000,4037.4000,4036.0000,4035.6000,4039.4000,4040.0000,4041.2000,4042.0000,4042.8000,1,3,4,2,1,2,2,10,17,1
SF,IF2006,2020-02-19 09:41:58.900,4038.4000,24504,0,754830180.000,0,-,-,-,-,4038.6000,4038.4000,4037.4000,4036.0000,4035.6000,4039.4000,4039.8000,4040.0000,4041.2000,4042.0000,1,3,5,2,1,1,2,2,10,17
SF,IF2006,2020-02-19 09:41:59.400,4038.4000,24504,0,754830180.000,0,-,-,-,-,4038.6000,4038.4000,4037.4000,4036.0000,4035.6000,4039.4000,4039.8000,4040.0000,4041.2000,4042.0000,1,2,5,2,1,1,2,2,10,17
SF,IF2006,2020-02-19 09:42:00.400,4038.4000,24504,0,754830180.000,0,-,-,-,-,4038.6000,4038.4000,4037.4000,4036.0000,4035.6000,4039.8000,4040.0000,4041.2000,4042.0000,4042.8000,1,2,5,2,1,2,2,10,17,1
SF,IF2006,2020-02-19 09:42:00.900,4038.4000,24504,0,754830180.000,0,-,-,-,-,4038.4000,4037.4000,4036.0000,4035.6000,4034.0000,4039.6000,4039.8000,4040.0000,4041.2000,4042.0000,2,5,2,1,3,2,3,2,10,17
SF,IF2006,2020-02-19 09:42:01.400,4038.4000,24504,0,754830180.000,0,-,-,-,-,4038.4000,4037.4000,4036.0000,4035.6000,4034.0000,4039.8000,4040.0000,4041.2000,4042.0000,4042.8000,2,5,2,1,3,3,2,10,17,1
SF,IF2006,2020-02-19 09:42:02.400,4038.4000,24504,0,754830180.000,0,-,-,-,-,4038.4000,4037.4000,4036.0000,4035.6000,4034.0000,4039.8000,4040.0000,4041.2000,4042.0000,4042.8000,3,4,2,1,3,3,2,10,17,1
SF,IF2006,2020-02-19 09:42:03.400,4038.4000,24504,0,754830180.000,0,-,-,-,-,4038.4000,4037.4000,4036.0000,4035.6000,4034.0000,4039.6000,4039.8000,4040.0000,4041.2000,4042.0000,3,4,2,1,3,1,3,2,10,17
SF,IF2006,2020-02-19 09:42:04.400,4039.8000,24506,2,760889580.000,5,3,2,空开,S,4038.4000,4037.4000,4036.0000,4035.6000,4034.0000,4039.8000,4040.0000,4041.2000,4042.0000,4042.8000,3,4,2,1,3,1,2,10,17,1
SF,IF2006,2020-02-19 09:42:04.900,4039.8000,24506,0,760889580.000,0,-,-,-,-,4038.4000,4037.4000,4036.0000,4035.6000,4034.0000,4039.8000,4040.0000,4041.2000,4042.0000,4042.8000,3,3,2,1,3,1,2,10,17,1
SF,IF2006,2020-02-19 09:42:05.400,4039.8000,24506,0,760889580.000,0,-,-,-,-,4038.4000,4038.2000,4037.4000,4036.0000,4035.6000,4039.8000,4040.0000,4041.2000,4042.0000,4042.8000,3,1,3,2,1,1,2,10,17,1
SF,IF2006,2020-02-19 09:42:06.900,4039.8000,24506,0,760889580.000,0,-,-,-,-,4038.4000,4037.4000,4036.0000,4035.6000,4034.0000,4039.8000,4040.0000,4041.2000,4042.0000,4042.8000,3,3,2,1,3,1,2,10,17,1
SF,IF2006,2020-02-19 09:42:07.900,4039.8000,24506,0,760889580.000,0,-,-,-,-,4038.4000,4037.4000,4036.0000,4035.6000,4034.0000,4039.6000,4039.8000,4040.0000,4041.2000,4042.0000,3,3,2,1,3,1,1,2,10,17
SF,IF2006,2020-02-19 09:42:09.400,4039.8000,24506,0,760889580.000,0,-,-,-,-,4038.4000,4038.0000,4037.4000,4036.0000,4035.6000,4039.6000,4039.8000,4040.0000,4041.2000,4042.0000,3,1,3,2,1,1,1,2,10,17
SF,IF2006,2020-02-19 09:42:09.900,4039.8000,24506,0,760889580.000,0,-,-,-,-,4038.6000,4038.4000,4038.0000,4037.4000,4036.0000,4039.8000,4040.0000,4041.2000,4042.0000,4042.8000,1,3,1,3,2,1,2,10,17,1
SF,IF2006,2020-02-19 09:42:11.400,4039.8000,24506,0,760889580.000,0,-,-,-,-,4038.4000,4038.0000,4037.4000,4037.2000,4036.0000,4039.8000,4040.0000,4041.2000,4042.0000,4042.8000,3,1,3,1,2,1,2,10,17,1
SF,IF2006,2020-02-19 09:42:12.400,4039.8000,24506,0,760889580.000,0,-,-,-,-,4038.4000,4038.0000,4037.4000,4037.2000,4036.0000,4039.6000,4039.8000,4040.0000,4041.2000,4042.0000,3,1,3,1,2,2,1,2,10,17
SF,IF2006,2020-02-19 09:42:12.900,4039.8000,24506,0,760889580.000,0,-,-,-,-,4038.6000,4038.4000,4038.0000,4037.4000,4037.2000,4039.6000,4039.8000,4040.0000,4041.2000,4042.0000,2,3,1,3,1,2,1,2,10,17
SF,IF2006,2020-02-19 09:42:13.400,4039.8000,24506,0,760889580.000,0,-,-,-,-,4038.8000,4038.4000,4038.0000,4037.4000,4037.2000,4039.6000,4039.8000,4040.0000,4041.2000,4042.0000,1,3,1,3,1,2,1,2,10,17
SF,IF2006,2020-02-19 09:42:14.900,4038.4000,24507,1,763312740.000,2,1,1,空开,S,4038.4000,4038.0000,4037.4000,4037.2000,4036.0000,4039.6000,4039.8000,4040.0000,4041.2000,4042.0000,2,1,3,1,2,2,1,2,10,17
SF,IF2006,2020-02-19 09:42:15.900,4038.4000,24507,0,763312740.000,0,-,-,-,-,4038.4000,4038.0000,4037.4000,4037.2000,4036.0000,4039.4000,4039.6000,4039.8000,4040.0000,4041.2000,2,1,3,1,2,1,2,1,2,10
SF,IF2006,2020-02-19 09:42:19.400,4038.4000,24507,0,763312740.000,0,-,-,-,-,4038.4000,4038.0000,4037.4000,4037.2000,4036.0000,4039.4000,4039.6000,4039.8000,4040.0000,4041.0000,2,1,3,1,2,1,2,1,2,1
SF,IF2006,2020-02-19 09:42:22.400,4038.4000,24507,0,763312740.000,0,-,-,-,-,4038.4000,4038.0000,4037.4000,4037.2000,4036.0000,4039.4000,4039.6000,4039.8000,4040.0000,4041.0000,2,1,3,1,2,1,2,1,2,1
SF,IF2006,2020-02-19 09:42:23.400,4038.4000,24507,0,763312740.000,0,-,-,-,-,4038.4000,4038.0000,4037.4000,4037.2000,4036.0000,4039.4000,4039.6000,4039.8000,4040.0000,4041.0000,4,1,3,1,2,1,2,1,2,1
SF,IF2006,2020-02-19 09:42:24.900,4038.4000,24504,-3,768158820.000,4,0,4,多平,S,4038.0000,4037.4000,4037.2000,4036.0000,4035.6000,4039.4000,4039.6000,4039.8000,4040.0000,4041.0000,1,3,1,2,1,1,2,1,2,1
SF,IF2006,2020-02-19 09:42:25.400,4038.0000,24503,-1,769370220.000,1,0,1,双平,S,4037.4000,4037.2000,4036.0000,4035.6000,4034.0000,4039.0000,4039.2000,4039.6000,4039.8000,4040.0000,3,1,2,1,3,1,3,2,1,2
SF,IF2006,2020-02-19 09:42:25.900,4037.4000,24501,-2,773003880.000,3,0,3,多平,S,4037.2000,4036.0000,4035.6000,4034.0000,4033.8000,4038.6000,4038.8000,4039.0000,4039.6000,4039.8000,1,2,1,3,4,1,3,1,2,1
SF,IF2006,2020-02-19 09:42:26.400,4037.2000,24501,0,774215040.000,1,0,1,多换,S,4036.0000,4035.6000,4034.0000,4033.8000,4033.2000,4037.2000,4037.8000,4038.4000,4039.0000,4039.6000,2,1,3,4,3,1,1,7,1,2
SF,IF2006,2020-02-19 09:42:26.900,4037.2000,24501,0,774215040.000,0,-,-,-,-,4036.2000,4036.0000,4035.6000,4034.0000,4033.8000,4037.8000,4038.4000,4039.0000,4039.6000,4039.8000,2,2,1,3,4,1,5,1,2,1
SF,IF2006,2020-02-19 09:42:27.400,4037.2000,24501,0,774215040.000,0,-,-,-,-,4036.0000,4034.0000,4033.8000,4033.2000,4032.2000,4037.6000,4037.8000,4038.4000,4039.0000,4039.6000,2,3,4,3,2,2,1,3,1,2
SF,IF2006,2020-02-19 09:42:27.900,4037.2000,24501,0,774215040.000,0,-,-,-,-,4036.0000,4034.0000,4033.8000,4033.2000,4032.2000,4037.4000,4038.4000,4039.0000,4039.6000,4039.8000,2,3,4,3,2,1,3,1,2,1
SF,IF2006,2020-02-19 09:42:28.400,4037.2000,24501,0,774215040.000,0,-,-,-,-,4036.4000,4036.0000,4034.0000,4033.8000,4033.2000,4037.4000,4038.4000,4039.6000,4039.8000,4040.0000,1,2,3,4,3,1,3,2,1,2
SF,IF2006,2020-02-19 09:42:28.900,4037.2000,24501,0,774215040.000,0,-,-,-,-,4036.0000,4034.0000,4033.8000,4033.2000,4032.2000,4037.4000,4037.6000,4038.4000,4039.6000,4039.8000,2,3,4,3,2,1,1,3,2,1
SF,IF2006,2020-02-19 09:42:30.400,4037.2000,24501,0,774215040.000,0,-,-,-,-,4036.0000,4034.0000,4033.8000,4033.2000,4032.2000,4038.4000,4039.6000,4039.8000,4040.0000,4041.0000,2,3,4,3,2,3,2,1,2,1
SF,IF2006,2020-02-19 09:42:30.900,4037.2000,24501,0,774215040.000,0,-,-,-,-,4036.0000,4034.0000,4033.8000,4033.2000,4032.2000,4038.0000,4038.2000,4038.4000,4039.6000,4039.8000,2,3,4,3,2,1,1,3,2,1
SF,IF2006,2020-02-19 09:42:31.400,4037.2000,24501,0,774215040.000,0,-,-,-,-,4036.4000,4036.0000,4034.0000,4033.8000,4033.2000,4037.6000,4037.8000,4038.4000,4039.6000,4039.8000,1,2,3,4,3,1,3,1,2,1
SF,IF2006,2020-02-19 09:42:31.900,4037.2000,24501,0,774215040.000,0,-,-,-,-,4036.6000,4036.0000,4034.0000,4033.8000,4033.2000,4037.8000,4038.4000,4039.6000,4039.8000,4040.0000,2,2,3,4,3,3,1,2,1,2
SF,IF2006,2020-02-19 09:42:32.400,4037.6000,24501,0,775426320.000,1,0,1,多换,S,4036.0000,4034.0000,4033.8000,4033.2000,4032.2000,4038.4000,4039.6000,4039.8000,4040.0000,4041.0000,2,3,4,3,2,1,2,1,2,1
SF,IF2006,2020-02-19 09:42:32.900,4037.6000,24501,0,775426320.000,0,-,-,-,-,4036.4000,4036.2000,4036.0000,4034.0000,4033.8000,4038.2000,4038.4000,4039.6000,4039.8000,4040.0000,1,1,2,3,4,1,1,2,1,2
SF,IF2006,2020-02-19 09:42:33.400,4037.6000,24501,0,775426320.000,0,-,-,-,-,4037.8000,4037.2000,4036.8000,4036.6000,4036.0000,4038.0000,4038.4000,4039.6000,4039.8000,4040.0000,1,1,2,1,2,1,1,2,1,2
SF,IF2006,2020-02-19 09:42:33.900,4037.6000,24501,0,775426320.000,0,-,-,-,-,4037.8000,4037.2000,4036.0000,4034.0000,4033.8000,4038.0000,4039.6000,4039.8000,4040.0000,4041.0000,1,1,2,3,4,1,2,1,2,1
SF,IF2006,2020-02-19 09:42:34.400,4037.6000,24501,0,775426320.000,0,-,-,-,-,4037.8000,4037.2000,4036.2000,4036.0000,4034.0000,4038.0000,4039.6000,4039.8000,4040.0000,4041.0000,1,1,1,2,3,1,2,1,2,1
SF,IF2006,2020-02-19 09:42:34.900,4037.8000,24502,1,776637660.000,1,1,0,双开,S,4037.2000,4036.2000,4036.0000,4034.0000,4033.8000,4038.0000,4039.6000,4039.8000,4040.0000,4041.0000,1,1,2,3,4,1,2,1,2,1
SF,IF2006,2020-02-19 09:42:35.900,4037.8000,24502,0,776637660.000,0,-,-,-,-,4037.2000,4036.2000,4036.0000,4034.0000,4033.8000,4037.8000,4038.0000,4039.6000,4039.8000,4040.0000,1,1,2,3,4,1,1,2,1,2
SF,IF2006,2020-02-19 09:42:36.900,4037.8000,24502,0,776637660.000,0,-,-,-,-,4037.2000,4036.0000,4034.0000,4033.8000,4033.2000,4037.8000,4038.0000,4039.6000,4039.8000,4040.0000,1,2,3,4,3,1,1,2,1,2
SF,IF2006,2020-02-19 09:42:37.400,4037.8000,24502,0,776637660.000,0,-,-,-,-,4037.2000,4036.0000,4034.0000,4033.8000,4033.2000,4038.0000,4039.6000,4039.8000,4040.0000,4041.0000,1,2,3,4,3,1,2,1,2,1
SF,IF2006,2020-02-19 09:42:37.900,4037.8000,24502,0,776637660.000,0,-,-,-,-,4037.2000,4036.4000,4036.0000,4034.0000,4033.8000,4037.8000,4038.0000,4039.6000,4039.8000,4040.0000,1,2,2,3,4,1,1,2,1,2
SF,IF2006,2020-02-19 09:42:38.900,4037.8000,24502,0,776637660.000,0,-,-,-,-,4037.2000,4036.4000,4036.0000,4034.0000,4033.8000,4037.8000,4038.0000,4039.6000,4039.8000,4040.0000,1,2,2,3,4,1,1,2,1,2
SF,IF2006,2020-02-19 09:42:39.400,4037.2000,24502,0,777848820.000,1,0,1,多换,S,4036.4000,4036.0000,4034.0000,4033.8000,4033.2000,4037.2000,4037.8000,4038.0000,4039.6000,4039.8000,2,2,3,4,3,1,1,1,2,1
SF,IF2006,2020-02-19 09:42:39.900,4037.2000,24502,0,777848820.000,0,-,-,-,-,4036.4000,4036.0000,4034.0000,4033.8000,4033.2000,4037.2000,4037.8000,4038.0000,4039.6000,4039.8000,2,2,3,4,3,1,1,1,2,1
SF,IF2006,2020-02-19 09:42:40.400,4037.2000,24502,0,777848820.000,0,-,-,-,-,4036.4000,4036.0000,4034.0000,4033.8000,4033.2000,4037.8000,4038.0000,4039.6000,4039.8000,4040.0000,2,2,3,4,3,1,1,2,1,2
SF,IF2006,2020-02-19 09:42:40.900,4037.2000,24502,0,777848820.000,0,-,-,-,-,4036.4000,4036.0000,4034.0000,4033.8000,4033.2000,4037.6000,4037.8000,4038.0000,4039.6000,4039.8000,2,2,3,4,3,2,1,1,2,1
SF,IF2006,2020-02-19 09:42:41.400,4037.2000,24502,0,777848820.000,0,-,-,-,-,4036.4000,4036.0000,4034.0000,4033.8000,4033.2000,4037.4000,4037.6000,4038.0000,4039.6000,4039.8000,2,2,3,4,3,2,2,1,2,1
SF,IF2006,2020-02-19 09:42:41.900,4037.2000,24502,0,777848820.000,0,-,-,-,-,4036.4000,4036.0000,4034.0000,4033.8000,4033.2000,4037.4000,4037.6000,4038.0000,4039.6000,4039.8000,2,2,3,4,3,1,2,1,2,1
SF,IF2006,2020-02-19 09:42:42.400,4037.2000,24502,0,777848820.000,0,-,-,-,-,4036.4000,4036.2000,4036.0000,4034.0000,4033.8000,4037.4000,4037.6000,4038.0000,4039.6000,4039.8000,2,1,2,3,4,1,2,1,2,1
SF,IF2006,2020-02-19 09:42:43.400,4037.2000,24502,0,777848820.000,0,-,-,-,-,4036.4000,4036.2000,4036.0000,4034.0000,4033.8000,4037.6000,4038.0000,4039.6000,4039.8000,4040.0000,2,1,2,3,4,2,1,2,1,2
SF,IF2006,2020-02-19 09:42:43.900,4037.2000,24502,0,777848820.000,0,-,-,-,-,4036.6000,4036.4000,4036.2000,4036.0000,4034.0000,4038.0000,4039.6000,4039.8000,4040.0000,4041.0000,1,2,1,2,3,1,2,1,2,1
SF,IF2006,2020-02-19 09:42:44.400,4037.2000,24502,0,777848820.000,0,-,-,-,-,4036.6000,4036.4000,4036.2000,4036.0000,4034.0000,4038.0000,4039.6000,4039.8000,4040.0000,4041.0000,1,2,1,2,3,1,2,1,3,1
SF,IF2006,2020-02-19 09:42:44.900,4036.6000,24502,0,779059800.000,1,0,1,多换,S,4036.4000,4036.2000,4036.0000,4034.0000,4033.8000,4038.0000,4039.6000,4039.8000,4040.0000,4041.0000,2,1,2,3,4,1,2,1,3,1
SF,IF2006,2020-02-19 09:42:45.400,4036.6000,24502,0,779059800.000,0,-,-,-,-,4036.6000,4036.4000,4036.2000,4036.0000,4034.0000,4038.0000,4039.6000,4039.8000,4040.0000,4041.0000,2,3,1,2,3,1,2,1,3,1
SF,IF2006,2020-02-19 09:42:45.900,4036.6000,24502,0,779059800.000,0,-,-,-,-,4037.0000,4036.6000,4036.4000,4036.2000,4036.0000,4038.0000,4039.6000,4039.8000,4040.0000,4041.0000,1,1,3,1,2,1,2,1,3,1
SF,IF2006,2020-02-19 09:42:46.900,4036.6000,24502,0,779059800.000,0,-,-,-,-,4037.2000,4036.4000,4036.2000,4036.0000,4034.0000,4038.0000,4039.6000,4039.8000,4040.0000,4041.0000,1,3,1,2,3,1,2,1,3,1
SF,IF2006,2020-02-19 09:42:47.400,4036.6000,24502,0,779059800.000,0,-,-,-,-,4037.4000,4036.4000,4036.2000,4036.0000,4034.0000,4038.0000,4039.6000,4039.8000,4040.0000,4041.0000,1,3,1,2,3,1,2,1,3,1
SF,IF2006,2020-02-19 09:42:47.900,4038.0000,24503,1,780271200.000,1,1,0,双开,S,4037.4000,4036.4000,4036.2000,4036.0000,4034.0000,4039.6000,4039.8000,4040.0000,4041.0000,4041.2000,1,3,1,2,3,2,1,3,1,10
SF,IF2006,2020-02-19 09:42:48.400,4038.0000,24503,0,780271200.000,0,-,-,-,-,4037.4000,4036.4000,4036.2000,4036.0000,4034.0000,4039.2000,4039.4000,4039.6000,4039.8000,4040.0000,1,3,1,2,3,1,4,2,1,3
SF,IF2006,2020-02-19 09:42:48.900,4038.0000,24503,0,780271200.000,0,-,-,-,-,4037.4000,4036.4000,4036.2000,4036.0000,4034.0000,4038.8000,4039.0000,4039.4000,4039.6000,4039.8000,1,3,1,2,3,1,3,1,2,1
SF,IF2006,2020-02-19 09:42:49.900,4038.0000,24503,0,780271200.000,0,-,-,-,-,4037.8000,4037.4000,4036.4000,4036.2000,4036.0000,4038.8000,4039.0000,4039.4000,4039.6000,4039.8000,1,1,3,1,2,1,3,1,2,1
SF,IF2006,2020-02-19 09:42:51.900,4038.0000,24503,0,780271200.000,0,-,-,-,-,4037.4000,4036.4000,4036.2000,4036.0000,4034.0000,4038.8000,4039.0000,4039.6000,4039.8000,4040.0000,1,3,1,2,3,1,3,2,1,3
SF,IF2006,2020-02-19 09:42:52.400,4038.0000,24503,0,780271200.000,0,-,-,-,-,4037.4000,4036.4000,4036.2000,4036.0000,4034.0000,4038.4000,4038.6000,4039.6000,4039.8000,4040.0000,1,3,1,2,3,2,3,2,1,3
SF,IF2006,2020-02-19 09:42:52.900,4038.0000,24503,0,780271200.000,0,-,-,-,-,4036.4000,4036.2000,4036.0000,4034.0000,4033.8000,4038.4000,4038.6000,4039.6000,4039.8000,4040.0000,3,1,2,3,4,2,4,2,1,3
SF,IF2006,2020-02-19 09:42:53.400,4038.0000,24503,0,780271200.000,0,-,-,-,-,4036.8000,4036.6000,4036.4000,4036.2000,4036.0000,4038.4000,4038.6000,4039.6000,4039.8000,4040.0000,1,1,3,1,2,1,4,2,1,3
SF,IF2006,2020-02-19 09:42:53.900,4038.0000,24503,0,780271200.000,0,-,-,-,-,4036.8000,4036.4000,4036.2000,4036.0000,4034.0000,4038.4000,4038.6000,4039.6000,4039.8000,4040.0000,1,3,1,2,3,1,4,2,1,3
SF,IF2006,2020-02-19 09:42:54.400,4038.0000,24503,0,780271200.000,0,-,-,-,-,4036.8000,4036.4000,4036.2000,4036.0000,4034.0000,4038.4000,4038.6000,4039.6000,4039.8000,4040.0000,1,4,1,2,3,1,4,2,1,3
SF,IF2006,2020-02-19 09:42:55.400,4038.4000,24502,-1,781482720.000,1,0,1,双平,S,4036.8000,4036.4000,4036.2000,4036.0000,4034.0000,4038.6000,4039.6000,4039.8000,4040.0000,4041.0000,1,4,1,2,3,4,2,1,3,1
SF,IF2006,2020-02-19 09:42:55.900,4038.4000,24502,0,781482720.000,0,-,-,-,-,4036.8000,4036.4000,4036.2000,4036.0000,4034.0000,4038.6000,4039.6000,4039.8000,4040.0000,4041.0000,1,4,1,2,3,1,2,1,3,1
SF,IF2006,2020-02-19 09:42:56.400,4038.4000,24502,0,781482720.000,0,-,-,-,-,4037.0000,4036.4000,4036.2000,4036.0000,4034.0000,4038.6000,4039.6000,4039.8000,4040.0000,4041.0000,1,4,1,2,3,1,2,1,3,1
SF,IF2006,2020-02-19 09:42:56.900,4038.4000,24502,0,781482720.000,0,-,-,-,-,4037.0000,4036.4000,4036.2000,4036.0000,4034.0000,4038.4000,4038.6000,4039.6000,4039.8000,4040.0000,1,4,1,2,3,1,1,2,1,3
SF,IF2006,2020-02-19 09:42:57.400,4038.4000,24502,0,781482720.000,0,-,-,-,-,4037.0000,4036.4000,4036.2000,4036.0000,4034.0000,4038.4000,4038.6000,4039.6000,4039.8000,4040.0000,1,4,1,2,3,2,1,2,1,3
SF,IF2006,2020-02-19 09:42:57.900,4038.4000,24502,0,781482720.000,0,-,-,-,-,4036.4000,4036.2000,4036.0000,4034.0000,4033.8000,4038.0000,4038.2000,4038.4000,4038.6000,4039.6000,4,1,2,3,4,1,3,1,1,2
SF,IF2006,2020-02-19 09:42:58.400,4038.4000,24502,0,781482720.000,0,-,-,-,-,4036.6000,4036.4000,4036.2000,4036.0000,4034.0000,4037.8000,4038.4000,4038.6000,4039.6000,4039.8000,1,4,1,2,3,4,1,1,2,1
SF,IF2006,2020-02-19 09:42:58.900,4038.4000,24502,0,781482720.000,0,-,-,-,-,4036.6000,4036.4000,4036.2000,4036.0000,4034.0000,4038.4000,4038.6000,4039.6000,4039.8000,4040.0000,1,4,1,2,3,1,1,2,1,3
SF,IF2006,2020-02-19 09:42:59.400,4038.4000,24502,0,781482720.000,0,-,-,-,-,4036.6000,4036.4000,4036.2000,4036.0000,4034.0000,4038.2000,4038.4000,4038.6000,4039.6000,4039.8000,1,4,1,2,3,2,1,1,2,1
SF,IF2006,2020-02-19 09:42:59.900,4038.4000,24502,0,781482720.000,0,-,-,-,-,4036.6000,4036.4000,4036.2000,4036.0000,4034.0000,4038.2000,4038.4000,4038.6000,4039.4000,4039.6000,1,4,1,2,3,2,1,1,2,2
SF,IF2006,2020-02-19 09:43:00.400,4038.4000,24502,0,781482720.000,0,-,-,-,-,4036.6000,4036.4000,4036.2000,4036.0000,4034.0000,4038.0000,4038.2000,4038.4000,4038.6000,4039.4000,1,4,1,2,3,2,2,1,1,2
SF,IF2006,2020-02-19 09:43:00.900,4038.4000,24502,0,781482720.000,0,-,-,-,-,4036.6000,4036.4000,4036.2000,4036.0000,4034.0000,4037.8000,4038.0000,4038.2000,4038.4000,4038.6000,1,4,1,2,3,1,2,1,1,1
SF,IF2006,2020-02-19 09:43:01.400,4038.4000,24502,0,781482720.000,0,-,-,-,-,4036.6000,4036.4000,4036.2000,4036.0000,4034.0000,4038.0000,4038.2000,4038.4000,4038.6000,4039.4000,1,4,1,2,3,1,1,1,1,2
SF,IF2006,2020-02-19 09:43:01.900,4038.4000,24502,0,781482720.000,0,-,-,-,-,4037.0000,4036.4000,4036.2000,4036.0000,4034.0000,4038.2000,4038.4000,4038.6000,4039.4000,4039.6000,1,4,1,2,3,1,1,1,2,2
SF,IF2006,2020-02-19 09:43:02.400,4038.4000,24501,-1,782694240.000,1,0,1,双平,S,4037.2000,4037.0000,4036.4000,4036.2000,4036.0000,4038.6000,4039.4000,4039.6000,4039.8000,4040.0000,1,1,4,1,2,1,2,2,1,3
SF,IF2006,2020-02-19 09:43:02.900,4038.4000,24501,0,782694240.000,0,-,-,-,-,4037.4000,4037.2000,4036.4000,4036.2000,4036.0000,4038.6000,4039.4000,4039.6000,4039.8000,4040.0000,1,1,4,1,2,1,2,2,1,3
SF,IF2006,2020-02-19 09:43:03.400,4038.4000,24501,0,782694240.000,0,-,-,-,-,4037.6000,4037.4000,4036.4000,4036.2000,4036.0000,4038.6000,4039.4000,4039.6000,4039.8000,4040.0000,1,1,4,1,2,1,2,2,1,3
SF,IF2006,2020-02-19 09:43:03.900,4038.4000,24501,0,782694240.000,0,-,-,-,-,4037.8000,4036.4000,4036.2000,4036.0000,4034.0000,4038.6000,4039.4000,4039.6000,4039.8000,4040.0000,2,4,1,2,3,1,2,2,1,3
SF,IF2006,2020-02-19 09:43:04.400,4038.6000,24501,0,783905820.000,1,0,1,多换,S,4038.6000,4037.8000,4036.4000,4036.2000,4036.0000,4039.4000,4039.6000,4039.8000,4040.0000,4041.0000,4,1,4,1,2,2,2,1,3,1
SF,IF2006,2020-02-19 09:43:04.900,4038.6000,24501,0,783905820.000,0,-,-,-,-,4038.6000,4036.4000,4036.2000,4036.0000,4034.0000,4039.4000,4039.6000,4039.8000,4040.0000,4041.0000,4,4,1,2,3,2,2,1,3,1
SF,IF2006,2020-02-19 09:43:05.400,4038.6000,24501,0,783905820.000,0,-,-,-,-,4038.6000,4036.4000,4036.2000,4036.0000,4034.0000,4039.4000,4039.6000,4039.8000,4040.0000,4041.0000,5,3,1,2,3,2,2,1,3,1
SF,IF2006,2020-02-19 09:43:05.900,4038.6000,24501,0,783905820.000,0,-,-,-,-,4038.6000,4036.4000,4036.2000,4036.0000,4034.0000,4039.2000,4039.4000,4039.6000,4039.8000,4040.0000,5,3,1,2,3,2,2,2,1,3
SF,IF2006,2020-02-19 09:43:06.400,4038.6000,24501,0,783905820.000,0,-,-,-,-,4038.6000,4036.4000,4036.2000,4036.0000,4034.0000,4039.4000,4039.6000,4039.8000,4040.0000,4041.0000,5,3,1,2,3,2,2,1,3,1
SF,IF2006,2020-02-19 09:43:06.900,4038.6000,24501,0,783905820.000,0,-,-,-,-,4038.6000,4036.4000,4036.2000,4036.0000,4034.0000,4039.4000,4039.6000,4039.8000,4040.0000,4041.0000,5,3,1,2,3,2,2,1,3,1
SF,IF2006,2020-02-19 09:43:07.400,4038.6000,24501,0,783905820.000,0,-,-,-,-,4038.6000,4036.4000,4036.2000,4036.0000,4034.0000,4039.2000,4039.4000,4039.6000,4039.8000,4040.0000,5,3,1,2,3,3,2,2,1,3
SF,IF2006,2020-02-19 09:43:07.900,4038.6000,24501,0,783905820.000,0,-,-,-,-,4038.6000,4036.4000,4036.2000,4036.0000,4034.0000,4039.2000,4039.4000,4039.6000,4039.8000,4040.0000,5,3,1,2,3,2,2,2,1,3
SF,IF2006,2020-02-19 09:43:08.400,4038.6000,24501,0,786328980.000,2,1,1,多换,S,4038.6000,4036.4000,4036.2000,4036.0000,4034.0000,4039.2000,4039.4000,4039.6000,4039.8000,4040.0000,3,3,1,2,3,2,2,2,1,3
SF,IF2006,2020-02-19 09:43:08.900,4038.6000,24499,-2,788752140.000,2,0,2,双平,S,4038.6000,4036.4000,4036.2000,4036.0000,4034.0000,4039.2000,4039.4000,4039.6000,4039.8000,4040.0000,1,3,1,2,3,2,2,2,1,3
SF,IF2006,2020-02-19 09:43:09.400,4038.6000,24499,0,788752140.000,0,-,-,-,-,4038.6000,4036.4000,4036.2000,4036.0000,4034.0000,4039.2000,4039.4000,4039.6000,4039.8000,4040.0000,1,3,1,2,3,1,2,2,1,3
SF,IF2006,2020-02-19 09:43:09.900,4038.6000,24499,0,789963720.000,1,0,1,多换,S,4036.4000,4036.2000,4036.0000,4034.0000,4033.8000,4039.2000,4039.4000,4039.6000,4039.8000,4040.0000,3,1,2,3,4,1,2,2,1,3
SF,IF2006,2020-02-19 09:43:10.400,4038.6000,24499,0,789963720.000,0,-,-,-,-,4038.0000,4037.6000,4036.8000,4036.4000,4036.2000,4039.2000,4039.4000,4039.6000,4039.8000,4040.0000,1,1,1,5,1,1,2,2,1,3
SF,IF2006,2020-02-19 09:43:10.900,4038.6000,24498,-1,791175300.000,1,0,1,双平,S,4038.4000,4038.2000,4037.6000,4036.4000,4036.2000,4039.2000,4039.4000,4039.6000,4039.8000,4040.0000,1,1,1,5,1,1,2,2,1,3
SF,IF2006,2020-02-19 09:43:11.400,4039.4000,24496,-2,794810700.000,3,0,3,多平,S,4038.8000,4037.6000,4037.0000,4036.4000,4036.2000,4039.6000,4039.8000,4040.0000,4041.0000,4041.2000,1,1,1,5,1,2,1,3,1,10
SF,IF2006,2020-02-19 09:43:11.900,4039.0000,24495,-1,796022400.000,1,0,1,双平,S,4038.8000,4037.6000,4037.4000,4036.4000,4036.2000,4039.6000,4039.8000,4040.0000,4041.0000,4041.2000,1,1,1,5,1,2,1,3,1,10
SF,IF2006,2020-02-19 09:43:12.400,4039.0000,24495,0,796022400.000,0,-,-,-,-,4039.2000,4037.4000,4036.4000,4036.2000,4036.0000,4039.6000,4039.8000,4040.0000,4041.0000,4041.2000,1,1,5,1,2,2,1,3,1,10
SF,IF2006,2020-02-19 09:43:13.900,4039.8000,24493,-2,799658100.000,3,0,3,多平,S,4039.8000,4037.4000,4036.4000,4036.2000,4036.0000,4040.0000,4041.0000,4041.2000,4042.0000,4042.8000,1,1,5,1,2,3,1,10,16,1
SF,IF2006,2020-02-19 09:43:14.400,4039.8000,24493,0,803294040.000,3,1,2,多换,S,4037.4000,4036.4000,4036.2000,4036.0000,4034.0000,4040.0000,4041.0000,4041.2000,4042.0000,4042.8000,1,5,1,2,3,1,1,10,16,1
SF,IF2006,2020-02-19 09:43:14.900,4039.8000,24493,0,803294040.000,0,-,-,-,-,4039.0000,4038.6000,4038.4000,4037.8000,4037.6000,4040.0000,4041.0000,4041.2000,4042.0000,4042.8000,1,1,1,1,2,1,1,10,16,1
SF,IF2006,2020-02-19 09:43:15.400,4040.0000,24493,0,804506040.000,1,0,1,多换,S,4040.0000,4039.2000,4039.0000,4038.4000,4037.6000,4041.0000,4041.2000,4042.0000,4042.8000,4043.0000,1,3,1,1,1,1,10,16,1,3
SF,IF2006,2020-02-19 09:43:15.900,4040.0000,24493,0,804506040.000,0,-,-,-,-,4040.0000,4039.2000,4038.4000,4037.6000,4037.4000,4041.0000,4041.2000,4042.0000,4042.8000,4043.0000,1,1,1,1,1,1,10,16,1,3
SF,IF2006,2020-02-19 09:43:16.400,4040.0000,24493,0,804506040.000,0,-,-,-,-,4040.2000,4039.2000,4038.4000,4037.6000,4037.4000,4041.0000,4041.2000,4042.0000,4042.8000,4043.0000,1,1,1,1,1,1,10,16,1,3
SF,IF2006,2020-02-19 09:43:17.900,4040.2000,24492,-1,805718100.000,1,0,1,双平,S,4039.2000,4038.4000,4037.6000,4037.4000,4036.4000,4041.0000,4041.2000,4042.0000,4042.8000,4043.0000,1,1,1,1,5,1,10,16,1,3
SF,IF2006,2020-02-19 09:43:18.400,4040.2000,24492,0,805718100.000,0,-,-,-,-,4039.6000,4039.4000,4039.2000,4038.4000,4037.6000,4041.0000,4041.2000,4042.0000,4042.8000,4043.0000,1,2,1,1,1,1,10,16,1,3
SF,IF2006,2020-02-19 09:43:18.900,4041.0000,24492,0,806930400.000,1,0,1,多换,S,4039.8000,4039.6000,4039.4000,4038.4000,4037.6000,4041.2000,4042.0000,4042.8000,4043.0000,4043.6000,1,1,2,1,1,10,16,1,3,1
SF,IF2006,2020-02-19 09:43:19.400,4041.0000,24492,0,806930400.000,0,-,-,-,-,4039.4000,4037.6000,4037.4000,4036.4000,4036.2000,4040.8000,4041.0000,4041.2000,4042.0000,4042.8000,1,1,1,5,1,1,2,10,16,1
SF,IF2006,2020-02-19 09:43:19.900,4039.6000,24494,2,809354220.000,2,2,0,双开,S,4039.4000,4037.6000,4037.4000,4036.4000,4036.2000,4041.0000,4041.2000,4042.0000,4042.8000,4043.0000,1,1,1,5,1,1,10,16,1,3
SF,IF2006,2020-02-19 09:43:20.400,4039.6000,24494,0,809354220.000,0,-,-,-,-,4037.6000,4037.4000,4036.4000,4036.2000,4036.0000,4040.6000,4040.8000,4041.0000,4041.2000,4042.0000,1,1,5,1,2,1,3,1,10,16
SF,IF2006,2020-02-19 09:43:20.900,4039.6000,24494,0,809354220.000,0,-,-,-,-,4038.8000,4038.6000,4038.4000,4038.0000,4037.6000,4040.8000,4041.0000,4041.2000,4042.0000,4042.8000,1,1,3,1,1,2,1,10,16,1
SF,IF2006,2020-02-19 09:43:21.400,4040.8000,24494,0,810566460.000,1,0,1,多换,S,4039.4000,4038.8000,4038.6000,4038.4000,4037.6000,4041.2000,4042.0000,4042.8000,4043.0000,4043.6000,1,1,1,1,1,10,16,1,3,1
SF,IF2006,2020-02-19 09:43:21.900,4040.8000,24494,0,810566460.000,0,-,-,-,-,4040.0000,4039.8000,4039.4000,4039.2000,4038.8000,4041.2000,4042.0000,4042.8000,4043.0000,4043.6000,1,1,3,1,2,10,16,1,3,1
SF,IF2006,2020-02-19 09:43:22.400,4040.8000,24494,0,810566460.000,0,-,-,-,-,4040.0000,4039.8000,4039.4000,4039.2000,4038.8000,4041.2000,4042.0000,4042.8000,4043.0000,4043.6000,1,1,3,1,2,10,16,1,3,1
SF,IF2006,2020-02-19 09:43:22.900,4041.2000,24494,0,811778820.000,1,0,1,多换,S,4040.4000,4040.2000,4039.4000,4038.8000,4038.4000,4041.2000,4042.0000,4042.8000,4043.0000,4043.6000,1,1,2,2,1,9,16,1,3,1
SF,IF2006,2020-02-19 09:43:23.400,4041.2000,24494,0,816628260.000,4,2,2,多换,S,4040.4000,4040.2000,4039.4000,4038.8000,4038.4000,4041.2000,4042.0000,4042.8000,4043.0000,4043.6000,1,1,2,2,1,5,16,1,3,1
SF,IF2006,2020-02-19 09:43:23.900,4041.2000,24494,0,822690060.000,5,2,3,多换,S,4041.2000,4040.6000,4040.2000,4039.4000,4038.8000,4042.0000,4042.8000,4043.0000,4043.6000,4043.8000,1,1,1,2,2,16,1,3,1,1
SF,IF2006,2020-02-19 09:43:24.400,4041.2000,24494,0,822690060.000,0,-,-,-,-,4041.4000,4041.2000,4040.6000,4040.2000,4039.4000,4042.0000,4042.8000,4043.0000,4043.6000,4043.8000,3,1,1,1,2,16,1,3,1,1
SF,IF2006,2020-02-19 09:43:24.900,4042.0000,24495,1,828753060.000,5,3,2,空开,S,4040.6000,4040.2000,4039.4000,4038.8000,4038.4000,4042.0000,4042.8000,4043.0000,4043.6000,4043.8000,1,1,1,2,1,11,1,3,1,1
SF,IF2006,2020-02-19 09:43:25.400,4042.0000,24495,0,828753060.000,0,-,-,-,-,4041.0000,4040.6000,4040.2000,4039.4000,4038.8000,4042.0000,4042.8000,4043.0000,4043.6000,4043.8000,1,1,1,1,2,11,1,3,1,1
SF,IF2006,2020-02-19 09:43:25.900,4042.0000,24495,0,828753060.000,0,-,-,-,-,4041.0000,4040.6000,4040.2000,4039.4000,4038.8000,4042.0000,4042.8000,4043.0000,4043.6000,4043.8000,1,1,1,1,2,11,1,3,1,1
SF,IF2006,2020-02-19 09:43:26.400,4042.0000,24495,0,828753060.000,0,-,-,-,-,4041.2000,4041.0000,4040.6000,4039.4000,4038.8000,4042.0000,4042.8000,4043.0000,4043.6000,4043.8000,1,1,1,1,2,11,1,3,1,1
SF,IF2006,2020-02-19 09:43:26.900,4042.0000,24495,0,842091660.000,11,5,6,多换,S,4041.4000,4039.4000,4038.8000,4038.4000,4037.6000,4042.8000,4043.0000,4043.6000,4043.8000,4044.2000,1,1,2,1,1,1,3,1,1,1
SF,IF2006,2020-02-19 09:43:27.400,4042.0000,24495,0,842091660.000,0,-,-,-,-,4041.8000,4041.6000,4041.4000,4039.4000,4038.8000,4042.8000,4043.0000,4043.6000,4043.8000,4044.2000,1,2,1,1,2,1,3,1,1,1
SF,IF2006,2020-02-19 09:43:27.900,4042.8000,24495,0,843304500.000,1,0,1,多换,S,4042.2000,4041.8000,4041.6000,4041.4000,4039.4000,4043.0000,4043.6000,4043.8000,4044.2000,4044.6000,2,1,2,1,1,3,1,1,1,1
SF,IF2006,2020-02-19 09:43:28.400,4043.0000,24494,-1,844517400.000,1,0,1,双平,S,4042.2000,4041.8000,4041.6000,4041.4000,4039.4000,4043.0000,4043.6000,4043.8000,4044.2000,4044.6000,2,1,1,1,1,2,1,1,1,1
SF,IF2006,2020-02-19 09:43:28.900,4043.0000,24494,0,844517400.000,0,-,-,-,-,4042.2000,4041.4000,4040.0000,4039.4000,4038.8000,4043.0000,4043.6000,4043.8000,4044.2000,4044.6000,1,1,5,1,2,2,1,1,1,1
SF,IF2006,2020-02-19 09:43:29.400,4043.0000,24494,0,844517400.000,0,-,-,-,-,4042.4000,4041.4000,4039.4000,4038.8000,4037.6000,4043.0000,4043.6000,4043.8000,4044.2000,4044.6000,2,1,1,2,1,2,1,1,1,1
SF,IF2006,2020-02-19 09:43:29.900,4042.4000,24494,0,849368640.000,4,2,2,多换,S,4041.4000,4039.4000,4038.8000,4037.6000,4036.4000,4043.6000,4043.8000,4044.2000,4044.6000,4045.0000,1,1,2,1,3,1,1,1,1,2
SF,IF2006,2020-02-19 09:43:30.400,4042.4000,24493,-1,850581360.000,1,0,1,双平,S,4043.2000,4042.4000,4041.6000,4041.4000,4039.4000,4043.6000,4043.8000,4044.6000,4045.0000,4045.8000,1,1,1,2,1,1,1,1,2,1
SF,IF2006,2020-02-19 09:43:30.900,4043.6000,24492,-1,851794440.000,1,0,1,双平,S,4043.2000,4042.4000,4041.6000,4041.4000,4039.4000,4043.8000,4044.6000,4045.0000,4045.8000,4046.0000,1,1,1,2,1,1,1,2,1,2
SF,IF2006,2020-02-19 09:43:31.400,4043.6000,24492,0,851794440.000,0,-,-,-,-,4043.2000,4042.4000,4041.6000,4041.4000,4039.4000,4043.8000,4044.6000,4045.0000,4045.8000,4046.0000,1,1,1,2,1,1,1,2,1,2
SF,IF2006,2020-02-19 09:43:32.400,4043.2000,24491,-1,853007400.000,1,0,1,双平,S,4043.2000,4042.4000,4041.6000,4041.4000,4039.4000,4043.8000,4044.6000,4045.0000,4045.8000,4046.0000,1,1,1,2,1,1,1,2,1,2
SF,IF2006,2020-02-19 09:43:32.900,4043.2000,24490,-1,854220360.000,1,0,1,双平,S,4042.4000,4041.6000,4041.4000,4039.4000,4038.8000,4043.6000,4043.8000,4044.6000,4045.0000,4045.6000,1,1,1,1,1,1,1,1,2,1
SF,IF2006,2020-02-19 09:43:33.400,4043.2000,24490,0,854220360.000,0,-,-,-,-,4042.4000,4041.6000,4041.4000,4039.4000,4038.8000,4043.4000,4043.6000,4043.8000,4044.6000,4045.0000,1,1,1,1,1,2,1,1,1,2
SF,IF2006,2020-02-19 09:43:33.900,4043.2000,24490,0,854220360.000,0,-,-,-,-,4042.4000,4041.4000,4039.4000,4038.8000,4038.4000,4042.8000,4043.2000,4043.8000,4044.6000,4045.0000,1,1,1,1,2,1,2,1,1,2
SF,IF2006,2020-02-19 09:43:34.400,4042.6000,24489,-1,856645860.000,2,0,2,多平,S,4039.4000,4038.8000,4038.4000,4037.6000,4036.4000,4043.8000,4044.6000,4045.0000,4045.6000,4045.8000,1,1,2,1,2,1,1,2,1,1
SF,IF2006,2020-02-19 09:43:34.900,4042.6000,24489,0,856645860.000,0,-,-,-,-,4041.0000,4040.8000,4039.8000,4039.6000,4039.4000,4043.0000,4043.4000,4043.6000,4043.8000,4044.6000,1,2,1,4,2,1,1,1,1,1
SF,IF2006,2020-02-19 09:43:35.400,4042.6000,24489,0,856645860.000,0,-,-,-,-,4041.0000,4040.8000,4039.8000,4039.6000,4039.4000,4043.0000,4043.2000,4043.6000,4043.8000,4044.6000,2,2,1,4,2,1,1,1,1,1
SF,IF2006,2020-02-19 09:43:35.900,4042.6000,24489,0,856645860.000,0,-,-,-,-,4041.0000,4040.8000,4039.8000,4039.6000,4039.4000,4043.0000,4043.2000,4043.8000,4044.6000,4045.0000,2,2,1,4,2,1,1,1,1,2
SF,IF2006,2020-02-19 09:43:36.400,4042.6000,24489,0,856645860.000,0,-,-,-,-,4041.0000,4040.8000,4039.8000,4039.6000,4039.4000,4043.2000,4043.8000,4044.6000,4045.0000,4045.8000,3,2,1,4,2,1,1,1,2,1
SF,IF2006,2020-02-19 09:43:36.900,4042.6000,24489,0,856645860.000,0,-,-,-,-,4041.0000,4039.8000,4039.6000,4039.4000,4039.2000,4042.8000,4043.2000,4043.8000,4044.6000,4045.0000,2,1,4,2,3,1,1,1,1,2
SF,IF2006,2020-02-19 09:43:37.400,4042.6000,24489,0,856645860.000,0,-,-,-,-,4041.0000,4039.8000,4039.6000,4039.4000,4039.2000,4042.8000,4043.0000,4043.8000,4044.6000,4045.0000,3,1,4,2,3,1,1,1,1,2
SF,IF2006,2020-02-19 09:43:37.900,4042.8000,24489,0,857858700.000,1,0,1,多换,S,4041.6000,4041.0000,4039.8000,4039.6000,4039.4000,4043.0000,4043.8000,4044.2000,4044.6000,4045.0000,1,3,1,1,2,1,1,1,1,2
SF,IF2006,2020-02-19 09:43:38.400,4042.8000,24489,0,857858700.000,0,-,-,-,-,4041.6000,4041.0000,4039.8000,4039.6000,4039.4000,4043.8000,4044.2000,4044.6000,4045.0000,4045.8000,2,2,1,1,2,1,1,1,2,1
SF,IF2006,2020-02-19 09:43:38.900,4041.6000,24489,0,860283660.000,2,1,1,多换,S,4041.0000,4039.8000,4039.6000,4039.4000,4039.2000,4043.4000,4043.6000,4043.8000,4044.2000,4044.6000,2,1,1,2,3,2,2,1,1,1
SF,IF2006,2020-02-19 09:43:39.400,4041.6000,24489,0,860283660.000,0,-,-,-,-,4041.0000,4039.8000,4039.6000,4039.4000,4039.2000,4042.8000,4043.0000,4043.8000,4044.0000,4044.2000,3,1,1,2,3,1,2,1,10,1
SF,IF2006,2020-02-19 09:43:39.900,4041.6000,24489,0,860283660.000,0,-,-,-,-,4041.0000,4039.8000,4039.6000,4039.4000,4039.2000,4042.8000,4043.0000,4043.2000,4043.8000,4044.0000,3,1,1,2,3,1,2,2,1,10
SF,IF2006,2020-02-19 09:43:40.400,4041.0000,24485,-4,866345160.000,5,0,5,多平,S,4039.8000,4039.6000,4039.4000,4039.2000,4038.4000,4041.0000,4042.4000,4042.8000,4043.2000,4043.8000,1,1,1,3,2,9,2,1,2,1
SF,IF2006,2020-02-19 09:43:40.900,4041.0000,24476,-9,877255860.000,9,0,9,双平,S,4041.0000,4040.0000,4039.8000,4039.4000,4039.2000,4043.2000,4043.8000,4044.0000,4044.6000,4045.0000,3,4,1,1,3,1,1,10,1,2
SF,IF2006,2020-02-19 09:43:41.400,4041.0000,24476,0,877255860.000,0,-,-,-,-,4041.4000,4041.0000,4040.0000,4039.8000,4039.4000,4042.8000,4043.2000,4043.8000,4044.0000,4044.6000,2,1,4,1,1,2,1,1,10,1
SF,IF2006,2020-02-19 09:43:41.900,4041.0000,24476,0,877255860.000,0,-,-,-,-,4041.6000,4041.4000,4041.0000,4040.0000,4039.8000,4043.2000,4043.8000,4044.0000,4044.6000,4045.0000,1,3,2,4,1,1,1,10,1,2
SF,IF2006,2020-02-19 09:43:42.400,4041.0000,24476,0,877255860.000,0,-,-,-,-,4041.4000,4041.0000,4040.6000,4040.0000,4039.4000,4043.0000,4043.8000,4044.0000,4044.6000,4045.0000,2,2,1,4,1,2,1,10,1,2
SF,IF2006,2020-02-19 09:43:42.900,4041.0000,24476,0,877255860.000,0,-,-,-,-,4041.4000,4041.0000,4040.6000,4040.0000,4039.4000,4043.0000,4043.8000,4044.0000,4044.6000,4045.0000,2,2,1,3,1,1,1,10,1,2
SF,IF2006,2020-02-19 09:43:43.400,4041.0000,24476,0,877255860.000,0,-,-,-,-,4041.4000,4041.0000,4040.6000,4040.0000,4039.4000,4042.8000,4043.0000,4043.8000,4044.0000,4044.6000,2,2,1,3,1,2,2,1,10,1
SF,IF2006,2020-02-19 09:43:44.400,4041.0000,24476,0,877255860.000,0,-,-,-,-,4041.4000,4041.0000,4040.6000,4040.0000,4039.4000,4042.0000,4042.8000,4043.0000,4043.8000,4044.0000,2,2,1,3,1,1,2,2,1,10
SF,IF2006,2020-02-19 09:43:44.900,4042.0000,24477,1,878468460.000,1,1,0,双开,S,4041.4000,4041.0000,4040.6000,4040.0000,4039.4000,4043.0000,4043.8000,4044.0000,4044.6000,4045.0000,2,1,1,3,1,1,1,10,1,2
SF,IF2006,2020-02-19 09:43:45.400,4042.0000,24477,0,878468460.000,0,-,-,-,-,4041.4000,4041.0000,4040.6000,4040.0000,4039.4000,4042.8000,4043.0000,4043.8000,4044.0000,4044.6000,2,1,1,3,1,1,1,1,10,1
SF,IF2006,2020-02-19 09:43:45.900,4041.4000,24475,-2,880893300.000,2,0,2,双平,S,4041.0000,4040.6000,4040.0000,4039.4000,4039.2000,4041.4000,4042.8000,4043.0000,4043.8000,4044.0000,1,2,3,1,3,6,1,1,1,10
SF,IF2006,2020-02-19 09:43:46.400,4041.4000,24470,-5,889380240.000,7,1,6,多平,S,4042.8000,4041.0000,4040.6000,4040.0000,4039.4000,4043.0000,4043.8000,4044.0000,4044.6000,4045.0000,1,1,2,3,1,1,1,10,1,2
SF,IF2006,2020-02-19 09:43:46.900,4042.8000,24470,0,891805920.000,2,1,1,多换,S,4041.8000,4041.0000,4040.6000,4040.0000,4039.4000,4042.8000,4043.0000,4043.8000,4044.0000,4044.6000,1,1,2,3,1,1,1,1,10,1
SF,IF2006,2020-02-19 09:43:47.400,4042.8000,24470,0,891805920.000,0,-,-,-,-,4041.8000,4041.0000,4040.6000,4040.0000,4039.4000,4043.0000,4043.8000,4044.0000,4044.6000,4045.0000,1,1,2,3,1,1,1,10,1,2
SF,IF2006,2020-02-19 09:43:47.900,4042.8000,24470,0,891805920.000,0,-,-,-,-,4041.8000,4041.4000,4041.2000,4040.6000,4040.0000,4043.0000,4043.8000,4044.0000,4044.6000,4045.0000,2,1,1,2,3,1,1,10,1,2
SF,IF2006,2020-02-19 09:43:48.400,4042.8000,24470,0,891805920.000,0,-,-,-,-,4041.8000,4040.6000,4040.0000,4039.4000,4039.2000,4043.0000,4043.8000,4044.0000,4044.6000,4045.0000,2,2,3,1,3,1,1,10,1,2
SF,IF2006,2020-02-19 09:43:48.900,4042.8000,24470,0,891805920.000,0,-,-,-,-,4042.0000,4041.8000,4040.6000,4040.0000,4039.4000,4043.0000,4043.8000,4044.0000,4044.6000,4045.0000,1,2,2,3,1,1,1,10,1,2
SF,IF2006,2020-02-19 09:43:49.400,4042.8000,24470,0,891805920.000,0,-,-,-,-,4042.0000,4041.8000,4040.6000,4040.0000,4039.4000,4043.0000,4043.8000,4044.0000,4044.6000,4045.0000,1,2,2,3,1,1,1,10,1,2
SF,IF2006,2020-02-19 09:43:49.900,4042.8000,24470,0,891805920.000,0,-,-,-,-,4042.0000,4041.8000,4040.6000,4040.0000,4039.4000,4043.0000,4043.8000,4044.0000,4044.6000,4045.0000,1,2,2,3,1,1,1,10,1,12
SF,IF2006,2020-02-19 09:43:50.400,4042.8000,24470,0,891805920.000,0,-,-,-,-,4041.8000,4040.6000,4040.0000,4039.4000,4039.2000,4043.0000,4043.8000,4044.0000,4044.6000,4045.0000,2,2,3,1,3,1,1,10,1,12
SF,IF2006,2020-02-19 09:43:50.900,4042.8000,24470,0,891805920.000,0,-,-,-,-,4041.8000,4040.6000,4040.0000,4039.4000,4039.2000,4042.0000,4043.0000,4043.8000,4044.0000,4044.6000,2,2,3,1,3,1,1,1,10,1
SF,IF2006,2020-02-19 09:43:51.400,4042.0000,24469,-1,893018520.000,1,0,1,双平,S,4042.4000,4041.8000,4040.6000,4040.0000,4039.4000,4043.0000,4043.8000,4044.0000,4044.6000,4045.0000,2,2,2,3,1,1,1,10,1,12
SF,IF2006,2020-02-19 09:43:51.900,4042.4000,24467,-2,895443960.000,2,0,2,双平,S,4041.8000,4040.6000,4040.0000,4039.4000,4039.2000,4043.0000,4043.8000,4044.0000,4044.6000,4045.0000,1,2,3,1,3,1,1,10,1,12
SF,IF2006,2020-02-19 09:43:52.400,4043.0000,24468,1,896656860.000,1,1,0,双开,S,4042.4000,4041.8000,4040.6000,4040.0000,4039.4000,4043.8000,4044.0000,4044.6000,4045.0000,4045.8000,5,1,2,3,1,1,10,1,12,1
SF,IF2006,2020-02-19 09:43:52.900,4043.0000,24468,0,896656860.000,0,-,-,-,-,4042.4000,4041.8000,4040.6000,4040.0000,4039.4000,4043.6000,4043.8000,4044.0000,4044.6000,4045.0000,5,1,2,3,1,1,1,10,1,12
SF,IF2006,2020-02-19 09:43:53.400,4042.4000,24468,0,899082300.000,2,1,1,多换,S,4042.4000,4041.8000,4041.4000,4040.6000,4040.0000,4043.6000,4043.8000,4044.0000,4044.6000,4045.0000,3,1,1,2,3,1,1,10,1,12
SF,IF2006,2020-02-19 09:43:53.900,4042.4000,24468,0,899082300.000,0,-,-,-,-,4042.4000,4041.8000,4041.4000,4040.6000,4040.0000,4043.6000,4043.8000,4044.0000,4044.6000,4045.0000,3,1,1,2,3,1,1,10,1,12
SF,IF2006,2020-02-19 09:43:54.400,4042.4000,24468,0,899082300.000,0,-,-,-,-,4043.2000,4042.6000,4042.4000,4041.8000,4041.4000,4043.6000,4043.8000,4044.0000,4044.6000,4045.0000,1,1,3,1,1,1,1,10,1,12
SF,IF2006,2020-02-19 09:43:54.900,4043.2000,24467,-1,901508340.000,2,0,2,多平,S,4042.4000,4041.8000,4041.4000,4040.6000,4040.0000,4043.8000,4044.0000,4044.6000,4045.0000,4045.8000,3,1,1,2,3,1,10,1,12,1
SF,IF2006,2020-02-19 09:43:55.400,4043.2000,24467,0,901508340.000,0,-,-,-,-,4042.6000,4042.4000,4041.8000,4041.4000,4040.6000,4043.8000,4044.0000,4044.6000,4045.0000,4045.8000,2,3,1,1,2,1,10,1,12,1
SF,IF2006,2020-02-19 09:43:56.900,4043.2000,24467,0,901508340.000,0,-,-,-,-,4042.6000,4042.4000,4041.8000,4041.4000,4040.6000,4043.8000,4044.0000,4044.6000,4045.0000,4045.8000,3,3,1,1,2,1,10,1,12,1
SF,IF2006,2020-02-19 09:43:57.400,4043.2000,24467,0,901508340.000,0,-,-,-,-,4042.6000,4042.4000,4041.8000,4041.4000,4040.6000,4043.8000,4044.0000,4044.6000,4045.0000,4045.8000,3,3,1,1,2,1,10,1,12,1
SF,IF2006,2020-02-19 09:43:57.900,4043.2000,24467,0,901508340.000,0,-,-,-,-,4042.6000,4042.4000,4041.8000,4041.4000,4040.6000,4043.8000,4044.0000,4044.6000,4045.0000,4045.8000,2,3,1,1,2,1,10,1,12,1
SF,IF2006,2020-02-19 09:43:58.400,4042.6000,24467,0,902721120.000,1,0,1,多换,S,4042.6000,4042.4000,4041.8000,4041.4000,4040.6000,4043.6000,4043.8000,4044.0000,4044.6000,4045.0000,1,3,1,1,2,1,1,10,1,12
SF,IF2006,2020-02-19 09:43:58.900,4042.6000,24467,0,902721120.000,0,-,-,-,-,4042.6000,4042.4000,4041.8000,4041.4000,4040.6000,4043.6000,4043.8000,4044.0000,4044.6000,4045.0000,2,3,1,1,2,1,1,10,1,12
SF,IF2006,2020-02-19 09:43:59.400,4042.6000,24467,0,902721120.000,0,-,-,-,-,4042.6000,4042.4000,4041.8000,4041.4000,4040.6000,4043.6000,4043.8000,4044.0000,4044.6000,4045.0000,1,3,1,1,2,1,1,10,1,12
SF,IF2006,2020-02-19 09:43:59.900,4042.6000,24467,0,902721120.000,0,-,-,-,-,4043.2000,4042.8000,4042.6000,4042.4000,4041.8000,4043.8000,4044.0000,4044.6000,4045.0000,4045.8000,1,1,3,3,1,1,10,1,12,1
SF,IF2006,2020-02-19 09:44:00.400,4043.2000,24466,-1,903934080.000,1,0,1,双平,S,4042.8000,4042.6000,4042.4000,4041.8000,4041.4000,4043.8000,4044.0000,4044.6000,4045.0000,4045.8000,1,2,3,1,1,1,10,1,12,1
SF,IF2006,2020-02-19 09:44:00.900,4043.8000,24465,-1,905147220.000,1,0,1,双平,S,4042.8000,4042.6000,4042.4000,4041.8000,4041.4000,4044.0000,4044.6000,4045.0000,4045.8000,4046.0000,1,1,3,1,1,10,1,12,1,2
SF,IF2006,2020-02-19 09:44:01.400,4043.8000,24465,0,905147220.000,0,-,-,-,-,4043.0000,4042.6000,4042.4000,4041.8000,4041.4000,4043.8000,4044.0000,4044.6000,4045.0000,4045.8000,1,1,3,1,1,1,10,1,12,1
SF,IF2006,2020-02-19 09:44:01.900,4043.0000,24465,0,906360120.000,1,0,1,多换,S,4042.6000,4042.4000,4041.8000,4041.4000,4040.6000,4043.4000,4044.0000,4044.6000,4045.0000,4045.8000,1,3,1,1,2,1,10,1,12,1
SF,IF2006,2020-02-19 09:44:02.400,4042.6000,24465,0,907572900.000,1,0,1,多换,S,4042.4000,4041.8000,4041.4000,4041.0000,4040.6000,4043.0000,4044.0000,4044.6000,4045.0000,4045.8000,3,1,1,1,2,1,10,1,12,1
SF,IF2006,2020-02-19 09:44:03.400,4042.6000,24465,0,907572900.000,0,-,-,-,-,4042.4000,4041.8000,4041.4000,4041.0000,4040.6000,4043.0000,4044.0000,4044.6000,4045.0000,4045.8000,3,1,1,4,2,1,10,1,12,1
SF,IF2006,2020-02-19 09:44:03.900,4042.4000,24464,-1,911211240.000,3,1,2,多平,S,4042.4000,4041.8000,4041.4000,4041.0000,4040.6000,4044.0000,4044.6000,4045.0000,4045.8000,4046.0000,1,1,1,3,2,10,1,12,1,2
SF,IF2006,2020-02-19 09:44:04.400,4042.4000,24463,-1,912423960.000,1,0,1,双平,S,4041.8000,4041.4000,4041.0000,4040.6000,4040.0000,4042.4000,4043.8000,4044.0000,4044.6000,4045.0000,1,1,3,2,3,3,2,10,1,12
SF,IF2006,2020-02-19 09:44:04.900,4042.4000,24457,-6,919700280.000,6,0,6,双平,S,4042.0000,4041.8000,4041.6000,4041.4000,4041.0000,4044.0000,4044.6000,4045.0000,4045.8000,4046.0000,1,1,1,1,3,10,1,12,1,2
SF,IF2006,2020-02-19 09:44:05.400,4042.4000,24457,0,919700280.000,0,-,-,-,-,4042.0000,4041.8000,4041.4000,4041.0000,4040.6000,4043.8000,4044.0000,4044.6000,4045.0000,4045.8000,1,1,1,3,2,1,10,1,12,1
SF,IF2006,2020-02-19 09:44:05.900,4042.0000,24456,-1,920912880.000,1,0,1,双平,S,4041.8000,4041.4000,4041.0000,4040.6000,4040.0000,4042.0000,4043.8000,4044.0000,4044.6000,4045.0000,1,1,3,2,3,3,1,10,1,12
SF,IF2006,2020-02-19 09:44:06.400,4042.0000,24453,-3,924550680.000,3,0,3,双平,S,4042.4000,4042.2000,4041.8000,4041.4000,4041.0000,4044.0000,4044.6000,4045.0000,4045.8000,4046.0000,2,1,1,1,3,10,1,13,1,2
SF,IF2006,2020-02-19 09:44:06.900,4042.0000,24453,0,924550680.000,0,-,-,-,-,4042.4000,4042.2000,4041.8000,4041.4000,4041.0000,4043.6000,4043.8000,4044.0000,4044.6000,4045.0000,3,1,1,1,3,1,1,10,1,13
SF,IF2006,2020-02-19 09:44:07.900,4042.0000,24453,0,924550680.000,0,-,-,-,-,4042.4000,4042.2000,4042.0000,4041.8000,4041.4000,4042.6000,4043.6000,4043.8000,4044.0000,4044.6000,3,1,1,1,1,1,1,1,10,1
SF,IF2006,2020-02-19 09:44:08.400,4042.4000,24450,-3,929401620.000,4,0,4,多平,S,4042.2000,4042.0000,4041.8000,4041.4000,4041.0000,4042.4000,4043.8000,4044.0000,4044.6000,4045.0000,1,1,1,1,3,4,1,10,1,13
SF,IF2006,2020-02-19 09:44:08.900,4042.2000,24449,-1,930614280.000,1,0,1,双平,S,4041.8000,4041.4000,4041.0000,4040.6000,4040.0000,4042.4000,4043.8000,4044.0000,4044.6000,4045.0000,1,1,3,2,3,5,1,10,1,13
SF,IF2006,2020-02-19 09:44:09.400,4041.8000,24448,-1,933039540.000,2,0,2,多平,S,4041.4000,4041.0000,4040.6000,4040.0000,4039.2000,4041.8000,4042.4000,4043.8000,4044.0000,4044.6000,1,3,2,3,1,2,5,1,10,1
SF,IF2006,2020-02-19 09:44:09.900,4041.8000,24446,-2,935464620.000,2,0,2,双平,S,4042.2000,4041.4000,4041.0000,4040.6000,4040.0000,4042.4000,4043.8000,4044.0000,4044.6000,4045.0000,1,1,3,2,3,5,1,10,1,13
SF,IF2006,2020-02-19 09:44:10.400,4042.2000,24445,-1,936677280.000,1,0,1,双平,S,4041.4000,4041.0000,4040.6000,4040.0000,4039.2000,4042.2000,4042.4000,4043.8000,4044.0000,4044.6000,1,3,2,3,1,1,5,1,10,1
SF,IF2006,2020-02-19 09:44:10.900,4042.2000,24445,0,936677280.000,0,-,-,-,-,4041.4000,4041.0000,4040.6000,4040.0000,4039.6000,4042.2000,4042.4000,4043.8000,4044.0000,4044.6000,1,3,2,3,1,2,5,1,10,1
SF,IF2006,2020-02-19 09:44:11.400,4041.4000,24443,-2,939102360.000,2,0,2,双平,S,4041.0000,4040.6000,4040.0000,4039.6000,4039.2000,4041.4000,4042.2000,4042.4000,4043.8000,4044.0000,3,2,3,1,1,2,1,5,1,10
SF,IF2006,2020-02-19 09:44:11.900,4041.2000,24438,-5,945164280.000,5,0,5,双平,S,4041.8000,4041.6000,4041.0000,4040.6000,4040.0000,4042.2000,4042.4000,4043.8000,4044.0000,4044.6000,2,1,3,2,3,1,5,1,10,1
SF,IF2006,2020-02-19 09:44:12.400,4041.8000,24436,-2,947589360.000,2,0,2,双平,S,4041.6000,4041.0000,4040.6000,4040.0000,4039.6000,4042.2000,4042.4000,4043.8000,4044.0000,4044.6000,1,3,2,3,1,1,5,1,10,1
SF,IF2006,2020-02-19 09:44:12.900,4042.0000,24435,-1,948801960.000,1,0,1,双平,S,4041.6000,4041.0000,4040.6000,4040.0000,4039.6000,4042.2000,4042.4000,4043.8000,4044.0000,4044.6000,1,3,2,3,1,1,5,1,10,1
SF,IF2006,2020-02-19 09:44:13.400,4041.6000,24435,0,950014440.000,1,0,1,多换,S,4041.0000,4040.6000,4040.0000,4039.6000,4039.2000,4041.6000,4042.2000,4042.4000,4043.8000,4044.0000,3,2,3,1,1,1,1,4,1,10
SF,IF2006,2020-02-19 09:44:13.900,4042.4000,24433,-2,953652300.000,3,0,3,多平,S,4042.2000,4042.0000,4041.8000,4041.6000,4041.0000,4042.4000,4043.8000,4044.0000,4044.6000,4045.0000,1,2,1,1,3,3,1,10,1,13
SF,IF2006,2020-02-19 09:44:14.400,4042.4000,24430,-3,957290460.000,3,0,3,双平,S,4042.0000,4041.0000,4040.6000,4039.6000,4039.2000,4042.2000,4043.8000,4044.0000,4044.6000,4045.0000,2,3,2,1,1,1,1,10,1,13
SF,IF2006,2020-02-19 09:44:14.900,4042.2000,24429,-1,958503120.000,1,0,1,双平,S,4042.0000,4041.0000,4040.6000,4039.6000,4039.2000,4043.8000,4044.0000,4044.6000,4045.0000,4045.8000,2,3,2,1,1,1,10,1,13,1
SF,IF2006,2020-02-19 09:44:15.400,4042.0000,24427,-2,960928320.000,2,0,2,双平,S,4041.0000,4040.6000,4039.6000,4039.2000,4039.0000,4042.0000,4043.2000,4043.4000,4043.8000,4044.0000,3,2,1,1,1,1,1,1,1,10
SF,IF2006,2020-02-19 09:44:15.900,4041.4000,24425,-2,963353340.000,2,0,2,双平,S,4042.2000,4041.2000,4041.0000,4040.6000,4039.6000,4043.8000,4044.0000,4044.6000,4045.0000,4045.8000,1,6,3,2,1,1,10,1,13,1
SF,IF2006,2020-02-19 09:44:16.400,4042.0000,24423,-2,965778540.000,2,0,2,双平,S,4041.4000,4041.2000,4041.0000,4040.6000,4039.6000,4043.2000,4043.6000,4043.8000,4044.0000,4044.6000,1,4,3,2,1,1,1,1,10,1
SF,IF2006,2020-02-19 09:44:16.900,4042.0000,24423,0,965778540.000,0,-,-,-,-,4041.8000,4041.4000,4041.2000,4041.0000,4040.6000,4043.2000,4043.8000,4044.0000,4044.6000,4045.0000,2,1,4,3,2,1,1,10,1,13
SF,IF2006,2020-02-19 09:44:17.400,4042.0000,24423,0,965778540.000,0,-,-,-,-,4042.2000,4041.8000,4041.6000,4041.4000,4041.2000,4043.2000,4043.8000,4044.0000,4044.6000,4045.0000,2,2,1,1,4,1,1,10,1,13
SF,IF2006,2020-02-19 09:44:17.900,4043.0000,24422,-1,966991440.000,1,0,1,双平,S,4041.8000,4041.6000,4041.4000,4041.2000,4041.0000,4043.2000,4043.8000,4044.0000,4044.6000,4045.0000,1,1,1,3,3,1,1,10,1,13
SF,IF2006,2020-02-19 09:44:18.400,4043.0000,24422,0,966991440.000,0,-,-,-,-,4042.4000,4041.8000,4041.6000,4041.4000,4041.2000,4043.2000,4043.8000,4044.0000,4044.6000,4045.0000,2,1,1,1,3,1,1,10,1,13
SF,IF2006,2020-02-19 09:44:18.900,4042.4000,24422,0,968204160.000,1,0,1,多换,S,4042.4000,4041.8000,4041.6000,4041.4000,4041.2000,4043.2000,4043.8000,4044.0000,4044.6000,4045.0000,1,1,1,1,3,1,1,10,1,13
SF,IF2006,2020-02-19 09:44:19.400,4043.2000,24421,-1,969417120.000,1,0,1,双平,S,4042.4000,4041.8000,4041.6000,4041.4000,4041.2000,4043.8000,4044.0000,4044.6000,4045.0000,4045.8000,1,1,1,1,3,1,10,1,13,1
SF,IF2006,2020-02-19 09:44:19.900,4043.2000,24421,0,969417120.000,0,-,-,-,-,4042.4000,4042.0000,4041.8000,4041.6000,4041.4000,4043.4000,4043.8000,4044.0000,4044.6000,4045.0000,1,2,1,1,1,1,1,10,1,13
SF,IF2006,2020-02-19 09:44:20.400,4043.2000,24421,0,969417120.000,0,-,-,-,-,4042.6000,4042.4000,4042.0000,4041.8000,4041.6000,4043.8000,4044.0000,4044.6000,4045.0000,4045.8000,1,1,2,1,1,1,10,1,13,1
SF,IF2006,2020-02-19 09:44:20.900,4042.8000,24419,-2,971842800.000,2,0,2,双平,S,4042.4000,4042.0000,4041.8000,4041.6000,4041.4000,4043.8000,4044.0000,4044.6000,4045.0000,4045.8000,1,2,1,1,1,1,10,1,13,1
SF,IF2006,2020-02-19 09:44:21.400,4042.8000,24419,0,971842800.000,0,-,-,-,-,4043.0000,4042.6000,4042.4000,4042.0000,4041.8000,4043.8000,4044.0000,4044.6000,4045.0000,4045.8000,1,1,1,2,1,1,10,1,13,1
SF,IF2006,2020-02-19 09:44:21.900,4042.8000,24419,0,971842800.000,0,-,-,-,-,4043.0000,4042.8000,4042.6000,4042.4000,4042.0000,4043.8000,4044.0000,4044.6000,4045.0000,4045.8000,1,1,1,1,2,1,10,1,13,1
SF,IF2006,2020-02-19 09:44:22.400,4042.8000,24419,0,971842800.000,0,-,-,-,-,4043.0000,4042.8000,4042.6000,4042.4000,4042.0000,4043.8000,4044.0000,4044.6000,4045.0000,4045.8000,1,1,1,1,2,2,10,1,13,1
SF,IF2006,2020-02-19 09:44:22.900,4043.8000,24420,1,973055940.000,1,1,0,双开,S,4043.0000,4042.8000,4042.6000,4042.4000,4042.0000,4043.8000,4044.0000,4044.6000,4045.0000,4045.8000,1,1,1,1,2,1,10,1,13,1
SF,IF2006,2020-02-19 09:44:23.400,4043.8000,24420,0,973055940.000,0,-,-,-,-,4043.0000,4042.8000,4042.6000,4042.4000,4042.0000,4043.8000,4044.0000,4044.6000,4045.0000,4045.8000,1,1,1,1,2,1,10,1,13,1
SF,IF2006,2020-02-19 09:44:23.900,4044.0000,24419,-1,975482280.000,2,0,2,多平,S,4043.4000,4043.2000,4043.0000,4042.6000,4042.4000,4044.0000,4044.6000,4045.0000,4045.8000,4046.0000,1,4,1,1,1,9,1,13,1,3
SF,IF2006,2020-02-19 09:44:24.400,4043.2000,24420,1,977908440.000,2,1,1,空开,S,4043.2000,4043.0000,4042.6000,4042.4000,4042.0000,4044.0000,4044.6000,4045.0000,4045.8000,4046.0000,2,1,1,1,2,8,1,13,1,3
SF,IF2006,2020-02-19 09:44:24.900,4044.0000,24421,1,979121640.000,1,1,0,双开,S,4043.2000,4043.0000,4042.6000,4042.4000,4042.0000,4044.0000,4044.6000,4045.0000,4045.8000,4046.0000,2,2,1,1,2,7,1,13,1,3
SF,IF2006,2020-02-19 09:44:25.400,4044.0000,24421,0,979121640.000,0,-,-,-,-,4043.2000,4043.0000,4042.6000,4042.4000,4042.0000,4044.0000,4044.6000,4045.0000,4045.8000,4046.0000,2,1,1,1,2,7,1,13,1,3
SF,IF2006,2020-02-19 09:44:25.900,4044.0000,24421,0,979121640.000,0,-,-,-,-,4043.4000,4043.2000,4043.0000,4042.6000,4042.4000,4044.0000,4044.6000,4045.0000,4045.8000,4046.0000,1,3,1,1,1,7,1,13,1,3
SF,IF2006,2020-02-19 09:44:26.400,4044.0000,24422,1,983974440.000,4,2,2,空开,S,4043.4000,4043.0000,4042.6000,4042.4000,4042.0000,4044.0000,4044.6000,4045.0000,4045.8000,4046.0000,2,1,1,1,2,3,1,13,1,3
SF,IF2006,2020-02-19 09:44:26.900,4044.0000,24422,0,987614040.000,3,1,2,多换,S,4044.2000,4043.4000,4043.0000,4042.6000,4042.4000,4044.6000,4045.0000,4045.8000,4046.0000,4046.2000,1,2,1,1,1,1,13,1,3,1
SF,IF2006,2020-02-19 09:44:27.400,4044.6000,24423,1,988827420.000,1,1,0,双开,S,4044.4000,4043.4000,4043.0000,4042.6000,4042.4000,4045.0000,4045.8000,4046.0000,4046.2000,4046.8000,1,2,1,1,1,13,1,3,1,2
SF,IF2006,2020-02-19 09:44:27.900,4044.6000,24423,0,988827420.000,0,-,-,-,-,4044.6000,4043.4000,4042.6000,4042.4000,4042.0000,4045.0000,4045.8000,4046.0000,4046.2000,4046.8000,1,2,1,1,2,13,1,3,1,2
SF,IF2006,2020-02-19 09:44:28.400,4044.6000,24423,0,990040800.000,1,0,1,多换,S,4043.6000,4043.4000,4042.6000,4042.4000,4042.0000,4045.0000,4045.8000,4046.0000,4046.2000,4046.8000,1,2,1,1,2,13,1,3,1,2
SF,IF2006,2020-02-19 09:44:28.900,4044.6000,24423,0,990040800.000,0,-,-,-,-,4043.8000,4043.6000,4043.4000,4042.6000,4042.4000,4045.0000,4045.8000,4046.0000,4046.2000,4046.8000,1,1,1,1,1,13,1,3,1,2
SF,IF2006,2020-02-19 09:44:29.400,4044.6000,24423,0,991254180.000,1,0,1,多换,S,4044.6000,4043.8000,4043.6000,4043.4000,4042.6000,4045.0000,4045.8000,4046.0000,4046.2000,4046.8000,1,1,2,2,1,13,1,3,1,2
SF,IF2006,2020-02-19 09:44:29.900,4044.6000,24423,0,992467560.000,1,0,1,多换,S,4043.8000,4043.6000,4042.6000,4042.4000,4042.0000,4044.6000,4044.8000,4045.0000,4045.8000,4046.0000,1,2,1,1,2,1,1,13,1,3
SF,IF2006,2020-02-19 09:44:30.900,4043.6000,24423,0,996106860.000,3,1,2,多换,S,4042.6000,4042.4000,4042.0000,4041.8000,4041.0000,4043.8000,4045.0000,4045.8000,4046.0000,4046.2000,1,1,2,1,4,2,13,1,3,1
SF,IF2006,2020-02-19 09:44:31.400,4043.8000,24424,1,997320000.000,1,1,0,双开,S,4042.6000,4042.4000,4042.0000,4041.8000,4041.0000,4043.8000,4045.0000,4045.8000,4046.0000,4046.2000,1,1,2,1,4,1,13,1,3,1
SF,IF2006,2020-02-19 09:44:31.900,4043.8000,24424,0,997320000.000,0,-,-,-,-,4042.6000,4042.4000,4042.0000,4041.8000,4041.0000,4043.2000,4043.6000,4043.8000,4045.0000,4045.8000,1,1,2,1,4,1,2,1,13,1
SF,IF2006,2020-02-19 09:44:32.400,4043.8000,24424,0,997320000.000,0,-,-,-,-,4042.4000,4042.0000,4041.8000,4041.0000,4040.6000,4043.2000,4043.6000,4043.8000,4045.0000,4045.8000,1,2,1,4,2,1,2,1,13,1
SF,IF2006,2020-02-19 09:44:32.900,4043.8000,24424,0,997320000.000,0,-,-,-,-,4042.4000,4042.0000,4041.8000,4041.0000,4040.6000,4043.6000,4043.8000,4045.0000,4045.8000,4046.0000,1,2,1,4,2,2,1,13,1,3
SF,IF2006,2020-02-19 09:44:33.400,4043.8000,24424,0,997320000.000,0,-,-,-,-,4042.4000,4042.0000,4041.8000,4041.0000,4040.6000,4045.0000,4045.8000,4046.0000,4046.2000,4046.8000,1,2,1,4,2,13,1,3,1,2
SF,IF2006,2020-02-19 09:44:33.900,4043.8000,24424,0,997320000.000,0,-,-,-,-,4042.6000,4042.4000,4042.0000,4041.8000,4041.0000,4044.0000,4044.6000,4045.0000,4045.8000,4046.0000,1,2,2,1,4,1,2,13,1,13
SF,IF2006,2020-02-19 09:44:34.400,4043.8000,24424,0,997320000.000,0,-,-,-,-,4042.8000,4042.6000,4042.4000,4042.0000,4041.8000,4044.0000,4045.0000,4045.8000,4046.0000,4046.2000,2,1,2,2,1,1,13,1,13,1
SF,IF2006,2020-02-19 09:44:34.900,4043.8000,24424,0,998533140.000,1,0,1,多换,S,4043.0000,4042.8000,4042.6000,4042.4000,4042.0000,4043.8000,4044.0000,4045.0000,4045.8000,4046.0000,1,2,1,2,2,1,1,13,1,13
SF,IF2006,2020-02-19 09:44:35.400,4044.0000,24422,-2,1000959480.000,2,0,2,双平,S,4043.2000,4043.0000,4042.8000,4042.6000,4042.4000,4045.0000,4045.8000,4046.0000,4046.2000,4046.8000,1,2,2,1,2,13,1,13,1,2
SF,IF2006,2020-02-19 09:44:35.900,4044.0000,24422,0,1000959480.000,0,-,-,-,-,4043.6000,4043.4000,4043.2000,4042.8000,4042.6000,4045.0000,4045.8000,4046.0000,4046.2000,4046.8000,4,1,3,2,1,13,1,13,1,2
SF,IF2006,2020-02-19 09:44:36.400,4044.0000,24422,0,1000959480.000,0,-,-,-,-,4044.0000,4043.6000,4043.4000,4043.2000,4042.8000,4044.8000,4045.0000,4045.8000,4046.0000,4046.2000,2,1,1,3,2,1,13,1,13,1
SF,IF2006,2020-02-19 09:44:36.900,4044.0000,24421,-1,1002172680.000,1,0,1,双平,S,4043.4000,4043.2000,4042.8000,4042.6000,4042.4000,4044.8000,4045.0000,4045.8000,4046.0000,4046.2000,1,3,2,1,2,1,13,1,13,1
SF,IF2006,2020-02-19 09:44:37.400,4045.0000,24420,-1,1004599620.000,2,0,2,多平,S,4044.6000,4044.0000,4043.8000,4043.4000,4043.2000,4045.0000,4045.8000,4046.0000,4046.2000,4046.8000,1,1,2,1,3,12,1,13,1,2
SF,IF2006,2020-02-19 09:44:37.900,4045.0000,24420,0,1010667120.000,5,2,3,多换,S,4044.8000,4044.6000,4044.2000,4043.4000,4043.2000,4045.0000,4045.8000,4046.0000,4046.2000,4046.8000,1,1,1,1,3,7,1,13,1,2
SF,IF2006,2020-02-19 09:44:38.400,4045.0000,24421,1,1011880620.000,1,1,0,双开,S,4044.8000,4044.6000,4044.2000,4043.4000,4043.2000,4045.0000,4045.8000,4046.0000,4046.2000,4046.8000,1,1,1,1,3,6,1,13,1,2
SF,IF2006,2020-02-19 09:44:39.400,4045.0000,24421,0,1013094120.000,1,0,1,多换,S,4044.8000,4044.6000,4044.2000,4043.4000,4043.2000,4045.0000,4045.8000,4046.0000,4046.2000,4046.8000,1,1,1,1,3,5,1,13,1,2
SF,IF2006,2020-02-19 09:44:39.900,4045.0000,24421,0,1013094120.000,0,-,-,-,-,4044.8000,4044.6000,4043.4000,4043.2000,4042.8000,4045.0000,4045.8000,4046.0000,4046.2000,4046.8000,1,1,1,3,2,5,1,13,1,2
SF,IF2006,2020-02-19 09:44:40.400,4045.0000,24422,1,1014307620.000,1,1,0,双开,S,4044.8000,4044.6000,4043.4000,4043.2000,4042.8000,4045.0000,4045.8000,4046.0000,4046.2000,4046.8000,2,1,1,3,2,4,1,13,1,2
SF,IF2006,2020-02-19 09:44:40.900,4045.0000,24423,1,1015521120.000,1,1,0,双开,S,4044.8000,4044.6000,4043.2000,4042.8000,4042.6000,4045.0000,4045.8000,4046.0000,4046.2000,4046.8000,2,1,3,2,1,3,1,13,1,2
SF,IF2006,2020-02-19 09:44:41.400,4045.0000,24424,1,1016734620.000,1,1,0,双开,S,4044.8000,4044.6000,4043.2000,4042.8000,4042.6000,4045.0000,4045.8000,4046.0000,4046.2000,4046.8000,2,1,3,2,1,2,1,13,1,2
SF,IF2006,2020-02-19 09:44:41.900,4045.0000,24425,1,1019161620.000,2,1,1,空开,S,4044.8000,4043.2000,4042.8000,4042.6000,4042.4000,4045.8000,4046.0000,4046.2000,4046.8000,4047.8000,2,3,2,1,1,1,13,1,2,1
SF,IF2006,2020-02-19 09:44:42.400,4045.0000,24425,0,1019161620.000,0,-,-,-,-,4044.8000,4043.2000,4042.8000,4042.6000,4042.0000,4045.6000,4045.8000,4046.0000,4046.2000,4046.8000,2,2,2,1,2,1,1,13,1,2
SF,IF2006,2020-02-19 09:44:42.900,4045.6000,24424,-1,1020375300.000,1,0,1,双平,S,4044.8000,4043.2000,4042.8000,4042.6000,4042.0000,4045.8000,4046.0000,4046.2000,4046.8000,4047.8000,2,2,2,1,2,1,13,1,2,1
SF,IF2006,2020-02-19 09:44:43.400,4045.6000,24424,0,1020375300.000,0,-,-,-,-,4045.0000,4044.8000,4043.2000,4042.8000,4042.6000,4045.8000,4046.0000,4046.2000,4046.8000,4047.8000,2,2,2,2,1,1,13,1,2,1
SF,IF2006,2020-02-19 09:44:43.900,4045.6000,24424,0,1020375300.000,0,-,-,-,-,4045.0000,4044.8000,4043.2000,4042.8000,4042.6000,4045.8000,4046.0000,4046.2000,4046.8000,4047.8000,1,2,2,2,1,1,13,1,2,1
SF,IF2006,2020-02-19 09:44:44.400,4045.6000,24424,0,1020375300.000,0,-,-,-,-,4045.2000,4045.0000,4044.8000,4043.2000,4042.8000,4045.8000,4046.0000,4046.2000,4046.8000,4047.8000,1,1,2,1,2,1,13,1,2,1
SF,IF2006,2020-02-19 09:44:44.900,4045.8000,24424,0,1021589040.000,1,0,1,多换,S,4045.2000,4045.0000,4044.8000,4043.2000,4042.8000,4046.0000,4046.2000,4046.8000,4047.8000,4048.8000,1,1,2,1,2,13,1,2,1,4
SF,IF2006,2020-02-19 09:44:45.400,4046.0000,24425,1,1024016640.000,2,1,1,空开,S,4045.2000,4045.0000,4044.8000,4043.2000,4042.8000,4046.0000,4046.2000,4046.8000,4047.8000,4048.8000,1,1,2,1,2,11,1,2,1,4
SF,IF2006,2020-02-19 09:44:45.900,4046.0000,24425,0,1025230440.000,1,0,1,多换,S,4045.2000,4045.0000,4044.8000,4043.2000,4042.8000,4046.0000,4046.2000,4046.8000,4047.8000,4048.8000,1,1,5,1,2,10,1,2,1,4
SF,IF2006,2020-02-19 09:44:46.400,4046.0000,24426,1,1037368440.000,10,5,5,空开,S,4045.4000,4045.2000,4045.0000,4044.8000,4043.2000,4046.2000,4046.8000,4047.8000,4048.8000,4049.0000,2,2,1,5,1,1,2,1,4,2
SF,IF2006,2020-02-19 09:44:46.900,4046.2000,24427,1,1038582300.000,1,1,0,双开,S,4045.8000,4045.6000,4045.4000,4045.2000,4045.0000,4046.8000,4047.8000,4048.8000,4049.0000,4050.0000,2,1,3,1,1,2,1,4,2,3
SF,IF2006,2020-02-19 09:44:47.400,4046.8000,24427,0,1039796340.000,1,0,1,多换,S,4046.2000,4046.0000,4045.4000,4045.2000,4045.0000,4046.8000,4047.8000,4048.8000,4049.0000,4050.0000,2,1,2,1,1,1,1,4,2,3
SF,IF2006,2020-02-19 09:44:47.900,4046.2000,24427,0,1042224240.000,2,1,1,多换,S,4046.2000,4045.4000,4045.2000,4045.0000,4044.8000,4047.0000,4047.8000,4048.8000,4049.0000,4050.0000,1,2,1,1,5,10,1,4,2,3
SF,IF2006,2020-02-19 09:44:48.900,4046.2000,24427,0,1042224240.000,0,-,-,-,-,4046.4000,4045.4000,4045.2000,4045.0000,4044.8000,4047.0000,4047.8000,4048.8000,4049.0000,4050.0000,1,2,1,1,5,10,1,4,2,3
SF,IF2006,2020-02-19 09:44:49.400,4047.0000,24428,1,1043438340.000,1,1,0,双开,S,4046.6000,4046.4000,4045.4000,4045.2000,4045.0000,4047.0000,4047.8000,4048.8000,4049.0000,4050.0000,2,1,1,1,1,9,1,4,2,3
SF,IF2006,2020-02-19 09:44:49.900,4047.0000,24428,0,1044652440.000,1,0,1,多换,S,4046.8000,4046.6000,4045.4000,4045.2000,4045.0000,4047.0000,4047.8000,4048.8000,4049.0000,4050.0000,1,2,1,1,1,8,1,4,2,3
SF,IF2006,2020-02-19 09:44:50.400,4047.0000,24428,0,1048294740.000,3,1,2,多换,S,4046.8000,4045.4000,4045.2000,4045.0000,4044.8000,4047.0000,4047.8000,4048.8000,4049.0000,4050.0000,2,1,1,1,5,5,1,4,2,3
SF,IF2006,2020-02-19 09:44:50.900,4047.0000,24429,1,1050722940.000,2,1,1,空开,S,4046.8000,4045.4000,4045.2000,4045.0000,4044.8000,4047.0000,4047.8000,4048.8000,4049.0000,4050.0000,2,1,1,1,5,3,1,4,2,3
SF,IF2006,2020-02-19 09:44:51.400,4047.8000,24430,1,1055579580.000,4,2,2,空开,S,4047.4000,4047.2000,4047.0000,4046.8000,4045.4000,4048.8000,4049.0000,4050.0000,4051.2000,4051.6000,2,2,1,1,1,4,2,3,3,1
SF,IF2006,2020-02-19 09:44:51.900,4047.4000,24429,-1,1056793800.000,1,0,1,双平,S,4047.4000,4047.2000,4046.8000,4045.4000,4045.2000,4048.4000,4048.8000,4049.0000,4050.0000,4051.2000,1,2,1,1,1,1,4,5,3,3
SF,IF2006,2020-02-19 09:44:52.400,4047.4000,24428,-1,1058008020.000,1,0,1,双平,S,4047.0000,4046.8000,4045.4000,4045.2000,4045.0000,4048.4000,4048.8000,4049.0000,4050.0000,4051.2000,5,1,1,1,1,1,4,5,3,3
SF,IF2006,2020-02-19 09:44:52.900,4047.4000,24428,0,1058008020.000,0,-,-,-,-,4047.0000,4046.8000,4045.4000,4045.2000,4045.0000,4048.4000,4048.8000,4049.0000,4050.0000,4051.2000,6,1,1,1,1,1,4,5,3,3
SF,IF2006,2020-02-19 09:44:54.400,4047.0000,24421,-7,1067722020.000,8,0,8,多平,S,4047.0000,4046.8000,4045.4000,4045.2000,4044.8000,4048.8000,4049.0000,4050.0000,4051.2000,4051.6000,2,1,1,1,4,5,5,3,3,1
SF,IF2006,2020-02-19 09:44:54.900,4047.0000,24420,-1,1070150220.000,2,0,2,多平,S,4045.4000,4045.2000,4044.8000,4042.8000,4042.0000,4048.0000,4048.8000,4049.0000,4050.0000,4051.2000,1,1,4,2,2,1,5,5,3,3
SF,IF2006,2020-02-19 09:44:55.400,4047.0000,24420,0,1070150220.000,0,-,-,-,-,4045.8000,4045.6000,4045.4000,4044.8000,4042.8000,4047.6000,4048.8000,4049.0000,4050.0000,4051.2000,1,2,1,4,2,1,5,5,3,3
SF,IF2006,2020-02-19 09:44:55.900,4047.0000,24420,0,1070150220.000,0,-,-,-,-,4045.6000,4045.4000,4044.8000,4042.8000,4042.0000,4047.6000,4048.8000,4049.0000,4050.0000,4051.2000,1,1,4,2,2,1,5,5,3,3
SF,IF2006,2020-02-19 09:44:56.400,4047.0000,24420,0,1070150220.000,0,-,-,-,-,4046.8000,4046.6000,4044.8000,4042.8000,4042.0000,4047.4000,4047.6000,4048.2000,4048.8000,4049.0000,1,1,4,2,2,3,1,1,5,5
SF,IF2006,2020-02-19 09:44:56.900,4046.8000,24420,0,1071364260.000,1,0,1,多换,S,4044.8000,4042.8000,4042.0000,4041.8000,4041.0000,4047.6000,4048.2000,4048.8000,4049.0000,4050.0000,4,2,2,1,4,1,1,5,5,3
SF,IF2006,2020-02-19 09:44:57.400,4046.8000,24420,0,1071364260.000,0,-,-,-,-,4045.4000,4045.2000,4045.0000,4044.8000,4044.6000,4047.6000,4048.2000,4048.8000,4049.0000,4050.0000,1,2,3,4,1,1,1,5,5,3
SF,IF2006,2020-02-19 09:44:57.900,4046.8000,24420,0,1071364260.000,0,-,-,-,-,4045.8000,4045.6000,4044.8000,4044.6000,4042.0000,4047.6000,4048.8000,4049.0000,4050.0000,4051.2000,1,2,4,1,2,1,5,5,3,3
SF,IF2006,2020-02-19 09:44:58.400,4045.8000,24419,-1,1072578000.000,1,0,1,双平,S,4045.6000,4044.8000,4044.6000,4042.0000,4041.8000,4045.8000,4047.6000,4048.8000,4049.0000,4050.0000,2,4,1,2,1,1,1,5,5,3
SF,IF2006,2020-02-19 09:44:58.900,4045.8000,24418,-1,1073791740.000,1,0,1,双平,S,4047.6000,4046.6000,4045.8000,4045.6000,4044.8000,4048.8000,4049.0000,4050.0000,4051.2000,4051.6000,4,3,8,2,4,5,5,3,3,1
SF,IF2006,2020-02-19 09:44:59.400,4047.6000,24418,0,1078648860.000,4,2,2,多换,S,4046.6000,4045.8000,4045.6000,4044.8000,4044.6000,4047.6000,4048.0000,4048.8000,4049.0000,4050.0000,3,4,2,4,1,5,1,5,5,3
SF,IF2006,2020-02-19 09:44:59.900,4046.8000,24415,-3,1082291460.000,3,0,3,双平,S,4046.6000,4045.8000,4045.6000,4044.8000,4044.6000,4047.6000,4048.8000,4049.0000,4050.0000,4051.2000,3,4,2,4,1,4,5,5,3,3
SF,IF2006,2020-02-19 09:45:00.400,4046.6000,24413,-2,1087147500.000,4,1,3,多平,S,4045.8000,4045.6000,4044.8000,4044.6000,4042.0000,4046.6000,4047.6000,4048.8000,4049.0000,4050.0000,6,2,3,1,2,4,4,5,5,3
SF,IF2006,2020-02-19 09:45:00.900,4047.6000,24408,-5,1093217700.000,5,0,5,双平,S,4047.0000,4046.6000,4046.0000,4045.8000,4044.8000,4047.6000,4048.8000,4049.0000,4050.0000,4051.2000,1,2,2,7,3,3,5,5,3,3
SF,IF2006,2020-02-19 09:45:01.400,4047.0000,24406,-2,1099288020.000,5,1,4,多平,S,4046.0000,4045.8000,4044.8000,4044.6000,4042.0000,4047.6000,4048.8000,4049.0000,4050.0000,4051.2000,2,6,3,1,2,3,5,5,3,3
SF,IF2006,2020-02-19 09:45:01.900,4047.2000,24406,0,1100502180.000,1,0,1,多换,S,4046.0000,4045.8000,4044.8000,4044.6000,4042.0000,4047.4000,4047.6000,4048.8000,4049.0000,4050.0000,2,4,3,1,2,3,3,5,2,3
SF,IF2006,2020-02-19 09:45:02.400,4046.0000,24407,1,1101715980.000,1,1,0,双开,S,4045.8000,4044.8000,4044.6000,4042.0000,4041.8000,4046.0000,4046.8000,4047.0000,4047.2000,4047.4000,1,3,1,2,1,4,1,2,6,3
SF,IF2006,2020-02-19 09:45:02.900,4045.8000,24407,0,1102929720.000,1,0,1,多换,S,4044.8000,4044.6000,4042.0000,4041.8000,4041.0000,4045.8000,4046.0000,4047.2000,4047.4000,4047.6000,3,1,2,1,5,4,4,1,3,4
SF,IF2006,2020-02-19 09:45:03.400,4045.8000,24407,0,1102929720.000,0,-,-,-,-,4045.0000,4044.8000,4044.6000,4042.0000,4041.8000,4045.8000,4046.0000,4047.2000,4047.4000,4047.6000,1,3,1,2,1,6,4,1,3,4
SF,IF2006,2020-02-19 09:45:03.900,4045.8000,24404,-3,1111425780.000,7,2,5,多平,S,4045.0000,4044.8000,4044.6000,4042.0000,4041.8000,4046.0000,4047.2000,4047.4000,4047.6000,4048.8000,1,3,1,2,1,3,1,1,3,5
SF,IF2006,2020-02-19 09:45:04.400,4045.0000,24403,-1,1121137740.000,8,3,5,多平,S,4044.8000,4044.6000,4042.0000,4041.8000,4041.0000,4045.0000,4048.8000,4049.0000,4050.0000,4051.2000,3,1,3,1,5,5,5,2,3,3
SF,IF2006,2020-02-19 09:45:04.900,4045.0000,24398,-5,1127205240.000,5,0,5,双平,S,4045.4000,4045.0000,4044.8000,4044.6000,4042.0000,4048.8000,4049.0000,4050.0000,4051.2000,4051.6000,1,2,3,1,3,5,2,3,3,1
SF,IF2006,2020-02-19 09:45:05.400,4045.4000,24397,-1,1130845860.000,3,1,2,多平,S,4044.8000,4044.6000,4042.0000,4041.8000,4041.0000,4047.0000,4048.0000,4048.6000,4048.8000,4049.0000,3,1,3,1,5,2,13,3,6,2
SF,IF2006,2020-02-19 09:45:05.900,4044.8000,24393,-4,1136913300.000,5,0,5,多平,S,4044.6000,4042.0000,4041.8000,4041.0000,4040.6000,4046.6000,4047.0000,4048.0000,4048.6000,4048.8000,1,3,1,5,2,3,1,13,3,6
SF,IF2006,2020-02-19 09:45:06.400,4044.6000,24391,-2,1140553500.000,3,0,3,多平,S,4044.6000,4042.0000,4041.8000,4041.0000,4040.6000,4046.2000,4048.0000,4048.6000,4048.8000,4049.0000,1,2,1,5,2,1,13,3,6,2
SF,IF2006,2020-02-19 09:45:06.900,4044.6000,24391,0,1140553500.000,0,-,-,-,-,4044.6000,4042.0000,4041.8000,4041.0000,4040.6000,4046.0000,4046.2000,4048.0000,4048.6000,4048.8000,1,2,1,5,2,1,1,13,3,6
SF,IF2006,2020-02-19 09:45:07.400,4044.8000,24389,-2,1142980800.000,2,0,2,双平,S,4044.6000,4042.0000,4041.8000,4041.0000,4040.6000,4046.4000,4048.0000,4048.6000,4048.8000,4049.0000,2,2,1,5,2,2,13,3,6,2
SF,IF2006,2020-02-19 09:45:07.900,4044.8000,24389,0,1142980800.000,0,-,-,-,-,4044.8000,4044.6000,4042.0000,4041.8000,4041.0000,4046.4000,4048.0000,4048.6000,4048.8000,4049.0000,1,2,2,1,5,2,13,3,6,2
SF,IF2006,2020-02-19 09:45:08.400,4044.8000,24389,0,1142980800.000,0,-,-,-,-,4044.8000,4044.6000,4042.0000,4041.8000,4041.0000,4046.2000,4046.4000,4048.0000,4048.6000,4048.8000,1,2,2,1,5,2,2,13,3,6
SF,IF2006,2020-02-19 09:45:08.900,4044.8000,24389,0,1142980800.000,0,-,-,-,-,4044.8000,4044.6000,4042.0000,4041.8000,4041.0000,4046.2000,4046.4000,4048.0000,4048.6000,4048.8000,1,2,2,1,5,1,2,13,3,6
SF,IF2006,2020-02-19 09:45:09.400,4044.8000,24389,0,1142980800.000,0,-,-,-,-,4045.2000,4044.6000,4042.0000,4041.8000,4041.0000,4046.4000,4048.0000,4048.6000,4048.8000,4049.0000,1,2,2,1,5,2,10,3,5,2
SF,IF2006,2020-02-19 09:45:09.900,4046.4000,24388,-1,1144194720.000,1,0,1,双平,S,4045.2000,4044.6000,4042.0000,4041.8000,4041.0000,4046.4000,4048.0000,4048.6000,4048.8000,4049.0000,1,2,2,1,5,1,10,3,5,2
SF,IF2006,2020-02-19 09:45:10.900,4046.4000,24388,0,1144194720.000,0,-,-,-,-,4045.2000,4044.6000,4042.0000,4041.8000,4041.0000,4046.4000,4048.0000,4048.6000,4048.8000,4049.0000,2,2,2,1,5,1,10,3,5,2
SF,IF2006,2020-02-19 09:45:11.400,4046.4000,24388,0,1144194720.000,0,-,-,-,-,4045.2000,4044.6000,4044.2000,4042.0000,4041.8000,4046.4000,4048.0000,4048.6000,4048.8000,4049.0000,2,2,1,2,1,1,10,3,5,2
SF,IF2006,2020-02-19 09:45:12.400,4046.4000,24388,0,1144194720.000,0,-,-,-,-,4045.2000,4044.6000,4044.2000,4042.0000,4041.8000,4046.2000,4046.4000,4048.0000,4048.6000,4048.8000,2,2,1,2,1,1,1,12,3,5
SF,IF2006,2020-02-19 09:45:12.900,4046.4000,24387,-1,1145408640.000,1,0,1,双平,S,4045.2000,4044.6000,4044.2000,4042.0000,4041.8000,4048.0000,4048.6000,4048.8000,4049.0000,4050.0000,2,2,1,2,1,12,3,6,2,3
SF,IF2006,2020-02-19 09:45:13.400,4045.2000,24387,0,1146622200.000,1,0,1,多换,S,4044.6000,4044.2000,4042.0000,4041.8000,4041.0000,4047.0000,4047.2000,4047.6000,4047.8000,4048.0000,2,1,2,1,5,1,1,2,1,15
SF,IF2006,2020-02-19 09:45:13.900,4045.2000,24387,0,1146622200.000,0,-,-,-,-,4044.6000,4044.2000,4042.0000,4041.8000,4041.0000,4046.6000,4047.0000,4047.2000,4047.8000,4048.0000,2,1,2,1,5,2,1,1,1,13
SF,IF2006,2020-02-19 09:45:14.400,4045.2000,24387,0,1146622200.000,0,-,-,-,-,4044.6000,4042.0000,4041.8000,4041.0000,4040.6000,4046.4000,4047.2000,4047.4000,4048.0000,4048.6000,2,2,1,5,2,3,1,2,13,3
SF,IF2006,2020-02-19 09:45:14.900,4046.0000,24385,-2,1150262760.000,3,0,3,多平,S,4045.0000,4042.0000,4041.8000,4041.0000,4040.6000,4046.0000,4046.2000,4047.4000,4048.0000,4048.6000,1,2,1,5,2,2,1,2,13,3
SF,IF2006,2020-02-19 09:45:15.400,4045.0000,24385,0,1152689760.000,2,1,1,多换,S,4042.0000,4041.8000,4041.0000,4040.6000,4040.0000,4045.8000,4046.2000,4048.0000,4048.6000,4048.8000,2,1,5,2,5,6,1,13,3,6
SF,IF2006,2020-02-19 09:45:15.900,4045.0000,24385,0,1152689760.000,0,-,-,-,-,4043.6000,4043.2000,4043.0000,4042.4000,4042.2000,4045.6000,4045.8000,4046.2000,4047.2000,4048.0000,3,1,2,1,11,1,1,1,1,13
SF,IF2006,2020-02-19 09:45:16.400,4045.0000,24385,0,1152689760.000,0,-,-,-,-,4044.2000,4043.6000,4043.2000,4043.0000,4042.2000,4046.2000,4046.6000,4048.0000,4048.6000,4048.8000,1,2,1,2,5,1,1,13,3,6
SF,IF2006,2020-02-19 09:45:16.900,4045.0000,24385,0,1152689760.000,0,-,-,-,-,4044.2000,4043.6000,4043.2000,4043.0000,4042.2000,4046.0000,4048.0000,4048.6000,4048.8000,4049.0000,1,2,1,2,5,3,13,3,6,2
SF,IF2006,2020-02-19 09:45:17.400,4045.0000,24385,0,1152689760.000,0,-,-,-,-,4044.6000,4044.4000,4044.2000,4043.6000,4043.2000,4048.0000,4048.6000,4048.8000,4049.0000,4050.0000,1,1,1,2,1,13,3,6,2,3
SF,IF2006,2020-02-19 09:45:17.900,4045.0000,24385,0,1152689760.000,0,-,-,-,-,4044.6000,4044.4000,4044.2000,4044.0000,4043.2000,4047.2000,4047.8000,4048.0000,4048.8000,4049.0000,1,1,1,1,1,1,4,13,6,2
SF,IF2006,2020-02-19 09:45:18.400,4045.0000,24385,0,1152689760.000,0,-,-,-,-,4044.6000,4044.4000,4044.2000,4044.0000,4043.2000,4046.8000,4047.2000,4047.8000,4048.0000,4048.8000,1,2,1,1,1,2,1,4,13,6
SF,IF2006,2020-02-19 09:45:18.900,4045.0000,24385,0,1152689760.000,0,-,-,-,-,4045.0000,4044.8000,4044.4000,4044.0000,4043.2000,4047.0000,4047.4000,4047.8000,4048.0000,4048.8000,1,1,2,1,1,1,1,4,13,6
SF,IF2006,2020-02-19 09:45:19.400,4045.0000,24385,0,1152689760.000,0,-,-,-,-,4045.0000,4044.8000,4044.4000,4044.0000,4043.2000,4046.6000,4046.8000,4047.4000,4047.8000,4048.0000,1,1,1,1,1,1,2,1,4,13
SF,IF2006,2020-02-19 09:45:19.900,4045.0000,24385,0,1152689760.000,0,-,-,-,-,4045.4000,4044.8000,4044.4000,4044.2000,4044.0000,4046.6000,4047.4000,4047.8000,4048.0000,4048.8000,1,1,1,1,1,3,1,4,11,6
SF,IF2006,2020-02-19 09:45:20.400,4045.0000,24385,0,1152689760.000,0,-,-,-,-,4045.4000,4044.8000,4044.4000,4044.2000,4044.0000,4046.4000,4046.6000,4047.4000,4047.8000,4048.0000,1,1,1,1,1,1,3,1,4,11
SF,IF2006,2020-02-19 09:45:20.900,4045.0000,24385,0,1152689760.000,0,-,-,-,-,4045.8000,4045.4000,4044.8000,4044.4000,4044.2000,4046.6000,4047.8000,4048.0000,4048.8000,4049.0000,1,1,1,1,1,2,3,11,6,2
SF,IF2006,2020-02-19 09:45:21.400,4046.6000,24383,-2,1155117240.000,2,0,2,双平,S,4045.4000,4044.8000,4044.4000,4044.2000,4044.0000,4046.6000,4047.8000,4048.0000,4048.8000,4049.0000,1,1,1,1,1,1,3,10,6,2
SF,IF2006,2020-02-19 09:45:21.900,4046.6000,24383,0,1155117240.000,0,-,-,-,-,4045.6000,4045.4000,4044.8000,4044.4000,4044.2000,4046.6000,4047.8000,4048.0000,4048.8000,4049.0000,1,1,1,1,1,1,3,10,6,2
SF,IF2006,2020-02-19 09:45:22.400,4046.6000,24383,0,1155117240.000,0,-,-,-,-,4045.6000,4045.4000,4044.8000,4044.4000,4044.0000,4046.6000,4047.8000,4048.0000,4048.8000,4049.0000,1,1,2,1,1,1,3,10,6,2
SF,IF2006,2020-02-19 09:45:22.900,4046.6000,24382,-1,1156331220.000,1,0,1,双平,S,4045.6000,4045.4000,4044.8000,4044.4000,4044.0000,4047.8000,4048.0000,4048.8000,4049.0000,4050.0000,1,1,2,1,1,3,10,6,2,3
SF,IF2006,2020-02-19 09:45:23.400,4046.6000,24382,0,1156331220.000,0,-,-,-,-,4045.4000,4044.8000,4044.4000,4044.0000,4043.2000,4047.4000,4048.0000,4048.8000,4049.0000,4050.0000,1,1,1,1,1,3,10,6,2,3
SF,IF2006,2020-02-19 09:45:23.900,4046.6000,24382,0,1156331220.000,0,-,-,-,-,4045.8000,4045.6000,4045.4000,4044.8000,4044.4000,4047.4000,4048.0000,4048.8000,4049.0000,4050.0000,2,1,1,1,1,1,10,6,2,3
SF,IF2006,2020-02-19 09:45:24.400,4046.6000,24382,0,1156331220.000,0,-,-,-,-,4045.8000,4045.6000,4045.4000,4044.8000,4044.4000,4047.2000,4047.4000,4048.0000,4048.8000,4049.0000,2,1,1,1,1,1,1,10,6,2
SF,IF2006,2020-02-19 09:45:24.900,4047.0000,24381,-1,1157545320.000,1,0,1,双平,S,4045.8000,4045.6000,4045.4000,4044.8000,4044.4000,4047.2000,4047.4000,4048.0000,4048.8000,4049.0000,2,1,1,1,1,1,1,10,6,2
SF,IF2006,2020-02-19 09:45:25.400,4047.0000,24381,0,1157545320.000,0,-,-,-,-,4045.6000,4045.4000,4044.8000,4044.4000,4044.0000,4047.2000,4047.4000,4048.0000,4048.8000,4049.0000,1,1,1,1,1,1,1,10,6,2
SF,IF2006,2020-02-19 09:45:25.900,4047.4000,24381,0,1159973520.000,2,1,1,多换,S,4047.6000,4047.2000,4046.6000,4046.4000,4046.0000,4048.0000,4048.8000,4049.0000,4050.0000,4051.2000,1,1,2,1,1,10,6,2,3,3
SF,IF2006,2020-02-19 09:45:26.400,4047.2000,24380,-1,1162401960.000,2,0,2,多平,S,4045.4000,4044.8000,4044.4000,4044.0000,4043.2000,4048.0000,4048.8000,4049.0000,4050.0000,4051.2000,1,1,1,1,1,10,6,2,3,3
SF,IF2006,2020-02-19 09:45:26.900,4047.2000,24380,0,1162401960.000,0,-,-,-,-,4046.6000,4045.8000,4045.6000,4045.4000,4044.8000,4048.0000,4048.8000,4049.0000,4050.0000,4051.2000,1,2,3,3,1,10,6,2,3,3
SF,IF2006,2020-02-19 09:45:27.400,4047.2000,24380,0,1162401960.000,0,-,-,-,-,4046.6000,4045.6000,4045.4000,4044.8000,4044.4000,4048.0000,4048.8000,4049.0000,4050.0000,4051.2000,1,3,3,1,1,10,6,2,3,3
SF,IF2006,2020-02-19 09:45:27.900,4048.0000,24381,1,1164830760.000,2,1,1,空开,S,4047.0000,4045.6000,4045.4000,4044.8000,4044.4000,4048.0000,4048.8000,4049.0000,4050.0000,4051.2000,3,3,3,1,1,8,6,2,3,3
SF,IF2006,2020-02-19 09:45:28.400,4048.0000,24382,1,1166045160.000,1,1,0,双开,S,4047.0000,4045.6000,4045.4000,4044.8000,4044.4000,4048.0000,4048.8000,4049.0000,4050.0000,4051.2000,3,3,3,1,1,7,6,2,3,3
SF,IF2006,2020-02-19 09:45:28.900,4048.0000,24383,1,1170902760.000,4,2,2,空开,S,4047.0000,4045.8000,4045.6000,4045.4000,4044.8000,4048.0000,4048.8000,4049.0000,4050.0000,4051.2000,1,1,3,3,1,3,6,2,3,3
SF,IF2006,2020-02-19 09:45:29.400,4048.0000,24383,0,1170902760.000,0,-,-,-,-,4047.0000,4045.8000,4045.6000,4045.4000,4044.4000,4047.8000,4048.0000,4048.8000,4049.0000,4050.0000,1,1,3,1,1,1,3,6,2,3
SF,IF2006,2020-02-19 09:45:29.900,4048.0000,24383,0,1174545900.000,3,1,2,多换,S,4047.0000,4045.8000,4045.6000,4045.4000,4044.4000,4048.0000,4048.8000,4049.0000,4050.0000,4051.2000,1,1,3,1,1,1,6,2,3,3
SF,IF2006,2020-02-19 09:45:30.400,4048.0000,24384,1,1175760300.000,1,1,0,双开,S,4047.0000,4045.8000,4045.6000,4045.4000,4044.4000,4048.8000,4049.0000,4050.0000,4051.2000,4051.6000,1,1,3,1,1,6,2,3,3,1
SF,IF2006,2020-02-19 09:45:30.900,4048.8000,24383,-1,1176974940.000,1,0,1,双平,S,4047.0000,4045.8000,4045.6000,4045.4000,4044.4000,4048.8000,4049.0000,4050.0000,4051.2000,4051.6000,1,1,3,1,1,5,2,3,3,1
SF,IF2006,2020-02-19 09:45:31.900,4048.8000,24383,0,1176974940.000,0,-,-,-,-,4047.4000,4047.0000,4045.8000,4045.6000,4045.4000,4048.8000,4049.0000,4050.0000,4051.2000,4051.6000,1,2,1,3,1,5,2,3,3,1
SF,IF2006,2020-02-19 09:45:32.900,4048.8000,24382,-1,1178189580.000,1,0,1,双平,S,4047.4000,4047.0000,4045.8000,4045.6000,4045.4000,4048.8000,4049.0000,4050.0000,4051.2000,4051.6000,1,2,1,3,1,4,2,3,3,1
SF,IF2006,2020-02-19 09:45:33.400,4048.8000,24382,0,1178189580.000,0,-,-,-,-,4047.4000,4047.0000,4045.8000,4045.6000,4045.4000,4048.8000,4049.0000,4050.0000,4051.2000,4051.6000,1,2,1,3,1,4,2,3,3,1
SF,IF2006,2020-02-19 09:45:33.900,4048.8000,24381,-1,1179404220.000,1,0,1,双平,S,4047.4000,4047.0000,4045.8000,4045.6000,4045.4000,4048.8000,4049.0000,4050.0000,4051.2000,4051.6000,1,2,1,3,1,3,2,3,3,1
SF,IF2006,2020-02-19 09:45:34.400,4048.8000,24381,0,1179404220.000,0,-,-,-,-,4047.4000,4047.0000,4045.8000,4045.6000,4045.4000,4048.4000,4048.8000,4049.0000,4050.0000,4051.2000,1,2,1,3,1,1,3,2,3,3
SF,IF2006,2020-02-19 09:45:34.900,4048.8000,24379,-2,1181833500.000,2,0,2,双平,S,4048.4000,4047.4000,4045.8000,4045.6000,4045.4000,4048.8000,4049.0000,4050.0000,4051.2000,4051.6000,1,1,1,3,1,1,2,3,3,1
SF,IF2006,2020-02-19 09:45:35.400,4048.4000,24378,-1,1183048020.000,1,0,1,双平,S,4045.8000,4045.6000,4045.4000,4045.0000,4044.4000,4048.8000,4049.0000,4050.0000,4051.2000,4051.6000,1,3,1,4,1,1,2,3,3,1
SF,IF2006,2020-02-19 09:45:35.900,4048.4000,24378,0,1183048020.000,0,-,-,-,-,4047.6000,4046.2000,4046.0000,4045.8000,4045.6000,4048.8000,4049.0000,4050.0000,4051.2000,4051.6000,1,2,2,1,4,1,2,3,3,1
SF,IF2006,2020-02-19 09:45:36.400,4048.4000,24378,0,1183048020.000,0,-,-,-,-,4047.6000,4046.2000,4046.0000,4045.8000,4045.6000,4048.6000,4048.8000,4049.0000,4050.0000,4051.2000,1,2,2,1,4,1,1,2,3,3
SF,IF2006,2020-02-19 09:45:36.900,4047.8000,24378,0,1185476880.000,2,1,1,多换,S,4047.6000,4046.2000,4046.0000,4045.8000,4045.6000,4048.4000,4048.8000,4049.0000,4050.0000,4051.2000,1,2,2,1,4,1,1,2,3,3
SF,IF2006,2020-02-19 09:45:37.400,4047.8000,24378,0,1185476880.000,0,-,-,-,-,4047.6000,4046.2000,4046.0000,4045.8000,4045.6000,4048.8000,4049.0000,4050.0000,4051.2000,4051.6000,1,2,2,1,4,1,2,3,3,1
SF,IF2006,2020-02-19 09:45:37.900,4047.6000,24377,-1,1186691160.000,1,0,1,双平,S,4046.2000,4046.0000,4045.8000,4045.6000,4045.4000,4048.8000,4049.0000,4050.0000,4051.2000,4051.6000,2,2,1,4,1,1,2,3,3,1
SF,IF2006,2020-02-19 09:45:38.400,4047.6000,24377,0,1186691160.000,0,-,-,-,-,4048.4000,4047.0000,4046.6000,4046.4000,4046.2000,4048.8000,4049.0000,4050.0000,4050.2000,4051.2000,1,1,1,1,2,1,2,3,1,3
SF,IF2006,2020-02-19 09:45:38.900,4048.6000,24376,-1,1189120260.000,2,0,2,多平,S,4046.4000,4046.0000,4045.8000,4045.6000,4045.4000,4048.8000,4049.0000,4050.0000,4050.2000,4051.2000,1,2,1,4,1,2,2,3,1,3
SF,IF2006,2020-02-19 09:45:39.400,4048.8000,24375,-1,1190334900.000,1,0,1,双平,S,4047.2000,4046.8000,4046.4000,4046.0000,4045.8000,4048.8000,4049.0000,4050.0000,4050.2000,4051.2000,1,1,2,1,1,1,2,3,1,3
SF,IF2006,2020-02-19 09:45:39.900,4048.8000,24375,0,1190334900.000,0,-,-,-,-,4047.4000,4047.2000,4046.4000,4046.0000,4045.8000,4048.8000,4049.0000,4050.0000,4051.2000,4051.6000,1,1,2,1,1,1,2,3,3,1
SF,IF2006,2020-02-19 09:45:40.400,4048.8000,24375,0,1190334900.000,0,-,-,-,-,4047.8000,4047.6000,4046.4000,4046.0000,4045.8000,4048.8000,4049.0000,4050.0000,4051.2000,4051.6000,1,1,2,1,1,1,2,3,3,1
SF,IF2006,2020-02-19 09:45:40.900,4048.8000,24374,-1,1191549540.000,1,0,1,双平,S,4048.8000,4048.0000,4047.8000,4046.4000,4046.0000,4049.0000,4050.0000,4051.2000,4051.6000,4052.2000,1,2,1,2,1,2,3,3,1,1
SF,IF2006,2020-02-19 09:45:41.400,4048.8000,24375,1,1192764180.000,1,1,0,双开,S,4048.0000,4047.8000,4046.4000,4046.0000,4045.8000,4049.0000,4050.0000,4051.2000,4051.6000,4052.2000,1,1,2,1,1,2,3,3,1,1
SF,IF2006,2020-02-19 09:45:42.400,4049.0000,24375,0,1193978880.000,1,0,1,多换,S,4048.0000,4047.8000,4046.4000,4046.0000,4045.8000,4049.0000,4050.0000,4051.2000,4051.6000,4052.2000,1,1,2,1,1,1,3,3,1,1
SF,IF2006,2020-02-19 09:45:42.900,4049.0000,24374,-1,1195193580.000,1,0,1,双平,S,4048.0000,4047.8000,4046.4000,4046.0000,4045.8000,4050.0000,4051.2000,4051.6000,4052.2000,4052.6000,2,1,2,1,1,3,3,1,1,1
SF,IF2006,2020-02-19 09:45:43.400,4049.0000,24374,0,1195193580.000,0,-,-,-,-,4048.4000,4048.2000,4048.0000,4047.8000,4046.4000,4049.6000,4049.8000,4050.0000,4051.2000,4051.6000,2,1,1,1,2,1,1,3,3,1
SF,IF2006,2020-02-19 09:45:43.900,4049.0000,24374,0,1195193580.000,0,-,-,-,-,4048.0000,4047.8000,4046.4000,4046.0000,4045.8000,4049.4000,4049.6000,4050.0000,4051.2000,4051.6000,1,1,2,1,1,1,1,3,3,1
SF,IF2006,2020-02-19 09:45:44.400,4049.0000,24374,0,1195193580.000,0,-,-,-,-,4047.8000,4046.4000,4046.0000,4045.8000,4045.6000,4049.0000,4049.2000,4050.0000,4051.2000,4051.6000,1,2,1,1,2,1,1,3,3,1
SF,IF2006,2020-02-19 09:45:44.900,4047.8000,24374,0,1196407920.000,1,0,1,多换,S,4046.4000,4046.0000,4045.8000,4045.6000,4045.0000,4048.8000,4050.0000,4051.2000,4051.6000,4052.2000,2,1,1,2,4,2,3,3,1,1
SF,IF2006,2020-02-19 09:45:45.400,4047.8000,24374,0,1196407920.000,0,-,-,-,-,4046.8000,4046.6000,4046.0000,4045.8000,4045.6000,4048.4000,4048.6000,4050.0000,4051.2000,4051.6000,1,1,1,1,2,1,1,3,3,1
SF,IF2006,2020-02-19 09:45:45.900,4048.0000,24373,-1,1197622320.000,1,0,1,双平,S,4045.8000,4045.6000,4045.0000,4043.8000,4042.2000,4048.2000,4048.6000,4050.0000,4051.2000,4051.6000,1,2,4,1,3,1,1,3,3,1
SF,IF2006,2020-02-19 09:45:46.400,4048.0000,24373,0,1197622320.000,0,-,-,-,-,4046.2000,4045.8000,4045.6000,4045.0000,4043.8000,4047.8000,4048.6000,4050.0000,4051.2000,4051.6000,1,1,1,4,1,1,1,3,3,1
SF,IF2006,2020-02-19 09:45:46.900,4048.0000,24373,0,1197622320.000,0,-,-,-,-,4046.8000,4046.4000,4045.8000,4045.0000,4043.8000,4048.6000,4050.0000,4051.2000,4051.6000,4052.2000,1,1,1,4,1,1,3,3,1,1
SF,IF2006,2020-02-19 09:45:47.400,4048.2000,24372,-1,1198836780.000,1,0,1,双平,S,4046.8000,4045.8000,4045.0000,4043.8000,4042.2000,4048.6000,4050.0000,4051.2000,4051.6000,4052.2000,1,1,4,1,3,1,3,3,1,1
SF,IF2006,2020-02-19 09:45:47.900,4048.2000,24372,0,1198836780.000,0,-,-,-,-,4046.8000,4045.8000,4045.0000,4043.8000,4042.2000,4048.6000,4050.0000,4051.2000,4051.6000,4052.2000,1,1,4,1,3,1,3,3,1,1
SF,IF2006,2020-02-19 09:45:48.400,4048.6000,24372,0,1200051360.000,1,0,1,多换,S,4047.2000,4047.0000,4045.8000,4045.0000,4043.8000,4050.0000,4051.2000,4051.6000,4052.2000,4052.6000,1,2,1,4,1,3,3,1,1,1
SF,IF2006,2020-02-19 09:45:48.900,4048.6000,24372,0,1200051360.000,0,-,-,-,-,4047.6000,4047.2000,4047.0000,4045.8000,4045.0000,4049.8000,4050.0000,4051.2000,4051.6000,4052.2000,1,1,1,1,4,1,4,3,1,1
SF,IF2006,2020-02-19 09:45:49.400,4048.6000,24372,0,1200051360.000,0,-,-,-,-,4048.0000,4047.2000,4045.8000,4045.0000,4043.8000,4049.8000,4050.0000,4051.2000,4051.6000,4052.2000,1,1,1,4,1,1,3,3,1,1
SF,IF2006,2020-02-19 09:45:49.900,4048.6000,24372,0,1200051360.000,0,-,-,-,-,4048.4000,4048.0000,4047.2000,4045.8000,4045.0000,4049.8000,4050.0000,4051.2000,4051.6000,4052.2000,1,2,1,1,4,1,3,3,1,1
SF,IF2006,2020-02-19 09:45:50.400,4048.6000,24372,0,1200051360.000,0,-,-,-,-,4048.0000,4047.2000,4045.8000,4045.0000,4043.8000,4049.8000,4050.0000,4051.2000,4051.6000,4052.2000,1,1,1,4,1,1,3,3,1,1
SF,IF2006,2020-02-19 09:45:50.900,4048.6000,24372,0,1200051360.000,0,-,-,-,-,4048.6000,4048.4000,4048.0000,4047.2000,4045.8000,4049.8000,4050.0000,4051.2000,4051.6000,4052.2000,1,1,1,1,1,1,3,3,1,1
SF,IF2006,2020-02-19 09:45:51.400,4048.6000,24372,0,1200051360.000,0,-,-,-,-,4049.8000,4048.6000,4048.0000,4047.2000,4045.0000,4050.0000,4051.2000,4051.6000,4052.2000,4052.6000,1,1,1,1,4,3,3,1,1,1
SF,IF2006,2020-02-19 09:45:51.900,4049.8000,24372,0,1201266300.000,1,0,1,多换,S,4048.0000,4047.2000,4045.0000,4043.8000,4042.2000,4049.8000,4050.0000,4051.2000,4051.6000,4052.2000,1,1,4,1,3,1,3,3,1,1
SF,IF2006,2020-02-19 09:45:52.400,4050.0000,24372,0,1202481300.000,1,0,1,多换,S,4048.4000,4048.0000,4047.2000,4045.0000,4043.8000,4050.0000,4051.2000,4051.6000,4052.2000,4052.6000,3,1,1,4,1,2,3,1,1,1
SF,IF2006,2020-02-19 09:45:52.900,4050.0000,24371,-1,1204911300.000,2,0,2,多平,S,4048.8000,4048.6000,4048.0000,4047.2000,4045.0000,4051.2000,4051.6000,4052.2000,4052.6000,4052.8000,1,2,1,1,4,3,1,1,1,1
SF,IF2006,2020-02-19 09:45:53.400,4051.2000,24372,1,1206126660.000,1,1,0,双开,S,4048.8000,4048.0000,4047.2000,4045.0000,4043.8000,4050.6000,4051.2000,4051.6000,4052.2000,4052.6000,1,1,1,4,1,1,4,1,1,1
SF,IF2006,2020-02-19 09:45:53.900,4051.2000,24372,0,1207342020.000,1,0,1,多换,S,4048.8000,4048.0000,4047.2000,4047.0000,4045.0000,4051.2000,4051.6000,4052.2000,4052.6000,4052.8000,1,1,1,1,4,4,1,1,1,1
SF,IF2006,2020-02-19 09:45:54.400,4051.2000,24372,0,1207342020.000,0,-,-,-,-,4048.8000,4048.0000,4047.2000,4047.0000,4045.0000,4050.8000,4051.0000,4051.2000,4051.6000,4052.2000,1,1,1,1,4,1,2,4,1,1
SF,IF2006,2020-02-19 09:45:54.900,4051.2000,24372,0,1207342020.000,0,-,-,-,-,4049.0000,4048.8000,4048.0000,4047.2000,4047.0000,4051.0000,4051.2000,4051.6000,4052.2000,4052.6000,2,1,1,1,1,1,2,1,1,1
SF,IF2006,2020-02-19 09:45:55.400,4051.2000,24372,0,1207342020.000,0,-,-,-,-,4049.2000,4049.0000,4048.0000,4047.2000,4047.0000,4051.0000,4051.2000,4051.6000,4052.2000,4052.6000,2,1,1,1,1,1,2,1,1,1
SF,IF2006,2020-02-19 09:45:55.900,4051.2000,24372,0,1207342020.000,0,-,-,-,-,4049.8000,4049.6000,4049.4000,4049.2000,4048.0000,4051.2000,4051.6000,4052.2000,4052.6000,4052.8000,1,2,1,1,1,2,1,1,1,1
SF,IF2006,2020-02-19 09:45:56.400,4051.2000,24372,0,1207342020.000,0,-,-,-,-,4050.0000,4049.8000,4049.2000,4048.0000,4047.2000,4051.2000,4051.6000,4052.2000,4052.6000,4052.8000,1,1,1,2,1,2,1,1,1,1
SF,IF2006,2020-02-19 09:45:56.900,4051.2000,24372,0,1207342020.000,0,-,-,-,-,4050.2000,4050.0000,4049.8000,4049.2000,4048.0000,4051.2000,4051.6000,4052.2000,4052.6000,4052.8000,1,1,1,1,2,2,1,1,1,1
SF,IF2006,2020-02-19 09:45:57.400,4049.8000,24370,-2,1209772080.000,2,0,2,双平,S,4049.2000,4048.6000,4048.0000,4047.2000,4047.0000,4051.2000,4051.6000,4052.2000,4052.6000,4052.8000,1,1,1,1,1,3,1,1,1,1
SF,IF2006,2020-02-19 09:45:57.900,4049.8000,24370,0,1209772080.000,0,-,-,-,-,4049.4000,4049.2000,4048.6000,4048.0000,4047.2000,4051.2000,4051.6000,4052.2000,4052.6000,4052.8000,2,2,1,1,1,3,1,1,2,1
SF,IF2006,2020-02-19 09:45:58.400,4049.8000,24370,0,1209772080.000,0,-,-,-,-,4049.4000,4049.2000,4048.6000,4048.0000,4047.2000,4051.2000,4051.6000,4052.2000,4052.6000,4052.8000,2,1,1,1,1,3,1,1,2,1
SF,IF2006,2020-02-19 09:45:58.900,4049.8000,24370,0,1209772080.000,0,-,-,-,-,4050.0000,4049.4000,4049.2000,4048.6000,4048.0000,4051.0000,4051.2000,4051.6000,4052.2000,4052.6000,1,2,1,1,1,1,3,1,1,2
SF,IF2006,2020-02-19 09:45:59.400,4049.8000,24370,0,1209772080.000,0,-,-,-,-,4050.0000,4048.6000,4048.0000,4047.0000,4045.0000,4051.2000,4051.6000,4052.2000,4052.6000,4052.8000,1,1,1,1,4,3,1,1,2,1
SF,IF2006,2020-02-19 09:45:59.900,4049.8000,24370,0,1209772080.000,0,-,-,-,-,4048.0000,4047.0000,4045.0000,4043.8000,4042.2000,4051.2000,4051.6000,4052.2000,4052.6000,4052.8000,1,1,4,1,3,3,1,1,2,1
SF,IF2006,2020-02-19 09:46:00.400,4049.8000,24370,0,1209772080.000,0,-,-,-,-,4049.2000,4048.8000,4048.2000,4048.0000,4047.0000,4051.2000,4051.6000,4052.2000,4052.6000,4052.8000,1,1,1,1,1,3,1,1,1,1
SF,IF2006,2020-02-19 09:46:00.900,4049.8000,24370,0,1209772080.000,0,-,-,-,-,4049.2000,4048.8000,4048.2000,4048.0000,4047.0000,4050.0000,4050.8000,4051.2000,4051.6000,4052.2000,1,1,1,1,1,1,1,3,1,1
SF,IF2006,2020-02-19 09:46:01.400,4049.8000,24370,0,1209772080.000,0,-,-,-,-,4048.8000,4048.0000,4047.0000,4045.0000,4043.8000,4050.0000,4051.0000,4051.2000,4051.6000,4052.2000,1,1,1,4,1,1,1,3,1,1
SF,IF2006,2020-02-19 09:46:01.900,4049.0000,24370,0,1210986780.000,1,0,1,多换,S,4048.8000,4048.0000,4047.0000,4045.0000,4043.8000,4050.0000,4051.0000,4051.2000,4051.6000,4052.2000,1,1,1,4,1,1,1,3,1,1
SF,IF2006,2020-02-19 09:46:02.400,4050.0000,24370,0,1212201780.000,1,0,1,多换,S,4048.0000,4047.0000,4045.0000,4043.8000,4042.2000,4050.0000,4050.8000,4051.0000,4051.2000,4051.6000,1,1,4,1,3,1,1,1,3,1
SF,IF2006,2020-02-19 09:46:02.900,4050.0000,24370,0,1213416780.000,1,0,1,多换,S,4048.2000,4048.0000,4047.0000,4045.0000,4043.8000,4049.8000,4050.0000,4050.8000,4051.0000,4051.2000,1,1,1,4,1,1,1,1,1,3
SF,IF2006,2020-02-19 09:46:03.900,4050.0000,24370,0,1213416780.000,0,-,-,-,-,4048.2000,4048.0000,4047.0000,4045.0000,4043.8000,4049.8000,4050.0000,4050.8000,4051.0000,4051.2000,1,1,1,4,1,1,1,1,1,3
SF,IF2006,2020-02-19 09:46:04.400,4050.0000,24370,0,1213416780.000,0,-,-,-,-,4048.2000,4048.0000,4047.0000,4045.0000,4043.8000,4049.6000,4049.8000,4050.0000,4050.8000,4051.0000,1,1,1,4,1,1,1,1,1,1
SF,IF2006,2020-02-19 09:46:04.900,4050.0000,24370,0,1213416780.000,0,-,-,-,-,4048.2000,4048.0000,4047.0000,4045.0000,4043.8000,4049.6000,4049.8000,4050.0000,4050.6000,4050.8000,1,1,1,4,1,1,1,1,2,1
SF,IF2006,2020-02-19 09:46:05.400,4050.0000,24370,0,1213416780.000,0,-,-,-,-,4048.2000,4048.0000,4047.0000,4045.0000,4043.8000,4049.4000,4049.6000,4050.0000,4050.6000,4050.8000,1,1,1,4,1,1,1,1,2,1
SF,IF2006,2020-02-19 09:46:05.900,4050.0000,24370,0,1213416780.000,0,-,-,-,-,4048.2000,4048.0000,4047.0000,4045.0000,4043.8000,4049.4000,4050.0000,4050.8000,4051.2000,4051.6000,1,1,1,4,1,1,1,1,3,1
SF,IF2006,2020-02-19 09:46:06.400,4050.0000,24370,0,1213416780.000,0,-,-,-,-,4048.6000,4048.0000,4047.0000,4045.0000,4043.8000,4050.0000,4050.8000,4051.2000,4051.6000,4052.2000,1,1,1,4,1,1,1,3,1,1
SF,IF2006,2020-02-19 09:46:06.900,4050.0000,24370,0,1213416780.000,0,-,-,-,-,4049.0000,4048.0000,4047.0000,4045.0000,4043.8000,4050.0000,4050.8000,4051.2000,4051.6000,4052.0000,1,1,1,4,1,1,1,3,1,44
SF,IF2006,2020-02-19 09:46:07.400,4049.0000,24369,-1,1214631480.000,1,0,1,双平,S,4048.0000,4047.0000,4045.0000,4043.8000,4042.2000,4050.0000,4050.2000,4051.2000,4051.6000,4052.0000,1,1,4,1,3,1,1,3,1,44
SF,IF2006,2020-02-19 09:46:07.900,4049.0000,24369,0,1214631480.000,0,-,-,-,-,4048.4000,4048.2000,4048.0000,4047.0000,4045.0000,4050.0000,4050.2000,4051.2000,4051.6000,4052.0000,1,1,1,1,4,1,1,3,1,44
SF,IF2006,2020-02-19 09:46:08.400,4049.0000,24369,0,1214631480.000,0,-,-,-,-,4048.4000,4048.0000,4045.0000,4043.8000,4042.2000,4050.0000,4050.2000,4051.2000,4051.6000,4052.0000,1,1,4,1,3,2,1,3,1,44
SF,IF2006,2020-02-19 09:46:08.900,4049.0000,24369,0,1214631480.000,0,-,-,-,-,4048.4000,4048.0000,4045.0000,4043.8000,4042.2000,4050.0000,4050.2000,4051.2000,4051.6000,4052.0000,1,1,4,1,3,2,1,4,1,44
SF,IF2006,2020-02-19 09:46:09.900,4049.0000,24369,0,1214631480.000,0,-,-,-,-,4048.6000,4048.4000,4045.0000,4043.8000,4042.2000,4049.8000,4050.0000,4050.8000,4051.2000,4051.6000,1,2,4,1,3,1,2,1,4,1
SF,IF2006,2020-02-19 09:46:10.900,4049.0000,24369,0,1214631480.000,0,-,-,-,-,4048.8000,4048.4000,4045.0000,4043.8000,4042.2000,4049.8000,4050.0000,4050.8000,4051.2000,4051.6000,2,2,4,1,3,1,2,1,4,1
SF,IF2006,2020-02-19 09:46:11.400,4049.0000,24369,0,1214631480.000,0,-,-,-,-,4049.0000,4048.4000,4045.0000,4043.8000,4042.2000,4050.0000,4051.2000,4051.6000,4052.0000,4052.2000,3,1,4,1,3,2,4,1,44,1
SF,IF2006,2020-02-19 09:46:11.900,4049.0000,24369,0,1214631480.000,0,-,-,-,-,4049.0000,4048.4000,4045.0000,4043.8000,4042.2000,4050.0000,4051.2000,4051.6000,4052.0000,4052.2000,3,1,4,1,3,2,3,1,44,1
SF,IF2006,2020-02-19 09:46:12.400,4049.0000,24369,0,1214631480.000,0,-,-,-,-,4049.2000,4049.0000,4048.4000,4045.0000,4043.8000,4050.0000,4051.2000,4051.6000,4052.0000,4052.2000,2,1,1,4,1,2,3,1,44,1
SF,IF2006,2020-02-19 09:46:12.900,4050.0000,24367,-2,1217061480.000,2,0,2,双平,S,4049.0000,4048.4000,4045.0000,4043.8000,4042.2000,4051.2000,4051.6000,4052.0000,4052.2000,4052.6000,1,1,4,1,3,3,1,44,1,2
SF,IF2006,2020-02-19 09:46:13.400,4050.0000,24367,0,1217061480.000,0,-,-,-,-,4049.0000,4048.4000,4045.0000,4043.8000,4042.2000,4051.0000,4051.2000,4051.6000,4052.0000,4052.2000,1,1,4,1,3,2,3,1,44,1
SF,IF2006,2020-02-19 09:46:13.900,4050.0000,24367,0,1217061480.000,0,-,-,-,-,4049.2000,4049.0000,4048.4000,4045.0000,4043.8000,4051.0000,4051.2000,4051.6000,4052.0000,4052.2000,1,1,1,4,1,2,3,1,44,1
SF,IF2006,2020-02-19 09:46:16.400,4050.0000,24367,0,1217061480.000,0,-,-,-,-,4049.6000,4049.4000,4048.4000,4045.0000,4043.8000,4051.0000,4051.2000,4051.6000,4052.0000,4052.2000,2,1,1,4,1,1,3,1,44,1
SF,IF2006,2020-02-19 09:46:17.400,4050.0000,24367,0,1217061480.000,0,-,-,-,-,4049.6000,4049.4000,4048.4000,4047.6000,4045.0000,4051.0000,4051.2000,4051.6000,4052.0000,4052.2000,2,1,1,1,4,1,3,1,44,1
SF,IF2006,2020-02-19 09:46:17.900,4050.0000,24367,0,1217061480.000,0,-,-,-,-,4049.6000,4049.4000,4048.8000,4048.4000,4047.6000,4051.0000,4051.2000,4051.6000,4052.0000,4052.2000,2,1,1,1,1,1,3,1,44,1
SF,IF2006,2020-02-19 09:46:18.400,4050.0000,24367,0,1217061480.000,0,-,-,-,-,4050.0000,4049.4000,4048.8000,4048.4000,4047.6000,4051.0000,4051.2000,4051.6000,4052.0000,4052.2000,2,1,1,1,1,1,3,1,44,1
SF,IF2006,2020-02-19 09:46:19.900,4050.0000,24367,0,1217061480.000,0,-,-,-,-,4050.2000,4048.8000,4048.4000,4047.6000,4045.0000,4051.0000,4051.2000,4051.6000,4052.0000,4052.2000,2,1,1,1,4,1,3,1,44,1
SF,IF2006,2020-02-19 09:46:20.400,4051.0000,24367,0,1218276780.000,1,0,1,多换,S,4051.0000,4048.8000,4048.4000,4047.6000,4045.0000,4051.2000,4051.6000,4052.0000,4052.2000,4052.6000,1,1,1,1,4,3,1,44,1,2
SF,IF2006,2020-02-19 09:46:20.900,4051.0000,24367,0,1219492080.000,1,0,1,多换,S,4048.8000,4048.4000,4047.6000,4045.0000,4043.8000,4051.0000,4051.2000,4051.6000,4052.0000,4052.2000,1,1,1,4,1,1,3,1,44,1
SF,IF2006,2020-02-19 09:46:21.400,4051.0000,24367,0,1219492080.000,0,-,-,-,-,4049.6000,4049.4000,4049.2000,4049.0000,4048.8000,4051.2000,4051.6000,4052.0000,4052.2000,4052.6000,1,1,2,1,1,3,1,44,1,2
SF,IF2006,2020-02-19 09:46:21.900,4051.0000,24367,0,1219492080.000,0,-,-,-,-,4050.0000,4049.8000,4049.4000,4049.0000,4048.8000,4051.2000,4051.6000,4052.0000,4052.2000,4052.6000,1,2,1,1,1,3,1,44,1,2
SF,IF2006,2020-02-19 09:46:22.400,4051.0000,24367,0,1219492080.000,0,-,-,-,-,4050.0000,4049.8000,4049.4000,4048.8000,4048.4000,4051.2000,4051.6000,4052.0000,4052.2000,4052.6000,1,2,1,1,1,3,1,44,1,2
SF,IF2006,2020-02-19 09:46:22.900,4051.0000,24367,0,1219492080.000,0,-,-,-,-,4050.0000,4049.8000,4049.4000,4048.4000,4047.6000,4051.2000,4051.6000,4052.0000,4052.2000,4052.6000,2,2,1,1,1,3,1,44,1,2
SF,IF2006,2020-02-19 09:46:23.400,4051.0000,24367,0,1219492080.000,0,-,-,-,-,4050.0000,4049.8000,4049.4000,4048.4000,4047.6000,4051.2000,4051.6000,4052.0000,4052.2000,4052.6000,2,2,1,1,1,3,1,44,1,2
SF,IF2006,2020-02-19 09:46:23.900,4051.0000,24367,0,1219492080.000,0,-,-,-,-,4050.0000,4049.4000,4048.4000,4047.6000,4045.0000,4050.6000,4051.2000,4051.6000,4052.0000,4052.2000,1,1,1,1,4,1,3,1,44,1
SF,IF2006,2020-02-19 09:46:24.400,4050.0000,24367,0,1220707080.000,1,0,1,多换,S,4049.4000,4048.4000,4047.6000,4045.0000,4043.8000,4050.0000,4050.6000,4051.2000,4051.6000,4052.0000,1,1,1,4,1,1,1,3,1,44
SF,IF2006,2020-02-19 09:46:24.900,4051.2000,24369,2,1224352980.000,3,2,1,空开,S,4050.2000,4049.4000,4048.4000,4047.6000,4045.0000,4051.0000,4051.2000,4051.6000,4052.0000,4052.2000,1,1,1,1,4,1,1,1,44,1
SF,IF2006,2020-02-19 09:46:25.400,4050.2000,24368,-1,1225568040.000,1,0,1,双平,S,4048.4000,4047.6000,4045.0000,4043.8000,4043.6000,4050.2000,4050.6000,4051.0000,4051.2000,4051.6000,1,1,4,1,1,3,1,1,1,1
SF,IF2006,2020-02-19 09:46:25.900,4050.2000,24368,0,1225568040.000,0,-,-,-,-,4048.8000,4048.6000,4048.4000,4047.6000,4045.0000,4050.2000,4050.6000,4051.0000,4051.2000,4051.6000,2,2,1,1,4,2,1,1,1,1
SF,IF2006,2020-02-19 09:46:26.400,4050.2000,24368,0,1226783100.000,1,0,1,多换,S,4048.8000,4048.6000,4048.4000,4047.6000,4045.0000,4050.2000,4050.6000,4051.0000,4051.2000,4051.6000,2,1,1,1,4,1,1,1,1,1
SF,IF2006,2020-02-19 09:46:26.900,4050.2000,24368,0,1227998160.000,1,0,1,多换,S,4050.2000,4048.8000,4048.6000,4048.4000,4047.6000,4050.6000,4051.0000,4051.2000,4051.6000,4052.0000,1,2,1,1,1,1,1,1,1,44
SF,IF2006,2020-02-19 09:46:27.400,4050.2000,24369,1,1229213220.000,1,1,0,双开,S,4048.4000,4047.6000,4045.0000,4043.8000,4043.6000,4050.2000,4051.0000,4051.2000,4051.6000,4052.0000,1,1,4,1,1,1,1,1,1,44
SF,IF2006,2020-02-19 09:46:27.900,4050.2000,24369,0,1229213220.000,0,-,-,-,-,4049.0000,4048.8000,4048.4000,4047.6000,4045.0000,4051.0000,4051.2000,4051.6000,4052.0000,4052.2000,1,2,1,1,4,1,1,1,44,1
SF,IF2006,2020-02-19 09:46:28.400,4050.2000,24369,0,1229213220.000,0,-,-,-,-,4048.4000,4047.6000,4045.0000,4043.8000,4043.6000,4048.8000,4050.8000,4051.0000,4051.2000,4051.6000,1,1,4,1,1,1,2,1,1,1
SF,IF2006,2020-02-19 09:46:28.900,4048.8000,24369,0,1230427860.000,1,0,1,多换,S,4048.8000,4048.6000,4048.4000,4047.6000,4045.0000,4050.8000,4051.0000,4051.2000,4051.6000,4052.0000,6,1,2,1,4,1,1,1,1,44
SF,IF2006,2020-02-19 09:46:29.400,4048.8000,24369,0,1230427860.000,0,-,-,-,-,4048.8000,4048.6000,4048.4000,4047.6000,4045.0000,4050.6000,4050.8000,4051.0000,4051.2000,4051.6000,3,1,1,1,4,1,1,1,1,1
SF,IF2006,2020-02-19 09:46:29.900,4048.8000,24369,0,1230427860.000,0,-,-,-,-,4048.8000,4048.6000,4047.6000,4045.0000,4043.8000,4050.6000,4051.0000,4051.2000,4051.6000,4052.0000,4,1,1,4,1,1,1,1,1,44
SF,IF2006,2020-02-19 09:46:30.400,4048.8000,24369,0,1230427860.000,0,-,-,-,-,4049.2000,4049.0000,4048.8000,4048.6000,4047.6000,4050.6000,4051.0000,4051.2000,4051.6000,4052.0000,1,1,4,1,1,1,1,1,1,44
SF,IF2006,2020-02-19 09:46:30.900,4048.8000,24369,0,1230427860.000,0,-,-,-,-,4049.2000,4049.0000,4048.8000,4047.6000,4045.0000,4050.6000,4051.0000,4051.2000,4051.6000,4052.0000,1,1,4,1,4,1,1,1,1,44
SF,IF2006,2020-02-19 09:46:31.400,4048.8000,24369,0,1230427860.000,0,-,-,-,-,4049.2000,4049.0000,4048.8000,4047.6000,4045.0000,4051.0000,4051.2000,4051.6000,4052.0000,4052.2000,1,1,4,1,4,1,1,1,44,1
SF,IF2006,2020-02-19 09:46:31.900,4048.8000,24369,0,1230427860.000,0,-,-,-,-,4049.6000,4049.4000,4048.8000,4047.6000,4045.0000,4051.0000,4051.2000,4051.6000,4052.0000,4052.2000,2,1,4,1,4,1,1,1,44,1
SF,IF2006,2020-02-19 09:46:32.400,4048.8000,24369,0,1230427860.000,0,-,-,-,-,4049.8000,4049.6000,4048.8000,4047.6000,4045.0000,4051.2000,4051.6000,4051.8000,4052.0000,4052.2000,1,2,4,1,4,1,1,1,44,1
SF,IF2006,2020-02-19 09:46:32.900,4049.2000,24368,-1,1231642620.000,1,0,1,双平,S,4049.6000,4048.8000,4047.6000,4045.0000,4043.8000,4051.2000,4051.6000,4051.8000,4052.0000,4052.2000,2,4,1,4,1,1,1,1,44,1
SF,IF2006,2020-02-19 09:46:33.400,4049.2000,24368,0,1231642620.000,0,-,-,-,-,4049.2000,4048.8000,4047.6000,4045.0000,4043.8000,4051.0000,4051.2000,4051.6000,4051.8000,4052.0000,1,4,1,4,1,1,1,1,1,44
SF,IF2006,2020-02-19 09:46:33.900,4049.2000,24368,0,1231642620.000,0,-,-,-,-,4049.2000,4048.8000,4047.6000,4045.0000,4043.8000,4050.6000,4051.2000,4051.6000,4051.8000,4052.0000,1,1,1,4,1,1,1,1,1,44
SF,IF2006,2020-02-19 09:46:34.400,4049.2000,24368,0,1231642620.000,0,-,-,-,-,4049.6000,4049.2000,4048.8000,4047.6000,4045.0000,4050.6000,4051.2000,4051.6000,4051.8000,4052.0000,1,1,1,1,4,1,1,1,1,44
SF,IF2006,2020-02-19 09:46:35.400,4049.2000,24368,0,1231642620.000,0,-,-,-,-,4049.6000,4049.2000,4048.8000,4047.6000,4045.0000,4050.6000,4051.2000,4051.6000,4051.8000,4052.0000,1,1,1,1,4,1,1,1,1,44
SF,IF2006,2020-02-19 09:46:35.900,4049.2000,24368,0,1231642620.000,0,-,-,-,-,4049.2000,4048.8000,4047.6000,4045.0000,4043.8000,4050.2000,4051.2000,4051.6000,4051.8000,4052.0000,1,1,1,4,1,1,1,1,1,44
SF,IF2006,2020-02-19 09:46:36.400,4049.2000,24368,0,1231642620.000,0,-,-,-,-,4049.4000,4049.2000,4048.8000,4047.6000,4046.2000,4050.2000,4051.2000,4051.6000,4051.8000,4052.0000,2,1,1,1,1,1,1,1,1,44
SF,IF2006,2020-02-19 09:46:36.900,4049.2000,24368,0,1231642620.000,0,-,-,-,-,4049.2000,4048.8000,4047.6000,4046.2000,4045.0000,4050.2000,4051.2000,4051.6000,4051.8000,4052.0000,1,1,1,1,4,1,1,1,1,44
SF,IF2006,2020-02-19 09:46:37.400,4049.2000,24368,0,1231642620.000,0,-,-,-,-,4049.4000,4049.2000,4048.8000,4047.6000,4046.2000,4050.2000,4051.2000,4051.6000,4051.8000,4052.0000,1,1,1,1,1,1,1,1,1,44
SF,IF2006,2020-02-19 09:46:37.900,4049.2000,24368,0,1231642620.000,0,-,-,-,-,4049.2000,4048.8000,4047.6000,4046.2000,4045.0000,4050.2000,4051.2000,4051.6000,4051.8000,4052.0000,1,1,1,1,4,1,1,2,1,44
SF,IF2006,2020-02-19 09:46:38.400,4049.2000,24367,-1,1232857380.000,1,0,1,双平,S,4048.8000,4047.6000,4046.2000,4045.0000,4043.8000,4050.2000,4051.2000,4051.6000,4051.8000,4052.0000,1,1,1,4,1,1,1,2,1,44
SF,IF2006,2020-02-19 09:46:38.900,4049.2000,24367,0,1232857380.000,0,-,-,-,-,4049.2000,4048.8000,4048.6000,4047.6000,4046.2000,4050.2000,4051.2000,4051.6000,4051.8000,4052.0000,1,1,1,1,1,1,1,2,1,44
SF,IF2006,2020-02-19 09:46:39.400,4050.2000,24366,-1,1234072440.000,1,0,1,双平,S,4050.6000,4049.2000,4048.8000,4047.6000,4046.2000,4051.2000,4051.6000,4051.8000,4052.0000,4052.2000,3,1,1,1,1,1,2,1,44,1
SF,IF2006,2020-02-19 09:46:39.900,4050.6000,24363,-3,1237717980.000,3,0,3,双平,S,4050.2000,4048.8000,4047.6000,4046.2000,4045.0000,4050.6000,4051.2000,4051.6000,4051.8000,4052.0000,1,1,1,1,4,1,1,2,1,44
SF,IF2006,2020-02-19 09:46:40.400,4050.2000,24362,-1,1238933040.000,1,0,1,双平,S,4048.8000,4047.6000,4046.2000,4045.0000,4043.8000,4051.2000,4051.6000,4051.8000,4052.0000,4052.2000,1,1,1,4,1,1,2,1,44,1
SF,IF2006,2020-02-19 09:46:40.900,4050.2000,24364,2,1241363160.000,2,2,0,双开,S,4049.2000,4049.0000,4048.8000,4047.6000,4046.2000,4051.0000,4051.2000,4051.6000,4051.8000,4052.0000,1,1,1,1,1,1,1,2,1,44
SF,IF2006,2020-02-19 09:46:41.400,4050.2000,24364,0,1241363160.000,0,-,-,-,-,4049.0000,4048.8000,4047.6000,4046.2000,4045.0000,4051.0000,4051.2000,4051.6000,4051.8000,4052.0000,1,1,1,1,4,1,1,2,1,44
SF,IF2006,2020-02-19 09:46:41.900,4050.2000,24364,0,1241363160.000,0,-,-,-,-,4049.0000,4048.8000,4047.6000,4046.2000,4045.0000,4051.0000,4051.2000,4051.6000,4051.8000,4052.0000,1,1,1,1,4,1,1,4,1,44
SF,IF2006,2020-02-19 09:46:42.400,4050.2000,24364,0,1241363160.000,0,-,-,-,-,4049.0000,4048.8000,4047.6000,4046.2000,4045.0000,4051.0000,4051.2000,4051.6000,4051.8000,4052.0000,1,1,1,1,4,1,3,4,1,44
SF,IF2006,2020-02-19 09:46:42.900,4051.0000,24365,1,1243793700.000,2,1,1,空开,S,4049.0000,4048.8000,4047.6000,4046.2000,4045.0000,4050.8000,4051.2000,4051.6000,4051.8000,4052.0000,1,1,1,1,4,1,3,2,1,44
SF,IF2006,2020-02-19 09:46:43.900,4051.0000,24365,0,1243793700.000,0,-,-,-,-,4049.0000,4048.8000,4047.6000,4046.2000,4045.0000,4050.8000,4051.0000,4051.2000,4051.6000,4051.8000,1,1,1,1,4,1,1,3,2,1
SF,IF2006,2020-02-19 09:46:44.400,4051.0000,24365,0,1243793700.000,0,-,-,-,-,4048.8000,4047.6000,4046.2000,4045.0000,4043.8000,4050.6000,4050.8000,4051.0000,4051.2000,4051.6000,1,1,1,4,1,3,2,1,3,2
SF,IF2006,2020-02-19 09:46:44.900,4051.0000,24365,0,1243793700.000,0,-,-,-,-,4049.0000,4048.8000,4047.6000,4046.2000,4045.0000,4050.6000,4050.8000,4051.2000,4051.6000,4051.8000,1,1,1,1,4,1,1,3,2,1
SF,IF2006,2020-02-19 09:46:45.400,4051.0000,24365,0,1243793700.000,0,-,-,-,-,4049.0000,4048.8000,4047.6000,4046.2000,4045.0000,4050.6000,4050.8000,4051.2000,4051.6000,4051.8000,1,1,1,1,4,1,1,1,2,1
SF,IF2006,2020-02-19 09:46:45.900,4051.0000,24365,0,1243793700.000,0,-,-,-,-,4049.4000,4048.8000,4047.6000,4046.2000,4045.0000,4050.8000,4051.2000,4051.6000,4051.8000,4052.0000,1,1,1,1,4,1,1,2,1,44
SF,IF2006,2020-02-19 09:46:46.400,4050.6000,24364,-1,1245008880.000,1,0,1,双平,S,4049.4000,4048.8000,4047.6000,4046.2000,4045.0000,4050.8000,4051.2000,4051.6000,4051.8000,4052.0000,1,1,1,1,4,1,1,2,1,44
SF,IF2006,2020-02-19 09:46:47.900,4050.8000,24364,0,1247439360.000,2,1,1,多换,S,4049.4000,4048.8000,4047.6000,4046.2000,4045.0000,4051.2000,4051.6000,4051.8000,4052.0000,4052.2000,1,1,1,1,4,1,2,1,44,1
SF,IF2006,2020-02-19 09:46:48.400,4050.8000,24364,0,1247439360.000,0,-,-,-,-,4049.4000,4048.8000,4048.6000,4047.6000,4046.2000,4051.2000,4051.6000,4051.8000,4052.0000,4052.2000,1,1,1,1,1,1,2,1,44,1
SF,IF2006,2020-02-19 09:46:49.400,4050.8000,24364,0,1247439360.000,0,-,-,-,-,4049.4000,4048.8000,4048.6000,4047.6000,4046.2000,4051.0000,4051.2000,4051.6000,4051.8000,4052.0000,1,1,2,1,1,1,3,2,1,44
SF,IF2006,2020-02-19 09:46:49.900,4049.4000,24363,-1,1248654180.000,1,0,1,双平,S,4049.4000,4048.6000,4047.6000,4046.8000,4046.2000,4051.0000,4051.2000,4051.6000,4051.8000,4052.0000,1,2,1,1,1,1,3,2,1,44
SF,IF2006,2020-02-19 09:46:50.400,4049.4000,24363,0,1248654180.000,0,-,-,-,-,4049.4000,4048.6000,4047.6000,4046.8000,4046.2000,4050.8000,4051.0000,4051.2000,4051.6000,4051.8000,1,2,1,1,1,1,1,3,2,1
SF,IF2006,2020-02-19 09:46:50.900,4049.4000,24363,0,1248654180.000,0,-,-,-,-,4049.4000,4048.6000,4047.6000,4046.8000,4046.2000,4050.8000,4051.0000,4051.2000,4051.6000,4051.8000,1,2,1,1,1,1,1,3,2,1
SF,IF2006,2020-02-19 09:46:51.400,4049.4000,24363,0,1248654180.000,0,-,-,-,-,4049.4000,4048.6000,4047.6000,4046.8000,4046.2000,4050.8000,4051.0000,4051.2000,4051.6000,4051.8000,1,2,1,1,1,1,1,3,2,1
SF,IF2006,2020-02-19 09:46:52.400,4049.4000,24363,0,1248654180.000,0,-,-,-,-,4049.4000,4048.6000,4047.6000,4046.8000,4046.2000,4050.8000,4051.0000,4051.2000,4051.6000,4051.8000,1,2,1,1,1,1,1,3,2,1
SF,IF2006,2020-02-19 09:46:52.900,4050.8000,24362,-1,1249869420.000,1,0,1,双平,S,4049.4000,4048.6000,4047.6000,4046.8000,4046.2000,4051.0000,4051.2000,4051.6000,4051.8000,4052.0000,1,2,1,1,1,1,3,2,1,44
SF,IF2006,2020-02-19 09:46:53.400,4050.8000,24362,0,1249869420.000,0,-,-,-,-,4049.8000,4049.4000,4048.6000,4047.6000,4046.8000,4050.8000,4051.0000,4051.2000,4051.6000,4051.8000,1,1,2,1,1,1,1,3,2,1
SF,IF2006,2020-02-19 09:46:53.900,4050.8000,24362,0,1249869420.000,0,-,-,-,-,4049.8000,4049.4000,4048.6000,4047.6000,4046.8000,4051.0000,4051.2000,4051.6000,4051.8000,4052.0000,1,1,2,1,1,1,1,2,1,44
SF,IF2006,2020-02-19 09:46:54.400,4050.8000,24362,0,1249869420.000,0,-,-,-,-,4050.8000,4050.0000,4049.8000,4049.4000,4048.6000,4051.0000,4051.2000,4051.6000,4051.8000,4052.0000,1,1,1,1,2,1,1,2,1,44
SF,IF2006,2020-02-19 09:46:54.900,4050.8000,24362,0,1251084660.000,1,0,1,多换,S,4049.8000,4049.4000,4048.6000,4047.6000,4046.8000,4051.0000,4051.2000,4051.6000,4051.8000,4052.0000,1,1,2,1,1,1,1,2,1,44
SF,IF2006,2020-02-19 09:46:55.400,4050.8000,24362,0,1251084660.000,0,-,-,-,-,4050.0000,4049.8000,4049.4000,4048.6000,4047.6000,4050.8000,4051.0000,4051.2000,4051.6000,4051.8000,1,1,1,2,1,1,1,1,2,1
SF,IF2006,2020-02-19 09:46:55.900,4050.8000,24361,-1,1252299900.000,1,0,1,双平,S,4049.8000,4049.4000,4048.6000,4047.6000,4046.8000,4051.0000,4051.2000,4051.6000,4051.8000,4052.0000,1,1,2,1,1,1,1,2,1,44
SF,IF2006,2020-02-19 09:46:56.400,4050.8000,24361,0,1252299900.000,0,-,-,-,-,4050.0000,4049.8000,4049.4000,4048.6000,4047.6000,4051.0000,4051.2000,4051.6000,4051.8000,4052.0000,2,1,1,2,1,1,1,2,1,44
SF,IF2006,2020-02-19 09:46:56.900,4050.8000,24361,0,1252299900.000,0,-,-,-,-,4049.8000,4049.4000,4048.6000,4047.6000,4046.8000,4051.0000,4051.2000,4051.6000,4051.8000,4052.0000,1,1,3,1,1,1,3,2,1,44
SF,IF2006,2020-02-19 09:46:57.400,4050.8000,24361,0,1252299900.000,0,-,-,-,-,4049.8000,4049.4000,4048.6000,4047.6000,4046.8000,4051.0000,4051.2000,4051.6000,4051.8000,4052.0000,1,1,3,1,1,1,1,2,1,44
SF,IF2006,2020-02-19 09:46:57.900,4050.8000,24360,-1,1253515140.000,1,0,1,双平,S,4049.8000,4049.4000,4048.6000,4047.6000,4046.8000,4050.8000,4051.0000,4051.2000,4051.6000,4051.8000,1,1,3,1,1,1,1,1,2,1
SF,IF2006,2020-02-19 09:46:58.400,4049.8000,24359,-1,1254730080.000,1,0,1,双平,S,4049.4000,4048.6000,4047.6000,4046.8000,4046.2000,4051.0000,4051.2000,4051.6000,4051.8000,4052.0000,1,3,1,1,1,1,1,2,1,44
SF,IF2006,2020-02-19 09:46:58.900,4049.8000,24359,0,1254730080.000,0,-,-,-,-,4049.6000,4049.4000,4048.6000,4047.6000,4046.8000,4050.8000,4051.0000,4051.2000,4051.6000,4051.8000,1,1,3,1,1,1,1,1,2,1
SF,IF2006,2020-02-19 09:46:59.400,4049.8000,24359,0,1254730080.000,0,-,-,-,-,4049.4000,4048.6000,4047.6000,4046.8000,4046.2000,4050.8000,4051.0000,4051.2000,4051.6000,4051.8000,1,3,1,1,1,1,1,1,2,1
SF,IF2006,2020-02-19 09:47:01.400,4049.8000,24359,0,1254730080.000,0,-,-,-,-,4049.4000,4048.6000,4047.6000,4046.8000,4046.2000,4050.6000,4050.8000,4051.0000,4051.2000,4051.6000,1,3,1,1,1,1,1,1,1,2
SF,IF2006,2020-02-19 09:47:02.400,4049.4000,24359,0,1255944900.000,1,0,1,多换,S,4048.6000,4047.6000,4046.8000,4046.2000,4045.0000,4050.0000,4050.2000,4050.4000,4050.6000,4051.0000,3,1,1,1,4,1,1,1,1,1
SF,IF2006,2020-02-19 09:47:02.900,4049.4000,24359,0,1255944900.000,0,-,-,-,-,4048.6000,4047.6000,4046.8000,4046.2000,4045.0000,4050.0000,4050.2000,4050.4000,4051.0000,4051.2000,3,1,1,1,4,1,1,1,1,1
SF,IF2006,2020-02-19 09:47:03.400,4049.4000,24358,-1,1257159720.000,1,0,1,双平,S,4048.6000,4047.6000,4046.8000,4046.2000,4045.0000,4049.4000,4049.8000,4050.0000,4050.2000,4050.4000,3,1,1,1,4,1,1,1,1,1
SF,IF2006,2020-02-19 09:47:04.400,4049.4000,24358,0,1257159720.000,0,-,-,-,-,4048.6000,4047.6000,4046.8000,4046.2000,4045.0000,4049.8000,4050.0000,4050.2000,4050.4000,4051.0000,3,1,1,1,4,1,1,1,1,1
SF,IF2006,2020-02-19 09:47:05.400,4050.0000,24359,1,1259589660.000,2,1,1,空开,S,4050.0000,4048.6000,4047.6000,4046.8000,4046.2000,4050.2000,4051.0000,4051.2000,4051.6000,4051.8000,2,3,1,1,1,1,21,1,2,1
SF,IF2006,2020-02-19 09:47:05.900,4050.0000,24359,0,1262019660.000,2,1,1,多换,S,4048.6000,4047.6000,4046.8000,4046.2000,4045.0000,4050.0000,4050.2000,4051.0000,4051.2000,4051.6000,3,1,2,1,4,2,1,45,1,2
SF,IF2006,2020-02-19 09:47:06.400,4050.0000,24359,0,1262019660.000,0,-,-,-,-,4049.0000,4048.6000,4047.6000,4046.8000,4046.2000,4050.0000,4050.2000,4051.0000,4051.2000,4051.6000,2,3,1,2,1,1,1,45,1,2
SF,IF2006,2020-02-19 09:47:06.900,4050.0000,24360,1,1263234660.000,1,1,0,双开,S,4049.4000,4049.2000,4049.0000,4048.6000,4047.6000,4050.2000,4051.0000,4051.2000,4051.6000,4051.8000,1,2,1,3,1,1,45,1,2,1
SF,IF2006,2020-02-19 09:47:07.400,4050.2000,24359,-1,1266879660.000,3,1,2,多平,S,4049.4000,4049.0000,4048.6000,4047.6000,4046.8000,4051.0000,4051.2000,4051.6000,4051.8000,4052.2000,1,1,3,1,2,45,1,2,1,1
SF,IF2006,2020-02-19 09:47:07.900,4050.2000,24359,0,1266879660.000,0,-,-,-,-,4050.0000,4049.8000,4049.6000,4049.4000,4049.0000,4051.0000,4051.2000,4051.6000,4051.8000,4052.2000,1,1,2,2,1,45,3,2,1,1
SF,IF2006,2020-02-19 09:47:08.400,4050.2000,24360,1,1268094720.000,1,1,0,双开,S,4050.0000,4049.6000,4049.4000,4049.2000,4049.0000,4051.0000,4051.2000,4051.6000,4051.8000,4052.2000,1,2,2,1,1,45,3,2,1,1
SF,IF2006,2020-02-19 09:47:09.400,4050.0000,24359,-1,1269309720.000,1,0,1,双平,S,4049.4000,4049.2000,4049.0000,4048.6000,4047.6000,4051.0000,4051.2000,4051.6000,4051.8000,4052.2000,2,1,1,3,1,45,3,2,1,1
SF,IF2006,2020-02-19 09:47:09.900,4050.0000,24359,0,1269309720.000,0,-,-,-,-,4049.6000,4049.4000,4049.2000,4049.0000,4048.6000,4050.8000,4051.0000,4051.2000,4051.6000,4051.8000,1,2,1,1,3,6,45,3,2,1
SF,IF2006,2020-02-19 09:47:10.400,4050.0000,24359,0,1269309720.000,0,-,-,-,-,4049.0000,4048.6000,4047.6000,4046.8000,4046.2000,4049.6000,4050.8000,4051.0000,4051.2000,4051.6000,1,3,1,1,1,1,6,45,3,2
SF,IF2006,2020-02-19 09:47:10.900,4050.0000,24359,0,1269309720.000,0,-,-,-,-,4049.2000,4049.0000,4048.6000,4047.6000,4046.8000,4049.6000,4050.8000,4051.0000,4051.2000,4051.6000,1,1,3,1,1,2,6,45,3,2
SF,IF2006,2020-02-19 09:47:11.400,4049.6000,24357,-2,1271739480.000,2,0,2,双平,S,4049.2000,4049.0000,4048.6000,4047.6000,4046.8000,4050.8000,4051.0000,4051.2000,4051.6000,4051.8000,1,1,3,1,1,6,45,3,2,1
SF,IF2006,2020-02-19 09:47:12.400,4049.6000,24357,0,1271739480.000,0,-,-,-,-,4049.4000,4049.2000,4049.0000,4048.6000,4047.6000,4050.8000,4051.0000,4051.2000,4051.6000,4051.8000,2,1,1,3,1,6,45,3,2,1
SF,IF2006,2020-02-19 09:47:12.900,4049.6000,24357,0,1271739480.000,0,-,-,-,-,4049.4000,4049.2000,4049.0000,4048.8000,4048.6000,4050.8000,4051.0000,4051.2000,4051.6000,4051.8000,1,1,1,1,3,3,45,3,2,1
SF,IF2006,2020-02-19 09:47:13.400,4050.8000,24357,0,1272954720.000,1,0,1,多换,S,4049.4000,4049.2000,4049.0000,4048.8000,4048.6000,4050.8000,4051.0000,4051.2000,4051.6000,4051.8000,1,1,1,1,3,2,45,3,2,1
SF,IF2006,2020-02-19 09:47:14.400,4050.8000,24357,0,1274169960.000,1,0,1,多换,S,4049.4000,4049.2000,4049.0000,4048.8000,4048.6000,4051.0000,4051.2000,4051.6000,4051.8000,4052.2000,1,1,1,1,3,45,3,2,1,1
SF,IF2006,2020-02-19 09:47:14.900,4050.8000,24357,0,1274169960.000,0,-,-,-,-,4049.4000,4049.2000,4049.0000,4048.8000,4048.6000,4050.8000,4051.0000,4051.2000,4051.6000,4051.8000,1,1,1,1,3,3,45,3,2,1
SF,IF2006,2020-02-19 09:47:15.400,4049.4000,24356,-1,1275384780.000,1,0,1,双平,S,4049.2000,4049.0000,4048.8000,4048.6000,4047.6000,4050.8000,4051.0000,4051.2000,4051.6000,4051.8000,1,1,1,3,1,4,45,3,2,1
SF,IF2006,2020-02-19 09:47:15.900,4049.4000,24356,0,1275384780.000,0,-,-,-,-,4049.2000,4049.0000,4048.8000,4048.6000,4047.6000,4050.6000,4050.8000,4051.0000,4051.2000,4051.6000,1,1,1,3,1,2,4,45,3,2
SF,IF2006,2020-02-19 09:47:16.400,4049.4000,24356,0,1275384780.000,0,-,-,-,-,4049.2000,4049.0000,4048.8000,4048.6000,4047.6000,4050.4000,4050.6000,4050.8000,4051.0000,4051.2000,1,1,1,3,1,2,2,4,45,3
SF,IF2006,2020-02-19 09:47:16.900,4049.4000,24356,0,1275384780.000,0,-,-,-,-,4049.2000,4049.0000,4048.8000,4048.6000,4047.6000,4050.4000,4050.6000,4050.8000,4051.0000,4051.2000,1,1,1,3,1,1,2,4,45,3
SF,IF2006,2020-02-19 09:47:17.400,4049.0000,24356,0,1277814240.000,2,1,1,多换,S,4048.8000,4048.6000,4047.6000,4046.8000,4046.2000,4050.6000,4050.8000,4051.0000,4051.2000,4051.6000,1,3,1,1,1,2,4,45,3,2
SF,IF2006,2020-02-19 09:47:17.900,4049.0000,24356,0,1277814240.000,0,-,-,-,-,4049.2000,4049.0000,4048.8000,4048.6000,4047.6000,4050.4000,4050.6000,4050.8000,4051.0000,4051.2000,1,1,1,3,1,3,2,1,45,3
SF,IF2006,2020-02-19 09:47:18.400,4049.0000,24356,0,1279028940.000,1,0,1,多换,S,4048.8000,4048.6000,4047.6000,4046.8000,4046.2000,4050.2000,4050.4000,4050.6000,4050.8000,4051.0000,1,3,1,1,1,1,2,2,2,45
SF,IF2006,2020-02-19 09:47:18.900,4049.0000,24356,0,1279028940.000,0,-,-,-,-,4048.8000,4048.6000,4047.6000,4046.8000,4046.2000,4050.2000,4050.4000,4050.6000,4050.8000,4051.0000,2,3,1,1,1,1,2,2,2,45
SF,IF2006,2020-02-19 09:47:19.400,4049.0000,24356,0,1279028940.000,0,-,-,-,-,4049.2000,4048.8000,4048.6000,4047.6000,4046.8000,4050.2000,4050.4000,4050.6000,4050.8000,4051.0000,1,2,3,1,1,1,2,2,2,45
SF,IF2006,2020-02-19 09:47:19.900,4049.0000,24356,0,1279028940.000,0,-,-,-,-,4049.4000,4049.0000,4048.8000,4048.6000,4047.6000,4050.2000,4050.4000,4050.6000,4050.8000,4051.0000,2,1,2,3,1,1,3,1,2,45
SF,IF2006,2020-02-19 09:47:20.400,4049.0000,24356,0,1279028940.000,0,-,-,-,-,4049.2000,4049.0000,4048.8000,4048.6000,4047.6000,4050.8000,4051.0000,4051.2000,4051.6000,4051.8000,1,1,2,3,1,2,45,3,2,1
SF,IF2006,2020-02-19 09:47:20.900,4049.0000,24356,0,1279028940.000,0,-,-,-,-,4049.4000,4049.2000,4049.0000,4048.8000,4048.6000,4050.8000,4051.0000,4051.2000,4051.6000,4051.8000,2,1,1,2,3,1,45,3,2,1
SF,IF2006,2020-02-19 09:47:21.400,4050.8000,24356,0,1280244180.000,1,0,1,多换,S,4049.8000,4049.6000,4049.2000,4049.0000,4048.8000,4051.0000,4051.2000,4051.6000,4051.8000,4052.2000,2,1,1,1,2,45,3,2,1,1
SF,IF2006,2020-02-19 09:47:21.900,4050.0000,24353,-3,1283889780.000,3,0,3,双平,S,4050.0000,4049.8000,4049.2000,4049.0000,4048.8000,4051.0000,4051.2000,4051.6000,4051.8000,4052.2000,8,2,2,1,2,43,1,2,1,1
SF,IF2006,2020-02-19 09:47:22.400,4051.0000,24352,-1,1285105080.000,1,0,1,双平,S,4050.2000,4049.8000,4049.2000,4049.0000,4048.8000,4051.0000,4051.2000,4051.6000,4051.8000,4052.2000,9,2,2,1,2,42,1,2,1,1
SF,IF2006,2020-02-19 09:47:22.900,4051.0000,24351,-1,1286320380.000,1,0,1,双平,S,4050.2000,4049.8000,4049.2000,4049.0000,4048.8000,4051.0000,4051.2000,4051.6000,4051.8000,4052.2000,1,2,2,1,2,41,1,2,1,1
SF,IF2006,2020-02-19 09:47:23.400,4051.0000,24351,0,1286320380.000,0,-,-,-,-,4050.4000,4050.2000,4049.8000,4049.2000,4048.8000,4051.0000,4051.2000,4051.6000,4051.8000,4052.2000,5,3,2,1,2,41,1,2,1,1
SF,IF2006,2020-02-19 09:47:23.900,4051.0000,24350,-1,1287535680.000,1,0,1,双平,S,4050.6000,4050.2000,4049.8000,4049.2000,4048.8000,4050.8000,4051.0000,4051.2000,4051.6000,4051.8000,5,2,2,1,2,1,40,1,2,1
SF,IF2006,2020-02-19 09:47:24.400,4050.8000,24348,-2,1289966160.000,2,0,2,双平,S,4050.8000,4050.2000,4049.8000,4049.2000,4048.8000,4051.0000,4051.2000,4051.6000,4051.8000,4052.2000,1,2,2,1,2,40,1,2,1,1
SF,IF2006,2020-02-19 09:47:24.900,4051.0000,24343,-5,1296042660.000,5,0,5,双平,S,4050.8000,4050.2000,4049.8000,4049.2000,4048.8000,4051.0000,4051.2000,4051.6000,4051.8000,4052.2000,1,2,2,1,2,35,1,2,1,1
SF,IF2006,2020-02-19 09:47:25.400,4051.0000,24343,0,1296042660.000,0,-,-,-,-,4050.8000,4050.2000,4049.8000,4049.2000,4048.8000,4051.0000,4051.2000,4051.6000,4051.8000,4052.0000,1,2,2,1,2,35,1,2,1,1
SF,IF2006,2020-02-19 09:47:26.400,4051.0000,24343,0,1296042660.000,0,-,-,-,-,4050.8000,4050.2000,4049.8000,4049.2000,4048.8000,4051.0000,4051.2000,4051.6000,4051.8000,4052.0000,1,2,2,1,1,35,1,2,1,1
SF,IF2006,2020-02-19 09:47:26.900,4051.0000,24343,0,1298473200.000,2,1,1,多换,S,4050.2000,4049.8000,4049.2000,4048.8000,4048.6000,4051.0000,4051.2000,4051.6000,4051.8000,4052.0000,2,2,1,1,3,34,1,2,1,1
SF,IF2006,2020-02-19 09:47:27.400,4051.0000,24343,0,1298473200.000,0,-,-,-,-,4050.4000,4050.2000,4049.8000,4049.2000,4048.8000,4051.0000,4051.2000,4051.6000,4051.8000,4052.0000,1,2,2,1,1,34,1,2,1,1
SF,IF2006,2020-02-19 09:47:27.900,4051.0000,24343,0,1298473200.000,0,-,-,-,-,4050.4000,4050.2000,4049.8000,4049.2000,4048.8000,4051.0000,4051.2000,4051.6000,4051.8000,4052.0000,1,2,2,1,1,34,1,2,1,1
SF,IF2006,2020-02-19 09:47:28.400,4051.0000,24343,0,1298473200.000,0,-,-,-,-,4050.4000,4050.2000,4049.8000,4049.2000,4048.8000,4051.0000,4051.2000,4051.6000,4051.8000,4052.0000,1,2,2,1,1,34,1,2,1,1
SF,IF2006,2020-02-19 09:47:28.900,4050.2000,24343,0,1300903380.000,2,1,1,多换,S,4050.2000,4049.8000,4049.6000,4049.2000,4048.8000,4050.8000,4051.0000,4051.2000,4051.6000,4051.8000,1,2,1,1,1,1,34,1,2,1
SF,IF2006,2020-02-19 09:47:29.400,4050.2000,24343,0,1302118440.000,1,0,1,多换,S,4049.6000,4049.2000,4048.8000,4048.6000,4048.0000,4050.8000,4051.0000,4051.2000,4051.6000,4051.8000,1,1,1,1,2,1,34,1,2,1
SF,IF2006,2020-02-19 09:47:29.900,4049.8000,24342,-1,1303333380.000,1,0,1,双平,S,4049.6000,4049.2000,4048.8000,4048.6000,4048.0000,4050.6000,4050.8000,4051.0000,4051.2000,4051.6000,1,1,1,1,2,2,1,34,1,2
SF,IF2006,2020-02-19 09:47:30.400,4049.8000,24342,0,1303333380.000,0,-,-,-,-,4049.6000,4049.2000,4048.8000,4048.6000,4048.0000,4050.6000,4050.8000,4051.0000,4051.2000,4051.6000,1,1,1,1,2,2,1,34,1,2
SF,IF2006,2020-02-19 09:47:31.400,4049.8000,24342,0,1303333380.000,0,-,-,-,-,4049.6000,4049.2000,4048.8000,4048.6000,4048.0000,4050.6000,4050.8000,4051.0000,4051.2000,4051.6000,2,1,1,1,2,2,1,34,1,2
SF,IF2006,2020-02-19 09:47:31.900,4049.8000,24342,0,1303333380.000,0,-,-,-,-,4049.8000,4049.6000,4049.2000,4048.8000,4048.6000,4050.2000,4050.4000,4050.6000,4050.8000,4051.0000,1,1,1,1,1,1,2,1,1,34
SF,IF2006,2020-02-19 09:47:32.400,4050.2000,24342,0,1305763380.000,2,1,1,多换,S,4049.6000,4048.8000,4048.6000,4048.0000,4047.6000,4050.4000,4050.6000,4050.8000,4051.0000,4051.2000,1,1,1,2,1,1,1,1,34,1
SF,IF2006,2020-02-19 09:47:32.900,4050.2000,24342,0,1305763380.000,0,-,-,-,-,4050.2000,4049.6000,4048.8000,4048.6000,4048.0000,4050.6000,4050.8000,4051.0000,4051.2000,4051.6000,1,1,1,1,2,1,1,34,1,2
SF,IF2006,2020-02-19 09:47:33.400,4050.2000,24342,0,1306978440.000,1,0,1,多换,S,4049.6000,4048.8000,4048.6000,4048.0000,4047.6000,4050.6000,4050.8000,4051.0000,4051.2000,4051.6000,1,1,1,2,1,1,1,34,1,2
SF,IF2006,2020-02-19 09:47:33.900,4050.2000,24342,0,1306978440.000,0,-,-,-,-,4049.8000,4049.6000,4048.8000,4048.6000,4048.0000,4050.6000,4050.8000,4051.0000,4051.2000,4051.6000,1,1,1,1,2,1,1,34,1,2
SF,IF2006,2020-02-19 09:47:34.400,4050.6000,24342,0,1308193620.000,1,0,1,多换,S,4049.6000,4048.8000,4048.6000,4048.0000,4047.6000,4050.8000,4051.0000,4051.2000,4051.6000,4051.8000,1,1,1,2,1,1,34,1,2,1
SF,IF2006,2020-02-19 09:47:34.900,4050.6000,24342,0,1308193620.000,0,-,-,-,-,4049.8000,4049.6000,4049.4000,4048.8000,4048.6000,4050.8000,4051.0000,4051.2000,4051.6000,4051.8000,1,1,1,1,1,1,34,1,2,1
SF,IF2006,2020-02-19 09:47:35.400,4050.6000,24342,0,1308193620.000,0,-,-,-,-,4050.0000,4049.6000,4049.4000,4048.8000,4048.6000,4050.8000,4051.0000,4051.2000,4051.6000,4051.8000,2,1,1,1,1,1,34,1,2,1
SF,IF2006,2020-02-19 09:47:35.900,4050.6000,24342,0,1308193620.000,0,-,-,-,-,4050.0000,4049.6000,4049.4000,4048.8000,4048.6000,4050.8000,4051.0000,4051.2000,4051.6000,4051.8000,1,1,1,1,1,1,34,1,2,1
SF,IF2006,2020-02-19 09:47:36.400,4050.8000,24342,0,1309408860.000,1,0,1,多换,S,4050.0000,4049.6000,4049.4000,4048.8000,4048.6000,4051.0000,4051.2000,4051.6000,4051.8000,4052.0000,1,1,1,1,1,34,1,2,1,1
SF,IF2006,2020-02-19 09:47:36.900,4050.8000,24342,0,1309408860.000,0,-,-,-,-,4050.2000,4050.0000,4049.6000,4049.4000,4048.8000,4051.0000,4051.2000,4051.6000,4051.8000,4052.0000,1,1,1,1,1,34,1,2,1,1
SF,IF2006,2020-02-19 09:47:37.400,4050.8000,24342,0,1309408860.000,0,-,-,-,-,4050.4000,4050.0000,4049.6000,4049.4000,4048.8000,4051.0000,4051.2000,4051.6000,4051.8000,4052.0000,5,1,1,1,1,34,1,2,1,1
SF,IF2006,2020-02-19 09:47:37.900,4050.8000,24342,0,1309408860.000,0,-,-,-,-,4050.4000,4050.0000,4049.6000,4049.4000,4048.8000,4051.0000,4051.2000,4051.6000,4051.8000,4052.0000,5,1,1,1,1,34,1,2,1,1
SF,IF2006,2020-02-19 09:47:38.900,4050.8000,24342,0,1309408860.000,0,-,-,-,-,4050.4000,4050.0000,4049.6000,4049.4000,4048.0000,4051.0000,4051.2000,4051.6000,4051.8000,4052.0000,6,1,1,1,2,35,1,2,1,1
SF,IF2006,2020-02-19 09:47:39.400,4050.8000,24342,0,1309408860.000,0,-,-,-,-,4050.4000,4050.0000,4049.6000,4049.4000,4048.0000,4051.0000,4051.2000,4051.6000,4051.8000,4052.0000,6,1,1,1,2,35,1,2,1,1
SF,IF2006,2020-02-19 09:47:40.400,4050.8000,24342,0,1309408860.000,0,-,-,-,-,4050.4000,4050.0000,4049.6000,4049.4000,4048.0000,4051.0000,4051.2000,4051.6000,4051.8000,4052.0000,6,1,1,1,2,35,1,2,1,1
SF,IF2006,2020-02-19 09:47:40.900,4050.8000,24342,0,1309408860.000,0,-,-,-,-,4050.4000,4050.0000,4049.6000,4049.4000,4048.0000,4051.0000,4051.2000,4051.6000,4051.8000,4052.0000,6,1,1,2,2,35,1,2,1,1
SF,IF2006,2020-02-19 09:47:41.400,4050.8000,24342,0,1309408860.000,0,-,-,-,-,4050.4000,4050.0000,4049.4000,4048.0000,4047.6000,4051.0000,4051.2000,4051.6000,4051.8000,4052.0000,6,1,2,2,1,35,1,2,1,1
SF,IF2006,2020-02-19 09:47:41.900,4050.4000,24342,0,1310623980.000,1,0,1,多换,S,4050.4000,4050.0000,4049.4000,4048.0000,4047.6000,4051.0000,4051.2000,4051.6000,4051.8000,4052.0000,5,1,2,2,1,35,1,2,1,1
SF,IF2006,2020-02-19 09:47:42.400,4050.4000,24342,0,1316699580.000,5,2,3,多换,S,4050.0000,4049.4000,4048.0000,4047.6000,4046.8000,4051.0000,4051.2000,4051.6000,4051.8000,4052.0000,1,1,2,1,1,35,1,2,1,1
SF,IF2006,2020-02-19 09:47:42.900,4050.4000,24342,0,1316699580.000,0,-,-,-,-,4050.0000,4049.4000,4048.0000,4047.6000,4046.8000,4050.8000,4051.0000,4051.2000,4051.6000,4051.8000,2,1,2,1,1,3,35,1,2,1
SF,IF2006,2020-02-19 09:47:43.400,4050.0000,24341,-1,1319129580.000,2,0,2,多平,S,4049.4000,4048.0000,4047.6000,4046.8000,4046.2000,4050.8000,4051.0000,4051.2000,4051.6000,4051.8000,1,2,1,1,1,2,35,1,2,1
SF,IF2006,2020-02-19 09:47:43.900,4050.0000,24341,0,1319129580.000,0,-,-,-,-,4050.0000,4049.4000,4049.2000,4048.0000,4047.6000,4050.8000,4051.0000,4051.2000,4051.6000,4051.8000,1,2,1,2,1,1,35,1,2,1
SF,IF2006,2020-02-19 09:47:44.400,4050.0000,24341,0,1320344580.000,1,0,1,多换,S,4049.4000,4049.2000,4048.0000,4047.6000,4046.8000,4050.6000,4050.8000,4051.0000,4051.2000,4051.6000,1,1,2,1,1,1,1,35,1,2
SF,IF2006,2020-02-19 09:47:45.400,4050.0000,24341,0,1320344580.000,0,-,-,-,-,4049.6000,4049.4000,4049.2000,4048.0000,4047.6000,4050.6000,4050.8000,4051.0000,4051.2000,4051.6000,1,1,1,2,1,1,1,35,1,2
SF,IF2006,2020-02-19 09:47:45.900,4050.0000,24341,0,1320344580.000,0,-,-,-,-,4049.6000,4049.4000,4049.2000,4048.0000,4047.6000,4050.6000,4050.8000,4051.0000,4051.2000,4051.6000,1,2,1,2,1,1,1,34,1,2
SF,IF2006,2020-02-19 09:47:46.400,4050.0000,24341,0,1320344580.000,0,-,-,-,-,4049.6000,4049.4000,4049.2000,4048.0000,4047.6000,4050.6000,4051.0000,4051.2000,4051.6000,4051.8000,1,1,1,2,1,1,34,1,2,1
SF,IF2006,2020-02-19 09:47:46.900,4050.6000,24340,-1,1321559760.000,1,0,1,双平,S,4050.8000,4050.2000,4050.0000,4049.6000,4049.4000,4051.0000,4051.2000,4051.6000,4051.8000,4052.0000,1,1,2,3,2,34,1,2,1,1
SF,IF2006,2020-02-19 09:47:47.400,4051.0000,24330,-10,1333712700.000,10,0,10,双平,S,4050.0000,4049.4000,4048.0000,4047.6000,4046.8000,4051.0000,4051.2000,4051.6000,4051.8000,4052.0000,2,2,2,1,1,25,1,2,1,1
SF,IF2006,2020-02-19 09:47:47.900,4051.0000,24330,0,1333712700.000,0,-,-,-,-,4050.8000,4050.2000,4050.0000,4049.4000,4048.0000,4051.0000,4051.2000,4051.6000,4051.8000,4052.0000,1,2,3,2,2,25,1,2,1,1
SF,IF2006,2020-02-19 09:47:48.400,4051.0000,24329,-1,1334928000.000,1,0,1,双平,S,4050.8000,4050.2000,4050.0000,4049.4000,4048.0000,4051.0000,4051.2000,4051.6000,4051.8000,4052.0000,1,1,1,2,2,24,1,2,1,1
SF,IF2006,2020-02-19 09:47:48.900,4051.0000,24328,-1,1337358600.000,2,0,2,多平,S,4050.2000,4050.0000,4049.4000,4048.0000,4047.6000,4051.0000,4051.2000,4051.6000,4051.8000,4052.0000,1,1,2,2,1,22,1,2,1,1
SF,IF2006,2020-02-19 09:47:49.400,4051.0000,24327,-1,1342219800.000,4,1,3,多平,S,4050.6000,4050.4000,4050.2000,4050.0000,4049.4000,4050.8000,4051.0000,4051.2000,4051.6000,4051.8000,2,2,1,1,2,1,18,1,2,1
SF,IF2006,2020-02-19 09:47:49.900,4050.8000,24326,-1,1343435040.000,1,0,1,双平,S,4050.8000,4050.6000,4050.4000,4050.2000,4050.0000,4051.0000,4051.2000,4051.6000,4051.8000,4052.0000,2,1,1,1,1,18,1,2,1,1
SF,IF2006,2020-02-19 09:47:50.400,4051.0000,24322,-4,1348296240.000,4,0,4,双平,S,4050.8000,4050.4000,4050.2000,4050.0000,4049.4000,4051.0000,4051.2000,4051.6000,4051.8000,4052.0000,1,1,1,3,2,14,1,2,1,1
SF,IF2006,2020-02-19 09:47:50.900,4051.0000,24320,-2,1350726840.000,2,0,2,双平,S,4050.8000,4050.4000,4050.2000,4050.0000,4049.4000,4051.0000,4051.2000,4051.6000,4051.8000,4052.0000,1,1,1,3,2,12,1,2,1,1
SF,IF2006,2020-02-19 09:47:51.900,4051.0000,24315,-5,1361664540.000,9,2,7,多平,S,4050.8000,4050.4000,4050.0000,4049.4000,4048.0000,4051.0000,4051.2000,4051.6000,4051.8000,4052.0000,2,1,3,2,2,3,1,2,1,1
SF,IF2006,2020-02-19 09:47:52.400,4051.2000,24312,-3,1366525800.000,4,0,4,多平,S,4051.0000,4050.8000,4050.4000,4050.0000,4049.4000,4051.6000,4051.8000,4052.0000,4052.2000,4052.6000,2,2,1,4,2,2,1,1,1,2
SF,IF2006,2020-02-19 09:47:52.900,4051.2000,24312,0,1366525800.000,0,-,-,-,-,4051.0000,4050.8000,4050.4000,4050.0000,4049.4000,4051.6000,4051.8000,4052.0000,4052.2000,4052.6000,2,2,1,4,2,2,4,1,1,2
SF,IF2006,2020-02-19 09:47:54.900,4051.2000,24312,0,1366525800.000,0,-,-,-,-,4051.0000,4050.8000,4050.4000,4050.0000,4049.4000,4051.6000,4051.8000,4052.0000,4052.2000,4052.6000,2,2,1,4,2,2,4,1,1,2
SF,IF2006,2020-02-19 09:47:55.400,4051.2000,24312,0,1366525800.000,0,-,-,-,-,4051.0000,4050.8000,4050.4000,4050.0000,4049.6000,4051.6000,4051.8000,4052.0000,4052.2000,4052.6000,2,2,1,4,1,2,4,1,1,2
SF,IF2006,2020-02-19 09:47:55.900,4051.6000,24311,-1,1367741280.000,1,0,1,双平,S,4051.0000,4050.8000,4050.4000,4050.0000,4049.6000,4051.6000,4051.8000,4052.0000,4052.2000,4052.6000,2,2,1,4,1,1,4,1,1,2
SF,IF2006,2020-02-19 09:47:56.400,4051.6000,24311,0,1367741280.000,0,-,-,-,-,4051.0000,4050.8000,4050.4000,4050.0000,4049.6000,4051.4000,4051.6000,4051.8000,4052.0000,4052.2000,2,1,1,4,1,1,1,4,1,1
SF,IF2006,2020-02-19 09:47:56.900,4051.0000,24309,-2,1370171880.000,2,0,2,双平,S,4050.8000,4050.4000,4050.0000,4049.6000,4049.4000,4051.2000,4051.4000,4051.6000,4051.8000,4052.0000,1,1,4,1,2,1,1,1,4,1
SF,IF2006,2020-02-19 09:47:57.400,4051.0000,24309,0,1370171880.000,0,-,-,-,-,4050.8000,4050.4000,4050.0000,4049.6000,4049.4000,4051.2000,4051.4000,4051.6000,4051.8000,4052.0000,1,1,4,1,2,1,1,1,4,1
SF,IF2006,2020-02-19 09:47:57.900,4051.0000,24309,0,1370171880.000,0,-,-,-,-,4050.8000,4050.4000,4050.0000,4049.6000,4049.4000,4051.2000,4051.4000,4051.6000,4051.8000,4052.0000,1,1,4,1,2,1,1,1,4,1
SF,IF2006,2020-02-19 09:47:58.400,4050.8000,24308,-1,1371387120.000,1,0,1,双平,S,4050.0000,4049.6000,4049.4000,4047.6000,4046.8000,4051.0000,4051.2000,4051.4000,4051.6000,4051.8000,4,1,2,1,1,1,1,1,1,4
SF,IF2006,2020-02-19 09:47:58.900,4050.8000,24308,0,1371387120.000,0,-,-,-,-,4051.0000,4050.8000,4050.0000,4049.6000,4049.4000,4051.2000,4051.4000,4051.6000,4051.8000,4052.0000,1,2,4,1,2,1,1,1,4,1
SF,IF2006,2020-02-19 09:47:59.400,4051.0000,24307,-1,1372602420.000,1,0,1,双平,S,4050.8000,4050.0000,4049.6000,4049.4000,4047.6000,4051.0000,4051.2000,4051.4000,4051.6000,4051.8000,2,4,1,2,1,1,1,1,1,4
SF,IF2006,2020-02-19 09:47:59.900,4051.2000,24307,0,1376248260.000,3,1,2,多换,S,4050.0000,4049.6000,4049.4000,4047.6000,4046.8000,4051.4000,4051.6000,4051.8000,4052.0000,4052.2000,4,1,2,1,1,1,1,4,1,1
SF,IF2006,2020-02-19 09:48:00.400,4051.2000,24307,0,1376248260.000,0,-,-,-,-,4050.2000,4050.0000,4049.6000,4049.4000,4047.6000,4051.2000,4051.4000,4051.6000,4051.8000,4052.0000,1,4,1,2,1,1,1,1,4,1
SF,IF2006,2020-02-19 09:48:00.900,4051.2000,24307,0,1376248260.000,0,-,-,-,-,4050.0000,4049.6000,4049.4000,4047.6000,4046.8000,4051.4000,4051.6000,4051.8000,4052.0000,4052.2000,4,1,2,1,1,1,1,4,1,1
SF,IF2006,2020-02-19 09:48:01.400,4051.2000,24307,0,1376248260.000,0,-,-,-,-,4050.2000,4050.0000,4049.6000,4049.4000,4047.6000,4051.4000,4051.6000,4051.8000,4052.0000,4052.2000,1,4,1,2,1,1,1,4,1,1
SF,IF2006,2020-02-19 09:48:01.900,4051.2000,24307,0,1376248260.000,0,-,-,-,-,4050.8000,4050.6000,4050.4000,4050.2000,4050.0000,4051.4000,4051.6000,4051.8000,4052.0000,4052.2000,2,2,3,1,4,1,1,4,1,1
SF,IF2006,2020-02-19 09:48:02.400,4051.6000,24306,-1,1378679160.000,2,0,2,多平,S,4051.0000,4050.8000,4050.6000,4050.4000,4050.0000,4051.8000,4052.0000,4052.2000,4052.6000,4052.8000,1,3,1,2,4,4,1,1,2,1
SF,IF2006,2020-02-19 09:48:02.900,4051.6000,24306,0,1378679160.000,0,-,-,-,-,4051.2000,4051.0000,4050.8000,4050.6000,4050.4000,4051.8000,4052.0000,4052.2000,4052.6000,4052.8000,8,1,3,1,1,4,1,1,2,1
SF,IF2006,2020-02-19 09:48:03.400,4051.6000,24306,0,1378679160.000,0,-,-,-,-,4051.4000,4051.2000,4050.8000,4050.6000,4050.4000,4051.8000,4052.0000,4052.2000,4052.6000,4052.8000,1,9,1,1,1,4,1,1,2,1
SF,IF2006,2020-02-19 09:48:04.400,4051.6000,24306,0,1378679160.000,0,-,-,-,-,4051.2000,4050.8000,4050.6000,4050.4000,4050.0000,4051.8000,4052.0000,4052.2000,4052.6000,4052.8000,9,1,1,1,4,4,1,1,2,1
SF,IF2006,2020-02-19 09:48:04.900,4051.6000,24306,0,1378679160.000,0,-,-,-,-,4051.4000,4051.2000,4050.8000,4050.6000,4050.4000,4051.8000,4052.0000,4052.2000,4052.6000,4052.8000,1,9,1,1,1,4,1,1,2,1
SF,IF2006,2020-02-19 09:48:05.400,4051.6000,24306,0,1378679160.000,0,-,-,-,-,4051.2000,4050.8000,4050.6000,4050.0000,4049.6000,4051.8000,4052.0000,4052.2000,4052.6000,4052.8000,9,1,1,4,1,4,1,1,2,1
SF,IF2006,2020-02-19 09:48:06.400,4051.6000,24306,0,1378679160.000,0,-,-,-,-,4051.4000,4051.2000,4050.8000,4050.6000,4050.0000,4051.8000,4052.0000,4052.2000,4052.6000,4052.8000,1,11,1,1,4,4,1,1,2,1
SF,IF2006,2020-02-19 09:48:06.900,4051.6000,24306,0,1378679160.000,0,-,-,-,-,4051.2000,4050.8000,4050.6000,4050.0000,4049.6000,4051.8000,4052.0000,4052.2000,4052.6000,4052.8000,9,1,1,4,1,4,1,1,2,1
SF,IF2006,2020-02-19 09:48:07.400,4051.8000,24305,-1,1381110240.000,2,0,2,多平,S,4051.2000,4050.8000,4050.6000,4050.0000,4049.6000,4051.8000,4052.0000,4052.2000,4052.6000,4052.8000,9,1,4,4,1,2,1,1,2,1
SF,IF2006,2020-02-19 09:48:07.900,4051.8000,24305,0,1381110240.000,0,-,-,-,-,4051.2000,4050.8000,4050.6000,4050.0000,4049.6000,4051.8000,4052.0000,4052.2000,4052.6000,4052.8000,10,1,4,3,1,2,1,1,2,1
SF,IF2006,2020-02-19 09:48:08.900,4051.8000,24305,0,1382325780.000,1,0,1,多换,S,4051.2000,4050.8000,4050.6000,4050.0000,4049.6000,4051.8000,4052.0000,4052.2000,4052.6000,4052.8000,10,1,4,3,1,1,1,1,2,1
SF,IF2006,2020-02-19 09:48:09.400,4051.8000,24305,0,1384756680.000,2,1,1,多换,S,4051.2000,4050.8000,4050.6000,4050.0000,4049.6000,4052.0000,4052.2000,4052.6000,4052.8000,4053.8000,2,1,4,3,1,1,1,2,1,1
SF,IF2006,2020-02-19 09:48:10.900,4051.8000,24305,0,1384756680.000,0,-,-,-,-,4051.2000,4050.8000,4050.6000,4050.0000,4049.6000,4052.0000,4052.2000,4052.6000,4052.8000,4053.8000,1,1,4,3,1,1,1,2,1,1
SF,IF2006,2020-02-19 09:48:11.400,4052.8000,24304,-1,1390835340.000,5,2,3,多平,S,4051.4000,4051.2000,4050.8000,4050.6000,4050.0000,4053.8000,4054.0000,4055.0000,4055.8000,4056.2000,1,3,1,4,3,1,1,3,1,1
SF,IF2006,2020-02-19 09:48:11.900,4052.8000,24304,0,1390835340.000,0,-,-,-,-,4052.2000,4051.8000,4051.6000,4051.2000,4050.8000,4053.8000,4054.0000,4055.0000,4055.8000,4056.2000,1,1,1,1,1,1,1,3,1,1
SF,IF2006,2020-02-19 09:48:12.400,4053.8000,24304,0,1392051480.000,1,0,1,多换,S,4052.4000,4052.2000,4051.8000,4051.2000,4050.8000,4054.0000,4055.0000,4055.8000,4056.2000,4057.0000,1,1,1,1,1,1,3,1,1,3
SF,IF2006,2020-02-19 09:48:12.900,4052.6000,24304,0,1393267260.000,1,0,1,多换,S,4052.2000,4051.2000,4050.8000,4050.6000,4050.0000,4054.0000,4055.0000,4055.8000,4056.2000,4057.0000,1,1,1,3,3,1,3,1,1,3
SF,IF2006,2020-02-19 09:48:13.400,4052.6000,24304,0,1393267260.000,0,-,-,-,-,4052.4000,4052.2000,4051.2000,4050.8000,4050.6000,4054.0000,4055.0000,4055.8000,4056.2000,4057.0000,1,1,1,1,3,1,3,1,1,3
SF,IF2006,2020-02-19 09:48:13.900,4052.6000,24304,0,1393267260.000,0,-,-,-,-,4052.8000,4052.6000,4052.4000,4052.2000,4051.2000,4054.0000,4055.0000,4055.8000,4056.2000,4057.0000,1,1,1,2,1,1,3,1,1,3
SF,IF2006,2020-02-19 09:48:14.400,4052.6000,24304,0,1393267260.000,0,-,-,-,-,4053.0000,4052.8000,4052.4000,4052.2000,4051.2000,4054.0000,4055.0000,4055.8000,4056.2000,4057.0000,1,2,1,2,1,1,3,1,1,3
SF,IF2006,2020-02-19 09:48:14.900,4053.0000,24303,-1,1394483160.000,1,0,1,双平,S,4052.8000,4052.4000,4052.2000,4051.2000,4050.8000,4053.8000,4054.0000,4055.0000,4055.8000,4056.2000,2,1,2,1,1,1,1,3,1,1
SF,IF2006,2020-02-19 09:48:15.400,4053.0000,24303,0,1394483160.000,0,-,-,-,-,4052.2000,4051.2000,4050.8000,4050.6000,4050.0000,4054.0000,4055.0000,4055.8000,4056.2000,4057.0000,2,1,1,3,3,1,3,1,1,3
SF,IF2006,2020-02-19 09:48:15.900,4053.0000,24303,0,1394483160.000,0,-,-,-,-,4052.4000,4052.2000,4051.2000,4050.8000,4050.6000,4054.0000,4055.0000,4055.8000,4056.2000,4057.0000,1,2,1,1,3,1,3,1,1,3
SF,IF2006,2020-02-19 09:48:16.400,4053.0000,24303,0,1394483160.000,0,-,-,-,-,4052.2000,4051.2000,4050.8000,4050.6000,4050.0000,4053.8000,4054.0000,4055.0000,4055.8000,4056.2000,2,1,1,3,3,1,1,3,1,1
SF,IF2006,2020-02-19 09:48:16.900,4053.0000,24303,0,1394483160.000,0,-,-,-,-,4052.6000,4052.2000,4051.2000,4050.8000,4050.6000,4053.6000,4054.0000,4055.0000,4055.8000,4056.2000,1,2,1,1,3,2,1,3,1,1
SF,IF2006,2020-02-19 09:48:17.400,4053.0000,24303,0,1394483160.000,0,-,-,-,-,4052.6000,4052.2000,4051.2000,4050.8000,4050.6000,4053.4000,4054.0000,4055.0000,4055.8000,4056.2000,1,2,1,1,3,3,1,3,1,1
SF,IF2006,2020-02-19 09:48:17.900,4053.0000,24303,0,1394483160.000,0,-,-,-,-,4052.6000,4052.2000,4051.2000,4050.8000,4050.6000,4053.0000,4054.0000,4055.0000,4055.8000,4056.2000,1,1,1,1,3,1,1,3,1,1
SF,IF2006,2020-02-19 09:48:19.900,4053.0000,24303,0,1394483160.000,0,-,-,-,-,4052.2000,4051.2000,4050.8000,4050.6000,4050.0000,4053.0000,4054.0000,4055.0000,4055.8000,4056.2000,1,1,1,3,3,1,1,3,1,1
SF,IF2006,2020-02-19 09:48:20.900,4053.0000,24303,0,1395699060.000,1,0,1,多换,S,4052.2000,4051.2000,4050.8000,4050.6000,4050.0000,4053.0000,4054.0000,4055.0000,4055.8000,4056.2000,1,1,1,3,3,1,1,3,1,1
SF,IF2006,2020-02-19 09:48:21.400,4053.0000,24304,1,1396914960.000,1,1,0,双开,S,4052.2000,4051.2000,4050.8000,4050.6000,4050.0000,4054.0000,4055.0000,4055.8000,4056.2000,4057.0000,1,1,1,3,3,1,1,1,1,3
SF,IF2006,2020-02-19 09:48:21.900,4053.0000,24304,0,1396914960.000,0,-,-,-,-,4051.2000,4050.8000,4050.6000,4050.0000,4049.6000,4053.4000,4053.6000,4053.8000,4054.0000,4055.0000,1,1,3,3,1,1,2,1,1,1
SF,IF2006,2020-02-19 09:48:22.400,4053.0000,24304,0,1396914960.000,0,-,-,-,-,4051.4000,4051.2000,4050.8000,4050.6000,4050.0000,4053.4000,4053.8000,4054.0000,4055.0000,4055.8000,1,1,1,3,3,1,1,1,1,1
SF,IF2006,2020-02-19 09:48:22.900,4053.0000,24304,0,1396914960.000,0,-,-,-,-,4051.8000,4051.6000,4051.2000,4050.8000,4050.6000,4053.8000,4054.0000,4055.0000,4055.8000,4056.2000,2,1,2,1,3,1,1,1,1,1
SF,IF2006,2020-02-19 09:48:23.400,4053.0000,24304,0,1396914960.000,0,-,-,-,-,4051.8000,4051.6000,4051.2000,4050.8000,4050.6000,4053.6000,4053.8000,4054.0000,4055.0000,4055.8000,1,1,2,1,3,1,1,1,1,1
SF,IF2006,2020-02-19 09:48:24.400,4053.0000,24304,0,1396914960.000,0,-,-,-,-,4051.6000,4051.2000,4051.0000,4050.8000,4050.6000,4053.4000,4053.6000,4054.0000,4055.0000,4055.8000,1,2,1,1,3,1,1,1,1,1
SF,IF2006,2020-02-19 09:48:24.900,4053.0000,24304,0,1396914960.000,0,-,-,-,-,4051.6000,4051.2000,4051.0000,4050.8000,4050.6000,4053.4000,4054.0000,4055.0000,4055.8000,4056.2000,1,2,1,1,3,1,1,2,1,1
SF,IF2006,2020-02-19 09:48:25.400,4053.0000,24304,0,1396914960.000,0,-,-,-,-,4051.8000,4051.6000,4051.2000,4051.0000,4050.8000,4053.4000,4054.0000,4055.0000,4055.8000,4056.2000,1,1,2,1,1,1,1,2,1,1
SF,IF2006,2020-02-19 09:48:25.900,4053.4000,24304,0,1398130980.000,1,0,1,多换,S,4053.4000,4052.0000,4051.8000,4051.6000,4051.2000,4054.0000,4055.0000,4055.8000,4056.2000,4057.0000,2,1,1,1,2,1,2,1,1,3
SF,IF2006,2020-02-19 09:48:26.400,4053.4000,24302,-2,1400563020.000,2,0,2,双平,S,4051.6000,4051.2000,4051.0000,4050.8000,4050.6000,4053.4000,4053.8000,4054.0000,4055.0000,4055.8000,1,1,1,1,3,2,1,1,2,1
SF,IF2006,2020-02-19 09:48:26.900,4053.4000,24302,0,1400563020.000,0,-,-,-,-,4052.0000,4051.6000,4051.2000,4051.0000,4050.8000,4054.0000,4055.0000,4055.8000,4057.0000,4057.8000,1,1,1,2,1,1,2,1,3,3
SF,IF2006,2020-02-19 09:48:27.400,4053.4000,24302,0,1400563020.000,0,-,-,-,-,4052.4000,4051.6000,4051.0000,4050.8000,4050.6000,4053.8000,4054.0000,4055.0000,4055.8000,4057.0000,1,1,2,1,3,3,1,2,1,3
SF,IF2006,2020-02-19 09:48:27.900,4053.4000,24302,0,1400563020.000,0,-,-,-,-,4052.4000,4052.0000,4051.6000,4051.0000,4050.8000,4053.8000,4054.0000,4055.0000,4055.8000,4056.8000,1,1,1,2,1,3,1,2,1,2
SF,IF2006,2020-02-19 09:48:28.900,4053.4000,24302,0,1400563020.000,0,-,-,-,-,4052.4000,4052.0000,4051.6000,4051.0000,4050.8000,4053.6000,4053.8000,4054.0000,4055.0000,4055.8000,1,1,1,2,1,1,3,1,2,1
SF,IF2006,2020-02-19 09:48:29.400,4053.8000,24302,0,1402995240.000,2,1,1,多换,S,4052.4000,4052.0000,4051.6000,4051.0000,4050.8000,4053.8000,4054.0000,4055.0000,4055.8000,4057.0000,1,1,1,2,1,2,1,2,1,3
SF,IF2006,2020-02-19 09:48:29.900,4053.8000,24303,1,1404211380.000,1,1,0,双开,S,4052.4000,4052.0000,4051.6000,4051.0000,4050.8000,4054.0000,4055.0000,4055.8000,4057.0000,4057.8000,1,1,1,2,1,1,2,1,3,3
SF,IF2006,2020-02-19 09:48:30.400,4053.8000,24303,0,1404211380.000,0,-,-,-,-,4052.4000,4052.0000,4051.6000,4051.0000,4050.8000,4054.0000,4055.0000,4055.2000,4055.8000,4057.0000,1,1,1,2,1,1,2,1,1,3
SF,IF2006,2020-02-19 09:48:30.900,4053.8000,24303,0,1405427520.000,1,0,1,多换,S,4053.8000,4052.4000,4052.0000,4051.6000,4051.0000,4054.0000,4055.0000,4055.2000,4055.8000,4057.0000,4,1,1,1,2,1,2,1,1,3
SF,IF2006,2020-02-19 09:48:31.400,4053.8000,24303,0,1410292080.000,4,2,2,多换,S,4052.0000,4051.6000,4051.0000,4050.8000,4050.6000,4053.8000,4054.0000,4055.0000,4055.2000,4055.8000,1,1,2,1,3,3,1,2,1,1
SF,IF2006,2020-02-19 09:48:31.900,4053.8000,24303,0,1411508220.000,1,0,1,多换,S,4052.4000,4052.0000,4051.6000,4051.0000,4050.8000,4054.0000,4055.0000,4055.2000,4055.8000,4057.0000,1,1,1,2,1,1,2,1,1,3
SF,IF2006,2020-02-19 09:48:32.400,4054.0000,24303,0,1412724420.000,1,0,1,多换,S,4052.4000,4052.0000,4051.6000,4051.0000,4050.8000,4055.0000,4055.2000,4055.8000,4057.0000,4057.8000,1,1,1,2,1,2,1,1,3,3
SF,IF2006,2020-02-19 09:48:32.900,4052.4000,24303,0,1413940140.000,1,0,1,多换,S,4052.0000,4051.6000,4051.0000,4050.8000,4050.6000,4054.0000,4054.2000,4054.4000,4054.8000,4055.0000,1,1,2,1,3,1,1,3,1,2
SF,IF2006,2020-02-19 09:48:33.400,4052.4000,24303,0,1413940140.000,0,-,-,-,-,4052.4000,4052.0000,4051.6000,4051.0000,4050.8000,4053.6000,4054.2000,4054.4000,4054.8000,4055.0000,1,1,1,2,1,1,1,2,1,2
SF,IF2006,2020-02-19 09:48:33.900,4052.4000,24303,0,1413940140.000,0,-,-,-,-,4052.4000,4052.0000,4051.6000,4051.0000,4050.8000,4053.6000,4053.8000,4054.2000,4054.4000,4054.8000,1,1,1,2,1,1,1,1,3,1
SF,IF2006,2020-02-19 09:48:34.400,4052.4000,24303,0,1413940140.000,0,-,-,-,-,4052.6000,4052.4000,4052.0000,4051.6000,4051.0000,4053.6000,4053.8000,4054.2000,4054.4000,4054.8000,1,1,1,1,2,1,1,1,3,1
SF,IF2006,2020-02-19 09:48:34.900,4052.4000,24302,-1,1416371640.000,2,0,2,多平,S,4052.0000,4051.6000,4051.0000,4050.8000,4050.6000,4053.2000,4053.4000,4054.4000,4054.8000,4055.0000,1,1,2,1,3,2,1,3,2,2
SF,IF2006,2020-02-19 09:48:35.400,4052.4000,24302,0,1416371640.000,0,-,-,-,-,4052.0000,4051.6000,4051.0000,4050.6000,4050.0000,4052.8000,4053.0000,4053.2000,4053.4000,4053.8000,1,1,2,3,3,1,1,1,1,1
SF,IF2006,2020-02-19 09:48:35.900,4052.4000,24302,0,1416371640.000,0,-,-,-,-,4052.0000,4051.0000,4050.6000,4050.0000,4049.6000,4052.8000,4053.0000,4053.2000,4053.4000,4053.8000,1,2,3,3,1,1,2,1,1,1
SF,IF2006,2020-02-19 09:48:36.400,4052.4000,24302,0,1416371640.000,0,-,-,-,-,4052.0000,4051.0000,4050.6000,4050.0000,4049.6000,4052.8000,4053.0000,4053.2000,4053.4000,4053.8000,1,2,3,3,1,1,1,1,1,1
SF,IF2006,2020-02-19 09:48:36.900,4052.4000,24302,0,1416371640.000,0,-,-,-,-,4052.0000,4051.0000,4050.6000,4050.0000,4049.6000,4053.0000,4053.2000,4053.4000,4053.8000,4054.0000,9,2,3,3,1,1,1,1,1,1
SF,IF2006,2020-02-19 09:48:37.400,4052.4000,24302,0,1416371640.000,0,-,-,-,-,4052.4000,4052.0000,4051.0000,4050.6000,4050.0000,4052.8000,4053.2000,4053.8000,4054.0000,4054.4000,1,9,2,3,3,1,1,1,1,2
SF,IF2006,2020-02-19 09:48:37.900,4052.0000,24300,-2,1420018560.000,3,0,3,多平,S,4052.0000,4051.0000,4050.6000,4050.0000,4049.6000,4052.8000,4053.8000,4054.0000,4054.4000,4054.8000,7,2,3,3,1,1,1,1,2,2
SF,IF2006,2020-02-19 09:48:38.400,4052.0000,24293,-7,1429743360.000,8,0,8,多平,S,4051.0000,4050.6000,4050.0000,4049.6000,4049.4000,4052.0000,4052.6000,4052.8000,4053.8000,4054.4000,2,3,3,1,1,1,1,2,1,2
SF,IF2006,2020-02-19 09:48:38.900,4052.8000,24294,1,1433390580.000,3,2,1,空开,S,4051.0000,4050.6000,4050.0000,4049.6000,4049.4000,4053.4000,4053.8000,4054.4000,4054.8000,4055.0000,2,3,3,1,1,1,1,2,2,2
SF,IF2006,2020-02-19 09:48:39.400,4052.8000,24294,0,1433390580.000,0,-,-,-,-,4051.0000,4050.6000,4050.0000,4049.6000,4049.4000,4052.2000,4053.0000,4053.4000,4053.8000,4054.4000,2,3,3,1,1,1,1,1,1,2
SF,IF2006,2020-02-19 09:48:39.900,4052.2000,24294,0,1434606240.000,1,0,1,多换,S,4051.6000,4051.2000,4051.0000,4050.6000,4050.0000,4053.0000,4054.4000,4054.8000,4055.0000,4055.2000,1,2,2,3,3,1,2,4,2,1
SF,IF2006,2020-02-19 09:48:40.400,4052.2000,24294,0,1434606240.000,0,-,-,-,-,4051.6000,4051.0000,4050.6000,4050.0000,4049.6000,4052.8000,4053.0000,4053.6000,4054.4000,4054.8000,1,2,3,3,1,1,1,1,2,4
SF,IF2006,2020-02-19 09:48:40.900,4052.2000,24294,0,1434606240.000,0,-,-,-,-,4051.8000,4051.6000,4051.0000,4050.6000,4050.0000,4052.8000,4053.6000,4054.4000,4054.8000,4055.0000,2,2,2,3,3,1,1,2,4,2
SF,IF2006,2020-02-19 09:48:41.400,4052.2000,24294,0,1434606240.000,0,-,-,-,-,4052.0000,4051.6000,4051.0000,4050.6000,4050.0000,4053.6000,4054.4000,4054.8000,4055.0000,4055.2000,1,1,2,3,3,1,2,4,2,1
SF,IF2006,2020-02-19 09:48:41.900,4052.2000,24294,0,1434606240.000,0,-,-,-,-,4052.2000,4052.0000,4051.6000,4051.0000,4050.6000,4053.6000,4054.4000,4054.8000,4055.0000,4055.2000,2,1,1,2,3,1,2,4,2,1
SF,IF2006,2020-02-19 09:48:42.400,4052.2000,24294,0,1434606240.000,0,-,-,-,-,4052.4000,4052.2000,4051.6000,4051.0000,4050.6000,4054.4000,4054.8000,4055.0000,4055.2000,4055.8000,1,2,1,2,3,2,4,2,1,1
SF,IF2006,2020-02-19 09:48:42.900,4052.2000,24294,0,1434606240.000,0,-,-,-,-,4052.4000,4051.6000,4051.0000,4050.6000,4050.0000,4054.0000,4054.2000,4054.4000,4054.8000,4055.0000,1,1,2,3,3,1,1,2,1,2
SF,IF2006,2020-02-19 09:48:43.400,4052.2000,24294,0,1434606240.000,0,-,-,-,-,4051.6000,4051.0000,4050.6000,4050.0000,4049.6000,4054.0000,4054.2000,4054.4000,4054.8000,4055.0000,1,2,3,4,1,1,1,2,1,2
SF,IF2006,2020-02-19 09:48:43.900,4052.2000,24294,0,1434606240.000,0,-,-,-,-,4052.0000,4051.8000,4051.6000,4051.0000,4050.6000,4053.8000,4054.0000,4054.2000,4054.4000,4054.8000,1,1,1,2,3,1,1,1,2,1
SF,IF2006,2020-02-19 09:48:44.400,4052.2000,24294,0,1434606240.000,0,-,-,-,-,4052.2000,4052.0000,4051.6000,4051.0000,4050.6000,4053.8000,4054.0000,4054.2000,4054.4000,4054.8000,1,1,1,2,3,1,1,1,2,2
SF,IF2006,2020-02-19 09:48:44.900,4052.2000,24294,0,1434606240.000,0,-,-,-,-,4052.4000,4052.2000,4051.6000,4051.0000,4050.6000,4053.8000,4054.0000,4054.2000,4054.4000,4054.8000,1,1,1,2,3,1,1,1,2,2
SF,IF2006,2020-02-19 09:48:45.400,4052.2000,24294,0,1434606240.000,0,-,-,-,-,4052.8000,4052.6000,4052.4000,4051.6000,4051.0000,4053.4000,4054.0000,4054.2000,4054.4000,4054.8000,1,1,1,1,2,1,1,1,2,2
SF,IF2006,2020-02-19 09:48:45.900,4052.2000,24293,-1,1435821900.000,1,0,1,双平,S,4052.6000,4052.4000,4051.6000,4051.0000,4050.6000,4053.4000,4054.0000,4054.2000,4054.4000,4054.8000,1,1,1,2,3,1,1,1,2,2
SF,IF2006,2020-02-19 09:48:46.400,4052.2000,24293,0,1435821900.000,0,-,-,-,-,4052.6000,4052.4000,4051.6000,4051.0000,4050.6000,4053.4000,4054.2000,4054.4000,4054.8000,4055.0000,1,1,1,2,3,1,1,2,2,2
SF,IF2006,2020-02-19 09:48:46.900,4053.4000,24293,0,1437037920.000,1,0,1,多换,S,4053.0000,4052.4000,4051.6000,4051.0000,4050.6000,4054.8000,4055.0000,4055.2000,4055.8000,4057.8000,1,1,1,2,3,2,2,1,1,6
SF,IF2006,2020-02-19 09:48:47.400,4053.0000,24293,0,1438253820.000,1,0,1,多换,S,4052.4000,4051.6000,4051.0000,4050.6000,4050.0000,4054.8000,4055.0000,4055.2000,4055.8000,4057.0000,1,1,2,3,4,2,2,1,1,1
SF,IF2006,2020-02-19 09:48:47.900,4053.0000,24293,0,1438253820.000,0,-,-,-,-,4052.8000,4052.4000,4051.6000,4051.0000,4050.6000,4054.8000,4055.0000,4055.2000,4055.8000,4057.0000,1,1,1,2,3,2,2,1,1,1
SF,IF2006,2020-02-19 09:48:48.400,4053.0000,24293,0,1438253820.000,0,-,-,-,-,4053.0000,4052.8000,4052.4000,4051.6000,4051.0000,4054.8000,4055.0000,4055.2000,4055.8000,4057.0000,2,1,1,1,2,2,2,1,1,1
SF,IF2006,2020-02-19 09:48:48.900,4053.0000,24293,0,1438253820.000,0,-,-,-,-,4053.4000,4052.8000,4052.4000,4051.6000,4051.0000,4054.8000,4055.0000,4055.2000,4055.8000,4056.8000,2,1,1,1,2,2,2,1,1,2
SF,IF2006,2020-02-19 09:48:49.400,4053.0000,24293,0,1438253820.000,0,-,-,-,-,4053.0000,4052.8000,4052.4000,4051.6000,4051.0000,4054.8000,4055.0000,4055.2000,4055.8000,4056.8000,2,1,1,1,2,2,2,1,1,2
SF,IF2006,2020-02-19 09:48:49.900,4053.0000,24293,0,1438253820.000,0,-,-,-,-,4053.4000,4053.0000,4052.8000,4052.4000,4051.6000,4054.8000,4055.0000,4055.2000,4055.8000,4056.8000,2,2,2,1,1,2,2,1,1,2
SF,IF2006,2020-02-19 09:48:50.400,4053.0000,24293,0,1438253820.000,0,-,-,-,-,4053.4000,4053.0000,4052.8000,4052.4000,4051.6000,4054.8000,4055.0000,4055.2000,4055.8000,4057.0000,2,2,2,1,1,2,2,1,1,1
SF,IF2006,2020-02-19 09:48:50.900,4053.0000,24293,0,1438253820.000,0,-,-,-,-,4053.4000,4053.0000,4052.8000,4052.4000,4051.6000,4054.8000,4055.0000,4055.2000,4055.8000,4057.0000,2,2,2,1,1,3,2,1,1,1
SF,IF2006,2020-02-19 09:48:51.400,4053.0000,24293,0,1438253820.000,0,-,-,-,-,4053.4000,4053.0000,4052.8000,4052.4000,4051.6000,4054.6000,4054.8000,4055.0000,4055.2000,4055.8000,2,2,2,1,1,1,3,2,1,1
SF,IF2006,2020-02-19 09:48:51.900,4053.0000,24293,0,1438253820.000,0,-,-,-,-,4053.6000,4053.0000,4052.8000,4052.4000,4051.6000,4054.6000,4054.8000,4055.0000,4055.2000,4055.8000,2,2,2,1,1,1,3,2,1,1
SF,IF2006,2020-02-19 09:48:52.900,4053.0000,24293,0,1438253820.000,0,-,-,-,-,4053.6000,4053.0000,4052.8000,4052.4000,4051.6000,4054.6000,4054.8000,4055.0000,4055.2000,4055.8000,2,2,1,1,1,1,3,2,1,1
SF,IF2006,2020-02-19 09:48:54.900,4054.6000,24294,1,1439470200.000,1,1,0,双开,S,4054.6000,4053.6000,4053.0000,4052.8000,4052.4000,4054.8000,4055.0000,4055.2000,4055.8000,4057.0000,1,2,2,1,1,3,2,1,1,1
SF,IF2006,2020-02-19 09:48:55.400,4054.6000,24294,0,1440686580.000,1,0,1,多换,S,4053.0000,4052.8000,4052.4000,4051.6000,4051.0000,4054.8000,4055.0000,4055.2000,4055.8000,4057.0000,2,1,1,1,2,3,2,1,1,1
SF,IF2006,2020-02-19 09:48:55.900,4054.6000,24294,0,1440686580.000,0,-,-,-,-,4053.4000,4053.2000,4053.0000,4052.8000,4052.4000,4054.8000,4055.0000,4055.2000,4055.8000,4057.0000,1,2,2,2,1,3,2,1,1,1
SF,IF2006,2020-02-19 09:48:56.900,4054.6000,24294,0,1440686580.000,0,-,-,-,-,4053.4000,4053.2000,4053.0000,4052.8000,4052.4000,4054.8000,4055.0000,4055.2000,4055.8000,4057.0000,1,2,2,1,1,3,2,1,1,1
SF,IF2006,2020-02-19 09:48:57.400,4054.8000,24294,0,1444335900.000,3,1,2,多换,S,4054.8000,4053.4000,4053.2000,4053.0000,4052.8000,4055.0000,4055.2000,4055.8000,4056.4000,4057.0000,1,1,2,2,1,2,1,1,1,1
SF,IF2006,2020-02-19 09:48:57.900,4054.8000,24294,0,1445552340.000,1,0,1,多换,S,4053.0000,4052.8000,4052.4000,4051.6000,4051.0000,4054.8000,4055.0000,4055.2000,4055.8000,4056.4000,2,1,1,1,2,1,2,1,1,1
SF,IF2006,2020-02-19 09:48:58.400,4054.8000,24294,0,1445552340.000,0,-,-,-,-,4053.4000,4053.2000,4053.0000,4052.8000,4052.4000,4054.8000,4055.0000,4055.2000,4055.8000,4056.4000,2,2,2,1,1,1,2,1,1,1
SF,IF2006,2020-02-19 09:48:59.400,4054.8000,24294,0,1445552340.000,0,-,-,-,-,4053.2000,4053.0000,4052.8000,4052.4000,4051.6000,4054.8000,4055.0000,4055.2000,4055.8000,4056.4000,2,2,1,1,1,1,2,1,1,1
SF,IF2006,2020-02-19 09:48:59.900,4054.8000,24294,0,1445552340.000,0,-,-,-,-,4053.2000,4053.0000,4052.4000,4051.6000,4051.0000,4054.6000,4054.8000,4055.0000,4055.2000,4055.8000,2,2,1,1,2,1,1,2,1,1
SF,IF2006,2020-02-19 09:49:00.400,4054.8000,24294,0,1445552340.000,0,-,-,-,-,4053.2000,4053.0000,4051.6000,4051.0000,4050.6000,4054.6000,4054.8000,4055.0000,4055.2000,4055.8000,2,2,1,2,3,1,1,2,1,1
SF,IF2006,2020-02-19 09:49:00.900,4054.8000,24294,0,1445552340.000,0,-,-,-,-,4053.2000,4053.0000,4051.0000,4050.6000,4050.0000,4054.6000,4054.8000,4055.0000,4055.2000,4055.8000,3,2,2,3,5,1,1,2,1,1
SF,IF2006,2020-02-19 09:49:01.900,4054.8000,24294,0,1445552340.000,0,-,-,-,-,4053.2000,4053.0000,4051.0000,4050.6000,4050.0000,4054.4000,4054.8000,4055.0000,4055.2000,4055.8000,2,2,2,3,5,1,1,2,1,1
SF,IF2006,2020-02-19 09:49:02.400,4054.8000,24294,0,1445552340.000,0,-,-,-,-,4053.2000,4053.0000,4051.0000,4050.6000,4050.0000,4054.4000,4054.8000,4055.0000,4055.2000,4055.8000,1,2,2,3,5,3,1,2,1,1
SF,IF2006,2020-02-19 09:49:02.900,4054.0000,24293,-1,1449200400.000,3,1,2,多平,S,4053.0000,4051.0000,4050.6000,4050.0000,4049.6000,4054.2000,4054.4000,4054.8000,4055.0000,4055.2000,1,2,3,5,1,2,2,1,2,2
SF,IF2006,2020-02-19 09:49:03.400,4053.0000,24293,0,1450416300.000,1,0,1,多换,S,4051.0000,4050.6000,4050.0000,4049.6000,4049.4000,4053.8000,4054.2000,4054.4000,4054.8000,4055.0000,2,3,5,1,1,1,2,2,1,2
SF,IF2006,2020-02-19 09:49:03.900,4053.0000,24293,0,1450416300.000,0,-,-,-,-,4051.6000,4051.4000,4051.0000,4050.8000,4050.6000,4053.8000,4054.2000,4054.4000,4054.8000,4055.0000,2,2,2,1,3,1,2,2,1,2
SF,IF2006,2020-02-19 09:49:04.900,4053.0000,24293,0,1450416300.000,0,-,-,-,-,4052.0000,4051.6000,4051.0000,4050.8000,4050.6000,4053.4000,4053.8000,4054.2000,4054.4000,4054.8000,1,1,2,1,3,1,1,2,2,1
SF,IF2006,2020-02-19 09:49:05.400,4053.0000,24293,0,1450416300.000,0,-,-,-,-,4052.0000,4051.6000,4051.0000,4050.8000,4050.6000,4053.4000,4054.2000,4054.4000,4054.8000,4055.0000,1,1,2,1,3,1,2,2,1,2
SF,IF2006,2020-02-19 09:49:07.400,4053.0000,24293,0,1450416300.000,0,-,-,-,-,4052.0000,4051.6000,4051.0000,4050.8000,4050.6000,4053.4000,4054.2000,4054.4000,4055.0000,4055.2000,1,1,2,1,3,1,2,2,2,2
SF,IF2006,2020-02-19 09:49:07.900,4053.0000,24293,0,1450416300.000,0,-,-,-,-,4052.0000,4051.0000,4050.8000,4050.6000,4050.0000,4053.4000,4054.2000,4054.4000,4055.0000,4055.2000,1,2,1,3,5,1,2,2,2,2
SF,IF2006,2020-02-19 09:49:08.400,4053.0000,24293,0,1450416300.000,0,-,-,-,-,4052.4000,4052.0000,4051.0000,4050.8000,4050.6000,4053.4000,4054.2000,4054.4000,4055.0000,4055.2000,1,1,2,1,3,1,2,2,2,2
SF,IF2006,2020-02-19 09:49:08.900,4053.0000,24293,0,1450416300.000,0,-,-,-,-,4051.0000,4050.8000,4050.6000,4050.0000,4049.6000,4052.0000,4053.4000,4054.2000,4054.4000,4055.0000,2,1,3,5,1,5,1,2,2,2
SF,IF2006,2020-02-19 09:49:09.400,4052.0000,24289,-4,1456494300.000,5,0,5,多平,S,4052.0000,4051.2000,4051.0000,4050.8000,4050.6000,4053.4000,4054.2000,4054.4000,4055.0000,4055.2000,4,2,2,1,3,1,2,2,2,2
SF,IF2006,2020-02-19 09:49:09.900,4052.0000,24289,0,1456494300.000,0,-,-,-,-,4052.0000,4051.0000,4050.8000,4050.6000,4050.0000,4053.2000,4053.4000,4054.2000,4054.4000,4055.0000,3,2,1,3,5,1,1,2,2,2
SF,IF2006,2020-02-19 09:49:10.400,4052.0000,24287,-2,1458925500.000,2,0,2,双平,S,4051.0000,4050.8000,4050.6000,4050.0000,4049.6000,4052.8000,4053.4000,4054.2000,4054.4000,4055.0000,2,1,3,5,1,1,1,2,2,2
SF,IF2006,2020-02-19 09:49:10.900,4052.0000,24287,0,1458925500.000,0,-,-,-,-,4051.2000,4051.0000,4050.6000,4050.0000,4049.6000,4052.0000,4052.4000,4053.4000,4054.2000,4054.4000,1,2,3,5,1,1,1,1,2,2
SF,IF2006,2020-02-19 09:49:11.400,4052.0000,24287,0,1458925500.000,0,-,-,-,-,4051.2000,4051.0000,4050.6000,4050.0000,4049.6000,4052.0000,4052.4000,4053.4000,4054.2000,4054.4000,1,2,3,5,1,1,1,1,2,2
SF,IF2006,2020-02-19 09:49:12.900,4052.0000,24287,0,1458925500.000,0,-,-,-,-,4051.2000,4051.0000,4050.6000,4050.0000,4049.6000,4052.0000,4052.4000,4053.4000,4054.2000,4054.4000,2,2,3,5,1,1,1,1,2,2
SF,IF2006,2020-02-19 09:49:13.400,4052.0000,24286,-1,1460141100.000,1,0,1,双平,S,4051.6000,4051.2000,4051.0000,4050.6000,4050.0000,4052.4000,4053.4000,4054.2000,4054.4000,4055.0000,1,1,2,3,5,1,1,2,2,2
SF,IF2006,2020-02-19 09:49:13.900,4052.0000,24286,0,1460141100.000,0,-,-,-,-,4051.6000,4051.2000,4051.0000,4050.6000,4050.0000,4053.4000,4054.2000,4054.4000,4055.0000,4055.2000,1,1,2,3,5,1,2,2,2,2
SF,IF2006,2020-02-19 09:49:14.400,4052.0000,24286,0,1460141100.000,0,-,-,-,-,4051.2000,4051.0000,4050.6000,4050.0000,4049.6000,4053.0000,4053.4000,4054.2000,4054.4000,4055.0000,1,2,3,5,1,1,1,2,2,2
SF,IF2006,2020-02-19 09:49:14.900,4052.0000,24286,0,1460141100.000,0,-,-,-,-,4051.2000,4051.0000,4050.6000,4050.0000,4049.6000,4052.4000,4053.4000,4054.2000,4054.4000,4055.0000,1,2,3,5,1,1,1,1,2,2
SF,IF2006,2020-02-19 09:49:16.400,4051.0000,24284,-2,1463787060.000,3,0,3,多平,S,4050.6000,4050.0000,4049.6000,4047.6000,4046.8000,4051.6000,4053.4000,4054.2000,4054.4000,4055.0000,3,5,1,1,1,1,1,1,2,2
SF,IF2006,2020-02-19 09:49:16.900,4051.0000,24284,0,1463787060.000,0,-,-,-,-,4050.6000,4050.0000,4049.6000,4047.6000,4046.8000,4051.2000,4053.4000,4054.2000,4054.4000,4055.0000,3,5,1,1,1,1,1,1,2,2
SF,IF2006,2020-02-19 09:49:17.400,4051.0000,24284,0,1463787060.000,0,-,-,-,-,4050.6000,4050.0000,4049.6000,4047.6000,4046.8000,4051.2000,4053.4000,4054.2000,4054.4000,4055.0000,3,4,1,1,1,1,1,1,2,2
SF,IF2006,2020-02-19 09:49:17.900,4051.2000,24285,1,1465002420.000,1,1,0,双开,S,4052.4000,4050.6000,4050.0000,4049.6000,4049.0000,4053.4000,4054.2000,4054.4000,4055.0000,4055.2000,4,3,4,1,1,1,1,2,2,2
SF,IF2006,2020-02-19 09:49:18.400,4052.4000,24285,0,1469865180.000,4,2,2,多换,S,4050.6000,4050.0000,4049.6000,4049.0000,4047.6000,4052.0000,4052.4000,4053.0000,4053.2000,4053.4000,3,4,1,1,1,2,7,1,7,1
SF,IF2006,2020-02-19 09:49:18.900,4050.6000,24286,1,1473510720.000,3,2,1,空开,S,4050.0000,4049.6000,4049.0000,4047.6000,4046.8000,4050.6000,4051.2000,4051.4000,4051.6000,4051.8000,4,1,1,1,1,1,2,1,1,4
SF,IF2006,2020-02-19 09:49:19.400,4050.6000,24285,-1,1474725900.000,1,0,1,双平,S,4050.6000,4050.0000,4049.6000,4049.0000,4047.6000,4051.8000,4052.0000,4052.4000,4052.6000,4052.8000,2,4,1,1,1,5,1,3,1,1
SF,IF2006,2020-02-19 09:49:19.900,4050.6000,24285,0,1477156260.000,2,1,1,多换,S,4050.0000,4049.6000,4049.0000,4047.6000,4046.8000,4051.6000,4051.8000,4052.0000,4052.4000,4052.6000,4,1,1,1,1,2,1,1,3,1
SF,IF2006,2020-02-19 09:49:20.400,4050.6000,24285,0,1477156260.000,0,-,-,-,-,4050.2000,4050.0000,4049.6000,4049.0000,4047.6000,4051.6000,4052.0000,4052.4000,4052.6000,4053.0000,4,4,1,1,1,1,1,3,1,1
SF,IF2006,2020-02-19 09:49:20.900,4050.6000,24285,0,1477156260.000,0,-,-,-,-,4050.6000,4050.2000,4050.0000,4049.6000,4049.0000,4051.6000,4052.0000,4052.4000,4052.6000,4053.0000,3,1,4,1,1,1,1,3,1,1
SF,IF2006,2020-02-19 09:49:21.400,4050.6000,24285,0,1477156260.000,0,-,-,-,-,4050.6000,4050.0000,4049.6000,4049.0000,4047.6000,4052.0000,4052.4000,4052.6000,4053.0000,4053.2000,1,4,1,1,1,1,3,2,1,3
SF,IF2006,2020-02-19 09:49:21.900,4050.6000,24285,0,1477156260.000,0,-,-,-,-,4050.6000,4050.0000,4049.6000,4049.0000,4047.6000,4051.8000,4052.0000,4052.4000,4052.6000,4053.0000,1,4,1,1,1,2,1,3,1,1
SF,IF2006,2020-02-19 09:49:22.400,4050.6000,24285,0,1477156260.000,0,-,-,-,-,4050.0000,4049.6000,4049.0000,4047.6000,4046.8000,4051.8000,4052.0000,4052.4000,4052.6000,4053.0000,4,1,1,1,1,2,1,3,1,1
SF,IF2006,2020-02-19 09:49:22.900,4050.6000,24285,0,1477156260.000,0,-,-,-,-,4050.4000,4050.2000,4050.0000,4049.6000,4049.0000,4050.6000,4051.8000,4052.0000,4052.4000,4052.6000,2,1,4,1,1,1,2,1,3,1
SF,IF2006,2020-02-19 09:49:23.400,4050.6000,24285,0,1478371440.000,1,0,1,多换,S,4050.4000,4050.2000,4050.0000,4049.6000,4049.0000,4051.8000,4052.0000,4052.4000,4052.6000,4053.0000,3,1,4,1,1,2,1,1,1,1
SF,IF2006,2020-02-19 09:49:24.900,4050.6000,24285,0,1478371440.000,0,-,-,-,-,4050.4000,4050.2000,4050.0000,4049.6000,4049.0000,4051.8000,4052.0000,4052.4000,4052.6000,4053.0000,3,1,4,1,1,2,1,1,1,1
SF,IF2006,2020-02-19 09:49:25.400,4050.6000,24285,0,1478371440.000,0,-,-,-,-,4050.4000,4050.0000,4049.6000,4049.0000,4047.6000,4051.8000,4052.0000,4052.4000,4052.6000,4053.0000,1,4,1,1,1,2,1,1,1,1
SF,IF2006,2020-02-19 09:49:25.900,4050.6000,24285,0,1478371440.000,0,-,-,-,-,4050.4000,4050.0000,4049.6000,4049.0000,4047.6000,4051.2000,4051.4000,4051.8000,4052.0000,4052.4000,1,4,1,1,1,2,1,1,1,1
SF,IF2006,2020-02-19 09:49:26.400,4050.4000,24285,0,1479586560.000,1,0,1,多换,S,4050.0000,4049.6000,4049.0000,4047.6000,4046.8000,4050.4000,4051.0000,4051.2000,4051.8000,4052.0000,4,1,1,1,1,1,1,2,1,1
SF,IF2006,2020-02-19 09:49:26.900,4050.0000,24284,-1,1480801560.000,1,0,1,双平,S,4050.0000,4049.6000,4049.0000,4047.6000,4046.8000,4050.4000,4051.2000,4051.8000,4052.0000,4052.4000,3,1,1,1,1,1,2,1,1,2
SF,IF2006,2020-02-19 09:49:27.400,4050.0000,24283,-1,1484446560.000,3,1,2,多平,S,4049.6000,4049.0000,4047.6000,4046.8000,4046.2000,4050.4000,4051.2000,4051.8000,4052.0000,4052.4000,1,1,1,1,1,1,2,1,1,2
SF,IF2006,2020-02-19 09:49:27.900,4050.0000,24283,0,1484446560.000,0,-,-,-,-,4049.6000,4049.0000,4047.6000,4046.8000,4046.2000,4050.2000,4050.4000,4051.2000,4051.6000,4051.8000,1,1,1,1,1,1,1,2,1,2
SF,IF2006,2020-02-19 09:49:28.400,4050.0000,24283,0,1484446560.000,0,-,-,-,-,4049.6000,4049.0000,4047.6000,4046.8000,4046.2000,4050.2000,4050.4000,4051.2000,4051.6000,4051.8000,1,1,1,1,1,1,1,2,2,2
SF,IF2006,2020-02-19 09:49:28.900,4049.6000,24283,0,1485661440.000,1,0,1,多换,S,4049.0000,4047.6000,4046.8000,4046.2000,4045.0000,4049.6000,4050.2000,4051.2000,4051.6000,4051.8000,1,1,1,1,3,1,1,2,2,2
SF,IF2006,2020-02-19 09:49:29.400,4049.6000,24283,0,1485661440.000,0,-,-,-,-,4049.0000,4047.6000,4046.8000,4046.2000,4045.0000,4050.2000,4051.2000,4051.6000,4051.8000,4052.0000,1,1,1,1,3,1,2,2,2,1
SF,IF2006,2020-02-19 09:49:29.900,4049.6000,24283,0,1485661440.000,0,-,-,-,-,4049.2000,4049.0000,4047.6000,4046.8000,4046.2000,4050.2000,4051.2000,4051.6000,4051.8000,4052.0000,1,1,1,1,1,1,2,2,2,1
SF,IF2006,2020-02-19 09:49:30.400,4049.6000,24283,0,1485661440.000,0,-,-,-,-,4049.0000,4047.6000,4046.8000,4046.2000,4045.0000,4050.2000,4051.2000,4051.6000,4051.8000,4052.0000,1,1,1,1,3,1,2,2,2,1
SF,IF2006,2020-02-19 09:49:30.900,4049.6000,24283,0,1485661440.000,0,-,-,-,-,4049.2000,4049.0000,4047.6000,4046.8000,4046.2000,4050.2000,4051.2000,4051.6000,4051.8000,4052.0000,1,1,1,1,1,1,2,2,2,1
SF,IF2006,2020-02-19 09:49:31.400,4049.6000,24283,0,1485661440.000,0,-,-,-,-,4049.4000,4049.0000,4047.6000,4046.8000,4046.2000,4051.2000,4051.6000,4051.8000,4052.0000,4052.4000,3,1,1,1,1,2,2,1,1,1
SF,IF2006,2020-02-19 09:49:31.900,4049.6000,24283,0,1485661440.000,0,-,-,-,-,4049.4000,4049.0000,4047.6000,4046.8000,4046.2000,4051.0000,4051.2000,4051.6000,4051.8000,4052.0000,1,1,1,1,1,1,2,2,1,1
SF,IF2006,2020-02-19 09:49:32.400,4049.6000,24283,0,1485661440.000,0,-,-,-,-,4049.6000,4049.4000,4049.0000,4047.6000,4046.8000,4051.0000,4051.2000,4051.6000,4051.8000,4052.0000,3,1,1,1,1,1,2,1,1,1
SF,IF2006,2020-02-19 09:49:33.400,4049.6000,24284,1,1486876320.000,1,1,0,双开,S,4050.0000,4049.4000,4049.0000,4047.6000,4046.8000,4051.0000,4051.2000,4051.6000,4051.8000,4052.0000,1,1,1,1,1,1,2,1,1,1
SF,IF2006,2020-02-19 09:49:33.900,4049.6000,24284,0,1486876320.000,0,-,-,-,-,4050.0000,4049.0000,4047.6000,4046.8000,4046.2000,4051.0000,4051.2000,4051.6000,4051.8000,4052.0000,2,1,1,1,1,1,2,1,1,1
SF,IF2006,2020-02-19 09:49:34.400,4049.6000,24284,0,1486876320.000,0,-,-,-,-,4050.0000,4049.0000,4047.6000,4046.8000,4046.2000,4051.0000,4051.2000,4051.6000,4051.8000,4052.0000,1,1,1,1,1,2,2,1,1,1
SF,IF2006,2020-02-19 09:49:34.900,4049.6000,24284,0,1486876320.000,0,-,-,-,-,4050.0000,4049.0000,4047.6000,4046.8000,4046.2000,4051.0000,4051.6000,4051.8000,4052.0000,4052.8000,1,1,1,1,1,2,1,1,1,1
SF,IF2006,2020-02-19 09:49:35.400,4050.0000,24284,0,1488091320.000,1,0,1,多换,S,4050.0000,4049.0000,4047.6000,4046.8000,4046.2000,4051.0000,4051.6000,4052.0000,4052.8000,4053.0000,1,1,1,1,1,2,1,1,1,1
SF,IF2006,2020-02-19 09:49:35.900,4050.0000,24284,0,1489306320.000,1,0,1,多换,S,4049.0000,4047.6000,4046.8000,4046.2000,4045.0000,4051.0000,4051.6000,4052.0000,4052.8000,4053.0000,1,1,1,1,3,2,1,1,1,1
SF,IF2006,2020-02-19 09:49:36.400,4050.0000,24284,0,1489306320.000,0,-,-,-,-,4049.4000,4049.2000,4049.0000,4048.0000,4047.6000,4051.0000,4051.6000,4052.0000,4052.8000,4053.0000,1,2,1,1,1,2,1,1,1,1
SF,IF2006,2020-02-19 09:49:36.900,4050.0000,24284,0,1489306320.000,0,-,-,-,-,4049.4000,4049.2000,4049.0000,4048.0000,4047.6000,4050.8000,4051.0000,4051.6000,4052.0000,4052.8000,1,2,1,2,1,1,2,1,1,1
SF,IF2006,2020-02-19 09:49:37.400,4050.0000,24284,0,1489306320.000,0,-,-,-,-,4049.4000,4049.2000,4049.0000,4048.0000,4047.6000,4051.0000,4051.6000,4052.0000,4052.8000,4053.0000,1,1,1,2,1,2,1,1,1,1
SF,IF2006,2020-02-19 09:49:37.900,4050.0000,24284,0,1489306320.000,0,-,-,-,-,4049.4000,4049.2000,4049.0000,4048.0000,4047.6000,4050.8000,4051.0000,4051.6000,4052.0000,4052.8000,1,1,1,2,1,1,2,1,1,1
SF,IF2006,2020-02-19 09:49:38.400,4050.0000,24284,0,1489306320.000,0,-,-,-,-,4050.6000,4049.4000,4049.2000,4049.0000,4048.0000,4050.8000,4051.0000,4051.6000,4052.0000,4052.8000,1,1,1,1,2,1,2,1,1,1
SF,IF2006,2020-02-19 09:49:38.900,4050.6000,24284,0,1490521500.000,1,0,1,多换,S,4049.6000,4049.0000,4048.0000,4047.6000,4046.8000,4050.8000,4051.0000,4051.6000,4052.0000,4052.8000,1,1,2,1,1,1,2,1,1,1
SF,IF2006,2020-02-19 09:49:39.400,4050.6000,24284,0,1490521500.000,0,-,-,-,-,4049.8000,4049.6000,4049.4000,4049.0000,4048.0000,4051.0000,4051.6000,4052.0000,4052.8000,4053.0000,1,1,1,1,2,1,1,1,1,1
SF,IF2006,2020-02-19 09:49:39.900,4050.6000,24284,0,1490521500.000,0,-,-,-,-,4049.8000,4049.6000,4049.4000,4049.0000,4048.0000,4051.0000,4051.6000,4052.0000,4052.8000,4053.0000,1,1,1,1,2,1,1,1,1,1
SF,IF2006,2020-02-19 09:49:40.400,4050.6000,24284,0,1490521500.000,0,-,-,-,-,4049.8000,4049.6000,4049.4000,4049.0000,4048.0000,4051.0000,4051.6000,4052.0000,4052.8000,4053.0000,1,1,1,1,2,1,1,1,1,1
SF,IF2006,2020-02-19 09:49:40.900,4050.6000,24284,0,1490521500.000,0,-,-,-,-,4050.0000,4049.8000,4049.6000,4049.4000,4049.0000,4051.0000,4051.6000,4052.0000,4052.8000,4053.0000,3,1,1,1,1,1,1,1,1,1
SF,IF2006,2020-02-19 09:49:41.900,4050.6000,24284,0,1490521500.000,0,-,-,-,-,4050.0000,4049.8000,4049.6000,4049.4000,4049.0000,4051.0000,4051.6000,4052.0000,4052.8000,4053.0000,3,1,1,1,1,1,1,1,1,1
SF,IF2006,2020-02-19 09:49:42.400,4050.6000,24284,0,1490521500.000,0,-,-,-,-,4050.2000,4050.0000,4049.6000,4049.4000,4049.0000,4051.0000,4051.6000,4052.0000,4052.8000,4053.0000,1,3,1,1,1,1,1,1,1,1
SF,IF2006,2020-02-19 09:49:43.400,4051.0000,24283,-1,1491736800.000,1,0,1,双平,S,4050.2000,4050.0000,4049.6000,4049.4000,4049.0000,4051.6000,4052.0000,4052.8000,4053.0000,4053.2000,1,3,1,1,1,1,1,1,1,3
SF,IF2006,2020-02-19 09:49:43.900,4051.0000,24283,0,1491736800.000,0,-,-,-,-,4050.2000,4050.0000,4049.6000,4049.4000,4049.0000,4051.6000,4052.0000,4052.8000,4053.2000,4053.4000,2,3,1,1,1,1,1,1,3,1
SF,IF2006,2020-02-19 09:49:44.400,4051.0000,24283,0,1491736800.000,0,-,-,-,-,4050.2000,4050.0000,4049.6000,4049.4000,4049.0000,4051.6000,4052.0000,4052.8000,4053.2000,4053.4000,2,2,1,1,1,1,1,1,3,1
SF,IF2006,2020-02-19 09:49:44.900,4051.0000,24283,0,1491736800.000,0,-,-,-,-,4050.4000,4050.2000,4050.0000,4049.6000,4049.4000,4051.6000,4052.0000,4053.2000,4053.4000,4053.8000,1,2,2,1,1,1,1,3,1,1
SF,IF2006,2020-02-19 09:49:46.900,4051.0000,24283,0,1491736800.000,0,-,-,-,-,4050.4000,4050.2000,4050.0000,4049.6000,4049.4000,4051.4000,4051.6000,4052.0000,4053.2000,4053.4000,1,2,2,1,1,1,1,1,3,1
SF,IF2006,2020-02-19 09:49:47.400,4051.0000,24283,0,1491736800.000,0,-,-,-,-,4050.2000,4050.0000,4049.6000,4049.4000,4049.0000,4051.4000,4051.6000,4052.0000,4053.2000,4053.4000,2,2,1,1,1,1,1,1,3,1
SF,IF2006,2020-02-19 09:49:48.900,4051.0000,24283,0,1491736800.000,0,-,-,-,-,4050.2000,4050.0000,4049.6000,4049.4000,4049.0000,4051.2000,4051.6000,4052.0000,4053.2000,4053.4000,2,2,1,1,1,3,1,1,3,1
SF,IF2006,2020-02-19 09:49:49.400,4051.0000,24283,0,1491736800.000,0,-,-,-,-,4050.2000,4050.0000,4049.6000,4049.4000,4049.0000,4051.2000,4051.6000,4052.0000,4053.2000,4053.4000,2,1,1,1,1,2,1,1,3,1
SF,IF2006,2020-02-19 09:49:51.900,4051.0000,24283,0,1491736800.000,0,-,-,-,-,4050.2000,4050.0000,4049.6000,4049.4000,4049.0000,4051.2000,4051.6000,4052.0000,4053.2000,4053.4000,2,1,1,1,1,2,1,1,3,1
SF,IF2006,2020-02-19 09:49:54.400,4051.0000,24283,0,1491736800.000,0,-,-,-,-,4050.2000,4050.0000,4049.6000,4049.0000,4048.0000,4051.0000,4051.6000,4052.0000,4053.2000,4053.4000,1,1,1,1,2,3,1,1,3,1
SF,IF2006,2020-02-19 09:49:54.900,4051.0000,24283,0,1491736800.000,0,-,-,-,-,4050.2000,4050.0000,4049.6000,4049.0000,4048.0000,4051.0000,4051.4000,4051.6000,4052.0000,4053.2000,1,1,1,1,2,1,1,1,1,3
SF,IF2006,2020-02-19 09:49:55.400,4051.0000,24283,0,1491736800.000,0,-,-,-,-,4050.2000,4050.0000,4049.6000,4049.0000,4048.0000,4051.4000,4051.6000,4052.0000,4053.2000,4053.4000,1,1,1,1,2,1,1,1,3,1
SF,IF2006,2020-02-19 09:49:55.900,4051.0000,24283,0,1491736800.000,0,-,-,-,-,4050.2000,4050.0000,4049.6000,4049.0000,4048.0000,4051.2000,4051.4000,4051.6000,4052.0000,4053.2000,1,1,1,1,2,1,1,1,1,3
SF,IF2006,2020-02-19 09:49:56.400,4051.0000,24283,0,1491736800.000,0,-,-,-,-,4050.2000,4050.0000,4049.6000,4049.0000,4048.0000,4051.4000,4051.6000,4052.0000,4053.2000,4053.4000,1,1,1,1,2,1,1,1,3,1
SF,IF2006,2020-02-19 09:49:56.900,4051.0000,24283,0,1491736800.000,0,-,-,-,-,4050.2000,4050.0000,4049.6000,4049.0000,4048.0000,4051.2000,4051.4000,4051.6000,4052.0000,4053.2000,1,1,1,1,2,2,1,1,1,3
SF,IF2006,2020-02-19 09:49:58.400,4051.0000,24283,0,1491736800.000,0,-,-,-,-,4050.2000,4050.0000,4049.6000,4049.0000,4048.0000,4051.2000,4051.4000,4051.6000,4052.0000,4053.2000,1,1,1,1,2,1,1,1,1,3
SF,IF2006,2020-02-19 09:49:59.400,4051.0000,24283,0,1491736800.000,0,-,-,-,-,4050.2000,4050.0000,4049.6000,4049.0000,4048.0000,4051.0000,4051.2000,4051.4000,4051.6000,4052.0000,1,1,1,1,2,1,1,1,1,1
SF,IF2006,2020-02-19 09:49:59.900,4051.0000,24283,0,1491736800.000,0,-,-,-,-,4050.2000,4050.0000,4049.6000,4049.0000,4048.0000,4051.0000,4051.4000,4051.6000,4052.0000,4053.2000,1,1,1,1,2,1,1,1,1,3
SF,IF2006,2020-02-19 09:50:00.400,4051.0000,24283,0,1491736800.000,0,-,-,-,-,4050.2000,4050.0000,4049.6000,4049.0000,4048.0000,4050.8000,4051.0000,4051.4000,4051.6000,4052.0000,1,1,1,1,2,1,1,1,1,1
SF,IF2006,2020-02-19 09:50:01.400,4051.0000,24283,0,1491736800.000,0,-,-,-,-,4050.4000,4050.2000,4050.0000,4049.6000,4049.0000,4051.4000,4051.6000,4052.0000,4053.2000,4053.4000,1,1,1,1,1,1,1,2,3,1
SF,IF2006,2020-02-19 09:50:01.900,4051.0000,24283,0,1491736800.000,0,-,-,-,-,4050.4000,4050.2000,4050.0000,4049.6000,4049.0000,4051.4000,4051.6000,4052.0000,4053.2000,4053.4000,1,1,1,1,1,1,1,2,3,1
SF,IF2006,2020-02-19 09:50:02.900,4051.0000,24283,0,1491736800.000,0,-,-,-,-,4050.8000,4050.6000,4050.2000,4050.0000,4049.6000,4051.4000,4051.6000,4052.0000,4053.2000,4053.4000,1,3,1,1,1,1,1,2,3,1
SF,IF2006,2020-02-19 09:50:03.400,4051.4000,24283,0,1492952220.000,1,0,1,多换,S,4051.2000,4051.0000,4050.6000,4050.2000,4050.0000,4051.6000,4052.0000,4053.4000,4053.6000,4053.8000,1,1,2,1,1,1,2,1,2,1
SF,IF2006,2020-02-19 09:50:03.900,4051.4000,24283,0,1492952220.000,0,-,-,-,-,4051.2000,4051.0000,4050.8000,4050.6000,4050.0000,4051.6000,4052.0000,4053.4000,4053.6000,4053.8000,2,1,2,1,1,1,2,1,2,1
SF,IF2006,2020-02-19 09:50:04.400,4051.6000,24283,0,1494167700.000,1,0,1,多换,S,4051.2000,4051.0000,4050.8000,4050.6000,4050.0000,4052.0000,4053.4000,4053.6000,4053.8000,4055.0000,2,1,2,1,1,2,1,2,1,3
SF,IF2006,2020-02-19 09:50:05.400,4051.6000,24283,0,1494167700.000,0,-,-,-,-,4051.2000,4051.0000,4050.8000,4050.0000,4049.6000,4052.0000,4053.4000,4053.8000,4055.0000,4055.2000,2,1,2,1,1,2,1,1,3,2
SF,IF2006,2020-02-19 09:50:05.900,4052.0000,24282,-1,1496598900.000,2,0,2,多平,S,4051.2000,4051.0000,4050.8000,4050.0000,4049.6000,4053.4000,4053.8000,4055.0000,4055.2000,4055.8000,2,1,2,1,1,1,1,3,2,1
SF,IF2006,2020-02-19 09:50:06.400,4052.0000,24282,0,1496598900.000,0,-,-,-,-,4051.6000,4051.4000,4051.2000,4051.0000,4050.8000,4052.2000,4052.8000,4053.0000,4053.2000,4053.4000,2,1,2,1,2,1,1,2,1,1
SF,IF2006,2020-02-19 09:50:06.900,4052.0000,24282,0,1496598900.000,0,-,-,-,-,4051.6000,4051.4000,4051.2000,4051.0000,4050.8000,4052.2000,4052.8000,4053.4000,4053.8000,4055.0000,2,1,2,1,2,1,1,1,1,3
SF,IF2006,2020-02-19 09:50:07.900,4052.0000,24282,0,1496598900.000,0,-,-,-,-,4051.6000,4051.4000,4051.2000,4051.0000,4050.8000,4052.2000,4052.8000,4053.4000,4053.8000,4054.0000,2,1,2,1,2,1,1,1,1,2
SF,IF2006,2020-02-19 09:50:08.400,4052.0000,24282,0,1496598900.000,0,-,-,-,-,4051.6000,4051.4000,4051.2000,4050.8000,4050.0000,4052.2000,4052.8000,4053.4000,4053.8000,4054.0000,2,1,2,2,1,1,1,1,1,2
SF,IF2006,2020-02-19 09:50:10.400,4052.0000,24282,0,1496598900.000,0,-,-,-,-,4051.6000,4051.4000,4051.2000,4050.0000,4049.6000,4052.2000,4052.8000,4053.4000,4053.8000,4054.0000,2,1,2,1,1,1,1,1,1,2
SF,IF2006,2020-02-19 09:50:12.900,4052.0000,24282,0,1496598900.000,0,-,-,-,-,4051.6000,4051.4000,4051.2000,4050.0000,4049.6000,4052.2000,4052.8000,4053.4000,4053.8000,4054.0000,2,1,2,1,1,1,1,1,1,2
SF,IF2006,2020-02-19 09:50:13.400,4051.6000,24280,-2,1499029860.000,2,0,2,双平,S,4051.2000,4050.0000,4049.6000,4049.0000,4048.0000,4052.2000,4052.8000,4053.4000,4053.8000,4054.0000,2,1,1,1,2,1,1,1,1,2
SF,IF2006,2020-02-19 09:50:13.900,4051.2000,24280,0,1500245220.000,1,0,1,多换,S,4051.2000,4050.0000,4049.6000,4049.0000,4048.0000,4052.0000,4052.2000,4053.4000,4053.8000,4054.0000,1,1,1,1,2,2,1,1,1,2
SF,IF2006,2020-02-19 09:50:14.400,4051.2000,24280,0,1500245220.000,0,-,-,-,-,4051.2000,4050.0000,4049.6000,4049.0000,4048.0000,4051.4000,4053.4000,4053.8000,4054.0000,4054.6000,1,1,1,1,2,1,1,1,2,3
SF,IF2006,2020-02-19 09:50:14.900,4051.2000,24280,0,1501460580.000,1,0,1,多换,S,4050.0000,4049.6000,4049.0000,4048.0000,4047.6000,4051.4000,4053.4000,4053.8000,4054.0000,4054.6000,1,1,1,2,1,1,1,1,2,3
SF,IF2006,2020-02-19 09:50:15.400,4051.4000,24279,-1,1502676000.000,1,0,1,双平,S,4050.4000,4050.2000,4050.0000,4049.8000,4049.6000,4053.4000,4053.8000,4054.0000,4054.6000,4055.0000,3,1,1,1,1,1,1,2,3,3
SF,IF2006,2020-02-19 09:50:15.900,4051.4000,24279,0,1502676000.000,0,-,-,-,-,4050.4000,4050.2000,4050.0000,4049.8000,4049.6000,4052.2000,4052.4000,4052.6000,4052.8000,4053.2000,3,1,1,1,1,2,1,2,3,6
SF,IF2006,2020-02-19 09:50:16.400,4050.4000,24279,0,1503891120.000,1,0,1,多换,S,4051.4000,4050.4000,4050.2000,4050.0000,4049.8000,4052.0000,4052.2000,4052.6000,4053.2000,4053.4000,2,2,1,1,1,2,3,1,6,1
SF,IF2006,2020-02-19 09:50:16.900,4051.4000,24278,-1,1506321960.000,2,0,2,多平,S,4050.4000,4050.2000,4050.0000,4049.8000,4049.6000,4051.4000,4052.2000,4052.6000,4053.2000,4053.4000,2,1,1,1,1,3,1,1,7,1
SF,IF2006,2020-02-19 09:50:17.400,4051.4000,24278,0,1506321960.000,0,-,-,-,-,4050.0000,4049.8000,4049.6000,4049.0000,4048.0000,4051.2000,4051.4000,4052.6000,4053.2000,4053.4000,1,1,1,1,2,4,3,1,7,1
SF,IF2006,2020-02-19 09:50:17.900,4051.4000,24278,0,1506321960.000,0,-,-,-,-,4050.0000,4049.8000,4049.6000,4049.0000,4048.0000,4051.0000,4051.2000,4051.4000,4052.6000,4053.2000,1,1,1,1,2,1,5,3,1,7
SF,IF2006,2020-02-19 09:50:18.400,4051.4000,24278,0,1506321960.000,0,-,-,-,-,4050.0000,4049.8000,4049.6000,4049.0000,4048.0000,4050.8000,4051.0000,4051.2000,4051.4000,4052.6000,1,1,1,1,2,1,1,3,3,1
SF,IF2006,2020-02-19 09:50:18.900,4051.4000,24278,0,1506321960.000,0,-,-,-,-,4050.0000,4049.8000,4049.6000,4049.0000,4048.0000,4050.8000,4051.2000,4051.4000,4052.4000,4052.6000,1,1,1,1,2,1,2,3,2,1
SF,IF2006,2020-02-19 09:50:19.400,4051.4000,24278,0,1506321960.000,0,-,-,-,-,4050.0000,4049.8000,4049.6000,4049.0000,4048.0000,4050.8000,4051.2000,4051.4000,4052.4000,4052.6000,2,1,1,1,2,1,2,3,2,1
SF,IF2006,2020-02-19 09:50:19.900,4051.4000,24278,0,1506321960.000,0,-,-,-,-,4050.0000,4049.8000,4049.6000,4049.0000,4048.0000,4051.2000,4051.4000,4052.4000,4052.6000,4053.2000,2,1,1,1,2,2,3,2,1,7
SF,IF2006,2020-02-19 09:50:20.400,4051.4000,24278,0,1506321960.000,0,-,-,-,-,4050.0000,4049.8000,4049.6000,4049.0000,4048.0000,4051.0000,4051.2000,4051.4000,4052.4000,4052.6000,2,1,1,1,2,3,4,3,2,1
SF,IF2006,2020-02-19 09:50:20.900,4051.4000,24278,0,1506321960.000,0,-,-,-,-,4050.0000,4049.8000,4049.6000,4049.0000,4048.0000,4051.0000,4051.2000,4051.4000,4052.4000,4052.6000,2,1,1,1,2,3,3,3,2,1
SF,IF2006,2020-02-19 09:50:21.400,4051.4000,24278,0,1506321960.000,0,-,-,-,-,4050.2000,4050.0000,4049.8000,4049.6000,4049.0000,4051.0000,4051.2000,4051.4000,4052.4000,4052.6000,1,2,1,1,1,1,2,3,2,1
SF,IF2006,2020-02-19 09:50:21.900,4051.0000,24277,-1,1507537260.000,1,0,1,双平,S,4050.2000,4050.0000,4049.8000,4049.6000,4049.0000,4051.2000,4051.4000,4052.6000,4053.2000,4053.4000,1,2,1,1,1,1,1,1,6,1
SF,IF2006,2020-02-19 09:50:22.400,4051.0000,24277,0,1507537260.000,0,-,-,-,-,4050.2000,4050.0000,4049.8000,4049.6000,4049.0000,4051.2000,4052.6000,4053.2000,4053.4000,4053.8000,1,2,1,1,1,1,1,6,1,1
SF,IF2006,2020-02-19 09:50:22.900,4051.0000,24277,0,1507537260.000,0,-,-,-,-,4050.2000,4050.0000,4049.8000,4049.6000,4049.0000,4051.2000,4052.6000,4053.2000,4053.4000,4053.8000,1,2,1,1,1,1,1,6,3,1
SF,IF2006,2020-02-19 09:50:23.900,4051.0000,24277,0,1507537260.000,0,-,-,-,-,4050.2000,4050.0000,4049.8000,4049.6000,4049.0000,4051.2000,4052.6000,4053.2000,4053.4000,4053.8000,1,2,1,1,1,1,1,5,3,1
SF,IF2006,2020-02-19 09:50:24.400,4051.0000,24277,0,1507537260.000,0,-,-,-,-,4050.2000,4050.0000,4049.8000,4049.6000,4049.0000,4051.2000,4052.6000,4053.2000,4053.4000,4053.8000,1,3,1,1,1,2,1,5,3,1
SF,IF2006,2020-02-19 09:50:24.900,4051.0000,24277,0,1507537260.000,0,-,-,-,-,4050.0000,4049.8000,4049.6000,4049.0000,4048.0000,4051.2000,4052.6000,4053.2000,4053.4000,4053.8000,3,1,1,1,2,2,1,5,3,1
SF,IF2006,2020-02-19 09:50:25.400,4051.0000,24277,0,1507537260.000,0,-,-,-,-,4050.0000,4049.8000,4049.6000,4049.0000,4048.0000,4051.0000,4051.2000,4052.6000,4053.2000,4053.4000,3,1,1,1,2,2,2,1,5,3
SF,IF2006,2020-02-19 09:50:25.900,4051.0000,24277,0,1507537260.000,0,-,-,-,-,4050.0000,4049.8000,4049.6000,4049.0000,4048.0000,4051.2000,4052.6000,4053.2000,4053.4000,4053.8000,3,1,1,1,2,1,1,5,3,1
SF,IF2006,2020-02-19 09:50:26.900,4051.0000,24277,0,1507537260.000,0,-,-,-,-,4050.0000,4049.8000,4049.6000,4049.0000,4048.0000,4051.2000,4052.6000,4053.2000,4053.4000,4053.8000,3,1,1,1,2,2,1,5,3,1
SF,IF2006,2020-02-19 09:50:27.400,4051.0000,24277,0,1507537260.000,0,-,-,-,-,4050.0000,4049.8000,4049.6000,4049.0000,4048.0000,4051.0000,4051.2000,4052.6000,4053.2000,4053.4000,3,1,1,1,2,1,1,1,5,3
SF,IF2006,2020-02-19 09:50:27.900,4051.0000,24277,0,1507537260.000,0,-,-,-,-,4050.0000,4049.8000,4049.6000,4049.0000,4048.0000,4050.8000,4051.0000,4051.2000,4052.6000,4053.2000,3,1,1,1,2,1,1,3,1,5
SF,IF2006,2020-02-19 09:50:28.400,4051.0000,24277,0,1507537260.000,0,-,-,-,-,4050.0000,4049.8000,4049.6000,4049.0000,4048.0000,4050.8000,4051.2000,4052.6000,4053.2000,4053.4000,5,1,1,1,2,1,2,1,5,3
SF,IF2006,2020-02-19 09:50:28.900,4050.0000,24276,-1,1508752260.000,1,0,1,双平,S,4050.0000,4049.8000,4049.6000,4049.0000,4048.0000,4050.8000,4051.2000,4052.6000,4053.2000,4053.4000,4,1,1,1,2,1,2,1,5,3
SF,IF2006,2020-02-19 09:50:31.400,4050.0000,24276,0,1508752260.000,0,-,-,-,-,4050.0000,4049.8000,4049.6000,4049.0000,4048.0000,4050.8000,4051.2000,4052.6000,4053.2000,4053.4000,4,1,1,2,2,1,1,1,5,3
SF,IF2006,2020-02-19 09:50:31.900,4050.0000,24276,0,1508752260.000,0,-,-,-,-,4050.0000,4049.8000,4049.6000,4049.0000,4048.0000,4050.8000,4051.2000,4052.6000,4052.8000,4053.2000,4,1,1,2,2,1,1,1,1,5
SF,IF2006,2020-02-19 09:50:32.400,4050.0000,24276,0,1508752260.000,0,-,-,-,-,4050.0000,4049.8000,4049.6000,4049.0000,4048.0000,4050.8000,4051.2000,4052.6000,4052.8000,4053.2000,4,1,1,2,2,2,2,1,1,5
SF,IF2006,2020-02-19 09:50:35.900,4050.0000,24276,0,1508752260.000,0,-,-,-,-,4050.0000,4049.8000,4049.6000,4049.0000,4048.0000,4050.8000,4051.2000,4052.6000,4052.8000,4053.2000,4,1,1,2,2,2,2,1,1,5
SF,IF2006,2020-02-19 09:50:36.400,4050.0000,24276,0,1508752260.000,0,-,-,-,-,4050.0000,4049.8000,4049.6000,4049.0000,4048.0000,4050.8000,4051.2000,4052.6000,4052.8000,4053.2000,5,1,1,2,2,2,1,1,1,5
SF,IF2006,2020-02-19 09:50:37.900,4050.0000,24276,0,1508752260.000,0,-,-,-,-,4050.0000,4049.8000,4049.6000,4049.0000,4048.0000,4050.8000,4051.2000,4052.6000,4052.8000,4053.2000,5,1,1,2,2,2,1,1,1,5
SF,IF2006,2020-02-19 09:50:40.900,4050.0000,24276,0,1508752260.000,0,-,-,-,-,4050.0000,4049.8000,4049.6000,4049.0000,4048.0000,4050.8000,4051.2000,4052.6000,4052.8000,4053.2000,5,1,1,2,2,1,1,1,1,5
SF,IF2006,2020-02-19 09:50:41.400,4050.0000,24275,-1,1509967260.000,1,0,1,双平,S,4050.0000,4049.8000,4049.6000,4049.0000,4048.0000,4050.8000,4051.2000,4052.6000,4052.8000,4053.2000,4,1,1,2,2,1,1,1,1,5
SF,IF2006,2020-02-19 09:50:41.900,4050.0000,24275,0,1511182260.000,1,0,1,多换,S,4050.0000,4049.8000,4049.6000,4049.0000,4048.0000,4050.8000,4051.2000,4052.6000,4052.8000,4053.2000,3,1,1,2,2,1,1,1,1,5
SF,IF2006,2020-02-19 09:50:46.900,4049.8000,24273,-2,1516042200.000,4,1,3,多平,S,4049.6000,4049.0000,4048.0000,4047.6000,4046.8000,4050.6000,4050.8000,4051.2000,4052.6000,4052.8000,1,2,2,1,1,2,1,1,1,1
SF,IF2006,2020-02-19 09:50:47.400,4049.6000,24272,-1,1517257080.000,1,0,1,双平,S,4049.0000,4048.0000,4047.6000,4046.8000,4046.2000,4050.4000,4050.6000,4050.8000,4051.2000,4052.6000,2,2,1,1,1,2,3,1,1,1
SF,IF2006,2020-02-19 09:50:47.900,4049.6000,24272,0,1517257080.000,0,-,-,-,-,4049.0000,4048.0000,4047.6000,4046.8000,4046.2000,4050.2000,4050.4000,4050.6000,4050.8000,4051.2000,2,2,1,1,1,2,2,1,1,1
SF,IF2006,2020-02-19 09:50:48.400,4049.6000,24272,0,1517257080.000,0,-,-,-,-,4049.0000,4048.0000,4047.6000,4046.8000,4046.2000,4050.2000,4050.6000,4050.8000,4051.2000,4052.6000,2,2,1,1,1,2,1,1,1,1
SF,IF2006,2020-02-19 09:50:48.900,4049.6000,24272,0,1517257080.000,0,-,-,-,-,4049.0000,4048.0000,4047.6000,4046.8000,4046.2000,4050.2000,4050.6000,4050.8000,4051.2000,4052.6000,2,2,1,1,1,2,1,1,1,1
SF,IF2006,2020-02-19 09:50:49.400,4049.6000,24272,0,1517257080.000,0,-,-,-,-,4049.0000,4048.0000,4047.6000,4046.8000,4046.2000,4049.8000,4050.2000,4050.6000,4050.8000,4051.2000,2,2,1,1,1,1,2,1,1,1
SF,IF2006,2020-02-19 09:50:50.400,4049.6000,24272,0,1517257080.000,0,-,-,-,-,4049.0000,4048.0000,4047.6000,4046.8000,4046.2000,4049.8000,4050.2000,4050.8000,4051.2000,4052.6000,2,2,1,1,1,1,2,1,1,1
SF,IF2006,2020-02-19 09:50:50.900,4049.6000,24272,0,1517257080.000,0,-,-,-,-,4049.0000,4048.0000,4047.6000,4046.8000,4046.2000,4049.8000,4050.2000,4050.8000,4051.2000,4052.6000,2,2,1,1,1,1,1,1,1,1
SF,IF2006,2020-02-19 09:50:51.900,4049.6000,24272,0,1517257080.000,0,-,-,-,-,4049.0000,4048.0000,4047.6000,4046.8000,4046.2000,4049.6000,4049.8000,4050.2000,4050.8000,4051.2000,2,2,1,1,1,1,1,1,1,1
SF,IF2006,2020-02-19 09:50:52.900,4049.6000,24272,0,1517257080.000,0,-,-,-,-,4049.0000,4048.0000,4047.6000,4046.8000,4046.2000,4049.4000,4049.6000,4050.2000,4050.8000,4051.2000,2,2,1,1,1,1,1,1,1,1
SF,IF2006,2020-02-19 09:50:54.400,4049.6000,24272,0,1517257080.000,0,-,-,-,-,4049.0000,4048.0000,4047.6000,4046.8000,4046.2000,4049.4000,4049.6000,4050.2000,4050.8000,4051.2000,2,2,1,1,1,1,1,1,1,1
SF,IF2006,2020-02-19 09:50:55.400,4049.4000,24272,0,1518471900.000,1,0,1,多换,S,4049.0000,4048.0000,4047.6000,4046.8000,4046.2000,4049.6000,4050.2000,4050.8000,4051.2000,4052.6000,2,2,1,1,1,1,1,1,1,1
SF,IF2006,2020-02-19 09:50:55.900,4049.4000,24272,0,1518471900.000,0,-,-,-,-,4049.0000,4048.0000,4047.6000,4046.8000,4046.2000,4050.2000,4050.8000,4051.2000,4052.6000,4052.8000,2,2,1,1,1,1,1,1,1,1
SF,IF2006,2020-02-19 09:50:56.400,4049.4000,24272,0,1518471900.000,0,-,-,-,-,4049.0000,4048.0000,4047.6000,4046.8000,4046.2000,4050.0000,4050.2000,4050.8000,4051.2000,4052.8000,2,2,1,1,1,1,1,1,1,1
SF,IF2006,2020-02-19 09:50:56.900,4049.4000,24272,0,1518471900.000,0,-,-,-,-,4049.0000,4048.0000,4047.6000,4046.8000,4046.2000,4050.2000,4050.8000,4051.2000,4052.8000,4053.2000,2,2,1,1,1,1,1,1,1,5
SF,IF2006,2020-02-19 09:51:00.400,4049.4000,24272,0,1518471900.000,0,-,-,-,-,4049.0000,4048.0000,4047.6000,4046.8000,4046.2000,4050.2000,4050.8000,4051.2000,4052.8000,4053.2000,2,2,1,1,1,1,1,1,1,5
SF,IF2006,2020-02-19 09:51:00.900,4049.4000,24272,0,1518471900.000,0,-,-,-,-,4049.0000,4048.0000,4047.6000,4046.8000,4046.2000,4050.2000,4050.8000,4051.2000,4052.8000,4053.2000,2,2,1,1,1,1,1,1,1,5
SF,IF2006,2020-02-19 09:51:01.400,4049.4000,24272,0,1518471900.000,0,-,-,-,-,4049.0000,4048.0000,4047.6000,4046.8000,4046.2000,4050.2000,4050.8000,4051.2000,4052.8000,4053.2000,3,2,1,1,1,1,1,1,1,5
SF,IF2006,2020-02-19 09:51:01.900,4049.4000,24272,0,1518471900.000,0,-,-,-,-,4049.2000,4049.0000,4048.0000,4047.6000,4046.8000,4050.8000,4051.2000,4052.8000,4053.2000,4053.8000,1,3,2,1,1,1,1,1,5,1
SF,IF2006,2020-02-19 09:51:02.400,4049.4000,24272,0,1518471900.000,0,-,-,-,-,4049.2000,4049.0000,4048.0000,4047.6000,4046.8000,4050.2000,4050.6000,4050.8000,4051.2000,4052.8000,1,3,2,1,1,1,5,1,1,1
SF,IF2006,2020-02-19 09:51:02.900,4049.4000,24272,0,1518471900.000,0,-,-,-,-,4049.0000,4048.0000,4047.6000,4046.8000,4046.2000,4049.8000,4050.6000,4050.8000,4051.2000,4052.8000,3,2,1,1,1,1,2,1,1,1
SF,IF2006,2020-02-19 09:51:03.400,4049.4000,24272,0,1518471900.000,0,-,-,-,-,4049.0000,4048.0000,4047.6000,4046.8000,4046.2000,4049.8000,4050.6000,4050.8000,4051.2000,4052.8000,3,2,1,1,1,1,1,1,1,1
SF,IF2006,2020-02-19 09:51:03.900,4049.4000,24272,0,1518471900.000,0,-,-,-,-,4049.0000,4048.0000,4047.6000,4046.8000,4046.2000,4049.8000,4050.8000,4051.2000,4053.2000,4053.8000,3,2,1,1,1,1,1,1,5,2
SF,IF2006,2020-02-19 09:51:04.900,4049.0000,24272,0,1519686600.000,1,0,1,多换,S,4049.0000,4048.0000,4047.6000,4046.8000,4046.2000,4049.6000,4049.8000,4050.8000,4051.2000,4053.2000,2,2,1,2,1,1,1,1,1,5
SF,IF2006,2020-02-19 09:51:05.400,4049.0000,24272,0,1519686600.000,0,-,-,-,-,4049.0000,4048.0000,4047.6000,4046.8000,4046.2000,4049.4000,4049.6000,4050.8000,4051.2000,4053.2000,2,2,1,2,1,2,1,1,1,5
SF,IF2006,2020-02-19 09:51:05.900,4049.0000,24272,0,1522116000.000,2,1,1,多换,S,4048.0000,4047.6000,4046.8000,4046.2000,4045.0000,4049.4000,4049.6000,4050.8000,4051.2000,4053.2000,2,1,2,1,3,2,1,1,1,5
SF,IF2006,2020-02-19 09:51:06.900,4049.0000,24272,0,1522116000.000,0,-,-,-,-,4048.2000,4048.0000,4047.6000,4046.8000,4046.2000,4049.4000,4049.6000,4050.8000,4051.2000,4053.2000,1,2,1,2,1,2,1,1,1,5
SF,IF2006,2020-02-19 09:51:07.400,4049.0000,24272,0,1522116000.000,0,-,-,-,-,4048.2000,4048.0000,4047.6000,4046.8000,4046.2000,4049.2000,4049.4000,4049.6000,4050.8000,4051.2000,1,2,1,2,1,1,2,1,1,1
SF,IF2006,2020-02-19 09:51:07.900,4049.0000,24272,0,1522116000.000,0,-,-,-,-,4048.2000,4048.0000,4047.6000,4046.8000,4046.2000,4049.2000,4049.4000,4049.6000,4050.8000,4051.2000,1,2,1,2,1,1,2,1,1,1
SF,IF2006,2020-02-19 09:51:10.400,4049.0000,24272,0,1522116000.000,0,-,-,-,-,4048.2000,4048.0000,4047.6000,4046.8000,4046.2000,4049.4000,4049.6000,4050.8000,4051.2000,4053.2000,1,2,1,2,1,2,1,1,1,5
SF,IF2006,2020-02-19 09:51:10.900,4049.0000,24272,0,1522116000.000,0,-,-,-,-,4048.2000,4048.0000,4047.6000,4046.8000,4046.2000,4049.2000,4049.4000,4049.6000,4050.8000,4051.2000,1,2,1,2,1,1,2,1,1,1
SF,IF2006,2020-02-19 09:51:11.900,4048.2000,24271,-1,1523330460.000,1,0,1,双平,S,4048.0000,4047.6000,4046.8000,4046.2000,4045.0000,4049.4000,4049.6000,4050.8000,4051.2000,4053.2000,2,1,2,1,3,2,1,1,1,5
SF,IF2006,2020-02-19 09:51:12.400,4048.2000,24271,0,1523330460.000,0,-,-,-,-,4048.2000,4048.0000,4047.6000,4046.8000,4046.2000,4049.4000,4050.8000,4051.2000,4053.2000,4053.8000,2,2,1,2,1,2,1,1,5,2
SF,IF2006,2020-02-19 09:51:12.900,4048.2000,24271,0,1523330460.000,0,-,-,-,-,4048.2000,4048.0000,4047.6000,4046.8000,4046.2000,4049.4000,4050.8000,4051.2000,4053.2000,4053.8000,3,2,1,2,1,1,1,1,5,2
SF,IF2006,2020-02-19 09:51:13.400,4048.2000,24271,0,1523330460.000,0,-,-,-,-,4048.6000,4048.2000,4048.0000,4047.6000,4046.8000,4049.4000,4050.8000,4051.2000,4053.2000,4053.8000,2,2,2,1,2,1,1,1,5,2
SF,IF2006,2020-02-19 09:51:13.900,4049.4000,24270,-1,1524545280.000,1,0,1,双平,S,4048.6000,4048.2000,4048.0000,4047.6000,4046.8000,4050.8000,4051.2000,4053.2000,4053.8000,4054.0000,2,2,2,1,2,1,1,5,2,6
SF,IF2006,2020-02-19 09:51:14.400,4049.4000,24270,0,1524545280.000,0,-,-,-,-,4048.6000,4048.2000,4048.0000,4047.6000,4046.8000,4050.4000,4050.6000,4050.8000,4051.2000,4053.2000,2,2,2,1,2,1,2,1,1,5
SF,IF2006,2020-02-19 09:51:14.900,4049.4000,24270,0,1524545280.000,0,-,-,-,-,4049.0000,4048.6000,4048.2000,4048.0000,4047.6000,4050.4000,4050.6000,4050.8000,4051.2000,4053.2000,1,1,2,2,1,1,2,1,1,5
SF,IF2006,2020-02-19 09:51:15.400,4049.4000,24270,0,1524545280.000,0,-,-,-,-,4049.0000,4048.2000,4048.0000,4047.6000,4046.8000,4050.4000,4050.6000,4050.8000,4051.2000,4053.2000,1,2,2,1,2,1,2,1,1,5
SF,IF2006,2020-02-19 09:51:15.900,4049.4000,24270,0,1524545280.000,0,-,-,-,-,4049.2000,4049.0000,4048.2000,4048.0000,4047.6000,4050.4000,4050.6000,4050.8000,4051.2000,4053.2000,1,1,2,2,1,1,2,1,1,5
SF,IF2006,2020-02-19 09:51:16.900,4049.4000,24270,0,1524545280.000,0,-,-,-,-,4049.4000,4049.2000,4048.2000,4048.0000,4047.6000,4050.4000,4050.6000,4050.8000,4051.2000,4053.2000,1,1,2,2,1,1,1,1,1,5
SF,IF2006,2020-02-19 09:51:17.400,4049.4000,24270,0,1524545280.000,0,-,-,-,-,4049.4000,4049.2000,4048.2000,4048.0000,4047.6000,4050.2000,4050.4000,4050.6000,4050.8000,4051.2000,1,1,2,2,1,1,1,1,1,1
SF,IF2006,2020-02-19 09:51:17.900,4049.4000,24270,0,1524545280.000,0,-,-,-,-,4049.4000,4049.2000,4048.2000,4048.0000,4047.6000,4050.4000,4050.6000,4050.8000,4051.2000,4053.2000,1,1,2,2,1,1,1,1,1,5
SF,IF2006,2020-02-19 09:51:18.400,4050.4000,24270,0,1525760400.000,1,0,1,多换,S,4050.2000,4049.4000,4049.2000,4048.2000,4048.0000,4050.6000,4050.8000,4051.2000,4053.2000,4053.8000,1,1,1,2,2,1,1,1,5,2
SF,IF2006,2020-02-19 09:51:18.900,4050.4000,24270,0,1525760400.000,0,-,-,-,-,4050.2000,4048.2000,4048.0000,4047.6000,4046.8000,4050.6000,4050.8000,4051.2000,4053.2000,4053.8000,1,2,2,1,2,1,1,1,5,2
SF,IF2006,2020-02-19 09:51:19.400,4050.4000,24270,0,1525760400.000,0,-,-,-,-,4050.2000,4048.2000,4048.0000,4047.6000,4046.8000,4050.8000,4051.2000,4053.2000,4053.8000,4054.0000,1,2,2,1,2,1,1,5,2,6
SF,IF2006,2020-02-19 09:51:21.400,4050.2000,24270,0,1526975460.000,1,0,1,多换,S,4048.2000,4048.0000,4047.6000,4046.8000,4046.2000,4050.8000,4051.2000,4053.2000,4053.8000,4054.0000,2,2,1,2,1,1,1,5,2,6
SF,IF2006,2020-02-19 09:51:21.900,4050.2000,24270,0,1526975460.000,0,-,-,-,-,4049.2000,4049.0000,4048.4000,4048.2000,4048.0000,4050.6000,4050.8000,4051.2000,4053.2000,4053.8000,1,3,2,2,2,2,1,1,5,2
SF,IF2006,2020-02-19 09:51:22.400,4050.2000,24270,0,1526975460.000,0,-,-,-,-,4049.2000,4049.0000,4048.4000,4048.2000,4048.0000,4050.6000,4050.8000,4051.2000,4053.2000,4053.8000,1,4,2,2,2,2,1,1,5,2
SF,IF2006,2020-02-19 09:51:22.900,4050.2000,24270,0,1526975460.000,0,-,-,-,-,4049.2000,4049.0000,4048.4000,4048.2000,4048.0000,4050.6000,4050.8000,4051.2000,4053.2000,4053.8000,1,3,2,2,2,2,1,1,5,2
SF,IF2006,2020-02-19 09:51:23.400,4050.2000,24270,0,1528190520.000,1,0,1,多换,S,4049.2000,4049.0000,4048.4000,4048.2000,4048.0000,4050.6000,4050.8000,4051.2000,4053.2000,4053.8000,1,3,2,2,2,2,1,1,5,2
SF,IF2006,2020-02-19 09:51:23.900,4050.2000,24270,0,1528190520.000,0,-,-,-,-,4049.2000,4049.0000,4048.4000,4048.2000,4048.0000,4050.4000,4050.6000,4050.8000,4051.2000,4053.2000,1,3,2,2,2,1,2,1,1,5
SF,IF2006,2020-02-19 09:51:24.400,4050.2000,24270,0,1528190520.000,0,-,-,-,-,4049.2000,4049.0000,4048.4000,4048.2000,4048.0000,4050.4000,4050.6000,4050.8000,4051.2000,4053.2000,1,3,2,2,2,1,2,1,1,5
SF,IF2006,2020-02-19 09:51:24.900,4050.2000,24270,0,1528190520.000,0,-,-,-,-,4049.2000,4049.0000,4048.4000,4048.2000,4048.0000,4050.4000,4050.6000,4050.8000,4051.2000,4053.2000,1,3,2,2,2,1,2,1,1,7
SF,IF2006,2020-02-19 09:51:25.900,4050.2000,24270,0,1528190520.000,0,-,-,-,-,4049.4000,4049.2000,4049.0000,4048.4000,4048.2000,4050.4000,4050.6000,4050.8000,4051.2000,4053.2000,1,1,3,2,2,1,2,1,1,7
SF,IF2006,2020-02-19 09:51:26.400,4050.2000,24270,0,1528190520.000,0,-,-,-,-,4049.4000,4049.2000,4049.0000,4048.2000,4048.0000,4050.2000,4050.4000,4050.6000,4050.8000,4051.2000,1,1,2,2,2,1,1,1,1,1
SF,IF2006,2020-02-19 09:51:27.400,4050.2000,24270,0,1528190520.000,0,-,-,-,-,4049.4000,4049.2000,4049.0000,4048.2000,4048.0000,4050.2000,4050.4000,4050.6000,4050.8000,4051.2000,1,1,2,2,2,2,1,1,1,1
SF,IF2006,2020-02-19 09:51:29.900,4050.2000,24270,0,1528190520.000,0,-,-,-,-,4049.4000,4049.2000,4049.0000,4048.2000,4048.0000,4050.2000,4050.6000,4050.8000,4051.2000,4053.2000,1,1,3,2,2,2,1,1,1,7
SF,IF2006,2020-02-19 09:51:30.400,4050.2000,24270,0,1528190520.000,0,-,-,-,-,4049.4000,4049.2000,4049.0000,4048.2000,4048.0000,4050.2000,4050.6000,4050.8000,4051.2000,4053.2000,1,1,2,2,2,1,1,1,1,7
SF,IF2006,2020-02-19 09:51:30.900,4050.2000,24270,0,1529405580.000,1,0,1,多换,S,4050.6000,4049.8000,4049.6000,4049.4000,4049.2000,4050.8000,4051.2000,4053.2000,4053.8000,4054.0000,1,1,1,1,1,1,1,5,2,6
SF,IF2006,2020-02-19 09:51:31.400,4050.8000,24270,0,1531836060.000,2,1,1,多换,S,4050.8000,4049.4000,4049.0000,4048.2000,4048.0000,4051.2000,4053.2000,4053.8000,4054.0000,4055.0000,1,1,1,2,2,1,5,2,6,3
SF,IF2006,2020-02-19 09:51:31.900,4050.8000,24270,0,1531836060.000,0,-,-,-,-,4050.2000,4049.4000,4049.0000,4048.2000,4048.0000,4051.2000,4053.2000,4053.8000,4054.0000,4055.0000,2,1,1,2,2,1,5,2,6,3
SF,IF2006,2020-02-19 09:51:32.900,4050.8000,24270,0,1531836060.000,0,-,-,-,-,4050.2000,4049.4000,4049.0000,4048.2000,4048.0000,4051.2000,4053.2000,4053.8000,4054.0000,4055.0000,3,1,1,1,2,1,5,2,6,3
SF,IF2006,2020-02-19 09:51:33.400,4050.8000,24270,0,1531836060.000,0,-,-,-,-,4050.2000,4049.4000,4049.0000,4048.2000,4048.0000,4051.0000,4051.2000,4053.2000,4053.8000,4054.0000,3,1,1,1,2,1,1,5,2,6
SF,IF2006,2020-02-19 09:51:34.900,4050.8000,24270,0,1531836060.000,0,-,-,-,-,4050.2000,4049.4000,4049.0000,4048.2000,4048.0000,4051.0000,4051.2000,4051.8000,4053.2000,4053.8000,3,1,1,1,2,1,1,1,5,2
SF,IF2006,2020-02-19 09:51:36.400,4050.2000,24270,0,1535481240.000,3,1,2,多换,S,4049.4000,4049.0000,4048.2000,4048.0000,4047.6000,4050.8000,4051.0000,4051.2000,4051.8000,4053.2000,1,1,1,2,1,1,1,1,1,5
SF,IF2006,2020-02-19 09:51:36.900,4050.2000,24270,0,1535481240.000,0,-,-,-,-,4049.4000,4049.0000,4048.2000,4048.0000,4047.6000,4050.2000,4050.4000,4050.6000,4051.2000,4051.8000,1,1,1,2,1,1,2,2,1,1
SF,IF2006,2020-02-19 09:51:37.400,4050.2000,24270,0,1535481240.000,0,-,-,-,-,4049.4000,4049.0000,4048.2000,4048.0000,4047.6000,4050.2000,4050.4000,4050.6000,4051.2000,4051.8000,1,1,1,2,1,1,1,2,1,1
SF,IF2006,2020-02-19 09:51:37.900,4050.2000,24270,0,1535481240.000,0,-,-,-,-,4049.4000,4049.0000,4048.2000,4048.0000,4047.6000,4049.8000,4050.0000,4051.2000,4051.8000,4053.2000,1,1,1,2,1,1,2,1,1,5
SF,IF2006,2020-02-19 09:51:38.400,4049.4000,24269,-1,1536696060.000,1,0,1,双平,S,4049.0000,4048.2000,4048.0000,4047.6000,4046.8000,4049.8000,4050.0000,4051.2000,4051.8000,4053.2000,1,1,2,1,2,1,2,1,1,5
SF,IF2006,2020-02-19 09:51:38.900,4050.0000,24270,1,1539126000.000,2,1,1,空开,S,4049.0000,4048.2000,4048.0000,4047.6000,4046.8000,4050.0000,4051.2000,4051.8000,4053.2000,4053.8000,1,1,2,1,2,1,1,1,5,2
SF,IF2006,2020-02-19 09:51:39.400,4050.0000,24270,0,1539126000.000,0,-,-,-,-,4049.0000,4048.2000,4048.0000,4047.6000,4046.8000,4050.0000,4051.2000,4051.4000,4051.8000,4053.2000,1,1,2,1,2,1,1,1,1,5
SF,IF2006,2020-02-19 09:51:40.400,4050.0000,24270,0,1539126000.000,0,-,-,-,-,4049.0000,4048.2000,4048.0000,4047.6000,4046.8000,4051.2000,4051.4000,4051.8000,4053.2000,4053.8000,1,1,2,1,2,1,1,1,5,2
SF,IF2006,2020-02-19 09:51:40.900,4050.0000,24270,0,1539126000.000,0,-,-,-,-,4049.2000,4049.0000,4048.2000,4048.0000,4047.6000,4050.8000,4051.0000,4051.2000,4051.4000,4051.8000,1,1,1,2,1,2,4,3,1,1
SF,IF2006,2020-02-19 09:51:41.400,4050.0000,24270,0,1539126000.000,0,-,-,-,-,4049.2000,4049.0000,4048.2000,4048.0000,4047.6000,4050.6000,4050.8000,4051.0000,4051.2000,4051.4000,1,1,1,2,1,1,1,4,3,1
SF,IF2006,2020-02-19 09:51:41.900,4050.0000,24270,0,1539126000.000,0,-,-,-,-,4049.2000,4049.0000,4048.2000,4048.0000,4047.6000,4050.6000,4050.8000,4051.0000,4051.2000,4051.4000,1,1,1,2,1,1,1,4,3,1
SF,IF2006,2020-02-19 09:51:42.400,4050.0000,24270,0,1539126000.000,0,-,-,-,-,4049.4000,4049.2000,4049.0000,4048.2000,4048.0000,4050.8000,4051.0000,4051.2000,4051.4000,4051.8000,1,1,1,1,2,1,4,3,1,1
SF,IF2006,2020-02-19 09:51:42.900,4050.0000,24270,0,1539126000.000,0,-,-,-,-,4049.8000,4049.4000,4049.2000,4049.0000,4048.2000,4051.0000,4051.2000,4051.4000,4051.8000,4053.2000,1,1,1,1,1,4,3,1,1,3
SF,IF2006,2020-02-19 09:51:43.400,4050.0000,24270,0,1539126000.000,0,-,-,-,-,4050.0000,4049.6000,4049.0000,4048.2000,4048.0000,4051.2000,4051.4000,4051.8000,4053.2000,4053.8000,3,1,1,1,2,1,1,1,3,2
SF,IF2006,2020-02-19 09:51:43.900,4050.0000,24270,0,1539126000.000,0,-,-,-,-,4050.2000,4050.0000,4049.6000,4049.0000,4048.2000,4051.2000,4051.4000,4051.8000,4053.2000,4053.8000,2,2,1,1,1,1,1,1,3,2
SF,IF2006,2020-02-19 09:51:44.400,4050.0000,24270,0,1539126000.000,0,-,-,-,-,4050.4000,4050.2000,4050.0000,4049.6000,4049.0000,4051.2000,4051.4000,4051.8000,4053.2000,4053.8000,1,1,2,1,1,1,1,1,3,2
SF,IF2006,2020-02-19 09:51:44.900,4050.0000,24270,0,1539126000.000,0,-,-,-,-,4050.6000,4050.4000,4050.2000,4049.6000,4049.0000,4051.2000,4051.4000,4051.8000,4053.2000,4053.8000,2,1,1,1,1,1,1,1,3,2
SF,IF2006,2020-02-19 09:51:45.400,4051.2000,24269,-1,1540341360.000,1,0,1,双平,S,4050.6000,4050.4000,4050.2000,4049.6000,4049.0000,4051.4000,4051.8000,4053.2000,4053.8000,4054.0000,2,1,1,1,1,1,1,3,2,6
SF,IF2006,2020-02-19 09:51:45.900,4051.4000,24268,-1,1541556780.000,1,0,1,双平,S,4050.6000,4050.4000,4049.6000,4049.0000,4048.8000,4051.8000,4053.2000,4053.8000,4054.0000,4054.4000,2,1,1,1,1,1,3,2,6,6
SF,IF2006,2020-02-19 09:51:46.400,4051.8000,24267,-1,1542772320.000,1,0,1,双平,S,4051.0000,4050.8000,4050.6000,4050.4000,4049.6000,4053.2000,4053.8000,4054.0000,4054.4000,4055.0000,1,3,1,1,1,3,2,6,6,3
SF,IF2006,2020-02-19 09:51:46.900,4051.8000,24267,0,1542772320.000,0,-,-,-,-,4051.2000,4051.0000,4050.8000,4050.4000,4049.6000,4052.0000,4052.8000,4053.0000,4053.2000,4053.8000,1,1,2,1,1,1,2,2,2,2
SF,IF2006,2020-02-19 09:51:47.400,4052.0000,24266,-1,1543987920.000,1,0,1,双平,S,4051.2000,4051.0000,4050.4000,4049.6000,4049.0000,4052.8000,4053.0000,4053.2000,4053.8000,4054.0000,1,1,1,1,1,1,3,1,2,6
SF,IF2006,2020-02-19 09:51:48.400,4052.0000,24266,0,1543987920.000,0,-,-,-,-,4051.4000,4051.2000,4051.0000,4050.4000,4049.0000,4052.8000,4053.0000,4053.2000,4053.8000,4054.0000,1,1,1,1,1,1,2,1,2,6
SF,IF2006,2020-02-19 09:51:48.900,4052.0000,24266,0,1543987920.000,0,-,-,-,-,4051.4000,4051.2000,4050.4000,4049.0000,4048.8000,4052.8000,4053.0000,4053.2000,4053.8000,4054.0000,1,1,1,1,1,1,2,1,2,6
SF,IF2006,2020-02-19 09:51:49.400,4052.0000,24266,0,1543987920.000,0,-,-,-,-,4051.4000,4051.2000,4050.4000,4049.0000,4048.8000,4052.8000,4053.0000,4053.2000,4053.8000,4054.0000,1,1,1,1,1,1,2,1,2,6
SF,IF2006,2020-02-19 09:51:49.900,4052.0000,24266,0,1543987920.000,0,-,-,-,-,4051.4000,4051.2000,4050.4000,4049.0000,4048.8000,4052.6000,4052.8000,4053.0000,4053.2000,4053.8000,1,1,1,1,1,1,1,1,1,2
SF,IF2006,2020-02-19 09:51:50.400,4052.0000,24266,0,1543987920.000,0,-,-,-,-,4051.2000,4050.4000,4049.0000,4048.8000,4048.2000,4052.4000,4052.6000,4052.8000,4053.2000,4053.8000,1,1,1,1,1,1,1,1,1,2
SF,IF2006,2020-02-19 09:51:50.900,4052.0000,24266,0,1543987920.000,0,-,-,-,-,4051.2000,4050.4000,4049.0000,4048.8000,4048.2000,4052.2000,4052.4000,4052.6000,4053.2000,4053.8000,1,1,1,1,1,1,1,1,1,2
SF,IF2006,2020-02-19 09:51:51.400,4052.0000,24266,0,1543987920.000,0,-,-,-,-,4051.2000,4050.4000,4049.0000,4048.8000,4048.2000,4052.2000,4052.4000,4053.2000,4053.8000,4054.0000,1,1,1,1,1,1,1,1,2,6
SF,IF2006,2020-02-19 09:51:51.900,4052.0000,24266,0,1543987920.000,0,-,-,-,-,4051.2000,4050.4000,4049.0000,4048.8000,4048.2000,4051.4000,4052.2000,4052.4000,4053.2000,4053.8000,1,1,1,1,1,1,1,1,1,1
SF,IF2006,2020-02-19 09:51:52.400,4051.4000,24266,0,1545203340.000,1,0,1,多换,S,4050.4000,4049.0000,4048.8000,4048.2000,4048.0000,4053.2000,4053.8000,4054.0000,4054.4000,4055.0000,1,1,1,1,1,1,1,6,6,3
SF,IF2006,2020-02-19 09:51:52.900,4051.4000,24266,0,1545203340.000,0,-,-,-,-,4050.8000,4050.4000,4049.0000,4048.8000,4048.2000,4052.2000,4052.6000,4052.8000,4053.0000,4053.2000,1,1,1,1,1,2,1,2,6,1
SF,IF2006,2020-02-19 09:51:53.400,4051.4000,24266,0,1545203340.000,0,-,-,-,-,4050.4000,4049.0000,4048.8000,4048.2000,4048.0000,4051.8000,4052.0000,4052.8000,4053.0000,4053.2000,1,1,1,1,1,4,3,2,4,1
SF,IF2006,2020-02-19 09:51:53.900,4051.4000,24266,0,1545203340.000,0,-,-,-,-,4050.4000,4049.0000,4048.8000,4048.2000,4048.0000,4051.8000,4052.0000,4052.6000,4052.8000,4053.0000,1,1,1,1,1,3,3,1,2,4
SF,IF2006,2020-02-19 09:51:54.900,4051.4000,24266,0,1545203340.000,0,-,-,-,-,4050.4000,4049.0000,4048.8000,4048.2000,4048.0000,4051.8000,4052.0000,4052.6000,4052.8000,4053.0000,1,1,1,1,1,2,1,1,2,4
SF,IF2006,2020-02-19 09:51:55.400,4051.4000,24266,0,1545203340.000,0,-,-,-,-,4050.8000,4050.6000,4050.4000,4049.0000,4048.8000,4051.8000,4052.8000,4053.0000,4053.2000,4053.8000,1,4,1,1,1,1,1,4,1,1
SF,IF2006,2020-02-19 09:51:55.900,4051.8000,24266,0,1546418880.000,1,0,1,多换,S,4051.2000,4051.0000,4050.4000,4049.0000,4048.8000,4052.8000,4053.0000,4053.2000,4053.8000,4054.0000,1,4,1,1,1,2,4,1,1,6
SF,IF2006,2020-02-19 09:51:56.400,4051.8000,24266,0,1546418880.000,0,-,-,-,-,4051.4000,4051.2000,4051.0000,4050.6000,4050.4000,4052.8000,4053.0000,4053.2000,4053.8000,4054.0000,1,1,2,1,1,2,4,1,1,6
SF,IF2006,2020-02-19 09:51:56.900,4051.8000,24266,0,1546418880.000,0,-,-,-,-,4051.4000,4051.2000,4051.0000,4050.6000,4050.4000,4052.0000,4052.8000,4053.0000,4053.2000,4053.8000,1,1,1,1,1,1,1,1,1,1
SF,IF2006,2020-02-19 09:51:57.400,4052.0000,24266,0,1547634480.000,1,0,1,多换,S,4052.0000,4051.4000,4051.2000,4050.6000,4050.4000,4052.8000,4053.0000,4053.8000,4054.0000,4054.4000,1,1,1,1,1,1,1,1,6,6
SF,IF2006,2020-02-19 09:51:57.900,4051.2000,24266,0,1550065260.000,2,1,1,多换,S,4050.6000,4050.4000,4049.0000,4048.8000,4048.2000,4052.8000,4053.8000,4054.0000,4054.4000,4055.0000,1,1,1,1,1,1,1,6,6,4
SF,IF2006,2020-02-19 09:51:58.400,4052.8000,24263,-3,1553712720.000,3,0,3,双平,S,4051.2000,4051.0000,4050.8000,4050.6000,4050.4000,4053.8000,4054.0000,4054.4000,4055.0000,4055.2000,1,3,2,1,1,1,6,6,4,1
SF,IF2006,2020-02-19 09:51:58.900,4052.8000,24263,0,1553712720.000,0,-,-,-,-,4051.2000,4051.0000,4050.8000,4050.6000,4050.4000,4053.0000,4053.2000,4053.4000,4053.6000,4053.8000,2,2,1,1,1,1,3,1,3,1
SF,IF2006,2020-02-19 09:51:59.400,4052.8000,24263,0,1553712720.000,0,-,-,-,-,4051.2000,4051.0000,4050.8000,4050.6000,4050.4000,4053.0000,4053.2000,4053.6000,4053.8000,4054.0000,2,2,1,1,1,1,3,3,1,6
SF,IF2006,2020-02-19 09:51:59.900,4052.8000,24263,0,1553712720.000,0,-,-,-,-,4051.4000,4051.2000,4051.0000,4050.8000,4050.6000,4053.0000,4053.2000,4053.6000,4053.8000,4054.0000,1,2,2,1,1,1,3,3,1,6
SF,IF2006,2020-02-19 09:52:00.400,4053.0000,24262,-1,1554928620.000,1,0,1,双平,S,4051.4000,4051.2000,4050.8000,4050.6000,4050.4000,4053.2000,4053.6000,4053.8000,4054.0000,4054.4000,3,1,1,1,1,3,3,1,6,6
SF,IF2006,2020-02-19 09:52:00.900,4053.0000,24262,0,1554928620.000,0,-,-,-,-,4051.8000,4051.6000,4051.4000,4050.8000,4050.6000,4053.2000,4053.6000,4053.8000,4054.0000,4054.4000,1,1,3,1,1,3,3,1,6,6
SF,IF2006,2020-02-19 09:52:01.400,4053.2000,24262,0,1556144580.000,1,0,1,多换,S,4051.8000,4051.6000,4051.4000,4050.8000,4050.6000,4053.2000,4053.6000,4053.8000,4054.0000,4054.4000,1,1,2,1,1,2,3,1,6,6
SF,IF2006,2020-02-19 09:52:01.900,4053.2000,24260,-2,1558576500.000,2,0,2,双平,S,4052.4000,4052.2000,4052.0000,4051.8000,4051.6000,4053.6000,4053.8000,4054.0000,4054.4000,4055.0000,1,2,1,1,1,3,1,6,6,4
SF,IF2006,2020-02-19 09:52:02.400,4053.2000,24260,0,1558576500.000,0,-,-,-,-,4052.8000,4052.6000,4052.0000,4051.6000,4051.4000,4053.8000,4054.0000,4054.4000,4055.0000,4055.2000,1,4,1,1,1,1,6,6,4,1
SF,IF2006,2020-02-19 09:52:02.900,4053.2000,24260,0,1558576500.000,0,-,-,-,-,4053.2000,4053.0000,4052.6000,4052.0000,4051.6000,4053.8000,4054.0000,4054.4000,4055.0000,4055.2000,1,3,1,1,1,1,6,6,4,1
SF,IF2006,2020-02-19 09:52:03.400,4053.8000,24259,-1,1559792640.000,1,0,1,双平,S,4053.6000,4052.0000,4051.6000,4051.4000,4051.0000,4054.0000,4054.4000,4055.0000,4055.2000,4055.8000,1,2,1,1,2,6,6,4,1,2
SF,IF2006,2020-02-19 09:52:03.900,4054.0000,24256,-3,1564657440.000,4,0,4,多平,S,4052.0000,4051.6000,4051.4000,4051.0000,4050.8000,4054.0000,4054.4000,4055.0000,4055.2000,4055.8000,2,1,1,2,1,2,6,4,1,2
SF,IF2006,2020-02-19 09:52:04.400,4054.0000,24256,0,1564657440.000,0,-,-,-,-,4053.2000,4053.0000,4052.8000,4052.2000,4052.0000,4054.0000,4054.4000,4055.0000,4055.2000,4055.8000,2,1,1,1,1,2,6,4,1,2
SF,IF2006,2020-02-19 09:52:04.900,4054.0000,24256,0,1564657440.000,0,-,-,-,-,4053.2000,4053.0000,4052.2000,4052.0000,4051.6000,4054.0000,4054.4000,4055.0000,4055.2000,4055.8000,3,1,1,1,1,2,6,4,1,2
SF,IF2006,2020-02-19 09:52:05.400,4053.2000,24255,-1,1565873400.000,1,0,1,双平,S,4053.2000,4053.0000,4052.0000,4051.6000,4051.4000,4054.0000,4054.4000,4055.0000,4055.2000,4055.8000,2,1,1,1,1,2,6,4,1,2
SF,IF2006,2020-02-19 09:52:05.900,4053.2000,24255,0,1565873400.000,0,-,-,-,-,4053.2000,4052.0000,4051.4000,4051.0000,4050.0000,4054.0000,4054.4000,4055.0000,4055.2000,4055.8000,1,1,1,2,1,2,6,4,1,2
SF,IF2006,2020-02-19 09:52:06.900,4053.2000,24255,0,1567089360.000,1,0,1,多换,S,4052.0000,4051.4000,4051.0000,4050.0000,4049.0000,4054.0000,4054.4000,4055.0000,4055.2000,4055.8000,1,1,2,1,1,2,6,4,1,2
SF,IF2006,2020-02-19 09:52:07.400,4053.2000,24255,0,1567089360.000,0,-,-,-,-,4052.8000,4052.6000,4052.4000,4052.2000,4052.0000,4054.0000,4054.4000,4055.0000,4055.2000,4055.8000,1,2,1,1,1,2,6,4,1,2
SF,IF2006,2020-02-19 09:52:07.900,4053.2000,24255,0,1567089360.000,0,-,-,-,-,4052.8000,4052.6000,4052.4000,4052.0000,4051.4000,4054.0000,4054.4000,4055.0000,4055.2000,4055.8000,1,2,1,1,1,2,6,4,1,2
SF,IF2006,2020-02-19 09:52:08.400,4053.2000,24255,0,1567089360.000,0,-,-,-,-,4053.0000,4052.8000,4052.6000,4052.4000,4052.0000,4054.0000,4054.4000,4055.0000,4055.2000,4055.8000,2,1,1,1,1,2,6,4,1,2
SF,IF2006,2020-02-19 09:52:08.900,4054.0000,24254,-1,1568305560.000,1,0,1,双平,S,4053.2000,4053.0000,4052.4000,4052.0000,4051.4000,4054.0000,4054.4000,4055.0000,4055.2000,4055.8000,3,1,1,1,1,1,6,4,1,2
SF,IF2006,2020-02-19 09:52:09.400,4054.0000,24253,-1,1569521760.000,1,0,1,双平,S,4053.2000,4053.0000,4052.4000,4052.0000,4051.4000,4054.4000,4055.0000,4055.2000,4055.8000,4056.2000,3,1,1,1,1,6,4,1,2,1
SF,IF2006,2020-02-19 09:52:09.900,4054.0000,24253,0,1569521760.000,0,-,-,-,-,4054.0000,4053.2000,4053.0000,4052.4000,4052.0000,4054.4000,4055.0000,4055.2000,4055.8000,4056.2000,1,3,1,1,1,6,4,1,2,1
SF,IF2006,2020-02-19 09:52:10.400,4054.0000,24253,0,1569521760.000,0,-,-,-,-,4054.0000,4053.2000,4052.4000,4052.0000,4051.4000,4054.4000,4055.0000,4055.2000,4055.8000,4056.2000,1,3,1,1,1,6,4,1,2,1
SF,IF2006,2020-02-19 09:52:10.900,4052.4000,24252,-1,1574385600.000,4,1,3,多平,S,4052.0000,4051.4000,4051.2000,4051.0000,4050.0000,4054.0000,4054.2000,4054.4000,4055.0000,4055.2000,1,1,1,2,1,2,2,8,4,1
SF,IF2006,2020-02-19 09:52:11.400,4054.0000,24255,3,1581682500.000,6,4,2,空开,S,4052.6000,4052.2000,4052.0000,4051.4000,4051.2000,4054.0000,4054.2000,4054.4000,4055.0000,4055.2000,2,3,1,1,1,1,2,6,4,1
SF,IF2006,2020-02-19 09:52:11.900,4054.0000,24255,0,1581682500.000,0,-,-,-,-,4052.2000,4052.0000,4051.4000,4051.2000,4051.0000,4053.8000,4054.0000,4054.4000,4055.0000,4055.2000,2,1,1,1,2,6,1,6,4,1
SF,IF2006,2020-02-19 09:52:12.400,4054.0000,24255,0,1581682500.000,0,-,-,-,-,4052.4000,4052.2000,4052.0000,4051.4000,4051.2000,4053.8000,4054.0000,4054.4000,4055.0000,4055.2000,4,1,1,1,1,2,1,6,4,1
SF,IF2006,2020-02-19 09:52:12.900,4054.0000,24255,0,1581682500.000,0,-,-,-,-,4052.4000,4052.2000,4052.0000,4051.4000,4051.2000,4054.0000,4054.4000,4055.0000,4055.2000,4055.8000,4,1,1,1,1,1,6,4,1,2
SF,IF2006,2020-02-19 09:52:13.400,4054.0000,24255,0,1581682500.000,0,-,-,-,-,4052.8000,4052.6000,4052.4000,4052.0000,4051.4000,4053.8000,4054.0000,4054.4000,4055.0000,4055.2000,2,3,1,1,1,1,1,6,4,1
SF,IF2006,2020-02-19 09:52:13.900,4053.8000,24255,0,1582898640.000,1,0,1,多换,S,4052.8000,4052.6000,4052.0000,4051.4000,4051.2000,4054.0000,4054.4000,4055.0000,4055.2000,4055.8000,2,3,1,1,1,1,6,4,1,2
SF,IF2006,2020-02-19 09:52:14.400,4054.0000,24254,-1,1584114840.000,1,0,1,双平,S,4054.0000,4053.2000,4053.0000,4052.8000,4052.0000,4054.4000,4055.0000,4055.2000,4055.8000,4056.2000,1,1,4,1,1,6,4,1,2,1
SF,IF2006,2020-02-19 09:52:14.900,4054.4000,24254,0,1591412760.000,6,3,3,多换,S,4052.0000,4051.4000,4051.2000,4051.0000,4048.0000,4055.0000,4055.2000,4055.8000,4056.2000,4056.4000,1,1,1,2,2,4,1,2,1,1
SF,IF2006,2020-02-19 09:52:15.400,4054.4000,24254,0,1591412760.000,0,-,-,-,-,4053.6000,4053.4000,4053.0000,4052.8000,4052.6000,4055.0000,4055.2000,4055.8000,4056.2000,4056.4000,1,2,1,2,3,4,1,2,1,1
SF,IF2006,2020-02-19 09:52:15.900,4054.4000,24254,0,1591412760.000,0,-,-,-,-,4054.0000,4053.8000,4052.8000,4052.6000,4052.4000,4055.0000,4055.2000,4055.8000,4056.2000,4056.4000,2,2,2,1,1,4,1,2,1,1
SF,IF2006,2020-02-19 09:52:16.400,4054.4000,24254,0,1591412760.000,0,-,-,-,-,4054.6000,4054.4000,4054.2000,4054.0000,4052.8000,4055.0000,4055.2000,4055.8000,4056.2000,4056.4000,1,1,3,1,3,4,1,2,1,1
SF,IF2006,2020-02-19 09:52:16.900,4055.0000,24251,-3,1596278760.000,4,0,4,多平,S,4055.0000,4054.4000,4054.2000,4054.0000,4052.8000,4055.2000,4055.8000,4056.2000,4056.4000,4057.8000,1,1,1,1,3,1,2,1,1,3
SF,IF2006,2020-02-19 09:52:17.400,4055.0000,24250,-1,1598711760.000,2,0,2,多平,S,4054.4000,4054.2000,4054.0000,4052.8000,4052.6000,4055.2000,4055.8000,4056.2000,4056.4000,4057.8000,1,1,1,3,1,1,2,1,1,3
SF,IF2006,2020-02-19 09:52:17.900,4055.2000,24250,0,1599928320.000,1,0,1,多换,S,4055.2000,4054.8000,4054.6000,4052.8000,4052.6000,4055.8000,4056.2000,4056.4000,4057.8000,4058.0000,2,1,1,3,1,2,1,1,3,1
SF,IF2006,2020-02-19 09:52:18.400,4055.8000,24249,-1,1604794920.000,4,1,3,多平,S,4054.8000,4054.6000,4052.8000,4052.6000,4052.4000,4056.2000,4056.4000,4057.8000,4058.0000,4058.8000,1,1,3,1,1,1,1,3,1,4
SF,IF2006,2020-02-19 09:52:18.900,4055.8000,24249,0,1604794920.000,0,-,-,-,-,4054.8000,4054.6000,4052.8000,4052.6000,4052.4000,4056.0000,4056.2000,4056.4000,4057.8000,4058.0000,1,1,3,1,1,1,1,1,3,1
SF,IF2006,2020-02-19 09:52:19.400,4056.0000,24248,-1,1606011720.000,1,0,1,双平,S,4055.0000,4054.8000,4054.6000,4052.8000,4052.6000,4056.2000,4056.4000,4057.8000,4058.0000,4058.8000,2,2,1,3,1,1,1,3,1,4
SF,IF2006,2020-02-19 09:52:19.900,4056.0000,24248,0,1606011720.000,0,-,-,-,-,4054.8000,4054.6000,4052.8000,4052.6000,4052.4000,4056.2000,4056.4000,4057.8000,4058.0000,4058.8000,2,1,2,1,1,1,1,3,1,4
SF,IF2006,2020-02-19 09:52:20.400,4056.0000,24248,0,1606011720.000,0,-,-,-,-,4055.2000,4055.0000,4054.8000,4052.8000,4052.4000,4056.2000,4056.4000,4057.8000,4058.0000,4058.8000,5,1,1,2,1,1,1,3,1,4
SF,IF2006,2020-02-19 09:52:20.900,4056.0000,24248,0,1606011720.000,0,-,-,-,-,4055.2000,4055.0000,4054.8000,4054.2000,4052.8000,4056.2000,4056.4000,4057.8000,4058.0000,4058.8000,3,1,1,1,2,1,1,3,1,4
SF,IF2006,2020-02-19 09:52:21.400,4056.0000,24248,0,1606011720.000,0,-,-,-,-,4055.2000,4055.0000,4054.8000,4054.2000,4052.8000,4056.0000,4056.2000,4056.4000,4057.8000,4058.0000,3,1,1,1,2,1,1,1,3,1
SF,IF2006,2020-02-19 09:52:21.900,4056.0000,24248,0,1606011720.000,0,-,-,-,-,4055.2000,4055.0000,4054.8000,4054.2000,4052.8000,4056.0000,4056.2000,4056.4000,4057.8000,4058.0000,3,1,1,1,2,1,1,1,3,1
SF,IF2006,2020-02-19 09:52:22.400,4056.0000,24248,0,1606011720.000,0,-,-,-,-,4055.2000,4055.0000,4054.8000,4054.2000,4052.8000,4056.2000,4056.4000,4057.8000,4058.0000,4058.8000,3,1,1,1,2,1,1,3,1,4
SF,IF2006,2020-02-19 09:52:22.900,4055.4000,24248,0,1607228340.000,1,0,1,多换,S,4056.0000,4055.2000,4055.0000,4054.8000,4054.2000,4056.2000,4056.4000,4057.8000,4058.0000,4058.8000,7,3,1,1,1,1,1,3,1,4
SF,IF2006,2020-02-19 09:52:23.400,4056.2000,24247,-1,1608445200.000,1,0,1,双平,S,4056.0000,4055.2000,4055.0000,4054.8000,4054.2000,4056.4000,4057.8000,4058.0000,4058.4000,4058.8000,7,2,1,1,1,1,3,1,2,4
SF,IF2006,2020-02-19 09:52:23.900,4056.4000,24246,-1,1609662120.000,1,0,1,双平,S,4056.0000,4054.8000,4054.2000,4052.8000,4052.4000,4057.8000,4058.0000,4058.4000,4058.8000,4059.0000,7,1,1,2,1,3,1,2,4,1
SF,IF2006,2020-02-19 09:52:24.400,4056.0000,24246,0,1612095720.000,2,1,1,多换,S,4056.0000,4055.4000,4054.8000,4054.2000,4052.8000,4057.2000,4057.4000,4057.6000,4057.8000,4058.4000,5,1,1,1,2,1,3,8,3,2
SF,IF2006,2020-02-19 09:52:24.900,4056.0000,24246,0,1612095720.000,0,-,-,-,-,4056.4000,4056.0000,4055.4000,4054.8000,4054.2000,4057.0000,4057.2000,4057.4000,4057.6000,4057.8000,2,5,1,1,1,3,1,2,6,3
SF,IF2006,2020-02-19 09:52:25.400,4056.4000,24246,0,1613312640.000,1,0,1,多换,S,4056.4000,4056.0000,4055.4000,4054.8000,4054.2000,4057.2000,4057.4000,4057.6000,4057.8000,4058.8000,1,5,1,1,1,1,2,6,3,3
SF,IF2006,2020-02-19 09:52:25.900,4056.4000,24246,0,1614529560.000,1,0,1,多换,S,4056.0000,4055.4000,4054.8000,4054.2000,4052.8000,4057.2000,4057.4000,4057.6000,4057.8000,4058.8000,5,1,1,1,2,1,2,6,3,3
SF,IF2006,2020-02-19 09:52:26.400,4057.0000,24247,1,1615746660.000,1,1,0,双开,S,4056.0000,4055.4000,4054.8000,4054.2000,4052.8000,4057.0000,4057.2000,4057.4000,4057.6000,4057.8000,5,1,1,1,2,2,1,2,6,3
SF,IF2006,2020-02-19 09:52:26.900,4056.0000,24245,-2,1618180260.000,2,0,2,双平,S,4056.0000,4054.8000,4054.2000,4052.8000,4052.4000,4056.4000,4057.0000,4057.2000,4057.4000,4057.6000,3,1,1,2,1,1,2,1,2,5
SF,IF2006,2020-02-19 09:52:27.400,4057.0000,24241,-4,1624264680.000,5,0,5,多平,S,4054.8000,4054.2000,4052.8000,4052.4000,4052.2000,4056.6000,4056.8000,4057.0000,4057.4000,4057.6000,1,1,2,1,3,1,1,1,1,5
SF,IF2006,2020-02-19 09:52:27.900,4057.0000,24241,0,1624264680.000,0,-,-,-,-,4055.0000,4054.8000,4054.2000,4052.8000,4052.4000,4056.4000,4056.8000,4057.4000,4057.6000,4057.8000,2,1,1,2,1,1,1,1,5,3
SF,IF2006,2020-02-19 09:52:28.400,4057.0000,24241,0,1624264680.000,0,-,-,-,-,4055.4000,4055.2000,4055.0000,4054.8000,4054.2000,4056.8000,4057.4000,4057.6000,4057.8000,4058.8000,1,1,2,1,1,1,1,5,3,3
SF,IF2006,2020-02-19 09:52:28.900,4057.0000,24241,0,1624264680.000,0,-,-,-,-,4055.2000,4055.0000,4054.8000,4054.2000,4052.8000,4056.8000,4057.4000,4057.6000,4057.8000,4058.8000,1,2,1,1,2,1,1,5,3,3
SF,IF2006,2020-02-19 09:52:29.400,4057.0000,24241,0,1624264680.000,0,-,-,-,-,4056.4000,4055.2000,4055.0000,4054.8000,4054.2000,4056.6000,4056.8000,4057.4000,4057.6000,4057.8000,1,1,2,1,1,5,1,1,5,3
SF,IF2006,2020-02-19 09:52:29.900,4056.4000,24240,-1,1625481600.000,1,0,1,双平,S,4055.2000,4055.0000,4054.8000,4054.2000,4052.8000,4056.6000,4056.8000,4057.6000,4057.8000,4058.8000,1,1,1,1,2,2,1,5,3,3
SF,IF2006,2020-02-19 09:52:30.400,4056.4000,24240,0,1625481600.000,0,-,-,-,-,4055.2000,4055.0000,4054.8000,4054.2000,4052.8000,4056.0000,4056.4000,4056.6000,4057.6000,4057.8000,1,1,1,1,2,1,1,1,5,3
SF,IF2006,2020-02-19 09:52:30.900,4056.4000,24240,0,1626698520.000,1,0,1,多换,S,4055.0000,4054.8000,4054.2000,4052.8000,4052.4000,4056.4000,4056.6000,4057.6000,4057.8000,4058.8000,1,1,1,2,1,2,1,5,3,3
SF,IF2006,2020-02-19 09:52:31.400,4056.4000,24240,0,1626698520.000,0,-,-,-,-,4055.0000,4054.8000,4054.2000,4052.8000,4052.4000,4056.0000,4056.4000,4056.6000,4057.6000,4057.8000,1,1,1,2,1,1,2,1,5,3
SF,IF2006,2020-02-19 09:52:31.900,4056.4000,24240,0,1626698520.000,0,-,-,-,-,4056.0000,4055.2000,4055.0000,4054.8000,4054.2000,4056.4000,4056.6000,4056.8000,4057.0000,4057.2000,8,1,1,1,1,2,1,1,1,1
SF,IF2006,2020-02-19 09:52:32.400,4056.0000,24232,-8,1636432920.000,8,0,8,双平,S,4055.0000,4054.8000,4054.2000,4052.8000,4052.4000,4056.0000,4056.4000,4056.6000,4056.8000,4057.2000,1,1,1,2,1,2,2,1,1,1
SF,IF2006,2020-02-19 09:52:32.900,4056.0000,24232,0,1636432920.000,0,-,-,-,-,4055.0000,4054.8000,4054.2000,4052.8000,4052.4000,4056.0000,4056.4000,4056.8000,4057.2000,4057.6000,2,1,1,2,1,1,1,1,1,5
SF,IF2006,2020-02-19 09:52:33.400,4056.0000,24232,0,1636432920.000,0,-,-,-,-,4055.0000,4054.8000,4054.2000,4052.8000,4052.4000,4055.8000,4056.4000,4056.8000,4057.2000,4057.6000,2,1,1,2,1,1,1,1,1,5
SF,IF2006,2020-02-19 09:52:33.900,4056.0000,24232,0,1636432920.000,0,-,-,-,-,4055.0000,4054.8000,4054.2000,4052.8000,4052.4000,4055.2000,4055.4000,4055.8000,4056.0000,4056.4000,2,1,1,2,1,1,3,1,1,1
SF,IF2006,2020-02-19 09:52:34.400,4055.8000,24232,0,1642515840.000,5,2,3,多换,S,4054.8000,4054.2000,4052.8000,4052.4000,4052.2000,4056.4000,4056.8000,4057.0000,4057.2000,4057.6000,1,1,2,1,3,1,1,1,1,5
SF,IF2006,2020-02-19 09:52:34.900,4055.8000,24232,0,1642515840.000,0,-,-,-,-,4054.8000,4054.2000,4052.8000,4052.4000,4052.2000,4055.4000,4056.0000,4056.2000,4056.4000,4056.6000,1,1,2,1,3,1,4,1,1,2
SF,IF2006,2020-02-19 09:52:35.400,4055.4000,24231,-1,1643732460.000,1,0,1,双平,S,4055.4000,4054.8000,4054.2000,4052.8000,4052.4000,4056.0000,4056.2000,4056.4000,4056.6000,4056.8000,1,1,1,2,1,6,1,1,1,1
SF,IF2006,2020-02-19 09:52:35.900,4056.0000,24232,1,1644949260.000,1,1,0,双开,S,4055.4000,4054.8000,4054.2000,4052.8000,4052.4000,4056.0000,4056.2000,4056.4000,4056.6000,4056.8000,1,1,1,2,1,1,1,2,1,1
SF,IF2006,2020-02-19 09:52:36.400,4056.0000,24232,0,1644949260.000,0,-,-,-,-,4054.8000,4054.2000,4052.8000,4052.4000,4052.2000,4056.2000,4056.4000,4056.8000,4057.2000,4057.6000,1,1,2,1,3,1,2,1,1,5
SF,IF2006,2020-02-19 09:52:36.900,4056.0000,24232,0,1644949260.000,0,-,-,-,-,4055.0000,4054.8000,4054.2000,4052.8000,4052.4000,4056.4000,4056.8000,4057.2000,4057.6000,4057.8000,2,1,1,2,1,2,1,1,5,3
SF,IF2006,2020-02-19 09:52:37.400,4056.0000,24232,0,1644949260.000,0,-,-,-,-,4055.6000,4055.4000,4055.2000,4054.8000,4054.2000,4056.4000,4056.8000,4057.2000,4057.6000,4057.8000,1,2,2,1,1,2,1,1,5,3
SF,IF2006,2020-02-19 09:52:37.900,4056.0000,24232,0,1644949260.000,0,-,-,-,-,4055.6000,4055.2000,4054.8000,4054.2000,4052.8000,4056.4000,4057.2000,4057.6000,4057.8000,4058.8000,1,2,1,1,2,2,1,5,3,3
SF,IF2006,2020-02-19 09:52:38.400,4056.0000,24232,0,1644949260.000,0,-,-,-,-,4055.2000,4054.8000,4054.2000,4052.8000,4052.4000,4056.0000,4056.4000,4057.2000,4057.6000,4057.8000,1,1,1,2,1,1,2,1,5,3
SF,IF2006,2020-02-19 09:52:38.900,4056.0000,24232,0,1644949260.000,0,-,-,-,-,4054.8000,4054.2000,4052.8000,4052.4000,4052.2000,4056.0000,4056.4000,4057.2000,4057.6000,4057.8000,1,1,2,1,3,1,2,1,5,3
SF,IF2006,2020-02-19 09:52:39.400,4056.0000,24232,0,1644949260.000,0,-,-,-,-,4054.8000,4054.2000,4052.8000,4052.4000,4052.2000,4056.0000,4056.4000,4057.2000,4057.6000,4057.8000,1,1,2,1,3,1,2,1,5,3
SF,IF2006,2020-02-19 09:52:42.400,4056.0000,24232,0,1644949260.000,0,-,-,-,-,4054.8000,4054.2000,4052.8000,4052.4000,4052.2000,4056.0000,4056.4000,4057.0000,4057.2000,4057.6000,1,1,2,1,3,1,2,1,1,5
SF,IF2006,2020-02-19 09:52:43.400,4056.0000,24232,0,1644949260.000,0,-,-,-,-,4054.8000,4054.2000,4052.8000,4052.4000,4052.2000,4055.8000,4056.0000,4056.4000,4057.0000,4057.2000,1,1,2,1,3,1,1,2,1,1
SF,IF2006,2020-02-19 09:52:43.900,4056.0000,24232,0,1644949260.000,0,-,-,-,-,4054.8000,4054.2000,4052.8000,4052.4000,4052.2000,4055.8000,4056.0000,4056.4000,4057.0000,4057.2000,1,1,2,1,3,2,1,2,1,1
SF,IF2006,2020-02-19 09:52:44.400,4054.8000,24232,0,1646165700.000,1,0,1,多换,S,4054.2000,4052.8000,4052.4000,4052.2000,4052.0000,4055.6000,4055.8000,4056.0000,4056.4000,4057.0000,1,2,1,3,1,1,2,1,2,1
SF,IF2006,2020-02-19 09:52:44.900,4054.2000,24232,0,1647381960.000,1,0,1,多换,S,4052.8000,4052.4000,4052.2000,4052.0000,4051.2000,4055.4000,4055.6000,4055.8000,4056.0000,4056.4000,2,1,3,1,1,3,1,1,1,2
SF,IF2006,2020-02-19 09:52:45.400,4055.4000,24233,1,1653464940.000,5,3,2,空开,S,4053.6000,4053.2000,4053.0000,4052.8000,4052.2000,4055.4000,4055.8000,4056.0000,4056.4000,4057.0000,1,4,1,1,2,1,1,1,2,1
SF,IF2006,2020-02-19 09:52:45.900,4055.4000,24233,0,1653464940.000,0,-,-,-,-,4053.8000,4053.6000,4053.2000,4052.2000,4052.0000,4055.8000,4056.0000,4056.4000,4057.0000,4057.2000,1,1,2,2,1,2,1,2,1,1
SF,IF2006,2020-02-19 09:52:46.400,4055.4000,24233,0,1653464940.000,0,-,-,-,-,4053.6000,4053.2000,4052.2000,4052.0000,4051.2000,4055.0000,4055.4000,4055.8000,4056.0000,4056.4000,1,1,2,1,1,1,1,1,2,2
SF,IF2006,2020-02-19 09:52:46.900,4055.4000,24233,0,1653464940.000,0,-,-,-,-,4053.6000,4053.2000,4052.2000,4052.0000,4051.2000,4055.0000,4055.4000,4055.8000,4056.0000,4056.4000,1,1,2,1,1,1,1,1,2,2
SF,IF2006,2020-02-19 09:52:47.400,4055.4000,24233,0,1653464940.000,0,-,-,-,-,4053.6000,4053.2000,4052.2000,4052.0000,4051.2000,4054.4000,4055.0000,4055.4000,4055.8000,4056.0000,1,1,2,1,1,2,1,1,1,2
SF,IF2006,2020-02-19 09:52:47.900,4055.4000,24233,0,1653464940.000,0,-,-,-,-,4053.6000,4053.2000,4052.2000,4052.0000,4051.2000,4055.0000,4055.4000,4055.8000,4056.0000,4056.4000,1,1,2,1,1,1,1,1,2,2
SF,IF2006,2020-02-19 09:52:48.900,4055.4000,24233,0,1653464940.000,0,-,-,-,-,4053.6000,4052.2000,4052.0000,4051.2000,4051.0000,4055.0000,4055.4000,4055.8000,4056.0000,4056.4000,1,2,1,1,2,1,1,1,2,2
SF,IF2006,2020-02-19 09:52:49.400,4055.4000,24233,0,1653464940.000,0,-,-,-,-,4053.8000,4053.6000,4052.2000,4052.0000,4051.2000,4055.0000,4055.4000,4055.8000,4056.0000,4056.4000,3,1,2,1,1,1,1,1,2,2
SF,IF2006,2020-02-19 09:52:49.900,4055.0000,24233,0,1654681440.000,1,0,1,多换,S,4054.2000,4053.6000,4052.2000,4052.0000,4051.2000,4055.8000,4056.0000,4056.4000,4056.6000,4057.0000,3,1,2,1,1,1,1,2,1,3
SF,IF2006,2020-02-19 09:52:50.400,4055.0000,24233,0,1654681440.000,0,-,-,-,-,4054.4000,4054.2000,4052.2000,4052.0000,4051.2000,4055.8000,4056.0000,4056.4000,4057.0000,4057.2000,1,4,2,1,1,1,1,2,3,1
SF,IF2006,2020-02-19 09:52:50.900,4055.0000,24233,0,1654681440.000,0,-,-,-,-,4054.6000,4054.4000,4054.2000,4052.2000,4052.0000,4055.8000,4056.0000,4056.4000,4057.0000,4057.2000,3,1,1,2,1,1,1,2,3,1
SF,IF2006,2020-02-19 09:52:51.400,4055.0000,24233,0,1654681440.000,0,-,-,-,-,4054.6000,4054.4000,4054.2000,4052.2000,4052.0000,4055.4000,4055.8000,4056.0000,4056.4000,4057.0000,3,1,1,2,1,1,1,2,2,3
SF,IF2006,2020-02-19 09:52:51.900,4055.0000,24233,0,1654681440.000,0,-,-,-,-,4054.6000,4054.4000,4054.2000,4052.2000,4052.0000,4055.8000,4056.0000,4056.4000,4057.0000,4057.2000,4,1,1,2,1,1,1,2,3,1
SF,IF2006,2020-02-19 09:52:52.400,4055.0000,24233,0,1654681440.000,0,-,-,-,-,4055.0000,4054.8000,4054.6000,4054.4000,4054.2000,4055.8000,4056.0000,4056.4000,4057.0000,4057.2000,3,2,1,1,1,1,1,2,1,1
SF,IF2006,2020-02-19 09:52:52.900,4055.8000,24232,-1,1655898180.000,1,0,1,双平,S,4055.0000,4054.8000,4054.6000,4054.2000,4052.2000,4056.0000,4056.4000,4057.0000,4057.2000,4057.6000,3,1,1,1,2,1,2,1,1,3
SF,IF2006,2020-02-19 09:52:53.400,4056.0000,24232,0,1657114980.000,1,0,1,多换,S,4055.4000,4055.2000,4054.6000,4054.2000,4052.2000,4056.4000,4057.0000,4057.2000,4057.6000,4057.8000,3,4,1,1,2,2,1,1,3,3
SF,IF2006,2020-02-19 09:52:53.900,4056.0000,24232,0,1657114980.000,0,-,-,-,-,4055.4000,4055.2000,4054.6000,4054.2000,4052.2000,4056.4000,4057.0000,4057.2000,4057.6000,4057.8000,3,4,1,1,2,2,1,1,3,3
SF,IF2006,2020-02-19 09:52:54.900,4056.0000,24232,0,1657114980.000,0,-,-,-,-,4055.8000,4055.6000,4055.4000,4055.2000,4054.6000,4056.4000,4057.0000,4057.2000,4057.6000,4057.8000,1,2,2,2,1,2,1,1,3,3
SF,IF2006,2020-02-19 09:52:55.400,4056.0000,24232,0,1657114980.000,0,-,-,-,-,4055.8000,4055.6000,4055.2000,4054.6000,4054.2000,4056.4000,4057.0000,4057.2000,4057.6000,4057.8000,1,1,2,1,1,2,1,1,3,3
SF,IF2006,2020-02-19 09:52:55.900,4056.4000,24231,-1,1659548820.000,2,0,2,多平,S,4056.4000,4056.0000,4055.8000,4054.6000,4054.2000,4057.0000,4057.2000,4057.6000,4057.8000,4058.8000,1,3,1,1,1,1,1,2,3,3
SF,IF2006,2020-02-19 09:52:56.400,4056.4000,24231,0,1659548820.000,0,-,-,-,-,4056.4000,4056.0000,4054.6000,4054.2000,4052.2000,4057.0000,4057.2000,4057.6000,4057.8000,4058.8000,1,3,1,1,2,1,1,1,3,3
SF,IF2006,2020-02-19 09:52:56.900,4056.4000,24231,0,1659548820.000,0,-,-,-,-,4056.6000,4056.4000,4056.0000,4054.6000,4054.2000,4057.0000,4057.2000,4057.6000,4057.8000,4058.8000,1,1,3,1,1,1,1,1,3,3
SF,IF2006,2020-02-19 09:52:57.400,4056.6000,24231,0,1660765800.000,1,0,1,多换,S,4056.4000,4056.0000,4054.6000,4054.2000,4052.2000,4057.0000,4057.2000,4057.8000,4058.8000,4059.0000,1,1,1,1,2,1,1,3,3,1
SF,IF2006,2020-02-19 09:52:57.900,4056.6000,24231,0,1660765800.000,0,-,-,-,-,4056.4000,4056.0000,4054.6000,4052.2000,4052.0000,4057.0000,4057.2000,4057.8000,4058.8000,4059.0000,1,1,1,2,3,1,1,3,3,1
SF,IF2006,2020-02-19 09:52:59.400,4056.6000,24231,0,1660765800.000,0,-,-,-,-,4056.4000,4056.0000,4055.0000,4054.6000,4052.2000,4057.0000,4057.2000,4057.8000,4058.8000,4059.0000,1,1,1,1,2,1,1,3,3,1
SF,IF2006,2020-02-19 09:52:59.900,4056.6000,24231,0,1660765800.000,0,-,-,-,-,4056.4000,4056.0000,4055.0000,4054.6000,4052.2000,4057.0000,4057.2000,4057.8000,4058.8000,4059.0000,1,1,1,1,2,2,1,3,3,1
SF,IF2006,2020-02-19 09:53:00.900,4056.4000,24231,0,1661982720.000,1,0,1,多换,S,4056.0000,4055.0000,4054.6000,4052.2000,4052.0000,4057.0000,4057.2000,4057.8000,4058.8000,4059.0000,1,1,1,2,3,2,1,3,3,1
SF,IF2006,2020-02-19 09:53:01.400,4056.4000,24231,0,1661982720.000,0,-,-,-,-,4056.2000,4055.0000,4054.6000,4052.2000,4052.0000,4057.0000,4057.2000,4057.8000,4058.8000,4059.0000,4,1,1,2,3,2,1,3,3,1
SF,IF2006,2020-02-19 09:53:01.900,4056.4000,24231,0,1661982720.000,0,-,-,-,-,4056.4000,4056.2000,4055.0000,4054.6000,4052.2000,4057.0000,4057.2000,4057.8000,4058.8000,4059.0000,1,3,1,1,2,2,1,3,3,1
SF,IF2006,2020-02-19 09:53:02.400,4056.4000,24231,0,1663199640.000,1,0,1,多换,S,4056.2000,4055.0000,4054.6000,4052.2000,4052.0000,4057.0000,4057.2000,4057.8000,4058.8000,4059.0000,3,1,1,2,3,2,1,3,3,1
SF,IF2006,2020-02-19 09:53:02.900,4056.4000,24231,0,1663199640.000,0,-,-,-,-,4055.0000,4054.6000,4052.2000,4052.0000,4051.2000,4056.0000,4057.0000,4057.2000,4057.8000,4058.8000,1,1,2,3,1,2,2,1,3,3
SF,IF2006,2020-02-19 09:53:03.400,4057.0000,24229,-2,1668067440.000,4,1,3,多平,S,4055.4000,4055.2000,4055.0000,4054.6000,4052.2000,4057.2000,4057.8000,4058.8000,4059.0000,4059.8000,1,4,1,1,2,1,3,3,1,1
SF,IF2006,2020-02-19 09:53:03.900,4057.0000,24229,0,1668067440.000,0,-,-,-,-,4055.6000,4055.4000,4055.2000,4055.0000,4054.6000,4057.0000,4057.2000,4057.8000,4058.8000,4059.0000,1,1,3,1,1,1,1,3,2,1
SF,IF2006,2020-02-19 09:53:04.400,4057.0000,24229,0,1668067440.000,0,-,-,-,-,4055.4000,4055.2000,4055.0000,4054.6000,4052.2000,4056.6000,4057.0000,4057.2000,4057.8000,4058.8000,1,3,1,1,2,1,1,1,3,2
SF,IF2006,2020-02-19 09:53:04.900,4057.0000,24229,0,1668067440.000,0,-,-,-,-,4055.4000,4055.2000,4055.0000,4054.6000,4052.2000,4056.6000,4056.8000,4057.0000,4057.2000,4057.8000,1,3,1,1,2,1,1,1,1,3
SF,IF2006,2020-02-19 09:53:05.400,4055.4000,24228,-1,1669284060.000,1,0,1,双平,S,4055.2000,4055.0000,4054.6000,4052.2000,4052.0000,4056.4000,4056.8000,4057.2000,4057.8000,4058.8000,1,1,1,2,2,3,1,1,3,2
SF,IF2006,2020-02-19 09:53:05.900,4055.4000,24228,0,1669284060.000,0,-,-,-,-,4055.4000,4055.2000,4055.0000,4054.6000,4052.2000,4056.4000,4057.2000,4057.8000,4058.8000,4059.0000,1,1,1,1,2,1,1,3,2,1
SF,IF2006,2020-02-19 09:53:06.400,4056.4000,24228,0,1670500980.000,1,0,1,多换,S,4055.6000,4055.4000,4055.2000,4055.0000,4054.6000,4057.0000,4057.2000,4057.8000,4058.8000,4059.0000,3,1,1,1,1,1,1,3,2,1
SF,IF2006,2020-02-19 09:53:06.900,4056.4000,24228,0,1670500980.000,0,-,-,-,-,4055.8000,4055.6000,4055.0000,4054.6000,4052.2000,4057.2000,4057.8000,4058.8000,4059.0000,4059.8000,2,3,1,1,2,1,3,2,1,1
SF,IF2006,2020-02-19 09:53:07.400,4056.4000,24228,0,1670500980.000,0,-,-,-,-,4056.2000,4056.0000,4055.8000,4055.0000,4054.6000,4057.2000,4057.8000,4058.8000,4059.0000,4059.8000,2,3,1,1,1,1,3,2,1,1
SF,IF2006,2020-02-19 09:53:07.900,4057.2000,24228,0,1671718140.000,1,0,1,多换,S,4056.4000,4056.2000,4056.0000,4055.8000,4055.0000,4057.8000,4058.8000,4059.0000,4059.8000,4060.0000,1,2,2,1,1,3,2,1,1,7
SF,IF2006,2020-02-19 09:53:08.400,4057.8000,24228,0,1672935480.000,1,0,1,多换,S,4056.4000,4056.2000,4056.0000,4055.0000,4054.6000,4057.6000,4057.8000,4058.8000,4059.0000,4059.8000,1,2,1,1,1,2,2,2,1,1
SF,IF2006,2020-02-19 09:53:08.900,4057.8000,24228,0,1672935480.000,0,-,-,-,-,4056.4000,4056.2000,4056.0000,4055.0000,4054.6000,4057.6000,4057.8000,4058.8000,4059.0000,4059.8000,1,1,1,1,1,2,4,2,1,1
SF,IF2006,2020-02-19 09:53:09.400,4057.8000,24228,0,1672935480.000,0,-,-,-,-,4056.6000,4056.4000,4056.2000,4056.0000,4055.0000,4057.6000,4057.8000,4058.8000,4059.0000,4059.6000,1,1,1,1,1,2,4,2,1,1
SF,IF2006,2020-02-19 09:53:09.900,4057.8000,24228,0,1672935480.000,0,-,-,-,-,4056.8000,4056.0000,4055.0000,4054.6000,4052.2000,4057.6000,4057.8000,4058.8000,4059.0000,4059.6000,2,1,1,1,2,2,4,2,1,1
SF,IF2006,2020-02-19 09:53:10.400,4057.8000,24228,0,1672935480.000,0,-,-,-,-,4056.8000,4056.0000,4055.0000,4054.6000,4052.2000,4057.6000,4057.8000,4058.8000,4059.0000,4059.6000,1,1,1,1,2,2,4,2,1,1
SF,IF2006,2020-02-19 09:53:10.900,4057.8000,24228,0,1672935480.000,0,-,-,-,-,4056.8000,4056.0000,4055.0000,4054.6000,4052.2000,4057.8000,4058.8000,4059.0000,4059.6000,4059.8000,1,1,1,1,2,4,3,1,1,1
SF,IF2006,2020-02-19 09:53:11.400,4057.8000,24228,0,1672935480.000,0,-,-,-,-,4057.0000,4056.8000,4056.0000,4055.0000,4054.6000,4057.8000,4058.8000,4059.0000,4059.6000,4059.8000,2,1,1,1,1,4,3,1,1,1
SF,IF2006,2020-02-19 09:53:11.900,4057.8000,24228,0,1672935480.000,0,-,-,-,-,4057.0000,4056.8000,4056.0000,4055.0000,4052.2000,4057.8000,4058.8000,4059.0000,4059.6000,4059.8000,2,1,1,1,2,4,3,1,1,1
SF,IF2006,2020-02-19 09:53:12.400,4057.8000,24228,0,1672935480.000,0,-,-,-,-,4057.0000,4056.8000,4056.0000,4055.0000,4052.2000,4057.8000,4058.8000,4059.0000,4059.6000,4059.8000,1,1,1,1,2,4,3,1,1,1
SF,IF2006,2020-02-19 09:53:13.900,4057.8000,24228,0,1672935480.000,0,-,-,-,-,4057.0000,4056.8000,4056.0000,4055.0000,4052.2000,4057.8000,4058.8000,4059.0000,4059.6000,4059.8000,1,1,1,1,2,4,3,1,1,1
SF,IF2006,2020-02-19 09:53:14.900,4057.8000,24226,-2,1677804840.000,4,1,3,多平,S,4057.0000,4056.8000,4056.0000,4055.0000,4052.2000,4058.8000,4059.0000,4059.6000,4059.8000,4060.0000,1,1,1,1,2,3,1,1,1,7
SF,IF2006,2020-02-19 09:53:15.400,4057.8000,24226,0,1677804840.000,0,-,-,-,-,4057.4000,4057.2000,4057.0000,4055.0000,4052.2000,4058.8000,4059.0000,4059.6000,4059.8000,4060.0000,1,4,1,1,2,3,1,1,1,7
SF,IF2006,2020-02-19 09:53:15.900,4057.8000,24226,0,1679022180.000,1,0,1,多换,S,4057.6000,4057.2000,4057.0000,4055.0000,4052.2000,4058.8000,4059.0000,4059.6000,4059.8000,4060.0000,1,3,1,1,2,3,1,1,1,7
SF,IF2006,2020-02-19 09:53:16.400,4057.8000,24226,0,1679022180.000,0,-,-,-,-,4057.2000,4057.0000,4055.0000,4052.2000,4052.0000,4058.8000,4059.0000,4059.6000,4059.8000,4060.0000,3,1,1,2,2,3,1,1,1,7
SF,IF2006,2020-02-19 09:53:16.900,4057.8000,24226,0,1679022180.000,0,-,-,-,-,4057.4000,4057.2000,4057.0000,4055.0000,4052.0000,4058.6000,4058.8000,4059.0000,4059.6000,4059.8000,2,3,1,1,2,2,3,1,1,1
SF,IF2006,2020-02-19 09:53:17.400,4057.8000,24226,0,1679022180.000,0,-,-,-,-,4057.2000,4057.0000,4055.0000,4052.0000,4051.2000,4058.4000,4058.6000,4058.8000,4059.0000,4059.6000,2,1,1,2,1,2,1,3,1,1
SF,IF2006,2020-02-19 09:53:17.900,4057.8000,24226,0,1679022180.000,0,-,-,-,-,4057.2000,4057.0000,4055.0000,4052.0000,4051.2000,4058.2000,4058.4000,4058.6000,4058.8000,4059.0000,1,1,1,2,1,1,2,1,3,1
SF,IF2006,2020-02-19 09:53:18.400,4057.8000,24226,0,1679022180.000,0,-,-,-,-,4057.0000,4055.0000,4052.0000,4051.2000,4051.0000,4058.2000,4058.4000,4058.8000,4059.0000,4059.6000,1,1,2,1,2,1,2,3,1,1
SF,IF2006,2020-02-19 09:53:18.900,4057.8000,24226,0,1679022180.000,0,-,-,-,-,4057.0000,4055.0000,4052.0000,4051.2000,4051.0000,4058.2000,4058.6000,4058.8000,4059.0000,4059.6000,1,1,2,1,2,1,1,3,1,1
SF,IF2006,2020-02-19 09:53:19.400,4057.8000,24226,0,1679022180.000,0,-,-,-,-,4057.0000,4055.0000,4052.0000,4051.2000,4051.0000,4058.0000,4058.2000,4058.6000,4058.8000,4059.0000,1,1,2,1,2,2,1,1,3,1
SF,IF2006,2020-02-19 09:53:19.900,4057.0000,24226,0,1680239280.000,1,0,1,多换,S,4055.0000,4052.0000,4051.2000,4051.0000,4050.0000,4058.0000,4058.6000,4058.8000,4059.0000,4059.6000,1,2,1,2,2,2,1,3,1,1
SF,IF2006,2020-02-19 09:53:20.400,4057.0000,24226,0,1680239280.000,0,-,-,-,-,4056.4000,4056.2000,4056.0000,4055.8000,4055.4000,4057.6000,4058.0000,4058.8000,4059.0000,4059.6000,1,2,1,2,2,2,1,3,1,1
SF,IF2006,2020-02-19 09:53:20.900,4057.0000,24226,0,1680239280.000,0,-,-,-,-,4056.6000,4056.4000,4055.8000,4055.4000,4055.2000,4057.4000,4057.6000,4058.0000,4058.8000,4059.0000,2,1,1,1,2,1,2,1,3,1
SF,IF2006,2020-02-19 09:53:21.400,4057.0000,24226,0,1680239280.000,0,-,-,-,-,4056.6000,4056.4000,4055.8000,4055.4000,4055.2000,4057.4000,4057.6000,4058.0000,4058.8000,4059.0000,1,1,1,1,2,1,2,1,3,1
SF,IF2006,2020-02-19 09:53:21.900,4057.0000,24226,0,1680239280.000,0,-,-,-,-,4056.6000,4056.4000,4055.8000,4055.4000,4055.2000,4057.4000,4057.6000,4058.0000,4058.8000,4059.0000,1,1,1,1,2,1,2,1,3,2
SF,IF2006,2020-02-19 09:53:22.400,4057.0000,24226,0,1680239280.000,0,-,-,-,-,4056.6000,4056.4000,4055.4000,4055.2000,4055.0000,4058.0000,4058.8000,4059.0000,4059.6000,4059.8000,1,1,1,2,1,1,3,2,1,1
SF,IF2006,2020-02-19 09:53:22.900,4057.0000,24226,0,1680239280.000,0,-,-,-,-,4056.6000,4056.4000,4055.4000,4055.2000,4055.0000,4057.6000,4058.0000,4058.8000,4059.0000,4059.6000,1,1,1,2,1,3,2,3,2,1
SF,IF2006,2020-02-19 09:53:23.400,4057.0000,24226,0,1680239280.000,0,-,-,-,-,4056.6000,4056.4000,4055.4000,4055.2000,4055.0000,4058.0000,4058.8000,4059.0000,4059.6000,4059.8000,1,1,1,2,2,2,3,2,1,1
SF,IF2006,2020-02-19 09:53:23.900,4057.0000,24226,0,1680239280.000,0,-,-,-,-,4056.8000,4056.6000,4056.4000,4055.4000,4055.2000,4058.0000,4058.8000,4059.0000,4059.6000,4059.8000,1,2,1,1,2,2,3,2,1,1
SF,IF2006,2020-02-19 09:53:24.400,4057.0000,24226,0,1680239280.000,0,-,-,-,-,4057.0000,4056.8000,4056.6000,4056.4000,4055.4000,4058.0000,4058.8000,4059.0000,4059.6000,4059.8000,1,1,1,1,1,1,3,2,1,1
SF,IF2006,2020-02-19 09:53:24.900,4057.0000,24226,0,1680239280.000,0,-,-,-,-,4057.2000,4057.0000,4056.6000,4055.4000,4055.2000,4058.0000,4058.8000,4059.0000,4059.6000,4059.8000,1,1,1,1,2,1,3,2,1,1
SF,IF2006,2020-02-19 09:53:25.400,4058.0000,24225,-1,1681456680.000,1,0,1,双平,S,4058.0000,4057.0000,4056.6000,4055.4000,4055.2000,4058.8000,4059.0000,4059.6000,4059.8000,4060.0000,2,1,1,1,2,3,2,1,1,7
SF,IF2006,2020-02-19 09:53:25.900,4058.0000,24223,-2,1683891480.000,2,0,2,双平,S,4056.6000,4055.4000,4055.2000,4055.0000,4051.2000,4058.0000,4058.4000,4058.8000,4059.0000,4059.6000,1,1,2,3,1,3,1,3,2,1
SF,IF2006,2020-02-19 09:53:26.400,4058.0000,24223,0,1683891480.000,0,-,-,-,-,4057.0000,4056.8000,4056.6000,4055.4000,4055.2000,4058.0000,4058.4000,4058.8000,4059.0000,4059.6000,1,2,1,1,2,2,1,3,2,1
SF,IF2006,2020-02-19 09:53:26.900,4058.0000,24223,0,1683891480.000,0,-,-,-,-,4057.2000,4057.0000,4056.8000,4056.6000,4055.4000,4058.0000,4058.4000,4058.8000,4059.0000,4059.6000,1,1,1,1,1,2,1,3,2,1
SF,IF2006,2020-02-19 09:53:27.400,4058.0000,24223,0,1683891480.000,0,-,-,-,-,4057.0000,4056.8000,4056.6000,4055.4000,4055.2000,4058.0000,4058.4000,4058.8000,4059.0000,4059.6000,1,1,1,1,2,2,1,3,2,1
SF,IF2006,2020-02-19 09:53:27.900,4058.0000,24223,0,1683891480.000,0,-,-,-,-,4056.8000,4056.6000,4055.4000,4055.2000,4055.0000,4057.8000,4058.0000,4058.8000,4059.0000,4059.6000,1,1,1,2,3,2,2,3,2,1
SF,IF2006,2020-02-19 09:53:30.400,4056.8000,24223,0,1685108520.000,1,0,1,多换,S,4056.6000,4055.4000,4055.2000,4055.0000,4051.2000,4057.6000,4058.0000,4058.8000,4059.0000,4059.6000,1,1,2,3,1,4,2,3,2,1
SF,IF2006,2020-02-19 09:53:30.900,4056.8000,24223,0,1685108520.000,0,-,-,-,-,4057.0000,4056.6000,4055.4000,4055.2000,4055.0000,4057.6000,4058.0000,4058.8000,4059.0000,4059.6000,1,1,1,2,3,6,2,3,2,1
SF,IF2006,2020-02-19 09:53:31.400,4057.0000,24223,0,1686325620.000,1,0,1,多换,S,4056.6000,4055.4000,4055.2000,4055.0000,4051.2000,4057.0000,4057.6000,4058.0000,4058.2000,4058.8000,1,1,2,3,1,1,3,2,1,3
SF,IF2006,2020-02-19 09:53:31.900,4057.0000,24223,0,1686325620.000,0,-,-,-,-,4056.6000,4055.4000,4055.2000,4055.0000,4051.2000,4057.6000,4058.0000,4058.2000,4058.8000,4059.0000,1,1,2,3,1,3,2,1,3,2
SF,IF2006,2020-02-19 09:53:32.400,4057.0000,24223,0,1686325620.000,0,-,-,-,-,4056.6000,4055.4000,4055.2000,4055.0000,4051.2000,4057.4000,4057.6000,4058.0000,4058.2000,4058.8000,1,1,2,3,1,2,2,2,1,3
SF,IF2006,2020-02-19 09:53:32.900,4057.0000,24223,0,1686325620.000,0,-,-,-,-,4056.8000,4056.6000,4055.4000,4055.2000,4055.0000,4058.0000,4058.2000,4058.8000,4059.0000,4059.6000,2,1,1,2,3,2,1,3,2,1
SF,IF2006,2020-02-19 09:53:33.400,4057.0000,24223,0,1686325620.000,0,-,-,-,-,4056.8000,4056.6000,4055.4000,4055.2000,4055.0000,4058.0000,4058.2000,4058.8000,4059.0000,4059.6000,2,1,1,2,3,2,1,3,2,1
SF,IF2006,2020-02-19 09:53:33.900,4057.0000,24223,0,1686325620.000,0,-,-,-,-,4056.8000,4056.6000,4055.4000,4055.2000,4055.0000,4058.0000,4058.2000,4058.8000,4059.0000,4059.6000,2,1,1,2,3,2,1,3,2,1
SF,IF2006,2020-02-19 09:53:34.400,4057.0000,24223,0,1686325620.000,0,-,-,-,-,4057.2000,4057.0000,4056.8000,4056.6000,4055.4000,4058.0000,4058.2000,4058.8000,4059.0000,4059.6000,1,1,1,1,1,2,1,3,2,1
SF,IF2006,2020-02-19 09:53:35.400,4057.0000,24223,0,1686325620.000,0,-,-,-,-,4057.2000,4057.0000,4056.6000,4055.4000,4055.2000,4058.0000,4058.2000,4058.8000,4059.0000,4059.6000,1,1,1,1,2,2,1,3,2,1
SF,IF2006,2020-02-19 09:53:35.900,4058.0000,24224,1,1687543020.000,1,1,0,双开,S,4057.2000,4057.0000,4056.6000,4055.4000,4055.2000,4058.0000,4058.2000,4058.8000,4059.0000,4059.6000,1,1,1,1,2,1,1,3,2,1
SF,IF2006,2020-02-19 09:53:36.400,4058.0000,24224,0,1687543020.000,0,-,-,-,-,4057.2000,4057.0000,4056.6000,4055.4000,4055.2000,4058.0000,4058.2000,4058.4000,4058.8000,4059.0000,1,1,1,1,2,1,1,1,3,2
SF,IF2006,2020-02-19 09:53:37.900,4058.0000,24224,0,1687543020.000,0,-,-,-,-,4057.0000,4056.6000,4055.4000,4055.2000,4055.0000,4058.0000,4058.2000,4058.4000,4058.8000,4059.0000,1,1,1,2,3,1,1,1,3,2
SF,IF2006,2020-02-19 09:53:38.400,4058.0000,24224,0,1687543020.000,0,-,-,-,-,4056.6000,4055.4000,4055.2000,4055.0000,4054.0000,4058.0000,4058.2000,4058.4000,4058.8000,4059.0000,1,1,2,3,1,1,1,1,3,2
SF,IF2006,2020-02-19 09:53:38.900,4058.0000,24224,0,1687543020.000,0,-,-,-,-,4056.8000,4056.6000,4055.4000,4055.0000,4054.0000,4058.0000,4058.2000,4058.4000,4058.8000,4059.0000,4,1,1,3,1,1,1,1,3,2
SF,IF2006,2020-02-19 09:53:39.400,4058.0000,24224,0,1687543020.000,0,-,-,-,-,4056.8000,4056.6000,4055.4000,4055.0000,4054.0000,4057.8000,4058.0000,4058.2000,4058.4000,4058.8000,2,1,1,3,1,2,1,1,1,3
SF,IF2006,2020-02-19 09:53:39.900,4058.0000,24224,0,1687543020.000,0,-,-,-,-,4056.8000,4056.6000,4055.0000,4054.0000,4051.2000,4058.0000,4058.2000,4058.4000,4058.8000,4059.0000,2,1,3,1,1,1,1,1,3,2
SF,IF2006,2020-02-19 09:53:40.400,4058.0000,24224,0,1687543020.000,0,-,-,-,-,4056.8000,4056.6000,4055.0000,4054.0000,4051.2000,4057.8000,4058.0000,4058.2000,4058.4000,4058.8000,2,1,3,1,1,2,2,1,1,3
SF,IF2006,2020-02-19 09:53:40.900,4058.0000,24224,0,1687543020.000,0,-,-,-,-,4056.8000,4056.6000,4055.0000,4054.0000,4051.2000,4058.0000,4058.2000,4058.4000,4058.8000,4059.0000,2,1,3,1,1,2,1,1,3,2
SF,IF2006,2020-02-19 09:53:41.400,4058.0000,24224,0,1687543020.000,0,-,-,-,-,4056.8000,4056.6000,4055.0000,4054.0000,4051.2000,4057.8000,4058.0000,4058.2000,4058.4000,4058.8000,2,1,3,1,1,1,2,1,1,3
SF,IF2006,2020-02-19 09:53:41.900,4058.0000,24223,-1,1688760420.000,1,0,1,双平,S,4056.8000,4056.6000,4055.0000,4054.0000,4051.2000,4058.0000,4058.2000,4058.4000,4058.8000,4059.0000,2,1,3,1,1,1,1,1,3,2
SF,IF2006,2020-02-19 09:53:42.400,4058.0000,24223,0,1688760420.000,0,-,-,-,-,4057.0000,4056.8000,4056.6000,4055.0000,4054.0000,4058.0000,4058.2000,4058.4000,4058.8000,4059.0000,2,2,1,3,1,1,1,1,3,2
SF,IF2006,2020-02-19 09:53:42.900,4058.0000,24223,0,1688760420.000,0,-,-,-,-,4057.2000,4057.0000,4056.8000,4056.6000,4055.0000,4058.0000,4058.2000,4058.4000,4058.8000,4059.0000,1,2,1,1,3,1,1,1,3,2
SF,IF2006,2020-02-19 09:53:43.900,4058.0000,24223,0,1688760420.000,0,-,-,-,-,4057.2000,4057.0000,4056.8000,4055.0000,4054.0000,4058.0000,4058.2000,4058.4000,4058.8000,4059.0000,2,2,1,3,1,1,1,1,3,2
SF,IF2006,2020-02-19 09:53:44.900,4058.0000,24223,0,1688760420.000,0,-,-,-,-,4057.4000,4057.2000,4057.0000,4056.8000,4055.0000,4058.0000,4058.2000,4058.4000,4058.8000,4059.0000,1,2,1,1,3,1,1,1,3,2
SF,IF2006,2020-02-19 09:53:45.400,4058.0000,24223,0,1688760420.000,0,-,-,-,-,4057.2000,4057.0000,4056.8000,4055.0000,4054.0000,4058.0000,4058.2000,4058.4000,4058.8000,4059.0000,2,1,1,3,1,1,1,1,3,2
SF,IF2006,2020-02-19 09:53:45.900,4058.0000,24223,0,1688760420.000,0,-,-,-,-,4057.2000,4056.8000,4055.0000,4054.0000,4052.0000,4057.8000,4058.0000,4058.2000,4058.4000,4058.8000,1,1,3,1,1,1,1,1,1,3
SF,IF2006,2020-02-19 09:53:46.400,4057.2000,24223,0,1689977580.000,1,0,1,多换,S,4056.0000,4055.0000,4054.0000,4052.0000,4051.2000,4057.8000,4058.0000,4058.2000,4058.4000,4058.8000,2,3,1,1,1,1,1,1,1,3
SF,IF2006,2020-02-19 09:53:46.900,4057.2000,24223,0,1689977580.000,0,-,-,-,-,4056.2000,4056.0000,4055.0000,4054.0000,4052.0000,4057.6000,4057.8000,4058.0000,4058.2000,4058.4000,5,2,3,1,1,1,1,1,1,1
SF,IF2006,2020-02-19 09:53:47.400,4057.2000,24223,0,1689977580.000,0,-,-,-,-,4056.2000,4056.0000,4055.0000,4054.0000,4052.0000,4057.6000,4057.8000,4058.0000,4058.2000,4058.4000,5,2,3,1,1,1,1,1,1,1
SF,IF2006,2020-02-19 09:53:48.400,4057.2000,24223,0,1689977580.000,0,-,-,-,-,4056.2000,4056.0000,4055.0000,4054.0000,4052.0000,4057.6000,4057.8000,4058.0000,4058.2000,4058.4000,6,2,3,1,1,1,1,1,1,1
SF,IF2006,2020-02-19 09:53:48.900,4057.2000,24223,0,1689977580.000,0,-,-,-,-,4056.6000,4056.2000,4056.0000,4055.0000,4054.0000,4057.2000,4057.6000,4057.8000,4058.0000,4058.2000,1,5,2,3,1,1,1,1,1,1
SF,IF2006,2020-02-19 09:53:49.400,4057.2000,24223,0,1691194740.000,1,0,1,多换,S,4056.6000,4056.2000,4056.0000,4055.0000,4054.0000,4057.6000,4057.8000,4058.0000,4058.2000,4058.4000,1,4,2,3,1,1,1,1,1,1
SF,IF2006,2020-02-19 09:53:49.900,4057.2000,24223,0,1691194740.000,0,-,-,-,-,4057.0000,4056.8000,4056.2000,4056.0000,4055.0000,4058.0000,4058.2000,4058.4000,4058.6000,4058.8000,1,2,3,2,3,1,1,1,1,3
SF,IF2006,2020-02-19 09:53:50.400,4057.2000,24223,0,1691194740.000,0,-,-,-,-,4057.2000,4057.0000,4056.8000,4056.2000,4056.0000,4057.8000,4058.0000,4058.2000,4058.4000,4058.6000,1,2,1,2,2,1,1,1,1,1
SF,IF2006,2020-02-19 09:53:50.900,4057.2000,24223,0,1691194740.000,0,-,-,-,-,4057.0000,4056.8000,4056.2000,4056.0000,4055.0000,4057.8000,4058.0000,4058.2000,4058.4000,4058.6000,2,1,2,2,3,1,1,1,1,1
SF,IF2006,2020-02-19 09:53:51.400,4057.2000,24223,0,1691194740.000,0,-,-,-,-,4057.2000,4057.0000,4056.2000,4056.0000,4055.0000,4057.8000,4058.0000,4058.2000,4058.4000,4058.6000,1,2,2,2,3,1,1,1,1,1
SF,IF2006,2020-02-19 09:53:51.900,4057.2000,24223,0,1691194740.000,0,-,-,-,-,4057.4000,4057.2000,4057.0000,4056.2000,4056.0000,4057.8000,4058.0000,4058.2000,4058.4000,4058.6000,1,1,1,2,2,1,1,1,1,1
SF,IF2006,2020-02-19 09:53:52.400,4057.2000,24223,0,1691194740.000,0,-,-,-,-,4057.2000,4057.0000,4056.2000,4056.0000,4055.0000,4057.8000,4058.0000,4058.2000,4058.4000,4058.6000,1,1,2,2,3,1,1,1,1,1
SF,IF2006,2020-02-19 09:53:53.400,4057.2000,24223,0,1691194740.000,0,-,-,-,-,4057.0000,4056.2000,4056.0000,4055.0000,4054.0000,4057.8000,4058.0000,4058.2000,4058.4000,4058.6000,1,2,2,3,1,1,1,1,1,1
SF,IF2006,2020-02-19 09:53:53.900,4057.2000,24223,0,1691194740.000,0,-,-,-,-,4057.0000,4056.2000,4056.0000,4055.0000,4054.0000,4057.8000,4058.0000,4058.2000,4058.4000,4058.6000,1,2,2,3,1,1,1,1,1,1
SF,IF2006,2020-02-19 09:53:54.400,4057.0000,24222,-1,1692411840.000,1,0,1,双平,S,4056.2000,4056.0000,4055.0000,4054.0000,4052.0000,4057.8000,4058.0000,4058.2000,4058.4000,4058.6000,2,2,3,1,1,1,1,1,1,1
SF,IF2006,2020-02-19 09:53:54.900,4057.0000,24222,0,1692411840.000,0,-,-,-,-,4056.4000,4056.2000,4056.0000,4055.0000,4054.0000,4057.6000,4057.8000,4058.0000,4058.2000,4058.4000,2,1,2,3,1,5,1,1,1,1
SF,IF2006,2020-02-19 09:53:55.400,4057.4000,24221,-1,1693629060.000,1,0,1,双平,S,4056.4000,4056.2000,4056.0000,4055.0000,4054.0000,4057.6000,4057.8000,4058.0000,4058.2000,4058.4000,2,1,2,3,1,1,1,1,1,1
SF,IF2006,2020-02-19 09:53:55.900,4057.4000,24221,0,1693629060.000,0,-,-,-,-,4056.4000,4056.2000,4056.0000,4055.0000,4054.0000,4057.4000,4057.6000,4057.8000,4058.0000,4058.2000,2,1,2,3,1,1,1,1,1,1
SF,IF2006,2020-02-19 09:53:56.400,4057.4000,24221,0,1693629060.000,0,-,-,-,-,4056.4000,4056.2000,4056.0000,4055.0000,4054.0000,4057.4000,4057.6000,4057.8000,4058.0000,4058.2000,2,1,2,3,1,1,1,1,1,1
SF,IF2006,2020-02-19 09:53:57.400,4057.4000,24221,0,1693629060.000,0,-,-,-,-,4056.4000,4056.2000,4056.0000,4055.0000,4054.0000,4057.4000,4057.6000,4057.8000,4058.0000,4058.2000,1,1,2,3,1,1,3,1,1,1
SF,IF2006,2020-02-19 09:53:57.900,4057.4000,24221,0,1693629060.000,0,-,-,-,-,4056.4000,4056.2000,4056.0000,4055.0000,4054.0000,4057.4000,4057.6000,4057.8000,4058.0000,4058.2000,1,1,2,3,1,1,1,1,1,1
SF,IF2006,2020-02-19 09:53:58.400,4057.4000,24221,0,1693629060.000,0,-,-,-,-,4056.4000,4056.2000,4056.0000,4055.0000,4054.0000,4057.4000,4057.6000,4057.8000,4058.0000,4058.2000,1,1,2,3,1,1,1,1,1,1
SF,IF2006,2020-02-19 09:53:58.900,4057.4000,24221,0,1693629060.000,0,-,-,-,-,4056.4000,4056.2000,4056.0000,4055.0000,4054.0000,4057.4000,4057.6000,4057.8000,4058.0000,4058.2000,1,1,2,3,1,1,3,1,1,1
SF,IF2006,2020-02-19 09:53:59.400,4057.4000,24221,0,1693629060.000,0,-,-,-,-,4056.4000,4056.2000,4056.0000,4055.0000,4054.0000,4057.2000,4057.6000,4057.8000,4058.0000,4058.2000,1,1,2,3,1,2,3,1,1,1
SF,IF2006,2020-02-19 09:53:59.900,4057.4000,24221,0,1693629060.000,0,-,-,-,-,4056.4000,4056.2000,4056.0000,4055.0000,4054.0000,4057.6000,4057.8000,4058.0000,4058.2000,4058.4000,1,1,2,3,1,3,1,1,1,1
SF,IF2006,2020-02-19 09:54:00.400,4057.4000,24221,0,1693629060.000,0,-,-,-,-,4056.6000,4056.4000,4056.2000,4056.0000,4055.0000,4057.4000,4057.6000,4057.8000,4058.0000,4058.2000,1,1,1,2,3,2,1,1,1,1
SF,IF2006,2020-02-19 09:54:00.900,4057.4000,24221,0,1693629060.000,0,-,-,-,-,4056.6000,4056.4000,4056.2000,4056.0000,4055.0000,4057.6000,4057.8000,4058.0000,4058.2000,4058.4000,1,1,1,2,3,3,1,1,1,1
SF,IF2006,2020-02-19 09:54:01.400,4057.4000,24221,0,1693629060.000,0,-,-,-,-,4056.6000,4056.4000,4056.2000,4056.0000,4055.0000,4057.4000,4057.6000,4057.8000,4058.0000,4058.2000,1,1,1,2,3,1,3,1,1,1
SF,IF2006,2020-02-19 09:54:01.900,4057.4000,24221,0,1693629060.000,0,-,-,-,-,4056.4000,4056.2000,4056.0000,4055.0000,4054.0000,4057.6000,4057.8000,4058.0000,4058.2000,4058.4000,1,1,2,3,1,3,1,1,1,1
SF,IF2006,2020-02-19 09:54:02.400,4057.4000,24221,0,1694846280.000,1,0,1,多换,S,4056.4000,4056.2000,4056.0000,4055.0000,4054.0000,4057.4000,4057.6000,4057.8000,4058.0000,4058.2000,1,1,2,3,1,1,3,1,1,1
SF,IF2006,2020-02-19 09:54:03.400,4057.4000,24221,0,1694846280.000,0,-,-,-,-,4056.4000,4056.2000,4056.0000,4055.0000,4054.0000,4057.4000,4057.6000,4057.8000,4058.0000,4058.2000,1,1,2,3,1,1,3,2,1,1
SF,IF2006,2020-02-19 09:54:03.900,4057.4000,24221,0,1694846280.000,0,-,-,-,-,4056.4000,4056.2000,4056.0000,4055.0000,4054.0000,4057.2000,4057.4000,4057.6000,4057.8000,4058.0000,1,1,2,3,1,1,1,3,2,1
SF,IF2006,2020-02-19 09:54:04.400,4057.4000,24221,0,1694846280.000,0,-,-,-,-,4056.4000,4056.2000,4056.0000,4055.0000,4054.0000,4057.2000,4057.6000,4057.8000,4058.0000,4058.2000,1,1,2,3,1,1,3,2,1,1
SF,IF2006,2020-02-19 09:54:05.400,4057.4000,24221,0,1694846280.000,0,-,-,-,-,4056.4000,4056.2000,4056.0000,4055.0000,4054.0000,4057.6000,4057.8000,4058.0000,4058.2000,4058.4000,1,1,2,3,1,3,2,1,1,1
SF,IF2006,2020-02-19 09:54:05.900,4057.4000,24221,0,1694846280.000,0,-,-,-,-,4056.4000,4056.2000,4056.0000,4055.0000,4054.0000,4057.4000,4057.6000,4057.8000,4058.2000,4058.4000,1,1,2,3,1,1,3,2,1,1
SF,IF2006,2020-02-19 09:54:06.400,4057.4000,24221,0,1694846280.000,0,-,-,-,-,4057.2000,4056.4000,4056.2000,4056.0000,4055.0000,4057.4000,4057.6000,4057.8000,4058.2000,4058.4000,1,1,1,2,3,1,3,2,1,1
SF,IF2006,2020-02-19 09:54:06.900,4057.2000,24221,0,1696063440.000,1,0,1,多换,S,4056.2000,4056.0000,4055.0000,4054.0000,4052.0000,4057.4000,4057.6000,4057.8000,4058.2000,4058.4000,1,2,3,1,1,1,1,2,1,1
SF,IF2006,2020-02-19 09:54:07.400,4057.2000,24221,0,1696063440.000,0,-,-,-,-,4056.4000,4056.2000,4056.0000,4055.0000,4054.0000,4057.6000,4057.8000,4058.2000,4058.4000,4058.6000,5,1,2,3,1,1,2,1,1,2
SF,IF2006,2020-02-19 09:54:07.900,4057.2000,24221,0,1696063440.000,0,-,-,-,-,4056.4000,4056.2000,4056.0000,4055.0000,4054.0000,4057.4000,4057.6000,4057.8000,4058.2000,4058.4000,4,1,2,3,1,1,1,2,1,1
SF,IF2006,2020-02-19 09:54:08.400,4057.2000,24221,0,1696063440.000,0,-,-,-,-,4056.4000,4056.0000,4055.0000,4054.0000,4052.0000,4057.4000,4057.6000,4057.8000,4058.2000,4058.4000,5,2,3,1,1,1,3,2,1,1
SF,IF2006,2020-02-19 09:54:08.900,4057.2000,24221,0,1696063440.000,0,-,-,-,-,4056.4000,4056.0000,4055.0000,4054.0000,4052.0000,4057.4000,4057.6000,4057.8000,4058.2000,4058.4000,4,2,3,1,1,1,3,2,1,1
SF,IF2006,2020-02-19 09:54:09.400,4057.2000,24221,0,1696063440.000,0,-,-,-,-,4056.4000,4056.0000,4055.0000,4054.0000,4052.0000,4057.2000,4057.4000,4057.6000,4057.8000,4058.2000,4,2,3,1,1,1,1,3,2,1
SF,IF2006,2020-02-19 09:54:09.900,4056.4000,24221,0,1698497280.000,2,1,1,多换,S,4056.0000,4055.0000,4054.0000,4052.0000,4051.2000,4057.2000,4057.6000,4057.8000,4058.2000,4058.4000,2,3,1,1,1,1,3,2,1,1
SF,IF2006,2020-02-19 09:54:10.400,4056.0000,24221,0,1699714080.000,1,0,1,多换,S,4056.0000,4055.0000,4054.0000,4052.0000,4051.2000,4057.0000,4057.2000,4057.6000,4057.8000,4058.2000,1,3,1,1,1,3,1,2,2,1
SF,IF2006,2020-02-19 09:54:10.900,4056.0000,24221,0,1700930880.000,1,0,1,多换,S,4055.0000,4054.0000,4052.0000,4051.2000,4051.0000,4056.8000,4057.0000,4057.2000,4057.6000,4057.8000,3,1,1,1,2,1,2,1,2,2
SF,IF2006,2020-02-19 09:54:11.400,4056.0000,24221,0,1700930880.000,0,-,-,-,-,4055.2000,4055.0000,4054.0000,4052.0000,4051.2000,4056.6000,4056.8000,4057.0000,4057.6000,4057.8000,1,3,1,1,1,1,1,1,2,2
SF,IF2006,2020-02-19 09:54:11.900,4056.0000,24221,0,1700930880.000,0,-,-,-,-,4055.2000,4055.0000,4054.0000,4052.0000,4051.2000,4056.6000,4056.8000,4057.0000,4057.6000,4057.8000,1,3,1,1,1,1,1,1,2,2
SF,IF2006,2020-02-19 09:54:12.400,4055.0000,24223,2,1703363940.000,2,2,0,双开,S,4055.0000,4054.0000,4052.0000,4051.2000,4051.0000,4056.2000,4056.4000,4056.6000,4057.6000,4057.8000,2,1,1,1,2,1,1,1,2,2
SF,IF2006,2020-02-19 09:54:12.900,4055.0000,24223,0,1703363940.000,0,-,-,-,-,4055.0000,4054.0000,4052.0000,4051.2000,4051.0000,4056.0000,4056.2000,4056.4000,4056.6000,4057.6000,2,1,1,1,2,1,1,1,1,2
SF,IF2006,2020-02-19 09:54:13.400,4056.0000,24223,0,1704580740.000,1,0,1,多换,S,4055.2000,4055.0000,4054.0000,4052.0000,4051.2000,4056.4000,4056.6000,4057.6000,4057.8000,4058.2000,2,2,1,1,1,1,1,2,2,1
SF,IF2006,2020-02-19 09:54:13.900,4056.0000,24223,0,1704580740.000,0,-,-,-,-,4055.2000,4055.0000,4054.0000,4052.0000,4051.2000,4056.4000,4056.6000,4057.6000,4057.8000,4058.2000,2,2,1,1,1,1,1,2,2,1
SF,IF2006,2020-02-19 09:54:14.400,4056.0000,24223,0,1704580740.000,0,-,-,-,-,4055.4000,4055.2000,4055.0000,4054.0000,4052.0000,4056.4000,4056.6000,4057.6000,4057.8000,4058.2000,2,2,2,1,1,1,1,2,2,1
SF,IF2006,2020-02-19 09:54:14.900,4055.2000,24222,-1,1705797300.000,1,0,1,双平,S,4055.2000,4055.0000,4054.0000,4052.0000,4051.2000,4056.4000,4056.6000,4057.6000,4057.8000,4058.2000,1,2,1,1,1,1,1,2,2,1
SF,IF2006,2020-02-19 09:54:15.400,4055.2000,24222,0,1705797300.000,0,-,-,-,-,4055.2000,4055.0000,4054.0000,4052.0000,4051.2000,4056.4000,4056.6000,4057.6000,4057.8000,4058.2000,1,2,1,1,1,1,1,2,2,1
SF,IF2006,2020-02-19 09:54:15.900,4055.2000,24222,0,1705797300.000,0,-,-,-,-,4055.4000,4055.2000,4055.0000,4054.0000,4052.0000,4056.4000,4056.6000,4057.6000,4057.8000,4058.2000,2,1,2,1,1,1,1,2,2,1
SF,IF2006,2020-02-19 09:54:16.400,4055.2000,24222,0,1705797300.000,0,-,-,-,-,4055.4000,4055.2000,4055.0000,4054.0000,4052.0000,4056.4000,4056.6000,4057.6000,4057.8000,4058.2000,2,1,2,1,1,1,1,2,2,1
SF,IF2006,2020-02-19 09:54:17.900,4055.0000,24223,1,1708230360.000,2,1,1,空开,S,4055.0000,4054.0000,4052.0000,4051.2000,4051.0000,4056.2000,4056.4000,4056.6000,4057.6000,4057.8000,1,1,1,1,2,1,1,1,2,2
SF,IF2006,2020-02-19 09:54:18.400,4055.0000,24222,-1,1709446860.000,1,0,1,双平,S,4054.0000,4052.0000,4051.2000,4051.0000,4050.6000,4056.2000,4056.4000,4057.6000,4057.8000,4058.2000,1,1,1,2,1,1,1,2,2,1
SF,IF2006,2020-02-19 09:54:18.900,4055.0000,24222,0,1709446860.000,0,-,-,-,-,4054.4000,4054.2000,4054.0000,4052.0000,4051.2000,4055.6000,4055.8000,4056.0000,4057.6000,4057.8000,2,3,1,1,1,1,2,1,2,2
SF,IF2006,2020-02-19 09:54:19.400,4055.2000,24221,-1,1711879800.000,2,0,2,多平,S,4054.0000,4052.0000,4051.2000,4051.0000,4050.6000,4055.4000,4055.8000,4057.6000,4057.8000,4058.2000,1,1,1,2,1,3,1,2,2,1
SF,IF2006,2020-02-19 09:54:19.900,4055.2000,24221,0,1711879800.000,0,-,-,-,-,4054.0000,4052.0000,4051.2000,4051.0000,4050.6000,4055.0000,4055.2000,4057.6000,4057.8000,4058.2000,1,1,1,2,1,3,1,2,2,1
SF,IF2006,2020-02-19 09:54:20.400,4054.0000,24220,-1,1713096000.000,1,0,1,双平,S,4052.0000,4051.2000,4051.0000,4050.6000,4050.0000,4054.8000,4055.0000,4055.2000,4057.6000,4057.8000,1,1,2,1,2,1,2,1,2,2
SF,IF2006,2020-02-19 09:54:20.900,4054.0000,24220,0,1713096000.000,0,-,-,-,-,4052.8000,4052.6000,4052.4000,4052.2000,4052.0000,4054.4000,4055.0000,4057.6000,4057.8000,4058.2000,1,3,1,2,1,1,2,2,2,1
SF,IF2006,2020-02-19 09:54:21.400,4054.0000,24220,0,1713096000.000,0,-,-,-,-,4053.0000,4052.8000,4052.6000,4052.2000,4052.0000,4054.4000,4055.0000,4057.6000,4057.8000,4058.2000,3,1,3,1,1,1,1,2,2,1
SF,IF2006,2020-02-19 09:54:21.900,4053.2000,24219,-1,1714311960.000,1,0,1,双平,S,4053.2000,4053.0000,4052.8000,4052.6000,4052.0000,4054.4000,4057.6000,4057.8000,4058.2000,4058.4000,1,2,2,2,1,1,2,2,1,1
SF,IF2006,2020-02-19 09:54:22.400,4053.2000,24219,0,1714311960.000,0,-,-,-,-,4053.4000,4053.2000,4052.8000,4052.6000,4052.0000,4054.4000,4057.6000,4057.8000,4058.2000,4058.4000,2,1,1,2,1,1,2,2,1,1
SF,IF2006,2020-02-19 09:54:22.900,4053.2000,24220,1,1715527920.000,1,1,0,双开,S,4052.8000,4052.6000,4052.0000,4051.2000,4051.0000,4054.2000,4054.4000,4057.6000,4057.8000,4058.2000,1,2,1,1,2,3,1,2,2,1
SF,IF2006,2020-02-19 09:54:23.400,4053.8000,24221,1,1716744060.000,1,1,0,双开,S,4053.0000,4052.6000,4052.0000,4051.2000,4051.0000,4054.2000,4057.0000,4057.6000,4057.8000,4058.2000,1,1,1,1,2,3,1,2,2,1
SF,IF2006,2020-02-19 09:54:23.900,4053.8000,24221,0,1716744060.000,0,-,-,-,-,4052.6000,4052.0000,4051.2000,4051.0000,4050.6000,4053.0000,4053.8000,4054.0000,4057.0000,4057.6000,1,1,1,2,1,1,2,2,1,2
SF,IF2006,2020-02-19 09:54:24.400,4053.0000,24221,0,1717959960.000,1,0,1,多换,S,4053.2000,4053.0000,4052.6000,4052.0000,4051.2000,4053.8000,4054.0000,4057.0000,4057.6000,4057.8000,1,3,1,1,1,1,1,1,2,2
SF,IF2006,2020-02-19 09:54:24.900,4053.0000,24221,0,1717959960.000,0,-,-,-,-,4053.0000,4052.0000,4051.2000,4051.0000,4050.0000,4053.8000,4054.0000,4057.0000,4057.6000,4057.8000,3,1,1,2,2,1,1,1,2,2
SF,IF2006,2020-02-19 09:54:25.900,4053.0000,24221,0,1717959960.000,0,-,-,-,-,4053.0000,4052.0000,4051.2000,4051.0000,4050.0000,4053.8000,4054.0000,4057.0000,4057.8000,4058.2000,3,1,1,2,2,1,1,1,2,1
SF,IF2006,2020-02-19 09:54:28.400,4053.0000,24221,0,1717959960.000,0,-,-,-,-,4053.0000,4052.0000,4051.2000,4051.0000,4050.0000,4053.8000,4054.0000,4057.0000,4057.8000,4058.2000,2,1,1,2,2,1,1,1,2,1
SF,IF2006,2020-02-19 09:54:28.900,4053.0000,24221,0,1719175860.000,1,0,1,多换,S,4053.0000,4052.0000,4051.2000,4051.0000,4050.0000,4053.8000,4054.0000,4057.0000,4057.8000,4058.2000,1,1,1,2,2,1,1,1,2,1
SF,IF2006,2020-02-19 09:54:29.400,4053.0000,24221,0,1719175860.000,0,-,-,-,-,4053.2000,4053.0000,4052.8000,4052.0000,4051.2000,4054.0000,4057.0000,4057.8000,4058.2000,4058.4000,1,1,1,1,1,1,1,2,1,1
SF,IF2006,2020-02-19 09:54:29.900,4053.0000,24221,0,1719175860.000,0,-,-,-,-,4053.0000,4052.0000,4051.2000,4051.0000,4050.0000,4057.0000,4057.8000,4058.2000,4058.4000,4058.6000,1,1,1,2,2,1,2,1,1,2
SF,IF2006,2020-02-19 09:54:30.400,4053.0000,24221,0,1720391760.000,1,0,1,多换,S,4053.2000,4053.0000,4052.0000,4051.2000,4051.0000,4054.8000,4055.0000,4055.2000,4055.4000,4056.0000,3,2,1,1,2,1,1,1,1,1
SF,IF2006,2020-02-19 09:54:30.900,4053.0000,24221,0,1720391760.000,0,-,-,-,-,4053.4000,4053.2000,4053.0000,4052.0000,4051.2000,4054.6000,4054.8000,4056.2000,4056.8000,4057.0000,1,2,2,1,1,1,1,1,5,1
SF,IF2006,2020-02-19 09:54:31.400,4053.0000,24221,0,1722823560.000,2,1,1,多换,S,4053.0000,4052.0000,4051.2000,4051.0000,4050.0000,4054.4000,4054.6000,4054.8000,4056.2000,4056.8000,2,1,1,2,2,2,1,1,1,4
SF,IF2006,2020-02-19 09:54:31.900,4053.0000,24221,0,1722823560.000,0,-,-,-,-,4053.4000,4053.2000,4053.0000,4052.8000,4052.0000,4054.6000,4054.8000,4056.2000,4056.8000,4057.0000,1,2,2,1,1,1,1,1,4,1
SF,IF2006,2020-02-19 09:54:32.400,4053.0000,24221,0,1722823560.000,0,-,-,-,-,4053.6000,4053.2000,4053.0000,4052.8000,4052.0000,4054.8000,4056.2000,4056.8000,4057.0000,4057.8000,2,2,2,1,1,1,1,4,1,2
SF,IF2006,2020-02-19 09:54:32.900,4054.4000,24222,1,1724039880.000,1,1,0,双开,S,4053.2000,4053.0000,4052.0000,4051.2000,4051.0000,4054.4000,4054.6000,4054.8000,4056.2000,4056.8000,1,2,1,1,2,1,3,1,1,4
SF,IF2006,2020-02-19 09:54:33.400,4054.4000,24222,0,1724039880.000,0,-,-,-,-,4053.6000,4053.4000,4053.0000,4052.0000,4051.2000,4054.8000,4056.2000,4056.8000,4057.0000,4057.8000,1,2,2,1,1,1,1,4,1,2
SF,IF2006,2020-02-19 09:54:33.900,4054.4000,24222,0,1724039880.000,0,-,-,-,-,4053.8000,4053.6000,4053.4000,4053.0000,4052.0000,4054.8000,4056.2000,4056.8000,4057.0000,4057.8000,1,1,1,2,1,1,1,4,3,2
SF,IF2006,2020-02-19 09:54:34.400,4054.4000,24222,0,1724039880.000,0,-,-,-,-,4053.8000,4053.6000,4053.4000,4053.0000,4052.0000,4054.8000,4056.2000,4056.8000,4057.0000,4057.8000,1,1,1,2,1,1,1,4,3,2
SF,IF2006,2020-02-19 09:54:34.900,4054.4000,24222,0,1724039880.000,0,-,-,-,-,4053.6000,4053.4000,4053.0000,4052.0000,4051.2000,4054.8000,4056.2000,4056.8000,4057.0000,4057.8000,1,1,2,1,1,1,1,4,3,2
SF,IF2006,2020-02-19 09:54:35.900,4054.4000,24222,0,1724039880.000,0,-,-,-,-,4053.4000,4053.0000,4052.0000,4051.2000,4051.0000,4054.8000,4056.2000,4056.8000,4057.0000,4057.8000,1,2,1,1,2,1,1,4,1,2
SF,IF2006,2020-02-19 09:54:36.900,4054.4000,24222,0,1724039880.000,0,-,-,-,-,4053.4000,4053.0000,4052.0000,4051.2000,4051.0000,4054.6000,4054.8000,4056.2000,4056.8000,4057.0000,1,2,1,1,2,1,1,1,4,1
SF,IF2006,2020-02-19 09:54:37.400,4054.4000,24222,0,1724039880.000,0,-,-,-,-,4053.0000,4052.0000,4051.2000,4051.0000,4050.0000,4054.4000,4054.6000,4054.8000,4056.2000,4056.8000,2,1,1,2,2,1,1,1,1,4
SF,IF2006,2020-02-19 09:54:37.900,4054.4000,24222,0,1724039880.000,0,-,-,-,-,4053.4000,4053.2000,4053.0000,4052.8000,4052.0000,4054.6000,4054.8000,4056.2000,4056.8000,4057.0000,1,2,2,2,1,1,1,1,4,1
SF,IF2006,2020-02-19 09:54:38.400,4053.6000,24223,1,1726472340.000,2,1,1,空开,S,4053.2000,4053.0000,4052.8000,4052.0000,4051.2000,4054.8000,4056.2000,4056.8000,4057.0000,4057.8000,2,2,2,1,1,1,1,4,1,2
SF,IF2006,2020-02-19 09:54:38.900,4054.8000,24224,1,1727688780.000,1,1,0,双开,S,4053.2000,4053.0000,4052.8000,4052.0000,4051.2000,4054.6000,4056.2000,4056.8000,4057.0000,4057.8000,1,2,1,1,1,1,1,4,1,2
SF,IF2006,2020-02-19 09:54:39.900,4054.8000,24224,0,1727688780.000,0,-,-,-,-,4053.0000,4052.8000,4052.0000,4051.2000,4051.0000,4054.2000,4054.6000,4056.2000,4056.8000,4057.0000,2,1,1,1,2,1,1,1,4,1
SF,IF2006,2020-02-19 09:54:40.400,4054.8000,24224,0,1727688780.000,0,-,-,-,-,4053.0000,4052.0000,4051.2000,4051.0000,4050.0000,4054.0000,4056.2000,4056.8000,4057.0000,4057.8000,2,1,1,2,2,2,1,4,1,2
SF,IF2006,2020-02-19 09:54:41.900,4054.8000,24224,0,1727688780.000,0,-,-,-,-,4053.0000,4052.0000,4051.2000,4051.0000,4050.0000,4053.8000,4056.2000,4056.8000,4057.0000,4057.8000,2,1,1,2,2,3,1,4,1,2
SF,IF2006,2020-02-19 09:54:42.400,4054.8000,24224,0,1727688780.000,0,-,-,-,-,4053.0000,4052.0000,4051.2000,4051.0000,4050.0000,4053.8000,4056.2000,4056.8000,4057.0000,4057.8000,2,1,1,2,2,1,1,4,1,2
SF,IF2006,2020-02-19 09:54:43.400,4054.8000,24224,0,1727688780.000,0,-,-,-,-,4053.0000,4052.0000,4051.2000,4051.0000,4050.0000,4053.8000,4056.2000,4056.8000,4057.0000,4057.8000,2,1,1,2,2,1,3,4,1,2
SF,IF2006,2020-02-19 09:54:43.900,4054.8000,24224,0,1727688780.000,0,-,-,-,-,4053.0000,4052.0000,4051.2000,4051.0000,4050.0000,4053.4000,4056.2000,4056.8000,4057.0000,4057.8000,2,1,1,2,2,2,3,4,1,2
SF,IF2006,2020-02-19 09:54:44.400,4053.4000,24222,-2,1730120820.000,2,0,2,双平,S,4053.4000,4053.0000,4052.8000,4052.0000,4051.2000,4056.2000,4056.8000,4057.0000,4057.8000,4058.2000,3,2,1,1,1,3,4,1,2,1
SF,IF2006,2020-02-19 09:54:44.900,4053.4000,24222,0,1730120820.000,0,-,-,-,-,4053.6000,4053.4000,4053.0000,4052.8000,4052.0000,4055.4000,4055.6000,4055.8000,4056.0000,4056.2000,3,3,2,1,1,1,1,4,1,3
SF,IF2006,2020-02-19 09:54:45.400,4053.4000,24222,0,1730120820.000,0,-,-,-,-,4053.8000,4053.6000,4053.4000,4053.0000,4052.8000,4055.4000,4055.6000,4055.8000,4056.0000,4056.2000,1,3,3,2,1,1,1,2,1,3
SF,IF2006,2020-02-19 09:54:45.900,4053.4000,24222,0,1730120820.000,0,-,-,-,-,4054.0000,4053.8000,4053.6000,4053.4000,4053.0000,4055.4000,4055.6000,4055.8000,4056.0000,4056.2000,2,1,1,3,2,2,1,2,1,2
SF,IF2006,2020-02-19 09:54:46.400,4053.4000,24222,0,1730120820.000,0,-,-,-,-,4054.2000,4054.0000,4053.8000,4053.4000,4053.0000,4055.4000,4055.6000,4055.8000,4056.0000,4056.8000,1,2,1,4,2,1,1,2,1,4
SF,IF2006,2020-02-19 09:54:46.900,4053.4000,24222,0,1730120820.000,0,-,-,-,-,4054.2000,4054.0000,4053.8000,4053.4000,4053.0000,4055.4000,4055.6000,4055.8000,4056.0000,4056.8000,1,2,1,4,2,1,1,2,1,3
SF,IF2006,2020-02-19 09:54:47.400,4053.4000,24222,0,1730120820.000,0,-,-,-,-,4054.2000,4054.0000,4053.8000,4053.4000,4053.0000,4055.4000,4055.8000,4056.0000,4056.8000,4057.0000,1,2,1,4,2,2,2,1,3,1
SF,IF2006,2020-02-19 09:54:48.400,4053.4000,24222,0,1730120820.000,0,-,-,-,-,4054.2000,4054.0000,4053.8000,4053.4000,4053.0000,4055.2000,4055.4000,4055.8000,4056.0000,4056.8000,1,2,1,4,2,1,2,2,1,3
SF,IF2006,2020-02-19 09:54:48.900,4054.2000,24222,0,1731337080.000,1,0,1,多换,S,4054.0000,4053.8000,4053.4000,4053.0000,4052.8000,4055.2000,4055.4000,4056.0000,4056.8000,4057.0000,1,1,4,3,1,1,2,1,3,1
SF,IF2006,2020-02-19 09:54:49.400,4054.2000,24222,0,1731337080.000,0,-,-,-,-,4053.8000,4053.4000,4053.0000,4052.8000,4052.0000,4055.0000,4055.4000,4056.0000,4056.8000,4057.0000,1,2,3,1,1,2,2,1,3,1
SF,IF2006,2020-02-19 09:54:49.900,4054.2000,24222,0,1731337080.000,0,-,-,-,-,4053.8000,4053.4000,4053.0000,4052.8000,4052.0000,4054.8000,4055.4000,4056.0000,4056.8000,4057.0000,1,2,3,1,1,2,2,1,3,1
SF,IF2006,2020-02-19 09:54:50.400,4054.2000,24222,0,1731337080.000,0,-,-,-,-,4053.8000,4053.4000,4053.0000,4052.8000,4052.0000,4054.6000,4055.4000,4056.0000,4056.8000,4057.0000,1,2,2,1,1,2,1,1,3,1
SF,IF2006,2020-02-19 09:54:50.900,4054.2000,24222,0,1731337080.000,0,-,-,-,-,4053.8000,4053.4000,4053.0000,4052.8000,4052.0000,4055.4000,4056.0000,4056.8000,4057.0000,4057.8000,1,2,2,1,1,1,1,3,1,2
SF,IF2006,2020-02-19 09:54:51.400,4054.2000,24222,0,1731337080.000,0,-,-,-,-,4054.0000,4053.8000,4053.4000,4053.0000,4052.8000,4055.2000,4055.4000,4056.0000,4056.8000,4057.0000,1,1,2,2,1,2,1,1,3,1
SF,IF2006,2020-02-19 09:54:51.900,4054.2000,24222,0,1731337080.000,0,-,-,-,-,4054.0000,4053.8000,4053.4000,4053.0000,4052.8000,4055.2000,4055.4000,4056.0000,4056.8000,4057.0000,1,1,2,2,1,1,1,1,3,1
SF,IF2006,2020-02-19 09:54:52.400,4054.2000,24222,0,1731337080.000,0,-,-,-,-,4054.0000,4053.8000,4053.4000,4053.0000,4052.8000,4055.2000,4055.4000,4056.0000,4056.8000,4057.0000,1,1,1,2,1,1,1,1,3,1
SF,IF2006,2020-02-19 09:54:52.900,4054.2000,24222,0,1731337080.000,0,-,-,-,-,4054.0000,4053.8000,4053.4000,4053.0000,4052.8000,4055.2000,4055.4000,4056.0000,4056.8000,4057.0000,1,1,1,2,1,1,1,1,3,1
SF,IF2006,2020-02-19 09:54:53.400,4054.2000,24222,0,1731337080.000,0,-,-,-,-,4053.8000,4053.4000,4053.0000,4052.8000,4052.0000,4054.8000,4055.0000,4055.2000,4055.4000,4056.0000,1,1,2,1,1,1,4,1,1,1
SF,IF2006,2020-02-19 09:54:53.900,4054.2000,24222,0,1731337080.000,0,-,-,-,-,4053.8000,4053.4000,4053.0000,4052.8000,4052.0000,4054.8000,4055.0000,4055.2000,4055.4000,4056.0000,1,1,2,1,1,1,4,1,1,1
SF,IF2006,2020-02-19 09:54:54.400,4054.2000,24222,0,1731337080.000,0,-,-,-,-,4053.8000,4053.4000,4053.0000,4052.8000,4052.0000,4054.2000,4055.0000,4055.2000,4055.4000,4056.0000,1,1,2,1,1,1,4,1,1,1
SF,IF2006,2020-02-19 09:54:54.900,4054.2000,24222,0,1731337080.000,0,-,-,-,-,4053.8000,4053.4000,4053.0000,4052.8000,4052.0000,4054.2000,4055.0000,4055.2000,4055.4000,4056.0000,1,1,2,1,1,1,2,1,1,1
SF,IF2006,2020-02-19 09:54:57.400,4054.2000,24222,0,1731337080.000,0,-,-,-,-,4054.0000,4053.8000,4053.4000,4053.0000,4052.8000,4054.2000,4055.0000,4055.2000,4055.4000,4056.0000,1,1,1,2,1,1,2,1,1,1
SF,IF2006,2020-02-19 09:54:57.900,4054.2000,24220,-2,1733769540.000,2,0,2,双平,S,4053.8000,4053.4000,4053.0000,4052.8000,4052.0000,4055.0000,4055.2000,4055.4000,4056.0000,4056.8000,1,1,2,1,1,2,1,1,1,3
SF,IF2006,2020-02-19 09:54:58.400,4054.2000,24220,0,1733769540.000,0,-,-,-,-,4053.8000,4053.4000,4053.0000,4052.8000,4052.0000,4054.8000,4055.0000,4055.2000,4055.4000,4056.0000,1,1,2,1,1,3,2,1,1,1
SF,IF2006,2020-02-19 09:54:58.900,4054.2000,24220,0,1733769540.000,0,-,-,-,-,4053.8000,4053.4000,4053.0000,4052.8000,4052.0000,4054.8000,4055.0000,4055.2000,4055.4000,4056.0000,1,1,2,1,1,3,2,1,1,1
SF,IF2006,2020-02-19 09:54:59.400,4054.2000,24220,0,1733769540.000,0,-,-,-,-,4053.8000,4053.4000,4053.0000,4052.0000,4051.2000,4054.8000,4055.0000,4055.2000,4055.4000,4056.0000,1,1,2,1,1,3,2,1,1,1
SF,IF2006,2020-02-19 09:54:59.900,4054.2000,24220,0,1733769540.000,0,-,-,-,-,4053.8000,4053.4000,4053.0000,4052.0000,4051.2000,4054.6000,4054.8000,4055.0000,4055.4000,4056.0000,1,1,2,1,1,1,3,2,1,1
SF,IF2006,2020-02-19 09:55:00.400,4053.8000,24220,0,1734985680.000,1,0,1,多换,S,4053.4000,4053.0000,4052.0000,4051.2000,4051.0000,4054.4000,4054.6000,4055.4000,4056.0000,4056.8000,1,2,1,1,2,1,1,1,1,5
SF,IF2006,2020-02-19 09:55:00.900,4053.8000,24220,0,1734985680.000,0,-,-,-,-,4053.4000,4053.0000,4052.0000,4051.2000,4051.0000,4054.4000,4054.6000,4055.0000,4055.4000,4056.0000,1,2,1,1,2,1,1,5,1,1
SF,IF2006,2020-02-19 09:55:01.400,4054.6000,24220,0,1736202060.000,1,0,1,多换,S,4053.4000,4053.0000,4052.0000,4051.2000,4051.0000,4055.0000,4055.4000,4056.0000,4056.8000,4057.0000,1,2,1,1,2,5,1,1,5,1
SF,IF2006,2020-02-19 09:55:01.900,4054.6000,24220,0,1736202060.000,0,-,-,-,-,4053.6000,4053.4000,4053.0000,4052.0000,4051.2000,4054.4000,4055.0000,4055.4000,4056.0000,4056.8000,5,2,2,1,1,1,5,1,1,5
SF,IF2006,2020-02-19 09:55:02.900,4054.4000,24220,0,1737418380.000,1,0,1,多换,S,4053.6000,4053.4000,4053.0000,4052.0000,4051.2000,4055.0000,4055.4000,4056.0000,4056.8000,4057.0000,5,2,2,1,1,5,1,1,5,1
SF,IF2006,2020-02-19 09:55:03.400,4053.6000,24218,-2,1741066620.000,3,0,3,多平,S,4053.8000,4053.6000,4053.4000,4053.0000,4052.0000,4055.0000,4055.4000,4056.0000,4056.8000,4057.0000,1,2,2,2,1,5,1,1,5,1
SF,IF2006,2020-02-19 09:55:03.900,4053.6000,24218,0,1741066620.000,0,-,-,-,-,4053.8000,4053.6000,4053.4000,4053.0000,4052.0000,4054.8000,4055.0000,4055.4000,4056.0000,4056.8000,1,2,2,2,1,4,5,1,1,3
SF,IF2006,2020-02-19 09:55:04.400,4054.8000,24219,1,1742283060.000,1,1,0,双开,S,4053.8000,4053.6000,4053.4000,4053.0000,4052.0000,4054.8000,4055.0000,4055.4000,4056.0000,4056.8000,1,2,2,2,1,2,5,1,1,3
SF,IF2006,2020-02-19 09:55:04.900,4054.8000,24219,0,1742283060.000,0,-,-,-,-,4053.8000,4053.6000,4053.4000,4053.0000,4052.0000,4054.8000,4055.0000,4055.4000,4056.0000,4056.8000,1,1,2,2,1,2,5,1,1,3
SF,IF2006,2020-02-19 09:55:05.400,4054.8000,24219,0,1742283060.000,0,-,-,-,-,4053.8000,4053.6000,4053.4000,4053.0000,4052.0000,4054.8000,4055.0000,4055.4000,4056.0000,4056.8000,1,1,2,2,1,1,5,1,1,3
SF,IF2006,2020-02-19 09:55:05.900,4054.8000,24219,0,1742283060.000,0,-,-,-,-,4054.0000,4053.8000,4053.6000,4053.4000,4053.0000,4054.8000,4055.0000,4056.0000,4056.8000,4057.0000,1,1,1,2,2,1,5,1,3,1
SF,IF2006,2020-02-19 09:55:06.400,4054.8000,24219,0,1742283060.000,0,-,-,-,-,4053.8000,4053.6000,4053.4000,4053.0000,4052.0000,4054.8000,4055.0000,4056.0000,4056.8000,4057.0000,1,1,2,2,1,1,5,1,3,1
SF,IF2006,2020-02-19 09:55:06.900,4054.8000,24219,0,1742283060.000,0,-,-,-,-,4054.0000,4053.8000,4053.6000,4053.4000,4053.0000,4055.0000,4056.0000,4056.8000,4057.0000,4057.8000,1,1,1,2,2,5,1,3,1,2
SF,IF2006,2020-02-19 09:55:07.400,4054.8000,24219,0,1742283060.000,0,-,-,-,-,4054.0000,4053.8000,4053.6000,4053.4000,4053.0000,4054.8000,4055.0000,4056.0000,4056.8000,4057.0000,1,1,1,2,2,1,5,1,3,1
SF,IF2006,2020-02-19 09:55:07.900,4054.8000,24219,0,1742283060.000,0,-,-,-,-,4054.0000,4053.8000,4053.6000,4053.4000,4053.0000,4054.8000,4055.0000,4056.0000,4056.8000,4057.0000,1,1,1,1,2,1,5,1,3,1
SF,IF2006,2020-02-19 09:55:08.900,4054.8000,24219,0,1742283060.000,0,-,-,-,-,4053.8000,4053.6000,4053.4000,4053.0000,4052.0000,4055.0000,4055.2000,4056.0000,4056.8000,4057.0000,1,1,1,2,1,5,8,1,3,1
SF,IF2006,2020-02-19 09:55:09.400,4054.8000,24219,0,1742283060.000,0,-,-,-,-,4054.0000,4053.8000,4053.6000,4053.4000,4053.0000,4055.0000,4055.2000,4056.0000,4056.8000,4057.0000,1,1,1,1,2,5,8,1,3,1
SF,IF2006,2020-02-19 09:55:10.400,4054.8000,24219,0,1742283060.000,0,-,-,-,-,4053.8000,4053.6000,4053.4000,4053.0000,4052.0000,4055.0000,4055.2000,4056.0000,4056.8000,4057.0000,1,1,1,2,1,5,8,1,3,1
SF,IF2006,2020-02-19 09:55:10.900,4054.8000,24219,0,1742283060.000,0,-,-,-,-,4054.0000,4053.8000,4053.6000,4053.4000,4053.0000,4055.0000,4055.2000,4056.0000,4056.8000,4057.0000,2,2,1,1,2,5,8,1,3,1
SF,IF2006,2020-02-19 09:55:11.400,4054.8000,24219,0,1742283060.000,0,-,-,-,-,4054.0000,4053.8000,4053.6000,4053.4000,4053.0000,4055.0000,4055.2000,4056.0000,4056.8000,4057.0000,1,2,1,1,2,5,8,1,3,1
SF,IF2006,2020-02-19 09:55:11.900,4054.8000,24219,0,1742283060.000,0,-,-,-,-,4054.2000,4054.0000,4053.8000,4053.6000,4053.4000,4055.0000,4055.2000,4056.0000,4056.8000,4057.0000,1,1,2,1,1,5,8,1,3,1
SF,IF2006,2020-02-19 09:55:12.400,4054.8000,24219,0,1742283060.000,0,-,-,-,-,4054.2000,4054.0000,4053.8000,4053.6000,4053.4000,4055.0000,4055.2000,4056.0000,4056.8000,4057.0000,1,1,2,1,1,5,8,1,3,1
SF,IF2006,2020-02-19 09:55:12.900,4054.8000,24219,0,1742283060.000,0,-,-,-,-,4054.2000,4054.0000,4053.8000,4053.6000,4053.4000,4055.0000,4055.2000,4056.0000,4056.8000,4057.0000,1,1,2,1,1,5,8,1,3,1
SF,IF2006,2020-02-19 09:55:13.400,4054.8000,24219,0,1742283060.000,0,-,-,-,-,4054.2000,4054.0000,4053.8000,4053.6000,4053.4000,4055.0000,4055.2000,4056.0000,4056.8000,4057.0000,1,1,2,1,1,5,8,1,3,1
SF,IF2006,2020-02-19 09:55:14.900,4054.8000,24219,0,1742283060.000,0,-,-,-,-,4054.2000,4054.0000,4053.8000,4053.6000,4053.4000,4055.0000,4055.2000,4056.0000,4056.8000,4057.0000,1,1,2,1,1,5,8,1,3,1
SF,IF2006,2020-02-19 09:55:15.900,4055.0000,24219,0,1743499560.000,1,0,1,多换,S,4054.2000,4054.0000,4053.8000,4053.6000,4053.4000,4055.0000,4055.2000,4056.0000,4056.8000,4057.0000,1,1,2,1,1,4,8,1,3,1
SF,IF2006,2020-02-19 09:55:16.400,4055.0000,24219,0,1748365560.000,4,2,2,多换,S,4054.6000,4054.4000,4054.2000,4054.0000,4053.8000,4055.2000,4056.0000,4056.8000,4057.0000,4057.8000,1,2,1,1,2,8,1,3,1,2
SF,IF2006,2020-02-19 09:55:16.900,4055.0000,24219,0,1748365560.000,0,-,-,-,-,4055.0000,4054.6000,4054.4000,4054.2000,4053.8000,4055.2000,4056.0000,4056.8000,4057.0000,4057.8000,1,1,2,1,2,8,1,1,1,2
SF,IF2006,2020-02-19 09:55:17.400,4055.2000,24221,2,1758098040.000,8,5,3,空开,S,4055.2000,4054.6000,4054.4000,4054.2000,4053.8000,4056.0000,4057.0000,4057.8000,4058.2000,4058.6000,2,1,2,1,2,1,1,2,1,1
SF,IF2006,2020-02-19 09:55:17.900,4055.2000,24221,0,1758098040.000,0,-,-,-,-,4055.2000,4054.6000,4054.4000,4054.2000,4053.8000,4057.0000,4057.8000,4058.2000,4058.6000,4058.8000,3,1,2,1,1,1,2,1,1,3
SF,IF2006,2020-02-19 09:55:18.400,4055.2000,24221,0,1758098040.000,0,-,-,-,-,4055.4000,4055.2000,4054.6000,4054.2000,4053.8000,4056.2000,4056.4000,4056.6000,4057.0000,4057.8000,1,2,1,1,1,1,1,3,1,2
SF,IF2006,2020-02-19 09:55:18.900,4055.2000,24221,0,1758098040.000,0,-,-,-,-,4055.2000,4054.6000,4054.2000,4053.8000,4053.4000,4056.2000,4056.4000,4057.0000,4057.8000,4058.2000,1,1,1,1,1,1,1,1,2,1
SF,IF2006,2020-02-19 09:55:19.400,4055.2000,24221,0,1759314600.000,1,0,1,多换,S,4054.6000,4054.2000,4053.8000,4053.4000,4053.0000,4055.2000,4055.8000,4056.0000,4056.4000,4057.0000,1,1,1,1,2,1,2,3,1,1
SF,IF2006,2020-02-19 09:55:19.900,4055.2000,24221,0,1759314600.000,0,-,-,-,-,4054.2000,4053.8000,4053.4000,4053.0000,4052.0000,4054.6000,4055.0000,4056.0000,4057.0000,4057.8000,1,1,1,2,1,1,2,1,1,2
SF,IF2006,2020-02-19 09:55:20.400,4055.2000,24221,0,1759314600.000,0,-,-,-,-,4054.2000,4053.8000,4053.4000,4053.0000,4052.0000,4055.0000,4056.0000,4057.0000,4057.8000,4058.0000,1,1,1,2,1,2,1,1,2,1
SF,IF2006,2020-02-19 09:55:20.900,4055.2000,24221,0,1760531160.000,1,0,1,多换,S,4054.6000,4054.2000,4053.8000,4053.4000,4053.0000,4055.0000,4056.0000,4057.0000,4057.8000,4058.0000,1,1,1,1,2,1,1,1,2,1
SF,IF2006,2020-02-19 09:55:21.400,4055.2000,24221,0,1760531160.000,0,-,-,-,-,4054.6000,4054.2000,4053.8000,4053.4000,4053.0000,4055.0000,4056.0000,4057.0000,4057.8000,4058.0000,1,1,1,1,2,1,1,1,2,1
SF,IF2006,2020-02-19 09:55:21.900,4055.2000,24221,0,1760531160.000,0,-,-,-,-,4054.6000,4054.2000,4053.8000,4053.4000,4053.0000,4056.0000,4057.0000,4057.8000,4058.0000,4058.2000,1,1,1,1,2,1,1,2,2,1
SF,IF2006,2020-02-19 09:55:22.400,4055.2000,24221,0,1760531160.000,0,-,-,-,-,4054.6000,4054.2000,4053.8000,4053.4000,4053.0000,4055.6000,4055.8000,4056.0000,4057.0000,4057.8000,1,1,1,1,2,2,3,1,1,2
SF,IF2006,2020-02-19 09:55:22.900,4055.2000,24221,0,1760531160.000,0,-,-,-,-,4054.6000,4054.2000,4053.8000,4053.4000,4053.0000,4055.6000,4055.8000,4056.0000,4057.0000,4057.8000,1,1,1,1,2,2,3,1,1,2
SF,IF2006,2020-02-19 09:55:23.400,4055.2000,24221,0,1760531160.000,0,-,-,-,-,4055.0000,4054.6000,4054.2000,4053.8000,4053.4000,4055.8000,4056.0000,4057.0000,4057.8000,4058.0000,1,1,1,1,1,3,1,1,2,2
SF,IF2006,2020-02-19 09:55:24.400,4055.2000,24221,0,1760531160.000,0,-,-,-,-,4055.0000,4054.6000,4054.2000,4053.8000,4053.4000,4056.0000,4057.0000,4057.8000,4058.0000,4058.2000,1,1,1,2,1,1,1,2,2,1
SF,IF2006,2020-02-19 09:55:24.900,4055.2000,24221,0,1760531160.000,0,-,-,-,-,4055.0000,4054.6000,4054.2000,4053.8000,4053.4000,4057.0000,4057.8000,4058.0000,4058.2000,4058.6000,2,1,1,2,1,1,2,2,1,1
SF,IF2006,2020-02-19 09:55:25.400,4055.2000,24221,0,1760531160.000,0,-,-,-,-,4055.2000,4055.0000,4054.6000,4054.2000,4053.8000,4056.8000,4057.0000,4057.8000,4058.0000,4058.2000,2,2,1,1,2,7,1,2,2,1
SF,IF2006,2020-02-19 09:55:25.900,4055.2000,24221,0,1760531160.000,0,-,-,-,-,4055.2000,4055.0000,4054.6000,4054.2000,4053.8000,4056.4000,4056.6000,4056.8000,4057.0000,4057.8000,1,2,1,1,2,2,2,4,1,2
SF,IF2006,2020-02-19 09:55:26.400,4055.2000,24221,0,1760531160.000,0,-,-,-,-,4055.2000,4055.0000,4054.6000,4054.2000,4053.8000,4056.2000,4056.4000,4056.8000,4057.0000,4057.8000,1,2,1,1,2,1,2,4,1,2
SF,IF2006,2020-02-19 09:55:26.900,4055.2000,24221,0,1760531160.000,0,-,-,-,-,4055.2000,4055.0000,4054.6000,4054.2000,4053.8000,4056.2000,4056.4000,4056.8000,4057.0000,4057.8000,1,2,1,1,2,1,2,3,1,2
SF,IF2006,2020-02-19 09:55:27.400,4055.2000,24221,0,1760531160.000,0,-,-,-,-,4055.2000,4055.0000,4054.6000,4054.2000,4053.8000,4056.0000,4056.2000,4056.4000,4056.8000,4057.0000,1,2,1,1,2,1,1,2,3,1
SF,IF2006,2020-02-19 09:55:27.900,4055.2000,24221,0,1760531160.000,0,-,-,-,-,4055.2000,4055.0000,4054.6000,4054.2000,4053.8000,4056.2000,4056.4000,4056.8000,4057.0000,4057.8000,1,2,1,1,2,1,2,3,1,2
SF,IF2006,2020-02-19 09:55:28.400,4055.2000,24221,0,1760531160.000,0,-,-,-,-,4055.2000,4055.0000,4054.6000,4054.2000,4053.8000,4056.0000,4056.2000,4056.4000,4056.8000,4057.0000,1,2,1,1,2,1,1,2,3,1
SF,IF2006,2020-02-19 09:55:28.900,4055.2000,24221,0,1760531160.000,0,-,-,-,-,4055.2000,4055.0000,4054.6000,4054.2000,4053.8000,4056.2000,4056.4000,4056.8000,4057.0000,4057.8000,1,2,1,1,2,1,2,3,1,2
SF,IF2006,2020-02-19 09:55:30.400,4055.2000,24221,0,1760531160.000,0,-,-,-,-,4055.4000,4055.2000,4055.0000,4054.6000,4054.2000,4056.2000,4056.4000,4056.8000,4057.0000,4057.8000,1,1,2,1,1,1,2,3,1,2
SF,IF2006,2020-02-19 09:55:30.900,4055.2000,24221,0,1760531160.000,0,-,-,-,-,4055.2000,4055.0000,4054.6000,4054.2000,4053.8000,4056.8000,4057.0000,4057.8000,4058.0000,4058.2000,1,2,1,1,2,3,1,2,2,1
SF,IF2006,2020-02-19 09:55:31.400,4055.2000,24221,0,1760531160.000,0,-,-,-,-,4055.4000,4055.2000,4055.0000,4054.6000,4054.2000,4056.8000,4057.0000,4057.8000,4058.0000,4058.2000,2,1,2,1,1,2,1,2,2,1
SF,IF2006,2020-02-19 09:55:31.900,4055.2000,24221,0,1760531160.000,0,-,-,-,-,4055.8000,4055.4000,4055.2000,4055.0000,4054.6000,4056.8000,4057.0000,4057.8000,4058.0000,4058.2000,1,1,1,2,1,2,1,2,2,1
SF,IF2006,2020-02-19 09:55:32.400,4055.2000,24221,0,1760531160.000,0,-,-,-,-,4055.8000,4055.2000,4055.0000,4054.6000,4053.8000,4056.8000,4057.0000,4057.8000,4058.0000,4058.2000,2,1,2,1,2,2,1,2,2,1
SF,IF2006,2020-02-19 09:55:32.900,4055.2000,24221,0,1760531160.000,0,-,-,-,-,4056.0000,4055.8000,4055.2000,4055.0000,4054.6000,4056.8000,4057.0000,4057.8000,4058.0000,4058.2000,1,1,1,2,1,2,1,2,2,1
SF,IF2006,2020-02-19 09:55:33.400,4055.2000,24221,0,1760531160.000,0,-,-,-,-,4056.0000,4055.8000,4055.2000,4055.0000,4054.6000,4056.8000,4057.0000,4057.8000,4058.0000,4058.2000,1,1,1,2,1,1,1,2,2,1
SF,IF2006,2020-02-19 09:55:33.900,4056.0000,24221,0,1762965000.000,2,1,1,多换,S,4055.8000,4055.2000,4055.0000,4054.6000,4053.8000,4057.0000,4057.8000,4058.0000,4058.2000,4058.6000,1,1,2,1,2,1,2,2,1,1
SF,IF2006,2020-02-19 09:55:34.400,4057.0000,24220,-1,1764182100.000,1,0,1,双平,S,4056.0000,4055.8000,4055.2000,4055.0000,4054.6000,4057.8000,4058.0000,4058.2000,4058.6000,4058.8000,3,1,1,2,1,2,2,1,1,3
SF,IF2006,2020-02-19 09:55:34.900,4057.0000,24220,0,1764182100.000,0,-,-,-,-,4056.2000,4056.0000,4055.8000,4055.0000,4054.6000,4057.6000,4057.8000,4058.0000,4058.2000,4058.6000,1,3,1,2,1,1,2,2,1,1
SF,IF2006,2020-02-19 09:55:35.400,4057.6000,24220,0,1765399380.000,1,0,1,多换,S,4056.0000,4055.8000,4055.0000,4054.6000,4053.8000,4057.8000,4058.0000,4058.2000,4058.6000,4058.8000,3,1,2,1,2,2,2,1,1,3
SF,IF2006,2020-02-19 09:55:35.900,4057.6000,24220,0,1765399380.000,0,-,-,-,-,4056.4000,4056.0000,4055.8000,4055.0000,4054.6000,4057.8000,4058.0000,4058.2000,4058.6000,4058.8000,1,2,1,2,1,2,2,1,1,3
SF,IF2006,2020-02-19 09:55:36.900,4057.8000,24221,1,1766616720.000,1,1,0,双开,S,4056.6000,4056.4000,4056.2000,4056.0000,4055.8000,4057.8000,4058.0000,4058.2000,4058.6000,4058.8000,1,1,1,1,1,1,2,1,1,3
SF,IF2006,2020-02-19 09:55:37.400,4057.8000,24221,0,1766616720.000,0,-,-,-,-,4056.8000,4056.6000,4056.2000,4055.8000,4055.0000,4057.8000,4058.0000,4058.2000,4058.6000,4058.8000,2,1,1,1,2,1,2,1,1,3
SF,IF2006,2020-02-19 09:55:37.900,4057.8000,24222,1,1767834060.000,1,1,0,双开,S,4056.8000,4056.6000,4056.2000,4055.8000,4055.0000,4058.0000,4058.2000,4058.6000,4058.8000,4059.0000,2,1,1,1,2,2,1,1,3,2
SF,IF2006,2020-02-19 09:55:38.400,4057.8000,24222,0,1767834060.000,0,-,-,-,-,4056.8000,4056.6000,4056.2000,4055.8000,4055.0000,4058.0000,4058.2000,4058.6000,4058.8000,4059.0000,2,1,1,1,2,2,1,1,3,2
SF,IF2006,2020-02-19 09:55:40.900,4057.8000,24222,0,1767834060.000,0,-,-,-,-,4056.8000,4056.6000,4056.2000,4055.8000,4055.0000,4057.8000,4058.0000,4058.2000,4058.6000,4058.8000,3,1,1,1,2,1,2,1,1,3
SF,IF2006,2020-02-19 09:55:41.400,4057.8000,24222,0,1769051400.000,1,0,1,多换,S,4056.8000,4056.6000,4056.2000,4055.8000,4055.0000,4058.0000,4058.2000,4058.6000,4058.8000,4059.0000,2,1,1,1,2,2,1,1,3,2
SF,IF2006,2020-02-19 09:55:41.900,4057.8000,24222,0,1769051400.000,0,-,-,-,-,4057.8000,4056.8000,4056.6000,4056.2000,4055.8000,4058.0000,4058.2000,4058.6000,4058.8000,4059.0000,1,3,1,1,1,2,1,1,3,2
SF,IF2006,2020-02-19 09:55:42.400,4057.8000,24222,0,1770268740.000,1,0,1,多换,S,4056.8000,4056.6000,4056.2000,4055.8000,4055.0000,4058.0000,4058.2000,4058.6000,4058.8000,4059.0000,1,1,1,1,2,2,1,1,3,2
SF,IF2006,2020-02-19 09:55:42.900,4057.8000,24222,0,1770268740.000,0,-,-,-,-,4057.0000,4056.8000,4056.6000,4056.2000,4055.8000,4058.0000,4058.2000,4058.6000,4058.8000,4059.0000,1,2,1,1,1,2,1,1,3,2
SF,IF2006,2020-02-19 09:55:43.400,4057.8000,24222,0,1770268740.000,0,-,-,-,-,4057.0000,4056.8000,4056.6000,4056.2000,4055.8000,4058.0000,4058.2000,4058.6000,4058.8000,4059.0000,1,1,1,1,1,2,1,1,3,2
SF,IF2006,2020-02-19 09:55:43.900,4057.8000,24222,0,1770268740.000,0,-,-,-,-,4057.2000,4057.0000,4056.6000,4056.2000,4055.8000,4058.0000,4058.2000,4058.6000,4058.8000,4059.0000,1,1,1,1,1,2,1,1,3,2
SF,IF2006,2020-02-19 09:55:44.900,4057.8000,24222,0,1770268740.000,0,-,-,-,-,4057.2000,4057.0000,4056.6000,4056.2000,4055.8000,4058.0000,4058.2000,4058.4000,4058.6000,4058.8000,1,1,1,1,1,2,1,1,1,3
SF,IF2006,2020-02-19 09:55:45.900,4057.8000,24222,0,1770268740.000,0,-,-,-,-,4057.2000,4057.0000,4056.6000,4056.2000,4055.8000,4057.8000,4058.0000,4058.2000,4058.4000,4058.6000,1,1,1,1,1,1,2,1,1,1
SF,IF2006,2020-02-19 09:55:46.400,4057.8000,24222,0,1770268740.000,0,-,-,-,-,4057.0000,4056.6000,4056.2000,4055.8000,4055.0000,4057.8000,4058.0000,4058.2000,4058.4000,4058.6000,1,1,1,1,2,1,2,1,1,1
SF,IF2006,2020-02-19 09:55:47.400,4057.8000,24222,0,1770268740.000,0,-,-,-,-,4056.6000,4056.2000,4055.8000,4055.0000,4054.6000,4057.8000,4058.0000,4058.2000,4058.4000,4058.6000,1,1,1,2,1,1,2,1,1,1
SF,IF2006,2020-02-19 09:55:48.900,4057.8000,24222,0,1770268740.000,0,-,-,-,-,4056.2000,4055.8000,4055.0000,4054.6000,4053.8000,4057.6000,4057.8000,4058.0000,4058.2000,4058.4000,1,1,2,1,2,3,1,2,1,1
SF,IF2006,2020-02-19 09:55:49.400,4057.8000,24222,0,1770268740.000,0,-,-,-,-,4056.4000,4056.2000,4055.8000,4055.0000,4054.6000,4057.6000,4057.8000,4058.0000,4058.4000,4058.6000,1,2,1,2,1,3,1,2,1,1
SF,IF2006,2020-02-19 09:55:50.400,4057.8000,24222,0,1770268740.000,0,-,-,-,-,4056.6000,4056.4000,4056.2000,4055.8000,4055.0000,4057.8000,4058.0000,4058.4000,4058.6000,4058.8000,2,1,2,1,2,1,2,1,1,3
SF,IF2006,2020-02-19 09:55:50.900,4057.8000,24222,0,1770268740.000,0,-,-,-,-,4056.6000,4056.4000,4055.8000,4055.0000,4054.6000,4057.6000,4057.8000,4058.0000,4058.4000,4058.6000,2,1,1,2,1,1,1,2,1,1
SF,IF2006,2020-02-19 09:55:51.400,4057.8000,24222,0,1770268740.000,0,-,-,-,-,4056.6000,4056.4000,4055.8000,4055.0000,4054.6000,4057.8000,4058.0000,4058.4000,4058.6000,4058.8000,2,1,1,2,1,1,2,1,1,3
SF,IF2006,2020-02-19 09:55:52.400,4057.8000,24222,0,1770268740.000,0,-,-,-,-,4056.6000,4056.4000,4055.0000,4054.6000,4053.8000,4057.8000,4058.0000,4058.4000,4058.6000,4058.8000,3,1,2,1,2,1,2,1,1,3
SF,IF2006,2020-02-19 09:55:54.400,4057.8000,24222,0,1770268740.000,0,-,-,-,-,4056.6000,4056.4000,4055.0000,4054.6000,4053.8000,4057.6000,4057.8000,4058.0000,4058.4000,4058.6000,3,1,2,1,2,1,1,2,1,1
SF,IF2006,2020-02-19 09:55:54.900,4057.8000,24222,0,1770268740.000,0,-,-,-,-,4056.6000,4055.0000,4054.6000,4053.8000,4053.2000,4057.6000,4057.8000,4058.0000,4058.4000,4058.6000,3,2,1,2,1,1,1,2,1,1
SF,IF2006,2020-02-19 09:55:55.400,4057.8000,24222,0,1770268740.000,0,-,-,-,-,4056.6000,4055.0000,4054.6000,4053.8000,4053.2000,4057.6000,4057.8000,4058.0000,4058.4000,4058.6000,2,2,1,2,1,1,1,2,1,1
SF,IF2006,2020-02-19 09:55:55.900,4056.6000,24222,0,1772702700.000,2,1,1,多换,S,4055.0000,4054.6000,4053.8000,4053.2000,4053.0000,4057.4000,4057.6000,4057.8000,4058.0000,4058.4000,2,1,2,1,2,1,1,1,2,1
SF,IF2006,2020-02-19 09:55:56.400,4056.6000,24222,0,1772702700.000,0,-,-,-,-,4055.8000,4055.6000,4055.4000,4055.2000,4055.0000,4057.2000,4057.6000,4057.8000,4058.0000,4058.4000,1,1,2,2,2,2,1,1,2,1
SF,IF2006,2020-02-19 09:55:56.900,4057.2000,24223,1,1775137020.000,2,1,1,空开,S,4057.4000,4055.8000,4055.6000,4055.4000,4055.2000,4057.6000,4057.8000,4058.0000,4058.4000,4058.6000,3,1,1,2,2,1,1,2,1,1
SF,IF2006,2020-02-19 09:55:57.400,4057.4000,24223,0,1778788680.000,3,1,2,多换,S,4055.6000,4055.4000,4055.2000,4055.0000,4054.6000,4057.4000,4057.8000,4058.0000,4058.4000,4058.6000,1,1,2,2,1,2,1,2,1,1
SF,IF2006,2020-02-19 09:55:57.900,4057.4000,24223,0,1778788680.000,0,-,-,-,-,4056.0000,4055.8000,4055.6000,4055.4000,4055.2000,4057.4000,4057.8000,4058.0000,4058.4000,4058.6000,1,2,1,1,1,2,1,2,1,1
SF,IF2006,2020-02-19 09:55:58.400,4057.4000,24223,0,1778788680.000,0,-,-,-,-,4056.2000,4056.0000,4055.8000,4055.6000,4055.4000,4057.2000,4057.4000,4057.8000,4058.0000,4058.4000,1,1,1,1,1,1,2,1,2,1
SF,IF2006,2020-02-19 09:55:59.900,4057.4000,24223,0,1778788680.000,0,-,-,-,-,4056.2000,4056.0000,4055.8000,4055.6000,4055.2000,4057.2000,4057.4000,4057.8000,4058.0000,4058.4000,1,1,1,1,1,1,2,1,2,1
SF,IF2006,2020-02-19 09:56:00.900,4057.2000,24224,1,1781223000.000,2,1,1,空开,S,4057.2000,4056.2000,4056.0000,4055.8000,4055.6000,4057.4000,4057.8000,4058.0000,4058.4000,4058.6000,3,2,1,1,1,2,1,2,1,1
SF,IF2006,2020-02-19 09:56:01.400,4057.2000,24224,0,1784874480.000,3,1,2,多换,S,4056.2000,4056.0000,4055.6000,4055.2000,4055.0000,4057.8000,4058.0000,4058.4000,4058.6000,4058.8000,2,1,1,1,2,1,2,1,1,3
SF,IF2006,2020-02-19 09:56:01.900,4057.2000,24224,0,1784874480.000,0,-,-,-,-,4056.2000,4056.0000,4055.6000,4055.2000,4055.0000,4057.6000,4057.8000,4058.0000,4058.4000,4058.6000,3,1,1,1,2,1,1,2,1,1
SF,IF2006,2020-02-19 09:56:02.900,4057.2000,24224,0,1784874480.000,0,-,-,-,-,4056.6000,4056.4000,4056.2000,4056.0000,4055.6000,4057.6000,4057.8000,4058.0000,4058.4000,4058.6000,1,2,4,1,1,1,1,2,1,1
SF,IF2006,2020-02-19 09:56:03.400,4057.8000,24224,0,1787309100.000,2,1,1,多换,S,4056.8000,4056.4000,4056.2000,4055.6000,4055.2000,4058.0000,4058.4000,4058.6000,4058.8000,4059.0000,2,2,3,1,1,2,1,1,4,2
SF,IF2006,2020-02-19 09:56:03.900,4057.8000,24224,0,1787309100.000,0,-,-,-,-,4057.0000,4056.8000,4056.2000,4055.6000,4055.2000,4058.0000,4058.4000,4058.6000,4058.8000,4059.0000,5,1,3,1,1,2,1,1,4,2
SF,IF2006,2020-02-19 09:56:04.400,4058.0000,24222,-2,1789743900.000,2,0,2,双平,S,4057.2000,4057.0000,4056.2000,4055.6000,4055.2000,4058.4000,4058.6000,4058.8000,4059.0000,4059.8000,2,4,3,1,1,1,1,4,2,1
SF,IF2006,2020-02-19 09:56:04.900,4058.0000,24222,0,1789743900.000,0,-,-,-,-,4057.2000,4057.0000,4056.2000,4055.6000,4055.2000,4058.4000,4058.6000,4058.8000,4059.0000,4059.8000,1,4,3,1,1,1,1,4,2,1
SF,IF2006,2020-02-19 09:56:05.400,4058.0000,24222,0,1789743900.000,0,-,-,-,-,4057.2000,4057.0000,4056.2000,4055.6000,4055.2000,4058.2000,4058.4000,4058.6000,4058.8000,4059.0000,1,4,3,1,1,1,1,1,4,2
SF,IF2006,2020-02-19 09:56:05.900,4058.0000,24222,0,1789743900.000,0,-,-,-,-,4057.2000,4057.0000,4056.2000,4055.6000,4055.2000,4058.0000,4058.4000,4058.6000,4058.8000,4059.0000,1,1,3,1,1,1,1,1,4,2
SF,IF2006,2020-02-19 09:56:06.400,4058.0000,24222,0,1789743900.000,0,-,-,-,-,4057.0000,4056.2000,4055.6000,4055.2000,4055.0000,4058.0000,4058.4000,4058.6000,4058.8000,4059.0000,1,3,1,1,2,1,1,1,4,2
SF,IF2006,2020-02-19 09:56:06.900,4058.0000,24222,0,1789743900.000,0,-,-,-,-,4056.2000,4055.6000,4055.2000,4055.0000,4054.6000,4058.0000,4058.4000,4058.6000,4058.8000,4059.0000,3,1,1,2,1,1,1,1,4,2
SF,IF2006,2020-02-19 09:56:07.400,4058.0000,24222,0,1789743900.000,0,-,-,-,-,4057.4000,4056.4000,4056.2000,4055.6000,4055.2000,4057.8000,4058.0000,4058.4000,4058.6000,4058.8000,2,1,3,1,1,1,1,1,1,4
SF,IF2006,2020-02-19 09:56:07.900,4057.4000,24220,-2,1792178340.000,2,0,2,双平,S,4056.4000,4056.2000,4055.6000,4055.2000,4055.0000,4057.4000,4058.0000,4058.4000,4058.6000,4058.8000,1,2,1,1,2,3,1,1,1,4
SF,IF2006,2020-02-19 09:56:09.400,4057.4000,24220,0,1792178340.000,0,-,-,-,-,4056.4000,4056.2000,4055.6000,4055.2000,4055.0000,4057.4000,4058.4000,4058.6000,4058.8000,4059.0000,1,2,1,1,2,3,1,1,4,2
SF,IF2006,2020-02-19 09:56:10.400,4057.4000,24220,0,1792178340.000,0,-,-,-,-,4056.4000,4056.2000,4055.6000,4055.2000,4055.0000,4057.4000,4058.4000,4058.6000,4058.8000,4059.0000,1,2,1,1,2,2,1,1,4,2
SF,IF2006,2020-02-19 09:56:11.900,4057.4000,24219,-1,1793395560.000,1,0,1,双平,S,4056.4000,4056.2000,4055.6000,4055.2000,4055.0000,4057.4000,4058.4000,4058.6000,4058.8000,4059.0000,1,2,1,1,2,1,1,1,4,2
SF,IF2006,2020-02-19 09:56:12.400,4057.4000,24219,0,1793395560.000,0,-,-,-,-,4056.6000,4056.4000,4056.2000,4055.6000,4055.2000,4057.4000,4058.4000,4058.6000,4058.8000,4059.0000,1,1,2,1,1,1,1,1,4,2
SF,IF2006,2020-02-19 09:56:12.900,4057.4000,24219,0,1793395560.000,0,-,-,-,-,4056.4000,4056.2000,4055.6000,4055.2000,4055.0000,4058.4000,4058.6000,4058.8000,4059.0000,4059.8000,1,2,1,1,2,1,1,4,2,1
SF,IF2006,2020-02-19 09:56:13.400,4057.4000,24219,0,1793395560.000,0,-,-,-,-,4056.4000,4056.2000,4055.6000,4055.2000,4055.0000,4058.0000,4058.2000,4058.4000,4058.6000,4058.8000,1,2,1,1,2,2,5,1,1,4
SF,IF2006,2020-02-19 09:56:14.900,4057.4000,24219,0,1793395560.000,0,-,-,-,-,4056.6000,4056.4000,4056.2000,4055.6000,4055.2000,4058.0000,4058.2000,4058.4000,4058.6000,4058.8000,1,1,2,1,1,2,4,1,1,4
SF,IF2006,2020-02-19 09:56:15.400,4056.6000,24220,1,1794612540.000,1,1,0,双开,S,4056.4000,4056.2000,4055.6000,4055.2000,4055.0000,4058.0000,4058.2000,4058.4000,4058.6000,4058.8000,1,2,1,1,2,1,4,1,1,4
SF,IF2006,2020-02-19 09:56:15.900,4056.6000,24219,-1,1795829520.000,1,0,1,双平,S,4056.6000,4056.4000,4056.2000,4055.6000,4055.2000,4058.0000,4058.2000,4058.4000,4058.6000,4058.8000,1,1,2,1,1,1,4,1,1,4
SF,IF2006,2020-02-19 09:56:16.400,4056.6000,24219,0,1795829520.000,0,-,-,-,-,4056.8000,4056.6000,4056.2000,4055.6000,4055.2000,4058.0000,4058.2000,4058.4000,4058.6000,4058.8000,1,1,2,1,1,1,4,1,1,4
SF,IF2006,2020-02-19 09:56:16.900,4056.6000,24219,0,1795829520.000,0,-,-,-,-,4057.0000,4056.8000,4056.6000,4056.2000,4055.6000,4058.0000,4058.2000,4058.4000,4058.6000,4058.8000,1,1,1,2,1,1,3,1,1,4
SF,IF2006,2020-02-19 09:56:17.400,4056.6000,24219,0,1795829520.000,0,-,-,-,-,4056.8000,4056.6000,4056.2000,4055.6000,4055.2000,4058.0000,4058.2000,4058.4000,4058.6000,4058.8000,1,1,2,1,1,1,3,1,1,4
SF,IF2006,2020-02-19 09:56:17.900,4056.6000,24219,0,1795829520.000,0,-,-,-,-,4057.0000,4056.8000,4056.6000,4056.2000,4055.6000,4058.0000,4058.2000,4058.4000,4058.6000,4058.8000,1,1,1,2,1,1,2,1,1,4
SF,IF2006,2020-02-19 09:56:18.900,4056.8000,24218,-1,1797046560.000,1,0,1,双平,S,4056.6000,4056.2000,4055.6000,4055.2000,4055.0000,4058.0000,4058.2000,4058.4000,4058.6000,4058.8000,1,2,1,1,2,1,2,1,1,4
SF,IF2006,2020-02-19 09:56:19.900,4058.0000,24219,1,1799481360.000,2,1,1,空开,S,4057.0000,4056.6000,4056.2000,4055.6000,4055.2000,4058.2000,4058.4000,4058.6000,4058.8000,4059.0000,1,1,2,1,1,2,1,1,4,2
SF,IF2006,2020-02-19 09:56:20.900,4058.0000,24219,0,1799481360.000,0,-,-,-,-,4057.2000,4057.0000,4056.2000,4055.6000,4055.2000,4058.2000,4058.4000,4058.6000,4058.8000,4059.0000,1,1,2,1,1,1,1,1,4,2
SF,IF2006,2020-02-19 09:56:21.400,4058.0000,24219,0,1799481360.000,0,-,-,-,-,4057.0000,4056.2000,4055.6000,4055.2000,4055.0000,4058.0000,4058.2000,4058.4000,4058.6000,4058.8000,1,2,1,1,2,1,1,1,1,4
SF,IF2006,2020-02-19 09:56:21.900,4058.0000,24219,0,1799481360.000,0,-,-,-,-,4057.0000,4056.2000,4055.6000,4055.2000,4055.0000,4058.0000,4058.2000,4058.4000,4058.6000,4058.8000,2,1,1,1,2,1,1,1,1,4
SF,IF2006,2020-02-19 09:56:22.400,4058.0000,24219,0,1799481360.000,0,-,-,-,-,4057.0000,4056.2000,4055.6000,4055.2000,4055.0000,4058.0000,4058.2000,4058.4000,4058.6000,4058.8000,2,1,1,1,2,2,1,1,1,4
SF,IF2006,2020-02-19 09:56:22.900,4058.0000,24219,0,1799481360.000,0,-,-,-,-,4057.0000,4056.2000,4055.6000,4055.2000,4055.0000,4058.0000,4058.2000,4058.4000,4058.6000,4058.8000,2,1,1,1,2,1,1,1,1,4
SF,IF2006,2020-02-19 09:56:23.400,4058.0000,24219,0,1799481360.000,0,-,-,-,-,4057.2000,4057.0000,4056.2000,4055.6000,4055.2000,4058.0000,4058.2000,4058.4000,4058.6000,4058.8000,2,2,1,1,1,1,1,1,1,4
SF,IF2006,2020-02-19 09:56:23.900,4058.0000,24219,0,1800698760.000,1,0,1,多换,S,4057.4000,4057.2000,4057.0000,4056.2000,4055.6000,4058.2000,4058.4000,4058.6000,4058.8000,4059.0000,1,1,2,1,1,1,1,1,4,2
SF,IF2006,2020-02-19 09:56:24.400,4058.0000,24219,0,1800698760.000,0,-,-,-,-,4057.4000,4057.2000,4057.0000,4056.2000,4055.6000,4057.8000,4058.4000,4058.6000,4058.8000,4059.0000,1,1,2,1,1,1,1,1,4,2
SF,IF2006,2020-02-19 09:56:24.900,4058.0000,24219,0,1801916160.000,1,0,1,多换,S,4057.8000,4057.4000,4057.0000,4056.2000,4055.6000,4058.0000,4058.4000,4058.6000,4058.8000,4059.0000,3,1,2,1,1,1,1,1,4,2
SF,IF2006,2020-02-19 09:56:25.400,4058.0000,24219,0,1803133560.000,1,0,1,多换,S,4058.0000,4057.8000,4057.4000,4057.0000,4056.2000,4058.4000,4058.6000,4058.8000,4059.0000,4059.8000,2,1,1,2,1,1,1,4,2,1
SF,IF2006,2020-02-19 09:56:25.900,4058.4000,24219,0,1804351080.000,1,0,1,多换,S,4058.0000,4057.4000,4057.0000,4056.2000,4055.6000,4058.6000,4058.8000,4059.0000,4059.8000,4060.0000,2,1,2,1,1,1,4,2,1,8
SF,IF2006,2020-02-19 09:56:26.400,4058.6000,24218,-1,1805568660.000,1,0,1,双平,S,4058.6000,4058.0000,4057.4000,4057.0000,4056.2000,4058.8000,4059.0000,4059.8000,4060.0000,4060.2000,1,2,1,2,1,4,2,1,8,2
SF,IF2006,2020-02-19 09:56:26.900,4058.6000,24217,-1,1806786240.000,1,0,1,双平,S,4058.0000,4057.4000,4057.0000,4056.2000,4055.6000,4058.8000,4059.0000,4059.8000,4060.0000,4060.2000,2,1,2,1,1,4,2,1,8,2
SF,IF2006,2020-02-19 09:56:27.900,4058.6000,24217,0,1806786240.000,0,-,-,-,-,4058.0000,4057.4000,4057.0000,4056.2000,4055.6000,4058.8000,4059.0000,4059.8000,4060.0000,4060.2000,1,1,2,1,1,4,2,1,8,2
SF,IF2006,2020-02-19 09:56:28.400,4058.6000,24217,0,1806786240.000,0,-,-,-,-,4058.0000,4057.4000,4057.0000,4056.2000,4055.6000,4058.8000,4059.0000,4059.8000,4060.0000,4060.2000,1,1,2,1,1,4,2,1,8,2
SF,IF2006,2020-02-19 09:56:29.400,4058.0000,24217,0,1808003640.000,1,0,1,多换,S,4057.4000,4057.0000,4056.2000,4055.6000,4055.2000,4058.8000,4059.0000,4059.8000,4060.0000,4060.2000,1,2,1,1,1,4,2,1,8,2
SF,IF2006,2020-02-19 09:56:30.900,4058.0000,24217,0,1808003640.000,0,-,-,-,-,4057.4000,4057.0000,4056.6000,4056.2000,4055.6000,4058.8000,4059.0000,4059.8000,4060.0000,4060.2000,1,2,3,1,1,4,2,1,8,2
SF,IF2006,2020-02-19 09:56:31.400,4058.0000,24217,0,1808003640.000,0,-,-,-,-,4057.0000,4056.6000,4056.2000,4055.6000,4055.2000,4058.6000,4058.8000,4059.0000,4059.8000,4060.0000,2,3,1,1,1,2,4,2,1,8
SF,IF2006,2020-02-19 09:56:31.900,4058.0000,24217,0,1808003640.000,0,-,-,-,-,4057.0000,4056.6000,4056.2000,4055.6000,4055.2000,4058.4000,4058.6000,4058.8000,4059.0000,4059.8000,2,3,1,1,1,1,2,4,2,1
SF,IF2006,2020-02-19 09:56:32.400,4058.0000,24217,0,1808003640.000,0,-,-,-,-,4057.0000,4056.8000,4056.6000,4056.2000,4055.6000,4058.2000,4058.4000,4058.6000,4058.8000,4059.0000,2,1,3,1,1,1,1,1,4,2
SF,IF2006,2020-02-19 09:56:32.900,4058.0000,24217,0,1808003640.000,0,-,-,-,-,4057.2000,4057.0000,4056.8000,4056.6000,4056.2000,4058.2000,4058.4000,4058.6000,4058.8000,4059.0000,4,2,1,3,1,1,1,1,4,2
SF,IF2006,2020-02-19 09:56:33.400,4058.0000,24217,0,1808003640.000,0,-,-,-,-,4057.2000,4057.0000,4056.8000,4056.6000,4056.2000,4058.2000,4058.4000,4058.6000,4058.8000,4059.0000,1,2,1,3,1,1,1,1,4,2
SF,IF2006,2020-02-19 09:56:33.900,4058.2000,24217,0,1809221100.000,1,0,1,多换,S,4058.2000,4057.2000,4057.0000,4056.8000,4056.6000,4058.4000,4058.6000,4058.8000,4059.0000,4059.8000,4,1,2,1,3,1,1,4,2,1
SF,IF2006,2020-02-19 09:56:34.400,4058.2000,24217,0,1814090940.000,4,2,2,多换,S,4057.2000,4057.0000,4056.8000,4056.6000,4056.2000,4058.6000,4058.8000,4059.0000,4059.8000,4060.0000,1,2,1,3,1,1,4,2,1,8
SF,IF2006,2020-02-19 09:56:34.900,4058.2000,24217,0,1814090940.000,0,-,-,-,-,4058.4000,4057.2000,4057.0000,4056.8000,4056.6000,4058.6000,4058.8000,4059.0000,4059.8000,4060.0000,5,1,2,1,3,1,4,2,1,8
SF,IF2006,2020-02-19 09:56:35.400,4058.4000,24217,0,1820178540.000,5,2,3,多换,S,4057.2000,4057.0000,4056.6000,4056.2000,4055.6000,4058.4000,4058.6000,4058.8000,4059.0000,4059.8000,1,2,3,1,1,3,1,4,2,1
SF,IF2006,2020-02-19 09:56:36.900,4058.4000,24217,0,1823831100.000,3,1,2,多换,S,4058.4000,4057.2000,4057.0000,4056.6000,4056.2000,4058.6000,4058.8000,4059.0000,4059.8000,4060.0000,2,2,2,3,1,1,4,2,1,8
SF,IF2006,2020-02-19 09:56:37.400,4057.2000,24219,2,1827483300.000,3,2,1,空开,S,4057.2000,4057.0000,4056.6000,4056.2000,4055.6000,4058.4000,4058.8000,4059.0000,4059.8000,4060.0000,1,2,3,1,1,1,4,2,1,8
SF,IF2006,2020-02-19 09:56:37.900,4057.2000,24219,0,1827483300.000,0,-,-,-,-,4057.2000,4057.0000,4056.6000,4056.2000,4055.6000,4058.0000,4058.4000,4058.8000,4059.0000,4059.8000,1,2,3,1,1,1,2,4,2,1
SF,IF2006,2020-02-19 09:56:38.400,4057.2000,24219,0,1827483300.000,0,-,-,-,-,4057.2000,4057.0000,4056.6000,4056.2000,4055.6000,4058.0000,4058.4000,4058.8000,4059.0000,4059.8000,1,2,3,1,1,1,1,4,2,1
SF,IF2006,2020-02-19 09:56:38.900,4057.2000,24219,0,1827483300.000,0,-,-,-,-,4057.2000,4057.0000,4056.6000,4056.2000,4055.6000,4058.0000,4058.4000,4058.8000,4059.0000,4059.8000,1,2,3,1,1,1,1,4,2,2
SF,IF2006,2020-02-19 09:56:39.400,4057.2000,24219,0,1827483300.000,0,-,-,-,-,4057.2000,4057.0000,4056.6000,4056.2000,4055.6000,4058.4000,4058.8000,4059.0000,4059.8000,4060.0000,1,2,3,1,1,1,4,2,2,8
SF,IF2006,2020-02-19 09:56:39.900,4057.2000,24219,0,1828700460.000,1,0,1,多换,S,4057.2000,4057.0000,4056.6000,4056.2000,4055.6000,4058.4000,4058.8000,4059.0000,4059.8000,4060.0000,1,2,3,1,1,1,4,2,2,8
SF,IF2006,2020-02-19 09:56:41.900,4057.2000,24219,0,1828700460.000,0,-,-,-,-,4057.2000,4057.0000,4056.6000,4056.2000,4055.6000,4058.4000,4058.8000,4059.0000,4059.8000,4060.0000,2,1,3,1,1,1,4,2,2,8
SF,IF2006,2020-02-19 09:56:42.400,4057.2000,24219,0,1828700460.000,0,-,-,-,-,4057.2000,4057.0000,4056.6000,4056.2000,4055.6000,4058.2000,4058.4000,4058.8000,4059.0000,4059.8000,2,1,3,1,1,1,1,4,2,2
SF,IF2006,2020-02-19 09:56:42.900,4057.2000,24219,0,1828700460.000,0,-,-,-,-,4057.2000,4057.0000,4056.6000,4056.2000,4055.6000,4058.2000,4058.4000,4058.8000,4059.0000,4059.8000,2,1,3,1,1,1,1,5,2,2
SF,IF2006,2020-02-19 09:56:43.400,4057.2000,24219,0,1828700460.000,0,-,-,-,-,4057.2000,4057.0000,4056.6000,4056.2000,4055.6000,4058.2000,4058.4000,4058.8000,4059.0000,4059.8000,2,2,3,1,1,1,1,5,2,2
SF,IF2006,2020-02-19 09:56:43.900,4057.2000,24219,0,1828700460.000,0,-,-,-,-,4057.2000,4057.0000,4056.6000,4056.2000,4055.6000,4058.0000,4058.2000,4058.4000,4058.8000,4059.0000,2,1,3,1,1,1,1,1,5,2
SF,IF2006,2020-02-19 09:56:44.900,4057.2000,24219,0,1828700460.000,0,-,-,-,-,4057.2000,4057.0000,4056.6000,4056.2000,4055.6000,4058.0000,4058.4000,4058.6000,4058.8000,4059.0000,2,1,3,1,1,1,1,1,5,2
SF,IF2006,2020-02-19 09:56:49.400,4057.2000,24219,0,1828700460.000,0,-,-,-,-,4057.2000,4057.0000,4056.6000,4055.6000,4055.4000,4058.0000,4058.4000,4058.6000,4058.8000,4059.0000,2,1,3,1,1,1,1,1,5,2
SF,IF2006,2020-02-19 09:56:49.900,4057.2000,24219,0,1831134780.000,2,1,1,多换,S,4057.0000,4056.6000,4055.6000,4055.4000,4055.2000,4058.0000,4058.4000,4058.6000,4058.8000,4059.0000,2,3,1,1,1,1,1,1,5,2
SF,IF2006,2020-02-19 09:56:50.400,4057.2000,24219,0,1831134780.000,0,-,-,-,-,4057.0000,4056.6000,4055.6000,4055.4000,4055.2000,4057.2000,4057.4000,4057.8000,4058.0000,4058.4000,2,3,1,1,1,1,1,2,1,1
SF,IF2006,2020-02-19 09:56:50.900,4057.0000,24219,0,1833568980.000,2,1,1,多换,S,4056.6000,4055.6000,4055.4000,4055.2000,4055.0000,4057.2000,4057.4000,4058.0000,4058.4000,4058.6000,3,1,1,1,2,1,1,1,1,1
SF,IF2006,2020-02-19 09:56:52.400,4057.0000,24219,0,1833568980.000,0,-,-,-,-,4056.6000,4055.6000,4055.4000,4055.2000,4055.0000,4057.2000,4057.4000,4058.0000,4058.4000,4058.8000,3,1,1,1,2,1,1,1,1,5
SF,IF2006,2020-02-19 09:56:54.900,4056.6000,24219,0,1837219920.000,3,1,2,多换,S,4055.4000,4055.2000,4055.0000,4054.6000,4053.8000,4057.2000,4057.4000,4058.0000,4058.4000,4058.8000,1,1,2,1,2,1,1,1,1,5
SF,IF2006,2020-02-19 09:56:55.400,4057.2000,24219,0,1839654180.000,2,1,1,多换,S,4057.2000,4055.6000,4055.4000,4055.2000,4055.0000,4057.4000,4058.4000,4058.8000,4059.0000,4059.8000,3,4,2,1,2,1,1,5,2,2
SF,IF2006,2020-02-19 09:56:55.900,4057.2000,24220,1,1843305660.000,3,2,1,空开,S,4055.6000,4055.4000,4055.0000,4054.6000,4053.8000,4057.2000,4057.4000,4057.6000,4058.4000,4058.8000,2,1,2,1,2,2,1,1,1,5
SF,IF2006,2020-02-19 09:56:56.400,4057.2000,24220,0,1844522820.000,1,0,1,多换,S,4055.6000,4055.4000,4055.0000,4054.6000,4053.8000,4057.0000,4057.2000,4057.6000,4058.4000,4058.8000,2,1,2,1,2,4,2,1,1,5
SF,IF2006,2020-02-19 09:56:56.900,4057.2000,24220,0,1844522820.000,0,-,-,-,-,4055.6000,4055.4000,4055.0000,4054.6000,4053.8000,4056.4000,4056.6000,4057.0000,4057.2000,4057.6000,1,1,2,1,2,1,2,2,2,1
SF,IF2006,2020-02-19 09:56:57.400,4057.2000,24220,0,1844522820.000,0,-,-,-,-,4055.6000,4055.4000,4055.0000,4054.6000,4053.8000,4056.2000,4056.4000,4057.0000,4057.2000,4057.6000,1,1,2,1,2,1,1,1,2,1
SF,IF2006,2020-02-19 09:56:57.900,4057.2000,24220,0,1844522820.000,0,-,-,-,-,4055.6000,4055.4000,4055.0000,4054.6000,4053.8000,4056.2000,4056.4000,4057.0000,4057.2000,4057.6000,1,1,2,1,1,1,1,1,2,1
SF,IF2006,2020-02-19 09:56:58.400,4056.4000,24222,2,1846956660.000,2,2,0,双开,S,4056.4000,4055.4000,4055.0000,4054.6000,4053.8000,4057.0000,4057.2000,4057.6000,4058.4000,4058.8000,3,1,2,1,1,1,2,1,1,5
SF,IF2006,2020-02-19 09:56:58.900,4056.4000,24222,0,1850607420.000,3,1,2,多换,S,4055.4000,4055.0000,4054.6000,4053.8000,4053.2000,4056.4000,4056.8000,4057.0000,4057.2000,4057.6000,1,2,1,1,1,1,2,1,2,1
SF,IF2006,2020-02-19 09:56:59.400,4056.4000,24222,0,1850607420.000,0,-,-,-,-,4055.4000,4055.0000,4054.6000,4053.8000,4053.2000,4056.2000,4056.4000,4056.8000,4057.0000,4057.2000,1,2,1,1,1,1,1,2,1,2
SF,IF2006,2020-02-19 09:56:59.900,4055.4000,24223,1,1851824040.000,1,1,0,双开,S,4055.0000,4054.6000,4053.8000,4053.2000,4053.0000,4056.8000,4057.0000,4057.2000,4057.6000,4058.4000,2,1,1,1,2,1,1,2,1,1
SF,IF2006,2020-02-19 09:57:00.400,4055.4000,24223,0,1851824040.000,0,-,-,-,-,4055.2000,4055.0000,4054.6000,4053.8000,4053.2000,4056.4000,4056.6000,4056.8000,4057.2000,4057.6000,1,2,1,1,1,1,3,1,2,1
SF,IF2006,2020-02-19 09:57:00.900,4055.4000,24223,0,1851824040.000,0,-,-,-,-,4055.2000,4055.0000,4054.6000,4053.8000,4053.2000,4056.2000,4056.6000,4057.2000,4057.6000,4058.4000,1,2,1,1,1,2,3,2,1,1
SF,IF2006,2020-02-19 09:57:01.400,4055.2000,24223,0,1853040600.000,1,0,1,多换,S,4055.0000,4054.6000,4053.8000,4053.2000,4053.0000,4056.0000,4056.6000,4057.2000,4057.6000,4058.4000,2,1,1,1,2,1,2,2,1,1
SF,IF2006,2020-02-19 09:57:01.900,4055.2000,24223,0,1853040600.000,0,-,-,-,-,4055.0000,4054.6000,4053.8000,4053.2000,4053.0000,4055.8000,4056.0000,4057.2000,4057.6000,4058.4000,2,1,1,1,2,2,1,2,1,1
SF,IF2006,2020-02-19 09:57:02.400,4055.2000,24223,0,1853040600.000,0,-,-,-,-,4055.0000,4054.6000,4053.8000,4053.2000,4053.0000,4055.8000,4057.2000,4057.6000,4058.4000,4058.8000,2,1,1,1,2,2,2,1,1,5
SF,IF2006,2020-02-19 09:57:03.900,4055.8000,24222,-1,1855474080.000,2,0,2,多平,S,4055.2000,4055.0000,4054.6000,4053.8000,4053.2000,4057.2000,4057.6000,4058.4000,4058.8000,4059.0000,1,2,1,1,1,2,1,1,5,2
SF,IF2006,2020-02-19 09:57:04.400,4055.8000,24222,0,1855474080.000,0,-,-,-,-,4055.4000,4055.2000,4055.0000,4054.6000,4053.8000,4056.8000,4057.0000,4057.2000,4057.6000,4058.4000,1,1,2,1,1,1,4,2,1,1
SF,IF2006,2020-02-19 09:57:04.900,4055.8000,24222,0,1855474080.000,0,-,-,-,-,4055.4000,4055.2000,4055.0000,4054.6000,4053.8000,4056.4000,4056.6000,4056.8000,4057.0000,4057.2000,1,1,2,1,1,1,2,1,1,2
SF,IF2006,2020-02-19 09:57:05.400,4055.8000,24222,0,1855474080.000,0,-,-,-,-,4055.6000,4055.4000,4055.0000,4054.6000,4053.8000,4056.6000,4056.8000,4057.2000,4057.6000,4058.4000,3,1,2,1,1,1,1,2,1,1
SF,IF2006,2020-02-19 09:57:05.900,4055.8000,24222,0,1855474080.000,0,-,-,-,-,4055.8000,4055.6000,4055.0000,4054.6000,4053.8000,4056.8000,4057.2000,4057.6000,4058.4000,4058.8000,1,3,2,1,1,1,2,1,1,5
SF,IF2006,2020-02-19 09:57:06.400,4055.8000,24222,0,1855474080.000,0,-,-,-,-,4055.8000,4055.6000,4055.0000,4054.6000,4053.8000,4057.2000,4057.6000,4058.4000,4058.8000,4059.0000,1,3,2,1,1,2,1,1,5,2
SF,IF2006,2020-02-19 09:57:07.400,4055.8000,24221,-1,1856690820.000,1,0,1,双平,S,4055.6000,4055.0000,4054.6000,4053.8000,4053.2000,4057.2000,4057.6000,4058.4000,4058.8000,4059.0000,3,2,1,1,1,2,1,1,5,2
SF,IF2006,2020-02-19 09:57:07.900,4055.8000,24221,0,1856690820.000,0,-,-,-,-,4055.8000,4055.6000,4055.0000,4054.6000,4053.8000,4057.0000,4057.2000,4057.6000,4058.4000,4058.8000,1,3,2,1,1,1,2,1,1,5
SF,IF2006,2020-02-19 09:57:08.400,4055.8000,24221,0,1856690820.000,0,-,-,-,-,4055.8000,4055.6000,4055.0000,4054.6000,4053.8000,4056.8000,4057.0000,4057.2000,4057.6000,4058.4000,1,2,2,1,1,1,1,2,1,1
SF,IF2006,2020-02-19 09:57:08.900,4055.8000,24221,0,1856690820.000,0,-,-,-,-,4055.8000,4055.6000,4055.0000,4054.6000,4053.8000,4056.6000,4056.8000,4057.2000,4057.6000,4058.4000,1,2,2,1,1,2,1,2,1,1
SF,IF2006,2020-02-19 09:57:09.400,4055.8000,24221,0,1856690820.000,0,-,-,-,-,4055.6000,4055.0000,4054.6000,4053.8000,4053.2000,4056.6000,4057.2000,4057.6000,4058.4000,4058.8000,1,2,1,1,1,1,2,1,1,5
SF,IF2006,2020-02-19 09:57:09.900,4055.8000,24221,0,1856690820.000,0,-,-,-,-,4055.0000,4054.6000,4053.8000,4053.2000,4053.0000,4056.4000,4056.6000,4057.2000,4057.6000,4058.4000,2,1,1,1,2,1,1,2,1,1
SF,IF2006,2020-02-19 09:57:10.400,4055.8000,24221,0,1856690820.000,0,-,-,-,-,4055.0000,4054.6000,4053.8000,4053.2000,4053.0000,4055.8000,4056.0000,4056.2000,4057.2000,4057.6000,2,1,1,1,2,1,1,2,2,1
SF,IF2006,2020-02-19 09:57:10.900,4055.0000,24221,0,1859123820.000,2,1,1,多换,S,4054.6000,4053.8000,4053.2000,4053.0000,4052.0000,4055.8000,4056.2000,4057.2000,4057.6000,4058.4000,1,1,1,2,1,1,2,2,1,1
SF,IF2006,2020-02-19 09:57:11.400,4055.0000,24221,0,1859123820.000,0,-,-,-,-,4054.6000,4053.8000,4053.2000,4053.0000,4052.0000,4055.6000,4055.8000,4056.2000,4057.2000,4057.6000,1,1,1,2,1,1,1,1,4,1
SF,IF2006,2020-02-19 09:57:11.900,4055.0000,24221,0,1859123820.000,0,-,-,-,-,4054.6000,4053.8000,4053.2000,4053.0000,4052.0000,4055.4000,4055.6000,4055.8000,4056.2000,4057.2000,1,1,1,2,1,2,1,1,1,4
SF,IF2006,2020-02-19 09:57:12.400,4055.0000,24221,0,1859123820.000,0,-,-,-,-,4054.6000,4053.8000,4053.2000,4053.0000,4052.0000,4055.6000,4055.8000,4056.2000,4057.2000,4057.6000,1,1,1,2,1,1,1,1,4,1
SF,IF2006,2020-02-19 09:57:13.900,4055.0000,24221,0,1859123820.000,0,-,-,-,-,4054.6000,4053.8000,4053.2000,4053.0000,4052.0000,4055.4000,4055.6000,4055.8000,4056.2000,4057.2000,1,1,1,2,1,1,1,1,1,4
SF,IF2006,2020-02-19 09:57:14.400,4054.6000,24222,1,1860340200.000,1,1,0,双开,S,4053.8000,4053.2000,4053.0000,4052.0000,4051.0000,4055.6000,4055.8000,4056.2000,4057.2000,4057.6000,1,1,2,1,2,1,1,1,4,1
SF,IF2006,2020-02-19 09:57:14.900,4054.6000,24222,0,1860340200.000,0,-,-,-,-,4054.0000,4053.8000,4053.2000,4053.0000,4052.0000,4055.6000,4055.8000,4056.2000,4057.2000,4057.6000,5,1,1,2,1,1,1,1,4,1
SF,IF2006,2020-02-19 09:57:15.400,4055.6000,24220,-2,1862773500.000,2,0,2,双平,S,4054.4000,4054.0000,4053.8000,4053.2000,4053.0000,4055.8000,4057.2000,4057.6000,4058.4000,4058.8000,1,4,1,1,2,1,4,1,1,5
SF,IF2006,2020-02-19 09:57:15.900,4055.6000,24220,0,1862773500.000,0,-,-,-,-,4054.6000,4054.4000,4054.0000,4053.8000,4053.2000,4055.8000,4057.2000,4057.6000,4058.4000,4058.8000,1,1,1,1,1,1,4,1,6,5
SF,IF2006,2020-02-19 09:57:16.400,4055.6000,24220,0,1862773500.000,0,-,-,-,-,4054.8000,4054.6000,4053.8000,4053.2000,4053.0000,4055.8000,4057.2000,4057.6000,4058.4000,4058.8000,1,1,1,1,2,1,4,1,6,5
SF,IF2006,2020-02-19 09:57:18.400,4055.6000,24220,0,1862773500.000,0,-,-,-,-,4055.0000,4054.8000,4054.6000,4053.8000,4053.2000,4055.8000,4057.2000,4057.6000,4058.4000,4058.8000,3,1,1,1,1,1,4,1,6,5
SF,IF2006,2020-02-19 09:57:18.900,4055.6000,24220,0,1862773500.000,0,-,-,-,-,4055.2000,4055.0000,4054.6000,4053.8000,4053.2000,4055.8000,4057.2000,4057.6000,4058.4000,4058.8000,1,3,1,1,1,1,4,1,6,5
SF,IF2006,2020-02-19 09:57:19.400,4055.6000,24220,0,1862773500.000,0,-,-,-,-,4055.2000,4055.0000,4054.6000,4053.8000,4053.2000,4055.8000,4057.2000,4057.6000,4058.4000,4058.8000,1,3,1,1,1,1,2,1,6,5
SF,IF2006,2020-02-19 09:57:19.900,4055.6000,24220,0,1862773500.000,0,-,-,-,-,4055.2000,4055.0000,4054.6000,4053.8000,4053.2000,4055.8000,4057.2000,4057.6000,4058.4000,4058.8000,1,3,1,1,1,1,2,1,6,5
SF,IF2006,2020-02-19 09:57:20.400,4055.6000,24220,0,1862773500.000,0,-,-,-,-,4055.2000,4055.0000,4054.6000,4053.8000,4053.2000,4055.8000,4057.2000,4057.6000,4058.4000,4058.8000,1,3,1,1,1,1,2,1,6,5
SF,IF2006,2020-02-19 09:57:20.900,4055.6000,24220,0,1862773500.000,0,-,-,-,-,4055.2000,4055.0000,4054.6000,4053.8000,4053.2000,4055.4000,4055.8000,4057.2000,4057.6000,4058.4000,1,3,1,1,1,1,1,2,1,6
SF,IF2006,2020-02-19 09:57:21.400,4055.4000,24221,1,1863990120.000,1,1,0,双开,S,4055.0000,4054.6000,4053.8000,4053.2000,4053.0000,4055.8000,4057.2000,4057.6000,4058.4000,4058.8000,2,1,1,1,2,1,2,1,6,5
SF,IF2006,2020-02-19 09:57:21.900,4055.4000,24221,0,1863990120.000,0,-,-,-,-,4055.2000,4055.0000,4054.6000,4053.8000,4053.2000,4055.8000,4057.2000,4057.6000,4058.4000,4058.8000,1,1,1,1,1,1,2,1,6,5
SF,IF2006,2020-02-19 09:57:23.400,4055.0000,24221,0,1866423180.000,2,1,1,多换,S,4054.6000,4053.8000,4053.2000,4053.0000,4052.0000,4055.8000,4057.2000,4057.6000,4058.4000,4058.8000,1,1,1,2,1,1,2,1,6,5
SF,IF2006,2020-02-19 09:57:23.900,4055.0000,24221,0,1866423180.000,0,-,-,-,-,4053.8000,4053.2000,4053.0000,4052.0000,4051.0000,4055.6000,4055.8000,4057.2000,4057.6000,4058.4000,1,1,2,1,2,3,1,2,1,6
SF,IF2006,2020-02-19 09:57:24.400,4055.0000,24221,0,1866423180.000,0,-,-,-,-,4054.0000,4053.8000,4053.2000,4053.0000,4052.0000,4055.2000,4055.4000,4055.6000,4055.8000,4057.2000,1,1,1,2,1,1,2,2,1,2
SF,IF2006,2020-02-19 09:57:24.900,4055.0000,24221,0,1866423180.000,0,-,-,-,-,4054.0000,4053.8000,4053.2000,4053.0000,4052.0000,4055.0000,4055.2000,4055.4000,4055.6000,4055.8000,1,1,1,2,1,1,1,2,2,1
SF,IF2006,2020-02-19 09:57:25.400,4055.0000,24221,0,1866423180.000,0,-,-,-,-,4054.0000,4053.8000,4053.2000,4053.0000,4052.0000,4054.6000,4054.8000,4055.2000,4055.4000,4055.6000,1,1,1,2,1,1,1,1,1,2
SF,IF2006,2020-02-19 09:57:26.400,4055.0000,24221,0,1866423180.000,0,-,-,-,-,4053.8000,4053.2000,4053.0000,4052.0000,4051.0000,4054.6000,4055.2000,4055.4000,4055.6000,4055.8000,1,1,2,1,2,1,1,1,2,1
SF,IF2006,2020-02-19 09:57:28.400,4055.0000,24221,0,1866423180.000,0,-,-,-,-,4053.8000,4053.2000,4053.0000,4051.0000,4050.0000,4054.6000,4055.2000,4055.4000,4055.6000,4055.8000,1,1,2,2,15,1,1,1,2,1
SF,IF2006,2020-02-19 09:57:29.400,4054.6000,24220,-1,1867639560.000,1,0,1,双平,S,4053.8000,4053.2000,4053.0000,4051.0000,4050.0000,4055.2000,4055.4000,4055.6000,4055.8000,4057.6000,1,1,2,2,15,1,1,2,1,1
SF,IF2006,2020-02-19 09:57:29.900,4054.6000,24220,0,1867639560.000,0,-,-,-,-,4054.0000,4053.8000,4053.2000,4053.0000,4051.0000,4055.2000,4055.4000,4055.6000,4055.8000,4057.6000,2,1,1,2,2,1,1,2,1,1
SF,IF2006,2020-02-19 09:57:30.400,4054.6000,24220,0,1867639560.000,0,-,-,-,-,4054.2000,4054.0000,4053.8000,4053.2000,4053.0000,4055.2000,4055.4000,4055.6000,4055.8000,4057.6000,1,2,1,1,2,1,1,2,1,1
SF,IF2006,2020-02-19 09:57:30.900,4054.6000,24220,0,1867639560.000,0,-,-,-,-,4054.4000,4053.8000,4053.2000,4053.0000,4051.0000,4055.2000,4055.4000,4055.8000,4057.6000,4058.4000,4,1,1,2,2,1,1,1,1,6
SF,IF2006,2020-02-19 09:57:31.400,4054.6000,24220,0,1867639560.000,0,-,-,-,-,4054.4000,4053.8000,4053.2000,4053.0000,4051.0000,4055.2000,4055.4000,4055.8000,4057.6000,4058.4000,3,1,1,2,2,1,1,1,1,6
SF,IF2006,2020-02-19 09:57:32.900,4054.6000,24220,0,1867639560.000,0,-,-,-,-,4054.6000,4054.4000,4053.8000,4053.2000,4053.0000,4055.2000,4055.8000,4057.6000,4058.4000,4058.8000,1,3,1,1,2,1,1,1,6,5
SF,IF2006,2020-02-19 09:57:33.400,4054.6000,24220,0,1867639560.000,0,-,-,-,-,4054.6000,4054.4000,4053.8000,4053.2000,4053.0000,4055.2000,4055.8000,4057.6000,4058.4000,4058.8000,1,3,1,1,2,1,1,1,6,5
SF,IF2006,2020-02-19 09:57:33.900,4054.6000,24220,0,1867639560.000,0,-,-,-,-,4054.6000,4054.4000,4053.8000,4053.2000,4053.0000,4055.2000,4055.8000,4057.6000,4058.4000,4058.8000,1,3,1,1,2,1,1,1,6,5
SF,IF2006,2020-02-19 09:57:34.400,4055.2000,24220,0,1868856120.000,1,0,1,多换,S,4054.4000,4053.8000,4053.2000,4053.0000,4051.0000,4055.8000,4057.6000,4058.4000,4058.8000,4059.0000,3,1,1,2,2,1,1,6,5,2
SF,IF2006,2020-02-19 09:57:34.900,4055.2000,24220,0,1868856120.000,0,-,-,-,-,4054.4000,4053.8000,4053.2000,4053.0000,4051.0000,4055.8000,4057.6000,4058.4000,4058.8000,4059.0000,2,1,1,2,2,1,1,6,5,2
SF,IF2006,2020-02-19 09:57:35.400,4055.2000,24220,0,1868856120.000,0,-,-,-,-,4054.4000,4053.8000,4053.2000,4053.0000,4051.0000,4055.6000,4055.8000,4057.6000,4058.4000,4058.8000,2,1,1,2,2,2,1,1,6,5
SF,IF2006,2020-02-19 09:57:35.900,4055.2000,24220,0,1868856120.000,0,-,-,-,-,4054.4000,4053.8000,4053.2000,4053.0000,4051.0000,4055.2000,4055.4000,4055.6000,4055.8000,4057.6000,2,1,1,2,2,1,1,2,1,1
SF,IF2006,2020-02-19 09:57:36.400,4054.4000,24219,-1,1870072440.000,1,0,1,双平,S,4054.4000,4053.8000,4053.2000,4053.0000,4051.0000,4055.2000,4055.6000,4055.8000,4057.6000,4058.4000,1,1,1,2,2,1,2,1,1,6
SF,IF2006,2020-02-19 09:57:37.400,4054.4000,24218,-1,1871288760.000,1,0,1,双平,S,4053.8000,4053.2000,4053.0000,4051.0000,4050.0000,4054.4000,4055.2000,4055.6000,4055.8000,4057.6000,1,1,2,2,15,2,1,2,1,1
SF,IF2006,2020-02-19 09:57:37.900,4054.4000,24216,-2,1873721400.000,2,0,2,双平,S,4054.4000,4054.0000,4053.8000,4053.2000,4053.0000,4055.2000,4055.6000,4055.8000,4057.6000,4058.4000,1,1,1,1,2,6,2,1,1,6
SF,IF2006,2020-02-19 09:57:38.400,4054.4000,24216,0,1873721400.000,0,-,-,-,-,4054.0000,4053.8000,4053.2000,4053.0000,4051.0000,4055.2000,4055.6000,4055.8000,4057.6000,4058.4000,1,1,1,2,2,6,2,1,1,6
SF,IF2006,2020-02-19 09:57:38.900,4054.4000,24216,0,1873721400.000,0,-,-,-,-,4054.2000,4054.0000,4053.8000,4053.2000,4053.0000,4055.2000,4055.6000,4057.6000,4058.4000,4058.8000,3,1,1,1,2,6,2,1,6,5
SF,IF2006,2020-02-19 09:57:39.400,4054.4000,24216,0,1873721400.000,0,-,-,-,-,4054.2000,4054.0000,4053.8000,4053.2000,4053.0000,4055.2000,4055.6000,4057.6000,4058.4000,4058.8000,2,1,1,1,2,6,2,1,6,5
SF,IF2006,2020-02-19 09:57:39.900,4054.4000,24216,0,1873721400.000,0,-,-,-,-,4054.2000,4054.0000,4053.8000,4053.2000,4053.0000,4055.2000,4055.6000,4057.6000,4058.4000,4058.8000,1,1,1,1,2,6,2,1,6,5
SF,IF2006,2020-02-19 09:57:40.400,4054.4000,24216,0,1873721400.000,0,-,-,-,-,4054.2000,4054.0000,4053.8000,4053.2000,4053.0000,4055.2000,4055.6000,4057.6000,4058.4000,4058.8000,1,1,1,1,2,6,2,1,6,6
SF,IF2006,2020-02-19 09:57:41.400,4054.4000,24216,0,1873721400.000,0,-,-,-,-,4054.0000,4053.8000,4053.2000,4053.0000,4051.0000,4055.2000,4055.6000,4057.6000,4058.4000,4058.8000,1,1,1,2,2,6,2,1,6,6
SF,IF2006,2020-02-19 09:57:42.400,4054.4000,24216,0,1873721400.000,0,-,-,-,-,4054.2000,4053.8000,4053.2000,4053.0000,4051.0000,4055.2000,4055.6000,4057.6000,4058.4000,4058.8000,1,1,1,2,2,6,2,1,6,6
SF,IF2006,2020-02-19 09:57:42.900,4054.4000,24216,0,1873721400.000,0,-,-,-,-,4053.8000,4053.2000,4053.0000,4051.0000,4050.0000,4055.2000,4055.6000,4057.6000,4058.4000,4058.8000,1,1,2,2,15,6,2,1,6,6
SF,IF2006,2020-02-19 09:57:43.400,4054.4000,24216,0,1873721400.000,0,-,-,-,-,4054.0000,4053.8000,4053.2000,4053.0000,4051.0000,4055.2000,4055.6000,4057.6000,4058.4000,4058.8000,1,1,1,2,2,6,2,1,6,6
SF,IF2006,2020-02-19 09:57:43.900,4054.4000,24216,0,1873721400.000,0,-,-,-,-,4053.8000,4053.2000,4053.0000,4051.0000,4050.0000,4055.2000,4055.6000,4057.6000,4058.4000,4058.8000,1,1,2,2,15,6,2,1,6,6
SF,IF2006,2020-02-19 09:57:44.400,4053.8000,24217,1,1874937540.000,1,1,0,双开,S,4053.2000,4053.0000,4051.0000,4050.0000,4048.0000,4053.8000,4055.2000,4055.6000,4057.6000,4058.4000,1,2,2,15,3,1,6,2,1,6
SF,IF2006,2020-02-19 09:57:44.900,4053.8000,24217,0,1876153680.000,1,0,1,多换,S,4053.8000,4053.6000,4053.4000,4053.2000,4053.0000,4055.2000,4055.6000,4057.6000,4058.4000,4058.8000,4,2,2,1,2,6,2,1,6,6
SF,IF2006,2020-02-19 09:57:45.400,4053.8000,24217,0,1876153680.000,0,-,-,-,-,4054.0000,4053.8000,4053.6000,4053.4000,4053.2000,4055.2000,4055.6000,4057.6000,4058.4000,4058.8000,2,3,1,1,1,6,2,1,6,6
SF,IF2006,2020-02-19 09:57:45.900,4053.8000,24217,0,1876153680.000,0,-,-,-,-,4054.0000,4053.8000,4053.6000,4053.2000,4053.0000,4055.2000,4055.6000,4057.6000,4058.4000,4058.8000,1,3,1,1,2,6,2,1,6,6
SF,IF2006,2020-02-19 09:57:46.900,4054.0000,24217,0,1877369880.000,1,0,1,多换,S,4053.8000,4053.2000,4053.0000,4051.0000,4050.0000,4054.0000,4055.0000,4055.2000,4055.6000,4057.6000,2,1,2,2,15,1,2,6,2,1
SF,IF2006,2020-02-19 09:57:47.400,4054.0000,24217,0,1878586080.000,1,0,1,多换,S,4053.8000,4053.2000,4053.0000,4051.0000,4050.0000,4055.0000,4055.2000,4055.6000,4057.6000,4058.4000,2,1,2,2,15,1,6,2,1,6
SF,IF2006,2020-02-19 09:57:47.900,4054.0000,24217,0,1878586080.000,0,-,-,-,-,4053.8000,4053.2000,4053.0000,4051.0000,4050.0000,4054.8000,4055.0000,4055.2000,4057.6000,4058.4000,2,1,2,2,15,4,1,6,1,6
SF,IF2006,2020-02-19 09:57:48.400,4054.0000,24217,0,1878586080.000,0,-,-,-,-,4053.8000,4053.2000,4053.0000,4051.0000,4050.0000,4054.8000,4055.0000,4055.2000,4057.6000,4058.4000,2,1,2,2,15,3,1,6,1,6
SF,IF2006,2020-02-19 09:57:49.400,4054.0000,24217,0,1878586080.000,0,-,-,-,-,4053.8000,4053.2000,4053.0000,4052.8000,4051.0000,4054.8000,4055.0000,4055.2000,4057.6000,4058.4000,2,1,2,1,2,3,1,6,1,6
SF,IF2006,2020-02-19 09:57:49.900,4054.0000,24217,0,1878586080.000,0,-,-,-,-,4053.2000,4053.0000,4052.8000,4051.0000,4050.0000,4054.8000,4055.0000,4055.2000,4057.6000,4058.4000,1,2,1,2,15,3,1,6,1,6
SF,IF2006,2020-02-19 09:57:50.400,4054.0000,24217,0,1878586080.000,0,-,-,-,-,4053.4000,4053.2000,4053.0000,4052.8000,4051.0000,4054.8000,4055.0000,4055.2000,4057.6000,4058.4000,5,1,2,1,2,3,1,6,1,6
SF,IF2006,2020-02-19 09:57:51.400,4054.0000,24217,0,1878586080.000,0,-,-,-,-,4053.4000,4053.2000,4053.0000,4052.8000,4051.0000,4054.8000,4055.0000,4055.2000,4057.4000,4057.6000,5,1,2,1,2,3,1,6,1,1
SF,IF2006,2020-02-19 09:57:53.900,4053.8000,24217,0,1879802220.000,1,0,1,多换,S,4053.6000,4053.4000,4053.2000,4053.0000,4052.8000,4054.8000,4055.0000,4055.2000,4057.4000,4057.6000,1,5,1,2,1,3,1,6,1,1
SF,IF2006,2020-02-19 09:57:54.400,4053.8000,24217,0,1879802220.000,0,-,-,-,-,4053.6000,4053.4000,4053.2000,4053.0000,4052.8000,4054.6000,4054.8000,4055.0000,4055.2000,4057.4000,1,5,1,2,1,2,3,1,6,1
SF,IF2006,2020-02-19 09:57:55.400,4053.8000,24217,0,1879802220.000,0,-,-,-,-,4053.4000,4053.2000,4053.0000,4052.8000,4051.0000,4053.6000,4054.6000,4054.8000,4055.2000,4057.4000,5,1,2,1,2,1,2,3,6,1
SF,IF2006,2020-02-19 09:57:55.900,4053.6000,24216,-1,1881018300.000,1,0,1,双平,S,4053.4000,4053.2000,4053.0000,4052.8000,4051.0000,4054.8000,4055.2000,4057.4000,4057.6000,4058.4000,3,1,2,1,2,3,6,1,1,6
SF,IF2006,2020-02-19 09:57:56.400,4053.6000,24216,0,1881018300.000,0,-,-,-,-,4053.4000,4053.2000,4053.0000,4052.8000,4051.0000,4054.6000,4054.8000,4055.2000,4057.4000,4057.6000,3,1,2,1,2,1,3,6,1,1
SF,IF2006,2020-02-19 09:57:56.900,4053.6000,24216,0,1881018300.000,0,-,-,-,-,4053.4000,4053.2000,4053.0000,4052.8000,4051.0000,4054.4000,4054.6000,4054.8000,4055.2000,4057.4000,3,1,2,1,2,2,1,3,6,1
SF,IF2006,2020-02-19 09:57:57.400,4053.6000,24216,0,1881018300.000,0,-,-,-,-,4053.2000,4053.0000,4052.8000,4051.0000,4050.0000,4054.6000,4054.8000,4055.2000,4057.4000,4057.6000,1,2,1,2,15,1,3,6,1,1
SF,IF2006,2020-02-19 09:57:58.400,4053.6000,24216,0,1881018300.000,0,-,-,-,-,4053.2000,4053.0000,4052.8000,4051.0000,4050.0000,4054.6000,4054.8000,4055.2000,4057.4000,4057.6000,1,2,1,2,15,1,3,6,1,1
SF,IF2006,2020-02-19 09:57:58.900,4053.6000,24216,0,1881018300.000,0,-,-,-,-,4053.2000,4053.0000,4052.8000,4051.0000,4050.0000,4054.2000,4054.4000,4054.6000,4054.8000,4055.2000,1,2,1,2,15,1,2,1,1,6
SF,IF2006,2020-02-19 09:57:59.400,4053.6000,24216,0,1881018300.000,0,-,-,-,-,4053.2000,4053.0000,4052.8000,4051.0000,4050.0000,4054.4000,4054.6000,4054.8000,4055.2000,4057.4000,1,2,1,2,15,2,1,1,6,1
SF,IF2006,2020-02-19 09:57:59.900,4053.6000,24216,0,1881018300.000,0,-,-,-,-,4053.2000,4053.0000,4052.8000,4051.0000,4050.0000,4054.2000,4054.4000,4054.6000,4054.8000,4055.2000,1,2,1,2,15,1,2,1,1,6
SF,IF2006,2020-02-19 09:58:00.400,4053.6000,24216,0,1881018300.000,0,-,-,-,-,4053.2000,4053.0000,4052.8000,4051.0000,4050.0000,4054.4000,4054.8000,4055.2000,4057.4000,4057.6000,1,2,1,2,15,2,1,6,1,1
SF,IF2006,2020-02-19 09:58:00.900,4053.6000,24216,0,1881018300.000,0,-,-,-,-,4053.2000,4053.0000,4052.8000,4051.0000,4050.0000,4054.2000,4054.4000,4054.8000,4055.2000,4057.4000,1,2,1,2,15,3,2,1,6,1
SF,IF2006,2020-02-19 09:58:01.400,4053.6000,24216,0,1881018300.000,0,-,-,-,-,4053.2000,4053.0000,4052.8000,4051.0000,4050.0000,4054.2000,4054.4000,4054.8000,4055.2000,4057.4000,1,2,1,2,10,3,2,1,6,1
SF,IF2006,2020-02-19 09:58:01.900,4053.2000,24215,-1,1882234260.000,1,0,1,双平,S,4053.0000,4052.8000,4051.0000,4050.0000,4048.0000,4053.8000,4054.0000,4054.4000,4055.2000,4057.4000,2,1,2,10,1,1,6,1,6,1
SF,IF2006,2020-02-19 09:58:02.400,4053.2000,24215,0,1882234260.000,0,-,-,-,-,4053.0000,4052.8000,4051.0000,4050.0000,4048.0000,4053.8000,4054.0000,4054.4000,4055.2000,4057.4000,2,1,2,10,1,1,4,1,6,1
SF,IF2006,2020-02-19 09:58:02.900,4053.0000,24214,-1,1884666060.000,2,0,2,多平,S,4052.8000,4051.0000,4050.0000,4048.0000,4047.2000,4053.6000,4053.8000,4054.0000,4054.4000,4055.2000,1,2,10,1,5,1,1,3,1,6
SF,IF2006,2020-02-19 09:58:03.400,4053.8000,24213,-1,1887098040.000,2,0,2,多平,S,4051.0000,4050.0000,4048.0000,4047.2000,4047.0000,4054.0000,4054.4000,4055.2000,4057.4000,4058.4000,2,10,1,5,1,3,1,6,1,6
SF,IF2006,2020-02-19 09:58:03.900,4053.8000,24213,0,1887098040.000,0,-,-,-,-,4052.2000,4052.0000,4051.8000,4051.2000,4051.0000,4053.8000,4054.0000,4054.4000,4055.2000,4057.4000,1,2,2,6,2,1,3,1,6,1
SF,IF2006,2020-02-19 09:58:04.400,4053.8000,24213,0,1887098040.000,0,-,-,-,-,4052.2000,4052.0000,4051.4000,4051.2000,4051.0000,4053.6000,4053.8000,4054.0000,4054.4000,4055.2000,1,2,1,6,2,4,1,1,1,6
SF,IF2006,2020-02-19 09:58:04.900,4053.8000,24213,0,1887098040.000,0,-,-,-,-,4052.4000,4052.2000,4052.0000,4051.4000,4051.2000,4053.6000,4053.8000,4054.0000,4054.4000,4055.2000,3,1,2,1,3,4,1,1,1,6
SF,IF2006,2020-02-19 09:58:05.400,4053.8000,24213,0,1887098040.000,0,-,-,-,-,4052.4000,4052.2000,4052.0000,4051.4000,4051.2000,4053.6000,4053.8000,4054.0000,4054.4000,4055.2000,3,1,2,1,3,2,1,1,1,6
SF,IF2006,2020-02-19 09:58:05.900,4053.8000,24213,0,1887098040.000,0,-,-,-,-,4052.4000,4052.2000,4052.0000,4051.4000,4051.2000,4053.6000,4053.8000,4054.0000,4054.4000,4055.2000,3,1,1,1,3,2,1,1,1,6
SF,IF2006,2020-02-19 09:58:06.400,4052.6000,24214,1,1888313820.000,1,1,0,双开,S,4052.4000,4052.2000,4052.0000,4051.4000,4051.2000,4053.6000,4053.8000,4054.0000,4054.4000,4055.2000,3,1,1,1,3,2,1,1,1,6
SF,IF2006,2020-02-19 09:58:06.900,4052.6000,24214,0,1888313820.000,0,-,-,-,-,4052.4000,4052.2000,4052.0000,4051.4000,4051.2000,4053.4000,4053.6000,4053.8000,4054.0000,4054.4000,3,1,1,1,3,1,2,1,1,1
SF,IF2006,2020-02-19 09:58:07.400,4052.6000,24214,0,1888313820.000,0,-,-,-,-,4052.4000,4052.2000,4052.0000,4051.4000,4051.2000,4053.4000,4053.6000,4053.8000,4054.0000,4054.4000,3,1,1,1,3,1,2,1,1,1
SF,IF2006,2020-02-19 09:58:07.900,4052.6000,24214,0,1888313820.000,0,-,-,-,-,4052.4000,4052.2000,4052.0000,4051.4000,4051.2000,4053.4000,4053.6000,4053.8000,4054.0000,4054.4000,2,1,1,1,3,1,2,1,1,1
SF,IF2006,2020-02-19 09:58:10.400,4053.4000,24214,0,1889529840.000,1,0,1,多换,S,4052.4000,4052.2000,4052.0000,4051.4000,4051.2000,4053.6000,4053.8000,4054.0000,4054.4000,4055.2000,2,1,1,1,3,2,1,1,1,6
SF,IF2006,2020-02-19 09:58:10.900,4053.4000,24214,0,1889529840.000,0,-,-,-,-,4052.4000,4052.2000,4052.0000,4051.4000,4051.2000,4053.4000,4053.6000,4053.8000,4054.0000,4054.4000,2,1,1,1,3,1,2,1,1,1
SF,IF2006,2020-02-19 09:58:11.900,4052.4000,24213,-1,1891961580.000,2,0,2,多平,S,4052.4000,4052.2000,4052.0000,4051.4000,4051.2000,4053.6000,4053.8000,4054.0000,4054.4000,4055.2000,1,1,1,1,3,2,1,1,1,6
SF,IF2006,2020-02-19 09:58:12.400,4052.4000,24213,0,1891961580.000,0,-,-,-,-,4052.2000,4052.0000,4051.4000,4051.2000,4051.0000,4053.6000,4053.8000,4054.0000,4054.4000,4055.2000,1,1,1,3,2,2,1,1,1,6
SF,IF2006,2020-02-19 09:58:13.400,4053.6000,24213,0,1893177660.000,1,0,1,多换,S,4052.2000,4052.0000,4051.6000,4051.4000,4051.2000,4053.6000,4053.8000,4054.0000,4054.4000,4055.2000,1,1,1,1,3,1,1,1,1,6
SF,IF2006,2020-02-19 09:58:13.900,4053.6000,24213,0,1893177660.000,0,-,-,-,-,4052.6000,4052.4000,4052.2000,4052.0000,4051.6000,4053.6000,4053.8000,4054.0000,4054.4000,4055.2000,2,1,1,1,1,1,1,1,1,6
SF,IF2006,2020-02-19 09:58:14.400,4053.6000,24213,0,1894393740.000,1,0,1,多换,S,4052.6000,4052.4000,4052.2000,4052.0000,4051.6000,4053.8000,4054.0000,4054.4000,4055.2000,4057.4000,1,1,1,1,1,1,1,1,6,1
SF,IF2006,2020-02-19 09:58:14.900,4053.6000,24213,0,1894393740.000,0,-,-,-,-,4052.8000,4052.6000,4052.4000,4052.2000,4052.0000,4053.8000,4054.0000,4054.4000,4055.2000,4057.4000,1,1,1,1,1,1,1,1,6,1
SF,IF2006,2020-02-19 09:58:15.400,4053.6000,24213,0,1895609820.000,1,0,1,多换,S,4052.6000,4052.4000,4052.2000,4052.0000,4051.6000,4053.6000,4053.8000,4054.0000,4054.4000,4055.2000,1,1,1,1,1,2,1,1,1,6
SF,IF2006,2020-02-19 09:58:15.900,4053.6000,24213,0,1895609820.000,0,-,-,-,-,4052.6000,4052.2000,4052.0000,4051.6000,4051.2000,4053.4000,4053.6000,4054.4000,4055.2000,4057.4000,1,1,1,1,2,3,2,1,6,1
SF,IF2006,2020-02-19 09:58:16.400,4052.6000,24212,-1,1896825600.000,1,0,1,双平,S,4052.2000,4052.0000,4051.6000,4051.2000,4051.0000,4053.4000,4053.6000,4054.4000,4055.2000,4057.4000,1,1,1,2,2,3,2,1,6,1
SF,IF2006,2020-02-19 09:58:16.900,4053.4000,24212,0,1898041620.000,1,0,1,多换,S,4052.2000,4052.0000,4051.6000,4051.2000,4051.0000,4053.4000,4053.6000,4054.4000,4055.2000,4056.8000,1,1,1,2,2,2,2,1,6,1
SF,IF2006,2020-02-19 09:58:17.400,4053.4000,24212,0,1898041620.000,0,-,-,-,-,4051.6000,4051.2000,4051.0000,4050.8000,4050.0000,4053.4000,4053.6000,4054.4000,4055.2000,4056.8000,1,2,2,1,10,2,2,1,6,1
SF,IF2006,2020-02-19 09:58:17.900,4053.4000,24212,0,1898041620.000,0,-,-,-,-,4051.8000,4051.6000,4051.2000,4051.0000,4050.8000,4053.4000,4053.6000,4054.4000,4055.2000,4056.8000,2,1,2,2,1,2,2,1,6,1
SF,IF2006,2020-02-19 09:58:18.400,4053.4000,24212,0,1898041620.000,0,-,-,-,-,4052.0000,4051.8000,4051.6000,4051.2000,4051.0000,4053.4000,4053.6000,4054.4000,4055.2000,4056.8000,1,2,1,2,2,2,2,1,6,1
SF,IF2006,2020-02-19 09:58:18.900,4053.4000,24212,0,1898041620.000,0,-,-,-,-,4052.4000,4052.2000,4051.6000,4051.2000,4051.0000,4053.4000,4053.6000,4054.4000,4055.2000,4056.8000,2,6,1,2,2,1,2,1,6,1
SF,IF2006,2020-02-19 09:58:19.400,4053.4000,24212,0,1898041620.000,0,-,-,-,-,4052.4000,4052.2000,4051.6000,4051.2000,4051.0000,4053.4000,4053.6000,4053.8000,4054.4000,4055.2000,2,6,1,2,2,1,2,1,1,6
SF,IF2006,2020-02-19 09:58:20.400,4053.4000,24212,0,1898041620.000,0,-,-,-,-,4052.6000,4052.2000,4051.6000,4051.2000,4051.0000,4053.6000,4053.8000,4054.4000,4055.2000,4056.8000,3,5,1,2,2,1,1,1,6,1
SF,IF2006,2020-02-19 09:58:20.900,4053.4000,24212,0,1898041620.000,0,-,-,-,-,4052.8000,4052.6000,4052.2000,4051.6000,4051.2000,4053.8000,4054.4000,4055.2000,4056.8000,4057.4000,3,1,4,1,2,1,1,6,1,3
SF,IF2006,2020-02-19 09:58:21.400,4053.8000,24211,-1,1899257760.000,1,0,1,双平,S,4053.0000,4052.8000,4052.2000,4051.6000,4051.2000,4055.2000,4056.8000,4057.4000,4058.4000,4058.8000,6,1,1,1,2,6,1,3,6,5
SF,IF2006,2020-02-19 09:58:21.900,4053.8000,24211,0,1899257760.000,0,-,-,-,-,4053.4000,4053.2000,4053.0000,4051.6000,4051.2000,4054.8000,4055.0000,4055.2000,4056.8000,4057.4000,1,3,3,1,2,1,6,6,1,3
SF,IF2006,2020-02-19 09:58:22.400,4053.8000,24211,0,1899257760.000,0,-,-,-,-,4053.8000,4053.6000,4053.4000,4053.2000,4053.0000,4054.8000,4055.0000,4055.2000,4056.8000,4057.4000,1,2,1,3,1,1,4,6,1,3
SF,IF2006,2020-02-19 09:58:22.900,4053.8000,24211,0,1899257760.000,0,-,-,-,-,4054.0000,4053.6000,4053.2000,4051.6000,4051.2000,4054.8000,4055.0000,4055.2000,4056.8000,4057.4000,3,2,1,1,2,1,3,6,1,3
SF,IF2006,2020-02-19 09:58:23.400,4053.8000,24211,0,1899257760.000,0,-,-,-,-,4054.0000,4053.6000,4053.2000,4051.6000,4051.2000,4055.0000,4055.2000,4056.8000,4057.4000,4058.4000,1,2,1,1,2,3,6,1,3,6
SF,IF2006,2020-02-19 09:58:23.900,4053.8000,24211,0,1899257760.000,0,-,-,-,-,4054.0000,4053.6000,4053.2000,4051.6000,4051.2000,4055.0000,4055.2000,4056.8000,4057.4000,4058.4000,1,2,1,1,2,3,6,1,3,6
SF,IF2006,2020-02-19 09:58:24.400,4053.8000,24211,0,1899257760.000,0,-,-,-,-,4054.0000,4053.6000,4053.2000,4051.6000,4051.2000,4055.0000,4055.2000,4056.8000,4057.4000,4058.4000,1,2,1,1,2,3,6,1,1,6
SF,IF2006,2020-02-19 09:58:25.900,4053.8000,24211,0,1899257760.000,0,-,-,-,-,4053.6000,4053.2000,4051.6000,4051.2000,4051.0000,4055.0000,4055.2000,4056.8000,4057.4000,4058.4000,2,1,1,2,2,3,6,1,1,6
SF,IF2006,2020-02-19 09:58:26.400,4053.8000,24211,0,1899257760.000,0,-,-,-,-,4053.2000,4051.6000,4051.2000,4051.0000,4050.8000,4054.8000,4055.0000,4055.2000,4056.8000,4057.4000,1,1,2,2,1,2,3,6,1,1
SF,IF2006,2020-02-19 09:58:26.900,4053.8000,24211,0,1899257760.000,0,-,-,-,-,4053.4000,4051.6000,4051.2000,4051.0000,4050.8000,4054.6000,4054.8000,4055.0000,4055.2000,4056.8000,1,1,2,2,1,2,2,3,6,1
SF,IF2006,2020-02-19 09:58:27.400,4054.4000,24212,1,1905339240.000,5,3,2,空开,S,4051.6000,4051.2000,4051.0000,4050.8000,4050.0000,4054.6000,4055.0000,4055.2000,4056.8000,4057.4000,1,2,2,1,10,1,3,6,1,1
SF,IF2006,2020-02-19 09:58:27.900,4054.4000,24212,0,1905339240.000,0,-,-,-,-,4052.6000,4052.4000,4052.2000,4051.8000,4051.6000,4054.4000,4054.6000,4055.0000,4055.2000,4056.8000,1,1,1,4,1,1,1,3,6,1
SF,IF2006,2020-02-19 09:58:28.400,4054.4000,24212,0,1905339240.000,0,-,-,-,-,4052.8000,4052.6000,4052.4000,4052.2000,4051.8000,4054.2000,4055.0000,4055.2000,4056.8000,4057.4000,2,1,1,1,2,1,3,6,1,1
SF,IF2006,2020-02-19 09:58:28.900,4054.4000,24212,0,1905339240.000,0,-,-,-,-,4052.8000,4052.6000,4052.4000,4052.2000,4051.8000,4054.0000,4054.2000,4055.0000,4055.2000,4056.8000,2,2,1,1,1,1,1,2,6,1
SF,IF2006,2020-02-19 09:58:29.400,4054.0000,24213,1,1906555440.000,1,1,0,双开,S,4052.8000,4052.6000,4052.4000,4052.2000,4051.8000,4054.2000,4055.0000,4055.2000,4056.8000,4057.2000,2,2,1,1,1,1,2,6,1,1
SF,IF2006,2020-02-19 09:58:29.900,4054.0000,24213,0,1906555440.000,0,-,-,-,-,4052.8000,4052.6000,4052.4000,4051.8000,4051.6000,4054.0000,4054.2000,4054.4000,4055.0000,4055.2000,2,2,1,1,1,2,1,1,2,6
SF,IF2006,2020-02-19 09:58:31.400,4054.0000,24213,0,1906555440.000,0,-,-,-,-,4052.8000,4052.6000,4052.4000,4051.8000,4051.6000,4054.0000,4054.2000,4054.4000,4055.0000,4055.2000,2,2,1,1,1,2,1,1,2,6
SF,IF2006,2020-02-19 09:58:32.400,4052.8000,24212,-1,1907771280.000,1,0,1,双平,S,4052.8000,4052.6000,4052.4000,4051.8000,4051.6000,4053.8000,4054.0000,4054.4000,4055.0000,4055.2000,1,2,1,1,1,2,2,1,2,6
SF,IF2006,2020-02-19 09:58:32.900,4052.8000,24211,-1,1908987120.000,1,0,1,双平,S,4052.6000,4052.4000,4051.8000,4051.6000,4051.2000,4053.6000,4053.8000,4054.0000,4054.4000,4054.6000,2,1,1,1,2,1,1,1,1,2
SF,IF2006,2020-02-19 09:58:34.400,4052.8000,24211,0,1908987120.000,0,-,-,-,-,4052.6000,4052.4000,4051.8000,4051.6000,4051.2000,4053.6000,4053.8000,4054.4000,4054.6000,4055.0000,2,1,1,1,2,1,1,1,2,2
SF,IF2006,2020-02-19 09:58:34.900,4052.8000,24211,0,1908987120.000,0,-,-,-,-,4052.6000,4052.4000,4051.8000,4051.6000,4051.2000,4053.6000,4053.8000,4054.4000,4054.6000,4055.0000,2,1,1,1,2,1,1,1,2,46
SF,IF2006,2020-02-19 09:58:35.400,4052.8000,24211,0,1908987120.000,0,-,-,-,-,4052.6000,4052.4000,4051.8000,4051.6000,4051.2000,4053.6000,4054.4000,4054.6000,4055.0000,4055.2000,2,1,1,1,2,1,1,2,46,6
SF,IF2006,2020-02-19 09:58:35.900,4052.8000,24211,0,1908987120.000,0,-,-,-,-,4052.6000,4052.4000,4051.8000,4051.6000,4051.2000,4054.4000,4054.6000,4055.0000,4055.2000,4056.8000,2,1,1,1,2,1,2,46,6,1
SF,IF2006,2020-02-19 09:58:36.400,4052.6000,24212,1,1910202900.000,1,1,0,双开,S,4052.4000,4051.8000,4051.6000,4051.2000,4051.0000,4054.0000,4054.2000,4054.4000,4054.6000,4055.0000,1,1,1,2,2,1,5,2,2,46
SF,IF2006,2020-02-19 09:58:36.900,4052.6000,24212,0,1910202900.000,0,-,-,-,-,4052.4000,4051.8000,4051.6000,4051.2000,4051.0000,4053.6000,4053.8000,4054.2000,4054.4000,4054.6000,1,1,1,2,2,1,4,1,2,2
SF,IF2006,2020-02-19 09:58:37.400,4052.6000,24212,0,1910202900.000,0,-,-,-,-,4052.4000,4051.8000,4051.6000,4051.2000,4051.0000,4053.4000,4053.6000,4053.8000,4054.2000,4054.4000,1,1,1,2,2,1,1,3,1,2
SF,IF2006,2020-02-19 09:58:37.900,4053.4000,24211,-1,1911418920.000,1,0,1,双平,S,4052.4000,4051.8000,4051.6000,4051.2000,4051.0000,4053.6000,4053.8000,4054.0000,4054.2000,4054.4000,1,1,1,2,2,1,3,1,1,2
SF,IF2006,2020-02-19 09:58:38.400,4053.4000,24212,1,1912634940.000,1,1,0,双开,S,4052.4000,4051.6000,4051.2000,4051.0000,4050.0000,4053.4000,4053.6000,4053.8000,4054.0000,4054.2000,1,1,2,2,10,1,1,2,1,1
SF,IF2006,2020-02-19 09:58:40.400,4053.4000,24212,0,1912634940.000,0,-,-,-,-,4052.6000,4052.4000,4051.6000,4051.2000,4051.0000,4053.4000,4053.6000,4053.8000,4054.0000,4054.2000,1,1,1,2,2,1,1,2,1,1
SF,IF2006,2020-02-19 09:58:40.900,4053.4000,24212,0,1912634940.000,0,-,-,-,-,4052.6000,4052.4000,4051.6000,4051.2000,4051.0000,4053.6000,4053.8000,4054.0000,4054.2000,4054.4000,1,1,1,2,2,1,2,1,1,2
SF,IF2006,2020-02-19 09:58:41.400,4052.6000,24211,-1,1913850720.000,1,0,1,双平,S,4052.4000,4051.6000,4051.2000,4051.0000,4050.0000,4053.6000,4054.0000,4054.2000,4054.4000,4054.6000,1,1,2,2,10,1,1,1,2,2
SF,IF2006,2020-02-19 09:58:41.900,4052.6000,24211,0,1913850720.000,0,-,-,-,-,4052.6000,4052.4000,4051.6000,4051.2000,4051.0000,4053.6000,4054.0000,4054.2000,4054.4000,4054.6000,1,1,1,2,2,1,1,1,2,2
SF,IF2006,2020-02-19 09:58:42.400,4052.6000,24211,0,1913850720.000,0,-,-,-,-,4052.6000,4052.4000,4051.6000,4051.2000,4051.0000,4054.0000,4054.2000,4054.4000,4054.6000,4055.0000,1,1,1,2,2,1,1,1,2,46
SF,IF2006,2020-02-19 09:58:42.900,4052.6000,24211,0,1913850720.000,0,-,-,-,-,4053.0000,4052.8000,4052.4000,4051.6000,4051.2000,4054.0000,4054.2000,4054.6000,4055.0000,4055.2000,2,3,1,1,2,1,1,2,46,6
SF,IF2006,2020-02-19 09:58:43.900,4052.6000,24211,0,1913850720.000,0,-,-,-,-,4053.2000,4052.8000,4051.6000,4051.2000,4051.0000,4054.0000,4055.0000,4055.2000,4056.8000,4057.2000,4,2,1,2,2,1,46,6,1,1
SF,IF2006,2020-02-19 09:58:44.400,4052.6000,24211,0,1913850720.000,0,-,-,-,-,4053.2000,4052.8000,4051.6000,4051.2000,4051.0000,4054.0000,4055.0000,4055.2000,4056.8000,4057.0000,2,2,1,2,2,1,46,6,1,2
SF,IF2006,2020-02-19 09:58:44.900,4052.6000,24211,0,1913850720.000,0,-,-,-,-,4053.2000,4052.8000,4051.6000,4051.2000,4051.0000,4053.8000,4054.0000,4055.0000,4055.2000,4056.8000,2,2,1,2,2,1,1,46,6,1
SF,IF2006,2020-02-19 09:58:45.400,4052.6000,24211,0,1913850720.000,0,-,-,-,-,4053.2000,4052.8000,4051.6000,4051.2000,4051.0000,4053.8000,4054.0000,4055.0000,4055.2000,4056.8000,1,2,1,2,2,1,1,46,6,1
SF,IF2006,2020-02-19 09:58:45.900,4053.0000,24210,-1,1915066620.000,1,0,1,双平,S,4052.8000,4051.6000,4051.2000,4051.0000,4050.0000,4053.8000,4054.0000,4055.0000,4055.2000,4056.8000,2,1,2,2,10,1,1,46,6,1
SF,IF2006,2020-02-19 09:58:46.400,4053.0000,24210,0,1915066620.000,0,-,-,-,-,4053.0000,4052.8000,4051.6000,4051.2000,4051.0000,4053.8000,4054.0000,4055.0000,4055.2000,4056.8000,1,2,1,2,2,1,1,46,6,1
SF,IF2006,2020-02-19 09:58:47.400,4053.0000,24210,0,1915066620.000,0,-,-,-,-,4052.8000,4051.6000,4051.2000,4051.0000,4050.0000,4053.8000,4054.0000,4055.0000,4055.2000,4056.8000,2,1,2,2,10,1,1,46,6,1
SF,IF2006,2020-02-19 09:58:47.900,4053.0000,24210,0,1915066620.000,0,-,-,-,-,4051.6000,4051.2000,4051.0000,4050.0000,4048.0000,4053.8000,4054.0000,4055.0000,4055.2000,4056.8000,1,2,2,10,1,1,1,46,6,1
SF,IF2006,2020-02-19 09:58:48.400,4053.0000,24210,0,1915066620.000,0,-,-,-,-,4052.2000,4052.0000,4051.8000,4051.6000,4051.2000,4053.6000,4053.8000,4054.0000,4055.0000,4055.2000,1,5,4,1,2,2,1,1,46,6
SF,IF2006,2020-02-19 09:58:48.900,4053.0000,24210,0,1915066620.000,0,-,-,-,-,4052.4000,4052.2000,4052.0000,4051.8000,4051.6000,4053.6000,4053.8000,4054.0000,4055.0000,4055.2000,1,1,4,4,1,2,1,1,46,6
SF,IF2006,2020-02-19 09:58:49.400,4053.0000,24210,0,1915066620.000,0,-,-,-,-,4052.2000,4052.0000,4051.8000,4051.6000,4051.2000,4053.4000,4053.6000,4053.8000,4054.0000,4055.0000,1,2,4,1,2,1,2,1,1,46
SF,IF2006,2020-02-19 09:58:49.900,4053.0000,24210,0,1915066620.000,0,-,-,-,-,4052.2000,4052.0000,4051.8000,4051.6000,4051.2000,4052.4000,4053.4000,4053.6000,4053.8000,4054.0000,1,2,4,1,2,4,1,2,1,1
SF,IF2006,2020-02-19 09:58:50.400,4052.4000,24206,-4,1923576660.000,7,1,6,多平,S,4052.0000,4051.8000,4051.6000,4051.2000,4051.0000,4052.2000,4053.2000,4053.4000,4053.6000,4054.0000,2,4,1,2,2,1,1,1,2,1
SF,IF2006,2020-02-19 09:58:50.900,4052.2000,24206,0,1924792320.000,1,0,1,多换,S,4052.2000,4052.0000,4051.8000,4051.6000,4051.2000,4053.2000,4053.4000,4053.6000,4054.0000,4055.0000,1,1,3,1,2,1,1,2,1,46
SF,IF2006,2020-02-19 09:58:51.400,4052.2000,24206,0,1924792320.000,0,-,-,-,-,4052.2000,4051.8000,4051.6000,4051.2000,4051.0000,4053.2000,4053.4000,4053.6000,4054.0000,4055.0000,1,3,1,2,2,1,1,2,1,46
SF,IF2006,2020-02-19 09:58:51.900,4052.2000,24206,0,1924792320.000,0,-,-,-,-,4052.4000,4052.2000,4051.8000,4051.6000,4051.2000,4053.2000,4053.4000,4053.6000,4054.0000,4055.0000,1,1,3,1,2,1,1,2,1,46
SF,IF2006,2020-02-19 09:58:52.400,4053.2000,24205,-1,1926008280.000,1,0,1,双平,S,4052.6000,4052.2000,4051.8000,4051.6000,4051.2000,4054.0000,4055.0000,4055.2000,4056.8000,4057.0000,1,1,3,1,2,1,46,6,1,2
SF,IF2006,2020-02-19 09:58:52.900,4053.2000,24205,0,1926008280.000,0,-,-,-,-,4052.8000,4052.6000,4052.2000,4051.8000,4051.6000,4054.0000,4055.0000,4055.2000,4056.8000,4057.0000,2,1,1,1,1,1,46,6,1,2
SF,IF2006,2020-02-19 09:58:53.400,4053.0000,24205,0,1927224180.000,1,0,1,多换,S,4052.8000,4052.6000,4052.2000,4051.8000,4051.6000,4054.0000,4055.0000,4055.2000,4056.8000,4057.0000,2,1,1,1,1,1,46,6,1,2
SF,IF2006,2020-02-19 09:58:53.900,4053.0000,24205,0,1927224180.000,0,-,-,-,-,4052.8000,4052.6000,4052.2000,4051.8000,4051.6000,4054.0000,4054.8000,4055.0000,4055.2000,4056.8000,2,1,1,1,1,1,1,46,6,1
SF,IF2006,2020-02-19 09:58:54.400,4053.0000,24205,0,1927224180.000,0,-,-,-,-,4052.6000,4052.2000,4051.8000,4051.6000,4051.2000,4053.8000,4054.0000,4054.8000,4055.0000,4055.2000,1,1,1,1,2,3,1,1,46,6
SF,IF2006,2020-02-19 09:58:54.900,4053.0000,24205,0,1927224180.000,0,-,-,-,-,4052.6000,4052.2000,4051.8000,4051.6000,4051.2000,4053.2000,4053.6000,4053.8000,4054.0000,4054.8000,1,1,1,1,2,1,1,2,1,1
SF,IF2006,2020-02-19 09:58:55.400,4053.2000,24206,1,1928440140.000,1,1,0,双开,S,4052.6000,4052.2000,4051.8000,4051.6000,4051.2000,4053.6000,4053.8000,4054.0000,4054.8000,4055.0000,1,1,1,1,2,1,2,1,1,46
SF,IF2006,2020-02-19 09:58:56.400,4053.2000,24206,0,1928440140.000,0,-,-,-,-,4052.6000,4052.2000,4051.8000,4051.6000,4051.2000,4053.8000,4054.0000,4054.2000,4054.8000,4055.0000,1,1,1,1,2,2,1,1,1,46
SF,IF2006,2020-02-19 09:58:57.400,4053.2000,24206,0,1928440140.000,0,-,-,-,-,4052.6000,4051.8000,4051.6000,4051.2000,4051.0000,4053.8000,4054.0000,4054.2000,4054.8000,4055.0000,1,1,1,2,2,2,1,1,1,46
SF,IF2006,2020-02-19 09:58:57.900,4053.2000,24206,0,1928440140.000,0,-,-,-,-,4052.8000,4052.6000,4051.8000,4051.6000,4051.2000,4054.0000,4054.2000,4054.8000,4055.0000,4055.2000,3,1,1,1,3,1,1,1,46,6
SF,IF2006,2020-02-19 09:58:58.400,4053.2000,24206,0,1928440140.000,0,-,-,-,-,4053.0000,4052.8000,4052.6000,4051.8000,4051.6000,4054.0000,4054.2000,4054.8000,4055.0000,4055.2000,2,2,1,1,1,1,1,1,46,6
SF,IF2006,2020-02-19 09:58:58.900,4052.6000,24202,-4,1934519400.000,5,0,5,多平,S,4051.8000,4051.6000,4051.2000,4051.0000,4050.0000,4054.0000,4054.2000,4054.8000,4055.0000,4055.2000,1,1,3,2,9,1,1,1,46,6
SF,IF2006,2020-02-19 09:58:59.400,4052.6000,24202,0,1934519400.000,0,-,-,-,-,4052.6000,4052.4000,4052.2000,4052.0000,4051.8000,4053.8000,4054.0000,4054.2000,4054.8000,4055.0000,1,2,2,4,1,2,1,1,1,46
SF,IF2006,2020-02-19 09:58:59.900,4052.6000,24202,0,1934519400.000,0,-,-,-,-,4052.8000,4052.6000,4052.4000,4052.2000,4052.0000,4053.8000,4054.0000,4054.2000,4054.8000,4055.0000,1,1,2,2,4,2,1,1,1,46
SF,IF2006,2020-02-19 09:59:00.900,4052.6000,24203,1,1935735180.000,1,1,0,双开,S,4052.4000,4052.2000,4052.0000,4051.6000,4051.2000,4052.6000,4053.6000,4053.8000,4054.0000,4054.2000,2,2,4,1,3,5,1,2,1,1
SF,IF2006,2020-02-19 09:59:01.400,4052.6000,24198,-5,1941814080.000,5,0,5,双平,S,4052.4000,4052.2000,4052.0000,4051.6000,4051.2000,4053.8000,4054.0000,4054.2000,4054.8000,4055.0000,2,1,4,1,3,2,1,1,1,46
SF,IF2006,2020-02-19 09:59:01.900,4052.6000,24198,0,1941814080.000,0,-,-,-,-,4052.6000,4052.4000,4052.2000,4052.0000,4051.6000,4053.8000,4054.0000,4054.2000,4054.8000,4055.0000,2,2,1,3,1,2,1,1,1,46
SF,IF2006,2020-02-19 09:59:02.400,4052.6000,24198,0,1941814080.000,0,-,-,-,-,4052.4000,4052.2000,4052.0000,4051.6000,4051.2000,4053.8000,4054.0000,4054.2000,4054.8000,4055.0000,2,1,3,1,3,2,1,1,1,46
SF,IF2006,2020-02-19 09:59:02.900,4052.4000,24196,-2,1947892860.000,5,1,4,多平,S,4052.2000,4052.0000,4051.6000,4051.2000,4051.0000,4053.8000,4054.0000,4054.2000,4054.8000,4055.0000,1,3,1,3,2,2,1,1,1,46
SF,IF2006,2020-02-19 09:59:03.400,4052.4000,24196,0,1947892860.000,0,-,-,-,-,4052.4000,4052.2000,4052.0000,4051.6000,4051.2000,4053.8000,4054.0000,4054.2000,4054.8000,4055.0000,2,1,1,1,3,2,1,1,1,46
SF,IF2006,2020-02-19 09:59:03.900,4052.4000,24195,-1,1949108580.000,1,0,1,双平,S,4052.4000,4052.2000,4052.0000,4051.6000,4051.2000,4053.8000,4054.0000,4054.2000,4054.8000,4055.0000,1,1,1,1,3,2,1,1,1,46
SF,IF2006,2020-02-19 09:59:04.400,4052.4000,24194,-1,1950324300.000,1,0,1,双平,S,4052.2000,4052.0000,4051.6000,4051.2000,4051.0000,4052.4000,4053.8000,4054.0000,4054.2000,4054.8000,1,1,1,3,2,4,2,1,1,1
SF,IF2006,2020-02-19 09:59:04.900,4052.4000,24190,-4,1955187180.000,4,0,4,双平,S,4052.4000,4051.6000,4051.2000,4051.0000,4050.0000,4053.8000,4054.0000,4054.2000,4054.8000,4055.0000,4,1,3,2,9,2,1,1,1,46
SF,IF2006,2020-02-19 09:59:05.400,4052.4000,24188,-2,1957618620.000,2,0,2,双平,S,4052.4000,4051.6000,4051.2000,4051.0000,4050.0000,4053.4000,4053.6000,4053.8000,4054.0000,4054.2000,1,1,3,2,9,6,2,2,1,1
SF,IF2006,2020-02-19 09:59:05.900,4052.4000,24188,0,1957618620.000,0,-,-,-,-,4051.6000,4051.2000,4051.0000,4050.0000,4048.0000,4053.4000,4053.6000,4053.8000,4054.0000,4054.2000,1,3,2,9,1,5,2,2,1,1
SF,IF2006,2020-02-19 09:59:06.400,4052.4000,24188,0,1957618620.000,0,-,-,-,-,4052.2000,4052.0000,4051.8000,4051.6000,4051.2000,4053.2000,4053.4000,4053.6000,4054.0000,4054.2000,1,2,1,1,3,1,2,2,1,1
SF,IF2006,2020-02-19 09:59:07.400,4052.4000,24188,0,1957618620.000,0,-,-,-,-,4052.2000,4052.0000,4051.8000,4051.6000,4051.2000,4053.0000,4053.2000,4053.4000,4053.6000,4054.0000,1,2,1,1,3,1,1,2,1,1
SF,IF2006,2020-02-19 09:59:07.900,4052.4000,24188,0,1957618620.000,0,-,-,-,-,4052.2000,4052.0000,4051.8000,4051.6000,4051.2000,4053.0000,4053.2000,4053.4000,4053.6000,4054.0000,1,2,1,1,3,1,1,2,1,1
SF,IF2006,2020-02-19 09:59:09.400,4052.4000,24188,0,1957618620.000,0,-,-,-,-,4052.2000,4052.0000,4051.8000,4051.6000,4051.2000,4053.0000,4053.2000,4053.4000,4053.6000,4054.0000,1,2,1,1,3,1,1,2,1,2
SF,IF2006,2020-02-19 09:59:09.900,4052.2000,24187,-1,1958834280.000,1,0,1,双平,S,4052.0000,4051.8000,4051.6000,4051.2000,4051.0000,4052.2000,4053.0000,4053.2000,4053.4000,4053.6000,2,1,1,3,2,4,1,1,2,1
SF,IF2006,2020-02-19 09:59:10.400,4052.2000,24183,-4,1963696920.000,4,0,4,双平,S,4052.2000,4052.0000,4051.8000,4051.6000,4051.2000,4053.0000,4053.2000,4053.4000,4053.6000,4054.0000,2,1,1,1,3,1,1,2,1,2
SF,IF2006,2020-02-19 09:59:10.900,4052.2000,24183,0,1963696920.000,0,-,-,-,-,4052.2000,4051.8000,4051.6000,4051.2000,4051.0000,4053.0000,4053.2000,4053.4000,4053.6000,4054.0000,2,1,1,3,2,1,1,2,1,2
SF,IF2006,2020-02-19 09:59:11.400,4052.2000,24182,-1,1966128240.000,2,0,2,多平,S,4051.8000,4051.6000,4051.2000,4051.0000,4050.0000,4052.2000,4053.0000,4053.2000,4053.4000,4053.6000,1,1,3,2,9,3,1,1,2,1
SF,IF2006,2020-02-19 09:59:11.900,4052.2000,24179,-3,1969775220.000,3,0,3,双平,S,4052.2000,4052.0000,4051.6000,4051.2000,4051.0000,4053.0000,4053.2000,4053.4000,4053.6000,4054.0000,1,1,1,3,2,1,1,1,1,2
SF,IF2006,2020-02-19 09:59:12.400,4052.2000,24179,0,1969775220.000,0,-,-,-,-,4052.4000,4052.2000,4052.0000,4051.6000,4051.2000,4053.0000,4053.2000,4053.4000,4053.6000,4054.0000,1,1,1,1,3,1,1,1,1,2
SF,IF2006,2020-02-19 09:59:12.900,4052.2000,24179,0,1969775220.000,0,-,-,-,-,4052.4000,4052.2000,4052.0000,4051.6000,4051.2000,4053.0000,4053.2000,4053.4000,4053.6000,4054.0000,1,1,2,1,3,1,1,1,1,2
SF,IF2006,2020-02-19 09:59:13.400,4052.2000,24179,0,1969775220.000,0,-,-,-,-,4052.4000,4052.2000,4052.0000,4051.6000,4051.2000,4053.0000,4053.2000,4053.4000,4053.6000,4054.0000,1,1,2,1,3,2,1,1,1,2
SF,IF2006,2020-02-19 09:59:13.900,4052.4000,24178,-1,1970990940.000,1,0,1,双平,S,4052.2000,4052.0000,4051.6000,4051.2000,4051.0000,4052.4000,4053.0000,4053.2000,4053.4000,4053.6000,1,2,1,3,2,4,2,1,1,1
SF,IF2006,2020-02-19 09:59:14.400,4052.2000,24177,-1,1978285140.000,6,2,4,多平,S,4052.0000,4051.6000,4051.2000,4051.0000,4050.0000,4053.0000,4053.2000,4053.4000,4053.6000,4054.0000,2,1,3,2,9,2,1,1,1,2
SF,IF2006,2020-02-19 09:59:15.400,4052.2000,24177,0,1978285140.000,0,-,-,-,-,4052.0000,4051.6000,4051.2000,4051.0000,4050.0000,4053.0000,4053.2000,4053.4000,4053.6000,4054.0000,2,1,3,2,9,45,1,1,1,2
SF,IF2006,2020-02-19 09:59:15.900,4052.2000,24177,0,1978285140.000,0,-,-,-,-,4052.6000,4052.0000,4051.6000,4051.2000,4051.0000,4053.0000,4053.2000,4053.4000,4053.6000,4054.0000,1,2,1,3,2,46,1,1,1,2
SF,IF2006,2020-02-19 09:59:16.400,4052.0000,24177,0,1981932120.000,3,1,2,多换,S,4051.6000,4051.2000,4051.0000,4050.0000,4048.0000,4052.0000,4052.6000,4053.0000,4053.2000,4053.4000,1,3,2,8,1,3,1,46,1,1
SF,IF2006,2020-02-19 09:59:16.900,4052.0000,24174,-3,1985578920.000,3,0,3,双平,S,4051.6000,4051.2000,4051.0000,4050.0000,4048.0000,4052.6000,4053.0000,4053.2000,4053.6000,4054.0000,1,3,2,8,1,1,46,1,1,2
SF,IF2006,2020-02-19 09:59:17.400,4052.0000,24174,0,1985578920.000,0,-,-,-,-,4051.8000,4051.6000,4051.2000,4051.0000,4050.0000,4053.0000,4053.2000,4053.6000,4054.0000,4054.2000,1,1,3,2,8,46,1,1,2,1
SF,IF2006,2020-02-19 09:59:17.900,4052.0000,24174,0,1985578920.000,0,-,-,-,-,4051.8000,4051.6000,4051.2000,4051.0000,4050.0000,4052.8000,4053.0000,4053.6000,4054.0000,4054.2000,1,1,3,2,8,6,46,1,2,1
SF,IF2006,2020-02-19 09:59:18.400,4052.0000,24174,0,1985578920.000,0,-,-,-,-,4051.8000,4051.6000,4051.2000,4051.0000,4050.0000,4052.8000,4053.0000,4053.6000,4054.0000,4054.2000,1,1,3,2,8,7,45,1,2,1
SF,IF2006,2020-02-19 09:59:18.900,4051.8000,24173,-1,1988010000.000,2,0,2,多平,S,4051.6000,4051.2000,4051.0000,4050.0000,4048.0000,4051.8000,4052.6000,4052.8000,4053.0000,4053.6000,2,3,2,8,1,3,1,6,45,1
SF,IF2006,2020-02-19 09:59:19.400,4051.8000,24170,-3,1991656620.000,3,0,3,双平,S,4051.8000,4051.6000,4051.2000,4051.0000,4050.0000,4052.6000,4052.8000,4053.0000,4053.6000,4054.0000,2,2,3,2,8,1,4,45,1,2
SF,IF2006,2020-02-19 09:59:19.900,4051.8000,24170,0,1991656620.000,0,-,-,-,-,4052.0000,4051.8000,4051.6000,4051.2000,4051.0000,4052.6000,4052.8000,4053.0000,4053.6000,4054.0000,1,1,2,3,2,1,4,45,1,2
SF,IF2006,2020-02-19 09:59:20.400,4051.6000,24168,-2,1995303180.000,3,0,3,多平,S,4051.2000,4051.0000,4050.0000,4048.0000,4047.2000,4051.6000,4052.6000,4052.8000,4053.0000,4053.6000,3,2,8,1,5,2,1,4,45,1
SF,IF2006,2020-02-19 09:59:20.900,4051.6000,24166,-2,1997734140.000,2,0,2,双平,S,4051.6000,4051.2000,4051.0000,4050.0000,4048.0000,4052.6000,4052.8000,4053.0000,4053.6000,4054.0000,2,4,2,8,1,1,4,45,1,2
SF,IF2006,2020-02-19 09:59:21.400,4051.6000,24166,0,1997734140.000,0,-,-,-,-,4051.2000,4051.0000,4050.0000,4048.0000,4047.2000,4052.4000,4052.6000,4052.8000,4053.0000,4053.6000,3,2,8,1,5,3,1,2,45,1
SF,IF2006,2020-02-19 09:59:21.900,4051.6000,24166,0,1997734140.000,0,-,-,-,-,4051.4000,4051.2000,4051.0000,4050.0000,4048.0000,4052.4000,4052.6000,4052.8000,4053.0000,4053.6000,1,3,2,8,1,3,1,2,45,1
SF,IF2006,2020-02-19 09:59:22.400,4051.6000,24166,0,1997734140.000,0,-,-,-,-,4051.6000,4051.4000,4051.2000,4051.0000,4050.0000,4052.4000,4052.6000,4052.8000,4053.0000,4053.6000,1,1,5,2,8,2,1,2,45,1
SF,IF2006,2020-02-19 09:59:22.900,4051.6000,24166,0,1998949620.000,1,0,1,多换,S,4051.4000,4051.2000,4051.0000,4050.0000,4048.0000,4052.4000,4052.6000,4052.8000,4053.0000,4053.6000,1,3,2,8,1,2,1,1,45,1
SF,IF2006,2020-02-19 09:59:23.400,4051.6000,24166,0,1998949620.000,0,-,-,-,-,4051.4000,4051.2000,4051.0000,4050.0000,4048.0000,4052.2000,4052.4000,4052.8000,4053.0000,4053.6000,1,4,2,8,1,1,2,1,44,1
SF,IF2006,2020-02-19 09:59:23.900,4052.2000,24166,0,2000165280.000,1,0,1,多换,S,4051.4000,4051.2000,4051.0000,4050.0000,4048.0000,4052.4000,4052.8000,4053.0000,4053.6000,4054.0000,1,4,2,8,1,2,1,44,1,2
SF,IF2006,2020-02-19 09:59:24.900,4052.2000,24166,0,2000165280.000,0,-,-,-,-,4051.2000,4051.0000,4050.0000,4048.0000,4047.2000,4052.4000,4052.8000,4053.0000,4053.6000,4054.0000,3,2,8,1,5,2,1,44,1,2
SF,IF2006,2020-02-19 09:59:25.400,4052.2000,24166,0,2000165280.000,0,-,-,-,-,4051.2000,4051.0000,4050.0000,4048.0000,4047.2000,4052.4000,4052.8000,4053.0000,4053.6000,4054.0000,3,3,8,1,5,2,1,44,1,2
SF,IF2006,2020-02-19 09:59:25.900,4052.2000,24166,0,2000165280.000,0,-,-,-,-,4051.2000,4051.0000,4050.0000,4048.0000,4047.2000,4052.2000,4052.4000,4052.8000,4053.0000,4053.4000,3,3,8,1,5,1,2,1,44,1
SF,IF2006,2020-02-19 09:59:26.400,4052.2000,24166,0,2000165280.000,0,-,-,-,-,4051.2000,4051.0000,4050.0000,4048.0000,4047.2000,4052.0000,4052.2000,4052.8000,4053.0000,4053.4000,3,3,8,1,5,2,1,1,44,1
SF,IF2006,2020-02-19 09:59:26.900,4052.2000,24166,0,2000165280.000,0,-,-,-,-,4051.2000,4051.0000,4050.0000,4048.0000,4047.2000,4052.0000,4053.0000,4053.4000,4053.6000,4054.0000,3,3,8,1,5,2,44,1,1,1
SF,IF2006,2020-02-19 09:59:27.900,4052.0000,24165,-1,2003811840.000,3,1,2,多平,S,4051.2000,4051.0000,4050.0000,4048.0000,4047.2000,4053.0000,4053.4000,4053.6000,4054.0000,4054.2000,4,3,8,1,5,44,1,1,1,1
SF,IF2006,2020-02-19 09:59:28.400,4052.0000,24165,0,2003811840.000,0,-,-,-,-,4051.2000,4051.0000,4050.0000,4048.0000,4047.2000,4052.4000,4052.6000,4052.8000,4053.0000,4053.4000,2,3,8,1,5,1,4,4,44,1
SF,IF2006,2020-02-19 09:59:28.900,4052.0000,24165,0,2003811840.000,0,-,-,-,-,4051.2000,4051.0000,4050.0000,4048.0000,4047.2000,4052.2000,4052.4000,4052.8000,4053.0000,4053.4000,2,3,8,1,5,4,1,3,44,1
SF,IF2006,2020-02-19 09:59:29.400,4052.0000,24165,0,2003811840.000,0,-,-,-,-,4051.2000,4051.0000,4050.0000,4048.0000,4047.2000,4051.8000,4052.0000,4052.2000,4052.4000,4052.8000,1,2,8,1,5,1,2,1,1,3
SF,IF2006,2020-02-19 09:59:29.900,4052.0000,24165,0,2003811840.000,0,-,-,-,-,4051.2000,4051.0000,4050.0000,4048.0000,4047.2000,4051.8000,4052.4000,4052.8000,4053.0000,4053.4000,1,2,8,1,5,1,1,3,44,1
SF,IF2006,2020-02-19 09:59:30.900,4051.2000,24165,0,2005027200.000,1,0,1,多换,S,4051.0000,4050.0000,4048.0000,4047.2000,4047.0000,4051.8000,4052.4000,4052.8000,4053.0000,4053.4000,2,8,1,5,1,1,1,3,44,1
SF,IF2006,2020-02-19 09:59:31.400,4051.0000,24165,0,2007457800.000,2,1,1,多换,S,4050.0000,4048.0000,4047.2000,4047.0000,4046.8000,4051.8000,4052.8000,4053.0000,4053.4000,4054.0000,8,1,5,1,1,1,3,44,1,1
SF,IF2006,2020-02-19 09:59:31.900,4050.2000,24164,-1,2008672860.000,1,0,1,双平,S,4050.2000,4050.0000,4048.0000,4047.2000,4047.0000,4051.4000,4051.6000,4051.8000,4052.6000,4052.8000,2,9,1,5,1,1,3,1,1,1
SF,IF2006,2020-02-19 09:59:32.400,4050.2000,24164,0,2008672860.000,0,-,-,-,-,4050.6000,4050.0000,4048.0000,4047.2000,4047.0000,4051.2000,4051.6000,4051.8000,4052.6000,4052.8000,1,10,1,5,1,4,1,1,1,1
SF,IF2006,2020-02-19 09:59:32.900,4050.6000,24164,0,2009888040.000,1,0,1,多换,S,4050.6000,4050.0000,4048.0000,4047.2000,4047.0000,4051.2000,4051.6000,4051.8000,4052.6000,4052.8000,1,8,1,5,1,4,1,1,1,1
SF,IF2006,2020-02-19 09:59:33.400,4050.6000,24164,0,2011103220.000,1,0,1,多换,S,4050.0000,4048.0000,4047.2000,4047.0000,4046.8000,4050.6000,4051.0000,4051.2000,4051.6000,4052.6000,8,1,5,1,1,1,1,2,1,1
SF,IF2006,2020-02-19 09:59:33.900,4050.6000,24163,-1,2012318400.000,1,0,1,双平,S,4050.0000,4048.0000,4047.2000,4047.0000,4046.8000,4051.0000,4051.2000,4051.6000,4052.8000,4053.0000,8,1,5,1,1,1,2,1,1,44
SF,IF2006,2020-02-19 09:59:34.400,4050.0000,24161,-2,2014748400.000,2,0,2,双平,S,4050.0000,4048.0000,4047.2000,4047.0000,4046.8000,4050.6000,4050.8000,4052.8000,4053.0000,4053.4000,6,1,5,1,1,1,7,1,44,1
SF,IF2006,2020-02-19 09:59:34.900,4050.0000,24157,-4,2019608400.000,4,0,4,双平,S,4050.0000,4048.0000,4047.2000,4047.0000,4046.8000,4050.6000,4050.8000,4052.8000,4053.0000,4053.4000,2,1,5,1,1,1,6,1,44,1
SF,IF2006,2020-02-19 09:59:35.400,4050.0000,24157,0,2019608400.000,0,-,-,-,-,4050.0000,4048.0000,4047.2000,4047.0000,4046.8000,4050.4000,4050.6000,4050.8000,4052.8000,4053.0000,2,1,5,1,1,1,1,5,1,44
SF,IF2006,2020-02-19 09:59:35.900,4050.0000,24156,-1,2020823400.000,1,0,1,双平,S,4050.0000,4048.0000,4047.2000,4047.0000,4046.8000,4050.6000,4050.8000,4052.8000,4053.0000,4053.4000,1,1,5,1,1,1,5,1,44,1
SF,IF2006,2020-02-19 09:59:36.400,4050.0000,24156,0,2022038400.000,1,0,1,多换,S,4050.0000,4048.0000,4047.2000,4047.0000,4046.8000,4050.6000,4050.8000,4052.8000,4053.0000,4053.4000,1,1,5,1,1,1,5,1,44,1
SF,IF2006,2020-02-19 09:59:36.900,4050.8000,24155,-1,2025684060.000,3,1,2,多平,S,4050.0000,4048.0000,4047.2000,4047.0000,4046.8000,4052.8000,4053.0000,4053.4000,4054.0000,4054.2000,1,1,5,1,1,1,44,1,1,1
SF,IF2006,2020-02-19 09:59:37.400,4050.8000,24155,0,2025684060.000,0,-,-,-,-,4050.8000,4050.4000,4050.2000,4050.0000,4048.0000,4052.4000,4052.6000,4053.0000,4053.4000,4054.0000,1,1,7,3,1,4,2,44,1,1
SF,IF2006,2020-02-19 09:59:37.900,4050.8000,24155,0,2025684060.000,0,-,-,-,-,4051.0000,4050.8000,4050.2000,4050.0000,4048.0000,4052.2000,4052.4000,4053.0000,4053.4000,4054.0000,2,2,6,3,1,2,2,44,1,1
SF,IF2006,2020-02-19 09:59:38.400,4050.8000,24155,0,2026899300.000,1,0,1,多换,S,4051.0000,4050.8000,4050.2000,4050.0000,4048.0000,4052.2000,4052.4000,4053.0000,4053.4000,4054.0000,1,2,6,3,1,2,2,44,1,1
SF,IF2006,2020-02-19 09:59:39.400,4050.8000,24155,0,2026899300.000,0,-,-,-,-,4051.2000,4051.0000,4050.8000,4050.2000,4050.0000,4052.2000,4052.4000,4053.0000,4053.4000,4054.0000,1,1,2,6,3,2,2,44,1,1
SF,IF2006,2020-02-19 09:59:39.900,4050.8000,24155,0,2028114540.000,1,0,1,多换,S,4051.2000,4050.8000,4050.2000,4050.0000,4048.0000,4052.2000,4052.4000,4053.0000,4053.4000,4054.0000,1,2,6,3,1,2,2,44,1,1
SF,IF2006,2020-02-19 09:59:40.400,4050.8000,24155,0,2028114540.000,0,-,-,-,-,4051.2000,4050.8000,4050.2000,4050.0000,4048.0000,4052.0000,4052.2000,4052.4000,4053.0000,4053.4000,1,2,6,3,1,2,2,1,44,1
SF,IF2006,2020-02-19 09:59:41.400,4050.8000,24155,0,2028114540.000,0,-,-,-,-,4050.8000,4050.2000,4050.0000,4048.0000,4047.2000,4052.0000,4052.2000,4052.4000,4053.0000,4053.4000,2,6,3,1,1,2,2,1,44,1
SF,IF2006,2020-02-19 09:59:42.900,4050.8000,24155,0,2028114540.000,0,-,-,-,-,4050.8000,4050.2000,4050.0000,4048.0000,4047.2000,4052.0000,4052.2000,4052.4000,4053.0000,4053.4000,3,6,3,1,1,2,2,2,44,1
SF,IF2006,2020-02-19 09:59:43.400,4050.8000,24155,0,2028114540.000,0,-,-,-,-,4050.8000,4050.2000,4050.0000,4048.0000,4047.2000,4051.8000,4052.0000,4052.4000,4053.0000,4053.4000,3,7,3,1,1,2,2,2,44,1
SF,IF2006,2020-02-19 09:59:44.400,4050.8000,24155,0,2028114540.000,0,-,-,-,-,4050.8000,4050.2000,4050.0000,4048.0000,4047.2000,4051.6000,4051.8000,4052.4000,4053.0000,4053.4000,2,6,3,1,1,2,2,2,44,1
SF,IF2006,2020-02-19 09:59:44.900,4050.8000,24155,0,2028114540.000,0,-,-,-,-,4050.8000,4050.2000,4050.0000,4048.0000,4047.2000,4051.6000,4051.8000,4052.4000,4053.0000,4053.4000,2,5,3,1,1,2,2,2,44,1
SF,IF2006,2020-02-19 09:59:45.400,4050.8000,24155,0,2029329780.000,1,0,1,多换,S,4050.2000,4050.0000,4048.0000,4047.2000,4047.0000,4051.4000,4051.6000,4051.8000,4052.4000,4053.0000,3,3,1,1,1,2,2,1,1,44
SF,IF2006,2020-02-19 09:59:45.900,4050.8000,24155,0,2029329780.000,0,-,-,-,-,4050.2000,4050.0000,4048.0000,4047.2000,4047.0000,4051.2000,4051.4000,4051.8000,4052.0000,4052.4000,1,1,1,1,1,2,2,1,1,1
SF,IF2006,2020-02-19 09:59:46.900,4050.8000,24155,0,2029329780.000,0,-,-,-,-,4050.2000,4050.0000,4048.0000,4047.2000,4047.0000,4051.2000,4051.4000,4051.8000,4052.0000,4052.4000,1,1,1,1,1,2,2,1,1,1
SF,IF2006,2020-02-19 09:59:47.400,4051.2000,24156,1,2030545140.000,1,1,0,双开,S,4050.2000,4050.0000,4048.0000,4047.2000,4047.0000,4051.2000,4051.4000,4051.8000,4052.0000,4052.4000,1,1,1,1,1,1,2,1,1,1
SF,IF2006,2020-02-19 09:59:47.900,4051.2000,24154,-2,2032975560.000,2,0,2,双平,S,4051.2000,4050.0000,4048.0000,4047.2000,4047.0000,4051.4000,4051.8000,4052.0000,4052.4000,4053.0000,1,1,1,1,1,2,1,1,1,44
SF,IF2006,2020-02-19 09:59:48.400,4051.2000,24154,0,2034190920.000,1,0,1,多换,S,4050.0000,4048.0000,4047.2000,4047.0000,4046.8000,4051.2000,4051.4000,4051.8000,4052.0000,4052.4000,1,1,1,1,1,1,2,1,1,1
SF,IF2006,2020-02-19 09:59:49.400,4051.2000,24154,0,2034190920.000,0,-,-,-,-,4050.0000,4048.0000,4047.2000,4047.0000,4046.8000,4051.2000,4051.4000,4051.8000,4052.0000,4052.4000,1,1,1,1,1,1,2,2,1,1
SF,IF2006,2020-02-19 09:59:49.900,4051.2000,24154,0,2034190920.000,0,-,-,-,-,4050.0000,4048.0000,4047.2000,4047.0000,4046.8000,4051.0000,4051.2000,4051.4000,4051.8000,4052.0000,1,1,1,1,1,1,1,2,2,1
SF,IF2006,2020-02-19 09:59:50.400,4051.2000,24154,0,2034190920.000,0,-,-,-,-,4050.0000,4048.0000,4047.2000,4047.0000,4046.8000,4051.0000,4051.2000,4051.4000,4051.8000,4052.0000,1,1,1,1,1,1,1,2,2,1
SF,IF2006,2020-02-19 09:59:55.400,4051.2000,24154,0,2034190920.000,0,-,-,-,-,4050.2000,4050.0000,4048.0000,4047.2000,4047.0000,4051.0000,4051.2000,4051.4000,4051.8000,4052.0000,1,1,1,1,1,1,1,2,2,1
SF,IF2006,2020-02-19 09:59:55.900,4051.2000,24154,0,2034190920.000,0,-,-,-,-,4050.0000,4048.0000,4047.2000,4047.0000,4046.8000,4051.2000,4051.4000,4051.8000,4052.0000,4052.4000,1,1,1,1,1,1,2,2,1,1
SF,IF2006,2020-02-19 09:59:56.400,4051.2000,24154,0,2034190920.000,0,-,-,-,-,4050.0000,4048.0000,4047.2000,4047.0000,4046.8000,4051.0000,4051.2000,4051.8000,4052.0000,4052.4000,1,1,1,1,1,4,1,2,1,1
SF,IF2006,2020-02-19 09:59:56.900,4051.2000,24154,0,2034190920.000,0,-,-,-,-,4050.4000,4050.2000,4050.0000,4048.0000,4047.2000,4051.0000,4051.2000,4051.8000,4052.0000,4052.4000,1,5,1,1,1,4,1,2,1,1
SF,IF2006,2020-02-19 09:59:57.400,4050.4000,24153,-1,2035406040.000,1,0,1,双平,S,4050.0000,4048.0000,4047.2000,4047.0000,4046.8000,4050.4000,4050.8000,4051.0000,4051.8000,4052.0000,1,1,1,1,1,1,1,2,2,1
SF,IF2006,2020-02-19 09:59:57.900,4050.0000,24154,1,2037836040.000,2,1,1,空开,S,4048.0000,4047.2000,4047.0000,4046.8000,4046.6000,4050.8000,4051.0000,4051.8000,4052.0000,4052.4000,1,1,1,1,1,1,2,2,1,1
SF,IF2006,2020-02-19 09:59:58.400,4050.0000,24154,0,2037836040.000,0,-,-,-,-,4049.6000,4049.2000,4048.8000,4048.6000,4048.2000,4050.6000,4050.8000,4051.8000,4052.0000,4052.4000,5,1,1,2,6,3,1,2,1,1
SF,IF2006,2020-02-19 09:59:58.900,4050.0000,24154,0,2037836040.000,0,-,-,-,-,4050.0000,4049.6000,4049.4000,4049.2000,4048.6000,4050.4000,4050.6000,4050.8000,4051.8000,4052.0000,5,5,1,1,1,1,3,1,2,1
SF,IF2006,2020-02-19 09:59:59.400,4050.0000,24154,0,2037836040.000,0,-,-,-,-,4049.2000,4048.6000,4048.2000,4048.0000,4047.2000,4050.4000,4050.6000,4050.8000,4051.8000,4052.0000,1,1,4,4,1,1,3,1,2,1
SF,IF2006,2020-02-19 09:59:59.900,4050.0000,24154,0,2037836040.000,0,-,-,-,-,4049.4000,4049.2000,4048.6000,4048.2000,4048.0000,4050.2000,4050.6000,4050.8000,4051.8000,4052.4000,5,1,1,4,4,2,3,1,2,1
SF,IF2006,2020-02-19 10:00:00.400,4050.0000,24154,0,2037836040.000,0,-,-,-,-,4049.6000,4049.2000,4048.6000,4048.2000,4048.0000,4050.6000,4050.8000,4051.8000,4052.4000,4053.0000,5,1,1,4,5,3,1,2,1,44
SF,IF2006,2020-02-19 10:00:00.900,4050.0000,24154,0,2037836040.000,0,-,-,-,-,4049.2000,4048.6000,4048.2000,4048.0000,4047.2000,4050.4000,4050.6000,4051.8000,4052.4000,4052.8000,1,1,4,5,1,2,3,2,1,2
SF,IF2006,2020-02-19 10:00:01.400,4050.0000,24154,0,2037836040.000,0,-,-,-,-,4049.6000,4049.4000,4049.2000,4048.6000,4048.2000,4050.6000,4051.8000,4052.4000,4052.8000,4053.0000,5,8,1,1,2,1,2,1,2,44
SF,IF2006,2020-02-19 10:00:01.900,4050.0000,24154,0,2037836040.000,0,-,-,-,-,4049.4000,4049.2000,4048.6000,4048.2000,4048.0000,4050.4000,4051.8000,4052.4000,4052.8000,4053.0000,6,1,1,2,5,1,2,1,2,44
SF,IF2006,2020-02-19 10:00:02.400,4050.0000,24154,0,2037836040.000,0,-,-,-,-,4049.2000,4048.2000,4048.0000,4047.2000,4047.0000,4050.2000,4051.8000,4052.4000,4052.8000,4053.0000,1,2,5,1,1,4,2,1,2,44
SF,IF2006,2020-02-19 10:00:02.900,4050.0000,24154,0,2037836040.000,0,-,-,-,-,4049.2000,4048.2000,4048.0000,4047.2000,4047.0000,4050.2000,4051.8000,4052.4000,4052.8000,4053.0000,1,2,5,1,1,4,2,1,2,44
SF,IF2006,2020-02-19 10:00:03.400,4050.0000,24154,0,2037836040.000,0,-,-,-,-,4049.6000,4049.4000,4049.2000,4048.2000,4048.0000,4051.8000,4052.4000,4052.8000,4053.0000,4053.4000,5,4,1,2,5,2,1,2,44,1
SF,IF2006,2020-02-19 10:00:03.900,4050.0000,24154,0,2037836040.000,0,-,-,-,-,4049.8000,4049.4000,4048.2000,4048.0000,4047.2000,4051.2000,4051.4000,4051.6000,4051.8000,4052.4000,1,4,2,5,1,2,3,4,2,1
SF,IF2006,2020-02-19 10:00:04.400,4050.0000,24154,0,2037836040.000,0,-,-,-,-,4050.2000,4049.8000,4049.4000,4048.2000,4048.0000,4051.0000,4051.2000,4051.4000,4051.6000,4051.8000,5,1,2,2,5,2,1,1,2,2
SF,IF2006,2020-02-19 10:00:04.900,4050.0000,24154,0,2037836040.000,0,-,-,-,-,4050.6000,4050.2000,4049.8000,4049.4000,4048.2000,4051.4000,4051.6000,4051.8000,4052.0000,4052.4000,5,5,1,2,2,1,2,2,44,1
SF,IF2006,2020-02-19 10:00:05.400,4050.0000,24154,0,2037836040.000,0,-,-,-,-,4050.2000,4049.8000,4049.4000,4048.2000,4048.0000,4051.4000,4051.6000,4051.8000,4052.0000,4052.4000,5,1,2,2,6,1,2,2,44,1
SF,IF2006,2020-02-19 10:00:05.900,4050.0000,24154,0,2037836040.000,0,-,-,-,-,4050.4000,4050.2000,4049.8000,4049.4000,4048.2000,4051.2000,4051.4000,4051.6000,4051.8000,4052.0000,3,5,1,2,2,1,1,2,2,44
SF,IF2006,2020-02-19 10:00:06.400,4050.0000,24154,0,2037836040.000,0,-,-,-,-,4050.4000,4050.2000,4049.8000,4049.4000,4048.2000,4051.4000,4051.6000,4051.8000,4052.0000,4052.4000,4,5,1,2,2,1,2,2,44,1
SF,IF2006,2020-02-19 10:00:06.900,4050.0000,24154,0,2037836040.000,0,-,-,-,-,4050.4000,4050.2000,4049.8000,4049.4000,4048.2000,4051.4000,4051.6000,4051.8000,4052.0000,4052.4000,4,5,1,2,2,1,1,2,44,1
SF,IF2006,2020-02-19 10:00:07.400,4050.0000,24154,0,2037836040.000,0,-,-,-,-,4050.6000,4050.4000,4050.2000,4049.8000,4049.4000,4051.4000,4051.8000,4052.0000,4052.4000,4053.4000,5,4,5,1,2,1,2,44,1,1
SF,IF2006,2020-02-19 10:00:07.900,4050.0000,24154,0,2037836040.000,0,-,-,-,-,4050.4000,4050.2000,4049.8000,4049.4000,4048.2000,4051.4000,4051.8000,4052.0000,4052.4000,4053.4000,4,5,1,2,2,1,2,44,1,1
SF,IF2006,2020-02-19 10:00:08.900,4051.4000,24154,0,2039051460.000,1,0,1,多换,S,4050.8000,4050.4000,4050.2000,4049.4000,4048.2000,4051.8000,4052.0000,4052.4000,4053.4000,4054.0000,5,4,5,2,2,2,44,1,1,1
SF,IF2006,2020-02-19 10:00:09.400,4051.4000,24154,0,2039051460.000,0,-,-,-,-,4051.0000,4050.8000,4050.4000,4050.2000,4049.4000,4051.8000,4052.0000,4052.4000,4053.4000,4054.0000,5,5,4,5,2,2,44,1,1,1
SF,IF2006,2020-02-19 10:00:09.900,4051.4000,24154,0,2039051460.000,0,-,-,-,-,4051.4000,4051.0000,4050.8000,4050.4000,4050.2000,4051.8000,4052.0000,4052.4000,4053.4000,4054.0000,5,5,7,4,5,2,44,1,1,1
SF,IF2006,2020-02-19 10:00:10.400,4051.8000,24153,-1,2040267000.000,1,0,1,双平,S,4051.0000,4050.8000,4050.4000,4049.4000,4048.2000,4051.8000,4052.0000,4052.4000,4053.4000,4054.0000,5,7,4,2,2,1,44,1,1,1
SF,IF2006,2020-02-19 10:00:10.900,4051.8000,24153,0,2040267000.000,0,-,-,-,-,4051.6000,4051.2000,4051.0000,4050.8000,4050.4000,4051.8000,4052.0000,4052.4000,4053.4000,4054.0000,5,5,5,7,4,1,44,1,1,1
SF,IF2006,2020-02-19 10:00:11.400,4051.8000,24154,1,2045128980.000,4,2,2,空开,S,4051.2000,4051.0000,4050.8000,4050.4000,4049.4000,4052.0000,4052.4000,4053.4000,4054.0000,4054.2000,5,5,7,1,2,44,1,1,1,1
SF,IF2006,2020-02-19 10:00:11.900,4051.8000,24154,0,2045128980.000,0,-,-,-,-,4051.0000,4050.8000,4050.4000,4049.4000,4048.2000,4052.0000,4052.4000,4053.4000,4054.0000,4054.2000,5,6,2,2,1,44,1,1,1,1
SF,IF2006,2020-02-19 10:00:12.400,4051.8000,24154,0,2045128980.000,0,-,-,-,-,4051.2000,4051.0000,4050.8000,4050.4000,4049.4000,4051.8000,4052.0000,4052.4000,4053.4000,4054.0000,5,5,7,2,2,1,44,1,1,1
SF,IF2006,2020-02-19 10:00:12.900,4051.8000,24153,-1,2046344520.000,1,0,1,双平,S,4051.4000,4051.2000,4051.0000,4050.8000,4050.4000,4052.0000,4052.4000,4053.4000,4054.0000,4054.2000,5,5,5,7,2,44,1,1,1,1
SF,IF2006,2020-02-19 10:00:13.900,4052.0000,24146,-7,2054853720.000,7,0,7,双平,S,4051.6000,4051.4000,4051.2000,4051.0000,4050.8000,4052.0000,4052.4000,4053.4000,4054.0000,4054.2000,5,5,5,5,7,37,1,1,1,1
SF,IF2006,2020-02-19 10:00:14.400,4052.0000,24136,-10,2070656520.000,13,1,12,多平,S,4051.6000,4051.4000,4051.2000,4051.0000,4050.8000,4052.0000,4052.4000,4053.4000,4054.0000,4054.2000,5,5,5,5,7,24,1,1,1,1
SF,IF2006,2020-02-19 10:00:14.900,4051.8000,24132,-4,2076734460.000,5,0,5,多平,S,4051.8000,4051.6000,4051.4000,4051.2000,4051.0000,4052.0000,4052.4000,4053.4000,4054.0000,4054.2000,5,5,5,5,5,20,1,1,1,1
SF,IF2006,2020-02-19 10:00:15.400,4052.0000,24128,-4,2081596860.000,4,0,4,双平,S,4051.8000,4051.6000,4051.4000,4051.2000,4051.0000,4052.0000,4052.4000,4053.4000,4054.0000,4054.2000,6,5,5,5,5,16,1,1,1,1
SF,IF2006,2020-02-19 10:00:15.900,4052.0000,24126,-2,2085243660.000,3,0,3,多平,S,4051.8000,4051.6000,4051.4000,4051.2000,4051.0000,4052.0000,4052.4000,4053.4000,4054.0000,4054.2000,5,5,5,5,5,13,1,1,1,1
SF,IF2006,2020-02-19 10:00:16.400,4052.0000,24124,-2,2094968460.000,8,3,5,多平,S,4051.8000,4051.6000,4051.4000,4051.2000,4051.0000,4052.0000,4052.4000,4053.4000,4054.0000,4054.2000,5,5,5,5,5,5,1,1,1,1
SF,IF2006,2020-02-19 10:00:16.900,4052.0000,24121,-3,2101046460.000,5,1,4,多平,S,4052.2000,4052.0000,4051.8000,4051.6000,4051.4000,4052.4000,4053.4000,4054.0000,4054.2000,4054.8000,7,7,5,5,5,1,1,1,1,1
SF,IF2006,2020-02-19 10:00:17.400,4052.4000,24121,0,2102262180.000,1,0,1,多换,S,4052.6000,4052.2000,4052.0000,4051.8000,4051.6000,4053.4000,4054.0000,4054.2000,4054.8000,4055.0000,3,7,7,5,5,1,1,1,1,3
SF,IF2006,2020-02-19 10:00:17.900,4052.4000,24121,0,2102262180.000,0,-,-,-,-,4052.8000,4052.6000,4052.2000,4052.0000,4051.8000,4053.4000,4054.0000,4054.2000,4054.8000,4055.0000,5,3,7,7,5,1,1,1,1,3
SF,IF2006,2020-02-19 10:00:18.400,4052.4000,24121,0,2102262180.000,0,-,-,-,-,4053.2000,4052.8000,4052.6000,4052.2000,4052.0000,4053.4000,4054.0000,4054.2000,4054.8000,4055.0000,5,5,3,7,7,1,1,1,1,3
SF,IF2006,2020-02-19 10:00:18.900,4053.4000,24121,0,2103478200.000,1,0,1,多换,S,4052.8000,4052.6000,4052.2000,4052.0000,4050.8000,4054.0000,4054.2000,4054.8000,4055.0000,4056.8000,5,3,7,2,1,1,1,1,3,1
SF,IF2006,2020-02-19 10:00:19.400,4053.4000,24121,0,2103478200.000,0,-,-,-,-,4052.8000,4052.6000,4052.2000,4052.0000,4050.8000,4053.8000,4054.0000,4054.2000,4054.8000,4055.0000,5,3,6,2,1,2,1,1,1,2
SF,IF2006,2020-02-19 10:00:19.900,4053.4000,24121,0,2103478200.000,0,-,-,-,-,4053.0000,4052.8000,4052.6000,4052.2000,4052.0000,4053.8000,4054.0000,4054.2000,4054.8000,4055.0000,5,5,3,6,2,2,1,1,1,2
SF,IF2006,2020-02-19 10:00:20.900,4053.4000,24121,0,2103478200.000,0,-,-,-,-,4053.2000,4053.0000,4052.8000,4052.6000,4052.2000,4053.8000,4054.0000,4054.2000,4054.8000,4055.0000,5,5,5,3,6,2,1,1,1,2
SF,IF2006,2020-02-19 10:00:21.400,4053.4000,24121,0,2103478200.000,0,-,-,-,-,4053.4000,4053.2000,4053.0000,4052.8000,4052.6000,4054.0000,4054.2000,4054.8000,4055.0000,4056.8000,4,5,5,5,3,1,1,1,2,1
SF,IF2006,2020-02-19 10:00:21.900,4053.4000,24121,0,2103478200.000,0,-,-,-,-,4053.6000,4053.4000,4053.2000,4053.0000,4052.8000,4054.0000,4054.2000,4054.8000,4055.0000,4056.8000,5,4,5,5,5,1,1,1,1,1
SF,IF2006,2020-02-19 10:00:22.400,4054.0000,24120,-1,2104694400.000,1,0,1,双平,S,4053.4000,4053.2000,4053.0000,4052.8000,4052.6000,4054.2000,4054.8000,4055.0000,4056.8000,4057.2000,4,5,5,5,3,1,1,1,1,1
SF,IF2006,2020-02-19 10:00:22.900,4054.0000,24120,0,2104694400.000,0,-,-,-,-,4053.6000,4053.4000,4053.2000,4053.0000,4052.8000,4054.2000,4054.8000,4055.0000,4056.8000,4057.2000,5,4,5,5,5,1,1,1,1,1
SF,IF2006,2020-02-19 10:00:23.400,4054.2000,24120,0,2105910660.000,1,0,1,多换,S,4053.4000,4053.2000,4053.0000,4052.8000,4052.6000,4054.8000,4055.0000,4056.8000,4057.2000,4057.4000,4,5,5,5,3,1,1,1,1,3
SF,IF2006,2020-02-19 10:00:23.900,4054.2000,24120,0,2105910660.000,0,-,-,-,-,4054.0000,4053.8000,4053.6000,4053.4000,4053.2000,4055.0000,4056.8000,4057.2000,4057.4000,4057.6000,6,1,2,4,5,1,1,1,3,1
SF,IF2006,2020-02-19 10:00:24.400,4054.2000,24120,0,2105910660.000,0,-,-,-,-,4054.2000,4054.0000,4053.6000,4053.4000,4053.2000,4055.0000,4056.8000,4057.2000,4057.4000,4057.6000,5,6,2,4,5,1,1,3,3,1
SF,IF2006,2020-02-19 10:00:24.900,4055.0000,24120,0,2107127160.000,1,0,1,多换,S,4054.2000,4054.0000,4053.6000,4053.4000,4053.2000,4056.8000,4057.2000,4057.4000,4057.6000,4058.0000,5,6,2,4,5,1,3,3,1,3
SF,IF2006,2020-02-19 10:00:25.400,4055.0000,24120,0,2107127160.000,0,-,-,-,-,4054.4000,4054.2000,4054.0000,4053.4000,4053.2000,4055.4000,4055.8000,4056.0000,4056.2000,4056.4000,7,5,6,4,5,1,1,1,1,1
SF,IF2006,2020-02-19 10:00:25.900,4054.6000,24120,0,2110776300.000,3,1,2,多换,S,4054.6000,4054.4000,4054.2000,4054.0000,4053.4000,4055.8000,4056.0000,4056.2000,4056.6000,4056.8000,2,7,5,6,4,1,1,1,6,1
SF,IF2006,2020-02-19 10:00:26.400,4054.6000,24120,0,2110776300.000,0,-,-,-,-,4054.6000,4054.4000,4054.2000,4054.0000,4052.2000,4055.8000,4056.0000,4056.2000,4056.6000,4056.8000,1,7,5,6,1,1,1,1,6,1
SF,IF2006,2020-02-19 10:00:26.900,4054.6000,24120,0,2110776300.000,0,-,-,-,-,4055.0000,4054.8000,4054.6000,4054.4000,4054.2000,4056.0000,4056.6000,4056.8000,4057.2000,4057.4000,3,1,1,8,5,1,6,1,1,3
SF,IF2006,2020-02-19 10:00:27.400,4054.6000,24120,0,2110776300.000,0,-,-,-,-,4054.6000,4054.4000,4054.2000,4054.0000,4052.2000,4055.8000,4056.0000,4056.6000,4056.8000,4057.2000,1,7,5,6,1,1,1,6,1,1
SF,IF2006,2020-02-19 10:00:27.900,4054.6000,24120,0,2110776300.000,0,-,-,-,-,4054.8000,4054.6000,4054.4000,4054.2000,4054.0000,4055.6000,4056.0000,4056.6000,4056.8000,4057.2000,5,1,7,5,6,1,1,6,1,1
SF,IF2006,2020-02-19 10:00:28.400,4054.6000,24120,0,2111992680.000,1,0,1,多换,S,4054.4000,4054.2000,4054.0000,4052.2000,4052.0000,4056.0000,4056.6000,4056.8000,4057.2000,4057.4000,7,5,6,1,1,1,6,1,1,3
SF,IF2006,2020-02-19 10:00:28.900,4054.6000,24120,0,2111992680.000,0,-,-,-,-,4054.4000,4054.2000,4054.0000,4052.0000,4051.8000,4055.8000,4056.0000,4056.6000,4056.8000,4057.2000,7,5,6,1,1,4,1,4,1,1
SF,IF2006,2020-02-19 10:00:29.400,4055.8000,24120,0,2113209420.000,1,0,1,多换,S,4054.4000,4054.2000,4054.0000,4052.0000,4051.8000,4055.8000,4056.0000,4056.6000,4056.8000,4057.2000,8,5,6,1,1,2,1,4,1,1
SF,IF2006,2020-02-19 10:00:29.900,4055.8000,24120,0,2113209420.000,0,-,-,-,-,4054.4000,4054.2000,4054.0000,4052.0000,4051.8000,4055.4000,4055.8000,4056.0000,4056.6000,4056.8000,8,5,6,1,1,1,2,1,4,1
SF,IF2006,2020-02-19 10:00:30.400,4055.8000,24120,0,2113209420.000,0,-,-,-,-,4054.4000,4054.2000,4054.0000,4052.0000,4051.8000,4055.4000,4055.8000,4056.6000,4056.8000,4057.2000,8,5,6,1,1,1,2,4,1,1
SF,IF2006,2020-02-19 10:00:30.900,4055.8000,24120,0,2113209420.000,0,-,-,-,-,4054.4000,4054.0000,4052.0000,4051.8000,4050.8000,4055.8000,4056.6000,4056.8000,4057.2000,4057.4000,1,6,1,1,1,2,4,1,1,3
SF,IF2006,2020-02-19 10:00:31.400,4055.8000,24120,0,2113209420.000,0,-,-,-,-,4054.4000,4054.0000,4052.0000,4051.8000,4050.8000,4055.4000,4055.6000,4055.8000,4056.0000,4056.4000,1,6,1,1,1,1,4,2,1,2
SF,IF2006,2020-02-19 10:00:31.900,4055.8000,24120,0,2113209420.000,0,-,-,-,-,4054.4000,4054.0000,4052.0000,4051.8000,4050.8000,4055.2000,4055.4000,4055.6000,4056.6000,4056.8000,1,1,1,1,1,6,1,1,4,1
SF,IF2006,2020-02-19 10:00:32.400,4055.4000,24120,0,2114426040.000,1,0,1,多换,S,4054.4000,4054.0000,4052.0000,4051.8000,4050.8000,4055.2000,4055.4000,4056.6000,4056.8000,4057.2000,1,1,1,1,1,5,1,4,1,1
SF,IF2006,2020-02-19 10:00:32.900,4055.4000,24120,0,2114426040.000,0,-,-,-,-,4054.4000,4054.0000,4052.0000,4051.8000,4050.8000,4054.8000,4055.2000,4055.4000,4056.6000,4056.8000,1,1,1,1,1,1,5,1,4,1
SF,IF2006,2020-02-19 10:00:33.400,4055.4000,24120,0,2114426040.000,0,-,-,-,-,4054.4000,4054.0000,4052.0000,4051.8000,4050.8000,4054.8000,4055.2000,4055.4000,4056.6000,4056.8000,1,1,1,1,1,1,4,1,4,1
SF,IF2006,2020-02-19 10:00:33.900,4055.4000,24120,0,2114426040.000,0,-,-,-,-,4054.4000,4054.0000,4052.0000,4051.8000,4050.8000,4054.8000,4055.2000,4056.6000,4056.8000,4057.2000,1,1,1,1,1,1,4,4,1,1
SF,IF2006,2020-02-19 10:00:34.400,4055.4000,24120,0,2114426040.000,0,-,-,-,-,4054.4000,4054.0000,4052.0000,4051.8000,4050.8000,4054.8000,4055.2000,4056.6000,4056.8000,4057.2000,1,1,1,1,1,1,4,4,1,1
SF,IF2006,2020-02-19 10:00:35.400,4054.8000,24121,1,2115642480.000,1,1,0,双开,S,4054.4000,4054.0000,4052.0000,4051.8000,4050.8000,4055.2000,4056.6000,4056.8000,4057.2000,4057.4000,1,1,1,1,1,4,4,1,1,1
SF,IF2006,2020-02-19 10:00:36.900,4054.4000,24121,0,2116858800.000,1,0,1,多换,S,4054.0000,4052.0000,4051.8000,4050.8000,4050.4000,4055.2000,4056.6000,4056.8000,4057.2000,4057.4000,1,1,1,1,1,3,4,1,1,1
SF,IF2006,2020-02-19 10:00:37.400,4054.4000,24121,0,2116858800.000,0,-,-,-,-,4054.2000,4054.0000,4052.0000,4051.8000,4050.8000,4055.2000,4056.6000,4056.8000,4057.2000,4057.4000,6,1,1,1,1,1,4,1,1,1
SF,IF2006,2020-02-19 10:00:37.900,4054.4000,24121,0,2116858800.000,0,-,-,-,-,4054.4000,4054.2000,4054.0000,4052.0000,4051.8000,4055.4000,4056.6000,4056.8000,4057.2000,4057.4000,8,5,1,1,1,1,4,1,1,1
SF,IF2006,2020-02-19 10:00:38.400,4054.4000,24121,0,2116858800.000,0,-,-,-,-,4054.4000,4054.2000,4054.0000,4052.0000,4051.8000,4055.4000,4056.6000,4056.8000,4057.2000,4057.4000,8,5,1,1,1,1,4,1,1,1
SF,IF2006,2020-02-19 10:00:38.900,4054.4000,24121,0,2116858800.000,0,-,-,-,-,4054.4000,4054.2000,4054.0000,4052.0000,4051.8000,4055.4000,4056.6000,4056.8000,4057.2000,4057.4000,2,5,1,1,1,1,4,1,1,1
SF,IF2006,2020-02-19 10:00:39.400,4054.4000,24121,0,2119291440.000,2,1,1,多换,S,4054.4000,4054.2000,4054.0000,4052.0000,4051.8000,4055.4000,4056.6000,4056.8000,4057.2000,4057.4000,1,5,1,1,1,1,4,1,1,1
SF,IF2006,2020-02-19 10:00:40.400,4054.4000,24121,0,2119291440.000,0,-,-,-,-,4054.6000,4054.4000,4054.2000,4054.0000,4052.0000,4055.4000,4056.6000,4056.8000,4057.2000,4057.4000,1,1,5,1,1,1,4,1,1,1
SF,IF2006,2020-02-19 10:00:40.900,4054.4000,24121,0,2119291440.000,0,-,-,-,-,4054.4000,4054.2000,4054.0000,4052.0000,4051.8000,4055.4000,4056.6000,4056.8000,4057.2000,4057.4000,1,5,1,1,1,1,4,1,1,1
SF,IF2006,2020-02-19 10:00:41.400,4054.4000,24121,0,2120507760.000,1,0,1,多换,S,4052.0000,4051.8000,4050.8000,4050.4000,4050.2000,4055.0000,4055.2000,4055.4000,4056.6000,4056.8000,1,1,1,1,1,1,3,1,4,1
SF,IF2006,2020-02-19 10:00:41.900,4054.4000,24121,0,2120507760.000,0,-,-,-,-,4053.0000,4052.8000,4052.6000,4052.4000,4052.2000,4054.8000,4055.0000,4055.4000,4056.6000,4056.8000,1,2,2,1,5,3,1,1,4,1
SF,IF2006,2020-02-19 10:00:42.400,4054.8000,24122,1,2122940580.000,2,1,1,空开,S,4053.4000,4053.0000,4052.8000,4052.6000,4052.4000,4054.8000,4055.4000,4056.6000,4056.8000,4057.2000,5,1,3,1,1,2,1,4,1,1
SF,IF2006,2020-02-19 10:00:42.900,4054.8000,24122,0,2122940580.000,0,-,-,-,-,4053.6000,4053.4000,4053.0000,4052.8000,4052.6000,4054.4000,4054.6000,4054.8000,4055.4000,4056.6000,1,5,1,3,1,1,2,2,1,4
SF,IF2006,2020-02-19 10:00:43.400,4054.8000,24122,0,2122940580.000,0,-,-,-,-,4053.6000,4053.4000,4053.0000,4052.8000,4052.6000,4054.4000,4054.6000,4054.8000,4055.4000,4056.6000,1,5,1,3,1,1,2,2,1,4
SF,IF2006,2020-02-19 10:00:43.900,4054.4000,24123,1,2124156900.000,1,1,0,双开,S,4053.6000,4053.4000,4053.0000,4052.8000,4052.6000,4054.6000,4054.8000,4055.4000,4056.6000,4056.8000,1,5,1,3,1,2,2,1,4,1
SF,IF2006,2020-02-19 10:00:45.900,4054.4000,24123,0,2124156900.000,0,-,-,-,-,4053.6000,4053.4000,4052.8000,4052.6000,4052.4000,4054.6000,4054.8000,4055.4000,4056.6000,4056.8000,1,5,3,1,1,1,2,1,4,1
SF,IF2006,2020-02-19 10:00:46.400,4054.4000,24123,0,2124156900.000,0,-,-,-,-,4053.6000,4053.4000,4052.8000,4052.6000,4052.4000,4054.8000,4055.4000,4056.6000,4056.8000,4057.2000,1,5,3,1,1,2,1,4,1,1
SF,IF2006,2020-02-19 10:00:46.900,4054.4000,24123,0,2124156900.000,0,-,-,-,-,4054.6000,4053.6000,4053.4000,4052.8000,4052.6000,4054.8000,4055.4000,4056.6000,4056.8000,4057.2000,5,1,5,3,1,2,1,4,1,1
SF,IF2006,2020-02-19 10:00:47.400,4054.6000,24123,0,2127806040.000,3,1,2,多换,S,4054.6000,4053.6000,4052.8000,4052.6000,4052.4000,4054.8000,4055.4000,4056.6000,4056.8000,4057.2000,2,1,2,1,1,2,1,4,1,1
SF,IF2006,2020-02-19 10:00:47.900,4054.6000,24123,0,2130238800.000,2,1,1,多换,S,4053.6000,4052.8000,4052.6000,4052.4000,4052.2000,4054.6000,4054.8000,4055.4000,4056.6000,4056.8000,1,2,1,1,3,1,2,1,4,1
SF,IF2006,2020-02-19 10:00:48.400,4054.6000,24123,0,2130238800.000,0,-,-,-,-,4053.0000,4052.8000,4052.6000,4052.4000,4052.2000,4054.6000,4054.8000,4055.4000,4056.6000,4056.8000,1,2,1,1,3,1,2,1,4,1
SF,IF2006,2020-02-19 10:00:48.900,4054.6000,24123,0,2130238800.000,0,-,-,-,-,4053.4000,4053.2000,4053.0000,4052.8000,4052.6000,4054.6000,4054.8000,4055.4000,4056.6000,4056.8000,7,4,1,2,1,1,2,1,4,1
SF,IF2006,2020-02-19 10:00:49.400,4054.6000,24123,0,2130238800.000,0,-,-,-,-,4053.4000,4053.2000,4053.0000,4052.8000,4052.6000,4054.6000,4054.8000,4055.4000,4056.6000,4056.8000,7,4,1,2,1,1,2,1,4,1
SF,IF2006,2020-02-19 10:00:49.900,4054.6000,24124,1,2131455180.000,1,1,0,双开,S,4054.6000,4053.6000,4053.4000,4053.2000,4053.0000,4054.8000,4055.4000,4056.6000,4056.8000,4057.2000,1,1,7,4,1,2,1,4,1,1
SF,IF2006,2020-02-19 10:00:50.400,4054.6000,24125,1,2133887940.000,2,1,1,空开,S,4053.4000,4053.2000,4053.0000,4052.8000,4052.6000,4054.6000,4055.4000,4056.6000,4056.8000,4057.2000,2,4,1,2,1,3,1,4,1,1
SF,IF2006,2020-02-19 10:00:50.900,4054.6000,24125,0,2133887940.000,0,-,-,-,-,4053.6000,4053.4000,4053.2000,4053.0000,4052.8000,4054.0000,4054.6000,4055.0000,4055.4000,4056.6000,1,2,4,1,2,44,3,3,1,4
SF,IF2006,2020-02-19 10:00:51.400,4053.6000,24125,0,2135104020.000,1,0,1,多换,S,4053.4000,4053.2000,4053.0000,4052.8000,4052.6000,4054.0000,4054.6000,4055.0000,4055.4000,4056.6000,2,4,1,2,1,44,3,3,1,4
SF,IF2006,2020-02-19 10:00:51.900,4054.0000,24124,-1,2136320220.000,1,0,1,双平,S,4053.4000,4053.2000,4053.0000,4052.8000,4052.6000,4054.0000,4054.6000,4055.0000,4055.4000,4056.6000,2,4,2,2,1,43,3,3,1,4
SF,IF2006,2020-02-19 10:00:52.400,4054.0000,24124,0,2136320220.000,0,-,-,-,-,4053.4000,4053.2000,4053.0000,4052.8000,4052.6000,4054.0000,4054.6000,4055.0000,4055.4000,4056.6000,1,4,2,2,1,43,3,3,1,4
SF,IF2006,2020-02-19 10:00:52.900,4054.0000,24124,0,2136320220.000,0,-,-,-,-,4053.4000,4053.2000,4053.0000,4052.8000,4052.6000,4054.0000,4054.6000,4055.0000,4055.4000,4056.6000,1,4,2,2,1,43,3,3,1,6
SF,IF2006,2020-02-19 10:00:53.400,4054.0000,24124,0,2136320220.000,0,-,-,-,-,4053.2000,4053.0000,4052.8000,4052.6000,4052.4000,4054.0000,4054.6000,4055.0000,4055.4000,4056.6000,3,1,2,1,1,43,3,3,1,6
SF,IF2006,2020-02-19 10:00:53.900,4054.0000,24123,-1,2143617420.000,6,2,4,多平,S,4053.4000,4053.2000,4053.0000,4052.8000,4052.6000,4054.0000,4054.6000,4055.0000,4055.4000,4056.6000,5,4,1,2,1,37,3,3,1,6
SF,IF2006,2020-02-19 10:00:54.400,4054.0000,24123,0,2143617420.000,0,-,-,-,-,4053.4000,4053.2000,4053.0000,4052.8000,4052.6000,4054.0000,4054.6000,4055.0000,4055.4000,4056.6000,5,2,1,2,1,37,3,3,1,6
SF,IF2006,2020-02-19 10:00:54.900,4054.0000,24123,0,2143617420.000,0,-,-,-,-,4053.4000,4053.2000,4053.0000,4052.8000,4052.6000,4054.0000,4054.6000,4055.0000,4055.4000,4056.6000,5,2,1,2,1,37,3,3,1,6
SF,IF2006,2020-02-19 10:00:55.400,4054.0000,24123,0,2143617420.000,0,-,-,-,-,4053.4000,4053.2000,4053.0000,4052.8000,4052.6000,4054.0000,4054.6000,4055.0000,4055.4000,4056.6000,5,2,1,2,1,37,1,3,1,6
SF,IF2006,2020-02-19 10:00:56.400,4054.0000,24123,0,2143617420.000,0,-,-,-,-,4053.6000,4053.4000,4053.2000,4053.0000,4052.8000,4054.0000,4054.6000,4055.0000,4055.4000,4056.6000,1,5,2,1,2,37,1,3,1,6
SF,IF2006,2020-02-19 10:00:56.900,4054.0000,24123,0,2143617420.000,0,-,-,-,-,4053.6000,4053.4000,4053.2000,4053.0000,4052.8000,4054.0000,4054.6000,4055.0000,4055.4000,4056.6000,1,5,2,1,2,37,1,3,1,4
SF,IF2006,2020-02-19 10:00:57.400,4054.0000,24122,-1,2144833620.000,1,0,1,双平,S,4053.8000,4053.6000,4053.4000,4053.2000,4053.0000,4054.0000,4055.0000,4055.4000,4056.0000,4056.6000,5,1,5,2,1,36,3,1,1,4
SF,IF2006,2020-02-19 10:00:57.900,4053.6000,24121,-1,2146049700.000,1,0,1,双平,S,4053.4000,4053.2000,4053.0000,4052.8000,4052.6000,4054.0000,4055.0000,4055.4000,4056.0000,4056.6000,5,2,1,2,1,36,3,1,1,4
SF,IF2006,2020-02-19 10:00:58.400,4054.0000,24121,0,2153346900.000,6,3,3,多换,S,4053.4000,4053.2000,4053.0000,4052.8000,4052.6000,4054.0000,4055.0000,4055.4000,4056.0000,4056.6000,5,2,1,2,1,30,3,1,1,4
SF,IF2006,2020-02-19 10:00:58.900,4054.0000,24120,-1,2154563100.000,1,0,1,双平,S,4053.4000,4053.0000,4052.8000,4052.6000,4052.4000,4054.0000,4055.0000,4055.4000,4056.0000,4056.6000,5,1,2,1,1,29,3,1,1,4
SF,IF2006,2020-02-19 10:00:59.400,4054.0000,24120,0,2154563100.000,0,-,-,-,-,4053.4000,4053.0000,4052.8000,4052.6000,4052.4000,4054.0000,4055.0000,4055.4000,4056.0000,4056.6000,5,1,2,1,1,29,3,1,1,4
SF,IF2006,2020-02-19 10:01:00.900,4054.0000,24120,0,2154563100.000,0,-,-,-,-,4053.4000,4053.0000,4052.8000,4052.6000,4052.4000,4054.0000,4055.0000,4055.4000,4056.0000,4056.6000,5,1,2,1,1,29,3,1,1,4
SF,IF2006,2020-02-19 10:01:03.400,4054.0000,24120,0,2155779300.000,1,0,1,多换,S,4053.4000,4053.0000,4052.8000,4052.6000,4052.4000,4054.0000,4055.0000,4055.4000,4056.0000,4056.6000,5,1,2,1,1,28,3,1,1,4
SF,IF2006,2020-02-19 10:01:03.900,4054.0000,24120,0,2156995500.000,1,0,1,多换,S,4053.4000,4053.0000,4052.8000,4052.6000,4052.4000,4054.0000,4055.0000,4055.4000,4056.0000,4056.6000,5,1,2,1,1,27,3,1,1,4
SF,IF2006,2020-02-19 10:01:05.900,4054.0000,24120,0,2156995500.000,0,-,-,-,-,4053.6000,4053.4000,4053.0000,4052.8000,4052.6000,4054.0000,4055.0000,4055.4000,4056.0000,4056.6000,1,5,1,2,1,27,4,1,1,4
SF,IF2006,2020-02-19 10:01:06.400,4053.6000,24119,-1,2158211580.000,1,0,1,双平,S,4053.4000,4053.0000,4052.8000,4052.6000,4052.4000,4054.0000,4055.0000,4055.4000,4056.0000,4056.6000,5,1,2,1,1,27,4,1,1,4
SF,IF2006,2020-02-19 10:01:06.900,4053.6000,24119,0,2158211580.000,0,-,-,-,-,4053.4000,4053.0000,4052.8000,4052.4000,4052.2000,4054.0000,4055.0000,4055.4000,4056.0000,4056.6000,5,1,2,1,1,27,4,1,1,4
SF,IF2006,2020-02-19 10:01:07.400,4053.4000,24120,1,2159427600.000,1,1,0,双开,S,4053.0000,4052.2000,4050.8000,4050.4000,4050.2000,4054.0000,4055.0000,4055.4000,4056.0000,4056.6000,1,1,2,1,1,27,4,1,1,4
SF,IF2006,2020-02-19 10:01:07.900,4053.0000,24120,0,2160643500.000,1,0,1,多换,S,4053.6000,4052.2000,4050.8000,4050.4000,4050.2000,4053.8000,4054.0000,4055.0000,4055.4000,4056.0000,1,1,2,1,1,3,27,4,1,1
SF,IF2006,2020-02-19 10:01:08.400,4053.6000,24119,-1,2161859580.000,1,0,1,双平,S,4052.2000,4050.8000,4050.4000,4050.2000,4048.0000,4053.6000,4053.8000,4054.0000,4055.0000,4055.4000,1,2,1,1,1,6,1,27,4,1
SF,IF2006,2020-02-19 10:01:08.900,4053.6000,24119,0,2163075660.000,1,0,1,多换,S,4052.8000,4052.4000,4052.2000,4050.8000,4050.4000,4053.4000,4053.6000,4054.0000,4055.0000,4055.4000,1,1,1,2,1,1,5,27,4,1
SF,IF2006,2020-02-19 10:01:09.400,4053.4000,24119,0,2164291680.000,1,0,1,多换,S,4052.6000,4052.4000,4052.2000,4050.8000,4050.4000,4053.6000,4054.0000,4055.0000,4055.4000,4056.0000,1,1,1,2,1,5,27,4,1,1
SF,IF2006,2020-02-19 10:01:09.900,4053.4000,24118,-1,2166723480.000,2,0,2,多平,S,4050.8000,4050.4000,4050.2000,4048.0000,4047.2000,4053.4000,4053.6000,4054.0000,4055.0000,4055.4000,2,1,1,1,1,5,5,27,4,1
SF,IF2006,2020-02-19 10:01:10.400,4053.4000,24118,0,2166723480.000,0,-,-,-,-,4051.6000,4051.2000,4051.0000,4050.8000,4050.4000,4052.8000,4053.0000,4053.2000,4053.4000,4053.6000,1,5,5,2,1,1,1,2,4,5
SF,IF2006,2020-02-19 10:01:10.900,4053.4000,24118,0,2166723480.000,0,-,-,-,-,4051.2000,4051.0000,4050.8000,4050.4000,4050.2000,4052.6000,4052.8000,4053.4000,4053.6000,4054.0000,1,3,2,1,1,6,1,2,5,27
SF,IF2006,2020-02-19 10:01:11.400,4053.4000,24118,0,2166723480.000,0,-,-,-,-,4051.0000,4050.8000,4050.4000,4050.2000,4048.0000,4052.2000,4052.6000,4053.2000,4053.4000,4053.6000,2,1,1,1,1,3,4,1,1,5
SF,IF2006,2020-02-19 10:01:11.900,4053.4000,24118,0,2166723480.000,0,-,-,-,-,4051.0000,4050.8000,4050.4000,4050.2000,4048.0000,4052.0000,4052.2000,4052.6000,4053.2000,4053.4000,2,1,1,1,1,1,2,2,1,1
SF,IF2006,2020-02-19 10:01:12.400,4053.4000,24118,0,2166723480.000,0,-,-,-,-,4050.8000,4050.4000,4048.0000,4047.2000,4047.0000,4051.8000,4052.2000,4052.6000,4053.2000,4053.4000,1,1,1,1,1,2,1,2,1,1
SF,IF2006,2020-02-19 10:01:12.900,4053.4000,24118,0,2166723480.000,0,-,-,-,-,4050.8000,4050.4000,4048.0000,4047.2000,4047.0000,4051.8000,4052.2000,4052.6000,4053.2000,4053.4000,1,1,1,1,1,1,1,2,1,1
SF,IF2006,2020-02-19 10:01:13.400,4053.4000,24118,0,2166723480.000,0,-,-,-,-,4050.8000,4050.4000,4048.0000,4047.2000,4047.0000,4051.8000,4052.2000,4052.6000,4053.2000,4053.4000,1,1,1,1,1,1,1,2,1,1
SF,IF2006,2020-02-19 10:01:13.900,4053.4000,24118,0,2166723480.000,0,-,-,-,-,4050.8000,4050.4000,4048.0000,4047.2000,4047.0000,4051.6000,4051.8000,4052.2000,4053.2000,4053.4000,1,1,1,1,1,3,1,1,1,1
SF,IF2006,2020-02-19 10:01:14.400,4053.4000,24118,0,2166723480.000,0,-,-,-,-,4050.8000,4050.4000,4048.0000,4047.2000,4047.0000,4051.6000,4051.8000,4052.2000,4053.2000,4053.4000,1,1,1,1,1,2,1,1,1,1
SF,IF2006,2020-02-19 10:01:15.400,4053.4000,24118,0,2166723480.000,0,-,-,-,-,4051.2000,4050.8000,4050.4000,4048.0000,4047.2000,4051.6000,4051.8000,4052.2000,4053.2000,4053.4000,5,1,1,1,1,2,1,1,1,1
SF,IF2006,2020-02-19 10:01:15.900,4053.4000,24118,0,2166723480.000,0,-,-,-,-,4050.8000,4050.4000,4048.0000,4047.2000,4047.0000,4051.6000,4052.2000,4053.2000,4053.4000,4053.6000,1,1,1,1,1,2,1,1,1,3
SF,IF2006,2020-02-19 10:01:16.400,4051.6000,24118,0,2167938960.000,1,0,1,多换,S,4050.8000,4050.4000,4048.0000,4047.2000,4047.0000,4051.6000,4052.2000,4053.2000,4053.4000,4053.6000,2,1,1,1,1,1,1,1,1,3
SF,IF2006,2020-02-19 10:01:16.900,4051.6000,24118,0,2171584920.000,3,1,2,多换,S,4050.4000,4048.0000,4047.2000,4047.0000,4046.8000,4052.2000,4053.2000,4053.6000,4054.0000,4055.0000,1,1,1,1,1,1,1,3,27,4
SF,IF2006,2020-02-19 10:01:17.400,4051.6000,24118,0,2171584920.000,0,-,-,-,-,4050.4000,4048.0000,4047.2000,4047.0000,4046.8000,4051.6000,4051.8000,4052.0000,4052.2000,4053.2000,1,1,1,1,1,1,4,2,1,1
SF,IF2006,2020-02-19 10:01:17.900,4051.6000,24118,0,2171584920.000,0,-,-,-,-,4050.4000,4048.0000,4047.2000,4047.0000,4046.8000,4051.4000,4051.6000,4051.8000,4052.0000,4053.2000,1,1,1,1,1,6,1,1,1,1
SF,IF2006,2020-02-19 10:01:18.400,4051.6000,24118,0,2171584920.000,0,-,-,-,-,4050.4000,4048.0000,4047.2000,4047.0000,4046.8000,4051.4000,4051.6000,4051.8000,4052.0000,4053.2000,1,1,1,1,1,4,1,1,1,1
SF,IF2006,2020-02-19 10:01:19.400,4050.4000,24118,0,2172800040.000,1,0,1,多换,S,4048.0000,4047.2000,4047.0000,4046.8000,4046.6000,4051.2000,4051.4000,4052.0000,4053.2000,4054.0000,1,1,1,1,1,3,4,1,1,29
SF,IF2006,2020-02-19 10:01:19.900,4050.4000,24118,0,2172800040.000,0,-,-,-,-,4049.6000,4049.4000,4049.0000,4048.6000,4048.4000,4050.8000,4051.0000,4051.2000,4051.4000,4052.0000,5,1,2,2,1,1,4,1,1,1
SF,IF2006,2020-02-19 10:01:20.400,4050.4000,24118,0,2172800040.000,0,-,-,-,-,4049.8000,4049.4000,4049.0000,4048.6000,4048.2000,4050.6000,4050.8000,4051.0000,4051.2000,4052.0000,2,1,1,2,2,1,1,3,1,1
SF,IF2006,2020-02-19 10:01:20.900,4050.8000,24118,0,2174015280.000,1,0,1,多换,S,4050.6000,4049.8000,4049.4000,4048.6000,4048.2000,4051.0000,4051.2000,4052.0000,4053.0000,4053.2000,2,2,1,2,2,1,1,1,2,1
SF,IF2006,2020-02-19 10:01:21.400,4050.8000,24118,0,2174015280.000,0,-,-,-,-,4050.6000,4049.8000,4048.6000,4048.2000,4048.0000,4052.0000,4053.0000,4053.2000,4054.0000,4055.0000,1,2,2,2,5,1,2,1,27,4
SF,IF2006,2020-02-19 10:01:21.900,4050.8000,24118,0,2174015280.000,0,-,-,-,-,4050.6000,4049.8000,4048.6000,4048.2000,4048.0000,4051.4000,4051.6000,4051.8000,4052.0000,4053.0000,1,2,2,2,5,1,4,1,1,2
SF,IF2006,2020-02-19 10:01:22.400,4050.8000,24118,0,2174015280.000,0,-,-,-,-,4050.6000,4049.8000,4048.6000,4048.2000,4048.0000,4051.4000,4051.6000,4051.8000,4052.0000,4053.0000,2,2,2,2,5,1,3,1,1,2
SF,IF2006,2020-02-19 10:01:22.900,4050.8000,24118,0,2174015280.000,0,-,-,-,-,4050.6000,4049.8000,4048.6000,4048.2000,4048.0000,4051.4000,4051.6000,4051.8000,4052.0000,4053.0000,2,2,2,2,5,1,3,1,1,2
SF,IF2006,2020-02-19 10:01:23.400,4052.0000,24119,1,2181308280.000,6,3,3,空开,S,4052.0000,4050.6000,4049.8000,4048.6000,4048.2000,4053.0000,4053.2000,4054.0000,4055.0000,4055.4000,9,2,2,2,2,2,1,27,3,1
SF,IF2006,2020-02-19 10:01:23.900,4052.0000,24121,2,2192248680.000,9,5,4,空开,S,4050.6000,4049.8000,4048.6000,4048.2000,4048.0000,4051.4000,4052.0000,4052.8000,4053.0000,4053.2000,3,2,2,2,5,1,5,3,3,1
SF,IF2006,2020-02-19 10:01:24.400,4050.6000,24122,1,2193463860.000,1,1,0,双开,S,4050.6000,4049.8000,4048.6000,4048.2000,4048.0000,4051.4000,4052.0000,4052.8000,4053.0000,4053.2000,2,2,2,2,5,1,2,2,2,1
SF,IF2006,2020-02-19 10:01:24.900,4050.6000,24122,0,2193463860.000,0,-,-,-,-,4050.6000,4049.8000,4048.6000,4048.2000,4048.0000,4051.4000,4052.0000,4052.8000,4053.2000,4054.0000,2,2,2,2,5,1,2,4,1,27
SF,IF2006,2020-02-19 10:01:25.400,4050.6000,24122,0,2193463860.000,0,-,-,-,-,4050.6000,4049.8000,4048.6000,4048.2000,4048.0000,4051.4000,4052.0000,4052.8000,4053.2000,4054.0000,2,2,2,2,5,1,2,4,1,27
SF,IF2006,2020-02-19 10:01:25.900,4050.6000,24122,0,2193463860.000,0,-,-,-,-,4050.6000,4049.8000,4048.6000,4048.2000,4048.0000,4051.4000,4052.0000,4052.8000,4053.2000,4054.0000,2,2,1,2,4,1,2,4,1,27
SF,IF2006,2020-02-19 10:01:26.400,4050.6000,24121,-1,2195894220.000,2,0,2,多平,S,4049.8000,4048.6000,4048.2000,4048.0000,4047.2000,4051.4000,4052.0000,4052.8000,4053.2000,4054.0000,2,1,2,4,1,1,2,4,1,27
SF,IF2006,2020-02-19 10:01:26.900,4050.6000,24121,0,2195894220.000,0,-,-,-,-,4050.0000,4049.8000,4048.6000,4048.2000,4048.0000,4051.2000,4051.4000,4052.0000,4052.8000,4053.2000,1,2,1,1,2,3,1,2,2,1
SF,IF2006,2020-02-19 10:01:27.400,4050.6000,24121,0,2195894220.000,0,-,-,-,-,4050.0000,4049.8000,4048.6000,4048.0000,4047.2000,4051.0000,4051.2000,4051.8000,4052.0000,4053.2000,1,2,1,2,1,1,2,2,3,1
SF,IF2006,2020-02-19 10:01:27.900,4050.0000,24121,0,2197109220.000,1,0,1,多换,S,4049.8000,4048.6000,4048.0000,4047.2000,4047.0000,4050.8000,4051.8000,4052.0000,4053.2000,4054.0000,2,1,2,1,1,4,2,3,1,27
SF,IF2006,2020-02-19 10:01:28.400,4050.0000,24121,0,2197109220.000,0,-,-,-,-,4050.6000,4049.8000,4048.6000,4048.0000,4047.2000,4050.8000,4051.0000,4051.8000,4052.0000,4053.2000,1,2,1,1,1,1,1,2,3,1
SF,IF2006,2020-02-19 10:01:28.900,4050.6000,24120,-1,2198324400.000,1,0,1,双平,S,4048.6000,4048.0000,4047.2000,4047.0000,4046.8000,4050.6000,4050.8000,4051.0000,4051.8000,4052.0000,1,1,1,1,1,4,1,1,2,1
SF,IF2006,2020-02-19 10:01:29.400,4050.6000,24120,0,2198324400.000,0,-,-,-,-,4049.4000,4049.2000,4049.0000,4048.8000,4048.6000,4049.8000,4050.4000,4050.6000,4051.8000,4052.0000,1,1,1,3,1,1,5,3,2,1
SF,IF2006,2020-02-19 10:01:29.900,4049.4000,24119,-1,2199539220.000,1,0,1,双平,S,4049.2000,4049.0000,4048.8000,4048.6000,4048.0000,4049.8000,4050.4000,4050.6000,4051.8000,4052.0000,1,1,3,1,1,1,5,3,2,1
SF,IF2006,2020-02-19 10:01:30.400,4049.2000,24119,0,2200753980.000,1,0,1,多换,S,4049.0000,4048.8000,4048.0000,4047.2000,4047.0000,4049.8000,4050.4000,4050.6000,4051.8000,4052.0000,1,3,1,1,1,1,7,3,2,1
SF,IF2006,2020-02-19 10:01:30.900,4049.2000,24119,0,2200753980.000,0,-,-,-,-,4048.8000,4048.0000,4047.2000,4047.0000,4046.8000,4049.8000,4050.4000,4050.6000,4051.8000,4052.0000,3,1,1,1,1,1,6,3,2,1
SF,IF2006,2020-02-19 10:01:31.400,4049.2000,24119,0,2200753980.000,0,-,-,-,-,4048.8000,4048.0000,4047.2000,4047.0000,4046.8000,4049.6000,4049.8000,4050.0000,4050.4000,4050.6000,3,1,1,1,1,1,1,1,6,3
SF,IF2006,2020-02-19 10:01:31.900,4049.2000,24119,0,2200753980.000,0,-,-,-,-,4048.8000,4048.0000,4047.2000,4047.0000,4046.8000,4049.8000,4050.4000,4050.6000,4051.8000,4052.0000,3,1,1,1,1,1,5,3,2,1
SF,IF2006,2020-02-19 10:01:32.400,4049.2000,24119,0,2200753980.000,0,-,-,-,-,4048.8000,4048.0000,4047.2000,4047.0000,4046.8000,4049.6000,4049.8000,4050.4000,4050.6000,4051.8000,3,1,1,1,1,1,1,4,3,2
SF,IF2006,2020-02-19 10:01:32.900,4049.2000,24119,0,2200753980.000,0,-,-,-,-,4048.8000,4048.0000,4047.2000,4047.0000,4046.8000,4049.8000,4050.4000,4050.6000,4051.8000,4052.0000,3,1,1,1,1,1,4,3,2,1
SF,IF2006,2020-02-19 10:01:33.400,4049.2000,24119,0,2200753980.000,0,-,-,-,-,4048.8000,4048.0000,4047.2000,4047.0000,4046.8000,4049.8000,4050.4000,4050.6000,4051.8000,4052.0000,2,1,1,1,1,1,4,3,2,1
SF,IF2006,2020-02-19 10:01:33.900,4049.2000,24119,0,2200753980.000,0,-,-,-,-,4048.8000,4048.0000,4047.2000,4047.0000,4046.8000,4049.8000,4050.4000,4050.6000,4051.8000,4052.0000,2,1,1,1,1,1,4,1,2,1
SF,IF2006,2020-02-19 10:01:34.400,4049.2000,24119,0,2200753980.000,0,-,-,-,-,4048.8000,4048.0000,4047.2000,4047.0000,4046.8000,4049.6000,4049.8000,4050.4000,4050.6000,4051.8000,2,1,1,1,1,4,1,2,1,2
SF,IF2006,2020-02-19 10:01:34.900,4048.8000,24117,-2,2203183260.000,2,0,2,双平,S,4048.0000,4047.2000,4047.0000,4046.8000,4046.6000,4049.6000,4049.8000,4050.4000,4050.6000,4051.8000,1,1,1,1,1,3,1,2,1,2
SF,IF2006,2020-02-19 10:01:35.400,4048.2000,24116,-1,2204397720.000,1,0,1,双平,S,4048.2000,4048.0000,4047.2000,4047.0000,4046.8000,4049.6000,4049.8000,4050.4000,4050.6000,4051.8000,4,1,1,1,1,1,1,2,1,2
SF,IF2006,2020-02-19 10:01:35.900,4048.2000,24116,0,2204397720.000,0,-,-,-,-,4048.6000,4048.4000,4048.2000,4048.0000,4047.2000,4049.6000,4049.8000,4050.4000,4050.6000,4051.8000,1,1,3,1,1,1,1,2,1,2
SF,IF2006,2020-02-19 10:01:36.400,4048.2000,24116,0,2204397720.000,0,-,-,-,-,4048.6000,4048.4000,4048.2000,4048.0000,4047.2000,4049.6000,4049.8000,4050.4000,4050.6000,4051.8000,1,1,2,2,1,1,1,2,1,2
SF,IF2006,2020-02-19 10:01:36.900,4048.2000,24116,0,2204397720.000,0,-,-,-,-,4048.8000,4048.6000,4048.4000,4048.2000,4048.0000,4049.8000,4050.4000,4050.6000,4051.8000,4052.0000,1,1,1,1,2,1,2,1,2,1
SF,IF2006,2020-02-19 10:01:37.400,4048.2000,24116,0,2204397720.000,0,-,-,-,-,4049.0000,4048.8000,4048.6000,4048.4000,4048.0000,4049.8000,4050.4000,4050.6000,4051.8000,4052.0000,1,1,1,1,2,1,2,1,2,1
SF,IF2006,2020-02-19 10:01:37.900,4048.2000,24116,0,2204397720.000,0,-,-,-,-,4049.0000,4048.8000,4048.6000,4048.4000,4048.0000,4049.8000,4050.4000,4050.6000,4051.8000,4052.0000,1,1,1,1,2,1,1,1,2,28
SF,IF2006,2020-02-19 10:01:38.400,4048.2000,24116,0,2204397720.000,0,-,-,-,-,4049.2000,4049.0000,4048.0000,4047.2000,4047.0000,4049.8000,4050.4000,4050.6000,4052.0000,4053.2000,1,1,2,1,1,1,1,1,28,1
SF,IF2006,2020-02-19 10:01:39.400,4048.2000,24116,0,2204397720.000,0,-,-,-,-,4049.2000,4049.0000,4048.0000,4047.2000,4047.0000,4049.8000,4050.4000,4050.6000,4052.0000,4053.2000,1,1,2,1,1,1,1,1,28,1
SF,IF2006,2020-02-19 10:01:40.900,4048.2000,24116,0,2204397720.000,0,-,-,-,-,4049.2000,4049.0000,4048.0000,4047.2000,4047.0000,4049.8000,4050.4000,4050.6000,4052.0000,4053.2000,1,1,2,1,1,1,1,1,28,1
SF,IF2006,2020-02-19 10:01:41.900,4049.8000,24115,-1,2205612660.000,1,0,1,双平,S,4049.2000,4049.0000,4048.8000,4048.0000,4047.2000,4050.4000,4050.6000,4052.0000,4053.2000,4055.0000,1,1,1,2,1,1,1,28,1,3
SF,IF2006,2020-02-19 10:01:42.400,4049.8000,24115,0,2205612660.000,0,-,-,-,-,4049.6000,4049.4000,4049.2000,4048.8000,4048.0000,4050.6000,4052.0000,4053.2000,4055.0000,4055.4000,1,5,1,1,2,1,28,1,3,1
SF,IF2006,2020-02-19 10:01:42.900,4049.8000,24115,0,2205612660.000,0,-,-,-,-,4049.8000,4049.6000,4049.4000,4048.8000,4048.0000,4052.0000,4053.2000,4055.0000,4055.4000,4056.0000,3,1,2,1,2,28,1,3,1,1
SF,IF2006,2020-02-19 10:01:43.400,4049.8000,24115,0,2205612660.000,0,-,-,-,-,4050.0000,4049.8000,4049.4000,4048.8000,4048.0000,4051.2000,4051.4000,4051.6000,4051.8000,4052.0000,1,5,2,1,2,1,1,1,3,27
SF,IF2006,2020-02-19 10:01:43.900,4049.8000,24115,0,2205612660.000,0,-,-,-,-,4050.2000,4050.0000,4049.8000,4048.8000,4048.0000,4051.2000,4051.4000,4051.6000,4051.8000,4052.0000,1,1,4,1,2,1,1,1,3,27
SF,IF2006,2020-02-19 10:01:44.400,4049.8000,24115,0,2205612660.000,0,-,-,-,-,4050.0000,4049.8000,4048.8000,4048.0000,4047.2000,4051.2000,4051.4000,4051.6000,4051.8000,4052.0000,1,4,1,2,1,1,1,1,3,27
SF,IF2006,2020-02-19 10:01:44.900,4049.8000,24115,0,2205612660.000,0,-,-,-,-,4050.2000,4050.0000,4049.8000,4048.8000,4048.0000,4051.2000,4051.4000,4051.6000,4051.8000,4052.0000,1,1,2,1,2,1,1,1,3,27
SF,IF2006,2020-02-19 10:01:45.400,4049.8000,24115,0,2205612660.000,0,-,-,-,-,4050.0000,4049.8000,4048.8000,4048.0000,4047.2000,4051.2000,4051.4000,4051.6000,4051.8000,4052.0000,1,2,1,2,1,1,1,1,3,27
SF,IF2006,2020-02-19 10:01:45.900,4049.8000,24115,0,2205612660.000,0,-,-,-,-,4050.2000,4050.0000,4049.8000,4048.8000,4048.0000,4051.2000,4051.4000,4051.6000,4051.8000,4052.0000,2,1,2,1,2,1,1,1,3,27
SF,IF2006,2020-02-19 10:01:47.400,4049.8000,24115,0,2205612660.000,0,-,-,-,-,4050.2000,4050.0000,4049.8000,4049.6000,4048.8000,4051.2000,4051.4000,4051.6000,4051.8000,4052.0000,2,1,2,1,1,1,1,1,3,27
SF,IF2006,2020-02-19 10:01:47.900,4049.8000,24115,0,2205612660.000,0,-,-,-,-,4050.4000,4050.2000,4050.0000,4049.8000,4049.6000,4051.2000,4051.4000,4051.6000,4051.8000,4052.0000,1,1,1,2,1,1,1,1,3,27
SF,IF2006,2020-02-19 10:01:48.400,4049.8000,24115,0,2205612660.000,0,-,-,-,-,4050.2000,4050.0000,4049.8000,4049.6000,4048.8000,4051.2000,4051.4000,4051.6000,4051.8000,4052.0000,1,1,2,1,1,1,1,1,3,27
SF,IF2006,2020-02-19 10:01:49.400,4051.2000,24115,0,2206828020.000,1,0,1,多换,S,4050.2000,4050.0000,4049.8000,4049.6000,4048.8000,4051.4000,4051.6000,4051.8000,4052.0000,4055.0000,1,1,2,1,1,1,1,3,27,3
SF,IF2006,2020-02-19 10:01:49.900,4051.2000,24115,0,2206828020.000,0,-,-,-,-,4050.4000,4050.2000,4049.6000,4048.8000,4048.0000,4051.6000,4051.8000,4052.0000,4055.0000,4055.4000,3,2,1,1,2,1,3,27,3,1
SF,IF2006,2020-02-19 10:01:50.400,4051.2000,24115,0,2206828020.000,0,-,-,-,-,4050.4000,4050.2000,4049.6000,4048.8000,4048.0000,4051.4000,4051.6000,4051.8000,4052.0000,4055.0000,2,2,1,1,2,1,1,2,27,3
SF,IF2006,2020-02-19 10:01:50.900,4051.2000,24115,0,2206828020.000,0,-,-,-,-,4050.6000,4050.4000,4050.2000,4049.6000,4048.8000,4051.8000,4052.0000,4055.0000,4055.4000,4056.0000,1,2,1,1,1,2,27,3,1,1
SF,IF2006,2020-02-19 10:01:51.400,4051.2000,24115,0,2206828020.000,0,-,-,-,-,4050.4000,4050.2000,4049.6000,4048.8000,4048.0000,4051.8000,4052.0000,4055.0000,4055.4000,4056.0000,2,1,1,1,2,1,27,3,1,1
SF,IF2006,2020-02-19 10:01:51.900,4051.2000,24115,0,2206828020.000,0,-,-,-,-,4050.6000,4050.4000,4050.2000,4049.6000,4048.8000,4052.0000,4055.0000,4055.4000,4056.0000,4056.6000,1,2,3,1,1,27,3,1,1,2
SF,IF2006,2020-02-19 10:01:52.400,4051.2000,24115,0,2206828020.000,0,-,-,-,-,4050.8000,4050.4000,4050.2000,4049.6000,4048.8000,4052.0000,4055.0000,4055.4000,4056.0000,4056.6000,1,1,3,1,1,27,3,1,1,2
SF,IF2006,2020-02-19 10:01:52.900,4051.2000,24115,0,2206828020.000,0,-,-,-,-,4051.0000,4050.8000,4050.4000,4050.2000,4049.6000,4052.0000,4055.0000,4055.4000,4056.0000,4056.6000,1,1,1,3,1,27,3,1,1,2
SF,IF2006,2020-02-19 10:01:53.900,4051.2000,24115,0,2206828020.000,0,-,-,-,-,4050.8000,4050.4000,4050.2000,4049.6000,4048.8000,4051.8000,4052.0000,4055.0000,4055.4000,4056.0000,1,1,3,1,1,1,27,3,1,1
SF,IF2006,2020-02-19 10:01:54.900,4051.2000,24115,0,2206828020.000,0,-,-,-,-,4050.8000,4050.4000,4050.2000,4049.6000,4048.8000,4051.6000,4051.8000,4052.0000,4055.0000,4055.4000,1,1,3,1,1,1,1,27,3,1
SF,IF2006,2020-02-19 10:01:55.400,4050.8000,24114,-1,2208043260.000,1,0,1,双平,S,4050.4000,4050.2000,4049.6000,4048.8000,4048.6000,4051.8000,4052.0000,4055.0000,4055.4000,4056.0000,1,3,1,1,1,1,27,3,1,1
SF,IF2006,2020-02-19 10:01:55.900,4050.8000,24114,0,2208043260.000,0,-,-,-,-,4050.2000,4049.6000,4048.8000,4048.6000,4048.0000,4051.6000,4051.8000,4052.0000,4055.0000,4055.4000,3,1,1,1,2,4,1,27,3,1
SF,IF2006,2020-02-19 10:01:56.400,4050.8000,24114,0,2208043260.000,0,-,-,-,-,4050.2000,4049.6000,4048.8000,4048.6000,4048.0000,4051.2000,4051.4000,4051.6000,4052.0000,4055.0000,2,1,1,1,2,2,1,3,27,3
SF,IF2006,2020-02-19 10:01:56.900,4050.8000,24114,0,2208043260.000,0,-,-,-,-,4050.2000,4049.6000,4048.8000,4048.6000,4048.0000,4051.0000,4051.2000,4051.6000,4052.0000,4055.0000,2,1,1,1,2,2,1,3,27,3
SF,IF2006,2020-02-19 10:01:57.400,4050.8000,24114,0,2208043260.000,0,-,-,-,-,4050.2000,4049.6000,4048.8000,4048.6000,4048.0000,4051.0000,4051.2000,4051.6000,4051.8000,4052.0000,2,1,1,1,2,1,1,3,2,27
SF,IF2006,2020-02-19 10:01:57.900,4050.8000,24114,0,2208043260.000,0,-,-,-,-,4050.2000,4049.6000,4048.8000,4048.6000,4048.0000,4051.0000,4051.2000,4051.6000,4051.8000,4052.0000,2,1,1,1,2,1,1,3,2,27
SF,IF2006,2020-02-19 10:01:58.400,4050.2000,24114,0,2209258320.000,1,0,1,多换,S,4050.2000,4049.6000,4048.8000,4048.6000,4048.0000,4051.0000,4051.2000,4051.6000,4051.8000,4052.0000,1,1,1,1,2,1,1,3,2,27
SF,IF2006,2020-02-19 10:01:59.400,4050.2000,24114,0,2209258320.000,0,-,-,-,-,4050.2000,4049.6000,4048.8000,4048.6000,4048.0000,4051.2000,4051.6000,4051.8000,4052.0000,4055.0000,1,1,1,1,2,1,3,2,27,3
SF,IF2006,2020-02-19 10:01:59.900,4050.2000,24114,0,2209258320.000,0,-,-,-,-,4050.2000,4049.6000,4048.8000,4048.6000,4048.0000,4051.0000,4051.2000,4051.6000,4051.8000,4052.0000,1,1,1,1,2,3,1,1,2,27
SF,IF2006,2020-02-19 10:02:00.400,4050.2000,24114,0,2209258320.000,0,-,-,-,-,4050.2000,4049.6000,4048.8000,4048.6000,4048.0000,4051.0000,4051.2000,4051.6000,4051.8000,4052.0000,1,1,1,1,2,2,1,1,2,27
SF,IF2006,2020-02-19 10:02:02.400,4050.2000,24114,0,2210473380.000,1,0,1,多换,S,4049.6000,4048.8000,4048.6000,4048.0000,4047.2000,4050.8000,4051.0000,4051.2000,4051.6000,4051.8000,1,1,1,2,1,2,2,1,1,2
SF,IF2006,2020-02-19 10:02:02.900,4049.6000,24114,0,2211688260.000,1,0,1,多换,S,4048.8000,4048.6000,4048.0000,4047.2000,4047.0000,4050.6000,4050.8000,4051.2000,4051.8000,4052.0000,1,1,2,1,1,4,2,1,2,27
SF,IF2006,2020-02-19 10:02:03.400,4049.6000,24114,0,2211688260.000,0,-,-,-,-,4049.2000,4049.0000,4048.8000,4048.6000,4048.0000,4050.4000,4050.6000,4050.8000,4051.8000,4052.0000,1,2,1,1,2,1,4,1,2,27
SF,IF2006,2020-02-19 10:02:03.900,4049.6000,24114,0,2211688260.000,0,-,-,-,-,4049.2000,4049.0000,4048.8000,4048.6000,4048.0000,4050.2000,4050.4000,4050.6000,4050.8000,4051.2000,1,2,1,1,2,3,1,1,1,2
SF,IF2006,2020-02-19 10:02:04.900,4049.6000,24114,0,2211688260.000,0,-,-,-,-,4049.4000,4049.2000,4049.0000,4048.8000,4048.6000,4050.2000,4050.6000,4051.2000,4052.0000,4055.0000,1,1,1,1,1,2,1,2,27,3
SF,IF2006,2020-02-19 10:02:05.400,4049.6000,24114,0,2211688260.000,0,-,-,-,-,4049.4000,4048.8000,4048.6000,4048.0000,4047.2000,4050.6000,4051.2000,4052.0000,4055.0000,4055.4000,1,1,1,2,1,1,2,27,3,1
SF,IF2006,2020-02-19 10:02:05.900,4049.6000,24114,0,2211688260.000,0,-,-,-,-,4050.0000,4049.6000,4049.4000,4048.8000,4048.6000,4050.6000,4051.2000,4052.0000,4055.0000,4055.4000,1,3,1,1,1,1,2,27,3,1
SF,IF2006,2020-02-19 10:02:06.400,4049.6000,24114,0,2211688260.000,0,-,-,-,-,4049.6000,4049.4000,4048.8000,4048.6000,4048.0000,4052.0000,4055.0000,4055.4000,4056.0000,4056.6000,2,1,1,1,2,27,3,1,1,2
SF,IF2006,2020-02-19 10:02:06.900,4049.6000,24114,0,2211688260.000,0,-,-,-,-,4049.8000,4049.6000,4049.4000,4048.8000,4048.6000,4051.4000,4051.6000,4051.8000,4052.0000,4055.0000,1,2,1,1,1,2,1,3,27,3
SF,IF2006,2020-02-19 10:02:07.400,4049.6000,24114,0,2211688260.000,0,-,-,-,-,4049.8000,4049.6000,4049.4000,4048.8000,4048.6000,4051.2000,4051.4000,4052.0000,4052.8000,4055.0000,1,2,1,1,1,3,2,27,1,3
SF,IF2006,2020-02-19 10:02:07.900,4051.4000,24115,1,2215334400.000,3,2,1,空开,S,4050.0000,4049.8000,4049.6000,4049.4000,4048.8000,4051.4000,4052.0000,4052.8000,4055.0000,4055.4000,1,1,1,1,1,1,27,1,3,1
SF,IF2006,2020-02-19 10:02:08.400,4051.4000,24115,0,2215334400.000,0,-,-,-,-,4050.2000,4050.0000,4049.6000,4049.4000,4048.8000,4051.4000,4052.0000,4052.8000,4055.0000,4055.4000,1,1,1,1,1,1,27,1,3,1
SF,IF2006,2020-02-19 10:02:08.900,4051.4000,24115,0,2215334400.000,0,-,-,-,-,4050.4000,4050.2000,4050.0000,4049.4000,4048.8000,4052.0000,4052.8000,4055.0000,4055.4000,4056.0000,1,1,1,1,1,27,1,3,1,1
SF,IF2006,2020-02-19 10:02:09.400,4051.4000,24115,0,2215334400.000,0,-,-,-,-,4050.2000,4050.0000,4049.4000,4048.8000,4048.6000,4051.6000,4051.8000,4052.0000,4052.8000,4055.0000,1,1,1,1,1,2,4,27,1,3
SF,IF2006,2020-02-19 10:02:09.900,4051.4000,24115,0,2215334400.000,0,-,-,-,-,4050.6000,4050.4000,4050.2000,4049.4000,4048.8000,4051.4000,4051.8000,4052.0000,4052.8000,4055.0000,1,2,1,1,1,2,1,27,1,3
SF,IF2006,2020-02-19 10:02:10.400,4051.4000,24115,0,2215334400.000,0,-,-,-,-,4051.0000,4050.8000,4049.4000,4048.8000,4048.6000,4052.0000,4052.8000,4055.0000,4055.4000,4056.0000,1,2,1,1,1,27,1,3,1,1
SF,IF2006,2020-02-19 10:02:10.900,4052.0000,24114,-1,2216550000.000,1,0,1,双平,S,4051.4000,4051.2000,4051.0000,4048.8000,4048.6000,4052.0000,4052.8000,4055.0000,4055.4000,4056.0000,2,3,1,1,1,26,1,3,1,1
SF,IF2006,2020-02-19 10:02:11.400,4052.0000,24113,-1,2217765600.000,1,0,1,双平,S,4051.6000,4051.4000,4051.2000,4051.0000,4048.8000,4052.0000,4052.8000,4055.0000,4055.4000,4056.0000,1,2,2,1,1,25,1,3,1,1
SF,IF2006,2020-02-19 10:02:11.900,4052.0000,24113,0,2217765600.000,0,-,-,-,-,4051.4000,4051.2000,4051.0000,4048.8000,4048.6000,4052.0000,4052.8000,4055.0000,4055.4000,4056.0000,2,2,1,1,1,25,1,3,1,1
SF,IF2006,2020-02-19 10:02:14.400,4052.0000,24113,0,2217765600.000,0,-,-,-,-,4051.2000,4051.0000,4048.8000,4048.6000,4048.0000,4052.0000,4052.8000,4053.0000,4055.0000,4055.4000,1,1,1,1,2,25,1,1,3,1
SF,IF2006,2020-02-19 10:02:14.900,4052.0000,24113,0,2217765600.000,0,-,-,-,-,4051.2000,4051.0000,4048.8000,4048.6000,4048.0000,4052.0000,4052.8000,4053.0000,4055.0000,4055.4000,1,1,1,1,2,25,1,1,3,1
SF,IF2006,2020-02-19 10:02:15.400,4051.2000,24112,-1,2218980960.000,1,0,1,双平,S,4048.8000,4048.6000,4048.0000,4047.2000,4047.0000,4052.0000,4052.8000,4053.0000,4055.0000,4055.4000,1,1,2,1,1,25,1,1,3,1
SF,IF2006,2020-02-19 10:02:15.900,4051.2000,24112,0,2218980960.000,0,-,-,-,-,4050.2000,4050.0000,4049.8000,4049.0000,4048.8000,4051.8000,4052.0000,4052.8000,4053.0000,4055.0000,6,2,3,5,1,3,26,1,1,3
SF,IF2006,2020-02-19 10:02:16.400,4051.2000,24112,0,2218980960.000,0,-,-,-,-,4050.2000,4050.0000,4049.8000,4049.0000,4048.8000,4051.6000,4051.8000,4052.0000,4052.8000,4053.0000,1,1,2,4,1,2,4,26,1,1
SF,IF2006,2020-02-19 10:02:16.900,4051.2000,24112,0,2218980960.000,0,-,-,-,-,4049.8000,4049.0000,4048.8000,4048.6000,4048.0000,4051.2000,4051.4000,4051.6000,4051.8000,4052.0000,1,3,1,1,2,1,4,1,1,26
SF,IF2006,2020-02-19 10:02:17.400,4051.2000,24112,0,2218980960.000,0,-,-,-,-,4050.0000,4049.8000,4049.0000,4048.8000,4048.6000,4051.2000,4051.4000,4051.6000,4051.8000,4052.0000,1,1,2,1,1,1,4,1,1,26
SF,IF2006,2020-02-19 10:02:17.900,4051.2000,24112,0,2218980960.000,0,-,-,-,-,4050.0000,4049.8000,4049.0000,4048.8000,4048.6000,4051.4000,4051.6000,4051.8000,4052.0000,4052.8000,2,1,2,1,1,4,1,1,26,1
SF,IF2006,2020-02-19 10:02:18.400,4051.2000,24112,0,2218980960.000,0,-,-,-,-,4050.0000,4049.8000,4049.0000,4048.8000,4048.6000,4051.4000,4051.6000,4052.0000,4052.8000,4053.0000,2,1,2,1,1,4,1,26,1,1
SF,IF2006,2020-02-19 10:02:18.900,4051.2000,24112,0,2218980960.000,0,-,-,-,-,4050.0000,4049.8000,4049.0000,4048.8000,4048.6000,4051.4000,4051.6000,4052.0000,4052.8000,4053.0000,2,1,2,1,1,3,1,26,1,1
SF,IF2006,2020-02-19 10:02:19.900,4051.2000,24112,0,2218980960.000,0,-,-,-,-,4050.2000,4050.0000,4049.0000,4048.8000,4048.6000,4051.4000,4051.6000,4052.0000,4052.8000,4053.0000,1,2,2,1,1,3,1,26,1,1
SF,IF2006,2020-02-19 10:02:20.400,4051.2000,24112,0,2218980960.000,0,-,-,-,-,4050.4000,4050.2000,4050.0000,4049.0000,4048.8000,4051.4000,4051.6000,4052.0000,4052.8000,4053.0000,1,1,2,2,1,3,1,26,1,1
SF,IF2006,2020-02-19 10:02:20.900,4050.4000,24111,-1,2220196080.000,1,0,1,双平,S,4050.2000,4050.0000,4049.0000,4048.8000,4048.6000,4051.4000,4051.6000,4052.0000,4052.8000,4053.0000,1,2,2,1,1,2,1,26,1,1
SF,IF2006,2020-02-19 10:02:21.400,4051.4000,24111,0,2222626920.000,2,1,1,多换,S,4051.4000,4050.2000,4050.0000,4049.0000,4048.8000,4051.6000,4052.0000,4052.8000,4053.0000,4053.6000,3,1,2,2,1,1,26,1,1,1
SF,IF2006,2020-02-19 10:02:21.900,4051.4000,24111,0,2226273180.000,3,1,2,多换,S,4050.0000,4049.0000,4048.8000,4048.6000,4048.0000,4051.4000,4052.0000,4052.8000,4053.0000,4053.6000,2,2,1,1,2,3,26,1,1,1
SF,IF2006,2020-02-19 10:02:22.900,4051.4000,24111,0,2226273180.000,0,-,-,-,-,4050.0000,4049.0000,4048.8000,4048.6000,4048.0000,4051.2000,4051.4000,4052.0000,4052.8000,4053.0000,2,1,1,1,2,2,3,26,1,1
SF,IF2006,2020-02-19 10:02:23.400,4051.4000,24111,0,2226273180.000,0,-,-,-,-,4050.0000,4049.0000,4048.8000,4048.6000,4048.0000,4051.0000,4051.2000,4051.4000,4052.0000,4052.8000,2,1,1,1,2,1,2,3,26,1
SF,IF2006,2020-02-19 10:02:23.900,4051.4000,24111,0,2226273180.000,0,-,-,-,-,4050.0000,4049.0000,4048.8000,4048.6000,4048.0000,4050.8000,4051.2000,4051.4000,4052.0000,4052.8000,2,1,1,1,2,1,1,3,26,1
SF,IF2006,2020-02-19 10:02:24.400,4050.0000,24110,-1,2227488180.000,1,0,1,双平,S,4050.0000,4049.0000,4048.8000,4048.6000,4048.0000,4051.2000,4051.4000,4052.0000,4052.8000,4053.0000,1,1,1,1,2,1,3,26,1,1
SF,IF2006,2020-02-19 10:02:25.400,4050.0000,24110,0,2227488180.000,0,-,-,-,-,4050.2000,4050.0000,4049.0000,4048.8000,4048.6000,4051.2000,4051.4000,4052.0000,4052.8000,4053.0000,1,1,1,1,1,1,3,26,1,1
SF,IF2006,2020-02-19 10:02:25.900,4050.0000,24110,0,2227488180.000,0,-,-,-,-,4050.4000,4050.2000,4050.0000,4049.0000,4048.8000,4051.4000,4052.0000,4052.8000,4053.0000,4053.6000,1,1,1,1,1,3,25,1,1,1
SF,IF2006,2020-02-19 10:02:26.400,4050.0000,24110,0,2227488180.000,0,-,-,-,-,4050.6000,4050.4000,4050.0000,4049.0000,4048.8000,4052.0000,4052.8000,4053.0000,4053.6000,4054.0000,1,1,1,1,1,25,1,1,1,1
SF,IF2006,2020-02-19 10:02:26.900,4050.0000,24110,0,2227488180.000,0,-,-,-,-,4050.6000,4050.0000,4049.0000,4048.8000,4048.6000,4051.8000,4052.0000,4052.8000,4053.0000,4053.6000,1,1,1,1,1,2,25,1,1,1
SF,IF2006,2020-02-19 10:02:28.400,4050.0000,24110,0,2227488180.000,0,-,-,-,-,4050.8000,4050.6000,4050.0000,4049.0000,4048.8000,4051.8000,4052.0000,4052.8000,4053.0000,4053.6000,1,1,1,1,1,1,25,1,1,1
SF,IF2006,2020-02-19 10:02:28.900,4050.0000,24110,0,2227488180.000,0,-,-,-,-,4051.2000,4051.0000,4050.0000,4049.0000,4048.8000,4051.8000,4052.0000,4052.8000,4053.0000,4053.6000,1,2,1,1,1,1,26,1,1,1
SF,IF2006,2020-02-19 10:02:29.400,4050.0000,24110,0,2227488180.000,0,-,-,-,-,4051.4000,4051.2000,4050.0000,4049.0000,4048.8000,4052.0000,4052.8000,4053.0000,4053.6000,4054.0000,1,1,1,1,1,26,1,1,1,1
SF,IF2006,2020-02-19 10:02:29.900,4052.0000,24109,-1,2233566180.000,5,2,3,多平,S,4051.2000,4049.0000,4048.8000,4048.6000,4048.0000,4052.0000,4052.8000,4053.0000,4053.6000,4054.0000,1,1,1,1,2,21,1,1,1,1
SF,IF2006,2020-02-19 10:02:30.400,4052.0000,24108,-1,2238428580.000,4,1,3,多平,S,4051.8000,4051.4000,4051.2000,4049.0000,4048.8000,4052.0000,4052.8000,4053.0000,4053.6000,4054.0000,1,4,1,1,1,17,1,1,1,1
SF,IF2006,2020-02-19 10:02:30.900,4052.0000,24093,-15,2259093780.000,17,1,16,多平,S,4051.8000,4051.4000,4051.2000,4049.0000,4048.8000,4052.8000,4053.0000,4053.6000,4054.0000,4054.6000,1,4,1,1,1,1,1,1,1,1
SF,IF2006,2020-02-19 10:02:31.400,4052.0000,24093,0,2259093780.000,0,-,-,-,-,4051.8000,4051.4000,4051.2000,4049.0000,4048.8000,4052.6000,4052.8000,4053.0000,4053.6000,4054.0000,1,4,1,1,1,1,1,1,1,1
SF,IF2006,2020-02-19 10:02:32.900,4051.8000,24093,0,2260309320.000,1,0,1,多换,S,4051.4000,4051.2000,4049.0000,4048.8000,4048.6000,4052.6000,4052.8000,4053.0000,4053.6000,4054.0000,4,1,1,1,1,1,1,1,1,1
SF,IF2006,2020-02-19 10:02:33.400,4051.8000,24093,0,2260309320.000,0,-,-,-,-,4051.4000,4051.2000,4049.0000,4048.8000,4048.6000,4052.2000,4052.4000,4052.8000,4053.0000,4053.6000,2,1,1,1,1,1,3,1,1,1
SF,IF2006,2020-02-19 10:02:33.900,4051.8000,24093,0,2260309320.000,0,-,-,-,-,4051.2000,4049.0000,4048.8000,4048.6000,4048.0000,4051.8000,4052.2000,4052.4000,4052.8000,4053.0000,1,1,1,1,2,1,1,2,1,1
SF,IF2006,2020-02-19 10:02:34.400,4051.2000,24092,-1,2261524680.000,1,0,1,双平,S,4049.0000,4048.8000,4048.6000,4048.0000,4047.2000,4051.8000,4052.2000,4052.4000,4052.8000,4053.0000,1,1,1,2,1,1,1,2,1,1
SF,IF2006,2020-02-19 10:02:34.900,4051.2000,24092,0,2261524680.000,0,-,-,-,-,4050.4000,4050.2000,4050.0000,4049.4000,4049.2000,4052.4000,4052.8000,4053.0000,4053.6000,4054.0000,7,3,5,2,2,2,1,1,1,1
SF,IF2006,2020-02-19 10:02:35.400,4051.2000,24092,0,2261524680.000,0,-,-,-,-,4050.8000,4050.6000,4050.4000,4050.0000,4049.4000,4052.2000,4052.4000,4052.8000,4053.0000,4053.6000,1,3,2,5,1,2,2,1,1,1
SF,IF2006,2020-02-19 10:02:35.900,4051.2000,24092,0,2261524680.000,0,-,-,-,-,4051.0000,4050.8000,4050.6000,4050.4000,4050.0000,4052.2000,4052.4000,4052.8000,4053.0000,4053.6000,1,1,2,2,5,2,2,1,1,1
SF,IF2006,2020-02-19 10:02:36.400,4051.2000,24092,0,2261524680.000,0,-,-,-,-,4051.2000,4051.0000,4050.8000,4050.6000,4050.4000,4052.2000,4052.4000,4052.8000,4053.0000,4053.6000,1,1,1,1,1,3,2,1,1,1
SF,IF2006,2020-02-19 10:02:36.900,4051.2000,24092,0,2261524680.000,0,-,-,-,-,4051.0000,4050.8000,4050.6000,4050.4000,4049.4000,4052.2000,4052.4000,4052.8000,4053.0000,4053.6000,1,1,1,1,1,3,2,1,1,1
SF,IF2006,2020-02-19 10:02:37.400,4051.2000,24092,0,2261524680.000,0,-,-,-,-,4051.0000,4050.8000,4050.6000,4050.4000,4049.4000,4052.0000,4052.2000,4052.4000,4052.8000,4053.0000,1,1,1,1,1,1,2,2,1,1
SF,IF2006,2020-02-19 10:02:37.900,4051.2000,24092,0,2261524680.000,0,-,-,-,-,4051.0000,4050.8000,4050.6000,4049.4000,4049.2000,4052.2000,4052.4000,4052.8000,4053.0000,4053.6000,1,1,1,1,1,2,2,1,1,1
SF,IF2006,2020-02-19 10:02:38.400,4051.2000,24092,0,2261524680.000,0,-,-,-,-,4051.2000,4051.0000,4050.8000,4050.6000,4049.4000,4052.2000,4052.4000,4052.8000,4053.0000,4053.6000,2,1,2,1,1,2,2,1,1,1
SF,IF2006,2020-02-19 10:02:38.900,4051.2000,24092,0,2261524680.000,0,-,-,-,-,4051.2000,4051.0000,4050.8000,4050.6000,4049.4000,4052.2000,4052.4000,4052.8000,4053.0000,4053.6000,1,1,2,1,1,2,2,1,1,1
SF,IF2006,2020-02-19 10:02:40.400,4051.2000,24092,0,2261524680.000,0,-,-,-,-,4051.2000,4051.0000,4050.8000,4050.6000,4049.2000,4052.2000,4052.4000,4052.8000,4053.0000,4053.6000,1,1,2,1,1,2,2,1,1,1
SF,IF2006,2020-02-19 10:02:42.400,4051.2000,24092,0,2261524680.000,0,-,-,-,-,4051.0000,4050.8000,4050.6000,4049.2000,4048.8000,4052.2000,4052.4000,4052.8000,4053.0000,4053.6000,1,2,1,1,1,2,2,1,1,1
SF,IF2006,2020-02-19 10:02:44.400,4051.0000,24091,-1,2262739980.000,1,0,1,双平,S,4050.8000,4050.6000,4049.2000,4048.8000,4048.6000,4051.0000,4052.0000,4052.2000,4052.4000,4052.8000,2,1,1,1,1,2,1,2,2,1
SF,IF2006,2020-02-19 10:02:44.900,4051.0000,24091,0,2263955280.000,1,0,1,多换,S,4050.8000,4049.2000,4048.8000,4048.6000,4048.0000,4051.0000,4052.2000,4052.4000,4052.8000,4053.0000,1,1,1,1,2,1,1,2,1,1
SF,IF2006,2020-02-19 10:02:45.400,4051.0000,24091,0,2265170580.000,1,0,1,多换,S,4050.8000,4049.2000,4048.8000,4048.6000,4048.0000,4052.2000,4052.4000,4052.8000,4053.0000,4053.6000,1,1,1,1,2,1,2,1,1,1
SF,IF2006,2020-02-19 10:02:45.900,4051.0000,24091,0,2265170580.000,0,-,-,-,-,4050.8000,4049.2000,4048.8000,4048.6000,4048.0000,4052.0000,4052.2000,4052.4000,4052.8000,4053.0000,1,1,1,1,2,3,1,1,1,1
SF,IF2006,2020-02-19 10:02:46.400,4050.8000,24090,-1,2266385820.000,1,0,1,双平,S,4049.2000,4048.8000,4048.6000,4048.0000,4047.2000,4050.8000,4052.0000,4052.2000,4052.4000,4052.8000,1,1,1,2,1,2,3,1,1,1
SF,IF2006,2020-02-19 10:02:46.900,4050.8000,24088,-2,2268816300.000,2,0,2,双平,S,4050.8000,4050.2000,4050.0000,4049.4000,4049.2000,4052.0000,4052.4000,4052.8000,4053.0000,4053.6000,2,1,9,3,1,3,1,1,1,1
SF,IF2006,2020-02-19 10:02:47.400,4050.8000,24088,0,2268816300.000,0,-,-,-,-,4050.8000,4050.0000,4049.4000,4049.2000,4048.8000,4051.8000,4052.0000,4052.4000,4052.8000,4053.0000,2,7,2,1,1,1,2,1,1,1
SF,IF2006,2020-02-19 10:02:47.900,4050.8000,24088,0,2268816300.000,0,-,-,-,-,4050.8000,4050.0000,4049.4000,4049.2000,4048.8000,4052.0000,4052.4000,4052.8000,4053.0000,4053.6000,2,7,2,1,1,2,1,1,1,1
SF,IF2006,2020-02-19 10:02:48.400,4050.8000,24088,0,2268816300.000,0,-,-,-,-,4051.0000,4050.8000,4050.0000,4049.4000,4049.2000,4052.0000,4052.4000,4052.8000,4053.0000,4053.6000,1,1,7,2,1,2,1,1,1,1
SF,IF2006,2020-02-19 10:02:48.900,4051.2000,24089,1,2271247260.000,2,1,1,空开,S,4051.0000,4050.8000,4050.0000,4049.4000,4049.2000,4052.0000,4052.4000,4052.8000,4053.0000,4053.6000,2,1,7,2,1,1,1,1,1,1
SF,IF2006,2020-02-19 10:02:49.400,4051.2000,24089,0,2271247260.000,0,-,-,-,-,4050.8000,4050.0000,4049.4000,4049.2000,4048.8000,4052.0000,4052.4000,4052.8000,4053.0000,4053.6000,1,7,2,1,1,1,1,1,1,1
SF,IF2006,2020-02-19 10:02:49.900,4051.0000,24089,0,2272462560.000,1,0,1,多换,S,4051.0000,4050.8000,4050.0000,4049.4000,4049.2000,4052.0000,4052.4000,4052.8000,4053.0000,4053.6000,1,1,7,2,1,1,1,1,1,1
SF,IF2006,2020-02-19 10:02:50.400,4051.0000,24089,0,2272462560.000,0,-,-,-,-,4050.0000,4049.4000,4049.2000,4048.8000,4048.6000,4051.8000,4052.0000,4052.4000,4052.8000,4053.0000,7,2,1,1,1,1,1,1,1,1
SF,IF2006,2020-02-19 10:02:50.900,4051.0000,24089,0,2272462560.000,0,-,-,-,-,4050.6000,4050.2000,4050.0000,4049.4000,4049.2000,4051.6000,4052.4000,4052.8000,4053.0000,4053.6000,4,3,6,1,1,2,1,1,1,1
SF,IF2006,2020-02-19 10:02:51.400,4050.6000,24089,0,2277323280.000,4,2,2,多换,S,4050.2000,4050.0000,4048.8000,4048.6000,4048.0000,4051.0000,4051.4000,4051.6000,4052.4000,4052.8000,1,1,1,1,2,1,5,2,1,1
SF,IF2006,2020-02-19 10:02:51.900,4050.2000,24089,0,2278538340.000,1,0,1,多换,S,4048.8000,4048.6000,4048.0000,4047.2000,4047.0000,4050.8000,4051.0000,4051.4000,4052.4000,4052.8000,1,1,2,1,1,1,1,2,1,1
SF,IF2006,2020-02-19 10:02:52.400,4050.2000,24089,0,2278538340.000,0,-,-,-,-,4049.2000,4049.0000,4048.8000,4048.6000,4048.0000,4050.6000,4050.8000,4051.0000,4051.4000,4052.4000,2,4,1,1,2,1,1,1,2,1
SF,IF2006,2020-02-19 10:02:52.900,4050.2000,24089,0,2278538340.000,0,-,-,-,-,4049.4000,4049.2000,4049.0000,4048.8000,4048.6000,4050.6000,4050.8000,4051.0000,4051.4000,4052.4000,3,2,1,1,1,1,1,1,2,1
SF,IF2006,2020-02-19 10:02:53.400,4050.2000,24089,0,2278538340.000,0,-,-,-,-,4049.4000,4049.2000,4049.0000,4048.8000,4048.6000,4050.6000,4050.8000,4051.0000,4051.4000,4052.8000,4,1,1,1,1,1,1,1,1,1
SF,IF2006,2020-02-19 10:02:53.900,4050.2000,24089,0,2278538340.000,0,-,-,-,-,4049.4000,4049.2000,4049.0000,4048.8000,4048.6000,4050.6000,4050.8000,4051.0000,4051.4000,4052.8000,3,1,1,1,1,1,1,1,1,1
SF,IF2006,2020-02-19 10:02:54.400,4050.2000,24089,0,2278538340.000,0,-,-,-,-,4049.2000,4049.0000,4048.8000,4048.6000,4048.0000,4050.4000,4050.6000,4051.4000,4052.8000,4053.0000,1,1,1,1,2,3,1,1,1,1
SF,IF2006,2020-02-19 10:02:54.900,4050.2000,24089,0,2278538340.000,0,-,-,-,-,4049.2000,4048.8000,4048.6000,4048.0000,4047.2000,4050.4000,4050.6000,4051.4000,4052.8000,4053.0000,1,1,1,2,1,1,1,1,1,1
SF,IF2006,2020-02-19 10:02:55.400,4050.2000,24089,0,2278538340.000,0,-,-,-,-,4049.2000,4048.8000,4048.6000,4048.0000,4047.2000,4050.2000,4050.4000,4050.6000,4051.4000,4052.8000,1,1,1,2,1,2,1,1,1,1
SF,IF2006,2020-02-19 10:02:55.900,4050.2000,24089,0,2278538340.000,0,-,-,-,-,4049.2000,4048.8000,4048.6000,4048.0000,4047.2000,4050.0000,4050.2000,4050.4000,4050.6000,4051.4000,1,1,1,2,1,1,2,1,1,1
SF,IF2006,2020-02-19 10:02:56.400,4050.2000,24089,0,2278538340.000,0,-,-,-,-,4049.4000,4049.2000,4048.8000,4048.6000,4048.0000,4050.0000,4050.4000,4050.6000,4051.4000,4052.8000,1,1,1,1,2,1,1,1,1,1
SF,IF2006,2020-02-19 10:02:57.900,4050.2000,24088,-1,2279753400.000,1,0,1,双平,S,4049.2000,4048.8000,4048.6000,4048.0000,4047.2000,4050.4000,4050.6000,4051.4000,4052.8000,4053.0000,1,1,1,2,1,1,1,1,1,1
SF,IF2006,2020-02-19 10:02:58.400,4050.2000,24088,0,2279753400.000,0,-,-,-,-,4049.2000,4048.8000,4048.6000,4048.0000,4047.2000,4050.2000,4050.4000,4050.6000,4051.4000,4052.8000,1,1,1,2,1,1,1,1,1,1
SF,IF2006,2020-02-19 10:02:59.400,4050.2000,24088,0,2279753400.000,0,-,-,-,-,4048.8000,4048.6000,4048.0000,4047.2000,4047.0000,4050.2000,4050.4000,4050.6000,4051.4000,4052.8000,1,1,2,1,1,1,1,1,1,1
SF,IF2006,2020-02-19 10:02:59.900,4050.2000,24088,0,2279753400.000,0,-,-,-,-,4048.8000,4048.6000,4048.0000,4047.2000,4047.0000,4050.0000,4051.4000,4052.8000,4053.0000,4053.6000,1,1,2,1,1,5,1,1,1,1
SF,IF2006,2020-02-19 10:03:00.400,4050.2000,24088,0,2279753400.000,0,-,-,-,-,4048.8000,4048.6000,4048.0000,4047.2000,4047.0000,4049.8000,4050.0000,4051.4000,4052.8000,4053.0000,1,1,2,1,1,2,3,1,1,1
SF,IF2006,2020-02-19 10:03:00.900,4050.2000,24088,0,2279753400.000,0,-,-,-,-,4048.8000,4048.6000,4048.0000,4047.2000,4047.0000,4050.0000,4051.4000,4052.8000,4053.0000,4053.6000,1,1,2,1,1,3,1,1,1,1
SF,IF2006,2020-02-19 10:03:01.400,4050.2000,24088,0,2279753400.000,0,-,-,-,-,4048.8000,4048.6000,4048.0000,4047.2000,4047.0000,4050.0000,4051.4000,4052.8000,4053.0000,4053.6000,1,1,2,1,1,2,1,1,1,1
SF,IF2006,2020-02-19 10:03:02.900,4050.2000,24088,0,2279753400.000,0,-,-,-,-,4048.8000,4048.6000,4048.0000,4047.2000,4047.0000,4049.8000,4050.0000,4051.4000,4052.8000,4053.0000,1,1,2,1,1,1,2,1,1,1
SF,IF2006,2020-02-19 10:03:03.400,4050.2000,24088,0,2279753400.000,0,-,-,-,-,4049.0000,4048.8000,4048.6000,4048.0000,4047.2000,4050.0000,4051.4000,4052.8000,4053.0000,4053.6000,1,1,1,2,1,2,1,1,1,1
SF,IF2006,2020-02-19 10:03:03.900,4050.2000,24088,0,2279753400.000,0,-,-,-,-,4048.8000,4048.6000,4048.0000,4047.2000,4047.0000,4050.0000,4051.4000,4052.8000,4053.0000,4053.6000,1,1,2,1,1,2,1,1,1,1
SF,IF2006,2020-02-19 10:03:04.400,4050.2000,24088,0,2279753400.000,0,-,-,-,-,4049.0000,4048.8000,4048.6000,4048.0000,4047.2000,4050.0000,4051.4000,4052.8000,4053.0000,4053.6000,1,1,1,2,1,2,1,1,1,1
SF,IF2006,2020-02-19 10:03:04.900,4050.2000,24088,0,2279753400.000,0,-,-,-,-,4049.0000,4048.8000,4048.6000,4048.0000,4047.2000,4050.0000,4051.4000,4052.8000,4053.0000,4053.6000,2,1,1,2,1,2,1,1,1,1
SF,IF2006,2020-02-19 10:03:06.400,4050.2000,24088,0,2279753400.000,0,-,-,-,-,4049.0000,4048.8000,4048.6000,4048.0000,4047.2000,4049.8000,4050.0000,4051.4000,4052.8000,4053.0000,1,1,1,2,1,1,2,1,1,1
SF,IF2006,2020-02-19 10:03:06.900,4050.2000,24088,0,2279753400.000,0,-,-,-,-,4048.8000,4048.6000,4048.0000,4047.2000,4047.0000,4050.0000,4051.4000,4052.8000,4053.0000,4053.6000,1,1,2,1,1,2,1,1,1,1
SF,IF2006,2020-02-19 10:03:07.400,4050.2000,24088,0,2279753400.000,0,-,-,-,-,4048.8000,4048.6000,4048.0000,4047.2000,4047.0000,4049.0000,4049.8000,4050.0000,4051.4000,4052.8000,1,1,2,1,1,3,1,2,1,1
SF,IF2006,2020-02-19 10:03:07.900,4049.0000,24085,-3,2283397500.000,3,0,3,双平,S,4049.0000,4048.8000,4048.6000,4048.0000,4047.2000,4050.0000,4051.4000,4052.8000,4053.0000,4053.6000,2,1,1,2,1,2,1,1,1,1
SF,IF2006,2020-02-19 10:03:08.400,4049.0000,24086,1,2284612200.000,1,1,0,双开,S,4049.0000,4048.8000,4048.6000,4048.0000,4047.2000,4049.8000,4050.0000,4051.4000,4052.8000,4053.0000,1,1,1,2,1,1,2,1,1,1
SF,IF2006,2020-02-19 10:03:08.900,4049.0000,24086,0,2284612200.000,0,-,-,-,-,4049.0000,4048.8000,4048.6000,4048.0000,4047.2000,4050.0000,4051.4000,4052.8000,4053.0000,4053.6000,1,1,1,2,1,2,1,1,1,1
SF,IF2006,2020-02-19 10:03:09.900,4049.0000,24086,0,2284612200.000,0,-,-,-,-,4049.0000,4048.8000,4048.6000,4048.0000,4047.2000,4050.0000,4051.4000,4052.8000,4053.0000,4053.6000,1,1,1,2,1,4,1,1,1,1
SF,IF2006,2020-02-19 10:03:10.900,4049.0000,24086,0,2284612200.000,0,-,-,-,-,4049.0000,4048.8000,4048.6000,4048.0000,4047.2000,4049.8000,4050.0000,4051.4000,4052.8000,4053.0000,1,1,1,2,1,1,4,1,1,1
SF,IF2006,2020-02-19 10:03:11.400,4049.0000,24086,0,2284612200.000,0,-,-,-,-,4049.0000,4048.8000,4048.6000,4048.0000,4047.2000,4050.0000,4051.4000,4052.8000,4053.0000,4053.6000,1,1,1,2,1,4,1,1,1,1
SF,IF2006,2020-02-19 10:03:11.900,4049.0000,24086,0,2284612200.000,0,-,-,-,-,4049.0000,4048.8000,4048.6000,4048.0000,4047.2000,4049.8000,4050.0000,4051.4000,4052.8000,4053.0000,1,1,1,2,1,1,4,1,1,1
SF,IF2006,2020-02-19 10:03:12.400,4049.0000,24086,0,2284612200.000,0,-,-,-,-,4049.0000,4048.8000,4048.6000,4048.0000,4047.2000,4050.0000,4051.4000,4052.8000,4053.0000,4053.6000,1,1,1,2,1,4,1,1,1,1
SF,IF2006,2020-02-19 10:03:12.900,4049.0000,24086,0,2284612200.000,0,-,-,-,-,4049.0000,4048.8000,4048.6000,4048.0000,4047.2000,4049.8000,4050.0000,4051.4000,4052.8000,4053.0000,1,1,1,2,1,2,4,1,1,1
SF,IF2006,2020-02-19 10:03:13.400,4049.0000,24086,0,2284612200.000,0,-,-,-,-,4049.0000,4048.8000,4048.6000,4048.0000,4047.2000,4050.0000,4051.4000,4052.8000,4053.0000,4053.6000,1,1,1,2,1,4,1,1,1,1
SF,IF2006,2020-02-19 10:03:13.900,4049.0000,24086,0,2284612200.000,0,-,-,-,-,4049.0000,4048.8000,4048.6000,4048.0000,4047.2000,4049.8000,4050.0000,4051.4000,4052.8000,4053.0000,1,1,1,2,1,1,4,1,1,1
SF,IF2006,2020-02-19 10:03:14.400,4049.0000,24086,0,2284612200.000,0,-,-,-,-,4049.0000,4048.8000,4048.6000,4048.0000,4047.2000,4050.0000,4051.4000,4052.8000,4053.0000,4053.6000,1,1,1,2,1,4,1,1,1,1
SF,IF2006,2020-02-19 10:03:14.900,4049.0000,24085,-1,2285826900.000,1,0,1,双平,S,4048.8000,4048.6000,4048.0000,4047.2000,4047.0000,4049.0000,4049.8000,4050.0000,4052.8000,4053.0000,1,1,2,1,1,3,3,4,1,1
SF,IF2006,2020-02-19 10:03:15.400,4048.8000,24085,0,2287041540.000,1,0,1,多换,S,4048.6000,4048.0000,4047.2000,4047.0000,4046.8000,4049.0000,4050.0000,4052.8000,4053.0000,4053.6000,1,2,1,1,1,3,3,1,1,1
SF,IF2006,2020-02-19 10:03:15.900,4048.6000,24085,0,2288256120.000,1,0,1,多换,S,4048.0000,4047.2000,4047.0000,4046.8000,4046.6000,4048.6000,4049.0000,4050.0000,4052.8000,4053.0000,2,1,1,1,1,3,3,3,1,1
SF,IF2006,2020-02-19 10:03:16.400,4048.0000,24085,0,2290684920.000,2,1,1,多换,S,4047.2000,4047.0000,4046.8000,4046.6000,4046.4000,4048.0000,4048.4000,4048.6000,4049.0000,4050.0000,1,1,1,1,1,1,2,2,3,2
SF,IF2006,2020-02-19 10:03:16.900,4047.2000,24084,-1,2291899080.000,1,0,1,双平,S,4047.0000,4046.8000,4046.6000,4046.4000,4046.2000,4047.8000,4048.0000,4048.6000,4049.0000,4050.0000,1,1,1,1,2,1,1,2,3,2
SF,IF2006,2020-02-19 10:03:17.400,4047.6000,24082,-2,2296755480.000,4,1,3,多平,S,4046.4000,4046.2000,4046.0000,4045.0000,4044.0000,4047.8000,4048.0000,4048.6000,4049.0000,4050.0000,1,2,13,2,1,1,1,2,3,2
SF,IF2006,2020-02-19 10:03:17.900,4047.6000,24082,0,2296755480.000,0,-,-,-,-,4046.4000,4046.2000,4046.0000,4045.0000,4044.0000,4047.4000,4047.8000,4048.0000,4048.6000,4049.0000,1,2,13,2,1,1,1,1,2,3
SF,IF2006,2020-02-19 10:03:18.400,4047.6000,24082,0,2296755480.000,0,-,-,-,-,4046.4000,4046.2000,4046.0000,4045.0000,4044.0000,4047.2000,4048.0000,4048.6000,4049.0000,4049.2000,1,2,13,2,1,3,1,2,3,1
SF,IF2006,2020-02-19 10:03:18.900,4047.6000,24082,0,2296755480.000,0,-,-,-,-,4046.4000,4046.2000,4046.0000,4045.0000,4044.0000,4047.2000,4048.0000,4048.6000,4049.0000,4049.2000,1,2,13,2,1,1,1,2,3,1
SF,IF2006,2020-02-19 10:03:20.400,4046.4000,24083,1,2297969400.000,1,1,0,双开,S,4046.2000,4046.0000,4045.0000,4044.0000,4043.8000,4047.2000,4048.0000,4048.6000,4049.0000,4049.2000,2,13,2,1,1,1,1,2,3,1
SF,IF2006,2020-02-19 10:03:20.900,4046.2000,24080,-3,2302825620.000,4,0,4,多平,S,4046.4000,4046.2000,4046.0000,4045.0000,4044.0000,4048.0000,4048.6000,4049.0000,4049.2000,4049.4000,2,1,13,2,1,1,2,3,1,5
SF,IF2006,2020-02-19 10:03:21.400,4046.2000,24080,0,2302825620.000,0,-,-,-,-,4046.6000,4046.4000,4046.2000,4046.0000,4045.0000,4047.8000,4048.0000,4049.0000,4049.2000,4049.4000,2,2,1,13,2,1,1,3,1,5
SF,IF2006,2020-02-19 10:03:21.900,4046.2000,24080,0,2302825620.000,0,-,-,-,-,4046.8000,4046.6000,4046.4000,4046.2000,4046.0000,4047.8000,4048.0000,4049.0000,4049.2000,4049.4000,2,1,2,1,13,1,1,3,1,5
SF,IF2006,2020-02-19 10:03:22.400,4046.2000,24080,0,2302825620.000,0,-,-,-,-,4046.8000,4046.6000,4046.4000,4046.2000,4046.0000,4047.8000,4049.0000,4049.2000,4050.0000,4052.8000,2,1,2,1,13,1,3,1,2,1
SF,IF2006,2020-02-19 10:03:22.900,4046.2000,24080,0,2302825620.000,0,-,-,-,-,4046.8000,4046.6000,4046.4000,4046.2000,4046.0000,4049.0000,4049.2000,4050.0000,4052.0000,4052.8000,2,1,2,1,13,3,1,2,5,1
SF,IF2006,2020-02-19 10:03:23.400,4046.2000,24080,0,2302825620.000,0,-,-,-,-,4047.0000,4046.2000,4046.0000,4045.0000,4044.0000,4048.2000,4048.4000,4048.8000,4049.0000,4049.2000,2,1,13,2,1,1,1,6,3,1
SF,IF2006,2020-02-19 10:03:23.900,4046.2000,24080,0,2302825620.000,0,-,-,-,-,4047.2000,4047.0000,4046.2000,4046.0000,4045.0000,4048.2000,4048.4000,4048.8000,4049.0000,4049.2000,1,2,1,13,2,1,1,7,3,1
SF,IF2006,2020-02-19 10:03:24.400,4046.2000,24080,0,2302825620.000,0,-,-,-,-,4047.2000,4047.0000,4046.2000,4046.0000,4045.0000,4048.2000,4048.4000,4048.8000,4049.0000,4049.2000,1,1,1,13,2,1,1,7,3,1
SF,IF2006,2020-02-19 10:03:24.900,4046.2000,24080,0,2302825620.000,0,-,-,-,-,4047.0000,4046.2000,4046.0000,4045.0000,4044.0000,4048.2000,4048.4000,4048.8000,4049.0000,4049.2000,1,1,13,2,1,1,1,7,3,1
SF,IF2006,2020-02-19 10:03:25.400,4046.2000,24080,0,2302825620.000,0,-,-,-,-,4047.0000,4046.2000,4046.0000,4045.0000,4044.0000,4048.2000,4048.4000,4048.8000,4049.0000,4049.2000,1,1,13,2,1,1,1,7,3,1
SF,IF2006,2020-02-19 10:03:25.900,4046.2000,24080,0,2302825620.000,0,-,-,-,-,4046.2000,4046.0000,4045.0000,4044.0000,4043.8000,4048.0000,4048.2000,4048.4000,4048.8000,4049.0000,1,13,2,1,1,3,1,1,2,3
SF,IF2006,2020-02-19 10:03:26.400,4046.2000,24080,0,2302825620.000,0,-,-,-,-,4046.4000,4046.2000,4046.0000,4045.0000,4044.0000,4048.0000,4048.2000,4048.4000,4048.8000,4049.0000,4,1,13,2,1,3,1,1,2,3
SF,IF2006,2020-02-19 10:03:26.900,4046.2000,24080,0,2302825620.000,0,-,-,-,-,4046.6000,4046.4000,4046.2000,4046.0000,4045.0000,4048.0000,4048.2000,4048.4000,4048.8000,4049.0000,1,4,1,13,2,3,1,1,2,3
SF,IF2006,2020-02-19 10:03:27.400,4046.2000,24080,0,2302825620.000,0,-,-,-,-,4046.8000,4046.6000,4046.4000,4046.2000,4046.0000,4047.0000,4048.0000,4048.2000,4048.4000,4048.8000,2,1,2,1,13,1,1,2,1,1
SF,IF2006,2020-02-19 10:03:27.900,4048.0000,24078,-2,2305254120.000,2,0,2,双平,S,4046.8000,4046.6000,4046.4000,4046.2000,4046.0000,4048.2000,4048.8000,4049.0000,4049.2000,4050.0000,1,1,2,1,13,1,1,3,1,1
SF,IF2006,2020-02-19 10:03:28.400,4048.0000,24078,0,2305254120.000,0,-,-,-,-,4046.8000,4046.4000,4046.2000,4046.0000,4045.0000,4048.0000,4048.2000,4048.8000,4049.0000,4049.2000,1,2,1,13,2,2,1,1,3,1
SF,IF2006,2020-02-19 10:03:28.900,4048.0000,24078,0,2305254120.000,0,-,-,-,-,4046.4000,4046.2000,4046.0000,4045.0000,4044.0000,4048.0000,4048.2000,4048.8000,4049.0000,4049.2000,2,1,13,2,1,2,1,1,3,1
SF,IF2006,2020-02-19 10:03:29.400,4048.0000,24078,0,2305254120.000,0,-,-,-,-,4046.2000,4046.0000,4045.0000,4044.0000,4043.8000,4047.6000,4047.8000,4048.8000,4049.0000,4049.2000,1,13,2,1,1,3,4,1,3,1
SF,IF2006,2020-02-19 10:03:29.900,4048.0000,24078,0,2305254120.000,0,-,-,-,-,4046.4000,4046.2000,4046.0000,4045.0000,4044.0000,4047.6000,4047.8000,4048.8000,4049.0000,4049.2000,1,1,13,2,1,3,5,1,3,1
SF,IF2006,2020-02-19 10:03:30.400,4048.0000,24078,0,2305254120.000,0,-,-,-,-,4046.4000,4046.2000,4046.0000,4045.0000,4044.0000,4047.6000,4047.8000,4048.8000,4049.0000,4049.2000,1,1,13,2,1,4,5,1,3,1
SF,IF2006,2020-02-19 10:03:30.900,4046.4000,24077,-1,2306468040.000,1,0,1,双平,S,4046.2000,4046.0000,4045.0000,4044.0000,4043.8000,4047.2000,4047.6000,4047.8000,4048.8000,4049.0000,1,13,2,1,1,1,3,5,1,3
SF,IF2006,2020-02-19 10:03:31.400,4046.4000,24077,0,2307681960.000,1,0,1,多换,S,4046.2000,4046.0000,4045.0000,4044.0000,4043.8000,4047.0000,4047.2000,4047.6000,4047.8000,4048.8000,1,13,2,1,1,3,1,1,4,1
SF,IF2006,2020-02-19 10:03:31.900,4046.4000,24077,0,2307681960.000,0,-,-,-,-,4046.2000,4046.0000,4045.0000,4044.0000,4043.8000,4046.8000,4047.0000,4047.2000,4047.8000,4048.8000,1,13,2,1,1,1,3,1,4,1
SF,IF2006,2020-02-19 10:03:32.400,4046.4000,24077,0,2307681960.000,0,-,-,-,-,4046.2000,4046.0000,4045.0000,4044.0000,4043.8000,4047.0000,4047.2000,4047.8000,4048.8000,4049.0000,1,13,2,1,1,2,1,3,1,3
SF,IF2006,2020-02-19 10:03:32.900,4046.4000,24077,0,2307681960.000,0,-,-,-,-,4046.2000,4046.0000,4045.0000,4044.0000,4043.8000,4047.0000,4047.8000,4048.8000,4049.0000,4049.2000,1,13,2,1,1,1,3,1,3,1
SF,IF2006,2020-02-19 10:03:33.900,4046.4000,24077,0,2307681960.000,0,-,-,-,-,4046.2000,4046.0000,4045.0000,4044.0000,4043.8000,4047.0000,4047.8000,4048.8000,4049.0000,4049.2000,1,13,2,1,1,1,3,1,3,1
SF,IF2006,2020-02-19 10:03:34.900,4046.2000,24078,1,2308895820.000,1,1,0,双开,S,4046.0000,4045.0000,4044.0000,4043.8000,4043.0000,4046.2000,4047.0000,4047.8000,4048.8000,4049.0000,13,2,1,1,1,1,1,3,1,3
SF,IF2006,2020-02-19 10:03:35.400,4046.2000,24077,-1,2310109680.000,1,0,1,双平,S,4046.2000,4046.0000,4045.0000,4044.0000,4043.8000,4047.0000,4047.8000,4048.8000,4049.0000,4049.2000,1,13,3,1,1,1,3,1,3,1
SF,IF2006,2020-02-19 10:03:36.400,4046.2000,24077,0,2310109680.000,0,-,-,-,-,4046.4000,4046.2000,4046.0000,4045.0000,4044.0000,4047.0000,4047.8000,4048.8000,4049.0000,4049.2000,4,1,13,3,1,1,3,1,3,1
SF,IF2006,2020-02-19 10:03:36.900,4047.0000,24078,1,2311323780.000,1,1,0,双开,S,4047.0000,4046.4000,4046.0000,4045.0000,4044.0000,4047.8000,4048.8000,4049.0000,4049.2000,4049.6000,1,4,13,3,1,2,1,3,1,2
SF,IF2006,2020-02-19 10:03:37.400,4047.0000,24078,0,2311323780.000,0,-,-,-,-,4047.0000,4046.4000,4046.0000,4045.0000,4044.0000,4048.8000,4049.0000,4049.6000,4050.0000,4052.0000,1,3,13,3,1,1,3,2,1,5
SF,IF2006,2020-02-19 10:03:37.900,4047.0000,24078,0,2311323780.000,0,-,-,-,-,4046.4000,4046.0000,4045.0000,4044.0000,4043.8000,4048.2000,4048.4000,4048.6000,4048.8000,4049.0000,3,13,3,1,1,1,1,7,2,3
SF,IF2006,2020-02-19 10:03:38.400,4047.0000,24078,0,2311323780.000,0,-,-,-,-,4046.8000,4046.0000,4045.0000,4044.0000,4043.8000,4047.6000,4047.8000,4048.0000,4048.6000,4048.8000,1,13,3,1,1,1,2,5,2,2
SF,IF2006,2020-02-19 10:03:38.900,4046.8000,24078,0,2312537820.000,1,0,1,多换,S,4046.0000,4045.0000,4044.0000,4043.8000,4043.0000,4047.6000,4047.8000,4048.0000,4048.6000,4048.8000,13,3,1,1,1,1,2,5,2,2
SF,IF2006,2020-02-19 10:03:39.400,4046.8000,24078,0,2312537820.000,0,-,-,-,-,4046.2000,4046.0000,4045.0000,4044.0000,4043.8000,4047.4000,4047.6000,4047.8000,4048.0000,4048.6000,3,13,3,1,1,1,1,2,4,2
SF,IF2006,2020-02-19 10:03:39.900,4046.8000,24078,0,2312537820.000,0,-,-,-,-,4046.0000,4045.0000,4044.0000,4043.8000,4043.0000,4047.4000,4047.6000,4048.0000,4048.6000,4048.8000,13,3,1,1,11,1,1,3,2,2
SF,IF2006,2020-02-19 10:03:40.400,4046.8000,24078,0,2312537820.000,0,-,-,-,-,4046.0000,4045.0000,4044.0000,4043.8000,4043.0000,4047.2000,4047.4000,4047.6000,4048.0000,4048.6000,13,3,1,1,11,4,1,1,1,2
SF,IF2006,2020-02-19 10:03:40.900,4046.8000,24078,0,2312537820.000,0,-,-,-,-,4046.0000,4045.0000,4044.0000,4043.8000,4043.0000,4047.0000,4047.2000,4047.6000,4048.6000,4048.8000,13,3,1,1,11,1,4,1,2,2
SF,IF2006,2020-02-19 10:03:41.400,4046.8000,24078,0,2312537820.000,0,-,-,-,-,4046.0000,4045.0000,4044.0000,4043.8000,4043.0000,4047.0000,4047.2000,4048.2000,4048.6000,4048.8000,13,3,1,1,11,1,4,1,2,2
SF,IF2006,2020-02-19 10:03:44.400,4046.8000,24078,0,2312537820.000,0,-,-,-,-,4046.8000,4046.0000,4045.0000,4044.0000,4043.8000,4047.0000,4047.2000,4048.2000,4048.6000,4048.8000,1,13,3,1,1,1,4,1,2,2
SF,IF2006,2020-02-19 10:03:44.900,4046.8000,24077,-1,2313751860.000,1,0,1,双平,S,4046.0000,4045.0000,4044.0000,4043.8000,4043.0000,4046.8000,4047.2000,4048.2000,4048.6000,4048.8000,13,3,1,1,11,1,2,1,2,2
SF,IF2006,2020-02-19 10:03:45.400,4046.8000,24077,0,2313751860.000,0,-,-,-,-,4046.0000,4045.0000,4044.0000,4043.8000,4043.0000,4047.2000,4048.2000,4048.6000,4048.8000,4049.0000,13,3,1,1,11,2,1,2,2,3
SF,IF2006,2020-02-19 10:03:46.400,4046.8000,24077,0,2313751860.000,0,-,-,-,-,4046.0000,4045.0000,4044.0000,4043.8000,4043.0000,4046.2000,4047.2000,4048.2000,4048.6000,4048.8000,13,3,1,1,11,1,1,1,2,2
SF,IF2006,2020-02-19 10:03:46.900,4046.2000,24077,0,2314965720.000,1,0,1,多换,S,4046.2000,4046.0000,4045.0000,4044.0000,4043.8000,4047.2000,4048.2000,4048.6000,4048.8000,4049.0000,1,13,3,1,1,1,1,2,2,3
SF,IF2006,2020-02-19 10:03:47.400,4046.2000,24077,0,2314965720.000,0,-,-,-,-,4046.4000,4046.2000,4046.0000,4045.0000,4044.0000,4048.2000,4048.6000,4048.8000,4049.0000,4049.4000,1,1,13,3,1,1,2,2,3,2
SF,IF2006,2020-02-19 10:03:47.900,4046.2000,24077,0,2314965720.000,0,-,-,-,-,4046.6000,4046.2000,4046.0000,4045.0000,4044.0000,4047.8000,4048.0000,4048.2000,4048.6000,4048.8000,1,1,13,3,1,1,7,1,2,2
SF,IF2006,2020-02-19 10:03:48.400,4046.6000,24076,-1,2316179700.000,1,0,1,双平,S,4046.2000,4046.0000,4045.0000,4044.0000,4043.8000,4046.6000,4047.6000,4047.8000,4048.0000,4048.2000,1,13,3,1,1,1,2,1,5,1
SF,IF2006,2020-02-19 10:03:48.900,4046.6000,24075,-1,2317393680.000,1,0,1,双平,S,4046.6000,4046.0000,4045.0000,4044.0000,4043.8000,4047.6000,4047.8000,4048.0000,4048.2000,4048.6000,1,13,3,1,1,2,1,3,1,2
SF,IF2006,2020-02-19 10:03:49.400,4046.6000,24075,0,2317393680.000,0,-,-,-,-,4046.6000,4046.0000,4045.0000,4044.0000,4043.8000,4047.4000,4047.6000,4047.8000,4048.0000,4048.2000,1,13,3,1,1,1,2,1,2,1
SF,IF2006,2020-02-19 10:03:49.900,4046.6000,24075,0,2317393680.000,0,-,-,-,-,4046.0000,4045.0000,4044.0000,4043.8000,4043.0000,4046.6000,4047.4000,4047.6000,4047.8000,4048.0000,13,3,1,1,11,2,1,2,1,2
SF,IF2006,2020-02-19 10:03:50.400,4046.6000,24075,0,2318607660.000,1,0,1,多换,S,4046.0000,4045.0000,4044.0000,4043.8000,4043.0000,4046.6000,4047.4000,4047.6000,4047.8000,4048.2000,13,3,1,1,11,1,1,2,1,1
SF,IF2006,2020-02-19 10:03:50.900,4046.6000,24075,0,2318607660.000,0,-,-,-,-,4046.0000,4045.0000,4044.0000,4043.8000,4043.0000,4046.6000,4047.4000,4047.6000,4047.8000,4048.2000,13,3,1,1,11,1,1,2,1,1
SF,IF2006,2020-02-19 10:03:51.400,4046.6000,24075,0,2318607660.000,0,-,-,-,-,4046.0000,4045.0000,4044.0000,4043.8000,4043.0000,4046.6000,4047.4000,4047.6000,4048.2000,4048.8000,13,3,1,1,11,1,1,2,1,1
SF,IF2006,2020-02-19 10:03:51.900,4046.6000,24075,0,2318607660.000,0,-,-,-,-,4046.0000,4045.0000,4044.0000,4043.8000,4043.0000,4046.6000,4047.4000,4047.6000,4048.2000,4048.8000,13,3,1,1,11,1,1,2,1,1
SF,IF2006,2020-02-19 10:03:52.400,4046.6000,24074,-1,2319821640.000,1,0,1,双平,S,4046.0000,4045.0000,4044.0000,4043.8000,4043.0000,4047.4000,4047.6000,4048.8000,4049.0000,4049.4000,13,3,1,1,11,1,2,1,3,2
SF,IF2006,2020-02-19 10:03:52.900,4046.6000,24074,0,2319821640.000,0,-,-,-,-,4046.0000,4045.0000,4044.0000,4043.8000,4043.0000,4047.2000,4047.4000,4047.6000,4048.8000,4049.0000,13,3,1,1,11,2,1,2,1,3
SF,IF2006,2020-02-19 10:03:53.400,4046.6000,24074,0,2319821640.000,0,-,-,-,-,4046.0000,4045.0000,4044.0000,4043.8000,4043.0000,4047.2000,4047.4000,4047.6000,4048.8000,4049.0000,13,3,1,1,11,2,1,2,1,3
SF,IF2006,2020-02-19 10:03:53.900,4047.2000,24075,1,2322249960.000,2,1,1,空开,S,4046.0000,4045.0000,4044.0000,4043.8000,4043.0000,4046.8000,4047.4000,4047.6000,4048.8000,4049.0000,13,3,1,1,11,1,1,2,1,3
SF,IF2006,2020-02-19 10:03:54.400,4047.2000,24075,0,2322249960.000,0,-,-,-,-,4046.2000,4046.0000,4045.0000,4044.0000,4043.8000,4046.8000,4047.4000,4047.6000,4048.0000,4048.8000,1,13,3,1,1,1,1,2,1,1
SF,IF2006,2020-02-19 10:03:54.900,4047.2000,24075,0,2322249960.000,0,-,-,-,-,4046.2000,4046.0000,4045.0000,4044.0000,4043.8000,4047.4000,4047.6000,4048.0000,4048.8000,4049.0000,2,13,3,1,1,1,2,1,1,3
SF,IF2006,2020-02-19 10:03:55.900,4047.2000,24075,0,2322249960.000,0,-,-,-,-,4046.2000,4046.0000,4045.0000,4044.0000,4043.8000,4047.2000,4047.4000,4047.6000,4048.0000,4048.8000,2,13,3,1,1,1,1,2,1,1
SF,IF2006,2020-02-19 10:03:56.400,4047.2000,24075,0,2322249960.000,0,-,-,-,-,4046.2000,4046.0000,4045.0000,4044.0000,4043.8000,4047.0000,4047.2000,4047.6000,4048.0000,4048.8000,2,13,3,1,1,1,1,2,1,1
SF,IF2006,2020-02-19 10:03:56.900,4047.2000,24075,0,2322249960.000,0,-,-,-,-,4046.2000,4046.0000,4045.0000,4044.0000,4043.8000,4047.0000,4047.2000,4047.6000,4048.0000,4048.8000,1,13,2,1,1,1,1,2,1,1
SF,IF2006,2020-02-19 10:03:57.400,4047.2000,24075,0,2322249960.000,0,-,-,-,-,4046.2000,4046.0000,4045.0000,4044.0000,4043.8000,4047.0000,4047.2000,4047.6000,4048.0000,4048.8000,2,13,2,1,1,1,1,2,1,1
SF,IF2006,2020-02-19 10:03:57.900,4047.2000,24075,0,2322249960.000,0,-,-,-,-,4046.2000,4046.0000,4045.0000,4044.0000,4043.8000,4047.0000,4047.2000,4047.6000,4048.0000,4048.8000,2,13,2,1,1,1,1,2,1,1
SF,IF2006,2020-02-19 10:03:58.400,4047.2000,24075,0,2322249960.000,0,-,-,-,-,4046.4000,4046.2000,4046.0000,4045.0000,4044.0000,4047.0000,4047.2000,4047.6000,4048.0000,4048.8000,1,2,13,2,1,1,1,2,1,1
SF,IF2006,2020-02-19 10:03:58.900,4047.2000,24075,0,2322249960.000,0,-,-,-,-,4046.6000,4046.4000,4046.2000,4046.0000,4045.0000,4047.0000,4047.6000,4048.0000,4048.8000,4049.0000,1,1,1,13,2,1,2,1,1,3
SF,IF2006,2020-02-19 10:03:59.400,4047.0000,24075,0,2323464060.000,1,0,1,多换,S,4046.6000,4046.4000,4046.2000,4046.0000,4045.0000,4047.6000,4048.0000,4048.8000,4049.0000,4049.4000,1,1,1,13,2,2,1,1,3,2
SF,IF2006,2020-02-19 10:03:59.900,4047.0000,24075,0,2323464060.000,0,-,-,-,-,4047.0000,4046.6000,4046.4000,4046.2000,4046.0000,4048.0000,4048.8000,4049.0000,4049.4000,4050.0000,1,1,1,1,13,1,1,3,2,1
SF,IF2006,2020-02-19 10:04:00.400,4047.0000,24075,0,2323464060.000,0,-,-,-,-,4047.0000,4046.6000,4046.2000,4046.0000,4045.0000,4048.0000,4048.8000,4049.0000,4049.4000,4050.0000,1,1,1,13,2,1,1,3,2,1
SF,IF2006,2020-02-19 10:04:00.900,4047.0000,24075,0,2323464060.000,0,-,-,-,-,4047.0000,4046.2000,4046.0000,4045.0000,4044.0000,4048.0000,4048.8000,4049.0000,4049.4000,4050.0000,1,1,13,2,1,1,1,3,2,1
SF,IF2006,2020-02-19 10:04:01.400,4047.0000,24075,0,2323464060.000,0,-,-,-,-,4047.0000,4046.2000,4046.0000,4045.0000,4044.0000,4048.0000,4048.8000,4049.0000,4050.0000,4052.8000,1,1,13,2,1,1,1,3,1,1
SF,IF2006,2020-02-19 10:04:01.900,4047.0000,24075,0,2323464060.000,0,-,-,-,-,4047.4000,4047.2000,4047.0000,4046.2000,4046.0000,4048.0000,4048.8000,4049.0000,4050.0000,4052.8000,1,1,1,1,13,1,1,3,1,1
SF,IF2006,2020-02-19 10:04:02.400,4047.0000,24075,0,2323464060.000,0,-,-,-,-,4047.2000,4047.0000,4046.2000,4046.0000,4045.0000,4048.0000,4048.8000,4049.0000,4050.0000,4052.8000,1,1,1,13,2,1,1,3,1,1
SF,IF2006,2020-02-19 10:04:04.400,4048.0000,24075,0,2324678460.000,1,0,1,多换,S,4047.4000,4047.2000,4047.0000,4046.2000,4046.0000,4049.0000,4050.0000,4052.8000,4053.0000,4053.6000,2,1,1,1,13,3,1,1,1,1
SF,IF2006,2020-02-19 10:04:04.900,4048.0000,24075,0,2324678460.000,0,-,-,-,-,4047.6000,4047.4000,4047.2000,4047.0000,4046.2000,4048.8000,4049.0000,4050.0000,4052.8000,4053.0000,2,2,1,1,1,1,3,1,1,1
SF,IF2006,2020-02-19 10:04:05.400,4048.0000,24075,0,2324678460.000,0,-,-,-,-,4047.8000,4047.6000,4047.4000,4047.2000,4047.0000,4048.8000,4049.0000,4050.0000,4052.8000,4053.0000,3,1,1,1,1,1,3,1,1,1
SF,IF2006,2020-02-19 10:04:05.900,4048.0000,24075,0,2324678460.000,0,-,-,-,-,4047.8000,4047.6000,4047.2000,4047.0000,4046.2000,4048.8000,4049.0000,4050.0000,4052.8000,4053.0000,3,1,1,1,1,1,3,1,1,1
SF,IF2006,2020-02-19 10:04:06.400,4048.0000,24075,0,2324678460.000,0,-,-,-,-,4048.2000,4048.0000,4047.0000,4046.0000,4045.0000,4049.0000,4050.0000,4052.8000,4053.0000,4053.6000,7,6,1,13,2,3,1,1,1,1
SF,IF2006,2020-02-19 10:04:06.900,4049.0000,24073,-2,2327107860.000,2,0,2,双平,S,4048.2000,4048.0000,4047.0000,4046.0000,4045.0000,4049.0000,4050.0000,4052.8000,4053.0000,4053.6000,1,3,1,13,2,1,1,1,1,1
SF,IF2006,2020-02-19 10:04:07.400,4049.0000,24073,0,2327107860.000,0,-,-,-,-,4048.8000,4048.0000,4047.0000,4046.0000,4045.0000,4049.0000,4050.0000,4052.8000,4053.0000,4053.6000,1,1,1,13,2,1,1,1,1,1
SF,IF2006,2020-02-19 10:04:07.900,4048.8000,24072,-1,2328322500.000,1,0,1,双平,S,4048.0000,4047.0000,4046.0000,4045.0000,4044.0000,4048.8000,4049.0000,4050.0000,4052.8000,4053.0000,1,1,13,2,1,4,1,1,1,1
SF,IF2006,2020-02-19 10:04:08.400,4048.8000,24072,0,2328322500.000,0,-,-,-,-,4048.0000,4047.0000,4046.0000,4045.0000,4044.0000,4048.8000,4049.0000,4050.0000,4052.8000,4053.0000,1,1,13,2,1,3,1,1,1,1
SF,IF2006,2020-02-19 10:04:09.400,4048.0000,24071,-1,2329536900.000,1,0,1,双平,S,4047.0000,4046.0000,4045.0000,4044.0000,4043.8000,4048.0000,4048.6000,4048.8000,4049.0000,4050.0000,1,13,2,1,1,1,1,2,1,1
SF,IF2006,2020-02-19 10:04:09.900,4047.2000,24070,-1,2330751060.000,1,0,1,双平,S,4047.2000,4047.0000,4046.0000,4045.0000,4044.0000,4048.0000,4048.6000,4048.8000,4049.0000,4050.0000,7,1,13,2,1,1,1,2,1,1
SF,IF2006,2020-02-19 10:04:10.400,4047.2000,24070,0,2330751060.000,0,-,-,-,-,4047.2000,4047.0000,4046.0000,4045.0000,4044.0000,4048.0000,4048.6000,4048.8000,4049.0000,4050.0000,1,1,13,2,1,1,1,2,1,1
SF,IF2006,2020-02-19 10:04:11.400,4047.2000,24070,0,2330751060.000,0,-,-,-,-,4047.2000,4047.0000,4046.0000,4045.0000,4044.0000,4048.6000,4048.8000,4049.0000,4050.0000,4052.8000,1,1,13,2,1,1,2,1,1,1
SF,IF2006,2020-02-19 10:04:11.900,4047.2000,24070,0,2330751060.000,0,-,-,-,-,4047.2000,4047.0000,4046.0000,4045.0000,4044.0000,4048.4000,4048.6000,4048.8000,4049.0000,4050.0000,1,1,13,2,1,1,1,2,1,1
SF,IF2006,2020-02-19 10:04:12.900,4047.2000,24070,0,2330751060.000,0,-,-,-,-,4048.0000,4047.6000,4047.4000,4047.0000,4046.0000,4048.4000,4048.8000,4049.0000,4050.0000,4052.8000,1,1,3,1,13,1,2,1,1,1
SF,IF2006,2020-02-19 10:04:13.400,4048.4000,24069,-1,2331965580.000,1,0,1,双平,S,4048.0000,4047.4000,4047.0000,4046.0000,4045.0000,4049.0000,4050.0000,4052.8000,4053.0000,4053.6000,1,1,1,13,2,1,1,1,1,1
SF,IF2006,2020-02-19 10:04:14.400,4048.4000,24069,0,2331965580.000,0,-,-,-,-,4048.2000,4048.0000,4047.0000,4046.0000,4045.0000,4049.0000,4050.0000,4052.8000,4053.0000,4053.6000,1,1,1,13,2,1,1,1,1,1
SF,IF2006,2020-02-19 10:04:14.900,4049.0000,24068,-1,2333180280.000,1,0,1,双平,S,4048.4000,4048.2000,4048.0000,4047.0000,4046.0000,4050.0000,4052.8000,4053.0000,4053.6000,4054.0000,1,1,2,1,13,1,1,1,1,1
SF,IF2006,2020-02-19 10:04:15.400,4049.0000,24068,0,2333180280.000,0,-,-,-,-,4048.6000,4048.4000,4048.2000,4048.0000,4047.0000,4049.8000,4050.0000,4052.8000,4053.0000,4053.6000,1,1,1,2,1,5,2,1,1,1
SF,IF2006,2020-02-19 10:04:15.900,4048.6000,24068,0,2334394860.000,1,0,1,多换,S,4048.4000,4048.2000,4048.0000,4047.0000,4046.0000,4049.6000,4049.8000,4050.0000,4052.8000,4053.0000,1,1,2,1,13,1,4,2,1,1
SF,IF2006,2020-02-19 10:04:16.900,4048.6000,24068,0,2334394860.000,0,-,-,-,-,4048.6000,4048.4000,4048.2000,4048.0000,4047.0000,4049.6000,4049.8000,4050.0000,4052.8000,4053.0000,1,1,1,2,1,1,4,2,1,1
SF,IF2006,2020-02-19 10:04:17.400,4048.6000,24068,0,2334394860.000,0,-,-,-,-,4048.6000,4048.4000,4048.0000,4047.0000,4046.0000,4049.8000,4050.0000,4052.8000,4053.0000,4053.6000,1,1,2,1,13,4,2,1,1,1
SF,IF2006,2020-02-19 10:04:17.900,4048.6000,24068,0,2334394860.000,0,-,-,-,-,4048.4000,4048.0000,4047.0000,4046.0000,4045.0000,4049.8000,4050.0000,4052.8000,4053.0000,4053.6000,1,2,1,13,3,4,2,1,1,1
SF,IF2006,2020-02-19 10:04:18.400,4048.6000,24068,0,2334394860.000,0,-,-,-,-,4048.8000,4048.6000,4048.4000,4048.0000,4047.0000,4049.8000,4050.0000,4052.8000,4053.0000,4053.6000,1,1,1,2,1,4,2,1,1,1
SF,IF2006,2020-02-19 10:04:18.900,4048.6000,24068,0,2334394860.000,0,-,-,-,-,4048.6000,4048.4000,4048.0000,4047.0000,4046.0000,4049.8000,4050.0000,4052.8000,4053.0000,4053.6000,1,1,2,1,13,4,1,1,1,1
SF,IF2006,2020-02-19 10:04:19.900,4049.8000,24068,0,2335609800.000,1,0,1,多换,S,4048.6000,4048.4000,4048.0000,4047.0000,4046.0000,4049.8000,4050.0000,4052.8000,4053.0000,4053.6000,1,1,2,1,13,3,1,1,1,1
SF,IF2006,2020-02-19 10:04:20.400,4049.8000,24068,0,2335609800.000,0,-,-,-,-,4048.6000,4048.4000,4048.0000,4047.0000,4046.0000,4049.8000,4050.0000,4052.8000,4053.0000,4053.6000,1,1,1,1,13,3,1,1,1,1
SF,IF2006,2020-02-19 10:04:20.900,4049.8000,24068,0,2335609800.000,0,-,-,-,-,4049.0000,4048.6000,4048.4000,4048.0000,4047.0000,4049.8000,4050.0000,4052.8000,4053.0000,4053.6000,1,1,1,1,1,3,2,1,1,1
SF,IF2006,2020-02-19 10:04:21.400,4049.0000,24067,-1,2336824500.000,1,0,1,双平,S,4048.6000,4048.4000,4048.0000,4047.0000,4046.0000,4049.0000,4049.8000,4050.0000,4052.8000,4053.0000,1,1,1,1,13,1,3,2,1,1
SF,IF2006,2020-02-19 10:04:21.900,4049.0000,24067,0,2336824500.000,0,-,-,-,-,4048.4000,4048.0000,4047.0000,4046.0000,4045.0000,4049.0000,4049.8000,4050.0000,4052.8000,4053.0000,1,1,1,13,3,1,3,1,1,1
SF,IF2006,2020-02-19 10:04:22.400,4049.0000,24067,0,2336824500.000,0,-,-,-,-,4048.0000,4047.0000,4046.0000,4045.0000,4044.0000,4049.0000,4049.8000,4050.0000,4052.8000,4053.0000,1,1,13,3,1,1,3,1,1,1
SF,IF2006,2020-02-19 10:04:23.400,4049.0000,24067,0,2338039200.000,1,0,1,多换,S,4048.0000,4047.0000,4046.0000,4045.0000,4044.0000,4049.8000,4050.0000,4052.8000,4053.0000,4053.6000,1,1,13,3,1,3,1,1,1,1
SF,IF2006,2020-02-19 10:04:23.900,4049.0000,24067,0,2338039200.000,0,-,-,-,-,4048.0000,4047.0000,4046.0000,4045.0000,4044.0000,4049.4000,4049.6000,4049.8000,4050.0000,4052.8000,1,1,13,3,1,1,5,4,1,1
SF,IF2006,2020-02-19 10:04:24.400,4049.0000,24067,0,2338039200.000,0,-,-,-,-,4048.0000,4047.0000,4046.0000,4045.0000,4044.0000,4049.0000,4049.2000,4049.6000,4049.8000,4050.0000,1,1,13,3,1,1,5,1,2,1
SF,IF2006,2020-02-19 10:04:24.900,4049.0000,24067,0,2338039200.000,0,-,-,-,-,4048.0000,4047.0000,4046.0000,4045.0000,4044.0000,4048.8000,4049.2000,4049.6000,4049.8000,4050.0000,1,1,13,3,1,3,4,1,2,1
SF,IF2006,2020-02-19 10:04:25.400,4048.0000,24067,0,2339253600.000,1,0,1,多换,S,4047.0000,4046.0000,4045.0000,4044.0000,4043.8000,4049.2000,4049.6000,4049.8000,4050.0000,4052.8000,1,13,3,1,1,4,1,2,1,1
SF,IF2006,2020-02-19 10:04:25.900,4048.0000,24067,0,2339253600.000,0,-,-,-,-,4047.6000,4047.2000,4047.0000,4046.0000,4045.0000,4049.0000,4049.2000,4049.6000,4049.8000,4050.0000,2,3,1,13,3,2,3,1,2,1
SF,IF2006,2020-02-19 10:04:26.400,4048.0000,24067,0,2339253600.000,0,-,-,-,-,4047.6000,4047.2000,4047.0000,4046.0000,4045.0000,4049.0000,4049.2000,4049.6000,4049.8000,4050.0000,2,1,1,13,3,2,3,1,2,1
SF,IF2006,2020-02-19 10:04:26.900,4048.8000,24068,1,2340468240.000,1,1,0,双开,S,4047.6000,4047.2000,4047.0000,4046.0000,4045.0000,4049.0000,4049.2000,4049.6000,4049.8000,4050.0000,2,1,1,13,2,2,3,1,2,1
SF,IF2006,2020-02-19 10:04:27.400,4048.8000,24068,0,2340468240.000,0,-,-,-,-,4048.0000,4047.6000,4047.2000,4047.0000,4046.0000,4049.0000,4049.2000,4049.6000,4049.8000,4050.0000,1,2,1,1,13,2,3,1,2,1
SF,IF2006,2020-02-19 10:04:28.400,4048.8000,24068,0,2340468240.000,0,-,-,-,-,4048.0000,4047.6000,4047.2000,4047.0000,4046.0000,4048.8000,4049.0000,4049.2000,4049.6000,4049.8000,1,1,1,1,13,1,1,3,1,2
SF,IF2006,2020-02-19 10:04:28.900,4048.8000,24068,0,2340468240.000,0,-,-,-,-,4048.2000,4048.0000,4047.6000,4047.2000,4047.0000,4048.8000,4049.0000,4049.2000,4049.6000,4049.8000,1,1,1,1,1,1,1,1,1,2
SF,IF2006,2020-02-19 10:04:29.400,4048.8000,24068,0,2340468240.000,0,-,-,-,-,4048.2000,4048.0000,4047.2000,4047.0000,4046.0000,4048.8000,4049.2000,4049.6000,4049.8000,4050.0000,1,1,1,1,13,1,1,1,2,1
SF,IF2006,2020-02-19 10:04:30.900,4048.8000,24068,0,2340468240.000,0,-,-,-,-,4048.2000,4048.0000,4047.2000,4047.0000,4046.0000,4048.8000,4049.2000,4049.6000,4049.8000,4050.0000,1,1,1,1,13,1,1,1,2,1
SF,IF2006,2020-02-19 10:04:31.400,4048.8000,24068,0,2340468240.000,0,-,-,-,-,4048.2000,4048.0000,4047.2000,4047.0000,4046.0000,4048.8000,4049.8000,4050.0000,4052.8000,4053.0000,1,1,1,1,13,1,2,1,1,1
SF,IF2006,2020-02-19 10:04:33.900,4048.8000,24068,0,2340468240.000,0,-,-,-,-,4048.0000,4047.2000,4047.0000,4046.0000,4045.0000,4048.8000,4049.8000,4050.0000,4052.8000,4053.0000,1,1,1,13,1,1,2,1,1,1
SF,IF2006,2020-02-19 10:04:34.400,4048.8000,24068,0,2340468240.000,0,-,-,-,-,4048.0000,4047.2000,4047.0000,4046.0000,4045.0000,4048.8000,4049.8000,4050.0000,4052.8000,4053.0000,1,1,2,13,1,1,2,1,1,1
SF,IF2006,2020-02-19 10:04:37.900,4048.8000,24068,0,2340468240.000,0,-,-,-,-,4048.0000,4047.2000,4047.0000,4046.0000,4045.0000,4048.6000,4048.8000,4049.8000,4050.0000,4052.8000,1,1,2,13,1,1,1,2,1,1
SF,IF2006,2020-02-19 10:04:38.400,4048.8000,24068,0,2342897520.000,2,1,1,多换,S,4048.8000,4048.0000,4047.2000,4047.0000,4046.0000,4049.8000,4050.0000,4052.8000,4053.0000,4053.6000,3,1,1,2,13,2,1,1,1,2
SF,IF2006,2020-02-19 10:04:38.900,4048.8000,24067,-1,2347756080.000,4,1,3,多平,S,4048.0000,4047.2000,4047.0000,4046.0000,4045.0000,4048.8000,4049.4000,4049.6000,4049.8000,4050.0000,1,1,2,13,1,2,2,4,2,2
SF,IF2006,2020-02-19 10:04:39.400,4048.8000,24067,0,2347756080.000,0,-,-,-,-,4048.0000,4047.2000,4047.0000,4046.0000,4045.0000,4048.8000,4049.4000,4049.6000,4049.8000,4050.0000,1,1,2,13,1,2,2,3,2,2
SF,IF2006,2020-02-19 10:04:39.900,4048.8000,24067,0,2347756080.000,0,-,-,-,-,4048.0000,4047.2000,4047.0000,4046.0000,4045.0000,4048.8000,4049.4000,4049.6000,4049.8000,4050.0000,1,1,2,13,1,2,2,3,2,2
SF,IF2006,2020-02-19 10:04:40.400,4048.0000,24066,-1,2348970480.000,1,0,1,双平,S,4047.2000,4047.0000,4046.0000,4045.0000,4044.0000,4048.8000,4049.6000,4049.8000,4050.0000,4052.8000,1,2,13,1,1,2,3,2,2,1
SF,IF2006,2020-02-19 10:04:40.900,4048.0000,24066,0,2348970480.000,0,-,-,-,-,4047.4000,4047.2000,4047.0000,4046.0000,4045.0000,4048.8000,4049.6000,4049.8000,4050.0000,4052.8000,2,1,2,13,1,2,3,2,2,1
SF,IF2006,2020-02-19 10:04:41.400,4048.8000,24066,0,2350185120.000,1,0,1,多换,S,4047.4000,4047.2000,4047.0000,4046.0000,4045.0000,4048.8000,4049.6000,4049.8000,4050.0000,4052.8000,2,1,2,13,1,1,3,2,2,1
SF,IF2006,2020-02-19 10:04:41.900,4048.8000,24066,0,2350185120.000,0,-,-,-,-,4047.4000,4047.2000,4047.0000,4046.0000,4045.0000,4048.4000,4048.8000,4049.6000,4049.8000,4050.0000,2,1,2,13,1,1,2,3,2,2
SF,IF2006,2020-02-19 10:04:42.400,4048.8000,24066,0,2350185120.000,0,-,-,-,-,4047.4000,4047.2000,4047.0000,4046.0000,4045.0000,4048.4000,4048.8000,4049.6000,4049.8000,4050.0000,2,1,2,13,1,1,2,3,2,3
SF,IF2006,2020-02-19 10:04:42.900,4048.8000,24066,0,2350185120.000,0,-,-,-,-,4047.4000,4047.2000,4047.0000,4046.0000,4045.0000,4048.4000,4048.8000,4049.6000,4049.8000,4050.0000,2,1,2,13,1,1,1,3,2,3
SF,IF2006,2020-02-19 10:04:43.400,4048.8000,24066,0,2350185120.000,0,-,-,-,-,4047.4000,4047.2000,4047.0000,4046.0000,4045.0000,4048.4000,4048.8000,4049.6000,4049.8000,4050.0000,1,1,2,13,1,1,1,3,2,3
SF,IF2006,2020-02-19 10:04:44.400,4048.8000,24066,0,2350185120.000,0,-,-,-,-,4047.2000,4047.0000,4046.0000,4045.0000,4044.0000,4048.2000,4048.8000,4049.6000,4049.8000,4050.0000,1,2,13,1,1,1,1,3,2,3
SF,IF2006,2020-02-19 10:04:44.900,4048.8000,24066,0,2350185120.000,0,-,-,-,-,4047.0000,4046.0000,4045.0000,4044.0000,4043.8000,4048.0000,4048.8000,4049.6000,4049.8000,4050.0000,2,13,1,1,1,2,1,2,2,3
SF,IF2006,2020-02-19 10:04:45.900,4048.8000,24066,0,2350185120.000,0,-,-,-,-,4047.0000,4046.0000,4045.0000,4044.0000,4043.8000,4047.8000,4048.0000,4048.8000,4049.6000,4049.8000,2,13,1,1,1,1,1,1,2,2
SF,IF2006,2020-02-19 10:04:46.400,4048.8000,24066,0,2350185120.000,0,-,-,-,-,4047.0000,4046.0000,4045.0000,4044.0000,4043.8000,4048.0000,4048.8000,4049.6000,4049.8000,4050.0000,2,13,1,1,1,2,1,2,2,3
SF,IF2006,2020-02-19 10:04:46.900,4048.8000,24066,0,2350185120.000,0,-,-,-,-,4047.0000,4046.0000,4045.0000,4044.0000,4043.8000,4047.8000,4048.0000,4048.8000,4049.6000,4049.8000,2,13,1,1,1,1,2,1,2,2
SF,IF2006,2020-02-19 10:04:47.900,4047.0000,24065,-1,2351399220.000,1,0,1,双平,S,4047.0000,4046.0000,4045.0000,4044.0000,4043.8000,4047.4000,4047.8000,4048.0000,4049.6000,4049.8000,1,13,1,1,1,1,1,2,2,2
SF,IF2006,2020-02-19 10:04:48.400,4047.4000,24064,-1,2352613440.000,1,0,1,双平,S,4047.0000,4046.0000,4045.0000,4044.0000,4043.8000,4048.0000,4049.6000,4049.8000,4050.0000,4052.8000,1,13,1,1,1,2,2,2,3,1
SF,IF2006,2020-02-19 10:04:48.900,4047.0000,24065,1,2353827540.000,1,1,0,双开,S,4046.0000,4045.0000,4044.0000,4043.8000,4043.0000,4048.0000,4049.6000,4049.8000,4050.0000,4052.8000,13,1,1,1,11,2,2,2,3,1
SF,IF2006,2020-02-19 10:04:49.400,4047.0000,24065,0,2353827540.000,0,-,-,-,-,4046.8000,4046.6000,4046.4000,4046.2000,4046.0000,4048.0000,4049.6000,4049.8000,4050.0000,4052.8000,1,1,1,8,13,3,2,2,3,1
SF,IF2006,2020-02-19 10:04:49.900,4047.0000,24065,0,2353827540.000,0,-,-,-,-,4046.8000,4046.6000,4046.4000,4046.2000,4046.0000,4048.0000,4049.6000,4049.8000,4050.0000,4052.8000,1,1,1,1,13,3,2,2,3,1
SF,IF2006,2020-02-19 10:04:50.400,4047.0000,24065,0,2353827540.000,0,-,-,-,-,4046.8000,4046.6000,4046.4000,4046.2000,4046.0000,4048.0000,4049.6000,4049.8000,4050.0000,4052.8000,1,1,1,1,13,3,2,2,3,1
SF,IF2006,2020-02-19 10:04:50.900,4048.0000,24065,0,2355041940.000,1,0,1,多换,S,4046.8000,4046.6000,4046.4000,4046.2000,4046.0000,4048.0000,4049.6000,4049.8000,4050.0000,4052.8000,1,1,1,1,13,2,2,2,3,1
SF,IF2006,2020-02-19 10:04:51.400,4048.0000,24065,0,2355041940.000,0,-,-,-,-,4046.8000,4046.6000,4046.4000,4046.2000,4046.0000,4047.8000,4048.0000,4049.6000,4049.8000,4050.0000,1,1,1,1,13,1,2,2,2,3
SF,IF2006,2020-02-19 10:04:54.400,4048.0000,24065,0,2355041940.000,0,-,-,-,-,4046.8000,4046.6000,4046.4000,4046.2000,4046.0000,4047.6000,4048.0000,4049.6000,4049.8000,4050.0000,1,1,1,1,13,1,2,2,2,3
SF,IF2006,2020-02-19 10:04:54.900,4048.0000,24065,0,2355041940.000,0,-,-,-,-,4046.2000,4046.0000,4045.0000,4044.0000,4043.8000,4048.0000,4049.6000,4049.8000,4050.0000,4052.8000,1,13,1,1,1,2,2,2,3,1
SF,IF2006,2020-02-19 10:04:55.400,4048.0000,24065,0,2355041940.000,0,-,-,-,-,4046.2000,4046.0000,4045.0000,4044.0000,4043.8000,4047.8000,4048.0000,4049.8000,4050.0000,4052.8000,1,13,1,1,1,6,2,2,3,1
SF,IF2006,2020-02-19 10:04:55.900,4048.0000,24065,0,2355041940.000,0,-,-,-,-,4046.8000,4046.2000,4046.0000,4045.0000,4044.0000,4047.6000,4047.8000,4048.0000,4049.8000,4050.0000,1,1,13,1,1,1,6,2,2,3
SF,IF2006,2020-02-19 10:04:56.400,4046.0000,24065,0,2357469780.000,2,1,1,多换,S,4046.0000,4045.0000,4044.0000,4043.8000,4043.0000,4046.8000,4047.4000,4047.8000,4048.0000,4049.8000,12,1,1,1,11,2,3,2,2,2
SF,IF2006,2020-02-19 10:04:56.900,4046.0000,24065,0,2357469780.000,0,-,-,-,-,4046.0000,4045.0000,4044.0000,4043.8000,4043.0000,4046.8000,4047.4000,4047.8000,4048.0000,4049.8000,12,1,1,1,11,2,2,2,2,2
SF,IF2006,2020-02-19 10:04:57.400,4046.0000,24065,0,2357469780.000,0,-,-,-,-,4046.0000,4045.0000,4044.0000,4043.8000,4043.0000,4046.8000,4047.4000,4047.8000,4048.0000,4049.8000,12,1,1,1,11,3,2,2,2,2
SF,IF2006,2020-02-19 10:04:58.400,4046.0000,24063,-2,2359897380.000,2,0,2,双平,S,4046.0000,4045.0000,4044.0000,4043.8000,4043.0000,4046.8000,4047.4000,4047.8000,4048.0000,4049.8000,10,1,1,1,11,3,2,2,2,2
SF,IF2006,2020-02-19 10:04:58.900,4046.0000,24054,-9,2372035380.000,10,0,10,多平,S,4045.0000,4044.0000,4043.8000,4043.0000,4042.4000,4046.0000,4046.6000,4046.8000,4047.8000,4048.0000,1,1,1,11,10,1,2,2,1,2
SF,IF2006,2020-02-19 10:04:59.400,4046.0000,24054,0,2373249180.000,1,0,1,多换,S,4045.0000,4044.0000,4043.8000,4043.0000,4042.4000,4045.8000,4046.0000,4046.6000,4046.8000,4047.8000,1,1,1,11,10,2,1,2,2,1
SF,IF2006,2020-02-19 10:04:59.900,4046.0000,24054,0,2373249180.000,0,-,-,-,-,4045.0000,4044.0000,4043.8000,4043.0000,4042.4000,4045.8000,4046.0000,4046.6000,4046.8000,4047.8000,1,1,1,11,10,2,1,2,2,1
SF,IF2006,2020-02-19 10:05:00.400,4046.0000,24054,0,2373249180.000,0,-,-,-,-,4045.0000,4044.0000,4043.8000,4043.0000,4042.4000,4045.6000,4045.8000,4046.0000,4046.6000,4046.8000,1,1,1,11,10,1,2,1,1,2
SF,IF2006,2020-02-19 10:05:00.900,4045.6000,24054,0,2374462860.000,1,0,1,多换,S,4045.0000,4044.0000,4043.8000,4043.0000,4042.4000,4045.6000,4045.8000,4046.0000,4046.6000,4046.8000,1,1,1,11,10,1,2,1,1,2
SF,IF2006,2020-02-19 10:05:01.400,4045.6000,24054,0,2374462860.000,0,-,-,-,-,4045.0000,4044.0000,4043.8000,4043.0000,4042.4000,4045.4000,4045.6000,4046.0000,4046.8000,4047.8000,1,1,1,11,10,1,1,1,2,1
SF,IF2006,2020-02-19 10:05:01.900,4045.0000,24054,0,2375676360.000,1,0,1,多换,S,4044.0000,4043.8000,4043.0000,4042.4000,4042.2000,4045.6000,4046.0000,4046.8000,4047.8000,4048.0000,1,1,11,10,10,1,1,2,1,3
SF,IF2006,2020-02-19 10:05:02.400,4044.4000,24052,-2,2378103180.000,2,0,2,双平,S,4044.2000,4044.0000,4043.8000,4043.0000,4042.4000,4045.4000,4045.6000,4046.0000,4046.8000,4047.8000,5,1,1,11,10,1,1,1,2,1
SF,IF2006,2020-02-19 10:05:02.900,4044.4000,24052,0,2378103180.000,0,-,-,-,-,4044.4000,4044.2000,4044.0000,4043.8000,4043.0000,4045.2000,4045.4000,4046.0000,4046.8000,4047.8000,1,3,1,1,11,2,1,1,2,1
SF,IF2006,2020-02-19 10:05:03.400,4044.4000,24052,0,2379316500.000,1,0,1,多换,S,4044.2000,4044.0000,4043.8000,4043.0000,4042.4000,4045.4000,4046.0000,4046.8000,4047.8000,4048.0000,2,1,1,11,10,1,1,2,1,3
SF,IF2006,2020-02-19 10:05:03.900,4044.4000,24052,0,2379316500.000,0,-,-,-,-,4044.2000,4044.0000,4043.8000,4043.0000,4042.4000,4045.2000,4045.4000,4046.0000,4046.8000,4047.8000,2,1,1,11,10,2,1,1,2,1
SF,IF2006,2020-02-19 10:05:04.400,4044.2000,24052,0,2380529760.000,1,0,1,多换,S,4044.2000,4044.0000,4043.8000,4043.0000,4042.4000,4045.0000,4045.2000,4045.4000,4046.0000,4046.8000,1,1,1,11,10,1,1,1,1,2
SF,IF2006,2020-02-19 10:05:04.900,4044.2000,24052,0,2380529760.000,0,-,-,-,-,4044.2000,4044.0000,4043.8000,4043.0000,4042.4000,4045.2000,4045.4000,4046.0000,4046.8000,4047.8000,1,1,1,11,10,1,1,1,2,1
SF,IF2006,2020-02-19 10:05:05.400,4044.2000,24052,0,2380529760.000,0,-,-,-,-,4044.2000,4044.0000,4043.8000,4043.0000,4042.4000,4045.0000,4046.0000,4046.8000,4047.8000,4048.0000,1,1,1,11,10,1,1,2,1,2
SF,IF2006,2020-02-19 10:05:05.900,4044.2000,24052,0,2380529760.000,0,-,-,-,-,4044.2000,4044.0000,4043.8000,4043.0000,4042.4000,4046.0000,4046.8000,4047.8000,4048.0000,4050.0000,1,1,1,11,10,1,2,1,2,2
SF,IF2006,2020-02-19 10:05:06.400,4044.2000,24052,0,2381743020.000,1,0,1,多换,S,4044.0000,4043.8000,4043.0000,4042.4000,4042.2000,4045.6000,4045.8000,4046.0000,4046.8000,4048.0000,1,1,11,10,10,2,10,1,2,2
SF,IF2006,2020-02-19 10:05:06.900,4044.2000,24052,0,2381743020.000,0,-,-,-,-,4044.2000,4044.0000,4043.8000,4043.0000,4042.4000,4045.4000,4045.6000,4045.8000,4046.0000,4046.8000,6,1,1,11,10,3,1,7,1,1
SF,IF2006,2020-02-19 10:05:07.400,4044.2000,24052,0,2381743020.000,0,-,-,-,-,4044.2000,4044.0000,4043.8000,4043.0000,4042.4000,4045.4000,4045.6000,4045.8000,4046.0000,4046.8000,5,1,1,11,10,3,1,7,1,1
SF,IF2006,2020-02-19 10:05:07.900,4044.2000,24052,0,2381743020.000,0,-,-,-,-,4044.2000,4044.0000,4043.8000,4043.0000,4042.4000,4045.4000,4045.6000,4045.8000,4046.8000,4048.0000,5,1,1,11,10,3,1,7,1,2
SF,IF2006,2020-02-19 10:05:08.400,4044.2000,24052,0,2381743020.000,0,-,-,-,-,4044.2000,4044.0000,4043.8000,4043.2000,4043.0000,4045.4000,4045.6000,4045.8000,4046.8000,4048.0000,5,1,1,1,11,1,1,7,1,2
SF,IF2006,2020-02-19 10:05:08.900,4044.2000,24052,0,2381743020.000,0,-,-,-,-,4044.4000,4044.2000,4044.0000,4043.8000,4043.2000,4045.6000,4045.8000,4046.8000,4048.0000,4050.0000,1,5,1,1,1,1,6,1,2,2
SF,IF2006,2020-02-19 10:05:10.400,4044.2000,24052,0,2381743020.000,0,-,-,-,-,4044.6000,4044.2000,4044.0000,4043.8000,4043.2000,4045.6000,4045.8000,4046.8000,4048.0000,4050.0000,1,5,1,1,1,1,5,1,2,2
SF,IF2006,2020-02-19 10:05:10.900,4044.2000,24052,0,2381743020.000,0,-,-,-,-,4044.6000,4044.2000,4044.0000,4043.8000,4043.2000,4045.6000,4045.8000,4046.8000,4048.0000,4050.0000,1,5,1,1,1,1,4,1,2,2
SF,IF2006,2020-02-19 10:05:12.900,4044.2000,24052,0,2381743020.000,0,-,-,-,-,4044.2000,4044.0000,4043.8000,4043.2000,4043.0000,4045.6000,4045.8000,4046.8000,4048.0000,4050.0000,5,1,1,1,11,1,4,1,3,2
SF,IF2006,2020-02-19 10:05:15.400,4044.2000,24052,0,2381743020.000,0,-,-,-,-,4044.2000,4044.0000,4043.8000,4043.2000,4043.0000,4045.4000,4045.6000,4045.8000,4046.8000,4048.0000,5,1,1,1,11,1,1,4,1,3
SF,IF2006,2020-02-19 10:05:15.900,4044.2000,24050,-2,2384169540.000,2,0,2,双平,S,4044.2000,4044.0000,4043.8000,4043.2000,4043.0000,4045.2000,4045.4000,4045.6000,4045.8000,4046.8000,1,1,1,1,11,1,1,1,2,1
SF,IF2006,2020-02-19 10:05:16.900,4044.2000,24050,0,2384169540.000,0,-,-,-,-,4044.0000,4043.8000,4043.2000,4043.0000,4042.4000,4045.2000,4045.4000,4045.6000,4045.8000,4046.8000,1,1,1,11,10,1,1,1,2,1
SF,IF2006,2020-02-19 10:05:17.400,4044.2000,24050,0,2384169540.000,0,-,-,-,-,4044.2000,4044.0000,4043.8000,4043.2000,4043.0000,4045.0000,4045.6000,4045.8000,4046.8000,4048.0000,1,1,1,1,11,2,1,2,1,2
SF,IF2006,2020-02-19 10:05:17.900,4044.2000,24050,0,2384169540.000,0,-,-,-,-,4044.0000,4043.8000,4043.2000,4043.0000,4042.4000,4045.0000,4045.6000,4045.8000,4046.8000,4048.0000,1,1,1,11,10,1,1,2,1,2
SF,IF2006,2020-02-19 10:05:18.900,4044.2000,24050,0,2384169540.000,0,-,-,-,-,4044.0000,4043.8000,4043.2000,4043.0000,4042.4000,4044.8000,4045.0000,4045.8000,4046.8000,4048.0000,1,1,1,11,10,2,1,2,1,2
SF,IF2006,2020-02-19 10:05:19.400,4044.8000,24049,-1,2385382980.000,1,0,1,双平,S,4044.0000,4043.8000,4043.6000,4043.2000,4043.0000,4045.0000,4045.8000,4046.8000,4048.0000,4050.0000,1,1,1,1,11,1,2,1,2,2
SF,IF2006,2020-02-19 10:05:19.900,4044.2000,24048,-1,2386596240.000,1,0,1,双平,S,4044.0000,4043.8000,4043.6000,4043.2000,4043.0000,4045.0000,4045.8000,4046.8000,4048.0000,4050.0000,1,1,1,1,11,1,2,1,2,2
SF,IF2006,2020-02-19 10:05:20.400,4044.2000,24048,0,2386596240.000,0,-,-,-,-,4044.2000,4044.0000,4043.8000,4043.6000,4043.2000,4045.0000,4046.8000,4048.0000,4050.0000,4052.8000,1,1,1,1,1,1,1,2,2,1
SF,IF2006,2020-02-19 10:05:20.900,4044.2000,24047,-1,2387809500.000,1,0,1,双平,S,4044.0000,4043.8000,4043.6000,4043.2000,4043.0000,4045.0000,4046.8000,4048.0000,4050.0000,4052.8000,1,1,1,1,11,1,1,2,2,1
SF,IF2006,2020-02-19 10:05:21.900,4045.0000,24047,0,2389023000.000,1,0,1,多换,S,4044.2000,4044.0000,4043.8000,4043.6000,4043.2000,4046.8000,4048.0000,4050.0000,4052.8000,4053.0000,2,1,1,1,1,1,2,2,1,1
SF,IF2006,2020-02-19 10:05:22.400,4045.0000,24047,0,2389023000.000,0,-,-,-,-,4044.4000,4044.2000,4044.0000,4043.8000,4043.6000,4045.8000,4046.2000,4046.4000,4046.6000,4046.8000,1,1,1,1,1,1,2,3,3,1
SF,IF2006,2020-02-19 10:05:22.900,4045.0000,24047,0,2389023000.000,0,-,-,-,-,4044.4000,4044.2000,4044.0000,4043.8000,4043.6000,4045.6000,4045.8000,4046.2000,4046.4000,4046.6000,1,1,1,1,1,2,1,2,1,1
SF,IF2006,2020-02-19 10:05:23.400,4045.0000,24047,0,2389023000.000,0,-,-,-,-,4044.2000,4044.0000,4043.8000,4043.6000,4043.2000,4045.6000,4045.8000,4046.2000,4046.4000,4046.6000,1,1,1,1,1,2,1,1,1,1
SF,IF2006,2020-02-19 10:05:24.400,4045.0000,24047,0,2389023000.000,0,-,-,-,-,4044.2000,4044.0000,4043.8000,4043.6000,4043.2000,4045.6000,4045.8000,4046.4000,4046.6000,4046.8000,1,1,1,1,1,2,1,1,1,1
SF,IF2006,2020-02-19 10:05:24.900,4045.0000,24047,0,2389023000.000,0,-,-,-,-,4044.2000,4044.0000,4043.8000,4043.6000,4043.2000,4044.4000,4045.4000,4045.6000,4045.8000,4046.4000,1,1,1,1,1,1,1,2,1,1
SF,IF2006,2020-02-19 10:05:25.400,4044.4000,24046,-1,2390236320.000,1,0,1,双平,S,4044.0000,4043.8000,4043.6000,4043.2000,4043.0000,4045.4000,4045.6000,4046.4000,4046.6000,4046.8000,1,1,1,1,11,1,2,1,1,1
SF,IF2006,2020-02-19 10:05:25.900,4044.4000,24046,0,2390236320.000,0,-,-,-,-,4044.4000,4044.2000,4044.0000,4043.8000,4043.6000,4045.2000,4045.4000,4045.6000,4046.4000,4046.6000,1,1,1,1,1,1,1,2,1,1
SF,IF2006,2020-02-19 10:05:26.400,4044.4000,24046,0,2390236320.000,0,-,-,-,-,4044.2000,4044.0000,4043.8000,4043.6000,4043.2000,4045.2000,4045.6000,4046.4000,4046.6000,4046.8000,1,1,1,1,1,1,2,1,1,1
SF,IF2006,2020-02-19 10:05:26.900,4044.4000,24046,0,2390236320.000,0,-,-,-,-,4044.0000,4043.8000,4043.6000,4043.2000,4043.0000,4045.0000,4045.2000,4045.6000,4046.4000,4046.6000,1,1,1,1,11,1,1,1,1,1
SF,IF2006,2020-02-19 10:05:28.900,4044.4000,24046,0,2390236320.000,0,-,-,-,-,4044.0000,4043.8000,4043.6000,4043.2000,4043.0000,4044.8000,4045.0000,4045.2000,4045.6000,4046.4000,1,1,1,1,11,2,1,1,1,1
SF,IF2006,2020-02-19 10:05:29.400,4044.4000,24046,0,2390236320.000,0,-,-,-,-,4044.0000,4043.8000,4043.6000,4043.2000,4043.0000,4044.8000,4045.0000,4045.2000,4045.6000,4046.0000,1,1,1,1,11,1,1,1,1,1
SF,IF2006,2020-02-19 10:05:29.900,4044.4000,24046,0,2390236320.000,0,-,-,-,-,4044.0000,4043.8000,4043.6000,4043.2000,4043.0000,4044.8000,4045.0000,4045.2000,4045.6000,4046.0000,1,1,1,1,11,1,1,1,1,1
SF,IF2006,2020-02-19 10:05:33.400,4044.4000,24046,0,2390236320.000,0,-,-,-,-,4044.0000,4043.8000,4043.6000,4043.2000,4043.0000,4045.0000,4045.2000,4045.6000,4046.0000,4046.4000,1,1,1,1,11,1,1,1,1,1
SF,IF2006,2020-02-19 10:05:33.900,4044.4000,24046,0,2390236320.000,0,-,-,-,-,4044.0000,4043.8000,4043.6000,4043.2000,4043.0000,4044.8000,4045.0000,4045.2000,4045.6000,4046.4000,1,1,1,1,11,2,1,1,1,1
SF,IF2006,2020-02-19 10:05:34.400,4044.4000,24046,0,2390236320.000,0,-,-,-,-,4044.0000,4043.8000,4043.6000,4043.2000,4043.0000,4044.8000,4045.0000,4045.2000,4045.6000,4046.4000,1,1,1,1,11,1,1,1,1,1
SF,IF2006,2020-02-19 10:05:36.900,4044.4000,24046,0,2390236320.000,0,-,-,-,-,4044.0000,4043.8000,4043.6000,4043.2000,4043.0000,4044.6000,4044.8000,4045.0000,4046.4000,4046.6000,1,1,1,1,11,2,1,1,1,1
SF,IF2006,2020-02-19 10:05:37.400,4044.0000,24046,0,2391449520.000,1,0,1,多换,S,4043.8000,4043.6000,4043.2000,4043.0000,4042.8000,4044.0000,4044.6000,4044.8000,4045.0000,4046.4000,1,1,1,11,1,1,1,1,1,1
SF,IF2006,2020-02-19 10:05:37.900,4044.0000,24047,1,2393875860.000,2,1,1,空开,S,4043.6000,4043.2000,4043.0000,4042.8000,4042.4000,4044.6000,4044.8000,4045.0000,4046.4000,4046.6000,1,1,11,1,10,1,1,1,1,1
SF,IF2006,2020-02-19 10:05:38.400,4044.0000,24047,0,2393875860.000,0,-,-,-,-,4043.6000,4043.2000,4043.0000,4042.8000,4042.4000,4044.4000,4044.6000,4044.8000,4045.0000,4046.8000,1,1,11,1,10,4,1,1,1,1
SF,IF2006,2020-02-19 10:05:38.900,4044.2000,24048,1,2395089120.000,1,1,0,双开,S,4043.6000,4043.2000,4043.0000,4042.8000,4042.4000,4044.4000,4044.6000,4044.8000,4045.0000,4046.8000,1,1,11,1,10,3,1,1,1,1
SF,IF2006,2020-02-19 10:05:39.400,4044.4000,24048,0,2396302440.000,1,0,1,多换,S,4043.6000,4043.2000,4043.0000,4042.8000,4042.4000,4044.4000,4044.6000,4044.8000,4045.0000,4046.8000,1,1,11,1,10,2,1,1,1,1
SF,IF2006,2020-02-19 10:05:39.900,4044.4000,24048,0,2396302440.000,0,-,-,-,-,4043.6000,4043.2000,4043.0000,4042.8000,4042.4000,4044.6000,4044.8000,4045.0000,4046.8000,4048.0000,1,1,11,1,10,1,1,1,1,2
SF,IF2006,2020-02-19 10:05:40.400,4044.4000,24048,0,2396302440.000,0,-,-,-,-,4043.6000,4043.2000,4043.0000,4042.8000,4042.4000,4044.4000,4044.6000,4044.8000,4045.0000,4046.8000,1,1,11,1,10,1,1,1,1,1
SF,IF2006,2020-02-19 10:05:40.900,4044.4000,24047,-1,2397515760.000,1,0,1,双平,S,4043.6000,4043.2000,4043.0000,4042.8000,4042.4000,4044.6000,4044.8000,4045.0000,4046.8000,4048.0000,1,1,11,1,10,1,1,1,1,2
SF,IF2006,2020-02-19 10:05:41.400,4044.6000,24047,0,2398729140.000,1,0,1,多换,S,4043.8000,4043.6000,4043.2000,4043.0000,4042.8000,4045.0000,4046.8000,4048.0000,4050.0000,4052.8000,3,1,1,11,1,1,1,2,2,1
SF,IF2006,2020-02-19 10:05:41.900,4044.6000,24047,0,2398729140.000,0,-,-,-,-,4044.0000,4043.8000,4043.6000,4043.2000,4043.0000,4045.0000,4046.8000,4048.0000,4050.0000,4052.8000,2,2,1,1,11,1,1,2,2,1
SF,IF2006,2020-02-19 10:05:43.400,4045.0000,24046,-1,2399942640.000,1,0,1,双平,S,4044.0000,4043.8000,4043.6000,4043.2000,4043.0000,4046.8000,4048.0000,4050.0000,4052.8000,4053.0000,2,2,1,1,11,1,2,2,1,1
SF,IF2006,2020-02-19 10:05:43.900,4045.0000,24046,0,2399942640.000,0,-,-,-,-,4044.2000,4044.0000,4043.8000,4043.6000,4043.2000,4045.0000,4045.6000,4045.8000,4046.0000,4046.4000,1,1,2,2,1,1,1,2,1,2
SF,IF2006,2020-02-19 10:05:44.400,4045.0000,24046,0,2399942640.000,0,-,-,-,-,4044.2000,4044.0000,4043.8000,4043.6000,4043.2000,4045.0000,4045.6000,4045.8000,4046.4000,4046.6000,1,1,2,2,1,1,1,1,1,6
SF,IF2006,2020-02-19 10:05:44.900,4045.0000,24046,0,2399942640.000,0,-,-,-,-,4043.8000,4043.6000,4043.2000,4043.0000,4042.8000,4045.0000,4045.6000,4046.4000,4046.6000,4046.8000,2,2,1,11,1,1,1,1,6,1
SF,IF2006,2020-02-19 10:05:45.400,4045.0000,24046,0,2399942640.000,0,-,-,-,-,4044.0000,4043.8000,4043.6000,4043.2000,4043.0000,4045.0000,4045.6000,4046.4000,4046.6000,4046.8000,1,1,2,1,11,1,1,1,6,1
SF,IF2006,2020-02-19 10:05:46.900,4045.0000,24046,0,2399942640.000,0,-,-,-,-,4043.8000,4043.6000,4043.2000,4043.0000,4042.8000,4045.0000,4045.6000,4046.4000,4046.6000,4046.8000,1,2,1,11,1,1,1,1,6,1
SF,IF2006,2020-02-19 10:05:47.400,4045.0000,24046,0,2399942640.000,0,-,-,-,-,4043.6000,4043.2000,4043.0000,4042.8000,4042.4000,4045.0000,4046.4000,4046.6000,4046.8000,4047.0000,2,1,11,1,10,1,1,6,1,2
SF,IF2006,2020-02-19 10:05:47.900,4045.0000,24046,0,2399942640.000,0,-,-,-,-,4043.6000,4043.2000,4043.0000,4042.8000,4042.4000,4044.8000,4045.0000,4046.4000,4046.6000,4046.8000,2,1,11,1,10,1,1,1,6,1
SF,IF2006,2020-02-19 10:05:48.400,4045.0000,24046,0,2399942640.000,0,-,-,-,-,4043.6000,4043.2000,4043.0000,4042.8000,4042.4000,4044.8000,4045.0000,4046.4000,4046.6000,4046.8000,2,1,11,1,10,1,1,1,6,1
SF,IF2006,2020-02-19 10:05:48.900,4045.0000,24046,0,2399942640.000,0,-,-,-,-,4043.8000,4043.6000,4043.2000,4043.0000,4042.8000,4046.4000,4046.6000,4046.8000,4047.0000,4048.0000,2,2,1,11,1,1,6,1,2,2
SF,IF2006,2020-02-19 10:05:49.400,4045.0000,24046,0,2399942640.000,0,-,-,-,-,4044.0000,4043.8000,4043.6000,4043.2000,4043.0000,4045.4000,4045.6000,4046.0000,4046.2000,4046.4000,1,1,2,1,11,1,3,1,3,1
SF,IF2006,2020-02-19 10:05:49.900,4045.0000,24046,0,2399942640.000,0,-,-,-,-,4044.0000,4043.8000,4043.6000,4043.2000,4043.0000,4045.2000,4045.4000,4045.6000,4046.2000,4046.4000,1,1,2,1,11,2,1,3,1,1
SF,IF2006,2020-02-19 10:05:50.400,4045.0000,24046,0,2399942640.000,0,-,-,-,-,4044.2000,4044.0000,4043.6000,4043.2000,4043.0000,4045.2000,4045.4000,4045.6000,4046.2000,4046.4000,3,1,2,1,11,1,1,3,1,1
SF,IF2006,2020-02-19 10:05:50.900,4045.0000,24046,0,2399942640.000,0,-,-,-,-,4044.4000,4044.2000,4044.0000,4043.6000,4043.2000,4045.4000,4045.6000,4046.2000,4046.6000,4047.0000,2,2,1,2,1,1,1,1,3,1
SF,IF2006,2020-02-19 10:05:51.400,4045.0000,24046,0,2399942640.000,0,-,-,-,-,4044.4000,4044.2000,4044.0000,4043.6000,4043.2000,4046.2000,4046.6000,4047.0000,4048.0000,4050.0000,1,2,1,2,1,1,3,1,2,2
SF,IF2006,2020-02-19 10:05:51.900,4045.0000,24046,0,2399942640.000,0,-,-,-,-,4044.6000,4044.0000,4043.6000,4043.2000,4043.0000,4045.8000,4046.0000,4046.2000,4046.6000,4047.0000,2,1,2,1,11,2,4,1,3,1
SF,IF2006,2020-02-19 10:05:52.400,4045.0000,24046,0,2399942640.000,0,-,-,-,-,4044.8000,4044.6000,4044.0000,4043.6000,4043.2000,4045.6000,4045.8000,4046.0000,4046.2000,4046.6000,1,2,1,2,1,1,1,2,1,3
SF,IF2006,2020-02-19 10:05:52.900,4045.0000,24046,0,2399942640.000,0,-,-,-,-,4044.6000,4044.0000,4043.6000,4043.2000,4043.0000,4045.8000,4046.0000,4046.2000,4046.6000,4047.0000,2,1,2,1,11,1,2,1,3,1
SF,IF2006,2020-02-19 10:05:53.400,4045.0000,24046,0,2399942640.000,0,-,-,-,-,4044.8000,4044.6000,4044.0000,4043.6000,4043.2000,4045.6000,4045.8000,4046.0000,4046.2000,4047.0000,2,2,1,2,1,1,2,2,1,1
SF,IF2006,2020-02-19 10:05:53.900,4045.0000,24046,0,2399942640.000,0,-,-,-,-,4044.8000,4044.6000,4044.0000,4043.6000,4043.2000,4045.8000,4046.0000,4046.2000,4047.0000,4048.0000,1,2,1,2,1,2,2,1,1,2
SF,IF2006,2020-02-19 10:05:54.400,4045.0000,24046,0,2399942640.000,0,-,-,-,-,4045.0000,4044.8000,4044.6000,4044.0000,4043.6000,4045.8000,4046.2000,4047.0000,4048.0000,4050.0000,1,1,2,1,2,2,1,1,2,2
SF,IF2006,2020-02-19 10:05:54.900,4045.0000,24046,0,2399942640.000,0,-,-,-,-,4044.8000,4044.6000,4044.0000,4043.6000,4043.2000,4045.8000,4046.2000,4047.0000,4048.0000,4050.0000,1,2,1,2,1,1,1,1,1,2
SF,IF2006,2020-02-19 10:05:55.400,4045.0000,24046,0,2399942640.000,0,-,-,-,-,4045.0000,4044.8000,4044.6000,4044.0000,4043.6000,4045.8000,4047.0000,4048.0000,4050.0000,4053.6000,2,1,1,1,2,1,1,1,2,1
SF,IF2006,2020-02-19 10:05:55.900,4045.0000,24046,0,2399942640.000,0,-,-,-,-,4045.0000,4044.6000,4044.0000,4043.6000,4043.2000,4045.8000,4048.0000,4050.0000,4053.6000,4055.0000,1,1,1,2,1,1,1,2,1,8
SF,IF2006,2020-02-19 10:05:56.400,4045.0000,24046,0,2399942640.000,0,-,-,-,-,4045.4000,4045.0000,4044.0000,4043.6000,4043.2000,4045.8000,4048.0000,4050.0000,4053.6000,4055.0000,1,1,1,2,1,1,1,2,1,8
SF,IF2006,2020-02-19 10:05:56.900,4045.0000,24046,0,2399942640.000,0,-,-,-,-,4045.4000,4045.0000,4044.0000,4043.6000,4043.2000,4045.8000,4048.0000,4050.0000,4053.6000,4055.0000,1,1,1,2,1,1,1,2,1,8
SF,IF2006,2020-02-19 10:05:57.900,4045.8000,24046,0,2401156380.000,1,0,1,多换,S,4045.4000,4045.0000,4044.0000,4043.6000,4043.2000,4048.0000,4050.0000,4053.6000,4055.0000,4056.0000,1,1,1,2,1,1,2,1,8,3
SF,IF2006,2020-02-19 10:05:58.400,4045.8000,24046,0,2401156380.000,0,-,-,-,-,4045.4000,4045.0000,4044.0000,4043.6000,4043.2000,4046.6000,4046.8000,4047.0000,4047.6000,4047.8000,1,1,1,2,1,1,1,3,2,6
SF,IF2006,2020-02-19 10:05:58.900,4045.8000,24046,0,2401156380.000,0,-,-,-,-,4045.0000,4044.0000,4043.6000,4043.2000,4043.0000,4046.2000,4046.4000,4047.0000,4047.6000,4047.8000,1,1,2,1,11,1,7,1,1,3
SF,IF2006,2020-02-19 10:05:59.400,4045.8000,24046,0,2401156380.000,0,-,-,-,-,4044.0000,4043.6000,4043.2000,4043.0000,4042.8000,4046.0000,4046.2000,4046.4000,4047.0000,4047.6000,1,2,1,11,1,3,1,3,1,1
SF,IF2006,2020-02-19 10:05:59.900,4045.8000,24046,0,2401156380.000,0,-,-,-,-,4044.4000,4044.2000,4044.0000,4043.6000,4043.2000,4045.8000,4046.0000,4046.2000,4046.4000,4047.0000,2,5,1,2,1,1,3,1,1,1
SF,IF2006,2020-02-19 10:06:00.400,4045.8000,24046,0,2401156380.000,0,-,-,-,-,4044.6000,4044.4000,4044.2000,4044.0000,4043.6000,4045.8000,4046.0000,4047.0000,4047.6000,4047.8000,1,2,4,1,2,1,3,1,1,3
SF,IF2006,2020-02-19 10:06:00.900,4045.8000,24046,0,2401156380.000,0,-,-,-,-,4044.6000,4044.4000,4044.2000,4044.0000,4043.6000,4045.8000,4046.0000,4047.0000,4047.6000,4047.8000,1,2,3,1,2,1,2,1,1,3
SF,IF2006,2020-02-19 10:06:01.900,4045.8000,24046,0,2401156380.000,0,-,-,-,-,4044.6000,4044.4000,4044.2000,4044.0000,4043.6000,4045.6000,4045.8000,4046.0000,4047.0000,4047.6000,1,2,3,1,2,1,1,2,1,1
SF,IF2006,2020-02-19 10:06:02.400,4045.8000,24046,0,2401156380.000,0,-,-,-,-,4044.6000,4044.4000,4044.2000,4044.0000,4043.6000,4045.8000,4046.0000,4047.0000,4047.6000,4047.8000,1,1,3,1,2,1,2,1,1,3
SF,IF2006,2020-02-19 10:06:02.900,4045.8000,24046,0,2401156380.000,0,-,-,-,-,4044.6000,4044.4000,4044.2000,4044.0000,4043.6000,4045.6000,4045.8000,4046.0000,4047.0000,4047.6000,1,1,3,1,2,1,1,2,1,1
SF,IF2006,2020-02-19 10:06:03.400,4045.8000,24046,0,2401156380.000,0,-,-,-,-,4044.6000,4044.4000,4044.2000,4044.0000,4043.6000,4045.4000,4045.6000,4045.8000,4046.0000,4047.0000,1,1,3,1,2,1,1,1,1,1
SF,IF2006,2020-02-19 10:06:03.900,4045.8000,24046,0,2401156380.000,0,-,-,-,-,4044.6000,4044.4000,4044.2000,4044.0000,4043.6000,4045.8000,4046.0000,4047.0000,4047.6000,4047.8000,1,1,3,1,2,1,1,1,1,3
SF,IF2006,2020-02-19 10:06:04.900,4045.8000,24046,0,2401156380.000,0,-,-,-,-,4044.6000,4044.4000,4044.2000,4044.0000,4043.6000,4045.6000,4045.8000,4046.0000,4047.0000,4047.6000,1,1,3,1,2,1,1,1,1,1
SF,IF2006,2020-02-19 10:06:05.400,4045.8000,24046,0,2401156380.000,0,-,-,-,-,4044.6000,4044.4000,4044.2000,4044.0000,4043.6000,4045.4000,4045.6000,4045.8000,4046.0000,4047.0000,1,1,3,1,2,1,1,1,1,1
SF,IF2006,2020-02-19 10:06:06.400,4045.8000,24046,0,2401156380.000,0,-,-,-,-,4044.6000,4044.4000,4044.2000,4044.0000,4043.6000,4045.4000,4045.8000,4046.0000,4047.0000,4047.6000,1,1,3,1,2,1,1,1,1,1
SF,IF2006,2020-02-19 10:06:08.400,4045.8000,24046,0,2401156380.000,0,-,-,-,-,4044.6000,4044.4000,4044.2000,4044.0000,4043.6000,4045.4000,4045.8000,4046.0000,4047.0000,4047.8000,1,1,3,1,2,1,1,1,1,3
SF,IF2006,2020-02-19 10:06:09.400,4044.6000,24046,0,2402369760.000,1,0,1,多换,S,4044.4000,4044.2000,4044.0000,4043.6000,4043.2000,4045.4000,4045.8000,4046.0000,4047.0000,4047.8000,1,2,1,2,1,1,1,1,1,3
SF,IF2006,2020-02-19 10:06:09.900,4044.6000,24046,0,2402369760.000,0,-,-,-,-,4044.0000,4043.6000,4043.2000,4043.0000,4042.8000,4045.2000,4045.4000,4047.0000,4047.8000,4048.0000,1,2,1,12,1,6,1,1,3,3
SF,IF2006,2020-02-19 10:06:10.400,4044.6000,24046,0,2402369760.000,0,-,-,-,-,4044.0000,4043.6000,4043.2000,4043.0000,4042.8000,4045.0000,4045.2000,4045.4000,4047.0000,4047.8000,1,2,1,12,1,1,4,1,1,3
SF,IF2006,2020-02-19 10:06:11.400,4044.6000,24046,0,2402369760.000,0,-,-,-,-,4044.0000,4043.6000,4043.2000,4043.0000,4042.8000,4044.8000,4045.2000,4045.4000,4047.0000,4047.8000,1,2,1,12,1,2,4,1,1,3
SF,IF2006,2020-02-19 10:06:11.900,4044.6000,24046,0,2402369760.000,0,-,-,-,-,4044.0000,4043.6000,4043.2000,4043.0000,4042.8000,4045.2000,4045.4000,4047.0000,4047.8000,4048.0000,1,2,1,12,1,4,1,1,3,3
SF,IF2006,2020-02-19 10:06:12.400,4044.6000,24046,0,2402369760.000,0,-,-,-,-,4044.0000,4043.6000,4043.2000,4043.0000,4042.8000,4045.0000,4045.2000,4045.4000,4047.0000,4047.8000,1,2,1,12,1,3,4,1,1,3
SF,IF2006,2020-02-19 10:06:12.900,4044.6000,24046,0,2402369760.000,0,-,-,-,-,4044.0000,4043.6000,4043.2000,4043.0000,4042.8000,4044.8000,4045.0000,4045.2000,4045.4000,4047.0000,3,2,1,12,1,2,2,3,1,1
SF,IF2006,2020-02-19 10:06:13.400,4044.6000,24046,0,2402369760.000,0,-,-,-,-,4044.0000,4043.6000,4043.2000,4043.0000,4042.8000,4044.6000,4044.8000,4045.0000,4045.2000,4045.4000,3,2,1,12,1,1,1,1,3,1
SF,IF2006,2020-02-19 10:06:14.400,4044.6000,24046,0,2402369760.000,0,-,-,-,-,4044.0000,4043.6000,4043.2000,4043.0000,4042.8000,4044.6000,4044.8000,4045.0000,4045.2000,4045.4000,3,2,1,12,1,1,1,1,2,1
SF,IF2006,2020-02-19 10:06:14.900,4044.0000,24044,-2,2406009360.000,3,0,3,多平,S,4043.6000,4043.2000,4043.0000,4042.8000,4042.4000,4044.6000,4044.8000,4045.0000,4045.2000,4045.4000,2,1,12,1,10,1,1,1,1,1
SF,IF2006,2020-02-19 10:06:15.400,4044.0000,24044,0,2406009360.000,0,-,-,-,-,4043.6000,4043.2000,4043.0000,4042.8000,4042.4000,4044.4000,4044.6000,4045.2000,4045.4000,4047.0000,2,1,12,1,10,3,1,1,1,1
SF,IF2006,2020-02-19 10:06:15.900,4044.0000,24044,0,2406009360.000,0,-,-,-,-,4043.6000,4043.2000,4043.0000,4042.8000,4042.4000,4044.2000,4044.4000,4045.4000,4047.0000,4047.8000,2,1,12,1,10,1,2,1,1,3
SF,IF2006,2020-02-19 10:06:16.900,4044.0000,24044,0,2406009360.000,0,-,-,-,-,4043.6000,4043.2000,4043.0000,4042.8000,4042.4000,4044.4000,4045.4000,4047.0000,4047.8000,4048.0000,2,1,12,1,10,1,1,1,3,2
SF,IF2006,2020-02-19 10:06:17.400,4044.4000,24043,-1,2407222680.000,1,0,1,双平,S,4043.6000,4043.2000,4043.0000,4042.8000,4042.4000,4044.0000,4045.4000,4047.0000,4047.8000,4048.0000,2,1,12,1,10,2,1,1,3,2
SF,IF2006,2020-02-19 10:06:17.900,4044.0000,24041,-2,2409649080.000,2,0,2,双平,S,4044.0000,4043.6000,4043.2000,4043.0000,4042.8000,4045.4000,4045.8000,4047.0000,4047.8000,4048.0000,1,2,1,12,1,1,1,1,3,2
SF,IF2006,2020-02-19 10:06:18.400,4044.0000,24041,0,2410862280.000,1,0,1,多换,S,4044.0000,4043.6000,4043.2000,4043.0000,4042.8000,4045.0000,4045.2000,4045.4000,4045.8000,4047.0000,1,2,1,12,1,1,2,1,1,1
SF,IF2006,2020-02-19 10:06:18.900,4044.0000,24041,0,2410862280.000,0,-,-,-,-,4045.0000,4044.2000,4043.6000,4043.2000,4043.0000,4045.2000,4045.4000,4045.8000,4047.0000,4047.8000,1,4,2,1,12,1,1,1,1,3
SF,IF2006,2020-02-19 10:06:19.400,4045.0000,24041,0,2412075780.000,1,0,1,多换,S,4044.2000,4043.6000,4043.2000,4043.0000,4042.8000,4045.4000,4045.8000,4047.0000,4047.8000,4048.0000,2,2,1,12,1,1,1,1,3,2
SF,IF2006,2020-02-19 10:06:19.900,4045.0000,24041,0,2412075780.000,0,-,-,-,-,4044.4000,4044.2000,4043.6000,4043.2000,4043.0000,4045.4000,4045.8000,4047.0000,4047.8000,4048.0000,2,2,2,1,12,1,1,1,3,2
SF,IF2006,2020-02-19 10:06:20.400,4045.0000,24041,0,2412075780.000,0,-,-,-,-,4044.4000,4044.2000,4043.6000,4043.2000,4043.0000,4045.4000,4045.8000,4047.0000,4047.8000,4048.0000,2,2,2,1,12,1,1,1,3,2
SF,IF2006,2020-02-19 10:06:22.400,4044.4000,24042,1,2413289100.000,1,1,0,双开,S,4044.4000,4044.2000,4043.6000,4043.2000,4043.0000,4045.4000,4045.8000,4047.0000,4047.8000,4048.0000,1,2,2,1,12,1,1,1,3,2
SF,IF2006,2020-02-19 10:06:22.900,4044.4000,24042,0,2413289100.000,0,-,-,-,-,4044.4000,4044.2000,4043.6000,4043.2000,4043.0000,4045.2000,4045.4000,4045.8000,4047.0000,4047.8000,1,1,2,1,12,2,1,1,1,3
SF,IF2006,2020-02-19 10:06:23.400,4044.4000,24042,0,2413289100.000,0,-,-,-,-,4044.4000,4044.2000,4043.6000,4043.2000,4043.0000,4045.2000,4045.4000,4045.8000,4047.0000,4047.8000,1,1,2,1,12,1,1,1,1,3
SF,IF2006,2020-02-19 10:06:24.400,4044.4000,24042,0,2413289100.000,0,-,-,-,-,4044.4000,4044.2000,4043.6000,4043.2000,4043.0000,4045.0000,4045.2000,4045.4000,4045.8000,4047.0000,1,1,3,1,12,1,1,1,1,1
SF,IF2006,2020-02-19 10:06:24.900,4044.4000,24042,0,2414502420.000,1,0,1,多换,S,4044.2000,4043.6000,4043.2000,4043.0000,4042.8000,4045.0000,4045.2000,4045.4000,4045.8000,4047.0000,1,3,1,12,1,1,1,1,1,1
SF,IF2006,2020-02-19 10:06:25.400,4044.4000,24042,0,2414502420.000,0,-,-,-,-,4043.6000,4043.2000,4043.0000,4042.8000,4042.4000,4045.0000,4045.2000,4045.4000,4045.8000,4047.0000,3,1,12,1,10,1,1,1,1,1
SF,IF2006,2020-02-19 10:06:25.900,4044.4000,24042,0,2414502420.000,0,-,-,-,-,4043.6000,4043.2000,4043.0000,4042.8000,4042.4000,4044.8000,4045.0000,4045.4000,4045.8000,4047.0000,3,1,12,1,10,2,1,1,1,1
SF,IF2006,2020-02-19 10:06:26.400,4044.4000,24042,0,2414502420.000,0,-,-,-,-,4043.6000,4043.2000,4043.0000,4042.8000,4042.4000,4044.6000,4044.8000,4045.4000,4045.8000,4047.0000,3,1,12,1,10,1,1,1,1,1
SF,IF2006,2020-02-19 10:06:26.900,4043.6000,24042,0,2415715500.000,1,0,1,多换,S,4043.6000,4043.2000,4043.0000,4042.8000,4042.4000,4044.8000,4045.4000,4045.8000,4047.0000,4047.8000,2,1,12,1,10,1,1,1,1,3
SF,IF2006,2020-02-19 10:06:27.900,4043.6000,24042,0,2415715500.000,0,-,-,-,-,4043.8000,4043.6000,4043.2000,4043.0000,4042.8000,4044.8000,4045.0000,4045.4000,4045.8000,4047.0000,1,2,1,12,1,1,1,1,1,1
SF,IF2006,2020-02-19 10:06:29.400,4044.8000,24041,-1,2416928940.000,1,0,1,双平,S,4043.8000,4043.6000,4043.2000,4043.0000,4042.8000,4045.0000,4045.4000,4045.8000,4047.0000,4047.8000,1,2,1,12,1,1,1,1,1,3
SF,IF2006,2020-02-19 10:06:29.900,4044.8000,24041,0,2416928940.000,0,-,-,-,-,4044.0000,4043.8000,4043.6000,4043.2000,4043.0000,4045.0000,4045.4000,4045.8000,4047.0000,4047.8000,3,1,2,1,12,1,1,1,1,3
SF,IF2006,2020-02-19 10:06:30.400,4044.8000,24041,0,2416928940.000,0,-,-,-,-,4044.2000,4044.0000,4043.8000,4043.6000,4043.2000,4045.0000,4045.4000,4045.8000,4047.0000,4047.8000,1,3,1,2,1,1,1,1,1,3
SF,IF2006,2020-02-19 10:06:30.900,4044.8000,24041,0,2416928940.000,0,-,-,-,-,4044.0000,4043.8000,4043.6000,4043.2000,4043.0000,4045.0000,4045.4000,4047.0000,4047.8000,4048.0000,3,2,2,1,12,1,1,1,3,2
SF,IF2006,2020-02-19 10:06:31.400,4044.8000,24041,0,2416928940.000,0,-,-,-,-,4044.4000,4044.0000,4043.8000,4043.6000,4043.2000,4045.0000,4045.4000,4047.0000,4047.8000,4048.0000,1,3,2,2,1,1,1,1,3,2
SF,IF2006,2020-02-19 10:06:32.400,4045.0000,24041,0,2418142440.000,1,0,1,多换,S,4044.6000,4044.4000,4044.0000,4043.8000,4043.6000,4045.4000,4047.0000,4047.8000,4048.0000,4050.0000,1,1,2,2,2,1,1,3,2,2
SF,IF2006,2020-02-19 10:06:32.900,4045.0000,24041,0,2418142440.000,0,-,-,-,-,4044.6000,4044.4000,4044.0000,4043.8000,4043.6000,4045.4000,4047.0000,4047.8000,4048.0000,4050.0000,1,1,2,1,2,1,1,3,2,2
SF,IF2006,2020-02-19 10:06:33.400,4045.0000,24041,0,2418142440.000,0,-,-,-,-,4044.6000,4044.4000,4044.0000,4043.8000,4043.6000,4045.0000,4045.4000,4047.0000,4047.8000,4048.0000,2,1,2,1,2,1,1,1,3,2
SF,IF2006,2020-02-19 10:06:33.900,4045.0000,24040,-1,2419355940.000,1,0,1,双平,S,4045.0000,4044.6000,4044.0000,4043.8000,4043.6000,4045.4000,4047.0000,4047.8000,4048.0000,4050.0000,1,2,2,1,2,1,1,3,2,2
SF,IF2006,2020-02-19 10:06:34.400,4045.0000,24040,0,2419355940.000,0,-,-,-,-,4045.0000,4044.6000,4044.0000,4043.8000,4043.6000,4045.4000,4047.0000,4047.8000,4048.0000,4050.0000,1,2,1,1,2,1,1,3,2,2
SF,IF2006,2020-02-19 10:06:38.400,4045.0000,24040,0,2419355940.000,0,-,-,-,-,4045.0000,4044.6000,4044.0000,4043.8000,4043.6000,4045.4000,4047.0000,4047.8000,4048.0000,4050.0000,1,1,1,1,2,1,1,3,2,2
SF,IF2006,2020-02-19 10:06:38.900,4045.0000,24039,-1,2420569440.000,1,0,1,双平,S,4044.6000,4044.0000,4043.8000,4043.6000,4043.2000,4045.4000,4047.0000,4047.8000,4048.0000,4050.0000,1,1,1,2,1,1,1,3,2,2
SF,IF2006,2020-02-19 10:06:39.400,4045.0000,24039,0,2420569440.000,0,-,-,-,-,4044.6000,4044.0000,4043.8000,4043.6000,4043.2000,4045.4000,4047.0000,4047.8000,4048.0000,4050.0000,1,1,1,2,1,1,1,3,2,2
SF,IF2006,2020-02-19 10:06:40.900,4045.0000,24039,0,2420569440.000,0,-,-,-,-,4044.6000,4044.0000,4043.8000,4043.6000,4043.2000,4045.4000,4047.0000,4047.8000,4048.0000,4050.0000,1,1,1,2,1,2,1,3,2,2
SF,IF2006,2020-02-19 10:06:42.400,4045.0000,24039,0,2420569440.000,0,-,-,-,-,4044.6000,4044.0000,4043.8000,4043.6000,4043.2000,4045.4000,4047.0000,4047.8000,4048.0000,4050.0000,1,1,1,2,1,4,1,3,2,2
SF,IF2006,2020-02-19 10:06:42.900,4045.0000,24039,0,2420569440.000,0,-,-,-,-,4044.6000,4044.0000,4043.8000,4043.6000,4043.2000,4045.0000,4045.4000,4047.0000,4047.8000,4048.0000,1,1,1,2,1,1,4,1,3,2
SF,IF2006,2020-02-19 10:06:44.400,4045.0000,24039,0,2421782940.000,1,0,1,多换,S,4044.6000,4044.0000,4043.8000,4043.6000,4043.2000,4045.4000,4047.0000,4047.8000,4048.0000,4050.0000,1,1,1,2,1,4,1,3,2,2
SF,IF2006,2020-02-19 10:06:46.400,4044.6000,24039,0,2422996320.000,1,0,1,多换,S,4044.0000,4043.8000,4043.6000,4043.2000,4043.0000,4045.4000,4047.0000,4047.8000,4048.0000,4050.0000,1,1,2,1,12,4,1,3,2,2
SF,IF2006,2020-02-19 10:06:46.900,4044.6000,24039,0,2422996320.000,0,-,-,-,-,4044.0000,4043.8000,4043.6000,4043.2000,4043.0000,4045.0000,4045.2000,4045.4000,4047.0000,4047.8000,1,1,2,1,12,1,2,4,1,3
SF,IF2006,2020-02-19 10:06:47.900,4044.6000,24039,0,2422996320.000,0,-,-,-,-,4044.0000,4043.8000,4043.6000,4043.2000,4043.0000,4045.0000,4045.2000,4045.4000,4047.0000,4047.8000,1,1,2,1,12,1,2,3,1,3
SF,IF2006,2020-02-19 10:06:48.400,4044.6000,24039,0,2422996320.000,0,-,-,-,-,4044.0000,4043.8000,4043.6000,4043.2000,4043.0000,4044.8000,4045.0000,4045.4000,4047.0000,4047.8000,1,1,2,1,12,1,1,3,1,3
SF,IF2006,2020-02-19 10:06:48.900,4044.0000,24038,-1,2424209520.000,1,0,1,双平,S,4043.8000,4043.6000,4043.2000,4043.0000,4042.8000,4045.4000,4047.0000,4047.8000,4048.0000,4050.0000,1,2,1,12,1,3,1,3,2,2
SF,IF2006,2020-02-19 10:06:49.400,4044.0000,24038,0,2424209520.000,0,-,-,-,-,4044.0000,4043.8000,4043.6000,4043.2000,4043.0000,4045.2000,4045.4000,4047.0000,4048.0000,4050.0000,1,1,2,1,12,8,3,1,2,2
SF,IF2006,2020-02-19 10:06:49.900,4044.0000,24038,0,2424209520.000,0,-,-,-,-,4044.0000,4043.8000,4043.6000,4043.2000,4043.0000,4045.0000,4045.2000,4045.4000,4047.0000,4048.0000,1,1,2,1,12,4,6,3,1,2
SF,IF2006,2020-02-19 10:06:50.400,4043.8000,24037,-1,2426635860.000,2,0,2,多平,S,4043.6000,4043.2000,4043.0000,4042.8000,4042.4000,4044.8000,4045.0000,4045.2000,4045.4000,4047.0000,2,1,12,1,10,7,2,1,3,1
SF,IF2006,2020-02-19 10:06:50.900,4043.6000,24038,1,2429062020.000,2,1,1,空开,S,4043.2000,4043.0000,4042.8000,4042.4000,4042.2000,4044.4000,4044.6000,4044.8000,4045.0000,4045.4000,1,12,1,10,10,1,4,4,2,3
SF,IF2006,2020-02-19 10:06:51.400,4043.2000,24039,1,2430274980.000,1,1,0,双开,S,4043.0000,4042.8000,4042.4000,4042.2000,4042.0000,4044.0000,4044.2000,4044.6000,4045.0000,4045.4000,12,1,10,10,10,1,7,1,2,3
SF,IF2006,2020-02-19 10:06:51.900,4043.0000,24039,0,2431487880.000,1,0,1,多换,S,4043.0000,4042.8000,4042.4000,4042.2000,4042.0000,4043.8000,4044.0000,4044.2000,4044.6000,4045.0000,11,1,10,10,10,2,2,7,1,2
SF,IF2006,2020-02-19 10:06:52.400,4043.0000,24039,0,2431487880.000,0,-,-,-,-,4043.0000,4042.8000,4042.4000,4042.2000,4042.0000,4044.0000,4044.2000,4044.6000,4045.0000,4045.4000,11,1,10,10,10,2,5,1,2,3
SF,IF2006,2020-02-19 10:06:52.900,4043.0000,24039,0,2431487880.000,0,-,-,-,-,4043.0000,4042.8000,4042.4000,4042.2000,4042.0000,4043.8000,4044.0000,4044.2000,4044.6000,4045.0000,11,1,10,10,10,2,2,4,1,2
SF,IF2006,2020-02-19 10:06:53.400,4043.0000,24039,0,2431487880.000,0,-,-,-,-,4043.0000,4042.8000,4042.4000,4042.2000,4042.0000,4043.8000,4044.0000,4044.2000,4044.6000,4045.0000,11,1,10,10,10,1,2,4,1,2
SF,IF2006,2020-02-19 10:06:53.900,4043.0000,24038,-1,2432700780.000,1,0,1,双平,S,4043.0000,4042.8000,4042.4000,4042.2000,4042.0000,4043.8000,4044.0000,4044.2000,4044.6000,4045.0000,10,1,10,10,10,1,2,4,1,2
SF,IF2006,2020-02-19 10:06:54.400,4043.0000,24037,-1,2433913680.000,1,0,1,双平,S,4043.0000,4042.8000,4042.4000,4042.2000,4042.0000,4044.0000,4044.2000,4044.6000,4045.0000,4045.4000,9,1,10,10,10,2,4,1,2,3
SF,IF2006,2020-02-19 10:06:54.900,4043.0000,24036,-1,2435126580.000,1,0,1,双平,S,4043.0000,4042.8000,4042.4000,4042.2000,4042.0000,4043.8000,4044.0000,4044.2000,4044.6000,4045.0000,8,1,10,10,10,3,2,3,1,2
SF,IF2006,2020-02-19 10:06:55.400,4043.8000,24037,1,2436339720.000,1,1,0,双开,S,4043.0000,4042.8000,4042.4000,4042.2000,4042.0000,4043.8000,4044.0000,4044.2000,4044.6000,4045.0000,8,1,10,10,10,1,2,3,1,2
SF,IF2006,2020-02-19 10:06:55.900,4043.0000,24036,-1,2438765520.000,2,0,2,多平,S,4043.0000,4042.8000,4042.4000,4042.2000,4042.0000,4043.2000,4043.8000,4044.0000,4044.2000,4045.0000,6,1,10,10,10,1,1,2,3,2
SF,IF2006,2020-02-19 10:06:56.400,4042.8000,24031,-5,2447255760.000,7,1,6,多平,S,4042.4000,4042.2000,4042.0000,4041.8000,4041.6000,4043.2000,4043.8000,4044.0000,4044.2000,4045.0000,10,10,10,1,11,1,1,2,1,2
SF,IF2006,2020-02-19 10:06:56.900,4042.8000,24031,0,2447255760.000,0,-,-,-,-,4042.4000,4042.2000,4042.0000,4041.8000,4041.6000,4042.6000,4043.0000,4043.2000,4043.8000,4044.0000,10,10,10,1,11,2,1,1,1,1
SF,IF2006,2020-02-19 10:06:57.400,4042.6000,24032,1,2449681260.000,2,1,1,空开,S,4042.4000,4042.2000,4042.0000,4041.8000,4041.6000,4043.0000,4043.2000,4043.8000,4044.0000,4044.2000,9,10,10,1,11,1,1,1,1,1
SF,IF2006,2020-02-19 10:06:57.900,4042.4000,24031,-1,2450893980.000,1,0,1,双平,S,4042.6000,4042.4000,4042.2000,4042.0000,4041.8000,4042.8000,4043.0000,4043.2000,4043.8000,4044.0000,1,8,10,10,1,1,1,1,1,1
SF,IF2006,2020-02-19 10:06:58.400,4042.4000,24025,-6,2458170360.000,6,0,6,双平,S,4042.4000,4042.2000,4042.0000,4041.8000,4041.6000,4043.0000,4043.2000,4044.0000,4044.2000,4045.0000,3,10,10,1,11,1,1,1,1,2
SF,IF2006,2020-02-19 10:06:58.900,4042.4000,24022,-3,2461808520.000,3,0,3,双平,S,4042.2000,4042.0000,4041.8000,4041.6000,4041.2000,4042.8000,4043.0000,4043.2000,4044.0000,4044.2000,10,10,1,11,1,2,1,1,1,1
SF,IF2006,2020-02-19 10:06:59.400,4042.2000,24021,-1,2463021180.000,1,0,1,双平,S,4042.2000,4042.0000,4041.8000,4041.6000,4041.2000,4042.8000,4043.0000,4043.2000,4044.0000,4044.2000,9,10,1,11,1,2,1,1,1,1
SF,IF2006,2020-02-19 10:06:59.900,4042.2000,24021,0,2467871820.000,4,2,2,多换,S,4042.2000,4042.0000,4041.8000,4041.6000,4041.2000,4042.6000,4042.8000,4043.0000,4043.2000,4044.0000,5,10,1,11,1,1,2,1,1,1
SF,IF2006,2020-02-19 10:07:00.400,4042.2000,24020,-1,2470297140.000,2,0,2,多平,S,4042.2000,4042.0000,4041.8000,4041.6000,4041.2000,4042.6000,4042.8000,4043.0000,4043.2000,4044.0000,3,10,1,11,1,1,2,1,1,1
SF,IF2006,2020-02-19 10:07:00.900,4042.2000,24018,-2,2472722460.000,2,0,2,双平,S,4042.2000,4042.0000,4041.8000,4041.6000,4041.2000,4042.6000,4042.8000,4043.0000,4043.2000,4044.0000,1,10,1,11,1,1,2,1,1,1
SF,IF2006,2020-02-19 10:07:01.400,4042.4000,24016,-2,2475147840.000,2,0,2,双平,S,4042.0000,4041.8000,4041.6000,4041.2000,4041.0000,4042.6000,4043.0000,4043.2000,4044.0000,4044.2000,10,1,11,1,11,1,1,1,1,1
SF,IF2006,2020-02-19 10:07:01.900,4042.4000,24016,0,2475147840.000,0,-,-,-,-,4042.0000,4041.8000,4041.6000,4041.2000,4041.0000,4042.4000,4042.6000,4043.0000,4043.2000,4044.0000,10,1,11,1,11,4,1,1,1,1
SF,IF2006,2020-02-19 10:07:02.400,4042.4000,24016,0,2475147840.000,0,-,-,-,-,4042.0000,4041.8000,4041.6000,4041.2000,4041.0000,4042.4000,4042.6000,4043.0000,4043.2000,4044.0000,10,1,11,1,11,4,1,1,1,1
SF,IF2006,2020-02-19 10:07:02.900,4042.0000,24015,-1,2487273840.000,10,4,6,多平,S,4041.8000,4041.6000,4041.2000,4041.0000,4040.2000,4042.0000,4042.4000,4042.6000,4043.2000,4044.2000,1,11,1,11,1,3,3,1,1,1
SF,IF2006,2020-02-19 10:07:03.400,4041.8000,24016,1,2492124180.000,4,2,2,空开,S,4041.6000,4041.2000,4041.0000,4040.2000,4040.0000,4042.4000,4042.6000,4043.2000,4044.2000,4045.4000,11,1,11,1,6,3,1,1,1,1
SF,IF2006,2020-02-19 10:07:03.900,4042.4000,24013,-3,2495762340.000,3,0,3,双平,S,4041.6000,4041.2000,4041.0000,4040.2000,4040.0000,4042.6000,4043.2000,4044.2000,4045.4000,4047.0000,11,4,11,1,6,1,1,1,1,1
SF,IF2006,2020-02-19 10:07:04.400,4042.6000,24012,-1,2496975120.000,1,0,1,双平,S,4041.8000,4041.6000,4041.2000,4041.0000,4040.2000,4042.0000,4043.2000,4044.2000,4045.4000,4047.0000,5,11,4,11,1,2,1,1,1,1
SF,IF2006,2020-02-19 10:07:04.900,4043.2000,24010,-2,2500613280.000,3,0,3,多平,S,4042.2000,4042.0000,4041.8000,4041.6000,4041.2000,4044.2000,4045.4000,4047.0000,4050.0000,4053.6000,2,8,1,11,4,1,1,1,2,1
SF,IF2006,2020-02-19 10:07:05.400,4043.2000,24010,0,2500613280.000,0,-,-,-,-,4042.6000,4042.4000,4042.2000,4042.0000,4041.8000,4044.0000,4044.2000,4045.4000,4047.0000,4050.0000,1,3,2,5,1,6,1,1,1,2
SF,IF2006,2020-02-19 10:07:05.900,4042.8000,24009,-1,2501826120.000,1,0,1,双平,S,4042.6000,4042.4000,4042.2000,4042.0000,4041.8000,4043.8000,4044.0000,4045.4000,4047.0000,4050.0000,3,2,2,6,1,1,2,1,1,2
SF,IF2006,2020-02-19 10:07:06.400,4042.8000,24009,0,2501826120.000,0,-,-,-,-,4042.6000,4042.4000,4042.2000,4042.0000,4041.8000,4043.6000,4044.0000,4045.4000,4047.0000,4050.0000,3,2,2,6,1,1,1,1,1,2
SF,IF2006,2020-02-19 10:07:06.900,4042.6000,24010,1,2503038900.000,1,1,0,双开,S,4042.6000,4042.4000,4042.2000,4042.0000,4041.8000,4043.6000,4044.0000,4045.4000,4047.0000,4050.0000,2,2,2,6,1,1,1,1,1,2
SF,IF2006,2020-02-19 10:07:07.400,4042.6000,24010,0,2503038900.000,0,-,-,-,-,4042.4000,4042.0000,4041.8000,4041.6000,4041.2000,4043.6000,4044.0000,4045.4000,4047.0000,4050.0000,2,6,1,11,4,1,1,1,1,2
SF,IF2006,2020-02-19 10:07:07.900,4042.4000,24010,0,2504251620.000,1,0,1,多换,S,4042.4000,4042.0000,4041.6000,4041.2000,4041.0000,4043.4000,4043.6000,4044.0000,4045.4000,4047.0000,1,6,11,4,11,1,1,1,1,1
SF,IF2006,2020-02-19 10:07:08.400,4043.4000,24010,0,2505464640.000,1,0,1,多换,S,4042.6000,4042.4000,4042.0000,4041.6000,4041.2000,4043.6000,4044.0000,4045.4000,4047.0000,4050.0000,3,1,6,11,1,1,1,1,1,2
SF,IF2006,2020-02-19 10:07:08.900,4043.4000,24010,0,2505464640.000,0,-,-,-,-,4042.6000,4042.4000,4042.0000,4041.6000,4041.2000,4043.4000,4043.6000,4044.0000,4045.4000,4047.0000,3,1,6,11,1,1,1,1,1,1
SF,IF2006,2020-02-19 10:07:09.900,4042.6000,24010,0,2506677420.000,1,0,1,多换,S,4042.6000,4042.4000,4042.0000,4041.6000,4041.2000,4043.4000,4043.6000,4044.0000,4045.4000,4047.0000,2,1,6,11,1,1,1,1,1,1
SF,IF2006,2020-02-19 10:07:10.400,4042.6000,24010,0,2506677420.000,0,-,-,-,-,4042.8000,4042.6000,4042.4000,4042.0000,4041.6000,4044.0000,4045.4000,4047.0000,4050.0000,4053.6000,1,2,1,4,11,1,1,1,2,1
SF,IF2006,2020-02-19 10:07:10.900,4042.6000,24010,0,2507890200.000,1,0,1,多换,S,4042.6000,4042.4000,4042.0000,4041.6000,4041.2000,4044.0000,4045.4000,4047.0000,4050.0000,4053.6000,2,1,5,11,1,1,1,1,2,1
SF,IF2006,2020-02-19 10:07:11.400,4042.6000,24010,0,2507890200.000,0,-,-,-,-,4042.8000,4042.6000,4042.0000,4041.6000,4041.2000,4044.0000,4045.4000,4047.0000,4050.0000,4053.6000,1,2,5,11,1,1,1,1,2,1
SF,IF2006,2020-02-19 10:07:11.900,4042.6000,24010,0,2507890200.000,0,-,-,-,-,4042.8000,4042.6000,4042.0000,4041.6000,4041.2000,4044.0000,4047.0000,4050.0000,4053.6000,4055.0000,1,2,5,11,1,1,1,2,1,8
SF,IF2006,2020-02-19 10:07:12.400,4042.6000,24010,0,2507890200.000,0,-,-,-,-,4042.8000,4042.6000,4042.0000,4041.6000,4041.2000,4044.0000,4047.0000,4050.0000,4053.6000,4055.0000,1,2,5,11,1,1,1,2,1,8
SF,IF2006,2020-02-19 10:07:12.900,4042.6000,24010,0,2507890200.000,0,-,-,-,-,4042.8000,4042.6000,4042.0000,4041.6000,4041.2000,4044.0000,4047.0000,4050.0000,4053.6000,4055.0000,1,2,5,11,1,1,1,2,1,8
SF,IF2006,2020-02-19 10:07:13.400,4042.6000,24010,0,2507890200.000,0,-,-,-,-,4042.8000,4042.6000,4042.0000,4041.6000,4041.2000,4044.0000,4047.0000,4050.0000,4053.6000,4055.0000,1,2,5,11,1,1,1,2,1,8
SF,IF2006,2020-02-19 10:07:13.900,4043.0000,24009,-1,2509103100.000,1,0,1,双平,S,4042.8000,4042.6000,4042.0000,4041.6000,4041.2000,4044.0000,4047.0000,4050.0000,4053.6000,4055.0000,1,2,5,11,1,1,1,2,1,8
SF,IF2006,2020-02-19 10:07:14.400,4043.0000,24009,0,2509103100.000,0,-,-,-,-,4042.8000,4042.6000,4042.0000,4041.6000,4041.2000,4044.0000,4047.0000,4050.0000,4053.6000,4055.0000,2,2,5,11,1,1,1,2,1,8
SF,IF2006,2020-02-19 10:07:14.900,4043.0000,24009,0,2509103100.000,0,-,-,-,-,4043.0000,4042.8000,4042.6000,4042.0000,4041.6000,4044.0000,4047.0000,4050.0000,4053.6000,4055.0000,1,2,2,5,11,1,1,2,1,8
SF,IF2006,2020-02-19 10:07:15.400,4044.0000,24008,-1,2510316300.000,1,0,1,双平,S,4043.2000,4043.0000,4042.8000,4042.6000,4042.0000,4047.0000,4050.0000,4053.6000,4055.0000,4056.8000,1,1,1,2,5,1,2,1,8,1
SF,IF2006,2020-02-19 10:07:15.900,4043.6000,24008,0,2511529380.000,1,0,1,多换,S,4043.4000,4043.2000,4043.0000,4042.8000,4042.6000,4045.2000,4045.4000,4045.6000,4045.8000,4046.0000,1,1,1,1,2,1,3,1,1,2
SF,IF2006,2020-02-19 10:07:16.400,4043.6000,24008,0,2511529380.000,0,-,-,-,-,4043.6000,4043.2000,4042.8000,4042.6000,4042.0000,4044.8000,4045.0000,4045.2000,4045.4000,4045.8000,1,1,1,2,5,1,4,1,1,1
SF,IF2006,2020-02-19 10:07:16.900,4043.6000,24008,0,2511529380.000,0,-,-,-,-,4043.6000,4043.2000,4042.8000,4042.6000,4042.0000,4044.6000,4044.8000,4045.0000,4045.2000,4045.4000,1,1,1,2,5,2,1,2,1,1
SF,IF2006,2020-02-19 10:07:17.400,4043.6000,24008,0,2511529380.000,0,-,-,-,-,4043.6000,4043.2000,4042.8000,4042.6000,4042.0000,4044.6000,4045.0000,4045.2000,4045.4000,4045.8000,1,1,1,2,5,2,2,1,1,1
SF,IF2006,2020-02-19 10:07:17.900,4043.6000,24008,0,2511529380.000,0,-,-,-,-,4044.2000,4043.8000,4043.2000,4042.8000,4042.6000,4045.0000,4045.2000,4045.4000,4046.2000,4046.4000,1,1,1,1,2,1,1,1,1,1
SF,IF2006,2020-02-19 10:07:18.400,4043.6000,24009,1,2512742460.000,1,1,0,双开,S,4043.2000,4042.8000,4042.6000,4042.0000,4041.6000,4046.4000,4046.8000,4047.0000,4050.0000,4053.6000,1,1,2,2,11,1,1,3,2,1
SF,IF2006,2020-02-19 10:07:18.900,4043.6000,24009,0,2512742460.000,0,-,-,-,-,4043.8000,4043.6000,4043.4000,4043.2000,4042.8000,4045.8000,4046.2000,4046.8000,4047.0000,4050.0000,1,1,4,1,1,1,7,1,3,2
SF,IF2006,2020-02-19 10:07:19.400,4043.6000,24009,0,2512742460.000,0,-,-,-,-,4044.0000,4043.8000,4043.4000,4042.8000,4042.0000,4045.6000,4045.8000,4046.2000,4046.8000,4047.0000,1,1,4,1,2,3,1,2,1,2
SF,IF2006,2020-02-19 10:07:19.900,4043.6000,24009,0,2512742460.000,0,-,-,-,-,4044.0000,4043.8000,4043.4000,4042.8000,4042.0000,4045.4000,4045.6000,4045.8000,4046.2000,4046.8000,1,1,4,1,2,1,3,1,2,1
SF,IF2006,2020-02-19 10:07:20.400,4043.6000,24009,0,2512742460.000,0,-,-,-,-,4044.0000,4043.8000,4043.4000,4042.8000,4042.0000,4045.2000,4045.4000,4045.6000,4045.8000,4046.2000,1,1,4,1,2,1,1,2,1,2
SF,IF2006,2020-02-19 10:07:20.900,4043.6000,24009,0,2512742460.000,0,-,-,-,-,4044.0000,4043.8000,4043.4000,4042.8000,4042.0000,4045.4000,4045.6000,4045.8000,4046.2000,4046.8000,2,1,4,1,2,1,2,1,2,1
SF,IF2006,2020-02-19 10:07:21.400,4043.6000,24009,0,2512742460.000,0,-,-,-,-,4044.0000,4043.8000,4043.4000,4042.8000,4042.0000,4045.2000,4045.4000,4045.6000,4045.8000,4046.2000,2,1,4,1,2,1,1,2,1,1
SF,IF2006,2020-02-19 10:07:21.900,4043.6000,24009,0,2512742460.000,0,-,-,-,-,4044.2000,4044.0000,4043.4000,4042.8000,4042.0000,4045.6000,4045.8000,4046.2000,4047.0000,4050.0000,4,2,1,1,2,2,1,1,1,2
SF,IF2006,2020-02-19 10:07:22.400,4043.6000,24009,0,2512742460.000,0,-,-,-,-,4044.6000,4044.4000,4044.2000,4043.4000,4042.8000,4045.8000,4046.2000,4050.0000,4053.6000,4055.0000,1,1,3,1,1,1,1,2,1,8
SF,IF2006,2020-02-19 10:07:22.900,4043.6000,24009,0,2512742460.000,0,-,-,-,-,4044.6000,4044.4000,4044.2000,4043.4000,4042.8000,4045.8000,4046.2000,4050.0000,4053.6000,4055.0000,1,1,3,1,1,1,1,2,1,8
SF,IF2006,2020-02-19 10:07:23.400,4043.6000,24009,0,2512742460.000,0,-,-,-,-,4045.0000,4044.8000,4044.2000,4043.4000,4042.8000,4046.2000,4050.0000,4053.6000,4055.0000,4056.8000,1,3,3,1,1,1,2,1,8,1
SF,IF2006,2020-02-19 10:07:23.900,4043.6000,24009,0,2512742460.000,0,-,-,-,-,4045.0000,4044.8000,4044.2000,4043.4000,4042.8000,4050.0000,4053.6000,4055.0000,4056.8000,4057.2000,1,3,3,1,1,2,1,8,1,2
SF,IF2006,2020-02-19 10:07:24.400,4043.6000,24009,0,2512742460.000,0,-,-,-,-,4045.2000,4045.0000,4044.8000,4043.4000,4042.8000,4047.2000,4047.6000,4047.8000,4048.0000,4048.2000,6,1,1,1,1,1,1,2,3,1
SF,IF2006,2020-02-19 10:07:24.900,4043.6000,24009,0,2512742460.000,0,-,-,-,-,4045.4000,4045.2000,4043.4000,4042.8000,4042.0000,4047.0000,4047.2000,4048.8000,4049.4000,4049.8000,2,4,1,1,2,2,1,1,3,5
SF,IF2006,2020-02-19 10:07:25.400,4045.0000,24009,0,2513955960.000,1,0,1,多换,S,4045.2000,4043.4000,4042.8000,4042.0000,4041.6000,4046.8000,4047.0000,4047.2000,4048.8000,4049.4000,4,1,1,2,11,1,1,1,1,3
SF,IF2006,2020-02-19 10:07:25.900,4045.0000,24009,0,2513955960.000,0,-,-,-,-,4045.2000,4043.4000,4042.8000,4042.0000,4041.6000,4046.6000,4046.8000,4047.2000,4048.8000,4049.4000,3,1,1,2,11,3,2,1,1,3
SF,IF2006,2020-02-19 10:07:26.400,4045.0000,24009,0,2513955960.000,0,-,-,-,-,4045.2000,4043.4000,4042.8000,4042.0000,4041.6000,4046.2000,4046.4000,4046.6000,4046.8000,4048.8000,3,1,1,2,11,1,3,3,1,1
SF,IF2006,2020-02-19 10:07:26.900,4045.0000,24009,0,2513955960.000,0,-,-,-,-,4045.2000,4043.4000,4042.8000,4042.0000,4041.6000,4046.6000,4048.8000,4049.4000,4049.8000,4050.0000,3,1,1,2,11,3,1,3,3,7
SF,IF2006,2020-02-19 10:07:27.400,4045.0000,24009,0,2513955960.000,0,-,-,-,-,4045.2000,4043.4000,4042.8000,4042.0000,4041.6000,4045.6000,4046.6000,4048.8000,4049.4000,4049.8000,3,1,1,2,11,1,2,1,3,3
SF,IF2006,2020-02-19 10:07:27.900,4045.6000,24010,1,2515169640.000,1,1,0,双开,S,4045.2000,4043.4000,4042.8000,4042.0000,4041.6000,4046.6000,4048.8000,4049.4000,4049.8000,4050.0000,3,1,1,2,11,1,1,3,3,7
SF,IF2006,2020-02-19 10:07:28.400,4045.2000,24010,0,2516383200.000,1,0,1,多换,S,4045.2000,4043.4000,4042.8000,4042.0000,4041.6000,4046.4000,4046.6000,4048.8000,4049.4000,4049.8000,2,1,1,1,11,1,1,1,3,3
SF,IF2006,2020-02-19 10:07:28.900,4045.2000,24010,0,2516383200.000,0,-,-,-,-,4045.4000,4045.2000,4043.4000,4042.8000,4042.0000,4046.4000,4046.6000,4048.8000,4049.4000,4049.8000,1,2,1,1,1,1,1,1,3,3
SF,IF2006,2020-02-19 10:07:29.400,4045.2000,24010,0,2516383200.000,0,-,-,-,-,4045.4000,4045.2000,4043.4000,4042.8000,4042.0000,4046.4000,4046.6000,4048.8000,4049.4000,4049.8000,1,2,1,1,1,1,1,1,3,3
SF,IF2006,2020-02-19 10:07:34.400,4045.2000,24010,0,2516383200.000,0,-,-,-,-,4045.4000,4045.2000,4043.4000,4042.0000,4041.6000,4046.0000,4046.2000,4046.6000,4048.8000,4049.4000,2,2,1,1,11,1,1,1,1,3
SF,IF2006,2020-02-19 10:07:34.900,4045.4000,24009,-1,2517596820.000,1,0,1,双平,S,4045.4000,4045.2000,4043.4000,4042.0000,4041.6000,4046.0000,4046.6000,4048.8000,4049.4000,4049.8000,1,2,1,11,11,1,1,1,3,3
SF,IF2006,2020-02-19 10:07:35.400,4046.0000,24008,-1,2518810620.000,1,0,1,双平,S,4045.4000,4045.2000,4043.4000,4042.0000,4041.6000,4046.6000,4048.8000,4049.4000,4049.8000,4050.0000,1,2,1,11,11,1,1,3,3,7
SF,IF2006,2020-02-19 10:07:35.900,4046.0000,24008,0,2518810620.000,0,-,-,-,-,4045.4000,4045.2000,4043.4000,4042.0000,4041.6000,4046.4000,4046.6000,4048.8000,4049.4000,4049.8000,1,2,1,11,11,1,1,1,3,3
SF,IF2006,2020-02-19 10:07:36.400,4046.0000,24008,0,2518810620.000,0,-,-,-,-,4045.4000,4045.2000,4043.4000,4042.0000,4041.6000,4046.4000,4046.6000,4048.8000,4049.4000,4049.8000,1,2,1,11,11,1,1,1,3,3
SF,IF2006,2020-02-19 10:07:37.400,4046.0000,24008,0,2518810620.000,0,-,-,-,-,4045.4000,4045.2000,4043.4000,4042.0000,4041.6000,4046.6000,4048.8000,4049.4000,4049.8000,4050.0000,1,2,1,11,11,1,1,3,3,7
SF,IF2006,2020-02-19 10:07:37.900,4046.0000,24008,0,2518810620.000,0,-,-,-,-,4045.6000,4045.4000,4043.4000,4042.0000,4041.6000,4046.4000,4046.6000,4048.8000,4049.4000,4049.8000,3,1,1,10,11,2,1,1,3,3
SF,IF2006,2020-02-19 10:07:38.400,4046.0000,24008,0,2518810620.000,0,-,-,-,-,4045.6000,4045.4000,4043.4000,4042.0000,4041.6000,4046.4000,4046.6000,4048.8000,4049.4000,4049.8000,3,1,1,10,11,1,1,1,3,3
SF,IF2006,2020-02-19 10:07:38.900,4046.0000,24008,0,2518810620.000,0,-,-,-,-,4045.6000,4045.4000,4043.4000,4042.0000,4041.6000,4046.6000,4048.8000,4049.4000,4049.8000,4050.0000,3,1,1,10,11,1,1,3,3,7
SF,IF2006,2020-02-19 10:07:41.400,4045.6000,24009,1,2520024300.000,1,1,0,双开,S,4045.6000,4045.4000,4043.4000,4042.0000,4041.6000,4046.6000,4048.8000,4049.4000,4049.8000,4050.0000,2,1,1,10,11,1,1,3,3,7
SF,IF2006,2020-02-19 10:07:42.400,4045.6000,24009,0,2520024300.000,0,-,-,-,-,4045.6000,4045.4000,4043.4000,4042.0000,4041.6000,4046.4000,4046.6000,4048.8000,4049.4000,4049.8000,2,1,1,10,11,1,1,1,3,3
SF,IF2006,2020-02-19 10:07:42.900,4045.6000,24009,0,2520024300.000,0,-,-,-,-,4045.6000,4045.4000,4043.4000,4042.0000,4041.6000,4046.6000,4048.8000,4049.4000,4049.8000,4050.0000,2,1,1,10,11,1,1,3,3,7
SF,IF2006,2020-02-19 10:07:43.400,4045.6000,24009,0,2521237980.000,1,0,1,多换,S,4045.6000,4045.4000,4043.4000,4042.0000,4041.6000,4046.4000,4046.6000,4048.8000,4049.4000,4049.8000,1,1,1,10,11,2,1,1,3,3
SF,IF2006,2020-02-19 10:07:43.900,4045.6000,24009,0,2521237980.000,0,-,-,-,-,4045.8000,4045.6000,4045.4000,4043.4000,4042.0000,4046.4000,4046.6000,4048.8000,4049.4000,4049.8000,1,1,1,1,10,2,1,1,3,3
SF,IF2006,2020-02-19 10:07:44.400,4045.6000,24009,0,2521237980.000,0,-,-,-,-,4045.8000,4045.4000,4043.4000,4042.0000,4041.6000,4046.4000,4046.6000,4048.8000,4049.4000,4049.8000,3,1,1,10,11,2,1,1,3,3
SF,IF2006,2020-02-19 10:07:45.400,4045.6000,24009,0,2521237980.000,0,-,-,-,-,4045.8000,4045.4000,4044.4000,4043.4000,4042.0000,4046.4000,4046.6000,4048.8000,4049.4000,4049.8000,3,1,1,1,10,2,1,1,3,3
SF,IF2006,2020-02-19 10:07:45.900,4045.8000,24008,-1,2524879560.000,3,1,2,多平,S,4045.8000,4045.4000,4044.4000,4043.4000,4042.0000,4046.6000,4048.8000,4049.4000,4049.8000,4050.0000,2,1,1,1,10,1,1,3,3,7
SF,IF2006,2020-02-19 10:07:49.400,4045.8000,24008,0,2524879560.000,0,-,-,-,-,4045.8000,4045.4000,4044.4000,4043.4000,4042.0000,4046.4000,4046.6000,4048.8000,4049.4000,4049.8000,2,1,1,1,10,1,1,1,3,3
SF,IF2006,2020-02-19 10:07:49.900,4045.8000,24008,0,2526093300.000,1,0,1,多换,S,4045.8000,4045.4000,4044.4000,4043.4000,4042.0000,4046.4000,4046.6000,4048.8000,4049.4000,4049.8000,1,1,1,1,10,1,1,1,3,3
SF,IF2006,2020-02-19 10:07:50.900,4045.8000,24008,0,2527307040.000,1,0,1,多换,S,4045.4000,4044.4000,4043.4000,4042.0000,4041.6000,4046.4000,4046.6000,4048.8000,4049.4000,4049.8000,1,1,1,10,11,1,1,1,3,3
SF,IF2006,2020-02-19 10:07:51.400,4045.8000,24008,0,2527307040.000,0,-,-,-,-,4045.4000,4044.4000,4043.4000,4042.0000,4041.6000,4046.2000,4046.4000,4046.6000,4048.8000,4049.4000,3,1,1,10,11,1,1,1,1,3
SF,IF2006,2020-02-19 10:07:51.900,4045.8000,24008,0,2527307040.000,0,-,-,-,-,4045.4000,4044.4000,4043.4000,4042.0000,4041.6000,4046.4000,4046.6000,4048.8000,4049.4000,4049.8000,3,1,1,10,11,1,1,1,3,3
SF,IF2006,2020-02-19 10:07:54.400,4045.8000,24008,0,2527307040.000,0,-,-,-,-,4045.4000,4044.4000,4043.4000,4042.0000,4041.6000,4046.4000,4046.6000,4048.8000,4049.4000,4049.8000,3,1,1,10,11,1,1,1,3,3
SF,IF2006,2020-02-19 10:07:54.900,4045.8000,24008,0,2527307040.000,0,-,-,-,-,4046.4000,4045.6000,4045.4000,4044.4000,4043.4000,4046.6000,4048.8000,4049.4000,4049.8000,4050.0000,1,1,3,1,1,1,1,3,3,7
SF,IF2006,2020-02-19 10:07:55.400,4045.8000,24008,0,2527307040.000,0,-,-,-,-,4046.4000,4045.4000,4044.4000,4043.4000,4042.0000,4046.6000,4048.8000,4049.4000,4049.8000,4050.0000,3,1,1,1,10,1,1,3,2,7
SF,IF2006,2020-02-19 10:07:55.900,4046.6000,24007,-1,2528521020.000,1,0,1,双平,S,4046.4000,4046.0000,4045.4000,4044.4000,4043.4000,4048.8000,4049.4000,4049.8000,4050.0000,4053.6000,3,1,1,1,1,1,3,2,7,1
SF,IF2006,2020-02-19 10:07:56.400,4046.6000,24007,0,2528521020.000,0,-,-,-,-,4046.6000,4046.4000,4046.0000,4045.4000,4044.4000,4047.6000,4047.8000,4048.0000,4048.4000,4048.6000,1,3,1,1,1,2,1,3,1,3
SF,IF2006,2020-02-19 10:07:56.900,4046.6000,24007,0,2528521020.000,0,-,-,-,-,4046.6000,4046.4000,4046.0000,4045.4000,4044.4000,4047.4000,4047.6000,4047.8000,4048.0000,4048.6000,3,1,1,1,1,1,2,1,2,2
SF,IF2006,2020-02-19 10:07:57.900,4046.6000,24007,0,2528521020.000,0,-,-,-,-,4046.6000,4046.4000,4046.0000,4045.4000,4044.4000,4047.4000,4047.6000,4047.8000,4048.0000,4048.6000,3,1,1,1,1,1,2,1,1,2
SF,IF2006,2020-02-19 10:07:58.400,4046.6000,24007,0,2528521020.000,0,-,-,-,-,4046.8000,4046.6000,4046.4000,4046.0000,4045.4000,4047.6000,4048.0000,4048.6000,4048.8000,4049.4000,1,3,1,1,1,1,1,2,1,2
SF,IF2006,2020-02-19 10:07:58.900,4046.6000,24007,0,2528521020.000,0,-,-,-,-,4047.2000,4046.8000,4046.6000,4046.4000,4046.0000,4048.6000,4050.0000,4053.6000,4055.0000,4056.8000,1,2,1,1,1,2,6,1,8,1
SF,IF2006,2020-02-19 10:07:59.400,4046.6000,24007,0,2528521020.000,0,-,-,-,-,4047.6000,4047.2000,4046.6000,4046.4000,4046.0000,4048.6000,4050.0000,4053.6000,4055.0000,4056.8000,1,3,1,1,1,1,6,1,8,1
SF,IF2006,2020-02-19 10:07:59.900,4046.6000,24007,0,2528521020.000,0,-,-,-,-,4047.6000,4047.2000,4046.6000,4046.4000,4046.0000,4048.6000,4050.0000,4053.6000,4055.0000,4056.8000,3,1,1,1,1,1,6,1,8,1
SF,IF2006,2020-02-19 10:08:00.900,4046.6000,24007,0,2528521020.000,0,-,-,-,-,4047.8000,4047.6000,4046.6000,4046.4000,4046.0000,4048.6000,4050.0000,4053.6000,4055.0000,4056.8000,1,3,1,1,1,1,5,1,8,1
SF,IF2006,2020-02-19 10:08:01.400,4047.8000,24006,-1,2529735360.000,1,0,1,双平,S,4047.8000,4047.6000,4046.6000,4046.4000,4046.0000,4048.6000,4050.0000,4053.6000,4055.0000,4056.8000,2,1,1,1,1,1,5,1,8,1
SF,IF2006,2020-02-19 10:08:01.900,4047.8000,24006,0,2532164040.000,2,1,1,多换,S,4047.6000,4046.6000,4046.4000,4046.0000,4045.4000,4048.4000,4048.6000,4050.0000,4053.6000,4055.0000,1,1,1,3,1,3,1,5,1,8
SF,IF2006,2020-02-19 10:08:02.400,4047.6000,24005,-1,2533378320.000,1,0,1,双平,S,4046.6000,4046.4000,4046.0000,4045.4000,4044.4000,4048.0000,4048.2000,4048.4000,4048.6000,4050.0000,1,1,3,1,1,1,2,2,1,5
SF,IF2006,2020-02-19 10:08:02.900,4047.6000,24005,0,2533378320.000,0,-,-,-,-,4046.6000,4046.4000,4046.0000,4045.4000,4044.4000,4047.8000,4048.0000,4048.2000,4048.4000,4048.6000,1,1,2,1,1,2,1,1,2,1
SF,IF2006,2020-02-19 10:08:03.400,4047.6000,24005,0,2533378320.000,0,-,-,-,-,4046.6000,4046.4000,4046.0000,4045.4000,4044.4000,4047.8000,4048.0000,4048.2000,4048.4000,4048.6000,1,1,2,1,1,2,1,1,1,1
SF,IF2006,2020-02-19 10:08:03.900,4046.6000,24004,-1,2534592300.000,1,0,1,双平,S,4046.4000,4046.0000,4045.4000,4044.4000,4043.4000,4046.6000,4047.8000,4048.0000,4048.2000,4048.4000,1,2,1,1,1,1,2,1,1,2
SF,IF2006,2020-02-19 10:08:04.400,4046.6000,24003,-1,2535806280.000,1,0,1,双平,S,4046.6000,4046.4000,4046.0000,4045.4000,4044.4000,4047.8000,4048.4000,4048.6000,4050.0000,4053.6000,4,1,2,1,1,2,1,1,5,1
SF,IF2006,2020-02-19 10:08:04.900,4046.6000,24003,0,2535806280.000,0,-,-,-,-,4046.8000,4046.6000,4046.4000,4046.0000,4045.4000,4047.6000,4047.8000,4048.4000,4050.0000,4053.6000,1,4,1,2,1,2,1,1,5,1
SF,IF2006,2020-02-19 10:08:05.400,4046.6000,24003,0,2535806280.000,0,-,-,-,-,4046.8000,4046.6000,4046.4000,4046.0000,4045.4000,4047.6000,4047.8000,4048.4000,4050.0000,4053.6000,1,4,1,2,1,1,1,1,5,1
SF,IF2006,2020-02-19 10:08:05.900,4046.6000,24003,0,2535806280.000,0,-,-,-,-,4046.8000,4046.6000,4046.4000,4046.0000,4045.4000,4047.6000,4047.8000,4048.0000,4048.4000,4050.0000,1,4,1,2,1,1,1,1,1,5
SF,IF2006,2020-02-19 10:08:06.400,4047.8000,24002,-1,2537020620.000,1,0,1,双平,S,4046.8000,4046.6000,4046.4000,4046.0000,4045.4000,4048.0000,4048.4000,4050.0000,4053.6000,4055.0000,1,4,1,2,1,1,1,5,1,8
SF,IF2006,2020-02-19 10:08:06.900,4047.8000,24002,0,2537020620.000,0,-,-,-,-,4047.2000,4047.0000,4046.8000,4046.6000,4046.4000,4048.0000,4048.4000,4050.0000,4053.6000,4055.0000,1,3,1,4,1,1,1,5,1,8
SF,IF2006,2020-02-19 10:08:07.400,4048.0000,24001,-1,2538235020.000,1,0,1,双平,S,4047.4000,4047.2000,4047.0000,4046.6000,4046.4000,4048.4000,4050.0000,4053.6000,4055.0000,4056.8000,1,1,2,4,1,1,5,1,8,1
SF,IF2006,2020-02-19 10:08:07.900,4048.0000,24001,0,2538235020.000,0,-,-,-,-,4047.6000,4047.4000,4047.2000,4047.0000,4046.6000,4048.4000,4050.0000,4053.6000,4055.0000,4056.8000,1,1,1,1,4,1,5,1,8,1
SF,IF2006,2020-02-19 10:08:08.400,4048.4000,24002,1,2539449540.000,1,1,0,双开,S,4048.4000,4047.6000,4047.0000,4046.6000,4046.4000,4050.0000,4053.6000,4055.0000,4056.8000,4057.2000,1,1,1,4,1,2,1,8,1,2
SF,IF2006,2020-02-19 10:08:08.900,4048.4000,24002,0,2539449540.000,0,-,-,-,-,4048.4000,4047.0000,4046.6000,4046.4000,4046.0000,4049.2000,4049.4000,4049.6000,4049.8000,4050.0000,2,1,4,1,2,1,1,2,3,2
SF,IF2006,2020-02-19 10:08:09.400,4048.4000,24002,0,2539449540.000,0,-,-,-,-,4048.4000,4047.0000,4046.6000,4046.4000,4046.0000,4049.2000,4049.4000,4049.6000,4049.8000,4050.0000,1,1,4,1,2,1,1,2,2,2
SF,IF2006,2020-02-19 10:08:10.400,4049.4000,24003,1,2541879120.000,2,1,1,空开,S,4049.2000,4048.4000,4047.0000,4046.6000,4046.4000,4049.6000,4049.8000,4050.0000,4053.6000,4053.8000,4,1,1,4,1,2,2,2,1,1
SF,IF2006,2020-02-19 10:08:10.900,4049.2000,24006,3,2547952920.000,5,4,1,空开,S,4047.0000,4046.4000,4046.0000,4045.4000,4044.4000,4049.6000,4049.8000,4050.0000,4053.6000,4053.8000,1,1,2,1,1,2,1,2,1,1
SF,IF2006,2020-02-19 10:08:11.400,4049.2000,24006,0,2547952920.000,0,-,-,-,-,4048.0000,4047.6000,4047.2000,4047.0000,4046.4000,4049.4000,4049.6000,4050.0000,4053.6000,4053.8000,1,2,2,1,1,4,2,2,1,1
SF,IF2006,2020-02-19 10:08:11.900,4049.2000,24006,0,2547952920.000,0,-,-,-,-,4048.0000,4047.6000,4047.2000,4047.0000,4046.4000,4049.0000,4049.2000,4049.4000,4049.6000,4050.0000,1,2,1,1,1,1,1,4,1,2
SF,IF2006,2020-02-19 10:08:12.400,4049.2000,24006,0,2547952920.000,0,-,-,-,-,4048.0000,4047.6000,4047.2000,4047.0000,4046.4000,4048.6000,4049.2000,4049.4000,4050.0000,4053.6000,1,2,1,1,1,1,1,3,2,1
SF,IF2006,2020-02-19 10:08:12.900,4049.2000,24006,0,2547952920.000,0,-,-,-,-,4047.6000,4047.2000,4047.0000,4046.4000,4046.0000,4049.4000,4050.0000,4053.6000,4053.8000,4055.0000,1,1,1,1,2,2,2,1,1,8
SF,IF2006,2020-02-19 10:08:13.400,4047.8000,24005,-1,2549167260.000,1,0,1,双平,S,4047.2000,4046.4000,4046.0000,4045.4000,4044.4000,4048.4000,4049.0000,4049.2000,4049.4000,4050.0000,1,1,2,1,1,1,4,1,2,2
SF,IF2006,2020-02-19 10:08:13.900,4047.4000,24005,0,2550381480.000,1,0,1,多换,S,4047.4000,4046.6000,4046.4000,4046.0000,4045.4000,4049.0000,4049.2000,4049.4000,4050.0000,4053.6000,1,1,1,2,1,3,1,3,2,1
SF,IF2006,2020-02-19 10:08:14.400,4047.4000,24005,0,2550381480.000,0,-,-,-,-,4047.4000,4046.6000,4046.4000,4046.0000,4044.4000,4048.8000,4049.0000,4049.2000,4049.4000,4050.0000,2,1,1,2,1,4,3,1,1,2
SF,IF2006,2020-02-19 10:08:14.900,4047.4000,24005,0,2550381480.000,0,-,-,-,-,4047.8000,4047.6000,4047.4000,4046.6000,4046.4000,4048.8000,4049.0000,4049.2000,4049.4000,4050.0000,1,3,2,1,1,1,1,1,1,2
SF,IF2006,2020-02-19 10:08:15.400,4048.0000,24004,-1,2554025160.000,3,1,2,多平,S,4048.0000,4047.8000,4047.6000,4047.4000,4046.6000,4050.0000,4053.6000,4053.8000,4055.0000,4056.8000,2,1,1,1,1,2,1,1,8,1
SF,IF2006,2020-02-19 10:08:15.900,4048.0000,24004,0,2554025160.000,0,-,-,-,-,4048.2000,4048.0000,4047.4000,4046.6000,4046.4000,4049.4000,4049.8000,4050.0000,4053.6000,4053.8000,2,2,1,1,1,1,3,2,1,1
SF,IF2006,2020-02-19 10:08:16.400,4048.0000,24004,0,2554025160.000,0,-,-,-,-,4048.4000,4048.2000,4048.0000,4047.4000,4046.6000,4049.8000,4050.0000,4053.6000,4053.8000,4055.0000,1,2,1,1,1,2,2,1,1,8
SF,IF2006,2020-02-19 10:08:16.900,4048.0000,24004,0,2554025160.000,0,-,-,-,-,4048.2000,4048.0000,4047.4000,4046.0000,4044.4000,4049.4000,4049.8000,4050.0000,4053.6000,4053.8000,2,1,1,2,1,1,2,2,1,1
SF,IF2006,2020-02-19 10:08:17.400,4048.0000,24004,0,2554025160.000,0,-,-,-,-,4048.2000,4048.0000,4047.4000,4046.0000,4044.4000,4049.8000,4050.0000,4053.6000,4053.8000,4055.0000,2,1,1,2,1,1,2,1,1,8
SF,IF2006,2020-02-19 10:08:17.900,4048.0000,24004,0,2554025160.000,0,-,-,-,-,4048.2000,4048.0000,4047.4000,4046.0000,4044.4000,4049.6000,4049.8000,4050.0000,4053.6000,4053.8000,2,1,1,2,1,1,1,2,1,1
SF,IF2006,2020-02-19 10:08:18.400,4049.6000,24004,0,2555240040.000,1,0,1,多换,S,4048.2000,4048.0000,4047.4000,4046.0000,4044.4000,4049.8000,4050.0000,4053.6000,4053.8000,4055.0000,2,1,1,2,1,1,2,1,1,8
SF,IF2006,2020-02-19 10:08:18.900,4048.2000,24003,-1,2557668960.000,2,0,2,多平,S,4048.0000,4047.4000,4046.0000,4044.4000,4043.4000,4049.6000,4049.8000,4050.0000,4053.6000,4053.8000,1,1,2,1,1,1,1,2,1,1
SF,IF2006,2020-02-19 10:08:19.400,4048.2000,24003,0,2557668960.000,0,-,-,-,-,4048.0000,4047.4000,4046.0000,4044.4000,4043.4000,4049.4000,4049.6000,4050.0000,4053.6000,4053.8000,1,1,2,1,1,1,1,2,1,1
SF,IF2006,2020-02-19 10:08:19.900,4048.2000,24003,0,2557668960.000,0,-,-,-,-,4048.0000,4047.4000,4046.0000,4044.4000,4043.4000,4049.4000,4049.6000,4050.0000,4053.6000,4053.8000,2,1,2,1,1,2,1,2,1,1
SF,IF2006,2020-02-19 10:08:20.400,4048.2000,24003,0,2557668960.000,0,-,-,-,-,4048.2000,4048.0000,4047.4000,4046.0000,4044.4000,4049.4000,4049.6000,4050.0000,4053.6000,4053.8000,1,2,1,2,1,2,1,2,1,1
SF,IF2006,2020-02-19 10:08:20.900,4048.2000,24003,0,2557668960.000,0,-,-,-,-,4048.2000,4048.0000,4047.4000,4046.0000,4044.4000,4049.4000,4049.6000,4050.0000,4053.6000,4053.8000,1,2,1,2,1,1,1,2,1,1
SF,IF2006,2020-02-19 10:08:21.400,4048.2000,24003,0,2557668960.000,0,-,-,-,-,4048.4000,4048.2000,4048.0000,4047.4000,4046.0000,4049.4000,4049.6000,4050.0000,4053.6000,4053.8000,1,1,2,1,2,1,1,2,1,1
SF,IF2006,2020-02-19 10:08:23.900,4048.2000,24003,0,2557668960.000,0,-,-,-,-,4048.2000,4048.0000,4047.4000,4046.0000,4044.4000,4049.4000,4049.6000,4050.0000,4053.6000,4053.8000,1,2,1,2,1,1,1,2,1,1
SF,IF2006,2020-02-19 10:08:24.400,4048.2000,24003,0,2557668960.000,0,-,-,-,-,4048.2000,4048.0000,4047.4000,4046.0000,4044.4000,4049.4000,4049.6000,4050.0000,4053.6000,4053.8000,1,2,1,2,1,1,1,2,1,1
SF,IF2006,2020-02-19 10:08:24.900,4048.2000,24003,0,2557668960.000,0,-,-,-,-,4048.6000,4048.2000,4048.0000,4047.4000,4046.0000,4049.4000,4049.6000,4050.0000,4053.6000,4053.8000,1,1,2,1,2,1,1,2,1,1
SF,IF2006,2020-02-19 10:08:25.400,4048.2000,24003,0,2557668960.000,0,-,-,-,-,4048.6000,4048.2000,4048.0000,4047.4000,4046.0000,4049.4000,4049.6000,4050.0000,4053.6000,4055.0000,1,1,2,1,2,1,1,2,1,8
SF,IF2006,2020-02-19 10:08:25.900,4048.2000,24003,0,2557668960.000,0,-,-,-,-,4048.6000,4048.0000,4047.4000,4046.0000,4044.4000,4049.6000,4050.0000,4053.6000,4055.0000,4056.8000,1,2,1,2,1,1,2,1,8,1
SF,IF2006,2020-02-19 10:08:26.400,4049.6000,24001,-2,2560098720.000,2,0,2,双平,S,4048.8000,4048.6000,4048.0000,4047.4000,4046.0000,4050.0000,4053.6000,4055.0000,4056.8000,4057.2000,2,2,1,1,2,2,1,8,1,2
SF,IF2006,2020-02-19 10:08:26.900,4050.0000,24000,-1,2562528720.000,2,0,2,多平,S,4049.0000,4048.8000,4048.6000,4048.0000,4047.4000,4053.6000,4055.0000,4056.8000,4057.2000,4057.4000,5,2,1,1,1,1,3,1,2,1
SF,IF2006,2020-02-19 10:08:27.400,4050.0000,24000,0,2562528720.000,0,-,-,-,-,4049.8000,4049.4000,4049.2000,4049.0000,4048.6000,4051.4000,4051.8000,4052.2000,4052.8000,4053.0000,1,2,5,2,1,1,2,2,1,3
SF,IF2006,2020-02-19 10:08:27.900,4050.0000,24000,0,2562528720.000,0,-,-,-,-,4049.8000,4049.4000,4049.2000,4049.0000,4048.6000,4051.2000,4051.4000,4053.0000,4053.4000,4053.6000,1,2,3,2,1,1,1,4,3,2
SF,IF2006,2020-02-19 10:08:28.400,4050.0000,24000,0,2562528720.000,0,-,-,-,-,4049.8000,4049.4000,4049.2000,4049.0000,4048.6000,4051.2000,4051.4000,4053.0000,4053.4000,4053.6000,1,2,3,2,1,1,1,4,3,2
SF,IF2006,2020-02-19 10:08:29.400,4050.0000,24000,0,2562528720.000,0,-,-,-,-,4049.8000,4049.4000,4049.2000,4049.0000,4048.6000,4051.2000,4051.4000,4053.0000,4053.4000,4053.6000,1,1,3,2,1,1,1,4,3,2
SF,IF2006,2020-02-19 10:08:29.900,4050.0000,24000,0,2562528720.000,0,-,-,-,-,4049.8000,4049.2000,4049.0000,4048.6000,4048.0000,4051.2000,4051.4000,4053.0000,4053.4000,4053.6000,1,3,2,1,1,1,1,4,3,2
SF,IF2006,2020-02-19 10:08:30.900,4050.0000,24000,0,2562528720.000,0,-,-,-,-,4049.8000,4049.2000,4049.0000,4047.4000,4046.6000,4050.0000,4051.2000,4051.4000,4053.0000,4053.4000,1,3,2,1,1,1,1,1,4,3
SF,IF2006,2020-02-19 10:08:31.400,4050.0000,24000,0,2563743720.000,1,0,1,多换,S,4050.0000,4049.2000,4049.0000,4047.4000,4046.6000,4051.2000,4051.4000,4053.0000,4053.4000,4053.6000,5,2,1,1,1,1,1,4,3,2
SF,IF2006,2020-02-19 10:08:31.900,4050.0000,24000,0,2563743720.000,0,-,-,-,-,4050.0000,4049.2000,4049.0000,4047.4000,4046.6000,4051.0000,4051.2000,4051.4000,4053.0000,4053.4000,6,2,1,1,1,1,1,1,4,3
SF,IF2006,2020-02-19 10:08:32.400,4050.0000,24000,0,2563743720.000,0,-,-,-,-,4050.0000,4049.2000,4049.0000,4047.4000,4046.6000,4051.0000,4051.2000,4051.4000,4053.0000,4053.4000,6,2,1,1,1,1,1,1,4,3
SF,IF2006,2020-02-19 10:08:32.900,4050.0000,24000,0,2563743720.000,0,-,-,-,-,4050.0000,4049.2000,4049.0000,4047.4000,4046.6000,4050.8000,4051.0000,4051.4000,4053.0000,4053.4000,5,1,1,1,1,2,1,1,4,3
SF,IF2006,2020-02-19 10:08:33.400,4050.0000,24000,0,2563743720.000,0,-,-,-,-,4050.0000,4049.2000,4049.0000,4047.4000,4046.6000,4050.2000,4050.6000,4050.8000,4051.4000,4053.0000,2,1,1,1,1,1,1,1,1,4
SF,IF2006,2020-02-19 10:08:33.900,4050.2000,23999,-1,2567388780.000,3,1,2,多平,S,4049.2000,4049.0000,4047.4000,4046.6000,4045.0000,4049.4000,4050.6000,4050.8000,4053.0000,4053.4000,1,1,1,1,5,2,1,1,4,3
SF,IF2006,2020-02-19 10:08:34.400,4049.4000,23999,0,2569818420.000,2,1,1,多换,S,4049.6000,4049.4000,4049.2000,4049.0000,4046.6000,4050.6000,4050.8000,4053.0000,4053.4000,4053.6000,2,9,1,1,1,1,1,3,3,2
SF,IF2006,2020-02-19 10:08:34.900,4050.6000,24000,1,2571033600.000,1,1,0,双开,S,4049.6000,4049.4000,4049.2000,4049.0000,4046.6000,4050.8000,4053.0000,4053.4000,4053.6000,4055.0000,2,4,1,1,1,1,3,3,2,3
SF,IF2006,2020-02-19 10:08:35.400,4050.6000,24000,0,2571033600.000,0,-,-,-,-,4049.6000,4049.4000,4049.2000,4049.0000,4046.6000,4050.6000,4050.8000,4053.0000,4053.4000,4053.6000,2,4,1,1,1,1,1,3,3,2
SF,IF2006,2020-02-19 10:08:35.900,4050.6000,24000,0,2571033600.000,0,-,-,-,-,4049.4000,4049.2000,4049.0000,4046.6000,4045.0000,4050.6000,4050.8000,4052.0000,4053.0000,4053.4000,4,1,1,1,5,1,1,1,3,3
SF,IF2006,2020-02-19 10:08:36.400,4050.6000,24000,0,2571033600.000,0,-,-,-,-,4049.4000,4049.2000,4049.0000,4046.6000,4045.0000,4050.4000,4052.0000,4053.0000,4053.4000,4053.6000,3,1,1,1,5,3,1,3,3,2
SF,IF2006,2020-02-19 10:08:36.900,4050.6000,24000,0,2571033600.000,0,-,-,-,-,4049.4000,4049.2000,4049.0000,4046.6000,4045.0000,4050.2000,4050.4000,4052.0000,4053.0000,4053.4000,3,1,1,1,5,2,1,1,3,3
SF,IF2006,2020-02-19 10:08:37.400,4050.6000,24000,0,2571033600.000,0,-,-,-,-,4049.4000,4049.2000,4049.0000,4046.6000,4045.0000,4050.4000,4052.0000,4053.0000,4053.4000,4053.6000,3,1,1,1,5,1,1,3,3,2
SF,IF2006,2020-02-19 10:08:37.900,4050.6000,24000,0,2571033600.000,0,-,-,-,-,4049.2000,4049.0000,4046.6000,4045.0000,4044.4000,4050.2000,4050.4000,4052.0000,4053.0000,4053.4000,1,1,1,5,1,2,1,1,3,3
SF,IF2006,2020-02-19 10:08:38.400,4050.6000,24000,0,2571033600.000,0,-,-,-,-,4049.4000,4049.2000,4049.0000,4046.6000,4045.0000,4050.4000,4052.0000,4053.0000,4053.4000,4053.6000,1,1,1,1,5,1,1,3,3,2
SF,IF2006,2020-02-19 10:08:39.400,4050.4000,23999,-1,2572248720.000,1,0,1,双平,S,4049.4000,4049.2000,4049.0000,4046.6000,4045.0000,4052.0000,4053.0000,4053.4000,4053.6000,4055.0000,1,1,1,1,5,1,3,3,2,3
SF,IF2006,2020-02-19 10:08:39.900,4050.4000,23999,0,2572248720.000,0,-,-,-,-,4050.2000,4049.6000,4049.4000,4049.2000,4046.6000,4051.2000,4051.6000,4051.8000,4052.0000,4053.0000,1,6,1,1,1,1,1,2,1,3
SF,IF2006,2020-02-19 10:08:40.400,4050.4000,23999,0,2572248720.000,0,-,-,-,-,4050.6000,4050.4000,4049.6000,4049.4000,4049.2000,4051.8000,4052.0000,4053.0000,4053.4000,4053.6000,1,3,2,1,1,2,1,3,3,2
SF,IF2006,2020-02-19 10:08:40.900,4050.4000,23999,0,2572248720.000,0,-,-,-,-,4050.6000,4050.4000,4049.6000,4049.4000,4049.2000,4051.8000,4052.0000,4053.0000,4053.4000,4053.6000,1,3,2,1,1,2,1,2,3,2
SF,IF2006,2020-02-19 10:08:41.900,4050.4000,23999,0,2572248720.000,0,-,-,-,-,4050.8000,4050.6000,4050.4000,4049.6000,4049.4000,4051.8000,4052.0000,4053.0000,4053.4000,4053.6000,1,1,2,2,2,1,1,2,3,2
SF,IF2006,2020-02-19 10:08:42.400,4050.4000,23999,0,2572248720.000,0,-,-,-,-,4050.8000,4050.6000,4050.4000,4050.0000,4049.6000,4051.8000,4052.0000,4053.0000,4053.4000,4053.6000,1,1,2,1,2,1,1,2,3,2
SF,IF2006,2020-02-19 10:08:42.900,4050.4000,24000,1,2574678960.000,2,1,1,空开,S,4050.4000,4050.0000,4049.6000,4049.4000,4049.2000,4052.0000,4053.0000,4053.4000,4053.6000,4055.0000,2,1,1,2,1,1,1,3,2,3
SF,IF2006,2020-02-19 10:08:43.400,4050.4000,24000,0,2574678960.000,0,-,-,-,-,4050.4000,4050.0000,4049.6000,4049.4000,4049.2000,4051.8000,4052.0000,4053.0000,4053.4000,4053.6000,2,1,1,2,1,3,1,1,3,2
SF,IF2006,2020-02-19 10:08:43.900,4050.4000,24000,0,2574678960.000,0,-,-,-,-,4050.4000,4050.0000,4049.6000,4049.4000,4049.2000,4051.6000,4051.8000,4052.0000,4053.0000,4053.4000,2,1,1,2,1,2,1,1,1,3
SF,IF2006,2020-02-19 10:08:44.400,4050.4000,24000,0,2574678960.000,0,-,-,-,-,4050.4000,4050.0000,4049.6000,4049.4000,4049.2000,4051.6000,4051.8000,4052.0000,4053.0000,4053.4000,2,1,1,2,1,2,1,1,1,3
SF,IF2006,2020-02-19 10:08:44.900,4050.4000,24000,0,2574678960.000,0,-,-,-,-,4050.4000,4050.0000,4049.6000,4049.4000,4049.2000,4051.2000,4051.4000,4051.6000,4051.8000,4052.0000,2,1,1,2,1,1,4,1,1,1
SF,IF2006,2020-02-19 10:08:45.400,4050.4000,24000,0,2574678960.000,0,-,-,-,-,4050.0000,4049.6000,4049.4000,4049.2000,4048.0000,4051.2000,4051.4000,4051.6000,4051.8000,4052.0000,1,1,1,1,2,1,2,1,1,1
SF,IF2006,2020-02-19 10:08:45.900,4050.4000,24000,0,2574678960.000,0,-,-,-,-,4050.0000,4049.6000,4049.4000,4049.2000,4048.0000,4051.0000,4051.2000,4051.4000,4051.6000,4051.8000,1,1,1,1,2,1,1,2,1,1
SF,IF2006,2020-02-19 10:08:46.400,4050.4000,24000,0,2574678960.000,0,-,-,-,-,4050.0000,4049.6000,4049.4000,4049.2000,4048.0000,4050.8000,4051.4000,4051.6000,4051.8000,4052.0000,1,1,1,1,2,3,1,1,1,1
SF,IF2006,2020-02-19 10:08:46.900,4050.4000,24000,0,2574678960.000,0,-,-,-,-,4050.0000,4049.6000,4049.4000,4049.2000,4048.0000,4050.8000,4051.4000,4051.6000,4051.8000,4052.0000,1,1,1,1,2,1,1,1,1,1
SF,IF2006,2020-02-19 10:08:48.900,4050.4000,24000,0,2574678960.000,0,-,-,-,-,4050.0000,4049.6000,4049.4000,4049.2000,4048.0000,4050.8000,4051.4000,4051.6000,4051.8000,4052.0000,1,1,1,1,2,1,1,1,1,1
SF,IF2006,2020-02-19 10:08:50.900,4050.8000,24000,0,2575894200.000,1,0,1,多换,S,4050.0000,4049.6000,4049.4000,4049.2000,4048.0000,4051.4000,4051.6000,4051.8000,4052.0000,4052.2000,1,1,1,1,2,1,1,2,1,1
SF,IF2006,2020-02-19 10:08:51.400,4050.8000,24000,0,2575894200.000,0,-,-,-,-,4050.0000,4049.6000,4049.4000,4049.2000,4048.0000,4050.8000,4051.0000,4051.2000,4051.4000,4051.6000,1,1,1,1,2,1,3,3,1,1
SF,IF2006,2020-02-19 10:08:51.900,4050.8000,24000,0,2575894200.000,0,-,-,-,-,4050.0000,4049.6000,4049.4000,4049.2000,4048.0000,4050.6000,4050.8000,4051.0000,4051.2000,4051.4000,1,1,1,1,2,1,1,1,3,1
SF,IF2006,2020-02-19 10:08:52.400,4050.0000,23999,-1,2577109200.000,1,0,1,双平,S,4049.6000,4049.4000,4049.2000,4048.0000,4046.6000,4050.6000,4050.8000,4051.0000,4051.2000,4051.4000,1,1,1,2,1,1,1,1,3,1
SF,IF2006,2020-02-19 10:08:52.900,4050.0000,23999,0,2577109200.000,0,-,-,-,-,4049.8000,4049.4000,4049.2000,4048.0000,4046.6000,4050.0000,4050.6000,4050.8000,4051.0000,4051.2000,1,1,1,2,1,1,1,1,1,3
SF,IF2006,2020-02-19 10:08:53.400,4050.0000,23999,0,2578324200.000,1,0,1,多换,S,4049.8000,4049.4000,4049.2000,4048.0000,4046.6000,4050.6000,4050.8000,4051.0000,4051.2000,4051.4000,1,1,1,2,1,1,1,1,2,1
SF,IF2006,2020-02-19 10:08:53.900,4050.0000,23999,0,2578324200.000,0,-,-,-,-,4049.6000,4049.4000,4049.2000,4048.0000,4046.6000,4050.6000,4050.8000,4051.0000,4051.2000,4051.4000,1,1,1,2,1,1,1,1,2,1
SF,IF2006,2020-02-19 10:08:54.400,4050.6000,23998,-1,2579539380.000,1,0,1,双平,S,4049.6000,4049.4000,4048.0000,4046.6000,4045.0000,4050.8000,4051.0000,4051.2000,4051.4000,4051.8000,2,1,2,1,5,1,1,2,1,1
SF,IF2006,2020-02-19 10:08:55.900,4050.6000,23998,0,2579539380.000,0,-,-,-,-,4050.6000,4049.6000,4049.4000,4048.0000,4046.6000,4050.8000,4051.0000,4051.2000,4051.4000,4051.8000,1,2,1,2,1,2,1,2,1,1
SF,IF2006,2020-02-19 10:08:56.400,4050.6000,23998,0,2580754560.000,1,0,1,多换,S,4049.6000,4049.4000,4048.0000,4046.6000,4045.0000,4050.8000,4051.0000,4051.2000,4051.8000,4052.0000,2,1,2,1,5,2,1,2,1,1
SF,IF2006,2020-02-19 10:08:56.900,4050.6000,23998,0,2580754560.000,0,-,-,-,-,4049.6000,4049.4000,4048.0000,4046.6000,4045.0000,4050.8000,4051.0000,4051.2000,4051.8000,4052.0000,2,1,2,1,5,2,2,2,1,1
SF,IF2006,2020-02-19 10:08:57.400,4049.6000,23999,1,2583184320.000,2,1,1,空开,S,4049.4000,4048.0000,4046.6000,4045.0000,4042.0000,4050.8000,4051.0000,4051.2000,4051.8000,4052.2000,1,2,1,5,10,2,2,2,1,1
SF,IF2006,2020-02-19 10:08:57.900,4049.6000,23999,0,2583184320.000,0,-,-,-,-,4049.6000,4049.4000,4048.0000,4046.6000,4045.0000,4050.8000,4051.0000,4051.2000,4051.8000,4052.2000,2,1,2,1,5,2,2,2,1,1
SF,IF2006,2020-02-19 10:09:00.900,4049.6000,23999,0,2583184320.000,0,-,-,-,-,4049.6000,4049.4000,4048.0000,4046.6000,4045.0000,4050.8000,4051.0000,4051.2000,4051.8000,4052.2000,2,1,2,1,8,2,2,2,1,1
SF,IF2006,2020-02-19 10:09:01.400,4049.6000,23999,0,2583184320.000,0,-,-,-,-,4049.6000,4049.4000,4048.0000,4046.6000,4045.0000,4050.6000,4050.8000,4051.0000,4051.2000,4051.8000,1,1,2,1,8,1,2,2,1,1
SF,IF2006,2020-02-19 10:09:01.900,4049.6000,23999,0,2583184320.000,0,-,-,-,-,4049.4000,4048.0000,4046.6000,4045.0000,4042.0000,4050.4000,4050.6000,4050.8000,4051.0000,4051.8000,1,2,1,8,10,1,1,2,1,1
SF,IF2006,2020-02-19 10:09:02.400,4049.6000,23999,0,2583184320.000,0,-,-,-,-,4049.4000,4048.0000,4046.6000,4045.0000,4042.0000,4050.4000,4050.6000,4050.8000,4051.0000,4051.8000,1,2,1,8,10,1,1,3,1,1
SF,IF2006,2020-02-19 10:09:02.900,4049.4000,23999,0,2584399140.000,1,0,1,多换,S,4048.0000,4046.6000,4045.0000,4042.0000,4041.6000,4050.4000,4050.6000,4050.8000,4051.0000,4051.8000,2,1,8,10,11,1,1,3,1,1
SF,IF2006,2020-02-19 10:09:03.400,4049.4000,23999,0,2584399140.000,0,-,-,-,-,4048.6000,4048.4000,4048.2000,4048.0000,4046.6000,4050.0000,4050.2000,4050.4000,4050.8000,4051.0000,1,7,2,2,1,2,6,1,3,1
SF,IF2006,2020-02-19 10:09:03.900,4049.4000,23999,0,2584399140.000,0,-,-,-,-,4048.6000,4048.4000,4048.2000,4048.0000,4046.6000,4049.6000,4050.2000,4050.4000,4050.8000,4051.0000,1,2,1,2,1,2,6,1,3,1
SF,IF2006,2020-02-19 10:09:04.400,4049.4000,23999,0,2584399140.000,0,-,-,-,-,4048.6000,4048.4000,4048.2000,4048.0000,4046.6000,4049.6000,4050.2000,4050.8000,4051.0000,4051.8000,1,2,1,2,1,2,5,3,1,1
SF,IF2006,2020-02-19 10:09:05.400,4049.4000,23999,0,2584399140.000,0,-,-,-,-,4048.6000,4048.4000,4048.2000,4048.0000,4046.6000,4049.4000,4050.2000,4050.8000,4051.0000,4051.8000,1,2,1,2,1,2,3,3,1,1
SF,IF2006,2020-02-19 10:09:05.900,4049.4000,23999,0,2584399140.000,0,-,-,-,-,4048.2000,4048.0000,4046.6000,4045.0000,4042.0000,4050.2000,4050.8000,4051.0000,4051.8000,4052.2000,1,2,1,3,10,2,3,1,1,1
SF,IF2006,2020-02-19 10:09:06.400,4049.4000,23999,0,2584399140.000,0,-,-,-,-,4048.2000,4048.0000,4046.6000,4045.0000,4042.0000,4049.8000,4050.0000,4050.2000,4050.8000,4051.0000,1,2,1,3,10,2,5,2,3,1
SF,IF2006,2020-02-19 10:09:06.900,4049.4000,23999,0,2584399140.000,0,-,-,-,-,4048.2000,4048.0000,4046.6000,4045.0000,4042.0000,4049.6000,4049.8000,4050.0000,4050.2000,4050.8000,1,2,1,3,10,3,2,3,1,3
SF,IF2006,2020-02-19 10:09:07.900,4049.4000,23999,0,2584399140.000,0,-,-,-,-,4048.4000,4048.2000,4048.0000,4046.6000,4045.0000,4049.6000,4049.8000,4050.0000,4050.2000,4050.8000,3,1,2,1,3,3,1,3,1,3
SF,IF2006,2020-02-19 10:09:08.400,4049.4000,23999,0,2584399140.000,0,-,-,-,-,4048.8000,4048.6000,4048.4000,4048.0000,4046.6000,4049.8000,4050.0000,4050.2000,4050.8000,4051.0000,1,2,2,2,1,1,1,1,3,1
SF,IF2006,2020-02-19 10:09:08.900,4049.4000,23999,0,2584399140.000,0,-,-,-,-,4048.8000,4048.6000,4048.4000,4048.0000,4046.6000,4050.2000,4050.8000,4051.0000,4051.8000,4052.2000,1,2,1,2,1,1,3,1,1,1
SF,IF2006,2020-02-19 10:09:09.400,4049.4000,23999,0,2584399140.000,0,-,-,-,-,4049.2000,4049.0000,4048.0000,4046.6000,4045.0000,4050.8000,4051.0000,4051.8000,4052.2000,4053.0000,1,5,2,1,3,3,1,1,1,1
SF,IF2006,2020-02-19 10:09:09.900,4049.4000,23999,0,2584399140.000,0,-,-,-,-,4049.2000,4049.0000,4048.0000,4046.6000,4045.0000,4050.6000,4050.8000,4051.0000,4051.8000,4052.2000,1,5,2,1,3,3,3,1,1,1
SF,IF2006,2020-02-19 10:09:10.400,4049.4000,23999,0,2584399140.000,0,-,-,-,-,4049.2000,4049.0000,4048.0000,4046.6000,4045.0000,4050.6000,4050.8000,4051.0000,4051.8000,4052.2000,1,5,2,1,3,3,3,1,1,1
SF,IF2006,2020-02-19 10:09:12.400,4050.6000,23999,0,2585614320.000,1,0,1,多换,S,4049.2000,4049.0000,4048.0000,4046.6000,4045.0000,4050.6000,4050.8000,4051.0000,4051.8000,4052.2000,1,5,2,1,3,2,3,1,2,1
SF,IF2006,2020-02-19 10:09:12.900,4050.6000,23999,0,2585614320.000,0,-,-,-,-,4049.4000,4049.2000,4049.0000,4048.0000,4046.6000,4050.6000,4050.8000,4051.0000,4051.8000,4052.2000,1,1,4,2,1,2,3,1,1,1
SF,IF2006,2020-02-19 10:09:13.400,4050.6000,23999,0,2585614320.000,0,-,-,-,-,4049.4000,4049.0000,4048.0000,4046.6000,4045.0000,4050.4000,4050.8000,4051.0000,4051.8000,4052.2000,1,4,2,1,3,6,2,1,1,1
SF,IF2006,2020-02-19 10:09:15.400,4050.6000,23999,0,2585614320.000,0,-,-,-,-,4049.4000,4049.0000,4048.0000,4046.6000,4045.0000,4050.4000,4050.8000,4051.0000,4051.8000,4052.2000,1,4,2,1,3,3,2,1,1,1
SF,IF2006,2020-02-19 10:09:15.900,4050.4000,24000,1,2586829440.000,1,1,0,双开,S,4049.4000,4049.0000,4048.0000,4046.6000,4045.0000,4050.4000,4050.8000,4051.0000,4051.8000,4052.2000,1,4,2,1,3,2,2,1,1,1
SF,IF2006,2020-02-19 10:09:16.400,4050.4000,24000,0,2586829440.000,0,-,-,-,-,4049.4000,4049.0000,4048.0000,4046.6000,4045.0000,4050.2000,4050.4000,4050.8000,4051.0000,4051.8000,1,4,2,1,3,1,1,2,1,1
SF,IF2006,2020-02-19 10:09:16.900,4050.4000,24000,0,2586829440.000,0,-,-,-,-,4049.0000,4048.0000,4046.6000,4045.0000,4042.0000,4050.4000,4050.8000,4051.0000,4051.8000,4052.2000,2,2,1,3,10,1,2,1,1,1
SF,IF2006,2020-02-19 10:09:17.400,4050.4000,24000,0,2586829440.000,0,-,-,-,-,4049.2000,4049.0000,4048.0000,4046.6000,4045.0000,4050.4000,4050.8000,4051.0000,4051.8000,4052.2000,1,1,2,1,3,1,2,1,1,1
SF,IF2006,2020-02-19 10:09:17.900,4050.4000,24000,0,2586829440.000,0,-,-,-,-,4049.2000,4049.0000,4048.0000,4046.6000,4045.0000,4050.2000,4050.4000,4050.8000,4051.0000,4051.8000,2,1,2,1,3,1,1,2,1,1
SF,IF2006,2020-02-19 10:09:18.900,4050.4000,24000,0,2586829440.000,0,-,-,-,-,4049.2000,4049.0000,4048.0000,4046.6000,4045.0000,4050.4000,4050.8000,4051.0000,4051.8000,4052.2000,2,1,2,1,3,1,2,1,1,1
SF,IF2006,2020-02-19 10:09:19.400,4049.2000,23999,-1,2588044200.000,1,0,1,双平,S,4049.2000,4049.0000,4048.0000,4046.6000,4045.0000,4050.4000,4050.8000,4051.0000,4051.8000,4052.2000,1,1,2,1,3,3,2,1,1,1
SF,IF2006,2020-02-19 10:09:19.900,4049.2000,23999,0,2588044200.000,0,-,-,-,-,4049.2000,4049.0000,4048.0000,4046.6000,4045.0000,4050.2000,4050.4000,4050.8000,4051.0000,4051.8000,1,1,2,1,3,1,3,2,1,1
SF,IF2006,2020-02-19 10:09:20.400,4049.2000,23999,0,2588044200.000,0,-,-,-,-,4049.2000,4049.0000,4048.0000,4046.6000,4045.0000,4050.2000,4050.4000,4050.8000,4051.0000,4051.8000,1,1,2,1,3,1,3,2,1,1
SF,IF2006,2020-02-19 10:09:20.900,4049.2000,23999,0,2588044200.000,0,-,-,-,-,4049.2000,4049.0000,4048.0000,4046.6000,4045.0000,4050.2000,4050.4000,4050.8000,4051.0000,4051.8000,1,1,2,1,3,1,3,2,1,1
SF,IF2006,2020-02-19 10:09:21.400,4049.2000,23999,0,2588044200.000,0,-,-,-,-,4049.2000,4049.0000,4048.0000,4046.6000,4045.0000,4050.2000,4050.4000,4050.8000,4051.0000,4051.8000,1,1,2,1,3,1,3,2,1,1
SF,IF2006,2020-02-19 10:09:21.900,4049.2000,23999,0,2588044200.000,0,-,-,-,-,4049.2000,4049.0000,4048.0000,4046.6000,4045.0000,4050.2000,4050.4000,4050.8000,4051.0000,4051.8000,1,1,2,1,3,1,3,2,1,1
SF,IF2006,2020-02-19 10:09:22.400,4049.2000,23999,0,2588044200.000,0,-,-,-,-,4049.2000,4049.0000,4048.0000,4047.8000,4046.6000,4050.2000,4050.4000,4050.8000,4051.0000,4051.8000,1,1,2,1,1,1,3,2,1,1
SF,IF2006,2020-02-19 10:09:23.900,4050.2000,24000,1,2589259260.000,1,1,0,双开,S,4049.2000,4049.0000,4048.0000,4047.8000,4046.6000,4050.4000,4050.8000,4051.0000,4052.2000,4052.8000,1,1,2,1,1,3,2,1,1,1
SF,IF2006,2020-02-19 10:09:25.900,4050.2000,24000,0,2589259260.000,0,-,-,-,-,4049.2000,4049.0000,4048.0000,4047.8000,4046.6000,4050.2000,4050.4000,4050.8000,4051.0000,4052.2000,1,1,2,1,1,1,3,2,1,1
SF,IF2006,2020-02-19 10:09:26.400,4050.2000,24000,0,2589259260.000,0,-,-,-,-,4049.2000,4049.0000,4048.0000,4047.8000,4046.6000,4050.2000,4050.4000,4050.8000,4051.0000,4052.2000,1,1,2,1,1,1,3,2,1,1
SF,IF2006,2020-02-19 10:09:26.900,4050.2000,24000,0,2589259260.000,0,-,-,-,-,4049.2000,4049.0000,4048.0000,4047.8000,4046.6000,4050.0000,4050.2000,4050.4000,4050.8000,4051.0000,1,1,2,1,1,1,1,3,2,1
SF,IF2006,2020-02-19 10:09:27.400,4049.2000,24000,0,2590474020.000,1,0,1,多换,S,4048.0000,4047.8000,4046.6000,4045.0000,4042.0000,4050.0000,4050.2000,4050.4000,4050.8000,4051.0000,2,1,1,3,10,1,1,3,2,1
SF,IF2006,2020-02-19 10:09:27.900,4049.2000,24000,0,2590474020.000,0,-,-,-,-,4048.4000,4048.2000,4048.0000,4047.8000,4046.6000,4049.8000,4050.0000,4050.4000,4050.8000,4051.0000,1,3,2,1,1,3,1,2,2,1
SF,IF2006,2020-02-19 10:09:28.400,4049.2000,24000,0,2590474020.000,0,-,-,-,-,4048.4000,4048.2000,4048.0000,4047.8000,4046.6000,4049.6000,4049.8000,4050.0000,4050.4000,4050.8000,1,1,2,1,1,3,3,1,2,2
SF,IF2006,2020-02-19 10:09:28.900,4049.2000,24000,0,2590474020.000,0,-,-,-,-,4048.2000,4048.0000,4047.8000,4046.6000,4045.0000,4049.6000,4049.8000,4050.0000,4050.4000,4050.8000,1,2,1,1,3,3,3,1,2,2
SF,IF2006,2020-02-19 10:09:29.400,4049.2000,24000,0,2590474020.000,0,-,-,-,-,4048.2000,4048.0000,4047.8000,4046.6000,4045.0000,4049.4000,4049.6000,4049.8000,4050.0000,4050.4000,1,2,1,1,3,1,3,2,1,2
SF,IF2006,2020-02-19 10:09:29.900,4049.2000,24000,0,2590474020.000,0,-,-,-,-,4048.2000,4048.0000,4047.8000,4046.6000,4045.0000,4049.6000,4049.8000,4050.0000,4050.4000,4050.8000,1,2,1,1,3,3,2,1,2,2
SF,IF2006,2020-02-19 10:09:31.400,4049.2000,24000,0,2590474020.000,0,-,-,-,-,4048.2000,4048.0000,4047.8000,4046.6000,4045.0000,4049.4000,4049.6000,4049.8000,4050.0000,4050.4000,1,2,1,1,3,2,3,2,1,2
SF,IF2006,2020-02-19 10:09:32.400,4049.2000,24000,0,2590474020.000,0,-,-,-,-,4048.2000,4048.0000,4047.8000,4046.6000,4045.0000,4049.4000,4049.6000,4049.8000,4050.0000,4050.2000,1,2,1,1,3,2,3,2,1,1
SF,IF2006,2020-02-19 10:09:32.900,4049.2000,24000,0,2590474020.000,0,-,-,-,-,4048.2000,4048.0000,4047.8000,4046.6000,4045.0000,4049.4000,4049.6000,4049.8000,4050.2000,4050.4000,1,2,1,1,3,2,3,2,1,2
SF,IF2006,2020-02-19 10:09:35.400,4049.2000,24000,0,2590474020.000,0,-,-,-,-,4048.4000,4048.2000,4048.0000,4047.8000,4046.6000,4049.4000,4049.6000,4049.8000,4050.2000,4050.4000,1,1,2,1,1,1,3,2,1,2
SF,IF2006,2020-02-19 10:09:35.900,4049.2000,24000,0,2590474020.000,0,-,-,-,-,4048.2000,4048.0000,4047.8000,4046.6000,4045.0000,4049.2000,4049.4000,4049.6000,4049.8000,4050.2000,1,2,1,1,3,1,1,2,2,1
SF,IF2006,2020-02-19 10:09:36.400,4049.2000,24000,0,2590474020.000,0,-,-,-,-,4048.0000,4047.8000,4046.6000,4045.0000,4042.0000,4049.2000,4049.4000,4049.6000,4049.8000,4050.2000,2,1,1,3,10,1,1,1,1,1
SF,IF2006,2020-02-19 10:09:36.900,4049.2000,24000,0,2590474020.000,0,-,-,-,-,4048.0000,4047.8000,4046.6000,4045.0000,4042.0000,4049.0000,4049.2000,4049.4000,4049.6000,4049.8000,2,1,1,3,10,1,1,1,1,1
SF,IF2006,2020-02-19 10:09:37.400,4049.2000,24000,0,2590474020.000,0,-,-,-,-,4048.0000,4047.8000,4046.6000,4045.0000,4042.0000,4049.0000,4049.2000,4049.4000,4049.8000,4050.2000,2,1,1,3,10,1,1,1,1,1
SF,IF2006,2020-02-19 10:09:37.900,4048.0000,24000,0,2591688420.000,1,0,1,多换,S,4048.0000,4047.8000,4046.6000,4045.0000,4042.0000,4049.0000,4049.2000,4049.4000,4049.8000,4050.2000,1,1,1,3,10,1,1,1,1,1
SF,IF2006,2020-02-19 10:09:38.400,4048.0000,24000,0,2592902820.000,1,0,1,多换,S,4047.8000,4046.6000,4045.0000,4042.0000,4041.6000,4048.4000,4048.8000,4049.0000,4049.4000,4050.2000,1,1,3,10,11,1,2,1,1,1
SF,IF2006,2020-02-19 10:09:38.900,4048.0000,24000,0,2592902820.000,0,-,-,-,-,4047.8000,4046.6000,4045.0000,4042.0000,4041.6000,4048.8000,4049.0000,4049.4000,4050.2000,4050.4000,1,1,3,10,11,2,1,1,1,2
SF,IF2006,2020-02-19 10:09:39.400,4047.8000,24000,0,2594117160.000,1,0,1,多换,S,4046.6000,4045.0000,4042.0000,4041.6000,4041.2000,4047.8000,4048.2000,4048.4000,4048.6000,4048.8000,1,3,10,11,1,2,1,1,5,1
SF,IF2006,2020-02-19 10:09:39.900,4047.8000,24000,0,2594117160.000,0,-,-,-,-,4046.8000,4046.6000,4045.0000,4042.0000,4041.6000,4047.8000,4048.6000,4048.8000,4049.4000,4049.8000,2,1,3,10,11,2,2,1,1,3
SF,IF2006,2020-02-19 10:09:40.400,4047.8000,24000,0,2594117160.000,0,-,-,-,-,4046.6000,4045.0000,4042.0000,4041.6000,4041.2000,4047.8000,4048.6000,4048.8000,4049.4000,4049.8000,1,3,10,11,1,2,2,1,1,3
SF,IF2006,2020-02-19 10:09:40.900,4047.8000,24000,0,2594117160.000,0,-,-,-,-,4046.6000,4045.0000,4042.0000,4041.6000,4041.2000,4047.6000,4047.8000,4048.6000,4048.8000,4049.4000,1,3,10,11,1,1,2,2,1,1
SF,IF2006,2020-02-19 10:09:41.400,4047.8000,24000,0,2594117160.000,0,-,-,-,-,4046.6000,4045.0000,4042.0000,4041.6000,4041.2000,4047.8000,4048.6000,4048.8000,4049.4000,4049.8000,1,3,10,11,1,2,2,1,1,3
SF,IF2006,2020-02-19 10:09:42.900,4047.8000,24000,0,2594117160.000,0,-,-,-,-,4046.6000,4045.0000,4042.0000,4041.6000,4041.2000,4047.8000,4048.6000,4048.8000,4049.4000,4049.8000,2,3,10,11,1,2,2,1,1,3
SF,IF2006,2020-02-19 10:09:43.400,4047.8000,24000,0,2594117160.000,0,-,-,-,-,4046.8000,4046.6000,4045.0000,4042.0000,4041.6000,4047.8000,4048.6000,4048.8000,4049.4000,4049.8000,5,2,3,10,11,1,2,1,1,3
SF,IF2006,2020-02-19 10:09:43.900,4047.8000,23999,-1,2595331500.000,1,0,1,双平,S,4047.8000,4047.2000,4047.0000,4046.8000,4046.6000,4048.6000,4049.4000,4049.8000,4050.2000,4050.4000,1,3,3,1,2,2,1,3,1,2
SF,IF2006,2020-02-19 10:09:44.400,4047.8000,23999,0,2595331500.000,0,-,-,-,-,4047.8000,4047.2000,4046.8000,4046.6000,4045.0000,4048.6000,4049.4000,4049.8000,4050.2000,4050.4000,1,3,1,2,3,1,1,3,1,2
SF,IF2006,2020-02-19 10:09:44.900,4047.8000,23999,0,2595331500.000,0,-,-,-,-,4047.8000,4047.2000,4046.8000,4046.6000,4045.0000,4049.4000,4049.8000,4050.2000,4050.4000,4050.8000,1,2,1,2,3,1,3,1,2,2
SF,IF2006,2020-02-19 10:09:45.400,4047.8000,23999,0,2595331500.000,0,-,-,-,-,4047.8000,4047.2000,4046.8000,4046.6000,4045.0000,4049.2000,4049.4000,4049.8000,4050.2000,4050.4000,1,2,1,2,3,7,1,3,1,2
SF,IF2006,2020-02-19 10:09:45.900,4047.8000,23999,0,2595331500.000,0,-,-,-,-,4047.8000,4047.2000,4046.8000,4046.6000,4045.0000,4049.2000,4049.4000,4049.8000,4050.2000,4050.4000,1,2,1,2,3,7,1,3,1,2
SF,IF2006,2020-02-19 10:09:46.400,4047.8000,23999,0,2595331500.000,0,-,-,-,-,4048.2000,4048.0000,4047.8000,4046.6000,4045.0000,4049.2000,4049.4000,4049.8000,4050.2000,4050.4000,1,1,1,2,3,7,1,3,1,2
SF,IF2006,2020-02-19 10:09:46.900,4047.8000,23999,0,2595331500.000,0,-,-,-,-,4048.4000,4048.0000,4047.8000,4046.6000,4045.0000,4049.0000,4049.2000,4049.4000,4049.8000,4050.2000,2,1,2,2,3,1,1,1,3,1
SF,IF2006,2020-02-19 10:09:47.400,4047.8000,23999,0,2595331500.000,0,-,-,-,-,4048.0000,4047.8000,4046.6000,4045.0000,4042.0000,4049.0000,4049.4000,4049.8000,4050.2000,4050.4000,1,2,2,3,10,1,1,3,1,2
SF,IF2006,2020-02-19 10:09:47.900,4047.8000,23999,0,2595331500.000,0,-,-,-,-,4048.2000,4048.0000,4047.8000,4046.6000,4045.0000,4049.0000,4049.4000,4049.8000,4050.2000,4050.4000,2,1,2,2,3,1,1,3,1,2
SF,IF2006,2020-02-19 10:09:48.400,4047.8000,23999,0,2595331500.000,0,-,-,-,-,4048.0000,4047.8000,4046.6000,4045.0000,4042.0000,4049.0000,4049.8000,4050.2000,4050.4000,4050.8000,1,2,2,3,10,1,3,1,2,1
SF,IF2006,2020-02-19 10:09:48.900,4047.8000,23999,0,2595331500.000,0,-,-,-,-,4047.8000,4046.6000,4045.0000,4042.0000,4041.6000,4049.0000,4049.8000,4050.2000,4050.4000,4050.8000,1,2,3,10,11,1,3,1,2,1
SF,IF2006,2020-02-19 10:09:49.400,4047.8000,24000,1,2596545840.000,1,1,0,双开,S,4046.6000,4045.0000,4042.0000,4041.6000,4041.2000,4048.0000,4048.6000,4048.8000,4049.0000,4049.8000,2,3,10,11,1,1,3,3,1,3
SF,IF2006,2020-02-19 10:09:49.900,4047.8000,24000,0,2596545840.000,0,-,-,-,-,4047.2000,4047.0000,4046.8000,4046.6000,4045.0000,4048.0000,4048.6000,4048.8000,4049.0000,4049.8000,3,2,5,2,3,2,2,2,1,3
SF,IF2006,2020-02-19 10:09:50.400,4047.8000,24000,0,2596545840.000,0,-,-,-,-,4047.2000,4046.8000,4046.6000,4045.0000,4042.0000,4048.0000,4048.6000,4048.8000,4049.0000,4049.8000,1,5,2,3,10,2,2,2,1,3
SF,IF2006,2020-02-19 10:09:50.900,4047.8000,24000,0,2596545840.000,0,-,-,-,-,4046.8000,4046.6000,4045.0000,4042.0000,4041.6000,4048.0000,4048.6000,4048.8000,4049.0000,4049.8000,5,2,3,10,11,2,1,1,1,3
SF,IF2006,2020-02-19 10:09:51.400,4047.8000,24000,0,2596545840.000,0,-,-,-,-,4047.0000,4046.8000,4046.6000,4045.0000,4042.0000,4048.0000,4048.6000,4048.8000,4049.0000,4049.8000,3,4,2,3,10,2,1,1,1,3
SF,IF2006,2020-02-19 10:09:51.900,4048.0000,23998,-2,2598974640.000,2,0,2,双平,S,4048.0000,4047.2000,4047.0000,4046.8000,4046.6000,4048.6000,4048.8000,4049.0000,4049.8000,4050.2000,1,4,1,3,2,1,1,1,3,1
SF,IF2006,2020-02-19 10:09:52.400,4049.0000,23997,-1,2600189340.000,1,0,1,双平,S,4048.8000,4046.8000,4046.6000,4045.0000,4042.0000,4049.8000,4050.2000,4050.4000,4050.8000,4051.0000,1,2,2,3,10,3,1,2,1,1
SF,IF2006,2020-02-19 10:09:52.900,4048.8000,23997,0,2601403980.000,1,0,1,多换,S,4049.0000,4048.8000,4046.8000,4046.6000,4045.0000,4049.8000,4050.2000,4050.4000,4050.8000,4051.0000,1,1,2,2,3,3,1,2,1,1
SF,IF2006,2020-02-19 10:09:53.400,4048.8000,23997,0,2601403980.000,0,-,-,-,-,4048.8000,4046.8000,4046.6000,4045.0000,4042.0000,4049.8000,4050.2000,4050.4000,4050.8000,4051.0000,1,2,2,3,10,3,1,2,1,1
SF,IF2006,2020-02-19 10:09:53.900,4048.8000,23997,0,2601403980.000,0,-,-,-,-,4049.0000,4048.8000,4046.8000,4046.6000,4045.0000,4049.8000,4050.2000,4050.4000,4050.8000,4051.0000,3,1,2,2,3,3,1,2,1,1
SF,IF2006,2020-02-19 10:09:54.400,4048.8000,23997,0,2601403980.000,0,-,-,-,-,4048.8000,4046.8000,4046.6000,4045.0000,4042.0000,4049.8000,4050.2000,4050.4000,4050.8000,4051.0000,1,2,2,3,10,3,1,2,1,1
SF,IF2006,2020-02-19 10:09:54.900,4048.8000,23997,0,2601403980.000,0,-,-,-,-,4049.0000,4048.8000,4046.8000,4046.6000,4045.0000,4049.8000,4050.2000,4050.4000,4050.8000,4051.0000,1,1,2,2,3,3,1,2,1,1
SF,IF2006,2020-02-19 10:09:55.400,4048.8000,23997,0,2601403980.000,0,-,-,-,-,4048.8000,4046.8000,4046.6000,4045.0000,4042.0000,4049.0000,4049.8000,4050.2000,4050.4000,4050.8000,1,2,2,3,10,1,3,1,2,1
SF,IF2006,2020-02-19 10:09:55.900,4048.8000,23997,0,2602618620.000,1,0,1,多换,S,4046.8000,4046.6000,4045.0000,4042.0000,4041.6000,4049.0000,4049.8000,4050.2000,4050.4000,4050.8000,2,2,3,10,11,1,3,1,2,1
SF,IF2006,2020-02-19 10:09:56.400,4048.8000,23997,0,2602618620.000,0,-,-,-,-,4048.0000,4047.8000,4047.6000,4047.4000,4047.2000,4049.0000,4049.8000,4050.2000,4050.4000,4050.8000,1,1,1,1,2,1,3,1,2,1
SF,IF2006,2020-02-19 10:09:56.900,4048.8000,23997,0,2602618620.000,0,-,-,-,-,4048.0000,4047.8000,4047.6000,4047.0000,4046.8000,4049.8000,4050.2000,4050.4000,4050.8000,4051.0000,1,1,1,1,2,3,1,2,1,1
SF,IF2006,2020-02-19 10:09:57.400,4048.8000,23997,0,2602618620.000,0,-,-,-,-,4048.0000,4047.8000,4047.6000,4047.0000,4046.8000,4049.4000,4049.6000,4049.8000,4050.2000,4050.4000,1,1,1,1,2,1,5,3,1,2
SF,IF2006,2020-02-19 10:09:57.900,4048.8000,23997,0,2602618620.000,0,-,-,-,-,4048.0000,4047.8000,4047.0000,4046.8000,4046.6000,4049.4000,4049.6000,4049.8000,4050.2000,4050.4000,1,1,1,2,2,1,5,3,1,2
SF,IF2006,2020-02-19 10:09:58.900,4048.8000,23997,0,2602618620.000,0,-,-,-,-,4048.0000,4047.8000,4047.0000,4046.8000,4046.6000,4049.4000,4049.6000,4049.8000,4050.0000,4050.2000,1,1,1,2,2,1,5,3,1,1
SF,IF2006,2020-02-19 10:09:59.400,4048.8000,23997,0,2602618620.000,0,-,-,-,-,4048.0000,4047.8000,4047.0000,4046.8000,4046.6000,4049.2000,4049.4000,4049.6000,4049.8000,4050.0000,1,1,1,2,2,2,1,3,3,1
SF,IF2006,2020-02-19 10:09:59.900,4048.0000,23998,1,2603833020.000,1,1,0,双开,S,4047.8000,4047.0000,4046.8000,4046.6000,4045.0000,4049.2000,4049.4000,4049.6000,4049.8000,4050.0000,1,1,2,2,3,1,1,1,3,1
SF,IF2006,2020-02-19 10:10:00.400,4048.0000,23998,0,2603833020.000,0,-,-,-,-,4047.0000,4046.8000,4046.6000,4045.0000,4042.0000,4049.0000,4049.2000,4049.4000,4049.8000,4050.0000,1,2,2,3,10,3,1,2,3,1
SF,IF2006,2020-02-19 10:10:00.900,4048.0000,23998,0,2603833020.000,0,-,-,-,-,4047.2000,4046.8000,4046.6000,4045.0000,4042.0000,4048.8000,4049.0000,4049.4000,4049.8000,4050.2000,3,1,2,3,10,2,4,1,3,1
SF,IF2006,2020-02-19 10:10:01.400,4048.0000,23998,0,2603833020.000,0,-,-,-,-,4047.2000,4046.8000,4046.6000,4045.0000,4042.0000,4048.8000,4049.0000,4049.4000,4049.8000,4050.2000,2,1,2,3,10,2,4,1,3,1
SF,IF2006,2020-02-19 10:10:01.900,4048.0000,23998,0,2603833020.000,0,-,-,-,-,4047.2000,4046.8000,4046.6000,4045.0000,4042.0000,4048.8000,4049.0000,4049.4000,4049.8000,4050.2000,2,1,2,3,10,3,3,1,3,1
SF,IF2006,2020-02-19 10:10:02.400,4048.0000,23998,0,2603833020.000,0,-,-,-,-,4047.2000,4046.8000,4046.6000,4045.0000,4042.0000,4048.8000,4049.0000,4049.4000,4049.8000,4050.2000,2,1,2,3,10,2,3,1,3,1
SF,IF2006,2020-02-19 10:10:02.900,4048.0000,23998,0,2603833020.000,0,-,-,-,-,4047.4000,4047.2000,4046.8000,4046.6000,4045.0000,4048.8000,4049.0000,4049.4000,4049.8000,4050.2000,1,2,1,2,3,2,3,1,3,1
SF,IF2006,2020-02-19 10:10:03.400,4048.0000,23998,0,2603833020.000,0,-,-,-,-,4047.2000,4046.8000,4046.6000,4045.0000,4042.0000,4048.6000,4048.8000,4049.0000,4049.4000,4049.8000,2,1,2,3,10,1,2,2,1,3
SF,IF2006,2020-02-19 10:10:03.900,4048.0000,23998,0,2603833020.000,0,-,-,-,-,4047.6000,4047.2000,4046.8000,4046.6000,4045.0000,4048.6000,4048.8000,4049.0000,4049.4000,4049.8000,1,2,1,2,3,1,2,2,1,3
SF,IF2006,2020-02-19 10:10:04.400,4048.0000,23998,0,2603833020.000,0,-,-,-,-,4047.2000,4046.8000,4046.6000,4045.0000,4042.0000,4048.6000,4048.8000,4049.0000,4049.4000,4049.8000,2,1,2,3,10,1,2,2,1,3
SF,IF2006,2020-02-19 10:10:04.900,4048.0000,23998,0,2603833020.000,0,-,-,-,-,4047.6000,4047.2000,4046.8000,4046.6000,4045.0000,4048.6000,4048.8000,4049.0000,4049.4000,4049.8000,1,2,1,2,3,1,2,2,1,3
SF,IF2006,2020-02-19 10:10:05.400,4048.0000,23998,0,2603833020.000,0,-,-,-,-,4047.6000,4047.2000,4046.8000,4046.6000,4045.0000,4048.8000,4049.0000,4049.4000,4049.8000,4050.2000,1,2,1,2,3,2,2,1,3,1
SF,IF2006,2020-02-19 10:10:05.900,4048.0000,23998,0,2603833020.000,0,-,-,-,-,4047.8000,4046.8000,4046.6000,4045.0000,4042.0000,4048.8000,4049.0000,4049.4000,4049.8000,4050.2000,1,1,2,3,10,1,1,1,3,1
SF,IF2006,2020-02-19 10:10:06.400,4048.0000,23998,0,2603833020.000,0,-,-,-,-,4048.0000,4047.8000,4046.8000,4046.6000,4045.0000,4048.8000,4049.0000,4049.4000,4049.8000,4050.2000,1,1,1,2,3,1,1,1,3,1
SF,IF2006,2020-02-19 10:10:06.900,4048.0000,23998,0,2603833020.000,0,-,-,-,-,4047.8000,4046.8000,4046.6000,4045.0000,4042.0000,4048.8000,4049.0000,4049.4000,4049.8000,4050.2000,1,1,2,3,10,1,1,1,3,1
SF,IF2006,2020-02-19 10:10:08.400,4048.0000,23998,0,2603833020.000,0,-,-,-,-,4048.0000,4047.8000,4046.8000,4046.6000,4045.0000,4048.8000,4049.4000,4049.8000,4050.2000,4050.4000,2,1,1,2,3,1,1,3,1,2
SF,IF2006,2020-02-19 10:10:08.900,4048.0000,23998,0,2603833020.000,0,-,-,-,-,4048.2000,4048.0000,4047.8000,4046.8000,4046.6000,4049.4000,4049.8000,4050.2000,4050.4000,4050.8000,2,1,1,1,2,1,3,1,2,1
SF,IF2006,2020-02-19 10:10:09.400,4048.0000,23998,0,2603833020.000,0,-,-,-,-,4048.4000,4048.2000,4048.0000,4047.8000,4046.8000,4049.4000,4049.8000,4050.2000,4050.4000,4050.8000,1,3,1,1,1,1,3,1,2,1
SF,IF2006,2020-02-19 10:10:09.900,4048.0000,23998,0,2603833020.000,0,-,-,-,-,4048.4000,4048.2000,4047.8000,4046.8000,4046.6000,4049.4000,4049.8000,4050.2000,4050.4000,4050.8000,1,3,1,1,2,1,3,1,2,1
SF,IF2006,2020-02-19 10:10:10.400,4048.0000,23998,0,2603833020.000,0,-,-,-,-,4048.6000,4048.2000,4047.8000,4046.8000,4046.6000,4049.4000,4049.8000,4050.2000,4050.4000,4050.8000,1,3,1,1,2,1,3,1,2,1
SF,IF2006,2020-02-19 10:10:11.400,4049.4000,23998,0,2605047840.000,1,0,1,多换,S,4048.6000,4048.2000,4047.8000,4046.8000,4046.6000,4050.2000,4050.4000,4050.8000,4051.0000,4051.6000,1,1,1,1,2,1,2,1,1,1
SF,IF2006,2020-02-19 10:10:11.900,4049.4000,23998,0,2605047840.000,0,-,-,-,-,4048.8000,4048.6000,4048.2000,4046.8000,4046.6000,4050.0000,4050.2000,4050.4000,4050.8000,4051.0000,3,1,1,1,2,1,1,2,1,1
SF,IF2006,2020-02-19 10:10:12.400,4049.4000,23998,0,2605047840.000,0,-,-,-,-,4049.0000,4048.8000,4048.6000,4048.2000,4046.8000,4050.0000,4050.2000,4050.4000,4050.8000,4051.0000,2,1,1,1,1,1,1,2,1,1
SF,IF2006,2020-02-19 10:10:12.900,4049.4000,23998,0,2605047840.000,0,-,-,-,-,4048.8000,4048.6000,4048.2000,4046.8000,4046.6000,4050.0000,4050.2000,4050.4000,4050.8000,4051.0000,1,1,1,1,2,1,1,2,1,1
SF,IF2006,2020-02-19 10:10:13.400,4049.4000,23998,0,2605047840.000,0,-,-,-,-,4049.0000,4048.8000,4048.2000,4046.8000,4046.6000,4050.0000,4050.2000,4050.4000,4050.8000,4051.0000,4,1,1,1,2,1,1,2,1,1
SF,IF2006,2020-02-19 10:10:13.900,4049.4000,23998,0,2605047840.000,0,-,-,-,-,4049.2000,4049.0000,4048.2000,4046.8000,4046.6000,4050.0000,4050.2000,4050.4000,4050.8000,4051.0000,3,3,1,1,2,1,1,2,1,1
SF,IF2006,2020-02-19 10:10:14.400,4049.4000,23998,0,2605047840.000,0,-,-,-,-,4049.2000,4049.0000,4048.2000,4046.8000,4046.6000,4050.0000,4050.2000,4050.4000,4050.8000,4051.0000,1,3,1,1,2,1,1,2,1,1
SF,IF2006,2020-02-19 10:10:14.900,4049.4000,23998,0,2605047840.000,0,-,-,-,-,4048.2000,4046.8000,4046.6000,4045.0000,4042.0000,4049.8000,4050.0000,4050.2000,4050.4000,4050.8000,1,1,2,3,10,1,1,1,2,1
SF,IF2006,2020-02-19 10:10:15.400,4049.4000,23998,0,2605047840.000,0,-,-,-,-,4048.4000,4048.2000,4046.6000,4045.0000,4042.0000,4049.6000,4049.8000,4050.0000,4050.2000,4050.4000,3,1,2,3,10,1,1,1,1,2
SF,IF2006,2020-02-19 10:10:15.900,4049.4000,23998,0,2605047840.000,0,-,-,-,-,4048.8000,4048.6000,4048.4000,4048.2000,4046.6000,4050.0000,4050.2000,4050.4000,4050.8000,4051.0000,1,5,1,1,2,1,1,2,1,1
SF,IF2006,2020-02-19 10:10:16.400,4049.4000,23998,0,2605047840.000,0,-,-,-,-,4049.2000,4049.0000,4048.8000,4048.2000,4046.6000,4050.0000,4050.2000,4050.4000,4050.8000,4051.0000,2,5,1,1,2,1,1,2,1,1
SF,IF2006,2020-02-19 10:10:16.900,4049.4000,23998,0,2605047840.000,0,-,-,-,-,4049.2000,4049.0000,4048.8000,4048.2000,4046.6000,4050.0000,4050.2000,4050.4000,4050.8000,4051.0000,2,3,1,1,2,1,1,2,1,1
SF,IF2006,2020-02-19 10:10:17.900,4050.4000,23996,-2,2608693020.000,3,0,3,多平,S,4049.6000,4049.4000,4049.2000,4049.0000,4048.8000,4050.4000,4050.8000,4051.0000,4051.6000,4052.2000,1,1,1,2,1,1,1,1,1,1
SF,IF2006,2020-02-19 10:10:18.400,4050.4000,23995,-1,2609908140.000,1,0,1,双平,S,4049.8000,4049.6000,4049.4000,4049.0000,4048.8000,4050.4000,4050.8000,4051.0000,4051.6000,4052.2000,2,1,1,1,1,1,1,1,1,1
SF,IF2006,2020-02-19 10:10:18.900,4050.4000,23994,-1,2611123260.000,1,0,1,双平,S,4050.0000,4049.8000,4049.0000,4048.8000,4048.2000,4050.8000,4051.0000,4051.6000,4052.2000,4052.8000,1,2,1,1,1,1,1,1,1,1
SF,IF2006,2020-02-19 10:10:19.400,4050.4000,23994,0,2611123260.000,0,-,-,-,-,4050.2000,4050.0000,4049.0000,4048.8000,4048.2000,4050.8000,4051.0000,4051.6000,4052.2000,4052.8000,2,1,1,1,1,1,1,1,1,1
SF,IF2006,2020-02-19 10:10:19.900,4050.8000,23994,0,2612338500.000,1,0,1,多换,S,4050.2000,4050.0000,4049.0000,4048.8000,4048.2000,4051.0000,4051.6000,4052.2000,4052.8000,4053.2000,2,1,1,1,1,1,1,1,1,1
SF,IF2006,2020-02-19 10:10:20.400,4051.0000,23993,-1,2613553800.000,1,0,1,双平,S,4051.0000,4050.2000,4050.0000,4049.0000,4048.8000,4051.6000,4052.2000,4052.8000,4053.2000,4053.4000,1,2,1,1,1,1,1,1,1,2
SF,IF2006,2020-02-19 10:10:20.900,4051.0000,23992,-1,2614769100.000,1,0,1,双平,S,4050.2000,4049.0000,4048.8000,4048.2000,4046.6000,4051.6000,4052.2000,4052.8000,4053.2000,4053.4000,2,1,1,1,2,1,1,1,1,2
SF,IF2006,2020-02-19 10:10:21.400,4051.0000,23992,0,2614769100.000,0,-,-,-,-,4050.6000,4050.4000,4050.2000,4049.0000,4048.2000,4051.6000,4052.2000,4052.8000,4053.2000,4053.4000,1,1,2,1,1,1,1,1,1,2
SF,IF2006,2020-02-19 10:10:21.900,4051.0000,23992,0,2614769100.000,0,-,-,-,-,4051.0000,4050.6000,4050.4000,4050.2000,4049.0000,4051.6000,4052.2000,4052.8000,4053.2000,4053.4000,1,1,1,1,1,1,1,1,1,2
SF,IF2006,2020-02-19 10:10:22.400,4051.0000,23991,-1,2615984400.000,1,0,1,双平,S,4050.2000,4049.0000,4048.2000,4046.6000,4045.0000,4051.0000,4051.6000,4052.2000,4052.8000,4053.2000,1,1,1,2,3,1,1,1,1,1
SF,IF2006,2020-02-19 10:10:22.900,4051.0000,23992,1,2617199700.000,1,1,0,双开,S,4051.0000,4050.6000,4050.4000,4050.2000,4049.0000,4051.6000,4052.2000,4052.8000,4053.2000,4053.4000,1,1,3,1,1,1,1,1,1,2
SF,IF2006,2020-02-19 10:10:23.400,4051.6000,23991,-1,2618415180.000,1,0,1,双平,S,4050.4000,4050.2000,4049.0000,4048.2000,4046.6000,4051.0000,4052.2000,4052.8000,4053.2000,4053.4000,1,1,1,1,2,1,1,1,1,2
SF,IF2006,2020-02-19 10:10:23.900,4051.0000,23990,-1,2619630480.000,1,0,1,双平,S,4051.0000,4050.6000,4050.4000,4050.2000,4048.2000,4052.2000,4052.8000,4053.2000,4053.4000,4055.0000,4,4,2,1,1,1,1,1,2,3
SF,IF2006,2020-02-19 10:10:24.400,4051.0000,23989,-1,2620845780.000,1,0,1,双平,S,4051.0000,4050.6000,4050.4000,4050.2000,4048.2000,4052.0000,4052.2000,4052.8000,4053.2000,4053.4000,1,4,1,1,1,4,1,1,1,2
SF,IF2006,2020-02-19 10:10:24.900,4051.0000,23989,0,2620845780.000,0,-,-,-,-,4051.0000,4050.6000,4050.4000,4050.2000,4048.2000,4052.0000,4052.2000,4052.8000,4053.2000,4053.4000,1,3,1,1,1,2,1,1,1,2
SF,IF2006,2020-02-19 10:10:25.400,4051.0000,23989,0,2620845780.000,0,-,-,-,-,4051.0000,4050.6000,4050.4000,4050.2000,4048.2000,4052.0000,4052.2000,4052.8000,4053.2000,4053.4000,1,3,1,1,1,1,1,1,1,2
SF,IF2006,2020-02-19 10:10:25.900,4051.0000,23989,0,2622061080.000,1,0,1,多换,S,4050.6000,4050.4000,4050.2000,4048.2000,4046.6000,4052.0000,4052.2000,4052.8000,4053.2000,4053.4000,3,1,1,1,2,1,1,1,1,2
SF,IF2006,2020-02-19 10:10:26.400,4051.0000,23989,0,2622061080.000,0,-,-,-,-,4051.0000,4050.8000,4050.6000,4048.2000,4046.6000,4052.0000,4052.2000,4052.8000,4053.2000,4053.4000,2,2,2,1,2,1,1,1,1,2
SF,IF2006,2020-02-19 10:10:26.900,4051.0000,23989,0,2622061080.000,0,-,-,-,-,4051.2000,4051.0000,4050.8000,4050.6000,4048.2000,4052.0000,4052.2000,4052.8000,4053.2000,4053.4000,2,2,1,1,1,1,1,1,1,2
SF,IF2006,2020-02-19 10:10:27.400,4051.0000,23989,0,2622061080.000,0,-,-,-,-,4051.2000,4051.0000,4050.8000,4050.6000,4048.2000,4052.0000,4052.2000,4052.8000,4053.2000,4053.4000,1,1,1,1,1,1,1,1,1,2
SF,IF2006,2020-02-19 10:10:28.400,4051.2000,23989,0,2623276440.000,1,0,1,多换,S,4051.0000,4050.8000,4050.6000,4048.2000,4046.6000,4052.0000,4052.2000,4052.8000,4053.2000,4053.4000,1,1,1,1,2,1,1,1,1,2
SF,IF2006,2020-02-19 10:10:28.900,4051.2000,23989,0,2623276440.000,0,-,-,-,-,4051.2000,4051.0000,4050.8000,4050.6000,4048.2000,4052.0000,4052.2000,4052.8000,4053.2000,4053.4000,3,1,1,1,1,1,1,1,1,2
SF,IF2006,2020-02-19 10:10:29.400,4051.2000,23989,0,2623276440.000,0,-,-,-,-,4051.2000,4050.8000,4050.6000,4046.6000,4045.0000,4052.0000,4052.2000,4052.8000,4053.2000,4053.4000,1,1,1,2,3,1,1,1,1,2
SF,IF2006,2020-02-19 10:10:30.400,4051.2000,23989,0,2623276440.000,0,-,-,-,-,4051.2000,4050.8000,4050.6000,4046.6000,4045.0000,4052.0000,4052.2000,4052.8000,4053.2000,4053.4000,1,1,1,2,3,1,1,2,1,2
SF,IF2006,2020-02-19 10:10:31.400,4051.2000,23989,0,2623276440.000,0,-,-,-,-,4051.2000,4050.8000,4050.6000,4046.6000,4045.0000,4052.0000,4052.2000,4052.8000,4053.2000,4053.4000,1,1,1,2,4,1,1,1,1,1
SF,IF2006,2020-02-19 10:10:31.900,4052.2000,23988,-1,2625707700.000,2,0,2,多平,S,4051.2000,4050.8000,4050.6000,4046.6000,4045.0000,4052.8000,4053.2000,4055.0000,4055.8000,4056.8000,1,1,1,2,4,1,1,3,1,1
SF,IF2006,2020-02-19 10:10:32.400,4052.2000,23988,0,2625707700.000,0,-,-,-,-,4051.4000,4051.2000,4050.8000,4050.6000,4046.6000,4052.4000,4052.6000,4052.8000,4053.2000,4055.0000,1,1,1,1,2,1,3,1,1,3
SF,IF2006,2020-02-19 10:10:32.900,4052.2000,23988,0,2625707700.000,0,-,-,-,-,4051.6000,4051.4000,4051.2000,4050.8000,4050.6000,4052.4000,4052.6000,4052.8000,4053.2000,4055.0000,1,1,1,1,1,1,3,1,1,3
SF,IF2006,2020-02-19 10:10:33.400,4052.2000,23988,0,2625707700.000,0,-,-,-,-,4051.4000,4051.2000,4050.8000,4050.6000,4046.6000,4052.4000,4052.8000,4053.2000,4055.0000,4055.8000,1,1,1,1,2,1,1,1,3,1
SF,IF2006,2020-02-19 10:10:33.900,4052.2000,23988,0,2625707700.000,0,-,-,-,-,4051.6000,4051.4000,4051.2000,4050.8000,4046.6000,4052.4000,4052.8000,4053.2000,4055.0000,4055.8000,2,1,1,1,2,1,1,1,3,1
SF,IF2006,2020-02-19 10:10:34.400,4052.2000,23988,0,2625707700.000,0,-,-,-,-,4051.4000,4051.2000,4050.8000,4046.6000,4045.0000,4052.4000,4052.8000,4053.2000,4055.0000,4055.8000,1,1,1,2,4,1,1,1,3,1
SF,IF2006,2020-02-19 10:10:34.900,4052.2000,23988,0,2625707700.000,0,-,-,-,-,4051.6000,4051.4000,4051.2000,4046.6000,4045.0000,4052.8000,4053.2000,4055.0000,4055.8000,4056.8000,3,1,1,2,4,1,1,3,1,1
SF,IF2006,2020-02-19 10:10:35.400,4052.8000,23988,0,2626923540.000,1,0,1,多换,S,4051.8000,4051.6000,4051.2000,4048.0000,4046.6000,4053.2000,4055.0000,4055.8000,4056.8000,4057.2000,8,2,1,8,2,1,3,1,1,2
SF,IF2006,2020-02-19 10:10:35.900,4052.8000,23988,0,2626923540.000,0,-,-,-,-,4052.0000,4051.8000,4051.6000,4051.2000,4048.0000,4052.8000,4053.2000,4055.0000,4055.8000,4056.8000,2,3,1,1,8,1,1,3,1,1
SF,IF2006,2020-02-19 10:10:36.400,4052.8000,23988,0,2626923540.000,0,-,-,-,-,4052.0000,4051.8000,4051.6000,4051.2000,4048.0000,4052.2000,4052.8000,4053.2000,4055.0000,4055.8000,2,1,1,1,8,1,1,1,3,1
SF,IF2006,2020-02-19 10:10:36.900,4052.2000,23987,-1,2628139200.000,1,0,1,双平,S,4052.0000,4051.8000,4051.6000,4051.2000,4048.0000,4052.8000,4053.2000,4055.0000,4055.8000,4056.8000,1,1,1,1,8,1,1,3,1,1
SF,IF2006,2020-02-19 10:10:37.900,4052.2000,23987,0,2628139200.000,0,-,-,-,-,4052.0000,4051.8000,4051.6000,4051.2000,4048.0000,4052.8000,4053.2000,4055.0000,4055.8000,4056.8000,2,1,1,1,8,1,1,3,1,1
SF,IF2006,2020-02-19 10:10:38.900,4052.0000,23989,2,2630570400.000,2,2,0,双开,S,4051.8000,4051.6000,4051.2000,4048.0000,4046.6000,4052.8000,4053.2000,4055.0000,4055.8000,4056.8000,1,1,1,8,2,1,1,3,1,1
SF,IF2006,2020-02-19 10:10:39.400,4052.0000,23989,0,2630570400.000,0,-,-,-,-,4052.0000,4051.8000,4051.2000,4048.0000,4046.6000,4052.8000,4053.2000,4055.0000,4055.8000,4056.8000,10,1,1,8,2,1,1,3,1,1
SF,IF2006,2020-02-19 10:10:39.900,4052.8000,23988,-1,2631786240.000,1,0,1,双平,S,4052.2000,4052.0000,4051.8000,4051.2000,4048.0000,4053.2000,4055.0000,4055.8000,4056.8000,4057.2000,5,8,1,1,8,1,3,1,1,2
SF,IF2006,2020-02-19 10:10:40.400,4053.2000,23987,-1,2633002200.000,1,0,1,双平,S,4052.4000,4052.2000,4052.0000,4051.2000,4048.0000,4052.6000,4055.0000,4055.8000,4056.8000,4057.2000,11,5,5,1,8,1,3,1,1,2
SF,IF2006,2020-02-19 10:10:40.900,4052.6000,23987,0,2634217980.000,1,0,1,多换,S,4052.6000,4052.4000,4052.2000,4052.0000,4051.2000,4055.0000,4055.8000,4056.8000,4057.2000,4057.4000,6,7,5,5,1,3,1,1,2,1
SF,IF2006,2020-02-19 10:10:41.400,4052.6000,23987,0,2634217980.000,0,-,-,-,-,4052.8000,4052.2000,4052.0000,4051.2000,4048.0000,4054.2000,4054.4000,4054.6000,4054.8000,4055.0000,3,5,5,1,8,1,1,1,2,3
SF,IF2006,2020-02-19 10:10:41.900,4054.2000,23987,0,2635434240.000,1,0,1,多换,S,4052.8000,4052.2000,4052.0000,4051.2000,4048.0000,4054.4000,4054.6000,4054.8000,4055.0000,4055.8000,2,5,5,1,8,1,1,2,3,1
SF,IF2006,2020-02-19 10:10:42.400,4054.2000,23987,0,2635434240.000,0,-,-,-,-,4053.0000,4052.8000,4052.2000,4052.0000,4051.2000,4054.4000,4054.6000,4054.8000,4055.0000,4055.8000,5,2,5,5,1,1,1,2,3,1
SF,IF2006,2020-02-19 10:10:42.900,4054.2000,23987,0,2635434240.000,0,-,-,-,-,4053.4000,4053.2000,4053.0000,4052.8000,4052.2000,4054.8000,4055.0000,4055.8000,4056.0000,4056.8000,1,1,3,1,5,1,3,1,1,1
SF,IF2006,2020-02-19 10:10:43.400,4054.2000,23987,0,2635434240.000,0,-,-,-,-,4053.4000,4053.2000,4053.0000,4052.8000,4051.2000,4054.8000,4055.0000,4055.8000,4056.0000,4056.8000,1,1,2,1,1,1,3,1,1,1
SF,IF2006,2020-02-19 10:10:43.900,4054.6000,23987,0,2636650620.000,1,0,1,多换,S,4053.4000,4053.2000,4053.0000,4052.8000,4051.2000,4054.6000,4054.8000,4055.0000,4055.8000,4056.0000,1,1,2,1,1,1,1,3,1,1
SF,IF2006,2020-02-19 10:10:44.400,4054.6000,23987,0,2636650620.000,0,-,-,-,-,4053.2000,4053.0000,4052.8000,4051.2000,4048.0000,4054.4000,4054.6000,4055.0000,4055.8000,4056.0000,1,2,1,1,8,1,1,3,1,1
SF,IF2006,2020-02-19 10:10:44.900,4054.6000,23987,0,2636650620.000,0,-,-,-,-,4053.0000,4052.8000,4051.2000,4048.0000,4046.6000,4054.4000,4054.6000,4055.0000,4055.8000,4056.0000,2,1,1,8,2,1,1,3,1,1
SF,IF2006,2020-02-19 10:10:45.400,4054.6000,23987,0,2636650620.000,0,-,-,-,-,4053.0000,4052.8000,4051.2000,4048.0000,4046.6000,4054.2000,4054.4000,4055.0000,4055.8000,4056.0000,2,1,1,8,2,1,1,3,1,1
SF,IF2006,2020-02-19 10:10:46.400,4053.0000,23986,-1,2639082420.000,2,0,2,多平,S,4052.8000,4051.2000,4048.0000,4046.6000,4045.0000,4053.0000,4053.8000,4054.0000,4054.4000,4055.0000,1,1,8,2,4,1,2,1,1,3
SF,IF2006,2020-02-19 10:10:46.900,4052.8000,23985,-1,2640298260.000,1,0,1,双平,S,4051.2000,4048.0000,4046.6000,4045.0000,4042.0000,4052.6000,4052.8000,4055.0000,4055.8000,4056.0000,1,12,2,4,10,1,2,3,1,1
SF,IF2006,2020-02-19 10:10:47.400,4052.8000,23985,0,2640298260.000,0,-,-,-,-,4051.6000,4051.4000,4051.2000,4048.0000,4046.6000,4052.6000,4052.8000,4055.0000,4055.8000,4056.0000,2,1,1,12,2,1,1,3,1,1
SF,IF2006,2020-02-19 10:10:47.900,4052.8000,23985,0,2640298260.000,0,-,-,-,-,4051.6000,4051.4000,4051.2000,4048.0000,4046.6000,4052.6000,4052.8000,4054.4000,4055.0000,4055.8000,2,1,1,12,2,1,1,1,3,1
SF,IF2006,2020-02-19 10:10:48.400,4052.8000,23985,0,2640298260.000,0,-,-,-,-,4051.4000,4051.2000,4048.0000,4046.6000,4045.0000,4052.4000,4052.6000,4052.8000,4054.4000,4055.0000,1,1,12,2,4,2,1,1,1,3
SF,IF2006,2020-02-19 10:10:48.900,4052.6000,23987,2,2643945600.000,3,2,1,空开,S,4052.6000,4051.2000,4048.0000,4046.6000,4045.0000,4052.8000,4053.0000,4054.4000,4055.0000,4055.8000,2,1,12,2,4,1,1,1,3,1
SF,IF2006,2020-02-19 10:10:49.400,4052.6000,23987,0,2647592940.000,3,1,2,多换,S,4048.0000,4046.6000,4045.0000,4042.0000,4041.6000,4052.4000,4052.6000,4053.0000,4054.4000,4055.0000,12,2,4,10,11,1,9,1,1,3
SF,IF2006,2020-02-19 10:10:49.900,4052.6000,23987,0,2647592940.000,0,-,-,-,-,4050.2000,4050.0000,4049.6000,4049.4000,4049.2000,4052.0000,4052.2000,4052.4000,4052.6000,4053.0000,5,4,1,1,1,1,3,1,6,1
SF,IF2006,2020-02-19 10:10:50.400,4052.0000,23987,0,2648808540.000,1,0,1,多换,S,4050.6000,4050.4000,4050.2000,4050.0000,4049.4000,4051.4000,4052.2000,4052.4000,4052.6000,4053.0000,1,10,6,1,1,1,3,1,6,1
SF,IF2006,2020-02-19 10:10:50.900,4051.4000,23988,1,2650023960.000,1,1,0,双开,S,4050.8000,4050.4000,4050.2000,4050.0000,4049.4000,4052.2000,4052.6000,4053.0000,4054.4000,4055.0000,3,8,6,1,1,2,6,1,1,3
SF,IF2006,2020-02-19 10:10:51.400,4051.4000,23988,0,2650023960.000,0,-,-,-,-,4051.4000,4051.2000,4051.0000,4050.8000,4050.4000,4052.0000,4052.2000,4052.6000,4053.0000,4054.4000,10,2,3,3,5,1,1,5,1,1
SF,IF2006,2020-02-19 10:10:51.900,4052.2000,23988,0,2652455220.000,2,1,1,多换,S,4051.4000,4051.2000,4051.0000,4050.8000,4050.4000,4052.6000,4053.0000,4054.4000,4055.0000,4055.8000,5,2,3,3,5,5,1,1,3,1
SF,IF2006,2020-02-19 10:10:52.400,4052.2000,23988,0,2652455220.000,0,-,-,-,-,4051.6000,4051.4000,4051.0000,4050.8000,4050.4000,4052.6000,4053.0000,4054.4000,4055.0000,4055.8000,1,5,3,2,5,4,1,1,3,1
SF,IF2006,2020-02-19 10:10:52.900,4052.2000,23988,0,2652455220.000,0,-,-,-,-,4051.4000,4051.0000,4050.8000,4050.2000,4050.0000,4052.6000,4053.0000,4054.4000,4055.0000,4055.8000,5,3,2,1,1,4,1,1,3,1
SF,IF2006,2020-02-19 10:10:53.400,4052.2000,23988,0,2652455220.000,0,-,-,-,-,4051.4000,4051.0000,4050.8000,4050.2000,4050.0000,4052.4000,4052.6000,4053.0000,4054.4000,4055.0000,5,3,2,1,1,1,4,1,1,3
SF,IF2006,2020-02-19 10:10:54.400,4052.4000,23989,1,2653670940.000,1,1,0,双开,S,4052.4000,4051.6000,4051.4000,4051.0000,4050.8000,4052.6000,4053.0000,4054.4000,4055.0000,4055.8000,4,6,5,1,2,4,1,1,3,1
SF,IF2006,2020-02-19 10:10:54.900,4052.6000,23986,-3,2657318280.000,3,0,3,双平,S,4052.4000,4051.6000,4051.4000,4051.0000,4050.8000,4053.0000,4055.0000,4055.8000,4056.0000,4056.8000,4,2,5,1,2,1,3,1,1,1
SF,IF2006,2020-02-19 10:10:55.400,4052.6000,23986,0,2657318280.000,0,-,-,-,-,4052.4000,4051.8000,4051.6000,4051.4000,4051.0000,4053.0000,4055.0000,4055.8000,4056.0000,4056.8000,4,1,2,5,1,1,3,1,1,1
SF,IF2006,2020-02-19 10:10:55.900,4053.0000,23985,-1,2658534180.000,1,0,1,双平,S,4052.4000,4051.8000,4051.6000,4051.4000,4051.0000,4055.0000,4055.8000,4056.0000,4056.8000,4057.2000,4,1,1,5,1,3,1,1,1,3
SF,IF2006,2020-02-19 10:10:56.400,4053.0000,23985,0,2658534180.000,0,-,-,-,-,4052.4000,4051.8000,4051.6000,4051.4000,4051.0000,4053.8000,4054.0000,4054.2000,4054.6000,4054.8000,4,1,1,5,1,1,2,2,1,2
SF,IF2006,2020-02-19 10:10:56.900,4053.0000,23985,0,2658534180.000,0,-,-,-,-,4052.4000,4051.8000,4051.6000,4051.4000,4051.0000,4053.4000,4053.6000,4054.0000,4054.2000,4054.6000,4,1,1,5,1,1,2,1,1,1
SF,IF2006,2020-02-19 10:10:57.400,4053.0000,23985,0,2658534180.000,0,-,-,-,-,4052.6000,4052.4000,4051.8000,4051.6000,4051.4000,4054.0000,4054.8000,4055.0000,4055.8000,4056.0000,2,4,1,1,5,1,2,3,1,1
SF,IF2006,2020-02-19 10:10:57.900,4053.0000,23985,0,2658534180.000,0,-,-,-,-,4052.8000,4052.6000,4052.4000,4051.8000,4051.4000,4053.8000,4054.0000,4054.8000,4055.0000,4055.8000,1,2,4,1,5,1,1,1,3,1
SF,IF2006,2020-02-19 10:10:58.900,4053.0000,23985,0,2658534180.000,0,-,-,-,-,4052.8000,4052.6000,4052.4000,4051.8000,4051.4000,4053.8000,4054.0000,4054.8000,4055.0000,4055.8000,1,2,4,1,5,1,1,1,3,1
SF,IF2006,2020-02-19 10:10:59.400,4053.0000,23985,0,2658534180.000,0,-,-,-,-,4052.6000,4052.4000,4051.8000,4051.4000,4051.0000,4053.4000,4053.8000,4054.0000,4054.8000,4055.0000,2,4,1,5,1,1,1,1,1,3
SF,IF2006,2020-02-19 10:10:59.900,4053.0000,23985,0,2658534180.000,0,-,-,-,-,4052.4000,4051.8000,4051.4000,4051.0000,4050.8000,4053.4000,4053.8000,4054.0000,4054.8000,4055.0000,4,1,5,1,2,1,1,1,1,4
SF,IF2006,2020-02-19 10:11:00.400,4053.0000,23985,0,2658534180.000,0,-,-,-,-,4052.4000,4051.8000,4051.4000,4051.0000,4050.8000,4053.4000,4053.8000,4054.0000,4054.2000,4054.8000,4,1,5,1,2,1,1,1,1,1
SF,IF2006,2020-02-19 10:11:00.900,4053.0000,23985,0,2658534180.000,0,-,-,-,-,4052.4000,4051.8000,4051.4000,4051.0000,4050.8000,4053.4000,4053.8000,4054.2000,4054.8000,4055.0000,4,1,5,1,2,1,1,1,1,4
SF,IF2006,2020-02-19 10:11:03.400,4053.0000,23985,0,2658534180.000,0,-,-,-,-,4052.4000,4051.8000,4051.4000,4051.0000,4050.8000,4053.4000,4053.8000,4054.2000,4054.8000,4055.0000,4,1,5,1,2,1,1,1,1,4
SF,IF2006,2020-02-19 10:11:03.900,4053.4000,23986,1,2659750200.000,1,1,0,双开,S,4053.4000,4052.4000,4051.8000,4051.4000,4051.0000,4053.8000,4054.2000,4054.8000,4055.0000,4055.2000,4,4,1,5,1,1,1,1,4,1
SF,IF2006,2020-02-19 10:11:04.400,4053.4000,23986,0,2664614280.000,4,2,2,多换,S,4052.4000,4051.8000,4051.4000,4051.0000,4050.8000,4053.2000,4054.2000,4054.8000,4055.0000,4055.2000,4,1,5,1,2,1,1,1,4,1
SF,IF2006,2020-02-19 10:11:04.900,4053.2000,23985,-1,2665830240.000,1,0,1,双平,S,4052.8000,4052.6000,4052.4000,4051.8000,4051.4000,4054.2000,4054.8000,4055.0000,4055.2000,4055.8000,1,2,4,1,5,1,1,4,1,1
SF,IF2006,2020-02-19 10:11:05.400,4053.2000,23985,0,2665830240.000,0,-,-,-,-,4052.8000,4052.6000,4052.4000,4051.8000,4051.4000,4054.0000,4054.2000,4054.8000,4055.0000,4055.2000,1,2,4,1,5,4,1,1,4,1
SF,IF2006,2020-02-19 10:11:05.900,4053.2000,23985,0,2665830240.000,0,-,-,-,-,4052.6000,4052.4000,4051.8000,4051.4000,4051.0000,4053.8000,4054.0000,4054.2000,4054.8000,4055.0000,1,4,1,5,1,1,3,1,1,4
SF,IF2006,2020-02-19 10:11:08.400,4053.2000,23985,0,2665830240.000,0,-,-,-,-,4052.8000,4052.6000,4052.4000,4051.8000,4051.4000,4053.8000,4054.0000,4054.2000,4054.8000,4055.0000,1,1,4,1,5,1,3,1,1,4
SF,IF2006,2020-02-19 10:11:08.900,4053.2000,23985,0,2665830240.000,0,-,-,-,-,4052.6000,4052.4000,4051.8000,4051.4000,4051.0000,4053.0000,4053.6000,4053.8000,4054.0000,4054.2000,1,4,1,5,1,1,1,1,3,1
SF,IF2006,2020-02-19 10:11:09.400,4053.0000,23984,-1,2667046140.000,1,0,1,双平,S,4052.4000,4051.8000,4051.4000,4051.0000,4050.8000,4053.6000,4053.8000,4054.0000,4054.2000,4054.8000,4,1,5,1,2,1,1,4,1,1
SF,IF2006,2020-02-19 10:11:09.900,4053.0000,23984,0,2667046140.000,0,-,-,-,-,4052.6000,4052.4000,4051.8000,4051.4000,4051.0000,4053.6000,4053.8000,4054.0000,4054.2000,4054.8000,2,4,1,5,1,1,1,4,1,1
SF,IF2006,2020-02-19 10:11:10.400,4053.0000,23984,0,2667046140.000,0,-,-,-,-,4052.6000,4052.4000,4051.8000,4051.4000,4051.0000,4053.6000,4053.8000,4054.0000,4054.2000,4054.8000,3,4,1,5,1,1,1,4,1,1
SF,IF2006,2020-02-19 10:11:13.900,4052.6000,23984,0,2668261920.000,1,0,1,多换,S,4052.6000,4052.4000,4051.8000,4051.4000,4051.0000,4053.6000,4053.8000,4054.0000,4054.2000,4054.8000,2,4,1,5,1,1,1,4,1,1
SF,IF2006,2020-02-19 10:11:14.400,4052.6000,23984,0,2668261920.000,0,-,-,-,-,4052.6000,4052.4000,4051.8000,4051.4000,4051.2000,4053.6000,4053.8000,4054.0000,4054.2000,4054.8000,2,4,1,5,1,1,1,4,1,1
SF,IF2006,2020-02-19 10:11:16.400,4053.6000,23984,0,2669478000.000,1,0,1,多换,S,4052.6000,4052.4000,4051.8000,4051.4000,4051.2000,4053.8000,4054.0000,4054.2000,4054.8000,4055.0000,2,4,1,5,1,1,4,1,1,4
SF,IF2006,2020-02-19 10:11:16.900,4053.6000,23984,0,2669478000.000,0,-,-,-,-,4053.0000,4052.6000,4052.4000,4051.8000,4051.4000,4053.6000,4053.8000,4054.0000,4054.2000,4054.8000,1,1,4,1,5,5,1,2,1,1
SF,IF2006,2020-02-19 10:11:17.400,4053.0000,23985,1,2670693900.000,1,1,0,双开,S,4052.6000,4052.4000,4051.8000,4051.4000,4051.2000,4053.6000,4053.8000,4054.0000,4054.2000,4054.8000,1,4,1,5,1,4,1,2,1,1
SF,IF2006,2020-02-19 10:11:17.900,4053.0000,23985,0,2670693900.000,0,-,-,-,-,4052.6000,4052.4000,4051.8000,4051.4000,4051.2000,4053.6000,4053.8000,4054.0000,4054.2000,4054.8000,1,4,1,5,1,3,1,2,1,1
SF,IF2006,2020-02-19 10:11:18.900,4053.0000,23985,0,2670693900.000,0,-,-,-,-,4052.6000,4052.4000,4051.4000,4051.2000,4051.0000,4053.6000,4053.8000,4054.0000,4054.2000,4054.8000,1,4,5,1,1,3,1,2,1,1
SF,IF2006,2020-02-19 10:11:19.400,4053.0000,23985,0,2670693900.000,0,-,-,-,-,4052.6000,4052.4000,4051.4000,4051.2000,4051.0000,4053.6000,4053.8000,4054.0000,4054.2000,4054.4000,1,4,5,1,1,3,1,2,1,1
SF,IF2006,2020-02-19 10:11:19.900,4053.0000,23985,0,2670693900.000,0,-,-,-,-,4052.6000,4052.4000,4051.4000,4051.2000,4051.0000,4053.6000,4053.8000,4054.0000,4054.2000,4054.4000,1,4,5,1,1,1,1,2,1,1
SF,IF2006,2020-02-19 10:11:20.400,4053.0000,23985,0,2670693900.000,0,-,-,-,-,4052.6000,4052.4000,4051.4000,4051.2000,4051.0000,4053.6000,4053.8000,4054.0000,4054.2000,4054.4000,1,4,5,1,1,1,1,2,1,1
SF,IF2006,2020-02-19 10:11:22.900,4053.6000,23984,-1,2671909980.000,1,0,1,双平,S,4052.6000,4052.4000,4051.4000,4051.2000,4051.0000,4053.0000,4053.8000,4054.0000,4054.2000,4054.4000,1,4,5,1,1,1,1,2,1,1
SF,IF2006,2020-02-19 10:11:23.400,4053.0000,23984,0,2673125880.000,1,0,1,多换,S,4052.6000,4052.4000,4051.4000,4051.2000,4051.0000,4053.8000,4054.0000,4054.2000,4054.4000,4054.8000,1,4,5,1,1,1,2,1,1,1
SF,IF2006,2020-02-19 10:11:23.900,4053.0000,23984,0,2673125880.000,0,-,-,-,-,4052.6000,4052.4000,4051.4000,4051.2000,4051.0000,4053.6000,4053.8000,4054.0000,4054.2000,4054.4000,1,4,5,1,1,1,1,2,1,1
SF,IF2006,2020-02-19 10:11:25.900,4053.0000,23984,0,2673125880.000,0,-,-,-,-,4052.8000,4052.6000,4052.4000,4051.4000,4051.2000,4053.6000,4054.0000,4054.2000,4054.4000,4054.8000,3,1,4,5,1,1,2,1,1,1
SF,IF2006,2020-02-19 10:11:26.400,4053.0000,23984,0,2673125880.000,0,-,-,-,-,4052.6000,4052.4000,4051.4000,4051.2000,4051.0000,4053.6000,4054.0000,4054.2000,4054.4000,4054.8000,1,4,5,1,1,1,2,1,1,1
SF,IF2006,2020-02-19 10:11:30.400,4053.0000,23984,0,2673125880.000,0,-,-,-,-,4052.4000,4051.4000,4051.2000,4051.0000,4050.8000,4053.6000,4054.0000,4054.2000,4054.4000,4054.8000,4,5,1,1,2,1,2,1,1,1
SF,IF2006,2020-02-19 10:11:30.900,4053.0000,23984,0,2673125880.000,0,-,-,-,-,4052.6000,4052.4000,4051.4000,4051.2000,4051.0000,4053.6000,4054.0000,4054.2000,4054.4000,4054.8000,1,4,5,1,1,1,2,1,1,1
SF,IF2006,2020-02-19 10:11:31.400,4053.0000,23984,0,2673125880.000,0,-,-,-,-,4052.6000,4052.4000,4051.4000,4051.2000,4051.0000,4053.0000,4053.6000,4054.0000,4054.2000,4054.4000,1,4,5,1,1,1,1,2,1,1
SF,IF2006,2020-02-19 10:11:31.900,4052.8000,23984,0,2675557620.000,2,1,1,多换,S,4052.6000,4052.4000,4051.4000,4051.2000,4051.0000,4054.0000,4054.2000,4054.4000,4054.8000,4055.0000,1,4,5,1,1,2,1,1,1,4
SF,IF2006,2020-02-19 10:11:32.400,4052.8000,23984,0,2675557620.000,0,-,-,-,-,4052.6000,4052.4000,4051.4000,4051.2000,4051.0000,4053.8000,4054.0000,4054.2000,4054.4000,4055.0000,1,4,5,1,1,7,2,1,1,4
SF,IF2006,2020-02-19 10:11:33.400,4052.8000,23984,0,2675557620.000,0,-,-,-,-,4052.6000,4052.4000,4051.4000,4051.2000,4051.0000,4053.4000,4053.8000,4054.0000,4054.2000,4054.4000,1,4,5,1,1,1,7,2,1,1
SF,IF2006,2020-02-19 10:11:33.900,4052.6000,23985,1,2676773400.000,1,1,0,双开,S,4052.6000,4052.4000,4051.4000,4051.2000,4051.0000,4053.4000,4053.8000,4054.0000,4054.2000,4054.4000,1,4,5,1,1,1,7,2,1,1
SF,IF2006,2020-02-19 10:11:34.900,4052.6000,23985,0,2676773400.000,0,-,-,-,-,4052.6000,4052.4000,4051.4000,4051.2000,4051.0000,4053.4000,4053.8000,4054.0000,4054.2000,4054.4000,1,4,5,1,1,1,7,3,1,1
SF,IF2006,2020-02-19 10:11:35.900,4052.6000,23985,0,2677989180.000,1,0,1,多换,S,4052.4000,4051.4000,4051.2000,4051.0000,4050.8000,4053.2000,4053.4000,4053.8000,4054.0000,4054.2000,4,5,1,1,2,1,1,7,2,1
SF,IF2006,2020-02-19 10:11:36.400,4052.6000,23985,0,2677989180.000,0,-,-,-,-,4052.4000,4051.4000,4051.2000,4051.0000,4050.8000,4053.0000,4053.4000,4053.8000,4054.0000,4054.2000,4,5,1,1,2,1,1,2,2,1
SF,IF2006,2020-02-19 10:11:36.900,4052.6000,23985,0,2677989180.000,0,-,-,-,-,4052.4000,4051.4000,4051.2000,4051.0000,4050.8000,4053.2000,4053.4000,4053.8000,4054.0000,4054.2000,4,5,1,1,2,1,1,2,2,1
SF,IF2006,2020-02-19 10:11:37.900,4052.4000,23986,1,2682852060.000,4,2,2,空开,S,4051.4000,4051.2000,4051.0000,4050.8000,4050.0000,4053.0000,4053.2000,4053.4000,4053.8000,4054.0000,5,1,1,2,1,4,1,1,2,2
SF,IF2006,2020-02-19 10:11:38.400,4053.0000,23985,-1,2684067960.000,1,0,1,双平,S,4051.6000,4051.4000,4051.2000,4051.0000,4050.8000,4053.0000,4053.4000,4053.8000,4054.0000,4054.2000,1,5,1,1,1,3,1,1,2,1
SF,IF2006,2020-02-19 10:11:38.900,4053.0000,23985,0,2684067960.000,0,-,-,-,-,4051.6000,4051.4000,4051.2000,4051.0000,4050.8000,4052.8000,4053.0000,4053.4000,4053.8000,4054.0000,1,5,1,1,1,1,3,1,1,2
SF,IF2006,2020-02-19 10:11:39.400,4053.0000,23985,0,2684067960.000,0,-,-,-,-,4052.0000,4051.8000,4051.6000,4051.4000,4051.2000,4052.8000,4053.0000,4053.4000,4053.8000,4054.0000,1,3,1,5,1,1,1,1,1,2
SF,IF2006,2020-02-19 10:11:39.900,4052.8000,23984,-1,2685283800.000,1,0,1,双平,S,4052.2000,4052.0000,4051.8000,4051.6000,4051.4000,4052.6000,4053.4000,4053.8000,4054.0000,4054.2000,1,1,2,1,5,1,1,1,2,1
SF,IF2006,2020-02-19 10:11:40.400,4052.6000,23983,-1,2686499580.000,1,0,1,双平,S,4052.2000,4052.0000,4051.8000,4051.6000,4051.4000,4053.4000,4053.8000,4054.0000,4054.2000,4054.4000,1,1,2,1,5,1,1,2,1,1
SF,IF2006,2020-02-19 10:11:41.900,4052.6000,23983,0,2686499580.000,0,-,-,-,-,4052.0000,4051.8000,4051.6000,4051.4000,4051.2000,4053.4000,4053.8000,4054.0000,4054.2000,4054.4000,1,2,1,5,1,1,1,2,1,1
SF,IF2006,2020-02-19 10:11:42.400,4052.6000,23983,0,2686499580.000,0,-,-,-,-,4052.2000,4052.0000,4051.8000,4051.4000,4051.2000,4052.8000,4053.4000,4053.8000,4054.0000,4054.2000,1,1,2,5,1,1,2,1,2,1
SF,IF2006,2020-02-19 10:11:42.900,4052.6000,23983,0,2686499580.000,0,-,-,-,-,4052.2000,4052.0000,4051.8000,4051.4000,4051.2000,4052.8000,4053.4000,4053.8000,4054.0000,4054.2000,1,1,2,5,1,1,2,1,2,1
SF,IF2006,2020-02-19 10:11:43.400,4052.6000,23983,0,2686499580.000,0,-,-,-,-,4052.2000,4052.0000,4051.8000,4051.4000,4051.2000,4052.8000,4053.4000,4053.8000,4054.0000,4054.2000,1,1,2,5,1,1,2,1,2,1
SF,IF2006,2020-02-19 10:11:44.400,4052.6000,23983,0,2686499580.000,0,-,-,-,-,4052.2000,4052.0000,4051.8000,4051.4000,4051.2000,4052.8000,4053.4000,4053.8000,4054.0000,4054.2000,1,1,2,5,1,1,2,1,2,1
SF,IF2006,2020-02-19 10:11:44.900,4052.6000,23983,0,2686499580.000,0,-,-,-,-,4052.2000,4052.0000,4051.8000,4051.4000,4051.2000,4052.6000,4052.8000,4053.4000,4053.8000,4054.0000,1,1,2,5,1,1,1,2,1,2
SF,IF2006,2020-02-19 10:11:45.400,4052.6000,23983,0,2687715360.000,1,0,1,多换,S,4052.2000,4052.0000,4051.8000,4051.4000,4051.2000,4052.8000,4053.4000,4053.8000,4054.0000,4054.2000,1,1,2,5,1,1,2,1,2,1
SF,IF2006,2020-02-19 10:11:45.900,4052.6000,23983,0,2687715360.000,0,-,-,-,-,4052.2000,4052.0000,4051.8000,4051.4000,4051.2000,4052.8000,4053.4000,4053.8000,4054.0000,4054.2000,2,1,2,5,1,1,2,1,2,1
SF,IF2006,2020-02-19 10:11:46.900,4052.6000,23983,0,2687715360.000,0,-,-,-,-,4052.2000,4052.0000,4051.8000,4051.4000,4051.2000,4052.8000,4053.4000,4053.8000,4054.0000,4054.2000,2,1,2,5,1,1,2,2,2,1
SF,IF2006,2020-02-19 10:11:47.900,4052.6000,23983,0,2687715360.000,0,-,-,-,-,4052.2000,4052.0000,4051.8000,4051.4000,4051.2000,4052.8000,4053.4000,4053.8000,4054.0000,4054.2000,2,1,2,5,1,1,2,2,2,1
SF,IF2006,2020-02-19 10:11:48.900,4052.6000,23983,0,2687715360.000,0,-,-,-,-,4052.4000,4052.2000,4051.8000,4051.4000,4051.2000,4052.8000,4053.4000,4053.8000,4054.0000,4054.2000,2,2,2,5,1,1,2,2,2,1
SF,IF2006,2020-02-19 10:11:49.400,4052.8000,23982,-1,2688931200.000,1,0,1,双平,S,4052.8000,4052.4000,4052.2000,4051.8000,4051.4000,4053.4000,4053.8000,4054.0000,4054.2000,4054.4000,1,2,2,2,5,2,2,2,1,1
SF,IF2006,2020-02-19 10:11:49.900,4052.8000,23982,0,2688931200.000,0,-,-,-,-,4052.8000,4052.4000,4052.2000,4051.4000,4051.2000,4053.4000,4053.8000,4054.0000,4054.2000,4054.4000,1,2,2,5,1,2,1,2,1,1
SF,IF2006,2020-02-19 10:11:50.400,4052.8000,23982,0,2688931200.000,0,-,-,-,-,4052.8000,4052.4000,4052.2000,4051.4000,4051.2000,4053.4000,4054.0000,4054.2000,4054.4000,4055.0000,1,2,2,5,1,2,2,1,1,4
SF,IF2006,2020-02-19 10:11:50.900,4052.8000,23982,0,2688931200.000,0,-,-,-,-,4053.0000,4052.8000,4052.4000,4052.2000,4051.4000,4053.4000,4054.0000,4054.2000,4054.4000,4055.0000,2,1,2,2,5,2,2,1,1,4
SF,IF2006,2020-02-19 10:11:51.900,4052.8000,23982,0,2688931200.000,0,-,-,-,-,4053.0000,4052.8000,4052.4000,4052.2000,4051.4000,4053.4000,4054.0000,4054.2000,4054.4000,4055.0000,2,1,1,2,5,2,2,1,1,4
SF,IF2006,2020-02-19 10:11:52.900,4052.8000,23982,0,2688931200.000,0,-,-,-,-,4053.0000,4052.8000,4052.4000,4052.2000,4051.4000,4053.4000,4054.0000,4054.2000,4054.4000,4055.0000,2,1,1,2,5,3,2,1,1,4
SF,IF2006,2020-02-19 10:11:53.900,4053.0000,23982,0,2691363120.000,2,1,1,多换,S,4052.8000,4052.4000,4052.2000,4051.4000,4051.2000,4053.0000,4053.4000,4054.0000,4054.2000,4054.4000,1,1,2,5,1,1,2,2,1,1
SF,IF2006,2020-02-19 10:11:54.400,4053.4000,23979,-3,2695011060.000,3,0,3,双平,S,4053.0000,4052.4000,4052.2000,4051.4000,4051.2000,4054.0000,4054.2000,4054.4000,4055.0000,4055.2000,1,1,1,5,1,2,1,1,4,1
SF,IF2006,2020-02-19 10:11:55.400,4053.4000,23979,0,2695011060.000,0,-,-,-,-,4053.4000,4053.0000,4052.4000,4052.2000,4051.4000,4054.0000,4054.2000,4054.4000,4055.0000,4055.2000,1,1,1,1,5,2,1,1,4,1
SF,IF2006,2020-02-19 10:11:55.900,4053.4000,23979,0,2695011060.000,0,-,-,-,-,4053.4000,4053.0000,4052.4000,4052.2000,4051.4000,4054.0000,4054.2000,4054.4000,4055.0000,4055.2000,2,1,1,1,5,2,1,1,4,1
SF,IF2006,2020-02-19 10:11:56.400,4053.4000,23979,0,2695011060.000,0,-,-,-,-,4053.4000,4053.0000,4052.4000,4052.2000,4051.4000,4054.0000,4054.2000,4054.4000,4055.0000,4055.2000,1,1,1,1,5,2,1,1,4,1
SF,IF2006,2020-02-19 10:11:56.900,4053.4000,23979,0,2695011060.000,0,-,-,-,-,4053.4000,4053.0000,4052.4000,4052.2000,4051.4000,4054.0000,4054.2000,4054.4000,4055.0000,4055.2000,1,1,1,1,5,4,1,1,4,1
SF,IF2006,2020-02-19 10:11:58.400,4054.0000,23979,0,2696227260.000,1,0,1,多换,S,4053.4000,4053.0000,4052.4000,4052.2000,4051.4000,4054.0000,4054.2000,4054.4000,4055.0000,4055.2000,1,1,1,1,5,3,1,1,4,1
SF,IF2006,2020-02-19 10:12:00.400,4054.0000,23979,0,2696227260.000,0,-,-,-,-,4053.4000,4053.0000,4052.4000,4052.2000,4051.4000,4054.0000,4054.2000,4054.4000,4055.0000,4055.2000,1,1,1,1,5,3,1,1,4,1
SF,IF2006,2020-02-19 10:12:00.900,4053.4000,23979,0,2697443280.000,1,0,1,多换,S,4052.4000,4052.2000,4051.4000,4051.0000,4050.8000,4054.0000,4054.2000,4054.4000,4055.0000,4055.2000,1,1,5,1,1,3,1,1,4,1
SF,IF2006,2020-02-19 10:12:01.400,4054.0000,23980,1,2701091880.000,3,2,1,空开,S,4054.0000,4052.8000,4052.6000,4052.4000,4052.2000,4054.2000,4054.4000,4055.0000,4055.2000,4055.8000,1,1,6,1,1,1,1,4,1,1
SF,IF2006,2020-02-19 10:12:01.900,4054.0000,23981,1,2702308080.000,1,1,0,双开,S,4052.8000,4052.6000,4052.4000,4052.2000,4051.4000,4054.2000,4054.4000,4055.0000,4055.2000,4055.8000,1,2,1,1,5,1,1,4,1,1
SF,IF2006,2020-02-19 10:12:02.400,4054.0000,23981,0,2702308080.000,0,-,-,-,-,4053.0000,4052.8000,4052.4000,4052.2000,4051.4000,4054.2000,4054.4000,4055.0000,4055.2000,4055.8000,2,1,1,1,5,1,1,4,1,1
SF,IF2006,2020-02-19 10:12:02.900,4054.0000,23981,0,2702308080.000,0,-,-,-,-,4053.0000,4052.8000,4052.4000,4052.2000,4051.4000,4054.2000,4054.4000,4055.0000,4055.2000,4055.8000,1,1,1,1,5,1,1,4,1,1
SF,IF2006,2020-02-19 10:12:03.900,4054.0000,23981,0,2702308080.000,0,-,-,-,-,4053.2000,4053.0000,4052.8000,4052.4000,4052.2000,4054.2000,4054.4000,4055.0000,4055.2000,4055.8000,1,1,1,1,1,1,1,4,1,1
SF,IF2006,2020-02-19 10:12:04.400,4054.0000,23981,0,2702308080.000,0,-,-,-,-,4053.0000,4052.8000,4052.4000,4052.2000,4051.4000,4054.2000,4054.4000,4055.0000,4055.2000,4055.8000,1,1,1,1,5,1,1,4,1,1
SF,IF2006,2020-02-19 10:12:04.900,4054.0000,23981,0,2702308080.000,0,-,-,-,-,4053.0000,4052.8000,4052.4000,4052.2000,4051.4000,4054.0000,4054.2000,4054.4000,4055.0000,4055.2000,1,1,1,1,5,1,1,1,4,1
SF,IF2006,2020-02-19 10:12:05.400,4054.0000,23981,0,2702308080.000,0,-,-,-,-,4053.0000,4052.8000,4052.4000,4052.2000,4051.4000,4054.2000,4054.4000,4055.0000,4055.2000,4055.8000,1,1,1,1,5,1,1,4,1,1
SF,IF2006,2020-02-19 10:12:06.400,4054.0000,23981,0,2702308080.000,0,-,-,-,-,4053.0000,4052.8000,4052.4000,4052.2000,4051.4000,4054.2000,4054.4000,4054.8000,4055.0000,4055.2000,1,1,1,1,5,1,1,1,4,1
SF,IF2006,2020-02-19 10:12:06.900,4054.2000,23981,0,2703524340.000,1,0,1,多换,S,4053.2000,4053.0000,4052.8000,4052.4000,4052.2000,4054.4000,4055.0000,4055.2000,4055.8000,4056.0000,1,1,1,1,1,1,4,1,1,1
SF,IF2006,2020-02-19 10:12:07.400,4054.2000,23981,0,2703524340.000,0,-,-,-,-,4053.0000,4052.8000,4052.4000,4052.2000,4051.4000,4054.4000,4055.0000,4055.2000,4055.8000,4056.0000,1,1,1,1,5,1,4,1,1,1
SF,IF2006,2020-02-19 10:12:09.900,4054.2000,23981,0,2703524340.000,0,-,-,-,-,4053.0000,4052.8000,4052.2000,4051.4000,4051.0000,4054.4000,4055.0000,4055.2000,4055.8000,4056.0000,2,1,1,5,1,1,4,1,1,1
SF,IF2006,2020-02-19 10:12:10.900,4054.2000,23981,0,2703524340.000,0,-,-,-,-,4053.2000,4053.0000,4052.8000,4052.2000,4051.4000,4054.0000,4054.4000,4055.0000,4055.2000,4055.8000,1,2,1,1,5,1,1,4,1,1
SF,IF2006,2020-02-19 10:12:11.400,4054.2000,23981,0,2703524340.000,0,-,-,-,-,4053.2000,4053.0000,4052.8000,4052.2000,4051.4000,4054.4000,4055.0000,4055.2000,4055.8000,4056.0000,1,2,1,1,5,1,4,1,1,1
SF,IF2006,2020-02-19 10:12:11.900,4054.2000,23981,0,2703524340.000,0,-,-,-,-,4053.2000,4053.0000,4052.8000,4052.2000,4051.4000,4054.2000,4054.4000,4055.0000,4055.2000,4055.8000,1,2,1,1,5,4,1,4,1,1
SF,IF2006,2020-02-19 10:12:12.900,4054.2000,23981,0,2703524340.000,0,-,-,-,-,4053.2000,4053.0000,4052.8000,4052.2000,4051.4000,4054.0000,4054.2000,4054.4000,4055.0000,4055.2000,1,2,1,1,5,1,3,1,4,1
SF,IF2006,2020-02-19 10:12:13.400,4053.2000,23981,0,2704740300.000,1,0,1,多换,S,4053.0000,4052.8000,4052.2000,4051.4000,4051.0000,4054.0000,4054.2000,4054.4000,4055.0000,4055.2000,2,1,1,5,1,1,2,1,4,1
SF,IF2006,2020-02-19 10:12:14.900,4054.0000,23982,1,2705956500.000,1,1,0,双开,S,4054.0000,4053.0000,4052.8000,4052.2000,4051.4000,4054.2000,4054.4000,4055.0000,4055.2000,4055.8000,2,2,1,1,5,2,1,4,1,1
SF,IF2006,2020-02-19 10:12:15.400,4054.0000,23982,0,2708388900.000,2,1,1,多换,S,4053.0000,4052.8000,4052.2000,4051.4000,4051.0000,4054.0000,4054.4000,4055.0000,4055.2000,4055.8000,2,1,1,5,1,3,1,4,1,1
SF,IF2006,2020-02-19 10:12:15.900,4054.0000,23981,-1,2712037500.000,3,1,2,多平,S,4053.2000,4053.0000,4052.8000,4052.2000,4051.4000,4054.4000,4055.0000,4055.2000,4055.8000,4056.0000,1,2,1,1,5,1,4,1,1,1
SF,IF2006,2020-02-19 10:12:16.400,4054.0000,23981,0,2712037500.000,0,-,-,-,-,4053.4000,4053.2000,4053.0000,4052.8000,4052.2000,4054.4000,4055.0000,4055.2000,4055.8000,4056.0000,1,1,1,1,1,1,4,1,1,1
SF,IF2006,2020-02-19 10:12:16.900,4054.0000,23981,0,2712037500.000,0,-,-,-,-,4053.6000,4053.4000,4053.2000,4053.0000,4052.2000,4054.4000,4055.0000,4055.2000,4055.8000,4056.0000,1,1,1,1,1,1,4,1,1,1
SF,IF2006,2020-02-19 10:12:17.400,4054.0000,23981,0,2712037500.000,0,-,-,-,-,4053.4000,4053.0000,4052.2000,4051.4000,4051.0000,4054.4000,4055.0000,4055.2000,4055.8000,4056.0000,2,1,1,5,1,1,4,1,1,1
SF,IF2006,2020-02-19 10:12:18.900,4054.0000,23981,0,2712037500.000,0,-,-,-,-,4053.4000,4053.0000,4052.2000,4051.4000,4051.0000,4054.4000,4055.0000,4055.2000,4055.8000,4056.0000,1,1,1,5,1,1,4,1,1,1
SF,IF2006,2020-02-19 10:12:22.400,4054.0000,23981,0,2712037500.000,0,-,-,-,-,4054.0000,4053.4000,4053.0000,4052.2000,4051.4000,4054.4000,4055.0000,4055.2000,4055.8000,4056.0000,1,1,1,1,5,1,4,1,1,1
SF,IF2006,2020-02-19 10:12:22.900,4054.0000,23982,1,2713253700.000,1,1,0,双开,S,4053.4000,4053.0000,4052.2000,4051.4000,4051.0000,4054.4000,4055.0000,4055.2000,4055.8000,4056.0000,1,1,1,5,1,2,4,1,1,1
SF,IF2006,2020-02-19 10:12:23.400,4054.0000,23982,0,2713253700.000,0,-,-,-,-,4053.4000,4053.0000,4052.2000,4051.4000,4051.0000,4054.2000,4054.4000,4055.0000,4055.2000,4055.8000,1,2,1,5,1,6,2,4,1,1
SF,IF2006,2020-02-19 10:12:23.900,4054.0000,23982,0,2713253700.000,0,-,-,-,-,4053.4000,4053.0000,4052.2000,4051.4000,4051.0000,4054.2000,4054.4000,4055.0000,4055.2000,4055.8000,1,2,1,5,1,5,2,4,1,1
SF,IF2006,2020-02-19 10:12:24.400,4054.0000,23982,0,2713253700.000,0,-,-,-,-,4053.4000,4053.0000,4052.2000,4051.4000,4051.0000,4054.0000,4054.2000,4054.4000,4055.0000,4055.2000,1,2,1,5,1,1,5,1,4,1
SF,IF2006,2020-02-19 10:12:25.400,4054.0000,23982,0,2713253700.000,0,-,-,-,-,4053.4000,4053.0000,4052.2000,4051.4000,4051.0000,4054.0000,4054.2000,4054.4000,4055.0000,4055.2000,1,2,1,5,1,1,2,1,4,1
SF,IF2006,2020-02-19 10:12:25.900,4054.0000,23982,0,2713253700.000,0,-,-,-,-,4053.0000,4052.2000,4051.4000,4051.0000,4050.8000,4053.4000,4053.8000,4054.0000,4054.4000,4055.0000,2,1,5,1,1,1,1,1,1,4
SF,IF2006,2020-02-19 10:12:26.400,4053.4000,23983,1,2714469720.000,1,1,0,双开,S,4053.4000,4053.0000,4052.2000,4051.4000,4051.0000,4054.0000,4054.4000,4055.0000,4055.2000,4055.8000,1,2,1,5,1,1,1,4,1,1
SF,IF2006,2020-02-19 10:12:26.900,4053.4000,23983,0,2715685740.000,1,0,1,多换,S,4053.0000,4052.2000,4051.4000,4051.0000,4050.8000,4054.0000,4054.4000,4055.0000,4055.2000,4055.8000,2,1,5,1,1,1,1,4,1,1
SF,IF2006,2020-02-19 10:12:27.400,4053.4000,23983,0,2715685740.000,0,-,-,-,-,4053.0000,4052.2000,4051.4000,4051.0000,4050.8000,4054.2000,4054.4000,4055.0000,4055.2000,4055.8000,2,1,5,1,1,1,1,4,1,1
SF,IF2006,2020-02-19 10:12:27.900,4053.4000,23983,0,2715685740.000,0,-,-,-,-,4053.2000,4053.0000,4052.2000,4051.4000,4051.0000,4054.2000,4054.4000,4055.0000,4055.2000,4055.8000,1,2,1,5,1,1,1,4,1,1
SF,IF2006,2020-02-19 10:12:28.400,4053.4000,23983,0,2715685740.000,0,-,-,-,-,4053.0000,4052.2000,4051.4000,4051.0000,4050.8000,4054.2000,4054.4000,4055.0000,4055.2000,4055.8000,2,1,5,1,1,1,1,4,1,1
SF,IF2006,2020-02-19 10:12:28.900,4053.4000,23983,0,2715685740.000,0,-,-,-,-,4053.0000,4052.2000,4051.4000,4051.0000,4050.8000,4054.0000,4054.2000,4054.4000,4055.0000,4055.2000,2,1,5,1,1,1,1,1,4,1
SF,IF2006,2020-02-19 10:12:29.900,4053.4000,23983,0,2715685740.000,0,-,-,-,-,4053.0000,4052.2000,4051.4000,4051.0000,4050.8000,4054.0000,4054.2000,4054.4000,4055.0000,4055.2000,2,1,5,1,1,1,1,1,4,1
SF,IF2006,2020-02-19 10:12:30.400,4053.0000,23983,0,2718117540.000,2,1,1,多换,S,4052.8000,4052.2000,4051.4000,4051.0000,4050.8000,4053.6000,4053.8000,4054.2000,4054.4000,4055.0000,1,1,5,1,1,1,4,1,1,4
SF,IF2006,2020-02-19 10:12:30.900,4052.8000,23983,0,2719333380.000,1,0,1,多换,S,4052.2000,4051.4000,4051.0000,4050.8000,4050.0000,4053.6000,4053.8000,4054.2000,4054.4000,4055.0000,1,5,1,1,1,1,3,1,1,4
SF,IF2006,2020-02-19 10:12:31.400,4052.8000,23983,0,2719333380.000,0,-,-,-,-,4052.2000,4051.4000,4051.0000,4050.0000,4049.4000,4053.2000,4053.4000,4054.2000,4054.4000,4055.0000,1,5,1,1,1,2,3,1,1,4
SF,IF2006,2020-02-19 10:12:31.900,4052.8000,23983,0,2719333380.000,0,-,-,-,-,4052.4000,4052.2000,4051.4000,4051.0000,4050.0000,4053.2000,4053.4000,4054.2000,4054.4000,4055.0000,1,1,5,1,1,2,2,1,1,4
SF,IF2006,2020-02-19 10:12:32.400,4052.8000,23983,0,2719333380.000,0,-,-,-,-,4052.2000,4051.4000,4051.0000,4050.0000,4049.4000,4053.2000,4053.4000,4054.4000,4055.0000,4055.2000,1,5,1,1,1,1,2,1,4,1
SF,IF2006,2020-02-19 10:12:32.900,4053.0000,23982,-1,2720549280.000,1,0,1,双平,S,4051.4000,4051.0000,4050.0000,4049.4000,4049.2000,4053.0000,4053.2000,4053.4000,4054.4000,4055.0000,5,2,1,1,1,2,1,2,1,4
SF,IF2006,2020-02-19 10:12:33.400,4053.0000,23982,0,2720549280.000,0,-,-,-,-,4051.8000,4051.6000,4051.4000,4051.0000,4050.0000,4053.0000,4053.2000,4053.4000,4054.4000,4055.0000,1,5,5,2,1,1,1,2,1,4
SF,IF2006,2020-02-19 10:12:33.900,4053.0000,23982,0,2721765180.000,1,0,1,多换,S,4052.0000,4051.8000,4051.6000,4051.4000,4051.0000,4053.2000,4053.4000,4054.4000,4055.0000,4055.2000,3,1,2,5,2,1,2,1,4,1
SF,IF2006,2020-02-19 10:12:34.400,4053.0000,23982,0,2721765180.000,0,-,-,-,-,4052.0000,4051.8000,4051.6000,4051.4000,4051.0000,4053.2000,4053.4000,4054.4000,4055.0000,4055.2000,2,1,2,5,2,1,2,1,4,1
SF,IF2006,2020-02-19 10:12:34.900,4053.0000,23982,0,2721765180.000,0,-,-,-,-,4052.0000,4051.8000,4051.6000,4051.4000,4051.0000,4053.2000,4053.4000,4055.0000,4055.2000,4055.8000,2,1,2,5,2,1,2,4,1,1
SF,IF2006,2020-02-19 10:12:35.900,4053.0000,23982,0,2721765180.000,0,-,-,-,-,4052.2000,4052.0000,4051.8000,4051.6000,4051.4000,4053.2000,4053.4000,4055.0000,4055.2000,4055.8000,1,2,1,2,5,1,2,4,1,1
SF,IF2006,2020-02-19 10:12:36.400,4053.0000,23982,0,2721765180.000,0,-,-,-,-,4052.4000,4052.2000,4052.0000,4051.8000,4051.6000,4053.2000,4053.4000,4055.0000,4055.2000,4055.8000,1,1,1,1,2,1,2,4,1,1
SF,IF2006,2020-02-19 10:12:36.900,4053.0000,23982,0,2721765180.000,0,-,-,-,-,4052.4000,4052.0000,4051.4000,4051.0000,4050.0000,4055.0000,4055.2000,4055.8000,4056.0000,4056.8000,1,1,5,2,1,4,1,1,1,1
SF,IF2006,2020-02-19 10:12:37.400,4053.0000,23982,0,2721765180.000,0,-,-,-,-,4052.6000,4052.4000,4052.0000,4051.4000,4051.0000,4054.0000,4054.2000,4054.6000,4054.8000,4055.0000,1,2,1,5,2,1,2,2,4,4
SF,IF2006,2020-02-19 10:12:37.900,4053.0000,23981,-1,2722981080.000,1,0,1,双平,S,4052.8000,4052.6000,4052.4000,4052.0000,4051.4000,4054.0000,4054.2000,4054.8000,4055.0000,4055.2000,1,1,1,1,5,1,2,4,4,1
SF,IF2006,2020-02-19 10:12:39.900,4053.0000,23981,0,2722981080.000,0,-,-,-,-,4052.8000,4052.6000,4052.4000,4052.0000,4051.4000,4054.0000,4054.2000,4054.8000,4055.0000,4055.2000,2,1,1,1,5,1,2,4,4,1
SF,IF2006,2020-02-19 10:12:40.400,4053.0000,23981,0,2722981080.000,0,-,-,-,-,4052.8000,4052.6000,4052.4000,4052.0000,4051.4000,4054.0000,4054.2000,4054.8000,4055.0000,4055.2000,2,1,1,1,5,1,2,2,4,1
SF,IF2006,2020-02-19 10:12:40.900,4053.0000,23981,0,2722981080.000,0,-,-,-,-,4052.8000,4052.6000,4052.0000,4051.4000,4051.0000,4054.0000,4054.2000,4054.8000,4055.0000,4055.2000,2,1,1,5,2,1,2,2,4,1
SF,IF2006,2020-02-19 10:12:43.400,4053.0000,23981,0,2722981080.000,0,-,-,-,-,4052.8000,4052.6000,4052.0000,4051.4000,4051.0000,4053.6000,4054.0000,4054.2000,4054.8000,4055.0000,2,1,1,5,2,1,2,2,2,4
SF,IF2006,2020-02-19 10:12:43.900,4053.0000,23981,0,2722981080.000,0,-,-,-,-,4052.8000,4052.6000,4052.0000,4051.4000,4051.0000,4053.6000,4054.0000,4054.2000,4054.8000,4055.0000,2,1,1,5,2,1,2,2,2,4
SF,IF2006,2020-02-19 10:12:44.400,4053.0000,23981,0,2722981080.000,0,-,-,-,-,4052.8000,4052.6000,4052.0000,4051.4000,4051.0000,4053.6000,4054.0000,4054.2000,4054.8000,4055.0000,2,1,1,5,2,1,2,2,2,4
SF,IF2006,2020-02-19 10:12:46.400,4053.0000,23981,0,2722981080.000,0,-,-,-,-,4053.0000,4052.8000,4052.6000,4052.0000,4051.4000,4053.6000,4054.0000,4054.2000,4054.8000,4055.0000,1,2,1,1,5,1,2,2,2,4
SF,IF2006,2020-02-19 10:12:46.900,4053.6000,23982,1,2724197160.000,1,1,0,双开,S,4052.8000,4052.6000,4052.0000,4051.4000,4051.0000,4054.0000,4054.2000,4054.8000,4055.0000,4055.2000,2,1,1,5,2,2,2,2,4,1
SF,IF2006,2020-02-19 10:12:47.400,4053.6000,23982,0,2724197160.000,0,-,-,-,-,4053.0000,4052.8000,4052.6000,4052.0000,4051.4000,4054.0000,4054.2000,4054.8000,4055.0000,4055.2000,1,2,1,1,5,2,2,2,4,1
SF,IF2006,2020-02-19 10:12:48.400,4053.6000,23982,0,2724197160.000,0,-,-,-,-,4053.0000,4052.8000,4052.6000,4052.0000,4051.4000,4054.0000,4054.2000,4054.8000,4055.0000,4055.2000,1,2,1,1,5,2,2,2,4,1
SF,IF2006,2020-02-19 10:12:48.900,4053.6000,23982,0,2724197160.000,0,-,-,-,-,4052.8000,4052.6000,4052.0000,4051.4000,4051.0000,4054.0000,4054.2000,4054.4000,4054.8000,4055.0000,2,1,1,5,2,2,2,1,2,4
SF,IF2006,2020-02-19 10:12:49.400,4053.6000,23982,0,2724197160.000,0,-,-,-,-,4053.2000,4053.0000,4052.8000,4052.6000,4052.0000,4054.0000,4054.2000,4054.4000,4054.8000,4055.0000,1,2,2,1,1,2,2,1,3,4
SF,IF2006,2020-02-19 10:12:49.900,4053.6000,23982,0,2724197160.000,0,-,-,-,-,4053.0000,4052.8000,4052.6000,4052.0000,4051.4000,4054.0000,4054.2000,4054.4000,4054.8000,4055.0000,2,2,1,1,5,2,2,1,3,4
SF,IF2006,2020-02-19 10:12:50.400,4053.6000,23982,0,2724197160.000,0,-,-,-,-,4053.0000,4052.8000,4052.6000,4052.0000,4051.4000,4054.0000,4054.2000,4054.4000,4054.8000,4055.0000,1,2,1,1,5,2,2,1,3,4
SF,IF2006,2020-02-19 10:12:51.900,4053.6000,23982,0,2724197160.000,0,-,-,-,-,4053.0000,4052.8000,4052.6000,4052.0000,4051.4000,4054.0000,4054.2000,4054.4000,4054.8000,4055.0000,1,2,1,1,5,2,2,1,3,4
SF,IF2006,2020-02-19 10:12:52.900,4053.0000,23981,-1,2725413060.000,1,0,1,双平,S,4052.8000,4052.6000,4052.0000,4051.4000,4051.0000,4054.0000,4054.2000,4054.4000,4054.8000,4055.0000,2,1,1,5,2,2,2,1,3,4
SF,IF2006,2020-02-19 10:12:53.400,4053.0000,23981,0,2725413060.000,0,-,-,-,-,4053.0000,4052.8000,4052.6000,4052.0000,4051.4000,4054.0000,4054.2000,4054.4000,4054.8000,4055.0000,1,2,1,1,5,2,2,1,3,4
SF,IF2006,2020-02-19 10:12:53.900,4054.0000,23980,-1,2726629260.000,1,0,1,双平,S,4053.2000,4053.0000,4052.8000,4052.0000,4051.4000,4054.4000,4054.8000,4055.0000,4055.2000,4055.8000,3,1,1,1,5,1,3,4,1,1
SF,IF2006,2020-02-19 10:12:54.400,4054.0000,23980,0,2726629260.000,0,-,-,-,-,4053.4000,4053.2000,4052.8000,4052.0000,4051.4000,4054.4000,4054.8000,4055.0000,4055.2000,4055.8000,1,3,1,1,5,1,2,4,1,1
SF,IF2006,2020-02-19 10:12:54.900,4054.0000,23980,0,2726629260.000,0,-,-,-,-,4053.6000,4053.4000,4053.2000,4052.8000,4052.0000,4054.4000,4054.8000,4055.0000,4055.2000,4055.8000,3,1,1,1,1,1,2,4,1,1
SF,IF2006,2020-02-19 10:12:55.400,4054.0000,23980,0,2726629260.000,0,-,-,-,-,4053.6000,4053.4000,4053.2000,4052.8000,4052.0000,4054.4000,4054.8000,4055.0000,4055.2000,4055.8000,3,1,1,1,1,1,2,4,1,1
SF,IF2006,2020-02-19 10:12:55.900,4054.4000,23979,-1,2727845580.000,1,0,1,双平,S,4053.6000,4053.4000,4053.2000,4052.8000,4052.0000,4054.8000,4055.0000,4055.2000,4055.8000,4056.0000,3,1,1,1,1,2,4,1,1,1
SF,IF2006,2020-02-19 10:12:56.400,4054.4000,23979,0,2727845580.000,0,-,-,-,-,4053.6000,4053.4000,4053.2000,4052.8000,4052.0000,4054.8000,4055.0000,4055.2000,4055.8000,4056.0000,3,1,1,1,1,1,4,1,1,1
SF,IF2006,2020-02-19 10:12:56.900,4054.4000,23979,0,2727845580.000,0,-,-,-,-,4053.6000,4053.4000,4053.2000,4052.8000,4052.0000,4054.8000,4055.0000,4055.2000,4055.8000,4056.0000,3,1,1,1,1,1,4,1,1,1
SF,IF2006,2020-02-19 10:12:59.400,4054.4000,23979,0,2727845580.000,0,-,-,-,-,4053.6000,4053.4000,4053.2000,4052.8000,4052.0000,4054.8000,4055.0000,4055.2000,4055.8000,4056.0000,2,1,1,1,1,1,4,1,1,1
SF,IF2006,2020-02-19 10:12:59.900,4054.4000,23979,0,2727845580.000,0,-,-,-,-,4053.6000,4053.4000,4053.2000,4052.0000,4051.4000,4054.8000,4055.0000,4055.2000,4055.8000,4056.0000,3,1,1,1,5,1,4,1,1,1
SF,IF2006,2020-02-19 10:13:00.400,4054.4000,23979,0,2727845580.000,0,-,-,-,-,4053.6000,4053.2000,4052.0000,4051.4000,4051.0000,4054.6000,4054.8000,4055.0000,4055.2000,4055.8000,2,1,1,5,2,2,1,4,1,1
SF,IF2006,2020-02-19 10:13:00.900,4054.4000,23979,0,2727845580.000,0,-,-,-,-,4053.6000,4053.2000,4052.0000,4051.4000,4051.0000,4054.4000,4054.8000,4055.0000,4055.2000,4055.8000,2,1,1,5,2,4,1,4,1,1
SF,IF2006,2020-02-19 10:13:01.400,4054.4000,23979,0,2727845580.000,0,-,-,-,-,4053.6000,4053.2000,4052.0000,4051.4000,4051.0000,4054.8000,4055.0000,4055.2000,4055.8000,4056.0000,2,1,1,5,2,1,4,1,1,1
SF,IF2006,2020-02-19 10:13:01.900,4054.4000,23979,0,2727845580.000,0,-,-,-,-,4053.8000,4053.6000,4053.2000,4052.0000,4051.4000,4054.6000,4054.8000,4055.0000,4055.2000,4055.8000,1,2,1,1,5,2,1,4,1,1
SF,IF2006,2020-02-19 10:13:02.400,4054.4000,23979,0,2727845580.000,0,-,-,-,-,4053.6000,4053.2000,4052.0000,4051.4000,4051.0000,4054.8000,4055.0000,4055.2000,4055.8000,4056.0000,2,1,1,5,2,1,4,1,1,1
SF,IF2006,2020-02-19 10:13:02.900,4053.8000,23980,1,2729061720.000,1,1,0,双开,S,4053.6000,4053.2000,4052.0000,4051.4000,4051.0000,4054.6000,4054.8000,4055.0000,4055.2000,4055.8000,2,1,1,5,2,2,1,4,1,1
SF,IF2006,2020-02-19 10:13:03.900,4053.8000,23980,0,2729061720.000,0,-,-,-,-,4053.6000,4053.2000,4052.0000,4051.4000,4051.0000,4054.8000,4055.0000,4055.2000,4055.8000,4056.0000,2,1,1,5,1,1,4,1,1,1
SF,IF2006,2020-02-19 10:13:04.400,4053.8000,23980,0,2729061720.000,0,-,-,-,-,4053.8000,4053.6000,4053.2000,4052.0000,4051.4000,4054.8000,4055.0000,4055.2000,4055.8000,4056.0000,1,2,1,1,5,1,4,1,1,1
SF,IF2006,2020-02-19 10:13:04.900,4053.8000,23980,0,2729061720.000,0,-,-,-,-,4054.0000,4053.8000,4053.6000,4052.0000,4051.4000,4054.8000,4055.0000,4055.2000,4055.8000,4056.0000,1,1,1,1,5,1,4,1,1,1
SF,IF2006,2020-02-19 10:13:05.400,4053.8000,23980,0,2729061720.000,0,-,-,-,-,4054.2000,4054.0000,4053.6000,4052.0000,4051.4000,4054.8000,4055.0000,4055.2000,4055.8000,4056.0000,1,1,1,1,5,1,4,1,1,1
SF,IF2006,2020-02-19 10:13:05.900,4054.8000,23981,1,2730278160.000,1,1,0,双开,S,4054.2000,4054.0000,4053.6000,4052.0000,4051.4000,4055.0000,4055.2000,4055.8000,4056.0000,4056.6000,1,1,1,1,5,4,1,1,1,5
SF,IF2006,2020-02-19 10:13:06.400,4054.8000,23981,0,2730278160.000,0,-,-,-,-,4054.2000,4054.0000,4053.6000,4052.0000,4051.4000,4055.0000,4055.2000,4055.8000,4056.0000,4056.6000,1,1,1,1,5,4,1,1,1,5
SF,IF2006,2020-02-19 10:13:06.900,4054.8000,23981,0,2730278160.000,0,-,-,-,-,4054.2000,4054.0000,4053.6000,4052.0000,4051.4000,4055.0000,4055.2000,4055.8000,4056.0000,4056.8000,1,1,1,1,5,4,1,1,1,1
SF,IF2006,2020-02-19 10:13:07.400,4054.8000,23981,0,2730278160.000,0,-,-,-,-,4054.2000,4054.0000,4053.6000,4052.0000,4051.4000,4055.0000,4055.2000,4055.8000,4056.0000,4056.8000,1,1,1,1,5,4,1,1,1,1
SF,IF2006,2020-02-19 10:13:09.900,4055.0000,23977,-4,2735144160.000,4,0,4,双平,S,4054.6000,4054.4000,4054.0000,4053.6000,4052.0000,4055.2000,4055.8000,4056.0000,4056.8000,4057.2000,1,3,1,1,1,1,1,1,1,3
SF,IF2006,2020-02-19 10:13:10.400,4055.2000,23977,0,2736360720.000,1,0,1,多换,S,4054.4000,4054.0000,4053.6000,4052.0000,4051.4000,4055.8000,4056.0000,4056.8000,4057.2000,4057.4000,3,1,1,1,5,1,1,1,3,1
SF,IF2006,2020-02-19 10:13:10.900,4055.2000,23977,0,2736360720.000,0,-,-,-,-,4054.6000,4054.4000,4053.6000,4052.0000,4051.4000,4055.6000,4055.8000,4056.0000,4056.8000,4057.2000,1,2,1,1,5,1,1,1,1,3
SF,IF2006,2020-02-19 10:13:11.400,4055.2000,23977,0,2736360720.000,0,-,-,-,-,4054.6000,4054.4000,4053.6000,4052.0000,4051.0000,4055.6000,4055.8000,4056.0000,4056.8000,4057.2000,1,2,1,1,1,1,1,1,1,3
SF,IF2006,2020-02-19 10:13:12.400,4055.2000,23977,0,2736360720.000,0,-,-,-,-,4054.6000,4054.4000,4053.6000,4052.0000,4051.0000,4055.4000,4055.6000,4055.8000,4056.8000,4057.2000,1,1,1,1,1,2,1,1,1,3
SF,IF2006,2020-02-19 10:13:12.900,4055.2000,23977,0,2736360720.000,0,-,-,-,-,4053.6000,4052.0000,4051.0000,4050.0000,4049.4000,4054.6000,4055.6000,4055.8000,4056.8000,4057.2000,1,1,1,1,1,1,1,1,1,3
SF,IF2006,2020-02-19 10:13:13.400,4054.6000,23977,0,2737577100.000,1,0,1,多换,S,4053.8000,4053.6000,4052.0000,4051.0000,4050.0000,4055.6000,4055.8000,4056.8000,4057.2000,4057.4000,3,1,1,1,1,1,1,1,3,1
SF,IF2006,2020-02-19 10:13:13.900,4054.6000,23977,0,2737577100.000,0,-,-,-,-,4054.0000,4053.8000,4053.6000,4052.0000,4051.0000,4055.2000,4055.4000,4055.6000,4055.8000,4056.8000,2,3,1,1,1,1,4,2,1,1
SF,IF2006,2020-02-19 10:13:14.400,4054.6000,23977,0,2737577100.000,0,-,-,-,-,4054.0000,4053.8000,4053.6000,4052.0000,4051.0000,4055.2000,4055.4000,4055.6000,4055.8000,4056.8000,2,3,1,1,1,1,4,2,14,1
SF,IF2006,2020-02-19 10:13:14.900,4054.6000,23977,0,2737577100.000,0,-,-,-,-,4054.0000,4053.8000,4053.6000,4052.0000,4051.0000,4055.0000,4055.4000,4055.6000,4055.8000,4056.8000,2,3,1,1,1,3,4,2,14,1
SF,IF2006,2020-02-19 10:13:15.400,4054.6000,23977,0,2737577100.000,0,-,-,-,-,4054.0000,4053.8000,4053.6000,4052.0000,4051.0000,4055.4000,4055.6000,4055.8000,4056.8000,4057.2000,2,3,1,1,1,3,1,14,1,3
SF,IF2006,2020-02-19 10:13:15.900,4054.6000,23977,0,2737577100.000,0,-,-,-,-,4054.0000,4053.8000,4053.6000,4052.0000,4051.0000,4055.0000,4055.4000,4055.6000,4055.8000,4056.8000,2,3,1,1,1,1,3,1,14,1
SF,IF2006,2020-02-19 10:13:16.400,4054.6000,23977,0,2737577100.000,0,-,-,-,-,4054.2000,4054.0000,4053.8000,4053.6000,4052.0000,4055.4000,4055.6000,4055.8000,4056.8000,4057.2000,1,2,3,1,1,3,1,14,1,3
SF,IF2006,2020-02-19 10:13:16.900,4054.6000,23977,0,2737577100.000,0,-,-,-,-,4054.2000,4054.0000,4053.8000,4053.6000,4052.0000,4055.2000,4055.4000,4055.8000,4056.8000,4057.2000,1,2,3,1,1,1,3,14,1,3
SF,IF2006,2020-02-19 10:13:17.400,4054.6000,23977,0,2737577100.000,0,-,-,-,-,4054.2000,4054.0000,4053.8000,4053.6000,4052.0000,4055.4000,4055.8000,4056.8000,4057.2000,4057.4000,1,2,3,1,1,3,14,1,3,1
SF,IF2006,2020-02-19 10:13:17.900,4054.6000,23977,0,2737577100.000,0,-,-,-,-,4054.2000,4054.0000,4053.8000,4053.6000,4052.0000,4055.2000,4055.4000,4055.8000,4056.8000,4057.2000,1,2,3,1,1,1,3,14,1,3
SF,IF2006,2020-02-19 10:13:18.900,4054.6000,23977,0,2737577100.000,0,-,-,-,-,4054.2000,4054.0000,4053.8000,4053.6000,4052.0000,4055.2000,4055.4000,4055.8000,4056.8000,4057.2000,1,2,3,1,1,1,3,1,1,3
SF,IF2006,2020-02-19 10:13:19.900,4054.6000,23977,0,2737577100.000,0,-,-,-,-,4054.2000,4054.0000,4053.8000,4052.0000,4051.0000,4055.2000,4055.4000,4055.8000,4056.8000,4057.2000,2,2,3,1,1,1,3,1,1,3
SF,IF2006,2020-02-19 10:13:22.400,4054.6000,23977,0,2737577100.000,0,-,-,-,-,4054.4000,4054.2000,4054.0000,4053.8000,4052.0000,4055.4000,4055.8000,4056.8000,4057.2000,4057.4000,1,2,2,3,1,3,1,1,3,1
SF,IF2006,2020-02-19 10:13:22.900,4054.6000,23977,0,2737577100.000,0,-,-,-,-,4054.4000,4054.2000,4054.0000,4053.8000,4052.0000,4055.4000,4055.8000,4056.8000,4057.2000,4057.4000,1,2,2,3,1,2,1,1,3,1
SF,IF2006,2020-02-19 10:13:23.400,4054.6000,23977,0,2737577100.000,0,-,-,-,-,4054.4000,4054.2000,4054.0000,4053.8000,4052.0000,4055.4000,4055.8000,4056.8000,4057.2000,4057.4000,1,2,2,3,1,1,1,1,3,1
SF,IF2006,2020-02-19 10:13:23.900,4054.6000,23977,0,2737577100.000,0,-,-,-,-,4055.0000,4054.4000,4054.2000,4054.0000,4053.8000,4055.8000,4056.8000,4057.2000,4057.4000,4057.8000,1,1,2,2,3,1,1,3,1,1
SF,IF2006,2020-02-19 10:13:25.400,4054.6000,23977,0,2737577100.000,0,-,-,-,-,4055.4000,4055.0000,4054.4000,4054.2000,4054.0000,4055.8000,4056.8000,4057.2000,4057.4000,4057.8000,2,1,1,2,2,1,1,3,1,1
SF,IF2006,2020-02-19 10:13:28.400,4055.4000,23975,-2,2740010340.000,2,0,2,双平,S,4055.0000,4054.4000,4054.2000,4054.0000,4053.8000,4055.8000,4056.8000,4057.2000,4057.4000,4057.8000,1,1,2,2,3,1,1,3,1,1
SF,IF2006,2020-02-19 10:13:28.900,4055.4000,23975,0,2740010340.000,0,-,-,-,-,4055.0000,4054.4000,4054.2000,4054.0000,4053.8000,4055.4000,4055.8000,4056.8000,4057.2000,4057.4000,1,1,2,2,3,1,1,1,3,1
SF,IF2006,2020-02-19 10:13:29.900,4054.4000,23976,1,2742443160.000,2,1,1,空开,S,4054.2000,4054.0000,4053.8000,4052.0000,4051.0000,4055.4000,4055.8000,4056.8000,4057.2000,4057.4000,2,2,3,1,1,1,1,1,3,1
SF,IF2006,2020-02-19 10:13:30.400,4054.4000,23976,0,2742443160.000,0,-,-,-,-,4054.2000,4054.0000,4053.8000,4052.0000,4051.0000,4055.2000,4055.4000,4055.8000,4056.8000,4057.2000,2,2,3,1,1,1,1,1,1,3
SF,IF2006,2020-02-19 10:13:30.900,4054.4000,23976,0,2742443160.000,0,-,-,-,-,4054.2000,4054.0000,4053.8000,4052.0000,4051.0000,4055.2000,4055.4000,4055.8000,4056.8000,4057.2000,2,2,3,1,1,1,1,2,1,3
SF,IF2006,2020-02-19 10:13:31.900,4054.4000,23976,0,2742443160.000,0,-,-,-,-,4055.0000,4054.4000,4054.2000,4054.0000,4053.8000,4055.4000,4055.8000,4056.8000,4057.2000,4057.4000,1,1,2,2,3,1,2,1,3,1
SF,IF2006,2020-02-19 10:13:32.400,4054.4000,23976,0,2742443160.000,0,-,-,-,-,4055.0000,4054.4000,4054.2000,4054.0000,4053.8000,4055.4000,4055.6000,4055.8000,4056.8000,4057.2000,1,1,2,2,3,1,1,2,1,3
SF,IF2006,2020-02-19 10:13:33.400,4055.4000,23976,0,2743659780.000,1,0,1,多换,S,4055.0000,4054.2000,4054.0000,4053.8000,4052.0000,4055.6000,4055.8000,4056.8000,4057.2000,4057.4000,1,2,2,3,1,1,2,1,3,1
SF,IF2006,2020-02-19 10:13:35.400,4055.0000,23977,1,2744876280.000,1,1,0,双开,S,4054.2000,4054.0000,4053.8000,4052.0000,4051.0000,4055.6000,4055.8000,4056.8000,4057.2000,4057.4000,2,2,3,1,1,1,2,1,3,1
SF,IF2006,2020-02-19 10:13:35.900,4055.0000,23977,0,2744876280.000,0,-,-,-,-,4054.4000,4054.2000,4054.0000,4053.8000,4052.0000,4055.6000,4055.8000,4056.8000,4057.2000,4057.4000,1,2,2,3,1,1,2,1,3,1
SF,IF2006,2020-02-19 10:13:36.400,4055.0000,23977,0,2744876280.000,0,-,-,-,-,4054.4000,4054.2000,4054.0000,4053.8000,4052.0000,4055.4000,4055.6000,4055.8000,4056.8000,4057.2000,1,2,2,3,1,2,1,2,1,3
SF,IF2006,2020-02-19 10:13:36.900,4055.0000,23977,0,2744876280.000,0,-,-,-,-,4054.4000,4054.2000,4054.0000,4053.8000,4052.0000,4055.2000,4055.6000,4055.8000,4056.8000,4057.2000,1,2,2,3,1,2,2,2,1,3
SF,IF2006,2020-02-19 10:13:37.400,4055.0000,23977,0,2744876280.000,0,-,-,-,-,4054.4000,4054.2000,4054.0000,4053.8000,4052.0000,4055.6000,4055.8000,4056.8000,4057.2000,4057.4000,1,2,2,3,1,2,2,1,3,1
SF,IF2006,2020-02-19 10:13:37.900,4055.0000,23977,0,2744876280.000,0,-,-,-,-,4054.4000,4054.2000,4054.0000,4053.8000,4052.0000,4055.4000,4055.6000,4055.8000,4056.8000,4057.2000,1,3,2,3,1,3,2,2,1,3
SF,IF2006,2020-02-19 10:13:38.400,4055.0000,23977,0,2744876280.000,0,-,-,-,-,4054.4000,4054.2000,4054.0000,4053.8000,4052.0000,4055.4000,4055.6000,4055.8000,4056.8000,4057.2000,1,3,2,3,1,1,2,2,1,3
SF,IF2006,2020-02-19 10:13:38.900,4055.0000,23977,0,2744876280.000,0,-,-,-,-,4054.4000,4054.2000,4054.0000,4053.8000,4052.0000,4055.2000,4055.4000,4055.6000,4055.8000,4056.8000,1,3,2,3,1,1,1,2,2,1
SF,IF2006,2020-02-19 10:13:39.900,4055.0000,23977,0,2744876280.000,0,-,-,-,-,4054.4000,4054.2000,4054.0000,4053.8000,4052.0000,4055.2000,4055.4000,4055.6000,4055.8000,4056.8000,2,2,2,3,1,1,1,2,2,1
SF,IF2006,2020-02-19 10:13:40.400,4055.0000,23977,0,2744876280.000,0,-,-,-,-,4055.2000,4054.4000,4054.2000,4054.0000,4053.8000,4055.4000,4055.6000,4055.8000,4056.8000,4057.2000,1,2,2,2,3,1,2,2,1,3
SF,IF2006,2020-02-19 10:13:40.900,4055.2000,23977,0,2746092840.000,1,0,1,多换,S,4054.4000,4054.2000,4054.0000,4053.8000,4052.0000,4055.0000,4055.2000,4055.4000,4055.6000,4055.8000,2,2,2,3,1,1,1,1,2,2
SF,IF2006,2020-02-19 10:13:41.400,4055.2000,23977,0,2746092840.000,0,-,-,-,-,4054.4000,4054.2000,4054.0000,4053.8000,4052.0000,4055.0000,4055.4000,4055.6000,4055.8000,4056.8000,2,2,2,3,1,1,1,2,2,1
SF,IF2006,2020-02-19 10:13:41.900,4055.2000,23977,0,2746092840.000,0,-,-,-,-,4054.4000,4054.2000,4054.0000,4053.8000,4052.0000,4055.0000,4055.4000,4055.6000,4055.8000,4056.8000,2,2,2,3,1,1,1,2,2,1
SF,IF2006,2020-02-19 10:13:42.900,4055.2000,23977,0,2746092840.000,0,-,-,-,-,4054.4000,4054.2000,4054.0000,4053.8000,4052.0000,4055.0000,4055.4000,4055.6000,4055.8000,4056.8000,2,1,2,3,1,1,1,2,1,1
SF,IF2006,2020-02-19 10:13:43.400,4055.2000,23977,0,2746092840.000,0,-,-,-,-,4054.4000,4054.2000,4054.0000,4053.8000,4052.0000,4055.0000,4055.6000,4055.8000,4056.8000,4057.2000,2,1,2,3,1,1,2,1,1,3
SF,IF2006,2020-02-19 10:13:44.400,4055.2000,23977,0,2746092840.000,0,-,-,-,-,4054.4000,4054.2000,4054.0000,4053.8000,4052.0000,4055.0000,4055.6000,4055.8000,4056.8000,4057.2000,2,1,2,3,1,1,2,1,1,3
SF,IF2006,2020-02-19 10:13:45.900,4055.0000,23976,-1,2747309340.000,1,0,1,双平,S,4054.4000,4054.2000,4054.0000,4053.8000,4052.0000,4055.6000,4055.8000,4056.8000,4057.2000,4057.4000,2,1,2,3,1,2,1,1,3,1
SF,IF2006,2020-02-19 10:13:46.400,4055.0000,23976,0,2747309340.000,0,-,-,-,-,4054.6000,4054.4000,4054.2000,4054.0000,4053.8000,4055.4000,4055.6000,4055.8000,4056.8000,4057.2000,1,2,1,1,3,1,2,1,1,3
SF,IF2006,2020-02-19 10:13:46.900,4055.0000,23976,0,2747309340.000,0,-,-,-,-,4054.6000,4054.4000,4054.2000,4054.0000,4053.8000,4055.6000,4055.8000,4056.8000,4057.2000,4057.4000,1,2,1,1,3,2,1,1,3,1
SF,IF2006,2020-02-19 10:13:48.400,4055.0000,23976,0,2747309340.000,0,-,-,-,-,4054.8000,4054.6000,4054.4000,4054.2000,4054.0000,4055.6000,4055.8000,4056.8000,4057.2000,4057.4000,1,1,1,1,1,2,1,1,3,1
SF,IF2006,2020-02-19 10:13:49.900,4055.0000,23976,0,2747309340.000,0,-,-,-,-,4055.0000,4054.8000,4054.6000,4054.4000,4054.2000,4055.6000,4055.8000,4056.8000,4057.2000,4057.4000,1,1,1,1,1,2,1,1,3,1
SF,IF2006,2020-02-19 10:13:51.900,4055.0000,23976,0,2747309340.000,0,-,-,-,-,4055.0000,4054.6000,4054.4000,4054.2000,4054.0000,4055.6000,4055.8000,4056.8000,4057.2000,4057.4000,1,1,1,1,1,2,1,1,3,1
SF,IF2006,2020-02-19 10:13:52.400,4055.0000,23975,-1,2748525840.000,1,0,1,双平,S,4054.6000,4054.4000,4054.2000,4054.0000,4053.8000,4055.6000,4055.8000,4056.8000,4057.2000,4057.4000,1,1,1,1,3,2,1,1,3,1
SF,IF2006,2020-02-19 10:13:52.900,4055.0000,23975,0,2748525840.000,0,-,-,-,-,4054.6000,4054.4000,4054.2000,4054.0000,4053.8000,4055.4000,4055.6000,4055.8000,4056.8000,4057.2000,1,1,1,1,3,1,2,1,1,3
SF,IF2006,2020-02-19 10:13:53.400,4055.0000,23975,0,2748525840.000,0,-,-,-,-,4054.6000,4054.4000,4054.2000,4054.0000,4053.8000,4055.2000,4055.6000,4055.8000,4056.8000,4057.2000,1,1,1,1,3,1,2,1,1,3
SF,IF2006,2020-02-19 10:13:54.400,4055.0000,23975,0,2748525840.000,0,-,-,-,-,4054.6000,4054.4000,4054.2000,4054.0000,4053.8000,4055.6000,4055.8000,4056.8000,4057.2000,4057.4000,1,1,1,1,3,2,1,1,3,1
SF,IF2006,2020-02-19 10:13:58.400,4055.0000,23975,0,2748525840.000,0,-,-,-,-,4054.8000,4054.6000,4054.4000,4054.2000,4054.0000,4055.6000,4055.8000,4056.8000,4057.2000,4057.4000,1,1,1,1,1,2,1,1,3,1
SF,IF2006,2020-02-19 10:13:59.900,4055.0000,23975,0,2748525840.000,0,-,-,-,-,4054.8000,4054.6000,4054.2000,4054.0000,4053.8000,4055.6000,4055.8000,4056.8000,4057.2000,4057.4000,2,1,1,1,3,2,1,1,3,1
SF,IF2006,2020-02-19 10:14:03.400,4055.0000,23975,0,2748525840.000,0,-,-,-,-,4054.8000,4054.6000,4054.2000,4054.0000,4053.8000,4055.6000,4055.8000,4056.8000,4057.2000,4057.4000,1,1,1,1,3,2,1,1,3,1
SF,IF2006,2020-02-19 10:14:03.900,4055.0000,23975,0,2748525840.000,0,-,-,-,-,4054.8000,4054.6000,4054.2000,4054.0000,4053.8000,4055.6000,4055.8000,4056.8000,4057.2000,4057.4000,1,1,1,1,3,2,1,1,3,2
SF,IF2006,2020-02-19 10:14:04.400,4054.8000,23975,0,2749742280.000,1,0,1,多换,S,4054.2000,4054.0000,4053.8000,4052.0000,4051.0000,4055.6000,4055.8000,4056.8000,4057.2000,4057.4000,1,1,3,1,1,2,1,1,3,2
SF,IF2006,2020-02-19 10:14:04.900,4054.8000,23975,0,2749742280.000,0,-,-,-,-,4054.2000,4054.0000,4053.8000,4052.0000,4051.0000,4055.2000,4055.4000,4055.6000,4055.8000,4056.8000,1,1,1,1,1,2,5,2,1,1
SF,IF2006,2020-02-19 10:14:05.400,4054.8000,23975,0,2749742280.000,0,-,-,-,-,4054.2000,4054.0000,4053.8000,4052.0000,4051.0000,4055.0000,4055.4000,4055.6000,4055.8000,4056.8000,1,1,1,1,1,4,3,2,1,1
SF,IF2006,2020-02-19 10:14:05.900,4054.8000,23975,0,2749742280.000,0,-,-,-,-,4054.2000,4054.0000,4053.8000,4051.0000,4050.0000,4055.0000,4055.4000,4055.6000,4055.8000,4056.8000,1,1,1,1,1,1,3,2,1,1
SF,IF2006,2020-02-19 10:14:06.900,4054.8000,23975,0,2749742280.000,0,-,-,-,-,4054.2000,4054.0000,4053.8000,4051.0000,4050.0000,4055.4000,4055.6000,4055.8000,4056.8000,4057.2000,2,1,1,1,1,3,2,1,1,3
SF,IF2006,2020-02-19 10:14:07.400,4054.8000,23975,0,2749742280.000,0,-,-,-,-,4054.4000,4054.2000,4054.0000,4053.8000,4051.0000,4055.0000,4055.2000,4055.4000,4055.6000,4055.8000,1,2,1,1,1,1,2,2,2,1
SF,IF2006,2020-02-19 10:14:07.900,4054.8000,23975,0,2749742280.000,0,-,-,-,-,4054.4000,4054.2000,4054.0000,4053.8000,4051.0000,4055.0000,4055.2000,4055.4000,4055.6000,4055.8000,1,2,1,1,1,1,2,1,2,1
SF,IF2006,2020-02-19 10:14:08.400,4054.8000,23975,0,2749742280.000,0,-,-,-,-,4054.4000,4054.2000,4054.0000,4053.8000,4051.0000,4055.0000,4055.2000,4055.6000,4055.8000,4056.8000,1,2,1,1,1,1,2,2,1,1
SF,IF2006,2020-02-19 10:14:08.900,4054.8000,23975,0,2749742280.000,0,-,-,-,-,4054.4000,4054.2000,4054.0000,4053.8000,4051.0000,4055.0000,4055.6000,4055.8000,4056.8000,4057.2000,1,2,1,1,1,1,2,1,1,3
SF,IF2006,2020-02-19 10:14:09.400,4055.0000,23975,0,2750958780.000,1,0,1,多换,S,4054.4000,4054.2000,4054.0000,4053.8000,4051.0000,4055.6000,4055.8000,4056.8000,4057.2000,4057.4000,1,2,1,1,1,2,1,1,3,2
SF,IF2006,2020-02-19 10:14:09.900,4055.0000,23975,0,2750958780.000,0,-,-,-,-,4054.4000,4054.2000,4054.0000,4053.8000,4051.0000,4055.4000,4055.6000,4055.8000,4056.8000,4057.2000,1,2,1,1,1,1,2,1,1,3
SF,IF2006,2020-02-19 10:14:10.400,4055.0000,23975,0,2750958780.000,0,-,-,-,-,4054.6000,4054.4000,4054.2000,4054.0000,4053.8000,4055.6000,4055.8000,4056.8000,4057.2000,4057.4000,1,2,2,1,1,2,1,1,3,2
SF,IF2006,2020-02-19 10:14:11.400,4055.0000,23975,0,2750958780.000,0,-,-,-,-,4054.6000,4054.4000,4054.2000,4054.0000,4053.8000,4055.4000,4055.6000,4055.8000,4056.8000,4057.2000,1,2,2,1,1,1,2,1,1,3
SF,IF2006,2020-02-19 10:14:11.900,4055.0000,23975,0,2750958780.000,0,-,-,-,-,4054.6000,4054.4000,4054.2000,4054.0000,4053.8000,4055.6000,4055.8000,4056.8000,4057.2000,4057.4000,1,1,2,1,1,2,1,1,3,2
SF,IF2006,2020-02-19 10:14:12.400,4054.6000,23974,-1,2752175160.000,1,0,1,双平,S,4054.4000,4054.2000,4054.0000,4053.8000,4051.0000,4055.4000,4055.6000,4055.8000,4056.8000,4057.2000,1,2,1,1,1,5,2,1,1,3
SF,IF2006,2020-02-19 10:14:12.900,4054.2000,23974,0,2755824000.000,3,1,2,多换,S,4054.0000,4053.8000,4051.0000,4050.0000,4049.4000,4055.0000,4055.2000,4055.4000,4055.6000,4055.8000,1,1,1,1,1,1,4,2,2,1
SF,IF2006,2020-02-19 10:14:13.400,4054.0000,23973,-1,2757040200.000,1,0,1,双平,S,4053.8000,4051.0000,4050.0000,4049.4000,4049.2000,4054.0000,4054.8000,4055.0000,4055.4000,4055.6000,1,1,1,1,1,1,4,1,1,2
SF,IF2006,2020-02-19 10:14:13.900,4054.0000,23971,-2,2760688680.000,3,0,3,多平,S,4051.0000,4050.0000,4049.4000,4049.2000,4048.8000,4054.8000,4055.4000,4055.6000,4055.8000,4056.8000,1,1,1,1,1,2,1,2,1,1
SF,IF2006,2020-02-19 10:14:14.400,4054.0000,23971,0,2760688680.000,0,-,-,-,-,4052.6000,4052.2000,4051.6000,4051.4000,4051.2000,4054.4000,4054.6000,4054.8000,4055.4000,4055.6000,2,6,1,2,7,1,2,2,1,2
SF,IF2006,2020-02-19 10:14:14.900,4054.0000,23971,0,2760688680.000,0,-,-,-,-,4053.4000,4053.0000,4052.8000,4051.6000,4051.4000,4053.8000,4054.6000,4054.8000,4055.4000,4055.6000,1,1,4,1,2,1,1,2,1,2
SF,IF2006,2020-02-19 10:14:15.400,4053.8000,23972,1,2761904820.000,1,1,0,双开,S,4052.8000,4051.6000,4051.4000,4051.2000,4051.0000,4054.6000,4054.8000,4055.0000,4055.4000,4055.6000,2,1,1,5,1,1,2,1,1,2
SF,IF2006,2020-02-19 10:14:15.900,4053.8000,23972,0,2761904820.000,0,-,-,-,-,4053.0000,4052.8000,4051.6000,4051.4000,4051.2000,4054.2000,4054.4000,4054.6000,4055.0000,4055.4000,1,1,1,1,5,1,4,1,1,1
SF,IF2006,2020-02-19 10:14:17.400,4053.8000,23972,0,2761904820.000,0,-,-,-,-,4053.2000,4053.0000,4052.8000,4051.6000,4051.4000,4054.4000,4054.6000,4055.0000,4055.4000,4055.6000,1,1,1,1,1,3,1,1,1,2
SF,IF2006,2020-02-19 10:14:17.900,4053.8000,23972,0,2761904820.000,0,-,-,-,-,4053.4000,4053.0000,4051.6000,4051.4000,4051.2000,4054.6000,4055.0000,4055.4000,4055.6000,4055.8000,1,1,1,1,5,1,1,1,2,1
SF,IF2006,2020-02-19 10:14:18.900,4053.8000,23972,0,2761904820.000,0,-,-,-,-,4053.4000,4051.6000,4051.4000,4051.2000,4051.0000,4054.6000,4055.0000,4055.4000,4055.6000,4055.8000,1,1,1,5,1,1,1,1,2,1
SF,IF2006,2020-02-19 10:14:19.400,4053.8000,23972,0,2761904820.000,0,-,-,-,-,4053.6000,4053.4000,4051.6000,4051.4000,4051.2000,4054.8000,4055.0000,4055.4000,4055.6000,4055.8000,1,1,1,1,5,1,1,1,2,1
SF,IF2006,2020-02-19 10:14:20.400,4053.8000,23972,0,2761904820.000,0,-,-,-,-,4053.6000,4053.4000,4051.6000,4051.4000,4051.2000,4054.8000,4055.0000,4055.4000,4055.6000,4055.8000,1,1,1,1,5,1,1,1,2,1
SF,IF2006,2020-02-19 10:14:20.900,4053.8000,23972,0,2761904820.000,0,-,-,-,-,4053.6000,4053.4000,4051.6000,4051.4000,4051.2000,4054.6000,4054.8000,4055.0000,4055.4000,4055.6000,2,1,1,1,5,1,1,1,1,2
SF,IF2006,2020-02-19 10:14:21.400,4053.8000,23972,0,2761904820.000,0,-,-,-,-,4053.6000,4053.4000,4051.4000,4051.2000,4051.0000,4054.6000,4054.8000,4055.0000,4055.4000,4055.6000,2,1,1,5,1,1,1,1,1,2
SF,IF2006,2020-02-19 10:14:21.900,4053.8000,23972,0,2761904820.000,0,-,-,-,-,4053.6000,4053.4000,4051.4000,4051.2000,4051.0000,4054.6000,4054.8000,4055.0000,4055.4000,4055.6000,2,1,1,5,1,1,1,1,1,2
SF,IF2006,2020-02-19 10:14:22.400,4053.6000,23971,-1,2763120900.000,1,0,1,双平,S,4053.6000,4053.4000,4051.4000,4051.2000,4051.0000,4054.6000,4054.8000,4055.0000,4055.4000,4055.6000,1,1,1,5,1,1,1,1,1,2
SF,IF2006,2020-02-19 10:14:23.400,4053.6000,23971,0,2764336980.000,1,0,1,多换,S,4053.4000,4051.4000,4051.2000,4051.0000,4050.8000,4054.4000,4054.8000,4055.0000,4055.4000,4055.6000,1,1,5,1,1,3,1,1,1,2
SF,IF2006,2020-02-19 10:14:23.900,4053.6000,23971,0,2764336980.000,0,-,-,-,-,4051.4000,4051.2000,4051.0000,4050.8000,4050.0000,4054.2000,4054.4000,4054.8000,4055.0000,4055.4000,1,5,1,1,1,1,3,1,1,1
SF,IF2006,2020-02-19 10:14:24.400,4053.6000,23971,0,2764336980.000,0,-,-,-,-,4052.2000,4051.8000,4051.6000,4051.4000,4051.2000,4054.2000,4054.4000,4055.0000,4055.4000,4055.6000,2,5,4,1,5,1,1,1,1,2
SF,IF2006,2020-02-19 10:14:24.900,4053.6000,23971,0,2764336980.000,0,-,-,-,-,4052.4000,4052.2000,4051.6000,4051.4000,4051.2000,4054.0000,4054.2000,4054.4000,4055.0000,4055.4000,1,2,3,1,5,2,1,1,1,1
SF,IF2006,2020-02-19 10:14:25.400,4053.6000,23971,0,2764336980.000,0,-,-,-,-,4052.6000,4052.4000,4052.2000,4051.6000,4051.2000,4053.6000,4054.0000,4054.2000,4055.0000,4055.4000,1,1,2,3,5,1,1,1,1,1
SF,IF2006,2020-02-19 10:14:25.900,4053.6000,23971,0,2764336980.000,0,-,-,-,-,4052.6000,4052.4000,4052.2000,4051.6000,4051.2000,4053.4000,4053.6000,4054.0000,4054.2000,4055.0000,1,1,2,2,3,2,1,1,1,1
SF,IF2006,2020-02-19 10:14:26.400,4053.6000,23971,0,2764336980.000,0,-,-,-,-,4052.4000,4052.2000,4051.6000,4051.2000,4050.0000,4053.6000,4054.0000,4054.2000,4055.0000,4055.4000,1,2,2,3,1,1,1,1,1,1
SF,IF2006,2020-02-19 10:14:26.900,4053.6000,23971,0,2764336980.000,0,-,-,-,-,4052.4000,4052.2000,4051.6000,4051.2000,4050.0000,4053.4000,4053.6000,4054.2000,4055.0000,4055.4000,1,2,2,3,1,2,1,1,1,1
SF,IF2006,2020-02-19 10:14:27.400,4053.6000,23971,0,2764336980.000,0,-,-,-,-,4052.4000,4052.2000,4051.6000,4051.2000,4050.0000,4053.4000,4053.6000,4054.2000,4055.0000,4055.4000,1,2,2,3,1,2,1,1,1,1
SF,IF2006,2020-02-19 10:14:27.900,4053.6000,23971,0,2764336980.000,0,-,-,-,-,4052.4000,4052.2000,4051.6000,4051.2000,4050.0000,4053.2000,4053.6000,4054.2000,4055.0000,4055.4000,1,1,2,3,1,2,1,1,1,1
SF,IF2006,2020-02-19 10:14:28.400,4053.6000,23971,0,2764336980.000,0,-,-,-,-,4052.4000,4052.2000,4051.6000,4051.2000,4050.0000,4053.6000,4054.2000,4055.0000,4055.4000,4055.6000,1,1,2,3,1,1,1,1,1,2
SF,IF2006,2020-02-19 10:14:28.900,4052.2000,23969,-2,2766768360.000,2,0,2,双平,S,4051.6000,4051.2000,4050.0000,4049.4000,4048.8000,4052.2000,4053.4000,4053.6000,4054.2000,4055.0000,2,3,1,1,1,2,2,1,1,1
SF,IF2006,2020-02-19 10:14:29.400,4052.2000,23969,0,2769199680.000,2,1,1,多换,S,4052.2000,4051.8000,4051.2000,4050.0000,4049.4000,4053.6000,4054.2000,4055.0000,4055.4000,4055.6000,3,1,3,1,1,1,1,1,1,2
SF,IF2006,2020-02-19 10:14:29.900,4052.2000,23969,0,2769199680.000,0,-,-,-,-,4052.2000,4051.8000,4051.2000,4050.0000,4049.4000,4053.2000,4053.4000,4053.6000,4054.2000,4055.0000,2,1,3,1,1,2,1,1,1,1
SF,IF2006,2020-02-19 10:14:30.400,4052.2000,23969,0,2769199680.000,0,-,-,-,-,4053.2000,4052.4000,4052.2000,4051.8000,4051.2000,4053.4000,4053.6000,4054.2000,4055.0000,4055.4000,1,1,2,1,3,1,1,1,1,1
SF,IF2006,2020-02-19 10:14:30.900,4052.4000,23968,-1,2771631360.000,2,0,2,多平,S,4052.2000,4051.2000,4050.0000,4049.4000,4048.8000,4053.4000,4053.6000,4054.2000,4055.0000,4055.4000,2,3,1,1,1,1,1,1,1,1
SF,IF2006,2020-02-19 10:14:31.900,4052.4000,23968,0,2771631360.000,0,-,-,-,-,4052.4000,4052.2000,4051.2000,4050.0000,4049.4000,4053.4000,4053.6000,4054.2000,4055.0000,4055.4000,1,2,3,1,1,1,1,1,1,1
SF,IF2006,2020-02-19 10:14:34.400,4052.4000,23968,0,2771631360.000,0,-,-,-,-,4052.4000,4052.2000,4051.2000,4050.0000,4049.4000,4053.4000,4053.6000,4054.2000,4055.0000,4055.4000,1,1,3,1,1,1,1,1,1,1
SF,IF2006,2020-02-19 10:14:35.400,4052.4000,23968,0,2771631360.000,0,-,-,-,-,4052.4000,4052.2000,4051.2000,4050.0000,4049.4000,4053.4000,4053.6000,4054.2000,4055.0000,4055.4000,1,1,3,1,1,1,1,1,1,1
SF,IF2006,2020-02-19 10:14:36.900,4052.4000,23968,0,2771631360.000,0,-,-,-,-,4052.2000,4051.2000,4050.0000,4049.4000,4048.8000,4053.4000,4053.6000,4054.2000,4055.0000,4055.4000,1,3,1,1,1,1,1,1,1,1
SF,IF2006,2020-02-19 10:14:37.900,4052.4000,23968,0,2771631360.000,0,-,-,-,-,4052.2000,4051.2000,4050.0000,4049.4000,4048.8000,4053.6000,4054.2000,4055.0000,4055.4000,4055.6000,1,3,1,1,1,1,1,1,1,2
SF,IF2006,2020-02-19 10:14:38.400,4052.2000,23968,0,2772847020.000,1,0,1,多换,S,4051.2000,4050.0000,4049.4000,4048.8000,4048.0000,4053.4000,4053.6000,4055.0000,4055.4000,4055.6000,3,1,1,1,12,1,1,1,1,2
SF,IF2006,2020-02-19 10:14:38.900,4052.2000,23968,0,2772847020.000,0,-,-,-,-,4051.8000,4051.6000,4051.4000,4051.2000,4050.0000,4053.4000,4053.6000,4055.0000,4055.4000,4055.6000,2,2,2,3,1,1,1,1,1,2
SF,IF2006,2020-02-19 10:14:39.400,4052.2000,23968,0,2772847020.000,0,-,-,-,-,4052.2000,4052.0000,4051.8000,4051.6000,4051.2000,4053.4000,4053.6000,4055.0000,4055.4000,4055.6000,1,8,1,2,3,1,1,1,1,2
SF,IF2006,2020-02-19 10:14:39.900,4052.2000,23968,0,2772847020.000,0,-,-,-,-,4052.4000,4052.2000,4052.0000,4051.8000,4051.6000,4053.4000,4053.6000,4055.0000,4055.4000,4055.6000,1,1,2,1,1,1,1,1,1,2
SF,IF2006,2020-02-19 10:14:40.900,4052.2000,23968,0,2774062680.000,1,0,1,多换,S,4052.4000,4052.2000,4052.0000,4051.8000,4051.6000,4053.4000,4053.6000,4055.0000,4055.4000,4055.6000,1,1,2,1,1,1,1,1,1,2
SF,IF2006,2020-02-19 10:14:41.400,4052.2000,23968,0,2774062680.000,0,-,-,-,-,4052.4000,4052.2000,4052.0000,4051.8000,4051.6000,4053.4000,4053.6000,4055.0000,4055.4000,4055.6000,1,1,2,1,1,1,1,1,1,2
SF,IF2006,2020-02-19 10:14:43.900,4052.2000,23968,0,2777710080.000,3,1,2,多换,S,4052.0000,4051.8000,4051.6000,4051.2000,4050.0000,4053.6000,4055.0000,4055.4000,4055.6000,4055.8000,2,1,1,3,1,1,1,1,2,1
SF,IF2006,2020-02-19 10:14:44.400,4052.2000,23968,0,2777710080.000,0,-,-,-,-,4052.6000,4052.4000,4052.2000,4052.0000,4051.8000,4053.6000,4055.0000,4055.4000,4055.6000,4055.8000,1,6,2,3,1,1,1,1,2,1
SF,IF2006,2020-02-19 10:14:44.900,4053.6000,23967,-1,2778926160.000,1,0,1,双平,S,4052.8000,4052.6000,4052.4000,4052.2000,4052.0000,4055.0000,4055.4000,4055.6000,4055.8000,4056.8000,3,1,5,1,2,1,1,2,1,1
SF,IF2006,2020-02-19 10:14:45.400,4053.6000,23967,0,2778926160.000,0,-,-,-,-,4052.8000,4052.6000,4052.4000,4052.2000,4052.0000,4054.6000,4054.8000,4055.0000,4055.6000,4056.8000,3,1,5,1,2,3,1,1,2,1
SF,IF2006,2020-02-19 10:14:45.900,4053.6000,23967,0,2778926160.000,0,-,-,-,-,4053.0000,4052.8000,4052.6000,4052.4000,4052.2000,4054.4000,4054.6000,4055.0000,4055.6000,4056.8000,1,3,1,5,1,1,3,1,2,1
SF,IF2006,2020-02-19 10:14:46.400,4053.2000,23967,0,2781358080.000,2,1,1,多换,S,4053.0000,4052.8000,4052.4000,4052.2000,4052.0000,4054.4000,4054.6000,4055.0000,4055.6000,4056.8000,1,1,5,1,2,1,2,1,2,1
SF,IF2006,2020-02-19 10:14:46.900,4053.2000,23967,0,2781358080.000,0,-,-,-,-,4053.0000,4052.8000,4052.4000,4052.2000,4052.0000,4054.4000,4054.6000,4055.0000,4055.6000,4056.8000,1,1,6,1,2,1,2,1,2,1
SF,IF2006,2020-02-19 10:14:48.400,4053.2000,23967,0,2781358080.000,0,-,-,-,-,4053.0000,4052.8000,4052.4000,4052.2000,4052.0000,4054.2000,4054.4000,4055.0000,4055.6000,4056.8000,1,1,6,1,2,2,1,1,2,1
SF,IF2006,2020-02-19 10:14:49.900,4053.2000,23967,0,2781358080.000,0,-,-,-,-,4053.2000,4053.0000,4052.8000,4052.4000,4052.2000,4054.2000,4054.4000,4055.0000,4055.6000,4056.8000,1,1,1,6,1,2,1,1,2,1
SF,IF2006,2020-02-19 10:14:50.400,4053.2000,23967,0,2781358080.000,0,-,-,-,-,4053.2000,4053.0000,4052.8000,4052.4000,4052.2000,4054.2000,4054.4000,4055.0000,4055.6000,4056.8000,1,1,1,6,1,2,1,1,1,1
SF,IF2006,2020-02-19 10:14:52.400,4053.2000,23967,0,2781358080.000,0,-,-,-,-,4053.2000,4053.0000,4052.8000,4052.4000,4052.2000,4054.2000,4054.4000,4055.0000,4055.6000,4056.8000,1,1,1,1,1,2,1,1,1,1
SF,IF2006,2020-02-19 10:14:52.900,4053.2000,23967,0,2781358080.000,0,-,-,-,-,4053.2000,4052.8000,4052.4000,4052.2000,4052.0000,4054.0000,4054.2000,4055.0000,4055.6000,4056.8000,1,1,1,1,2,2,2,1,1,1
SF,IF2006,2020-02-19 10:14:53.400,4053.2000,23967,0,2781358080.000,0,-,-,-,-,4053.2000,4052.8000,4052.4000,4052.2000,4052.0000,4053.8000,4054.0000,4054.2000,4055.0000,4055.6000,1,1,1,1,2,1,2,1,1,1
SF,IF2006,2020-02-19 10:14:53.900,4053.2000,23967,0,2781358080.000,0,-,-,-,-,4053.2000,4052.8000,4052.2000,4052.0000,4051.2000,4053.8000,4054.0000,4054.2000,4055.0000,4055.6000,1,1,1,2,3,1,2,1,1,1
SF,IF2006,2020-02-19 10:14:54.400,4053.2000,23967,0,2781358080.000,0,-,-,-,-,4053.2000,4052.8000,4052.2000,4052.0000,4051.2000,4053.8000,4054.0000,4054.2000,4055.0000,4055.6000,1,1,1,2,3,1,3,1,1,1
SF,IF2006,2020-02-19 10:14:54.900,4053.2000,23967,0,2781358080.000,0,-,-,-,-,4053.2000,4052.8000,4052.2000,4052.0000,4051.2000,4053.8000,4054.0000,4055.0000,4055.6000,4056.8000,1,1,1,2,3,1,3,1,1,1
SF,IF2006,2020-02-19 10:14:55.900,4053.2000,23967,0,2781358080.000,0,-,-,-,-,4053.2000,4052.8000,4052.2000,4052.0000,4051.2000,4053.8000,4054.0000,4055.0000,4055.6000,4056.8000,1,1,1,2,3,1,2,1,1,1
SF,IF2006,2020-02-19 10:14:56.400,4054.0000,23964,-3,2786222580.000,4,0,4,多平,S,4053.2000,4052.8000,4052.2000,4052.0000,4051.2000,4055.0000,4055.6000,4056.8000,4057.2000,4057.4000,1,1,1,2,3,1,1,1,3,1
SF,IF2006,2020-02-19 10:14:56.900,4054.0000,23964,0,2786222580.000,0,-,-,-,-,4053.2000,4052.8000,4052.2000,4052.0000,4051.2000,4054.4000,4054.6000,4054.8000,4055.0000,4055.6000,1,1,1,2,3,1,1,4,1,1
SF,IF2006,2020-02-19 10:14:57.400,4054.0000,23964,0,2786222580.000,0,-,-,-,-,4053.2000,4052.8000,4052.2000,4052.0000,4051.2000,4054.0000,4054.2000,4054.8000,4055.0000,4055.6000,1,1,1,2,3,1,4,2,1,1
SF,IF2006,2020-02-19 10:14:58.900,4054.0000,23964,0,2786222580.000,0,-,-,-,-,4053.2000,4052.8000,4052.2000,4052.0000,4051.2000,4054.0000,4054.2000,4054.8000,4055.0000,4055.6000,1,1,1,2,3,1,1,2,1,1
SF,IF2006,2020-02-19 10:15:00.400,4054.0000,23964,0,2786222580.000,0,-,-,-,-,4053.2000,4052.8000,4052.0000,4051.2000,4050.0000,4054.0000,4054.2000,4054.8000,4055.0000,4055.6000,1,1,2,3,1,1,1,2,1,1
SF,IF2006,2020-02-19 10:15:00.900,4054.0000,23964,0,2786222580.000,0,-,-,-,-,4053.2000,4052.8000,4052.0000,4051.2000,4050.0000,4054.0000,4054.2000,4054.8000,4055.0000,4055.6000,1,1,2,3,1,1,1,2,1,1
SF,IF2006,2020-02-19 10:15:01.400,4054.0000,23964,0,2786222580.000,0,-,-,-,-,4053.2000,4052.8000,4052.0000,4051.2000,4050.0000,4054.0000,4054.8000,4055.0000,4055.6000,4056.8000,1,1,2,3,1,1,2,1,1,1
SF,IF2006,2020-02-19 10:15:01.900,4054.0000,23963,-1,2787438780.000,1,0,1,双平,S,4054.0000,4053.2000,4052.8000,4052.0000,4051.2000,4054.8000,4055.0000,4055.6000,4056.8000,4057.2000,1,1,1,2,3,1,1,1,1,3
SF,IF2006,2020-02-19 10:15:02.400,4054.0000,23963,0,2788654980.000,1,0,1,多换,S,4053.2000,4052.8000,4052.0000,4051.2000,4050.0000,4054.8000,4055.0000,4055.6000,4056.8000,4057.2000,1,1,2,3,1,1,1,1,1,3
SF,IF2006,2020-02-19 10:15:02.900,4054.0000,23963,0,2788654980.000,0,-,-,-,-,4053.4000,4053.2000,4052.8000,4052.0000,4051.2000,4054.6000,4054.8000,4055.0000,4055.6000,4056.8000,1,1,1,2,3,2,1,1,1,1
SF,IF2006,2020-02-19 10:15:03.400,4054.0000,23963,0,2788654980.000,0,-,-,-,-,4053.4000,4053.2000,4052.8000,4052.0000,4051.2000,4054.6000,4054.8000,4055.0000,4055.6000,4056.8000,1,1,1,2,3,1,1,1,1,1
SF,IF2006,2020-02-19 10:15:03.900,4054.0000,23963,0,2788654980.000,0,-,-,-,-,4053.4000,4053.2000,4052.8000,4052.0000,4051.2000,4054.8000,4055.0000,4055.6000,4056.8000,4057.2000,1,1,1,2,3,1,1,1,1,3
SF,IF2006,2020-02-19 10:15:04.400,4054.0000,23963,0,2788654980.000,0,-,-,-,-,4053.6000,4053.4000,4053.2000,4052.8000,4052.0000,4055.0000,4055.6000,4056.8000,4057.2000,4057.4000,1,1,1,1,1,1,1,1,3,1
SF,IF2006,2020-02-19 10:15:04.900,4054.0000,23963,0,2788654980.000,0,-,-,-,-,4053.8000,4053.6000,4053.2000,4052.8000,4052.0000,4055.0000,4055.6000,4056.8000,4057.2000,4057.4000,1,1,2,1,1,1,1,1,3,1
SF,IF2006,2020-02-19 10:15:07.900,4054.0000,23963,0,2788654980.000,0,-,-,-,-,4053.8000,4053.6000,4053.2000,4052.8000,4052.0000,4054.8000,4055.0000,4055.6000,4056.8000,4057.2000,1,1,2,1,1,1,1,1,1,3
SF,IF2006,2020-02-19 10:15:08.900,4053.8000,23962,-1,2789871120.000,1,0,1,双平,S,4053.6000,4053.2000,4052.8000,4052.0000,4051.2000,4054.8000,4055.0000,4055.6000,4056.8000,4057.2000,1,2,1,1,3,1,1,1,1,3
SF,IF2006,2020-02-19 10:15:09.900,4053.8000,23962,0,2789871120.000,0,-,-,-,-,4053.6000,4053.2000,4052.8000,4052.0000,4051.2000,4055.0000,4055.6000,4056.8000,4057.2000,4057.4000,1,2,1,1,3,1,1,1,3,1
SF,IF2006,2020-02-19 10:15:10.400,4053.8000,23962,0,2789871120.000,0,-,-,-,-,4053.6000,4053.2000,4052.8000,4052.0000,4051.2000,4054.8000,4055.0000,4055.6000,4056.8000,4057.2000,1,2,1,1,3,1,1,1,1,3
SF,IF2006,2020-02-19 10:15:14.400,4053.8000,23962,0,2789871120.000,0,-,-,-,-,4053.6000,4053.2000,4052.8000,4052.0000,4051.2000,4054.6000,4054.8000,4055.0000,4055.6000,4056.8000,1,2,1,1,3,1,1,1,1,1
SF,IF2006,2020-02-19 10:15:14.900,4053.8000,23962,0,2789871120.000,0,-,-,-,-,4053.2000,4052.8000,4052.0000,4051.2000,4050.0000,4054.6000,4054.8000,4055.0000,4055.6000,4055.8000,2,1,1,3,1,1,1,1,1,1
SF,IF2006,2020-02-19 10:15:15.400,4053.8000,23962,0,2789871120.000,0,-,-,-,-,4053.2000,4052.8000,4052.0000,4051.2000,4050.0000,4054.4000,4054.6000,4055.0000,4055.6000,4055.8000,2,1,1,3,1,1,1,1,1,1
SF,IF2006,2020-02-19 10:15:15.900,4053.8000,23962,0,2789871120.000,0,-,-,-,-,4053.2000,4052.8000,4052.0000,4051.2000,4050.0000,4054.4000,4055.0000,4055.6000,4055.8000,4056.8000,2,1,1,3,1,1,1,1,1,1
SF,IF2006,2020-02-19 10:15:16.400,4053.8000,23962,0,2789871120.000,0,-,-,-,-,4053.2000,4052.8000,4052.0000,4051.2000,4050.0000,4054.2000,4054.4000,4055.0000,4055.6000,4055.8000,2,1,1,3,1,2,1,1,1,1
SF,IF2006,2020-02-19 10:15:17.400,4053.8000,23962,0,2789871120.000,0,-,-,-,-,4053.2000,4052.8000,4052.0000,4051.2000,4050.0000,4054.0000,4054.4000,4055.0000,4055.6000,4055.8000,2,1,1,3,1,2,1,1,1,1
SF,IF2006,2020-02-19 10:15:17.900,4053.8000,23962,0,2789871120.000,0,-,-,-,-,4053.2000,4052.8000,4052.0000,4051.2000,4050.0000,4054.4000,4055.0000,4055.6000,4055.8000,4056.8000,2,1,1,3,1,1,1,1,1,1
SF,IF2006,2020-02-19 10:15:18.400,4053.8000,23962,0,2789871120.000,0,-,-,-,-,4053.2000,4052.8000,4052.0000,4051.2000,4050.0000,4054.2000,4054.4000,4055.0000,4055.6000,4055.8000,2,1,1,3,1,2,1,1,1,1
SF,IF2006,2020-02-19 10:15:23.400,4053.8000,23962,0,2789871120.000,0,-,-,-,-,4053.2000,4052.8000,4052.0000,4051.2000,4050.0000,4054.4000,4055.0000,4055.6000,4055.8000,4056.8000,2,1,1,3,1,1,1,1,1,1
SF,IF2006,2020-02-19 10:15:24.400,4053.8000,23962,0,2789871120.000,0,-,-,-,-,4053.2000,4052.8000,4052.0000,4051.2000,4050.0000,4054.2000,4054.4000,4055.0000,4055.6000,4055.8000,2,1,1,3,1,1,1,1,1,1
SF,IF2006,2020-02-19 10:15:24.900,4053.2000,23962,0,2791087080.000,1,0,1,多换,S,4053.2000,4052.8000,4052.0000,4051.2000,4050.0000,4054.4000,4055.0000,4055.6000,4055.8000,4056.8000,1,1,1,3,1,1,1,1,1,1
SF,IF2006,2020-02-19 10:15:26.900,4053.2000,23962,0,2791087080.000,0,-,-,-,-,4053.2000,4052.8000,4052.0000,4051.2000,4050.0000,4054.2000,4054.4000,4055.0000,4055.6000,4055.8000,1,1,1,3,1,1,1,1,1,1
SF,IF2006,2020-02-19 10:15:27.400,4053.2000,23962,0,2792303040.000,1,0,1,多换,S,4052.8000,4052.0000,4051.2000,4050.0000,4049.4000,4054.0000,4054.2000,4055.0000,4055.6000,4055.8000,1,1,3,1,1,1,1,1,1,1
SF,IF2006,2020-02-19 10:15:27.900,4053.2000,23962,0,2792303040.000,0,-,-,-,-,4052.0000,4051.2000,4050.0000,4049.4000,4048.8000,4053.8000,4054.0000,4055.0000,4055.6000,4056.8000,1,3,1,1,1,2,1,1,1,1
SF,IF2006,2020-02-19 10:15:28.400,4053.2000,23962,0,2792303040.000,0,-,-,-,-,4052.2000,4052.0000,4051.2000,4050.0000,4049.4000,4053.6000,4055.0000,4055.6000,4056.8000,4057.2000,6,1,3,1,1,3,1,1,1,3
SF,IF2006,2020-02-19 10:15:28.900,4053.2000,23962,0,2792303040.000,0,-,-,-,-,4052.2000,4052.0000,4051.2000,4050.0000,4049.4000,4053.6000,4055.0000,4055.6000,4056.8000,4057.2000,1,1,3,1,1,2,1,1,1,3
SF,IF2006,2020-02-19 10:15:29.400,4053.2000,23962,0,2792303040.000,0,-,-,-,-,4052.2000,4052.0000,4051.2000,4050.0000,4049.4000,4053.2000,4053.6000,4055.0000,4055.6000,4056.8000,1,1,3,1,1,1,2,1,1,1
SF,IF2006,2020-02-19 10:15:30.400,4053.2000,23962,0,2792303040.000,0,-,-,-,-,4052.0000,4051.2000,4050.0000,4049.4000,4048.8000,4053.6000,4055.0000,4055.6000,4056.8000,4057.2000,1,3,1,1,1,2,1,1,1,3
SF,IF2006,2020-02-19 10:15:30.900,4053.2000,23962,0,2792303040.000,0,-,-,-,-,4052.2000,4052.0000,4051.2000,4050.0000,4049.4000,4053.6000,4055.0000,4055.6000,4056.8000,4057.2000,4,1,3,1,1,1,1,1,1,3
SF,IF2006,2020-02-19 10:15:32.400,4053.2000,23962,0,2792303040.000,0,-,-,-,-,4052.4000,4052.2000,4052.0000,4051.2000,4050.0000,4053.6000,4055.0000,4055.6000,4056.8000,4057.2000,1,4,1,3,1,1,1,1,1,3
SF,IF2006,2020-02-19 10:15:32.900,4053.2000,23962,0,2792303040.000,0,-,-,-,-,4052.4000,4052.2000,4052.0000,4051.2000,4050.0000,4053.4000,4053.6000,4055.0000,4055.6000,4056.8000,1,4,1,3,1,2,1,1,1,1
SF,IF2006,2020-02-19 10:15:37.900,4053.2000,23962,0,2792303040.000,0,-,-,-,-,4052.4000,4052.2000,4052.0000,4051.2000,4050.0000,4053.4000,4053.6000,4055.6000,4056.8000,4057.2000,1,4,1,3,1,2,1,1,1,3
SF,IF2006,2020-02-19 10:15:39.400,4053.2000,23962,0,2792303040.000,0,-,-,-,-,4052.4000,4052.2000,4052.0000,4051.2000,4050.6000,4053.4000,4053.6000,4055.6000,4056.8000,4057.2000,1,4,1,3,1,2,1,1,1,3
SF,IF2006,2020-02-19 10:15:41.400,4053.2000,23962,0,2792303040.000,0,-,-,-,-,4052.4000,4052.2000,4052.0000,4051.2000,4050.6000,4053.2000,4053.6000,4055.6000,4056.8000,4057.2000,1,4,1,3,1,2,1,1,1,3
SF,IF2006,2020-02-19 10:15:41.900,4053.2000,23962,0,2792303040.000,0,-,-,-,-,4052.4000,4052.2000,4052.0000,4051.2000,4050.6000,4053.6000,4055.6000,4056.8000,4057.2000,4057.4000,1,3,1,3,1,1,1,1,3,1
SF,IF2006,2020-02-19 10:15:42.400,4053.2000,23962,0,2792303040.000,0,-,-,-,-,4052.4000,4052.2000,4052.0000,4051.2000,4050.6000,4053.4000,4053.6000,4055.6000,4056.8000,4057.2000,1,3,1,3,1,2,1,1,1,2
SF,IF2006,2020-02-19 10:15:45.900,4053.2000,23962,0,2792303040.000,0,-,-,-,-,4052.4000,4052.2000,4052.0000,4051.2000,4050.6000,4053.6000,4055.6000,4056.8000,4057.2000,4057.4000,1,3,1,3,1,1,1,1,2,1
SF,IF2006,2020-02-19 10:15:46.400,4053.2000,23962,0,2792303040.000,0,-,-,-,-,4052.4000,4052.2000,4052.0000,4051.2000,4050.6000,4053.4000,4053.6000,4055.6000,4056.8000,4057.2000,1,3,1,3,1,2,1,1,1,2
SF,IF2006,2020-02-19 10:15:46.900,4053.2000,23962,0,2792303040.000,0,-,-,-,-,4052.4000,4052.2000,4052.0000,4051.2000,4050.6000,4053.2000,4055.6000,4056.8000,4057.2000,4057.4000,1,3,1,3,1,3,1,1,2,1
SF,IF2006,2020-02-19 10:15:47.400,4053.2000,23962,0,2792303040.000,0,-,-,-,-,4052.4000,4052.2000,4052.0000,4051.2000,4050.6000,4053.2000,4055.6000,4056.8000,4057.2000,4057.4000,1,3,1,3,1,1,1,1,2,1
SF,IF2006,2020-02-19 10:15:48.900,4053.2000,23962,0,2792303040.000,0,-,-,-,-,4052.4000,4052.2000,4052.0000,4051.2000,4050.6000,4053.2000,4055.6000,4056.8000,4057.2000,4057.4000,1,3,1,3,1,1,1,1,2,1
SF,IF2006,2020-02-19 10:15:49.400,4053.2000,23962,0,2792303040.000,0,-,-,-,-,4052.4000,4052.2000,4052.0000,4051.2000,4050.6000,4053.2000,4055.6000,4056.8000,4057.2000,4057.4000,2,3,1,3,1,1,1,1,2,1
SF,IF2006,2020-02-19 10:15:49.900,4053.2000,23962,0,2792303040.000,0,-,-,-,-,4053.2000,4052.4000,4052.2000,4052.0000,4051.2000,4055.6000,4056.8000,4057.2000,4057.4000,4057.8000,1,2,3,1,3,1,1,2,1,1
SF,IF2006,2020-02-19 10:15:50.400,4053.2000,23962,0,2792303040.000,0,-,-,-,-,4053.2000,4052.4000,4052.0000,4051.2000,4050.6000,4054.4000,4054.6000,4054.8000,4055.0000,4055.2000,1,1,1,3,1,3,2,1,1,2
SF,IF2006,2020-02-19 10:15:50.900,4053.2000,23962,0,2792303040.000,0,-,-,-,-,4053.4000,4053.2000,4052.4000,4052.0000,4051.2000,4054.2000,4054.4000,4054.6000,4055.4000,4055.6000,1,1,1,1,3,4,1,1,4,1
SF,IF2006,2020-02-19 10:15:51.400,4054.2000,23962,0,2793519300.000,1,0,1,多换,S,4053.8000,4053.6000,4053.2000,4052.4000,4052.0000,4055.4000,4055.6000,4056.8000,4057.2000,4057.4000,1,3,1,1,1,4,1,1,2,1
SF,IF2006,2020-02-19 10:15:51.900,4054.2000,23962,0,2793519300.000,0,-,-,-,-,4054.0000,4053.8000,4053.6000,4053.2000,4052.4000,4055.2000,4055.4000,4055.6000,4056.8000,4057.2000,1,1,2,1,1,3,1,1,1,2
SF,IF2006,2020-02-19 10:15:52.400,4054.2000,23962,0,2793519300.000,0,-,-,-,-,4054.0000,4053.8000,4053.6000,4053.2000,4052.4000,4055.0000,4055.2000,4055.6000,4056.8000,4057.2000,1,1,2,1,1,1,2,1,1,2
SF,IF2006,2020-02-19 10:15:53.400,4054.2000,23962,0,2793519300.000,0,-,-,-,-,4054.0000,4053.8000,4053.6000,4053.2000,4052.4000,4054.8000,4055.0000,4055.2000,4055.6000,4056.8000,1,1,2,1,1,1,1,2,1,1
SF,IF2006,2020-02-19 10:15:53.900,4054.2000,23962,0,2793519300.000,0,-,-,-,-,4053.8000,4053.6000,4053.2000,4052.4000,4052.0000,4055.0000,4055.2000,4055.6000,4056.8000,4057.2000,1,2,1,1,1,1,1,1,1,2
SF,IF2006,2020-02-19 10:15:54.900,4053.6000,23960,-2,2795951520.000,2,0,2,双平,S,4053.6000,4053.2000,4052.4000,4052.0000,4051.2000,4054.8000,4055.0000,4055.6000,4056.8000,4057.2000,1,1,1,1,3,1,1,1,1,2
SF,IF2006,2020-02-19 10:15:55.400,4053.6000,23960,0,2795951520.000,0,-,-,-,-,4053.6000,4053.2000,4052.4000,4052.0000,4051.2000,4054.6000,4054.8000,4055.6000,4056.8000,4057.2000,1,1,1,1,3,2,1,1,1,2
SF,IF2006,2020-02-19 10:15:55.900,4053.6000,23960,0,2795951520.000,0,-,-,-,-,4053.6000,4053.2000,4052.4000,4052.0000,4051.2000,4054.6000,4054.8000,4055.6000,4056.8000,4057.2000,1,1,1,1,3,1,1,1,1,2
SF,IF2006,2020-02-19 10:15:56.400,4053.6000,23960,0,2795951520.000,0,-,-,-,-,4053.6000,4053.2000,4052.4000,4052.0000,4051.2000,4054.6000,4055.6000,4056.8000,4057.2000,4057.4000,1,1,1,1,3,1,1,1,2,1
SF,IF2006,2020-02-19 10:15:56.900,4053.6000,23960,0,2795951520.000,0,-,-,-,-,4053.6000,4053.2000,4052.4000,4052.0000,4051.2000,4054.6000,4055.6000,4056.8000,4057.2000,4057.4000,1,1,1,1,3,1,1,1,2,1
SF,IF2006,2020-02-19 10:15:58.400,4053.6000,23960,0,2795951520.000,0,-,-,-,-,4053.8000,4053.6000,4053.2000,4052.4000,4052.0000,4054.6000,4055.6000,4056.8000,4057.2000,4057.4000,1,1,1,1,1,1,1,1,2,1
SF,IF2006,2020-02-19 10:15:58.900,4053.6000,23959,-1,2797167600.000,1,0,1,双平,S,4053.8000,4053.6000,4053.2000,4052.4000,4052.0000,4054.6000,4055.6000,4056.8000,4057.2000,4057.4000,1,1,1,1,1,1,1,1,2,1
SF,IF2006,2020-02-19 10:15:59.400,4053.6000,23959,0,2797167600.000,0,-,-,-,-,4054.0000,4053.8000,4052.4000,4052.0000,4051.2000,4055.6000,4056.8000,4057.2000,4057.4000,4057.8000,2,1,1,1,3,1,1,2,1,1
SF,IF2006,2020-02-19 10:15:59.900,4053.6000,23959,0,2797167600.000,0,-,-,-,-,4054.0000,4053.8000,4052.4000,4052.0000,4051.2000,4055.4000,4055.6000,4056.8000,4057.2000,4057.4000,1,1,1,1,3,3,1,1,2,1
SF,IF2006,2020-02-19 10:16:00.400,4053.6000,23959,0,2797167600.000,0,-,-,-,-,4054.2000,4054.0000,4053.8000,4052.4000,4052.0000,4055.4000,4055.6000,4056.8000,4057.2000,4057.4000,1,1,1,1,1,3,1,1,2,1
SF,IF2006,2020-02-19 10:16:00.900,4053.6000,23959,0,2797167600.000,0,-,-,-,-,4054.0000,4053.8000,4052.4000,4052.0000,4051.2000,4055.0000,4055.2000,4055.4000,4055.6000,4056.8000,1,1,1,1,3,1,2,2,1,1
SF,IF2006,2020-02-19 10:16:01.400,4053.6000,23959,0,2797167600.000,0,-,-,-,-,4053.8000,4052.4000,4052.0000,4051.2000,4050.6000,4055.0000,4055.2000,4055.4000,4055.6000,4056.8000,1,1,1,3,1,1,2,2,1,1
SF,IF2006,2020-02-19 10:16:01.900,4053.6000,23959,0,2797167600.000,0,-,-,-,-,4054.0000,4053.8000,4052.4000,4052.0000,4051.2000,4055.0000,4055.4000,4055.6000,4056.8000,4057.2000,1,1,1,1,3,1,2,1,1,2
SF,IF2006,2020-02-19 10:16:07.400,4053.6000,23959,0,2797167600.000,0,-,-,-,-,4054.0000,4052.4000,4052.0000,4051.2000,4051.0000,4054.8000,4055.0000,4055.4000,4055.6000,4056.8000,1,1,1,3,3,1,1,2,1,1
SF,IF2006,2020-02-19 10:16:07.900,4053.6000,23959,0,2797167600.000,0,-,-,-,-,4054.0000,4053.2000,4052.4000,4052.0000,4051.2000,4055.0000,4055.4000,4055.6000,4056.8000,4057.2000,1,1,1,1,3,1,2,1,1,2
SF,IF2006,2020-02-19 10:16:08.400,4053.6000,23959,0,2797167600.000,0,-,-,-,-,4053.2000,4052.4000,4052.0000,4051.2000,4051.0000,4055.0000,4055.4000,4055.6000,4056.8000,4057.2000,1,1,1,3,3,1,2,1,1,2
SF,IF2006,2020-02-19 10:16:08.900,4053.6000,23959,0,2797167600.000,0,-,-,-,-,4053.6000,4053.4000,4053.2000,4052.4000,4052.0000,4054.8000,4055.0000,4055.4000,4055.6000,4056.8000,1,4,1,1,1,1,1,1,1,1
SF,IF2006,2020-02-19 10:16:09.400,4053.6000,23959,0,2797167600.000,0,-,-,-,-,4053.8000,4053.6000,4053.4000,4053.2000,4052.0000,4054.8000,4055.0000,4055.4000,4055.6000,4056.8000,1,2,3,1,1,1,1,1,1,1
SF,IF2006,2020-02-19 10:16:09.900,4053.6000,23959,0,2797167600.000,0,-,-,-,-,4053.8000,4053.6000,4053.4000,4053.2000,4052.0000,4054.8000,4055.0000,4055.4000,4055.6000,4056.8000,1,2,2,1,1,1,1,1,1,1
SF,IF2006,2020-02-19 10:16:10.400,4053.6000,23959,0,2797167600.000,0,-,-,-,-,4054.0000,4053.8000,4053.6000,4053.4000,4053.2000,4054.8000,4055.0000,4055.4000,4055.6000,4056.8000,1,1,2,2,1,1,1,1,1,1
SF,IF2006,2020-02-19 10:16:11.400,4053.6000,23959,0,2797167600.000,0,-,-,-,-,4054.0000,4053.8000,4053.6000,4053.4000,4053.2000,4054.8000,4055.0000,4055.4000,4055.6000,4056.8000,1,1,1,2,1,1,1,1,1,1
SF,IF2006,2020-02-19 10:16:11.900,4053.6000,23959,0,2797167600.000,0,-,-,-,-,4054.0000,4053.8000,4053.6000,4053.4000,4053.2000,4054.8000,4055.4000,4055.6000,4056.8000,4057.2000,1,1,1,2,1,1,1,1,1,2
SF,IF2006,2020-02-19 10:16:12.900,4053.6000,23959,0,2797167600.000,0,-,-,-,-,4054.2000,4054.0000,4053.6000,4053.4000,4053.2000,4054.8000,4055.4000,4055.6000,4056.8000,4057.2000,1,1,1,2,1,1,1,1,1,2
SF,IF2006,2020-02-19 10:16:13.400,4053.6000,23959,0,2797167600.000,0,-,-,-,-,4054.0000,4053.6000,4053.4000,4053.2000,4052.0000,4054.8000,4055.4000,4055.6000,4056.8000,4057.2000,1,1,2,1,1,1,1,1,1,2
SF,IF2006,2020-02-19 10:16:14.400,4053.6000,23959,0,2797167600.000,0,-,-,-,-,4054.0000,4053.6000,4053.4000,4053.2000,4052.0000,4054.8000,4055.0000,4055.4000,4055.6000,4056.8000,1,1,2,1,1,1,1,1,1,1
SF,IF2006,2020-02-19 10:16:15.400,4053.6000,23959,0,2797167600.000,0,-,-,-,-,4054.0000,4053.6000,4053.4000,4053.2000,4052.0000,4054.6000,4054.8000,4055.0000,4055.4000,4055.6000,1,1,2,1,1,1,1,1,1,1
SF,IF2006,2020-02-19 10:16:15.900,4054.6000,23958,-1,2798383980.000,1,0,1,双平,S,4054.0000,4053.6000,4053.4000,4053.2000,4052.0000,4054.8000,4055.0000,4055.4000,4055.6000,4056.8000,1,1,1,1,1,1,1,1,1,1
SF,IF2006,2020-02-19 10:16:17.400,4054.6000,23958,0,2798383980.000,0,-,-,-,-,4054.0000,4053.6000,4053.4000,4053.2000,4052.0000,4054.8000,4055.0000,4055.4000,4055.6000,4056.8000,1,1,1,1,1,1,1,1,1,1
SF,IF2006,2020-02-19 10:16:18.900,4054.6000,23958,0,2798383980.000,0,-,-,-,-,4054.0000,4053.6000,4053.4000,4053.2000,4052.0000,4054.8000,4055.0000,4055.2000,4055.4000,4055.6000,1,1,1,1,1,1,1,1,1,1
SF,IF2006,2020-02-19 10:16:19.400,4054.6000,23958,0,2798383980.000,0,-,-,-,-,4054.0000,4053.6000,4053.2000,4052.0000,4051.2000,4054.8000,4055.0000,4055.2000,4055.6000,4056.8000,1,1,1,1,3,1,1,1,1,1
SF,IF2006,2020-02-19 10:16:23.400,4054.6000,23958,0,2798383980.000,0,-,-,-,-,4054.0000,4053.6000,4053.2000,4052.0000,4051.2000,4054.8000,4055.0000,4055.2000,4055.6000,4056.8000,1,1,1,1,3,1,1,1,1,1
SF,IF2006,2020-02-19 10:16:23.900,4054.6000,23958,0,2798383980.000,0,-,-,-,-,4054.0000,4053.6000,4053.2000,4052.0000,4051.2000,4054.8000,4055.0000,4055.2000,4055.6000,4056.8000,1,1,1,1,3,1,1,1,1,1
SF,IF2006,2020-02-19 10:16:25.900,4054.8000,23957,-1,2799600420.000,1,0,1,双平,S,4054.0000,4053.6000,4053.2000,4052.0000,4051.2000,4055.0000,4055.2000,4055.6000,4056.8000,4057.2000,1,1,1,1,3,1,1,1,1,2
SF,IF2006,2020-02-19 10:16:29.400,4054.8000,23957,0,2799600420.000,0,-,-,-,-,4054.0000,4053.2000,4052.0000,4051.2000,4051.0000,4055.0000,4055.2000,4055.6000,4056.8000,4057.2000,2,1,1,3,3,1,1,1,1,2
SF,IF2006,2020-02-19 10:16:29.900,4054.8000,23957,0,2799600420.000,0,-,-,-,-,4054.0000,4053.2000,4052.0000,4051.2000,4051.0000,4054.8000,4055.0000,4055.2000,4055.6000,4056.8000,2,1,1,3,3,1,1,1,1,1
SF,IF2006,2020-02-19 10:16:31.900,4054.8000,23957,0,2799600420.000,0,-,-,-,-,4054.0000,4053.2000,4052.0000,4051.2000,4051.0000,4055.0000,4055.2000,4055.6000,4056.8000,4057.2000,2,1,1,3,3,1,1,1,1,2
SF,IF2006,2020-02-19 10:16:32.400,4054.8000,23957,0,2799600420.000,0,-,-,-,-,4054.0000,4053.2000,4052.0000,4051.2000,4051.0000,4054.8000,4055.0000,4055.2000,4055.6000,4056.8000,2,1,1,3,3,1,1,1,1,1
SF,IF2006,2020-02-19 10:16:32.900,4054.8000,23956,-1,2800816860.000,1,0,1,双平,S,4054.0000,4053.2000,4052.0000,4051.2000,4051.0000,4055.0000,4055.2000,4055.6000,4056.8000,4057.2000,2,1,1,3,3,1,1,1,1,1
SF,IF2006,2020-02-19 10:16:33.900,4054.0000,23957,1,2803249260.000,2,1,1,空开,S,4053.2000,4052.0000,4051.2000,4051.0000,4050.6000,4055.0000,4055.2000,4055.6000,4056.8000,4057.2000,1,1,3,3,1,1,1,1,1,1
SF,IF2006,2020-02-19 10:16:34.400,4054.0000,23957,0,2803249260.000,0,-,-,-,-,4053.4000,4053.2000,4052.0000,4051.2000,4051.0000,4055.0000,4055.2000,4055.6000,4056.8000,4057.2000,4,1,1,3,3,1,1,1,1,1
SF,IF2006,2020-02-19 10:16:34.900,4054.0000,23957,0,2803249260.000,0,-,-,-,-,4053.4000,4053.2000,4052.0000,4051.2000,4051.0000,4054.8000,4055.0000,4055.2000,4055.6000,4056.8000,4,1,1,3,3,1,1,1,1,1
SF,IF2006,2020-02-19 10:16:36.900,4054.0000,23957,0,2803249260.000,0,-,-,-,-,4053.4000,4053.2000,4052.0000,4051.2000,4051.0000,4054.8000,4055.0000,4055.2000,4055.6000,4056.8000,3,1,1,3,3,1,1,1,1,1
SF,IF2006,2020-02-19 10:16:37.400,4054.0000,23957,0,2803249260.000,0,-,-,-,-,4053.4000,4053.2000,4052.0000,4051.2000,4050.6000,4054.8000,4055.0000,4055.2000,4055.6000,4056.8000,3,1,1,3,1,1,1,1,1,1
SF,IF2006,2020-02-19 10:16:37.900,4054.8000,23957,0,2804465700.000,1,0,1,多换,S,4054.8000,4053.4000,4053.2000,4052.0000,4051.2000,4055.0000,4055.2000,4055.6000,4056.8000,4057.2000,3,3,1,1,3,1,1,1,1,1
SF,IF2006,2020-02-19 10:16:38.400,4054.8000,23957,0,2808115020.000,3,1,2,多换,S,4053.4000,4053.2000,4052.0000,4051.2000,4050.6000,4053.8000,4055.0000,4055.2000,4055.6000,4056.8000,3,1,1,3,1,1,1,1,1,1
SF,IF2006,2020-02-19 10:16:38.900,4053.8000,23956,-1,2809331160.000,1,0,1,双平,S,4054.0000,4053.8000,4053.2000,4052.0000,4051.2000,4055.0000,4055.2000,4055.6000,4056.8000,4057.2000,1,4,1,1,3,1,1,1,1,1
SF,IF2006,2020-02-19 10:16:39.400,4053.8000,23956,0,2809331160.000,0,-,-,-,-,4054.0000,4053.8000,4053.2000,4052.0000,4051.2000,4055.0000,4055.2000,4055.6000,4056.8000,4057.2000,1,3,1,1,3,1,1,1,1,1
SF,IF2006,2020-02-19 10:16:39.900,4053.8000,23956,0,2809331160.000,0,-,-,-,-,4054.2000,4053.8000,4053.2000,4052.0000,4051.2000,4055.0000,4055.2000,4055.6000,4056.8000,4057.2000,1,3,1,1,3,1,1,1,1,1
SF,IF2006,2020-02-19 10:16:40.900,4053.8000,23956,0,2809331160.000,0,-,-,-,-,4054.2000,4053.8000,4053.2000,4052.0000,4051.2000,4055.0000,4055.2000,4055.6000,4056.8000,4057.2000,1,3,1,1,3,1,2,1,1,1
SF,IF2006,2020-02-19 10:16:41.400,4053.8000,23956,0,2809331160.000,0,-,-,-,-,4054.2000,4053.8000,4053.2000,4052.0000,4051.2000,4055.0000,4055.2000,4055.6000,4056.8000,4057.2000,2,3,1,1,3,1,2,1,1,1
SF,IF2006,2020-02-19 10:16:41.900,4053.8000,23956,0,2809331160.000,0,-,-,-,-,4054.2000,4053.8000,4053.2000,4052.0000,4051.2000,4054.6000,4055.0000,4055.2000,4055.6000,4056.8000,2,3,1,1,3,1,1,2,1,1
SF,IF2006,2020-02-19 10:16:42.400,4053.8000,23956,0,2809331160.000,0,-,-,-,-,4054.2000,4053.8000,4053.2000,4052.0000,4051.2000,4054.6000,4055.0000,4055.2000,4055.6000,4056.8000,2,4,1,1,3,1,1,2,1,1
SF,IF2006,2020-02-19 10:16:43.900,4054.6000,23956,0,2810547540.000,1,0,1,多换,S,4054.2000,4053.8000,4053.2000,4052.0000,4051.2000,4055.0000,4055.2000,4055.6000,4056.8000,4057.2000,2,4,1,1,3,1,2,1,1,1
SF,IF2006,2020-02-19 10:16:44.400,4054.6000,23956,0,2810547540.000,0,-,-,-,-,4054.2000,4053.8000,4053.2000,4052.0000,4051.2000,4054.4000,4055.0000,4055.2000,4055.6000,4056.8000,2,1,1,1,3,1,1,2,1,1
SF,IF2006,2020-02-19 10:16:44.900,4054.4000,23955,-1,2811763860.000,1,0,1,双平,S,4054.4000,4054.2000,4053.8000,4053.2000,4052.0000,4055.0000,4055.2000,4055.6000,4056.8000,4057.2000,4,1,1,1,1,1,2,1,1,1
SF,IF2006,2020-02-19 10:16:45.400,4054.4000,23955,0,2811763860.000,0,-,-,-,-,4054.4000,4054.2000,4053.8000,4053.2000,4052.0000,4055.0000,4055.2000,4055.6000,4056.8000,4057.2000,3,1,1,1,1,1,2,1,1,1
SF,IF2006,2020-02-19 10:16:45.900,4054.4000,23955,0,2811763860.000,0,-,-,-,-,4054.6000,4054.4000,4054.2000,4053.8000,4053.2000,4055.0000,4055.2000,4055.6000,4056.8000,4057.2000,2,3,1,1,1,1,2,1,1,1
SF,IF2006,2020-02-19 10:16:46.400,4055.0000,23955,0,2812980360.000,1,0,1,多换,S,4055.0000,4054.6000,4054.4000,4054.2000,4053.8000,4055.2000,4055.6000,4056.8000,4057.2000,4057.4000,1,2,3,1,1,2,1,1,1,1
SF,IF2006,2020-02-19 10:16:46.900,4055.0000,23955,0,2812980360.000,0,-,-,-,-,4054.6000,4054.4000,4054.2000,4053.8000,4053.2000,4055.2000,4055.6000,4056.8000,4057.2000,4057.4000,2,3,1,1,1,2,1,1,1,1
SF,IF2006,2020-02-19 10:16:47.400,4055.0000,23955,0,2812980360.000,0,-,-,-,-,4054.6000,4054.4000,4054.2000,4053.8000,4053.2000,4055.2000,4055.6000,4056.8000,4057.2000,4057.4000,2,3,1,1,1,2,1,1,1,1
SF,IF2006,2020-02-19 10:16:48.900,4055.0000,23955,0,2812980360.000,0,-,-,-,-,4054.8000,4054.6000,4054.4000,4054.2000,4053.8000,4055.2000,4055.6000,4056.8000,4057.2000,4057.4000,1,1,3,1,1,2,1,1,1,1
SF,IF2006,2020-02-19 10:16:49.400,4055.0000,23955,0,2812980360.000,0,-,-,-,-,4054.6000,4054.4000,4054.2000,4053.8000,4053.2000,4055.2000,4055.6000,4056.8000,4057.2000,4057.4000,1,3,1,1,1,2,1,1,1,1
SF,IF2006,2020-02-19 10:16:49.900,4055.2000,23954,-1,2815413480.000,2,0,2,多平,S,4055.2000,4054.8000,4054.6000,4054.4000,4054.2000,4055.6000,4056.8000,4057.2000,4057.4000,4057.8000,1,1,1,3,1,1,1,1,1,1
SF,IF2006,2020-02-19 10:16:50.400,4055.2000,23954,0,2815413480.000,0,-,-,-,-,4055.4000,4054.8000,4054.6000,4054.4000,4054.2000,4055.6000,4056.8000,4057.2000,4057.4000,4057.8000,1,1,1,3,1,1,1,1,1,1
SF,IF2006,2020-02-19 10:16:50.900,4055.4000,23954,0,2816630100.000,1,0,1,多换,S,4054.8000,4054.6000,4054.4000,4054.2000,4053.8000,4055.6000,4056.8000,4057.2000,4057.4000,4057.8000,1,1,1,1,1,1,1,1,1,1
SF,IF2006,2020-02-19 10:16:52.400,4055.4000,23954,0,2816630100.000,0,-,-,-,-,4054.8000,4054.6000,4054.4000,4054.2000,4053.8000,4055.6000,4056.8000,4057.2000,4057.4000,4057.8000,1,1,1,1,1,1,1,1,1,1
SF,IF2006,2020-02-19 10:16:52.900,4055.6000,23953,-1,2817846780.000,1,0,1,双平,S,4054.8000,4054.6000,4054.4000,4054.2000,4053.8000,4056.8000,4057.2000,4057.4000,4057.8000,4058.0000,1,1,1,1,1,1,1,1,1,2
SF,IF2006,2020-02-19 10:16:53.400,4055.6000,23953,0,2817846780.000,0,-,-,-,-,4055.0000,4054.8000,4054.4000,4054.2000,4053.8000,4056.4000,4056.6000,4056.8000,4057.2000,4057.4000,1,1,1,1,1,2,5,1,1,1
SF,IF2006,2020-02-19 10:16:53.900,4055.6000,23953,0,2817846780.000,0,-,-,-,-,4055.2000,4055.0000,4054.4000,4054.2000,4053.8000,4056.4000,4056.6000,4056.8000,4057.2000,4057.4000,1,1,1,1,1,2,3,1,1,1
SF,IF2006,2020-02-19 10:16:54.400,4055.6000,23953,0,2817846780.000,0,-,-,-,-,4055.4000,4055.2000,4054.2000,4053.8000,4053.2000,4056.2000,4056.4000,4056.6000,4056.8000,4057.2000,2,1,1,1,1,1,1,3,1,1
SF,IF2006,2020-02-19 10:16:54.900,4056.4000,23952,-1,2820280560.000,2,0,2,多平,S,4056.2000,4055.6000,4055.4000,4054.2000,4053.8000,4056.6000,4056.8000,4057.2000,4057.4000,4057.8000,2,5,1,1,1,1,1,1,1,1
SF,IF2006,2020-02-19 10:16:55.400,4056.6000,23952,0,2821497540.000,1,0,1,多换,S,4056.2000,4055.6000,4055.4000,4054.2000,4053.8000,4056.8000,4057.2000,4057.4000,4057.8000,4058.0000,2,3,1,1,1,1,1,1,1,2
SF,IF2006,2020-02-19 10:16:55.900,4056.8000,23951,-1,2822714580.000,1,0,1,双平,S,4056.2000,4055.6000,4055.4000,4054.2000,4053.8000,4057.2000,4057.4000,4057.8000,4058.0000,4058.8000,2,3,1,1,1,1,1,1,2,8
SF,IF2006,2020-02-19 10:16:56.400,4056.8000,23951,0,2822714580.000,0,-,-,-,-,4056.8000,4056.6000,4056.2000,4055.6000,4055.4000,4057.2000,4057.4000,4057.8000,4058.0000,4058.8000,1,1,1,3,1,1,1,1,2,8
SF,IF2006,2020-02-19 10:16:56.900,4056.6000,23950,-1,2825148600.000,2,0,2,多平,S,4056.2000,4055.6000,4055.4000,4054.2000,4053.8000,4057.2000,4057.4000,4057.8000,4058.0000,4058.8000,1,2,1,1,1,1,1,1,2,8
SF,IF2006,2020-02-19 10:16:57.400,4056.6000,23950,0,2825148600.000,0,-,-,-,-,4056.8000,4056.2000,4055.6000,4055.4000,4054.2000,4057.0000,4057.2000,4057.4000,4057.8000,4058.0000,1,1,2,1,1,3,1,1,1,2
SF,IF2006,2020-02-19 10:16:57.900,4056.8000,23950,0,2827582680.000,2,1,1,多换,S,4056.2000,4055.6000,4055.4000,4054.2000,4053.2000,4056.8000,4057.0000,4057.2000,4057.4000,4057.8000,1,1,1,1,1,1,1,1,1,1
SF,IF2006,2020-02-19 10:16:58.400,4056.8000,23950,0,2827582680.000,0,-,-,-,-,4056.2000,4055.6000,4055.4000,4054.2000,4053.2000,4056.8000,4057.2000,4057.4000,4057.8000,4058.0000,1,1,1,1,1,1,1,1,1,2
SF,IF2006,2020-02-19 10:16:59.900,4056.2000,23949,-1,2828799540.000,1,0,1,双平,S,4055.6000,4055.4000,4054.2000,4053.2000,4053.0000,4056.8000,4057.2000,4057.4000,4057.8000,4058.0000,1,1,1,1,1,1,1,1,1,2
SF,IF2006,2020-02-19 10:17:00.400,4056.2000,23949,0,2828799540.000,0,-,-,-,-,4055.4000,4054.2000,4053.2000,4053.0000,4052.0000,4056.6000,4056.8000,4057.2000,4057.4000,4057.8000,1,1,1,1,1,1,1,1,1,1
SF,IF2006,2020-02-19 10:17:00.900,4056.2000,23949,0,2828799540.000,0,-,-,-,-,4055.4000,4054.2000,4053.2000,4053.0000,4052.0000,4056.8000,4057.2000,4057.4000,4057.8000,4058.0000,1,1,1,1,1,1,1,1,1,2
SF,IF2006,2020-02-19 10:17:01.400,4056.2000,23949,0,2828799540.000,0,-,-,-,-,4055.4000,4053.2000,4053.0000,4052.0000,4051.2000,4056.8000,4057.2000,4057.4000,4057.8000,4058.0000,2,1,1,1,3,1,1,1,1,2
SF,IF2006,2020-02-19 10:17:02.400,4056.2000,23949,0,2828799540.000,0,-,-,-,-,4055.4000,4053.2000,4053.0000,4052.0000,4051.2000,4056.8000,4057.2000,4057.4000,4057.8000,4058.0000,2,1,1,1,3,1,1,1,1,2
SF,IF2006,2020-02-19 10:17:03.400,4056.2000,23949,0,2828799540.000,0,-,-,-,-,4055.4000,4053.2000,4053.0000,4052.0000,4051.2000,4056.8000,4057.2000,4057.4000,4057.8000,4058.0000,2,1,1,1,3,1,1,1,1,2
SF,IF2006,2020-02-19 10:17:03.900,4056.2000,23949,0,2828799540.000,0,-,-,-,-,4055.4000,4053.2000,4053.0000,4052.0000,4051.2000,4056.8000,4057.2000,4057.4000,4057.8000,4058.0000,2,1,1,1,3,1,1,1,1,2
SF,IF2006,2020-02-19 10:17:04.400,4055.4000,23948,-1,2830016160.000,1,0,1,双平,S,4055.4000,4053.2000,4053.0000,4052.0000,4051.2000,4056.4000,4056.6000,4057.2000,4057.4000,4057.8000,1,1,1,1,3,1,1,1,1,1
SF,IF2006,2020-02-19 10:17:04.900,4055.4000,23948,0,2830016160.000,0,-,-,-,-,4055.4000,4053.2000,4053.0000,4052.0000,4051.2000,4056.4000,4056.6000,4057.2000,4057.4000,4057.8000,1,1,1,1,3,1,1,1,1,1
SF,IF2006,2020-02-19 10:17:05.400,4055.4000,23948,0,2830016160.000,0,-,-,-,-,4055.4000,4053.2000,4053.0000,4052.0000,4051.2000,4056.4000,4056.6000,4057.2000,4057.4000,4057.8000,1,1,1,1,3,1,1,1,1,1
SF,IF2006,2020-02-19 10:17:05.900,4055.4000,23948,0,2830016160.000,0,-,-,-,-,4055.4000,4053.2000,4053.0000,4052.0000,4051.2000,4056.4000,4056.6000,4057.0000,4057.2000,4057.4000,1,1,1,1,3,1,1,1,1,1
SF,IF2006,2020-02-19 10:17:06.400,4055.4000,23948,0,2830016160.000,0,-,-,-,-,4055.4000,4053.2000,4053.0000,4052.0000,4051.2000,4056.4000,4056.6000,4057.0000,4057.2000,4057.4000,1,1,1,1,3,1,1,1,1,1
SF,IF2006,2020-02-19 10:17:07.900,4055.4000,23948,0,2830016160.000,0,-,-,-,-,4055.4000,4053.2000,4053.0000,4052.0000,4051.2000,4056.6000,4057.0000,4057.2000,4057.4000,4057.8000,1,1,1,1,3,1,1,1,1,1
SF,IF2006,2020-02-19 10:17:08.900,4055.4000,23948,0,2830016160.000,0,-,-,-,-,4056.0000,4055.6000,4055.4000,4053.2000,4053.0000,4056.6000,4057.0000,4057.2000,4057.4000,4057.8000,1,1,1,1,1,1,1,1,1,1
SF,IF2006,2020-02-19 10:17:11.400,4056.0000,23947,-1,2831232960.000,1,0,1,双平,S,4055.6000,4055.4000,4053.2000,4053.0000,4052.0000,4056.6000,4057.0000,4057.2000,4057.4000,4057.8000,1,1,1,1,1,1,1,1,1,1
SF,IF2006,2020-02-19 10:17:11.900,4056.0000,23947,0,2831232960.000,0,-,-,-,-,4055.6000,4055.4000,4053.0000,4052.0000,4051.2000,4056.4000,4056.6000,4057.0000,4057.2000,4057.4000,1,1,1,1,3,1,1,1,1,1
SF,IF2006,2020-02-19 10:17:12.400,4056.0000,23947,0,2831232960.000,0,-,-,-,-,4055.6000,4055.4000,4053.0000,4052.0000,4051.2000,4056.4000,4056.6000,4057.0000,4057.2000,4057.4000,1,1,1,1,3,1,1,1,1,1
SF,IF2006,2020-02-19 10:17:12.900,4056.2000,23946,-1,2832449820.000,1,0,1,双平,S,4055.6000,4055.4000,4053.0000,4052.0000,4051.2000,4056.4000,4056.6000,4057.0000,4057.2000,4057.4000,1,1,1,1,3,1,1,1,1,1
SF,IF2006,2020-02-19 10:17:13.900,4056.2000,23946,0,2832449820.000,0,-,-,-,-,4055.6000,4055.4000,4053.0000,4052.0000,4051.2000,4056.4000,4056.6000,4057.0000,4057.2000,4057.4000,1,1,1,1,3,1,1,1,1,1
SF,IF2006,2020-02-19 10:17:15.400,4056.2000,23946,0,2832449820.000,0,-,-,-,-,4055.6000,4055.4000,4053.0000,4052.0000,4051.2000,4056.4000,4056.6000,4057.0000,4057.2000,4057.4000,1,1,1,1,3,1,1,1,1,1
SF,IF2006,2020-02-19 10:17:16.400,4056.2000,23946,0,2832449820.000,0,-,-,-,-,4056.0000,4055.6000,4055.4000,4053.0000,4052.0000,4056.4000,4056.6000,4057.0000,4057.2000,4057.4000,1,1,1,1,1,1,1,1,1,1
SF,IF2006,2020-02-19 10:17:16.900,4056.0000,23946,0,2833666620.000,1,0,1,多换,S,4055.4000,4053.0000,4052.0000,4051.2000,4050.6000,4056.4000,4056.6000,4057.0000,4057.2000,4057.4000,1,1,1,3,1,1,1,1,1,1
SF,IF2006,2020-02-19 10:17:18.900,4055.4000,23946,0,2834883240.000,1,0,1,多换,S,4053.0000,4052.0000,4051.2000,4050.6000,4050.0000,4055.4000,4056.4000,4056.6000,4057.0000,4057.2000,1,1,3,1,1,3,1,1,1,1
SF,IF2006,2020-02-19 10:17:19.400,4055.4000,23946,0,2834883240.000,0,-,-,-,-,4054.4000,4054.2000,4053.8000,4053.4000,4053.2000,4055.4000,4056.4000,4057.0000,4057.2000,4057.4000,2,4,1,2,5,3,1,1,1,1
SF,IF2006,2020-02-19 10:17:19.900,4055.4000,23946,0,2834883240.000,0,-,-,-,-,4054.6000,4054.4000,4054.2000,4053.8000,4053.4000,4055.4000,4056.4000,4057.0000,4057.2000,4057.4000,3,2,3,1,1,3,1,1,1,1
SF,IF2006,2020-02-19 10:17:20.400,4055.4000,23943,-3,2838533100.000,3,0,3,双平,S,4055.4000,4054.6000,4054.4000,4054.2000,4053.8000,4056.4000,4057.0000,4057.2000,4057.4000,4057.8000,1,3,3,3,1,1,1,1,1,1
SF,IF2006,2020-02-19 10:17:20.900,4055.4000,23943,0,2838533100.000,0,-,-,-,-,4056.0000,4055.4000,4054.6000,4054.4000,4053.8000,4056.2000,4056.4000,4057.0000,4057.2000,4057.4000,1,2,2,2,1,1,1,1,1,1
SF,IF2006,2020-02-19 10:17:21.400,4056.0000,23943,0,2839749900.000,1,0,1,多换,S,4055.4000,4054.6000,4054.4000,4053.8000,4053.4000,4056.4000,4057.0000,4057.2000,4057.4000,4057.8000,2,2,1,1,1,1,1,1,1,1
SF,IF2006,2020-02-19 10:17:21.900,4056.4000,23943,0,2840966820.000,1,0,1,多换,S,4055.4000,4054.6000,4054.4000,4053.8000,4053.4000,4057.0000,4057.2000,4057.4000,4057.8000,4058.0000,2,2,1,1,1,1,1,1,1,2
SF,IF2006,2020-02-19 10:17:22.400,4056.4000,23943,0,2840966820.000,0,-,-,-,-,4055.4000,4054.6000,4053.8000,4053.4000,4053.2000,4056.8000,4057.0000,4057.2000,4057.4000,4057.8000,2,2,1,1,2,7,1,1,1,1
SF,IF2006,2020-02-19 10:17:22.900,4056.4000,23943,0,2840966820.000,0,-,-,-,-,4055.4000,4054.6000,4053.8000,4053.4000,4053.2000,4056.8000,4057.0000,4057.2000,4057.4000,4057.8000,2,2,1,1,2,6,1,1,1,1
SF,IF2006,2020-02-19 10:17:23.400,4056.4000,23943,0,2840966820.000,0,-,-,-,-,4055.4000,4054.6000,4053.8000,4053.4000,4053.2000,4056.6000,4056.8000,4057.0000,4057.2000,4057.4000,2,2,1,1,2,1,5,1,1,1
SF,IF2006,2020-02-19 10:17:24.400,4056.4000,23943,0,2840966820.000,0,-,-,-,-,4055.4000,4054.6000,4053.8000,4053.4000,4053.2000,4056.6000,4056.8000,4057.0000,4057.2000,4057.4000,2,2,1,1,2,1,4,1,1,1
SF,IF2006,2020-02-19 10:17:24.900,4056.4000,23943,0,2840966820.000,0,-,-,-,-,4055.4000,4054.6000,4053.8000,4053.4000,4053.2000,4056.8000,4057.0000,4057.2000,4057.4000,4057.8000,2,2,1,1,2,4,1,1,1,1
SF,IF2006,2020-02-19 10:17:25.400,4056.4000,23943,0,2840966820.000,0,-,-,-,-,4055.6000,4055.4000,4054.6000,4053.8000,4053.4000,4056.8000,4057.0000,4057.2000,4057.4000,4057.8000,1,2,2,1,1,3,1,1,1,1
SF,IF2006,2020-02-19 10:17:25.900,4056.4000,23943,0,2840966820.000,0,-,-,-,-,4055.6000,4055.4000,4054.6000,4053.8000,4053.4000,4056.6000,4056.8000,4057.0000,4057.2000,4057.4000,1,2,2,1,1,1,3,1,1,1
SF,IF2006,2020-02-19 10:17:26.900,4056.4000,23943,0,2840966820.000,0,-,-,-,-,4055.6000,4055.4000,4054.6000,4053.8000,4053.4000,4056.8000,4057.0000,4057.2000,4057.4000,4057.8000,1,2,2,1,1,3,1,1,1,1
SF,IF2006,2020-02-19 10:17:27.400,4056.4000,23943,0,2840966820.000,0,-,-,-,-,4055.8000,4055.6000,4055.4000,4054.6000,4053.8000,4056.6000,4056.8000,4057.0000,4057.2000,4057.4000,1,1,2,2,1,1,3,1,1,1
SF,IF2006,2020-02-19 10:17:27.900,4056.4000,23943,0,2840966820.000,0,-,-,-,-,4055.6000,4055.4000,4054.6000,4053.8000,4053.4000,4056.6000,4056.8000,4057.0000,4057.2000,4057.4000,1,2,2,1,1,1,2,1,1,1
SF,IF2006,2020-02-19 10:17:28.400,4056.4000,23943,0,2840966820.000,0,-,-,-,-,4055.8000,4055.6000,4055.4000,4054.6000,4053.8000,4056.6000,4056.8000,4057.0000,4057.2000,4057.4000,1,1,2,2,1,1,2,1,1,1
SF,IF2006,2020-02-19 10:17:28.900,4056.6000,23943,0,2842183800.000,1,0,1,多换,S,4056.0000,4055.4000,4054.6000,4053.8000,4053.4000,4057.0000,4057.2000,4057.4000,4057.8000,4058.0000,2,1,2,1,1,1,1,1,1,2
SF,IF2006,2020-02-19 10:17:29.400,4056.6000,23943,0,2842183800.000,0,-,-,-,-,4056.4000,4056.2000,4056.0000,4055.4000,4054.6000,4057.0000,4057.2000,4057.4000,4057.8000,4058.0000,1,3,1,1,2,1,1,1,1,2
SF,IF2006,2020-02-19 10:17:29.900,4056.6000,23942,-1,2844617880.000,2,0,2,多平,S,4056.6000,4056.4000,4056.2000,4056.0000,4055.4000,4057.2000,4057.4000,4057.8000,4058.0000,4058.2000,1,1,1,1,1,1,1,1,2,1
SF,IF2006,2020-02-19 10:17:30.400,4056.6000,23942,0,2844617880.000,0,-,-,-,-,4056.6000,4056.4000,4056.2000,4056.0000,4055.4000,4057.2000,4057.4000,4057.8000,4058.0000,4058.2000,1,1,1,1,1,1,1,1,2,1
SF,IF2006,2020-02-19 10:17:31.400,4056.6000,23942,0,2845834860.000,1,0,1,多换,S,4056.4000,4056.2000,4056.0000,4055.4000,4054.6000,4057.2000,4057.4000,4057.8000,4058.0000,4058.2000,1,1,1,1,2,1,1,1,2,1
SF,IF2006,2020-02-19 10:17:31.900,4056.6000,23942,0,2845834860.000,0,-,-,-,-,4056.4000,4056.2000,4056.0000,4055.4000,4054.6000,4057.2000,4057.4000,4057.8000,4058.0000,4058.2000,1,1,1,1,2,1,1,1,2,1
SF,IF2006,2020-02-19 10:17:32.400,4056.6000,23942,0,2845834860.000,0,-,-,-,-,4056.6000,4056.4000,4056.2000,4056.0000,4055.4000,4057.2000,4057.4000,4057.8000,4058.0000,4058.2000,1,1,1,1,1,1,1,1,2,1
SF,IF2006,2020-02-19 10:17:32.900,4056.8000,23942,0,2847051900.000,1,0,1,多换,S,4056.6000,4056.4000,4056.2000,4056.0000,4055.4000,4057.2000,4057.4000,4057.8000,4058.0000,4058.2000,1,1,1,1,1,1,1,1,2,1
SF,IF2006,2020-02-19 10:17:33.900,4057.2000,23942,0,2848269060.000,1,0,1,多换,S,4056.6000,4056.4000,4056.2000,4056.0000,4055.4000,4057.4000,4057.8000,4058.0000,4058.2000,4058.8000,1,1,1,1,1,1,1,2,1,8
SF,IF2006,2020-02-19 10:17:34.900,4057.2000,23942,0,2848269060.000,0,-,-,-,-,4056.6000,4056.4000,4056.2000,4056.0000,4055.4000,4056.8000,4057.4000,4057.8000,4058.0000,4058.2000,1,1,1,1,1,1,1,1,2,1
SF,IF2006,2020-02-19 10:17:35.400,4056.8000,23942,0,2849486100.000,1,0,1,多换,S,4056.8000,4056.6000,4055.4000,4054.6000,4053.8000,4057.4000,4057.8000,4058.0000,4058.2000,4058.8000,1,1,1,2,1,1,1,2,1,8
SF,IF2006,2020-02-19 10:17:35.900,4056.8000,23942,0,2849486100.000,0,-,-,-,-,4056.6000,4055.4000,4054.6000,4053.8000,4053.4000,4057.4000,4057.8000,4058.0000,4058.2000,4058.8000,1,1,2,1,1,1,1,2,1,8
SF,IF2006,2020-02-19 10:17:36.400,4056.8000,23942,0,2849486100.000,0,-,-,-,-,4056.8000,4056.6000,4055.4000,4054.6000,4053.8000,4057.4000,4057.8000,4058.0000,4058.2000,4058.8000,1,1,1,2,1,1,1,2,1,8
SF,IF2006,2020-02-19 10:17:36.900,4057.4000,23941,-1,2850703320.000,1,0,1,双平,S,4056.8000,4056.6000,4055.4000,4054.6000,4053.8000,4057.8000,4058.0000,4058.2000,4058.8000,4059.0000,1,1,1,2,1,1,2,1,8,2
SF,IF2006,2020-02-19 10:17:38.400,4057.4000,23941,0,2850703320.000,0,-,-,-,-,4057.4000,4056.8000,4056.6000,4055.4000,4054.6000,4057.8000,4058.0000,4058.2000,4058.8000,4059.0000,1,1,1,1,2,1,2,1,8,2
SF,IF2006,2020-02-19 10:17:39.400,4057.4000,23941,0,2851920540.000,1,0,1,多换,S,4056.8000,4056.6000,4055.4000,4054.6000,4053.8000,4057.8000,4058.0000,4058.2000,4058.8000,4059.0000,1,1,1,2,1,1,2,1,8,2
SF,IF2006,2020-02-19 10:17:39.900,4057.4000,23941,0,2851920540.000,0,-,-,-,-,4057.4000,4056.8000,4056.6000,4055.4000,4054.6000,4057.8000,4058.0000,4058.2000,4058.8000,4059.0000,1,1,1,1,2,1,2,1,8,2
SF,IF2006,2020-02-19 10:17:40.400,4057.4000,23942,1,2853137760.000,1,1,0,双开,S,4056.8000,4056.6000,4055.4000,4054.6000,4053.8000,4057.8000,4058.0000,4058.2000,4058.8000,4059.0000,1,1,1,2,1,1,2,1,8,2
SF,IF2006,2020-02-19 10:17:40.900,4057.4000,23942,0,2853137760.000,0,-,-,-,-,4056.8000,4056.6000,4054.6000,4053.8000,4053.4000,4057.8000,4058.0000,4058.2000,4058.8000,4059.0000,2,1,2,1,1,1,2,1,8,2
SF,IF2006,2020-02-19 10:17:41.400,4057.4000,23942,0,2853137760.000,0,-,-,-,-,4056.8000,4056.6000,4054.6000,4053.8000,4053.4000,4057.6000,4057.8000,4058.0000,4058.2000,4058.8000,1,1,2,1,1,1,1,2,1,8
SF,IF2006,2020-02-19 10:17:41.900,4057.4000,23942,0,2853137760.000,0,-,-,-,-,4056.8000,4056.6000,4054.6000,4053.8000,4053.4000,4057.0000,4057.6000,4057.8000,4058.0000,4058.2000,1,1,2,1,1,1,1,1,2,1
SF,IF2006,2020-02-19 10:17:42.400,4057.0000,23943,1,2854354860.000,1,1,0,双开,S,4056.8000,4056.6000,4054.6000,4053.8000,4053.4000,4057.6000,4057.8000,4058.0000,4058.2000,4058.8000,1,1,2,1,1,1,1,2,1,8
SF,IF2006,2020-02-19 10:17:42.900,4057.0000,23943,0,2854354860.000,0,-,-,-,-,4057.2000,4056.8000,4056.6000,4054.6000,4053.8000,4057.6000,4057.8000,4058.0000,4058.2000,4058.8000,1,1,1,2,1,1,1,2,1,8
SF,IF2006,2020-02-19 10:17:43.400,4057.0000,23943,0,2854354860.000,0,-,-,-,-,4057.2000,4056.8000,4056.6000,4054.6000,4053.8000,4057.6000,4057.8000,4058.0000,4058.2000,4058.8000,1,1,1,2,1,1,1,2,1,8
SF,IF2006,2020-02-19 10:17:43.900,4057.0000,23943,0,2854354860.000,0,-,-,-,-,4057.2000,4056.8000,4056.6000,4054.6000,4053.8000,4057.8000,4058.0000,4058.2000,4058.8000,4059.0000,1,1,1,2,1,1,2,1,8,2
SF,IF2006,2020-02-19 10:17:44.400,4057.0000,23943,0,2854354860.000,0,-,-,-,-,4057.2000,4057.0000,4056.8000,4056.6000,4054.6000,4057.8000,4058.0000,4058.2000,4058.8000,4059.0000,1,1,1,1,2,1,2,1,8,2
SF,IF2006,2020-02-19 10:17:45.900,4057.2000,23942,-1,2855572020.000,1,0,1,双平,S,4057.0000,4056.8000,4056.6000,4054.6000,4053.8000,4057.8000,4058.0000,4058.2000,4058.8000,4059.0000,1,1,1,2,1,1,2,1,8,2
SF,IF2006,2020-02-19 10:17:46.400,4057.2000,23942,0,2855572020.000,0,-,-,-,-,4057.0000,4056.8000,4056.6000,4054.6000,4053.8000,4057.8000,4058.0000,4058.2000,4058.8000,4059.0000,1,1,1,2,1,1,2,1,8,2
SF,IF2006,2020-02-19 10:17:46.900,4057.2000,23942,0,2855572020.000,0,-,-,-,-,4057.0000,4056.8000,4056.6000,4054.6000,4053.8000,4057.8000,4058.0000,4058.2000,4058.8000,4059.0000,1,1,1,2,1,1,2,1,8,2
SF,IF2006,2020-02-19 10:17:47.900,4057.8000,23943,1,2856789360.000,1,1,0,双开,S,4057.0000,4056.8000,4056.6000,4054.6000,4053.8000,4058.0000,4058.2000,4058.8000,4059.0000,4059.2000,1,1,1,2,1,2,1,8,2,2
SF,IF2006,2020-02-19 10:17:48.400,4057.8000,23943,0,2856789360.000,0,-,-,-,-,4057.0000,4056.8000,4056.6000,4054.6000,4053.8000,4057.6000,4058.0000,4058.2000,4058.8000,4059.0000,1,1,1,2,1,1,2,1,8,2
SF,IF2006,2020-02-19 10:17:51.400,4057.8000,23943,0,2858006700.000,1,0,1,多换,S,4057.0000,4056.8000,4056.6000,4054.6000,4053.8000,4058.0000,4058.2000,4058.8000,4059.0000,4059.2000,1,1,1,2,1,2,1,8,2,2
SF,IF2006,2020-02-19 10:17:54.400,4057.8000,23943,0,2858006700.000,0,-,-,-,-,4057.0000,4056.8000,4056.6000,4054.6000,4053.8000,4058.0000,4058.2000,4058.4000,4058.8000,4059.0000,1,1,1,2,1,2,1,1,8,2
SF,IF2006,2020-02-19 10:17:54.900,4057.8000,23943,0,2858006700.000,0,-,-,-,-,4057.2000,4057.0000,4056.8000,4056.6000,4054.6000,4058.0000,4058.2000,4058.4000,4058.8000,4059.0000,1,1,1,1,2,2,1,1,8,2
SF,IF2006,2020-02-19 10:17:55.400,4057.8000,23943,0,2858006700.000,0,-,-,-,-,4057.2000,4057.0000,4056.8000,4056.6000,4054.6000,4058.0000,4058.2000,4058.4000,4058.8000,4059.0000,1,1,1,1,2,2,1,1,7,2
SF,IF2006,2020-02-19 10:17:56.400,4057.8000,23943,0,2858006700.000,0,-,-,-,-,4057.4000,4057.2000,4057.0000,4056.8000,4056.6000,4058.0000,4058.2000,4058.4000,4058.8000,4059.0000,1,1,1,1,1,2,1,1,7,1
SF,IF2006,2020-02-19 10:17:56.900,4058.2000,23942,-1,2862876240.000,4,1,3,多平,S,4057.4000,4057.0000,4056.8000,4056.6000,4054.6000,4058.4000,4058.8000,4059.0000,4059.2000,4059.6000,1,1,1,1,1,1,7,1,2,3
SF,IF2006,2020-02-19 10:17:57.400,4058.2000,23942,0,2862876240.000,0,-,-,-,-,4057.6000,4057.4000,4057.0000,4056.8000,4056.6000,4058.4000,4058.8000,4059.0000,4059.2000,4059.6000,1,1,1,1,1,1,7,1,2,3
SF,IF2006,2020-02-19 10:17:57.900,4058.2000,23942,0,2862876240.000,0,-,-,-,-,4057.4000,4057.0000,4056.8000,4056.6000,4054.6000,4058.4000,4058.8000,4059.0000,4059.2000,4059.6000,1,1,1,1,1,1,7,1,2,3
SF,IF2006,2020-02-19 10:17:58.400,4058.2000,23942,0,2862876240.000,0,-,-,-,-,4057.0000,4056.8000,4056.6000,4054.6000,4053.8000,4058.2000,4058.4000,4058.8000,4059.0000,4059.2000,1,1,1,1,1,1,1,7,1,2
SF,IF2006,2020-02-19 10:17:58.900,4058.2000,23942,0,2862876240.000,0,-,-,-,-,4057.2000,4057.0000,4056.8000,4056.6000,4054.6000,4058.2000,4058.4000,4058.8000,4059.0000,4059.2000,1,1,1,1,1,1,1,7,1,2
SF,IF2006,2020-02-19 10:17:59.400,4058.2000,23942,0,2862876240.000,0,-,-,-,-,4058.0000,4057.2000,4057.0000,4056.8000,4056.6000,4058.2000,4058.4000,4058.8000,4059.0000,4059.2000,1,1,1,1,1,1,1,7,1,2
SF,IF2006,2020-02-19 10:17:59.900,4058.0000,23941,-1,2864093640.000,1,0,1,双平,S,4057.2000,4057.0000,4056.8000,4056.6000,4054.6000,4058.0000,4058.2000,4058.4000,4058.8000,4059.0000,1,1,1,1,1,1,1,1,7,1
SF,IF2006,2020-02-19 10:18:00.400,4058.0000,23941,0,2864093640.000,0,-,-,-,-,4057.0000,4056.8000,4056.6000,4054.6000,4053.8000,4058.0000,4058.2000,4058.4000,4058.8000,4059.0000,1,1,1,1,1,1,1,1,7,1
SF,IF2006,2020-02-19 10:18:00.900,4058.0000,23941,0,2864093640.000,0,-,-,-,-,4057.0000,4056.6000,4054.6000,4053.8000,4053.4000,4058.0000,4058.2000,4058.4000,4058.8000,4059.0000,2,1,1,1,1,1,1,1,7,1
SF,IF2006,2020-02-19 10:18:01.400,4058.0000,23941,0,2864093640.000,0,-,-,-,-,4057.4000,4057.0000,4056.6000,4054.6000,4053.8000,4058.0000,4058.2000,4058.4000,4058.8000,4059.0000,2,2,1,1,1,1,1,1,7,1
SF,IF2006,2020-02-19 10:18:01.900,4058.0000,23941,0,2864093640.000,0,-,-,-,-,4057.4000,4057.0000,4056.6000,4054.6000,4053.8000,4058.2000,4058.4000,4058.8000,4059.0000,4059.2000,2,2,1,1,1,1,1,7,1,2
SF,IF2006,2020-02-19 10:18:02.400,4058.2000,23940,-1,2865311100.000,1,0,1,双平,S,4057.4000,4057.0000,4056.6000,4054.6000,4053.8000,4058.4000,4058.8000,4059.0000,4059.2000,4059.6000,2,2,1,1,1,1,7,1,2,3
SF,IF2006,2020-02-19 10:18:03.400,4058.2000,23940,0,2865311100.000,0,-,-,-,-,4057.4000,4057.0000,4056.6000,4054.6000,4053.8000,4058.4000,4058.8000,4059.0000,4059.2000,4059.6000,2,2,1,1,1,1,7,1,2,3
SF,IF2006,2020-02-19 10:18:03.900,4058.2000,23940,0,2865311100.000,0,-,-,-,-,4057.4000,4057.0000,4056.6000,4054.6000,4053.8000,4058.2000,4058.4000,4058.8000,4059.0000,4059.2000,2,2,1,1,1,3,1,7,1,2
SF,IF2006,2020-02-19 10:18:04.400,4058.2000,23940,0,2865311100.000,0,-,-,-,-,4057.4000,4057.0000,4056.6000,4054.6000,4053.8000,4058.2000,4058.4000,4058.8000,4059.0000,4059.2000,1,2,1,1,1,2,1,7,1,2
SF,IF2006,2020-02-19 10:18:04.900,4058.2000,23940,0,2865311100.000,0,-,-,-,-,4057.4000,4057.0000,4056.6000,4054.6000,4053.8000,4058.2000,4058.4000,4058.8000,4059.0000,4059.2000,1,2,1,1,1,2,1,7,1,2
SF,IF2006,2020-02-19 10:18:05.400,4058.2000,23940,0,2865311100.000,0,-,-,-,-,4057.4000,4057.0000,4056.6000,4054.6000,4053.8000,4058.2000,4058.4000,4058.8000,4059.0000,4059.2000,1,2,1,1,1,2,1,7,1,2
SF,IF2006,2020-02-19 10:18:07.400,4058.2000,23940,0,2865311100.000,0,-,-,-,-,4058.0000,4057.4000,4057.0000,4056.6000,4054.6000,4058.2000,4058.4000,4058.8000,4059.0000,4059.2000,1,1,2,1,1,2,1,7,1,2
SF,IF2006,2020-02-19 10:18:07.900,4058.0000,23939,-1,2866528500.000,1,0,1,双平,S,4057.4000,4057.0000,4056.6000,4054.6000,4053.8000,4058.0000,4058.4000,4058.8000,4059.0000,4059.2000,1,2,1,1,1,1,1,7,1,2
SF,IF2006,2020-02-19 10:18:08.900,4058.0000,23939,0,2866528500.000,0,-,-,-,-,4057.4000,4057.0000,4056.6000,4054.6000,4053.8000,4057.8000,4058.0000,4058.4000,4058.8000,4059.0000,1,2,1,1,1,2,2,1,7,1
SF,IF2006,2020-02-19 10:18:09.400,4057.4000,23939,0,2867745720.000,1,0,1,多换,S,4057.0000,4056.6000,4054.6000,4053.8000,4053.4000,4057.8000,4058.0000,4058.4000,4058.8000,4059.0000,2,1,1,1,1,2,2,1,7,1
SF,IF2006,2020-02-19 10:18:09.900,4057.0000,23939,0,2868962820.000,1,0,1,多换,S,4057.0000,4056.6000,4054.6000,4053.8000,4053.4000,4057.4000,4057.8000,4058.0000,4058.4000,4058.8000,1,1,1,1,1,1,1,2,1,7
SF,IF2006,2020-02-19 10:18:10.400,4057.4000,23938,-1,2872614300.000,3,1,2,多平,S,4056.6000,4054.6000,4053.8000,4053.4000,4053.0000,4058.0000,4058.4000,4058.8000,4059.0000,4059.2000,1,1,1,1,1,2,1,7,1,2
SF,IF2006,2020-02-19 10:18:10.900,4057.4000,23938,0,2872614300.000,0,-,-,-,-,4056.8000,4056.6000,4054.6000,4053.8000,4053.4000,4057.6000,4057.8000,4058.0000,4058.4000,4058.8000,1,1,1,1,1,1,3,2,1,7
SF,IF2006,2020-02-19 10:18:11.400,4057.4000,23938,0,2872614300.000,0,-,-,-,-,4056.8000,4056.6000,4054.6000,4053.8000,4053.4000,4057.8000,4058.0000,4058.4000,4058.8000,4059.0000,1,1,1,1,1,3,2,1,7,1
SF,IF2006,2020-02-19 10:18:11.900,4057.4000,23938,0,2872614300.000,0,-,-,-,-,4056.8000,4056.6000,4054.6000,4053.8000,4053.4000,4057.6000,4057.8000,4058.0000,4058.4000,4058.8000,1,1,1,1,1,1,3,2,1,6
SF,IF2006,2020-02-19 10:18:12.400,4057.4000,23938,0,2872614300.000,0,-,-,-,-,4056.8000,4056.6000,4054.6000,4053.8000,4053.4000,4057.4000,4057.8000,4058.0000,4058.4000,4058.8000,1,1,1,1,1,1,3,2,1,6
SF,IF2006,2020-02-19 10:18:13.400,4057.4000,23938,0,2872614300.000,0,-,-,-,-,4056.8000,4056.6000,4054.6000,4053.8000,4053.4000,4057.4000,4057.8000,4058.0000,4058.4000,4058.8000,1,1,1,1,1,1,2,2,1,6
SF,IF2006,2020-02-19 10:18:13.900,4056.8000,23937,-1,2873831340.000,1,0,1,双平,S,4056.6000,4054.6000,4053.8000,4053.4000,4053.0000,4057.4000,4057.8000,4058.0000,4058.4000,4058.8000,1,1,1,1,1,1,2,2,1,6
SF,IF2006,2020-02-19 10:18:14.400,4056.8000,23937,0,2873831340.000,0,-,-,-,-,4056.6000,4054.6000,4053.8000,4053.4000,4053.0000,4057.4000,4057.8000,4058.0000,4058.4000,4058.8000,1,1,1,1,1,1,2,1,1,6
SF,IF2006,2020-02-19 10:18:15.900,4056.8000,23937,0,2873831340.000,0,-,-,-,-,4056.6000,4054.6000,4053.8000,4053.4000,4053.0000,4057.4000,4057.8000,4058.0000,4058.4000,4058.8000,1,1,1,1,1,1,2,1,1,6
SF,IF2006,2020-02-19 10:18:16.900,4056.8000,23937,0,2873831340.000,0,-,-,-,-,4056.6000,4054.6000,4053.8000,4053.4000,4053.0000,4057.4000,4057.8000,4058.0000,4058.4000,4058.8000,1,1,1,1,1,2,1,1,1,6
SF,IF2006,2020-02-19 10:18:17.400,4056.8000,23937,0,2873831340.000,0,-,-,-,-,4056.6000,4055.4000,4054.6000,4053.8000,4053.4000,4057.4000,4057.8000,4058.0000,4058.4000,4058.8000,1,1,1,1,1,2,1,1,1,6
SF,IF2006,2020-02-19 10:18:17.900,4056.8000,23937,0,2873831340.000,0,-,-,-,-,4056.6000,4055.4000,4054.6000,4053.8000,4053.4000,4057.2000,4057.4000,4057.8000,4058.0000,4058.4000,1,1,1,1,1,1,2,1,1,1
SF,IF2006,2020-02-19 10:18:19.400,4056.8000,23937,0,2873831340.000,0,-,-,-,-,4056.6000,4055.4000,4054.6000,4053.8000,4053.4000,4057.4000,4057.8000,4058.0000,4058.4000,4058.6000,1,1,1,1,1,2,1,1,1,2
SF,IF2006,2020-02-19 10:18:20.400,4057.4000,23938,1,2875048560.000,1,1,0,双开,S,4056.6000,4055.4000,4054.6000,4053.8000,4053.4000,4057.4000,4057.8000,4058.0000,4058.4000,4058.8000,2,1,1,1,1,1,1,1,1,6
SF,IF2006,2020-02-19 10:18:21.400,4057.4000,23939,1,2876265780.000,1,1,0,双开,S,4056.6000,4055.4000,4054.6000,4053.8000,4053.4000,4057.8000,4058.0000,4058.4000,4058.8000,4059.0000,2,1,1,1,1,1,1,1,6,1
SF,IF2006,2020-02-19 10:18:21.900,4057.4000,23939,0,2876265780.000,0,-,-,-,-,4056.8000,4056.6000,4055.4000,4054.6000,4053.8000,4058.0000,4058.4000,4058.8000,4059.0000,4059.2000,5,2,1,1,1,1,1,6,1,2
SF,IF2006,2020-02-19 10:18:22.400,4057.4000,23939,0,2876265780.000,0,-,-,-,-,4057.0000,4056.8000,4056.6000,4055.4000,4054.6000,4058.0000,4058.4000,4058.8000,4059.0000,4059.2000,1,4,2,1,1,1,1,6,1,2
SF,IF2006,2020-02-19 10:18:22.900,4057.4000,23939,0,2876265780.000,0,-,-,-,-,4056.8000,4056.6000,4055.4000,4055.2000,4054.6000,4057.8000,4058.0000,4058.4000,4058.8000,4059.0000,3,2,1,1,1,1,1,1,6,1
SF,IF2006,2020-02-19 10:18:23.400,4057.4000,23939,0,2876265780.000,0,-,-,-,-,4057.0000,4056.8000,4056.6000,4055.4000,4055.2000,4057.8000,4058.0000,4058.4000,4058.8000,4059.0000,1,3,2,1,1,1,1,1,6,1
SF,IF2006,2020-02-19 10:18:23.900,4057.4000,23939,0,2876265780.000,0,-,-,-,-,4056.8000,4056.6000,4055.4000,4055.2000,4054.6000,4057.8000,4058.0000,4058.4000,4058.8000,4059.0000,3,2,1,1,1,1,1,1,6,1
SF,IF2006,2020-02-19 10:18:24.400,4057.4000,23939,0,2876265780.000,0,-,-,-,-,4056.8000,4056.6000,4055.4000,4055.2000,4054.6000,4057.8000,4058.0000,4058.4000,4058.8000,4059.0000,3,2,1,1,1,1,1,1,6,1
SF,IF2006,2020-02-19 10:18:24.900,4057.4000,23939,0,2876265780.000,0,-,-,-,-,4057.2000,4057.0000,4056.8000,4056.6000,4055.4000,4058.0000,4058.4000,4058.8000,4059.0000,4059.2000,1,4,2,2,1,1,1,6,1,2
SF,IF2006,2020-02-19 10:18:25.400,4057.4000,23939,0,2876265780.000,0,-,-,-,-,4057.4000,4057.2000,4057.0000,4056.8000,4056.6000,4058.0000,4058.4000,4058.8000,4059.0000,4059.2000,1,1,2,2,2,1,1,6,1,2
SF,IF2006,2020-02-19 10:18:25.900,4057.4000,23939,0,2876265780.000,0,-,-,-,-,4057.2000,4057.0000,4056.8000,4056.6000,4055.4000,4058.0000,4058.4000,4058.8000,4059.0000,4059.2000,1,2,2,2,1,1,1,6,1,2
SF,IF2006,2020-02-19 10:18:26.900,4057.4000,23939,0,2876265780.000,0,-,-,-,-,4057.4000,4057.2000,4057.0000,4056.8000,4056.6000,4058.0000,4058.4000,4058.8000,4059.0000,4059.2000,1,1,2,2,2,1,1,6,1,2
SF,IF2006,2020-02-19 10:18:27.400,4058.0000,23938,-1,2877483180.000,1,0,1,双平,S,4057.4000,4057.2000,4057.0000,4056.8000,4056.6000,4058.4000,4058.6000,4058.8000,4059.0000,4059.2000,1,1,2,2,2,1,1,6,1,2
SF,IF2006,2020-02-19 10:18:30.400,4058.0000,23938,0,2877483180.000,0,-,-,-,-,4057.4000,4057.0000,4056.8000,4056.6000,4055.4000,4058.2000,4058.4000,4058.6000,4058.8000,4059.0000,1,2,2,2,1,1,1,1,6,1
SF,IF2006,2020-02-19 10:18:30.900,4058.0000,23938,0,2877483180.000,0,-,-,-,-,4057.0000,4056.8000,4056.6000,4055.4000,4055.2000,4058.2000,4058.4000,4058.6000,4058.8000,4059.0000,2,2,2,1,1,1,1,1,6,1
SF,IF2006,2020-02-19 10:18:31.400,4058.0000,23938,0,2877483180.000,0,-,-,-,-,4057.0000,4056.8000,4056.6000,4055.4000,4055.2000,4058.0000,4058.2000,4058.4000,4058.6000,4058.8000,1,2,2,1,1,1,1,1,1,6
SF,IF2006,2020-02-19 10:18:31.900,4058.0000,23938,0,2877483180.000,0,-,-,-,-,4057.2000,4057.0000,4056.8000,4056.6000,4055.4000,4058.0000,4058.2000,4058.4000,4058.6000,4058.8000,1,1,2,2,1,1,1,1,1,6
SF,IF2006,2020-02-19 10:18:32.400,4057.0000,23937,-1,2879917440.000,2,0,2,多平,S,4056.8000,4056.6000,4055.4000,4055.2000,4053.8000,4057.8000,4058.4000,4058.6000,4058.8000,4059.0000,2,2,1,1,1,2,1,1,7,1
SF,IF2006,2020-02-19 10:18:32.900,4057.0000,23937,0,2879917440.000,0,-,-,-,-,4056.8000,4056.6000,4055.4000,4055.2000,4053.8000,4057.6000,4057.8000,4058.4000,4058.6000,4058.8000,1,2,1,1,1,1,2,1,1,7
SF,IF2006,2020-02-19 10:18:33.400,4057.0000,23937,0,2879917440.000,0,-,-,-,-,4056.8000,4056.6000,4055.4000,4055.2000,4053.8000,4057.8000,4058.4000,4058.6000,4058.8000,4059.0000,1,2,1,1,1,2,1,1,7,1
SF,IF2006,2020-02-19 10:18:33.900,4057.0000,23937,0,2879917440.000,0,-,-,-,-,4056.8000,4056.6000,4055.4000,4055.2000,4053.8000,4057.8000,4058.4000,4058.6000,4058.8000,4059.0000,1,2,1,1,1,1,1,1,7,1
SF,IF2006,2020-02-19 10:18:35.900,4057.0000,23937,0,2879917440.000,0,-,-,-,-,4057.0000,4056.8000,4056.6000,4055.4000,4055.2000,4057.8000,4058.4000,4058.6000,4058.8000,4059.0000,1,1,2,1,1,1,1,1,7,1
SF,IF2006,2020-02-19 10:18:36.400,4057.0000,23937,0,2879917440.000,0,-,-,-,-,4056.8000,4056.6000,4055.4000,4055.2000,4053.8000,4057.8000,4058.0000,4058.4000,4058.6000,4058.8000,1,2,1,1,1,1,1,1,1,7
SF,IF2006,2020-02-19 10:18:36.900,4057.0000,23937,0,2879917440.000,0,-,-,-,-,4057.0000,4056.8000,4056.6000,4055.4000,4055.2000,4057.8000,4058.0000,4058.4000,4058.6000,4058.8000,8,1,2,1,1,1,1,1,1,7
SF,IF2006,2020-02-19 10:18:37.400,4057.8000,23937,0,2881134780.000,1,0,1,多换,S,4057.2000,4057.0000,4056.8000,4056.6000,4055.4000,4058.0000,4058.4000,4058.6000,4058.8000,4059.0000,7,7,1,2,1,1,1,1,7,1
SF,IF2006,2020-02-19 10:18:37.900,4058.0000,23937,0,2882352180.000,1,0,1,多换,S,4057.4000,4057.2000,4057.0000,4056.8000,4056.6000,4058.4000,4058.6000,4058.8000,4059.0000,4059.2000,3,7,5,1,2,1,1,7,1,2
SF,IF2006,2020-02-19 10:18:38.400,4058.0000,23937,0,2882352180.000,0,-,-,-,-,4057.4000,4057.2000,4057.0000,4056.6000,4055.4000,4058.4000,4058.6000,4058.8000,4059.0000,4059.2000,3,7,5,2,1,1,1,8,1,2
SF,IF2006,2020-02-19 10:18:38.900,4058.0000,23937,0,2882352180.000,0,-,-,-,-,4057.4000,4057.2000,4057.0000,4056.6000,4055.4000,4058.4000,4058.6000,4058.8000,4059.0000,4059.2000,3,7,5,2,1,1,1,8,1,2
SF,IF2006,2020-02-19 10:18:39.900,4058.0000,23937,0,2882352180.000,0,-,-,-,-,4057.8000,4057.6000,4057.4000,4057.2000,4057.0000,4058.4000,4058.6000,4058.8000,4059.0000,4059.2000,5,2,3,7,5,1,1,8,1,2
SF,IF2006,2020-02-19 10:18:40.400,4058.0000,23937,0,2882352180.000,0,-,-,-,-,4057.8000,4057.6000,4057.4000,4057.2000,4057.0000,4058.4000,4058.6000,4058.8000,4059.0000,4059.2000,6,2,3,7,5,1,1,8,1,2
SF,IF2006,2020-02-19 10:18:40.900,4058.0000,23937,0,2882352180.000,0,-,-,-,-,4058.0000,4057.8000,4057.6000,4057.4000,4057.2000,4058.4000,4058.6000,4058.8000,4059.0000,4059.2000,1,6,1,2,6,1,1,8,1,2
SF,IF2006,2020-02-19 10:18:41.400,4057.8000,23937,0,2883569520.000,1,0,1,多换,S,4057.4000,4057.2000,4057.0000,4056.6000,4055.4000,4058.0000,4058.4000,4058.6000,4058.8000,4059.0000,2,5,5,1,1,1,1,1,8,1
SF,IF2006,2020-02-19 10:18:41.900,4057.8000,23937,0,2883569520.000,0,-,-,-,-,4057.6000,4057.4000,4057.2000,4057.0000,4056.6000,4058.0000,4058.4000,4058.6000,4058.8000,4059.0000,6,1,5,5,1,1,1,1,8,1
SF,IF2006,2020-02-19 10:18:42.400,4057.8000,23937,0,2883569520.000,0,-,-,-,-,4056.6000,4055.4000,4055.2000,4053.4000,4053.0000,4058.0000,4058.4000,4058.6000,4058.8000,4059.0000,1,1,1,1,1,1,1,1,8,1
SF,IF2006,2020-02-19 10:18:42.900,4057.8000,23937,0,2883569520.000,0,-,-,-,-,4056.8000,4056.6000,4055.4000,4055.2000,4053.4000,4058.0000,4058.4000,4058.6000,4058.8000,4059.0000,2,1,1,1,1,1,1,1,8,1
SF,IF2006,2020-02-19 10:18:43.400,4057.8000,23937,0,2883569520.000,0,-,-,-,-,4056.8000,4056.6000,4055.4000,4055.2000,4053.4000,4058.0000,4058.4000,4058.6000,4058.8000,4059.0000,1,1,1,1,1,1,1,1,8,1
SF,IF2006,2020-02-19 10:18:43.900,4057.8000,23937,0,2883569520.000,0,-,-,-,-,4057.0000,4056.8000,4056.6000,4055.4000,4055.2000,4058.0000,4058.6000,4058.8000,4059.0000,4059.2000,7,1,1,1,1,1,1,8,1,2
SF,IF2006,2020-02-19 10:18:44.400,4057.8000,23937,0,2883569520.000,0,-,-,-,-,4057.0000,4056.8000,4056.6000,4055.4000,4055.2000,4058.6000,4058.8000,4059.0000,4059.2000,4059.6000,7,1,1,1,1,1,8,1,2,3
SF,IF2006,2020-02-19 10:18:44.900,4057.8000,23937,0,2883569520.000,0,-,-,-,-,4057.2000,4057.0000,4056.6000,4055.4000,4055.2000,4058.4000,4058.6000,4058.8000,4059.0000,4059.2000,2,6,1,1,1,1,1,8,1,2
SF,IF2006,2020-02-19 10:18:45.400,4057.8000,23937,0,2883569520.000,0,-,-,-,-,4057.4000,4057.2000,4057.0000,4056.6000,4055.4000,4058.4000,4058.6000,4058.8000,4059.0000,4059.2000,1,1,5,1,1,1,1,8,1,2
SF,IF2006,2020-02-19 10:18:46.900,4057.8000,23937,0,2883569520.000,0,-,-,-,-,4057.6000,4057.4000,4057.2000,4057.0000,4056.6000,4058.4000,4058.6000,4058.8000,4059.0000,4059.2000,5,2,1,5,1,1,1,8,1,2
SF,IF2006,2020-02-19 10:18:47.400,4057.8000,23937,0,2883569520.000,0,-,-,-,-,4057.4000,4057.2000,4057.0000,4056.6000,4055.4000,4058.6000,4058.8000,4059.0000,4059.2000,4059.6000,2,1,5,1,1,1,8,1,2,3
SF,IF2006,2020-02-19 10:18:47.900,4057.8000,23937,0,2883569520.000,0,-,-,-,-,4057.6000,4057.4000,4057.0000,4056.6000,4055.4000,4058.6000,4058.8000,4059.0000,4059.2000,4059.6000,1,2,5,1,1,1,8,1,2,3
SF,IF2006,2020-02-19 10:18:48.400,4057.8000,23937,0,2883569520.000,0,-,-,-,-,4057.8000,4057.6000,4057.4000,4057.0000,4056.6000,4058.6000,4058.8000,4059.0000,4059.2000,4059.6000,1,1,1,5,1,1,8,1,2,3
SF,IF2006,2020-02-19 10:18:49.400,4057.8000,23937,0,2883569520.000,0,-,-,-,-,4058.0000,4057.8000,4057.6000,4057.4000,4057.0000,4058.6000,4058.8000,4059.0000,4059.2000,4059.6000,5,1,2,1,5,1,8,1,2,3
SF,IF2006,2020-02-19 10:18:49.900,4058.6000,23937,0,2884787100.000,1,0,1,多换,S,4057.8000,4057.6000,4057.4000,4057.0000,4056.6000,4058.8000,4059.0000,4059.2000,4059.6000,4059.8000,1,1,1,5,1,8,1,2,3,1
SF,IF2006,2020-02-19 10:18:50.900,4058.6000,23937,0,2884787100.000,0,-,-,-,-,4057.8000,4057.6000,4057.4000,4057.0000,4056.6000,4058.0000,4058.8000,4059.0000,4059.2000,4059.6000,1,1,1,5,1,2,8,1,2,3
SF,IF2006,2020-02-19 10:18:51.400,4058.8000,23936,-1,2888439540.000,3,1,2,多平,S,4057.6000,4057.4000,4057.0000,4056.6000,4055.4000,4058.8000,4059.0000,4059.2000,4059.6000,4059.8000,2,1,5,1,1,7,1,2,3,1
SF,IF2006,2020-02-19 10:18:51.900,4058.8000,23936,0,2888439540.000,0,-,-,-,-,4058.0000,4057.8000,4057.6000,4057.4000,4057.0000,4058.8000,4059.0000,4059.2000,4059.6000,4059.8000,5,8,2,1,5,7,1,2,3,1
SF,IF2006,2020-02-19 10:18:52.400,4058.8000,23936,0,2888439540.000,0,-,-,-,-,4057.8000,4057.6000,4057.4000,4057.0000,4056.6000,4058.8000,4059.0000,4059.2000,4059.6000,4059.8000,8,2,1,5,1,7,1,2,3,1
SF,IF2006,2020-02-19 10:18:52.900,4058.8000,23936,0,2888439540.000,0,-,-,-,-,4057.8000,4057.6000,4057.4000,4057.0000,4056.6000,4058.8000,4059.0000,4059.2000,4059.6000,4059.8000,1,1,1,5,1,7,1,2,3,1
SF,IF2006,2020-02-19 10:18:54.400,4058.8000,23936,0,2888439540.000,0,-,-,-,-,4057.8000,4057.6000,4057.4000,4057.0000,4056.6000,4058.8000,4059.0000,4059.2000,4059.6000,4059.8000,1,2,1,5,1,7,1,2,3,1
SF,IF2006,2020-02-19 10:18:54.900,4058.8000,23936,0,2888439540.000,0,-,-,-,-,4058.0000,4057.8000,4057.6000,4057.4000,4057.0000,4058.8000,4059.0000,4059.2000,4059.6000,4059.8000,7,1,1,1,5,7,1,2,3,1
SF,IF2006,2020-02-19 10:18:55.400,4058.8000,23936,0,2888439540.000,0,-,-,-,-,4058.0000,4057.8000,4057.4000,4057.0000,4056.6000,4058.8000,4059.0000,4059.2000,4059.6000,4059.8000,1,1,1,5,1,7,1,2,3,1
SF,IF2006,2020-02-19 10:18:55.900,4058.8000,23936,0,2889657180.000,1,0,1,多换,S,4058.2000,4058.0000,4057.8000,4057.4000,4057.0000,4058.8000,4059.0000,4059.2000,4059.6000,4059.8000,5,1,1,1,5,6,1,2,3,1
SF,IF2006,2020-02-19 10:18:56.400,4058.8000,23936,0,2889657180.000,0,-,-,-,-,4058.0000,4057.8000,4057.4000,4056.6000,4055.4000,4058.8000,4059.0000,4059.2000,4059.6000,4059.8000,1,1,1,1,1,6,1,2,3,1
SF,IF2006,2020-02-19 10:18:56.900,4058.8000,23936,0,2889657180.000,0,-,-,-,-,4058.4000,4058.2000,4058.0000,4057.8000,4057.4000,4058.8000,4059.0000,4059.2000,4059.6000,4059.8000,5,4,1,1,1,6,1,2,3,1
SF,IF2006,2020-02-19 10:18:57.400,4059.0000,23934,-2,2898180720.000,7,2,5,多平,S,4059.0000,4058.6000,4058.4000,4058.2000,4058.0000,4059.2000,4059.6000,4059.8000,4060.0000,4060.4000,4,1,5,1,1,2,3,1,12,2
SF,IF2006,2020-02-19 10:18:57.900,4059.2000,23932,-2,2900616240.000,2,0,2,双平,S,4058.6000,4058.4000,4058.2000,4058.0000,4057.4000,4059.6000,4059.8000,4060.0000,4060.4000,4060.8000,1,5,1,1,1,3,1,12,2,3
SF,IF2006,2020-02-19 10:18:58.400,4059.2000,23932,0,2900616240.000,0,-,-,-,-,4058.8000,4058.6000,4058.4000,4058.2000,4058.0000,4059.6000,4059.8000,4060.0000,4060.4000,4060.8000,6,1,5,1,1,3,1,12,2,3
SF,IF2006,2020-02-19 10:18:58.900,4059.2000,23932,0,2900616240.000,0,-,-,-,-,4059.0000,4058.8000,4058.4000,4058.2000,4058.0000,4059.6000,4059.8000,4060.0000,4060.4000,4060.8000,6,6,5,1,1,3,1,12,2,3
SF,IF2006,2020-02-19 10:18:59.400,4059.6000,23931,-1,2901834120.000,1,0,1,双平,S,4059.2000,4059.0000,4058.8000,4058.4000,4058.2000,4059.6000,4059.8000,4060.0000,4060.4000,4060.8000,5,6,5,5,1,2,2,12,2,3
SF,IF2006,2020-02-19 10:18:59.900,4059.6000,23931,0,2901834120.000,0,-,-,-,-,4059.4000,4059.2000,4059.0000,4058.8000,4058.4000,4059.6000,4059.8000,4060.0000,4060.4000,4060.8000,1,5,6,5,5,2,2,12,2,3
SF,IF2006,2020-02-19 10:19:00.400,4059.6000,23931,0,2904269880.000,2,1,1,多换,S,4059.4000,4059.2000,4059.0000,4058.8000,4058.4000,4059.8000,4060.0000,4060.4000,4060.8000,4061.2000,1,5,6,5,5,2,12,2,3,2
SF,IF2006,2020-02-19 10:19:00.900,4059.6000,23929,-2,2906705640.000,2,0,2,双平,S,4059.6000,4059.4000,4059.0000,4058.8000,4058.4000,4059.8000,4060.0000,4060.4000,4060.8000,4061.2000,2,1,1,5,5,2,12,2,3,2
SF,IF2006,2020-02-19 10:19:01.400,4059.6000,23929,0,2909141400.000,2,1,1,多换,S,4059.4000,4059.0000,4058.8000,4058.2000,4058.0000,4059.6000,4059.8000,4060.0000,4060.4000,4060.8000,1,1,5,1,1,1,2,12,2,3
SF,IF2006,2020-02-19 10:19:01.900,4059.4000,23931,2,2912794740.000,3,2,1,空开,S,4059.0000,4058.8000,4058.2000,4058.0000,4057.4000,4059.8000,4060.0000,4060.4000,4060.8000,4061.2000,1,5,1,1,1,2,12,2,3,2
SF,IF2006,2020-02-19 10:19:02.900,4059.4000,23931,0,2912794740.000,0,-,-,-,-,4059.0000,4058.2000,4058.0000,4057.4000,4056.6000,4059.8000,4060.0000,4060.4000,4060.8000,4061.2000,1,1,1,1,1,2,12,2,3,2
SF,IF2006,2020-02-19 10:19:03.400,4059.8000,23930,-1,2914012680.000,1,0,1,双平,S,4059.0000,4058.2000,4058.0000,4057.4000,4056.6000,4059.8000,4060.0000,4060.4000,4060.8000,4061.2000,1,1,1,1,1,1,12,2,3,2
SF,IF2006,2020-02-19 10:19:05.400,4059.8000,23930,0,2914012680.000,0,-,-,-,-,4059.0000,4058.2000,4058.0000,4057.4000,4056.6000,4059.6000,4059.8000,4060.0000,4060.4000,4060.8000,1,1,1,1,1,2,1,12,2,3
SF,IF2006,2020-02-19 10:19:06.900,4059.8000,23930,0,2914012680.000,0,-,-,-,-,4059.0000,4058.2000,4058.0000,4056.6000,4055.4000,4059.6000,4059.8000,4060.0000,4060.4000,4060.8000,1,1,1,1,1,2,1,12,2,3
SF,IF2006,2020-02-19 10:19:07.400,4059.8000,23930,0,2914012680.000,0,-,-,-,-,4059.0000,4058.2000,4058.0000,4056.6000,4055.4000,4059.6000,4059.8000,4060.0000,4060.2000,4060.4000,1,1,1,1,1,2,1,12,8,2
SF,IF2006,2020-02-19 10:19:09.900,4059.0000,23930,0,2915230380.000,1,0,1,多换,S,4058.2000,4058.0000,4056.6000,4055.4000,4055.2000,4059.6000,4059.8000,4060.0000,4060.2000,4060.4000,1,1,1,1,1,2,1,12,9,2
SF,IF2006,2020-02-19 10:19:10.400,4059.0000,23930,0,2915230380.000,0,-,-,-,-,4058.4000,4058.0000,4056.6000,4055.4000,4055.2000,4059.4000,4059.6000,4059.8000,4060.0000,4060.2000,5,1,1,1,1,1,2,1,12,9
SF,IF2006,2020-02-19 10:19:10.900,4059.0000,23930,0,2915230380.000,0,-,-,-,-,4058.0000,4056.6000,4055.4000,4055.2000,4053.4000,4059.4000,4059.6000,4059.8000,4060.0000,4060.2000,1,1,1,1,1,1,2,1,12,9
SF,IF2006,2020-02-19 10:19:11.400,4059.0000,23930,0,2915230380.000,0,-,-,-,-,4058.4000,4058.0000,4056.6000,4055.4000,4055.2000,4059.4000,4059.6000,4059.8000,4060.0000,4060.2000,2,1,1,1,1,1,2,1,12,9
SF,IF2006,2020-02-19 10:19:11.900,4059.0000,23930,0,2915230380.000,0,-,-,-,-,4058.0000,4056.6000,4055.4000,4055.2000,4053.4000,4059.4000,4059.6000,4059.8000,4060.0000,4060.2000,1,1,1,1,1,1,2,1,12,9
SF,IF2006,2020-02-19 10:19:12.400,4059.0000,23930,0,2915230380.000,0,-,-,-,-,4058.4000,4058.2000,4058.0000,4056.6000,4055.4000,4059.4000,4059.6000,4059.8000,4060.0000,4060.2000,3,3,1,1,1,1,2,1,12,9
SF,IF2006,2020-02-19 10:19:12.900,4059.0000,23930,0,2915230380.000,0,-,-,-,-,4058.2000,4058.0000,4056.6000,4055.4000,4055.2000,4059.2000,4059.4000,4059.6000,4059.8000,4060.0000,3,1,1,1,1,1,1,2,1,12
SF,IF2006,2020-02-19 10:19:13.400,4059.0000,23930,0,2915230380.000,0,-,-,-,-,4058.2000,4058.0000,4056.6000,4055.4000,4055.2000,4059.2000,4059.4000,4059.6000,4059.8000,4060.0000,3,1,1,1,1,1,1,1,1,12
SF,IF2006,2020-02-19 10:19:13.900,4059.0000,23930,0,2915230380.000,0,-,-,-,-,4058.2000,4058.0000,4056.6000,4055.4000,4055.2000,4059.4000,4059.6000,4059.8000,4060.0000,4060.2000,3,1,1,1,1,1,1,1,12,9
SF,IF2006,2020-02-19 10:19:14.400,4059.0000,23930,0,2915230380.000,0,-,-,-,-,4058.2000,4058.0000,4056.6000,4055.4000,4055.2000,4059.2000,4059.4000,4059.6000,4059.8000,4060.0000,3,1,1,1,1,1,1,1,1,12
SF,IF2006,2020-02-19 10:19:14.900,4059.0000,23930,0,2915230380.000,0,-,-,-,-,4058.2000,4058.0000,4056.6000,4055.4000,4055.2000,4059.4000,4059.6000,4059.8000,4060.0000,4060.2000,3,1,1,1,1,1,1,1,12,9
SF,IF2006,2020-02-19 10:19:15.400,4059.0000,23930,0,2915230380.000,0,-,-,-,-,4058.2000,4058.0000,4056.6000,4055.4000,4055.2000,4059.2000,4059.4000,4059.6000,4059.8000,4060.0000,3,1,1,1,1,2,1,1,1,12
SF,IF2006,2020-02-19 10:19:15.900,4059.0000,23930,0,2915230380.000,0,-,-,-,-,4058.2000,4058.0000,4056.6000,4055.4000,4055.2000,4059.4000,4059.6000,4059.8000,4060.0000,4060.2000,3,1,1,1,1,1,1,1,12,9
SF,IF2006,2020-02-19 10:19:16.900,4059.0000,23930,0,2915230380.000,0,-,-,-,-,4058.2000,4058.0000,4056.6000,4055.4000,4055.2000,4059.0000,4059.4000,4059.6000,4059.8000,4060.0000,3,1,1,1,1,1,1,1,1,12
SF,IF2006,2020-02-19 10:19:18.400,4059.0000,23930,0,2915230380.000,0,-,-,-,-,4058.4000,4058.2000,4058.0000,4056.6000,4055.4000,4059.0000,4059.4000,4059.6000,4059.8000,4060.0000,5,3,1,1,1,1,1,1,1,12
SF,IF2006,2020-02-19 10:19:18.900,4059.0000,23929,-1,2916448080.000,1,0,1,双平,S,4058.4000,4058.2000,4058.0000,4056.6000,4055.4000,4059.6000,4059.8000,4060.0000,4060.2000,4060.4000,6,2,1,1,1,1,1,12,9,2
SF,IF2006,2020-02-19 10:19:19.400,4059.0000,23929,0,2916448080.000,0,-,-,-,-,4058.6000,4058.4000,4058.2000,4058.0000,4056.6000,4059.4000,4059.6000,4059.8000,4060.0000,4060.2000,1,6,2,1,1,1,1,1,12,9
SF,IF2006,2020-02-19 10:19:19.900,4059.0000,23929,0,2916448080.000,0,-,-,-,-,4058.4000,4058.2000,4058.0000,4056.6000,4055.4000,4059.4000,4059.6000,4059.8000,4060.0000,4060.2000,6,2,1,1,1,1,1,1,12,9
SF,IF2006,2020-02-19 10:19:20.400,4058.4000,23929,0,2917665600.000,1,0,1,多换,S,4058.2000,4058.0000,4056.6000,4055.4000,4055.2000,4058.8000,4059.2000,4059.6000,4059.8000,4060.0000,2,1,1,1,1,1,4,1,1,12
SF,IF2006,2020-02-19 10:19:20.900,4058.2000,23929,0,2920100520.000,2,1,1,多换,S,4056.6000,4055.4000,4055.2000,4053.4000,4053.0000,4058.4000,4059.2000,4059.8000,4060.0000,4060.2000,1,1,1,1,2,1,1,1,12,9
SF,IF2006,2020-02-19 10:19:21.400,4058.2000,23929,0,2921317980.000,1,0,1,多换,S,4057.2000,4057.0000,4056.8000,4056.6000,4055.4000,4058.2000,4058.4000,4059.8000,4060.0000,4060.2000,4,1,5,1,1,1,1,1,12,9
SF,IF2006,2020-02-19 10:19:21.900,4058.2000,23929,0,2921317980.000,0,-,-,-,-,4057.6000,4057.4000,4057.2000,4056.8000,4056.6000,4057.8000,4058.2000,4058.4000,4059.0000,4059.8000,5,2,4,3,1,1,1,1,1,1
SF,IF2006,2020-02-19 10:19:22.400,4057.6000,23928,-1,2927404440.000,5,2,3,多平,S,4057.4000,4057.2000,4056.8000,4056.6000,4055.4000,4058.4000,4059.0000,4059.8000,4060.0000,4060.2000,1,3,2,1,1,1,1,1,12,9
SF,IF2006,2020-02-19 10:19:22.900,4057.4000,23927,-1,2928621660.000,1,0,1,双平,S,4056.8000,4055.4000,4055.2000,4053.4000,4053.0000,4058.2000,4058.4000,4059.0000,4059.8000,4060.0000,1,1,1,1,2,8,1,1,1,12
SF,IF2006,2020-02-19 10:19:23.400,4057.4000,23927,0,2928621660.000,0,-,-,-,-,4055.4000,4055.2000,4053.4000,4053.0000,4052.0000,4057.8000,4058.0000,4058.2000,4058.4000,4059.0000,1,1,1,2,1,2,1,4,1,1
SF,IF2006,2020-02-19 10:19:23.900,4057.4000,23927,0,2928621660.000,0,-,-,-,-,4056.0000,4055.8000,4055.6000,4055.4000,4055.2000,4057.6000,4057.8000,4058.2000,4058.4000,4059.0000,2,2,2,2,1,3,1,1,1,1
SF,IF2006,2020-02-19 10:19:24.400,4057.4000,23927,0,2928621660.000,0,-,-,-,-,4056.2000,4056.0000,4055.8000,4055.4000,4055.2000,4057.4000,4057.6000,4057.8000,4058.4000,4059.0000,2,2,2,2,1,2,2,1,1,1
SF,IF2006,2020-02-19 10:19:24.900,4057.4000,23927,0,2928621660.000,0,-,-,-,-,4056.4000,4056.2000,4056.0000,4055.4000,4055.2000,4057.4000,4057.6000,4057.8000,4058.4000,4059.0000,1,1,1,2,1,1,2,1,1,1
SF,IF2006,2020-02-19 10:19:25.400,4057.4000,23927,0,2928621660.000,0,-,-,-,-,4056.8000,4056.6000,4056.0000,4055.4000,4055.2000,4057.6000,4057.8000,4058.4000,4059.0000,4059.4000,1,1,1,2,1,1,1,1,1,1
SF,IF2006,2020-02-19 10:19:25.900,4057.6000,23926,-1,2929838940.000,1,0,1,双平,S,4056.8000,4056.6000,4055.4000,4055.2000,4053.4000,4058.4000,4059.0000,4059.4000,4059.8000,4060.0000,1,1,2,1,1,1,1,1,1,12
SF,IF2006,2020-02-19 10:19:26.400,4057.6000,23926,0,2929838940.000,0,-,-,-,-,4056.8000,4056.6000,4055.4000,4055.2000,4053.4000,4057.8000,4058.2000,4058.4000,4059.0000,4059.4000,1,1,2,1,1,1,4,1,1,1
SF,IF2006,2020-02-19 10:19:26.900,4057.6000,23926,0,2929838940.000,0,-,-,-,-,4056.8000,4056.6000,4055.4000,4055.2000,4053.4000,4057.8000,4058.2000,4058.4000,4059.0000,4059.4000,1,1,2,1,1,1,4,1,1,1
SF,IF2006,2020-02-19 10:19:27.400,4057.6000,23926,0,2929838940.000,0,-,-,-,-,4056.8000,4056.6000,4055.4000,4055.2000,4053.4000,4057.8000,4058.2000,4058.4000,4059.0000,4059.2000,1,1,2,1,1,1,4,1,1,1
SF,IF2006,2020-02-19 10:19:27.900,4057.6000,23926,0,2929838940.000,0,-,-,-,-,4056.8000,4056.6000,4055.4000,4055.2000,4053.4000,4057.8000,4058.2000,4058.4000,4059.0000,4059.2000,1,1,1,1,1,1,4,1,1,1
SF,IF2006,2020-02-19 10:19:28.400,4057.6000,23926,0,2929838940.000,0,-,-,-,-,4056.8000,4056.6000,4055.4000,4055.2000,4053.4000,4057.8000,4058.2000,4058.4000,4059.0000,4059.2000,1,1,1,1,1,1,4,1,1,1
SF,IF2006,2020-02-19 10:19:29.400,4057.6000,23926,0,2929838940.000,0,-,-,-,-,4056.8000,4056.6000,4055.4000,4055.2000,4053.4000,4057.8000,4058.2000,4058.4000,4059.0000,4059.2000,1,1,1,1,1,1,4,1,1,1
SF,IF2006,2020-02-19 10:19:29.900,4057.6000,23926,0,2929838940.000,0,-,-,-,-,4056.8000,4056.6000,4055.4000,4055.2000,4053.4000,4057.8000,4058.2000,4058.4000,4059.0000,4059.2000,1,1,1,1,1,1,4,1,1,1
SF,IF2006,2020-02-19 10:19:30.400,4057.6000,23926,0,2929838940.000,0,-,-,-,-,4056.8000,4056.6000,4055.4000,4055.2000,4053.4000,4058.2000,4058.4000,4059.0000,4059.2000,4059.4000,1,1,1,1,1,4,1,1,1,1
SF,IF2006,2020-02-19 10:19:30.900,4057.6000,23926,0,2929838940.000,0,-,-,-,-,4056.8000,4056.6000,4055.4000,4055.2000,4053.4000,4058.2000,4058.4000,4059.0000,4059.2000,4059.4000,1,1,1,1,1,3,1,1,1,1
SF,IF2006,2020-02-19 10:19:31.400,4057.6000,23926,0,2929838940.000,0,-,-,-,-,4056.8000,4056.6000,4055.4000,4055.2000,4053.4000,4058.0000,4058.2000,4058.4000,4059.0000,4059.2000,1,1,1,1,1,1,3,1,1,1
SF,IF2006,2020-02-19 10:19:31.900,4057.6000,23926,0,2929838940.000,0,-,-,-,-,4056.8000,4056.6000,4055.4000,4055.2000,4053.4000,4057.8000,4058.0000,4058.2000,4058.4000,4059.0000,1,1,1,1,1,1,1,2,1,1
SF,IF2006,2020-02-19 10:19:32.400,4057.6000,23926,0,2929838940.000,0,-,-,-,-,4056.8000,4056.6000,4055.4000,4055.2000,4053.4000,4057.8000,4058.0000,4058.2000,4058.4000,4059.0000,1,1,1,1,1,1,1,1,1,1
SF,IF2006,2020-02-19 10:19:32.900,4057.6000,23926,0,2929838940.000,0,-,-,-,-,4056.6000,4055.4000,4055.2000,4053.4000,4053.0000,4057.6000,4057.8000,4058.0000,4058.4000,4059.0000,1,1,1,1,2,1,1,1,1,1
SF,IF2006,2020-02-19 10:19:33.400,4057.6000,23926,0,2929838940.000,0,-,-,-,-,4055.4000,4055.2000,4053.4000,4053.0000,4052.0000,4057.4000,4057.6000,4058.0000,4058.4000,4059.0000,1,1,1,2,1,1,1,1,1,1
SF,IF2006,2020-02-19 10:19:33.900,4057.6000,23926,0,2929838940.000,0,-,-,-,-,4056.0000,4055.8000,4055.6000,4055.4000,4055.2000,4057.4000,4058.0000,4058.4000,4059.0000,4059.2000,1,1,6,1,1,1,1,1,1,1
SF,IF2006,2020-02-19 10:19:34.400,4057.6000,23926,0,2929838940.000,0,-,-,-,-,4056.0000,4055.8000,4055.6000,4055.4000,4055.2000,4057.4000,4058.0000,4058.4000,4059.0000,4059.2000,1,1,5,1,1,1,1,1,1,1
SF,IF2006,2020-02-19 10:19:34.900,4057.6000,23926,0,2929838940.000,0,-,-,-,-,4056.2000,4056.0000,4055.8000,4055.6000,4055.4000,4057.0000,4057.4000,4058.0000,4058.4000,4059.0000,1,1,1,4,1,1,1,1,1,1
SF,IF2006,2020-02-19 10:19:35.400,4057.6000,23926,0,2929838940.000,0,-,-,-,-,4056.2000,4056.0000,4055.6000,4055.4000,4055.2000,4057.4000,4058.0000,4058.4000,4059.0000,4059.2000,1,1,4,1,1,1,1,1,1,1
SF,IF2006,2020-02-19 10:19:35.900,4057.6000,23926,0,2929838940.000,0,-,-,-,-,4056.2000,4056.0000,4055.6000,4055.4000,4055.2000,4057.2000,4057.4000,4058.0000,4058.4000,4059.0000,1,1,4,1,1,1,1,1,1,1
SF,IF2006,2020-02-19 10:19:36.900,4057.6000,23926,0,2929838940.000,0,-,-,-,-,4056.2000,4056.0000,4055.6000,4055.4000,4055.2000,4057.2000,4057.4000,4058.0000,4058.4000,4059.0000,1,1,2,1,1,1,1,1,1,1
SF,IF2006,2020-02-19 10:19:38.400,4057.6000,23926,0,2929838940.000,0,-,-,-,-,4056.2000,4056.0000,4055.6000,4055.4000,4055.2000,4057.2000,4057.4000,4058.0000,4059.0000,4059.2000,1,1,2,1,1,1,1,1,1,1
SF,IF2006,2020-02-19 10:19:38.900,4057.6000,23926,0,2929838940.000,0,-,-,-,-,4056.2000,4056.0000,4055.6000,4055.4000,4055.2000,4057.0000,4057.2000,4057.4000,4058.0000,4059.0000,1,1,2,1,1,1,1,1,1,1
SF,IF2006,2020-02-19 10:19:39.400,4057.6000,23926,0,2929838940.000,0,-,-,-,-,4056.2000,4056.0000,4055.6000,4055.4000,4055.2000,4057.0000,4057.4000,4058.0000,4059.0000,4059.2000,1,1,2,1,1,1,1,1,1,1
SF,IF2006,2020-02-19 10:19:39.900,4057.6000,23926,0,2929838940.000,0,-,-,-,-,4056.2000,4056.0000,4055.6000,4055.4000,4055.2000,4057.2000,4057.4000,4058.0000,4059.0000,4059.2000,1,1,2,1,1,1,1,1,1,1
SF,IF2006,2020-02-19 10:19:40.400,4057.6000,23926,0,2929838940.000,0,-,-,-,-,4056.0000,4055.6000,4055.4000,4055.2000,4053.4000,4057.2000,4057.4000,4059.0000,4059.2000,4059.4000,1,2,1,1,1,1,1,1,1,1
SF,IF2006,2020-02-19 10:19:40.900,4057.6000,23926,0,2929838940.000,0,-,-,-,-,4056.0000,4055.6000,4055.4000,4055.2000,4053.4000,4057.0000,4057.2000,4057.4000,4059.0000,4059.2000,1,2,1,1,1,2,1,1,1,1
SF,IF2006,2020-02-19 10:19:41.400,4057.6000,23926,0,2929838940.000,0,-,-,-,-,4055.6000,4055.4000,4055.2000,4053.4000,4053.0000,4056.8000,4057.0000,4057.2000,4059.0000,4059.2000,1,1,1,1,2,2,1,1,1,1
SF,IF2006,2020-02-19 10:19:41.900,4057.6000,23926,0,2929838940.000,0,-,-,-,-,4055.4000,4055.2000,4053.4000,4053.0000,4052.0000,4056.6000,4056.8000,4059.0000,4059.2000,4059.4000,1,1,1,2,1,1,1,1,1,1
SF,IF2006,2020-02-19 10:19:42.400,4057.6000,23926,0,2929838940.000,0,-,-,-,-,4055.4000,4055.2000,4053.4000,4053.0000,4052.0000,4056.0000,4056.4000,4059.0000,4059.2000,4059.4000,1,1,1,2,1,1,4,1,1,1
SF,IF2006,2020-02-19 10:19:42.900,4055.4000,23926,0,2931055560.000,1,0,1,多换,S,4055.2000,4053.4000,4053.0000,4052.0000,4050.0000,4056.0000,4056.4000,4059.0000,4059.2000,4059.4000,1,1,2,1,6,1,2,1,1,1
SF,IF2006,2020-02-19 10:19:44.400,4056.0000,23926,0,2932272360.000,1,0,1,多换,S,4055.2000,4053.4000,4053.0000,4052.0000,4050.0000,4056.4000,4059.0000,4059.2000,4059.4000,4059.8000,1,1,2,1,6,2,1,1,1,1
SF,IF2006,2020-02-19 10:19:44.900,4056.0000,23926,0,2932272360.000,0,-,-,-,-,4055.2000,4053.4000,4053.0000,4052.0000,4050.0000,4056.4000,4059.0000,4059.2000,4059.4000,4059.8000,1,1,2,1,6,1,1,1,1,1
SF,IF2006,2020-02-19 10:19:45.400,4055.4000,23925,-1,2933488980.000,1,0,1,双平,S,4055.4000,4055.2000,4053.4000,4053.0000,4052.0000,4059.0000,4059.2000,4059.4000,4059.8000,4060.0000,3,1,1,2,1,1,1,1,1,14
SF,IF2006,2020-02-19 10:19:45.900,4055.4000,23925,0,2933488980.000,0,-,-,-,-,4056.0000,4055.8000,4055.6000,4055.4000,4055.2000,4057.8000,4058.0000,4058.8000,4059.0000,4059.4000,1,1,8,1,1,3,1,8,1,1
SF,IF2006,2020-02-19 10:19:46.400,4055.4000,23925,0,2933488980.000,0,-,-,-,-,4056.2000,4056.0000,4055.6000,4055.2000,4053.4000,4057.6000,4057.8000,4058.0000,4058.8000,4059.0000,2,1,6,1,1,1,2,1,7,1
SF,IF2006,2020-02-19 10:19:46.900,4055.4000,23925,0,2933488980.000,0,-,-,-,-,4056.2000,4056.0000,4055.6000,4055.2000,4053.4000,4057.6000,4057.8000,4058.0000,4058.8000,4059.0000,2,1,6,1,1,1,2,1,6,1
SF,IF2006,2020-02-19 10:19:47.400,4055.4000,23925,0,2933488980.000,0,-,-,-,-,4056.6000,4056.4000,4056.2000,4055.6000,4055.2000,4057.6000,4057.8000,4058.8000,4059.0000,4059.4000,2,7,1,5,1,1,1,6,1,1
SF,IF2006,2020-02-19 10:19:47.900,4055.4000,23925,0,2933488980.000,0,-,-,-,-,4056.6000,4056.4000,4056.2000,4055.6000,4055.2000,4057.6000,4057.8000,4058.8000,4059.0000,4059.4000,2,2,1,5,1,2,1,6,1,1
SF,IF2006,2020-02-19 10:19:48.400,4055.4000,23925,0,2933488980.000,0,-,-,-,-,4056.6000,4056.2000,4055.6000,4055.2000,4053.4000,4057.6000,4057.8000,4058.8000,4059.0000,4059.4000,2,1,5,1,1,2,1,6,1,1
SF,IF2006,2020-02-19 10:19:48.900,4055.4000,23925,0,2933488980.000,0,-,-,-,-,4056.6000,4056.2000,4055.6000,4055.2000,4053.4000,4057.4000,4057.6000,4057.8000,4058.8000,4059.0000,2,1,5,1,1,1,2,1,5,1
SF,IF2006,2020-02-19 10:19:49.400,4056.6000,23925,0,2935922940.000,2,1,1,多换,S,4055.2000,4053.4000,4053.0000,4052.0000,4050.0000,4057.2000,4057.6000,4058.8000,4059.0000,4059.4000,1,1,2,1,7,3,1,5,1,1
SF,IF2006,2020-02-19 10:19:49.900,4056.6000,23925,0,2935922940.000,0,-,-,-,-,4055.4000,4055.2000,4053.4000,4053.0000,4052.0000,4056.8000,4057.0000,4057.2000,4057.6000,4058.8000,2,1,1,2,1,2,4,2,1,4
SF,IF2006,2020-02-19 10:19:50.400,4056.6000,23925,0,2935922940.000,0,-,-,-,-,4055.2000,4053.4000,4053.0000,4052.0000,4050.0000,4056.4000,4056.6000,4057.6000,4058.8000,4059.0000,1,1,2,1,7,5,3,1,4,1
SF,IF2006,2020-02-19 10:19:50.900,4056.6000,23925,0,2935922940.000,0,-,-,-,-,4055.2000,4053.4000,4053.0000,4052.0000,4050.0000,4056.2000,4056.4000,4056.6000,4056.8000,4057.6000,1,1,2,1,7,4,3,1,1,1
SF,IF2006,2020-02-19 10:19:51.400,4056.6000,23925,0,2935922940.000,0,-,-,-,-,4055.2000,4053.4000,4053.0000,4052.0000,4050.0000,4056.0000,4056.2000,4056.4000,4056.8000,4057.6000,1,1,2,1,7,4,2,1,1,1
SF,IF2006,2020-02-19 10:19:51.900,4056.6000,23925,0,2935922940.000,0,-,-,-,-,4055.2000,4053.4000,4053.0000,4052.0000,4050.0000,4056.0000,4056.2000,4056.4000,4056.8000,4057.6000,1,1,2,1,7,2,2,1,1,1
SF,IF2006,2020-02-19 10:19:52.400,4056.6000,23925,0,2935922940.000,0,-,-,-,-,4055.2000,4053.4000,4053.0000,4052.0000,4050.0000,4056.2000,4056.4000,4056.8000,4057.6000,4057.8000,1,1,2,1,7,1,1,1,1,1
SF,IF2006,2020-02-19 10:19:52.900,4056.6000,23925,0,2935922940.000,0,-,-,-,-,4055.4000,4055.2000,4053.4000,4053.0000,4052.0000,4056.4000,4056.8000,4057.6000,4057.8000,4058.8000,1,1,1,2,1,1,1,1,1,4
SF,IF2006,2020-02-19 10:19:53.400,4056.6000,23925,0,2935922940.000,0,-,-,-,-,4055.4000,4055.2000,4053.4000,4053.0000,4052.0000,4056.4000,4057.6000,4057.8000,4058.8000,4059.0000,1,1,1,2,1,1,1,1,4,3
SF,IF2006,2020-02-19 10:19:53.900,4056.6000,23925,0,2935922940.000,0,-,-,-,-,4056.4000,4055.6000,4055.4000,4055.2000,4055.0000,4057.6000,4057.8000,4058.8000,4059.0000,4059.4000,1,3,1,1,1,1,1,4,3,1
SF,IF2006,2020-02-19 10:19:54.400,4056.4000,23925,0,2937139860.000,1,0,1,多换,S,4055.4000,4055.2000,4055.0000,4053.4000,4053.0000,4057.4000,4057.6000,4057.8000,4058.8000,4059.0000,1,1,1,1,2,4,1,1,4,3
SF,IF2006,2020-02-19 10:19:54.900,4056.4000,23925,0,2937139860.000,0,-,-,-,-,4055.8000,4055.6000,4055.4000,4055.2000,4055.0000,4057.2000,4057.4000,4057.6000,4057.8000,4058.8000,1,10,2,1,1,1,1,1,1,4
SF,IF2006,2020-02-19 10:19:55.400,4056.4000,23925,0,2937139860.000,0,-,-,-,-,4055.8000,4055.6000,4055.4000,4055.2000,4055.0000,4057.0000,4057.6000,4057.8000,4058.8000,4059.0000,1,3,1,1,1,1,1,1,4,1
SF,IF2006,2020-02-19 10:19:56.400,4056.4000,23925,0,2937139860.000,0,-,-,-,-,4055.8000,4055.6000,4055.4000,4055.2000,4055.0000,4056.8000,4057.0000,4057.6000,4057.8000,4058.8000,1,3,1,1,1,1,1,1,1,4
SF,IF2006,2020-02-19 10:19:56.900,4056.4000,23925,0,2937139860.000,0,-,-,-,-,4055.8000,4055.6000,4055.4000,4055.2000,4055.0000,4056.8000,4057.0000,4057.6000,4057.8000,4058.8000,1,2,1,1,1,1,1,1,1,4
SF,IF2006,2020-02-19 10:19:57.400,4056.4000,23925,0,2937139860.000,0,-,-,-,-,4055.4000,4055.2000,4055.0000,4053.4000,4053.0000,4056.6000,4057.0000,4057.6000,4057.8000,4058.8000,1,1,1,1,2,2,1,1,1,4
SF,IF2006,2020-02-19 10:19:57.900,4056.4000,23925,0,2937139860.000,0,-,-,-,-,4055.4000,4055.2000,4055.0000,4053.4000,4053.0000,4057.0000,4057.6000,4057.8000,4058.8000,4059.0000,1,1,1,1,2,1,1,1,4,1
SF,IF2006,2020-02-19 10:19:58.400,4056.4000,23925,0,2937139860.000,0,-,-,-,-,4055.4000,4055.2000,4055.0000,4053.4000,4053.0000,4056.8000,4057.0000,4057.6000,4057.8000,4058.8000,1,1,1,1,2,5,1,1,1,4
SF,IF2006,2020-02-19 10:19:58.900,4056.4000,23925,0,2937139860.000,0,-,-,-,-,4055.4000,4055.2000,4055.0000,4053.4000,4053.0000,4056.6000,4056.8000,4057.6000,4057.8000,4058.8000,1,1,1,1,2,1,5,1,1,4
SF,IF2006,2020-02-19 10:20:00.400,4056.4000,23925,0,2937139860.000,0,-,-,-,-,4055.6000,4055.4000,4055.2000,4055.0000,4053.4000,4056.6000,4056.8000,4057.6000,4057.8000,4058.8000,1,1,1,1,1,2,3,1,1,4
SF,IF2006,2020-02-19 10:20:00.900,4056.4000,23925,0,2937139860.000,0,-,-,-,-,4055.4000,4055.2000,4055.0000,4053.4000,4053.0000,4056.6000,4056.8000,4057.6000,4057.8000,4058.8000,1,1,1,1,2,2,3,1,1,4
SF,IF2006,2020-02-19 10:20:01.400,4055.6000,23923,-2,2940790500.000,3,0,3,多平,S,4055.6000,4055.4000,4055.2000,4055.0000,4053.4000,4057.6000,4057.8000,4058.8000,4059.0000,4059.4000,3,1,1,1,1,1,1,4,1,1
SF,IF2006,2020-02-19 10:20:01.900,4055.6000,23923,0,2940790500.000,0,-,-,-,-,4055.8000,4055.6000,4055.2000,4055.0000,4053.4000,4057.4000,4057.6000,4057.8000,4058.8000,4059.0000,1,3,1,1,1,3,1,1,4,1
SF,IF2006,2020-02-19 10:20:02.400,4055.6000,23923,0,2940790500.000,0,-,-,-,-,4056.0000,4055.8000,4055.6000,4055.2000,4055.0000,4057.4000,4057.6000,4057.8000,4058.8000,4059.0000,1,1,2,1,1,2,1,1,4,1
SF,IF2006,2020-02-19 10:20:02.900,4055.6000,23923,0,2940790500.000,0,-,-,-,-,4056.2000,4056.0000,4055.6000,4055.4000,4055.2000,4057.4000,4057.6000,4057.8000,4058.8000,4059.0000,1,1,1,1,1,2,1,1,4,1
SF,IF2006,2020-02-19 10:20:03.400,4055.6000,23923,0,2940790500.000,0,-,-,-,-,4056.2000,4056.0000,4055.6000,4055.4000,4055.2000,4057.2000,4057.4000,4057.6000,4057.8000,4058.8000,1,1,1,1,1,1,2,1,1,4
SF,IF2006,2020-02-19 10:20:03.900,4055.6000,23923,0,2940790500.000,0,-,-,-,-,4056.2000,4056.0000,4055.6000,4055.4000,4055.2000,4057.4000,4057.6000,4057.8000,4058.8000,4059.0000,1,1,1,1,1,2,1,1,4,1
SF,IF2006,2020-02-19 10:20:05.400,4055.6000,23923,0,2940790500.000,0,-,-,-,-,4056.2000,4056.0000,4055.6000,4055.4000,4055.2000,4057.2000,4057.4000,4057.6000,4057.8000,4058.8000,1,1,1,1,1,2,2,1,1,4
SF,IF2006,2020-02-19 10:20:05.900,4055.6000,23923,0,2940790500.000,0,-,-,-,-,4055.4000,4055.2000,4055.0000,4053.4000,4053.0000,4057.0000,4057.2000,4057.4000,4057.6000,4057.8000,1,1,1,1,2,1,2,1,1,1
SF,IF2006,2020-02-19 10:20:06.400,4055.6000,23923,0,2940790500.000,0,-,-,-,-,4055.6000,4055.4000,4055.2000,4055.0000,4053.4000,4057.0000,4057.4000,4057.6000,4057.8000,4058.2000,2,1,1,1,1,1,1,1,1,1
SF,IF2006,2020-02-19 10:20:06.900,4055.6000,23923,0,2940790500.000,0,-,-,-,-,4055.6000,4055.4000,4055.2000,4055.0000,4053.4000,4056.6000,4057.0000,4057.4000,4057.6000,4057.8000,2,1,1,1,1,1,1,1,1,1
SF,IF2006,2020-02-19 10:20:07.400,4055.6000,23923,0,2940790500.000,0,-,-,-,-,4055.6000,4055.4000,4055.2000,4055.0000,4053.4000,4056.6000,4057.0000,4057.6000,4057.8000,4058.2000,2,1,1,1,1,1,1,1,1,1
SF,IF2006,2020-02-19 10:20:07.900,4055.6000,23923,0,2940790500.000,0,-,-,-,-,4055.6000,4055.4000,4055.2000,4055.0000,4053.4000,4056.6000,4057.0000,4057.6000,4057.8000,4058.2000,1,1,1,1,1,1,1,1,1,1
SF,IF2006,2020-02-19 10:20:08.400,4055.6000,23923,0,2940790500.000,0,-,-,-,-,4055.6000,4055.4000,4055.2000,4055.0000,4053.4000,4056.4000,4057.0000,4057.6000,4057.8000,4058.2000,1,1,1,2,1,2,1,1,1,1
SF,IF2006,2020-02-19 10:20:08.900,4055.6000,23923,0,2940790500.000,0,-,-,-,-,4055.6000,4055.4000,4055.2000,4055.0000,4053.4000,4057.0000,4057.6000,4057.8000,4058.2000,4058.8000,1,1,1,2,1,1,1,1,1,4
SF,IF2006,2020-02-19 10:20:09.400,4055.6000,23923,0,2940790500.000,0,-,-,-,-,4055.6000,4055.4000,4055.2000,4055.0000,4053.4000,4056.6000,4056.8000,4057.0000,4057.6000,4057.8000,1,1,1,2,1,3,2,1,1,1
SF,IF2006,2020-02-19 10:20:10.900,4055.6000,23923,0,2940790500.000,0,-,-,-,-,4055.6000,4055.4000,4055.2000,4055.0000,4053.4000,4056.4000,4056.6000,4056.8000,4057.0000,4057.6000,1,1,1,2,1,3,1,1,1,1
SF,IF2006,2020-02-19 10:20:11.400,4055.6000,23923,0,2940790500.000,0,-,-,-,-,4055.4000,4055.2000,4055.0000,4053.4000,4053.0000,4056.4000,4056.6000,4057.0000,4057.6000,4057.8000,1,1,2,1,2,1,1,1,1,1
SF,IF2006,2020-02-19 10:20:11.900,4055.6000,23923,0,2940790500.000,0,-,-,-,-,4055.4000,4055.2000,4055.0000,4053.4000,4053.0000,4056.2000,4056.4000,4056.6000,4057.0000,4057.6000,1,1,2,1,2,2,1,1,1,1
SF,IF2006,2020-02-19 10:20:12.400,4055.6000,23923,0,2940790500.000,0,-,-,-,-,4055.4000,4055.2000,4055.0000,4053.4000,4053.0000,4056.4000,4056.6000,4057.0000,4057.6000,4057.8000,1,1,2,1,2,1,1,1,1,1
SF,IF2006,2020-02-19 10:20:12.900,4055.6000,23923,0,2940790500.000,0,-,-,-,-,4055.4000,4055.2000,4055.0000,4053.4000,4053.0000,4056.2000,4056.4000,4056.6000,4057.0000,4057.6000,1,1,2,1,2,2,1,1,1,1
SF,IF2006,2020-02-19 10:20:13.400,4055.6000,23923,0,2940790500.000,0,-,-,-,-,4055.4000,4055.2000,4055.0000,4053.4000,4053.0000,4056.4000,4056.6000,4057.0000,4057.6000,4057.8000,1,1,2,1,2,1,1,1,1,1
SF,IF2006,2020-02-19 10:20:13.900,4056.2000,23922,-1,2942007360.000,1,0,1,双平,S,4056.2000,4055.4000,4055.2000,4055.0000,4053.4000,4056.4000,4056.6000,4057.0000,4057.6000,4057.8000,3,1,1,2,1,1,1,1,1,1
SF,IF2006,2020-02-19 10:20:14.400,4056.2000,23923,1,2948091420.000,5,3,2,空开,S,4056.4000,4055.2000,4055.0000,4053.4000,4053.0000,4057.0000,4057.6000,4057.8000,4058.2000,4058.8000,3,1,2,1,2,1,1,1,1,4
SF,IF2006,2020-02-19 10:20:14.900,4056.4000,23926,3,2951742180.000,3,3,0,双开,S,4055.2000,4055.0000,4053.4000,4053.0000,4052.0000,4056.8000,4057.0000,4057.6000,4057.8000,4058.2000,1,2,1,2,1,1,1,1,1,1
SF,IF2006,2020-02-19 10:20:15.400,4056.4000,23926,0,2951742180.000,0,-,-,-,-,4055.4000,4055.2000,4055.0000,4053.4000,4053.0000,4056.8000,4057.0000,4057.6000,4057.8000,4058.2000,4,1,2,1,2,1,1,1,1,1
SF,IF2006,2020-02-19 10:20:15.900,4056.4000,23926,0,2951742180.000,0,-,-,-,-,4055.4000,4055.2000,4055.0000,4053.4000,4053.0000,4057.0000,4057.6000,4057.8000,4058.2000,4058.8000,4,1,2,1,2,1,1,1,1,4
SF,IF2006,2020-02-19 10:20:16.400,4056.4000,23926,0,2951742180.000,0,-,-,-,-,4055.4000,4055.2000,4055.0000,4053.4000,4053.0000,4057.0000,4057.6000,4057.8000,4058.2000,4058.8000,3,1,2,1,2,1,1,1,1,4
SF,IF2006,2020-02-19 10:20:16.900,4056.4000,23926,0,2951742180.000,0,-,-,-,-,4055.4000,4055.2000,4055.0000,4053.4000,4053.0000,4056.8000,4057.0000,4057.6000,4057.8000,4058.2000,2,1,2,1,2,3,1,1,1,1
SF,IF2006,2020-02-19 10:20:17.400,4056.4000,23926,0,2951742180.000,0,-,-,-,-,4055.4000,4055.2000,4055.0000,4053.4000,4053.0000,4056.6000,4056.8000,4057.6000,4057.8000,4058.2000,1,1,2,1,2,4,3,1,1,1
SF,IF2006,2020-02-19 10:20:17.900,4056.4000,23926,0,2951742180.000,0,-,-,-,-,4055.4000,4055.2000,4055.0000,4053.4000,4053.0000,4056.4000,4056.6000,4056.8000,4057.6000,4057.8000,1,1,2,1,2,2,4,2,1,1
SF,IF2006,2020-02-19 10:20:18.400,4056.4000,23926,0,2951742180.000,0,-,-,-,-,4055.4000,4055.2000,4055.0000,4053.4000,4053.0000,4056.4000,4056.6000,4056.8000,4057.6000,4057.8000,1,1,2,1,2,2,4,1,1,1
SF,IF2006,2020-02-19 10:20:19.400,4056.4000,23926,0,2951742180.000,0,-,-,-,-,4055.4000,4055.2000,4055.0000,4053.4000,4053.0000,4056.4000,4056.6000,4056.8000,4057.6000,4057.8000,1,1,2,1,2,2,4,1,1,1
SF,IF2006,2020-02-19 10:20:19.900,4056.4000,23926,0,2951742180.000,0,-,-,-,-,4055.4000,4055.2000,4055.0000,4053.4000,4053.0000,4056.4000,4056.6000,4056.8000,4057.6000,4057.8000,1,1,2,1,2,1,4,1,1,1
SF,IF2006,2020-02-19 10:20:21.900,4056.4000,23927,1,2952959100.000,1,1,0,双开,S,4055.4000,4055.2000,4055.0000,4053.4000,4053.0000,4056.4000,4056.6000,4056.8000,4057.6000,4057.8000,1,1,2,1,2,1,4,1,1,1
SF,IF2006,2020-02-19 10:20:22.400,4056.4000,23927,0,2952959100.000,0,-,-,-,-,4055.4000,4055.2000,4055.0000,4053.4000,4053.0000,4056.6000,4056.8000,4057.6000,4057.8000,4058.2000,1,1,2,1,2,4,1,1,1,1
SF,IF2006,2020-02-19 10:20:22.900,4055.4000,23927,0,2954175720.000,1,0,1,多换,S,4055.2000,4055.0000,4053.4000,4053.0000,4052.0000,4056.4000,4056.6000,4056.8000,4057.6000,4057.8000,1,2,1,2,1,1,4,1,1,1
SF,IF2006,2020-02-19 10:20:23.400,4055.4000,23927,0,2954175720.000,0,-,-,-,-,4055.2000,4055.0000,4053.4000,4053.0000,4052.0000,4056.6000,4056.8000,4057.6000,4057.8000,4058.2000,1,2,1,2,1,4,1,1,1,1
SF,IF2006,2020-02-19 10:20:23.900,4055.4000,23927,0,2954175720.000,0,-,-,-,-,4055.6000,4055.4000,4055.2000,4055.0000,4053.4000,4056.6000,4056.8000,4057.6000,4057.8000,4058.2000,1,5,1,2,1,3,1,1,1,1
SF,IF2006,2020-02-19 10:20:24.400,4055.4000,23927,0,2954175720.000,0,-,-,-,-,4055.4000,4055.2000,4055.0000,4053.4000,4053.0000,4056.6000,4056.8000,4057.6000,4057.8000,4058.2000,4,1,2,1,2,1,1,1,1,1
SF,IF2006,2020-02-19 10:20:24.900,4055.4000,23927,0,2954175720.000,0,-,-,-,-,4055.6000,4055.4000,4055.2000,4055.0000,4053.4000,4056.8000,4057.6000,4057.8000,4058.2000,4058.8000,2,3,1,2,1,1,1,1,1,4
SF,IF2006,2020-02-19 10:20:25.400,4055.4000,23927,0,2954175720.000,0,-,-,-,-,4055.8000,4055.6000,4055.4000,4055.2000,4055.0000,4056.8000,4057.6000,4057.8000,4058.2000,4058.8000,2,1,2,1,2,1,1,1,1,4
SF,IF2006,2020-02-19 10:20:25.900,4055.4000,23927,0,2954175720.000,0,-,-,-,-,4056.0000,4055.8000,4055.6000,4055.2000,4055.0000,4057.6000,4057.8000,4058.2000,4058.8000,4059.0000,1,1,1,1,2,1,1,1,4,6
SF,IF2006,2020-02-19 10:20:26.400,4055.4000,23927,0,2954175720.000,0,-,-,-,-,4056.2000,4056.0000,4055.6000,4055.2000,4055.0000,4057.4000,4057.6000,4057.8000,4058.2000,4058.8000,1,1,1,1,2,3,1,1,1,4
SF,IF2006,2020-02-19 10:20:26.900,4055.4000,23927,0,2954175720.000,0,-,-,-,-,4056.4000,4056.2000,4055.2000,4055.0000,4053.4000,4057.4000,4057.6000,4057.8000,4058.2000,4058.8000,1,1,1,2,1,3,1,1,1,4
SF,IF2006,2020-02-19 10:20:27.400,4055.4000,23927,0,2954175720.000,0,-,-,-,-,4056.2000,4055.2000,4055.0000,4053.4000,4053.0000,4057.4000,4057.6000,4057.8000,4058.2000,4058.8000,1,1,2,1,2,3,1,1,1,4
SF,IF2006,2020-02-19 10:20:27.900,4055.4000,23927,0,2954175720.000,0,-,-,-,-,4056.2000,4055.2000,4055.0000,4053.4000,4053.0000,4057.4000,4057.6000,4057.8000,4058.2000,4058.8000,1,1,2,1,2,3,1,1,1,4
SF,IF2006,2020-02-19 10:20:28.400,4055.4000,23927,0,2954175720.000,0,-,-,-,-,4056.2000,4055.2000,4055.0000,4053.4000,4053.0000,4057.4000,4057.6000,4057.8000,4058.2000,4058.8000,1,1,2,1,2,3,1,1,1,4
SF,IF2006,2020-02-19 10:20:28.900,4055.4000,23927,0,2954175720.000,0,-,-,-,-,4056.4000,4056.2000,4055.2000,4055.0000,4053.4000,4057.4000,4057.6000,4057.8000,4058.2000,4058.8000,1,1,1,2,1,3,1,1,1,4
SF,IF2006,2020-02-19 10:20:29.400,4055.4000,23927,0,2954175720.000,0,-,-,-,-,4056.2000,4055.2000,4055.0000,4053.4000,4053.0000,4057.4000,4057.6000,4057.8000,4058.2000,4058.8000,1,1,2,1,2,3,1,1,1,4
SF,IF2006,2020-02-19 10:20:29.900,4055.4000,23927,0,2954175720.000,0,-,-,-,-,4056.4000,4056.2000,4055.2000,4055.0000,4053.4000,4057.4000,4057.6000,4057.8000,4058.2000,4058.8000,1,1,1,2,1,3,1,1,1,4
SF,IF2006,2020-02-19 10:20:34.400,4055.4000,23927,0,2954175720.000,0,-,-,-,-,4056.4000,4056.2000,4055.2000,4055.0000,4053.4000,4057.2000,4057.4000,4057.6000,4057.8000,4058.2000,1,1,1,2,1,2,3,1,1,1
SF,IF2006,2020-02-19 10:20:34.900,4055.4000,23927,0,2954175720.000,0,-,-,-,-,4056.4000,4056.2000,4055.2000,4055.0000,4053.4000,4057.2000,4057.4000,4057.6000,4057.8000,4058.2000,1,1,1,2,1,2,2,1,1,1
SF,IF2006,2020-02-19 10:20:35.400,4055.4000,23927,0,2954175720.000,0,-,-,-,-,4055.2000,4055.0000,4053.4000,4053.0000,4052.0000,4057.2000,4057.4000,4057.6000,4057.8000,4058.2000,1,2,1,2,1,2,2,1,1,1
SF,IF2006,2020-02-19 10:20:35.900,4055.4000,23927,0,2954175720.000,0,-,-,-,-,4055.8000,4055.4000,4055.2000,4055.0000,4053.4000,4057.0000,4057.2000,4057.4000,4057.6000,4057.8000,1,4,1,2,1,2,2,1,1,1
SF,IF2006,2020-02-19 10:20:36.400,4055.4000,23927,0,2954175720.000,0,-,-,-,-,4055.8000,4055.4000,4055.2000,4055.0000,4053.4000,4057.0000,4057.2000,4057.4000,4057.6000,4057.8000,1,3,1,2,1,1,2,1,1,1
SF,IF2006,2020-02-19 10:20:36.900,4055.4000,23927,0,2954175720.000,0,-,-,-,-,4055.8000,4055.4000,4055.2000,4055.0000,4053.4000,4056.8000,4057.0000,4057.2000,4057.6000,4057.8000,1,3,1,2,1,2,1,2,1,1
SF,IF2006,2020-02-19 10:20:37.400,4055.4000,23927,0,2954175720.000,0,-,-,-,-,4055.4000,4055.2000,4055.0000,4053.4000,4053.0000,4055.8000,4056.8000,4057.0000,4057.2000,4057.6000,3,1,2,1,2,1,2,1,2,1
SF,IF2006,2020-02-19 10:20:37.900,4055.8000,23926,-1,2955392460.000,1,0,1,双平,S,4055.8000,4055.4000,4055.2000,4055.0000,4053.4000,4056.8000,4057.0000,4057.2000,4057.6000,4057.8000,2,2,1,2,1,1,1,2,1,1
SF,IF2006,2020-02-19 10:20:38.400,4055.8000,23926,0,2955392460.000,0,-,-,-,-,4055.8000,4055.4000,4055.2000,4055.0000,4053.4000,4056.8000,4057.0000,4057.2000,4057.6000,4057.8000,1,2,1,2,1,1,1,2,1,1
SF,IF2006,2020-02-19 10:20:39.400,4055.8000,23926,0,2955392460.000,0,-,-,-,-,4055.8000,4055.4000,4055.2000,4055.0000,4053.4000,4056.8000,4057.0000,4057.2000,4057.4000,4057.6000,1,2,1,2,1,1,1,2,1,1
SF,IF2006,2020-02-19 10:20:39.900,4055.8000,23926,0,2955392460.000,0,-,-,-,-,4055.4000,4055.2000,4055.0000,4053.4000,4053.0000,4056.8000,4057.0000,4057.2000,4057.4000,4057.6000,2,1,2,1,2,1,1,2,1,1
SF,IF2006,2020-02-19 10:20:40.400,4055.8000,23926,0,2955392460.000,0,-,-,-,-,4055.4000,4055.2000,4055.0000,4053.4000,4053.0000,4056.8000,4057.0000,4057.2000,4057.4000,4057.6000,2,1,1,1,2,1,1,2,1,1
SF,IF2006,2020-02-19 10:20:40.900,4055.8000,23926,0,2955392460.000,0,-,-,-,-,4055.4000,4055.2000,4055.0000,4053.4000,4053.0000,4056.8000,4057.0000,4057.2000,4057.4000,4057.6000,2,1,1,1,2,1,1,2,1,1
SF,IF2006,2020-02-19 10:20:41.900,4055.4000,23927,1,2957825820.000,2,1,1,空开,S,4055.4000,4055.2000,4055.0000,4053.4000,4053.0000,4056.8000,4057.0000,4057.2000,4057.4000,4057.6000,1,1,1,1,2,1,1,2,1,1
SF,IF2006,2020-02-19 10:20:42.900,4055.4000,23927,0,2957825820.000,0,-,-,-,-,4055.6000,4055.4000,4055.2000,4055.0000,4053.4000,4056.8000,4057.0000,4057.2000,4057.4000,4057.6000,1,1,1,1,1,1,1,2,1,1
SF,IF2006,2020-02-19 10:20:43.900,4055.4000,23927,0,2960259060.000,2,1,1,多换,S,4055.2000,4055.0000,4053.4000,4053.0000,4052.0000,4056.8000,4057.0000,4057.2000,4057.4000,4057.6000,1,1,1,2,1,1,1,2,1,1
SF,IF2006,2020-02-19 10:20:44.400,4055.4000,23927,0,2960259060.000,0,-,-,-,-,4055.4000,4055.2000,4055.0000,4053.4000,4053.0000,4056.6000,4056.8000,4057.2000,4057.4000,4057.6000,3,1,1,1,2,1,1,2,1,1
SF,IF2006,2020-02-19 10:20:45.900,4055.4000,23927,0,2960259060.000,0,-,-,-,-,4055.4000,4055.2000,4055.0000,4053.4000,4053.0000,4056.4000,4056.6000,4056.8000,4057.2000,4057.4000,2,1,1,1,2,4,1,1,2,1
SF,IF2006,2020-02-19 10:20:46.400,4055.4000,23926,-1,2962692300.000,2,0,2,多平,S,4055.2000,4055.0000,4053.4000,4053.0000,4052.0000,4056.0000,4056.2000,4057.2000,4057.4000,4057.6000,1,1,1,2,1,2,4,2,1,1
SF,IF2006,2020-02-19 10:20:46.900,4055.0000,23926,0,2965125360.000,2,1,1,多换,S,4053.4000,4053.0000,4052.0000,4050.0000,4048.0000,4055.6000,4055.8000,4056.2000,4057.2000,4057.4000,1,2,1,7,13,1,1,1,2,1
SF,IF2006,2020-02-19 10:20:47.400,4055.0000,23926,0,2965125360.000,0,-,-,-,-,4054.4000,4054.0000,4053.8000,4053.6000,4053.4000,4055.2000,4055.4000,4057.2000,4057.4000,4057.6000,5,1,1,5,1,1,3,2,1,1
SF,IF2006,2020-02-19 10:20:47.900,4054.4000,23927,1,2967558000.000,2,1,1,空开,S,4054.0000,4053.6000,4053.0000,4052.0000,4050.0000,4054.8000,4055.0000,4055.4000,4057.2000,4057.4000,1,4,2,1,7,1,2,1,2,1
SF,IF2006,2020-02-19 10:20:48.400,4054.4000,23927,0,2967558000.000,0,-,-,-,-,4054.4000,4053.6000,4053.0000,4052.0000,4050.0000,4054.8000,4055.0000,4057.2000,4057.4000,4057.6000,1,2,2,1,7,1,2,2,1,1
SF,IF2006,2020-02-19 10:20:48.900,4054.4000,23927,0,2968774320.000,1,0,1,多换,S,4053.6000,4053.0000,4052.0000,4050.0000,4048.0000,4054.8000,4055.0000,4057.2000,4057.4000,4057.6000,2,2,1,7,13,1,2,2,1,1
SF,IF2006,2020-02-19 10:20:49.400,4054.4000,23927,0,2968774320.000,0,-,-,-,-,4053.8000,4053.0000,4052.0000,4050.0000,4048.0000,4054.8000,4055.0000,4057.2000,4057.4000,4057.6000,3,2,1,7,13,1,2,2,1,1
SF,IF2006,2020-02-19 10:20:49.900,4054.8000,23926,-1,2969990760.000,1,0,1,双平,S,4053.8000,4053.0000,4052.0000,4050.8000,4050.0000,4055.0000,4057.2000,4057.4000,4057.6000,4057.8000,2,2,1,1,7,1,2,1,1,1
SF,IF2006,2020-02-19 10:20:50.400,4055.0000,23925,-1,2971207260.000,1,0,1,双平,S,4054.0000,4053.8000,4053.0000,4052.0000,4050.8000,4057.2000,4057.4000,4057.6000,4057.8000,4058.2000,3,2,2,1,1,2,1,1,1,1
SF,IF2006,2020-02-19 10:20:50.900,4055.0000,23925,0,2971207260.000,0,-,-,-,-,4054.2000,4054.0000,4053.8000,4053.0000,4052.0000,4055.8000,4056.2000,4056.4000,4056.6000,4056.8000,1,3,1,2,1,1,1,2,1,1
SF,IF2006,2020-02-19 10:20:51.400,4055.0000,23925,0,2971207260.000,0,-,-,-,-,4054.4000,4054.2000,4054.0000,4053.0000,4052.0000,4055.6000,4055.8000,4056.6000,4056.8000,4057.0000,2,1,1,2,1,2,1,1,1,3
SF,IF2006,2020-02-19 10:20:51.900,4055.0000,23925,0,2971207260.000,0,-,-,-,-,4054.4000,4054.2000,4053.0000,4052.0000,4050.8000,4055.6000,4055.8000,4056.6000,4056.8000,4057.0000,2,1,2,1,1,1,1,1,1,3
SF,IF2006,2020-02-19 10:20:52.400,4055.0000,23925,0,2971207260.000,0,-,-,-,-,4054.4000,4054.2000,4053.0000,4052.0000,4050.8000,4055.6000,4055.8000,4056.6000,4056.8000,4057.0000,1,1,2,1,1,1,1,1,1,3
SF,IF2006,2020-02-19 10:20:52.900,4055.0000,23925,0,2971207260.000,0,-,-,-,-,4054.4000,4054.2000,4053.0000,4052.0000,4050.0000,4055.6000,4055.8000,4056.6000,4056.8000,4057.0000,1,1,2,1,7,1,1,1,1,3
SF,IF2006,2020-02-19 10:20:53.400,4055.0000,23925,0,2971207260.000,0,-,-,-,-,4054.2000,4053.0000,4052.0000,4050.0000,4048.0000,4055.6000,4055.8000,4056.6000,4056.8000,4057.0000,1,2,1,7,13,1,1,1,1,3
SF,IF2006,2020-02-19 10:20:53.900,4055.0000,23925,0,2971207260.000,0,-,-,-,-,4054.2000,4053.0000,4052.0000,4050.0000,4048.0000,4055.6000,4055.8000,4056.6000,4056.8000,4057.0000,1,2,1,7,13,1,1,1,1,2
SF,IF2006,2020-02-19 10:20:54.900,4055.0000,23925,0,2971207260.000,0,-,-,-,-,4054.4000,4054.2000,4053.0000,4052.0000,4050.0000,4055.6000,4055.8000,4056.6000,4056.8000,4057.0000,3,1,2,1,7,1,1,1,1,2
SF,IF2006,2020-02-19 10:20:55.400,4055.0000,23925,0,2971207260.000,0,-,-,-,-,4054.8000,4054.6000,4054.4000,4053.0000,4052.0000,4055.8000,4056.6000,4057.0000,4057.2000,4057.4000,1,2,2,2,1,1,1,2,2,1
SF,IF2006,2020-02-19 10:20:55.900,4055.0000,23925,0,2971207260.000,0,-,-,-,-,4055.0000,4054.8000,4053.0000,4052.0000,4050.0000,4057.0000,4057.2000,4057.4000,4057.6000,4057.8000,2,1,2,1,7,2,2,1,1,1
SF,IF2006,2020-02-19 10:20:56.400,4055.0000,23925,0,2971207260.000,0,-,-,-,-,4055.0000,4054.8000,4054.6000,4053.0000,4052.0000,4056.6000,4056.8000,4057.0000,4057.2000,4057.4000,1,1,1,2,1,1,6,2,2,1
SF,IF2006,2020-02-19 10:20:56.900,4055.0000,23925,0,2971207260.000,0,-,-,-,-,4055.0000,4054.8000,4054.6000,4053.0000,4052.0000,4056.4000,4056.6000,4056.8000,4057.0000,4057.2000,1,1,1,2,1,1,1,5,2,2
SF,IF2006,2020-02-19 10:20:57.400,4055.0000,23925,0,2971207260.000,0,-,-,-,-,4055.0000,4054.8000,4054.6000,4053.0000,4052.0000,4056.4000,4056.6000,4056.8000,4057.0000,4057.2000,1,1,1,2,1,1,1,3,2,2
SF,IF2006,2020-02-19 10:20:57.900,4055.0000,23925,0,2971207260.000,0,-,-,-,-,4055.0000,4054.8000,4054.6000,4053.0000,4052.0000,4056.4000,4056.6000,4056.8000,4057.0000,4057.2000,1,1,1,2,1,1,1,2,2,2
SF,IF2006,2020-02-19 10:20:58.400,4055.0000,23925,0,2971207260.000,0,-,-,-,-,4054.8000,4054.6000,4053.0000,4052.0000,4050.0000,4056.4000,4056.6000,4056.8000,4057.0000,4057.2000,1,1,2,1,7,1,1,2,2,2
SF,IF2006,2020-02-19 10:20:58.900,4055.0000,23925,0,2971207260.000,0,-,-,-,-,4054.8000,4054.6000,4053.0000,4052.0000,4050.0000,4056.2000,4056.4000,4056.6000,4057.0000,4057.2000,1,1,2,1,7,3,1,1,2,2
SF,IF2006,2020-02-19 10:20:59.400,4055.0000,23925,0,2971207260.000,0,-,-,-,-,4054.8000,4053.0000,4052.0000,4050.0000,4048.0000,4056.0000,4056.2000,4056.6000,4057.0000,4057.2000,1,2,1,7,13,1,1,1,2,2
SF,IF2006,2020-02-19 10:20:59.900,4055.0000,23925,0,2971207260.000,0,-,-,-,-,4054.8000,4053.0000,4052.0000,4050.0000,4048.0000,4055.8000,4056.0000,4057.0000,4057.2000,4057.4000,1,2,1,7,13,1,2,2,2,1
SF,IF2006,2020-02-19 10:21:00.400,4055.0000,23925,0,2971207260.000,0,-,-,-,-,4053.0000,4052.0000,4050.0000,4048.0000,4047.2000,4055.6000,4055.8000,4056.0000,4057.0000,4057.2000,2,1,7,13,1,1,1,1,2,2
SF,IF2006,2020-02-19 10:21:00.900,4055.0000,23925,0,2971207260.000,0,-,-,-,-,4054.0000,4053.8000,4053.6000,4053.2000,4053.0000,4055.4000,4055.6000,4056.0000,4057.0000,4057.2000,5,2,2,5,3,1,1,1,2,2
SF,IF2006,2020-02-19 10:21:01.400,4055.0000,23925,0,2971207260.000,0,-,-,-,-,4054.4000,4054.2000,4054.0000,4053.8000,4053.2000,4055.4000,4055.6000,4056.0000,4057.0000,4057.2000,5,5,5,1,2,1,1,1,2,2
SF,IF2006,2020-02-19 10:21:01.900,4055.0000,23925,0,2971207260.000,0,-,-,-,-,4054.6000,4054.2000,4054.0000,4053.2000,4053.0000,4055.4000,4055.6000,4056.0000,4057.0000,4057.2000,1,4,5,2,3,1,1,1,2,2
SF,IF2006,2020-02-19 10:21:02.400,4055.0000,23925,0,2971207260.000,0,-,-,-,-,4054.2000,4054.0000,4053.2000,4053.0000,4052.8000,4055.4000,4055.6000,4056.0000,4057.0000,4057.2000,4,5,2,3,1,1,1,1,2,2
SF,IF2006,2020-02-19 10:21:02.900,4055.0000,23925,0,2971207260.000,0,-,-,-,-,4054.4000,4054.2000,4054.0000,4053.2000,4053.0000,4055.4000,4055.6000,4056.0000,4057.0000,4057.2000,2,3,5,2,3,1,1,1,2,2
SF,IF2006,2020-02-19 10:21:03.400,4055.0000,23925,0,2971207260.000,0,-,-,-,-,4054.4000,4054.2000,4054.0000,4053.2000,4053.0000,4055.0000,4055.4000,4055.6000,4056.0000,4057.0000,2,3,5,2,3,1,1,1,1,2
SF,IF2006,2020-02-19 10:21:03.900,4055.0000,23925,0,2971207260.000,0,-,-,-,-,4054.2000,4053.2000,4053.0000,4052.0000,4050.0000,4055.0000,4055.4000,4055.6000,4056.0000,4057.0000,2,2,3,1,7,1,1,1,1,2
SF,IF2006,2020-02-19 10:21:04.400,4055.0000,23925,0,2971207260.000,0,-,-,-,-,4054.2000,4053.2000,4053.0000,4052.0000,4050.0000,4055.0000,4055.4000,4055.6000,4056.0000,4057.0000,2,2,2,1,7,1,1,1,1,2
SF,IF2006,2020-02-19 10:21:04.900,4055.4000,23923,-2,2973640380.000,2,0,2,双平,S,4055.4000,4054.2000,4053.2000,4053.0000,4052.0000,4055.6000,4056.0000,4057.0000,4057.2000,4057.4000,18,2,2,2,1,1,2,2,2,1
SF,IF2006,2020-02-19 10:21:05.400,4055.4000,23910,-13,2991889680.000,15,1,14,多平,S,4055.4000,4054.2000,4053.2000,4053.0000,4052.0000,4055.6000,4056.0000,4057.0000,4057.2000,4057.4000,3,2,2,2,1,1,2,2,2,1
SF,IF2006,2020-02-19 10:21:05.900,4055.4000,23907,-3,2995539540.000,3,0,3,双平,S,4054.2000,4053.2000,4053.0000,4052.0000,4050.0000,4055.4000,4055.6000,4056.0000,4057.0000,4057.2000,2,2,2,1,7,2,1,2,2,2
SF,IF2006,2020-02-19 10:21:06.400,4055.4000,23907,0,2995539540.000,0,-,-,-,-,4054.2000,4053.2000,4053.0000,4052.0000,4050.0000,4055.4000,4055.6000,4056.0000,4057.0000,4057.2000,1,2,2,1,7,3,1,2,2,2
SF,IF2006,2020-02-19 10:21:06.900,4055.4000,23907,0,2995539540.000,0,-,-,-,-,4054.4000,4054.2000,4053.2000,4053.0000,4052.0000,4055.4000,4055.6000,4056.0000,4057.0000,4057.2000,1,1,2,2,1,3,1,2,2,2
SF,IF2006,2020-02-19 10:21:09.900,4055.4000,23905,-2,2999189400.000,3,0,3,多平,S,4055.4000,4054.4000,4054.2000,4053.2000,4053.0000,4055.6000,4056.0000,4057.0000,4057.2000,4057.4000,17,1,1,2,2,1,2,2,2,1
SF,IF2006,2020-02-19 10:21:10.400,4055.4000,23898,-7,3010138980.000,9,1,8,多平,S,4055.4000,4054.4000,4053.2000,4053.0000,4052.0000,4055.6000,4056.0000,4057.0000,4057.2000,4057.4000,8,1,2,2,1,1,2,2,2,1
SF,IF2006,2020-02-19 10:21:10.900,4055.4000,23896,-2,3013788840.000,3,0,3,多平,S,4055.4000,4054.4000,4053.2000,4053.0000,4052.0000,4055.6000,4056.0000,4057.0000,4057.2000,4057.4000,5,1,2,2,1,1,2,2,2,1
SF,IF2006,2020-02-19 10:21:11.400,4055.4000,23894,-2,3016222080.000,2,0,2,双平,S,4055.4000,4055.0000,4054.4000,4053.2000,4053.0000,4055.6000,4056.0000,4057.0000,4057.2000,4057.4000,3,1,1,2,2,1,2,2,2,1
SF,IF2006,2020-02-19 10:21:11.900,4055.4000,23894,0,3017438700.000,1,0,1,多换,S,4055.4000,4055.0000,4054.4000,4053.2000,4053.0000,4055.6000,4056.0000,4057.0000,4057.2000,4057.4000,2,1,1,2,2,1,2,2,2,1
SF,IF2006,2020-02-19 10:21:12.400,4055.4000,23894,0,3017438700.000,0,-,-,-,-,4055.4000,4055.0000,4053.2000,4053.0000,4052.0000,4055.6000,4056.0000,4057.0000,4057.2000,4057.4000,2,1,2,2,1,1,2,2,2,1
SF,IF2006,2020-02-19 10:21:12.900,4055.4000,23894,0,3017438700.000,0,-,-,-,-,4055.4000,4055.0000,4053.2000,4053.0000,4052.0000,4055.6000,4056.0000,4057.0000,4057.2000,4057.4000,2,1,2,2,1,1,2,2,2,1
SF,IF2006,2020-02-19 10:21:13.400,4055.6000,23894,0,3018655380.000,1,0,1,多换,S,4055.4000,4055.0000,4053.2000,4053.0000,4052.0000,4056.0000,4057.0000,4057.2000,4057.4000,4057.6000,2,1,2,2,1,2,2,2,1,1
SF,IF2006,2020-02-19 10:21:14.400,4055.4000,23893,-1,3019872000.000,1,0,1,双平,S,4055.4000,4055.0000,4053.2000,4053.0000,4052.0000,4056.0000,4057.0000,4057.2000,4057.4000,4057.6000,1,1,2,2,1,2,2,2,1,1
SF,IF2006,2020-02-19 10:21:14.900,4055.4000,23893,0,3019872000.000,0,-,-,-,-,4055.4000,4055.0000,4053.2000,4053.0000,4052.0000,4055.8000,4056.0000,4057.0000,4057.2000,4057.4000,1,1,2,2,1,1,2,2,2,1
SF,IF2006,2020-02-19 10:21:16.400,4055.4000,23893,0,3019872000.000,0,-,-,-,-,4055.4000,4055.0000,4053.2000,4053.0000,4052.0000,4055.8000,4056.0000,4057.0000,4057.2000,4057.4000,1,1,2,2,1,1,2,2,2,1
SF,IF2006,2020-02-19 10:21:16.900,4055.4000,23893,0,3019872000.000,0,-,-,-,-,4055.4000,4055.0000,4053.2000,4053.0000,4052.0000,4056.0000,4057.0000,4057.2000,4057.4000,4057.6000,1,1,2,2,1,2,2,2,1,1
SF,IF2006,2020-02-19 10:21:17.900,4055.4000,23893,0,3019872000.000,0,-,-,-,-,4055.4000,4055.0000,4053.2000,4053.0000,4052.0000,4056.0000,4056.8000,4057.0000,4057.2000,4057.4000,1,1,2,2,1,2,1,2,2,1
SF,IF2006,2020-02-19 10:21:19.900,4055.4000,23893,0,3019872000.000,0,-,-,-,-,4055.4000,4055.0000,4053.2000,4053.0000,4052.0000,4056.0000,4057.0000,4057.2000,4057.4000,4057.6000,1,1,2,2,1,2,2,2,1,1
SF,IF2006,2020-02-19 10:21:20.400,4055.4000,23893,0,3019872000.000,0,-,-,-,-,4055.6000,4055.4000,4055.0000,4053.2000,4053.0000,4056.0000,4057.0000,4057.2000,4057.4000,4057.6000,1,1,1,2,2,2,2,2,1,1
SF,IF2006,2020-02-19 10:21:20.900,4056.0000,23891,-2,3022305600.000,2,0,2,双平,S,4055.6000,4055.4000,4055.0000,4053.2000,4053.0000,4057.0000,4057.2000,4057.4000,4057.6000,4057.8000,1,1,1,2,2,2,2,1,1,1
SF,IF2006,2020-02-19 10:21:21.400,4056.0000,23891,0,3022305600.000,0,-,-,-,-,4055.6000,4055.4000,4055.0000,4053.2000,4053.0000,4056.8000,4057.0000,4057.2000,4057.4000,4057.6000,1,1,1,2,2,1,1,2,1,1
SF,IF2006,2020-02-19 10:21:21.900,4056.0000,23891,0,3022305600.000,0,-,-,-,-,4055.6000,4055.4000,4055.0000,4053.2000,4053.0000,4056.8000,4057.0000,4057.2000,4057.4000,4057.6000,1,1,1,2,2,1,1,2,1,1
SF,IF2006,2020-02-19 10:21:22.400,4056.0000,23891,0,3022305600.000,0,-,-,-,-,4055.6000,4055.4000,4055.0000,4053.2000,4053.0000,4056.8000,4057.0000,4057.2000,4057.4000,4057.6000,1,1,1,2,2,1,1,2,1,1
SF,IF2006,2020-02-19 10:21:22.900,4056.8000,23890,-1,3023522640.000,1,0,1,双平,S,4055.6000,4055.4000,4055.0000,4053.2000,4053.0000,4057.0000,4057.2000,4057.4000,4057.6000,4057.8000,1,1,1,2,2,1,2,1,1,1
SF,IF2006,2020-02-19 10:21:23.400,4056.8000,23890,0,3023522640.000,0,-,-,-,-,4055.8000,4055.6000,4055.4000,4055.0000,4053.2000,4057.2000,4057.4000,4057.6000,4057.8000,4058.2000,4,1,1,1,2,2,1,1,1,1
SF,IF2006,2020-02-19 10:21:23.900,4056.8000,23890,0,3023522640.000,0,-,-,-,-,4055.8000,4055.6000,4055.4000,4055.0000,4053.2000,4057.2000,4057.4000,4057.6000,4057.8000,4058.2000,4,1,1,1,2,2,1,1,1,1
SF,IF2006,2020-02-19 10:21:27.400,4056.8000,23890,0,3023522640.000,0,-,-,-,-,4056.0000,4055.8000,4055.4000,4055.0000,4053.2000,4057.2000,4057.4000,4057.6000,4057.8000,4058.2000,1,4,1,1,2,2,1,1,1,1
SF,IF2006,2020-02-19 10:21:29.400,4056.8000,23890,0,3023522640.000,0,-,-,-,-,4056.0000,4055.8000,4055.4000,4055.0000,4053.2000,4057.4000,4057.6000,4057.8000,4058.2000,4058.6000,1,4,1,1,2,1,1,1,1,3
SF,IF2006,2020-02-19 10:21:30.400,4056.8000,23890,0,3023522640.000,0,-,-,-,-,4056.2000,4056.0000,4055.8000,4055.4000,4055.0000,4057.4000,4057.6000,4057.8000,4058.2000,4058.6000,1,1,3,1,1,1,1,1,1,3
SF,IF2006,2020-02-19 10:21:30.900,4056.8000,23890,0,3023522640.000,0,-,-,-,-,4056.4000,4056.2000,4055.8000,4055.4000,4055.0000,4057.4000,4057.6000,4057.8000,4058.2000,4058.6000,2,1,1,1,1,1,1,1,1,3
SF,IF2006,2020-02-19 10:21:31.400,4056.8000,23890,0,3023522640.000,0,-,-,-,-,4056.4000,4056.2000,4055.8000,4055.4000,4055.0000,4057.2000,4057.4000,4057.6000,4057.8000,4058.2000,2,1,1,1,1,1,1,1,1,1
SF,IF2006,2020-02-19 10:21:32.900,4056.8000,23890,0,3023522640.000,0,-,-,-,-,4056.4000,4056.2000,4055.8000,4055.4000,4055.0000,4057.4000,4057.6000,4057.8000,4058.2000,4058.8000,2,1,1,1,1,1,1,1,1,2
SF,IF2006,2020-02-19 10:21:33.900,4056.8000,23890,0,3023522640.000,0,-,-,-,-,4056.6000,4056.4000,4055.4000,4055.0000,4053.2000,4057.4000,4057.6000,4057.8000,4058.2000,4058.8000,1,2,1,1,2,1,1,1,1,2
SF,IF2006,2020-02-19 10:21:34.400,4056.8000,23890,0,3023522640.000,0,-,-,-,-,4056.8000,4056.6000,4056.4000,4055.4000,4055.0000,4057.4000,4057.6000,4057.8000,4058.2000,4058.8000,1,1,1,1,1,1,1,1,1,2
SF,IF2006,2020-02-19 10:21:34.900,4057.4000,23889,-1,3024739860.000,1,0,1,双平,S,4057.0000,4056.8000,4056.4000,4055.4000,4055.0000,4057.6000,4057.8000,4058.2000,4058.8000,4059.0000,1,1,1,1,1,1,1,1,2,6
SF,IF2006,2020-02-19 10:21:35.900,4057.6000,23889,0,3025957140.000,1,0,1,多换,S,4057.0000,4056.8000,4056.4000,4055.4000,4055.0000,4057.8000,4058.2000,4058.8000,4059.0000,4059.8000,1,1,1,1,1,1,1,2,6,1
SF,IF2006,2020-02-19 10:21:37.400,4057.6000,23889,0,3025957140.000,0,-,-,-,-,4056.8000,4056.4000,4055.4000,4055.0000,4053.2000,4057.8000,4058.2000,4058.8000,4059.0000,4059.8000,1,1,1,1,2,1,1,2,6,1
SF,IF2006,2020-02-19 10:21:37.900,4057.6000,23889,0,3025957140.000,0,-,-,-,-,4056.8000,4056.4000,4055.4000,4055.0000,4053.2000,4057.6000,4057.8000,4058.2000,4058.8000,4059.0000,1,1,1,1,2,2,1,1,2,6
SF,IF2006,2020-02-19 10:21:38.400,4057.6000,23889,0,3025957140.000,0,-,-,-,-,4056.8000,4056.4000,4055.4000,4055.0000,4053.2000,4057.8000,4058.2000,4058.8000,4059.0000,4059.8000,1,1,1,1,2,1,1,2,6,1
SF,IF2006,2020-02-19 10:21:38.900,4057.6000,23889,0,3025957140.000,0,-,-,-,-,4056.8000,4056.4000,4055.4000,4055.0000,4053.2000,4057.6000,4057.8000,4058.2000,4058.8000,4059.0000,1,1,1,1,2,4,1,1,2,6
SF,IF2006,2020-02-19 10:21:39.400,4057.6000,23889,0,3025957140.000,0,-,-,-,-,4056.4000,4055.4000,4055.0000,4053.2000,4053.0000,4057.4000,4057.6000,4057.8000,4058.2000,4058.8000,1,1,1,2,2,1,2,1,1,2
SF,IF2006,2020-02-19 10:21:39.900,4057.6000,23889,0,3025957140.000,0,-,-,-,-,4056.6000,4056.4000,4055.4000,4055.0000,4053.2000,4057.2000,4057.6000,4057.8000,4058.2000,4058.8000,3,1,1,1,2,1,2,1,1,2
SF,IF2006,2020-02-19 10:21:40.900,4057.6000,23889,0,3025957140.000,0,-,-,-,-,4056.6000,4056.4000,4055.4000,4055.0000,4053.2000,4057.6000,4057.8000,4058.2000,4058.8000,4059.0000,3,1,1,1,2,2,1,1,2,6
SF,IF2006,2020-02-19 10:21:41.400,4057.6000,23889,0,3025957140.000,0,-,-,-,-,4056.6000,4056.4000,4055.4000,4055.0000,4053.2000,4057.4000,4057.6000,4057.8000,4058.2000,4058.8000,3,1,1,1,2,1,2,1,1,2
SF,IF2006,2020-02-19 10:21:41.900,4057.6000,23889,0,3025957140.000,0,-,-,-,-,4056.6000,4056.4000,4055.4000,4055.0000,4053.2000,4057.6000,4057.8000,4058.2000,4058.8000,4059.0000,3,1,1,1,2,1,1,1,2,6
SF,IF2006,2020-02-19 10:21:42.400,4057.6000,23889,0,3025957140.000,0,-,-,-,-,4056.8000,4056.6000,4056.4000,4055.4000,4055.0000,4057.8000,4058.2000,4058.8000,4059.0000,4059.8000,1,3,1,1,1,1,1,2,6,1
SF,IF2006,2020-02-19 10:21:42.900,4057.6000,23889,0,3025957140.000,0,-,-,-,-,4056.8000,4056.6000,4056.4000,4055.4000,4055.0000,4057.6000,4057.8000,4058.2000,4058.8000,4059.0000,1,3,1,1,1,1,1,1,2,6
SF,IF2006,2020-02-19 10:21:43.400,4057.6000,23889,0,3025957140.000,0,-,-,-,-,4056.8000,4056.6000,4056.4000,4055.4000,4055.0000,4057.8000,4058.2000,4058.8000,4059.0000,4059.8000,1,3,1,1,1,1,1,2,6,1
SF,IF2006,2020-02-19 10:21:44.400,4057.6000,23889,0,3025957140.000,0,-,-,-,-,4056.8000,4056.6000,4056.4000,4055.4000,4055.0000,4057.6000,4057.8000,4058.2000,4058.8000,4059.0000,1,3,1,1,1,1,1,1,2,6
SF,IF2006,2020-02-19 10:21:44.900,4057.6000,23889,0,3025957140.000,0,-,-,-,-,4057.0000,4056.8000,4056.6000,4056.4000,4055.4000,4057.8000,4058.2000,4058.8000,4059.0000,4059.8000,2,1,1,1,1,1,1,2,6,1
SF,IF2006,2020-02-19 10:21:45.400,4057.6000,23889,0,3025957140.000,0,-,-,-,-,4057.0000,4056.8000,4056.4000,4055.4000,4055.0000,4057.8000,4058.2000,4058.8000,4059.0000,4059.8000,2,1,1,1,1,1,1,2,6,1
SF,IF2006,2020-02-19 10:21:46.900,4057.8000,23888,-1,3027174480.000,1,0,1,双平,S,4057.2000,4057.0000,4056.8000,4056.4000,4055.4000,4058.2000,4058.8000,4059.0000,4059.8000,4060.0000,1,2,1,1,1,1,2,6,1,15
SF,IF2006,2020-02-19 10:21:47.400,4057.8000,23888,0,3027174480.000,0,-,-,-,-,4057.6000,4057.4000,4056.8000,4055.4000,4055.0000,4058.2000,4058.8000,4059.0000,4059.8000,4060.0000,1,4,1,1,1,1,2,6,1,15
SF,IF2006,2020-02-19 10:21:47.900,4058.2000,23888,0,3028391940.000,1,0,1,多换,S,4057.8000,4057.6000,4057.4000,4056.8000,4055.4000,4058.8000,4059.0000,4059.8000,4060.0000,4060.2000,3,1,1,1,1,2,6,1,15,8
SF,IF2006,2020-02-19 10:21:48.400,4058.0000,23888,0,3029609340.000,1,0,1,多换,S,4057.8000,4057.4000,4056.8000,4055.4000,4055.0000,4058.0000,4058.8000,4059.0000,4059.8000,4060.0000,3,1,1,1,1,1,2,6,1,15
SF,IF2006,2020-02-19 10:21:48.900,4058.0000,23886,-2,3032044140.000,2,0,2,双平,S,4058.0000,4057.8000,4056.8000,4055.4000,4055.0000,4059.0000,4059.8000,4060.0000,4060.2000,4060.4000,4,1,1,1,1,6,1,15,8,2
SF,IF2006,2020-02-19 10:21:49.400,4058.0000,23886,0,3032044140.000,0,-,-,-,-,4058.0000,4057.8000,4056.8000,4055.4000,4055.0000,4058.8000,4059.0000,4059.8000,4060.0000,4060.2000,3,1,1,1,1,2,6,1,15,8
SF,IF2006,2020-02-19 10:21:49.900,4058.0000,23886,0,3032044140.000,0,-,-,-,-,4058.2000,4058.0000,4057.8000,4056.8000,4055.4000,4059.0000,4059.8000,4060.0000,4060.2000,4060.4000,1,2,1,1,1,6,1,15,8,2
SF,IF2006,2020-02-19 10:21:50.400,4059.0000,23887,1,3033261840.000,1,1,0,双开,S,4058.2000,4058.0000,4057.8000,4056.8000,4055.4000,4059.0000,4059.8000,4060.0000,4060.2000,4060.4000,1,2,1,1,1,5,1,15,8,2
SF,IF2006,2020-02-19 10:21:50.900,4059.0000,23887,0,3033261840.000,0,-,-,-,-,4058.2000,4058.0000,4057.8000,4056.8000,4055.4000,4059.0000,4059.8000,4060.0000,4060.2000,4060.4000,1,2,1,1,1,5,1,15,8,2
SF,IF2006,2020-02-19 10:21:51.400,4059.0000,23885,-2,3035697240.000,2,0,2,双平,S,4058.6000,4058.4000,4058.0000,4056.8000,4055.4000,4059.0000,4059.8000,4060.0000,4060.2000,4060.4000,2,2,2,1,1,3,1,15,8,2
SF,IF2006,2020-02-19 10:21:51.900,4059.0000,23884,-1,3040568040.000,4,1,3,多平,S,4059.0000,4058.6000,4058.4000,4056.8000,4055.4000,4059.8000,4060.0000,4060.2000,4060.4000,4060.8000,2,2,2,1,1,1,15,8,2,2
SF,IF2006,2020-02-19 10:21:52.400,4059.0000,23882,-2,3043003440.000,2,0,2,双平,S,4058.6000,4058.4000,4056.8000,4055.4000,4053.2000,4059.8000,4060.0000,4060.2000,4060.4000,4060.8000,2,2,1,1,2,1,15,8,2,2
SF,IF2006,2020-02-19 10:21:52.900,4059.0000,23882,0,3043003440.000,0,-,-,-,-,4058.6000,4058.4000,4056.8000,4055.4000,4053.2000,4059.6000,4059.8000,4060.0000,4060.2000,4060.4000,2,2,1,1,2,1,1,15,8,2
SF,IF2006,2020-02-19 10:21:53.400,4059.0000,23882,0,3043003440.000,0,-,-,-,-,4059.0000,4058.6000,4058.4000,4056.8000,4055.4000,4059.6000,4059.8000,4060.0000,4060.2000,4060.4000,1,2,2,1,1,1,1,15,8,2
SF,IF2006,2020-02-19 10:21:53.900,4059.0000,23882,0,3043003440.000,0,-,-,-,-,4059.0000,4058.6000,4058.4000,4056.8000,4055.4000,4059.8000,4060.0000,4060.2000,4060.4000,4060.8000,1,2,2,1,1,1,15,8,2,2
SF,IF2006,2020-02-19 10:21:54.400,4059.0000,23882,0,3043003440.000,0,-,-,-,-,4059.0000,4058.6000,4058.4000,4056.8000,4055.4000,4059.8000,4060.0000,4060.2000,4060.4000,4060.8000,1,2,2,1,1,2,15,8,2,2
SF,IF2006,2020-02-19 10:21:55.900,4059.0000,23882,0,3043003440.000,0,-,-,-,-,4059.0000,4058.6000,4058.4000,4056.8000,4055.4000,4059.8000,4060.0000,4060.2000,4060.4000,4060.8000,1,1,2,1,1,2,15,8,2,2
SF,IF2006,2020-02-19 10:21:56.400,4059.0000,23882,0,3043003440.000,0,-,-,-,-,4059.0000,4058.6000,4058.4000,4056.8000,4055.4000,4059.6000,4059.8000,4060.0000,4060.2000,4060.4000,1,1,2,1,1,2,2,15,8,2
SF,IF2006,2020-02-19 10:21:56.900,4059.6000,23880,-2,3046657080.000,3,0,3,多平,S,4059.6000,4059.0000,4058.6000,4058.4000,4056.8000,4059.8000,4060.0000,4060.2000,4060.4000,4060.8000,16,1,1,2,1,2,15,8,2,2
SF,IF2006,2020-02-19 10:21:57.400,4059.8000,23879,-1,3050310780.000,3,1,2,多平,S,4059.6000,4059.0000,4058.4000,4056.8000,4055.4000,4059.8000,4060.0000,4060.2000,4060.4000,4060.8000,14,1,1,1,1,1,15,8,2,2
SF,IF2006,2020-02-19 10:21:57.900,4059.8000,23880,1,3053964480.000,3,2,1,空开,S,4059.6000,4059.0000,4058.4000,4056.8000,4055.4000,4060.0000,4060.2000,4060.4000,4060.8000,4061.2000,12,2,1,1,1,15,8,2,2,2
SF,IF2006,2020-02-19 10:21:58.900,4059.8000,23880,0,3053964480.000,0,-,-,-,-,4059.6000,4059.0000,4058.4000,4056.8000,4055.4000,4060.0000,4060.2000,4060.4000,4060.8000,4061.2000,12,2,1,1,1,10,8,2,2,2
SF,IF2006,2020-02-19 10:21:59.900,4059.8000,23880,0,3053964480.000,0,-,-,-,-,4059.6000,4059.0000,4058.4000,4056.8000,4055.4000,4060.0000,4060.2000,4060.4000,4060.8000,4061.2000,12,2,1,1,1,10,8,2,2,2
SF,IF2006,2020-02-19 10:22:00.400,4060.0000,23880,0,3055182480.000,1,0,1,多换,S,4059.6000,4059.0000,4058.4000,4056.8000,4055.4000,4060.0000,4060.2000,4060.4000,4060.8000,4061.2000,12,2,1,1,1,9,8,2,2,2
SF,IF2006,2020-02-19 10:22:00.900,4060.0000,23871,-9,3069798120.000,12,1,11,多平,S,4060.0000,4059.6000,4059.0000,4058.4000,4056.8000,4060.2000,4060.4000,4060.8000,4061.2000,4061.6000,1,9,2,1,1,8,2,2,2,2
SF,IF2006,2020-02-19 10:22:01.400,4060.2000,23873,2,3072234240.000,2,2,0,双开,S,4060.0000,4059.6000,4059.0000,4058.4000,4056.8000,4060.2000,4060.4000,4060.8000,4061.2000,4061.6000,1,9,2,1,1,6,2,2,2,2
SF,IF2006,2020-02-19 10:22:01.900,4060.0000,23872,-1,3074670240.000,2,0,2,多平,S,4060.0000,4059.6000,4059.0000,4058.4000,4056.8000,4060.2000,4060.4000,4060.8000,4061.2000,4061.6000,1,9,2,1,1,6,2,2,2,2
SF,IF2006,2020-02-19 10:22:02.900,4060.0000,23872,0,3075888240.000,1,0,1,多换,S,4059.6000,4059.0000,4058.4000,4056.8000,4055.4000,4060.2000,4060.4000,4060.8000,4061.2000,4061.6000,9,2,1,1,1,6,2,2,2,2
SF,IF2006,2020-02-19 10:22:03.400,4060.2000,23872,0,3083196600.000,6,3,3,多换,S,4059.8000,4059.6000,4059.0000,4058.4000,4056.8000,4060.0000,4060.4000,4060.8000,4061.2000,4061.6000,2,9,2,1,1,1,2,2,2,2
SF,IF2006,2020-02-19 10:22:03.900,4060.0000,23870,-2,3086850720.000,3,0,3,多平,S,4059.6000,4059.0000,4058.4000,4056.8000,4055.4000,4060.4000,4060.8000,4061.2000,4061.6000,4062.0000,9,2,1,1,1,1,2,2,2,2
SF,IF2006,2020-02-19 10:22:04.400,4060.0000,23870,0,3086850720.000,0,-,-,-,-,4059.8000,4059.6000,4059.0000,4058.4000,4057.6000,4060.4000,4060.8000,4061.2000,4061.6000,4062.0000,2,9,2,1,1,1,2,2,2,2
SF,IF2006,2020-02-19 10:22:04.900,4060.0000,23870,0,3086850720.000,0,-,-,-,-,4059.8000,4059.6000,4059.0000,4058.4000,4057.6000,4060.4000,4060.8000,4061.0000,4061.2000,4061.6000,2,9,2,1,1,1,2,1,2,2
SF,IF2006,2020-02-19 10:22:05.400,4060.0000,23870,0,3086850720.000,0,-,-,-,-,4059.8000,4059.6000,4059.0000,4058.4000,4057.6000,4060.4000,4060.8000,4061.0000,4061.2000,4061.6000,2,9,2,1,1,1,2,1,2,2
SF,IF2006,2020-02-19 10:22:06.900,4060.0000,23870,0,3086850720.000,0,-,-,-,-,4059.8000,4059.6000,4059.0000,4058.4000,4057.6000,4060.2000,4060.4000,4060.8000,4061.0000,4061.2000,2,9,2,1,1,1,1,2,1,2
SF,IF2006,2020-02-19 10:22:07.900,4060.0000,23870,0,3086850720.000,0,-,-,-,-,4059.8000,4059.6000,4059.0000,4058.4000,4057.6000,4060.0000,4060.2000,4060.4000,4060.8000,4061.0000,2,9,2,1,1,1,1,1,2,1
SF,IF2006,2020-02-19 10:22:08.400,4060.0000,23870,0,3086850720.000,0,-,-,-,-,4059.8000,4059.6000,4059.0000,4058.4000,4057.6000,4060.0000,4060.2000,4060.4000,4060.8000,4061.0000,2,9,2,1,1,2,1,1,2,1
SF,IF2006,2020-02-19 10:22:08.900,4060.0000,23870,0,3086850720.000,0,-,-,-,-,4059.8000,4059.6000,4059.0000,4058.4000,4057.6000,4060.0000,4060.2000,4060.4000,4060.6000,4060.8000,2,9,2,1,1,1,1,1,1,2
SF,IF2006,2020-02-19 10:22:09.400,4060.0000,23871,1,3088068720.000,1,1,0,双开,S,4059.8000,4059.6000,4059.0000,4058.4000,4057.6000,4060.2000,4060.4000,4060.6000,4060.8000,4061.0000,2,9,2,1,1,1,1,1,2,1
SF,IF2006,2020-02-19 10:22:09.900,4060.0000,23871,0,3088068720.000,0,-,-,-,-,4059.8000,4059.6000,4059.0000,4058.4000,4057.6000,4060.2000,4060.4000,4060.6000,4060.8000,4061.0000,1,9,2,1,1,1,1,1,2,1
SF,IF2006,2020-02-19 10:22:10.400,4059.6000,23867,-4,3092940300.000,4,0,4,双平,S,4059.6000,4059.0000,4058.4000,4057.6000,4055.4000,4060.2000,4060.4000,4060.6000,4060.8000,4061.0000,6,2,1,1,1,1,1,1,2,1
SF,IF2006,2020-02-19 10:22:10.900,4060.4000,23865,-2,3096594480.000,3,0,3,多平,S,4060.4000,4059.6000,4059.0000,4058.4000,4057.6000,4060.6000,4060.8000,4061.0000,4061.2000,4061.6000,16,6,2,1,1,1,2,1,2,2
SF,IF2006,2020-02-19 10:22:11.400,4060.4000,23863,-2,3106339440.000,8,3,5,多平,S,4060.4000,4059.6000,4059.0000,4058.4000,4055.4000,4060.6000,4060.8000,4061.0000,4061.2000,4061.6000,8,6,2,1,1,1,3,1,2,2
SF,IF2006,2020-02-19 10:22:11.900,4060.4000,23863,0,3108775680.000,2,1,1,多换,S,4060.4000,4059.6000,4059.0000,4058.4000,4055.4000,4060.6000,4060.8000,4061.0000,4061.2000,4061.6000,6,6,2,1,1,1,2,1,2,2
SF,IF2006,2020-02-19 10:22:12.400,4060.4000,23863,0,3108775680.000,0,-,-,-,-,4060.4000,4059.6000,4059.0000,4058.4000,4055.4000,4060.6000,4060.8000,4061.0000,4061.2000,4061.6000,6,6,2,1,1,1,3,1,2,2
SF,IF2006,2020-02-19 10:22:13.900,4060.4000,23860,-3,3114866280.000,5,1,4,多平,S,4060.4000,4059.6000,4059.0000,4058.4000,4055.4000,4060.6000,4060.8000,4061.0000,4061.2000,4061.6000,1,6,2,1,1,1,3,1,2,2
SF,IF2006,2020-02-19 10:22:14.400,4060.4000,23859,-1,3116084400.000,1,0,1,双平,S,4059.6000,4059.0000,4058.4000,4055.4000,4053.2000,4060.2000,4060.4000,4060.6000,4060.8000,4061.0000,6,2,1,1,2,1,1,1,3,1
SF,IF2006,2020-02-19 10:22:14.900,4060.2000,23858,-1,3117302460.000,1,0,1,双平,S,4059.8000,4059.6000,4059.0000,4058.4000,4055.4000,4060.4000,4060.6000,4060.8000,4061.0000,4061.2000,1,6,2,1,1,2,1,2,1,2
SF,IF2006,2020-02-19 10:22:15.900,4060.2000,23858,0,3117302460.000,0,-,-,-,-,4059.8000,4059.6000,4059.0000,4058.4000,4055.4000,4060.4000,4060.6000,4060.8000,4061.0000,4061.2000,1,6,2,1,1,2,1,2,1,2
SF,IF2006,2020-02-19 10:22:16.400,4059.8000,23857,-1,3118520400.000,1,0,1,双平,S,4059.6000,4059.0000,4058.4000,4055.4000,4053.2000,4060.4000,4060.6000,4060.8000,4061.0000,4061.2000,6,2,1,1,2,2,1,2,2,2
SF,IF2006,2020-02-19 10:22:16.900,4059.8000,23857,0,3118520400.000,0,-,-,-,-,4059.6000,4059.0000,4058.4000,4055.4000,4053.2000,4060.2000,4060.4000,4060.6000,4060.8000,4061.0000,6,2,1,1,2,1,2,1,2,2
SF,IF2006,2020-02-19 10:22:17.900,4059.8000,23857,0,3118520400.000,0,-,-,-,-,4059.6000,4059.0000,4058.4000,4057.6000,4055.4000,4060.0000,4060.2000,4060.4000,4060.6000,4060.8000,6,2,1,1,1,1,2,2,1,2
SF,IF2006,2020-02-19 10:22:18.400,4059.8000,23857,0,3118520400.000,0,-,-,-,-,4059.6000,4059.0000,4058.4000,4057.6000,4055.4000,4060.0000,4060.2000,4060.4000,4060.6000,4060.8000,6,2,1,1,1,2,2,1,1,2
SF,IF2006,2020-02-19 10:22:19.400,4059.8000,23857,0,3118520400.000,0,-,-,-,-,4059.6000,4059.0000,4058.4000,4057.6000,4055.4000,4060.0000,4060.2000,4060.4000,4060.6000,4060.8000,6,2,1,1,1,1,2,1,1,2
SF,IF2006,2020-02-19 10:22:19.900,4060.0000,23856,-1,3119738400.000,1,0,1,双平,S,4059.8000,4059.6000,4059.0000,4058.4000,4057.6000,4060.2000,4060.4000,4060.6000,4060.8000,4061.0000,1,6,2,1,1,2,1,1,2,2
SF,IF2006,2020-02-19 10:22:20.400,4060.2000,23856,0,3120956460.000,1,0,1,多换,S,4059.8000,4059.6000,4059.0000,4058.4000,4057.6000,4060.4000,4060.6000,4060.8000,4061.0000,4061.2000,1,6,2,1,1,1,1,2,2,2
SF,IF2006,2020-02-19 10:22:20.900,4060.4000,23856,0,3122174580.000,1,0,1,多换,S,4059.8000,4059.6000,4059.0000,4058.4000,4057.6000,4060.6000,4060.8000,4061.0000,4061.2000,4061.6000,1,6,2,1,1,1,2,2,2,2
SF,IF2006,2020-02-19 10:22:21.400,4060.4000,23856,0,3122174580.000,0,-,-,-,-,4060.0000,4059.8000,4059.6000,4059.0000,4057.6000,4060.4000,4060.6000,4060.8000,4061.0000,4061.2000,2,1,6,2,1,1,1,2,2,2
SF,IF2006,2020-02-19 10:22:21.900,4060.4000,23857,1,3123392700.000,1,1,0,双开,S,4060.4000,4060.2000,4060.0000,4059.8000,4059.6000,4060.6000,4060.8000,4061.0000,4061.2000,4061.6000,1,8,2,1,6,1,2,2,2,2
SF,IF2006,2020-02-19 10:22:22.400,4060.8000,23855,-2,3127047360.000,3,0,3,多平,S,4060.0000,4059.8000,4059.6000,4059.0000,4057.6000,4061.0000,4061.2000,4061.6000,4062.0000,4062.2000,2,1,6,2,1,2,2,2,2,1
SF,IF2006,2020-02-19 10:22:22.900,4060.8000,23855,0,3127047360.000,0,-,-,-,-,4060.0000,4059.8000,4059.6000,4059.0000,4057.6000,4061.0000,4061.2000,4061.6000,4062.0000,4062.2000,2,1,6,2,1,2,2,2,2,1
SF,IF2006,2020-02-19 10:22:23.400,4060.8000,23855,0,3127047360.000,0,-,-,-,-,4060.0000,4059.8000,4059.6000,4059.0000,4057.6000,4061.0000,4061.2000,4061.6000,4062.0000,4062.2000,6,1,6,2,1,2,2,2,2,1
SF,IF2006,2020-02-19 10:22:23.900,4060.8000,23855,0,3127047360.000,0,-,-,-,-,4060.2000,4060.0000,4059.8000,4059.6000,4059.0000,4061.0000,4061.2000,4061.6000,4062.0000,4062.2000,2,6,1,6,2,2,2,2,2,1
SF,IF2006,2020-02-19 10:22:25.400,4060.8000,23855,0,3127047360.000,0,-,-,-,-,4060.2000,4060.0000,4059.8000,4059.6000,4059.0000,4061.0000,4061.2000,4061.6000,4062.0000,4062.2000,2,6,1,6,1,2,2,2,2,1
SF,IF2006,2020-02-19 10:22:27.400,4060.8000,23855,0,3127047360.000,0,-,-,-,-,4060.2000,4060.0000,4059.8000,4059.6000,4059.0000,4061.0000,4061.2000,4061.6000,4062.0000,4062.2000,1,6,1,6,1,2,2,2,2,1
SF,IF2006,2020-02-19 10:22:28.400,4060.8000,23855,0,3127047360.000,0,-,-,-,-,4060.2000,4060.0000,4059.8000,4059.6000,4059.0000,4061.0000,4061.2000,4061.6000,4062.0000,4062.2000,1,6,1,6,1,2,2,2,2,1
SF,IF2006,2020-02-19 10:22:29.400,4060.8000,23855,0,3127047360.000,0,-,-,-,-,4060.2000,4060.0000,4059.8000,4059.6000,4059.0000,4061.0000,4061.2000,4061.6000,4062.0000,4062.2000,1,6,1,6,1,2,2,2,2,1
SF,IF2006,2020-02-19 10:22:30.400,4060.8000,23856,1,3128265600.000,1,1,0,双开,S,4060.0000,4059.8000,4059.6000,4059.0000,4055.4000,4061.0000,4061.2000,4061.6000,4062.0000,4062.2000,5,1,6,1,1,2,2,2,2,1
SF,IF2006,2020-02-19 10:22:30.900,4060.8000,23856,0,3128265600.000,0,-,-,-,-,4060.0000,4059.8000,4059.6000,4059.0000,4055.4000,4060.8000,4061.0000,4061.2000,4061.6000,4062.0000,5,1,6,1,1,2,2,2,2,2
SF,IF2006,2020-02-19 10:22:31.400,4060.8000,23856,0,3128265600.000,0,-,-,-,-,4060.0000,4059.8000,4059.6000,4059.0000,4055.4000,4060.8000,4061.0000,4061.2000,4061.6000,4062.0000,5,1,6,1,1,2,2,2,2,2
SF,IF2006,2020-02-19 10:22:31.900,4060.8000,23856,0,3128265600.000,0,-,-,-,-,4060.0000,4059.8000,4059.6000,4059.0000,4055.4000,4060.6000,4061.0000,4061.2000,4061.6000,4062.0000,4,1,6,1,1,1,3,2,2,2
SF,IF2006,2020-02-19 10:22:33.400,4060.8000,23856,0,3128265600.000,0,-,-,-,-,4060.0000,4059.8000,4059.6000,4059.0000,4055.4000,4060.4000,4060.6000,4061.0000,4061.2000,4061.6000,6,1,6,1,1,1,1,3,2,2
SF,IF2006,2020-02-19 10:22:33.900,4060.8000,23856,0,3128265600.000,0,-,-,-,-,4060.0000,4059.8000,4059.6000,4059.0000,4055.4000,4060.4000,4060.6000,4061.0000,4061.2000,4061.6000,6,1,6,1,1,1,2,3,2,2
SF,IF2006,2020-02-19 10:22:35.400,4060.0000,23855,-1,3129483600.000,1,0,1,双平,S,4060.0000,4059.8000,4059.6000,4059.0000,4055.4000,4060.4000,4060.6000,4061.0000,4061.2000,4061.6000,5,1,6,1,1,1,2,3,2,2
SF,IF2006,2020-02-19 10:22:36.400,4060.0000,23854,-1,3131919720.000,2,0,2,多平,S,4060.0000,4059.8000,4059.6000,4059.0000,4055.4000,4060.6000,4061.0000,4061.2000,4061.6000,4062.0000,4,1,6,1,1,2,3,2,2,2
SF,IF2006,2020-02-19 10:22:37.400,4060.0000,23853,-1,3133137720.000,1,0,1,双平,S,4060.0000,4059.8000,4059.6000,4059.0000,4055.4000,4060.6000,4061.0000,4061.2000,4061.6000,4062.0000,3,1,6,1,1,1,3,2,2,2
SF,IF2006,2020-02-19 10:22:37.900,4060.0000,23853,0,3133137720.000,0,-,-,-,-,4060.0000,4059.8000,4059.6000,4059.0000,4055.4000,4061.0000,4061.2000,4061.6000,4062.0000,4062.2000,3,1,6,1,1,3,2,2,2,1
SF,IF2006,2020-02-19 10:22:38.400,4060.0000,23853,0,3133137720.000,0,-,-,-,-,4060.2000,4060.0000,4059.8000,4059.6000,4059.0000,4061.0000,4061.2000,4061.6000,4062.0000,4062.2000,1,3,1,6,1,3,2,2,2,1
SF,IF2006,2020-02-19 10:22:39.400,4060.0000,23853,0,3133137720.000,0,-,-,-,-,4060.2000,4060.0000,4059.8000,4059.6000,4059.0000,4061.0000,4061.2000,4061.6000,4062.0000,4062.2000,1,3,1,6,1,3,3,2,2,1
SF,IF2006,2020-02-19 10:22:40.900,4060.0000,23853,0,3133137720.000,0,-,-,-,-,4060.2000,4060.0000,4059.8000,4059.6000,4059.0000,4061.0000,4061.2000,4061.6000,4062.0000,4062.2000,1,3,1,6,1,3,3,2,2,1
SF,IF2006,2020-02-19 10:22:41.900,4060.0000,23853,0,3133137720.000,0,-,-,-,-,4060.2000,4060.0000,4059.8000,4059.6000,4059.0000,4061.0000,4061.2000,4061.6000,4062.0000,4062.2000,1,3,1,6,1,3,3,2,2,1
SF,IF2006,2020-02-19 10:22:42.400,4060.0000,23853,0,3133137720.000,0,-,-,-,-,4060.2000,4060.0000,4059.8000,4059.6000,4059.0000,4061.0000,4061.2000,4061.6000,4062.0000,4062.2000,1,3,1,6,1,3,3,2,2,1
SF,IF2006,2020-02-19 10:22:43.400,4061.0000,23853,0,3134356020.000,1,0,1,多换,S,4060.2000,4060.0000,4059.8000,4059.6000,4059.0000,4061.0000,4061.2000,4061.6000,4062.0000,4062.2000,1,3,1,6,1,2,3,2,2,1
SF,IF2006,2020-02-19 10:22:44.900,4061.0000,23853,0,3134356020.000,0,-,-,-,-,4060.2000,4060.0000,4059.8000,4059.6000,4059.0000,4061.0000,4061.2000,4061.6000,4062.0000,4062.2000,1,3,1,6,1,2,3,2,2,1
SF,IF2006,2020-02-19 10:22:45.900,4061.0000,23853,0,3134356020.000,0,-,-,-,-,4060.2000,4060.0000,4059.8000,4059.6000,4059.0000,4061.0000,4061.2000,4061.6000,4062.0000,4062.2000,1,3,1,6,1,2,3,2,2,1
SF,IF2006,2020-02-19 10:22:46.900,4061.0000,23853,0,3134356020.000,0,-,-,-,-,4060.2000,4060.0000,4059.8000,4059.6000,4059.0000,4061.0000,4061.2000,4061.6000,4062.0000,4062.2000,1,3,1,6,1,2,3,2,2,1
SF,IF2006,2020-02-19 10:22:47.400,4061.0000,23853,0,3135574320.000,1,0,1,多换,S,4060.2000,4060.0000,4059.8000,4059.6000,4059.0000,4061.0000,4061.2000,4061.6000,4062.0000,4062.2000,1,3,1,6,1,1,3,2,2,1
SF,IF2006,2020-02-19 10:22:48.400,4061.0000,23853,0,3135574320.000,0,-,-,-,-,4060.2000,4060.0000,4059.8000,4059.6000,4059.0000,4061.0000,4061.2000,4061.6000,4062.0000,4062.2000,1,3,1,6,1,1,3,2,2,1
SF,IF2006,2020-02-19 10:22:49.400,4061.0000,23852,-1,3136792620.000,1,0,1,双平,S,4060.2000,4060.0000,4059.8000,4059.6000,4059.0000,4061.2000,4061.6000,4062.0000,4062.2000,4062.4000,1,3,1,6,1,3,2,2,1,2
SF,IF2006,2020-02-19 10:22:49.900,4060.2000,23853,1,3138010680.000,1,1,0,双开,S,4060.0000,4059.8000,4059.6000,4059.0000,4056.8000,4061.2000,4061.6000,4062.0000,4062.2000,4062.4000,3,1,6,1,1,3,2,2,1,2
SF,IF2006,2020-02-19 10:22:50.400,4060.2000,23853,0,3138010680.000,0,-,-,-,-,4060.2000,4060.0000,4059.8000,4059.6000,4059.0000,4061.2000,4061.6000,4062.0000,4062.2000,4062.4000,1,3,1,6,1,3,2,2,1,2
SF,IF2006,2020-02-19 10:22:51.400,4060.2000,23853,0,3138010680.000,0,-,-,-,-,4060.4000,4060.2000,4060.0000,4059.8000,4059.6000,4061.0000,4061.2000,4061.6000,4062.0000,4062.2000,1,1,3,1,6,1,3,2,2,1
SF,IF2006,2020-02-19 10:22:51.900,4060.2000,23853,0,3138010680.000,0,-,-,-,-,4060.4000,4060.2000,4060.0000,4059.8000,4059.6000,4061.2000,4061.6000,4062.0000,4062.2000,4062.4000,1,1,3,1,6,3,2,2,1,2
SF,IF2006,2020-02-19 10:22:52.400,4060.2000,23853,0,3138010680.000,0,-,-,-,-,4060.4000,4060.2000,4060.0000,4059.8000,4059.6000,4061.2000,4061.6000,4062.0000,4062.2000,4062.4000,1,1,3,1,6,3,2,2,1,2
SF,IF2006,2020-02-19 10:22:53.400,4060.2000,23853,0,3138010680.000,0,-,-,-,-,4060.4000,4060.2000,4060.0000,4059.8000,4059.6000,4061.2000,4061.6000,4062.0000,4062.2000,4062.4000,1,2,3,1,6,3,2,2,1,2
SF,IF2006,2020-02-19 10:22:53.900,4060.2000,23853,0,3138010680.000,0,-,-,-,-,4060.4000,4060.2000,4060.0000,4059.8000,4059.6000,4061.2000,4061.6000,4062.0000,4062.2000,4062.4000,1,2,3,1,6,3,2,2,1,2
SF,IF2006,2020-02-19 10:22:54.900,4060.2000,23853,0,3138010680.000,0,-,-,-,-,4060.4000,4060.2000,4060.0000,4059.8000,4059.6000,4061.2000,4061.6000,4062.0000,4062.2000,4062.4000,1,2,3,1,6,3,2,2,1,2
SF,IF2006,2020-02-19 10:22:55.900,4060.2000,23853,0,3138010680.000,0,-,-,-,-,4060.4000,4060.2000,4060.0000,4059.8000,4059.6000,4061.2000,4061.6000,4062.0000,4062.2000,4062.4000,1,2,3,1,6,3,2,2,1,2
SF,IF2006,2020-02-19 10:22:56.400,4060.2000,23852,-1,3139228740.000,1,0,1,双平,S,4060.2000,4060.0000,4059.8000,4059.6000,4059.0000,4061.2000,4061.6000,4062.0000,4062.2000,4062.4000,2,3,1,6,1,3,2,2,1,2
SF,IF2006,2020-02-19 10:22:57.400,4060.2000,23852,0,3139228740.000,0,-,-,-,-,4061.0000,4060.2000,4060.0000,4059.8000,4059.6000,4061.2000,4061.6000,4062.0000,4062.2000,4062.4000,1,2,3,1,6,3,2,2,1,2
SF,IF2006,2020-02-19 10:22:57.900,4061.2000,23852,0,3141665400.000,2,1,1,多换,S,4060.4000,4060.2000,4060.0000,4059.8000,4059.6000,4061.2000,4061.6000,4062.0000,4062.2000,4062.4000,1,2,3,1,6,2,2,2,1,2
SF,IF2006,2020-02-19 10:23:01.900,4061.2000,23852,0,3141665400.000,0,-,-,-,-,4060.4000,4060.2000,4060.0000,4059.8000,4059.6000,4061.2000,4061.6000,4062.0000,4062.2000,4062.4000,1,2,3,1,6,2,2,2,1,2
SF,IF2006,2020-02-19 10:23:02.900,4061.2000,23852,0,3141665400.000,0,-,-,-,-,4060.4000,4060.2000,4060.0000,4059.8000,4059.6000,4061.0000,4061.2000,4061.6000,4062.0000,4062.2000,1,2,3,1,6,3,2,2,2,1
SF,IF2006,2020-02-19 10:23:04.400,4061.2000,23852,0,3141665400.000,0,-,-,-,-,4060.4000,4060.2000,4060.0000,4059.8000,4059.6000,4060.8000,4061.0000,4061.2000,4061.6000,4062.0000,1,2,3,1,6,1,2,2,2,2
SF,IF2006,2020-02-19 10:23:04.900,4061.2000,23852,0,3141665400.000,0,-,-,-,-,4060.4000,4060.2000,4060.0000,4059.8000,4059.6000,4060.8000,4061.0000,4061.2000,4061.6000,4062.0000,1,2,3,1,6,1,1,2,2,2
SF,IF2006,2020-02-19 10:23:05.400,4060.4000,23851,-1,3142883520.000,1,0,1,双平,S,4060.2000,4060.0000,4059.8000,4059.6000,4059.0000,4060.8000,4061.0000,4061.2000,4061.6000,4062.0000,2,3,1,6,1,1,1,2,2,2
SF,IF2006,2020-02-19 10:23:05.900,4060.4000,23851,0,3142883520.000,0,-,-,-,-,4060.2000,4060.0000,4059.8000,4059.6000,4059.0000,4060.4000,4060.8000,4061.0000,4061.2000,4061.6000,2,3,1,6,1,1,2,1,2,2
SF,IF2006,2020-02-19 10:23:06.400,4060.4000,23851,0,3142883520.000,0,-,-,-,-,4060.2000,4060.0000,4059.8000,4059.6000,4059.0000,4060.8000,4061.0000,4061.2000,4061.6000,4062.0000,2,3,1,6,1,2,1,2,2,2
SF,IF2006,2020-02-19 10:23:06.900,4060.4000,23851,0,3142883520.000,0,-,-,-,-,4060.2000,4060.0000,4059.8000,4059.6000,4059.0000,4060.4000,4060.8000,4061.0000,4061.2000,4061.6000,2,3,1,6,1,1,2,2,2,2
SF,IF2006,2020-02-19 10:23:07.400,4060.4000,23850,-1,3144101640.000,1,0,1,双平,S,4060.2000,4060.0000,4059.8000,4059.6000,4059.0000,4060.8000,4061.0000,4061.2000,4061.6000,4062.0000,2,3,1,6,1,2,2,2,2,2
SF,IF2006,2020-02-19 10:23:07.900,4060.8000,23849,-1,3147756000.000,3,1,2,多平,S,4060.0000,4059.8000,4059.6000,4059.0000,4056.8000,4060.8000,4061.0000,4061.2000,4061.6000,4062.0000,3,1,6,1,1,1,2,2,2,2
SF,IF2006,2020-02-19 10:23:08.400,4060.8000,23849,0,3147756000.000,0,-,-,-,-,4060.2000,4060.0000,4059.8000,4059.6000,4059.0000,4060.8000,4061.0000,4061.2000,4061.6000,4062.0000,1,3,1,6,1,1,2,2,2,2
SF,IF2006,2020-02-19 10:23:08.900,4060.8000,23849,0,3147756000.000,0,-,-,-,-,4060.2000,4060.0000,4059.8000,4059.6000,4059.0000,4060.6000,4060.8000,4061.0000,4061.2000,4061.6000,1,3,1,6,1,1,1,2,2,2
SF,IF2006,2020-02-19 10:23:09.400,4060.8000,23849,0,3147756000.000,0,-,-,-,-,4060.2000,4060.0000,4059.8000,4059.6000,4059.0000,4060.6000,4060.8000,4061.0000,4061.2000,4061.6000,1,3,1,6,1,1,1,1,2,2
SF,IF2006,2020-02-19 10:23:09.900,4060.0000,23848,-1,3151410060.000,3,1,2,多平,S,4060.4000,4060.0000,4059.8000,4059.6000,4059.0000,4060.6000,4060.8000,4061.0000,4061.2000,4061.6000,1,1,1,6,1,1,1,1,2,2
SF,IF2006,2020-02-19 10:23:10.400,4060.0000,23846,-2,3153846180.000,2,0,2,双平,S,4059.8000,4059.6000,4059.0000,4056.8000,4055.4000,4060.0000,4060.2000,4060.4000,4060.6000,4060.8000,1,6,1,1,1,1,1,4,1,1
SF,IF2006,2020-02-19 10:23:10.900,4059.8000,23848,2,3156282060.000,2,2,0,双开,S,4059.6000,4059.0000,4056.8000,4055.4000,4053.2000,4060.0000,4060.2000,4060.4000,4060.6000,4060.8000,6,1,1,1,2,2,2,3,1,1
SF,IF2006,2020-02-19 10:23:11.400,4059.6000,23845,-3,3162371460.000,5,1,4,多平,S,4059.6000,4059.0000,4056.8000,4055.4000,4053.2000,4060.0000,4060.2000,4060.4000,4060.8000,4061.2000,1,1,1,1,2,1,2,3,1,2
SF,IF2006,2020-02-19 10:23:11.900,4059.6000,23845,0,3162371460.000,0,-,-,-,-,4059.6000,4059.0000,4056.8000,4055.4000,4053.2000,4060.0000,4060.2000,4060.4000,4060.8000,4061.2000,1,1,1,1,2,1,2,3,1,2
SF,IF2006,2020-02-19 10:23:12.400,4059.6000,23845,0,3162371460.000,0,-,-,-,-,4059.6000,4059.0000,4056.8000,4055.4000,4053.2000,4060.2000,4060.4000,4060.6000,4060.8000,4061.2000,1,1,1,1,2,2,3,1,1,2
SF,IF2006,2020-02-19 10:23:12.900,4059.6000,23845,0,3163589340.000,1,0,1,多换,S,4059.0000,4056.8000,4055.4000,4053.2000,4053.0000,4060.0000,4060.2000,4060.4000,4060.6000,4060.8000,1,1,1,2,2,3,2,3,1,1
SF,IF2006,2020-02-19 10:23:13.400,4059.0000,23846,1,3164807040.000,1,1,0,双开,S,4059.2000,4056.8000,4055.4000,4053.2000,4053.0000,4059.8000,4060.0000,4060.2000,4060.4000,4060.6000,1,1,1,2,2,2,2,2,3,1
SF,IF2006,2020-02-19 10:23:13.900,4059.0000,23846,0,3164807040.000,0,-,-,-,-,4059.2000,4056.8000,4055.4000,4053.2000,4053.0000,4059.8000,4060.0000,4060.2000,4060.4000,4060.6000,1,1,1,2,2,3,2,1,3,1
SF,IF2006,2020-02-19 10:23:14.400,4059.8000,23845,-1,3166024980.000,1,0,1,双平,S,4059.2000,4056.8000,4055.4000,4053.2000,4053.0000,4060.0000,4060.2000,4060.4000,4060.6000,4061.2000,1,1,1,2,2,1,1,3,1,2
SF,IF2006,2020-02-19 10:23:14.900,4060.0000,23845,0,3167242980.000,1,0,1,多换,S,4059.2000,4056.8000,4055.4000,4053.2000,4053.0000,4060.2000,4060.4000,4060.6000,4061.2000,4061.6000,1,1,1,2,2,1,2,1,2,2
SF,IF2006,2020-02-19 10:23:15.400,4056.8000,23844,-1,3170895600.000,3,1,2,多平,S,4055.4000,4053.2000,4053.0000,4052.0000,4051.2000,4060.2000,4060.4000,4061.2000,4061.6000,4062.0000,1,2,2,1,1,1,2,2,2,2
SF,IF2006,2020-02-19 10:23:15.900,4056.8000,23844,0,3170895600.000,0,-,-,-,-,4058.8000,4058.4000,4058.2000,4058.0000,4057.8000,4060.0000,4060.2000,4061.2000,4061.6000,4062.0000,1,1,1,1,7,4,1,2,2,2
SF,IF2006,2020-02-19 10:23:16.400,4056.8000,23844,0,3170895600.000,0,-,-,-,-,4059.0000,4058.8000,4058.4000,4058.0000,4057.8000,4059.8000,4060.0000,4060.2000,4061.2000,4061.6000,3,1,1,1,5,1,2,1,2,2
SF,IF2006,2020-02-19 10:23:16.900,4056.8000,23844,0,3170895600.000,0,-,-,-,-,4059.4000,4059.0000,4058.8000,4058.4000,4058.0000,4060.0000,4060.2000,4061.2000,4061.6000,4062.0000,1,3,1,1,1,2,1,2,2,2
SF,IF2006,2020-02-19 10:23:17.400,4060.0000,23845,1,3173331600.000,2,1,1,空开,S,4059.0000,4058.8000,4058.0000,4057.6000,4057.2000,4060.2000,4061.2000,4061.6000,4062.0000,4062.2000,3,1,1,4,3,1,2,2,2,1
SF,IF2006,2020-02-19 10:23:17.900,4060.0000,23845,0,3173331600.000,0,-,-,-,-,4059.0000,4058.8000,4058.0000,4057.8000,4057.6000,4059.4000,4060.0000,4060.2000,4061.2000,4061.6000,2,1,1,1,4,1,2,1,2,2
SF,IF2006,2020-02-19 10:23:18.400,4060.0000,23845,0,3173331600.000,0,-,-,-,-,4058.0000,4057.8000,4057.6000,4057.2000,4057.0000,4059.4000,4060.2000,4061.2000,4061.6000,4062.0000,1,1,4,5,4,1,1,2,2,2
SF,IF2006,2020-02-19 10:23:18.900,4060.0000,23845,0,3173331600.000,0,-,-,-,-,4058.6000,4058.4000,4058.2000,4058.0000,4057.6000,4059.4000,4059.8000,4060.2000,4061.2000,4061.6000,1,1,6,2,4,1,1,1,2,2
SF,IF2006,2020-02-19 10:23:19.400,4060.0000,23845,0,3173331600.000,0,-,-,-,-,4058.6000,4058.4000,4058.2000,4058.0000,4057.6000,4059.4000,4059.8000,4060.2000,4061.2000,4061.6000,1,1,6,2,4,1,1,1,2,2
SF,IF2006,2020-02-19 10:23:19.900,4060.0000,23845,0,3173331600.000,0,-,-,-,-,4058.6000,4058.4000,4058.2000,4058.0000,4057.6000,4059.4000,4059.8000,4061.2000,4061.6000,4062.0000,1,1,6,1,4,1,1,2,2,2
SF,IF2006,2020-02-19 10:23:20.400,4060.0000,23845,0,3173331600.000,0,-,-,-,-,4058.6000,4058.4000,4058.2000,4058.0000,4057.6000,4059.4000,4059.8000,4061.2000,4061.6000,4062.0000,1,1,6,1,3,1,1,2,2,2
SF,IF2006,2020-02-19 10:23:20.900,4060.0000,23845,0,3173331600.000,0,-,-,-,-,4058.6000,4058.4000,4058.2000,4058.0000,4057.6000,4059.4000,4059.8000,4061.2000,4061.6000,4062.0000,1,1,6,1,3,1,1,2,2,2
SF,IF2006,2020-02-19 10:23:21.400,4060.0000,23845,0,3173331600.000,0,-,-,-,-,4058.6000,4058.4000,4058.2000,4058.0000,4057.6000,4059.4000,4059.8000,4061.2000,4061.6000,4062.0000,1,1,6,1,3,1,1,2,2,2
SF,IF2006,2020-02-19 10:23:21.900,4059.4000,23844,-1,3174549420.000,1,0,1,双平,S,4058.6000,4058.4000,4058.2000,4058.0000,4057.6000,4059.8000,4061.2000,4061.6000,4062.0000,4062.2000,1,1,3,1,3,1,2,2,2,1
SF,IF2006,2020-02-19 10:23:22.400,4059.4000,23844,0,3174549420.000,0,-,-,-,-,4058.8000,4058.6000,4058.4000,4058.2000,4058.0000,4059.8000,4061.2000,4061.6000,4062.0000,4062.2000,1,1,1,2,1,1,2,2,2,1
SF,IF2006,2020-02-19 10:23:22.900,4059.4000,23844,0,3174549420.000,0,-,-,-,-,4058.8000,4058.6000,4058.4000,4058.2000,4058.0000,4059.8000,4061.2000,4061.6000,4062.0000,4062.2000,1,1,1,2,1,1,2,2,2,1
SF,IF2006,2020-02-19 10:23:23.400,4059.4000,23844,0,3174549420.000,0,-,-,-,-,4058.8000,4058.6000,4058.4000,4058.2000,4058.0000,4059.8000,4061.2000,4061.6000,4062.0000,4062.2000,1,1,1,3,1,1,2,2,2,1
SF,IF2006,2020-02-19 10:23:23.900,4059.4000,23844,0,3174549420.000,0,-,-,-,-,4058.8000,4058.6000,4058.4000,4058.2000,4058.0000,4059.8000,4061.2000,4061.6000,4062.0000,4062.2000,1,1,1,3,1,1,2,2,2,1
SF,IF2006,2020-02-19 10:23:24.400,4059.4000,23844,0,3174549420.000,0,-,-,-,-,4059.0000,4058.8000,4058.6000,4058.4000,4058.2000,4059.8000,4061.2000,4061.6000,4062.0000,4062.2000,1,1,1,1,2,1,2,2,2,1
SF,IF2006,2020-02-19 10:23:24.900,4059.0000,23844,0,3175767120.000,1,0,1,多换,S,4058.8000,4058.6000,4058.4000,4058.2000,4058.0000,4059.8000,4061.2000,4061.6000,4062.0000,4062.2000,1,1,1,2,1,1,2,2,2,1
SF,IF2006,2020-02-19 10:23:25.400,4059.0000,23844,0,3175767120.000,0,-,-,-,-,4058.8000,4058.6000,4058.4000,4058.2000,4058.0000,4059.8000,4061.2000,4061.6000,4062.0000,4062.2000,1,1,1,2,1,1,2,2,2,1
SF,IF2006,2020-02-19 10:23:25.900,4059.0000,23844,0,3175767120.000,0,-,-,-,-,4059.0000,4058.8000,4058.6000,4058.2000,4058.0000,4059.8000,4060.0000,4061.2000,4061.6000,4062.0000,1,1,1,2,1,1,1,2,2,2
SF,IF2006,2020-02-19 10:23:26.400,4059.0000,23844,0,3175767120.000,0,-,-,-,-,4059.0000,4058.8000,4058.6000,4058.2000,4058.0000,4059.8000,4060.0000,4061.2000,4061.6000,4062.0000,1,1,1,2,1,1,1,2,2,2
SF,IF2006,2020-02-19 10:23:26.900,4059.0000,23844,0,3175767120.000,0,-,-,-,-,4059.0000,4058.8000,4058.2000,4058.0000,4057.6000,4059.8000,4060.0000,4061.2000,4061.6000,4062.0000,1,1,2,1,2,1,1,2,2,2
SF,IF2006,2020-02-19 10:23:27.400,4059.0000,23844,0,3175767120.000,0,-,-,-,-,4059.2000,4059.0000,4058.8000,4058.2000,4058.0000,4059.8000,4060.0000,4061.2000,4061.6000,4062.0000,1,1,1,2,1,1,1,2,2,2
SF,IF2006,2020-02-19 10:23:27.900,4059.0000,23844,0,3175767120.000,0,-,-,-,-,4059.2000,4059.0000,4058.8000,4058.2000,4058.0000,4059.8000,4060.0000,4061.2000,4061.6000,4062.0000,1,1,1,3,1,1,1,2,2,2
SF,IF2006,2020-02-19 10:23:32.900,4059.0000,23844,0,3175767120.000,0,-,-,-,-,4059.2000,4059.0000,4058.8000,4058.2000,4058.0000,4059.8000,4060.0000,4061.2000,4061.6000,4062.0000,1,1,1,3,1,1,1,2,2,2
SF,IF2006,2020-02-19 10:23:34.400,4059.8000,23843,-1,3176985060.000,1,0,1,双平,S,4059.4000,4059.2000,4059.0000,4058.8000,4058.2000,4060.0000,4061.2000,4061.6000,4062.0000,4062.2000,1,2,1,1,3,1,2,2,2,1
SF,IF2006,2020-02-19 10:23:35.400,4059.4000,23843,0,3178202880.000,1,0,1,多换,S,4059.2000,4059.0000,4058.8000,4058.2000,4058.0000,4060.0000,4061.2000,4061.6000,4062.0000,4062.2000,2,1,1,3,1,1,2,2,2,1
SF,IF2006,2020-02-19 10:23:36.400,4059.4000,23843,0,3178202880.000,0,-,-,-,-,4059.2000,4059.0000,4058.8000,4058.2000,4058.0000,4060.0000,4061.2000,4061.6000,4062.0000,4062.2000,2,1,1,2,1,1,2,2,2,1
SF,IF2006,2020-02-19 10:23:36.900,4060.0000,23843,0,3179420880.000,1,0,1,多换,S,4060.0000,4059.2000,4059.0000,4058.8000,4058.2000,4061.2000,4061.6000,4062.0000,4062.2000,4062.4000,1,2,1,1,2,2,2,2,1,2
SF,IF2006,2020-02-19 10:23:37.400,4060.0000,23843,0,3179420880.000,0,-,-,-,-,4060.0000,4059.2000,4058.8000,4058.2000,4058.0000,4060.8000,4061.0000,4061.2000,4061.6000,4062.0000,1,2,1,2,1,2,4,2,2,2
SF,IF2006,2020-02-19 10:23:37.900,4060.0000,23843,0,3179420880.000,0,-,-,-,-,4060.0000,4059.2000,4058.8000,4058.2000,4058.0000,4060.8000,4061.0000,4061.2000,4061.6000,4062.0000,1,2,1,2,1,2,2,2,2,2
SF,IF2006,2020-02-19 10:23:39.400,4060.0000,23843,0,3180638880.000,1,0,1,多换,S,4059.2000,4058.8000,4058.2000,4058.0000,4057.6000,4060.8000,4061.0000,4061.2000,4061.6000,4062.0000,2,1,2,1,2,2,2,2,2,2
SF,IF2006,2020-02-19 10:23:39.900,4060.0000,23843,0,3180638880.000,0,-,-,-,-,4059.4000,4059.2000,4058.2000,4058.0000,4057.6000,4060.6000,4060.8000,4061.0000,4061.2000,4061.6000,2,2,2,1,2,3,2,2,2,2
SF,IF2006,2020-02-19 10:23:40.400,4060.0000,23843,0,3180638880.000,0,-,-,-,-,4059.4000,4059.2000,4058.2000,4058.0000,4057.6000,4060.6000,4060.8000,4061.0000,4061.2000,4061.6000,2,2,2,1,1,3,2,2,2,2
SF,IF2006,2020-02-19 10:23:40.900,4060.0000,23843,0,3180638880.000,0,-,-,-,-,4059.4000,4059.2000,4058.2000,4058.0000,4057.6000,4060.4000,4060.6000,4060.8000,4061.0000,4061.2000,2,1,2,1,1,2,1,2,1,2
SF,IF2006,2020-02-19 10:23:41.400,4060.0000,23843,0,3180638880.000,0,-,-,-,-,4059.4000,4059.2000,4058.2000,4058.0000,4057.6000,4060.2000,4060.6000,4061.0000,4061.2000,4061.6000,2,1,2,1,1,2,1,1,2,2
SF,IF2006,2020-02-19 10:23:41.900,4060.0000,23843,0,3180638880.000,0,-,-,-,-,4059.2000,4058.2000,4058.0000,4057.6000,4057.0000,4060.4000,4060.6000,4061.0000,4061.2000,4061.6000,1,2,1,1,4,1,1,1,2,2
SF,IF2006,2020-02-19 10:23:42.400,4060.0000,23843,0,3180638880.000,0,-,-,-,-,4059.2000,4058.2000,4058.0000,4057.6000,4057.0000,4060.2000,4060.4000,4060.6000,4061.0000,4061.2000,1,2,1,1,4,3,1,1,1,2
SF,IF2006,2020-02-19 10:23:42.900,4060.0000,23843,0,3180638880.000,0,-,-,-,-,4059.2000,4058.2000,4057.6000,4057.0000,4056.6000,4059.8000,4060.0000,4060.4000,4060.6000,4061.0000,1,2,1,4,4,1,4,1,1,3
SF,IF2006,2020-02-19 10:23:43.400,4060.0000,23843,0,3180638880.000,0,-,-,-,-,4059.2000,4058.2000,4057.6000,4057.0000,4056.6000,4059.8000,4060.0000,4060.2000,4060.4000,4060.6000,1,2,1,3,4,1,2,1,1,1
SF,IF2006,2020-02-19 10:23:43.900,4060.0000,23843,0,3180638880.000,0,-,-,-,-,4059.2000,4058.2000,4057.6000,4057.0000,4056.6000,4060.0000,4060.2000,4060.4000,4060.6000,4060.8000,1,2,1,3,4,2,1,1,1,1
SF,IF2006,2020-02-19 10:23:44.400,4060.0000,23843,0,3180638880.000,0,-,-,-,-,4059.2000,4058.2000,4057.6000,4057.0000,4056.6000,4060.0000,4060.2000,4060.4000,4060.6000,4060.8000,1,2,1,3,4,1,1,1,1,1
SF,IF2006,2020-02-19 10:23:44.900,4060.0000,23843,0,3180638880.000,0,-,-,-,-,4059.2000,4058.2000,4057.6000,4057.0000,4056.6000,4060.2000,4060.4000,4060.6000,4061.0000,4061.2000,1,2,1,3,4,1,1,1,3,2
SF,IF2006,2020-02-19 10:23:45.400,4060.0000,23843,0,3180638880.000,0,-,-,-,-,4059.2000,4058.2000,4057.6000,4057.0000,4056.6000,4060.0000,4060.2000,4060.4000,4060.6000,4061.0000,1,2,1,3,4,1,1,1,1,3
SF,IF2006,2020-02-19 10:23:45.900,4060.0000,23843,0,3180638880.000,0,-,-,-,-,4059.2000,4058.2000,4057.6000,4057.0000,4056.6000,4060.2000,4060.4000,4060.6000,4061.0000,4061.2000,1,2,1,3,4,1,1,1,3,2
SF,IF2006,2020-02-19 10:23:46.400,4060.0000,23843,0,3180638880.000,0,-,-,-,-,4059.2000,4058.2000,4057.6000,4057.0000,4056.6000,4060.0000,4060.2000,4060.4000,4060.6000,4061.0000,1,2,1,3,4,2,1,1,1,3
SF,IF2006,2020-02-19 10:23:46.900,4060.0000,23843,0,3180638880.000,0,-,-,-,-,4059.2000,4058.2000,4057.6000,4057.0000,4056.6000,4060.0000,4060.2000,4060.4000,4060.6000,4061.0000,1,2,1,3,4,2,1,1,1,3
SF,IF2006,2020-02-19 10:23:47.400,4060.0000,23843,0,3181856880.000,1,0,1,多换,S,4059.2000,4058.2000,4057.6000,4057.0000,4056.6000,4060.0000,4060.2000,4060.4000,4060.6000,4061.0000,1,2,1,3,4,1,1,1,1,3
SF,IF2006,2020-02-19 10:23:47.900,4060.0000,23843,0,3181856880.000,0,-,-,-,-,4059.2000,4058.2000,4057.6000,4057.0000,4056.6000,4059.8000,4060.2000,4060.4000,4060.6000,4061.0000,1,2,1,3,4,1,1,1,1,3
SF,IF2006,2020-02-19 10:23:48.900,4060.0000,23843,0,3181856880.000,0,-,-,-,-,4059.2000,4058.2000,4057.6000,4057.0000,4056.6000,4060.4000,4060.6000,4061.0000,4061.2000,4061.6000,1,2,1,3,4,1,1,3,2,2
SF,IF2006,2020-02-19 10:23:49.400,4060.0000,23843,0,3181856880.000,0,-,-,-,-,4059.2000,4058.2000,4057.6000,4057.0000,4056.6000,4060.2000,4060.4000,4061.0000,4061.2000,4061.6000,1,2,1,3,4,3,1,3,2,2
SF,IF2006,2020-02-19 10:23:49.900,4060.0000,23843,0,3181856880.000,0,-,-,-,-,4059.2000,4058.2000,4057.6000,4057.0000,4056.6000,4060.2000,4060.4000,4061.0000,4061.2000,4061.6000,1,2,1,3,4,3,1,3,2,2
SF,IF2006,2020-02-19 10:23:50.400,4059.2000,23844,1,3183074640.000,1,1,0,双开,S,4058.2000,4057.6000,4057.0000,4056.6000,4056.4000,4060.2000,4060.4000,4061.0000,4061.2000,4061.6000,2,1,3,4,1,3,1,3,2,2
SF,IF2006,2020-02-19 10:23:50.900,4059.2000,23844,0,3183074640.000,0,-,-,-,-,4058.6000,4058.4000,4057.6000,4057.0000,4056.6000,4060.0000,4060.2000,4060.4000,4061.0000,4061.2000,1,3,1,3,4,1,1,1,3,2
SF,IF2006,2020-02-19 10:23:51.400,4059.2000,23844,0,3183074640.000,0,-,-,-,-,4058.8000,4058.6000,4058.4000,4057.6000,4057.0000,4060.0000,4060.2000,4060.4000,4061.0000,4061.2000,1,1,2,1,3,1,1,1,3,2
SF,IF2006,2020-02-19 10:23:51.900,4059.2000,23844,0,3183074640.000,0,-,-,-,-,4058.8000,4058.6000,4058.4000,4057.6000,4057.0000,4059.8000,4060.0000,4060.2000,4060.4000,4061.0000,1,1,2,1,3,1,1,1,1,3
SF,IF2006,2020-02-19 10:23:54.400,4059.2000,23844,0,3183074640.000,0,-,-,-,-,4058.8000,4058.6000,4058.4000,4057.6000,4057.0000,4059.8000,4060.2000,4060.4000,4061.0000,4061.2000,1,1,2,1,3,1,1,1,3,2
SF,IF2006,2020-02-19 10:23:54.900,4059.8000,23845,1,3184292580.000,1,1,0,双开,S,4059.8000,4058.8000,4058.6000,4058.4000,4057.6000,4060.2000,4060.4000,4061.0000,4061.2000,4061.6000,2,1,1,2,1,1,1,3,2,2
SF,IF2006,2020-02-19 10:23:55.400,4059.8000,23845,0,3186728460.000,2,1,1,多换,S,4058.8000,4058.6000,4058.4000,4057.6000,4057.0000,4060.2000,4060.4000,4061.0000,4061.2000,4061.6000,1,1,1,1,3,1,1,3,2,2
SF,IF2006,2020-02-19 10:23:57.900,4059.8000,23845,0,3186728460.000,0,-,-,-,-,4058.8000,4058.6000,4058.4000,4057.6000,4057.0000,4060.2000,4060.4000,4061.0000,4061.2000,4061.6000,1,1,1,1,1,1,1,3,2,2
SF,IF2006,2020-02-19 10:23:58.400,4059.8000,23845,0,3186728460.000,0,-,-,-,-,4058.8000,4058.6000,4058.4000,4057.6000,4057.0000,4060.0000,4060.2000,4060.4000,4061.0000,4061.2000,1,1,1,1,1,1,1,1,3,2
SF,IF2006,2020-02-19 10:23:58.900,4059.8000,23845,0,3186728460.000,0,-,-,-,-,4058.8000,4058.6000,4058.4000,4057.6000,4057.0000,4060.0000,4060.2000,4060.4000,4061.0000,4061.2000,1,1,1,1,1,1,1,2,3,2
SF,IF2006,2020-02-19 10:24:01.400,4059.8000,23845,0,3186728460.000,0,-,-,-,-,4059.0000,4058.8000,4058.6000,4057.6000,4057.0000,4060.2000,4060.4000,4061.0000,4061.2000,4061.6000,1,1,1,1,1,1,2,3,2,2
SF,IF2006,2020-02-19 10:24:01.900,4059.8000,23845,0,3186728460.000,0,-,-,-,-,4059.2000,4058.8000,4057.6000,4057.0000,4056.6000,4060.2000,4060.4000,4061.0000,4061.2000,4061.6000,1,1,1,1,4,1,1,3,2,2
SF,IF2006,2020-02-19 10:24:02.400,4059.8000,23845,0,3186728460.000,0,-,-,-,-,4059.4000,4059.2000,4058.8000,4057.6000,4057.0000,4060.2000,4060.4000,4061.0000,4061.2000,4061.6000,1,1,1,1,1,1,1,3,2,2
SF,IF2006,2020-02-19 10:24:02.900,4059.8000,23845,0,3186728460.000,0,-,-,-,-,4059.4000,4059.2000,4058.8000,4057.6000,4057.0000,4060.4000,4061.0000,4061.2000,4061.6000,4062.0000,1,1,1,1,1,1,3,2,2,2
SF,IF2006,2020-02-19 10:24:04.400,4059.8000,23845,0,3186728460.000,0,-,-,-,-,4059.6000,4059.4000,4059.2000,4058.8000,4057.6000,4060.4000,4061.0000,4061.2000,4061.6000,4062.0000,1,1,1,1,1,1,3,2,2,2
SF,IF2006,2020-02-19 10:24:04.900,4059.8000,23845,0,3186728460.000,0,-,-,-,-,4059.4000,4059.2000,4058.8000,4057.6000,4057.0000,4060.4000,4061.0000,4061.2000,4061.6000,4062.0000,1,1,1,1,1,1,3,2,2,2
SF,IF2006,2020-02-19 10:24:05.900,4059.8000,23845,0,3186728460.000,0,-,-,-,-,4059.8000,4059.4000,4059.2000,4058.8000,4057.6000,4060.4000,4061.0000,4061.2000,4061.6000,4062.0000,1,1,1,1,1,1,3,2,2,2
SF,IF2006,2020-02-19 10:24:07.400,4059.8000,23845,0,3186728460.000,0,-,-,-,-,4059.8000,4059.4000,4058.8000,4057.6000,4057.0000,4060.4000,4061.0000,4061.2000,4061.6000,4062.0000,1,1,1,1,1,1,3,2,2,2
SF,IF2006,2020-02-19 10:24:07.900,4060.4000,23844,-1,3187946580.000,1,0,1,双平,S,4059.8000,4059.4000,4058.8000,4057.6000,4057.0000,4061.0000,4061.2000,4061.6000,4062.0000,4062.2000,1,1,1,1,1,3,2,2,2,1
SF,IF2006,2020-02-19 10:24:08.400,4060.0000,23844,0,3189164580.000,1,0,1,多换,S,4059.8000,4059.4000,4058.8000,4057.6000,4057.0000,4061.0000,4061.2000,4061.6000,4062.0000,4062.2000,1,1,1,1,1,3,2,2,2,1
SF,IF2006,2020-02-19 10:24:08.900,4060.0000,23844,0,3189164580.000,0,-,-,-,-,4060.0000,4059.8000,4059.4000,4057.6000,4057.0000,4061.0000,4061.2000,4061.6000,4062.0000,4062.2000,1,1,1,1,1,3,2,2,2,1
SF,IF2006,2020-02-19 10:24:09.400,4060.0000,23844,0,3189164580.000,0,-,-,-,-,4060.4000,4060.0000,4059.8000,4057.6000,4057.0000,4061.0000,4061.2000,4061.6000,4062.0000,4062.2000,1,1,1,1,1,3,2,2,2,1
SF,IF2006,2020-02-19 10:24:09.900,4060.0000,23844,0,3189164580.000,0,-,-,-,-,4060.6000,4060.4000,4060.0000,4059.8000,4057.6000,4061.0000,4061.2000,4061.6000,4062.0000,4062.2000,1,1,1,1,1,3,2,2,2,1
SF,IF2006,2020-02-19 10:24:10.400,4060.0000,23844,0,3189164580.000,0,-,-,-,-,4060.6000,4060.4000,4060.0000,4059.8000,4057.6000,4061.0000,4061.2000,4061.6000,4062.0000,4062.2000,1,1,1,1,1,3,2,2,2,1
SF,IF2006,2020-02-19 10:24:10.900,4060.0000,23844,0,3189164580.000,0,-,-,-,-,4060.4000,4060.0000,4059.8000,4057.6000,4057.0000,4061.0000,4061.2000,4061.6000,4062.0000,4062.2000,1,1,1,1,1,3,2,2,2,1
SF,IF2006,2020-02-19 10:24:11.400,4060.0000,23844,0,3189164580.000,0,-,-,-,-,4060.6000,4060.4000,4060.0000,4059.8000,4057.6000,4061.0000,4061.2000,4061.6000,4062.0000,4062.2000,1,1,1,1,1,3,2,2,2,1
SF,IF2006,2020-02-19 10:24:12.900,4061.2000,23842,-2,3195256200.000,5,1,4,多平,S,4060.8000,4060.6000,4060.4000,4060.0000,4059.8000,4061.6000,4062.0000,4062.2000,4062.4000,4062.6000,1,1,1,1,1,2,2,1,2,2
SF,IF2006,2020-02-19 10:24:13.900,4061.2000,23842,0,3195256200.000,0,-,-,-,-,4060.8000,4060.6000,4060.4000,4060.0000,4059.8000,4061.0000,4061.6000,4062.0000,4062.2000,4062.4000,1,1,1,1,1,1,2,2,1,2
SF,IF2006,2020-02-19 10:24:14.400,4060.8000,23844,2,3197692680.000,2,2,0,双开,S,4060.6000,4060.4000,4060.0000,4059.8000,4057.0000,4061.0000,4061.6000,4062.0000,4062.2000,4062.4000,1,1,1,1,1,2,2,2,1,2
SF,IF2006,2020-02-19 10:24:14.900,4060.8000,23844,0,3197692680.000,0,-,-,-,-,4060.4000,4059.8000,4057.0000,4056.6000,4056.4000,4061.0000,4061.6000,4062.0000,4062.2000,4062.4000,1,1,1,4,1,2,2,2,1,2
SF,IF2006,2020-02-19 10:24:15.900,4060.8000,23844,0,3197692680.000,0,-,-,-,-,4060.4000,4059.8000,4057.0000,4056.6000,4056.4000,4061.0000,4061.6000,4062.0000,4062.2000,4062.4000,1,1,1,4,1,2,2,2,1,2
SF,IF2006,2020-02-19 10:24:16.900,4060.8000,23844,0,3197692680.000,0,-,-,-,-,4060.6000,4060.4000,4059.8000,4057.0000,4056.6000,4061.0000,4061.6000,4062.0000,4062.2000,4062.4000,1,1,1,1,4,2,2,2,1,2
SF,IF2006,2020-02-19 10:24:17.400,4061.0000,23844,0,3198910980.000,1,0,1,多换,S,4060.6000,4060.4000,4059.8000,4057.0000,4056.6000,4061.0000,4061.6000,4062.0000,4062.2000,4062.4000,1,1,1,1,4,1,2,2,1,2
SF,IF2006,2020-02-19 10:24:17.900,4061.0000,23844,0,3198910980.000,0,-,-,-,-,4060.6000,4060.4000,4059.8000,4057.0000,4056.6000,4061.0000,4061.6000,4062.0000,4062.2000,4062.4000,1,1,1,1,4,1,2,2,1,2
SF,IF2006,2020-02-19 10:24:18.400,4061.0000,23844,0,3198910980.000,0,-,-,-,-,4060.6000,4060.4000,4059.8000,4057.0000,4056.6000,4061.0000,4061.6000,4062.0000,4062.2000,4062.4000,1,1,1,1,4,1,2,2,1,2
SF,IF2006,2020-02-19 10:24:19.900,4061.0000,23844,0,3198910980.000,0,-,-,-,-,4060.6000,4060.4000,4060.0000,4059.8000,4057.0000,4061.0000,4061.6000,4062.0000,4062.2000,4062.4000,1,1,1,1,1,1,2,2,1,2
SF,IF2006,2020-02-19 10:24:20.400,4061.0000,23844,0,3200129280.000,1,0,1,多换,S,4060.6000,4060.4000,4060.0000,4059.8000,4057.0000,4061.6000,4062.0000,4062.2000,4062.4000,4062.6000,1,1,1,1,1,2,2,1,2,2
SF,IF2006,2020-02-19 10:24:21.400,4061.0000,23844,0,3200129280.000,0,-,-,-,-,4060.6000,4060.4000,4060.0000,4059.8000,4057.0000,4061.6000,4062.0000,4062.2000,4062.4000,4062.6000,1,1,1,1,1,2,2,1,2,2
SF,IF2006,2020-02-19 10:24:22.400,4061.6000,23843,-1,3201347760.000,1,0,1,双平,S,4060.6000,4060.4000,4060.0000,4059.8000,4057.0000,4061.6000,4062.0000,4062.2000,4062.4000,4062.6000,1,1,1,1,1,1,2,1,2,2
SF,IF2006,2020-02-19 10:24:22.900,4061.6000,23842,-1,3202566240.000,1,0,1,双平,S,4060.8000,4060.6000,4060.4000,4060.0000,4059.8000,4062.0000,4062.2000,4062.4000,4062.6000,4062.8000,1,1,1,1,1,2,1,2,2,1
SF,IF2006,2020-02-19 10:24:23.400,4061.6000,23842,0,3202566240.000,0,-,-,-,-,4061.0000,4060.8000,4060.6000,4060.4000,4060.0000,4062.0000,4062.2000,4062.4000,4062.6000,4062.8000,1,1,1,1,1,2,1,2,2,1
SF,IF2006,2020-02-19 10:24:23.900,4061.0000,23842,0,3203784540.000,1,0,1,多换,S,4061.0000,4060.8000,4060.6000,4060.4000,4060.0000,4062.0000,4062.2000,4062.4000,4062.6000,4062.8000,1,1,1,1,1,2,1,2,2,1
SF,IF2006,2020-02-19 10:24:24.400,4061.0000,23842,0,3203784540.000,0,-,-,-,-,4061.0000,4060.8000,4060.6000,4060.4000,4060.0000,4062.0000,4062.2000,4062.4000,4062.6000,4062.8000,1,1,1,1,1,2,1,2,2,1
SF,IF2006,2020-02-19 10:24:24.900,4061.0000,23842,0,3203784540.000,0,-,-,-,-,4061.0000,4060.8000,4060.6000,4060.4000,4060.0000,4062.0000,4062.2000,4062.4000,4062.6000,4062.8000,1,1,1,1,1,2,1,2,2,1
SF,IF2006,2020-02-19 10:24:25.900,4061.2000,23840,-2,3207440100.000,3,0,3,多平,S,4061.2000,4061.0000,4060.8000,4060.6000,4060.4000,4062.2000,4062.4000,4062.6000,4062.8000,4063.0000,2,1,1,1,1,1,2,2,1,2
SF,IF2006,2020-02-19 10:24:26.400,4061.2000,23840,0,3207440100.000,0,-,-,-,-,4062.0000,4061.2000,4061.0000,4060.6000,4060.4000,4062.2000,4062.4000,4062.6000,4062.8000,4063.0000,1,2,1,1,1,1,2,2,1,2
SF,IF2006,2020-02-19 10:24:26.900,4062.2000,23840,0,3208658760.000,1,0,1,多换,S,4062.2000,4062.0000,4061.2000,4061.0000,4060.6000,4062.4000,4062.6000,4062.8000,4063.0000,4063.2000,1,1,2,1,1,2,2,1,2,1
SF,IF2006,2020-02-19 10:24:27.400,4062.2000,23841,1,3212314860.000,3,2,1,空开,S,4062.0000,4061.2000,4061.0000,4060.6000,4060.4000,4062.6000,4062.8000,4063.0000,4063.2000,4063.4000,1,2,1,1,1,2,1,2,1,2
SF,IF2006,2020-02-19 10:24:27.900,4062.0000,23841,0,3213533460.000,1,0,1,多换,S,4061.2000,4061.0000,4060.6000,4060.4000,4060.0000,4062.6000,4062.8000,4063.0000,4063.2000,4063.4000,2,1,1,1,1,2,1,2,1,2
SF,IF2006,2020-02-19 10:24:28.400,4062.0000,23841,0,3213533460.000,0,-,-,-,-,4061.8000,4061.2000,4061.0000,4060.6000,4060.4000,4062.4000,4062.6000,4062.8000,4063.0000,4063.2000,1,2,1,1,1,1,2,1,2,1
SF,IF2006,2020-02-19 10:24:29.900,4062.4000,23841,0,3215970720.000,2,1,1,多换,S,4061.2000,4061.0000,4060.6000,4060.4000,4060.0000,4062.6000,4062.8000,4063.0000,4063.2000,4063.4000,2,1,1,1,1,2,1,2,1,2
SF,IF2006,2020-02-19 10:24:30.400,4062.4000,23841,0,3215970720.000,0,-,-,-,-,4062.4000,4061.4000,4061.2000,4061.0000,4060.6000,4062.6000,4062.8000,4063.0000,4063.2000,4063.4000,1,3,2,1,1,2,1,2,1,2
SF,IF2006,2020-02-19 10:24:30.900,4062.4000,23842,1,3217189440.000,1,1,0,双开,S,4061.4000,4061.2000,4061.0000,4060.8000,4060.6000,4062.6000,4062.8000,4063.0000,4063.2000,4063.4000,3,1,1,1,1,2,1,2,1,2
SF,IF2006,2020-02-19 10:24:32.900,4062.4000,23842,0,3217189440.000,0,-,-,-,-,4061.6000,4061.4000,4061.2000,4061.0000,4060.8000,4062.6000,4062.8000,4063.0000,4063.2000,4063.4000,1,3,1,1,1,2,1,2,1,2
SF,IF2006,2020-02-19 10:24:34.400,4062.6000,23840,-2,3219627000.000,2,0,2,双平,S,4061.6000,4061.4000,4061.2000,4061.0000,4060.8000,4062.4000,4062.8000,4063.0000,4063.2000,4063.4000,1,3,1,1,1,1,1,2,1,2
SF,IF2006,2020-02-19 10:24:34.900,4062.4000,23839,-1,3220845720.000,1,0,1,双平,S,4061.6000,4061.4000,4061.2000,4061.0000,4060.8000,4062.8000,4063.0000,4063.2000,4063.4000,4063.8000,1,3,1,1,1,1,2,1,2,4
SF,IF2006,2020-02-19 10:24:35.400,4062.4000,23839,0,3220845720.000,0,-,-,-,-,4061.8000,4061.6000,4061.4000,4061.2000,4061.0000,4062.8000,4063.0000,4063.2000,4063.4000,4063.8000,2,1,1,1,1,1,2,1,2,4
SF,IF2006,2020-02-19 10:24:36.400,4062.6000,23840,1,3222064500.000,1,1,0,双开,S,4061.8000,4061.6000,4061.4000,4061.2000,4061.0000,4062.8000,4063.0000,4063.2000,4063.4000,4063.8000,1,1,1,1,1,1,2,1,2,4
SF,IF2006,2020-02-19 10:24:36.900,4062.8000,23839,-1,3223283340.000,1,0,1,双平,S,4062.8000,4061.8000,4061.6000,4061.4000,4061.2000,4063.0000,4063.2000,4063.4000,4063.8000,4064.0000,8,1,1,1,1,2,1,2,4,1
SF,IF2006,2020-02-19 10:24:37.400,4062.8000,23835,-4,3230596380.000,6,1,5,多平,S,4062.8000,4061.8000,4061.4000,4061.0000,4060.8000,4063.0000,4063.2000,4063.4000,4063.8000,4064.0000,2,1,1,1,1,2,1,2,4,1
SF,IF2006,2020-02-19 10:24:37.900,4062.8000,23835,0,3233034060.000,2,1,1,多换,S,4061.8000,4061.4000,4061.0000,4060.6000,4060.4000,4062.6000,4062.8000,4063.0000,4063.2000,4063.4000,1,1,1,1,1,2,3,2,1,4
SF,IF2006,2020-02-19 10:24:38.400,4062.6000,23835,0,3234252840.000,1,0,1,多换,S,4061.0000,4060.6000,4060.4000,4060.0000,4059.8000,4062.6000,4062.8000,4063.0000,4063.2000,4063.4000,1,1,1,1,1,1,3,2,1,4
SF,IF2006,2020-02-19 10:24:38.900,4062.6000,23835,0,3234252840.000,0,-,-,-,-,4061.2000,4061.0000,4060.8000,4060.6000,4060.4000,4062.8000,4063.0000,4063.2000,4063.4000,4063.8000,9,1,1,1,1,3,2,1,4,4
SF,IF2006,2020-02-19 10:24:39.400,4062.6000,23835,0,3234252840.000,0,-,-,-,-,4061.2000,4061.0000,4060.6000,4060.4000,4060.0000,4062.6000,4062.8000,4063.0000,4063.2000,4063.4000,8,1,1,1,1,2,3,2,1,4
SF,IF2006,2020-02-19 10:24:40.400,4062.6000,23835,0,3234252840.000,0,-,-,-,-,4061.2000,4061.0000,4060.6000,4060.4000,4060.0000,4062.6000,4062.8000,4063.0000,4063.2000,4063.4000,8,1,1,1,1,2,3,2,1,4
SF,IF2006,2020-02-19 10:24:40.900,4062.6000,23835,0,3234252840.000,0,-,-,-,-,4061.2000,4061.0000,4060.6000,4060.4000,4060.0000,4062.6000,4062.8000,4063.0000,4063.2000,4063.4000,8,1,1,1,1,3,3,2,1,4
SF,IF2006,2020-02-19 10:24:41.400,4062.6000,23835,0,3234252840.000,0,-,-,-,-,4061.2000,4061.0000,4060.6000,4060.4000,4060.0000,4062.6000,4062.8000,4063.0000,4063.2000,4063.4000,8,1,1,1,1,3,3,2,1,4
SF,IF2006,2020-02-19 10:24:41.900,4062.6000,23835,0,3234252840.000,0,-,-,-,-,4061.2000,4061.0000,4060.6000,4060.4000,4060.0000,4062.6000,4062.8000,4063.0000,4063.2000,4063.4000,7,1,1,1,1,3,3,2,1,4
SF,IF2006,2020-02-19 10:24:42.400,4062.6000,23835,0,3234252840.000,0,-,-,-,-,4061.2000,4061.0000,4060.6000,4060.4000,4060.0000,4062.6000,4062.8000,4063.0000,4063.2000,4063.4000,4,1,1,1,1,3,3,2,1,4
SF,IF2006,2020-02-19 10:24:42.900,4062.6000,23835,0,3234252840.000,0,-,-,-,-,4061.4000,4061.2000,4061.0000,4060.6000,4060.4000,4062.6000,4062.8000,4063.0000,4063.2000,4063.4000,1,4,1,1,1,3,3,2,1,4
SF,IF2006,2020-02-19 10:24:43.400,4062.6000,23835,0,3235471620.000,1,0,1,多换,S,4061.2000,4061.0000,4060.6000,4060.4000,4060.0000,4062.6000,4062.8000,4063.0000,4063.2000,4063.4000,4,1,1,1,1,2,1,2,1,4
SF,IF2006,2020-02-19 10:24:43.900,4062.6000,23835,0,3236690400.000,1,0,1,多换,S,4061.2000,4061.0000,4060.6000,4060.4000,4060.0000,4062.4000,4062.6000,4062.8000,4063.0000,4063.2000,4,1,1,1,1,1,1,1,2,1
SF,IF2006,2020-02-19 10:24:44.400,4062.6000,23835,0,3236690400.000,0,-,-,-,-,4061.2000,4061.0000,4060.6000,4060.4000,4060.0000,4062.4000,4062.6000,4062.8000,4063.0000,4063.2000,3,1,1,1,1,1,1,1,2,1
SF,IF2006,2020-02-19 10:24:45.400,4062.6000,23835,0,3237909180.000,1,0,1,多换,S,4061.2000,4061.0000,4060.6000,4060.4000,4060.0000,4062.6000,4062.8000,4063.0000,4063.2000,4063.4000,4,1,1,1,1,1,1,2,1,4
SF,IF2006,2020-02-19 10:24:45.900,4062.6000,23835,0,3237909180.000,0,-,-,-,-,4061.2000,4061.0000,4060.6000,4060.4000,4060.0000,4062.6000,4062.8000,4063.0000,4063.2000,4063.4000,4,1,1,1,1,1,1,2,1,4
SF,IF2006,2020-02-19 10:24:46.400,4062.6000,23835,0,3237909180.000,0,-,-,-,-,4061.2000,4061.0000,4060.6000,4060.4000,4060.0000,4062.6000,4063.0000,4063.2000,4063.4000,4063.8000,4,1,1,1,1,1,2,1,4,4
SF,IF2006,2020-02-19 10:24:46.900,4062.6000,23835,0,3237909180.000,0,-,-,-,-,4061.2000,4061.0000,4060.6000,4060.4000,4060.0000,4062.6000,4063.0000,4063.2000,4063.4000,4063.8000,4,1,1,1,1,1,2,1,4,4
SF,IF2006,2020-02-19 10:24:48.400,4062.6000,23835,0,3237909180.000,0,-,-,-,-,4061.2000,4061.0000,4060.6000,4060.4000,4060.0000,4062.6000,4063.0000,4063.2000,4063.4000,4063.8000,4,1,1,1,1,1,2,1,4,4
SF,IF2006,2020-02-19 10:24:49.400,4062.6000,23834,-1,3239127960.000,1,0,1,双平,S,4061.2000,4061.0000,4060.6000,4060.4000,4060.0000,4062.0000,4063.0000,4063.2000,4063.4000,4063.8000,4,1,1,1,1,5,2,1,4,4
SF,IF2006,2020-02-19 10:24:49.900,4062.6000,23834,0,3239127960.000,0,-,-,-,-,4061.2000,4061.0000,4060.6000,4060.4000,4060.0000,4062.0000,4063.0000,4063.2000,4063.4000,4063.8000,4,1,1,1,1,5,2,1,4,4
SF,IF2006,2020-02-19 10:24:50.900,4062.6000,23834,0,3239127960.000,0,-,-,-,-,4061.2000,4061.0000,4060.6000,4060.4000,4060.0000,4062.0000,4063.0000,4063.2000,4063.4000,4063.8000,4,1,1,1,1,5,2,1,4,4
SF,IF2006,2020-02-19 10:24:51.400,4062.6000,23834,0,3239127960.000,0,-,-,-,-,4061.2000,4061.0000,4060.6000,4060.4000,4060.0000,4062.0000,4063.0000,4063.2000,4063.4000,4063.8000,4,1,1,1,1,5,2,1,4,4
SF,IF2006,2020-02-19 10:24:51.900,4062.6000,23834,0,3239127960.000,0,-,-,-,-,4061.2000,4061.0000,4060.6000,4060.4000,4060.0000,4062.0000,4063.0000,4063.2000,4063.4000,4063.8000,4,1,1,1,1,5,2,1,4,4
SF,IF2006,2020-02-19 10:24:52.400,4062.6000,23834,0,3239127960.000,0,-,-,-,-,4061.2000,4061.0000,4060.6000,4060.4000,4060.0000,4062.0000,4063.0000,4063.2000,4063.4000,4063.8000,4,1,1,1,1,5,2,1,4,4
SF,IF2006,2020-02-19 10:24:52.900,4062.6000,23834,0,3239127960.000,0,-,-,-,-,4061.2000,4061.0000,4060.6000,4060.4000,4060.0000,4062.0000,4063.0000,4063.2000,4063.4000,4063.8000,3,1,1,1,1,5,2,1,4,4
SF,IF2006,2020-02-19 10:24:53.400,4062.6000,23834,0,3239127960.000,0,-,-,-,-,4061.2000,4060.6000,4060.4000,4060.0000,4059.8000,4062.0000,4063.0000,4063.2000,4063.4000,4063.8000,3,1,1,1,1,5,2,1,4,4
SF,IF2006,2020-02-19 10:24:53.900,4062.6000,23834,0,3239127960.000,0,-,-,-,-,4061.2000,4060.6000,4060.4000,4060.0000,4059.8000,4062.0000,4063.0000,4063.2000,4063.4000,4063.8000,2,1,1,1,1,5,2,1,4,4
SF,IF2006,2020-02-19 10:24:54.400,4062.6000,23834,0,3239127960.000,0,-,-,-,-,4061.2000,4060.6000,4060.4000,4060.0000,4059.8000,4062.0000,4063.0000,4063.2000,4063.4000,4063.8000,1,1,1,1,1,5,2,1,4,4
SF,IF2006,2020-02-19 10:24:55.900,4062.6000,23834,0,3239127960.000,0,-,-,-,-,4061.2000,4060.6000,4060.4000,4060.0000,4059.8000,4062.0000,4063.0000,4063.2000,4063.4000,4063.8000,1,1,1,1,1,5,2,1,4,4
SF,IF2006,2020-02-19 10:24:56.900,4061.2000,23834,0,3240346320.000,1,0,1,多换,S,4060.6000,4060.4000,4060.0000,4059.8000,4059.0000,4062.0000,4063.0000,4063.2000,4063.4000,4063.8000,1,1,1,1,2,5,5,1,4,4
SF,IF2006,2020-02-19 10:24:57.400,4061.2000,23834,0,3240346320.000,0,-,-,-,-,4060.6000,4060.4000,4060.0000,4059.8000,4059.0000,4061.8000,4062.0000,4063.0000,4063.2000,4063.4000,1,1,1,1,2,3,5,5,1,4
SF,IF2006,2020-02-19 10:24:58.400,4060.6000,23834,0,3241564500.000,1,0,1,多换,S,4060.4000,4060.0000,4059.8000,4059.0000,4057.0000,4061.4000,4061.6000,4061.8000,4062.0000,4063.0000,1,1,1,2,1,1,1,2,5,5
SF,IF2006,2020-02-19 10:24:58.900,4060.6000,23834,0,3241564500.000,0,-,-,-,-,4060.4000,4060.0000,4059.8000,4057.0000,4056.4000,4061.2000,4061.4000,4061.6000,4062.0000,4063.0000,1,1,1,1,1,2,1,1,5,5
SF,IF2006,2020-02-19 10:24:59.400,4060.4000,23833,-1,3242782620.000,1,0,1,双平,S,4060.0000,4059.8000,4057.0000,4056.4000,4055.4000,4061.2000,4061.4000,4061.6000,4062.0000,4063.0000,1,1,1,1,2,2,1,1,5,5
SF,IF2006,2020-02-19 10:24:59.900,4060.4000,23833,0,3242782620.000,0,-,-,-,-,4060.0000,4059.8000,4057.0000,4056.8000,4056.4000,4061.0000,4061.2000,4062.0000,4063.0000,4063.2000,1,1,1,2,1,1,2,5,5,1
SF,IF2006,2020-02-19 10:25:00.400,4060.4000,23833,0,3242782620.000,0,-,-,-,-,4060.0000,4059.8000,4057.0000,4056.8000,4056.4000,4061.0000,4061.2000,4062.0000,4063.0000,4063.2000,1,1,1,2,1,1,2,5,5,1
SF,IF2006,2020-02-19 10:25:00.900,4060.4000,23833,0,3242782620.000,0,-,-,-,-,4060.2000,4060.0000,4059.8000,4057.0000,4056.8000,4061.2000,4062.0000,4063.0000,4063.2000,4063.4000,4,1,1,1,2,2,5,5,1,4
SF,IF2006,2020-02-19 10:25:01.400,4060.4000,23833,0,3242782620.000,0,-,-,-,-,4060.2000,4060.0000,4059.8000,4057.0000,4056.8000,4061.2000,4062.0000,4063.0000,4063.2000,4063.4000,4,1,1,1,2,2,5,5,1,2
SF,IF2006,2020-02-19 10:25:01.900,4060.4000,23833,0,3242782620.000,0,-,-,-,-,4060.6000,4060.4000,4060.2000,4060.0000,4059.8000,4062.0000,4063.0000,4063.2000,4063.4000,4063.8000,1,2,3,1,1,5,5,1,2,4
SF,IF2006,2020-02-19 10:25:02.400,4060.4000,23833,0,3242782620.000,0,-,-,-,-,4060.6000,4060.4000,4060.2000,4060.0000,4059.8000,4061.8000,4062.0000,4063.0000,4063.2000,4063.4000,1,2,1,1,1,2,5,5,1,2
SF,IF2006,2020-02-19 10:25:02.900,4060.4000,23833,0,3242782620.000,0,-,-,-,-,4060.8000,4060.6000,4060.0000,4059.8000,4057.0000,4061.8000,4062.0000,4063.0000,4063.2000,4063.4000,5,1,1,1,1,2,5,5,1,2
SF,IF2006,2020-02-19 10:25:03.400,4060.4000,23833,0,3242782620.000,0,-,-,-,-,4061.0000,4060.8000,4060.0000,4059.8000,4057.0000,4062.0000,4063.0000,4063.2000,4063.4000,4063.8000,1,5,1,1,1,5,5,1,2,4
SF,IF2006,2020-02-19 10:25:03.900,4060.4000,23833,0,3242782620.000,0,-,-,-,-,4061.0000,4060.8000,4060.0000,4059.8000,4057.0000,4062.0000,4063.0000,4063.2000,4063.4000,4063.8000,2,5,1,1,1,5,5,1,2,4
SF,IF2006,2020-02-19 10:25:04.900,4060.4000,23833,0,3242782620.000,0,-,-,-,-,4061.2000,4061.0000,4060.8000,4060.0000,4059.8000,4062.0000,4063.0000,4063.2000,4063.4000,4063.8000,2,2,3,1,1,5,5,1,2,4
SF,IF2006,2020-02-19 10:25:05.400,4060.4000,23833,0,3242782620.000,0,-,-,-,-,4061.0000,4060.8000,4060.0000,4059.8000,4057.0000,4062.0000,4063.0000,4063.2000,4063.4000,4063.8000,2,3,1,1,1,5,5,1,2,4
SF,IF2006,2020-02-19 10:25:05.900,4060.4000,23833,0,3242782620.000,0,-,-,-,-,4061.2000,4061.0000,4060.8000,4060.0000,4059.8000,4062.0000,4063.0000,4063.2000,4063.4000,4063.8000,1,2,3,1,1,5,5,1,2,4
SF,IF2006,2020-02-19 10:25:06.400,4060.4000,23833,0,3242782620.000,0,-,-,-,-,4061.0000,4060.8000,4060.0000,4059.8000,4057.0000,4062.0000,4063.0000,4063.2000,4063.4000,4063.8000,1,3,1,1,1,5,5,1,2,4
SF,IF2006,2020-02-19 10:25:08.400,4061.0000,23833,0,3244000920.000,1,0,1,多换,S,4060.8000,4060.0000,4059.8000,4057.0000,4056.4000,4062.0000,4063.0000,4063.2000,4063.4000,4063.8000,3,1,1,1,1,5,5,1,2,4
SF,IF2006,2020-02-19 10:25:08.900,4061.0000,23833,0,3244000920.000,0,-,-,-,-,4060.8000,4060.0000,4059.8000,4057.0000,4056.4000,4061.8000,4062.0000,4063.0000,4063.2000,4063.4000,3,1,1,1,1,2,5,5,1,2
SF,IF2006,2020-02-19 10:25:11.400,4061.8000,23831,-2,3246438000.000,2,0,2,双平,S,4061.2000,4061.0000,4060.8000,4060.0000,4059.8000,4062.0000,4063.0000,4063.2000,4063.4000,4063.8000,1,4,3,1,1,5,5,1,2,4
SF,IF2006,2020-02-19 10:25:11.900,4062.0000,23831,0,3251312400.000,4,2,2,多换,S,4061.4000,4061.2000,4061.0000,4060.8000,4060.0000,4062.0000,4063.0000,4063.2000,4063.4000,4063.8000,2,1,2,1,1,1,5,1,2,4
SF,IF2006,2020-02-19 10:25:12.400,4062.0000,23832,1,3252531000.000,1,1,0,双开,S,4062.0000,4061.6000,4060.0000,4059.8000,4057.0000,4063.0000,4063.2000,4063.4000,4063.8000,4064.0000,1,1,1,1,1,5,1,2,4,1
SF,IF2006,2020-02-19 10:25:12.900,4062.0000,23832,0,3252531000.000,0,-,-,-,-,4061.6000,4060.0000,4059.8000,4057.0000,4056.4000,4062.0000,4063.0000,4063.2000,4063.4000,4063.8000,1,1,1,1,1,1,5,1,2,4
SF,IF2006,2020-02-19 10:25:13.400,4062.0000,23832,0,3253749600.000,1,0,1,多换,S,4061.6000,4060.0000,4059.8000,4057.0000,4056.4000,4063.0000,4063.2000,4063.4000,4063.8000,4064.0000,1,1,1,1,1,5,1,2,4,1
SF,IF2006,2020-02-19 10:25:13.900,4062.0000,23832,0,3253749600.000,0,-,-,-,-,4061.8000,4061.6000,4060.0000,4059.8000,4057.0000,4063.0000,4063.2000,4063.4000,4063.8000,4064.0000,2,1,1,1,1,5,1,2,4,1
SF,IF2006,2020-02-19 10:25:15.400,4061.8000,23830,-2,3256186680.000,2,0,2,双平,S,4061.6000,4060.0000,4059.8000,4057.0000,4056.4000,4063.0000,4063.2000,4063.4000,4063.8000,4064.0000,1,1,1,1,1,5,1,2,4,1
SF,IF2006,2020-02-19 10:25:15.900,4061.8000,23830,0,3256186680.000,0,-,-,-,-,4061.6000,4060.0000,4059.8000,4057.0000,4056.4000,4062.8000,4063.0000,4063.2000,4063.4000,4063.8000,1,1,1,1,1,2,5,1,2,4
SF,IF2006,2020-02-19 10:25:17.400,4061.8000,23830,0,3256186680.000,0,-,-,-,-,4060.0000,4059.8000,4057.0000,4056.4000,4055.4000,4062.8000,4063.0000,4063.2000,4063.4000,4063.8000,1,1,1,1,2,2,5,1,2,4
SF,IF2006,2020-02-19 10:25:17.900,4061.8000,23830,0,3256186680.000,0,-,-,-,-,4061.0000,4060.6000,4060.4000,4060.2000,4060.0000,4062.6000,4062.8000,4063.0000,4063.2000,4063.4000,1,2,4,4,1,2,2,5,1,2
SF,IF2006,2020-02-19 10:25:18.400,4061.8000,23830,0,3256186680.000,0,-,-,-,-,4061.0000,4060.6000,4060.4000,4060.2000,4060.0000,4062.2000,4062.4000,4062.6000,4063.0000,4063.2000,1,2,2,4,1,1,2,3,5,1
SF,IF2006,2020-02-19 10:25:18.900,4061.8000,23830,0,3256186680.000,0,-,-,-,-,4061.0000,4060.6000,4060.4000,4060.2000,4060.0000,4062.0000,4062.2000,4062.6000,4063.0000,4063.2000,1,2,1,4,1,2,1,2,5,1
SF,IF2006,2020-02-19 10:25:19.400,4061.8000,23830,0,3256186680.000,0,-,-,-,-,4060.6000,4060.4000,4060.2000,4060.0000,4059.8000,4061.8000,4062.0000,4062.6000,4063.0000,4063.2000,2,1,4,1,1,1,2,2,5,1
SF,IF2006,2020-02-19 10:25:19.900,4061.8000,23830,0,3256186680.000,0,-,-,-,-,4060.2000,4060.0000,4059.8000,4057.0000,4056.4000,4061.6000,4061.8000,4062.6000,4063.0000,4063.2000,4,1,1,1,1,3,1,2,5,1
SF,IF2006,2020-02-19 10:25:20.400,4061.8000,23830,0,3256186680.000,0,-,-,-,-,4060.2000,4060.0000,4059.8000,4057.0000,4056.4000,4061.4000,4061.6000,4062.6000,4063.0000,4063.2000,2,1,1,1,1,1,3,3,5,1
SF,IF2006,2020-02-19 10:25:20.900,4059.8000,23828,-2,3261058740.000,4,1,3,多平,S,4057.0000,4056.4000,4055.4000,4053.0000,4051.2000,4060.2000,4060.8000,4061.0000,4061.2000,4062.6000,1,1,2,2,1,1,1,1,3,3
SF,IF2006,2020-02-19 10:25:21.400,4059.8000,23828,0,3261058740.000,0,-,-,-,-,4058.2000,4058.0000,4057.6000,4057.4000,4057.2000,4060.0000,4060.2000,4061.2000,4062.6000,4063.0000,1,2,8,1,7,3,1,1,2,5
SF,IF2006,2020-02-19 10:25:21.900,4059.8000,23828,0,3261058740.000,0,-,-,-,-,4058.4000,4058.2000,4058.0000,4057.6000,4057.4000,4059.6000,4060.0000,4060.2000,4061.2000,4062.6000,2,1,2,1,1,1,2,1,2,1
SF,IF2006,2020-02-19 10:25:22.400,4059.8000,23828,0,3261058740.000,0,-,-,-,-,4059.6000,4058.6000,4058.4000,4058.2000,4057.6000,4060.0000,4061.2000,4062.6000,4063.0000,4063.2000,1,4,2,1,1,2,2,1,5,1
SF,IF2006,2020-02-19 10:25:22.900,4059.6000,23827,-1,3262276620.000,1,0,1,双平,S,4058.6000,4058.4000,4058.2000,4057.6000,4057.4000,4060.0000,4061.2000,4062.6000,4063.0000,4063.2000,2,2,1,1,1,2,2,1,5,1
SF,IF2006,2020-02-19 10:25:23.400,4058.6000,23826,-1,3264711780.000,2,0,2,多平,S,4058.4000,4058.2000,4057.6000,4057.4000,4057.2000,4060.0000,4061.2000,4062.6000,4063.0000,4063.2000,2,1,1,1,5,2,2,1,5,1
SF,IF2006,2020-02-19 10:25:23.900,4058.6000,23826,0,3264711780.000,0,-,-,-,-,4058.6000,4058.4000,4058.2000,4057.6000,4057.4000,4060.0000,4061.2000,4062.6000,4063.0000,4063.2000,1,2,1,1,1,2,2,1,5,1
SF,IF2006,2020-02-19 10:25:24.400,4058.6000,23826,0,3264711780.000,0,-,-,-,-,4058.4000,4058.2000,4057.6000,4057.4000,4057.2000,4060.0000,4061.2000,4062.6000,4063.0000,4063.2000,2,1,1,1,5,2,2,1,5,1
SF,IF2006,2020-02-19 10:25:24.900,4058.6000,23826,0,3264711780.000,0,-,-,-,-,4058.6000,4058.4000,4058.2000,4057.6000,4057.4000,4060.0000,4061.2000,4062.6000,4063.0000,4063.2000,2,2,1,1,1,2,2,1,5,1
SF,IF2006,2020-02-19 10:25:25.400,4058.6000,23826,0,3264711780.000,0,-,-,-,-,4058.8000,4058.6000,4057.6000,4057.4000,4057.2000,4060.0000,4061.2000,4062.6000,4063.0000,4063.2000,3,2,1,1,4,2,2,1,5,1
SF,IF2006,2020-02-19 10:25:26.400,4058.6000,23826,0,3264711780.000,0,-,-,-,-,4059.0000,4058.8000,4058.6000,4057.6000,4057.4000,4060.0000,4061.2000,4062.6000,4063.0000,4063.2000,2,3,1,1,1,2,2,1,5,1
SF,IF2006,2020-02-19 10:25:27.400,4058.6000,23826,0,3264711780.000,0,-,-,-,-,4059.0000,4058.8000,4058.6000,4057.6000,4057.4000,4060.0000,4061.2000,4062.6000,4063.0000,4063.2000,2,3,2,1,1,2,1,1,5,1
SF,IF2006,2020-02-19 10:25:27.900,4058.6000,23826,0,3264711780.000,0,-,-,-,-,4059.2000,4059.0000,4058.8000,4058.6000,4057.6000,4060.0000,4061.2000,4062.6000,4063.0000,4063.2000,1,2,3,2,1,2,1,1,5,1
SF,IF2006,2020-02-19 10:25:28.400,4060.0000,23825,-1,3265929780.000,1,0,1,双平,S,4059.2000,4058.8000,4058.6000,4057.6000,4057.4000,4061.2000,4062.6000,4063.0000,4063.2000,4063.4000,1,3,2,1,1,1,1,5,1,2
SF,IF2006,2020-02-19 10:25:28.900,4060.0000,23825,0,3265929780.000,0,-,-,-,-,4059.4000,4059.2000,4058.6000,4057.6000,4057.4000,4061.0000,4062.6000,4063.0000,4063.2000,4063.4000,9,1,1,1,1,3,1,5,1,2
SF,IF2006,2020-02-19 10:25:29.400,4060.0000,23825,0,3265929780.000,0,-,-,-,-,4060.0000,4059.8000,4059.6000,4059.4000,4059.2000,4061.0000,4062.6000,4063.0000,4063.2000,4063.4000,1,1,2,5,1,3,1,5,1,2
SF,IF2006,2020-02-19 10:25:29.900,4060.0000,23825,0,3265929780.000,0,-,-,-,-,4060.0000,4059.8000,4059.4000,4059.2000,4058.6000,4061.0000,4062.0000,4062.6000,4063.0000,4063.2000,1,1,4,1,1,3,1,1,5,1
SF,IF2006,2020-02-19 10:25:30.400,4060.0000,23825,0,3265929780.000,0,-,-,-,-,4060.2000,4060.0000,4059.8000,4059.4000,4059.2000,4061.0000,4062.0000,4062.6000,4063.0000,4063.2000,1,1,1,4,1,3,1,1,5,1
SF,IF2006,2020-02-19 10:25:30.900,4060.0000,23825,0,3265929780.000,0,-,-,-,-,4060.0000,4059.8000,4059.4000,4059.2000,4058.6000,4061.0000,4062.0000,4062.6000,4063.0000,4063.2000,1,1,4,1,1,1,1,1,5,1
SF,IF2006,2020-02-19 10:25:31.400,4060.0000,23825,0,3267147780.000,1,0,1,多换,S,4060.2000,4059.4000,4059.2000,4058.6000,4057.6000,4060.6000,4062.0000,4062.6000,4063.0000,4063.2000,1,3,1,1,1,2,1,1,5,1
SF,IF2006,2020-02-19 10:25:31.900,4060.6000,23824,-1,3269584140.000,2,0,2,多平,S,4059.4000,4059.2000,4058.6000,4057.6000,4057.4000,4062.0000,4062.6000,4063.0000,4063.2000,4063.4000,3,1,1,1,1,1,1,5,1,2
SF,IF2006,2020-02-19 10:25:32.400,4060.6000,23824,0,3269584140.000,0,-,-,-,-,4059.8000,4059.6000,4059.4000,4059.2000,4058.6000,4061.4000,4061.6000,4061.8000,4062.0000,4062.2000,1,2,2,1,1,1,2,3,1,1
SF,IF2006,2020-02-19 10:25:32.900,4060.6000,23824,0,3269584140.000,0,-,-,-,-,4059.8000,4059.6000,4059.4000,4059.2000,4057.6000,4061.2000,4061.4000,4061.8000,4062.0000,4062.6000,1,1,2,1,1,4,1,1,1,1
SF,IF2006,2020-02-19 10:25:34.400,4060.6000,23824,0,3269584140.000,0,-,-,-,-,4059.8000,4059.6000,4059.4000,4059.2000,4057.6000,4060.8000,4061.2000,4061.8000,4062.0000,4062.6000,1,1,2,1,1,1,4,1,1,1
SF,IF2006,2020-02-19 10:25:34.900,4060.6000,23824,0,3269584140.000,0,-,-,-,-,4059.8000,4059.6000,4059.4000,4059.2000,4057.6000,4060.8000,4061.2000,4061.8000,4062.0000,4062.6000,1,1,2,1,1,1,3,1,1,1
SF,IF2006,2020-02-19 10:25:35.400,4060.6000,23824,0,3269584140.000,0,-,-,-,-,4059.8000,4059.6000,4059.4000,4059.2000,4057.6000,4060.6000,4060.8000,4061.2000,4061.8000,4062.0000,1,1,2,1,1,2,2,1,1,1
SF,IF2006,2020-02-19 10:25:35.900,4060.6000,23824,0,3269584140.000,0,-,-,-,-,4059.8000,4059.6000,4059.4000,4059.2000,4057.6000,4060.6000,4060.8000,4061.2000,4061.8000,4062.0000,1,1,2,1,1,2,1,1,1,1
SF,IF2006,2020-02-19 10:25:36.400,4059.8000,23824,0,3270802080.000,1,0,1,多换,S,4059.4000,4059.2000,4057.6000,4057.4000,4057.2000,4060.6000,4060.8000,4061.8000,4062.0000,4062.6000,2,1,1,1,3,2,2,1,1,1
SF,IF2006,2020-02-19 10:25:36.900,4059.2000,23823,-1,3273237660.000,2,0,2,多平,S,4057.6000,4057.4000,4057.2000,4057.0000,4056.4000,4060.2000,4060.4000,4060.6000,4060.8000,4061.8000,1,1,3,1,1,1,1,2,1,1
SF,IF2006,2020-02-19 10:25:37.400,4059.2000,23823,0,3273237660.000,0,-,-,-,-,4058.2000,4058.0000,4057.8000,4057.6000,4057.2000,4060.0000,4060.2000,4060.4000,4060.8000,4061.8000,2,3,4,1,3,2,1,1,1,1
SF,IF2006,2020-02-19 10:25:37.900,4059.2000,23823,0,3273237660.000,0,-,-,-,-,4058.4000,4058.2000,4058.0000,4057.8000,4057.2000,4059.6000,4060.0000,4060.8000,4061.8000,4062.0000,2,2,1,2,3,1,2,1,1,1
SF,IF2006,2020-02-19 10:25:38.400,4059.2000,23823,0,3273237660.000,0,-,-,-,-,4058.4000,4058.2000,4058.0000,4057.8000,4057.2000,4059.4000,4059.6000,4060.8000,4061.8000,4062.0000,2,2,1,2,3,2,1,1,1,1
SF,IF2006,2020-02-19 10:25:39.900,4059.2000,23823,0,3273237660.000,0,-,-,-,-,4058.6000,4058.4000,4058.2000,4058.0000,4057.8000,4059.4000,4059.6000,4060.8000,4061.8000,4062.0000,1,2,2,1,2,2,1,1,1,1
SF,IF2006,2020-02-19 10:25:40.400,4059.2000,23823,0,3273237660.000,0,-,-,-,-,4058.4000,4058.2000,4058.0000,4057.8000,4057.2000,4059.6000,4060.8000,4061.8000,4062.0000,4062.2000,2,2,1,2,3,1,1,1,1,1
SF,IF2006,2020-02-19 10:25:41.400,4059.2000,23823,0,3273237660.000,0,-,-,-,-,4058.4000,4058.2000,4058.0000,4057.8000,4057.2000,4059.6000,4060.8000,4061.8000,4062.0000,4062.2000,2,2,1,2,3,1,1,1,1,1
SF,IF2006,2020-02-19 10:25:41.900,4059.2000,23823,0,3273237660.000,0,-,-,-,-,4058.6000,4058.4000,4058.2000,4058.0000,4057.8000,4059.6000,4059.8000,4060.8000,4061.8000,4062.0000,1,2,1,1,2,1,1,1,1,1
SF,IF2006,2020-02-19 10:25:42.900,4059.2000,23823,0,3273237660.000,0,-,-,-,-,4058.6000,4058.4000,4058.2000,4058.0000,4057.8000,4059.6000,4059.8000,4060.8000,4061.8000,4062.0000,1,2,1,1,2,1,1,1,1,1
SF,IF2006,2020-02-19 10:25:43.400,4059.2000,23823,0,3273237660.000,0,-,-,-,-,4058.6000,4058.4000,4058.2000,4057.8000,4057.2000,4059.4000,4059.6000,4059.8000,4060.8000,4061.8000,1,2,1,2,1,1,1,1,1,1
SF,IF2006,2020-02-19 10:25:43.900,4059.2000,23823,0,3273237660.000,0,-,-,-,-,4058.6000,4058.4000,4058.2000,4057.8000,4056.4000,4059.4000,4059.6000,4059.8000,4060.8000,4061.8000,1,2,1,2,1,1,1,1,1,1
SF,IF2006,2020-02-19 10:25:44.400,4059.2000,23823,0,3273237660.000,0,-,-,-,-,4058.6000,4058.4000,4058.2000,4057.8000,4056.4000,4059.4000,4059.6000,4059.8000,4060.8000,4061.8000,1,2,1,2,1,1,1,1,1,1
SF,IF2006,2020-02-19 10:25:44.900,4059.2000,23823,0,3273237660.000,0,-,-,-,-,4058.6000,4058.4000,4058.2000,4057.8000,4055.4000,4059.4000,4059.6000,4059.8000,4060.8000,4061.8000,1,2,1,2,1,1,1,1,1,1
SF,IF2006,2020-02-19 10:25:45.400,4059.2000,23823,0,3273237660.000,0,-,-,-,-,4058.6000,4058.4000,4058.2000,4057.8000,4055.4000,4059.4000,4059.6000,4059.8000,4060.8000,4061.8000,1,2,1,2,1,1,1,1,1,1
SF,IF2006,2020-02-19 10:25:46.400,4059.2000,23823,0,3273237660.000,0,-,-,-,-,4058.4000,4058.2000,4057.8000,4055.4000,4053.6000,4059.4000,4059.6000,4059.8000,4060.8000,4061.8000,2,1,2,1,1,1,1,1,1,1
SF,IF2006,2020-02-19 10:25:46.900,4059.2000,23823,0,3273237660.000,0,-,-,-,-,4058.2000,4057.8000,4055.4000,4053.6000,4053.0000,4059.4000,4059.6000,4060.8000,4061.8000,4062.0000,1,2,1,1,2,1,1,1,1,1
SF,IF2006,2020-02-19 10:25:47.400,4058.2000,23822,-1,3274455120.000,1,0,1,双平,S,4057.8000,4055.4000,4053.6000,4053.0000,4051.2000,4058.2000,4059.2000,4059.4000,4059.6000,4060.8000,2,1,1,2,1,2,3,1,1,1
SF,IF2006,2020-02-19 10:25:47.900,4057.8000,23822,0,3276889800.000,2,1,1,多换,S,4055.4000,4053.6000,4053.0000,4051.2000,4050.0000,4058.2000,4059.2000,4059.4000,4060.8000,4061.8000,1,1,2,1,7,2,2,1,1,1
SF,IF2006,2020-02-19 10:25:48.400,4057.8000,23822,0,3276889800.000,0,-,-,-,-,4056.2000,4056.0000,4055.8000,4055.6000,4055.4000,4058.0000,4058.2000,4059.4000,4060.8000,4061.8000,8,2,4,7,2,4,2,1,1,1
SF,IF2006,2020-02-19 10:25:48.900,4057.8000,23822,0,3276889800.000,0,-,-,-,-,4056.6000,4056.4000,4056.2000,4055.8000,4055.6000,4058.0000,4058.2000,4059.4000,4060.8000,4061.8000,1,3,1,3,3,4,2,1,1,1
SF,IF2006,2020-02-19 10:25:49.400,4057.8000,23822,0,3276889800.000,0,-,-,-,-,4056.8000,4056.6000,4056.2000,4055.8000,4055.6000,4057.6000,4058.0000,4058.2000,4059.4000,4060.8000,2,1,1,1,3,1,3,2,1,1
SF,IF2006,2020-02-19 10:25:50.400,4057.8000,23822,0,3276889800.000,0,-,-,-,-,4056.8000,4056.6000,4055.8000,4055.6000,4055.4000,4057.6000,4058.0000,4058.2000,4059.4000,4060.8000,2,1,1,3,1,1,3,2,1,1
SF,IF2006,2020-02-19 10:25:50.900,4057.8000,23822,0,3276889800.000,0,-,-,-,-,4056.8000,4056.6000,4055.8000,4055.6000,4055.4000,4057.6000,4058.0000,4058.2000,4059.4000,4060.8000,2,1,1,3,1,1,3,3,1,1
SF,IF2006,2020-02-19 10:25:51.400,4057.8000,23822,0,3276889800.000,0,-,-,-,-,4057.0000,4056.8000,4055.8000,4055.6000,4055.4000,4058.0000,4058.2000,4059.4000,4060.8000,4061.8000,1,2,1,3,1,3,3,1,1,1
SF,IF2006,2020-02-19 10:25:51.900,4057.8000,23822,0,3276889800.000,0,-,-,-,-,4056.8000,4055.8000,4055.6000,4055.4000,4053.6000,4057.8000,4058.0000,4058.2000,4059.4000,4060.8000,2,1,3,1,1,1,3,3,1,1
SF,IF2006,2020-02-19 10:25:52.400,4057.8000,23822,0,3276889800.000,0,-,-,-,-,4055.6000,4055.4000,4053.6000,4053.0000,4051.2000,4057.6000,4057.8000,4058.0000,4058.2000,4059.4000,3,1,1,2,1,2,1,1,3,1
SF,IF2006,2020-02-19 10:25:52.900,4057.8000,23822,0,3276889800.000,0,-,-,-,-,4056.0000,4055.8000,4055.6000,4055.4000,4053.6000,4056.8000,4057.6000,4057.8000,4058.0000,4059.4000,2,4,4,1,1,1,2,1,1,1
SF,IF2006,2020-02-19 10:25:53.400,4056.8000,23821,-1,3278106840.000,1,0,1,双平,S,4056.8000,4056.4000,4056.0000,4055.8000,4055.6000,4057.6000,4057.8000,4058.0000,4059.4000,4060.8000,2,1,1,2,4,2,1,1,1,1
SF,IF2006,2020-02-19 10:25:53.900,4056.8000,23821,0,3278106840.000,0,-,-,-,-,4056.8000,4055.8000,4055.6000,4055.4000,4053.6000,4057.6000,4057.8000,4058.0000,4059.4000,4060.8000,2,2,4,1,1,2,1,1,1,1
SF,IF2006,2020-02-19 10:25:55.400,4056.8000,23821,0,3278106840.000,0,-,-,-,-,4056.8000,4055.8000,4055.6000,4055.4000,4053.6000,4057.6000,4057.8000,4058.0000,4059.4000,4060.8000,2,2,4,1,1,2,1,1,1,1
SF,IF2006,2020-02-19 10:25:56.400,4056.8000,23821,0,3278106840.000,0,-,-,-,-,4056.8000,4055.8000,4055.6000,4053.6000,4053.0000,4057.6000,4057.8000,4058.0000,4059.4000,4060.8000,1,2,4,1,2,2,1,1,1,1
SF,IF2006,2020-02-19 10:25:56.900,4056.8000,23818,-3,3281758440.000,3,0,3,双平,S,4055.8000,4055.6000,4053.6000,4053.0000,4051.2000,4057.8000,4058.0000,4059.4000,4060.8000,4061.8000,2,4,1,2,1,1,1,1,1,1
SF,IF2006,2020-02-19 10:25:57.400,4056.8000,23818,0,3281758440.000,0,-,-,-,-,4057.0000,4056.6000,4056.4000,4056.0000,4055.8000,4058.0000,4059.4000,4060.8000,4061.8000,4062.0000,1,1,6,3,2,1,1,1,1,1
SF,IF2006,2020-02-19 10:25:57.900,4057.4000,23818,0,3282975660.000,1,0,1,多换,S,4057.2000,4056.4000,4056.0000,4055.6000,4053.6000,4058.0000,4059.4000,4060.8000,4061.8000,4062.0000,3,6,1,3,1,1,1,1,1,1
SF,IF2006,2020-02-19 10:25:58.400,4057.4000,23818,0,3282975660.000,0,-,-,-,-,4057.4000,4057.2000,4056.8000,4056.4000,4056.0000,4058.0000,4059.4000,4060.8000,4061.8000,4062.0000,1,3,1,6,1,1,1,1,1,1
SF,IF2006,2020-02-19 10:25:58.900,4057.4000,23818,0,3282975660.000,0,-,-,-,-,4057.4000,4057.2000,4056.8000,4056.4000,4056.0000,4059.4000,4060.8000,4061.8000,4062.0000,4062.2000,1,3,1,6,1,1,1,1,1,1
SF,IF2006,2020-02-19 10:25:59.400,4057.4000,23818,0,3282975660.000,0,-,-,-,-,4057.6000,4057.4000,4057.2000,4056.8000,4056.4000,4058.8000,4059.2000,4059.4000,4060.8000,4061.8000,2,1,1,1,6,2,4,1,1,1
SF,IF2006,2020-02-19 10:25:59.900,4057.4000,23817,-1,3284192880.000,1,0,1,双平,S,4057.6000,4057.2000,4056.8000,4056.4000,4055.6000,4058.2000,4058.6000,4058.8000,4059.4000,4060.8000,1,1,1,1,3,1,3,1,1,1
SF,IF2006,2020-02-19 10:26:00.400,4057.4000,23817,0,3284192880.000,0,-,-,-,-,4057.2000,4056.8000,4056.4000,4055.6000,4053.6000,4058.2000,4058.6000,4058.8000,4059.4000,4060.8000,1,1,1,3,1,1,3,1,1,1
SF,IF2006,2020-02-19 10:26:00.900,4057.4000,23817,0,3284192880.000,0,-,-,-,-,4056.8000,4056.4000,4055.6000,4053.6000,4053.0000,4058.2000,4058.6000,4059.4000,4060.8000,4061.8000,1,1,3,1,2,1,3,1,1,1
SF,IF2006,2020-02-19 10:26:01.400,4057.4000,23817,0,3284192880.000,0,-,-,-,-,4057.2000,4057.0000,4056.8000,4056.4000,4055.6000,4058.2000,4058.6000,4059.4000,4060.8000,4061.8000,2,4,1,1,3,1,3,1,1,1
SF,IF2006,2020-02-19 10:26:01.900,4057.4000,23817,0,3284192880.000,0,-,-,-,-,4057.4000,4057.0000,4056.8000,4056.4000,4055.6000,4058.2000,4058.6000,4059.4000,4060.8000,4061.8000,2,3,1,1,3,1,3,1,1,1
SF,IF2006,2020-02-19 10:26:02.400,4057.4000,23817,0,3284192880.000,0,-,-,-,-,4058.2000,4057.0000,4056.8000,4056.4000,4055.6000,4058.6000,4059.4000,4060.8000,4061.8000,4062.0000,2,2,1,1,3,3,1,1,1,1
SF,IF2006,2020-02-19 10:26:02.900,4058.2000,23817,0,3286627800.000,2,1,1,多换,S,4057.0000,4056.8000,4056.4000,4055.6000,4053.6000,4058.6000,4059.4000,4060.8000,4061.8000,4062.0000,2,1,1,3,1,2,1,1,1,1
SF,IF2006,2020-02-19 10:26:03.400,4058.2000,23817,0,3286627800.000,0,-,-,-,-,4057.4000,4057.2000,4057.0000,4056.8000,4055.6000,4058.6000,4060.8000,4061.8000,4062.0000,4062.2000,2,7,2,1,3,2,1,1,1,1
SF,IF2006,2020-02-19 10:26:03.900,4058.2000,23817,0,3286627800.000,0,-,-,-,-,4057.4000,4057.0000,4056.8000,4055.6000,4053.6000,4058.6000,4060.8000,4061.8000,4062.0000,4062.2000,2,3,1,3,1,2,1,1,1,1
SF,IF2006,2020-02-19 10:26:04.400,4058.2000,23817,0,3286627800.000,0,-,-,-,-,4057.6000,4057.4000,4057.0000,4056.8000,4055.6000,4058.6000,4060.8000,4061.8000,4062.0000,4062.2000,2,2,1,1,3,2,1,1,1,1
SF,IF2006,2020-02-19 10:26:04.900,4058.2000,23817,0,3286627800.000,0,-,-,-,-,4057.6000,4057.4000,4056.8000,4055.6000,4053.6000,4058.6000,4058.8000,4060.8000,4061.8000,4062.0000,2,2,1,3,1,2,1,1,1,1
SF,IF2006,2020-02-19 10:26:05.900,4058.2000,23817,0,3286627800.000,0,-,-,-,-,4057.6000,4057.4000,4055.6000,4053.6000,4053.0000,4058.6000,4058.8000,4060.8000,4061.8000,4062.0000,2,2,3,1,2,2,1,1,1,1
SF,IF2006,2020-02-19 10:26:06.400,4058.2000,23817,0,3286627800.000,0,-,-,-,-,4057.8000,4057.6000,4057.4000,4055.6000,4054.0000,4058.8000,4060.8000,4061.8000,4062.0000,4062.2000,2,2,1,3,1,1,1,1,1,1
SF,IF2006,2020-02-19 10:26:06.900,4058.2000,23817,0,3286627800.000,0,-,-,-,-,4058.0000,4057.8000,4057.4000,4055.6000,4054.0000,4058.8000,4060.8000,4061.8000,4062.0000,4062.2000,2,2,1,3,1,1,1,1,1,1
SF,IF2006,2020-02-19 10:26:07.400,4058.8000,23816,-1,3287845440.000,1,0,1,双平,S,4058.2000,4058.0000,4057.4000,4055.6000,4054.0000,4060.8000,4061.8000,4062.0000,4062.2000,4063.0000,1,2,1,3,1,1,1,1,1,5
SF,IF2006,2020-02-19 10:26:07.900,4058.8000,23816,0,3287845440.000,0,-,-,-,-,4058.4000,4058.2000,4056.6000,4055.6000,4054.0000,4059.8000,4060.0000,4060.2000,4060.6000,4060.8000,2,1,1,3,1,1,1,1,2,1
SF,IF2006,2020-02-19 10:26:08.400,4058.8000,23816,0,3287845440.000,0,-,-,-,-,4058.4000,4058.2000,4056.6000,4055.6000,4054.0000,4059.6000,4059.8000,4060.8000,4061.8000,4062.0000,2,1,1,3,1,3,1,1,1,1
SF,IF2006,2020-02-19 10:26:09.400,4058.8000,23816,0,3287845440.000,0,-,-,-,-,4058.4000,4056.6000,4055.6000,4054.0000,4053.6000,4059.4000,4059.6000,4059.8000,4060.8000,4061.8000,2,1,3,1,1,1,3,1,1,1
SF,IF2006,2020-02-19 10:26:09.900,4058.4000,23815,-1,3289062960.000,1,0,1,双平,S,4056.6000,4055.6000,4054.0000,4053.6000,4053.0000,4059.4000,4059.6000,4059.8000,4060.8000,4061.8000,1,3,1,1,2,1,3,1,1,1
SF,IF2006,2020-02-19 10:26:10.400,4058.4000,23815,0,3289062960.000,0,-,-,-,-,4057.6000,4057.2000,4057.0000,4056.8000,4056.6000,4059.2000,4059.6000,4060.8000,4061.8000,4062.0000,2,6,7,4,1,3,1,1,1,1
SF,IF2006,2020-02-19 10:26:10.900,4058.4000,23815,0,3289062960.000,0,-,-,-,-,4058.0000,4057.8000,4057.6000,4057.2000,4057.0000,4059.2000,4059.6000,4060.8000,4061.8000,4062.0000,1,2,1,6,5,3,1,1,1,1
SF,IF2006,2020-02-19 10:26:11.400,4058.4000,23815,0,3289062960.000,0,-,-,-,-,4058.4000,4058.2000,4057.8000,4057.6000,4057.2000,4059.2000,4059.6000,4060.8000,4061.8000,4062.0000,1,2,2,1,1,3,1,1,1,1
SF,IF2006,2020-02-19 10:26:11.900,4058.4000,23815,0,3289062960.000,0,-,-,-,-,4058.4000,4057.8000,4057.6000,4057.2000,4056.8000,4059.2000,4059.6000,4060.8000,4061.8000,4062.0000,1,2,1,1,2,1,1,1,1,1
SF,IF2006,2020-02-19 10:26:13.400,4058.4000,23815,0,3289062960.000,0,-,-,-,-,4058.4000,4057.8000,4057.6000,4056.8000,4056.6000,4059.2000,4059.6000,4061.8000,4062.0000,4062.2000,1,2,1,2,1,1,1,1,1,1
SF,IF2006,2020-02-19 10:26:14.400,4058.4000,23815,0,3289062960.000,0,-,-,-,-,4057.8000,4057.6000,4056.8000,4056.6000,4054.0000,4059.2000,4059.6000,4061.8000,4062.0000,4062.2000,2,1,2,1,1,1,1,1,1,1
SF,IF2006,2020-02-19 10:26:16.400,4058.4000,23815,0,3289062960.000,0,-,-,-,-,4057.8000,4057.6000,4056.6000,4054.0000,4053.6000,4059.0000,4059.2000,4061.8000,4062.0000,4062.2000,2,1,1,1,1,1,1,1,1,1
SF,IF2006,2020-02-19 10:26:16.900,4058.4000,23815,0,3289062960.000,0,-,-,-,-,4056.6000,4054.0000,4053.6000,4053.0000,4051.2000,4058.8000,4059.0000,4059.2000,4061.8000,4062.0000,1,1,1,2,1,2,1,1,1,1
SF,IF2006,2020-02-19 10:26:17.400,4058.4000,23815,0,3289062960.000,0,-,-,-,-,4057.2000,4057.0000,4056.8000,4056.6000,4054.0000,4058.6000,4058.8000,4061.8000,4062.0000,4062.2000,1,1,3,1,1,2,2,1,1,1
SF,IF2006,2020-02-19 10:26:17.900,4058.4000,23815,0,3289062960.000,0,-,-,-,-,4057.4000,4057.2000,4056.8000,4056.6000,4054.0000,4058.6000,4058.8000,4061.8000,4062.0000,4062.2000,2,1,1,1,1,2,2,1,1,1
SF,IF2006,2020-02-19 10:26:18.400,4058.4000,23815,0,3289062960.000,0,-,-,-,-,4057.2000,4056.8000,4056.6000,4054.0000,4053.6000,4058.2000,4058.4000,4058.6000,4061.8000,4062.0000,1,1,1,1,1,1,2,1,1,1
SF,IF2006,2020-02-19 10:26:18.900,4058.4000,23815,0,3289062960.000,0,-,-,-,-,4057.4000,4057.2000,4056.8000,4056.6000,4054.0000,4058.2000,4058.4000,4058.6000,4061.8000,4062.0000,1,1,1,1,1,1,2,1,1,1
SF,IF2006,2020-02-19 10:26:19.400,4058.4000,23815,0,3289062960.000,0,-,-,-,-,4057.2000,4056.8000,4056.6000,4054.0000,4053.6000,4058.2000,4058.4000,4058.6000,4061.8000,4062.0000,1,1,1,1,1,1,2,1,1,1
SF,IF2006,2020-02-19 10:26:19.900,4058.4000,23815,0,3289062960.000,0,-,-,-,-,4057.2000,4056.8000,4056.6000,4054.0000,4053.6000,4058.2000,4058.4000,4058.6000,4061.8000,4062.0000,1,1,1,1,1,1,2,1,1,1
SF,IF2006,2020-02-19 10:26:20.900,4058.4000,23815,0,3289062960.000,0,-,-,-,-,4056.8000,4056.6000,4054.0000,4053.6000,4053.0000,4058.2000,4058.4000,4058.6000,4061.8000,4062.0000,1,1,1,1,2,1,2,1,1,1
SF,IF2006,2020-02-19 10:26:21.400,4058.4000,23815,0,3289062960.000,0,-,-,-,-,4057.2000,4057.0000,4056.8000,4056.6000,4054.0000,4058.0000,4058.2000,4058.6000,4061.8000,4062.0000,1,1,1,1,1,2,1,1,1,1
SF,IF2006,2020-02-19 10:26:21.900,4058.4000,23815,0,3289062960.000,0,-,-,-,-,4057.0000,4056.8000,4056.6000,4054.0000,4053.6000,4058.2000,4058.6000,4061.8000,4062.0000,4063.0000,1,1,1,1,1,1,1,1,1,5
SF,IF2006,2020-02-19 10:26:22.400,4058.4000,23815,0,3289062960.000,0,-,-,-,-,4057.2000,4057.0000,4056.8000,4056.6000,4054.0000,4058.2000,4058.6000,4061.8000,4062.0000,4063.0000,2,1,1,1,1,1,1,1,1,5
SF,IF2006,2020-02-19 10:26:23.400,4058.4000,23815,0,3289062960.000,0,-,-,-,-,4057.0000,4056.8000,4056.6000,4054.0000,4053.6000,4058.2000,4058.6000,4061.8000,4062.0000,4063.0000,1,1,1,1,1,1,1,1,1,5
SF,IF2006,2020-02-19 10:26:23.900,4058.4000,23815,0,3289062960.000,0,-,-,-,-,4057.0000,4056.6000,4054.0000,4053.6000,4053.0000,4058.0000,4058.2000,4058.6000,4061.8000,4062.0000,1,1,1,1,2,2,1,1,1,1
SF,IF2006,2020-02-19 10:26:24.900,4058.4000,23815,0,3289062960.000,0,-,-,-,-,4057.0000,4056.6000,4054.0000,4053.6000,4053.0000,4058.0000,4058.2000,4061.8000,4062.0000,4063.0000,1,1,1,1,2,2,1,1,1,5
SF,IF2006,2020-02-19 10:26:25.400,4058.4000,23815,0,3289062960.000,0,-,-,-,-,4057.0000,4056.6000,4054.0000,4053.6000,4053.0000,4058.0000,4058.2000,4061.8000,4062.0000,4063.0000,1,1,1,1,2,3,1,1,1,5
SF,IF2006,2020-02-19 10:26:25.900,4058.4000,23815,0,3289062960.000,0,-,-,-,-,4056.6000,4054.0000,4053.6000,4053.0000,4051.2000,4057.8000,4058.0000,4061.8000,4062.0000,4063.0000,1,1,1,2,1,1,3,1,1,5
SF,IF2006,2020-02-19 10:26:27.900,4058.4000,23815,0,3289062960.000,0,-,-,-,-,4056.6000,4054.0000,4053.6000,4053.0000,4051.2000,4057.8000,4058.0000,4061.8000,4062.0000,4063.0000,1,1,1,2,1,1,2,1,1,5
SF,IF2006,2020-02-19 10:26:28.400,4058.4000,23815,0,3289062960.000,0,-,-,-,-,4056.6000,4054.0000,4053.6000,4053.0000,4051.2000,4057.6000,4057.8000,4061.8000,4062.0000,4063.0000,1,1,1,2,1,2,1,1,1,5
SF,IF2006,2020-02-19 10:26:29.400,4058.4000,23815,0,3289062960.000,0,-,-,-,-,4056.6000,4054.0000,4053.6000,4053.0000,4051.2000,4057.4000,4057.6000,4061.8000,4062.0000,4063.0000,1,1,1,2,1,1,2,1,1,5
SF,IF2006,2020-02-19 10:26:34.900,4056.6000,23815,0,3290279940.000,1,0,1,多换,S,4054.0000,4053.6000,4053.0000,4051.2000,4050.0000,4057.4000,4057.6000,4061.8000,4062.0000,4063.0000,1,1,2,1,7,1,2,1,1,5
SF,IF2006,2020-02-19 10:26:35.400,4056.6000,23815,0,3290279940.000,0,-,-,-,-,4055.2000,4054.4000,4054.2000,4054.0000,4053.6000,4057.0000,4057.2000,4061.8000,4062.0000,4063.0000,6,3,16,1,1,2,2,1,1,5
SF,IF2006,2020-02-19 10:26:35.900,4055.4000,23814,-1,3291496560.000,1,0,1,双平,S,4055.4000,4055.2000,4054.4000,4054.2000,4054.0000,4056.8000,4057.0000,4061.8000,4062.0000,4063.0000,2,1,4,1,1,2,2,1,1,5
SF,IF2006,2020-02-19 10:26:36.400,4055.4000,23814,0,3291496560.000,0,-,-,-,-,4055.4000,4055.2000,4054.4000,4054.2000,4054.0000,4056.6000,4056.8000,4057.0000,4061.8000,4062.0000,2,1,2,1,1,1,2,1,1,1
SF,IF2006,2020-02-19 10:26:36.900,4055.4000,23814,0,3291496560.000,0,-,-,-,-,4055.4000,4055.2000,4054.4000,4054.2000,4054.0000,4056.4000,4056.6000,4057.0000,4061.8000,4062.0000,2,1,2,1,1,2,1,1,1,1
SF,IF2006,2020-02-19 10:26:37.900,4056.4000,23814,0,3292713480.000,1,0,1,多换,S,4055.4000,4055.2000,4054.4000,4054.2000,4054.0000,4056.4000,4056.6000,4057.0000,4061.8000,4062.0000,2,1,2,1,1,1,1,1,1,1
SF,IF2006,2020-02-19 10:26:38.400,4056.4000,23814,0,3292713480.000,0,-,-,-,-,4055.6000,4055.4000,4054.4000,4054.2000,4054.0000,4056.6000,4057.0000,4061.8000,4062.0000,4063.0000,1,2,2,1,1,2,1,1,1,5
SF,IF2006,2020-02-19 10:26:38.900,4056.4000,23814,0,3292713480.000,0,-,-,-,-,4055.8000,4055.6000,4055.4000,4054.4000,4054.2000,4056.6000,4057.0000,4061.8000,4062.0000,4063.0000,1,1,2,2,1,2,1,1,1,5
SF,IF2006,2020-02-19 10:26:39.900,4056.6000,23813,-1,3295147440.000,2,0,2,多平,S,4056.0000,4055.4000,4054.4000,4054.2000,4054.0000,4057.0000,4061.8000,4062.0000,4063.0000,4063.2000,1,2,2,1,1,1,1,1,5,1
SF,IF2006,2020-02-19 10:26:40.400,4057.0000,23813,0,3296364540.000,1,0,1,多换,S,4056.4000,4056.2000,4054.4000,4054.2000,4054.0000,4061.8000,4062.0000,4063.0000,4063.2000,4063.4000,1,5,2,1,1,1,1,5,1,2
SF,IF2006,2020-02-19 10:26:40.900,4057.0000,23813,0,3296364540.000,0,-,-,-,-,4057.0000,4056.6000,4056.4000,4054.4000,4054.0000,4058.8000,4059.4000,4059.6000,4059.8000,4060.0000,1,3,1,2,1,1,1,1,1,1
SF,IF2006,2020-02-19 10:26:41.400,4057.0000,23813,0,3296364540.000,0,-,-,-,-,4057.2000,4057.0000,4056.6000,4054.4000,4054.0000,4058.6000,4058.8000,4060.0000,4060.8000,4061.2000,2,1,1,2,1,2,1,1,6,3
SF,IF2006,2020-02-19 10:26:41.900,4057.0000,23813,0,3296364540.000,0,-,-,-,-,4057.0000,4056.6000,4054.4000,4054.0000,4053.6000,4058.4000,4058.6000,4058.8000,4060.0000,4060.8000,1,1,2,1,1,3,2,1,1,6
SF,IF2006,2020-02-19 10:26:42.400,4057.0000,23813,0,3297581640.000,1,0,1,多换,S,4056.6000,4054.4000,4054.0000,4053.6000,4053.0000,4058.2000,4058.4000,4060.0000,4060.8000,4061.2000,1,2,1,1,2,3,3,1,6,3
SF,IF2006,2020-02-19 10:26:42.900,4057.0000,23813,0,3297581640.000,0,-,-,-,-,4054.4000,4054.0000,4053.6000,4053.0000,4051.2000,4058.0000,4058.2000,4058.4000,4060.0000,4060.8000,2,1,1,2,1,1,3,2,1,6
SF,IF2006,2020-02-19 10:26:43.400,4057.0000,23813,0,3297581640.000,0,-,-,-,-,4055.6000,4055.4000,4055.2000,4054.6000,4054.4000,4057.6000,4057.8000,4058.4000,4060.0000,4060.8000,3,2,1,4,3,2,3,1,1,6
SF,IF2006,2020-02-19 10:26:43.900,4057.0000,23813,0,3297581640.000,0,-,-,-,-,4056.2000,4056.0000,4055.8000,4055.4000,4054.6000,4057.4000,4057.6000,4058.4000,4060.0000,4060.8000,1,6,4,1,2,2,1,1,1,6
SF,IF2006,2020-02-19 10:26:44.400,4057.0000,23813,0,3297581640.000,0,-,-,-,-,4056.4000,4056.0000,4055.8000,4055.4000,4054.6000,4057.4000,4057.6000,4058.4000,4060.0000,4060.8000,4,5,2,1,2,2,1,1,1,6
SF,IF2006,2020-02-19 10:26:44.900,4057.0000,23813,0,3297581640.000,0,-,-,-,-,4056.4000,4055.8000,4054.6000,4054.4000,4054.0000,4057.4000,4057.6000,4058.4000,4060.0000,4060.8000,1,2,2,2,1,2,1,1,1,6
SF,IF2006,2020-02-19 10:26:45.400,4056.4000,23813,0,3298798560.000,1,0,1,多换,S,4055.8000,4054.6000,4054.4000,4054.0000,4053.6000,4057.4000,4057.6000,4058.4000,4060.0000,4060.8000,2,1,2,1,1,2,1,1,1,6
SF,IF2006,2020-02-19 10:26:45.900,4056.4000,23813,0,3298798560.000,0,-,-,-,-,4055.8000,4054.6000,4054.4000,4054.0000,4053.6000,4057.0000,4057.4000,4058.4000,4060.0000,4060.8000,2,1,2,1,1,1,2,1,1,6
SF,IF2006,2020-02-19 10:26:46.400,4056.4000,23813,0,3298798560.000,0,-,-,-,-,4054.4000,4054.0000,4053.6000,4053.0000,4051.2000,4056.8000,4057.0000,4058.4000,4060.0000,4060.8000,2,1,1,2,1,2,1,1,1,6
SF,IF2006,2020-02-19 10:26:46.900,4056.4000,23813,0,3298798560.000,0,-,-,-,-,4055.0000,4054.8000,4054.6000,4054.4000,4054.0000,4056.8000,4057.0000,4058.4000,4060.0000,4060.8000,2,7,2,2,1,2,1,1,1,6
SF,IF2006,2020-02-19 10:26:47.400,4056.4000,23813,0,3298798560.000,0,-,-,-,-,4055.2000,4055.0000,4054.4000,4054.0000,4053.6000,4056.6000,4056.8000,4057.0000,4058.4000,4060.0000,2,2,1,1,1,1,2,1,1,1
SF,IF2006,2020-02-19 10:26:47.900,4056.4000,23813,0,3298798560.000,0,-,-,-,-,4055.2000,4054.0000,4053.6000,4053.0000,4051.2000,4056.4000,4056.6000,4058.4000,4060.0000,4060.8000,2,1,1,2,1,5,2,1,1,5
SF,IF2006,2020-02-19 10:26:48.400,4056.4000,23813,0,3298798560.000,0,-,-,-,-,4054.0000,4053.6000,4053.0000,4051.2000,4050.0000,4056.0000,4056.2000,4056.4000,4056.6000,4058.4000,1,1,2,1,7,1,1,4,1,1
SF,IF2006,2020-02-19 10:26:48.900,4056.4000,23813,0,3298798560.000,0,-,-,-,-,4054.2000,4054.0000,4053.6000,4053.0000,4051.2000,4055.8000,4056.0000,4056.2000,4056.6000,4058.4000,5,1,1,2,1,3,1,1,1,1
SF,IF2006,2020-02-19 10:26:49.400,4056.4000,23813,0,3298798560.000,0,-,-,-,-,4054.2000,4054.0000,4053.6000,4053.0000,4051.2000,4055.6000,4055.8000,4056.6000,4058.4000,4060.0000,2,1,1,2,1,3,3,1,1,1
SF,IF2006,2020-02-19 10:26:49.900,4056.4000,23813,0,3298798560.000,0,-,-,-,-,4054.2000,4054.0000,4053.6000,4053.0000,4051.8000,4055.6000,4055.8000,4058.4000,4060.0000,4060.8000,2,1,1,2,1,3,3,1,1,5
SF,IF2006,2020-02-19 10:26:50.400,4056.4000,23813,0,3298798560.000,0,-,-,-,-,4054.2000,4054.0000,4053.6000,4053.0000,4051.8000,4055.4000,4055.6000,4055.8000,4058.4000,4060.0000,2,1,1,2,1,2,3,1,1,1
SF,IF2006,2020-02-19 10:26:50.900,4056.4000,23813,0,3298798560.000,0,-,-,-,-,4054.4000,4054.2000,4054.0000,4053.6000,4053.0000,4055.4000,4055.6000,4055.8000,4058.4000,4060.0000,2,2,1,1,2,2,2,1,1,1
SF,IF2006,2020-02-19 10:26:51.400,4056.4000,23813,0,3298798560.000,0,-,-,-,-,4054.6000,4054.0000,4053.6000,4053.0000,4051.8000,4055.6000,4055.8000,4058.4000,4060.0000,4060.8000,2,1,1,2,1,2,1,1,1,4
SF,IF2006,2020-02-19 10:26:51.900,4056.4000,23813,0,3298798560.000,0,-,-,-,-,4054.0000,4053.6000,4053.0000,4051.8000,4051.2000,4055.4000,4055.6000,4055.8000,4058.4000,4060.0000,1,1,2,1,1,1,2,1,1,1
SF,IF2006,2020-02-19 10:26:52.400,4054.4000,23814,1,3300014880.000,1,1,0,双开,S,4054.4000,4054.2000,4054.0000,4053.6000,4053.0000,4055.4000,4055.6000,4055.8000,4058.4000,4060.0000,1,2,1,1,2,1,2,1,1,1
SF,IF2006,2020-02-19 10:26:52.900,4054.4000,23814,0,3300014880.000,0,-,-,-,-,4054.4000,4054.2000,4054.0000,4053.6000,4053.0000,4055.6000,4055.8000,4058.4000,4060.0000,4060.8000,1,2,1,1,2,2,1,1,1,4
SF,IF2006,2020-02-19 10:26:53.400,4054.4000,23814,0,3300014880.000,0,-,-,-,-,4055.0000,4054.6000,4054.0000,4053.6000,4053.0000,4055.8000,4058.4000,4060.0000,4060.8000,4061.2000,2,4,1,1,2,1,1,1,4,1
SF,IF2006,2020-02-19 10:26:53.900,4054.4000,23814,0,3300014880.000,0,-,-,-,-,4055.0000,4054.6000,4054.0000,4053.6000,4053.0000,4055.8000,4058.4000,4060.0000,4060.8000,4061.2000,2,3,1,1,2,1,1,1,4,1
SF,IF2006,2020-02-19 10:26:54.400,4054.4000,23814,0,3300014880.000,0,-,-,-,-,4055.0000,4054.6000,4054.0000,4053.6000,4053.0000,4058.4000,4060.0000,4060.8000,4061.2000,4061.4000,2,2,1,1,2,1,1,4,1,1
SF,IF2006,2020-02-19 10:26:54.900,4054.4000,23814,0,3300014880.000,0,-,-,-,-,4055.2000,4055.0000,4054.0000,4053.6000,4053.0000,4056.8000,4057.2000,4057.4000,4058.2000,4058.4000,2,2,1,1,2,1,1,2,5,2
SF,IF2006,2020-02-19 10:26:55.400,4054.4000,23814,0,3300014880.000,0,-,-,-,-,4055.2000,4055.0000,4054.0000,4053.6000,4053.0000,4056.6000,4056.8000,4057.4000,4058.2000,4058.4000,2,2,1,1,2,3,1,1,3,2
SF,IF2006,2020-02-19 10:26:55.900,4054.4000,23814,0,3300014880.000,0,-,-,-,-,4055.0000,4054.0000,4053.6000,4053.0000,4051.8000,4056.2000,4056.6000,4056.8000,4057.4000,4058.2000,2,1,1,2,1,1,2,1,1,3
SF,IF2006,2020-02-19 10:26:56.400,4054.4000,23814,0,3300014880.000,0,-,-,-,-,4055.0000,4054.0000,4053.6000,4053.0000,4051.8000,4056.0000,4056.8000,4057.4000,4058.2000,4058.4000,3,1,1,2,1,2,1,1,3,2
SF,IF2006,2020-02-19 10:26:57.900,4054.4000,23814,0,3300014880.000,0,-,-,-,-,4055.0000,4054.0000,4053.6000,4053.0000,4051.8000,4056.0000,4057.4000,4058.2000,4058.4000,4060.0000,3,1,1,2,1,2,1,3,2,1
SF,IF2006,2020-02-19 10:26:58.900,4054.4000,23814,0,3301231200.000,1,0,1,多换,S,4055.0000,4054.0000,4053.6000,4053.0000,4051.8000,4056.0000,4057.4000,4058.2000,4058.4000,4060.0000,2,1,1,2,1,2,1,3,2,1
SF,IF2006,2020-02-19 10:26:59.900,4054.4000,23814,0,3301231200.000,0,-,-,-,-,4055.2000,4055.0000,4054.0000,4053.6000,4053.0000,4056.0000,4057.4000,4058.2000,4058.4000,4060.0000,1,2,1,1,2,2,1,3,2,1
SF,IF2006,2020-02-19 10:27:00.400,4054.4000,23814,0,3301231200.000,0,-,-,-,-,4055.0000,4054.0000,4053.6000,4053.0000,4051.8000,4056.0000,4057.4000,4058.2000,4058.4000,4060.0000,2,1,1,2,1,2,1,3,2,1
SF,IF2006,2020-02-19 10:27:00.900,4054.4000,23814,0,3301231200.000,0,-,-,-,-,4055.2000,4055.0000,4054.0000,4053.6000,4053.0000,4056.0000,4057.4000,4058.2000,4058.4000,4060.0000,1,2,1,1,2,2,1,3,2,1
SF,IF2006,2020-02-19 10:27:01.400,4056.0000,23814,0,3303664800.000,2,1,1,多换,S,4055.4000,4055.0000,4054.0000,4053.6000,4053.0000,4057.4000,4058.2000,4058.4000,4060.0000,4060.8000,1,2,1,1,2,1,3,2,1,4
SF,IF2006,2020-02-19 10:27:01.900,4056.0000,23814,0,3303664800.000,0,-,-,-,-,4055.6000,4055.4000,4055.0000,4054.0000,4053.6000,4056.8000,4057.2000,4057.4000,4058.2000,4058.4000,2,1,2,1,1,1,2,1,3,1
SF,IF2006,2020-02-19 10:27:02.400,4056.0000,23814,0,3303664800.000,0,-,-,-,-,4055.8000,4055.6000,4055.0000,4054.0000,4053.6000,4056.8000,4057.2000,4058.4000,4060.0000,4060.8000,2,2,2,1,1,1,1,1,1,4
SF,IF2006,2020-02-19 10:27:02.900,4056.0000,23814,0,3303664800.000,0,-,-,-,-,4055.8000,4055.6000,4055.0000,4054.0000,4053.6000,4056.8000,4057.2000,4058.4000,4060.0000,4060.8000,1,2,2,1,1,1,1,1,1,4
SF,IF2006,2020-02-19 10:27:03.400,4056.0000,23814,0,3303664800.000,0,-,-,-,-,4055.6000,4055.0000,4054.0000,4053.6000,4053.0000,4056.8000,4058.4000,4060.0000,4060.8000,4061.2000,2,2,1,1,2,1,1,1,4,1
SF,IF2006,2020-02-19 10:27:04.400,4056.0000,23814,0,3303664800.000,0,-,-,-,-,4055.6000,4055.0000,4054.0000,4053.6000,4053.0000,4056.2000,4056.6000,4056.8000,4058.4000,4060.0000,2,2,1,1,2,5,1,1,1,1
SF,IF2006,2020-02-19 10:27:05.900,4055.6000,23813,-1,3304881480.000,1,0,1,双平,S,4055.6000,4055.0000,4054.0000,4053.6000,4053.0000,4056.2000,4056.6000,4056.8000,4058.4000,4060.0000,1,2,1,1,2,5,1,1,1,1
SF,IF2006,2020-02-19 10:27:06.400,4055.6000,23812,-1,3306098160.000,1,0,1,双平,S,4055.0000,4054.0000,4053.6000,4053.0000,4051.8000,4056.2000,4056.6000,4056.8000,4058.4000,4060.0000,2,1,1,2,1,5,1,1,1,1
SF,IF2006,2020-02-19 10:27:06.900,4055.6000,23812,0,3306098160.000,0,-,-,-,-,4055.2000,4055.0000,4054.0000,4053.6000,4053.0000,4056.2000,4056.8000,4058.4000,4060.0000,4060.8000,3,2,1,1,2,5,1,1,1,4
SF,IF2006,2020-02-19 10:27:07.400,4055.6000,23812,0,3306098160.000,0,-,-,-,-,4055.4000,4055.2000,4055.0000,4054.0000,4053.6000,4056.2000,4056.8000,4058.4000,4060.0000,4060.8000,1,2,2,1,1,5,1,1,1,4
SF,IF2006,2020-02-19 10:27:07.900,4055.6000,23812,0,3306098160.000,0,-,-,-,-,4055.2000,4055.0000,4054.0000,4053.6000,4053.0000,4056.2000,4056.8000,4058.4000,4060.0000,4060.8000,2,2,1,1,2,5,1,1,1,4
SF,IF2006,2020-02-19 10:27:08.400,4055.6000,23812,0,3306098160.000,0,-,-,-,-,4055.4000,4055.2000,4055.0000,4054.0000,4053.6000,4056.2000,4056.8000,4058.4000,4060.0000,4060.8000,1,2,2,1,1,5,1,1,1,4
SF,IF2006,2020-02-19 10:27:08.900,4055.6000,23812,0,3306098160.000,0,-,-,-,-,4055.2000,4055.0000,4054.0000,4053.6000,4053.0000,4056.2000,4056.8000,4058.4000,4060.0000,4060.8000,2,2,1,1,2,5,1,1,1,4
SF,IF2006,2020-02-19 10:27:09.400,4055.6000,23812,0,3306098160.000,0,-,-,-,-,4055.4000,4055.2000,4055.0000,4054.0000,4053.6000,4056.2000,4056.8000,4058.4000,4060.0000,4060.8000,1,2,2,1,1,5,1,1,1,4
SF,IF2006,2020-02-19 10:27:09.900,4055.6000,23812,0,3306098160.000,0,-,-,-,-,4055.2000,4055.0000,4054.0000,4053.6000,4053.0000,4056.2000,4056.8000,4058.4000,4060.0000,4060.8000,2,2,1,1,2,5,1,1,1,4
SF,IF2006,2020-02-19 10:27:10.400,4055.6000,23812,0,3306098160.000,0,-,-,-,-,4056.0000,4055.4000,4055.2000,4055.0000,4054.0000,4056.2000,4056.8000,4058.4000,4060.0000,4060.8000,1,1,2,1,1,5,1,1,1,4
SF,IF2006,2020-02-19 10:27:10.900,4055.6000,23812,0,3306098160.000,0,-,-,-,-,4056.0000,4055.2000,4055.0000,4054.0000,4053.6000,4056.2000,4056.8000,4058.4000,4060.0000,4060.8000,1,2,1,1,1,5,1,1,1,4
SF,IF2006,2020-02-19 10:27:11.400,4056.8000,23810,-2,3313399500.000,6,2,4,多平,S,4056.8000,4056.2000,4056.0000,4055.2000,4055.0000,4058.4000,4060.0000,4060.8000,4061.2000,4061.4000,5,1,1,2,1,1,1,4,1,1
SF,IF2006,2020-02-19 10:27:11.900,4056.8000,23810,0,3315833580.000,2,1,1,多换,S,4056.0000,4055.6000,4055.2000,4055.0000,4054.0000,4057.4000,4058.0000,4058.2000,4058.4000,4060.0000,1,1,2,1,1,1,1,4,2,1
SF,IF2006,2020-02-19 10:27:12.400,4056.8000,23810,0,3315833580.000,0,-,-,-,-,4056.2000,4056.0000,4055.6000,4055.2000,4055.0000,4057.2000,4058.4000,4060.0000,4060.8000,4061.2000,1,1,1,2,1,2,2,1,4,1
SF,IF2006,2020-02-19 10:27:12.900,4057.2000,23809,-1,3317050740.000,1,0,1,双平,S,4056.6000,4056.4000,4056.0000,4055.6000,4055.2000,4057.2000,4058.4000,4060.0000,4060.8000,4061.2000,1,3,1,1,2,1,2,1,4,1
SF,IF2006,2020-02-19 10:27:13.400,4057.2000,23808,-1,3318267900.000,1,0,1,双平,S,4056.6000,4056.4000,4056.0000,4055.6000,4055.2000,4058.4000,4060.0000,4060.8000,4061.2000,4061.4000,1,3,1,1,2,2,1,4,1,1
SF,IF2006,2020-02-19 10:27:13.900,4057.2000,23808,0,3318267900.000,0,-,-,-,-,4056.8000,4056.4000,4056.0000,4055.6000,4055.0000,4058.0000,4058.2000,4058.4000,4060.0000,4060.8000,2,2,1,1,1,3,4,2,1,4
SF,IF2006,2020-02-19 10:27:14.400,4057.2000,23808,0,3318267900.000,0,-,-,-,-,4056.8000,4056.4000,4056.0000,4055.6000,4055.0000,4057.8000,4058.0000,4058.2000,4058.4000,4060.0000,2,1,1,1,1,3,2,2,2,1
SF,IF2006,2020-02-19 10:27:14.900,4057.2000,23808,0,3318267900.000,0,-,-,-,-,4056.4000,4056.0000,4055.6000,4055.0000,4054.0000,4057.6000,4057.8000,4058.0000,4058.2000,4058.4000,1,1,1,1,1,1,2,1,2,2
SF,IF2006,2020-02-19 10:27:15.400,4057.2000,23808,0,3318267900.000,0,-,-,-,-,4056.4000,4056.0000,4055.6000,4055.0000,4054.0000,4057.4000,4057.8000,4058.0000,4058.2000,4058.4000,1,1,1,1,1,1,2,1,2,2
SF,IF2006,2020-02-19 10:27:15.900,4057.2000,23808,0,3318267900.000,0,-,-,-,-,4056.4000,4056.0000,4055.6000,4055.0000,4054.4000,4057.2000,4057.4000,4057.8000,4058.0000,4058.2000,1,1,1,1,1,1,1,2,1,2
SF,IF2006,2020-02-19 10:27:16.400,4057.2000,23808,0,3318267900.000,0,-,-,-,-,4056.4000,4056.0000,4055.6000,4055.0000,4054.4000,4057.2000,4057.8000,4058.0000,4058.2000,4058.4000,1,1,1,1,1,1,2,1,2,2
SF,IF2006,2020-02-19 10:27:18.900,4057.2000,23808,0,3319485060.000,1,0,1,多换,S,4056.6000,4056.4000,4056.0000,4055.6000,4055.0000,4057.8000,4058.0000,4058.2000,4058.4000,4060.0000,1,1,1,1,1,2,1,2,2,1
SF,IF2006,2020-02-19 10:27:19.400,4057.2000,23808,0,3319485060.000,0,-,-,-,-,4056.8000,4056.6000,4056.4000,4056.0000,4055.6000,4057.8000,4058.0000,4058.2000,4058.4000,4060.0000,2,1,1,1,1,1,1,2,2,1
SF,IF2006,2020-02-19 10:27:20.400,4057.2000,23808,0,3319485060.000,0,-,-,-,-,4056.8000,4056.6000,4056.4000,4056.0000,4055.6000,4058.0000,4058.2000,4058.4000,4060.0000,4060.8000,2,1,1,1,1,1,2,2,1,4
SF,IF2006,2020-02-19 10:27:20.900,4057.2000,23808,0,3319485060.000,0,-,-,-,-,4056.8000,4056.6000,4056.4000,4056.0000,4055.6000,4058.0000,4058.2000,4058.4000,4060.0000,4060.8000,2,1,1,1,1,1,2,1,1,4
SF,IF2006,2020-02-19 10:27:21.900,4057.2000,23808,0,3319485060.000,0,-,-,-,-,4056.8000,4056.6000,4056.4000,4056.0000,4055.6000,4057.8000,4058.0000,4058.2000,4058.4000,4060.0000,2,1,1,1,1,1,1,2,1,1
SF,IF2006,2020-02-19 10:27:22.900,4057.2000,23808,0,3319485060.000,0,-,-,-,-,4056.8000,4056.4000,4056.0000,4055.6000,4055.0000,4058.0000,4058.2000,4058.4000,4060.0000,4060.8000,2,1,1,1,1,1,2,1,1,4
SF,IF2006,2020-02-19 10:27:23.400,4057.2000,23808,0,3319485060.000,0,-,-,-,-,4056.8000,4056.4000,4056.0000,4055.6000,4055.0000,4057.8000,4058.0000,4058.4000,4060.0000,4060.8000,2,1,1,1,1,6,1,1,1,4
SF,IF2006,2020-02-19 10:27:23.900,4057.2000,23808,0,3319485060.000,0,-,-,-,-,4056.8000,4056.4000,4056.0000,4055.6000,4055.0000,4057.6000,4057.8000,4058.0000,4058.4000,4058.8000,2,1,1,1,1,1,5,1,1,1
SF,IF2006,2020-02-19 10:27:24.400,4057.2000,23808,0,3319485060.000,0,-,-,-,-,4056.8000,4056.4000,4056.0000,4055.6000,4055.0000,4057.8000,4058.0000,4058.4000,4058.8000,4060.0000,2,1,1,1,1,5,1,1,1,1
SF,IF2006,2020-02-19 10:27:24.900,4057.2000,23808,0,3319485060.000,0,-,-,-,-,4056.8000,4056.4000,4056.0000,4055.6000,4055.0000,4057.6000,4057.8000,4058.0000,4058.4000,4058.8000,2,1,1,1,1,1,5,1,1,1
SF,IF2006,2020-02-19 10:27:25.400,4057.2000,23808,0,3319485060.000,0,-,-,-,-,4056.8000,4056.4000,4056.0000,4055.6000,4055.0000,4057.8000,4058.0000,4058.4000,4058.8000,4060.0000,2,1,1,1,1,5,1,1,1,1
SF,IF2006,2020-02-19 10:27:25.900,4056.8000,23807,-1,3320702100.000,1,0,1,双平,S,4056.8000,4056.4000,4056.0000,4055.6000,4055.0000,4057.6000,4057.8000,4058.0000,4058.4000,4058.8000,1,1,1,1,1,1,5,1,1,1
SF,IF2006,2020-02-19 10:27:26.400,4056.8000,23807,0,3320702100.000,0,-,-,-,-,4056.4000,4056.0000,4055.6000,4055.0000,4054.4000,4057.8000,4058.0000,4058.4000,4058.8000,4060.0000,1,1,1,2,1,5,1,1,1,1
SF,IF2006,2020-02-19 10:27:26.900,4056.8000,23807,0,3320702100.000,0,-,-,-,-,4056.6000,4056.4000,4056.0000,4055.6000,4055.0000,4057.8000,4058.0000,4058.4000,4058.8000,4060.0000,2,1,1,1,2,5,1,1,1,1
SF,IF2006,2020-02-19 10:27:27.900,4056.8000,23807,0,3320702100.000,0,-,-,-,-,4056.6000,4056.4000,4056.0000,4055.6000,4055.0000,4057.8000,4058.0000,4058.4000,4058.8000,4060.0000,2,1,1,1,2,5,1,1,1,1
SF,IF2006,2020-02-19 10:27:28.400,4056.8000,23807,0,3320702100.000,0,-,-,-,-,4056.8000,4056.6000,4056.4000,4056.0000,4055.6000,4057.8000,4058.0000,4058.4000,4058.8000,4060.0000,1,2,1,1,1,3,1,1,1,1
SF,IF2006,2020-02-19 10:27:28.900,4056.8000,23807,0,3320702100.000,0,-,-,-,-,4056.8000,4056.6000,4056.4000,4056.0000,4055.6000,4057.8000,4058.0000,4058.4000,4058.8000,4060.0000,1,2,1,1,1,1,1,1,1,1
SF,IF2006,2020-02-19 10:27:31.400,4056.8000,23807,0,3320702100.000,0,-,-,-,-,4056.8000,4056.6000,4056.4000,4056.0000,4055.6000,4057.8000,4058.0000,4058.4000,4058.8000,4060.0000,1,2,1,1,1,1,1,1,1,1
SF,IF2006,2020-02-19 10:27:31.900,4056.8000,23807,0,3320702100.000,0,-,-,-,-,4056.8000,4056.6000,4056.4000,4056.0000,4055.6000,4057.8000,4058.0000,4058.4000,4058.8000,4060.0000,1,2,1,1,1,1,1,1,1,1
SF,IF2006,2020-02-19 10:27:32.900,4056.8000,23807,0,3320702100.000,0,-,-,-,-,4057.0000,4056.6000,4056.4000,4056.0000,4055.6000,4057.8000,4058.0000,4058.8000,4060.0000,4060.8000,1,2,1,1,1,1,1,1,1,4
SF,IF2006,2020-02-19 10:27:33.400,4056.8000,23807,0,3320702100.000,0,-,-,-,-,4056.6000,4056.4000,4056.0000,4055.6000,4055.0000,4058.0000,4058.8000,4060.0000,4060.8000,4061.4000,2,1,1,1,2,1,1,1,4,1
SF,IF2006,2020-02-19 10:27:33.900,4056.8000,23807,0,3320702100.000,0,-,-,-,-,4057.0000,4056.8000,4056.6000,4056.4000,4056.0000,4058.0000,4058.8000,4060.0000,4060.8000,4061.4000,1,2,2,1,1,1,1,1,4,1
SF,IF2006,2020-02-19 10:27:34.400,4056.8000,23807,0,3320702100.000,0,-,-,-,-,4057.2000,4056.8000,4056.4000,4056.0000,4055.4000,4058.0000,4058.8000,4060.0000,4060.8000,4061.4000,3,2,1,1,1,1,1,1,4,1
SF,IF2006,2020-02-19 10:27:34.900,4056.8000,23807,0,3320702100.000,0,-,-,-,-,4057.2000,4056.8000,4056.0000,4055.4000,4055.0000,4060.0000,4060.8000,4061.4000,4062.0000,4063.0000,2,2,1,1,2,1,4,1,1,3
SF,IF2006,2020-02-19 10:27:35.400,4056.8000,23807,0,3320702100.000,0,-,-,-,-,4057.4000,4057.2000,4056.8000,4056.0000,4055.4000,4058.8000,4059.0000,4059.2000,4059.6000,4059.8000,1,2,1,1,1,1,1,2,1,5
SF,IF2006,2020-02-19 10:27:35.900,4056.8000,23807,0,3320702100.000,0,-,-,-,-,4057.6000,4057.4000,4056.0000,4055.4000,4055.0000,4058.8000,4059.0000,4059.2000,4059.6000,4059.8000,2,1,1,1,2,1,1,1,1,5
SF,IF2006,2020-02-19 10:27:36.400,4056.8000,23807,0,3320702100.000,0,-,-,-,-,4057.6000,4057.4000,4057.0000,4056.0000,4055.4000,4058.6000,4058.8000,4059.2000,4059.6000,4059.8000,2,1,1,1,1,4,1,1,1,3
SF,IF2006,2020-02-19 10:27:36.900,4057.4000,23806,-1,3324353880.000,3,1,2,多平,S,4057.0000,4056.0000,4055.4000,4055.0000,4054.0000,4058.2000,4058.4000,4058.6000,4058.8000,4059.2000,1,1,1,2,1,1,2,2,1,1
SF,IF2006,2020-02-19 10:27:37.400,4057.4000,23806,0,3324353880.000,0,-,-,-,-,4056.0000,4055.4000,4055.0000,4054.0000,4053.0000,4058.0000,4058.2000,4058.6000,4059.2000,4059.8000,1,1,2,1,2,5,1,1,1,3
SF,IF2006,2020-02-19 10:27:37.900,4057.4000,23806,0,3324353880.000,0,-,-,-,-,4056.2000,4056.0000,4055.4000,4055.0000,4054.0000,4058.0000,4058.2000,4058.6000,4059.2000,4059.8000,4,1,1,2,1,4,1,1,1,3
SF,IF2006,2020-02-19 10:27:38.900,4057.4000,23806,0,3324353880.000,0,-,-,-,-,4056.2000,4056.0000,4055.4000,4055.0000,4054.0000,4057.6000,4058.0000,4058.2000,4058.6000,4059.2000,3,1,1,2,1,1,4,1,1,1
SF,IF2006,2020-02-19 10:27:39.400,4057.4000,23806,0,3324353880.000,0,-,-,-,-,4056.2000,4056.0000,4055.4000,4055.0000,4054.0000,4057.6000,4058.0000,4058.6000,4059.2000,4059.8000,3,1,1,2,1,1,4,1,1,3
SF,IF2006,2020-02-19 10:27:40.900,4057.4000,23806,0,3324353880.000,0,-,-,-,-,4056.2000,4056.0000,4055.4000,4055.0000,4054.0000,4057.6000,4058.0000,4058.6000,4059.2000,4059.8000,3,1,1,2,1,1,4,1,1,4
SF,IF2006,2020-02-19 10:27:41.400,4057.4000,23806,0,3324353880.000,0,-,-,-,-,4056.4000,4056.2000,4056.0000,4055.4000,4055.0000,4057.4000,4057.6000,4058.0000,4058.6000,4059.2000,1,3,1,1,2,2,1,2,1,1
SF,IF2006,2020-02-19 10:27:43.400,4057.4000,23806,0,3326788320.000,2,1,1,多换,S,4056.4000,4056.2000,4056.0000,4055.4000,4055.0000,4057.6000,4058.0000,4058.6000,4059.2000,4059.8000,1,3,1,1,2,1,2,1,1,4
SF,IF2006,2020-02-19 10:27:43.900,4057.6000,23805,-1,3328005600.000,1,0,1,双平,S,4056.8000,4056.6000,4056.0000,4055.4000,4055.0000,4058.0000,4059.2000,4059.8000,4060.8000,4062.0000,1,4,1,1,2,1,1,4,3,1
SF,IF2006,2020-02-19 10:27:44.400,4057.6000,23805,0,3328005600.000,0,-,-,-,-,4057.0000,4056.8000,4056.0000,4055.4000,4055.0000,4058.0000,4059.2000,4059.8000,4060.8000,4062.0000,4,1,1,1,2,1,1,4,3,1
SF,IF2006,2020-02-19 10:27:44.900,4057.6000,23805,0,3328005600.000,0,-,-,-,-,4058.0000,4057.4000,4057.2000,4057.0000,4056.0000,4059.2000,4059.8000,4060.8000,4062.0000,4063.0000,1,1,2,2,1,1,4,3,1,3
SF,IF2006,2020-02-19 10:27:45.400,4057.6000,23805,0,3328005600.000,0,-,-,-,-,4058.2000,4058.0000,4056.0000,4055.4000,4055.0000,4059.0000,4059.2000,4059.8000,4060.8000,4062.0000,2,1,1,1,2,2,1,4,2,1
SF,IF2006,2020-02-19 10:27:45.900,4057.6000,23805,0,3328005600.000,0,-,-,-,-,4058.2000,4058.0000,4056.0000,4055.4000,4055.0000,4059.8000,4062.0000,4063.0000,4063.2000,4063.4000,2,1,1,1,2,1,1,3,1,2
SF,IF2006,2020-02-19 10:27:46.400,4057.6000,23805,0,3328005600.000,0,-,-,-,-,4058.4000,4058.2000,4058.0000,4056.0000,4055.4000,4059.6000,4059.8000,4062.0000,4063.0000,4063.2000,1,2,1,1,1,3,1,1,3,1
SF,IF2006,2020-02-19 10:27:46.900,4057.6000,23805,0,3328005600.000,0,-,-,-,-,4058.2000,4058.0000,4056.0000,4055.4000,4055.0000,4059.6000,4059.8000,4062.0000,4063.0000,4063.2000,2,1,1,1,2,3,1,1,3,1
SF,IF2006,2020-02-19 10:27:47.900,4057.6000,23805,0,3328005600.000,0,-,-,-,-,4058.2000,4058.0000,4056.0000,4055.4000,4055.0000,4059.6000,4059.8000,4062.0000,4063.0000,4063.2000,2,1,1,1,2,3,1,1,3,1
SF,IF2006,2020-02-19 10:27:48.400,4057.6000,23805,0,3328005600.000,0,-,-,-,-,4058.2000,4058.0000,4056.0000,4055.4000,4055.0000,4059.6000,4059.8000,4062.0000,4063.0000,4063.2000,2,1,1,1,2,3,1,1,3,1
SF,IF2006,2020-02-19 10:27:48.900,4057.6000,23805,0,3328005600.000,0,-,-,-,-,4058.6000,4058.2000,4058.0000,4056.2000,4056.0000,4059.6000,4059.8000,4062.0000,4063.0000,4063.2000,1,2,1,1,1,3,1,1,3,1
SF,IF2006,2020-02-19 10:27:49.400,4057.6000,23805,0,3328005600.000,0,-,-,-,-,4058.2000,4058.0000,4056.2000,4056.0000,4055.4000,4059.6000,4059.8000,4062.0000,4063.0000,4063.2000,2,1,1,1,1,3,1,1,3,1
SF,IF2006,2020-02-19 10:27:49.900,4057.6000,23805,0,3328005600.000,0,-,-,-,-,4058.2000,4058.0000,4056.2000,4056.0000,4055.4000,4059.4000,4059.6000,4059.8000,4062.0000,4063.0000,2,1,1,1,1,1,3,1,1,3
SF,IF2006,2020-02-19 10:27:50.400,4057.6000,23805,0,3328005600.000,0,-,-,-,-,4058.2000,4058.0000,4056.2000,4056.0000,4055.4000,4059.4000,4059.6000,4059.8000,4062.0000,4063.0000,2,1,1,1,1,1,3,1,1,3
SF,IF2006,2020-02-19 10:27:50.900,4057.6000,23805,0,3328005600.000,0,-,-,-,-,4058.4000,4058.2000,4058.0000,4056.2000,4056.0000,4059.6000,4059.8000,4062.0000,4063.0000,4063.2000,1,2,1,1,1,3,1,1,3,1
SF,IF2006,2020-02-19 10:27:51.400,4057.6000,23805,0,3328005600.000,0,-,-,-,-,4058.2000,4056.2000,4056.0000,4055.4000,4055.0000,4059.6000,4059.8000,4062.0000,4063.0000,4063.2000,2,1,1,1,2,3,1,1,3,1
SF,IF2006,2020-02-19 10:27:59.400,4057.6000,23805,0,3328005600.000,0,-,-,-,-,4058.2000,4056.2000,4056.0000,4055.4000,4055.0000,4059.2000,4059.4000,4059.6000,4059.8000,4062.0000,2,1,1,1,2,1,2,3,1,1
SF,IF2006,2020-02-19 10:27:59.900,4057.6000,23805,0,3328005600.000,0,-,-,-,-,4058.2000,4056.2000,4056.0000,4055.4000,4055.0000,4059.0000,4059.4000,4059.6000,4059.8000,4062.0000,2,1,1,1,2,1,2,3,1,1
SF,IF2006,2020-02-19 10:28:00.400,4057.6000,23805,0,3328005600.000,0,-,-,-,-,4056.2000,4056.0000,4055.4000,4055.0000,4054.0000,4058.6000,4059.4000,4059.6000,4059.8000,4062.0000,1,1,1,2,1,1,1,2,1,1
SF,IF2006,2020-02-19 10:28:00.900,4057.6000,23805,0,3328005600.000,0,-,-,-,-,4057.4000,4057.0000,4056.6000,4056.4000,4056.2000,4058.6000,4059.4000,4059.6000,4059.8000,4062.0000,2,5,2,7,2,1,1,2,1,1
SF,IF2006,2020-02-19 10:28:01.400,4058.6000,23805,0,3329223180.000,1,0,1,多换,S,4057.8000,4057.6000,4056.6000,4056.4000,4056.2000,4059.4000,4059.6000,4059.8000,4062.0000,4063.0000,2,3,1,5,1,1,2,1,1,3
SF,IF2006,2020-02-19 10:28:01.900,4058.6000,23805,0,3329223180.000,0,-,-,-,-,4058.2000,4058.0000,4057.8000,4056.6000,4056.2000,4059.2000,4059.6000,4059.8000,4062.0000,4063.0000,1,2,1,1,1,2,2,1,1,3
SF,IF2006,2020-02-19 10:28:02.400,4058.6000,23805,0,3329223180.000,0,-,-,-,-,4058.4000,4058.2000,4056.6000,4056.2000,4056.0000,4059.6000,4059.8000,4062.0000,4063.0000,4063.2000,4,1,1,1,1,2,1,1,3,1
SF,IF2006,2020-02-19 10:28:02.900,4058.6000,23805,0,3329223180.000,0,-,-,-,-,4058.6000,4058.4000,4056.6000,4056.2000,4056.0000,4059.6000,4059.8000,4062.0000,4063.0000,4063.2000,2,3,1,1,1,2,1,1,3,1
SF,IF2006,2020-02-19 10:28:03.400,4058.6000,23805,0,3329223180.000,0,-,-,-,-,4058.8000,4058.6000,4058.4000,4056.6000,4056.2000,4059.6000,4059.8000,4062.0000,4063.0000,4063.2000,1,1,3,1,1,2,1,1,3,1
SF,IF2006,2020-02-19 10:28:03.900,4058.6000,23805,0,3329223180.000,0,-,-,-,-,4058.6000,4058.4000,4056.6000,4056.2000,4056.0000,4059.8000,4062.0000,4063.0000,4063.2000,4063.4000,1,3,1,1,1,1,1,3,1,2
SF,IF2006,2020-02-19 10:28:04.400,4058.6000,23805,0,3329223180.000,0,-,-,-,-,4058.8000,4058.6000,4058.4000,4056.6000,4056.2000,4059.8000,4062.0000,4063.0000,4063.2000,4063.4000,2,1,1,1,1,1,1,3,1,2
SF,IF2006,2020-02-19 10:28:05.900,4058.6000,23805,0,3329223180.000,0,-,-,-,-,4059.0000,4058.8000,4058.6000,4056.6000,4056.2000,4059.8000,4062.0000,4063.0000,4063.2000,4063.4000,1,2,1,1,1,1,1,3,1,2
SF,IF2006,2020-02-19 10:28:06.400,4058.6000,23805,0,3329223180.000,0,-,-,-,-,4058.8000,4056.6000,4056.2000,4056.0000,4055.4000,4059.8000,4062.0000,4063.0000,4063.2000,4063.4000,2,1,1,1,1,1,1,3,1,2
SF,IF2006,2020-02-19 10:28:06.900,4058.6000,23805,0,3329223180.000,0,-,-,-,-,4059.0000,4058.8000,4056.6000,4056.2000,4056.0000,4059.8000,4062.0000,4063.0000,4063.2000,4063.4000,2,2,1,1,1,1,1,3,1,2
SF,IF2006,2020-02-19 10:28:07.900,4058.6000,23805,0,3329223180.000,0,-,-,-,-,4059.0000,4058.8000,4056.6000,4056.2000,4056.0000,4059.8000,4062.0000,4063.0000,4063.2000,4063.4000,1,2,1,1,1,1,1,3,1,2
SF,IF2006,2020-02-19 10:28:08.400,4058.6000,23805,0,3329223180.000,0,-,-,-,-,4059.0000,4058.8000,4056.6000,4056.2000,4056.0000,4059.8000,4062.0000,4063.0000,4063.2000,4063.4000,1,2,1,1,1,1,1,3,1,2
SF,IF2006,2020-02-19 10:28:10.400,4059.8000,23805,0,3330441120.000,1,0,1,多换,S,4059.0000,4058.8000,4056.6000,4056.2000,4056.0000,4062.0000,4063.0000,4063.2000,4063.4000,4063.8000,1,2,1,1,1,1,3,1,2,4
SF,IF2006,2020-02-19 10:28:10.900,4059.8000,23805,0,3330441120.000,0,-,-,-,-,4059.2000,4059.0000,4056.6000,4056.2000,4056.0000,4060.6000,4060.8000,4061.0000,4061.2000,4061.4000,2,1,1,1,1,1,1,1,1,1
SF,IF2006,2020-02-19 10:28:11.400,4059.8000,23805,0,3330441120.000,0,-,-,-,-,4059.2000,4059.0000,4056.6000,4056.2000,4056.0000,4060.6000,4060.8000,4061.6000,4061.8000,4062.0000,2,1,1,1,1,1,1,1,5,2
SF,IF2006,2020-02-19 10:28:11.900,4059.8000,23805,0,3330441120.000,0,-,-,-,-,4059.2000,4059.0000,4056.6000,4056.2000,4056.0000,4060.4000,4060.6000,4060.8000,4061.6000,4061.8000,2,1,1,1,1,2,1,1,1,3
SF,IF2006,2020-02-19 10:28:12.400,4059.8000,23805,0,3330441120.000,0,-,-,-,-,4059.2000,4059.0000,4056.6000,4056.2000,4056.0000,4060.4000,4060.6000,4060.8000,4061.6000,4061.8000,2,1,1,1,1,2,1,1,1,3
SF,IF2006,2020-02-19 10:28:14.900,4059.8000,23805,0,3330441120.000,0,-,-,-,-,4059.2000,4056.6000,4056.2000,4056.0000,4055.4000,4060.0000,4060.2000,4060.4000,4061.6000,4061.8000,2,1,1,1,1,1,3,2,1,3
SF,IF2006,2020-02-19 10:28:15.400,4059.8000,23805,0,3330441120.000,0,-,-,-,-,4056.6000,4056.2000,4056.0000,4055.4000,4055.0000,4060.0000,4060.2000,4060.4000,4061.6000,4061.8000,1,1,1,1,2,1,1,2,1,3
SF,IF2006,2020-02-19 10:28:15.900,4059.8000,23805,0,3330441120.000,0,-,-,-,-,4058.4000,4058.2000,4057.8000,4057.6000,4056.8000,4059.8000,4060.0000,4061.6000,4061.8000,4062.0000,5,2,5,2,6,2,1,1,3,2
SF,IF2006,2020-02-19 10:28:16.400,4059.8000,23804,-1,3331659060.000,1,0,1,双平,S,4058.8000,4058.6000,4057.6000,4056.8000,4056.6000,4059.8000,4060.0000,4061.6000,4061.8000,4062.0000,1,3,1,3,1,1,1,1,3,2
SF,IF2006,2020-02-19 10:28:16.900,4059.8000,23804,0,3331659060.000,0,-,-,-,-,4059.0000,4058.6000,4057.6000,4056.8000,4056.6000,4060.0000,4061.6000,4061.8000,4062.0000,4062.2000,2,1,1,3,1,1,1,3,2,1
SF,IF2006,2020-02-19 10:28:17.900,4059.8000,23804,0,3331659060.000,0,-,-,-,-,4059.2000,4059.0000,4057.6000,4056.8000,4056.6000,4061.6000,4061.8000,4062.0000,4063.0000,4063.2000,3,2,1,3,1,1,3,2,3,1
SF,IF2006,2020-02-19 10:28:18.400,4059.8000,23804,0,3331659060.000,0,-,-,-,-,4059.4000,4059.2000,4057.6000,4056.8000,4056.6000,4060.8000,4061.2000,4061.4000,4061.6000,4061.8000,2,1,1,3,1,2,3,2,1,3
SF,IF2006,2020-02-19 10:28:18.900,4059.8000,23804,0,3331659060.000,0,-,-,-,-,4059.8000,4059.6000,4059.4000,4057.6000,4056.8000,4060.8000,4061.2000,4061.4000,4061.8000,4062.0000,1,2,2,1,3,1,1,2,3,2
SF,IF2006,2020-02-19 10:28:19.400,4060.8000,23804,0,3332877300.000,1,0,1,多换,S,4060.0000,4059.6000,4057.6000,4056.8000,4056.6000,4061.2000,4061.4000,4061.8000,4062.0000,4063.0000,3,2,1,3,1,1,2,3,2,3
SF,IF2006,2020-02-19 10:28:19.900,4060.8000,23804,0,3332877300.000,0,-,-,-,-,4060.8000,4060.0000,4059.6000,4057.6000,4056.8000,4061.8000,4062.0000,4063.0000,4063.2000,4063.4000,1,3,1,1,3,3,1,3,1,2
SF,IF2006,2020-02-19 10:28:20.400,4060.8000,23804,0,3332877300.000,0,-,-,-,-,4060.8000,4060.0000,4057.6000,4056.8000,4056.6000,4061.6000,4061.8000,4062.0000,4063.0000,4063.2000,1,2,1,3,1,4,3,1,3,1
SF,IF2006,2020-02-19 10:28:20.900,4061.6000,23804,0,3334095780.000,1,0,1,多换,S,4060.8000,4060.0000,4057.6000,4056.8000,4056.6000,4061.8000,4062.0000,4063.0000,4063.2000,4063.4000,1,2,1,3,1,3,1,3,1,2
SF,IF2006,2020-02-19 10:28:22.900,4060.8000,23805,1,3335314020.000,1,1,0,双开,S,4060.0000,4057.6000,4056.8000,4056.6000,4056.2000,4061.6000,4061.8000,4062.0000,4063.0000,4063.2000,2,1,3,1,1,1,3,2,3,1
SF,IF2006,2020-02-19 10:28:23.400,4060.8000,23805,0,3335314020.000,0,-,-,-,-,4060.2000,4060.0000,4057.6000,4056.8000,4056.6000,4061.4000,4061.8000,4062.0000,4063.0000,4063.2000,2,2,1,3,1,2,3,2,3,1
SF,IF2006,2020-02-19 10:28:23.900,4060.8000,23805,0,3335314020.000,0,-,-,-,-,4060.2000,4060.0000,4057.6000,4056.8000,4056.6000,4061.2000,4061.4000,4061.8000,4062.0000,4063.0000,1,2,1,3,1,1,2,3,2,3
SF,IF2006,2020-02-19 10:28:27.400,4060.8000,23805,0,3335314020.000,0,-,-,-,-,4060.2000,4060.0000,4057.6000,4056.8000,4056.6000,4061.0000,4061.2000,4061.4000,4061.8000,4062.0000,1,2,1,3,1,1,1,2,3,2
SF,IF2006,2020-02-19 10:28:27.900,4060.8000,23805,0,3335314020.000,0,-,-,-,-,4060.6000,4060.2000,4060.0000,4057.6000,4056.8000,4061.0000,4061.4000,4061.8000,4062.0000,4063.0000,1,1,2,1,3,1,2,3,2,3
SF,IF2006,2020-02-19 10:28:28.400,4060.8000,23805,0,3335314020.000,0,-,-,-,-,4060.6000,4060.2000,4060.0000,4057.6000,4056.8000,4061.0000,4061.4000,4061.6000,4061.8000,4062.0000,1,1,2,1,3,1,2,1,3,2
SF,IF2006,2020-02-19 10:28:29.400,4060.8000,23805,0,3335314020.000,0,-,-,-,-,4060.6000,4060.2000,4060.0000,4057.6000,4056.8000,4061.0000,4061.4000,4061.6000,4061.8000,4062.0000,1,1,2,1,3,1,2,1,3,2
SF,IF2006,2020-02-19 10:28:29.900,4060.8000,23805,0,3335314020.000,0,-,-,-,-,4060.6000,4060.2000,4060.0000,4057.6000,4056.8000,4061.0000,4061.6000,4061.8000,4062.0000,4063.0000,1,1,2,1,3,1,1,3,2,3
SF,IF2006,2020-02-19 10:28:30.400,4060.6000,23804,-1,3337750500.000,2,0,2,多平,S,4060.2000,4060.0000,4057.6000,4056.8000,4056.6000,4061.6000,4061.8000,4062.0000,4063.0000,4063.2000,1,2,1,3,1,1,3,2,3,1
SF,IF2006,2020-02-19 10:28:30.900,4060.6000,23804,0,3337750500.000,0,-,-,-,-,4060.4000,4060.2000,4057.6000,4056.8000,4056.6000,4061.6000,4061.8000,4062.0000,4063.0000,4063.2000,2,1,1,3,1,1,3,2,3,1
SF,IF2006,2020-02-19 10:28:31.400,4060.6000,23804,0,3337750500.000,0,-,-,-,-,4060.4000,4060.2000,4057.6000,4056.8000,4056.6000,4061.4000,4061.6000,4061.8000,4062.0000,4063.0000,2,1,1,3,1,1,1,3,2,3
SF,IF2006,2020-02-19 10:28:31.900,4060.6000,23804,0,3337750500.000,0,-,-,-,-,4060.4000,4060.2000,4057.6000,4056.8000,4056.6000,4061.4000,4061.6000,4061.8000,4062.0000,4063.0000,2,1,1,3,1,1,1,3,1,3
SF,IF2006,2020-02-19 10:28:32.400,4060.6000,23804,0,3337750500.000,0,-,-,-,-,4060.4000,4060.2000,4057.6000,4056.8000,4056.6000,4061.4000,4061.6000,4061.8000,4062.0000,4063.0000,2,1,1,3,1,1,1,3,1,3
SF,IF2006,2020-02-19 10:28:33.900,4060.6000,23804,0,3337750500.000,0,-,-,-,-,4060.4000,4060.2000,4057.6000,4056.8000,4056.6000,4061.6000,4061.8000,4062.0000,4063.0000,4063.2000,2,1,1,3,1,1,3,1,3,1
SF,IF2006,2020-02-19 10:28:34.900,4060.6000,23804,0,3337750500.000,0,-,-,-,-,4060.6000,4060.4000,4060.2000,4057.6000,4056.8000,4061.6000,4061.8000,4062.0000,4063.0000,4063.2000,1,2,1,1,3,1,3,1,3,1
SF,IF2006,2020-02-19 10:28:35.400,4060.6000,23804,0,3337750500.000,0,-,-,-,-,4060.4000,4060.2000,4057.6000,4056.8000,4056.6000,4061.6000,4062.0000,4063.0000,4063.2000,4063.4000,2,1,1,3,1,1,1,3,1,2
SF,IF2006,2020-02-19 10:28:35.900,4060.6000,23804,0,3337750500.000,0,-,-,-,-,4060.4000,4060.2000,4057.6000,4056.8000,4056.6000,4061.6000,4063.0000,4063.2000,4063.4000,4063.8000,2,1,1,3,1,1,3,1,2,4
SF,IF2006,2020-02-19 10:28:36.400,4060.6000,23804,0,3337750500.000,0,-,-,-,-,4060.4000,4060.2000,4057.6000,4056.8000,4056.6000,4061.4000,4061.6000,4063.0000,4063.2000,4063.4000,2,1,1,3,1,1,1,3,1,2
SF,IF2006,2020-02-19 10:28:38.400,4060.6000,23804,0,3337750500.000,0,-,-,-,-,4060.4000,4060.2000,4057.6000,4056.8000,4056.6000,4061.4000,4061.6000,4063.0000,4063.2000,4063.4000,2,1,1,3,1,1,1,2,1,2
SF,IF2006,2020-02-19 10:28:42.900,4060.6000,23804,0,3337750500.000,0,-,-,-,-,4060.4000,4060.2000,4057.6000,4056.8000,4056.6000,4061.4000,4061.6000,4063.0000,4063.2000,4063.4000,2,1,1,3,1,1,1,2,1,2
SF,IF2006,2020-02-19 10:28:43.900,4060.6000,23804,0,3337750500.000,0,-,-,-,-,4060.4000,4060.2000,4057.6000,4056.8000,4056.6000,4061.2000,4061.6000,4063.0000,4063.2000,4063.4000,2,1,1,3,1,1,1,2,1,2
SF,IF2006,2020-02-19 10:28:44.400,4060.6000,23804,0,3337750500.000,0,-,-,-,-,4060.2000,4057.6000,4056.8000,4056.6000,4056.2000,4061.0000,4061.6000,4063.0000,4063.2000,4063.4000,1,1,3,1,1,3,1,2,1,2
SF,IF2006,2020-02-19 10:28:44.900,4060.6000,23804,0,3337750500.000,0,-,-,-,-,4057.6000,4056.8000,4056.6000,4056.2000,4056.0000,4061.0000,4061.6000,4063.0000,4063.2000,4063.4000,1,3,1,1,1,3,1,2,1,2
SF,IF2006,2020-02-19 10:28:45.400,4060.6000,23804,0,3337750500.000,0,-,-,-,-,4059.6000,4059.4000,4059.2000,4059.0000,4058.4000,4060.8000,4061.0000,4061.6000,4063.0000,4063.2000,1,5,1,1,1,1,2,1,2,1
SF,IF2006,2020-02-19 10:28:45.900,4060.6000,23804,0,3337750500.000,0,-,-,-,-,4059.6000,4057.8000,4057.6000,4056.2000,4056.0000,4060.6000,4060.8000,4061.0000,4061.6000,4063.0000,1,3,3,1,1,1,1,2,1,2
SF,IF2006,2020-02-19 10:28:46.400,4060.6000,23804,0,3337750500.000,0,-,-,-,-,4057.8000,4057.6000,4056.2000,4056.0000,4055.4000,4060.4000,4060.8000,4061.0000,4061.6000,4063.0000,3,2,1,1,1,1,2,2,1,2
SF,IF2006,2020-02-19 10:28:46.900,4060.6000,23804,0,3337750500.000,0,-,-,-,-,4058.8000,4058.4000,4058.2000,4058.0000,4057.8000,4060.2000,4060.8000,4061.6000,4063.0000,4063.2000,1,1,1,9,2,4,1,1,2,1
SF,IF2006,2020-02-19 10:28:47.400,4060.6000,23805,1,3338968680.000,1,1,0,双开,S,4059.0000,4058.8000,4058.4000,4058.0000,4057.6000,4060.2000,4060.8000,4061.6000,4063.0000,4063.2000,2,1,1,3,2,3,1,1,2,1
SF,IF2006,2020-02-19 10:28:47.900,4060.6000,23805,0,3338968680.000,0,-,-,-,-,4059.0000,4058.8000,4058.4000,4058.0000,4057.6000,4060.0000,4060.2000,4060.8000,4061.6000,4063.0000,2,1,1,3,2,1,3,1,1,2
SF,IF2006,2020-02-19 10:28:49.400,4060.6000,23805,0,3338968680.000,0,-,-,-,-,4060.0000,4059.0000,4058.8000,4058.0000,4057.6000,4060.2000,4061.6000,4063.0000,4063.2000,4063.4000,1,2,1,3,2,2,1,2,1,2
SF,IF2006,2020-02-19 10:28:49.900,4060.2000,23804,-1,3342622800.000,3,1,2,多平,S,4059.0000,4058.0000,4057.6000,4056.2000,4056.0000,4061.6000,4063.0000,4063.2000,4063.4000,4063.8000,2,3,2,1,1,1,2,1,2,4
SF,IF2006,2020-02-19 10:28:50.400,4060.2000,23804,0,3342622800.000,0,-,-,-,-,4059.6000,4059.4000,4059.2000,4059.0000,4058.0000,4061.4000,4061.6000,4063.0000,4063.2000,4063.4000,1,1,1,2,3,1,1,2,1,2
SF,IF2006,2020-02-19 10:28:50.900,4060.2000,23804,0,3342622800.000,0,-,-,-,-,4060.4000,4060.2000,4060.0000,4059.8000,4058.6000,4061.2000,4061.6000,4063.0000,4063.2000,4063.4000,1,2,1,2,1,1,1,2,1,2
SF,IF2006,2020-02-19 10:28:51.400,4061.6000,23805,1,3345059640.000,2,1,1,空开,S,4060.8000,4060.6000,4058.6000,4058.0000,4057.6000,4063.0000,4063.2000,4063.4000,4063.8000,4064.0000,1,2,1,3,2,2,1,2,4,2
SF,IF2006,2020-02-19 10:28:51.900,4061.6000,23805,0,3345059640.000,0,-,-,-,-,4061.0000,4060.8000,4058.6000,4058.0000,4057.6000,4062.6000,4062.8000,4063.0000,4063.2000,4063.4000,4,1,1,3,2,2,5,2,1,2
SF,IF2006,2020-02-19 10:28:52.400,4061.6000,23805,0,3345059640.000,0,-,-,-,-,4061.0000,4060.8000,4058.6000,4058.0000,4057.6000,4062.8000,4063.0000,4063.2000,4063.4000,4063.8000,4,1,1,3,2,5,2,1,2,4
SF,IF2006,2020-02-19 10:28:54.900,4061.6000,23805,0,3345059640.000,0,-,-,-,-,4061.0000,4058.6000,4058.0000,4057.6000,4056.2000,4062.2000,4062.4000,4062.8000,4063.0000,4063.2000,3,1,3,2,1,1,2,3,2,1
SF,IF2006,2020-02-19 10:28:55.400,4061.6000,23805,0,3345059640.000,0,-,-,-,-,4061.0000,4058.6000,4058.0000,4057.6000,4056.2000,4061.6000,4062.0000,4062.2000,4062.4000,4062.8000,1,1,3,2,1,1,1,1,1,3
SF,IF2006,2020-02-19 10:28:55.900,4061.0000,23806,1,3346277940.000,1,1,0,双开,S,4058.6000,4058.0000,4057.6000,4056.2000,4056.0000,4061.6000,4062.0000,4062.4000,4062.6000,4062.8000,1,3,2,1,1,1,1,1,1,3
SF,IF2006,2020-02-19 10:28:56.400,4061.0000,23806,0,3346277940.000,0,-,-,-,-,4060.0000,4059.6000,4059.4000,4059.2000,4058.8000,4061.6000,4062.4000,4062.6000,4062.8000,4063.0000,1,7,5,2,3,1,1,1,3,2
SF,IF2006,2020-02-19 10:28:56.900,4061.0000,23806,0,3346277940.000,0,-,-,-,-,4060.2000,4060.0000,4059.6000,4059.4000,4059.2000,4061.6000,4062.4000,4062.8000,4063.0000,4063.2000,3,1,5,5,1,1,2,3,2,1
SF,IF2006,2020-02-19 10:28:57.400,4061.0000,23806,0,3346277940.000,0,-,-,-,-,4060.6000,4060.2000,4060.0000,4059.6000,4059.4000,4061.6000,4062.4000,4062.8000,4063.0000,4063.2000,1,3,1,5,5,1,2,3,2,1
SF,IF2006,2020-02-19 10:28:57.900,4061.0000,23806,0,3346277940.000,0,-,-,-,-,4060.8000,4060.6000,4060.2000,4060.0000,4059.6000,4061.6000,4062.4000,4062.8000,4063.0000,4063.2000,2,1,1,1,5,1,2,3,2,1
SF,IF2006,2020-02-19 10:28:58.400,4061.0000,23806,0,3346277940.000,0,-,-,-,-,4060.8000,4060.6000,4060.2000,4060.0000,4059.2000,4061.6000,4062.4000,4062.8000,4063.0000,4063.2000,2,1,1,1,1,1,2,3,2,1
SF,IF2006,2020-02-19 10:28:58.900,4061.0000,23806,0,3346277940.000,0,-,-,-,-,4060.8000,4060.2000,4060.0000,4059.2000,4058.8000,4061.6000,4062.4000,4062.8000,4063.0000,4063.2000,2,1,1,1,1,1,1,3,2,1
SF,IF2006,2020-02-19 10:28:59.900,4061.0000,23806,0,3346277940.000,0,-,-,-,-,4060.8000,4060.2000,4060.0000,4058.8000,4058.6000,4061.6000,4062.4000,4062.8000,4063.0000,4063.2000,2,1,1,1,1,1,1,3,2,1
SF,IF2006,2020-02-19 10:29:00.400,4061.0000,23806,0,3346277940.000,0,-,-,-,-,4060.8000,4060.2000,4060.0000,4058.8000,4058.6000,4061.6000,4062.0000,4062.4000,4062.8000,4063.0000,2,1,1,1,1,1,1,1,3,2
SF,IF2006,2020-02-19 10:29:04.900,4061.0000,23806,0,3346277940.000,0,-,-,-,-,4060.8000,4060.2000,4058.8000,4058.6000,4058.4000,4061.6000,4062.0000,4062.4000,4062.8000,4063.0000,2,1,1,1,1,1,1,1,3,2
SF,IF2006,2020-02-19 10:29:05.400,4061.6000,23805,-1,3347496420.000,1,0,1,双平,S,4060.8000,4060.2000,4058.8000,4058.6000,4058.4000,4062.0000,4062.4000,4062.8000,4063.0000,4063.2000,2,1,1,1,1,1,1,3,2,1
SF,IF2006,2020-02-19 10:29:05.900,4062.0000,23804,-1,3349933560.000,2,0,2,多平,S,4060.8000,4060.2000,4058.8000,4058.6000,4058.4000,4062.4000,4062.8000,4063.0000,4063.2000,4063.4000,2,1,1,1,1,1,3,2,1,2
SF,IF2006,2020-02-19 10:29:06.400,4062.0000,23804,0,3349933560.000,0,-,-,-,-,4060.8000,4058.8000,4058.6000,4058.4000,4058.0000,4062.2000,4062.4000,4062.8000,4063.0000,4063.2000,2,1,1,1,3,1,1,3,2,1
SF,IF2006,2020-02-19 10:29:07.900,4062.0000,23804,0,3349933560.000,0,-,-,-,-,4061.2000,4060.8000,4058.8000,4058.6000,4058.4000,4062.2000,4062.4000,4062.8000,4063.0000,4063.2000,1,2,1,1,1,1,1,3,2,1
SF,IF2006,2020-02-19 10:29:08.400,4062.0000,23804,0,3349933560.000,0,-,-,-,-,4061.2000,4060.8000,4058.8000,4058.6000,4058.4000,4062.2000,4062.8000,4063.0000,4063.2000,4063.4000,1,2,1,1,1,1,3,2,1,2
SF,IF2006,2020-02-19 10:29:08.900,4062.0000,23804,0,3349933560.000,0,-,-,-,-,4060.8000,4058.8000,4058.6000,4058.4000,4058.0000,4062.2000,4062.8000,4063.0000,4063.2000,4063.4000,2,1,1,1,3,1,3,2,1,2
SF,IF2006,2020-02-19 10:29:10.400,4062.0000,23804,0,3349933560.000,0,-,-,-,-,4060.8000,4058.8000,4058.6000,4058.4000,4058.0000,4062.0000,4062.2000,4062.8000,4063.0000,4063.2000,2,1,1,1,3,1,2,3,2,1
SF,IF2006,2020-02-19 10:29:10.900,4062.0000,23804,0,3349933560.000,0,-,-,-,-,4060.8000,4058.8000,4058.6000,4058.4000,4058.0000,4062.0000,4062.2000,4062.8000,4063.0000,4063.2000,2,1,1,1,3,1,2,3,2,1
SF,IF2006,2020-02-19 10:29:11.400,4062.0000,23804,0,3349933560.000,0,-,-,-,-,4060.8000,4058.8000,4058.6000,4058.4000,4058.0000,4061.8000,4062.0000,4062.2000,4062.8000,4063.0000,2,1,1,1,3,1,1,2,3,2
SF,IF2006,2020-02-19 10:29:11.900,4062.0000,23804,0,3349933560.000,0,-,-,-,-,4060.8000,4058.6000,4058.0000,4057.6000,4056.2000,4061.6000,4061.8000,4062.0000,4062.2000,4062.8000,2,1,3,1,1,1,1,1,2,3
SF,IF2006,2020-02-19 10:29:14.400,4062.0000,23804,0,3349933560.000,0,-,-,-,-,4060.8000,4058.6000,4058.0000,4057.6000,4056.2000,4061.6000,4061.8000,4062.0000,4062.2000,4062.8000,2,1,3,1,1,1,1,1,2,3
SF,IF2006,2020-02-19 10:29:15.400,4062.0000,23804,0,3349933560.000,0,-,-,-,-,4060.8000,4058.6000,4058.0000,4057.6000,4056.2000,4061.6000,4062.0000,4062.2000,4062.8000,4063.0000,2,1,3,1,1,1,1,2,3,2
SF,IF2006,2020-02-19 10:29:15.900,4062.0000,23804,0,3349933560.000,0,-,-,-,-,4060.8000,4058.6000,4058.0000,4057.6000,4056.2000,4061.6000,4062.0000,4062.2000,4062.8000,4063.0000,2,1,3,1,1,1,1,1,3,2
SF,IF2006,2020-02-19 10:29:16.400,4062.0000,23804,0,3349933560.000,0,-,-,-,-,4060.8000,4058.6000,4058.0000,4057.6000,4056.2000,4061.6000,4062.0000,4062.2000,4062.8000,4063.0000,2,1,3,1,1,2,1,1,3,2
SF,IF2006,2020-02-19 10:29:17.400,4062.0000,23804,0,3349933560.000,0,-,-,-,-,4060.8000,4058.6000,4058.0000,4057.6000,4056.2000,4061.6000,4062.0000,4062.2000,4062.8000,4063.0000,2,1,3,1,1,2,1,1,3,2
SF,IF2006,2020-02-19 10:29:17.900,4062.0000,23804,0,3349933560.000,0,-,-,-,-,4060.8000,4058.6000,4058.0000,4057.6000,4056.2000,4061.6000,4062.0000,4062.2000,4062.8000,4063.0000,2,1,3,1,1,2,1,1,3,2
SF,IF2006,2020-02-19 10:29:19.400,4062.0000,23804,0,3349933560.000,0,-,-,-,-,4060.8000,4058.6000,4058.0000,4057.6000,4056.2000,4061.6000,4062.0000,4062.2000,4062.8000,4063.0000,2,1,3,1,1,2,1,1,3,2
SF,IF2006,2020-02-19 10:29:20.400,4060.8000,23802,-2,3352370040.000,2,0,2,双平,S,4058.6000,4058.0000,4057.6000,4056.2000,4056.0000,4061.6000,4062.0000,4062.8000,4063.0000,4063.2000,1,3,1,1,1,2,1,3,2,1
SF,IF2006,2020-02-19 10:29:20.900,4060.8000,23802,0,3352370040.000,0,-,-,-,-,4059.6000,4059.4000,4059.2000,4058.8000,4058.6000,4061.2000,4061.4000,4061.6000,4062.8000,4063.0000,1,1,3,4,1,1,3,3,3,2
SF,IF2006,2020-02-19 10:29:21.400,4060.8000,23802,0,3352370040.000,0,-,-,-,-,4059.8000,4059.6000,4059.4000,4059.2000,4058.8000,4061.2000,4061.4000,4061.6000,4062.8000,4063.0000,2,1,1,2,2,1,3,3,3,2
SF,IF2006,2020-02-19 10:29:21.900,4060.8000,23802,0,3352370040.000,0,-,-,-,-,4059.8000,4059.6000,4059.4000,4058.8000,4058.6000,4061.2000,4061.4000,4061.6000,4062.8000,4063.0000,2,1,1,2,1,1,3,3,3,2
SF,IF2006,2020-02-19 10:29:22.400,4060.8000,23802,0,3352370040.000,0,-,-,-,-,4059.8000,4059.6000,4059.4000,4058.8000,4058.6000,4061.2000,4061.4000,4061.6000,4062.8000,4063.0000,2,1,1,2,1,1,3,3,3,2
SF,IF2006,2020-02-19 10:29:22.900,4060.8000,23802,0,3352370040.000,0,-,-,-,-,4059.8000,4059.6000,4059.4000,4058.8000,4058.6000,4060.0000,4061.2000,4061.4000,4061.6000,4062.8000,2,1,1,2,1,1,1,3,3,3
SF,IF2006,2020-02-19 10:29:23.400,4060.0000,23801,-1,3353588040.000,1,0,1,双平,S,4059.8000,4059.4000,4058.8000,4058.6000,4058.0000,4061.2000,4061.4000,4061.6000,4062.8000,4063.0000,2,1,2,1,3,1,2,3,3,2
SF,IF2006,2020-02-19 10:29:23.900,4060.0000,23801,0,3353588040.000,0,-,-,-,-,4059.8000,4059.4000,4058.8000,4058.6000,4058.0000,4061.2000,4061.4000,4061.6000,4062.8000,4063.0000,2,1,2,1,3,1,2,3,3,2
SF,IF2006,2020-02-19 10:29:24.400,4059.8000,23799,-2,3356023920.000,2,0,2,双平,S,4059.4000,4058.8000,4058.6000,4058.0000,4057.6000,4061.2000,4061.4000,4061.6000,4062.8000,4063.0000,1,2,1,3,1,1,2,3,3,2
SF,IF2006,2020-02-19 10:29:24.900,4059.8000,23799,0,3356023920.000,0,-,-,-,-,4059.6000,4059.4000,4058.8000,4058.6000,4058.0000,4061.0000,4061.2000,4061.6000,4062.8000,4063.0000,3,1,2,1,3,2,1,4,3,2
SF,IF2006,2020-02-19 10:29:27.900,4059.8000,23799,0,3356023920.000,0,-,-,-,-,4059.6000,4059.4000,4058.8000,4058.6000,4058.0000,4060.8000,4061.0000,4061.2000,4061.6000,4062.8000,3,1,2,1,3,1,2,1,4,3
SF,IF2006,2020-02-19 10:29:28.400,4059.8000,23799,0,3356023920.000,0,-,-,-,-,4059.6000,4059.4000,4058.8000,4058.6000,4058.0000,4060.6000,4060.8000,4061.2000,4061.6000,4062.8000,1,1,1,1,3,2,1,1,4,3
SF,IF2006,2020-02-19 10:29:28.900,4059.8000,23799,0,3356023920.000,0,-,-,-,-,4059.6000,4058.6000,4058.0000,4057.6000,4056.2000,4060.6000,4060.8000,4061.6000,4062.8000,4063.0000,1,1,3,1,1,2,1,4,3,2
SF,IF2006,2020-02-19 10:29:29.400,4059.8000,23799,0,3356023920.000,0,-,-,-,-,4058.6000,4058.0000,4057.6000,4056.2000,4056.0000,4060.6000,4060.8000,4061.6000,4062.8000,4063.0000,1,3,1,1,1,2,2,4,3,2
SF,IF2006,2020-02-19 10:29:29.900,4059.8000,23799,0,3356023920.000,0,-,-,-,-,4059.0000,4058.8000,4058.6000,4058.0000,4057.6000,4060.4000,4060.6000,4060.8000,4061.6000,4062.8000,1,6,1,3,1,1,2,2,4,3
SF,IF2006,2020-02-19 10:29:30.400,4059.8000,23799,0,3356023920.000,0,-,-,-,-,4059.2000,4059.0000,4058.8000,4058.6000,4058.0000,4060.4000,4060.6000,4060.8000,4061.6000,4062.8000,2,1,4,1,3,1,2,2,4,3
SF,IF2006,2020-02-19 10:29:30.900,4059.8000,23799,0,3356023920.000,0,-,-,-,-,4059.2000,4059.0000,4058.8000,4058.6000,4058.0000,4060.4000,4060.6000,4060.8000,4061.6000,4062.8000,2,1,4,1,3,1,2,1,4,3
SF,IF2006,2020-02-19 10:29:31.400,4059.8000,23799,0,3356023920.000,0,-,-,-,-,4059.2000,4059.0000,4058.8000,4058.6000,4058.0000,4060.4000,4060.6000,4060.8000,4061.6000,4062.8000,2,1,2,1,3,1,2,1,4,3
SF,IF2006,2020-02-19 10:29:31.900,4059.8000,23799,0,3356023920.000,0,-,-,-,-,4059.4000,4059.2000,4059.0000,4058.6000,4058.0000,4060.6000,4060.8000,4061.6000,4062.8000,4063.0000,4,2,1,1,3,2,1,4,3,2
SF,IF2006,2020-02-19 10:29:32.400,4059.8000,23799,0,3356023920.000,0,-,-,-,-,4059.6000,4059.4000,4059.2000,4058.6000,4058.0000,4060.6000,4061.6000,4062.8000,4063.0000,4063.2000,3,2,3,1,3,2,4,3,2,1
SF,IF2006,2020-02-19 10:29:32.900,4059.8000,23799,0,3357241860.000,1,0,1,多换,S,4059.8000,4059.6000,4059.4000,4059.2000,4058.6000,4060.6000,4061.6000,4062.8000,4063.0000,4063.2000,1,1,2,3,1,2,4,3,2,1
SF,IF2006,2020-02-19 10:29:33.400,4059.8000,23799,0,3357241860.000,0,-,-,-,-,4059.6000,4059.4000,4059.2000,4058.6000,4058.0000,4061.6000,4062.8000,4063.0000,4063.2000,4063.4000,1,2,3,1,3,4,3,2,1,3
SF,IF2006,2020-02-19 10:29:33.900,4059.8000,23799,0,3357241860.000,0,-,-,-,-,4059.8000,4059.6000,4059.4000,4059.2000,4058.6000,4061.2000,4061.4000,4061.6000,4062.8000,4063.0000,2,1,2,1,1,1,5,4,3,2
SF,IF2006,2020-02-19 10:29:34.400,4059.8000,23799,0,3357241860.000,0,-,-,-,-,4059.8000,4059.6000,4059.4000,4059.2000,4058.6000,4061.0000,4061.2000,4061.4000,4061.6000,4062.8000,2,1,2,1,1,2,1,3,4,3
SF,IF2006,2020-02-19 10:29:34.900,4059.8000,23799,0,3357241860.000,0,-,-,-,-,4059.8000,4059.6000,4059.4000,4059.2000,4058.6000,4061.0000,4061.2000,4061.4000,4061.6000,4062.8000,2,1,2,1,1,2,1,2,4,3
SF,IF2006,2020-02-19 10:29:35.400,4059.8000,23799,0,3357241860.000,0,-,-,-,-,4059.8000,4059.6000,4059.4000,4059.2000,4058.6000,4061.0000,4061.2000,4061.4000,4061.6000,4062.8000,2,1,1,1,1,2,1,2,4,3
SF,IF2006,2020-02-19 10:29:35.900,4059.8000,23799,0,3357241860.000,0,-,-,-,-,4060.0000,4059.8000,4059.6000,4059.4000,4059.2000,4061.0000,4061.2000,4061.4000,4061.6000,4062.8000,1,2,1,1,1,2,1,2,4,3
SF,IF2006,2020-02-19 10:29:36.400,4059.8000,23799,0,3357241860.000,0,-,-,-,-,4060.0000,4059.8000,4059.6000,4059.2000,4058.6000,4061.0000,4061.2000,4061.4000,4061.6000,4062.8000,1,2,1,1,1,2,1,2,4,3
SF,IF2006,2020-02-19 10:29:38.900,4059.8000,23799,0,3357241860.000,0,-,-,-,-,4060.0000,4059.8000,4059.6000,4059.2000,4058.6000,4061.0000,4061.2000,4061.4000,4061.6000,4062.8000,9,2,1,1,1,2,1,2,4,3
SF,IF2006,2020-02-19 10:29:40.900,4059.8000,23799,0,3357241860.000,0,-,-,-,-,4060.0000,4059.8000,4059.6000,4059.2000,4058.6000,4061.0000,4061.2000,4061.4000,4061.6000,4062.8000,9,2,1,1,1,2,1,2,4,3
SF,IF2006,2020-02-19 10:29:41.900,4059.8000,23799,0,3357241860.000,0,-,-,-,-,4060.0000,4059.8000,4059.6000,4059.2000,4058.6000,4061.0000,4061.2000,4061.4000,4061.6000,4062.8000,9,2,1,1,1,2,1,2,4,3
SF,IF2006,2020-02-19 10:29:42.400,4060.0000,23799,0,3358459860.000,1,0,1,多换,S,4060.0000,4059.8000,4059.6000,4059.2000,4058.6000,4061.0000,4061.2000,4061.4000,4061.6000,4062.8000,8,2,1,1,1,2,1,2,4,3
SF,IF2006,2020-02-19 10:29:43.900,4060.0000,23799,0,3358459860.000,0,-,-,-,-,4060.0000,4059.8000,4059.6000,4059.2000,4058.6000,4061.0000,4061.2000,4061.4000,4061.6000,4062.6000,8,2,1,1,1,2,1,2,4,1
SF,IF2006,2020-02-19 10:29:44.400,4060.0000,23799,0,3358459860.000,0,-,-,-,-,4060.0000,4059.8000,4059.6000,4059.2000,4058.6000,4060.8000,4061.0000,4061.2000,4061.4000,4061.6000,8,2,1,1,1,1,2,1,2,4
SF,IF2006,2020-02-19 10:29:45.900,4060.0000,23799,0,3358459860.000,0,-,-,-,-,4060.0000,4059.8000,4059.6000,4059.2000,4058.6000,4061.0000,4061.2000,4061.4000,4061.6000,4062.6000,8,2,1,1,1,2,1,2,3,1
SF,IF2006,2020-02-19 10:29:47.400,4060.0000,23799,0,3358459860.000,0,-,-,-,-,4060.0000,4059.8000,4059.6000,4059.2000,4058.6000,4061.0000,4061.2000,4061.4000,4061.6000,4062.6000,8,2,1,1,1,2,1,2,3,1
SF,IF2006,2020-02-19 10:29:58.900,4060.0000,23799,0,3358459860.000,0,-,-,-,-,4060.0000,4059.8000,4059.6000,4059.2000,4058.6000,4061.0000,4061.2000,4061.4000,4061.6000,4062.6000,8,2,1,1,1,2,1,1,3,1
SF,IF2006,2020-02-19 10:29:59.900,4060.0000,23799,0,3358459860.000,0,-,-,-,-,4060.0000,4059.8000,4059.6000,4059.2000,4058.6000,4061.0000,4061.2000,4061.4000,4061.6000,4062.6000,8,2,1,1,1,2,1,1,3,1
SF,IF2006,2020-02-19 10:30:01.400,4060.0000,23799,0,3358459860.000,0,-,-,-,-,4060.0000,4059.8000,4059.6000,4059.2000,4058.6000,4060.8000,4061.0000,4061.2000,4061.4000,4061.6000,8,2,1,1,1,1,2,1,1,3
SF,IF2006,2020-02-19 10:30:01.900,4060.0000,23799,0,3358459860.000,0,-,-,-,-,4060.0000,4059.8000,4059.6000,4059.2000,4058.6000,4061.0000,4061.2000,4061.4000,4061.6000,4062.6000,8,2,1,1,1,2,1,1,3,1
SF,IF2006,2020-02-19 10:30:02.400,4060.0000,23799,0,3358459860.000,0,-,-,-,-,4060.0000,4059.6000,4058.6000,4058.0000,4057.6000,4060.8000,4061.0000,4061.2000,4061.6000,4062.6000,8,1,1,3,1,3,2,1,3,1
SF,IF2006,2020-02-19 10:30:02.900,4060.0000,23799,0,3358459860.000,0,-,-,-,-,4060.0000,4059.6000,4058.6000,4058.0000,4057.6000,4060.8000,4061.0000,4061.2000,4061.6000,4062.6000,8,1,1,3,1,1,2,1,3,1
SF,IF2006,2020-02-19 10:30:03.900,4060.0000,23799,0,3358459860.000,0,-,-,-,-,4060.0000,4059.6000,4058.6000,4058.0000,4057.6000,4060.8000,4061.0000,4061.2000,4061.6000,4062.6000,8,1,1,3,1,2,2,1,3,1
SF,IF2006,2020-02-19 10:30:04.400,4060.0000,23799,0,3358459860.000,0,-,-,-,-,4060.0000,4059.6000,4058.6000,4058.0000,4057.6000,4061.0000,4061.2000,4061.6000,4062.6000,4062.8000,8,1,1,3,1,2,1,3,1,3
SF,IF2006,2020-02-19 10:30:04.900,4060.0000,23799,0,3358459860.000,0,-,-,-,-,4060.0000,4059.6000,4058.6000,4058.0000,4057.6000,4060.8000,4061.0000,4061.2000,4061.6000,4062.6000,8,1,1,3,1,2,2,1,3,1
SF,IF2006,2020-02-19 10:30:05.400,4060.0000,23799,0,3358459860.000,0,-,-,-,-,4060.0000,4059.6000,4058.6000,4058.0000,4057.6000,4061.0000,4061.2000,4061.6000,4062.6000,4062.8000,8,1,1,3,1,2,1,3,1,3
SF,IF2006,2020-02-19 10:30:06.900,4060.0000,23799,0,3358459860.000,0,-,-,-,-,4060.0000,4059.6000,4058.6000,4058.0000,4057.6000,4060.8000,4061.0000,4061.2000,4061.6000,4062.6000,8,1,1,3,1,1,2,1,3,1
SF,IF2006,2020-02-19 10:30:08.400,4060.0000,23799,0,3358459860.000,0,-,-,-,-,4060.0000,4059.6000,4058.6000,4058.0000,4057.6000,4061.0000,4061.2000,4061.6000,4062.6000,4062.8000,8,1,1,3,1,2,1,3,1,3
SF,IF2006,2020-02-19 10:30:08.900,4060.0000,23799,0,3358459860.000,0,-,-,-,-,4060.0000,4059.6000,4058.6000,4058.0000,4057.6000,4060.8000,4061.0000,4061.2000,4061.6000,4062.6000,8,1,1,3,1,1,2,1,3,1
SF,IF2006,2020-02-19 10:30:09.400,4060.0000,23799,0,3358459860.000,0,-,-,-,-,4060.0000,4059.6000,4058.6000,4058.0000,4057.6000,4061.0000,4061.2000,4061.6000,4062.6000,4062.8000,8,1,1,3,1,2,1,3,1,3
SF,IF2006,2020-02-19 10:30:09.900,4060.0000,23799,0,3358459860.000,0,-,-,-,-,4060.0000,4059.6000,4058.6000,4058.0000,4057.6000,4060.8000,4061.0000,4061.2000,4061.6000,4062.6000,13,1,1,3,1,1,2,2,3,1
SF,IF2006,2020-02-19 10:30:10.400,4060.0000,23799,0,3358459860.000,0,-,-,-,-,4060.0000,4059.6000,4058.6000,4058.0000,4057.6000,4061.0000,4061.2000,4061.6000,4062.6000,4062.8000,17,1,1,3,1,2,2,3,1,3
SF,IF2006,2020-02-19 10:30:10.900,4060.0000,23799,0,3358459860.000,0,-,-,-,-,4060.0000,4059.6000,4058.6000,4058.0000,4057.6000,4060.8000,4061.0000,4061.2000,4061.6000,4062.6000,17,1,1,3,1,1,2,2,3,1
SF,IF2006,2020-02-19 10:30:11.400,4060.0000,23800,1,3359677860.000,1,1,0,双开,S,4060.0000,4059.6000,4058.6000,4058.0000,4057.6000,4060.8000,4061.0000,4061.2000,4061.6000,4062.6000,16,1,1,3,1,1,2,2,3,1
SF,IF2006,2020-02-19 10:30:11.900,4060.0000,23800,0,3359677860.000,0,-,-,-,-,4060.0000,4059.6000,4058.6000,4058.0000,4057.6000,4061.0000,4061.2000,4061.6000,4062.6000,4062.8000,16,1,1,3,1,2,2,3,1,3
SF,IF2006,2020-02-19 10:30:12.400,4060.0000,23800,0,3359677860.000,0,-,-,-,-,4060.0000,4059.6000,4058.6000,4058.0000,4057.6000,4060.8000,4061.0000,4061.2000,4061.6000,4062.6000,16,1,1,3,1,1,2,2,3,1
SF,IF2006,2020-02-19 10:30:12.900,4060.0000,23800,0,3360895860.000,1,0,1,多换,S,4060.0000,4059.6000,4058.6000,4058.0000,4057.6000,4060.6000,4061.0000,4061.2000,4061.6000,4062.6000,15,1,1,3,1,1,2,2,3,1
SF,IF2006,2020-02-19 10:30:13.400,4060.0000,23800,0,3360895860.000,0,-,-,-,-,4060.0000,4059.6000,4058.6000,4058.0000,4057.6000,4060.6000,4061.0000,4061.2000,4061.6000,4062.6000,15,1,1,3,1,1,2,2,3,1
SF,IF2006,2020-02-19 10:30:14.400,4060.0000,23800,0,3360895860.000,0,-,-,-,-,4060.0000,4059.6000,4058.6000,4058.0000,4057.6000,4060.6000,4061.0000,4061.2000,4061.6000,4062.6000,15,1,1,3,1,1,2,1,3,1
SF,IF2006,2020-02-19 10:30:16.400,4060.0000,23800,0,3360895860.000,0,-,-,-,-,4060.0000,4059.6000,4058.6000,4058.0000,4057.6000,4061.0000,4061.2000,4061.6000,4062.6000,4062.8000,15,1,1,3,1,2,1,3,1,3
SF,IF2006,2020-02-19 10:30:16.900,4060.0000,23800,0,3360895860.000,0,-,-,-,-,4060.0000,4059.6000,4058.6000,4058.0000,4057.6000,4060.8000,4061.0000,4061.2000,4061.6000,4062.6000,15,1,1,3,1,1,2,1,3,1
SF,IF2006,2020-02-19 10:30:17.400,4060.0000,23800,0,3360895860.000,0,-,-,-,-,4060.0000,4059.6000,4058.6000,4058.0000,4057.6000,4061.0000,4061.2000,4061.6000,4062.6000,4062.8000,15,1,1,3,1,2,1,3,1,3
SF,IF2006,2020-02-19 10:30:17.900,4060.0000,23800,0,3360895860.000,0,-,-,-,-,4060.0000,4059.6000,4058.6000,4058.0000,4057.6000,4060.8000,4061.0000,4061.2000,4061.6000,4062.6000,15,1,1,3,1,2,2,1,3,1
SF,IF2006,2020-02-19 10:30:18.400,4060.0000,23800,0,3360895860.000,0,-,-,-,-,4060.0000,4059.6000,4058.6000,4058.0000,4057.6000,4061.0000,4061.2000,4061.6000,4062.6000,4062.8000,15,1,1,3,1,2,1,3,1,3
SF,IF2006,2020-02-19 10:30:18.900,4060.0000,23800,0,3360895860.000,0,-,-,-,-,4060.0000,4059.6000,4058.6000,4058.0000,4057.6000,4060.8000,4061.0000,4061.2000,4061.6000,4062.6000,15,1,1,3,1,2,2,1,3,1
SF,IF2006,2020-02-19 10:30:19.400,4061.0000,23799,-1,3362114160.000,1,0,1,双平,S,4060.0000,4059.6000,4058.6000,4058.0000,4057.6000,4061.0000,4061.2000,4061.6000,4062.6000,4062.8000,15,1,1,3,1,1,1,3,1,3
SF,IF2006,2020-02-19 10:30:19.900,4061.0000,23799,0,3362114160.000,0,-,-,-,-,4060.0000,4059.6000,4058.6000,4058.0000,4057.6000,4060.8000,4061.0000,4061.2000,4061.6000,4062.6000,15,1,1,3,1,2,1,1,2,1
SF,IF2006,2020-02-19 10:30:20.400,4061.0000,23799,0,3362114160.000,0,-,-,-,-,4060.0000,4059.6000,4058.6000,4058.0000,4057.6000,4061.0000,4061.2000,4061.6000,4062.6000,4062.8000,15,1,1,3,1,1,1,2,1,3
SF,IF2006,2020-02-19 10:30:20.900,4060.8000,23799,0,3363332400.000,1,0,1,多换,S,4060.0000,4059.6000,4058.6000,4058.0000,4057.6000,4061.0000,4061.2000,4061.6000,4062.6000,4062.8000,15,1,1,3,1,1,1,2,1,3
SF,IF2006,2020-02-19 10:30:22.900,4060.8000,23799,0,3363332400.000,0,-,-,-,-,4060.0000,4059.6000,4058.6000,4058.0000,4057.6000,4060.8000,4061.0000,4061.2000,4061.6000,4062.6000,15,1,1,3,1,1,2,1,2,1
SF,IF2006,2020-02-19 10:30:23.400,4060.8000,23799,0,3363332400.000,0,-,-,-,-,4060.0000,4059.6000,4058.6000,4058.0000,4057.6000,4061.0000,4061.2000,4061.6000,4062.6000,4062.8000,15,1,1,3,1,2,1,2,1,3
SF,IF2006,2020-02-19 10:30:23.900,4060.8000,23799,0,3363332400.000,0,-,-,-,-,4060.0000,4059.6000,4058.6000,4058.0000,4057.6000,4060.8000,4061.0000,4061.2000,4061.6000,4062.6000,15,1,1,3,1,3,2,1,2,1
SF,IF2006,2020-02-19 10:30:24.400,4060.8000,23799,0,3363332400.000,0,-,-,-,-,4060.0000,4059.6000,4058.6000,4058.0000,4057.6000,4060.8000,4061.0000,4061.2000,4061.6000,4062.6000,15,1,1,3,1,2,2,1,2,1
SF,IF2006,2020-02-19 10:30:24.900,4060.8000,23799,0,3363332400.000,0,-,-,-,-,4060.0000,4059.6000,4058.6000,4058.0000,4057.6000,4060.6000,4060.8000,4061.0000,4061.2000,4061.6000,15,1,1,3,1,1,1,2,1,2
SF,IF2006,2020-02-19 10:30:25.400,4060.8000,23799,0,3363332400.000,0,-,-,-,-,4060.0000,4059.6000,4058.6000,4058.0000,4057.6000,4060.6000,4060.8000,4061.0000,4061.2000,4061.6000,15,1,1,3,1,1,2,2,1,2
SF,IF2006,2020-02-19 10:30:26.400,4060.8000,23799,0,3363332400.000,0,-,-,-,-,4060.0000,4059.6000,4058.6000,4058.0000,4057.6000,4060.4000,4060.6000,4060.8000,4061.0000,4061.2000,15,1,1,3,1,1,1,2,2,1
SF,IF2006,2020-02-19 10:30:26.900,4060.0000,23807,8,3375512400.000,10,9,1,空开,S,4060.0000,4059.6000,4058.6000,4058.0000,4057.6000,4060.6000,4060.8000,4061.0000,4061.2000,4061.6000,5,1,1,3,1,1,2,2,1,2
SF,IF2006,2020-02-19 10:30:27.400,4059.6000,23807,0,3382820280.000,6,3,3,多换,S,4058.6000,4058.0000,4056.2000,4056.0000,4055.4000,4059.6000,4060.0000,4060.4000,4060.6000,4060.8000,1,3,1,1,1,1,3,3,1,2
SF,IF2006,2020-02-19 10:30:27.900,4059.6000,23807,0,3382820280.000,0,-,-,-,-,4058.6000,4056.2000,4056.0000,4055.4000,4055.0000,4059.4000,4059.6000,4059.8000,4060.0000,4060.6000,1,1,1,1,2,4,1,2,4,1
SF,IF2006,2020-02-19 10:30:28.400,4058.6000,23807,0,3384037860.000,1,0,1,多换,S,4056.2000,4056.0000,4055.4000,4055.0000,4054.0000,4059.2000,4059.4000,4059.6000,4059.8000,4060.0000,1,1,1,2,1,2,4,1,1,4
SF,IF2006,2020-02-19 10:30:28.900,4058.6000,23807,0,3384037860.000,0,-,-,-,-,4057.2000,4057.0000,4056.8000,4056.4000,4056.2000,4059.0000,4059.2000,4059.4000,4059.6000,4059.8000,1,2,2,8,1,3,2,2,2,1
SF,IF2006,2020-02-19 10:30:29.400,4058.6000,23807,0,3384037860.000,0,-,-,-,-,4057.4000,4057.2000,4057.0000,4056.8000,4056.4000,4059.0000,4059.2000,4059.6000,4060.0000,4060.6000,2,1,2,1,4,3,2,2,3,1
SF,IF2006,2020-02-19 10:30:29.900,4058.6000,23807,0,3384037860.000,0,-,-,-,-,4057.4000,4057.2000,4057.0000,4056.4000,4056.2000,4058.8000,4059.0000,4059.2000,4059.6000,4060.0000,2,1,2,4,1,2,3,2,2,3
SF,IF2006,2020-02-19 10:30:30.400,4058.6000,23807,0,3384037860.000,0,-,-,-,-,4057.4000,4057.2000,4056.4000,4056.2000,4056.0000,4058.8000,4059.0000,4059.2000,4059.6000,4060.0000,2,1,4,1,1,2,3,2,2,3
SF,IF2006,2020-02-19 10:30:31.900,4058.6000,23807,0,3384037860.000,0,-,-,-,-,4057.4000,4057.2000,4056.4000,4056.2000,4056.0000,4059.0000,4059.2000,4059.6000,4060.0000,4060.6000,2,1,4,1,1,3,2,2,3,1
SF,IF2006,2020-02-19 10:30:32.400,4058.6000,23807,0,3384037860.000,0,-,-,-,-,4057.4000,4057.2000,4056.4000,4056.2000,4056.0000,4059.0000,4059.2000,4059.6000,4060.0000,4060.6000,2,1,4,1,1,2,2,2,1,1
SF,IF2006,2020-02-19 10:30:32.900,4058.6000,23807,0,3384037860.000,0,-,-,-,-,4057.4000,4057.2000,4056.4000,4056.2000,4056.0000,4059.0000,4059.2000,4059.6000,4060.0000,4060.6000,2,1,4,1,1,2,2,2,1,1
SF,IF2006,2020-02-19 10:30:33.400,4058.6000,23807,0,3384037860.000,0,-,-,-,-,4057.8000,4057.6000,4057.4000,4056.4000,4056.2000,4059.2000,4059.6000,4060.0000,4060.6000,4060.8000,2,2,2,4,1,1,2,1,1,1
SF,IF2006,2020-02-19 10:30:33.900,4058.6000,23807,0,3384037860.000,0,-,-,-,-,4058.2000,4058.0000,4057.8000,4056.4000,4056.2000,4059.6000,4060.0000,4060.6000,4060.8000,4061.6000,1,3,2,4,1,2,1,1,1,2
SF,IF2006,2020-02-19 10:30:34.400,4058.6000,23807,0,3384037860.000,0,-,-,-,-,4058.4000,4058.2000,4058.0000,4056.4000,4056.2000,4059.6000,4060.0000,4060.6000,4060.8000,4061.6000,3,1,1,4,1,2,1,1,1,2
SF,IF2006,2020-02-19 10:30:35.400,4058.6000,23807,0,3384037860.000,0,-,-,-,-,4058.6000,4058.4000,4058.0000,4056.4000,4056.2000,4059.6000,4060.0000,4060.6000,4060.8000,4061.6000,1,3,1,4,1,2,1,1,1,2
SF,IF2006,2020-02-19 10:30:35.900,4058.6000,23807,0,3385255440.000,1,0,1,多换,S,4058.4000,4058.0000,4056.4000,4056.2000,4056.0000,4059.6000,4060.0000,4060.6000,4060.8000,4061.6000,3,1,4,1,1,2,1,1,1,2
SF,IF2006,2020-02-19 10:30:36.400,4058.6000,23807,0,3385255440.000,0,-,-,-,-,4058.4000,4058.0000,4056.4000,4056.2000,4056.0000,4059.6000,4060.0000,4060.6000,4060.8000,4061.6000,3,1,4,1,1,1,1,1,1,2
SF,IF2006,2020-02-19 10:30:37.900,4058.6000,23807,0,3385255440.000,0,-,-,-,-,4058.4000,4058.0000,4056.4000,4056.2000,4056.0000,4059.4000,4059.6000,4060.0000,4060.6000,4060.8000,3,1,4,1,1,1,1,1,1,1
SF,IF2006,2020-02-19 10:30:38.400,4058.6000,23807,0,3385255440.000,0,-,-,-,-,4058.0000,4056.4000,4056.2000,4056.0000,4055.4000,4059.2000,4059.4000,4059.6000,4060.0000,4060.6000,1,4,1,1,1,3,1,1,1,1
SF,IF2006,2020-02-19 10:30:38.900,4058.6000,23807,0,3385255440.000,0,-,-,-,-,4056.4000,4056.2000,4056.0000,4055.4000,4055.0000,4059.0000,4059.2000,4059.6000,4060.0000,4060.6000,4,1,1,1,2,2,3,1,1,1
SF,IF2006,2020-02-19 10:30:39.400,4058.6000,23807,0,3385255440.000,0,-,-,-,-,4057.4000,4057.2000,4057.0000,4056.8000,4056.6000,4058.8000,4059.0000,4059.2000,4059.6000,4060.0000,1,1,1,2,7,2,2,1,1,1
SF,IF2006,2020-02-19 10:30:39.900,4058.6000,23807,0,3385255440.000,0,-,-,-,-,4057.6000,4057.4000,4057.2000,4056.8000,4056.4000,4058.8000,4059.0000,4059.2000,4059.6000,4060.0000,2,1,1,1,4,2,2,1,1,1
SF,IF2006,2020-02-19 10:30:40.400,4058.6000,23807,0,3385255440.000,0,-,-,-,-,4057.6000,4057.4000,4057.2000,4056.8000,4056.4000,4059.0000,4059.2000,4059.6000,4060.0000,4060.6000,2,1,1,1,4,2,1,1,1,1
SF,IF2006,2020-02-19 10:30:41.400,4058.6000,23807,0,3385255440.000,0,-,-,-,-,4057.8000,4057.6000,4057.4000,4056.8000,4056.4000,4059.0000,4059.6000,4060.0000,4060.6000,4060.8000,1,2,1,1,4,1,1,1,1,1
SF,IF2006,2020-02-19 10:30:41.900,4058.6000,23807,0,3385255440.000,0,-,-,-,-,4058.0000,4057.8000,4056.8000,4056.4000,4056.2000,4059.0000,4059.6000,4060.0000,4060.6000,4060.8000,3,1,1,4,1,1,1,1,1,1
SF,IF2006,2020-02-19 10:30:42.400,4058.6000,23807,0,3385255440.000,0,-,-,-,-,4058.0000,4057.8000,4056.8000,4056.4000,4056.2000,4059.6000,4060.0000,4060.6000,4060.8000,4061.6000,3,1,1,4,1,1,1,1,1,2
SF,IF2006,2020-02-19 10:30:42.900,4058.6000,23807,0,3385255440.000,0,-,-,-,-,4058.0000,4057.8000,4056.8000,4056.4000,4056.2000,4059.4000,4059.6000,4060.0000,4060.6000,4060.8000,3,1,1,4,1,5,1,1,1,1
SF,IF2006,2020-02-19 10:30:43.900,4058.6000,23807,0,3385255440.000,0,-,-,-,-,4058.0000,4057.8000,4056.8000,4056.4000,4056.2000,4059.4000,4059.6000,4060.8000,4061.6000,4062.6000,3,1,1,4,1,5,1,1,2,1
SF,IF2006,2020-02-19 10:30:44.400,4058.6000,23807,0,3385255440.000,0,-,-,-,-,4058.0000,4057.8000,4056.8000,4056.4000,4056.2000,4059.4000,4059.6000,4060.8000,4061.6000,4062.6000,3,1,1,4,1,3,1,1,2,1
SF,IF2006,2020-02-19 10:30:45.400,4058.6000,23807,0,3385255440.000,0,-,-,-,-,4058.0000,4057.8000,4056.8000,4056.4000,4056.2000,4059.4000,4059.6000,4060.8000,4061.6000,4062.6000,3,1,1,4,1,3,1,1,3,1
SF,IF2006,2020-02-19 10:30:47.400,4058.6000,23807,0,3385255440.000,0,-,-,-,-,4058.0000,4057.8000,4056.8000,4056.4000,4056.2000,4059.0000,4059.4000,4059.6000,4060.8000,4061.6000,3,1,1,4,1,1,3,1,1,3
SF,IF2006,2020-02-19 10:30:48.900,4058.6000,23807,0,3385255440.000,0,-,-,-,-,4058.0000,4057.8000,4056.8000,4056.4000,4056.2000,4058.8000,4059.0000,4059.4000,4059.6000,4060.8000,3,1,1,4,1,1,1,3,1,1
SF,IF2006,2020-02-19 10:30:49.400,4058.6000,23807,0,3385255440.000,0,-,-,-,-,4058.0000,4056.8000,4056.4000,4056.2000,4056.0000,4059.0000,4059.4000,4059.6000,4060.8000,4061.6000,2,1,4,1,1,1,2,1,1,3
SF,IF2006,2020-02-19 10:30:49.900,4058.6000,23807,0,3385255440.000,0,-,-,-,-,4056.8000,4056.4000,4056.2000,4056.0000,4055.4000,4058.4000,4058.8000,4059.0000,4059.6000,4060.8000,1,3,1,1,1,1,5,1,1,1
SF,IF2006,2020-02-19 10:30:50.400,4058.6000,23807,0,3385255440.000,0,-,-,-,-,4057.0000,4056.4000,4056.2000,4056.0000,4055.4000,4058.2000,4058.4000,4058.8000,4059.0000,4059.6000,2,3,1,1,1,3,1,2,1,1
SF,IF2006,2020-02-19 10:30:50.900,4058.6000,23807,0,3385255440.000,0,-,-,-,-,4057.0000,4056.4000,4056.2000,4056.0000,4055.4000,4058.2000,4058.4000,4058.8000,4059.0000,4059.6000,2,3,1,1,1,1,1,2,1,1
SF,IF2006,2020-02-19 10:30:51.400,4058.6000,23807,0,3385255440.000,0,-,-,-,-,4057.0000,4056.4000,4056.2000,4056.0000,4055.4000,4058.8000,4059.0000,4059.6000,4060.8000,4061.6000,2,3,1,1,1,2,1,1,1,3
SF,IF2006,2020-02-19 10:30:52.400,4058.6000,23807,0,3385255440.000,0,-,-,-,-,4057.0000,4056.2000,4056.0000,4055.4000,4055.0000,4058.8000,4059.0000,4059.6000,4060.8000,4061.6000,2,1,1,1,2,2,1,1,1,3
SF,IF2006,2020-02-19 10:30:53.900,4058.6000,23807,0,3385255440.000,0,-,-,-,-,4057.2000,4057.0000,4056.2000,4056.0000,4055.4000,4058.8000,4059.0000,4059.6000,4060.8000,4061.6000,1,2,1,1,1,2,1,1,1,3
SF,IF2006,2020-02-19 10:30:54.400,4058.6000,23807,0,3385255440.000,0,-,-,-,-,4057.4000,4057.2000,4056.2000,4056.0000,4055.4000,4058.6000,4058.8000,4059.0000,4059.6000,4060.8000,2,1,1,1,1,3,2,1,1,1
SF,IF2006,2020-02-19 10:30:54.900,4058.6000,23807,0,3385255440.000,0,-,-,-,-,4057.4000,4056.2000,4056.0000,4055.4000,4055.0000,4058.6000,4058.8000,4059.0000,4059.6000,4060.8000,2,1,1,1,2,3,2,1,1,1
SF,IF2006,2020-02-19 10:30:55.400,4058.6000,23807,0,3385255440.000,0,-,-,-,-,4057.4000,4056.2000,4056.0000,4055.4000,4055.0000,4058.4000,4058.6000,4058.8000,4059.0000,4059.6000,2,1,1,1,2,3,1,2,1,1
SF,IF2006,2020-02-19 10:30:57.400,4058.6000,23807,0,3385255440.000,0,-,-,-,-,4057.4000,4056.2000,4056.0000,4055.4000,4055.0000,4058.2000,4058.4000,4058.6000,4058.8000,4059.0000,2,1,1,1,2,1,3,1,2,1
SF,IF2006,2020-02-19 10:30:58.400,4057.4000,23806,-1,3386472660.000,1,0,1,双平,S,4057.4000,4056.2000,4056.0000,4055.4000,4055.0000,4058.2000,4058.4000,4058.6000,4058.8000,4059.0000,1,1,1,1,2,1,3,1,2,1
SF,IF2006,2020-02-19 10:30:58.900,4057.4000,23806,0,3386472660.000,0,-,-,-,-,4057.4000,4056.2000,4056.0000,4055.4000,4055.0000,4058.2000,4058.4000,4058.6000,4058.8000,4059.0000,1,1,1,1,2,1,3,1,2,1
SF,IF2006,2020-02-19 10:30:59.400,4057.4000,23806,0,3386472660.000,0,-,-,-,-,4057.4000,4056.2000,4056.0000,4055.4000,4055.0000,4058.2000,4058.4000,4058.6000,4058.8000,4059.0000,1,1,1,1,2,1,3,1,2,1
SF,IF2006,2020-02-19 10:30:59.900,4057.4000,23806,0,3386472660.000,0,-,-,-,-,4057.4000,4056.2000,4056.0000,4055.4000,4055.0000,4058.2000,4058.4000,4058.6000,4058.8000,4059.0000,1,1,1,1,2,1,3,1,2,1
SF,IF2006,2020-02-19 10:31:00.900,4057.4000,23806,0,3386472660.000,0,-,-,-,-,4057.4000,4056.2000,4056.0000,4055.4000,4055.0000,4058.2000,4058.4000,4058.6000,4058.8000,4059.0000,1,1,1,1,2,1,1,1,2,1
SF,IF2006,2020-02-19 10:31:02.900,4057.4000,23806,0,3386472660.000,0,-,-,-,-,4057.4000,4056.2000,4056.0000,4055.4000,4055.0000,4058.2000,4058.4000,4058.8000,4059.0000,4059.6000,1,1,1,1,2,1,1,2,1,1
SF,IF2006,2020-02-19 10:31:03.400,4057.4000,23806,0,3386472660.000,0,-,-,-,-,4057.4000,4056.2000,4056.0000,4055.4000,4055.0000,4058.2000,4058.4000,4058.8000,4059.0000,4059.6000,1,1,1,1,2,1,1,2,1,1
SF,IF2006,2020-02-19 10:31:04.900,4057.4000,23807,1,3387689880.000,1,1,0,双开,S,4056.2000,4056.0000,4055.4000,4055.0000,4054.0000,4058.2000,4058.4000,4058.8000,4059.0000,4059.6000,1,1,1,2,1,1,1,2,1,1
SF,IF2006,2020-02-19 10:31:05.400,4057.4000,23807,0,3387689880.000,0,-,-,-,-,4056.6000,4056.4000,4056.2000,4056.0000,4055.4000,4058.0000,4058.2000,4058.4000,4059.0000,4059.6000,2,3,1,1,1,2,1,1,1,1
SF,IF2006,2020-02-19 10:31:05.900,4057.4000,23807,0,3387689880.000,0,-,-,-,-,4056.8000,4056.6000,4056.4000,4056.2000,4056.0000,4058.0000,4058.2000,4058.4000,4059.0000,4059.6000,2,2,1,1,1,2,1,1,1,1
SF,IF2006,2020-02-19 10:31:06.400,4057.4000,23807,0,3387689880.000,0,-,-,-,-,4056.8000,4056.6000,4056.4000,4056.2000,4056.0000,4058.0000,4058.2000,4058.4000,4059.0000,4059.6000,2,2,1,1,1,2,1,1,1,1
SF,IF2006,2020-02-19 10:31:08.900,4057.4000,23807,0,3387689880.000,0,-,-,-,-,4056.8000,4056.6000,4056.4000,4056.2000,4056.0000,4057.4000,4058.0000,4058.2000,4058.4000,4059.0000,2,2,1,1,1,1,2,1,1,1
SF,IF2006,2020-02-19 10:31:09.400,4057.4000,23808,1,3388907100.000,1,1,0,双开,S,4056.8000,4056.6000,4056.4000,4056.2000,4056.0000,4058.2000,4058.4000,4059.0000,4059.6000,4060.8000,2,2,1,1,1,1,1,1,1,1
SF,IF2006,2020-02-19 10:31:09.900,4057.4000,23808,0,3388907100.000,0,-,-,-,-,4056.8000,4056.6000,4056.4000,4056.2000,4056.0000,4058.2000,4058.4000,4059.0000,4059.6000,4060.8000,2,2,1,1,1,1,1,1,1,1
SF,IF2006,2020-02-19 10:31:11.400,4057.4000,23808,0,3388907100.000,0,-,-,-,-,4056.8000,4056.6000,4056.2000,4056.0000,4055.4000,4057.8000,4058.0000,4058.2000,4059.0000,4059.6000,2,1,1,1,1,1,2,1,1,1
SF,IF2006,2020-02-19 10:31:11.900,4056.8000,23807,-1,3390124140.000,1,0,1,双平,S,4056.2000,4056.0000,4055.4000,4055.0000,4054.0000,4057.6000,4058.2000,4059.0000,4059.6000,4060.8000,1,1,1,2,1,4,1,1,1,1
SF,IF2006,2020-02-19 10:31:12.400,4056.8000,23807,0,3390124140.000,0,-,-,-,-,4056.2000,4056.0000,4055.4000,4055.0000,4054.0000,4057.2000,4057.4000,4058.2000,4059.0000,4059.6000,1,1,1,2,1,4,2,1,1,1
SF,IF2006,2020-02-19 10:31:12.900,4056.2000,23807,0,3391341000.000,1,0,1,多换,S,4056.0000,4055.4000,4055.0000,4054.0000,4053.0000,4057.2000,4057.4000,4058.2000,4059.0000,4059.6000,1,1,2,1,1,4,2,1,1,1
SF,IF2006,2020-02-19 10:31:13.400,4056.2000,23807,0,3391341000.000,0,-,-,-,-,4056.0000,4055.4000,4055.0000,4054.0000,4053.0000,4057.0000,4057.2000,4058.2000,4059.0000,4059.6000,1,1,2,1,1,4,2,1,1,1
SF,IF2006,2020-02-19 10:31:13.900,4056.2000,23807,0,3391341000.000,0,-,-,-,-,4056.0000,4055.4000,4055.0000,4054.0000,4053.0000,4057.0000,4057.2000,4058.2000,4059.0000,4059.6000,1,1,2,1,1,4,2,1,1,1
SF,IF2006,2020-02-19 10:31:14.400,4056.2000,23807,0,3391341000.000,0,-,-,-,-,4056.0000,4055.4000,4055.0000,4054.0000,4053.0000,4057.0000,4057.2000,4058.2000,4059.0000,4059.6000,1,1,2,1,1,4,1,1,1,1
SF,IF2006,2020-02-19 10:31:14.900,4056.2000,23807,0,3391341000.000,0,-,-,-,-,4056.2000,4056.0000,4055.4000,4055.0000,4054.0000,4057.0000,4058.2000,4059.0000,4059.6000,4060.8000,1,1,1,2,1,2,1,1,1,1
SF,IF2006,2020-02-19 10:31:15.400,4056.2000,23807,0,3392557860.000,1,0,1,多换,S,4056.0000,4055.4000,4055.0000,4054.0000,4053.0000,4057.0000,4058.2000,4059.0000,4059.6000,4060.8000,1,1,2,1,1,2,1,1,1,1
SF,IF2006,2020-02-19 10:31:15.900,4057.0000,23807,0,3394992060.000,2,1,1,多换,S,4056.2000,4056.0000,4055.4000,4055.0000,4054.0000,4058.2000,4059.0000,4059.6000,4060.8000,4061.6000,1,1,1,2,1,1,1,1,1,3
SF,IF2006,2020-02-19 10:31:16.400,4057.0000,23807,0,3394992060.000,0,-,-,-,-,4056.4000,4056.2000,4056.0000,4055.4000,4055.0000,4057.8000,4058.0000,4058.2000,4059.0000,4059.6000,2,1,1,1,2,1,3,1,1,1
SF,IF2006,2020-02-19 10:31:16.900,4057.0000,23807,0,3394992060.000,0,-,-,-,-,4056.4000,4056.2000,4056.0000,4055.4000,4055.0000,4057.8000,4058.0000,4058.2000,4059.0000,4059.6000,2,1,1,1,2,1,2,1,1,1
SF,IF2006,2020-02-19 10:31:18.900,4057.0000,23807,0,3394992060.000,0,-,-,-,-,4056.4000,4056.2000,4056.0000,4055.4000,4055.0000,4058.0000,4058.2000,4059.0000,4059.6000,4060.8000,2,1,1,1,2,2,1,1,1,1
SF,IF2006,2020-02-19 10:31:19.400,4057.0000,23807,0,3394992060.000,0,-,-,-,-,4056.6000,4056.4000,4056.0000,4055.4000,4055.0000,4058.0000,4058.2000,4059.0000,4059.6000,4060.8000,1,3,1,1,2,2,1,1,1,1
SF,IF2006,2020-02-19 10:31:19.900,4057.0000,23807,0,3394992060.000,0,-,-,-,-,4056.8000,4056.6000,4056.4000,4056.0000,4055.4000,4058.0000,4058.2000,4059.0000,4059.6000,4060.8000,2,1,1,1,1,2,1,1,1,1
SF,IF2006,2020-02-19 10:31:20.900,4057.0000,23807,0,3394992060.000,0,-,-,-,-,4056.8000,4056.6000,4056.4000,4056.2000,4056.0000,4058.0000,4058.2000,4059.0000,4059.6000,4060.8000,2,1,1,1,1,2,1,1,1,1
SF,IF2006,2020-02-19 10:31:22.400,4057.0000,23807,0,3394992060.000,0,-,-,-,-,4056.8000,4056.6000,4056.4000,4056.2000,4056.0000,4057.8000,4058.0000,4058.2000,4059.0000,4059.6000,2,1,1,1,1,1,2,1,1,1
SF,IF2006,2020-02-19 10:31:23.900,4057.8000,23808,1,3396209400.000,1,1,0,双开,S,4056.8000,4056.6000,4056.4000,4056.2000,4056.0000,4058.0000,4058.2000,4059.0000,4059.6000,4060.8000,2,1,1,1,1,2,1,1,1,1
SF,IF2006,2020-02-19 10:31:24.400,4057.8000,23808,0,3396209400.000,0,-,-,-,-,4057.0000,4056.8000,4056.6000,4056.4000,4056.2000,4058.0000,4058.2000,4059.0000,4059.6000,4060.8000,1,2,1,1,1,2,1,1,1,1
SF,IF2006,2020-02-19 10:31:24.900,4057.8000,23808,0,3396209400.000,0,-,-,-,-,4057.0000,4056.8000,4056.6000,4056.4000,4056.2000,4058.2000,4059.0000,4059.6000,4060.8000,4061.6000,1,2,1,1,1,1,1,1,1,2
SF,IF2006,2020-02-19 10:31:25.400,4057.8000,23808,0,3396209400.000,0,-,-,-,-,4057.2000,4057.0000,4056.6000,4056.4000,4056.2000,4058.2000,4059.0000,4059.6000,4060.8000,4061.6000,2,1,1,1,1,1,1,1,1,2
SF,IF2006,2020-02-19 10:31:25.900,4057.8000,23808,0,3396209400.000,0,-,-,-,-,4057.2000,4057.0000,4056.4000,4056.2000,4056.0000,4058.2000,4059.0000,4059.6000,4060.8000,4061.6000,2,1,1,1,1,1,1,1,1,2
SF,IF2006,2020-02-19 10:31:27.400,4057.8000,23808,0,3396209400.000,0,-,-,-,-,4057.4000,4057.2000,4057.0000,4056.4000,4056.2000,4058.2000,4059.0000,4059.6000,4060.8000,4061.6000,1,2,1,1,1,1,1,1,1,2
SF,IF2006,2020-02-19 10:31:29.400,4057.8000,23808,0,3396209400.000,0,-,-,-,-,4057.2000,4057.0000,4056.4000,4056.2000,4056.0000,4058.0000,4058.2000,4059.0000,4059.6000,4060.8000,2,1,1,1,1,1,1,1,1,1
SF,IF2006,2020-02-19 10:31:29.900,4058.0000,23809,1,3397426800.000,1,1,0,双开,S,4057.2000,4057.0000,4056.4000,4056.2000,4056.0000,4058.2000,4059.0000,4059.6000,4060.8000,4061.6000,2,1,1,1,1,1,1,1,1,2
SF,IF2006,2020-02-19 10:31:30.900,4058.0000,23809,0,3397426800.000,0,-,-,-,-,4057.2000,4057.0000,4056.4000,4056.2000,4056.0000,4059.0000,4059.6000,4060.8000,4061.6000,4062.6000,2,1,1,1,1,1,1,1,2,1
SF,IF2006,2020-02-19 10:31:31.400,4058.0000,23809,0,3397426800.000,0,-,-,-,-,4057.2000,4057.0000,4056.4000,4056.2000,4056.0000,4058.6000,4058.8000,4059.0000,4059.6000,4060.8000,2,1,1,1,1,1,3,1,1,1
SF,IF2006,2020-02-19 10:31:32.400,4058.0000,23809,0,3397426800.000,0,-,-,-,-,4057.2000,4057.0000,4056.4000,4056.2000,4056.0000,4058.8000,4059.0000,4059.6000,4060.8000,4061.6000,2,1,1,1,1,3,1,1,1,2
SF,IF2006,2020-02-19 10:31:35.900,4058.0000,23809,0,3397426800.000,0,-,-,-,-,4057.4000,4057.2000,4057.0000,4056.4000,4056.0000,4058.8000,4059.0000,4059.6000,4060.8000,4061.6000,2,2,1,1,1,2,1,1,1,2
SF,IF2006,2020-02-19 10:31:36.400,4058.0000,23809,0,3397426800.000,0,-,-,-,-,4057.8000,4057.6000,4057.4000,4057.0000,4056.4000,4059.0000,4059.6000,4060.8000,4061.6000,4062.8000,2,2,1,1,1,1,1,1,2,3
SF,IF2006,2020-02-19 10:31:36.900,4058.0000,23809,0,3397426800.000,0,-,-,-,-,4058.0000,4057.8000,4057.4000,4056.4000,4056.0000,4059.0000,4059.6000,4060.8000,4061.6000,4062.8000,2,2,1,1,1,1,1,1,2,3
SF,IF2006,2020-02-19 10:31:42.400,4058.0000,23809,0,3397426800.000,0,-,-,-,-,4058.0000,4057.8000,4057.4000,4056.4000,4056.0000,4059.0000,4059.6000,4060.8000,4061.6000,4062.8000,2,2,1,1,1,1,1,1,2,3
SF,IF2006,2020-02-19 10:31:42.900,4058.0000,23809,0,3397426800.000,0,-,-,-,-,4058.0000,4057.8000,4057.4000,4056.4000,4056.0000,4059.0000,4059.6000,4060.8000,4061.6000,4062.8000,2,1,1,1,1,1,1,1,2,3
SF,IF2006,2020-02-19 10:31:43.400,4058.0000,23809,0,3397426800.000,0,-,-,-,-,4057.8000,4057.6000,4057.4000,4056.4000,4056.0000,4059.0000,4059.6000,4060.8000,4061.6000,4062.8000,1,1,1,1,1,1,1,1,2,3
SF,IF2006,2020-02-19 10:31:43.900,4058.0000,23809,0,3397426800.000,0,-,-,-,-,4057.6000,4056.4000,4056.0000,4055.8000,4055.4000,4058.8000,4059.0000,4059.6000,4060.0000,4060.8000,1,1,1,1,1,2,1,1,1,1
SF,IF2006,2020-02-19 10:31:44.900,4057.6000,23809,0,3398644080.000,1,0,1,多换,S,4056.4000,4056.0000,4055.8000,4055.4000,4055.0000,4058.6000,4058.8000,4059.0000,4059.6000,4060.0000,1,1,1,1,3,3,3,1,1,1
SF,IF2006,2020-02-19 10:31:45.400,4057.6000,23809,0,3398644080.000,0,-,-,-,-,4056.6000,4056.4000,4056.0000,4055.8000,4055.4000,4058.4000,4058.6000,4058.8000,4059.0000,4059.6000,8,1,1,1,1,2,2,1,1,1
SF,IF2006,2020-02-19 10:31:45.900,4057.6000,23809,0,3398644080.000,0,-,-,-,-,4056.6000,4056.4000,4056.0000,4055.8000,4055.4000,4058.2000,4058.4000,4058.6000,4058.8000,4059.0000,7,1,1,1,1,2,2,1,1,1
SF,IF2006,2020-02-19 10:31:46.400,4057.6000,23809,0,3398644080.000,0,-,-,-,-,4056.6000,4056.4000,4056.0000,4055.8000,4055.4000,4058.2000,4058.4000,4058.6000,4058.8000,4059.0000,7,1,1,1,1,1,2,1,1,1
SF,IF2006,2020-02-19 10:31:46.900,4057.6000,23809,0,3398644080.000,0,-,-,-,-,4056.6000,4056.4000,4056.0000,4055.8000,4055.4000,4058.0000,4058.2000,4058.6000,4058.8000,4059.0000,7,1,1,1,1,2,1,1,1,1
SF,IF2006,2020-02-19 10:31:48.900,4057.6000,23809,0,3398644080.000,0,-,-,-,-,4056.8000,4056.6000,4056.4000,4056.0000,4055.8000,4058.0000,4058.2000,4058.6000,4058.8000,4059.0000,1,7,1,1,1,2,1,1,1,1
SF,IF2006,2020-02-19 10:31:49.400,4057.6000,23809,0,3398644080.000,0,-,-,-,-,4057.0000,4056.8000,4056.6000,4056.4000,4056.0000,4058.0000,4058.2000,4058.6000,4058.8000,4059.0000,2,1,5,1,1,2,1,1,1,1
SF,IF2006,2020-02-19 10:31:49.900,4057.6000,23809,0,3398644080.000,0,-,-,-,-,4057.0000,4056.8000,4056.6000,4056.4000,4056.0000,4058.2000,4058.6000,4058.8000,4059.0000,4059.6000,2,1,5,1,1,1,1,1,1,1
SF,IF2006,2020-02-19 10:31:50.400,4057.6000,23809,0,3398644080.000,0,-,-,-,-,4057.0000,4056.8000,4056.6000,4056.4000,4056.0000,4058.2000,4058.6000,4058.8000,4059.0000,4059.6000,2,1,5,1,1,1,1,1,1,1
SF,IF2006,2020-02-19 10:31:52.900,4057.6000,23809,0,3398644080.000,0,-,-,-,-,4057.0000,4056.8000,4056.6000,4056.4000,4056.0000,4058.8000,4059.0000,4059.6000,4060.0000,4060.8000,2,1,3,1,1,1,1,1,1,1
SF,IF2006,2020-02-19 10:31:53.400,4057.6000,23809,0,3398644080.000,0,-,-,-,-,4057.2000,4057.0000,4056.6000,4056.4000,4056.0000,4058.6000,4058.8000,4059.0000,4059.6000,4060.0000,2,2,3,1,1,2,1,1,1,1
SF,IF2006,2020-02-19 10:31:53.900,4057.6000,23809,0,3398644080.000,0,-,-,-,-,4057.4000,4057.2000,4056.6000,4056.4000,4056.0000,4058.8000,4059.0000,4059.6000,4060.0000,4060.8000,2,1,3,1,1,1,1,1,1,1
SF,IF2006,2020-02-19 10:31:54.900,4057.6000,23809,0,3398644080.000,0,-,-,-,-,4057.6000,4057.4000,4056.6000,4056.4000,4056.0000,4058.8000,4059.0000,4059.6000,4060.0000,4060.8000,1,2,3,1,1,1,1,1,1,1
SF,IF2006,2020-02-19 10:31:55.400,4057.6000,23809,0,3398644080.000,0,-,-,-,-,4057.8000,4057.6000,4057.4000,4056.6000,4056.4000,4058.8000,4059.0000,4059.6000,4060.0000,4060.8000,1,1,2,3,1,1,1,1,1,1
SF,IF2006,2020-02-19 10:31:58.400,4057.6000,23809,0,3398644080.000,0,-,-,-,-,4057.4000,4056.6000,4056.4000,4056.0000,4055.8000,4058.8000,4059.0000,4059.6000,4060.0000,4060.8000,2,3,1,1,1,1,1,1,1,1
SF,IF2006,2020-02-19 10:31:58.900,4057.6000,23809,0,3398644080.000,0,-,-,-,-,4057.4000,4056.6000,4056.4000,4056.0000,4055.8000,4058.6000,4058.8000,4059.0000,4059.6000,4060.0000,2,3,1,1,1,2,1,1,1,1
SF,IF2006,2020-02-19 10:31:59.400,4057.6000,23809,0,3398644080.000,0,-,-,-,-,4057.4000,4056.6000,4056.4000,4056.0000,4055.8000,4058.4000,4058.6000,4058.8000,4059.0000,4059.6000,2,3,1,1,1,2,2,1,1,1
SF,IF2006,2020-02-19 10:31:59.900,4057.6000,23809,0,3398644080.000,0,-,-,-,-,4057.4000,4056.6000,4056.4000,4056.0000,4055.8000,4058.2000,4058.4000,4058.6000,4058.8000,4059.0000,2,3,1,1,1,1,1,2,1,1
SF,IF2006,2020-02-19 10:32:00.400,4057.6000,23809,0,3398644080.000,0,-,-,-,-,4057.4000,4056.6000,4056.4000,4056.0000,4055.8000,4058.4000,4058.6000,4058.8000,4059.0000,4059.6000,2,3,1,1,1,1,2,1,1,1
SF,IF2006,2020-02-19 10:32:00.900,4057.6000,23809,0,3398644080.000,0,-,-,-,-,4057.4000,4056.6000,4056.4000,4056.0000,4055.8000,4058.2000,4058.4000,4058.6000,4058.8000,4059.0000,2,3,1,1,1,1,1,2,1,1
SF,IF2006,2020-02-19 10:32:01.400,4057.6000,23809,0,3398644080.000,0,-,-,-,-,4057.4000,4056.6000,4056.4000,4056.0000,4055.8000,4058.4000,4058.6000,4058.8000,4059.0000,4059.6000,2,3,1,1,1,1,2,1,1,1
SF,IF2006,2020-02-19 10:32:03.400,4057.6000,23809,0,3398644080.000,0,-,-,-,-,4057.4000,4056.6000,4056.4000,4056.0000,4055.8000,4058.6000,4058.8000,4059.0000,4059.6000,4060.0000,2,3,1,1,1,2,1,1,1,1
SF,IF2006,2020-02-19 10:32:04.400,4057.6000,23809,0,3398644080.000,0,-,-,-,-,4057.6000,4057.4000,4056.6000,4056.4000,4056.0000,4058.6000,4058.8000,4059.0000,4059.6000,4060.0000,1,2,3,1,1,2,1,1,1,1
SF,IF2006,2020-02-19 10:32:06.900,4057.6000,23809,0,3398644080.000,0,-,-,-,-,4057.8000,4057.4000,4056.6000,4056.4000,4056.0000,4058.6000,4058.8000,4059.0000,4059.6000,4060.0000,1,2,3,1,1,2,1,1,1,1
SF,IF2006,2020-02-19 10:32:07.400,4058.6000,23809,0,3399861660.000,1,0,1,多换,S,4057.4000,4056.6000,4056.4000,4056.0000,4055.8000,4058.6000,4058.8000,4059.0000,4059.6000,4060.0000,2,3,1,1,1,1,1,1,1,1
SF,IF2006,2020-02-19 10:32:07.900,4058.6000,23809,0,3399861660.000,0,-,-,-,-,4057.4000,4056.6000,4056.4000,4056.0000,4055.8000,4058.8000,4059.0000,4059.6000,4060.0000,4060.8000,2,3,1,1,1,1,1,1,1,1
SF,IF2006,2020-02-19 10:32:09.400,4057.4000,23809,0,3401078880.000,1,0,1,多换,S,4057.4000,4056.6000,4056.4000,4056.0000,4055.8000,4058.8000,4059.0000,4059.6000,4060.0000,4060.8000,1,3,1,1,1,1,1,1,1,1
SF,IF2006,2020-02-19 10:32:09.900,4057.4000,23809,0,3401078880.000,0,-,-,-,-,4057.4000,4056.6000,4056.4000,4056.0000,4055.8000,4058.4000,4058.6000,4058.8000,4059.0000,4059.6000,1,3,1,1,1,1,4,1,1,1
SF,IF2006,2020-02-19 10:32:14.400,4057.4000,23809,0,3401078880.000,0,-,-,-,-,4057.4000,4057.0000,4056.6000,4056.4000,4056.0000,4058.6000,4058.8000,4059.0000,4059.6000,4060.0000,1,1,3,1,1,4,1,1,1,1
SF,IF2006,2020-02-19 10:32:14.900,4057.4000,23809,0,3401078880.000,0,-,-,-,-,4057.4000,4057.0000,4056.6000,4056.4000,4056.0000,4058.6000,4058.8000,4059.0000,4059.6000,4060.0000,1,1,3,1,1,3,1,1,1,1
SF,IF2006,2020-02-19 10:32:16.400,4058.6000,23809,0,3403514040.000,2,1,1,多换,S,4057.4000,4057.0000,4056.6000,4056.4000,4056.0000,4058.6000,4058.8000,4059.0000,4059.6000,4060.0000,1,1,3,1,1,1,1,1,1,1
SF,IF2006,2020-02-19 10:32:16.900,4058.6000,23809,0,3403514040.000,0,-,-,-,-,4058.4000,4057.6000,4057.4000,4057.0000,4056.4000,4058.8000,4059.0000,4059.6000,4060.0000,4060.8000,1,1,1,1,1,1,1,1,1,1
SF,IF2006,2020-02-19 10:32:17.400,4058.8000,23810,1,3405949200.000,2,1,1,空开,S,4057.4000,4057.0000,4056.4000,4056.0000,4055.8000,4059.0000,4059.6000,4060.0000,4060.8000,4061.6000,1,1,1,1,1,1,1,1,1,2
SF,IF2006,2020-02-19 10:32:17.900,4058.8000,23810,0,3405949200.000,0,-,-,-,-,4058.0000,4057.6000,4057.4000,4057.0000,4056.0000,4059.0000,4059.6000,4060.0000,4060.8000,4061.6000,1,4,1,1,1,1,1,1,1,2
SF,IF2006,2020-02-19 10:32:18.400,4058.8000,23810,0,3405949200.000,0,-,-,-,-,4058.4000,4058.2000,4058.0000,4057.6000,4057.0000,4059.0000,4059.6000,4060.0000,4061.6000,4062.8000,1,4,1,2,1,1,1,1,2,3
SF,IF2006,2020-02-19 10:32:18.900,4058.8000,23810,0,3405949200.000,0,-,-,-,-,4058.4000,4058.2000,4058.0000,4057.6000,4057.0000,4059.0000,4059.6000,4060.0000,4061.6000,4062.8000,1,3,1,2,1,1,1,1,2,3
SF,IF2006,2020-02-19 10:32:19.900,4058.8000,23810,0,3405949200.000,0,-,-,-,-,4058.2000,4058.0000,4057.6000,4057.0000,4056.0000,4059.0000,4059.6000,4060.0000,4061.6000,4062.8000,3,1,2,1,1,1,1,1,2,3
SF,IF2006,2020-02-19 10:32:20.400,4058.8000,23810,0,3405949200.000,0,-,-,-,-,4058.2000,4058.0000,4057.6000,4057.0000,4056.0000,4059.0000,4059.6000,4060.0000,4061.6000,4062.8000,2,1,2,1,1,1,1,1,2,3
SF,IF2006,2020-02-19 10:32:20.900,4058.8000,23810,0,3405949200.000,0,-,-,-,-,4058.2000,4058.0000,4057.6000,4057.0000,4056.0000,4058.6000,4059.0000,4059.6000,4060.0000,4061.6000,2,1,2,1,1,1,1,1,1,2
SF,IF2006,2020-02-19 10:32:21.400,4058.8000,23810,0,3405949200.000,0,-,-,-,-,4058.2000,4058.0000,4057.6000,4057.0000,4056.0000,4058.6000,4059.0000,4059.6000,4060.0000,4061.6000,2,1,1,1,1,1,1,1,1,2
SF,IF2006,2020-02-19 10:32:21.900,4058.8000,23810,0,3405949200.000,0,-,-,-,-,4058.2000,4057.6000,4057.0000,4056.0000,4055.8000,4058.6000,4059.0000,4059.6000,4060.0000,4061.6000,2,1,1,1,1,1,1,1,1,2
SF,IF2006,2020-02-19 10:32:22.900,4058.6000,23809,-1,3407166780.000,1,0,1,双平,S,4058.2000,4057.6000,4057.0000,4056.0000,4055.8000,4059.0000,4059.6000,4060.0000,4061.6000,4062.8000,2,1,1,1,1,1,1,1,2,3
SF,IF2006,2020-02-19 10:32:24.900,4059.0000,23810,1,3408384480.000,1,1,0,双开,S,4058.2000,4057.6000,4057.0000,4056.0000,4055.8000,4059.6000,4060.0000,4061.6000,4062.8000,4063.0000,2,1,1,1,1,1,1,2,3,2
SF,IF2006,2020-02-19 10:32:25.400,4059.0000,23810,0,3408384480.000,0,-,-,-,-,4058.6000,4058.2000,4057.6000,4057.0000,4056.0000,4059.6000,4060.0000,4061.6000,4062.8000,4063.0000,1,2,1,1,1,1,1,2,3,2
SF,IF2006,2020-02-19 10:32:26.400,4059.0000,23810,0,3408384480.000,0,-,-,-,-,4058.2000,4057.6000,4057.0000,4056.0000,4055.8000,4059.6000,4060.0000,4061.6000,4062.8000,4063.0000,2,1,1,1,1,1,1,2,3,2
SF,IF2006,2020-02-19 10:32:26.900,4059.0000,23810,0,3408384480.000,0,-,-,-,-,4058.6000,4058.4000,4058.2000,4057.6000,4057.0000,4059.6000,4060.0000,4061.6000,4062.8000,4063.0000,1,1,2,1,1,1,1,2,3,2
SF,IF2006,2020-02-19 10:32:27.400,4059.0000,23810,0,3408384480.000,0,-,-,-,-,4058.8000,4058.4000,4057.6000,4057.0000,4056.0000,4059.6000,4060.0000,4061.6000,4062.8000,4063.0000,3,1,1,1,1,1,1,2,3,2
SF,IF2006,2020-02-19 10:32:27.900,4059.0000,23810,0,3408384480.000,0,-,-,-,-,4058.8000,4058.4000,4057.6000,4057.0000,4056.0000,4059.6000,4060.0000,4061.6000,4062.8000,4063.0000,2,1,1,1,1,1,1,2,3,2
SF,IF2006,2020-02-19 10:32:31.900,4058.8000,23809,-1,3409602120.000,1,0,1,双平,S,4058.8000,4058.4000,4057.6000,4057.0000,4056.0000,4059.6000,4060.0000,4061.6000,4062.8000,4063.0000,1,1,1,1,1,1,1,2,3,2
SF,IF2006,2020-02-19 10:32:38.900,4058.8000,23809,0,3409602120.000,0,-,-,-,-,4058.8000,4058.4000,4058.2000,4057.6000,4057.0000,4059.6000,4060.0000,4061.6000,4062.8000,4063.0000,1,1,1,1,1,1,1,2,3,2
SF,IF2006,2020-02-19 10:32:39.400,4058.8000,23808,-1,3410819760.000,1,0,1,双平,S,4058.2000,4057.6000,4057.0000,4056.0000,4055.8000,4059.6000,4060.0000,4061.6000,4062.8000,4063.0000,1,1,1,1,1,1,1,2,3,2
SF,IF2006,2020-02-19 10:32:39.900,4058.8000,23808,0,3410819760.000,0,-,-,-,-,4058.2000,4057.6000,4057.0000,4056.0000,4055.8000,4059.4000,4059.6000,4060.0000,4061.6000,4062.8000,1,1,1,1,1,2,1,1,2,3
SF,IF2006,2020-02-19 10:32:40.400,4058.8000,23808,0,3410819760.000,0,-,-,-,-,4058.4000,4058.2000,4057.6000,4056.0000,4055.8000,4059.4000,4059.6000,4060.0000,4061.6000,4062.8000,4,1,1,1,1,2,1,1,2,3
SF,IF2006,2020-02-19 10:32:40.900,4058.8000,23808,0,3410819760.000,0,-,-,-,-,4058.4000,4058.2000,4056.0000,4055.8000,4055.4000,4059.4000,4059.6000,4060.0000,4061.6000,4062.8000,4,1,1,1,1,2,1,1,2,3
SF,IF2006,2020-02-19 10:32:44.900,4058.8000,23808,0,3410819760.000,0,-,-,-,-,4058.6000,4058.4000,4058.2000,4056.0000,4055.8000,4059.4000,4059.6000,4060.0000,4061.6000,4062.8000,1,3,1,1,1,2,1,1,2,3
SF,IF2006,2020-02-19 10:32:45.400,4058.8000,23808,0,3410819760.000,0,-,-,-,-,4058.4000,4058.2000,4056.0000,4055.8000,4055.4000,4059.4000,4059.6000,4060.0000,4061.6000,4062.8000,3,1,1,1,1,2,1,1,2,3
SF,IF2006,2020-02-19 10:32:45.900,4058.8000,23808,0,3410819760.000,0,-,-,-,-,4058.6000,4058.4000,4058.2000,4056.0000,4055.8000,4059.4000,4059.6000,4060.0000,4061.6000,4062.8000,1,3,1,1,1,2,1,1,2,3
SF,IF2006,2020-02-19 10:32:46.400,4058.8000,23808,0,3410819760.000,0,-,-,-,-,4058.4000,4058.2000,4056.0000,4055.8000,4055.4000,4059.4000,4059.6000,4060.0000,4061.6000,4062.8000,3,1,1,1,1,2,1,1,2,3
SF,IF2006,2020-02-19 10:32:46.900,4058.8000,23808,0,3410819760.000,0,-,-,-,-,4058.6000,4058.4000,4058.2000,4056.0000,4055.8000,4059.6000,4060.0000,4061.6000,4062.8000,4063.0000,1,3,1,1,1,1,1,2,3,2
SF,IF2006,2020-02-19 10:32:47.900,4058.8000,23808,0,3410819760.000,0,-,-,-,-,4058.4000,4058.2000,4056.0000,4055.8000,4055.4000,4059.6000,4060.0000,4061.6000,4062.8000,4063.0000,3,1,1,1,1,1,1,2,3,2
SF,IF2006,2020-02-19 10:32:48.900,4058.8000,23808,0,3410819760.000,0,-,-,-,-,4058.4000,4058.2000,4056.0000,4055.8000,4055.4000,4059.4000,4059.6000,4060.0000,4061.6000,4062.8000,3,1,1,1,1,1,1,1,2,3
SF,IF2006,2020-02-19 10:32:51.400,4058.8000,23808,0,3410819760.000,0,-,-,-,-,4058.4000,4058.2000,4056.0000,4055.8000,4055.4000,4059.2000,4059.6000,4060.0000,4061.6000,4062.8000,3,1,1,1,1,1,1,1,2,3
SF,IF2006,2020-02-19 10:32:51.900,4058.8000,23808,0,3410819760.000,0,-,-,-,-,4058.4000,4058.2000,4056.0000,4055.8000,4055.4000,4059.6000,4060.0000,4061.6000,4062.8000,4063.0000,1,1,1,1,1,1,1,2,3,2
SF,IF2006,2020-02-19 10:32:52.400,4058.8000,23808,0,3410819760.000,0,-,-,-,-,4058.2000,4056.0000,4055.8000,4055.4000,4055.0000,4059.4000,4059.6000,4060.0000,4061.6000,4062.8000,1,1,1,1,3,2,1,1,2,3
SF,IF2006,2020-02-19 10:32:52.900,4058.8000,23808,0,3410819760.000,0,-,-,-,-,4058.2000,4056.0000,4055.8000,4055.4000,4055.0000,4059.2000,4059.4000,4059.6000,4060.0000,4061.6000,1,1,1,1,3,1,1,1,1,2
SF,IF2006,2020-02-19 10:32:53.400,4058.8000,23808,0,3410819760.000,0,-,-,-,-,4058.2000,4056.0000,4055.8000,4055.4000,4055.0000,4059.4000,4059.6000,4060.0000,4061.6000,4062.8000,1,1,1,1,3,1,1,1,2,3
SF,IF2006,2020-02-19 10:32:54.400,4058.2000,23807,-1,3412037220.000,1,0,1,双平,S,4056.0000,4055.8000,4055.4000,4055.0000,4054.0000,4059.4000,4059.6000,4060.0000,4061.6000,4062.8000,1,1,1,3,1,1,1,1,2,3
SF,IF2006,2020-02-19 10:32:54.900,4058.2000,23807,0,3412037220.000,0,-,-,-,-,4057.2000,4057.0000,4056.6000,4056.4000,4056.2000,4059.2000,4059.4000,4059.6000,4060.0000,4061.6000,2,5,2,3,8,2,1,1,1,2
SF,IF2006,2020-02-19 10:32:55.400,4058.2000,23807,0,3412037220.000,0,-,-,-,-,4057.6000,4057.4000,4057.2000,4057.0000,4056.6000,4059.2000,4059.4000,4059.6000,4060.0000,4061.6000,1,4,1,5,2,2,1,1,1,2
SF,IF2006,2020-02-19 10:32:55.900,4058.2000,23807,0,3412037220.000,0,-,-,-,-,4057.8000,4057.6000,4057.4000,4057.2000,4057.0000,4059.2000,4059.4000,4059.6000,4060.0000,4061.6000,1,1,2,1,5,2,1,1,1,2
SF,IF2006,2020-02-19 10:32:56.400,4058.2000,23807,0,3412037220.000,0,-,-,-,-,4058.0000,4057.8000,4057.6000,4057.2000,4057.0000,4059.2000,4059.4000,4059.6000,4060.0000,4061.6000,3,1,1,1,5,2,1,1,1,2
SF,IF2006,2020-02-19 10:32:57.400,4058.2000,23807,0,3412037220.000,0,-,-,-,-,4058.0000,4057.8000,4057.6000,4057.2000,4057.0000,4059.0000,4059.2000,4059.4000,4059.6000,4060.0000,2,1,1,1,5,1,2,1,1,1
SF,IF2006,2020-02-19 10:32:57.900,4058.2000,23807,0,3412037220.000,0,-,-,-,-,4056.6000,4056.4000,4056.2000,4056.0000,4055.8000,4058.8000,4059.0000,4059.2000,4059.6000,4060.0000,2,3,1,2,1,1,1,2,1,1
SF,IF2006,2020-02-19 10:32:58.400,4058.2000,23807,0,3412037220.000,0,-,-,-,-,4057.0000,4056.8000,4056.4000,4056.2000,4056.0000,4058.6000,4058.8000,4059.6000,4060.0000,4061.6000,1,5,1,1,1,2,1,1,1,2
SF,IF2006,2020-02-19 10:32:58.900,4058.2000,23807,0,3412037220.000,0,-,-,-,-,4056.8000,4056.4000,4056.2000,4056.0000,4055.8000,4058.4000,4058.6000,4059.6000,4060.0000,4061.6000,4,1,1,1,1,2,2,1,1,2
SF,IF2006,2020-02-19 10:32:59.400,4058.2000,23807,0,3412037220.000,0,-,-,-,-,4056.8000,4056.2000,4056.0000,4055.8000,4055.4000,4058.2000,4058.4000,4059.0000,4059.6000,4060.0000,4,1,1,1,1,2,2,1,1,1
SF,IF2006,2020-02-19 10:32:59.900,4058.2000,23807,0,3412037220.000,0,-,-,-,-,4056.8000,4056.0000,4055.8000,4055.4000,4055.0000,4058.2000,4058.4000,4059.0000,4059.6000,4060.0000,3,1,1,1,3,2,2,1,1,1
SF,IF2006,2020-02-19 10:33:00.400,4058.2000,23807,0,3412037220.000,0,-,-,-,-,4057.0000,4056.8000,4056.0000,4055.8000,4055.4000,4058.2000,4058.4000,4059.0000,4059.6000,4060.0000,1,3,1,1,1,2,2,1,1,1
SF,IF2006,2020-02-19 10:33:00.900,4058.2000,23807,0,3412037220.000,0,-,-,-,-,4057.0000,4056.8000,4056.0000,4055.8000,4055.4000,4058.0000,4058.2000,4058.4000,4059.0000,4059.6000,1,3,1,1,1,1,2,1,1,1
SF,IF2006,2020-02-19 10:33:01.400,4058.2000,23807,0,3412037220.000,0,-,-,-,-,4056.8000,4056.0000,4055.8000,4055.4000,4055.0000,4057.8000,4058.2000,4059.0000,4059.6000,4060.0000,2,1,1,1,3,1,2,1,1,1
SF,IF2006,2020-02-19 10:33:01.900,4058.2000,23807,0,3412037220.000,0,-,-,-,-,4056.0000,4055.8000,4055.4000,4055.0000,4054.0000,4057.6000,4058.2000,4059.0000,4059.6000,4060.0000,1,1,1,3,1,2,2,1,1,1
SF,IF2006,2020-02-19 10:33:02.400,4058.2000,23807,0,3412037220.000,0,-,-,-,-,4056.2000,4056.0000,4055.8000,4055.4000,4055.0000,4057.4000,4057.6000,4058.2000,4059.0000,4059.6000,3,1,1,1,3,1,1,2,1,1
SF,IF2006,2020-02-19 10:33:02.900,4058.2000,23808,1,3413254680.000,1,1,0,双开,S,4056.2000,4056.0000,4055.8000,4055.4000,4055.0000,4057.6000,4058.2000,4059.0000,4059.6000,4060.0000,2,1,1,1,3,1,2,1,1,1
SF,IF2006,2020-02-19 10:33:03.400,4058.2000,23808,0,3413254680.000,0,-,-,-,-,4056.4000,4056.2000,4056.0000,4055.8000,4055.4000,4057.6000,4058.2000,4059.0000,4059.6000,4060.0000,1,2,1,1,1,1,2,1,1,1
SF,IF2006,2020-02-19 10:33:03.900,4058.2000,23808,0,3413254680.000,0,-,-,-,-,4056.2000,4056.0000,4055.8000,4055.4000,4055.0000,4057.6000,4058.2000,4059.0000,4059.6000,4060.0000,2,1,1,1,3,1,2,1,1,1
SF,IF2006,2020-02-19 10:33:04.400,4058.2000,23808,0,3413254680.000,0,-,-,-,-,4056.2000,4056.0000,4055.8000,4055.4000,4055.0000,4057.4000,4057.6000,4059.0000,4059.6000,4060.0000,2,1,1,1,3,2,1,1,1,1
SF,IF2006,2020-02-19 10:33:05.400,4058.2000,23808,0,3413254680.000,0,-,-,-,-,4056.2000,4056.0000,4055.8000,4055.4000,4055.0000,4057.2000,4057.4000,4059.0000,4059.6000,4060.0000,2,1,1,1,3,1,2,1,1,1
SF,IF2006,2020-02-19 10:33:05.900,4058.2000,23808,0,3413254680.000,0,-,-,-,-,4056.2000,4056.0000,4055.8000,4055.4000,4055.0000,4057.2000,4057.4000,4059.0000,4059.6000,4060.0000,2,1,1,1,3,1,2,1,1,1
SF,IF2006,2020-02-19 10:33:06.400,4058.2000,23808,0,3413254680.000,0,-,-,-,-,4056.2000,4056.0000,4055.8000,4055.4000,4055.0000,4057.4000,4059.0000,4059.6000,4060.0000,4061.6000,2,1,1,1,3,2,1,1,1,2
SF,IF2006,2020-02-19 10:33:06.900,4056.2000,23809,1,3415689240.000,2,1,1,空开,S,4056.2000,4056.0000,4055.8000,4055.4000,4055.0000,4059.6000,4060.0000,4061.6000,4062.8000,4063.0000,1,1,1,1,3,1,1,2,3,2
SF,IF2006,2020-02-19 10:33:07.400,4056.2000,23809,0,3415689240.000,0,-,-,-,-,4056.2000,4056.0000,4055.8000,4055.4000,4055.0000,4058.4000,4058.6000,4058.8000,4059.0000,4059.4000,1,1,1,1,3,1,1,1,1,4
SF,IF2006,2020-02-19 10:33:07.900,4056.2000,23809,0,3415689240.000,0,-,-,-,-,4056.4000,4056.2000,4056.0000,4055.8000,4055.4000,4058.2000,4058.4000,4058.8000,4059.4000,4059.6000,1,1,1,1,1,4,1,1,1,2
SF,IF2006,2020-02-19 10:33:08.400,4056.2000,23810,1,3416906100.000,1,1,0,双开,S,4056.8000,4056.6000,4056.0000,4055.8000,4055.4000,4058.0000,4058.2000,4058.4000,4059.4000,4059.6000,2,2,1,1,1,1,3,1,1,2
SF,IF2006,2020-02-19 10:33:08.900,4056.2000,23810,0,3416906100.000,0,-,-,-,-,4056.6000,4056.0000,4055.8000,4055.4000,4055.0000,4058.0000,4058.2000,4058.4000,4059.4000,4059.6000,2,1,1,1,3,1,3,1,1,2
SF,IF2006,2020-02-19 10:33:09.400,4056.2000,23810,0,3416906100.000,0,-,-,-,-,4056.6000,4056.0000,4055.8000,4055.4000,4055.0000,4057.8000,4058.0000,4058.2000,4058.4000,4059.4000,2,1,1,1,3,1,1,2,1,1
SF,IF2006,2020-02-19 10:33:09.900,4056.2000,23810,0,3416906100.000,0,-,-,-,-,4056.8000,4056.6000,4056.0000,4055.8000,4055.4000,4058.2000,4059.4000,4059.6000,4060.0000,4061.6000,1,2,1,1,1,2,1,2,1,2
SF,IF2006,2020-02-19 10:33:10.400,4056.2000,23810,0,3416906100.000,0,-,-,-,-,4057.0000,4056.0000,4055.8000,4055.4000,4055.0000,4058.2000,4059.6000,4060.0000,4061.6000,4063.0000,2,1,1,1,3,2,1,1,2,2
SF,IF2006,2020-02-19 10:33:10.900,4056.2000,23810,0,3416906100.000,0,-,-,-,-,4057.0000,4056.0000,4055.8000,4055.4000,4055.0000,4058.2000,4059.2000,4059.6000,4060.0000,4061.6000,2,1,1,1,3,2,6,1,1,2
SF,IF2006,2020-02-19 10:33:11.900,4056.8000,23810,0,3418123140.000,1,0,1,多换,S,4057.0000,4056.0000,4055.8000,4055.4000,4055.0000,4058.2000,4059.2000,4059.6000,4060.0000,4061.6000,1,1,1,1,3,2,6,1,1,2
SF,IF2006,2020-02-19 10:33:12.900,4057.0000,23810,0,3419340240.000,1,0,1,多换,S,4056.0000,4055.8000,4055.4000,4055.0000,4054.0000,4058.0000,4058.2000,4059.2000,4059.6000,4060.0000,1,1,1,3,1,1,2,6,1,1
SF,IF2006,2020-02-19 10:33:13.400,4057.0000,23810,0,3419340240.000,0,-,-,-,-,4056.2000,4056.0000,4055.8000,4055.4000,4055.0000,4057.8000,4059.2000,4059.6000,4060.0000,4061.6000,1,1,1,1,3,2,6,1,1,2
SF,IF2006,2020-02-19 10:33:13.900,4057.0000,23810,0,3419340240.000,0,-,-,-,-,4056.0000,4055.8000,4055.4000,4055.0000,4054.8000,4057.6000,4057.8000,4059.2000,4059.6000,4060.0000,1,1,1,3,1,2,2,6,1,1
SF,IF2006,2020-02-19 10:33:14.400,4057.0000,23810,0,3419340240.000,0,-,-,-,-,4056.0000,4055.8000,4055.4000,4055.0000,4054.0000,4057.2000,4057.4000,4057.6000,4059.2000,4059.6000,1,1,1,3,1,1,4,1,6,1
SF,IF2006,2020-02-19 10:33:14.900,4057.0000,23810,0,3420557340.000,1,0,1,多换,S,4056.0000,4055.8000,4055.4000,4055.0000,4054.0000,4057.0000,4057.2000,4057.4000,4059.2000,4059.6000,1,1,1,3,1,2,1,1,6,1
SF,IF2006,2020-02-19 10:33:16.400,4057.0000,23810,0,3420557340.000,0,-,-,-,-,4056.0000,4055.8000,4055.4000,4055.0000,4054.0000,4057.0000,4057.2000,4057.4000,4058.0000,4059.2000,1,1,1,3,1,2,1,1,1,6
SF,IF2006,2020-02-19 10:33:16.900,4057.0000,23810,0,3420557340.000,0,-,-,-,-,4056.0000,4055.8000,4055.4000,4055.0000,4054.0000,4057.0000,4057.2000,4057.4000,4058.0000,4059.2000,1,1,1,3,1,1,1,1,1,6
SF,IF2006,2020-02-19 10:33:17.400,4057.0000,23810,0,3420557340.000,0,-,-,-,-,4056.0000,4055.8000,4055.4000,4055.0000,4054.0000,4057.2000,4057.4000,4058.0000,4059.2000,4059.6000,1,1,1,3,1,1,1,1,6,1
SF,IF2006,2020-02-19 10:33:17.900,4057.0000,23810,0,3420557340.000,0,-,-,-,-,4056.2000,4056.0000,4055.8000,4055.4000,4055.0000,4058.0000,4059.2000,4059.6000,4060.0000,4061.6000,1,1,1,1,3,1,6,1,1,2
SF,IF2006,2020-02-19 10:33:18.400,4057.0000,23810,0,3420557340.000,0,-,-,-,-,4056.4000,4056.0000,4055.8000,4055.4000,4055.0000,4057.8000,4058.0000,4059.2000,4059.6000,4060.0000,1,1,1,1,3,2,1,6,1,1
SF,IF2006,2020-02-19 10:33:18.900,4057.0000,23810,0,3420557340.000,0,-,-,-,-,4056.4000,4056.0000,4055.8000,4055.4000,4055.0000,4057.8000,4058.0000,4059.2000,4059.6000,4060.4000,1,1,1,1,3,2,1,6,1,1
SF,IF2006,2020-02-19 10:33:19.400,4057.0000,23810,0,3420557340.000,0,-,-,-,-,4056.0000,4055.8000,4055.4000,4055.0000,4054.0000,4057.4000,4057.6000,4057.8000,4058.0000,4059.0000,1,1,1,3,1,1,4,2,1,1
SF,IF2006,2020-02-19 10:33:19.900,4057.0000,23810,0,3420557340.000,0,-,-,-,-,4056.0000,4055.8000,4055.4000,4055.0000,4054.0000,4057.2000,4057.4000,4057.6000,4058.0000,4059.0000,1,1,1,3,1,2,1,3,1,1
SF,IF2006,2020-02-19 10:33:20.400,4057.0000,23810,0,3420557340.000,0,-,-,-,-,4056.0000,4055.8000,4055.4000,4055.0000,4054.0000,4057.0000,4057.2000,4057.6000,4058.0000,4059.0000,1,1,1,3,1,1,2,3,1,1
SF,IF2006,2020-02-19 10:33:20.900,4056.0000,23810,0,3421774140.000,1,0,1,多换,S,4055.8000,4055.4000,4055.0000,4054.0000,4053.4000,4057.0000,4057.2000,4057.6000,4058.0000,4059.0000,1,1,3,1,1,1,2,2,1,1
SF,IF2006,2020-02-19 10:33:21.400,4056.0000,23810,0,3421774140.000,0,-,-,-,-,4055.8000,4055.4000,4055.0000,4054.0000,4053.4000,4056.4000,4056.8000,4057.6000,4058.0000,4059.0000,1,1,3,1,1,1,3,2,1,1
SF,IF2006,2020-02-19 10:33:22.900,4056.0000,23810,0,3421774140.000,0,-,-,-,-,4055.8000,4055.4000,4055.0000,4054.0000,4053.4000,4056.0000,4056.4000,4056.8000,4057.6000,4058.0000,1,1,3,1,1,1,1,3,2,1
SF,IF2006,2020-02-19 10:33:23.400,4056.0000,23810,0,3421774140.000,0,-,-,-,-,4055.8000,4055.4000,4055.0000,4054.0000,4053.4000,4056.0000,4056.4000,4056.8000,4057.6000,4058.0000,1,1,3,1,1,1,1,2,2,1
SF,IF2006,2020-02-19 10:33:23.900,4055.8000,23809,-1,3422990880.000,1,0,1,双平,S,4055.4000,4055.0000,4054.0000,4053.4000,4053.0000,4056.0000,4056.4000,4056.8000,4057.6000,4058.0000,1,3,1,1,1,1,1,2,2,1
SF,IF2006,2020-02-19 10:33:25.900,4055.8000,23809,0,3422990880.000,0,-,-,-,-,4055.4000,4055.0000,4054.0000,4053.4000,4053.0000,4056.0000,4056.4000,4056.8000,4057.6000,4058.0000,1,3,1,1,1,2,1,2,2,1
SF,IF2006,2020-02-19 10:33:30.400,4055.8000,23809,0,3422990880.000,0,-,-,-,-,4055.4000,4055.0000,4054.0000,4053.4000,4053.0000,4056.0000,4056.8000,4057.6000,4058.0000,4059.0000,1,3,1,1,1,2,2,2,1,1
SF,IF2006,2020-02-19 10:33:30.900,4055.8000,23809,0,3422990880.000,0,-,-,-,-,4055.4000,4055.0000,4054.0000,4053.4000,4053.0000,4056.0000,4056.8000,4057.6000,4058.0000,4059.0000,1,3,1,1,1,2,2,2,1,1
SF,IF2006,2020-02-19 10:33:31.400,4055.8000,23809,0,3422990880.000,0,-,-,-,-,4055.4000,4055.2000,4055.0000,4054.0000,4053.4000,4056.0000,4056.8000,4057.6000,4058.0000,4059.0000,1,1,3,1,1,2,2,2,1,1
SF,IF2006,2020-02-19 10:33:33.400,4055.4000,23810,1,3424207500.000,1,1,0,双开,S,4055.2000,4055.0000,4054.0000,4053.4000,4053.0000,4056.0000,4056.8000,4057.6000,4058.0000,4059.0000,1,3,1,1,1,2,2,2,1,1
SF,IF2006,2020-02-19 10:33:35.900,4055.2000,23811,1,3425424060.000,1,1,0,双开,S,4055.0000,4054.0000,4053.4000,4053.0000,4051.8000,4056.0000,4056.8000,4057.6000,4058.0000,4059.0000,3,1,1,1,1,2,2,2,1,1
SF,IF2006,2020-02-19 10:33:36.400,4055.0000,23812,1,3427857060.000,2,1,1,空开,S,4055.0000,4054.0000,4053.4000,4053.0000,4051.8000,4056.0000,4056.8000,4057.6000,4058.0000,4059.0000,1,1,1,1,1,2,2,2,1,1
SF,IF2006,2020-02-19 10:33:36.900,4055.0000,23812,0,3427857060.000,0,-,-,-,-,4055.0000,4054.0000,4053.4000,4053.0000,4051.8000,4055.8000,4056.0000,4057.6000,4058.0000,4059.0000,1,1,1,1,1,2,2,2,1,1
SF,IF2006,2020-02-19 10:33:39.900,4055.0000,23813,1,3429073560.000,1,1,0,双开,S,4054.0000,4053.4000,4053.0000,4051.8000,4051.2000,4055.8000,4056.0000,4057.6000,4058.0000,4059.0000,1,1,1,1,1,2,2,2,1,1
SF,IF2006,2020-02-19 10:33:40.400,4055.0000,23813,0,3429073560.000,0,-,-,-,-,4054.2000,4054.0000,4053.4000,4053.0000,4051.8000,4055.8000,4056.0000,4057.6000,4058.0000,4059.0000,2,1,1,1,1,2,2,2,1,1
SF,IF2006,2020-02-19 10:33:40.900,4054.2000,23813,0,3430289820.000,1,0,1,多换,S,4054.2000,4054.0000,4053.4000,4053.0000,4051.8000,4055.6000,4055.8000,4056.0000,4057.6000,4058.0000,1,1,1,1,1,2,2,2,2,1
SF,IF2006,2020-02-19 10:33:41.400,4054.2000,23813,0,3430289820.000,0,-,-,-,-,4054.2000,4054.0000,4053.4000,4053.0000,4051.8000,4055.4000,4055.6000,4056.0000,4057.6000,4058.0000,1,1,1,1,1,2,1,2,2,1
SF,IF2006,2020-02-19 10:33:41.900,4054.2000,23813,0,3430289820.000,0,-,-,-,-,4054.4000,4054.2000,4054.0000,4053.4000,4053.0000,4055.4000,4055.6000,4056.0000,4057.6000,4058.0000,1,1,1,1,1,2,1,2,2,1
SF,IF2006,2020-02-19 10:33:42.900,4054.2000,23813,0,3430289820.000,0,-,-,-,-,4054.4000,4054.2000,4054.0000,4053.4000,4053.0000,4055.2000,4055.4000,4056.0000,4057.6000,4058.0000,1,1,1,1,1,1,2,2,2,1
SF,IF2006,2020-02-19 10:33:43.400,4054.2000,23813,0,3430289820.000,0,-,-,-,-,4054.2000,4054.0000,4053.4000,4053.0000,4051.8000,4055.2000,4055.4000,4056.0000,4057.6000,4058.0000,1,1,1,1,1,1,2,2,2,1
SF,IF2006,2020-02-19 10:33:44.400,4054.2000,23813,0,3430289820.000,0,-,-,-,-,4054.2000,4054.0000,4053.4000,4053.0000,4051.8000,4055.2000,4055.4000,4056.0000,4057.6000,4058.0000,1,1,1,1,1,1,2,2,2,1
SF,IF2006,2020-02-19 10:33:44.900,4054.2000,23813,0,3430289820.000,0,-,-,-,-,4054.0000,4053.4000,4053.0000,4051.8000,4051.2000,4055.2000,4055.4000,4056.0000,4057.6000,4058.0000,1,1,1,1,1,1,2,2,2,1
SF,IF2006,2020-02-19 10:33:45.900,4054.2000,23813,0,3430289820.000,0,-,-,-,-,4054.0000,4053.4000,4053.0000,4051.8000,4051.2000,4055.2000,4055.4000,4056.0000,4057.2000,4057.6000,1,1,1,1,1,1,2,2,1,2
SF,IF2006,2020-02-19 10:33:46.400,4054.2000,23813,0,3430289820.000,0,-,-,-,-,4054.0000,4053.4000,4053.0000,4051.8000,4051.2000,4055.0000,4055.2000,4056.0000,4057.2000,4057.6000,1,1,1,1,1,2,1,2,1,2
SF,IF2006,2020-02-19 10:33:46.900,4054.0000,23812,-1,3431506020.000,1,0,1,双平,S,4053.4000,4053.0000,4051.8000,4051.2000,4050.0000,4055.0000,4055.2000,4056.0000,4057.2000,4057.6000,1,1,1,1,3,2,1,2,1,2
SF,IF2006,2020-02-19 10:33:47.400,4054.0000,23812,0,3431506020.000,0,-,-,-,-,4053.4000,4053.0000,4051.8000,4051.2000,4050.0000,4054.8000,4055.0000,4056.0000,4057.2000,4057.6000,1,1,1,1,3,1,2,2,1,2
SF,IF2006,2020-02-19 10:33:47.900,4054.0000,23812,0,3431506020.000,0,-,-,-,-,4053.4000,4053.0000,4051.8000,4051.2000,4050.0000,4054.6000,4054.8000,4056.0000,4057.2000,4057.6000,1,1,1,1,3,2,1,2,1,2
SF,IF2006,2020-02-19 10:33:48.400,4054.0000,23812,0,3431506020.000,0,-,-,-,-,4053.4000,4053.0000,4051.8000,4051.2000,4050.0000,4054.4000,4054.6000,4056.0000,4057.2000,4057.6000,1,1,1,1,3,2,2,2,1,2
SF,IF2006,2020-02-19 10:33:48.900,4054.0000,23812,0,3431506020.000,0,-,-,-,-,4053.4000,4053.0000,4051.8000,4051.2000,4050.0000,4054.4000,4054.6000,4056.0000,4057.2000,4057.6000,1,1,1,1,3,1,2,2,1,2
SF,IF2006,2020-02-19 10:33:49.400,4054.0000,23812,0,3431506020.000,0,-,-,-,-,4053.4000,4053.0000,4051.8000,4051.2000,4050.0000,4054.6000,4056.0000,4057.2000,4057.6000,4058.0000,1,1,1,1,3,2,2,1,2,1
SF,IF2006,2020-02-19 10:33:50.400,4054.0000,23812,0,3431506020.000,0,-,-,-,-,4053.4000,4053.0000,4051.8000,4051.2000,4050.0000,4054.4000,4054.6000,4056.0000,4057.2000,4057.6000,1,1,1,1,3,2,2,1,1,2
SF,IF2006,2020-02-19 10:33:50.900,4054.4000,23812,0,3432722340.000,1,0,1,多换,S,4053.4000,4053.0000,4051.8000,4051.2000,4050.0000,4054.4000,4054.6000,4056.0000,4057.2000,4057.6000,1,1,1,1,3,1,2,1,1,2
SF,IF2006,2020-02-19 10:33:51.400,4054.4000,23812,0,3432722340.000,0,-,-,-,-,4053.6000,4053.4000,4053.0000,4051.8000,4051.2000,4054.4000,4054.6000,4056.0000,4057.2000,4057.6000,1,1,1,1,1,1,2,1,1,2
SF,IF2006,2020-02-19 10:33:51.900,4054.4000,23812,0,3432722340.000,0,-,-,-,-,4053.4000,4053.0000,4051.8000,4051.2000,4050.0000,4054.4000,4054.6000,4056.0000,4057.2000,4057.6000,1,1,1,1,3,1,2,1,1,2
SF,IF2006,2020-02-19 10:33:52.400,4054.4000,23812,0,3432722340.000,0,-,-,-,-,4053.6000,4053.4000,4053.0000,4051.8000,4051.2000,4054.4000,4054.6000,4056.0000,4057.2000,4057.6000,1,1,1,1,1,1,2,1,1,2
SF,IF2006,2020-02-19 10:33:52.900,4054.4000,23812,0,3432722340.000,0,-,-,-,-,4053.4000,4053.0000,4051.8000,4051.2000,4050.0000,4054.4000,4054.6000,4056.0000,4057.2000,4057.6000,1,1,1,1,3,1,2,1,1,2
SF,IF2006,2020-02-19 10:33:53.400,4054.4000,23812,0,3432722340.000,0,-,-,-,-,4053.6000,4053.4000,4053.0000,4051.8000,4051.2000,4054.6000,4056.0000,4057.2000,4057.6000,4058.0000,1,1,1,1,1,2,1,1,2,1
SF,IF2006,2020-02-19 10:33:53.900,4054.4000,23812,0,3432722340.000,0,-,-,-,-,4053.8000,4053.4000,4053.0000,4051.8000,4051.2000,4056.0000,4057.2000,4057.6000,4058.0000,4058.8000,2,1,1,1,1,1,1,2,1,1
SF,IF2006,2020-02-19 10:33:54.400,4054.4000,23812,0,3432722340.000,0,-,-,-,-,4054.0000,4053.4000,4053.0000,4051.8000,4051.2000,4055.4000,4055.8000,4056.0000,4057.2000,4057.6000,1,1,1,1,1,1,6,1,1,1
SF,IF2006,2020-02-19 10:33:54.900,4054.4000,23812,0,3432722340.000,0,-,-,-,-,4054.0000,4053.4000,4053.0000,4051.8000,4051.2000,4055.2000,4055.4000,4055.8000,4056.0000,4057.2000,1,1,1,1,1,2,1,4,1,1
SF,IF2006,2020-02-19 10:33:55.400,4054.4000,23812,0,3432722340.000,0,-,-,-,-,4054.2000,4054.0000,4053.4000,4053.0000,4051.8000,4055.2000,4055.4000,4055.8000,4056.0000,4057.2000,2,1,1,1,1,2,1,4,1,1
SF,IF2006,2020-02-19 10:33:55.900,4054.4000,23812,0,3432722340.000,0,-,-,-,-,4054.2000,4054.0000,4053.4000,4053.0000,4051.8000,4055.2000,4055.4000,4055.8000,4056.0000,4057.2000,2,1,1,1,1,2,1,4,1,1
SF,IF2006,2020-02-19 10:33:57.900,4054.4000,23812,0,3432722340.000,0,-,-,-,-,4054.0000,4053.4000,4053.0000,4051.8000,4051.2000,4055.0000,4055.2000,4055.8000,4056.0000,4057.2000,1,1,1,1,1,1,2,4,1,1
SF,IF2006,2020-02-19 10:33:58.400,4054.4000,23812,0,3432722340.000,0,-,-,-,-,4053.4000,4053.0000,4051.8000,4051.2000,4050.0000,4055.0000,4055.2000,4055.8000,4056.0000,4057.2000,1,1,1,1,3,1,2,4,1,1
SF,IF2006,2020-02-19 10:33:58.900,4054.4000,23812,0,3432722340.000,0,-,-,-,-,4053.6000,4053.4000,4053.0000,4051.8000,4051.2000,4054.8000,4055.0000,4055.8000,4056.0000,4057.2000,2,1,1,1,1,2,1,4,1,1
SF,IF2006,2020-02-19 10:33:59.400,4054.4000,23812,0,3432722340.000,0,-,-,-,-,4053.6000,4053.4000,4053.0000,4051.8000,4051.2000,4054.8000,4055.0000,4055.8000,4056.0000,4057.2000,1,2,1,1,1,2,1,4,1,1
SF,IF2006,2020-02-19 10:33:59.900,4054.4000,23812,0,3432722340.000,0,-,-,-,-,4053.8000,4053.6000,4053.4000,4053.0000,4051.8000,4054.8000,4055.0000,4055.8000,4056.0000,4057.2000,1,1,2,1,1,2,1,4,1,1
SF,IF2006,2020-02-19 10:34:00.400,4054.4000,23812,0,3432722340.000,0,-,-,-,-,4053.6000,4053.4000,4053.0000,4051.8000,4051.2000,4054.6000,4054.8000,4055.8000,4056.0000,4057.2000,1,2,1,1,1,1,2,4,1,1
SF,IF2006,2020-02-19 10:34:00.900,4054.4000,23812,0,3432722340.000,0,-,-,-,-,4053.4000,4053.0000,4051.8000,4051.2000,4050.0000,4054.6000,4054.8000,4055.8000,4056.0000,4057.2000,2,1,1,1,3,1,2,4,1,1
SF,IF2006,2020-02-19 10:34:01.400,4054.4000,23812,0,3432722340.000,0,-,-,-,-,4053.6000,4053.4000,4053.0000,4051.8000,4051.2000,4054.4000,4054.6000,4055.0000,4055.8000,4056.0000,2,2,1,1,1,2,1,1,4,1
SF,IF2006,2020-02-19 10:34:01.900,4054.4000,23812,0,3432722340.000,0,-,-,-,-,4053.6000,4053.4000,4053.0000,4051.8000,4051.2000,4054.4000,4054.6000,4055.0000,4055.8000,4056.0000,1,2,1,1,1,2,1,1,4,1
SF,IF2006,2020-02-19 10:34:02.400,4053.6000,23813,1,3433938420.000,1,1,0,双开,S,4053.4000,4053.0000,4051.8000,4051.2000,4050.0000,4054.4000,4055.0000,4055.8000,4056.0000,4057.2000,2,1,1,1,3,2,1,4,1,1
SF,IF2006,2020-02-19 10:34:02.900,4053.6000,23813,0,3433938420.000,0,-,-,-,-,4053.6000,4053.4000,4053.0000,4051.8000,4051.2000,4055.0000,4055.8000,4056.0000,4057.2000,4057.6000,2,2,1,1,1,1,4,1,1,1
SF,IF2006,2020-02-19 10:34:03.400,4053.6000,23813,0,3433938420.000,0,-,-,-,-,4053.6000,4053.4000,4053.0000,4051.8000,4051.2000,4054.8000,4055.0000,4055.8000,4056.0000,4057.2000,2,2,1,1,1,2,1,4,1,1
SF,IF2006,2020-02-19 10:34:03.900,4053.6000,23813,0,3433938420.000,0,-,-,-,-,4053.8000,4053.4000,4053.0000,4051.8000,4051.2000,4054.8000,4055.0000,4055.8000,4056.0000,4057.2000,3,2,1,1,1,2,1,4,1,1
SF,IF2006,2020-02-19 10:34:04.400,4053.6000,23813,0,3433938420.000,0,-,-,-,-,4054.0000,4053.8000,4053.4000,4053.0000,4051.8000,4054.8000,4055.0000,4055.8000,4056.0000,4057.2000,2,1,2,1,1,2,1,4,1,1
SF,IF2006,2020-02-19 10:34:04.900,4053.6000,23813,0,3433938420.000,0,-,-,-,-,4053.8000,4053.4000,4053.0000,4051.8000,4051.2000,4054.8000,4055.0000,4055.8000,4056.0000,4057.2000,1,2,1,1,1,2,1,4,1,1
SF,IF2006,2020-02-19 10:34:05.400,4053.6000,23813,0,3433938420.000,0,-,-,-,-,4054.0000,4053.8000,4053.4000,4053.0000,4051.8000,4054.8000,4055.0000,4055.8000,4056.0000,4057.2000,1,1,2,1,1,2,1,4,1,1
SF,IF2006,2020-02-19 10:34:06.400,4054.8000,23813,0,3435154860.000,1,0,1,多换,S,4053.8000,4053.4000,4053.0000,4051.8000,4051.2000,4054.8000,4055.0000,4055.8000,4056.0000,4057.2000,1,2,1,1,1,1,1,4,1,1
SF,IF2006,2020-02-19 10:34:06.900,4054.8000,23813,0,3435154860.000,0,-,-,-,-,4054.0000,4053.8000,4053.4000,4053.0000,4051.8000,4054.8000,4055.0000,4055.8000,4057.2000,4057.6000,1,1,2,1,1,1,1,4,1,1
SF,IF2006,2020-02-19 10:34:07.400,4054.0000,23813,0,3436371060.000,1,0,1,多换,S,4053.8000,4053.4000,4053.0000,4051.8000,4051.2000,4054.8000,4055.0000,4055.8000,4057.2000,4057.6000,1,2,1,1,1,1,1,2,1,1
SF,IF2006,2020-02-19 10:34:07.900,4054.0000,23813,0,3436371060.000,0,-,-,-,-,4054.0000,4053.8000,4053.4000,4053.0000,4051.8000,4054.8000,4055.0000,4055.8000,4057.2000,4057.6000,1,1,2,1,1,1,1,2,1,1
SF,IF2006,2020-02-19 10:34:09.400,4054.0000,23813,0,3436371060.000,0,-,-,-,-,4054.0000,4053.8000,4053.4000,4053.0000,4051.8000,4054.8000,4055.0000,4055.8000,4057.2000,4057.6000,1,1,2,1,1,1,1,1,1,1
SF,IF2006,2020-02-19 10:34:10.400,4054.8000,23812,-1,3437587500.000,1,0,1,双平,S,4054.0000,4053.8000,4053.4000,4053.0000,4051.8000,4055.0000,4055.8000,4057.2000,4057.6000,4058.0000,1,1,2,1,1,1,1,1,1,1
SF,IF2006,2020-02-19 10:34:10.900,4055.0000,23811,-1,3438804000.000,1,0,1,双平,S,4054.2000,4054.0000,4053.8000,4053.4000,4053.0000,4055.8000,4057.2000,4057.6000,4058.0000,4058.8000,1,1,1,2,1,1,1,1,1,1
SF,IF2006,2020-02-19 10:34:11.400,4055.0000,23811,0,3438804000.000,0,-,-,-,-,4054.4000,4054.0000,4053.4000,4053.0000,4051.8000,4055.6000,4057.2000,4057.6000,4058.0000,4058.8000,2,1,2,1,1,3,1,1,1,1
SF,IF2006,2020-02-19 10:34:12.900,4055.0000,23811,0,3438804000.000,0,-,-,-,-,4054.4000,4054.0000,4053.6000,4053.4000,4053.0000,4055.6000,4057.2000,4057.6000,4058.0000,4058.8000,2,1,1,2,1,3,1,1,1,1
SF,IF2006,2020-02-19 10:34:14.400,4055.0000,23811,0,3438804000.000,0,-,-,-,-,4054.6000,4054.4000,4054.0000,4053.6000,4053.4000,4055.6000,4057.2000,4057.6000,4058.0000,4058.8000,1,2,1,1,2,3,1,1,1,1
SF,IF2006,2020-02-19 10:34:14.900,4055.0000,23811,0,3438804000.000,0,-,-,-,-,4054.8000,4054.6000,4054.0000,4053.6000,4053.4000,4055.6000,4057.2000,4057.6000,4058.0000,4058.8000,2,1,1,1,2,1,1,1,1,1
SF,IF2006,2020-02-19 10:34:15.400,4055.0000,23811,0,3438804000.000,0,-,-,-,-,4054.8000,4054.6000,4054.0000,4053.6000,4053.4000,4057.2000,4057.6000,4058.0000,4058.8000,4059.0000,2,1,1,1,2,1,1,1,1,1
SF,IF2006,2020-02-19 10:34:15.900,4055.0000,23811,0,3438804000.000,0,-,-,-,-,4055.0000,4054.8000,4053.6000,4053.4000,4053.0000,4056.6000,4057.0000,4057.2000,4057.6000,4058.8000,1,2,1,2,1,2,9,1,1,1
SF,IF2006,2020-02-19 10:34:16.400,4055.0000,23811,0,3438804000.000,0,-,-,-,-,4055.2000,4055.0000,4053.6000,4053.4000,4053.0000,4056.4000,4056.6000,4057.0000,4057.2000,4057.6000,2,1,1,2,1,1,2,7,1,1
SF,IF2006,2020-02-19 10:34:16.900,4055.0000,23811,0,3438804000.000,0,-,-,-,-,4055.4000,4055.2000,4055.0000,4053.6000,4053.4000,4056.6000,4057.0000,4057.2000,4057.6000,4058.8000,1,2,1,1,2,2,7,1,1,1
SF,IF2006,2020-02-19 10:34:17.400,4055.0000,23811,0,3438804000.000,0,-,-,-,-,4055.2000,4055.0000,4053.6000,4053.4000,4053.0000,4056.6000,4057.0000,4057.2000,4057.6000,4058.8000,2,1,1,2,1,2,6,1,1,1
SF,IF2006,2020-02-19 10:34:17.900,4055.0000,23811,0,3438804000.000,0,-,-,-,-,4055.2000,4055.0000,4053.6000,4053.4000,4053.0000,4056.4000,4056.6000,4057.0000,4057.2000,4057.6000,2,1,1,2,1,2,2,1,1,1
SF,IF2006,2020-02-19 10:34:18.400,4055.0000,23811,0,3438804000.000,0,-,-,-,-,4055.6000,4055.4000,4055.2000,4053.6000,4053.4000,4056.6000,4057.2000,4057.6000,4058.8000,4059.0000,1,3,2,1,2,1,1,1,1,1
SF,IF2006,2020-02-19 10:34:18.900,4055.0000,23811,0,3438804000.000,0,-,-,-,-,4055.6000,4055.4000,4055.2000,4053.6000,4053.4000,4057.2000,4058.8000,4059.0000,4059.2000,4059.6000,1,3,2,1,2,1,1,1,6,1
SF,IF2006,2020-02-19 10:34:19.400,4055.0000,23811,0,3438804000.000,0,-,-,-,-,4055.8000,4055.6000,4055.4000,4053.6000,4053.4000,4057.0000,4057.2000,4058.8000,4059.0000,4059.2000,2,1,1,1,2,3,1,1,1,6
SF,IF2006,2020-02-19 10:34:20.900,4055.0000,23811,0,3438804000.000,0,-,-,-,-,4056.0000,4055.8000,4055.6000,4055.4000,4053.6000,4057.0000,4057.2000,4058.8000,4059.0000,4059.2000,1,2,1,1,1,3,1,1,1,6
SF,IF2006,2020-02-19 10:34:21.400,4055.0000,23811,0,3438804000.000,0,-,-,-,-,4056.0000,4055.8000,4055.6000,4055.4000,4053.6000,4057.0000,4057.2000,4058.8000,4059.0000,4059.2000,1,2,1,1,1,1,1,1,1,6
SF,IF2006,2020-02-19 10:34:21.900,4055.0000,23811,0,3438804000.000,0,-,-,-,-,4056.2000,4056.0000,4055.6000,4053.6000,4053.4000,4057.0000,4057.2000,4058.8000,4059.0000,4059.2000,2,1,1,1,2,1,1,1,1,6
SF,IF2006,2020-02-19 10:34:22.400,4055.0000,23811,0,3438804000.000,0,-,-,-,-,4056.2000,4055.6000,4053.6000,4053.4000,4053.0000,4057.0000,4057.2000,4058.8000,4059.0000,4059.2000,2,1,1,2,1,1,1,1,1,6
SF,IF2006,2020-02-19 10:34:22.900,4057.0000,23812,1,3440021100.000,1,1,0,双开,S,4056.2000,4055.6000,4053.6000,4053.4000,4053.0000,4057.2000,4058.8000,4059.0000,4059.2000,4059.6000,2,1,1,2,1,1,1,1,6,1
SF,IF2006,2020-02-19 10:34:23.400,4057.0000,23812,0,3440021100.000,0,-,-,-,-,4056.2000,4055.6000,4053.6000,4053.4000,4053.0000,4057.0000,4057.2000,4058.8000,4059.0000,4059.2000,2,1,1,2,1,1,1,1,1,6
SF,IF2006,2020-02-19 10:34:25.400,4057.0000,23812,0,3440021100.000,0,-,-,-,-,4056.2000,4053.6000,4053.4000,4053.0000,4051.8000,4057.0000,4057.2000,4058.8000,4059.0000,4059.2000,2,1,2,1,1,1,1,1,1,6
SF,IF2006,2020-02-19 10:34:30.400,4057.0000,23812,0,3441238200.000,1,0,1,多换,S,4056.2000,4053.6000,4053.4000,4053.0000,4051.8000,4057.2000,4058.8000,4059.0000,4059.2000,4059.6000,2,1,2,1,1,1,1,1,6,1
SF,IF2006,2020-02-19 10:34:30.900,4057.0000,23812,0,3441238200.000,0,-,-,-,-,4056.4000,4056.2000,4053.6000,4053.4000,4053.0000,4057.2000,4058.8000,4059.0000,4059.2000,4059.6000,4,2,1,2,1,1,1,1,6,1
SF,IF2006,2020-02-19 10:34:31.400,4057.2000,23813,1,3442455360.000,1,1,0,双开,S,4056.4000,4056.2000,4053.6000,4053.4000,4053.0000,4058.8000,4059.0000,4059.2000,4059.6000,4060.6000,2,2,1,2,1,1,1,6,1,1
SF,IF2006,2020-02-19 10:34:31.900,4057.2000,23813,0,3442455360.000,0,-,-,-,-,4056.6000,4056.4000,4053.6000,4053.4000,4053.0000,4058.2000,4058.4000,4058.6000,4058.8000,4059.0000,2,2,1,2,1,2,3,7,1,2
SF,IF2006,2020-02-19 10:34:32.400,4057.2000,23813,0,3442455360.000,0,-,-,-,-,4056.6000,4056.4000,4053.6000,4053.4000,4053.0000,4058.0000,4058.2000,4058.4000,4058.6000,4058.8000,2,2,1,2,1,3,2,3,4,1
SF,IF2006,2020-02-19 10:34:32.900,4057.2000,23813,0,3442455360.000,0,-,-,-,-,4056.6000,4056.4000,4053.6000,4053.4000,4053.0000,4058.0000,4058.2000,4058.4000,4058.6000,4059.0000,2,2,1,2,1,3,2,3,4,1
SF,IF2006,2020-02-19 10:34:33.400,4057.2000,23813,0,3442455360.000,0,-,-,-,-,4056.6000,4056.4000,4053.6000,4053.4000,4053.0000,4058.0000,4058.2000,4058.4000,4058.6000,4059.0000,2,2,1,2,1,3,2,2,4,1
SF,IF2006,2020-02-19 10:34:33.900,4057.2000,23813,0,3442455360.000,0,-,-,-,-,4057.0000,4056.6000,4056.4000,4053.6000,4053.4000,4058.0000,4058.2000,4058.4000,4058.6000,4059.0000,1,2,2,1,2,3,2,2,4,1
SF,IF2006,2020-02-19 10:34:34.400,4057.2000,23813,0,3442455360.000,0,-,-,-,-,4056.6000,4056.4000,4053.6000,4053.4000,4053.0000,4058.0000,4058.2000,4058.4000,4058.6000,4059.0000,2,2,1,2,1,3,2,2,4,1
SF,IF2006,2020-02-19 10:34:35.400,4057.2000,23813,0,3442455360.000,0,-,-,-,-,4057.0000,4056.6000,4056.4000,4053.6000,4053.4000,4058.0000,4058.2000,4058.4000,4058.6000,4059.0000,1,2,2,1,2,3,2,2,4,1
SF,IF2006,2020-02-19 10:34:36.400,4057.2000,23813,0,3442455360.000,0,-,-,-,-,4057.2000,4056.6000,4053.6000,4053.4000,4053.0000,4058.0000,4058.2000,4058.4000,4058.6000,4059.0000,5,2,1,2,1,2,1,1,4,1
SF,IF2006,2020-02-19 10:34:36.900,4057.2000,23813,0,3442455360.000,0,-,-,-,-,4057.2000,4056.6000,4053.6000,4053.4000,4053.0000,4059.0000,4059.2000,4059.6000,4060.6000,4061.6000,3,2,1,2,1,1,6,1,1,2
SF,IF2006,2020-02-19 10:34:37.400,4057.2000,23813,0,3442455360.000,0,-,-,-,-,4057.6000,4057.4000,4057.2000,4053.6000,4053.4000,4058.8000,4059.0000,4059.2000,4059.6000,4060.6000,2,2,2,1,2,3,1,6,1,1
SF,IF2006,2020-02-19 10:34:37.900,4057.2000,23813,0,3442455360.000,0,-,-,-,-,4057.8000,4057.6000,4053.6000,4053.4000,4053.0000,4059.0000,4059.2000,4059.6000,4060.6000,4061.6000,6,1,1,2,1,1,6,1,1,2
SF,IF2006,2020-02-19 10:34:38.400,4057.2000,23813,0,3442455360.000,0,-,-,-,-,4058.0000,4057.8000,4057.6000,4053.6000,4053.4000,4059.0000,4059.2000,4059.6000,4060.6000,4061.6000,2,4,1,1,2,1,6,1,1,2
SF,IF2006,2020-02-19 10:34:39.400,4057.2000,23813,0,3442455360.000,0,-,-,-,-,4058.0000,4057.8000,4053.6000,4053.4000,4053.0000,4059.0000,4059.2000,4059.6000,4060.6000,4061.6000,3,4,1,2,1,1,6,1,1,2
SF,IF2006,2020-02-19 10:34:39.900,4057.2000,23813,0,3442455360.000,0,-,-,-,-,4058.2000,4058.0000,4057.8000,4053.6000,4053.4000,4059.0000,4059.2000,4059.6000,4060.6000,4061.6000,1,1,3,1,2,1,6,1,1,2
SF,IF2006,2020-02-19 10:34:41.400,4057.2000,23813,0,3442455360.000,0,-,-,-,-,4058.0000,4057.8000,4053.6000,4053.4000,4053.0000,4059.0000,4059.2000,4059.6000,4060.6000,4061.6000,1,3,1,2,1,1,6,1,1,2
SF,IF2006,2020-02-19 10:34:43.900,4057.2000,23813,0,3442455360.000,0,-,-,-,-,4058.2000,4058.0000,4057.8000,4053.6000,4053.4000,4059.0000,4059.2000,4059.6000,4060.6000,4061.6000,1,1,3,1,2,1,6,1,1,2
SF,IF2006,2020-02-19 10:34:44.400,4057.2000,23813,0,3442455360.000,0,-,-,-,-,4058.0000,4057.8000,4053.6000,4053.4000,4053.0000,4059.0000,4059.2000,4059.6000,4060.6000,4061.6000,1,3,1,2,2,1,6,1,1,2
SF,IF2006,2020-02-19 10:34:44.900,4057.2000,23813,0,3442455360.000,0,-,-,-,-,4058.0000,4057.8000,4053.6000,4053.4000,4053.0000,4058.2000,4059.0000,4059.2000,4059.6000,4060.6000,1,3,1,2,2,1,1,6,1,1
SF,IF2006,2020-02-19 10:34:45.400,4058.2000,23812,-1,3443672820.000,1,0,1,双平,S,4058.2000,4058.0000,4057.8000,4053.6000,4053.4000,4059.0000,4059.2000,4059.6000,4060.6000,4061.6000,2,1,2,1,2,1,6,1,1,2
SF,IF2006,2020-02-19 10:34:46.400,4059.0000,23812,0,3444890520.000,1,0,1,多换,S,4058.2000,4058.0000,4057.8000,4053.6000,4053.4000,4059.2000,4059.6000,4060.6000,4061.6000,4063.0000,2,1,2,1,2,6,1,1,2,2
SF,IF2006,2020-02-19 10:34:47.400,4059.0000,23812,0,3444890520.000,0,-,-,-,-,4058.2000,4058.0000,4057.8000,4053.6000,4053.4000,4059.6000,4060.6000,4061.6000,4063.0000,4063.2000,2,1,2,1,2,1,1,2,2,1
SF,IF2006,2020-02-19 10:34:47.900,4059.0000,23812,0,3444890520.000,0,-,-,-,-,4058.2000,4058.0000,4057.8000,4053.6000,4053.4000,4059.4000,4059.6000,4060.6000,4061.6000,4063.0000,2,1,2,1,2,2,1,1,2,2
SF,IF2006,2020-02-19 10:34:48.400,4059.0000,23812,0,3444890520.000,0,-,-,-,-,4058.2000,4058.0000,4057.8000,4053.6000,4053.4000,4059.2000,4059.4000,4059.6000,4060.6000,4061.6000,2,1,2,1,2,1,2,1,1,2
SF,IF2006,2020-02-19 10:34:48.900,4059.0000,23812,0,3444890520.000,0,-,-,-,-,4058.2000,4058.0000,4057.8000,4053.6000,4053.4000,4059.2000,4059.4000,4059.6000,4060.6000,4061.6000,2,1,2,1,2,1,2,1,1,2
SF,IF2006,2020-02-19 10:34:49.400,4058.4000,23812,0,3446108040.000,1,0,1,多换,S,4058.2000,4058.0000,4057.8000,4053.6000,4053.4000,4059.2000,4059.4000,4059.6000,4060.6000,4061.6000,2,1,2,1,2,1,2,1,1,2
SF,IF2006,2020-02-19 10:34:49.900,4058.4000,23812,0,3446108040.000,0,-,-,-,-,4058.2000,4058.0000,4057.8000,4053.6000,4053.4000,4059.4000,4059.6000,4060.6000,4061.6000,4063.0000,2,1,2,1,2,2,1,1,2,2
SF,IF2006,2020-02-19 10:34:50.400,4058.4000,23812,0,3446108040.000,0,-,-,-,-,4058.4000,4058.2000,4058.0000,4053.6000,4053.4000,4059.6000,4060.6000,4061.6000,4063.0000,4063.2000,5,2,1,1,2,1,1,2,2,1
SF,IF2006,2020-02-19 10:34:50.900,4058.4000,23812,0,3446108040.000,0,-,-,-,-,4058.6000,4058.4000,4058.2000,4058.0000,4053.6000,4059.6000,4060.6000,4061.6000,4063.0000,4063.2000,1,4,2,1,1,1,1,2,2,1
SF,IF2006,2020-02-19 10:34:51.400,4058.2000,23804,-8,3458283120.000,10,1,9,多平,S,4058.0000,4053.6000,4053.4000,4053.0000,4051.8000,4058.2000,4059.6000,4060.6000,4061.6000,4063.0000,1,1,2,2,1,4,1,1,2,2
SF,IF2006,2020-02-19 10:34:51.900,4059.6000,23801,-3,3464370840.000,5,1,4,多平,S,4058.2000,4058.0000,4053.6000,4053.4000,4053.0000,4060.6000,4061.6000,4063.0000,4063.2000,4063.4000,3,1,1,2,2,1,2,2,1,2
SF,IF2006,2020-02-19 10:34:52.400,4059.6000,23801,0,3464370840.000,0,-,-,-,-,4058.6000,4058.4000,4058.2000,4058.0000,4053.6000,4060.2000,4060.4000,4060.6000,4061.6000,4063.0000,1,5,3,1,1,4,3,1,2,2
SF,IF2006,2020-02-19 10:34:52.900,4059.6000,23801,0,3464370840.000,0,-,-,-,-,4059.2000,4058.8000,4058.4000,4058.2000,4058.0000,4060.2000,4060.4000,4060.6000,4061.6000,4063.0000,1,3,2,2,1,1,3,1,2,2
SF,IF2006,2020-02-19 10:34:53.400,4059.6000,23801,0,3464370840.000,0,-,-,-,-,4059.2000,4058.8000,4058.4000,4058.2000,4058.0000,4060.0000,4060.2000,4060.4000,4060.6000,4061.6000,1,3,2,2,1,1,1,2,1,2
SF,IF2006,2020-02-19 10:34:53.900,4059.6000,23801,0,3464370840.000,0,-,-,-,-,4058.8000,4058.4000,4058.2000,4058.0000,4053.6000,4060.2000,4060.4000,4060.6000,4061.6000,4063.0000,3,1,2,1,1,1,2,1,2,2
SF,IF2006,2020-02-19 10:34:54.400,4059.6000,23801,0,3464370840.000,0,-,-,-,-,4058.8000,4058.4000,4058.2000,4058.0000,4053.6000,4059.8000,4060.0000,4060.2000,4060.6000,4061.6000,2,1,2,1,1,1,2,1,1,2
SF,IF2006,2020-02-19 10:34:54.900,4059.6000,23801,0,3464370840.000,0,-,-,-,-,4059.0000,4058.8000,4058.4000,4058.2000,4058.0000,4060.0000,4060.2000,4060.6000,4061.6000,4063.0000,1,2,1,2,1,2,1,1,2,2
SF,IF2006,2020-02-19 10:34:55.400,4059.6000,23801,0,3464370840.000,0,-,-,-,-,4059.2000,4059.0000,4058.4000,4058.2000,4058.0000,4060.2000,4060.6000,4061.6000,4063.0000,4063.2000,3,1,1,2,1,1,1,2,2,1
SF,IF2006,2020-02-19 10:34:55.900,4059.6000,23801,0,3464370840.000,0,-,-,-,-,4059.2000,4059.0000,4058.8000,4058.2000,4058.0000,4060.2000,4060.6000,4061.6000,4063.0000,4063.2000,3,1,1,2,1,1,1,2,2,1
SF,IF2006,2020-02-19 10:34:56.400,4059.6000,23801,0,3464370840.000,0,-,-,-,-,4059.2000,4059.0000,4058.8000,4058.2000,4058.0000,4060.6000,4061.6000,4063.0000,4063.2000,4063.4000,3,1,1,2,1,1,2,2,1,2
SF,IF2006,2020-02-19 10:34:56.900,4059.6000,23801,0,3464370840.000,0,-,-,-,-,4059.4000,4059.2000,4059.0000,4058.8000,4058.2000,4060.4000,4060.6000,4061.6000,4063.0000,4063.2000,1,3,1,1,2,2,1,2,2,1
SF,IF2006,2020-02-19 10:34:57.400,4059.6000,23801,0,3464370840.000,0,-,-,-,-,4059.4000,4059.2000,4059.0000,4058.2000,4058.0000,4060.4000,4060.6000,4061.6000,4063.0000,4063.2000,1,3,1,2,1,2,1,2,2,1
SF,IF2006,2020-02-19 10:34:57.900,4059.6000,23801,0,3464370840.000,0,-,-,-,-,4059.2000,4059.0000,4058.2000,4058.0000,4055.0000,4060.4000,4060.6000,4061.6000,4063.0000,4063.2000,3,1,2,1,5,2,1,2,2,1
SF,IF2006,2020-02-19 10:35:00.400,4059.6000,23801,0,3464370840.000,0,-,-,-,-,4059.4000,4059.2000,4059.0000,4058.2000,4058.0000,4060.4000,4060.6000,4061.6000,4063.0000,4063.2000,1,3,1,2,1,2,1,2,2,1
SF,IF2006,2020-02-19 10:35:00.900,4059.6000,23801,0,3464370840.000,0,-,-,-,-,4059.0000,4058.2000,4058.0000,4055.0000,4053.6000,4060.4000,4060.6000,4061.6000,4063.0000,4063.2000,1,2,1,5,1,2,1,2,2,1
SF,IF2006,2020-02-19 10:35:01.400,4059.6000,23801,0,3464370840.000,0,-,-,-,-,4059.0000,4058.2000,4058.0000,4053.6000,4053.4000,4060.0000,4060.2000,4060.4000,4060.6000,4061.6000,1,1,1,1,2,3,3,2,1,2
SF,IF2006,2020-02-19 10:35:01.900,4059.6000,23801,0,3464370840.000,0,-,-,-,-,4059.0000,4058.2000,4058.0000,4053.6000,4053.4000,4060.0000,4060.2000,4060.4000,4060.6000,4061.6000,1,1,1,1,2,1,3,2,1,2
SF,IF2006,2020-02-19 10:35:02.400,4059.6000,23801,0,3464370840.000,0,-,-,-,-,4059.0000,4058.2000,4058.0000,4053.6000,4053.4000,4060.0000,4060.2000,4060.4000,4060.6000,4061.6000,1,1,1,1,2,1,3,2,2,2
SF,IF2006,2020-02-19 10:35:02.900,4059.6000,23801,0,3464370840.000,0,-,-,-,-,4059.0000,4058.2000,4058.0000,4053.6000,4053.4000,4060.2000,4060.4000,4060.6000,4061.6000,4063.0000,1,1,1,1,2,2,2,2,2,2
SF,IF2006,2020-02-19 10:35:03.400,4059.6000,23801,0,3464370840.000,0,-,-,-,-,4059.0000,4058.2000,4058.0000,4053.6000,4053.4000,4060.0000,4060.2000,4060.6000,4061.6000,4063.0000,1,1,1,1,2,5,2,2,2,2
SF,IF2006,2020-02-19 10:35:03.900,4059.6000,23801,0,3464370840.000,0,-,-,-,-,4059.0000,4058.2000,4058.0000,4053.6000,4053.4000,4060.0000,4060.2000,4060.6000,4061.6000,4063.0000,1,1,1,1,2,3,2,2,2,2
SF,IF2006,2020-02-19 10:35:04.400,4059.6000,23801,0,3464370840.000,0,-,-,-,-,4059.0000,4058.2000,4058.0000,4053.6000,4053.4000,4060.0000,4060.2000,4060.6000,4061.6000,4063.0000,1,1,1,1,2,2,2,2,2,2
SF,IF2006,2020-02-19 10:35:05.400,4059.6000,23801,0,3464370840.000,0,-,-,-,-,4059.0000,4058.2000,4058.0000,4053.6000,4053.4000,4059.8000,4060.0000,4060.2000,4060.6000,4061.6000,1,1,1,1,2,1,2,2,2,2
SF,IF2006,2020-02-19 10:35:05.900,4059.6000,23801,0,3464370840.000,0,-,-,-,-,4059.0000,4058.2000,4058.0000,4053.6000,4053.4000,4059.8000,4060.0000,4060.2000,4060.6000,4061.6000,1,1,1,1,2,1,2,2,2,2
SF,IF2006,2020-02-19 10:35:06.400,4059.0000,23802,1,3465588540.000,1,1,0,双开,S,4058.2000,4058.0000,4053.6000,4053.4000,4053.0000,4059.8000,4060.0000,4060.2000,4060.6000,4061.6000,1,1,1,2,2,1,2,2,2,2
SF,IF2006,2020-02-19 10:35:06.900,4059.0000,23802,0,3465588540.000,0,-,-,-,-,4058.4000,4058.2000,4058.0000,4053.6000,4053.4000,4059.6000,4060.2000,4060.6000,4061.6000,4063.0000,4,1,1,1,2,2,2,2,2,2
SF,IF2006,2020-02-19 10:35:07.400,4059.0000,23802,0,3465588540.000,0,-,-,-,-,4058.4000,4058.2000,4058.0000,4053.6000,4053.4000,4059.6000,4060.2000,4060.6000,4061.6000,4063.0000,4,1,1,1,2,2,1,2,2,2
SF,IF2006,2020-02-19 10:35:07.900,4059.0000,23802,0,3465588540.000,0,-,-,-,-,4058.4000,4058.2000,4058.0000,4053.6000,4053.4000,4059.4000,4059.6000,4060.2000,4060.6000,4061.6000,4,1,1,1,2,1,2,1,2,2
SF,IF2006,2020-02-19 10:35:08.400,4059.0000,23802,0,3465588540.000,0,-,-,-,-,4058.4000,4058.2000,4058.0000,4053.6000,4053.4000,4059.4000,4059.6000,4060.6000,4061.6000,4063.0000,3,1,1,1,2,1,2,3,2,2
SF,IF2006,2020-02-19 10:35:10.400,4059.0000,23802,0,3465588540.000,0,-,-,-,-,4058.4000,4058.2000,4058.0000,4053.6000,4053.4000,4059.2000,4059.6000,4060.6000,4061.6000,4063.0000,3,1,1,1,2,4,2,3,2,2
SF,IF2006,2020-02-19 10:35:10.900,4059.0000,23802,0,3465588540.000,0,-,-,-,-,4058.4000,4058.2000,4058.0000,4053.6000,4053.4000,4059.2000,4059.6000,4060.6000,4061.6000,4063.0000,1,1,1,1,1,2,2,3,2,2
SF,IF2006,2020-02-19 10:35:11.400,4059.0000,23802,0,3465588540.000,0,-,-,-,-,4058.4000,4058.2000,4058.0000,4053.6000,4053.4000,4059.0000,4059.2000,4060.6000,4061.6000,4063.0000,1,1,1,1,1,2,2,3,2,2
SF,IF2006,2020-02-19 10:35:13.900,4058.4000,23803,1,3466806060.000,1,1,0,双开,S,4058.2000,4058.0000,4053.6000,4053.4000,4053.0000,4059.0000,4059.2000,4060.6000,4061.6000,4063.0000,1,1,1,1,2,2,2,3,2,2
SF,IF2006,2020-02-19 10:35:14.400,4058.4000,23803,0,3466806060.000,0,-,-,-,-,4058.2000,4058.0000,4053.6000,4053.4000,4053.0000,4059.0000,4059.2000,4060.6000,4061.6000,4063.0000,1,1,1,1,2,2,2,3,2,2
SF,IF2006,2020-02-19 10:35:14.900,4058.4000,23803,0,3466806060.000,0,-,-,-,-,4058.2000,4058.0000,4053.6000,4053.4000,4053.0000,4059.0000,4059.2000,4060.6000,4061.6000,4063.0000,1,1,1,1,2,2,2,3,2,2
SF,IF2006,2020-02-19 10:35:15.400,4058.4000,23803,0,3466806060.000,0,-,-,-,-,4058.2000,4058.0000,4053.6000,4053.4000,4053.0000,4059.0000,4059.2000,4060.6000,4061.6000,4063.0000,1,1,1,1,2,2,2,3,2,2
SF,IF2006,2020-02-19 10:35:15.900,4058.4000,23803,0,3466806060.000,0,-,-,-,-,4058.2000,4058.0000,4053.6000,4053.4000,4053.0000,4058.8000,4059.0000,4060.6000,4061.6000,4063.0000,1,1,1,1,2,2,2,3,2,2
SF,IF2006,2020-02-19 10:35:16.400,4058.2000,23803,0,3468023520.000,1,0,1,多换,S,4058.0000,4053.6000,4053.4000,4053.0000,4051.8000,4058.2000,4058.8000,4059.0000,4060.6000,4061.6000,1,1,1,2,1,10,2,2,3,2
SF,IF2006,2020-02-19 10:35:16.900,4058.0000,23802,-1,3469240920.000,1,0,1,双平,S,4053.6000,4053.4000,4053.0000,4051.8000,4051.2000,4058.2000,4058.8000,4059.0000,4060.6000,4061.6000,1,1,2,1,1,10,2,2,3,2
SF,IF2006,2020-02-19 10:35:17.400,4058.0000,23802,0,3469240920.000,0,-,-,-,-,4057.0000,4056.8000,4056.6000,4055.8000,4055.4000,4058.0000,4058.2000,4058.8000,4060.6000,4061.6000,1,3,6,1,3,4,10,2,3,2
SF,IF2006,2020-02-19 10:35:17.900,4058.0000,23802,0,3474110520.000,4,2,2,多换,S,4057.2000,4057.0000,4056.8000,4056.6000,4055.8000,4058.2000,4058.8000,4060.6000,4061.6000,4063.0000,2,1,3,6,1,10,2,3,2,2
SF,IF2006,2020-02-19 10:35:18.400,4058.2000,23802,0,3475327980.000,1,0,1,多换,S,4057.4000,4057.2000,4057.0000,4056.8000,4056.6000,4058.2000,4058.8000,4060.6000,4061.6000,4063.0000,2,2,1,3,6,9,2,3,2,2
SF,IF2006,2020-02-19 10:35:18.900,4058.2000,23805,3,3478980360.000,3,3,0,双开,S,4057.6000,4057.4000,4057.2000,4057.0000,4056.8000,4058.2000,4058.8000,4060.6000,4061.6000,4063.0000,1,2,1,1,3,6,2,3,2,2
SF,IF2006,2020-02-19 10:35:19.400,4058.2000,23811,6,3486285120.000,6,6,0,双开,S,4058.2000,4057.8000,4057.6000,4057.2000,4056.8000,4058.8000,4060.6000,4061.6000,4063.0000,4063.2000,1,2,1,1,3,1,3,2,2,1
SF,IF2006,2020-02-19 10:35:19.900,4058.2000,23811,0,3486285120.000,0,-,-,-,-,4058.4000,4058.2000,4057.6000,4056.6000,4055.8000,4060.6000,4061.6000,4063.0000,4063.2000,4063.4000,3,1,2,1,1,3,2,2,1,2
SF,IF2006,2020-02-19 10:35:20.400,4058.2000,23811,0,3486285120.000,0,-,-,-,-,4058.6000,4058.4000,4058.2000,4057.6000,4056.6000,4060.0000,4060.2000,4060.4000,4060.6000,4061.6000,1,3,1,1,1,3,2,2,3,2
SF,IF2006,2020-02-19 10:35:20.900,4058.2000,23811,0,3486285120.000,0,-,-,-,-,4058.8000,4058.6000,4058.4000,4058.2000,4058.0000,4060.0000,4060.2000,4060.4000,4060.6000,4061.6000,2,1,1,1,1,3,2,2,3,2
SF,IF2006,2020-02-19 10:35:21.400,4058.2000,23811,0,3486285120.000,0,-,-,-,-,4058.8000,4058.6000,4058.4000,4058.2000,4058.0000,4060.0000,4060.4000,4060.6000,4061.6000,4063.0000,3,1,1,1,1,2,2,3,2,2
SF,IF2006,2020-02-19 10:35:21.900,4058.2000,23811,0,3486285120.000,0,-,-,-,-,4059.2000,4059.0000,4058.8000,4058.4000,4058.2000,4060.4000,4060.6000,4061.6000,4063.0000,4063.2000,1,3,2,1,1,2,3,2,2,1
SF,IF2006,2020-02-19 10:35:22.400,4058.2000,23811,0,3486285120.000,0,-,-,-,-,4059.4000,4059.2000,4059.0000,4058.8000,4058.4000,4060.4000,4060.6000,4061.6000,4063.0000,4063.2000,1,1,3,2,1,2,3,2,2,1
SF,IF2006,2020-02-19 10:35:22.900,4058.2000,23811,0,3486285120.000,0,-,-,-,-,4059.2000,4059.0000,4058.8000,4058.4000,4058.2000,4060.4000,4060.6000,4061.6000,4063.0000,4063.2000,1,3,2,1,1,2,3,2,2,1
SF,IF2006,2020-02-19 10:35:23.400,4058.2000,23811,0,3486285120.000,0,-,-,-,-,4059.2000,4059.0000,4058.8000,4058.2000,4056.6000,4060.4000,4060.6000,4061.6000,4063.0000,4063.2000,1,3,2,1,1,2,3,2,2,1
SF,IF2006,2020-02-19 10:35:23.900,4058.2000,23811,0,3486285120.000,0,-,-,-,-,4059.2000,4059.0000,4058.8000,4058.2000,4056.6000,4060.4000,4060.6000,4061.6000,4063.0000,4063.2000,1,2,2,1,1,2,3,2,2,1
SF,IF2006,2020-02-19 10:35:24.400,4058.2000,23811,0,3486285120.000,0,-,-,-,-,4059.4000,4059.2000,4059.0000,4058.2000,4056.6000,4060.4000,4060.6000,4061.6000,4063.0000,4063.2000,3,1,2,1,1,2,3,2,2,1
SF,IF2006,2020-02-19 10:35:24.900,4058.2000,23811,0,3486285120.000,0,-,-,-,-,4059.4000,4059.2000,4059.0000,4058.2000,4056.6000,4060.4000,4060.6000,4061.6000,4063.0000,4063.2000,3,1,1,2,1,2,3,2,2,1
SF,IF2006,2020-02-19 10:35:25.400,4058.2000,23811,0,3486285120.000,0,-,-,-,-,4059.4000,4059.0000,4058.2000,4056.6000,4055.4000,4060.2000,4060.4000,4060.6000,4061.6000,4063.0000,2,1,2,1,3,5,2,3,2,2
SF,IF2006,2020-02-19 10:35:25.900,4059.4000,23811,0,3488720760.000,2,1,1,多换,S,4058.2000,4056.6000,4055.4000,4054.6000,4054.4000,4059.8000,4060.2000,4060.4000,4060.6000,4061.6000,2,1,3,1,1,1,2,2,3,2
SF,IF2006,2020-02-19 10:35:26.400,4059.4000,23811,0,3488720760.000,0,-,-,-,-,4058.6000,4058.4000,4056.6000,4055.4000,4054.6000,4059.6000,4059.8000,4060.2000,4060.6000,4061.6000,2,8,1,3,1,2,1,2,3,2
SF,IF2006,2020-02-19 10:35:26.900,4059.4000,23811,0,3488720760.000,0,-,-,-,-,4058.6000,4058.4000,4056.6000,4055.4000,4054.6000,4059.6000,4059.8000,4060.2000,4060.6000,4061.6000,2,3,1,3,1,2,1,2,3,2
SF,IF2006,2020-02-19 10:35:27.400,4059.4000,23811,0,3488720760.000,0,-,-,-,-,4058.6000,4058.4000,4056.6000,4055.4000,4054.6000,4059.6000,4059.8000,4060.2000,4060.6000,4061.6000,2,3,1,3,1,2,1,1,3,2
SF,IF2006,2020-02-19 10:35:28.400,4059.4000,23811,0,3488720760.000,0,-,-,-,-,4058.6000,4058.4000,4056.6000,4055.4000,4054.6000,4059.6000,4059.8000,4060.2000,4060.6000,4061.6000,2,3,1,3,1,2,1,1,3,2
SF,IF2006,2020-02-19 10:35:29.400,4058.6000,23811,0,3491155920.000,2,1,1,多换,S,4058.4000,4056.6000,4055.4000,4054.6000,4054.4000,4059.6000,4059.8000,4060.2000,4060.6000,4061.6000,3,1,3,1,1,2,1,1,3,2
SF,IF2006,2020-02-19 10:35:29.900,4058.6000,23811,0,3491155920.000,0,-,-,-,-,4056.6000,4055.4000,4054.6000,4054.4000,4054.0000,4059.0000,4059.2000,4059.4000,4059.6000,4060.6000,1,3,1,1,3,1,1,3,2,3
SF,IF2006,2020-02-19 10:35:30.400,4058.6000,23811,0,3491155920.000,0,-,-,-,-,4057.2000,4057.0000,4056.8000,4056.6000,4055.4000,4058.8000,4059.0000,4059.2000,4060.6000,4061.6000,5,5,2,2,3,3,1,1,3,2
SF,IF2006,2020-02-19 10:35:30.900,4058.6000,23811,0,3491155920.000,0,-,-,-,-,4057.6000,4057.4000,4057.2000,4057.0000,4056.6000,4058.8000,4059.0000,4059.2000,4060.0000,4060.6000,6,2,5,5,1,3,1,1,1,3
SF,IF2006,2020-02-19 10:35:31.400,4058.6000,23811,0,3491155920.000,0,-,-,-,-,4057.8000,4057.6000,4057.4000,4057.2000,4057.0000,4058.8000,4059.0000,4059.2000,4060.0000,4060.6000,3,7,1,5,5,3,1,1,1,3
SF,IF2006,2020-02-19 10:35:31.900,4058.6000,23811,0,3491155920.000,0,-,-,-,-,4057.8000,4057.6000,4057.2000,4057.0000,4056.6000,4058.8000,4059.0000,4059.2000,4060.0000,4060.6000,4,6,5,5,1,1,1,1,1,3
SF,IF2006,2020-02-19 10:35:32.400,4058.8000,23811,0,3492373560.000,1,0,1,多换,S,4057.8000,4057.6000,4057.2000,4057.0000,4056.6000,4059.0000,4059.2000,4060.0000,4060.6000,4061.6000,4,6,5,5,1,1,1,1,3,2
SF,IF2006,2020-02-19 10:35:32.900,4058.8000,23811,0,3492373560.000,0,-,-,-,-,4058.2000,4058.0000,4057.8000,4057.6000,4057.2000,4059.2000,4060.0000,4060.6000,4061.6000,4063.0000,5,1,4,6,5,1,1,3,2,2
SF,IF2006,2020-02-19 10:35:33.400,4058.8000,23811,0,3492373560.000,0,-,-,-,-,4058.0000,4057.8000,4057.6000,4057.2000,4056.6000,4060.0000,4060.6000,4061.6000,4063.0000,4063.2000,1,4,6,5,1,1,3,2,2,1
SF,IF2006,2020-02-19 10:35:33.900,4058.8000,23811,0,3492373560.000,0,-,-,-,-,4058.2000,4058.0000,4057.8000,4057.6000,4057.2000,4059.8000,4060.0000,4060.6000,4061.6000,4063.0000,2,1,2,6,5,6,1,3,2,2
SF,IF2006,2020-02-19 10:35:34.400,4058.8000,23811,0,3492373560.000,0,-,-,-,-,4058.2000,4058.0000,4057.8000,4057.6000,4057.2000,4059.8000,4060.0000,4060.6000,4061.6000,4063.0000,2,1,2,6,5,5,1,3,2,2
SF,IF2006,2020-02-19 10:35:34.900,4058.8000,23811,0,3492373560.000,0,-,-,-,-,4058.2000,4058.0000,4057.8000,4057.6000,4057.2000,4059.8000,4060.0000,4060.6000,4061.6000,4063.0000,2,1,2,6,6,5,1,3,2,2
SF,IF2006,2020-02-19 10:35:36.400,4058.8000,23811,0,3492373560.000,0,-,-,-,-,4058.2000,4058.0000,4057.8000,4057.6000,4057.2000,4059.8000,4060.0000,4060.6000,4061.6000,4063.0000,2,1,2,8,6,5,1,3,2,2
SF,IF2006,2020-02-19 10:35:36.900,4058.8000,23811,0,3492373560.000,0,-,-,-,-,4058.4000,4058.2000,4058.0000,4057.8000,4057.6000,4059.6000,4059.8000,4060.0000,4060.6000,4061.6000,1,2,1,2,8,1,5,1,3,2
SF,IF2006,2020-02-19 10:35:37.400,4058.8000,23811,0,3492373560.000,0,-,-,-,-,4058.4000,4058.2000,4058.0000,4057.8000,4057.6000,4059.8000,4060.0000,4060.6000,4061.6000,4063.0000,1,2,1,2,8,5,1,2,2,2
SF,IF2006,2020-02-19 10:35:39.400,4058.8000,23811,0,3492373560.000,0,-,-,-,-,4058.6000,4058.4000,4058.2000,4058.0000,4057.8000,4059.8000,4060.0000,4060.6000,4061.6000,4063.0000,1,1,2,1,2,5,1,2,2,2
SF,IF2006,2020-02-19 10:35:41.400,4058.8000,23811,0,3492373560.000,0,-,-,-,-,4058.6000,4058.4000,4058.2000,4058.0000,4057.8000,4059.6000,4059.8000,4060.0000,4060.6000,4061.6000,1,1,2,1,2,1,5,1,3,2
SF,IF2006,2020-02-19 10:35:41.900,4058.8000,23811,0,3492373560.000,0,-,-,-,-,4058.6000,4058.2000,4058.0000,4057.8000,4057.6000,4059.6000,4059.8000,4060.0000,4060.6000,4061.6000,1,2,1,2,8,1,8,1,3,2
SF,IF2006,2020-02-19 10:35:42.400,4058.8000,23811,0,3492373560.000,0,-,-,-,-,4058.2000,4058.0000,4057.8000,4057.6000,4057.2000,4059.4000,4059.6000,4059.8000,4060.0000,4060.6000,2,1,2,8,1,1,1,7,1,3
SF,IF2006,2020-02-19 10:35:42.900,4058.8000,23811,0,3492373560.000,0,-,-,-,-,4058.2000,4058.0000,4057.8000,4057.6000,4057.2000,4059.4000,4059.8000,4060.0000,4060.6000,4061.6000,2,1,2,8,1,1,7,1,3,2
SF,IF2006,2020-02-19 10:35:43.400,4059.4000,23810,-1,3493591380.000,1,0,1,双平,S,4058.4000,4058.2000,4058.0000,4057.8000,4057.6000,4059.8000,4060.0000,4060.6000,4061.6000,4063.0000,1,2,1,2,8,7,1,3,2,2
SF,IF2006,2020-02-19 10:35:44.400,4059.4000,23810,0,3493591380.000,0,-,-,-,-,4058.4000,4058.2000,4058.0000,4057.8000,4057.6000,4059.4000,4059.8000,4060.0000,4060.6000,4061.6000,1,2,1,2,8,1,7,1,3,2
SF,IF2006,2020-02-19 10:35:45.400,4059.4000,23810,0,3493591380.000,0,-,-,-,-,4058.2000,4058.0000,4057.8000,4057.6000,4057.2000,4059.4000,4059.8000,4060.0000,4060.6000,4061.6000,2,1,2,8,1,1,7,1,3,2
SF,IF2006,2020-02-19 10:35:45.900,4059.4000,23810,0,3493591380.000,0,-,-,-,-,4058.2000,4058.0000,4057.8000,4057.6000,4057.2000,4059.8000,4060.0000,4060.6000,4061.6000,4063.0000,2,1,2,8,1,7,1,3,2,2
SF,IF2006,2020-02-19 10:35:46.900,4059.4000,23810,0,3493591380.000,0,-,-,-,-,4058.4000,4058.2000,4058.0000,4057.8000,4057.6000,4059.8000,4060.0000,4060.6000,4061.6000,4063.0000,1,2,1,2,8,7,1,3,2,2
SF,IF2006,2020-02-19 10:35:47.400,4059.8000,23811,1,3498463140.000,4,2,2,空开,S,4058.6000,4058.4000,4057.8000,4057.6000,4057.2000,4060.0000,4060.6000,4061.6000,4063.0000,4063.2000,9,2,1,8,1,1,3,2,2,1
SF,IF2006,2020-02-19 10:35:47.900,4060.0000,23810,-1,3499681140.000,1,0,1,双平,S,4059.2000,4059.0000,4058.8000,4058.6000,4058.4000,4060.6000,4061.6000,4063.0000,4063.2000,4063.4000,6,1,1,8,3,3,2,2,1,2
SF,IF2006,2020-02-19 10:35:48.400,4060.0000,23810,0,3499681140.000,0,-,-,-,-,4059.4000,4059.2000,4059.0000,4058.8000,4058.6000,4060.6000,4061.6000,4063.0000,4063.2000,4063.4000,3,1,1,1,6,3,2,2,1,2
SF,IF2006,2020-02-19 10:35:48.900,4060.0000,23810,0,3499681140.000,0,-,-,-,-,4059.4000,4059.2000,4058.8000,4058.6000,4058.4000,4060.4000,4060.6000,4061.6000,4063.0000,4063.2000,4,1,1,6,2,1,3,2,2,1
SF,IF2006,2020-02-19 10:35:49.400,4060.0000,23810,0,3499681140.000,0,-,-,-,-,4059.4000,4059.2000,4058.8000,4058.6000,4058.4000,4060.6000,4061.6000,4063.0000,4063.2000,4063.4000,4,1,1,6,2,3,2,2,1,2
SF,IF2006,2020-02-19 10:35:49.900,4060.0000,23810,0,3499681140.000,0,-,-,-,-,4059.6000,4059.4000,4059.2000,4058.8000,4058.6000,4060.6000,4061.6000,4063.0000,4063.2000,4063.4000,1,3,1,1,6,3,2,2,1,2
SF,IF2006,2020-02-19 10:35:50.900,4060.0000,23810,0,3499681140.000,0,-,-,-,-,4059.6000,4059.4000,4059.2000,4058.8000,4058.6000,4060.6000,4061.6000,4063.0000,4063.2000,4063.4000,1,3,1,1,6,3,2,2,1,2
SF,IF2006,2020-02-19 10:35:51.400,4060.0000,23810,0,3499681140.000,0,-,-,-,-,4059.4000,4059.2000,4058.8000,4058.6000,4058.4000,4060.6000,4061.6000,4063.0000,4063.2000,4063.4000,3,1,1,6,2,3,2,2,1,2
SF,IF2006,2020-02-19 10:35:51.900,4060.0000,23810,0,3499681140.000,0,-,-,-,-,4059.4000,4059.2000,4058.8000,4058.6000,4058.4000,4060.4000,4060.6000,4061.6000,4063.0000,4063.2000,3,1,1,6,1,2,3,2,2,1
SF,IF2006,2020-02-19 10:35:52.400,4060.0000,23810,0,3499681140.000,0,-,-,-,-,4059.4000,4059.2000,4058.8000,4058.6000,4058.4000,4060.4000,4060.6000,4061.6000,4063.0000,4063.2000,3,1,1,6,1,2,3,2,2,1
SF,IF2006,2020-02-19 10:35:53.400,4060.0000,23810,0,3499681140.000,0,-,-,-,-,4059.4000,4059.2000,4058.8000,4058.6000,4058.4000,4060.6000,4061.6000,4063.0000,4063.2000,4063.4000,3,1,1,6,1,3,2,2,1,2
SF,IF2006,2020-02-19 10:35:54.400,4060.0000,23810,0,3499681140.000,0,-,-,-,-,4059.6000,4059.4000,4059.2000,4058.8000,4058.6000,4060.6000,4061.6000,4063.0000,4063.2000,4063.4000,1,3,1,1,6,3,2,2,1,2
SF,IF2006,2020-02-19 10:35:55.400,4060.0000,23810,0,3499681140.000,0,-,-,-,-,4059.6000,4059.4000,4059.2000,4058.8000,4058.6000,4060.6000,4061.0000,4061.6000,4063.0000,4063.2000,1,3,1,1,6,3,2,2,2,1
SF,IF2006,2020-02-19 10:35:56.900,4060.0000,23810,0,3499681140.000,0,-,-,-,-,4059.8000,4059.4000,4059.2000,4058.8000,4058.6000,4060.4000,4060.6000,4061.0000,4061.6000,4063.0000,5,5,1,1,6,1,3,2,2,2
SF,IF2006,2020-02-19 10:35:57.400,4060.4000,23810,0,3500899260.000,1,0,1,多换,S,4059.4000,4059.2000,4058.8000,4058.6000,4058.4000,4060.6000,4061.0000,4061.6000,4063.0000,4063.2000,5,1,1,1,1,3,2,2,2,1
SF,IF2006,2020-02-19 10:35:57.900,4060.4000,23810,0,3500899260.000,0,-,-,-,-,4059.4000,4059.2000,4058.8000,4058.6000,4058.4000,4060.6000,4061.0000,4061.6000,4063.0000,4063.2000,5,1,1,1,1,3,2,2,2,1
SF,IF2006,2020-02-19 10:35:58.900,4060.4000,23810,0,3500899260.000,0,-,-,-,-,4059.6000,4059.4000,4059.2000,4058.8000,4058.6000,4060.6000,4061.0000,4061.6000,4063.0000,4063.2000,1,5,1,1,1,3,2,2,2,1
SF,IF2006,2020-02-19 10:35:59.400,4060.4000,23810,0,3500899260.000,0,-,-,-,-,4059.6000,4059.4000,4059.2000,4058.8000,4058.6000,4060.4000,4060.6000,4061.0000,4061.6000,4063.0000,1,4,1,1,1,1,3,2,2,2
SF,IF2006,2020-02-19 10:35:59.900,4060.4000,23810,0,3500899260.000,0,-,-,-,-,4059.6000,4059.4000,4059.2000,4058.8000,4058.6000,4060.6000,4061.0000,4061.6000,4063.0000,4063.2000,1,4,1,1,1,3,2,2,2,1
SF,IF2006,2020-02-19 10:36:00.400,4060.4000,23810,0,3500899260.000,0,-,-,-,-,4059.6000,4059.4000,4059.2000,4058.8000,4058.6000,4060.4000,4060.6000,4061.0000,4061.6000,4063.0000,1,4,1,1,1,2,3,2,2,2
SF,IF2006,2020-02-19 10:36:00.900,4059.4000,23809,-1,3502117080.000,1,0,1,双平,S,4059.4000,4059.2000,4058.8000,4058.6000,4058.4000,4060.4000,4060.6000,4061.0000,4061.6000,4063.0000,3,1,1,1,1,1,3,2,2,2
SF,IF2006,2020-02-19 10:36:01.400,4059.4000,23809,0,3503334900.000,1,0,1,多换,S,4059.6000,4059.4000,4059.2000,4058.8000,4058.6000,4060.2000,4060.4000,4060.6000,4061.0000,4061.6000,5,1,1,1,1,2,1,3,2,2
SF,IF2006,2020-02-19 10:36:01.900,4059.4000,23809,0,3503334900.000,0,-,-,-,-,4059.4000,4059.2000,4058.8000,4058.6000,4058.4000,4060.2000,4060.4000,4060.6000,4061.0000,4061.6000,1,1,1,1,1,2,1,3,2,2
SF,IF2006,2020-02-19 10:36:03.900,4060.4000,23810,1,3506989140.000,3,2,1,空开,S,4059.4000,4059.2000,4058.8000,4058.6000,4058.4000,4060.6000,4061.0000,4061.6000,4062.0000,4063.0000,1,1,1,1,1,3,2,2,1,2
SF,IF2006,2020-02-19 10:36:04.400,4060.4000,23810,0,3506989140.000,0,-,-,-,-,4059.4000,4059.2000,4058.8000,4058.6000,4058.4000,4060.4000,4060.6000,4061.0000,4061.6000,4062.0000,1,1,1,1,1,1,3,2,2,1
SF,IF2006,2020-02-19 10:36:04.900,4060.4000,23810,0,3506989140.000,0,-,-,-,-,4059.4000,4059.2000,4058.6000,4057.8000,4057.6000,4060.4000,4060.6000,4061.0000,4061.6000,4062.0000,1,1,1,1,3,1,3,2,2,1
SF,IF2006,2020-02-19 10:36:05.400,4060.4000,23810,0,3506989140.000,0,-,-,-,-,4059.6000,4059.4000,4059.2000,4058.6000,4057.8000,4060.4000,4060.6000,4061.0000,4061.6000,4062.0000,1,1,1,1,1,1,3,2,2,1
SF,IF2006,2020-02-19 10:36:06.400,4059.4000,23810,0,3508206960.000,1,0,1,多换,S,4059.2000,4058.6000,4057.8000,4057.6000,4057.2000,4060.4000,4060.6000,4061.0000,4061.6000,4062.0000,1,1,1,3,1,1,3,2,2,1
SF,IF2006,2020-02-19 10:36:06.900,4059.4000,23810,0,3508206960.000,0,-,-,-,-,4059.2000,4058.6000,4057.8000,4057.6000,4057.2000,4060.2000,4060.6000,4061.0000,4061.6000,4062.0000,1,1,1,3,1,2,3,2,2,1
SF,IF2006,2020-02-19 10:36:07.400,4059.4000,23810,0,3508206960.000,0,-,-,-,-,4059.2000,4058.6000,4057.8000,4057.6000,4057.2000,4060.6000,4061.0000,4061.6000,4062.0000,4063.0000,1,1,1,3,1,3,2,2,1,2
SF,IF2006,2020-02-19 10:36:07.900,4059.4000,23810,0,3508206960.000,0,-,-,-,-,4059.2000,4058.6000,4057.8000,4057.6000,4057.2000,4060.2000,4060.4000,4060.6000,4061.0000,4061.6000,1,1,1,3,1,1,2,3,2,2
SF,IF2006,2020-02-19 10:36:08.400,4059.4000,23810,0,3508206960.000,0,-,-,-,-,4059.4000,4059.2000,4058.6000,4057.8000,4057.6000,4060.4000,4060.6000,4061.0000,4061.6000,4062.0000,1,1,1,1,3,2,3,2,2,1
SF,IF2006,2020-02-19 10:36:09.400,4060.4000,23811,1,3511861260.000,3,2,1,空开,S,4059.4000,4059.2000,4058.6000,4057.8000,4057.6000,4060.6000,4061.0000,4061.6000,4062.0000,4063.0000,1,1,1,1,3,3,2,2,1,2
SF,IF2006,2020-02-19 10:36:09.900,4060.4000,23811,0,3511861260.000,0,-,-,-,-,4059.4000,4059.2000,4058.6000,4057.8000,4057.6000,4060.2000,4060.4000,4060.6000,4061.0000,4061.6000,1,1,1,1,3,1,3,3,2,2
SF,IF2006,2020-02-19 10:36:10.400,4060.4000,23811,0,3511861260.000,0,-,-,-,-,4059.2000,4058.6000,4057.8000,4057.6000,4057.2000,4060.2000,4060.4000,4060.6000,4061.0000,4061.6000,1,1,1,3,1,1,2,3,2,2
SF,IF2006,2020-02-19 10:36:10.900,4060.4000,23811,0,3511861260.000,0,-,-,-,-,4059.2000,4058.6000,4057.8000,4057.6000,4057.2000,4060.4000,4060.6000,4061.0000,4061.6000,4062.0000,1,1,1,3,1,2,3,2,2,1
SF,IF2006,2020-02-19 10:36:11.400,4060.4000,23811,0,3511861260.000,0,-,-,-,-,4059.2000,4058.6000,4057.8000,4057.6000,4057.2000,4060.2000,4060.4000,4060.6000,4061.0000,4061.6000,1,1,1,3,1,1,2,4,2,2
SF,IF2006,2020-02-19 10:36:12.900,4059.2000,23811,0,3513079020.000,1,0,1,多换,S,4058.6000,4057.8000,4057.6000,4057.2000,4056.6000,4060.0000,4060.4000,4060.6000,4061.0000,4061.6000,1,1,3,1,1,1,2,4,2,2
SF,IF2006,2020-02-19 10:36:13.400,4059.2000,23811,0,3513079020.000,0,-,-,-,-,4059.0000,4058.8000,4058.6000,4057.8000,4057.6000,4060.4000,4060.6000,4061.0000,4061.6000,4062.0000,1,4,1,1,3,2,4,2,2,1
SF,IF2006,2020-02-19 10:36:13.900,4059.2000,23811,0,3513079020.000,0,-,-,-,-,4059.2000,4059.0000,4058.8000,4058.6000,4057.8000,4060.4000,4060.6000,4061.0000,4061.6000,4062.0000,2,1,2,1,1,2,4,2,2,1
SF,IF2006,2020-02-19 10:36:14.400,4059.2000,23811,0,3513079020.000,0,-,-,-,-,4059.2000,4058.8000,4058.6000,4057.8000,4057.6000,4060.6000,4061.0000,4061.6000,4062.0000,4063.0000,2,1,1,1,3,4,2,2,1,2
SF,IF2006,2020-02-19 10:36:14.900,4059.2000,23811,0,3513079020.000,0,-,-,-,-,4059.2000,4058.8000,4058.6000,4057.8000,4057.6000,4060.2000,4060.4000,4060.6000,4061.0000,4061.6000,2,1,1,1,3,1,2,4,2,2
SF,IF2006,2020-02-19 10:36:15.400,4059.2000,23811,0,3513079020.000,0,-,-,-,-,4060.2000,4059.4000,4059.2000,4058.8000,4058.6000,4060.4000,4060.6000,4061.0000,4061.6000,4062.0000,3,1,2,1,1,2,4,2,2,1
SF,IF2006,2020-02-19 10:36:15.900,4060.2000,23811,0,3516733200.000,3,1,2,多换,S,4059.4000,4059.2000,4058.8000,4058.6000,4057.8000,4060.2000,4060.4000,4060.6000,4061.0000,4061.6000,1,2,1,1,1,1,1,4,2,2
SF,IF2006,2020-02-19 10:36:17.400,4060.2000,23811,0,3516733200.000,0,-,-,-,-,4059.4000,4059.2000,4058.8000,4058.6000,4057.8000,4060.2000,4060.6000,4061.0000,4061.6000,4062.0000,1,2,1,1,1,1,4,2,2,1
SF,IF2006,2020-02-19 10:36:17.900,4060.2000,23811,0,3516733200.000,0,-,-,-,-,4059.4000,4059.2000,4058.8000,4058.6000,4057.8000,4060.2000,4060.6000,4061.0000,4061.6000,4062.0000,1,2,1,1,1,1,4,2,2,1
SF,IF2006,2020-02-19 10:36:18.900,4059.4000,23810,-1,3517951020.000,1,0,1,双平,S,4059.2000,4058.8000,4058.6000,4057.8000,4057.6000,4060.2000,4060.6000,4061.0000,4061.6000,4062.0000,2,1,1,1,3,1,4,2,2,1
SF,IF2006,2020-02-19 10:36:19.400,4059.4000,23810,0,3517951020.000,0,-,-,-,-,4059.2000,4058.8000,4058.6000,4057.8000,4057.6000,4060.0000,4060.2000,4060.6000,4061.0000,4061.6000,2,1,1,1,3,1,1,4,2,2
SF,IF2006,2020-02-19 10:36:19.900,4060.2000,23810,0,3521604960.000,3,1,2,多换,S,4059.2000,4058.8000,4058.6000,4057.8000,4057.6000,4060.6000,4061.0000,4061.6000,4062.0000,4063.0000,2,1,1,1,3,4,2,2,1,2
SF,IF2006,2020-02-19 10:36:20.400,4060.2000,23810,0,3521604960.000,0,-,-,-,-,4059.2000,4058.8000,4057.8000,4057.6000,4057.2000,4060.2000,4060.4000,4060.6000,4061.0000,4061.6000,2,1,1,3,1,2,5,4,2,2
SF,IF2006,2020-02-19 10:36:21.400,4060.2000,23810,0,3521604960.000,0,-,-,-,-,4059.2000,4058.8000,4057.8000,4057.6000,4057.2000,4060.0000,4060.2000,4060.4000,4060.6000,4061.0000,2,1,1,3,1,1,1,5,4,2
SF,IF2006,2020-02-19 10:36:21.900,4060.2000,23810,0,3521604960.000,0,-,-,-,-,4059.2000,4058.8000,4057.8000,4057.6000,4057.2000,4060.0000,4060.2000,4060.4000,4060.6000,4061.0000,2,1,1,3,1,1,1,5,4,2
SF,IF2006,2020-02-19 10:36:24.400,4059.8000,23813,3,3527694060.000,5,4,1,空开,S,4057.8000,4057.6000,4057.2000,4056.6000,4055.4000,4060.0000,4060.2000,4060.4000,4060.6000,4061.0000,1,3,1,1,3,1,1,3,4,2
SF,IF2006,2020-02-19 10:36:24.900,4059.8000,23813,0,3527694060.000,0,-,-,-,-,4058.4000,4058.2000,4058.0000,4057.8000,4057.6000,4059.8000,4060.0000,4060.2000,4060.4000,4060.6000,6,3,2,1,3,2,2,2,1,4
SF,IF2006,2020-02-19 10:36:25.400,4059.8000,23813,0,3527694060.000,0,-,-,-,-,4058.4000,4058.2000,4058.0000,4057.8000,4057.6000,4059.4000,4059.6000,4059.8000,4060.0000,4060.2000,1,1,2,1,2,1,1,2,1,1
SF,IF2006,2020-02-19 10:36:25.900,4058.4000,23814,1,3528911580.000,1,1,0,双开,S,4058.0000,4057.6000,4057.2000,4055.4000,4054.6000,4059.0000,4059.2000,4059.4000,4059.6000,4060.0000,2,2,1,1,1,1,4,1,2,1
SF,IF2006,2020-02-19 10:36:26.400,4058.4000,23814,0,3528911580.000,0,-,-,-,-,4058.0000,4057.6000,4057.2000,4055.4000,4054.6000,4059.0000,4059.2000,4059.4000,4059.6000,4060.0000,2,2,1,1,1,1,3,1,2,1
SF,IF2006,2020-02-19 10:36:26.900,4058.4000,23814,0,3528911580.000,0,-,-,-,-,4058.2000,4058.0000,4057.6000,4057.2000,4055.4000,4059.0000,4059.2000,4059.6000,4060.2000,4060.6000,1,2,2,1,1,1,2,2,1,4
SF,IF2006,2020-02-19 10:36:27.400,4059.0000,23814,0,3530129280.000,1,0,1,多换,S,4058.6000,4058.0000,4057.6000,4057.2000,4055.4000,4059.6000,4060.2000,4060.6000,4061.0000,4061.6000,1,2,2,1,1,1,1,4,2,2
SF,IF2006,2020-02-19 10:36:27.900,4059.6000,23815,1,3531347160.000,1,1,0,双开,S,4059.0000,4058.8000,4057.6000,4057.2000,4055.4000,4060.2000,4060.6000,4061.0000,4061.6000,4062.0000,1,4,2,1,1,1,4,2,2,1
SF,IF2006,2020-02-19 10:36:28.400,4059.6000,23815,0,3531347160.000,0,-,-,-,-,4059.4000,4059.2000,4058.8000,4057.6000,4057.2000,4060.0000,4060.2000,4060.6000,4061.0000,4061.6000,1,3,1,2,1,1,1,4,2,2
SF,IF2006,2020-02-19 10:36:28.900,4059.4000,23815,0,3533782980.000,2,1,1,多换,S,4059.2000,4058.8000,4057.6000,4057.2000,4055.4000,4060.2000,4060.6000,4061.0000,4061.6000,4062.0000,3,1,2,1,1,1,4,2,2,1
SF,IF2006,2020-02-19 10:36:29.400,4059.4000,23815,0,3533782980.000,0,-,-,-,-,4059.4000,4059.2000,4057.6000,4057.2000,4055.4000,4060.2000,4060.6000,4061.0000,4061.6000,4062.0000,3,3,2,1,1,1,4,2,2,1
SF,IF2006,2020-02-19 10:36:29.900,4059.4000,23815,0,3533782980.000,0,-,-,-,-,4059.4000,4059.2000,4057.6000,4057.2000,4055.4000,4060.2000,4060.6000,4061.0000,4061.6000,4062.0000,1,3,2,1,1,1,4,2,2,1
SF,IF2006,2020-02-19 10:36:31.400,4059.4000,23815,0,3533782980.000,0,-,-,-,-,4059.4000,4059.2000,4057.6000,4057.2000,4055.4000,4060.2000,4060.6000,4061.0000,4061.6000,4062.0000,1,3,2,1,1,1,3,2,2,1
SF,IF2006,2020-02-19 10:36:31.900,4059.4000,23815,0,3533782980.000,0,-,-,-,-,4059.4000,4059.2000,4057.6000,4057.2000,4055.4000,4060.2000,4060.4000,4060.6000,4061.0000,4061.6000,1,3,2,1,1,1,1,3,2,2
SF,IF2006,2020-02-19 10:36:32.400,4059.4000,23816,1,3535000800.000,1,1,0,双开,S,4057.6000,4057.2000,4055.4000,4054.6000,4054.4000,4060.0000,4060.2000,4060.4000,4060.6000,4061.0000,2,1,1,1,1,2,1,1,3,2
SF,IF2006,2020-02-19 10:36:32.900,4059.4000,23816,0,3535000800.000,0,-,-,-,-,4058.4000,4058.2000,4058.0000,4057.8000,4057.6000,4060.0000,4060.2000,4060.4000,4060.6000,4061.0000,6,2,3,4,3,2,1,2,3,2
SF,IF2006,2020-02-19 10:36:33.400,4059.4000,23816,0,3535000800.000,0,-,-,-,-,4058.4000,4058.2000,4058.0000,4057.8000,4057.6000,4059.4000,4060.0000,4060.2000,4060.4000,4060.6000,1,2,1,4,3,1,2,1,2,3
SF,IF2006,2020-02-19 10:36:33.900,4059.4000,23816,0,3535000800.000,0,-,-,-,-,4058.6000,4058.4000,4058.2000,4058.0000,4057.8000,4059.4000,4060.0000,4060.2000,4060.4000,4060.6000,1,1,2,1,4,1,2,1,2,3
SF,IF2006,2020-02-19 10:36:34.400,4059.4000,23816,0,3535000800.000,0,-,-,-,-,4058.4000,4058.2000,4058.0000,4057.8000,4057.6000,4059.4000,4060.0000,4060.2000,4060.4000,4060.6000,1,1,1,4,3,1,2,1,2,3
SF,IF2006,2020-02-19 10:36:34.900,4059.4000,23816,0,3535000800.000,0,-,-,-,-,4058.6000,4058.4000,4058.2000,4058.0000,4057.8000,4059.4000,4060.0000,4060.2000,4060.4000,4060.6000,1,1,1,1,4,1,2,1,2,3
SF,IF2006,2020-02-19 10:36:35.400,4059.4000,23816,0,3535000800.000,0,-,-,-,-,4058.4000,4058.2000,4058.0000,4057.8000,4057.6000,4059.4000,4060.0000,4060.2000,4060.4000,4060.6000,1,1,1,4,3,1,2,1,2,3
SF,IF2006,2020-02-19 10:36:35.900,4059.4000,23816,0,3536218620.000,1,0,1,多换,S,4058.6000,4058.4000,4058.2000,4058.0000,4057.8000,4060.0000,4060.2000,4060.4000,4060.6000,4061.0000,1,1,1,1,4,2,1,2,3,2
SF,IF2006,2020-02-19 10:36:36.900,4059.4000,23816,0,3536218620.000,0,-,-,-,-,4058.6000,4058.4000,4058.2000,4058.0000,4057.8000,4060.0000,4060.2000,4060.4000,4060.6000,4061.0000,1,1,1,1,4,2,1,3,3,2
SF,IF2006,2020-02-19 10:36:37.900,4059.4000,23816,0,3536218620.000,0,-,-,-,-,4058.6000,4058.4000,4058.0000,4057.8000,4057.6000,4060.0000,4060.2000,4060.4000,4060.6000,4061.0000,1,1,1,4,3,2,1,3,3,2
SF,IF2006,2020-02-19 10:36:38.400,4059.4000,23816,0,3536218620.000,0,-,-,-,-,4058.8000,4058.6000,4058.4000,4058.0000,4057.8000,4060.0000,4060.2000,4060.4000,4060.6000,4061.0000,3,1,1,1,2,2,1,3,3,2
SF,IF2006,2020-02-19 10:36:38.900,4059.4000,23816,0,3536218620.000,0,-,-,-,-,4059.0000,4058.8000,4058.4000,4058.0000,4057.8000,4060.2000,4060.4000,4060.6000,4061.0000,4061.6000,2,3,1,1,2,1,3,3,2,2
SF,IF2006,2020-02-19 10:36:39.400,4060.2000,23817,1,3537436680.000,1,1,0,双开,S,4059.4000,4059.2000,4058.0000,4057.8000,4057.6000,4060.4000,4060.6000,4061.0000,4061.6000,4062.0000,1,10,1,2,3,3,3,2,2,1
SF,IF2006,2020-02-19 10:36:39.900,4060.4000,23818,1,3541091040.000,3,2,1,空开,S,4059.8000,4059.6000,4059.4000,4059.2000,4058.0000,4060.0000,4060.6000,4061.0000,4061.6000,4063.0000,6,5,1,6,1,1,3,2,2,2
SF,IF2006,2020-02-19 10:36:40.400,4060.0000,23817,-1,3542309040.000,1,0,1,双平,S,4059.8000,4059.6000,4059.4000,4059.2000,4058.0000,4060.6000,4061.0000,4061.6000,4063.0000,4063.2000,5,5,2,5,1,3,2,2,2,1
SF,IF2006,2020-02-19 10:36:40.900,4060.6000,23816,-1,3544745400.000,2,0,2,多平,S,4060.0000,4059.8000,4059.6000,4059.4000,4059.2000,4060.6000,4061.0000,4061.6000,4063.0000,4063.2000,4,5,3,2,5,1,2,2,2,1
SF,IF2006,2020-02-19 10:36:41.400,4060.6000,23816,0,3545963580.000,1,0,1,多换,S,4060.0000,4059.8000,4059.6000,4059.4000,4059.2000,4061.0000,4061.6000,4063.0000,4063.2000,4063.4000,4,5,2,2,5,2,2,2,1,2
SF,IF2006,2020-02-19 10:36:41.900,4060.6000,23816,0,3545963580.000,0,-,-,-,-,4060.0000,4059.6000,4057.8000,4057.6000,4057.2000,4060.8000,4061.0000,4061.6000,4062.0000,4063.0000,1,2,1,3,1,2,2,2,1,2
SF,IF2006,2020-02-19 10:36:42.400,4060.6000,23816,0,3545963580.000,0,-,-,-,-,4060.2000,4060.0000,4059.6000,4057.8000,4057.6000,4060.8000,4061.0000,4061.6000,4062.0000,4063.0000,5,1,2,1,3,2,2,2,1,2
SF,IF2006,2020-02-19 10:36:42.900,4060.2000,23819,3,3552053880.000,5,4,1,空开,S,4060.0000,4059.6000,4057.8000,4057.6000,4057.2000,4060.8000,4061.0000,4061.6000,4062.0000,4063.0000,1,2,1,3,1,2,2,2,1,2
SF,IF2006,2020-02-19 10:36:43.400,4060.2000,23819,0,3552053880.000,0,-,-,-,-,4060.0000,4059.6000,4057.8000,4057.6000,4057.2000,4060.8000,4061.0000,4061.6000,4062.0000,4063.0000,1,2,1,3,1,2,2,2,1,2
SF,IF2006,2020-02-19 10:36:43.900,4060.2000,23819,0,3552053880.000,0,-,-,-,-,4059.6000,4057.8000,4057.6000,4057.2000,4055.4000,4060.8000,4061.0000,4061.6000,4062.0000,4063.0000,2,1,3,1,1,2,2,2,1,2
SF,IF2006,2020-02-19 10:36:45.400,4060.2000,23819,0,3552053880.000,0,-,-,-,-,4059.8000,4059.6000,4057.8000,4057.6000,4057.2000,4060.8000,4061.0000,4061.6000,4062.0000,4063.0000,1,2,1,3,1,2,2,2,1,2
SF,IF2006,2020-02-19 10:36:45.900,4060.2000,23819,0,3552053880.000,0,-,-,-,-,4059.8000,4059.6000,4057.8000,4057.6000,4057.2000,4061.0000,4061.6000,4062.0000,4063.0000,4063.2000,1,2,1,3,1,2,2,1,2,1
SF,IF2006,2020-02-19 10:36:49.900,4060.2000,23819,0,3552053880.000,0,-,-,-,-,4059.8000,4059.6000,4057.8000,4057.6000,4057.2000,4061.0000,4061.6000,4062.0000,4063.0000,4063.2000,1,2,1,3,1,2,2,1,2,1
SF,IF2006,2020-02-19 10:36:50.400,4060.2000,23819,0,3552053880.000,0,-,-,-,-,4059.8000,4059.6000,4057.8000,4057.6000,4057.2000,4060.8000,4061.0000,4061.6000,4062.0000,4063.0000,1,2,1,3,1,2,2,2,1,2
SF,IF2006,2020-02-19 10:36:50.900,4060.2000,23819,0,3552053880.000,0,-,-,-,-,4060.0000,4059.8000,4059.6000,4057.8000,4057.6000,4060.8000,4061.0000,4061.6000,4062.0000,4063.0000,1,1,2,1,3,2,2,2,1,2
SF,IF2006,2020-02-19 10:36:51.400,4060.2000,23819,0,3552053880.000,0,-,-,-,-,4059.8000,4059.6000,4057.8000,4057.6000,4057.2000,4061.0000,4061.6000,4062.0000,4063.0000,4063.2000,1,2,1,3,1,2,2,1,2,1
SF,IF2006,2020-02-19 10:36:51.900,4060.2000,23819,0,3552053880.000,0,-,-,-,-,4060.0000,4059.8000,4059.6000,4057.8000,4057.6000,4061.0000,4061.6000,4062.0000,4063.0000,4063.2000,1,1,2,1,3,2,2,1,2,1
SF,IF2006,2020-02-19 10:36:55.400,4060.2000,23819,0,3552053880.000,0,-,-,-,-,4060.2000,4059.8000,4059.6000,4057.8000,4057.6000,4061.0000,4061.6000,4062.0000,4063.0000,4063.2000,5,1,2,1,3,2,2,1,2,1
SF,IF2006,2020-02-19 10:36:55.900,4061.0000,23819,0,3554490480.000,2,1,1,多换,S,4060.2000,4059.8000,4059.6000,4057.8000,4057.6000,4061.6000,4062.0000,4063.0000,4063.2000,4063.4000,3,1,2,1,3,2,1,2,1,2
SF,IF2006,2020-02-19 10:36:56.400,4061.0000,23819,0,3554490480.000,0,-,-,-,-,4060.6000,4060.4000,4060.2000,4059.8000,4057.8000,4061.6000,4062.0000,4063.0000,4063.2000,4063.4000,2,2,3,1,1,2,1,2,1,2
SF,IF2006,2020-02-19 10:36:57.400,4061.0000,23819,0,3554490480.000,0,-,-,-,-,4060.4000,4060.2000,4059.8000,4057.8000,4057.6000,4061.6000,4062.0000,4063.0000,4063.2000,4063.4000,2,3,1,1,3,2,1,2,1,2
SF,IF2006,2020-02-19 10:36:58.400,4061.0000,23819,0,3554490480.000,0,-,-,-,-,4060.4000,4060.2000,4059.8000,4057.8000,4057.6000,4061.4000,4061.6000,4062.0000,4063.0000,4063.2000,2,1,1,1,3,2,2,1,2,1
SF,IF2006,2020-02-19 10:36:58.900,4061.0000,23819,0,3554490480.000,0,-,-,-,-,4060.4000,4060.2000,4059.8000,4057.8000,4057.6000,4061.4000,4061.6000,4062.0000,4063.0000,4063.2000,2,1,1,1,3,2,2,1,2,1
SF,IF2006,2020-02-19 10:37:00.900,4061.0000,23819,0,3554490480.000,0,-,-,-,-,4060.4000,4060.2000,4059.8000,4057.8000,4057.6000,4061.6000,4062.0000,4063.0000,4063.2000,4063.4000,2,1,1,1,3,2,1,2,1,2
SF,IF2006,2020-02-19 10:37:02.400,4061.0000,23819,0,3554490480.000,0,-,-,-,-,4060.4000,4060.2000,4059.8000,4057.8000,4057.6000,4061.6000,4062.0000,4063.0000,4063.2000,4063.4000,2,1,1,1,3,2,1,2,1,2
SF,IF2006,2020-02-19 10:37:03.900,4061.0000,23819,0,3554490480.000,0,-,-,-,-,4060.6000,4060.4000,4060.2000,4059.8000,4057.8000,4061.6000,4062.0000,4063.0000,4063.2000,4063.4000,2,2,1,1,1,2,1,2,1,2
SF,IF2006,2020-02-19 10:37:06.900,4061.0000,23819,0,3554490480.000,0,-,-,-,-,4060.6000,4060.4000,4060.2000,4059.8000,4057.8000,4061.6000,4062.0000,4063.0000,4063.2000,4063.4000,2,2,1,1,1,2,1,2,1,2
SF,IF2006,2020-02-19 10:37:07.900,4061.0000,23819,0,3554490480.000,0,-,-,-,-,4060.4000,4060.2000,4059.8000,4057.8000,4057.6000,4061.6000,4062.0000,4063.0000,4063.2000,4063.4000,2,1,1,1,1,2,1,2,1,2
SF,IF2006,2020-02-19 10:37:10.900,4061.0000,23819,0,3554490480.000,0,-,-,-,-,4060.4000,4060.2000,4059.8000,4057.8000,4057.6000,4061.4000,4061.6000,4062.0000,4063.0000,4063.2000,2,1,1,1,1,2,2,1,2,1
SF,IF2006,2020-02-19 10:37:11.400,4061.0000,23819,0,3554490480.000,0,-,-,-,-,4060.2000,4059.8000,4057.8000,4057.6000,4057.2000,4061.2000,4061.4000,4061.6000,4062.0000,4063.0000,1,1,1,1,1,2,2,2,1,2
SF,IF2006,2020-02-19 10:37:11.900,4059.8000,23818,-1,3556926480.000,2,0,2,多平,S,4057.8000,4057.6000,4057.2000,4055.4000,4054.6000,4060.2000,4060.8000,4061.0000,4061.2000,4061.6000,1,1,1,1,1,2,1,2,2,2
SF,IF2006,2020-02-19 10:37:12.400,4059.8000,23818,0,3556926480.000,0,-,-,-,-,4059.0000,4058.8000,4058.4000,4058.2000,4058.0000,4059.8000,4060.0000,4060.2000,4061.6000,4062.0000,5,1,1,2,7,1,3,2,2,1
SF,IF2006,2020-02-19 10:37:12.900,4059.8000,23817,-1,3558144420.000,1,0,1,双平,S,4058.0000,4057.6000,4057.2000,4055.4000,4054.6000,4059.6000,4059.8000,4060.0000,4060.2000,4061.6000,3,1,1,1,1,1,1,2,2,2
SF,IF2006,2020-02-19 10:37:13.400,4059.8000,23817,0,3558144420.000,0,-,-,-,-,4059.4000,4058.2000,4058.0000,4057.6000,4057.2000,4059.6000,4059.8000,4060.0000,4060.2000,4061.6000,1,1,3,1,1,1,1,2,2,2
SF,IF2006,2020-02-19 10:37:13.900,4059.4000,23816,-1,3559362240.000,1,0,1,双平,S,4058.0000,4057.6000,4057.2000,4055.4000,4054.6000,4059.6000,4060.0000,4060.2000,4061.6000,4062.0000,2,1,1,1,1,1,2,2,2,1
SF,IF2006,2020-02-19 10:37:14.400,4059.4000,23816,0,3559362240.000,0,-,-,-,-,4058.2000,4058.0000,4057.6000,4057.2000,4055.4000,4059.6000,4060.0000,4060.2000,4061.6000,4062.0000,3,2,1,1,1,1,2,2,2,1
SF,IF2006,2020-02-19 10:37:14.900,4059.4000,23816,0,3559362240.000,0,-,-,-,-,4058.4000,4058.2000,4057.6000,4057.2000,4055.4000,4059.6000,4060.0000,4060.2000,4061.6000,4062.0000,2,3,1,1,1,1,2,2,2,1
SF,IF2006,2020-02-19 10:37:15.400,4059.4000,23816,0,3559362240.000,0,-,-,-,-,4058.4000,4058.2000,4057.6000,4057.2000,4055.4000,4059.6000,4060.0000,4060.2000,4061.6000,4062.0000,2,2,1,1,1,1,2,2,2,1
SF,IF2006,2020-02-19 10:37:15.900,4059.4000,23816,0,3559362240.000,0,-,-,-,-,4058.6000,4058.4000,4058.2000,4057.6000,4057.2000,4059.6000,4060.0000,4060.2000,4061.6000,4062.0000,1,2,2,1,1,1,2,2,2,1
SF,IF2006,2020-02-19 10:37:16.400,4059.4000,23816,0,3559362240.000,0,-,-,-,-,4058.4000,4058.2000,4057.6000,4057.2000,4055.4000,4059.6000,4060.0000,4060.2000,4061.6000,4062.0000,2,2,1,1,1,1,2,2,2,1
SF,IF2006,2020-02-19 10:37:16.900,4059.4000,23816,0,3559362240.000,0,-,-,-,-,4058.6000,4058.4000,4058.2000,4057.6000,4057.2000,4060.0000,4060.2000,4061.6000,4062.0000,4063.0000,2,2,2,1,1,2,1,2,1,2
SF,IF2006,2020-02-19 10:37:17.400,4059.4000,23816,0,3559362240.000,0,-,-,-,-,4058.6000,4058.4000,4058.2000,4057.6000,4057.2000,4060.0000,4060.2000,4061.6000,4062.0000,4063.0000,2,2,2,1,1,2,1,2,1,2
SF,IF2006,2020-02-19 10:37:17.900,4059.4000,23816,0,3559362240.000,0,-,-,-,-,4058.8000,4058.6000,4058.2000,4057.6000,4057.2000,4060.0000,4060.2000,4061.6000,4062.0000,4063.0000,2,2,2,1,1,2,1,2,1,2
SF,IF2006,2020-02-19 10:37:18.400,4059.4000,23816,0,3559362240.000,0,-,-,-,-,4058.8000,4057.6000,4057.2000,4055.4000,4054.6000,4060.0000,4060.2000,4061.6000,4062.0000,4063.0000,2,1,1,1,1,2,1,2,1,2
SF,IF2006,2020-02-19 10:37:19.900,4058.8000,23815,-1,3561797520.000,2,0,2,多平,S,4057.2000,4055.4000,4054.6000,4054.4000,4054.0000,4059.6000,4059.8000,4060.0000,4060.2000,4061.6000,1,1,1,1,1,2,1,4,1,2
SF,IF2006,2020-02-19 10:37:20.400,4058.8000,23815,0,3561797520.000,0,-,-,-,-,4058.2000,4057.8000,4057.6000,4057.4000,4057.2000,4059.0000,4059.4000,4059.6000,4060.2000,4061.6000,1,1,3,5,2,1,3,1,1,2
SF,IF2006,2020-02-19 10:37:20.900,4058.8000,23815,0,3561797520.000,0,-,-,-,-,4058.2000,4057.8000,4057.4000,4057.2000,4055.4000,4059.4000,4059.6000,4060.2000,4061.6000,4062.0000,1,1,5,2,1,2,1,1,2,1
SF,IF2006,2020-02-19 10:37:21.400,4058.8000,23815,0,3561797520.000,0,-,-,-,-,4058.6000,4058.4000,4057.8000,4057.4000,4057.2000,4059.4000,4059.6000,4061.6000,4062.0000,4063.0000,1,1,1,5,2,2,1,2,1,2
SF,IF2006,2020-02-19 10:37:21.900,4058.8000,23815,0,3561797520.000,0,-,-,-,-,4058.6000,4057.8000,4057.4000,4057.2000,4055.4000,4059.4000,4059.6000,4061.6000,4062.0000,4063.0000,1,1,2,2,1,2,1,2,1,2
SF,IF2006,2020-02-19 10:37:22.400,4058.8000,23815,0,3561797520.000,0,-,-,-,-,4057.8000,4057.4000,4057.2000,4055.4000,4054.6000,4059.4000,4059.6000,4061.6000,4062.0000,4063.0000,1,2,2,1,1,2,1,2,1,2
SF,IF2006,2020-02-19 10:37:22.900,4058.8000,23815,0,3561797520.000,0,-,-,-,-,4058.4000,4057.8000,4057.4000,4057.2000,4055.4000,4059.4000,4059.6000,4061.6000,4062.0000,4063.0000,1,1,2,2,1,2,1,2,1,2
SF,IF2006,2020-02-19 10:37:23.900,4058.8000,23815,0,3561797520.000,0,-,-,-,-,4057.8000,4057.4000,4057.2000,4055.4000,4054.6000,4059.4000,4059.6000,4061.6000,4062.0000,4063.0000,1,2,2,1,1,2,1,2,1,2
SF,IF2006,2020-02-19 10:37:24.400,4058.8000,23815,0,3561797520.000,0,-,-,-,-,4058.6000,4058.0000,4057.8000,4057.6000,4057.2000,4059.4000,4059.6000,4061.6000,4062.0000,4063.0000,1,6,1,1,2,2,1,2,1,2
SF,IF2006,2020-02-19 10:37:24.900,4058.8000,23815,0,3561797520.000,0,-,-,-,-,4058.8000,4058.0000,4057.8000,4057.6000,4057.2000,4059.4000,4059.6000,4061.6000,4062.0000,4063.0000,1,4,1,1,2,2,1,2,1,2
SF,IF2006,2020-02-19 10:37:25.400,4058.8000,23815,0,3561797520.000,0,-,-,-,-,4058.0000,4057.8000,4057.6000,4057.2000,4055.4000,4059.4000,4059.6000,4061.6000,4062.0000,4063.0000,4,1,1,2,1,2,1,2,1,2
SF,IF2006,2020-02-19 10:37:25.900,4058.8000,23815,0,3561797520.000,0,-,-,-,-,4058.8000,4058.4000,4058.0000,4057.8000,4057.6000,4059.4000,4059.6000,4061.6000,4062.0000,4063.0000,1,1,4,1,1,2,1,2,1,2
SF,IF2006,2020-02-19 10:37:26.400,4058.8000,23815,0,3561797520.000,0,-,-,-,-,4058.4000,4058.0000,4057.8000,4057.6000,4057.2000,4059.4000,4059.6000,4061.6000,4062.0000,4063.0000,1,3,1,1,2,2,1,2,1,2
SF,IF2006,2020-02-19 10:37:26.900,4058.8000,23815,0,3561797520.000,0,-,-,-,-,4058.8000,4058.4000,4058.0000,4057.8000,4057.6000,4059.4000,4059.6000,4061.6000,4062.0000,4063.0000,1,1,3,1,1,2,1,2,1,2
SF,IF2006,2020-02-19 10:37:27.400,4058.8000,23815,0,3561797520.000,0,-,-,-,-,4058.4000,4058.0000,4057.8000,4057.6000,4057.2000,4059.4000,4059.6000,4061.6000,4062.0000,4063.0000,1,3,1,1,2,2,1,2,1,2
SF,IF2006,2020-02-19 10:37:27.900,4058.8000,23815,0,3561797520.000,0,-,-,-,-,4058.8000,4058.4000,4058.0000,4057.8000,4057.6000,4059.4000,4059.6000,4061.6000,4062.0000,4063.0000,1,1,3,1,1,2,1,2,1,2
SF,IF2006,2020-02-19 10:37:28.400,4058.8000,23815,0,3561797520.000,0,-,-,-,-,4058.0000,4057.8000,4057.6000,4057.2000,4055.4000,4059.4000,4059.6000,4061.6000,4062.0000,4063.0000,3,1,1,2,1,2,1,2,1,2
SF,IF2006,2020-02-19 10:37:28.900,4058.8000,23815,0,3561797520.000,0,-,-,-,-,4058.6000,4058.4000,4058.0000,4057.8000,4057.6000,4059.4000,4059.6000,4061.6000,4062.0000,4063.0000,1,1,3,1,1,2,1,2,1,2
SF,IF2006,2020-02-19 10:37:29.400,4058.8000,23815,0,3561797520.000,0,-,-,-,-,4058.8000,4058.0000,4057.8000,4057.2000,4055.4000,4059.4000,4059.6000,4061.6000,4062.0000,4063.0000,1,3,1,2,1,2,1,2,1,2
SF,IF2006,2020-02-19 10:37:29.900,4058.8000,23815,0,3561797520.000,0,-,-,-,-,4058.0000,4057.8000,4057.2000,4055.4000,4054.6000,4059.4000,4059.6000,4061.6000,4062.0000,4063.0000,3,1,2,1,1,2,1,2,1,2
SF,IF2006,2020-02-19 10:37:30.400,4058.8000,23815,0,3561797520.000,0,-,-,-,-,4058.8000,4058.0000,4057.8000,4057.2000,4055.4000,4059.4000,4059.6000,4061.6000,4062.0000,4063.0000,1,3,1,2,1,2,1,2,1,2
SF,IF2006,2020-02-19 10:37:30.900,4058.8000,23815,0,3561797520.000,0,-,-,-,-,4058.0000,4057.8000,4057.2000,4055.4000,4054.6000,4059.4000,4059.6000,4061.6000,4062.0000,4063.0000,3,1,2,1,1,2,1,2,1,2
SF,IF2006,2020-02-19 10:37:31.400,4058.8000,23815,0,3561797520.000,0,-,-,-,-,4058.8000,4058.0000,4057.8000,4057.2000,4055.4000,4059.4000,4059.6000,4061.6000,4062.0000,4063.0000,1,3,1,2,1,2,1,2,1,2
SF,IF2006,2020-02-19 10:37:31.900,4058.8000,23815,0,3561797520.000,0,-,-,-,-,4058.0000,4057.8000,4057.2000,4055.4000,4054.6000,4059.4000,4059.6000,4061.6000,4062.0000,4063.0000,3,1,2,1,1,2,1,2,1,2
SF,IF2006,2020-02-19 10:37:32.400,4058.8000,23815,0,3561797520.000,0,-,-,-,-,4058.8000,4058.0000,4057.8000,4057.2000,4055.4000,4059.4000,4059.6000,4061.6000,4062.0000,4063.0000,1,3,1,2,1,2,1,2,1,2
SF,IF2006,2020-02-19 10:37:32.900,4059.4000,23815,0,3564232980.000,2,1,1,多换,S,4058.0000,4057.8000,4057.2000,4055.4000,4054.6000,4059.4000,4059.6000,4061.6000,4062.0000,4063.0000,3,1,2,1,1,1,1,2,1,2
SF,IF2006,2020-02-19 10:37:33.900,4059.4000,23815,0,3564232980.000,0,-,-,-,-,4058.0000,4057.2000,4055.4000,4054.6000,4054.4000,4059.4000,4059.6000,4061.6000,4062.0000,4063.0000,3,2,1,1,1,1,1,2,1,2
SF,IF2006,2020-02-19 10:37:34.400,4059.4000,23815,0,3564232980.000,0,-,-,-,-,4058.0000,4057.2000,4055.4000,4054.6000,4054.4000,4059.2000,4059.4000,4059.6000,4061.6000,4062.0000,2,1,1,1,1,1,1,1,2,1
SF,IF2006,2020-02-19 10:37:34.900,4059.4000,23815,0,3564232980.000,0,-,-,-,-,4058.0000,4057.2000,4055.4000,4054.6000,4054.4000,4059.0000,4059.2000,4061.6000,4062.0000,4063.0000,2,1,1,1,1,2,1,2,1,2
SF,IF2006,2020-02-19 10:37:35.400,4059.4000,23815,0,3564232980.000,0,-,-,-,-,4057.2000,4055.4000,4054.6000,4054.4000,4054.0000,4058.8000,4059.0000,4059.2000,4061.6000,4062.0000,1,1,1,1,1,2,2,2,2,1
SF,IF2006,2020-02-19 10:37:35.900,4059.4000,23815,0,3564232980.000,0,-,-,-,-,4057.8000,4057.6000,4057.4000,4057.2000,4055.4000,4058.6000,4059.0000,4059.2000,4061.6000,4062.0000,5,3,5,1,1,1,2,1,2,1
SF,IF2006,2020-02-19 10:37:36.400,4059.4000,23815,0,3564232980.000,0,-,-,-,-,4057.6000,4057.4000,4057.2000,4056.8000,4055.4000,4059.0000,4059.2000,4061.6000,4062.0000,4063.0000,1,3,1,1,1,2,1,2,1,2
SF,IF2006,2020-02-19 10:37:36.900,4059.4000,23815,0,3564232980.000,0,-,-,-,-,4057.6000,4057.4000,4057.2000,4056.8000,4055.4000,4058.8000,4059.0000,4059.2000,4061.6000,4062.0000,1,2,1,1,1,1,2,1,2,1
SF,IF2006,2020-02-19 10:37:37.400,4059.4000,23815,0,3564232980.000,0,-,-,-,-,4057.4000,4057.2000,4056.8000,4055.4000,4054.6000,4058.8000,4059.0000,4059.2000,4061.6000,4062.0000,2,1,1,1,1,1,2,1,2,1
SF,IF2006,2020-02-19 10:37:37.900,4059.4000,23815,0,3564232980.000,0,-,-,-,-,4057.4000,4057.2000,4056.8000,4055.4000,4054.6000,4058.6000,4058.8000,4059.2000,4061.6000,4062.0000,2,1,1,1,1,2,1,1,2,1
SF,IF2006,2020-02-19 10:37:38.400,4059.4000,23815,0,3564232980.000,0,-,-,-,-,4057.6000,4057.4000,4057.2000,4056.8000,4055.4000,4058.6000,4058.8000,4059.2000,4061.6000,4062.0000,1,2,1,1,1,2,1,1,2,1
SF,IF2006,2020-02-19 10:37:38.900,4059.4000,23815,0,3564232980.000,0,-,-,-,-,4057.4000,4057.2000,4056.8000,4055.4000,4054.6000,4058.6000,4058.8000,4059.2000,4061.6000,4062.0000,2,1,1,1,1,2,1,1,2,1
SF,IF2006,2020-02-19 10:37:39.400,4059.4000,23815,0,3564232980.000,0,-,-,-,-,4057.4000,4057.2000,4056.8000,4055.4000,4054.6000,4058.6000,4058.8000,4059.2000,4061.6000,4062.0000,2,1,1,1,1,2,1,1,2,1
SF,IF2006,2020-02-19 10:37:41.900,4059.4000,23815,0,3564232980.000,0,-,-,-,-,4057.4000,4057.2000,4056.8000,4055.4000,4054.6000,4058.6000,4058.8000,4059.2000,4061.6000,4062.0000,2,1,1,1,1,2,1,1,2,1
SF,IF2006,2020-02-19 10:37:43.400,4059.4000,23815,0,3564232980.000,0,-,-,-,-,4057.6000,4057.4000,4057.2000,4056.8000,4055.4000,4058.6000,4058.8000,4059.2000,4061.6000,4062.0000,1,2,1,1,1,2,1,1,2,1
SF,IF2006,2020-02-19 10:37:44.400,4059.4000,23815,0,3564232980.000,0,-,-,-,-,4057.8000,4057.4000,4057.2000,4056.8000,4055.4000,4058.6000,4058.8000,4059.2000,4061.6000,4062.0000,3,2,1,1,1,2,1,1,2,1
SF,IF2006,2020-02-19 10:37:44.900,4059.4000,23815,0,3564232980.000,0,-,-,-,-,4057.8000,4057.4000,4057.2000,4056.8000,4055.4000,4059.2000,4061.6000,4062.0000,4063.0000,4063.2000,1,2,1,1,1,1,2,1,2,1
SF,IF2006,2020-02-19 10:37:45.400,4059.4000,23815,0,3564232980.000,0,-,-,-,-,4058.2000,4058.0000,4057.8000,4057.6000,4057.2000,4059.0000,4059.2000,4061.6000,4062.0000,4063.0000,1,3,1,1,1,1,1,2,1,2
SF,IF2006,2020-02-19 10:37:45.900,4059.0000,23816,1,3565450680.000,1,1,0,双开,S,4058.0000,4057.6000,4057.2000,4056.8000,4055.4000,4059.2000,4061.6000,4062.0000,4063.0000,4063.2000,3,1,1,1,1,1,2,1,2,1
SF,IF2006,2020-02-19 10:37:46.400,4059.0000,23816,0,3565450680.000,0,-,-,-,-,4058.2000,4058.0000,4057.6000,4057.2000,4056.8000,4059.2000,4061.6000,4062.0000,4063.0000,4063.2000,2,3,1,1,1,1,2,1,2,1
SF,IF2006,2020-02-19 10:37:46.900,4059.0000,23816,0,3565450680.000,0,-,-,-,-,4058.2000,4058.0000,4057.6000,4057.2000,4056.8000,4059.2000,4061.6000,4062.0000,4063.0000,4063.2000,2,3,1,1,1,1,2,1,2,1
SF,IF2006,2020-02-19 10:37:47.900,4059.0000,23816,0,3565450680.000,0,-,-,-,-,4058.4000,4058.0000,4057.6000,4057.2000,4056.8000,4059.2000,4061.6000,4062.0000,4063.0000,4063.2000,2,4,1,1,1,1,2,1,2,1
SF,IF2006,2020-02-19 10:37:48.400,4059.0000,23816,0,3565450680.000,0,-,-,-,-,4058.0000,4057.6000,4057.2000,4056.8000,4055.4000,4059.2000,4061.6000,4062.0000,4063.0000,4063.2000,4,1,1,1,1,1,2,1,2,1
SF,IF2006,2020-02-19 10:37:48.900,4059.0000,23816,0,3565450680.000,0,-,-,-,-,4058.2000,4058.0000,4057.6000,4057.2000,4056.8000,4059.2000,4061.6000,4062.0000,4063.0000,4063.2000,2,4,1,1,1,1,2,1,2,1
SF,IF2006,2020-02-19 10:37:49.400,4059.0000,23816,0,3565450680.000,0,-,-,-,-,4058.2000,4058.0000,4057.6000,4057.2000,4056.8000,4059.2000,4061.6000,4062.0000,4063.0000,4063.2000,2,4,1,1,1,1,2,1,2,1
SF,IF2006,2020-02-19 10:37:50.900,4059.0000,23816,0,3565450680.000,0,-,-,-,-,4058.2000,4058.0000,4057.6000,4057.2000,4056.8000,4059.2000,4061.6000,4062.0000,4063.0000,4063.2000,2,4,1,1,1,1,2,1,2,1
SF,IF2006,2020-02-19 10:37:51.400,4059.0000,23816,0,3565450680.000,0,-,-,-,-,4058.2000,4058.0000,4057.6000,4057.2000,4056.8000,4059.2000,4061.6000,4062.0000,4063.0000,4063.2000,2,4,1,1,1,1,2,1,2,1
SF,IF2006,2020-02-19 10:37:51.900,4059.0000,23816,0,3565450680.000,0,-,-,-,-,4058.2000,4058.0000,4057.6000,4057.2000,4056.8000,4059.2000,4061.6000,4062.0000,4063.0000,4063.2000,3,4,1,1,1,1,2,1,2,1
SF,IF2006,2020-02-19 10:37:52.400,4059.0000,23816,0,3565450680.000,0,-,-,-,-,4058.2000,4058.0000,4057.6000,4057.2000,4056.8000,4059.2000,4061.6000,4062.0000,4063.0000,4063.2000,3,4,1,1,1,1,2,1,2,1
SF,IF2006,2020-02-19 10:37:52.900,4059.0000,23816,0,3565450680.000,0,-,-,-,-,4058.4000,4058.2000,4058.0000,4057.6000,4057.2000,4059.2000,4061.6000,4062.0000,4063.0000,4063.2000,1,3,4,1,1,1,2,1,2,1
SF,IF2006,2020-02-19 10:37:53.400,4059.0000,23816,0,3565450680.000,0,-,-,-,-,4058.4000,4058.2000,4058.0000,4057.6000,4057.4000,4059.2000,4061.6000,4062.0000,4063.0000,4063.2000,1,3,4,1,1,1,2,1,2,1
SF,IF2006,2020-02-19 10:37:53.900,4059.0000,23816,0,3565450680.000,0,-,-,-,-,4058.6000,4058.4000,4058.0000,4057.6000,4057.4000,4059.2000,4061.6000,4062.0000,4063.0000,4063.2000,1,1,4,1,1,1,2,1,2,1
SF,IF2006,2020-02-19 10:37:54.900,4059.0000,23816,0,3565450680.000,0,-,-,-,-,4058.4000,4058.0000,4057.6000,4057.4000,4057.2000,4059.2000,4061.6000,4062.0000,4063.0000,4063.2000,1,4,1,1,1,1,2,1,2,1
SF,IF2006,2020-02-19 10:37:56.900,4059.0000,23816,0,3565450680.000,0,-,-,-,-,4058.4000,4058.0000,4057.6000,4057.4000,4057.2000,4059.2000,4061.6000,4062.0000,4063.0000,4063.2000,1,4,1,1,1,1,2,1,2,1
SF,IF2006,2020-02-19 10:38:01.400,4059.0000,23816,0,3565450680.000,0,-,-,-,-,4058.4000,4058.0000,4057.6000,4057.4000,4057.2000,4059.2000,4061.6000,4062.0000,4063.0000,4063.2000,1,3,1,1,1,1,2,1,2,1
SF,IF2006,2020-02-19 10:38:01.900,4059.0000,23816,0,3565450680.000,0,-,-,-,-,4059.0000,4058.4000,4058.0000,4057.6000,4057.4000,4059.2000,4061.6000,4062.0000,4063.0000,4063.2000,1,1,3,1,1,1,2,1,2,1
SF,IF2006,2020-02-19 10:38:02.900,4059.2000,23816,0,3566668440.000,1,0,1,多换,S,4059.0000,4058.4000,4058.0000,4057.6000,4057.4000,4061.6000,4062.0000,4063.0000,4063.2000,4063.4000,1,1,3,1,1,2,2,2,1,2
SF,IF2006,2020-02-19 10:38:03.400,4059.2000,23816,0,3566668440.000,0,-,-,-,-,4059.2000,4059.0000,4058.4000,4058.0000,4057.6000,4060.2000,4060.4000,4060.8000,4061.0000,4061.2000,2,1,1,1,1,1,2,1,1,1
SF,IF2006,2020-02-19 10:38:04.400,4059.2000,23816,0,3566668440.000,0,-,-,-,-,4059.2000,4059.0000,4058.0000,4057.6000,4057.4000,4060.2000,4060.4000,4060.8000,4061.0000,4061.2000,2,1,1,1,1,1,2,1,1,1
SF,IF2006,2020-02-19 10:38:04.900,4059.2000,23816,0,3566668440.000,0,-,-,-,-,4059.2000,4059.0000,4058.0000,4057.6000,4057.4000,4060.2000,4060.4000,4060.8000,4061.2000,4061.4000,2,1,1,1,1,1,2,1,1,5
SF,IF2006,2020-02-19 10:38:05.400,4059.2000,23816,0,3566668440.000,0,-,-,-,-,4059.0000,4058.0000,4057.6000,4057.4000,4057.2000,4060.2000,4060.4000,4060.8000,4061.2000,4061.4000,1,1,1,1,1,1,2,1,1,5
SF,IF2006,2020-02-19 10:38:05.900,4059.2000,23816,0,3566668440.000,0,-,-,-,-,4059.0000,4058.0000,4057.6000,4057.4000,4057.2000,4060.0000,4060.2000,4060.4000,4060.8000,4061.2000,1,1,1,1,1,3,1,2,1,1
SF,IF2006,2020-02-19 10:38:07.400,4059.2000,23816,0,3566668440.000,0,-,-,-,-,4059.2000,4059.0000,4058.0000,4057.6000,4057.4000,4060.0000,4060.2000,4060.4000,4060.8000,4061.2000,1,1,1,1,1,3,1,2,1,1
SF,IF2006,2020-02-19 10:38:08.400,4059.2000,23816,0,3566668440.000,0,-,-,-,-,4059.2000,4059.0000,4058.0000,4057.6000,4057.4000,4060.0000,4060.2000,4060.4000,4060.8000,4061.2000,1,1,1,1,1,2,1,2,1,1
SF,IF2006,2020-02-19 10:38:11.900,4059.2000,23816,0,3566668440.000,0,-,-,-,-,4059.0000,4058.0000,4057.6000,4057.4000,4057.2000,4060.0000,4060.2000,4060.4000,4060.8000,4061.2000,1,1,1,1,1,2,1,1,1,1
SF,IF2006,2020-02-19 10:38:12.900,4059.0000,23816,0,3567886140.000,1,0,1,多换,S,4058.0000,4057.6000,4057.4000,4057.2000,4056.8000,4059.8000,4060.0000,4060.2000,4060.8000,4061.2000,1,1,1,1,1,2,2,1,1,1
SF,IF2006,2020-02-19 10:38:13.400,4059.0000,23816,0,3567886140.000,0,-,-,-,-,4058.0000,4057.4000,4057.2000,4056.8000,4055.4000,4059.0000,4059.4000,4059.6000,4060.8000,4061.2000,1,1,1,1,1,2,1,2,1,1
SF,IF2006,2020-02-19 10:38:13.900,4059.0000,23816,0,3567886140.000,0,-,-,-,-,4058.0000,4057.4000,4057.2000,4056.8000,4055.4000,4059.0000,4059.6000,4060.8000,4061.2000,4061.4000,1,1,1,1,1,2,3,1,1,3
SF,IF2006,2020-02-19 10:38:14.400,4059.0000,23816,0,3567886140.000,0,-,-,-,-,4058.0000,4057.4000,4057.2000,4056.8000,4055.4000,4058.8000,4059.0000,4059.6000,4060.8000,4061.2000,1,1,1,1,1,1,2,3,1,1
SF,IF2006,2020-02-19 10:38:15.400,4059.0000,23816,0,3567886140.000,0,-,-,-,-,4058.0000,4057.4000,4057.2000,4056.8000,4055.4000,4058.8000,4059.0000,4059.6000,4060.8000,4061.2000,3,1,1,1,1,1,2,3,1,1
SF,IF2006,2020-02-19 10:38:16.400,4059.0000,23816,0,3569103840.000,1,0,1,多换,S,4058.2000,4058.0000,4057.4000,4057.2000,4056.8000,4059.0000,4059.6000,4060.8000,4061.2000,4061.4000,2,1,1,1,1,2,3,1,1,3
SF,IF2006,2020-02-19 10:38:17.400,4059.0000,23816,0,3570321540.000,1,0,1,多换,S,4058.2000,4058.0000,4057.4000,4057.2000,4056.8000,4059.0000,4059.6000,4060.8000,4061.2000,4061.4000,1,1,1,1,1,1,3,1,1,3
SF,IF2006,2020-02-19 10:38:18.900,4059.0000,23816,0,3572756700.000,2,1,1,多换,S,4058.0000,4057.4000,4057.2000,4056.8000,4055.4000,4059.6000,4060.8000,4061.2000,4061.4000,4061.6000,1,1,1,1,1,3,1,1,3,2
SF,IF2006,2020-02-19 10:38:19.400,4058.0000,23816,0,3575191500.000,2,1,1,多换,S,4057.4000,4057.2000,4056.8000,4054.6000,4054.4000,4059.2000,4059.6000,4061.6000,4062.0000,4063.0000,1,1,1,1,2,2,5,2,2,2
SF,IF2006,2020-02-19 10:38:19.900,4057.4000,23816,0,3576408720.000,1,0,1,多换,S,4057.2000,4056.8000,4054.6000,4054.4000,4054.0000,4058.6000,4058.8000,4059.0000,4059.2000,4059.6000,1,1,1,2,1,1,1,4,1,1
SF,IF2006,2020-02-19 10:38:20.400,4058.4000,23815,-1,3577626240.000,1,0,1,双平,S,4057.2000,4056.8000,4054.6000,4054.4000,4054.0000,4058.4000,4058.6000,4058.8000,4059.0000,4059.2000,1,1,1,2,1,2,1,1,1,2
SF,IF2006,2020-02-19 10:38:20.900,4058.4000,23815,0,3577626240.000,0,-,-,-,-,4057.2000,4056.8000,4054.6000,4054.4000,4054.0000,4058.2000,4058.4000,4058.6000,4058.8000,4059.0000,1,1,1,2,1,1,2,1,1,1
SF,IF2006,2020-02-19 10:38:21.400,4058.4000,23815,0,3577626240.000,0,-,-,-,-,4057.2000,4056.8000,4054.6000,4054.4000,4054.0000,4058.0000,4058.2000,4058.6000,4058.8000,4059.0000,1,1,1,2,1,2,2,1,1,1
SF,IF2006,2020-02-19 10:38:21.900,4058.4000,23814,-1,3578843760.000,1,0,1,双平,S,4057.2000,4056.8000,4054.6000,4054.4000,4054.0000,4058.0000,4058.2000,4058.6000,4058.8000,4059.0000,1,1,1,2,1,2,2,1,1,1
SF,IF2006,2020-02-19 10:38:22.400,4057.2000,23814,0,3580060920.000,1,0,1,多换,S,4056.8000,4054.6000,4054.4000,4054.0000,4053.8000,4057.8000,4058.0000,4058.2000,4058.8000,4059.0000,1,1,2,1,1,1,1,2,1,1
SF,IF2006,2020-02-19 10:38:23.400,4057.2000,23814,0,3580060920.000,0,-,-,-,-,4056.8000,4054.6000,4054.4000,4054.0000,4053.8000,4058.0000,4058.2000,4058.8000,4059.0000,4059.2000,1,1,2,1,1,1,2,1,1,2
SF,IF2006,2020-02-19 10:38:23.900,4057.2000,23814,0,3580060920.000,0,-,-,-,-,4057.0000,4056.8000,4054.6000,4054.4000,4054.0000,4058.0000,4058.2000,4058.8000,4059.0000,4059.2000,1,1,1,2,1,1,2,1,1,2
SF,IF2006,2020-02-19 10:38:24.400,4057.2000,23814,0,3580060920.000,0,-,-,-,-,4057.2000,4056.8000,4054.6000,4054.4000,4054.0000,4058.0000,4058.2000,4058.8000,4059.0000,4059.2000,1,1,1,2,1,1,2,1,1,2
SF,IF2006,2020-02-19 10:38:24.900,4057.2000,23814,0,3580060920.000,0,-,-,-,-,4057.2000,4056.8000,4054.6000,4054.4000,4054.0000,4057.8000,4058.0000,4058.2000,4058.8000,4059.0000,1,1,1,2,1,1,1,1,1,1
SF,IF2006,2020-02-19 10:38:25.400,4057.2000,23814,0,3580060920.000,0,-,-,-,-,4056.8000,4054.6000,4054.4000,4054.0000,4053.8000,4057.8000,4058.0000,4058.2000,4058.8000,4059.0000,1,1,2,1,1,1,1,1,1,1
SF,IF2006,2020-02-19 10:38:25.900,4057.2000,23814,0,3580060920.000,0,-,-,-,-,4057.2000,4056.8000,4054.6000,4054.4000,4054.0000,4057.8000,4058.0000,4058.8000,4059.0000,4059.2000,1,1,1,2,1,1,1,1,1,2
SF,IF2006,2020-02-19 10:38:26.900,4057.8000,23813,-1,3581278260.000,1,0,1,双平,S,4057.4000,4056.8000,4054.6000,4054.4000,4054.0000,4058.0000,4058.8000,4059.0000,4059.2000,4061.0000,1,1,1,2,1,1,1,1,2,6
SF,IF2006,2020-02-19 10:38:27.400,4058.0000,23812,-1,3582495660.000,1,0,1,双平,S,4058.0000,4057.8000,4057.6000,4056.8000,4054.6000,4059.0000,4061.0000,4061.6000,4062.0000,4063.0000,1,1,3,1,1,1,6,2,2,2
SF,IF2006,2020-02-19 10:38:27.900,4058.0000,23812,0,3583713060.000,1,0,1,多换,S,4058.4000,4058.2000,4058.0000,4057.6000,4056.8000,4059.8000,4061.0000,4061.6000,4062.0000,4063.0000,1,6,1,1,1,1,6,2,2,2
SF,IF2006,2020-02-19 10:38:28.400,4058.0000,23812,0,3583713060.000,0,-,-,-,-,4058.8000,4058.2000,4058.0000,4057.6000,4056.8000,4059.2000,4059.6000,4059.8000,4061.0000,4061.6000,1,4,1,1,1,1,3,1,6,2
SF,IF2006,2020-02-19 10:38:28.900,4058.0000,23812,0,3583713060.000,0,-,-,-,-,4058.2000,4058.0000,4057.6000,4056.8000,4054.6000,4059.2000,4059.6000,4059.8000,4061.0000,4061.6000,3,1,1,1,1,1,3,1,6,2
SF,IF2006,2020-02-19 10:38:29.400,4058.0000,23811,-1,3584930460.000,1,0,1,双平,S,4058.4000,4058.2000,4058.0000,4057.6000,4056.8000,4059.2000,4059.6000,4059.8000,4061.0000,4061.6000,3,3,1,1,1,1,3,1,6,2
SF,IF2006,2020-02-19 10:38:29.900,4058.0000,23811,0,3584930460.000,0,-,-,-,-,4058.4000,4058.2000,4058.0000,4057.6000,4056.8000,4059.2000,4059.6000,4059.8000,4061.0000,4061.6000,1,3,1,1,1,1,3,1,6,2
SF,IF2006,2020-02-19 10:38:30.400,4058.0000,23811,0,3584930460.000,0,-,-,-,-,4058.6000,4058.4000,4058.2000,4058.0000,4057.6000,4059.6000,4059.8000,4061.0000,4061.6000,4062.0000,1,1,3,1,1,3,1,6,2,2
SF,IF2006,2020-02-19 10:38:32.400,4058.0000,23811,0,3584930460.000,0,-,-,-,-,4058.6000,4058.2000,4058.0000,4057.6000,4056.8000,4059.4000,4059.6000,4059.8000,4061.0000,4061.6000,1,3,1,1,1,1,3,1,6,2
SF,IF2006,2020-02-19 10:38:32.900,4058.0000,23811,0,3584930460.000,0,-,-,-,-,4058.6000,4058.2000,4058.0000,4057.6000,4056.8000,4059.4000,4059.6000,4059.8000,4061.0000,4061.6000,1,3,1,1,1,1,3,1,6,2
SF,IF2006,2020-02-19 10:38:33.400,4058.6000,23811,0,3586148040.000,1,0,1,多换,S,4058.2000,4057.6000,4056.8000,4054.6000,4054.4000,4059.2000,4059.4000,4059.6000,4059.8000,4061.0000,3,1,1,1,2,1,1,3,1,6
SF,IF2006,2020-02-19 10:38:33.900,4058.6000,23811,0,3586148040.000,0,-,-,-,-,4056.8000,4054.6000,4054.4000,4054.0000,4053.8000,4058.6000,4059.0000,4059.2000,4059.6000,4059.8000,1,1,2,1,1,1,3,1,1,1
SF,IF2006,2020-02-19 10:38:34.400,4058.6000,23811,0,3586148040.000,0,-,-,-,-,4057.2000,4057.0000,4056.8000,4054.6000,4054.4000,4058.6000,4059.0000,4059.2000,4059.8000,4061.0000,4,3,1,1,2,1,3,1,1,6
SF,IF2006,2020-02-19 10:38:34.900,4058.6000,23811,0,3586148040.000,0,-,-,-,-,4057.4000,4057.2000,4057.0000,4056.8000,4054.6000,4058.6000,4059.0000,4059.2000,4059.8000,4061.0000,2,4,1,1,1,1,3,1,1,6
SF,IF2006,2020-02-19 10:38:36.400,4058.6000,23811,0,3586148040.000,0,-,-,-,-,4057.6000,4057.4000,4057.2000,4057.0000,4056.8000,4058.6000,4059.0000,4059.2000,4059.8000,4061.0000,2,2,2,1,1,1,3,1,1,6
SF,IF2006,2020-02-19 10:38:36.900,4058.6000,23811,0,3586148040.000,0,-,-,-,-,4057.8000,4057.6000,4057.2000,4057.0000,4056.8000,4058.4000,4058.6000,4059.0000,4059.2000,4059.8000,2,2,2,1,1,1,1,3,1,1
SF,IF2006,2020-02-19 10:38:37.400,4058.6000,23811,0,3586148040.000,0,-,-,-,-,4057.8000,4057.6000,4057.2000,4057.0000,4056.8000,4058.4000,4058.6000,4059.0000,4059.2000,4059.8000,2,2,1,1,1,1,1,3,1,1
SF,IF2006,2020-02-19 10:38:38.400,4058.4000,23811,0,3587365560.000,1,0,1,多换,S,4057.8000,4057.2000,4056.8000,4054.6000,4054.4000,4058.6000,4059.0000,4059.2000,4059.8000,4061.0000,2,1,1,1,2,1,3,1,1,6
SF,IF2006,2020-02-19 10:38:38.900,4058.4000,23811,0,3587365560.000,0,-,-,-,-,4057.8000,4057.2000,4056.8000,4054.6000,4054.4000,4058.6000,4059.0000,4059.8000,4061.0000,4061.6000,2,1,1,1,2,1,3,1,6,2
SF,IF2006,2020-02-19 10:38:39.400,4058.4000,23811,0,3587365560.000,0,-,-,-,-,4057.2000,4056.8000,4054.6000,4054.4000,4054.0000,4058.6000,4059.0000,4059.8000,4061.0000,4061.6000,1,1,1,2,1,1,3,1,6,2
SF,IF2006,2020-02-19 10:38:39.900,4058.4000,23811,0,3587365560.000,0,-,-,-,-,4057.6000,4057.4000,4057.2000,4056.8000,4054.6000,4058.6000,4059.0000,4059.8000,4061.0000,4061.6000,2,3,1,1,1,1,3,1,6,2
SF,IF2006,2020-02-19 10:38:40.900,4058.4000,23811,0,3587365560.000,0,-,-,-,-,4057.4000,4057.2000,4056.8000,4054.6000,4054.4000,4058.4000,4058.6000,4059.0000,4059.8000,4061.0000,2,1,1,1,2,2,1,2,1,6
SF,IF2006,2020-02-19 10:38:41.400,4057.4000,23809,-2,3589800000.000,2,0,2,双平,S,4056.8000,4054.6000,4054.4000,4054.0000,4053.8000,4057.2000,4057.4000,4057.8000,4058.0000,4058.2000,1,1,2,1,1,1,1,1,1,2
SF,IF2006,2020-02-19 10:38:41.900,4056.8000,23809,0,3591017040.000,1,0,1,多换,S,4054.6000,4054.4000,4054.0000,4053.8000,4053.0000,4056.8000,4057.0000,4057.2000,4058.2000,4058.6000,1,1,1,1,2,2,2,1,1,1
SF,IF2006,2020-02-19 10:38:42.400,4056.8000,23809,0,3591017040.000,0,-,-,-,-,4055.2000,4055.0000,4054.8000,4054.6000,4054.4000,4056.6000,4056.8000,4058.2000,4058.6000,4059.8000,1,3,6,2,1,3,2,1,1,1
SF,IF2006,2020-02-19 10:38:42.900,4056.8000,23809,0,3591017040.000,0,-,-,-,-,4055.4000,4055.2000,4055.0000,4054.8000,4054.6000,4056.6000,4056.8000,4058.2000,4058.6000,4059.8000,3,1,2,4,1,3,1,1,1,1
SF,IF2006,2020-02-19 10:38:43.400,4056.8000,23809,0,3591017040.000,0,-,-,-,-,4055.4000,4055.2000,4055.0000,4054.8000,4054.4000,4056.6000,4056.8000,4058.2000,4058.6000,4059.8000,3,2,2,3,1,3,1,1,1,1
SF,IF2006,2020-02-19 10:38:43.900,4056.8000,23809,0,3591017040.000,0,-,-,-,-,4055.6000,4055.4000,4055.2000,4054.8000,4054.4000,4056.6000,4056.8000,4058.2000,4058.6000,4059.8000,2,3,2,3,1,3,1,1,1,1
SF,IF2006,2020-02-19 10:38:44.400,4056.6000,23809,0,3594667980.000,3,1,2,多换,S,4055.8000,4055.6000,4055.2000,4054.8000,4054.4000,4056.8000,4058.2000,4058.6000,4059.8000,4061.0000,3,2,1,3,1,1,1,1,1,6
SF,IF2006,2020-02-19 10:38:44.900,4056.6000,23809,0,3594667980.000,0,-,-,-,-,4056.4000,4056.2000,4056.0000,4055.8000,4054.8000,4058.2000,4058.6000,4059.8000,4061.0000,4061.6000,1,2,7,3,3,1,1,1,6,2
SF,IF2006,2020-02-19 10:38:45.400,4056.6000,23809,0,3594667980.000,0,-,-,-,-,4056.6000,4056.4000,4056.2000,4056.0000,4055.8000,4058.0000,4058.2000,4058.6000,4059.8000,4061.0000,3,1,1,2,1,2,1,1,1,6
SF,IF2006,2020-02-19 10:38:45.900,4056.6000,23809,0,3594667980.000,0,-,-,-,-,4056.6000,4056.4000,4056.2000,4055.8000,4054.8000,4058.0000,4058.2000,4058.6000,4059.8000,4061.0000,1,1,1,1,3,2,1,1,1,6
SF,IF2006,2020-02-19 10:38:46.400,4056.6000,23809,0,3594667980.000,0,-,-,-,-,4056.6000,4056.4000,4056.2000,4055.8000,4054.8000,4057.8000,4058.0000,4058.2000,4058.6000,4059.8000,1,1,1,1,3,1,2,1,1,1
SF,IF2006,2020-02-19 10:38:46.900,4056.6000,23809,0,3594667980.000,0,-,-,-,-,4056.8000,4056.6000,4056.4000,4056.2000,4055.8000,4058.0000,4058.2000,4058.6000,4059.8000,4061.0000,1,1,1,1,1,2,1,1,1,6
SF,IF2006,2020-02-19 10:38:47.400,4056.6000,23809,0,3594667980.000,0,-,-,-,-,4056.6000,4056.2000,4055.8000,4054.8000,4054.4000,4058.0000,4058.2000,4058.6000,4059.4000,4059.8000,1,1,1,3,1,2,1,1,1,1
SF,IF2006,2020-02-19 10:38:47.900,4056.6000,23809,0,3594667980.000,0,-,-,-,-,4057.0000,4056.8000,4056.6000,4056.2000,4055.8000,4058.0000,4058.2000,4058.6000,4059.4000,4059.8000,1,3,1,1,1,2,1,1,1,1
SF,IF2006,2020-02-19 10:38:48.400,4056.6000,23809,0,3594667980.000,0,-,-,-,-,4057.2000,4057.0000,4056.8000,4056.6000,4055.8000,4058.2000,4058.6000,4059.4000,4059.8000,4061.0000,2,1,1,1,1,1,1,1,1,6
SF,IF2006,2020-02-19 10:38:48.900,4056.6000,23809,0,3594667980.000,0,-,-,-,-,4057.2000,4055.8000,4054.8000,4054.4000,4053.8000,4058.6000,4059.4000,4059.8000,4061.0000,4061.6000,2,1,3,1,1,1,1,1,6,2
SF,IF2006,2020-02-19 10:38:49.400,4056.6000,23809,0,3594667980.000,0,-,-,-,-,4057.6000,4057.4000,4057.2000,4055.8000,4054.8000,4058.6000,4059.4000,4059.8000,4061.0000,4061.6000,3,2,3,1,3,1,1,1,6,2
SF,IF2006,2020-02-19 10:38:49.900,4058.6000,23809,0,3595885560.000,1,0,1,多换,S,4058.0000,4057.8000,4057.2000,4055.8000,4054.8000,4059.4000,4059.8000,4061.0000,4061.6000,4062.0000,2,6,1,1,3,1,1,6,2,2
SF,IF2006,2020-02-19 10:38:50.400,4058.6000,23809,0,3595885560.000,0,-,-,-,-,4058.0000,4057.8000,4057.2000,4056.8000,4055.8000,4059.2000,4059.4000,4059.8000,4061.0000,4061.6000,2,2,1,1,1,4,1,1,6,2
SF,IF2006,2020-02-19 10:38:50.900,4058.6000,23809,0,3595885560.000,0,-,-,-,-,4057.8000,4057.2000,4056.8000,4055.8000,4054.8000,4059.2000,4059.4000,4059.8000,4061.0000,4061.6000,2,1,1,1,3,4,1,1,6,2
SF,IF2006,2020-02-19 10:38:51.400,4058.6000,23809,0,3595885560.000,0,-,-,-,-,4057.8000,4057.2000,4056.8000,4055.8000,4054.8000,4058.8000,4059.2000,4059.4000,4059.8000,4061.0000,2,1,1,1,3,1,3,1,1,6
SF,IF2006,2020-02-19 10:38:51.900,4058.6000,23809,0,3595885560.000,0,-,-,-,-,4057.8000,4057.2000,4055.8000,4054.8000,4054.4000,4058.8000,4059.2000,4059.4000,4059.8000,4061.0000,2,1,1,3,1,1,3,1,1,6
SF,IF2006,2020-02-19 10:38:52.400,4058.6000,23809,0,3595885560.000,0,-,-,-,-,4057.2000,4055.8000,4054.8000,4054.4000,4053.8000,4058.8000,4059.2000,4059.4000,4059.8000,4061.0000,1,1,3,1,1,1,3,1,1,6
SF,IF2006,2020-02-19 10:38:52.900,4058.6000,23809,0,3595885560.000,0,-,-,-,-,4057.4000,4055.8000,4054.8000,4054.4000,4053.8000,4058.6000,4058.8000,4059.4000,4059.8000,4061.0000,2,1,3,1,1,3,1,1,1,6
SF,IF2006,2020-02-19 10:38:53.400,4058.6000,23809,0,3595885560.000,0,-,-,-,-,4057.4000,4056.8000,4055.8000,4054.8000,4054.4000,4058.6000,4058.8000,4059.4000,4059.8000,4061.0000,2,1,1,3,1,3,1,1,1,6
SF,IF2006,2020-02-19 10:38:53.900,4058.6000,23809,0,3595885560.000,0,-,-,-,-,4057.4000,4056.8000,4056.0000,4055.8000,4054.8000,4058.4000,4058.6000,4058.8000,4059.4000,4059.8000,2,1,1,1,3,2,3,1,1,1
SF,IF2006,2020-02-19 10:38:54.900,4058.6000,23809,0,3595885560.000,0,-,-,-,-,4057.4000,4056.8000,4056.0000,4054.8000,4054.4000,4058.4000,4058.6000,4058.8000,4059.4000,4059.8000,2,1,1,3,1,1,3,1,1,1
SF,IF2006,2020-02-19 10:38:55.400,4058.6000,23809,0,3595885560.000,0,-,-,-,-,4057.4000,4056.8000,4056.0000,4054.8000,4054.4000,4058.6000,4058.8000,4059.4000,4059.8000,4061.0000,2,1,1,3,1,3,1,1,1,6
SF,IF2006,2020-02-19 10:38:56.400,4058.6000,23809,0,3595885560.000,0,-,-,-,-,4057.4000,4056.0000,4054.8000,4054.4000,4053.8000,4058.6000,4058.8000,4059.4000,4059.8000,4061.0000,2,1,3,1,1,3,1,1,1,6
SF,IF2006,2020-02-19 10:38:56.900,4058.6000,23809,0,3595885560.000,0,-,-,-,-,4057.4000,4056.0000,4054.8000,4054.4000,4053.8000,4058.4000,4058.6000,4059.4000,4059.8000,4061.0000,2,1,3,1,1,2,3,1,1,6
SF,IF2006,2020-02-19 10:38:57.900,4058.6000,23809,0,3595885560.000,0,-,-,-,-,4057.4000,4056.0000,4054.8000,4054.4000,4053.8000,4058.4000,4058.6000,4059.4000,4059.8000,4061.0000,2,1,3,1,1,1,3,1,1,6
SF,IF2006,2020-02-19 10:38:58.400,4058.6000,23809,0,3595885560.000,0,-,-,-,-,4057.4000,4056.0000,4054.8000,4054.4000,4053.8000,4058.4000,4058.6000,4059.4000,4059.8000,4061.0000,2,1,3,1,1,1,3,1,1,6
SF,IF2006,2020-02-19 10:38:58.900,4058.6000,23809,0,3595885560.000,0,-,-,-,-,4057.6000,4057.4000,4056.0000,4054.8000,4054.4000,4058.6000,4059.4000,4059.8000,4061.0000,4061.6000,2,2,1,3,1,3,1,1,6,2
SF,IF2006,2020-02-19 10:38:59.400,4058.6000,23809,0,3595885560.000,0,-,-,-,-,4057.6000,4057.4000,4056.0000,4054.8000,4054.4000,4058.6000,4059.4000,4059.8000,4061.0000,4061.6000,2,2,1,3,1,1,1,1,6,2
SF,IF2006,2020-02-19 10:38:59.900,4058.6000,23809,0,3595885560.000,0,-,-,-,-,4057.6000,4057.4000,4056.0000,4054.8000,4054.4000,4059.4000,4059.8000,4061.0000,4061.6000,4062.0000,2,2,1,3,1,1,1,6,2,2
SF,IF2006,2020-02-19 10:39:00.400,4058.6000,23809,0,3595885560.000,0,-,-,-,-,4057.8000,4057.6000,4056.0000,4054.8000,4054.4000,4058.8000,4059.0000,4059.2000,4059.4000,4059.6000,2,1,1,3,1,2,1,3,1,1
SF,IF2006,2020-02-19 10:39:00.900,4058.6000,23809,0,3595885560.000,0,-,-,-,-,4058.6000,4057.8000,4057.6000,4056.0000,4054.8000,4058.8000,4059.0000,4059.2000,4059.4000,4059.8000,1,2,1,1,3,1,1,3,1,1
SF,IF2006,2020-02-19 10:39:01.400,4058.6000,23810,1,3597103140.000,1,1,0,双开,S,4057.8000,4056.0000,4054.8000,4054.4000,4053.8000,4059.0000,4059.2000,4059.4000,4059.8000,4061.0000,2,1,3,1,1,1,3,1,1,6
SF,IF2006,2020-02-19 10:39:01.900,4058.6000,23810,0,3597103140.000,0,-,-,-,-,4058.0000,4057.8000,4056.0000,4054.8000,4054.4000,4059.2000,4059.4000,4059.8000,4061.0000,4061.6000,4,2,1,3,1,3,1,1,6,2
SF,IF2006,2020-02-19 10:39:02.400,4058.6000,23810,0,3597103140.000,0,-,-,-,-,4058.4000,4058.2000,4058.0000,4056.0000,4054.8000,4059.4000,4059.8000,4061.0000,4061.6000,4062.0000,1,5,1,1,3,1,1,6,2,2
SF,IF2006,2020-02-19 10:39:02.900,4059.8000,23810,0,3599538900.000,2,1,1,多换,S,4058.8000,4058.6000,4056.0000,4054.8000,4054.4000,4061.0000,4061.6000,4062.0000,4063.0000,4063.2000,1,6,1,3,1,6,2,2,2,1
SF,IF2006,2020-02-19 10:39:03.400,4059.8000,23810,0,3599538900.000,0,-,-,-,-,4059.2000,4059.0000,4058.8000,4058.6000,4056.0000,4060.6000,4060.8000,4061.0000,4061.6000,4062.0000,2,2,2,1,1,2,3,6,2,2
SF,IF2006,2020-02-19 10:39:03.900,4059.6000,23811,1,3600756780.000,1,1,0,双开,S,4059.8000,4059.6000,4059.4000,4059.2000,4058.8000,4060.8000,4061.0000,4061.6000,4062.0000,4063.0000,1,2,7,1,2,3,6,2,2,2
SF,IF2006,2020-02-19 10:39:04.400,4059.6000,23811,0,3600756780.000,0,-,-,-,-,4060.0000,4059.8000,4059.4000,4058.8000,4056.0000,4060.8000,4061.0000,4061.6000,4062.0000,4063.0000,3,1,2,2,1,2,6,2,2,2
SF,IF2006,2020-02-19 10:39:04.900,4059.8000,23811,0,3601974720.000,1,0,1,多换,S,4059.4000,4058.8000,4056.0000,4054.8000,4054.4000,4060.8000,4061.0000,4061.6000,4062.0000,4063.0000,2,1,1,3,1,2,6,2,2,2
SF,IF2006,2020-02-19 10:39:05.400,4059.8000,23811,0,3601974720.000,0,-,-,-,-,4059.8000,4059.4000,4058.8000,4056.0000,4054.8000,4060.6000,4060.8000,4061.0000,4061.6000,4062.0000,1,2,1,1,3,1,2,6,2,2
SF,IF2006,2020-02-19 10:39:05.900,4059.4000,23810,-1,3604410360.000,2,0,2,多平,S,4056.0000,4054.8000,4054.4000,4053.8000,4053.0000,4060.2000,4060.8000,4061.0000,4061.6000,4062.0000,1,3,1,1,2,1,2,6,2,2
SF,IF2006,2020-02-19 10:39:06.400,4059.4000,23810,0,3604410360.000,0,-,-,-,-,4057.4000,4057.2000,4056.6000,4056.4000,4056.2000,4059.6000,4059.8000,4060.0000,4061.0000,4061.6000,2,1,1,2,4,1,1,3,6,2
SF,IF2006,2020-02-19 10:39:06.900,4059.4000,23810,0,3604410360.000,0,-,-,-,-,4057.8000,4057.6000,4057.4000,4057.0000,4056.6000,4059.4000,4059.6000,4061.0000,4061.6000,4062.0000,1,4,3,1,1,3,1,6,2,2
SF,IF2006,2020-02-19 10:39:07.400,4059.4000,23811,1,3606846000.000,2,1,1,空开,S,4058.4000,4058.2000,4058.0000,4057.8000,4057.4000,4059.6000,4061.0000,4061.6000,4062.0000,4063.0000,1,1,5,1,1,1,6,2,2,2
SF,IF2006,2020-02-19 10:39:07.900,4059.6000,23811,0,3608063880.000,1,0,1,多换,S,4059.0000,4058.8000,4058.6000,4057.8000,4057.4000,4061.0000,4061.6000,4062.0000,4063.0000,4063.2000,1,2,4,1,1,6,2,2,2,1
SF,IF2006,2020-02-19 10:39:08.400,4059.6000,23811,0,3608063880.000,0,-,-,-,-,4059.2000,4059.0000,4058.8000,4058.4000,4057.8000,4060.6000,4060.8000,4061.0000,4061.6000,4062.0000,4,1,2,1,1,1,3,6,2,2
SF,IF2006,2020-02-19 10:39:08.900,4059.6000,23811,0,3608063880.000,0,-,-,-,-,4059.6000,4059.4000,4059.2000,4058.4000,4057.4000,4060.6000,4060.8000,4061.0000,4061.6000,4062.0000,2,2,2,1,1,1,3,6,2,2
SF,IF2006,2020-02-19 10:39:11.400,4059.6000,23811,0,3608063880.000,0,-,-,-,-,4059.8000,4059.4000,4059.2000,4058.4000,4057.4000,4060.8000,4061.0000,4061.6000,4062.0000,4063.0000,2,2,2,1,1,2,6,2,2,2
SF,IF2006,2020-02-19 10:39:11.900,4059.6000,23811,0,3608063880.000,0,-,-,-,-,4059.8000,4059.4000,4059.2000,4058.4000,4057.4000,4060.8000,4061.0000,4061.6000,4062.0000,4063.0000,2,1,2,1,1,2,6,2,2,2
SF,IF2006,2020-02-19 10:39:12.400,4059.6000,23811,0,3608063880.000,0,-,-,-,-,4059.4000,4058.4000,4057.4000,4057.0000,4056.6000,4060.8000,4061.0000,4061.6000,4062.0000,4063.0000,1,1,1,1,1,2,6,2,2,2
SF,IF2006,2020-02-19 10:39:12.900,4059.6000,23811,0,3608063880.000,0,-,-,-,-,4059.4000,4058.4000,4057.4000,4057.0000,4056.6000,4060.6000,4060.8000,4061.0000,4061.6000,4062.0000,1,1,1,1,1,1,2,6,2,2
SF,IF2006,2020-02-19 10:39:13.400,4059.6000,23811,0,3608063880.000,0,-,-,-,-,4058.4000,4057.4000,4057.0000,4056.4000,4056.2000,4060.4000,4060.6000,4061.0000,4061.6000,4062.0000,1,1,1,1,2,3,1,6,2,2
SF,IF2006,2020-02-19 10:39:13.900,4059.6000,23811,0,3608063880.000,0,-,-,-,-,4058.8000,4058.6000,4058.4000,4057.4000,4057.0000,4060.0000,4060.4000,4060.6000,4061.0000,4061.6000,1,4,1,1,1,1,3,1,6,2
SF,IF2006,2020-02-19 10:39:14.400,4059.6000,23811,0,3608063880.000,0,-,-,-,-,4058.8000,4058.6000,4057.4000,4057.0000,4056.4000,4059.8000,4060.0000,4060.6000,4061.0000,4061.6000,1,3,1,1,1,2,1,1,6,2
SF,IF2006,2020-02-19 10:39:14.900,4059.6000,23811,0,3608063880.000,0,-,-,-,-,4058.6000,4057.0000,4056.4000,4056.2000,4056.0000,4059.8000,4060.0000,4060.6000,4061.0000,4061.6000,1,1,1,2,2,2,1,1,6,2
SF,IF2006,2020-02-19 10:39:15.400,4059.6000,23811,0,3608063880.000,0,-,-,-,-,4058.6000,4056.4000,4056.2000,4056.0000,4054.4000,4059.6000,4059.8000,4060.0000,4060.6000,4061.0000,1,1,2,2,1,1,2,1,1,6
SF,IF2006,2020-02-19 10:39:15.900,4059.6000,23811,0,3608063880.000,0,-,-,-,-,4056.4000,4056.2000,4056.0000,4054.4000,4053.8000,4059.6000,4059.8000,4060.0000,4060.6000,4061.0000,1,2,2,1,1,1,2,1,1,6
SF,IF2006,2020-02-19 10:39:16.400,4059.6000,23811,0,3608063880.000,0,-,-,-,-,4057.8000,4057.6000,4057.4000,4057.2000,4057.0000,4059.4000,4059.6000,4060.6000,4061.0000,4061.6000,1,1,1,5,2,3,1,1,6,2
SF,IF2006,2020-02-19 10:39:16.900,4059.6000,23811,0,3608063880.000,0,-,-,-,-,4058.0000,4057.8000,4057.6000,4057.4000,4057.0000,4059.4000,4059.6000,4060.6000,4061.0000,4061.6000,2,1,1,1,1,3,1,1,6,2
SF,IF2006,2020-02-19 10:39:17.400,4059.6000,23811,0,3608063880.000,0,-,-,-,-,4058.0000,4057.8000,4057.6000,4057.4000,4057.0000,4059.4000,4059.6000,4060.6000,4061.0000,4061.6000,2,1,1,1,1,3,1,1,6,2
SF,IF2006,2020-02-19 10:39:17.900,4059.6000,23811,0,3608063880.000,0,-,-,-,-,4058.0000,4057.8000,4057.0000,4056.6000,4056.2000,4059.4000,4059.6000,4060.6000,4061.0000,4061.6000,2,1,1,1,1,3,1,1,6,2
SF,IF2006,2020-02-19 10:39:18.400,4059.6000,23811,0,3608063880.000,0,-,-,-,-,4058.4000,4058.2000,4058.0000,4057.8000,4057.0000,4059.4000,4059.6000,4060.6000,4061.0000,4061.6000,1,1,2,1,2,3,1,1,6,2
SF,IF2006,2020-02-19 10:39:19.900,4059.6000,23811,0,3608063880.000,0,-,-,-,-,4058.6000,4058.4000,4058.0000,4057.8000,4057.0000,4059.4000,4059.6000,4060.6000,4061.0000,4061.6000,1,1,2,1,2,3,1,1,6,2
SF,IF2006,2020-02-19 10:39:21.400,4059.6000,23811,0,3608063880.000,0,-,-,-,-,4058.6000,4058.0000,4057.8000,4057.0000,4056.6000,4059.4000,4059.6000,4060.6000,4061.0000,4061.6000,1,2,1,2,1,3,1,1,6,2
SF,IF2006,2020-02-19 10:39:23.900,4059.6000,23811,0,3608063880.000,0,-,-,-,-,4058.6000,4058.0000,4057.0000,4056.6000,4056.2000,4059.4000,4059.6000,4060.6000,4061.0000,4061.6000,1,2,2,1,1,2,1,1,6,2
SF,IF2006,2020-02-19 10:39:24.400,4059.6000,23811,0,3608063880.000,0,-,-,-,-,4058.6000,4058.0000,4057.0000,4056.6000,4056.2000,4059.6000,4060.6000,4061.0000,4061.6000,4062.0000,1,2,2,1,1,1,1,6,2,2
SF,IF2006,2020-02-19 10:39:27.400,4059.6000,23811,0,3608063880.000,0,-,-,-,-,4058.0000,4057.0000,4056.6000,4056.2000,4056.0000,4059.4000,4059.6000,4060.6000,4061.0000,4061.6000,2,2,1,1,1,1,1,1,6,2
SF,IF2006,2020-02-19 10:39:27.900,4059.6000,23811,0,3608063880.000,0,-,-,-,-,4058.0000,4057.0000,4056.6000,4056.2000,4056.0000,4059.2000,4059.4000,4059.6000,4060.6000,4061.0000,2,2,1,1,1,2,1,1,1,6
SF,IF2006,2020-02-19 10:39:28.400,4059.6000,23811,0,3608063880.000,0,-,-,-,-,4057.0000,4056.2000,4056.0000,4054.4000,4053.0000,4059.0000,4059.2000,4059.4000,4060.6000,4061.0000,2,1,1,1,2,1,2,1,1,6
SF,IF2006,2020-02-19 10:39:28.900,4059.6000,23811,0,3608063880.000,0,-,-,-,-,4057.4000,4057.2000,4057.0000,4056.2000,4056.0000,4058.8000,4059.0000,4060.6000,4061.0000,4061.6000,2,8,1,1,1,3,1,1,6,2
SF,IF2006,2020-02-19 10:39:29.400,4059.6000,23811,0,3608063880.000,0,-,-,-,-,4057.4000,4057.2000,4057.0000,4056.4000,4056.2000,4058.8000,4059.0000,4060.6000,4061.0000,4061.6000,2,8,1,1,1,3,1,1,6,2
SF,IF2006,2020-02-19 10:39:30.900,4059.6000,23811,0,3608063880.000,0,-,-,-,-,4057.6000,4057.4000,4057.2000,4057.0000,4056.4000,4058.8000,4059.0000,4060.6000,4061.0000,4061.6000,1,2,8,1,1,3,1,1,6,2
SF,IF2006,2020-02-19 10:39:31.400,4059.6000,23811,0,3608063880.000,0,-,-,-,-,4057.8000,4057.6000,4057.4000,4057.2000,4057.0000,4058.8000,4059.0000,4060.6000,4061.0000,4061.6000,3,1,1,6,1,1,1,1,6,2
SF,IF2006,2020-02-19 10:39:31.900,4059.6000,23811,0,3608063880.000,0,-,-,-,-,4057.8000,4057.6000,4057.4000,4057.2000,4057.0000,4058.8000,4059.0000,4060.6000,4061.0000,4061.6000,3,1,1,3,1,1,1,1,6,2
SF,IF2006,2020-02-19 10:39:32.400,4059.6000,23811,0,3608063880.000,0,-,-,-,-,4058.0000,4057.8000,4057.6000,4057.4000,4057.2000,4058.8000,4059.0000,4060.6000,4061.0000,4061.6000,1,4,1,1,3,1,1,1,6,2
SF,IF2006,2020-02-19 10:39:32.900,4059.6000,23811,0,3608063880.000,0,-,-,-,-,4057.8000,4057.6000,4057.4000,4057.2000,4057.0000,4058.8000,4059.0000,4060.6000,4061.0000,4061.6000,4,1,1,3,1,1,1,1,6,2
SF,IF2006,2020-02-19 10:39:33.900,4059.6000,23811,0,3608063880.000,0,-,-,-,-,4058.0000,4057.8000,4057.6000,4057.4000,4057.2000,4058.8000,4060.6000,4061.0000,4061.6000,4062.0000,1,4,1,1,3,1,1,6,2,2
SF,IF2006,2020-02-19 10:39:34.900,4059.6000,23811,0,3608063880.000,0,-,-,-,-,4058.0000,4057.8000,4057.6000,4057.4000,4057.2000,4060.6000,4061.0000,4061.6000,4062.0000,4063.0000,1,4,1,1,3,1,6,2,2,2
SF,IF2006,2020-02-19 10:39:35.400,4059.6000,23811,0,3608063880.000,0,-,-,-,-,4058.2000,4057.8000,4057.6000,4057.2000,4057.0000,4059.6000,4059.8000,4060.0000,4060.4000,4060.6000,4,1,1,3,1,1,2,1,2,1
SF,IF2006,2020-02-19 10:39:35.900,4059.6000,23811,0,3608063880.000,0,-,-,-,-,4058.2000,4057.8000,4057.6000,4057.2000,4057.0000,4059.4000,4059.6000,4059.8000,4060.6000,4061.0000,4,1,1,3,1,2,1,2,1,6
SF,IF2006,2020-02-19 10:39:37.400,4059.6000,23811,0,3608063880.000,0,-,-,-,-,4058.2000,4057.8000,4057.6000,4057.2000,4057.0000,4059.4000,4059.6000,4059.8000,4060.6000,4061.0000,4,1,1,3,1,2,1,1,1,6
SF,IF2006,2020-02-19 10:39:38.400,4059.6000,23811,0,3608063880.000,0,-,-,-,-,4058.2000,4057.6000,4057.2000,4057.0000,4056.4000,4059.4000,4059.6000,4059.8000,4060.6000,4061.0000,4,1,3,1,1,2,1,1,1,6
SF,IF2006,2020-02-19 10:39:38.900,4059.6000,23811,0,3608063880.000,0,-,-,-,-,4058.2000,4057.6000,4057.2000,4057.0000,4056.4000,4059.2000,4059.4000,4059.6000,4059.8000,4060.6000,5,1,3,1,1,2,2,1,1,1
SF,IF2006,2020-02-19 10:39:39.400,4059.6000,23811,0,3608063880.000,0,-,-,-,-,4058.2000,4057.6000,4057.2000,4057.0000,4056.4000,4059.2000,4059.4000,4059.6000,4059.8000,4060.6000,5,1,3,1,1,2,2,1,2,1
SF,IF2006,2020-02-19 10:39:39.900,4059.6000,23811,0,3608063880.000,0,-,-,-,-,4058.2000,4057.2000,4057.0000,4056.4000,4056.2000,4059.2000,4059.4000,4059.6000,4059.8000,4060.6000,1,3,1,1,1,2,2,1,2,1
SF,IF2006,2020-02-19 10:39:40.900,4059.6000,23811,0,3608063880.000,0,-,-,-,-,4058.4000,4058.2000,4057.2000,4057.0000,4056.4000,4059.2000,4059.4000,4059.6000,4059.8000,4060.6000,1,1,3,1,1,2,2,1,2,1
SF,IF2006,2020-02-19 10:39:42.900,4059.6000,23811,0,3608063880.000,0,-,-,-,-,4058.4000,4058.2000,4057.2000,4057.0000,4056.4000,4059.2000,4059.4000,4059.6000,4059.8000,4060.6000,1,1,3,1,1,1,2,1,1,1
SF,IF2006,2020-02-19 10:39:43.400,4059.2000,23811,0,3609281640.000,1,0,1,多换,S,4058.6000,4058.4000,4058.2000,4057.2000,4057.0000,4059.6000,4059.8000,4060.6000,4061.0000,4061.6000,3,1,1,3,1,1,1,1,6,2
SF,IF2006,2020-02-19 10:39:43.900,4059.2000,23811,0,3609281640.000,0,-,-,-,-,4059.2000,4058.8000,4058.6000,4058.4000,4058.2000,4059.8000,4060.6000,4061.0000,4061.6000,4062.0000,1,4,2,1,1,1,1,6,2,2
SF,IF2006,2020-02-19 10:39:44.400,4059.8000,23811,0,3610499580.000,1,0,1,多换,S,4058.8000,4058.6000,4058.4000,4058.2000,4057.2000,4060.6000,4061.0000,4061.6000,4062.0000,4063.0000,1,2,1,1,3,1,6,2,2,2
SF,IF2006,2020-02-19 10:39:44.900,4059.8000,23811,0,3610499580.000,0,-,-,-,-,4059.6000,4059.4000,4059.2000,4059.0000,4058.4000,4060.6000,4061.0000,4061.6000,4062.0000,4063.0000,1,1,1,3,1,1,6,2,2,2
SF,IF2006,2020-02-19 10:39:45.400,4059.8000,23811,0,3610499580.000,0,-,-,-,-,4059.6000,4059.4000,4059.2000,4059.0000,4058.8000,4060.6000,4061.0000,4061.6000,4062.0000,4063.0000,1,1,1,2,1,1,6,2,2,2
SF,IF2006,2020-02-19 10:39:46.400,4059.8000,23811,0,3610499580.000,0,-,-,-,-,4059.6000,4059.4000,4059.0000,4058.8000,4058.4000,4060.6000,4061.0000,4061.6000,4062.0000,4063.0000,1,1,2,1,1,1,6,2,2,2
SF,IF2006,2020-02-19 10:39:46.900,4059.8000,23811,0,3610499580.000,0,-,-,-,-,4059.4000,4059.0000,4058.8000,4058.4000,4058.2000,4060.6000,4061.0000,4061.6000,4062.0000,4063.0000,1,2,1,1,1,1,6,2,2,2
SF,IF2006,2020-02-19 10:39:47.400,4059.8000,23811,0,3610499580.000,0,-,-,-,-,4059.4000,4059.0000,4058.4000,4057.2000,4057.0000,4060.4000,4060.6000,4061.0000,4061.6000,4062.0000,1,2,1,3,1,2,1,6,2,2
SF,IF2006,2020-02-19 10:39:47.900,4059.8000,23811,0,3610499580.000,0,-,-,-,-,4059.4000,4059.0000,4057.2000,4057.0000,4056.0000,4060.4000,4060.6000,4061.0000,4061.6000,4062.0000,1,2,3,1,1,2,1,6,2,2
SF,IF2006,2020-02-19 10:39:49.900,4059.8000,23811,0,3610499580.000,0,-,-,-,-,4059.6000,4059.4000,4059.0000,4057.2000,4057.0000,4060.4000,4060.6000,4061.0000,4061.6000,4062.0000,2,1,2,3,1,2,1,6,2,2
SF,IF2006,2020-02-19 10:39:50.400,4059.8000,23811,0,3610499580.000,0,-,-,-,-,4059.6000,4059.4000,4059.0000,4057.2000,4057.0000,4060.6000,4061.0000,4061.6000,4062.0000,4063.0000,1,1,2,3,1,1,6,2,2,2
SF,IF2006,2020-02-19 10:39:50.900,4059.8000,23811,0,3610499580.000,0,-,-,-,-,4059.8000,4059.6000,4059.4000,4059.0000,4057.2000,4060.6000,4061.0000,4061.6000,4062.0000,4063.0000,1,1,1,3,3,1,6,2,2,2
SF,IF2006,2020-02-19 10:39:52.400,4059.8000,23811,0,3610499580.000,0,-,-,-,-,4059.8000,4059.6000,4059.4000,4059.0000,4057.2000,4060.6000,4061.0000,4061.6000,4062.0000,4063.0000,1,1,1,3,3,1,6,2,2,2
SF,IF2006,2020-02-19 10:39:55.400,4059.8000,23811,0,3610499580.000,0,-,-,-,-,4059.6000,4059.4000,4059.0000,4057.2000,4057.0000,4060.6000,4061.0000,4061.6000,4062.0000,4063.0000,1,1,3,3,1,1,6,2,2,2
SF,IF2006,2020-02-19 10:39:59.900,4059.8000,23811,0,3610499580.000,0,-,-,-,-,4059.4000,4059.0000,4057.2000,4057.0000,4056.0000,4060.6000,4061.0000,4061.6000,4062.0000,4063.0000,1,3,3,1,1,1,6,2,2,2
SF,IF2006,2020-02-19 10:40:00.400,4059.8000,23811,0,3610499580.000,0,-,-,-,-,4059.6000,4059.4000,4059.0000,4057.2000,4057.0000,4060.6000,4061.0000,4061.6000,4062.0000,4063.0000,1,1,3,3,1,1,6,2,2,2
SF,IF2006,2020-02-19 10:40:00.900,4059.8000,23811,0,3610499580.000,0,-,-,-,-,4059.8000,4059.6000,4059.4000,4059.0000,4057.2000,4060.6000,4061.0000,4061.6000,4062.0000,4063.0000,1,1,1,3,3,1,6,2,2,2
SF,IF2006,2020-02-19 10:40:01.400,4059.8000,23811,0,3610499580.000,0,-,-,-,-,4059.8000,4059.4000,4059.0000,4057.2000,4057.0000,4060.6000,4061.0000,4061.6000,4062.0000,4063.0000,1,1,3,3,1,1,6,2,2,2
SF,IF2006,2020-02-19 10:40:01.900,4059.8000,23811,0,3610499580.000,0,-,-,-,-,4059.8000,4059.4000,4059.0000,4057.2000,4057.0000,4060.6000,4061.0000,4061.6000,4062.0000,4063.0000,1,1,3,3,1,1,6,2,2,2
SF,IF2006,2020-02-19 10:40:03.900,4059.8000,23811,0,3610499580.000,0,-,-,-,-,4059.8000,4059.4000,4059.0000,4057.2000,4057.0000,4060.6000,4061.0000,4061.6000,4062.0000,4063.0000,1,1,3,3,1,1,6,2,2,2
SF,IF2006,2020-02-19 10:40:05.400,4059.8000,23811,0,3610499580.000,0,-,-,-,-,4059.8000,4059.4000,4059.0000,4057.2000,4057.0000,4060.2000,4060.6000,4061.0000,4061.6000,4062.0000,1,1,3,3,1,1,1,6,2,2
SF,IF2006,2020-02-19 10:40:05.900,4060.2000,23811,0,3611717640.000,1,0,1,多换,S,4059.8000,4059.4000,4059.0000,4057.2000,4057.0000,4060.6000,4061.0000,4061.6000,4062.0000,4063.0000,1,1,3,3,1,1,6,2,2,2
SF,IF2006,2020-02-19 10:40:10.400,4060.2000,23811,0,3611717640.000,0,-,-,-,-,4060.0000,4059.8000,4059.4000,4059.0000,4057.2000,4060.6000,4061.0000,4061.6000,4062.0000,4063.0000,1,1,1,3,3,1,6,2,2,2
SF,IF2006,2020-02-19 10:40:10.900,4060.6000,23810,-1,3612935820.000,1,0,1,双平,S,4060.0000,4059.8000,4059.4000,4059.0000,4057.2000,4061.0000,4061.6000,4062.0000,4063.0000,4063.2000,1,1,1,3,3,6,2,2,2,1
SF,IF2006,2020-02-19 10:40:14.900,4060.0000,23810,0,3614153820.000,1,0,1,多换,S,4059.8000,4059.4000,4059.0000,4057.2000,4057.0000,4061.0000,4061.6000,4062.0000,4063.0000,4063.2000,1,1,3,3,1,6,2,2,2,1
SF,IF2006,2020-02-19 10:40:15.400,4060.0000,23810,0,3614153820.000,0,-,-,-,-,4059.4000,4059.0000,4057.2000,4057.0000,4056.0000,4059.6000,4059.8000,4060.8000,4061.0000,4061.6000,1,3,3,1,1,1,1,4,6,2
SF,IF2006,2020-02-19 10:40:15.900,4059.8000,23809,-1,3616589640.000,2,0,2,多平,S,4059.0000,4057.2000,4057.0000,4056.0000,4054.4000,4060.8000,4061.0000,4061.6000,4062.0000,4063.0000,2,3,1,1,1,3,6,2,2,2
SF,IF2006,2020-02-19 10:40:16.400,4059.8000,23809,0,3616589640.000,0,-,-,-,-,4059.0000,4057.2000,4057.0000,4056.0000,4054.4000,4060.6000,4060.8000,4061.0000,4061.6000,4062.0000,2,3,1,1,1,2,4,6,2,2
SF,IF2006,2020-02-19 10:40:16.900,4059.8000,23809,0,3616589640.000,0,-,-,-,-,4059.0000,4057.2000,4057.0000,4056.0000,4054.4000,4060.4000,4060.6000,4060.8000,4061.0000,4061.6000,2,3,1,1,1,2,2,2,6,2
SF,IF2006,2020-02-19 10:40:17.400,4059.8000,23809,0,3616589640.000,0,-,-,-,-,4057.2000,4057.0000,4056.0000,4054.4000,4053.0000,4060.4000,4060.6000,4060.8000,4061.0000,4061.6000,3,1,1,1,2,2,2,2,6,2
SF,IF2006,2020-02-19 10:40:17.900,4059.8000,23809,0,3616589640.000,0,-,-,-,-,4058.6000,4058.4000,4058.2000,4057.8000,4057.4000,4060.2000,4060.4000,4060.6000,4060.8000,4061.0000,1,1,1,5,2,1,2,2,1,6
SF,IF2006,2020-02-19 10:40:18.400,4059.8000,23809,0,3616589640.000,0,-,-,-,-,4058.8000,4058.6000,4058.4000,4058.2000,4057.2000,4060.0000,4060.2000,4060.6000,4060.8000,4061.0000,2,1,1,1,3,2,1,1,1,6
SF,IF2006,2020-02-19 10:40:18.900,4059.8000,23809,0,3616589640.000,0,-,-,-,-,4058.8000,4058.6000,4057.2000,4057.0000,4056.0000,4060.0000,4060.2000,4060.6000,4060.8000,4061.0000,2,1,3,1,1,2,1,1,1,6
SF,IF2006,2020-02-19 10:40:19.400,4059.8000,23809,0,3616589640.000,0,-,-,-,-,4059.0000,4058.8000,4058.6000,4057.2000,4057.0000,4060.0000,4060.2000,4060.6000,4060.8000,4061.0000,2,2,1,3,1,2,1,1,1,6
SF,IF2006,2020-02-19 10:40:19.900,4059.8000,23809,0,3616589640.000,0,-,-,-,-,4059.0000,4058.8000,4058.6000,4057.2000,4057.0000,4060.2000,4060.6000,4060.8000,4061.0000,4061.6000,2,2,1,3,1,1,1,1,6,2
SF,IF2006,2020-02-19 10:40:20.400,4059.8000,23809,0,3616589640.000,0,-,-,-,-,4059.2000,4059.0000,4058.8000,4057.2000,4057.0000,4060.6000,4061.0000,4061.6000,4062.0000,4063.0000,4,1,2,3,1,1,6,2,2,2
SF,IF2006,2020-02-19 10:40:20.900,4059.8000,23809,0,3616589640.000,0,-,-,-,-,4059.4000,4059.2000,4057.2000,4057.0000,4056.0000,4061.0000,4061.6000,4062.0000,4063.0000,4063.2000,3,4,3,1,1,6,2,2,2,1
SF,IF2006,2020-02-19 10:40:21.400,4059.8000,23809,0,3616589640.000,0,-,-,-,-,4059.4000,4059.2000,4057.2000,4057.0000,4056.0000,4060.8000,4061.0000,4061.6000,4062.0000,4063.0000,3,4,3,1,1,2,6,2,2,2
SF,IF2006,2020-02-19 10:40:22.400,4059.8000,23809,0,3616589640.000,0,-,-,-,-,4059.6000,4059.4000,4059.2000,4057.2000,4057.0000,4060.8000,4061.0000,4061.6000,4062.0000,4063.0000,1,3,4,3,1,2,6,2,2,2
SF,IF2006,2020-02-19 10:40:22.900,4059.8000,23809,0,3616589640.000,0,-,-,-,-,4059.8000,4059.6000,4059.4000,4059.2000,4057.2000,4060.0000,4060.8000,4061.0000,4061.6000,4062.0000,1,1,2,2,3,1,2,6,2,2
SF,IF2006,2020-02-19 10:40:23.400,4060.0000,23810,1,3617807640.000,1,1,0,双开,S,4060.0000,4059.6000,4059.4000,4059.2000,4057.2000,4060.8000,4061.0000,4061.6000,4062.0000,4063.0000,2,1,2,1,3,2,6,2,2,2
SF,IF2006,2020-02-19 10:40:24.900,4060.0000,23810,0,3617807640.000,0,-,-,-,-,4060.2000,4060.0000,4059.6000,4059.4000,4059.2000,4060.8000,4061.0000,4061.6000,4062.0000,4063.0000,1,2,1,2,1,2,6,2,2,2
SF,IF2006,2020-02-19 10:40:25.400,4060.0000,23810,0,3617807640.000,0,-,-,-,-,4060.0000,4059.6000,4059.4000,4059.2000,4057.2000,4060.8000,4061.0000,4061.6000,4062.0000,4063.0000,2,1,2,1,3,2,6,2,2,2
SF,IF2006,2020-02-19 10:40:25.900,4060.0000,23810,0,3617807640.000,0,-,-,-,-,4060.0000,4059.6000,4059.4000,4059.2000,4057.2000,4061.0000,4061.6000,4062.0000,4063.0000,4063.2000,2,1,2,1,3,6,2,2,2,1
SF,IF2006,2020-02-19 10:40:26.400,4060.0000,23810,0,3617807640.000,0,-,-,-,-,4060.2000,4060.0000,4059.6000,4059.4000,4059.2000,4061.0000,4061.6000,4062.0000,4063.0000,4063.2000,1,2,1,2,1,6,2,2,2,1
SF,IF2006,2020-02-19 10:40:27.400,4060.0000,23810,0,3617807640.000,0,-,-,-,-,4060.0000,4059.6000,4059.4000,4059.2000,4057.2000,4061.0000,4061.6000,4062.0000,4063.0000,4063.2000,2,1,2,1,3,6,2,2,2,1
SF,IF2006,2020-02-19 10:40:28.400,4060.0000,23810,0,3617807640.000,0,-,-,-,-,4060.0000,4059.6000,4059.4000,4057.2000,4057.0000,4061.0000,4061.6000,4062.0000,4063.0000,4063.2000,2,1,2,3,1,6,2,2,2,1
SF,IF2006,2020-02-19 10:40:28.900,4060.0000,23810,0,3617807640.000,0,-,-,-,-,4059.6000,4059.4000,4057.2000,4057.0000,4056.0000,4061.0000,4061.6000,4062.0000,4063.0000,4063.2000,1,2,3,1,1,6,2,2,2,1
SF,IF2006,2020-02-19 10:40:29.400,4060.0000,23810,0,3617807640.000,0,-,-,-,-,4060.0000,4059.8000,4059.6000,4057.2000,4057.0000,4061.0000,4061.6000,4062.0000,4063.0000,4063.2000,1,3,1,3,1,6,2,2,2,1
SF,IF2006,2020-02-19 10:40:32.400,4060.0000,23810,0,3617807640.000,0,-,-,-,-,4060.2000,4060.0000,4059.8000,4059.6000,4057.2000,4061.0000,4061.6000,4062.0000,4063.0000,4063.2000,1,1,2,1,3,6,2,2,2,1
SF,IF2006,2020-02-19 10:40:32.900,4060.0000,23810,0,3617807640.000,0,-,-,-,-,4060.2000,4060.0000,4059.8000,4059.6000,4057.2000,4061.0000,4061.6000,4062.0000,4063.0000,4063.2000,3,1,2,1,3,6,2,2,2,1
SF,IF2006,2020-02-19 10:40:33.400,4060.0000,23810,0,3617807640.000,0,-,-,-,-,4060.2000,4059.8000,4059.6000,4057.2000,4057.0000,4061.0000,4061.6000,4062.0000,4063.0000,4063.2000,3,2,1,3,1,6,2,2,2,1
SF,IF2006,2020-02-19 10:40:34.900,4061.0000,23815,5,3623899140.000,5,5,0,双开,S,4060.4000,4060.2000,4059.8000,4059.6000,4057.2000,4061.0000,4061.6000,4062.0000,4063.0000,4063.2000,2,2,2,1,3,1,2,2,2,1
SF,IF2006,2020-02-19 10:40:35.400,4061.0000,23816,1,3625117440.000,1,1,0,双开,S,4060.4000,4060.2000,4059.8000,4059.6000,4057.4000,4061.6000,4062.0000,4063.0000,4063.2000,4063.4000,2,2,2,1,1,2,2,2,1,2
SF,IF2006,2020-02-19 10:40:35.900,4061.0000,23816,0,3625117440.000,0,-,-,-,-,4060.6000,4060.4000,4060.2000,4059.6000,4057.4000,4061.6000,4062.0000,4063.0000,4063.2000,4063.4000,4,2,2,1,1,2,2,2,1,2
SF,IF2006,2020-02-19 10:40:37.400,4061.0000,23816,0,3625117440.000,0,-,-,-,-,4060.6000,4060.4000,4060.2000,4057.4000,4057.2000,4061.6000,4062.0000,4063.0000,4063.2000,4063.4000,4,2,2,1,3,2,2,2,1,2
SF,IF2006,2020-02-19 10:40:38.400,4061.0000,23816,0,3625117440.000,0,-,-,-,-,4060.8000,4060.6000,4060.4000,4060.2000,4057.4000,4061.6000,4062.0000,4063.0000,4063.2000,4063.4000,2,2,2,2,1,2,2,2,1,2
SF,IF2006,2020-02-19 10:40:38.900,4061.6000,23816,0,3627554400.000,2,1,1,多换,S,4060.6000,4060.4000,4060.2000,4057.4000,4057.2000,4062.0000,4063.0000,4063.2000,4063.4000,4063.8000,2,2,2,1,3,2,2,1,2,4
SF,IF2006,2020-02-19 10:40:39.400,4061.6000,23816,0,3627554400.000,0,-,-,-,-,4061.0000,4060.6000,4060.4000,4060.2000,4057.4000,4062.0000,4063.0000,4063.2000,4063.4000,4063.8000,1,2,2,2,1,2,2,1,2,4
SF,IF2006,2020-02-19 10:40:39.900,4061.6000,23816,0,3627554400.000,0,-,-,-,-,4061.0000,4060.6000,4060.4000,4060.2000,4057.4000,4062.0000,4063.0000,4063.2000,4063.4000,4063.8000,1,2,1,2,1,2,2,1,2,4
SF,IF2006,2020-02-19 10:40:41.900,4061.6000,23816,0,3627554400.000,0,-,-,-,-,4061.2000,4061.0000,4060.6000,4060.4000,4060.2000,4062.0000,4063.0000,4063.2000,4063.4000,4063.8000,1,1,2,1,2,2,2,1,2,4
SF,IF2006,2020-02-19 10:40:42.400,4061.6000,23816,0,3627554400.000,0,-,-,-,-,4061.2000,4061.0000,4060.6000,4060.4000,4060.2000,4062.0000,4062.2000,4063.0000,4063.2000,4063.4000,1,1,2,1,2,2,1,2,1,2
SF,IF2006,2020-02-19 10:40:43.400,4061.6000,23816,0,3627554400.000,0,-,-,-,-,4061.2000,4060.6000,4060.4000,4060.2000,4057.4000,4062.0000,4062.2000,4063.0000,4063.2000,4063.4000,1,2,1,2,1,2,1,2,1,2
SF,IF2006,2020-02-19 10:40:43.900,4062.0000,23817,1,3628773000.000,1,1,0,双开,S,4061.2000,4060.6000,4060.2000,4057.4000,4057.2000,4062.0000,4062.2000,4063.0000,4063.2000,4063.4000,1,2,2,1,3,1,1,2,1,2
SF,IF2006,2020-02-19 10:40:44.400,4062.0000,23817,0,3629991600.000,1,0,1,多换,S,4061.2000,4060.6000,4060.2000,4057.4000,4057.2000,4062.2000,4063.0000,4063.2000,4063.4000,4063.8000,1,2,2,1,3,1,2,1,2,4
SF,IF2006,2020-02-19 10:40:45.900,4061.2000,23816,-1,3631209960.000,1,0,1,双平,S,4060.6000,4060.2000,4057.4000,4057.2000,4057.0000,4062.2000,4063.0000,4063.2000,4063.4000,4063.8000,2,2,1,3,1,1,2,1,2,4
SF,IF2006,2020-02-19 10:40:46.400,4061.2000,23816,0,3631209960.000,0,-,-,-,-,4060.6000,4060.2000,4057.4000,4057.2000,4057.0000,4062.0000,4062.2000,4063.0000,4063.2000,4063.4000,2,2,1,3,1,2,1,2,1,2
SF,IF2006,2020-02-19 10:40:46.900,4061.2000,23816,0,3631209960.000,0,-,-,-,-,4061.0000,4060.8000,4060.6000,4060.2000,4057.4000,4062.0000,4062.2000,4063.0000,4063.2000,4063.4000,2,2,2,2,1,2,1,2,1,2
SF,IF2006,2020-02-19 10:40:47.400,4061.2000,23816,0,3631209960.000,0,-,-,-,-,4061.0000,4060.8000,4060.6000,4060.2000,4057.4000,4062.0000,4062.2000,4063.0000,4063.2000,4063.4000,2,2,2,2,1,2,1,2,1,2
SF,IF2006,2020-02-19 10:40:49.900,4061.2000,23816,0,3631209960.000,0,-,-,-,-,4061.2000,4061.0000,4060.8000,4060.6000,4060.2000,4062.0000,4062.2000,4063.0000,4063.2000,4063.4000,1,2,2,2,2,2,1,2,1,2
SF,IF2006,2020-02-19 10:40:50.900,4061.2000,23816,0,3631209960.000,0,-,-,-,-,4061.2000,4061.0000,4060.8000,4060.6000,4060.2000,4062.0000,4062.2000,4063.0000,4063.2000,4063.4000,1,2,2,2,1,2,1,2,1,2
SF,IF2006,2020-02-19 10:40:51.400,4061.2000,23816,0,3631209960.000,0,-,-,-,-,4061.2000,4060.8000,4060.6000,4060.2000,4057.4000,4062.0000,4062.2000,4063.0000,4063.2000,4063.4000,1,2,2,1,1,2,1,2,1,2
SF,IF2006,2020-02-19 10:40:51.900,4061.2000,23816,0,3631209960.000,0,-,-,-,-,4060.8000,4060.6000,4060.2000,4057.4000,4057.2000,4062.0000,4062.2000,4063.0000,4063.2000,4063.4000,2,2,1,1,3,2,1,2,1,2
SF,IF2006,2020-02-19 10:40:52.400,4061.2000,23816,0,3631209960.000,0,-,-,-,-,4061.0000,4060.8000,4060.2000,4057.4000,4057.2000,4062.0000,4062.2000,4063.0000,4063.2000,4063.4000,4,2,1,1,3,2,1,2,1,2
SF,IF2006,2020-02-19 10:40:52.900,4061.2000,23816,0,3631209960.000,0,-,-,-,-,4061.2000,4061.0000,4060.8000,4060.2000,4057.4000,4062.2000,4063.0000,4063.2000,4063.4000,4063.8000,1,4,2,1,1,1,2,1,2,4
SF,IF2006,2020-02-19 10:40:53.400,4061.2000,23816,0,3631209960.000,0,-,-,-,-,4061.2000,4061.0000,4060.8000,4060.2000,4057.4000,4062.2000,4063.0000,4063.2000,4063.4000,4063.8000,2,4,2,1,1,1,2,1,2,4
SF,IF2006,2020-02-19 10:40:54.400,4061.2000,23816,0,3631209960.000,0,-,-,-,-,4062.0000,4061.2000,4061.0000,4060.8000,4060.2000,4062.2000,4063.0000,4063.2000,4063.4000,4063.8000,1,2,4,2,1,1,2,1,2,4
SF,IF2006,2020-02-19 10:40:54.900,4062.0000,23817,1,3632428560.000,1,1,0,双开,S,4061.2000,4061.0000,4060.2000,4057.4000,4057.2000,4062.2000,4063.0000,4063.2000,4063.4000,4063.8000,2,2,1,1,3,1,2,1,2,4
SF,IF2006,2020-02-19 10:40:55.400,4062.0000,23817,0,3632428560.000,0,-,-,-,-,4061.4000,4061.2000,4061.0000,4060.2000,4057.4000,4062.2000,4063.0000,4063.2000,4063.4000,4063.8000,1,2,2,1,1,1,2,1,2,4
SF,IF2006,2020-02-19 10:40:55.900,4062.0000,23817,0,3632428560.000,0,-,-,-,-,4061.2000,4061.0000,4060.2000,4057.4000,4057.2000,4062.2000,4063.0000,4063.2000,4063.4000,4063.8000,2,2,1,1,3,1,2,1,2,4
SF,IF2006,2020-02-19 10:40:56.400,4062.0000,23817,0,3632428560.000,0,-,-,-,-,4061.2000,4061.0000,4060.2000,4057.4000,4057.2000,4062.2000,4063.0000,4063.2000,4063.4000,4063.8000,2,2,1,1,3,1,2,1,2,4
SF,IF2006,2020-02-19 10:40:56.900,4062.0000,23817,0,3632428560.000,0,-,-,-,-,4061.4000,4061.2000,4061.0000,4060.2000,4057.4000,4062.2000,4063.0000,4063.2000,4063.4000,4063.8000,1,2,2,1,1,1,2,1,2,4
SF,IF2006,2020-02-19 10:40:57.400,4062.2000,23817,0,3633647220.000,1,0,1,多换,S,4061.2000,4061.0000,4060.2000,4057.4000,4057.2000,4063.0000,4063.2000,4063.4000,4063.8000,4064.0000,2,2,1,1,3,2,1,2,4,1
SF,IF2006,2020-02-19 10:40:57.900,4062.2000,23817,0,3633647220.000,0,-,-,-,-,4061.4000,4061.2000,4060.2000,4057.4000,4057.2000,4062.8000,4063.0000,4063.2000,4063.4000,4063.8000,2,2,1,1,3,5,2,1,2,4
SF,IF2006,2020-02-19 10:41:00.900,4062.2000,23817,0,3633647220.000,0,-,-,-,-,4061.4000,4061.2000,4060.2000,4057.4000,4057.2000,4062.8000,4063.0000,4063.2000,4063.4000,4063.8000,2,2,1,1,3,3,2,1,2,4
SF,IF2006,2020-02-19 10:41:01.400,4062.2000,23817,0,3633647220.000,0,-,-,-,-,4061.6000,4061.4000,4061.2000,4060.2000,4057.4000,4062.8000,4063.0000,4063.2000,4063.4000,4063.8000,1,2,2,1,1,3,2,1,2,4
SF,IF2006,2020-02-19 10:41:01.900,4062.2000,23817,0,3633647220.000,0,-,-,-,-,4061.8000,4061.6000,4061.4000,4061.2000,4060.2000,4062.8000,4063.0000,4063.2000,4063.4000,4063.8000,1,1,2,2,1,3,2,1,2,4
SF,IF2006,2020-02-19 10:41:02.400,4062.8000,23817,0,3634866060.000,1,0,1,多换,S,4061.8000,4061.6000,4061.4000,4061.2000,4060.2000,4062.8000,4063.0000,4063.2000,4063.4000,4063.8000,1,1,2,2,1,2,2,1,2,4
SF,IF2006,2020-02-19 10:41:02.900,4062.8000,23817,0,3634866060.000,0,-,-,-,-,4062.0000,4061.8000,4061.6000,4061.2000,4060.2000,4063.0000,4063.2000,4063.4000,4063.8000,4064.0000,2,1,1,1,1,2,1,2,4,1
SF,IF2006,2020-02-19 10:41:03.400,4062.8000,23817,0,3634866060.000,0,-,-,-,-,4062.0000,4061.8000,4061.6000,4061.2000,4060.2000,4063.0000,4063.2000,4063.4000,4063.8000,4064.0000,2,1,1,1,1,2,1,2,4,1
SF,IF2006,2020-02-19 10:41:04.400,4063.0000,23817,0,3636084960.000,1,0,1,多换,S,4062.0000,4061.8000,4061.6000,4061.2000,4060.2000,4063.0000,4063.2000,4063.4000,4063.8000,4064.0000,2,1,1,1,1,1,1,2,4,1
SF,IF2006,2020-02-19 10:41:04.900,4063.0000,23816,-1,3637303860.000,1,0,1,双平,S,4062.0000,4061.8000,4061.6000,4061.2000,4060.2000,4063.2000,4063.4000,4063.8000,4064.0000,4064.2000,2,1,1,1,1,1,2,4,1,2
SF,IF2006,2020-02-19 10:41:05.400,4063.0000,23816,0,3637303860.000,0,-,-,-,-,4062.2000,4062.0000,4061.2000,4060.2000,4057.4000,4063.2000,4063.4000,4063.8000,4064.0000,4064.2000,5,2,1,1,1,1,2,4,1,2
SF,IF2006,2020-02-19 10:41:05.900,4063.4000,23815,-1,3639741840.000,2,0,2,多平,S,4062.4000,4062.2000,4060.2000,4057.4000,4057.2000,4063.4000,4063.8000,4064.0000,4064.2000,4064.6000,4,3,1,1,3,1,4,1,2,2
SF,IF2006,2020-02-19 10:41:06.400,4063.4000,23815,0,3639741840.000,0,-,-,-,-,4062.6000,4062.4000,4062.2000,4060.2000,4057.4000,4063.4000,4063.8000,4064.0000,4064.2000,4064.6000,2,2,3,1,1,1,4,1,2,2
SF,IF2006,2020-02-19 10:41:06.900,4063.4000,23815,0,3639741840.000,0,-,-,-,-,4062.4000,4062.2000,4060.2000,4057.4000,4057.2000,4063.4000,4063.8000,4064.0000,4064.2000,4064.6000,2,1,1,1,3,1,4,1,2,2
SF,IF2006,2020-02-19 10:41:07.400,4063.4000,23815,0,3639741840.000,0,-,-,-,-,4062.6000,4062.4000,4062.2000,4060.2000,4057.4000,4063.4000,4063.8000,4064.0000,4064.2000,4064.6000,2,2,1,1,1,1,4,1,2,2
SF,IF2006,2020-02-19 10:41:07.900,4063.4000,23814,-1,3640960860.000,1,0,1,双平,S,4062.4000,4062.2000,4060.2000,4057.4000,4057.2000,4063.8000,4064.0000,4064.2000,4064.6000,4065.0000,2,1,1,1,3,4,1,2,2,4
SF,IF2006,2020-02-19 10:41:08.400,4063.4000,23814,0,3640960860.000,0,-,-,-,-,4062.8000,4062.2000,4060.2000,4057.4000,4057.2000,4063.6000,4063.8000,4064.0000,4064.2000,4064.6000,2,1,1,1,3,5,4,1,2,2
SF,IF2006,2020-02-19 10:41:08.900,4062.8000,23814,0,3645836220.000,4,2,2,多换,S,4062.2000,4060.2000,4057.4000,4057.2000,4057.0000,4063.6000,4063.8000,4064.0000,4064.2000,4064.6000,1,1,1,3,1,5,5,1,2,2
SF,IF2006,2020-02-19 10:41:09.400,4062.8000,23814,0,3645836220.000,0,-,-,-,-,4060.2000,4057.4000,4057.2000,4057.0000,4056.0000,4063.0000,4063.2000,4063.6000,4063.8000,4064.0000,1,1,3,1,1,1,4,2,5,1
SF,IF2006,2020-02-19 10:41:09.900,4062.8000,23814,0,3645836220.000,0,-,-,-,-,4061.2000,4061.0000,4060.8000,4060.6000,4060.4000,4062.8000,4063.0000,4063.2000,4063.6000,4063.8000,1,1,3,1,2,3,1,1,1,5
SF,IF2006,2020-02-19 10:41:10.400,4062.8000,23814,0,3645836220.000,0,-,-,-,-,4061.0000,4060.8000,4060.4000,4060.2000,4057.8000,4062.4000,4062.6000,4062.8000,4063.6000,4063.8000,1,2,2,1,1,2,3,2,1,5
SF,IF2006,2020-02-19 10:41:10.900,4062.8000,23814,0,3645836220.000,0,-,-,-,-,4061.2000,4061.0000,4060.8000,4060.2000,4057.8000,4062.4000,4062.6000,4062.8000,4063.6000,4063.8000,2,1,2,1,1,2,3,2,1,5
SF,IF2006,2020-02-19 10:41:11.400,4062.4000,23814,0,3648273660.000,2,1,1,多换,S,4061.4000,4061.2000,4061.0000,4060.8000,4060.2000,4062.2000,4062.4000,4062.6000,4062.8000,4063.6000,3,2,1,2,1,1,1,1,2,1
SF,IF2006,2020-02-19 10:41:11.900,4062.4000,23814,0,3648273660.000,0,-,-,-,-,4061.4000,4061.2000,4061.0000,4060.8000,4060.2000,4062.4000,4062.6000,4062.8000,4063.6000,4063.8000,3,2,1,2,1,1,1,2,1,5
SF,IF2006,2020-02-19 10:41:12.400,4062.4000,23815,1,3649492380.000,1,1,0,双开,S,4061.4000,4061.2000,4061.0000,4060.8000,4060.2000,4062.4000,4062.6000,4062.8000,4063.6000,4063.8000,3,2,1,1,1,1,1,2,1,5
SF,IF2006,2020-02-19 10:41:12.900,4062.4000,23815,0,3649492380.000,0,-,-,-,-,4061.2000,4061.0000,4060.8000,4060.2000,4057.8000,4062.4000,4062.6000,4062.8000,4063.6000,4063.8000,2,1,1,1,1,1,1,2,1,5
SF,IF2006,2020-02-19 10:41:13.400,4062.4000,23815,0,3649492380.000,0,-,-,-,-,4061.4000,4061.2000,4061.0000,4060.2000,4057.8000,4062.6000,4062.8000,4063.6000,4063.8000,4064.0000,1,2,1,1,1,1,2,1,5,1
SF,IF2006,2020-02-19 10:41:13.900,4061.6000,23814,-1,3650710860.000,1,0,1,双平,S,4061.6000,4060.2000,4057.8000,4057.4000,4057.0000,4062.8000,4063.6000,4063.8000,4064.0000,4064.2000,4,1,1,1,1,2,1,5,1,2
SF,IF2006,2020-02-19 10:41:14.900,4061.6000,23814,0,3650710860.000,0,-,-,-,-,4061.6000,4060.2000,4057.8000,4057.4000,4057.0000,4062.8000,4063.6000,4063.8000,4064.0000,4064.2000,2,1,1,1,1,2,1,5,1,2
SF,IF2006,2020-02-19 10:41:15.400,4061.6000,23814,0,3650710860.000,0,-,-,-,-,4061.8000,4061.6000,4060.2000,4057.8000,4057.4000,4062.8000,4063.8000,4064.0000,4064.2000,4064.6000,1,2,1,1,1,2,5,1,2,2
SF,IF2006,2020-02-19 10:41:15.900,4061.6000,23814,0,3650710860.000,0,-,-,-,-,4062.0000,4061.6000,4060.6000,4060.2000,4057.8000,4062.8000,4063.8000,4064.0000,4064.2000,4064.6000,4,2,1,1,1,2,5,1,2,2
SF,IF2006,2020-02-19 10:41:16.400,4061.6000,23814,0,3650710860.000,0,-,-,-,-,4062.0000,4061.6000,4060.6000,4060.2000,4057.8000,4062.8000,4063.8000,4064.0000,4064.2000,4064.6000,2,2,1,1,1,2,5,1,2,2
SF,IF2006,2020-02-19 10:41:16.900,4061.6000,23814,0,3650710860.000,0,-,-,-,-,4061.6000,4060.6000,4060.2000,4057.8000,4057.4000,4062.8000,4063.8000,4064.0000,4064.2000,4064.6000,2,1,1,1,1,2,5,1,2,2
SF,IF2006,2020-02-19 10:41:17.400,4061.6000,23814,0,3650710860.000,0,-,-,-,-,4061.8000,4061.6000,4060.6000,4060.2000,4057.8000,4062.8000,4063.8000,4064.0000,4064.2000,4064.6000,2,1,1,1,1,2,5,1,2,2
SF,IF2006,2020-02-19 10:41:19.400,4061.6000,23814,0,3650710860.000,0,-,-,-,-,4061.6000,4060.6000,4060.2000,4057.8000,4057.4000,4062.8000,4063.8000,4064.0000,4064.2000,4064.6000,1,1,1,1,1,2,5,1,2,2
SF,IF2006,2020-02-19 10:41:19.900,4061.6000,23814,0,3650710860.000,0,-,-,-,-,4061.8000,4061.6000,4060.6000,4060.2000,4057.8000,4062.8000,4063.8000,4064.0000,4064.2000,4064.6000,3,1,1,1,1,2,5,1,2,2
SF,IF2006,2020-02-19 10:41:20.400,4061.6000,23814,0,3650710860.000,0,-,-,-,-,4062.0000,4061.8000,4061.6000,4060.6000,4060.2000,4063.8000,4064.0000,4064.2000,4064.6000,4065.0000,1,3,1,1,1,5,1,2,2,4
SF,IF2006,2020-02-19 10:41:20.900,4061.6000,23814,0,3650710860.000,0,-,-,-,-,4062.2000,4062.0000,4061.8000,4061.0000,4060.6000,4063.6000,4063.8000,4064.0000,4064.2000,4064.6000,3,1,1,1,1,2,5,1,2,2
SF,IF2006,2020-02-19 10:41:21.400,4061.6000,23814,0,3650710860.000,0,-,-,-,-,4062.2000,4062.0000,4061.8000,4061.0000,4060.6000,4063.4000,4063.6000,4063.8000,4064.0000,4064.2000,1,1,1,1,1,2,3,5,1,2
SF,IF2006,2020-02-19 10:41:21.900,4061.6000,23814,0,3650710860.000,0,-,-,-,-,4061.8000,4061.0000,4060.6000,4060.2000,4057.8000,4063.2000,4063.4000,4063.6000,4063.8000,4064.0000,1,1,1,1,1,2,2,2,5,1
SF,IF2006,2020-02-19 10:41:22.900,4061.6000,23814,0,3650710860.000,0,-,-,-,-,4061.8000,4061.0000,4060.6000,4060.2000,4057.8000,4063.2000,4063.4000,4063.6000,4063.8000,4064.0000,1,1,1,1,1,2,2,1,5,1
SF,IF2006,2020-02-19 10:41:23.400,4061.6000,23814,0,3650710860.000,0,-,-,-,-,4061.8000,4061.0000,4060.6000,4060.2000,4057.8000,4062.2000,4063.2000,4063.4000,4063.6000,4063.8000,1,1,1,1,1,1,2,2,1,5
SF,IF2006,2020-02-19 10:41:23.900,4062.2000,23815,1,3651929520.000,1,1,0,双开,S,4062.2000,4061.8000,4061.0000,4060.6000,4060.2000,4063.2000,4063.6000,4063.8000,4064.0000,4064.2000,1,1,1,1,1,2,1,5,1,2
SF,IF2006,2020-02-19 10:41:24.400,4062.2000,23815,0,3651929520.000,0,-,-,-,-,4061.8000,4061.0000,4060.6000,4060.2000,4057.8000,4063.2000,4063.6000,4063.8000,4064.0000,4064.2000,1,1,1,1,1,2,1,5,1,2
SF,IF2006,2020-02-19 10:41:24.900,4062.2000,23815,0,3651929520.000,0,-,-,-,-,4062.2000,4061.8000,4061.0000,4060.6000,4060.2000,4063.2000,4063.6000,4063.8000,4064.0000,4064.2000,1,1,1,1,1,2,1,5,1,2
SF,IF2006,2020-02-19 10:41:25.900,4062.2000,23815,0,3651929520.000,0,-,-,-,-,4062.4000,4061.8000,4061.0000,4060.6000,4060.2000,4063.2000,4063.8000,4064.0000,4064.2000,4064.6000,2,1,1,1,1,2,5,1,2,2
SF,IF2006,2020-02-19 10:41:26.400,4062.2000,23815,0,3651929520.000,0,-,-,-,-,4061.0000,4060.6000,4060.2000,4057.8000,4057.4000,4063.2000,4063.8000,4064.0000,4064.2000,4064.6000,1,1,1,1,1,2,5,1,2,2
SF,IF2006,2020-02-19 10:41:26.900,4062.2000,23815,0,3651929520.000,0,-,-,-,-,4062.6000,4062.0000,4061.8000,4061.6000,4061.4000,4063.2000,4063.8000,4064.0000,4064.2000,4064.6000,1,1,1,3,3,2,5,1,2,2
SF,IF2006,2020-02-19 10:41:27.400,4062.2000,23815,0,3651929520.000,0,-,-,-,-,4062.8000,4062.6000,4062.0000,4061.8000,4061.6000,4063.2000,4063.8000,4064.0000,4064.2000,4064.6000,1,1,1,1,2,2,5,1,2,2
SF,IF2006,2020-02-19 10:41:27.900,4062.2000,23815,0,3651929520.000,0,-,-,-,-,4062.8000,4062.6000,4062.0000,4061.6000,4061.4000,4063.2000,4063.8000,4064.0000,4064.2000,4064.6000,1,1,1,2,1,2,5,1,2,2
SF,IF2006,2020-02-19 10:41:28.400,4062.6000,23816,1,3654367140.000,2,1,1,空开,S,4062.0000,4061.6000,4061.4000,4061.2000,4061.0000,4063.2000,4063.8000,4064.0000,4064.2000,4064.6000,1,2,1,5,2,2,5,1,2,2
SF,IF2006,2020-02-19 10:41:28.900,4062.6000,23816,0,3654367140.000,0,-,-,-,-,4062.2000,4062.0000,4061.6000,4061.4000,4061.2000,4063.2000,4063.8000,4064.0000,4064.2000,4064.6000,4,1,1,1,2,2,5,1,2,2
SF,IF2006,2020-02-19 10:41:29.400,4062.6000,23816,0,3654367140.000,0,-,-,-,-,4062.2000,4062.0000,4061.6000,4061.4000,4061.2000,4063.2000,4063.8000,4064.0000,4064.2000,4064.6000,2,1,1,1,2,2,5,1,2,2
SF,IF2006,2020-02-19 10:41:29.900,4062.6000,23816,0,3654367140.000,0,-,-,-,-,4062.0000,4061.6000,4061.4000,4061.2000,4061.0000,4063.2000,4063.8000,4064.0000,4064.2000,4064.6000,1,1,1,2,2,2,5,1,2,2
SF,IF2006,2020-02-19 10:41:30.400,4062.6000,23816,0,3654367140.000,0,-,-,-,-,4062.2000,4062.0000,4061.4000,4061.2000,4061.0000,4063.2000,4063.8000,4064.0000,4064.2000,4064.6000,1,1,1,2,2,2,5,1,2,2
SF,IF2006,2020-02-19 10:41:30.900,4062.6000,23816,0,3654367140.000,0,-,-,-,-,4062.0000,4061.4000,4061.2000,4061.0000,4060.6000,4063.0000,4063.2000,4063.8000,4064.0000,4064.2000,1,1,2,2,1,1,2,5,1,2
SF,IF2006,2020-02-19 10:41:35.400,4062.0000,23817,1,3655585740.000,1,1,0,双开,S,4061.4000,4061.2000,4061.0000,4060.6000,4060.2000,4063.0000,4063.2000,4063.8000,4064.0000,4064.2000,1,2,2,1,1,1,2,5,1,2
SF,IF2006,2020-02-19 10:41:35.900,4062.0000,23817,0,3655585740.000,0,-,-,-,-,4061.6000,4061.4000,4061.0000,4060.6000,4060.2000,4062.8000,4063.0000,4063.8000,4064.0000,4064.2000,4,1,2,1,1,2,1,5,1,2
SF,IF2006,2020-02-19 10:41:37.400,4062.0000,23817,0,3655585740.000,0,-,-,-,-,4061.8000,4061.6000,4061.4000,4061.0000,4060.6000,4062.8000,4063.0000,4063.8000,4064.0000,4064.2000,2,3,1,2,1,2,1,5,1,2
SF,IF2006,2020-02-19 10:41:37.900,4062.0000,23817,0,3655585740.000,0,-,-,-,-,4061.6000,4061.0000,4060.6000,4060.2000,4057.8000,4062.8000,4063.0000,4063.8000,4064.0000,4064.2000,1,1,1,1,1,2,1,5,1,2
SF,IF2006,2020-02-19 10:41:38.400,4062.0000,23817,0,3655585740.000,0,-,-,-,-,4061.0000,4060.6000,4060.2000,4057.8000,4057.4000,4062.8000,4063.0000,4063.8000,4064.0000,4064.2000,1,1,1,1,1,2,1,5,1,2
SF,IF2006,2020-02-19 10:41:38.900,4062.0000,23817,0,3655585740.000,0,-,-,-,-,4061.2000,4061.0000,4060.6000,4060.2000,4057.8000,4062.8000,4063.0000,4063.8000,4064.0000,4064.2000,4,1,1,1,1,2,1,5,1,2
SF,IF2006,2020-02-19 10:41:39.900,4062.0000,23817,0,3655585740.000,0,-,-,-,-,4061.4000,4061.2000,4061.0000,4060.6000,4060.2000,4062.8000,4063.0000,4063.8000,4064.0000,4064.2000,1,4,1,1,1,2,1,5,1,2
SF,IF2006,2020-02-19 10:41:42.400,4062.0000,23817,0,3655585740.000,0,-,-,-,-,4061.2000,4061.0000,4060.6000,4060.2000,4057.8000,4062.4000,4062.8000,4063.0000,4063.8000,4064.0000,4,1,1,1,1,1,2,1,5,1
SF,IF2006,2020-02-19 10:41:42.900,4062.0000,23817,0,3655585740.000,0,-,-,-,-,4061.4000,4061.2000,4061.0000,4060.6000,4060.2000,4062.4000,4062.8000,4063.0000,4063.8000,4064.0000,2,4,1,1,1,1,2,1,5,1
SF,IF2006,2020-02-19 10:41:44.400,4062.0000,23817,0,3655585740.000,0,-,-,-,-,4061.2000,4061.0000,4060.6000,4060.2000,4057.8000,4062.4000,4062.8000,4063.8000,4064.0000,4064.2000,3,1,1,1,1,1,2,5,1,2
SF,IF2006,2020-02-19 10:41:44.900,4062.0000,23817,0,3655585740.000,0,-,-,-,-,4061.2000,4061.0000,4060.6000,4060.2000,4057.8000,4062.2000,4062.4000,4063.8000,4064.0000,4064.2000,1,1,1,1,1,2,1,5,1,2
SF,IF2006,2020-02-19 10:41:45.400,4062.2000,23817,0,3656804400.000,1,0,1,多换,S,4061.2000,4061.0000,4060.6000,4060.2000,4057.8000,4062.2000,4062.4000,4063.8000,4064.0000,4064.2000,1,1,1,1,1,1,1,5,1,2
SF,IF2006,2020-02-19 10:41:46.400,4062.2000,23817,0,3656804400.000,0,-,-,-,-,4061.2000,4060.6000,4060.2000,4057.8000,4057.4000,4062.2000,4062.4000,4063.8000,4064.0000,4064.2000,1,1,1,1,1,1,1,5,1,2
SF,IF2006,2020-02-19 10:41:48.400,4062.2000,23817,0,3656804400.000,0,-,-,-,-,4061.4000,4061.2000,4060.6000,4060.2000,4057.8000,4062.2000,4062.4000,4063.8000,4064.0000,4064.2000,1,1,1,1,1,1,1,5,1,2
SF,IF2006,2020-02-19 10:41:48.900,4062.2000,23817,0,3656804400.000,0,-,-,-,-,4060.6000,4060.2000,4057.8000,4057.4000,4057.0000,4062.2000,4062.4000,4063.8000,4064.0000,4064.2000,1,1,1,1,1,1,2,5,1,2
SF,IF2006,2020-02-19 10:41:49.400,4062.2000,23817,0,3656804400.000,0,-,-,-,-,4060.8000,4060.6000,4060.2000,4057.8000,4057.4000,4062.2000,4062.4000,4063.8000,4064.0000,4064.2000,7,1,1,1,1,1,2,5,1,2
SF,IF2006,2020-02-19 10:41:51.400,4062.2000,23817,0,3656804400.000,0,-,-,-,-,4061.2000,4061.0000,4060.8000,4060.6000,4060.2000,4062.2000,4062.4000,4063.8000,4064.0000,4064.2000,4,1,6,1,1,1,2,5,1,2
SF,IF2006,2020-02-19 10:41:51.900,4062.2000,23817,0,3656804400.000,0,-,-,-,-,4061.2000,4061.0000,4060.8000,4060.6000,4060.2000,4062.2000,4062.4000,4063.8000,4064.0000,4064.2000,2,1,5,1,1,1,2,5,1,2
SF,IF2006,2020-02-19 10:41:52.400,4062.2000,23817,0,3656804400.000,0,-,-,-,-,4061.2000,4061.0000,4060.8000,4060.6000,4060.2000,4062.2000,4062.4000,4063.8000,4064.0000,4064.2000,2,2,5,1,1,1,2,5,1,2
SF,IF2006,2020-02-19 10:41:52.900,4062.2000,23817,0,3656804400.000,0,-,-,-,-,4061.0000,4060.8000,4060.6000,4060.2000,4057.8000,4062.2000,4062.4000,4063.8000,4064.0000,4064.2000,3,5,1,1,1,1,2,5,1,2
SF,IF2006,2020-02-19 10:41:53.400,4062.2000,23817,0,3656804400.000,0,-,-,-,-,4061.2000,4061.0000,4060.8000,4060.6000,4060.2000,4062.2000,4062.4000,4063.8000,4064.0000,4064.2000,1,3,5,1,1,1,2,5,1,2
SF,IF2006,2020-02-19 10:41:53.900,4062.2000,23817,0,3656804400.000,0,-,-,-,-,4061.0000,4060.8000,4060.6000,4060.2000,4057.8000,4062.2000,4062.4000,4063.8000,4064.0000,4064.2000,3,5,1,1,1,1,2,5,1,2
SF,IF2006,2020-02-19 10:41:54.400,4062.2000,23817,0,3656804400.000,0,-,-,-,-,4061.2000,4061.0000,4060.8000,4060.6000,4060.2000,4062.2000,4062.4000,4063.8000,4064.0000,4064.2000,1,3,5,1,1,1,2,5,1,2
SF,IF2006,2020-02-19 10:41:54.900,4062.2000,23817,0,3656804400.000,0,-,-,-,-,4061.2000,4061.0000,4060.8000,4060.6000,4060.2000,4062.2000,4062.4000,4063.8000,4064.0000,4064.2000,1,3,2,1,1,1,2,5,1,2
SF,IF2006,2020-02-19 10:41:56.400,4062.2000,23817,0,3658023060.000,1,0,1,多换,S,4061.2000,4061.0000,4060.8000,4060.6000,4060.2000,4062.4000,4063.8000,4064.0000,4064.2000,4064.6000,1,3,2,1,1,2,5,1,2,2
SF,IF2006,2020-02-19 10:41:56.900,4062.2000,23817,0,3658023060.000,0,-,-,-,-,4061.0000,4060.8000,4060.6000,4060.2000,4057.8000,4062.4000,4063.8000,4064.0000,4064.2000,4064.6000,3,2,1,1,1,2,5,1,2,2
SF,IF2006,2020-02-19 10:41:57.400,4062.2000,23817,0,3658023060.000,0,-,-,-,-,4061.2000,4061.0000,4060.6000,4060.2000,4057.8000,4062.4000,4063.8000,4064.0000,4064.2000,4064.6000,3,3,1,1,1,2,5,1,2,2
SF,IF2006,2020-02-19 10:41:57.900,4062.2000,23817,0,3658023060.000,0,-,-,-,-,4061.4000,4061.2000,4061.0000,4060.6000,4060.2000,4062.4000,4063.8000,4064.0000,4064.2000,4064.6000,1,3,3,1,1,2,5,1,2,2
SF,IF2006,2020-02-19 10:41:58.400,4062.2000,23817,0,3658023060.000,0,-,-,-,-,4061.6000,4061.2000,4061.0000,4060.6000,4060.2000,4062.4000,4063.8000,4064.0000,4064.2000,4064.6000,5,1,3,1,1,2,5,1,2,2
SF,IF2006,2020-02-19 10:41:58.900,4062.2000,23817,0,3658023060.000,0,-,-,-,-,4061.6000,4061.2000,4061.0000,4060.6000,4060.2000,4062.4000,4063.8000,4064.0000,4064.2000,4064.6000,3,1,3,1,1,2,5,1,2,2
SF,IF2006,2020-02-19 10:41:59.400,4062.2000,23817,0,3658023060.000,0,-,-,-,-,4061.6000,4061.2000,4061.0000,4060.6000,4060.2000,4062.4000,4063.8000,4064.0000,4064.2000,4064.6000,3,1,3,1,1,2,5,1,2,2
SF,IF2006,2020-02-19 10:42:02.400,4062.4000,23817,0,3659241780.000,1,0,1,多换,S,4061.6000,4061.2000,4061.0000,4060.6000,4060.2000,4062.4000,4063.8000,4064.0000,4064.2000,4064.6000,3,1,3,1,1,1,5,1,2,2
SF,IF2006,2020-02-19 10:42:04.400,4061.6000,23817,0,3661678740.000,2,1,1,多换,S,4061.6000,4061.2000,4061.0000,4060.6000,4060.2000,4062.4000,4063.8000,4064.0000,4064.2000,4064.6000,1,1,3,1,1,1,5,1,2,2
SF,IF2006,2020-02-19 10:42:05.400,4061.6000,23817,0,3661678740.000,0,-,-,-,-,4061.6000,4061.0000,4060.6000,4060.2000,4057.8000,4062.4000,4063.8000,4064.0000,4064.2000,4064.6000,1,3,1,1,1,1,5,1,2,2
SF,IF2006,2020-02-19 10:42:05.900,4061.0000,23818,1,3665334240.000,3,2,1,空开,S,4061.0000,4060.6000,4060.2000,4057.8000,4057.4000,4063.8000,4064.0000,4064.2000,4064.6000,4065.0000,2,1,1,1,1,5,1,2,2,4
SF,IF2006,2020-02-19 10:42:06.400,4061.0000,23818,0,3665334240.000,0,-,-,-,-,4061.4000,4061.2000,4061.0000,4060.6000,4060.2000,4063.0000,4063.2000,4063.6000,4063.8000,4064.0000,1,3,2,1,1,1,2,5,5,1
SF,IF2006,2020-02-19 10:42:06.900,4061.0000,23818,0,3665334240.000,0,-,-,-,-,4061.6000,4061.4000,4061.2000,4061.0000,4060.6000,4062.8000,4063.0000,4063.2000,4063.6000,4063.8000,1,1,3,2,1,3,1,1,3,5
SF,IF2006,2020-02-19 10:42:07.400,4061.0000,23818,0,3665334240.000,0,-,-,-,-,4061.4000,4061.2000,4061.0000,4060.6000,4060.2000,4062.8000,4063.0000,4063.2000,4063.6000,4063.8000,1,3,2,1,1,3,1,1,3,5
SF,IF2006,2020-02-19 10:42:07.900,4061.0000,23818,0,3665334240.000,0,-,-,-,-,4061.4000,4061.2000,4061.0000,4060.6000,4060.2000,4062.8000,4063.0000,4063.6000,4063.8000,4064.0000,1,3,1,1,1,3,1,3,5,1
SF,IF2006,2020-02-19 10:42:08.400,4062.4000,23818,0,3666552960.000,1,0,1,多换,S,4061.4000,4061.2000,4061.0000,4060.6000,4060.2000,4062.6000,4062.8000,4063.0000,4063.6000,4063.8000,1,2,1,1,1,1,2,1,3,5
SF,IF2006,2020-02-19 10:42:08.900,4062.4000,23818,0,3666552960.000,0,-,-,-,-,4061.4000,4061.2000,4061.0000,4060.6000,4060.2000,4062.4000,4062.6000,4063.0000,4063.6000,4063.8000,1,2,1,1,1,2,1,1,3,5
SF,IF2006,2020-02-19 10:42:09.400,4062.4000,23818,0,3666552960.000,0,-,-,-,-,4061.4000,4061.2000,4061.0000,4060.6000,4060.2000,4062.4000,4062.6000,4063.0000,4063.6000,4063.8000,1,2,1,1,1,2,1,1,3,5
SF,IF2006,2020-02-19 10:42:10.400,4062.4000,23818,0,3666552960.000,0,-,-,-,-,4061.2000,4061.0000,4060.6000,4060.2000,4057.8000,4062.4000,4062.6000,4063.6000,4063.8000,4064.0000,2,1,1,1,1,2,1,3,5,1
SF,IF2006,2020-02-19 10:42:10.900,4062.4000,23818,0,3666552960.000,0,-,-,-,-,4061.0000,4060.6000,4060.2000,4057.8000,4057.4000,4062.4000,4062.6000,4063.6000,4063.8000,4064.0000,1,1,1,1,1,2,1,3,5,1
SF,IF2006,2020-02-19 10:42:11.900,4062.4000,23818,0,3666552960.000,0,-,-,-,-,4061.0000,4060.6000,4060.2000,4057.8000,4057.4000,4062.2000,4062.4000,4063.6000,4063.8000,4064.0000,1,1,1,1,1,2,2,3,5,1
SF,IF2006,2020-02-19 10:42:12.400,4062.4000,23818,0,3666552960.000,0,-,-,-,-,4061.0000,4060.2000,4057.8000,4057.4000,4057.0000,4062.0000,4062.2000,4063.6000,4063.8000,4064.0000,1,1,1,1,1,2,2,3,5,1
SF,IF2006,2020-02-19 10:42:13.400,4062.4000,23818,0,3666552960.000,0,-,-,-,-,4061.0000,4060.2000,4057.8000,4057.4000,4057.0000,4062.0000,4062.2000,4063.2000,4063.6000,4063.8000,1,1,1,1,1,2,2,1,3,5
SF,IF2006,2020-02-19 10:42:14.400,4062.4000,23818,0,3666552960.000,0,-,-,-,-,4061.0000,4060.2000,4059.2000,4057.8000,4057.4000,4062.0000,4062.2000,4063.2000,4063.6000,4063.8000,1,1,1,1,1,2,2,1,3,5
SF,IF2006,2020-02-19 10:42:18.900,4061.0000,23819,1,3667771260.000,1,1,0,双开,S,4060.2000,4059.2000,4057.8000,4057.4000,4057.0000,4062.0000,4062.2000,4063.2000,4063.6000,4063.8000,1,1,1,1,1,2,2,1,3,5
SF,IF2006,2020-02-19 10:42:19.400,4061.0000,23819,0,3667771260.000,0,-,-,-,-,4060.4000,4060.2000,4059.2000,4057.8000,4057.4000,4061.8000,4062.0000,4062.2000,4063.2000,4063.6000,1,1,1,1,1,3,2,1,1,3
SF,IF2006,2020-02-19 10:42:19.900,4060.2000,23818,-1,3668989320.000,1,0,1,双平,S,4059.2000,4057.8000,4057.4000,4057.0000,4054.4000,4061.2000,4061.4000,4061.6000,4061.8000,4063.2000,1,1,1,1,1,2,2,2,2,1
SF,IF2006,2020-02-19 10:42:20.400,4060.2000,23818,0,3668989320.000,0,-,-,-,-,4059.6000,4059.4000,4057.8000,4057.4000,4057.0000,4061.0000,4061.2000,4061.4000,4061.8000,4063.2000,2,4,1,1,1,3,2,1,1,1
SF,IF2006,2020-02-19 10:42:20.900,4060.2000,23818,0,3668989320.000,0,-,-,-,-,4060.0000,4059.8000,4059.6000,4059.4000,4057.8000,4061.0000,4061.2000,4061.4000,4061.8000,4063.2000,1,3,1,1,1,2,1,1,1,1
SF,IF2006,2020-02-19 10:42:21.400,4060.2000,23818,0,3668989320.000,0,-,-,-,-,4060.2000,4060.0000,4059.8000,4059.6000,4059.4000,4061.0000,4061.2000,4061.4000,4063.2000,4063.6000,1,1,3,1,1,2,1,1,1,3
SF,IF2006,2020-02-19 10:42:21.900,4060.2000,23818,0,3668989320.000,0,-,-,-,-,4060.0000,4059.8000,4059.4000,4057.8000,4057.6000,4061.2000,4061.4000,4063.2000,4063.6000,4063.8000,1,2,1,1,1,1,1,1,3,5
SF,IF2006,2020-02-19 10:42:22.400,4060.2000,23818,0,3668989320.000,0,-,-,-,-,4060.2000,4060.0000,4059.8000,4059.4000,4057.8000,4061.2000,4061.4000,4063.2000,4063.6000,4063.8000,3,1,2,1,1,1,1,1,3,5
SF,IF2006,2020-02-19 10:42:23.900,4060.2000,23818,0,3668989320.000,0,-,-,-,-,4060.2000,4060.0000,4059.8000,4059.4000,4057.8000,4061.2000,4061.4000,4063.2000,4063.6000,4063.8000,3,1,2,1,1,2,1,1,3,5
SF,IF2006,2020-02-19 10:42:27.400,4060.2000,23818,0,3668989320.000,0,-,-,-,-,4060.2000,4060.0000,4059.8000,4059.4000,4057.8000,4061.2000,4061.4000,4063.2000,4063.6000,4063.8000,1,1,2,1,1,2,1,1,3,5
SF,IF2006,2020-02-19 10:42:27.900,4060.2000,23818,0,3668989320.000,0,-,-,-,-,4060.2000,4059.8000,4059.4000,4057.8000,4057.6000,4061.0000,4061.2000,4061.4000,4063.2000,4063.6000,1,2,1,1,1,2,2,2,1,3
SF,IF2006,2020-02-19 10:42:28.400,4060.2000,23818,0,3670207380.000,1,0,1,多换,S,4059.8000,4059.4000,4057.8000,4057.6000,4057.4000,4061.0000,4061.2000,4061.4000,4063.2000,4063.6000,2,1,1,1,1,2,2,2,1,3
SF,IF2006,2020-02-19 10:42:28.900,4060.2000,23818,0,3670207380.000,0,-,-,-,-,4057.8000,4057.6000,4057.4000,4057.0000,4054.4000,4061.0000,4061.2000,4061.4000,4063.2000,4063.6000,1,1,1,1,1,2,2,1,1,3
SF,IF2006,2020-02-19 10:42:29.400,4060.2000,23818,0,3670207380.000,0,-,-,-,-,4058.8000,4058.6000,4058.4000,4058.2000,4058.0000,4060.6000,4061.0000,4061.2000,4061.4000,4063.2000,2,7,2,1,6,1,2,1,1,1
SF,IF2006,2020-02-19 10:42:29.900,4060.2000,23818,0,3670207380.000,0,-,-,-,-,4059.2000,4059.0000,4058.8000,4058.6000,4058.4000,4060.6000,4061.0000,4061.2000,4061.4000,4063.2000,3,1,1,6,2,1,2,1,1,1
SF,IF2006,2020-02-19 10:42:30.400,4060.2000,23818,0,3670207380.000,0,-,-,-,-,4059.2000,4059.0000,4058.8000,4058.6000,4058.4000,4060.4000,4060.6000,4061.2000,4061.4000,4063.2000,3,1,1,1,2,2,1,1,1,1
SF,IF2006,2020-02-19 10:42:30.900,4060.2000,23818,0,3670207380.000,0,-,-,-,-,4058.0000,4057.8000,4057.6000,4057.4000,4057.0000,4060.4000,4060.6000,4061.2000,4061.4000,4063.2000,5,1,1,1,1,2,1,1,1,1
SF,IF2006,2020-02-19 10:42:31.400,4060.2000,23818,0,3670207380.000,0,-,-,-,-,4058.4000,4058.2000,4058.0000,4057.8000,4057.6000,4059.2000,4060.0000,4060.2000,4060.4000,4061.2000,3,2,5,1,1,1,1,1,2,1
SF,IF2006,2020-02-19 10:42:31.900,4059.2000,23818,0,3671425140.000,1,0,1,多换,S,4058.4000,4058.2000,4058.0000,4057.8000,4057.6000,4060.0000,4060.4000,4061.2000,4061.4000,4063.2000,1,1,5,1,1,1,2,1,1,1
SF,IF2006,2020-02-19 10:42:32.400,4059.2000,23818,0,3671425140.000,0,-,-,-,-,4058.2000,4058.0000,4057.8000,4057.6000,4057.4000,4059.8000,4060.0000,4061.2000,4061.4000,4063.2000,1,5,1,1,1,3,1,1,1,1
SF,IF2006,2020-02-19 10:42:32.900,4059.2000,23818,0,3671425140.000,0,-,-,-,-,4058.4000,4058.2000,4058.0000,4057.8000,4057.6000,4059.8000,4060.0000,4061.2000,4061.4000,4063.2000,1,1,5,1,1,3,1,1,1,1
SF,IF2006,2020-02-19 10:42:33.400,4059.2000,23818,0,3671425140.000,0,-,-,-,-,4058.6000,4058.2000,4058.0000,4057.8000,4057.4000,4059.8000,4060.0000,4061.2000,4061.4000,4063.2000,2,1,3,1,1,3,1,1,1,1
SF,IF2006,2020-02-19 10:42:33.900,4059.2000,23818,0,3671425140.000,0,-,-,-,-,4058.6000,4058.2000,4058.0000,4057.8000,4057.4000,4059.6000,4059.8000,4060.0000,4060.6000,4061.4000,2,1,3,1,1,1,3,1,1,1
SF,IF2006,2020-02-19 10:42:35.400,4059.2000,23818,0,3671425140.000,0,-,-,-,-,4058.6000,4058.0000,4057.8000,4057.4000,4057.0000,4059.6000,4059.8000,4060.0000,4060.6000,4061.4000,2,3,1,1,1,1,3,1,1,1
SF,IF2006,2020-02-19 10:42:35.900,4059.2000,23818,0,3671425140.000,0,-,-,-,-,4058.6000,4058.0000,4057.8000,4057.4000,4057.0000,4059.6000,4059.8000,4060.0000,4060.6000,4061.4000,2,3,1,1,1,1,3,1,1,1
SF,IF2006,2020-02-19 10:42:36.900,4059.2000,23818,0,3671425140.000,0,-,-,-,-,4058.6000,4058.0000,4057.8000,4057.4000,4057.0000,4059.6000,4059.8000,4060.0000,4060.6000,4061.4000,2,3,1,1,1,1,3,1,1,1
SF,IF2006,2020-02-19 10:42:37.400,4059.2000,23818,0,3671425140.000,0,-,-,-,-,4058.0000,4057.8000,4057.4000,4057.0000,4056.2000,4059.4000,4059.6000,4059.8000,4060.0000,4060.6000,3,1,1,1,1,2,1,1,1,1
SF,IF2006,2020-02-19 10:42:37.900,4059.2000,23818,0,3671425140.000,0,-,-,-,-,4058.0000,4057.8000,4057.4000,4057.0000,4056.2000,4059.2000,4059.4000,4060.6000,4061.4000,4063.2000,3,1,1,1,1,2,2,1,1,1
SF,IF2006,2020-02-19 10:42:38.900,4058.0000,23818,0,3672642540.000,1,0,1,多换,S,4058.0000,4057.8000,4057.4000,4057.0000,4056.2000,4058.8000,4059.2000,4059.4000,4060.6000,4061.4000,2,1,1,1,1,1,2,2,1,1
SF,IF2006,2020-02-19 10:42:39.400,4058.0000,23818,0,3673859940.000,1,0,1,多换,S,4057.8000,4057.4000,4057.0000,4056.2000,4054.4000,4058.4000,4058.6000,4060.6000,4061.4000,4063.0000,1,1,1,1,1,1,4,1,1,6
SF,IF2006,2020-02-19 10:42:39.900,4057.8000,23818,0,3675077280.000,1,0,1,多换,S,4057.4000,4057.0000,4056.2000,4054.4000,4053.0000,4058.2000,4060.6000,4061.4000,4063.0000,4063.2000,1,1,1,1,2,5,1,1,6,1
SF,IF2006,2020-02-19 10:42:40.400,4057.4000,23818,0,3676294500.000,1,0,1,多换,S,4057.0000,4056.2000,4054.4000,4053.0000,4051.8000,4057.8000,4058.0000,4058.2000,4060.6000,4061.4000,1,1,1,2,1,1,1,2,1,1
SF,IF2006,2020-02-19 10:42:40.900,4057.4000,23818,0,3676294500.000,0,-,-,-,-,4057.0000,4054.4000,4053.0000,4051.8000,4051.2000,4057.8000,4058.0000,4058.2000,4060.6000,4061.4000,1,1,2,1,1,1,1,2,1,1
SF,IF2006,2020-02-19 10:42:41.400,4057.8000,23819,1,3677511840.000,1,1,0,双开,S,4057.0000,4054.8000,4054.4000,4053.0000,4051.8000,4058.0000,4058.2000,4060.6000,4061.4000,4063.0000,3,1,1,2,1,1,2,1,1,6
SF,IF2006,2020-02-19 10:42:41.900,4057.8000,23819,0,3677511840.000,0,-,-,-,-,4057.2000,4057.0000,4054.8000,4054.4000,4053.0000,4058.2000,4060.6000,4061.4000,4063.0000,4063.2000,2,1,1,1,2,2,1,1,6,1
SF,IF2006,2020-02-19 10:42:42.400,4057.4000,23820,1,3678729060.000,1,1,0,双开,S,4057.0000,4054.8000,4054.4000,4053.0000,4051.8000,4060.6000,4061.4000,4063.0000,4063.2000,4063.6000,1,1,1,2,1,1,1,6,1,3
SF,IF2006,2020-02-19 10:42:42.900,4057.4000,23820,0,3678729060.000,0,-,-,-,-,4057.2000,4057.0000,4054.8000,4054.4000,4053.0000,4059.0000,4059.4000,4059.8000,4060.0000,4060.2000,3,1,1,1,2,1,1,1,1,2
SF,IF2006,2020-02-19 10:42:43.400,4057.4000,23820,0,3678729060.000,0,-,-,-,-,4057.6000,4057.2000,4057.0000,4054.8000,4054.4000,4058.8000,4059.0000,4059.4000,4059.8000,4060.0000,1,3,1,1,1,2,1,1,1,1
SF,IF2006,2020-02-19 10:42:43.900,4057.4000,23820,0,3678729060.000,0,-,-,-,-,4057.8000,4057.6000,4057.2000,4057.0000,4054.8000,4058.8000,4059.0000,4059.4000,4060.2000,4060.4000,3,1,2,1,1,2,1,1,2,3
SF,IF2006,2020-02-19 10:42:44.400,4057.4000,23820,0,3678729060.000,0,-,-,-,-,4057.8000,4057.6000,4057.2000,4057.0000,4054.8000,4058.8000,4059.0000,4059.4000,4060.2000,4060.4000,3,1,2,1,1,2,1,1,2,3
SF,IF2006,2020-02-19 10:42:44.900,4059.0000,23820,0,3682382040.000,3,1,2,多换,S,4059.0000,4058.4000,4058.0000,4057.8000,4057.6000,4060.2000,4060.4000,4060.6000,4061.4000,4063.0000,1,2,4,1,1,1,2,1,1,6
SF,IF2006,2020-02-19 10:42:45.400,4058.4000,23821,1,3683599560.000,1,1,0,双开,S,4058.0000,4057.8000,4057.6000,4057.0000,4054.8000,4060.4000,4060.6000,4061.4000,4063.0000,4063.2000,2,1,1,1,1,2,1,1,6,1
SF,IF2006,2020-02-19 10:42:45.900,4058.4000,23821,0,3683599560.000,0,-,-,-,-,4058.4000,4058.0000,4057.0000,4054.8000,4054.4000,4059.2000,4059.4000,4059.6000,4060.0000,4060.2000,2,2,1,1,1,1,1,1,3,2
SF,IF2006,2020-02-19 10:42:46.400,4058.4000,23821,0,3683599560.000,0,-,-,-,-,4058.0000,4057.0000,4054.8000,4054.4000,4053.0000,4060.0000,4060.2000,4060.4000,4060.6000,4061.4000,2,1,1,1,2,1,2,2,1,1
SF,IF2006,2020-02-19 10:42:46.900,4058.4000,23821,0,3683599560.000,0,-,-,-,-,4058.2000,4058.0000,4057.0000,4054.8000,4054.4000,4059.8000,4060.0000,4060.4000,4060.6000,4061.4000,1,2,1,1,1,3,1,2,1,1
SF,IF2006,2020-02-19 10:42:47.400,4058.4000,23821,0,3683599560.000,0,-,-,-,-,4058.4000,4057.0000,4054.8000,4054.4000,4053.0000,4059.8000,4060.4000,4060.6000,4061.4000,4063.0000,2,1,1,1,2,3,2,1,1,6
SF,IF2006,2020-02-19 10:42:47.900,4058.4000,23821,0,3686034600.000,2,1,1,多换,S,4057.0000,4054.8000,4054.4000,4053.0000,4051.8000,4059.4000,4059.8000,4060.4000,4060.6000,4061.4000,1,1,1,2,1,1,3,2,1,1
SF,IF2006,2020-02-19 10:42:48.400,4058.4000,23821,0,3686034600.000,0,-,-,-,-,4057.4000,4057.2000,4057.0000,4054.8000,4054.4000,4059.0000,4059.2000,4059.8000,4060.0000,4060.4000,3,4,1,1,1,1,2,1,1,2
SF,IF2006,2020-02-19 10:42:48.900,4058.4000,23821,0,3686034600.000,0,-,-,-,-,4057.4000,4057.2000,4057.0000,4054.8000,4054.4000,4058.6000,4058.8000,4059.8000,4060.0000,4060.4000,1,2,1,1,1,1,2,1,1,2
SF,IF2006,2020-02-19 10:42:49.400,4058.4000,23821,0,3686034600.000,0,-,-,-,-,4057.2000,4057.0000,4054.8000,4054.4000,4053.0000,4058.6000,4058.8000,4059.8000,4060.0000,4060.4000,2,1,1,1,2,1,2,1,1,2
SF,IF2006,2020-02-19 10:42:49.900,4057.2000,23819,-2,3688468920.000,2,0,2,双平,S,4057.0000,4054.8000,4054.4000,4053.0000,4051.8000,4057.2000,4058.4000,4058.6000,4059.8000,4060.0000,1,1,1,2,1,2,2,1,1,1
SF,IF2006,2020-02-19 10:42:50.400,4057.2000,23820,1,3692120340.000,3,2,1,空开,S,4054.8000,4054.4000,4053.0000,4051.8000,4051.2000,4058.4000,4059.8000,4060.0000,4060.4000,4061.4000,1,1,2,1,1,2,1,1,2,1
SF,IF2006,2020-02-19 10:42:50.900,4057.2000,23820,0,3692120340.000,0,-,-,-,-,4056.2000,4056.0000,4055.8000,4055.4000,4055.2000,4058.4000,4059.8000,4060.0000,4060.4000,4061.4000,1,3,5,3,1,2,1,1,2,1
SF,IF2006,2020-02-19 10:42:51.400,4057.2000,23820,0,3692120340.000,0,-,-,-,-,4057.0000,4056.6000,4056.4000,4056.0000,4055.8000,4058.4000,4059.8000,4060.0000,4060.4000,4061.4000,1,7,2,1,5,2,1,1,2,1
SF,IF2006,2020-02-19 10:42:51.900,4057.0000,23820,0,3693337440.000,1,0,1,多换,S,4056.4000,4056.0000,4055.4000,4055.2000,4055.0000,4057.0000,4058.2000,4058.4000,4059.8000,4060.0000,2,1,3,1,2,2,2,2,1,1
SF,IF2006,2020-02-19 10:42:52.400,4057.0000,23818,-2,3695771640.000,2,0,2,双平,S,4056.4000,4056.0000,4055.4000,4055.2000,4055.0000,4058.4000,4059.8000,4060.0000,4060.4000,4061.4000,2,1,3,1,2,2,1,1,2,1
SF,IF2006,2020-02-19 10:42:52.900,4057.0000,23818,0,3695771640.000,0,-,-,-,-,4056.6000,4056.4000,4056.0000,4055.4000,4055.2000,4058.4000,4059.8000,4060.0000,4060.4000,4061.4000,1,1,1,3,1,2,1,1,2,1
SF,IF2006,2020-02-19 10:42:53.900,4057.0000,23818,0,3695771640.000,0,-,-,-,-,4056.6000,4056.4000,4056.0000,4055.4000,4055.2000,4058.4000,4059.8000,4060.0000,4060.4000,4061.4000,1,1,1,3,1,2,1,1,2,1
SF,IF2006,2020-02-19 10:42:54.400,4057.0000,23818,0,3695771640.000,0,-,-,-,-,4056.8000,4056.6000,4056.4000,4056.0000,4055.4000,4058.4000,4059.8000,4060.0000,4060.4000,4061.4000,1,1,1,1,3,2,1,1,2,1
SF,IF2006,2020-02-19 10:42:54.900,4057.0000,23818,0,3695771640.000,0,-,-,-,-,4056.8000,4056.6000,4056.4000,4056.0000,4055.4000,4058.4000,4059.8000,4060.0000,4060.4000,4061.4000,1,1,1,1,3,2,1,1,2,1
SF,IF2006,2020-02-19 10:42:55.400,4057.0000,23818,0,3695771640.000,0,-,-,-,-,4056.6000,4056.4000,4056.0000,4055.4000,4055.2000,4058.2000,4058.4000,4059.8000,4060.0000,4060.4000,2,1,1,3,1,2,2,1,1,2
SF,IF2006,2020-02-19 10:42:55.900,4057.0000,23818,0,3695771640.000,0,-,-,-,-,4056.8000,4056.6000,4056.4000,4056.0000,4055.4000,4058.0000,4058.2000,4059.8000,4060.0000,4060.4000,1,2,1,1,3,2,2,1,1,2
SF,IF2006,2020-02-19 10:42:56.400,4057.0000,23818,0,3695771640.000,0,-,-,-,-,4056.8000,4056.6000,4056.4000,4056.0000,4055.4000,4058.0000,4059.8000,4060.0000,4060.4000,4061.4000,1,2,1,1,3,2,1,1,2,1
SF,IF2006,2020-02-19 10:42:56.900,4057.0000,23818,0,3695771640.000,0,-,-,-,-,4057.0000,4056.8000,4056.6000,4056.4000,4056.0000,4058.0000,4059.8000,4060.0000,4060.4000,4061.4000,1,1,2,1,1,2,1,1,2,1
SF,IF2006,2020-02-19 10:42:57.900,4057.0000,23818,0,3695771640.000,0,-,-,-,-,4056.8000,4056.6000,4056.4000,4056.0000,4055.4000,4058.0000,4059.8000,4060.0000,4060.4000,4061.4000,1,2,1,1,2,2,1,1,2,1
SF,IF2006,2020-02-19 10:42:59.400,4057.0000,23818,0,3695771640.000,0,-,-,-,-,4057.0000,4056.8000,4056.6000,4056.4000,4056.0000,4058.0000,4059.8000,4060.0000,4060.4000,4061.4000,1,1,2,1,1,2,1,1,2,1
SF,IF2006,2020-02-19 10:42:59.900,4057.0000,23818,0,3695771640.000,0,-,-,-,-,4057.0000,4056.8000,4056.6000,4056.4000,4056.0000,4058.0000,4059.0000,4059.8000,4060.0000,4060.4000,1,1,1,1,1,2,1,1,1,2
SF,IF2006,2020-02-19 10:43:00.400,4058.0000,23816,-2,3698206440.000,2,0,2,双平,S,4057.2000,4057.0000,4056.8000,4056.6000,4056.0000,4059.0000,4059.8000,4060.0000,4060.4000,4061.4000,4,1,1,1,1,1,1,1,2,1
SF,IF2006,2020-02-19 10:43:00.900,4058.0000,23816,0,3698206440.000,0,-,-,-,-,4057.6000,4057.2000,4057.0000,4056.6000,4056.0000,4059.0000,4059.8000,4060.0000,4060.4000,4061.4000,4,2,1,1,1,1,1,1,2,1
SF,IF2006,2020-02-19 10:43:01.400,4059.0000,23816,0,3699424140.000,1,0,1,多换,S,4059.0000,4058.2000,4058.0000,4057.8000,4057.0000,4059.8000,4060.0000,4060.4000,4061.4000,4062.0000,1,1,4,2,1,1,1,2,1,1
SF,IF2006,2020-02-19 10:43:01.900,4059.0000,23816,0,3699424140.000,0,-,-,-,-,4059.0000,4058.0000,4057.8000,4057.0000,4056.6000,4059.8000,4060.0000,4060.4000,4061.4000,4062.0000,1,1,2,1,1,1,1,2,1,1
SF,IF2006,2020-02-19 10:43:02.400,4059.0000,23816,0,3699424140.000,0,-,-,-,-,4058.0000,4057.8000,4057.0000,4056.6000,4056.0000,4059.6000,4059.8000,4060.0000,4061.4000,4062.0000,1,2,1,1,1,2,1,1,1,1
SF,IF2006,2020-02-19 10:43:02.900,4059.0000,23816,0,3699424140.000,0,-,-,-,-,4058.6000,4058.4000,4058.2000,4058.0000,4057.0000,4059.6000,4059.8000,4060.0000,4061.4000,4062.0000,1,1,4,1,1,2,1,1,1,1
SF,IF2006,2020-02-19 10:43:03.400,4059.0000,23816,0,3699424140.000,0,-,-,-,-,4058.6000,4058.4000,4058.2000,4058.0000,4056.6000,4059.6000,4059.8000,4060.0000,4061.4000,4062.0000,1,1,4,1,1,2,1,1,1,1
SF,IF2006,2020-02-19 10:43:04.400,4059.0000,23816,0,3699424140.000,0,-,-,-,-,4058.2000,4056.6000,4055.4000,4055.0000,4054.8000,4059.4000,4059.6000,4059.8000,4060.0000,4061.4000,2,1,2,3,1,2,2,1,1,1
SF,IF2006,2020-02-19 10:43:04.900,4059.0000,23816,0,3699424140.000,0,-,-,-,-,4056.6000,4055.4000,4055.0000,4054.8000,4053.0000,4059.2000,4059.4000,4059.8000,4060.0000,4061.4000,1,2,3,1,2,2,2,1,1,1
SF,IF2006,2020-02-19 10:43:05.400,4059.0000,23816,0,3699424140.000,0,-,-,-,-,4057.4000,4057.2000,4057.0000,4056.8000,4056.6000,4059.2000,4059.4000,4059.8000,4060.0000,4061.4000,1,3,10,3,1,2,2,1,1,1
SF,IF2006,2020-02-19 10:43:05.900,4059.0000,23816,0,3699424140.000,0,-,-,-,-,4057.6000,4057.4000,4057.2000,4057.0000,4056.8000,4059.2000,4059.4000,4059.8000,4060.0000,4061.4000,2,2,2,9,1,2,2,1,1,1
SF,IF2006,2020-02-19 10:43:06.400,4059.0000,23816,0,3699424140.000,0,-,-,-,-,4057.6000,4057.4000,4057.2000,4057.0000,4056.8000,4059.2000,4059.4000,4059.8000,4060.0000,4061.4000,2,2,1,6,1,2,2,1,1,1
SF,IF2006,2020-02-19 10:43:07.400,4059.0000,23816,0,3699424140.000,0,-,-,-,-,4057.6000,4057.4000,4057.2000,4057.0000,4056.8000,4059.0000,4059.2000,4059.4000,4059.8000,4061.4000,2,2,1,6,1,1,2,2,1,1
SF,IF2006,2020-02-19 10:43:08.400,4059.0000,23816,0,3699424140.000,0,-,-,-,-,4057.8000,4057.6000,4057.4000,4057.2000,4057.0000,4059.0000,4059.2000,4059.4000,4059.8000,4061.4000,2,2,2,1,6,1,2,2,1,1
SF,IF2006,2020-02-19 10:43:08.900,4059.0000,23816,0,3699424140.000,0,-,-,-,-,4058.0000,4057.8000,4057.4000,4057.2000,4057.0000,4059.0000,4059.2000,4059.4000,4059.8000,4061.4000,3,2,2,1,6,1,2,2,1,1
SF,IF2006,2020-02-19 10:43:09.900,4059.0000,23816,0,3699424140.000,0,-,-,-,-,4058.2000,4058.0000,4057.8000,4057.4000,4057.2000,4059.0000,4059.2000,4059.4000,4059.8000,4061.4000,1,3,1,2,1,1,2,2,1,1
SF,IF2006,2020-02-19 10:43:10.400,4059.0000,23816,0,3699424140.000,0,-,-,-,-,4058.2000,4058.0000,4057.8000,4057.4000,4057.2000,4059.0000,4059.2000,4059.4000,4059.8000,4061.4000,1,2,1,2,1,1,2,2,1,1
SF,IF2006,2020-02-19 10:43:11.400,4059.0000,23816,0,3699424140.000,0,-,-,-,-,4058.2000,4058.0000,4057.8000,4057.4000,4057.2000,4059.0000,4059.2000,4059.4000,4059.8000,4061.4000,1,2,1,1,1,1,2,2,1,1
SF,IF2006,2020-02-19 10:43:12.400,4059.0000,23816,0,3699424140.000,0,-,-,-,-,4058.2000,4058.0000,4057.4000,4057.2000,4057.0000,4059.0000,4059.2000,4059.4000,4059.8000,4061.4000,1,2,1,1,1,1,2,2,1,1
SF,IF2006,2020-02-19 10:43:12.900,4059.0000,23816,0,3699424140.000,0,-,-,-,-,4058.2000,4058.0000,4057.4000,4057.2000,4057.0000,4059.0000,4059.2000,4059.4000,4059.8000,4061.4000,1,2,1,1,1,1,2,1,1,1
SF,IF2006,2020-02-19 10:43:13.900,4059.0000,23816,0,3699424140.000,0,-,-,-,-,4058.0000,4057.4000,4057.2000,4057.0000,4056.8000,4059.0000,4059.2000,4059.4000,4059.8000,4061.4000,2,1,1,1,1,1,2,1,1,1
SF,IF2006,2020-02-19 10:43:14.400,4059.0000,23816,0,3699424140.000,0,-,-,-,-,4058.2000,4058.0000,4057.4000,4057.0000,4056.8000,4059.0000,4059.2000,4059.4000,4059.8000,4061.4000,2,2,1,1,1,1,2,1,1,1
SF,IF2006,2020-02-19 10:43:14.900,4059.0000,23816,0,3699424140.000,0,-,-,-,-,4058.0000,4057.4000,4057.0000,4056.8000,4056.6000,4059.0000,4059.2000,4059.4000,4059.8000,4061.4000,2,1,1,1,1,1,2,1,1,1
SF,IF2006,2020-02-19 10:43:15.400,4059.0000,23816,0,3699424140.000,0,-,-,-,-,4058.2000,4058.0000,4057.4000,4057.0000,4056.8000,4059.0000,4059.2000,4059.4000,4059.8000,4061.4000,2,2,1,1,1,1,2,1,1,1
SF,IF2006,2020-02-19 10:43:15.900,4059.0000,23816,0,3699424140.000,0,-,-,-,-,4058.4000,4058.0000,4057.4000,4057.0000,4056.8000,4059.0000,4059.2000,4059.4000,4059.8000,4061.4000,1,2,1,1,1,1,2,1,1,1
SF,IF2006,2020-02-19 10:43:16.400,4059.0000,23816,0,3700641840.000,1,0,1,多换,S,4058.4000,4058.0000,4057.4000,4057.0000,4056.8000,4059.4000,4059.8000,4061.4000,4062.0000,4063.0000,1,2,1,1,1,1,1,1,1,7
SF,IF2006,2020-02-19 10:43:16.900,4059.0000,23816,0,3700641840.000,0,-,-,-,-,4058.6000,4058.4000,4058.0000,4057.4000,4057.0000,4059.4000,4059.8000,4061.4000,4062.0000,4063.0000,1,1,2,1,1,1,1,1,1,7
SF,IF2006,2020-02-19 10:43:17.400,4059.0000,23816,0,3700641840.000,0,-,-,-,-,4058.4000,4058.0000,4057.4000,4057.0000,4056.8000,4059.4000,4059.8000,4061.4000,4062.0000,4063.0000,1,2,1,1,1,1,1,1,1,7
SF,IF2006,2020-02-19 10:43:20.900,4059.0000,23816,0,3700641840.000,0,-,-,-,-,4058.4000,4058.0000,4057.4000,4057.0000,4056.8000,4059.8000,4061.4000,4062.0000,4063.0000,4063.2000,1,2,1,1,1,1,1,1,7,1
SF,IF2006,2020-02-19 10:43:21.400,4059.0000,23816,0,3700641840.000,0,-,-,-,-,4058.4000,4058.0000,4057.4000,4057.0000,4056.8000,4059.6000,4059.8000,4061.4000,4062.0000,4063.0000,1,2,1,1,1,2,1,1,1,7
SF,IF2006,2020-02-19 10:43:25.400,4059.0000,23816,0,3700641840.000,0,-,-,-,-,4058.4000,4058.0000,4057.4000,4057.2000,4057.0000,4059.6000,4059.8000,4061.4000,4062.0000,4063.0000,1,2,1,1,1,2,1,1,1,7
SF,IF2006,2020-02-19 10:43:25.900,4059.0000,23816,0,3700641840.000,0,-,-,-,-,4058.4000,4058.0000,4057.4000,4057.2000,4057.0000,4059.6000,4059.8000,4061.4000,4062.0000,4063.0000,1,2,1,1,1,2,1,1,3,7
SF,IF2006,2020-02-19 10:43:27.900,4059.8000,23815,-1,3704295540.000,3,1,2,多平,S,4059.0000,4058.8000,4058.6000,4058.4000,4058.0000,4061.4000,4062.0000,4063.0000,4063.2000,4063.8000,1,2,2,1,2,1,3,7,1,4
SF,IF2006,2020-02-19 10:43:28.400,4059.8000,23815,0,3704295540.000,0,-,-,-,-,4059.6000,4059.4000,4059.2000,4058.4000,4058.2000,4060.8000,4061.2000,4061.4000,4062.0000,4063.0000,1,3,3,1,1,1,7,1,3,7
SF,IF2006,2020-02-19 10:43:28.900,4059.8000,23815,0,3704295540.000,0,-,-,-,-,4059.8000,4059.6000,4059.4000,4059.2000,4058.4000,4060.8000,4061.2000,4061.4000,4062.0000,4063.0000,2,1,2,2,1,1,6,1,3,7
SF,IF2006,2020-02-19 10:43:29.400,4059.8000,23815,0,3704295540.000,0,-,-,-,-,4059.8000,4059.6000,4059.4000,4059.2000,4058.4000,4060.8000,4061.2000,4061.4000,4062.0000,4063.0000,2,1,2,2,1,1,5,1,3,7
SF,IF2006,2020-02-19 10:43:29.900,4059.8000,23815,0,3704295540.000,0,-,-,-,-,4060.0000,4059.6000,4059.4000,4059.2000,4058.4000,4060.6000,4060.8000,4061.2000,4061.4000,4062.0000,1,1,1,2,1,2,1,3,1,3
SF,IF2006,2020-02-19 10:43:30.400,4059.8000,23815,0,3704295540.000,0,-,-,-,-,4059.6000,4059.4000,4059.2000,4058.4000,4058.2000,4060.6000,4060.8000,4061.2000,4061.4000,4062.0000,1,1,2,1,1,2,1,3,1,3
SF,IF2006,2020-02-19 10:43:30.900,4059.8000,23815,0,3704295540.000,0,-,-,-,-,4059.8000,4059.6000,4059.4000,4059.2000,4058.4000,4060.8000,4061.2000,4061.4000,4062.0000,4063.0000,1,1,1,2,1,1,3,1,3,7
SF,IF2006,2020-02-19 10:43:31.400,4059.8000,23815,0,3704295540.000,0,-,-,-,-,4060.6000,4059.6000,4059.4000,4059.2000,4058.4000,4060.8000,4061.2000,4061.4000,4062.0000,4063.0000,1,1,1,2,1,1,3,1,3,7
SF,IF2006,2020-02-19 10:43:31.900,4060.6000,23815,0,3705513720.000,1,0,1,多换,S,4060.0000,4059.6000,4059.4000,4059.2000,4058.4000,4060.6000,4061.2000,4061.4000,4062.0000,4063.0000,1,1,1,2,1,1,3,1,3,7
SF,IF2006,2020-02-19 10:43:32.400,4060.6000,23815,0,3705513720.000,0,-,-,-,-,4060.0000,4059.6000,4059.4000,4059.2000,4058.2000,4060.6000,4061.2000,4061.4000,4062.0000,4063.0000,1,1,1,2,1,1,3,1,3,7
SF,IF2006,2020-02-19 10:43:32.900,4060.6000,23815,0,3705513720.000,0,-,-,-,-,4059.6000,4059.4000,4059.2000,4058.2000,4057.2000,4060.6000,4061.2000,4061.4000,4062.0000,4063.0000,1,1,2,1,1,1,3,1,3,7
SF,IF2006,2020-02-19 10:43:33.400,4060.6000,23815,0,3705513720.000,0,-,-,-,-,4059.6000,4059.4000,4059.2000,4058.2000,4057.2000,4061.2000,4061.4000,4062.0000,4063.0000,4063.2000,1,1,2,1,1,3,1,3,7,1
SF,IF2006,2020-02-19 10:43:33.900,4060.6000,23815,0,3705513720.000,0,-,-,-,-,4059.8000,4059.6000,4059.4000,4058.2000,4057.2000,4061.0000,4061.2000,4061.4000,4062.0000,4063.0000,2,1,1,1,1,3,3,1,3,7
SF,IF2006,2020-02-19 10:43:34.400,4060.6000,23815,0,3705513720.000,0,-,-,-,-,4059.6000,4059.4000,4058.2000,4057.2000,4057.0000,4060.8000,4061.0000,4061.2000,4061.4000,4062.0000,1,1,1,1,1,1,3,3,1,3
SF,IF2006,2020-02-19 10:43:34.900,4060.6000,23815,0,3705513720.000,0,-,-,-,-,4058.2000,4057.2000,4057.0000,4056.8000,4056.6000,4060.6000,4060.8000,4061.0000,4061.2000,4061.4000,1,1,1,1,1,3,1,1,3,1
SF,IF2006,2020-02-19 10:43:35.400,4060.6000,23815,0,3705513720.000,0,-,-,-,-,4058.8000,4058.6000,4058.4000,4058.2000,4057.2000,4060.4000,4060.6000,4061.2000,4061.4000,4062.0000,1,3,3,1,1,2,3,3,1,3
SF,IF2006,2020-02-19 10:43:35.900,4060.6000,23815,0,3705513720.000,0,-,-,-,-,4059.0000,4058.8000,4058.6000,4058.4000,4058.2000,4060.2000,4060.4000,4060.6000,4061.2000,4061.4000,4,1,1,1,1,2,3,1,3,1
SF,IF2006,2020-02-19 10:43:36.400,4060.6000,23815,0,3705513720.000,0,-,-,-,-,4059.0000,4058.8000,4058.6000,4058.4000,4058.2000,4060.2000,4060.4000,4061.2000,4061.4000,4062.0000,3,1,1,1,1,2,3,3,1,3
SF,IF2006,2020-02-19 10:43:36.900,4060.6000,23815,0,3705513720.000,0,-,-,-,-,4059.0000,4058.8000,4058.6000,4058.4000,4058.2000,4060.2000,4060.4000,4061.2000,4061.4000,4062.0000,3,1,1,1,1,2,2,3,1,3
SF,IF2006,2020-02-19 10:43:37.400,4060.6000,23815,0,3705513720.000,0,-,-,-,-,4059.0000,4058.8000,4058.6000,4058.4000,4058.2000,4060.2000,4060.4000,4061.2000,4061.4000,4062.0000,3,1,1,1,1,2,2,3,1,3
SF,IF2006,2020-02-19 10:43:37.900,4060.6000,23815,0,3705513720.000,0,-,-,-,-,4059.0000,4058.8000,4058.6000,4058.4000,4058.2000,4060.2000,4060.4000,4061.2000,4061.4000,4062.0000,3,1,1,1,1,2,2,3,1,3
SF,IF2006,2020-02-19 10:43:38.900,4059.0000,23815,0,3707949120.000,2,1,1,多换,S,4059.0000,4058.8000,4058.6000,4058.2000,4057.2000,4060.2000,4060.4000,4061.2000,4061.4000,4062.0000,1,1,1,1,1,2,2,3,1,3
SF,IF2006,2020-02-19 10:43:40.400,4059.0000,23817,2,3710384520.000,2,2,0,双开,S,4059.2000,4059.0000,4058.8000,4058.2000,4057.2000,4060.0000,4060.2000,4060.4000,4061.2000,4061.4000,2,1,1,1,1,1,2,1,3,1
SF,IF2006,2020-02-19 10:43:40.900,4060.0000,23818,1,3711602520.000,1,1,0,双开,S,4059.2000,4059.0000,4058.8000,4058.2000,4057.2000,4060.2000,4060.4000,4061.2000,4061.4000,4062.0000,1,1,1,1,1,2,1,3,1,3
SF,IF2006,2020-02-19 10:43:41.400,4060.0000,23818,0,3711602520.000,0,-,-,-,-,4059.2000,4059.0000,4058.8000,4058.2000,4057.2000,4060.2000,4060.4000,4061.2000,4061.4000,4062.0000,1,1,1,1,1,2,1,3,1,3
SF,IF2006,2020-02-19 10:43:41.900,4060.0000,23818,0,3711602520.000,0,-,-,-,-,4059.4000,4059.2000,4059.0000,4058.8000,4058.2000,4060.2000,4060.4000,4061.2000,4061.4000,4062.0000,1,1,1,1,1,2,1,3,1,3
SF,IF2006,2020-02-19 10:43:42.400,4060.0000,23818,0,3711602520.000,0,-,-,-,-,4059.2000,4059.0000,4058.8000,4058.2000,4057.2000,4060.2000,4060.4000,4061.2000,4061.4000,4062.0000,1,1,1,1,1,2,1,3,1,3
SF,IF2006,2020-02-19 10:43:42.900,4060.0000,23818,0,3711602520.000,0,-,-,-,-,4059.4000,4059.2000,4059.0000,4058.8000,4058.2000,4060.2000,4060.4000,4061.2000,4061.4000,4062.0000,1,1,1,1,1,2,1,3,1,3
SF,IF2006,2020-02-19 10:43:43.400,4060.0000,23818,0,3711602520.000,0,-,-,-,-,4059.2000,4059.0000,4058.8000,4058.2000,4057.2000,4060.2000,4060.4000,4061.2000,4061.4000,4062.0000,1,1,1,1,1,2,1,3,1,3
SF,IF2006,2020-02-19 10:43:43.900,4060.0000,23818,0,3711602520.000,0,-,-,-,-,4059.4000,4059.2000,4059.0000,4058.8000,4058.2000,4060.2000,4060.4000,4061.2000,4061.4000,4062.0000,1,1,1,1,1,2,1,3,1,3
SF,IF2006,2020-02-19 10:43:44.400,4060.0000,23818,0,3711602520.000,0,-,-,-,-,4059.2000,4059.0000,4058.8000,4058.2000,4057.2000,4060.0000,4060.2000,4060.4000,4061.2000,4061.4000,1,1,1,1,1,1,2,1,3,1
SF,IF2006,2020-02-19 10:43:44.900,4060.0000,23818,0,3711602520.000,0,-,-,-,-,4059.2000,4058.8000,4058.2000,4057.2000,4057.0000,4060.0000,4060.2000,4060.4000,4061.2000,4061.4000,1,1,1,1,1,1,2,1,3,1
SF,IF2006,2020-02-19 10:43:47.900,4060.0000,23818,0,3711602520.000,0,-,-,-,-,4059.4000,4059.2000,4058.8000,4058.2000,4057.2000,4060.0000,4060.2000,4060.4000,4061.2000,4061.4000,1,1,1,1,1,1,2,1,3,1
SF,IF2006,2020-02-19 10:43:48.400,4060.0000,23819,1,3712820520.000,1,1,0,双开,S,4059.4000,4059.2000,4058.8000,4058.2000,4057.2000,4060.2000,4060.4000,4061.2000,4061.4000,4062.0000,1,1,1,1,1,2,1,3,1,3
SF,IF2006,2020-02-19 10:43:48.900,4060.0000,23819,0,3712820520.000,0,-,-,-,-,4059.4000,4059.2000,4058.8000,4058.2000,4057.2000,4060.2000,4060.4000,4061.2000,4061.4000,4062.0000,1,1,1,1,1,2,1,3,1,4
SF,IF2006,2020-02-19 10:43:51.400,4060.0000,23819,0,3712820520.000,0,-,-,-,-,4059.4000,4059.2000,4058.8000,4058.2000,4057.2000,4060.0000,4060.2000,4060.4000,4061.2000,4061.4000,1,1,1,1,1,1,2,1,3,1
SF,IF2006,2020-02-19 10:43:51.900,4060.0000,23819,0,3714038520.000,1,0,1,多换,S,4059.4000,4059.2000,4058.8000,4058.2000,4057.2000,4060.2000,4060.4000,4061.2000,4061.4000,4062.0000,1,1,1,1,1,2,1,3,1,4
SF,IF2006,2020-02-19 10:43:52.900,4059.4000,23818,-1,3715256340.000,1,0,1,双平,S,4058.8000,4058.2000,4057.2000,4057.0000,4056.8000,4060.0000,4060.2000,4060.4000,4061.2000,4061.4000,1,1,1,1,1,2,2,1,3,1
SF,IF2006,2020-02-19 10:43:53.400,4058.8000,23817,-1,3716473980.000,1,0,1,双平,S,4058.2000,4057.2000,4057.0000,4056.8000,4056.6000,4059.6000,4059.8000,4060.0000,4061.2000,4061.4000,1,1,1,1,1,1,5,1,3,1
SF,IF2006,2020-02-19 10:43:53.900,4058.8000,23817,0,3716473980.000,0,-,-,-,-,4058.6000,4058.2000,4057.2000,4057.0000,4056.8000,4059.4000,4059.6000,4059.8000,4060.0000,4061.2000,1,1,1,1,1,2,1,2,1,3
SF,IF2006,2020-02-19 10:43:54.400,4058.6000,23818,1,3717691560.000,1,1,0,双开,S,4058.2000,4057.2000,4057.0000,4056.8000,4056.6000,4058.6000,4059.2000,4059.4000,4060.0000,4061.2000,1,1,1,1,1,1,3,2,1,3
SF,IF2006,2020-02-19 10:43:54.900,4058.2000,23818,0,3718909020.000,1,0,1,多换,S,4057.2000,4057.0000,4056.8000,4056.6000,4055.4000,4058.4000,4058.6000,4059.2000,4059.4000,4060.0000,1,1,1,1,1,1,1,1,2,1
SF,IF2006,2020-02-19 10:43:55.400,4058.2000,23818,0,3718909020.000,0,-,-,-,-,4057.4000,4057.2000,4057.0000,4056.6000,4055.4000,4058.4000,4058.6000,4059.4000,4060.0000,4061.2000,2,1,1,1,1,1,1,2,1,3
SF,IF2006,2020-02-19 10:43:55.900,4058.2000,23818,0,3718909020.000,0,-,-,-,-,4057.4000,4057.2000,4057.0000,4056.6000,4055.4000,4058.4000,4059.4000,4060.0000,4061.2000,4061.4000,2,1,1,1,1,1,2,1,3,1
SF,IF2006,2020-02-19 10:43:56.400,4058.2000,23818,0,3718909020.000,0,-,-,-,-,4057.4000,4057.2000,4057.0000,4056.6000,4055.4000,4058.4000,4059.4000,4060.0000,4061.2000,4061.4000,2,1,1,1,1,1,2,1,3,1
SF,IF2006,2020-02-19 10:43:57.400,4058.2000,23818,0,3718909020.000,0,-,-,-,-,4057.6000,4057.4000,4057.2000,4057.0000,4056.6000,4059.4000,4060.0000,4061.2000,4061.4000,4062.0000,1,2,1,1,1,2,1,3,1,4
SF,IF2006,2020-02-19 10:43:57.900,4058.2000,23818,0,3718909020.000,0,-,-,-,-,4057.8000,4057.6000,4057.2000,4057.0000,4056.6000,4059.0000,4059.4000,4060.0000,4061.2000,4061.4000,2,1,1,1,1,2,2,1,3,1
SF,IF2006,2020-02-19 10:43:58.400,4057.8000,23817,-1,3720126360.000,1,0,1,双平,S,4057.8000,4057.6000,4057.2000,4057.0000,4056.6000,4059.0000,4059.4000,4060.0000,4061.2000,4061.4000,1,1,1,1,1,2,2,1,3,1
SF,IF2006,2020-02-19 10:43:58.900,4057.8000,23817,0,3720126360.000,0,-,-,-,-,4057.8000,4057.6000,4057.2000,4057.0000,4056.6000,4058.8000,4059.0000,4060.0000,4061.2000,4061.4000,1,1,1,1,1,3,2,1,3,1
SF,IF2006,2020-02-19 10:43:59.400,4057.8000,23817,0,3720126360.000,0,-,-,-,-,4057.6000,4057.2000,4057.0000,4056.6000,4055.4000,4058.8000,4059.0000,4060.0000,4061.2000,4061.4000,1,1,1,1,1,3,2,1,3,1
SF,IF2006,2020-02-19 10:43:59.900,4057.8000,23817,0,3720126360.000,0,-,-,-,-,4057.6000,4057.2000,4057.0000,4056.6000,4055.4000,4058.6000,4058.8000,4059.0000,4060.0000,4061.2000,1,1,1,1,1,1,2,1,1,3
SF,IF2006,2020-02-19 10:44:03.400,4057.8000,23817,0,3720126360.000,0,-,-,-,-,4057.8000,4057.6000,4057.2000,4057.0000,4056.6000,4058.8000,4059.0000,4060.0000,4061.2000,4061.4000,1,1,1,1,1,2,1,1,3,1
SF,IF2006,2020-02-19 10:44:03.900,4057.8000,23817,0,3720126360.000,0,-,-,-,-,4058.0000,4057.8000,4057.2000,4057.0000,4056.6000,4058.8000,4059.0000,4060.0000,4061.2000,4062.0000,1,1,1,1,1,2,1,1,3,4
SF,IF2006,2020-02-19 10:44:04.400,4057.8000,23817,0,3720126360.000,0,-,-,-,-,4058.0000,4057.8000,4057.2000,4057.0000,4056.6000,4058.8000,4059.0000,4060.0000,4061.2000,4062.0000,1,1,1,1,1,2,1,1,3,4
SF,IF2006,2020-02-19 10:44:04.900,4058.8000,23816,-1,3722561640.000,2,0,2,多平,S,4058.4000,4057.8000,4057.2000,4057.0000,4056.6000,4060.0000,4061.2000,4062.0000,4062.4000,4063.0000,1,1,1,1,1,1,3,4,1,8
SF,IF2006,2020-02-19 10:44:05.400,4058.8000,23816,0,3722561640.000,0,-,-,-,-,4058.8000,4058.6000,4057.8000,4057.2000,4057.0000,4059.8000,4060.0000,4061.2000,4062.0000,4062.4000,1,3,1,1,1,4,1,3,4,1
SF,IF2006,2020-02-19 10:44:06.400,4058.8000,23816,0,3722561640.000,0,-,-,-,-,4058.8000,4058.6000,4057.8000,4057.2000,4057.0000,4059.8000,4060.0000,4061.2000,4062.0000,4062.4000,1,2,1,1,1,2,1,3,4,1
SF,IF2006,2020-02-19 10:44:07.400,4058.8000,23816,0,3722561640.000,0,-,-,-,-,4058.6000,4057.8000,4057.2000,4057.0000,4056.6000,4059.8000,4060.0000,4061.2000,4062.0000,4062.4000,2,1,1,1,1,2,1,3,4,1
SF,IF2006,2020-02-19 10:44:07.900,4058.8000,23816,0,3722561640.000,0,-,-,-,-,4058.6000,4057.8000,4057.2000,4057.0000,4056.6000,4059.6000,4059.8000,4060.0000,4061.2000,4062.0000,2,1,1,1,1,2,2,1,3,4
SF,IF2006,2020-02-19 10:44:08.900,4058.8000,23816,0,3722561640.000,0,-,-,-,-,4058.8000,4058.6000,4057.8000,4057.2000,4057.0000,4059.6000,4059.8000,4060.0000,4061.2000,4062.0000,1,2,1,1,1,2,2,1,3,4
SF,IF2006,2020-02-19 10:44:10.400,4058.8000,23816,0,3722561640.000,0,-,-,-,-,4058.8000,4058.6000,4057.2000,4057.0000,4056.6000,4059.6000,4059.8000,4060.0000,4061.2000,4062.0000,1,2,1,1,1,2,2,1,3,4
SF,IF2006,2020-02-19 10:44:13.900,4058.6000,23816,0,3724996860.000,2,1,1,多换,S,4058.6000,4057.2000,4057.0000,4056.6000,4055.4000,4059.4000,4059.6000,4059.8000,4060.0000,4061.2000,1,1,1,1,1,1,2,1,1,3
SF,IF2006,2020-02-19 10:44:14.400,4058.6000,23816,0,3724996860.000,0,-,-,-,-,4057.2000,4057.0000,4056.6000,4055.4000,4055.2000,4059.0000,4059.2000,4059.4000,4060.0000,4061.2000,1,1,1,1,1,1,3,1,1,3
SF,IF2006,2020-02-19 10:44:14.900,4058.6000,23816,0,3724996860.000,0,-,-,-,-,4057.8000,4057.6000,4057.4000,4057.2000,4057.0000,4059.0000,4059.2000,4059.4000,4060.0000,4061.2000,1,2,3,2,1,1,3,1,1,3
SF,IF2006,2020-02-19 10:44:15.400,4058.6000,23816,0,3724996860.000,0,-,-,-,-,4058.0000,4057.8000,4057.6000,4057.4000,4057.2000,4058.8000,4059.0000,4059.2000,4059.4000,4060.0000,3,1,1,1,1,1,1,3,1,1
SF,IF2006,2020-02-19 10:44:15.900,4058.6000,23816,0,3724996860.000,0,-,-,-,-,4058.0000,4057.8000,4057.6000,4057.4000,4057.2000,4059.0000,4059.2000,4059.4000,4060.0000,4061.2000,3,2,1,1,1,1,3,1,1,3
SF,IF2006,2020-02-19 10:44:17.400,4059.0000,23816,0,3726214560.000,1,0,1,多换,S,4058.0000,4057.8000,4057.6000,4057.4000,4057.2000,4059.2000,4059.4000,4060.0000,4061.2000,4062.0000,3,2,1,1,1,3,1,1,3,4
SF,IF2006,2020-02-19 10:44:17.900,4059.0000,23817,1,3727432260.000,1,1,0,双开,S,4058.0000,4057.8000,4057.6000,4057.4000,4057.2000,4059.2000,4059.4000,4060.0000,4061.2000,4062.0000,3,2,1,1,1,3,1,1,3,4
SF,IF2006,2020-02-19 10:44:18.400,4059.0000,23817,0,3727432260.000,0,-,-,-,-,4058.0000,4057.6000,4057.2000,4057.0000,4056.6000,4059.0000,4059.2000,4059.4000,4060.0000,4061.2000,3,1,1,1,1,1,3,1,1,3
SF,IF2006,2020-02-19 10:44:19.400,4059.0000,23818,1,3728649960.000,1,1,0,双开,S,4058.0000,4057.6000,4057.2000,4057.0000,4056.6000,4059.2000,4059.4000,4060.0000,4061.2000,4062.0000,2,1,1,1,1,3,1,1,3,4
SF,IF2006,2020-02-19 10:44:20.900,4059.0000,23818,0,3728649960.000,0,-,-,-,-,4058.0000,4057.6000,4057.2000,4057.0000,4056.6000,4059.0000,4059.2000,4059.4000,4060.0000,4061.2000,2,1,1,1,1,2,3,1,1,3
SF,IF2006,2020-02-19 10:44:21.400,4059.0000,23818,0,3728649960.000,0,-,-,-,-,4057.2000,4057.0000,4056.6000,4055.4000,4055.2000,4058.8000,4059.0000,4059.2000,4059.4000,4060.0000,1,1,1,1,1,2,2,1,1,1
SF,IF2006,2020-02-19 10:44:21.900,4059.0000,23818,0,3728649960.000,0,-,-,-,-,4057.4000,4057.2000,4057.0000,4056.6000,4055.4000,4058.6000,4058.8000,4059.0000,4059.4000,4060.0000,2,1,1,1,1,1,2,2,1,1
SF,IF2006,2020-02-19 10:44:22.400,4059.0000,23818,0,3728649960.000,0,-,-,-,-,4057.4000,4057.2000,4057.0000,4056.6000,4055.4000,4058.6000,4058.8000,4059.0000,4059.4000,4060.0000,2,1,1,1,1,1,2,1,1,1
SF,IF2006,2020-02-19 10:44:23.900,4059.0000,23818,0,3728649960.000,0,-,-,-,-,4057.6000,4057.4000,4057.2000,4057.0000,4056.6000,4058.6000,4058.8000,4059.0000,4059.4000,4060.0000,1,2,1,1,1,1,2,1,1,1
SF,IF2006,2020-02-19 10:44:24.400,4059.0000,23818,0,3728649960.000,0,-,-,-,-,4057.4000,4057.2000,4057.0000,4056.6000,4055.4000,4058.4000,4058.6000,4059.4000,4060.0000,4061.2000,2,1,1,1,1,2,1,1,1,3
SF,IF2006,2020-02-19 10:44:24.900,4059.0000,23818,0,3728649960.000,0,-,-,-,-,4057.2000,4057.0000,4056.6000,4055.4000,4055.2000,4058.4000,4058.6000,4059.4000,4060.0000,4061.2000,1,1,1,1,1,2,1,1,1,3
SF,IF2006,2020-02-19 10:44:25.900,4059.0000,23818,0,3728649960.000,0,-,-,-,-,4057.2000,4057.0000,4056.6000,4055.4000,4055.2000,4058.2000,4058.4000,4058.6000,4059.4000,4060.0000,1,1,1,1,1,1,2,1,1,1
SF,IF2006,2020-02-19 10:44:26.400,4059.0000,23818,0,3728649960.000,0,-,-,-,-,4057.2000,4057.0000,4056.6000,4055.4000,4055.2000,4058.2000,4058.4000,4058.6000,4059.4000,4060.0000,1,1,1,1,1,1,2,1,1,1
SF,IF2006,2020-02-19 10:44:26.900,4059.0000,23818,0,3728649960.000,0,-,-,-,-,4057.2000,4057.0000,4056.6000,4055.4000,4055.2000,4058.0000,4058.2000,4058.4000,4059.4000,4060.0000,1,1,1,1,1,1,1,2,1,1
SF,IF2006,2020-02-19 10:44:27.400,4059.0000,23818,0,3728649960.000,0,-,-,-,-,4057.2000,4057.0000,4056.6000,4055.4000,4055.2000,4058.0000,4058.2000,4058.4000,4059.4000,4060.0000,1,1,1,1,1,1,1,2,1,1
SF,IF2006,2020-02-19 10:44:28.400,4059.0000,23818,0,3728649960.000,0,-,-,-,-,4057.2000,4057.0000,4056.6000,4055.4000,4055.2000,4058.0000,4058.4000,4059.4000,4060.0000,4061.2000,1,1,1,1,1,1,2,1,1,3
SF,IF2006,2020-02-19 10:44:28.900,4057.2000,23818,0,3729867120.000,1,0,1,多换,S,4057.0000,4056.6000,4055.4000,4055.2000,4055.0000,4057.8000,4058.0000,4058.4000,4059.4000,4060.0000,1,1,1,1,1,1,1,2,1,1
SF,IF2006,2020-02-19 10:44:29.400,4057.0000,23817,-1,3731084220.000,1,0,1,双平,S,4056.6000,4055.4000,4055.2000,4055.0000,4053.0000,4057.6000,4057.8000,4058.0000,4058.4000,4059.4000,1,1,1,1,2,1,1,1,2,1
SF,IF2006,2020-02-19 10:44:29.900,4057.0000,23817,0,3731084220.000,0,-,-,-,-,4056.6000,4055.4000,4055.2000,4055.0000,4053.0000,4057.8000,4058.0000,4058.4000,4059.4000,4060.0000,1,1,1,1,2,1,1,2,1,1
SF,IF2006,2020-02-19 10:44:30.400,4057.0000,23817,0,3731084220.000,0,-,-,-,-,4056.6000,4055.4000,4055.2000,4055.0000,4053.0000,4057.6000,4057.8000,4058.0000,4059.4000,4060.0000,1,1,1,1,2,2,1,1,1,1
SF,IF2006,2020-02-19 10:44:31.900,4057.0000,23817,0,3731084220.000,0,-,-,-,-,4056.6000,4055.4000,4055.2000,4055.0000,4053.0000,4057.4000,4057.6000,4057.8000,4058.0000,4059.4000,1,1,1,1,2,1,2,1,1,1
SF,IF2006,2020-02-19 10:44:32.900,4057.0000,23817,0,3731084220.000,0,-,-,-,-,4056.6000,4055.4000,4055.2000,4055.0000,4053.0000,4057.6000,4057.8000,4058.0000,4059.4000,4060.0000,1,1,1,1,2,2,1,1,1,1
SF,IF2006,2020-02-19 10:44:33.400,4057.6000,23815,-2,3733518780.000,2,0,2,双平,S,4057.6000,4056.8000,4056.6000,4055.4000,4055.2000,4058.0000,4059.4000,4060.0000,4061.2000,4062.0000,2,5,1,1,1,1,1,1,3,4
SF,IF2006,2020-02-19 10:44:33.900,4058.0000,23814,-1,3734736180.000,1,0,1,双平,S,4058.0000,4056.8000,4056.6000,4055.4000,4055.2000,4059.4000,4060.0000,4061.2000,4062.0000,4062.4000,2,2,1,1,1,1,1,3,4,1
SF,IF2006,2020-02-19 10:44:34.400,4058.0000,23814,0,3734736180.000,0,-,-,-,-,4056.8000,4056.6000,4055.4000,4055.2000,4055.0000,4059.2000,4059.4000,4060.0000,4061.2000,4062.0000,2,1,1,1,1,5,1,1,3,4
SF,IF2006,2020-02-19 10:44:34.900,4058.0000,23814,0,3734736180.000,0,-,-,-,-,4057.6000,4057.4000,4057.2000,4057.0000,4056.8000,4059.2000,4059.4000,4060.0000,4061.2000,4062.0000,1,2,2,6,2,4,1,1,3,4
SF,IF2006,2020-02-19 10:44:35.400,4058.0000,23814,0,3734736180.000,0,-,-,-,-,4057.8000,4057.6000,4057.4000,4057.0000,4056.6000,4059.2000,4059.4000,4060.0000,4061.2000,4062.0000,2,1,2,6,1,3,1,1,3,4
SF,IF2006,2020-02-19 10:44:35.900,4058.0000,23814,0,3734736180.000,0,-,-,-,-,4057.8000,4057.6000,4057.4000,4057.0000,4056.6000,4059.0000,4059.2000,4059.4000,4060.0000,4061.2000,2,1,2,6,1,1,3,1,1,3
SF,IF2006,2020-02-19 10:44:36.400,4058.0000,23814,0,3734736180.000,0,-,-,-,-,4057.8000,4057.6000,4057.4000,4057.0000,4056.6000,4059.0000,4059.2000,4059.4000,4060.0000,4061.2000,2,1,2,1,1,1,3,1,1,3
SF,IF2006,2020-02-19 10:44:36.900,4058.0000,23814,0,3734736180.000,0,-,-,-,-,4057.8000,4057.6000,4057.4000,4057.0000,4056.6000,4059.0000,4059.2000,4059.4000,4060.0000,4061.2000,2,1,2,1,1,1,3,1,1,3
SF,IF2006,2020-02-19 10:44:37.900,4058.0000,23814,0,3734736180.000,0,-,-,-,-,4057.8000,4057.6000,4057.4000,4056.6000,4055.4000,4059.0000,4059.2000,4059.4000,4060.0000,4060.4000,2,1,2,1,1,1,3,1,1,1
SF,IF2006,2020-02-19 10:44:38.400,4058.0000,23814,0,3734736180.000,0,-,-,-,-,4057.8000,4057.4000,4056.6000,4055.4000,4055.2000,4058.8000,4059.0000,4059.2000,4059.4000,4060.0000,2,2,1,1,1,2,1,3,1,1
SF,IF2006,2020-02-19 10:44:40.400,4058.0000,23814,0,3734736180.000,0,-,-,-,-,4057.8000,4057.4000,4056.6000,4055.4000,4055.2000,4058.8000,4059.2000,4059.4000,4060.0000,4060.4000,2,2,1,1,1,2,3,1,1,1
SF,IF2006,2020-02-19 10:44:41.900,4058.0000,23814,0,3734736180.000,0,-,-,-,-,4058.0000,4057.8000,4057.4000,4056.6000,4055.4000,4059.2000,4059.4000,4060.0000,4060.4000,4061.2000,1,2,2,1,1,3,1,1,1,3
SF,IF2006,2020-02-19 10:44:42.400,4058.0000,23814,0,3734736180.000,0,-,-,-,-,4058.2000,4057.4000,4056.6000,4055.4000,4055.2000,4059.2000,4059.4000,4060.0000,4060.4000,4061.2000,3,2,1,1,1,3,1,1,1,3
SF,IF2006,2020-02-19 10:44:42.900,4058.0000,23814,0,3734736180.000,0,-,-,-,-,4058.2000,4056.6000,4055.4000,4055.2000,4055.0000,4059.2000,4059.4000,4060.0000,4060.4000,4061.2000,2,1,1,1,1,3,1,1,1,3
SF,IF2006,2020-02-19 10:44:44.400,4058.2000,23814,0,3737171100.000,2,1,1,多换,S,4056.6000,4055.4000,4055.2000,4055.0000,4053.0000,4059.0000,4059.2000,4059.4000,4060.0000,4060.4000,1,1,1,1,2,1,3,1,1,1
SF,IF2006,2020-02-19 10:44:44.900,4058.2000,23814,0,3737171100.000,0,-,-,-,-,4057.2000,4057.0000,4056.8000,4056.6000,4055.4000,4058.8000,4059.0000,4059.2000,4059.4000,4060.0000,3,8,3,1,1,2,1,1,1,1
SF,IF2006,2020-02-19 10:44:45.400,4058.2000,23814,0,3737171100.000,0,-,-,-,-,4057.4000,4057.2000,4056.8000,4056.6000,4055.4000,4058.8000,4059.0000,4059.2000,4059.4000,4060.0000,5,3,1,1,1,2,1,1,1,1
SF,IF2006,2020-02-19 10:44:46.400,4058.2000,23814,0,3737171100.000,0,-,-,-,-,4057.4000,4057.2000,4056.6000,4055.4000,4055.2000,4058.8000,4059.0000,4059.2000,4059.4000,4060.0000,5,3,1,1,1,2,1,1,1,1
SF,IF2006,2020-02-19 10:44:46.900,4058.8000,23814,0,3738388740.000,1,0,1,多换,S,4057.8000,4057.6000,4057.4000,4057.2000,4056.6000,4058.8000,4059.2000,4059.4000,4060.0000,4060.4000,1,1,5,1,1,1,1,1,1,1
SF,IF2006,2020-02-19 10:44:47.400,4058.8000,23814,0,3738388740.000,0,-,-,-,-,4058.0000,4057.8000,4057.4000,4057.2000,4056.6000,4059.2000,4059.4000,4060.0000,4060.4000,4061.2000,1,1,2,1,1,1,1,1,1,3
SF,IF2006,2020-02-19 10:44:47.900,4058.8000,23814,0,3738388740.000,0,-,-,-,-,4058.2000,4058.0000,4057.8000,4057.2000,4056.6000,4059.2000,4059.4000,4060.0000,4060.4000,4061.2000,4,1,1,1,1,1,1,1,1,3
SF,IF2006,2020-02-19 10:44:51.900,4058.8000,23814,0,3738388740.000,0,-,-,-,-,4058.2000,4058.0000,4057.8000,4057.2000,4056.6000,4059.4000,4060.0000,4060.4000,4061.2000,4062.0000,4,1,1,1,1,1,1,1,3,4
SF,IF2006,2020-02-19 10:44:52.900,4058.8000,23814,0,3738388740.000,0,-,-,-,-,4058.2000,4058.0000,4057.8000,4057.2000,4056.6000,4059.0000,4059.4000,4060.0000,4060.4000,4061.2000,2,1,1,1,1,1,1,1,1,3
SF,IF2006,2020-02-19 10:44:53.400,4058.8000,23814,0,3738388740.000,0,-,-,-,-,4058.2000,4058.0000,4057.8000,4057.2000,4056.6000,4059.0000,4059.4000,4060.0000,4060.4000,4061.2000,2,1,1,1,1,1,1,1,1,3
SF,IF2006,2020-02-19 10:44:56.400,4058.8000,23814,0,3738388740.000,0,-,-,-,-,4058.2000,4058.0000,4057.8000,4057.2000,4056.6000,4059.0000,4059.4000,4060.0000,4060.4000,4061.2000,2,1,1,1,1,1,1,1,1,3
SF,IF2006,2020-02-19 10:44:58.400,4058.8000,23814,0,3738388740.000,0,-,-,-,-,4058.2000,4058.0000,4057.8000,4057.2000,4056.6000,4059.0000,4059.4000,4060.0000,4060.4000,4061.2000,2,1,2,1,1,1,1,1,1,3
SF,IF2006,2020-02-19 10:45:01.400,4059.0000,23814,0,3739606440.000,1,0,1,多换,S,4058.2000,4058.0000,4057.8000,4057.2000,4056.6000,4059.4000,4060.0000,4060.4000,4061.2000,4062.0000,2,1,2,1,1,1,1,1,3,5
SF,IF2006,2020-02-19 10:45:01.900,4059.0000,23814,0,3739606440.000,0,-,-,-,-,4058.4000,4058.2000,4058.0000,4057.8000,4057.2000,4059.4000,4060.0000,4060.4000,4061.2000,4062.0000,3,2,1,1,1,1,1,1,3,5
SF,IF2006,2020-02-19 10:45:06.900,4059.4000,23813,-1,3740824260.000,1,0,1,双平,S,4058.4000,4058.2000,4057.8000,4057.2000,4056.6000,4060.0000,4060.4000,4061.2000,4062.0000,4062.4000,3,2,1,1,1,1,1,3,5,1
SF,IF2006,2020-02-19 10:45:07.400,4059.4000,23813,0,3740824260.000,0,-,-,-,-,4058.6000,4058.4000,4057.8000,4056.6000,4055.4000,4060.0000,4060.4000,4061.2000,4062.0000,4062.4000,6,2,1,1,1,1,1,3,5,1
SF,IF2006,2020-02-19 10:45:07.900,4059.4000,23813,0,3740824260.000,0,-,-,-,-,4059.0000,4058.6000,4058.4000,4057.8000,4056.6000,4060.0000,4060.4000,4061.2000,4062.0000,4062.4000,2,5,1,1,1,1,1,3,5,1
SF,IF2006,2020-02-19 10:45:08.400,4060.0000,23813,0,3742042260.000,1,0,1,多换,S,4059.0000,4058.6000,4058.4000,4057.8000,4056.6000,4060.4000,4061.2000,4062.0000,4062.4000,4062.6000,2,5,1,1,1,1,3,5,1,1
SF,IF2006,2020-02-19 10:45:08.900,4060.2000,23812,-1,3743260320.000,1,0,1,双平,S,4059.0000,4058.6000,4058.4000,4057.8000,4056.6000,4060.2000,4060.4000,4061.2000,4062.0000,4062.4000,2,5,1,1,1,1,1,3,5,1
SF,IF2006,2020-02-19 10:45:09.400,4060.2000,23812,0,3743260320.000,0,-,-,-,-,4058.6000,4058.4000,4057.8000,4056.6000,4055.4000,4060.2000,4060.4000,4061.2000,4062.0000,4062.4000,5,1,1,1,1,1,1,3,5,1
SF,IF2006,2020-02-19 10:45:10.400,4060.2000,23812,0,3743260320.000,0,-,-,-,-,4058.6000,4058.4000,4057.8000,4056.6000,4055.4000,4060.0000,4060.2000,4060.4000,4061.2000,4062.0000,2,1,1,1,1,3,1,1,3,5
SF,IF2006,2020-02-19 10:45:10.900,4060.2000,23812,0,3743260320.000,0,-,-,-,-,4058.6000,4058.4000,4057.8000,4056.6000,4055.4000,4059.6000,4059.8000,4060.0000,4060.4000,4061.2000,2,1,1,1,1,2,2,1,1,3
SF,IF2006,2020-02-19 10:45:11.400,4060.2000,23812,0,3743260320.000,0,-,-,-,-,4058.6000,4058.4000,4057.8000,4056.6000,4055.4000,4059.6000,4059.8000,4060.0000,4060.4000,4061.2000,2,1,1,1,1,2,2,1,1,3
SF,IF2006,2020-02-19 10:45:11.900,4060.2000,23813,1,3744478380.000,1,1,0,双开,S,4058.6000,4058.4000,4057.8000,4056.6000,4055.4000,4059.6000,4059.8000,4060.0000,4060.4000,4061.2000,2,1,1,1,1,1,2,1,1,3
SF,IF2006,2020-02-19 10:45:12.400,4060.2000,23813,0,3744478380.000,0,-,-,-,-,4058.6000,4058.4000,4057.8000,4056.6000,4055.4000,4059.6000,4059.8000,4060.0000,4060.4000,4061.0000,2,1,1,1,1,1,2,1,1,1
SF,IF2006,2020-02-19 10:45:12.900,4060.2000,23813,0,3744478380.000,0,-,-,-,-,4058.6000,4057.8000,4056.6000,4055.4000,4055.2000,4059.4000,4059.6000,4059.8000,4060.4000,4061.0000,2,1,1,1,1,1,1,2,1,1
SF,IF2006,2020-02-19 10:45:13.400,4058.6000,23813,0,3746913540.000,2,1,1,多换,S,4057.8000,4056.6000,4055.4000,4055.2000,4055.0000,4059.2000,4059.4000,4059.8000,4060.4000,4061.0000,1,1,1,1,1,1,1,2,1,1
SF,IF2006,2020-02-19 10:45:13.900,4057.8000,23812,-1,3748130880.000,1,0,1,双平,S,4056.6000,4055.4000,4055.2000,4055.0000,4053.0000,4058.6000,4058.8000,4059.0000,4060.4000,4061.0000,1,1,1,1,2,1,1,2,1,1
SF,IF2006,2020-02-19 10:45:14.400,4057.8000,23812,0,3748130880.000,0,-,-,-,-,4057.0000,4056.8000,4056.6000,4055.4000,4055.2000,4058.4000,4058.6000,4058.8000,4060.4000,4061.0000,2,6,1,1,1,2,1,1,1,1
SF,IF2006,2020-02-19 10:45:14.900,4057.8000,23812,0,3748130880.000,0,-,-,-,-,4057.2000,4057.0000,4056.8000,4056.6000,4055.4000,4058.4000,4058.6000,4058.8000,4060.4000,4061.0000,2,2,2,1,1,2,1,1,1,1
SF,IF2006,2020-02-19 10:45:15.400,4057.8000,23812,0,3748130880.000,0,-,-,-,-,4057.4000,4057.2000,4057.0000,4056.8000,4056.6000,4058.4000,4058.6000,4058.8000,4060.4000,4061.0000,3,2,1,1,1,2,1,1,1,1
SF,IF2006,2020-02-19 10:45:15.900,4057.8000,23812,0,3748130880.000,0,-,-,-,-,4057.6000,4057.4000,4057.0000,4056.8000,4056.6000,4058.6000,4058.8000,4060.4000,4061.0000,4061.2000,2,1,1,1,1,1,1,1,1,3
SF,IF2006,2020-02-19 10:45:16.400,4057.6000,23811,-1,3749348160.000,1,0,1,双平,S,4057.6000,4057.4000,4057.0000,4056.8000,4056.6000,4058.6000,4058.8000,4060.4000,4061.0000,4061.2000,1,1,1,1,1,1,1,1,1,3
SF,IF2006,2020-02-19 10:45:16.900,4057.6000,23811,0,3749348160.000,0,-,-,-,-,4057.4000,4057.0000,4056.8000,4056.6000,4055.4000,4058.4000,4058.6000,4058.8000,4060.4000,4061.0000,1,1,1,1,1,2,1,1,1,1
SF,IF2006,2020-02-19 10:45:17.400,4057.6000,23811,0,3749348160.000,0,-,-,-,-,4057.4000,4057.0000,4056.6000,4055.4000,4055.2000,4058.4000,4058.6000,4058.8000,4060.4000,4061.0000,1,1,1,1,1,2,1,1,1,1
SF,IF2006,2020-02-19 10:45:17.900,4057.6000,23811,0,3749348160.000,0,-,-,-,-,4057.0000,4056.6000,4055.4000,4055.2000,4055.0000,4058.4000,4058.6000,4058.8000,4060.4000,4061.0000,1,1,1,1,1,2,1,1,1,1
SF,IF2006,2020-02-19 10:45:18.400,4057.6000,23811,0,3749348160.000,0,-,-,-,-,4057.2000,4057.0000,4056.6000,4055.4000,4055.2000,4058.4000,4058.6000,4058.8000,4060.4000,4061.0000,1,1,1,1,1,2,1,1,1,1
SF,IF2006,2020-02-19 10:45:19.400,4057.6000,23811,0,3749348160.000,0,-,-,-,-,4057.4000,4057.2000,4057.0000,4056.6000,4055.4000,4058.4000,4058.6000,4058.8000,4060.4000,4061.0000,1,1,1,1,1,2,1,1,1,1
SF,IF2006,2020-02-19 10:45:19.900,4057.6000,23811,0,3749348160.000,0,-,-,-,-,4057.2000,4057.0000,4056.6000,4055.4000,4055.2000,4058.4000,4058.6000,4058.8000,4060.4000,4061.0000,1,1,1,1,1,2,1,1,1,1
SF,IF2006,2020-02-19 10:45:20.400,4057.6000,23811,0,3749348160.000,0,-,-,-,-,4057.4000,4057.2000,4057.0000,4056.6000,4055.4000,4058.4000,4058.6000,4058.8000,4060.4000,4061.0000,1,1,1,1,1,2,1,1,1,1
SF,IF2006,2020-02-19 10:45:22.900,4058.4000,23810,-1,3750565680.000,1,0,1,双平,S,4057.2000,4057.0000,4056.6000,4055.4000,4055.2000,4058.4000,4058.6000,4058.8000,4060.4000,4061.0000,1,1,1,1,1,1,1,1,1,1
SF,IF2006,2020-02-19 10:45:24.400,4058.4000,23810,0,3750565680.000,0,-,-,-,-,4057.2000,4057.0000,4056.6000,4055.4000,4055.2000,4058.2000,4058.4000,4058.8000,4060.4000,4061.0000,1,1,1,1,1,1,1,1,1,1
SF,IF2006,2020-02-19 10:45:24.900,4058.4000,23810,0,3750565680.000,0,-,-,-,-,4057.2000,4057.0000,4056.6000,4055.4000,4055.2000,4058.0000,4058.2000,4058.8000,4060.4000,4061.0000,1,1,1,1,1,2,1,1,1,1
SF,IF2006,2020-02-19 10:45:25.400,4058.4000,23810,0,3750565680.000,0,-,-,-,-,4057.0000,4056.6000,4055.4000,4055.2000,4055.0000,4058.0000,4058.2000,4060.4000,4061.0000,4061.2000,1,1,1,1,1,2,1,1,1,3
SF,IF2006,2020-02-19 10:45:25.900,4058.4000,23810,0,3750565680.000,0,-,-,-,-,4056.6000,4055.4000,4055.2000,4055.0000,4053.0000,4058.0000,4058.2000,4060.4000,4061.0000,4061.2000,1,1,1,1,2,2,1,1,1,3
SF,IF2006,2020-02-19 10:45:26.400,4058.4000,23810,0,3750565680.000,0,-,-,-,-,4056.6000,4055.4000,4055.2000,4055.0000,4053.0000,4057.8000,4058.0000,4060.4000,4061.0000,4061.2000,1,1,1,1,2,2,2,1,1,3
SF,IF2006,2020-02-19 10:45:30.400,4058.4000,23810,0,3750565680.000,0,-,-,-,-,4056.8000,4056.6000,4055.4000,4055.2000,4055.0000,4057.8000,4058.0000,4060.4000,4061.0000,4061.2000,1,1,1,1,1,2,2,1,1,3
SF,IF2006,2020-02-19 10:45:31.900,4058.4000,23810,0,3750565680.000,0,-,-,-,-,4056.8000,4056.6000,4055.2000,4055.0000,4053.0000,4057.8000,4058.0000,4060.4000,4061.0000,4061.2000,1,1,1,1,2,2,2,1,1,3
SF,IF2006,2020-02-19 10:45:32.900,4058.4000,23810,0,3750565680.000,0,-,-,-,-,4056.8000,4056.6000,4055.2000,4055.0000,4053.0000,4057.8000,4058.0000,4060.4000,4061.0000,4061.2000,1,1,1,1,2,1,2,1,1,3
SF,IF2006,2020-02-19 10:45:33.900,4058.4000,23810,0,3750565680.000,0,-,-,-,-,4056.8000,4056.6000,4055.2000,4055.0000,4053.0000,4057.8000,4058.0000,4060.4000,4061.0000,4061.2000,1,1,1,1,2,1,2,1,1,3
SF,IF2006,2020-02-19 10:45:37.400,4056.8000,23810,0,3751782720.000,1,0,1,多换,S,4056.6000,4055.2000,4055.0000,4053.0000,4052.8000,4057.6000,4057.8000,4058.0000,4060.4000,4061.0000,1,1,1,2,1,1,1,2,1,1
SF,IF2006,2020-02-19 10:45:37.900,4056.6000,23810,0,3752999700.000,1,0,1,多换,S,4055.2000,4055.0000,4053.0000,4052.8000,4051.8000,4057.2000,4057.4000,4057.6000,4060.4000,4061.0000,1,1,2,1,1,1,2,1,1,1
SF,IF2006,2020-02-19 10:45:38.400,4056.6000,23810,0,3752999700.000,0,-,-,-,-,4055.8000,4055.6000,4055.4000,4055.2000,4055.0000,4057.0000,4057.2000,4060.4000,4061.0000,4061.2000,1,1,6,1,1,2,1,1,1,3
SF,IF2006,2020-02-19 10:45:38.900,4056.6000,23810,0,3752999700.000,0,-,-,-,-,4055.6000,4055.4000,4055.2000,4055.0000,4053.0000,4057.0000,4057.2000,4060.4000,4061.0000,4061.2000,1,4,1,1,2,2,1,1,1,3
SF,IF2006,2020-02-19 10:45:39.400,4056.6000,23810,0,3752999700.000,0,-,-,-,-,4055.6000,4055.4000,4055.2000,4055.0000,4053.0000,4056.6000,4057.0000,4057.2000,4060.4000,4061.0000,1,4,1,1,2,1,2,1,1,1
SF,IF2006,2020-02-19 10:45:39.900,4056.6000,23810,0,3752999700.000,0,-,-,-,-,4055.4000,4055.2000,4055.0000,4053.0000,4052.8000,4056.4000,4056.6000,4057.0000,4060.4000,4061.0000,3,1,1,2,1,1,1,2,1,1
SF,IF2006,2020-02-19 10:45:40.400,4056.6000,23810,0,3752999700.000,0,-,-,-,-,4055.4000,4055.2000,4055.0000,4053.0000,4052.8000,4056.2000,4056.4000,4056.6000,4060.4000,4061.0000,1,1,1,2,1,2,1,1,1,1
SF,IF2006,2020-02-19 10:45:40.900,4056.6000,23810,0,3752999700.000,0,-,-,-,-,4055.2000,4055.0000,4053.0000,4052.8000,4051.8000,4056.0000,4056.2000,4056.6000,4060.4000,4061.0000,1,1,2,1,1,1,2,1,1,1
SF,IF2006,2020-02-19 10:45:41.400,4056.6000,23810,0,3752999700.000,0,-,-,-,-,4055.2000,4055.0000,4053.0000,4052.8000,4051.8000,4055.8000,4056.0000,4056.6000,4060.4000,4061.0000,1,1,2,1,1,2,1,1,1,1
SF,IF2006,2020-02-19 10:45:41.900,4055.2000,23811,1,3754216260.000,1,1,0,双开,S,4055.0000,4053.0000,4052.8000,4051.8000,4050.0000,4055.8000,4056.0000,4056.6000,4060.4000,4061.0000,1,2,1,1,11,2,1,1,1,1
SF,IF2006,2020-02-19 10:45:42.400,4055.2000,23811,0,3754216260.000,0,-,-,-,-,4055.0000,4053.0000,4052.8000,4051.8000,4050.0000,4055.8000,4056.0000,4056.6000,4060.0000,4060.4000,1,2,1,1,11,2,1,1,5,1
SF,IF2006,2020-02-19 10:45:42.900,4055.0000,23812,1,3755432760.000,1,1,0,双开,S,4053.0000,4052.8000,4051.8000,4050.0000,4048.0000,4055.4000,4055.8000,4056.0000,4056.6000,4060.4000,2,1,1,11,1,1,2,1,1,1
SF,IF2006,2020-02-19 10:45:43.400,4055.4000,23813,1,3756649380.000,1,1,0,双开,S,4054.4000,4054.2000,4054.0000,4053.6000,4053.4000,4055.8000,4056.6000,4060.4000,4061.0000,4061.2000,2,7,5,1,3,2,1,1,1,3
SF,IF2006,2020-02-19 10:45:43.900,4055.8000,23812,-1,3759082860.000,2,0,2,多平,S,4055.8000,4054.8000,4054.6000,4054.4000,4054.2000,4056.6000,4060.4000,4061.0000,4061.2000,4062.0000,1,5,2,1,5,1,1,1,3,6
SF,IF2006,2020-02-19 10:45:44.400,4055.8000,23812,0,3759082860.000,0,-,-,-,-,4056.0000,4055.8000,4054.8000,4054.6000,4054.4000,4056.6000,4060.4000,4061.0000,4061.2000,4062.0000,1,1,2,3,1,1,1,1,3,6
SF,IF2006,2020-02-19 10:45:44.900,4056.0000,23812,0,3760299660.000,1,0,1,多换,S,4055.8000,4054.8000,4054.6000,4054.4000,4053.6000,4056.6000,4060.4000,4061.0000,4061.2000,4062.0000,1,1,3,1,1,1,1,1,3,6
SF,IF2006,2020-02-19 10:45:45.400,4055.8000,23812,0,3761516400.000,1,0,1,多换,S,4055.8000,4054.8000,4054.6000,4054.4000,4053.6000,4056.6000,4060.4000,4061.0000,4061.2000,4062.0000,1,1,3,1,1,1,1,1,3,6
SF,IF2006,2020-02-19 10:45:45.900,4055.8000,23812,0,3762733140.000,1,0,1,多换,S,4054.6000,4054.4000,4053.6000,4053.2000,4053.0000,4056.6000,4060.4000,4061.0000,4061.2000,4062.0000,2,1,1,4,3,1,1,1,3,6
SF,IF2006,2020-02-19 10:45:46.400,4055.8000,23812,0,3762733140.000,0,-,-,-,-,4055.2000,4054.8000,4054.6000,4054.4000,4053.6000,4056.4000,4056.6000,4060.4000,4061.0000,4061.2000,2,8,2,1,1,2,1,1,1,3
SF,IF2006,2020-02-19 10:45:46.900,4055.8000,23812,0,3762733140.000,0,-,-,-,-,4055.4000,4055.2000,4054.8000,4054.6000,4053.6000,4056.4000,4056.6000,4060.4000,4061.0000,4061.2000,2,3,1,2,1,2,1,1,1,3
SF,IF2006,2020-02-19 10:45:47.400,4055.4000,23812,0,3768816360.000,5,2,3,多换,S,4054.6000,4053.6000,4053.2000,4053.0000,4052.8000,4055.4000,4056.0000,4056.2000,4056.4000,4056.6000,2,1,3,3,1,1,1,3,2,1
SF,IF2006,2020-02-19 10:45:47.900,4055.4000,23812,0,3768816360.000,0,-,-,-,-,4054.6000,4053.6000,4053.2000,4053.0000,4052.8000,4055.4000,4056.4000,4056.6000,4060.4000,4061.0000,2,1,3,3,1,1,2,1,1,1
SF,IF2006,2020-02-19 10:45:48.400,4055.4000,23812,0,3768816360.000,0,-,-,-,-,4054.8000,4054.6000,4053.6000,4053.2000,4053.0000,4055.4000,4056.4000,4056.6000,4060.4000,4061.0000,1,2,1,2,3,2,2,1,1,1
SF,IF2006,2020-02-19 10:45:48.900,4055.4000,23812,0,3768816360.000,0,-,-,-,-,4053.6000,4053.2000,4053.0000,4052.8000,4051.8000,4054.8000,4055.4000,4056.4000,4056.6000,4060.4000,1,2,3,1,1,1,1,2,1,1
SF,IF2006,2020-02-19 10:45:49.400,4055.4000,23812,0,3768816360.000,0,-,-,-,-,4054.8000,4054.2000,4054.0000,4053.8000,4053.6000,4055.4000,4056.4000,4056.6000,4060.4000,4061.0000,1,1,1,7,1,1,2,1,1,1
SF,IF2006,2020-02-19 10:45:49.900,4054.8000,23812,0,3770032800.000,1,0,1,多换,S,4053.8000,4053.2000,4053.0000,4052.8000,4051.8000,4055.4000,4056.4000,4056.6000,4060.4000,4061.0000,2,1,3,1,1,1,2,1,1,1
SF,IF2006,2020-02-19 10:45:50.400,4054.8000,23812,0,3770032800.000,0,-,-,-,-,4053.8000,4053.2000,4053.0000,4052.8000,4051.8000,4055.2000,4055.4000,4056.6000,4060.4000,4061.0000,2,1,3,1,1,6,1,1,1,1
SF,IF2006,2020-02-19 10:45:50.900,4054.8000,23812,0,3770032800.000,0,-,-,-,-,4053.8000,4053.2000,4053.0000,4052.8000,4051.8000,4054.8000,4055.2000,4055.4000,4056.6000,4060.4000,2,1,3,1,1,3,3,1,1,1
SF,IF2006,2020-02-19 10:45:51.400,4054.8000,23812,0,3771249240.000,1,0,1,多换,S,4053.8000,4053.2000,4053.0000,4052.8000,4051.8000,4054.8000,4055.2000,4055.4000,4056.6000,4060.4000,2,1,3,1,1,3,3,1,1,1
SF,IF2006,2020-02-19 10:45:51.900,4054.8000,23812,0,3771249240.000,0,-,-,-,-,4053.8000,4053.2000,4053.0000,4052.8000,4051.8000,4054.8000,4055.2000,4055.4000,4056.6000,4060.4000,2,1,2,1,1,1,3,1,1,1
SF,IF2006,2020-02-19 10:45:52.400,4053.8000,23811,-1,3772465380.000,1,0,1,双平,S,4053.8000,4053.2000,4053.0000,4052.8000,4051.8000,4054.6000,4054.8000,4055.2000,4055.4000,4056.6000,1,1,2,1,1,1,1,3,1,1
SF,IF2006,2020-02-19 10:45:52.900,4053.8000,23811,0,3773681520.000,1,0,1,多换,S,4054.4000,4053.2000,4053.0000,4052.8000,4051.8000,4055.2000,4055.4000,4056.6000,4060.4000,4061.0000,1,1,2,1,1,3,1,1,1,1
SF,IF2006,2020-02-19 10:45:53.400,4053.8000,23811,0,3773681520.000,0,-,-,-,-,4054.4000,4053.2000,4053.0000,4052.8000,4051.8000,4055.0000,4055.2000,4055.4000,4056.6000,4060.4000,1,1,2,1,1,1,3,1,1,1
SF,IF2006,2020-02-19 10:45:53.900,4054.4000,23810,-1,3774897840.000,1,0,1,双平,S,4053.2000,4053.0000,4052.8000,4051.8000,4050.0000,4055.0000,4055.2000,4056.6000,4060.4000,4061.0000,1,2,1,1,6,1,3,1,1,1
SF,IF2006,2020-02-19 10:45:54.400,4054.4000,23810,0,3774897840.000,0,-,-,-,-,4053.4000,4053.2000,4053.0000,4052.8000,4051.8000,4054.8000,4055.0000,4055.2000,4056.6000,4060.4000,5,2,3,1,1,2,1,1,1,1
SF,IF2006,2020-02-19 10:45:54.900,4054.4000,23810,0,3774897840.000,0,-,-,-,-,4054.2000,4054.0000,4053.8000,4053.6000,4053.4000,4055.2000,4056.6000,4060.4000,4061.0000,4061.2000,1,1,1,1,2,1,1,1,1,3
SF,IF2006,2020-02-19 10:45:55.400,4054.4000,23810,0,3774897840.000,0,-,-,-,-,4054.2000,4054.0000,4053.8000,4053.6000,4053.4000,4055.2000,4056.6000,4060.4000,4061.0000,4061.2000,1,2,1,1,2,1,1,1,1,3
SF,IF2006,2020-02-19 10:45:55.900,4054.4000,23810,0,3774897840.000,0,-,-,-,-,4054.2000,4054.0000,4053.8000,4053.6000,4053.4000,4056.6000,4060.4000,4061.0000,4061.2000,4062.0000,1,1,1,1,2,1,1,1,3,6
SF,IF2006,2020-02-19 10:45:56.400,4054.4000,23810,0,3774897840.000,0,-,-,-,-,4054.4000,4054.2000,4054.0000,4053.8000,4053.6000,4056.0000,4056.2000,4056.4000,4056.6000,4060.4000,3,1,1,1,1,1,3,3,1,1
SF,IF2006,2020-02-19 10:45:56.900,4054.4000,23810,0,3774897840.000,0,-,-,-,-,4054.4000,4054.2000,4054.0000,4053.6000,4053.2000,4055.8000,4056.0000,4056.2000,4056.6000,4060.4000,3,1,1,1,1,2,1,1,1,1
SF,IF2006,2020-02-19 10:45:57.400,4054.4000,23810,0,3774897840.000,0,-,-,-,-,4054.4000,4054.2000,4054.0000,4053.6000,4053.2000,4055.4000,4055.8000,4056.0000,4056.6000,4060.4000,3,1,1,1,1,1,2,1,1,1
SF,IF2006,2020-02-19 10:45:57.900,4054.4000,23810,0,3774897840.000,0,-,-,-,-,4054.6000,4054.4000,4054.0000,4053.6000,4053.2000,4055.8000,4056.0000,4056.6000,4060.4000,4061.0000,1,3,1,1,1,2,1,1,1,1
SF,IF2006,2020-02-19 10:45:58.400,4054.4000,23810,0,3774897840.000,0,-,-,-,-,4054.6000,4054.4000,4054.0000,4053.6000,4053.2000,4055.6000,4055.8000,4056.0000,4056.6000,4060.4000,1,2,1,1,1,1,2,1,1,1
SF,IF2006,2020-02-19 10:45:58.900,4054.4000,23810,0,3774897840.000,0,-,-,-,-,4054.6000,4054.4000,4054.0000,4053.6000,4053.2000,4055.4000,4055.6000,4056.0000,4056.6000,4060.4000,1,2,1,1,1,2,1,1,1,1
SF,IF2006,2020-02-19 10:45:59.400,4054.6000,23810,0,3776114220.000,1,0,1,多换,S,4054.0000,4053.6000,4053.2000,4053.0000,4052.8000,4055.2000,4055.4000,4056.6000,4060.4000,4061.0000,1,1,1,2,1,2,2,1,1,1
SF,IF2006,2020-02-19 10:45:59.900,4054.6000,23810,0,3776114220.000,0,-,-,-,-,4053.2000,4053.0000,4052.8000,4051.8000,4050.4000,4055.0000,4055.2000,4056.6000,4060.4000,4061.0000,1,2,1,1,1,5,2,1,1,1
SF,IF2006,2020-02-19 10:46:00.400,4054.6000,23810,0,3776114220.000,0,-,-,-,-,4053.4000,4053.2000,4053.0000,4052.8000,4051.8000,4055.0000,4055.2000,4056.6000,4060.4000,4061.0000,2,2,2,1,1,3,2,1,1,1
SF,IF2006,2020-02-19 10:46:01.400,4055.0000,23810,0,3779763720.000,3,1,2,多换,S,4053.8000,4053.6000,4053.4000,4053.2000,4053.0000,4055.2000,4056.6000,4060.4000,4061.0000,4061.2000,5,3,2,1,2,1,1,1,1,3
SF,IF2006,2020-02-19 10:46:01.900,4055.0000,23810,0,3779763720.000,0,-,-,-,-,4054.2000,4054.0000,4053.6000,4053.2000,4053.0000,4056.6000,4060.4000,4061.0000,4061.2000,4062.0000,1,2,3,1,2,1,1,1,3,6
SF,IF2006,2020-02-19 10:46:02.400,4055.0000,23810,0,3779763720.000,0,-,-,-,-,4054.4000,4053.6000,4053.2000,4053.0000,4052.8000,4055.8000,4056.0000,4056.2000,4056.4000,4056.6000,3,2,1,2,1,1,1,3,5,3
SF,IF2006,2020-02-19 10:46:02.900,4055.0000,23810,0,3779763720.000,0,-,-,-,-,4054.4000,4053.2000,4053.0000,4052.8000,4051.8000,4055.6000,4055.8000,4056.2000,4056.4000,4056.6000,3,1,2,1,1,2,1,1,3,3
SF,IF2006,2020-02-19 10:46:03.400,4055.0000,23810,0,3779763720.000,0,-,-,-,-,4054.4000,4053.2000,4053.0000,4052.8000,4051.8000,4055.4000,4055.6000,4056.2000,4056.4000,4056.6000,3,1,2,1,1,3,2,1,3,2
SF,IF2006,2020-02-19 10:46:03.900,4055.0000,23810,0,3779763720.000,0,-,-,-,-,4054.4000,4053.2000,4053.0000,4052.8000,4051.8000,4055.4000,4055.6000,4056.2000,4056.4000,4056.6000,3,1,2,1,1,2,2,1,3,2
SF,IF2006,2020-02-19 10:46:04.400,4054.4000,23807,-3,3783412680.000,3,0,3,双平,S,4053.2000,4053.0000,4052.8000,4051.8000,4050.4000,4055.2000,4055.4000,4055.6000,4056.2000,4056.4000,1,2,2,1,1,1,2,2,1,3
SF,IF2006,2020-02-19 10:46:04.900,4054.4000,23807,0,3783412680.000,0,-,-,-,-,4053.8000,4053.6000,4053.4000,4053.2000,4053.0000,4055.0000,4055.4000,4056.2000,4056.4000,4056.6000,1,2,2,1,2,2,2,1,3,2
SF,IF2006,2020-02-19 10:46:05.400,4054.4000,23807,0,3783412680.000,0,-,-,-,-,4053.8000,4053.6000,4053.4000,4053.2000,4053.0000,4054.8000,4055.0000,4055.4000,4056.2000,4056.4000,1,2,2,1,2,1,2,2,1,3
SF,IF2006,2020-02-19 10:46:05.900,4054.4000,23807,0,3783412680.000,0,-,-,-,-,4053.8000,4053.6000,4053.4000,4053.2000,4053.0000,4055.0000,4055.4000,4056.2000,4056.4000,4056.6000,1,2,2,1,2,2,2,1,3,2
SF,IF2006,2020-02-19 10:46:07.400,4054.4000,23807,0,3783412680.000,0,-,-,-,-,4054.0000,4053.8000,4053.6000,4053.4000,4053.2000,4054.8000,4055.0000,4056.2000,4056.4000,4056.6000,1,1,1,2,1,2,2,1,3,2
SF,IF2006,2020-02-19 10:46:07.900,4054.4000,23807,0,3783412680.000,0,-,-,-,-,4053.8000,4053.6000,4053.4000,4053.2000,4053.0000,4055.0000,4056.2000,4056.4000,4056.6000,4060.4000,1,1,2,1,2,2,1,3,2,1
SF,IF2006,2020-02-19 10:46:08.400,4054.4000,23807,0,3783412680.000,0,-,-,-,-,4053.8000,4053.6000,4053.4000,4053.2000,4053.0000,4054.8000,4055.0000,4056.2000,4056.4000,4056.6000,1,1,2,1,2,2,2,1,3,2
SF,IF2006,2020-02-19 10:46:09.900,4054.4000,23807,0,3783412680.000,0,-,-,-,-,4053.8000,4053.6000,4053.4000,4053.2000,4053.0000,4055.0000,4056.2000,4056.4000,4056.6000,4060.4000,1,1,2,1,2,2,1,3,2,1
SF,IF2006,2020-02-19 10:46:11.900,4054.4000,23807,0,3783412680.000,0,-,-,-,-,4053.8000,4053.6000,4053.4000,4053.2000,4053.0000,4055.0000,4056.2000,4056.4000,4056.6000,4060.4000,1,2,2,1,2,2,1,3,2,1
SF,IF2006,2020-02-19 10:46:16.900,4054.4000,23807,0,3783412680.000,0,-,-,-,-,4053.8000,4053.6000,4053.4000,4053.2000,4053.0000,4055.0000,4055.8000,4056.2000,4056.4000,4056.6000,1,2,2,1,2,2,1,1,3,2
SF,IF2006,2020-02-19 10:46:17.400,4054.4000,23807,0,3783412680.000,0,-,-,-,-,4054.0000,4053.8000,4053.6000,4053.2000,4053.0000,4055.8000,4056.2000,4056.4000,4056.6000,4060.4000,3,1,2,1,2,1,1,3,2,1
SF,IF2006,2020-02-19 10:46:17.900,4054.4000,23807,0,3783412680.000,0,-,-,-,-,4054.0000,4053.8000,4053.6000,4053.2000,4053.0000,4055.4000,4055.6000,4055.8000,4056.2000,4056.4000,3,1,1,1,2,1,4,1,1,2
SF,IF2006,2020-02-19 10:46:18.400,4054.4000,23807,0,3783412680.000,0,-,-,-,-,4054.0000,4053.8000,4053.6000,4053.2000,4053.0000,4055.6000,4055.8000,4056.2000,4056.4000,4056.6000,3,1,1,1,2,4,1,1,2,1
SF,IF2006,2020-02-19 10:46:18.900,4054.4000,23807,0,3783412680.000,0,-,-,-,-,4054.2000,4054.0000,4053.8000,4053.6000,4053.2000,4055.6000,4055.8000,4056.4000,4056.6000,4060.4000,2,3,1,1,1,4,1,2,1,1
SF,IF2006,2020-02-19 10:46:19.400,4054.4000,23807,0,3783412680.000,0,-,-,-,-,4054.4000,4054.2000,4054.0000,4053.6000,4053.2000,4055.6000,4055.8000,4056.4000,4056.6000,4060.4000,1,2,2,1,1,3,1,2,1,1
SF,IF2006,2020-02-19 10:46:19.900,4054.4000,23807,0,3784629000.000,1,0,1,多换,S,4054.2000,4054.0000,4053.6000,4053.2000,4053.0000,4055.6000,4055.8000,4056.4000,4060.4000,4061.0000,2,2,1,1,2,3,1,2,1,1
SF,IF2006,2020-02-19 10:46:20.400,4054.4000,23807,0,3787061640.000,2,1,1,多换,S,4054.4000,4054.2000,4053.6000,4053.2000,4053.0000,4055.6000,4055.8000,4056.4000,4060.4000,4061.0000,4,2,1,1,2,3,1,2,1,1
SF,IF2006,2020-02-19 10:46:20.900,4054.4000,23807,0,3787061640.000,0,-,-,-,-,4054.4000,4054.2000,4053.6000,4053.2000,4053.0000,4055.6000,4055.8000,4056.4000,4060.4000,4061.0000,4,1,1,1,2,3,1,2,1,1
SF,IF2006,2020-02-19 10:46:21.400,4054.4000,23807,0,3787061640.000,0,-,-,-,-,4054.6000,4054.4000,4054.2000,4053.6000,4053.2000,4055.4000,4055.6000,4055.8000,4056.4000,4060.4000,2,1,1,1,1,3,3,1,2,1
SF,IF2006,2020-02-19 10:46:21.900,4054.4000,23807,0,3787061640.000,0,-,-,-,-,4054.4000,4053.6000,4053.2000,4053.0000,4052.8000,4055.4000,4055.6000,4055.8000,4056.4000,4060.4000,1,1,1,2,2,1,3,1,2,1
SF,IF2006,2020-02-19 10:46:22.400,4054.4000,23807,0,3787061640.000,0,-,-,-,-,4054.4000,4053.6000,4053.2000,4053.0000,4052.8000,4055.2000,4055.4000,4055.6000,4055.8000,4056.4000,2,1,1,2,2,1,1,3,1,2
SF,IF2006,2020-02-19 10:46:22.900,4054.4000,23807,0,3787061640.000,0,-,-,-,-,4053.6000,4053.2000,4053.0000,4052.8000,4051.8000,4055.4000,4055.6000,4055.8000,4056.4000,4060.4000,1,1,2,2,1,1,3,1,2,1
SF,IF2006,2020-02-19 10:46:23.400,4054.4000,23807,0,3787061640.000,0,-,-,-,-,4054.0000,4053.8000,4053.6000,4053.2000,4053.0000,4055.2000,4055.4000,4055.6000,4055.8000,4056.4000,1,3,1,1,2,2,1,1,1,2
SF,IF2006,2020-02-19 10:46:23.900,4054.4000,23807,0,3787061640.000,0,-,-,-,-,4054.0000,4053.8000,4053.6000,4053.2000,4053.0000,4055.0000,4055.2000,4055.4000,4055.6000,4055.8000,1,3,1,1,2,2,2,1,1,1
SF,IF2006,2020-02-19 10:46:24.400,4054.4000,23807,0,3787061640.000,0,-,-,-,-,4054.0000,4053.8000,4053.6000,4053.2000,4053.0000,4055.0000,4055.2000,4055.6000,4055.8000,4056.4000,1,3,1,1,2,2,2,1,1,2
SF,IF2006,2020-02-19 10:46:24.900,4054.4000,23807,0,3787061640.000,0,-,-,-,-,4053.6000,4053.2000,4053.0000,4052.8000,4051.8000,4054.8000,4055.8000,4056.4000,4060.4000,4061.0000,1,1,2,2,1,6,1,2,1,1
SF,IF2006,2020-02-19 10:46:25.400,4054.4000,23807,0,3787061640.000,0,-,-,-,-,4053.6000,4053.2000,4053.0000,4052.8000,4051.8000,4054.6000,4054.8000,4055.8000,4056.4000,4060.4000,1,1,2,2,1,3,4,1,2,1
SF,IF2006,2020-02-19 10:46:26.900,4054.4000,23807,0,3787061640.000,0,-,-,-,-,4053.6000,4053.2000,4053.0000,4052.8000,4051.8000,4054.4000,4054.6000,4054.8000,4055.8000,4056.4000,1,1,2,2,1,1,1,3,1,2
SF,IF2006,2020-02-19 10:46:30.400,4054.4000,23807,0,3787061640.000,0,-,-,-,-,4053.6000,4053.2000,4053.0000,4052.8000,4051.8000,4054.4000,4054.6000,4054.8000,4055.8000,4056.4000,1,1,3,2,1,1,1,3,1,2
SF,IF2006,2020-02-19 10:46:30.900,4054.4000,23807,0,3787061640.000,0,-,-,-,-,4053.6000,4053.2000,4053.0000,4052.8000,4051.8000,4054.4000,4054.6000,4054.8000,4055.8000,4056.4000,1,1,3,2,1,1,1,3,1,2
SF,IF2006,2020-02-19 10:46:31.400,4053.6000,23806,-1,3788277720.000,1,0,1,双平,S,4053.2000,4053.0000,4052.8000,4051.8000,4050.4000,4054.2000,4054.4000,4054.6000,4054.8000,4055.8000,1,3,2,1,1,2,1,1,1,1
SF,IF2006,2020-02-19 10:46:31.900,4053.6000,23806,0,3788277720.000,0,-,-,-,-,4053.2000,4053.0000,4052.8000,4051.8000,4050.4000,4054.0000,4054.2000,4055.8000,4056.4000,4057.6000,2,3,2,1,1,2,2,1,2,2
SF,IF2006,2020-02-19 10:46:32.400,4053.6000,23806,0,3788277720.000,0,-,-,-,-,4053.0000,4052.8000,4051.8000,4050.4000,4050.0000,4054.0000,4054.2000,4055.8000,4056.4000,4057.6000,3,2,1,1,7,1,2,1,2,2
SF,IF2006,2020-02-19 10:46:33.400,4053.6000,23806,0,3788277720.000,0,-,-,-,-,4053.0000,4052.8000,4051.8000,4050.4000,4050.0000,4054.0000,4054.2000,4055.8000,4056.4000,4057.6000,4,2,1,1,7,1,2,1,2,2
SF,IF2006,2020-02-19 10:46:35.400,4053.6000,23806,0,3788277720.000,0,-,-,-,-,4053.0000,4052.8000,4051.8000,4050.4000,4050.0000,4053.8000,4054.0000,4054.2000,4055.8000,4056.4000,3,2,1,1,7,1,1,2,1,2
SF,IF2006,2020-02-19 10:46:35.900,4053.0000,23806,0,3789493620.000,1,0,1,多换,S,4053.0000,4052.8000,4051.8000,4050.4000,4050.0000,4054.0000,4054.2000,4055.8000,4056.4000,4060.4000,2,2,1,1,7,1,2,1,2,1
SF,IF2006,2020-02-19 10:46:36.400,4053.0000,23806,0,3789493620.000,0,-,-,-,-,4053.0000,4052.8000,4051.8000,4050.4000,4050.0000,4053.8000,4054.0000,4055.8000,4056.4000,4060.4000,3,2,1,1,7,5,1,1,2,1
SF,IF2006,2020-02-19 10:46:36.900,4053.0000,23806,0,3790709520.000,1,0,1,多换,S,4053.0000,4052.8000,4051.8000,4050.4000,4050.0000,4053.6000,4053.8000,4055.8000,4056.4000,4060.4000,2,2,1,1,7,3,3,1,2,1
SF,IF2006,2020-02-19 10:46:37.400,4053.0000,23808,2,3793141320.000,2,2,0,双开,S,4052.8000,4051.8000,4050.4000,4050.0000,4048.0000,4053.6000,4053.8000,4055.8000,4056.4000,4060.4000,2,1,1,7,1,3,3,1,2,1
SF,IF2006,2020-02-19 10:46:37.900,4053.0000,23808,0,3793141320.000,0,-,-,-,-,4052.8000,4051.8000,4050.4000,4050.0000,4048.0000,4053.6000,4053.8000,4055.8000,4056.4000,4060.4000,2,1,1,6,1,3,2,1,2,1
SF,IF2006,2020-02-19 10:46:38.400,4053.0000,23808,0,3793141320.000,0,-,-,-,-,4052.8000,4051.8000,4050.4000,4050.0000,4048.0000,4053.6000,4053.8000,4055.8000,4056.4000,4060.4000,2,1,1,6,1,2,2,1,2,1
SF,IF2006,2020-02-19 10:46:38.900,4053.0000,23808,0,3793141320.000,0,-,-,-,-,4052.8000,4051.8000,4050.4000,4050.0000,4048.0000,4053.6000,4053.8000,4055.8000,4056.4000,4060.4000,3,1,1,6,1,2,2,1,2,1
SF,IF2006,2020-02-19 10:46:39.400,4053.6000,23808,0,3795573480.000,2,1,1,多换,S,4052.8000,4051.8000,4050.4000,4050.0000,4048.0000,4053.8000,4055.8000,4056.4000,4060.4000,4061.0000,3,1,1,6,1,2,1,2,1,1
SF,IF2006,2020-02-19 10:46:39.900,4053.6000,23808,0,3795573480.000,0,-,-,-,-,4052.8000,4051.8000,4050.4000,4050.0000,4048.0000,4055.8000,4056.4000,4060.4000,4061.0000,4061.2000,3,1,1,6,1,1,2,1,1,2
SF,IF2006,2020-02-19 10:46:40.400,4053.6000,23808,0,3795573480.000,0,-,-,-,-,4053.0000,4052.8000,4051.8000,4050.4000,4050.0000,4054.6000,4055.0000,4055.2000,4055.6000,4055.8000,6,2,1,1,6,1,3,5,3,2
SF,IF2006,2020-02-19 10:46:40.900,4054.6000,23807,-1,3796789860.000,1,0,1,双平,S,4053.8000,4053.6000,4053.4000,4053.2000,4053.0000,4055.6000,4055.8000,4056.4000,4060.4000,4061.0000,1,1,2,2,4,3,1,2,1,1
SF,IF2006,2020-02-19 10:46:41.400,4054.6000,23807,0,3796789860.000,0,-,-,-,-,4054.6000,4054.2000,4054.0000,4053.8000,4053.4000,4055.6000,4055.8000,4056.4000,4060.4000,4061.0000,1,7,4,1,1,2,1,2,1,1
SF,IF2006,2020-02-19 10:46:41.900,4054.6000,23807,0,3796789860.000,0,-,-,-,-,4054.8000,4054.0000,4053.8000,4053.2000,4053.0000,4055.6000,4055.8000,4056.4000,4060.4000,4061.0000,1,3,1,2,1,2,1,2,1,1
SF,IF2006,2020-02-19 10:46:42.400,4055.6000,23805,-2,3799223220.000,2,0,2,双平,S,4055.0000,4054.8000,4054.0000,4053.8000,4053.2000,4055.8000,4056.4000,4060.4000,4061.0000,4061.2000,2,1,3,1,3,1,2,1,1,2
SF,IF2006,2020-02-19 10:46:42.900,4055.8000,23805,0,3800439960.000,1,0,1,多换,S,4055.2000,4055.0000,4054.8000,4054.0000,4053.8000,4060.4000,4061.0000,4061.2000,4062.0000,4062.6000,2,2,1,1,1,1,1,2,6,1
SF,IF2006,2020-02-19 10:46:43.400,4055.8000,23805,0,3800439960.000,0,-,-,-,-,4055.6000,4055.4000,4055.2000,4055.0000,4054.0000,4057.6000,4057.8000,4058.0000,4058.2000,4058.4000,1,2,2,2,1,2,2,2,1,1
SF,IF2006,2020-02-19 10:46:43.900,4055.8000,23805,0,3800439960.000,0,-,-,-,-,4055.8000,4055.6000,4055.0000,4054.0000,4053.2000,4057.2000,4057.4000,4058.0000,4058.2000,4059.0000,2,1,2,1,3,2,4,1,1,1
SF,IF2006,2020-02-19 10:46:44.400,4055.8000,23805,0,3800439960.000,0,-,-,-,-,4055.6000,4055.0000,4054.0000,4053.2000,4053.0000,4056.8000,4057.0000,4057.2000,4058.0000,4058.2000,1,1,1,3,1,3,2,1,1,1
SF,IF2006,2020-02-19 10:46:44.900,4055.6000,23804,-1,3801656640.000,1,0,1,双平,S,4055.0000,4054.0000,4053.2000,4053.0000,4052.8000,4056.6000,4056.8000,4058.0000,4058.2000,4059.6000,1,1,2,1,2,6,1,1,1,2
SF,IF2006,2020-02-19 10:46:45.400,4055.6000,23804,0,3801656640.000,0,-,-,-,-,4055.2000,4055.0000,4054.0000,4053.2000,4053.0000,4056.4000,4056.6000,4056.8000,4058.0000,4058.2000,2,1,1,2,1,2,4,1,1,1
SF,IF2006,2020-02-19 10:46:45.900,4055.6000,23804,0,3801656640.000,0,-,-,-,-,4055.2000,4055.0000,4054.0000,4053.2000,4053.0000,4056.2000,4056.6000,4058.0000,4058.2000,4059.6000,2,1,1,2,1,2,4,1,1,2
SF,IF2006,2020-02-19 10:46:46.400,4055.6000,23804,0,3801656640.000,0,-,-,-,-,4055.2000,4055.0000,4054.0000,4053.2000,4053.0000,4056.2000,4056.6000,4058.0000,4058.2000,4059.6000,2,1,1,2,1,2,3,1,1,2
SF,IF2006,2020-02-19 10:46:46.900,4055.6000,23804,0,3801656640.000,0,-,-,-,-,4054.0000,4053.2000,4053.0000,4052.8000,4052.6000,4056.2000,4056.6000,4058.0000,4058.2000,4059.6000,1,2,1,3,1,2,3,1,1,2
SF,IF2006,2020-02-19 10:46:47.400,4055.6000,23804,0,3801656640.000,0,-,-,-,-,4054.6000,4054.4000,4054.2000,4054.0000,4053.2000,4056.0000,4056.6000,4058.0000,4058.2000,4059.6000,1,2,3,1,2,2,1,1,1,2
SF,IF2006,2020-02-19 10:46:48.400,4055.6000,23804,0,3801656640.000,0,-,-,-,-,4054.6000,4054.4000,4054.2000,4054.0000,4053.2000,4056.0000,4056.6000,4058.0000,4058.2000,4059.6000,1,2,3,1,2,2,1,1,1,2
SF,IF2006,2020-02-19 10:46:48.900,4055.6000,23804,0,3801656640.000,0,-,-,-,-,4054.8000,4054.6000,4054.4000,4054.2000,4054.0000,4056.0000,4056.6000,4058.0000,4058.2000,4059.6000,2,1,2,1,1,2,1,1,1,2
SF,IF2006,2020-02-19 10:46:49.400,4055.6000,23804,0,3801656640.000,0,-,-,-,-,4054.8000,4054.6000,4054.4000,4054.2000,4054.0000,4055.8000,4056.0000,4058.0000,4058.2000,4059.6000,2,1,2,1,1,1,2,1,1,2
SF,IF2006,2020-02-19 10:46:49.900,4055.6000,23804,0,3801656640.000,0,-,-,-,-,4054.8000,4054.6000,4054.4000,4054.2000,4054.0000,4055.2000,4055.8000,4056.0000,4058.0000,4058.2000,2,1,2,1,1,1,1,2,1,1
SF,IF2006,2020-02-19 10:46:50.400,4055.2000,23804,0,3802873200.000,1,0,1,多换,S,4054.8000,4054.6000,4054.4000,4054.2000,4054.0000,4056.0000,4058.0000,4058.2000,4059.6000,4060.0000,2,1,2,1,1,2,1,1,2,2
SF,IF2006,2020-02-19 10:46:50.900,4055.2000,23804,0,3802873200.000,0,-,-,-,-,4054.8000,4054.6000,4054.4000,4054.2000,4054.0000,4055.8000,4056.0000,4058.0000,4058.2000,4059.6000,2,1,2,1,1,2,2,1,1,2
SF,IF2006,2020-02-19 10:46:51.400,4055.2000,23804,0,3802873200.000,0,-,-,-,-,4054.8000,4054.6000,4054.4000,4054.2000,4054.0000,4055.8000,4056.0000,4058.0000,4058.2000,4059.6000,2,1,2,1,1,2,2,1,1,2
SF,IF2006,2020-02-19 10:46:51.900,4055.2000,23804,0,3802873200.000,0,-,-,-,-,4054.8000,4054.6000,4054.4000,4054.2000,4054.0000,4055.8000,4056.0000,4058.0000,4058.2000,4059.6000,2,1,2,1,1,2,2,1,1,2
SF,IF2006,2020-02-19 10:46:52.400,4055.2000,23804,0,3802873200.000,0,-,-,-,-,4054.8000,4054.6000,4054.4000,4054.2000,4054.0000,4055.8000,4056.0000,4058.0000,4058.2000,4059.6000,2,1,2,1,1,2,2,1,1,2
SF,IF2006,2020-02-19 10:46:53.900,4055.2000,23804,0,3802873200.000,0,-,-,-,-,4054.8000,4054.6000,4054.4000,4054.2000,4054.0000,4056.0000,4058.0000,4058.2000,4059.6000,4060.0000,2,1,2,1,1,2,1,1,2,2
SF,IF2006,2020-02-19 10:46:54.400,4055.2000,23804,0,3802873200.000,0,-,-,-,-,4054.8000,4054.6000,4054.2000,4054.0000,4053.2000,4056.0000,4058.0000,4058.2000,4059.6000,4060.0000,2,1,1,1,1,2,1,1,2,1
SF,IF2006,2020-02-19 10:46:54.900,4055.2000,23804,0,3802873200.000,0,-,-,-,-,4054.8000,4054.6000,4054.2000,4054.0000,4053.2000,4058.0000,4058.2000,4059.6000,4060.0000,4060.2000,2,1,1,1,1,1,1,2,1,5
SF,IF2006,2020-02-19 10:46:55.400,4055.2000,23804,0,3802873200.000,0,-,-,-,-,4055.2000,4055.0000,4054.8000,4054.0000,4053.2000,4056.8000,4057.0000,4057.2000,4057.6000,4057.8000,1,2,2,1,1,1,1,3,1,4
SF,IF2006,2020-02-19 10:46:55.900,4055.2000,23804,0,3802873200.000,0,-,-,-,-,4055.8000,4055.6000,4055.4000,4054.0000,4053.2000,4056.6000,4056.8000,4057.2000,4057.8000,4059.6000,1,1,4,1,1,1,1,1,4,2
SF,IF2006,2020-02-19 10:46:56.400,4055.2000,23804,0,3802873200.000,0,-,-,-,-,4055.8000,4055.6000,4055.4000,4054.0000,4053.2000,4057.2000,4057.8000,4059.6000,4060.0000,4060.2000,1,1,2,1,1,1,4,2,1,4
SF,IF2006,2020-02-19 10:46:56.900,4055.2000,23804,0,3802873200.000,0,-,-,-,-,4056.0000,4055.8000,4055.6000,4054.0000,4053.2000,4057.8000,4059.6000,4060.0000,4060.2000,4060.4000,2,1,1,1,1,4,2,1,4,2
SF,IF2006,2020-02-19 10:46:57.400,4055.2000,23804,0,3802873200.000,0,-,-,-,-,4056.0000,4055.8000,4055.6000,4054.0000,4053.2000,4057.6000,4057.8000,4059.6000,4060.0000,4060.2000,2,1,1,1,1,3,4,2,1,4
SF,IF2006,2020-02-19 10:46:57.900,4055.2000,23804,0,3802873200.000,0,-,-,-,-,4056.0000,4055.8000,4055.6000,4054.0000,4053.2000,4057.4000,4057.6000,4057.8000,4059.6000,4060.0000,2,1,1,1,1,2,3,2,2,1
SF,IF2006,2020-02-19 10:46:58.900,4055.2000,23804,0,3802873200.000,0,-,-,-,-,4056.0000,4055.8000,4055.6000,4054.0000,4053.2000,4057.0000,4057.2000,4057.4000,4057.6000,4057.8000,2,1,1,1,1,1,1,2,2,2
SF,IF2006,2020-02-19 10:46:59.400,4055.2000,23804,0,3802873200.000,0,-,-,-,-,4056.0000,4055.8000,4055.6000,4054.0000,4053.2000,4057.2000,4057.4000,4057.6000,4057.8000,4058.0000,2,1,1,1,1,1,2,1,2,1
SF,IF2006,2020-02-19 10:46:59.900,4055.2000,23804,0,3802873200.000,0,-,-,-,-,4056.0000,4055.8000,4055.6000,4054.0000,4053.2000,4057.0000,4057.2000,4057.4000,4057.6000,4057.8000,2,1,1,1,1,1,1,2,1,2
SF,IF2006,2020-02-19 10:47:01.900,4055.2000,23804,0,3802873200.000,0,-,-,-,-,4056.0000,4055.8000,4055.6000,4054.0000,4053.2000,4057.2000,4057.4000,4057.6000,4057.8000,4058.0000,2,1,1,1,1,1,2,1,2,1
SF,IF2006,2020-02-19 10:47:03.400,4055.2000,23804,0,3805306320.000,2,1,1,多换,S,4055.8000,4055.6000,4054.0000,4053.2000,4053.0000,4057.2000,4057.4000,4057.6000,4057.8000,4058.0000,1,1,1,1,7,1,2,1,2,1
SF,IF2006,2020-02-19 10:47:03.900,4055.2000,23804,0,3805306320.000,0,-,-,-,-,4056.0000,4055.8000,4055.6000,4054.0000,4053.2000,4057.4000,4057.6000,4057.8000,4058.0000,4059.6000,2,1,1,1,1,2,1,2,1,2
SF,IF2006,2020-02-19 10:47:04.400,4055.2000,23804,0,3805306320.000,0,-,-,-,-,4056.0000,4055.8000,4055.6000,4054.0000,4053.2000,4057.4000,4057.6000,4057.8000,4058.0000,4059.6000,2,1,1,1,1,2,1,2,1,2
SF,IF2006,2020-02-19 10:47:04.900,4055.2000,23804,0,3805306320.000,0,-,-,-,-,4056.0000,4055.8000,4054.0000,4053.2000,4053.0000,4057.4000,4057.6000,4057.8000,4058.0000,4059.6000,2,1,1,1,7,2,1,2,1,1
SF,IF2006,2020-02-19 10:47:05.400,4055.2000,23804,0,3805306320.000,0,-,-,-,-,4056.2000,4056.0000,4055.8000,4053.2000,4053.0000,4057.6000,4057.8000,4058.0000,4060.0000,4060.2000,3,2,1,1,7,1,2,1,1,3
SF,IF2006,2020-02-19 10:47:05.900,4055.2000,23804,0,3805306320.000,0,-,-,-,-,4056.6000,4056.4000,4056.2000,4053.2000,4053.0000,4057.8000,4058.0000,4060.2000,4060.4000,4061.0000,3,3,1,1,7,2,1,3,1,1
SF,IF2006,2020-02-19 10:47:06.400,4055.2000,23804,0,3805306320.000,0,-,-,-,-,4056.6000,4056.4000,4056.2000,4053.2000,4053.0000,4057.6000,4058.0000,4060.2000,4060.4000,4061.0000,2,3,1,1,7,2,1,2,1,1
SF,IF2006,2020-02-19 10:47:06.900,4055.2000,23804,0,3805306320.000,0,-,-,-,-,4056.6000,4056.4000,4056.2000,4053.2000,4053.0000,4057.6000,4058.0000,4060.2000,4060.4000,4061.0000,2,2,1,1,7,2,1,2,1,1
SF,IF2006,2020-02-19 10:47:10.900,4055.2000,23804,0,3805306320.000,0,-,-,-,-,4056.6000,4056.4000,4053.2000,4053.0000,4052.8000,4057.6000,4058.0000,4060.2000,4060.4000,4061.0000,2,2,1,7,2,2,1,2,1,1
SF,IF2006,2020-02-19 10:47:11.400,4056.6000,23803,-1,3806523300.000,1,0,1,双平,S,4056.6000,4056.4000,4053.2000,4053.0000,4052.8000,4057.6000,4058.0000,4060.2000,4060.4000,4061.0000,2,2,1,7,2,2,1,2,1,1
SF,IF2006,2020-02-19 10:47:13.400,4057.6000,23801,-2,3808957860.000,2,0,2,双平,S,4056.8000,4056.6000,4056.4000,4053.2000,4053.0000,4058.0000,4060.2000,4060.4000,4061.0000,4062.0000,1,2,2,1,7,1,2,1,1,6
SF,IF2006,2020-02-19 10:47:13.900,4057.6000,23801,0,3808957860.000,0,-,-,-,-,4057.0000,4056.8000,4056.6000,4053.2000,4053.0000,4058.0000,4060.2000,4060.4000,4061.0000,4062.0000,2,1,1,1,7,1,2,1,1,6
SF,IF2006,2020-02-19 10:47:14.400,4057.6000,23801,0,3808957860.000,0,-,-,-,-,4057.2000,4057.0000,4056.8000,4056.6000,4053.2000,4058.0000,4060.2000,4060.4000,4061.0000,4062.0000,1,2,1,1,1,1,2,1,1,6
SF,IF2006,2020-02-19 10:47:15.900,4057.6000,23801,0,3808957860.000,0,-,-,-,-,4057.2000,4057.0000,4056.8000,4053.2000,4053.0000,4058.0000,4060.2000,4060.4000,4061.0000,4062.0000,1,2,1,1,7,1,2,1,1,6
SF,IF2006,2020-02-19 10:47:16.400,4057.6000,23801,0,3808957860.000,0,-,-,-,-,4057.2000,4057.0000,4056.8000,4053.2000,4053.0000,4057.8000,4058.0000,4060.2000,4060.4000,4061.0000,1,2,1,1,7,1,1,2,1,1
SF,IF2006,2020-02-19 10:47:17.900,4057.6000,23801,0,3808957860.000,0,-,-,-,-,4057.2000,4057.0000,4053.2000,4053.0000,4052.8000,4057.8000,4058.0000,4060.2000,4060.4000,4061.0000,1,2,1,7,2,1,1,2,1,1
SF,IF2006,2020-02-19 10:47:18.400,4057.6000,23801,0,3808957860.000,0,-,-,-,-,4057.0000,4053.2000,4053.0000,4052.8000,4052.6000,4057.8000,4058.0000,4060.2000,4060.4000,4061.0000,2,1,7,2,1,1,1,2,1,1
SF,IF2006,2020-02-19 10:47:18.900,4057.6000,23801,0,3808957860.000,0,-,-,-,-,4053.2000,4053.0000,4052.8000,4052.6000,4050.4000,4057.6000,4057.8000,4058.0000,4060.2000,4060.4000,1,7,2,1,1,1,1,1,2,1
SF,IF2006,2020-02-19 10:47:19.400,4057.6000,23801,0,3808957860.000,0,-,-,-,-,4056.4000,4055.4000,4055.2000,4055.0000,4054.8000,4057.2000,4057.4000,4057.6000,4057.8000,4058.0000,5,3,2,1,1,1,3,1,1,1
SF,IF2006,2020-02-19 10:47:19.900,4057.6000,23801,0,3808957860.000,0,-,-,-,-,4055.6000,4055.2000,4054.8000,4054.6000,4054.4000,4057.2000,4057.4000,4057.6000,4057.8000,4058.0000,1,1,2,1,2,1,2,1,1,1
SF,IF2006,2020-02-19 10:47:20.400,4057.6000,23801,0,3808957860.000,0,-,-,-,-,4056.0000,4055.8000,4055.6000,4055.2000,4054.8000,4057.2000,4057.6000,4057.8000,4058.0000,4060.0000,7,9,1,1,2,1,1,1,1,1
SF,IF2006,2020-02-19 10:47:20.900,4057.6000,23801,0,3808957860.000,0,-,-,-,-,4056.2000,4056.0000,4055.8000,4054.8000,4054.6000,4057.2000,4057.6000,4057.8000,4058.0000,4060.0000,4,5,6,2,1,1,1,1,1,1
SF,IF2006,2020-02-19 10:47:21.400,4057.6000,23801,0,3808957860.000,0,-,-,-,-,4056.2000,4056.0000,4055.8000,4054.8000,4054.6000,4057.2000,4057.6000,4057.8000,4058.0000,4060.0000,4,5,5,2,1,1,1,1,1,1
SF,IF2006,2020-02-19 10:47:21.900,4057.6000,23801,0,3808957860.000,0,-,-,-,-,4056.4000,4056.2000,4056.0000,4055.8000,4054.8000,4057.6000,4057.8000,4058.0000,4060.0000,4060.2000,6,4,5,5,2,1,1,1,1,2
SF,IF2006,2020-02-19 10:47:22.400,4057.8000,23800,-1,3810175200.000,1,0,1,双平,S,4057.8000,4056.6000,4056.4000,4056.2000,4056.0000,4058.0000,4060.0000,4060.2000,4060.4000,4061.0000,1,1,1,2,5,1,1,2,1,1
SF,IF2006,2020-02-19 10:47:22.900,4056.6000,23799,-1,3812609520.000,2,0,2,多平,S,4056.4000,4056.2000,4054.8000,4054.6000,4054.4000,4058.0000,4060.0000,4060.2000,4060.4000,4061.0000,1,2,2,1,2,1,1,2,1,1
SF,IF2006,2020-02-19 10:47:23.400,4056.6000,23799,0,3812609520.000,0,-,-,-,-,4056.6000,4056.4000,4054.8000,4054.6000,4054.4000,4057.8000,4058.0000,4060.0000,4060.2000,4060.4000,2,1,2,1,2,6,1,1,2,1
SF,IF2006,2020-02-19 10:47:23.900,4056.6000,23799,0,3812609520.000,0,-,-,-,-,4056.6000,4056.4000,4054.8000,4054.6000,4054.4000,4057.6000,4057.8000,4058.0000,4060.0000,4060.2000,2,1,2,1,2,2,4,1,1,2
SF,IF2006,2020-02-19 10:47:25.900,4056.6000,23799,0,3812609520.000,0,-,-,-,-,4057.0000,4056.6000,4056.4000,4054.8000,4054.6000,4057.8000,4058.0000,4060.0000,4060.2000,4060.4000,1,2,1,2,1,4,1,1,2,1
SF,IF2006,2020-02-19 10:47:26.400,4056.6000,23799,0,3812609520.000,0,-,-,-,-,4056.6000,4056.4000,4054.8000,4054.6000,4054.4000,4057.8000,4058.0000,4060.0000,4060.2000,4060.4000,2,1,2,1,2,4,1,1,2,1
SF,IF2006,2020-02-19 10:47:27.400,4056.6000,23799,0,3812609520.000,0,-,-,-,-,4056.6000,4056.4000,4054.8000,4054.4000,4053.6000,4057.4000,4057.6000,4057.8000,4058.0000,4060.0000,2,1,2,2,2,1,3,3,1,1
SF,IF2006,2020-02-19 10:47:27.900,4056.6000,23799,0,3812609520.000,0,-,-,-,-,4056.6000,4054.8000,4054.4000,4053.6000,4053.4000,4057.4000,4057.6000,4057.8000,4058.0000,4060.0000,2,2,2,2,2,1,1,3,1,1
SF,IF2006,2020-02-19 10:47:28.400,4056.6000,23799,0,3812609520.000,0,-,-,-,-,4056.6000,4054.8000,4054.4000,4053.6000,4053.4000,4057.4000,4057.8000,4058.0000,4060.0000,4060.2000,2,2,2,2,2,1,3,1,1,2
SF,IF2006,2020-02-19 10:47:28.900,4056.6000,23799,0,3812609520.000,0,-,-,-,-,4056.6000,4054.8000,4054.4000,4053.6000,4053.4000,4057.8000,4058.0000,4060.0000,4060.2000,4060.4000,2,2,2,2,2,1,1,1,2,1
SF,IF2006,2020-02-19 10:47:29.400,4056.6000,23799,0,3812609520.000,0,-,-,-,-,4056.6000,4054.8000,4054.4000,4053.6000,4053.4000,4057.6000,4057.8000,4058.0000,4060.0000,4060.2000,2,2,2,2,2,1,1,1,1,2
SF,IF2006,2020-02-19 10:47:29.900,4056.6000,23799,0,3812609520.000,0,-,-,-,-,4056.8000,4056.6000,4054.8000,4054.4000,4053.6000,4057.8000,4058.0000,4060.0000,4060.2000,4060.4000,1,2,2,2,2,1,1,1,2,1
SF,IF2006,2020-02-19 10:47:30.400,4056.6000,23799,0,3812609520.000,0,-,-,-,-,4056.8000,4056.6000,4054.8000,4054.4000,4053.6000,4057.8000,4058.0000,4060.0000,4060.2000,4060.4000,1,2,2,2,1,1,1,1,2,1
SF,IF2006,2020-02-19 10:47:30.900,4056.6000,23799,0,3812609520.000,0,-,-,-,-,4056.8000,4056.6000,4054.8000,4054.4000,4053.6000,4057.8000,4058.0000,4060.0000,4060.2000,4060.4000,1,2,2,2,1,1,1,1,2,1
SF,IF2006,2020-02-19 10:47:31.900,4056.6000,23799,0,3812609520.000,0,-,-,-,-,4056.8000,4056.6000,4054.8000,4054.4000,4054.0000,4057.8000,4058.0000,4059.6000,4060.0000,4060.2000,1,2,2,2,1,1,1,1,1,2
SF,IF2006,2020-02-19 10:47:32.400,4056.6000,23799,0,3812609520.000,0,-,-,-,-,4056.8000,4056.6000,4054.8000,4054.4000,4054.0000,4057.8000,4058.0000,4059.6000,4060.0000,4060.2000,1,2,2,2,1,1,4,1,1,2
SF,IF2006,2020-02-19 10:47:33.400,4056.6000,23799,0,3813826500.000,1,0,1,多换,S,4056.6000,4054.8000,4054.4000,4054.0000,4053.6000,4057.8000,4058.0000,4059.6000,4060.0000,4060.2000,1,2,2,1,1,1,4,1,1,2
SF,IF2006,2020-02-19 10:47:33.900,4056.6000,23799,0,3813826500.000,0,-,-,-,-,4056.6000,4054.8000,4054.4000,4054.0000,4053.6000,4057.6000,4057.8000,4058.0000,4059.6000,4060.0000,1,2,2,1,1,4,1,4,1,1
SF,IF2006,2020-02-19 10:47:34.400,4056.6000,23799,0,3813826500.000,0,-,-,-,-,4054.8000,4054.4000,4054.0000,4053.6000,4053.4000,4057.6000,4057.8000,4058.0000,4059.6000,4060.0000,2,2,1,1,2,4,1,4,1,1
SF,IF2006,2020-02-19 10:47:34.900,4056.6000,23799,0,3813826500.000,0,-,-,-,-,4056.0000,4055.4000,4055.2000,4055.0000,4054.8000,4057.0000,4057.2000,4057.4000,4057.6000,4058.0000,5,1,2,2,2,1,1,1,2,4
SF,IF2006,2020-02-19 10:47:35.400,4056.6000,23799,0,3813826500.000,0,-,-,-,-,4055.4000,4055.2000,4055.0000,4054.8000,4054.4000,4057.0000,4057.2000,4057.4000,4057.6000,4058.0000,1,1,2,2,2,1,1,1,2,4
SF,IF2006,2020-02-19 10:47:35.900,4056.6000,23799,0,3813826500.000,0,-,-,-,-,4055.8000,4055.6000,4055.4000,4055.2000,4054.8000,4057.0000,4057.2000,4057.4000,4057.6000,4058.0000,6,2,1,1,2,1,1,1,2,4
SF,IF2006,2020-02-19 10:47:36.400,4056.6000,23799,0,3813826500.000,0,-,-,-,-,4056.0000,4055.8000,4055.4000,4055.2000,4054.8000,4056.8000,4057.0000,4057.2000,4057.4000,4057.6000,7,1,1,1,2,1,1,1,1,2
SF,IF2006,2020-02-19 10:47:36.900,4056.6000,23799,0,3813826500.000,0,-,-,-,-,4056.0000,4055.8000,4055.4000,4055.2000,4054.8000,4057.0000,4057.2000,4057.4000,4057.6000,4058.0000,2,1,1,1,2,1,1,1,2,4
SF,IF2006,2020-02-19 10:47:37.400,4056.6000,23799,0,3813826500.000,0,-,-,-,-,4056.2000,4056.0000,4055.8000,4055.4000,4055.2000,4057.0000,4057.2000,4057.4000,4057.6000,4058.0000,2,2,1,1,1,1,1,1,2,4
SF,IF2006,2020-02-19 10:47:37.900,4056.6000,23799,0,3813826500.000,0,-,-,-,-,4056.8000,4056.4000,4056.2000,4056.0000,4055.8000,4057.0000,4057.2000,4057.4000,4057.6000,4058.0000,1,1,4,2,1,1,1,1,2,4
SF,IF2006,2020-02-19 10:47:38.400,4056.6000,23799,0,3813826500.000,0,-,-,-,-,4056.2000,4056.0000,4055.4000,4055.2000,4054.8000,4057.4000,4057.6000,4058.0000,4059.6000,4060.0000,2,2,1,1,2,1,2,4,1,1
SF,IF2006,2020-02-19 10:47:38.900,4056.6000,23799,0,3813826500.000,0,-,-,-,-,4056.2000,4056.0000,4055.4000,4055.2000,4054.8000,4057.6000,4058.0000,4059.6000,4060.0000,4060.2000,2,2,1,1,2,2,4,1,1,2
SF,IF2006,2020-02-19 10:47:39.400,4056.6000,23799,0,3813826500.000,0,-,-,-,-,4056.4000,4056.2000,4055.4000,4055.2000,4054.8000,4057.6000,4058.0000,4059.6000,4060.0000,4060.2000,3,2,1,1,2,2,4,1,1,2
SF,IF2006,2020-02-19 10:47:41.400,4056.6000,23799,0,3813826500.000,0,-,-,-,-,4056.4000,4056.2000,4055.4000,4055.2000,4054.8000,4057.4000,4057.6000,4058.0000,4059.6000,4060.0000,3,2,1,1,2,1,2,4,1,1
SF,IF2006,2020-02-19 10:47:41.900,4056.6000,23799,0,3813826500.000,0,-,-,-,-,4056.6000,4056.4000,4056.2000,4055.4000,4055.2000,4058.0000,4059.6000,4060.0000,4060.2000,4060.4000,5,3,2,1,1,4,1,1,2,1
SF,IF2006,2020-02-19 10:47:42.400,4056.6000,23799,0,3813826500.000,0,-,-,-,-,4056.8000,4056.6000,4056.4000,4056.2000,4055.4000,4058.0000,4059.6000,4060.0000,4060.2000,4060.4000,2,5,1,2,1,4,1,1,2,1
SF,IF2006,2020-02-19 10:47:42.900,4056.6000,23799,0,3813826500.000,0,-,-,-,-,4056.8000,4056.6000,4056.2000,4055.4000,4055.2000,4058.0000,4059.6000,4060.0000,4060.2000,4060.4000,2,5,2,1,1,4,1,1,2,1
SF,IF2006,2020-02-19 10:47:44.900,4056.6000,23799,0,3813826500.000,0,-,-,-,-,4056.8000,4056.2000,4055.4000,4055.2000,4054.8000,4057.8000,4058.0000,4059.6000,4060.0000,4060.2000,2,2,1,1,2,3,4,1,1,2
SF,IF2006,2020-02-19 10:47:45.400,4056.6000,23799,0,3813826500.000,0,-,-,-,-,4056.2000,4055.4000,4055.2000,4054.8000,4054.4000,4057.6000,4057.8000,4058.0000,4059.6000,4060.0000,2,1,1,2,2,2,3,4,1,1
SF,IF2006,2020-02-19 10:47:45.900,4056.6000,23799,0,3813826500.000,0,-,-,-,-,4056.6000,4056.4000,4056.2000,4055.4000,4054.8000,4057.6000,4057.8000,4058.0000,4059.6000,4060.0000,5,3,2,1,2,2,1,4,1,1
SF,IF2006,2020-02-19 10:47:46.400,4056.6000,23799,0,3813826500.000,0,-,-,-,-,4056.4000,4056.2000,4055.4000,4054.8000,4054.4000,4057.6000,4057.8000,4058.0000,4059.6000,4060.0000,3,2,1,2,2,2,1,4,1,1
SF,IF2006,2020-02-19 10:47:46.900,4056.6000,23799,0,3813826500.000,0,-,-,-,-,4056.8000,4056.6000,4056.4000,4056.2000,4054.8000,4057.8000,4058.0000,4059.6000,4060.0000,4060.2000,5,1,3,2,2,1,4,1,1,2
SF,IF2006,2020-02-19 10:47:47.400,4056.6000,23799,0,3813826500.000,0,-,-,-,-,4056.6000,4056.4000,4056.2000,4054.8000,4054.4000,4057.6000,4057.8000,4058.0000,4059.6000,4060.0000,1,3,2,2,2,1,1,4,1,1
SF,IF2006,2020-02-19 10:47:47.900,4056.6000,23799,0,3813826500.000,0,-,-,-,-,4056.8000,4056.6000,4056.4000,4056.2000,4054.8000,4057.6000,4057.8000,4058.0000,4059.6000,4060.0000,2,1,1,2,2,1,1,4,1,1
SF,IF2006,2020-02-19 10:47:48.400,4056.6000,23799,0,3815043480.000,1,0,1,多换,S,4056.4000,4056.2000,4054.8000,4054.4000,4054.0000,4057.8000,4058.0000,4059.6000,4060.0000,4060.2000,1,2,2,2,1,1,4,1,1,2
SF,IF2006,2020-02-19 10:47:48.900,4056.6000,23799,0,3815043480.000,0,-,-,-,-,4056.2000,4054.8000,4054.4000,4054.0000,4053.2000,4057.4000,4057.6000,4058.0000,4059.6000,4060.0000,2,2,2,1,1,2,4,4,1,1
SF,IF2006,2020-02-19 10:47:49.400,4056.2000,23799,0,3816260340.000,1,0,1,多换,S,4056.2000,4054.8000,4054.4000,4054.0000,4053.2000,4057.0000,4057.2000,4058.0000,4059.6000,4060.0000,1,1,2,1,1,2,5,4,1,1
SF,IF2006,2020-02-19 10:47:49.900,4056.2000,23800,1,3817477200.000,1,1,0,双开,S,4054.8000,4054.4000,4054.0000,4053.2000,4053.0000,4057.0000,4057.2000,4058.0000,4059.6000,4060.0000,1,2,1,1,8,2,3,4,1,1
SF,IF2006,2020-02-19 10:47:50.400,4056.2000,23800,0,3817477200.000,0,-,-,-,-,4055.4000,4055.2000,4055.0000,4054.8000,4054.4000,4056.6000,4056.8000,4057.0000,4057.2000,4058.0000,5,1,2,1,2,1,2,1,1,4
SF,IF2006,2020-02-19 10:47:50.900,4056.2000,23800,0,3817477200.000,0,-,-,-,-,4055.2000,4055.0000,4054.8000,4054.4000,4054.0000,4056.4000,4056.6000,4056.8000,4057.0000,4058.0000,1,2,1,2,1,1,1,2,1,4
SF,IF2006,2020-02-19 10:47:51.400,4056.2000,23800,0,3817477200.000,0,-,-,-,-,4055.6000,4055.4000,4055.2000,4054.8000,4054.4000,4056.6000,4056.8000,4057.0000,4058.0000,4059.6000,5,2,1,1,2,1,2,1,4,1
SF,IF2006,2020-02-19 10:47:51.900,4055.6000,23800,0,3818693880.000,1,0,1,多换,S,4055.6000,4055.4000,4054.8000,4054.4000,4054.0000,4056.8000,4057.0000,4058.0000,4059.6000,4060.0000,4,2,1,2,1,2,1,4,1,1
SF,IF2006,2020-02-19 10:47:52.400,4055.6000,23800,0,3818693880.000,0,-,-,-,-,4055.4000,4054.8000,4054.4000,4054.0000,4053.2000,4056.6000,4056.8000,4057.0000,4058.0000,4059.6000,2,1,2,1,1,1,2,1,4,1
SF,IF2006,2020-02-19 10:47:52.900,4055.6000,23800,0,3818693880.000,0,-,-,-,-,4055.8000,4055.4000,4054.4000,4054.0000,4053.2000,4057.0000,4058.0000,4059.6000,4060.0000,4060.2000,4,2,2,1,1,1,4,1,1,2
SF,IF2006,2020-02-19 10:47:53.400,4055.6000,23800,0,3818693880.000,0,-,-,-,-,4055.4000,4054.4000,4054.0000,4053.2000,4053.0000,4056.8000,4057.0000,4058.0000,4059.6000,4060.0000,2,2,1,1,8,4,1,4,1,1
SF,IF2006,2020-02-19 10:47:53.900,4055.6000,23800,0,3818693880.000,0,-,-,-,-,4056.0000,4055.8000,4055.6000,4055.4000,4054.4000,4056.8000,4057.0000,4058.0000,4059.6000,4060.0000,5,1,1,2,2,2,1,4,1,1
SF,IF2006,2020-02-19 10:47:54.400,4055.6000,23800,0,3818693880.000,0,-,-,-,-,4055.4000,4054.4000,4054.0000,4053.2000,4053.0000,4056.8000,4057.0000,4058.0000,4059.6000,4060.0000,2,2,1,1,8,2,1,4,1,1
SF,IF2006,2020-02-19 10:47:54.900,4055.6000,23800,0,3818693880.000,0,-,-,-,-,4055.8000,4055.6000,4055.4000,4054.4000,4054.0000,4057.0000,4058.0000,4059.6000,4060.0000,4060.2000,2,5,2,2,1,1,4,1,1,2
SF,IF2006,2020-02-19 10:47:55.400,4055.6000,23800,0,3818693880.000,0,-,-,-,-,4056.0000,4055.8000,4055.6000,4054.4000,4054.0000,4057.0000,4058.0000,4059.6000,4060.0000,4060.2000,7,2,5,2,1,1,4,1,1,2
SF,IF2006,2020-02-19 10:47:55.900,4055.6000,23800,0,3818693880.000,0,-,-,-,-,4056.0000,4055.8000,4055.6000,4054.4000,4054.0000,4057.0000,4058.0000,4059.6000,4060.0000,4060.2000,2,2,5,2,1,1,4,1,1,2
SF,IF2006,2020-02-19 10:47:56.900,4055.6000,23800,0,3818693880.000,0,-,-,-,-,4056.0000,4055.8000,4055.6000,4054.4000,4054.0000,4058.0000,4059.6000,4060.0000,4060.2000,4060.4000,2,2,5,2,1,4,1,1,2,1
SF,IF2006,2020-02-19 10:47:57.400,4055.6000,23800,0,3818693880.000,0,-,-,-,-,4056.0000,4055.8000,4055.6000,4054.4000,4054.0000,4057.6000,4057.8000,4058.0000,4059.6000,4060.0000,2,2,5,2,1,1,7,4,1,1
SF,IF2006,2020-02-19 10:47:57.900,4055.6000,23800,0,3818693880.000,0,-,-,-,-,4056.0000,4055.8000,4055.6000,4054.4000,4054.0000,4057.4000,4057.6000,4057.8000,4058.0000,4059.6000,2,2,5,2,1,3,1,4,4,1
SF,IF2006,2020-02-19 10:47:58.900,4055.6000,23800,0,3818693880.000,0,-,-,-,-,4056.0000,4055.8000,4055.6000,4054.4000,4054.0000,4057.4000,4057.6000,4057.8000,4058.0000,4059.6000,2,1,5,2,1,3,1,3,4,1
SF,IF2006,2020-02-19 10:47:59.400,4055.6000,23800,0,3818693880.000,0,-,-,-,-,4055.8000,4054.4000,4054.0000,4053.2000,4053.0000,4057.0000,4057.2000,4057.4000,4057.8000,4058.0000,1,2,1,1,8,4,2,2,2,4
SF,IF2006,2020-02-19 10:47:59.900,4055.6000,23800,0,3818693880.000,0,-,-,-,-,4054.4000,4054.0000,4053.2000,4053.0000,4052.8000,4056.6000,4056.8000,4057.0000,4057.2000,4057.8000,2,1,1,8,2,1,4,1,1,2
SF,IF2006,2020-02-19 10:48:00.400,4055.6000,23800,0,3818693880.000,0,-,-,-,-,4055.0000,4054.8000,4054.6000,4054.4000,4054.0000,4056.4000,4056.6000,4057.8000,4058.0000,4059.6000,6,5,4,2,1,3,1,2,4,1
SF,IF2006,2020-02-19 10:48:00.900,4055.6000,23800,0,3818693880.000,0,-,-,-,-,4055.2000,4055.0000,4054.8000,4054.6000,4054.4000,4056.4000,4056.6000,4057.8000,4058.0000,4059.6000,2,6,5,2,2,3,1,2,4,1
SF,IF2006,2020-02-19 10:48:01.400,4055.6000,23800,0,3818693880.000,0,-,-,-,-,4055.2000,4055.0000,4054.8000,4054.6000,4054.4000,4056.2000,4056.4000,4056.6000,4057.8000,4058.0000,2,6,5,2,2,1,3,1,2,4
SF,IF2006,2020-02-19 10:48:01.900,4055.6000,23800,0,3818693880.000,0,-,-,-,-,4055.2000,4055.0000,4054.8000,4054.6000,4054.4000,4056.4000,4056.6000,4057.8000,4058.0000,4059.6000,2,6,5,2,2,3,1,2,4,1
SF,IF2006,2020-02-19 10:48:02.400,4055.6000,23800,0,3818693880.000,0,-,-,-,-,4055.4000,4055.2000,4055.0000,4054.8000,4054.6000,4056.4000,4056.6000,4057.8000,4058.0000,4059.6000,1,2,5,5,2,3,1,2,4,1
SF,IF2006,2020-02-19 10:48:02.900,4055.6000,23800,0,3818693880.000,0,-,-,-,-,4055.8000,4055.6000,4055.4000,4055.0000,4054.8000,4057.8000,4058.0000,4059.6000,4060.0000,4060.2000,5,2,1,5,5,2,4,1,1,2
SF,IF2006,2020-02-19 10:48:03.400,4055.6000,23800,0,3818693880.000,0,-,-,-,-,4056.0000,4055.0000,4054.8000,4054.6000,4054.4000,4057.4000,4057.6000,4057.8000,4058.0000,4059.6000,2,5,5,1,2,2,6,2,4,1
SF,IF2006,2020-02-19 10:48:03.900,4055.6000,23800,0,3818693880.000,0,-,-,-,-,4054.6000,4054.4000,4054.0000,4053.2000,4053.0000,4056.8000,4057.0000,4057.2000,4057.8000,4058.0000,1,2,1,1,8,2,2,3,2,4
SF,IF2006,2020-02-19 10:48:04.400,4055.6000,23800,0,3818693880.000,0,-,-,-,-,4055.6000,4055.4000,4054.8000,4054.6000,4054.4000,4056.4000,4056.6000,4056.8000,4057.8000,4058.0000,1,5,9,2,2,1,2,2,2,4
SF,IF2006,2020-02-19 10:48:04.900,4055.6000,23800,0,3818693880.000,0,-,-,-,-,4056.0000,4055.8000,4055.6000,4055.4000,4054.8000,4056.8000,4057.8000,4058.0000,4059.6000,4060.0000,5,2,3,5,8,2,2,4,1,1
SF,IF2006,2020-02-19 10:48:05.400,4055.6000,23800,0,3818693880.000,0,-,-,-,-,4055.8000,4055.6000,4054.8000,4054.6000,4054.4000,4056.8000,4057.8000,4058.0000,4059.6000,4060.0000,1,1,3,1,2,1,2,4,1,1
SF,IF2006,2020-02-19 10:48:05.900,4055.6000,23800,0,3818693880.000,0,-,-,-,-,4055.8000,4055.6000,4054.8000,4054.6000,4054.4000,4056.6000,4056.8000,4057.8000,4058.0000,4059.6000,1,1,3,1,2,1,1,2,4,1
SF,IF2006,2020-02-19 10:48:06.900,4055.6000,23800,0,3818693880.000,0,-,-,-,-,4055.6000,4054.8000,4054.6000,4054.4000,4054.0000,4056.6000,4056.8000,4057.8000,4058.0000,4059.6000,1,3,1,2,1,1,1,2,4,1
SF,IF2006,2020-02-19 10:48:07.400,4055.6000,23800,0,3818693880.000,0,-,-,-,-,4055.6000,4054.8000,4054.6000,4054.4000,4054.0000,4056.6000,4056.8000,4057.8000,4058.0000,4059.6000,1,3,1,2,1,1,1,2,4,1
SF,IF2006,2020-02-19 10:48:08.400,4055.6000,23799,-1,3819910560.000,1,0,1,双平,S,4054.8000,4054.6000,4054.4000,4054.0000,4053.2000,4055.8000,4056.6000,4056.8000,4057.8000,4058.0000,3,1,2,1,1,1,1,1,2,4
SF,IF2006,2020-02-19 10:48:08.900,4055.8000,23798,-1,3821127300.000,1,0,1,双平,S,4055.4000,4055.2000,4055.0000,4054.8000,4054.6000,4056.8000,4057.8000,4058.0000,4059.6000,4060.0000,5,2,2,3,1,1,2,4,1,1
SF,IF2006,2020-02-19 10:48:09.400,4055.8000,23798,0,3821127300.000,0,-,-,-,-,4055.4000,4055.2000,4054.8000,4054.6000,4054.4000,4056.4000,4056.6000,4056.8000,4057.8000,4058.0000,5,1,3,1,2,1,1,1,2,4
SF,IF2006,2020-02-19 10:48:11.400,4055.8000,23798,0,3821127300.000,0,-,-,-,-,4055.2000,4054.8000,4054.6000,4054.4000,4054.0000,4056.6000,4056.8000,4057.8000,4058.0000,4059.6000,1,2,1,2,1,1,1,2,4,1
SF,IF2006,2020-02-19 10:48:11.900,4055.8000,23798,0,3821127300.000,0,-,-,-,-,4055.2000,4054.8000,4054.6000,4054.4000,4054.0000,4055.4000,4056.2000,4056.4000,4056.6000,4056.8000,1,2,1,2,1,1,1,3,1,1
SF,IF2006,2020-02-19 10:48:12.400,4055.4000,23798,0,3822343920.000,1,0,1,多换,S,4055.2000,4054.8000,4054.6000,4054.4000,4054.0000,4056.4000,4057.8000,4058.0000,4059.6000,4060.0000,1,2,1,2,1,2,2,4,1,1
SF,IF2006,2020-02-19 10:48:12.900,4055.4000,23798,0,3822343920.000,0,-,-,-,-,4054.8000,4054.6000,4054.4000,4054.0000,4053.2000,4056.2000,4056.4000,4057.8000,4058.0000,4059.6000,2,1,2,1,1,3,2,2,4,1
SF,IF2006,2020-02-19 10:48:13.400,4055.4000,23798,0,3822343920.000,0,-,-,-,-,4055.0000,4054.8000,4054.6000,4054.0000,4053.2000,4056.0000,4056.2000,4057.8000,4058.0000,4059.6000,5,2,1,1,1,3,3,2,4,1
SF,IF2006,2020-02-19 10:48:13.900,4055.4000,23798,0,3822343920.000,0,-,-,-,-,4054.8000,4054.6000,4054.0000,4053.2000,4053.0000,4056.0000,4056.2000,4057.8000,4058.0000,4059.6000,2,1,1,1,8,3,3,2,4,1
SF,IF2006,2020-02-19 10:48:14.400,4054.8000,23797,-1,3823560360.000,1,0,1,双平,S,4054.8000,4054.6000,4054.0000,4053.2000,4053.0000,4055.8000,4056.0000,4057.8000,4058.0000,4059.6000,1,1,1,1,8,5,3,2,4,1
SF,IF2006,2020-02-19 10:48:14.900,4054.8000,23797,0,3823560360.000,0,-,-,-,-,4054.8000,4054.6000,4054.0000,4053.2000,4053.0000,4055.6000,4055.8000,4056.0000,4057.8000,4058.0000,1,1,1,1,8,2,5,1,2,4
SF,IF2006,2020-02-19 10:48:15.400,4054.8000,23797,0,3823560360.000,0,-,-,-,-,4054.8000,4054.6000,4054.4000,4054.0000,4053.2000,4055.6000,4055.8000,4056.0000,4057.8000,4058.0000,1,1,1,1,1,2,5,1,2,4
SF,IF2006,2020-02-19 10:48:15.900,4054.8000,23797,0,3823560360.000,0,-,-,-,-,4054.4000,4054.0000,4053.2000,4053.0000,4052.8000,4055.6000,4055.8000,4056.0000,4057.8000,4058.0000,1,1,1,8,2,2,3,1,2,4
SF,IF2006,2020-02-19 10:48:16.400,4054.8000,23797,0,3823560360.000,0,-,-,-,-,4054.6000,4054.4000,4054.0000,4053.2000,4053.0000,4055.4000,4055.6000,4055.8000,4056.0000,4057.8000,1,1,1,1,8,1,2,2,1,2
SF,IF2006,2020-02-19 10:48:16.900,4054.8000,23797,0,3823560360.000,0,-,-,-,-,4054.6000,4054.4000,4054.0000,4053.2000,4053.0000,4055.2000,4055.6000,4056.0000,4057.8000,4058.0000,1,1,1,1,8,1,2,1,2,4
SF,IF2006,2020-02-19 10:48:17.400,4055.2000,23798,1,3827209800.000,3,2,1,空开,S,4054.8000,4054.4000,4054.0000,4053.2000,4053.0000,4055.6000,4057.8000,4058.0000,4059.6000,4060.0000,2,1,1,1,8,2,2,4,1,1
SF,IF2006,2020-02-19 10:48:17.900,4054.8000,23798,0,3828426240.000,1,0,1,多换,S,4054.4000,4054.0000,4053.2000,4053.0000,4052.8000,4055.4000,4055.6000,4057.8000,4058.0000,4059.6000,1,1,1,8,2,3,2,2,4,1
SF,IF2006,2020-02-19 10:48:18.400,4054.8000,23798,0,3828426240.000,0,-,-,-,-,4054.4000,4054.0000,4053.2000,4053.0000,4052.8000,4055.2000,4055.4000,4057.8000,4058.0000,4059.6000,1,1,1,8,2,4,3,2,4,1
SF,IF2006,2020-02-19 10:48:18.900,4054.4000,23798,0,3829642560.000,1,0,1,多换,S,4054.0000,4053.2000,4053.0000,4052.8000,4052.6000,4055.0000,4055.2000,4055.4000,4057.8000,4058.0000,1,1,8,2,1,2,2,1,2,4
SF,IF2006,2020-02-19 10:48:19.400,4054.4000,23798,0,3829642560.000,0,-,-,-,-,4054.0000,4053.2000,4053.0000,4052.8000,4052.6000,4054.4000,4054.6000,4054.8000,4057.8000,4058.0000,1,1,8,2,1,1,2,3,2,4
SF,IF2006,2020-02-19 10:48:19.900,4054.6000,23799,1,3833291460.000,3,2,1,空开,S,4053.2000,4053.0000,4052.8000,4052.6000,4051.6000,4054.4000,4054.6000,4054.8000,4057.8000,4058.0000,1,7,2,1,4,1,1,2,2,4
SF,IF2006,2020-02-19 10:48:20.400,4054.4000,23800,1,3834507780.000,1,1,0,双开,S,4053.6000,4053.4000,4053.2000,4053.0000,4052.8000,4054.4000,4054.6000,4054.8000,4057.8000,4058.0000,2,4,1,7,2,1,2,2,2,4
SF,IF2006,2020-02-19 10:48:20.900,4054.4000,23799,-1,3835724100.000,1,0,1,双平,S,4053.6000,4053.4000,4053.2000,4053.0000,4052.8000,4054.6000,4054.8000,4057.8000,4058.0000,4059.6000,2,3,1,7,2,1,2,2,4,1
SF,IF2006,2020-02-19 10:48:21.400,4054.6000,23799,0,3836940480.000,1,0,1,多换,S,4053.8000,4053.6000,4053.4000,4053.2000,4053.0000,4054.8000,4057.8000,4058.0000,4059.6000,4060.0000,2,2,3,1,7,2,2,4,1,1
SF,IF2006,2020-02-19 10:48:21.900,4054.6000,23799,0,3836940480.000,0,-,-,-,-,4054.2000,4054.0000,4053.6000,4053.2000,4053.0000,4057.8000,4058.0000,4059.6000,4060.0000,4060.2000,1,4,2,1,7,2,4,1,1,2
SF,IF2006,2020-02-19 10:48:22.400,4054.6000,23799,0,3836940480.000,0,-,-,-,-,4054.6000,4054.4000,4054.2000,4053.2000,4053.0000,4056.0000,4056.2000,4056.6000,4056.8000,4057.4000,1,2,1,1,7,1,1,1,1,1
SF,IF2006,2020-02-19 10:48:22.900,4054.6000,23799,0,3836940480.000,0,-,-,-,-,4054.6000,4054.4000,4054.2000,4053.2000,4053.0000,4055.8000,4056.0000,4057.4000,4057.6000,4057.8000,1,2,1,1,7,3,1,1,4,2
SF,IF2006,2020-02-19 10:48:24.400,4054.6000,23799,0,3836940480.000,0,-,-,-,-,4054.6000,4054.4000,4054.2000,4053.2000,4053.0000,4055.6000,4055.8000,4056.0000,4057.4000,4057.6000,1,2,1,1,7,1,3,1,1,4
SF,IF2006,2020-02-19 10:48:25.900,4054.6000,23799,0,3836940480.000,0,-,-,-,-,4054.6000,4054.4000,4053.2000,4053.0000,4052.8000,4055.6000,4055.8000,4056.0000,4057.4000,4057.6000,1,2,1,7,2,1,3,1,1,3
SF,IF2006,2020-02-19 10:48:26.900,4054.6000,23799,0,3836940480.000,0,-,-,-,-,4055.2000,4054.4000,4053.2000,4053.0000,4052.8000,4055.4000,4055.6000,4055.8000,4056.0000,4057.4000,1,2,1,7,2,1,1,2,1,1
SF,IF2006,2020-02-19 10:48:27.400,4055.2000,23799,0,3838157040.000,1,0,1,多换,S,4054.4000,4053.2000,4053.0000,4052.8000,4052.6000,4055.2000,4055.6000,4055.8000,4057.4000,4057.6000,2,1,7,2,1,1,1,2,1,3
SF,IF2006,2020-02-19 10:48:28.900,4055.2000,23799,0,3838157040.000,0,-,-,-,-,4054.4000,4053.2000,4053.0000,4052.8000,4052.6000,4055.6000,4055.8000,4057.4000,4057.6000,4057.8000,2,1,7,2,1,1,2,1,3,2
SF,IF2006,2020-02-19 10:48:29.400,4055.2000,23799,0,3838157040.000,0,-,-,-,-,4054.4000,4053.2000,4053.0000,4052.8000,4052.6000,4055.4000,4055.6000,4057.4000,4057.6000,4057.8000,2,1,7,2,1,3,1,1,3,2
SF,IF2006,2020-02-19 10:48:29.900,4055.2000,23799,0,3838157040.000,0,-,-,-,-,4054.4000,4053.2000,4053.0000,4052.8000,4052.6000,4055.4000,4055.6000,4057.4000,4057.6000,4057.8000,2,1,7,3,1,3,1,1,3,2
SF,IF2006,2020-02-19 10:48:31.400,4055.2000,23799,0,3838157040.000,0,-,-,-,-,4054.4000,4053.2000,4053.0000,4052.8000,4052.6000,4055.0000,4055.2000,4055.4000,4055.6000,4057.4000,2,1,7,3,1,1,2,2,1,1
SF,IF2006,2020-02-19 10:48:31.900,4055.2000,23799,0,3838157040.000,0,-,-,-,-,4053.2000,4053.0000,4052.8000,4052.6000,4051.6000,4054.4000,4055.0000,4055.2000,4055.4000,4057.4000,1,7,3,1,4,1,1,2,2,1
SF,IF2006,2020-02-19 10:48:32.400,4054.4000,23798,-1,3839373360.000,1,0,1,双平,S,4053.6000,4053.4000,4053.2000,4053.0000,4052.8000,4055.0000,4055.2000,4055.4000,4057.4000,4057.6000,4,3,1,8,3,1,2,2,1,3
SF,IF2006,2020-02-19 10:48:32.900,4054.4000,23798,0,3839373360.000,0,-,-,-,-,4053.8000,4053.6000,4053.4000,4053.2000,4053.0000,4054.8000,4055.0000,4055.2000,4057.4000,4057.6000,5,2,3,1,8,2,1,2,1,3
SF,IF2006,2020-02-19 10:48:33.400,4054.4000,23798,0,3839373360.000,0,-,-,-,-,4053.6000,4053.4000,4053.2000,4053.0000,4052.8000,4054.8000,4055.0000,4055.2000,4057.4000,4057.6000,2,3,1,8,3,2,1,2,1,3
SF,IF2006,2020-02-19 10:48:33.900,4054.4000,23798,0,3839373360.000,0,-,-,-,-,4053.6000,4053.4000,4053.2000,4053.0000,4052.8000,4054.8000,4055.0000,4055.2000,4056.0000,4057.4000,2,2,1,8,3,2,1,2,1,1
SF,IF2006,2020-02-19 10:48:34.400,4054.4000,23798,0,3839373360.000,0,-,-,-,-,4053.8000,4053.6000,4053.4000,4053.2000,4053.0000,4054.8000,4055.0000,4055.2000,4056.0000,4057.4000,1,2,2,1,8,2,1,2,1,1
SF,IF2006,2020-02-19 10:48:34.900,4054.4000,23798,0,3839373360.000,0,-,-,-,-,4053.8000,4053.6000,4053.4000,4053.2000,4053.0000,4054.4000,4054.8000,4055.0000,4055.2000,4056.0000,1,2,2,1,8,1,2,1,2,1
SF,IF2006,2020-02-19 10:48:35.400,4054.4000,23798,0,3839373360.000,0,-,-,-,-,4053.8000,4053.6000,4053.4000,4053.2000,4053.0000,4054.4000,4054.8000,4055.0000,4055.2000,4056.0000,1,2,2,1,7,1,2,1,2,1
SF,IF2006,2020-02-19 10:48:35.900,4053.8000,23798,0,3840589500.000,1,0,1,多换,S,4053.6000,4053.4000,4053.2000,4053.0000,4052.8000,4053.8000,4054.4000,4054.8000,4055.0000,4055.2000,2,2,1,7,3,1,1,2,1,2
SF,IF2006,2020-02-19 10:48:36.400,4053.8000,23798,0,3841805640.000,1,0,1,多换,S,4053.4000,4053.2000,4053.0000,4052.8000,4052.6000,4054.4000,4054.8000,4056.0000,4057.4000,4057.6000,2,1,7,3,1,1,2,1,1,3
SF,IF2006,2020-02-19 10:48:36.900,4053.8000,23798,0,3841805640.000,0,-,-,-,-,4053.4000,4053.2000,4053.0000,4052.8000,4052.6000,4054.2000,4054.4000,4056.0000,4057.4000,4057.6000,1,1,7,3,1,3,1,1,1,3
SF,IF2006,2020-02-19 10:48:37.400,4053.8000,23798,0,3841805640.000,0,-,-,-,-,4053.2000,4053.0000,4052.8000,4052.6000,4051.6000,4054.2000,4054.4000,4056.0000,4057.4000,4057.6000,1,7,3,1,4,3,1,1,1,3
SF,IF2006,2020-02-19 10:48:37.900,4053.8000,23798,0,3841805640.000,0,-,-,-,-,4053.2000,4053.0000,4052.8000,4052.6000,4051.6000,4054.2000,4054.4000,4056.0000,4057.4000,4057.6000,2,7,3,1,4,3,1,1,1,3
SF,IF2006,2020-02-19 10:48:38.900,4053.8000,23798,0,3841805640.000,0,-,-,-,-,4053.4000,4053.2000,4053.0000,4052.8000,4052.6000,4054.2000,4054.4000,4056.0000,4057.4000,4057.6000,1,1,7,3,1,3,1,1,1,3
SF,IF2006,2020-02-19 10:48:39.400,4053.8000,23798,0,3841805640.000,0,-,-,-,-,4053.2000,4053.0000,4052.8000,4052.6000,4051.6000,4054.2000,4054.4000,4056.0000,4057.4000,4057.6000,1,7,3,1,4,3,1,1,1,3
SF,IF2006,2020-02-19 10:48:42.400,4053.8000,23798,0,3841805640.000,0,-,-,-,-,4053.2000,4053.0000,4052.8000,4052.6000,4051.6000,4054.2000,4056.0000,4057.4000,4057.6000,4057.8000,1,7,3,1,4,3,1,1,3,2
SF,IF2006,2020-02-19 10:48:45.900,4053.8000,23798,0,3841805640.000,0,-,-,-,-,4053.2000,4053.0000,4052.8000,4052.6000,4051.6000,4054.2000,4056.0000,4057.4000,4057.6000,4057.8000,1,7,3,1,4,3,1,1,3,2
SF,IF2006,2020-02-19 10:48:46.400,4053.8000,23798,0,3841805640.000,0,-,-,-,-,4053.2000,4053.0000,4052.8000,4052.6000,4052.4000,4054.2000,4056.0000,4057.4000,4057.6000,4057.8000,1,7,3,1,1,3,1,1,3,2
SF,IF2006,2020-02-19 10:48:48.400,4053.8000,23798,0,3841805640.000,0,-,-,-,-,4053.2000,4053.0000,4052.8000,4052.6000,4052.4000,4054.2000,4056.0000,4057.4000,4057.6000,4057.8000,1,7,3,1,1,2,1,1,3,2
SF,IF2006,2020-02-19 10:48:48.900,4053.8000,23798,0,3841805640.000,0,-,-,-,-,4053.4000,4053.2000,4053.0000,4052.8000,4052.6000,4056.0000,4057.4000,4057.6000,4057.8000,4058.0000,2,1,7,3,1,1,1,3,2,4
SF,IF2006,2020-02-19 10:48:49.400,4053.8000,23798,0,3841805640.000,0,-,-,-,-,4053.6000,4053.4000,4053.2000,4053.0000,4052.8000,4055.2000,4055.6000,4055.8000,4056.0000,4057.6000,3,1,1,7,3,2,2,2,1,1
SF,IF2006,2020-02-19 10:48:49.900,4053.8000,23798,0,3841805640.000,0,-,-,-,-,4053.6000,4053.4000,4053.2000,4053.0000,4052.8000,4055.0000,4055.2000,4055.6000,4056.0000,4057.6000,3,1,1,7,3,3,2,1,1,1
SF,IF2006,2020-02-19 10:48:50.400,4053.8000,23798,0,3841805640.000,0,-,-,-,-,4053.6000,4053.4000,4053.2000,4053.0000,4052.8000,4054.8000,4055.0000,4055.2000,4056.0000,4057.6000,3,1,1,7,3,1,2,1,1,1
SF,IF2006,2020-02-19 10:48:51.900,4053.8000,23798,0,3841805640.000,0,-,-,-,-,4053.6000,4053.4000,4053.2000,4053.0000,4052.8000,4054.6000,4054.8000,4055.0000,4055.2000,4056.0000,3,1,1,7,3,1,1,2,1,1
SF,IF2006,2020-02-19 10:48:52.400,4053.8000,23798,0,3843021780.000,1,0,1,多换,S,4053.8000,4053.6000,4053.4000,4053.2000,4053.0000,4054.6000,4054.8000,4055.0000,4055.2000,4056.0000,4,4,1,1,7,1,1,2,1,1
SF,IF2006,2020-02-19 10:48:52.900,4053.8000,23798,0,3843021780.000,0,-,-,-,-,4053.6000,4053.4000,4053.2000,4053.0000,4052.8000,4054.8000,4055.0000,4055.2000,4056.0000,4057.6000,4,1,1,7,3,1,2,1,1,1
SF,IF2006,2020-02-19 10:48:53.900,4053.8000,23798,0,3843021780.000,0,-,-,-,-,4053.6000,4053.4000,4053.2000,4053.0000,4052.8000,4054.8000,4055.0000,4055.2000,4056.0000,4057.6000,3,1,1,7,3,1,2,1,1,1
SF,IF2006,2020-02-19 10:48:54.400,4053.8000,23798,0,3843021780.000,0,-,-,-,-,4053.8000,4053.6000,4053.4000,4053.2000,4053.0000,4054.8000,4055.0000,4055.2000,4056.0000,4057.6000,1,3,1,1,7,1,2,1,1,1
SF,IF2006,2020-02-19 10:48:54.900,4053.8000,23798,0,3843021780.000,0,-,-,-,-,4053.8000,4053.6000,4053.2000,4053.0000,4052.8000,4054.8000,4055.0000,4055.2000,4056.0000,4057.6000,1,3,1,7,3,1,2,1,1,1
SF,IF2006,2020-02-19 10:48:55.400,4053.8000,23798,0,3843021780.000,0,-,-,-,-,4054.0000,4053.8000,4053.6000,4053.2000,4053.0000,4055.2000,4056.0000,4057.6000,4057.8000,4058.0000,4,2,1,1,7,1,1,1,2,4
SF,IF2006,2020-02-19 10:48:55.900,4053.8000,23798,0,3843021780.000,0,-,-,-,-,4054.4000,4054.2000,4054.0000,4053.2000,4053.0000,4056.0000,4057.6000,4057.8000,4058.0000,4058.8000,1,2,2,1,7,1,1,2,4,1
SF,IF2006,2020-02-19 10:48:56.400,4053.8000,23798,0,3843021780.000,0,-,-,-,-,4054.4000,4054.2000,4054.0000,4053.2000,4053.0000,4055.8000,4056.0000,4057.6000,4057.8000,4058.0000,1,2,2,1,7,3,1,1,2,4
SF,IF2006,2020-02-19 10:48:57.900,4053.8000,23798,0,3843021780.000,0,-,-,-,-,4054.4000,4054.2000,4054.0000,4053.2000,4053.0000,4055.8000,4056.0000,4057.6000,4057.8000,4058.0000,1,2,3,1,7,3,1,1,2,4
SF,IF2006,2020-02-19 10:48:59.900,4053.8000,23798,0,3843021780.000,0,-,-,-,-,4054.6000,4054.4000,4054.2000,4054.0000,4053.2000,4055.8000,4056.0000,4057.6000,4057.8000,4058.0000,5,1,2,3,1,3,1,1,2,4
SF,IF2006,2020-02-19 10:49:00.900,4053.8000,23798,0,3843021780.000,0,-,-,-,-,4054.6000,4054.4000,4054.2000,4054.0000,4053.2000,4055.8000,4056.0000,4057.6000,4057.8000,4058.0000,6,1,2,3,1,3,1,1,2,4
SF,IF2006,2020-02-19 10:49:01.400,4055.8000,23797,-1,3844238520.000,1,0,1,双平,S,4055.0000,4054.8000,4054.6000,4054.4000,4054.0000,4056.0000,4057.6000,4057.8000,4058.0000,4058.8000,3,6,6,1,1,1,1,2,3,1
SF,IF2006,2020-02-19 10:49:01.900,4055.8000,23797,0,3844238520.000,0,-,-,-,-,4054.8000,4054.6000,4054.0000,4053.2000,4053.0000,4056.0000,4057.6000,4057.8000,4058.0000,4058.8000,6,5,1,1,7,1,1,2,3,1
SF,IF2006,2020-02-19 10:49:02.400,4055.8000,23797,0,3844238520.000,0,-,-,-,-,4055.4000,4055.2000,4055.0000,4054.8000,4054.6000,4056.0000,4057.6000,4057.8000,4058.0000,4058.8000,1,5,2,5,5,1,1,2,3,1
SF,IF2006,2020-02-19 10:49:02.900,4056.0000,23797,0,3845455320.000,1,0,1,多换,S,4055.6000,4055.4000,4055.2000,4055.0000,4054.8000,4057.8000,4058.0000,4058.8000,4059.6000,4060.0000,2,1,5,1,2,2,3,1,1,1
SF,IF2006,2020-02-19 10:49:03.400,4056.0000,23797,0,3845455320.000,0,-,-,-,-,4055.8000,4055.6000,4055.4000,4055.2000,4055.0000,4057.2000,4057.4000,4057.6000,4057.8000,4058.0000,2,2,1,5,1,1,2,4,2,3
SF,IF2006,2020-02-19 10:49:03.900,4056.0000,23797,0,3845455320.000,0,-,-,-,-,4055.6000,4055.4000,4055.0000,4053.2000,4053.0000,4057.0000,4057.2000,4057.4000,4057.6000,4057.8000,2,1,1,1,7,2,1,2,1,2
SF,IF2006,2020-02-19 10:49:04.400,4056.0000,23797,0,3845455320.000,0,-,-,-,-,4055.6000,4055.4000,4055.0000,4053.2000,4053.0000,4057.0000,4057.2000,4057.4000,4057.6000,4057.8000,2,1,1,1,7,2,1,1,1,2
SF,IF2006,2020-02-19 10:49:04.900,4056.0000,23797,0,3845455320.000,0,-,-,-,-,4055.4000,4055.0000,4053.2000,4053.0000,4052.8000,4056.6000,4056.8000,4057.0000,4057.2000,4057.6000,1,1,1,7,3,1,1,2,1,1
SF,IF2006,2020-02-19 10:49:05.400,4056.0000,23797,0,3845455320.000,0,-,-,-,-,4053.2000,4053.0000,4052.8000,4052.6000,4052.4000,4056.4000,4057.6000,4057.8000,4058.0000,4058.8000,1,7,3,1,1,4,1,2,3,1
SF,IF2006,2020-02-19 10:49:05.900,4056.0000,23797,0,3845455320.000,0,-,-,-,-,4055.0000,4054.6000,4054.4000,4054.2000,4054.0000,4056.2000,4056.4000,4057.6000,4057.8000,4058.0000,6,1,2,2,2,1,3,1,2,3
SF,IF2006,2020-02-19 10:49:06.400,4056.0000,23797,0,3845455320.000,0,-,-,-,-,4055.0000,4054.6000,4054.4000,4054.2000,4054.0000,4056.0000,4056.2000,4057.6000,4057.8000,4058.0000,1,1,2,1,1,3,1,1,2,3
SF,IF2006,2020-02-19 10:49:07.400,4056.0000,23797,0,3845455320.000,0,-,-,-,-,4054.6000,4054.4000,4054.0000,4053.8000,4053.4000,4056.0000,4056.2000,4057.6000,4057.8000,4058.0000,1,2,1,1,4,3,1,1,2,3
SF,IF2006,2020-02-19 10:49:07.900,4056.0000,23797,0,3845455320.000,0,-,-,-,-,4054.6000,4054.4000,4054.0000,4053.8000,4053.4000,4056.0000,4056.2000,4057.6000,4057.8000,4058.0000,1,2,1,1,4,3,1,1,2,3
SF,IF2006,2020-02-19 10:49:08.400,4056.0000,23797,0,3845455320.000,0,-,-,-,-,4054.8000,4054.6000,4054.4000,4054.0000,4053.8000,4056.0000,4056.2000,4057.6000,4057.8000,4058.0000,7,1,2,1,1,3,1,1,2,3
SF,IF2006,2020-02-19 10:49:08.900,4056.0000,23797,0,3845455320.000,0,-,-,-,-,4054.8000,4054.6000,4054.4000,4054.0000,4053.8000,4056.0000,4056.2000,4057.6000,4057.8000,4058.0000,7,1,1,1,1,2,1,1,2,3
SF,IF2006,2020-02-19 10:49:09.400,4056.0000,23797,0,3845455320.000,0,-,-,-,-,4055.0000,4054.8000,4054.6000,4054.4000,4054.0000,4056.0000,4056.2000,4057.6000,4057.8000,4058.0000,6,7,1,1,1,2,1,1,2,3
SF,IF2006,2020-02-19 10:49:09.900,4056.0000,23797,0,3845455320.000,0,-,-,-,-,4055.0000,4054.8000,4054.6000,4054.4000,4054.0000,4056.0000,4056.2000,4057.6000,4057.8000,4058.0000,1,7,1,1,1,2,1,1,2,3
SF,IF2006,2020-02-19 10:49:10.900,4056.0000,23797,0,3845455320.000,0,-,-,-,-,4055.2000,4055.0000,4054.8000,4054.6000,4054.4000,4056.0000,4056.2000,4057.6000,4057.8000,4058.0000,1,1,7,1,1,2,1,1,2,3
SF,IF2006,2020-02-19 10:49:11.400,4056.0000,23797,0,3845455320.000,0,-,-,-,-,4055.4000,4055.0000,4054.8000,4054.4000,4053.8000,4057.6000,4057.8000,4058.0000,4058.8000,4059.6000,1,1,7,1,1,1,2,3,1,1
SF,IF2006,2020-02-19 10:49:11.900,4056.0000,23797,0,3845455320.000,0,-,-,-,-,4055.6000,4055.0000,4054.8000,4054.4000,4053.8000,4057.0000,4057.2000,4057.4000,4057.6000,4057.8000,2,1,5,1,1,1,2,3,1,2
SF,IF2006,2020-02-19 10:49:12.400,4056.0000,23797,0,3845455320.000,0,-,-,-,-,4055.0000,4054.8000,4054.4000,4053.8000,4053.4000,4056.8000,4057.0000,4057.2000,4057.4000,4057.6000,1,5,1,1,2,2,1,2,1,1
SF,IF2006,2020-02-19 10:49:12.900,4056.0000,23797,0,3845455320.000,0,-,-,-,-,4055.4000,4055.2000,4055.0000,4054.8000,4054.4000,4056.8000,4057.0000,4057.2000,4057.4000,4057.6000,2,10,1,5,1,2,1,1,1,1
SF,IF2006,2020-02-19 10:49:13.400,4056.0000,23797,0,3845455320.000,0,-,-,-,-,4055.6000,4055.4000,4055.2000,4055.0000,4054.8000,4056.8000,4057.0000,4057.2000,4057.4000,4057.6000,1,2,9,1,5,2,1,1,1,1
SF,IF2006,2020-02-19 10:49:14.900,4056.0000,23797,0,3845455320.000,0,-,-,-,-,4055.6000,4055.4000,4055.2000,4055.0000,4054.8000,4056.8000,4057.0000,4057.2000,4057.4000,4057.6000,1,1,9,1,5,2,1,1,1,1
SF,IF2006,2020-02-19 10:49:15.400,4056.0000,23797,0,3845455320.000,0,-,-,-,-,4055.8000,4055.6000,4055.4000,4055.2000,4055.0000,4056.8000,4057.0000,4057.2000,4057.4000,4057.6000,5,1,1,9,1,2,1,1,1,1
SF,IF2006,2020-02-19 10:49:15.900,4056.0000,23797,0,3845455320.000,0,-,-,-,-,4055.4000,4055.2000,4055.0000,4054.8000,4054.4000,4056.8000,4057.0000,4057.6000,4057.8000,4058.0000,1,9,1,5,1,2,1,1,2,3
SF,IF2006,2020-02-19 10:49:16.400,4056.0000,23797,0,3845455320.000,0,-,-,-,-,4055.6000,4055.4000,4055.2000,4055.0000,4054.8000,4056.8000,4057.0000,4057.6000,4057.8000,4058.0000,5,1,8,1,5,2,1,1,2,3
SF,IF2006,2020-02-19 10:49:16.900,4055.6000,23799,2,3847888680.000,2,2,0,双开,S,4055.4000,4055.2000,4054.8000,4054.4000,4053.4000,4056.6000,4056.8000,4057.0000,4057.6000,4057.8000,1,7,5,1,2,2,2,1,1,2
SF,IF2006,2020-02-19 10:49:17.400,4055.2000,23799,0,3850321800.000,2,1,1,多换,S,4054.8000,4054.4000,4053.4000,4053.2000,4053.0000,4056.2000,4056.4000,4057.6000,4057.8000,4058.0000,5,1,2,1,9,1,5,1,2,3
SF,IF2006,2020-02-19 10:49:17.900,4055.2000,23799,0,3850321800.000,0,-,-,-,-,4053.4000,4053.2000,4053.0000,4052.8000,4052.6000,4055.8000,4056.0000,4057.6000,4057.8000,4058.0000,2,1,9,3,1,3,3,1,2,3
SF,IF2006,2020-02-19 10:49:18.400,4055.2000,23799,0,3850321800.000,0,-,-,-,-,4054.0000,4053.8000,4053.6000,4053.4000,4053.2000,4055.6000,4055.8000,4056.0000,4057.6000,4057.8000,2,3,3,1,1,2,2,1,1,2
SF,IF2006,2020-02-19 10:49:18.900,4055.2000,23799,0,3850321800.000,0,-,-,-,-,4054.2000,4054.0000,4053.8000,4053.4000,4053.2000,4055.2000,4055.4000,4055.6000,4057.6000,4057.8000,2,1,2,1,1,1,3,2,1,2
SF,IF2006,2020-02-19 10:49:19.400,4055.2000,23799,0,3850321800.000,0,-,-,-,-,4054.0000,4053.8000,4053.4000,4053.2000,4053.0000,4055.0000,4055.2000,4055.4000,4057.6000,4057.8000,1,2,1,1,9,2,1,2,1,2
SF,IF2006,2020-02-19 10:49:22.400,4055.2000,23799,0,3850321800.000,0,-,-,-,-,4054.0000,4053.8000,4053.4000,4053.2000,4053.0000,4055.0000,4055.2000,4055.4000,4057.6000,4057.8000,1,2,1,1,8,2,1,2,1,2
SF,IF2006,2020-02-19 10:49:23.900,4055.2000,23799,0,3850321800.000,0,-,-,-,-,4054.0000,4053.8000,4053.2000,4053.0000,4052.8000,4055.0000,4055.2000,4055.4000,4057.6000,4057.8000,1,2,1,7,3,2,1,2,1,2
SF,IF2006,2020-02-19 10:49:25.400,4055.2000,23799,0,3850321800.000,0,-,-,-,-,4054.0000,4053.8000,4053.2000,4053.0000,4052.8000,4055.0000,4055.2000,4055.4000,4057.6000,4057.8000,1,2,1,7,3,2,1,2,1,2
SF,IF2006,2020-02-19 10:49:25.900,4055.2000,23799,0,3850321800.000,0,-,-,-,-,4053.8000,4053.2000,4053.0000,4052.8000,4052.6000,4054.8000,4055.0000,4055.2000,4055.4000,4057.6000,1,1,7,3,1,1,2,1,1,1
SF,IF2006,2020-02-19 10:49:27.400,4055.0000,23799,0,3852754800.000,2,1,1,多换,S,4054.2000,4054.0000,4053.2000,4053.0000,4052.8000,4055.2000,4055.4000,4057.6000,4057.8000,4058.0000,1,3,1,7,3,1,1,1,2,3
SF,IF2006,2020-02-19 10:49:27.900,4055.0000,23799,0,3852754800.000,0,-,-,-,-,4054.4000,4054.2000,4054.0000,4053.2000,4053.0000,4055.2000,4057.6000,4057.8000,4058.0000,4059.6000,2,1,3,1,7,1,1,2,3,1
SF,IF2006,2020-02-19 10:49:28.400,4055.0000,23799,0,3852754800.000,0,-,-,-,-,4054.4000,4054.2000,4054.0000,4053.2000,4053.0000,4055.2000,4057.6000,4057.8000,4058.0000,4059.6000,2,1,2,1,7,1,1,2,3,1
SF,IF2006,2020-02-19 10:49:29.400,4055.0000,23799,0,3852754800.000,0,-,-,-,-,4054.4000,4054.2000,4054.0000,4053.2000,4053.0000,4057.6000,4057.8000,4058.0000,4059.6000,4060.0000,2,1,2,1,7,1,2,3,1,1
SF,IF2006,2020-02-19 10:49:29.900,4055.0000,23799,0,3852754800.000,0,-,-,-,-,4054.6000,4054.4000,4054.2000,4054.0000,4053.2000,4056.0000,4056.4000,4056.8000,4057.0000,4057.4000,1,2,1,1,1,1,2,2,1,3
SF,IF2006,2020-02-19 10:49:30.400,4055.0000,23799,0,3852754800.000,0,-,-,-,-,4054.6000,4054.4000,4054.2000,4053.2000,4053.0000,4055.8000,4056.0000,4056.4000,4056.8000,4057.0000,1,2,1,1,7,2,1,1,2,1
SF,IF2006,2020-02-19 10:49:30.900,4055.0000,23799,0,3852754800.000,0,-,-,-,-,4054.6000,4054.4000,4054.2000,4053.2000,4053.0000,4055.6000,4055.8000,4056.0000,4056.8000,4057.0000,1,2,1,1,7,1,2,1,2,1
SF,IF2006,2020-02-19 10:49:35.400,4055.0000,23799,0,3852754800.000,0,-,-,-,-,4054.4000,4054.2000,4053.2000,4053.0000,4052.8000,4055.4000,4055.8000,4056.0000,4056.8000,4057.0000,2,1,1,7,3,1,2,1,2,1
SF,IF2006,2020-02-19 10:49:35.900,4055.0000,23799,0,3852754800.000,0,-,-,-,-,4054.4000,4053.2000,4053.0000,4052.8000,4052.6000,4055.4000,4055.8000,4056.0000,4056.8000,4057.0000,2,1,7,3,1,1,2,1,2,1
SF,IF2006,2020-02-19 10:49:36.900,4055.0000,23799,0,3852754800.000,0,-,-,-,-,4054.4000,4053.2000,4053.0000,4052.8000,4052.6000,4055.2000,4055.8000,4056.8000,4057.0000,4057.4000,2,1,7,3,1,1,2,2,1,1
SF,IF2006,2020-02-19 10:49:37.400,4055.0000,23799,0,3853971300.000,1,0,1,多换,S,4053.2000,4053.0000,4052.8000,4052.6000,4052.4000,4055.8000,4056.8000,4057.0000,4057.4000,4057.6000,1,7,3,1,1,2,2,1,1,1
SF,IF2006,2020-02-19 10:49:37.900,4055.0000,23799,0,3853971300.000,0,-,-,-,-,4053.6000,4053.4000,4053.2000,4053.0000,4052.8000,4055.2000,4055.4000,4055.6000,4055.8000,4056.8000,1,4,1,7,3,1,1,1,2,2
SF,IF2006,2020-02-19 10:49:38.400,4055.0000,23799,0,3853971300.000,0,-,-,-,-,4053.8000,4053.6000,4053.2000,4053.0000,4052.8000,4055.0000,4055.2000,4056.8000,4057.0000,4057.4000,4,1,1,7,3,3,1,2,1,1
SF,IF2006,2020-02-19 10:49:38.900,4055.0000,23799,0,3853971300.000,0,-,-,-,-,4054.2000,4054.0000,4053.8000,4053.6000,4053.2000,4055.2000,4056.8000,4057.0000,4057.4000,4057.6000,1,1,3,1,1,1,2,1,1,1
SF,IF2006,2020-02-19 10:49:39.400,4055.0000,23799,0,3853971300.000,0,-,-,-,-,4054.2000,4053.8000,4053.6000,4053.2000,4053.0000,4055.2000,4056.8000,4057.0000,4057.4000,4057.6000,1,3,1,1,7,1,2,1,1,1
SF,IF2006,2020-02-19 10:49:39.900,4055.0000,23799,0,3853971300.000,0,-,-,-,-,4053.8000,4053.6000,4053.2000,4053.0000,4052.8000,4055.0000,4055.2000,4056.8000,4057.0000,4057.4000,3,1,1,7,3,1,1,2,1,1
SF,IF2006,2020-02-19 10:49:40.400,4055.0000,23799,0,3853971300.000,0,-,-,-,-,4053.8000,4053.6000,4053.0000,4052.8000,4052.6000,4055.0000,4055.2000,4056.8000,4057.0000,4057.4000,3,1,7,3,1,1,1,2,1,1
SF,IF2006,2020-02-19 10:49:43.400,4055.0000,23799,0,3853971300.000,0,-,-,-,-,4053.8000,4053.6000,4053.0000,4052.8000,4052.6000,4055.0000,4055.2000,4056.8000,4057.0000,4057.4000,4,1,7,3,1,1,1,2,1,1
SF,IF2006,2020-02-19 10:49:43.900,4055.0000,23799,0,3853971300.000,0,-,-,-,-,4053.8000,4053.6000,4053.0000,4052.8000,4052.6000,4054.8000,4055.2000,4056.8000,4057.0000,4057.4000,4,1,7,3,1,1,1,2,1,1
SF,IF2006,2020-02-19 10:49:47.400,4055.0000,23799,0,3853971300.000,0,-,-,-,-,4053.8000,4053.6000,4053.0000,4052.8000,4052.6000,4054.8000,4055.2000,4056.8000,4057.0000,4057.4000,3,1,7,3,1,1,1,2,1,1
SF,IF2006,2020-02-19 10:49:48.900,4055.0000,23799,0,3853971300.000,0,-,-,-,-,4053.8000,4053.6000,4053.0000,4052.8000,4052.6000,4054.8000,4055.2000,4056.8000,4057.0000,4057.4000,3,1,7,3,1,1,1,2,1,1
SF,IF2006,2020-02-19 10:49:50.400,4055.0000,23799,0,3853971300.000,0,-,-,-,-,4053.8000,4053.6000,4053.0000,4052.8000,4052.6000,4055.2000,4056.8000,4057.0000,4057.4000,4057.6000,3,1,7,3,1,1,2,1,1,1
SF,IF2006,2020-02-19 10:49:50.900,4055.0000,23799,0,3853971300.000,0,-,-,-,-,4053.8000,4053.6000,4053.0000,4052.8000,4052.6000,4054.8000,4055.2000,4056.8000,4057.0000,4057.4000,3,1,7,3,1,1,1,2,1,1
SF,IF2006,2020-02-19 10:49:52.400,4055.0000,23799,0,3853971300.000,0,-,-,-,-,4053.8000,4053.6000,4053.0000,4052.8000,4052.6000,4054.6000,4055.2000,4056.8000,4057.0000,4057.4000,3,1,7,3,1,1,1,2,1,1
SF,IF2006,2020-02-19 10:49:52.900,4055.0000,23799,0,3853971300.000,0,-,-,-,-,4053.8000,4053.6000,4053.0000,4052.8000,4052.6000,4055.2000,4056.8000,4057.0000,4057.4000,4057.6000,3,1,7,3,1,1,2,1,1,1
SF,IF2006,2020-02-19 10:49:53.400,4053.8000,23800,1,3857619720.000,3,2,1,空开,S,4053.6000,4053.0000,4052.8000,4052.6000,4052.4000,4054.8000,4055.0000,4055.2000,4056.8000,4057.0000,1,7,3,1,1,1,3,1,2,1
SF,IF2006,2020-02-19 10:49:53.900,4053.6000,23799,-1,3858835800.000,1,0,1,双平,S,4053.0000,4052.8000,4052.6000,4052.4000,4051.6000,4054.6000,4056.8000,4057.0000,4057.4000,4057.6000,7,3,1,1,4,5,2,1,1,1
SF,IF2006,2020-02-19 10:49:54.400,4053.6000,23799,0,3858835800.000,0,-,-,-,-,4053.0000,4052.8000,4052.6000,4052.4000,4051.6000,4054.2000,4054.4000,4054.6000,4056.8000,4057.0000,7,3,1,1,4,1,1,3,1,1
SF,IF2006,2020-02-19 10:49:54.900,4053.6000,23799,0,3858835800.000,0,-,-,-,-,4053.0000,4052.8000,4052.6000,4052.4000,4051.6000,4054.0000,4054.2000,4054.6000,4056.8000,4057.0000,7,3,1,1,4,2,1,2,1,1
SF,IF2006,2020-02-19 10:49:55.400,4053.6000,23799,0,3858835800.000,0,-,-,-,-,4053.0000,4052.8000,4052.6000,4052.4000,4051.6000,4054.0000,4054.2000,4054.6000,4056.8000,4057.0000,7,3,1,1,4,1,1,2,1,1
SF,IF2006,2020-02-19 10:49:55.900,4054.0000,23799,0,3860052000.000,1,0,1,多换,S,4053.0000,4052.8000,4052.6000,4052.4000,4051.6000,4054.6000,4056.8000,4057.0000,4057.4000,4057.6000,7,3,1,1,4,2,1,1,1,1
SF,IF2006,2020-02-19 10:49:56.400,4054.0000,23799,0,3860052000.000,0,-,-,-,-,4053.2000,4053.0000,4052.8000,4052.6000,4052.4000,4054.4000,4054.6000,4056.8000,4057.0000,4057.4000,2,7,3,1,1,1,2,1,1,1
SF,IF2006,2020-02-19 10:49:56.900,4054.0000,23799,0,3860052000.000,0,-,-,-,-,4053.2000,4053.0000,4052.8000,4052.6000,4052.4000,4054.2000,4054.6000,4056.8000,4057.0000,4057.4000,2,7,3,1,1,1,2,1,1,1
SF,IF2006,2020-02-19 10:50:00.900,4054.0000,23799,0,3860052000.000,0,-,-,-,-,4053.4000,4053.2000,4053.0000,4052.8000,4052.6000,4054.2000,4054.6000,4056.8000,4057.0000,4057.4000,1,2,7,3,1,1,2,1,1,1
SF,IF2006,2020-02-19 10:50:01.400,4054.0000,23799,0,3860052000.000,0,-,-,-,-,4053.4000,4053.0000,4052.8000,4052.6000,4052.4000,4054.0000,4056.8000,4057.0000,4057.4000,4057.6000,1,7,3,1,1,2,1,1,1,1
SF,IF2006,2020-02-19 10:50:01.900,4053.4000,23799,0,3861268020.000,1,0,1,多换,S,4053.0000,4052.8000,4052.6000,4052.4000,4051.6000,4054.0000,4056.8000,4057.0000,4057.4000,4057.6000,7,3,1,1,4,2,1,1,1,1
SF,IF2006,2020-02-19 10:50:02.400,4054.0000,23799,0,3863700420.000,2,1,1,多换,S,4053.4000,4053.2000,4053.0000,4052.8000,4052.6000,4056.8000,4057.0000,4057.4000,4057.6000,4057.8000,1,2,7,3,1,1,1,1,1,2
SF,IF2006,2020-02-19 10:50:02.900,4054.0000,23799,0,3863700420.000,0,-,-,-,-,4053.6000,4053.4000,4053.0000,4052.8000,4052.6000,4055.2000,4055.6000,4055.8000,4056.0000,4056.2000,3,1,7,3,1,1,2,1,1,1
SF,IF2006,2020-02-19 10:50:03.400,4054.0000,23799,0,3863700420.000,0,-,-,-,-,4053.6000,4053.4000,4053.0000,4052.8000,4052.6000,4055.0000,4055.2000,4055.6000,4055.8000,4056.0000,3,1,7,3,1,3,1,1,1,1
SF,IF2006,2020-02-19 10:50:03.900,4054.0000,23799,0,3863700420.000,0,-,-,-,-,4053.6000,4053.4000,4053.0000,4052.8000,4052.6000,4055.0000,4055.2000,4055.8000,4056.0000,4056.2000,1,1,7,3,1,3,1,1,1,1
SF,IF2006,2020-02-19 10:50:04.400,4053.6000,23798,-1,3864916500.000,1,0,1,双平,S,4053.0000,4052.8000,4052.6000,4052.4000,4051.6000,4054.4000,4054.6000,4055.0000,4056.2000,4056.6000,7,3,1,1,4,1,3,4,1,2
SF,IF2006,2020-02-19 10:50:04.900,4053.6000,23798,0,3864916500.000,0,-,-,-,-,4053.0000,4052.8000,4052.6000,4052.4000,4051.6000,4054.0000,4054.2000,4054.6000,4054.8000,4055.0000,7,3,1,1,4,3,2,1,1,2
SF,IF2006,2020-02-19 10:50:05.400,4053.6000,23798,0,3864916500.000,0,-,-,-,-,4053.0000,4052.8000,4052.6000,4052.4000,4051.6000,4053.8000,4054.0000,4054.2000,4054.8000,4055.0000,7,3,1,1,4,1,2,2,1,2
SF,IF2006,2020-02-19 10:50:05.900,4053.6000,23798,0,3864916500.000,0,-,-,-,-,4053.0000,4052.8000,4052.6000,4052.4000,4051.6000,4053.6000,4054.0000,4054.2000,4054.8000,4055.0000,7,3,1,1,4,2,1,2,1,2
SF,IF2006,2020-02-19 10:50:06.400,4053.0000,23798,0,3866132400.000,1,0,1,多换,S,4053.0000,4052.8000,4052.6000,4052.4000,4051.6000,4053.6000,4054.0000,4054.2000,4054.8000,4055.0000,6,3,1,1,4,2,1,2,1,2
SF,IF2006,2020-02-19 10:50:06.900,4053.0000,23798,0,3866132400.000,0,-,-,-,-,4053.0000,4052.8000,4052.6000,4052.4000,4051.6000,4053.6000,4054.0000,4054.2000,4054.8000,4055.0000,6,3,1,1,4,1,1,2,1,2
SF,IF2006,2020-02-19 10:50:07.400,4053.0000,23798,0,3868564200.000,2,1,1,多换,S,4053.0000,4052.8000,4052.6000,4052.4000,4051.6000,4053.6000,4054.0000,4054.2000,4054.8000,4055.0000,4,3,1,1,4,1,1,2,1,2
SF,IF2006,2020-02-19 10:50:07.900,4053.0000,23798,0,3868564200.000,0,-,-,-,-,4053.0000,4052.8000,4052.6000,4052.4000,4051.6000,4053.6000,4054.0000,4054.2000,4055.0000,4056.2000,4,3,1,1,4,1,1,2,2,1
SF,IF2006,2020-02-19 10:50:09.900,4053.0000,23798,0,3868564200.000,0,-,-,-,-,4053.0000,4052.8000,4052.6000,4052.4000,4051.6000,4053.6000,4054.0000,4054.2000,4055.0000,4056.6000,4,3,1,1,4,1,1,2,2,2
SF,IF2006,2020-02-19 10:50:14.900,4053.0000,23797,-1,3869780100.000,1,0,1,双平,S,4053.0000,4052.8000,4052.6000,4052.4000,4051.6000,4053.6000,4054.0000,4054.2000,4055.0000,4056.6000,3,3,1,1,4,1,1,2,2,2
SF,IF2006,2020-02-19 10:50:15.400,4053.0000,23797,0,3869780100.000,0,-,-,-,-,4053.0000,4052.8000,4052.6000,4052.4000,4051.6000,4054.0000,4054.2000,4055.0000,4056.6000,4056.8000,3,3,1,1,4,1,2,2,2,2
SF,IF2006,2020-02-19 10:50:15.900,4053.0000,23797,0,3869780100.000,0,-,-,-,-,4053.0000,4052.8000,4052.6000,4052.4000,4051.6000,4053.8000,4054.0000,4054.2000,4055.0000,4056.6000,3,3,1,1,4,1,1,2,2,2
SF,IF2006,2020-02-19 10:50:16.400,4053.0000,23796,-1,3870996000.000,1,0,1,双平,S,4053.0000,4052.8000,4052.6000,4052.4000,4051.6000,4053.8000,4054.0000,4054.2000,4055.0000,4056.6000,2,3,1,1,4,1,1,2,2,2
SF,IF2006,2020-02-19 10:50:16.900,4053.0000,23796,0,3873427800.000,2,1,1,多换,S,4052.8000,4052.6000,4052.4000,4051.6000,4051.0000,4053.8000,4054.0000,4054.2000,4055.0000,4056.6000,3,1,1,4,1,1,1,2,2,2
SF,IF2006,2020-02-19 10:50:17.400,4052.8000,23798,2,3877075320.000,3,2,1,空开,S,4052.6000,4052.4000,4051.6000,4051.0000,4050.4000,4053.6000,4053.8000,4054.0000,4054.2000,4055.0000,1,1,4,1,1,1,1,1,2,2
SF,IF2006,2020-02-19 10:50:18.400,4052.8000,23798,0,3877075320.000,0,-,-,-,-,4052.6000,4052.4000,4051.6000,4051.0000,4050.4000,4053.4000,4053.8000,4054.2000,4055.0000,4056.6000,1,1,4,1,1,3,1,2,2,2
SF,IF2006,2020-02-19 10:50:18.900,4052.8000,23798,0,3877075320.000,0,-,-,-,-,4052.6000,4052.4000,4051.6000,4051.0000,4050.4000,4053.4000,4054.2000,4055.0000,4056.6000,4056.8000,1,1,4,1,1,2,2,2,2,2
SF,IF2006,2020-02-19 10:50:19.400,4052.6000,23798,0,3878291100.000,1,0,1,多换,S,4052.4000,4051.6000,4051.0000,4050.4000,4050.0000,4052.6000,4053.2000,4053.4000,4055.0000,4056.6000,1,4,1,1,6,1,3,2,2,2
SF,IF2006,2020-02-19 10:50:19.900,4052.4000,23799,1,3879506820.000,1,1,0,双开,S,4051.6000,4051.0000,4050.4000,4050.0000,4048.0000,4053.2000,4053.4000,4055.0000,4056.6000,4056.8000,4,1,1,6,1,3,1,2,2,1
SF,IF2006,2020-02-19 10:50:20.400,4052.4000,23799,0,3879506820.000,0,-,-,-,-,4051.6000,4051.0000,4050.4000,4050.0000,4048.0000,4052.8000,4053.0000,4053.2000,4055.0000,4056.6000,4,1,1,6,1,1,2,3,2,2
SF,IF2006,2020-02-19 10:50:20.900,4052.4000,23799,0,3879506820.000,0,-,-,-,-,4051.8000,4051.6000,4051.0000,4050.4000,4050.0000,4052.4000,4052.8000,4053.0000,4053.2000,4055.0000,3,4,1,1,6,1,1,1,2,2
SF,IF2006,2020-02-19 10:50:21.400,4052.8000,23798,-1,3881938380.000,2,0,2,多平,S,4052.4000,4052.2000,4051.8000,4051.6000,4051.0000,4053.0000,4055.0000,4056.6000,4056.8000,4058.0000,2,1,2,4,1,1,2,2,1,3
SF,IF2006,2020-02-19 10:50:21.900,4052.8000,23798,0,3881938380.000,0,-,-,-,-,4053.0000,4052.6000,4052.4000,4051.8000,4051.6000,4055.0000,4056.6000,4056.8000,4058.0000,4059.6000,1,1,2,2,4,2,2,1,3,1
SF,IF2006,2020-02-19 10:50:22.400,4052.8000,23798,0,3881938380.000,0,-,-,-,-,4053.0000,4052.6000,4052.4000,4051.8000,4051.6000,4054.0000,4054.2000,4054.4000,4054.8000,4055.0000,1,1,2,2,4,1,1,2,6,2
SF,IF2006,2020-02-19 10:50:22.900,4052.8000,23798,0,3881938380.000,0,-,-,-,-,4053.0000,4052.6000,4052.4000,4051.8000,4051.6000,4054.0000,4054.2000,4054.8000,4055.0000,4056.6000,1,1,2,2,4,1,1,5,2,2
SF,IF2006,2020-02-19 10:50:23.400,4052.8000,23798,0,3881938380.000,0,-,-,-,-,4053.0000,4052.4000,4051.8000,4051.6000,4051.0000,4054.0000,4054.2000,4054.8000,4055.0000,4056.6000,1,2,2,4,1,1,1,5,2,2
SF,IF2006,2020-02-19 10:50:23.900,4052.8000,23798,0,3881938380.000,0,-,-,-,-,4052.4000,4051.8000,4051.6000,4051.0000,4050.4000,4054.0000,4054.2000,4054.8000,4055.0000,4056.6000,2,2,4,1,1,1,1,5,2,2
SF,IF2006,2020-02-19 10:50:24.400,4052.8000,23798,0,3881938380.000,0,-,-,-,-,4052.6000,4052.4000,4051.6000,4051.0000,4050.4000,4053.8000,4054.0000,4054.2000,4054.8000,4055.0000,5,2,4,1,1,2,1,1,3,2
SF,IF2006,2020-02-19 10:50:24.900,4052.8000,23798,0,3881938380.000,0,-,-,-,-,4052.6000,4052.4000,4051.6000,4051.0000,4050.4000,4053.8000,4054.0000,4054.2000,4054.8000,4055.0000,4,2,4,1,1,2,1,1,3,2
SF,IF2006,2020-02-19 10:50:25.900,4052.8000,23798,0,3881938380.000,0,-,-,-,-,4052.6000,4052.4000,4051.6000,4051.0000,4050.4000,4053.6000,4053.8000,4054.0000,4054.2000,4054.8000,3,2,4,1,1,1,2,1,1,3
SF,IF2006,2020-02-19 10:50:26.400,4052.8000,23798,0,3881938380.000,0,-,-,-,-,4052.6000,4051.6000,4051.0000,4050.4000,4050.0000,4053.6000,4053.8000,4054.0000,4054.2000,4054.8000,3,4,1,1,6,1,2,1,1,3
SF,IF2006,2020-02-19 10:50:26.900,4052.8000,23798,0,3881938380.000,0,-,-,-,-,4052.6000,4051.6000,4051.0000,4050.4000,4050.0000,4053.4000,4053.8000,4054.0000,4054.8000,4055.0000,2,4,1,1,6,3,2,1,3,2
SF,IF2006,2020-02-19 10:50:27.400,4052.8000,23798,0,3881938380.000,0,-,-,-,-,4052.6000,4051.6000,4051.0000,4050.4000,4050.0000,4053.4000,4053.8000,4054.0000,4054.8000,4055.0000,2,4,1,1,6,2,2,1,3,2
SF,IF2006,2020-02-19 10:50:27.900,4052.8000,23798,0,3881938380.000,0,-,-,-,-,4051.6000,4051.0000,4050.4000,4050.0000,4048.0000,4053.4000,4053.8000,4054.0000,4054.8000,4055.0000,4,1,1,6,1,2,2,1,3,2
SF,IF2006,2020-02-19 10:50:28.400,4052.8000,23798,0,3881938380.000,0,-,-,-,-,4052.0000,4051.8000,4051.6000,4051.0000,4050.4000,4053.2000,4053.4000,4054.0000,4054.8000,4055.0000,2,5,4,1,1,2,1,1,3,2
SF,IF2006,2020-02-19 10:50:28.900,4052.8000,23798,0,3881938380.000,0,-,-,-,-,4052.0000,4051.8000,4051.6000,4051.0000,4050.4000,4053.2000,4053.4000,4054.0000,4054.8000,4055.0000,1,5,4,1,1,2,1,1,3,2
SF,IF2006,2020-02-19 10:50:29.400,4052.8000,23798,0,3881938380.000,0,-,-,-,-,4052.2000,4052.0000,4051.8000,4051.6000,4051.0000,4053.2000,4053.4000,4054.0000,4054.8000,4055.0000,2,1,3,4,1,2,1,1,3,2
SF,IF2006,2020-02-19 10:50:30.900,4052.8000,23798,0,3881938380.000,0,-,-,-,-,4052.2000,4052.0000,4051.8000,4051.6000,4051.0000,4053.2000,4053.4000,4054.8000,4055.0000,4056.6000,2,1,3,4,1,2,1,3,2,2
SF,IF2006,2020-02-19 10:50:33.400,4052.8000,23798,0,3881938380.000,0,-,-,-,-,4052.2000,4052.0000,4051.8000,4051.6000,4051.0000,4053.2000,4053.4000,4054.8000,4055.0000,4056.6000,2,1,2,4,1,2,1,3,2,2
SF,IF2006,2020-02-19 10:50:33.900,4052.8000,23798,0,3881938380.000,0,-,-,-,-,4052.2000,4052.0000,4051.8000,4051.6000,4051.0000,4053.4000,4054.8000,4055.0000,4056.6000,4056.8000,2,1,2,4,1,1,3,2,2,1
SF,IF2006,2020-02-19 10:50:35.400,4052.8000,23798,0,3881938380.000,0,-,-,-,-,4052.2000,4052.0000,4051.8000,4051.6000,4051.0000,4053.4000,4054.8000,4055.0000,4056.6000,4056.8000,2,1,2,4,1,1,3,2,2,1
SF,IF2006,2020-02-19 10:50:35.900,4052.8000,23798,0,3881938380.000,0,-,-,-,-,4052.4000,4052.2000,4052.0000,4051.8000,4051.6000,4053.4000,4054.8000,4055.0000,4056.6000,4056.8000,1,2,1,2,4,1,3,2,2,1
SF,IF2006,2020-02-19 10:50:36.400,4052.8000,23798,0,3881938380.000,0,-,-,-,-,4052.4000,4052.2000,4052.0000,4051.8000,4051.6000,4053.4000,4054.8000,4055.0000,4056.6000,4056.8000,1,2,1,1,4,1,3,2,2,1
SF,IF2006,2020-02-19 10:50:36.900,4052.8000,23798,0,3881938380.000,0,-,-,-,-,4052.6000,4052.4000,4052.0000,4051.8000,4051.6000,4053.4000,4054.8000,4055.0000,4056.6000,4056.8000,2,1,1,1,4,1,3,2,2,1
SF,IF2006,2020-02-19 10:50:37.400,4052.8000,23798,0,3881938380.000,0,-,-,-,-,4052.6000,4052.0000,4051.8000,4051.6000,4051.0000,4054.8000,4055.0000,4056.6000,4056.8000,4058.0000,2,1,1,4,1,3,2,2,1,3
SF,IF2006,2020-02-19 10:50:37.900,4052.8000,23798,0,3881938380.000,0,-,-,-,-,4052.8000,4052.6000,4051.8000,4051.6000,4051.0000,4054.2000,4054.4000,4054.6000,4054.8000,4055.0000,2,2,1,4,1,1,2,3,3,2
SF,IF2006,2020-02-19 10:50:38.400,4052.8000,23798,0,3881938380.000,0,-,-,-,-,4053.0000,4052.8000,4051.8000,4051.6000,4051.0000,4054.2000,4054.4000,4054.6000,4054.8000,4055.0000,2,2,1,4,1,1,2,3,3,2
SF,IF2006,2020-02-19 10:50:38.900,4052.8000,23798,0,3881938380.000,0,-,-,-,-,4053.0000,4052.8000,4051.8000,4051.6000,4051.0000,4054.2000,4054.4000,4054.6000,4054.8000,4055.0000,2,2,1,4,1,1,1,3,3,2
SF,IF2006,2020-02-19 10:50:39.400,4052.8000,23798,0,3881938380.000,0,-,-,-,-,4052.8000,4051.8000,4051.6000,4051.0000,4050.4000,4054.0000,4054.2000,4054.4000,4054.6000,4054.8000,1,1,4,1,1,3,1,1,1,3
SF,IF2006,2020-02-19 10:50:39.900,4052.8000,23797,-1,3883154220.000,1,0,1,双平,S,4051.8000,4051.6000,4051.0000,4050.4000,4050.0000,4053.8000,4054.0000,4054.2000,4054.6000,4054.8000,1,4,1,1,6,2,2,1,1,3
SF,IF2006,2020-02-19 10:50:40.400,4052.8000,23797,0,3883154220.000,0,-,-,-,-,4052.2000,4052.0000,4051.8000,4051.6000,4051.0000,4053.6000,4053.8000,4054.6000,4054.8000,4055.0000,1,3,1,4,1,3,1,1,3,2
SF,IF2006,2020-02-19 10:50:40.900,4052.8000,23797,0,3883154220.000,0,-,-,-,-,4052.4000,4052.2000,4052.0000,4051.8000,4051.6000,4053.6000,4053.8000,4054.6000,4054.8000,4055.0000,2,1,1,1,4,3,1,1,3,2
SF,IF2006,2020-02-19 10:50:41.400,4052.8000,23797,0,3883154220.000,0,-,-,-,-,4052.4000,4052.2000,4052.0000,4051.8000,4051.6000,4053.6000,4053.8000,4054.6000,4054.8000,4055.0000,2,1,1,1,4,3,1,1,2,2
SF,IF2006,2020-02-19 10:50:41.900,4052.8000,23797,0,3883154220.000,0,-,-,-,-,4052.6000,4052.4000,4052.2000,4052.0000,4051.8000,4053.6000,4053.8000,4054.6000,4054.8000,4055.0000,1,2,1,1,1,3,1,1,2,2
SF,IF2006,2020-02-19 10:50:42.400,4052.8000,23797,0,3883154220.000,0,-,-,-,-,4052.6000,4052.4000,4052.2000,4051.8000,4051.6000,4053.6000,4053.8000,4054.6000,4054.8000,4055.0000,1,2,1,1,4,3,1,1,2,2
SF,IF2006,2020-02-19 10:50:44.900,4052.8000,23797,0,3883154220.000,0,-,-,-,-,4052.6000,4052.4000,4052.2000,4051.8000,4051.6000,4053.6000,4053.8000,4054.6000,4054.8000,4055.0000,1,2,1,1,4,3,1,1,2,2
SF,IF2006,2020-02-19 10:50:45.900,4052.8000,23797,0,3883154220.000,0,-,-,-,-,4052.4000,4052.2000,4051.8000,4051.6000,4051.0000,4053.4000,4053.6000,4053.8000,4054.6000,4054.8000,2,1,1,4,1,1,3,1,1,2
SF,IF2006,2020-02-19 10:50:46.400,4052.8000,23797,0,3883154220.000,0,-,-,-,-,4052.2000,4051.8000,4051.6000,4051.0000,4050.4000,4053.2000,4053.6000,4053.8000,4054.6000,4054.8000,1,1,4,1,1,1,3,1,1,2
SF,IF2006,2020-02-19 10:50:46.900,4052.8000,23797,0,3883154220.000,0,-,-,-,-,4051.8000,4051.6000,4051.0000,4050.4000,4050.0000,4053.2000,4053.6000,4054.6000,4054.8000,4055.0000,1,4,1,1,6,1,3,1,2,2
SF,IF2006,2020-02-19 10:50:47.400,4052.8000,23797,0,3883154220.000,0,-,-,-,-,4051.6000,4051.0000,4050.4000,4050.0000,4048.0000,4053.0000,4053.2000,4054.6000,4054.8000,4055.0000,4,1,1,6,1,3,1,1,2,2
SF,IF2006,2020-02-19 10:50:47.900,4052.8000,23797,0,3883154220.000,0,-,-,-,-,4051.8000,4051.6000,4051.0000,4050.4000,4050.0000,4053.0000,4053.2000,4054.6000,4054.8000,4055.0000,3,4,1,1,6,3,1,1,2,2
SF,IF2006,2020-02-19 10:50:48.400,4052.8000,23797,0,3883154220.000,0,-,-,-,-,4051.8000,4051.6000,4051.0000,4050.4000,4050.0000,4052.8000,4053.0000,4054.6000,4054.8000,4055.0000,3,4,1,1,6,1,3,1,2,2
SF,IF2006,2020-02-19 10:50:48.900,4052.8000,23797,0,3883154220.000,0,-,-,-,-,4051.8000,4051.6000,4051.0000,4050.4000,4050.0000,4052.8000,4053.0000,4054.6000,4054.8000,4055.0000,3,4,1,1,7,1,3,1,2,2
SF,IF2006,2020-02-19 10:50:49.400,4052.8000,23797,0,3883154220.000,0,-,-,-,-,4051.8000,4051.6000,4051.0000,4050.4000,4050.0000,4053.0000,4054.6000,4054.8000,4055.0000,4055.8000,3,4,1,1,7,3,1,2,2,1
SF,IF2006,2020-02-19 10:50:49.900,4052.8000,23797,0,3883154220.000,0,-,-,-,-,4051.8000,4051.6000,4051.0000,4050.4000,4050.0000,4052.8000,4053.0000,4054.6000,4054.8000,4055.0000,3,4,1,1,7,1,3,1,2,2
SF,IF2006,2020-02-19 10:50:50.900,4052.8000,23797,0,3884370060.000,1,0,1,多换,S,4051.8000,4051.6000,4051.0000,4050.4000,4050.0000,4053.0000,4054.6000,4054.8000,4055.0000,4055.8000,3,4,1,1,7,3,1,2,2,1
SF,IF2006,2020-02-19 10:50:51.400,4052.8000,23797,0,3884370060.000,0,-,-,-,-,4051.8000,4051.6000,4051.0000,4050.4000,4050.0000,4053.0000,4054.6000,4054.8000,4055.0000,4055.8000,3,4,1,1,7,3,1,2,2,1
SF,IF2006,2020-02-19 10:50:53.400,4052.8000,23797,0,3884370060.000,0,-,-,-,-,4052.0000,4051.8000,4051.6000,4051.0000,4050.4000,4053.0000,4054.6000,4054.8000,4055.0000,4055.8000,1,3,4,1,1,3,1,2,2,1
SF,IF2006,2020-02-19 10:50:54.400,4052.8000,23797,0,3884370060.000,0,-,-,-,-,4051.8000,4051.6000,4051.0000,4050.4000,4050.0000,4053.0000,4054.6000,4054.8000,4055.0000,4055.8000,3,4,1,1,7,3,1,2,2,1
SF,IF2006,2020-02-19 10:50:54.900,4052.8000,23797,0,3884370060.000,0,-,-,-,-,4052.0000,4051.8000,4051.6000,4051.0000,4050.4000,4053.0000,4054.6000,4054.8000,4055.0000,4055.8000,2,3,4,1,1,3,1,2,2,1
SF,IF2006,2020-02-19 10:50:55.400,4052.8000,23797,0,3884370060.000,0,-,-,-,-,4052.2000,4051.8000,4051.6000,4051.0000,4050.4000,4053.0000,4054.6000,4054.8000,4055.0000,4055.8000,2,1,4,1,1,1,1,2,2,1
SF,IF2006,2020-02-19 10:50:55.900,4052.8000,23797,0,3884370060.000,0,-,-,-,-,4052.2000,4051.8000,4051.6000,4051.0000,4050.4000,4053.0000,4054.6000,4054.8000,4055.0000,4055.8000,2,1,4,1,1,1,1,2,2,1
SF,IF2006,2020-02-19 10:50:56.400,4052.8000,23797,0,3884370060.000,0,-,-,-,-,4052.2000,4051.8000,4051.6000,4051.0000,4050.4000,4054.6000,4054.8000,4055.0000,4055.8000,4056.8000,2,1,4,1,1,1,2,2,1,1
SF,IF2006,2020-02-19 10:50:56.900,4052.2000,23797,0,3885585720.000,1,0,1,多换,S,4052.2000,4051.8000,4051.6000,4051.0000,4050.4000,4053.8000,4054.0000,4054.4000,4054.6000,4054.8000,1,1,4,1,1,1,1,6,4,2
SF,IF2006,2020-02-19 10:50:57.400,4052.2000,23797,0,3885585720.000,0,-,-,-,-,4052.2000,4051.8000,4051.6000,4051.0000,4050.4000,4053.6000,4053.8000,4054.4000,4054.6000,4054.8000,1,1,4,1,1,5,2,3,4,2
SF,IF2006,2020-02-19 10:50:57.900,4052.2000,23797,0,3885585720.000,0,-,-,-,-,4052.2000,4051.6000,4050.4000,4050.0000,4048.0000,4053.2000,4053.6000,4053.8000,4054.4000,4054.6000,1,4,1,6,1,1,5,1,3,4
SF,IF2006,2020-02-19 10:50:58.900,4052.2000,23797,0,3885585720.000,0,-,-,-,-,4052.2000,4051.6000,4050.4000,4050.0000,4048.0000,4053.2000,4053.6000,4053.8000,4054.4000,4054.6000,1,4,1,6,1,1,4,1,3,3
SF,IF2006,2020-02-19 10:50:59.400,4052.2000,23797,0,3885585720.000,0,-,-,-,-,4051.6000,4050.4000,4050.0000,4048.0000,4046.6000,4053.2000,4053.6000,4053.8000,4054.4000,4054.6000,4,1,6,1,1,1,4,1,3,3
SF,IF2006,2020-02-19 10:50:59.900,4052.2000,23797,0,3885585720.000,0,-,-,-,-,4052.0000,4051.8000,4051.6000,4050.4000,4050.0000,4053.2000,4053.6000,4053.8000,4054.4000,4054.6000,1,3,4,1,6,1,4,1,3,3
SF,IF2006,2020-02-19 10:51:00.400,4052.2000,23797,0,3885585720.000,0,-,-,-,-,4051.8000,4051.6000,4050.4000,4050.0000,4048.0000,4053.2000,4053.6000,4053.8000,4054.4000,4054.6000,3,4,1,6,1,1,4,1,3,3
SF,IF2006,2020-02-19 10:51:00.900,4052.2000,23797,0,3885585720.000,0,-,-,-,-,4052.0000,4051.8000,4051.6000,4050.4000,4050.0000,4053.2000,4053.6000,4053.8000,4054.4000,4054.6000,1,3,4,1,6,1,4,1,3,3
SF,IF2006,2020-02-19 10:51:01.400,4052.2000,23797,0,3885585720.000,0,-,-,-,-,4052.0000,4051.8000,4051.6000,4050.4000,4050.0000,4053.0000,4053.2000,4053.6000,4053.8000,4054.4000,1,3,4,1,6,3,1,2,1,3
SF,IF2006,2020-02-19 10:51:02.400,4052.2000,23797,0,3885585720.000,0,-,-,-,-,4052.0000,4051.8000,4051.6000,4050.4000,4050.0000,4052.8000,4053.0000,4053.2000,4053.6000,4053.8000,1,3,4,1,6,1,3,1,2,1
SF,IF2006,2020-02-19 10:51:02.900,4052.8000,23798,1,3886801560.000,1,1,0,双开,S,4052.0000,4051.8000,4051.6000,4050.4000,4050.0000,4053.0000,4053.2000,4053.6000,4053.8000,4054.4000,1,3,4,1,6,3,1,2,1,3
SF,IF2006,2020-02-19 10:51:03.400,4052.8000,23798,0,3886801560.000,0,-,-,-,-,4052.0000,4051.8000,4051.6000,4050.4000,4050.0000,4053.0000,4053.2000,4053.6000,4053.8000,4054.4000,1,2,4,1,6,3,1,2,1,3
SF,IF2006,2020-02-19 10:51:04.400,4052.8000,23798,0,3886801560.000,0,-,-,-,-,4052.2000,4052.0000,4051.8000,4051.6000,4050.4000,4053.0000,4053.2000,4053.6000,4053.8000,4054.4000,3,1,2,4,1,3,1,2,1,3
SF,IF2006,2020-02-19 10:51:04.900,4052.8000,23798,0,3886801560.000,0,-,-,-,-,4052.2000,4052.0000,4051.8000,4051.6000,4050.4000,4053.0000,4053.2000,4053.6000,4053.8000,4054.4000,1,1,2,4,1,1,1,2,1,3
SF,IF2006,2020-02-19 10:51:05.400,4052.8000,23798,0,3886801560.000,0,-,-,-,-,4052.2000,4052.0000,4051.8000,4051.6000,4050.4000,4053.0000,4053.2000,4053.6000,4053.8000,4054.4000,1,1,2,4,1,1,1,2,1,2
SF,IF2006,2020-02-19 10:51:07.900,4052.8000,23798,0,3886801560.000,0,-,-,-,-,4052.2000,4052.0000,4051.8000,4051.6000,4050.4000,4053.2000,4053.6000,4053.8000,4054.4000,4054.6000,1,1,2,4,1,1,2,1,2,1
SF,IF2006,2020-02-19 10:51:09.900,4052.8000,23798,0,3886801560.000,0,-,-,-,-,4052.2000,4052.0000,4051.8000,4051.6000,4050.4000,4053.2000,4053.8000,4054.4000,4054.6000,4054.8000,1,1,2,4,1,1,1,2,1,2
SF,IF2006,2020-02-19 10:51:10.400,4052.8000,23798,0,3886801560.000,0,-,-,-,-,4052.4000,4052.2000,4052.0000,4051.8000,4051.6000,4053.2000,4053.8000,4054.4000,4054.6000,4054.8000,1,1,1,2,4,1,1,2,1,2
SF,IF2006,2020-02-19 10:51:10.900,4052.8000,23798,0,3886801560.000,0,-,-,-,-,4052.4000,4052.2000,4052.0000,4051.8000,4051.6000,4053.2000,4054.4000,4054.8000,4055.0000,4055.8000,1,1,1,2,4,1,1,2,1,1
SF,IF2006,2020-02-19 10:51:14.400,4052.4000,23797,-1,3888017280.000,1,0,1,双平,S,4052.2000,4052.0000,4051.8000,4051.6000,4050.4000,4052.4000,4053.2000,4054.4000,4054.8000,4055.0000,1,1,2,4,1,1,1,1,2,1
SF,IF2006,2020-02-19 10:51:14.900,4052.4000,23796,-1,3889233000.000,1,0,1,双平,S,4052.4000,4052.0000,4051.6000,4050.4000,4050.0000,4054.8000,4055.0000,4055.8000,4056.8000,4058.0000,1,1,4,1,6,2,1,1,1,3
SF,IF2006,2020-02-19 10:51:15.400,4052.4000,23796,0,3891664440.000,2,1,1,多换,S,4052.0000,4051.6000,4050.4000,4050.0000,4048.0000,4053.8000,4054.0000,4054.4000,4054.6000,4054.8000,1,4,1,6,1,1,1,4,4,2
SF,IF2006,2020-02-19 10:51:15.900,4052.4000,23796,0,3891664440.000,0,-,-,-,-,4052.0000,4051.6000,4050.4000,4050.0000,4048.0000,4053.4000,4053.6000,4053.8000,4054.4000,4054.6000,1,4,1,6,1,1,2,1,4,2
SF,IF2006,2020-02-19 10:51:16.400,4052.4000,23796,0,3891664440.000,0,-,-,-,-,4052.4000,4052.2000,4052.0000,4051.6000,4050.4000,4053.2000,4053.4000,4053.8000,4054.4000,4054.6000,1,1,1,4,1,2,1,1,3,2
SF,IF2006,2020-02-19 10:51:17.900,4052.4000,23796,0,3891664440.000,0,-,-,-,-,4052.2000,4052.0000,4051.6000,4050.4000,4050.0000,4053.2000,4053.4000,4054.4000,4054.6000,4054.8000,1,1,4,1,6,2,1,3,2,2
SF,IF2006,2020-02-19 10:51:18.900,4052.4000,23796,0,3891664440.000,0,-,-,-,-,4052.2000,4052.0000,4051.6000,4050.4000,4050.2000,4053.2000,4053.4000,4054.4000,4054.6000,4054.8000,1,1,4,1,1,2,1,3,2,2
SF,IF2006,2020-02-19 10:51:19.900,4052.4000,23796,0,3891664440.000,0,-,-,-,-,4052.4000,4052.2000,4052.0000,4051.6000,4050.4000,4053.2000,4053.4000,4054.4000,4054.6000,4054.8000,1,1,1,4,1,2,1,3,2,2
SF,IF2006,2020-02-19 10:51:20.400,4052.4000,23796,0,3891664440.000,0,-,-,-,-,4052.2000,4052.0000,4051.6000,4050.4000,4050.2000,4053.2000,4053.4000,4054.4000,4054.6000,4054.8000,1,1,4,1,1,2,1,3,2,2
SF,IF2006,2020-02-19 10:51:20.900,4052.4000,23796,0,3891664440.000,0,-,-,-,-,4052.4000,4052.2000,4052.0000,4051.6000,4050.4000,4053.2000,4053.4000,4054.4000,4054.6000,4054.8000,1,1,1,4,1,2,1,3,2,2
SF,IF2006,2020-02-19 10:51:21.400,4052.4000,23796,0,3891664440.000,0,-,-,-,-,4052.2000,4052.0000,4051.6000,4050.4000,4050.2000,4053.2000,4053.4000,4054.4000,4054.6000,4054.8000,1,1,4,1,1,2,1,3,2,2
SF,IF2006,2020-02-19 10:51:22.400,4052.4000,23796,0,3891664440.000,0,-,-,-,-,4052.4000,4052.2000,4052.0000,4051.6000,4050.4000,4053.2000,4053.4000,4054.4000,4054.6000,4054.8000,1,1,1,4,1,2,1,3,2,2
SF,IF2006,2020-02-19 10:51:23.900,4052.4000,23796,0,3891664440.000,0,-,-,-,-,4052.2000,4052.0000,4051.6000,4050.4000,4050.2000,4053.2000,4053.4000,4054.4000,4054.6000,4054.8000,1,1,4,1,1,2,1,2,2,2
SF,IF2006,2020-02-19 10:51:24.400,4052.4000,23796,0,3891664440.000,0,-,-,-,-,4052.4000,4052.2000,4052.0000,4051.6000,4050.4000,4053.2000,4053.4000,4054.4000,4054.6000,4054.8000,1,1,1,4,1,2,1,2,2,2
SF,IF2006,2020-02-19 10:51:24.900,4052.4000,23796,0,3891664440.000,0,-,-,-,-,4052.2000,4052.0000,4051.6000,4050.4000,4050.2000,4053.2000,4053.4000,4054.4000,4054.6000,4054.8000,1,1,4,1,1,2,1,2,2,2
SF,IF2006,2020-02-19 10:51:25.400,4052.4000,23796,0,3891664440.000,0,-,-,-,-,4052.4000,4052.2000,4052.0000,4051.6000,4050.4000,4053.2000,4053.4000,4054.4000,4054.6000,4054.8000,2,1,1,4,1,2,1,1,2,2
SF,IF2006,2020-02-19 10:51:25.900,4052.4000,23796,0,3891664440.000,0,-,-,-,-,4052.4000,4052.2000,4052.0000,4051.6000,4050.4000,4053.2000,4053.4000,4054.4000,4054.6000,4054.8000,1,1,1,4,1,2,1,1,1,2
SF,IF2006,2020-02-19 10:51:28.400,4052.4000,23796,0,3891664440.000,0,-,-,-,-,4052.4000,4052.2000,4052.0000,4051.6000,4050.4000,4053.2000,4053.4000,4054.4000,4054.8000,4055.0000,1,1,1,4,1,2,1,1,2,1
SF,IF2006,2020-02-19 10:51:29.900,4053.2000,23796,0,3892880400.000,1,0,1,多换,S,4052.4000,4052.2000,4052.0000,4051.6000,4050.4000,4053.2000,4053.4000,4054.4000,4054.8000,4055.0000,1,1,1,4,1,1,1,1,2,1
SF,IF2006,2020-02-19 10:51:30.400,4052.6000,23793,-3,3897743700.000,4,0,4,多平,S,4052.6000,4052.4000,4052.0000,4051.6000,4050.4000,4053.4000,4054.4000,4054.8000,4055.0000,4055.8000,1,1,1,4,1,1,1,2,1,1
SF,IF2006,2020-02-19 10:51:30.900,4053.4000,23793,0,3898959720.000,1,0,1,多换,S,4052.6000,4052.4000,4052.0000,4051.6000,4050.4000,4054.8000,4055.0000,4055.8000,4056.8000,4058.0000,1,1,1,4,1,2,1,1,1,4
SF,IF2006,2020-02-19 10:51:31.400,4053.4000,23793,0,3898959720.000,0,-,-,-,-,4052.8000,4052.6000,4052.4000,4052.0000,4051.6000,4054.2000,4054.4000,4054.6000,4054.8000,4055.0000,2,1,1,1,4,1,1,2,2,1
SF,IF2006,2020-02-19 10:51:33.400,4052.8000,23793,0,3900175560.000,1,0,1,多换,S,4052.8000,4052.6000,4052.4000,4052.0000,4051.6000,4054.2000,4054.4000,4054.6000,4054.8000,4055.0000,1,1,1,1,4,1,1,2,2,1
SF,IF2006,2020-02-19 10:51:33.900,4052.8000,23793,0,3900175560.000,0,-,-,-,-,4052.8000,4052.6000,4052.4000,4052.0000,4051.6000,4054.0000,4054.2000,4054.4000,4054.8000,4055.0000,1,1,1,1,4,2,1,1,2,1
SF,IF2006,2020-02-19 10:51:35.400,4052.8000,23793,0,3900175560.000,0,-,-,-,-,4052.8000,4052.6000,4052.4000,4052.0000,4051.6000,4054.0000,4054.2000,4054.8000,4055.0000,4055.8000,1,1,1,1,4,2,1,2,1,1
SF,IF2006,2020-02-19 10:51:35.900,4052.8000,23793,0,3900175560.000,0,-,-,-,-,4052.6000,4052.0000,4051.6000,4050.2000,4050.0000,4052.8000,4054.0000,4054.2000,4054.8000,4055.0000,1,1,4,1,6,1,2,1,2,1
SF,IF2006,2020-02-19 10:51:36.400,4052.8000,23794,1,3901391400.000,1,1,0,双开,S,4052.6000,4052.0000,4051.6000,4050.2000,4050.0000,4054.0000,4054.2000,4054.8000,4055.0000,4055.8000,1,1,4,1,5,2,1,2,1,1
SF,IF2006,2020-02-19 10:51:36.900,4052.8000,23794,0,3901391400.000,0,-,-,-,-,4052.6000,4052.0000,4051.6000,4050.2000,4050.0000,4054.0000,4054.2000,4054.8000,4055.0000,4055.8000,1,1,4,1,5,2,1,2,1,1
SF,IF2006,2020-02-19 10:51:37.900,4052.8000,23794,0,3901391400.000,0,-,-,-,-,4052.6000,4052.0000,4051.6000,4050.2000,4050.0000,4053.8000,4054.0000,4054.2000,4054.8000,4055.0000,1,1,4,1,5,1,2,1,2,1
SF,IF2006,2020-02-19 10:51:38.400,4052.8000,23794,0,3901391400.000,0,-,-,-,-,4052.6000,4052.0000,4051.6000,4050.2000,4050.0000,4053.8000,4054.0000,4054.2000,4054.8000,4055.0000,1,1,4,1,5,2,2,1,2,1
SF,IF2006,2020-02-19 10:51:39.400,4052.8000,23794,0,3901391400.000,0,-,-,-,-,4052.6000,4052.0000,4051.6000,4050.2000,4050.0000,4053.8000,4054.0000,4054.2000,4054.8000,4055.0000,2,1,4,1,5,1,2,1,2,1
SF,IF2006,2020-02-19 10:51:40.900,4052.8000,23794,0,3901391400.000,0,-,-,-,-,4052.8000,4052.6000,4052.0000,4051.6000,4050.2000,4053.8000,4054.0000,4054.2000,4054.8000,4055.0000,1,2,1,4,1,1,2,1,2,1
SF,IF2006,2020-02-19 10:51:41.400,4052.8000,23794,0,3901391400.000,0,-,-,-,-,4052.8000,4052.6000,4052.0000,4051.6000,4050.2000,4053.6000,4053.8000,4054.2000,4054.8000,4055.0000,1,2,1,4,1,4,1,1,2,1
SF,IF2006,2020-02-19 10:51:41.900,4052.8000,23794,0,3902607240.000,1,0,1,多换,S,4052.6000,4052.0000,4051.6000,4050.2000,4050.0000,4053.6000,4053.8000,4054.2000,4054.8000,4055.0000,2,1,4,1,5,3,1,1,2,1
SF,IF2006,2020-02-19 10:51:42.400,4052.8000,23794,0,3902607240.000,0,-,-,-,-,4052.6000,4052.4000,4052.0000,4051.6000,4050.2000,4053.6000,4053.8000,4054.2000,4054.8000,4055.0000,2,1,1,4,1,3,1,1,2,1
SF,IF2006,2020-02-19 10:51:43.900,4052.8000,23794,0,3902607240.000,0,-,-,-,-,4052.8000,4052.6000,4052.4000,4052.0000,4051.6000,4053.6000,4053.8000,4054.2000,4054.8000,4055.0000,1,2,1,1,4,3,1,1,2,1
SF,IF2006,2020-02-19 10:51:44.400,4052.8000,23794,0,3902607240.000,0,-,-,-,-,4052.8000,4052.6000,4052.4000,4052.0000,4051.6000,4053.6000,4053.8000,4054.2000,4054.8000,4055.0000,1,2,1,1,4,3,1,1,2,1
SF,IF2006,2020-02-19 10:51:45.400,4052.8000,23794,0,3902607240.000,0,-,-,-,-,4052.8000,4052.6000,4052.4000,4052.0000,4051.6000,4053.0000,4053.6000,4054.2000,4054.8000,4055.0000,1,2,1,1,4,1,2,1,2,1
SF,IF2006,2020-02-19 10:51:45.900,4052.8000,23794,0,3905038980.000,2,1,1,多换,S,4052.6000,4052.4000,4052.0000,4051.6000,4050.2000,4053.6000,4054.2000,4054.8000,4055.0000,4055.8000,2,1,1,4,1,2,1,2,1,1
SF,IF2006,2020-02-19 10:51:47.400,4052.6000,23794,0,3906254760.000,1,0,1,多换,S,4052.6000,4052.4000,4052.0000,4051.6000,4050.2000,4053.6000,4054.2000,4054.8000,4055.0000,4055.8000,1,1,1,4,1,2,1,2,1,1
SF,IF2006,2020-02-19 10:51:48.400,4052.6000,23794,0,3907470540.000,1,0,1,多换,S,4052.4000,4052.0000,4051.6000,4050.2000,4050.0000,4053.4000,4053.6000,4054.8000,4055.0000,4055.8000,1,1,4,1,5,2,2,2,1,1
SF,IF2006,2020-02-19 10:51:48.900,4052.4000,23795,1,3908686260.000,1,1,0,双开,S,4052.0000,4051.6000,4050.2000,4050.0000,4048.0000,4053.2000,4053.4000,4054.8000,4055.0000,4055.8000,1,4,1,5,1,3,2,2,1,1
SF,IF2006,2020-02-19 10:51:49.400,4052.0000,23796,1,3909901860.000,1,1,0,双开,S,4051.6000,4050.2000,4050.0000,4048.0000,4046.6000,4053.0000,4053.2000,4053.4000,4054.8000,4055.0000,4,1,5,1,1,1,3,1,2,1
SF,IF2006,2020-02-19 10:51:49.900,4052.0000,23796,0,3909901860.000,0,-,-,-,-,4051.6000,4050.2000,4050.0000,4048.0000,4046.6000,4052.6000,4052.8000,4054.8000,4055.0000,4055.8000,4,1,5,1,1,1,4,2,1,1
SF,IF2006,2020-02-19 10:51:50.400,4052.0000,23796,0,3909901860.000,0,-,-,-,-,4051.6000,4050.2000,4050.0000,4048.0000,4046.6000,4052.4000,4052.6000,4052.8000,4054.8000,4055.0000,4,1,5,1,1,2,1,2,2,1
SF,IF2006,2020-02-19 10:51:50.900,4052.0000,23796,0,3909901860.000,0,-,-,-,-,4051.6000,4050.2000,4050.0000,4048.0000,4046.6000,4052.2000,4052.4000,4052.8000,4054.8000,4055.0000,4,1,5,1,1,1,2,1,2,1
SF,IF2006,2020-02-19 10:51:51.400,4051.6000,23799,3,3914763780.000,4,3,1,空开,S,4050.2000,4050.0000,4048.0000,4046.6000,4045.2000,4052.2000,4052.4000,4052.8000,4054.8000,4055.0000,1,5,1,1,1,1,2,1,2,1
SF,IF2006,2020-02-19 10:51:51.900,4050.4000,23798,-1,3917194080.000,2,0,2,多平,S,4050.4000,4050.2000,4050.0000,4048.0000,4046.6000,4052.0000,4052.2000,4054.8000,4055.0000,4055.8000,5,1,5,1,1,2,1,2,1,1
SF,IF2006,2020-02-19 10:51:52.400,4050.4000,23798,0,3918409200.000,1,0,1,多换,S,4050.4000,4050.2000,4050.0000,4048.0000,4046.6000,4051.4000,4051.8000,4052.0000,4054.8000,4055.0000,3,1,5,1,1,1,1,2,2,1
SF,IF2006,2020-02-19 10:51:52.900,4050.4000,23798,0,3918409200.000,0,-,-,-,-,4050.6000,4050.4000,4050.2000,4050.0000,4048.0000,4051.4000,4051.8000,4052.0000,4054.8000,4055.0000,2,3,1,5,1,1,1,2,2,1
SF,IF2006,2020-02-19 10:51:53.400,4051.4000,23799,1,3919624620.000,1,1,0,双开,S,4050.4000,4050.2000,4050.0000,4048.0000,4046.6000,4051.8000,4052.0000,4054.8000,4055.0000,4055.8000,2,1,5,1,1,1,2,2,1,1
SF,IF2006,2020-02-19 10:51:53.900,4051.4000,23799,0,3919624620.000,0,-,-,-,-,4050.8000,4050.4000,4050.2000,4050.0000,4048.0000,4054.8000,4055.0000,4055.8000,4056.2000,4056.8000,1,3,1,5,1,2,1,1,5,1
SF,IF2006,2020-02-19 10:51:54.400,4051.4000,23799,0,3919624620.000,0,-,-,-,-,4051.0000,4050.4000,4050.2000,4050.0000,4048.0000,4052.6000,4053.0000,4053.4000,4053.6000,4054.2000,2,1,1,5,1,1,2,1,2,1
SF,IF2006,2020-02-19 10:51:54.900,4051.4000,23799,0,3919624620.000,0,-,-,-,-,4051.0000,4050.4000,4050.2000,4050.0000,4048.0000,4052.4000,4052.6000,4053.6000,4054.2000,4054.4000,2,1,1,5,1,4,2,2,1,4
SF,IF2006,2020-02-19 10:51:55.900,4051.4000,23799,0,3919624620.000,0,-,-,-,-,4051.0000,4050.4000,4050.2000,4050.0000,4048.0000,4052.0000,4052.4000,4052.6000,4053.6000,4054.2000,2,1,1,6,1,4,3,2,2,1
SF,IF2006,2020-02-19 10:51:56.400,4051.4000,23799,0,3919624620.000,0,-,-,-,-,4051.2000,4051.0000,4050.4000,4050.2000,4050.0000,4052.0000,4052.4000,4052.6000,4053.6000,4054.2000,1,2,1,1,6,4,2,2,2,1
SF,IF2006,2020-02-19 10:51:56.900,4051.4000,23799,0,3919624620.000,0,-,-,-,-,4051.0000,4050.4000,4050.2000,4050.0000,4048.0000,4052.0000,4052.4000,4052.6000,4053.6000,4054.2000,2,1,1,6,1,4,2,2,2,1
SF,IF2006,2020-02-19 10:51:57.400,4051.4000,23799,0,3919624620.000,0,-,-,-,-,4050.2000,4050.0000,4048.0000,4046.6000,4045.2000,4051.0000,4052.0000,4052.4000,4052.6000,4053.6000,1,6,1,1,1,1,4,2,1,2
SF,IF2006,2020-02-19 10:51:57.900,4051.0000,23799,0,3920839920.000,1,0,1,多换,S,4050.2000,4050.0000,4048.0000,4046.6000,4045.2000,4052.0000,4052.4000,4052.6000,4053.6000,4054.2000,1,6,1,1,1,3,2,1,2,1
SF,IF2006,2020-02-19 10:51:58.400,4051.0000,23799,0,3920839920.000,0,-,-,-,-,4050.6000,4050.4000,4050.2000,4050.0000,4048.0000,4051.8000,4052.0000,4052.6000,4053.6000,4054.2000,1,2,1,6,1,2,3,1,2,1
SF,IF2006,2020-02-19 10:51:58.900,4051.0000,23799,0,3920839920.000,0,-,-,-,-,4050.8000,4050.2000,4050.0000,4048.0000,4046.6000,4051.8000,4052.0000,4052.6000,4053.6000,4054.2000,4,1,6,1,1,2,3,1,2,1
SF,IF2006,2020-02-19 10:51:59.900,4051.8000,23799,0,3922055460.000,1,0,1,多换,S,4050.8000,4050.2000,4050.0000,4048.0000,4046.6000,4051.8000,4052.0000,4052.6000,4053.6000,4054.2000,4,1,6,1,1,1,3,1,2,1
SF,IF2006,2020-02-19 10:52:01.400,4051.8000,23799,0,3922055460.000,0,-,-,-,-,4050.8000,4050.2000,4050.0000,4048.0000,4046.6000,4051.6000,4051.8000,4052.0000,4052.6000,4053.6000,2,1,6,1,1,2,1,3,1,2
SF,IF2006,2020-02-19 10:52:01.900,4051.8000,23799,0,3922055460.000,0,-,-,-,-,4050.2000,4050.0000,4048.0000,4046.6000,4045.2000,4051.6000,4051.8000,4052.0000,4052.6000,4053.6000,1,6,1,1,1,2,1,3,1,2
SF,IF2006,2020-02-19 10:52:02.400,4051.8000,23799,0,3922055460.000,0,-,-,-,-,4050.6000,4050.4000,4050.2000,4050.0000,4048.0000,4051.6000,4051.8000,4052.0000,4052.6000,4053.6000,1,2,1,6,1,2,1,3,1,2
SF,IF2006,2020-02-19 10:52:04.400,4051.8000,23799,0,3922055460.000,0,-,-,-,-,4050.4000,4050.2000,4050.0000,4048.0000,4046.6000,4050.6000,4051.6000,4051.8000,4052.0000,4052.6000,2,1,6,1,1,4,2,1,3,1
SF,IF2006,2020-02-19 10:52:04.900,4050.6000,23797,-2,3926916180.000,4,1,3,多平,S,4050.4000,4050.2000,4050.0000,4048.0000,4046.6000,4051.8000,4052.0000,4052.6000,4053.6000,4054.4000,2,1,6,1,1,1,3,1,2,4
SF,IF2006,2020-02-19 10:52:05.400,4050.6000,23797,0,3926916180.000,0,-,-,-,-,4050.4000,4050.2000,4050.0000,4048.0000,4046.6000,4051.6000,4051.8000,4052.0000,4052.6000,4053.6000,2,1,6,1,1,3,1,3,1,2
SF,IF2006,2020-02-19 10:52:05.900,4050.6000,23797,0,3926916180.000,0,-,-,-,-,4050.6000,4050.4000,4050.2000,4050.0000,4048.0000,4051.6000,4051.8000,4052.0000,4052.6000,4053.6000,1,2,1,6,1,3,1,3,1,2
SF,IF2006,2020-02-19 10:52:08.400,4050.6000,23797,0,3926916180.000,0,-,-,-,-,4050.8000,4050.4000,4050.2000,4050.0000,4048.0000,4051.6000,4051.8000,4052.0000,4052.6000,4053.6000,2,2,1,6,1,3,1,3,1,2
SF,IF2006,2020-02-19 10:52:08.900,4050.6000,23797,0,3926916180.000,0,-,-,-,-,4050.4000,4050.2000,4050.0000,4048.0000,4046.6000,4051.8000,4052.0000,4052.6000,4053.6000,4054.4000,2,1,6,1,1,1,3,1,2,3
SF,IF2006,2020-02-19 10:52:09.400,4050.6000,23797,0,3926916180.000,0,-,-,-,-,4050.8000,4050.6000,4050.4000,4050.2000,4050.0000,4052.0000,4052.6000,4053.6000,4054.4000,4054.6000,2,2,2,1,6,3,1,2,3,5
SF,IF2006,2020-02-19 10:52:09.900,4050.6000,23797,0,3926916180.000,0,-,-,-,-,4051.0000,4050.6000,4050.2000,4050.0000,4048.0000,4052.0000,4052.6000,4053.6000,4054.4000,4054.6000,4,2,1,7,1,3,1,2,3,5
SF,IF2006,2020-02-19 10:52:10.400,4050.6000,23797,0,3926916180.000,0,-,-,-,-,4051.2000,4051.0000,4050.6000,4050.2000,4050.0000,4052.0000,4052.6000,4053.6000,4054.4000,4054.6000,2,2,2,1,7,3,1,2,3,5
SF,IF2006,2020-02-19 10:52:10.900,4050.6000,23797,0,3926916180.000,0,-,-,-,-,4051.0000,4050.6000,4050.2000,4050.0000,4048.0000,4052.0000,4052.6000,4053.6000,4054.4000,4054.6000,2,2,1,7,1,3,1,2,3,5
SF,IF2006,2020-02-19 10:52:11.400,4050.6000,23797,0,3926916180.000,0,-,-,-,-,4051.2000,4051.0000,4050.6000,4050.2000,4050.0000,4052.0000,4052.6000,4053.6000,4054.4000,4054.6000,1,2,3,1,7,3,1,2,3,5
SF,IF2006,2020-02-19 10:52:11.900,4050.6000,23797,0,3926916180.000,0,-,-,-,-,4051.0000,4050.6000,4050.2000,4050.0000,4048.0000,4052.0000,4052.6000,4053.6000,4054.4000,4054.6000,2,3,1,7,1,3,1,2,3,5
SF,IF2006,2020-02-19 10:52:12.400,4050.6000,23797,0,3926916180.000,0,-,-,-,-,4051.2000,4051.0000,4050.6000,4050.2000,4050.0000,4052.0000,4052.6000,4053.6000,4054.4000,4054.6000,1,2,3,1,7,3,1,2,3,5
SF,IF2006,2020-02-19 10:52:12.900,4050.6000,23797,0,3926916180.000,0,-,-,-,-,4051.0000,4050.6000,4050.2000,4050.0000,4048.0000,4051.2000,4052.0000,4052.6000,4053.6000,4054.4000,2,3,1,7,1,1,3,1,2,3
SF,IF2006,2020-02-19 10:52:13.400,4051.2000,23797,0,3928131540.000,1,0,1,多换,S,4050.6000,4050.2000,4050.0000,4048.0000,4046.6000,4052.0000,4052.6000,4053.6000,4054.4000,4054.6000,2,1,7,1,1,3,1,2,3,5
SF,IF2006,2020-02-19 10:52:13.900,4051.2000,23797,0,3928131540.000,0,-,-,-,-,4051.0000,4050.8000,4050.6000,4050.2000,4050.0000,4052.0000,4052.6000,4053.6000,4054.4000,4054.6000,1,2,3,1,7,3,1,2,3,5
SF,IF2006,2020-02-19 10:52:14.900,4052.0000,23797,0,3929347140.000,1,0,1,多换,S,4050.8000,4050.6000,4050.2000,4050.0000,4048.0000,4052.0000,4052.6000,4053.6000,4054.4000,4054.6000,2,3,1,7,1,2,1,2,3,5
SF,IF2006,2020-02-19 10:52:15.400,4052.0000,23797,0,3929347140.000,0,-,-,-,-,4051.0000,4050.8000,4050.6000,4050.2000,4050.0000,4052.0000,4052.6000,4053.6000,4054.4000,4054.6000,1,2,3,1,7,2,1,2,3,5
SF,IF2006,2020-02-19 10:52:16.400,4052.0000,23797,0,3929347140.000,0,-,-,-,-,4051.0000,4050.8000,4050.6000,4050.2000,4050.0000,4052.0000,4052.6000,4053.6000,4054.4000,4054.6000,1,2,3,2,7,2,1,2,3,5
SF,IF2006,2020-02-19 10:52:16.900,4052.0000,23797,0,3929347140.000,0,-,-,-,-,4051.0000,4050.8000,4050.6000,4050.2000,4050.0000,4052.0000,4052.6000,4053.6000,4054.4000,4054.6000,1,2,3,2,7,2,1,2,3,5
SF,IF2006,2020-02-19 10:52:19.400,4052.0000,23797,0,3931778340.000,2,1,1,多换,S,4051.2000,4050.8000,4050.6000,4050.2000,4050.0000,4052.6000,4053.6000,4054.4000,4054.6000,4054.8000,2,2,4,2,7,1,2,3,5,3
SF,IF2006,2020-02-19 10:52:19.900,4052.0000,23797,0,3931778340.000,0,-,-,-,-,4051.4000,4051.2000,4050.6000,4050.2000,4050.0000,4053.6000,4054.4000,4054.6000,4054.8000,4055.0000,2,2,4,2,7,2,3,5,3,1
SF,IF2006,2020-02-19 10:52:20.400,4052.0000,23797,0,3931778340.000,0,-,-,-,-,4051.4000,4050.6000,4050.2000,4050.0000,4048.0000,4053.0000,4053.4000,4054.4000,4054.6000,4054.8000,2,4,2,7,1,3,3,2,5,3
SF,IF2006,2020-02-19 10:52:20.900,4052.0000,23797,0,3931778340.000,0,-,-,-,-,4051.6000,4051.4000,4050.6000,4050.2000,4050.0000,4053.0000,4053.4000,4054.4000,4054.6000,4054.8000,2,2,4,2,7,3,2,2,3,3
SF,IF2006,2020-02-19 10:52:21.400,4052.0000,23797,0,3931778340.000,0,-,-,-,-,4051.8000,4051.6000,4050.6000,4050.2000,4050.0000,4053.0000,4053.4000,4054.4000,4054.6000,4054.8000,2,2,4,2,7,3,2,2,2,3
SF,IF2006,2020-02-19 10:52:21.900,4052.0000,23797,0,3931778340.000,0,-,-,-,-,4052.0000,4051.8000,4050.6000,4050.2000,4050.0000,4053.0000,4053.4000,4054.4000,4054.6000,4054.8000,2,2,4,2,7,3,2,2,2,3
SF,IF2006,2020-02-19 10:52:22.400,4052.0000,23797,0,3931778340.000,0,-,-,-,-,4051.8000,4050.6000,4050.2000,4050.0000,4048.0000,4053.0000,4053.4000,4054.4000,4054.6000,4054.8000,2,4,2,7,1,3,2,2,2,3
SF,IF2006,2020-02-19 10:52:22.900,4052.0000,23797,0,3931778340.000,0,-,-,-,-,4052.0000,4051.8000,4050.6000,4050.2000,4050.0000,4053.0000,4053.4000,4054.4000,4054.6000,4054.8000,1,2,4,2,7,3,2,2,2,3
SF,IF2006,2020-02-19 10:52:23.400,4052.0000,23797,0,3931778340.000,0,-,-,-,-,4052.0000,4051.8000,4050.6000,4050.2000,4050.0000,4053.0000,4053.4000,4054.6000,4054.8000,4055.0000,1,2,4,2,7,3,2,1,2,1
SF,IF2006,2020-02-19 10:52:23.900,4052.0000,23797,0,3931778340.000,0,-,-,-,-,4052.0000,4051.8000,4050.6000,4050.2000,4050.0000,4053.0000,4053.4000,4054.6000,4054.8000,4055.0000,1,2,4,2,6,3,2,1,2,1
SF,IF2006,2020-02-19 10:52:25.400,4052.0000,23797,0,3931778340.000,0,-,-,-,-,4052.2000,4051.8000,4050.6000,4050.2000,4050.0000,4053.0000,4053.4000,4054.6000,4054.8000,4055.0000,2,2,4,2,6,3,2,1,2,1
SF,IF2006,2020-02-19 10:52:25.900,4052.0000,23797,0,3931778340.000,0,-,-,-,-,4051.8000,4050.6000,4050.2000,4050.0000,4048.0000,4053.0000,4053.4000,4054.6000,4054.8000,4055.0000,2,4,2,6,1,3,2,1,2,1
SF,IF2006,2020-02-19 10:52:26.400,4052.0000,23797,0,3931778340.000,0,-,-,-,-,4052.0000,4051.8000,4050.6000,4050.2000,4050.0000,4053.0000,4053.4000,4054.6000,4054.8000,4055.0000,2,2,4,2,6,3,2,1,2,1
SF,IF2006,2020-02-19 10:52:31.400,4052.0000,23797,0,3931778340.000,0,-,-,-,-,4052.0000,4051.8000,4050.6000,4050.2000,4050.0000,4053.0000,4053.4000,4054.6000,4054.8000,4055.0000,2,2,4,2,6,3,2,1,2,2
SF,IF2006,2020-02-19 10:52:33.400,4052.0000,23797,0,3931778340.000,0,-,-,-,-,4051.8000,4050.6000,4050.2000,4050.0000,4048.0000,4052.6000,4053.0000,4053.4000,4054.6000,4054.8000,2,4,2,6,1,2,1,2,1,2
SF,IF2006,2020-02-19 10:52:33.900,4052.0000,23797,0,3931778340.000,0,-,-,-,-,4050.6000,4050.2000,4050.0000,4048.0000,4046.6000,4052.6000,4053.0000,4053.4000,4054.6000,4054.8000,4,2,6,1,1,2,1,2,1,2
SF,IF2006,2020-02-19 10:52:34.400,4052.0000,23797,0,3931778340.000,0,-,-,-,-,4050.8000,4050.6000,4050.2000,4050.0000,4048.0000,4052.4000,4052.6000,4053.0000,4054.6000,4054.8000,4,4,2,6,1,2,2,1,1,2
SF,IF2006,2020-02-19 10:52:34.900,4052.0000,23797,0,3931778340.000,0,-,-,-,-,4050.8000,4050.6000,4050.2000,4050.0000,4048.0000,4052.4000,4052.6000,4054.6000,4054.8000,4055.0000,2,3,2,6,1,2,2,1,2,2
SF,IF2006,2020-02-19 10:52:35.400,4052.0000,23797,0,3931778340.000,0,-,-,-,-,4051.0000,4050.8000,4050.6000,4050.2000,4050.0000,4052.2000,4052.4000,4052.6000,4053.0000,4054.6000,1,2,3,2,6,2,2,1,1,1
SF,IF2006,2020-02-19 10:52:35.900,4052.0000,23797,0,3931778340.000,0,-,-,-,-,4051.2000,4051.0000,4050.6000,4050.2000,4050.0000,4052.2000,4052.4000,4052.6000,4053.0000,4054.6000,2,1,3,2,6,2,2,1,1,1
SF,IF2006,2020-02-19 10:52:36.900,4052.0000,23797,0,3931778340.000,0,-,-,-,-,4051.2000,4051.0000,4050.6000,4050.2000,4050.0000,4052.2000,4052.4000,4052.6000,4053.0000,4054.6000,2,1,3,2,6,1,2,1,1,1
SF,IF2006,2020-02-19 10:52:40.400,4052.0000,23797,0,3931778340.000,0,-,-,-,-,4051.2000,4051.0000,4050.6000,4050.2000,4050.0000,4052.0000,4052.2000,4052.4000,4053.0000,4054.6000,2,1,3,2,6,1,1,2,1,1
SF,IF2006,2020-02-19 10:52:42.400,4052.0000,23797,0,3931778340.000,0,-,-,-,-,4051.2000,4050.6000,4050.2000,4050.0000,4048.0000,4052.0000,4052.2000,4052.4000,4053.0000,4054.6000,2,3,2,6,1,1,1,2,1,1
SF,IF2006,2020-02-19 10:52:43.400,4052.0000,23797,0,3931778340.000,0,-,-,-,-,4051.2000,4051.0000,4050.6000,4050.2000,4050.0000,4052.0000,4052.2000,4052.4000,4053.0000,4054.6000,2,1,3,2,6,1,1,2,1,1
SF,IF2006,2020-02-19 10:52:43.900,4052.0000,23797,0,3931778340.000,0,-,-,-,-,4051.2000,4051.0000,4050.6000,4050.2000,4050.0000,4052.0000,4052.2000,4052.4000,4053.0000,4054.6000,2,1,3,2,6,1,1,2,1,1
SF,IF2006,2020-02-19 10:52:44.400,4052.0000,23797,0,3931778340.000,0,-,-,-,-,4051.0000,4050.6000,4050.2000,4050.0000,4048.0000,4052.0000,4052.2000,4052.4000,4053.0000,4054.6000,1,3,2,6,1,1,1,2,1,1
SF,IF2006,2020-02-19 10:52:46.400,4052.0000,23797,0,3931778340.000,0,-,-,-,-,4051.2000,4051.0000,4050.6000,4050.2000,4050.0000,4052.2000,4052.4000,4053.0000,4054.6000,4054.8000,1,1,3,2,6,1,2,1,1,2
SF,IF2006,2020-02-19 10:52:46.900,4052.0000,23797,0,3931778340.000,0,-,-,-,-,4051.4000,4051.2000,4051.0000,4050.6000,4050.2000,4052.2000,4052.4000,4053.0000,4054.6000,4054.8000,2,1,1,3,2,1,2,1,1,2
SF,IF2006,2020-02-19 10:52:48.400,4052.0000,23797,0,3931778340.000,0,-,-,-,-,4051.4000,4051.0000,4050.6000,4050.2000,4050.0000,4052.2000,4052.4000,4053.0000,4054.6000,4054.8000,2,1,3,2,6,1,2,1,1,2
SF,IF2006,2020-02-19 10:52:48.900,4052.0000,23797,0,3931778340.000,0,-,-,-,-,4051.0000,4050.6000,4050.2000,4050.0000,4048.0000,4052.2000,4052.4000,4053.0000,4054.6000,4054.8000,1,3,2,6,1,1,2,1,1,2
SF,IF2006,2020-02-19 10:52:49.900,4052.0000,23797,0,3931778340.000,0,-,-,-,-,4051.0000,4050.6000,4050.2000,4050.0000,4048.0000,4052.0000,4052.2000,4052.4000,4053.0000,4054.6000,1,3,2,6,1,1,1,2,1,1
SF,IF2006,2020-02-19 10:52:52.400,4052.0000,23797,0,3931778340.000,0,-,-,-,-,4051.0000,4050.6000,4050.2000,4050.0000,4048.0000,4051.8000,4052.0000,4052.2000,4052.4000,4053.0000,1,3,2,6,1,1,1,1,2,1
SF,IF2006,2020-02-19 10:52:56.400,4051.0000,23797,0,3932993640.000,1,0,1,多换,S,4050.6000,4050.2000,4050.0000,4048.0000,4046.6000,4051.4000,4051.6000,4051.8000,4052.4000,4053.0000,3,2,6,1,1,1,1,1,2,1
SF,IF2006,2020-02-19 10:52:56.900,4051.0000,23797,0,3932993640.000,0,-,-,-,-,4050.6000,4050.2000,4050.0000,4048.0000,4046.6000,4051.2000,4051.4000,4051.6000,4052.4000,4053.0000,3,2,6,1,1,1,1,1,2,1
SF,IF2006,2020-02-19 10:52:57.900,4051.0000,23797,0,3932993640.000,0,-,-,-,-,4050.6000,4050.2000,4050.0000,4048.0000,4046.6000,4051.0000,4051.2000,4051.6000,4052.4000,4053.0000,3,2,6,1,1,1,1,1,2,1
SF,IF2006,2020-02-19 10:52:58.400,4051.0000,23798,1,3934208940.000,1,1,0,双开,S,4050.6000,4050.2000,4050.0000,4048.0000,4046.6000,4051.2000,4051.6000,4052.4000,4053.0000,4054.6000,3,2,6,1,1,1,1,2,1,1
SF,IF2006,2020-02-19 10:52:58.900,4051.0000,23798,0,3934208940.000,0,-,-,-,-,4050.6000,4050.2000,4050.0000,4048.0000,4046.6000,4051.2000,4051.6000,4052.4000,4053.0000,4054.6000,3,2,6,1,1,1,1,2,1,1
SF,IF2006,2020-02-19 10:52:59.400,4051.2000,23797,-1,3935424300.000,1,0,1,双平,S,4051.4000,4050.6000,4050.2000,4050.0000,4048.0000,4051.6000,4052.4000,4053.0000,4054.6000,4054.8000,1,3,2,6,1,1,2,1,1,2
SF,IF2006,2020-02-19 10:52:59.900,4051.4000,23797,0,3936639720.000,1,0,1,多换,S,4050.6000,4050.2000,4050.0000,4048.0000,4046.6000,4052.4000,4053.0000,4054.6000,4054.8000,4055.0000,2,2,6,1,1,2,1,1,2,2
SF,IF2006,2020-02-19 10:53:00.400,4051.4000,23798,1,3937855140.000,1,1,0,双开,S,4050.8000,4050.6000,4050.2000,4050.0000,4048.0000,4052.2000,4052.4000,4053.0000,4054.6000,4054.8000,2,2,2,6,1,1,2,1,1,2
SF,IF2006,2020-02-19 10:53:00.900,4051.4000,23798,0,3937855140.000,0,-,-,-,-,4050.8000,4050.6000,4050.2000,4050.0000,4048.0000,4052.0000,4052.2000,4053.0000,4054.6000,4054.8000,2,2,2,6,1,2,1,1,1,2
SF,IF2006,2020-02-19 10:53:04.400,4051.4000,23798,0,3937855140.000,0,-,-,-,-,4051.0000,4050.8000,4050.6000,4050.2000,4050.0000,4052.0000,4052.2000,4053.0000,4054.6000,4054.8000,1,2,2,2,6,2,1,1,1,2
SF,IF2006,2020-02-19 10:53:09.900,4051.4000,23798,0,3937855140.000,0,-,-,-,-,4050.8000,4050.6000,4050.2000,4050.0000,4048.0000,4052.0000,4052.2000,4053.0000,4054.6000,4054.8000,2,2,2,6,1,2,1,1,1,2
SF,IF2006,2020-02-19 10:53:11.900,4051.4000,23798,0,3937855140.000,0,-,-,-,-,4050.8000,4050.6000,4050.2000,4050.0000,4048.0000,4052.0000,4052.2000,4053.0000,4054.6000,4054.8000,2,2,2,6,1,2,1,1,1,2
SF,IF2006,2020-02-19 10:53:13.400,4051.4000,23798,0,3937855140.000,0,-,-,-,-,4051.0000,4050.8000,4050.6000,4050.2000,4050.0000,4052.0000,4052.2000,4053.0000,4054.6000,4054.8000,1,2,2,2,6,2,1,1,1,2
SF,IF2006,2020-02-19 10:53:13.900,4051.4000,23798,0,3937855140.000,0,-,-,-,-,4050.8000,4050.6000,4050.2000,4050.0000,4048.0000,4052.2000,4053.0000,4054.6000,4054.8000,4055.0000,2,2,2,6,1,1,1,1,2,2
SF,IF2006,2020-02-19 10:53:14.900,4051.4000,23798,0,3937855140.000,0,-,-,-,-,4051.2000,4050.8000,4050.6000,4050.2000,4050.0000,4052.2000,4053.0000,4054.6000,4054.8000,4055.0000,1,2,2,2,6,1,1,1,2,2
SF,IF2006,2020-02-19 10:53:15.400,4051.4000,23798,0,3937855140.000,0,-,-,-,-,4050.8000,4050.6000,4050.2000,4050.0000,4048.0000,4052.2000,4053.0000,4054.6000,4054.8000,4055.0000,2,2,2,6,1,1,1,1,2,2
SF,IF2006,2020-02-19 10:53:17.400,4051.4000,23798,0,3937855140.000,0,-,-,-,-,4050.8000,4050.6000,4050.2000,4050.0000,4048.0000,4052.0000,4052.2000,4053.0000,4054.6000,4054.8000,2,2,2,6,1,1,2,1,1,2
SF,IF2006,2020-02-19 10:53:17.900,4051.4000,23798,0,3937855140.000,0,-,-,-,-,4050.8000,4050.6000,4050.2000,4050.0000,4048.0000,4051.8000,4052.0000,4052.2000,4053.0000,4054.6000,2,2,2,6,1,2,1,2,1,1
SF,IF2006,2020-02-19 10:53:18.400,4051.4000,23798,0,3937855140.000,0,-,-,-,-,4050.6000,4050.2000,4050.0000,4048.0000,4046.6000,4051.8000,4052.0000,4052.2000,4053.0000,4054.6000,2,2,6,1,1,2,1,2,1,1
SF,IF2006,2020-02-19 10:53:22.400,4051.4000,23798,0,3937855140.000,0,-,-,-,-,4050.6000,4050.2000,4050.0000,4048.0000,4046.6000,4051.4000,4051.6000,4051.8000,4053.0000,4054.6000,2,2,6,1,1,1,3,2,1,1
SF,IF2006,2020-02-19 10:53:22.900,4050.6000,23798,0,3939070320.000,1,0,1,多换,S,4050.6000,4050.2000,4050.0000,4048.0000,4046.6000,4051.4000,4051.6000,4051.8000,4053.0000,4054.6000,1,2,6,1,1,1,3,2,1,1
SF,IF2006,2020-02-19 10:53:23.400,4050.6000,23799,1,3940285500.000,1,1,0,双开,S,4050.2000,4050.0000,4048.0000,4046.6000,4045.2000,4050.6000,4051.2000,4051.4000,4051.6000,4053.0000,2,6,1,1,1,1,4,1,2,1
SF,IF2006,2020-02-19 10:53:23.900,4050.2000,23799,0,3942715620.000,2,1,1,多换,S,4050.0000,4048.0000,4046.6000,4045.2000,4045.0000,4051.2000,4051.4000,4051.6000,4053.0000,4054.6000,6,1,1,1,8,3,1,1,1,1
SF,IF2006,2020-02-19 10:53:24.400,4050.0000,23798,-1,3943930620.000,1,0,1,双平,S,4050.0000,4048.0000,4046.6000,4045.2000,4045.0000,4050.8000,4051.0000,4051.2000,4051.6000,4053.0000,5,1,1,1,8,1,2,3,1,1
SF,IF2006,2020-02-19 10:53:24.900,4050.0000,23801,3,3950005620.000,5,4,1,空开,S,4048.0000,4046.6000,4045.2000,4045.0000,4044.0000,4050.6000,4050.8000,4051.0000,4051.2000,4051.6000,1,1,1,3,1,3,2,1,1,1
SF,IF2006,2020-02-19 10:53:25.400,4050.0000,23801,0,3950005620.000,0,-,-,-,-,4048.4000,4048.2000,4048.0000,4046.6000,4045.2000,4050.2000,4050.4000,4050.6000,4050.8000,4051.2000,3,3,1,1,1,1,1,3,2,1
SF,IF2006,2020-02-19 10:53:25.900,4050.0000,23801,0,3950005620.000,0,-,-,-,-,4048.6000,4048.4000,4048.2000,4048.0000,4046.6000,4050.0000,4050.2000,4050.4000,4050.8000,4051.2000,2,2,1,1,1,2,1,1,2,1
SF,IF2006,2020-02-19 10:53:26.400,4050.0000,23801,0,3950005620.000,0,-,-,-,-,4048.6000,4048.4000,4048.2000,4048.0000,4046.6000,4050.0000,4050.2000,4050.4000,4050.8000,4051.2000,2,2,1,1,1,2,1,1,1,1
SF,IF2006,2020-02-19 10:53:27.900,4050.0000,23801,0,3952435620.000,2,1,1,多换,S,4049.0000,4048.8000,4048.6000,4048.2000,4048.0000,4050.2000,4050.4000,4050.8000,4051.2000,4053.0000,1,2,2,1,1,1,1,1,1,1
SF,IF2006,2020-02-19 10:53:28.400,4050.0000,23801,0,3952435620.000,0,-,-,-,-,4048.8000,4048.6000,4048.2000,4048.0000,4046.6000,4050.2000,4050.4000,4050.8000,4051.2000,4053.0000,2,2,1,1,1,1,1,1,1,1
SF,IF2006,2020-02-19 10:53:28.900,4050.2000,23801,0,3953650680.000,1,0,1,多换,S,4049.2000,4049.0000,4048.8000,4048.0000,4046.6000,4050.4000,4050.8000,4051.2000,4053.0000,4054.6000,1,2,2,1,1,1,1,1,1,1
SF,IF2006,2020-02-19 10:53:29.400,4050.2000,23801,0,3953650680.000,0,-,-,-,-,4049.0000,4048.8000,4048.0000,4046.6000,4045.2000,4050.2000,4050.4000,4050.8000,4051.2000,4053.0000,2,3,1,1,1,1,1,1,1,1
SF,IF2006,2020-02-19 10:53:29.900,4049.0000,23801,0,3956080080.000,2,1,1,多换,S,4048.8000,4048.0000,4046.6000,4045.2000,4045.0000,4050.0000,4050.2000,4050.4000,4050.8000,4051.2000,2,1,1,1,3,2,1,1,1,1
SF,IF2006,2020-02-19 10:53:30.400,4049.0000,23800,-1,3957294780.000,1,0,1,双平,S,4048.0000,4046.6000,4045.2000,4045.0000,4044.0000,4049.8000,4050.0000,4050.2000,4050.8000,4051.2000,1,1,1,3,1,2,2,1,1,1
SF,IF2006,2020-02-19 10:53:30.900,4049.0000,23800,0,3957294780.000,0,-,-,-,-,4048.4000,4048.2000,4048.0000,4046.6000,4045.2000,4049.8000,4050.0000,4050.8000,4051.2000,4053.0000,1,4,1,1,1,2,2,1,1,1
SF,IF2006,2020-02-19 10:53:31.400,4049.0000,23800,0,3957294780.000,0,-,-,-,-,4048.4000,4048.2000,4048.0000,4046.6000,4046.0000,4049.8000,4050.0000,4050.8000,4051.2000,4053.0000,1,4,1,1,1,2,2,1,1,1
SF,IF2006,2020-02-19 10:53:31.900,4049.0000,23800,0,3957294780.000,0,-,-,-,-,4048.2000,4048.0000,4046.6000,4046.0000,4045.2000,4049.8000,4050.0000,4050.8000,4051.2000,4053.0000,4,1,1,1,1,2,2,1,1,1
SF,IF2006,2020-02-19 10:53:33.900,4049.0000,23800,0,3957294780.000,0,-,-,-,-,4048.2000,4048.0000,4046.6000,4046.0000,4045.2000,4049.6000,4049.8000,4050.0000,4051.2000,4053.0000,3,1,1,1,1,4,3,2,1,1
SF,IF2006,2020-02-19 10:53:34.400,4049.0000,23800,0,3957294780.000,0,-,-,-,-,4048.2000,4048.0000,4046.6000,4046.0000,4045.2000,4049.2000,4049.4000,4049.6000,4049.8000,4050.0000,3,1,1,1,1,1,2,3,1,2
SF,IF2006,2020-02-19 10:53:34.900,4049.0000,23800,0,3957294780.000,0,-,-,-,-,4048.2000,4048.0000,4046.6000,4046.0000,4045.2000,4049.0000,4049.2000,4049.6000,4049.8000,4050.0000,1,1,1,1,1,2,1,2,1,2
SF,IF2006,2020-02-19 10:53:35.400,4049.0000,23800,0,3957294780.000,0,-,-,-,-,4048.0000,4046.6000,4046.0000,4045.2000,4045.0000,4049.0000,4049.6000,4049.8000,4050.0000,4051.2000,1,1,1,1,3,2,1,1,2,1
SF,IF2006,2020-02-19 10:53:35.900,4049.0000,23800,0,3957294780.000,0,-,-,-,-,4048.0000,4046.6000,4046.0000,4045.2000,4045.0000,4049.0000,4049.6000,4049.8000,4050.0000,4051.2000,1,1,1,1,3,2,1,1,2,1
SF,IF2006,2020-02-19 10:53:36.400,4049.0000,23800,0,3957294780.000,0,-,-,-,-,4048.0000,4046.6000,4046.0000,4045.2000,4045.0000,4048.2000,4048.8000,4049.0000,4049.8000,4050.0000,1,1,1,1,3,1,1,2,1,2
SF,IF2006,2020-02-19 10:53:36.900,4048.0000,23801,1,3958509180.000,1,1,0,双开,S,4046.6000,4046.0000,4045.2000,4045.0000,4044.0000,4047.8000,4048.2000,4049.0000,4049.8000,4050.0000,1,1,1,3,1,1,1,2,1,2
SF,IF2006,2020-02-19 10:53:37.400,4048.0000,23801,0,3959723580.000,1,0,1,多换,S,4046.8000,4046.6000,4046.0000,4045.2000,4045.0000,4048.2000,4049.0000,4049.8000,4050.0000,4051.2000,6,1,1,1,3,1,2,1,2,1
SF,IF2006,2020-02-19 10:53:38.400,4048.0000,23801,0,3959723580.000,0,-,-,-,-,4046.8000,4046.6000,4046.0000,4045.2000,4045.0000,4047.8000,4048.0000,4048.2000,4049.0000,4049.8000,3,1,1,1,3,1,3,1,2,1
SF,IF2006,2020-02-19 10:53:39.900,4046.8000,23799,-2,3963365700.000,3,0,3,多平,S,4046.6000,4046.0000,4045.2000,4045.0000,4044.0000,4047.8000,4048.0000,4048.2000,4049.0000,4049.8000,1,1,1,3,1,1,3,1,2,1
SF,IF2006,2020-02-19 10:53:40.400,4046.8000,23799,0,3963365700.000,0,-,-,-,-,4046.6000,4046.0000,4045.2000,4045.0000,4044.0000,4046.8000,4047.6000,4048.0000,4048.2000,4049.8000,1,1,1,3,1,1,3,2,1,1
SF,IF2006,2020-02-19 10:53:40.900,4046.8000,23799,0,3964579740.000,1,0,1,多换,S,4046.6000,4046.0000,4045.2000,4045.0000,4044.0000,4047.6000,4048.2000,4049.8000,4050.0000,4053.0000,1,1,1,3,1,3,1,1,2,1
SF,IF2006,2020-02-19 10:53:41.400,4046.8000,23799,0,3964579740.000,0,-,-,-,-,4046.6000,4046.0000,4045.2000,4045.0000,4044.0000,4047.6000,4048.2000,4049.2000,4049.8000,4050.0000,1,1,1,3,1,3,1,1,1,2
SF,IF2006,2020-02-19 10:53:41.900,4046.8000,23799,0,3964579740.000,0,-,-,-,-,4047.0000,4046.6000,4046.0000,4045.2000,4045.0000,4047.4000,4047.6000,4048.2000,4049.2000,4049.8000,1,1,1,1,3,2,3,1,1,1
SF,IF2006,2020-02-19 10:53:42.400,4047.0000,23799,0,3965793840.000,1,0,1,多换,S,4046.6000,4046.0000,4045.2000,4045.0000,4044.0000,4047.4000,4047.6000,4048.2000,4049.2000,4049.8000,1,1,1,3,1,1,2,1,1,1
SF,IF2006,2020-02-19 10:53:42.900,4046.6000,23799,0,3967007820.000,1,0,1,多换,S,4046.6000,4046.0000,4045.2000,4045.0000,4044.0000,4047.6000,4048.2000,4049.2000,4049.8000,4050.0000,1,1,1,3,1,2,1,1,1,2
SF,IF2006,2020-02-19 10:53:44.900,4047.6000,23799,0,3968222100.000,1,0,1,多换,S,4046.8000,4046.6000,4046.0000,4045.2000,4045.0000,4047.6000,4048.2000,4049.2000,4049.8000,4050.0000,3,1,1,1,3,1,1,1,1,2
SF,IF2006,2020-02-19 10:53:45.400,4047.6000,23799,0,3969436380.000,1,0,1,多换,S,4047.6000,4047.2000,4047.0000,4046.8000,4046.6000,4048.2000,4049.2000,4049.8000,4050.0000,4053.0000,3,1,3,1,1,1,1,1,2,1
SF,IF2006,2020-02-19 10:53:45.900,4047.6000,23798,-1,3970650660.000,1,0,1,双平,S,4047.6000,4047.2000,4047.0000,4046.8000,4046.6000,4048.2000,4049.8000,4050.0000,4053.0000,4054.6000,2,1,3,1,1,1,1,2,1,1
SF,IF2006,2020-02-19 10:53:46.900,4047.6000,23798,0,3971864940.000,1,0,1,多换,S,4047.2000,4047.0000,4046.8000,4046.6000,4046.0000,4048.2000,4049.8000,4050.0000,4053.0000,4054.6000,1,3,1,1,1,1,1,2,1,1
SF,IF2006,2020-02-19 10:53:47.400,4047.6000,23798,0,3971864940.000,0,-,-,-,-,4047.0000,4046.8000,4046.6000,4046.0000,4045.2000,4048.2000,4049.8000,4050.0000,4053.0000,4054.6000,3,1,1,1,1,1,1,2,1,1
SF,IF2006,2020-02-19 10:53:47.900,4047.6000,23798,0,3971864940.000,0,-,-,-,-,4047.0000,4046.8000,4046.6000,4046.0000,4045.2000,4048.0000,4048.2000,4049.8000,4050.0000,4053.0000,2,1,1,1,1,1,1,1,2,1
SF,IF2006,2020-02-19 10:53:48.900,4047.6000,23798,0,3971864940.000,0,-,-,-,-,4047.6000,4047.0000,4046.6000,4046.0000,4045.2000,4047.8000,4048.2000,4049.8000,4050.0000,4053.0000,1,2,1,1,1,1,1,1,2,1
SF,IF2006,2020-02-19 10:53:49.400,4047.0000,23797,-1,3974293320.000,2,0,2,多平,S,4046.6000,4046.0000,4045.2000,4045.0000,4044.0000,4047.6000,4047.8000,4048.2000,4049.8000,4050.0000,1,1,1,3,1,2,1,1,1,2
SF,IF2006,2020-02-19 10:53:49.900,4047.0000,23797,0,3974293320.000,0,-,-,-,-,4046.6000,4046.0000,4045.2000,4045.0000,4044.0000,4047.4000,4047.6000,4048.2000,4049.8000,4050.0000,1,1,1,3,1,1,2,1,1,2
SF,IF2006,2020-02-19 10:53:50.400,4047.0000,23797,0,3974293320.000,0,-,-,-,-,4046.6000,4046.0000,4045.2000,4045.0000,4044.0000,4047.6000,4048.2000,4049.8000,4050.0000,4053.0000,1,1,1,3,1,2,1,1,2,1
SF,IF2006,2020-02-19 10:53:50.900,4047.0000,23797,0,3974293320.000,0,-,-,-,-,4046.6000,4046.0000,4045.2000,4045.0000,4044.0000,4047.4000,4047.6000,4048.2000,4049.8000,4050.0000,1,1,1,3,1,1,2,1,1,2
SF,IF2006,2020-02-19 10:53:51.400,4047.0000,23797,0,3974293320.000,0,-,-,-,-,4046.6000,4046.0000,4045.2000,4045.0000,4044.0000,4047.6000,4048.2000,4049.8000,4050.0000,4053.0000,1,1,1,3,1,2,1,1,2,1
SF,IF2006,2020-02-19 10:53:51.900,4047.0000,23797,0,3974293320.000,0,-,-,-,-,4046.6000,4046.0000,4045.2000,4045.0000,4044.0000,4047.0000,4047.4000,4047.6000,4048.0000,4048.2000,1,1,1,3,1,3,5,2,1,1
SF,IF2006,2020-02-19 10:53:52.400,4046.6000,23798,1,3975507300.000,1,1,0,双开,S,4046.0000,4045.2000,4045.0000,4044.0000,4042.8000,4047.0000,4047.4000,4047.6000,4048.0000,4048.2000,1,1,3,1,12,3,4,2,1,1
SF,IF2006,2020-02-19 10:53:52.900,4047.0000,23797,-1,3976721400.000,1,0,1,双平,S,4046.0000,4045.2000,4045.0000,4044.0000,4042.8000,4047.0000,4047.4000,4047.6000,4048.0000,4048.2000,1,1,4,1,12,2,4,2,1,1
SF,IF2006,2020-02-19 10:53:53.400,4047.0000,23797,0,3976721400.000,0,-,-,-,-,4046.0000,4045.2000,4045.0000,4044.0000,4042.8000,4047.0000,4047.4000,4047.6000,4048.0000,4049.8000,1,1,4,1,12,2,4,2,1,1
SF,IF2006,2020-02-19 10:53:53.900,4047.0000,23797,0,3976721400.000,0,-,-,-,-,4046.0000,4045.2000,4045.0000,4044.0000,4042.8000,4047.0000,4047.4000,4047.6000,4048.0000,4049.8000,1,1,4,1,12,3,4,2,1,1
SF,IF2006,2020-02-19 10:53:54.400,4047.0000,23797,0,3976721400.000,0,-,-,-,-,4046.0000,4045.2000,4045.0000,4044.0000,4042.8000,4046.8000,4047.0000,4047.4000,4048.0000,4049.8000,1,1,4,1,12,3,3,1,1,1
SF,IF2006,2020-02-19 10:53:54.900,4046.0000,23797,0,3977935200.000,1,0,1,多换,S,4045.2000,4045.0000,4044.0000,4042.8000,4042.6000,4046.8000,4047.0000,4047.4000,4048.0000,4049.8000,1,4,1,12,10,2,2,1,1,1
SF,IF2006,2020-02-19 10:53:55.400,4046.0000,23797,0,3977935200.000,0,-,-,-,-,4046.0000,4045.6000,4045.4000,4045.2000,4045.0000,4046.8000,4047.0000,4048.0000,4049.8000,4050.0000,1,1,2,2,4,2,2,1,1,2
SF,IF2006,2020-02-19 10:53:55.900,4046.0000,23797,0,3977935200.000,0,-,-,-,-,4046.0000,4045.6000,4045.4000,4045.2000,4045.0000,4046.8000,4047.0000,4048.0000,4049.8000,4050.0000,1,1,2,2,4,2,2,1,1,2
SF,IF2006,2020-02-19 10:53:56.400,4046.0000,23797,0,3977935200.000,0,-,-,-,-,4046.0000,4045.4000,4045.2000,4045.0000,4044.0000,4046.8000,4047.0000,4048.0000,4049.8000,4050.0000,1,2,2,4,1,2,2,1,1,2
SF,IF2006,2020-02-19 10:53:56.900,4046.0000,23797,0,3977935200.000,0,-,-,-,-,4046.0000,4045.4000,4045.2000,4045.0000,4044.0000,4046.6000,4046.8000,4047.0000,4048.0000,4049.8000,1,2,2,4,1,3,2,2,1,1
SF,IF2006,2020-02-19 10:53:57.400,4046.0000,23797,0,3979149000.000,1,0,1,多换,S,4045.4000,4045.2000,4045.0000,4044.0000,4042.8000,4046.6000,4046.8000,4047.0000,4048.0000,4049.8000,2,2,4,1,12,3,2,2,1,1
SF,IF2006,2020-02-19 10:53:57.900,4046.0000,23797,0,3979149000.000,0,-,-,-,-,4045.4000,4045.2000,4045.0000,4044.0000,4042.8000,4046.4000,4046.6000,4046.8000,4047.0000,4048.0000,2,2,4,1,12,2,2,2,2,1
SF,IF2006,2020-02-19 10:53:58.400,4046.0000,23797,0,3979149000.000,0,-,-,-,-,4045.6000,4045.4000,4045.2000,4045.0000,4044.0000,4046.6000,4046.8000,4047.0000,4048.0000,4049.8000,1,2,2,4,1,2,2,2,1,1
SF,IF2006,2020-02-19 10:53:58.900,4046.0000,23797,0,3979149000.000,0,-,-,-,-,4045.6000,4045.4000,4045.2000,4045.0000,4044.0000,4046.6000,4046.8000,4047.0000,4048.0000,4049.8000,1,2,2,4,1,1,2,2,1,1
SF,IF2006,2020-02-19 10:53:59.400,4046.0000,23797,0,3979149000.000,0,-,-,-,-,4045.6000,4045.4000,4045.2000,4045.0000,4044.0000,4046.2000,4046.6000,4046.8000,4047.0000,4048.0000,1,2,2,4,1,1,1,2,2,1
SF,IF2006,2020-02-19 10:53:59.900,4046.2000,23797,0,3980362860.000,1,0,1,多换,S,4045.6000,4045.4000,4045.2000,4045.0000,4044.0000,4046.6000,4046.8000,4047.0000,4048.0000,4049.8000,1,2,2,4,1,1,2,2,1,1
SF,IF2006,2020-02-19 10:54:00.400,4046.2000,23797,0,3980362860.000,0,-,-,-,-,4045.6000,4045.4000,4045.2000,4045.0000,4042.8000,4046.6000,4046.8000,4047.0000,4048.0000,4049.8000,1,2,2,4,12,1,2,2,1,1
SF,IF2006,2020-02-19 10:54:01.400,4045.6000,23797,0,3981576540.000,1,0,1,多换,S,4045.4000,4045.2000,4045.0000,4042.8000,4042.6000,4046.6000,4046.8000,4047.0000,4048.0000,4049.8000,2,2,4,12,10,1,2,2,1,1
SF,IF2006,2020-02-19 10:54:01.900,4045.6000,23797,0,3982790220.000,1,0,1,多换,S,4045.4000,4045.2000,4045.0000,4042.8000,4042.6000,4046.4000,4046.6000,4047.0000,4048.0000,4049.8000,3,2,4,12,10,2,1,2,1,1
SF,IF2006,2020-02-19 10:54:02.400,4045.6000,23797,0,3982790220.000,0,-,-,-,-,4045.8000,4045.4000,4045.2000,4045.0000,4042.8000,4046.6000,4047.0000,4048.0000,4049.8000,4050.0000,1,3,2,4,12,1,2,1,1,2
SF,IF2006,2020-02-19 10:54:02.900,4045.6000,23797,0,3982790220.000,0,-,-,-,-,4045.8000,4045.4000,4045.2000,4045.0000,4042.8000,4046.6000,4047.0000,4048.0000,4049.8000,4050.0000,1,3,2,4,12,1,2,1,1,2
SF,IF2006,2020-02-19 10:54:03.400,4045.6000,23797,0,3982790220.000,0,-,-,-,-,4045.8000,4045.4000,4045.2000,4045.0000,4042.8000,4046.4000,4046.6000,4048.0000,4049.8000,4050.0000,1,3,2,4,12,1,2,1,1,2
SF,IF2006,2020-02-19 10:54:03.900,4045.6000,23797,0,3982790220.000,0,-,-,-,-,4045.8000,4045.4000,4045.2000,4045.0000,4042.8000,4046.4000,4046.6000,4048.0000,4049.8000,4050.0000,1,3,2,4,12,1,1,1,1,2
SF,IF2006,2020-02-19 10:54:04.900,4045.6000,23797,0,3982790220.000,0,-,-,-,-,4045.8000,4045.4000,4045.2000,4045.0000,4042.8000,4046.4000,4046.6000,4048.0000,4049.8000,4050.0000,1,3,2,4,12,1,1,1,1,2
SF,IF2006,2020-02-19 10:54:05.400,4045.8000,23797,0,3984003960.000,1,0,1,多换,S,4045.4000,4045.2000,4045.0000,4042.8000,4042.6000,4046.4000,4046.6000,4048.0000,4049.8000,4050.0000,2,2,4,12,10,1,1,1,1,2
SF,IF2006,2020-02-19 10:54:05.900,4045.8000,23797,0,3984003960.000,0,-,-,-,-,4045.4000,4045.2000,4045.0000,4042.8000,4042.6000,4046.2000,4046.4000,4046.6000,4048.0000,4049.8000,2,2,4,12,10,1,1,1,1,1
SF,IF2006,2020-02-19 10:54:06.400,4045.8000,23797,0,3984003960.000,0,-,-,-,-,4045.6000,4045.4000,4045.2000,4045.0000,4042.8000,4046.4000,4046.6000,4048.0000,4049.8000,4050.0000,1,2,2,4,12,1,1,1,1,2
SF,IF2006,2020-02-19 10:54:07.400,4045.8000,23797,0,3984003960.000,0,-,-,-,-,4045.6000,4045.4000,4045.2000,4045.0000,4042.8000,4046.6000,4048.0000,4049.8000,4050.0000,4053.0000,1,2,2,4,12,1,1,1,2,1
SF,IF2006,2020-02-19 10:54:07.900,4045.8000,23797,0,3984003960.000,0,-,-,-,-,4045.6000,4045.4000,4045.2000,4045.0000,4042.8000,4046.4000,4046.6000,4048.0000,4049.8000,4050.0000,1,2,2,4,12,3,1,1,1,2
SF,IF2006,2020-02-19 10:54:08.400,4045.8000,23797,0,3984003960.000,0,-,-,-,-,4045.6000,4045.4000,4045.2000,4045.0000,4042.8000,4046.4000,4046.6000,4048.0000,4049.8000,4050.0000,1,2,2,4,12,1,1,1,1,2
SF,IF2006,2020-02-19 10:54:09.900,4045.8000,23797,0,3984003960.000,0,-,-,-,-,4045.6000,4045.4000,4045.2000,4045.0000,4042.8000,4046.0000,4046.4000,4046.6000,4048.0000,4049.8000,1,2,2,4,12,1,1,1,1,1
SF,IF2006,2020-02-19 10:54:10.400,4045.6000,23797,0,3985217640.000,1,0,1,多换,S,4045.2000,4045.0000,4042.8000,4042.6000,4042.0000,4045.6000,4045.8000,4046.0000,4048.0000,4050.0000,2,4,12,10,12,2,2,2,1,2
SF,IF2006,2020-02-19 10:54:10.900,4045.2000,23797,0,3986431200.000,1,0,1,多换,S,4045.2000,4045.0000,4042.8000,4042.6000,4042.0000,4045.6000,4045.8000,4046.0000,4048.0000,4050.0000,1,4,12,10,12,2,2,1,1,2
SF,IF2006,2020-02-19 10:54:11.400,4045.2000,23798,1,3987644760.000,1,1,0,双开,S,4045.0000,4042.8000,4042.6000,4042.0000,4041.6000,4045.6000,4045.8000,4046.0000,4048.0000,4050.0000,4,12,10,12,1,2,2,1,1,2
SF,IF2006,2020-02-19 10:54:11.900,4045.0000,23800,2,3990071760.000,2,2,0,双开,S,4045.0000,4042.8000,4042.6000,4042.0000,4041.6000,4045.4000,4045.6000,4045.8000,4046.0000,4048.0000,2,12,10,12,1,2,2,2,1,1
SF,IF2006,2020-02-19 10:54:12.400,4042.8000,23800,0,3994924440.000,4,2,2,多换,S,4042.8000,4042.6000,4042.0000,4041.6000,4041.2000,4045.0000,4045.4000,4045.8000,4046.0000,4048.0000,10,10,12,1,1,2,1,2,1,1
SF,IF2006,2020-02-19 10:54:12.900,4044.8000,23800,0,3996137880.000,1,0,1,多换,S,4043.6000,4043.0000,4042.8000,4042.6000,4042.0000,4044.8000,4045.0000,4045.8000,4046.0000,4048.0000,3,2,10,10,12,1,2,2,1,1
SF,IF2006,2020-02-19 10:54:13.400,4044.8000,23800,0,3996137880.000,0,-,-,-,-,4043.6000,4043.0000,4042.8000,4042.6000,4042.0000,4044.6000,4044.8000,4045.0000,4045.8000,4046.0000,3,2,10,10,12,3,1,3,1,1
SF,IF2006,2020-02-19 10:54:14.400,4044.8000,23800,0,3996137880.000,0,-,-,-,-,4043.6000,4043.0000,4042.8000,4042.6000,4042.0000,4044.4000,4044.6000,4044.8000,4045.0000,4045.8000,2,2,10,10,12,2,1,1,2,1
SF,IF2006,2020-02-19 10:54:14.900,4044.8000,23800,0,3996137880.000,0,-,-,-,-,4043.0000,4042.8000,4042.6000,4042.0000,4041.6000,4044.2000,4044.4000,4044.6000,4044.8000,4045.0000,2,10,10,12,1,2,1,1,1,2
SF,IF2006,2020-02-19 10:54:15.400,4044.2000,23802,2,3998564400.000,2,2,0,双开,S,4043.2000,4043.0000,4042.8000,4042.6000,4042.0000,4043.6000,4044.2000,4044.4000,4044.6000,4044.8000,1,2,10,10,12,2,1,1,1,1
SF,IF2006,2020-02-19 10:54:15.900,4043.6000,23800,-2,4000990560.000,2,0,2,双平,S,4043.0000,4042.8000,4042.6000,4042.0000,4041.6000,4044.2000,4044.4000,4044.6000,4044.8000,4045.0000,2,10,10,12,1,1,1,1,1,2
SF,IF2006,2020-02-19 10:54:16.400,4043.6000,23800,0,4000990560.000,0,-,-,-,-,4043.0000,4042.8000,4042.6000,4042.0000,4041.6000,4044.2000,4044.4000,4044.6000,4044.8000,4045.0000,2,10,10,12,1,1,1,1,1,2
SF,IF2006,2020-02-19 10:54:16.900,4043.6000,23800,0,4000990560.000,0,-,-,-,-,4043.0000,4042.8000,4042.6000,4042.0000,4041.6000,4043.8000,4044.0000,4044.2000,4045.0000,4046.0000,2,10,10,12,1,1,3,2,2,1
SF,IF2006,2020-02-19 10:54:17.400,4043.6000,23800,0,4000990560.000,0,-,-,-,-,4042.8000,4042.6000,4042.0000,4041.6000,4041.2000,4043.6000,4043.8000,4044.0000,4044.2000,4045.0000,10,10,12,1,1,2,1,1,1,2
SF,IF2006,2020-02-19 10:54:17.900,4042.8000,23798,-2,4003416240.000,2,0,2,双平,S,4042.8000,4042.6000,4042.0000,4041.6000,4041.2000,4043.4000,4043.6000,4043.8000,4044.0000,4046.0000,8,10,12,1,1,1,2,1,1,1
SF,IF2006,2020-02-19 10:54:18.400,4043.2000,23798,0,4008268080.000,4,2,2,多换,S,4042.8000,4042.6000,4042.0000,4041.6000,4041.2000,4043.6000,4043.8000,4044.0000,4046.0000,4046.4000,8,10,12,1,1,2,1,1,1,1
SF,IF2006,2020-02-19 10:54:18.900,4043.2000,23798,0,4008268080.000,0,-,-,-,-,4042.8000,4042.6000,4042.0000,4041.6000,4041.2000,4043.8000,4044.0000,4046.0000,4046.4000,4048.0000,8,10,12,1,1,1,1,1,1,1
SF,IF2006,2020-02-19 10:54:19.400,4043.2000,23798,0,4008268080.000,0,-,-,-,-,4043.0000,4042.8000,4042.6000,4042.0000,4041.6000,4044.0000,4046.0000,4046.4000,4048.0000,4050.0000,3,8,10,12,1,1,1,1,1,2
SF,IF2006,2020-02-19 10:54:19.900,4043.2000,23798,0,4008268080.000,0,-,-,-,-,4043.4000,4043.0000,4042.8000,4042.6000,4042.0000,4044.0000,4046.0000,4046.4000,4048.0000,4050.0000,1,3,8,10,12,1,1,1,1,2
SF,IF2006,2020-02-19 10:54:20.400,4043.2000,23799,1,4009481040.000,1,1,0,双开,S,4043.0000,4042.8000,4042.6000,4042.0000,4041.6000,4043.2000,4043.4000,4043.8000,4044.0000,4046.0000,2,8,10,12,1,1,2,2,3,1
SF,IF2006,2020-02-19 10:54:20.900,4043.4000,23800,1,4011907020.000,2,1,1,空开,S,4043.0000,4042.8000,4042.6000,4042.0000,4041.6000,4044.0000,4046.0000,4046.4000,4048.0000,4050.0000,1,8,10,12,1,1,1,1,1,2
SF,IF2006,2020-02-19 10:54:21.400,4043.4000,23800,0,4011907020.000,0,-,-,-,-,4043.0000,4042.8000,4042.6000,4042.0000,4041.6000,4043.8000,4046.0000,4046.4000,4048.0000,4050.0000,1,8,10,12,1,1,1,1,1,2
SF,IF2006,2020-02-19 10:54:22.900,4043.0000,23799,-1,4013119920.000,1,0,1,双平,S,4042.8000,4042.6000,4042.0000,4041.6000,4041.2000,4043.0000,4043.8000,4046.0000,4046.4000,4048.0000,8,10,12,1,1,1,1,1,1,1
SF,IF2006,2020-02-19 10:54:23.400,4043.0000,23798,-1,4014332820.000,1,0,1,双平,S,4043.0000,4042.8000,4042.6000,4042.0000,4041.6000,4043.8000,4046.0000,4046.4000,4048.0000,4050.0000,1,8,10,12,1,1,1,1,1,2
SF,IF2006,2020-02-19 10:54:24.400,4043.0000,23798,0,4014332820.000,0,-,-,-,-,4043.0000,4042.8000,4042.6000,4042.0000,4041.6000,4043.8000,4044.0000,4046.0000,4046.4000,4048.0000,1,8,10,12,1,2,1,1,1,1
SF,IF2006,2020-02-19 10:54:24.900,4043.0000,23798,0,4014332820.000,0,-,-,-,-,4043.0000,4042.8000,4042.6000,4042.0000,4041.6000,4043.4000,4044.0000,4046.0000,4046.4000,4048.0000,1,8,10,12,1,2,1,1,1,1
SF,IF2006,2020-02-19 10:54:25.400,4043.4000,23796,-2,4016758860.000,2,0,2,双平,S,4043.0000,4042.8000,4042.6000,4042.0000,4041.6000,4046.0000,4048.0000,4050.0000,4053.0000,4054.6000,1,8,10,12,1,1,1,2,1,1
SF,IF2006,2020-02-19 10:54:25.900,4043.2000,23796,0,4017971820.000,1,0,1,多换,S,4043.2000,4043.0000,4042.8000,4042.6000,4042.0000,4044.2000,4044.6000,4044.8000,4045.8000,4046.0000,4,1,8,10,12,1,1,1,5,4
SF,IF2006,2020-02-19 10:54:26.400,4044.2000,23795,-1,4019185080.000,1,0,1,双平,S,4043.6000,4043.4000,4043.2000,4043.0000,4042.8000,4045.0000,4045.4000,4045.8000,4046.0000,4048.0000,1,3,3,1,8,1,1,4,3,1
SF,IF2006,2020-02-19 10:54:26.900,4044.2000,23795,0,4019185080.000,0,-,-,-,-,4044.0000,4043.8000,4043.6000,4043.2000,4043.0000,4044.8000,4045.4000,4045.8000,4046.0000,4048.0000,2,2,1,2,1,2,1,2,3,1
SF,IF2006,2020-02-19 10:54:27.400,4044.2000,23795,0,4019185080.000,0,-,-,-,-,4044.2000,4043.8000,4043.2000,4043.0000,4042.8000,4044.8000,4045.8000,4046.0000,4048.0000,4050.0000,1,1,2,1,8,2,2,2,1,2
SF,IF2006,2020-02-19 10:54:27.900,4044.2000,23795,0,4019185080.000,0,-,-,-,-,4044.2000,4043.8000,4043.2000,4043.0000,4042.8000,4045.8000,4046.0000,4048.0000,4050.0000,4053.0000,1,1,2,1,8,2,2,1,2,1
SF,IF2006,2020-02-19 10:54:28.400,4044.2000,23795,0,4019185080.000,0,-,-,-,-,4044.4000,4044.2000,4043.2000,4042.8000,4042.6000,4045.0000,4045.6000,4045.8000,4048.0000,4050.0000,2,1,2,8,10,1,2,4,1,2
SF,IF2006,2020-02-19 10:54:28.900,4045.0000,23794,-1,4020398580.000,1,0,1,双平,S,4044.6000,4043.2000,4042.8000,4042.6000,4042.0000,4045.6000,4045.8000,4048.0000,4050.0000,4053.0000,1,2,8,10,12,2,3,1,2,1
SF,IF2006,2020-02-19 10:54:29.400,4044.8000,23794,0,4021612020.000,1,0,1,多换,S,4044.6000,4043.2000,4042.8000,4042.6000,4042.0000,4045.6000,4045.8000,4048.0000,4050.0000,4053.0000,1,2,8,10,12,2,2,1,2,1
SF,IF2006,2020-02-19 10:54:30.400,4044.8000,23794,0,4021612020.000,0,-,-,-,-,4044.6000,4043.2000,4042.8000,4042.6000,4042.0000,4045.6000,4045.8000,4050.0000,4053.0000,4054.8000,1,2,8,10,12,2,2,2,1,2
SF,IF2006,2020-02-19 10:54:30.900,4044.8000,23794,0,4021612020.000,0,-,-,-,-,4043.2000,4042.8000,4042.6000,4042.0000,4041.6000,4045.4000,4045.6000,4045.8000,4050.0000,4053.0000,2,8,10,12,1,2,2,2,2,1
SF,IF2006,2020-02-19 10:54:31.400,4044.8000,23794,0,4021612020.000,0,-,-,-,-,4043.8000,4043.6000,4043.2000,4042.8000,4042.6000,4045.2000,4045.4000,4045.8000,4050.0000,4053.0000,2,3,2,8,10,2,2,2,2,1
SF,IF2006,2020-02-19 10:54:31.900,4044.8000,23794,0,4021612020.000,0,-,-,-,-,4044.2000,4044.0000,4043.8000,4042.8000,4042.6000,4045.2000,4045.4000,4050.0000,4053.0000,4054.8000,3,3,1,8,10,2,2,2,1,2
SF,IF2006,2020-02-19 10:54:32.400,4045.2000,23793,-1,4022825580.000,1,0,1,双平,S,4044.6000,4044.4000,4042.8000,4042.6000,4042.0000,4050.0000,4053.0000,4054.8000,4055.0000,4056.2000,1,6,8,10,12,2,1,2,6,5
SF,IF2006,2020-02-19 10:54:32.900,4045.2000,23793,0,4022825580.000,0,-,-,-,-,4045.2000,4044.8000,4044.6000,4044.4000,4042.8000,4046.2000,4046.6000,4046.8000,4047.0000,4047.6000,1,2,1,1,8,1,1,1,5,3
SF,IF2006,2020-02-19 10:54:33.400,4044.8000,23793,0,4026466140.000,3,1,2,多换,S,4044.8000,4044.4000,4042.8000,4042.6000,4042.0000,4045.2000,4046.2000,4046.6000,4047.0000,4048.0000,1,1,8,10,12,1,1,1,3,3
SF,IF2006,2020-02-19 10:54:33.900,4044.8000,23793,0,4026466140.000,0,-,-,-,-,4044.4000,4043.8000,4042.8000,4042.6000,4042.0000,4045.2000,4046.2000,4046.6000,4046.8000,4047.0000,1,1,8,10,12,1,1,1,1,3
SF,IF2006,2020-02-19 10:54:34.400,4044.8000,23793,0,4026466140.000,0,-,-,-,-,4044.6000,4044.4000,4043.8000,4042.8000,4042.6000,4045.2000,4046.2000,4046.6000,4046.8000,4047.0000,1,1,1,8,10,1,1,1,1,3
SF,IF2006,2020-02-19 10:54:35.900,4044.8000,23793,0,4026466140.000,0,-,-,-,-,4044.4000,4043.8000,4042.8000,4042.6000,4042.0000,4044.6000,4045.2000,4046.2000,4046.6000,4046.8000,1,1,8,10,12,1,1,1,1,1
SF,IF2006,2020-02-19 10:54:36.400,4045.2000,23793,0,4027679700.000,1,0,1,多换,S,4043.8000,4042.8000,4042.6000,4042.0000,4041.6000,4046.2000,4046.6000,4046.8000,4047.0000,4048.0000,1,8,10,12,1,1,1,1,3,3
SF,IF2006,2020-02-19 10:54:36.900,4045.2000,23793,0,4027679700.000,0,-,-,-,-,4044.0000,4043.8000,4042.8000,4042.6000,4042.0000,4045.2000,4045.4000,4045.8000,4046.0000,4046.2000,2,1,8,10,12,1,1,1,6,1
SF,IF2006,2020-02-19 10:54:37.400,4045.2000,23793,0,4027679700.000,0,-,-,-,-,4044.0000,4043.8000,4042.8000,4042.6000,4042.0000,4045.2000,4045.4000,4046.0000,4046.2000,4047.0000,2,1,8,10,12,2,1,5,1,2
SF,IF2006,2020-02-19 10:54:37.900,4045.2000,23793,0,4028893260.000,1,0,1,多换,S,4044.0000,4043.8000,4042.8000,4042.6000,4042.0000,4045.2000,4045.4000,4046.0000,4046.2000,4047.0000,2,1,8,10,12,1,1,5,1,2
SF,IF2006,2020-02-19 10:54:38.400,4045.2000,23793,0,4028893260.000,0,-,-,-,-,4044.0000,4043.8000,4042.8000,4042.6000,4042.0000,4045.2000,4045.4000,4046.0000,4046.2000,4047.0000,2,1,8,10,12,2,1,5,1,2
SF,IF2006,2020-02-19 10:54:38.900,4045.2000,23792,-1,4030106820.000,1,0,1,双平,S,4044.0000,4043.8000,4042.8000,4042.6000,4042.0000,4045.2000,4045.4000,4046.0000,4046.2000,4047.0000,2,1,8,10,12,1,1,5,1,2
SF,IF2006,2020-02-19 10:54:39.400,4045.2000,23792,0,4030106820.000,0,-,-,-,-,4044.4000,4044.0000,4043.8000,4042.8000,4042.6000,4045.2000,4045.4000,4046.0000,4046.2000,4047.0000,1,2,1,8,10,1,1,5,1,2
SF,IF2006,2020-02-19 10:54:40.400,4044.4000,23793,1,4031320140.000,1,1,0,双开,S,4044.0000,4043.8000,4042.8000,4042.6000,4042.0000,4045.0000,4045.2000,4045.4000,4046.0000,4046.2000,2,1,8,10,12,1,1,1,4,1
SF,IF2006,2020-02-19 10:54:40.900,4044.4000,23793,0,4031320140.000,0,-,-,-,-,4044.0000,4043.8000,4042.8000,4042.6000,4042.0000,4045.0000,4045.2000,4045.4000,4046.0000,4046.2000,2,1,8,10,12,2,1,1,4,1
SF,IF2006,2020-02-19 10:54:41.400,4044.0000,23792,-1,4032533340.000,1,0,1,双平,S,4043.8000,4042.8000,4042.6000,4042.0000,4041.6000,4044.8000,4045.0000,4045.2000,4045.4000,4046.0000,1,8,10,12,1,3,2,1,1,2
SF,IF2006,2020-02-19 10:54:41.900,4044.0000,23792,0,4032533340.000,0,-,-,-,-,4043.8000,4042.8000,4042.6000,4042.0000,4041.6000,4044.8000,4045.0000,4045.2000,4046.0000,4046.2000,1,8,10,12,1,3,1,1,2,1
SF,IF2006,2020-02-19 10:54:42.400,4044.0000,23792,0,4032533340.000,0,-,-,-,-,4043.8000,4042.8000,4042.6000,4042.0000,4041.6000,4044.8000,4045.0000,4045.2000,4046.0000,4046.2000,1,8,10,12,1,3,1,1,2,1
SF,IF2006,2020-02-19 10:54:42.900,4044.0000,23792,0,4032533340.000,0,-,-,-,-,4043.8000,4042.8000,4042.6000,4042.0000,4041.6000,4044.6000,4044.8000,4045.0000,4045.2000,4046.0000,1,8,10,12,1,1,3,1,1,2
SF,IF2006,2020-02-19 10:54:43.900,4044.0000,23792,0,4032533340.000,0,-,-,-,-,4043.8000,4042.8000,4042.6000,4042.0000,4041.6000,4044.8000,4045.2000,4046.0000,4046.2000,4047.0000,1,8,10,12,1,3,1,2,1,2
SF,IF2006,2020-02-19 10:54:45.900,4044.0000,23792,0,4032533340.000,0,-,-,-,-,4043.8000,4042.8000,4042.6000,4042.0000,4041.6000,4044.4000,4044.6000,4044.8000,4046.0000,4046.2000,1,8,10,12,1,1,1,3,2,1
SF,IF2006,2020-02-19 10:54:46.400,4044.0000,23792,0,4032533340.000,0,-,-,-,-,4043.8000,4042.8000,4042.6000,4042.0000,4041.6000,4044.4000,4044.6000,4044.8000,4046.0000,4046.2000,1,8,10,12,1,1,2,3,2,1
SF,IF2006,2020-02-19 10:54:46.900,4043.8000,23793,1,4033746480.000,1,1,0,双开,S,4042.8000,4042.6000,4042.0000,4041.6000,4041.2000,4044.2000,4044.4000,4044.6000,4044.8000,4046.0000,8,10,12,1,1,1,1,1,3,2
SF,IF2006,2020-02-19 10:54:47.400,4043.8000,23793,0,4033746480.000,0,-,-,-,-,4043.2000,4043.0000,4042.8000,4042.6000,4042.0000,4044.0000,4044.2000,4044.4000,4044.6000,4044.8000,1,1,8,10,12,2,1,1,1,1
SF,IF2006,2020-02-19 10:54:47.900,4043.8000,23793,0,4033746480.000,0,-,-,-,-,4043.2000,4043.0000,4042.8000,4042.6000,4042.0000,4043.8000,4044.0000,4044.2000,4044.4000,4044.6000,1,1,8,10,12,3,2,1,1,1
SF,IF2006,2020-02-19 10:54:48.400,4043.8000,23793,0,4037385900.000,3,1,2,多换,S,4043.2000,4043.0000,4042.8000,4042.6000,4042.0000,4044.0000,4044.2000,4044.4000,4044.8000,4046.0000,1,1,8,10,12,2,1,1,1,2
SF,IF2006,2020-02-19 10:54:48.900,4043.8000,23793,0,4037385900.000,0,-,-,-,-,4043.2000,4043.0000,4042.8000,4042.6000,4042.0000,4044.0000,4044.2000,4044.4000,4044.8000,4046.0000,1,1,8,10,12,2,1,1,1,2
SF,IF2006,2020-02-19 10:54:49.400,4043.8000,23793,0,4037385900.000,0,-,-,-,-,4043.2000,4043.0000,4042.8000,4042.6000,4042.0000,4044.0000,4044.2000,4044.4000,4044.8000,4046.0000,1,1,8,10,12,2,1,1,1,2
SF,IF2006,2020-02-19 10:54:49.900,4043.8000,23793,0,4037385900.000,0,-,-,-,-,4043.2000,4043.0000,4042.8000,4042.6000,4042.0000,4044.0000,4044.2000,4044.4000,4044.8000,4046.0000,1,2,8,10,12,2,1,1,1,2
SF,IF2006,2020-02-19 10:54:50.400,4043.8000,23794,1,4038599040.000,1,1,0,双开,S,4043.2000,4043.0000,4042.8000,4042.6000,4042.0000,4044.0000,4044.4000,4044.8000,4046.0000,4046.2000,1,2,8,10,12,2,1,1,2,1
SF,IF2006,2020-02-19 10:54:52.400,4043.8000,23794,0,4038599040.000,0,-,-,-,-,4043.2000,4043.0000,4042.8000,4042.6000,4042.0000,4044.0000,4044.4000,4044.8000,4046.0000,4046.2000,1,2,8,10,12,3,1,1,2,1
SF,IF2006,2020-02-19 10:54:52.900,4043.2000,23793,-1,4039812000.000,1,0,1,双平,S,4043.0000,4042.8000,4042.6000,4042.0000,4041.6000,4044.0000,4044.4000,4044.8000,4046.0000,4046.2000,2,8,10,12,1,1,1,1,2,1
SF,IF2006,2020-02-19 10:54:53.400,4043.2000,23793,0,4039812000.000,0,-,-,-,-,4043.2000,4043.0000,4042.8000,4042.6000,4042.0000,4044.0000,4044.4000,4044.8000,4046.0000,4046.2000,1,2,8,10,12,1,1,1,2,1
SF,IF2006,2020-02-19 10:54:53.900,4043.2000,23793,0,4039812000.000,0,-,-,-,-,4043.8000,4043.0000,4042.8000,4042.6000,4042.0000,4044.0000,4044.4000,4044.8000,4046.0000,4046.2000,1,2,8,10,12,1,1,1,2,1
SF,IF2006,2020-02-19 10:54:54.400,4043.8000,23792,-1,4041025140.000,1,0,1,双平,S,4043.0000,4042.8000,4042.6000,4042.0000,4041.6000,4043.8000,4044.0000,4044.4000,4044.8000,4046.0000,2,8,10,12,1,1,1,1,1,2
SF,IF2006,2020-02-19 10:54:54.900,4043.8000,23792,0,4041025140.000,0,-,-,-,-,4043.0000,4042.8000,4042.6000,4042.0000,4041.6000,4044.0000,4044.4000,4044.8000,4046.0000,4046.2000,2,8,10,12,1,1,1,1,2,1
SF,IF2006,2020-02-19 10:54:55.900,4043.8000,23792,0,4041025140.000,0,-,-,-,-,4043.2000,4043.0000,4042.8000,4042.6000,4042.0000,4044.0000,4044.4000,4044.8000,4046.0000,4046.2000,1,2,8,10,12,1,1,1,2,1
SF,IF2006,2020-02-19 10:54:56.900,4043.8000,23792,0,4041025140.000,0,-,-,-,-,4043.2000,4043.0000,4042.8000,4042.6000,4042.0000,4044.0000,4044.4000,4044.8000,4046.0000,4046.2000,1,3,8,10,12,1,1,1,2,1
SF,IF2006,2020-02-19 10:54:58.900,4043.8000,23792,0,4041025140.000,0,-,-,-,-,4043.2000,4043.0000,4042.8000,4042.6000,4042.0000,4044.0000,4044.4000,4044.8000,4046.0000,4046.2000,1,3,16,10,12,1,1,1,2,1
SF,IF2006,2020-02-19 10:54:59.900,4043.2000,23792,0,4042238100.000,1,0,1,多换,S,4043.0000,4042.8000,4042.6000,4042.0000,4041.6000,4044.0000,4044.4000,4044.8000,4046.0000,4046.2000,3,16,10,12,1,1,1,1,2,1
SF,IF2006,2020-02-19 10:55:00.400,4043.2000,23792,0,4042238100.000,0,-,-,-,-,4043.0000,4042.8000,4042.6000,4042.0000,4041.6000,4044.0000,4044.4000,4044.8000,4046.0000,4046.2000,3,16,10,12,1,1,1,1,2,1
SF,IF2006,2020-02-19 10:55:01.400,4044.0000,23792,0,4043451300.000,1,0,1,多换,S,4043.0000,4042.8000,4042.6000,4042.0000,4041.6000,4044.4000,4044.8000,4046.0000,4046.2000,4047.0000,3,16,10,12,1,1,1,2,1,2
SF,IF2006,2020-02-19 10:55:01.900,4044.0000,23792,0,4043451300.000,0,-,-,-,-,4043.0000,4042.8000,4042.6000,4042.0000,4041.6000,4044.2000,4044.4000,4044.8000,4046.0000,4046.2000,3,16,10,12,1,2,1,1,2,1
SF,IF2006,2020-02-19 10:55:02.400,4044.0000,23792,0,4043451300.000,0,-,-,-,-,4043.0000,4042.8000,4042.6000,4042.0000,4041.6000,4044.2000,4044.4000,4044.8000,4046.0000,4046.2000,3,16,10,12,1,2,1,1,2,1
SF,IF2006,2020-02-19 10:55:02.900,4044.0000,23792,0,4043451300.000,0,-,-,-,-,4043.4000,4043.2000,4043.0000,4042.8000,4042.6000,4044.2000,4044.4000,4044.8000,4046.0000,4046.2000,1,1,2,16,10,2,1,1,2,1
SF,IF2006,2020-02-19 10:55:03.400,4044.0000,23792,0,4043451300.000,0,-,-,-,-,4043.4000,4043.2000,4043.0000,4042.8000,4042.6000,4044.4000,4044.8000,4046.0000,4046.2000,4047.0000,1,1,2,16,10,1,1,2,1,2
SF,IF2006,2020-02-19 10:55:03.900,4044.4000,23791,-1,4044664620.000,1,0,1,双平,S,4043.8000,4043.6000,4043.2000,4043.0000,4042.8000,4046.0000,4046.2000,4047.0000,4048.0000,4048.2000,1,3,1,2,16,2,1,2,1,1
SF,IF2006,2020-02-19 10:55:04.400,4044.4000,23791,0,4044664620.000,0,-,-,-,-,4044.4000,4044.2000,4044.0000,4043.0000,4042.8000,4045.4000,4045.6000,4045.8000,4047.0000,4048.0000,1,1,3,2,16,1,1,3,2,1
SF,IF2006,2020-02-19 10:55:04.900,4044.4000,23791,0,4044664620.000,0,-,-,-,-,4044.2000,4044.0000,4043.0000,4042.8000,4042.6000,4045.2000,4045.4000,4045.6000,4047.0000,4048.0000,1,3,2,16,10,2,2,1,2,1
SF,IF2006,2020-02-19 10:55:05.400,4044.4000,23791,0,4044664620.000,0,-,-,-,-,4044.4000,4044.2000,4044.0000,4043.0000,4042.8000,4045.2000,4045.4000,4045.6000,4047.0000,4048.0000,1,1,3,2,16,2,1,1,2,1
SF,IF2006,2020-02-19 10:55:06.400,4044.4000,23791,0,4044664620.000,0,-,-,-,-,4044.4000,4044.2000,4044.0000,4043.0000,4042.8000,4045.2000,4045.4000,4045.6000,4047.0000,4048.0000,1,1,3,2,16,2,1,1,2,1
SF,IF2006,2020-02-19 10:55:06.900,4044.4000,23791,0,4044664620.000,0,-,-,-,-,4044.4000,4044.2000,4044.0000,4043.0000,4042.8000,4045.2000,4045.6000,4047.0000,4048.0000,4048.2000,1,1,2,3,16,2,1,2,1,1
SF,IF2006,2020-02-19 10:55:07.400,4044.4000,23791,0,4044664620.000,0,-,-,-,-,4044.4000,4044.2000,4044.0000,4043.0000,4042.8000,4045.2000,4045.6000,4047.0000,4048.0000,4048.2000,1,1,2,3,16,2,1,2,1,1
SF,IF2006,2020-02-19 10:55:08.400,4045.2000,23791,0,4047091740.000,2,1,1,多换,S,4044.4000,4044.2000,4044.0000,4043.0000,4042.8000,4045.6000,4047.0000,4048.0000,4048.2000,4048.8000,1,1,2,3,16,1,2,1,1,1
SF,IF2006,2020-02-19 10:55:08.900,4045.2000,23791,0,4047091740.000,0,-,-,-,-,4044.6000,4044.4000,4044.2000,4044.0000,4043.0000,4045.6000,4046.0000,4047.0000,4048.0000,4048.2000,1,1,1,2,3,1,1,2,1,1
SF,IF2006,2020-02-19 10:55:10.900,4045.6000,23791,0,4048305420.000,1,0,1,多换,S,4044.6000,4044.4000,4044.2000,4044.0000,4043.0000,4045.4000,4047.0000,4048.0000,4048.2000,4048.8000,1,1,1,2,3,1,2,1,1,1
SF,IF2006,2020-02-19 10:55:11.400,4045.6000,23791,0,4048305420.000,0,-,-,-,-,4044.6000,4044.2000,4044.0000,4043.0000,4042.8000,4045.4000,4047.0000,4048.0000,4048.2000,4048.8000,1,1,2,3,16,1,2,1,1,1
SF,IF2006,2020-02-19 10:55:11.900,4045.6000,23791,0,4048305420.000,0,-,-,-,-,4044.4000,4044.2000,4044.0000,4043.0000,4042.8000,4045.4000,4047.0000,4048.0000,4048.2000,4048.8000,1,1,2,3,16,1,2,1,1,1
SF,IF2006,2020-02-19 10:55:12.400,4045.6000,23791,0,4049519100.000,1,0,1,多换,S,4045.0000,4044.6000,4044.4000,4044.2000,4044.0000,4047.0000,4048.0000,4048.2000,4048.8000,4049.0000,3,1,1,1,2,2,1,1,1,1
SF,IF2006,2020-02-19 10:55:12.900,4045.6000,23791,0,4049519100.000,0,-,-,-,-,4045.2000,4045.0000,4044.6000,4044.4000,4043.0000,4046.0000,4046.2000,4046.4000,4046.6000,4046.8000,2,3,1,1,3,1,1,1,1,6
SF,IF2006,2020-02-19 10:55:13.400,4045.6000,23791,0,4049519100.000,0,-,-,-,-,4045.4000,4045.2000,4045.0000,4043.0000,4042.8000,4046.0000,4046.2000,4046.4000,4046.6000,4046.8000,1,2,3,3,16,1,1,1,1,5
SF,IF2006,2020-02-19 10:55:14.400,4045.6000,23791,0,4049519100.000,0,-,-,-,-,4045.4000,4045.2000,4045.0000,4043.0000,4042.8000,4046.0000,4046.2000,4046.4000,4046.6000,4046.8000,1,2,3,3,8,1,2,1,1,5
SF,IF2006,2020-02-19 10:55:14.900,4045.6000,23791,0,4049519100.000,0,-,-,-,-,4045.4000,4045.2000,4045.0000,4043.0000,4042.8000,4046.0000,4046.2000,4046.4000,4046.6000,4046.8000,1,2,3,3,8,1,2,1,1,5
SF,IF2006,2020-02-19 10:55:15.400,4045.6000,23791,0,4049519100.000,0,-,-,-,-,4045.4000,4045.2000,4045.0000,4043.0000,4042.8000,4045.8000,4046.0000,4046.2000,4046.4000,4046.6000,1,2,3,3,8,1,1,1,1,1
SF,IF2006,2020-02-19 10:55:15.900,4045.6000,23791,0,4049519100.000,0,-,-,-,-,4045.4000,4045.2000,4045.0000,4043.0000,4042.8000,4045.8000,4046.2000,4046.4000,4046.6000,4046.8000,1,2,3,3,8,1,1,1,1,5
SF,IF2006,2020-02-19 10:55:16.900,4045.6000,23791,0,4049519100.000,0,-,-,-,-,4045.4000,4045.2000,4045.0000,4043.0000,4042.8000,4046.2000,4046.4000,4046.6000,4046.8000,4047.0000,1,2,3,3,8,1,1,1,5,1
SF,IF2006,2020-02-19 10:55:18.400,4045.6000,23791,0,4049519100.000,0,-,-,-,-,4045.4000,4045.2000,4045.0000,4043.0000,4042.8000,4046.2000,4046.4000,4046.6000,4046.8000,4047.0000,1,2,3,3,8,1,1,1,5,1
SF,IF2006,2020-02-19 10:55:18.900,4045.6000,23791,0,4049519100.000,0,-,-,-,-,4045.4000,4045.2000,4045.0000,4043.0000,4042.8000,4046.6000,4046.8000,4047.0000,4048.8000,4049.0000,1,2,3,3,8,1,5,1,1,1
SF,IF2006,2020-02-19 10:55:19.400,4045.6000,23791,0,4049519100.000,0,-,-,-,-,4045.4000,4045.2000,4045.0000,4043.0000,4042.8000,4046.6000,4046.8000,4047.0000,4048.8000,4049.0000,1,2,3,3,8,1,4,1,1,1
SF,IF2006,2020-02-19 10:55:19.900,4045.6000,23791,0,4049519100.000,0,-,-,-,-,4045.4000,4045.2000,4045.0000,4043.0000,4042.8000,4046.4000,4046.8000,4047.0000,4048.8000,4049.0000,1,2,3,3,8,1,2,1,1,1
SF,IF2006,2020-02-19 10:55:21.900,4046.4000,23790,-1,4050733020.000,1,0,1,双平,S,4045.4000,4045.2000,4045.0000,4043.0000,4042.8000,4046.8000,4047.0000,4048.8000,4049.0000,4049.6000,1,2,3,3,8,2,1,1,1,1
SF,IF2006,2020-02-19 10:55:22.400,4046.4000,23790,0,4050733020.000,0,-,-,-,-,4045.6000,4045.4000,4045.0000,4043.0000,4042.8000,4046.6000,4046.8000,4047.0000,4048.8000,4049.0000,2,1,3,3,8,1,2,1,1,1
SF,IF2006,2020-02-19 10:55:23.900,4046.4000,23790,0,4050733020.000,0,-,-,-,-,4045.6000,4045.4000,4045.0000,4044.8000,4043.0000,4046.6000,4046.8000,4047.0000,4048.8000,4049.0000,2,1,3,1,3,1,2,1,1,1
SF,IF2006,2020-02-19 10:55:26.400,4046.4000,23790,0,4050733020.000,0,-,-,-,-,4045.6000,4045.4000,4045.0000,4044.8000,4043.0000,4046.6000,4046.8000,4047.0000,4048.8000,4049.0000,2,2,3,1,3,1,2,1,1,1
SF,IF2006,2020-02-19 10:55:26.900,4045.6000,23788,-2,4053160380.000,2,0,2,双平,S,4045.4000,4045.0000,4044.8000,4043.0000,4042.8000,4046.6000,4046.8000,4047.0000,4048.8000,4049.0000,2,3,1,3,8,1,2,1,1,1
SF,IF2006,2020-02-19 10:55:27.400,4045.6000,23788,0,4053160380.000,0,-,-,-,-,4045.6000,4045.4000,4045.0000,4044.8000,4043.0000,4046.8000,4048.8000,4049.0000,4049.6000,4049.8000,3,2,3,1,3,2,1,1,1,2
SF,IF2006,2020-02-19 10:55:27.900,4045.6000,23788,0,4053160380.000,0,-,-,-,-,4046.0000,4045.8000,4045.6000,4045.4000,4045.0000,4048.8000,4049.0000,4049.6000,4049.8000,4050.0000,1,2,2,2,3,1,1,1,2,5
SF,IF2006,2020-02-19 10:55:28.400,4045.6000,23788,0,4053160380.000,0,-,-,-,-,4046.2000,4046.0000,4045.4000,4045.0000,4044.8000,4047.8000,4048.0000,4048.2000,4048.4000,4048.6000,3,1,2,3,1,2,1,1,2,4
SF,IF2006,2020-02-19 10:55:28.900,4045.6000,23788,0,4053160380.000,0,-,-,-,-,4046.4000,4046.2000,4045.4000,4045.0000,4044.8000,4047.6000,4047.8000,4048.0000,4048.2000,4048.4000,1,3,2,3,1,2,1,1,2,1
SF,IF2006,2020-02-19 10:55:29.400,4045.6000,23788,0,4053160380.000,0,-,-,-,-,4046.4000,4046.2000,4045.4000,4045.0000,4044.8000,4047.4000,4047.6000,4047.8000,4048.0000,4048.2000,1,3,2,3,1,1,2,1,1,1
SF,IF2006,2020-02-19 10:55:29.900,4045.6000,23788,0,4053160380.000,0,-,-,-,-,4046.4000,4046.2000,4045.4000,4045.0000,4044.8000,4047.4000,4047.6000,4047.8000,4048.0000,4048.4000,1,3,2,3,1,2,2,1,1,1
SF,IF2006,2020-02-19 10:55:30.400,4045.6000,23788,0,4053160380.000,0,-,-,-,-,4046.2000,4045.4000,4045.0000,4044.8000,4043.0000,4047.4000,4047.6000,4047.8000,4048.0000,4048.4000,3,1,3,1,2,2,2,1,1,1
SF,IF2006,2020-02-19 10:55:30.900,4047.2000,23788,0,4054374540.000,1,0,1,多换,S,4046.2000,4045.4000,4045.0000,4044.8000,4044.4000,4047.2000,4047.4000,4048.0000,4048.4000,4048.6000,3,1,3,1,1,2,2,1,1,3
SF,IF2006,2020-02-19 10:55:31.400,4047.2000,23788,0,4056802860.000,2,1,1,多换,S,4046.2000,4045.4000,4045.0000,4044.8000,4044.4000,4047.2000,4047.4000,4048.0000,4048.4000,4048.6000,3,1,3,1,1,2,1,1,1,3
SF,IF2006,2020-02-19 10:55:31.900,4047.2000,23788,0,4056802860.000,0,-,-,-,-,4046.4000,4046.2000,4045.4000,4045.0000,4044.8000,4047.0000,4047.2000,4047.4000,4048.0000,4048.4000,1,1,1,3,1,1,1,1,1,1
SF,IF2006,2020-02-19 10:55:32.400,4047.2000,23788,0,4056802860.000,0,-,-,-,-,4046.4000,4046.2000,4045.4000,4045.0000,4044.8000,4047.0000,4047.2000,4047.4000,4048.0000,4048.4000,1,1,1,3,1,2,1,1,1,1
SF,IF2006,2020-02-19 10:55:34.400,4046.4000,23788,0,4058016780.000,1,0,1,多换,S,4046.2000,4045.4000,4045.0000,4044.8000,4044.4000,4046.4000,4047.0000,4047.2000,4047.4000,4048.0000,1,1,3,1,1,1,2,1,1,1
SF,IF2006,2020-02-19 10:55:34.900,4046.4000,23788,0,4059230700.000,1,0,1,多换,S,4045.4000,4045.0000,4044.8000,4044.4000,4043.0000,4047.0000,4047.2000,4047.4000,4048.0000,4048.4000,1,3,1,1,2,2,1,1,1,1
SF,IF2006,2020-02-19 10:55:35.400,4046.4000,23788,0,4059230700.000,0,-,-,-,-,4045.8000,4045.6000,4045.4000,4045.0000,4044.8000,4046.8000,4047.0000,4047.4000,4048.0000,4048.4000,2,4,1,3,1,2,2,1,1,1
SF,IF2006,2020-02-19 10:55:35.900,4046.4000,23788,0,4059230700.000,0,-,-,-,-,4045.8000,4045.6000,4045.4000,4045.0000,4044.8000,4046.8000,4047.0000,4047.4000,4048.0000,4048.4000,2,4,1,3,1,3,1,1,1,1
SF,IF2006,2020-02-19 10:55:36.400,4046.4000,23788,0,4059230700.000,0,-,-,-,-,4045.8000,4045.6000,4045.4000,4045.0000,4044.8000,4046.8000,4047.0000,4047.4000,4048.0000,4048.4000,2,4,1,3,1,3,1,1,1,1
SF,IF2006,2020-02-19 10:55:36.900,4046.4000,23788,0,4059230700.000,0,-,-,-,-,4045.8000,4045.6000,4045.4000,4045.0000,4044.8000,4046.6000,4046.8000,4047.0000,4047.4000,4048.0000,2,3,1,3,1,1,3,1,1,1
SF,IF2006,2020-02-19 10:55:37.400,4046.4000,23788,0,4059230700.000,0,-,-,-,-,4045.8000,4045.6000,4045.4000,4045.0000,4044.8000,4046.6000,4046.8000,4047.0000,4047.4000,4048.0000,2,3,1,3,1,2,3,1,1,1
SF,IF2006,2020-02-19 10:55:38.900,4046.4000,23788,0,4059230700.000,0,-,-,-,-,4046.2000,4045.8000,4045.6000,4045.4000,4045.0000,4046.6000,4046.8000,4047.0000,4047.4000,4048.0000,3,2,3,1,3,2,3,1,1,1
SF,IF2006,2020-02-19 10:55:39.400,4046.4000,23788,0,4059230700.000,0,-,-,-,-,4046.2000,4045.8000,4045.6000,4045.4000,4045.0000,4046.4000,4046.6000,4046.8000,4048.0000,4048.6000,3,2,3,1,3,1,1,3,1,3
SF,IF2006,2020-02-19 10:55:39.900,4046.4000,23788,0,4061658480.000,2,1,1,多换,S,4046.2000,4045.8000,4045.6000,4045.4000,4045.0000,4046.8000,4048.0000,4048.6000,4048.8000,4049.0000,2,2,3,1,3,3,1,3,1,1
SF,IF2006,2020-02-19 10:55:40.400,4046.2000,23790,2,4064086200.000,2,2,0,双开,S,4045.8000,4045.6000,4045.4000,4045.0000,4044.8000,4046.8000,4048.0000,4048.6000,4048.8000,4049.0000,2,3,1,3,1,3,1,3,1,1
SF,IF2006,2020-02-19 10:55:40.900,4046.2000,23790,0,4064086200.000,0,-,-,-,-,4045.4000,4045.0000,4044.8000,4044.4000,4043.0000,4046.2000,4046.8000,4048.0000,4048.6000,4048.8000,1,3,1,1,2,1,4,1,3,1
SF,IF2006,2020-02-19 10:55:41.900,4046.2000,23790,0,4064086200.000,0,-,-,-,-,4045.4000,4045.0000,4044.8000,4043.0000,4042.8000,4046.2000,4046.8000,4048.0000,4048.6000,4048.8000,1,3,1,2,8,1,4,1,3,1
SF,IF2006,2020-02-19 10:55:42.900,4046.2000,23790,0,4064086200.000,0,-,-,-,-,4046.0000,4045.4000,4045.0000,4044.8000,4043.0000,4046.2000,4046.8000,4048.0000,4048.6000,4048.8000,8,1,3,1,2,1,4,1,3,1
SF,IF2006,2020-02-19 10:55:43.400,4046.0000,23789,-1,4065300000.000,1,0,1,双平,S,4046.0000,4045.4000,4045.0000,4044.8000,4043.0000,4046.2000,4046.8000,4048.0000,4048.6000,4048.8000,7,1,3,1,2,1,4,1,3,1
SF,IF2006,2020-02-19 10:55:43.900,4046.2000,23789,0,4067727660.000,2,1,1,多换,S,4046.0000,4045.4000,4045.0000,4044.8000,4043.0000,4046.8000,4048.0000,4048.6000,4048.8000,4049.0000,6,1,3,1,2,4,1,3,1,1
SF,IF2006,2020-02-19 10:55:44.400,4046.2000,23789,0,4067727660.000,0,-,-,-,-,4046.0000,4045.4000,4045.0000,4044.8000,4043.0000,4046.8000,4048.0000,4048.6000,4048.8000,4049.0000,6,1,3,1,2,3,1,3,1,1
SF,IF2006,2020-02-19 10:55:45.400,4046.2000,23789,0,4067727660.000,0,-,-,-,-,4046.0000,4045.4000,4045.0000,4044.8000,4043.0000,4046.4000,4046.8000,4048.0000,4048.6000,4048.8000,6,1,3,1,2,1,3,1,3,1
SF,IF2006,2020-02-19 10:55:46.900,4046.2000,23789,0,4067727660.000,0,-,-,-,-,4046.0000,4045.4000,4045.0000,4044.8000,4043.0000,4046.4000,4046.6000,4046.8000,4048.0000,4048.6000,6,1,3,1,2,1,1,3,1,3
SF,IF2006,2020-02-19 10:55:47.900,4046.4000,23789,0,4068941580.000,1,0,1,多换,S,4046.0000,4045.4000,4045.0000,4044.8000,4043.0000,4046.8000,4048.0000,4048.6000,4048.8000,4049.0000,6,1,3,1,2,3,1,3,1,1
SF,IF2006,2020-02-19 10:55:48.400,4046.8000,23787,-2,4071369660.000,2,0,2,双平,S,4046.2000,4046.0000,4045.4000,4045.0000,4044.8000,4046.8000,4048.0000,4048.6000,4048.8000,4049.0000,1,6,1,3,1,1,1,3,1,1
SF,IF2006,2020-02-19 10:55:48.900,4046.8000,23788,1,4072583700.000,1,1,0,双开,S,4046.8000,4046.4000,4046.0000,4045.4000,4045.0000,4048.6000,4048.8000,4049.0000,4049.8000,4050.0000,1,2,6,1,3,3,1,1,1,4
SF,IF2006,2020-02-19 10:55:49.400,4046.8000,23788,0,4072583700.000,0,-,-,-,-,4047.0000,4046.8000,4046.4000,4046.0000,4045.4000,4048.0000,4048.2000,4048.4000,4048.6000,4048.8000,2,1,2,6,1,2,2,3,3,1
SF,IF2006,2020-02-19 10:55:49.900,4046.8000,23788,0,4072583700.000,0,-,-,-,-,4047.0000,4046.8000,4046.4000,4046.0000,4045.4000,4048.0000,4048.2000,4048.4000,4048.6000,4048.8000,2,1,2,6,1,2,1,4,1,1
SF,IF2006,2020-02-19 10:55:50.400,4046.8000,23788,0,4072583700.000,0,-,-,-,-,4047.2000,4047.0000,4046.8000,4046.4000,4046.0000,4048.4000,4048.8000,4049.0000,4049.8000,4050.0000,2,2,1,2,6,3,1,1,1,4
SF,IF2006,2020-02-19 10:55:50.900,4046.8000,23788,0,4072583700.000,0,-,-,-,-,4047.2000,4047.0000,4046.8000,4046.4000,4046.0000,4048.0000,4048.4000,4048.8000,4049.0000,4049.8000,1,2,1,2,6,1,3,1,1,1
SF,IF2006,2020-02-19 10:55:51.400,4046.8000,23788,0,4072583700.000,0,-,-,-,-,4047.2000,4047.0000,4046.8000,4046.4000,4046.0000,4048.4000,4048.8000,4049.0000,4049.8000,4050.0000,1,2,1,2,6,3,1,1,1,4
SF,IF2006,2020-02-19 10:55:52.400,4046.8000,23788,0,4072583700.000,0,-,-,-,-,4047.4000,4047.2000,4047.0000,4046.8000,4046.4000,4048.2000,4048.4000,4048.8000,4049.0000,4049.8000,1,1,2,1,2,1,2,1,1,1
SF,IF2006,2020-02-19 10:55:52.900,4046.8000,23788,0,4072583700.000,0,-,-,-,-,4047.2000,4047.0000,4046.8000,4046.4000,4046.0000,4048.0000,4048.2000,4048.4000,4048.8000,4049.0000,1,2,1,2,6,1,1,2,1,1
SF,IF2006,2020-02-19 10:55:53.400,4046.8000,23788,0,4072583700.000,0,-,-,-,-,4047.2000,4047.0000,4046.8000,4046.4000,4046.0000,4048.0000,4048.4000,4048.8000,4049.0000,4049.8000,1,2,1,2,6,1,2,1,1,1
SF,IF2006,2020-02-19 10:55:53.900,4046.8000,23788,0,4072583700.000,0,-,-,-,-,4047.2000,4047.0000,4046.8000,4046.4000,4046.0000,4048.0000,4048.4000,4048.8000,4049.0000,4049.8000,1,1,1,2,6,1,2,1,1,1
SF,IF2006,2020-02-19 10:55:55.400,4048.0000,23789,1,4073798100.000,1,1,0,双开,S,4048.0000,4047.2000,4047.0000,4046.8000,4046.4000,4048.4000,4048.8000,4049.0000,4049.8000,4050.0000,4,1,1,1,2,2,1,1,1,4
SF,IF2006,2020-02-19 10:55:55.900,4048.0000,23791,2,4078655700.000,4,3,1,空开,S,4047.2000,4047.0000,4046.4000,4046.0000,4045.4000,4048.0000,4048.4000,4048.8000,4049.0000,4049.8000,1,1,2,6,1,3,2,1,1,1
SF,IF2006,2020-02-19 10:55:56.400,4048.0000,23791,0,4078655700.000,0,-,-,-,-,4047.0000,4046.4000,4046.0000,4045.4000,4045.0000,4048.0000,4048.4000,4048.8000,4049.0000,4049.8000,1,2,6,1,3,3,2,1,1,1
SF,IF2006,2020-02-19 10:55:57.400,4048.0000,23791,0,4083513300.000,4,2,2,多换,S,4048.0000,4047.0000,4046.4000,4046.0000,4045.4000,4048.4000,4048.8000,4049.0000,4049.8000,4050.0000,1,1,2,6,1,2,1,1,1,4
SF,IF2006,2020-02-19 10:55:57.900,4048.0000,23792,1,4084727700.000,1,1,0,双开,S,4047.0000,4046.4000,4046.0000,4045.4000,4045.0000,4047.8000,4048.4000,4048.8000,4049.0000,4049.8000,1,2,6,1,3,1,2,1,1,1
SF,IF2006,2020-02-19 10:55:58.400,4048.0000,23792,0,4084727700.000,0,-,-,-,-,4047.0000,4046.4000,4046.0000,4045.4000,4045.0000,4047.8000,4048.0000,4048.4000,4048.8000,4049.0000,1,2,6,1,3,1,1,2,1,1
SF,IF2006,2020-02-19 10:55:58.900,4048.0000,23792,0,4084727700.000,0,-,-,-,-,4047.0000,4046.4000,4046.0000,4045.4000,4045.0000,4047.8000,4048.4000,4048.8000,4049.0000,4049.8000,1,2,6,1,3,2,2,1,1,1
SF,IF2006,2020-02-19 10:55:59.400,4048.0000,23792,0,4084727700.000,0,-,-,-,-,4047.0000,4046.4000,4046.0000,4045.4000,4045.0000,4047.8000,4048.4000,4048.8000,4049.0000,4049.8000,1,2,6,1,3,2,2,1,1,1
SF,IF2006,2020-02-19 10:55:59.900,4048.0000,23792,0,4084727700.000,0,-,-,-,-,4047.0000,4046.4000,4046.0000,4045.4000,4045.0000,4047.8000,4048.4000,4048.8000,4049.0000,4049.8000,1,2,6,1,3,1,2,1,1,1
SF,IF2006,2020-02-19 10:56:00.400,4048.0000,23792,0,4084727700.000,0,-,-,-,-,4046.4000,4046.0000,4045.4000,4045.0000,4044.8000,4047.6000,4047.8000,4048.4000,4048.8000,4049.0000,2,6,1,3,1,1,1,2,1,1
SF,IF2006,2020-02-19 10:56:01.400,4048.0000,23792,0,4084727700.000,0,-,-,-,-,4047.0000,4046.4000,4046.0000,4045.4000,4045.0000,4047.4000,4047.6000,4047.8000,4048.4000,4048.8000,1,2,6,1,3,1,1,1,2,1
SF,IF2006,2020-02-19 10:56:01.900,4048.0000,23792,0,4084727700.000,0,-,-,-,-,4047.0000,4046.4000,4046.0000,4045.4000,4045.0000,4047.4000,4047.6000,4048.4000,4048.8000,4049.0000,1,2,6,1,3,2,2,2,1,1
SF,IF2006,2020-02-19 10:56:02.400,4047.0000,23792,0,4085941800.000,1,0,1,多换,S,4046.4000,4046.0000,4045.4000,4045.0000,4044.8000,4047.4000,4047.6000,4048.4000,4048.8000,4049.0000,2,6,1,3,1,2,2,2,1,1
SF,IF2006,2020-02-19 10:56:03.400,4047.0000,23792,0,4085941800.000,0,-,-,-,-,4046.6000,4046.4000,4046.0000,4045.4000,4045.0000,4047.6000,4048.4000,4048.8000,4049.8000,4050.0000,1,2,6,1,3,2,2,1,1,4
SF,IF2006,2020-02-19 10:56:03.900,4047.6000,23792,0,4087156080.000,1,0,1,多换,S,4046.6000,4046.4000,4046.0000,4045.4000,4045.0000,4047.6000,4048.4000,4048.8000,4049.8000,4050.0000,1,2,6,1,3,1,2,1,1,4
SF,IF2006,2020-02-19 10:56:04.400,4047.6000,23792,0,4088370360.000,1,0,1,多换,S,4046.6000,4046.4000,4046.0000,4045.4000,4045.0000,4048.4000,4048.8000,4049.8000,4050.0000,4054.8000,1,2,6,1,3,2,1,1,4,2
SF,IF2006,2020-02-19 10:56:04.900,4047.6000,23792,0,4088370360.000,0,-,-,-,-,4047.8000,4046.8000,4046.6000,4046.0000,4045.4000,4048.0000,4048.2000,4048.4000,4048.8000,4049.8000,1,2,1,6,1,2,1,2,1,1
SF,IF2006,2020-02-19 10:56:05.400,4047.8000,23791,-1,4089584700.000,1,0,1,双平,S,4046.8000,4046.6000,4046.0000,4045.4000,4045.0000,4047.8000,4048.0000,4048.2000,4048.4000,4048.8000,2,1,6,1,3,1,2,1,2,1
SF,IF2006,2020-02-19 10:56:06.400,4047.8000,23791,0,4090799040.000,1,0,1,多换,S,4047.0000,4046.8000,4046.6000,4046.0000,4045.4000,4048.0000,4048.2000,4048.4000,4048.8000,4049.8000,1,2,1,6,1,1,1,2,1,1
SF,IF2006,2020-02-19 10:56:06.900,4047.8000,23791,0,4090799040.000,0,-,-,-,-,4047.2000,4046.6000,4046.0000,4045.4000,4045.0000,4048.4000,4048.8000,4049.8000,4050.0000,4054.8000,3,1,6,1,3,2,1,1,4,2
SF,IF2006,2020-02-19 10:56:07.400,4047.8000,23791,0,4090799040.000,0,-,-,-,-,4047.2000,4046.0000,4045.4000,4045.0000,4044.8000,4048.8000,4049.8000,4050.0000,4054.8000,4055.0000,3,6,1,3,1,1,1,4,2,6
SF,IF2006,2020-02-19 10:56:07.900,4047.8000,23791,0,4090799040.000,0,-,-,-,-,4047.2000,4046.0000,4045.4000,4045.0000,4044.8000,4048.6000,4048.8000,4049.8000,4050.0000,4054.8000,2,6,1,3,1,1,1,1,4,2
SF,IF2006,2020-02-19 10:56:08.400,4047.8000,23791,0,4090799040.000,0,-,-,-,-,4047.4000,4047.2000,4046.0000,4045.4000,4045.0000,4048.6000,4048.8000,4049.8000,4050.0000,4054.8000,1,2,6,1,3,1,1,1,4,2
SF,IF2006,2020-02-19 10:56:08.900,4047.8000,23791,0,4090799040.000,0,-,-,-,-,4047.6000,4047.4000,4046.0000,4045.4000,4045.0000,4048.6000,4048.8000,4049.8000,4050.0000,4054.8000,3,1,6,1,3,1,1,1,4,2
SF,IF2006,2020-02-19 10:56:09.400,4047.8000,23791,0,4090799040.000,0,-,-,-,-,4047.6000,4047.4000,4046.0000,4045.4000,4045.0000,4048.8000,4049.8000,4050.0000,4054.8000,4055.0000,3,1,6,1,3,1,1,3,2,6
SF,IF2006,2020-02-19 10:56:09.900,4047.8000,23791,0,4090799040.000,0,-,-,-,-,4047.6000,4047.4000,4046.0000,4045.4000,4045.0000,4048.6000,4048.8000,4049.8000,4050.0000,4054.8000,3,1,6,1,3,1,1,1,3,2
SF,IF2006,2020-02-19 10:56:10.400,4047.8000,23791,0,4090799040.000,0,-,-,-,-,4047.6000,4047.4000,4046.0000,4045.4000,4045.0000,4048.6000,4048.8000,4050.0000,4054.8000,4055.0000,3,1,6,1,3,1,1,3,2,6
SF,IF2006,2020-02-19 10:56:10.900,4047.8000,23791,0,4090799040.000,0,-,-,-,-,4047.6000,4047.4000,4046.0000,4045.4000,4045.0000,4048.6000,4048.8000,4050.0000,4054.8000,4055.0000,3,1,6,1,3,1,1,3,2,6
SF,IF2006,2020-02-19 10:56:11.400,4047.8000,23791,0,4090799040.000,0,-,-,-,-,4047.6000,4047.4000,4046.0000,4045.4000,4045.0000,4048.0000,4048.6000,4048.8000,4050.0000,4054.8000,3,1,6,1,3,1,1,1,3,2
SF,IF2006,2020-02-19 10:56:11.900,4048.0000,23790,-1,4092013440.000,1,0,1,双平,S,4048.0000,4047.6000,4047.4000,4046.0000,4045.4000,4048.8000,4050.0000,4054.8000,4055.0000,4055.8000,1,3,1,6,1,1,3,2,6,1
SF,IF2006,2020-02-19 10:56:12.400,4048.0000,23790,0,4092013440.000,0,-,-,-,-,4048.0000,4047.6000,4047.4000,4046.0000,4045.4000,4048.8000,4050.0000,4054.8000,4055.0000,4055.8000,1,2,1,6,1,1,3,2,6,1
SF,IF2006,2020-02-19 10:56:12.900,4048.0000,23790,0,4092013440.000,0,-,-,-,-,4048.2000,4048.0000,4047.4000,4046.0000,4045.4000,4050.0000,4054.8000,4055.0000,4055.8000,4056.2000,2,1,1,6,1,3,2,6,1,5
SF,IF2006,2020-02-19 10:56:13.400,4048.0000,23790,0,4092013440.000,0,-,-,-,-,4048.2000,4048.0000,4046.0000,4045.4000,4045.0000,4049.6000,4049.8000,4050.0000,4054.8000,4055.0000,2,1,6,1,3,1,3,3,2,6
SF,IF2006,2020-02-19 10:56:13.900,4048.0000,23790,0,4092013440.000,0,-,-,-,-,4048.2000,4048.0000,4046.0000,4045.4000,4045.0000,4048.8000,4049.4000,4049.8000,4050.0000,4054.8000,2,1,6,1,3,1,3,1,3,2
SF,IF2006,2020-02-19 10:56:14.400,4048.0000,23790,0,4092013440.000,0,-,-,-,-,4048.2000,4048.0000,4046.0000,4045.4000,4045.0000,4049.4000,4050.0000,4054.8000,4055.0000,4055.8000,2,1,6,1,3,2,3,2,6,1
SF,IF2006,2020-02-19 10:56:14.900,4048.0000,23790,0,4092013440.000,0,-,-,-,-,4048.2000,4048.0000,4046.0000,4045.4000,4045.0000,4049.4000,4050.0000,4052.0000,4054.8000,4055.0000,2,1,6,1,3,2,3,3,2,6
SF,IF2006,2020-02-19 10:56:15.400,4048.0000,23790,0,4092013440.000,0,-,-,-,-,4048.4000,4048.2000,4048.0000,4046.0000,4045.4000,4049.4000,4050.0000,4052.0000,4054.8000,4055.0000,1,2,1,6,1,2,3,3,2,6
SF,IF2006,2020-02-19 10:56:15.900,4048.0000,23790,0,4092013440.000,0,-,-,-,-,4048.4000,4048.2000,4048.0000,4046.0000,4045.4000,4050.0000,4052.0000,4054.8000,4055.0000,4055.8000,1,2,1,6,1,3,3,2,6,1
SF,IF2006,2020-02-19 10:56:16.400,4048.0000,23790,0,4092013440.000,0,-,-,-,-,4048.6000,4048.0000,4046.0000,4045.4000,4045.0000,4050.0000,4052.0000,4054.8000,4055.0000,4055.8000,4,1,6,1,3,2,3,2,6,1
SF,IF2006,2020-02-19 10:56:16.900,4048.0000,23790,0,4092013440.000,0,-,-,-,-,4048.6000,4048.0000,4046.0000,4045.4000,4045.0000,4050.0000,4052.0000,4054.8000,4055.0000,4055.8000,4,1,6,1,3,1,3,2,6,1
SF,IF2006,2020-02-19 10:56:17.400,4048.0000,23790,0,4092013440.000,0,-,-,-,-,4048.6000,4048.0000,4046.0000,4045.4000,4045.0000,4049.4000,4050.0000,4052.0000,4054.8000,4055.0000,4,1,6,1,3,1,1,3,2,6
SF,IF2006,2020-02-19 10:56:17.900,4048.0000,23790,0,4092013440.000,0,-,-,-,-,4049.0000,4048.6000,4048.0000,4046.0000,4045.4000,4049.4000,4049.8000,4050.0000,4052.0000,4054.8000,1,4,1,6,1,1,1,1,3,2
SF,IF2006,2020-02-19 10:56:18.400,4048.0000,23790,0,4092013440.000,0,-,-,-,-,4049.0000,4048.6000,4046.0000,4045.4000,4045.0000,4049.4000,4052.0000,4054.8000,4055.0000,4055.8000,1,4,6,1,3,1,3,2,6,1
SF,IF2006,2020-02-19 10:56:18.900,4049.4000,23789,-1,4093228260.000,1,0,1,双平,S,4049.4000,4049.0000,4048.6000,4046.0000,4045.4000,4052.0000,4054.8000,4055.0000,4055.8000,4056.2000,1,1,4,6,1,3,2,6,1,5
SF,IF2006,2020-02-19 10:56:19.400,4049.4000,23789,0,4093228260.000,0,-,-,-,-,4049.6000,4049.0000,4048.6000,4046.0000,4045.4000,4050.6000,4051.0000,4051.2000,4051.6000,4051.8000,2,1,1,6,1,1,1,1,2,6
SF,IF2006,2020-02-19 10:56:19.900,4049.4000,23789,0,4093228260.000,0,-,-,-,-,4049.6000,4049.0000,4048.6000,4046.0000,4045.4000,4050.6000,4051.0000,4051.2000,4051.6000,4051.8000,2,1,1,6,1,1,1,1,1,6
SF,IF2006,2020-02-19 10:56:20.400,4049.4000,23789,0,4093228260.000,0,-,-,-,-,4049.6000,4049.0000,4048.6000,4046.0000,4045.4000,4050.2000,4050.4000,4050.6000,4051.0000,4051.2000,2,1,1,6,1,1,2,1,1,1
SF,IF2006,2020-02-19 10:56:20.900,4049.4000,23789,0,4093228260.000,0,-,-,-,-,4049.6000,4049.0000,4048.6000,4046.0000,4045.4000,4050.4000,4051.0000,4051.2000,4051.6000,4051.8000,2,1,1,6,1,2,1,1,1,6
SF,IF2006,2020-02-19 10:56:21.400,4049.4000,23789,0,4093228260.000,0,-,-,-,-,4049.6000,4049.0000,4048.6000,4046.0000,4045.4000,4050.4000,4051.0000,4051.2000,4051.6000,4051.8000,2,1,1,6,1,1,1,1,1,6
SF,IF2006,2020-02-19 10:56:21.900,4049.4000,23789,0,4093228260.000,0,-,-,-,-,4049.6000,4049.0000,4048.6000,4046.0000,4045.4000,4050.4000,4051.0000,4051.2000,4051.6000,4051.8000,2,1,1,6,1,1,1,1,1,6
SF,IF2006,2020-02-19 10:56:22.400,4049.4000,23789,0,4093228260.000,0,-,-,-,-,4049.6000,4049.0000,4048.6000,4046.0000,4045.4000,4050.4000,4051.0000,4051.6000,4051.8000,4052.0000,2,1,1,6,1,1,1,1,6,3
SF,IF2006,2020-02-19 10:56:23.400,4049.4000,23789,0,4093228260.000,0,-,-,-,-,4049.6000,4048.6000,4046.0000,4045.4000,4044.8000,4050.4000,4051.0000,4051.6000,4051.8000,4052.0000,2,1,6,1,1,1,1,1,6,3
SF,IF2006,2020-02-19 10:56:23.900,4049.4000,23789,0,4093228260.000,0,-,-,-,-,4049.6000,4048.6000,4046.0000,4045.4000,4044.8000,4050.0000,4050.4000,4051.0000,4051.6000,4051.8000,2,1,6,1,1,1,1,1,1,5
SF,IF2006,2020-02-19 10:56:24.400,4049.4000,23789,0,4093228260.000,0,-,-,-,-,4049.6000,4048.6000,4046.0000,4045.4000,4044.8000,4050.0000,4051.0000,4051.6000,4051.8000,4052.0000,2,1,6,1,1,1,1,1,5,3
SF,IF2006,2020-02-19 10:56:24.900,4050.0000,23790,1,4094443260.000,1,1,0,双开,S,4048.6000,4046.0000,4045.4000,4044.8000,4043.0000,4051.0000,4051.6000,4051.8000,4052.0000,4054.8000,1,6,1,1,2,1,1,5,3,2
SF,IF2006,2020-02-19 10:56:25.400,4050.0000,23790,0,4094443260.000,0,-,-,-,-,4049.0000,4048.8000,4048.6000,4046.0000,4045.4000,4050.8000,4051.0000,4051.2000,4051.6000,4051.8000,1,3,1,6,1,3,1,1,1,3
SF,IF2006,2020-02-19 10:56:25.900,4050.0000,23790,0,4094443260.000,0,-,-,-,-,4049.2000,4049.0000,4048.8000,4048.6000,4046.0000,4050.8000,4051.0000,4051.2000,4051.6000,4051.8000,2,1,1,1,6,4,1,1,1,3
SF,IF2006,2020-02-19 10:56:26.400,4050.0000,23790,0,4094443260.000,0,-,-,-,-,4049.2000,4049.0000,4048.8000,4048.6000,4045.4000,4050.6000,4050.8000,4051.0000,4051.2000,4051.6000,2,1,1,1,1,2,4,1,1,1
SF,IF2006,2020-02-19 10:56:26.900,4050.0000,23790,0,4094443260.000,0,-,-,-,-,4049.2000,4049.0000,4048.8000,4048.6000,4045.4000,4050.4000,4050.6000,4050.8000,4051.0000,4051.2000,2,1,1,1,1,2,2,2,1,1
SF,IF2006,2020-02-19 10:56:27.400,4050.0000,23790,0,4094443260.000,0,-,-,-,-,4049.2000,4049.0000,4048.8000,4048.6000,4045.4000,4050.0000,4050.2000,4050.4000,4050.6000,4050.8000,2,1,1,1,1,2,2,2,1,4
SF,IF2006,2020-02-19 10:56:27.900,4050.0000,23789,-1,4096873260.000,2,0,2,多平,S,4049.2000,4049.0000,4048.6000,4045.4000,4044.8000,4050.0000,4050.4000,4050.6000,4050.8000,4051.0000,2,1,1,1,1,1,2,1,3,1
SF,IF2006,2020-02-19 10:56:28.400,4050.0000,23789,0,4096873260.000,0,-,-,-,-,4049.4000,4049.2000,4049.0000,4048.6000,4045.4000,4050.0000,4050.4000,4050.6000,4050.8000,4051.0000,1,2,1,1,1,1,2,1,3,1
SF,IF2006,2020-02-19 10:56:28.900,4050.0000,23789,0,4096873260.000,0,-,-,-,-,4049.4000,4049.2000,4049.0000,4048.6000,4045.4000,4050.0000,4050.4000,4050.6000,4050.8000,4051.0000,1,2,1,1,1,1,2,1,3,1
SF,IF2006,2020-02-19 10:56:29.400,4050.0000,23789,0,4096873260.000,0,-,-,-,-,4049.4000,4049.2000,4049.0000,4048.6000,4045.4000,4050.0000,4050.4000,4050.6000,4050.8000,4051.0000,1,2,1,1,1,1,2,1,3,1
SF,IF2006,2020-02-19 10:56:29.900,4050.0000,23789,0,4096873260.000,0,-,-,-,-,4049.4000,4049.2000,4049.0000,4048.6000,4045.4000,4050.0000,4050.4000,4050.6000,4050.8000,4051.0000,1,2,1,1,1,2,2,1,3,1
SF,IF2006,2020-02-19 10:56:30.400,4050.0000,23789,0,4096873260.000,0,-,-,-,-,4049.4000,4049.2000,4049.0000,4048.6000,4045.4000,4050.0000,4050.4000,4050.6000,4050.8000,4051.0000,1,2,1,1,1,2,2,1,3,1
SF,IF2006,2020-02-19 10:56:30.900,4050.0000,23789,0,4096873260.000,0,-,-,-,-,4049.4000,4049.2000,4049.0000,4048.6000,4045.4000,4050.0000,4050.4000,4050.6000,4050.8000,4051.0000,1,2,1,1,1,2,2,1,3,1
SF,IF2006,2020-02-19 10:56:31.900,4050.0000,23789,0,4096873260.000,0,-,-,-,-,4049.4000,4049.2000,4049.0000,4048.6000,4045.4000,4050.0000,4050.4000,4050.6000,4050.8000,4051.0000,1,2,1,1,1,2,2,1,2,1
SF,IF2006,2020-02-19 10:56:32.400,4050.0000,23788,-1,4098088260.000,1,0,1,双平,S,4049.4000,4049.2000,4049.0000,4048.6000,4045.4000,4050.0000,4050.8000,4051.0000,4051.8000,4052.0000,1,2,1,1,1,1,2,1,3,3
SF,IF2006,2020-02-19 10:56:32.900,4050.0000,23788,0,4100518260.000,2,1,1,多换,S,4049.6000,4049.4000,4049.2000,4048.6000,4045.4000,4050.8000,4051.0000,4051.8000,4052.0000,4052.2000,1,1,2,1,1,2,1,3,3,1
SF,IF2006,2020-02-19 10:56:33.400,4050.0000,23788,0,4100518260.000,0,-,-,-,-,4049.8000,4049.6000,4049.4000,4048.6000,4045.4000,4050.8000,4051.0000,4051.8000,4052.0000,4052.2000,2,1,1,1,1,2,1,3,3,1
SF,IF2006,2020-02-19 10:56:33.900,4050.0000,23788,0,4100518260.000,0,-,-,-,-,4049.8000,4049.6000,4048.6000,4045.4000,4044.8000,4050.8000,4051.0000,4051.8000,4052.0000,4052.2000,2,1,1,1,1,2,1,3,3,1
SF,IF2006,2020-02-19 10:56:35.900,4049.6000,23789,1,4104163020.000,3,2,1,空开,S,4048.6000,4045.4000,4044.8000,4043.0000,4042.8000,4050.6000,4050.8000,4051.0000,4051.8000,4052.0000,1,1,1,2,8,1,2,1,3,3
SF,IF2006,2020-02-19 10:56:36.400,4049.6000,23789,0,4104163020.000,0,-,-,-,-,4049.2000,4048.8000,4048.6000,4045.4000,4044.8000,4050.4000,4050.6000,4050.8000,4051.0000,4051.8000,2,3,1,1,1,4,1,2,1,3
SF,IF2006,2020-02-19 10:56:36.900,4049.6000,23789,0,4104163020.000,0,-,-,-,-,4049.2000,4048.8000,4048.6000,4045.4000,4044.8000,4050.2000,4050.4000,4050.6000,4050.8000,4051.0000,2,2,1,1,1,2,4,1,2,1
SF,IF2006,2020-02-19 10:56:37.400,4049.6000,23789,0,4104163020.000,0,-,-,-,-,4049.2000,4048.8000,4048.6000,4045.4000,4044.8000,4050.2000,4050.4000,4050.6000,4050.8000,4051.0000,2,2,1,1,1,1,4,1,2,1
SF,IF2006,2020-02-19 10:56:38.400,4049.6000,23789,0,4104163020.000,0,-,-,-,-,4049.2000,4048.8000,4048.6000,4045.4000,4044.8000,4050.0000,4050.2000,4050.4000,4050.6000,4050.8000,2,2,1,1,1,1,1,3,1,2
SF,IF2006,2020-02-19 10:56:39.900,4049.6000,23789,0,4104163020.000,0,-,-,-,-,4049.2000,4048.8000,4048.6000,4045.4000,4044.8000,4050.0000,4050.4000,4050.6000,4050.8000,4051.0000,2,2,1,1,1,1,3,1,2,1
SF,IF2006,2020-02-19 10:56:40.400,4049.6000,23789,0,4104163020.000,0,-,-,-,-,4049.2000,4048.8000,4048.6000,4045.4000,4044.8000,4050.0000,4050.4000,4050.8000,4051.0000,4051.8000,2,2,1,1,1,1,3,2,1,3
SF,IF2006,2020-02-19 10:56:42.400,4049.6000,23789,0,4104163020.000,0,-,-,-,-,4049.2000,4048.8000,4048.6000,4045.4000,4044.8000,4049.4000,4050.0000,4050.4000,4050.8000,4051.0000,2,2,1,1,1,1,2,3,2,1
SF,IF2006,2020-02-19 10:56:42.900,4049.4000,23788,-1,4105377840.000,1,0,1,双平,S,4049.4000,4048.8000,4048.6000,4044.8000,4043.0000,4050.0000,4050.4000,4050.8000,4051.0000,4051.8000,3,2,1,1,2,2,3,2,1,3
SF,IF2006,2020-02-19 10:56:43.400,4049.4000,23788,0,4106592660.000,1,0,1,多换,S,4049.4000,4048.8000,4048.6000,4044.8000,4043.0000,4050.0000,4050.4000,4050.8000,4051.0000,4051.8000,2,2,1,1,1,1,3,2,1,3
SF,IF2006,2020-02-19 10:56:43.900,4050.0000,23787,-1,4107807660.000,1,0,1,双平,S,4049.4000,4048.8000,4048.6000,4044.8000,4043.0000,4050.4000,4050.8000,4051.0000,4051.8000,4052.0000,1,2,1,1,1,3,2,1,3,3
SF,IF2006,2020-02-19 10:56:44.400,4050.0000,23787,0,4107807660.000,0,-,-,-,-,4049.6000,4049.4000,4048.8000,4048.6000,4044.8000,4050.4000,4050.8000,4051.0000,4051.8000,4052.0000,2,1,2,1,1,3,2,1,3,3
SF,IF2006,2020-02-19 10:56:44.900,4049.6000,23786,-1,4109022540.000,1,0,1,双平,S,4049.4000,4048.8000,4048.6000,4044.8000,4043.0000,4050.4000,4050.8000,4051.0000,4051.8000,4052.0000,1,2,1,1,1,2,2,1,3,3
SF,IF2006,2020-02-19 10:56:45.400,4049.6000,23786,0,4109022540.000,0,-,-,-,-,4049.6000,4049.4000,4048.8000,4048.6000,4044.8000,4050.4000,4050.8000,4051.0000,4051.8000,4052.0000,1,1,2,1,1,2,2,1,3,3
SF,IF2006,2020-02-19 10:56:45.900,4049.6000,23786,0,4109022540.000,0,-,-,-,-,4049.4000,4048.8000,4048.6000,4044.8000,4043.0000,4050.4000,4050.8000,4051.0000,4051.8000,4052.0000,1,2,1,1,1,2,2,1,3,3
SF,IF2006,2020-02-19 10:56:48.400,4050.4000,23786,0,4111452780.000,2,1,1,多换,S,4049.4000,4048.8000,4048.6000,4044.8000,4043.0000,4050.8000,4051.0000,4051.8000,4052.0000,4052.2000,1,2,1,1,1,2,1,3,3,1
SF,IF2006,2020-02-19 10:56:48.900,4050.4000,23786,0,4111452780.000,0,-,-,-,-,4049.6000,4048.6000,4044.8000,4043.0000,4042.8000,4050.6000,4050.8000,4051.0000,4051.8000,4052.0000,2,1,1,1,8,1,2,1,3,3
SF,IF2006,2020-02-19 10:56:49.400,4050.4000,23786,0,4111452780.000,0,-,-,-,-,4049.6000,4048.6000,4044.8000,4043.0000,4042.8000,4050.0000,4050.6000,4050.8000,4051.0000,4051.8000,2,1,1,1,8,1,1,2,1,3
SF,IF2006,2020-02-19 10:56:51.400,4050.0000,23786,0,4112667780.000,1,0,1,多换,S,4049.6000,4048.6000,4044.8000,4043.0000,4042.8000,4050.6000,4050.8000,4051.0000,4051.8000,4052.0000,2,1,1,1,8,1,2,1,3,3
SF,IF2006,2020-02-19 10:56:51.900,4050.0000,23786,0,4112667780.000,0,-,-,-,-,4049.6000,4048.6000,4044.8000,4043.0000,4042.8000,4050.4000,4050.6000,4050.8000,4051.0000,4051.8000,2,1,1,1,8,1,1,2,1,3
SF,IF2006,2020-02-19 10:56:52.400,4049.6000,23784,-2,4115097540.000,2,0,2,双平,S,4048.6000,4044.8000,4043.0000,4042.8000,4042.6000,4050.6000,4050.8000,4051.0000,4051.8000,4052.0000,1,1,1,8,10,1,2,1,3,3
SF,IF2006,2020-02-19 10:56:52.900,4049.6000,23784,0,4115097540.000,0,-,-,-,-,4049.0000,4048.8000,4048.6000,4044.8000,4043.0000,4049.2000,4050.4000,4050.6000,4050.8000,4051.0000,2,4,2,1,1,6,3,1,2,1
SF,IF2006,2020-02-19 10:56:53.400,4049.2000,23788,4,4122386100.000,6,5,1,空开,S,4049.2000,4048.8000,4048.6000,4044.8000,4043.0000,4050.4000,4050.8000,4051.0000,4051.8000,4052.0000,2,4,1,1,1,2,2,1,3,3
SF,IF2006,2020-02-19 10:56:53.900,4049.2000,23788,0,4122386100.000,0,-,-,-,-,4049.4000,4049.2000,4048.8000,4048.6000,4044.8000,4050.4000,4050.8000,4051.0000,4051.8000,4052.0000,1,3,3,1,1,2,2,1,3,3
SF,IF2006,2020-02-19 10:56:54.400,4049.2000,23788,0,4122386100.000,0,-,-,-,-,4049.4000,4049.2000,4048.8000,4048.6000,4044.8000,4050.4000,4050.8000,4051.0000,4051.8000,4052.0000,1,3,2,1,1,3,2,1,3,3
SF,IF2006,2020-02-19 10:56:54.900,4049.2000,23788,0,4122386100.000,0,-,-,-,-,4049.6000,4049.4000,4049.2000,4048.8000,4048.6000,4050.4000,4050.8000,4051.0000,4051.8000,4052.0000,1,1,2,2,1,3,2,1,3,3
SF,IF2006,2020-02-19 10:56:55.400,4049.2000,23788,0,4122386100.000,0,-,-,-,-,4049.4000,4049.2000,4048.8000,4048.6000,4044.8000,4050.4000,4050.8000,4051.0000,4051.8000,4052.0000,1,2,2,1,1,3,2,1,3,3
SF,IF2006,2020-02-19 10:56:55.900,4049.2000,23788,0,4122386100.000,0,-,-,-,-,4049.4000,4049.2000,4048.8000,4048.6000,4044.8000,4050.4000,4050.8000,4051.0000,4051.8000,4052.0000,1,2,2,1,1,3,2,1,3,3
SF,IF2006,2020-02-19 10:56:56.400,4049.2000,23788,0,4122386100.000,0,-,-,-,-,4049.2000,4048.8000,4048.6000,4044.8000,4043.0000,4050.4000,4050.8000,4051.0000,4051.8000,4052.0000,2,2,1,1,1,3,2,1,3,3
SF,IF2006,2020-02-19 10:56:56.900,4049.2000,23788,0,4122386100.000,0,-,-,-,-,4049.2000,4048.8000,4048.6000,4044.8000,4043.0000,4050.4000,4050.8000,4051.0000,4051.8000,4052.0000,2,2,1,1,1,3,2,1,3,3
SF,IF2006,2020-02-19 10:56:57.400,4049.2000,23788,0,4122386100.000,0,-,-,-,-,4049.4000,4049.2000,4048.8000,4048.6000,4044.8000,4050.2000,4050.4000,4050.8000,4051.0000,4051.8000,1,2,2,1,1,2,3,2,1,3
SF,IF2006,2020-02-19 10:56:57.900,4049.2000,23788,0,4122386100.000,0,-,-,-,-,4049.4000,4049.2000,4048.8000,4048.6000,4044.8000,4050.2000,4050.4000,4050.8000,4051.0000,4051.8000,1,2,2,1,1,1,3,2,1,3
SF,IF2006,2020-02-19 10:56:58.400,4049.2000,23788,0,4122386100.000,0,-,-,-,-,4049.4000,4049.2000,4048.8000,4048.6000,4044.8000,4050.2000,4050.4000,4050.8000,4051.0000,4051.8000,1,1,2,1,1,1,3,2,1,3
SF,IF2006,2020-02-19 10:56:58.900,4049.4000,23789,1,4123600920.000,1,1,0,双开,S,4049.6000,4049.2000,4048.8000,4044.8000,4043.0000,4050.0000,4050.2000,4050.4000,4050.8000,4051.0000,1,1,2,1,1,1,1,3,2,1
SF,IF2006,2020-02-19 10:56:59.400,4049.6000,23790,1,4124815800.000,1,1,0,双开,S,4049.2000,4048.8000,4044.8000,4043.0000,4042.8000,4050.0000,4050.2000,4050.4000,4050.8000,4051.0000,1,2,1,1,8,1,1,3,2,1
SF,IF2006,2020-02-19 10:56:59.900,4049.6000,23790,0,4124815800.000,0,-,-,-,-,4049.4000,4049.2000,4048.8000,4044.8000,4043.0000,4050.0000,4050.2000,4050.4000,4050.8000,4051.0000,1,1,2,1,1,1,1,3,2,1
SF,IF2006,2020-02-19 10:57:01.400,4049.6000,23790,0,4124815800.000,0,-,-,-,-,4049.4000,4048.8000,4044.8000,4043.0000,4042.8000,4050.0000,4050.2000,4050.4000,4050.8000,4051.0000,1,2,1,1,8,1,1,3,2,1
SF,IF2006,2020-02-19 10:57:01.900,4049.6000,23790,0,4124815800.000,0,-,-,-,-,4049.0000,4048.8000,4044.8000,4043.0000,4042.8000,4050.0000,4050.2000,4050.4000,4050.8000,4051.0000,1,2,1,1,8,1,1,3,2,1
SF,IF2006,2020-02-19 10:57:02.900,4049.8000,23791,1,4126030740.000,1,1,0,双开,S,4049.0000,4048.8000,4044.8000,4043.0000,4042.8000,4050.0000,4050.2000,4050.4000,4050.8000,4051.0000,2,2,1,1,8,1,1,3,2,1
SF,IF2006,2020-02-19 10:57:08.400,4049.8000,23791,0,4126030740.000,0,-,-,-,-,4049.2000,4049.0000,4048.8000,4044.8000,4043.0000,4050.0000,4050.2000,4050.4000,4050.8000,4051.0000,2,2,2,1,1,1,1,3,2,1
SF,IF2006,2020-02-19 10:57:08.900,4049.8000,23791,0,4126030740.000,0,-,-,-,-,4049.4000,4049.2000,4049.0000,4048.8000,4044.8000,4050.0000,4050.2000,4050.4000,4050.8000,4051.0000,1,1,2,2,1,1,1,3,2,1
SF,IF2006,2020-02-19 10:57:09.900,4050.0000,23792,1,4127245740.000,1,1,0,双开,S,4049.4000,4049.2000,4049.0000,4048.8000,4044.8000,4050.4000,4050.8000,4051.0000,4051.8000,4052.0000,1,1,2,2,1,3,2,1,3,3
SF,IF2006,2020-02-19 10:57:10.400,4050.0000,23792,0,4127245740.000,0,-,-,-,-,4049.6000,4049.4000,4049.0000,4048.8000,4044.8000,4050.8000,4051.0000,4051.8000,4052.0000,4052.8000,1,1,2,2,1,2,1,3,3,2
SF,IF2006,2020-02-19 10:57:10.900,4050.0000,23792,0,4127245740.000,0,-,-,-,-,4049.6000,4049.4000,4049.0000,4048.8000,4044.8000,4050.6000,4050.8000,4051.0000,4051.8000,4052.0000,1,1,1,2,1,1,2,1,3,3
SF,IF2006,2020-02-19 10:57:11.400,4050.0000,23792,0,4127245740.000,0,-,-,-,-,4049.6000,4049.4000,4049.0000,4048.8000,4044.8000,4050.6000,4050.8000,4051.0000,4051.8000,4052.0000,2,1,1,2,1,1,2,1,3,3
SF,IF2006,2020-02-19 10:57:11.900,4050.0000,23792,0,4127245740.000,0,-,-,-,-,4049.6000,4049.4000,4048.8000,4044.8000,4043.0000,4050.6000,4050.8000,4051.0000,4051.8000,4052.0000,2,1,2,1,1,1,2,1,3,3
SF,IF2006,2020-02-19 10:57:12.900,4050.0000,23792,0,4127245740.000,0,-,-,-,-,4049.6000,4049.4000,4048.8000,4044.8000,4043.0000,4050.8000,4051.0000,4051.8000,4052.0000,4052.8000,1,1,2,1,1,2,1,3,3,2
SF,IF2006,2020-02-19 10:57:13.400,4050.0000,23792,0,4127245740.000,0,-,-,-,-,4049.4000,4048.8000,4044.8000,4043.0000,4042.8000,4050.6000,4050.8000,4051.0000,4051.8000,4052.0000,1,2,1,1,8,3,2,1,3,3
SF,IF2006,2020-02-19 10:57:13.900,4050.0000,23792,0,4127245740.000,0,-,-,-,-,4049.4000,4048.8000,4044.8000,4043.0000,4042.8000,4050.6000,4050.8000,4051.0000,4051.8000,4052.0000,1,2,1,1,8,2,2,1,3,3
SF,IF2006,2020-02-19 10:57:16.400,4050.0000,23792,0,4127245740.000,0,-,-,-,-,4049.4000,4048.8000,4044.8000,4043.0000,4042.8000,4050.4000,4050.6000,4050.8000,4051.0000,4051.8000,1,2,1,1,8,1,2,2,1,3
SF,IF2006,2020-02-19 10:57:16.900,4050.4000,23792,0,4128460860.000,1,0,1,多换,S,4049.4000,4048.8000,4044.8000,4043.0000,4042.8000,4050.6000,4050.8000,4051.0000,4051.8000,4052.0000,1,2,1,1,8,2,2,1,3,3
SF,IF2006,2020-02-19 10:57:17.400,4050.4000,23792,0,4128460860.000,0,-,-,-,-,4049.4000,4048.8000,4044.8000,4043.0000,4042.8000,4050.6000,4050.8000,4051.0000,4051.8000,4052.0000,1,2,1,1,8,2,2,1,3,3
SF,IF2006,2020-02-19 10:57:17.900,4050.4000,23792,0,4128460860.000,0,-,-,-,-,4049.4000,4048.8000,4044.8000,4043.0000,4042.8000,4050.6000,4050.8000,4051.0000,4051.8000,4052.0000,1,2,1,1,8,2,2,1,3,3
SF,IF2006,2020-02-19 10:57:18.400,4050.4000,23792,0,4128460860.000,0,-,-,-,-,4049.4000,4048.8000,4044.8000,4043.0000,4042.8000,4050.6000,4050.8000,4051.0000,4051.8000,4052.0000,1,2,1,1,8,2,2,1,3,3
SF,IF2006,2020-02-19 10:57:18.900,4050.4000,23792,0,4128460860.000,0,-,-,-,-,4049.6000,4049.4000,4048.8000,4044.8000,4043.0000,4050.6000,4050.8000,4051.0000,4051.8000,4052.0000,1,1,2,1,1,2,2,1,3,3
SF,IF2006,2020-02-19 10:57:19.400,4050.4000,23792,0,4128460860.000,0,-,-,-,-,4049.6000,4049.4000,4048.8000,4044.8000,4043.0000,4050.6000,4050.8000,4051.0000,4051.8000,4052.0000,1,1,2,1,1,2,2,1,4,3
SF,IF2006,2020-02-19 10:57:23.900,4050.4000,23792,0,4128460860.000,0,-,-,-,-,4049.6000,4049.4000,4048.8000,4044.8000,4043.0000,4050.6000,4050.8000,4051.0000,4051.8000,4052.0000,2,1,2,1,1,2,2,1,4,3
SF,IF2006,2020-02-19 10:57:25.900,4050.4000,23792,0,4128460860.000,0,-,-,-,-,4049.6000,4049.4000,4048.8000,4044.8000,4043.0000,4050.6000,4050.8000,4051.0000,4051.8000,4052.0000,2,1,2,1,1,2,2,1,4,3
SF,IF2006,2020-02-19 10:57:26.400,4050.4000,23792,0,4128460860.000,0,-,-,-,-,4049.6000,4049.4000,4048.8000,4044.8000,4043.0000,4050.6000,4050.8000,4051.0000,4051.8000,4052.0000,2,1,2,1,1,2,2,1,4,3
SF,IF2006,2020-02-19 10:57:27.400,4050.4000,23792,0,4128460860.000,0,-,-,-,-,4049.6000,4049.4000,4048.8000,4044.8000,4043.0000,4050.4000,4050.6000,4050.8000,4051.0000,4051.8000,1,1,2,1,1,1,2,2,1,4
SF,IF2006,2020-02-19 10:57:27.900,4049.6000,23791,-1,4129675740.000,1,0,1,双平,S,4049.4000,4048.8000,4044.8000,4043.0000,4042.8000,4050.4000,4050.6000,4050.8000,4051.0000,4051.8000,1,2,1,1,8,1,2,2,1,4
SF,IF2006,2020-02-19 10:57:28.400,4049.6000,23791,0,4129675740.000,0,-,-,-,-,4049.6000,4049.4000,4048.8000,4044.8000,4043.0000,4050.4000,4050.6000,4050.8000,4051.0000,4051.8000,1,2,2,1,1,1,2,2,1,4
SF,IF2006,2020-02-19 10:57:29.900,4049.6000,23791,0,4129675740.000,0,-,-,-,-,4049.6000,4049.4000,4048.8000,4044.8000,4043.0000,4050.4000,4050.6000,4050.8000,4051.0000,4051.8000,1,2,2,1,1,1,2,2,1,4
SF,IF2006,2020-02-19 10:57:30.900,4049.6000,23791,0,4129675740.000,0,-,-,-,-,4049.4000,4048.8000,4044.8000,4043.0000,4042.8000,4050.4000,4050.6000,4050.8000,4051.0000,4051.8000,2,2,1,1,8,1,2,2,1,4
SF,IF2006,2020-02-19 10:57:31.400,4049.6000,23791,0,4129675740.000,0,-,-,-,-,4049.6000,4049.4000,4048.8000,4044.8000,4043.0000,4050.4000,4050.6000,4050.8000,4051.0000,4051.8000,1,2,2,1,1,1,2,2,1,1
SF,IF2006,2020-02-19 10:57:33.400,4050.4000,23792,1,4130890860.000,1,1,0,双开,S,4049.6000,4049.4000,4048.8000,4044.8000,4043.0000,4050.6000,4050.8000,4051.0000,4051.8000,4052.0000,1,2,2,1,1,2,2,1,1,3
SF,IF2006,2020-02-19 10:57:33.900,4050.4000,23792,0,4130890860.000,0,-,-,-,-,4049.4000,4048.8000,4044.8000,4043.0000,4042.8000,4050.4000,4050.6000,4050.8000,4051.0000,4051.8000,2,2,1,1,8,1,2,2,1,1
SF,IF2006,2020-02-19 10:57:34.400,4050.4000,23792,0,4130890860.000,0,-,-,-,-,4049.6000,4049.4000,4048.8000,4044.8000,4043.0000,4050.4000,4050.6000,4050.8000,4051.0000,4051.8000,1,1,2,1,1,1,2,2,1,1
SF,IF2006,2020-02-19 10:57:34.900,4050.4000,23792,0,4130890860.000,0,-,-,-,-,4049.4000,4048.8000,4044.8000,4043.0000,4042.8000,4050.4000,4050.6000,4050.8000,4051.0000,4051.8000,1,2,1,1,8,1,2,2,1,1
SF,IF2006,2020-02-19 10:57:35.400,4050.4000,23792,0,4130890860.000,0,-,-,-,-,4049.6000,4049.4000,4048.8000,4044.8000,4043.0000,4050.4000,4050.6000,4050.8000,4051.0000,4051.8000,1,1,2,1,1,1,2,2,1,1
SF,IF2006,2020-02-19 10:57:35.900,4050.4000,23792,0,4130890860.000,0,-,-,-,-,4049.4000,4048.8000,4044.8000,4043.0000,4042.8000,4050.4000,4050.6000,4050.8000,4051.0000,4051.8000,1,2,1,1,8,1,2,2,1,1
SF,IF2006,2020-02-19 10:57:36.400,4050.4000,23792,0,4130890860.000,0,-,-,-,-,4049.6000,4049.4000,4048.8000,4044.8000,4043.0000,4050.4000,4050.6000,4050.8000,4051.0000,4051.8000,2,1,2,1,1,1,2,2,1,1
SF,IF2006,2020-02-19 10:57:36.900,4050.4000,23792,0,4130890860.000,0,-,-,-,-,4049.4000,4048.8000,4044.8000,4043.0000,4042.8000,4050.4000,4050.6000,4050.8000,4051.0000,4051.8000,1,2,1,1,8,1,2,2,1,1
SF,IF2006,2020-02-19 10:57:37.400,4050.4000,23792,0,4130890860.000,0,-,-,-,-,4049.6000,4049.4000,4048.8000,4044.8000,4043.0000,4050.4000,4050.6000,4050.8000,4051.0000,4051.8000,2,1,2,1,1,1,2,2,1,1
SF,IF2006,2020-02-19 10:57:37.900,4050.4000,23792,0,4130890860.000,0,-,-,-,-,4049.6000,4049.4000,4048.8000,4044.8000,4043.0000,4050.4000,4050.6000,4050.8000,4051.0000,4051.8000,1,1,2,1,1,1,2,2,1,1
SF,IF2006,2020-02-19 10:57:40.400,4050.4000,23792,0,4130890860.000,0,-,-,-,-,4049.4000,4048.8000,4044.8000,4043.0000,4042.8000,4050.4000,4050.6000,4050.8000,4051.0000,4051.8000,1,2,1,1,8,1,2,2,1,1
SF,IF2006,2020-02-19 10:57:40.900,4050.4000,23792,0,4130890860.000,0,-,-,-,-,4049.6000,4049.4000,4048.8000,4044.8000,4043.0000,4050.4000,4050.6000,4050.8000,4051.0000,4051.8000,2,1,2,1,1,1,2,5,1,1
SF,IF2006,2020-02-19 10:57:41.400,4050.4000,23792,0,4130890860.000,0,-,-,-,-,4049.4000,4048.8000,4044.8000,4043.0000,4042.8000,4050.0000,4050.4000,4050.6000,4050.8000,4051.0000,1,2,1,1,8,1,1,2,5,1
SF,IF2006,2020-02-19 10:57:41.900,4050.0000,23791,-1,4132105860.000,1,0,1,双平,S,4049.6000,4049.4000,4048.8000,4045.0000,4044.8000,4050.4000,4050.6000,4050.8000,4051.0000,4051.8000,1,1,2,5,1,1,2,5,1,1
SF,IF2006,2020-02-19 10:57:45.400,4050.0000,23791,0,4132105860.000,0,-,-,-,-,4049.6000,4049.4000,4048.8000,4044.8000,4043.0000,4050.4000,4050.6000,4050.8000,4051.0000,4051.8000,1,1,2,1,1,1,2,5,1,1
SF,IF2006,2020-02-19 10:57:45.900,4050.0000,23791,0,4132105860.000,0,-,-,-,-,4049.4000,4048.8000,4044.8000,4043.0000,4042.8000,4050.4000,4050.6000,4050.8000,4051.0000,4051.8000,1,2,1,1,8,1,2,5,1,1
SF,IF2006,2020-02-19 10:57:50.400,4050.0000,23791,0,4132105860.000,0,-,-,-,-,4049.4000,4048.8000,4044.8000,4043.0000,4042.8000,4050.4000,4050.6000,4050.8000,4051.0000,4051.8000,1,2,1,1,8,1,2,5,1,1
SF,IF2006,2020-02-19 10:57:50.900,4050.0000,23791,0,4132105860.000,0,-,-,-,-,4049.4000,4048.8000,4044.8000,4043.0000,4042.8000,4050.4000,4050.6000,4050.8000,4051.0000,4051.8000,1,2,1,1,8,1,2,5,1,1
SF,IF2006,2020-02-19 10:57:51.400,4050.0000,23791,0,4132105860.000,0,-,-,-,-,4049.4000,4048.8000,4044.8000,4043.0000,4042.8000,4050.2000,4050.4000,4050.8000,4051.0000,4051.8000,1,2,1,1,8,2,1,5,1,1
SF,IF2006,2020-02-19 10:57:51.900,4050.0000,23791,0,4132105860.000,0,-,-,-,-,4049.4000,4048.8000,4044.8000,4043.0000,4042.8000,4050.2000,4050.4000,4050.8000,4051.0000,4051.8000,1,2,1,1,8,2,1,5,1,1
SF,IF2006,2020-02-19 10:57:52.400,4050.0000,23791,0,4132105860.000,0,-,-,-,-,4049.4000,4048.8000,4044.8000,4043.0000,4042.8000,4050.2000,4050.4000,4050.8000,4051.0000,4051.8000,1,2,1,1,8,2,1,5,1,1
SF,IF2006,2020-02-19 10:57:52.900,4050.0000,23791,0,4132105860.000,0,-,-,-,-,4049.4000,4048.8000,4044.8000,4043.0000,4042.8000,4050.2000,4050.4000,4050.8000,4051.0000,4051.8000,1,2,1,1,8,2,1,5,1,1
SF,IF2006,2020-02-19 10:57:53.400,4050.0000,23791,0,4132105860.000,0,-,-,-,-,4049.4000,4048.8000,4044.8000,4043.0000,4042.8000,4050.2000,4050.4000,4050.8000,4051.0000,4051.8000,2,2,1,1,8,2,1,5,1,1
SF,IF2006,2020-02-19 10:57:53.900,4050.0000,23791,0,4132105860.000,0,-,-,-,-,4049.4000,4048.8000,4044.8000,4043.0000,4042.8000,4050.2000,4050.4000,4050.8000,4051.0000,4051.8000,2,2,1,1,8,2,1,5,1,1
SF,IF2006,2020-02-19 10:57:54.900,4050.2000,23791,0,4134535980.000,2,1,1,多换,S,4049.4000,4048.8000,4044.8000,4043.0000,4042.8000,4050.4000,4050.8000,4051.0000,4051.8000,4052.0000,2,2,1,1,8,1,5,1,1,3
SF,IF2006,2020-02-19 10:57:55.400,4050.2000,23791,0,4134535980.000,0,-,-,-,-,4049.6000,4049.4000,4044.8000,4043.0000,4042.8000,4050.4000,4050.8000,4051.0000,4051.8000,4052.0000,7,2,1,1,8,1,5,1,1,3
SF,IF2006,2020-02-19 10:57:55.900,4050.4000,23791,0,4135751100.000,1,0,1,多换,S,4049.8000,4049.6000,4049.4000,4044.8000,4043.0000,4050.8000,4051.0000,4051.8000,4052.0000,4052.8000,1,5,2,1,1,5,1,1,3,2
SF,IF2006,2020-02-19 10:57:56.400,4050.4000,23791,0,4135751100.000,0,-,-,-,-,4050.0000,4049.8000,4049.6000,4049.4000,4044.8000,4050.8000,4051.0000,4051.8000,4052.0000,4052.8000,5,1,1,2,1,5,1,1,3,2
SF,IF2006,2020-02-19 10:57:56.900,4050.8000,23794,3,4141827300.000,5,4,1,空开,S,4050.0000,4049.6000,4049.4000,4044.8000,4043.0000,4051.0000,4051.8000,4052.0000,4052.8000,4054.8000,5,1,2,1,1,1,1,3,2,2
SF,IF2006,2020-02-19 10:57:57.400,4050.8000,23794,0,4141827300.000,0,-,-,-,-,4050.2000,4050.0000,4049.6000,4049.4000,4044.8000,4051.0000,4051.8000,4052.0000,4052.8000,4054.8000,1,5,1,2,1,1,1,3,2,2
SF,IF2006,2020-02-19 10:57:57.900,4050.8000,23794,0,4141827300.000,0,-,-,-,-,4050.0000,4049.6000,4049.4000,4044.8000,4043.0000,4051.0000,4051.8000,4052.0000,4052.8000,4054.8000,5,1,2,1,1,1,1,3,2,2
SF,IF2006,2020-02-19 10:57:58.400,4050.8000,23794,0,4141827300.000,0,-,-,-,-,4050.2000,4050.0000,4049.6000,4049.4000,4044.8000,4051.0000,4051.8000,4052.0000,4052.8000,4054.8000,1,4,1,2,1,1,1,3,2,2
SF,IF2006,2020-02-19 10:57:58.900,4050.8000,23794,0,4141827300.000,0,-,-,-,-,4050.0000,4049.6000,4049.4000,4044.8000,4043.0000,4051.0000,4051.8000,4052.0000,4052.8000,4054.8000,2,1,2,1,1,1,1,3,2,2
SF,IF2006,2020-02-19 10:58:02.400,4050.0000,23794,0,4144257300.000,2,1,1,多换,S,4049.6000,4049.4000,4044.8000,4043.0000,4042.8000,4051.0000,4051.8000,4052.0000,4052.8000,4054.8000,1,2,1,1,8,1,1,3,2,2
SF,IF2006,2020-02-19 10:58:02.900,4050.0000,23794,0,4144257300.000,0,-,-,-,-,4049.6000,4049.4000,4044.8000,4043.0000,4042.8000,4050.8000,4051.0000,4051.8000,4052.0000,4052.8000,1,2,1,1,8,3,1,1,3,2
SF,IF2006,2020-02-19 10:58:03.400,4050.0000,23794,0,4144257300.000,0,-,-,-,-,4049.6000,4049.4000,4044.8000,4043.0000,4042.8000,4050.8000,4051.0000,4051.8000,4052.0000,4052.8000,1,2,1,1,8,4,1,1,3,2
SF,IF2006,2020-02-19 10:58:05.900,4050.0000,23794,0,4144257300.000,0,-,-,-,-,4049.6000,4049.4000,4044.8000,4043.0000,4042.8000,4050.8000,4051.0000,4051.8000,4052.0000,4052.8000,1,2,1,1,8,3,1,1,3,2
SF,IF2006,2020-02-19 10:58:06.400,4050.0000,23794,0,4144257300.000,0,-,-,-,-,4049.6000,4049.4000,4044.8000,4043.0000,4042.8000,4050.8000,4051.0000,4051.8000,4052.0000,4052.8000,1,2,1,1,8,3,1,1,3,2
SF,IF2006,2020-02-19 10:58:06.900,4050.0000,23794,0,4144257300.000,0,-,-,-,-,4049.6000,4049.4000,4044.8000,4043.0000,4042.8000,4050.8000,4051.0000,4051.8000,4052.0000,4052.8000,1,2,1,1,8,3,1,1,3,2
SF,IF2006,2020-02-19 10:58:07.400,4050.0000,23794,0,4144257300.000,0,-,-,-,-,4049.6000,4049.4000,4044.8000,4043.0000,4042.8000,4050.8000,4051.0000,4051.8000,4052.0000,4052.8000,1,2,1,1,8,3,1,1,3,2
SF,IF2006,2020-02-19 10:58:07.900,4050.0000,23794,0,4144257300.000,0,-,-,-,-,4049.6000,4049.4000,4044.8000,4043.0000,4042.8000,4050.6000,4050.8000,4051.0000,4051.8000,4052.0000,1,2,1,1,8,4,3,1,1,3
SF,IF2006,2020-02-19 10:58:08.400,4049.4000,23796,2,4146686940.000,2,2,0,双开,S,4044.8000,4043.0000,4042.8000,4042.6000,4042.0000,4050.2000,4050.4000,4050.6000,4050.8000,4051.0000,1,1,8,10,13,1,2,3,1,1
SF,IF2006,2020-02-19 10:58:08.900,4049.4000,23796,0,4146686940.000,0,-,-,-,-,4048.6000,4048.0000,4047.8000,4047.4000,4047.2000,4049.6000,4050.0000,4050.2000,4050.6000,4050.8000,1,2,1,1,1,1,2,1,1,1
SF,IF2006,2020-02-19 10:58:09.400,4049.4000,23796,0,4146686940.000,0,-,-,-,-,4048.0000,4047.0000,4045.8000,4045.4000,4045.2000,4049.4000,4049.6000,4050.6000,4050.8000,4051.0000,2,2,1,2,2,3,1,1,1,1
SF,IF2006,2020-02-19 10:58:09.900,4049.4000,23796,0,4146686940.000,0,-,-,-,-,4048.2000,4048.0000,4047.0000,4045.4000,4045.2000,4049.4000,4049.6000,4050.6000,4050.8000,4051.0000,2,3,2,2,2,3,1,1,1,1
SF,IF2006,2020-02-19 10:58:10.900,4049.4000,23796,0,4146686940.000,0,-,-,-,-,4048.2000,4048.0000,4047.0000,4045.4000,4045.2000,4049.4000,4049.6000,4050.6000,4050.8000,4051.0000,2,3,2,2,2,2,1,1,1,1
SF,IF2006,2020-02-19 10:58:11.400,4049.4000,23796,0,4146686940.000,0,-,-,-,-,4048.4000,4048.2000,4048.0000,4047.0000,4045.4000,4049.6000,4050.6000,4050.8000,4051.0000,4051.8000,2,2,2,2,2,1,1,1,1,1
SF,IF2006,2020-02-19 10:58:11.900,4049.4000,23796,0,4146686940.000,0,-,-,-,-,4048.6000,4048.4000,4048.0000,4047.0000,4045.4000,4050.6000,4050.8000,4051.0000,4051.8000,4052.0000,4,2,1,2,2,1,1,1,1,3
SF,IF2006,2020-02-19 10:58:12.400,4049.4000,23796,0,4146686940.000,0,-,-,-,-,4048.8000,4048.6000,4048.4000,4048.0000,4047.0000,4050.4000,4050.6000,4050.8000,4051.0000,4051.8000,1,4,1,1,2,4,1,1,1,1
SF,IF2006,2020-02-19 10:58:13.400,4049.4000,23796,0,4146686940.000,0,-,-,-,-,4048.8000,4048.6000,4048.4000,4048.0000,4047.0000,4050.2000,4050.4000,4050.6000,4050.8000,4051.0000,1,4,1,1,2,1,4,1,1,1
SF,IF2006,2020-02-19 10:58:13.900,4049.4000,23796,0,4146686940.000,0,-,-,-,-,4048.8000,4048.6000,4048.4000,4048.0000,4047.0000,4050.0000,4050.2000,4050.4000,4050.6000,4050.8000,1,4,1,1,2,2,1,2,1,1
SF,IF2006,2020-02-19 10:58:14.900,4049.4000,23796,0,4146686940.000,0,-,-,-,-,4048.8000,4048.6000,4048.4000,4048.0000,4047.0000,4050.0000,4050.2000,4050.4000,4050.6000,4050.8000,1,4,1,1,2,2,1,2,1,1
SF,IF2006,2020-02-19 10:58:15.400,4049.4000,23796,0,4146686940.000,0,-,-,-,-,4049.0000,4048.8000,4048.6000,4048.4000,4048.0000,4050.0000,4050.2000,4050.4000,4050.6000,4050.8000,1,1,4,1,1,2,1,2,1,1
SF,IF2006,2020-02-19 10:58:16.900,4049.4000,23796,0,4146686940.000,0,-,-,-,-,4049.2000,4048.8000,4048.6000,4048.4000,4048.0000,4050.0000,4050.4000,4050.8000,4051.0000,4051.8000,2,1,3,1,1,2,2,1,1,1
SF,IF2006,2020-02-19 10:58:17.400,4049.4000,23796,0,4146686940.000,0,-,-,-,-,4048.8000,4048.6000,4048.4000,4048.0000,4047.0000,4050.0000,4050.4000,4050.8000,4051.0000,4051.8000,1,3,1,1,2,2,2,1,1,1
SF,IF2006,2020-02-19 10:58:17.900,4049.4000,23796,0,4146686940.000,0,-,-,-,-,4049.0000,4048.8000,4048.6000,4048.4000,4048.0000,4050.0000,4050.4000,4050.8000,4051.0000,4051.8000,1,1,3,1,1,2,2,1,1,1
SF,IF2006,2020-02-19 10:58:18.900,4049.4000,23796,0,4146686940.000,0,-,-,-,-,4049.0000,4048.8000,4048.6000,4048.4000,4048.0000,4050.0000,4050.4000,4050.8000,4051.0000,4051.8000,1,1,3,1,1,2,2,1,1,1
SF,IF2006,2020-02-19 10:58:19.400,4049.4000,23796,0,4146686940.000,0,-,-,-,-,4049.0000,4048.8000,4048.6000,4048.4000,4048.0000,4050.0000,4050.4000,4051.0000,4051.8000,4052.0000,1,1,3,1,1,2,2,1,1,3
SF,IF2006,2020-02-19 10:58:27.900,4049.0000,23797,1,4147901640.000,1,1,0,双开,S,4048.8000,4048.6000,4048.4000,4048.0000,4047.0000,4050.0000,4050.4000,4051.0000,4051.8000,4052.0000,1,3,1,1,2,2,2,1,1,3
SF,IF2006,2020-02-19 10:58:28.400,4049.0000,23797,0,4147901640.000,0,-,-,-,-,4049.0000,4048.8000,4048.6000,4048.0000,4047.0000,4050.0000,4050.4000,4051.0000,4051.8000,4052.0000,3,1,1,1,2,2,2,1,1,3
SF,IF2006,2020-02-19 10:58:29.400,4049.0000,23797,0,4147901640.000,0,-,-,-,-,4049.2000,4049.0000,4048.8000,4048.6000,4048.0000,4050.0000,4050.4000,4051.0000,4051.8000,4052.0000,1,2,1,1,1,3,2,1,1,3
SF,IF2006,2020-02-19 10:58:29.900,4049.0000,23797,0,4147901640.000,0,-,-,-,-,4049.0000,4048.8000,4048.6000,4048.0000,4047.0000,4050.0000,4050.4000,4051.0000,4051.8000,4052.0000,2,1,1,1,2,3,2,1,1,3
SF,IF2006,2020-02-19 10:58:31.900,4050.0000,23798,1,4151546640.000,3,2,1,空开,S,4049.6000,4049.2000,4049.0000,4048.6000,4048.0000,4050.4000,4051.0000,4051.8000,4052.0000,4052.8000,1,2,2,1,1,1,1,1,3,2
SF,IF2006,2020-02-19 10:58:32.400,4050.0000,23798,0,4151546640.000,0,-,-,-,-,4049.8000,4049.6000,4048.0000,4047.0000,4045.4000,4051.0000,4051.8000,4052.0000,4052.8000,4054.8000,3,1,1,2,1,1,1,3,2,2
SF,IF2006,2020-02-19 10:58:33.400,4050.0000,23798,0,4151546640.000,0,-,-,-,-,4050.0000,4049.8000,4049.6000,4048.0000,4047.0000,4051.0000,4051.8000,4052.0000,4052.8000,4054.8000,1,3,1,1,2,1,1,3,2,2
SF,IF2006,2020-02-19 10:58:36.400,4050.0000,23798,0,4151546640.000,0,-,-,-,-,4049.8000,4049.6000,4048.0000,4047.0000,4045.4000,4051.0000,4051.8000,4052.0000,4052.8000,4054.8000,3,1,1,2,1,1,1,3,2,2
SF,IF2006,2020-02-19 10:58:36.900,4050.0000,23798,0,4151546640.000,0,-,-,-,-,4049.8000,4049.6000,4048.0000,4047.0000,4045.4000,4050.8000,4051.0000,4051.8000,4052.0000,4052.8000,2,1,1,2,1,1,1,1,3,2
SF,IF2006,2020-02-19 10:58:37.400,4050.0000,23798,0,4151546640.000,0,-,-,-,-,4049.6000,4048.0000,4047.0000,4045.4000,4045.2000,4051.0000,4051.8000,4052.0000,4052.8000,4054.8000,1,1,2,1,1,1,1,3,2,2
SF,IF2006,2020-02-19 10:58:37.900,4050.0000,23798,0,4151546640.000,0,-,-,-,-,4049.0000,4048.0000,4047.0000,4045.4000,4045.2000,4050.6000,4050.8000,4051.0000,4051.8000,4052.0000,1,1,2,1,1,1,5,1,1,3
SF,IF2006,2020-02-19 10:58:38.400,4050.0000,23798,0,4151546640.000,0,-,-,-,-,4049.2000,4049.0000,4048.0000,4047.0000,4045.4000,4050.4000,4050.8000,4051.0000,4051.8000,4052.0000,2,1,1,2,1,5,2,1,1,3
SF,IF2006,2020-02-19 10:58:38.900,4050.0000,23798,0,4151546640.000,0,-,-,-,-,4049.2000,4049.0000,4048.0000,4047.0000,4045.4000,4050.2000,4050.4000,4050.8000,4051.0000,4051.8000,2,1,1,2,1,1,4,2,1,1
SF,IF2006,2020-02-19 10:58:42.900,4050.0000,23798,0,4151546640.000,0,-,-,-,-,4049.2000,4049.0000,4048.0000,4047.0000,4045.4000,4050.2000,4050.4000,4050.8000,4051.0000,4051.8000,2,1,1,2,1,1,4,2,1,1
SF,IF2006,2020-02-19 10:58:43.900,4050.0000,23798,0,4151546640.000,0,-,-,-,-,4049.2000,4049.0000,4048.0000,4047.0000,4045.4000,4050.2000,4050.4000,4050.8000,4051.0000,4051.8000,2,1,1,2,1,1,4,1,1,1
SF,IF2006,2020-02-19 10:58:45.400,4050.0000,23798,0,4151546640.000,0,-,-,-,-,4049.2000,4049.0000,4048.0000,4047.0000,4045.4000,4050.4000,4050.8000,4051.0000,4051.8000,4052.0000,2,1,1,2,1,4,1,1,1,3
SF,IF2006,2020-02-19 10:58:45.900,4050.0000,23798,0,4151546640.000,0,-,-,-,-,4049.4000,4049.2000,4049.0000,4048.0000,4047.0000,4050.4000,4050.8000,4051.0000,4051.8000,4052.0000,1,2,1,1,2,3,1,1,1,3
SF,IF2006,2020-02-19 10:58:46.400,4050.0000,23798,0,4151546640.000,0,-,-,-,-,4049.4000,4049.2000,4049.0000,4048.0000,4047.0000,4050.4000,4050.8000,4051.0000,4051.8000,4052.0000,1,2,1,1,2,2,1,1,1,3
SF,IF2006,2020-02-19 10:58:46.900,4050.0000,23798,0,4151546640.000,0,-,-,-,-,4049.6000,4049.0000,4048.0000,4047.0000,4045.4000,4050.8000,4051.0000,4051.8000,4052.0000,4052.8000,3,1,1,2,1,1,1,1,3,2
SF,IF2006,2020-02-19 10:58:47.400,4050.0000,23798,0,4151546640.000,0,-,-,-,-,4049.6000,4049.2000,4049.0000,4048.0000,4047.0000,4050.0000,4050.8000,4051.0000,4051.8000,4052.0000,2,1,1,1,2,1,1,1,1,3
SF,IF2006,2020-02-19 10:58:49.900,4050.0000,23798,0,4151546640.000,0,-,-,-,-,4049.6000,4049.2000,4049.0000,4048.0000,4047.0000,4050.0000,4050.8000,4051.0000,4051.8000,4052.0000,2,1,1,1,2,1,1,1,1,3
SF,IF2006,2020-02-19 10:58:50.900,4050.0000,23798,0,4152761640.000,1,0,1,多换,S,4049.6000,4049.2000,4049.0000,4048.0000,4047.0000,4050.8000,4051.0000,4051.8000,4052.0000,4052.8000,2,1,1,1,2,1,1,1,3,2
SF,IF2006,2020-02-19 10:58:52.400,4050.0000,23798,0,4152761640.000,0,-,-,-,-,4049.6000,4049.2000,4049.0000,4048.0000,4047.0000,4050.6000,4050.8000,4051.0000,4051.8000,4052.0000,3,1,1,1,2,1,1,1,1,3
SF,IF2006,2020-02-19 10:58:53.900,4050.0000,23798,0,4152761640.000,0,-,-,-,-,4049.6000,4049.2000,4049.0000,4048.0000,4047.0000,4050.4000,4050.6000,4050.8000,4051.0000,4051.8000,3,1,1,1,2,1,1,1,1,1
SF,IF2006,2020-02-19 10:58:54.400,4050.0000,23798,0,4152761640.000,0,-,-,-,-,4049.6000,4049.2000,4049.0000,4048.0000,4047.0000,4050.4000,4050.8000,4051.0000,4051.8000,4052.0000,3,1,1,1,2,1,1,1,1,3
SF,IF2006,2020-02-19 10:58:54.900,4050.0000,23798,0,4152761640.000,0,-,-,-,-,4049.6000,4049.2000,4049.0000,4048.0000,4047.0000,4050.8000,4051.0000,4051.8000,4052.0000,4052.8000,3,1,1,1,2,1,1,1,3,2
SF,IF2006,2020-02-19 10:58:56.400,4050.0000,23798,0,4152761640.000,0,-,-,-,-,4049.8000,4049.6000,4049.2000,4049.0000,4048.0000,4050.8000,4051.0000,4051.8000,4052.0000,4052.8000,1,3,1,1,1,1,1,1,3,2
SF,IF2006,2020-02-19 10:59:00.400,4050.8000,23798,0,4153976880.000,1,0,1,多换,S,4050.8000,4049.8000,4049.6000,4049.2000,4049.0000,4051.0000,4051.8000,4052.0000,4052.8000,4054.8000,1,1,3,1,1,1,1,3,2,2
SF,IF2006,2020-02-19 10:59:00.900,4050.8000,23798,0,4155192120.000,1,0,1,多换,S,4049.6000,4049.2000,4049.0000,4048.0000,4047.0000,4051.0000,4051.8000,4052.0000,4052.8000,4054.8000,3,1,1,1,2,1,1,3,2,2
SF,IF2006,2020-02-19 10:59:01.400,4050.8000,23798,0,4155192120.000,0,-,-,-,-,4049.8000,4049.6000,4049.2000,4048.0000,4047.0000,4050.8000,4051.0000,4051.8000,4052.0000,4052.8000,2,3,1,1,2,3,1,1,3,2
SF,IF2006,2020-02-19 10:59:02.900,4050.8000,23798,0,4155192120.000,0,-,-,-,-,4049.8000,4049.6000,4049.2000,4048.0000,4047.0000,4050.8000,4051.0000,4051.8000,4052.0000,4052.8000,1,3,1,1,2,3,1,1,3,2
SF,IF2006,2020-02-19 10:59:06.900,4050.8000,23798,0,4155192120.000,0,-,-,-,-,4050.0000,4049.8000,4049.6000,4049.2000,4048.0000,4050.8000,4051.0000,4051.8000,4052.0000,4052.8000,1,1,3,1,1,3,1,1,3,2
SF,IF2006,2020-02-19 10:59:08.400,4050.0000,23798,0,4156407120.000,1,0,1,多换,S,4049.8000,4049.6000,4049.2000,4048.0000,4047.0000,4050.0000,4050.8000,4051.0000,4051.8000,4052.0000,1,3,1,1,2,1,3,1,1,3
SF,IF2006,2020-02-19 10:59:08.900,4049.6000,23799,1,4157622000.000,1,1,0,双开,S,4049.2000,4048.0000,4047.0000,4045.2000,4045.0000,4049.8000,4050.0000,4050.8000,4051.0000,4051.8000,1,1,2,1,2,1,1,3,1,1
SF,IF2006,2020-02-19 10:59:09.400,4049.6000,23799,0,4157622000.000,0,-,-,-,-,4049.2000,4048.0000,4047.0000,4045.2000,4045.0000,4049.8000,4050.0000,4050.8000,4051.0000,4051.8000,1,1,2,1,2,1,1,3,1,1
SF,IF2006,2020-02-19 10:59:09.900,4049.2000,23800,1,4158836760.000,1,1,0,双开,S,4048.0000,4047.0000,4045.2000,4045.0000,4044.8000,4049.8000,4050.0000,4050.8000,4051.0000,4051.8000,1,2,1,2,2,1,1,3,1,1
SF,IF2006,2020-02-19 10:59:10.400,4049.2000,23800,0,4158836760.000,0,-,-,-,-,4048.4000,4048.2000,4048.0000,4047.0000,4045.2000,4049.8000,4050.0000,4050.8000,4051.0000,4051.8000,2,4,1,2,1,1,1,3,1,1
SF,IF2006,2020-02-19 10:59:10.900,4049.2000,23800,0,4158836760.000,0,-,-,-,-,4048.6000,4048.4000,4048.2000,4048.0000,4047.0000,4049.8000,4050.0000,4050.8000,4051.0000,4051.8000,2,2,2,1,2,1,1,3,1,1
SF,IF2006,2020-02-19 10:59:11.900,4049.2000,23800,0,4158836760.000,0,-,-,-,-,4048.6000,4048.4000,4048.2000,4048.0000,4047.0000,4049.6000,4049.8000,4050.0000,4050.8000,4051.0000,2,1,2,1,2,2,1,1,3,1
SF,IF2006,2020-02-19 10:59:12.400,4049.2000,23800,0,4158836760.000,0,-,-,-,-,4048.6000,4048.4000,4048.2000,4048.0000,4047.0000,4049.4000,4049.6000,4049.8000,4050.0000,4050.8000,2,1,2,1,2,1,1,1,1,3
SF,IF2006,2020-02-19 10:59:12.900,4049.2000,23800,0,4158836760.000,0,-,-,-,-,4048.6000,4048.4000,4048.2000,4048.0000,4047.0000,4049.6000,4049.8000,4050.0000,4050.8000,4051.0000,2,1,2,1,2,1,1,1,3,1
SF,IF2006,2020-02-19 10:59:13.400,4049.2000,23800,0,4158836760.000,0,-,-,-,-,4048.6000,4048.4000,4048.2000,4048.0000,4047.0000,4049.6000,4049.8000,4050.0000,4050.8000,4051.0000,2,1,2,1,2,1,1,1,3,1
SF,IF2006,2020-02-19 10:59:14.400,4049.2000,23800,0,4158836760.000,0,-,-,-,-,4048.6000,4048.4000,4048.2000,4048.0000,4047.0000,4049.6000,4049.8000,4050.0000,4050.8000,4051.0000,2,1,2,1,1,1,1,1,3,1
SF,IF2006,2020-02-19 10:59:15.400,4049.2000,23800,0,4158836760.000,0,-,-,-,-,4048.6000,4048.4000,4048.2000,4048.0000,4047.0000,4049.4000,4049.6000,4049.8000,4050.0000,4050.8000,2,1,2,1,1,1,1,1,1,3
SF,IF2006,2020-02-19 10:59:15.900,4049.2000,23800,0,4158836760.000,0,-,-,-,-,4048.4000,4048.2000,4047.0000,4045.2000,4045.0000,4049.4000,4049.6000,4049.8000,4050.0000,4050.8000,1,2,1,1,1,1,1,1,1,3
SF,IF2006,2020-02-19 10:59:16.400,4049.2000,23800,0,4158836760.000,0,-,-,-,-,4048.4000,4048.2000,4047.0000,4045.2000,4045.0000,4049.2000,4049.4000,4049.6000,4049.8000,4050.0000,1,2,1,1,1,1,1,1,1,1
SF,IF2006,2020-02-19 10:59:17.400,4049.2000,23800,0,4158836760.000,0,-,-,-,-,4048.4000,4048.2000,4047.0000,4045.2000,4045.0000,4049.4000,4049.6000,4049.8000,4050.0000,4050.8000,1,1,1,1,1,1,1,1,1,3
SF,IF2006,2020-02-19 10:59:17.900,4049.2000,23800,0,4158836760.000,0,-,-,-,-,4048.4000,4048.2000,4047.0000,4045.2000,4045.0000,4049.2000,4049.4000,4049.6000,4049.8000,4050.0000,1,1,1,1,1,1,1,1,1,1
SF,IF2006,2020-02-19 10:59:18.400,4049.2000,23800,0,4158836760.000,0,-,-,-,-,4048.4000,4048.2000,4047.0000,4045.2000,4045.0000,4049.4000,4049.6000,4049.8000,4050.0000,4050.8000,1,1,1,1,1,1,1,1,1,3
SF,IF2006,2020-02-19 10:59:18.900,4049.2000,23800,0,4158836760.000,0,-,-,-,-,4048.4000,4047.0000,4045.2000,4045.0000,4044.8000,4049.2000,4049.4000,4049.6000,4049.8000,4050.0000,1,1,1,1,2,1,1,1,1,1
SF,IF2006,2020-02-19 10:59:19.400,4049.2000,23800,0,4158836760.000,0,-,-,-,-,4047.0000,4045.2000,4045.0000,4044.8000,4043.4000,4049.4000,4049.6000,4049.8000,4050.0000,4050.8000,1,1,1,2,1,1,1,1,1,3
SF,IF2006,2020-02-19 10:59:19.900,4049.2000,23800,0,4158836760.000,0,-,-,-,-,4047.8000,4047.6000,4047.4000,4047.2000,4047.0000,4049.2000,4049.6000,4049.8000,4050.0000,4050.8000,1,1,2,3,1,2,1,1,1,3
SF,IF2006,2020-02-19 10:59:20.400,4049.2000,23800,0,4158836760.000,0,-,-,-,-,4048.2000,4048.0000,4047.8000,4047.0000,4045.2000,4049.6000,4049.8000,4050.0000,4050.8000,4051.0000,1,4,1,1,1,1,1,1,3,1
SF,IF2006,2020-02-19 10:59:20.900,4049.2000,23800,0,4158836760.000,0,-,-,-,-,4048.4000,4048.2000,4048.0000,4047.8000,4047.0000,4049.4000,4049.6000,4049.8000,4050.0000,4050.8000,2,1,2,1,1,1,1,1,1,3
SF,IF2006,2020-02-19 10:59:21.400,4049.2000,23800,0,4158836760.000,0,-,-,-,-,4048.4000,4048.2000,4048.0000,4047.8000,4047.0000,4049.6000,4049.8000,4050.0000,4050.8000,4051.0000,2,1,2,1,1,1,1,1,3,1
SF,IF2006,2020-02-19 10:59:21.900,4049.2000,23800,0,4158836760.000,0,-,-,-,-,4048.4000,4048.0000,4047.8000,4047.0000,4045.2000,4049.6000,4049.8000,4050.0000,4050.8000,4051.0000,2,2,1,1,1,1,1,1,3,1
SF,IF2006,2020-02-19 10:59:22.400,4049.2000,23800,0,4158836760.000,0,-,-,-,-,4048.4000,4048.0000,4047.8000,4047.0000,4045.2000,4049.8000,4050.0000,4050.8000,4051.0000,4051.8000,2,2,1,1,1,1,1,3,1,1
SF,IF2006,2020-02-19 10:59:22.900,4049.2000,23800,0,4158836760.000,0,-,-,-,-,4048.4000,4048.0000,4047.0000,4045.2000,4045.0000,4049.6000,4049.8000,4050.0000,4050.8000,4051.0000,2,2,1,1,1,2,1,1,3,1
SF,IF2006,2020-02-19 10:59:23.400,4049.2000,23800,0,4158836760.000,0,-,-,-,-,4048.4000,4048.0000,4047.0000,4045.2000,4045.0000,4049.4000,4049.6000,4049.8000,4050.0000,4050.8000,2,2,1,1,1,1,2,1,1,3
SF,IF2006,2020-02-19 10:59:24.900,4049.2000,23800,0,4158836760.000,0,-,-,-,-,4048.4000,4048.0000,4047.0000,4045.2000,4045.0000,4049.4000,4049.6000,4049.8000,4050.0000,4050.8000,2,2,1,1,1,1,3,1,1,3
SF,IF2006,2020-02-19 10:59:30.900,4049.2000,23800,0,4158836760.000,0,-,-,-,-,4048.4000,4048.0000,4047.0000,4045.2000,4045.0000,4049.2000,4049.4000,4049.6000,4049.8000,4050.0000,2,2,1,1,1,1,1,3,1,1
SF,IF2006,2020-02-19 10:59:31.400,4049.2000,23800,0,4158836760.000,0,-,-,-,-,4048.4000,4048.0000,4047.0000,4045.2000,4045.0000,4049.6000,4049.8000,4050.0000,4050.8000,4051.0000,2,2,1,1,1,3,1,1,3,1
SF,IF2006,2020-02-19 10:59:31.900,4049.2000,23800,0,4158836760.000,0,-,-,-,-,4048.6000,4048.4000,4048.0000,4047.0000,4045.2000,4049.6000,4049.8000,4050.0000,4050.8000,4051.0000,2,2,1,1,1,1,1,1,3,1
SF,IF2006,2020-02-19 10:59:33.400,4049.2000,23800,0,4158836760.000,0,-,-,-,-,4048.6000,4048.4000,4048.0000,4047.0000,4045.2000,4049.6000,4049.8000,4050.0000,4050.8000,4051.8000,1,2,1,1,1,1,1,1,3,1
SF,IF2006,2020-02-19 10:59:33.900,4049.2000,23800,0,4158836760.000,0,-,-,-,-,4048.6000,4048.4000,4048.0000,4047.0000,4045.2000,4049.2000,4049.6000,4049.8000,4050.0000,4050.8000,1,2,1,1,1,1,1,1,1,3
SF,IF2006,2020-02-19 10:59:34.900,4049.2000,23801,1,4160051520.000,1,1,0,双开,S,4048.6000,4048.4000,4048.0000,4047.0000,4045.2000,4049.6000,4049.8000,4050.0000,4050.8000,4051.8000,1,2,1,1,1,1,1,1,3,1
SF,IF2006,2020-02-19 10:59:37.400,4048.6000,23800,-1,4161266100.000,1,0,1,双平,S,4048.6000,4048.4000,4048.0000,4047.0000,4045.2000,4049.6000,4049.8000,4050.0000,4050.8000,4051.8000,1,2,1,1,1,1,1,1,4,1
SF,IF2006,2020-02-19 10:59:39.900,4048.6000,23800,0,4161266100.000,0,-,-,-,-,4048.6000,4048.4000,4048.0000,4047.0000,4045.2000,4049.6000,4049.8000,4050.8000,4051.8000,4052.0000,1,2,1,1,1,1,1,4,1,3
SF,IF2006,2020-02-19 10:59:40.900,4048.6000,23800,0,4161266100.000,0,-,-,-,-,4048.6000,4048.4000,4048.0000,4047.0000,4045.2000,4049.6000,4049.8000,4050.8000,4051.8000,4052.0000,1,2,1,1,1,2,1,4,1,3
SF,IF2006,2020-02-19 10:59:41.400,4048.6000,23800,0,4161266100.000,0,-,-,-,-,4048.8000,4048.6000,4048.0000,4047.0000,4045.2000,4049.6000,4049.8000,4050.8000,4051.8000,4052.0000,2,1,1,1,1,2,1,4,1,3
SF,IF2006,2020-02-19 10:59:43.400,4048.8000,23800,0,4162480740.000,1,0,1,多换,S,4048.8000,4048.6000,4048.0000,4047.0000,4045.2000,4049.6000,4049.8000,4050.8000,4051.8000,4052.0000,1,1,1,1,1,2,1,4,1,3
SF,IF2006,2020-02-19 10:59:43.900,4048.8000,23800,0,4162480740.000,0,-,-,-,-,4048.8000,4048.6000,4048.0000,4047.0000,4045.2000,4049.6000,4049.8000,4050.8000,4051.8000,4052.0000,1,1,7,1,1,2,1,4,1,3
SF,IF2006,2020-02-19 10:59:45.400,4048.8000,23800,0,4162480740.000,0,-,-,-,-,4048.8000,4048.6000,4048.0000,4047.0000,4045.2000,4049.4000,4049.6000,4049.8000,4050.8000,4051.8000,1,1,7,1,1,1,2,1,4,1
SF,IF2006,2020-02-19 10:59:46.400,4048.8000,23800,0,4162480740.000,0,-,-,-,-,4048.8000,4048.6000,4048.0000,4047.0000,4045.2000,4049.4000,4049.6000,4049.8000,4050.8000,4051.8000,1,1,7,1,1,1,2,1,4,1
SF,IF2006,2020-02-19 10:59:47.400,4048.8000,23800,0,4162480740.000,0,-,-,-,-,4048.8000,4048.6000,4048.0000,4047.0000,4045.2000,4049.4000,4049.6000,4049.8000,4050.8000,4051.8000,2,1,7,1,1,1,2,1,4,1
SF,IF2006,2020-02-19 10:59:51.400,4048.8000,23800,0,4162480740.000,0,-,-,-,-,4048.8000,4048.0000,4047.0000,4045.2000,4045.0000,4049.4000,4049.6000,4049.8000,4050.8000,4051.8000,2,7,1,1,1,2,2,1,4,1
SF,IF2006,2020-02-19 10:59:51.900,4048.8000,23800,0,4162480740.000,0,-,-,-,-,4048.8000,4048.0000,4047.0000,4045.2000,4045.0000,4049.4000,4049.6000,4049.8000,4050.8000,4051.8000,1,7,1,1,1,1,2,1,4,1
SF,IF2006,2020-02-19 10:59:52.900,4048.8000,23801,1,4163695380.000,1,1,0,双开,S,4048.0000,4047.0000,4045.2000,4045.0000,4044.8000,4049.4000,4049.6000,4049.8000,4050.8000,4051.8000,7,1,1,1,2,1,2,1,4,1
SF,IF2006,2020-02-19 10:59:53.900,4048.8000,23801,0,4163695380.000,0,-,-,-,-,4048.2000,4048.0000,4047.0000,4045.2000,4045.0000,4049.2000,4049.4000,4049.6000,4049.8000,4050.8000,1,7,1,1,1,1,1,2,1,4
SF,IF2006,2020-02-19 10:59:55.400,4048.8000,23801,0,4163695380.000,0,-,-,-,-,4048.2000,4048.0000,4047.0000,4045.2000,4045.0000,4049.2000,4049.4000,4049.6000,4049.8000,4050.8000,1,1,1,1,1,1,1,2,1,4
SF,IF2006,2020-02-19 10:59:55.900,4049.2000,23801,0,4164910140.000,1,0,1,多换,S,4048.2000,4048.0000,4047.0000,4045.2000,4045.0000,4049.4000,4049.6000,4049.8000,4050.8000,4051.8000,1,1,1,1,1,1,2,1,4,1
SF,IF2006,2020-02-19 10:59:56.900,4048.0000,23802,1,4166124540.000,1,1,0,双开,S,4047.0000,4045.2000,4045.0000,4044.8000,4043.4000,4048.8000,4049.2000,4049.4000,4049.6000,4049.8000,1,1,1,2,1,1,4,1,2,1
SF,IF2006,2020-02-19 10:59:57.400,4048.0000,23802,0,4166124540.000,0,-,-,-,-,4047.4000,4047.2000,4047.0000,4045.0000,4044.8000,4048.6000,4048.8000,4049.2000,4049.4000,4049.6000,1,5,1,1,2,3,1,1,1,2
SF,IF2006,2020-02-19 10:59:57.900,4048.0000,23802,0,4166124540.000,0,-,-,-,-,4047.4000,4047.2000,4047.0000,4045.0000,4044.8000,4048.4000,4048.6000,4048.8000,4049.2000,4049.4000,1,5,1,1,2,1,3,1,1,1
SF,IF2006,2020-02-19 10:59:58.400,4048.0000,23802,0,4166124540.000,0,-,-,-,-,4047.6000,4047.4000,4047.2000,4047.0000,4045.0000,4048.4000,4048.6000,4048.8000,4049.2000,4049.4000,2,1,2,1,1,1,1,1,1,1
SF,IF2006,2020-02-19 10:59:58.900,4048.0000,23802,0,4166124540.000,0,-,-,-,-,4047.6000,4047.4000,4047.2000,4047.0000,4045.0000,4048.6000,4048.8000,4049.2000,4049.4000,4049.6000,3,1,1,1,1,1,1,1,1,2
SF,IF2006,2020-02-19 10:59:59.400,4048.0000,23802,0,4166124540.000,0,-,-,-,-,4047.6000,4047.4000,4047.2000,4047.0000,4045.0000,4048.6000,4048.8000,4049.4000,4049.6000,4049.8000,3,1,1,1,1,1,1,1,2,1
SF,IF2006,2020-02-19 11:00:01.400,4048.0000,23802,0,4166124540.000,0,-,-,-,-,4047.6000,4047.4000,4047.2000,4047.0000,4045.0000,4048.6000,4048.8000,4049.4000,4049.6000,4049.8000,2,1,1,1,1,1,1,1,2,1
SF,IF2006,2020-02-19 11:00:02.400,4047.6000,23802,0,4168553100.000,2,1,1,多换,S,4047.4000,4047.2000,4047.0000,4045.0000,4044.8000,4048.4000,4048.6000,4048.8000,4049.4000,4049.6000,1,1,1,1,2,2,1,1,1,1
SF,IF2006,2020-02-19 11:00:02.900,4047.6000,23802,0,4168553100.000,0,-,-,-,-,4047.0000,4045.0000,4044.8000,4043.4000,4042.8000,4048.2000,4048.4000,4048.6000,4048.8000,4049.4000,1,1,1,1,8,2,2,1,1,1
SF,IF2006,2020-02-19 11:00:03.400,4047.6000,23802,0,4168553100.000,0,-,-,-,-,4047.0000,4045.0000,4044.8000,4043.4000,4042.8000,4048.0000,4048.2000,4048.4000,4048.8000,4049.4000,1,1,1,1,8,2,2,1,1,1
SF,IF2006,2020-02-19 11:00:03.900,4047.6000,23802,0,4168553100.000,0,-,-,-,-,4047.0000,4045.0000,4044.8000,4043.4000,4042.8000,4047.8000,4048.0000,4048.4000,4048.8000,4049.0000,1,1,1,1,8,2,2,1,1,1
SF,IF2006,2020-02-19 11:00:04.400,4047.6000,23802,0,4168553100.000,0,-,-,-,-,4047.0000,4045.0000,4044.8000,4043.4000,4042.8000,4047.8000,4048.0000,4048.4000,4048.8000,4049.0000,1,1,1,1,8,2,1,1,1,1
SF,IF2006,2020-02-19 11:00:04.900,4047.6000,23802,0,4168553100.000,0,-,-,-,-,4047.0000,4045.0000,4044.8000,4043.4000,4042.8000,4047.8000,4048.0000,4048.4000,4049.0000,4049.4000,1,1,1,1,8,2,1,1,1,1
SF,IF2006,2020-02-19 11:00:05.400,4047.6000,23802,0,4168553100.000,0,-,-,-,-,4047.0000,4045.0000,4044.8000,4043.4000,4042.8000,4047.8000,4048.0000,4048.4000,4049.0000,4049.4000,1,1,1,1,8,2,1,1,1,1
SF,IF2006,2020-02-19 11:00:05.900,4047.6000,23802,0,4168553100.000,0,-,-,-,-,4047.0000,4045.0000,4044.8000,4043.4000,4042.8000,4047.8000,4048.0000,4048.4000,4049.0000,4049.4000,1,1,1,1,8,2,1,1,1,1
SF,IF2006,2020-02-19 11:00:06.400,4047.6000,23802,0,4168553100.000,0,-,-,-,-,4047.0000,4045.0000,4044.8000,4044.0000,4043.4000,4047.8000,4048.0000,4048.4000,4049.0000,4049.4000,1,1,1,1,1,2,1,1,1,1
SF,IF2006,2020-02-19 11:00:06.900,4047.0000,23801,-1,4169767200.000,1,0,1,双平,S,4045.0000,4044.8000,4044.0000,4043.4000,4042.8000,4047.8000,4048.0000,4048.4000,4049.0000,4049.4000,1,1,1,1,8,2,1,1,1,1
SF,IF2006,2020-02-19 11:00:07.400,4047.0000,23801,0,4169767200.000,0,-,-,-,-,4046.2000,4046.0000,4045.8000,4045.4000,4045.2000,4047.8000,4048.0000,4048.4000,4049.0000,4049.4000,1,2,1,1,7,2,1,1,1,1
SF,IF2006,2020-02-19 11:00:07.900,4047.0000,23801,0,4169767200.000,0,-,-,-,-,4046.2000,4046.0000,4045.8000,4045.2000,4045.0000,4047.8000,4048.0000,4048.4000,4049.0000,4049.4000,1,2,1,2,1,2,1,1,1,1
SF,IF2006,2020-02-19 11:00:08.900,4047.0000,23801,0,4169767200.000,0,-,-,-,-,4046.2000,4046.0000,4045.2000,4045.0000,4044.8000,4047.8000,4048.0000,4048.4000,4049.0000,4049.4000,1,2,2,1,1,2,1,1,1,1
SF,IF2006,2020-02-19 11:00:09.400,4047.0000,23801,0,4169767200.000,0,-,-,-,-,4046.4000,4046.2000,4046.0000,4045.0000,4044.8000,4047.8000,4048.0000,4048.4000,4049.0000,4049.4000,3,1,2,1,1,2,1,1,1,1
SF,IF2006,2020-02-19 11:00:09.900,4047.0000,23801,0,4169767200.000,0,-,-,-,-,4046.4000,4046.0000,4045.0000,4044.8000,4044.0000,4047.8000,4048.0000,4049.0000,4049.4000,4049.6000,3,1,1,1,1,2,1,1,1,1
SF,IF2006,2020-02-19 11:00:10.400,4047.0000,23801,0,4169767200.000,0,-,-,-,-,4046.8000,4046.6000,4046.4000,4045.0000,4044.8000,4047.8000,4048.0000,4049.0000,4049.4000,4049.6000,1,3,2,1,1,2,1,1,1,1
SF,IF2006,2020-02-19 11:00:10.900,4047.0000,23801,0,4169767200.000,0,-,-,-,-,4046.8000,4046.6000,4046.4000,4045.0000,4044.8000,4047.8000,4048.0000,4049.0000,4049.4000,4049.6000,1,2,2,1,1,2,1,1,1,1
SF,IF2006,2020-02-19 11:00:13.900,4047.0000,23801,0,4169767200.000,0,-,-,-,-,4046.8000,4046.6000,4046.4000,4045.0000,4044.8000,4047.8000,4048.0000,4049.0000,4049.4000,4049.6000,1,2,2,1,1,2,1,1,1,1
SF,IF2006,2020-02-19 11:00:14.900,4047.0000,23801,0,4169767200.000,0,-,-,-,-,4046.6000,4046.4000,4045.0000,4044.8000,4044.0000,4047.8000,4048.0000,4049.0000,4049.4000,4049.6000,2,2,1,1,1,2,1,1,1,1
SF,IF2006,2020-02-19 11:00:15.900,4046.6000,23799,-2,4172195160.000,2,0,2,双平,S,4046.6000,4046.4000,4045.0000,4044.8000,4044.0000,4047.6000,4047.8000,4048.0000,4049.0000,4049.4000,2,2,1,1,1,3,2,1,1,1
SF,IF2006,2020-02-19 11:00:16.400,4046.4000,23795,-4,4177050960.000,4,0,4,双平,S,4045.0000,4044.8000,4044.0000,4043.4000,4042.8000,4046.6000,4046.8000,4047.4000,4047.6000,4049.0000,1,1,1,1,7,3,6,5,1,1
SF,IF2006,2020-02-19 11:00:16.900,4045.2000,23796,1,4178264520.000,1,1,0,双开,S,4045.0000,4044.8000,4044.0000,4043.4000,4042.8000,4046.4000,4046.6000,4046.8000,4047.6000,4049.0000,1,1,1,1,7,5,3,6,1,1
SF,IF2006,2020-02-19 11:00:17.400,4045.2000,23796,0,4178264520.000,0,-,-,-,-,4045.0000,4044.8000,4044.0000,4043.4000,4042.8000,4046.4000,4046.6000,4046.8000,4047.6000,4049.0000,1,1,1,1,7,4,3,6,1,1
SF,IF2006,2020-02-19 11:00:18.400,4045.2000,23796,0,4178264520.000,0,-,-,-,-,4045.0000,4044.8000,4044.0000,4043.4000,4042.8000,4046.4000,4046.6000,4046.8000,4047.6000,4049.0000,1,1,1,1,7,4,3,6,1,1
SF,IF2006,2020-02-19 11:00:18.900,4045.2000,23796,0,4178264520.000,0,-,-,-,-,4045.0000,4044.8000,4044.0000,4043.4000,4042.8000,4046.0000,4046.2000,4046.4000,4046.6000,4046.8000,1,1,1,1,7,1,1,4,3,6
SF,IF2006,2020-02-19 11:00:19.400,4045.2000,23796,0,4178264520.000,0,-,-,-,-,4045.0000,4044.8000,4044.0000,4043.4000,4042.8000,4046.0000,4046.2000,4046.4000,4046.6000,4046.8000,1,1,1,1,7,1,1,4,3,6
SF,IF2006,2020-02-19 11:00:19.900,4046.0000,23797,1,4179478320.000,1,1,0,双开,S,4045.0000,4044.8000,4044.0000,4043.4000,4042.8000,4046.2000,4046.4000,4046.6000,4046.8000,4047.6000,1,1,1,1,7,1,4,3,6,1
SF,IF2006,2020-02-19 11:00:20.400,4046.0000,23797,0,4179478320.000,0,-,-,-,-,4045.2000,4045.0000,4044.8000,4044.0000,4043.4000,4046.0000,4046.4000,4046.6000,4046.8000,4047.6000,1,1,1,1,1,2,2,3,6,1
SF,IF2006,2020-02-19 11:00:20.900,4046.0000,23797,0,4179478320.000,0,-,-,-,-,4045.0000,4044.8000,4044.0000,4043.4000,4042.8000,4046.0000,4046.4000,4046.6000,4046.8000,4047.6000,1,1,1,1,7,2,2,3,6,1
SF,IF2006,2020-02-19 11:00:21.400,4046.0000,23797,0,4179478320.000,0,-,-,-,-,4045.2000,4045.0000,4044.8000,4044.0000,4043.4000,4046.0000,4046.4000,4046.6000,4046.8000,4047.6000,1,1,1,1,1,2,2,1,6,1
SF,IF2006,2020-02-19 11:00:21.900,4046.0000,23795,-2,4181905920.000,2,0,2,双平,S,4045.0000,4044.8000,4044.0000,4043.4000,4042.8000,4046.4000,4046.6000,4046.8000,4047.6000,4049.0000,1,1,1,1,7,1,1,6,1,1
SF,IF2006,2020-02-19 11:00:22.400,4046.0000,23795,0,4181905920.000,0,-,-,-,-,4045.4000,4045.2000,4045.0000,4044.8000,4044.0000,4046.4000,4046.6000,4046.8000,4047.6000,4049.0000,1,3,1,1,1,1,1,6,1,1
SF,IF2006,2020-02-19 11:00:22.900,4046.0000,23795,0,4181905920.000,0,-,-,-,-,4045.6000,4045.2000,4045.0000,4044.8000,4044.0000,4046.4000,4046.6000,4046.8000,4047.6000,4049.0000,1,3,1,1,1,1,1,6,1,1
SF,IF2006,2020-02-19 11:00:23.400,4046.0000,23795,0,4181905920.000,0,-,-,-,-,4045.2000,4045.0000,4044.8000,4044.0000,4043.4000,4046.4000,4046.6000,4046.8000,4047.6000,4049.0000,3,1,1,1,1,1,1,6,1,1
SF,IF2006,2020-02-19 11:00:23.900,4046.0000,23795,0,4181905920.000,0,-,-,-,-,4045.4000,4045.2000,4044.8000,4044.0000,4043.4000,4046.4000,4046.6000,4046.8000,4047.6000,4049.0000,1,3,1,1,1,1,1,6,1,1
SF,IF2006,2020-02-19 11:00:24.900,4046.0000,23795,0,4181905920.000,0,-,-,-,-,4045.4000,4045.2000,4044.8000,4044.0000,4043.4000,4046.4000,4046.6000,4046.8000,4047.6000,4049.0000,1,3,1,1,1,1,1,6,1,1
SF,IF2006,2020-02-19 11:00:25.400,4046.0000,23795,0,4181905920.000,0,-,-,-,-,4045.2000,4044.8000,4044.0000,4043.4000,4042.8000,4045.8000,4046.4000,4046.6000,4046.8000,4047.6000,2,1,1,1,7,1,1,1,6,1
SF,IF2006,2020-02-19 11:00:25.900,4046.0000,23795,0,4181905920.000,0,-,-,-,-,4044.8000,4044.0000,4043.4000,4042.8000,4042.6000,4045.8000,4046.4000,4046.6000,4046.8000,4047.6000,1,1,1,7,10,1,1,1,6,1
SF,IF2006,2020-02-19 11:00:26.400,4046.0000,23795,0,4181905920.000,0,-,-,-,-,4045.0000,4044.8000,4044.0000,4043.4000,4042.8000,4045.8000,4046.2000,4046.4000,4046.6000,4046.8000,1,1,1,1,7,1,1,1,1,6
SF,IF2006,2020-02-19 11:00:27.400,4046.0000,23795,0,4181905920.000,0,-,-,-,-,4045.0000,4044.8000,4044.0000,4043.4000,4042.8000,4045.8000,4046.2000,4046.6000,4046.8000,4047.6000,1,1,1,1,7,1,1,1,6,1
SF,IF2006,2020-02-19 11:00:29.900,4046.0000,23795,0,4181905920.000,0,-,-,-,-,4045.0000,4044.8000,4044.0000,4043.4000,4042.8000,4045.8000,4046.2000,4046.6000,4046.8000,4047.6000,1,1,1,1,7,1,1,3,6,1
SF,IF2006,2020-02-19 11:00:31.400,4045.0000,23794,-1,4183119420.000,1,0,1,双平,S,4044.8000,4044.0000,4043.4000,4042.8000,4042.6000,4045.8000,4046.2000,4046.6000,4046.8000,4047.6000,1,1,1,7,10,1,1,3,6,1
SF,IF2006,2020-02-19 11:00:31.900,4045.8000,23793,-1,4184333160.000,1,0,1,双平,S,4044.8000,4044.0000,4043.4000,4042.8000,4042.6000,4046.2000,4046.6000,4046.8000,4047.6000,4049.0000,1,1,1,7,10,1,3,6,1,1
SF,IF2006,2020-02-19 11:00:32.400,4045.8000,23793,0,4184333160.000,0,-,-,-,-,4045.0000,4044.8000,4044.0000,4043.4000,4042.8000,4046.2000,4046.6000,4046.8000,4047.6000,4049.0000,2,1,1,1,7,1,3,6,1,1
SF,IF2006,2020-02-19 11:00:32.900,4045.0000,23794,1,4187973720.000,3,2,1,空开,S,4044.8000,4044.0000,4043.4000,4042.8000,4042.6000,4045.0000,4046.0000,4046.2000,4046.6000,4046.8000,1,1,1,7,10,2,2,1,3,6
SF,IF2006,2020-02-19 11:00:33.400,4045.0000,23796,2,4190400720.000,2,2,0,双开,S,4044.8000,4044.0000,4043.4000,4042.8000,4042.6000,4046.0000,4046.2000,4046.6000,4046.8000,4047.6000,1,1,1,7,10,2,1,3,6,1
SF,IF2006,2020-02-19 11:00:34.400,4045.0000,23796,0,4190400720.000,0,-,-,-,-,4044.8000,4044.0000,4043.4000,4042.8000,4042.6000,4045.8000,4046.0000,4046.2000,4046.6000,4046.8000,1,1,1,7,10,2,2,1,3,6
SF,IF2006,2020-02-19 11:00:34.900,4044.8000,23796,0,4191614160.000,1,0,1,多换,S,4044.0000,4043.4000,4042.8000,4042.6000,4042.0000,4045.6000,4045.8000,4046.6000,4046.8000,4047.6000,1,1,7,10,12,2,2,3,6,1
SF,IF2006,2020-02-19 11:00:35.400,4044.8000,23796,0,4191614160.000,0,-,-,-,-,4044.6000,4044.2000,4044.0000,4043.4000,4042.8000,4045.6000,4046.6000,4046.8000,4047.6000,4049.0000,1,2,2,1,7,2,3,6,1,1
SF,IF2006,2020-02-19 11:00:36.400,4044.8000,23796,0,4191614160.000,0,-,-,-,-,4044.8000,4044.6000,4044.2000,4044.0000,4043.4000,4045.6000,4046.6000,4046.8000,4047.6000,4049.0000,1,1,2,2,1,2,3,6,1,1
SF,IF2006,2020-02-19 11:00:39.900,4044.8000,23796,0,4191614160.000,0,-,-,-,-,4044.8000,4044.6000,4044.2000,4044.0000,4043.4000,4045.0000,4045.6000,4046.6000,4046.8000,4047.6000,1,1,2,2,1,1,2,3,6,1
SF,IF2006,2020-02-19 11:00:40.400,4045.0000,23796,0,4192827660.000,1,0,1,多换,S,4044.8000,4044.6000,4044.2000,4044.0000,4043.4000,4045.6000,4046.6000,4046.8000,4047.6000,4049.0000,1,1,2,2,1,2,3,6,1,1
SF,IF2006,2020-02-19 11:00:45.400,4045.0000,23796,0,4192827660.000,0,-,-,-,-,4045.0000,4044.8000,4044.6000,4044.2000,4044.0000,4045.6000,4046.6000,4046.8000,4047.6000,4049.0000,1,1,1,2,2,2,1,6,1,1
SF,IF2006,2020-02-19 11:00:45.900,4045.0000,23796,0,4192827660.000,0,-,-,-,-,4045.0000,4044.8000,4044.6000,4044.2000,4044.0000,4045.6000,4046.6000,4046.8000,4047.6000,4049.0000,1,1,1,1,2,2,1,6,1,1
SF,IF2006,2020-02-19 11:00:47.900,4045.0000,23796,0,4192827660.000,0,-,-,-,-,4045.2000,4045.0000,4044.8000,4044.6000,4044.2000,4045.6000,4046.6000,4046.8000,4047.6000,4049.0000,1,1,2,1,1,2,1,6,1,1
SF,IF2006,2020-02-19 11:00:48.900,4045.2000,23796,0,4194041220.000,1,0,1,多换,S,4045.0000,4044.8000,4044.6000,4044.2000,4044.0000,4045.6000,4046.6000,4046.8000,4047.6000,4049.0000,1,2,1,1,2,2,1,6,1,1
SF,IF2006,2020-02-19 11:00:49.900,4045.2000,23796,0,4194041220.000,0,-,-,-,-,4045.0000,4044.8000,4044.6000,4044.2000,4044.0000,4045.6000,4046.6000,4046.8000,4047.6000,4049.0000,1,2,1,1,2,2,1,6,1,1
SF,IF2006,2020-02-19 11:00:51.400,4045.0000,23796,0,4195254720.000,1,0,1,多换,S,4044.8000,4044.6000,4044.2000,4044.0000,4043.4000,4045.6000,4046.6000,4046.8000,4047.6000,4049.0000,2,1,1,2,1,2,1,6,1,1
SF,IF2006,2020-02-19 11:00:51.900,4045.0000,23796,0,4195254720.000,0,-,-,-,-,4044.8000,4044.6000,4044.2000,4044.0000,4043.4000,4045.4000,4045.6000,4046.6000,4046.8000,4047.6000,2,1,1,2,1,1,2,1,6,1
SF,IF2006,2020-02-19 11:00:52.400,4045.0000,23796,0,4195254720.000,0,-,-,-,-,4044.8000,4044.6000,4044.2000,4044.0000,4043.4000,4045.2000,4045.4000,4046.6000,4046.8000,4047.6000,2,1,1,2,1,2,1,1,6,1
SF,IF2006,2020-02-19 11:00:52.900,4045.0000,23796,0,4195254720.000,0,-,-,-,-,4044.8000,4044.6000,4044.2000,4044.0000,4043.4000,4045.2000,4045.4000,4046.6000,4046.8000,4047.6000,2,1,1,2,1,2,1,1,6,1
SF,IF2006,2020-02-19 11:00:53.400,4045.2000,23795,-1,4197681840.000,2,0,2,多平,S,4044.8000,4044.6000,4044.2000,4044.0000,4043.4000,4046.6000,4046.8000,4047.6000,4049.0000,4049.4000,2,1,1,2,1,1,6,1,1,1
SF,IF2006,2020-02-19 11:00:53.900,4045.2000,23795,0,4197681840.000,0,-,-,-,-,4044.8000,4044.6000,4044.2000,4044.0000,4043.4000,4046.2000,4046.4000,4046.6000,4046.8000,4049.0000,2,1,1,2,1,4,3,1,6,1
SF,IF2006,2020-02-19 11:00:54.400,4045.2000,23795,0,4197681840.000,0,-,-,-,-,4044.8000,4044.6000,4044.2000,4044.0000,4043.4000,4046.0000,4046.2000,4046.4000,4046.6000,4046.8000,2,1,1,2,1,3,4,1,1,6
SF,IF2006,2020-02-19 11:00:54.900,4045.2000,23795,0,4197681840.000,0,-,-,-,-,4044.8000,4044.6000,4044.2000,4044.0000,4043.4000,4046.0000,4046.2000,4046.4000,4046.6000,4049.0000,2,1,1,2,1,3,2,1,1,1
SF,IF2006,2020-02-19 11:00:55.400,4045.2000,23795,0,4197681840.000,0,-,-,-,-,4044.8000,4044.6000,4044.2000,4044.0000,4043.4000,4045.8000,4046.0000,4046.2000,4046.6000,4049.0000,2,1,1,2,1,2,3,1,1,1
SF,IF2006,2020-02-19 11:00:55.900,4045.2000,23795,0,4197681840.000,0,-,-,-,-,4044.8000,4044.6000,4044.2000,4044.0000,4043.4000,4045.8000,4046.0000,4046.2000,4046.6000,4049.0000,2,1,1,2,1,2,3,1,1,1
SF,IF2006,2020-02-19 11:00:56.400,4045.2000,23795,0,4197681840.000,0,-,-,-,-,4044.8000,4044.6000,4044.2000,4044.0000,4043.4000,4045.8000,4046.0000,4046.2000,4046.6000,4049.0000,2,1,1,2,1,2,3,1,1,1
SF,IF2006,2020-02-19 11:00:56.900,4045.2000,23795,0,4197681840.000,0,-,-,-,-,4044.8000,4044.6000,4044.2000,4044.0000,4043.4000,4045.8000,4046.0000,4046.2000,4046.6000,4049.0000,2,1,1,2,1,2,3,1,1,1
SF,IF2006,2020-02-19 11:00:57.400,4045.2000,23795,0,4197681840.000,0,-,-,-,-,4044.8000,4044.6000,4044.0000,4043.4000,4042.8000,4045.8000,4046.0000,4046.2000,4046.6000,4049.0000,2,1,2,1,7,2,3,1,1,1
SF,IF2006,2020-02-19 11:00:57.900,4045.2000,23795,0,4197681840.000,0,-,-,-,-,4045.0000,4044.8000,4044.6000,4044.0000,4043.4000,4045.8000,4046.0000,4046.2000,4046.6000,4049.0000,1,2,1,2,1,2,3,1,1,1
SF,IF2006,2020-02-19 11:00:58.400,4045.2000,23795,0,4197681840.000,0,-,-,-,-,4045.0000,4044.8000,4044.6000,4044.0000,4043.4000,4045.8000,4046.0000,4046.2000,4046.6000,4049.0000,1,2,1,2,1,1,3,1,1,1
SF,IF2006,2020-02-19 11:00:59.900,4045.2000,23795,0,4197681840.000,0,-,-,-,-,4045.0000,4044.8000,4044.6000,4044.0000,4043.4000,4045.6000,4045.8000,4046.0000,4046.2000,4046.6000,1,2,1,2,1,1,1,3,1,1
SF,IF2006,2020-02-19 11:01:00.400,4045.0000,23795,0,4198895340.000,1,0,1,多换,S,4044.8000,4044.6000,4044.0000,4043.4000,4042.8000,4045.0000,4045.6000,4045.8000,4046.0000,4046.2000,2,1,2,1,7,7,1,1,3,1
SF,IF2006,2020-02-19 11:01:00.900,4044.8000,23796,1,4200108780.000,1,1,0,双开,S,4044.8000,4044.6000,4044.0000,4043.4000,4042.8000,4045.0000,4045.6000,4046.0000,4046.6000,4049.0000,1,1,2,1,7,7,1,3,1,1
SF,IF2006,2020-02-19 11:01:01.400,4044.8000,23796,0,4201322220.000,1,0,1,多换,S,4044.6000,4044.0000,4043.4000,4042.8000,4042.6000,4044.8000,4045.0000,4045.6000,4046.0000,4046.6000,1,2,1,7,10,2,7,1,3,1
SF,IF2006,2020-02-19 11:01:01.900,4044.6000,23796,0,4202535600.000,1,0,1,多换,S,4044.0000,4043.4000,4042.8000,4042.6000,4042.0000,4044.6000,4044.8000,4045.0000,4045.6000,4046.0000,2,1,7,10,12,1,1,7,1,3
SF,IF2006,2020-02-19 11:01:02.400,4044.0000,23796,0,4204962000.000,2,1,1,多换,S,4043.4000,4042.8000,4042.6000,4042.0000,4041.6000,4044.0000,4044.4000,4044.6000,4045.0000,4045.6000,1,7,10,12,1,1,3,1,7,1
SF,IF2006,2020-02-19 11:01:02.900,4043.4000,23796,0,4206175020.000,1,0,1,多换,S,4042.8000,4042.6000,4042.0000,4041.6000,4041.2000,4044.0000,4044.4000,4044.6000,4045.0000,4045.6000,7,10,12,1,1,1,2,1,7,1
SF,IF2006,2020-02-19 11:01:03.400,4043.4000,23796,0,4206175020.000,0,-,-,-,-,4042.8000,4042.6000,4042.0000,4041.6000,4041.2000,4044.4000,4044.6000,4045.0000,4045.6000,4049.0000,7,10,12,1,1,2,1,7,1,1
SF,IF2006,2020-02-19 11:01:03.900,4043.4000,23796,0,4206175020.000,0,-,-,-,-,4043.0000,4042.8000,4042.6000,4042.0000,4041.6000,4043.4000,4044.4000,4044.6000,4045.0000,4045.6000,2,7,10,12,1,1,2,1,7,1
SF,IF2006,2020-02-19 11:01:04.400,4043.4000,23796,0,4207388040.000,1,0,1,多换,S,4043.6000,4043.4000,4043.2000,4043.0000,4042.8000,4044.4000,4044.6000,4045.0000,4045.6000,4049.0000,1,1,1,2,7,2,1,7,1,1
SF,IF2006,2020-02-19 11:01:04.900,4043.4000,23796,0,4208601060.000,1,0,1,多换,S,4044.6000,4043.4000,4043.2000,4043.0000,4042.8000,4045.0000,4045.6000,4049.0000,4049.4000,4049.6000,1,1,1,2,7,7,1,1,1,1
SF,IF2006,2020-02-19 11:01:05.400,4044.6000,23796,0,4209814440.000,1,0,1,多换,S,4043.4000,4043.2000,4043.0000,4042.8000,4042.6000,4043.6000,4045.0000,4045.6000,4049.0000,4049.4000,1,1,2,7,10,1,7,1,1,1
SF,IF2006,2020-02-19 11:01:05.900,4043.6000,23794,-2,4213453680.000,3,0,3,多平,S,4043.6000,4043.0000,4042.8000,4042.6000,4042.0000,4045.0000,4045.6000,4049.0000,4049.4000,4049.6000,5,2,7,10,12,7,1,1,1,1
SF,IF2006,2020-02-19 11:01:06.400,4043.6000,23794,0,4213453680.000,0,-,-,-,-,4044.0000,4043.6000,4043.0000,4042.8000,4042.6000,4044.8000,4045.0000,4045.6000,4049.0000,4049.4000,1,3,2,7,10,2,7,1,1,1
SF,IF2006,2020-02-19 11:01:06.900,4043.6000,23794,0,4213453680.000,0,-,-,-,-,4043.6000,4043.0000,4042.8000,4042.6000,4042.0000,4044.8000,4045.0000,4045.6000,4049.0000,4049.4000,3,2,7,10,12,2,7,1,1,1
SF,IF2006,2020-02-19 11:01:07.400,4043.6000,23794,0,4213453680.000,0,-,-,-,-,4043.6000,4043.0000,4042.8000,4042.6000,4042.0000,4044.6000,4044.8000,4045.0000,4045.6000,4049.0000,3,2,7,10,12,1,2,7,1,1
SF,IF2006,2020-02-19 11:01:07.900,4043.6000,23794,0,4213453680.000,0,-,-,-,-,4043.8000,4043.6000,4043.0000,4042.8000,4042.6000,4044.6000,4044.8000,4045.0000,4045.6000,4049.0000,2,3,2,7,10,1,2,7,1,1
SF,IF2006,2020-02-19 11:01:08.400,4043.6000,23794,0,4213453680.000,0,-,-,-,-,4043.8000,4043.6000,4043.0000,4042.8000,4042.6000,4044.8000,4045.0000,4045.6000,4049.0000,4049.4000,2,3,2,7,10,2,8,1,1,1
SF,IF2006,2020-02-19 11:01:08.900,4043.6000,23794,0,4213453680.000,0,-,-,-,-,4043.6000,4043.0000,4042.8000,4042.6000,4042.0000,4044.6000,4044.8000,4045.0000,4045.6000,4049.0000,3,2,7,10,12,1,2,8,1,1
SF,IF2006,2020-02-19 11:01:09.400,4043.6000,23794,0,4213453680.000,0,-,-,-,-,4043.6000,4043.0000,4042.8000,4042.6000,4042.0000,4044.4000,4044.6000,4045.0000,4045.6000,4049.0000,3,2,7,10,12,2,1,8,1,1
SF,IF2006,2020-02-19 11:01:09.900,4043.6000,23794,0,4213453680.000,0,-,-,-,-,4043.6000,4043.0000,4042.8000,4042.6000,4042.0000,4044.4000,4045.0000,4045.6000,4049.0000,4049.4000,3,2,7,10,12,2,8,1,1,1
SF,IF2006,2020-02-19 11:01:10.400,4043.6000,23794,0,4213453680.000,0,-,-,-,-,4043.8000,4043.6000,4043.0000,4042.8000,4042.6000,4044.4000,4045.0000,4045.6000,4049.0000,4049.4000,1,3,2,7,10,2,8,1,1,1
SF,IF2006,2020-02-19 11:01:10.900,4043.6000,23794,0,4213453680.000,0,-,-,-,-,4043.8000,4043.6000,4043.0000,4042.8000,4042.6000,4044.4000,4045.0000,4045.6000,4049.0000,4049.4000,1,2,2,7,10,2,8,1,1,1
SF,IF2006,2020-02-19 11:01:11.400,4043.6000,23794,0,4213453680.000,0,-,-,-,-,4043.6000,4043.0000,4042.8000,4042.6000,4042.0000,4045.0000,4045.6000,4049.0000,4049.4000,4049.6000,2,2,7,10,12,8,1,1,1,1
SF,IF2006,2020-02-19 11:01:11.900,4043.6000,23794,0,4213453680.000,0,-,-,-,-,4043.8000,4043.6000,4043.0000,4042.8000,4042.6000,4044.8000,4045.0000,4045.6000,4049.0000,4049.4000,1,2,2,7,10,2,8,1,1,1
SF,IF2006,2020-02-19 11:01:12.400,4043.6000,23794,0,4213453680.000,0,-,-,-,-,4043.8000,4043.6000,4043.0000,4042.8000,4042.6000,4044.8000,4045.0000,4045.6000,4049.0000,4049.4000,2,2,2,7,10,2,8,1,1,1
SF,IF2006,2020-02-19 11:01:12.900,4043.6000,23794,0,4213453680.000,0,-,-,-,-,4044.0000,4043.8000,4043.6000,4043.0000,4042.8000,4044.8000,4045.0000,4045.6000,4049.0000,4049.4000,1,2,1,2,7,2,7,1,1,1
SF,IF2006,2020-02-19 11:01:13.400,4043.6000,23794,0,4213453680.000,0,-,-,-,-,4044.0000,4043.8000,4043.0000,4042.8000,4042.6000,4044.8000,4045.0000,4045.6000,4049.0000,4049.4000,1,2,2,7,10,2,7,1,1,1
SF,IF2006,2020-02-19 11:01:14.400,4043.6000,23794,0,4213453680.000,0,-,-,-,-,4044.0000,4043.8000,4043.6000,4043.0000,4042.8000,4044.8000,4045.0000,4045.6000,4049.0000,4049.4000,1,2,1,2,7,2,7,1,1,1
SF,IF2006,2020-02-19 11:01:14.900,4044.8000,23794,0,4214667120.000,1,0,1,多换,S,4044.0000,4043.8000,4043.6000,4043.0000,4042.8000,4044.8000,4045.0000,4045.6000,4049.0000,4049.4000,1,2,1,2,7,1,7,1,1,1
SF,IF2006,2020-02-19 11:01:15.400,4044.8000,23794,0,4214667120.000,0,-,-,-,-,4044.2000,4044.0000,4043.8000,4043.6000,4043.0000,4045.0000,4045.6000,4049.0000,4049.4000,4049.6000,2,2,2,1,2,7,1,1,1,1
SF,IF2006,2020-02-19 11:01:16.400,4044.8000,23794,0,4214667120.000,0,-,-,-,-,4044.4000,4044.2000,4044.0000,4043.8000,4043.6000,4045.0000,4045.6000,4049.0000,4049.4000,4049.6000,1,2,1,2,1,7,1,1,1,1
SF,IF2006,2020-02-19 11:01:16.900,4045.0000,23794,0,4217094120.000,2,1,1,多换,S,4044.4000,4044.2000,4044.0000,4043.8000,4043.6000,4045.0000,4045.6000,4049.0000,4049.4000,4049.6000,2,1,1,2,1,5,1,1,1,1
SF,IF2006,2020-02-19 11:01:17.400,4045.0000,23793,-1,4223161620.000,5,2,3,多平,S,4044.8000,4044.4000,4044.2000,4044.0000,4043.8000,4045.6000,4049.0000,4049.4000,4049.6000,4049.8000,1,2,1,1,1,1,1,1,1,1
SF,IF2006,2020-02-19 11:01:17.900,4045.6000,23793,0,4224375300.000,1,0,1,多换,S,4044.8000,4044.6000,4044.4000,4044.2000,4044.0000,4049.0000,4049.4000,4049.6000,4049.8000,4052.0000,1,1,2,1,1,1,1,1,1,3
SF,IF2006,2020-02-19 11:01:18.400,4045.6000,23793,0,4224375300.000,0,-,-,-,-,4045.0000,4044.8000,4044.6000,4044.4000,4044.2000,4046.4000,4047.0000,4047.2000,4048.0000,4048.8000,3,1,1,2,1,1,1,1,1,6
SF,IF2006,2020-02-19 11:01:18.900,4045.6000,23793,0,4224375300.000,0,-,-,-,-,4045.0000,4044.6000,4044.4000,4044.2000,4044.0000,4046.2000,4046.4000,4048.0000,4048.8000,4049.0000,2,1,2,1,1,2,1,1,6,1
SF,IF2006,2020-02-19 11:01:19.400,4045.6000,23793,0,4224375300.000,0,-,-,-,-,4045.4000,4045.2000,4045.0000,4044.6000,4044.4000,4046.2000,4048.0000,4048.8000,4049.0000,4049.4000,1,1,2,1,1,2,1,6,1,1
SF,IF2006,2020-02-19 11:01:19.900,4045.6000,23793,0,4224375300.000,0,-,-,-,-,4045.2000,4045.0000,4044.6000,4044.4000,4044.2000,4046.2000,4048.0000,4048.8000,4049.0000,4049.4000,1,2,1,1,1,2,1,6,1,1
SF,IF2006,2020-02-19 11:01:20.400,4045.6000,23793,0,4224375300.000,0,-,-,-,-,4045.0000,4044.6000,4044.4000,4044.2000,4044.0000,4046.2000,4048.0000,4048.8000,4049.0000,4049.4000,2,1,1,1,1,2,1,6,1,1
SF,IF2006,2020-02-19 11:01:20.900,4045.6000,23793,0,4224375300.000,0,-,-,-,-,4045.2000,4045.0000,4044.6000,4044.4000,4044.2000,4046.2000,4048.0000,4048.8000,4049.0000,4049.4000,1,2,1,1,1,2,1,6,1,1
SF,IF2006,2020-02-19 11:01:21.400,4045.0000,23791,-2,4228015860.000,3,0,3,多平,S,4044.6000,4044.4000,4044.2000,4044.0000,4043.8000,4045.0000,4046.2000,4048.0000,4048.8000,4049.0000,1,1,1,1,1,1,2,1,6,1
SF,IF2006,2020-02-19 11:01:21.900,4045.0000,23790,-1,4229229360.000,1,0,1,双平,S,4045.0000,4044.6000,4044.4000,4044.2000,4044.0000,4046.2000,4048.0000,4048.8000,4049.0000,4049.4000,2,1,1,1,1,2,1,6,1,1
SF,IF2006,2020-02-19 11:01:22.400,4045.0000,23790,0,4229229360.000,0,-,-,-,-,4045.0000,4044.6000,4044.4000,4044.2000,4044.0000,4046.0000,4046.2000,4048.0000,4048.8000,4049.0000,2,1,1,1,1,3,3,1,6,1
SF,IF2006,2020-02-19 11:01:22.900,4045.0000,23790,0,4229229360.000,0,-,-,-,-,4045.0000,4044.6000,4044.4000,4044.2000,4044.0000,4045.8000,4046.0000,4048.0000,4048.8000,4049.0000,2,1,1,1,1,2,3,1,6,1
SF,IF2006,2020-02-19 11:01:23.400,4045.0000,23790,0,4229229360.000,0,-,-,-,-,4045.0000,4044.6000,4044.4000,4044.2000,4044.0000,4045.8000,4046.0000,4048.0000,4048.8000,4049.0000,2,1,1,1,1,2,4,1,6,1
SF,IF2006,2020-02-19 11:01:24.400,4045.0000,23790,0,4229229360.000,0,-,-,-,-,4044.6000,4044.4000,4044.2000,4044.0000,4043.8000,4045.0000,4045.8000,4046.0000,4048.0000,4048.8000,1,1,1,1,1,1,2,4,1,6
SF,IF2006,2020-02-19 11:01:24.900,4045.0000,23791,1,4230442860.000,1,1,0,双开,S,4044.6000,4044.4000,4044.2000,4044.0000,4043.8000,4045.8000,4046.0000,4048.0000,4048.8000,4049.0000,1,1,1,1,1,2,2,1,6,1
SF,IF2006,2020-02-19 11:01:25.400,4045.0000,23791,0,4230442860.000,0,-,-,-,-,4044.6000,4044.4000,4044.2000,4044.0000,4043.8000,4045.8000,4046.0000,4048.0000,4048.8000,4049.0000,1,1,1,1,1,2,2,1,6,1
SF,IF2006,2020-02-19 11:01:26.400,4045.0000,23791,0,4230442860.000,0,-,-,-,-,4045.0000,4044.6000,4044.4000,4044.2000,4044.0000,4045.6000,4045.8000,4046.0000,4048.0000,4048.8000,1,1,1,1,1,1,2,2,1,6
SF,IF2006,2020-02-19 11:01:26.900,4045.0000,23792,1,4231656360.000,1,1,0,双开,S,4044.6000,4044.4000,4044.2000,4044.0000,4043.8000,4045.6000,4045.8000,4046.0000,4048.0000,4048.8000,1,1,1,1,1,1,2,2,1,6
SF,IF2006,2020-02-19 11:01:27.400,4045.0000,23792,0,4231656360.000,0,-,-,-,-,4044.6000,4044.4000,4044.2000,4044.0000,4043.8000,4045.4000,4046.0000,4048.0000,4048.8000,4049.0000,1,1,1,1,1,5,1,1,6,1
SF,IF2006,2020-02-19 11:01:27.900,4045.0000,23792,0,4231656360.000,0,-,-,-,-,4044.6000,4044.4000,4044.2000,4044.0000,4043.8000,4045.4000,4046.0000,4048.0000,4048.8000,4049.0000,1,1,1,1,1,3,1,1,6,1
SF,IF2006,2020-02-19 11:01:28.900,4045.0000,23792,0,4231656360.000,0,-,-,-,-,4044.6000,4044.4000,4044.2000,4044.0000,4043.8000,4045.4000,4046.0000,4048.0000,4048.8000,4049.0000,1,1,1,1,1,3,1,1,6,1
SF,IF2006,2020-02-19 11:01:29.400,4045.4000,23791,-1,4232869980.000,1,0,1,双平,S,4044.6000,4044.4000,4044.2000,4044.0000,4043.8000,4045.4000,4046.0000,4048.0000,4048.8000,4049.0000,1,1,1,1,1,2,1,1,6,1
SF,IF2006,2020-02-19 11:01:29.900,4045.4000,23791,0,4232869980.000,0,-,-,-,-,4045.0000,4044.4000,4044.0000,4042.8000,4042.6000,4045.4000,4046.0000,4048.0000,4048.8000,4049.0000,1,1,1,7,10,2,1,1,6,1
SF,IF2006,2020-02-19 11:01:30.400,4045.0000,23790,-1,4234083480.000,1,0,1,双平,S,4044.4000,4044.0000,4042.8000,4042.6000,4042.0000,4045.4000,4046.0000,4048.0000,4048.8000,4049.0000,1,1,7,10,13,2,1,1,6,1
SF,IF2006,2020-02-19 11:01:31.400,4045.0000,23790,0,4234083480.000,0,-,-,-,-,4044.4000,4042.8000,4042.6000,4042.0000,4041.6000,4045.4000,4046.0000,4048.0000,4048.8000,4049.0000,1,7,10,13,1,2,1,1,6,1
SF,IF2006,2020-02-19 11:01:32.400,4045.0000,23790,0,4234083480.000,0,-,-,-,-,4042.8000,4042.6000,4042.0000,4041.6000,4041.2000,4045.4000,4046.0000,4048.0000,4048.8000,4049.0000,7,10,13,1,1,2,1,1,6,1
SF,IF2006,2020-02-19 11:01:32.900,4045.0000,23790,0,4234083480.000,0,-,-,-,-,4043.8000,4043.6000,4043.4000,4043.2000,4043.0000,4045.4000,4046.0000,4048.0000,4048.8000,4049.0000,1,5,3,3,3,2,1,1,6,1
SF,IF2006,2020-02-19 11:01:33.400,4045.0000,23790,0,4234083480.000,0,-,-,-,-,4044.0000,4043.8000,4043.6000,4043.4000,4043.2000,4045.4000,4046.0000,4048.0000,4048.8000,4049.0000,2,1,5,3,3,2,1,1,6,1
SF,IF2006,2020-02-19 11:01:34.400,4045.0000,23790,0,4234083480.000,0,-,-,-,-,4044.2000,4044.0000,4043.8000,4043.6000,4043.4000,4045.4000,4046.0000,4048.0000,4048.8000,4049.0000,2,2,1,5,3,2,1,1,6,1
SF,IF2006,2020-02-19 11:01:35.400,4044.2000,23789,-1,4236510000.000,2,0,2,多平,S,4044.0000,4043.8000,4043.6000,4043.4000,4043.2000,4045.4000,4046.0000,4048.0000,4048.8000,4049.0000,2,1,5,3,3,2,1,1,6,1
SF,IF2006,2020-02-19 11:01:35.900,4044.2000,23789,0,4236510000.000,0,-,-,-,-,4044.0000,4043.8000,4043.6000,4043.4000,4043.2000,4045.4000,4046.0000,4048.0000,4048.8000,4049.0000,2,1,5,1,3,2,1,1,6,1
SF,IF2006,2020-02-19 11:01:36.400,4044.2000,23789,0,4236510000.000,0,-,-,-,-,4044.0000,4043.8000,4043.6000,4043.4000,4043.2000,4045.0000,4045.4000,4046.0000,4048.0000,4048.8000,2,1,5,1,3,1,2,1,1,6
SF,IF2006,2020-02-19 11:01:36.900,4044.2000,23789,0,4236510000.000,0,-,-,-,-,4044.0000,4043.8000,4043.4000,4043.2000,4043.0000,4045.0000,4045.4000,4046.0000,4048.0000,4048.8000,2,1,1,2,1,1,2,1,1,6
SF,IF2006,2020-02-19 11:01:39.400,4044.2000,23789,0,4236510000.000,0,-,-,-,-,4044.0000,4043.8000,4043.2000,4043.0000,4042.8000,4045.0000,4045.4000,4046.0000,4048.0000,4048.8000,2,1,2,1,7,1,2,1,1,6
SF,IF2006,2020-02-19 11:01:40.400,4044.2000,23789,0,4236510000.000,0,-,-,-,-,4044.2000,4044.0000,4043.8000,4043.2000,4043.0000,4045.0000,4045.4000,4046.0000,4048.0000,4048.8000,1,2,1,2,1,1,2,1,1,6
SF,IF2006,2020-02-19 11:01:40.900,4044.2000,23789,0,4236510000.000,0,-,-,-,-,4044.4000,4044.2000,4044.0000,4043.8000,4043.2000,4045.0000,4045.4000,4046.0000,4048.0000,4048.8000,1,1,2,1,1,1,2,1,1,6
SF,IF2006,2020-02-19 11:01:42.400,4044.2000,23789,0,4236510000.000,0,-,-,-,-,4044.4000,4044.2000,4044.0000,4043.8000,4043.2000,4045.0000,4045.4000,4046.0000,4048.0000,4048.8000,1,1,2,1,1,1,2,1,1,6
SF,IF2006,2020-02-19 11:01:43.400,4044.4000,23789,0,4237723320.000,1,0,1,多换,S,4044.2000,4044.0000,4043.8000,4042.8000,4042.6000,4045.4000,4046.0000,4048.0000,4048.8000,4049.0000,1,2,1,7,11,1,1,1,6,1
SF,IF2006,2020-02-19 11:01:43.900,4044.4000,23789,0,4237723320.000,0,-,-,-,-,4044.2000,4043.8000,4042.8000,4042.6000,4042.0000,4045.2000,4045.4000,4048.0000,4048.8000,4049.0000,1,1,7,10,13,3,1,1,6,1
SF,IF2006,2020-02-19 11:01:44.400,4044.4000,23789,0,4237723320.000,0,-,-,-,-,4044.2000,4043.8000,4042.8000,4042.6000,4042.0000,4045.0000,4045.2000,4045.4000,4048.0000,4048.8000,1,1,7,10,13,2,2,1,1,6
SF,IF2006,2020-02-19 11:01:44.900,4044.4000,23789,0,4237723320.000,0,-,-,-,-,4044.2000,4043.8000,4042.8000,4042.6000,4042.0000,4045.0000,4045.2000,4045.4000,4048.0000,4048.8000,1,1,7,10,13,1,2,1,1,6
SF,IF2006,2020-02-19 11:01:48.900,4045.0000,23789,0,4238936820.000,1,0,1,多换,S,4044.2000,4043.8000,4042.8000,4042.6000,4042.0000,4045.2000,4045.4000,4048.0000,4048.8000,4049.0000,1,1,7,10,13,2,1,1,6,1
SF,IF2006,2020-02-19 11:01:49.400,4045.0000,23789,0,4238936820.000,0,-,-,-,-,4044.2000,4043.8000,4042.8000,4042.6000,4042.0000,4045.0000,4045.2000,4045.4000,4048.0000,4048.8000,1,1,7,10,13,1,2,1,1,6
SF,IF2006,2020-02-19 11:01:49.900,4045.0000,23789,0,4238936820.000,0,-,-,-,-,4044.2000,4043.8000,4042.8000,4042.6000,4042.0000,4045.0000,4045.2000,4045.4000,4048.0000,4048.8000,1,1,7,10,13,1,1,1,1,6
SF,IF2006,2020-02-19 11:01:50.900,4045.0000,23789,0,4238936820.000,0,-,-,-,-,4044.2000,4043.8000,4042.8000,4042.6000,4042.0000,4045.0000,4045.2000,4045.4000,4048.0000,4048.8000,2,1,7,10,13,1,1,1,1,6
SF,IF2006,2020-02-19 11:01:51.900,4045.0000,23789,0,4238936820.000,0,-,-,-,-,4044.2000,4043.8000,4042.8000,4042.6000,4042.0000,4045.2000,4045.4000,4048.0000,4048.8000,4049.0000,2,1,7,10,13,1,1,1,6,1
SF,IF2006,2020-02-19 11:01:52.400,4045.0000,23789,0,4238936820.000,0,-,-,-,-,4044.2000,4043.8000,4042.8000,4042.6000,4042.0000,4045.0000,4045.2000,4045.4000,4048.0000,4048.8000,2,1,7,10,13,2,1,1,1,6
SF,IF2006,2020-02-19 11:01:52.900,4045.0000,23789,0,4238936820.000,0,-,-,-,-,4044.2000,4043.8000,4042.8000,4042.6000,4042.0000,4045.2000,4045.4000,4048.0000,4048.8000,4049.0000,2,1,7,10,13,1,1,1,6,1
SF,IF2006,2020-02-19 11:01:53.400,4045.0000,23790,1,4240150320.000,1,1,0,双开,S,4044.2000,4043.8000,4042.8000,4042.6000,4042.2000,4045.2000,4045.4000,4048.0000,4048.8000,4049.0000,2,1,7,10,1,1,1,1,6,1
SF,IF2006,2020-02-19 11:01:54.900,4044.2000,23790,0,4242576840.000,2,1,1,多换,S,4043.8000,4042.8000,4042.6000,4042.2000,4042.0000,4045.2000,4045.4000,4048.0000,4048.8000,4049.0000,1,7,10,1,13,1,1,1,6,1
SF,IF2006,2020-02-19 11:01:55.400,4044.2000,23790,0,4242576840.000,0,-,-,-,-,4043.8000,4042.8000,4042.6000,4042.2000,4042.0000,4045.0000,4045.2000,4048.0000,4048.8000,4049.0000,1,7,10,1,13,3,1,1,6,1
SF,IF2006,2020-02-19 11:01:55.900,4045.0000,23790,0,4243790340.000,1,0,1,多换,S,4043.8000,4042.8000,4042.6000,4042.2000,4042.0000,4045.0000,4045.2000,4048.0000,4048.8000,4049.0000,1,7,10,1,13,2,1,1,6,1
SF,IF2006,2020-02-19 11:01:56.400,4045.0000,23790,0,4243790340.000,0,-,-,-,-,4043.8000,4042.8000,4042.6000,4042.2000,4042.0000,4045.0000,4045.2000,4048.0000,4048.8000,4049.0000,1,7,10,1,13,3,1,1,6,1
SF,IF2006,2020-02-19 11:01:56.900,4045.0000,23790,0,4243790340.000,0,-,-,-,-,4044.0000,4043.8000,4042.8000,4042.6000,4042.2000,4045.0000,4045.2000,4048.0000,4048.8000,4049.0000,2,1,7,10,1,3,1,1,5,1
SF,IF2006,2020-02-19 11:01:59.400,4045.0000,23790,0,4243790340.000,0,-,-,-,-,4044.0000,4043.8000,4043.0000,4042.8000,4042.6000,4045.0000,4045.2000,4048.0000,4048.8000,4049.0000,2,1,6,7,10,3,1,1,5,1
SF,IF2006,2020-02-19 11:02:00.400,4045.0000,23790,0,4243790340.000,0,-,-,-,-,4044.0000,4043.8000,4043.0000,4042.8000,4042.6000,4045.0000,4045.2000,4048.0000,4048.8000,4049.0000,2,1,6,7,10,4,1,1,5,1
SF,IF2006,2020-02-19 11:02:01.400,4045.0000,23790,0,4243790340.000,0,-,-,-,-,4044.0000,4043.8000,4043.0000,4042.8000,4042.6000,4045.0000,4045.2000,4048.0000,4048.8000,4049.0000,2,1,6,7,10,6,1,1,5,1
SF,IF2006,2020-02-19 11:02:01.900,4045.0000,23791,1,4246217340.000,2,1,1,空开,S,4044.0000,4043.8000,4043.0000,4042.8000,4042.6000,4045.0000,4045.2000,4048.0000,4048.8000,4049.0000,2,1,6,7,10,4,1,1,5,1
SF,IF2006,2020-02-19 11:02:03.400,4045.0000,23791,0,4246217340.000,0,-,-,-,-,4044.0000,4043.8000,4043.0000,4042.8000,4042.6000,4045.0000,4045.2000,4048.0000,4048.8000,4049.0000,2,1,6,7,10,4,1,1,5,1
SF,IF2006,2020-02-19 11:02:04.900,4045.0000,23791,0,4246217340.000,0,-,-,-,-,4044.0000,4043.8000,4043.0000,4042.8000,4042.6000,4045.0000,4045.2000,4048.0000,4048.8000,4049.0000,2,1,6,7,10,3,1,1,5,1
SF,IF2006,2020-02-19 11:02:05.900,4045.0000,23791,0,4246217340.000,0,-,-,-,-,4044.0000,4043.8000,4043.0000,4042.8000,4042.6000,4045.0000,4045.2000,4048.0000,4048.8000,4049.0000,2,1,6,7,10,3,3,1,5,1
SF,IF2006,2020-02-19 11:02:06.900,4045.0000,23791,0,4246217340.000,0,-,-,-,-,4044.0000,4043.8000,4043.0000,4042.8000,4042.6000,4045.0000,4045.2000,4048.0000,4048.8000,4049.0000,2,1,6,7,10,2,3,1,5,1
SF,IF2006,2020-02-19 11:02:08.400,4045.0000,23791,0,4246217340.000,0,-,-,-,-,4044.0000,4043.8000,4043.0000,4042.8000,4042.6000,4045.0000,4045.2000,4048.0000,4048.8000,4049.0000,2,1,6,7,10,2,3,1,5,1
SF,IF2006,2020-02-19 11:02:09.900,4045.0000,23791,0,4247430840.000,1,0,1,多换,S,4044.0000,4043.8000,4043.0000,4042.8000,4042.6000,4045.0000,4045.2000,4048.0000,4048.8000,4049.0000,2,1,7,7,10,1,3,1,5,1
SF,IF2006,2020-02-19 11:02:10.400,4045.0000,23791,0,4247430840.000,0,-,-,-,-,4044.2000,4044.0000,4043.8000,4043.0000,4042.8000,4045.0000,4045.2000,4048.0000,4048.8000,4049.0000,1,2,1,7,7,1,3,1,5,1
SF,IF2006,2020-02-19 11:02:10.900,4045.0000,23791,0,4247430840.000,0,-,-,-,-,4044.0000,4043.8000,4043.0000,4042.8000,4042.6000,4045.0000,4045.2000,4048.0000,4048.8000,4049.0000,2,1,7,7,10,1,3,1,5,1
SF,IF2006,2020-02-19 11:02:11.400,4045.0000,23791,0,4247430840.000,0,-,-,-,-,4044.2000,4044.0000,4043.8000,4043.0000,4042.8000,4045.0000,4045.2000,4048.0000,4048.8000,4049.0000,1,2,1,7,7,1,3,1,5,1
SF,IF2006,2020-02-19 11:02:11.900,4045.0000,23792,1,4248644340.000,1,1,0,双开,S,4045.0000,4044.4000,4044.0000,4043.8000,4043.0000,4045.2000,4048.0000,4048.8000,4049.0000,4049.4000,1,1,2,1,7,3,1,5,1,1
SF,IF2006,2020-02-19 11:02:12.400,4045.2000,23792,0,4252285020.000,3,1,2,多换,S,4045.0000,4044.4000,4044.0000,4043.0000,4042.8000,4048.0000,4048.8000,4049.0000,4049.4000,4049.6000,1,1,2,7,7,1,5,1,1,1
SF,IF2006,2020-02-19 11:02:12.900,4045.2000,23792,0,4252285020.000,0,-,-,-,-,4045.2000,4045.0000,4044.4000,4043.0000,4042.8000,4046.6000,4046.8000,4047.2000,4047.4000,4047.8000,2,1,1,7,7,1,1,1,1,1
SF,IF2006,2020-02-19 11:02:13.400,4045.2000,23792,0,4252285020.000,0,-,-,-,-,4045.2000,4045.0000,4044.4000,4043.0000,4042.8000,4046.6000,4046.8000,4047.8000,4048.0000,4048.8000,2,1,1,7,7,1,1,1,1,5
SF,IF2006,2020-02-19 11:02:13.900,4046.6000,23792,0,4253499000.000,1,0,1,多换,S,4045.8000,4045.6000,4045.2000,4045.0000,4044.4000,4047.8000,4048.8000,4049.0000,4049.4000,4049.6000,2,1,2,1,1,1,5,1,1,1
SF,IF2006,2020-02-19 11:02:14.400,4046.6000,23792,0,4253499000.000,0,-,-,-,-,4046.0000,4045.8000,4045.2000,4045.0000,4044.4000,4047.6000,4047.8000,4048.8000,4049.0000,4049.4000,1,2,2,1,1,3,1,4,1,1
SF,IF2006,2020-02-19 11:02:14.900,4046.6000,23792,0,4253499000.000,0,-,-,-,-,4046.2000,4045.8000,4045.0000,4044.4000,4043.0000,4047.6000,4048.8000,4049.0000,4049.4000,4049.6000,3,1,1,1,7,2,3,1,1,1
SF,IF2006,2020-02-19 11:02:15.400,4046.6000,23792,0,4253499000.000,0,-,-,-,-,4046.2000,4045.0000,4044.4000,4043.0000,4042.8000,4047.6000,4048.8000,4049.0000,4049.4000,4049.6000,3,1,1,7,7,2,3,1,1,1
SF,IF2006,2020-02-19 11:02:15.900,4046.6000,23792,0,4253499000.000,0,-,-,-,-,4046.6000,4046.2000,4045.0000,4044.4000,4043.0000,4047.4000,4047.6000,4048.8000,4049.0000,4049.4000,1,3,1,1,7,1,2,3,1,1
SF,IF2006,2020-02-19 11:02:16.400,4046.6000,23792,0,4253499000.000,0,-,-,-,-,4046.2000,4045.0000,4044.4000,4043.0000,4042.8000,4047.6000,4048.8000,4049.0000,4049.4000,4049.6000,3,1,1,7,7,2,3,1,1,1
SF,IF2006,2020-02-19 11:02:17.900,4047.6000,23792,0,4254713280.000,1,0,1,多换,S,4046.6000,4046.4000,4046.2000,4045.0000,4044.4000,4047.6000,4048.8000,4049.0000,4049.4000,4049.6000,1,1,3,1,1,1,3,1,1,1
SF,IF2006,2020-02-19 11:02:18.400,4047.6000,23792,0,4254713280.000,0,-,-,-,-,4046.6000,4046.4000,4046.2000,4045.0000,4044.4000,4047.2000,4047.4000,4047.6000,4048.8000,4049.0000,1,1,3,1,1,1,1,1,3,1
SF,IF2006,2020-02-19 11:02:19.900,4047.6000,23792,0,4254713280.000,0,-,-,-,-,4046.6000,4046.4000,4046.2000,4045.0000,4044.4000,4047.2000,4047.4000,4047.6000,4048.8000,4049.0000,1,1,3,1,1,1,1,1,3,1
SF,IF2006,2020-02-19 11:02:20.400,4047.6000,23792,0,4254713280.000,0,-,-,-,-,4046.2000,4045.0000,4043.0000,4042.8000,4042.6000,4047.2000,4047.4000,4047.6000,4048.8000,4049.0000,3,1,7,7,10,1,1,1,3,1
SF,IF2006,2020-02-19 11:02:20.900,4047.6000,23792,0,4254713280.000,0,-,-,-,-,4046.2000,4045.0000,4043.0000,4042.8000,4042.6000,4047.2000,4047.4000,4047.6000,4048.8000,4049.0000,2,1,7,7,10,1,1,1,3,1
SF,IF2006,2020-02-19 11:02:21.900,4046.2000,23791,-1,4257141000.000,2,0,2,多平,S,4046.2000,4045.0000,4043.0000,4042.8000,4042.6000,4047.0000,4047.2000,4047.4000,4047.6000,4048.8000,1,1,7,7,10,3,1,1,1,3
SF,IF2006,2020-02-19 11:02:22.400,4046.2000,23792,1,4258354860.000,1,1,0,双开,S,4045.0000,4043.0000,4042.8000,4042.6000,4042.2000,4046.2000,4046.8000,4047.0000,4047.2000,4047.4000,1,7,7,10,1,2,2,2,1,1
SF,IF2006,2020-02-19 11:02:22.900,4046.2000,23792,0,4258354860.000,0,-,-,-,-,4045.2000,4045.0000,4043.0000,4042.8000,4042.6000,4046.2000,4046.8000,4047.0000,4047.2000,4047.4000,1,1,7,7,10,2,2,1,1,1
SF,IF2006,2020-02-19 11:02:23.400,4046.2000,23791,-1,4259568720.000,1,0,1,双平,S,4045.8000,4045.4000,4045.0000,4043.0000,4042.8000,4046.8000,4047.0000,4047.2000,4047.4000,4048.8000,1,1,1,7,7,2,1,1,1,3
SF,IF2006,2020-02-19 11:02:23.900,4046.2000,23791,0,4259568720.000,0,-,-,-,-,4045.0000,4043.0000,4042.8000,4042.6000,4042.2000,4046.8000,4047.0000,4047.2000,4047.4000,4048.8000,1,7,7,10,1,2,1,1,1,3
SF,IF2006,2020-02-19 11:02:24.400,4046.2000,23791,0,4259568720.000,0,-,-,-,-,4045.4000,4045.2000,4045.0000,4043.0000,4042.8000,4046.8000,4047.0000,4047.2000,4047.4000,4048.8000,1,4,1,7,7,2,1,1,1,3
SF,IF2006,2020-02-19 11:02:24.900,4046.2000,23791,0,4259568720.000,0,-,-,-,-,4045.8000,4045.6000,4045.0000,4043.0000,4042.8000,4046.8000,4047.0000,4047.2000,4047.4000,4048.8000,1,4,1,7,7,2,1,1,1,3
SF,IF2006,2020-02-19 11:02:25.900,4046.2000,23791,0,4259568720.000,0,-,-,-,-,4046.0000,4045.6000,4045.0000,4043.0000,4042.8000,4046.8000,4047.2000,4047.4000,4048.8000,4049.0000,1,4,1,7,7,2,1,1,3,1
SF,IF2006,2020-02-19 11:02:26.400,4046.2000,23791,0,4259568720.000,0,-,-,-,-,4045.6000,4045.0000,4043.0000,4042.8000,4042.6000,4047.2000,4047.4000,4048.8000,4049.0000,4049.6000,4,1,7,7,10,1,1,3,1,1
SF,IF2006,2020-02-19 11:02:26.900,4046.2000,23791,0,4259568720.000,0,-,-,-,-,4045.8000,4045.6000,4045.0000,4043.0000,4042.8000,4047.0000,4047.2000,4047.4000,4048.8000,4049.0000,1,4,1,7,7,2,1,1,3,1
SF,IF2006,2020-02-19 11:02:27.400,4046.2000,23791,0,4259568720.000,0,-,-,-,-,4046.0000,4045.6000,4045.0000,4043.0000,4042.8000,4047.0000,4047.2000,4047.4000,4048.8000,4049.0000,3,2,1,7,7,2,1,1,3,1
SF,IF2006,2020-02-19 11:02:28.400,4046.2000,23791,0,4259568720.000,0,-,-,-,-,4046.0000,4045.0000,4043.0000,4042.8000,4042.6000,4047.0000,4047.2000,4047.4000,4048.8000,4049.0000,3,1,7,7,10,2,1,1,3,1
SF,IF2006,2020-02-19 11:02:28.900,4046.2000,23791,0,4259568720.000,0,-,-,-,-,4046.2000,4046.0000,4045.0000,4043.0000,4042.8000,4047.2000,4047.4000,4048.8000,4049.0000,4049.6000,3,2,1,7,7,1,1,3,1,1
SF,IF2006,2020-02-19 11:02:29.400,4046.2000,23791,0,4259568720.000,0,-,-,-,-,4046.2000,4046.0000,4045.0000,4043.0000,4042.8000,4047.0000,4047.2000,4047.4000,4048.8000,4049.0000,1,2,1,7,7,2,1,1,3,1
SF,IF2006,2020-02-19 11:02:29.900,4046.2000,23791,0,4259568720.000,0,-,-,-,-,4046.0000,4045.0000,4043.0000,4042.8000,4042.6000,4047.0000,4047.2000,4047.4000,4048.8000,4049.0000,2,1,8,7,10,2,1,1,3,1
SF,IF2006,2020-02-19 11:02:30.400,4046.2000,23791,0,4259568720.000,0,-,-,-,-,4046.2000,4046.0000,4045.0000,4043.0000,4042.8000,4047.4000,4048.8000,4049.0000,4049.6000,4049.8000,1,2,1,8,7,1,3,1,1,1
SF,IF2006,2020-02-19 11:02:30.900,4046.2000,23791,0,4259568720.000,0,-,-,-,-,4047.0000,4046.2000,4046.0000,4045.0000,4043.0000,4047.4000,4048.8000,4049.0000,4049.6000,4049.8000,1,1,2,1,8,1,3,1,1,1
SF,IF2006,2020-02-19 11:02:31.400,4047.0000,23792,1,4260782820.000,1,1,0,双开,S,4046.0000,4045.0000,4043.0000,4042.8000,4042.6000,4047.4000,4048.8000,4049.0000,4049.6000,4049.8000,2,1,8,7,10,1,3,1,1,1
SF,IF2006,2020-02-19 11:02:31.900,4047.0000,23792,0,4260782820.000,0,-,-,-,-,4046.6000,4046.4000,4046.2000,4046.0000,4045.0000,4048.8000,4049.0000,4049.6000,4049.8000,4050.0000,1,1,3,2,1,3,1,1,1,1
SF,IF2006,2020-02-19 11:02:32.400,4047.0000,23792,0,4260782820.000,0,-,-,-,-,4046.8000,4046.6000,4046.2000,4045.0000,4043.0000,4048.2000,4048.4000,4048.8000,4049.0000,4049.6000,2,1,3,1,8,2,2,3,1,1
SF,IF2006,2020-02-19 11:02:32.900,4047.0000,23792,0,4260782820.000,0,-,-,-,-,4046.8000,4046.6000,4046.2000,4045.0000,4043.0000,4048.2000,4048.4000,4048.8000,4049.0000,4049.6000,2,1,1,1,8,2,2,3,1,1
SF,IF2006,2020-02-19 11:02:33.400,4047.0000,23792,0,4260782820.000,0,-,-,-,-,4047.2000,4047.0000,4046.8000,4046.6000,4046.2000,4048.8000,4049.0000,4049.6000,4049.8000,4050.0000,1,2,2,1,1,3,1,1,1,1
SF,IF2006,2020-02-19 11:02:33.900,4047.0000,23792,0,4260782820.000,0,-,-,-,-,4047.0000,4046.8000,4046.6000,4046.2000,4045.0000,4048.6000,4048.8000,4049.0000,4049.6000,4049.8000,2,2,1,1,1,2,3,1,1,1
SF,IF2006,2020-02-19 11:02:34.400,4048.6000,23792,0,4261997400.000,1,0,1,多换,S,4047.2000,4047.0000,4046.8000,4046.6000,4046.2000,4048.6000,4048.8000,4049.0000,4049.6000,4049.8000,1,2,2,1,1,2,3,1,1,1
SF,IF2006,2020-02-19 11:02:34.900,4048.6000,23792,0,4261997400.000,0,-,-,-,-,4047.0000,4046.8000,4046.6000,4046.2000,4045.0000,4048.0000,4048.6000,4048.8000,4049.0000,4049.6000,2,2,1,1,1,1,2,3,1,1
SF,IF2006,2020-02-19 11:02:35.400,4048.6000,23792,0,4261997400.000,0,-,-,-,-,4047.2000,4047.0000,4046.8000,4046.6000,4046.2000,4047.8000,4048.0000,4048.6000,4048.8000,4049.0000,1,2,2,1,1,1,1,1,3,1
SF,IF2006,2020-02-19 11:02:35.900,4047.8000,23792,0,4263211740.000,1,0,1,多换,S,4047.0000,4046.8000,4046.6000,4046.2000,4045.0000,4048.0000,4048.6000,4048.8000,4049.0000,4049.6000,2,2,1,1,1,1,1,3,1,1
SF,IF2006,2020-02-19 11:02:36.400,4047.8000,23792,0,4263211740.000,0,-,-,-,-,4047.2000,4047.0000,4046.8000,4046.6000,4046.2000,4048.0000,4048.6000,4048.8000,4049.0000,4049.6000,1,2,2,1,1,1,1,3,1,1
SF,IF2006,2020-02-19 11:02:36.900,4048.0000,23792,0,4264426140.000,1,0,1,多换,S,4047.4000,4046.8000,4046.6000,4046.2000,4045.0000,4048.6000,4048.8000,4049.0000,4049.6000,4049.8000,2,2,1,1,1,1,3,1,1,1
SF,IF2006,2020-02-19 11:02:37.400,4048.0000,23792,0,4264426140.000,0,-,-,-,-,4047.6000,4047.4000,4046.6000,4046.2000,4045.0000,4049.0000,4049.6000,4049.8000,4050.0000,4052.0000,3,2,1,1,1,1,1,1,1,3
SF,IF2006,2020-02-19 11:02:37.900,4048.0000,23792,0,4264426140.000,0,-,-,-,-,4047.8000,4047.6000,4047.4000,4046.6000,4046.2000,4049.0000,4049.6000,4049.8000,4050.0000,4052.0000,1,3,1,1,1,1,1,1,1,3
SF,IF2006,2020-02-19 11:02:38.400,4048.0000,23792,0,4264426140.000,0,-,-,-,-,4048.0000,4047.8000,4046.8000,4046.2000,4045.0000,4048.8000,4049.0000,4049.6000,4049.8000,4050.0000,2,1,1,1,1,1,1,1,1,1
SF,IF2006,2020-02-19 11:02:38.900,4048.0000,23792,0,4264426140.000,0,-,-,-,-,4048.0000,4047.8000,4046.8000,4046.2000,4045.0000,4049.0000,4049.6000,4049.8000,4050.0000,4052.0000,2,1,1,1,1,1,1,1,1,3
SF,IF2006,2020-02-19 11:02:39.400,4048.0000,23792,0,4264426140.000,0,-,-,-,-,4048.2000,4048.0000,4047.8000,4046.8000,4045.0000,4049.0000,4049.6000,4049.8000,4050.0000,4052.0000,1,3,1,1,1,1,1,1,1,3
SF,IF2006,2020-02-19 11:02:39.900,4048.0000,23792,0,4264426140.000,0,-,-,-,-,4048.4000,4048.2000,4048.0000,4046.8000,4045.0000,4049.0000,4049.6000,4049.8000,4050.0000,4052.0000,1,1,3,1,1,1,1,1,1,3
SF,IF2006,2020-02-19 11:02:40.400,4048.0000,23792,0,4264426140.000,0,-,-,-,-,4048.4000,4048.2000,4048.0000,4046.8000,4045.0000,4049.0000,4049.6000,4049.8000,4050.0000,4052.0000,1,1,2,1,1,2,1,1,1,3
SF,IF2006,2020-02-19 11:02:40.900,4048.0000,23792,0,4264426140.000,0,-,-,-,-,4048.6000,4048.4000,4048.2000,4048.0000,4046.8000,4049.0000,4049.6000,4049.8000,4050.0000,4052.0000,1,1,1,2,1,2,1,1,1,3
SF,IF2006,2020-02-19 11:02:41.400,4049.0000,23793,1,4266855540.000,2,1,1,空开,S,4048.6000,4048.4000,4048.2000,4048.0000,4046.8000,4049.6000,4049.8000,4050.0000,4052.0000,4052.2000,1,1,1,2,1,1,1,1,3,1
SF,IF2006,2020-02-19 11:02:41.900,4049.0000,23793,0,4266855540.000,0,-,-,-,-,4048.8000,4048.6000,4046.8000,4045.0000,4043.0000,4049.6000,4049.8000,4050.0000,4052.0000,4052.2000,5,1,1,6,8,1,1,1,3,1
SF,IF2006,2020-02-19 11:02:42.400,4049.0000,23793,0,4266855540.000,0,-,-,-,-,4048.8000,4046.8000,4045.0000,4043.0000,4042.8000,4049.6000,4049.8000,4050.0000,4052.0000,4052.2000,3,1,6,8,7,1,1,1,3,1
SF,IF2006,2020-02-19 11:02:42.900,4048.8000,23793,0,4269284820.000,2,1,1,多换,S,4046.8000,4045.0000,4043.0000,4042.8000,4042.6000,4049.4000,4049.6000,4049.8000,4050.0000,4052.0000,1,1,8,7,10,3,2,1,1,3
SF,IF2006,2020-02-19 11:02:43.400,4048.8000,23793,0,4269284820.000,0,-,-,-,-,4047.4000,4047.2000,4047.0000,4046.8000,4045.0000,4049.4000,4049.6000,4049.8000,4050.0000,4052.0000,8,2,2,1,1,4,2,1,1,3
SF,IF2006,2020-02-19 11:02:43.900,4048.8000,23793,0,4269284820.000,0,-,-,-,-,4047.6000,4047.4000,4046.8000,4045.0000,4043.0000,4049.2000,4049.4000,4049.6000,4049.8000,4050.0000,2,3,1,1,8,1,4,2,1,1
SF,IF2006,2020-02-19 11:02:44.400,4048.8000,23793,0,4269284820.000,0,-,-,-,-,4047.8000,4047.6000,4047.4000,4046.8000,4045.0000,4049.4000,4049.6000,4049.8000,4050.0000,4052.0000,3,2,1,1,1,2,2,1,1,3
SF,IF2006,2020-02-19 11:02:44.900,4048.8000,23793,0,4269284820.000,0,-,-,-,-,4048.0000,4047.8000,4047.6000,4047.4000,4046.8000,4049.4000,4049.6000,4049.8000,4050.0000,4052.0000,1,2,2,1,1,2,2,1,1,3
SF,IF2006,2020-02-19 11:02:45.400,4048.8000,23793,0,4269284820.000,0,-,-,-,-,4047.8000,4047.6000,4047.4000,4046.8000,4045.0000,4049.0000,4049.4000,4049.6000,4049.8000,4050.0000,2,2,1,1,1,1,2,2,1,1
SF,IF2006,2020-02-19 11:02:45.900,4048.8000,23793,0,4269284820.000,0,-,-,-,-,4048.0000,4047.8000,4047.6000,4047.4000,4046.8000,4049.4000,4049.6000,4049.8000,4050.0000,4052.0000,1,2,2,1,1,2,2,1,1,3
SF,IF2006,2020-02-19 11:02:46.400,4048.8000,23793,0,4269284820.000,0,-,-,-,-,4048.2000,4047.4000,4046.8000,4045.0000,4043.0000,4049.0000,4049.6000,4049.8000,4050.0000,4052.0000,2,1,1,2,8,1,1,1,1,3
SF,IF2006,2020-02-19 11:02:46.900,4048.8000,23793,0,4269284820.000,0,-,-,-,-,4048.2000,4047.4000,4046.8000,4045.0000,4043.0000,4049.6000,4049.8000,4050.0000,4052.0000,4052.2000,2,1,1,2,8,1,1,1,3,1
SF,IF2006,2020-02-19 11:02:50.400,4048.8000,23793,0,4269284820.000,0,-,-,-,-,4048.2000,4046.8000,4045.0000,4043.0000,4042.8000,4049.6000,4049.8000,4050.0000,4052.0000,4052.2000,2,1,2,8,7,1,1,1,3,1
SF,IF2006,2020-02-19 11:02:52.900,4049.6000,23793,0,4270499700.000,1,0,1,多换,S,4048.2000,4046.8000,4045.0000,4043.0000,4042.8000,4049.8000,4050.0000,4052.0000,4052.2000,4052.8000,2,1,2,8,7,1,1,3,1,1
SF,IF2006,2020-02-19 11:02:53.400,4049.6000,23793,0,4270499700.000,0,-,-,-,-,4048.2000,4046.8000,4045.0000,4043.0000,4042.8000,4049.6000,4049.8000,4050.0000,4052.0000,4052.2000,2,1,2,8,7,1,1,1,3,1
SF,IF2006,2020-02-19 11:02:54.400,4049.6000,23793,0,4270499700.000,0,-,-,-,-,4049.6000,4048.2000,4046.8000,4045.0000,4043.0000,4049.8000,4050.0000,4052.0000,4052.2000,4052.8000,1,2,1,2,8,1,2,3,1,1
SF,IF2006,2020-02-19 11:02:54.900,4049.6000,23792,-1,4271714580.000,1,0,1,双平,S,4046.8000,4045.0000,4043.0000,4042.8000,4042.6000,4049.8000,4050.0000,4052.0000,4052.2000,4052.8000,1,2,8,7,10,1,2,3,1,1
SF,IF2006,2020-02-19 11:02:55.400,4049.6000,23792,0,4271714580.000,0,-,-,-,-,4048.2000,4048.0000,4047.8000,4047.4000,4047.0000,4049.8000,4050.0000,4052.0000,4052.2000,4052.8000,1,2,5,1,2,1,2,3,1,1
SF,IF2006,2020-02-19 11:02:55.900,4049.6000,23792,0,4271714580.000,0,-,-,-,-,4048.2000,4048.0000,4047.8000,4047.0000,4046.8000,4049.8000,4050.0000,4052.0000,4052.2000,4052.8000,1,2,5,2,1,1,2,3,1,1
SF,IF2006,2020-02-19 11:02:56.400,4049.6000,23792,0,4271714580.000,0,-,-,-,-,4048.2000,4048.0000,4047.8000,4047.0000,4046.8000,4049.8000,4050.0000,4052.0000,4052.2000,4052.8000,1,2,6,2,1,1,2,3,1,1
SF,IF2006,2020-02-19 11:02:57.400,4049.6000,23792,0,4271714580.000,0,-,-,-,-,4048.4000,4048.2000,4048.0000,4047.8000,4047.0000,4049.8000,4050.0000,4052.0000,4052.2000,4052.8000,1,1,1,6,2,1,2,3,1,1
SF,IF2006,2020-02-19 11:02:57.900,4049.6000,23792,0,4271714580.000,0,-,-,-,-,4048.4000,4048.2000,4048.0000,4047.8000,4047.0000,4049.8000,4050.0000,4052.0000,4052.2000,4052.8000,1,1,1,6,2,2,2,3,1,1
SF,IF2006,2020-02-19 11:02:58.900,4049.6000,23792,0,4271714580.000,0,-,-,-,-,4048.4000,4048.2000,4048.0000,4047.8000,4047.0000,4049.6000,4049.8000,4050.0000,4052.0000,4052.2000,1,1,1,6,2,1,2,2,3,1
SF,IF2006,2020-02-19 11:02:59.400,4049.6000,23792,0,4271714580.000,0,-,-,-,-,4048.2000,4047.8000,4047.0000,4046.8000,4045.0000,4049.4000,4049.6000,4049.8000,4050.0000,4052.0000,1,1,2,1,2,1,1,2,2,3
SF,IF2006,2020-02-19 11:03:01.400,4049.6000,23792,0,4271714580.000,0,-,-,-,-,4048.2000,4047.8000,4047.0000,4046.8000,4045.0000,4049.4000,4049.8000,4050.0000,4052.0000,4052.2000,1,1,2,1,2,1,2,2,3,1
SF,IF2006,2020-02-19 11:03:02.900,4049.6000,23792,0,4271714580.000,0,-,-,-,-,4048.4000,4048.2000,4047.8000,4047.0000,4046.8000,4049.8000,4050.0000,4052.0000,4052.2000,4052.8000,1,1,1,2,1,2,2,3,1,1
SF,IF2006,2020-02-19 11:03:03.900,4049.6000,23792,0,4271714580.000,0,-,-,-,-,4048.6000,4048.4000,4047.8000,4047.0000,4046.8000,4049.8000,4050.0000,4052.0000,4052.2000,4052.8000,1,1,1,2,1,2,2,3,1,1
SF,IF2006,2020-02-19 11:03:04.400,4049.6000,23792,0,4271714580.000,0,-,-,-,-,4048.6000,4047.8000,4047.0000,4046.8000,4045.0000,4049.8000,4050.0000,4052.0000,4052.2000,4052.8000,1,1,2,1,2,2,2,3,1,1
SF,IF2006,2020-02-19 11:03:05.900,4049.6000,23792,0,4271714580.000,0,-,-,-,-,4048.8000,4048.6000,4047.8000,4047.0000,4046.8000,4049.8000,4050.0000,4052.0000,4052.2000,4052.8000,2,1,1,2,1,2,1,3,1,1
SF,IF2006,2020-02-19 11:03:06.400,4048.8000,23791,-1,4275358560.000,3,1,2,多平,S,4047.8000,4047.0000,4046.8000,4045.0000,4043.0000,4048.6000,4049.8000,4050.0000,4052.0000,4052.2000,1,2,1,2,8,3,2,1,3,1
SF,IF2006,2020-02-19 11:03:06.900,4048.6000,23789,-2,4279002300.000,3,0,3,多平,S,4048.8000,4048.6000,4048.0000,4047.8000,4047.0000,4049.8000,4050.0000,4052.0000,4052.2000,4052.8000,2,8,2,2,2,1,1,3,1,1
SF,IF2006,2020-02-19 11:03:07.400,4048.6000,23789,0,4279002300.000,0,-,-,-,-,4048.6000,4047.8000,4047.0000,4046.8000,4045.0000,4049.8000,4050.0000,4052.0000,4052.2000,4052.8000,3,2,2,1,2,1,1,3,1,1
SF,IF2006,2020-02-19 11:03:07.900,4048.6000,23789,0,4279002300.000,0,-,-,-,-,4048.6000,4047.8000,4047.0000,4046.8000,4045.0000,4049.8000,4050.0000,4052.0000,4052.2000,4052.8000,3,1,2,1,2,1,1,3,1,1
SF,IF2006,2020-02-19 11:03:08.400,4048.6000,23789,0,4279002300.000,0,-,-,-,-,4048.8000,4048.6000,4047.8000,4047.0000,4046.8000,4049.8000,4050.0000,4052.0000,4052.2000,4052.8000,1,3,1,2,1,1,1,3,1,1
SF,IF2006,2020-02-19 11:03:09.900,4048.6000,23789,0,4279002300.000,0,-,-,-,-,4049.0000,4048.8000,4048.6000,4047.8000,4047.0000,4049.8000,4050.0000,4052.0000,4052.2000,4052.8000,1,1,3,1,2,1,1,3,1,1
SF,IF2006,2020-02-19 11:03:11.400,4048.6000,23789,0,4279002300.000,0,-,-,-,-,4049.0000,4048.6000,4047.8000,4047.0000,4046.8000,4049.8000,4050.0000,4052.0000,4052.2000,4052.8000,1,3,1,2,1,1,1,3,1,1
SF,IF2006,2020-02-19 11:03:11.900,4048.6000,23789,0,4279002300.000,0,-,-,-,-,4049.0000,4048.6000,4047.8000,4047.0000,4046.8000,4049.8000,4050.0000,4052.0000,4052.2000,4052.8000,1,1,1,2,1,1,1,3,1,1
SF,IF2006,2020-02-19 11:03:12.400,4048.6000,23789,0,4279002300.000,0,-,-,-,-,4049.2000,4049.0000,4048.6000,4047.8000,4047.0000,4049.8000,4050.0000,4052.0000,4052.2000,4052.8000,1,1,1,1,2,1,1,3,1,1
SF,IF2006,2020-02-19 11:03:12.900,4049.8000,23789,0,4280217240.000,1,0,1,多换,S,4049.2000,4049.0000,4048.6000,4047.8000,4047.0000,4050.0000,4052.0000,4052.2000,4052.8000,4054.8000,1,1,1,1,2,1,3,1,1,1
SF,IF2006,2020-02-19 11:03:13.400,4049.8000,23789,0,4280217240.000,0,-,-,-,-,4049.2000,4049.0000,4047.8000,4047.0000,4046.8000,4050.0000,4052.0000,4052.2000,4052.8000,4054.8000,1,1,1,2,1,1,3,1,1,1
SF,IF2006,2020-02-19 11:03:14.400,4049.8000,23789,0,4280217240.000,0,-,-,-,-,4049.4000,4049.2000,4047.8000,4047.0000,4046.8000,4050.0000,4052.0000,4052.2000,4052.8000,4054.8000,1,1,1,2,1,1,3,1,1,1
SF,IF2006,2020-02-19 11:03:15.900,4050.0000,23789,0,4281432240.000,1,0,1,多换,S,4050.0000,4049.4000,4049.2000,4047.8000,4047.0000,4052.0000,4052.2000,4052.8000,4054.8000,4055.6000,1,1,1,1,2,3,1,1,1,4
SF,IF2006,2020-02-19 11:03:16.400,4050.0000,23789,0,4281432240.000,0,-,-,-,-,4050.0000,4049.4000,4049.2000,4047.8000,4047.0000,4051.0000,4051.2000,4051.4000,4051.8000,4052.0000,1,1,1,1,2,1,1,1,1,3
SF,IF2006,2020-02-19 11:03:16.900,4050.0000,23789,0,4281432240.000,0,-,-,-,-,4050.0000,4049.4000,4049.2000,4047.0000,4046.8000,4051.2000,4051.4000,4052.0000,4052.2000,4052.8000,3,1,1,2,1,1,1,3,1,1
SF,IF2006,2020-02-19 11:03:17.400,4050.0000,23789,0,4281432240.000,0,-,-,-,-,4050.2000,4050.0000,4049.4000,4047.0000,4046.8000,4051.2000,4051.4000,4052.0000,4052.2000,4052.8000,2,3,1,2,1,1,1,3,1,1
SF,IF2006,2020-02-19 11:03:18.400,4050.0000,23789,0,4281432240.000,0,-,-,-,-,4050.2000,4050.0000,4047.0000,4046.8000,4045.0000,4051.2000,4051.4000,4052.0000,4052.2000,4052.8000,2,3,2,1,2,1,1,3,1,1
SF,IF2006,2020-02-19 11:03:18.900,4050.0000,23789,0,4281432240.000,0,-,-,-,-,4050.2000,4050.0000,4047.0000,4046.8000,4045.0000,4051.0000,4051.2000,4051.4000,4052.0000,4052.2000,1,2,2,1,2,2,1,1,3,1
SF,IF2006,2020-02-19 11:03:19.400,4050.0000,23789,0,4281432240.000,0,-,-,-,-,4050.2000,4050.0000,4047.0000,4046.8000,4045.0000,4051.0000,4051.2000,4051.4000,4052.0000,4052.2000,1,2,2,1,2,2,1,1,3,1
SF,IF2006,2020-02-19 11:03:19.900,4050.0000,23789,0,4281432240.000,0,-,-,-,-,4050.0000,4047.0000,4046.8000,4045.0000,4043.0000,4050.8000,4051.0000,4051.8000,4052.0000,4052.2000,3,2,1,2,8,1,1,3,3,1
SF,IF2006,2020-02-19 11:03:20.400,4050.0000,23790,1,4285077240.000,3,2,1,空开,S,4047.0000,4046.8000,4045.0000,4043.0000,4042.8000,4050.0000,4050.4000,4051.8000,4052.0000,4052.2000,2,1,2,8,7,1,3,3,3,1
SF,IF2006,2020-02-19 11:03:20.900,4050.0000,23790,0,4285077240.000,0,-,-,-,-,4048.4000,4048.2000,4048.0000,4047.6000,4047.4000,4050.0000,4050.4000,4051.8000,4052.0000,4052.2000,3,5,1,2,1,1,3,3,3,1
SF,IF2006,2020-02-19 11:03:21.400,4050.0000,23790,0,4285077240.000,0,-,-,-,-,4048.4000,4048.2000,4048.0000,4047.6000,4047.4000,4049.8000,4050.0000,4050.4000,4051.8000,4052.0000,3,5,1,1,1,1,1,1,3,3
SF,IF2006,2020-02-19 11:03:21.900,4050.0000,23790,0,4285077240.000,0,-,-,-,-,4048.6000,4048.4000,4048.2000,4048.0000,4047.6000,4049.8000,4050.0000,4050.4000,4051.8000,4052.0000,1,3,5,1,1,1,1,1,3,3
SF,IF2006,2020-02-19 11:03:22.400,4049.8000,23791,1,4286292180.000,1,1,0,双开,S,4048.6000,4048.4000,4048.2000,4048.0000,4047.6000,4050.0000,4050.4000,4051.8000,4052.0000,4052.2000,2,3,5,1,1,1,1,3,3,1
SF,IF2006,2020-02-19 11:03:22.900,4049.8000,23791,0,4286292180.000,0,-,-,-,-,4048.6000,4048.4000,4048.2000,4048.0000,4047.6000,4050.4000,4051.8000,4052.0000,4052.2000,4052.8000,2,3,5,1,1,1,3,3,1,1
SF,IF2006,2020-02-19 11:03:23.400,4049.8000,23791,0,4286292180.000,0,-,-,-,-,4048.6000,4048.4000,4048.2000,4048.0000,4047.6000,4050.2000,4050.4000,4051.8000,4052.0000,4052.2000,2,3,5,1,1,2,1,3,3,1
SF,IF2006,2020-02-19 11:03:24.900,4049.8000,23791,0,4286292180.000,0,-,-,-,-,4049.0000,4048.6000,4048.4000,4048.2000,4048.0000,4050.2000,4050.4000,4051.8000,4052.0000,4052.2000,1,2,3,5,1,2,1,3,3,1
SF,IF2006,2020-02-19 11:03:27.400,4049.8000,23791,0,4286292180.000,0,-,-,-,-,4049.2000,4049.0000,4048.6000,4048.4000,4048.2000,4050.2000,4051.8000,4052.0000,4052.2000,4052.8000,1,1,2,3,5,3,3,3,1,1
SF,IF2006,2020-02-19 11:03:27.900,4050.2000,23791,0,4287507240.000,1,0,1,多换,S,4049.0000,4048.6000,4048.4000,4048.2000,4048.0000,4050.2000,4051.8000,4052.0000,4052.2000,4052.8000,1,2,3,5,1,2,3,3,1,1
SF,IF2006,2020-02-19 11:03:28.900,4050.2000,23791,0,4287507240.000,0,-,-,-,-,4049.2000,4049.0000,4048.6000,4048.4000,4048.2000,4050.2000,4051.8000,4052.0000,4052.2000,4052.8000,1,1,2,3,5,2,3,3,1,1
SF,IF2006,2020-02-19 11:03:29.400,4050.2000,23791,0,4287507240.000,0,-,-,-,-,4049.2000,4049.0000,4048.6000,4047.4000,4047.2000,4049.8000,4050.0000,4050.2000,4051.8000,4052.0000,1,1,1,1,1,1,2,1,3,3
SF,IF2006,2020-02-19 11:03:29.900,4049.2000,23792,1,4288722000.000,1,1,0,双开,S,4049.0000,4048.6000,4047.4000,4047.2000,4047.0000,4049.8000,4050.0000,4051.8000,4052.0000,4052.2000,1,1,1,1,3,1,3,3,3,1
SF,IF2006,2020-02-19 11:03:30.400,4049.2000,23792,0,4288722000.000,0,-,-,-,-,4049.0000,4048.6000,4047.4000,4047.2000,4047.0000,4049.2000,4049.8000,4050.0000,4051.8000,4052.0000,1,1,1,1,3,1,1,2,3,3
SF,IF2006,2020-02-19 11:03:30.900,4049.8000,23792,0,4291151700.000,2,1,1,多换,S,4049.2000,4049.0000,4048.6000,4047.4000,4047.2000,4050.0000,4051.8000,4052.0000,4052.2000,4052.8000,5,1,1,1,1,1,3,3,1,1
SF,IF2006,2020-02-19 11:03:31.400,4050.0000,23793,1,4292366700.000,1,1,0,双开,S,4049.2000,4049.0000,4048.6000,4047.4000,4047.2000,4051.8000,4052.0000,4052.2000,4052.8000,4054.8000,3,1,1,1,1,3,3,1,1,1
SF,IF2006,2020-02-19 11:03:31.900,4050.0000,23793,0,4292366700.000,0,-,-,-,-,4049.2000,4049.0000,4048.6000,4047.2000,4047.0000,4050.4000,4051.2000,4051.8000,4052.0000,4052.2000,4,1,1,1,3,1,2,3,3,1
SF,IF2006,2020-02-19 11:03:32.400,4050.0000,23793,0,4292366700.000,0,-,-,-,-,4049.6000,4049.4000,4049.2000,4049.0000,4048.6000,4050.4000,4051.2000,4051.8000,4052.0000,4052.2000,1,3,4,1,1,1,1,3,3,1
SF,IF2006,2020-02-19 11:03:32.900,4050.0000,23793,0,4292366700.000,0,-,-,-,-,4049.6000,4049.4000,4049.2000,4049.0000,4048.6000,4050.4000,4051.2000,4051.8000,4052.0000,4052.2000,2,1,4,1,1,1,1,3,3,1
SF,IF2006,2020-02-19 11:03:33.400,4050.0000,23793,0,4292366700.000,0,-,-,-,-,4049.6000,4049.4000,4049.2000,4049.0000,4048.6000,4050.8000,4051.2000,4051.8000,4052.0000,4052.2000,1,1,4,1,1,1,1,3,3,1
SF,IF2006,2020-02-19 11:03:33.900,4050.8000,23793,0,4293581940.000,1,0,1,多换,S,4049.4000,4049.2000,4049.0000,4048.6000,4047.2000,4051.2000,4051.8000,4052.0000,4052.2000,4052.8000,1,4,1,1,1,2,3,3,1,1
SF,IF2006,2020-02-19 11:03:34.900,4050.8000,23793,0,4293581940.000,0,-,-,-,-,4049.4000,4049.2000,4049.0000,4047.2000,4047.0000,4051.2000,4051.8000,4052.0000,4052.2000,4052.8000,1,4,1,1,3,2,3,3,1,1
SF,IF2006,2020-02-19 11:03:35.400,4050.8000,23793,0,4293581940.000,0,-,-,-,-,4049.6000,4049.4000,4049.2000,4049.0000,4047.2000,4051.2000,4051.8000,4052.0000,4052.2000,4052.8000,1,1,4,1,1,2,3,3,1,1
SF,IF2006,2020-02-19 11:03:35.900,4050.8000,23793,0,4293581940.000,0,-,-,-,-,4049.6000,4049.4000,4049.2000,4049.0000,4047.2000,4051.2000,4051.8000,4052.2000,4052.8000,4054.8000,1,1,4,1,1,2,3,1,1,1
SF,IF2006,2020-02-19 11:03:36.400,4050.8000,23793,0,4293581940.000,0,-,-,-,-,4049.6000,4049.4000,4049.2000,4049.0000,4047.2000,4051.2000,4051.8000,4052.2000,4052.8000,4054.8000,1,1,2,1,1,2,3,1,1,1
SF,IF2006,2020-02-19 11:03:36.900,4050.8000,23793,0,4293581940.000,0,-,-,-,-,4049.8000,4049.6000,4049.2000,4049.0000,4047.2000,4051.8000,4052.2000,4052.8000,4054.8000,4055.6000,2,1,2,1,1,3,1,1,1,4
SF,IF2006,2020-02-19 11:03:37.900,4050.8000,23793,0,4293581940.000,0,-,-,-,-,4049.8000,4049.6000,4049.2000,4049.0000,4047.2000,4051.6000,4051.8000,4052.2000,4052.8000,4054.8000,2,1,2,1,1,1,4,1,1,1
SF,IF2006,2020-02-19 11:03:38.400,4050.8000,23793,0,4293581940.000,0,-,-,-,-,4049.8000,4049.6000,4049.2000,4049.0000,4047.2000,4051.6000,4051.8000,4052.2000,4052.8000,4054.8000,2,1,1,1,1,1,4,1,1,1
SF,IF2006,2020-02-19 11:03:38.900,4050.8000,23793,0,4293581940.000,0,-,-,-,-,4050.0000,4049.8000,4049.6000,4049.2000,4049.0000,4051.0000,4051.6000,4051.8000,4052.2000,4052.8000,1,1,1,1,1,1,1,4,1,1
SF,IF2006,2020-02-19 11:03:39.900,4050.8000,23793,0,4293581940.000,0,-,-,-,-,4049.8000,4049.6000,4049.2000,4049.0000,4047.2000,4051.0000,4051.8000,4052.2000,4052.8000,4054.8000,1,1,1,1,1,1,4,1,1,1
SF,IF2006,2020-02-19 11:03:41.400,4050.8000,23793,0,4293581940.000,0,-,-,-,-,4049.8000,4049.6000,4049.2000,4049.0000,4047.2000,4051.0000,4051.8000,4052.0000,4052.2000,4052.8000,1,1,1,1,1,1,4,3,1,1
SF,IF2006,2020-02-19 11:03:41.900,4051.0000,23793,0,4294797240.000,1,0,1,多换,S,4051.0000,4050.2000,4050.0000,4049.2000,4049.0000,4051.8000,4052.0000,4052.2000,4052.8000,4054.8000,1,2,6,1,1,3,3,1,1,1
SF,IF2006,2020-02-19 11:03:42.400,4051.0000,23793,0,4294797240.000,0,-,-,-,-,4051.0000,4050.2000,4050.0000,4049.2000,4049.0000,4051.8000,4052.0000,4052.2000,4052.8000,4054.8000,1,1,1,1,2,3,3,1,1,1
SF,IF2006,2020-02-19 11:03:42.900,4051.0000,23793,0,4294797240.000,0,-,-,-,-,4051.0000,4050.2000,4050.0000,4049.2000,4049.0000,4051.8000,4052.0000,4052.2000,4052.8000,4054.8000,1,1,1,1,2,3,3,1,1,1
SF,IF2006,2020-02-19 11:03:45.900,4051.0000,23793,0,4296012540.000,1,0,1,多换,S,4050.0000,4049.2000,4049.0000,4047.2000,4047.0000,4051.8000,4052.0000,4052.2000,4052.8000,4054.8000,1,1,2,1,3,3,3,1,1,1
SF,IF2006,2020-02-19 11:03:46.400,4051.0000,23793,0,4296012540.000,0,-,-,-,-,4050.0000,4049.2000,4049.0000,4047.2000,4047.0000,4051.6000,4051.8000,4052.0000,4052.2000,4052.8000,1,1,2,1,3,1,3,3,1,1
SF,IF2006,2020-02-19 11:03:46.900,4051.4000,23794,1,4297227960.000,1,1,0,双开,S,4050.0000,4049.2000,4049.0000,4047.2000,4047.0000,4051.6000,4051.8000,4052.0000,4052.2000,4052.8000,1,1,2,1,3,1,3,3,1,1
SF,IF2006,2020-02-19 11:03:47.400,4051.4000,23794,0,4297227960.000,0,-,-,-,-,4050.0000,4049.2000,4049.0000,4047.2000,4047.0000,4051.0000,4051.6000,4051.8000,4052.0000,4052.2000,1,1,2,1,3,1,1,3,3,1
SF,IF2006,2020-02-19 11:03:47.900,4051.4000,23794,0,4297227960.000,0,-,-,-,-,4050.2000,4050.0000,4049.2000,4049.0000,4047.2000,4051.0000,4051.6000,4051.8000,4052.0000,4052.2000,2,1,1,2,1,1,1,3,3,1
SF,IF2006,2020-02-19 11:03:48.400,4051.0000,23795,1,4298443260.000,1,1,0,双开,S,4050.2000,4050.0000,4049.2000,4049.0000,4047.2000,4051.6000,4051.8000,4052.0000,4052.2000,4052.8000,2,1,1,2,1,1,3,3,1,1
SF,IF2006,2020-02-19 11:03:48.900,4051.6000,23796,1,4299658740.000,1,1,0,双开,S,4050.4000,4050.2000,4050.0000,4049.2000,4049.0000,4051.8000,4052.0000,4052.2000,4052.8000,4054.8000,1,2,1,1,2,3,3,1,1,1
SF,IF2006,2020-02-19 11:03:50.900,4051.6000,23796,0,4299658740.000,0,-,-,-,-,4050.8000,4050.6000,4050.2000,4050.0000,4049.2000,4051.8000,4052.0000,4052.2000,4052.8000,4054.8000,1,1,1,1,1,3,3,1,1,1
SF,IF2006,2020-02-19 11:03:51.400,4051.6000,23796,0,4299658740.000,0,-,-,-,-,4050.8000,4050.6000,4050.2000,4050.0000,4049.2000,4051.8000,4052.0000,4052.2000,4052.8000,4054.8000,1,1,1,1,1,3,3,1,1,1
SF,IF2006,2020-02-19 11:03:51.900,4051.6000,23796,0,4299658740.000,0,-,-,-,-,4050.8000,4050.6000,4050.2000,4050.0000,4049.2000,4051.6000,4051.8000,4052.0000,4052.2000,4052.8000,1,1,1,1,1,1,3,3,1,1
SF,IF2006,2020-02-19 11:03:53.400,4051.6000,23796,0,4299658740.000,0,-,-,-,-,4050.8000,4050.6000,4050.2000,4050.0000,4049.2000,4051.6000,4051.8000,4052.0000,4052.2000,4052.8000,1,1,1,1,1,1,3,3,1,1
SF,IF2006,2020-02-19 11:03:53.900,4051.6000,23797,1,4300874220.000,1,1,0,双开,S,4051.0000,4050.8000,4050.6000,4050.2000,4050.0000,4051.8000,4052.0000,4052.2000,4052.8000,4054.8000,1,2,1,1,1,3,3,1,1,1
SF,IF2006,2020-02-19 11:03:55.400,4051.6000,23797,0,4300874220.000,0,-,-,-,-,4050.8000,4050.6000,4050.2000,4050.0000,4049.2000,4051.8000,4052.0000,4052.2000,4052.8000,4054.8000,2,1,1,1,1,3,3,1,1,1
SF,IF2006,2020-02-19 11:03:55.900,4051.6000,23797,0,4300874220.000,0,-,-,-,-,4051.0000,4050.8000,4050.6000,4050.2000,4050.0000,4051.8000,4052.0000,4052.2000,4052.8000,4054.8000,2,2,1,1,1,3,3,1,1,1
SF,IF2006,2020-02-19 11:03:56.400,4051.6000,23797,0,4300874220.000,0,-,-,-,-,4051.0000,4050.8000,4050.6000,4050.2000,4050.0000,4051.8000,4052.0000,4052.2000,4052.8000,4054.8000,2,2,2,1,1,3,3,1,1,1
SF,IF2006,2020-02-19 11:03:56.900,4051.6000,23797,0,4300874220.000,0,-,-,-,-,4051.0000,4050.8000,4050.6000,4050.2000,4050.0000,4051.8000,4052.0000,4052.2000,4052.8000,4054.8000,3,2,2,1,1,3,3,1,1,1
SF,IF2006,2020-02-19 11:03:57.400,4051.6000,23797,0,4300874220.000,0,-,-,-,-,4051.0000,4050.8000,4050.6000,4050.2000,4050.0000,4051.8000,4052.0000,4052.2000,4052.8000,4054.8000,3,2,2,1,1,3,3,1,1,1
SF,IF2006,2020-02-19 11:03:59.400,4051.6000,23797,0,4300874220.000,0,-,-,-,-,4051.0000,4050.8000,4050.6000,4050.2000,4050.0000,4051.8000,4052.0000,4052.2000,4052.8000,4054.8000,3,1,2,1,1,3,3,1,1,1
SF,IF2006,2020-02-19 11:04:01.900,4051.6000,23797,0,4300874220.000,0,-,-,-,-,4051.0000,4050.8000,4050.6000,4050.2000,4050.0000,4051.8000,4052.0000,4052.2000,4052.8000,4054.8000,3,1,1,1,1,3,3,1,1,1
SF,IF2006,2020-02-19 11:04:02.400,4051.6000,23797,0,4300874220.000,0,-,-,-,-,4051.0000,4050.8000,4050.6000,4050.2000,4050.0000,4051.8000,4052.0000,4052.2000,4052.8000,4054.8000,3,1,1,1,1,3,3,1,1,1
SF,IF2006,2020-02-19 11:04:03.900,4051.0000,23798,1,4302089520.000,1,1,0,双开,S,4051.0000,4050.8000,4050.6000,4050.2000,4050.0000,4051.8000,4052.0000,4052.2000,4052.8000,4054.8000,2,1,1,1,1,3,3,1,1,1
SF,IF2006,2020-02-19 11:04:06.400,4051.0000,23798,0,4302089520.000,0,-,-,-,-,4051.0000,4050.8000,4050.6000,4050.2000,4050.0000,4051.8000,4052.0000,4052.2000,4052.8000,4054.8000,2,1,1,1,1,3,3,1,1,1
SF,IF2006,2020-02-19 11:04:06.900,4051.0000,23798,0,4302089520.000,0,-,-,-,-,4051.0000,4050.8000,4050.6000,4050.2000,4049.2000,4051.8000,4052.0000,4052.2000,4052.8000,4054.8000,2,1,1,1,1,3,3,1,1,1
SF,IF2006,2020-02-19 11:04:09.900,4051.0000,23798,0,4302089520.000,0,-,-,-,-,4051.0000,4050.8000,4050.6000,4050.2000,4049.2000,4051.8000,4052.0000,4052.2000,4052.8000,4054.8000,2,1,1,1,1,4,3,1,1,1
SF,IF2006,2020-02-19 11:04:11.900,4051.0000,23798,0,4302089520.000,0,-,-,-,-,4051.0000,4050.8000,4050.6000,4050.2000,4049.2000,4051.8000,4052.0000,4052.2000,4054.8000,4055.6000,2,1,1,1,1,4,3,1,1,4
SF,IF2006,2020-02-19 11:04:14.400,4051.0000,23798,0,4302089520.000,0,-,-,-,-,4051.0000,4050.8000,4050.2000,4049.2000,4049.0000,4051.8000,4052.0000,4052.2000,4054.8000,4055.6000,1,1,1,1,2,4,3,1,1,4
SF,IF2006,2020-02-19 11:04:15.900,4051.0000,23798,0,4302089520.000,0,-,-,-,-,4051.0000,4050.8000,4050.2000,4049.2000,4049.0000,4051.8000,4052.0000,4052.2000,4053.8000,4054.8000,1,1,1,1,2,4,3,1,1,1
SF,IF2006,2020-02-19 11:04:16.400,4051.0000,23798,0,4302089520.000,0,-,-,-,-,4051.0000,4050.8000,4050.2000,4049.2000,4049.0000,4051.8000,4052.0000,4052.2000,4053.8000,4054.8000,1,1,1,1,2,4,3,1,1,1
SF,IF2006,2020-02-19 11:04:16.900,4051.0000,23798,0,4302089520.000,0,-,-,-,-,4051.0000,4050.8000,4050.2000,4049.2000,4049.0000,4051.8000,4052.0000,4052.2000,4053.8000,4054.8000,1,1,1,1,2,4,3,1,1,1
SF,IF2006,2020-02-19 11:04:17.400,4051.0000,23798,0,4302089520.000,0,-,-,-,-,4051.0000,4050.8000,4050.2000,4049.2000,4049.0000,4051.8000,4052.0000,4052.2000,4053.8000,4054.8000,1,1,1,1,2,4,3,1,1,1
SF,IF2006,2020-02-19 11:04:18.400,4051.0000,23799,1,4303304820.000,1,1,0,双开,S,4050.8000,4050.2000,4049.2000,4049.0000,4047.2000,4051.8000,4052.0000,4052.2000,4053.8000,4054.8000,1,1,1,2,1,5,3,1,1,1
SF,IF2006,2020-02-19 11:04:18.900,4051.0000,23799,0,4303304820.000,0,-,-,-,-,4050.2000,4049.2000,4049.0000,4047.2000,4047.0000,4051.8000,4052.0000,4052.2000,4053.8000,4054.8000,1,1,2,1,1,5,3,1,1,1
SF,IF2006,2020-02-19 11:04:19.400,4050.2000,23800,1,4304519880.000,1,1,0,双开,S,4049.2000,4049.0000,4047.2000,4047.0000,4046.8000,4051.8000,4052.0000,4052.2000,4053.8000,4054.8000,1,2,1,1,1,5,3,1,1,1
SF,IF2006,2020-02-19 11:04:19.900,4050.2000,23800,0,4304519880.000,0,-,-,-,-,4049.8000,4049.6000,4049.4000,4049.2000,4049.0000,4051.0000,4051.8000,4052.0000,4052.2000,4053.8000,2,1,5,1,2,1,5,3,1,1
SF,IF2006,2020-02-19 11:04:20.400,4050.2000,23800,0,4304519880.000,0,-,-,-,-,4050.2000,4049.8000,4049.6000,4049.4000,4049.2000,4051.0000,4051.8000,4052.0000,4052.2000,4053.8000,1,1,1,5,1,1,5,3,1,1
SF,IF2006,2020-02-19 11:04:22.400,4051.0000,23800,0,4305735180.000,1,0,1,多换,S,4050.2000,4049.8000,4049.6000,4049.4000,4049.2000,4051.8000,4052.0000,4052.2000,4053.8000,4054.8000,1,1,1,5,1,5,3,1,1,1
SF,IF2006,2020-02-19 11:04:22.900,4051.0000,23800,0,4305735180.000,0,-,-,-,-,4050.2000,4049.8000,4049.6000,4049.4000,4049.2000,4051.6000,4051.8000,4052.0000,4052.2000,4053.8000,1,1,1,5,1,1,4,3,1,1
SF,IF2006,2020-02-19 11:04:24.400,4051.0000,23800,0,4305735180.000,0,-,-,-,-,4050.6000,4049.4000,4049.2000,4049.0000,4047.2000,4051.8000,4052.0000,4052.2000,4053.8000,4054.8000,1,5,1,2,1,3,3,1,1,1
SF,IF2006,2020-02-19 11:04:24.900,4051.0000,23800,0,4305735180.000,0,-,-,-,-,4050.6000,4050.2000,4049.2000,4049.0000,4047.2000,4051.8000,4052.0000,4052.2000,4053.8000,4054.8000,1,1,1,2,1,3,3,1,1,1
SF,IF2006,2020-02-19 11:04:25.400,4051.0000,23800,0,4305735180.000,0,-,-,-,-,4050.6000,4050.2000,4049.2000,4049.0000,4047.2000,4051.8000,4052.0000,4052.2000,4053.8000,4054.8000,1,1,1,2,1,3,3,1,1,2
SF,IF2006,2020-02-19 11:04:25.900,4051.0000,23800,0,4305735180.000,0,-,-,-,-,4050.6000,4049.2000,4049.0000,4047.2000,4047.0000,4051.8000,4052.0000,4052.2000,4053.8000,4054.8000,1,1,2,1,1,3,3,1,1,2
SF,IF2006,2020-02-19 11:04:26.400,4051.0000,23800,0,4305735180.000,0,-,-,-,-,4050.6000,4050.0000,4049.2000,4049.0000,4047.2000,4051.8000,4052.0000,4052.2000,4053.8000,4054.8000,2,1,1,2,1,3,3,1,1,2
SF,IF2006,2020-02-19 11:04:27.400,4051.0000,23800,0,4305735180.000,0,-,-,-,-,4050.6000,4050.0000,4049.2000,4049.0000,4047.2000,4051.6000,4051.8000,4052.0000,4052.2000,4053.8000,2,1,1,2,1,1,3,3,1,1
SF,IF2006,2020-02-19 11:04:30.400,4051.0000,23800,0,4305735180.000,0,-,-,-,-,4050.8000,4050.6000,4050.0000,4049.2000,4049.0000,4051.6000,4051.8000,4052.0000,4052.2000,4053.8000,1,2,1,1,2,1,3,3,1,1
SF,IF2006,2020-02-19 11:04:31.400,4051.6000,23801,1,4306950660.000,1,1,0,双开,S,4051.6000,4051.2000,4051.0000,4050.8000,4050.0000,4051.8000,4052.0000,4052.2000,4053.8000,4054.8000,2,1,1,1,1,3,3,1,1,2
SF,IF2006,2020-02-19 11:04:31.900,4051.8000,23804,3,4310597280.000,3,3,0,双开,S,4051.8000,4051.2000,4050.8000,4050.0000,4049.2000,4052.0000,4052.2000,4053.8000,4054.8000,4055.6000,2,1,1,1,1,3,1,1,2,4
SF,IF2006,2020-02-19 11:04:32.400,4051.8000,23806,2,4313028420.000,2,2,0,双开,S,4051.8000,4051.2000,4050.8000,4050.0000,4049.2000,4052.0000,4052.2000,4053.8000,4054.8000,4055.6000,1,1,1,1,1,2,1,1,2,4
SF,IF2006,2020-02-19 11:04:32.900,4052.0000,23808,2,4315459620.000,2,2,0,双开,S,4051.8000,4051.2000,4050.8000,4050.0000,4049.2000,4052.2000,4053.8000,4054.8000,4055.6000,4055.8000,1,1,1,1,1,1,1,2,4,2
SF,IF2006,2020-02-19 11:04:33.400,4052.0000,23808,0,4315459620.000,0,-,-,-,-,4051.8000,4051.2000,4050.8000,4050.0000,4049.2000,4052.2000,4053.8000,4054.8000,4055.6000,4055.8000,1,1,1,1,1,1,1,2,4,2
SF,IF2006,2020-02-19 11:04:34.400,4052.2000,23809,1,4316675280.000,1,1,0,双开,S,4052.4000,4051.8000,4051.2000,4050.8000,4050.0000,4053.8000,4054.8000,4055.6000,4055.8000,4056.2000,3,1,1,1,1,1,2,4,2,5
SF,IF2006,2020-02-19 11:04:34.900,4052.4000,23810,1,4319106720.000,2,1,1,空开,S,4051.8000,4051.2000,4050.8000,4050.0000,4049.2000,4053.0000,4053.2000,4053.8000,4054.8000,4055.6000,1,1,1,1,1,1,1,1,2,4
SF,IF2006,2020-02-19 11:04:35.400,4051.8000,23811,1,4321538100.000,2,1,1,空开,S,4051.2000,4050.8000,4050.0000,4049.2000,4049.0000,4053.0000,4053.2000,4053.8000,4054.8000,4055.6000,1,1,1,1,1,1,1,1,2,4
SF,IF2006,2020-02-19 11:04:36.400,4051.8000,23811,0,4321538100.000,0,-,-,-,-,4051.4000,4051.2000,4050.8000,4050.0000,4049.2000,4053.0000,4053.2000,4053.8000,4054.8000,4055.6000,7,1,1,1,1,2,1,1,2,4
SF,IF2006,2020-02-19 11:04:36.900,4051.8000,23811,0,4321538100.000,0,-,-,-,-,4051.8000,4051.6000,4051.4000,4050.8000,4050.0000,4053.0000,4053.8000,4054.8000,4055.6000,4055.8000,2,5,5,1,1,1,1,2,4,2
SF,IF2006,2020-02-19 11:04:37.400,4051.8000,23811,0,4322753640.000,1,0,1,多换,S,4051.8000,4051.6000,4051.4000,4050.8000,4050.0000,4052.8000,4053.0000,4053.8000,4054.8000,4055.6000,3,5,5,1,1,1,1,1,2,4
SF,IF2006,2020-02-19 11:04:37.900,4051.8000,23811,0,4322753640.000,0,-,-,-,-,4052.0000,4051.8000,4051.6000,4051.4000,4050.8000,4052.8000,4053.0000,4053.8000,4054.8000,4055.6000,1,3,5,5,1,1,1,1,2,4
SF,IF2006,2020-02-19 11:04:38.400,4052.8000,23812,1,4323969480.000,1,1,0,双开,S,4052.0000,4051.8000,4051.6000,4051.4000,4050.8000,4053.0000,4053.8000,4054.8000,4055.6000,4055.8000,1,3,5,5,1,1,1,2,4,2
SF,IF2006,2020-02-19 11:04:38.900,4052.8000,23812,0,4323969480.000,0,-,-,-,-,4052.2000,4052.0000,4051.8000,4051.6000,4051.4000,4053.0000,4053.8000,4054.8000,4055.6000,4055.8000,2,1,3,5,5,1,1,2,4,2
SF,IF2006,2020-02-19 11:04:39.900,4052.8000,23812,0,4323969480.000,0,-,-,-,-,4052.2000,4051.8000,4051.4000,4050.8000,4050.0000,4053.0000,4053.8000,4054.8000,4055.6000,4055.8000,2,2,5,1,1,1,1,2,4,2
SF,IF2006,2020-02-19 11:04:40.400,4052.8000,23812,0,4323969480.000,0,-,-,-,-,4052.2000,4051.8000,4051.4000,4050.0000,4049.2000,4053.0000,4053.8000,4054.8000,4055.6000,4055.8000,2,2,5,1,1,1,1,2,4,2
SF,IF2006,2020-02-19 11:04:40.900,4052.8000,23812,0,4323969480.000,0,-,-,-,-,4052.2000,4051.8000,4051.4000,4050.8000,4050.0000,4053.0000,4053.8000,4054.8000,4055.6000,4055.8000,2,2,5,1,1,1,1,2,4,2
SF,IF2006,2020-02-19 11:04:41.400,4052.2000,23813,1,4325185140.000,1,1,0,双开,S,4052.2000,4051.8000,4050.8000,4050.0000,4049.2000,4052.8000,4053.0000,4053.8000,4054.8000,4055.6000,1,1,1,1,1,1,1,1,2,4
SF,IF2006,2020-02-19 11:04:41.900,4052.2000,23814,1,4326400800.000,1,1,0,双开,S,4050.8000,4050.0000,4049.2000,4049.0000,4047.2000,4052.8000,4053.0000,4053.8000,4054.8000,4055.6000,1,1,1,1,1,1,1,1,2,4
SF,IF2006,2020-02-19 11:04:42.400,4052.2000,23814,0,4326400800.000,0,-,-,-,-,4051.4000,4051.2000,4051.0000,4050.8000,4050.0000,4052.8000,4053.0000,4053.8000,4054.8000,4055.6000,1,1,2,1,1,1,1,1,2,4
SF,IF2006,2020-02-19 11:04:42.900,4052.2000,23814,0,4326400800.000,0,-,-,-,-,4051.0000,4050.8000,4050.0000,4049.2000,4049.0000,4052.4000,4052.8000,4053.0000,4053.8000,4054.8000,2,1,1,1,1,1,1,1,1,2
SF,IF2006,2020-02-19 11:04:43.900,4052.2000,23814,0,4326400800.000,0,-,-,-,-,4051.2000,4051.0000,4050.8000,4050.0000,4049.2000,4052.4000,4052.8000,4053.0000,4053.8000,4054.8000,1,2,1,1,1,1,1,1,1,2
SF,IF2006,2020-02-19 11:04:44.400,4052.2000,23814,0,4326400800.000,0,-,-,-,-,4051.4000,4051.2000,4051.0000,4050.8000,4050.0000,4052.4000,4052.8000,4053.0000,4053.8000,4054.8000,1,1,1,1,1,1,1,1,1,2
SF,IF2006,2020-02-19 11:04:44.900,4052.2000,23814,0,4326400800.000,0,-,-,-,-,4051.6000,4051.4000,4051.0000,4050.8000,4050.0000,4052.4000,4052.8000,4053.0000,4053.8000,4054.8000,1,1,1,1,1,1,2,1,1,2
SF,IF2006,2020-02-19 11:04:45.400,4052.2000,23814,0,4326400800.000,0,-,-,-,-,4051.4000,4051.0000,4050.8000,4050.0000,4049.2000,4052.4000,4052.8000,4053.0000,4053.8000,4054.8000,1,1,1,1,1,1,2,1,1,2
SF,IF2006,2020-02-19 11:04:46.900,4052.2000,23814,0,4326400800.000,0,-,-,-,-,4051.6000,4051.4000,4051.0000,4050.8000,4050.0000,4052.4000,4052.8000,4053.0000,4053.8000,4054.8000,1,1,1,1,1,1,2,1,1,2
SF,IF2006,2020-02-19 11:04:47.900,4052.4000,23815,1,4327616520.000,1,1,0,双开,S,4051.6000,4051.4000,4051.0000,4050.8000,4050.0000,4052.8000,4053.0000,4053.8000,4054.8000,4055.6000,1,1,1,1,1,2,1,1,2,4
SF,IF2006,2020-02-19 11:04:48.400,4052.4000,23815,0,4327616520.000,0,-,-,-,-,4051.8000,4051.6000,4051.4000,4051.0000,4050.8000,4052.8000,4053.0000,4053.8000,4054.8000,4055.6000,1,1,1,1,1,2,1,1,2,4
SF,IF2006,2020-02-19 11:04:50.900,4052.8000,23814,-1,4328832360.000,1,0,1,双平,S,4051.8000,4051.6000,4051.0000,4050.8000,4049.2000,4053.0000,4053.8000,4054.8000,4055.6000,4055.8000,1,1,1,1,1,1,1,2,4,2
SF,IF2006,2020-02-19 11:04:51.400,4052.8000,23814,0,4330048200.000,1,0,1,多换,S,4051.8000,4051.6000,4051.0000,4050.8000,4049.2000,4053.0000,4053.8000,4054.8000,4055.6000,4055.8000,1,1,1,1,1,1,1,2,4,2
SF,IF2006,2020-02-19 11:04:51.900,4052.8000,23814,0,4330048200.000,0,-,-,-,-,4052.0000,4051.8000,4051.0000,4050.8000,4049.2000,4053.0000,4053.8000,4054.8000,4055.6000,4055.8000,1,1,1,1,1,1,1,2,4,2
SF,IF2006,2020-02-19 11:04:52.400,4052.8000,23814,0,4330048200.000,0,-,-,-,-,4052.8000,4052.0000,4051.8000,4051.0000,4050.8000,4053.0000,4053.8000,4054.8000,4055.6000,4055.8000,12,1,1,1,1,1,1,2,4,2
SF,IF2006,2020-02-19 11:04:52.900,4052.8000,23814,0,4333695720.000,3,1,2,多换,S,4052.8000,4052.0000,4051.0000,4050.8000,4049.2000,4053.0000,4053.8000,4054.8000,4055.6000,4055.8000,9,1,1,1,1,1,1,2,4,2
SF,IF2006,2020-02-19 11:04:53.900,4052.8000,23814,0,4333695720.000,0,-,-,-,-,4052.8000,4052.0000,4051.0000,4050.8000,4049.2000,4053.0000,4053.8000,4054.8000,4055.6000,4055.8000,9,1,1,1,1,1,1,2,4,2
SF,IF2006,2020-02-19 11:04:56.400,4052.8000,23814,0,4333695720.000,0,-,-,-,-,4052.8000,4051.0000,4050.8000,4049.2000,4049.0000,4053.0000,4053.8000,4054.8000,4055.6000,4055.8000,9,1,1,1,1,1,1,2,4,2
SF,IF2006,2020-02-19 11:04:56.900,4053.0000,23814,0,4334911620.000,1,0,1,多换,S,4052.8000,4051.0000,4050.8000,4049.2000,4049.0000,4053.8000,4054.8000,4055.6000,4055.8000,4056.2000,9,1,1,1,1,1,2,4,2,5
SF,IF2006,2020-02-19 11:04:57.400,4053.0000,23814,0,4334911620.000,0,-,-,-,-,4053.0000,4052.8000,4051.0000,4050.8000,4049.2000,4053.8000,4054.8000,4055.6000,4055.8000,4056.2000,2,9,1,1,1,1,2,4,2,5
SF,IF2006,2020-02-19 11:04:58.400,4053.0000,23814,0,4334911620.000,0,-,-,-,-,4053.0000,4052.8000,4051.8000,4051.0000,4050.8000,4053.8000,4054.8000,4055.6000,4055.8000,4056.2000,2,9,1,1,1,1,2,4,2,5
SF,IF2006,2020-02-19 11:04:58.900,4053.0000,23814,0,4334911620.000,0,-,-,-,-,4053.0000,4052.8000,4051.8000,4051.0000,4050.8000,4053.8000,4054.8000,4055.6000,4055.8000,4056.2000,2,9,1,1,1,2,2,4,2,5
SF,IF2006,2020-02-19 11:04:59.400,4053.0000,23814,0,4334911620.000,0,-,-,-,-,4053.0000,4052.8000,4051.8000,4051.0000,4050.8000,4053.6000,4053.8000,4054.8000,4055.6000,4055.8000,2,9,1,1,1,1,2,2,4,2
SF,IF2006,2020-02-19 11:04:59.900,4053.0000,23814,0,4334911620.000,0,-,-,-,-,4053.0000,4052.8000,4051.8000,4051.0000,4050.8000,4053.6000,4053.8000,4054.8000,4055.6000,4055.8000,2,9,1,1,1,2,1,2,4,2
SF,IF2006,2020-02-19 11:05:00.400,4053.0000,23814,0,4334911620.000,0,-,-,-,-,4053.0000,4052.8000,4051.8000,4051.0000,4050.8000,4053.6000,4053.8000,4054.8000,4055.6000,4055.8000,2,9,1,1,1,1,1,2,4,2
SF,IF2006,2020-02-19 11:05:06.400,4053.0000,23814,0,4336127520.000,1,0,1,多换,S,4053.0000,4052.8000,4051.8000,4051.0000,4050.8000,4053.6000,4053.8000,4054.8000,4055.6000,4055.8000,1,9,1,1,1,1,1,2,4,2
SF,IF2006,2020-02-19 11:05:13.400,4053.0000,23814,0,4336127520.000,0,-,-,-,-,4053.0000,4052.8000,4051.0000,4050.8000,4049.2000,4053.6000,4053.8000,4054.8000,4055.6000,4055.8000,1,9,1,1,1,1,1,2,4,2
SF,IF2006,2020-02-19 11:05:13.900,4053.0000,23815,1,4337343420.000,1,1,0,双开,S,4053.0000,4052.8000,4051.0000,4050.8000,4049.2000,4053.6000,4053.8000,4054.8000,4055.6000,4055.8000,1,9,1,1,1,1,1,2,4,2
SF,IF2006,2020-02-19 11:05:14.400,4053.0000,23816,1,4338559320.000,1,1,0,双开,S,4052.8000,4051.0000,4050.8000,4049.2000,4049.0000,4053.0000,4053.6000,4053.8000,4054.8000,4055.6000,9,1,1,1,1,1,1,1,2,4
SF,IF2006,2020-02-19 11:05:15.400,4052.8000,23816,0,4339775160.000,1,0,1,多换,S,4052.8000,4051.0000,4050.8000,4049.2000,4049.0000,4053.0000,4053.6000,4053.8000,4054.8000,4055.6000,9,1,1,1,1,1,1,1,2,4
SF,IF2006,2020-02-19 11:05:15.900,4052.8000,23817,1,4350717720.000,9,5,4,空开,S,4051.0000,4050.8000,4049.2000,4049.0000,4047.2000,4053.0000,4053.6000,4053.8000,4054.8000,4055.6000,1,1,1,1,1,1,1,1,2,4
SF,IF2006,2020-02-19 11:05:16.400,4052.8000,23817,0,4350717720.000,0,-,-,-,-,4051.4000,4051.2000,4051.0000,4050.8000,4049.2000,4053.0000,4053.6000,4053.8000,4054.8000,4055.6000,1,1,1,1,1,1,1,1,2,4
SF,IF2006,2020-02-19 11:05:18.900,4052.8000,23817,0,4350717720.000,0,-,-,-,-,4051.4000,4051.2000,4051.0000,4050.8000,4049.2000,4053.0000,4053.6000,4053.8000,4054.8000,4055.6000,1,1,1,1,1,1,1,1,2,4
SF,IF2006,2020-02-19 11:05:19.900,4052.8000,23817,0,4350717720.000,0,-,-,-,-,4051.6000,4051.4000,4051.0000,4050.8000,4049.2000,4053.0000,4053.6000,4053.8000,4054.8000,4055.6000,3,1,1,1,1,1,1,1,2,4
SF,IF2006,2020-02-19 11:05:20.900,4052.8000,23817,0,4350717720.000,0,-,-,-,-,4051.6000,4051.4000,4051.0000,4050.8000,4049.2000,4053.0000,4053.6000,4053.8000,4054.8000,4055.6000,3,1,1,1,1,1,1,1,2,4
SF,IF2006,2020-02-19 11:05:21.400,4052.8000,23817,0,4350717720.000,0,-,-,-,-,4051.8000,4051.6000,4051.4000,4051.0000,4050.8000,4053.0000,4053.6000,4053.8000,4054.8000,4055.6000,1,2,1,1,1,1,1,1,2,4
SF,IF2006,2020-02-19 11:05:21.900,4052.8000,23817,0,4350717720.000,0,-,-,-,-,4051.8000,4051.6000,4051.0000,4050.8000,4049.2000,4053.0000,4053.6000,4053.8000,4054.8000,4055.6000,1,2,1,1,1,1,1,1,2,4
SF,IF2006,2020-02-19 11:05:22.400,4051.6000,23817,0,4353148740.000,2,1,1,多换,S,4051.6000,4051.0000,4050.8000,4049.2000,4049.0000,4053.0000,4053.6000,4053.8000,4054.8000,4055.6000,1,1,1,1,1,1,1,1,2,4
SF,IF2006,2020-02-19 11:05:22.900,4051.6000,23817,0,4354364220.000,1,0,1,多换,S,4051.0000,4050.8000,4049.2000,4049.0000,4047.2000,4052.6000,4053.0000,4053.6000,4053.8000,4054.8000,1,1,1,1,1,1,1,1,1,2
SF,IF2006,2020-02-19 11:05:23.400,4051.6000,23817,0,4354364220.000,0,-,-,-,-,4051.6000,4051.4000,4051.2000,4051.0000,4050.8000,4052.6000,4053.0000,4053.6000,4053.8000,4054.8000,1,3,2,1,1,1,1,1,1,2
SF,IF2006,2020-02-19 11:05:23.900,4051.6000,23817,0,4354364220.000,0,-,-,-,-,4051.6000,4051.4000,4051.2000,4051.0000,4050.8000,4052.6000,4053.0000,4053.6000,4053.8000,4054.8000,1,2,1,1,1,1,1,1,1,2
SF,IF2006,2020-02-19 11:05:24.400,4051.6000,23817,0,4354364220.000,0,-,-,-,-,4051.6000,4051.4000,4051.2000,4051.0000,4050.8000,4052.6000,4053.0000,4053.6000,4053.8000,4054.8000,1,1,1,1,1,1,1,1,1,2
SF,IF2006,2020-02-19 11:05:24.900,4051.6000,23817,0,4354364220.000,0,-,-,-,-,4051.6000,4051.4000,4051.2000,4051.0000,4050.8000,4052.6000,4053.0000,4053.6000,4053.8000,4054.8000,1,1,1,2,1,1,1,1,1,2
SF,IF2006,2020-02-19 11:05:27.400,4051.6000,23817,0,4354364220.000,0,-,-,-,-,4051.6000,4051.4000,4051.0000,4050.8000,4050.4000,4052.6000,4053.0000,4053.6000,4053.8000,4054.8000,1,1,2,1,1,1,1,1,1,2
SF,IF2006,2020-02-19 11:05:27.900,4051.6000,23817,0,4354364220.000,0,-,-,-,-,4051.6000,4051.4000,4051.0000,4050.8000,4050.4000,4052.4000,4052.6000,4053.0000,4053.6000,4053.8000,1,1,2,1,1,1,1,1,1,1
SF,IF2006,2020-02-19 11:05:30.400,4051.6000,23817,0,4354364220.000,0,-,-,-,-,4051.4000,4051.0000,4050.8000,4050.4000,4049.2000,4052.4000,4052.6000,4053.0000,4053.6000,4053.8000,1,2,1,1,1,1,1,1,1,1
SF,IF2006,2020-02-19 11:05:31.400,4051.6000,23817,0,4354364220.000,0,-,-,-,-,4051.6000,4051.4000,4051.0000,4050.8000,4050.4000,4052.6000,4053.0000,4053.6000,4053.8000,4054.8000,1,2,1,1,1,1,1,1,1,2
SF,IF2006,2020-02-19 11:05:31.900,4051.6000,23817,0,4354364220.000,0,-,-,-,-,4051.8000,4051.4000,4051.0000,4050.8000,4050.4000,4053.0000,4053.6000,4053.8000,4054.8000,4055.6000,1,2,1,1,1,1,1,1,2,4
SF,IF2006,2020-02-19 11:05:32.400,4051.6000,23817,0,4354364220.000,0,-,-,-,-,4052.0000,4051.4000,4051.0000,4050.8000,4050.4000,4053.0000,4053.6000,4053.8000,4054.8000,4055.6000,1,1,1,1,1,1,1,1,2,4
SF,IF2006,2020-02-19 11:05:32.900,4051.6000,23817,0,4354364220.000,0,-,-,-,-,4052.0000,4051.4000,4051.0000,4050.8000,4050.4000,4052.8000,4053.0000,4053.6000,4053.8000,4054.8000,1,1,1,1,1,1,1,1,1,2
SF,IF2006,2020-02-19 11:05:33.400,4051.6000,23817,0,4354364220.000,0,-,-,-,-,4052.0000,4051.4000,4051.0000,4050.8000,4050.4000,4052.8000,4053.0000,4053.6000,4053.8000,4054.8000,2,1,1,1,1,1,1,1,1,2
SF,IF2006,2020-02-19 11:05:34.400,4051.6000,23817,0,4354364220.000,0,-,-,-,-,4052.0000,4051.4000,4051.0000,4050.8000,4050.4000,4052.8000,4053.0000,4053.6000,4053.8000,4054.8000,1,1,1,1,1,1,1,1,1,2
SF,IF2006,2020-02-19 11:05:34.900,4051.6000,23817,0,4354364220.000,0,-,-,-,-,4052.0000,4051.4000,4051.0000,4050.8000,4050.4000,4052.8000,4053.0000,4053.6000,4053.8000,4054.8000,1,1,1,1,1,2,1,1,1,2
SF,IF2006,2020-02-19 11:05:36.400,4051.6000,23817,0,4354364220.000,0,-,-,-,-,4052.2000,4052.0000,4051.4000,4051.0000,4050.8000,4052.8000,4053.0000,4053.6000,4053.8000,4054.8000,1,1,1,1,1,2,1,1,1,2
SF,IF2006,2020-02-19 11:05:37.400,4051.6000,23817,0,4354364220.000,0,-,-,-,-,4052.2000,4052.0000,4051.4000,4051.0000,4050.8000,4052.6000,4052.8000,4053.0000,4053.6000,4053.8000,1,1,1,1,1,1,1,1,1,1
SF,IF2006,2020-02-19 11:05:38.400,4051.6000,23817,0,4354364220.000,0,-,-,-,-,4052.0000,4051.4000,4051.0000,4050.8000,4050.4000,4052.6000,4052.8000,4053.0000,4053.6000,4053.8000,1,1,1,1,1,1,1,1,1,1
SF,IF2006,2020-02-19 11:05:39.400,4052.6000,23818,1,4355580000.000,1,1,0,双开,S,4052.0000,4051.4000,4051.0000,4050.8000,4050.4000,4052.8000,4053.0000,4053.6000,4053.8000,4054.8000,1,1,1,1,1,1,1,1,1,2
SF,IF2006,2020-02-19 11:05:41.400,4052.0000,23818,0,4356795600.000,1,0,1,多换,S,4051.4000,4051.0000,4050.8000,4050.4000,4049.2000,4052.8000,4053.0000,4053.6000,4053.8000,4054.8000,1,1,1,1,1,1,1,1,1,2
SF,IF2006,2020-02-19 11:05:45.400,4052.0000,23818,0,4356795600.000,0,-,-,-,-,4051.4000,4051.0000,4050.8000,4050.4000,4049.2000,4052.4000,4052.6000,4052.8000,4053.0000,4053.6000,1,1,1,1,1,1,1,1,1,1
SF,IF2006,2020-02-19 11:05:48.400,4052.0000,23818,0,4356795600.000,0,-,-,-,-,4051.4000,4051.0000,4050.4000,4049.2000,4047.2000,4052.4000,4052.6000,4052.8000,4053.0000,4053.6000,1,1,1,1,1,1,1,1,1,1
SF,IF2006,2020-02-19 11:05:49.400,4052.4000,23819,1,4358011320.000,1,1,0,双开,S,4051.4000,4051.0000,4050.4000,4049.2000,4047.2000,4052.6000,4052.8000,4053.0000,4053.6000,4053.8000,1,1,1,1,1,1,1,1,1,1
SF,IF2006,2020-02-19 11:05:50.900,4052.4000,23819,0,4358011320.000,0,-,-,-,-,4051.0000,4050.4000,4049.2000,4047.2000,4046.8000,4052.6000,4052.8000,4053.0000,4053.6000,4053.8000,1,1,1,1,1,1,1,1,1,1
SF,IF2006,2020-02-19 11:05:51.400,4052.4000,23819,0,4358011320.000,0,-,-,-,-,4051.0000,4050.4000,4049.2000,4047.2000,4046.8000,4052.6000,4052.8000,4053.0000,4053.6000,4053.8000,2,1,1,1,1,2,1,1,1,1
SF,IF2006,2020-02-19 11:05:51.900,4052.4000,23819,0,4358011320.000,0,-,-,-,-,4051.0000,4050.4000,4049.2000,4047.2000,4046.8000,4052.4000,4052.6000,4052.8000,4053.0000,4053.6000,2,1,1,1,1,1,1,1,1,1
SF,IF2006,2020-02-19 11:05:53.400,4052.4000,23819,0,4358011320.000,0,-,-,-,-,4051.2000,4051.0000,4050.4000,4049.2000,4047.2000,4052.4000,4052.6000,4052.8000,4053.0000,4053.6000,1,2,1,1,1,1,1,1,1,1
SF,IF2006,2020-02-19 11:05:53.900,4052.4000,23819,0,4358011320.000,0,-,-,-,-,4051.2000,4051.0000,4050.4000,4049.2000,4047.2000,4052.6000,4052.8000,4053.0000,4053.6000,4053.8000,1,1,1,1,1,1,1,1,1,1
SF,IF2006,2020-02-19 11:05:54.400,4052.4000,23819,0,4358011320.000,0,-,-,-,-,4051.2000,4051.0000,4050.4000,4049.2000,4047.2000,4052.6000,4052.8000,4053.0000,4053.6000,4053.8000,2,1,1,1,1,1,1,1,1,1
SF,IF2006,2020-02-19 11:05:54.900,4052.4000,23819,0,4358011320.000,0,-,-,-,-,4051.2000,4051.0000,4050.4000,4049.2000,4047.2000,4052.6000,4052.8000,4053.0000,4053.6000,4053.8000,2,1,1,1,1,2,1,1,1,1
SF,IF2006,2020-02-19 11:05:55.400,4052.4000,23819,0,4358011320.000,0,-,-,-,-,4051.6000,4051.2000,4051.0000,4050.4000,4049.2000,4052.6000,4052.8000,4053.0000,4053.6000,4053.8000,2,2,1,1,1,2,1,1,1,1
SF,IF2006,2020-02-19 11:05:57.900,4052.4000,23819,0,4358011320.000,0,-,-,-,-,4051.6000,4051.2000,4051.0000,4050.4000,4049.2000,4052.6000,4052.8000,4053.0000,4053.6000,4053.8000,2,1,1,1,1,2,1,1,1,1
SF,IF2006,2020-02-19 11:05:59.900,4052.4000,23819,0,4358011320.000,0,-,-,-,-,4051.2000,4051.0000,4050.4000,4049.2000,4047.2000,4052.6000,4052.8000,4053.0000,4053.6000,4053.8000,1,1,1,1,1,2,1,1,1,1
SF,IF2006,2020-02-19 11:06:01.900,4052.4000,23819,0,4358011320.000,0,-,-,-,-,4051.2000,4051.0000,4050.4000,4049.2000,4047.2000,4052.6000,4052.8000,4053.0000,4053.6000,4053.8000,1,1,1,1,1,2,1,1,1,1
SF,IF2006,2020-02-19 11:06:04.900,4052.6000,23818,-1,4359227100.000,1,0,1,双平,S,4052.0000,4051.2000,4051.0000,4050.4000,4049.2000,4052.6000,4052.8000,4053.0000,4053.6000,4053.8000,6,1,1,1,1,1,1,1,1,1
SF,IF2006,2020-02-19 11:06:08.400,4052.0000,23820,2,4361658300.000,2,2,0,双开,S,4052.0000,4051.2000,4051.0000,4050.4000,4049.2000,4052.6000,4052.8000,4053.0000,4053.6000,4053.8000,4,1,1,1,1,1,1,1,1,1
SF,IF2006,2020-02-19 11:06:08.900,4052.6000,23820,0,4365305280.000,3,1,2,多换,S,4052.0000,4051.0000,4050.4000,4049.2000,4047.2000,4052.8000,4053.0000,4053.6000,4053.8000,4054.8000,2,1,1,1,1,1,1,1,1,2
SF,IF2006,2020-02-19 11:06:09.400,4052.0000,23821,1,4367736480.000,2,1,1,空开,S,4051.0000,4050.4000,4049.2000,4047.2000,4046.8000,4052.0000,4052.6000,4052.8000,4053.0000,4053.6000,1,1,1,1,1,1,1,1,1,1
SF,IF2006,2020-02-19 11:06:09.900,4052.0000,23821,0,4367736480.000,0,-,-,-,-,4051.0000,4050.4000,4049.2000,4047.2000,4046.8000,4052.0000,4052.6000,4052.8000,4053.0000,4053.6000,1,1,1,1,1,1,1,1,1,1
SF,IF2006,2020-02-19 11:06:10.400,4052.0000,23821,0,4367736480.000,0,-,-,-,-,4051.0000,4050.4000,4049.2000,4047.2000,4046.8000,4052.0000,4052.6000,4052.8000,4053.0000,4053.6000,1,1,1,1,1,1,2,1,1,1
SF,IF2006,2020-02-19 11:06:12.400,4052.0000,23821,0,4367736480.000,0,-,-,-,-,4051.0000,4050.4000,4049.2000,4047.2000,4046.8000,4052.0000,4052.6000,4052.8000,4053.6000,4053.8000,1,1,1,1,1,1,2,1,1,1
SF,IF2006,2020-02-19 11:06:12.900,4052.0000,23821,0,4368952080.000,1,0,1,多换,S,4051.0000,4050.4000,4049.2000,4047.2000,4046.8000,4052.6000,4052.8000,4053.6000,4053.8000,4054.8000,1,1,1,1,1,2,1,1,1,2
SF,IF2006,2020-02-19 11:06:13.400,4052.0000,23821,0,4368952080.000,0,-,-,-,-,4051.0000,4050.4000,4049.2000,4047.2000,4046.8000,4052.6000,4052.8000,4053.6000,4053.8000,4054.8000,1,1,1,1,1,1,1,1,1,2
SF,IF2006,2020-02-19 11:06:13.900,4052.0000,23821,0,4368952080.000,0,-,-,-,-,4051.0000,4050.4000,4049.2000,4047.2000,4046.8000,4052.6000,4052.8000,4053.6000,4053.8000,4054.8000,1,1,1,1,1,1,1,1,1,2
SF,IF2006,2020-02-19 11:06:16.400,4052.0000,23821,0,4368952080.000,0,-,-,-,-,4051.0000,4050.4000,4049.2000,4047.2000,4046.8000,4052.0000,4052.6000,4052.8000,4053.6000,4053.8000,1,1,1,1,1,1,1,1,1,1
SF,IF2006,2020-02-19 11:06:17.900,4052.0000,23821,0,4368952080.000,0,-,-,-,-,4051.0000,4050.4000,4049.2000,4047.2000,4046.8000,4052.0000,4052.8000,4053.6000,4054.8000,4055.6000,1,1,1,1,1,1,1,1,2,4
SF,IF2006,2020-02-19 11:06:19.400,4052.0000,23821,0,4368952080.000,0,-,-,-,-,4051.0000,4050.4000,4049.2000,4047.2000,4046.8000,4051.8000,4052.0000,4052.8000,4053.6000,4054.8000,1,1,1,1,1,1,1,1,1,2
SF,IF2006,2020-02-19 11:06:19.900,4052.0000,23821,0,4368952080.000,0,-,-,-,-,4051.0000,4050.4000,4049.2000,4047.2000,4046.8000,4051.6000,4051.8000,4052.0000,4052.8000,4053.6000,1,1,1,1,1,1,1,1,1,1
SF,IF2006,2020-02-19 11:06:20.400,4051.0000,23821,0,4370167380.000,1,0,1,多换,S,4050.4000,4049.2000,4047.2000,4046.8000,4043.0000,4051.0000,4051.4000,4051.6000,4051.8000,4052.0000,1,1,1,1,7,2,2,1,1,1
SF,IF2006,2020-02-19 11:06:20.900,4051.0000,23821,0,4370167380.000,0,-,-,-,-,4050.4000,4049.2000,4047.2000,4046.8000,4043.0000,4051.0000,4051.4000,4052.0000,4052.2000,4052.8000,1,1,1,1,7,2,2,1,1,1
SF,IF2006,2020-02-19 11:06:21.400,4051.0000,23821,0,4370167380.000,0,-,-,-,-,4050.4000,4049.2000,4047.2000,4046.8000,4043.0000,4051.0000,4051.4000,4052.0000,4052.2000,4052.8000,1,1,1,1,7,2,2,1,1,1
SF,IF2006,2020-02-19 11:06:23.900,4050.4000,23820,-1,4371382500.000,1,0,1,双平,S,4049.2000,4047.2000,4046.8000,4043.0000,4042.8000,4051.0000,4051.4000,4052.0000,4052.2000,4052.8000,1,1,1,7,8,2,2,1,1,1
SF,IF2006,2020-02-19 11:06:24.400,4050.4000,23820,0,4371382500.000,0,-,-,-,-,4049.6000,4049.4000,4049.2000,4047.2000,4046.8000,4051.0000,4051.4000,4052.0000,4052.2000,4052.8000,1,1,1,1,1,2,2,1,1,1
SF,IF2006,2020-02-19 11:06:24.900,4050.4000,23820,0,4371382500.000,0,-,-,-,-,4049.6000,4049.4000,4049.2000,4047.2000,4046.8000,4051.0000,4051.4000,4052.0000,4052.8000,4053.6000,1,1,1,1,1,2,2,1,1,1
SF,IF2006,2020-02-19 11:06:25.400,4050.4000,23820,0,4371382500.000,0,-,-,-,-,4049.6000,4049.4000,4049.2000,4047.2000,4046.8000,4051.0000,4051.4000,4052.0000,4052.8000,4053.6000,1,1,1,1,1,2,2,2,1,1
SF,IF2006,2020-02-19 11:06:25.900,4050.4000,23820,0,4371382500.000,0,-,-,-,-,4049.6000,4049.4000,4049.2000,4047.2000,4046.8000,4051.4000,4052.0000,4052.8000,4053.6000,4054.8000,1,1,1,1,1,2,2,1,1,2
SF,IF2006,2020-02-19 11:06:26.400,4050.4000,23820,0,4371382500.000,0,-,-,-,-,4049.8000,4049.6000,4049.4000,4049.2000,4047.2000,4051.4000,4052.0000,4052.8000,4053.6000,4054.8000,1,1,1,1,1,2,2,1,1,2
SF,IF2006,2020-02-19 11:06:26.900,4050.4000,23820,0,4371382500.000,0,-,-,-,-,4049.8000,4049.6000,4049.4000,4049.2000,4047.2000,4051.4000,4052.0000,4052.8000,4053.6000,4054.0000,1,1,1,1,1,2,2,1,1,1
SF,IF2006,2020-02-19 11:06:27.400,4050.4000,23820,0,4371382500.000,0,-,-,-,-,4049.8000,4049.6000,4049.4000,4049.2000,4047.2000,4051.2000,4051.4000,4052.0000,4052.8000,4053.6000,1,1,1,1,1,1,2,2,1,1
SF,IF2006,2020-02-19 11:06:27.900,4050.4000,23820,0,4371382500.000,0,-,-,-,-,4049.6000,4049.4000,4049.2000,4047.2000,4046.8000,4051.2000,4051.4000,4052.0000,4052.8000,4053.6000,1,1,1,1,1,1,2,2,1,1
SF,IF2006,2020-02-19 11:06:29.900,4050.4000,23820,0,4371382500.000,0,-,-,-,-,4049.6000,4049.4000,4049.2000,4047.2000,4043.0000,4051.2000,4051.4000,4052.0000,4052.8000,4053.6000,1,1,1,1,7,1,2,2,1,1
SF,IF2006,2020-02-19 11:06:30.900,4049.6000,23819,-1,4372597380.000,1,0,1,双平,S,4049.6000,4049.4000,4049.2000,4047.2000,4043.0000,4051.4000,4052.0000,4052.8000,4053.6000,4054.0000,1,1,1,1,7,1,2,1,1,1
SF,IF2006,2020-02-19 11:06:31.400,4049.6000,23819,0,4372597380.000,0,-,-,-,-,4049.8000,4049.6000,4049.4000,4049.2000,4047.2000,4051.4000,4052.0000,4052.8000,4053.6000,4054.0000,1,1,1,1,1,1,2,1,1,1
SF,IF2006,2020-02-19 11:06:31.900,4049.6000,23819,0,4372597380.000,0,-,-,-,-,4049.8000,4049.4000,4049.2000,4047.2000,4043.0000,4051.4000,4052.0000,4052.8000,4053.6000,4054.0000,3,1,1,1,7,1,2,1,1,1
SF,IF2006,2020-02-19 11:06:32.400,4049.6000,23819,0,4372597380.000,0,-,-,-,-,4049.8000,4049.2000,4047.2000,4043.0000,4042.8000,4051.4000,4052.0000,4052.8000,4053.6000,4054.0000,3,1,1,7,8,1,2,1,1,1
SF,IF2006,2020-02-19 11:06:32.900,4049.6000,23819,0,4372597380.000,0,-,-,-,-,4050.0000,4049.8000,4049.2000,4047.2000,4043.0000,4051.4000,4052.0000,4052.8000,4053.6000,4054.0000,1,2,1,1,7,1,2,1,1,1
SF,IF2006,2020-02-19 11:06:33.900,4049.6000,23819,0,4372597380.000,0,-,-,-,-,4049.8000,4049.2000,4047.2000,4043.0000,4042.8000,4051.4000,4052.0000,4052.8000,4053.6000,4054.0000,1,1,1,7,8,1,2,1,1,1
SF,IF2006,2020-02-19 11:06:34.900,4049.6000,23819,0,4372597380.000,0,-,-,-,-,4050.0000,4049.8000,4049.2000,4047.2000,4043.0000,4051.4000,4052.0000,4052.8000,4053.6000,4054.0000,1,1,1,1,7,1,2,1,1,1
SF,IF2006,2020-02-19 11:06:35.400,4049.6000,23819,0,4372597380.000,0,-,-,-,-,4050.0000,4049.8000,4049.2000,4047.2000,4043.0000,4051.4000,4052.0000,4052.8000,4053.6000,4054.0000,2,1,1,1,7,1,2,1,1,1
SF,IF2006,2020-02-19 11:06:37.400,4049.6000,23819,0,4372597380.000,0,-,-,-,-,4050.0000,4049.8000,4049.2000,4047.2000,4043.0000,4051.0000,4051.4000,4052.0000,4052.8000,4053.6000,2,1,1,1,7,1,1,2,1,1
SF,IF2006,2020-02-19 11:06:37.900,4049.6000,23819,0,4372597380.000,0,-,-,-,-,4050.0000,4049.8000,4049.2000,4047.2000,4043.0000,4051.0000,4051.4000,4052.0000,4052.8000,4053.6000,2,1,1,1,7,1,1,2,1,1
SF,IF2006,2020-02-19 11:06:38.400,4049.6000,23819,0,4372597380.000,0,-,-,-,-,4049.8000,4049.2000,4047.2000,4043.0000,4042.8000,4051.0000,4051.4000,4052.0000,4052.8000,4053.6000,1,1,1,7,8,1,1,2,1,1
SF,IF2006,2020-02-19 11:06:38.900,4049.6000,23820,1,4375027140.000,2,1,1,空开,S,4049.2000,4047.2000,4043.0000,4042.8000,4042.6000,4051.0000,4051.4000,4052.0000,4052.8000,4053.6000,1,1,7,8,10,1,1,2,1,1
SF,IF2006,2020-02-19 11:06:39.400,4049.6000,23820,0,4375027140.000,0,-,-,-,-,4049.4000,4049.2000,4047.2000,4043.0000,4042.8000,4051.0000,4051.4000,4052.0000,4052.8000,4053.6000,5,1,1,7,8,1,1,2,1,1
SF,IF2006,2020-02-19 11:06:40.400,4049.6000,23820,0,4375027140.000,0,-,-,-,-,4049.6000,4049.4000,4049.2000,4047.2000,4043.0000,4051.0000,4051.4000,4052.0000,4052.8000,4053.6000,2,5,1,1,7,1,1,2,1,1
SF,IF2006,2020-02-19 11:06:40.900,4049.6000,23820,0,4375027140.000,0,-,-,-,-,4050.0000,4049.6000,4049.4000,4049.2000,4047.2000,4051.0000,4051.4000,4052.0000,4052.8000,4053.6000,3,3,5,1,1,1,1,2,1,1
SF,IF2006,2020-02-19 11:06:41.400,4049.6000,23822,2,4377456900.000,2,2,0,双开,S,4050.0000,4049.6000,4049.4000,4049.2000,4047.2000,4051.0000,4051.4000,4052.0000,4052.8000,4053.6000,1,2,5,1,1,1,1,2,1,1
SF,IF2006,2020-02-19 11:06:42.900,4049.6000,23822,0,4377456900.000,0,-,-,-,-,4050.0000,4049.6000,4049.4000,4049.2000,4047.2000,4051.0000,4051.4000,4052.0000,4052.8000,4053.6000,1,1,5,1,1,1,1,2,1,1
SF,IF2006,2020-02-19 11:06:44.400,4049.6000,23822,0,4377456900.000,0,-,-,-,-,4050.0000,4049.8000,4049.6000,4049.4000,4049.2000,4051.0000,4051.4000,4052.0000,4052.8000,4053.6000,1,1,1,5,1,1,1,2,1,1
SF,IF2006,2020-02-19 11:06:47.900,4049.6000,23822,0,4377456900.000,0,-,-,-,-,4050.0000,4049.8000,4049.6000,4049.4000,4049.2000,4051.0000,4051.4000,4052.0000,4052.8000,4053.6000,1,1,1,5,1,2,1,2,1,1
SF,IF2006,2020-02-19 11:06:49.400,4049.6000,23822,0,4377456900.000,0,-,-,-,-,4050.0000,4049.8000,4049.6000,4049.4000,4049.2000,4051.0000,4051.4000,4052.0000,4052.8000,4053.6000,1,1,1,5,1,2,1,1,1,1
SF,IF2006,2020-02-19 11:06:50.400,4050.0000,23824,2,4381102500.000,3,2,1,空开,S,4049.8000,4049.6000,4049.4000,4049.2000,4047.2000,4050.0000,4051.4000,4052.0000,4052.8000,4053.6000,1,1,5,1,1,2,1,1,1,1
SF,IF2006,2020-02-19 11:06:50.900,4050.0000,23822,-2,4383532500.000,2,0,2,双平,S,4050.0000,4049.8000,4049.6000,4049.4000,4049.2000,4051.4000,4052.0000,4052.8000,4053.6000,4054.0000,7,1,1,5,1,1,1,1,1,1
SF,IF2006,2020-02-19 11:06:51.400,4050.0000,23822,0,4383532500.000,0,-,-,-,-,4050.2000,4050.0000,4049.8000,4049.6000,4049.4000,4052.0000,4052.8000,4053.6000,4054.0000,4054.8000,2,6,1,1,5,1,1,1,1,2
SF,IF2006,2020-02-19 11:06:51.900,4050.0000,23822,0,4383532500.000,0,-,-,-,-,4050.2000,4050.0000,4049.8000,4049.4000,4049.2000,4051.8000,4052.0000,4052.8000,4053.6000,4054.0000,4,4,1,5,1,1,2,1,1,1
SF,IF2006,2020-02-19 11:06:52.400,4050.0000,23822,0,4383532500.000,0,-,-,-,-,4050.6000,4050.4000,4050.2000,4050.0000,4049.8000,4051.8000,4052.0000,4052.8000,4053.6000,4054.0000,1,3,3,4,1,1,1,1,1,1
SF,IF2006,2020-02-19 11:06:52.900,4050.0000,23822,0,4383532500.000,0,-,-,-,-,4050.6000,4050.4000,4050.2000,4050.0000,4049.8000,4052.0000,4052.8000,4053.6000,4054.0000,4054.8000,1,3,2,4,1,1,1,1,1,2
SF,IF2006,2020-02-19 11:06:53.400,4050.0000,23822,0,4383532500.000,0,-,-,-,-,4051.0000,4050.8000,4050.6000,4050.4000,4050.2000,4052.0000,4052.8000,4053.6000,4054.0000,4054.8000,2,1,1,3,2,1,1,1,1,2
SF,IF2006,2020-02-19 11:06:53.900,4050.0000,23822,0,4383532500.000,0,-,-,-,-,4050.8000,4050.6000,4050.4000,4050.2000,4050.0000,4052.0000,4052.8000,4053.6000,4054.0000,4054.8000,1,1,3,2,4,1,1,1,1,2
SF,IF2006,2020-02-19 11:06:54.900,4050.0000,23822,0,4383532500.000,0,-,-,-,-,4051.0000,4050.8000,4050.6000,4050.4000,4050.2000,4052.0000,4052.8000,4053.6000,4054.0000,4054.8000,1,1,1,3,1,1,1,1,1,2
SF,IF2006,2020-02-19 11:06:56.400,4050.0000,23822,0,4383532500.000,0,-,-,-,-,4050.8000,4050.6000,4050.2000,4050.0000,4049.8000,4051.8000,4052.0000,4052.8000,4053.6000,4054.0000,1,1,1,4,1,1,1,1,1,1
SF,IF2006,2020-02-19 11:06:56.900,4050.0000,23822,0,4383532500.000,0,-,-,-,-,4050.6000,4050.2000,4050.0000,4049.8000,4049.2000,4051.8000,4052.0000,4052.8000,4053.6000,4054.0000,1,1,4,1,1,1,1,1,1,1
SF,IF2006,2020-02-19 11:06:57.400,4050.0000,23822,0,4383532500.000,0,-,-,-,-,4050.2000,4050.0000,4049.8000,4049.2000,4047.2000,4051.8000,4052.0000,4052.8000,4053.6000,4054.0000,1,4,1,1,1,1,1,1,1,1
SF,IF2006,2020-02-19 11:06:57.900,4050.0000,23822,0,4383532500.000,0,-,-,-,-,4050.8000,4050.6000,4050.4000,4050.0000,4049.8000,4052.0000,4052.8000,4053.6000,4054.0000,4054.8000,5,2,2,4,1,1,1,1,1,2
SF,IF2006,2020-02-19 11:06:58.400,4050.0000,23822,0,4383532500.000,0,-,-,-,-,4050.8000,4050.6000,4050.4000,4050.0000,4049.8000,4052.0000,4052.8000,4053.6000,4054.0000,4054.8000,5,2,3,3,1,1,1,1,1,2
SF,IF2006,2020-02-19 11:06:58.900,4050.0000,23822,0,4383532500.000,0,-,-,-,-,4051.0000,4050.8000,4050.6000,4050.4000,4050.0000,4052.0000,4052.8000,4053.6000,4054.0000,4054.8000,1,5,2,2,3,1,1,1,1,2
SF,IF2006,2020-02-19 11:06:59.400,4050.0000,23822,0,4383532500.000,0,-,-,-,-,4051.0000,4050.8000,4050.6000,4050.4000,4050.0000,4052.0000,4052.8000,4053.6000,4054.0000,4054.8000,1,5,2,1,3,1,1,1,1,2
SF,IF2006,2020-02-19 11:07:00.400,4050.0000,23822,0,4383532500.000,0,-,-,-,-,4051.0000,4050.8000,4050.6000,4050.4000,4050.0000,4052.0000,4052.8000,4053.6000,4054.0000,4054.8000,1,5,2,1,2,1,1,1,1,2
SF,IF2006,2020-02-19 11:07:00.900,4050.0000,23822,0,4383532500.000,0,-,-,-,-,4051.0000,4050.8000,4050.6000,4050.4000,4050.0000,4052.0000,4052.8000,4053.6000,4054.0000,4054.8000,2,5,2,1,2,1,1,1,1,2
SF,IF2006,2020-02-19 11:07:01.400,4050.0000,23822,0,4383532500.000,0,-,-,-,-,4051.0000,4050.6000,4050.4000,4050.0000,4049.8000,4052.0000,4052.8000,4053.6000,4054.0000,4054.8000,2,2,1,2,1,1,1,1,1,2
SF,IF2006,2020-02-19 11:07:02.400,4050.0000,23822,0,4383532500.000,0,-,-,-,-,4051.0000,4050.4000,4050.0000,4049.8000,4049.2000,4052.0000,4052.8000,4053.6000,4054.0000,4054.8000,2,1,2,1,1,1,1,1,1,2
SF,IF2006,2020-02-19 11:07:03.900,4050.0000,23822,0,4383532500.000,0,-,-,-,-,4051.0000,4050.0000,4049.8000,4049.2000,4047.2000,4052.0000,4052.8000,4053.6000,4054.0000,4054.8000,2,2,1,1,1,1,1,1,1,2
SF,IF2006,2020-02-19 11:07:04.400,4050.0000,23822,0,4383532500.000,0,-,-,-,-,4051.0000,4050.0000,4049.8000,4049.2000,4047.2000,4051.8000,4052.0000,4052.8000,4053.6000,4054.0000,1,2,1,1,1,1,1,1,1,1
SF,IF2006,2020-02-19 11:07:04.900,4050.0000,23822,0,4383532500.000,0,-,-,-,-,4051.0000,4050.0000,4049.2000,4047.2000,4043.0000,4052.0000,4052.8000,4053.6000,4054.0000,4054.8000,1,2,1,1,7,1,1,1,1,2
SF,IF2006,2020-02-19 11:07:06.900,4052.0000,23823,1,4384748100.000,1,1,0,双开,S,4051.2000,4051.0000,4050.0000,4049.2000,4047.2000,4052.8000,4053.6000,4054.0000,4054.8000,4055.6000,6,1,2,1,1,1,1,1,2,4
SF,IF2006,2020-02-19 11:07:07.400,4052.0000,23823,0,4384748100.000,0,-,-,-,-,4051.4000,4051.2000,4051.0000,4050.0000,4049.2000,4052.8000,4053.6000,4054.0000,4054.8000,4055.6000,5,6,1,2,1,1,1,1,2,4
SF,IF2006,2020-02-19 11:07:07.900,4052.0000,23823,0,4384748100.000,0,-,-,-,-,4051.8000,4051.4000,4051.2000,4051.0000,4050.0000,4052.8000,4053.6000,4054.0000,4054.8000,4055.6000,2,5,6,1,2,1,1,1,2,4
SF,IF2006,2020-02-19 11:07:08.400,4052.0000,23823,0,4384748100.000,0,-,-,-,-,4051.4000,4051.2000,4051.0000,4050.0000,4049.2000,4052.8000,4053.6000,4054.0000,4054.8000,4055.6000,5,6,1,2,1,1,1,1,2,4
SF,IF2006,2020-02-19 11:07:08.900,4052.0000,23823,0,4384748100.000,0,-,-,-,-,4051.8000,4051.4000,4051.2000,4051.0000,4050.0000,4052.8000,4053.6000,4054.0000,4054.8000,4055.6000,5,5,6,1,2,1,1,1,2,4
SF,IF2006,2020-02-19 11:07:09.400,4052.8000,23823,0,4385963940.000,1,0,1,多换,S,4052.8000,4052.0000,4051.8000,4051.4000,4051.2000,4053.6000,4054.0000,4054.8000,4055.6000,4055.8000,3,2,5,5,6,1,1,2,4,1
SF,IF2006,2020-02-19 11:07:09.900,4052.8000,23821,-2,4388395620.000,2,0,2,双平,S,4052.0000,4051.8000,4051.2000,4051.0000,4049.2000,4052.8000,4053.6000,4054.0000,4054.8000,4055.6000,2,5,1,1,1,2,1,1,2,4
SF,IF2006,2020-02-19 11:07:10.400,4052.8000,23821,0,4390827300.000,2,1,1,多换,S,4053.0000,4052.4000,4052.2000,4052.0000,4051.8000,4053.6000,4054.0000,4054.8000,4055.6000,4055.8000,1,5,5,2,5,1,1,2,4,1
SF,IF2006,2020-02-19 11:07:10.900,4052.8000,23821,0,4390827300.000,0,-,-,-,-,4052.4000,4052.2000,4052.0000,4051.2000,4051.0000,4053.6000,4054.0000,4054.8000,4055.6000,4055.8000,5,5,2,1,1,1,1,2,4,1
SF,IF2006,2020-02-19 11:07:11.400,4053.6000,23821,0,4392043380.000,1,0,1,多换,S,4052.4000,4052.2000,4052.0000,4051.2000,4051.0000,4054.0000,4054.8000,4055.6000,4055.8000,4056.2000,5,5,2,1,1,1,2,4,1,5
SF,IF2006,2020-02-19 11:07:11.900,4053.6000,23821,0,4392043380.000,0,-,-,-,-,4052.2000,4052.0000,4051.2000,4051.0000,4049.2000,4052.4000,4053.8000,4054.0000,4054.8000,4055.6000,5,2,1,1,1,1,1,1,2,4
SF,IF2006,2020-02-19 11:07:12.400,4052.4000,23821,0,4393259100.000,1,0,1,多换,S,4052.4000,4052.2000,4052.0000,4051.2000,4051.0000,4054.0000,4054.8000,4055.6000,4055.8000,4056.2000,5,5,2,1,1,1,2,4,1,5
SF,IF2006,2020-02-19 11:07:12.900,4052.4000,23821,0,4393259100.000,0,-,-,-,-,4052.4000,4052.2000,4052.0000,4051.2000,4051.0000,4053.4000,4053.8000,4054.0000,4054.8000,4055.6000,5,5,2,1,1,1,1,1,2,4
SF,IF2006,2020-02-19 11:07:13.400,4052.4000,23824,3,4396906260.000,3,3,0,双开,S,4051.2000,4049.2000,4047.2000,4043.0000,4042.8000,4053.0000,4054.0000,4054.8000,4055.6000,4055.8000,1,1,1,7,8,1,1,2,4,1
SF,IF2006,2020-02-19 11:07:13.900,4052.4000,23824,0,4396906260.000,0,-,-,-,-,4051.4000,4049.2000,4047.2000,4043.0000,4042.8000,4052.0000,4052.8000,4053.0000,4054.0000,4054.8000,1,1,1,7,8,1,6,1,1,2
SF,IF2006,2020-02-19 11:07:14.400,4052.0000,23823,-1,4399337280.000,2,0,2,多平,S,4051.4000,4049.2000,4047.2000,4043.0000,4042.8000,4053.0000,4054.0000,4054.8000,4055.6000,4055.8000,1,1,1,7,8,1,1,2,4,1
SF,IF2006,2020-02-19 11:07:14.900,4052.0000,23823,0,4399337280.000,0,-,-,-,-,4051.4000,4050.0000,4049.2000,4047.2000,4043.0000,4052.6000,4053.0000,4054.0000,4054.8000,4055.6000,1,1,1,1,7,1,1,1,2,4
SF,IF2006,2020-02-19 11:07:15.400,4052.0000,23823,0,4399337280.000,0,-,-,-,-,4051.4000,4050.0000,4049.2000,4047.2000,4043.0000,4052.6000,4054.0000,4054.8000,4055.6000,4055.8000,1,1,1,1,7,1,1,2,4,1
SF,IF2006,2020-02-19 11:07:15.900,4052.0000,23823,0,4399337280.000,0,-,-,-,-,4051.4000,4050.0000,4049.2000,4047.2000,4043.0000,4052.6000,4054.0000,4054.8000,4055.6000,4055.8000,1,1,1,1,7,1,1,2,4,1
SF,IF2006,2020-02-19 11:07:16.400,4052.0000,23823,0,4399337280.000,0,-,-,-,-,4051.6000,4051.4000,4050.0000,4049.2000,4047.2000,4052.6000,4054.0000,4054.8000,4055.6000,4055.8000,1,1,1,1,1,1,1,2,4,1
SF,IF2006,2020-02-19 11:07:16.900,4052.6000,23823,0,4400553060.000,1,0,1,多换,S,4052.6000,4051.6000,4051.4000,4050.0000,4049.2000,4054.0000,4054.8000,4055.6000,4055.8000,4056.2000,2,1,1,1,1,1,2,4,1,5
SF,IF2006,2020-02-19 11:07:17.400,4052.6000,23823,0,4400553060.000,0,-,-,-,-,4052.6000,4051.4000,4050.0000,4049.2000,4047.2000,4053.6000,4053.8000,4054.0000,4054.8000,4055.6000,2,1,1,1,1,1,1,1,2,4
SF,IF2006,2020-02-19 11:07:18.900,4052.6000,23823,0,4400553060.000,0,-,-,-,-,4052.6000,4051.4000,4050.0000,4049.2000,4047.2000,4053.8000,4054.0000,4054.8000,4055.6000,4055.8000,2,1,1,1,1,1,1,2,4,1
SF,IF2006,2020-02-19 11:07:19.400,4052.6000,23823,0,4400553060.000,0,-,-,-,-,4052.6000,4051.4000,4050.0000,4047.2000,4043.0000,4053.8000,4054.0000,4054.8000,4055.6000,4055.8000,2,1,1,1,7,1,1,2,4,1
SF,IF2006,2020-02-19 11:07:19.900,4052.6000,23823,0,4400553060.000,0,-,-,-,-,4051.4000,4050.0000,4047.2000,4043.0000,4042.8000,4053.8000,4054.0000,4054.8000,4055.6000,4055.8000,1,1,1,7,8,1,1,2,4,1
SF,IF2006,2020-02-19 11:07:20.400,4052.6000,23823,0,4400553060.000,0,-,-,-,-,4051.6000,4051.4000,4050.0000,4047.2000,4043.0000,4053.6000,4053.8000,4054.0000,4054.8000,4055.6000,1,1,1,1,7,1,1,1,2,4
SF,IF2006,2020-02-19 11:07:20.900,4052.6000,23823,0,4400553060.000,0,-,-,-,-,4051.6000,4051.4000,4050.0000,4047.2000,4043.0000,4053.4000,4053.6000,4054.0000,4054.8000,4055.6000,1,1,1,1,7,1,1,1,2,4
SF,IF2006,2020-02-19 11:07:21.400,4052.6000,23823,0,4400553060.000,0,-,-,-,-,4051.8000,4051.6000,4051.4000,4050.0000,4047.2000,4053.4000,4053.6000,4054.0000,4054.8000,4055.6000,1,1,1,1,1,1,1,1,2,4
SF,IF2006,2020-02-19 11:07:25.900,4052.6000,23823,0,4400553060.000,0,-,-,-,-,4051.8000,4051.6000,4051.4000,4050.0000,4047.2000,4053.4000,4053.6000,4054.0000,4054.8000,4055.6000,2,1,1,1,1,1,1,1,2,4
SF,IF2006,2020-02-19 11:07:27.400,4052.6000,23823,0,4400553060.000,0,-,-,-,-,4051.8000,4051.6000,4051.4000,4050.0000,4047.2000,4053.4000,4054.0000,4054.8000,4055.2000,4055.6000,2,1,1,1,1,1,1,2,1,4
SF,IF2006,2020-02-19 11:07:27.900,4052.6000,23823,0,4400553060.000,0,-,-,-,-,4051.8000,4051.6000,4051.4000,4050.0000,4047.2000,4053.2000,4053.4000,4054.0000,4054.8000,4055.2000,2,1,1,1,1,1,1,1,2,1
SF,IF2006,2020-02-19 11:07:28.900,4052.6000,23823,0,4400553060.000,0,-,-,-,-,4051.8000,4051.6000,4051.4000,4050.0000,4047.2000,4053.4000,4054.0000,4054.8000,4055.2000,4055.6000,2,1,1,1,1,1,1,2,1,4
SF,IF2006,2020-02-19 11:07:30.400,4052.6000,23823,0,4400553060.000,0,-,-,-,-,4052.0000,4051.8000,4051.4000,4050.0000,4047.2000,4054.0000,4054.8000,4055.2000,4055.6000,4055.8000,2,2,1,1,1,1,2,1,4,1
SF,IF2006,2020-02-19 11:07:30.900,4052.6000,23823,0,4400553060.000,0,-,-,-,-,4052.0000,4051.8000,4051.4000,4050.0000,4047.2000,4053.8000,4054.0000,4054.8000,4055.2000,4055.6000,2,2,1,1,1,1,1,2,1,4
SF,IF2006,2020-02-19 11:07:32.400,4052.6000,23823,0,4400553060.000,0,-,-,-,-,4052.2000,4052.0000,4051.8000,4051.4000,4050.0000,4053.8000,4054.0000,4054.8000,4055.2000,4055.6000,2,2,1,1,1,1,1,2,1,4
SF,IF2006,2020-02-19 11:07:33.900,4052.6000,23823,0,4400553060.000,0,-,-,-,-,4052.4000,4052.2000,4052.0000,4051.8000,4051.4000,4053.8000,4054.0000,4054.8000,4055.2000,4055.6000,2,1,2,1,1,1,1,2,1,4
SF,IF2006,2020-02-19 11:07:34.900,4052.6000,23823,0,4400553060.000,0,-,-,-,-,4052.4000,4052.0000,4051.8000,4051.4000,4050.0000,4053.8000,4054.0000,4054.8000,4055.2000,4055.6000,2,2,1,1,1,1,1,2,1,4
SF,IF2006,2020-02-19 11:07:36.400,4052.6000,23823,0,4400553060.000,0,-,-,-,-,4052.4000,4052.0000,4051.8000,4051.4000,4050.0000,4053.8000,4054.0000,4054.8000,4055.2000,4055.6000,2,1,1,1,1,1,1,2,1,4
SF,IF2006,2020-02-19 11:07:37.400,4052.6000,23823,0,4400553060.000,0,-,-,-,-,4052.4000,4052.0000,4051.8000,4051.4000,4050.0000,4054.0000,4054.8000,4055.2000,4055.6000,4055.8000,2,1,1,1,2,1,2,1,4,1
SF,IF2006,2020-02-19 11:07:38.900,4052.6000,23823,0,4400553060.000,0,-,-,-,-,4052.6000,4052.4000,4052.0000,4051.8000,4051.4000,4054.0000,4054.8000,4055.2000,4055.6000,4055.8000,1,2,1,1,1,1,2,1,4,1
SF,IF2006,2020-02-19 11:07:40.400,4052.6000,23823,0,4400553060.000,0,-,-,-,-,4052.8000,4052.6000,4052.0000,4051.8000,4051.4000,4054.0000,4054.8000,4055.2000,4055.6000,4055.8000,2,1,1,1,1,1,2,1,4,1
SF,IF2006,2020-02-19 11:07:41.400,4052.6000,23823,0,4400553060.000,0,-,-,-,-,4052.8000,4052.6000,4052.0000,4051.4000,4051.0000,4054.0000,4054.8000,4055.2000,4055.6000,4055.8000,2,1,1,1,1,1,2,1,4,1
SF,IF2006,2020-02-19 11:07:42.400,4052.6000,23823,0,4400553060.000,0,-,-,-,-,4052.8000,4052.0000,4051.4000,4051.0000,4050.0000,4054.0000,4054.8000,4055.2000,4055.6000,4055.8000,2,1,1,1,2,1,2,1,4,1
SF,IF2006,2020-02-19 11:07:43.900,4052.6000,23823,0,4400553060.000,0,-,-,-,-,4052.8000,4052.0000,4051.4000,4051.0000,4050.0000,4053.8000,4054.0000,4054.8000,4055.2000,4055.6000,2,1,1,1,2,1,1,2,1,4
SF,IF2006,2020-02-19 11:07:44.400,4052.6000,23823,0,4400553060.000,0,-,-,-,-,4052.0000,4051.4000,4051.0000,4050.0000,4047.2000,4053.8000,4054.0000,4054.8000,4055.2000,4055.6000,3,1,1,2,1,1,1,2,1,4
SF,IF2006,2020-02-19 11:07:44.900,4052.6000,23823,0,4400553060.000,0,-,-,-,-,4052.0000,4051.4000,4051.0000,4050.0000,4047.2000,4053.6000,4053.8000,4054.0000,4054.8000,4055.2000,3,1,1,2,1,2,1,1,2,1
SF,IF2006,2020-02-19 11:07:45.900,4052.6000,23823,0,4400553060.000,0,-,-,-,-,4052.2000,4052.0000,4051.4000,4051.0000,4050.0000,4053.6000,4053.8000,4054.0000,4054.8000,4055.2000,1,3,1,1,2,2,1,1,2,1
SF,IF2006,2020-02-19 11:07:46.400,4052.6000,23823,0,4400553060.000,0,-,-,-,-,4052.2000,4052.0000,4051.4000,4051.0000,4050.0000,4053.8000,4054.0000,4054.8000,4055.2000,4055.6000,1,3,1,1,2,1,1,2,1,4
SF,IF2006,2020-02-19 11:07:47.900,4052.6000,23823,0,4400553060.000,0,-,-,-,-,4052.4000,4052.2000,4052.0000,4051.4000,4051.0000,4053.8000,4054.0000,4054.8000,4055.2000,4055.6000,2,1,3,1,1,1,1,2,1,4
SF,IF2006,2020-02-19 11:07:48.900,4052.6000,23823,0,4400553060.000,0,-,-,-,-,4052.2000,4052.0000,4051.4000,4051.0000,4050.0000,4053.8000,4054.0000,4054.8000,4055.2000,4055.6000,1,3,1,1,2,1,1,2,1,4
SF,IF2006,2020-02-19 11:07:49.400,4052.6000,23823,0,4400553060.000,0,-,-,-,-,4052.2000,4052.0000,4051.4000,4051.0000,4050.0000,4053.6000,4053.8000,4054.0000,4054.8000,4055.2000,1,3,1,1,2,2,1,1,2,1
SF,IF2006,2020-02-19 11:07:50.400,4052.6000,23823,0,4400553060.000,0,-,-,-,-,4052.0000,4051.4000,4051.0000,4050.0000,4047.2000,4053.6000,4053.8000,4054.0000,4054.8000,4055.2000,3,1,1,2,1,2,1,1,2,1
SF,IF2006,2020-02-19 11:07:50.900,4052.6000,23823,0,4400553060.000,0,-,-,-,-,4052.2000,4052.0000,4051.4000,4051.0000,4050.0000,4053.8000,4054.0000,4054.8000,4055.2000,4055.6000,1,3,1,1,2,1,1,2,1,4
SF,IF2006,2020-02-19 11:07:51.900,4052.6000,23823,0,4400553060.000,0,-,-,-,-,4052.4000,4052.2000,4052.0000,4051.4000,4051.0000,4053.8000,4054.0000,4054.8000,4055.2000,4055.6000,2,1,3,1,1,1,1,2,1,4
SF,IF2006,2020-02-19 11:07:54.400,4052.6000,23823,0,4400553060.000,0,-,-,-,-,4052.6000,4052.4000,4052.2000,4052.0000,4051.4000,4053.8000,4054.0000,4054.8000,4055.2000,4055.6000,1,2,1,3,1,1,1,2,1,4
SF,IF2006,2020-02-19 11:07:54.900,4052.6000,23823,0,4400553060.000,0,-,-,-,-,4052.6000,4052.4000,4052.2000,4052.0000,4051.4000,4054.0000,4054.8000,4055.2000,4055.6000,4055.8000,1,2,1,3,1,1,2,1,4,2
SF,IF2006,2020-02-19 11:07:55.400,4052.6000,23823,0,4400553060.000,0,-,-,-,-,4052.8000,4052.6000,4052.4000,4052.2000,4052.0000,4054.0000,4054.8000,4055.2000,4055.6000,4055.8000,1,1,2,1,3,1,2,1,4,2
SF,IF2006,2020-02-19 11:07:56.400,4052.8000,23822,-1,4401768900.000,1,0,1,双平,S,4052.6000,4052.4000,4052.2000,4052.0000,4051.4000,4052.8000,4054.0000,4054.8000,4055.2000,4055.6000,1,2,1,3,1,1,1,2,1,4
SF,IF2006,2020-02-19 11:07:56.900,4052.8000,23821,-1,4402984740.000,1,0,1,双平,S,4052.8000,4052.6000,4052.4000,4052.2000,4052.0000,4054.0000,4054.8000,4055.2000,4055.6000,4055.8000,1,1,2,1,3,1,2,1,4,2
SF,IF2006,2020-02-19 11:07:58.400,4052.8000,23821,0,4402984740.000,0,-,-,-,-,4053.0000,4052.8000,4052.6000,4052.2000,4052.0000,4054.0000,4054.8000,4055.2000,4055.6000,4055.8000,2,1,1,1,3,1,2,1,4,2
SF,IF2006,2020-02-19 11:07:59.900,4052.8000,23821,0,4402984740.000,0,-,-,-,-,4053.0000,4052.8000,4052.2000,4052.0000,4051.4000,4053.8000,4054.0000,4054.8000,4055.2000,4055.6000,2,1,1,3,1,1,1,2,1,4
SF,IF2006,2020-02-19 11:08:00.900,4052.8000,23821,0,4402984740.000,0,-,-,-,-,4052.8000,4052.2000,4052.0000,4051.4000,4051.0000,4053.8000,4054.0000,4054.8000,4055.2000,4055.6000,1,1,3,1,1,1,1,2,1,4
SF,IF2006,2020-02-19 11:08:03.400,4052.8000,23821,0,4402984740.000,0,-,-,-,-,4052.2000,4052.0000,4051.4000,4051.0000,4050.0000,4053.8000,4054.0000,4054.8000,4055.2000,4055.6000,1,3,1,1,2,1,1,2,1,4
SF,IF2006,2020-02-19 11:08:03.900,4052.8000,23821,0,4402984740.000,0,-,-,-,-,4052.2000,4052.0000,4051.4000,4051.0000,4050.0000,4053.8000,4054.0000,4054.8000,4055.2000,4055.6000,2,3,1,1,2,1,1,2,1,4
SF,IF2006,2020-02-19 11:08:04.900,4052.8000,23821,0,4402984740.000,0,-,-,-,-,4052.4000,4052.2000,4052.0000,4051.4000,4051.0000,4053.8000,4054.0000,4054.8000,4055.2000,4055.6000,1,2,3,1,1,1,1,2,1,4
SF,IF2006,2020-02-19 11:08:10.400,4052.8000,23821,0,4402984740.000,0,-,-,-,-,4052.4000,4052.2000,4052.0000,4051.4000,4051.0000,4053.8000,4054.0000,4054.8000,4055.2000,4055.6000,1,2,3,1,1,1,1,2,1,4
SF,IF2006,2020-02-19 11:08:10.900,4052.6000,23820,-1,4404200520.000,1,0,1,双平,S,4052.4000,4052.2000,4052.0000,4051.4000,4051.0000,4053.8000,4054.0000,4054.8000,4055.2000,4055.6000,1,1,3,1,1,1,1,2,1,4
SF,IF2006,2020-02-19 11:08:11.400,4052.6000,23820,0,4404200520.000,0,-,-,-,-,4052.6000,4052.4000,4052.2000,4052.0000,4051.4000,4053.8000,4054.0000,4054.8000,4055.2000,4055.6000,2,1,1,3,1,1,1,2,1,4
SF,IF2006,2020-02-19 11:08:11.900,4052.6000,23820,0,4404200520.000,0,-,-,-,-,4052.6000,4052.4000,4052.2000,4052.0000,4051.4000,4054.0000,4054.8000,4055.2000,4055.6000,4055.8000,2,1,1,3,1,1,2,1,4,2
SF,IF2006,2020-02-19 11:08:12.400,4052.6000,23820,0,4404200520.000,0,-,-,-,-,4052.8000,4052.6000,4052.2000,4052.0000,4051.4000,4054.0000,4054.8000,4055.2000,4055.6000,4055.8000,1,2,1,3,1,1,2,1,4,2
SF,IF2006,2020-02-19 11:08:15.400,4052.6000,23820,0,4404200520.000,0,-,-,-,-,4052.8000,4052.6000,4052.2000,4052.0000,4051.4000,4054.0000,4054.8000,4055.2000,4055.6000,4055.8000,1,1,1,3,1,1,2,1,4,2
SF,IF2006,2020-02-19 11:08:15.900,4052.6000,23820,0,4404200520.000,0,-,-,-,-,4052.8000,4052.2000,4052.0000,4051.4000,4051.0000,4054.0000,4054.8000,4055.2000,4055.6000,4055.8000,1,1,3,1,1,1,2,1,4,2
SF,IF2006,2020-02-19 11:08:16.400,4052.6000,23820,0,4404200520.000,0,-,-,-,-,4052.8000,4052.2000,4052.0000,4051.4000,4051.0000,4053.8000,4054.0000,4054.8000,4055.2000,4055.6000,2,1,3,1,1,2,1,2,1,4
SF,IF2006,2020-02-19 11:08:16.900,4052.6000,23820,0,4404200520.000,0,-,-,-,-,4052.8000,4052.2000,4052.0000,4051.4000,4051.0000,4053.8000,4054.0000,4054.8000,4055.2000,4055.6000,2,1,3,1,1,2,1,2,1,4
SF,IF2006,2020-02-19 11:08:17.900,4052.6000,23820,0,4404200520.000,0,-,-,-,-,4053.0000,4052.8000,4052.2000,4052.0000,4051.4000,4053.8000,4054.0000,4054.8000,4055.2000,4055.6000,1,2,1,3,1,2,1,2,1,4
SF,IF2006,2020-02-19 11:08:19.400,4052.6000,23820,0,4404200520.000,0,-,-,-,-,4053.0000,4052.8000,4052.2000,4052.0000,4051.4000,4053.8000,4054.0000,4054.8000,4055.2000,4055.6000,1,2,1,3,1,1,1,2,1,4
SF,IF2006,2020-02-19 11:08:20.900,4052.6000,23820,0,4404200520.000,0,-,-,-,-,4053.2000,4053.0000,4052.8000,4052.2000,4052.0000,4054.0000,4054.8000,4055.2000,4055.6000,4055.8000,6,1,1,1,3,1,2,1,4,2
SF,IF2006,2020-02-19 11:08:21.400,4052.6000,23820,0,4404200520.000,0,-,-,-,-,4053.2000,4053.0000,4052.8000,4052.2000,4052.0000,4054.0000,4054.8000,4055.2000,4055.6000,4055.8000,1,1,1,1,3,1,2,1,4,2
SF,IF2006,2020-02-19 11:08:21.900,4053.0000,23820,0,4405416420.000,1,0,1,多换,S,4053.0000,4052.8000,4052.2000,4052.0000,4051.4000,4054.0000,4054.8000,4055.2000,4055.6000,4055.8000,1,1,1,3,1,1,2,1,4,2
SF,IF2006,2020-02-19 11:08:22.400,4053.0000,23820,0,4405416420.000,0,-,-,-,-,4053.2000,4053.0000,4052.2000,4052.0000,4051.4000,4054.0000,4054.8000,4055.2000,4055.6000,4055.8000,3,1,1,3,1,1,2,1,4,2
SF,IF2006,2020-02-19 11:08:22.900,4053.0000,23820,0,4405416420.000,0,-,-,-,-,4053.0000,4052.2000,4052.0000,4051.4000,4051.0000,4054.0000,4054.8000,4055.2000,4055.6000,4055.8000,1,1,3,1,1,1,2,1,4,2
SF,IF2006,2020-02-19 11:08:24.900,4053.0000,23820,0,4405416420.000,0,-,-,-,-,4053.2000,4053.0000,4052.2000,4052.0000,4051.4000,4054.0000,4054.8000,4055.2000,4055.6000,4055.8000,1,1,1,3,1,1,2,1,4,2
SF,IF2006,2020-02-19 11:08:25.400,4053.0000,23820,0,4405416420.000,0,-,-,-,-,4053.2000,4053.0000,4052.2000,4052.0000,4051.4000,4053.4000,4054.0000,4054.8000,4055.2000,4055.6000,1,1,1,3,1,1,1,2,1,4
SF,IF2006,2020-02-19 11:08:25.900,4053.4000,23820,0,4406632440.000,1,0,1,多换,S,4053.2000,4053.0000,4052.2000,4052.0000,4051.4000,4054.0000,4054.8000,4055.2000,4055.6000,4055.8000,1,1,1,3,1,1,2,1,4,2
SF,IF2006,2020-02-19 11:08:26.400,4053.4000,23820,0,4406632440.000,0,-,-,-,-,4053.0000,4052.2000,4052.0000,4051.4000,4051.0000,4054.0000,4054.8000,4055.2000,4055.6000,4055.8000,1,1,3,1,1,1,2,1,4,2
SF,IF2006,2020-02-19 11:08:26.900,4053.4000,23820,0,4406632440.000,0,-,-,-,-,4053.0000,4052.2000,4052.0000,4051.4000,4051.0000,4053.8000,4054.0000,4054.8000,4055.2000,4055.6000,1,1,3,1,1,1,1,2,1,4
SF,IF2006,2020-02-19 11:08:27.400,4053.4000,23820,0,4406632440.000,0,-,-,-,-,4053.2000,4053.0000,4052.2000,4052.0000,4051.4000,4053.8000,4054.0000,4054.8000,4055.2000,4055.6000,1,1,1,3,1,1,1,2,1,4
SF,IF2006,2020-02-19 11:08:28.400,4053.4000,23820,0,4406632440.000,0,-,-,-,-,4053.6000,4053.2000,4053.0000,4052.2000,4052.0000,4053.8000,4054.0000,4054.8000,4055.2000,4055.6000,2,1,1,1,3,1,1,2,1,4
SF,IF2006,2020-02-19 11:08:28.900,4053.8000,23820,0,4407848580.000,1,0,1,多换,S,4053.6000,4053.2000,4053.0000,4052.2000,4052.0000,4054.0000,4054.8000,4055.2000,4055.6000,4055.8000,2,1,1,1,3,1,2,1,4,2
SF,IF2006,2020-02-19 11:08:29.400,4053.8000,23820,0,4407848580.000,0,-,-,-,-,4053.6000,4053.0000,4052.2000,4052.0000,4051.4000,4054.0000,4054.8000,4055.2000,4055.6000,4055.8000,2,1,1,3,1,1,2,1,4,2
SF,IF2006,2020-02-19 11:08:29.900,4054.0000,23819,-1,4409064780.000,1,0,1,双平,S,4053.6000,4053.0000,4052.2000,4052.0000,4051.4000,4054.8000,4055.2000,4055.6000,4055.8000,4056.2000,2,1,1,3,1,2,1,4,2,5
SF,IF2006,2020-02-19 11:08:30.400,4054.0000,23819,0,4409064780.000,0,-,-,-,-,4053.6000,4053.0000,4052.2000,4052.0000,4051.4000,4054.6000,4054.8000,4055.2000,4055.6000,4055.8000,2,1,1,3,1,2,2,1,4,2
SF,IF2006,2020-02-19 11:08:31.900,4054.0000,23819,0,4409064780.000,0,-,-,-,-,4053.6000,4052.2000,4052.0000,4051.4000,4051.0000,4054.6000,4054.8000,4055.2000,4055.6000,4055.8000,2,1,3,1,1,2,2,1,4,2
SF,IF2006,2020-02-19 11:08:33.900,4054.0000,23819,0,4409064780.000,0,-,-,-,-,4053.6000,4052.2000,4052.0000,4051.4000,4051.0000,4054.6000,4054.8000,4055.2000,4055.6000,4055.8000,2,1,3,1,1,2,2,1,4,2
SF,IF2006,2020-02-19 11:08:38.900,4054.0000,23819,0,4409064780.000,0,-,-,-,-,4053.6000,4052.2000,4052.0000,4051.4000,4051.0000,4054.6000,4054.8000,4055.2000,4055.6000,4055.8000,2,1,3,1,1,2,2,1,4,2
SF,IF2006,2020-02-19 11:08:39.400,4054.0000,23819,0,4409064780.000,0,-,-,-,-,4053.6000,4052.2000,4052.0000,4051.4000,4051.0000,4054.6000,4054.8000,4055.2000,4055.6000,4055.8000,2,1,3,1,1,2,2,1,4,2
SF,IF2006,2020-02-19 11:08:39.900,4054.0000,23819,0,4409064780.000,0,-,-,-,-,4053.6000,4052.2000,4052.0000,4051.4000,4051.0000,4054.6000,4054.8000,4055.2000,4055.6000,4055.8000,2,1,3,1,1,1,2,1,4,2
SF,IF2006,2020-02-19 11:08:42.400,4054.0000,23819,0,4409064780.000,0,-,-,-,-,4053.6000,4052.2000,4052.0000,4051.4000,4051.0000,4054.6000,4054.8000,4055.2000,4055.6000,4055.8000,2,1,3,1,1,1,2,1,4,2
SF,IF2006,2020-02-19 11:08:44.400,4054.0000,23819,0,4409064780.000,0,-,-,-,-,4052.2000,4052.0000,4051.4000,4051.0000,4050.0000,4054.6000,4054.8000,4055.2000,4055.6000,4055.8000,1,3,1,1,2,1,2,1,4,2
SF,IF2006,2020-02-19 11:08:44.900,4054.0000,23819,0,4409064780.000,0,-,-,-,-,4053.0000,4052.6000,4052.4000,4052.2000,4052.0000,4054.6000,4054.8000,4055.2000,4055.6000,4055.8000,6,1,1,2,3,1,2,1,4,2
SF,IF2006,2020-02-19 11:08:45.400,4054.0000,23819,0,4409064780.000,0,-,-,-,-,4053.0000,4052.4000,4052.2000,4052.0000,4051.4000,4054.4000,4054.6000,4054.8000,4055.2000,4055.6000,6,1,2,3,1,1,1,2,1,4
SF,IF2006,2020-02-19 11:08:45.900,4054.0000,23819,0,4409064780.000,0,-,-,-,-,4053.2000,4053.0000,4052.4000,4052.2000,4052.0000,4054.4000,4054.6000,4054.8000,4055.2000,4055.6000,1,1,1,2,3,1,1,2,1,4
SF,IF2006,2020-02-19 11:08:46.400,4054.0000,23819,0,4409064780.000,0,-,-,-,-,4053.2000,4052.4000,4052.2000,4052.0000,4051.4000,4054.2000,4054.4000,4054.8000,4055.2000,4055.6000,1,1,2,3,1,1,1,2,1,4
SF,IF2006,2020-02-19 11:08:46.900,4054.0000,23819,0,4409064780.000,0,-,-,-,-,4053.2000,4052.4000,4052.2000,4052.0000,4051.4000,4054.2000,4054.4000,4054.8000,4055.2000,4055.6000,1,1,2,3,1,1,1,2,1,4
SF,IF2006,2020-02-19 11:08:47.400,4054.0000,23819,0,4409064780.000,0,-,-,-,-,4052.4000,4052.2000,4052.0000,4051.4000,4051.0000,4054.2000,4054.4000,4054.8000,4055.2000,4055.6000,1,2,3,1,1,1,1,2,1,4
SF,IF2006,2020-02-19 11:08:47.900,4054.0000,23819,0,4409064780.000,0,-,-,-,-,4053.0000,4052.8000,4052.6000,4052.2000,4052.0000,4054.2000,4054.4000,4054.8000,4055.2000,4055.6000,1,6,3,2,3,1,1,2,1,4
SF,IF2006,2020-02-19 11:08:48.400,4054.0000,23819,0,4409064780.000,0,-,-,-,-,4053.4000,4053.0000,4052.8000,4052.6000,4052.2000,4054.2000,4054.4000,4054.8000,4055.2000,4055.6000,2,1,6,3,2,1,1,2,1,4
SF,IF2006,2020-02-19 11:08:48.900,4054.0000,23819,0,4409064780.000,0,-,-,-,-,4053.4000,4053.0000,4052.8000,4052.6000,4052.2000,4054.2000,4054.4000,4054.8000,4055.2000,4055.6000,2,1,6,2,2,1,1,2,1,4
SF,IF2006,2020-02-19 11:08:50.900,4054.0000,23819,0,4409064780.000,0,-,-,-,-,4053.0000,4052.8000,4052.6000,4052.2000,4052.0000,4054.2000,4054.4000,4054.8000,4055.2000,4055.6000,1,6,2,2,3,1,1,2,1,4
SF,IF2006,2020-02-19 11:08:52.400,4054.0000,23819,0,4409064780.000,0,-,-,-,-,4053.4000,4053.0000,4052.8000,4052.6000,4052.2000,4054.2000,4054.4000,4054.8000,4055.2000,4055.6000,2,1,6,2,2,1,1,2,1,4
SF,IF2006,2020-02-19 11:08:52.900,4053.4000,23819,0,4410280800.000,1,0,1,多换,S,4053.4000,4053.0000,4052.8000,4052.6000,4052.2000,4054.2000,4054.4000,4054.8000,4055.2000,4055.6000,1,1,6,2,2,1,1,2,1,4
SF,IF2006,2020-02-19 11:08:53.400,4053.4000,23819,0,4410280800.000,0,-,-,-,-,4053.0000,4052.8000,4052.6000,4052.2000,4052.0000,4054.2000,4054.4000,4054.8000,4055.2000,4055.6000,1,6,2,2,3,1,1,2,1,4
SF,IF2006,2020-02-19 11:08:53.900,4053.4000,23819,0,4410280800.000,0,-,-,-,-,4053.0000,4052.8000,4052.6000,4052.2000,4052.0000,4054.2000,4054.4000,4054.8000,4055.2000,4055.6000,1,1,2,2,3,1,1,2,1,4
SF,IF2006,2020-02-19 11:08:54.400,4053.4000,23819,0,4410280800.000,0,-,-,-,-,4053.0000,4052.6000,4052.2000,4052.0000,4051.4000,4054.2000,4054.4000,4054.8000,4055.2000,4055.6000,1,2,1,3,1,1,1,2,1,4
SF,IF2006,2020-02-19 11:08:54.900,4053.4000,23819,0,4410280800.000,0,-,-,-,-,4052.6000,4052.2000,4052.0000,4051.4000,4051.0000,4054.2000,4054.4000,4054.8000,4055.2000,4055.6000,2,1,3,1,1,1,1,2,1,4
SF,IF2006,2020-02-19 11:08:55.400,4053.4000,23819,0,4410280800.000,0,-,-,-,-,4053.0000,4052.6000,4052.2000,4052.0000,4051.4000,4054.2000,4054.4000,4054.8000,4055.2000,4055.6000,1,2,1,3,1,1,1,2,1,4
SF,IF2006,2020-02-19 11:08:56.400,4053.4000,23819,0,4410280800.000,0,-,-,-,-,4053.0000,4052.6000,4052.2000,4052.0000,4051.4000,4054.2000,4054.4000,4054.8000,4055.2000,4055.6000,1,1,1,3,1,1,1,2,1,4
SF,IF2006,2020-02-19 11:08:58.900,4053.4000,23819,0,4410280800.000,0,-,-,-,-,4053.0000,4052.6000,4052.2000,4052.0000,4051.4000,4054.2000,4054.4000,4054.8000,4055.2000,4055.6000,1,1,1,3,1,1,1,2,1,4
SF,IF2006,2020-02-19 11:08:59.400,4053.4000,23819,0,4410280800.000,0,-,-,-,-,4053.0000,4052.2000,4052.0000,4051.4000,4051.0000,4054.2000,4054.4000,4054.8000,4055.2000,4055.6000,1,1,3,1,1,1,1,2,1,4
SF,IF2006,2020-02-19 11:09:00.400,4053.4000,23819,0,4410280800.000,0,-,-,-,-,4053.0000,4052.6000,4052.2000,4052.0000,4051.4000,4054.2000,4054.4000,4054.8000,4055.2000,4055.6000,1,1,1,3,1,1,1,2,1,4
SF,IF2006,2020-02-19 11:09:02.900,4053.4000,23819,0,4410280800.000,0,-,-,-,-,4053.0000,4052.6000,4052.2000,4052.0000,4051.4000,4054.2000,4054.4000,4054.8000,4055.2000,4055.6000,1,2,1,3,1,1,1,2,1,4
SF,IF2006,2020-02-19 11:09:03.900,4053.0000,23817,-2,4412712660.000,2,0,2,双平,S,4053.0000,4052.6000,4052.2000,4052.0000,4051.4000,4054.4000,4054.8000,4055.2000,4055.6000,4055.8000,1,2,1,3,1,1,2,1,4,1
SF,IF2006,2020-02-19 11:09:05.900,4054.4000,23817,0,4413928980.000,1,0,1,多换,S,4053.0000,4052.6000,4052.2000,4052.0000,4051.4000,4054.8000,4055.2000,4055.6000,4055.8000,4056.2000,1,2,1,3,1,2,1,4,1,5
SF,IF2006,2020-02-19 11:09:06.400,4054.4000,23817,0,4413928980.000,0,-,-,-,-,4053.0000,4052.6000,4052.2000,4052.0000,4051.4000,4054.6000,4054.8000,4055.2000,4055.6000,4055.8000,1,2,1,3,1,2,2,1,4,1
SF,IF2006,2020-02-19 11:09:06.900,4054.4000,23817,0,4413928980.000,0,-,-,-,-,4053.2000,4053.0000,4052.6000,4052.2000,4052.0000,4054.6000,4054.8000,4055.2000,4055.6000,4055.8000,5,1,2,1,3,2,2,1,4,1
SF,IF2006,2020-02-19 11:09:07.900,4054.4000,23817,0,4413928980.000,0,-,-,-,-,4053.4000,4053.2000,4052.6000,4052.2000,4052.0000,4054.6000,4054.8000,4055.2000,4055.6000,4055.8000,5,5,2,1,3,2,2,1,4,1
SF,IF2006,2020-02-19 11:09:08.400,4054.4000,23817,0,4413928980.000,0,-,-,-,-,4053.4000,4053.2000,4052.6000,4052.2000,4052.0000,4054.6000,4054.8000,4055.2000,4055.6000,4055.8000,5,6,2,1,3,2,2,1,4,1
SF,IF2006,2020-02-19 11:09:09.400,4054.4000,23817,0,4413928980.000,0,-,-,-,-,4053.6000,4053.4000,4053.2000,4052.6000,4052.2000,4054.8000,4055.2000,4055.6000,4055.8000,4056.2000,5,6,5,2,1,2,1,4,1,5
SF,IF2006,2020-02-19 11:09:09.900,4054.4000,23817,0,4413928980.000,0,-,-,-,-,4053.8000,4053.6000,4053.4000,4053.2000,4052.6000,4054.8000,4055.2000,4055.6000,4055.8000,4056.2000,3,5,6,5,2,2,1,4,1,5
SF,IF2006,2020-02-19 11:09:10.400,4054.4000,23817,0,4413928980.000,0,-,-,-,-,4053.8000,4053.4000,4053.2000,4052.6000,4052.2000,4054.8000,4055.2000,4055.6000,4055.8000,4056.2000,1,6,5,2,1,2,1,4,1,5
SF,IF2006,2020-02-19 11:09:11.400,4054.4000,23817,0,4413928980.000,0,-,-,-,-,4054.0000,4053.8000,4053.4000,4053.2000,4052.6000,4054.8000,4055.2000,4055.6000,4055.8000,4056.2000,5,1,6,5,2,2,1,4,1,5
SF,IF2006,2020-02-19 11:09:12.400,4054.4000,23817,0,4413928980.000,0,-,-,-,-,4053.8000,4053.4000,4053.2000,4052.6000,4052.2000,4054.8000,4055.2000,4055.6000,4055.8000,4056.2000,1,6,5,2,1,2,1,4,1,5
SF,IF2006,2020-02-19 11:09:12.900,4054.4000,23817,0,4413928980.000,0,-,-,-,-,4054.4000,4053.8000,4053.4000,4053.2000,4052.6000,4054.8000,4055.2000,4055.6000,4055.8000,4056.2000,5,1,5,5,2,2,1,4,1,5
SF,IF2006,2020-02-19 11:09:13.400,4054.8000,23818,1,4416361860.000,2,1,1,空开,S,4054.4000,4053.8000,4053.4000,4052.6000,4052.2000,4055.2000,4055.6000,4055.8000,4056.2000,4057.0000,5,1,5,2,1,1,4,1,5,1
SF,IF2006,2020-02-19 11:09:14.400,4054.8000,23818,0,4416361860.000,0,-,-,-,-,4053.8000,4053.4000,4052.6000,4052.2000,4052.0000,4055.2000,4055.6000,4055.8000,4056.2000,4057.0000,1,5,2,1,1,1,4,1,5,1
SF,IF2006,2020-02-19 11:09:14.900,4054.8000,23818,0,4416361860.000,0,-,-,-,-,4054.0000,4053.8000,4053.4000,4052.6000,4052.2000,4054.4000,4055.2000,4055.6000,4055.8000,4056.2000,5,2,5,2,1,1,1,4,1,5
SF,IF2006,2020-02-19 11:09:15.400,4054.4000,23818,0,4417578180.000,1,0,1,多换,S,4054.8000,4054.4000,4054.2000,4054.0000,4053.8000,4055.2000,4055.6000,4055.8000,4056.2000,4057.0000,5,8,1,5,1,1,4,1,5,1
SF,IF2006,2020-02-19 11:09:15.900,4054.8000,23818,0,4420011060.000,2,1,1,多换,S,4054.4000,4053.8000,4052.6000,4052.2000,4052.0000,4055.0000,4055.2000,4055.6000,4055.8000,4056.2000,2,1,2,1,1,1,1,4,1,5
SF,IF2006,2020-02-19 11:09:16.400,4054.8000,23818,0,4420011060.000,0,-,-,-,-,4053.8000,4052.6000,4052.2000,4052.0000,4051.4000,4055.0000,4055.2000,4055.6000,4055.8000,4056.2000,1,2,1,1,1,1,1,4,1,5
SF,IF2006,2020-02-19 11:09:16.900,4054.8000,23818,0,4420011060.000,0,-,-,-,-,4053.8000,4052.6000,4052.2000,4052.0000,4051.4000,4055.0000,4055.2000,4055.6000,4055.8000,4056.2000,2,2,1,1,1,1,1,4,1,5
SF,IF2006,2020-02-19 11:09:17.400,4054.8000,23818,0,4420011060.000,0,-,-,-,-,4053.8000,4052.6000,4052.2000,4052.0000,4051.4000,4054.8000,4055.0000,4055.2000,4055.6000,4055.8000,1,2,1,1,1,1,1,1,4,1
SF,IF2006,2020-02-19 11:09:18.400,4054.8000,23818,0,4421227500.000,1,0,1,多换,S,4053.8000,4052.6000,4052.2000,4052.0000,4051.4000,4055.0000,4055.2000,4055.6000,4055.8000,4056.2000,1,2,1,1,1,1,1,4,1,5
SF,IF2006,2020-02-19 11:09:19.900,4054.8000,23818,0,4421227500.000,0,-,-,-,-,4053.8000,4052.6000,4052.2000,4052.0000,4051.4000,4055.0000,4055.2000,4055.6000,4055.8000,4056.2000,1,1,1,1,1,1,1,4,1,5
SF,IF2006,2020-02-19 11:09:22.900,4054.8000,23818,0,4421227500.000,0,-,-,-,-,4053.8000,4052.6000,4052.2000,4052.0000,4051.4000,4054.8000,4055.0000,4055.2000,4055.6000,4055.8000,1,1,1,1,1,1,1,1,4,1
SF,IF2006,2020-02-19 11:09:23.900,4054.8000,23818,0,4421227500.000,0,-,-,-,-,4052.6000,4052.2000,4052.0000,4051.4000,4051.0000,4054.8000,4055.0000,4055.2000,4055.6000,4055.8000,1,1,1,1,1,1,1,1,4,1
SF,IF2006,2020-02-19 11:09:24.400,4054.8000,23818,0,4421227500.000,0,-,-,-,-,4053.2000,4053.0000,4052.8000,4052.6000,4052.2000,4054.8000,4055.0000,4055.2000,4055.6000,4055.8000,1,1,2,1,1,1,1,1,4,1
SF,IF2006,2020-02-19 11:09:24.900,4054.8000,23818,0,4421227500.000,0,-,-,-,-,4053.4000,4053.2000,4053.0000,4052.6000,4052.2000,4054.6000,4054.8000,4055.2000,4055.6000,4055.8000,1,1,1,1,1,1,1,1,4,1
SF,IF2006,2020-02-19 11:09:25.400,4054.8000,23818,0,4421227500.000,0,-,-,-,-,4053.8000,4053.2000,4053.0000,4052.6000,4052.2000,4054.6000,4054.8000,4055.2000,4055.6000,4055.8000,1,1,1,1,1,1,1,1,4,1
SF,IF2006,2020-02-19 11:09:26.900,4054.8000,23818,0,4421227500.000,0,-,-,-,-,4053.8000,4053.2000,4052.6000,4052.2000,4052.0000,4054.6000,4054.8000,4055.2000,4055.6000,4055.8000,1,1,1,1,1,1,1,1,4,1
SF,IF2006,2020-02-19 11:09:28.400,4054.8000,23818,0,4421227500.000,0,-,-,-,-,4053.8000,4053.2000,4052.6000,4052.2000,4052.0000,4054.8000,4055.2000,4055.6000,4055.8000,4056.2000,2,1,1,1,1,1,1,4,1,5
SF,IF2006,2020-02-19 11:09:28.900,4054.8000,23818,0,4421227500.000,0,-,-,-,-,4054.0000,4053.8000,4053.2000,4052.6000,4052.2000,4054.8000,4055.2000,4055.6000,4055.8000,4056.2000,1,2,1,1,1,1,1,4,1,5
SF,IF2006,2020-02-19 11:09:29.400,4054.8000,23818,0,4421227500.000,0,-,-,-,-,4053.8000,4053.2000,4052.6000,4052.2000,4052.0000,4054.8000,4055.2000,4055.6000,4055.8000,4056.2000,2,1,1,1,1,1,1,4,1,5
SF,IF2006,2020-02-19 11:09:29.900,4054.8000,23818,0,4421227500.000,0,-,-,-,-,4054.0000,4053.8000,4053.2000,4052.6000,4052.2000,4054.8000,4055.2000,4055.6000,4055.8000,4056.2000,1,1,1,1,1,1,1,4,1,5
SF,IF2006,2020-02-19 11:09:34.400,4054.8000,23818,0,4421227500.000,0,-,-,-,-,4054.0000,4053.8000,4053.2000,4052.6000,4052.2000,4054.8000,4055.2000,4055.6000,4055.8000,4056.2000,2,1,1,1,1,1,1,4,1,5
SF,IF2006,2020-02-19 11:09:37.400,4054.8000,23818,0,4421227500.000,0,-,-,-,-,4054.0000,4053.8000,4053.2000,4052.6000,4052.2000,4054.8000,4055.2000,4055.6000,4055.8000,4056.2000,2,1,2,1,1,1,1,4,1,5
SF,IF2006,2020-02-19 11:09:38.400,4054.8000,23818,0,4421227500.000,0,-,-,-,-,4054.0000,4053.8000,4053.2000,4052.6000,4052.2000,4054.8000,4055.2000,4055.6000,4055.8000,4056.2000,2,1,2,1,1,1,1,4,1,5
SF,IF2006,2020-02-19 11:09:44.900,4054.8000,23818,0,4422443940.000,1,0,1,多换,S,4054.0000,4053.8000,4053.2000,4052.6000,4052.2000,4055.2000,4055.6000,4055.8000,4056.2000,4057.0000,3,1,2,1,1,1,4,1,5,1
SF,IF2006,2020-02-19 11:09:45.900,4054.8000,23818,0,4422443940.000,0,-,-,-,-,4054.4000,4054.2000,4054.0000,4053.8000,4053.2000,4055.2000,4055.6000,4055.8000,4056.2000,4057.0000,5,1,4,1,2,1,4,1,5,1
SF,IF2006,2020-02-19 11:09:46.400,4054.8000,23818,0,4422443940.000,0,-,-,-,-,4054.2000,4054.0000,4053.8000,4053.2000,4052.6000,4055.2000,4055.6000,4055.8000,4056.2000,4057.0000,1,4,1,2,1,1,4,1,5,1
SF,IF2006,2020-02-19 11:09:46.900,4055.2000,23818,0,4423660500.000,1,0,1,多换,S,4054.6000,4054.4000,4054.2000,4054.0000,4053.8000,4055.6000,4055.8000,4056.2000,4057.0000,4057.8000,5,1,1,4,1,4,1,5,1,2
SF,IF2006,2020-02-19 11:09:47.400,4055.2000,23818,0,4423660500.000,0,-,-,-,-,4054.2000,4054.0000,4053.8000,4053.2000,4052.6000,4055.6000,4055.8000,4056.2000,4057.0000,4057.8000,1,4,1,1,1,4,1,5,1,2
SF,IF2006,2020-02-19 11:09:47.900,4055.2000,23818,0,4423660500.000,0,-,-,-,-,4055.0000,4054.8000,4054.4000,4054.2000,4054.0000,4055.6000,4055.8000,4056.2000,4057.0000,4057.8000,5,1,9,2,3,4,1,5,1,2
SF,IF2006,2020-02-19 11:09:48.400,4055.2000,23818,0,4423660500.000,0,-,-,-,-,4054.8000,4054.4000,4054.2000,4054.0000,4053.8000,4055.6000,4055.8000,4056.2000,4057.0000,4057.8000,1,9,2,3,1,4,1,5,1,2
SF,IF2006,2020-02-19 11:09:48.900,4055.2000,23818,0,4423660500.000,0,-,-,-,-,4055.2000,4054.8000,4054.4000,4054.2000,4054.0000,4055.6000,4055.8000,4056.2000,4057.0000,4057.8000,3,2,9,1,3,4,1,5,1,2
SF,IF2006,2020-02-19 11:09:49.400,4055.2000,23818,0,4423660500.000,0,-,-,-,-,4054.8000,4054.4000,4054.0000,4053.8000,4053.2000,4055.6000,4055.8000,4056.2000,4057.0000,4057.8000,2,8,3,1,1,4,1,5,1,2
SF,IF2006,2020-02-19 11:09:49.900,4055.2000,23818,0,4423660500.000,0,-,-,-,-,4055.0000,4054.8000,4054.4000,4054.0000,4053.8000,4055.6000,4055.8000,4056.2000,4057.0000,4057.8000,5,1,8,3,1,4,1,5,1,2
SF,IF2006,2020-02-19 11:09:50.400,4055.2000,23818,0,4423660500.000,0,-,-,-,-,4054.8000,4054.4000,4054.0000,4053.8000,4053.2000,4055.6000,4055.8000,4056.2000,4057.0000,4057.8000,1,8,3,1,1,4,1,5,1,2
SF,IF2006,2020-02-19 11:09:50.900,4055.2000,23818,0,4423660500.000,0,-,-,-,-,4054.8000,4054.4000,4054.0000,4053.8000,4053.2000,4055.6000,4055.8000,4056.2000,4057.0000,4057.8000,1,8,3,1,1,4,1,5,1,2
SF,IF2006,2020-02-19 11:09:51.900,4055.2000,23818,0,4423660500.000,0,-,-,-,-,4055.0000,4054.8000,4054.4000,4054.0000,4053.8000,4055.6000,4055.8000,4056.2000,4057.0000,4057.8000,5,1,8,3,1,4,1,5,1,2
SF,IF2006,2020-02-19 11:09:52.400,4055.2000,23818,0,4423660500.000,0,-,-,-,-,4054.8000,4054.4000,4054.0000,4053.8000,4053.2000,4055.6000,4055.8000,4056.2000,4057.0000,4057.8000,1,6,3,1,1,4,1,5,1,2
SF,IF2006,2020-02-19 11:09:52.900,4055.2000,23818,0,4423660500.000,0,-,-,-,-,4054.8000,4054.4000,4054.0000,4053.8000,4053.2000,4055.6000,4055.8000,4056.2000,4057.0000,4057.8000,1,6,3,1,1,4,1,5,1,2
SF,IF2006,2020-02-19 11:09:55.400,4055.2000,23818,0,4423660500.000,0,-,-,-,-,4054.8000,4054.4000,4054.0000,4053.8000,4053.2000,4055.4000,4055.6000,4055.8000,4056.2000,4057.0000,1,6,3,1,1,1,4,1,5,1
SF,IF2006,2020-02-19 11:09:55.900,4055.4000,23819,1,4424877120.000,1,1,0,双开,S,4055.4000,4054.8000,4054.4000,4054.0000,4053.8000,4055.6000,4055.8000,4056.2000,4057.0000,4057.8000,2,1,6,3,1,4,1,5,1,2
SF,IF2006,2020-02-19 11:09:57.900,4055.4000,23819,0,4424877120.000,0,-,-,-,-,4055.4000,4054.8000,4054.4000,4054.0000,4053.8000,4055.6000,4055.8000,4056.2000,4057.0000,4057.8000,2,1,6,2,1,4,1,5,1,2
SF,IF2006,2020-02-19 11:09:58.400,4055.6000,23821,2,4429743840.000,4,3,1,空开,S,4055.4000,4054.8000,4054.4000,4054.0000,4053.8000,4055.8000,4056.2000,4057.0000,4057.8000,4058.8000,2,1,6,2,1,1,5,1,2,3
SF,IF2006,2020-02-19 11:09:58.900,4055.6000,23821,0,4429743840.000,0,-,-,-,-,4054.8000,4054.4000,4054.0000,4053.8000,4053.2000,4055.8000,4056.2000,4057.0000,4057.8000,4058.8000,1,6,2,1,1,1,5,1,2,3
SF,IF2006,2020-02-19 11:09:59.400,4055.6000,23821,0,4429743840.000,0,-,-,-,-,4055.0000,4054.8000,4054.4000,4054.0000,4053.8000,4055.8000,4056.2000,4057.0000,4057.8000,4058.8000,5,1,6,2,1,1,5,1,2,3
SF,IF2006,2020-02-19 11:09:59.900,4055.6000,23821,0,4429743840.000,0,-,-,-,-,4055.0000,4054.8000,4054.4000,4054.0000,4053.8000,4055.8000,4056.2000,4057.0000,4057.8000,4058.8000,5,1,6,1,1,1,5,1,2,3
SF,IF2006,2020-02-19 11:10:00.400,4055.6000,23821,0,4429743840.000,0,-,-,-,-,4055.6000,4055.0000,4054.8000,4054.4000,4054.0000,4055.8000,4056.2000,4057.0000,4057.8000,4058.8000,1,5,1,6,1,1,5,1,2,3
SF,IF2006,2020-02-19 11:10:00.900,4055.6000,23821,0,4430960520.000,1,0,1,多换,S,4055.0000,4054.8000,4054.4000,4054.0000,4053.8000,4055.8000,4056.2000,4057.0000,4057.8000,4058.8000,5,1,1,1,1,1,5,1,2,3
SF,IF2006,2020-02-19 11:10:02.400,4055.6000,23821,0,4430960520.000,0,-,-,-,-,4055.6000,4055.0000,4054.8000,4054.4000,4054.0000,4055.8000,4056.2000,4057.0000,4057.8000,4058.8000,3,5,1,1,1,1,5,1,2,3
SF,IF2006,2020-02-19 11:10:02.900,4055.6000,23821,0,4430960520.000,0,-,-,-,-,4055.0000,4054.8000,4054.4000,4054.0000,4053.8000,4055.8000,4056.2000,4057.0000,4057.8000,4058.8000,5,1,1,1,1,1,5,1,2,3
SF,IF2006,2020-02-19 11:10:03.400,4055.8000,23822,1,4432177260.000,1,1,0,双开,S,4055.2000,4055.0000,4054.8000,4054.4000,4054.0000,4056.2000,4057.0000,4057.8000,4058.8000,4059.6000,5,5,1,1,1,5,1,2,3,1
SF,IF2006,2020-02-19 11:10:03.900,4055.8000,23822,0,4432177260.000,0,-,-,-,-,4055.0000,4054.8000,4054.4000,4054.0000,4053.8000,4056.0000,4056.2000,4057.0000,4057.8000,4058.8000,5,1,1,1,1,1,5,1,2,3
SF,IF2006,2020-02-19 11:10:04.400,4055.8000,23822,0,4432177260.000,0,-,-,-,-,4055.4000,4055.0000,4054.8000,4054.4000,4054.0000,4056.0000,4056.2000,4057.0000,4057.8000,4058.8000,5,5,1,1,1,1,5,1,2,3
SF,IF2006,2020-02-19 11:10:04.900,4055.8000,23822,0,4432177260.000,0,-,-,-,-,4055.6000,4054.4000,4054.0000,4053.8000,4053.2000,4056.0000,4056.2000,4057.0000,4057.8000,4058.8000,2,1,1,1,1,1,5,1,2,3
SF,IF2006,2020-02-19 11:10:05.400,4055.6000,23824,2,4434610620.000,2,2,0,双开,S,4055.6000,4054.4000,4054.0000,4053.8000,4053.2000,4056.0000,4056.2000,4057.0000,4057.8000,4058.8000,1,1,1,1,1,1,5,1,2,3
SF,IF2006,2020-02-19 11:10:05.900,4055.6000,23824,0,4435827300.000,1,0,1,多换,S,4054.4000,4054.0000,4053.8000,4053.2000,4052.6000,4056.0000,4056.2000,4057.0000,4057.8000,4058.8000,1,1,1,1,1,1,5,1,2,3
SF,IF2006,2020-02-19 11:10:06.400,4055.6000,23824,0,4435827300.000,0,-,-,-,-,4055.0000,4054.8000,4054.4000,4054.0000,4053.8000,4056.0000,4056.2000,4057.0000,4057.8000,4058.8000,1,5,2,1,1,1,5,1,2,3
SF,IF2006,2020-02-19 11:10:07.400,4055.6000,23824,0,4435827300.000,0,-,-,-,-,4055.4000,4055.0000,4054.8000,4054.4000,4054.0000,4056.0000,4056.2000,4057.0000,4057.8000,4058.8000,5,1,5,2,1,1,5,1,2,3
SF,IF2006,2020-02-19 11:10:07.900,4055.6000,23824,0,4435827300.000,0,-,-,-,-,4055.6000,4055.4000,4055.0000,4054.8000,4054.4000,4056.0000,4056.2000,4057.0000,4057.8000,4058.8000,5,5,1,5,2,1,5,1,2,3
SF,IF2006,2020-02-19 11:10:08.400,4055.6000,23824,0,4435827300.000,0,-,-,-,-,4055.0000,4054.8000,4054.4000,4054.0000,4053.8000,4056.0000,4056.2000,4057.0000,4057.8000,4058.8000,1,5,2,1,1,1,5,1,2,3
SF,IF2006,2020-02-19 11:10:08.900,4055.6000,23824,0,4435827300.000,0,-,-,-,-,4055.6000,4055.2000,4055.0000,4054.8000,4054.6000,4056.0000,4056.2000,4057.0000,4057.8000,4058.8000,1,6,1,5,1,1,5,1,2,3
SF,IF2006,2020-02-19 11:10:09.400,4056.0000,23823,-1,4437044100.000,1,0,1,双平,S,4055.6000,4055.2000,4055.0000,4054.8000,4054.6000,4056.2000,4057.0000,4057.8000,4058.8000,4059.6000,1,6,1,5,1,5,1,2,3,1
SF,IF2006,2020-02-19 11:10:09.900,4056.2000,23827,4,4441911540.000,4,4,0,双开,S,4055.6000,4055.2000,4055.0000,4054.8000,4054.6000,4056.2000,4057.0000,4057.8000,4058.8000,4059.6000,1,6,3,5,1,1,1,2,3,1
SF,IF2006,2020-02-19 11:10:12.400,4056.2000,23827,0,4441911540.000,0,-,-,-,-,4055.6000,4055.2000,4055.0000,4054.8000,4054.6000,4056.2000,4057.0000,4057.8000,4058.8000,4059.6000,1,6,2,5,1,1,1,2,3,1
SF,IF2006,2020-02-19 11:10:13.400,4056.2000,23828,1,4443128400.000,1,1,0,双开,S,4055.6000,4055.2000,4055.0000,4054.8000,4054.6000,4057.0000,4057.8000,4058.8000,4059.6000,4061.0000,1,6,2,5,1,1,2,3,1,5
SF,IF2006,2020-02-19 11:10:14.400,4056.2000,23828,0,4443128400.000,0,-,-,-,-,4056.2000,4056.0000,4055.8000,4055.6000,4055.2000,4057.0000,4057.8000,4058.8000,4059.6000,4061.0000,5,1,2,1,6,1,2,3,1,5
SF,IF2006,2020-02-19 11:10:14.900,4056.2000,23828,0,4443128400.000,0,-,-,-,-,4056.2000,4056.0000,4055.8000,4055.6000,4055.2000,4057.0000,4057.8000,4058.8000,4059.6000,4061.0000,5,1,2,1,6,1,2,3,1,5
SF,IF2006,2020-02-19 11:10:15.400,4056.2000,23828,0,4443128400.000,0,-,-,-,-,4056.2000,4056.0000,4055.8000,4055.6000,4055.2000,4057.0000,4057.8000,4058.8000,4059.0000,4059.6000,5,1,2,1,6,1,2,3,1,1
SF,IF2006,2020-02-19 11:10:15.900,4056.2000,23828,0,4443128400.000,0,-,-,-,-,4056.2000,4055.8000,4055.2000,4055.0000,4054.4000,4057.0000,4057.8000,4058.8000,4059.0000,4059.6000,5,2,6,2,2,1,2,3,1,1
SF,IF2006,2020-02-19 11:10:16.400,4057.0000,23829,1,4444345500.000,1,1,0,双开,S,4055.8000,4055.2000,4055.0000,4054.4000,4054.0000,4057.8000,4058.8000,4059.0000,4059.6000,4061.0000,2,6,2,2,1,2,3,1,1,5
SF,IF2006,2020-02-19 11:10:16.900,4057.4000,23828,-1,4445562720.000,1,0,1,双平,S,4055.8000,4055.2000,4055.0000,4054.4000,4054.0000,4057.4000,4057.6000,4057.8000,4058.8000,4059.0000,1,6,2,2,1,1,3,2,3,1
SF,IF2006,2020-02-19 11:10:17.400,4057.4000,23828,0,4445562720.000,0,-,-,-,-,4055.2000,4055.0000,4054.4000,4054.0000,4053.8000,4057.4000,4057.6000,4057.8000,4058.8000,4059.0000,6,2,2,1,1,1,3,2,3,1
SF,IF2006,2020-02-19 11:10:17.900,4057.4000,23828,0,4445562720.000,0,-,-,-,-,4055.8000,4055.6000,4055.4000,4055.2000,4055.0000,4057.4000,4057.6000,4057.8000,4058.8000,4059.0000,1,5,1,6,2,1,3,2,3,1
SF,IF2006,2020-02-19 11:10:18.900,4057.4000,23828,0,4445562720.000,0,-,-,-,-,4056.0000,4055.8000,4055.6000,4055.4000,4055.2000,4057.4000,4057.6000,4057.8000,4058.8000,4059.0000,1,1,5,1,6,1,3,2,3,1
SF,IF2006,2020-02-19 11:10:19.400,4057.4000,23828,0,4445562720.000,0,-,-,-,-,4056.0000,4055.8000,4055.6000,4055.2000,4055.0000,4057.4000,4057.6000,4057.8000,4058.8000,4059.0000,1,1,5,6,2,1,3,2,3,1
SF,IF2006,2020-02-19 11:10:19.900,4057.4000,23828,0,4445562720.000,0,-,-,-,-,4055.8000,4055.6000,4055.2000,4055.0000,4054.4000,4057.4000,4057.6000,4057.8000,4058.8000,4059.0000,1,5,6,2,2,1,3,2,3,1
SF,IF2006,2020-02-19 11:10:20.900,4057.4000,23828,0,4445562720.000,0,-,-,-,-,4055.2000,4055.0000,4054.4000,4054.0000,4053.8000,4057.2000,4057.4000,4057.6000,4057.8000,4058.8000,6,2,2,1,1,1,1,2,2,3
SF,IF2006,2020-02-19 11:10:21.400,4057.4000,23828,0,4445562720.000,0,-,-,-,-,4055.4000,4055.2000,4055.0000,4054.4000,4054.0000,4057.2000,4057.6000,4057.8000,4058.0000,4058.8000,4,6,2,2,1,1,2,2,4,3
SF,IF2006,2020-02-19 11:10:21.900,4057.4000,23828,0,4445562720.000,0,-,-,-,-,4055.8000,4055.6000,4055.4000,4055.2000,4055.0000,4057.2000,4057.6000,4057.8000,4058.0000,4058.8000,1,1,3,6,2,1,2,2,4,3
SF,IF2006,2020-02-19 11:10:22.400,4057.4000,23828,0,4445562720.000,0,-,-,-,-,4055.8000,4055.6000,4055.2000,4055.0000,4054.4000,4057.0000,4057.2000,4057.6000,4057.8000,4058.0000,1,1,1,2,2,1,1,2,3,4
SF,IF2006,2020-02-19 11:10:22.900,4057.4000,23828,0,4445562720.000,0,-,-,-,-,4056.0000,4055.8000,4055.6000,4055.2000,4055.0000,4056.8000,4057.0000,4057.2000,4057.6000,4057.8000,1,1,1,1,2,1,1,1,2,3
SF,IF2006,2020-02-19 11:10:23.400,4057.4000,23828,0,4445562720.000,0,-,-,-,-,4056.0000,4055.2000,4055.0000,4054.4000,4054.0000,4056.8000,4057.2000,4057.6000,4057.8000,4058.0000,1,1,2,2,1,2,1,2,3,4
SF,IF2006,2020-02-19 11:10:23.900,4056.0000,23829,1,4446779520.000,1,1,0,双开,S,4055.2000,4055.0000,4054.4000,4054.0000,4053.8000,4056.8000,4057.2000,4057.6000,4057.8000,4058.0000,1,2,2,1,1,2,1,2,3,4
SF,IF2006,2020-02-19 11:10:24.400,4056.0000,23829,0,4446779520.000,0,-,-,-,-,4055.4000,4055.2000,4055.0000,4054.4000,4054.0000,4056.8000,4057.2000,4057.6000,4057.8000,4058.0000,1,1,2,2,1,2,1,2,3,4
SF,IF2006,2020-02-19 11:10:26.400,4056.0000,23829,0,4446779520.000,0,-,-,-,-,4055.4000,4055.2000,4055.0000,4054.4000,4054.0000,4056.8000,4057.2000,4057.6000,4057.8000,4058.0000,1,1,2,2,1,1,1,2,3,4
SF,IF2006,2020-02-19 11:10:26.900,4056.0000,23829,0,4446779520.000,0,-,-,-,-,4055.4000,4055.2000,4055.0000,4054.4000,4054.0000,4056.8000,4057.2000,4057.6000,4057.8000,4058.0000,1,1,2,2,1,1,1,2,3,4
SF,IF2006,2020-02-19 11:10:28.400,4056.0000,23829,0,4446779520.000,0,-,-,-,-,4055.4000,4055.2000,4055.0000,4054.4000,4054.0000,4056.8000,4057.2000,4057.6000,4057.8000,4058.0000,1,1,2,2,1,1,1,2,3,4
SF,IF2006,2020-02-19 11:10:28.900,4056.0000,23829,0,4446779520.000,0,-,-,-,-,4055.4000,4055.2000,4055.0000,4054.4000,4054.0000,4057.2000,4057.6000,4057.8000,4058.0000,4058.2000,1,1,2,2,1,1,2,3,4,1
SF,IF2006,2020-02-19 11:10:29.400,4056.0000,23829,0,4446779520.000,0,-,-,-,-,4055.4000,4055.2000,4055.0000,4054.4000,4054.0000,4056.6000,4057.6000,4057.8000,4058.0000,4058.2000,1,1,2,2,1,1,2,3,4,1
SF,IF2006,2020-02-19 11:10:31.400,4055.4000,23828,-1,4447996140.000,1,0,1,双平,S,4055.2000,4055.0000,4054.4000,4054.0000,4053.8000,4056.6000,4057.6000,4057.8000,4058.0000,4058.2000,1,2,2,1,1,1,2,3,4,1
SF,IF2006,2020-02-19 11:10:33.900,4055.4000,23828,0,4447996140.000,0,-,-,-,-,4055.4000,4055.2000,4055.0000,4054.4000,4054.0000,4056.6000,4057.6000,4057.8000,4058.0000,4058.2000,5,1,2,2,1,1,2,3,4,1
SF,IF2006,2020-02-19 11:10:34.400,4055.4000,23828,0,4447996140.000,0,-,-,-,-,4055.2000,4055.0000,4054.4000,4054.0000,4053.8000,4056.6000,4057.6000,4057.8000,4058.0000,4058.2000,1,2,2,1,1,1,2,3,4,1
SF,IF2006,2020-02-19 11:10:35.400,4055.2000,23828,0,4449212700.000,1,0,1,多换,S,4055.0000,4054.4000,4054.0000,4053.8000,4053.0000,4055.2000,4056.6000,4057.6000,4057.8000,4058.0000,2,2,1,1,1,1,1,2,3,4
SF,IF2006,2020-02-19 11:10:35.900,4055.2000,23827,-1,4450429260.000,1,0,1,双平,S,4055.2000,4055.0000,4054.4000,4054.0000,4053.8000,4056.6000,4057.6000,4057.8000,4058.0000,4058.2000,9,2,2,1,1,1,2,3,4,1
SF,IF2006,2020-02-19 11:10:36.400,4055.2000,23827,0,4450429260.000,0,-,-,-,-,4055.2000,4055.0000,4054.4000,4054.0000,4053.8000,4056.6000,4057.6000,4057.8000,4058.0000,4058.2000,7,2,2,1,1,1,2,3,4,1
SF,IF2006,2020-02-19 11:10:36.900,4055.2000,23827,0,4450429260.000,0,-,-,-,-,4055.4000,4055.2000,4055.0000,4054.4000,4054.0000,4056.6000,4057.6000,4057.8000,4058.0000,4058.2000,1,7,2,2,1,1,2,3,4,1
SF,IF2006,2020-02-19 11:10:37.400,4055.2000,23827,0,4450429260.000,0,-,-,-,-,4055.4000,4055.2000,4055.0000,4054.4000,4054.0000,4056.6000,4057.6000,4057.8000,4058.0000,4058.2000,2,7,2,2,1,1,2,3,4,1
SF,IF2006,2020-02-19 11:10:37.900,4055.2000,23827,0,4450429260.000,0,-,-,-,-,4055.4000,4055.2000,4055.0000,4054.4000,4054.0000,4056.6000,4057.6000,4057.8000,4058.0000,4058.2000,1,2,2,2,1,1,2,3,4,1
SF,IF2006,2020-02-19 11:10:40.400,4055.2000,23827,0,4450429260.000,0,-,-,-,-,4055.2000,4055.0000,4054.4000,4054.0000,4053.8000,4056.6000,4057.6000,4057.8000,4058.0000,4058.2000,2,2,2,1,1,1,2,3,4,1
SF,IF2006,2020-02-19 11:10:40.900,4055.4000,23827,0,4451645880.000,1,0,1,多换,S,4055.2000,4055.0000,4054.4000,4054.0000,4053.8000,4056.6000,4057.6000,4057.8000,4058.0000,4058.2000,1,2,2,1,1,1,2,3,4,1
SF,IF2006,2020-02-19 11:10:42.400,4055.4000,23827,0,4451645880.000,0,-,-,-,-,4055.2000,4055.0000,4054.4000,4054.0000,4053.8000,4056.6000,4057.6000,4057.8000,4058.0000,4058.2000,1,2,1,1,1,1,2,3,4,1
SF,IF2006,2020-02-19 11:10:43.400,4055.4000,23827,0,4451645880.000,0,-,-,-,-,4055.0000,4054.4000,4054.0000,4053.8000,4053.0000,4056.6000,4057.6000,4057.8000,4058.0000,4058.2000,2,1,1,1,1,1,2,3,4,1
SF,IF2006,2020-02-19 11:10:43.900,4055.4000,23827,0,4451645880.000,0,-,-,-,-,4055.0000,4054.4000,4054.0000,4053.8000,4053.0000,4056.4000,4056.6000,4057.6000,4057.8000,4058.0000,2,1,1,1,1,1,1,2,3,4
SF,IF2006,2020-02-19 11:10:44.900,4055.4000,23827,0,4451645880.000,0,-,-,-,-,4055.2000,4055.0000,4054.4000,4054.0000,4053.8000,4056.4000,4056.6000,4057.6000,4057.8000,4058.0000,7,2,1,1,1,1,1,2,3,4
SF,IF2006,2020-02-19 11:10:45.400,4055.4000,23827,0,4451645880.000,0,-,-,-,-,4055.2000,4055.0000,4054.4000,4054.0000,4053.8000,4056.0000,4056.6000,4057.6000,4057.8000,4058.0000,3,2,1,1,1,5,1,2,3,4
SF,IF2006,2020-02-19 11:10:45.900,4055.4000,23827,0,4451645880.000,0,-,-,-,-,4055.4000,4055.2000,4055.0000,4054.4000,4054.0000,4056.0000,4056.6000,4057.6000,4057.8000,4058.0000,1,3,2,1,1,5,1,2,3,4
SF,IF2006,2020-02-19 11:10:46.400,4056.0000,23830,3,4457729880.000,5,4,1,空开,S,4055.2000,4055.0000,4054.4000,4054.0000,4053.8000,4056.6000,4057.6000,4057.8000,4058.0000,4058.2000,2,2,1,1,1,1,2,3,4,1
SF,IF2006,2020-02-19 11:10:46.900,4056.0000,23830,0,4457729880.000,0,-,-,-,-,4055.4000,4055.2000,4055.0000,4054.4000,4054.0000,4056.6000,4057.6000,4057.8000,4058.0000,4058.2000,3,3,2,1,1,1,2,3,4,1
SF,IF2006,2020-02-19 11:10:47.400,4056.0000,23830,0,4457729880.000,0,-,-,-,-,4055.4000,4055.2000,4055.0000,4054.4000,4054.0000,4055.8000,4056.6000,4057.6000,4057.8000,4058.0000,1,3,2,1,1,1,1,2,3,4
SF,IF2006,2020-02-19 11:10:47.900,4055.8000,23830,0,4458946620.000,1,0,1,多换,S,4055.8000,4055.4000,4055.2000,4055.0000,4054.4000,4056.6000,4057.6000,4057.8000,4058.0000,4058.2000,1,1,2,2,1,1,2,3,4,1
SF,IF2006,2020-02-19 11:10:48.400,4055.8000,23830,0,4458946620.000,0,-,-,-,-,4055.8000,4055.2000,4055.0000,4054.4000,4054.0000,4056.6000,4057.6000,4057.8000,4058.0000,4058.2000,1,2,2,1,1,1,2,3,4,1
SF,IF2006,2020-02-19 11:10:49.900,4055.8000,23830,0,4458946620.000,0,-,-,-,-,4055.8000,4055.2000,4055.0000,4054.4000,4054.0000,4056.6000,4057.6000,4057.8000,4058.0000,4058.2000,1,3,2,1,1,1,2,3,4,1
SF,IF2006,2020-02-19 11:10:50.900,4055.8000,23830,0,4458946620.000,0,-,-,-,-,4055.8000,4055.2000,4055.0000,4054.4000,4054.0000,4056.6000,4057.6000,4057.8000,4058.0000,4058.2000,1,2,2,1,1,1,2,3,4,1
SF,IF2006,2020-02-19 11:10:52.400,4055.8000,23830,0,4458946620.000,0,-,-,-,-,4055.8000,4055.2000,4055.0000,4054.4000,4054.0000,4056.6000,4057.6000,4057.8000,4058.0000,4058.2000,1,2,2,1,1,1,2,3,4,1
SF,IF2006,2020-02-19 11:10:53.900,4055.8000,23830,0,4458946620.000,0,-,-,-,-,4055.8000,4055.2000,4055.0000,4054.4000,4054.0000,4056.0000,4056.6000,4057.6000,4057.8000,4058.0000,1,2,2,1,1,6,1,2,3,4
SF,IF2006,2020-02-19 11:10:54.400,4056.0000,23830,0,4461380220.000,2,1,1,多换,S,4055.2000,4055.0000,4054.4000,4054.0000,4053.8000,4056.0000,4056.6000,4057.6000,4057.8000,4058.0000,2,2,1,1,1,4,1,2,3,4
SF,IF2006,2020-02-19 11:10:54.900,4056.0000,23830,0,4461380220.000,0,-,-,-,-,4055.6000,4055.4000,4055.2000,4055.0000,4054.4000,4056.0000,4056.6000,4057.6000,4057.8000,4058.0000,5,5,2,2,1,4,1,2,3,4
SF,IF2006,2020-02-19 11:10:55.900,4056.0000,23830,0,4461380220.000,0,-,-,-,-,4055.8000,4055.6000,4055.4000,4055.2000,4055.0000,4056.0000,4056.6000,4057.6000,4057.8000,4058.0000,5,5,5,1,2,4,1,2,3,4
SF,IF2006,2020-02-19 11:10:56.400,4055.8000,23830,0,4465030500.000,3,1,2,多换,S,4055.8000,4055.6000,4055.4000,4055.2000,4055.0000,4056.0000,4056.6000,4057.6000,4057.8000,4058.0000,3,6,5,1,2,3,1,2,3,4
SF,IF2006,2020-02-19 11:10:56.900,4055.8000,23830,0,4465030500.000,0,-,-,-,-,4055.6000,4055.4000,4055.2000,4055.0000,4054.4000,4056.0000,4056.6000,4057.6000,4057.8000,4058.0000,1,5,1,2,1,3,1,2,3,4
SF,IF2006,2020-02-19 11:10:57.400,4056.0000,23832,2,4468680900.000,3,2,1,空开,S,4056.0000,4055.6000,4055.4000,4055.2000,4055.0000,4056.6000,4057.6000,4057.8000,4058.0000,4058.2000,3,1,5,1,2,1,2,3,4,1
SF,IF2006,2020-02-19 11:10:57.900,4056.0000,23835,3,4472331300.000,3,3,0,双开,S,4055.4000,4055.2000,4055.0000,4054.4000,4054.0000,4056.4000,4056.6000,4057.6000,4057.8000,4058.0000,5,1,2,1,1,1,1,2,3,4
SF,IF2006,2020-02-19 11:10:58.400,4056.0000,23835,0,4472331300.000,0,-,-,-,-,4056.0000,4055.4000,4055.2000,4055.0000,4054.4000,4056.4000,4056.6000,4057.6000,4057.8000,4058.0000,1,5,1,2,1,1,1,2,3,4
SF,IF2006,2020-02-19 11:10:58.900,4056.0000,23835,0,4472331300.000,0,-,-,-,-,4055.4000,4055.2000,4055.0000,4054.4000,4054.0000,4056.4000,4056.6000,4057.6000,4057.8000,4058.0000,5,1,2,1,1,1,1,2,3,4
SF,IF2006,2020-02-19 11:11:00.400,4056.4000,23836,1,4473548220.000,1,1,0,双开,S,4055.4000,4055.2000,4055.0000,4054.4000,4054.0000,4056.6000,4057.6000,4057.8000,4058.0000,4058.2000,5,1,2,1,1,1,2,3,4,1
SF,IF2006,2020-02-19 11:11:00.900,4056.4000,23836,0,4473548220.000,0,-,-,-,-,4055.4000,4055.2000,4055.0000,4054.4000,4054.0000,4057.6000,4057.8000,4058.0000,4058.2000,4058.8000,5,1,2,1,1,2,3,4,1,2
SF,IF2006,2020-02-19 11:11:01.400,4056.4000,23836,0,4473548220.000,0,-,-,-,-,4055.4000,4055.2000,4055.0000,4054.4000,4054.0000,4057.4000,4057.6000,4057.8000,4058.0000,4058.2000,5,1,2,1,1,3,2,3,4,1
SF,IF2006,2020-02-19 11:11:01.900,4056.4000,23836,0,4473548220.000,0,-,-,-,-,4055.6000,4055.4000,4055.2000,4055.0000,4054.4000,4057.4000,4057.6000,4057.8000,4058.0000,4058.2000,1,5,1,2,1,3,2,3,4,1
SF,IF2006,2020-02-19 11:11:02.400,4056.4000,23836,0,4473548220.000,0,-,-,-,-,4055.6000,4055.2000,4055.0000,4054.4000,4054.0000,4057.0000,4057.4000,4057.6000,4057.8000,4058.0000,1,1,2,1,1,1,2,2,3,4
SF,IF2006,2020-02-19 11:11:02.900,4056.4000,23836,0,4473548220.000,0,-,-,-,-,4055.6000,4055.2000,4055.0000,4054.4000,4054.0000,4057.0000,4057.4000,4057.6000,4057.8000,4058.0000,1,1,2,1,1,1,1,2,3,4
SF,IF2006,2020-02-19 11:11:03.400,4056.4000,23836,0,4473548220.000,0,-,-,-,-,4055.6000,4055.2000,4055.0000,4054.4000,4054.0000,4056.8000,4057.0000,4057.4000,4057.6000,4057.8000,1,1,2,1,1,1,1,1,2,3
SF,IF2006,2020-02-19 11:11:03.900,4056.4000,23836,0,4473548220.000,0,-,-,-,-,4055.2000,4055.0000,4054.4000,4054.0000,4053.8000,4056.8000,4057.0000,4057.4000,4057.6000,4057.8000,1,2,1,1,1,1,1,1,2,3
SF,IF2006,2020-02-19 11:11:04.400,4056.4000,23836,0,4473548220.000,0,-,-,-,-,4055.2000,4055.0000,4054.4000,4054.0000,4053.8000,4056.6000,4056.8000,4057.4000,4057.6000,4057.8000,1,2,1,1,1,2,1,1,1,3
SF,IF2006,2020-02-19 11:11:04.900,4056.4000,23836,0,4473548220.000,0,-,-,-,-,4055.2000,4055.0000,4054.0000,4053.8000,4053.0000,4056.4000,4056.6000,4057.4000,4057.6000,4057.8000,1,2,1,1,1,2,2,1,1,3
SF,IF2006,2020-02-19 11:11:05.400,4056.4000,23836,0,4473548220.000,0,-,-,-,-,4055.2000,4055.0000,4054.0000,4053.8000,4053.0000,4056.4000,4056.6000,4057.2000,4057.6000,4057.8000,1,2,1,1,1,2,2,1,1,3
SF,IF2006,2020-02-19 11:11:05.900,4056.4000,23836,0,4473548220.000,0,-,-,-,-,4055.2000,4055.0000,4054.0000,4053.8000,4053.0000,4056.2000,4056.4000,4056.6000,4057.2000,4057.6000,1,2,1,1,1,1,2,2,1,1
SF,IF2006,2020-02-19 11:11:07.400,4056.4000,23836,0,4473548220.000,0,-,-,-,-,4055.2000,4055.0000,4054.0000,4053.8000,4053.0000,4056.2000,4056.4000,4056.6000,4056.8000,4057.2000,1,2,1,1,1,1,2,3,1,1
SF,IF2006,2020-02-19 11:11:08.900,4056.4000,23836,0,4473548220.000,0,-,-,-,-,4055.2000,4055.0000,4054.0000,4053.8000,4053.0000,4056.2000,4056.4000,4056.6000,4056.8000,4057.2000,1,2,1,1,1,1,1,3,1,1
SF,IF2006,2020-02-19 11:11:09.400,4056.4000,23836,0,4473548220.000,0,-,-,-,-,4055.2000,4055.0000,4054.0000,4053.8000,4053.0000,4056.2000,4056.4000,4056.6000,4056.8000,4057.2000,1,2,1,1,1,2,1,3,1,1
SF,IF2006,2020-02-19 11:11:09.900,4056.4000,23836,0,4473548220.000,0,-,-,-,-,4055.2000,4055.0000,4054.0000,4053.8000,4053.0000,4056.2000,4056.4000,4056.6000,4056.8000,4057.2000,1,2,1,1,1,2,1,2,1,1
SF,IF2006,2020-02-19 11:11:10.400,4056.4000,23836,0,4473548220.000,0,-,-,-,-,4055.2000,4055.0000,4054.0000,4053.8000,4053.0000,4056.2000,4056.4000,4056.6000,4056.8000,4057.2000,1,2,1,1,1,2,1,2,1,1
SF,IF2006,2020-02-19 11:11:10.900,4056.4000,23836,0,4473548220.000,0,-,-,-,-,4055.2000,4055.0000,4054.0000,4053.8000,4053.0000,4056.2000,4056.4000,4056.6000,4056.8000,4057.2000,1,2,1,1,1,2,1,2,1,1
SF,IF2006,2020-02-19 11:11:11.400,4056.4000,23836,0,4473548220.000,0,-,-,-,-,4055.2000,4055.0000,4054.0000,4053.8000,4053.0000,4056.2000,4056.4000,4056.6000,4056.8000,4057.2000,1,2,1,1,1,2,1,2,1,1
SF,IF2006,2020-02-19 11:11:11.900,4055.2000,23837,1,4474764780.000,1,1,0,双开,S,4055.0000,4054.0000,4053.8000,4053.0000,4052.0000,4056.0000,4056.2000,4056.4000,4056.6000,4057.2000,2,1,1,1,1,1,2,1,2,1
SF,IF2006,2020-02-19 11:11:12.400,4055.0000,23835,-2,4477197780.000,2,0,2,双平,S,4054.0000,4053.8000,4053.0000,4052.0000,4051.4000,4055.6000,4056.0000,4056.2000,4056.4000,4056.6000,1,1,1,1,1,1,2,1,1,2
SF,IF2006,2020-02-19 11:11:12.900,4055.0000,23835,0,4477197780.000,0,-,-,-,-,4054.0000,4053.8000,4053.0000,4052.0000,4051.4000,4055.4000,4055.6000,4056.0000,4056.2000,4056.4000,1,1,1,1,1,1,1,1,1,1
SF,IF2006,2020-02-19 11:11:13.400,4055.0000,23835,0,4477197780.000,0,-,-,-,-,4054.0000,4053.8000,4053.0000,4052.0000,4051.4000,4055.4000,4056.0000,4056.6000,4057.2000,4057.8000,1,1,1,1,1,1,1,2,1,3
SF,IF2006,2020-02-19 11:11:13.900,4054.0000,23835,0,4478413980.000,1,0,1,多换,S,4053.8000,4053.0000,4052.0000,4051.4000,4050.2000,4055.4000,4056.0000,4056.6000,4057.2000,4057.8000,1,1,1,1,1,2,1,2,1,3
SF,IF2006,2020-02-19 11:11:14.900,4054.0000,23835,0,4478413980.000,0,-,-,-,-,4053.8000,4053.0000,4052.0000,4051.4000,4050.2000,4055.2000,4055.4000,4056.0000,4056.6000,4057.2000,1,1,1,1,1,3,2,1,2,1
SF,IF2006,2020-02-19 11:11:15.400,4054.0000,23835,0,4478413980.000,0,-,-,-,-,4054.0000,4053.0000,4052.0000,4051.4000,4050.2000,4055.2000,4055.4000,4056.0000,4056.6000,4057.2000,1,1,1,1,1,3,2,1,2,1
SF,IF2006,2020-02-19 11:11:16.400,4054.0000,23836,1,4479630180.000,1,1,0,双开,S,4053.0000,4052.0000,4051.4000,4050.2000,4045.0000,4055.0000,4055.2000,4055.4000,4056.0000,4056.6000,1,1,1,1,5,1,3,1,1,2
SF,IF2006,2020-02-19 11:11:16.900,4054.0000,23836,0,4479630180.000,0,-,-,-,-,4053.2000,4053.0000,4052.0000,4051.4000,4050.2000,4055.0000,4055.2000,4055.4000,4056.0000,4056.6000,1,2,1,1,1,1,3,1,1,2
SF,IF2006,2020-02-19 11:11:17.900,4054.0000,23836,0,4479630180.000,0,-,-,-,-,4053.4000,4053.2000,4053.0000,4052.0000,4051.4000,4055.0000,4055.2000,4055.4000,4056.0000,4056.6000,1,1,2,1,1,1,3,1,1,2
SF,IF2006,2020-02-19 11:11:18.400,4054.0000,23836,0,4479630180.000,0,-,-,-,-,4053.6000,4053.4000,4053.0000,4052.0000,4051.4000,4055.2000,4055.4000,4056.0000,4056.6000,4057.2000,1,1,2,1,1,3,1,1,2,1
SF,IF2006,2020-02-19 11:11:18.900,4054.0000,23836,0,4479630180.000,0,-,-,-,-,4053.6000,4053.4000,4053.0000,4052.0000,4051.4000,4055.2000,4056.0000,4056.6000,4057.2000,4057.8000,1,1,2,1,1,3,1,2,1,3
SF,IF2006,2020-02-19 11:11:19.400,4054.0000,23836,0,4479630180.000,0,-,-,-,-,4053.8000,4053.6000,4053.0000,4052.0000,4051.4000,4055.2000,4056.0000,4056.6000,4057.2000,4057.8000,1,1,2,1,1,2,1,2,1,3
SF,IF2006,2020-02-19 11:11:20.400,4054.0000,23836,0,4479630180.000,0,-,-,-,-,4053.6000,4053.0000,4052.0000,4051.4000,4050.2000,4055.2000,4056.0000,4056.6000,4057.2000,4057.8000,1,2,1,1,1,2,1,2,1,3
SF,IF2006,2020-02-19 11:11:22.400,4054.0000,23836,0,4479630180.000,0,-,-,-,-,4053.6000,4053.0000,4052.0000,4051.4000,4050.2000,4055.0000,4055.2000,4056.0000,4056.6000,4057.2000,1,2,1,1,1,1,2,1,2,1
SF,IF2006,2020-02-19 11:11:23.400,4053.6000,23836,0,4480846260.000,1,0,1,多换,S,4053.0000,4052.0000,4051.4000,4050.2000,4045.0000,4055.0000,4055.2000,4056.0000,4056.6000,4057.2000,2,1,1,1,5,1,2,1,2,1
SF,IF2006,2020-02-19 11:11:23.900,4053.6000,23836,0,4480846260.000,0,-,-,-,-,4053.6000,4053.2000,4053.0000,4052.0000,4051.4000,4055.0000,4055.2000,4056.0000,4056.6000,4057.2000,1,6,2,1,1,2,2,1,2,1
SF,IF2006,2020-02-19 11:11:24.400,4053.6000,23836,0,4480846260.000,0,-,-,-,-,4053.6000,4053.2000,4053.0000,4052.0000,4051.4000,4054.8000,4055.0000,4055.2000,4056.0000,4056.6000,1,5,2,1,1,1,2,2,1,2
SF,IF2006,2020-02-19 11:11:25.400,4053.6000,23836,0,4480846260.000,0,-,-,-,-,4053.6000,4053.2000,4053.0000,4052.0000,4051.4000,4054.6000,4054.8000,4055.0000,4055.2000,4056.0000,1,5,2,1,1,1,1,2,2,1
SF,IF2006,2020-02-19 11:11:25.900,4053.6000,23836,0,4480846260.000,0,-,-,-,-,4053.6000,4053.2000,4053.0000,4052.0000,4051.4000,4054.6000,4054.8000,4055.0000,4055.2000,4056.0000,2,5,2,1,1,1,1,2,2,1
SF,IF2006,2020-02-19 11:11:26.900,4053.6000,23836,0,4480846260.000,0,-,-,-,-,4053.6000,4053.2000,4053.0000,4052.0000,4051.4000,4054.6000,4054.8000,4055.0000,4055.2000,4056.0000,2,5,2,1,1,1,1,2,2,1
SF,IF2006,2020-02-19 11:11:27.400,4053.6000,23836,0,4480846260.000,0,-,-,-,-,4053.8000,4053.6000,4053.2000,4053.0000,4052.0000,4054.4000,4054.6000,4055.0000,4055.2000,4056.0000,1,2,5,2,1,1,1,2,2,1
SF,IF2006,2020-02-19 11:11:27.900,4053.6000,23836,0,4480846260.000,0,-,-,-,-,4053.8000,4053.6000,4053.0000,4052.0000,4051.4000,4054.4000,4054.6000,4055.0000,4055.2000,4056.0000,1,2,2,1,1,1,1,2,2,1
SF,IF2006,2020-02-19 11:11:28.400,4053.6000,23836,0,4480846260.000,0,-,-,-,-,4053.8000,4053.6000,4053.0000,4052.0000,4051.4000,4054.4000,4055.0000,4055.2000,4056.0000,4056.6000,1,2,2,1,1,1,2,2,1,2
SF,IF2006,2020-02-19 11:11:31.900,4053.6000,23836,0,4480846260.000,0,-,-,-,-,4053.8000,4053.6000,4053.0000,4052.0000,4051.4000,4055.0000,4055.2000,4056.0000,4056.6000,4057.2000,1,2,2,1,1,2,2,1,2,1
SF,IF2006,2020-02-19 11:11:32.400,4053.6000,23836,0,4480846260.000,0,-,-,-,-,4053.8000,4053.6000,4053.0000,4052.0000,4051.4000,4054.8000,4055.0000,4055.2000,4056.0000,4056.6000,1,2,2,1,1,1,2,2,1,2
SF,IF2006,2020-02-19 11:11:32.900,4053.6000,23836,0,4480846260.000,0,-,-,-,-,4053.8000,4053.6000,4053.0000,4052.0000,4051.4000,4054.8000,4055.0000,4055.2000,4056.0000,4056.6000,1,2,2,1,1,1,1,2,1,2
SF,IF2006,2020-02-19 11:11:33.900,4053.6000,23836,0,4480846260.000,0,-,-,-,-,4053.8000,4053.6000,4053.0000,4052.0000,4051.4000,4054.8000,4055.0000,4056.6000,4057.2000,4057.8000,1,2,2,1,1,1,1,2,1,2
SF,IF2006,2020-02-19 11:11:34.400,4053.6000,23836,0,4480846260.000,0,-,-,-,-,4053.8000,4053.6000,4053.0000,4052.0000,4051.4000,4054.8000,4055.0000,4056.6000,4057.2000,4057.8000,1,2,2,1,1,1,1,2,1,2
SF,IF2006,2020-02-19 11:11:39.400,4053.6000,23836,0,4480846260.000,0,-,-,-,-,4053.8000,4053.6000,4053.0000,4052.0000,4051.4000,4054.8000,4055.0000,4056.6000,4057.2000,4057.8000,1,2,2,1,1,1,1,2,1,2
SF,IF2006,2020-02-19 11:11:39.900,4053.6000,23836,0,4480846260.000,0,-,-,-,-,4053.8000,4053.6000,4053.0000,4052.0000,4051.4000,4054.6000,4054.8000,4055.0000,4056.6000,4057.2000,1,2,2,1,1,1,1,1,2,1
SF,IF2006,2020-02-19 11:11:42.400,4053.8000,23835,-1,4482062400.000,1,0,1,双平,S,4053.6000,4053.0000,4052.0000,4051.4000,4050.2000,4054.6000,4054.8000,4055.0000,4056.6000,4057.2000,2,2,1,1,1,1,1,1,2,1
SF,IF2006,2020-02-19 11:11:43.900,4053.6000,23836,1,4483278480.000,1,1,0,双开,S,4053.6000,4053.0000,4052.0000,4051.4000,4050.2000,4054.6000,4054.8000,4055.0000,4056.6000,4057.2000,1,2,1,1,1,1,1,1,2,1
SF,IF2006,2020-02-19 11:11:49.400,4053.6000,23836,0,4483278480.000,0,-,-,-,-,4053.6000,4053.0000,4052.0000,4051.4000,4050.2000,4054.6000,4054.8000,4055.0000,4056.6000,4057.2000,1,1,1,1,1,1,1,1,2,1
SF,IF2006,2020-02-19 11:11:49.900,4053.6000,23836,0,4483278480.000,0,-,-,-,-,4053.6000,4053.0000,4052.0000,4051.4000,4050.2000,4054.6000,4054.8000,4055.0000,4056.6000,4057.2000,2,1,1,1,1,1,1,1,2,1
SF,IF2006,2020-02-19 11:11:50.900,4053.6000,23836,0,4483278480.000,0,-,-,-,-,4053.6000,4053.0000,4052.0000,4051.4000,4050.2000,4054.6000,4054.8000,4055.0000,4056.2000,4056.6000,2,1,1,1,1,1,1,1,1,2
SF,IF2006,2020-02-19 11:11:53.900,4053.6000,23836,0,4483278480.000,0,-,-,-,-,4053.6000,4053.0000,4052.0000,4051.4000,4050.2000,4054.6000,4054.8000,4055.0000,4056.2000,4056.6000,2,1,1,1,1,1,1,1,1,2
SF,IF2006,2020-02-19 11:11:57.400,4053.6000,23836,0,4483278480.000,0,-,-,-,-,4053.6000,4053.0000,4052.0000,4051.4000,4050.2000,4054.6000,4054.8000,4055.0000,4056.2000,4056.6000,2,1,1,1,1,1,1,1,1,2
SF,IF2006,2020-02-19 11:12:01.400,4053.6000,23836,0,4483278480.000,0,-,-,-,-,4053.6000,4053.0000,4052.0000,4051.4000,4050.2000,4054.6000,4054.8000,4055.0000,4056.2000,4056.6000,2,1,1,1,1,1,1,1,1,1
SF,IF2006,2020-02-19 11:12:03.400,4053.6000,23836,0,4483278480.000,0,-,-,-,-,4053.6000,4053.0000,4052.0000,4051.4000,4050.2000,4054.6000,4054.8000,4055.0000,4056.2000,4056.6000,1,1,1,1,1,1,1,1,1,1
SF,IF2006,2020-02-19 11:12:05.400,4054.6000,23837,1,4484494860.000,1,1,0,双开,S,4053.6000,4053.0000,4052.0000,4051.4000,4050.2000,4054.8000,4055.0000,4056.2000,4056.6000,4057.2000,1,1,1,1,1,1,1,1,1,1
SF,IF2006,2020-02-19 11:12:06.400,4054.6000,23837,0,4484494860.000,0,-,-,-,-,4053.6000,4053.0000,4052.0000,4051.4000,4050.2000,4054.4000,4055.0000,4056.2000,4056.6000,4057.2000,1,1,1,1,1,1,1,1,1,1
SF,IF2006,2020-02-19 11:12:09.400,4054.6000,23837,0,4484494860.000,0,-,-,-,-,4053.6000,4053.0000,4052.0000,4051.4000,4050.2000,4054.4000,4056.2000,4056.6000,4057.2000,4057.8000,1,1,1,1,1,1,1,1,1,2
SF,IF2006,2020-02-19 11:12:11.900,4054.6000,23837,0,4484494860.000,0,-,-,-,-,4053.6000,4053.0000,4052.0000,4051.4000,4050.2000,4054.4000,4056.2000,4056.6000,4057.2000,4057.8000,1,1,1,1,1,1,1,1,1,2
SF,IF2006,2020-02-19 11:12:13.900,4054.4000,23838,1,4485711180.000,1,1,0,双开,S,4053.6000,4053.0000,4052.0000,4051.4000,4050.2000,4056.2000,4056.6000,4057.2000,4057.8000,4058.0000,1,1,1,1,1,1,1,1,2,4
SF,IF2006,2020-02-19 11:12:14.400,4054.4000,23838,0,4485711180.000,0,-,-,-,-,4053.6000,4053.0000,4052.0000,4051.4000,4050.2000,4055.2000,4056.0000,4056.2000,4056.6000,4057.2000,1,1,1,1,1,3,3,2,1,1
SF,IF2006,2020-02-19 11:12:15.400,4054.4000,23838,0,4485711180.000,0,-,-,-,-,4053.6000,4053.0000,4052.0000,4051.4000,4050.2000,4055.0000,4055.2000,4056.0000,4056.2000,4056.6000,1,1,1,1,1,1,3,1,2,1
SF,IF2006,2020-02-19 11:12:15.900,4054.4000,23838,0,4485711180.000,0,-,-,-,-,4053.6000,4053.0000,4052.0000,4051.4000,4050.2000,4054.8000,4055.0000,4055.2000,4056.0000,4056.2000,1,1,1,1,1,1,1,3,1,2
SF,IF2006,2020-02-19 11:12:17.400,4054.4000,23838,0,4485711180.000,0,-,-,-,-,4053.6000,4053.0000,4052.0000,4051.4000,4050.2000,4054.8000,4055.0000,4055.2000,4056.2000,4056.6000,1,1,1,1,1,1,1,3,2,1
SF,IF2006,2020-02-19 11:12:18.400,4054.4000,23838,0,4485711180.000,0,-,-,-,-,4053.6000,4053.0000,4052.0000,4051.4000,4050.2000,4054.6000,4054.8000,4055.0000,4055.2000,4056.2000,1,1,1,1,1,1,1,1,3,2
SF,IF2006,2020-02-19 11:12:19.400,4054.4000,23838,0,4485711180.000,0,-,-,-,-,4053.6000,4053.0000,4052.0000,4051.4000,4050.2000,4054.6000,4054.8000,4055.0000,4055.2000,4056.2000,1,1,1,1,1,1,1,1,1,2
SF,IF2006,2020-02-19 11:12:23.400,4054.4000,23838,0,4485711180.000,0,-,-,-,-,4053.6000,4053.0000,4052.0000,4051.4000,4050.2000,4054.8000,4055.0000,4055.2000,4056.2000,4056.6000,1,1,1,1,1,1,1,1,2,1
SF,IF2006,2020-02-19 11:12:23.900,4054.4000,23838,0,4485711180.000,0,-,-,-,-,4053.6000,4053.0000,4052.0000,4051.4000,4050.2000,4054.6000,4054.8000,4055.0000,4055.2000,4056.2000,1,1,1,1,1,2,1,1,1,2
SF,IF2006,2020-02-19 11:12:44.900,4053.6000,23839,1,4486927260.000,1,1,0,双开,S,4053.0000,4052.0000,4051.4000,4050.2000,4045.2000,4054.6000,4054.8000,4055.0000,4055.2000,4056.2000,1,1,1,1,1,2,1,1,1,2
SF,IF2006,2020-02-19 11:12:45.900,4053.6000,23839,0,4486927260.000,0,-,-,-,-,4053.0000,4052.0000,4051.4000,4050.2000,4045.2000,4054.2000,4054.6000,4054.8000,4055.0000,4056.2000,1,1,1,1,1,1,1,1,1,2
SF,IF2006,2020-02-19 11:12:46.400,4053.6000,23839,0,4486927260.000,0,-,-,-,-,4053.0000,4052.0000,4051.4000,4050.2000,4045.2000,4054.0000,4054.2000,4054.6000,4054.8000,4055.0000,1,1,1,1,1,1,1,1,1,1
SF,IF2006,2020-02-19 11:12:46.900,4053.6000,23839,0,4486927260.000,0,-,-,-,-,4053.0000,4052.0000,4051.4000,4050.2000,4045.2000,4053.8000,4054.0000,4054.6000,4054.8000,4055.0000,1,1,1,1,1,2,1,1,1,1
SF,IF2006,2020-02-19 11:12:47.400,4053.6000,23839,0,4486927260.000,0,-,-,-,-,4053.0000,4052.0000,4051.4000,4050.2000,4045.2000,4053.8000,4054.0000,4054.6000,4054.8000,4055.0000,1,1,1,1,1,2,1,1,1,1
SF,IF2006,2020-02-19 11:12:47.900,4053.6000,23839,0,4486927260.000,0,-,-,-,-,4053.0000,4052.0000,4051.4000,4050.2000,4045.2000,4053.8000,4054.8000,4055.0000,4056.2000,4056.6000,1,1,1,1,1,2,1,1,2,1
SF,IF2006,2020-02-19 11:12:48.400,4053.6000,23839,0,4486927260.000,0,-,-,-,-,4053.0000,4052.0000,4051.4000,4050.2000,4045.2000,4053.8000,4054.8000,4055.0000,4056.2000,4056.6000,1,1,1,1,1,1,1,1,2,1
SF,IF2006,2020-02-19 11:12:49.900,4053.6000,23839,0,4486927260.000,0,-,-,-,-,4053.0000,4052.0000,4051.4000,4050.2000,4045.2000,4054.8000,4055.0000,4056.2000,4056.6000,4057.8000,1,1,1,1,1,1,1,2,1,2
SF,IF2006,2020-02-19 11:12:50.400,4053.6000,23839,0,4486927260.000,0,-,-,-,-,4053.0000,4052.0000,4051.4000,4050.2000,4045.2000,4054.6000,4054.8000,4055.0000,4056.2000,4056.6000,1,1,1,1,1,3,2,1,2,1
SF,IF2006,2020-02-19 11:12:51.400,4053.6000,23839,0,4486927260.000,0,-,-,-,-,4053.0000,4052.0000,4051.4000,4050.2000,4045.2000,4054.6000,4054.8000,4055.0000,4056.2000,4056.6000,1,1,1,1,1,2,1,1,2,1
SF,IF2006,2020-02-19 11:12:51.900,4053.6000,23839,0,4486927260.000,0,-,-,-,-,4053.0000,4052.0000,4051.4000,4050.2000,4045.2000,4054.6000,4054.8000,4055.0000,4056.2000,4056.6000,1,1,1,1,1,3,1,1,2,1
SF,IF2006,2020-02-19 11:12:52.400,4053.6000,23839,0,4486927260.000,0,-,-,-,-,4053.0000,4052.0000,4051.4000,4050.2000,4045.2000,4054.6000,4054.8000,4055.0000,4056.2000,4056.6000,1,1,1,1,1,3,1,1,2,1
SF,IF2006,2020-02-19 11:12:55.400,4053.6000,23839,0,4486927260.000,0,-,-,-,-,4053.2000,4053.0000,4052.0000,4051.4000,4050.2000,4054.6000,4054.8000,4055.0000,4056.2000,4056.6000,1,1,1,1,1,2,1,1,2,1
SF,IF2006,2020-02-19 11:12:56.400,4053.6000,23839,0,4486927260.000,0,-,-,-,-,4053.2000,4053.0000,4052.0000,4051.4000,4050.2000,4054.6000,4054.8000,4055.0000,4056.2000,4056.6000,1,1,1,1,1,1,1,1,2,1
SF,IF2006,2020-02-19 11:12:59.400,4053.6000,23839,0,4486927260.000,0,-,-,-,-,4053.0000,4052.0000,4051.4000,4050.2000,4045.2000,4054.6000,4054.8000,4055.0000,4056.2000,4056.6000,1,1,1,1,1,1,1,1,2,1
SF,IF2006,2020-02-19 11:13:01.400,4053.6000,23839,0,4486927260.000,0,-,-,-,-,4053.0000,4052.0000,4051.4000,4050.2000,4045.2000,4054.2000,4054.6000,4054.8000,4055.0000,4056.2000,1,1,1,1,1,1,1,1,1,2
SF,IF2006,2020-02-19 11:13:01.900,4053.6000,23839,0,4486927260.000,0,-,-,-,-,4053.2000,4053.0000,4052.0000,4051.4000,4050.2000,4054.2000,4054.6000,4054.8000,4055.0000,4056.2000,2,1,1,1,1,1,1,1,1,2
SF,IF2006,2020-02-19 11:13:02.900,4053.6000,23839,0,4486927260.000,0,-,-,-,-,4053.2000,4053.0000,4052.0000,4051.4000,4050.2000,4054.2000,4054.6000,4054.8000,4055.0000,4056.2000,1,1,1,1,1,1,1,1,1,2
SF,IF2006,2020-02-19 11:13:03.900,4053.6000,23839,0,4486927260.000,0,-,-,-,-,4053.2000,4053.0000,4052.0000,4051.4000,4050.2000,4054.2000,4054.8000,4055.0000,4056.2000,4056.6000,1,1,1,1,1,1,1,1,2,1
SF,IF2006,2020-02-19 11:13:04.400,4053.6000,23839,0,4486927260.000,0,-,-,-,-,4053.2000,4053.0000,4052.0000,4051.4000,4050.2000,4054.2000,4054.8000,4055.0000,4056.2000,4056.6000,1,2,1,1,1,1,1,1,2,1
SF,IF2006,2020-02-19 11:13:06.900,4053.6000,23839,0,4486927260.000,0,-,-,-,-,4053.2000,4053.0000,4052.0000,4051.4000,4050.2000,4054.2000,4054.8000,4055.0000,4056.2000,4056.6000,2,2,1,1,1,1,1,1,2,1
SF,IF2006,2020-02-19 11:13:10.400,4053.2000,23840,1,4488143220.000,1,1,0,双开,S,4053.2000,4053.0000,4052.0000,4051.4000,4050.2000,4054.2000,4054.8000,4055.0000,4056.2000,4056.6000,1,2,1,1,1,1,1,1,2,1
SF,IF2006,2020-02-19 11:13:15.400,4053.2000,23841,1,4489359180.000,1,1,0,双开,S,4053.0000,4052.0000,4051.4000,4050.2000,4045.2000,4054.2000,4054.8000,4055.0000,4056.2000,4056.6000,2,1,1,1,1,1,1,1,2,1
SF,IF2006,2020-02-19 11:13:15.900,4053.2000,23841,0,4489359180.000,0,-,-,-,-,4053.0000,4052.0000,4051.4000,4050.2000,4045.2000,4054.2000,4054.8000,4055.0000,4056.2000,4056.6000,3,1,1,1,1,1,1,1,2,1
SF,IF2006,2020-02-19 11:13:17.900,4053.2000,23841,0,4489359180.000,0,-,-,-,-,4053.2000,4053.0000,4052.0000,4051.4000,4050.2000,4054.2000,4054.8000,4055.0000,4056.2000,4056.6000,2,3,1,1,1,1,1,1,2,1
SF,IF2006,2020-02-19 11:13:18.400,4053.2000,23841,0,4489359180.000,0,-,-,-,-,4053.4000,4053.2000,4053.0000,4052.0000,4051.4000,4054.2000,4054.8000,4055.0000,4056.2000,4056.6000,1,2,2,1,1,1,1,1,2,1
SF,IF2006,2020-02-19 11:13:18.900,4053.2000,23841,0,4489359180.000,0,-,-,-,-,4053.4000,4053.2000,4053.0000,4052.0000,4051.4000,4054.2000,4054.8000,4055.0000,4056.2000,4056.6000,1,2,3,1,1,1,1,1,2,1
SF,IF2006,2020-02-19 11:13:20.400,4053.2000,23841,0,4489359180.000,0,-,-,-,-,4053.4000,4053.2000,4053.0000,4052.0000,4051.4000,4054.2000,4055.0000,4056.2000,4056.6000,4057.8000,1,2,3,1,1,1,1,2,1,2
SF,IF2006,2020-02-19 11:13:21.900,4054.2000,23842,1,4490575440.000,1,1,0,双开,S,4054.2000,4053.4000,4053.2000,4053.0000,4052.0000,4056.2000,4056.6000,4057.8000,4058.0000,4058.2000,2,1,2,3,1,1,1,2,4,1
SF,IF2006,2020-02-19 11:13:22.400,4054.2000,23842,0,4490575440.000,0,-,-,-,-,4053.4000,4053.0000,4052.0000,4051.4000,4050.2000,4055.4000,4055.6000,4056.0000,4056.2000,4056.6000,1,3,1,1,1,2,1,2,1,1
SF,IF2006,2020-02-19 11:13:23.400,4054.2000,23842,0,4490575440.000,0,-,-,-,-,4053.4000,4053.0000,4052.0000,4051.4000,4050.2000,4055.4000,4055.6000,4056.0000,4056.2000,4056.6000,1,3,1,1,1,2,1,1,1,1
SF,IF2006,2020-02-19 11:13:23.900,4054.2000,23842,0,4490575440.000,0,-,-,-,-,4053.4000,4053.0000,4052.0000,4051.4000,4050.2000,4055.2000,4055.4000,4056.0000,4056.2000,4056.6000,1,3,1,1,1,1,2,1,1,1
SF,IF2006,2020-02-19 11:13:24.900,4054.2000,23842,0,4490575440.000,0,-,-,-,-,4054.0000,4053.8000,4053.4000,4053.0000,4052.0000,4056.0000,4056.2000,4056.6000,4057.8000,4058.0000,1,2,1,3,1,1,1,1,2,4
SF,IF2006,2020-02-19 11:13:25.400,4054.2000,23842,0,4490575440.000,0,-,-,-,-,4054.2000,4054.0000,4053.8000,4053.4000,4053.0000,4056.2000,4056.6000,4057.8000,4058.0000,4058.2000,1,1,1,1,3,1,1,2,4,1
SF,IF2006,2020-02-19 11:13:25.900,4054.2000,23842,0,4490575440.000,0,-,-,-,-,4054.2000,4054.0000,4053.8000,4053.4000,4053.0000,4056.0000,4056.2000,4056.6000,4057.8000,4058.0000,1,1,1,1,3,1,1,1,2,4
SF,IF2006,2020-02-19 11:13:26.900,4054.2000,23842,0,4490575440.000,0,-,-,-,-,4054.2000,4054.0000,4053.8000,4053.0000,4052.0000,4056.0000,4056.2000,4056.6000,4057.8000,4058.0000,1,1,1,3,1,1,1,1,2,4
SF,IF2006,2020-02-19 11:13:27.400,4054.2000,23842,0,4490575440.000,0,-,-,-,-,4054.2000,4054.0000,4053.0000,4052.0000,4051.4000,4056.0000,4056.2000,4056.6000,4057.8000,4058.0000,2,1,3,1,1,1,1,1,2,4
SF,IF2006,2020-02-19 11:13:27.900,4054.2000,23842,0,4490575440.000,0,-,-,-,-,4054.2000,4054.0000,4053.0000,4052.0000,4051.4000,4056.0000,4056.2000,4056.6000,4057.8000,4058.0000,3,1,3,1,1,1,1,1,2,4
SF,IF2006,2020-02-19 11:13:28.400,4054.2000,23842,0,4490575440.000,0,-,-,-,-,4054.2000,4054.0000,4053.0000,4052.0000,4051.4000,4056.0000,4056.2000,4056.6000,4057.8000,4058.0000,3,1,2,1,1,1,1,1,2,4
SF,IF2006,2020-02-19 11:13:28.900,4056.0000,23842,0,4491792240.000,1,0,1,多换,S,4054.2000,4054.0000,4053.0000,4052.0000,4051.4000,4056.2000,4056.6000,4057.8000,4058.0000,4058.2000,3,1,2,1,1,1,1,2,4,1
SF,IF2006,2020-02-19 11:13:29.400,4056.0000,23842,0,4491792240.000,0,-,-,-,-,4054.4000,4054.2000,4054.0000,4053.0000,4052.0000,4056.2000,4056.6000,4057.8000,4058.0000,4058.2000,1,3,1,2,1,1,1,2,4,1
SF,IF2006,2020-02-19 11:13:29.900,4056.0000,23842,0,4491792240.000,0,-,-,-,-,4054.4000,4054.2000,4054.0000,4053.0000,4052.0000,4056.0000,4056.2000,4056.6000,4057.8000,4058.0000,1,3,1,2,1,1,1,1,2,4
SF,IF2006,2020-02-19 11:13:30.900,4056.0000,23842,0,4491792240.000,0,-,-,-,-,4054.4000,4054.2000,4054.0000,4053.0000,4052.0000,4055.8000,4056.0000,4056.2000,4056.6000,4057.8000,1,3,1,2,1,1,1,1,1,2
SF,IF2006,2020-02-19 11:13:31.400,4056.0000,23842,0,4491792240.000,0,-,-,-,-,4054.4000,4054.2000,4054.0000,4053.0000,4052.0000,4055.0000,4055.8000,4056.0000,4056.2000,4056.6000,1,3,1,2,1,1,1,1,1,1
SF,IF2006,2020-02-19 11:13:31.900,4056.0000,23842,0,4491792240.000,0,-,-,-,-,4054.6000,4054.4000,4054.2000,4054.0000,4053.0000,4055.0000,4055.8000,4056.2000,4056.6000,4057.8000,3,1,3,1,2,1,1,1,1,2
SF,IF2006,2020-02-19 11:13:32.400,4055.0000,23841,-1,4493008740.000,1,0,1,双平,S,4054.6000,4054.4000,4054.2000,4054.0000,4053.0000,4055.8000,4056.2000,4056.6000,4057.8000,4058.0000,3,1,3,1,2,1,1,1,2,4
SF,IF2006,2020-02-19 11:13:32.900,4055.0000,23841,0,4493008740.000,0,-,-,-,-,4054.6000,4054.4000,4054.2000,4054.0000,4053.0000,4055.6000,4055.8000,4056.2000,4056.6000,4057.8000,3,1,3,1,2,1,1,1,1,2
SF,IF2006,2020-02-19 11:13:33.400,4055.0000,23841,0,4493008740.000,0,-,-,-,-,4054.6000,4054.4000,4054.2000,4054.0000,4053.0000,4055.6000,4055.8000,4056.2000,4056.6000,4057.8000,3,1,2,1,2,1,1,1,1,2
SF,IF2006,2020-02-19 11:13:35.400,4055.0000,23841,0,4493008740.000,0,-,-,-,-,4054.6000,4054.4000,4054.2000,4054.0000,4053.4000,4055.6000,4055.8000,4056.2000,4056.6000,4057.8000,3,1,2,1,1,1,1,1,1,2
SF,IF2006,2020-02-19 11:13:36.400,4055.0000,23841,0,4493008740.000,0,-,-,-,-,4054.6000,4054.4000,4054.2000,4053.4000,4053.0000,4055.8000,4056.2000,4056.6000,4057.8000,4058.0000,3,1,2,1,2,1,1,1,2,4
SF,IF2006,2020-02-19 11:13:36.900,4055.0000,23841,0,4493008740.000,0,-,-,-,-,4054.6000,4054.4000,4054.2000,4053.4000,4053.0000,4056.2000,4056.6000,4057.8000,4058.0000,4058.2000,3,1,1,1,2,1,1,2,4,1
SF,IF2006,2020-02-19 11:13:39.400,4055.0000,23841,0,4493008740.000,0,-,-,-,-,4054.8000,4054.6000,4054.2000,4053.4000,4053.0000,4056.2000,4056.6000,4057.8000,4058.0000,4058.2000,1,3,1,1,2,1,1,2,4,1
SF,IF2006,2020-02-19 11:13:40.400,4055.0000,23841,0,4493008740.000,0,-,-,-,-,4054.8000,4054.6000,4054.2000,4053.4000,4053.0000,4056.2000,4057.8000,4058.0000,4058.2000,4058.8000,1,3,1,1,2,1,2,4,1,2
SF,IF2006,2020-02-19 11:13:40.900,4055.0000,23841,0,4493008740.000,0,-,-,-,-,4055.2000,4055.0000,4054.6000,4054.2000,4053.4000,4056.2000,4057.8000,4058.0000,4058.2000,4058.8000,1,2,3,1,1,1,2,4,1,2
SF,IF2006,2020-02-19 11:13:41.400,4056.2000,23842,1,4494225600.000,1,1,0,双开,S,4055.6000,4055.4000,4054.6000,4054.2000,4053.4000,4057.8000,4058.0000,4058.2000,4058.8000,4059.0000,1,3,3,1,1,2,4,1,2,2
SF,IF2006,2020-02-19 11:13:41.900,4056.2000,23842,0,4494225600.000,0,-,-,-,-,4055.6000,4055.4000,4054.6000,4054.2000,4053.4000,4057.4000,4057.6000,4057.8000,4058.0000,4058.2000,1,3,3,1,1,2,1,2,4,1
SF,IF2006,2020-02-19 11:13:42.400,4056.2000,23842,0,4494225600.000,0,-,-,-,-,4056.0000,4055.8000,4054.6000,4054.2000,4053.4000,4057.8000,4058.0000,4058.2000,4058.8000,4059.0000,2,1,3,1,1,2,4,1,2,2
SF,IF2006,2020-02-19 11:13:42.900,4056.2000,23842,0,4494225600.000,0,-,-,-,-,4056.4000,4056.2000,4056.0000,4055.8000,4054.6000,4057.8000,4058.0000,4058.2000,4058.8000,4059.0000,1,1,1,1,3,2,4,1,2,2
SF,IF2006,2020-02-19 11:13:43.400,4056.2000,23842,0,4494225600.000,0,-,-,-,-,4056.4000,4056.2000,4056.0000,4055.8000,4054.6000,4057.8000,4058.0000,4058.2000,4058.8000,4059.0000,1,1,1,1,3,2,4,1,2,2
SF,IF2006,2020-02-19 11:13:43.900,4056.2000,23842,0,4494225600.000,0,-,-,-,-,4056.8000,4056.6000,4055.8000,4054.6000,4054.2000,4057.8000,4058.0000,4058.2000,4058.8000,4059.0000,1,2,1,3,1,2,4,1,2,2
SF,IF2006,2020-02-19 11:13:44.400,4056.2000,23842,0,4494225600.000,0,-,-,-,-,4056.8000,4056.6000,4055.8000,4054.6000,4054.2000,4057.8000,4058.0000,4058.2000,4058.8000,4059.0000,2,2,1,3,1,2,4,1,2,3
SF,IF2006,2020-02-19 11:13:45.900,4056.2000,23842,0,4494225600.000,0,-,-,-,-,4056.8000,4056.6000,4055.8000,4054.6000,4054.2000,4057.8000,4058.0000,4058.2000,4058.8000,4059.0000,2,1,1,3,1,2,4,1,2,3
SF,IF2006,2020-02-19 11:13:46.400,4056.2000,23842,0,4494225600.000,0,-,-,-,-,4056.8000,4056.6000,4055.8000,4054.6000,4054.2000,4057.8000,4058.0000,4058.2000,4058.8000,4059.0000,2,1,1,3,1,2,4,1,2,3
SF,IF2006,2020-02-19 11:13:46.900,4056.2000,23842,0,4494225600.000,0,-,-,-,-,4056.8000,4056.6000,4055.8000,4054.6000,4054.2000,4057.8000,4058.0000,4058.2000,4058.8000,4059.0000,1,1,1,3,1,2,4,1,2,3
SF,IF2006,2020-02-19 11:13:47.900,4056.2000,23842,0,4494225600.000,0,-,-,-,-,4056.8000,4056.6000,4055.8000,4054.6000,4054.2000,4057.6000,4057.8000,4058.0000,4058.2000,4058.8000,1,1,1,3,1,1,2,4,1,2
SF,IF2006,2020-02-19 11:13:48.900,4056.8000,23842,0,4495442640.000,1,0,1,多换,S,4055.8000,4054.6000,4054.2000,4053.4000,4053.0000,4057.6000,4057.8000,4058.0000,4058.2000,4058.8000,1,3,1,1,2,1,2,4,1,2
SF,IF2006,2020-02-19 11:13:49.400,4056.8000,23842,0,4495442640.000,0,-,-,-,-,4056.0000,4055.8000,4054.6000,4054.2000,4053.4000,4057.6000,4057.8000,4058.0000,4058.2000,4058.8000,3,1,3,1,1,1,2,4,1,2
SF,IF2006,2020-02-19 11:13:49.900,4056.8000,23842,0,4495442640.000,0,-,-,-,-,4056.0000,4055.8000,4054.6000,4054.2000,4053.4000,4057.4000,4057.6000,4057.8000,4058.0000,4058.2000,3,1,3,1,1,1,1,2,4,1
SF,IF2006,2020-02-19 11:13:50.400,4056.8000,23842,0,4495442640.000,0,-,-,-,-,4056.0000,4055.8000,4054.6000,4054.2000,4053.4000,4057.4000,4057.6000,4057.8000,4058.0000,4058.2000,1,1,3,1,1,1,1,2,4,1
SF,IF2006,2020-02-19 11:13:50.900,4056.8000,23842,0,4495442640.000,0,-,-,-,-,4055.8000,4054.6000,4054.2000,4053.4000,4053.0000,4057.4000,4057.6000,4057.8000,4058.0000,4058.2000,1,3,1,1,2,1,1,2,4,1
SF,IF2006,2020-02-19 11:13:51.400,4056.8000,23842,0,4495442640.000,0,-,-,-,-,4055.8000,4054.6000,4054.2000,4053.4000,4053.0000,4057.4000,4057.6000,4057.8000,4058.0000,4058.2000,1,3,1,1,2,1,1,2,4,1
SF,IF2006,2020-02-19 11:13:51.900,4056.8000,23842,0,4495442640.000,0,-,-,-,-,4054.6000,4054.2000,4053.4000,4053.0000,4052.0000,4057.2000,4057.4000,4057.6000,4057.8000,4058.0000,3,1,1,2,1,1,1,1,2,4
SF,IF2006,2020-02-19 11:13:52.400,4056.8000,23842,0,4495442640.000,0,-,-,-,-,4055.2000,4055.0000,4054.8000,4054.6000,4054.4000,4057.2000,4057.4000,4057.6000,4057.8000,4058.0000,7,1,1,3,1,1,1,1,2,4
SF,IF2006,2020-02-19 11:13:52.900,4056.8000,23842,0,4495442640.000,0,-,-,-,-,4055.6000,4055.4000,4055.2000,4054.6000,4054.2000,4057.2000,4057.4000,4057.6000,4057.8000,4058.0000,1,1,1,3,1,1,1,1,2,4
SF,IF2006,2020-02-19 11:13:53.400,4056.8000,23842,0,4495442640.000,0,-,-,-,-,4055.8000,4055.6000,4054.6000,4054.2000,4053.4000,4057.4000,4057.6000,4057.8000,4058.0000,4058.2000,2,1,3,1,1,1,1,2,4,2
SF,IF2006,2020-02-19 11:13:53.900,4056.8000,23842,0,4495442640.000,0,-,-,-,-,4056.0000,4055.8000,4054.6000,4054.2000,4053.4000,4057.6000,4057.8000,4058.0000,4058.2000,4058.8000,1,2,3,1,1,1,2,4,2,2
SF,IF2006,2020-02-19 11:13:54.400,4056.8000,23842,0,4495442640.000,0,-,-,-,-,4056.2000,4056.0000,4055.8000,4054.6000,4054.2000,4057.6000,4057.8000,4058.0000,4058.2000,4058.8000,1,2,1,3,1,1,2,4,2,2
SF,IF2006,2020-02-19 11:13:55.400,4056.8000,23842,0,4495442640.000,0,-,-,-,-,4056.2000,4056.0000,4055.8000,4054.6000,4054.2000,4057.6000,4057.8000,4058.0000,4058.2000,4058.8000,1,1,1,3,1,1,2,4,2,2
SF,IF2006,2020-02-19 11:13:56.900,4056.8000,23842,0,4495442640.000,0,-,-,-,-,4056.2000,4056.0000,4054.6000,4054.2000,4053.4000,4057.6000,4057.8000,4058.0000,4058.2000,4058.8000,1,1,3,1,1,1,2,4,2,2
SF,IF2006,2020-02-19 11:13:58.900,4056.2000,23843,1,4496659500.000,1,1,0,双开,S,4056.0000,4054.6000,4054.2000,4053.4000,4053.0000,4057.6000,4057.8000,4058.0000,4058.2000,4058.8000,1,3,1,1,2,1,2,4,2,2
SF,IF2006,2020-02-19 11:14:02.400,4056.2000,23843,0,4496659500.000,0,-,-,-,-,4056.2000,4056.0000,4054.6000,4054.2000,4053.4000,4057.6000,4057.8000,4058.0000,4058.2000,4058.8000,2,1,3,1,1,1,2,4,2,2
SF,IF2006,2020-02-19 11:14:02.900,4056.2000,23843,0,4496659500.000,0,-,-,-,-,4056.2000,4056.0000,4054.6000,4054.2000,4053.4000,4057.4000,4057.6000,4057.8000,4058.0000,4058.2000,2,1,3,1,1,1,1,2,4,2
SF,IF2006,2020-02-19 11:14:03.900,4056.2000,23843,0,4496659500.000,0,-,-,-,-,4056.4000,4056.2000,4056.0000,4054.6000,4054.2000,4057.4000,4057.6000,4057.8000,4058.0000,4058.2000,1,2,1,3,1,1,1,2,4,2
SF,IF2006,2020-02-19 11:14:04.900,4056.2000,23843,0,4496659500.000,0,-,-,-,-,4056.2000,4056.0000,4054.6000,4054.2000,4053.4000,4057.4000,4057.6000,4057.8000,4058.0000,4058.2000,1,1,3,1,1,1,1,2,4,2
SF,IF2006,2020-02-19 11:14:05.400,4056.2000,23843,0,4496659500.000,0,-,-,-,-,4056.0000,4054.6000,4054.2000,4053.4000,4053.0000,4057.4000,4057.6000,4057.8000,4058.0000,4058.2000,1,3,1,1,2,1,1,2,4,2
SF,IF2006,2020-02-19 11:14:05.900,4056.2000,23843,0,4496659500.000,0,-,-,-,-,4054.6000,4054.2000,4053.4000,4053.0000,4052.0000,4057.4000,4057.6000,4057.8000,4058.0000,4058.2000,3,1,1,2,1,1,1,2,4,2
SF,IF2006,2020-02-19 11:14:06.400,4056.2000,23843,0,4496659500.000,0,-,-,-,-,4055.6000,4055.4000,4054.6000,4054.4000,4054.2000,4057.4000,4057.6000,4057.8000,4058.0000,4058.2000,3,5,3,1,1,1,1,2,4,2
SF,IF2006,2020-02-19 11:14:06.900,4056.2000,23843,0,4496659500.000,0,-,-,-,-,4056.0000,4055.6000,4055.4000,4054.6000,4054.4000,4057.4000,4057.6000,4057.8000,4058.0000,4058.2000,1,2,5,3,1,1,1,2,4,2
SF,IF2006,2020-02-19 11:14:07.400,4056.2000,23843,0,4496659500.000,0,-,-,-,-,4056.0000,4055.6000,4055.4000,4054.6000,4054.4000,4057.4000,4057.6000,4057.8000,4058.0000,4058.2000,1,1,5,3,1,1,1,2,4,2
SF,IF2006,2020-02-19 11:14:07.900,4057.4000,23843,0,4497876720.000,1,0,1,多换,S,4057.4000,4056.0000,4055.6000,4055.4000,4054.6000,4057.6000,4057.8000,4058.0000,4058.2000,4058.8000,2,1,1,5,3,1,2,4,2,2
SF,IF2006,2020-02-19 11:14:08.400,4057.4000,23841,-2,4500311160.000,2,0,2,双平,S,4056.2000,4055.6000,4054.4000,4054.2000,4053.4000,4057.4000,4057.6000,4057.8000,4058.0000,4058.2000,1,1,1,1,1,2,1,2,4,2
SF,IF2006,2020-02-19 11:14:13.900,4057.4000,23840,-1,4501528380.000,1,0,1,双平,S,4057.4000,4056.4000,4056.2000,4055.6000,4054.4000,4057.6000,4057.8000,4058.0000,4058.2000,4058.8000,2,1,1,1,1,1,2,4,2,2
SF,IF2006,2020-02-19 11:14:14.400,4057.4000,23840,0,4503962820.000,2,1,1,多换,S,4056.4000,4055.6000,4054.4000,4054.2000,4053.4000,4057.4000,4057.6000,4057.8000,4058.0000,4058.2000,1,1,1,1,1,2,1,2,4,2
SF,IF2006,2020-02-19 11:14:16.400,4057.4000,23840,0,4503962820.000,0,-,-,-,-,4055.6000,4054.4000,4054.2000,4053.4000,4053.0000,4057.4000,4057.6000,4057.8000,4058.0000,4058.2000,1,1,1,1,2,2,1,2,4,1
SF,IF2006,2020-02-19 11:14:16.900,4057.4000,23840,0,4503962820.000,0,-,-,-,-,4055.8000,4055.6000,4054.4000,4054.2000,4053.4000,4057.4000,4057.6000,4057.8000,4058.0000,4058.2000,9,1,1,1,1,2,1,2,4,1
SF,IF2006,2020-02-19 11:14:17.400,4057.4000,23840,0,4503962820.000,0,-,-,-,-,4056.4000,4056.2000,4056.0000,4055.8000,4054.4000,4057.4000,4057.6000,4057.8000,4058.0000,4058.2000,1,7,1,9,1,2,1,2,4,1
SF,IF2006,2020-02-19 11:14:17.900,4057.4000,23840,0,4503962820.000,0,-,-,-,-,4056.4000,4056.2000,4056.0000,4055.8000,4054.4000,4057.4000,4057.6000,4057.8000,4058.0000,4058.2000,1,3,1,8,1,2,1,2,4,1
SF,IF2006,2020-02-19 11:14:18.400,4057.4000,23840,0,4503962820.000,0,-,-,-,-,4056.4000,4056.2000,4056.0000,4055.8000,4054.4000,4057.4000,4057.6000,4057.8000,4058.0000,4058.2000,1,3,1,8,1,2,1,2,4,1
SF,IF2006,2020-02-19 11:14:18.900,4057.4000,23840,0,4503962820.000,0,-,-,-,-,4056.4000,4056.2000,4056.0000,4055.8000,4054.4000,4057.4000,4057.6000,4057.8000,4058.0000,4058.2000,1,3,1,6,1,2,1,2,4,1
SF,IF2006,2020-02-19 11:14:19.400,4057.4000,23840,0,4503962820.000,0,-,-,-,-,4057.4000,4056.6000,4056.2000,4056.0000,4055.8000,4057.6000,4057.8000,4058.0000,4058.2000,4058.8000,3,2,2,1,5,1,2,4,1,2
SF,IF2006,2020-02-19 11:14:19.900,4057.4000,23838,-2,4506397260.000,2,0,2,双平,S,4057.4000,4056.6000,4056.2000,4056.0000,4054.4000,4057.6000,4057.8000,4058.0000,4058.2000,4058.8000,1,2,1,1,1,1,2,4,1,2
SF,IF2006,2020-02-19 11:14:20.400,4057.6000,23837,-1,4507614540.000,1,0,1,双平,S,4057.4000,4056.6000,4056.2000,4056.0000,4054.4000,4057.8000,4058.0000,4058.2000,4058.8000,4059.0000,1,1,1,1,1,2,4,1,2,2
SF,IF2006,2020-02-19 11:14:20.900,4057.6000,23837,0,4507614540.000,0,-,-,-,-,4057.4000,4056.6000,4056.2000,4054.4000,4054.2000,4057.8000,4058.0000,4058.2000,4058.8000,4059.0000,1,2,1,1,1,2,4,1,2,2
SF,IF2006,2020-02-19 11:14:21.400,4057.6000,23837,0,4507614540.000,0,-,-,-,-,4057.4000,4056.6000,4056.2000,4054.4000,4054.2000,4057.8000,4058.0000,4058.2000,4058.8000,4059.0000,1,1,1,1,1,2,4,1,2,2
SF,IF2006,2020-02-19 11:14:21.900,4057.8000,23838,1,4508831880.000,1,1,0,双开,S,4057.4000,4056.6000,4056.2000,4054.4000,4054.2000,4057.8000,4058.0000,4058.2000,4058.8000,4059.0000,1,1,1,1,1,1,4,1,2,2
SF,IF2006,2020-02-19 11:14:22.400,4057.8000,23837,-1,4510049220.000,1,0,1,双平,S,4057.4000,4056.6000,4056.2000,4054.4000,4054.2000,4058.0000,4058.2000,4058.8000,4059.0000,4059.6000,1,1,1,1,1,4,1,2,2,1
SF,IF2006,2020-02-19 11:14:22.900,4057.8000,23837,0,4510049220.000,0,-,-,-,-,4057.4000,4056.6000,4056.2000,4054.4000,4054.2000,4058.0000,4058.2000,4058.8000,4059.0000,4059.6000,1,1,1,1,1,4,1,2,2,1
SF,IF2006,2020-02-19 11:14:24.900,4057.8000,23837,0,4510049220.000,0,-,-,-,-,4057.4000,4056.2000,4054.4000,4054.2000,4053.4000,4058.0000,4058.2000,4058.8000,4059.0000,4059.6000,1,1,1,1,1,4,1,2,2,1
SF,IF2006,2020-02-19 11:14:25.400,4057.4000,23836,-1,4511266440.000,1,0,1,双平,S,4056.2000,4054.4000,4054.2000,4053.4000,4053.0000,4058.0000,4058.2000,4058.8000,4059.0000,4059.6000,1,1,1,1,2,4,1,2,2,1
SF,IF2006,2020-02-19 11:14:25.900,4057.4000,23836,0,4511266440.000,0,-,-,-,-,4056.8000,4056.6000,4056.4000,4056.2000,4054.4000,4058.0000,4058.2000,4058.8000,4059.0000,4059.6000,1,1,6,1,1,4,1,2,2,1
SF,IF2006,2020-02-19 11:14:26.900,4057.4000,23836,0,4511266440.000,0,-,-,-,-,4056.8000,4056.6000,4056.4000,4056.2000,4054.4000,4058.0000,4058.2000,4058.8000,4059.0000,4059.6000,1,2,6,1,1,4,1,2,2,1
SF,IF2006,2020-02-19 11:14:28.400,4057.4000,23836,0,4511266440.000,0,-,-,-,-,4056.8000,4056.6000,4056.4000,4056.2000,4054.4000,4058.0000,4058.2000,4058.8000,4059.0000,4059.6000,1,2,3,1,1,4,1,2,2,1
SF,IF2006,2020-02-19 11:14:29.400,4057.4000,23836,0,4511266440.000,0,-,-,-,-,4056.6000,4056.4000,4056.2000,4054.4000,4054.2000,4058.0000,4058.2000,4058.8000,4059.0000,4059.6000,1,3,1,1,1,4,1,2,2,1
SF,IF2006,2020-02-19 11:14:29.900,4057.4000,23836,0,4511266440.000,0,-,-,-,-,4056.6000,4056.4000,4056.2000,4054.4000,4054.2000,4058.0000,4058.2000,4058.8000,4059.0000,4059.6000,1,3,1,1,1,4,1,2,2,1
SF,IF2006,2020-02-19 11:14:30.400,4057.4000,23836,0,4511266440.000,0,-,-,-,-,4056.6000,4056.4000,4056.2000,4054.4000,4054.2000,4058.0000,4058.2000,4058.8000,4059.0000,4059.6000,1,3,1,1,1,4,1,2,3,1
SF,IF2006,2020-02-19 11:14:30.900,4057.4000,23836,0,4511266440.000,0,-,-,-,-,4056.4000,4056.2000,4054.4000,4054.2000,4053.4000,4058.0000,4058.2000,4058.8000,4059.0000,4059.6000,3,1,1,1,1,4,1,2,3,1
SF,IF2006,2020-02-19 11:14:31.900,4057.4000,23836,0,4511266440.000,0,-,-,-,-,4056.4000,4056.2000,4054.4000,4054.2000,4053.4000,4058.0000,4058.2000,4058.8000,4059.0000,4059.6000,3,1,1,1,1,4,1,2,3,1
SF,IF2006,2020-02-19 11:14:32.900,4057.4000,23836,0,4511266440.000,0,-,-,-,-,4056.4000,4056.2000,4054.4000,4054.2000,4053.4000,4058.0000,4058.2000,4058.8000,4059.0000,4059.6000,3,1,1,1,1,4,1,2,4,1
SF,IF2006,2020-02-19 11:14:33.900,4058.0000,23836,0,4514918640.000,3,1,2,多换,S,4056.4000,4056.2000,4054.4000,4054.2000,4053.4000,4058.0000,4058.2000,4058.8000,4059.0000,4059.6000,3,1,1,1,1,1,1,2,4,1
SF,IF2006,2020-02-19 11:14:34.400,4058.0000,23836,0,4514918640.000,0,-,-,-,-,4056.4000,4056.2000,4055.2000,4054.4000,4054.2000,4058.0000,4058.2000,4058.8000,4059.0000,4059.6000,3,1,1,1,1,1,1,2,4,1
SF,IF2006,2020-02-19 11:14:35.900,4058.0000,23836,0,4514918640.000,0,-,-,-,-,4056.4000,4056.2000,4055.2000,4054.4000,4054.2000,4057.8000,4058.0000,4058.2000,4058.8000,4059.0000,2,1,1,1,1,1,1,1,2,4
SF,IF2006,2020-02-19 11:14:36.400,4058.0000,23836,0,4514918640.000,0,-,-,-,-,4056.2000,4055.2000,4054.4000,4054.2000,4053.4000,4057.8000,4058.0000,4058.2000,4058.8000,4059.0000,1,1,1,1,1,1,2,1,2,4
SF,IF2006,2020-02-19 11:14:36.900,4058.0000,23836,0,4514918640.000,0,-,-,-,-,4056.2000,4055.2000,4054.4000,4054.2000,4053.4000,4057.8000,4058.0000,4058.2000,4058.8000,4059.0000,1,1,1,1,1,2,2,1,2,4
SF,IF2006,2020-02-19 11:14:37.900,4058.0000,23836,0,4514918640.000,0,-,-,-,-,4056.2000,4055.2000,4054.4000,4054.2000,4053.4000,4057.8000,4058.0000,4058.2000,4058.8000,4059.0000,2,1,1,1,1,1,2,1,2,4
SF,IF2006,2020-02-19 11:14:38.400,4058.0000,23836,0,4514918640.000,0,-,-,-,-,4056.2000,4055.2000,4054.4000,4054.2000,4053.4000,4057.6000,4057.8000,4058.0000,4058.2000,4058.8000,2,1,1,1,1,1,1,2,1,2
SF,IF2006,2020-02-19 11:14:39.900,4058.0000,23836,0,4514918640.000,0,-,-,-,-,4056.2000,4055.2000,4054.4000,4054.2000,4053.4000,4057.0000,4057.6000,4057.8000,4058.0000,4058.2000,2,1,1,1,1,1,1,1,2,1
SF,IF2006,2020-02-19 11:14:40.400,4056.2000,23837,1,4517352360.000,2,1,1,空开,S,4055.2000,4054.4000,4054.2000,4053.4000,4053.0000,4057.0000,4057.6000,4058.0000,4058.2000,4058.8000,1,1,1,1,2,1,1,2,1,2
SF,IF2006,2020-02-19 11:14:40.900,4056.2000,23837,0,4517352360.000,0,-,-,-,-,4055.8000,4055.6000,4055.4000,4055.2000,4054.4000,4057.0000,4057.6000,4058.0000,4058.2000,4058.8000,1,4,2,1,1,1,1,2,1,2
SF,IF2006,2020-02-19 11:14:41.400,4056.2000,23837,0,4517352360.000,0,-,-,-,-,4055.8000,4055.6000,4055.4000,4055.2000,4054.4000,4057.0000,4057.6000,4058.0000,4058.2000,4058.8000,1,4,1,1,1,1,1,1,1,2
SF,IF2006,2020-02-19 11:14:44.900,4057.0000,23836,-1,4518569460.000,1,0,1,双平,S,4055.8000,4055.6000,4055.4000,4055.2000,4054.4000,4057.6000,4058.0000,4058.2000,4058.8000,4059.0000,1,4,1,1,1,2,1,1,2,4
SF,IF2006,2020-02-19 11:14:45.400,4057.0000,23836,0,4518569460.000,0,-,-,-,-,4057.0000,4055.8000,4055.6000,4055.4000,4055.2000,4057.4000,4057.6000,4058.0000,4058.2000,4058.8000,3,1,4,1,1,1,2,1,1,2
SF,IF2006,2020-02-19 11:14:45.900,4057.0000,23835,-1,4519786560.000,1,0,1,双平,S,4057.0000,4055.8000,4055.6000,4055.4000,4055.2000,4057.4000,4057.6000,4058.0000,4058.2000,4058.8000,2,1,1,1,1,1,2,1,1,2
SF,IF2006,2020-02-19 11:14:46.400,4057.0000,23835,0,4522220760.000,2,1,1,多换,S,4055.8000,4055.6000,4055.4000,4055.2000,4054.4000,4057.4000,4057.6000,4058.0000,4058.2000,4058.8000,1,1,1,1,1,1,2,1,1,2
SF,IF2006,2020-02-19 11:14:47.900,4057.0000,23835,0,4522220760.000,0,-,-,-,-,4056.0000,4055.6000,4055.4000,4054.4000,4054.2000,4057.4000,4057.6000,4058.0000,4058.2000,4058.8000,1,1,1,1,1,1,2,1,1,2
SF,IF2006,2020-02-19 11:14:50.400,4057.0000,23835,0,4522220760.000,0,-,-,-,-,4056.2000,4056.0000,4055.6000,4055.4000,4054.4000,4057.4000,4057.6000,4058.0000,4058.2000,4058.8000,1,1,1,1,1,1,2,1,1,2
SF,IF2006,2020-02-19 11:14:51.900,4057.0000,23835,0,4522220760.000,0,-,-,-,-,4056.2000,4056.0000,4055.4000,4054.4000,4054.2000,4057.6000,4058.0000,4058.2000,4058.8000,4059.0000,1,1,1,1,1,2,1,1,2,4
SF,IF2006,2020-02-19 11:14:52.400,4057.0000,23835,0,4522220760.000,0,-,-,-,-,4056.2000,4055.4000,4054.4000,4054.2000,4053.4000,4057.6000,4058.0000,4058.2000,4058.8000,4059.0000,1,1,1,1,1,2,1,1,2,4
SF,IF2006,2020-02-19 11:14:52.900,4057.0000,23835,0,4522220760.000,0,-,-,-,-,4055.4000,4054.4000,4054.2000,4053.4000,4053.0000,4057.6000,4058.0000,4058.2000,4058.8000,4059.0000,1,1,1,1,2,2,1,1,2,4
SF,IF2006,2020-02-19 11:14:53.400,4057.0000,23835,0,4522220760.000,0,-,-,-,-,4056.0000,4055.8000,4055.6000,4055.4000,4054.4000,4057.6000,4058.0000,4058.2000,4058.8000,4059.0000,1,7,2,2,1,2,2,1,2,4
SF,IF2006,2020-02-19 11:14:53.900,4057.0000,23835,0,4522220760.000,0,-,-,-,-,4056.0000,4055.8000,4055.4000,4054.4000,4054.2000,4057.6000,4058.0000,4058.2000,4058.8000,4059.0000,1,7,2,1,1,1,2,1,2,4
SF,IF2006,2020-02-19 11:14:54.400,4057.0000,23835,0,4522220760.000,0,-,-,-,-,4056.2000,4056.0000,4055.8000,4055.4000,4054.4000,4057.6000,4058.0000,4058.2000,4058.8000,4059.0000,1,1,7,2,1,1,2,1,2,4
SF,IF2006,2020-02-19 11:14:55.400,4057.6000,23835,0,4523438040.000,1,0,1,多换,S,4057.6000,4056.2000,4056.0000,4055.8000,4055.4000,4058.0000,4058.2000,4058.8000,4059.0000,4059.6000,1,1,1,6,2,2,1,2,4,1
SF,IF2006,2020-02-19 11:14:55.900,4057.6000,23835,0,4524655320.000,1,0,1,多换,S,4056.0000,4055.8000,4055.4000,4054.4000,4054.2000,4057.6000,4058.0000,4058.2000,4058.8000,4059.0000,1,1,2,1,1,2,2,1,2,4
SF,IF2006,2020-02-19 11:14:56.400,4057.6000,23835,0,4524655320.000,0,-,-,-,-,4056.2000,4056.0000,4055.8000,4055.4000,4054.4000,4057.6000,4057.8000,4058.0000,4058.2000,4058.8000,3,1,1,2,1,2,1,2,1,2
SF,IF2006,2020-02-19 11:14:59.900,4057.6000,23835,0,4524655320.000,0,-,-,-,-,4056.2000,4056.0000,4055.8000,4055.4000,4054.4000,4057.4000,4057.6000,4057.8000,4058.0000,4058.2000,3,1,1,2,1,1,2,1,2,1
SF,IF2006,2020-02-19 11:15:00.400,4057.6000,23835,0,4524655320.000,0,-,-,-,-,4056.2000,4055.8000,4055.4000,4054.4000,4054.2000,4057.4000,4057.6000,4057.8000,4058.0000,4058.2000,3,1,2,1,1,1,2,1,2,1
SF,IF2006,2020-02-19 11:15:00.900,4057.4000,23835,0,4525872540.000,1,0,1,多换,S,4057.4000,4056.2000,4055.8000,4055.4000,4054.4000,4057.6000,4057.8000,4058.0000,4058.2000,4058.8000,1,3,1,2,1,1,1,2,1,2
SF,IF2006,2020-02-19 11:15:01.400,4057.4000,23834,-1,4527089760.000,1,0,1,双平,S,4056.2000,4055.8000,4055.4000,4054.4000,4054.2000,4057.6000,4057.8000,4058.0000,4058.2000,4058.8000,2,1,2,1,1,1,1,2,1,2
SF,IF2006,2020-02-19 11:15:02.900,4057.4000,23834,0,4527089760.000,0,-,-,-,-,4056.4000,4056.2000,4055.4000,4054.4000,4054.2000,4057.6000,4057.8000,4058.0000,4058.2000,4058.8000,1,2,2,1,1,1,1,2,1,2
SF,IF2006,2020-02-19 11:15:03.900,4057.4000,23834,0,4527089760.000,0,-,-,-,-,4056.4000,4056.2000,4055.4000,4054.4000,4054.2000,4057.8000,4058.0000,4058.2000,4058.8000,4059.0000,1,2,2,1,1,1,2,1,2,4
SF,IF2006,2020-02-19 11:15:04.400,4057.4000,23834,0,4527089760.000,0,-,-,-,-,4056.4000,4056.2000,4055.4000,4054.4000,4054.2000,4057.8000,4058.0000,4058.2000,4058.8000,4059.0000,1,2,2,1,1,1,2,1,2,4
SF,IF2006,2020-02-19 11:15:04.900,4057.4000,23834,0,4527089760.000,0,-,-,-,-,4056.4000,4055.4000,4054.4000,4054.2000,4053.4000,4057.6000,4057.8000,4058.0000,4058.2000,4058.8000,1,2,1,1,1,3,2,2,1,2
SF,IF2006,2020-02-19 11:15:05.400,4057.4000,23834,0,4527089760.000,0,-,-,-,-,4056.4000,4055.4000,4054.4000,4054.2000,4053.4000,4057.6000,4057.8000,4058.0000,4058.2000,4058.8000,1,1,1,1,1,3,2,2,1,2
SF,IF2006,2020-02-19 11:15:05.900,4057.4000,23834,0,4527089760.000,0,-,-,-,-,4056.4000,4055.4000,4054.4000,4054.2000,4053.4000,4057.6000,4057.8000,4058.0000,4058.2000,4058.8000,1,1,1,1,1,3,2,2,1,2
SF,IF2006,2020-02-19 11:15:06.400,4057.4000,23834,0,4527089760.000,0,-,-,-,-,4056.4000,4055.4000,4054.4000,4054.2000,4053.4000,4057.6000,4057.8000,4058.0000,4058.2000,4058.8000,1,1,1,1,1,4,1,2,1,2
SF,IF2006,2020-02-19 11:15:06.900,4057.4000,23834,0,4527089760.000,0,-,-,-,-,4056.4000,4055.4000,4054.4000,4054.2000,4053.4000,4057.6000,4057.8000,4058.0000,4058.2000,4058.8000,1,1,1,1,1,4,1,2,1,2
SF,IF2006,2020-02-19 11:15:07.400,4057.4000,23834,0,4527089760.000,0,-,-,-,-,4056.4000,4055.4000,4054.4000,4054.2000,4053.4000,4057.6000,4057.8000,4058.0000,4058.2000,4058.8000,1,1,1,1,1,4,1,2,1,2
SF,IF2006,2020-02-19 11:15:07.900,4057.4000,23834,0,4527089760.000,0,-,-,-,-,4056.4000,4054.4000,4054.2000,4053.4000,4053.0000,4057.4000,4057.6000,4057.8000,4058.0000,4058.2000,1,1,1,1,2,1,4,1,2,1
SF,IF2006,2020-02-19 11:15:08.400,4057.4000,23834,0,4527089760.000,0,-,-,-,-,4056.4000,4054.4000,4054.2000,4053.4000,4053.0000,4057.2000,4057.4000,4057.6000,4057.8000,4058.0000,1,1,1,1,2,1,1,3,1,2
SF,IF2006,2020-02-19 11:15:08.900,4057.4000,23834,0,4527089760.000,0,-,-,-,-,4056.4000,4054.4000,4054.2000,4053.4000,4053.0000,4057.2000,4057.4000,4057.6000,4057.8000,4058.0000,1,1,1,1,2,1,1,3,1,2
SF,IF2006,2020-02-19 11:15:09.400,4057.4000,23834,0,4527089760.000,0,-,-,-,-,4056.4000,4054.4000,4054.2000,4053.4000,4053.0000,4057.2000,4057.4000,4057.6000,4057.8000,4058.0000,1,1,1,1,2,1,1,3,1,2
SF,IF2006,2020-02-19 11:15:09.900,4057.4000,23834,0,4527089760.000,0,-,-,-,-,4056.4000,4054.4000,4054.2000,4053.4000,4053.0000,4057.4000,4057.6000,4057.8000,4058.0000,4058.2000,1,1,1,1,2,1,3,1,2,1
SF,IF2006,2020-02-19 11:15:10.400,4056.4000,23834,0,4528306680.000,1,0,1,多换,S,4054.4000,4054.2000,4053.4000,4053.0000,4052.0000,4057.4000,4057.6000,4057.8000,4058.0000,4058.2000,1,1,1,2,2,1,3,1,2,1
SF,IF2006,2020-02-19 11:15:10.900,4056.4000,23834,0,4528306680.000,0,-,-,-,-,4055.4000,4055.0000,4054.8000,4054.6000,4054.4000,4057.4000,4057.6000,4057.8000,4058.0000,4058.2000,4,2,1,3,2,1,3,1,2,1
SF,IF2006,2020-02-19 11:15:11.400,4056.4000,23834,0,4528306680.000,0,-,-,-,-,4055.4000,4055.0000,4054.8000,4054.6000,4054.4000,4057.4000,4057.6000,4057.8000,4058.0000,4058.2000,4,2,1,2,2,1,3,1,2,1
SF,IF2006,2020-02-19 11:15:11.900,4056.4000,23834,0,4528306680.000,0,-,-,-,-,4055.6000,4055.4000,4055.0000,4054.8000,4054.6000,4057.4000,4057.6000,4057.8000,4058.0000,4058.2000,1,4,2,1,2,2,3,1,2,1
SF,IF2006,2020-02-19 11:15:12.900,4056.4000,23834,0,4528306680.000,0,-,-,-,-,4055.6000,4055.4000,4055.0000,4054.8000,4054.6000,4057.4000,4057.6000,4057.8000,4058.0000,4058.2000,1,3,2,1,2,2,2,1,2,1
SF,IF2006,2020-02-19 11:15:13.900,4056.4000,23834,0,4528306680.000,0,-,-,-,-,4055.8000,4055.6000,4055.4000,4055.0000,4054.8000,4057.4000,4057.6000,4057.8000,4058.0000,4058.2000,1,1,2,2,1,2,2,1,2,1
SF,IF2006,2020-02-19 11:15:14.400,4056.4000,23834,0,4528306680.000,0,-,-,-,-,4055.8000,4055.6000,4055.4000,4055.0000,4054.8000,4057.4000,4057.6000,4057.8000,4058.0000,4058.2000,1,1,1,2,1,2,2,1,2,1
SF,IF2006,2020-02-19 11:15:14.900,4056.4000,23834,0,4528306680.000,0,-,-,-,-,4055.8000,4055.6000,4055.4000,4055.0000,4054.8000,4057.4000,4057.6000,4057.8000,4058.0000,4058.2000,1,1,1,2,1,2,2,1,2,1
SF,IF2006,2020-02-19 11:15:15.900,4056.4000,23834,0,4528306680.000,0,-,-,-,-,4056.0000,4055.8000,4055.6000,4055.4000,4055.0000,4057.4000,4057.6000,4057.8000,4058.0000,4058.2000,1,1,1,1,2,2,2,1,2,1
SF,IF2006,2020-02-19 11:15:16.900,4056.4000,23834,0,4528306680.000,0,-,-,-,-,4056.0000,4055.8000,4055.6000,4055.4000,4055.0000,4057.4000,4057.6000,4057.8000,4058.0000,4058.2000,1,1,1,1,2,2,2,1,2,1
SF,IF2006,2020-02-19 11:15:17.900,4056.4000,23834,0,4528306680.000,0,-,-,-,-,4056.0000,4055.8000,4055.6000,4055.4000,4055.0000,4057.4000,4057.6000,4057.8000,4058.0000,4058.2000,1,1,1,1,1,2,2,1,2,1
SF,IF2006,2020-02-19 11:15:18.900,4056.4000,23834,0,4528306680.000,0,-,-,-,-,4056.2000,4056.0000,4055.8000,4055.6000,4055.4000,4057.4000,4057.6000,4057.8000,4058.0000,4058.2000,1,1,1,1,1,1,2,1,2,1
SF,IF2006,2020-02-19 11:15:19.400,4056.4000,23834,0,4528306680.000,0,-,-,-,-,4056.2000,4056.0000,4055.6000,4055.4000,4055.0000,4057.4000,4057.8000,4058.0000,4058.2000,4058.8000,1,1,1,1,1,1,1,2,1,2
SF,IF2006,2020-02-19 11:15:21.900,4056.4000,23834,0,4528306680.000,0,-,-,-,-,4056.2000,4056.0000,4055.6000,4055.4000,4055.0000,4057.4000,4057.8000,4058.0000,4058.2000,4058.8000,1,1,1,1,1,1,1,2,1,2
SF,IF2006,2020-02-19 11:15:25.900,4056.4000,23834,0,4528306680.000,0,-,-,-,-,4056.6000,4056.4000,4056.2000,4055.6000,4055.4000,4057.4000,4057.8000,4058.0000,4058.2000,4058.8000,3,2,1,1,1,1,1,2,1,2
SF,IF2006,2020-02-19 11:15:26.400,4056.4000,23834,0,4528306680.000,0,-,-,-,-,4056.6000,4056.4000,4055.6000,4055.0000,4054.6000,4057.4000,4057.8000,4058.0000,4058.2000,4058.8000,1,2,1,1,2,1,1,2,1,2
SF,IF2006,2020-02-19 11:15:26.900,4056.4000,23834,0,4528306680.000,0,-,-,-,-,4056.8000,4056.4000,4055.6000,4055.0000,4054.6000,4057.4000,4057.8000,4058.0000,4058.2000,4058.8000,1,2,1,1,2,1,1,2,1,2
SF,IF2006,2020-02-19 11:15:27.400,4056.4000,23834,0,4528306680.000,0,-,-,-,-,4056.8000,4056.4000,4056.0000,4055.6000,4055.0000,4057.4000,4057.8000,4058.0000,4058.2000,4058.8000,1,1,1,1,1,1,1,2,1,2
SF,IF2006,2020-02-19 11:15:27.900,4057.4000,23833,-1,4529523900.000,1,0,1,双平,S,4056.8000,4056.0000,4055.6000,4055.0000,4054.6000,4057.8000,4058.0000,4058.2000,4058.8000,4059.0000,1,1,1,1,2,1,2,1,2,4
SF,IF2006,2020-02-19 11:15:28.400,4057.4000,23833,0,4529523900.000,0,-,-,-,-,4056.8000,4056.0000,4055.6000,4055.0000,4054.6000,4057.4000,4057.8000,4058.0000,4058.2000,4058.8000,1,1,1,1,2,2,1,2,1,2
SF,IF2006,2020-02-19 11:15:28.900,4057.4000,23835,2,4531958340.000,2,2,0,双开,S,4056.8000,4056.0000,4055.6000,4055.0000,4054.6000,4057.8000,4058.0000,4058.2000,4058.8000,4059.0000,1,1,1,1,2,1,2,1,2,4
SF,IF2006,2020-02-19 11:15:29.400,4057.4000,23835,0,4531958340.000,0,-,-,-,-,4057.6000,4057.0000,4056.0000,4055.6000,4055.0000,4057.8000,4058.0000,4058.2000,4058.8000,4059.0000,1,5,1,1,1,1,2,1,2,4
SF,IF2006,2020-02-19 11:15:29.900,4057.6000,23834,-1,4533175620.000,1,0,1,双平,S,4057.0000,4056.0000,4055.6000,4055.0000,4054.6000,4057.6000,4057.8000,4058.0000,4058.2000,4058.8000,5,1,1,1,2,1,1,2,1,2
SF,IF2006,2020-02-19 11:15:30.400,4057.6000,23834,0,4533175620.000,0,-,-,-,-,4057.2000,4056.0000,4055.6000,4055.0000,4054.6000,4057.6000,4057.8000,4058.0000,4058.2000,4058.8000,3,1,1,1,2,1,1,2,1,2
SF,IF2006,2020-02-19 11:15:30.900,4057.6000,23834,0,4534392900.000,1,0,1,多换,S,4057.6000,4056.0000,4055.6000,4055.0000,4054.6000,4057.8000,4058.0000,4058.2000,4058.8000,4059.0000,1,1,1,1,2,1,2,1,2,4
SF,IF2006,2020-02-19 11:15:31.400,4057.6000,23833,-1,4535610180.000,1,0,1,双平,S,4056.0000,4055.6000,4055.0000,4054.6000,4054.4000,4057.8000,4058.0000,4058.2000,4058.8000,4059.0000,1,1,1,2,2,1,2,1,2,4
SF,IF2006,2020-02-19 11:15:31.900,4057.6000,23833,0,4535610180.000,0,-,-,-,-,4056.6000,4056.2000,4056.0000,4055.6000,4055.0000,4057.8000,4058.0000,4058.2000,4058.8000,4059.0000,1,7,1,1,1,1,2,1,2,4
SF,IF2006,2020-02-19 11:15:33.400,4057.6000,23833,0,4535610180.000,0,-,-,-,-,4056.2000,4056.0000,4055.0000,4054.6000,4054.4000,4057.8000,4058.0000,4058.2000,4058.8000,4059.0000,7,1,1,2,2,1,2,1,2,4
SF,IF2006,2020-02-19 11:15:33.900,4057.6000,23833,0,4535610180.000,0,-,-,-,-,4056.4000,4056.2000,4056.0000,4055.0000,4054.6000,4057.8000,4058.0000,4058.2000,4058.8000,4059.0000,5,7,1,1,2,1,2,1,2,4
SF,IF2006,2020-02-19 11:15:34.400,4057.6000,23833,0,4535610180.000,0,-,-,-,-,4057.0000,4056.4000,4056.2000,4056.0000,4055.0000,4057.8000,4058.0000,4058.2000,4058.8000,4059.0000,1,5,7,1,1,1,2,1,2,4
SF,IF2006,2020-02-19 11:15:34.900,4057.6000,23833,0,4535610180.000,0,-,-,-,-,4057.0000,4056.4000,4056.2000,4056.0000,4055.0000,4057.8000,4058.0000,4058.2000,4058.8000,4059.0000,1,5,5,1,1,1,2,1,2,4
SF,IF2006,2020-02-19 11:15:35.900,4057.6000,23833,0,4535610180.000,0,-,-,-,-,4056.4000,4056.2000,4056.0000,4055.0000,4054.6000,4057.8000,4058.0000,4058.2000,4058.8000,4059.0000,5,5,1,1,2,1,2,1,2,4
SF,IF2006,2020-02-19 11:15:36.400,4057.6000,23833,0,4535610180.000,0,-,-,-,-,4056.6000,4056.4000,4056.2000,4056.0000,4055.0000,4057.8000,4058.0000,4058.2000,4058.8000,4059.0000,7,5,5,1,1,1,2,1,2,4
SF,IF2006,2020-02-19 11:15:36.900,4057.6000,23833,0,4535610180.000,0,-,-,-,-,4057.0000,4056.6000,4056.4000,4056.2000,4056.0000,4057.8000,4058.0000,4058.2000,4058.8000,4059.0000,5,7,5,5,1,1,2,1,2,4
SF,IF2006,2020-02-19 11:15:38.900,4057.6000,23833,0,4535610180.000,0,-,-,-,-,4056.6000,4056.4000,4056.2000,4056.0000,4055.0000,4057.8000,4058.0000,4058.2000,4058.8000,4059.0000,7,5,5,1,1,1,2,1,2,4
SF,IF2006,2020-02-19 11:15:42.400,4057.6000,23833,0,4535610180.000,0,-,-,-,-,4056.6000,4056.4000,4056.2000,4056.0000,4055.0000,4057.8000,4058.0000,4058.2000,4058.8000,4059.0000,2,5,5,1,1,1,2,1,2,4
SF,IF2006,2020-02-19 11:15:46.900,4057.6000,23833,0,4535610180.000,0,-,-,-,-,4057.2000,4057.0000,4056.8000,4056.6000,4056.4000,4057.8000,4058.0000,4058.2000,4058.8000,4059.0000,1,1,5,2,5,1,2,1,2,4
SF,IF2006,2020-02-19 11:15:47.400,4057.6000,23833,0,4535610180.000,0,-,-,-,-,4056.8000,4056.6000,4056.4000,4056.2000,4056.0000,4057.8000,4058.0000,4058.2000,4058.8000,4059.0000,5,2,5,5,1,1,2,1,2,4
SF,IF2006,2020-02-19 11:15:48.400,4057.6000,23833,0,4535610180.000,0,-,-,-,-,4056.6000,4056.4000,4056.2000,4056.0000,4055.0000,4057.8000,4058.0000,4058.2000,4058.8000,4059.0000,2,5,5,1,1,1,2,1,2,4
SF,IF2006,2020-02-19 11:15:48.900,4057.6000,23833,0,4535610180.000,0,-,-,-,-,4056.8000,4056.6000,4056.4000,4056.2000,4056.0000,4057.8000,4058.0000,4058.2000,4058.8000,4059.0000,5,2,5,5,1,1,2,1,2,4
SF,IF2006,2020-02-19 11:15:49.400,4057.6000,23833,0,4535610180.000,0,-,-,-,-,4056.6000,4056.4000,4056.2000,4056.0000,4055.0000,4057.8000,4058.0000,4058.2000,4058.8000,4059.0000,2,5,5,1,1,1,2,1,2,4
SF,IF2006,2020-02-19 11:15:53.400,4057.6000,23833,0,4535610180.000,0,-,-,-,-,4056.6000,4056.4000,4056.2000,4056.0000,4055.0000,4057.8000,4058.0000,4058.2000,4058.8000,4059.0000,2,5,5,1,1,2,2,1,2,4
SF,IF2006,2020-02-19 11:15:53.900,4057.6000,23833,0,4535610180.000,0,-,-,-,-,4056.6000,4056.4000,4056.2000,4056.0000,4055.0000,4057.6000,4057.8000,4058.0000,4058.2000,4058.8000,1,5,5,1,1,2,2,2,1,2
SF,IF2006,2020-02-19 11:15:54.400,4057.6000,23833,0,4535610180.000,0,-,-,-,-,4056.0000,4055.0000,4054.6000,4054.4000,4054.2000,4057.6000,4057.8000,4058.0000,4058.2000,4058.8000,1,1,2,2,1,2,1,2,1,2
SF,IF2006,2020-02-19 11:15:54.900,4057.6000,23833,0,4535610180.000,0,-,-,-,-,4056.6000,4056.4000,4056.2000,4056.0000,4055.0000,4057.4000,4057.6000,4057.8000,4058.0000,4058.2000,1,1,3,1,1,1,2,1,2,1
SF,IF2006,2020-02-19 11:15:55.400,4057.6000,23833,0,4535610180.000,0,-,-,-,-,4056.6000,4056.2000,4056.0000,4055.0000,4054.6000,4057.4000,4057.6000,4057.8000,4058.0000,4058.2000,1,3,1,1,2,1,2,1,2,1
SF,IF2006,2020-02-19 11:15:55.900,4057.6000,23833,0,4535610180.000,0,-,-,-,-,4056.2000,4056.0000,4055.0000,4054.6000,4054.4000,4057.4000,4057.6000,4057.8000,4058.0000,4058.2000,2,1,1,2,2,1,2,1,2,1
SF,IF2006,2020-02-19 11:15:56.400,4057.6000,23833,0,4535610180.000,0,-,-,-,-,4056.2000,4056.0000,4055.0000,4054.6000,4054.4000,4057.6000,4057.8000,4058.0000,4058.2000,4058.8000,2,1,1,2,2,2,1,2,1,2
SF,IF2006,2020-02-19 11:15:59.900,4057.6000,23833,0,4535610180.000,0,-,-,-,-,4056.4000,4056.2000,4056.0000,4055.0000,4054.6000,4057.6000,4057.8000,4058.0000,4058.2000,4058.8000,4,2,1,1,2,2,1,2,1,2
SF,IF2006,2020-02-19 11:16:00.400,4057.6000,23833,0,4535610180.000,0,-,-,-,-,4056.4000,4056.2000,4056.0000,4055.0000,4054.6000,4057.6000,4057.8000,4058.0000,4058.2000,4058.8000,1,2,1,1,2,3,1,2,1,2
SF,IF2006,2020-02-19 11:16:00.900,4057.6000,23833,0,4535610180.000,0,-,-,-,-,4056.2000,4056.0000,4055.0000,4054.6000,4054.4000,4057.4000,4057.6000,4057.8000,4058.0000,4058.2000,2,1,1,2,2,1,3,1,2,1
SF,IF2006,2020-02-19 11:16:01.400,4057.6000,23833,0,4535610180.000,0,-,-,-,-,4056.2000,4056.0000,4055.0000,4054.6000,4054.4000,4057.2000,4057.4000,4057.6000,4057.8000,4058.0000,2,1,1,2,2,2,1,1,1,2
SF,IF2006,2020-02-19 11:16:01.900,4057.6000,23833,0,4535610180.000,0,-,-,-,-,4056.4000,4056.2000,4056.0000,4055.0000,4054.6000,4057.6000,4057.8000,4058.0000,4058.2000,4058.8000,5,2,1,1,2,1,1,2,1,2
SF,IF2006,2020-02-19 11:16:02.400,4057.6000,23833,0,4535610180.000,0,-,-,-,-,4056.6000,4056.0000,4055.0000,4054.6000,4054.4000,4057.4000,4057.6000,4057.8000,4058.0000,4058.2000,2,1,1,2,2,2,1,1,2,1
SF,IF2006,2020-02-19 11:16:02.900,4057.6000,23833,0,4535610180.000,0,-,-,-,-,4056.6000,4056.0000,4055.0000,4054.6000,4054.4000,4057.4000,4057.6000,4057.8000,4058.0000,4058.2000,3,1,1,2,2,2,1,1,2,1
SF,IF2006,2020-02-19 11:16:03.400,4057.6000,23833,0,4535610180.000,0,-,-,-,-,4056.6000,4056.0000,4055.0000,4054.6000,4054.4000,4057.4000,4057.6000,4057.8000,4058.0000,4058.2000,1,1,1,2,2,2,1,1,2,1
SF,IF2006,2020-02-19 11:16:03.900,4057.6000,23833,0,4535610180.000,0,-,-,-,-,4056.0000,4055.0000,4054.6000,4054.4000,4054.2000,4057.4000,4057.6000,4057.8000,4058.0000,4058.2000,1,1,2,2,1,2,1,1,2,1
SF,IF2006,2020-02-19 11:16:04.400,4057.6000,23833,0,4535610180.000,0,-,-,-,-,4056.6000,4056.2000,4055.0000,4054.6000,4054.4000,4057.4000,4057.6000,4057.8000,4058.0000,4058.2000,1,7,1,2,2,2,1,1,2,1
SF,IF2006,2020-02-19 11:16:05.400,4057.6000,23833,0,4535610180.000,0,-,-,-,-,4056.6000,4056.2000,4055.0000,4054.6000,4054.4000,4057.4000,4057.6000,4057.8000,4058.0000,4058.2000,1,2,1,2,2,2,1,1,2,1
SF,IF2006,2020-02-19 11:16:10.900,4057.6000,23833,0,4535610180.000,0,-,-,-,-,4056.2000,4055.0000,4054.6000,4054.4000,4054.2000,4057.4000,4057.6000,4057.8000,4058.0000,4058.2000,2,1,2,2,1,2,1,1,2,1
SF,IF2006,2020-02-19 11:16:12.400,4057.4000,23832,-1,4538044620.000,2,0,2,多平,S,4057.4000,4056.8000,4056.6000,4056.4000,4056.2000,4057.8000,4058.0000,4058.2000,4058.8000,4059.0000,1,3,1,2,2,1,2,1,2,4
SF,IF2006,2020-02-19 11:16:12.900,4057.4000,23832,0,4538044620.000,0,-,-,-,-,4057.6000,4057.4000,4056.8000,4056.6000,4055.0000,4057.8000,4058.0000,4058.2000,4058.8000,4059.0000,2,1,3,1,1,1,2,1,2,4
SF,IF2006,2020-02-19 11:16:13.400,4057.4000,23832,0,4538044620.000,0,-,-,-,-,4057.6000,4057.0000,4056.8000,4056.6000,4055.0000,4057.8000,4058.0000,4058.2000,4058.8000,4059.0000,2,1,1,1,1,1,2,1,2,4
SF,IF2006,2020-02-19 11:16:13.900,4057.8000,23833,1,4539261960.000,1,1,0,双开,S,4057.6000,4057.0000,4056.8000,4056.6000,4055.0000,4058.0000,4058.2000,4058.8000,4059.0000,4059.6000,2,1,1,1,1,2,1,2,4,1
SF,IF2006,2020-02-19 11:16:14.400,4057.8000,23833,0,4539261960.000,0,-,-,-,-,4057.6000,4057.0000,4056.8000,4056.6000,4055.0000,4058.0000,4058.2000,4058.8000,4059.0000,4059.6000,2,2,1,1,1,2,1,2,4,1
SF,IF2006,2020-02-19 11:16:15.900,4057.6000,23834,1,4542914040.000,3,2,1,空开,S,4057.6000,4057.0000,4056.8000,4056.6000,4055.0000,4058.2000,4058.8000,4059.0000,4059.6000,4060.0000,1,2,1,1,1,1,2,4,1,1
SF,IF2006,2020-02-19 11:16:18.900,4057.6000,23834,0,4542914040.000,0,-,-,-,-,4057.6000,4057.0000,4056.8000,4056.6000,4055.0000,4058.0000,4058.2000,4058.8000,4059.0000,4059.6000,1,2,1,1,1,1,1,2,4,1
SF,IF2006,2020-02-19 11:16:19.400,4058.0000,23834,0,4544131440.000,1,0,1,多换,S,4057.6000,4057.0000,4056.6000,4055.0000,4054.6000,4058.2000,4058.8000,4059.0000,4059.6000,4060.0000,1,2,1,1,2,1,2,4,1,1
SF,IF2006,2020-02-19 11:16:19.900,4058.2000,23834,0,4545348900.000,1,0,1,多换,S,4058.2000,4057.6000,4057.0000,4056.6000,4055.0000,4058.8000,4059.0000,4059.6000,4060.0000,4060.8000,1,1,2,1,1,2,4,1,1,1
SF,IF2006,2020-02-19 11:16:20.400,4058.2000,23834,0,4545348900.000,0,-,-,-,-,4058.2000,4057.6000,4057.0000,4055.0000,4054.6000,4058.8000,4059.0000,4059.6000,4060.0000,4060.8000,1,1,2,1,2,2,4,1,1,1
SF,IF2006,2020-02-19 11:16:20.900,4058.2000,23834,0,4545348900.000,0,-,-,-,-,4058.2000,4057.6000,4057.0000,4055.0000,4054.6000,4058.8000,4059.0000,4059.6000,4060.0000,4060.8000,4,1,2,1,2,2,4,1,1,1
SF,IF2006,2020-02-19 11:16:23.900,4058.2000,23834,0,4545348900.000,0,-,-,-,-,4058.2000,4057.6000,4057.0000,4055.0000,4054.6000,4058.8000,4059.0000,4059.6000,4060.0000,4060.8000,3,1,1,1,2,2,4,1,1,1
SF,IF2006,2020-02-19 11:16:27.400,4058.2000,23834,0,4549001280.000,3,1,2,多换,S,4057.6000,4057.0000,4055.0000,4054.6000,4054.4000,4058.6000,4058.8000,4059.0000,4059.6000,4060.0000,1,1,1,2,2,1,2,4,1,1
SF,IF2006,2020-02-19 11:16:27.900,4058.2000,23834,0,4549001280.000,0,-,-,-,-,4057.0000,4055.0000,4054.6000,4054.4000,4054.2000,4058.4000,4058.6000,4058.8000,4059.0000,4059.6000,1,1,2,2,1,2,1,2,4,1
SF,IF2006,2020-02-19 11:16:28.400,4058.2000,23834,0,4549001280.000,0,-,-,-,-,4057.4000,4057.2000,4057.0000,4055.0000,4054.6000,4058.6000,4058.8000,4059.0000,4059.6000,4060.0000,4,7,1,1,2,1,2,4,1,1
SF,IF2006,2020-02-19 11:16:28.900,4058.2000,23834,0,4549001280.000,0,-,-,-,-,4057.6000,4057.2000,4057.0000,4055.0000,4054.6000,4058.4000,4058.6000,4058.8000,4059.0000,4059.6000,2,5,2,1,2,2,1,2,4,1
SF,IF2006,2020-02-19 11:16:29.400,4057.6000,23834,0,4550218560.000,1,0,1,多换,S,4057.0000,4055.0000,4054.6000,4054.4000,4054.2000,4058.2000,4058.4000,4058.8000,4059.0000,4059.6000,2,1,2,2,1,2,2,2,4,1
SF,IF2006,2020-02-19 11:16:29.900,4057.6000,23834,0,4550218560.000,0,-,-,-,-,4057.0000,4055.0000,4054.6000,4054.4000,4054.2000,4058.0000,4058.2000,4058.8000,4059.0000,4059.6000,2,1,2,2,1,2,4,2,4,1
SF,IF2006,2020-02-19 11:16:30.400,4057.6000,23834,0,4550218560.000,0,-,-,-,-,4057.0000,4055.0000,4054.6000,4054.4000,4054.2000,4058.0000,4058.2000,4058.8000,4059.0000,4059.6000,2,1,2,2,1,2,4,2,4,1
SF,IF2006,2020-02-19 11:16:30.900,4057.6000,23834,0,4550218560.000,0,-,-,-,-,4057.0000,4055.0000,4054.6000,4054.4000,4054.2000,4057.8000,4058.0000,4058.2000,4058.8000,4059.0000,2,1,2,2,1,1,2,3,2,4
SF,IF2006,2020-02-19 11:16:31.900,4057.8000,23834,0,4551435900.000,1,0,1,多换,S,4057.0000,4055.0000,4054.6000,4054.4000,4054.2000,4058.0000,4058.2000,4058.8000,4059.0000,4059.6000,2,1,2,2,1,2,3,2,4,1
SF,IF2006,2020-02-19 11:16:32.400,4057.8000,23834,0,4551435900.000,0,-,-,-,-,4057.2000,4057.0000,4055.0000,4054.6000,4054.4000,4058.0000,4058.2000,4058.8000,4059.0000,4059.6000,2,2,1,2,2,2,3,2,4,1
SF,IF2006,2020-02-19 11:16:32.900,4057.8000,23834,0,4551435900.000,0,-,-,-,-,4057.6000,4057.2000,4057.0000,4055.0000,4054.6000,4058.0000,4058.2000,4058.8000,4059.0000,4059.6000,1,3,2,1,2,2,3,2,4,1
SF,IF2006,2020-02-19 11:16:33.400,4057.8000,23834,0,4551435900.000,0,-,-,-,-,4057.2000,4057.0000,4055.0000,4054.6000,4054.4000,4058.0000,4058.2000,4058.8000,4059.0000,4059.6000,2,2,1,2,2,2,3,2,4,1
SF,IF2006,2020-02-19 11:16:33.900,4057.8000,23834,0,4551435900.000,0,-,-,-,-,4057.4000,4057.2000,4057.0000,4055.0000,4054.6000,4058.8000,4059.0000,4059.6000,4060.0000,4060.8000,5,2,2,1,2,2,4,1,1,1
SF,IF2006,2020-02-19 11:16:34.400,4057.8000,23834,0,4551435900.000,0,-,-,-,-,4057.6000,4057.4000,4057.0000,4055.0000,4054.6000,4058.6000,4058.8000,4059.0000,4059.6000,4060.0000,2,5,2,1,2,2,2,4,1,1
SF,IF2006,2020-02-19 11:16:34.900,4057.8000,23834,0,4551435900.000,0,-,-,-,-,4057.6000,4057.4000,4057.0000,4055.0000,4054.6000,4058.6000,4058.8000,4059.0000,4059.6000,4060.0000,2,5,2,1,2,2,2,4,1,1
SF,IF2006,2020-02-19 11:16:36.900,4057.8000,23834,0,4551435900.000,0,-,-,-,-,4057.8000,4057.6000,4057.4000,4057.0000,4055.0000,4058.6000,4058.8000,4059.0000,4059.6000,4060.0000,3,2,6,2,1,2,2,4,1,1
SF,IF2006,2020-02-19 11:16:37.400,4057.8000,23834,0,4551435900.000,0,-,-,-,-,4058.0000,4057.8000,4057.4000,4057.0000,4055.0000,4058.8000,4059.0000,4059.6000,4060.0000,4060.8000,2,3,6,2,1,2,4,1,1,1
SF,IF2006,2020-02-19 11:16:37.900,4057.8000,23834,0,4551435900.000,0,-,-,-,-,4057.8000,4057.4000,4057.0000,4055.0000,4054.6000,4058.8000,4059.0000,4059.6000,4060.0000,4060.8000,3,6,2,1,2,2,4,1,1,1
SF,IF2006,2020-02-19 11:16:38.400,4057.8000,23834,0,4551435900.000,0,-,-,-,-,4057.4000,4057.0000,4055.0000,4054.6000,4054.4000,4058.6000,4058.8000,4059.0000,4059.6000,4060.0000,6,2,1,2,2,2,2,4,1,1
SF,IF2006,2020-02-19 11:16:38.900,4057.8000,23834,0,4551435900.000,0,-,-,-,-,4057.6000,4057.4000,4057.0000,4055.0000,4054.6000,4058.6000,4058.8000,4059.0000,4059.6000,4060.0000,2,6,2,1,2,2,2,4,1,1
SF,IF2006,2020-02-19 11:16:40.400,4057.8000,23834,0,4551435900.000,0,-,-,-,-,4057.6000,4057.4000,4057.0000,4055.0000,4054.6000,4058.6000,4058.8000,4059.0000,4059.6000,4060.0000,2,6,1,1,2,2,2,4,1,1
SF,IF2006,2020-02-19 11:16:40.900,4057.8000,23834,0,4551435900.000,0,-,-,-,-,4057.4000,4057.0000,4055.0000,4054.6000,4054.4000,4058.6000,4058.8000,4059.0000,4059.6000,4060.0000,6,1,1,2,2,2,2,4,1,1
SF,IF2006,2020-02-19 11:16:41.400,4057.8000,23834,0,4551435900.000,0,-,-,-,-,4057.8000,4057.6000,4057.4000,4057.0000,4055.0000,4058.8000,4059.0000,4059.6000,4060.0000,4060.8000,5,3,6,1,1,2,4,1,1,1
SF,IF2006,2020-02-19 11:16:41.900,4057.8000,23834,0,4551435900.000,0,-,-,-,-,4057.6000,4057.4000,4057.0000,4055.0000,4054.6000,4058.6000,4058.8000,4059.0000,4059.6000,4060.0000,2,6,1,1,2,2,2,4,1,1
SF,IF2006,2020-02-19 11:16:42.900,4057.8000,23834,0,4551435900.000,0,-,-,-,-,4057.6000,4057.4000,4057.0000,4055.0000,4054.6000,4058.6000,4058.8000,4059.0000,4059.6000,4060.0000,2,1,1,1,2,2,2,4,1,1
SF,IF2006,2020-02-19 11:16:44.400,4057.8000,23834,0,4551435900.000,0,-,-,-,-,4057.8000,4057.6000,4057.4000,4057.0000,4055.0000,4058.6000,4058.8000,4059.0000,4059.6000,4060.0000,1,2,1,1,1,2,2,4,1,1
SF,IF2006,2020-02-19 11:16:45.900,4057.8000,23835,1,4552653240.000,1,1,0,双开,S,4057.6000,4057.4000,4057.0000,4055.0000,4054.6000,4058.6000,4058.8000,4059.0000,4059.6000,4060.0000,2,1,1,1,2,2,2,4,1,1
SF,IF2006,2020-02-19 11:16:46.400,4057.8000,23835,0,4552653240.000,0,-,-,-,-,4057.4000,4057.0000,4055.0000,4054.6000,4054.4000,4058.6000,4058.8000,4059.0000,4059.6000,4060.0000,1,1,1,2,2,2,2,4,1,1
SF,IF2006,2020-02-19 11:16:46.900,4057.8000,23835,0,4552653240.000,0,-,-,-,-,4057.6000,4057.4000,4057.0000,4055.0000,4054.6000,4058.6000,4058.8000,4059.0000,4059.6000,4060.0000,2,1,1,1,2,2,2,4,1,1
SF,IF2006,2020-02-19 11:16:47.400,4057.8000,23835,0,4552653240.000,0,-,-,-,-,4057.6000,4057.4000,4057.0000,4055.0000,4054.6000,4058.6000,4058.8000,4059.0000,4059.6000,4060.0000,2,1,1,1,2,2,2,3,1,1
SF,IF2006,2020-02-19 11:16:47.900,4057.8000,23835,0,4552653240.000,0,-,-,-,-,4057.6000,4057.4000,4057.0000,4055.0000,4054.6000,4058.6000,4058.8000,4059.0000,4059.6000,4060.0000,2,1,1,1,2,3,2,3,1,1
SF,IF2006,2020-02-19 11:16:48.400,4057.8000,23835,0,4552653240.000,0,-,-,-,-,4057.6000,4057.4000,4057.0000,4055.0000,4054.6000,4058.6000,4058.8000,4059.0000,4059.4000,4059.6000,2,1,1,1,2,1,2,3,1,1
SF,IF2006,2020-02-19 11:16:50.900,4057.8000,23835,0,4552653240.000,0,-,-,-,-,4057.6000,4057.4000,4057.0000,4055.0000,4054.6000,4058.6000,4058.8000,4059.0000,4059.4000,4059.6000,2,1,1,1,2,1,2,3,1,1
SF,IF2006,2020-02-19 11:16:51.400,4057.8000,23835,0,4552653240.000,0,-,-,-,-,4057.8000,4057.6000,4057.4000,4057.0000,4055.0000,4058.6000,4058.8000,4059.0000,4059.4000,4059.6000,1,2,1,1,1,1,2,3,1,1
SF,IF2006,2020-02-19 11:16:57.400,4058.6000,23836,1,4553870820.000,1,1,0,双开,S,4057.8000,4057.6000,4057.4000,4057.0000,4055.0000,4058.8000,4059.0000,4059.4000,4059.6000,4060.0000,1,2,1,1,1,2,3,1,1,1
SF,IF2006,2020-02-19 11:16:57.900,4058.6000,23836,0,4553870820.000,0,-,-,-,-,4058.0000,4057.8000,4057.4000,4057.0000,4055.0000,4058.4000,4058.8000,4059.0000,4059.4000,4059.6000,2,1,1,1,1,1,2,3,1,1
SF,IF2006,2020-02-19 11:16:58.400,4058.6000,23836,0,4553870820.000,0,-,-,-,-,4058.0000,4057.8000,4057.0000,4055.0000,4054.6000,4058.4000,4058.8000,4059.0000,4059.4000,4059.6000,2,1,1,1,2,1,2,3,1,1
SF,IF2006,2020-02-19 11:16:59.400,4058.4000,23836,0,4555088340.000,1,0,1,多换,S,4058.4000,4058.0000,4057.8000,4057.0000,4055.0000,4058.8000,4059.0000,4059.4000,4059.6000,4060.0000,5,2,1,1,1,2,3,1,1,1
SF,IF2006,2020-02-19 11:17:04.900,4058.4000,23836,0,4555088340.000,0,-,-,-,-,4058.6000,4058.4000,4058.0000,4057.8000,4057.0000,4058.8000,4059.0000,4059.4000,4059.6000,4060.0000,1,5,2,1,1,2,3,1,1,1
SF,IF2006,2020-02-19 11:17:05.400,4058.6000,23837,1,4556305920.000,1,1,0,双开,S,4058.4000,4058.0000,4057.8000,4057.0000,4055.0000,4058.8000,4059.0000,4059.4000,4059.6000,4060.0000,5,2,1,1,1,2,3,1,1,1
SF,IF2006,2020-02-19 11:17:05.900,4058.6000,23837,0,4556305920.000,0,-,-,-,-,4058.4000,4058.0000,4057.8000,4057.0000,4055.0000,4058.8000,4059.0000,4059.4000,4059.6000,4060.0000,5,2,1,1,1,2,3,1,1,1
SF,IF2006,2020-02-19 11:17:08.400,4058.6000,23837,0,4556305920.000,0,-,-,-,-,4058.4000,4058.0000,4057.8000,4057.0000,4055.0000,4058.6000,4058.8000,4059.0000,4059.4000,4059.6000,5,2,1,1,1,1,2,3,1,1
SF,IF2006,2020-02-19 11:17:09.400,4058.4000,23842,5,4562393520.000,5,5,0,双开,S,4058.0000,4057.8000,4057.0000,4055.0000,4054.6000,4058.6000,4058.8000,4059.0000,4059.4000,4059.6000,2,1,1,1,1,1,2,3,1,1
SF,IF2006,2020-02-19 11:17:09.900,4058.4000,23842,0,4562393520.000,0,-,-,-,-,4057.8000,4057.0000,4055.0000,4054.6000,4054.4000,4058.6000,4058.8000,4059.0000,4059.4000,4059.6000,1,1,1,1,2,1,2,3,1,1
SF,IF2006,2020-02-19 11:17:10.900,4058.4000,23842,0,4562393520.000,0,-,-,-,-,4058.0000,4057.8000,4057.0000,4055.0000,4054.6000,4058.6000,4058.8000,4059.0000,4059.4000,4059.6000,1,1,1,1,1,1,2,3,1,1
SF,IF2006,2020-02-19 11:17:13.900,4058.0000,23842,0,4563610920.000,1,0,1,多换,S,4057.8000,4057.0000,4055.0000,4054.6000,4054.4000,4058.6000,4058.8000,4059.0000,4059.4000,4059.6000,1,1,1,1,2,1,2,3,1,1
SF,IF2006,2020-02-19 11:17:25.900,4057.8000,23842,0,4564828260.000,1,0,1,多换,S,4057.0000,4055.0000,4054.6000,4054.4000,4054.2000,4058.6000,4058.8000,4059.0000,4059.4000,4059.6000,1,1,1,2,1,1,3,3,1,1
SF,IF2006,2020-02-19 11:17:26.400,4057.8000,23842,0,4564828260.000,0,-,-,-,-,4057.2000,4057.0000,4055.0000,4054.6000,4054.4000,4058.4000,4058.6000,4058.8000,4059.0000,4059.4000,4,1,1,1,2,2,1,3,3,1
SF,IF2006,2020-02-19 11:17:29.900,4057.8000,23842,0,4564828260.000,0,-,-,-,-,4057.2000,4057.0000,4055.0000,4054.6000,4054.4000,4058.4000,4058.6000,4058.8000,4059.0000,4059.4000,3,1,1,1,2,2,1,3,3,1
SF,IF2006,2020-02-19 11:17:30.900,4057.8000,23842,0,4564828260.000,0,-,-,-,-,4057.2000,4057.0000,4055.0000,4054.6000,4054.4000,4058.4000,4058.6000,4058.8000,4059.0000,4059.4000,3,1,1,1,2,2,1,3,3,1
SF,IF2006,2020-02-19 11:17:31.400,4057.8000,23842,0,4564828260.000,0,-,-,-,-,4057.4000,4057.2000,4057.0000,4055.0000,4054.6000,4058.4000,4058.6000,4058.8000,4059.0000,4059.4000,1,3,1,1,1,2,1,3,3,1
SF,IF2006,2020-02-19 11:17:35.400,4057.8000,23842,0,4564828260.000,0,-,-,-,-,4057.4000,4057.2000,4057.0000,4055.0000,4054.6000,4058.4000,4058.6000,4058.8000,4059.0000,4059.4000,2,3,1,1,1,2,1,3,3,1
SF,IF2006,2020-02-19 11:17:35.900,4057.8000,23842,0,4564828260.000,0,-,-,-,-,4057.4000,4057.2000,4057.0000,4055.0000,4054.6000,4058.4000,4058.6000,4058.8000,4059.0000,4059.4000,1,3,1,1,1,3,1,3,3,1
SF,IF2006,2020-02-19 11:17:38.900,4057.4000,23843,1,4566045480.000,1,1,0,双开,S,4057.2000,4057.0000,4055.0000,4054.6000,4054.4000,4058.4000,4058.6000,4058.8000,4059.0000,4059.4000,3,1,1,1,2,3,1,3,3,1
SF,IF2006,2020-02-19 11:17:42.400,4057.4000,23843,0,4566045480.000,0,-,-,-,-,4057.2000,4057.0000,4055.0000,4054.6000,4054.4000,4058.4000,4058.6000,4058.8000,4059.0000,4059.4000,2,1,1,1,2,3,1,3,3,1
SF,IF2006,2020-02-19 11:17:42.900,4057.2000,23842,-1,4567262640.000,1,0,1,双平,S,4057.4000,4057.2000,4057.0000,4055.0000,4054.6000,4058.4000,4058.6000,4058.8000,4059.0000,4059.4000,1,1,1,1,1,3,1,3,3,1
SF,IF2006,2020-02-19 11:17:43.400,4057.2000,23842,0,4567262640.000,0,-,-,-,-,4057.4000,4057.0000,4055.0000,4054.6000,4054.4000,4058.4000,4058.6000,4058.8000,4059.0000,4059.4000,1,1,1,1,2,3,1,3,3,1
SF,IF2006,2020-02-19 11:17:43.900,4057.2000,23842,0,4567262640.000,0,-,-,-,-,4057.4000,4057.0000,4055.0000,4054.6000,4054.4000,4058.4000,4058.6000,4058.8000,4059.0000,4059.4000,1,1,1,1,2,3,1,3,3,1
SF,IF2006,2020-02-19 11:17:45.400,4058.4000,23842,0,4568480160.000,1,0,1,多换,S,4057.4000,4057.0000,4055.0000,4054.6000,4054.4000,4058.4000,4058.6000,4058.8000,4059.0000,4059.4000,1,1,1,1,2,2,1,3,3,1
SF,IF2006,2020-02-19 11:17:47.400,4058.4000,23842,0,4568480160.000,0,-,-,-,-,4057.0000,4055.0000,4054.6000,4054.4000,4054.2000,4058.4000,4058.6000,4058.8000,4059.0000,4059.4000,1,1,1,2,1,2,1,3,3,1
SF,IF2006,2020-02-19 11:17:47.900,4058.4000,23842,0,4568480160.000,0,-,-,-,-,4057.2000,4057.0000,4055.0000,4054.6000,4054.4000,4058.4000,4058.6000,4058.8000,4059.0000,4059.4000,2,1,1,1,2,2,1,3,3,1
SF,IF2006,2020-02-19 11:17:50.900,4058.4000,23842,0,4568480160.000,0,-,-,-,-,4057.4000,4057.2000,4057.0000,4055.0000,4054.6000,4058.4000,4058.6000,4058.8000,4059.0000,4059.4000,1,2,1,1,1,2,1,3,3,1
SF,IF2006,2020-02-19 11:17:51.400,4058.4000,23842,0,4568480160.000,0,-,-,-,-,4057.2000,4057.0000,4055.0000,4054.6000,4054.4000,4058.2000,4058.4000,4058.8000,4059.0000,4059.4000,2,1,1,1,2,1,2,3,3,1
SF,IF2006,2020-02-19 11:17:51.900,4058.4000,23842,0,4568480160.000,0,-,-,-,-,4057.0000,4055.0000,4054.6000,4054.4000,4054.2000,4058.0000,4058.2000,4058.4000,4058.8000,4059.0000,1,1,1,2,1,2,1,1,3,3
SF,IF2006,2020-02-19 11:17:52.400,4058.4000,23842,0,4568480160.000,0,-,-,-,-,4057.4000,4057.0000,4055.0000,4054.6000,4054.4000,4058.0000,4058.2000,4058.4000,4058.8000,4059.0000,3,2,1,1,2,2,1,1,3,3
SF,IF2006,2020-02-19 11:17:52.900,4058.4000,23842,0,4568480160.000,0,-,-,-,-,4057.4000,4057.0000,4055.0000,4054.6000,4054.4000,4058.0000,4058.2000,4058.4000,4058.8000,4059.0000,3,1,1,1,2,2,1,1,3,3
SF,IF2006,2020-02-19 11:17:54.400,4058.4000,23842,0,4568480160.000,0,-,-,-,-,4057.0000,4055.0000,4054.6000,4054.4000,4054.2000,4058.0000,4058.2000,4058.4000,4058.8000,4059.0000,1,1,1,2,1,2,1,1,3,3
SF,IF2006,2020-02-19 11:18:01.400,4058.4000,23841,-1,4569697680.000,1,0,1,双平,S,4057.0000,4055.0000,4054.6000,4054.4000,4054.2000,4058.0000,4058.2000,4058.4000,4058.8000,4059.0000,1,1,1,2,1,1,1,1,3,3
SF,IF2006,2020-02-19 11:18:01.900,4058.4000,23841,0,4569697680.000,0,-,-,-,-,4057.0000,4055.0000,4054.6000,4054.4000,4054.2000,4058.0000,4058.2000,4058.4000,4058.8000,4059.0000,1,1,1,2,1,1,1,1,4,3
SF,IF2006,2020-02-19 11:18:02.400,4058.4000,23841,0,4569697680.000,0,-,-,-,-,4057.2000,4057.0000,4055.0000,4054.6000,4054.4000,4058.2000,4058.4000,4058.8000,4059.0000,4059.4000,2,1,1,1,2,1,1,4,3,1
SF,IF2006,2020-02-19 11:18:02.900,4058.4000,23841,0,4569697680.000,0,-,-,-,-,4057.2000,4057.0000,4055.0000,4054.6000,4054.4000,4058.2000,4058.4000,4058.8000,4059.0000,4059.4000,3,1,1,1,2,1,1,4,3,1
SF,IF2006,2020-02-19 11:18:03.400,4058.4000,23841,0,4569697680.000,0,-,-,-,-,4057.2000,4057.0000,4055.0000,4054.6000,4054.4000,4058.4000,4058.8000,4059.0000,4059.4000,4059.6000,3,1,1,1,2,1,4,3,1,1
SF,IF2006,2020-02-19 11:18:03.900,4058.4000,23841,0,4569697680.000,0,-,-,-,-,4057.4000,4057.2000,4057.0000,4055.0000,4054.6000,4058.4000,4058.8000,4059.0000,4059.4000,4059.6000,1,2,1,1,1,1,4,3,1,1
SF,IF2006,2020-02-19 11:18:06.400,4058.4000,23841,0,4569697680.000,0,-,-,-,-,4057.2000,4057.0000,4055.0000,4054.6000,4054.4000,4058.4000,4058.8000,4059.0000,4059.4000,4059.6000,2,1,1,1,2,1,4,3,1,1
SF,IF2006,2020-02-19 11:18:07.400,4058.4000,23841,0,4569697680.000,0,-,-,-,-,4057.2000,4055.0000,4054.6000,4054.4000,4054.2000,4058.4000,4058.8000,4059.0000,4059.4000,4059.6000,2,1,1,2,1,1,4,3,1,1
SF,IF2006,2020-02-19 11:18:10.400,4058.4000,23841,0,4569697680.000,0,-,-,-,-,4057.2000,4055.0000,4054.6000,4054.4000,4054.2000,4058.4000,4058.8000,4059.0000,4059.4000,4059.6000,2,1,1,2,1,2,4,3,1,1
SF,IF2006,2020-02-19 11:18:10.900,4058.4000,23841,0,4569697680.000,0,-,-,-,-,4057.2000,4055.0000,4054.6000,4054.4000,4054.2000,4058.2000,4058.4000,4058.8000,4059.0000,4059.4000,2,1,1,2,1,2,2,4,3,1
SF,IF2006,2020-02-19 11:18:11.400,4058.4000,23841,0,4569697680.000,0,-,-,-,-,4055.0000,4054.6000,4054.4000,4054.2000,4053.4000,4057.2000,4058.2000,4058.4000,4058.8000,4059.0000,1,1,2,1,1,1,2,2,4,3
SF,IF2006,2020-02-19 11:18:11.900,4057.2000,23841,0,4570914840.000,1,0,1,多换,S,4057.2000,4056.8000,4056.6000,4056.2000,4056.0000,4058.2000,4058.4000,4058.8000,4059.0000,4059.4000,1,1,1,1,3,2,2,4,3,1
SF,IF2006,2020-02-19 11:18:12.400,4057.2000,23841,0,4570914840.000,0,-,-,-,-,4056.2000,4056.0000,4055.8000,4055.6000,4055.4000,4058.2000,4058.4000,4058.8000,4059.0000,4059.4000,1,1,1,1,4,2,2,4,3,1
SF,IF2006,2020-02-19 11:18:12.900,4057.2000,23841,0,4570914840.000,0,-,-,-,-,4056.4000,4056.2000,4056.0000,4055.8000,4055.6000,4058.2000,4058.4000,4058.8000,4059.0000,4059.4000,4,1,1,1,1,2,2,4,3,1
SF,IF2006,2020-02-19 11:18:13.400,4057.2000,23841,0,4570914840.000,0,-,-,-,-,4056.4000,4056.0000,4055.6000,4055.4000,4055.2000,4058.2000,4058.4000,4058.8000,4059.0000,4059.4000,4,1,1,4,3,2,1,4,3,1
SF,IF2006,2020-02-19 11:18:13.900,4057.2000,23841,0,4570914840.000,0,-,-,-,-,4056.8000,4056.4000,4056.0000,4055.6000,4055.4000,4058.2000,4058.4000,4058.8000,4059.0000,4059.4000,1,4,1,1,4,3,1,4,3,1
SF,IF2006,2020-02-19 11:18:14.400,4057.2000,23841,0,4570914840.000,0,-,-,-,-,4057.0000,4056.8000,4056.4000,4056.0000,4055.6000,4058.2000,4058.4000,4058.8000,4059.0000,4059.4000,2,1,2,1,1,3,1,4,3,1
SF,IF2006,2020-02-19 11:18:15.900,4057.2000,23841,0,4570914840.000,0,-,-,-,-,4057.0000,4056.8000,4056.4000,4055.6000,4055.4000,4058.2000,4058.4000,4058.8000,4059.0000,4059.4000,2,1,2,1,3,3,1,4,3,1
SF,IF2006,2020-02-19 11:18:16.900,4057.2000,23841,0,4570914840.000,0,-,-,-,-,4057.0000,4056.4000,4055.6000,4055.4000,4055.2000,4058.2000,4058.4000,4058.8000,4059.0000,4059.4000,2,1,1,3,3,3,1,4,3,1
SF,IF2006,2020-02-19 11:18:17.900,4057.2000,23841,0,4570914840.000,0,-,-,-,-,4057.0000,4056.4000,4055.4000,4055.2000,4055.0000,4058.0000,4058.2000,4058.4000,4058.8000,4059.0000,2,1,3,3,2,2,3,1,4,3
SF,IF2006,2020-02-19 11:18:18.400,4057.8000,23841,0,4572132180.000,1,0,1,多换,S,4056.4000,4055.4000,4055.2000,4055.0000,4054.6000,4057.8000,4058.0000,4058.4000,4058.8000,4059.0000,1,2,3,2,1,3,2,1,4,3
SF,IF2006,2020-02-19 11:18:18.900,4057.8000,23841,0,4572132180.000,0,-,-,-,-,4055.4000,4055.2000,4055.0000,4054.6000,4054.4000,4057.6000,4057.8000,4058.0000,4058.4000,4058.8000,2,3,2,1,2,2,3,1,1,4
SF,IF2006,2020-02-19 11:18:19.400,4057.8000,23841,0,4572132180.000,0,-,-,-,-,4055.6000,4055.4000,4055.2000,4055.0000,4054.6000,4057.4000,4057.6000,4058.0000,4058.4000,4058.8000,5,2,3,1,1,4,3,1,1,3
SF,IF2006,2020-02-19 11:18:19.900,4057.8000,23841,0,4572132180.000,0,-,-,-,-,4056.0000,4055.6000,4055.4000,4055.2000,4055.0000,4057.0000,4057.2000,4057.4000,4058.0000,4058.4000,5,2,2,3,1,1,2,3,1,1
SF,IF2006,2020-02-19 11:18:20.400,4057.8000,23841,0,4572132180.000,0,-,-,-,-,4056.2000,4056.0000,4055.4000,4055.2000,4055.0000,4056.8000,4057.0000,4057.2000,4057.4000,4058.0000,2,6,2,3,1,1,1,2,2,1
SF,IF2006,2020-02-19 11:18:20.900,4057.8000,23841,0,4572132180.000,0,-,-,-,-,4056.2000,4056.0000,4055.4000,4055.2000,4055.0000,4056.8000,4057.0000,4057.2000,4057.4000,4058.0000,2,5,2,3,1,1,1,1,2,1
SF,IF2006,2020-02-19 11:18:21.400,4056.8000,23840,-1,4573349220.000,1,0,1,双平,S,4056.2000,4056.0000,4055.4000,4055.2000,4055.0000,4057.0000,4057.2000,4057.4000,4058.0000,4058.4000,2,5,2,3,1,1,1,2,1,1
SF,IF2006,2020-02-19 11:18:21.900,4056.8000,23840,0,4573349220.000,0,-,-,-,-,4056.2000,4056.0000,4055.4000,4055.2000,4055.0000,4057.0000,4057.2000,4057.4000,4058.0000,4058.4000,2,5,1,3,1,1,1,2,1,1
SF,IF2006,2020-02-19 11:18:22.400,4056.8000,23840,0,4573349220.000,0,-,-,-,-,4056.2000,4056.0000,4055.4000,4055.2000,4055.0000,4057.0000,4057.2000,4057.4000,4058.0000,4058.4000,2,5,1,3,1,1,1,2,1,1
SF,IF2006,2020-02-19 11:18:24.900,4056.8000,23840,0,4573349220.000,0,-,-,-,-,4056.2000,4055.2000,4055.0000,4054.4000,4054.2000,4057.4000,4058.0000,4058.4000,4058.8000,4059.0000,2,2,1,1,1,2,1,1,3,3
SF,IF2006,2020-02-19 11:18:25.900,4056.8000,23840,0,4573349220.000,0,-,-,-,-,4056.4000,4056.2000,4055.2000,4055.0000,4054.4000,4057.4000,4058.0000,4058.4000,4058.8000,4059.0000,1,2,2,1,1,2,1,1,3,3
SF,IF2006,2020-02-19 11:18:26.400,4056.8000,23840,0,4573349220.000,0,-,-,-,-,4056.6000,4056.4000,4055.2000,4055.0000,4054.4000,4057.4000,4058.0000,4058.4000,4058.8000,4059.0000,2,1,2,1,1,2,1,1,3,3
SF,IF2006,2020-02-19 11:18:30.400,4056.6000,23840,0,4574566200.000,1,0,1,多换,S,4056.6000,4056.4000,4055.2000,4055.0000,4054.4000,4057.2000,4057.4000,4058.0000,4058.4000,4058.8000,1,1,2,1,1,3,2,1,1,3
SF,IF2006,2020-02-19 11:18:30.900,4056.4000,23840,0,4577000100.000,2,1,1,多换,S,4055.2000,4055.0000,4054.4000,4054.2000,4053.4000,4056.4000,4056.6000,4057.0000,4057.2000,4058.0000,2,1,1,1,1,1,4,2,3,1
SF,IF2006,2020-02-19 11:18:31.400,4055.6000,23841,1,4578216780.000,1,1,0,双开,S,4055.4000,4055.2000,4055.0000,4054.4000,4054.2000,4056.4000,4056.6000,4057.0000,4057.2000,4058.0000,3,2,1,1,1,1,4,2,1,1
SF,IF2006,2020-02-19 11:18:31.900,4055.6000,23841,0,4578216780.000,0,-,-,-,-,4055.4000,4055.2000,4055.0000,4054.4000,4054.2000,4056.4000,4056.6000,4057.0000,4058.0000,4058.4000,2,2,1,1,1,1,4,2,1,1
SF,IF2006,2020-02-19 11:18:32.400,4055.6000,23841,0,4578216780.000,0,-,-,-,-,4055.2000,4055.0000,4054.4000,4054.2000,4053.4000,4056.2000,4056.4000,4056.6000,4058.0000,4058.4000,2,1,1,1,1,2,1,4,1,1
SF,IF2006,2020-02-19 11:18:32.900,4055.6000,23841,0,4578216780.000,0,-,-,-,-,4055.2000,4055.0000,4054.4000,4054.2000,4053.4000,4056.2000,4056.4000,4056.6000,4058.0000,4058.4000,3,1,1,1,1,2,1,4,1,1
SF,IF2006,2020-02-19 11:18:33.400,4055.6000,23841,0,4578216780.000,0,-,-,-,-,4055.0000,4054.4000,4054.2000,4053.4000,4052.0000,4056.2000,4056.4000,4056.6000,4058.0000,4058.4000,1,1,1,1,2,2,1,4,1,1
SF,IF2006,2020-02-19 11:18:33.900,4055.6000,23841,0,4578216780.000,0,-,-,-,-,4054.2000,4053.4000,4052.0000,4051.4000,4050.2000,4055.0000,4056.2000,4056.4000,4056.6000,4058.0000,1,1,2,1,1,2,2,1,4,1
SF,IF2006,2020-02-19 11:18:34.400,4055.0000,23841,0,4580649780.000,2,1,1,多换,S,4055.0000,4054.6000,4054.4000,4054.2000,4053.4000,4056.2000,4056.4000,4056.6000,4058.0000,4058.4000,2,2,2,2,1,2,1,2,1,1
SF,IF2006,2020-02-19 11:18:34.900,4055.0000,23841,0,4581866280.000,1,0,1,多换,S,4055.0000,4054.6000,4054.4000,4054.2000,4053.4000,4055.4000,4056.2000,4056.4000,4056.6000,4058.0000,1,2,2,1,1,1,2,1,2,1
SF,IF2006,2020-02-19 11:18:35.900,4055.0000,23841,0,4581866280.000,0,-,-,-,-,4054.6000,4054.4000,4054.2000,4053.4000,4052.0000,4055.4000,4056.2000,4056.4000,4056.6000,4058.0000,2,2,1,1,2,1,2,1,2,1
SF,IF2006,2020-02-19 11:18:36.400,4055.0000,23841,0,4581866280.000,0,-,-,-,-,4054.6000,4054.4000,4054.2000,4053.4000,4052.0000,4055.4000,4056.2000,4056.4000,4058.0000,4058.4000,2,2,1,1,2,1,2,1,1,1
SF,IF2006,2020-02-19 11:18:37.400,4055.0000,23841,0,4581866280.000,0,-,-,-,-,4054.8000,4054.6000,4054.4000,4054.2000,4053.4000,4055.4000,4056.2000,4056.4000,4058.0000,4058.4000,1,2,2,1,1,1,2,1,1,1
SF,IF2006,2020-02-19 11:18:37.900,4055.0000,23841,0,4581866280.000,0,-,-,-,-,4054.8000,4054.6000,4054.4000,4054.2000,4053.4000,4055.4000,4056.2000,4056.4000,4058.0000,4058.4000,1,2,2,1,1,1,2,1,1,1
SF,IF2006,2020-02-19 11:18:41.900,4055.0000,23841,0,4581866280.000,0,-,-,-,-,4054.8000,4054.6000,4054.4000,4054.2000,4053.4000,4056.2000,4056.4000,4058.0000,4058.4000,4058.8000,1,2,2,1,1,2,1,1,1,3
SF,IF2006,2020-02-19 11:18:42.400,4055.0000,23841,0,4581866280.000,0,-,-,-,-,4054.8000,4054.6000,4054.4000,4054.2000,4053.4000,4056.0000,4056.2000,4056.4000,4058.0000,4058.4000,1,2,2,1,1,2,2,1,1,1
SF,IF2006,2020-02-19 11:18:42.900,4055.0000,23841,0,4581866280.000,0,-,-,-,-,4054.8000,4054.6000,4054.4000,4054.2000,4053.4000,4055.8000,4056.0000,4056.4000,4058.0000,4058.4000,1,2,2,1,1,2,2,1,1,1
SF,IF2006,2020-02-19 11:18:44.900,4055.0000,23841,0,4581866280.000,0,-,-,-,-,4054.6000,4054.4000,4054.2000,4053.4000,4052.0000,4055.8000,4056.0000,4056.4000,4058.0000,4058.4000,1,2,1,1,2,2,2,1,1,1
SF,IF2006,2020-02-19 11:18:45.400,4055.0000,23841,0,4581866280.000,0,-,-,-,-,4054.2000,4053.4000,4052.0000,4051.4000,4050.2000,4055.6000,4055.8000,4056.0000,4056.4000,4058.0000,1,1,2,1,1,1,2,1,1,1
SF,IF2006,2020-02-19 11:18:45.900,4055.0000,23841,0,4581866280.000,0,-,-,-,-,4054.2000,4053.4000,4052.0000,4051.4000,4050.2000,4055.2000,4055.4000,4056.4000,4058.0000,4058.4000,1,1,2,1,1,1,5,1,1,1
SF,IF2006,2020-02-19 11:18:46.400,4054.2000,23842,1,4583082540.000,1,1,0,双开,S,4053.4000,4052.0000,4051.4000,4050.2000,4045.2000,4055.0000,4055.2000,4055.4000,4058.0000,4058.4000,1,2,1,1,1,4,1,1,1,1
SF,IF2006,2020-02-19 11:18:46.900,4054.2000,23842,0,4583082540.000,0,-,-,-,-,4054.2000,4053.6000,4053.4000,4052.0000,4051.4000,4055.0000,4055.2000,4055.4000,4058.0000,4058.4000,2,2,1,2,1,4,1,1,1,1
SF,IF2006,2020-02-19 11:18:47.900,4054.2000,23842,0,4583082540.000,0,-,-,-,-,4054.2000,4053.6000,4053.4000,4052.0000,4051.4000,4055.0000,4055.2000,4055.4000,4058.0000,4058.4000,2,2,1,2,1,3,1,1,1,1
SF,IF2006,2020-02-19 11:18:50.900,4054.2000,23842,0,4583082540.000,0,-,-,-,-,4054.2000,4053.6000,4053.4000,4052.0000,4051.4000,4055.0000,4055.2000,4055.4000,4058.0000,4058.4000,2,2,1,2,1,2,1,1,1,1
SF,IF2006,2020-02-19 11:18:52.900,4054.2000,23843,1,4584298800.000,1,1,0,双开,S,4054.2000,4053.6000,4053.4000,4052.0000,4051.4000,4055.0000,4055.2000,4055.4000,4058.0000,4058.4000,1,2,1,2,1,2,1,1,1,1
SF,IF2006,2020-02-19 11:18:55.900,4054.2000,23842,-1,4585515060.000,1,0,1,双平,S,4053.6000,4053.4000,4052.0000,4051.4000,4050.2000,4054.8000,4055.0000,4055.4000,4058.0000,4058.4000,2,1,2,1,1,2,2,1,1,1
SF,IF2006,2020-02-19 11:18:56.400,4054.2000,23842,0,4585515060.000,0,-,-,-,-,4053.6000,4053.4000,4052.0000,4051.4000,4050.2000,4054.6000,4054.8000,4055.4000,4058.0000,4058.4000,2,1,2,1,1,2,2,1,1,1
SF,IF2006,2020-02-19 11:18:56.900,4054.2000,23842,0,4585515060.000,0,-,-,-,-,4053.6000,4053.4000,4052.0000,4051.4000,4050.2000,4054.6000,4054.8000,4055.4000,4058.0000,4058.4000,2,1,2,1,1,2,3,1,1,1
SF,IF2006,2020-02-19 11:18:57.400,4054.2000,23842,0,4585515060.000,0,-,-,-,-,4053.4000,4052.0000,4051.4000,4050.2000,4045.2000,4054.6000,4054.8000,4055.4000,4058.0000,4058.4000,1,2,1,1,1,2,3,1,1,1
SF,IF2006,2020-02-19 11:19:01.400,4054.2000,23842,0,4585515060.000,0,-,-,-,-,4053.6000,4053.4000,4052.0000,4051.4000,4050.2000,4054.6000,4054.8000,4055.4000,4058.0000,4058.4000,1,1,2,1,1,2,3,1,1,1
SF,IF2006,2020-02-19 11:19:02.400,4054.2000,23842,0,4585515060.000,0,-,-,-,-,4053.4000,4052.0000,4051.4000,4050.2000,4045.2000,4054.6000,4054.8000,4055.4000,4058.0000,4058.4000,1,2,1,1,1,2,2,1,1,1
SF,IF2006,2020-02-19 11:19:02.900,4054.2000,23842,0,4585515060.000,0,-,-,-,-,4053.6000,4053.4000,4052.0000,4051.4000,4050.2000,4054.6000,4054.8000,4055.4000,4058.0000,4058.4000,3,1,2,1,1,2,2,1,1,1
SF,IF2006,2020-02-19 11:19:03.400,4054.2000,23842,0,4585515060.000,0,-,-,-,-,4053.6000,4053.4000,4052.0000,4051.4000,4050.2000,4054.8000,4058.0000,4058.4000,4058.8000,4059.0000,3,1,2,1,1,1,1,1,2,3
SF,IF2006,2020-02-19 11:19:03.900,4054.2000,23842,0,4585515060.000,0,-,-,-,-,4053.6000,4053.4000,4052.0000,4051.4000,4050.2000,4054.8000,4058.0000,4058.4000,4058.8000,4059.0000,3,1,2,1,1,1,1,1,2,3
SF,IF2006,2020-02-19 11:19:04.400,4054.2000,23842,0,4585515060.000,0,-,-,-,-,4053.6000,4053.4000,4052.0000,4051.4000,4050.2000,4054.6000,4054.8000,4058.0000,4058.4000,4058.8000,3,1,2,1,1,2,1,1,1,2
SF,IF2006,2020-02-19 11:19:04.900,4054.2000,23842,0,4585515060.000,0,-,-,-,-,4053.8000,4053.6000,4053.4000,4052.0000,4051.4000,4054.6000,4054.8000,4058.0000,4058.4000,4058.8000,1,1,1,2,1,2,1,1,1,2
SF,IF2006,2020-02-19 11:19:05.900,4054.2000,23842,0,4585515060.000,0,-,-,-,-,4054.0000,4053.8000,4053.6000,4053.4000,4052.0000,4054.6000,4054.8000,4058.0000,4058.4000,4058.8000,1,1,1,1,2,2,1,1,1,2
SF,IF2006,2020-02-19 11:19:07.400,4054.2000,23842,0,4585515060.000,0,-,-,-,-,4054.0000,4053.6000,4053.4000,4052.0000,4051.4000,4054.6000,4054.8000,4058.0000,4058.4000,4058.8000,1,1,1,2,1,2,1,1,1,2
SF,IF2006,2020-02-19 11:19:08.400,4054.6000,23842,0,4587947820.000,2,1,1,多换,S,4054.0000,4053.4000,4052.0000,4051.4000,4050.2000,4054.8000,4058.0000,4058.4000,4058.8000,4059.0000,1,1,2,1,1,1,1,1,2,3
SF,IF2006,2020-02-19 11:19:08.900,4054.8000,23842,0,4589164260.000,1,0,1,多换,S,4054.2000,4054.0000,4053.4000,4052.0000,4051.4000,4058.0000,4058.4000,4058.8000,4059.0000,4059.4000,2,1,1,2,1,1,1,2,3,1
SF,IF2006,2020-02-19 11:19:09.400,4054.8000,23842,0,4589164260.000,0,-,-,-,-,4054.2000,4054.0000,4053.4000,4052.0000,4051.4000,4056.0000,4056.2000,4056.8000,4057.6000,4057.8000,2,1,1,2,1,2,2,1,2,5
SF,IF2006,2020-02-19 11:19:09.900,4054.8000,23842,0,4589164260.000,0,-,-,-,-,4054.2000,4054.0000,4053.4000,4052.0000,4051.4000,4055.6000,4055.8000,4057.6000,4057.8000,4058.0000,2,1,1,2,1,2,3,1,3,1
SF,IF2006,2020-02-19 11:19:10.400,4054.8000,23842,0,4589164260.000,0,-,-,-,-,4054.2000,4054.0000,4053.4000,4052.0000,4051.4000,4055.4000,4055.6000,4055.8000,4057.6000,4057.8000,2,1,1,2,1,2,2,1,1,3
SF,IF2006,2020-02-19 11:19:10.900,4054.8000,23842,0,4589164260.000,0,-,-,-,-,4054.2000,4053.4000,4052.0000,4051.4000,4050.2000,4055.4000,4055.6000,4055.8000,4057.6000,4057.8000,2,1,2,1,1,2,2,1,1,3
SF,IF2006,2020-02-19 11:19:13.400,4054.8000,23842,0,4589164260.000,0,-,-,-,-,4054.4000,4054.2000,4053.4000,4052.0000,4051.4000,4055.4000,4055.6000,4055.8000,4057.6000,4057.8000,1,2,1,2,1,2,1,1,1,3
SF,IF2006,2020-02-19 11:19:13.900,4054.8000,23842,0,4589164260.000,0,-,-,-,-,4055.4000,4054.6000,4054.4000,4053.4000,4052.0000,4055.6000,4055.8000,4057.6000,4057.8000,4058.0000,1,2,2,1,2,1,1,1,3,1
SF,IF2006,2020-02-19 11:19:14.400,4055.4000,23843,1,4590380880.000,1,1,0,双开,S,4054.6000,4054.4000,4053.4000,4052.0000,4051.4000,4055.4000,4055.6000,4055.8000,4057.6000,4057.8000,2,2,1,2,1,2,1,1,1,3
SF,IF2006,2020-02-19 11:19:14.900,4055.4000,23843,0,4590380880.000,0,-,-,-,-,4054.6000,4054.4000,4053.4000,4052.0000,4051.4000,4055.6000,4055.8000,4057.6000,4057.8000,4058.0000,2,1,1,2,1,1,1,1,3,1
SF,IF2006,2020-02-19 11:19:15.400,4055.4000,23843,0,4590380880.000,0,-,-,-,-,4054.6000,4054.4000,4053.4000,4052.0000,4051.4000,4057.8000,4058.0000,4058.4000,4058.8000,4059.0000,3,1,1,2,1,3,1,1,2,3
SF,IF2006,2020-02-19 11:19:15.900,4055.4000,23843,0,4590380880.000,0,-,-,-,-,4054.6000,4054.4000,4053.4000,4052.0000,4051.4000,4056.6000,4056.8000,4057.4000,4057.6000,4057.8000,3,1,1,2,1,2,1,1,2,3
SF,IF2006,2020-02-19 11:19:16.400,4055.4000,23843,0,4590380880.000,0,-,-,-,-,4054.6000,4054.4000,4053.4000,4052.0000,4051.4000,4056.2000,4056.4000,4057.4000,4057.8000,4058.0000,3,1,1,2,1,2,3,1,3,1
SF,IF2006,2020-02-19 11:19:16.900,4055.4000,23843,0,4590380880.000,0,-,-,-,-,4054.6000,4054.4000,4053.4000,4052.0000,4051.4000,4056.0000,4056.2000,4057.4000,4057.8000,4058.0000,3,1,1,2,1,3,2,1,3,1
SF,IF2006,2020-02-19 11:19:17.400,4054.6000,23843,0,4591597260.000,1,0,1,多换,S,4053.4000,4052.0000,4051.4000,4050.2000,4045.2000,4054.6000,4055.6000,4055.8000,4056.0000,4057.4000,1,2,1,1,1,2,1,2,2,1
SF,IF2006,2020-02-19 11:19:17.900,4054.6000,23842,-1,4594030020.000,2,0,2,多平,S,4053.8000,4053.6000,4053.4000,4052.0000,4051.4000,4056.0000,4057.4000,4057.8000,4058.0000,4058.4000,2,5,2,2,1,2,1,3,1,1
SF,IF2006,2020-02-19 11:19:18.400,4054.6000,23842,0,4594030020.000,0,-,-,-,-,4054.0000,4053.8000,4053.6000,4053.4000,4052.0000,4055.4000,4055.8000,4056.0000,4057.4000,4057.8000,2,1,3,2,2,1,2,2,1,3
SF,IF2006,2020-02-19 11:19:18.900,4054.6000,23842,0,4594030020.000,0,-,-,-,-,4054.0000,4053.8000,4053.6000,4053.4000,4052.0000,4055.2000,4055.4000,4057.4000,4057.8000,4058.0000,2,1,3,2,2,2,1,1,3,1
SF,IF2006,2020-02-19 11:19:19.400,4054.6000,23842,0,4594030020.000,0,-,-,-,-,4054.0000,4053.8000,4053.6000,4053.4000,4052.0000,4055.2000,4055.4000,4057.4000,4057.8000,4058.0000,2,1,2,1,2,2,1,1,3,1
SF,IF2006,2020-02-19 11:19:21.400,4054.6000,23842,0,4594030020.000,0,-,-,-,-,4054.0000,4053.8000,4053.6000,4053.4000,4052.0000,4055.2000,4055.4000,4057.4000,4057.8000,4058.0000,2,1,2,2,2,2,1,1,3,1
SF,IF2006,2020-02-19 11:19:23.900,4054.6000,23842,0,4594030020.000,0,-,-,-,-,4054.0000,4053.8000,4053.6000,4053.4000,4052.0000,4055.2000,4055.4000,4057.4000,4057.8000,4058.0000,2,1,2,2,2,2,1,1,3,1
SF,IF2006,2020-02-19 11:19:25.400,4054.6000,23842,0,4594030020.000,0,-,-,-,-,4054.0000,4053.8000,4053.6000,4053.4000,4052.0000,4055.2000,4055.4000,4057.4000,4057.8000,4058.0000,2,1,1,2,2,2,1,1,3,1
SF,IF2006,2020-02-19 11:19:25.900,4054.0000,23842,0,4595246220.000,1,0,1,多换,S,4054.0000,4053.8000,4053.6000,4053.4000,4052.0000,4055.2000,4055.4000,4057.4000,4057.8000,4058.0000,1,1,1,2,2,2,1,1,3,1
SF,IF2006,2020-02-19 11:19:26.400,4054.0000,23842,0,4595246220.000,0,-,-,-,-,4054.2000,4054.0000,4053.8000,4053.6000,4053.4000,4055.2000,4055.4000,4057.4000,4057.8000,4058.0000,1,1,1,1,2,2,1,1,3,1
SF,IF2006,2020-02-19 11:19:27.400,4055.2000,23842,0,4596462780.000,1,0,1,多换,S,4054.2000,4054.0000,4053.8000,4053.6000,4053.4000,4055.2000,4055.4000,4057.4000,4057.8000,4058.0000,1,1,1,1,2,1,1,1,3,1
SF,IF2006,2020-02-19 11:19:27.900,4055.2000,23841,-1,4597679340.000,1,0,1,双平,S,4054.4000,4054.2000,4053.8000,4053.6000,4053.4000,4055.4000,4057.4000,4057.8000,4058.0000,4058.4000,2,1,1,1,2,1,1,3,1,1
SF,IF2006,2020-02-19 11:19:29.400,4055.2000,23841,0,4597679340.000,0,-,-,-,-,4054.4000,4054.2000,4053.8000,4053.4000,4052.0000,4055.4000,4057.4000,4057.8000,4058.0000,4058.4000,2,1,1,2,2,1,1,3,1,1
SF,IF2006,2020-02-19 11:19:29.900,4055.2000,23841,0,4597679340.000,0,-,-,-,-,4054.4000,4054.2000,4053.8000,4053.4000,4052.0000,4055.2000,4055.4000,4057.4000,4057.8000,4058.0000,2,1,1,2,2,1,1,1,3,1
SF,IF2006,2020-02-19 11:19:32.900,4055.2000,23841,0,4597679340.000,0,-,-,-,-,4054.8000,4054.4000,4054.2000,4053.8000,4053.4000,4055.2000,4055.4000,4057.4000,4057.8000,4058.0000,1,2,1,1,2,1,1,1,3,1
SF,IF2006,2020-02-19 11:19:33.900,4055.2000,23841,0,4597679340.000,0,-,-,-,-,4054.8000,4054.4000,4054.2000,4053.8000,4053.4000,4055.4000,4057.4000,4057.8000,4058.0000,4058.4000,1,2,1,1,2,1,1,3,1,1
SF,IF2006,2020-02-19 11:19:34.900,4055.2000,23841,0,4597679340.000,0,-,-,-,-,4054.8000,4054.4000,4054.2000,4053.8000,4053.4000,4057.4000,4057.8000,4058.0000,4058.4000,4058.8000,1,2,1,1,2,1,3,1,1,2
SF,IF2006,2020-02-19 11:19:35.400,4055.2000,23841,0,4597679340.000,0,-,-,-,-,4055.0000,4054.8000,4054.2000,4053.8000,4053.4000,4056.2000,4056.4000,4057.2000,4057.4000,4057.8000,2,1,1,1,2,1,2,2,1,3
SF,IF2006,2020-02-19 11:19:37.400,4055.2000,23841,0,4597679340.000,0,-,-,-,-,4055.0000,4054.8000,4054.2000,4053.8000,4053.4000,4056.2000,4056.4000,4057.2000,4057.4000,4057.8000,2,1,1,1,2,1,2,2,1,3
SF,IF2006,2020-02-19 11:19:37.900,4055.2000,23841,0,4597679340.000,0,-,-,-,-,4055.0000,4054.8000,4054.2000,4053.8000,4053.4000,4056.4000,4057.2000,4057.4000,4057.8000,4058.0000,2,1,1,1,2,2,2,1,3,1
SF,IF2006,2020-02-19 11:19:38.400,4055.2000,23841,0,4597679340.000,0,-,-,-,-,4055.0000,4054.8000,4054.2000,4053.8000,4053.4000,4056.2000,4056.4000,4057.4000,4057.8000,4058.0000,2,1,1,1,2,2,2,1,3,1
SF,IF2006,2020-02-19 11:19:41.900,4055.2000,23841,0,4597679340.000,0,-,-,-,-,4055.0000,4054.8000,4054.2000,4053.8000,4053.4000,4056.0000,4056.2000,4056.4000,4057.4000,4057.8000,2,1,1,1,2,1,2,2,1,2
SF,IF2006,2020-02-19 11:19:42.400,4055.2000,23841,0,4597679340.000,0,-,-,-,-,4055.0000,4054.8000,4054.2000,4053.8000,4053.4000,4056.0000,4056.2000,4057.4000,4057.8000,4058.0000,2,1,1,1,2,1,2,1,2,1
SF,IF2006,2020-02-19 11:19:42.900,4055.2000,23841,0,4597679340.000,0,-,-,-,-,4055.0000,4054.8000,4054.2000,4053.8000,4053.4000,4055.8000,4056.0000,4057.4000,4057.8000,4058.0000,2,1,1,1,2,2,1,1,2,1
SF,IF2006,2020-02-19 11:19:44.900,4055.0000,23840,-1,4598895840.000,1,0,1,双平,S,4055.0000,4054.8000,4054.2000,4053.8000,4053.4000,4055.8000,4056.0000,4057.4000,4057.8000,4058.0000,1,1,1,1,2,2,1,1,2,1
SF,IF2006,2020-02-19 11:19:45.400,4055.0000,23840,0,4598895840.000,0,-,-,-,-,4054.8000,4054.2000,4053.8000,4053.4000,4052.0000,4055.8000,4056.0000,4057.4000,4057.8000,4058.0000,1,1,1,2,2,2,1,1,2,1
SF,IF2006,2020-02-19 11:19:45.900,4055.0000,23840,0,4598895840.000,0,-,-,-,-,4054.2000,4053.8000,4053.4000,4052.0000,4051.4000,4055.8000,4056.0000,4057.4000,4057.8000,4058.0000,1,1,2,2,1,2,1,1,2,1
SF,IF2006,2020-02-19 11:19:47.900,4055.0000,23840,0,4598895840.000,0,-,-,-,-,4054.4000,4054.2000,4053.8000,4053.4000,4052.0000,4055.8000,4056.0000,4057.4000,4057.8000,4058.0000,1,1,1,2,2,2,1,1,2,1
SF,IF2006,2020-02-19 11:19:48.400,4055.0000,23840,0,4598895840.000,0,-,-,-,-,4054.6000,4054.4000,4054.2000,4053.8000,4053.4000,4055.8000,4056.0000,4057.4000,4057.8000,4058.0000,2,1,1,1,2,2,1,1,2,1
SF,IF2006,2020-02-19 11:19:48.900,4055.0000,23840,0,4598895840.000,0,-,-,-,-,4054.6000,4054.4000,4054.2000,4053.8000,4053.4000,4056.0000,4057.4000,4057.8000,4058.0000,4058.4000,2,1,1,1,2,1,1,2,1,1
SF,IF2006,2020-02-19 11:19:49.400,4055.0000,23840,0,4598895840.000,0,-,-,-,-,4054.6000,4054.4000,4054.2000,4053.8000,4053.4000,4057.4000,4057.8000,4058.0000,4058.4000,4058.8000,2,1,1,1,2,1,2,1,1,2
SF,IF2006,2020-02-19 11:19:49.900,4055.0000,23840,0,4598895840.000,0,-,-,-,-,4054.6000,4054.4000,4054.2000,4053.8000,4053.4000,4056.6000,4057.2000,4057.4000,4057.8000,4058.0000,2,1,1,1,2,3,3,1,2,1
SF,IF2006,2020-02-19 11:19:50.400,4055.0000,23840,0,4598895840.000,0,-,-,-,-,4054.6000,4054.4000,4054.2000,4053.8000,4053.4000,4056.4000,4056.6000,4057.2000,4057.4000,4057.8000,2,1,1,1,2,3,3,1,1,1
SF,IF2006,2020-02-19 11:19:50.900,4055.0000,23840,0,4598895840.000,0,-,-,-,-,4054.6000,4054.4000,4054.2000,4053.8000,4053.4000,4056.4000,4056.6000,4057.4000,4057.8000,4058.0000,2,1,1,1,2,3,3,1,1,1
SF,IF2006,2020-02-19 11:19:51.400,4055.0000,23840,0,4598895840.000,0,-,-,-,-,4054.6000,4054.4000,4054.2000,4053.8000,4053.4000,4056.2000,4056.4000,4056.6000,4057.4000,4057.8000,2,1,1,1,2,1,3,3,1,1
SF,IF2006,2020-02-19 11:19:51.900,4055.0000,23840,0,4598895840.000,0,-,-,-,-,4054.8000,4054.6000,4054.2000,4053.8000,4053.4000,4056.0000,4056.2000,4056.4000,4056.6000,4057.4000,2,2,1,1,2,2,1,1,2,1
SF,IF2006,2020-02-19 11:19:52.400,4055.0000,23840,0,4598895840.000,0,-,-,-,-,4055.0000,4054.8000,4054.2000,4053.4000,4052.0000,4056.0000,4056.2000,4056.4000,4057.4000,4057.8000,2,2,1,2,2,2,1,1,1,1
SF,IF2006,2020-02-19 11:19:52.900,4055.0000,23840,0,4598895840.000,0,-,-,-,-,4055.0000,4054.8000,4054.2000,4053.4000,4052.0000,4056.2000,4056.4000,4057.4000,4057.8000,4058.0000,2,2,1,2,2,1,1,1,1,1
SF,IF2006,2020-02-19 11:19:57.900,4055.0000,23840,0,4598895840.000,0,-,-,-,-,4055.2000,4055.0000,4054.8000,4054.2000,4053.4000,4056.2000,4056.4000,4057.4000,4057.8000,4058.0000,1,2,2,1,2,1,1,1,1,1
SF,IF2006,2020-02-19 11:19:58.400,4055.0000,23840,0,4598895840.000,0,-,-,-,-,4055.4000,4055.2000,4054.8000,4054.2000,4053.4000,4056.2000,4056.4000,4057.4000,4057.8000,4058.0000,2,1,2,1,2,1,1,1,1,1
SF,IF2006,2020-02-19 11:19:58.900,4055.0000,23840,0,4598895840.000,0,-,-,-,-,4055.2000,4054.8000,4054.2000,4053.4000,4052.0000,4056.2000,4056.4000,4057.4000,4057.8000,4058.0000,1,2,1,2,2,1,1,1,1,1
SF,IF2006,2020-02-19 11:19:59.400,4055.0000,23840,0,4598895840.000,0,-,-,-,-,4055.2000,4054.8000,4054.2000,4053.4000,4052.0000,4056.0000,4056.2000,4056.4000,4057.4000,4057.8000,1,2,1,2,2,2,1,1,1,1
SF,IF2006,2020-02-19 11:20:01.900,4055.0000,23840,0,4598895840.000,0,-,-,-,-,4055.2000,4054.8000,4054.2000,4053.4000,4052.0000,4056.0000,4056.4000,4057.4000,4057.8000,4058.0000,1,2,1,2,2,2,1,1,1,1
SF,IF2006,2020-02-19 11:20:04.400,4055.2000,23840,0,4600112400.000,1,0,1,多换,S,4054.8000,4054.2000,4053.4000,4052.0000,4051.4000,4056.0000,4057.4000,4057.8000,4058.0000,4058.4000,2,1,2,2,1,2,1,1,1,1
SF,IF2006,2020-02-19 11:20:04.900,4055.2000,23840,0,4600112400.000,0,-,-,-,-,4055.0000,4054.8000,4054.2000,4053.4000,4052.0000,4056.0000,4057.4000,4057.8000,4058.0000,4058.4000,2,2,1,2,2,2,1,1,1,1
SF,IF2006,2020-02-19 11:20:05.400,4055.2000,23840,0,4600112400.000,0,-,-,-,-,4055.0000,4054.8000,4054.2000,4053.4000,4052.0000,4057.4000,4057.8000,4058.0000,4058.4000,4058.8000,2,2,1,2,2,1,1,1,1,2
SF,IF2006,2020-02-19 11:20:05.900,4055.2000,23840,0,4600112400.000,0,-,-,-,-,4055.2000,4055.0000,4054.8000,4054.2000,4053.4000,4057.0000,4057.2000,4057.4000,4057.8000,4058.0000,3,2,1,1,2,1,6,1,1,1
SF,IF2006,2020-02-19 11:20:06.400,4055.2000,23840,0,4600112400.000,0,-,-,-,-,4055.4000,4055.2000,4054.2000,4053.4000,4052.0000,4056.8000,4057.0000,4057.2000,4057.4000,4057.8000,2,3,1,2,2,2,1,4,1,1
SF,IF2006,2020-02-19 11:20:06.900,4055.2000,23840,0,4600112400.000,0,-,-,-,-,4055.6000,4055.4000,4054.2000,4053.4000,4052.0000,4057.2000,4057.8000,4058.0000,4058.4000,4058.8000,3,2,1,2,2,4,1,1,1,2
SF,IF2006,2020-02-19 11:20:07.400,4055.2000,23840,0,4600112400.000,0,-,-,-,-,4055.8000,4055.6000,4054.2000,4053.4000,4052.0000,4057.0000,4057.2000,4057.8000,4058.0000,4058.4000,2,4,1,2,2,2,2,1,1,1
SF,IF2006,2020-02-19 11:20:07.900,4055.2000,23840,0,4600112400.000,0,-,-,-,-,4056.0000,4055.8000,4055.6000,4054.2000,4053.4000,4057.2000,4057.8000,4058.0000,4058.4000,4058.8000,1,2,3,1,2,2,1,1,1,2
SF,IF2006,2020-02-19 11:20:08.400,4055.2000,23840,0,4600112400.000,0,-,-,-,-,4056.2000,4056.0000,4054.2000,4053.4000,4052.0000,4057.2000,4057.8000,4058.0000,4058.4000,4058.8000,2,2,1,2,2,2,1,1,1,2
SF,IF2006,2020-02-19 11:20:08.900,4055.2000,23840,0,4600112400.000,0,-,-,-,-,4056.2000,4056.0000,4055.2000,4054.2000,4053.4000,4057.8000,4058.0000,4058.4000,4058.8000,4059.0000,2,2,1,1,2,1,1,1,2,3
SF,IF2006,2020-02-19 11:20:09.400,4055.2000,23840,0,4600112400.000,0,-,-,-,-,4056.2000,4056.0000,4055.2000,4054.2000,4053.4000,4057.6000,4057.8000,4058.0000,4058.4000,4058.8000,2,2,1,1,2,2,1,1,1,2
SF,IF2006,2020-02-19 11:20:10.400,4055.2000,23840,0,4600112400.000,0,-,-,-,-,4056.2000,4056.0000,4055.2000,4054.2000,4053.4000,4057.6000,4058.0000,4058.4000,4058.8000,4059.0000,2,2,1,1,2,2,1,1,2,3
SF,IF2006,2020-02-19 11:20:10.900,4055.2000,23840,0,4600112400.000,0,-,-,-,-,4056.4000,4056.2000,4056.0000,4055.2000,4054.2000,4057.6000,4058.0000,4058.4000,4058.8000,4059.0000,1,2,2,1,1,2,1,1,2,3
SF,IF2006,2020-02-19 11:20:11.400,4055.2000,23840,0,4600112400.000,0,-,-,-,-,4056.4000,4056.2000,4056.0000,4055.2000,4054.2000,4057.4000,4057.6000,4058.0000,4058.4000,4058.8000,1,2,2,1,1,1,2,1,1,2
SF,IF2006,2020-02-19 11:20:11.900,4055.2000,23840,0,4600112400.000,0,-,-,-,-,4056.2000,4056.0000,4055.2000,4054.2000,4053.4000,4057.2000,4057.4000,4058.0000,4058.4000,4058.8000,2,2,1,1,2,2,1,1,1,2
SF,IF2006,2020-02-19 11:20:12.400,4055.2000,23840,0,4600112400.000,0,-,-,-,-,4056.2000,4056.0000,4055.2000,4054.2000,4053.4000,4057.2000,4057.4000,4058.0000,4058.4000,4058.8000,2,2,1,1,2,3,1,1,1,2
SF,IF2006,2020-02-19 11:20:12.900,4055.2000,23840,0,4600112400.000,0,-,-,-,-,4056.2000,4056.0000,4055.2000,4054.2000,4053.4000,4057.0000,4057.2000,4057.4000,4058.0000,4058.4000,2,2,1,1,2,1,2,1,1,1
SF,IF2006,2020-02-19 11:20:14.400,4055.2000,23840,0,4600112400.000,0,-,-,-,-,4056.2000,4056.0000,4055.2000,4054.2000,4053.4000,4057.0000,4057.2000,4057.4000,4058.0000,4058.4000,2,1,1,1,2,1,2,1,1,1
SF,IF2006,2020-02-19 11:20:15.400,4055.2000,23840,0,4600112400.000,0,-,-,-,-,4056.2000,4056.0000,4055.2000,4054.2000,4053.4000,4057.2000,4057.4000,4058.0000,4058.4000,4058.8000,2,1,1,1,2,2,1,1,1,2
SF,IF2006,2020-02-19 11:20:17.400,4055.2000,23840,0,4600112400.000,0,-,-,-,-,4056.2000,4056.0000,4055.2000,4054.2000,4053.4000,4057.2000,4057.4000,4058.0000,4058.2000,4058.4000,2,1,1,1,2,2,1,1,1,1
SF,IF2006,2020-02-19 11:20:18.400,4055.2000,23840,0,4600112400.000,0,-,-,-,-,4056.4000,4056.2000,4055.2000,4054.2000,4053.4000,4057.2000,4058.0000,4058.2000,4058.4000,4058.8000,1,2,1,1,2,2,1,1,1,2
SF,IF2006,2020-02-19 11:20:18.900,4055.2000,23840,0,4600112400.000,0,-,-,-,-,4056.6000,4056.4000,4055.2000,4054.2000,4053.4000,4058.0000,4058.2000,4058.4000,4058.8000,4059.0000,3,1,1,1,2,1,1,1,2,3
SF,IF2006,2020-02-19 11:20:19.400,4055.2000,23840,0,4600112400.000,0,-,-,-,-,4056.6000,4056.4000,4055.2000,4054.2000,4053.4000,4057.8000,4058.0000,4058.2000,4058.4000,4058.8000,3,1,1,1,2,2,1,1,1,2
SF,IF2006,2020-02-19 11:20:19.900,4055.2000,23840,0,4600112400.000,0,-,-,-,-,4057.0000,4056.8000,4056.6000,4055.2000,4054.2000,4058.0000,4058.2000,4058.4000,4058.8000,4059.0000,1,2,3,1,1,1,1,1,2,3
SF,IF2006,2020-02-19 11:20:20.400,4058.0000,23840,0,4601329800.000,1,0,1,多换,S,4057.2000,4057.0000,4056.8000,4056.6000,4055.2000,4058.2000,4058.4000,4058.8000,4059.0000,4059.4000,2,1,2,1,1,1,1,2,3,1
SF,IF2006,2020-02-19 11:20:20.900,4058.0000,23840,0,4601329800.000,0,-,-,-,-,4058.0000,4057.2000,4057.0000,4056.8000,4056.6000,4058.2000,4058.4000,4058.8000,4059.0000,4059.4000,1,2,1,2,1,1,1,2,3,1
SF,IF2006,2020-02-19 11:20:21.400,4058.0000,23840,0,4602547200.000,1,0,1,多换,S,4057.2000,4056.6000,4054.2000,4053.4000,4052.0000,4058.2000,4058.4000,4058.8000,4059.0000,4059.4000,2,1,1,2,2,1,1,2,3,1
SF,IF2006,2020-02-19 11:20:26.400,4058.0000,23840,0,4602547200.000,0,-,-,-,-,4057.2000,4056.6000,4054.2000,4053.4000,4052.0000,4058.0000,4058.2000,4058.4000,4058.8000,4059.0000,2,1,1,2,2,1,1,1,2,3
SF,IF2006,2020-02-19 11:20:28.400,4058.0000,23840,0,4602547200.000,0,-,-,-,-,4057.2000,4056.6000,4054.2000,4053.4000,4052.0000,4058.2000,4058.4000,4058.8000,4059.0000,4059.4000,2,1,1,2,2,1,1,2,3,1
SF,IF2006,2020-02-19 11:20:28.900,4058.0000,23840,0,4602547200.000,0,-,-,-,-,4057.2000,4056.6000,4054.2000,4053.4000,4052.0000,4058.2000,4058.4000,4058.8000,4059.0000,4059.4000,2,1,1,2,2,1,1,2,3,1
SF,IF2006,2020-02-19 11:20:31.900,4058.0000,23840,0,4602547200.000,0,-,-,-,-,4057.2000,4056.6000,4054.2000,4053.4000,4052.0000,4058.0000,4058.2000,4058.4000,4058.8000,4059.0000,2,1,1,2,2,1,1,1,2,3
SF,IF2006,2020-02-19 11:20:32.400,4058.0000,23840,0,4602547200.000,0,-,-,-,-,4056.6000,4054.2000,4053.4000,4052.0000,4051.4000,4058.0000,4058.2000,4058.4000,4058.8000,4059.0000,1,1,2,2,1,1,1,1,2,3
SF,IF2006,2020-02-19 11:20:32.900,4058.0000,23840,0,4602547200.000,0,-,-,-,-,4056.8000,4056.6000,4054.2000,4053.4000,4052.0000,4057.8000,4058.0000,4058.2000,4058.4000,4058.8000,3,1,1,2,2,2,1,1,1,2
SF,IF2006,2020-02-19 11:20:33.900,4058.0000,23840,0,4602547200.000,0,-,-,-,-,4056.8000,4056.6000,4054.2000,4053.4000,4052.0000,4057.8000,4058.0000,4058.2000,4058.4000,4058.8000,2,1,1,2,2,2,1,1,1,2
SF,IF2006,2020-02-19 11:20:34.400,4058.0000,23840,0,4602547200.000,0,-,-,-,-,4056.6000,4054.2000,4053.4000,4052.0000,4051.4000,4057.8000,4058.2000,4058.4000,4058.8000,4059.0000,1,1,2,2,1,2,1,1,2,3
SF,IF2006,2020-02-19 11:20:34.900,4058.0000,23840,0,4602547200.000,0,-,-,-,-,4056.0000,4054.2000,4053.4000,4052.0000,4051.4000,4057.4000,4057.6000,4057.8000,4058.2000,4058.4000,1,1,2,2,1,1,5,2,1,1
SF,IF2006,2020-02-19 11:20:35.400,4058.0000,23840,0,4602547200.000,0,-,-,-,-,4056.2000,4054.2000,4053.4000,4052.0000,4051.4000,4057.2000,4057.4000,4057.6000,4058.2000,4058.4000,1,1,2,2,1,2,1,2,1,1
SF,IF2006,2020-02-19 11:20:35.900,4058.0000,23840,0,4602547200.000,0,-,-,-,-,4054.4000,4054.2000,4053.4000,4052.0000,4051.4000,4057.0000,4057.2000,4057.6000,4058.2000,4058.4000,1,1,2,2,1,2,2,1,1,1
SF,IF2006,2020-02-19 11:20:36.400,4058.0000,23840,0,4602547200.000,0,-,-,-,-,4055.4000,4055.2000,4055.0000,4054.8000,4054.6000,4056.8000,4057.6000,4058.2000,4058.4000,4058.8000,1,2,1,1,5,2,1,1,1,2
SF,IF2006,2020-02-19 11:20:36.900,4058.0000,23840,0,4602547200.000,0,-,-,-,-,4055.6000,4055.4000,4055.0000,4054.8000,4054.6000,4057.6000,4058.2000,4058.4000,4058.8000,4059.0000,3,1,1,1,2,1,1,1,2,2
SF,IF2006,2020-02-19 11:20:37.400,4058.0000,23840,0,4602547200.000,0,-,-,-,-,4055.8000,4055.6000,4055.4000,4055.0000,4054.8000,4057.4000,4057.6000,4058.2000,4058.4000,4058.8000,1,3,1,1,1,2,1,1,1,2
SF,IF2006,2020-02-19 11:20:37.900,4058.0000,23840,0,4602547200.000,0,-,-,-,-,4056.2000,4056.0000,4055.8000,4055.0000,4054.8000,4057.2000,4058.2000,4058.4000,4058.8000,4059.0000,1,4,1,1,1,1,1,1,2,2
SF,IF2006,2020-02-19 11:20:38.400,4057.2000,23840,0,4603764360.000,1,0,1,多换,S,4056.4000,4056.2000,4056.0000,4055.8000,4055.0000,4058.2000,4058.4000,4058.8000,4059.0000,4059.4000,3,1,1,1,1,1,1,2,2,1
SF,IF2006,2020-02-19 11:20:38.900,4057.2000,23840,0,4603764360.000,0,-,-,-,-,4056.6000,4056.4000,4055.8000,4055.0000,4054.8000,4058.0000,4058.2000,4058.4000,4058.8000,4059.0000,2,3,1,1,1,2,1,1,2,2
SF,IF2006,2020-02-19 11:20:39.400,4057.2000,23840,0,4603764360.000,0,-,-,-,-,4056.8000,4056.6000,4056.4000,4055.8000,4055.0000,4058.0000,4058.2000,4058.4000,4058.8000,4059.0000,2,2,1,1,1,2,1,1,2,2
SF,IF2006,2020-02-19 11:20:39.900,4057.2000,23840,0,4603764360.000,0,-,-,-,-,4056.6000,4056.4000,4055.8000,4055.0000,4054.8000,4058.0000,4058.2000,4058.4000,4058.8000,4059.0000,2,1,1,1,1,2,1,1,2,2
SF,IF2006,2020-02-19 11:20:40.400,4057.2000,23840,0,4603764360.000,0,-,-,-,-,4056.6000,4056.4000,4055.8000,4055.0000,4054.8000,4058.0000,4058.2000,4058.4000,4058.8000,4059.0000,1,1,1,1,1,2,1,1,2,2
SF,IF2006,2020-02-19 11:20:40.900,4057.2000,23840,0,4603764360.000,0,-,-,-,-,4056.6000,4056.4000,4055.0000,4054.8000,4054.6000,4058.0000,4058.2000,4058.4000,4058.8000,4059.0000,1,1,1,1,2,3,1,1,2,2
SF,IF2006,2020-02-19 11:20:41.400,4057.2000,23840,0,4603764360.000,0,-,-,-,-,4056.8000,4056.6000,4056.4000,4055.0000,4054.8000,4058.0000,4058.2000,4058.4000,4058.8000,4059.0000,2,1,1,1,1,2,1,1,2,2
SF,IF2006,2020-02-19 11:20:41.900,4057.2000,23840,0,4603764360.000,0,-,-,-,-,4056.4000,4055.0000,4054.8000,4054.6000,4054.4000,4058.0000,4058.2000,4058.4000,4058.8000,4059.0000,1,1,1,2,2,2,1,1,2,2
SF,IF2006,2020-02-19 11:20:42.400,4057.2000,23840,0,4603764360.000,0,-,-,-,-,4056.6000,4056.4000,4055.0000,4054.8000,4054.6000,4058.0000,4058.2000,4058.4000,4058.8000,4059.0000,7,1,1,1,2,2,1,1,2,2
SF,IF2006,2020-02-19 11:20:42.900,4057.2000,23840,0,4603764360.000,0,-,-,-,-,4056.6000,4056.4000,4055.0000,4054.8000,4054.6000,4058.0000,4058.2000,4058.4000,4058.8000,4059.0000,2,1,1,1,2,2,1,1,2,2
SF,IF2006,2020-02-19 11:20:43.400,4057.2000,23840,0,4603764360.000,0,-,-,-,-,4056.6000,4056.4000,4054.8000,4054.6000,4054.4000,4058.0000,4058.2000,4058.4000,4058.8000,4059.0000,2,1,1,2,2,2,1,1,2,2
SF,IF2006,2020-02-19 11:20:43.900,4057.2000,23840,0,4603764360.000,0,-,-,-,-,4056.8000,4056.6000,4056.4000,4054.8000,4054.6000,4058.0000,4058.2000,4058.4000,4058.8000,4059.0000,1,2,1,1,2,2,1,1,2,2
SF,IF2006,2020-02-19 11:20:44.400,4057.2000,23840,0,4603764360.000,0,-,-,-,-,4057.0000,4056.8000,4056.4000,4054.8000,4054.6000,4058.0000,4058.2000,4058.4000,4058.8000,4059.0000,2,1,1,1,2,2,1,1,2,2
SF,IF2006,2020-02-19 11:20:47.400,4057.2000,23840,0,4603764360.000,0,-,-,-,-,4057.0000,4056.8000,4056.4000,4054.6000,4054.4000,4058.0000,4058.2000,4058.4000,4058.8000,4059.0000,2,1,1,2,2,2,1,1,2,2
SF,IF2006,2020-02-19 11:20:47.900,4057.0000,23840,0,4604981460.000,1,0,1,多换,S,4057.0000,4056.8000,4056.4000,4054.6000,4054.4000,4058.0000,4058.2000,4058.4000,4058.8000,4059.0000,1,1,1,2,2,2,1,1,2,2
SF,IF2006,2020-02-19 11:20:48.400,4057.0000,23840,0,4604981460.000,0,-,-,-,-,4056.8000,4056.4000,4054.6000,4054.4000,4054.2000,4058.0000,4058.2000,4058.4000,4058.8000,4059.0000,1,1,2,2,1,2,1,1,2,2
SF,IF2006,2020-02-19 11:20:48.900,4057.0000,23840,0,4604981460.000,0,-,-,-,-,4056.4000,4054.6000,4054.4000,4054.2000,4053.4000,4058.0000,4058.2000,4058.4000,4058.8000,4059.0000,1,2,2,1,1,2,1,1,2,2
SF,IF2006,2020-02-19 11:20:49.400,4057.0000,23840,0,4604981460.000,0,-,-,-,-,4056.6000,4056.4000,4054.6000,4054.4000,4054.2000,4058.0000,4058.2000,4058.4000,4058.8000,4059.0000,2,1,2,2,1,2,1,1,2,2
SF,IF2006,2020-02-19 11:20:49.900,4057.0000,23840,0,4604981460.000,0,-,-,-,-,4056.6000,4056.4000,4054.6000,4054.4000,4054.2000,4056.8000,4058.0000,4058.2000,4058.4000,4058.8000,3,1,2,2,1,1,2,1,1,2
SF,IF2006,2020-02-19 11:20:50.400,4056.8000,23839,-1,4606198500.000,1,0,1,双平,S,4056.8000,4056.6000,4056.4000,4054.6000,4054.4000,4058.0000,4058.2000,4058.4000,4058.8000,4059.0000,3,2,1,2,2,2,1,1,2,2
SF,IF2006,2020-02-19 11:20:52.900,4056.8000,23839,0,4606198500.000,0,-,-,-,-,4056.8000,4056.6000,4056.4000,4054.6000,4054.4000,4058.0000,4058.2000,4058.4000,4058.8000,4059.0000,3,2,1,2,2,3,1,1,2,2
SF,IF2006,2020-02-19 11:20:55.900,4056.8000,23839,0,4606198500.000,0,-,-,-,-,4056.8000,4056.6000,4056.4000,4054.6000,4054.4000,4058.0000,4058.2000,4058.4000,4058.8000,4059.0000,1,2,1,2,2,3,1,1,2,2
SF,IF2006,2020-02-19 11:20:57.900,4056.8000,23839,0,4606198500.000,0,-,-,-,-,4057.0000,4056.8000,4056.6000,4056.4000,4054.6000,4058.0000,4058.2000,4058.4000,4058.8000,4059.0000,1,1,2,1,2,3,1,1,2,2
SF,IF2006,2020-02-19 11:20:58.900,4056.8000,23839,0,4606198500.000,0,-,-,-,-,4057.0000,4056.6000,4056.4000,4054.6000,4054.4000,4058.0000,4058.2000,4058.4000,4058.8000,4059.0000,1,2,1,2,2,3,1,1,2,2
SF,IF2006,2020-02-19 11:21:00.900,4056.8000,23839,0,4606198500.000,0,-,-,-,-,4057.0000,4056.6000,4056.4000,4054.6000,4054.4000,4058.0000,4058.2000,4058.4000,4058.8000,4059.0000,1,2,1,2,2,3,1,1,2,1
SF,IF2006,2020-02-19 11:21:01.400,4056.8000,23839,0,4606198500.000,0,-,-,-,-,4057.2000,4057.0000,4054.6000,4054.4000,4054.2000,4058.0000,4058.2000,4058.4000,4058.8000,4059.0000,2,1,2,2,1,1,1,1,2,1
SF,IF2006,2020-02-19 11:21:01.900,4056.8000,23839,0,4606198500.000,0,-,-,-,-,4057.0000,4054.6000,4054.4000,4054.2000,4053.4000,4057.8000,4058.0000,4058.2000,4058.4000,4058.8000,1,2,2,1,1,2,1,1,1,2
SF,IF2006,2020-02-19 11:21:02.400,4056.8000,23839,0,4606198500.000,0,-,-,-,-,4057.2000,4057.0000,4054.6000,4054.4000,4054.2000,4057.8000,4058.0000,4058.2000,4058.4000,4058.8000,2,1,2,2,1,2,1,1,1,2
SF,IF2006,2020-02-19 11:21:04.400,4057.8000,23839,0,4607415840.000,1,0,1,多换,S,4057.4000,4057.2000,4054.6000,4054.4000,4054.2000,4057.8000,4058.0000,4058.2000,4058.4000,4058.8000,1,2,2,2,1,1,1,1,1,2
SF,IF2006,2020-02-19 11:21:05.400,4057.8000,23839,0,4607415840.000,0,-,-,-,-,4057.4000,4054.6000,4054.4000,4054.2000,4053.4000,4057.8000,4058.0000,4058.2000,4058.4000,4058.8000,1,2,2,1,1,1,1,1,1,2
SF,IF2006,2020-02-19 11:21:05.900,4057.4000,23839,0,4608633060.000,1,0,1,多换,S,4054.6000,4054.4000,4054.2000,4053.4000,4052.0000,4057.8000,4058.0000,4058.2000,4058.4000,4058.8000,2,2,1,1,2,1,1,1,1,2
SF,IF2006,2020-02-19 11:21:06.400,4057.4000,23839,0,4608633060.000,0,-,-,-,-,4056.8000,4056.6000,4056.4000,4056.0000,4055.8000,4057.8000,4058.0000,4058.2000,4058.4000,4058.8000,5,1,2,1,1,1,1,1,1,2
SF,IF2006,2020-02-19 11:21:06.900,4057.4000,23839,0,4608633060.000,0,-,-,-,-,4056.6000,4056.4000,4055.4000,4055.2000,4055.0000,4057.8000,4058.0000,4058.2000,4058.4000,4058.8000,1,2,4,1,1,1,1,1,1,2
SF,IF2006,2020-02-19 11:21:07.400,4057.4000,23839,0,4608633060.000,0,-,-,-,-,4056.6000,4056.4000,4055.4000,4055.2000,4055.0000,4057.4000,4057.8000,4058.0000,4058.2000,4058.4000,1,2,4,1,1,1,1,1,1,1
SF,IF2006,2020-02-19 11:21:07.900,4057.4000,23840,1,4609850280.000,1,1,0,双开,S,4057.2000,4056.8000,4056.6000,4056.4000,4055.4000,4057.8000,4058.0000,4058.2000,4058.4000,4058.8000,5,2,1,2,4,1,1,1,1,2
SF,IF2006,2020-02-19 11:21:08.400,4057.4000,23840,0,4609850280.000,0,-,-,-,-,4057.2000,4056.8000,4056.6000,4056.4000,4055.4000,4058.0000,4058.2000,4058.4000,4058.8000,4059.0000,5,2,1,2,4,1,1,1,2,1
SF,IF2006,2020-02-19 11:21:09.400,4057.4000,23840,0,4609850280.000,0,-,-,-,-,4057.2000,4056.8000,4056.6000,4056.4000,4055.4000,4058.0000,4058.2000,4058.4000,4058.8000,4059.0000,5,2,1,2,3,1,1,1,2,1
SF,IF2006,2020-02-19 11:21:09.900,4057.4000,23840,0,4609850280.000,0,-,-,-,-,4057.2000,4056.8000,4056.6000,4055.4000,4055.2000,4058.0000,4058.2000,4058.4000,4058.8000,4059.0000,5,2,1,3,1,2,1,1,2,1
SF,IF2006,2020-02-19 11:21:10.900,4057.4000,23840,0,4609850280.000,0,-,-,-,-,4057.4000,4057.2000,4056.8000,4056.6000,4055.4000,4058.0000,4058.2000,4058.4000,4058.8000,4059.0000,1,5,2,1,3,2,1,1,2,1
SF,IF2006,2020-02-19 11:21:11.400,4058.2000,23840,0,4613502540.000,3,1,2,多换,S,4057.6000,4057.4000,4057.2000,4056.6000,4055.4000,4058.4000,4058.8000,4059.0000,4059.4000,4059.6000,8,1,5,1,3,1,2,1,1,1
SF,IF2006,2020-02-19 11:21:11.900,4058.2000,23840,0,4613502540.000,0,-,-,-,-,4057.8000,4057.6000,4057.4000,4057.2000,4056.6000,4058.4000,4058.8000,4059.0000,4059.4000,4059.6000,6,8,1,5,1,1,2,1,1,1
SF,IF2006,2020-02-19 11:21:12.400,4058.2000,23840,0,4613502540.000,0,-,-,-,-,4057.8000,4057.6000,4057.4000,4057.2000,4056.6000,4058.4000,4058.8000,4059.0000,4059.4000,4059.6000,1,3,1,5,1,1,2,1,1,1
SF,IF2006,2020-02-19 11:21:12.900,4058.4000,23839,-1,4614720060.000,1,0,1,双平,S,4057.6000,4057.4000,4057.2000,4056.6000,4055.4000,4058.8000,4059.0000,4059.4000,4059.6000,4060.0000,3,1,5,1,2,2,1,1,1,2
SF,IF2006,2020-02-19 11:21:13.400,4058.4000,23839,0,4614720060.000,0,-,-,-,-,4057.8000,4057.6000,4057.4000,4057.2000,4056.6000,4058.8000,4059.0000,4059.4000,4059.6000,4060.0000,3,3,1,5,1,2,1,1,1,2
SF,IF2006,2020-02-19 11:21:13.900,4058.6000,23839,0,4615937640.000,1,0,1,多换,S,4057.6000,4057.4000,4057.2000,4056.6000,4055.4000,4058.6000,4058.8000,4059.0000,4059.4000,4059.6000,3,1,5,1,2,1,2,1,1,1
SF,IF2006,2020-02-19 11:21:14.400,4058.8000,23840,1,4619590500.000,3,2,1,空开,S,4058.8000,4057.6000,4057.4000,4057.2000,4056.6000,4059.0000,4059.4000,4059.6000,4060.0000,4060.8000,2,3,1,5,1,1,1,1,2,1
SF,IF2006,2020-02-19 11:21:14.900,4058.8000,23840,0,4622025780.000,2,1,1,多换,S,4057.6000,4057.4000,4056.6000,4055.4000,4055.0000,4058.6000,4058.8000,4059.0000,4059.4000,4059.6000,3,1,1,2,1,1,3,1,1,1
SF,IF2006,2020-02-19 11:21:15.400,4058.8000,23840,0,4622025780.000,0,-,-,-,-,4057.6000,4057.4000,4056.6000,4055.4000,4055.0000,4058.6000,4058.8000,4059.0000,4059.4000,4059.6000,3,1,1,2,1,1,3,1,1,1
SF,IF2006,2020-02-19 11:21:15.900,4058.8000,23840,0,4622025780.000,0,-,-,-,-,4057.6000,4057.4000,4056.6000,4055.4000,4055.0000,4058.6000,4058.8000,4059.0000,4059.4000,4059.6000,2,1,1,2,1,1,3,1,1,1
SF,IF2006,2020-02-19 11:21:16.400,4058.6000,23840,0,4623243360.000,1,0,1,多换,S,4058.6000,4057.6000,4057.4000,4056.6000,4055.4000,4058.8000,4059.0000,4059.4000,4059.6000,4060.0000,3,2,1,1,2,3,1,1,1,2
SF,IF2006,2020-02-19 11:21:16.900,4058.6000,23842,2,4626896100.000,3,2,1,空开,S,4057.6000,4057.4000,4056.6000,4055.4000,4055.0000,4058.6000,4058.8000,4059.0000,4059.4000,4059.6000,2,1,1,2,1,1,2,1,1,1
SF,IF2006,2020-02-19 11:21:17.400,4058.6000,23842,0,4628113680.000,1,0,1,多换,S,4057.6000,4057.4000,4056.6000,4054.8000,4054.6000,4058.8000,4059.0000,4059.4000,4059.6000,4060.0000,2,1,1,3,2,2,1,1,1,2
SF,IF2006,2020-02-19 11:21:21.900,4058.6000,23842,0,4628113680.000,0,-,-,-,-,4057.8000,4057.6000,4057.4000,4056.6000,4054.8000,4058.8000,4059.0000,4059.4000,4059.6000,4060.0000,1,2,1,1,3,2,1,1,1,2
SF,IF2006,2020-02-19 11:21:22.400,4058.6000,23842,0,4628113680.000,0,-,-,-,-,4058.8000,4058.0000,4057.8000,4057.4000,4056.6000,4059.0000,4059.4000,4059.6000,4060.0000,4060.8000,1,2,1,1,1,1,1,1,2,1
SF,IF2006,2020-02-19 11:21:22.900,4058.8000,23842,0,4629331320.000,1,0,1,多换,S,4058.0000,4057.8000,4057.4000,4056.6000,4054.8000,4059.0000,4059.4000,4059.6000,4060.0000,4060.8000,2,1,1,1,3,1,1,1,2,1
SF,IF2006,2020-02-19 11:21:23.400,4058.8000,23842,0,4629331320.000,0,-,-,-,-,4058.2000,4058.0000,4057.8000,4057.4000,4056.6000,4059.0000,4059.4000,4059.6000,4060.0000,4060.8000,5,5,1,1,1,1,1,1,2,1
SF,IF2006,2020-02-19 11:21:23.900,4058.8000,23842,0,4629331320.000,0,-,-,-,-,4058.4000,4058.0000,4057.8000,4057.4000,4056.6000,4059.0000,4059.4000,4059.6000,4060.0000,4060.8000,2,3,1,1,1,1,1,1,2,1
SF,IF2006,2020-02-19 11:21:26.400,4058.8000,23842,0,4629331320.000,0,-,-,-,-,4058.4000,4058.0000,4057.8000,4057.4000,4056.6000,4059.0000,4059.4000,4059.6000,4060.0000,4060.8000,2,3,1,1,1,1,1,1,2,1
SF,IF2006,2020-02-19 11:21:27.400,4059.0000,23842,0,4630549020.000,1,0,1,多换,S,4059.2000,4058.4000,4058.0000,4057.8000,4057.4000,4059.4000,4059.6000,4060.0000,4060.8000,4061.0000,1,2,3,1,1,1,1,2,1,7
SF,IF2006,2020-02-19 11:21:27.900,4059.2000,23841,-1,4631766780.000,1,0,1,双平,S,4058.4000,4058.0000,4057.4000,4056.6000,4054.8000,4059.4000,4059.6000,4060.0000,4060.8000,4061.0000,2,3,1,1,2,1,1,2,1,7
SF,IF2006,2020-02-19 11:21:30.900,4059.2000,23841,0,4631766780.000,0,-,-,-,-,4058.4000,4058.0000,4057.4000,4056.6000,4055.0000,4059.4000,4059.6000,4060.0000,4060.8000,4061.0000,2,3,1,1,5,1,1,2,1,7
SF,IF2006,2020-02-19 11:21:32.900,4059.2000,23841,0,4631766780.000,0,-,-,-,-,4058.6000,4058.4000,4058.0000,4056.6000,4055.0000,4059.4000,4059.6000,4060.0000,4060.8000,4061.0000,1,2,3,1,5,1,1,2,1,7
SF,IF2006,2020-02-19 11:21:33.400,4059.2000,23841,0,4631766780.000,0,-,-,-,-,4058.8000,4058.6000,4058.0000,4056.6000,4055.0000,4059.4000,4059.6000,4060.0000,4060.8000,4061.0000,2,1,3,1,5,1,1,2,1,7
SF,IF2006,2020-02-19 11:21:33.900,4059.2000,23841,0,4631766780.000,0,-,-,-,-,4058.8000,4058.0000,4056.6000,4055.0000,4054.8000,4059.4000,4059.6000,4060.0000,4060.8000,4061.0000,2,3,1,5,2,1,2,2,1,7
SF,IF2006,2020-02-19 11:21:34.400,4059.2000,23841,0,4631766780.000,0,-,-,-,-,4058.8000,4058.0000,4056.6000,4055.0000,4054.8000,4059.4000,4059.6000,4060.0000,4060.8000,4061.0000,2,3,1,5,2,1,2,2,1,7
SF,IF2006,2020-02-19 11:21:34.900,4059.4000,23842,1,4632984600.000,1,1,0,双开,S,4059.4000,4058.8000,4058.0000,4056.6000,4055.0000,4059.6000,4060.0000,4060.8000,4061.0000,4061.4000,1,2,3,1,5,2,2,1,7,1
SF,IF2006,2020-02-19 11:21:35.400,4059.4000,23842,0,4634202420.000,1,0,1,多换,S,4058.8000,4058.0000,4056.6000,4055.0000,4054.8000,4059.6000,4060.0000,4060.8000,4061.0000,4061.4000,2,3,1,5,2,2,2,1,7,1
SF,IF2006,2020-02-19 11:21:36.400,4059.6000,23843,1,4636638180.000,2,1,1,空开,S,4058.8000,4058.0000,4056.6000,4055.0000,4054.8000,4060.0000,4060.8000,4061.0000,4061.4000,4061.8000,2,3,1,5,2,2,1,7,1,2
SF,IF2006,2020-02-19 11:21:36.900,4059.6000,23843,0,4636638180.000,0,-,-,-,-,4058.8000,4058.0000,4056.6000,4055.0000,4054.8000,4060.0000,4060.8000,4061.0000,4061.4000,4061.8000,2,3,1,5,2,2,1,7,1,2
SF,IF2006,2020-02-19 11:21:38.400,4059.6000,23843,0,4636638180.000,0,-,-,-,-,4059.0000,4058.8000,4058.0000,4056.6000,4055.0000,4060.0000,4060.8000,4061.0000,4061.4000,4061.8000,1,2,3,1,5,2,1,7,1,2
SF,IF2006,2020-02-19 11:21:38.900,4059.6000,23843,0,4636638180.000,0,-,-,-,-,4059.2000,4059.0000,4058.0000,4056.6000,4055.0000,4060.0000,4060.8000,4061.0000,4061.4000,4061.8000,2,1,3,1,5,2,1,7,1,2
SF,IF2006,2020-02-19 11:21:39.900,4059.6000,23843,0,4636638180.000,0,-,-,-,-,4059.2000,4058.0000,4056.6000,4055.0000,4054.8000,4060.0000,4060.8000,4061.0000,4061.4000,4061.8000,2,3,1,5,2,2,1,7,1,2
SF,IF2006,2020-02-19 11:21:41.400,4059.6000,23843,0,4636638180.000,0,-,-,-,-,4059.2000,4058.0000,4056.6000,4055.0000,4054.8000,4060.0000,4060.8000,4061.0000,4061.4000,4061.8000,2,2,1,5,2,2,1,7,1,2
SF,IF2006,2020-02-19 11:21:43.400,4059.6000,23843,0,4636638180.000,0,-,-,-,-,4059.2000,4058.0000,4056.6000,4055.0000,4054.8000,4060.0000,4060.8000,4061.0000,4061.4000,4061.8000,2,2,1,5,2,2,1,7,1,2
SF,IF2006,2020-02-19 11:21:43.900,4059.6000,23843,0,4636638180.000,0,-,-,-,-,4059.2000,4058.0000,4056.6000,4055.0000,4054.8000,4060.0000,4060.8000,4061.0000,4061.4000,4061.8000,2,2,1,5,2,2,1,7,1,2
SF,IF2006,2020-02-19 11:21:44.900,4060.0000,23843,0,4637856180.000,1,0,1,多换,S,4059.2000,4058.0000,4056.6000,4055.0000,4054.8000,4060.0000,4060.8000,4061.0000,4061.4000,4061.8000,2,2,1,5,2,1,1,7,1,2
SF,IF2006,2020-02-19 11:21:45.400,4060.0000,23843,0,4639074180.000,1,0,1,多换,S,4059.2000,4058.0000,4056.6000,4055.0000,4054.8000,4060.8000,4061.0000,4061.4000,4061.8000,4062.0000,2,2,1,5,2,1,7,1,2,2
SF,IF2006,2020-02-19 11:21:45.900,4059.4000,23842,-1,4641509820.000,2,0,2,多平,S,4059.4000,4059.2000,4058.0000,4056.6000,4055.0000,4060.6000,4060.8000,4061.0000,4061.4000,4061.8000,2,2,2,1,5,3,1,7,1,2
SF,IF2006,2020-02-19 11:21:46.400,4059.4000,23842,0,4641509820.000,0,-,-,-,-,4059.6000,4059.4000,4058.0000,4056.6000,4055.0000,4060.6000,4060.8000,4061.0000,4061.4000,4061.8000,2,2,2,1,5,3,1,7,1,2
SF,IF2006,2020-02-19 11:21:46.900,4059.4000,23842,0,4641509820.000,0,-,-,-,-,4059.6000,4059.4000,4058.0000,4056.6000,4055.0000,4060.6000,4060.8000,4061.0000,4061.4000,4061.8000,2,2,2,1,5,3,1,7,1,2
SF,IF2006,2020-02-19 11:21:47.400,4059.4000,23842,0,4641509820.000,0,-,-,-,-,4059.6000,4059.4000,4058.0000,4056.6000,4055.0000,4060.6000,4060.8000,4061.0000,4061.4000,4061.8000,2,1,2,1,5,3,1,7,1,2
SF,IF2006,2020-02-19 11:21:47.900,4059.4000,23842,0,4641509820.000,0,-,-,-,-,4058.0000,4056.6000,4055.0000,4054.8000,4054.6000,4060.4000,4060.6000,4060.8000,4061.0000,4061.4000,2,1,5,2,2,2,3,1,7,1
SF,IF2006,2020-02-19 11:21:48.400,4059.4000,23842,0,4641509820.000,0,-,-,-,-,4058.8000,4058.4000,4058.2000,4058.0000,4055.0000,4060.4000,4060.6000,4060.8000,4061.0000,4061.4000,5,3,3,2,5,2,3,1,7,1
SF,IF2006,2020-02-19 11:21:48.900,4059.4000,23842,0,4641509820.000,0,-,-,-,-,4059.0000,4058.2000,4058.0000,4055.0000,4054.8000,4060.4000,4060.6000,4060.8000,4061.0000,4061.4000,2,1,2,5,2,2,3,1,7,1
SF,IF2006,2020-02-19 11:21:49.400,4060.4000,23841,-1,4642727940.000,1,0,1,双平,S,4059.0000,4058.2000,4058.0000,4055.0000,4054.8000,4060.4000,4060.6000,4060.8000,4061.0000,4061.4000,2,1,2,5,2,1,3,1,7,1
SF,IF2006,2020-02-19 11:21:49.900,4060.4000,23841,0,4642727940.000,0,-,-,-,-,4059.0000,4058.2000,4058.0000,4055.0000,4054.8000,4059.6000,4060.4000,4060.6000,4060.8000,4061.0000,2,1,2,5,2,1,1,3,1,7
SF,IF2006,2020-02-19 11:21:50.400,4059.6000,23841,0,4643945820.000,1,0,1,多换,S,4059.6000,4059.0000,4058.2000,4058.0000,4055.0000,4060.4000,4060.6000,4060.8000,4061.0000,4061.4000,2,2,1,2,5,1,2,1,7,1
SF,IF2006,2020-02-19 11:21:50.900,4059.6000,23841,0,4643945820.000,0,-,-,-,-,4060.4000,4059.8000,4059.6000,4058.2000,4058.0000,4060.6000,4060.8000,4061.0000,4061.4000,4061.8000,1,2,2,1,2,3,1,7,1,2
SF,IF2006,2020-02-19 11:21:51.400,4060.4000,23842,1,4645163940.000,1,1,0,双开,S,4060.4000,4059.8000,4059.6000,4058.0000,4055.0000,4060.6000,4060.8000,4061.0000,4061.4000,4061.8000,1,2,2,2,5,3,1,7,1,2
SF,IF2006,2020-02-19 11:21:51.900,4060.4000,23842,0,4646382060.000,1,0,1,多换,S,4059.8000,4059.6000,4058.0000,4055.0000,4054.8000,4060.6000,4060.8000,4061.0000,4061.4000,4061.8000,2,2,2,5,2,3,1,7,1,2
SF,IF2006,2020-02-19 11:21:55.900,4060.4000,23842,0,4646382060.000,0,-,-,-,-,4059.8000,4059.6000,4058.0000,4055.0000,4054.8000,4060.4000,4060.6000,4060.8000,4061.0000,4061.4000,2,1,2,5,2,1,1,1,7,1
SF,IF2006,2020-02-19 11:21:56.400,4060.4000,23842,0,4646382060.000,0,-,-,-,-,4059.8000,4059.6000,4058.0000,4055.0000,4054.8000,4060.4000,4060.6000,4060.8000,4061.0000,4061.4000,2,1,2,5,2,1,1,1,7,1
SF,IF2006,2020-02-19 11:21:56.900,4060.4000,23842,0,4646382060.000,0,-,-,-,-,4059.8000,4058.0000,4055.0000,4054.8000,4054.6000,4060.4000,4060.6000,4060.8000,4061.0000,4061.4000,2,2,5,2,2,1,1,1,7,1
SF,IF2006,2020-02-19 11:21:57.400,4060.4000,23842,0,4646382060.000,0,-,-,-,-,4059.8000,4058.0000,4055.0000,4054.8000,4054.6000,4060.4000,4060.6000,4060.8000,4061.0000,4061.4000,2,2,5,2,2,1,1,1,7,1
SF,IF2006,2020-02-19 11:21:57.900,4059.8000,23842,0,4648817940.000,2,1,1,多换,S,4058.0000,4055.0000,4054.8000,4054.6000,4054.4000,4060.4000,4060.6000,4060.8000,4061.0000,4061.4000,2,5,2,2,2,1,1,1,7,1
SF,IF2006,2020-02-19 11:21:58.400,4059.8000,23842,0,4648817940.000,0,-,-,-,-,4058.8000,4058.4000,4058.2000,4058.0000,4055.0000,4060.2000,4060.4000,4060.6000,4060.8000,4061.0000,1,2,3,2,5,2,1,1,1,7
SF,IF2006,2020-02-19 11:21:58.900,4059.8000,23842,0,4648817940.000,0,-,-,-,-,4059.0000,4058.8000,4058.4000,4058.0000,4055.0000,4060.2000,4060.4000,4060.6000,4060.8000,4061.0000,2,1,2,2,5,2,1,1,1,7
SF,IF2006,2020-02-19 11:21:59.400,4059.8000,23842,0,4648817940.000,0,-,-,-,-,4059.0000,4058.0000,4055.0000,4054.8000,4054.6000,4060.4000,4060.6000,4060.8000,4061.0000,4061.4000,2,2,5,2,1,1,1,1,7,1
SF,IF2006,2020-02-19 11:21:59.900,4059.8000,23842,0,4648817940.000,0,-,-,-,-,4059.2000,4059.0000,4058.0000,4055.0000,4054.8000,4060.4000,4060.6000,4060.8000,4061.0000,4061.4000,1,2,2,5,2,1,1,1,7,1
SF,IF2006,2020-02-19 11:22:00.400,4059.8000,23842,0,4648817940.000,0,-,-,-,-,4059.4000,4059.2000,4058.0000,4055.0000,4054.8000,4060.4000,4060.6000,4060.8000,4061.0000,4061.4000,5,2,2,5,2,1,1,1,7,1
SF,IF2006,2020-02-19 11:22:00.900,4059.8000,23842,0,4648817940.000,0,-,-,-,-,4059.6000,4059.4000,4059.2000,4058.0000,4055.0000,4060.4000,4060.6000,4060.8000,4061.0000,4061.4000,4,6,1,2,5,1,1,1,7,1
SF,IF2006,2020-02-19 11:22:01.400,4059.8000,23842,0,4648817940.000,0,-,-,-,-,4059.8000,4059.6000,4059.4000,4059.2000,4058.0000,4060.4000,4060.6000,4060.8000,4061.0000,4061.4000,2,1,1,1,2,1,1,1,7,1
SF,IF2006,2020-02-19 11:22:02.400,4059.8000,23842,0,4648817940.000,0,-,-,-,-,4059.8000,4059.6000,4059.2000,4055.0000,4054.8000,4060.4000,4060.6000,4060.8000,4061.0000,4061.4000,2,1,1,5,2,1,1,1,7,1
SF,IF2006,2020-02-19 11:22:03.400,4059.8000,23842,0,4648817940.000,0,-,-,-,-,4059.8000,4059.6000,4059.2000,4055.0000,4054.8000,4060.4000,4060.6000,4060.8000,4061.0000,4061.2000,2,1,1,5,2,1,1,1,7,2
SF,IF2006,2020-02-19 11:22:05.400,4059.8000,23842,0,4648817940.000,0,-,-,-,-,4059.8000,4059.2000,4055.0000,4054.8000,4054.4000,4060.4000,4060.6000,4060.8000,4061.0000,4061.2000,2,1,5,2,2,1,1,1,7,2
SF,IF2006,2020-02-19 11:22:05.900,4059.8000,23842,0,4651253820.000,2,1,1,多换,S,4059.2000,4055.0000,4054.8000,4054.4000,4054.2000,4060.4000,4060.6000,4060.8000,4061.0000,4061.2000,1,5,2,2,1,1,1,1,7,2
SF,IF2006,2020-02-19 11:22:06.400,4059.8000,23842,0,4651253820.000,0,-,-,-,-,4059.2000,4055.2000,4055.0000,4054.8000,4054.4000,4060.2000,4060.4000,4060.6000,4060.8000,4061.0000,1,1,5,2,2,2,1,1,1,7
SF,IF2006,2020-02-19 11:22:06.900,4060.2000,23842,0,4653689880.000,2,1,1,多换,S,4059.2000,4055.2000,4055.0000,4054.8000,4054.4000,4060.2000,4060.4000,4060.6000,4060.8000,4061.0000,1,1,5,2,2,1,1,1,1,7
SF,IF2006,2020-02-19 11:22:07.900,4060.2000,23842,0,4653689880.000,0,-,-,-,-,4055.2000,4055.0000,4054.8000,4054.4000,4054.2000,4060.2000,4060.4000,4060.6000,4060.8000,4061.0000,1,5,2,2,1,1,1,1,1,7
SF,IF2006,2020-02-19 11:22:08.400,4060.2000,23842,0,4653689880.000,0,-,-,-,-,4058.8000,4058.6000,4057.6000,4057.0000,4056.8000,4060.0000,4060.2000,4060.4000,4060.6000,4060.8000,1,7,6,1,1,2,1,1,1,1
SF,IF2006,2020-02-19 11:22:08.900,4060.2000,23842,0,4653689880.000,0,-,-,-,-,4058.8000,4058.6000,4057.6000,4057.0000,4056.8000,4059.8000,4060.4000,4060.6000,4060.8000,4061.0000,1,5,2,1,1,2,1,1,1,7
SF,IF2006,2020-02-19 11:22:12.900,4058.8000,23841,-1,4656125520.000,2,0,2,多平,S,4058.6000,4057.6000,4057.0000,4056.8000,4056.2000,4059.8000,4060.4000,4060.6000,4060.8000,4061.0000,5,2,1,1,2,1,1,1,1,7
SF,IF2006,2020-02-19 11:22:13.400,4058.8000,23841,0,4656125520.000,0,-,-,-,-,4058.8000,4058.6000,4057.6000,4057.0000,4056.8000,4060.4000,4060.6000,4060.8000,4061.0000,4061.2000,7,5,1,1,1,1,1,1,7,2
SF,IF2006,2020-02-19 11:22:13.900,4058.8000,23840,-1,4657343160.000,1,0,1,双平,S,4058.8000,4058.6000,4057.6000,4057.0000,4056.8000,4060.4000,4060.6000,4060.8000,4061.0000,4061.2000,6,5,1,1,1,1,1,1,7,2
SF,IF2006,2020-02-19 11:22:14.900,4058.8000,23840,0,4657343160.000,0,-,-,-,-,4059.0000,4058.8000,4058.6000,4057.6000,4057.0000,4060.4000,4060.6000,4060.8000,4061.0000,4061.2000,1,6,5,1,1,1,1,1,7,2
SF,IF2006,2020-02-19 11:22:15.400,4058.8000,23840,0,4657343160.000,0,-,-,-,-,4059.0000,4058.8000,4058.6000,4057.6000,4057.0000,4060.4000,4060.6000,4060.8000,4061.0000,4061.2000,3,6,5,1,1,1,1,1,7,2
SF,IF2006,2020-02-19 11:22:15.900,4058.8000,23840,0,4657343160.000,0,-,-,-,-,4059.2000,4059.0000,4058.6000,4057.6000,4057.0000,4060.2000,4060.4000,4060.6000,4060.8000,4061.0000,2,3,5,1,1,2,1,1,1,7
SF,IF2006,2020-02-19 11:22:17.900,4058.8000,23840,0,4657343160.000,0,-,-,-,-,4059.2000,4059.0000,4058.6000,4057.6000,4057.0000,4060.2000,4060.4000,4060.6000,4060.8000,4061.0000,2,3,5,1,1,2,1,2,1,7
SF,IF2006,2020-02-19 11:22:19.400,4058.8000,23840,0,4657343160.000,0,-,-,-,-,4059.6000,4059.2000,4059.0000,4058.6000,4057.6000,4060.0000,4060.2000,4060.4000,4060.6000,4060.8000,2,2,3,5,1,1,2,1,2,1
SF,IF2006,2020-02-19 11:22:20.400,4058.8000,23840,0,4657343160.000,0,-,-,-,-,4059.6000,4059.2000,4059.0000,4058.6000,4057.6000,4060.0000,4060.2000,4060.4000,4060.6000,4060.8000,2,2,2,5,1,1,2,1,2,1
SF,IF2006,2020-02-19 11:22:20.900,4059.6000,23839,-1,4658561040.000,1,0,1,双平,S,4059.6000,4059.2000,4059.0000,4058.6000,4057.6000,4060.0000,4060.2000,4060.4000,4060.6000,4060.8000,1,2,2,5,1,1,2,1,2,1
SF,IF2006,2020-02-19 11:22:21.900,4059.6000,23839,0,4658561040.000,0,-,-,-,-,4059.2000,4059.0000,4058.6000,4057.6000,4057.0000,4060.0000,4060.2000,4060.4000,4060.6000,4060.8000,2,2,5,1,1,1,2,1,2,1
SF,IF2006,2020-02-19 11:22:22.400,4060.0000,23838,-1,4659779040.000,1,0,1,双平,S,4059.2000,4059.0000,4058.6000,4057.6000,4057.0000,4060.2000,4060.4000,4060.6000,4060.8000,4061.0000,2,2,5,1,1,2,1,2,1,7
SF,IF2006,2020-02-19 11:22:22.900,4060.0000,23838,0,4659779040.000,0,-,-,-,-,4059.2000,4059.0000,4058.6000,4057.6000,4057.0000,4059.6000,4060.2000,4060.4000,4060.6000,4060.8000,2,2,5,1,1,1,2,1,2,1
SF,IF2006,2020-02-19 11:22:23.400,4059.6000,23839,1,4660996920.000,1,1,0,双开,S,4059.4000,4059.2000,4059.0000,4058.6000,4057.6000,4060.2000,4060.4000,4060.6000,4060.8000,4061.0000,1,2,2,5,1,2,1,2,1,7
SF,IF2006,2020-02-19 11:22:24.400,4059.6000,23839,0,4660996920.000,0,-,-,-,-,4059.2000,4059.0000,4058.6000,4057.6000,4057.0000,4060.2000,4060.4000,4060.6000,4060.8000,4061.0000,2,2,5,1,1,2,1,2,1,7
SF,IF2006,2020-02-19 11:22:25.400,4059.6000,23839,0,4660996920.000,0,-,-,-,-,4059.2000,4059.0000,4058.6000,4057.6000,4057.0000,4060.2000,4060.4000,4060.6000,4060.8000,4061.0000,2,2,5,1,1,3,1,2,1,7
SF,IF2006,2020-02-19 11:22:25.900,4059.6000,23839,0,4660996920.000,0,-,-,-,-,4059.0000,4058.6000,4057.6000,4057.0000,4056.8000,4060.2000,4060.4000,4060.6000,4060.8000,4061.0000,2,5,1,1,1,4,1,2,1,7
SF,IF2006,2020-02-19 11:22:26.400,4059.6000,23839,0,4660996920.000,0,-,-,-,-,4059.2000,4059.0000,4058.6000,4057.6000,4057.0000,4060.2000,4060.4000,4060.6000,4060.8000,4061.0000,2,2,5,1,1,4,1,2,1,7
SF,IF2006,2020-02-19 11:22:26.900,4059.6000,23839,0,4660996920.000,0,-,-,-,-,4059.0000,4058.6000,4057.6000,4057.0000,4056.8000,4060.2000,4060.4000,4060.6000,4060.8000,4061.0000,2,5,1,1,1,4,1,2,1,7
SF,IF2006,2020-02-19 11:22:27.400,4059.6000,23839,0,4660996920.000,0,-,-,-,-,4059.0000,4058.6000,4057.6000,4057.0000,4056.8000,4060.2000,4060.4000,4060.6000,4060.8000,4061.0000,2,5,1,1,1,4,1,2,1,7
SF,IF2006,2020-02-19 11:22:27.900,4059.6000,23839,0,4660996920.000,0,-,-,-,-,4059.2000,4059.0000,4058.6000,4057.6000,4057.0000,4060.2000,4060.4000,4060.6000,4060.8000,4061.0000,3,2,5,1,1,4,1,2,1,7
SF,IF2006,2020-02-19 11:22:29.400,4059.6000,23839,0,4660996920.000,0,-,-,-,-,4059.2000,4059.0000,4058.6000,4057.6000,4057.0000,4060.2000,4060.4000,4060.6000,4060.8000,4061.0000,2,2,5,1,1,4,1,2,1,7
SF,IF2006,2020-02-19 11:22:29.900,4059.6000,23839,0,4660996920.000,0,-,-,-,-,4059.4000,4059.2000,4059.0000,4058.6000,4057.6000,4060.2000,4060.4000,4060.6000,4060.8000,4061.0000,1,2,2,5,1,4,1,2,1,7
SF,IF2006,2020-02-19 11:22:30.400,4059.6000,23839,0,4660996920.000,0,-,-,-,-,4059.4000,4059.2000,4059.0000,4058.6000,4058.0000,4060.2000,4060.4000,4060.6000,4060.8000,4061.0000,1,2,2,5,1,4,1,2,1,7
SF,IF2006,2020-02-19 11:22:33.400,4059.6000,23839,0,4660996920.000,0,-,-,-,-,4059.2000,4059.0000,4058.6000,4058.0000,4057.6000,4060.2000,4060.4000,4060.6000,4060.8000,4061.0000,2,2,5,1,1,4,1,2,1,7
SF,IF2006,2020-02-19 11:22:33.900,4059.6000,23839,0,4660996920.000,0,-,-,-,-,4059.2000,4059.0000,4058.6000,4058.0000,4057.6000,4060.2000,4060.4000,4060.6000,4060.8000,4061.0000,2,2,5,1,1,2,1,2,1,7
SF,IF2006,2020-02-19 11:22:35.900,4059.6000,23839,0,4660996920.000,0,-,-,-,-,4059.2000,4059.0000,4058.6000,4058.0000,4057.6000,4060.2000,4060.4000,4060.6000,4060.8000,4061.0000,2,2,5,1,1,2,1,2,1,7
SF,IF2006,2020-02-19 11:22:36.400,4059.6000,23839,0,4660996920.000,0,-,-,-,-,4059.4000,4059.2000,4059.0000,4058.6000,4058.0000,4060.2000,4060.4000,4060.6000,4060.8000,4061.0000,1,2,2,5,1,2,1,2,1,7
SF,IF2006,2020-02-19 11:22:36.900,4059.6000,23839,0,4660996920.000,0,-,-,-,-,4059.6000,4059.4000,4059.0000,4058.6000,4058.0000,4060.2000,4060.4000,4060.6000,4060.8000,4061.0000,2,1,2,5,1,1,1,2,1,7
SF,IF2006,2020-02-19 11:22:39.400,4059.6000,23839,0,4660996920.000,0,-,-,-,-,4059.8000,4059.6000,4059.0000,4058.6000,4058.0000,4060.2000,4060.4000,4060.6000,4060.8000,4061.0000,1,2,2,5,1,1,1,2,1,7
SF,IF2006,2020-02-19 11:22:39.900,4060.2000,23839,0,4662214980.000,1,0,1,多换,S,4059.8000,4059.6000,4059.0000,4058.0000,4057.6000,4060.4000,4060.6000,4060.8000,4061.0000,4061.2000,1,2,2,1,1,1,2,1,7,2
SF,IF2006,2020-02-19 11:22:40.400,4060.2000,23839,0,4662214980.000,0,-,-,-,-,4060.2000,4059.8000,4059.6000,4059.0000,4058.0000,4060.4000,4060.6000,4060.8000,4061.0000,4061.2000,1,1,2,2,1,1,2,1,7,2
SF,IF2006,2020-02-19 11:22:40.900,4060.4000,23840,1,4663433100.000,1,1,0,双开,S,4059.8000,4059.6000,4059.0000,4058.0000,4057.6000,4060.6000,4060.8000,4061.0000,4061.2000,4061.4000,1,2,2,1,1,2,1,7,2,1
SF,IF2006,2020-02-19 11:22:41.400,4060.4000,23840,0,4663433100.000,0,-,-,-,-,4059.8000,4059.6000,4059.0000,4058.8000,4058.0000,4060.6000,4060.8000,4061.0000,4061.2000,4061.4000,1,2,2,1,1,2,1,7,2,1
SF,IF2006,2020-02-19 11:22:41.900,4060.6000,23841,1,4664651280.000,1,1,0,双开,S,4060.0000,4059.8000,4059.0000,4058.8000,4058.0000,4060.6000,4060.8000,4061.0000,4061.2000,4061.4000,3,1,2,1,1,1,1,7,2,1
SF,IF2006,2020-02-19 11:22:42.400,4060.6000,23841,0,4665869460.000,1,0,1,多换,S,4060.6000,4060.0000,4059.8000,4059.0000,4058.8000,4060.8000,4061.0000,4061.2000,4061.4000,4061.8000,2,3,1,2,1,1,7,2,1,2
SF,IF2006,2020-02-19 11:22:42.900,4061.0000,23840,-1,4671960900.000,5,2,3,多平,S,4060.8000,4060.2000,4060.0000,4059.0000,4058.8000,4061.0000,4061.2000,4061.4000,4061.8000,4062.0000,2,1,3,2,1,3,2,1,2,2
SF,IF2006,2020-02-19 11:22:43.400,4061.2000,23842,2,4676834160.000,4,3,1,空开,S,4061.0000,4060.2000,4060.0000,4059.0000,4058.8000,4061.2000,4061.4000,4061.8000,4062.0000,4062.2000,2,1,3,2,1,1,1,2,2,2
SF,IF2006,2020-02-19 11:22:43.900,4061.4000,23842,0,4679270940.000,2,1,1,多换,S,4061.2000,4060.0000,4059.0000,4058.8000,4058.0000,4061.8000,4062.0000,4062.2000,4062.6000,4062.8000,3,3,2,1,1,2,2,2,3,3
SF,IF2006,2020-02-19 11:22:44.400,4061.4000,23842,0,4679270940.000,0,-,-,-,-,4061.2000,4060.0000,4059.0000,4058.8000,4058.0000,4061.8000,4062.0000,4062.2000,4062.6000,4062.8000,1,5,2,1,1,2,2,2,3,3
SF,IF2006,2020-02-19 11:22:44.900,4061.4000,23842,0,4679270940.000,0,-,-,-,-,4060.0000,4059.0000,4058.8000,4058.0000,4057.6000,4061.8000,4062.0000,4062.2000,4062.6000,4062.8000,5,2,1,1,1,2,2,2,3,3
SF,IF2006,2020-02-19 11:22:45.400,4061.4000,23842,0,4679270940.000,0,-,-,-,-,4060.4000,4060.2000,4060.0000,4059.0000,4058.8000,4061.6000,4061.8000,4062.0000,4062.2000,4062.6000,1,2,6,2,1,2,3,2,2,3
SF,IF2006,2020-02-19 11:22:45.900,4061.4000,23842,0,4679270940.000,0,-,-,-,-,4060.6000,4060.4000,4060.2000,4060.0000,4059.0000,4061.2000,4061.6000,4061.8000,4062.0000,4062.2000,8,1,1,4,2,1,2,3,2,2
SF,IF2006,2020-02-19 11:22:46.400,4061.4000,23842,0,4679270940.000,0,-,-,-,-,4060.6000,4060.4000,4060.2000,4060.0000,4059.0000,4061.0000,4061.2000,4061.6000,4061.8000,4062.0000,2,1,1,3,2,1,1,2,3,2
SF,IF2006,2020-02-19 11:22:46.900,4061.4000,23842,0,4679270940.000,0,-,-,-,-,4060.8000,4060.6000,4060.4000,4060.2000,4060.0000,4061.0000,4061.2000,4061.6000,4061.8000,4062.0000,1,2,1,1,3,1,1,2,3,2
SF,IF2006,2020-02-19 11:22:47.900,4061.2000,23841,-1,4681707660.000,2,0,2,多平,S,4061.0000,4060.8000,4060.6000,4060.4000,4060.0000,4061.6000,4061.8000,4062.0000,4062.2000,4062.6000,7,1,2,1,3,2,3,2,2,3
SF,IF2006,2020-02-19 11:22:48.400,4061.2000,23841,0,4681707660.000,0,-,-,-,-,4061.6000,4061.2000,4061.0000,4060.8000,4060.4000,4061.8000,4062.0000,4062.2000,4062.6000,4062.8000,2,7,5,1,1,2,2,2,3,3
SF,IF2006,2020-02-19 11:22:48.900,4061.8000,23842,1,4684144740.000,2,1,1,空开,S,4061.6000,4061.4000,4061.2000,4061.0000,4060.0000,4062.0000,4062.2000,4062.6000,4062.8000,4063.0000,2,1,7,5,3,2,2,3,3,3
SF,IF2006,2020-02-19 11:22:49.400,4061.8000,23842,0,4684144740.000,0,-,-,-,-,4061.6000,4061.2000,4061.0000,4060.0000,4058.8000,4061.8000,4062.0000,4062.2000,4062.6000,4062.8000,2,7,5,3,1,1,2,2,3,3
SF,IF2006,2020-02-19 11:22:49.900,4061.8000,23843,1,4685363280.000,1,1,0,双开,S,4061.8000,4061.6000,4061.2000,4060.0000,4058.8000,4062.0000,4062.2000,4062.6000,4062.8000,4063.0000,1,2,2,3,1,2,2,3,3,3
SF,IF2006,2020-02-19 11:22:50.400,4061.8000,23844,1,4686581820.000,1,1,0,双开,S,4061.2000,4060.0000,4058.8000,4058.0000,4057.0000,4062.0000,4062.2000,4062.6000,4062.8000,4063.0000,2,3,1,1,1,2,2,3,3,3
SF,IF2006,2020-02-19 11:22:50.900,4061.8000,23844,0,4686581820.000,0,-,-,-,-,4061.4000,4060.0000,4058.8000,4058.0000,4057.0000,4062.0000,4062.2000,4062.6000,4062.8000,4063.0000,3,3,1,1,1,2,2,3,3,3
SF,IF2006,2020-02-19 11:22:51.400,4061.8000,23844,0,4686581820.000,0,-,-,-,-,4060.0000,4058.8000,4058.0000,4057.0000,4055.4000,4061.6000,4062.0000,4062.2000,4062.6000,4062.8000,3,1,1,1,3,1,2,2,3,3
SF,IF2006,2020-02-19 11:22:51.900,4061.8000,23844,0,4686581820.000,0,-,-,-,-,4060.8000,4060.4000,4060.2000,4060.0000,4058.8000,4061.6000,4062.0000,4062.2000,4062.6000,4062.8000,5,3,3,5,1,1,2,2,3,3
SF,IF2006,2020-02-19 11:22:52.400,4061.8000,23843,-1,4687800360.000,1,0,1,双平,S,4060.8000,4060.4000,4060.2000,4060.0000,4058.8000,4062.0000,4062.2000,4062.6000,4062.8000,4063.0000,5,2,3,5,1,2,2,3,3,3
SF,IF2006,2020-02-19 11:22:52.900,4061.8000,23843,0,4687800360.000,0,-,-,-,-,4061.0000,4060.8000,4060.4000,4060.2000,4060.0000,4062.0000,4062.2000,4062.6000,4062.8000,4063.0000,2,5,2,1,5,2,2,3,3,3
SF,IF2006,2020-02-19 11:22:53.400,4061.8000,23843,0,4687800360.000,0,-,-,-,-,4061.0000,4060.8000,4060.4000,4060.2000,4060.0000,4062.0000,4062.2000,4062.6000,4062.8000,4063.0000,2,5,1,1,5,2,2,3,3,3
SF,IF2006,2020-02-19 11:22:53.900,4061.8000,23843,0,4687800360.000,0,-,-,-,-,4061.0000,4060.8000,4060.4000,4060.2000,4060.0000,4061.8000,4062.0000,4062.2000,4062.6000,4062.8000,2,5,1,1,5,2,2,2,3,3
SF,IF2006,2020-02-19 11:22:54.400,4061.8000,23843,0,4687800360.000,0,-,-,-,-,4060.2000,4060.0000,4058.8000,4058.0000,4057.0000,4061.0000,4061.2000,4061.8000,4062.0000,4062.2000,1,4,1,1,1,2,1,2,2,2
SF,IF2006,2020-02-19 11:22:54.900,4061.2000,23841,-2,4691455320.000,3,0,3,多平,S,4061.2000,4061.0000,4060.6000,4060.4000,4060.2000,4062.0000,4062.2000,4062.6000,4062.8000,4063.0000,1,5,7,2,2,2,2,3,3,3
SF,IF2006,2020-02-19 11:22:55.400,4061.2000,23841,0,4691455320.000,0,-,-,-,-,4061.2000,4060.6000,4060.4000,4060.2000,4060.0000,4062.0000,4062.2000,4062.6000,4062.8000,4063.0000,1,5,2,1,5,2,2,3,3,3
SF,IF2006,2020-02-19 11:22:57.900,4061.2000,23841,0,4691455320.000,0,-,-,-,-,4061.6000,4061.4000,4061.2000,4060.6000,4060.4000,4062.0000,4062.2000,4062.6000,4062.8000,4063.0000,1,1,1,5,2,2,2,3,3,3
SF,IF2006,2020-02-19 11:22:58.400,4061.2000,23841,0,4691455320.000,0,-,-,-,-,4061.4000,4061.2000,4060.6000,4060.4000,4060.2000,4062.0000,4062.2000,4062.6000,4062.8000,4063.0000,1,1,5,2,1,2,2,3,3,3
SF,IF2006,2020-02-19 11:22:58.900,4061.2000,23841,0,4691455320.000,0,-,-,-,-,4061.6000,4061.4000,4061.2000,4060.6000,4060.2000,4062.0000,4062.2000,4062.6000,4062.8000,4063.0000,2,1,1,5,1,2,2,3,3,3
SF,IF2006,2020-02-19 11:22:59.400,4061.2000,23841,0,4691455320.000,0,-,-,-,-,4061.6000,4061.4000,4061.2000,4060.6000,4060.2000,4062.0000,4062.2000,4062.6000,4062.8000,4063.0000,2,1,1,5,1,2,2,3,3,3
SF,IF2006,2020-02-19 11:22:59.900,4062.0000,23840,-1,4692673920.000,1,0,1,双平,S,4061.6000,4061.4000,4061.2000,4060.6000,4060.2000,4062.0000,4062.2000,4062.6000,4062.8000,4063.0000,2,1,1,5,1,1,2,3,3,3
SF,IF2006,2020-02-19 11:23:00.400,4062.2000,23840,0,4696329840.000,3,1,2,多换,S,4062.2000,4062.0000,4061.6000,4060.6000,4060.2000,4062.6000,4062.8000,4063.0000,4063.2000,4063.8000,1,1,2,5,1,3,3,3,2,4
SF,IF2006,2020-02-19 11:23:00.900,4062.2000,23840,0,4696329840.000,0,-,-,-,-,4062.0000,4061.6000,4060.2000,4060.0000,4058.8000,4062.6000,4062.8000,4063.0000,4063.2000,4063.8000,2,2,1,5,1,3,3,3,2,4
SF,IF2006,2020-02-19 11:23:01.900,4062.2000,23840,0,4696329840.000,0,-,-,-,-,4062.2000,4062.0000,4061.6000,4060.2000,4060.0000,4062.6000,4062.8000,4063.0000,4063.2000,4063.8000,1,2,2,1,5,3,3,3,2,4
SF,IF2006,2020-02-19 11:23:02.400,4062.8000,23842,2,4703642700.000,6,4,2,空开,S,4062.8000,4062.6000,4062.0000,4061.6000,4060.2000,4063.0000,4063.2000,4063.8000,4064.2000,4064.6000,3,1,1,2,1,3,2,4,2,2
SF,IF2006,2020-02-19 11:23:02.900,4062.8000,23841,-1,4710955920.000,6,2,4,多平,S,4061.6000,4060.2000,4060.0000,4058.8000,4058.0000,4063.2000,4063.8000,4064.2000,4064.6000,4065.0000,2,1,5,1,2,2,4,2,2,5
SF,IF2006,2020-02-19 11:23:03.400,4062.8000,23841,0,4710955920.000,0,-,-,-,-,4062.6000,4062.4000,4062.2000,4062.0000,4061.8000,4063.2000,4063.8000,4064.2000,4064.6000,4065.0000,5,5,1,1,2,2,4,2,2,5
SF,IF2006,2020-02-19 11:23:03.900,4063.2000,23841,0,4712174880.000,1,0,1,多换,S,4062.6000,4062.4000,4061.8000,4061.6000,4060.0000,4063.2000,4063.8000,4064.2000,4064.6000,4065.0000,5,5,1,3,5,1,4,2,2,5
SF,IF2006,2020-02-19 11:23:04.400,4063.2000,23842,1,4713393840.000,1,1,0,双开,S,4062.8000,4062.6000,4062.4000,4061.8000,4061.6000,4063.8000,4064.2000,4064.6000,4065.0000,4065.2000,5,6,5,1,3,4,2,2,5,3
SF,IF2006,2020-02-19 11:23:04.900,4063.2000,23842,0,4713393840.000,0,-,-,-,-,4063.2000,4062.8000,4062.4000,4061.8000,4061.6000,4063.6000,4063.8000,4064.2000,4064.6000,4065.0000,2,1,5,1,3,3,4,2,2,5
SF,IF2006,2020-02-19 11:23:05.400,4063.8000,23843,1,4717051200.000,3,2,1,空开,S,4063.4000,4063.2000,4062.4000,4061.8000,4061.6000,4063.8000,4064.2000,4064.6000,4065.0000,4065.2000,5,1,5,1,3,2,2,2,5,3
SF,IF2006,2020-02-19 11:23:05.900,4063.8000,23842,-1,4719489480.000,2,0,2,多平,S,4063.8000,4063.4000,4062.4000,4061.8000,4061.6000,4064.2000,4064.6000,4065.0000,4065.2000,4065.4000,1,1,5,1,3,2,2,5,3,8
SF,IF2006,2020-02-19 11:23:06.400,4063.8000,23842,0,4719489480.000,0,-,-,-,-,4063.8000,4061.8000,4061.6000,4060.0000,4058.8000,4064.2000,4064.6000,4065.0000,4065.2000,4065.4000,1,1,3,5,1,2,2,5,3,8
SF,IF2006,2020-02-19 11:23:06.900,4063.8000,23842,0,4719489480.000,0,-,-,-,-,4064.0000,4063.8000,4061.8000,4061.6000,4060.0000,4064.2000,4064.6000,4065.0000,4065.2000,4065.4000,2,1,1,1,5,2,2,5,3,8
SF,IF2006,2020-02-19 11:23:07.400,4064.0000,23842,0,4721927880.000,2,1,1,多换,S,4063.8000,4061.8000,4061.6000,4060.0000,4058.8000,4064.2000,4064.6000,4065.0000,4065.2000,4065.4000,1,1,1,5,1,2,2,5,3,8
SF,IF2006,2020-02-19 11:23:07.900,4064.0000,23842,0,4721927880.000,0,-,-,-,-,4061.8000,4061.6000,4060.0000,4058.8000,4058.0000,4064.2000,4064.6000,4065.0000,4065.2000,4065.4000,1,1,5,1,2,2,2,5,3,8
SF,IF2006,2020-02-19 11:23:08.400,4064.0000,23842,0,4721927880.000,0,-,-,-,-,4063.6000,4063.4000,4063.0000,4062.6000,4062.4000,4064.0000,4064.2000,4064.6000,4065.0000,4065.2000,5,1,3,1,1,2,2,2,5,3
SF,IF2006,2020-02-19 11:23:08.900,4064.0000,23842,0,4721927880.000,0,-,-,-,-,4063.6000,4063.0000,4062.6000,4062.4000,4062.2000,4064.0000,4064.2000,4064.6000,4065.0000,4065.2000,5,1,3,1,2,2,2,2,5,3
SF,IF2006,2020-02-19 11:23:09.400,4064.0000,23841,-1,4723147080.000,1,0,1,双平,S,4063.6000,4063.0000,4062.6000,4062.4000,4062.2000,4064.0000,4064.2000,4064.6000,4065.0000,4065.2000,5,1,3,1,2,1,2,2,5,3
SF,IF2006,2020-02-19 11:23:09.900,4063.6000,23843,2,4725585240.000,2,2,0,双开,S,4063.0000,4062.6000,4062.4000,4062.2000,4062.0000,4064.0000,4064.2000,4064.6000,4065.0000,4065.2000,1,3,1,2,4,1,2,2,6,3
SF,IF2006,2020-02-19 11:23:10.400,4063.4000,23844,1,4729242540.000,3,2,1,空开,S,4063.4000,4063.2000,4063.0000,4062.6000,4062.4000,4064.0000,4064.2000,4064.6000,4065.0000,4065.2000,4,1,2,2,1,1,2,2,6,3
SF,IF2006,2020-02-19 11:23:10.900,4063.8000,23844,0,4732899960.000,3,1,2,多换,S,4063.0000,4062.6000,4062.4000,4062.2000,4062.0000,4064.0000,4064.2000,4064.6000,4065.0000,4065.2000,2,2,1,1,4,1,2,2,6,3
SF,IF2006,2020-02-19 11:23:11.400,4063.8000,23844,0,4732899960.000,0,-,-,-,-,4063.4000,4063.2000,4063.0000,4062.4000,4062.2000,4064.0000,4064.2000,4064.6000,4065.0000,4065.2000,3,1,1,1,1,2,2,2,6,3
SF,IF2006,2020-02-19 11:23:11.900,4063.8000,23844,0,4732899960.000,0,-,-,-,-,4063.4000,4063.0000,4062.4000,4062.2000,4062.0000,4064.0000,4064.2000,4064.6000,4065.0000,4065.2000,3,1,1,1,4,2,2,2,6,3
SF,IF2006,2020-02-19 11:23:12.400,4063.8000,23844,0,4732899960.000,0,-,-,-,-,4063.4000,4063.0000,4062.4000,4062.2000,4062.0000,4064.0000,4064.2000,4064.6000,4065.0000,4065.2000,3,1,1,1,4,1,2,2,6,3
SF,IF2006,2020-02-19 11:23:12.900,4063.8000,23844,0,4732899960.000,0,-,-,-,-,4063.4000,4063.0000,4062.4000,4062.2000,4062.0000,4063.8000,4064.0000,4064.2000,4064.6000,4064.8000,3,1,1,1,4,2,1,2,2,1
SF,IF2006,2020-02-19 11:23:13.400,4063.8000,23844,0,4732899960.000,0,-,-,-,-,4062.4000,4062.2000,4062.0000,4061.8000,4061.6000,4063.8000,4064.0000,4064.2000,4064.6000,4064.8000,1,1,4,1,1,2,1,2,2,1
SF,IF2006,2020-02-19 11:23:13.900,4063.8000,23844,0,4732899960.000,0,-,-,-,-,4063.6000,4062.8000,4062.6000,4062.4000,4062.2000,4064.0000,4064.2000,4064.6000,4064.8000,4065.0000,5,5,5,1,1,1,2,2,1,6
SF,IF2006,2020-02-19 11:23:14.400,4063.6000,23846,2,4738995360.000,5,3,2,空开,S,4062.6000,4062.4000,4062.2000,4062.0000,4061.8000,4064.0000,4064.2000,4064.6000,4064.8000,4065.0000,1,1,1,2,1,1,2,2,1,6
SF,IF2006,2020-02-19 11:23:14.900,4063.6000,23846,0,4738995360.000,0,-,-,-,-,4062.8000,4062.6000,4062.4000,4062.2000,4062.0000,4064.0000,4064.2000,4064.6000,4064.8000,4065.0000,2,1,1,1,1,1,2,2,1,6
SF,IF2006,2020-02-19 11:23:15.400,4063.6000,23846,0,4738995360.000,0,-,-,-,-,4062.8000,4062.6000,4062.0000,4061.8000,4061.6000,4063.8000,4064.0000,4064.2000,4064.6000,4064.8000,2,1,1,1,1,2,1,2,2,1
SF,IF2006,2020-02-19 11:23:15.900,4063.8000,23845,-1,4740214500.000,1,0,1,双平,S,4062.8000,4062.6000,4062.0000,4061.8000,4061.6000,4063.8000,4064.0000,4064.2000,4064.6000,4064.8000,2,1,1,1,1,1,1,2,2,1
SF,IF2006,2020-02-19 11:23:16.400,4063.8000,23845,0,4740214500.000,0,-,-,-,-,4063.0000,4062.8000,4062.6000,4062.0000,4061.8000,4063.8000,4064.0000,4064.2000,4064.6000,4064.8000,1,2,1,1,1,1,1,2,2,1
SF,IF2006,2020-02-19 11:23:16.900,4063.8000,23845,0,4740214500.000,0,-,-,-,-,4063.0000,4062.8000,4062.6000,4062.0000,4061.8000,4063.8000,4064.0000,4064.2000,4064.4000,4064.6000,1,2,1,1,1,1,1,2,1,2
SF,IF2006,2020-02-19 11:23:17.400,4063.8000,23845,0,4740214500.000,0,-,-,-,-,4063.0000,4062.8000,4062.6000,4062.0000,4061.8000,4064.0000,4064.2000,4064.4000,4064.6000,4064.8000,1,2,1,1,1,1,2,1,2,1
SF,IF2006,2020-02-19 11:23:19.900,4063.8000,23845,0,4740214500.000,0,-,-,-,-,4063.0000,4062.8000,4062.6000,4062.0000,4061.8000,4064.0000,4064.2000,4064.4000,4064.6000,4064.8000,1,2,1,1,1,1,2,1,2,1
SF,IF2006,2020-02-19 11:23:20.400,4063.8000,23845,0,4740214500.000,0,-,-,-,-,4063.0000,4062.8000,4062.6000,4062.0000,4061.8000,4063.8000,4064.0000,4064.2000,4064.4000,4064.6000,1,2,1,1,1,2,1,2,1,2
SF,IF2006,2020-02-19 11:23:20.900,4063.8000,23845,0,4740214500.000,0,-,-,-,-,4062.8000,4062.6000,4062.0000,4061.8000,4061.6000,4063.8000,4064.2000,4064.4000,4064.6000,4064.8000,2,1,1,1,1,2,2,1,2,1
SF,IF2006,2020-02-19 11:23:21.400,4063.8000,23845,0,4740214500.000,0,-,-,-,-,4063.0000,4062.8000,4062.6000,4062.0000,4061.8000,4064.2000,4064.4000,4064.6000,4064.8000,4065.0000,1,2,1,1,1,2,1,2,1,6
SF,IF2006,2020-02-19 11:23:21.900,4063.8000,23845,0,4740214500.000,0,-,-,-,-,4063.2000,4063.0000,4062.0000,4061.8000,4061.6000,4064.0000,4064.2000,4064.4000,4064.6000,4064.8000,2,1,1,1,1,1,2,1,2,1
SF,IF2006,2020-02-19 11:23:22.400,4063.8000,23845,0,4740214500.000,0,-,-,-,-,4063.4000,4063.2000,4063.0000,4062.0000,4061.8000,4064.0000,4064.2000,4064.4000,4064.6000,4064.8000,1,2,2,1,1,1,2,1,2,1
SF,IF2006,2020-02-19 11:23:22.900,4063.8000,23845,0,4740214500.000,0,-,-,-,-,4063.6000,4063.4000,4063.0000,4062.0000,4061.8000,4064.0000,4064.2000,4064.4000,4064.6000,4064.8000,3,1,1,1,1,1,2,1,2,1
SF,IF2006,2020-02-19 11:23:23.400,4063.8000,23843,-2,4743872100.000,3,0,3,多平,S,4063.6000,4063.4000,4063.0000,4062.0000,4061.8000,4064.2000,4064.4000,4064.6000,4064.8000,4065.0000,3,1,1,1,1,1,1,2,2,6
SF,IF2006,2020-02-19 11:23:23.900,4064.2000,23843,0,4745091360.000,1,0,1,多换,S,4063.8000,4063.6000,4063.0000,4062.0000,4061.8000,4064.0000,4064.4000,4064.6000,4064.8000,4065.0000,6,3,1,1,1,1,1,2,2,5
SF,IF2006,2020-02-19 11:23:24.400,4064.0000,23843,0,4746310560.000,1,0,1,多换,S,4064.0000,4063.8000,4063.6000,4063.0000,4062.0000,4064.4000,4064.6000,4064.8000,4065.0000,4065.2000,1,1,3,1,1,1,2,2,5,3
SF,IF2006,2020-02-19 11:23:25.400,4064.0000,23843,0,4747529760.000,1,0,1,多换,S,4063.8000,4063.6000,4063.0000,4062.0000,4061.8000,4064.4000,4064.6000,4064.8000,4065.0000,4065.2000,1,3,1,1,1,1,2,2,5,3
SF,IF2006,2020-02-19 11:23:25.900,4064.0000,23843,0,4747529760.000,0,-,-,-,-,4063.8000,4063.6000,4063.0000,4062.0000,4061.8000,4064.4000,4064.6000,4064.8000,4065.0000,4065.2000,1,2,1,1,1,1,2,1,5,3
SF,IF2006,2020-02-19 11:23:26.900,4064.0000,23843,0,4747529760.000,0,-,-,-,-,4064.0000,4063.8000,4063.6000,4063.0000,4062.0000,4064.4000,4064.6000,4064.8000,4065.0000,4065.2000,1,1,2,1,1,1,2,1,5,3
SF,IF2006,2020-02-19 11:23:27.400,4064.0000,23844,1,4748748960.000,1,1,0,双开,S,4063.8000,4063.0000,4062.0000,4061.8000,4061.6000,4064.2000,4064.4000,4064.6000,4064.8000,4065.0000,1,1,1,1,1,1,1,2,1,5
SF,IF2006,2020-02-19 11:23:27.900,4063.8000,23844,0,4749968100.000,1,0,1,多换,S,4063.0000,4062.0000,4061.8000,4061.6000,4060.0000,4064.2000,4064.4000,4064.6000,4064.8000,4065.0000,1,1,1,1,4,1,1,3,1,5
SF,IF2006,2020-02-19 11:23:28.400,4063.8000,23844,0,4749968100.000,0,-,-,-,-,4063.2000,4063.0000,4062.0000,4061.8000,4061.6000,4064.2000,4064.4000,4064.6000,4064.8000,4065.0000,3,1,1,1,1,1,1,3,1,5
SF,IF2006,2020-02-19 11:23:29.900,4063.8000,23844,0,4749968100.000,0,-,-,-,-,4063.2000,4063.0000,4062.0000,4061.8000,4061.6000,4064.2000,4064.4000,4064.6000,4064.8000,4065.0000,3,1,1,1,1,1,1,3,1,5
SF,IF2006,2020-02-19 11:23:30.400,4063.8000,23844,0,4749968100.000,0,-,-,-,-,4064.0000,4063.2000,4063.0000,4062.0000,4061.8000,4064.2000,4064.4000,4064.6000,4064.8000,4065.0000,1,3,1,1,1,1,1,3,1,5
SF,IF2006,2020-02-19 11:23:30.900,4064.0000,23845,1,4751187300.000,1,1,0,双开,S,4063.2000,4063.0000,4062.0000,4061.8000,4061.6000,4064.2000,4064.4000,4064.6000,4064.8000,4065.0000,3,1,1,1,1,1,1,3,1,5
SF,IF2006,2020-02-19 11:23:31.400,4064.0000,23845,0,4751187300.000,0,-,-,-,-,4063.6000,4063.4000,4063.2000,4063.0000,4062.0000,4064.2000,4064.4000,4064.6000,4064.8000,4065.0000,5,5,3,1,1,1,1,3,1,5
SF,IF2006,2020-02-19 11:23:32.400,4064.0000,23845,0,4751187300.000,0,-,-,-,-,4063.4000,4063.2000,4063.0000,4062.0000,4061.8000,4064.2000,4064.4000,4064.6000,4064.8000,4065.0000,5,3,1,1,1,1,1,3,1,5
SF,IF2006,2020-02-19 11:23:32.900,4064.0000,23845,0,4751187300.000,0,-,-,-,-,4064.0000,4063.8000,4063.4000,4063.2000,4063.0000,4064.2000,4064.4000,4064.6000,4064.8000,4065.0000,1,3,5,3,1,1,1,3,1,5
SF,IF2006,2020-02-19 11:23:33.400,4064.2000,23845,0,4752406560.000,1,0,1,多换,S,4064.0000,4063.8000,4063.4000,4063.2000,4063.0000,4064.4000,4064.6000,4064.8000,4065.0000,4065.2000,1,3,5,3,1,1,3,1,5,3
SF,IF2006,2020-02-19 11:23:34.400,4064.4000,23845,0,4753625880.000,1,0,1,多换,S,4064.0000,4063.8000,4063.4000,4063.2000,4063.0000,4064.6000,4064.8000,4065.0000,4065.2000,4065.4000,1,3,5,3,1,3,1,5,3,8
SF,IF2006,2020-02-19 11:23:34.900,4064.6000,23845,0,4754845260.000,1,0,1,多换,S,4064.0000,4063.8000,4063.4000,4063.2000,4063.0000,4064.6000,4064.8000,4065.0000,4065.2000,4065.4000,1,3,5,3,1,2,1,5,3,8
SF,IF2006,2020-02-19 11:23:35.400,4064.6000,23844,-1,4756064640.000,1,0,1,双平,S,4064.2000,4064.0000,4063.8000,4063.4000,4063.2000,4064.6000,4064.8000,4065.0000,4065.2000,4065.4000,2,1,3,5,1,1,1,5,3,8
SF,IF2006,2020-02-19 11:23:35.900,4064.6000,23844,0,4757284020.000,1,0,1,多换,S,4064.2000,4064.0000,4063.4000,4063.2000,4062.0000,4064.8000,4065.0000,4065.2000,4065.4000,4065.8000,2,1,5,1,1,1,5,3,8,7
SF,IF2006,2020-02-19 11:23:36.400,4064.6000,23844,0,4757284020.000,0,-,-,-,-,4064.2000,4063.4000,4063.2000,4062.0000,4061.8000,4064.8000,4065.0000,4065.2000,4065.4000,4065.8000,2,5,1,1,1,1,5,3,8,7
SF,IF2006,2020-02-19 11:23:38.900,4064.2000,23843,-1,4758503280.000,1,0,1,双平,S,4064.2000,4063.4000,4063.2000,4062.0000,4061.8000,4064.8000,4065.0000,4065.2000,4065.4000,4065.8000,1,5,1,1,1,1,5,3,8,7
SF,IF2006,2020-02-19 11:23:39.400,4064.2000,23843,0,4758503280.000,0,-,-,-,-,4064.4000,4063.4000,4063.2000,4062.0000,4061.8000,4064.8000,4065.0000,4065.2000,4065.4000,4065.8000,1,5,1,1,1,1,7,3,8,7
SF,IF2006,2020-02-19 11:23:39.900,4064.2000,23843,0,4758503280.000,0,-,-,-,-,4064.4000,4063.4000,4062.0000,4061.8000,4061.6000,4064.8000,4065.0000,4065.2000,4065.4000,4065.8000,1,5,1,1,1,1,7,3,8,7
SF,IF2006,2020-02-19 11:23:41.400,4064.2000,23843,0,4758503280.000,0,-,-,-,-,4063.4000,4062.0000,4061.8000,4061.6000,4060.0000,4064.8000,4065.0000,4065.2000,4065.4000,4065.8000,5,1,1,1,4,1,7,3,8,7
SF,IF2006,2020-02-19 11:23:41.900,4064.2000,23843,0,4758503280.000,0,-,-,-,-,4064.0000,4063.8000,4063.6000,4063.4000,4062.0000,4064.4000,4064.6000,4064.8000,4065.0000,4065.2000,5,4,3,5,1,1,2,1,7,3
SF,IF2006,2020-02-19 11:23:42.400,4064.2000,23843,0,4758503280.000,0,-,-,-,-,4064.0000,4063.8000,4063.6000,4063.4000,4062.0000,4064.4000,4064.8000,4065.0000,4065.2000,4065.4000,5,4,3,5,1,1,1,7,3,8
SF,IF2006,2020-02-19 11:23:42.900,4064.2000,23843,0,4758503280.000,0,-,-,-,-,4064.0000,4063.8000,4063.6000,4063.4000,4062.0000,4064.4000,4064.8000,4065.0000,4065.2000,4065.4000,5,4,3,5,1,1,1,7,3,8
SF,IF2006,2020-02-19 11:23:43.400,4064.4000,23843,0,4759722600.000,1,0,1,多换,S,4064.0000,4063.8000,4063.6000,4063.4000,4062.0000,4064.8000,4065.0000,4065.2000,4065.4000,4065.8000,5,3,3,5,1,1,7,3,8,7
SF,IF2006,2020-02-19 11:23:43.900,4064.4000,23843,0,4759722600.000,0,-,-,-,-,4064.4000,4064.0000,4063.8000,4063.6000,4063.4000,4064.8000,4065.0000,4065.2000,4065.4000,4065.8000,5,5,2,3,5,1,7,3,8,7
SF,IF2006,2020-02-19 11:23:44.400,4064.4000,23843,0,4759722600.000,0,-,-,-,-,4064.0000,4063.8000,4063.6000,4063.4000,4062.0000,4064.8000,4065.0000,4065.2000,4065.4000,4065.8000,6,2,3,5,1,1,7,3,8,7
SF,IF2006,2020-02-19 11:23:44.900,4064.4000,23843,0,4759722600.000,0,-,-,-,-,4064.0000,4063.8000,4063.6000,4063.4000,4062.0000,4064.8000,4065.0000,4065.2000,4065.4000,4065.8000,6,2,3,5,1,1,7,3,8,7
SF,IF2006,2020-02-19 11:23:45.900,4064.4000,23843,0,4759722600.000,0,-,-,-,-,4064.6000,4064.0000,4063.8000,4063.6000,4063.4000,4064.8000,4065.0000,4065.2000,4065.4000,4065.8000,5,6,2,3,7,1,7,3,8,7
SF,IF2006,2020-02-19 11:23:46.400,4064.6000,23844,1,4760941980.000,1,1,0,双开,S,4064.0000,4063.8000,4063.6000,4063.4000,4062.0000,4064.8000,4065.0000,4065.2000,4065.4000,4065.8000,6,2,3,2,1,1,7,3,8,7
SF,IF2006,2020-02-19 11:23:46.900,4064.8000,23844,0,4762161420.000,1,0,1,多换,S,4064.0000,4063.8000,4063.6000,4063.4000,4062.0000,4065.0000,4065.2000,4065.4000,4065.8000,4066.2000,6,2,3,2,1,7,3,8,7,3
SF,IF2006,2020-02-19 11:23:47.900,4064.8000,23844,0,4762161420.000,0,-,-,-,-,4064.0000,4063.8000,4063.6000,4063.4000,4062.2000,4065.0000,4065.2000,4065.4000,4065.8000,4066.2000,6,2,3,2,1,7,3,8,7,3
SF,IF2006,2020-02-19 11:23:48.400,4064.8000,23844,0,4762161420.000,0,-,-,-,-,4064.0000,4063.8000,4063.6000,4063.4000,4062.2000,4064.8000,4065.0000,4065.2000,4065.4000,4065.8000,6,2,3,2,1,2,7,3,8,7
SF,IF2006,2020-02-19 11:23:49.400,4064.8000,23844,0,4762161420.000,0,-,-,-,-,4064.0000,4063.6000,4063.4000,4062.2000,4062.0000,4064.8000,4065.0000,4065.2000,4065.4000,4065.8000,5,3,2,1,1,2,7,3,8,7
SF,IF2006,2020-02-19 11:23:49.900,4064.8000,23844,0,4762161420.000,0,-,-,-,-,4063.6000,4063.4000,4062.2000,4062.0000,4061.8000,4064.8000,4065.0000,4065.2000,4065.4000,4065.8000,2,2,1,1,1,2,7,3,8,7
SF,IF2006,2020-02-19 11:23:50.400,4064.8000,23844,0,4762161420.000,0,-,-,-,-,4063.6000,4063.4000,4062.2000,4062.0000,4061.8000,4064.8000,4065.0000,4065.2000,4065.4000,4065.8000,2,2,1,1,1,3,7,3,8,7
SF,IF2006,2020-02-19 11:23:50.900,4064.8000,23844,0,4762161420.000,0,-,-,-,-,4063.6000,4063.4000,4062.2000,4062.0000,4061.8000,4064.8000,4065.0000,4065.2000,4065.4000,4065.8000,2,2,1,1,1,3,7,3,8,7
SF,IF2006,2020-02-19 11:23:51.900,4064.8000,23844,0,4762161420.000,0,-,-,-,-,4063.6000,4063.4000,4062.2000,4062.0000,4061.8000,4064.6000,4064.8000,4065.0000,4065.2000,4065.4000,2,2,1,1,1,1,3,7,3,8
SF,IF2006,2020-02-19 11:23:52.900,4063.6000,23844,0,4763380500.000,1,0,1,多换,S,4063.6000,4063.4000,4062.2000,4062.0000,4061.8000,4064.6000,4064.8000,4065.0000,4065.2000,4065.4000,1,2,1,1,1,1,3,7,3,8
SF,IF2006,2020-02-19 11:23:53.400,4063.6000,23844,0,4764599580.000,1,0,1,多换,S,4063.4000,4062.2000,4062.0000,4061.8000,4061.6000,4064.4000,4064.6000,4064.8000,4065.0000,4065.2000,2,1,1,1,1,2,1,1,7,3
SF,IF2006,2020-02-19 11:23:53.900,4063.6000,23844,0,4764599580.000,0,-,-,-,-,4063.6000,4063.4000,4062.2000,4062.0000,4061.8000,4064.4000,4064.6000,4064.8000,4065.0000,4065.2000,5,2,1,1,1,2,1,1,7,3
SF,IF2006,2020-02-19 11:23:54.400,4063.6000,23844,0,4764599580.000,0,-,-,-,-,4064.0000,4063.6000,4063.4000,4062.2000,4062.0000,4064.4000,4064.8000,4065.0000,4065.2000,4065.4000,5,5,2,1,1,2,1,7,3,8
SF,IF2006,2020-02-19 11:23:54.900,4063.6000,23844,0,4764599580.000,0,-,-,-,-,4064.0000,4063.6000,4063.4000,4062.2000,4062.0000,4064.4000,4064.8000,4065.0000,4065.2000,4065.4000,5,5,2,1,1,2,1,7,3,8
SF,IF2006,2020-02-19 11:23:55.400,4063.6000,23844,0,4764599580.000,0,-,-,-,-,4063.6000,4063.4000,4062.2000,4062.0000,4061.8000,4064.4000,4064.8000,4065.0000,4065.2000,4065.4000,5,2,1,1,1,2,1,7,3,8
SF,IF2006,2020-02-19 11:23:55.900,4063.6000,23844,0,4764599580.000,0,-,-,-,-,4064.0000,4063.8000,4063.6000,4063.4000,4062.2000,4064.4000,4064.8000,4065.0000,4065.2000,4065.4000,1,5,5,2,1,2,1,7,3,8
SF,IF2006,2020-02-19 11:23:56.900,4063.6000,23844,0,4764599580.000,0,-,-,-,-,4063.8000,4063.6000,4063.4000,4062.2000,4062.0000,4064.4000,4064.8000,4065.0000,4065.2000,4065.4000,5,5,2,1,1,2,1,7,3,8
SF,IF2006,2020-02-19 11:23:57.400,4063.6000,23844,0,4764599580.000,0,-,-,-,-,4063.8000,4063.6000,4063.4000,4062.2000,4062.0000,4064.4000,4064.8000,4065.0000,4065.2000,4065.4000,5,5,2,1,1,2,1,7,3,8
SF,IF2006,2020-02-19 11:23:59.400,4063.6000,23844,0,4764599580.000,0,-,-,-,-,4063.6000,4063.4000,4062.2000,4062.0000,4061.8000,4064.4000,4064.8000,4065.0000,4065.2000,4065.4000,5,2,1,1,1,2,1,7,3,8
SF,IF2006,2020-02-19 11:23:59.900,4063.6000,23844,0,4764599580.000,0,-,-,-,-,4063.6000,4063.4000,4062.0000,4061.8000,4061.6000,4064.4000,4064.8000,4065.0000,4065.2000,4065.4000,5,2,1,1,1,2,1,7,3,8
SF,IF2006,2020-02-19 11:24:00.400,4063.6000,23844,0,4764599580.000,0,-,-,-,-,4063.6000,4063.4000,4062.0000,4061.8000,4061.6000,4063.8000,4064.4000,4064.8000,4065.0000,4065.2000,5,2,1,1,1,1,2,1,7,3
SF,IF2006,2020-02-19 11:24:00.900,4063.8000,23843,-1,4765818720.000,1,0,1,双平,S,4063.8000,4063.6000,4063.4000,4062.0000,4061.8000,4064.4000,4064.8000,4065.0000,4065.2000,4065.4000,2,5,2,1,1,2,1,7,3,8
SF,IF2006,2020-02-19 11:24:01.400,4063.8000,23843,0,4765818720.000,0,-,-,-,-,4064.0000,4063.8000,4063.6000,4063.4000,4062.0000,4064.4000,4064.8000,4065.0000,4065.2000,4065.4000,2,2,5,2,1,2,1,7,3,8
SF,IF2006,2020-02-19 11:24:01.900,4064.8000,23842,-1,4767038160.000,1,0,1,双平,S,4064.2000,4064.0000,4063.8000,4063.6000,4063.4000,4065.0000,4065.2000,4065.4000,4065.8000,4066.2000,5,2,2,5,2,7,3,8,17,3
SF,IF2006,2020-02-19 11:24:02.400,4064.8000,23841,-1,4768257600.000,1,0,1,双平,S,4064.0000,4063.8000,4063.6000,4063.4000,4062.0000,4064.8000,4065.0000,4065.2000,4065.4000,4065.8000,2,1,5,2,1,1,7,3,8,17
SF,IF2006,2020-02-19 11:24:02.900,4064.8000,23841,0,4768257600.000,0,-,-,-,-,4063.6000,4063.4000,4062.0000,4061.8000,4061.6000,4064.8000,4065.0000,4065.2000,4065.4000,4065.8000,5,2,1,1,1,1,7,3,8,17
SF,IF2006,2020-02-19 11:24:03.900,4064.8000,23841,0,4768257600.000,0,-,-,-,-,4064.4000,4064.2000,4063.6000,4063.4000,4062.0000,4064.8000,4065.0000,4065.2000,4065.4000,4065.8000,1,1,6,2,1,1,7,3,8,17
SF,IF2006,2020-02-19 11:24:04.400,4064.2000,23843,2,4770696180.000,2,2,0,双开,S,4063.6000,4063.4000,4062.0000,4061.8000,4061.6000,4064.4000,4064.8000,4065.0000,4065.2000,4065.4000,5,2,1,1,1,2,1,7,3,8
SF,IF2006,2020-02-19 11:24:04.900,4064.4000,23844,1,4771915500.000,1,1,0,双开,S,4064.0000,4063.6000,4063.4000,4062.0000,4061.8000,4064.4000,4064.8000,4065.0000,4065.2000,4065.4000,3,5,2,1,1,1,1,7,3,8
SF,IF2006,2020-02-19 11:24:05.400,4064.4000,23844,0,4771915500.000,0,-,-,-,-,4064.4000,4064.0000,4063.6000,4063.4000,4062.0000,4064.8000,4065.0000,4065.2000,4065.4000,4065.8000,1,3,5,2,1,1,7,3,8,17
SF,IF2006,2020-02-19 11:24:05.900,4064.6000,23843,-1,4774354200.000,2,0,2,多平,S,4064.0000,4063.6000,4063.4000,4062.0000,4061.8000,4064.8000,4065.0000,4065.2000,4065.4000,4065.8000,3,5,2,1,1,1,7,3,8,17
SF,IF2006,2020-02-19 11:24:06.900,4064.6000,23843,0,4774354200.000,0,-,-,-,-,4063.6000,4063.4000,4062.0000,4061.8000,4061.6000,4064.8000,4065.0000,4065.2000,4065.4000,4065.8000,5,2,1,1,1,1,7,3,8,17
SF,IF2006,2020-02-19 11:24:07.400,4064.6000,23843,0,4774354200.000,0,-,-,-,-,4064.4000,4064.0000,4063.8000,4063.6000,4063.4000,4064.8000,4065.0000,4065.2000,4065.4000,4065.8000,2,5,8,6,2,1,7,3,8,17
SF,IF2006,2020-02-19 11:24:07.900,4064.6000,23843,0,4774354200.000,0,-,-,-,-,4064.4000,4063.8000,4063.6000,4063.4000,4062.0000,4064.6000,4064.8000,4065.0000,4065.2000,4065.4000,2,7,6,2,1,1,1,7,3,8
SF,IF2006,2020-02-19 11:24:08.400,4064.6000,23844,1,4775573580.000,1,1,0,双开,S,4064.4000,4063.8000,4063.6000,4063.4000,4062.0000,4064.8000,4065.0000,4065.2000,4065.4000,4065.8000,2,7,6,2,1,1,7,3,8,17
SF,IF2006,2020-02-19 11:24:08.900,4064.6000,23844,0,4775573580.000,0,-,-,-,-,4063.8000,4063.6000,4063.4000,4062.0000,4061.8000,4064.8000,4065.0000,4065.2000,4065.4000,4065.8000,7,5,2,1,1,2,7,3,8,17
SF,IF2006,2020-02-19 11:24:09.400,4064.6000,23844,0,4775573580.000,0,-,-,-,-,4064.2000,4064.0000,4063.8000,4063.6000,4063.4000,4064.4000,4064.8000,4065.0000,4065.2000,4065.4000,5,6,7,5,2,2,2,7,3,8
SF,IF2006,2020-02-19 11:24:09.900,4064.4000,23844,0,4778012220.000,2,1,1,多换,S,4063.8000,4063.6000,4063.4000,4062.0000,4061.8000,4064.8000,4065.0000,4065.2000,4065.4000,4065.8000,2,5,2,1,1,2,7,3,8,17
SF,IF2006,2020-02-19 11:24:10.400,4064.4000,23844,0,4778012220.000,0,-,-,-,-,4064.2000,4064.0000,4063.8000,4063.6000,4063.4000,4064.8000,4065.0000,4065.2000,4065.4000,4065.8000,2,1,2,5,2,2,7,3,8,17
SF,IF2006,2020-02-19 11:24:10.900,4064.4000,23844,0,4778012220.000,0,-,-,-,-,4064.2000,4063.6000,4063.4000,4062.0000,4061.8000,4064.8000,4065.0000,4065.2000,4065.4000,4065.8000,2,5,2,1,1,2,7,3,8,17
SF,IF2006,2020-02-19 11:24:11.400,4064.4000,23844,0,4778012220.000,0,-,-,-,-,4064.2000,4063.6000,4063.4000,4062.0000,4061.8000,4064.8000,4065.0000,4065.2000,4065.4000,4065.8000,2,5,2,1,1,2,7,3,8,17
SF,IF2006,2020-02-19 11:24:12.400,4064.8000,23844,0,4779231660.000,1,0,1,多换,S,4064.6000,4064.4000,4063.6000,4063.4000,4062.0000,4064.8000,4065.0000,4065.2000,4065.4000,4065.8000,1,2,5,2,1,1,7,3,8,17
SF,IF2006,2020-02-19 11:24:12.900,4064.8000,23844,0,4780451100.000,1,0,1,多换,S,4064.6000,4064.4000,4063.6000,4063.4000,4062.0000,4065.0000,4065.2000,4065.4000,4065.8000,4066.0000,1,2,5,2,1,7,3,8,17,10
SF,IF2006,2020-02-19 11:24:13.400,4065.0000,23844,0,4781670600.000,1,0,1,多换,S,4064.6000,4064.4000,4063.6000,4063.4000,4062.0000,4065.0000,4065.2000,4065.4000,4065.8000,4066.0000,1,2,5,2,1,6,3,8,17,10
SF,IF2006,2020-02-19 11:24:13.900,4065.0000,23845,1,4790207100.000,7,4,3,空开,S,4065.0000,4064.8000,4064.6000,4064.4000,4063.6000,4065.2000,4065.4000,4065.8000,4066.0000,4066.2000,1,1,1,2,5,3,8,17,10,3
SF,IF2006,2020-02-19 11:24:14.400,4065.2000,23845,0,4793865720.000,3,1,2,多换,S,4064.8000,4064.6000,4064.4000,4063.4000,4062.0000,4065.2000,4065.4000,4065.8000,4066.0000,4066.2000,1,1,2,2,1,1,8,17,10,3
SF,IF2006,2020-02-19 11:24:14.900,4065.2000,23846,1,4795085280.000,1,1,0,双开,S,4064.8000,4064.6000,4064.4000,4063.4000,4062.0000,4065.4000,4065.8000,4066.0000,4066.2000,4066.6000,1,1,2,2,1,8,17,10,3,2
SF,IF2006,2020-02-19 11:24:15.400,4065.2000,23846,0,4795085280.000,0,-,-,-,-,4064.8000,4064.6000,4064.4000,4063.4000,4062.0000,4065.4000,4065.8000,4066.0000,4066.2000,4066.6000,1,1,1,2,1,8,17,10,3,2
SF,IF2006,2020-02-19 11:24:15.900,4065.4000,23847,1,4796304900.000,1,1,0,双开,S,4065.2000,4065.0000,4064.8000,4064.4000,4063.4000,4065.4000,4065.8000,4066.0000,4066.2000,4066.6000,6,1,1,1,2,7,17,10,3,2
SF,IF2006,2020-02-19 11:24:16.400,4065.4000,23850,3,4799963760.000,3,3,0,双开,S,4065.2000,4065.0000,4064.8000,4064.4000,4063.4000,4065.4000,4065.8000,4066.0000,4066.2000,4066.6000,6,1,1,1,2,4,17,10,3,2
SF,IF2006,2020-02-19 11:24:16.900,4065.4000,23848,-2,4804842240.000,4,1,3,多平,S,4065.6000,4065.4000,4065.2000,4064.8000,4064.4000,4065.8000,4066.0000,4066.2000,4066.6000,4067.0000,5,5,6,1,1,17,10,3,2,12
SF,IF2006,2020-02-19 11:24:17.400,4065.4000,23856,8,4814599500.000,8,8,0,双开,S,4065.2000,4064.8000,4064.4000,4063.4000,4062.0000,4065.8000,4066.0000,4066.2000,4066.6000,4067.0000,6,1,1,2,1,17,10,3,2,12
SF,IF2006,2020-02-19 11:24:17.900,4065.2000,23856,0,4821916860.000,6,3,3,多换,S,4064.8000,4064.4000,4063.4000,4062.0000,4061.6000,4065.6000,4065.8000,4066.0000,4066.2000,4066.6000,1,1,2,1,1,3,17,10,3,2
SF,IF2006,2020-02-19 11:24:18.400,4065.4000,23856,0,4824355920.000,2,1,1,多换,S,4063.4000,4062.0000,4061.6000,4060.0000,4058.8000,4065.4000,4065.6000,4065.8000,4066.0000,4066.2000,2,1,1,2,1,2,3,17,10,3
SF,IF2006,2020-02-19 11:24:18.900,4065.4000,23856,0,4824355920.000,0,-,-,-,-,4064.4000,4063.8000,4063.6000,4063.4000,4062.0000,4065.2000,4065.4000,4065.6000,4065.8000,4066.0000,3,2,5,5,1,2,2,1,17,10
SF,IF2006,2020-02-19 11:24:19.400,4065.4000,23856,0,4824355920.000,0,-,-,-,-,4064.4000,4063.8000,4063.6000,4063.4000,4062.0000,4065.0000,4065.2000,4065.4000,4065.8000,4066.0000,3,2,2,5,1,1,2,2,17,10
SF,IF2006,2020-02-19 11:24:20.400,4065.4000,23856,0,4824355920.000,0,-,-,-,-,4064.4000,4063.8000,4063.6000,4063.4000,4062.0000,4065.0000,4065.2000,4065.4000,4065.8000,4066.0000,3,2,2,5,1,1,3,2,17,10
SF,IF2006,2020-02-19 11:24:21.400,4065.4000,23856,0,4824355920.000,0,-,-,-,-,4063.6000,4063.4000,4062.0000,4061.6000,4060.0000,4065.0000,4065.2000,4065.4000,4065.8000,4066.0000,2,4,1,1,2,1,2,2,17,10
SF,IF2006,2020-02-19 11:24:21.900,4065.4000,23856,0,4824355920.000,0,-,-,-,-,4064.0000,4063.6000,4063.4000,4062.0000,4061.6000,4064.8000,4065.0000,4065.4000,4065.8000,4066.0000,5,2,4,1,1,2,1,2,17,10
SF,IF2006,2020-02-19 11:24:22.400,4065.4000,23856,0,4824355920.000,0,-,-,-,-,4063.6000,4063.4000,4062.0000,4061.6000,4060.0000,4064.4000,4065.0000,4065.4000,4065.8000,4066.0000,2,4,1,1,2,1,1,2,17,10
SF,IF2006,2020-02-19 11:24:22.900,4064.4000,23856,0,4825575240.000,1,0,1,多换,S,4063.6000,4063.4000,4062.0000,4061.6000,4060.0000,4065.0000,4065.4000,4065.8000,4066.0000,4066.2000,2,4,1,1,2,1,2,17,10,3
SF,IF2006,2020-02-19 11:24:23.400,4064.4000,23856,0,4825575240.000,0,-,-,-,-,4063.8000,4063.6000,4063.4000,4062.0000,4061.6000,4064.8000,4065.0000,4065.4000,4065.8000,4066.0000,1,2,4,1,1,2,1,2,17,10
SF,IF2006,2020-02-19 11:24:24.400,4064.4000,23856,0,4825575240.000,0,-,-,-,-,4063.8000,4063.6000,4063.4000,4062.0000,4061.6000,4064.8000,4065.0000,4065.8000,4066.0000,4066.2000,1,2,4,1,1,2,1,17,10,3
SF,IF2006,2020-02-19 11:24:24.900,4064.4000,23856,0,4825575240.000,0,-,-,-,-,4063.8000,4063.6000,4063.4000,4062.0000,4061.6000,4064.8000,4065.0000,4065.8000,4066.0000,4066.2000,1,2,4,1,1,2,1,17,10,5
SF,IF2006,2020-02-19 11:24:25.900,4064.8000,23856,0,4828014120.000,2,1,1,多换,S,4063.8000,4063.6000,4063.4000,4062.0000,4061.6000,4065.8000,4066.0000,4066.2000,4066.6000,4067.0000,1,2,4,1,1,17,10,5,2,12
SF,IF2006,2020-02-19 11:24:26.400,4064.8000,23856,0,4828014120.000,0,-,-,-,-,4064.0000,4063.8000,4063.4000,4062.0000,4061.6000,4065.4000,4065.6000,4065.8000,4066.0000,4066.2000,5,2,4,1,1,1,2,17,10,5
SF,IF2006,2020-02-19 11:24:27.400,4064.8000,23856,0,4828014120.000,0,-,-,-,-,4064.0000,4063.8000,4063.4000,4062.0000,4061.6000,4065.4000,4065.6000,4065.8000,4066.0000,4066.2000,5,1,4,1,1,1,2,17,10,5
SF,IF2006,2020-02-19 11:24:28.400,4064.8000,23856,0,4828014120.000,0,-,-,-,-,4064.0000,4063.8000,4063.4000,4062.0000,4061.6000,4065.4000,4065.6000,4065.8000,4066.0000,4066.2000,6,1,4,1,1,1,2,17,10,5
SF,IF2006,2020-02-19 11:24:28.900,4064.8000,23856,0,4828014120.000,0,-,-,-,-,4064.2000,4064.0000,4063.4000,4062.0000,4061.6000,4065.4000,4065.6000,4065.8000,4066.0000,4066.2000,1,6,4,1,1,1,2,17,10,5
SF,IF2006,2020-02-19 11:24:29.400,4064.8000,23856,0,4828014120.000,0,-,-,-,-,4064.4000,4064.2000,4064.0000,4063.4000,4062.0000,4065.4000,4065.6000,4065.8000,4066.0000,4066.2000,2,1,4,4,1,1,2,17,10,5
SF,IF2006,2020-02-19 11:24:29.900,4064.4000,23856,0,4829233440.000,1,0,1,多换,S,4064.4000,4064.2000,4064.0000,4063.4000,4062.0000,4065.4000,4065.6000,4065.8000,4066.0000,4066.2000,1,1,4,4,1,1,2,17,10,5
SF,IF2006,2020-02-19 11:24:31.900,4064.4000,23856,0,4829233440.000,0,-,-,-,-,4064.4000,4064.0000,4063.4000,4062.0000,4061.6000,4065.4000,4065.6000,4065.8000,4066.0000,4066.2000,1,5,4,1,1,1,2,17,10,5
SF,IF2006,2020-02-19 11:24:32.400,4064.4000,23856,0,4829233440.000,0,-,-,-,-,4064.0000,4063.4000,4062.0000,4061.6000,4060.0000,4065.2000,4065.4000,4065.8000,4066.0000,4066.2000,4,4,1,1,2,3,1,17,10,5
SF,IF2006,2020-02-19 11:24:32.900,4064.4000,23856,0,4829233440.000,0,-,-,-,-,4064.0000,4063.4000,4062.0000,4061.6000,4060.0000,4065.2000,4065.4000,4065.8000,4066.0000,4066.2000,2,4,1,1,2,4,1,17,10,5
SF,IF2006,2020-02-19 11:24:33.400,4064.4000,23856,0,4829233440.000,0,-,-,-,-,4064.0000,4063.4000,4062.0000,4061.6000,4060.0000,4065.0000,4065.2000,4065.4000,4065.8000,4066.0000,2,4,1,1,2,1,3,1,17,10
SF,IF2006,2020-02-19 11:24:34.900,4064.4000,23856,0,4829233440.000,0,-,-,-,-,4064.0000,4063.4000,4062.0000,4061.6000,4060.0000,4065.0000,4065.2000,4065.4000,4065.8000,4066.0000,2,3,1,1,2,1,3,1,17,10
SF,IF2006,2020-02-19 11:24:35.400,4064.4000,23856,0,4829233440.000,0,-,-,-,-,4064.0000,4063.4000,4062.0000,4061.6000,4060.0000,4064.8000,4065.0000,4065.2000,4065.4000,4065.8000,2,3,1,1,2,2,1,1,1,17
SF,IF2006,2020-02-19 11:24:36.400,4064.4000,23856,0,4829233440.000,0,-,-,-,-,4064.0000,4063.4000,4062.0000,4061.6000,4060.0000,4064.8000,4065.2000,4065.4000,4065.8000,4066.0000,2,3,1,1,2,2,1,1,17,10
SF,IF2006,2020-02-19 11:24:38.400,4064.4000,23856,0,4829233440.000,0,-,-,-,-,4064.0000,4063.4000,4061.6000,4060.0000,4058.8000,4064.8000,4065.2000,4065.4000,4065.8000,4066.0000,2,3,1,2,1,2,1,1,17,10
SF,IF2006,2020-02-19 11:24:41.400,4064.4000,23856,0,4829233440.000,0,-,-,-,-,4064.0000,4063.4000,4061.6000,4060.0000,4058.8000,4064.8000,4065.2000,4065.4000,4065.8000,4066.0000,2,3,1,2,1,2,1,1,17,10
SF,IF2006,2020-02-19 11:24:41.900,4064.4000,23856,0,4829233440.000,0,-,-,-,-,4064.0000,4063.4000,4061.6000,4060.0000,4058.8000,4065.2000,4065.4000,4065.8000,4066.0000,4066.2000,2,3,1,2,1,1,1,17,10,5
SF,IF2006,2020-02-19 11:24:42.400,4064.4000,23856,0,4829233440.000,0,-,-,-,-,4064.2000,4064.0000,4063.4000,4061.6000,4060.0000,4065.0000,4065.4000,4065.8000,4066.0000,4066.2000,2,2,3,1,2,2,1,17,10,5
SF,IF2006,2020-02-19 11:24:42.900,4064.4000,23856,0,4829233440.000,0,-,-,-,-,4064.4000,4064.2000,4064.0000,4063.4000,4061.6000,4065.0000,4065.4000,4065.8000,4066.0000,4066.2000,1,2,2,3,1,2,1,17,10,5
SF,IF2006,2020-02-19 11:24:43.400,4064.4000,23856,0,4829233440.000,0,-,-,-,-,4064.4000,4064.2000,4064.0000,4063.4000,4061.6000,4065.4000,4065.8000,4066.0000,4066.2000,4066.6000,1,2,2,3,1,1,17,10,5,2
SF,IF2006,2020-02-19 11:24:46.400,4064.4000,23856,0,4829233440.000,0,-,-,-,-,4064.2000,4064.0000,4063.4000,4061.6000,4060.0000,4065.4000,4065.8000,4066.0000,4066.2000,4066.6000,2,2,3,1,2,1,17,10,5,2
SF,IF2006,2020-02-19 11:24:46.900,4064.4000,23856,0,4829233440.000,0,-,-,-,-,4064.2000,4064.0000,4063.4000,4061.6000,4060.0000,4065.2000,4065.4000,4065.8000,4066.0000,4066.2000,2,2,3,1,2,2,1,17,10,5
SF,IF2006,2020-02-19 11:24:47.400,4065.2000,23856,0,4831672560.000,2,1,1,多换,S,4064.2000,4064.0000,4063.4000,4061.6000,4060.0000,4065.4000,4065.8000,4066.0000,4066.2000,4066.6000,2,2,3,1,2,1,17,10,5,2
SF,IF2006,2020-02-19 11:24:49.400,4065.2000,23856,0,4831672560.000,0,-,-,-,-,4064.2000,4064.0000,4063.4000,4061.6000,4060.0000,4065.8000,4066.0000,4066.2000,4066.6000,4067.0000,2,2,3,1,2,17,10,5,2,12
SF,IF2006,2020-02-19 11:24:49.900,4065.2000,23856,0,4831672560.000,0,-,-,-,-,4064.2000,4064.0000,4063.4000,4061.6000,4060.0000,4065.6000,4065.8000,4066.0000,4066.2000,4066.6000,2,2,3,1,2,1,17,10,5,2
SF,IF2006,2020-02-19 11:24:50.400,4065.2000,23856,0,4831672560.000,0,-,-,-,-,4064.2000,4064.0000,4063.4000,4061.6000,4060.0000,4065.4000,4065.6000,4065.8000,4066.0000,4066.2000,2,2,3,1,2,1,1,17,10,5
SF,IF2006,2020-02-19 11:24:51.900,4065.4000,23856,0,4832892180.000,1,0,1,多换,S,4065.4000,4064.2000,4064.0000,4063.4000,4061.6000,4065.6000,4065.8000,4066.0000,4066.2000,4066.6000,1,2,2,3,1,1,17,10,5,2
SF,IF2006,2020-02-19 11:24:52.400,4065.4000,23856,0,4834111800.000,1,0,1,多换,S,4064.2000,4064.0000,4063.4000,4061.6000,4060.0000,4065.4000,4065.8000,4066.0000,4066.2000,4066.6000,2,2,3,1,2,4,17,10,5,2
SF,IF2006,2020-02-19 11:24:55.400,4065.4000,23856,0,4834111800.000,0,-,-,-,-,4064.2000,4064.0000,4063.4000,4061.6000,4060.0000,4065.4000,4065.8000,4066.0000,4066.2000,4066.6000,2,2,3,1,2,4,17,10,5,2
SF,IF2006,2020-02-19 11:24:56.400,4065.4000,23856,0,4834111800.000,0,-,-,-,-,4064.4000,4064.2000,4064.0000,4063.4000,4061.6000,4065.4000,4065.8000,4066.0000,4066.2000,4066.6000,1,2,2,3,1,4,17,10,5,2
SF,IF2006,2020-02-19 11:24:56.900,4065.4000,23856,0,4834111800.000,0,-,-,-,-,4064.6000,4064.4000,4064.0000,4063.4000,4061.6000,4065.4000,4065.8000,4066.0000,4066.2000,4066.6000,2,1,2,3,1,2,17,10,5,2
SF,IF2006,2020-02-19 11:24:57.400,4065.4000,23856,0,4834111800.000,0,-,-,-,-,4064.8000,4064.6000,4064.0000,4063.4000,4061.6000,4065.8000,4066.0000,4066.2000,4066.6000,4067.0000,2,2,2,3,1,17,10,5,2,12
SF,IF2006,2020-02-19 11:24:57.900,4065.4000,23856,0,4834111800.000,0,-,-,-,-,4065.0000,4064.8000,4064.0000,4063.4000,4061.6000,4065.8000,4066.0000,4066.2000,4066.6000,4067.0000,2,2,2,3,1,17,10,5,2,12
SF,IF2006,2020-02-19 11:24:58.900,4065.4000,23856,0,4834111800.000,0,-,-,-,-,4065.0000,4064.8000,4064.0000,4063.4000,4061.6000,4065.8000,4066.0000,4066.2000,4066.6000,4067.0000,2,1,2,3,1,17,10,5,2,12
SF,IF2006,2020-02-19 11:24:59.400,4065.8000,23857,1,4835331540.000,1,1,0,双开,S,4065.0000,4064.0000,4063.4000,4061.6000,4060.0000,4065.8000,4066.0000,4066.2000,4066.6000,4067.0000,2,2,3,1,2,16,10,5,2,12
SF,IF2006,2020-02-19 11:25:00.400,4065.0000,23857,0,4837770540.000,2,1,1,多换,S,4064.0000,4063.4000,4061.6000,4060.0000,4058.8000,4065.0000,4065.8000,4066.0000,4066.2000,4066.6000,2,3,1,2,2,2,16,10,5,2
SF,IF2006,2020-02-19 11:25:00.900,4065.0000,23858,1,4838990040.000,1,1,0,双开,S,4064.2000,4064.0000,4063.4000,4061.6000,4060.0000,4065.0000,4065.8000,4066.0000,4066.2000,4066.6000,3,2,3,1,2,1,16,10,5,2
SF,IF2006,2020-02-19 11:25:01.900,4065.0000,23858,0,4838990040.000,0,-,-,-,-,4064.4000,4064.2000,4064.0000,4063.4000,4061.6000,4065.0000,4065.8000,4066.0000,4066.2000,4066.6000,1,3,2,3,1,1,16,10,5,2
SF,IF2006,2020-02-19 11:25:02.400,4065.0000,23858,0,4838990040.000,0,-,-,-,-,4064.6000,4064.4000,4064.2000,4064.0000,4063.4000,4065.0000,4065.8000,4066.0000,4066.2000,4066.6000,2,1,1,2,3,1,16,10,5,2
SF,IF2006,2020-02-19 11:25:02.900,4065.0000,23858,0,4838990040.000,0,-,-,-,-,4064.6000,4064.4000,4064.2000,4064.0000,4063.4000,4065.0000,4065.8000,4066.0000,4066.2000,4066.6000,2,1,1,2,3,1,16,10,5,2
SF,IF2006,2020-02-19 11:25:04.900,4065.0000,23858,0,4838990040.000,0,-,-,-,-,4064.6000,4064.2000,4064.0000,4063.4000,4061.6000,4065.0000,4065.8000,4066.0000,4066.2000,4066.6000,2,1,2,3,1,1,16,10,5,2
SF,IF2006,2020-02-19 11:25:05.400,4064.6000,23857,-1,4840209420.000,1,0,1,双平,S,4064.6000,4064.2000,4064.0000,4063.4000,4061.6000,4065.0000,4065.8000,4066.0000,4066.2000,4066.6000,1,1,2,3,1,1,16,10,5,2
SF,IF2006,2020-02-19 11:25:05.900,4064.6000,23857,0,4840209420.000,0,-,-,-,-,4064.2000,4064.0000,4063.4000,4061.6000,4060.0000,4065.0000,4065.8000,4066.0000,4066.2000,4066.6000,1,2,3,1,2,1,16,10,5,2
SF,IF2006,2020-02-19 11:25:06.400,4064.6000,23857,0,4840209420.000,0,-,-,-,-,4064.2000,4064.0000,4063.4000,4061.6000,4060.0000,4064.8000,4065.0000,4065.8000,4066.0000,4066.2000,1,2,3,1,2,1,1,16,10,5
SF,IF2006,2020-02-19 11:25:07.400,4064.6000,23857,0,4840209420.000,0,-,-,-,-,4064.0000,4063.4000,4061.6000,4060.0000,4058.8000,4064.8000,4065.0000,4065.8000,4066.0000,4066.2000,2,3,1,2,2,1,1,16,10,5
SF,IF2006,2020-02-19 11:25:08.400,4064.6000,23857,0,4840209420.000,0,-,-,-,-,4064.0000,4063.4000,4061.6000,4060.0000,4058.8000,4064.2000,4064.8000,4065.0000,4065.8000,4066.0000,2,3,1,2,2,1,1,1,16,10
SF,IF2006,2020-02-19 11:25:09.400,4064.0000,23858,1,4842647820.000,2,1,1,空开,S,4063.4000,4061.6000,4060.0000,4058.8000,4058.0000,4064.2000,4064.8000,4065.0000,4065.8000,4066.0000,3,1,2,2,1,1,1,1,16,10
SF,IF2006,2020-02-19 11:25:10.900,4064.0000,23858,0,4842647820.000,0,-,-,-,-,4063.6000,4063.4000,4061.6000,4060.0000,4058.8000,4064.2000,4064.8000,4065.0000,4065.8000,4066.0000,1,3,1,2,2,1,1,1,16,10
SF,IF2006,2020-02-19 11:25:12.400,4064.0000,23858,0,4842647820.000,0,-,-,-,-,4063.4000,4061.6000,4060.0000,4058.8000,4058.0000,4064.2000,4064.8000,4065.0000,4065.8000,4066.0000,3,1,2,2,1,1,1,1,16,10
SF,IF2006,2020-02-19 11:25:13.400,4064.0000,23858,0,4842647820.000,0,-,-,-,-,4063.4000,4061.6000,4060.0000,4058.8000,4058.0000,4063.6000,4064.2000,4064.8000,4065.0000,4065.8000,3,1,2,2,1,1,1,1,1,16
SF,IF2006,2020-02-19 11:25:13.900,4063.6000,23858,0,4843866900.000,1,0,1,多换,S,4063.4000,4061.6000,4060.0000,4058.8000,4058.0000,4064.2000,4064.8000,4065.0000,4065.8000,4066.0000,3,1,2,2,1,1,1,1,16,10
SF,IF2006,2020-02-19 11:25:15.400,4063.6000,23858,0,4843866900.000,0,-,-,-,-,4063.4000,4061.6000,4060.0000,4058.8000,4058.0000,4064.0000,4064.2000,4065.0000,4065.8000,4066.0000,3,1,2,2,1,1,1,1,16,10
SF,IF2006,2020-02-19 11:25:16.400,4063.6000,23858,0,4843866900.000,0,-,-,-,-,4063.4000,4061.6000,4060.0000,4058.8000,4058.0000,4064.2000,4065.0000,4065.8000,4066.0000,4066.2000,2,1,2,2,1,1,1,16,10,5
SF,IF2006,2020-02-19 11:25:16.900,4063.6000,23858,0,4843866900.000,0,-,-,-,-,4063.4000,4061.6000,4060.0000,4058.8000,4058.0000,4064.2000,4065.0000,4065.8000,4066.0000,4066.2000,2,1,2,2,1,1,1,16,10,5
SF,IF2006,2020-02-19 11:25:17.400,4063.4000,23858,0,4846304940.000,2,1,1,多换,S,4061.6000,4060.0000,4058.8000,4058.0000,4057.0000,4063.4000,4064.2000,4065.0000,4065.8000,4066.0000,1,2,2,1,3,2,1,1,16,10
SF,IF2006,2020-02-19 11:25:17.900,4063.4000,23858,0,4846304940.000,0,-,-,-,-,4063.0000,4062.8000,4062.4000,4062.0000,4061.8000,4063.4000,4064.2000,4065.0000,4065.8000,4066.0000,5,1,2,1,5,2,1,1,16,10
SF,IF2006,2020-02-19 11:25:18.400,4063.4000,23858,0,4846304940.000,0,-,-,-,-,4063.2000,4062.8000,4062.4000,4061.8000,4061.6000,4063.4000,4064.2000,4065.0000,4065.8000,4066.0000,5,1,2,5,1,2,2,1,16,10
SF,IF2006,2020-02-19 11:25:18.900,4063.2000,23859,1,4847523900.000,1,1,0,双开,S,4062.8000,4062.4000,4061.8000,4061.6000,4060.0000,4063.4000,4064.2000,4065.0000,4065.8000,4066.0000,1,2,5,1,2,2,2,1,16,10
SF,IF2006,2020-02-19 11:25:19.400,4063.2000,23859,0,4847523900.000,0,-,-,-,-,4063.0000,4062.4000,4061.8000,4061.6000,4060.0000,4063.4000,4064.2000,4065.0000,4065.8000,4066.0000,4,2,5,1,2,2,2,1,16,10
SF,IF2006,2020-02-19 11:25:19.900,4063.0000,23860,1,4851180600.000,3,2,1,空开,S,4063.2000,4062.4000,4061.8000,4061.6000,4060.0000,4063.4000,4064.2000,4065.0000,4065.8000,4066.0000,5,2,4,1,2,2,2,1,16,10
SF,IF2006,2020-02-19 11:25:20.400,4063.2000,23863,3,4857275400.000,5,4,1,空开,S,4061.8000,4061.6000,4060.0000,4058.8000,4058.0000,4062.8000,4063.4000,4064.2000,4065.0000,4065.8000,4,1,2,2,1,1,2,2,1,16
SF,IF2006,2020-02-19 11:25:20.900,4062.8000,23863,0,4858494240.000,1,0,1,多换,S,4062.2000,4062.0000,4061.8000,4061.6000,4060.0000,4063.2000,4063.4000,4064.2000,4065.0000,4065.8000,3,1,3,1,2,1,2,2,1,16
SF,IF2006,2020-02-19 11:25:21.400,4062.8000,23863,0,4858494240.000,0,-,-,-,-,4062.4000,4062.2000,4061.8000,4061.6000,4060.0000,4063.2000,4063.4000,4064.2000,4065.0000,4065.8000,8,3,1,1,2,1,2,2,1,16
SF,IF2006,2020-02-19 11:25:22.400,4062.8000,23863,0,4858494240.000,0,-,-,-,-,4062.4000,4062.2000,4061.8000,4061.6000,4060.0000,4063.2000,4064.2000,4065.0000,4065.8000,4066.0000,8,3,1,1,2,1,2,1,16,10
SF,IF2006,2020-02-19 11:25:22.900,4062.8000,23863,0,4858494240.000,0,-,-,-,-,4062.6000,4062.4000,4062.2000,4061.8000,4061.6000,4063.2000,4064.2000,4065.0000,4065.8000,4066.0000,1,3,3,1,1,1,2,1,16,10
SF,IF2006,2020-02-19 11:25:23.900,4063.2000,23864,1,4862151120.000,3,2,1,空开,S,4062.8000,4062.6000,4062.4000,4062.2000,4061.8000,4064.2000,4065.0000,4065.8000,4066.0000,4066.2000,5,1,2,3,1,2,1,16,10,3
SF,IF2006,2020-02-19 11:25:24.400,4063.2000,23864,0,4862151120.000,0,-,-,-,-,4063.4000,4063.0000,4062.8000,4062.6000,4062.2000,4064.2000,4065.0000,4065.8000,4066.0000,4066.2000,5,8,5,1,3,2,1,16,10,3
SF,IF2006,2020-02-19 11:25:24.900,4063.2000,23864,0,4862151120.000,0,-,-,-,-,4063.0000,4062.8000,4062.6000,4062.2000,4061.8000,4064.2000,4065.0000,4065.8000,4066.0000,4066.2000,3,4,1,1,1,2,1,16,10,3
SF,IF2006,2020-02-19 11:25:25.400,4063.2000,23864,0,4862151120.000,0,-,-,-,-,4063.2000,4063.0000,4062.8000,4062.6000,4062.2000,4064.2000,4065.0000,4065.8000,4066.0000,4066.2000,1,2,4,1,1,2,1,16,10,3
SF,IF2006,2020-02-19 11:25:26.400,4063.2000,23864,0,4863370080.000,1,0,1,多换,S,4063.0000,4062.8000,4062.6000,4062.2000,4061.8000,4064.2000,4065.0000,4065.8000,4066.0000,4066.2000,2,4,1,1,1,2,1,16,10,3
SF,IF2006,2020-02-19 11:25:26.900,4063.2000,23864,0,4863370080.000,0,-,-,-,-,4063.4000,4063.2000,4063.0000,4062.8000,4062.6000,4064.2000,4065.0000,4065.8000,4066.0000,4066.2000,5,3,2,4,1,2,1,16,10,3
SF,IF2006,2020-02-19 11:25:27.400,4063.2000,23864,0,4863370080.000,0,-,-,-,-,4063.2000,4063.0000,4062.8000,4062.6000,4062.2000,4064.2000,4065.0000,4065.8000,4066.0000,4066.2000,3,2,4,1,1,2,1,16,10,3
SF,IF2006,2020-02-19 11:25:27.900,4063.2000,23864,0,4863370080.000,0,-,-,-,-,4063.4000,4063.2000,4063.0000,4062.8000,4062.6000,4063.8000,4064.2000,4065.0000,4065.8000,4066.0000,5,3,2,4,1,1,2,1,16,10
SF,IF2006,2020-02-19 11:25:28.400,4063.2000,23864,0,4863370080.000,0,-,-,-,-,4063.2000,4063.0000,4062.8000,4062.6000,4062.2000,4063.8000,4064.2000,4065.0000,4065.8000,4066.0000,3,2,4,1,1,1,3,1,16,10
SF,IF2006,2020-02-19 11:25:28.900,4063.2000,23864,0,4863370080.000,0,-,-,-,-,4063.2000,4063.0000,4062.8000,4062.6000,4062.2000,4063.8000,4064.2000,4065.0000,4065.8000,4066.0000,2,2,4,1,1,1,3,1,16,10
SF,IF2006,2020-02-19 11:25:29.400,4063.2000,23864,0,4863370080.000,0,-,-,-,-,4063.4000,4063.2000,4063.0000,4062.8000,4062.6000,4063.8000,4064.2000,4065.0000,4065.8000,4066.0000,5,2,2,4,1,1,3,1,16,10
SF,IF2006,2020-02-19 11:25:29.900,4063.2000,23865,1,4864589040.000,1,1,0,双开,S,4063.4000,4063.2000,4063.0000,4062.8000,4062.6000,4063.8000,4064.2000,4065.0000,4065.8000,4066.0000,4,2,2,4,1,1,3,1,16,10
SF,IF2006,2020-02-19 11:25:30.400,4063.2000,23865,0,4864589040.000,0,-,-,-,-,4063.2000,4063.0000,4062.8000,4062.6000,4062.2000,4063.8000,4064.2000,4065.0000,4065.8000,4066.0000,2,2,4,1,1,1,3,1,16,10
SF,IF2006,2020-02-19 11:25:30.900,4063.8000,23865,0,4865808180.000,1,0,1,多换,S,4063.4000,4063.2000,4063.0000,4062.8000,4062.6000,4064.2000,4065.0000,4065.8000,4066.0000,4066.2000,5,2,2,4,1,3,1,16,10,3
SF,IF2006,2020-02-19 11:25:31.400,4063.8000,23865,0,4865808180.000,0,-,-,-,-,4063.6000,4063.4000,4063.2000,4063.0000,4062.8000,4064.2000,4065.0000,4065.8000,4066.0000,4066.2000,6,5,1,2,4,3,1,16,10,3
SF,IF2006,2020-02-19 11:25:31.900,4063.8000,23865,0,4865808180.000,0,-,-,-,-,4063.6000,4063.4000,4063.2000,4063.0000,4062.8000,4064.2000,4065.8000,4066.0000,4066.2000,4066.6000,1,5,1,2,4,3,16,10,3,2
SF,IF2006,2020-02-19 11:25:32.400,4063.8000,23865,0,4865808180.000,0,-,-,-,-,4063.6000,4063.4000,4063.2000,4063.0000,4062.8000,4064.2000,4065.8000,4066.0000,4066.2000,4066.6000,1,5,1,2,4,3,16,10,3,2
SF,IF2006,2020-02-19 11:25:32.900,4063.8000,23865,0,4865808180.000,0,-,-,-,-,4063.6000,4063.4000,4063.2000,4063.0000,4062.8000,4064.2000,4065.8000,4066.0000,4066.2000,4066.6000,1,5,1,2,4,3,16,10,3,2
SF,IF2006,2020-02-19 11:25:34.400,4063.6000,23866,1,4867027260.000,1,1,0,双开,S,4063.4000,4063.2000,4063.0000,4062.8000,4062.6000,4063.6000,4064.2000,4065.8000,4066.0000,4066.2000,4,1,2,4,3,11,3,16,10,3
SF,IF2006,2020-02-19 11:25:35.400,4063.6000,23871,5,4874341740.000,6,5,1,空开,S,4063.4000,4063.2000,4063.0000,4062.6000,4062.2000,4063.6000,4064.2000,4065.8000,4066.0000,4066.2000,4,1,2,3,1,5,3,16,10,3
SF,IF2006,2020-02-19 11:25:35.900,4063.6000,23875,4,4880437140.000,5,4,1,空开,S,4064.0000,4063.4000,4063.2000,4063.0000,4062.6000,4064.2000,4065.8000,4066.0000,4066.2000,4066.6000,3,4,1,2,3,3,16,10,3,2
SF,IF2006,2020-02-19 11:25:36.400,4063.4000,23879,4,4885313760.000,4,4,0,双开,S,4063.4000,4063.2000,4063.0000,4062.6000,4062.2000,4064.2000,4065.8000,4066.0000,4066.2000,4066.6000,3,1,2,3,1,3,16,10,3,2
SF,IF2006,2020-02-19 11:25:36.900,4063.4000,23880,1,4886532780.000,1,1,0,双开,S,4063.4000,4063.2000,4063.0000,4062.6000,4062.2000,4064.2000,4065.8000,4066.0000,4066.2000,4066.6000,2,1,2,3,1,3,16,10,3,2
SF,IF2006,2020-02-19 11:25:37.400,4063.4000,23880,0,4886532780.000,0,-,-,-,-,4063.0000,4062.6000,4062.2000,4061.8000,4061.6000,4064.2000,4065.8000,4066.0000,4066.2000,4066.6000,2,3,1,1,1,3,16,10,3,2
SF,IF2006,2020-02-19 11:25:37.900,4063.4000,23880,0,4886532780.000,0,-,-,-,-,4063.0000,4062.6000,4062.2000,4061.8000,4061.6000,4064.0000,4064.2000,4065.8000,4066.0000,4066.2000,2,3,1,1,1,2,3,16,10,3
SF,IF2006,2020-02-19 11:25:38.900,4063.4000,23880,0,4886532780.000,0,-,-,-,-,4063.0000,4062.6000,4062.2000,4061.8000,4061.6000,4064.0000,4064.2000,4065.8000,4066.0000,4066.2000,2,3,1,1,1,2,3,16,10,3
SF,IF2006,2020-02-19 11:25:39.900,4063.0000,23879,-1,4887751680.000,1,0,1,双平,S,4063.0000,4062.6000,4062.2000,4061.8000,4061.6000,4064.0000,4064.2000,4065.8000,4066.0000,4066.2000,1,3,1,1,1,2,3,16,10,3
SF,IF2006,2020-02-19 11:25:40.400,4063.0000,23878,-1,4888970580.000,1,0,1,双平,S,4062.6000,4062.2000,4061.8000,4061.6000,4061.0000,4064.0000,4064.2000,4065.8000,4066.0000,4066.2000,3,1,1,1,1,2,3,16,10,3
SF,IF2006,2020-02-19 11:25:40.900,4063.0000,23878,0,4888970580.000,0,-,-,-,-,4062.8000,4062.6000,4062.2000,4061.8000,4061.6000,4064.0000,4064.2000,4065.8000,4066.0000,4066.2000,3,3,1,1,1,2,3,16,10,3
SF,IF2006,2020-02-19 11:25:42.400,4064.0000,23878,0,4890189780.000,1,0,1,多换,S,4062.8000,4062.6000,4062.2000,4061.8000,4061.0000,4064.0000,4064.2000,4065.8000,4066.0000,4066.2000,3,3,1,1,1,1,3,16,10,3
SF,IF2006,2020-02-19 11:25:43.400,4064.0000,23878,0,4890189780.000,0,-,-,-,-,4063.0000,4062.8000,4062.6000,4062.2000,4061.8000,4064.0000,4064.2000,4065.8000,4066.0000,4066.2000,1,3,2,1,1,1,3,16,10,3
SF,IF2006,2020-02-19 11:25:43.900,4064.0000,23878,0,4890189780.000,0,-,-,-,-,4063.2000,4063.0000,4062.8000,4062.6000,4062.2000,4064.0000,4064.2000,4065.8000,4066.0000,4066.2000,2,1,1,2,1,1,3,16,10,3
SF,IF2006,2020-02-19 11:25:44.400,4064.0000,23878,0,4890189780.000,0,-,-,-,-,4063.2000,4063.0000,4062.8000,4062.6000,4062.2000,4064.2000,4065.8000,4066.0000,4066.2000,4066.6000,2,1,1,2,1,3,16,10,3,2
SF,IF2006,2020-02-19 11:25:44.900,4064.0000,23878,0,4890189780.000,0,-,-,-,-,4063.2000,4063.0000,4062.8000,4062.6000,4062.2000,4064.0000,4064.2000,4065.8000,4066.0000,4066.2000,2,1,1,2,1,2,3,16,10,3
SF,IF2006,2020-02-19 11:25:45.400,4064.0000,23878,0,4890189780.000,0,-,-,-,-,4063.0000,4062.8000,4062.6000,4062.2000,4061.8000,4064.0000,4064.2000,4065.8000,4066.0000,4066.2000,1,1,2,1,1,2,3,16,10,3
SF,IF2006,2020-02-19 11:25:46.400,4064.0000,23878,0,4890189780.000,0,-,-,-,-,4063.2000,4063.0000,4062.8000,4062.6000,4062.2000,4064.0000,4064.2000,4065.8000,4066.0000,4066.2000,2,1,1,2,1,2,3,16,10,3
SF,IF2006,2020-02-19 11:25:48.900,4064.0000,23878,0,4890189780.000,0,-,-,-,-,4063.2000,4063.0000,4062.8000,4062.6000,4062.2000,4064.0000,4064.2000,4065.8000,4066.0000,4066.2000,2,1,1,2,1,2,3,16,10,3
SF,IF2006,2020-02-19 11:25:49.400,4064.0000,23878,0,4890189780.000,0,-,-,-,-,4063.2000,4063.0000,4062.8000,4062.6000,4062.2000,4064.2000,4065.8000,4066.0000,4066.2000,4066.6000,2,1,1,2,1,3,16,10,3,2
SF,IF2006,2020-02-19 11:25:50.400,4064.0000,23878,0,4890189780.000,0,-,-,-,-,4063.2000,4063.0000,4062.8000,4062.6000,4062.2000,4064.2000,4065.8000,4066.0000,4066.2000,4066.6000,2,1,1,2,1,3,16,10,3,2
SF,IF2006,2020-02-19 11:25:51.900,4064.0000,23878,0,4890189780.000,0,-,-,-,-,4063.2000,4063.0000,4062.8000,4062.6000,4062.2000,4064.2000,4065.8000,4066.0000,4066.2000,4066.6000,3,1,1,2,1,3,16,10,3,2
SF,IF2006,2020-02-19 11:25:52.400,4064.0000,23878,0,4890189780.000,0,-,-,-,-,4063.2000,4063.0000,4062.8000,4062.6000,4062.2000,4064.0000,4064.2000,4065.8000,4066.0000,4066.2000,3,1,1,2,1,2,3,16,10,3
SF,IF2006,2020-02-19 11:25:52.900,4064.0000,23878,0,4890189780.000,0,-,-,-,-,4063.2000,4062.8000,4062.6000,4062.2000,4061.8000,4064.0000,4064.2000,4065.8000,4066.0000,4066.2000,3,1,2,1,1,2,3,16,10,3
SF,IF2006,2020-02-19 11:25:54.400,4064.0000,23878,0,4890189780.000,0,-,-,-,-,4063.2000,4062.8000,4062.6000,4062.2000,4061.8000,4064.0000,4064.2000,4065.8000,4066.0000,4066.2000,3,1,2,1,1,2,4,16,10,3
SF,IF2006,2020-02-19 11:25:56.900,4064.0000,23878,0,4890189780.000,0,-,-,-,-,4063.2000,4062.8000,4062.6000,4062.2000,4061.8000,4064.0000,4064.2000,4065.8000,4066.0000,4066.2000,4,1,2,1,1,2,4,16,11,3
SF,IF2006,2020-02-19 11:25:58.900,4063.2000,23878,0,4892627700.000,2,1,1,多换,S,4063.2000,4062.8000,4062.6000,4062.2000,4061.8000,4064.0000,4064.2000,4065.8000,4066.0000,4066.2000,2,1,2,1,1,2,4,16,11,3
SF,IF2006,2020-02-19 11:26:00.400,4063.2000,23880,2,4895065620.000,2,2,0,双开,S,4062.6000,4062.2000,4061.8000,4061.6000,4061.0000,4064.0000,4064.2000,4065.8000,4066.0000,4066.2000,2,1,1,2,1,2,4,16,11,3
SF,IF2006,2020-02-19 11:26:00.900,4063.2000,23880,0,4895065620.000,0,-,-,-,-,4062.6000,4062.2000,4061.8000,4061.6000,4061.0000,4063.8000,4064.0000,4064.2000,4065.8000,4066.0000,2,1,1,2,1,1,2,4,16,11
SF,IF2006,2020-02-19 11:26:01.400,4063.2000,23880,0,4895065620.000,0,-,-,-,-,4062.6000,4062.2000,4061.8000,4061.6000,4061.0000,4063.2000,4063.6000,4063.8000,4064.2000,4065.8000,2,1,1,2,1,1,2,1,4,16
SF,IF2006,2020-02-19 11:26:01.900,4063.2000,23880,0,4895065620.000,0,-,-,-,-,4062.6000,4061.8000,4061.6000,4061.0000,4060.2000,4063.2000,4063.6000,4063.8000,4064.2000,4065.8000,2,1,2,1,1,1,2,1,4,16
SF,IF2006,2020-02-19 11:26:02.400,4062.6000,23880,0,4897503180.000,2,1,1,多换,S,4061.8000,4061.6000,4061.0000,4060.2000,4060.0000,4063.0000,4063.2000,4063.8000,4064.2000,4065.8000,1,2,1,1,2,2,1,1,4,16
SF,IF2006,2020-02-19 11:26:02.900,4062.6000,23880,0,4897503180.000,0,-,-,-,-,4061.6000,4061.0000,4060.2000,4060.0000,4058.8000,4063.0000,4063.2000,4063.8000,4064.2000,4065.8000,2,1,1,2,1,2,1,1,4,16
SF,IF2006,2020-02-19 11:26:03.400,4062.6000,23880,0,4897503180.000,0,-,-,-,-,4061.8000,4061.6000,4061.0000,4060.2000,4060.0000,4063.0000,4063.2000,4063.8000,4064.2000,4065.8000,2,2,1,1,2,2,1,1,4,16
SF,IF2006,2020-02-19 11:26:03.900,4062.6000,23880,0,4897503180.000,0,-,-,-,-,4061.6000,4061.0000,4060.2000,4060.0000,4058.8000,4063.0000,4063.2000,4064.2000,4065.8000,4066.0000,2,1,1,2,1,2,1,4,16,11
SF,IF2006,2020-02-19 11:26:04.400,4062.6000,23880,0,4897503180.000,0,-,-,-,-,4061.8000,4061.6000,4061.0000,4060.2000,4060.0000,4063.0000,4063.2000,4064.2000,4065.8000,4066.0000,7,2,1,1,2,3,1,4,16,11
SF,IF2006,2020-02-19 11:26:04.900,4062.6000,23880,0,4897503180.000,0,-,-,-,-,4061.8000,4061.6000,4061.0000,4060.2000,4060.0000,4063.0000,4063.2000,4064.2000,4065.8000,4066.0000,2,2,1,1,2,3,1,4,16,11
SF,IF2006,2020-02-19 11:26:05.400,4062.6000,23880,0,4897503180.000,0,-,-,-,-,4061.6000,4061.0000,4060.2000,4060.0000,4058.8000,4063.0000,4063.2000,4064.2000,4065.8000,4066.0000,2,1,1,2,1,3,1,4,16,11
SF,IF2006,2020-02-19 11:26:05.900,4061.8000,23880,0,4898721720.000,1,0,1,多换,S,4061.8000,4061.6000,4061.0000,4060.2000,4060.0000,4063.0000,4063.2000,4064.2000,4065.8000,4066.0000,1,2,1,1,2,3,1,4,15,11
SF,IF2006,2020-02-19 11:26:06.400,4061.8000,23880,0,4898721720.000,0,-,-,-,-,4061.6000,4061.0000,4060.2000,4060.0000,4058.8000,4062.8000,4063.0000,4063.2000,4064.2000,4065.8000,2,1,1,2,1,2,3,1,4,15
SF,IF2006,2020-02-19 11:26:06.900,4061.8000,23880,0,4898721720.000,0,-,-,-,-,4061.6000,4061.0000,4060.2000,4060.0000,4058.8000,4062.6000,4062.8000,4063.0000,4063.2000,4064.2000,2,1,1,2,1,2,3,1,1,4
SF,IF2006,2020-02-19 11:26:07.400,4061.8000,23880,0,4898721720.000,0,-,-,-,-,4062.2000,4061.8000,4061.6000,4061.0000,4060.2000,4062.6000,4062.8000,4063.0000,4063.2000,4064.2000,1,5,2,1,1,2,3,1,1,4
SF,IF2006,2020-02-19 11:26:07.900,4061.8000,23880,0,4906033080.000,6,3,3,多换,S,4061.6000,4061.0000,4060.2000,4060.0000,4058.8000,4061.8000,4062.4000,4062.8000,4063.0000,4063.2000,2,1,1,2,1,2,1,1,1,1
SF,IF2006,2020-02-19 11:26:08.400,4061.6000,23880,0,4908470040.000,2,1,1,多换,S,4061.0000,4060.2000,4058.8000,4057.0000,4056.0000,4061.4000,4061.6000,4062.4000,4062.8000,4063.0000,1,1,1,2,1,2,4,1,1,1
SF,IF2006,2020-02-19 11:26:08.900,4061.0000,23881,1,4909688340.000,1,1,0,双开,S,4060.2000,4058.8000,4057.0000,4056.0000,4055.2000,4061.4000,4061.6000,4062.4000,4062.8000,4063.0000,1,1,2,1,1,2,4,1,1,1
SF,IF2006,2020-02-19 11:26:09.400,4061.0000,23881,0,4909688340.000,0,-,-,-,-,4060.4000,4060.2000,4058.8000,4057.0000,4056.0000,4061.2000,4061.6000,4062.4000,4062.8000,4063.0000,2,1,1,2,1,2,4,1,1,1
SF,IF2006,2020-02-19 11:26:09.900,4061.2000,23880,-1,4910906700.000,1,0,1,双平,S,4060.4000,4060.2000,4058.8000,4057.0000,4056.0000,4061.2000,4061.6000,4062.4000,4062.8000,4063.0000,2,1,1,2,1,1,4,1,1,1
SF,IF2006,2020-02-19 11:26:10.400,4061.2000,23880,0,4910906700.000,0,-,-,-,-,4060.4000,4060.2000,4058.8000,4057.6000,4057.0000,4061.0000,4061.2000,4061.6000,4062.4000,4062.8000,2,1,1,1,2,1,1,4,1,1
SF,IF2006,2020-02-19 11:26:10.900,4061.2000,23880,0,4910906700.000,0,-,-,-,-,4060.2000,4058.8000,4057.6000,4057.0000,4056.0000,4061.0000,4061.2000,4061.6000,4061.8000,4062.4000,1,1,1,2,1,1,1,4,1,1
SF,IF2006,2020-02-19 11:26:11.400,4061.2000,23880,0,4910906700.000,0,-,-,-,-,4060.2000,4058.8000,4057.6000,4057.0000,4056.0000,4061.0000,4061.2000,4061.6000,4061.8000,4062.4000,1,1,1,2,1,1,1,4,1,1
SF,IF2006,2020-02-19 11:26:11.900,4061.2000,23880,0,4910906700.000,0,-,-,-,-,4060.2000,4058.8000,4057.6000,4057.0000,4056.0000,4060.8000,4061.0000,4061.6000,4061.8000,4062.4000,1,1,1,2,1,3,1,4,1,1
SF,IF2006,2020-02-19 11:26:12.400,4060.2000,23881,1,4912124760.000,1,1,0,双开,S,4058.8000,4057.6000,4057.0000,4056.0000,4055.2000,4060.8000,4061.0000,4061.6000,4061.8000,4062.4000,1,1,2,1,1,3,1,4,1,1
SF,IF2006,2020-02-19 11:26:12.900,4060.2000,23881,0,4912124760.000,0,-,-,-,-,4059.2000,4059.0000,4058.8000,4057.6000,4057.0000,4060.8000,4061.0000,4061.6000,4061.8000,4062.4000,1,6,2,1,2,3,1,4,1,1
SF,IF2006,2020-02-19 11:26:13.400,4060.2000,23881,0,4912124760.000,0,-,-,-,-,4059.4000,4059.2000,4059.0000,4058.8000,4057.6000,4060.8000,4061.0000,4061.6000,4061.8000,4062.4000,4,1,3,2,1,3,1,4,1,1
SF,IF2006,2020-02-19 11:26:14.400,4060.2000,23881,0,4912124760.000,0,-,-,-,-,4059.4000,4059.2000,4059.0000,4058.8000,4057.6000,4060.8000,4061.6000,4061.8000,4062.4000,4062.8000,4,1,2,2,1,3,4,1,1,1
SF,IF2006,2020-02-19 11:26:14.900,4060.2000,23881,0,4912124760.000,0,-,-,-,-,4059.4000,4059.0000,4058.8000,4057.6000,4057.0000,4060.8000,4061.6000,4061.8000,4062.4000,4062.8000,4,1,2,1,2,1,4,1,1,1
SF,IF2006,2020-02-19 11:26:15.400,4060.2000,23881,0,4912124760.000,0,-,-,-,-,4059.8000,4059.6000,4059.4000,4059.0000,4058.8000,4061.6000,4061.8000,4062.4000,4062.8000,4063.0000,1,3,4,1,2,4,1,1,1,1
SF,IF2006,2020-02-19 11:26:15.900,4060.2000,23881,0,4912124760.000,0,-,-,-,-,4060.0000,4059.8000,4059.6000,4059.4000,4059.0000,4061.4000,4061.6000,4061.8000,4062.4000,4062.8000,3,1,3,1,1,4,3,1,1,1
SF,IF2006,2020-02-19 11:26:16.400,4060.2000,23881,0,4912124760.000,0,-,-,-,-,4060.2000,4060.0000,4059.8000,4059.6000,4059.4000,4061.4000,4061.6000,4061.8000,4062.4000,4062.8000,1,2,1,2,1,4,3,1,1,1
SF,IF2006,2020-02-19 11:26:16.900,4060.2000,23881,0,4913342820.000,1,0,1,多换,S,4060.0000,4059.8000,4059.6000,4059.4000,4059.2000,4061.4000,4061.8000,4062.4000,4062.8000,4063.0000,3,1,2,1,1,4,1,1,1,1
SF,IF2006,2020-02-19 11:26:17.400,4060.2000,23881,0,4913342820.000,0,-,-,-,-,4060.0000,4059.8000,4059.6000,4059.4000,4059.2000,4061.0000,4061.2000,4061.4000,4061.8000,4062.4000,3,1,1,1,1,1,1,3,1,1
SF,IF2006,2020-02-19 11:26:17.900,4060.2000,23881,0,4913342820.000,0,-,-,-,-,4060.0000,4059.8000,4059.6000,4059.4000,4059.2000,4060.8000,4061.0000,4061.2000,4061.8000,4062.4000,1,1,1,1,1,2,1,1,1,1
SF,IF2006,2020-02-19 11:26:18.400,4060.2000,23881,0,4913342820.000,0,-,-,-,-,4060.0000,4059.8000,4059.6000,4059.4000,4059.0000,4060.8000,4061.0000,4061.2000,4061.8000,4062.4000,1,1,1,1,1,2,1,1,1,1
SF,IF2006,2020-02-19 11:26:18.900,4060.2000,23881,0,4913342820.000,0,-,-,-,-,4060.0000,4059.8000,4059.6000,4059.4000,4059.0000,4060.8000,4061.0000,4061.2000,4062.4000,4062.8000,1,2,1,1,1,2,1,1,1,1
SF,IF2006,2020-02-19 11:26:19.900,4060.0000,23881,0,4914560820.000,1,0,1,多换,S,4059.8000,4059.6000,4059.4000,4059.0000,4058.8000,4060.8000,4061.0000,4061.2000,4062.4000,4062.8000,1,1,1,1,2,2,1,1,1,1
SF,IF2006,2020-02-19 11:26:21.400,4060.0000,23881,0,4914560820.000,0,-,-,-,-,4060.0000,4059.8000,4059.6000,4059.4000,4059.0000,4060.8000,4061.0000,4061.2000,4062.4000,4062.8000,2,1,1,1,1,2,1,1,1,1
SF,IF2006,2020-02-19 11:26:21.900,4060.0000,23881,0,4914560820.000,0,-,-,-,-,4060.0000,4059.8000,4059.6000,4059.4000,4059.0000,4060.8000,4061.0000,4061.2000,4062.4000,4062.8000,2,1,1,1,1,2,1,1,1,1
SF,IF2006,2020-02-19 11:26:23.400,4060.0000,23881,0,4914560820.000,0,-,-,-,-,4059.8000,4059.6000,4059.4000,4059.0000,4058.8000,4060.8000,4061.0000,4061.2000,4062.4000,4062.8000,1,1,1,1,2,2,1,1,1,1
SF,IF2006,2020-02-19 11:26:23.900,4059.8000,23880,-1,4915778760.000,1,0,1,双平,S,4059.6000,4059.4000,4059.0000,4058.8000,4057.6000,4060.8000,4061.0000,4061.2000,4062.4000,4062.8000,1,1,1,2,1,2,1,1,1,1
SF,IF2006,2020-02-19 11:26:24.400,4059.8000,23880,0,4915778760.000,0,-,-,-,-,4060.2000,4059.8000,4059.6000,4059.4000,4059.0000,4060.8000,4061.0000,4061.2000,4062.4000,4062.8000,1,4,1,1,1,2,1,1,1,1
SF,IF2006,2020-02-19 11:26:24.900,4059.8000,23880,0,4915778760.000,0,-,-,-,-,4060.2000,4059.8000,4059.6000,4059.4000,4059.0000,4060.8000,4061.0000,4061.2000,4062.4000,4062.8000,1,4,1,1,1,2,1,1,1,1
SF,IF2006,2020-02-19 11:26:25.400,4059.8000,23880,0,4915778760.000,0,-,-,-,-,4060.2000,4059.8000,4059.6000,4059.4000,4059.0000,4060.8000,4061.0000,4061.2000,4062.4000,4062.8000,1,4,1,1,1,2,1,1,1,1
SF,IF2006,2020-02-19 11:26:26.400,4060.2000,23881,1,4916996820.000,1,1,0,双开,S,4059.8000,4059.6000,4059.4000,4059.0000,4058.8000,4060.8000,4061.0000,4061.2000,4062.4000,4062.8000,4,1,1,1,1,2,1,1,1,1
SF,IF2006,2020-02-19 11:26:26.900,4060.2000,23881,0,4916996820.000,0,-,-,-,-,4059.8000,4059.6000,4059.4000,4059.0000,4058.8000,4060.8000,4061.0000,4061.2000,4062.4000,4062.8000,4,2,1,1,1,2,1,1,1,1
SF,IF2006,2020-02-19 11:26:27.400,4060.2000,23881,0,4916996820.000,0,-,-,-,-,4059.8000,4059.6000,4059.4000,4059.0000,4058.8000,4060.8000,4061.0000,4062.4000,4062.8000,4064.2000,4,2,1,1,1,2,1,1,1,4
SF,IF2006,2020-02-19 11:26:27.900,4060.2000,23881,0,4916996820.000,0,-,-,-,-,4059.6000,4059.0000,4058.8000,4057.6000,4057.0000,4060.8000,4061.0000,4062.4000,4062.8000,4064.2000,2,1,1,1,2,2,1,1,1,4
SF,IF2006,2020-02-19 11:26:28.400,4060.2000,23881,0,4916996820.000,0,-,-,-,-,4059.8000,4059.6000,4059.0000,4058.8000,4057.6000,4060.6000,4060.8000,4062.4000,4062.8000,4064.2000,2,2,1,1,1,2,2,1,1,4
SF,IF2006,2020-02-19 11:26:28.900,4060.4000,23881,0,4918214940.000,1,0,1,多换,S,4059.6000,4059.0000,4058.8000,4057.6000,4057.0000,4060.4000,4060.6000,4062.4000,4062.8000,4064.2000,2,1,1,1,2,2,2,1,1,4
SF,IF2006,2020-02-19 11:26:29.400,4060.4000,23881,0,4918214940.000,0,-,-,-,-,4059.6000,4059.0000,4058.8000,4057.6000,4057.0000,4060.4000,4060.6000,4062.4000,4062.8000,4064.2000,2,1,1,1,2,2,2,1,1,4
SF,IF2006,2020-02-19 11:26:29.900,4060.4000,23881,0,4918214940.000,0,-,-,-,-,4059.6000,4058.8000,4057.6000,4057.0000,4056.0000,4060.4000,4060.6000,4062.4000,4062.8000,4064.2000,2,1,1,2,1,2,2,1,1,4
SF,IF2006,2020-02-19 11:26:32.400,4060.4000,23881,0,4918214940.000,0,-,-,-,-,4059.8000,4059.6000,4058.8000,4057.6000,4057.0000,4060.4000,4060.6000,4062.4000,4062.8000,4064.2000,1,2,1,1,2,2,1,1,1,4
SF,IF2006,2020-02-19 11:26:32.900,4060.4000,23881,0,4918214940.000,0,-,-,-,-,4060.2000,4060.0000,4059.8000,4059.6000,4058.8000,4062.4000,4062.8000,4064.2000,4064.8000,4065.8000,2,2,1,2,1,1,1,4,1,15
SF,IF2006,2020-02-19 11:26:33.400,4060.4000,23881,0,4918214940.000,0,-,-,-,-,4060.4000,4059.8000,4059.6000,4058.8000,4057.6000,4061.8000,4062.2000,4062.4000,4062.8000,4064.2000,2,1,2,1,1,2,5,1,1,4
SF,IF2006,2020-02-19 11:26:33.900,4060.4000,23881,0,4918214940.000,0,-,-,-,-,4060.4000,4059.8000,4059.6000,4058.8000,4057.6000,4061.4000,4061.6000,4061.8000,4062.2000,4062.4000,2,1,2,1,1,1,2,1,3,1
SF,IF2006,2020-02-19 11:26:34.400,4060.4000,23881,0,4918214940.000,0,-,-,-,-,4059.8000,4059.6000,4058.8000,4057.6000,4057.0000,4061.2000,4061.4000,4062.2000,4062.4000,4062.8000,1,2,1,1,2,2,1,3,1,1
SF,IF2006,2020-02-19 11:26:34.900,4060.4000,23881,0,4918214940.000,0,-,-,-,-,4060.0000,4059.8000,4059.6000,4058.8000,4057.6000,4061.2000,4061.4000,4062.2000,4062.4000,4062.8000,2,1,2,1,1,2,1,3,1,1
SF,IF2006,2020-02-19 11:26:35.400,4060.4000,23881,0,4918214940.000,0,-,-,-,-,4060.4000,4060.2000,4060.0000,4059.6000,4058.8000,4062.2000,4062.4000,4062.8000,4064.2000,4064.8000,1,3,2,2,1,3,1,1,3,1
SF,IF2006,2020-02-19 11:26:35.900,4060.4000,23881,0,4918214940.000,0,-,-,-,-,4060.6000,4060.4000,4060.2000,4059.6000,4058.8000,4062.0000,4062.2000,4062.4000,4062.8000,4064.2000,2,1,3,2,1,5,2,1,1,3
SF,IF2006,2020-02-19 11:26:36.900,4060.6000,23880,-1,4919433120.000,1,0,1,双平,S,4060.6000,4060.4000,4060.2000,4059.6000,4058.8000,4062.0000,4062.2000,4062.4000,4062.8000,4064.2000,1,1,3,2,1,5,2,1,1,3
SF,IF2006,2020-02-19 11:26:37.400,4060.6000,23880,0,4919433120.000,0,-,-,-,-,4060.4000,4060.2000,4059.6000,4058.8000,4057.8000,4060.6000,4062.0000,4062.2000,4062.4000,4062.8000,1,3,2,1,4,1,5,2,1,1
SF,IF2006,2020-02-19 11:26:37.900,4060.6000,23883,3,4923087660.000,3,3,0,双开,S,4059.6000,4058.8000,4057.8000,4057.6000,4057.0000,4062.0000,4062.2000,4062.4000,4062.8000,4064.2000,2,1,4,1,2,3,2,1,1,3
SF,IF2006,2020-02-19 11:26:38.400,4060.6000,23883,0,4923087660.000,0,-,-,-,-,4060.2000,4060.0000,4059.8000,4059.6000,4058.8000,4061.6000,4061.8000,4062.0000,4062.2000,4062.8000,2,1,2,2,1,2,1,3,2,1
SF,IF2006,2020-02-19 11:26:38.900,4060.6000,23883,0,4923087660.000,0,-,-,-,-,4060.0000,4059.8000,4059.6000,4058.8000,4057.8000,4061.4000,4061.6000,4061.8000,4062.0000,4062.2000,1,2,2,1,4,2,2,1,1,2
SF,IF2006,2020-02-19 11:26:39.400,4060.6000,23883,0,4923087660.000,0,-,-,-,-,4060.0000,4059.8000,4059.6000,4058.8000,4057.8000,4061.4000,4061.6000,4061.8000,4062.0000,4062.2000,1,2,2,1,4,2,2,2,1,2
SF,IF2006,2020-02-19 11:26:40.400,4060.6000,23883,0,4923087660.000,0,-,-,-,-,4060.0000,4059.8000,4059.6000,4058.8000,4057.8000,4061.2000,4061.4000,4061.6000,4061.8000,4062.0000,1,2,2,1,4,1,2,1,2,1
SF,IF2006,2020-02-19 11:26:40.900,4060.6000,23883,0,4923087660.000,0,-,-,-,-,4060.0000,4059.8000,4059.6000,4058.8000,4057.8000,4061.0000,4061.2000,4061.6000,4061.8000,4062.0000,1,2,2,1,4,2,1,1,2,1
SF,IF2006,2020-02-19 11:26:42.400,4060.6000,23883,0,4923087660.000,0,-,-,-,-,4060.0000,4059.8000,4059.6000,4058.8000,4057.8000,4061.0000,4061.2000,4061.8000,4062.0000,4062.2000,1,2,2,1,4,2,1,2,1,2
SF,IF2006,2020-02-19 11:26:44.900,4061.0000,23883,0,4924305960.000,1,0,1,多换,S,4060.0000,4059.8000,4059.6000,4058.8000,4057.8000,4061.0000,4061.2000,4061.8000,4062.0000,4062.2000,1,2,2,1,4,1,1,2,1,2
SF,IF2006,2020-02-19 11:26:45.400,4061.0000,23883,0,4924305960.000,0,-,-,-,-,4060.2000,4060.0000,4059.6000,4058.8000,4057.8000,4061.2000,4061.8000,4062.0000,4062.2000,4062.8000,2,1,2,1,4,1,2,1,2,1
SF,IF2006,2020-02-19 11:26:46.400,4061.0000,23883,0,4924305960.000,0,-,-,-,-,4060.2000,4060.0000,4059.6000,4058.8000,4057.8000,4061.2000,4061.8000,4062.0000,4062.2000,4062.8000,2,1,2,1,4,1,2,1,2,1
SF,IF2006,2020-02-19 11:26:47.400,4060.2000,23881,-2,4926742080.000,2,0,2,双平,S,4060.0000,4059.6000,4058.8000,4057.8000,4057.6000,4061.2000,4061.8000,4062.0000,4062.2000,4062.8000,1,2,1,4,1,1,2,1,2,1
SF,IF2006,2020-02-19 11:26:47.900,4060.2000,23881,0,4926742080.000,0,-,-,-,-,4060.0000,4059.6000,4058.8000,4057.8000,4057.6000,4061.0000,4061.2000,4061.8000,4062.0000,4062.2000,1,2,1,4,1,3,1,2,1,2
SF,IF2006,2020-02-19 11:26:48.400,4060.2000,23881,0,4926742080.000,0,-,-,-,-,4060.0000,4059.6000,4058.8000,4057.8000,4057.6000,4060.8000,4061.0000,4061.8000,4062.0000,4062.2000,1,2,1,4,1,1,4,2,1,2
SF,IF2006,2020-02-19 11:26:48.900,4060.2000,23881,0,4926742080.000,0,-,-,-,-,4060.0000,4059.6000,4058.8000,4057.8000,4057.6000,4060.6000,4060.8000,4061.0000,4061.8000,4062.0000,1,2,1,4,1,2,1,2,2,1
SF,IF2006,2020-02-19 11:26:49.900,4060.6000,23881,0,4929178440.000,2,1,1,多换,S,4060.0000,4059.6000,4058.8000,4057.8000,4057.6000,4061.0000,4061.8000,4062.8000,4064.2000,4064.4000,1,2,1,4,1,2,2,1,2,2
SF,IF2006,2020-02-19 11:26:50.400,4060.6000,23881,0,4929178440.000,0,-,-,-,-,4060.0000,4059.6000,4058.8000,4057.8000,4057.6000,4061.0000,4061.8000,4062.8000,4064.2000,4064.4000,1,2,1,4,1,1,1,1,2,2
SF,IF2006,2020-02-19 11:26:50.900,4060.6000,23881,0,4929178440.000,0,-,-,-,-,4060.2000,4060.0000,4059.6000,4058.8000,4057.8000,4061.0000,4061.8000,4062.8000,4064.2000,4064.4000,4,1,2,1,4,1,1,1,2,2
SF,IF2006,2020-02-19 11:26:51.400,4060.6000,23881,0,4929178440.000,0,-,-,-,-,4060.2000,4060.0000,4059.6000,4058.8000,4057.8000,4061.0000,4061.8000,4062.8000,4064.2000,4064.4000,2,1,2,1,4,1,1,1,2,2
SF,IF2006,2020-02-19 11:26:53.400,4060.6000,23881,0,4929178440.000,0,-,-,-,-,4060.2000,4060.0000,4059.6000,4058.8000,4057.8000,4061.0000,4061.8000,4062.8000,4064.2000,4064.4000,2,1,2,1,4,1,1,1,2,2
SF,IF2006,2020-02-19 11:26:54.900,4060.2000,23881,0,4930396500.000,1,0,1,多换,S,4060.2000,4060.0000,4059.6000,4058.8000,4057.8000,4061.0000,4061.8000,4062.8000,4064.2000,4064.4000,1,1,2,1,4,1,1,1,2,2
SF,IF2006,2020-02-19 11:26:55.400,4060.2000,23881,0,4930396500.000,0,-,-,-,-,4060.8000,4060.2000,4060.0000,4059.6000,4058.8000,4061.0000,4061.8000,4062.8000,4064.2000,4064.4000,2,1,1,2,1,1,1,1,2,2
SF,IF2006,2020-02-19 11:26:55.900,4060.2000,23881,0,4930396500.000,0,-,-,-,-,4060.8000,4060.2000,4059.6000,4058.8000,4057.8000,4061.0000,4061.8000,4062.8000,4064.2000,4064.4000,2,1,2,1,4,1,1,1,2,2
SF,IF2006,2020-02-19 11:26:56.400,4060.2000,23883,2,4932832620.000,2,2,0,双开,S,4060.2000,4059.6000,4058.8000,4057.8000,4057.0000,4061.0000,4061.8000,4062.8000,4064.2000,4064.4000,1,2,1,4,2,1,1,1,2,2
SF,IF2006,2020-02-19 11:26:56.900,4060.2000,23883,0,4932832620.000,0,-,-,-,-,4060.2000,4059.6000,4058.8000,4057.8000,4057.0000,4061.0000,4061.8000,4062.8000,4064.2000,4064.4000,1,1,1,4,2,1,1,1,2,2
SF,IF2006,2020-02-19 11:26:57.400,4061.0000,23883,0,4934050920.000,1,0,1,多换,S,4061.0000,4060.2000,4059.6000,4058.8000,4057.8000,4061.8000,4062.8000,4064.2000,4064.4000,4064.8000,7,1,1,1,4,1,1,2,2,1
SF,IF2006,2020-02-19 11:26:57.900,4061.0000,23883,0,4934050920.000,0,-,-,-,-,4061.0000,4060.2000,4059.6000,4058.8000,4057.8000,4061.6000,4062.8000,4064.2000,4064.4000,4064.8000,7,1,1,1,4,3,1,2,2,1
SF,IF2006,2020-02-19 11:26:59.400,4061.0000,23882,-1,4938924120.000,4,1,3,空平,B,4061.0000,4060.2000,4059.6000,4058.8000,4057.8000,4061.6000,4062.8000,4063.0000,4064.2000,4064.4000,3,1,1,1,4,2,1,1,2,2
SF,IF2006,2020-02-19 11:27:01.400,4061.0000,23882,0,4938924120.000,0,-,-,-,-,4061.0000,4060.2000,4059.6000,4058.8000,4057.8000,4061.6000,4062.8000,4063.0000,4064.2000,4064.4000,3,1,1,1,4,2,1,1,2,2
SF,IF2006,2020-02-19 11:27:02.400,4061.0000,23882,0,4938924120.000,0,-,-,-,-,4061.0000,4060.2000,4059.6000,4058.8000,4057.8000,4061.6000,4063.0000,4064.2000,4064.4000,4064.8000,3,1,1,1,4,2,1,2,2,1
SF,IF2006,2020-02-19 11:27:05.400,4061.0000,23882,0,4938924120.000,0,-,-,-,-,4061.2000,4061.0000,4060.2000,4059.6000,4058.8000,4061.6000,4063.0000,4064.2000,4064.4000,4064.8000,1,3,1,1,1,2,1,2,2,1
SF,IF2006,2020-02-19 11:27:06.400,4061.0000,23882,0,4938924120.000,0,-,-,-,-,4061.2000,4061.0000,4060.8000,4060.2000,4059.6000,4061.6000,4063.0000,4064.2000,4064.4000,4064.8000,1,3,1,1,1,2,1,2,2,1
SF,IF2006,2020-02-19 11:27:08.900,4061.0000,23882,0,4941360780.000,2,1,1,空换,B,4061.0000,4060.8000,4060.2000,4059.6000,4058.8000,4061.6000,4063.0000,4064.2000,4064.4000,4064.8000,2,1,1,1,1,2,1,2,2,1
SF,IF2006,2020-02-19 11:27:10.400,4061.0000,23882,0,4943797380.000,2,1,1,空换,B,4060.8000,4060.2000,4059.6000,4058.8000,4057.8000,4061.6000,4063.0000,4064.2000,4064.4000,4064.8000,1,1,1,1,4,2,1,2,2,1
SF,IF2006,2020-02-19 11:27:10.900,4060.8000,23882,0,4945015620.000,1,0,1,空换,B,4060.2000,4059.6000,4058.8000,4057.8000,4057.0000,4061.6000,4063.0000,4064.2000,4064.4000,4064.8000,1,1,1,4,2,2,1,2,2,1
SF,IF2006,2020-02-19 11:27:11.400,4060.8000,23882,0,4945015620.000,0,-,-,-,-,4059.6000,4058.8000,4057.8000,4057.0000,4056.0000,4061.6000,4063.0000,4064.2000,4064.4000,4064.8000,1,1,4,2,1,3,1,2,2,1
SF,IF2006,2020-02-19 11:27:11.900,4060.8000,23882,0,4945015620.000,0,-,-,-,-,4060.0000,4059.8000,4059.6000,4058.8000,4057.8000,4061.6000,4063.0000,4064.2000,4064.4000,4064.8000,1,2,1,1,4,3,1,2,2,1
SF,IF2006,2020-02-19 11:27:12.400,4060.8000,23882,0,4945015620.000,0,-,-,-,-,4060.2000,4060.0000,4059.6000,4058.8000,4057.8000,4061.6000,4063.0000,4064.2000,4064.4000,4064.8000,2,1,1,1,4,3,1,2,2,1
SF,IF2006,2020-02-19 11:27:13.400,4061.4000,23883,1,4946234040.000,1,1,0,双开,B,4060.2000,4060.0000,4059.6000,4058.8000,4057.8000,4061.4000,4061.6000,4063.0000,4064.2000,4064.4000,2,1,1,1,4,1,3,1,2,2
SF,IF2006,2020-02-19 11:27:13.900,4061.4000,23883,0,4946234040.000,0,-,-,-,-,4060.2000,4060.0000,4059.6000,4058.8000,4057.8000,4061.4000,4061.6000,4063.0000,4064.2000,4064.4000,2,1,1,1,4,1,3,1,2,2
SF,IF2006,2020-02-19 11:27:14.400,4061.4000,23883,0,4946234040.000,0,-,-,-,-,4060.0000,4059.6000,4058.8000,4057.8000,4057.0000,4061.2000,4061.4000,4061.6000,4063.0000,4064.2000,1,1,1,4,2,3,1,1,1,2
SF,IF2006,2020-02-19 11:27:15.400,4061.4000,23883,0,4946234040.000,0,-,-,-,-,4060.0000,4059.6000,4058.8000,4057.8000,4057.0000,4061.0000,4061.2000,4061.6000,4063.0000,4064.2000,1,2,1,4,2,1,3,1,1,2
SF,IF2006,2020-02-19 11:27:15.900,4061.4000,23883,0,4946234040.000,0,-,-,-,-,4060.0000,4059.6000,4058.8000,4057.8000,4057.0000,4061.0000,4061.2000,4061.6000,4063.0000,4064.2000,1,2,1,4,2,2,3,1,1,2
SF,IF2006,2020-02-19 11:27:16.400,4061.4000,23883,0,4946234040.000,0,-,-,-,-,4060.0000,4059.6000,4058.8000,4057.8000,4057.0000,4060.8000,4061.0000,4061.2000,4061.6000,4063.0000,1,2,1,4,2,2,2,1,1,1
SF,IF2006,2020-02-19 11:27:16.900,4061.4000,23883,0,4946234040.000,0,-,-,-,-,4060.0000,4059.6000,4058.8000,4057.8000,4057.0000,4060.8000,4061.0000,4061.2000,4061.6000,4063.0000,1,2,1,4,2,2,1,1,1,1
SF,IF2006,2020-02-19 11:27:17.400,4061.4000,23883,0,4946234040.000,0,-,-,-,-,4060.0000,4059.6000,4058.8000,4057.8000,4057.0000,4060.8000,4061.0000,4061.2000,4061.6000,4063.0000,1,2,1,4,2,2,1,1,1,1
SF,IF2006,2020-02-19 11:27:17.900,4061.4000,23883,0,4946234040.000,0,-,-,-,-,4060.0000,4059.6000,4058.8000,4057.8000,4057.0000,4060.8000,4061.0000,4061.2000,4061.6000,4063.0000,2,2,1,4,2,2,1,1,1,1
SF,IF2006,2020-02-19 11:27:18.400,4061.4000,23883,0,4946234040.000,0,-,-,-,-,4060.0000,4059.6000,4058.8000,4057.8000,4057.0000,4060.8000,4061.0000,4061.6000,4063.0000,4064.2000,2,2,1,4,2,2,1,1,1,2
SF,IF2006,2020-02-19 11:27:18.900,4061.4000,23883,0,4946234040.000,0,-,-,-,-,4060.0000,4059.6000,4058.8000,4057.8000,4057.0000,4060.6000,4060.8000,4061.0000,4061.6000,4063.0000,2,2,1,4,2,1,2,1,1,1
SF,IF2006,2020-02-19 11:27:21.400,4061.4000,23883,0,4946234040.000,0,-,-,-,-,4060.0000,4059.6000,4058.8000,4057.8000,4057.0000,4060.6000,4060.8000,4061.0000,4061.6000,4063.0000,2,2,1,4,2,1,2,1,1,1
SF,IF2006,2020-02-19 11:27:23.400,4061.4000,23883,0,4946234040.000,0,-,-,-,-,4060.0000,4059.6000,4058.8000,4057.8000,4057.0000,4060.6000,4060.8000,4061.0000,4061.6000,4063.0000,2,1,1,4,2,1,2,1,1,1
SF,IF2006,2020-02-19 11:27:27.900,4060.6000,23884,1,4947452220.000,1,1,0,双开,B,4060.0000,4059.6000,4058.8000,4057.8000,4057.0000,4060.8000,4061.0000,4061.6000,4063.0000,4063.8000,2,1,1,4,2,2,1,1,1,1
SF,IF2006,2020-02-19 11:27:30.900,4060.0000,23883,-1,4948670220.000,1,0,1,双平,B,4060.0000,4059.6000,4058.8000,4057.8000,4057.0000,4060.8000,4061.0000,4061.6000,4063.0000,4063.8000,1,1,1,4,2,2,1,1,1,1
SF,IF2006,2020-02-19 11:27:32.400,4060.0000,23883,0,4948670220.000,0,-,-,-,-,4060.0000,4059.6000,4058.8000,4057.8000,4057.0000,4060.8000,4061.0000,4063.8000,4064.2000,4064.4000,1,1,1,4,2,2,1,1,2,2
SF,IF2006,2020-02-19 11:27:32.900,4060.0000,23883,0,4948670220.000,0,-,-,-,-,4060.2000,4060.0000,4059.6000,4058.8000,4057.8000,4061.0000,4063.8000,4064.2000,4064.4000,4065.8000,2,2,1,1,4,1,1,2,2,15
SF,IF2006,2020-02-19 11:27:33.400,4060.0000,23882,-1,4949888220.000,1,0,1,双平,B,4060.2000,4060.0000,4059.6000,4058.8000,4057.8000,4063.8000,4064.2000,4064.4000,4065.8000,4066.0000,1,2,1,1,4,1,2,2,15,11
SF,IF2006,2020-02-19 11:27:33.900,4060.0000,23882,0,4949888220.000,0,-,-,-,-,4060.4000,4060.2000,4060.0000,4059.6000,4058.8000,4062.2000,4062.4000,4063.4000,4063.6000,4063.8000,1,1,2,1,1,1,2,1,6,2
SF,IF2006,2020-02-19 11:27:34.400,4060.0000,23882,0,4949888220.000,0,-,-,-,-,4060.6000,4060.4000,4060.0000,4058.8000,4057.8000,4062.0000,4062.2000,4062.4000,4063.4000,4063.6000,2,1,2,1,4,3,1,1,1,4
SF,IF2006,2020-02-19 11:27:34.900,4060.0000,23882,0,4949888220.000,0,-,-,-,-,4060.4000,4060.0000,4058.8000,4057.8000,4057.0000,4061.8000,4062.0000,4062.4000,4063.4000,4063.6000,1,2,1,4,2,2,3,1,1,2
SF,IF2006,2020-02-19 11:27:35.900,4060.0000,23882,0,4949888220.000,0,-,-,-,-,4060.4000,4060.0000,4058.8000,4057.8000,4057.0000,4061.8000,4062.0000,4062.4000,4063.4000,4063.6000,1,2,1,4,2,2,3,1,1,2
SF,IF2006,2020-02-19 11:27:37.400,4060.0000,23882,0,4949888220.000,0,-,-,-,-,4060.4000,4060.0000,4058.8000,4057.8000,4057.0000,4061.8000,4062.0000,4062.4000,4063.6000,4063.8000,1,2,1,4,2,2,3,1,2,2
SF,IF2006,2020-02-19 11:27:37.900,4060.0000,23882,0,4949888220.000,0,-,-,-,-,4060.4000,4060.0000,4058.8000,4057.8000,4057.0000,4061.6000,4061.8000,4062.0000,4062.4000,4063.6000,1,2,1,4,2,2,2,1,1,2
SF,IF2006,2020-02-19 11:27:39.900,4060.0000,23882,0,4949888220.000,0,-,-,-,-,4060.4000,4060.0000,4058.8000,4057.8000,4057.0000,4061.6000,4061.8000,4062.4000,4063.6000,4063.8000,1,2,1,4,2,2,2,1,2,2
SF,IF2006,2020-02-19 11:27:42.900,4060.0000,23882,0,4949888220.000,0,-,-,-,-,4060.4000,4060.0000,4058.8000,4057.8000,4057.0000,4061.6000,4061.8000,4062.4000,4063.6000,4063.8000,1,1,1,4,2,2,2,1,2,2
SF,IF2006,2020-02-19 11:27:43.400,4060.0000,23882,0,4949888220.000,0,-,-,-,-,4060.0000,4058.8000,4057.8000,4057.0000,4056.0000,4061.6000,4061.8000,4062.4000,4063.6000,4063.8000,1,1,4,2,1,2,2,1,2,2
SF,IF2006,2020-02-19 11:27:43.900,4060.0000,23882,0,4949888220.000,0,-,-,-,-,4060.2000,4060.0000,4058.8000,4057.8000,4057.0000,4061.6000,4061.8000,4062.4000,4063.6000,4063.8000,3,1,1,4,2,2,2,1,2,2
SF,IF2006,2020-02-19 11:27:44.400,4060.0000,23882,0,4949888220.000,0,-,-,-,-,4060.2000,4060.0000,4058.8000,4057.8000,4057.0000,4061.6000,4061.8000,4062.4000,4063.6000,4063.8000,4,1,1,4,2,2,2,1,2,2
SF,IF2006,2020-02-19 11:27:45.400,4060.0000,23882,0,4949888220.000,0,-,-,-,-,4060.4000,4060.2000,4060.0000,4058.8000,4057.8000,4061.6000,4061.8000,4062.4000,4063.6000,4063.8000,1,3,1,1,4,2,2,1,2,2
SF,IF2006,2020-02-19 11:27:45.900,4060.0000,23882,0,4949888220.000,0,-,-,-,-,4060.4000,4060.2000,4060.0000,4058.8000,4057.8000,4061.6000,4061.8000,4062.4000,4063.6000,4063.8000,1,3,1,1,4,2,1,1,2,2
SF,IF2006,2020-02-19 11:27:46.400,4060.0000,23882,0,4949888220.000,0,-,-,-,-,4060.2000,4060.0000,4058.8000,4057.8000,4057.0000,4061.6000,4061.8000,4062.4000,4063.6000,4063.8000,3,1,1,4,2,2,1,1,2,2
SF,IF2006,2020-02-19 11:27:48.400,4060.0000,23882,0,4949888220.000,0,-,-,-,-,4060.2000,4060.0000,4058.8000,4057.8000,4057.0000,4061.6000,4061.8000,4062.4000,4063.0000,4063.6000,3,1,1,4,2,2,1,1,6,2
SF,IF2006,2020-02-19 11:27:51.400,4060.0000,23882,0,4949888220.000,0,-,-,-,-,4060.4000,4060.2000,4060.0000,4058.8000,4057.8000,4061.6000,4061.8000,4062.4000,4063.0000,4063.6000,1,3,1,1,4,2,1,1,6,2
SF,IF2006,2020-02-19 11:27:52.900,4060.0000,23882,0,4949888220.000,0,-,-,-,-,4060.6000,4060.4000,4060.2000,4060.0000,4058.8000,4061.6000,4061.8000,4062.4000,4063.0000,4063.6000,1,1,2,1,1,2,1,1,6,2
SF,IF2006,2020-02-19 11:27:53.400,4060.0000,23882,0,4949888220.000,0,-,-,-,-,4060.6000,4060.4000,4060.2000,4060.0000,4058.8000,4061.6000,4062.4000,4063.0000,4063.6000,4063.8000,1,1,2,1,1,2,1,6,2,2
SF,IF2006,2020-02-19 11:27:53.900,4060.0000,23882,0,4949888220.000,0,-,-,-,-,4060.8000,4060.6000,4060.2000,4060.0000,4058.8000,4061.6000,4062.4000,4063.0000,4063.6000,4063.8000,1,1,2,1,1,2,1,6,2,2
SF,IF2006,2020-02-19 11:27:55.400,4060.0000,23882,0,4949888220.000,0,-,-,-,-,4060.6000,4060.2000,4060.0000,4058.8000,4057.8000,4061.6000,4062.4000,4063.0000,4063.6000,4063.8000,1,2,1,1,4,2,1,6,2,2
SF,IF2006,2020-02-19 11:27:55.900,4060.0000,23882,0,4949888220.000,0,-,-,-,-,4060.6000,4060.2000,4060.0000,4058.8000,4057.8000,4061.6000,4062.4000,4063.0000,4063.6000,4063.8000,1,2,1,1,4,2,1,6,2,2
SF,IF2006,2020-02-19 11:27:56.400,4060.0000,23882,0,4949888220.000,0,-,-,-,-,4060.0000,4058.8000,4057.8000,4057.0000,4056.0000,4060.6000,4061.4000,4061.6000,4062.4000,4063.0000,1,1,4,2,1,1,1,2,1,6
SF,IF2006,2020-02-19 11:27:56.900,4060.0000,23882,0,4949888220.000,0,-,-,-,-,4060.0000,4058.8000,4057.8000,4057.0000,4056.0000,4060.6000,4061.6000,4062.4000,4063.0000,4063.6000,1,1,4,2,1,1,2,1,6,2
SF,IF2006,2020-02-19 11:28:10.900,4060.0000,23882,0,4949888220.000,0,-,-,-,-,4060.0000,4058.8000,4057.8000,4057.0000,4056.0000,4061.6000,4062.4000,4063.0000,4063.6000,4063.8000,1,1,4,2,1,2,1,6,2,2
SF,IF2006,2020-02-19 11:28:11.400,4060.0000,23882,0,4949888220.000,0,-,-,-,-,4060.0000,4058.8000,4057.8000,4057.0000,4056.0000,4061.0000,4061.4000,4061.6000,4063.0000,4063.6000,1,1,4,2,1,2,1,2,6,2
SF,IF2006,2020-02-19 11:28:11.900,4060.0000,23882,0,4949888220.000,0,-,-,-,-,4060.0000,4058.8000,4057.8000,4057.0000,4056.0000,4060.8000,4061.0000,4061.4000,4063.0000,4063.6000,1,1,4,2,1,2,2,1,6,2
SF,IF2006,2020-02-19 11:28:12.400,4060.0000,23882,0,4949888220.000,0,-,-,-,-,4060.0000,4058.8000,4057.8000,4057.0000,4056.0000,4060.6000,4060.8000,4061.0000,4061.4000,4063.0000,1,1,4,2,1,1,2,1,1,6
SF,IF2006,2020-02-19 11:28:12.900,4060.0000,23882,0,4949888220.000,0,-,-,-,-,4060.0000,4058.8000,4057.8000,4057.0000,4056.0000,4060.4000,4060.6000,4061.0000,4061.4000,4063.0000,1,1,4,2,1,2,1,1,1,6
SF,IF2006,2020-02-19 11:28:14.900,4060.0000,23882,0,4951106220.000,1,0,1,空换,B,4058.8000,4057.8000,4057.0000,4056.0000,4055.6000,4060.4000,4060.6000,4061.4000,4063.0000,4063.6000,1,4,2,1,2,2,1,1,6,2
SF,IF2006,2020-02-19 11:28:15.400,4060.0000,23882,0,4951106220.000,0,-,-,-,-,4059.0000,4058.8000,4057.8000,4057.0000,4056.0000,4060.4000,4060.6000,4061.4000,4063.0000,4063.6000,3,1,4,2,1,2,1,1,6,2
SF,IF2006,2020-02-19 11:28:15.900,4060.0000,23882,0,4951106220.000,0,-,-,-,-,4059.6000,4059.0000,4058.8000,4057.8000,4057.0000,4060.4000,4060.6000,4061.4000,4063.0000,4063.6000,1,1,1,4,2,2,1,1,6,2
SF,IF2006,2020-02-19 11:28:17.400,4060.0000,23882,0,4951106220.000,0,-,-,-,-,4059.6000,4058.8000,4057.8000,4057.0000,4056.0000,4060.4000,4060.6000,4061.4000,4063.0000,4063.6000,1,1,4,2,1,2,1,1,6,2
SF,IF2006,2020-02-19 11:28:18.900,4060.0000,23882,0,4951106220.000,0,-,-,-,-,4059.6000,4058.8000,4057.8000,4057.0000,4056.0000,4060.2000,4060.4000,4060.6000,4061.4000,4063.0000,1,2,4,2,1,1,2,1,1,6
SF,IF2006,2020-02-19 11:28:20.900,4060.0000,23882,0,4951106220.000,0,-,-,-,-,4058.8000,4057.8000,4057.0000,4056.0000,4055.6000,4060.2000,4060.4000,4060.6000,4061.4000,4063.0000,2,4,2,1,2,1,2,1,1,6
SF,IF2006,2020-02-19 11:28:21.400,4060.0000,23882,0,4951106220.000,0,-,-,-,-,4059.0000,4058.8000,4057.8000,4057.0000,4056.0000,4060.0000,4060.2000,4060.6000,4061.4000,4063.0000,1,2,4,2,1,2,1,1,1,6
SF,IF2006,2020-02-19 11:28:22.400,4060.0000,23882,0,4951106220.000,0,-,-,-,-,4059.0000,4058.8000,4057.8000,4057.0000,4056.0000,4060.0000,4060.2000,4061.4000,4063.0000,4063.6000,1,2,4,2,1,2,1,1,6,2
SF,IF2006,2020-02-19 11:28:22.900,4060.0000,23882,0,4951106220.000,0,-,-,-,-,4059.0000,4058.8000,4057.8000,4057.0000,4056.0000,4060.0000,4060.2000,4061.4000,4063.0000,4063.6000,1,1,4,2,1,2,1,1,6,2
SF,IF2006,2020-02-19 11:28:24.400,4060.0000,23882,0,4951106220.000,0,-,-,-,-,4059.0000,4058.8000,4057.8000,4057.0000,4056.0000,4060.0000,4060.2000,4061.4000,4062.8000,4063.0000,1,1,4,2,1,2,1,1,1,6
SF,IF2006,2020-02-19 11:28:24.900,4060.0000,23882,0,4951106220.000,0,-,-,-,-,4059.2000,4059.0000,4058.8000,4057.8000,4057.0000,4060.0000,4060.2000,4061.4000,4062.8000,4063.0000,1,1,1,4,2,2,1,1,1,6
SF,IF2006,2020-02-19 11:28:25.400,4060.0000,23882,0,4951106220.000,0,-,-,-,-,4059.2000,4059.0000,4058.8000,4057.8000,4057.0000,4060.0000,4060.2000,4061.4000,4062.8000,4063.0000,1,1,1,4,2,3,1,1,1,6
SF,IF2006,2020-02-19 11:28:25.900,4060.0000,23882,0,4951106220.000,0,-,-,-,-,4059.0000,4058.8000,4057.8000,4057.0000,4056.0000,4060.0000,4060.2000,4061.4000,4062.8000,4063.0000,1,1,4,2,1,3,1,1,1,6
SF,IF2006,2020-02-19 11:28:26.400,4060.0000,23882,0,4951106220.000,0,-,-,-,-,4059.0000,4058.8000,4057.8000,4057.0000,4056.0000,4059.2000,4060.0000,4061.4000,4062.8000,4063.0000,1,1,4,2,1,1,3,1,1,6
SF,IF2006,2020-02-19 11:28:26.900,4059.2000,23882,0,4952323980.000,1,0,1,空换,B,4059.2000,4058.8000,4057.8000,4057.0000,4056.0000,4060.0000,4061.4000,4062.8000,4063.0000,4063.6000,1,1,4,2,1,3,1,1,6,2
SF,IF2006,2020-02-19 11:28:27.400,4059.2000,23882,0,4952323980.000,0,-,-,-,-,4059.2000,4058.8000,4057.8000,4057.0000,4056.0000,4059.8000,4060.0000,4061.4000,4062.8000,4063.0000,1,1,4,2,1,2,3,1,1,6
SF,IF2006,2020-02-19 11:28:28.400,4059.2000,23882,0,4952323980.000,0,-,-,-,-,4059.2000,4058.8000,4057.8000,4057.0000,4056.0000,4059.8000,4060.0000,4061.4000,4062.8000,4063.0000,1,2,4,2,1,2,3,1,1,6
SF,IF2006,2020-02-19 11:28:30.400,4059.2000,23882,0,4952323980.000,0,-,-,-,-,4059.2000,4058.8000,4058.2000,4057.8000,4057.0000,4059.8000,4060.0000,4061.4000,4062.8000,4063.0000,1,2,1,4,2,2,3,1,1,6
SF,IF2006,2020-02-19 11:28:33.900,4059.8000,23882,0,4953541920.000,1,0,1,空换,B,4059.2000,4058.8000,4058.2000,4057.8000,4057.0000,4059.8000,4060.0000,4061.4000,4062.8000,4063.0000,2,2,1,4,2,1,3,1,1,6
SF,IF2006,2020-02-19 11:28:34.400,4059.8000,23882,0,4953541920.000,0,-,-,-,-,4059.4000,4059.2000,4058.8000,4058.2000,4057.8000,4059.8000,4060.0000,4062.8000,4063.0000,4063.6000,2,2,2,1,4,1,1,1,6,2
SF,IF2006,2020-02-19 11:28:34.900,4060.0000,23882,0,4955977860.000,2,1,1,空换,B,4060.2000,4060.0000,4059.8000,4059.6000,4059.2000,4062.8000,4063.0000,4063.6000,4063.8000,4064.2000,5,1,2,1,1,1,6,2,2,2
SF,IF2006,2020-02-19 11:28:35.400,4060.0000,23882,0,4955977860.000,0,-,-,-,-,4060.4000,4060.2000,4060.0000,4059.8000,4059.6000,4061.6000,4061.8000,4062.2000,4062.6000,4062.8000,2,1,1,1,1,1,1,1,6,1
SF,IF2006,2020-02-19 11:28:35.900,4060.0000,23882,0,4955977860.000,0,-,-,-,-,4059.8000,4059.6000,4059.4000,4059.2000,4058.8000,4061.0000,4061.4000,4062.6000,4062.8000,4063.0000,1,1,1,1,1,2,3,3,1,6
SF,IF2006,2020-02-19 11:28:36.400,4060.0000,23882,0,4955977860.000,0,-,-,-,-,4060.0000,4059.8000,4059.6000,4059.4000,4059.2000,4060.8000,4061.4000,4062.6000,4062.8000,4063.0000,1,1,1,1,1,2,1,3,1,6
SF,IF2006,2020-02-19 11:28:38.400,4060.0000,23882,0,4955977860.000,0,-,-,-,-,4060.0000,4059.8000,4059.6000,4059.2000,4058.8000,4060.8000,4061.4000,4062.6000,4062.8000,4063.0000,1,1,1,1,1,2,1,3,1,6
SF,IF2006,2020-02-19 11:28:38.900,4060.0000,23882,0,4955977860.000,0,-,-,-,-,4060.0000,4059.8000,4059.6000,4059.2000,4058.8000,4060.8000,4061.4000,4062.6000,4062.8000,4063.0000,2,1,1,1,1,2,1,3,1,6
SF,IF2006,2020-02-19 11:28:39.400,4060.0000,23882,0,4955977860.000,0,-,-,-,-,4060.0000,4059.8000,4059.6000,4059.2000,4058.8000,4060.8000,4061.4000,4062.6000,4062.8000,4063.0000,2,2,1,1,1,2,1,3,1,6
SF,IF2006,2020-02-19 11:28:40.400,4060.0000,23882,0,4955977860.000,0,-,-,-,-,4060.0000,4059.8000,4059.6000,4059.2000,4058.8000,4060.8000,4061.4000,4062.6000,4062.8000,4063.0000,2,2,1,2,1,2,1,3,1,6
SF,IF2006,2020-02-19 11:28:40.900,4060.0000,23882,0,4955977860.000,0,-,-,-,-,4060.0000,4059.8000,4059.6000,4059.2000,4058.8000,4060.8000,4061.4000,4062.6000,4062.8000,4063.0000,3,1,1,2,1,2,1,3,1,6
SF,IF2006,2020-02-19 11:28:41.400,4060.0000,23882,0,4955977860.000,0,-,-,-,-,4060.0000,4059.8000,4059.6000,4059.2000,4058.8000,4061.4000,4062.6000,4062.8000,4063.0000,4063.6000,3,1,1,2,1,1,3,1,6,1
SF,IF2006,2020-02-19 11:28:41.900,4060.0000,23882,0,4955977860.000,0,-,-,-,-,4060.2000,4060.0000,4059.8000,4059.6000,4059.2000,4061.2000,4062.6000,4062.8000,4063.0000,4063.6000,2,3,1,1,2,2,3,1,6,1
SF,IF2006,2020-02-19 11:28:42.400,4060.0000,23882,0,4955977860.000,0,-,-,-,-,4060.4000,4060.2000,4060.0000,4059.8000,4059.6000,4061.2000,4062.6000,4062.8000,4063.0000,4063.6000,1,3,1,1,1,2,3,1,6,1
SF,IF2006,2020-02-19 11:28:43.400,4060.0000,23882,0,4955977860.000,0,-,-,-,-,4060.4000,4060.2000,4060.0000,4059.8000,4059.6000,4061.2000,4062.6000,4062.8000,4063.0000,4063.6000,1,2,1,1,1,2,3,1,6,1
SF,IF2006,2020-02-19 11:28:43.900,4060.0000,23882,0,4955977860.000,0,-,-,-,-,4060.4000,4060.2000,4060.0000,4059.8000,4059.6000,4062.6000,4062.8000,4063.0000,4063.6000,4063.8000,1,2,1,1,1,3,1,6,1,2
SF,IF2006,2020-02-19 11:28:44.400,4060.0000,23882,0,4955977860.000,0,-,-,-,-,4060.6000,4060.4000,4059.8000,4059.6000,4059.2000,4062.2000,4062.4000,4062.6000,4062.8000,4063.0000,3,1,1,1,2,2,3,3,1,6
SF,IF2006,2020-02-19 11:28:44.900,4060.0000,23882,0,4955977860.000,0,-,-,-,-,4060.6000,4060.4000,4059.8000,4059.6000,4059.2000,4062.0000,4062.2000,4062.4000,4062.6000,4062.8000,3,2,1,1,2,2,2,1,3,1
SF,IF2006,2020-02-19 11:28:45.400,4060.0000,23882,0,4955977860.000,0,-,-,-,-,4060.6000,4060.4000,4059.8000,4059.6000,4059.2000,4061.0000,4062.0000,4062.2000,4062.4000,4062.6000,3,2,1,1,2,1,2,2,1,3
SF,IF2006,2020-02-19 11:28:45.900,4060.0000,23882,0,4955977860.000,0,-,-,-,-,4060.6000,4060.4000,4059.8000,4059.6000,4059.2000,4061.0000,4062.0000,4062.4000,4062.6000,4062.8000,1,2,1,1,2,1,2,1,3,1
SF,IF2006,2020-02-19 11:28:46.900,4060.0000,23882,0,4955977860.000,0,-,-,-,-,4060.4000,4059.8000,4059.6000,4059.2000,4058.8000,4060.6000,4061.0000,4062.0000,4062.4000,4062.6000,1,1,1,2,1,1,1,2,1,2
SF,IF2006,2020-02-19 11:28:47.400,4060.6000,23882,0,4957196040.000,1,0,1,空换,B,4060.6000,4059.8000,4059.6000,4059.2000,4058.8000,4061.0000,4062.0000,4062.4000,4062.6000,4062.8000,1,1,1,2,1,1,2,1,2,1
SF,IF2006,2020-02-19 11:28:48.900,4060.6000,23882,0,4957196040.000,0,-,-,-,-,4060.6000,4059.8000,4059.6000,4059.2000,4058.8000,4061.0000,4062.0000,4062.4000,4062.6000,4062.8000,2,1,1,2,1,1,2,1,2,1
SF,IF2006,2020-02-19 11:28:49.400,4060.6000,23882,0,4957196040.000,0,-,-,-,-,4060.6000,4059.8000,4059.6000,4059.2000,4058.8000,4061.0000,4062.0000,4062.4000,4062.6000,4062.8000,2,1,1,2,1,1,2,1,2,1
SF,IF2006,2020-02-19 11:28:52.900,4060.6000,23882,0,4957196040.000,0,-,-,-,-,4060.6000,4059.8000,4059.6000,4059.2000,4058.8000,4061.0000,4062.0000,4062.4000,4062.6000,4062.8000,2,1,1,2,1,1,2,1,2,1
SF,IF2006,2020-02-19 11:28:57.900,4061.0000,23883,1,4958414340.000,1,1,0,双开,B,4060.6000,4059.8000,4059.6000,4059.2000,4058.8000,4062.0000,4062.4000,4062.6000,4062.8000,4063.0000,2,1,1,2,1,2,1,2,1,6
SF,IF2006,2020-02-19 11:28:58.900,4061.0000,23883,0,4958414340.000,0,-,-,-,-,4060.6000,4059.8000,4059.6000,4059.2000,4058.8000,4062.0000,4062.4000,4062.6000,4062.8000,4063.0000,3,1,1,2,1,2,1,2,1,6
SF,IF2006,2020-02-19 11:28:59.900,4061.0000,23883,0,4958414340.000,0,-,-,-,-,4061.0000,4060.6000,4059.8000,4059.6000,4059.2000,4062.0000,4062.4000,4062.6000,4062.8000,4063.0000,1,3,1,1,2,2,1,2,1,6
SF,IF2006,2020-02-19 11:29:04.400,4061.0000,23883,0,4958414340.000,0,-,-,-,-,4061.0000,4060.6000,4059.8000,4059.6000,4059.2000,4061.8000,4062.0000,4062.4000,4062.6000,4062.8000,1,3,1,1,2,1,2,1,2,1
SF,IF2006,2020-02-19 11:29:04.900,4061.0000,23884,1,4959632640.000,1,1,0,双开,B,4060.6000,4059.8000,4059.6000,4059.2000,4058.8000,4061.6000,4061.8000,4062.4000,4062.6000,4062.8000,3,1,1,2,1,2,1,1,2,1
SF,IF2006,2020-02-19 11:29:05.400,4061.0000,23884,0,4959632640.000,0,-,-,-,-,4060.6000,4059.8000,4059.6000,4059.2000,4058.8000,4061.6000,4061.8000,4062.4000,4062.6000,4062.8000,2,1,1,2,1,2,1,1,2,1
SF,IF2006,2020-02-19 11:29:05.900,4061.0000,23884,0,4959632640.000,0,-,-,-,-,4060.6000,4059.8000,4059.6000,4059.2000,4058.8000,4061.4000,4061.6000,4062.4000,4062.6000,4062.8000,2,1,1,2,1,1,2,1,2,1
SF,IF2006,2020-02-19 11:29:07.900,4061.0000,23884,0,4959632640.000,0,-,-,-,-,4060.6000,4059.8000,4059.6000,4059.2000,4058.8000,4061.4000,4061.6000,4062.4000,4062.6000,4062.8000,1,1,1,2,1,1,2,1,2,1
SF,IF2006,2020-02-19 11:29:08.400,4060.6000,23883,-1,4960850820.000,1,0,1,双平,B,4059.8000,4059.6000,4059.2000,4058.8000,4058.2000,4061.2000,4061.4000,4062.4000,4062.6000,4062.8000,1,1,2,1,1,2,1,1,2,1
SF,IF2006,2020-02-19 11:29:08.900,4060.6000,23883,0,4960850820.000,0,-,-,-,-,4060.0000,4059.8000,4059.6000,4059.2000,4058.8000,4061.2000,4061.4000,4062.4000,4062.6000,4062.8000,3,1,1,2,1,2,1,1,2,1
SF,IF2006,2020-02-19 11:29:09.400,4060.6000,23883,0,4960850820.000,0,-,-,-,-,4060.4000,4060.0000,4059.8000,4059.6000,4059.2000,4061.2000,4061.4000,4062.4000,4062.6000,4062.8000,1,1,1,1,2,2,1,1,2,1
SF,IF2006,2020-02-19 11:29:09.900,4060.6000,23883,0,4960850820.000,0,-,-,-,-,4060.4000,4060.0000,4059.8000,4059.6000,4059.2000,4061.2000,4061.4000,4062.4000,4062.6000,4062.8000,1,1,1,1,2,2,1,1,2,1
SF,IF2006,2020-02-19 11:29:12.900,4060.6000,23883,0,4960850820.000,0,-,-,-,-,4060.0000,4059.8000,4059.6000,4059.2000,4058.8000,4061.2000,4061.4000,4062.4000,4062.6000,4062.8000,1,1,1,2,1,2,1,1,2,1
SF,IF2006,2020-02-19 11:29:13.900,4060.6000,23883,0,4960850820.000,0,-,-,-,-,4060.0000,4059.8000,4059.6000,4059.2000,4058.8000,4061.2000,4061.4000,4062.4000,4062.6000,4062.8000,1,1,1,2,1,2,1,1,2,1
SF,IF2006,2020-02-19 11:29:14.900,4060.6000,23883,0,4960850820.000,0,-,-,-,-,4060.0000,4059.8000,4059.6000,4059.2000,4058.8000,4061.0000,4061.2000,4062.4000,4062.6000,4062.8000,1,1,1,2,1,1,2,1,2,1
SF,IF2006,2020-02-19 11:29:15.400,4060.6000,23883,0,4960850820.000,0,-,-,-,-,4060.0000,4059.8000,4059.6000,4059.2000,4058.8000,4060.8000,4061.0000,4062.4000,4062.6000,4062.8000,1,1,1,1,1,2,1,1,2,1
SF,IF2006,2020-02-19 11:29:15.900,4060.6000,23883,0,4960850820.000,0,-,-,-,-,4060.0000,4059.8000,4059.6000,4059.2000,4058.8000,4060.8000,4061.0000,4062.4000,4062.6000,4062.8000,2,1,1,1,1,2,1,1,2,1
SF,IF2006,2020-02-19 11:29:17.400,4060.6000,23883,0,4960850820.000,0,-,-,-,-,4060.0000,4059.8000,4059.6000,4059.2000,4058.8000,4060.8000,4061.0000,4062.4000,4062.6000,4062.8000,2,1,1,1,1,2,1,1,2,1
SF,IF2006,2020-02-19 11:29:18.400,4060.6000,23883,0,4960850820.000,0,-,-,-,-,4060.0000,4059.8000,4059.6000,4059.2000,4058.8000,4060.8000,4061.0000,4062.4000,4062.6000,4062.8000,3,1,1,1,1,2,1,1,2,1
SF,IF2006,2020-02-19 11:29:20.400,4060.6000,23883,0,4960850820.000,0,-,-,-,-,4060.2000,4060.0000,4059.8000,4059.6000,4059.2000,4060.8000,4061.0000,4062.4000,4062.6000,4062.8000,1,4,1,1,1,2,1,1,2,1
SF,IF2006,2020-02-19 11:29:20.900,4060.6000,23883,0,4960850820.000,0,-,-,-,-,4060.2000,4060.0000,4059.8000,4059.6000,4059.2000,4061.0000,4062.4000,4062.6000,4062.8000,4063.0000,1,4,1,1,1,1,1,2,1,6
SF,IF2006,2020-02-19 11:29:21.900,4060.6000,23883,0,4960850820.000,0,-,-,-,-,4060.2000,4060.0000,4059.8000,4059.6000,4059.2000,4062.4000,4062.6000,4062.8000,4063.0000,4063.6000,2,4,1,1,1,1,2,1,6,1
SF,IF2006,2020-02-19 11:29:22.400,4060.6000,23883,0,4960850820.000,0,-,-,-,-,4060.4000,4060.2000,4060.0000,4059.8000,4059.6000,4062.0000,4062.2000,4062.4000,4062.6000,4062.8000,2,2,4,1,1,2,2,2,2,1
SF,IF2006,2020-02-19 11:29:22.900,4060.6000,23883,0,4960850820.000,0,-,-,-,-,4060.4000,4060.2000,4060.0000,4059.8000,4059.6000,4061.8000,4062.0000,4062.4000,4062.6000,4062.8000,2,1,4,1,1,2,2,2,2,1
SF,IF2006,2020-02-19 11:29:23.400,4060.6000,23883,0,4960850820.000,0,-,-,-,-,4060.6000,4060.4000,4060.2000,4060.0000,4059.8000,4061.8000,4062.0000,4062.4000,4062.6000,4062.8000,1,2,1,3,1,2,2,2,2,1
SF,IF2006,2020-02-19 11:29:23.900,4060.6000,23883,0,4960850820.000,0,-,-,-,-,4060.6000,4060.2000,4060.0000,4059.8000,4059.6000,4061.8000,4062.0000,4062.4000,4062.6000,4062.8000,1,1,3,1,1,2,2,2,2,1
SF,IF2006,2020-02-19 11:29:24.400,4060.6000,23883,0,4960850820.000,0,-,-,-,-,4060.6000,4060.2000,4060.0000,4059.6000,4059.2000,4061.8000,4062.0000,4062.4000,4062.6000,4062.8000,1,1,3,1,1,2,2,2,2,1
SF,IF2006,2020-02-19 11:29:26.400,4060.6000,23883,0,4960850820.000,0,-,-,-,-,4060.2000,4060.0000,4059.6000,4059.2000,4058.8000,4061.8000,4062.0000,4062.4000,4062.6000,4062.8000,1,3,1,1,1,2,2,2,2,1
SF,IF2006,2020-02-19 11:29:27.400,4060.6000,23883,0,4960850820.000,0,-,-,-,-,4060.4000,4060.2000,4060.0000,4059.6000,4059.2000,4061.8000,4062.0000,4062.4000,4062.6000,4062.8000,1,1,3,1,1,2,2,2,2,1
SF,IF2006,2020-02-19 11:29:28.400,4060.4000,23884,1,4962068940.000,1,1,0,双开,B,4060.2000,4060.0000,4059.6000,4059.2000,4058.8000,4061.8000,4062.0000,4062.4000,4062.6000,4062.8000,1,3,1,1,1,2,2,2,2,1
SF,IF2006,2020-02-19 11:29:29.400,4060.4000,23884,0,4962068940.000,0,-,-,-,-,4060.2000,4060.0000,4059.2000,4058.8000,4058.2000,4061.8000,4062.0000,4062.4000,4062.6000,4062.8000,1,3,1,1,1,2,2,1,2,1
SF,IF2006,2020-02-19 11:29:29.900,4061.8000,23882,-2,4964506020.000,2,0,2,双平,B,4061.8000,4060.4000,4060.2000,4060.0000,4059.2000,4062.0000,4062.4000,4062.6000,4062.8000,4063.0000,1,3,1,3,1,2,1,2,1,6
SF,IF2006,2020-02-19 11:29:30.400,4061.8000,23881,-1,4965724560.000,1,0,1,双平,B,4060.4000,4060.2000,4060.0000,4059.2000,4058.8000,4062.4000,4062.6000,4062.8000,4063.0000,4063.6000,3,1,3,1,1,1,2,1,6,1
SF,IF2006,2020-02-19 11:29:30.900,4061.8000,23881,0,4965724560.000,0,-,-,-,-,4060.4000,4060.2000,4060.0000,4059.2000,4058.8000,4062.2000,4062.4000,4062.6000,4062.8000,4063.0000,3,1,3,1,1,4,1,2,1,6
SF,IF2006,2020-02-19 11:29:31.400,4061.8000,23881,0,4965724560.000,0,-,-,-,-,4060.4000,4060.0000,4059.2000,4058.8000,4058.2000,4061.8000,4062.0000,4062.2000,4062.6000,4062.8000,3,3,1,1,1,2,1,2,2,1
SF,IF2006,2020-02-19 11:29:31.900,4061.8000,23881,0,4966943100.000,1,0,1,空换,B,4060.4000,4060.0000,4059.2000,4058.8000,4058.2000,4061.6000,4061.8000,4062.0000,4062.6000,4062.8000,3,4,1,1,1,1,2,1,2,1
SF,IF2006,2020-02-19 11:29:32.400,4061.8000,23881,0,4966943100.000,0,-,-,-,-,4060.4000,4060.0000,4059.2000,4058.8000,4058.2000,4061.6000,4061.8000,4062.0000,4062.6000,4062.8000,2,4,1,1,1,1,2,1,2,1
SF,IF2006,2020-02-19 11:29:33.400,4061.8000,23881,0,4966943100.000,0,-,-,-,-,4060.8000,4060.4000,4060.0000,4059.2000,4058.8000,4061.6000,4061.8000,4062.0000,4062.6000,4062.8000,1,2,4,1,1,1,2,1,2,1
SF,IF2006,2020-02-19 11:29:33.900,4061.8000,23881,0,4966943100.000,0,-,-,-,-,4060.8000,4060.4000,4060.0000,4059.2000,4058.8000,4061.8000,4062.0000,4062.6000,4062.8000,4063.0000,1,2,4,1,1,2,1,2,1,6
SF,IF2006,2020-02-19 11:29:34.400,4061.8000,23881,0,4966943100.000,0,-,-,-,-,4060.8000,4060.4000,4060.0000,4059.2000,4058.8000,4061.6000,4061.8000,4062.0000,4062.6000,4062.8000,1,2,4,1,1,2,2,1,2,1
SF,IF2006,2020-02-19 11:29:34.900,4061.8000,23881,0,4966943100.000,0,-,-,-,-,4060.8000,4060.4000,4060.0000,4059.2000,4058.8000,4061.8000,4062.0000,4062.6000,4062.8000,4063.0000,1,2,4,1,1,2,1,2,1,6
SF,IF2006,2020-02-19 11:29:35.400,4061.8000,23881,0,4966943100.000,0,-,-,-,-,4061.0000,4060.0000,4059.2000,4058.8000,4058.2000,4061.8000,4062.0000,4062.6000,4062.8000,4063.0000,2,4,1,1,1,2,1,2,1,6
SF,IF2006,2020-02-19 11:29:37.400,4061.8000,23881,0,4966943100.000,0,-,-,-,-,4061.0000,4060.0000,4059.2000,4058.8000,4058.2000,4062.0000,4062.6000,4062.8000,4063.0000,4063.6000,2,4,1,1,1,1,2,1,6,1
SF,IF2006,2020-02-19 11:29:37.900,4061.8000,23881,0,4966943100.000,0,-,-,-,-,4061.0000,4060.0000,4059.2000,4058.8000,4058.2000,4062.6000,4062.8000,4063.0000,4063.6000,4063.8000,2,4,1,1,1,2,1,6,1,1
SF,IF2006,2020-02-19 11:29:38.400,4061.8000,23881,0,4966943100.000,0,-,-,-,-,4061.0000,4060.0000,4059.2000,4058.8000,4058.2000,4062.4000,4062.6000,4062.8000,4063.0000,4063.6000,2,4,1,1,1,2,2,1,6,1
SF,IF2006,2020-02-19 11:29:38.900,4061.8000,23881,0,4966943100.000,0,-,-,-,-,4061.2000,4061.0000,4060.0000,4059.2000,4058.8000,4062.4000,4062.6000,4062.8000,4063.0000,4063.6000,3,2,4,1,1,2,2,1,6,1
SF,IF2006,2020-02-19 11:29:39.400,4061.8000,23881,0,4966943100.000,0,-,-,-,-,4061.4000,4061.2000,4060.0000,4059.2000,4058.8000,4062.4000,4062.6000,4062.8000,4063.0000,4063.6000,2,3,4,1,1,2,2,1,6,1
SF,IF2006,2020-02-19 11:29:40.400,4061.8000,23881,0,4966943100.000,0,-,-,-,-,4061.4000,4061.2000,4060.8000,4060.0000,4059.2000,4062.4000,4062.6000,4062.8000,4063.0000,4063.6000,2,2,1,4,1,2,2,1,6,1
SF,IF2006,2020-02-19 11:29:41.400,4061.8000,23881,0,4966943100.000,0,-,-,-,-,4061.4000,4061.2000,4060.8000,4060.0000,4059.2000,4062.4000,4062.6000,4062.8000,4063.0000,4063.6000,2,2,1,4,1,2,2,1,7,1
SF,IF2006,2020-02-19 11:29:44.400,4061.8000,23881,0,4966943100.000,0,-,-,-,-,4061.4000,4061.2000,4060.0000,4059.2000,4058.8000,4062.4000,4062.6000,4062.8000,4063.0000,4063.6000,2,2,4,1,1,2,2,1,7,1
SF,IF2006,2020-02-19 11:29:44.900,4061.8000,23881,0,4966943100.000,0,-,-,-,-,4061.4000,4061.2000,4060.0000,4059.2000,4058.8000,4062.8000,4063.0000,4063.8000,4064.2000,4065.6000,2,2,4,1,1,1,7,1,2,2
SF,IF2006,2020-02-19 11:29:45.400,4061.8000,23881,0,4966943100.000,0,-,-,-,-,4061.4000,4061.2000,4060.0000,4059.2000,4058.8000,4062.6000,4062.8000,4063.0000,4063.8000,4064.2000,2,2,4,1,1,2,1,7,1,2
SF,IF2006,2020-02-19 11:29:45.900,4061.8000,23881,0,4966943100.000,0,-,-,-,-,4061.4000,4061.2000,4060.0000,4059.2000,4058.8000,4062.8000,4063.0000,4063.8000,4064.2000,4065.6000,2,2,3,1,1,1,7,1,2,2
SF,IF2006,2020-02-19 11:29:46.400,4061.8000,23881,0,4966943100.000,0,-,-,-,-,4061.4000,4061.2000,4060.0000,4059.2000,4058.8000,4062.6000,4062.8000,4063.0000,4063.8000,4064.2000,2,2,3,1,1,2,1,7,1,2
SF,IF2006,2020-02-19 11:29:46.900,4061.8000,23881,0,4966943100.000,0,-,-,-,-,4061.4000,4061.2000,4060.0000,4059.2000,4058.8000,4062.8000,4063.0000,4063.8000,4064.2000,4065.6000,2,2,3,1,1,1,7,1,2,2
SF,IF2006,2020-02-19 11:29:47.400,4062.6000,23881,0,4968161880.000,1,0,1,空换,B,4061.6000,4061.4000,4061.2000,4060.0000,4059.2000,4062.6000,4062.8000,4063.0000,4063.8000,4064.2000,1,2,1,3,1,1,1,7,1,2
SF,IF2006,2020-02-19 11:29:47.900,4062.6000,23881,0,4968161880.000,0,-,-,-,-,4061.8000,4061.6000,4061.2000,4060.0000,4059.2000,4062.8000,4063.0000,4063.8000,4064.2000,4065.6000,2,1,1,3,1,1,7,1,2,2
SF,IF2006,2020-02-19 11:29:50.900,4062.6000,23881,0,4968161880.000,0,-,-,-,-,4061.8000,4061.2000,4060.0000,4059.2000,4058.8000,4062.8000,4063.0000,4063.8000,4064.2000,4065.6000,2,1,3,1,1,1,7,1,2,2
SF,IF2006,2020-02-19 11:29:51.400,4062.6000,23881,0,4968161880.000,0,-,-,-,-,4061.8000,4061.2000,4060.0000,4059.2000,4058.8000,4062.6000,4062.8000,4063.0000,4063.8000,4064.2000,2,1,3,1,1,2,1,7,1,2
SF,IF2006,2020-02-19 11:29:54.900,4062.6000,23881,0,4968161880.000,0,-,-,-,-,4061.8000,4061.2000,4060.0000,4059.2000,4058.8000,4062.6000,4062.8000,4063.0000,4063.8000,4064.2000,2,1,3,1,1,1,1,7,1,2
SF,IF2006,2020-02-19 11:29:55.400,4062.6000,23881,0,4968161880.000,0,-,-,-,-,4061.2000,4060.0000,4059.2000,4058.8000,4058.2000,4062.6000,4062.8000,4063.0000,4063.8000,4064.2000,1,3,1,1,1,1,1,8,1,2
SF,IF2006,2020-02-19 11:29:55.900,4062.6000,23881,0,4968161880.000,0,-,-,-,-,4060.0000,4059.2000,4058.8000,4058.2000,4057.8000,4062.6000,4062.8000,4063.0000,4063.8000,4064.2000,3,1,1,1,4,1,1,8,1,2
SF,IF2006,2020-02-19 11:29:56.400,4062.6000,23881,0,4968161880.000,0,-,-,-,-,4060.4000,4060.0000,4059.2000,4058.8000,4058.2000,4062.4000,4062.6000,4062.8000,4063.0000,4063.8000,4,3,1,1,1,2,1,1,8,1
SF,IF2006,2020-02-19 11:29:56.900,4062.6000,23881,0,4968161880.000,0,-,-,-,-,4060.4000,4060.0000,4059.2000,4058.8000,4058.2000,4062.2000,4062.4000,4062.8000,4063.0000,4063.8000,4,3,1,1,1,1,2,1,8,1
SF,IF2006,2020-02-19 11:29:57.400,4062.6000,23881,0,4968161880.000,0,-,-,-,-,4060.4000,4060.0000,4059.2000,4058.8000,4058.2000,4062.0000,4062.2000,4062.4000,4062.8000,4063.0000,4,3,1,1,1,1,1,1,1,8
SF,IF2006,2020-02-19 11:29:57.900,4062.6000,23881,0,4968161880.000,0,-,-,-,-,4060.0000,4059.2000,4058.8000,4058.2000,4057.8000,4061.8000,4062.8000,4063.0000,4063.8000,4064.2000,3,1,1,1,4,1,1,8,1,2
SF,IF2006,2020-02-19 11:29:58.400,4062.6000,23881,0,4968161880.000,0,-,-,-,-,4060.0000,4059.2000,4058.8000,4058.2000,4057.8000,4062.8000,4063.0000,4063.8000,4064.2000,4065.8000,3,1,1,1,4,1,8,1,2,15
SF,IF2006,2020-02-19 11:29:58.900,4062.6000,23881,0,4968161880.000,0,-,-,-,-,4060.0000,4059.2000,4058.8000,4058.2000,4057.8000,4062.4000,4062.8000,4063.0000,4063.8000,4064.2000,3,1,1,1,4,1,1,8,1,2
SF,IF2006,2020-02-19 11:29:59.900,4062.6000,23881,0,4968161880.000,0,-,-,-,-,4060.2000,4060.0000,4059.2000,4058.8000,4058.2000,4062.4000,4062.8000,4063.0000,4063.8000,4064.2000,1,3,1,1,1,1,1,8,1,2
SF,IF2006,2020-02-19 13:00:00.400,4060.2000,23881,0,4969379940.000,1,0,1,空换,B,4060.0000,4059.2000,4058.8000,4058.2000,4057.8000,4062.4000,4062.8000,4063.0000,4064.2000,4065.8000,2,1,1,1,4,1,1,8,2,15
SF,IF2006,2020-02-19 13:00:00.900,4060.2000,23881,0,4969379940.000,0,-,-,-,-,4060.8000,4060.4000,4060.2000,4060.0000,4059.2000,4062.2000,4062.8000,4063.0000,4064.2000,4065.8000,6,2,3,3,1,2,1,8,2,15
SF,IF2006,2020-02-19 13:00:01.400,4060.2000,23881,0,4969379940.000,0,-,-,-,-,4061.0000,4060.4000,4060.2000,4060.0000,4059.2000,4062.0000,4062.2000,4062.8000,4063.0000,4064.2000,2,1,1,2,1,1,3,1,8,2
SF,IF2006,2020-02-19 13:00:01.900,4062.0000,23880,-1,4970598540.000,1,0,1,双平,B,4061.4000,4061.0000,4060.4000,4060.2000,4060.0000,4062.2000,4062.8000,4063.0000,4064.2000,4065.8000,2,2,1,1,3,1,1,8,2,15
SF,IF2006,2020-02-19 13:00:02.400,4061.8000,23880,0,4973035740.000,2,1,1,空换,B,4061.8000,4061.6000,4061.4000,4061.0000,4060.4000,4062.8000,4063.0000,4064.2000,4065.8000,4066.0000,1,1,1,2,1,1,8,2,15,11
SF,IF2006,2020-02-19 13:00:02.900,4061.8000,23880,0,4973035740.000,0,-,-,-,-,4061.8000,4061.0000,4060.4000,4060.0000,4059.2000,4062.6000,4062.8000,4063.0000,4064.2000,4065.8000,1,2,1,3,1,2,1,8,2,15
SF,IF2006,2020-02-19 13:00:03.400,4062.4000,23882,2,4975473180.000,2,2,0,双开,B,4062.2000,4062.0000,4060.4000,4060.0000,4059.2000,4062.8000,4063.0000,4064.2000,4065.8000,4066.0000,1,2,1,3,1,1,8,2,15,11
SF,IF2006,2020-02-19 13:00:03.900,4062.2000,23882,0,4976691840.000,1,0,1,空换,B,4062.0000,4060.4000,4060.0000,4059.2000,4058.8000,4062.8000,4063.0000,4064.2000,4065.8000,4066.0000,2,1,3,1,1,1,8,2,15,11
SF,IF2006,2020-02-19 13:00:04.400,4062.2000,23882,0,4976691840.000,0,-,-,-,-,4060.4000,4060.0000,4059.2000,4058.8000,4058.2000,4062.6000,4062.8000,4063.0000,4064.2000,4065.8000,1,3,1,1,1,2,1,8,2,15
SF,IF2006,2020-02-19 13:00:04.900,4062.2000,23882,0,4976691840.000,0,-,-,-,-,4061.0000,4060.8000,4060.6000,4060.4000,4060.0000,4062.6000,4062.8000,4063.0000,4064.2000,4065.8000,1,6,5,2,3,2,1,8,2,15
SF,IF2006,2020-02-19 13:00:05.400,4062.2000,23882,0,4976691840.000,0,-,-,-,-,4061.4000,4061.2000,4061.0000,4060.8000,4060.6000,4062.8000,4063.0000,4064.2000,4065.8000,4066.0000,1,3,1,1,2,1,8,2,15,11
SF,IF2006,2020-02-19 13:00:05.900,4062.2000,23882,0,4976691840.000,0,-,-,-,-,4061.8000,4061.6000,4061.4000,4061.2000,4061.0000,4062.8000,4063.0000,4064.2000,4065.8000,4066.0000,1,3,1,2,1,1,8,2,15,11
SF,IF2006,2020-02-19 13:00:06.400,4062.2000,23882,0,4976691840.000,0,-,-,-,-,4062.4000,4062.0000,4061.8000,4061.6000,4061.4000,4062.8000,4063.0000,4064.2000,4065.8000,4066.0000,3,2,1,3,1,1,8,2,15,11
SF,IF2006,2020-02-19 13:00:06.900,4062.2000,23882,0,4976691840.000,0,-,-,-,-,4062.4000,4062.0000,4061.6000,4060.6000,4060.4000,4062.6000,4062.8000,4063.0000,4064.2000,4065.8000,3,2,1,1,2,2,1,8,2,15
SF,IF2006,2020-02-19 13:00:07.400,4062.4000,23879,-3,4980348000.000,3,0,3,双平,B,4062.0000,4061.6000,4060.8000,4060.6000,4060.4000,4062.6000,4062.8000,4063.0000,4064.2000,4065.8000,2,1,2,1,2,2,1,8,2,15
SF,IF2006,2020-02-19 13:00:07.900,4062.4000,23879,0,4980348000.000,0,-,-,-,-,4060.8000,4060.6000,4060.4000,4060.0000,4059.2000,4062.6000,4062.8000,4063.0000,4064.2000,4065.8000,2,1,1,2,1,2,3,8,2,15
SF,IF2006,2020-02-19 13:00:08.400,4062.4000,23879,0,4980348000.000,0,-,-,-,-,4061.0000,4060.8000,4060.6000,4060.4000,4060.0000,4062.4000,4062.6000,4062.8000,4063.0000,4064.2000,3,2,1,1,2,3,2,3,8,2
SF,IF2006,2020-02-19 13:00:08.900,4062.4000,23879,0,4980348000.000,0,-,-,-,-,4061.2000,4061.0000,4060.8000,4060.6000,4060.4000,4062.4000,4062.6000,4062.8000,4063.0000,4064.2000,2,3,2,1,1,1,2,3,10,2
SF,IF2006,2020-02-19 13:00:09.400,4062.4000,23879,0,4980348000.000,0,-,-,-,-,4061.4000,4061.2000,4061.0000,4060.8000,4060.6000,4062.4000,4062.6000,4062.8000,4063.0000,4064.2000,2,1,1,2,1,1,2,3,10,2
SF,IF2006,2020-02-19 13:00:09.900,4062.4000,23879,0,4981566720.000,1,0,1,空换,B,4061.4000,4061.2000,4061.0000,4060.8000,4060.6000,4062.6000,4062.8000,4063.0000,4063.2000,4064.2000,2,1,1,2,1,2,3,10,2,2
SF,IF2006,2020-02-19 13:00:10.400,4062.4000,23879,0,4981566720.000,0,-,-,-,-,4061.4000,4061.0000,4060.8000,4060.6000,4060.4000,4062.4000,4062.6000,4062.8000,4063.0000,4063.2000,2,1,2,1,1,4,2,3,10,2
SF,IF2006,2020-02-19 13:00:10.900,4061.4000,23879,0,4982785140.000,1,0,1,空换,B,4061.4000,4061.0000,4060.8000,4060.6000,4060.4000,4062.4000,4062.6000,4062.8000,4063.0000,4063.2000,1,1,2,1,1,2,2,3,10,2
SF,IF2006,2020-02-19 13:00:11.400,4061.4000,23879,0,4982785140.000,0,-,-,-,-,4060.8000,4060.4000,4060.0000,4059.2000,4058.8000,4061.8000,4062.0000,4062.2000,4062.6000,4062.8000,2,1,2,1,1,1,1,3,2,3
SF,IF2006,2020-02-19 13:00:11.900,4061.4000,23879,0,4982785140.000,0,-,-,-,-,4060.8000,4060.4000,4060.0000,4059.2000,4058.8000,4061.6000,4061.8000,4062.0000,4062.6000,4062.8000,2,1,2,1,1,3,1,1,2,3
SF,IF2006,2020-02-19 13:00:12.400,4060.8000,23881,2,4985221620.000,2,2,0,双开,B,4060.4000,4060.0000,4059.2000,4058.8000,4058.2000,4061.4000,4061.6000,4062.6000,4062.8000,4063.0000,1,2,1,1,1,2,3,2,3,10
SF,IF2006,2020-02-19 13:00:12.900,4060.8000,23881,0,4985221620.000,0,-,-,-,-,4060.4000,4060.0000,4059.2000,4058.8000,4058.2000,4060.8000,4061.0000,4061.2000,4061.4000,4062.6000,1,2,1,1,1,1,1,4,1,2
SF,IF2006,2020-02-19 13:00:13.400,4060.4000,23881,0,4987657980.000,2,1,1,空换,B,4060.0000,4059.2000,4058.8000,4058.2000,4057.8000,4060.8000,4061.0000,4061.2000,4061.4000,4062.6000,3,1,1,1,4,1,1,4,1,2
SF,IF2006,2020-02-19 13:00:13.900,4060.4000,23881,0,4987657980.000,0,-,-,-,-,4060.0000,4059.2000,4058.8000,4058.2000,4057.8000,4060.8000,4061.0000,4061.2000,4061.4000,4062.6000,3,1,1,1,4,1,1,4,1,2
SF,IF2006,2020-02-19 13:00:14.900,4060.4000,23881,0,4987657980.000,0,-,-,-,-,4060.2000,4060.0000,4059.2000,4058.8000,4058.2000,4060.8000,4061.0000,4061.2000,4061.4000,4062.6000,1,3,1,1,1,1,1,3,1,2
SF,IF2006,2020-02-19 13:00:15.900,4060.4000,23881,0,4987657980.000,0,-,-,-,-,4060.2000,4060.0000,4059.2000,4058.8000,4058.2000,4060.8000,4061.0000,4061.2000,4061.4000,4062.6000,1,3,1,1,1,1,1,3,1,2
SF,IF2006,2020-02-19 13:00:17.400,4060.4000,23881,0,4987657980.000,0,-,-,-,-,4060.2000,4060.0000,4059.2000,4058.8000,4058.2000,4060.8000,4061.0000,4061.2000,4061.4000,4062.6000,1,3,1,1,1,1,1,3,1,2
SF,IF2006,2020-02-19 13:00:17.900,4060.4000,23881,0,4987657980.000,0,-,-,-,-,4060.0000,4059.2000,4058.8000,4058.2000,4057.8000,4060.8000,4061.0000,4061.2000,4061.4000,4062.6000,3,1,1,1,4,1,1,2,1,2
SF,IF2006,2020-02-19 13:00:21.400,4060.8000,23881,0,4988876220.000,1,0,1,空换,B,4060.8000,4060.0000,4059.2000,4058.8000,4058.2000,4061.0000,4061.2000,4061.4000,4062.6000,4062.8000,3,3,1,1,1,1,2,1,2,3
SF,IF2006,2020-02-19 13:00:21.900,4060.8000,23880,-1,4992530940.000,3,1,2,空平,B,4060.0000,4059.2000,4058.8000,4058.2000,4057.8000,4061.0000,4061.4000,4062.6000,4062.8000,4063.0000,3,1,1,1,4,1,1,2,3,10
SF,IF2006,2020-02-19 13:00:22.400,4060.8000,23880,0,4992530940.000,0,-,-,-,-,4060.2000,4060.0000,4059.2000,4058.8000,4058.2000,4061.0000,4061.4000,4062.6000,4062.8000,4063.0000,2,3,1,1,1,1,1,2,3,10
SF,IF2006,2020-02-19 13:00:22.900,4060.8000,23880,0,4992530940.000,0,-,-,-,-,4060.2000,4060.0000,4059.2000,4058.8000,4058.2000,4061.0000,4061.4000,4062.6000,4062.8000,4063.0000,2,3,1,1,1,1,1,2,3,10
SF,IF2006,2020-02-19 13:00:23.400,4060.8000,23880,0,4992530940.000,0,-,-,-,-,4060.4000,4060.0000,4059.2000,4058.8000,4058.2000,4060.8000,4061.0000,4061.4000,4062.6000,4062.8000,1,3,1,1,1,3,1,1,2,3
SF,IF2006,2020-02-19 13:00:24.400,4060.8000,23880,0,4992530940.000,0,-,-,-,-,4060.4000,4060.0000,4059.2000,4058.8000,4058.2000,4060.8000,4061.0000,4061.4000,4062.6000,4062.8000,1,3,1,1,1,2,1,1,2,3
SF,IF2006,2020-02-19 13:00:25.900,4060.8000,23880,0,4992530940.000,0,-,-,-,-,4060.4000,4060.0000,4059.2000,4058.8000,4058.2000,4060.6000,4060.8000,4061.0000,4062.6000,4062.8000,1,3,1,1,1,1,2,1,2,3
SF,IF2006,2020-02-19 13:00:26.400,4060.4000,23881,1,4994967240.000,2,1,1,多开,B,4060.0000,4059.2000,4058.8000,4058.2000,4057.8000,4060.8000,4061.0000,4062.6000,4062.8000,4063.0000,3,1,1,1,4,2,1,2,3,10
SF,IF2006,2020-02-19 13:00:26.900,4060.4000,23881,0,4994967240.000,0,-,-,-,-,4060.0000,4059.2000,4058.8000,4058.2000,4057.8000,4060.8000,4061.0000,4062.6000,4062.8000,4063.0000,3,1,1,1,4,2,1,2,3,10
SF,IF2006,2020-02-19 13:00:27.400,4060.4000,23881,0,4994967240.000,0,-,-,-,-,4060.0000,4059.2000,4058.8000,4058.2000,4057.8000,4061.0000,4062.6000,4062.8000,4063.0000,4063.2000,3,1,1,1,4,1,2,3,10,2
SF,IF2006,2020-02-19 13:00:27.900,4060.4000,23881,0,4994967240.000,0,-,-,-,-,4060.2000,4060.0000,4059.2000,4058.8000,4058.2000,4061.0000,4062.6000,4062.8000,4063.0000,4063.2000,3,3,1,1,1,1,2,3,10,2
SF,IF2006,2020-02-19 13:00:28.400,4060.4000,23881,0,4994967240.000,0,-,-,-,-,4060.2000,4060.0000,4059.2000,4058.8000,4058.2000,4061.0000,4062.6000,4062.8000,4063.0000,4063.2000,1,3,1,1,1,1,2,3,10,2
SF,IF2006,2020-02-19 13:00:28.900,4060.4000,23881,0,4994967240.000,0,-,-,-,-,4060.0000,4059.2000,4058.8000,4058.2000,4057.8000,4060.6000,4061.0000,4062.6000,4062.8000,4063.0000,3,1,1,1,4,1,1,2,3,10
SF,IF2006,2020-02-19 13:00:29.400,4060.6000,23882,1,4996185420.000,1,1,0,双开,B,4060.2000,4060.0000,4059.2000,4058.8000,4058.2000,4061.0000,4062.6000,4062.8000,4063.0000,4063.2000,2,3,1,1,1,1,2,3,10,2
SF,IF2006,2020-02-19 13:00:30.400,4060.6000,23882,0,4996185420.000,0,-,-,-,-,4060.2000,4060.0000,4059.2000,4058.8000,4058.2000,4061.0000,4062.6000,4062.8000,4063.0000,4063.2000,3,3,1,1,1,1,2,3,10,2
SF,IF2006,2020-02-19 13:00:32.400,4060.6000,23882,0,4996185420.000,0,-,-,-,-,4060.2000,4060.0000,4059.2000,4058.8000,4058.2000,4061.0000,4062.6000,4062.8000,4063.0000,4063.2000,2,3,1,1,1,1,2,4,10,2
SF,IF2006,2020-02-19 13:00:33.900,4060.6000,23882,0,4996185420.000,0,-,-,-,-,4060.4000,4060.2000,4060.0000,4059.2000,4058.8000,4061.0000,4062.6000,4062.8000,4063.0000,4063.2000,1,2,3,1,1,1,2,4,10,2
SF,IF2006,2020-02-19 13:00:36.400,4061.0000,23883,1,4997403720.000,1,1,0,双开,B,4061.0000,4060.6000,4060.2000,4060.0000,4059.2000,4062.6000,4062.8000,4063.0000,4063.2000,4063.4000,2,1,2,3,1,2,4,10,2,2
SF,IF2006,2020-02-19 13:00:36.900,4061.0000,23883,0,4997403720.000,0,-,-,-,-,4061.0000,4060.6000,4060.2000,4060.0000,4059.2000,4061.6000,4061.8000,4062.4000,4062.6000,4062.8000,2,1,2,3,1,1,3,5,2,4
SF,IF2006,2020-02-19 13:00:37.400,4061.0000,23885,2,4999840320.000,2,2,0,双开,B,4060.6000,4060.4000,4060.2000,4060.0000,4059.2000,4061.4000,4061.8000,4062.2000,4062.4000,4062.6000,1,1,2,3,1,1,1,1,5,2
SF,IF2006,2020-02-19 13:00:37.900,4061.0000,23885,0,4999840320.000,0,-,-,-,-,4060.6000,4060.4000,4060.2000,4060.0000,4059.2000,4061.2000,4061.4000,4061.8000,4062.2000,4062.4000,1,1,2,3,1,1,2,1,1,5
SF,IF2006,2020-02-19 13:00:38.900,4061.0000,23885,0,4999840320.000,0,-,-,-,-,4060.6000,4060.4000,4060.2000,4060.0000,4059.2000,4061.0000,4061.2000,4061.4000,4061.8000,4062.2000,1,1,2,3,1,1,1,2,1,1
SF,IF2006,2020-02-19 13:00:39.900,4061.0000,23885,0,4999840320.000,0,-,-,-,-,4060.6000,4060.2000,4060.0000,4059.2000,4058.8000,4061.0000,4061.2000,4061.4000,4061.8000,4062.4000,1,2,3,1,1,2,1,1,1,5
SF,IF2006,2020-02-19 13:00:40.400,4061.0000,23885,0,4999840320.000,0,-,-,-,-,4060.6000,4060.2000,4060.0000,4059.2000,4058.8000,4061.0000,4061.2000,4061.4000,4061.8000,4062.4000,1,2,2,1,1,2,1,1,1,5
SF,IF2006,2020-02-19 13:00:40.900,4060.6000,23885,0,5001058500.000,1,0,1,空换,B,4060.2000,4060.0000,4059.2000,4058.8000,4058.2000,4061.0000,4061.2000,4061.4000,4061.8000,4062.4000,2,2,1,1,1,2,1,1,1,5
SF,IF2006,2020-02-19 13:00:41.400,4060.6000,23885,0,5001058500.000,0,-,-,-,-,4060.0000,4059.2000,4058.8000,4058.2000,4057.8000,4061.0000,4061.2000,4061.4000,4061.8000,4062.4000,2,1,1,1,4,2,1,1,1,5
SF,IF2006,2020-02-19 13:00:41.900,4060.6000,23885,0,5001058500.000,0,-,-,-,-,4060.0000,4059.2000,4058.8000,4058.2000,4057.8000,4060.8000,4061.0000,4061.2000,4061.4000,4061.8000,2,1,1,1,4,4,2,1,1,1
SF,IF2006,2020-02-19 13:00:42.400,4060.6000,23885,0,5001058500.000,0,-,-,-,-,4060.0000,4059.2000,4058.8000,4058.2000,4057.8000,4060.8000,4061.0000,4061.2000,4061.8000,4062.4000,2,1,1,1,4,4,2,1,1,2
SF,IF2006,2020-02-19 13:00:42.900,4060.6000,23885,0,5001058500.000,0,-,-,-,-,4060.0000,4059.2000,4058.8000,4058.2000,4057.8000,4060.6000,4060.8000,4061.0000,4061.2000,4061.8000,2,1,1,1,4,1,4,1,1,1
SF,IF2006,2020-02-19 13:00:43.400,4060.6000,23885,0,5001058500.000,0,-,-,-,-,4060.0000,4059.2000,4058.8000,4058.2000,4057.8000,4060.6000,4060.8000,4061.0000,4061.2000,4061.8000,2,1,1,1,4,1,3,1,1,1
SF,IF2006,2020-02-19 13:00:43.900,4060.6000,23885,0,5001058500.000,0,-,-,-,-,4060.0000,4059.2000,4058.8000,4058.2000,4057.8000,4060.8000,4061.0000,4061.2000,4061.8000,4062.4000,2,1,1,1,4,3,1,1,1,2
SF,IF2006,2020-02-19 13:00:44.400,4060.6000,23885,0,5001058500.000,0,-,-,-,-,4060.2000,4060.0000,4059.2000,4058.8000,4058.2000,4060.8000,4061.0000,4061.2000,4061.8000,4062.4000,1,2,1,1,1,2,1,1,1,2
SF,IF2006,2020-02-19 13:00:44.900,4060.6000,23885,0,5001058500.000,0,-,-,-,-,4060.2000,4060.0000,4059.2000,4058.8000,4058.2000,4061.0000,4061.2000,4061.8000,4062.4000,4062.6000,1,2,1,1,1,1,1,1,2,2
SF,IF2006,2020-02-19 13:00:45.900,4060.6000,23885,0,5001058500.000,0,-,-,-,-,4060.0000,4059.2000,4058.8000,4058.2000,4057.8000,4060.8000,4061.0000,4061.2000,4061.8000,4062.4000,2,1,1,1,4,1,1,1,1,2
SF,IF2006,2020-02-19 13:00:46.400,4060.6000,23885,0,5001058500.000,0,-,-,-,-,4060.0000,4059.2000,4058.8000,4058.2000,4057.8000,4060.8000,4061.0000,4061.2000,4061.8000,4062.4000,2,1,1,1,4,2,1,1,1,2
SF,IF2006,2020-02-19 13:00:48.400,4060.6000,23885,0,5001058500.000,0,-,-,-,-,4060.2000,4060.0000,4059.2000,4058.8000,4058.2000,4060.8000,4061.0000,4061.2000,4061.8000,4062.4000,2,2,1,1,1,2,1,1,1,2
SF,IF2006,2020-02-19 13:00:48.900,4060.6000,23885,0,5001058500.000,0,-,-,-,-,4060.6000,4060.2000,4060.0000,4059.2000,4058.8000,4060.8000,4061.0000,4061.2000,4061.8000,4062.4000,1,1,2,1,1,2,1,1,1,2
SF,IF2006,2020-02-19 13:00:49.400,4060.6000,23886,1,5002276680.000,1,1,0,双开,B,4060.2000,4060.0000,4059.2000,4058.8000,4058.2000,4060.8000,4061.0000,4061.2000,4061.8000,4062.4000,1,2,1,1,1,2,1,1,1,2
SF,IF2006,2020-02-19 13:00:49.900,4060.6000,23886,0,5002276680.000,0,-,-,-,-,4060.0000,4059.8000,4059.2000,4058.8000,4058.2000,4060.8000,4061.0000,4061.2000,4061.8000,4062.4000,2,1,1,1,1,2,1,1,1,2
SF,IF2006,2020-02-19 13:00:50.900,4060.6000,23886,0,5002276680.000,0,-,-,-,-,4060.0000,4059.8000,4059.2000,4058.8000,4058.2000,4060.6000,4060.8000,4061.0000,4061.2000,4061.8000,3,1,1,1,1,2,1,1,1,1
SF,IF2006,2020-02-19 13:00:51.400,4060.6000,23886,0,5002276680.000,0,-,-,-,-,4060.0000,4059.8000,4059.2000,4058.8000,4058.2000,4060.6000,4060.8000,4061.0000,4061.8000,4062.4000,3,1,1,1,1,2,1,1,1,2
SF,IF2006,2020-02-19 13:00:51.900,4060.6000,23886,0,5002276680.000,0,-,-,-,-,4060.0000,4059.2000,4058.8000,4058.2000,4057.8000,4060.6000,4060.8000,4061.0000,4061.8000,4062.4000,3,1,1,1,4,1,1,1,1,2
SF,IF2006,2020-02-19 13:00:52.400,4060.6000,23886,0,5002276680.000,0,-,-,-,-,4060.0000,4059.2000,4058.8000,4058.2000,4057.8000,4060.4000,4060.6000,4060.8000,4061.0000,4061.8000,3,1,1,1,4,1,1,1,1,1
SF,IF2006,2020-02-19 13:00:52.900,4060.6000,23886,0,5002276680.000,0,-,-,-,-,4060.0000,4059.2000,4058.8000,4058.2000,4057.8000,4060.4000,4060.6000,4060.8000,4061.8000,4062.4000,3,1,1,1,4,1,1,1,1,2
SF,IF2006,2020-02-19 13:00:53.400,4060.0000,23886,0,5003494680.000,1,0,1,空换,B,4060.0000,4059.2000,4058.8000,4058.2000,4057.8000,4060.4000,4060.6000,4060.8000,4061.8000,4062.4000,2,1,1,1,4,1,1,1,1,2
SF,IF2006,2020-02-19 13:00:53.900,4060.0000,23886,0,5003494680.000,0,-,-,-,-,4060.0000,4059.2000,4058.8000,4058.2000,4057.8000,4060.4000,4060.6000,4060.8000,4061.8000,4062.0000,2,1,1,1,4,1,1,1,1,6
SF,IF2006,2020-02-19 13:00:54.900,4060.0000,23886,0,5004712680.000,1,0,1,空换,B,4060.0000,4059.2000,4058.8000,4058.2000,4057.8000,4060.4000,4060.6000,4060.8000,4061.8000,4062.0000,1,1,1,1,4,1,1,1,1,6
SF,IF2006,2020-02-19 13:00:55.900,4060.0000,23886,0,5004712680.000,0,-,-,-,-,4060.0000,4059.2000,4058.8000,4058.2000,4057.8000,4060.4000,4060.6000,4060.8000,4061.8000,4062.0000,1,1,1,1,4,1,1,1,1,6
SF,IF2006,2020-02-19 13:00:56.900,4060.0000,23887,1,5005930680.000,1,1,0,双开,B,4059.2000,4058.8000,4058.2000,4057.8000,4057.0000,4060.4000,4060.8000,4061.8000,4062.0000,4062.4000,1,1,1,4,2,1,1,1,6,2
SF,IF2006,2020-02-19 13:00:57.400,4060.0000,23887,0,5005930680.000,0,-,-,-,-,4059.4000,4059.2000,4058.8000,4058.2000,4057.8000,4060.4000,4060.8000,4061.8000,4062.0000,4062.4000,4,1,1,1,4,1,1,1,6,2
SF,IF2006,2020-02-19 13:00:57.900,4060.0000,23887,0,5005930680.000,0,-,-,-,-,4059.6000,4059.4000,4059.2000,4058.8000,4058.2000,4060.4000,4060.8000,4061.8000,4062.0000,4062.4000,1,4,1,1,1,1,1,1,6,2
SF,IF2006,2020-02-19 13:00:58.900,4060.0000,23887,0,5005930680.000,0,-,-,-,-,4059.6000,4059.4000,4059.2000,4058.8000,4058.2000,4060.0000,4060.4000,4060.8000,4061.8000,4062.0000,1,4,1,1,1,1,1,1,1,6
SF,IF2006,2020-02-19 13:00:59.400,4060.0000,23887,0,5005930680.000,0,-,-,-,-,4059.6000,4059.4000,4059.2000,4058.8000,4058.2000,4060.0000,4060.4000,4060.8000,4061.8000,4062.0000,1,3,1,1,1,1,1,1,1,6
SF,IF2006,2020-02-19 13:00:59.900,4060.0000,23887,0,5005930680.000,0,-,-,-,-,4059.4000,4059.2000,4058.8000,4058.2000,4057.8000,4060.0000,4060.4000,4060.8000,4061.8000,4062.0000,3,1,1,1,4,1,1,1,1,6
SF,IF2006,2020-02-19 13:01:00.400,4060.0000,23887,0,5005930680.000,0,-,-,-,-,4059.4000,4059.2000,4058.8000,4058.2000,4057.8000,4060.0000,4060.4000,4060.8000,4061.8000,4062.0000,2,1,1,1,4,1,1,1,1,6
SF,IF2006,2020-02-19 13:01:01.400,4060.0000,23886,-1,5007148680.000,1,0,1,双平,B,4059.6000,4059.4000,4059.2000,4058.8000,4058.2000,4060.4000,4060.8000,4061.8000,4062.0000,4062.4000,1,2,1,1,1,1,1,1,6,2
SF,IF2006,2020-02-19 13:01:02.900,4060.0000,23886,0,5007148680.000,0,-,-,-,-,4059.6000,4059.4000,4059.2000,4058.8000,4058.2000,4060.4000,4060.8000,4061.8000,4062.0000,4062.4000,1,2,1,1,1,1,1,1,6,2
SF,IF2006,2020-02-19 13:01:03.400,4059.4000,23883,-3,5010802200.000,3,0,3,双平,B,4059.2000,4058.8000,4058.2000,4057.8000,4057.0000,4060.4000,4060.8000,4061.8000,4062.0000,4062.4000,1,1,1,4,2,1,1,1,6,2
SF,IF2006,2020-02-19 13:01:03.900,4059.4000,23883,0,5010802200.000,0,-,-,-,-,4059.2000,4058.8000,4058.2000,4057.8000,4057.0000,4060.2000,4060.4000,4060.8000,4061.8000,4062.0000,1,1,1,4,2,2,1,1,1,6
SF,IF2006,2020-02-19 13:01:04.900,4059.4000,23883,0,5010802200.000,0,-,-,-,-,4059.2000,4058.8000,4058.2000,4057.8000,4057.0000,4060.0000,4060.2000,4060.4000,4060.8000,4061.8000,1,1,1,4,2,1,2,1,1,1
SF,IF2006,2020-02-19 13:01:05.400,4059.4000,23883,0,5010802200.000,0,-,-,-,-,4059.2000,4058.8000,4058.2000,4057.8000,4057.0000,4059.8000,4060.0000,4060.2000,4060.4000,4060.8000,1,1,1,4,2,1,1,2,1,1
SF,IF2006,2020-02-19 13:01:05.900,4059.2000,23883,0,5012019960.000,1,0,1,空换,B,4058.8000,4058.2000,4057.8000,4057.0000,4056.0000,4059.8000,4060.0000,4060.2000,4060.8000,4061.8000,1,1,4,2,1,1,1,2,1,1
SF,IF2006,2020-02-19 13:01:06.400,4059.2000,23883,0,5012019960.000,0,-,-,-,-,4058.8000,4058.2000,4057.8000,4057.0000,4056.0000,4059.6000,4059.8000,4060.2000,4060.8000,4061.8000,1,1,4,2,1,2,1,1,1,1
SF,IF2006,2020-02-19 13:01:06.900,4059.2000,23883,0,5012019960.000,0,-,-,-,-,4058.8000,4058.2000,4057.8000,4057.0000,4056.0000,4059.6000,4059.8000,4060.2000,4060.8000,4061.8000,1,1,4,2,1,2,1,1,1,1
SF,IF2006,2020-02-19 13:01:09.900,4059.2000,23883,0,5012019960.000,0,-,-,-,-,4058.8000,4058.2000,4057.8000,4057.0000,4056.0000,4059.6000,4059.8000,4060.2000,4061.8000,4062.0000,1,1,4,2,1,2,1,1,1,6
SF,IF2006,2020-02-19 13:01:10.400,4059.2000,23883,0,5012019960.000,0,-,-,-,-,4058.8000,4058.2000,4057.8000,4057.0000,4056.0000,4059.4000,4059.6000,4059.8000,4060.2000,4061.8000,1,1,4,2,1,1,2,1,1,1
SF,IF2006,2020-02-19 13:01:10.900,4059.2000,23883,0,5012019960.000,0,-,-,-,-,4058.8000,4058.2000,4057.8000,4057.0000,4056.0000,4059.2000,4059.4000,4059.8000,4060.2000,4061.8000,1,1,4,2,1,2,1,1,1,1
SF,IF2006,2020-02-19 13:01:11.400,4058.8000,23884,1,5013237600.000,1,1,0,双开,B,4058.2000,4057.8000,4057.0000,4056.0000,4053.2000,4059.2000,4059.4000,4059.8000,4060.2000,4061.8000,1,4,2,1,1,2,2,1,1,1
SF,IF2006,2020-02-19 13:01:12.900,4058.8000,23884,0,5013237600.000,0,-,-,-,-,4058.2000,4057.8000,4057.0000,4056.0000,4053.2000,4059.0000,4059.2000,4059.4000,4059.8000,4060.2000,1,4,2,1,1,1,2,2,1,1
SF,IF2006,2020-02-19 13:01:13.400,4058.8000,23884,0,5013237600.000,0,-,-,-,-,4058.2000,4057.8000,4057.0000,4056.0000,4053.2000,4059.2000,4059.4000,4059.8000,4060.2000,4061.8000,1,4,2,1,1,2,2,1,1,1
SF,IF2006,2020-02-19 13:01:13.900,4058.8000,23884,0,5013237600.000,0,-,-,-,-,4058.2000,4057.8000,4057.0000,4056.0000,4053.2000,4059.2000,4059.4000,4059.8000,4061.8000,4062.0000,1,4,2,1,1,2,2,1,1,6
SF,IF2006,2020-02-19 13:01:14.400,4058.8000,23884,0,5013237600.000,0,-,-,-,-,4058.2000,4057.8000,4057.0000,4056.0000,4053.2000,4059.0000,4059.2000,4059.4000,4059.8000,4061.8000,1,4,2,1,1,1,2,2,1,1
SF,IF2006,2020-02-19 13:01:14.900,4058.8000,23884,0,5013237600.000,0,-,-,-,-,4058.2000,4057.8000,4057.0000,4056.0000,4053.2000,4059.2000,4059.4000,4059.8000,4061.0000,4061.8000,1,4,2,1,1,2,1,1,1,1
SF,IF2006,2020-02-19 13:01:15.400,4058.8000,23884,0,5013237600.000,0,-,-,-,-,4058.8000,4058.2000,4057.8000,4057.0000,4056.0000,4059.2000,4059.4000,4059.8000,4061.0000,4061.8000,1,1,4,2,1,2,1,1,1,1
SF,IF2006,2020-02-19 13:01:15.900,4058.8000,23884,0,5013237600.000,0,-,-,-,-,4058.8000,4058.4000,4058.2000,4057.8000,4057.0000,4059.2000,4059.4000,4059.8000,4061.0000,4061.8000,1,1,2,4,2,2,1,1,1,1
SF,IF2006,2020-02-19 13:01:16.900,4059.2000,23883,-1,5014455360.000,1,0,1,双平,B,4058.8000,4058.2000,4057.8000,4057.0000,4056.0000,4059.2000,4059.4000,4059.8000,4061.0000,4061.8000,1,2,4,2,1,1,1,1,1,1
SF,IF2006,2020-02-19 13:01:18.400,4059.2000,23883,0,5014455360.000,0,-,-,-,-,4058.8000,4058.2000,4057.8000,4057.0000,4056.0000,4059.2000,4059.8000,4061.0000,4061.8000,4062.0000,1,2,4,2,1,1,1,1,1,6
SF,IF2006,2020-02-19 13:01:18.900,4058.8000,23885,2,5016890700.000,2,2,0,双开,B,4058.2000,4057.8000,4057.0000,4056.0000,4053.2000,4059.2000,4061.0000,4061.8000,4062.0000,4062.4000,2,4,2,1,1,1,1,1,6,2
SF,IF2006,2020-02-19 13:01:19.400,4058.8000,23885,0,5016890700.000,0,-,-,-,-,4058.4000,4058.2000,4057.8000,4057.0000,4056.0000,4059.0000,4059.2000,4061.0000,4061.8000,4062.0000,2,2,4,2,1,1,1,1,1,6
SF,IF2006,2020-02-19 13:01:19.900,4058.8000,23885,0,5016890700.000,0,-,-,-,-,4058.4000,4058.2000,4057.8000,4057.0000,4056.0000,4059.0000,4061.0000,4061.8000,4062.0000,4062.4000,2,1,4,2,1,1,1,1,6,2
SF,IF2006,2020-02-19 13:01:20.400,4058.8000,23885,0,5016890700.000,0,-,-,-,-,4058.8000,4058.4000,4058.2000,4057.8000,4057.0000,4059.0000,4061.0000,4061.8000,4062.0000,4062.4000,1,2,1,4,2,1,1,1,6,2
SF,IF2006,2020-02-19 13:01:20.900,4058.8000,23885,0,5016890700.000,0,-,-,-,-,4058.8000,4058.4000,4058.2000,4057.8000,4057.0000,4059.0000,4060.8000,4061.0000,4061.8000,4062.0000,1,2,1,4,2,1,1,1,1,6
SF,IF2006,2020-02-19 13:01:21.900,4059.0000,23886,1,5018108400.000,1,1,0,双开,B,4058.8000,4058.4000,4058.2000,4057.8000,4057.0000,4060.8000,4061.0000,4061.8000,4062.0000,4062.4000,1,2,1,4,2,1,1,1,6,2
SF,IF2006,2020-02-19 13:01:22.400,4059.0000,23886,0,5018108400.000,0,-,-,-,-,4059.0000,4058.8000,4058.4000,4058.2000,4057.8000,4060.0000,4060.2000,4060.4000,4060.6000,4060.8000,1,1,2,2,4,2,2,2,3,6
SF,IF2006,2020-02-19 13:01:22.900,4059.0000,23885,-1,5019326100.000,1,0,1,双平,B,4058.8000,4058.4000,4058.2000,4057.8000,4057.0000,4059.6000,4059.8000,4060.0000,4060.2000,4060.4000,1,2,2,4,2,1,6,1,1,2
SF,IF2006,2020-02-19 13:01:23.400,4058.8000,23885,0,5020543740.000,1,0,1,空换,B,4058.4000,4058.2000,4057.8000,4057.0000,4056.0000,4059.4000,4059.6000,4059.8000,4060.0000,4060.2000,2,2,4,2,1,3,2,3,1,1
SF,IF2006,2020-02-19 13:01:23.900,4058.8000,23885,0,5020543740.000,0,-,-,-,-,4058.4000,4058.2000,4057.8000,4057.0000,4056.0000,4059.2000,4059.4000,4059.6000,4059.8000,4060.0000,2,2,4,2,1,2,5,1,3,1
SF,IF2006,2020-02-19 13:01:24.400,4058.8000,23885,0,5020543740.000,0,-,-,-,-,4058.4000,4058.2000,4057.8000,4057.0000,4056.0000,4059.2000,4059.4000,4059.6000,4059.8000,4060.0000,2,1,4,2,1,3,4,1,2,1
SF,IF2006,2020-02-19 13:01:24.900,4058.8000,23885,0,5020543740.000,0,-,-,-,-,4058.2000,4057.8000,4057.0000,4056.0000,4053.2000,4059.2000,4059.4000,4059.8000,4060.0000,4060.2000,1,4,2,1,1,4,3,2,1,1
SF,IF2006,2020-02-19 13:01:25.400,4058.8000,23885,0,5020543740.000,0,-,-,-,-,4058.2000,4057.8000,4057.0000,4056.0000,4053.2000,4059.0000,4059.2000,4059.8000,4060.0000,4060.2000,1,4,2,1,1,3,3,1,1,1
SF,IF2006,2020-02-19 13:01:25.900,4058.2000,23885,0,5021761200.000,1,0,1,空换,B,4057.8000,4057.0000,4056.0000,4053.2000,4053.0000,4058.6000,4058.8000,4059.0000,4059.2000,4060.0000,4,2,1,1,1,1,1,5,3,1
SF,IF2006,2020-02-19 13:01:26.400,4058.2000,23885,0,5021761200.000,0,-,-,-,-,4057.8000,4057.0000,4056.0000,4053.2000,4053.0000,4058.4000,4058.6000,4059.0000,4059.2000,4060.0000,4,2,1,1,1,3,2,2,3,1
SF,IF2006,2020-02-19 13:01:26.900,4057.8000,23887,2,5024195880.000,2,2,0,双开,B,4057.8000,4057.0000,4056.0000,4053.2000,4053.0000,4058.4000,4059.2000,4060.0000,4060.2000,4060.4000,2,2,1,1,1,2,3,1,1,2
SF,IF2006,2020-02-19 13:01:27.400,4057.8000,23889,2,5026630560.000,2,2,0,双开,B,4057.0000,4056.0000,4053.2000,4053.0000,4052.8000,4058.4000,4059.2000,4060.0000,4060.2000,4060.4000,2,1,1,1,3,2,2,1,1,2
SF,IF2006,2020-02-19 13:01:27.900,4057.8000,23889,0,5026630560.000,0,-,-,-,-,4057.2000,4057.0000,4056.0000,4053.2000,4053.0000,4058.2000,4058.4000,4059.2000,4060.0000,4060.2000,2,2,1,1,1,2,2,2,1,1
SF,IF2006,2020-02-19 13:01:28.400,4057.8000,23889,0,5026630560.000,0,-,-,-,-,4057.2000,4057.0000,4056.0000,4053.2000,4053.0000,4058.2000,4058.4000,4059.2000,4060.0000,4060.2000,2,2,1,1,1,1,2,2,1,1
SF,IF2006,2020-02-19 13:01:28.900,4057.8000,23889,0,5026630560.000,0,-,-,-,-,4057.2000,4057.0000,4056.0000,4053.2000,4053.0000,4058.2000,4058.4000,4059.2000,4060.0000,4060.2000,2,2,1,1,1,1,2,2,1,1
SF,IF2006,2020-02-19 13:01:29.400,4057.8000,23889,0,5026630560.000,0,-,-,-,-,4057.2000,4057.0000,4056.0000,4053.2000,4053.0000,4058.2000,4058.4000,4059.2000,4060.0000,4060.4000,2,2,1,1,1,1,2,2,1,2
SF,IF2006,2020-02-19 13:01:30.900,4057.8000,23889,0,5026630560.000,0,-,-,-,-,4057.2000,4057.0000,4056.0000,4053.2000,4053.0000,4057.6000,4058.2000,4058.4000,4059.2000,4060.0000,2,2,1,1,1,1,2,2,2,1
SF,IF2006,2020-02-19 13:01:31.400,4057.8000,23889,0,5026630560.000,0,-,-,-,-,4057.0000,4056.0000,4053.2000,4053.0000,4052.8000,4058.2000,4058.4000,4059.2000,4060.0000,4060.4000,2,1,1,1,3,1,2,2,1,2
SF,IF2006,2020-02-19 13:01:31.900,4057.8000,23889,0,5026630560.000,0,-,-,-,-,4057.0000,4056.0000,4053.2000,4053.0000,4052.8000,4058.0000,4058.2000,4059.2000,4060.0000,4060.4000,2,1,1,1,3,4,1,2,1,2
SF,IF2006,2020-02-19 13:01:32.400,4057.8000,23889,0,5026630560.000,0,-,-,-,-,4057.0000,4056.0000,4053.2000,4053.0000,4052.8000,4057.8000,4058.0000,4058.2000,4059.2000,4060.0000,2,1,1,1,3,1,3,1,2,1
SF,IF2006,2020-02-19 13:01:32.900,4057.8000,23889,0,5026630560.000,0,-,-,-,-,4057.0000,4056.0000,4053.2000,4053.0000,4052.8000,4057.8000,4058.0000,4058.2000,4059.2000,4060.0000,2,1,1,1,3,1,2,1,2,1
SF,IF2006,2020-02-19 13:01:33.400,4057.8000,23889,0,5026630560.000,0,-,-,-,-,4057.2000,4057.0000,4056.0000,4053.2000,4053.0000,4057.8000,4058.0000,4058.2000,4059.2000,4060.0000,1,2,1,1,1,1,2,1,2,1
SF,IF2006,2020-02-19 13:01:33.900,4057.8000,23890,1,5027847900.000,1,1,0,双开,B,4057.2000,4057.0000,4056.0000,4053.2000,4053.0000,4058.2000,4059.2000,4060.0000,4060.4000,4060.6000,1,2,1,1,1,1,1,1,1,2
SF,IF2006,2020-02-19 13:01:34.400,4057.8000,23890,0,5027847900.000,0,-,-,-,-,4057.4000,4057.2000,4057.0000,4056.0000,4053.2000,4058.2000,4059.2000,4060.0000,4060.4000,4060.6000,3,1,2,1,1,1,1,1,1,2
SF,IF2006,2020-02-19 13:01:34.900,4057.8000,23890,0,5027847900.000,0,-,-,-,-,4057.4000,4057.2000,4057.0000,4056.0000,4053.2000,4058.2000,4059.2000,4060.0000,4060.4000,4060.6000,4,1,2,1,1,1,1,1,1,2
SF,IF2006,2020-02-19 13:01:37.900,4057.8000,23890,0,5027847900.000,0,-,-,-,-,4057.4000,4057.2000,4057.0000,4056.0000,4053.8000,4058.2000,4059.2000,4060.0000,4060.4000,4060.6000,3,1,2,1,1,1,1,1,1,2
SF,IF2006,2020-02-19 13:01:38.400,4057.8000,23890,0,5027847900.000,0,-,-,-,-,4057.2000,4057.0000,4056.0000,4053.8000,4053.2000,4058.2000,4059.2000,4060.0000,4060.4000,4060.6000,1,2,1,1,1,1,1,1,1,2
SF,IF2006,2020-02-19 13:01:38.900,4057.8000,23890,0,5027847900.000,0,-,-,-,-,4057.0000,4056.0000,4053.8000,4053.2000,4053.0000,4059.2000,4060.0000,4060.4000,4060.6000,4060.8000,2,1,1,1,1,1,1,1,2,5
SF,IF2006,2020-02-19 13:01:39.400,4057.8000,23890,0,5027847900.000,0,-,-,-,-,4057.4000,4057.2000,4057.0000,4056.0000,4053.8000,4058.6000,4058.8000,4059.0000,4059.2000,4060.0000,1,2,2,1,1,1,1,6,1,1
SF,IF2006,2020-02-19 13:01:39.900,4057.8000,23890,0,5027847900.000,0,-,-,-,-,4057.6000,4057.4000,4057.0000,4056.0000,4053.8000,4058.4000,4058.6000,4058.8000,4059.0000,4059.2000,2,1,2,1,1,3,1,1,3,1
SF,IF2006,2020-02-19 13:01:40.400,4057.8000,23890,0,5027847900.000,0,-,-,-,-,4057.0000,4056.0000,4053.8000,4053.2000,4053.0000,4058.4000,4058.6000,4058.8000,4059.0000,4059.2000,2,1,1,1,1,3,1,1,2,1
SF,IF2006,2020-02-19 13:01:40.900,4057.8000,23890,0,5027847900.000,0,-,-,-,-,4057.2000,4057.0000,4056.0000,4053.8000,4053.2000,4058.4000,4058.8000,4059.0000,4059.2000,4060.0000,2,2,1,1,1,3,1,2,1,1
SF,IF2006,2020-02-19 13:01:41.400,4057.8000,23890,0,5027847900.000,0,-,-,-,-,4057.4000,4057.2000,4057.0000,4056.0000,4053.8000,4058.4000,4058.8000,4059.0000,4059.2000,4060.0000,1,2,2,1,1,3,1,2,1,1
SF,IF2006,2020-02-19 13:01:41.900,4057.8000,23890,0,5027847900.000,0,-,-,-,-,4057.4000,4057.2000,4057.0000,4056.0000,4053.8000,4058.4000,4058.8000,4059.0000,4059.2000,4060.0000,2,2,2,1,1,2,1,2,1,1
SF,IF2006,2020-02-19 13:01:42.400,4057.8000,23890,0,5027847900.000,0,-,-,-,-,4057.4000,4057.2000,4057.0000,4056.0000,4053.8000,4058.4000,4058.8000,4059.0000,4059.2000,4060.0000,2,2,2,1,1,2,1,1,1,1
SF,IF2006,2020-02-19 13:01:42.900,4057.8000,23890,0,5027847900.000,0,-,-,-,-,4057.4000,4057.0000,4056.0000,4053.8000,4053.2000,4058.2000,4058.4000,4058.6000,4059.0000,4059.2000,2,2,1,1,1,1,2,1,1,1
SF,IF2006,2020-02-19 13:01:43.400,4057.8000,23890,0,5027847900.000,0,-,-,-,-,4057.0000,4056.0000,4053.8000,4053.2000,4053.0000,4058.2000,4058.4000,4059.0000,4059.2000,4060.0000,2,1,1,1,1,2,2,1,1,1
SF,IF2006,2020-02-19 13:01:43.900,4057.8000,23890,0,5027847900.000,0,-,-,-,-,4057.2000,4057.0000,4056.0000,4053.8000,4053.2000,4058.0000,4058.2000,4059.2000,4060.0000,4060.4000,2,2,1,1,1,3,2,1,1,1
SF,IF2006,2020-02-19 13:01:44.400,4057.8000,23890,0,5027847900.000,0,-,-,-,-,4057.2000,4057.0000,4056.0000,4053.8000,4053.2000,4058.0000,4059.2000,4060.0000,4060.4000,4060.6000,2,2,1,1,1,3,1,1,1,1
SF,IF2006,2020-02-19 13:01:44.900,4057.8000,23890,0,5027847900.000,0,-,-,-,-,4057.4000,4057.2000,4057.0000,4056.0000,4053.8000,4058.0000,4059.2000,4060.0000,4060.4000,4060.6000,1,2,2,1,1,3,1,1,1,1
SF,IF2006,2020-02-19 13:01:45.400,4057.8000,23890,0,5027847900.000,0,-,-,-,-,4057.4000,4057.2000,4057.0000,4056.0000,4053.8000,4057.8000,4058.0000,4059.2000,4060.0000,4060.4000,1,2,2,1,1,1,3,1,1,1
SF,IF2006,2020-02-19 13:01:45.900,4057.8000,23890,0,5027847900.000,0,-,-,-,-,4057.4000,4057.0000,4056.0000,4053.8000,4053.2000,4057.8000,4058.0000,4059.2000,4060.0000,4060.4000,1,2,1,1,1,1,3,1,1,1
SF,IF2006,2020-02-19 13:01:46.400,4057.8000,23890,0,5027847900.000,0,-,-,-,-,4057.0000,4056.6000,4056.0000,4053.8000,4053.2000,4057.8000,4059.2000,4060.0000,4060.4000,4060.6000,2,1,1,1,1,1,1,1,1,1
SF,IF2006,2020-02-19 13:01:46.900,4057.2000,23888,-2,5030282220.000,2,0,2,双平,B,4057.4000,4057.2000,4057.0000,4056.6000,4056.0000,4057.8000,4059.2000,4060.0000,4060.4000,4060.6000,1,4,2,1,1,1,1,1,1,1
SF,IF2006,2020-02-19 13:01:47.400,4057.4000,23889,1,5032716780.000,2,1,1,多开,B,4057.2000,4057.0000,4056.6000,4056.0000,4053.8000,4059.2000,4060.0000,4060.4000,4060.6000,4060.8000,4,2,1,1,1,1,1,1,1,5
SF,IF2006,2020-02-19 13:01:47.900,4057.4000,23889,0,5032716780.000,0,-,-,-,-,4057.2000,4057.0000,4056.6000,4056.0000,4053.8000,4059.0000,4059.2000,4060.0000,4060.4000,4060.6000,4,2,1,1,1,6,1,1,1,1
SF,IF2006,2020-02-19 13:01:48.400,4057.4000,23889,0,5032716780.000,0,-,-,-,-,4057.4000,4057.2000,4057.0000,4056.6000,4056.0000,4059.0000,4059.2000,4060.0000,4060.4000,4060.6000,1,5,2,1,1,6,1,1,1,1
SF,IF2006,2020-02-19 13:01:48.900,4057.4000,23889,0,5032716780.000,0,-,-,-,-,4057.6000,4057.4000,4057.2000,4057.0000,4056.6000,4059.0000,4059.2000,4060.0000,4060.4000,4060.6000,2,1,3,2,1,6,1,1,1,1
SF,IF2006,2020-02-19 13:01:49.400,4057.4000,23889,0,5032716780.000,0,-,-,-,-,4057.6000,4057.4000,4057.2000,4057.0000,4056.6000,4059.0000,4059.2000,4060.0000,4060.4000,4060.6000,2,1,3,2,1,5,1,1,1,1
SF,IF2006,2020-02-19 13:01:49.900,4057.4000,23889,0,5032716780.000,0,-,-,-,-,4057.6000,4057.4000,4057.2000,4057.0000,4056.6000,4058.8000,4059.0000,4059.2000,4060.0000,4060.4000,2,1,3,2,1,1,5,1,1,1
SF,IF2006,2020-02-19 13:01:50.400,4057.4000,23889,0,5032716780.000,0,-,-,-,-,4057.6000,4057.4000,4057.2000,4057.0000,4056.6000,4058.6000,4058.8000,4059.0000,4059.2000,4060.0000,2,1,3,2,1,3,1,2,1,1
SF,IF2006,2020-02-19 13:01:50.900,4057.4000,23889,0,5032716780.000,0,-,-,-,-,4057.6000,4057.4000,4057.2000,4057.0000,4056.6000,4058.6000,4058.8000,4059.0000,4059.2000,4060.0000,2,1,1,2,1,4,1,2,1,1
SF,IF2006,2020-02-19 13:01:51.400,4057.4000,23889,0,5032716780.000,0,-,-,-,-,4057.2000,4057.0000,4056.6000,4056.0000,4053.8000,4058.6000,4059.0000,4059.2000,4060.0000,4060.4000,1,2,1,1,1,4,2,1,1,1
SF,IF2006,2020-02-19 13:01:51.900,4057.4000,23889,0,5032716780.000,0,-,-,-,-,4057.4000,4057.2000,4057.0000,4056.6000,4056.0000,4058.6000,4058.8000,4059.0000,4059.2000,4060.0000,2,1,2,1,1,4,1,2,1,1
SF,IF2006,2020-02-19 13:01:52.400,4057.4000,23889,0,5032716780.000,0,-,-,-,-,4057.4000,4057.2000,4057.0000,4056.6000,4056.0000,4058.6000,4058.8000,4059.0000,4059.2000,4060.0000,2,1,2,1,1,4,1,2,1,1
SF,IF2006,2020-02-19 13:01:52.900,4057.4000,23889,0,5032716780.000,0,-,-,-,-,4057.6000,4057.4000,4057.2000,4057.0000,4056.6000,4058.6000,4058.8000,4059.0000,4059.2000,4060.0000,2,2,1,2,1,4,1,2,1,1
SF,IF2006,2020-02-19 13:01:53.900,4057.4000,23889,0,5032716780.000,0,-,-,-,-,4057.8000,4057.6000,4057.4000,4057.2000,4057.0000,4058.6000,4058.8000,4059.0000,4059.2000,4060.0000,1,2,2,1,2,2,1,2,1,1
SF,IF2006,2020-02-19 13:01:54.400,4057.4000,23889,0,5032716780.000,0,-,-,-,-,4058.0000,4057.8000,4057.6000,4057.4000,4057.0000,4058.8000,4059.0000,4059.2000,4060.0000,4060.4000,1,1,2,2,2,1,2,1,1,1
SF,IF2006,2020-02-19 13:01:56.400,4057.4000,23889,0,5032716780.000,0,-,-,-,-,4058.0000,4057.8000,4057.6000,4057.4000,4057.0000,4058.8000,4059.0000,4059.2000,4060.0000,4060.4000,1,1,1,2,2,1,2,1,1,1
SF,IF2006,2020-02-19 13:01:56.900,4058.8000,23889,0,5033934420.000,1,0,1,空换,B,4058.0000,4057.8000,4057.6000,4057.4000,4057.0000,4059.0000,4060.0000,4060.4000,4060.6000,4060.8000,1,1,1,2,2,1,1,1,1,5
SF,IF2006,2020-02-19 13:01:57.400,4058.8000,23889,0,5033934420.000,0,-,-,-,-,4058.0000,4057.8000,4057.6000,4057.4000,4057.0000,4060.0000,4060.4000,4060.6000,4060.8000,4061.0000,1,1,1,2,2,1,1,1,5,1
SF,IF2006,2020-02-19 13:01:57.900,4058.8000,23889,0,5033934420.000,0,-,-,-,-,4058.2000,4058.0000,4057.8000,4057.6000,4057.4000,4059.4000,4059.6000,4059.8000,4060.0000,4060.6000,2,1,1,1,2,1,1,3,1,1
SF,IF2006,2020-02-19 13:01:58.400,4059.2000,23889,0,5035152180.000,1,0,1,空换,B,4058.2000,4058.0000,4057.8000,4057.6000,4057.4000,4059.2000,4059.4000,4059.6000,4059.8000,4060.0000,2,1,1,1,2,2,1,2,2,1
SF,IF2006,2020-02-19 13:01:59.900,4059.2000,23889,0,5036369940.000,1,0,1,空换,B,4058.2000,4058.0000,4057.8000,4057.6000,4057.4000,4059.2000,4059.4000,4059.6000,4059.8000,4060.0000,2,1,1,1,2,2,1,2,2,1
SF,IF2006,2020-02-19 13:02:00.400,4059.2000,23889,0,5036369940.000,0,-,-,-,-,4058.2000,4058.0000,4057.8000,4057.6000,4057.4000,4059.2000,4059.4000,4059.6000,4059.8000,4060.0000,1,1,1,1,2,2,1,2,2,1
SF,IF2006,2020-02-19 13:02:00.900,4059.2000,23889,0,5036369940.000,0,-,-,-,-,4058.4000,4058.2000,4058.0000,4057.8000,4057.6000,4059.2000,4059.4000,4059.6000,4059.8000,4060.0000,2,1,1,1,1,2,1,2,2,1
SF,IF2006,2020-02-19 13:02:01.400,4059.2000,23889,0,5036369940.000,0,-,-,-,-,4058.4000,4058.2000,4058.0000,4057.8000,4057.6000,4059.2000,4059.4000,4059.6000,4059.8000,4060.0000,2,1,1,1,1,3,1,1,1,1
SF,IF2006,2020-02-19 13:02:02.400,4059.2000,23889,0,5036369940.000,0,-,-,-,-,4058.4000,4058.2000,4058.0000,4057.6000,4057.0000,4059.2000,4059.4000,4059.6000,4059.8000,4060.0000,2,1,1,1,2,3,1,1,1,1
SF,IF2006,2020-02-19 13:02:03.400,4058.4000,23889,0,5037587460.000,1,0,1,空换,B,4058.4000,4058.2000,4058.0000,4057.6000,4057.0000,4059.2000,4059.4000,4059.6000,4059.8000,4060.0000,1,1,1,1,2,3,1,1,1,1
SF,IF2006,2020-02-19 13:02:03.900,4058.4000,23889,0,5037587460.000,0,-,-,-,-,4058.4000,4058.0000,4057.6000,4057.0000,4056.6000,4059.2000,4059.4000,4059.6000,4059.8000,4060.0000,1,1,1,2,1,3,1,1,1,1
SF,IF2006,2020-02-19 13:02:04.900,4058.4000,23889,0,5037587460.000,0,-,-,-,-,4058.4000,4058.0000,4057.6000,4057.0000,4056.6000,4059.2000,4059.6000,4059.8000,4060.0000,4060.6000,1,1,1,2,1,2,1,1,1,1
SF,IF2006,2020-02-19 13:02:05.400,4058.4000,23889,0,5037587460.000,0,-,-,-,-,4058.6000,4058.4000,4057.0000,4056.6000,4056.0000,4059.8000,4060.0000,4060.6000,4060.8000,4061.0000,1,1,2,1,1,1,1,1,4,1
SF,IF2006,2020-02-19 13:02:05.900,4058.4000,23889,0,5037587460.000,0,-,-,-,-,4058.6000,4058.4000,4057.0000,4056.6000,4056.0000,4059.6000,4059.8000,4060.0000,4060.6000,4060.8000,1,1,2,1,1,3,1,1,1,4
SF,IF2006,2020-02-19 13:02:06.900,4058.4000,23889,0,5037587460.000,0,-,-,-,-,4058.4000,4058.2000,4057.0000,4056.6000,4056.0000,4059.6000,4059.8000,4060.0000,4060.6000,4060.8000,1,1,2,1,1,3,1,1,1,4
SF,IF2006,2020-02-19 13:02:08.400,4058.4000,23889,0,5037587460.000,0,-,-,-,-,4058.4000,4058.2000,4057.0000,4056.6000,4056.0000,4059.4000,4059.6000,4059.8000,4060.0000,4060.6000,1,1,2,1,1,1,3,1,1,1
SF,IF2006,2020-02-19 13:02:08.900,4058.4000,23889,0,5037587460.000,0,-,-,-,-,4058.4000,4058.2000,4057.0000,4056.6000,4056.0000,4059.2000,4059.4000,4059.6000,4059.8000,4060.0000,1,1,2,1,1,1,1,2,1,1
SF,IF2006,2020-02-19 13:02:09.400,4058.4000,23889,0,5037587460.000,0,-,-,-,-,4058.2000,4057.0000,4056.6000,4056.0000,4053.8000,4059.2000,4059.4000,4059.6000,4059.8000,4060.0000,1,2,1,1,1,1,1,2,1,1
SF,IF2006,2020-02-19 13:02:09.900,4058.4000,23889,0,5037587460.000,0,-,-,-,-,4058.2000,4057.0000,4056.6000,4056.0000,4053.8000,4059.0000,4059.2000,4059.4000,4059.8000,4060.0000,1,2,1,1,1,2,1,1,1,1
SF,IF2006,2020-02-19 13:02:10.900,4058.4000,23889,0,5037587460.000,0,-,-,-,-,4058.2000,4057.0000,4056.6000,4056.0000,4053.8000,4058.8000,4059.0000,4059.4000,4059.8000,4060.0000,1,2,1,1,1,1,2,1,1,1
SF,IF2006,2020-02-19 13:02:11.400,4058.4000,23889,0,5037587460.000,0,-,-,-,-,4058.4000,4058.2000,4057.0000,4056.6000,4056.0000,4059.0000,4059.4000,4059.8000,4060.0000,4060.6000,1,1,2,1,1,2,1,1,1,1
SF,IF2006,2020-02-19 13:02:11.900,4058.4000,23889,0,5037587460.000,0,-,-,-,-,4058.4000,4058.2000,4057.0000,4056.6000,4056.0000,4059.4000,4059.8000,4060.0000,4060.6000,4060.8000,1,1,2,1,1,1,1,1,1,4
SF,IF2006,2020-02-19 13:02:12.400,4058.4000,23889,0,5037587460.000,0,-,-,-,-,4058.4000,4058.2000,4057.0000,4056.6000,4056.0000,4059.8000,4060.0000,4060.6000,4060.8000,4061.0000,1,1,2,1,1,1,1,1,4,1
SF,IF2006,2020-02-19 13:02:12.900,4058.4000,23889,0,5037587460.000,0,-,-,-,-,4058.6000,4058.4000,4058.2000,4057.0000,4056.6000,4059.6000,4059.8000,4060.6000,4060.8000,4061.0000,3,1,1,2,1,3,1,1,4,1
SF,IF2006,2020-02-19 13:02:13.400,4058.4000,23889,0,5037587460.000,0,-,-,-,-,4058.6000,4058.4000,4058.2000,4057.0000,4056.6000,4059.8000,4060.6000,4060.8000,4061.0000,4062.0000,3,1,1,2,1,1,1,3,1,6
SF,IF2006,2020-02-19 13:02:13.900,4058.4000,23889,0,5037587460.000,0,-,-,-,-,4058.6000,4058.4000,4058.2000,4057.2000,4057.0000,4059.6000,4060.6000,4060.8000,4061.0000,4062.0000,3,1,1,1,2,2,1,3,1,6
SF,IF2006,2020-02-19 13:02:14.400,4058.4000,23889,0,5037587460.000,0,-,-,-,-,4058.8000,4058.6000,4058.2000,4057.2000,4057.0000,4059.6000,4060.6000,4060.8000,4061.0000,4062.0000,1,3,1,1,2,2,1,3,1,6
SF,IF2006,2020-02-19 13:02:14.900,4058.4000,23889,0,5037587460.000,0,-,-,-,-,4058.8000,4058.6000,4058.2000,4057.2000,4057.0000,4060.6000,4060.8000,4061.0000,4062.0000,4062.6000,1,3,1,1,2,1,3,1,6,2
SF,IF2006,2020-02-19 13:02:15.400,4058.4000,23889,0,5037587460.000,0,-,-,-,-,4059.0000,4058.8000,4058.6000,4058.2000,4057.2000,4060.0000,4060.4000,4060.6000,4060.8000,4061.0000,3,1,1,1,1,1,5,2,3,1
SF,IF2006,2020-02-19 13:02:15.900,4058.4000,23889,0,5037587460.000,0,-,-,-,-,4059.0000,4058.8000,4058.2000,4057.2000,4057.0000,4060.0000,4060.4000,4060.6000,4060.8000,4061.0000,3,1,1,1,2,1,5,2,3,1
SF,IF2006,2020-02-19 13:02:16.400,4058.4000,23889,0,5037587460.000,0,-,-,-,-,4059.0000,4058.8000,4058.2000,4057.2000,4057.0000,4059.8000,4060.0000,4060.4000,4060.6000,4060.8000,3,1,1,1,2,3,1,2,2,1
SF,IF2006,2020-02-19 13:02:16.900,4058.4000,23889,0,5037587460.000,0,-,-,-,-,4059.0000,4058.8000,4058.2000,4057.2000,4057.0000,4059.8000,4060.0000,4060.4000,4060.6000,4060.8000,2,1,1,1,2,2,1,2,2,1
SF,IF2006,2020-02-19 13:02:17.400,4058.4000,23889,0,5037587460.000,0,-,-,-,-,4058.8000,4058.2000,4057.2000,4057.0000,4056.6000,4059.8000,4060.0000,4060.4000,4060.6000,4060.8000,1,1,1,2,1,2,1,2,2,1
SF,IF2006,2020-02-19 13:02:17.900,4058.4000,23889,0,5037587460.000,0,-,-,-,-,4059.0000,4058.8000,4058.2000,4057.2000,4057.0000,4060.0000,4060.4000,4060.6000,4060.8000,4061.0000,2,1,1,1,2,1,2,2,1,1
SF,IF2006,2020-02-19 13:02:18.400,4058.4000,23889,0,5037587460.000,0,-,-,-,-,4058.8000,4058.2000,4057.2000,4057.0000,4056.6000,4059.8000,4060.0000,4060.4000,4060.6000,4060.8000,1,1,1,2,1,3,1,2,2,1
SF,IF2006,2020-02-19 13:02:22.400,4058.4000,23889,0,5037587460.000,0,-,-,-,-,4058.8000,4058.2000,4057.2000,4057.0000,4056.6000,4059.8000,4060.4000,4060.6000,4060.8000,4061.0000,1,1,1,2,1,3,2,2,1,1
SF,IF2006,2020-02-19 13:02:22.900,4058.4000,23889,0,5037587460.000,0,-,-,-,-,4058.8000,4058.2000,4057.2000,4057.0000,4056.6000,4059.8000,4060.4000,4060.6000,4060.8000,4061.0000,1,1,1,2,1,2,2,2,1,1
SF,IF2006,2020-02-19 13:02:23.400,4058.4000,23889,0,5037587460.000,0,-,-,-,-,4059.0000,4058.8000,4058.2000,4057.2000,4057.0000,4059.8000,4060.4000,4060.6000,4060.8000,4061.0000,1,1,1,1,2,2,2,2,1,1
SF,IF2006,2020-02-19 13:02:23.900,4058.4000,23889,0,5037587460.000,0,-,-,-,-,4059.0000,4058.8000,4058.2000,4057.2000,4057.0000,4059.6000,4059.8000,4060.0000,4060.4000,4060.6000,1,1,1,1,2,1,2,1,2,2
SF,IF2006,2020-02-19 13:02:24.400,4058.4000,23889,0,5037587460.000,0,-,-,-,-,4059.0000,4058.8000,4058.2000,4057.2000,4057.0000,4060.4000,4060.6000,4060.8000,4061.0000,4062.0000,1,1,1,1,2,2,1,1,1,6
SF,IF2006,2020-02-19 13:02:24.900,4058.4000,23889,0,5037587460.000,0,-,-,-,-,4059.2000,4059.0000,4058.2000,4057.2000,4057.0000,4060.2000,4060.4000,4060.6000,4060.8000,4061.0000,3,1,1,1,2,3,2,1,1,1
SF,IF2006,2020-02-19 13:02:25.400,4058.4000,23889,0,5037587460.000,0,-,-,-,-,4059.2000,4059.0000,4058.2000,4057.2000,4057.0000,4060.0000,4060.2000,4060.4000,4060.6000,4060.8000,1,1,1,1,2,1,4,2,1,1
SF,IF2006,2020-02-19 13:02:25.900,4058.4000,23889,0,5037587460.000,0,-,-,-,-,4059.2000,4059.0000,4058.8000,4058.2000,4057.2000,4059.8000,4060.0000,4060.2000,4060.4000,4060.6000,1,1,1,1,1,1,1,3,2,1
SF,IF2006,2020-02-19 13:02:26.400,4058.4000,23889,0,5037587460.000,0,-,-,-,-,4059.2000,4059.0000,4058.8000,4058.2000,4057.2000,4060.2000,4060.4000,4060.6000,4060.8000,4061.0000,1,1,1,1,1,3,2,1,1,1
SF,IF2006,2020-02-19 13:02:26.900,4058.4000,23889,0,5037587460.000,0,-,-,-,-,4059.2000,4059.0000,4058.8000,4058.2000,4057.2000,4060.0000,4060.2000,4060.4000,4060.6000,4061.0000,1,1,1,1,1,1,2,2,1,1
SF,IF2006,2020-02-19 13:02:28.400,4058.4000,23889,0,5037587460.000,0,-,-,-,-,4059.2000,4059.0000,4058.8000,4058.2000,4057.2000,4060.0000,4060.2000,4060.4000,4061.0000,4062.0000,1,1,1,1,1,1,2,2,1,6
SF,IF2006,2020-02-19 13:02:29.400,4058.4000,23889,0,5037587460.000,0,-,-,-,-,4059.2000,4059.0000,4058.8000,4058.2000,4057.2000,4060.0000,4060.2000,4060.4000,4061.0000,4062.0000,1,1,1,1,1,2,2,2,1,6
SF,IF2006,2020-02-19 13:02:29.900,4058.4000,23889,0,5037587460.000,0,-,-,-,-,4059.2000,4059.0000,4058.8000,4058.2000,4057.2000,4059.8000,4060.0000,4060.4000,4061.0000,4062.0000,1,1,1,1,1,2,2,2,1,6
SF,IF2006,2020-02-19 13:02:30.900,4058.4000,23889,0,5037587460.000,0,-,-,-,-,4059.0000,4058.2000,4057.2000,4057.0000,4056.6000,4059.8000,4060.0000,4060.4000,4061.0000,4062.0000,1,1,1,2,1,2,2,2,1,6
SF,IF2006,2020-02-19 13:02:31.400,4058.4000,23889,0,5037587460.000,0,-,-,-,-,4059.0000,4058.2000,4057.2000,4057.0000,4056.6000,4059.6000,4059.8000,4060.0000,4060.4000,4061.0000,1,1,1,2,1,1,2,1,2,1
SF,IF2006,2020-02-19 13:02:31.900,4058.4000,23889,0,5037587460.000,0,-,-,-,-,4058.2000,4057.2000,4057.0000,4056.6000,4056.0000,4059.6000,4059.8000,4060.0000,4060.4000,4061.0000,1,1,2,1,1,1,2,1,1,1
SF,IF2006,2020-02-19 13:02:32.400,4058.4000,23889,0,5037587460.000,0,-,-,-,-,4058.4000,4058.2000,4057.2000,4057.0000,4056.6000,4059.0000,4059.6000,4059.8000,4060.0000,4060.4000,5,1,1,2,1,1,1,2,1,1
SF,IF2006,2020-02-19 13:02:32.900,4059.0000,23889,0,5038805160.000,1,0,1,空换,B,4058.4000,4058.2000,4057.2000,4057.0000,4056.6000,4059.6000,4059.8000,4060.0000,4060.4000,4061.0000,5,1,1,2,1,1,2,1,1,1
SF,IF2006,2020-02-19 13:02:33.900,4059.0000,23889,0,5038805160.000,0,-,-,-,-,4058.6000,4058.4000,4058.2000,4057.2000,4057.0000,4059.6000,4059.8000,4060.0000,4060.4000,4061.0000,1,5,1,1,2,1,2,1,1,1
SF,IF2006,2020-02-19 13:02:34.400,4059.0000,23889,0,5038805160.000,0,-,-,-,-,4058.6000,4058.4000,4058.2000,4057.2000,4057.0000,4059.6000,4059.8000,4060.0000,4061.0000,4062.0000,1,5,1,1,2,1,2,1,1,6
SF,IF2006,2020-02-19 13:02:34.900,4059.0000,23889,0,5038805160.000,0,-,-,-,-,4058.4000,4058.2000,4057.2000,4057.0000,4056.6000,4059.4000,4059.6000,4059.8000,4060.0000,4061.0000,5,1,1,2,1,2,1,2,1,1
SF,IF2006,2020-02-19 13:02:35.900,4059.0000,23889,0,5038805160.000,0,-,-,-,-,4058.4000,4058.2000,4057.2000,4057.0000,4056.6000,4059.2000,4059.4000,4059.8000,4060.0000,4061.0000,4,1,1,2,1,1,2,2,1,1
SF,IF2006,2020-02-19 13:02:36.400,4059.0000,23889,0,5038805160.000,0,-,-,-,-,4058.4000,4058.2000,4057.2000,4057.0000,4056.6000,4059.0000,4059.4000,4059.8000,4060.0000,4061.0000,3,1,1,2,1,1,1,2,1,1
SF,IF2006,2020-02-19 13:02:39.900,4059.0000,23889,0,5040022860.000,1,0,1,空换,B,4058.4000,4058.2000,4057.2000,4057.0000,4056.6000,4059.4000,4059.8000,4060.0000,4061.0000,4062.0000,3,1,1,2,1,1,2,1,1,6
SF,IF2006,2020-02-19 13:02:40.400,4059.0000,23889,0,5040022860.000,0,-,-,-,-,4058.8000,4058.6000,4058.4000,4058.2000,4057.2000,4059.4000,4059.8000,4061.0000,4062.0000,4062.6000,1,2,2,1,1,1,2,1,6,2
SF,IF2006,2020-02-19 13:02:40.900,4059.4000,23890,1,5041240680.000,1,1,0,双开,B,4059.4000,4059.2000,4059.0000,4058.6000,4058.2000,4061.0000,4062.0000,4062.6000,4062.8000,4063.0000,2,2,2,1,1,1,6,2,3,9
SF,IF2006,2020-02-19 13:02:41.400,4059.4000,23890,0,5042458500.000,1,0,1,空换,B,4059.6000,4059.4000,4059.2000,4058.8000,4058.6000,4060.8000,4061.0000,4061.2000,4062.0000,4062.6000,1,2,2,1,1,5,1,1,6,2
SF,IF2006,2020-02-19 13:02:41.900,4059.4000,23890,0,5042458500.000,0,-,-,-,-,4059.6000,4059.4000,4058.8000,4058.2000,4057.2000,4060.8000,4061.0000,4061.2000,4062.0000,4062.6000,1,2,1,1,1,3,1,1,6,2
SF,IF2006,2020-02-19 13:02:42.400,4059.4000,23890,0,5042458500.000,0,-,-,-,-,4058.8000,4058.2000,4057.2000,4057.0000,4056.6000,4060.6000,4060.8000,4061.0000,4061.2000,4062.0000,1,1,1,2,1,1,3,1,1,6
SF,IF2006,2020-02-19 13:02:42.900,4059.4000,23890,0,5042458500.000,0,-,-,-,-,4059.4000,4059.2000,4059.0000,4058.8000,4058.2000,4060.4000,4060.6000,4060.8000,4061.0000,4061.2000,1,2,3,1,1,2,1,1,1,1
SF,IF2006,2020-02-19 13:02:43.400,4059.4000,23890,0,5042458500.000,0,-,-,-,-,4059.4000,4059.2000,4059.0000,4058.8000,4058.2000,4060.2000,4060.4000,4060.8000,4061.0000,4061.2000,1,2,3,1,1,1,2,1,1,1
SF,IF2006,2020-02-19 13:02:43.900,4059.4000,23890,0,5042458500.000,0,-,-,-,-,4059.4000,4059.2000,4059.0000,4058.8000,4058.2000,4060.4000,4060.8000,4061.0000,4061.2000,4062.0000,1,2,3,1,1,2,1,1,1,6
SF,IF2006,2020-02-19 13:02:44.400,4059.4000,23890,0,5042458500.000,0,-,-,-,-,4059.4000,4059.2000,4059.0000,4058.8000,4058.2000,4060.2000,4060.4000,4060.8000,4061.0000,4061.2000,1,2,3,1,1,1,2,1,1,1
SF,IF2006,2020-02-19 13:02:45.400,4059.4000,23890,0,5042458500.000,0,-,-,-,-,4059.4000,4059.2000,4059.0000,4058.8000,4058.2000,4060.2000,4060.4000,4061.0000,4061.2000,4062.0000,1,1,3,1,1,1,2,1,1,6
SF,IF2006,2020-02-19 13:02:45.900,4059.4000,23890,0,5042458500.000,0,-,-,-,-,4059.4000,4059.2000,4059.0000,4058.8000,4058.2000,4060.0000,4061.0000,4061.2000,4062.0000,4062.6000,1,1,2,1,1,2,1,1,6,2
SF,IF2006,2020-02-19 13:02:47.900,4059.4000,23890,0,5042458500.000,0,-,-,-,-,4059.2000,4059.0000,4058.8000,4058.2000,4057.2000,4060.0000,4061.0000,4061.2000,4062.0000,4062.6000,1,2,1,1,1,2,1,1,6,2
SF,IF2006,2020-02-19 13:02:48.900,4059.4000,23890,0,5042458500.000,0,-,-,-,-,4059.0000,4058.8000,4058.2000,4057.2000,4057.0000,4060.0000,4061.2000,4062.0000,4062.6000,4062.8000,2,1,1,1,2,2,1,6,2,3
SF,IF2006,2020-02-19 13:02:49.400,4059.4000,23890,0,5042458500.000,0,-,-,-,-,4059.2000,4058.8000,4058.2000,4057.2000,4057.0000,4060.0000,4061.2000,4062.0000,4062.6000,4062.8000,1,1,1,1,2,2,1,6,2,3
SF,IF2006,2020-02-19 13:02:51.400,4059.4000,23890,0,5042458500.000,0,-,-,-,-,4059.2000,4058.2000,4057.2000,4057.0000,4056.6000,4060.0000,4061.2000,4062.0000,4062.6000,4062.8000,1,1,1,2,1,2,1,6,2,3
SF,IF2006,2020-02-19 13:02:53.900,4059.4000,23890,0,5042458500.000,0,-,-,-,-,4059.2000,4058.2000,4057.2000,4057.0000,4056.6000,4060.0000,4061.2000,4061.8000,4062.0000,4062.6000,1,1,1,2,1,2,1,1,6,2
SF,IF2006,2020-02-19 13:02:54.400,4059.4000,23890,0,5042458500.000,0,-,-,-,-,4059.2000,4058.2000,4057.2000,4057.0000,4056.6000,4060.0000,4061.2000,4061.8000,4062.0000,4062.6000,1,1,1,2,1,3,1,1,6,2
SF,IF2006,2020-02-19 13:02:54.900,4059.4000,23890,0,5042458500.000,0,-,-,-,-,4059.2000,4058.2000,4057.2000,4057.0000,4056.6000,4060.0000,4061.2000,4061.8000,4062.0000,4062.6000,1,1,1,2,1,2,1,1,6,2
SF,IF2006,2020-02-19 13:02:56.900,4059.4000,23890,0,5043676320.000,1,0,1,空换,B,4059.2000,4058.2000,4057.2000,4057.0000,4056.6000,4060.0000,4061.2000,4061.8000,4062.0000,4062.6000,1,1,1,2,1,2,1,1,6,2
SF,IF2006,2020-02-19 13:02:58.900,4059.2000,23890,0,5044894080.000,1,0,1,空换,B,4058.2000,4057.2000,4057.0000,4056.6000,4056.0000,4060.0000,4061.2000,4061.8000,4062.0000,4062.6000,1,1,2,1,1,3,1,1,6,2
SF,IF2006,2020-02-19 13:02:59.400,4059.2000,23890,0,5044894080.000,0,-,-,-,-,4058.8000,4058.4000,4058.2000,4057.2000,4057.0000,4060.0000,4061.2000,4061.8000,4062.0000,4062.6000,4,2,2,1,2,2,1,1,6,2
SF,IF2006,2020-02-19 13:02:59.900,4059.2000,23890,0,5044894080.000,0,-,-,-,-,4059.2000,4059.0000,4058.8000,4058.2000,4057.2000,4060.0000,4061.2000,4061.8000,4062.0000,4062.6000,1,2,3,2,1,2,1,1,6,2
SF,IF2006,2020-02-19 13:03:00.400,4059.2000,23890,0,5044894080.000,0,-,-,-,-,4059.2000,4059.0000,4058.8000,4058.2000,4057.2000,4060.0000,4061.2000,4061.8000,4062.0000,4062.6000,1,2,3,1,1,2,1,1,6,2
SF,IF2006,2020-02-19 13:03:00.900,4059.2000,23890,0,5044894080.000,0,-,-,-,-,4059.0000,4058.8000,4058.2000,4057.2000,4057.0000,4060.0000,4061.2000,4061.8000,4062.0000,4062.6000,2,4,1,1,2,2,1,1,6,2
SF,IF2006,2020-02-19 13:03:01.400,4059.2000,23890,0,5044894080.000,0,-,-,-,-,4059.0000,4058.8000,4058.2000,4057.2000,4057.0000,4060.0000,4061.2000,4061.8000,4062.0000,4062.6000,2,4,1,1,2,2,1,1,6,2
SF,IF2006,2020-02-19 13:03:01.900,4059.2000,23890,0,5044894080.000,0,-,-,-,-,4059.0000,4058.8000,4058.2000,4057.2000,4057.0000,4060.0000,4061.2000,4061.8000,4062.0000,4062.6000,2,3,1,1,2,2,1,1,6,2
SF,IF2006,2020-02-19 13:03:02.900,4059.2000,23890,0,5044894080.000,0,-,-,-,-,4059.0000,4058.8000,4058.2000,4057.2000,4057.0000,4060.0000,4061.2000,4061.8000,4062.0000,4062.6000,2,4,1,1,2,2,1,1,6,2
SF,IF2006,2020-02-19 13:03:04.900,4059.2000,23890,0,5044894080.000,0,-,-,-,-,4059.0000,4058.8000,4058.2000,4057.2000,4057.0000,4060.0000,4061.2000,4061.8000,4062.0000,4062.6000,2,3,1,1,2,2,1,1,6,2
SF,IF2006,2020-02-19 13:03:07.400,4059.2000,23890,0,5044894080.000,0,-,-,-,-,4059.0000,4058.8000,4058.2000,4057.2000,4057.0000,4060.0000,4061.2000,4061.8000,4062.0000,4062.6000,2,2,1,1,2,2,1,1,6,2
SF,IF2006,2020-02-19 13:03:09.400,4059.2000,23890,0,5044894080.000,0,-,-,-,-,4059.0000,4058.8000,4058.2000,4057.2000,4057.0000,4060.0000,4061.2000,4061.8000,4062.0000,4062.6000,2,1,1,1,2,2,1,1,6,2
SF,IF2006,2020-02-19 13:03:09.900,4059.2000,23890,0,5044894080.000,0,-,-,-,-,4059.0000,4058.8000,4058.2000,4057.2000,4057.0000,4060.0000,4061.2000,4061.8000,4062.0000,4062.6000,2,1,1,1,2,3,1,1,6,2
SF,IF2006,2020-02-19 13:03:10.400,4059.0000,23890,0,5047329480.000,2,1,1,空换,B,4058.2000,4057.2000,4057.0000,4056.6000,4056.0000,4060.0000,4061.2000,4061.8000,4062.0000,4062.6000,1,1,2,1,1,3,1,1,6,2
SF,IF2006,2020-02-19 13:03:10.900,4059.0000,23890,0,5047329480.000,0,-,-,-,-,4058.4000,4058.2000,4057.2000,4057.0000,4056.6000,4059.8000,4060.0000,4061.2000,4061.8000,4062.0000,2,1,1,2,1,1,2,1,1,6
SF,IF2006,2020-02-19 13:03:11.400,4059.0000,23890,0,5047329480.000,0,-,-,-,-,4059.2000,4058.4000,4058.2000,4057.2000,4057.0000,4059.6000,4059.8000,4060.0000,4061.2000,4061.8000,1,1,1,1,2,2,2,1,1,1
SF,IF2006,2020-02-19 13:03:12.400,4059.0000,23890,0,5047329480.000,0,-,-,-,-,4059.2000,4058.4000,4058.2000,4057.2000,4057.0000,4059.6000,4059.8000,4061.2000,4061.8000,4062.0000,1,1,1,1,2,2,2,1,1,6
SF,IF2006,2020-02-19 13:03:12.900,4059.0000,23890,0,5047329480.000,0,-,-,-,-,4059.2000,4058.4000,4058.2000,4057.2000,4057.0000,4059.6000,4059.8000,4061.2000,4061.8000,4062.0000,1,2,1,1,2,2,1,1,1,6
SF,IF2006,2020-02-19 13:03:14.400,4059.0000,23890,0,5047329480.000,0,-,-,-,-,4059.2000,4059.0000,4058.4000,4058.2000,4057.2000,4059.4000,4059.6000,4061.2000,4061.8000,4062.0000,1,1,2,1,1,1,2,1,1,6
SF,IF2006,2020-02-19 13:03:14.900,4059.0000,23890,0,5047329480.000,0,-,-,-,-,4059.2000,4059.0000,4058.4000,4058.2000,4057.2000,4059.4000,4059.6000,4061.2000,4061.4000,4061.8000,1,1,2,1,1,1,2,1,1,1
SF,IF2006,2020-02-19 13:03:16.900,4059.0000,23890,0,5047329480.000,0,-,-,-,-,4059.2000,4059.0000,4058.4000,4058.2000,4057.2000,4059.6000,4061.2000,4061.4000,4061.8000,4062.0000,1,1,2,1,1,2,1,1,1,6
SF,IF2006,2020-02-19 13:03:18.400,4059.0000,23891,1,5049764880.000,2,1,1,多开,B,4058.4000,4058.2000,4057.2000,4057.0000,4056.6000,4059.0000,4059.6000,4061.2000,4061.4000,4061.8000,1,1,1,1,1,1,2,1,1,1
SF,IF2006,2020-02-19 13:03:18.900,4059.0000,23891,0,5049764880.000,0,-,-,-,-,4058.4000,4058.2000,4057.2000,4057.0000,4056.6000,4059.6000,4061.2000,4061.4000,4061.8000,4062.0000,1,1,1,1,1,2,1,1,1,6
SF,IF2006,2020-02-19 13:03:19.900,4059.0000,23891,0,5049764880.000,0,-,-,-,-,4058.2000,4057.2000,4057.0000,4056.6000,4056.0000,4059.4000,4059.6000,4061.2000,4061.4000,4061.8000,1,1,1,1,1,2,2,1,1,1
SF,IF2006,2020-02-19 13:03:20.400,4059.0000,23891,0,5049764880.000,0,-,-,-,-,4058.2000,4057.2000,4057.0000,4056.6000,4056.0000,4059.2000,4059.4000,4061.2000,4061.4000,4061.8000,2,1,1,1,1,2,2,1,1,1
SF,IF2006,2020-02-19 13:03:21.400,4059.0000,23891,0,5049764880.000,0,-,-,-,-,4058.2000,4057.2000,4057.0000,4056.6000,4056.0000,4059.0000,4059.2000,4061.2000,4061.4000,4061.8000,2,1,1,1,1,2,2,1,1,1
SF,IF2006,2020-02-19 13:03:26.900,4059.0000,23891,0,5049764880.000,0,-,-,-,-,4058.2000,4057.2000,4057.0000,4056.6000,4056.0000,4059.0000,4059.2000,4061.2000,4061.4000,4061.8000,2,1,1,1,1,3,2,1,1,1
SF,IF2006,2020-02-19 13:03:27.400,4059.0000,23891,0,5049764880.000,0,-,-,-,-,4058.2000,4057.2000,4057.0000,4056.6000,4056.0000,4058.8000,4059.0000,4061.2000,4061.4000,4061.8000,2,1,1,1,1,2,3,1,1,1
SF,IF2006,2020-02-19 13:03:28.400,4059.0000,23891,0,5049764880.000,0,-,-,-,-,4058.2000,4057.2000,4057.0000,4056.6000,4056.0000,4058.8000,4059.0000,4061.2000,4061.4000,4061.8000,2,1,1,1,1,2,2,1,1,1
SF,IF2006,2020-02-19 13:03:28.900,4059.0000,23891,0,5049764880.000,0,-,-,-,-,4058.4000,4058.2000,4057.2000,4057.0000,4056.6000,4058.8000,4059.0000,4061.2000,4061.4000,4061.8000,1,2,1,1,1,2,1,1,1,1
SF,IF2006,2020-02-19 13:03:29.400,4059.0000,23891,0,5049764880.000,0,-,-,-,-,4058.4000,4058.2000,4057.2000,4057.0000,4056.6000,4059.0000,4061.2000,4061.4000,4061.8000,4062.0000,1,2,1,1,1,1,1,1,1,6
SF,IF2006,2020-02-19 13:03:29.900,4059.0000,23891,0,5049764880.000,0,-,-,-,-,4058.4000,4058.2000,4057.2000,4057.0000,4056.6000,4059.0000,4061.2000,4061.4000,4061.8000,4062.0000,1,2,1,1,1,1,1,1,1,6
SF,IF2006,2020-02-19 13:03:30.400,4059.0000,23892,1,5050982580.000,1,1,0,双开,B,4058.6000,4058.4000,4058.2000,4057.2000,4057.0000,4061.2000,4061.4000,4061.8000,4062.0000,4062.6000,1,1,2,1,1,1,1,1,6,2
SF,IF2006,2020-02-19 13:03:30.900,4059.0000,23892,0,5050982580.000,0,-,-,-,-,4058.8000,4058.6000,4058.4000,4058.2000,4057.2000,4060.4000,4060.6000,4060.8000,4061.0000,4061.2000,1,1,1,2,1,2,2,4,5,2
SF,IF2006,2020-02-19 13:03:31.400,4059.0000,23892,0,5050982580.000,0,-,-,-,-,4059.0000,4058.6000,4058.4000,4058.2000,4057.2000,4060.2000,4060.4000,4060.6000,4060.8000,4061.0000,1,1,1,2,1,3,2,2,4,3
SF,IF2006,2020-02-19 13:03:31.900,4059.0000,23892,0,5050982580.000,0,-,-,-,-,4059.0000,4058.6000,4058.4000,4058.2000,4057.2000,4060.0000,4060.2000,4060.4000,4060.6000,4060.8000,1,1,1,2,1,1,3,2,2,4
SF,IF2006,2020-02-19 13:03:32.400,4059.0000,23892,0,5050982580.000,0,-,-,-,-,4058.6000,4058.4000,4058.2000,4057.2000,4057.0000,4059.8000,4060.0000,4060.4000,4060.6000,4060.8000,1,1,2,1,1,3,1,1,2,4
SF,IF2006,2020-02-19 13:03:32.900,4059.0000,23892,0,5050982580.000,0,-,-,-,-,4059.0000,4058.8000,4058.6000,4058.4000,4058.2000,4059.8000,4060.4000,4060.6000,4060.8000,4061.0000,1,1,2,1,2,2,1,1,4,3
SF,IF2006,2020-02-19 13:03:33.400,4059.0000,23892,0,5050982580.000,0,-,-,-,-,4059.0000,4058.8000,4058.6000,4058.4000,4058.2000,4059.8000,4060.4000,4060.8000,4061.0000,4061.2000,1,1,2,1,2,2,1,1,1,2
SF,IF2006,2020-02-19 13:03:33.900,4059.0000,23892,0,5052200280.000,1,0,1,空换,B,4059.2000,4058.8000,4058.6000,4058.4000,4058.2000,4059.8000,4060.4000,4060.8000,4061.0000,4061.2000,1,1,1,1,2,2,1,1,1,2
SF,IF2006,2020-02-19 13:03:34.400,4059.0000,23892,0,5052200280.000,0,-,-,-,-,4059.2000,4059.0000,4058.8000,4058.6000,4058.2000,4059.8000,4060.4000,4060.8000,4061.0000,4061.2000,1,1,1,1,2,2,1,1,1,2
SF,IF2006,2020-02-19 13:03:34.900,4059.0000,23892,0,5052200280.000,0,-,-,-,-,4059.2000,4059.0000,4058.8000,4058.6000,4058.2000,4060.4000,4060.8000,4061.0000,4061.2000,4061.4000,1,1,1,1,2,1,1,1,2,1
SF,IF2006,2020-02-19 13:03:35.400,4059.0000,23892,0,5052200280.000,0,-,-,-,-,4059.4000,4059.2000,4059.0000,4058.2000,4057.2000,4060.2000,4061.0000,4061.2000,4061.4000,4061.8000,2,1,1,2,1,1,1,2,1,1
SF,IF2006,2020-02-19 13:03:35.900,4059.0000,23892,0,5052200280.000,0,-,-,-,-,4059.4000,4059.2000,4059.0000,4058.2000,4057.2000,4060.2000,4061.0000,4061.2000,4061.4000,4061.8000,1,2,1,2,1,1,1,2,1,1
SF,IF2006,2020-02-19 13:03:36.400,4059.0000,23892,0,5052200280.000,0,-,-,-,-,4059.4000,4059.2000,4059.0000,4058.2000,4057.2000,4060.2000,4061.0000,4061.2000,4061.4000,4061.8000,1,2,1,2,1,1,1,2,1,1
SF,IF2006,2020-02-19 13:03:36.900,4059.0000,23892,0,5052200280.000,0,-,-,-,-,4059.4000,4059.2000,4059.0000,4058.2000,4057.2000,4060.2000,4061.0000,4061.2000,4061.4000,4061.8000,1,2,2,2,1,1,1,2,1,1
SF,IF2006,2020-02-19 13:03:37.900,4059.0000,23892,0,5052200280.000,0,-,-,-,-,4059.2000,4059.0000,4058.2000,4057.2000,4057.0000,4060.2000,4061.0000,4061.2000,4061.4000,4061.8000,1,2,2,1,1,1,1,2,1,1
SF,IF2006,2020-02-19 13:03:38.400,4059.0000,23892,0,5052200280.000,0,-,-,-,-,4059.2000,4059.0000,4058.2000,4057.2000,4057.0000,4060.2000,4061.0000,4061.2000,4061.4000,4061.8000,1,2,2,1,1,1,1,2,1,1
SF,IF2006,2020-02-19 13:03:39.400,4059.0000,23892,0,5052200280.000,0,-,-,-,-,4059.0000,4058.2000,4057.2000,4057.0000,4056.6000,4060.2000,4061.0000,4061.2000,4061.4000,4061.8000,1,2,1,1,1,1,1,2,1,1
SF,IF2006,2020-02-19 13:03:40.400,4059.0000,23892,0,5052200280.000,0,-,-,-,-,4059.2000,4059.0000,4058.2000,4057.2000,4057.0000,4060.2000,4061.0000,4061.2000,4061.4000,4061.8000,3,1,2,1,1,1,1,2,1,1
SF,IF2006,2020-02-19 13:03:50.400,4059.0000,23892,0,5052200280.000,0,-,-,-,-,4059.2000,4059.0000,4058.2000,4057.2000,4057.0000,4060.2000,4061.0000,4061.2000,4061.4000,4062.0000,3,1,2,1,1,1,1,2,1,6
SF,IF2006,2020-02-19 13:03:51.900,4060.2000,23892,0,5053418340.000,1,0,1,空换,B,4060.2000,4059.2000,4059.0000,4058.2000,4057.2000,4061.0000,4061.2000,4061.4000,4062.0000,4062.6000,4,3,1,2,1,1,2,1,6,2
SF,IF2006,2020-02-19 13:03:52.400,4060.2000,23895,3,5057072520.000,3,3,0,双开,B,4060.2000,4059.2000,4059.0000,4058.2000,4057.2000,4060.8000,4061.2000,4061.4000,4062.0000,4062.6000,1,3,1,2,1,5,2,1,6,2
SF,IF2006,2020-02-19 13:03:52.900,4060.2000,23895,0,5058290580.000,1,0,1,空换,B,4059.2000,4059.0000,4058.2000,4057.2000,4057.0000,4060.2000,4060.8000,4061.2000,4061.4000,4062.0000,3,2,2,1,1,1,5,2,1,6
SF,IF2006,2020-02-19 13:03:53.400,4060.2000,23895,0,5058290580.000,0,-,-,-,-,4059.2000,4059.0000,4058.2000,4057.2000,4057.0000,4059.8000,4060.0000,4060.2000,4060.8000,4061.2000,3,2,2,1,1,1,2,1,4,2
SF,IF2006,2020-02-19 13:03:53.900,4059.8000,23895,0,5059508520.000,1,0,1,空换,B,4059.4000,4059.2000,4059.0000,4058.2000,4057.2000,4060.0000,4060.8000,4061.2000,4061.4000,4062.0000,1,3,2,2,1,2,2,2,1,6
SF,IF2006,2020-02-19 13:03:54.900,4059.8000,23895,0,5059508520.000,0,-,-,-,-,4059.2000,4059.0000,4058.2000,4057.2000,4057.0000,4060.0000,4060.8000,4061.2000,4061.4000,4062.0000,2,2,2,1,1,2,2,2,1,6
SF,IF2006,2020-02-19 13:03:55.400,4059.8000,23895,0,5059508520.000,0,-,-,-,-,4059.2000,4059.0000,4058.2000,4057.2000,4057.0000,4060.0000,4060.8000,4061.2000,4061.4000,4062.0000,2,2,2,1,1,2,2,2,1,6
SF,IF2006,2020-02-19 13:03:55.900,4059.8000,23895,0,5059508520.000,0,-,-,-,-,4059.4000,4059.2000,4059.0000,4058.2000,4057.2000,4060.0000,4060.8000,4061.2000,4061.4000,4062.0000,1,2,2,2,1,2,2,2,1,6
SF,IF2006,2020-02-19 13:03:57.900,4059.8000,23895,0,5059508520.000,0,-,-,-,-,4059.4000,4059.2000,4059.0000,4058.2000,4057.2000,4060.0000,4060.8000,4061.2000,4061.4000,4062.0000,1,2,2,2,1,2,2,2,1,6
SF,IF2006,2020-02-19 13:03:58.900,4060.0000,23895,0,5061944520.000,2,1,1,空换,B,4059.4000,4059.2000,4059.0000,4058.2000,4057.2000,4060.8000,4061.2000,4061.4000,4062.0000,4062.6000,1,2,2,2,1,1,2,1,6,2
SF,IF2006,2020-02-19 13:03:59.400,4060.0000,23895,0,5061944520.000,0,-,-,-,-,4059.6000,4059.4000,4059.2000,4059.0000,4058.2000,4061.2000,4061.4000,4062.0000,4062.6000,4062.8000,2,2,2,2,2,2,1,6,2,4
SF,IF2006,2020-02-19 13:03:59.900,4060.0000,23895,0,5061944520.000,0,-,-,-,-,4059.6000,4059.4000,4059.0000,4058.2000,4057.2000,4061.0000,4061.2000,4061.4000,4062.0000,4062.6000,3,1,1,2,1,3,2,1,6,2
SF,IF2006,2020-02-19 13:04:00.400,4060.0000,23895,0,5061944520.000,0,-,-,-,-,4060.0000,4059.8000,4059.6000,4059.0000,4058.2000,4061.2000,4061.4000,4062.0000,4062.6000,4062.8000,1,4,3,1,2,2,1,6,2,4
SF,IF2006,2020-02-19 13:04:00.900,4060.0000,23895,0,5061944520.000,0,-,-,-,-,4060.2000,4060.0000,4059.8000,4059.6000,4059.0000,4061.4000,4062.0000,4062.6000,4062.8000,4063.0000,3,1,4,1,1,1,6,2,4,9
SF,IF2006,2020-02-19 13:04:01.400,4060.0000,23895,0,5061944520.000,0,-,-,-,-,4060.2000,4060.0000,4059.8000,4059.6000,4059.0000,4061.4000,4062.0000,4062.6000,4062.8000,4063.0000,3,1,2,1,1,1,6,2,4,9
SF,IF2006,2020-02-19 13:04:01.900,4060.0000,23895,0,5061944520.000,0,-,-,-,-,4060.4000,4060.2000,4060.0000,4059.8000,4059.6000,4061.2000,4061.4000,4062.0000,4062.6000,4062.8000,2,3,1,1,1,2,1,6,2,4
SF,IF2006,2020-02-19 13:04:02.400,4060.4000,23895,0,5063162640.000,1,0,1,空换,B,4060.4000,4060.2000,4060.0000,4059.8000,4059.6000,4061.2000,4061.4000,4062.0000,4062.6000,4062.8000,1,3,1,1,1,2,1,6,2,4
SF,IF2006,2020-02-19 13:04:02.900,4060.4000,23895,0,5063162640.000,0,-,-,-,-,4060.2000,4059.8000,4059.6000,4059.0000,4058.2000,4061.4000,4062.0000,4062.6000,4062.8000,4063.0000,3,1,1,1,2,1,6,2,4,9
SF,IF2006,2020-02-19 13:04:03.400,4060.4000,23895,0,5063162640.000,0,-,-,-,-,4060.2000,4059.8000,4059.0000,4058.2000,4057.2000,4061.2000,4061.4000,4062.0000,4062.6000,4062.8000,3,1,1,2,1,2,1,6,2,4
SF,IF2006,2020-02-19 13:04:03.900,4060.4000,23895,0,5063162640.000,0,-,-,-,-,4060.4000,4060.2000,4059.8000,4059.0000,4058.2000,4061.4000,4062.0000,4062.6000,4062.8000,4063.0000,3,3,1,1,2,1,6,2,4,9
SF,IF2006,2020-02-19 13:04:04.400,4060.4000,23895,0,5063162640.000,0,-,-,-,-,4060.6000,4060.4000,4060.2000,4059.8000,4059.0000,4061.4000,4062.0000,4062.6000,4062.8000,4063.0000,2,3,1,1,1,1,6,2,4,9
SF,IF2006,2020-02-19 13:04:04.900,4060.6000,23895,0,5065599240.000,2,1,1,空换,B,4060.6000,4060.4000,4060.2000,4059.8000,4059.0000,4062.0000,4062.6000,4062.8000,4063.0000,4063.2000,1,3,1,1,1,6,2,4,9,2
SF,IF2006,2020-02-19 13:04:05.400,4060.6000,23895,0,5065599240.000,0,-,-,-,-,4060.4000,4060.2000,4060.0000,4059.8000,4059.0000,4061.8000,4062.0000,4062.6000,4062.8000,4063.0000,2,1,1,1,1,3,6,2,4,9
SF,IF2006,2020-02-19 13:04:05.900,4061.4000,23895,0,5066817660.000,1,0,1,空换,B,4060.8000,4060.4000,4060.0000,4059.8000,4059.0000,4061.6000,4061.8000,4062.0000,4062.6000,4062.8000,1,1,1,1,1,2,3,6,2,4
SF,IF2006,2020-02-19 13:04:06.400,4060.8000,23894,-1,5068035900.000,1,0,1,双平,B,4060.0000,4059.8000,4059.0000,4058.2000,4057.2000,4060.8000,4061.4000,4061.6000,4061.8000,4062.0000,1,1,1,2,1,1,2,2,1,6
SF,IF2006,2020-02-19 13:04:06.900,4060.8000,23894,0,5068035900.000,0,-,-,-,-,4060.0000,4059.8000,4059.0000,4058.2000,4057.2000,4060.8000,4061.4000,4061.6000,4062.0000,4062.6000,2,1,1,2,1,1,3,2,6,2
SF,IF2006,2020-02-19 13:04:07.400,4060.8000,23894,0,5068035900.000,0,-,-,-,-,4060.0000,4059.8000,4059.0000,4058.2000,4057.2000,4060.6000,4060.8000,4061.4000,4061.6000,4062.0000,1,1,1,2,1,2,1,1,1,6
SF,IF2006,2020-02-19 13:04:07.900,4060.8000,23894,0,5068035900.000,0,-,-,-,-,4060.0000,4059.0000,4058.2000,4057.2000,4057.0000,4060.6000,4060.8000,4061.6000,4062.0000,4062.6000,1,1,2,1,1,2,1,1,6,2
SF,IF2006,2020-02-19 13:04:08.900,4060.8000,23894,0,5068035900.000,0,-,-,-,-,4060.0000,4059.4000,4059.0000,4058.2000,4057.2000,4060.4000,4060.6000,4060.8000,4061.6000,4062.0000,1,1,1,2,1,1,2,1,1,6
SF,IF2006,2020-02-19 13:04:09.900,4060.8000,23894,0,5068035900.000,0,-,-,-,-,4060.0000,4059.0000,4058.2000,4057.2000,4057.0000,4060.4000,4060.6000,4060.8000,4061.6000,4062.0000,1,1,2,1,1,1,2,1,1,6
SF,IF2006,2020-02-19 13:04:11.400,4060.8000,23894,0,5068035900.000,0,-,-,-,-,4060.0000,4059.6000,4059.0000,4058.2000,4057.2000,4060.6000,4060.8000,4061.6000,4062.0000,4062.6000,1,1,1,2,1,2,1,1,6,2
SF,IF2006,2020-02-19 13:04:12.400,4060.6000,23894,0,5070472260.000,2,1,1,空换,B,4060.0000,4059.6000,4059.0000,4058.2000,4057.2000,4061.6000,4062.0000,4062.6000,4062.8000,4063.0000,1,1,1,2,1,1,6,2,4,9
SF,IF2006,2020-02-19 13:04:12.900,4060.6000,23894,0,5070472260.000,0,-,-,-,-,4060.2000,4060.0000,4059.6000,4059.0000,4058.2000,4060.8000,4061.4000,4061.6000,4062.0000,4062.6000,2,1,1,1,2,1,3,2,6,2
SF,IF2006,2020-02-19 13:04:13.400,4060.8000,23895,1,5071690500.000,1,1,0,双开,B,4060.8000,4060.2000,4060.0000,4059.6000,4059.0000,4061.4000,4061.6000,4062.0000,4062.6000,4062.8000,2,3,1,1,1,2,2,6,2,4
SF,IF2006,2020-02-19 13:04:13.900,4060.8000,23895,0,5071690500.000,0,-,-,-,-,4061.0000,4060.8000,4060.2000,4060.0000,4059.6000,4061.6000,4062.0000,4062.6000,4062.8000,4063.0000,2,2,1,1,1,1,6,2,4,9
SF,IF2006,2020-02-19 13:04:14.400,4060.8000,23895,0,5071690500.000,0,-,-,-,-,4060.8000,4060.2000,4060.0000,4059.6000,4059.0000,4062.0000,4062.6000,4062.8000,4063.0000,4063.2000,1,1,1,1,1,6,2,4,9,2
SF,IF2006,2020-02-19 13:04:14.900,4060.8000,23895,0,5071690500.000,0,-,-,-,-,4061.0000,4060.8000,4060.2000,4060.0000,4059.6000,4061.8000,4062.0000,4062.6000,4062.8000,4063.0000,2,1,1,1,1,2,6,2,4,9
SF,IF2006,2020-02-19 13:04:15.400,4060.8000,23895,0,5071690500.000,0,-,-,-,-,4061.0000,4060.8000,4060.2000,4060.0000,4059.6000,4061.8000,4062.0000,4062.6000,4062.8000,4063.0000,2,1,1,1,1,1,6,2,4,9
SF,IF2006,2020-02-19 13:04:15.900,4060.8000,23895,0,5071690500.000,0,-,-,-,-,4060.8000,4060.2000,4060.0000,4059.6000,4059.0000,4061.6000,4061.8000,4062.0000,4062.6000,4062.8000,1,1,1,1,1,1,1,6,2,4
SF,IF2006,2020-02-19 13:04:16.400,4061.6000,23895,0,5072908980.000,1,0,1,空换,B,4061.0000,4060.8000,4060.0000,4059.0000,4058.2000,4062.0000,4062.6000,4062.8000,4063.0000,4063.2000,3,1,1,1,2,6,2,4,9,2
SF,IF2006,2020-02-19 13:04:16.900,4061.6000,23895,0,5072908980.000,0,-,-,-,-,4060.8000,4060.0000,4059.0000,4058.2000,4057.2000,4061.8000,4062.0000,4062.6000,4062.8000,4063.0000,1,1,1,2,1,1,7,2,4,9
SF,IF2006,2020-02-19 13:04:17.400,4061.6000,23895,0,5072908980.000,0,-,-,-,-,4061.0000,4060.8000,4060.0000,4059.0000,4058.2000,4062.0000,4062.6000,4062.8000,4063.0000,4063.2000,2,1,1,1,2,6,2,4,9,2
SF,IF2006,2020-02-19 13:04:17.900,4061.6000,23895,0,5072908980.000,0,-,-,-,-,4061.0000,4060.8000,4060.0000,4059.0000,4058.2000,4061.6000,4062.0000,4062.6000,4062.8000,4063.0000,2,1,1,1,2,1,7,2,4,9
SF,IF2006,2020-02-19 13:04:18.400,4061.6000,23895,0,5072908980.000,0,-,-,-,-,4061.0000,4060.0000,4059.0000,4058.2000,4057.2000,4061.6000,4062.0000,4062.6000,4062.8000,4063.0000,2,1,1,2,1,1,6,2,4,9
SF,IF2006,2020-02-19 13:04:19.400,4061.6000,23895,0,5072908980.000,0,-,-,-,-,4061.0000,4060.0000,4059.0000,4058.2000,4057.2000,4061.6000,4062.0000,4062.6000,4062.8000,4063.0000,3,1,1,2,1,1,6,2,4,9
SF,IF2006,2020-02-19 13:04:19.900,4061.6000,23895,0,5074127460.000,1,0,1,空换,B,4061.8000,4061.0000,4060.0000,4059.0000,4058.2000,4062.0000,4062.6000,4062.8000,4063.0000,4063.2000,2,3,1,1,2,6,2,4,9,2
SF,IF2006,2020-02-19 13:04:20.400,4061.6000,23895,0,5074127460.000,0,-,-,-,-,4061.2000,4061.0000,4060.0000,4059.0000,4058.2000,4061.8000,4062.0000,4062.6000,4062.8000,4063.0000,1,2,1,1,2,1,6,2,4,9
SF,IF2006,2020-02-19 13:04:20.900,4061.2000,23896,1,5075345820.000,1,1,0,双开,B,4061.0000,4060.0000,4059.0000,4058.2000,4057.2000,4062.0000,4062.6000,4062.8000,4063.0000,4063.2000,2,1,1,2,1,6,2,4,9,2
SF,IF2006,2020-02-19 13:04:21.900,4061.2000,23896,0,5075345820.000,0,-,-,-,-,4061.0000,4060.0000,4059.0000,4058.2000,4057.2000,4061.8000,4062.0000,4062.6000,4062.8000,4063.0000,2,1,1,2,1,1,6,2,4,9
SF,IF2006,2020-02-19 13:04:23.900,4061.2000,23896,0,5075345820.000,0,-,-,-,-,4061.0000,4060.0000,4059.0000,4058.2000,4057.2000,4061.8000,4062.0000,4062.6000,4062.8000,4063.0000,2,1,1,2,1,1,6,2,4,9
SF,IF2006,2020-02-19 13:04:24.400,4061.2000,23896,0,5075345820.000,0,-,-,-,-,4060.0000,4059.0000,4058.2000,4057.2000,4057.0000,4061.0000,4061.6000,4061.8000,4062.0000,4062.6000,1,1,2,1,1,1,1,1,6,2
SF,IF2006,2020-02-19 13:04:25.900,4061.2000,23896,0,5075345820.000,0,-,-,-,-,4060.0000,4059.0000,4058.2000,4057.2000,4057.0000,4061.0000,4061.6000,4061.8000,4062.0000,4062.6000,1,1,2,1,1,1,1,1,6,2
SF,IF2006,2020-02-19 13:04:26.400,4061.2000,23896,0,5075345820.000,0,-,-,-,-,4060.0000,4059.0000,4058.2000,4057.2000,4057.0000,4061.0000,4061.6000,4061.8000,4062.0000,4062.6000,1,1,2,1,1,1,1,1,6,2
SF,IF2006,2020-02-19 13:04:27.900,4061.2000,23896,0,5075345820.000,0,-,-,-,-,4060.0000,4059.8000,4059.0000,4058.2000,4057.2000,4061.0000,4061.6000,4061.8000,4062.0000,4062.6000,1,1,1,2,1,1,1,1,6,2
SF,IF2006,2020-02-19 13:04:28.400,4061.2000,23896,0,5075345820.000,0,-,-,-,-,4060.2000,4060.0000,4059.8000,4059.0000,4058.2000,4061.6000,4061.8000,4062.0000,4062.6000,4062.8000,2,1,1,1,2,1,1,6,2,4
SF,IF2006,2020-02-19 13:04:28.900,4061.2000,23896,0,5075345820.000,0,-,-,-,-,4060.2000,4060.0000,4059.8000,4059.0000,4058.2000,4061.6000,4061.8000,4062.0000,4062.6000,4062.8000,3,1,1,1,2,2,1,6,2,4
SF,IF2006,2020-02-19 13:04:29.900,4061.2000,23896,0,5075345820.000,0,-,-,-,-,4060.4000,4060.2000,4060.0000,4059.8000,4059.0000,4061.6000,4061.8000,4062.0000,4062.6000,4062.8000,1,2,1,1,1,1,1,6,2,4
SF,IF2006,2020-02-19 13:04:30.400,4061.2000,23896,0,5075345820.000,0,-,-,-,-,4060.6000,4060.4000,4060.0000,4059.8000,4059.0000,4061.6000,4061.8000,4062.0000,4062.6000,4062.8000,2,1,1,1,1,1,1,6,2,4
SF,IF2006,2020-02-19 13:04:31.900,4061.2000,23896,0,5075345820.000,0,-,-,-,-,4060.6000,4060.4000,4060.0000,4059.8000,4059.0000,4061.8000,4062.0000,4062.6000,4062.8000,4063.0000,2,1,1,1,1,1,6,2,4,3
SF,IF2006,2020-02-19 13:04:32.400,4061.2000,23896,0,5075345820.000,0,-,-,-,-,4060.6000,4060.4000,4060.0000,4059.8000,4059.0000,4061.6000,4061.8000,4062.0000,4062.6000,4062.8000,2,1,1,1,1,1,1,6,2,4
SF,IF2006,2020-02-19 13:04:32.900,4061.2000,23896,0,5075345820.000,0,-,-,-,-,4060.8000,4060.6000,4060.0000,4059.8000,4059.0000,4061.8000,4062.0000,4062.6000,4062.8000,4063.0000,1,2,1,1,1,1,6,2,4,3
SF,IF2006,2020-02-19 13:04:33.400,4061.2000,23896,0,5075345820.000,0,-,-,-,-,4061.0000,4060.8000,4060.0000,4059.8000,4059.0000,4061.8000,4062.0000,4062.6000,4062.8000,4063.0000,2,1,1,1,1,1,6,2,4,2
SF,IF2006,2020-02-19 13:04:34.900,4061.2000,23896,0,5075345820.000,0,-,-,-,-,4061.2000,4061.0000,4060.0000,4059.8000,4059.0000,4061.8000,4062.0000,4062.6000,4062.8000,4063.0000,1,2,1,1,1,2,6,2,4,2
SF,IF2006,2020-02-19 13:04:35.900,4061.2000,23896,0,5075345820.000,0,-,-,-,-,4061.0000,4060.0000,4059.8000,4059.0000,4058.2000,4061.8000,4062.0000,4062.6000,4062.8000,4063.0000,2,1,1,1,2,1,6,2,4,2
SF,IF2006,2020-02-19 13:04:36.400,4061.2000,23896,0,5075345820.000,0,-,-,-,-,4060.0000,4059.8000,4059.0000,4058.2000,4057.2000,4061.8000,4062.0000,4062.6000,4062.8000,4063.0000,1,1,1,2,1,1,6,2,4,2
SF,IF2006,2020-02-19 13:04:36.900,4061.2000,23896,0,5075345820.000,0,-,-,-,-,4060.2000,4060.0000,4059.8000,4059.0000,4058.2000,4061.4000,4061.6000,4061.8000,4062.0000,4062.6000,3,1,1,1,2,1,1,1,6,2
SF,IF2006,2020-02-19 13:04:37.400,4061.2000,23896,0,5075345820.000,0,-,-,-,-,4060.2000,4060.0000,4059.8000,4059.0000,4058.2000,4061.6000,4061.8000,4062.0000,4062.6000,4062.8000,3,1,1,1,2,1,1,6,2,4
SF,IF2006,2020-02-19 13:04:37.900,4061.8000,23896,0,5076564360.000,1,0,1,空换,B,4060.4000,4060.2000,4060.0000,4059.8000,4059.0000,4062.0000,4062.6000,4062.8000,4063.0000,4063.2000,1,3,1,1,1,6,2,4,2,2
SF,IF2006,2020-02-19 13:04:38.400,4061.8000,23896,0,5076564360.000,0,-,-,-,-,4060.6000,4060.4000,4060.0000,4059.8000,4059.0000,4061.2000,4062.0000,4062.6000,4062.8000,4063.0000,4,1,1,1,1,1,6,2,4,2
SF,IF2006,2020-02-19 13:04:38.900,4061.2000,23897,1,5077782720.000,1,1,0,双开,B,4061.2000,4060.6000,4060.4000,4060.0000,4059.8000,4062.0000,4062.6000,4062.8000,4063.0000,4063.2000,2,4,1,1,1,6,2,4,2,2
SF,IF2006,2020-02-19 13:04:39.400,4061.2000,23897,0,5077782720.000,0,-,-,-,-,4061.2000,4060.6000,4060.4000,4060.0000,4059.8000,4062.0000,4062.6000,4062.8000,4063.0000,4063.2000,2,4,1,1,1,7,2,4,2,2
SF,IF2006,2020-02-19 13:04:40.400,4061.2000,23897,0,5077782720.000,0,-,-,-,-,4061.2000,4060.6000,4060.0000,4059.8000,4059.0000,4062.0000,4062.6000,4062.8000,4063.0000,4063.2000,2,4,1,1,1,7,2,4,2,2
SF,IF2006,2020-02-19 13:04:40.900,4061.2000,23897,0,5077782720.000,0,-,-,-,-,4061.2000,4060.6000,4060.0000,4059.8000,4059.0000,4062.0000,4062.6000,4062.8000,4063.0000,4063.2000,2,3,1,1,1,6,2,4,2,2
SF,IF2006,2020-02-19 13:04:41.400,4061.2000,23897,0,5077782720.000,0,-,-,-,-,4060.6000,4060.0000,4059.8000,4059.0000,4058.2000,4062.0000,4062.6000,4062.8000,4063.0000,4063.2000,3,1,1,1,2,6,2,4,2,2
SF,IF2006,2020-02-19 13:04:41.900,4061.2000,23897,0,5077782720.000,0,-,-,-,-,4060.8000,4060.6000,4060.0000,4059.8000,4059.0000,4062.0000,4062.6000,4062.8000,4063.0000,4063.2000,1,3,1,1,1,6,2,4,2,2
SF,IF2006,2020-02-19 13:04:42.400,4061.2000,23897,0,5077782720.000,0,-,-,-,-,4061.0000,4060.8000,4060.6000,4060.0000,4059.8000,4062.0000,4062.6000,4062.8000,4063.0000,4063.2000,2,1,1,1,1,6,2,4,2,2
SF,IF2006,2020-02-19 13:04:43.900,4061.2000,23897,0,5077782720.000,0,-,-,-,-,4061.0000,4060.8000,4060.6000,4060.0000,4059.8000,4061.8000,4062.0000,4062.6000,4062.8000,4063.0000,2,1,1,1,1,1,6,2,4,2
SF,IF2006,2020-02-19 13:04:44.900,4061.2000,23897,0,5077782720.000,0,-,-,-,-,4061.0000,4060.8000,4060.6000,4060.0000,4059.8000,4062.0000,4062.6000,4062.8000,4063.0000,4063.2000,2,1,1,1,1,6,2,4,2,2
SF,IF2006,2020-02-19 13:04:45.400,4061.2000,23897,0,5077782720.000,0,-,-,-,-,4061.0000,4060.8000,4060.6000,4060.0000,4059.8000,4062.0000,4062.6000,4062.8000,4063.0000,4063.2000,2,1,1,1,1,6,2,4,2,2
SF,IF2006,2020-02-19 13:04:46.400,4061.2000,23897,0,5077782720.000,0,-,-,-,-,4061.0000,4060.8000,4060.6000,4060.0000,4059.8000,4062.0000,4062.6000,4062.8000,4063.0000,4063.2000,2,2,1,1,1,6,2,4,2,2
SF,IF2006,2020-02-19 13:04:46.900,4061.2000,23897,0,5077782720.000,0,-,-,-,-,4061.0000,4060.8000,4060.6000,4060.0000,4059.8000,4062.0000,4062.6000,4062.8000,4063.0000,4063.2000,2,2,1,1,1,7,2,4,2,2
SF,IF2006,2020-02-19 13:04:47.400,4061.2000,23897,0,5077782720.000,0,-,-,-,-,4061.0000,4060.8000,4060.6000,4060.0000,4059.8000,4061.8000,4062.0000,4062.6000,4062.8000,4063.0000,2,2,1,1,1,1,7,2,4,2
SF,IF2006,2020-02-19 13:04:47.900,4061.2000,23897,0,5077782720.000,0,-,-,-,-,4061.0000,4060.8000,4060.6000,4060.0000,4059.8000,4061.8000,4062.0000,4062.6000,4062.8000,4063.0000,2,2,1,1,1,1,6,2,4,2
SF,IF2006,2020-02-19 13:04:49.900,4061.2000,23897,0,5077782720.000,0,-,-,-,-,4061.0000,4060.8000,4060.0000,4059.8000,4059.0000,4061.8000,4062.0000,4062.6000,4062.8000,4063.0000,2,2,1,1,1,1,6,2,4,2
SF,IF2006,2020-02-19 13:04:50.400,4061.2000,23897,0,5077782720.000,0,-,-,-,-,4061.0000,4060.8000,4060.0000,4059.8000,4059.0000,4061.8000,4062.0000,4062.6000,4062.8000,4063.0000,2,2,1,1,1,1,6,2,4,2
SF,IF2006,2020-02-19 13:04:50.900,4061.2000,23897,0,5077782720.000,0,-,-,-,-,4061.0000,4060.8000,4060.0000,4059.8000,4059.0000,4061.8000,4062.0000,4062.6000,4062.8000,4063.0000,2,1,1,1,1,1,6,2,4,2
SF,IF2006,2020-02-19 13:04:51.400,4061.2000,23897,0,5077782720.000,0,-,-,-,-,4060.8000,4060.0000,4059.8000,4059.0000,4058.2000,4061.8000,4062.0000,4062.6000,4062.8000,4063.0000,1,1,1,1,2,1,6,2,4,2
SF,IF2006,2020-02-19 13:04:51.900,4061.2000,23897,0,5077782720.000,0,-,-,-,-,4060.8000,4060.0000,4059.8000,4059.0000,4058.2000,4061.6000,4061.8000,4062.0000,4062.6000,4062.8000,1,1,1,1,2,1,1,6,2,4
SF,IF2006,2020-02-19 13:04:53.400,4061.2000,23897,0,5077782720.000,0,-,-,-,-,4060.8000,4060.0000,4059.8000,4059.0000,4058.2000,4061.4000,4061.6000,4062.0000,4062.6000,4062.8000,1,1,1,1,2,2,1,6,2,4
SF,IF2006,2020-02-19 13:04:54.400,4061.2000,23897,0,5077782720.000,0,-,-,-,-,4060.8000,4060.0000,4059.8000,4059.0000,4058.2000,4061.4000,4061.6000,4062.0000,4062.6000,4062.8000,1,1,1,1,2,1,1,6,2,4
SF,IF2006,2020-02-19 13:04:55.900,4061.2000,23897,0,5077782720.000,0,-,-,-,-,4060.8000,4060.0000,4059.8000,4059.0000,4058.2000,4061.6000,4062.0000,4062.6000,4062.8000,4063.0000,1,1,1,1,2,1,6,2,4,2
SF,IF2006,2020-02-19 13:04:56.400,4061.2000,23897,0,5077782720.000,0,-,-,-,-,4060.8000,4060.0000,4059.8000,4059.0000,4058.2000,4062.0000,4062.6000,4062.8000,4063.0000,4063.2000,1,1,1,1,2,6,2,4,2,2
SF,IF2006,2020-02-19 13:04:56.900,4061.2000,23897,0,5077782720.000,0,-,-,-,-,4060.8000,4060.0000,4059.8000,4059.0000,4058.2000,4061.8000,4062.0000,4062.6000,4062.8000,4063.0000,1,1,1,1,2,3,6,2,4,2
SF,IF2006,2020-02-19 13:04:57.400,4061.2000,23897,0,5077782720.000,0,-,-,-,-,4060.8000,4060.0000,4059.8000,4059.0000,4058.2000,4061.8000,4062.0000,4062.6000,4062.8000,4063.0000,1,1,1,1,2,3,6,2,4,2
SF,IF2006,2020-02-19 13:04:57.900,4061.2000,23897,0,5077782720.000,0,-,-,-,-,4060.8000,4060.0000,4059.8000,4059.0000,4058.2000,4061.6000,4061.8000,4062.0000,4062.6000,4062.8000,1,1,1,1,2,1,4,6,2,4
SF,IF2006,2020-02-19 13:04:58.400,4061.2000,23897,0,5077782720.000,0,-,-,-,-,4060.8000,4060.0000,4059.8000,4059.0000,4058.2000,4061.4000,4061.6000,4061.8000,4062.0000,4062.6000,1,1,1,1,2,1,2,2,6,2
SF,IF2006,2020-02-19 13:05:00.900,4060.8000,23897,0,5079000960.000,1,0,1,空换,B,4060.0000,4059.8000,4059.0000,4058.2000,4057.2000,4061.2000,4061.4000,4062.0000,4062.6000,4062.8000,1,1,1,2,1,4,1,6,2,4
SF,IF2006,2020-02-19 13:05:01.400,4060.8000,23897,0,5079000960.000,0,-,-,-,-,4060.0000,4059.8000,4059.0000,4058.2000,4057.2000,4061.0000,4061.2000,4062.0000,4062.6000,4062.8000,1,1,1,2,1,1,3,6,2,4
SF,IF2006,2020-02-19 13:05:01.900,4060.0000,23898,1,5080218960.000,1,1,0,双开,B,4059.8000,4059.0000,4058.2000,4057.2000,4057.0000,4061.0000,4061.2000,4062.0000,4062.6000,4062.8000,1,1,2,1,1,1,3,6,2,4
SF,IF2006,2020-02-19 13:05:02.400,4060.0000,23898,0,5080218960.000,0,-,-,-,-,4060.0000,4059.8000,4059.0000,4058.2000,4057.2000,4060.8000,4061.0000,4061.2000,4062.0000,4062.6000,2,1,1,2,1,3,1,3,6,2
SF,IF2006,2020-02-19 13:05:02.900,4060.8000,23900,2,5083873680.000,3,2,1,多开,B,4060.0000,4059.8000,4059.0000,4058.2000,4057.2000,4061.0000,4061.2000,4062.0000,4062.6000,4062.8000,2,1,1,2,1,1,3,6,2,4
SF,IF2006,2020-02-19 13:05:03.900,4060.8000,23900,0,5083873680.000,0,-,-,-,-,4060.0000,4059.8000,4059.0000,4058.2000,4057.2000,4061.2000,4062.0000,4062.6000,4062.8000,4063.0000,2,1,1,2,1,2,6,2,4,2
SF,IF2006,2020-02-19 13:05:04.400,4060.8000,23900,0,5083873680.000,0,-,-,-,-,4060.4000,4060.0000,4059.8000,4059.0000,4058.2000,4061.0000,4061.2000,4062.0000,4062.6000,4062.8000,1,2,1,1,2,1,2,6,2,4
SF,IF2006,2020-02-19 13:05:04.900,4060.4000,23901,1,5085091800.000,1,1,0,双开,B,4060.0000,4059.8000,4059.0000,4058.2000,4057.2000,4060.4000,4061.0000,4061.2000,4062.0000,4062.6000,2,1,1,2,1,1,1,2,6,2
SF,IF2006,2020-02-19 13:05:05.400,4060.4000,23901,0,5086309920.000,1,0,1,空换,B,4060.4000,4059.8000,4059.0000,4058.2000,4057.2000,4061.0000,4061.2000,4062.0000,4062.6000,4062.8000,4,1,1,2,1,1,1,6,3,4
SF,IF2006,2020-02-19 13:05:05.900,4060.4000,23901,0,5086309920.000,0,-,-,-,-,4060.4000,4059.8000,4059.0000,4058.2000,4057.2000,4061.2000,4062.0000,4062.6000,4062.8000,4063.0000,4,1,1,2,1,1,6,3,4,2
SF,IF2006,2020-02-19 13:05:06.400,4060.4000,23901,0,5086309920.000,0,-,-,-,-,4060.6000,4060.4000,4059.8000,4059.0000,4058.2000,4061.0000,4061.2000,4062.0000,4062.6000,4062.8000,2,4,1,1,2,1,2,6,3,4
SF,IF2006,2020-02-19 13:05:06.900,4060.4000,23901,0,5086309920.000,0,-,-,-,-,4060.6000,4060.4000,4059.8000,4059.0000,4058.2000,4061.0000,4062.0000,4062.6000,4062.8000,4063.0000,2,4,1,1,2,1,6,3,4,2
SF,IF2006,2020-02-19 13:05:07.400,4060.4000,23901,0,5086309920.000,0,-,-,-,-,4060.6000,4060.4000,4059.8000,4059.0000,4058.2000,4062.0000,4062.6000,4062.8000,4063.0000,4063.2000,2,5,1,1,2,6,3,4,2,2
SF,IF2006,2020-02-19 13:05:07.900,4060.4000,23901,0,5086309920.000,0,-,-,-,-,4060.6000,4060.4000,4059.8000,4059.0000,4058.2000,4061.8000,4062.0000,4062.6000,4062.8000,4063.0000,2,5,1,1,2,3,6,3,4,2
SF,IF2006,2020-02-19 13:05:09.400,4060.4000,23901,0,5086309920.000,0,-,-,-,-,4060.6000,4060.4000,4059.8000,4059.0000,4058.2000,4061.4000,4061.6000,4061.8000,4062.0000,4062.6000,2,5,1,1,2,1,1,3,7,3
SF,IF2006,2020-02-19 13:05:09.900,4060.4000,23901,0,5086309920.000,0,-,-,-,-,4060.6000,4060.4000,4059.8000,4059.0000,4058.2000,4061.4000,4061.6000,4061.8000,4062.0000,4062.6000,2,5,1,1,2,1,2,3,7,2
SF,IF2006,2020-02-19 13:05:10.400,4060.4000,23901,0,5086309920.000,0,-,-,-,-,4060.6000,4060.4000,4059.8000,4059.0000,4058.2000,4061.6000,4061.8000,4062.0000,4062.6000,4062.8000,2,5,1,1,2,1,3,6,2,4
SF,IF2006,2020-02-19 13:05:10.900,4060.4000,23901,0,5086309920.000,0,-,-,-,-,4060.6000,4060.4000,4059.8000,4059.0000,4058.2000,4061.2000,4061.6000,4061.8000,4062.0000,4062.6000,2,3,1,1,2,1,1,3,6,2
SF,IF2006,2020-02-19 13:05:11.400,4060.4000,23901,0,5086309920.000,0,-,-,-,-,4060.6000,4060.4000,4059.8000,4059.0000,4058.2000,4061.2000,4061.6000,4061.8000,4062.0000,4062.6000,3,3,1,1,2,1,1,1,6,2
SF,IF2006,2020-02-19 13:05:12.900,4060.4000,23901,0,5086309920.000,0,-,-,-,-,4060.6000,4060.4000,4059.8000,4059.0000,4058.2000,4061.2000,4061.6000,4061.8000,4062.0000,4062.6000,3,3,1,1,2,1,1,1,6,2
SF,IF2006,2020-02-19 13:05:13.400,4060.4000,23901,0,5086309920.000,0,-,-,-,-,4060.6000,4060.4000,4059.8000,4059.0000,4058.2000,4061.2000,4061.6000,4061.8000,4062.0000,4062.6000,3,1,1,1,2,1,1,1,6,2
SF,IF2006,2020-02-19 13:05:15.400,4060.4000,23901,0,5086309920.000,0,-,-,-,-,4060.6000,4060.4000,4059.8000,4059.0000,4058.8000,4061.2000,4061.6000,4061.8000,4062.0000,4062.6000,3,1,1,1,1,1,1,1,6,2
SF,IF2006,2020-02-19 13:05:15.900,4061.2000,23902,1,5087528280.000,1,1,0,双开,B,4061.2000,4060.6000,4060.4000,4059.8000,4059.0000,4061.6000,4061.8000,4062.0000,4062.6000,4062.8000,5,3,1,1,1,1,1,6,2,4
SF,IF2006,2020-02-19 13:05:16.400,4061.2000,23905,3,5091183360.000,3,3,0,双开,B,4061.2000,4060.6000,4060.4000,4059.8000,4059.0000,4061.6000,4061.8000,4062.0000,4062.6000,4062.8000,2,3,1,1,1,1,2,6,2,4
SF,IF2006,2020-02-19 13:05:16.900,4061.2000,23905,0,5091183360.000,0,-,-,-,-,4061.2000,4060.6000,4060.4000,4059.8000,4059.0000,4061.8000,4062.0000,4062.6000,4062.8000,4063.0000,2,3,1,1,1,2,6,2,4,2
SF,IF2006,2020-02-19 13:05:17.400,4061.2000,23906,1,5092401720.000,1,1,0,双开,B,4061.2000,4060.6000,4060.4000,4059.8000,4059.0000,4061.8000,4062.0000,4062.6000,4062.8000,4063.0000,1,3,1,1,1,2,6,2,4,2
SF,IF2006,2020-02-19 13:05:17.900,4061.2000,23906,0,5092401720.000,0,-,-,-,-,4061.2000,4060.6000,4060.4000,4059.8000,4059.0000,4061.6000,4061.8000,4062.0000,4062.6000,4062.8000,1,3,1,1,1,1,2,6,2,4
SF,IF2006,2020-02-19 13:05:18.400,4061.2000,23906,0,5092401720.000,0,-,-,-,-,4061.2000,4060.6000,4060.4000,4059.8000,4059.0000,4061.6000,4061.8000,4062.0000,4062.6000,4062.8000,1,3,1,1,1,1,1,6,2,4
SF,IF2006,2020-02-19 13:05:19.400,4061.2000,23906,0,5092401720.000,0,-,-,-,-,4061.2000,4060.6000,4060.4000,4059.8000,4059.0000,4061.6000,4061.8000,4062.0000,4062.6000,4062.8000,1,3,1,1,1,1,1,6,2,4
SF,IF2006,2020-02-19 13:05:21.400,4061.2000,23906,0,5092401720.000,0,-,-,-,-,4061.2000,4060.6000,4060.4000,4059.8000,4059.0000,4061.8000,4062.0000,4062.6000,4062.8000,4063.0000,1,3,1,1,1,1,6,2,4,2
SF,IF2006,2020-02-19 13:05:22.900,4061.8000,23906,0,5093620260.000,1,0,1,空换,B,4061.4000,4061.2000,4060.6000,4059.8000,4059.0000,4062.0000,4062.6000,4062.8000,4063.0000,4063.2000,1,1,3,1,1,6,2,4,2,2
SF,IF2006,2020-02-19 13:05:23.400,4061.8000,23906,0,5093620260.000,0,-,-,-,-,4061.6000,4061.4000,4061.2000,4060.6000,4059.8000,4062.0000,4062.6000,4062.8000,4063.0000,4063.2000,2,1,1,1,1,6,2,4,2,2
SF,IF2006,2020-02-19 13:05:23.900,4061.8000,23906,0,5093620260.000,0,-,-,-,-,4061.8000,4061.6000,4061.2000,4060.6000,4059.8000,4062.0000,4062.6000,4062.8000,4063.0000,4063.2000,1,2,1,1,1,6,2,4,2,2
SF,IF2006,2020-02-19 13:05:24.400,4062.0000,23906,0,5096057460.000,2,1,1,空换,B,4061.8000,4061.6000,4061.2000,4060.6000,4059.8000,4062.0000,4062.6000,4062.8000,4063.0000,4063.2000,1,2,1,1,1,4,2,4,2,2
SF,IF2006,2020-02-19 13:05:24.900,4062.0000,23910,4,5100931860.000,4,4,0,双开,B,4061.8000,4061.6000,4061.2000,4060.6000,4059.8000,4062.6000,4062.8000,4063.0000,4063.2000,4063.4000,1,2,1,1,1,2,4,2,2,2
SF,IF2006,2020-02-19 13:05:25.400,4062.0000,23910,0,5100931860.000,0,-,-,-,-,4061.8000,4061.6000,4061.2000,4060.6000,4059.8000,4062.6000,4062.8000,4063.0000,4063.2000,4063.4000,1,2,1,1,1,3,4,2,2,2
SF,IF2006,2020-02-19 13:05:25.900,4062.0000,23910,0,5100931860.000,0,-,-,-,-,4061.6000,4061.2000,4060.6000,4059.8000,4059.0000,4062.4000,4062.6000,4062.8000,4063.0000,4063.2000,2,1,1,1,1,1,3,4,2,2
SF,IF2006,2020-02-19 13:05:26.400,4062.0000,23910,0,5100931860.000,0,-,-,-,-,4061.6000,4061.2000,4060.6000,4059.8000,4059.0000,4062.4000,4062.6000,4062.8000,4063.0000,4063.2000,2,1,1,1,1,1,2,4,2,2
SF,IF2006,2020-02-19 13:05:27.900,4062.4000,23909,-1,5102150580.000,1,0,1,双平,B,4061.8000,4061.6000,4061.2000,4060.6000,4059.8000,4062.4000,4062.6000,4062.8000,4063.0000,4063.2000,5,2,1,1,1,1,2,4,2,2
SF,IF2006,2020-02-19 13:05:28.400,4062.4000,23909,0,5102150580.000,0,-,-,-,-,4061.8000,4061.6000,4061.2000,4060.6000,4059.8000,4062.6000,4062.8000,4063.0000,4063.2000,4063.4000,5,2,1,1,1,2,4,2,2,2
SF,IF2006,2020-02-19 13:05:28.900,4062.4000,23909,0,5102150580.000,0,-,-,-,-,4061.8000,4061.6000,4061.2000,4060.6000,4059.8000,4062.4000,4062.6000,4062.8000,4063.0000,4063.2000,5,2,1,1,1,1,2,4,2,2
SF,IF2006,2020-02-19 13:05:29.400,4062.4000,23909,0,5102150580.000,0,-,-,-,-,4061.8000,4061.6000,4061.2000,4060.6000,4059.8000,4062.6000,4062.8000,4063.0000,4063.2000,4063.4000,5,2,1,1,1,2,4,2,2,2
SF,IF2006,2020-02-19 13:05:29.900,4062.4000,23909,0,5102150580.000,0,-,-,-,-,4061.8000,4061.6000,4061.2000,4060.6000,4059.8000,4062.6000,4062.8000,4063.0000,4063.2000,4063.4000,5,2,1,1,1,3,4,2,2,2
SF,IF2006,2020-02-19 13:05:32.400,4062.4000,23909,0,5102150580.000,0,-,-,-,-,4061.8000,4061.6000,4061.2000,4060.6000,4059.8000,4062.4000,4062.6000,4062.8000,4063.0000,4063.2000,5,2,1,1,1,1,3,4,2,2
SF,IF2006,2020-02-19 13:05:32.900,4062.4000,23909,0,5102150580.000,0,-,-,-,-,4061.8000,4061.6000,4061.2000,4060.6000,4059.8000,4062.4000,4062.6000,4062.8000,4063.0000,4063.2000,5,2,1,1,1,1,2,4,2,2
SF,IF2006,2020-02-19 13:05:33.400,4062.4000,23909,0,5102150580.000,0,-,-,-,-,4061.8000,4061.6000,4061.2000,4060.6000,4060.2000,4062.4000,4062.6000,4062.8000,4063.0000,4063.2000,5,2,1,1,1,1,2,4,2,2
SF,IF2006,2020-02-19 13:05:34.900,4062.4000,23909,0,5103369300.000,1,0,1,空换,B,4061.8000,4061.6000,4061.2000,4060.6000,4060.2000,4062.6000,4062.8000,4063.0000,4063.2000,4063.4000,5,2,1,1,1,2,4,2,2,2
SF,IF2006,2020-02-19 13:05:35.400,4062.4000,23909,0,5103369300.000,0,-,-,-,-,4062.0000,4061.8000,4061.2000,4060.6000,4060.2000,4062.4000,4062.6000,4062.8000,4063.0000,4063.2000,2,5,1,1,1,1,2,4,2,2
SF,IF2006,2020-02-19 13:05:35.900,4062.4000,23910,1,5104588020.000,1,1,0,双开,B,4062.0000,4061.8000,4061.2000,4060.6000,4060.2000,4062.6000,4062.8000,4063.0000,4063.2000,4063.4000,2,5,1,1,1,2,4,2,2,2
SF,IF2006,2020-02-19 13:05:36.400,4062.4000,23910,0,5104588020.000,0,-,-,-,-,4062.0000,4061.8000,4061.2000,4060.6000,4060.2000,4062.6000,4062.8000,4063.0000,4063.2000,4063.4000,2,5,1,1,1,3,4,2,2,2
SF,IF2006,2020-02-19 13:05:36.900,4062.4000,23910,0,5104588020.000,0,-,-,-,-,4062.0000,4061.8000,4061.2000,4060.6000,4060.2000,4062.6000,4062.8000,4063.0000,4063.2000,4063.4000,2,5,1,1,1,2,4,2,2,2
SF,IF2006,2020-02-19 13:05:38.400,4062.4000,23910,0,5104588020.000,0,-,-,-,-,4062.0000,4061.8000,4061.2000,4060.6000,4060.2000,4062.6000,4062.8000,4063.0000,4063.2000,4063.4000,2,5,1,1,1,2,4,2,2,2
SF,IF2006,2020-02-19 13:05:39.400,4062.4000,23910,0,5104588020.000,0,-,-,-,-,4062.0000,4061.8000,4061.2000,4060.6000,4060.2000,4062.6000,4062.8000,4063.0000,4063.2000,4063.4000,2,5,1,1,1,2,4,2,2,2
SF,IF2006,2020-02-19 13:05:42.400,4062.4000,23910,0,5104588020.000,0,-,-,-,-,4062.0000,4061.8000,4061.2000,4060.6000,4060.2000,4062.6000,4062.8000,4063.0000,4063.2000,4063.4000,2,5,1,1,1,2,4,3,2,2
SF,IF2006,2020-02-19 13:05:42.900,4062.6000,23910,0,5107025580.000,2,1,1,空换,B,4062.2000,4062.0000,4061.8000,4061.2000,4060.6000,4062.8000,4063.0000,4063.2000,4063.4000,4063.6000,1,2,5,1,1,4,3,2,2,2
SF,IF2006,2020-02-19 13:05:43.400,4062.6000,23910,0,5107025580.000,0,-,-,-,-,4062.4000,4062.2000,4061.8000,4061.2000,4060.6000,4062.8000,4063.0000,4063.2000,4063.4000,4063.6000,2,1,5,1,1,4,3,2,2,2
SF,IF2006,2020-02-19 13:05:43.900,4062.8000,23910,0,5110682100.000,3,1,2,空换,B,4062.4000,4062.2000,4061.8000,4061.2000,4060.6000,4062.8000,4063.0000,4063.2000,4063.4000,4063.6000,2,1,5,1,1,1,3,2,2,2
SF,IF2006,2020-02-19 13:05:44.400,4062.8000,23910,0,5111900940.000,1,0,1,空换,B,4062.4000,4062.2000,4061.8000,4061.2000,4060.6000,4063.0000,4063.2000,4063.4000,4063.6000,4063.8000,2,1,5,1,1,3,2,2,2,2
SF,IF2006,2020-02-19 13:05:45.400,4063.0000,23908,-2,5114338740.000,2,0,2,双平,B,4062.4000,4062.2000,4061.8000,4061.2000,4060.6000,4063.0000,4063.2000,4063.4000,4063.6000,4063.8000,2,1,5,1,1,1,2,2,2,2
SF,IF2006,2020-02-19 13:05:45.900,4063.0000,23908,0,5115557640.000,1,0,1,空换,B,4063.0000,4062.6000,4062.4000,4061.8000,4061.2000,4063.2000,4063.4000,4063.6000,4063.8000,4064.0000,1,1,2,5,1,2,2,2,2,3
SF,IF2006,2020-02-19 13:05:47.400,4063.2000,23908,0,5117995560.000,2,1,1,空换,B,4063.0000,4062.6000,4062.4000,4061.8000,4061.2000,4063.4000,4063.6000,4063.8000,4064.0000,4064.2000,1,1,2,5,1,2,2,2,3,4
SF,IF2006,2020-02-19 13:05:47.900,4063.4000,23907,-1,5119214580.000,1,0,1,双平,B,4063.0000,4062.6000,4062.4000,4061.8000,4061.2000,4063.4000,4063.6000,4063.8000,4064.0000,4064.2000,1,1,2,5,1,1,2,2,3,4
SF,IF2006,2020-02-19 13:05:49.400,4063.0000,23906,-1,5120433480.000,1,0,1,双平,B,4062.6000,4062.4000,4061.8000,4061.2000,4060.6000,4063.0000,4063.4000,4063.6000,4063.8000,4064.0000,1,2,5,1,1,1,1,2,2,3
SF,IF2006,2020-02-19 13:05:49.900,4063.0000,23905,-1,5121652380.000,1,0,1,双平,B,4063.2000,4063.0000,4062.8000,4062.6000,4061.8000,4063.4000,4063.6000,4063.8000,4064.0000,4064.2000,1,1,2,1,5,1,2,2,3,4
SF,IF2006,2020-02-19 13:05:50.400,4063.4000,23905,0,5122871400.000,1,0,1,空换,B,4063.4000,4062.8000,4062.6000,4061.8000,4061.2000,4063.6000,4063.8000,4064.0000,4064.2000,4064.4000,2,2,1,5,4,2,2,3,4,3
SF,IF2006,2020-02-19 13:05:50.900,4063.4000,23905,0,5122871400.000,0,-,-,-,-,4062.8000,4062.6000,4061.8000,4061.2000,4060.6000,4063.6000,4063.8000,4064.0000,4064.2000,4064.4000,2,1,5,4,1,2,2,3,4,3
SF,IF2006,2020-02-19 13:05:52.400,4063.4000,23905,0,5122871400.000,0,-,-,-,-,4063.0000,4062.8000,4061.8000,4061.2000,4060.6000,4063.6000,4063.8000,4064.0000,4064.2000,4064.4000,1,2,5,4,1,2,2,3,4,3
SF,IF2006,2020-02-19 13:05:53.400,4063.6000,23905,0,5125309560.000,2,1,1,空换,B,4063.6000,4063.0000,4062.8000,4061.8000,4061.2000,4063.8000,4064.0000,4064.2000,4064.4000,4064.6000,2,1,2,5,4,2,3,4,3,3
SF,IF2006,2020-02-19 13:05:53.900,4063.6000,23906,1,5127747720.000,2,1,1,多开,B,4063.0000,4062.8000,4061.8000,4061.2000,4060.6000,4063.6000,4063.8000,4064.0000,4064.2000,4064.4000,1,2,5,4,1,2,2,3,4,3
SF,IF2006,2020-02-19 13:05:54.900,4063.6000,23906,0,5127747720.000,0,-,-,-,-,4062.8000,4061.8000,4061.2000,4060.6000,4060.2000,4063.6000,4063.8000,4064.0000,4064.2000,4064.4000,2,5,4,1,1,2,2,3,4,3
SF,IF2006,2020-02-19 13:05:55.400,4063.6000,23906,0,5127747720.000,0,-,-,-,-,4062.8000,4061.8000,4061.2000,4060.6000,4060.2000,4063.4000,4063.6000,4063.8000,4064.0000,4064.2000,2,5,4,1,1,1,2,2,3,4
SF,IF2006,2020-02-19 13:05:56.400,4063.6000,23906,0,5127747720.000,0,-,-,-,-,4062.8000,4061.8000,4061.2000,4060.6000,4060.2000,4063.6000,4063.8000,4064.0000,4064.2000,4064.4000,2,5,4,1,1,2,2,4,4,3
SF,IF2006,2020-02-19 13:05:58.400,4063.6000,23906,0,5127747720.000,0,-,-,-,-,4063.0000,4062.8000,4061.8000,4061.2000,4060.6000,4063.6000,4063.8000,4064.0000,4064.2000,4064.4000,1,2,5,4,1,2,2,4,4,3
SF,IF2006,2020-02-19 13:05:58.900,4063.6000,23906,0,5127747720.000,0,-,-,-,-,4063.0000,4062.8000,4061.8000,4061.2000,4060.6000,4063.8000,4064.0000,4064.2000,4064.4000,4064.6000,1,2,5,4,1,2,4,4,3,3
SF,IF2006,2020-02-19 13:05:59.900,4063.6000,23906,0,5127747720.000,0,-,-,-,-,4063.0000,4062.8000,4061.8000,4061.2000,4060.6000,4063.8000,4064.0000,4064.2000,4064.4000,4064.6000,1,2,5,4,1,2,4,4,3,4
SF,IF2006,2020-02-19 13:06:00.900,4063.6000,23906,0,5127747720.000,0,-,-,-,-,4062.8000,4061.8000,4061.2000,4060.6000,4060.2000,4063.8000,4064.0000,4064.2000,4064.4000,4064.6000,2,5,4,1,1,3,4,4,3,4
SF,IF2006,2020-02-19 13:06:04.900,4063.6000,23906,0,5127747720.000,0,-,-,-,-,4063.0000,4062.8000,4061.8000,4061.2000,4060.6000,4063.8000,4064.0000,4064.2000,4064.4000,4064.6000,1,2,5,4,1,3,4,4,3,4
SF,IF2006,2020-02-19 13:06:05.400,4063.6000,23906,0,5127747720.000,0,-,-,-,-,4063.2000,4063.0000,4061.8000,4061.2000,4060.6000,4063.8000,4064.0000,4064.2000,4064.4000,4064.6000,2,1,5,4,1,3,4,4,3,4
SF,IF2006,2020-02-19 13:06:06.900,4063.6000,23906,0,5127747720.000,0,-,-,-,-,4063.4000,4063.2000,4063.0000,4061.8000,4061.2000,4063.8000,4064.0000,4064.2000,4064.4000,4064.6000,1,2,1,5,4,3,4,4,3,4
SF,IF2006,2020-02-19 13:06:07.400,4063.6000,23906,0,5127747720.000,0,-,-,-,-,4063.4000,4063.2000,4061.8000,4061.2000,4060.6000,4063.8000,4064.0000,4064.2000,4064.4000,4064.6000,2,2,5,4,1,3,4,4,3,4
SF,IF2006,2020-02-19 13:06:07.900,4063.8000,23906,0,5130186000.000,2,1,1,空换,B,4063.6000,4063.4000,4061.8000,4061.2000,4060.6000,4063.8000,4064.0000,4064.2000,4064.4000,4064.6000,2,2,5,4,1,1,4,4,3,4
SF,IF2006,2020-02-19 13:06:08.400,4063.8000,23905,-1,5131405140.000,1,0,1,双平,B,4063.8000,4063.4000,4061.8000,4061.2000,4060.6000,4064.0000,4064.2000,4064.4000,4064.6000,4064.8000,1,1,5,4,1,4,4,3,4,3
SF,IF2006,2020-02-19 13:06:08.900,4063.4000,23906,1,5133843300.000,2,1,1,多开,B,4061.8000,4061.2000,4060.6000,4060.2000,4059.8000,4063.4000,4064.0000,4064.2000,4064.4000,4064.6000,5,4,1,1,1,1,4,4,3,4
SF,IF2006,2020-02-19 13:06:09.400,4062.4000,23906,0,5136281040.000,2,1,1,空换,B,4062.4000,4062.0000,4061.8000,4061.2000,4060.2000,4063.4000,4064.0000,4064.2000,4064.4000,4064.6000,1,4,5,4,1,1,4,4,3,4
SF,IF2006,2020-02-19 13:06:09.900,4062.4000,23906,0,5136281040.000,0,-,-,-,-,4063.0000,4062.6000,4062.4000,4062.0000,4061.8000,4063.4000,4064.0000,4064.2000,4064.4000,4064.6000,1,2,1,2,5,1,4,4,3,4
SF,IF2006,2020-02-19 13:06:10.400,4062.4000,23906,0,5136281040.000,0,-,-,-,-,4063.2000,4063.0000,4062.0000,4061.8000,4061.2000,4063.4000,4064.0000,4064.2000,4064.4000,4064.6000,2,1,2,5,4,1,4,4,3,4
SF,IF2006,2020-02-19 13:06:10.900,4063.4000,23905,-1,5137500060.000,1,0,1,双平,B,4063.2000,4063.0000,4062.0000,4061.8000,4061.2000,4064.0000,4064.2000,4064.4000,4064.6000,4064.8000,2,1,2,5,4,4,4,3,4,3
SF,IF2006,2020-02-19 13:06:11.400,4063.4000,23905,0,5137500060.000,0,-,-,-,-,4063.2000,4063.0000,4062.4000,4062.0000,4061.8000,4063.4000,4064.0000,4064.2000,4064.4000,4064.6000,2,1,1,2,5,1,4,4,3,4
SF,IF2006,2020-02-19 13:06:11.900,4063.4000,23906,1,5138719080.000,1,1,0,双开,B,4063.2000,4063.0000,4062.4000,4062.0000,4061.8000,4064.0000,4064.2000,4064.4000,4064.6000,4064.8000,2,1,1,2,5,4,4,3,4,3
SF,IF2006,2020-02-19 13:06:12.400,4063.4000,23906,0,5138719080.000,0,-,-,-,-,4063.2000,4062.4000,4062.0000,4061.8000,4061.2000,4064.0000,4064.2000,4064.4000,4064.6000,4064.8000,3,1,2,5,4,4,4,3,4,3
SF,IF2006,2020-02-19 13:06:13.400,4063.4000,23906,0,5138719080.000,0,-,-,-,-,4063.2000,4062.4000,4062.0000,4061.2000,4060.2000,4064.0000,4064.2000,4064.4000,4064.6000,4064.8000,3,1,2,4,1,4,4,3,4,3
SF,IF2006,2020-02-19 13:06:13.900,4063.4000,23906,0,5138719080.000,0,-,-,-,-,4062.4000,4062.0000,4061.2000,4060.2000,4059.8000,4063.8000,4064.0000,4064.2000,4064.4000,4064.6000,1,2,4,1,1,2,4,4,3,4
SF,IF2006,2020-02-19 13:06:14.400,4063.4000,23906,0,5138719080.000,0,-,-,-,-,4062.6000,4062.0000,4061.2000,4060.2000,4059.8000,4063.8000,4064.0000,4064.2000,4064.4000,4064.6000,3,2,4,1,1,2,4,4,3,4
SF,IF2006,2020-02-19 13:06:15.400,4063.4000,23906,0,5138719080.000,0,-,-,-,-,4062.6000,4062.0000,4061.2000,4060.2000,4059.8000,4063.6000,4063.8000,4064.0000,4064.2000,4064.4000,3,2,4,1,1,2,2,4,4,3
SF,IF2006,2020-02-19 13:06:15.900,4063.4000,23906,0,5138719080.000,0,-,-,-,-,4062.0000,4061.2000,4060.2000,4059.8000,4059.0000,4063.2000,4063.4000,4063.6000,4064.0000,4064.2000,2,4,1,1,1,1,2,1,4,4
SF,IF2006,2020-02-19 13:06:16.400,4063.4000,23906,0,5138719080.000,0,-,-,-,-,4062.2000,4062.0000,4061.2000,4060.2000,4059.8000,4063.2000,4063.4000,4063.6000,4064.0000,4064.2000,3,1,4,1,1,1,2,1,4,4
SF,IF2006,2020-02-19 13:06:17.400,4063.4000,23906,0,5138719080.000,0,-,-,-,-,4062.2000,4062.0000,4061.2000,4060.2000,4059.8000,4063.2000,4063.4000,4063.6000,4064.0000,4064.2000,3,1,4,1,1,1,3,1,5,4
SF,IF2006,2020-02-19 13:06:18.900,4063.4000,23906,0,5138719080.000,0,-,-,-,-,4062.4000,4062.2000,4062.0000,4061.2000,4060.2000,4063.2000,4063.4000,4063.6000,4064.0000,4064.2000,1,3,1,4,1,1,3,1,5,4
SF,IF2006,2020-02-19 13:06:21.900,4063.2000,23907,1,5139938040.000,1,1,0,双开,B,4063.2000,4062.4000,4062.2000,4062.0000,4061.2000,4063.4000,4063.6000,4064.0000,4064.2000,4064.4000,4,1,3,1,4,3,1,5,4,3
SF,IF2006,2020-02-19 13:06:22.400,4063.2000,23911,4,5144813880.000,4,4,0,双开,B,4062.4000,4062.2000,4062.0000,4061.2000,4060.2000,4063.2000,4063.4000,4063.6000,4064.0000,4064.2000,1,3,1,4,1,2,3,1,5,4
SF,IF2006,2020-02-19 13:06:23.400,4063.2000,23911,0,5144813880.000,0,-,-,-,-,4062.4000,4062.2000,4062.0000,4061.2000,4060.2000,4063.2000,4063.4000,4063.6000,4064.0000,4064.2000,1,3,1,4,1,2,3,1,5,4
SF,IF2006,2020-02-19 13:06:24.400,4063.2000,23911,0,5144813880.000,0,-,-,-,-,4062.4000,4062.2000,4062.0000,4061.2000,4060.2000,4063.2000,4063.4000,4063.6000,4064.0000,4064.2000,2,2,1,4,1,2,3,1,5,4
SF,IF2006,2020-02-19 13:06:27.400,4063.2000,23911,0,5144813880.000,0,-,-,-,-,4062.4000,4062.2000,4062.0000,4061.2000,4060.2000,4063.2000,4063.4000,4063.6000,4064.0000,4064.2000,2,2,1,4,1,2,3,1,5,4
SF,IF2006,2020-02-19 13:06:28.400,4063.2000,23911,0,5144813880.000,0,-,-,-,-,4062.4000,4062.2000,4062.0000,4061.2000,4060.2000,4063.4000,4063.6000,4064.0000,4064.2000,4064.4000,2,2,1,4,1,3,1,5,4,3
SF,IF2006,2020-02-19 13:06:28.900,4063.2000,23911,0,5144813880.000,0,-,-,-,-,4062.6000,4062.4000,4062.2000,4062.0000,4061.2000,4063.4000,4063.6000,4064.0000,4064.2000,4064.4000,1,2,2,1,4,3,1,5,4,3
SF,IF2006,2020-02-19 13:06:29.400,4063.2000,23911,0,5144813880.000,0,-,-,-,-,4062.6000,4062.4000,4062.2000,4062.0000,4061.2000,4063.4000,4063.6000,4064.0000,4064.2000,4064.4000,1,2,2,1,4,3,1,5,4,3
SF,IF2006,2020-02-19 13:06:31.400,4063.2000,23911,0,5144813880.000,0,-,-,-,-,4063.0000,4062.6000,4062.4000,4062.2000,4062.0000,4063.4000,4063.6000,4064.0000,4064.2000,4064.4000,1,1,2,2,1,3,1,5,4,3
SF,IF2006,2020-02-19 13:06:31.900,4063.2000,23911,0,5144813880.000,0,-,-,-,-,4063.0000,4062.4000,4062.2000,4062.0000,4061.2000,4063.4000,4064.0000,4064.2000,4064.4000,4064.6000,1,2,2,1,4,1,5,4,3,3
SF,IF2006,2020-02-19 13:06:32.900,4063.4000,23912,1,5146032900.000,1,1,0,双开,B,4063.0000,4062.4000,4062.2000,4062.0000,4061.2000,4064.0000,4064.2000,4064.4000,4064.6000,4064.8000,1,2,2,1,4,5,4,3,3,3
SF,IF2006,2020-02-19 13:06:33.400,4063.4000,23912,0,5146032900.000,0,-,-,-,-,4063.4000,4063.2000,4063.0000,4062.4000,4062.0000,4064.0000,4064.2000,4064.4000,4064.6000,4064.8000,1,2,1,2,1,5,4,3,3,3
SF,IF2006,2020-02-19 13:06:33.900,4063.4000,23912,0,5146032900.000,0,-,-,-,-,4063.4000,4063.2000,4063.0000,4062.4000,4062.0000,4064.0000,4064.2000,4064.4000,4064.6000,4064.8000,1,2,1,2,1,5,4,3,3,3
SF,IF2006,2020-02-19 13:06:35.900,4063.4000,23913,1,5147251920.000,1,1,0,双开,B,4063.2000,4063.0000,4062.4000,4062.0000,4061.2000,4064.0000,4064.2000,4064.4000,4064.6000,4064.8000,2,1,2,1,4,5,4,3,3,3
SF,IF2006,2020-02-19 13:06:36.900,4063.4000,23913,0,5147251920.000,0,-,-,-,-,4063.2000,4063.0000,4062.4000,4062.0000,4061.2000,4064.0000,4064.2000,4064.4000,4064.6000,4064.8000,2,1,3,1,4,5,4,3,3,3
SF,IF2006,2020-02-19 13:06:40.400,4063.4000,23913,0,5147251920.000,0,-,-,-,-,4063.2000,4063.0000,4062.4000,4062.0000,4061.2000,4064.0000,4064.2000,4064.4000,4064.6000,4064.8000,2,1,3,1,4,4,4,3,3,3
SF,IF2006,2020-02-19 13:06:41.400,4063.4000,23913,0,5147251920.000,0,-,-,-,-,4063.2000,4063.0000,4062.4000,4062.0000,4061.2000,4064.0000,4064.2000,4064.4000,4064.6000,4064.8000,2,1,3,1,4,3,4,3,3,3
SF,IF2006,2020-02-19 13:06:44.400,4063.4000,23913,0,5147251920.000,0,-,-,-,-,4063.2000,4063.0000,4062.4000,4062.2000,4062.0000,4064.0000,4064.2000,4064.4000,4064.6000,4064.8000,2,1,3,1,1,3,4,3,3,3
SF,IF2006,2020-02-19 13:06:45.400,4063.4000,23913,0,5147251920.000,0,-,-,-,-,4063.4000,4063.2000,4063.0000,4062.4000,4062.2000,4064.0000,4064.2000,4064.4000,4064.6000,4064.8000,1,2,1,3,1,3,4,3,3,3
SF,IF2006,2020-02-19 13:06:46.400,4063.4000,23913,0,5147251920.000,0,-,-,-,-,4063.2000,4063.0000,4062.4000,4062.2000,4062.0000,4064.0000,4064.2000,4064.4000,4064.6000,4064.8000,2,1,3,1,1,3,4,3,3,3
SF,IF2006,2020-02-19 13:06:48.400,4063.4000,23913,0,5147251920.000,0,-,-,-,-,4063.4000,4063.2000,4063.0000,4062.4000,4062.2000,4064.0000,4064.2000,4064.4000,4064.6000,4064.8000,1,2,1,3,1,3,4,3,3,3
SF,IF2006,2020-02-19 13:06:48.900,4063.4000,23913,0,5147251920.000,0,-,-,-,-,4063.4000,4063.2000,4063.0000,4062.4000,4062.2000,4064.0000,4064.2000,4064.4000,4064.6000,4064.8000,1,2,1,3,1,3,4,3,3,3
SF,IF2006,2020-02-19 13:06:49.900,4063.4000,23913,0,5147251920.000,0,-,-,-,-,4063.2000,4063.0000,4062.4000,4062.2000,4062.0000,4064.0000,4064.2000,4064.4000,4064.6000,4064.8000,2,1,3,1,1,3,4,3,3,3
SF,IF2006,2020-02-19 13:06:51.900,4063.4000,23913,0,5147251920.000,0,-,-,-,-,4063.4000,4063.2000,4063.0000,4062.4000,4062.2000,4064.0000,4064.2000,4064.4000,4064.6000,4064.8000,1,2,1,3,1,3,4,3,3,3
SF,IF2006,2020-02-19 13:06:53.900,4063.4000,23913,0,5147251920.000,0,-,-,-,-,4063.4000,4063.2000,4063.0000,4062.4000,4062.2000,4064.0000,4064.2000,4064.4000,4064.6000,4064.8000,1,2,1,2,1,3,4,3,3,3
SF,IF2006,2020-02-19 13:06:54.400,4063.4000,23913,0,5147251920.000,0,-,-,-,-,4063.6000,4063.4000,4063.0000,4062.4000,4062.2000,4064.0000,4064.2000,4064.4000,4064.6000,4064.8000,3,2,1,2,1,3,4,3,3,3
SF,IF2006,2020-02-19 13:06:54.900,4063.4000,23913,0,5147251920.000,0,-,-,-,-,4063.6000,4063.4000,4063.0000,4062.4000,4062.2000,4064.0000,4064.2000,4064.4000,4064.6000,4064.8000,3,1,1,2,1,3,4,3,3,3
SF,IF2006,2020-02-19 13:06:57.400,4063.4000,23913,0,5147251920.000,0,-,-,-,-,4063.8000,4063.6000,4063.4000,4063.0000,4062.4000,4064.0000,4064.2000,4064.4000,4064.6000,4064.8000,4,3,1,1,2,3,4,3,3,3
SF,IF2006,2020-02-19 13:06:57.900,4063.8000,23915,2,5152128480.000,4,3,1,多开,B,4063.6000,4063.4000,4063.0000,4062.4000,4062.2000,4063.8000,4064.0000,4064.2000,4064.4000,4064.6000,3,1,1,2,1,3,3,4,3,3
SF,IF2006,2020-02-19 13:06:58.400,4063.6000,23915,0,5153347560.000,1,0,1,空换,B,4063.6000,4063.4000,4063.0000,4062.4000,4062.2000,4063.8000,4064.0000,4064.2000,4064.4000,4064.6000,1,1,1,2,1,3,3,4,3,3
SF,IF2006,2020-02-19 13:06:58.900,4063.4000,23915,0,5155785660.000,2,1,1,空换,B,4063.0000,4062.4000,4062.2000,4062.0000,4061.2000,4063.6000,4063.8000,4064.0000,4064.2000,4064.4000,1,2,1,1,4,2,6,3,4,3
SF,IF2006,2020-02-19 13:06:59.400,4063.6000,23916,1,5157004740.000,1,1,0,双开,B,4063.0000,4062.4000,4062.2000,4062.0000,4061.2000,4063.6000,4063.8000,4064.0000,4064.2000,4064.4000,1,2,1,1,4,1,6,3,4,3
SF,IF2006,2020-02-19 13:06:59.900,4063.6000,23916,0,5157004740.000,0,-,-,-,-,4063.0000,4062.4000,4062.2000,4062.0000,4061.2000,4063.8000,4064.0000,4064.2000,4064.4000,4064.6000,1,2,1,1,4,6,3,4,3,3
SF,IF2006,2020-02-19 13:07:01.400,4063.8000,23910,-6,5164319580.000,6,0,6,双平,B,4063.0000,4062.4000,4062.2000,4062.0000,4061.2000,4064.0000,4064.2000,4064.4000,4064.6000,4064.8000,1,2,1,1,4,3,4,3,3,3
SF,IF2006,2020-02-19 13:07:01.900,4063.8000,23910,0,5164319580.000,0,-,-,-,-,4063.4000,4063.0000,4062.4000,4062.2000,4062.0000,4064.0000,4064.2000,4064.4000,4064.6000,4064.8000,1,1,2,1,1,3,4,3,3,3
SF,IF2006,2020-02-19 13:07:02.900,4063.8000,23910,0,5164319580.000,0,-,-,-,-,4063.4000,4063.0000,4062.4000,4062.2000,4062.0000,4063.8000,4064.0000,4064.2000,4064.4000,4064.6000,1,1,2,1,1,6,3,4,3,3
SF,IF2006,2020-02-19 13:07:04.400,4063.8000,23910,0,5164319580.000,0,-,-,-,-,4063.4000,4063.0000,4062.4000,4062.2000,4062.0000,4063.8000,4064.0000,4064.2000,4064.4000,4064.6000,1,1,2,1,1,6,3,4,3,3
SF,IF2006,2020-02-19 13:07:05.400,4063.8000,23910,0,5164319580.000,0,-,-,-,-,4063.4000,4063.0000,4062.4000,4062.2000,4062.0000,4063.8000,4064.0000,4064.2000,4064.4000,4064.6000,1,1,2,1,1,6,4,4,3,3
SF,IF2006,2020-02-19 13:07:07.900,4063.8000,23910,0,5164319580.000,0,-,-,-,-,4063.4000,4063.0000,4062.4000,4062.2000,4062.0000,4063.8000,4064.0000,4064.2000,4064.4000,4064.6000,1,1,2,1,1,6,5,4,3,3
SF,IF2006,2020-02-19 13:07:08.400,4063.8000,23910,0,5164319580.000,0,-,-,-,-,4063.4000,4063.0000,4062.4000,4062.2000,4062.0000,4063.8000,4064.0000,4064.2000,4064.4000,4064.6000,1,2,2,1,1,6,5,4,3,3
SF,IF2006,2020-02-19 13:07:09.900,4063.8000,23910,0,5164319580.000,0,-,-,-,-,4063.4000,4063.0000,4062.4000,4062.2000,4062.0000,4063.8000,4064.0000,4064.2000,4064.4000,4064.6000,1,2,2,1,1,6,5,4,3,3
SF,IF2006,2020-02-19 13:07:10.400,4063.8000,23910,0,5164319580.000,0,-,-,-,-,4063.4000,4063.0000,4062.4000,4062.2000,4062.0000,4063.8000,4064.0000,4064.2000,4064.4000,4064.6000,1,2,2,1,1,6,5,4,3,3
SF,IF2006,2020-02-19 13:07:10.900,4063.8000,23909,-1,5165538720.000,1,0,1,双平,B,4063.6000,4063.4000,4063.0000,4062.4000,4062.2000,4063.8000,4064.0000,4064.2000,4064.4000,4064.6000,1,1,2,2,1,5,5,4,3,3
SF,IF2006,2020-02-19 13:07:11.400,4063.8000,23908,-1,5169196140.000,3,1,2,空平,B,4063.6000,4063.0000,4062.4000,4062.2000,4062.0000,4063.8000,4064.0000,4064.2000,4064.4000,4064.6000,1,2,2,1,1,2,5,4,3,3
SF,IF2006,2020-02-19 13:07:11.900,4063.8000,23908,0,5171634420.000,2,1,1,空换,B,4063.8000,4063.6000,4063.0000,4062.4000,4062.2000,4064.0000,4064.2000,4064.4000,4064.6000,4064.8000,1,1,2,2,1,5,4,3,3,3
SF,IF2006,2020-02-19 13:07:14.400,4064.0000,23907,-1,5174072760.000,2,0,2,空平,B,4063.6000,4063.0000,4062.4000,4062.2000,4062.0000,4064.0000,4064.2000,4064.4000,4064.6000,4064.8000,1,2,2,1,1,4,4,3,3,3
SF,IF2006,2020-02-19 13:07:14.900,4064.0000,23906,-1,5175291960.000,1,0,1,双平,B,4063.6000,4063.0000,4062.4000,4062.2000,4062.0000,4064.0000,4064.2000,4064.4000,4064.6000,4064.8000,1,2,2,1,1,3,4,3,3,3
SF,IF2006,2020-02-19 13:07:15.400,4064.0000,23907,1,5178949560.000,3,2,1,多开,B,4063.6000,4063.0000,4062.4000,4062.2000,4062.0000,4064.2000,4064.4000,4064.6000,4064.8000,4065.0000,1,2,2,1,1,4,3,3,3,11
SF,IF2006,2020-02-19 13:07:15.900,4064.2000,23906,-1,5181388080.000,2,0,2,空平,B,4063.6000,4063.0000,4062.4000,4062.2000,4062.0000,4064.2000,4064.4000,4064.6000,4064.8000,4065.0000,1,2,2,1,1,2,3,3,3,11
SF,IF2006,2020-02-19 13:07:16.400,4064.2000,23906,0,5182607340.000,1,0,1,空换,B,4063.8000,4063.6000,4063.0000,4062.4000,4062.2000,4064.2000,4064.4000,4064.6000,4064.8000,4065.0000,1,1,2,2,1,1,3,3,3,11
SF,IF2006,2020-02-19 13:07:16.900,4064.2000,23905,-1,5183826600.000,1,0,1,双平,B,4064.0000,4063.8000,4063.6000,4063.0000,4062.4000,4064.4000,4064.6000,4064.8000,4065.0000,4065.2000,2,1,1,2,2,3,3,3,11,3
SF,IF2006,2020-02-19 13:07:17.400,4064.2000,23905,0,5183826600.000,0,-,-,-,-,4064.0000,4063.6000,4063.0000,4062.4000,4062.2000,4064.4000,4064.6000,4064.8000,4065.0000,4065.2000,2,1,2,2,1,3,3,3,11,3
SF,IF2006,2020-02-19 13:07:18.400,4064.4000,23905,0,5186265240.000,2,1,1,空换,B,4064.0000,4063.6000,4063.0000,4062.4000,4062.2000,4064.4000,4064.6000,4064.8000,4065.0000,4065.2000,2,1,2,2,1,1,3,3,11,3
SF,IF2006,2020-02-19 13:07:18.900,4064.4000,23905,0,5187484560.000,1,0,1,空换,B,4064.4000,4064.0000,4063.6000,4063.0000,4062.4000,4064.6000,4064.8000,4065.0000,4065.2000,4065.4000,1,2,1,2,2,3,3,11,3,3
SF,IF2006,2020-02-19 13:07:19.400,4064.4000,23905,0,5187484560.000,0,-,-,-,-,4064.0000,4063.6000,4063.0000,4062.4000,4062.2000,4064.6000,4064.8000,4065.0000,4065.2000,4065.4000,2,1,2,2,1,3,3,11,3,3
SF,IF2006,2020-02-19 13:07:19.900,4064.4000,23905,0,5187484560.000,0,-,-,-,-,4064.0000,4063.6000,4063.0000,4062.4000,4062.2000,4064.6000,4064.8000,4065.0000,4065.2000,4065.4000,2,1,2,2,1,3,3,11,3,3
SF,IF2006,2020-02-19 13:07:20.400,4064.4000,23905,0,5187484560.000,0,-,-,-,-,4064.0000,4063.6000,4063.0000,4062.4000,4062.2000,4064.6000,4064.8000,4065.0000,4065.2000,4065.4000,3,1,2,2,1,3,3,11,3,3
SF,IF2006,2020-02-19 13:07:20.900,4064.4000,23905,0,5187484560.000,0,-,-,-,-,4064.0000,4063.6000,4063.0000,4062.4000,4062.2000,4064.6000,4064.8000,4065.0000,4065.2000,4065.4000,2,1,2,2,1,3,3,11,3,3
SF,IF2006,2020-02-19 13:07:21.400,4064.4000,23905,0,5187484560.000,0,-,-,-,-,4064.0000,4063.0000,4062.4000,4062.2000,4062.0000,4064.6000,4064.8000,4065.0000,4065.2000,4065.4000,2,2,2,1,1,3,3,11,3,3
SF,IF2006,2020-02-19 13:07:21.900,4064.0000,23904,-1,5191142160.000,3,1,2,空平,B,4063.0000,4062.4000,4062.2000,4062.0000,4061.2000,4064.4000,4064.6000,4064.8000,4065.0000,4065.2000,2,2,1,1,4,1,3,3,11,3
SF,IF2006,2020-02-19 13:07:22.400,4064.2000,23903,-1,5192361420.000,1,0,1,双平,B,4063.8000,4063.2000,4063.0000,4062.4000,4062.2000,4064.2000,4064.4000,4064.6000,4064.8000,4065.0000,1,7,3,2,1,1,1,3,3,11
SF,IF2006,2020-02-19 13:07:22.900,4064.2000,23902,-1,5193580680.000,1,0,1,双平,B,4064.2000,4064.0000,4063.8000,4063.2000,4063.0000,4064.4000,4064.6000,4064.8000,4065.0000,4065.2000,2,1,1,1,3,1,3,3,11,3
SF,IF2006,2020-02-19 13:07:23.400,4064.2000,23903,1,5196019200.000,2,1,1,多开,B,4064.0000,4063.2000,4063.0000,4062.4000,4062.2000,4064.4000,4064.6000,4064.8000,4065.0000,4065.2000,1,1,3,2,1,1,3,3,11,3
SF,IF2006,2020-02-19 13:07:23.900,4064.2000,23903,0,5196019200.000,0,-,-,-,-,4063.2000,4063.0000,4062.4000,4062.2000,4061.2000,4064.6000,4064.8000,4065.0000,4065.2000,4065.4000,1,3,2,1,4,3,3,11,3,3
SF,IF2006,2020-02-19 13:07:24.400,4064.2000,23903,0,5196019200.000,0,-,-,-,-,4063.4000,4063.2000,4063.0000,4062.4000,4062.2000,4064.4000,4064.6000,4064.8000,4065.0000,4065.2000,3,1,3,2,1,2,3,3,11,3
SF,IF2006,2020-02-19 13:07:24.900,4064.2000,23903,0,5196019200.000,0,-,-,-,-,4063.6000,4063.4000,4063.0000,4062.4000,4062.2000,4064.4000,4064.6000,4064.8000,4065.0000,4065.2000,1,3,3,2,1,2,3,3,11,3
SF,IF2006,2020-02-19 13:07:25.400,4064.2000,23903,0,5196019200.000,0,-,-,-,-,4063.4000,4063.0000,4062.4000,4062.2000,4061.2000,4064.4000,4064.6000,4064.8000,4065.0000,4065.2000,3,3,2,1,4,2,3,3,11,3
SF,IF2006,2020-02-19 13:07:25.900,4064.2000,23903,0,5196019200.000,0,-,-,-,-,4063.4000,4063.0000,4062.4000,4062.2000,4061.2000,4064.4000,4064.6000,4064.8000,4065.0000,4065.2000,3,3,2,1,4,2,3,3,11,3
SF,IF2006,2020-02-19 13:07:26.900,4064.2000,23903,0,5196019200.000,0,-,-,-,-,4063.6000,4063.4000,4063.0000,4062.4000,4062.2000,4064.4000,4064.6000,4064.8000,4065.0000,4065.2000,1,3,3,2,1,2,3,3,11,3
SF,IF2006,2020-02-19 13:07:27.900,4064.2000,23903,0,5196019200.000,0,-,-,-,-,4063.6000,4063.4000,4063.0000,4062.4000,4062.2000,4064.4000,4064.6000,4064.8000,4065.0000,4065.2000,1,3,3,2,1,2,3,3,11,3
SF,IF2006,2020-02-19 13:07:28.400,4064.2000,23903,0,5196019200.000,0,-,-,-,-,4063.6000,4063.4000,4063.0000,4062.4000,4062.2000,4064.6000,4064.8000,4065.0000,4065.2000,4065.4000,1,3,3,2,1,3,3,11,3,3
SF,IF2006,2020-02-19 13:07:28.900,4064.2000,23903,0,5196019200.000,0,-,-,-,-,4063.8000,4063.6000,4063.4000,4063.0000,4062.4000,4064.6000,4064.8000,4065.0000,4065.2000,4065.4000,1,2,3,3,2,3,4,11,3,3
SF,IF2006,2020-02-19 13:07:29.400,4064.2000,23903,0,5196019200.000,0,-,-,-,-,4063.8000,4063.6000,4063.4000,4063.0000,4062.4000,4064.6000,4064.8000,4065.0000,4065.2000,4065.4000,1,1,3,3,2,3,4,11,3,3
SF,IF2006,2020-02-19 13:07:29.900,4064.2000,23903,0,5196019200.000,0,-,-,-,-,4064.4000,4063.8000,4063.6000,4063.4000,4063.0000,4064.6000,4064.8000,4065.0000,4065.2000,4065.4000,1,1,1,3,3,3,4,11,3,3
SF,IF2006,2020-02-19 13:07:30.400,4064.4000,23904,1,5197238520.000,1,1,0,双开,B,4063.8000,4063.6000,4063.4000,4063.0000,4062.4000,4064.6000,4064.8000,4065.0000,4065.2000,4065.4000,1,1,3,3,2,3,4,11,3,3
SF,IF2006,2020-02-19 13:07:31.400,4064.4000,23904,0,5197238520.000,0,-,-,-,-,4063.8000,4063.6000,4063.4000,4063.0000,4062.4000,4064.6000,4064.8000,4065.0000,4065.2000,4065.4000,1,1,3,3,2,3,4,11,3,3
SF,IF2006,2020-02-19 13:07:31.900,4064.6000,23904,0,5198457900.000,1,0,1,空换,B,4063.8000,4063.6000,4063.4000,4063.0000,4062.4000,4064.6000,4064.8000,4065.0000,4065.2000,4065.4000,1,1,3,3,2,2,4,11,3,3
SF,IF2006,2020-02-19 13:07:32.900,4064.6000,23904,0,5198457900.000,0,-,-,-,-,4063.8000,4063.6000,4063.4000,4063.0000,4062.4000,4064.6000,4064.8000,4065.0000,4065.2000,4065.4000,2,1,3,3,2,2,4,11,3,3
SF,IF2006,2020-02-19 13:07:33.400,4064.6000,23904,0,5198457900.000,0,-,-,-,-,4063.8000,4063.6000,4063.4000,4063.0000,4062.4000,4064.6000,4064.8000,4065.0000,4065.2000,4065.4000,1,1,3,3,2,2,4,11,3,3
SF,IF2006,2020-02-19 13:07:34.400,4064.6000,23904,0,5198457900.000,0,-,-,-,-,4064.0000,4063.8000,4063.4000,4063.0000,4062.4000,4064.6000,4064.8000,4065.0000,4065.2000,4065.4000,1,3,3,3,2,2,4,11,3,3
SF,IF2006,2020-02-19 13:07:34.900,4064.6000,23904,0,5198457900.000,0,-,-,-,-,4064.2000,4064.0000,4063.8000,4063.4000,4063.0000,4064.6000,4064.8000,4065.0000,4065.2000,4065.4000,2,1,1,1,3,2,4,11,3,3
SF,IF2006,2020-02-19 13:07:35.400,4064.6000,23903,-1,5200896660.000,2,0,2,空平,B,4064.6000,4064.4000,4064.2000,4064.0000,4063.4000,4064.8000,4065.0000,4065.2000,4065.4000,4065.6000,1,1,2,1,1,4,11,3,3,4
SF,IF2006,2020-02-19 13:07:35.900,4064.6000,23903,0,5200896660.000,0,-,-,-,-,4064.6000,4064.2000,4064.0000,4063.4000,4063.0000,4064.8000,4065.0000,4065.2000,4065.4000,4065.6000,1,2,1,1,3,4,11,3,3,4
SF,IF2006,2020-02-19 13:07:36.400,4064.6000,23902,-1,5202116040.000,1,0,1,双平,B,4064.2000,4064.0000,4063.4000,4063.0000,4062.4000,4064.6000,4064.8000,4065.0000,4065.2000,4065.4000,2,1,1,3,2,2,4,11,3,3
SF,IF2006,2020-02-19 13:07:36.900,4064.6000,23902,0,5203335420.000,1,0,1,空换,B,4064.2000,4064.0000,4063.4000,4063.0000,4062.4000,4064.6000,4064.8000,4065.0000,4065.2000,4065.4000,2,1,1,3,2,1,4,11,3,3
SF,IF2006,2020-02-19 13:07:37.400,4064.6000,23902,0,5204554800.000,1,0,1,空换,B,4064.2000,4064.0000,4063.4000,4063.0000,4062.4000,4064.8000,4065.0000,4065.2000,4065.4000,4065.6000,2,1,1,3,2,4,11,3,3,4
SF,IF2006,2020-02-19 13:07:39.900,4064.8000,23902,0,5205774240.000,1,0,1,空换,B,4064.4000,4064.2000,4064.0000,4063.4000,4063.0000,4064.8000,4065.0000,4065.2000,4065.4000,4065.6000,6,2,1,1,3,3,11,3,3,4
SF,IF2006,2020-02-19 13:07:40.400,4064.8000,23902,0,5208213120.000,2,1,1,空换,B,4064.2000,4064.0000,4063.4000,4063.0000,4062.4000,4064.8000,4065.0000,4065.2000,4065.4000,4065.6000,2,1,1,3,2,1,11,3,3,4
SF,IF2006,2020-02-19 13:07:40.900,4064.8000,23901,-1,5210652000.000,2,0,2,空平,B,4064.6000,4064.2000,4064.0000,4063.4000,4063.0000,4064.8000,4065.0000,4065.2000,4065.4000,4065.6000,1,3,1,1,3,2,11,3,3,4
SF,IF2006,2020-02-19 13:07:41.400,4064.8000,23901,0,5213090880.000,2,1,1,空换,B,4064.8000,4064.6000,4064.2000,4064.0000,4063.4000,4065.0000,4065.2000,4065.4000,4065.6000,4065.8000,1,1,3,1,1,11,3,3,4,18
SF,IF2006,2020-02-19 13:07:41.900,4065.0000,23901,0,5215529880.000,2,1,1,空换,B,4064.8000,4064.2000,4064.0000,4063.4000,4063.0000,4065.0000,4065.2000,4065.4000,4065.6000,4065.8000,2,2,1,1,3,9,3,3,4,18
SF,IF2006,2020-02-19 13:07:42.400,4065.0000,23900,-1,5216749380.000,1,0,1,双平,B,4064.8000,4064.2000,4064.0000,4063.4000,4063.0000,4065.0000,4065.2000,4065.4000,4065.6000,4065.8000,1,2,1,1,3,8,3,3,4,18
SF,IF2006,2020-02-19 13:07:42.900,4065.0000,23900,0,5216749380.000,0,-,-,-,-,4064.2000,4064.0000,4063.4000,4063.0000,4062.4000,4065.0000,4065.2000,4065.4000,4065.6000,4065.8000,2,1,1,3,2,8,3,3,4,18
SF,IF2006,2020-02-19 13:07:43.400,4065.0000,23899,-1,5217968880.000,1,0,1,双平,B,4064.6000,4064.4000,4064.2000,4063.4000,4063.0000,4065.0000,4065.2000,4065.4000,4065.6000,4065.8000,1,1,3,1,3,7,3,3,4,18
SF,IF2006,2020-02-19 13:07:43.900,4065.0000,23899,0,5217968880.000,0,-,-,-,-,4064.4000,4064.2000,4063.4000,4063.0000,4062.4000,4065.0000,4065.2000,4065.4000,4065.6000,4065.8000,1,3,1,3,2,7,3,3,4,18
SF,IF2006,2020-02-19 13:07:44.900,4065.0000,23900,1,5219188380.000,1,1,0,双开,B,4064.2000,4063.4000,4063.0000,4062.4000,4062.2000,4065.0000,4065.2000,4065.4000,4065.6000,4065.8000,3,1,3,2,1,6,3,3,4,18
SF,IF2006,2020-02-19 13:07:45.900,4065.0000,23904,4,5224066380.000,4,4,0,双开,B,4064.4000,4064.2000,4063.4000,4063.0000,4062.4000,4065.0000,4065.2000,4065.4000,4065.6000,4065.8000,1,3,1,3,2,2,3,3,4,18
SF,IF2006,2020-02-19 13:07:46.400,4065.0000,23904,0,5224066380.000,0,-,-,-,-,4064.4000,4064.2000,4063.4000,4063.0000,4062.4000,4065.0000,4065.2000,4065.4000,4065.6000,4065.8000,2,3,1,3,2,2,3,3,4,18
SF,IF2006,2020-02-19 13:07:46.900,4065.0000,23904,0,5224066380.000,0,-,-,-,-,4064.6000,4064.4000,4064.2000,4063.4000,4063.0000,4065.0000,4065.2000,4065.4000,4065.6000,4065.8000,1,1,3,1,3,2,3,3,4,18
SF,IF2006,2020-02-19 13:07:47.400,4065.0000,23904,0,5224066380.000,0,-,-,-,-,4064.6000,4064.4000,4064.2000,4063.4000,4063.0000,4065.0000,4065.2000,4065.4000,4065.6000,4065.8000,1,1,2,1,3,2,3,3,4,18
SF,IF2006,2020-02-19 13:07:48.400,4065.0000,23904,0,5225285880.000,1,0,1,空换,B,4064.6000,4064.4000,4064.2000,4063.4000,4063.0000,4065.0000,4065.2000,4065.4000,4065.6000,4065.8000,1,1,2,1,3,1,3,3,4,18
SF,IF2006,2020-02-19 13:07:49.400,4065.0000,23904,0,5226505380.000,1,0,1,空换,B,4065.0000,4064.6000,4064.4000,4064.2000,4063.4000,4065.2000,4065.4000,4065.6000,4065.8000,4066.0000,1,1,1,2,1,3,3,4,18,11
SF,IF2006,2020-02-19 13:07:50.900,4065.0000,23904,0,5226505380.000,0,-,-,-,-,4065.0000,4064.4000,4064.2000,4063.4000,4063.0000,4065.2000,4065.4000,4065.6000,4065.8000,4066.0000,1,1,2,1,3,3,3,4,18,11
SF,IF2006,2020-02-19 13:07:51.400,4065.0000,23905,1,5227724880.000,1,1,0,双开,B,4064.4000,4064.2000,4063.4000,4063.0000,4062.4000,4065.2000,4065.4000,4065.6000,4065.8000,4066.0000,1,2,1,3,2,3,3,4,18,11
SF,IF2006,2020-02-19 13:07:51.900,4065.0000,23905,0,5227724880.000,0,-,-,-,-,4064.6000,4064.4000,4064.2000,4063.4000,4063.0000,4065.2000,4065.4000,4065.6000,4065.8000,4066.0000,6,1,2,1,3,3,3,4,18,11
SF,IF2006,2020-02-19 13:07:52.400,4065.0000,23905,0,5227724880.000,0,-,-,-,-,4064.6000,4064.2000,4063.4000,4063.0000,4062.4000,4065.2000,4065.4000,4065.6000,4065.8000,4066.0000,6,2,2,3,2,3,3,4,18,11
SF,IF2006,2020-02-19 13:07:52.900,4065.0000,23905,0,5227724880.000,0,-,-,-,-,4064.2000,4063.8000,4063.4000,4063.0000,4062.4000,4065.2000,4065.4000,4065.6000,4065.8000,4066.0000,2,1,2,3,2,3,3,4,18,11
SF,IF2006,2020-02-19 13:07:53.400,4065.0000,23905,0,5227724880.000,0,-,-,-,-,4064.4000,4064.2000,4063.8000,4063.4000,4063.0000,4065.0000,4065.2000,4065.4000,4065.6000,4065.8000,1,3,1,2,3,4,3,3,4,18
SF,IF2006,2020-02-19 13:07:53.900,4065.0000,23905,0,5227724880.000,0,-,-,-,-,4064.4000,4064.2000,4063.8000,4063.4000,4063.0000,4065.0000,4065.2000,4065.4000,4065.6000,4065.8000,1,3,1,2,3,4,3,3,4,18
SF,IF2006,2020-02-19 13:07:54.400,4064.4000,23905,0,5228944200.000,1,0,1,空换,B,4064.2000,4063.8000,4063.4000,4063.0000,4062.4000,4065.0000,4065.2000,4065.4000,4065.6000,4065.8000,3,1,2,3,2,3,3,3,4,18
SF,IF2006,2020-02-19 13:07:54.900,4064.4000,23905,0,5228944200.000,0,-,-,-,-,4064.2000,4063.8000,4063.4000,4063.0000,4062.4000,4065.0000,4065.2000,4065.4000,4065.6000,4065.8000,2,1,2,3,2,3,3,3,4,18
SF,IF2006,2020-02-19 13:07:55.400,4064.4000,23905,0,5228944200.000,0,-,-,-,-,4064.2000,4063.8000,4063.4000,4063.0000,4062.4000,4065.0000,4065.2000,4065.4000,4065.6000,4065.8000,1,1,2,3,2,2,3,3,4,18
SF,IF2006,2020-02-19 13:07:56.900,4065.0000,23904,-1,5230163700.000,1,0,1,双平,B,4064.2000,4063.8000,4063.4000,4063.0000,4062.4000,4065.0000,4065.2000,4065.4000,4065.6000,4065.8000,2,1,2,3,2,1,3,3,4,18
SF,IF2006,2020-02-19 13:07:57.400,4065.0000,23904,0,5230163700.000,0,-,-,-,-,4064.2000,4063.8000,4063.4000,4063.0000,4062.4000,4065.2000,4065.4000,4065.6000,4065.8000,4066.0000,2,1,2,3,2,3,3,4,18,11
SF,IF2006,2020-02-19 13:07:58.400,4065.2000,23903,-1,5231383260.000,1,0,1,双平,B,4064.2000,4063.8000,4063.4000,4063.0000,4062.4000,4065.2000,4065.4000,4065.6000,4065.8000,4066.0000,2,1,2,3,2,2,3,4,18,11
SF,IF2006,2020-02-19 13:07:58.900,4065.2000,23903,0,5231383260.000,0,-,-,-,-,4064.4000,4064.2000,4063.8000,4063.4000,4063.0000,4065.2000,4065.4000,4065.6000,4065.8000,4066.0000,1,1,1,2,3,2,3,4,18,11
SF,IF2006,2020-02-19 13:07:59.400,4065.0000,23903,0,5233822080.000,2,1,1,空换,B,4063.8000,4063.4000,4063.0000,4062.4000,4062.2000,4065.0000,4065.2000,4065.4000,4065.6000,4065.8000,1,2,3,2,1,4,2,3,4,18
SF,IF2006,2020-02-19 13:07:59.900,4065.0000,23903,0,5233822080.000,0,-,-,-,-,4064.0000,4063.8000,4063.4000,4063.0000,4062.4000,4065.0000,4065.2000,4065.4000,4065.6000,4065.8000,2,3,2,3,2,4,2,3,4,18
SF,IF2006,2020-02-19 13:08:00.400,4065.0000,23903,0,5233822080.000,0,-,-,-,-,4064.0000,4063.8000,4063.4000,4063.0000,4062.4000,4064.6000,4065.0000,4065.2000,4065.4000,4065.6000,2,3,2,3,2,1,4,2,3,4
SF,IF2006,2020-02-19 13:08:00.900,4065.0000,23903,0,5233822080.000,0,-,-,-,-,4064.0000,4063.8000,4063.4000,4063.0000,4062.4000,4064.6000,4065.0000,4065.2000,4065.4000,4065.6000,2,2,2,3,2,1,4,2,3,4
SF,IF2006,2020-02-19 13:08:01.900,4065.0000,23903,0,5233822080.000,0,-,-,-,-,4064.0000,4063.8000,4063.4000,4063.0000,4062.4000,4064.6000,4065.0000,4065.2000,4065.4000,4065.6000,2,2,2,3,2,1,4,2,3,4
SF,IF2006,2020-02-19 13:08:02.400,4065.0000,23903,0,5236260960.000,2,1,1,空换,B,4064.6000,4064.2000,4064.0000,4063.8000,4063.4000,4065.0000,4065.2000,4065.4000,4065.6000,4065.8000,1,5,2,2,2,1,2,3,4,18
SF,IF2006,2020-02-19 13:08:02.900,4065.0000,23903,0,5236260960.000,0,-,-,-,-,4064.6000,4064.0000,4063.8000,4063.4000,4063.0000,4065.0000,4065.2000,4065.4000,4065.6000,4065.8000,1,2,2,2,3,1,2,3,4,18
SF,IF2006,2020-02-19 13:08:03.900,4065.0000,23903,0,5236260960.000,0,-,-,-,-,4064.0000,4063.8000,4063.4000,4063.0000,4062.4000,4065.0000,4065.2000,4065.4000,4065.6000,4065.8000,2,2,2,3,2,1,2,3,4,18
SF,IF2006,2020-02-19 13:08:04.400,4065.0000,23903,0,5236260960.000,0,-,-,-,-,4064.6000,4064.0000,4063.8000,4063.4000,4063.0000,4065.2000,4065.4000,4065.6000,4065.8000,4066.0000,4,2,2,2,3,2,3,4,18,11
SF,IF2006,2020-02-19 13:08:05.900,4065.0000,23903,0,5236260960.000,0,-,-,-,-,4064.6000,4064.0000,4063.8000,4063.4000,4063.0000,4065.2000,4065.4000,4065.6000,4065.8000,4066.0000,4,2,1,2,3,2,3,4,18,11
SF,IF2006,2020-02-19 13:08:07.400,4064.6000,23907,4,5241138480.000,4,4,0,双开,B,4064.0000,4063.8000,4063.4000,4063.0000,4062.4000,4065.2000,4065.4000,4065.6000,4065.8000,4066.0000,2,1,2,3,2,2,3,4,18,11
SF,IF2006,2020-02-19 13:08:07.900,4064.6000,23907,0,5241138480.000,0,-,-,-,-,4064.0000,4063.8000,4063.4000,4063.0000,4062.4000,4065.0000,4065.2000,4065.4000,4065.6000,4065.8000,2,1,2,3,2,2,2,3,4,18
SF,IF2006,2020-02-19 13:08:08.400,4064.6000,23907,0,5241138480.000,0,-,-,-,-,4064.0000,4063.8000,4063.4000,4063.0000,4062.4000,4065.0000,4065.2000,4065.4000,4065.6000,4065.8000,2,1,2,3,2,3,2,3,4,18
SF,IF2006,2020-02-19 13:08:08.900,4065.0000,23907,0,5242357980.000,1,0,1,空换,B,4064.0000,4063.8000,4063.4000,4063.0000,4062.4000,4065.0000,4065.2000,4065.4000,4065.6000,4065.8000,2,2,2,3,2,2,2,3,4,18
SF,IF2006,2020-02-19 13:08:09.400,4065.0000,23907,0,5242357980.000,0,-,-,-,-,4064.0000,4063.8000,4063.4000,4063.0000,4062.4000,4065.0000,4065.2000,4065.4000,4065.6000,4065.8000,2,2,2,3,2,1,2,3,4,18
SF,IF2006,2020-02-19 13:08:09.900,4065.0000,23907,0,5243577480.000,1,0,1,空换,B,4064.0000,4063.8000,4063.4000,4063.0000,4062.4000,4065.2000,4065.4000,4065.6000,4065.8000,4066.0000,2,1,2,3,2,2,3,4,18,11
SF,IF2006,2020-02-19 13:08:10.900,4065.0000,23907,0,5243577480.000,0,-,-,-,-,4064.2000,4064.0000,4063.8000,4063.4000,4063.0000,4065.0000,4065.2000,4065.4000,4065.6000,4065.8000,1,2,1,1,3,1,2,3,4,18
SF,IF2006,2020-02-19 13:08:11.400,4065.0000,23907,0,5243577480.000,0,-,-,-,-,4064.2000,4064.0000,4063.8000,4063.4000,4063.0000,4065.0000,4065.2000,4065.4000,4065.6000,4065.8000,1,2,1,1,3,2,2,3,4,18
SF,IF2006,2020-02-19 13:08:11.900,4065.0000,23907,0,5243577480.000,0,-,-,-,-,4064.2000,4064.0000,4063.8000,4063.4000,4063.0000,4065.0000,4065.2000,4065.4000,4065.6000,4065.8000,1,2,1,1,3,3,2,3,4,18
SF,IF2006,2020-02-19 13:08:13.400,4065.0000,23907,0,5243577480.000,0,-,-,-,-,4064.2000,4064.0000,4063.8000,4063.4000,4063.0000,4065.0000,4065.2000,4065.4000,4065.6000,4065.8000,1,2,1,1,3,3,2,3,4,19
SF,IF2006,2020-02-19 13:08:13.900,4065.0000,23907,0,5243577480.000,0,-,-,-,-,4064.2000,4064.0000,4063.8000,4063.4000,4063.0000,4065.0000,4065.2000,4065.4000,4065.6000,4065.8000,1,2,1,1,3,3,2,3,4,19
SF,IF2006,2020-02-19 13:08:14.400,4065.0000,23907,0,5243577480.000,0,-,-,-,-,4064.2000,4064.0000,4063.8000,4063.4000,4063.0000,4065.0000,4065.2000,4065.4000,4065.6000,4065.8000,1,2,1,1,3,3,2,3,4,19
SF,IF2006,2020-02-19 13:08:14.900,4065.0000,23907,0,5243577480.000,0,-,-,-,-,4064.2000,4064.0000,4063.8000,4063.4000,4063.0000,4064.8000,4065.0000,4065.2000,4065.4000,4065.6000,1,2,1,1,3,3,3,2,3,4
SF,IF2006,2020-02-19 13:08:15.400,4064.2000,23906,-1,5244796740.000,1,0,1,双平,B,4064.0000,4063.8000,4063.4000,4063.0000,4062.4000,4065.0000,4065.2000,4065.4000,4065.6000,4065.8000,2,1,1,3,2,2,2,3,4,19
SF,IF2006,2020-02-19 13:08:15.900,4064.2000,23906,0,5244796740.000,0,-,-,-,-,4064.0000,4063.8000,4063.4000,4063.0000,4062.4000,4064.6000,4064.8000,4065.0000,4065.2000,4065.4000,2,1,1,3,2,1,2,2,2,3
SF,IF2006,2020-02-19 13:08:16.400,4064.2000,23906,0,5244796740.000,0,-,-,-,-,4064.0000,4063.8000,4063.4000,4063.0000,4062.4000,4064.6000,4064.8000,4065.0000,4065.2000,4065.4000,2,1,1,3,2,1,2,1,2,3
SF,IF2006,2020-02-19 13:08:16.900,4064.2000,23906,0,5244796740.000,0,-,-,-,-,4063.8000,4063.4000,4063.0000,4062.4000,4062.2000,4064.6000,4064.8000,4065.0000,4065.2000,4065.4000,1,1,3,2,1,1,2,1,2,3
SF,IF2006,2020-02-19 13:08:17.400,4064.2000,23906,0,5244796740.000,0,-,-,-,-,4063.8000,4063.4000,4063.0000,4062.4000,4062.2000,4064.6000,4064.8000,4065.0000,4065.2000,4065.4000,1,1,3,2,1,1,2,1,2,3
SF,IF2006,2020-02-19 13:08:17.900,4064.2000,23906,0,5244796740.000,0,-,-,-,-,4063.8000,4063.4000,4063.0000,4062.4000,4062.2000,4064.4000,4064.6000,4065.0000,4065.2000,4065.4000,1,1,3,2,1,3,1,1,2,3
SF,IF2006,2020-02-19 13:08:18.400,4063.4000,23906,0,5247234900.000,2,1,1,空换,B,4063.0000,4062.4000,4062.2000,4061.2000,4059.0000,4063.8000,4064.4000,4065.0000,4065.2000,4065.4000,3,2,1,4,1,2,2,1,2,3
SF,IF2006,2020-02-19 13:08:18.900,4063.8000,23906,0,5249673000.000,2,1,1,空换,B,4063.2000,4063.0000,4062.4000,4062.2000,4061.2000,4063.8000,4065.0000,4065.2000,4065.4000,4065.6000,1,3,2,1,4,1,2,2,3,4
SF,IF2006,2020-02-19 13:08:19.400,4063.8000,23906,0,5249673000.000,0,-,-,-,-,4063.2000,4063.0000,4062.4000,4062.2000,4061.2000,4063.6000,4063.8000,4065.0000,4065.2000,4065.4000,1,2,2,1,4,1,1,2,2,3
SF,IF2006,2020-02-19 13:08:19.900,4063.6000,23907,1,5250892080.000,1,1,0,双开,B,4063.2000,4063.0000,4062.4000,4062.2000,4061.2000,4063.8000,4065.0000,4065.2000,4065.4000,4065.6000,1,2,2,1,4,1,2,2,3,4
SF,IF2006,2020-02-19 13:08:20.400,4063.6000,23907,0,5250892080.000,0,-,-,-,-,4063.0000,4062.4000,4062.2000,4061.2000,4059.0000,4063.8000,4065.0000,4065.2000,4065.4000,4065.6000,2,2,1,4,1,1,2,2,3,4
SF,IF2006,2020-02-19 13:08:24.900,4063.6000,23907,0,5250892080.000,0,-,-,-,-,4063.0000,4062.4000,4062.2000,4061.2000,4059.0000,4063.8000,4065.0000,4065.2000,4065.4000,4065.6000,2,2,1,4,1,2,2,2,3,4
SF,IF2006,2020-02-19 13:08:25.400,4063.6000,23907,0,5250892080.000,0,-,-,-,-,4063.0000,4062.4000,4062.2000,4061.2000,4059.0000,4063.8000,4065.0000,4065.2000,4065.4000,4065.6000,2,2,1,4,1,1,1,2,3,4
SF,IF2006,2020-02-19 13:08:25.900,4063.6000,23907,0,5250892080.000,0,-,-,-,-,4063.0000,4062.4000,4062.2000,4061.2000,4059.0000,4063.6000,4063.8000,4065.2000,4065.4000,4065.6000,2,2,1,4,1,1,1,2,3,4
SF,IF2006,2020-02-19 13:08:26.400,4063.6000,23907,0,5252111160.000,1,0,1,空换,B,4063.0000,4062.4000,4062.2000,4061.2000,4059.0000,4065.2000,4065.4000,4065.6000,4065.8000,4066.0000,2,2,1,4,1,2,3,4,19,11
SF,IF2006,2020-02-19 13:08:26.900,4063.6000,23907,0,5252111160.000,0,-,-,-,-,4063.2000,4063.0000,4062.4000,4062.2000,4061.2000,4064.6000,4064.8000,4065.0000,4065.2000,4065.4000,2,2,2,1,4,1,2,4,2,3
SF,IF2006,2020-02-19 13:08:27.400,4063.6000,23907,0,5252111160.000,0,-,-,-,-,4063.2000,4063.0000,4062.4000,4062.2000,4061.2000,4064.4000,4064.6000,4065.0000,4065.2000,4065.4000,2,2,2,1,4,4,1,2,2,3
SF,IF2006,2020-02-19 13:08:27.900,4063.6000,23907,0,5252111160.000,0,-,-,-,-,4063.2000,4063.0000,4062.4000,4062.2000,4061.2000,4064.4000,4064.6000,4065.0000,4065.2000,4065.4000,2,2,2,1,4,4,1,3,2,3
SF,IF2006,2020-02-19 13:08:29.400,4063.6000,23907,0,5252111160.000,0,-,-,-,-,4063.2000,4063.0000,4062.4000,4062.2000,4061.2000,4064.4000,4064.6000,4065.0000,4065.2000,4065.4000,2,2,2,1,4,3,1,4,2,3
SF,IF2006,2020-02-19 13:08:29.900,4063.6000,23907,0,5252111160.000,0,-,-,-,-,4063.2000,4063.0000,4062.4000,4062.2000,4061.2000,4064.6000,4065.0000,4065.2000,4065.4000,4065.6000,2,2,2,1,4,1,4,2,3,4
SF,IF2006,2020-02-19 13:08:30.400,4063.2000,23907,0,5253330120.000,1,0,1,空换,B,4063.2000,4063.0000,4062.4000,4062.2000,4061.2000,4065.0000,4065.2000,4065.4000,4065.6000,4065.8000,1,2,2,1,4,4,2,3,4,19
SF,IF2006,2020-02-19 13:08:30.900,4063.2000,23907,0,5253330120.000,0,-,-,-,-,4063.2000,4063.0000,4062.4000,4062.2000,4061.2000,4064.8000,4065.0000,4065.2000,4065.4000,4065.6000,1,2,2,1,4,4,4,2,3,4
SF,IF2006,2020-02-19 13:08:31.900,4063.2000,23906,-1,5254549080.000,1,0,1,双平,B,4063.0000,4062.4000,4062.2000,4061.2000,4059.0000,4064.8000,4065.0000,4065.2000,4065.4000,4065.6000,2,2,1,4,1,4,4,2,3,4
SF,IF2006,2020-02-19 13:08:32.400,4063.2000,23906,0,5254549080.000,0,-,-,-,-,4063.2000,4063.0000,4062.4000,4062.2000,4061.2000,4064.8000,4065.0000,4065.2000,4065.4000,4065.6000,2,2,2,1,4,4,4,2,3,4
SF,IF2006,2020-02-19 13:08:32.900,4063.2000,23906,0,5254549080.000,0,-,-,-,-,4063.0000,4062.4000,4062.2000,4061.2000,4059.0000,4064.8000,4065.0000,4065.2000,4065.4000,4065.6000,2,2,1,4,1,4,4,2,3,4
SF,IF2006,2020-02-19 13:08:33.400,4063.2000,23906,0,5254549080.000,0,-,-,-,-,4063.2000,4063.0000,4062.4000,4062.2000,4061.2000,4064.8000,4065.0000,4065.2000,4065.4000,4065.6000,3,2,2,1,4,5,3,2,3,4
SF,IF2006,2020-02-19 13:08:33.900,4063.2000,23905,-1,5255768040.000,1,0,1,双平,B,4063.0000,4062.4000,4062.2000,4061.2000,4059.0000,4064.4000,4064.6000,4064.8000,4065.0000,4065.2000,2,2,1,4,1,2,1,3,3,2
SF,IF2006,2020-02-19 13:08:34.400,4063.2000,23905,0,5255768040.000,0,-,-,-,-,4063.0000,4062.4000,4062.2000,4061.2000,4059.0000,4064.2000,4064.4000,4064.6000,4065.0000,4065.2000,2,2,1,4,1,2,2,1,3,2
SF,IF2006,2020-02-19 13:08:34.900,4063.2000,23905,0,5255768040.000,0,-,-,-,-,4063.0000,4062.4000,4062.2000,4061.2000,4059.0000,4064.2000,4064.4000,4064.6000,4065.0000,4065.2000,2,2,1,4,1,2,4,1,3,2
SF,IF2006,2020-02-19 13:08:35.400,4063.2000,23905,0,5255768040.000,0,-,-,-,-,4063.0000,4062.4000,4062.2000,4061.2000,4059.0000,4064.0000,4064.2000,4064.4000,4064.6000,4065.0000,2,2,1,4,1,1,2,2,1,3
SF,IF2006,2020-02-19 13:08:35.900,4063.2000,23905,0,5255768040.000,0,-,-,-,-,4063.0000,4062.4000,4062.2000,4061.2000,4059.0000,4063.8000,4064.0000,4064.4000,4064.6000,4065.0000,2,2,1,4,1,2,1,2,1,3
SF,IF2006,2020-02-19 13:08:36.900,4063.2000,23905,0,5255768040.000,0,-,-,-,-,4063.4000,4063.0000,4062.4000,4062.2000,4061.2000,4063.8000,4064.0000,4064.4000,4064.6000,4065.0000,1,2,2,1,4,2,1,2,1,3
SF,IF2006,2020-02-19 13:08:37.400,4063.2000,23905,0,5255768040.000,0,-,-,-,-,4063.4000,4063.0000,4062.4000,4062.2000,4061.2000,4063.8000,4064.0000,4064.4000,4065.0000,4065.2000,1,2,2,1,4,2,1,1,3,2
SF,IF2006,2020-02-19 13:08:37.900,4063.2000,23905,0,5255768040.000,0,-,-,-,-,4063.4000,4063.0000,4062.4000,4062.2000,4061.2000,4063.8000,4064.0000,4065.0000,4065.2000,4065.4000,1,2,2,1,4,2,1,3,2,3
SF,IF2006,2020-02-19 13:08:38.900,4063.2000,23905,0,5255768040.000,0,-,-,-,-,4063.4000,4063.0000,4062.4000,4062.2000,4061.2000,4063.8000,4065.0000,4065.2000,4065.4000,4065.6000,1,2,2,1,4,2,3,2,3,4
SF,IF2006,2020-02-19 13:08:39.400,4063.8000,23905,0,5256987180.000,1,0,1,空换,B,4063.4000,4063.0000,4062.4000,4062.2000,4061.2000,4063.8000,4065.0000,4065.2000,4065.4000,4065.6000,1,2,2,1,4,1,3,2,3,4
SF,IF2006,2020-02-19 13:08:39.900,4063.8000,23905,0,5256987180.000,0,-,-,-,-,4063.4000,4063.0000,4062.4000,4062.2000,4061.2000,4065.0000,4065.2000,4065.4000,4065.6000,4065.8000,1,2,2,1,4,3,2,3,4,19
SF,IF2006,2020-02-19 13:08:40.400,4063.8000,23905,0,5256987180.000,0,-,-,-,-,4063.4000,4063.0000,4062.4000,4062.2000,4061.2000,4064.8000,4065.0000,4065.2000,4065.4000,4065.6000,1,2,2,1,4,5,3,2,3,4
SF,IF2006,2020-02-19 13:08:40.900,4063.8000,23905,0,5256987180.000,0,-,-,-,-,4063.4000,4063.0000,4062.4000,4062.2000,4061.2000,4064.8000,4065.0000,4065.2000,4065.4000,4065.6000,1,2,2,1,4,5,3,2,3,4
SF,IF2006,2020-02-19 13:08:41.400,4063.8000,23905,0,5256987180.000,0,-,-,-,-,4063.4000,4063.0000,4062.4000,4062.2000,4061.2000,4064.8000,4065.0000,4065.2000,4065.4000,4065.6000,1,2,2,1,4,5,3,2,3,4
SF,IF2006,2020-02-19 13:08:41.900,4063.8000,23905,0,5256987180.000,0,-,-,-,-,4063.4000,4063.0000,4062.4000,4062.2000,4061.2000,4064.6000,4064.8000,4065.0000,4065.2000,4065.4000,1,2,2,1,4,1,5,4,2,3
SF,IF2006,2020-02-19 13:08:42.400,4063.8000,23905,0,5256987180.000,0,-,-,-,-,4063.4000,4063.0000,4062.4000,4062.2000,4061.2000,4064.4000,4064.6000,4064.8000,4065.0000,4065.2000,1,2,2,1,4,2,1,3,4,2
SF,IF2006,2020-02-19 13:08:42.900,4063.8000,23905,0,5256987180.000,0,-,-,-,-,4063.4000,4063.0000,4062.4000,4062.2000,4061.2000,4064.2000,4064.4000,4064.6000,4064.8000,4065.0000,1,2,2,1,4,2,2,1,1,4
SF,IF2006,2020-02-19 13:08:43.400,4063.8000,23905,0,5256987180.000,0,-,-,-,-,4063.4000,4063.0000,4062.4000,4062.2000,4061.2000,4064.2000,4064.4000,4064.6000,4064.8000,4065.0000,1,2,2,1,4,2,2,1,2,4
SF,IF2006,2020-02-19 13:08:46.400,4063.4000,23906,1,5258206200.000,1,1,0,双开,B,4063.0000,4062.4000,4062.2000,4061.2000,4059.0000,4064.2000,4064.4000,4064.6000,4064.8000,4065.0000,2,2,1,4,1,2,2,1,1,4
SF,IF2006,2020-02-19 13:08:46.900,4063.4000,23906,0,5258206200.000,0,-,-,-,-,4063.2000,4063.0000,4062.4000,4062.2000,4061.2000,4064.2000,4064.4000,4064.6000,4064.8000,4065.0000,2,2,2,1,4,2,1,1,1,4
SF,IF2006,2020-02-19 13:08:50.400,4063.4000,23906,0,5258206200.000,0,-,-,-,-,4063.2000,4063.0000,4062.4000,4062.2000,4061.2000,4064.0000,4064.2000,4064.4000,4064.6000,4064.8000,2,2,2,1,4,1,3,1,1,1
SF,IF2006,2020-02-19 13:08:50.900,4063.2000,23905,-1,5260644120.000,2,0,2,空平,B,4063.0000,4062.4000,4062.2000,4061.2000,4059.0000,4063.8000,4064.0000,4064.6000,4064.8000,4065.0000,2,2,1,4,1,2,1,1,1,4
SF,IF2006,2020-02-19 13:08:51.400,4063.2000,23905,0,5260644120.000,0,-,-,-,-,4063.0000,4062.4000,4062.2000,4061.2000,4059.0000,4063.8000,4064.6000,4064.8000,4065.0000,4065.2000,2,2,1,4,1,3,1,1,4,2
SF,IF2006,2020-02-19 13:08:51.900,4063.0000,23907,2,5263081920.000,2,2,0,双开,B,4062.4000,4062.2000,4061.2000,4059.0000,4058.8000,4063.4000,4063.6000,4063.8000,4064.6000,4064.8000,2,1,4,1,1,1,1,2,1,1
SF,IF2006,2020-02-19 13:08:52.400,4063.0000,23907,0,5263081920.000,0,-,-,-,-,4062.8000,4062.4000,4062.2000,4061.2000,4059.0000,4063.4000,4063.6000,4063.8000,4064.6000,4064.8000,2,2,1,4,1,1,1,2,1,1
SF,IF2006,2020-02-19 13:08:52.900,4063.0000,23907,0,5263081920.000,0,-,-,-,-,4062.8000,4062.4000,4062.2000,4061.2000,4059.0000,4063.2000,4063.6000,4064.6000,4064.8000,4065.0000,2,2,1,4,1,2,1,1,1,4
SF,IF2006,2020-02-19 13:08:53.400,4063.2000,23904,-3,5266738680.000,3,0,3,双平,B,4062.8000,4062.4000,4062.2000,4061.2000,4059.0000,4063.6000,4064.6000,4064.8000,4065.0000,4065.2000,1,2,1,4,1,1,1,1,4,2
SF,IF2006,2020-02-19 13:08:53.900,4063.2000,23904,0,5266738680.000,0,-,-,-,-,4062.8000,4062.4000,4062.2000,4061.2000,4059.0000,4064.6000,4064.8000,4065.0000,4065.2000,4065.4000,1,2,1,4,1,1,1,4,2,3
SF,IF2006,2020-02-19 13:08:54.400,4063.2000,23904,0,5266738680.000,0,-,-,-,-,4063.0000,4062.8000,4062.4000,4062.2000,4061.2000,4064.2000,4064.4000,4064.6000,4064.8000,4065.0000,2,1,2,1,4,1,4,1,1,4
SF,IF2006,2020-02-19 13:08:54.900,4063.0000,23903,-1,5267957580.000,1,0,1,双平,B,4063.0000,4062.8000,4062.4000,4062.2000,4061.2000,4064.0000,4064.2000,4064.4000,4064.6000,4064.8000,1,1,2,1,4,2,1,2,1,1
SF,IF2006,2020-02-19 13:08:55.400,4063.0000,23903,0,5267957580.000,0,-,-,-,-,4063.0000,4062.8000,4062.4000,4062.2000,4061.2000,4064.0000,4064.4000,4064.6000,4064.8000,4065.0000,1,1,2,1,4,2,2,1,1,4
SF,IF2006,2020-02-19 13:08:56.900,4063.0000,23903,0,5267957580.000,0,-,-,-,-,4063.0000,4062.8000,4062.4000,4062.2000,4061.2000,4064.0000,4064.4000,4064.6000,4064.8000,4065.0000,2,1,2,1,4,2,2,1,1,4
SF,IF2006,2020-02-19 13:08:57.900,4063.0000,23902,-1,5269176480.000,1,0,1,双平,B,4063.0000,4062.8000,4062.4000,4062.2000,4061.2000,4064.0000,4064.4000,4064.6000,4064.8000,4065.0000,1,1,2,1,4,2,1,1,1,4
SF,IF2006,2020-02-19 13:08:58.400,4063.0000,23903,1,5270395380.000,1,1,0,双开,B,4062.4000,4062.2000,4061.2000,4059.0000,4058.8000,4063.8000,4064.0000,4064.6000,4064.8000,4065.0000,2,1,4,1,1,1,2,1,1,4
SF,IF2006,2020-02-19 13:08:58.900,4063.0000,23903,0,5270395380.000,0,-,-,-,-,4062.8000,4062.4000,4062.2000,4061.2000,4059.0000,4063.6000,4063.8000,4064.6000,4064.8000,4065.0000,1,2,1,4,1,2,1,1,1,4
SF,IF2006,2020-02-19 13:08:59.400,4063.0000,23903,0,5270395380.000,0,-,-,-,-,4062.4000,4062.2000,4061.2000,4059.0000,4058.8000,4063.6000,4063.8000,4064.6000,4064.8000,4065.0000,2,1,4,1,1,2,1,1,1,4
SF,IF2006,2020-02-19 13:09:00.400,4063.0000,23903,0,5270395380.000,0,-,-,-,-,4062.4000,4062.2000,4061.2000,4059.0000,4058.8000,4063.6000,4063.8000,4064.8000,4065.0000,4065.2000,2,1,4,1,1,2,1,1,4,2
SF,IF2006,2020-02-19 13:09:00.900,4063.0000,23903,0,5270395380.000,0,-,-,-,-,4062.4000,4062.2000,4061.2000,4059.0000,4058.8000,4063.4000,4063.6000,4063.8000,4064.8000,4065.0000,2,1,4,1,1,1,2,1,1,4
SF,IF2006,2020-02-19 13:09:01.400,4063.0000,23903,0,5270395380.000,0,-,-,-,-,4062.4000,4062.2000,4061.2000,4059.0000,4058.8000,4063.2000,4063.4000,4063.8000,4064.8000,4065.0000,2,1,4,1,1,2,2,1,1,4
SF,IF2006,2020-02-19 13:09:01.900,4063.2000,23902,-1,5272833300.000,2,0,2,空平,B,4062.8000,4062.6000,4062.4000,4062.2000,4061.2000,4063.4000,4063.8000,4064.8000,4065.0000,4065.2000,1,3,2,1,4,1,1,1,4,2
SF,IF2006,2020-02-19 13:09:02.400,4063.4000,23902,0,5274052320.000,1,0,1,空换,B,4063.4000,4063.0000,4062.8000,4062.6000,4062.4000,4064.8000,4065.0000,4065.2000,4065.4000,4065.6000,1,2,1,1,2,1,4,2,3,4
SF,IF2006,2020-02-19 13:09:02.900,4063.4000,23902,0,5274052320.000,0,-,-,-,-,4063.4000,4063.0000,4062.8000,4062.4000,4062.2000,4064.6000,4064.8000,4065.0000,4065.2000,4065.4000,1,2,1,2,1,4,1,4,2,3
SF,IF2006,2020-02-19 13:09:03.400,4063.4000,23902,0,5274052320.000,0,-,-,-,-,4063.4000,4063.0000,4062.8000,4062.4000,4062.2000,4064.4000,4064.6000,4064.8000,4065.0000,4065.2000,1,2,1,2,1,1,4,1,4,2
SF,IF2006,2020-02-19 13:09:03.900,4063.4000,23902,0,5274052320.000,0,-,-,-,-,4063.6000,4063.4000,4062.8000,4062.4000,4062.2000,4064.6000,4064.8000,4065.0000,4065.2000,4065.4000,2,1,1,2,1,3,1,4,2,3
SF,IF2006,2020-02-19 13:09:04.400,4063.4000,23902,0,5274052320.000,0,-,-,-,-,4063.6000,4063.4000,4062.8000,4062.4000,4062.2000,4064.6000,4064.8000,4065.0000,4065.2000,4065.4000,2,1,1,2,1,2,1,3,2,3
SF,IF2006,2020-02-19 13:09:04.900,4063.4000,23902,0,5274052320.000,0,-,-,-,-,4063.4000,4062.8000,4062.4000,4062.2000,4061.2000,4064.6000,4064.8000,4065.0000,4065.2000,4065.4000,1,1,2,1,4,2,1,3,2,3
SF,IF2006,2020-02-19 13:09:05.400,4063.4000,23902,0,5274052320.000,0,-,-,-,-,4063.4000,4062.4000,4062.2000,4061.2000,4059.0000,4064.6000,4064.8000,4065.0000,4065.2000,4065.4000,1,2,1,4,1,2,1,3,2,3
SF,IF2006,2020-02-19 13:09:06.900,4063.4000,23902,0,5274052320.000,0,-,-,-,-,4062.4000,4062.2000,4061.2000,4059.0000,4058.8000,4064.6000,4064.8000,4065.0000,4065.2000,4065.4000,2,1,4,1,1,2,1,3,2,3
SF,IF2006,2020-02-19 13:09:07.400,4063.4000,23902,0,5274052320.000,0,-,-,-,-,4062.8000,4062.6000,4062.4000,4062.2000,4061.2000,4063.4000,4064.4000,4064.6000,4064.8000,4065.0000,1,5,2,1,4,1,1,2,1,3
SF,IF2006,2020-02-19 13:09:07.900,4063.4000,23902,0,5274052320.000,0,-,-,-,-,4063.0000,4062.6000,4062.4000,4062.2000,4061.2000,4063.4000,4064.4000,4064.6000,4064.8000,4065.0000,2,3,2,1,4,1,1,2,1,3
SF,IF2006,2020-02-19 13:09:08.400,4063.4000,23902,0,5275271340.000,1,0,1,空换,B,4063.0000,4062.6000,4062.4000,4062.2000,4061.2000,4064.6000,4064.8000,4065.0000,4065.2000,4065.4000,2,3,2,1,4,2,1,3,2,3
SF,IF2006,2020-02-19 13:09:08.900,4063.4000,23902,0,5275271340.000,0,-,-,-,-,4063.0000,4062.6000,4062.4000,4062.2000,4061.2000,4064.4000,4064.6000,4064.8000,4065.0000,4065.2000,2,3,2,1,4,2,2,1,3,2
SF,IF2006,2020-02-19 13:09:09.400,4063.4000,23902,0,5275271340.000,0,-,-,-,-,4063.0000,4062.6000,4062.4000,4062.2000,4061.2000,4064.2000,4064.4000,4064.8000,4065.0000,4065.2000,2,3,2,1,4,2,3,1,3,2
SF,IF2006,2020-02-19 13:09:09.900,4063.4000,23902,0,5275271340.000,0,-,-,-,-,4063.0000,4062.6000,4062.4000,4062.2000,4061.2000,4064.2000,4064.4000,4064.8000,4065.0000,4065.2000,2,3,2,1,4,3,3,1,4,2
SF,IF2006,2020-02-19 13:09:10.400,4063.4000,23902,0,5275271340.000,0,-,-,-,-,4063.0000,4062.6000,4062.4000,4062.2000,4061.2000,4064.2000,4064.4000,4064.8000,4065.0000,4065.2000,2,3,2,1,4,3,3,1,4,2
SF,IF2006,2020-02-19 13:09:10.900,4063.4000,23902,0,5275271340.000,0,-,-,-,-,4062.6000,4062.4000,4062.2000,4061.2000,4059.0000,4064.0000,4064.2000,4064.4000,4064.8000,4065.0000,3,2,1,4,1,2,3,1,1,4
SF,IF2006,2020-02-19 13:09:11.400,4063.4000,23902,0,5275271340.000,0,-,-,-,-,4062.8000,4062.6000,4062.4000,4062.2000,4061.2000,4063.8000,4064.0000,4064.2000,4064.4000,4064.8000,2,1,2,1,4,2,2,1,1,1
SF,IF2006,2020-02-19 13:09:11.900,4063.4000,23902,0,5275271340.000,0,-,-,-,-,4062.8000,4062.6000,4062.4000,4062.2000,4061.2000,4063.8000,4064.0000,4064.2000,4064.4000,4064.8000,2,1,2,1,4,2,2,1,1,1
SF,IF2006,2020-02-19 13:09:12.400,4063.4000,23902,0,5275271340.000,0,-,-,-,-,4062.8000,4062.6000,4062.4000,4062.2000,4061.2000,4063.8000,4064.0000,4064.2000,4064.4000,4064.8000,2,1,2,1,4,2,2,1,1,1
SF,IF2006,2020-02-19 13:09:12.900,4063.4000,23902,0,5275271340.000,0,-,-,-,-,4062.8000,4062.6000,4062.4000,4062.2000,4061.2000,4063.0000,4063.8000,4064.0000,4064.2000,4064.4000,2,1,2,1,4,1,2,2,1,1
SF,IF2006,2020-02-19 13:09:13.400,4063.0000,23903,1,5276490240.000,1,1,0,双开,B,4063.2000,4062.8000,4062.6000,4062.4000,4062.2000,4063.8000,4064.0000,4064.2000,4064.4000,4064.8000,1,2,1,2,1,2,2,1,1,1
SF,IF2006,2020-02-19 13:09:13.900,4063.0000,23903,0,5276490240.000,0,-,-,-,-,4062.8000,4062.6000,4062.4000,4062.2000,4061.2000,4063.8000,4064.0000,4064.2000,4064.4000,4064.8000,2,1,2,1,4,2,2,1,1,1
SF,IF2006,2020-02-19 13:09:14.400,4063.0000,23903,0,5276490240.000,0,-,-,-,-,4062.8000,4062.6000,4062.4000,4062.2000,4061.2000,4063.8000,4064.0000,4064.4000,4064.8000,4065.0000,2,1,2,1,4,2,2,1,1,3
SF,IF2006,2020-02-19 13:09:16.400,4063.0000,23903,0,5276490240.000,0,-,-,-,-,4062.8000,4062.4000,4062.2000,4061.2000,4059.0000,4063.8000,4064.0000,4064.4000,4064.8000,4065.0000,2,2,1,4,1,2,2,1,1,3
SF,IF2006,2020-02-19 13:09:24.400,4063.0000,23903,0,5276490240.000,0,-,-,-,-,4063.0000,4062.8000,4062.4000,4062.2000,4061.2000,4063.8000,4064.0000,4064.4000,4064.8000,4065.0000,1,2,2,1,4,2,2,1,1,3
SF,IF2006,2020-02-19 13:09:24.900,4063.0000,23903,0,5276490240.000,0,-,-,-,-,4062.4000,4062.2000,4061.2000,4059.0000,4058.8000,4063.8000,4064.0000,4064.4000,4064.8000,4065.0000,2,1,4,1,1,2,2,1,1,3
SF,IF2006,2020-02-19 13:09:25.400,4063.0000,23903,0,5276490240.000,0,-,-,-,-,4062.8000,4062.6000,4062.4000,4062.2000,4061.2000,4063.8000,4064.0000,4064.4000,4064.8000,4065.0000,1,2,2,1,4,2,2,1,1,3
SF,IF2006,2020-02-19 13:09:25.900,4063.0000,23903,0,5276490240.000,0,-,-,-,-,4062.8000,4062.6000,4062.4000,4062.2000,4061.2000,4063.8000,4064.0000,4064.4000,4064.8000,4065.0000,1,2,2,1,4,3,2,1,1,3
SF,IF2006,2020-02-19 13:09:26.400,4063.0000,23903,0,5276490240.000,0,-,-,-,-,4063.0000,4062.8000,4062.4000,4062.2000,4061.2000,4063.4000,4063.8000,4064.0000,4064.4000,4064.8000,2,1,2,1,4,1,1,2,1,1
SF,IF2006,2020-02-19 13:09:26.900,4063.4000,23903,0,5277709260.000,1,0,1,空换,B,4063.4000,4063.0000,4062.8000,4062.4000,4062.2000,4063.8000,4064.0000,4064.4000,4064.8000,4065.0000,1,2,1,2,1,1,2,1,1,3
SF,IF2006,2020-02-19 13:09:27.400,4063.4000,23903,0,5277709260.000,0,-,-,-,-,4063.4000,4063.0000,4062.8000,4062.4000,4062.2000,4063.8000,4064.4000,4064.8000,4065.0000,4065.2000,1,2,1,2,1,1,1,1,3,2
SF,IF2006,2020-02-19 13:09:27.900,4063.4000,23903,0,5277709260.000,0,-,-,-,-,4063.4000,4063.0000,4062.8000,4062.4000,4062.2000,4063.8000,4064.4000,4064.8000,4065.0000,4065.2000,1,2,1,2,1,1,1,1,3,2
SF,IF2006,2020-02-19 13:09:28.900,4063.4000,23903,0,5277709260.000,0,-,-,-,-,4063.0000,4062.8000,4062.4000,4062.2000,4061.2000,4063.8000,4064.4000,4064.8000,4065.0000,4065.2000,2,1,2,1,4,1,1,1,3,2
SF,IF2006,2020-02-19 13:09:30.900,4063.4000,23903,0,5277709260.000,0,-,-,-,-,4063.0000,4062.8000,4062.4000,4062.2000,4061.2000,4063.6000,4063.8000,4064.4000,4064.8000,4065.0000,2,1,2,1,4,1,1,1,1,3
SF,IF2006,2020-02-19 13:09:31.400,4062.8000,23903,0,5281365900.000,3,1,2,空换,B,4062.4000,4062.2000,4061.2000,4059.0000,4058.8000,4063.4000,4063.6000,4064.4000,4064.8000,4065.0000,2,1,4,1,1,2,2,1,1,3
SF,IF2006,2020-02-19 13:09:31.900,4062.8000,23903,0,5281365900.000,0,-,-,-,-,4062.6000,4062.4000,4062.2000,4061.2000,4059.0000,4063.2000,4063.4000,4063.6000,4064.4000,4064.8000,1,2,1,4,1,2,3,1,1,1
SF,IF2006,2020-02-19 13:09:32.400,4062.6000,23903,0,5282584680.000,1,0,1,空换,B,4062.4000,4062.2000,4061.2000,4059.0000,4058.8000,4062.6000,4063.2000,4063.4000,4064.4000,4064.8000,2,1,4,1,1,1,3,3,1,1
SF,IF2006,2020-02-19 13:09:32.900,4062.6000,23903,0,5282584680.000,0,-,-,-,-,4063.0000,4062.4000,4062.2000,4061.2000,4059.0000,4063.2000,4063.4000,4064.4000,4064.8000,4065.0000,1,2,1,4,1,3,3,1,1,3
SF,IF2006,2020-02-19 13:09:33.400,4063.0000,23903,0,5283803580.000,1,0,1,空换,B,4062.4000,4062.2000,4061.2000,4059.0000,4058.8000,4063.0000,4063.2000,4063.4000,4064.4000,4064.8000,2,1,4,1,1,1,2,3,1,1
SF,IF2006,2020-02-19 13:09:34.400,4063.0000,23903,0,5283803580.000,0,-,-,-,-,4062.4000,4062.2000,4061.2000,4059.0000,4058.8000,4063.0000,4063.2000,4063.4000,4064.4000,4064.8000,2,1,4,1,1,1,1,3,1,1
SF,IF2006,2020-02-19 13:09:34.900,4063.0000,23903,0,5283803580.000,0,-,-,-,-,4062.4000,4062.2000,4061.2000,4059.0000,4058.8000,4062.8000,4063.0000,4063.2000,4063.4000,4064.4000,2,1,4,1,1,2,1,1,1,1
SF,IF2006,2020-02-19 13:09:35.400,4063.0000,23902,-1,5285022480.000,1,0,1,双平,B,4062.4000,4062.2000,4061.2000,4059.0000,4058.8000,4062.8000,4063.0000,4063.2000,4063.4000,4064.4000,2,1,4,1,1,1,1,1,1,1
SF,IF2006,2020-02-19 13:09:35.900,4063.0000,23902,0,5285022480.000,0,-,-,-,-,4062.8000,4062.4000,4062.2000,4061.2000,4059.0000,4063.0000,4063.2000,4063.4000,4064.4000,4064.8000,1,2,1,4,1,1,1,1,1,1
SF,IF2006,2020-02-19 13:09:36.400,4063.2000,23903,1,5286241440.000,1,1,0,双开,B,4063.0000,4062.4000,4062.2000,4061.2000,4059.0000,4063.4000,4064.4000,4064.8000,4065.0000,4065.2000,1,2,1,4,1,1,1,1,3,2
SF,IF2006,2020-02-19 13:09:36.900,4063.2000,23903,0,5286241440.000,0,-,-,-,-,4062.4000,4062.2000,4061.2000,4059.0000,4058.8000,4063.4000,4064.4000,4064.8000,4065.0000,4065.2000,2,1,4,1,1,1,1,1,3,2
SF,IF2006,2020-02-19 13:09:38.400,4063.4000,23903,0,5287460460.000,1,0,1,空换,B,4062.4000,4062.2000,4061.2000,4059.0000,4058.8000,4064.4000,4064.8000,4065.0000,4065.2000,4065.4000,3,1,4,1,1,1,1,3,2,3
SF,IF2006,2020-02-19 13:09:38.900,4063.4000,23903,0,5287460460.000,0,-,-,-,-,4062.6000,4062.4000,4062.2000,4061.2000,4059.0000,4063.0000,4064.2000,4064.4000,4064.8000,4065.0000,4,3,1,4,1,1,3,1,1,3
SF,IF2006,2020-02-19 13:09:39.400,4063.0000,23903,0,5288679360.000,1,0,1,空换,B,4063.4000,4063.2000,4063.0000,4062.4000,4062.2000,4064.2000,4064.4000,4064.8000,4065.0000,4065.2000,1,1,5,2,1,3,1,1,3,2
SF,IF2006,2020-02-19 13:09:39.900,4063.0000,23903,0,5288679360.000,0,-,-,-,-,4063.4000,4063.0000,4062.4000,4062.2000,4061.2000,4064.2000,4064.4000,4064.8000,4065.0000,4065.2000,1,5,2,1,4,2,1,1,3,2
SF,IF2006,2020-02-19 13:09:40.400,4063.0000,23903,0,5288679360.000,0,-,-,-,-,4063.4000,4063.0000,4062.4000,4062.2000,4061.2000,4064.2000,4064.4000,4064.8000,4065.0000,4065.2000,1,4,2,1,4,2,1,1,3,2
SF,IF2006,2020-02-19 13:09:42.400,4063.4000,23902,-1,5289898380.000,1,0,1,双平,B,4063.0000,4062.4000,4062.2000,4061.2000,4059.0000,4063.4000,4064.2000,4064.4000,4064.8000,4065.0000,4,2,1,4,1,9,2,1,1,3
SF,IF2006,2020-02-19 13:09:42.900,4063.4000,23894,-8,5300869560.000,9,0,9,空平,B,4063.0000,4062.4000,4062.2000,4061.2000,4059.0000,4064.2000,4064.4000,4064.8000,4065.0000,4065.2000,4,2,1,4,1,2,1,1,3,2
SF,IF2006,2020-02-19 13:09:43.400,4063.4000,23894,0,5300869560.000,0,-,-,-,-,4063.2000,4063.0000,4062.4000,4062.2000,4061.2000,4064.4000,4064.8000,4065.0000,4065.2000,4065.4000,2,4,2,1,4,1,1,3,2,3
SF,IF2006,2020-02-19 13:09:44.400,4063.4000,23894,0,5300869560.000,0,-,-,-,-,4063.4000,4063.2000,4063.0000,4062.4000,4062.2000,4064.4000,4064.8000,4065.0000,4065.2000,4065.4000,1,2,4,2,1,1,1,3,2,3
SF,IF2006,2020-02-19 13:09:44.900,4063.4000,23894,0,5300869560.000,0,-,-,-,-,4063.6000,4063.4000,4063.0000,4062.4000,4062.2000,4064.4000,4064.8000,4065.0000,4065.2000,4065.4000,2,1,2,2,1,1,1,3,2,3
SF,IF2006,2020-02-19 13:09:45.900,4063.4000,23894,0,5300869560.000,0,-,-,-,-,4063.6000,4063.0000,4062.4000,4062.2000,4061.2000,4064.4000,4064.8000,4065.0000,4065.2000,4065.4000,2,2,2,1,4,1,1,3,2,3
SF,IF2006,2020-02-19 13:09:47.400,4064.4000,23893,-1,5304527040.000,3,1,2,空平,B,4063.0000,4062.4000,4062.2000,4061.2000,4059.0000,4064.8000,4065.0000,4065.2000,4065.4000,4065.6000,1,2,1,4,1,1,3,2,3,4
SF,IF2006,2020-02-19 13:09:47.900,4064.4000,23893,0,5304527040.000,0,-,-,-,-,4063.0000,4062.4000,4062.2000,4061.2000,4059.0000,4064.2000,4064.6000,4064.8000,4065.0000,4065.2000,1,2,1,4,1,1,3,1,3,2
SF,IF2006,2020-02-19 13:09:48.400,4064.4000,23893,0,5304527040.000,0,-,-,-,-,4062.4000,4062.2000,4061.2000,4059.0000,4058.8000,4064.0000,4064.2000,4064.6000,4064.8000,4065.0000,2,1,4,1,1,2,1,1,1,3
SF,IF2006,2020-02-19 13:09:48.900,4064.4000,23893,0,5304527040.000,0,-,-,-,-,4062.6000,4062.4000,4062.2000,4061.2000,4059.0000,4064.0000,4064.2000,4064.8000,4065.0000,4065.2000,3,2,1,4,1,2,1,1,3,2
SF,IF2006,2020-02-19 13:09:49.400,4064.4000,23893,0,5304527040.000,0,-,-,-,-,4062.6000,4062.4000,4062.2000,4061.2000,4059.0000,4064.0000,4064.2000,4064.8000,4065.0000,4065.2000,3,2,1,4,1,2,2,1,3,2
SF,IF2006,2020-02-19 13:09:53.400,4064.4000,23893,0,5304527040.000,0,-,-,-,-,4062.8000,4062.6000,4062.4000,4062.2000,4061.2000,4064.0000,4064.2000,4064.8000,4065.0000,4065.2000,1,3,2,1,4,2,2,1,3,2
SF,IF2006,2020-02-19 13:09:54.900,4064.4000,23893,0,5304527040.000,0,-,-,-,-,4062.8000,4062.6000,4062.4000,4062.2000,4061.2000,4064.0000,4064.2000,4064.8000,4065.0000,4065.2000,1,3,2,1,4,2,1,1,3,2
SF,IF2006,2020-02-19 13:09:55.400,4064.0000,23893,0,5305746240.000,1,0,1,空换,B,4062.8000,4062.6000,4062.4000,4062.2000,4061.2000,4064.0000,4064.2000,4064.8000,4065.0000,4065.2000,1,3,2,1,4,1,1,1,3,2
SF,IF2006,2020-02-19 13:09:56.400,4064.0000,23893,0,5305746240.000,0,-,-,-,-,4062.8000,4062.6000,4062.4000,4062.2000,4061.2000,4064.0000,4064.2000,4064.8000,4065.0000,4065.2000,1,3,2,1,4,1,1,1,3,2
SF,IF2006,2020-02-19 13:09:56.900,4064.0000,23893,0,5305746240.000,0,-,-,-,-,4062.8000,4062.6000,4062.4000,4062.2000,4061.2000,4064.0000,4064.2000,4064.8000,4065.0000,4065.2000,1,3,2,1,4,1,1,1,3,2
SF,IF2006,2020-02-19 13:10:01.900,4064.0000,23893,0,5305746240.000,0,-,-,-,-,4063.0000,4062.8000,4062.6000,4062.4000,4062.2000,4064.0000,4064.2000,4064.8000,4065.0000,4065.2000,1,1,1,2,1,1,1,1,3,2
SF,IF2006,2020-02-19 13:10:02.400,4064.0000,23893,0,5305746240.000,0,-,-,-,-,4063.0000,4062.6000,4062.4000,4062.2000,4061.2000,4064.0000,4064.2000,4064.8000,4065.0000,4065.2000,2,1,2,1,4,1,1,1,3,2
SF,IF2006,2020-02-19 13:10:02.900,4064.0000,23893,0,5305746240.000,0,-,-,-,-,4063.2000,4063.0000,4062.4000,4062.2000,4061.2000,4064.2000,4064.8000,4065.0000,4065.2000,4065.4000,2,2,2,1,4,1,1,3,2,3
SF,IF2006,2020-02-19 13:10:03.400,4064.0000,23893,0,5305746240.000,0,-,-,-,-,4063.2000,4063.0000,4062.4000,4062.2000,4061.2000,4064.2000,4064.8000,4065.0000,4065.2000,4065.4000,3,2,2,1,4,1,1,3,2,3
SF,IF2006,2020-02-19 13:10:04.400,4064.0000,23893,0,5305746240.000,0,-,-,-,-,4063.2000,4063.0000,4062.4000,4062.2000,4061.2000,4064.2000,4064.8000,4065.0000,4065.2000,4065.4000,3,1,2,1,4,1,1,3,2,3
SF,IF2006,2020-02-19 13:10:04.900,4064.0000,23893,0,5305746240.000,0,-,-,-,-,4063.4000,4063.2000,4063.0000,4062.4000,4062.2000,4064.2000,4064.8000,4065.0000,4065.2000,4065.4000,3,4,1,2,1,1,1,3,2,3
SF,IF2006,2020-02-19 13:10:05.400,4064.0000,23893,0,5305746240.000,0,-,-,-,-,4063.4000,4063.2000,4063.0000,4062.4000,4062.2000,4064.2000,4064.8000,4065.0000,4065.2000,4065.4000,1,2,1,2,1,1,1,3,2,3
SF,IF2006,2020-02-19 13:10:05.900,4064.0000,23893,0,5305746240.000,0,-,-,-,-,4063.4000,4063.0000,4062.4000,4062.2000,4061.2000,4064.0000,4064.2000,4064.8000,4065.0000,4065.2000,1,1,2,1,4,2,1,1,3,2
SF,IF2006,2020-02-19 13:10:07.400,4063.4000,23894,1,5306965260.000,1,1,0,双开,B,4062.4000,4062.2000,4061.2000,4059.0000,4058.8000,4064.0000,4064.2000,4064.8000,4065.0000,4065.2000,2,1,4,1,1,2,1,1,3,2
SF,IF2006,2020-02-19 13:10:07.900,4063.4000,23894,0,5306965260.000,0,-,-,-,-,4062.6000,4062.4000,4062.2000,4061.2000,4059.0000,4064.0000,4064.2000,4064.8000,4065.0000,4065.2000,4,4,1,4,1,2,1,1,3,2
SF,IF2006,2020-02-19 13:10:08.400,4063.4000,23894,0,5306965260.000,0,-,-,-,-,4062.6000,4062.4000,4062.2000,4061.2000,4059.0000,4063.8000,4064.0000,4064.8000,4065.0000,4065.2000,4,4,1,4,1,1,2,1,3,2
SF,IF2006,2020-02-19 13:10:08.900,4063.4000,23894,0,5306965260.000,0,-,-,-,-,4062.6000,4062.4000,4062.2000,4061.2000,4059.0000,4063.6000,4063.8000,4064.8000,4065.0000,4065.2000,2,4,1,4,1,2,1,1,3,2
SF,IF2006,2020-02-19 13:10:09.900,4063.6000,23893,-1,5308184340.000,1,0,1,双平,B,4063.2000,4062.6000,4062.4000,4062.2000,4061.2000,4063.6000,4063.8000,4064.8000,4065.0000,4065.2000,3,2,4,1,4,1,1,1,3,2
SF,IF2006,2020-02-19 13:10:10.400,4063.6000,23893,0,5308184340.000,0,-,-,-,-,4062.6000,4062.4000,4062.2000,4061.2000,4059.0000,4063.8000,4064.8000,4065.0000,4065.2000,4065.4000,1,4,1,4,1,1,1,3,2,3
SF,IF2006,2020-02-19 13:10:10.900,4063.6000,23893,0,5308184340.000,0,-,-,-,-,4063.4000,4062.8000,4062.6000,4062.4000,4062.2000,4063.6000,4063.8000,4064.8000,4065.0000,4065.2000,1,1,1,4,1,2,1,1,3,2
SF,IF2006,2020-02-19 13:10:11.400,4063.4000,23894,1,5309403360.000,1,1,0,双开,B,4062.6000,4062.4000,4062.2000,4061.2000,4059.0000,4063.6000,4063.8000,4064.8000,4065.0000,4065.2000,1,4,1,4,1,2,1,1,3,2
SF,IF2006,2020-02-19 13:10:11.900,4063.6000,23893,-1,5310622440.000,1,0,1,双平,B,4062.8000,4062.6000,4062.4000,4062.2000,4061.2000,4063.6000,4063.8000,4064.8000,4065.0000,4065.2000,1,1,4,1,4,1,1,1,3,2
SF,IF2006,2020-02-19 13:10:12.400,4063.6000,23893,0,5310622440.000,0,-,-,-,-,4063.0000,4062.6000,4062.4000,4062.2000,4061.2000,4063.6000,4063.8000,4064.8000,4065.0000,4065.2000,1,1,3,1,4,1,1,1,3,2
SF,IF2006,2020-02-19 13:10:13.400,4063.6000,23893,0,5310622440.000,0,-,-,-,-,4062.6000,4062.4000,4062.2000,4061.2000,4059.0000,4063.6000,4063.8000,4064.8000,4065.0000,4065.2000,1,3,1,4,1,1,1,1,3,2
SF,IF2006,2020-02-19 13:10:13.900,4063.6000,23893,0,5310622440.000,0,-,-,-,-,4062.8000,4062.6000,4062.4000,4062.2000,4061.2000,4063.6000,4063.8000,4064.8000,4065.0000,4065.2000,1,1,3,1,4,1,1,1,3,2
SF,IF2006,2020-02-19 13:10:15.400,4063.6000,23893,0,5310622440.000,0,-,-,-,-,4063.0000,4062.6000,4062.4000,4062.2000,4061.2000,4063.6000,4063.8000,4064.8000,4065.0000,4065.2000,1,1,3,1,4,1,1,1,3,2
SF,IF2006,2020-02-19 13:10:17.400,4063.6000,23893,0,5310622440.000,0,-,-,-,-,4062.6000,4062.4000,4062.2000,4061.2000,4059.0000,4063.6000,4063.8000,4064.8000,4065.0000,4065.2000,1,3,1,4,1,1,2,1,3,2
SF,IF2006,2020-02-19 13:10:17.900,4063.6000,23893,0,5310622440.000,0,-,-,-,-,4062.8000,4062.6000,4062.4000,4062.2000,4061.2000,4063.6000,4063.8000,4064.8000,4065.0000,4065.2000,1,1,3,1,4,1,2,1,3,2
SF,IF2006,2020-02-19 13:10:18.900,4063.6000,23893,0,5310622440.000,0,-,-,-,-,4062.8000,4062.6000,4062.4000,4062.2000,4061.2000,4063.6000,4063.8000,4064.8000,4065.0000,4065.2000,1,1,3,1,4,1,3,1,3,2
SF,IF2006,2020-02-19 13:10:19.400,4063.8000,23893,0,5313060660.000,2,1,1,空换,B,4063.0000,4062.6000,4062.4000,4062.2000,4061.2000,4063.8000,4064.8000,4065.0000,4065.2000,4065.4000,1,1,3,1,4,2,1,3,2,3
SF,IF2006,2020-02-19 13:10:19.900,4063.8000,23893,0,5313060660.000,0,-,-,-,-,4063.2000,4062.6000,4062.4000,4062.2000,4061.2000,4063.8000,4064.8000,4065.0000,4065.2000,4065.4000,2,1,3,1,4,2,1,3,2,3
SF,IF2006,2020-02-19 13:10:20.900,4063.8000,23893,0,5313060660.000,0,-,-,-,-,4063.2000,4062.6000,4062.4000,4062.2000,4061.2000,4063.8000,4064.0000,4064.8000,4065.0000,4065.2000,2,1,3,1,4,2,1,1,3,2
SF,IF2006,2020-02-19 13:10:22.900,4063.2000,23894,1,5316717900.000,3,2,1,多开,B,4063.2000,4062.6000,4062.4000,4062.2000,4061.2000,4064.0000,4064.8000,4065.0000,4065.2000,4065.4000,1,1,3,1,4,1,1,3,2,3
SF,IF2006,2020-02-19 13:10:23.400,4064.0000,23894,0,5317937100.000,1,0,1,空换,B,4063.6000,4063.4000,4063.2000,4062.6000,4062.4000,4064.8000,4065.0000,4065.2000,4065.4000,4065.6000,1,2,1,1,3,1,3,2,3,4
SF,IF2006,2020-02-19 13:10:23.900,4064.0000,23894,0,5317937100.000,0,-,-,-,-,4063.8000,4063.6000,4063.4000,4063.2000,4062.6000,4064.8000,4065.0000,4065.2000,4065.4000,4065.6000,3,1,1,1,1,1,3,2,3,4
SF,IF2006,2020-02-19 13:10:24.400,4064.0000,23894,0,5317937100.000,0,-,-,-,-,4064.2000,4064.0000,4063.8000,4063.2000,4062.6000,4064.8000,4065.0000,4065.2000,4065.4000,4065.6000,1,2,2,1,1,1,3,2,3,4
SF,IF2006,2020-02-19 13:10:24.900,4064.2000,23895,1,5319156360.000,1,1,0,双开,B,4064.0000,4063.8000,4063.2000,4062.6000,4062.4000,4064.8000,4065.0000,4065.2000,4065.4000,4065.6000,1,2,1,1,3,1,3,2,3,4
SF,IF2006,2020-02-19 13:10:25.400,4064.2000,23895,0,5319156360.000,0,-,-,-,-,4064.2000,4064.0000,4063.8000,4063.2000,4062.6000,4064.8000,4065.0000,4065.2000,4065.4000,4065.6000,5,2,2,1,1,1,3,2,3,4
SF,IF2006,2020-02-19 13:10:25.900,4064.2000,23900,5,5326472100.000,6,5,1,多开,B,4063.8000,4063.2000,4062.6000,4062.4000,4062.2000,4065.0000,4065.2000,4065.4000,4065.6000,4065.8000,2,1,1,3,1,3,2,3,4,9
SF,IF2006,2020-02-19 13:10:26.400,4064.2000,23900,0,5326472100.000,0,-,-,-,-,4063.8000,4063.2000,4062.6000,4062.4000,4062.2000,4064.8000,4065.0000,4065.2000,4065.4000,4065.6000,2,1,1,3,1,3,3,2,3,4
SF,IF2006,2020-02-19 13:10:28.900,4063.8000,23900,0,5327691240.000,1,0,1,空换,B,4063.8000,4063.2000,4062.6000,4062.4000,4062.2000,4064.8000,4065.0000,4065.2000,4065.4000,4065.6000,1,1,1,3,1,3,3,2,3,4
SF,IF2006,2020-02-19 13:10:29.400,4063.8000,23900,0,5327691240.000,0,-,-,-,-,4063.2000,4062.6000,4062.4000,4062.2000,4061.2000,4064.8000,4065.0000,4065.2000,4065.4000,4065.6000,1,1,3,1,4,3,3,2,3,4
SF,IF2006,2020-02-19 13:10:29.900,4063.8000,23900,0,5327691240.000,0,-,-,-,-,4063.4000,4063.2000,4062.6000,4062.4000,4062.2000,4064.8000,4065.0000,4065.2000,4065.4000,4065.6000,4,1,1,3,1,3,3,2,3,4
SF,IF2006,2020-02-19 13:10:30.900,4063.8000,23900,0,5327691240.000,0,-,-,-,-,4063.4000,4063.2000,4062.6000,4062.4000,4062.2000,4064.8000,4065.0000,4065.2000,4065.4000,4065.6000,5,1,1,3,1,3,3,2,3,4
SF,IF2006,2020-02-19 13:10:32.400,4063.8000,23900,0,5327691240.000,0,-,-,-,-,4063.6000,4063.4000,4063.2000,4062.6000,4062.4000,4064.8000,4065.0000,4065.2000,4065.4000,4065.6000,3,4,1,1,3,3,3,2,3,4
SF,IF2006,2020-02-19 13:10:32.900,4063.8000,23900,0,5327691240.000,0,-,-,-,-,4063.8000,4063.6000,4063.4000,4063.2000,4062.6000,4064.8000,4065.0000,4065.2000,4065.4000,4065.6000,2,1,2,1,1,3,3,2,3,4
SF,IF2006,2020-02-19 13:10:33.400,4063.8000,23900,0,5327691240.000,0,-,-,-,-,4063.8000,4063.6000,4063.4000,4063.2000,4062.6000,4064.6000,4064.8000,4065.0000,4065.2000,4065.4000,2,1,2,1,1,1,3,3,2,3
SF,IF2006,2020-02-19 13:10:36.400,4063.8000,23900,0,5327691240.000,0,-,-,-,-,4063.8000,4063.6000,4063.4000,4063.2000,4062.6000,4064.6000,4064.8000,4065.0000,4065.2000,4065.4000,2,1,1,1,1,1,3,3,2,3
SF,IF2006,2020-02-19 13:10:36.900,4064.6000,23901,1,5328910620.000,1,1,0,双开,B,4064.0000,4063.8000,4063.6000,4063.4000,4063.2000,4065.0000,4065.2000,4065.4000,4065.6000,4065.8000,8,2,1,1,1,3,2,3,4,9
SF,IF2006,2020-02-19 13:10:37.400,4064.6000,23901,0,5328910620.000,0,-,-,-,-,4064.0000,4063.8000,4063.4000,4063.2000,4062.6000,4065.0000,4065.2000,4065.4000,4065.6000,4065.8000,8,2,1,1,1,3,2,3,4,9
SF,IF2006,2020-02-19 13:10:37.900,4063.8000,23898,-3,5341102560.000,10,3,7,空平,B,4063.4000,4063.2000,4062.6000,4062.4000,4062.2000,4064.6000,4065.0000,4065.2000,4065.4000,4065.6000,1,1,1,3,1,1,3,2,3,4
SF,IF2006,2020-02-19 13:10:38.400,4063.8000,23898,0,5341102560.000,0,-,-,-,-,4064.0000,4063.6000,4063.4000,4063.2000,4062.6000,4064.4000,4064.6000,4065.0000,4065.2000,4065.4000,5,3,1,1,1,2,1,3,2,3
SF,IF2006,2020-02-19 13:10:38.900,4064.0000,23899,1,5342321760.000,1,1,0,双开,B,4063.6000,4063.4000,4063.2000,4062.6000,4062.4000,4064.4000,4064.6000,4065.0000,4065.2000,4065.4000,3,1,1,1,3,2,1,3,2,3
SF,IF2006,2020-02-19 13:10:39.400,4064.0000,23899,0,5342321760.000,0,-,-,-,-,4063.8000,4063.6000,4063.4000,4063.2000,4062.6000,4064.4000,4064.6000,4065.0000,4065.2000,4065.4000,5,1,1,1,1,2,1,3,2,3
SF,IF2006,2020-02-19 13:10:39.900,4064.0000,23899,0,5342321760.000,0,-,-,-,-,4063.6000,4063.4000,4063.2000,4062.6000,4062.4000,4064.4000,4064.6000,4065.0000,4065.2000,4065.4000,1,1,1,1,3,2,1,3,2,3
SF,IF2006,2020-02-19 13:10:40.400,4064.0000,23899,0,5342321760.000,0,-,-,-,-,4063.8000,4063.6000,4063.4000,4063.2000,4062.6000,4064.4000,4064.6000,4065.0000,4065.2000,4065.4000,5,1,1,1,1,2,1,3,2,3
SF,IF2006,2020-02-19 13:10:40.900,4064.0000,23899,0,5342321760.000,0,-,-,-,-,4064.0000,4063.6000,4063.4000,4063.2000,4062.6000,4064.4000,4064.6000,4065.0000,4065.2000,4065.4000,2,1,1,1,1,2,1,3,2,3
SF,IF2006,2020-02-19 13:10:41.400,4064.0000,23899,0,5342321760.000,0,-,-,-,-,4063.6000,4063.4000,4063.2000,4062.6000,4062.4000,4064.4000,4064.6000,4065.0000,4065.2000,4065.4000,1,1,1,1,3,2,1,3,2,3
SF,IF2006,2020-02-19 13:10:41.900,4064.0000,23899,0,5342321760.000,0,-,-,-,-,4063.8000,4063.6000,4063.4000,4063.2000,4062.6000,4064.4000,4064.6000,4065.0000,4065.2000,4065.4000,1,1,1,1,1,2,1,3,2,3
SF,IF2006,2020-02-19 13:10:42.400,4064.0000,23899,0,5342321760.000,0,-,-,-,-,4064.0000,4063.8000,4063.6000,4063.4000,4063.2000,4064.4000,4064.6000,4065.0000,4065.2000,4065.4000,5,1,1,1,1,2,1,3,2,3
SF,IF2006,2020-02-19 13:10:42.900,4064.0000,23899,0,5342321760.000,0,-,-,-,-,4064.0000,4063.8000,4063.6000,4063.4000,4063.2000,4064.4000,4064.6000,4065.0000,4065.2000,4065.4000,7,1,1,1,1,2,1,3,2,3
SF,IF2006,2020-02-19 13:10:43.400,4064.4000,23899,0,5344760400.000,2,1,1,空换,B,4064.0000,4063.6000,4063.4000,4063.2000,4062.6000,4064.6000,4065.0000,4065.2000,4065.4000,4065.6000,2,1,1,1,1,1,3,2,3,4
SF,IF2006,2020-02-19 13:10:43.900,4064.4000,23899,0,5344760400.000,0,-,-,-,-,4064.0000,4063.6000,4063.2000,4062.6000,4062.4000,4064.6000,4065.0000,4065.2000,4065.4000,4065.6000,2,1,1,1,3,1,3,2,3,4
SF,IF2006,2020-02-19 13:10:45.400,4064.4000,23899,0,5344760400.000,0,-,-,-,-,4064.0000,4063.6000,4063.2000,4062.6000,4062.4000,4064.6000,4065.0000,4065.2000,4065.4000,4065.6000,2,1,1,1,3,1,3,2,3,4
SF,IF2006,2020-02-19 13:10:46.900,4064.4000,23899,0,5344760400.000,0,-,-,-,-,4064.2000,4064.0000,4063.6000,4063.2000,4062.6000,4064.6000,4065.0000,4065.2000,4065.4000,4065.6000,5,2,1,1,1,1,3,2,3,4
SF,IF2006,2020-02-19 13:10:47.400,4064.4000,23899,0,5344760400.000,0,-,-,-,-,4064.4000,4064.2000,4064.0000,4063.6000,4063.2000,4064.6000,4065.0000,4065.2000,4065.4000,4065.6000,6,5,2,1,1,1,2,2,3,4
SF,IF2006,2020-02-19 13:10:47.900,4064.6000,23898,-1,5345979780.000,1,0,1,双平,B,4064.6000,4064.4000,4064.2000,4064.0000,4063.6000,4065.0000,4065.2000,4065.4000,4065.6000,4065.8000,6,6,5,2,1,2,2,3,4,9
SF,IF2006,2020-02-19 13:10:48.400,4064.6000,23898,0,5345979780.000,0,-,-,-,-,4064.4000,4064.0000,4063.6000,4063.2000,4062.6000,4065.0000,4065.2000,4065.4000,4065.6000,4065.8000,1,2,1,1,1,2,2,3,4,9
SF,IF2006,2020-02-19 13:10:52.900,4064.6000,23898,0,5345979780.000,0,-,-,-,-,4064.4000,4064.0000,4063.6000,4063.2000,4062.6000,4065.0000,4065.2000,4065.4000,4065.6000,4065.8000,1,2,1,1,1,1,2,3,4,9
SF,IF2006,2020-02-19 13:10:57.400,4064.6000,23898,0,5345979780.000,0,-,-,-,-,4064.6000,4064.4000,4064.0000,4063.6000,4063.2000,4065.0000,4065.2000,4065.4000,4065.6000,4065.8000,5,1,2,1,1,1,2,3,4,9
SF,IF2006,2020-02-19 13:10:57.900,4064.6000,23898,0,5345979780.000,0,-,-,-,-,4064.4000,4064.0000,4063.6000,4063.2000,4062.6000,4065.0000,4065.2000,4065.4000,4065.6000,4065.8000,1,2,1,1,1,1,2,3,4,9
SF,IF2006,2020-02-19 13:10:58.400,4065.0000,23899,1,5347199280.000,1,1,0,双开,B,4064.8000,4064.6000,4064.4000,4064.0000,4063.6000,4065.2000,4065.4000,4065.6000,4065.8000,4066.0000,5,1,1,2,1,2,3,4,9,11
SF,IF2006,2020-02-19 13:10:59.900,4065.0000,23899,0,5347199280.000,0,-,-,-,-,4064.8000,4064.6000,4064.0000,4063.6000,4063.2000,4065.2000,4065.4000,4065.6000,4065.8000,4066.0000,5,1,2,1,1,2,3,4,9,11
SF,IF2006,2020-02-19 13:11:00.900,4065.0000,23899,0,5347199280.000,0,-,-,-,-,4064.0000,4063.6000,4063.2000,4062.6000,4062.4000,4065.2000,4065.4000,4065.6000,4065.8000,4066.0000,2,1,1,1,3,2,3,4,8,11
SF,IF2006,2020-02-19 13:11:01.400,4065.0000,23899,0,5347199280.000,0,-,-,-,-,4064.2000,4064.0000,4063.8000,4063.6000,4063.2000,4065.0000,4065.2000,4065.4000,4065.6000,4065.8000,7,2,1,1,1,2,2,3,4,8
SF,IF2006,2020-02-19 13:11:01.900,4065.0000,23899,0,5347199280.000,0,-,-,-,-,4064.4000,4064.2000,4064.0000,4063.8000,4063.6000,4065.0000,4065.2000,4065.4000,4065.6000,4065.8000,5,2,2,1,1,2,2,3,4,8
SF,IF2006,2020-02-19 13:11:02.400,4065.0000,23899,0,5349638280.000,2,1,1,空换,B,4064.4000,4064.2000,4064.0000,4063.8000,4063.6000,4065.2000,4065.4000,4065.6000,4065.8000,4066.0000,5,2,2,1,1,2,3,4,8,11
SF,IF2006,2020-02-19 13:11:02.900,4065.0000,23899,0,5349638280.000,0,-,-,-,-,4064.6000,4064.4000,4064.0000,4063.8000,4063.6000,4065.2000,4065.4000,4065.6000,4065.8000,4066.0000,7,5,2,1,1,2,3,4,8,11
SF,IF2006,2020-02-19 13:11:04.900,4064.6000,23899,0,5350857660.000,1,0,1,空换,B,4064.6000,4064.0000,4063.8000,4063.6000,4063.2000,4065.2000,4065.4000,4065.6000,4065.8000,4066.0000,1,2,1,1,1,2,3,4,8,11
SF,IF2006,2020-02-19 13:11:05.400,4064.6000,23899,0,5350857660.000,0,-,-,-,-,4064.0000,4063.8000,4063.6000,4063.2000,4062.6000,4065.2000,4065.4000,4065.6000,4065.8000,4066.0000,2,1,1,1,1,2,3,4,8,11
SF,IF2006,2020-02-19 13:11:05.900,4064.6000,23899,0,5350857660.000,0,-,-,-,-,4064.4000,4064.2000,4064.0000,4063.8000,4063.6000,4065.2000,4065.4000,4065.6000,4065.8000,4066.0000,4,7,2,1,1,2,3,4,8,11
SF,IF2006,2020-02-19 13:11:06.900,4064.6000,23899,0,5350857660.000,0,-,-,-,-,4064.6000,4064.4000,4064.2000,4064.0000,4063.8000,4065.2000,4065.4000,4065.6000,4065.8000,4066.0000,5,4,7,2,1,2,3,4,8,11
SF,IF2006,2020-02-19 13:11:07.400,4064.6000,23899,0,5350857660.000,0,-,-,-,-,4064.6000,4064.4000,4064.2000,4064.0000,4063.6000,4065.2000,4065.4000,4065.6000,4065.8000,4066.0000,5,4,7,2,1,2,3,4,8,11
SF,IF2006,2020-02-19 13:11:08.900,4064.6000,23899,0,5350857660.000,0,-,-,-,-,4064.8000,4064.6000,4064.4000,4064.2000,4064.0000,4065.2000,4065.4000,4065.6000,4065.8000,4066.0000,5,5,4,7,2,2,3,4,8,11
SF,IF2006,2020-02-19 13:11:09.400,4065.2000,23898,-1,5353296780.000,2,0,2,空平,B,4065.0000,4064.8000,4064.6000,4064.4000,4064.2000,4065.4000,4065.6000,4065.8000,4066.0000,4066.2000,2,5,5,4,7,3,4,8,11,3
SF,IF2006,2020-02-19 13:11:09.900,4065.6000,23895,-3,5361834360.000,7,2,5,空平,B,4065.6000,4065.4000,4065.0000,4064.8000,4064.6000,4065.8000,4066.0000,4066.2000,4066.6000,4066.8000,2,3,2,5,5,8,11,3,2,1
SF,IF2006,2020-02-19 13:11:10.400,4065.6000,23895,0,5364273720.000,2,1,1,空换,B,4065.4000,4065.0000,4064.8000,4064.6000,4064.2000,4065.8000,4066.0000,4066.2000,4066.6000,4066.8000,3,2,5,5,2,8,11,3,2,1
SF,IF2006,2020-02-19 13:11:10.900,4065.8000,23894,-1,5371592160.000,6,2,4,空平,B,4065.6000,4065.4000,4065.0000,4064.8000,4064.6000,4065.8000,4066.0000,4066.2000,4066.6000,4066.8000,6,2,2,5,5,2,11,3,2,1
SF,IF2006,2020-02-19 13:11:11.400,4065.8000,23894,0,5371592160.000,0,-,-,-,-,4065.4000,4064.8000,4064.6000,4064.2000,4064.0000,4065.8000,4066.0000,4066.2000,4066.6000,4066.8000,2,5,5,2,2,2,11,3,2,1
SF,IF2006,2020-02-19 13:11:13.400,4065.8000,23894,0,5371592160.000,0,-,-,-,-,4065.4000,4064.8000,4064.6000,4064.2000,4064.0000,4065.8000,4066.0000,4066.2000,4066.6000,4066.8000,2,5,5,2,2,2,11,3,2,1
SF,IF2006,2020-02-19 13:11:13.900,4065.8000,23894,0,5372811900.000,1,0,1,空换,B,4065.4000,4064.8000,4064.6000,4064.2000,4064.0000,4065.8000,4066.0000,4066.2000,4066.6000,4066.8000,2,5,5,2,2,4,11,3,2,1
SF,IF2006,2020-02-19 13:11:14.900,4065.8000,23894,0,5372811900.000,0,-,-,-,-,4065.4000,4064.8000,4064.6000,4064.2000,4064.0000,4065.8000,4066.0000,4066.2000,4066.6000,4066.8000,2,5,5,2,2,4,11,3,2,1
SF,IF2006,2020-02-19 13:11:15.400,4065.8000,23894,0,5372811900.000,0,-,-,-,-,4064.8000,4064.6000,4064.2000,4064.0000,4063.6000,4065.8000,4066.0000,4066.2000,4066.6000,4066.8000,5,5,2,2,1,4,11,3,2,1
SF,IF2006,2020-02-19 13:11:15.900,4065.8000,23894,0,5372811900.000,0,-,-,-,-,4065.0000,4064.8000,4064.6000,4064.2000,4064.0000,4065.8000,4066.0000,4066.2000,4066.6000,4066.8000,6,5,5,1,2,4,11,3,2,1
SF,IF2006,2020-02-19 13:11:16.900,4065.8000,23894,0,5372811900.000,0,-,-,-,-,4065.4000,4065.2000,4065.0000,4064.8000,4064.6000,4065.8000,4066.0000,4066.2000,4066.6000,4066.8000,5,1,6,5,5,4,11,3,2,1
SF,IF2006,2020-02-19 13:11:17.400,4065.8000,23894,0,5372811900.000,0,-,-,-,-,4065.6000,4065.4000,4065.2000,4065.0000,4064.8000,4065.8000,4066.0000,4066.2000,4066.6000,4066.8000,5,5,1,6,5,4,11,3,2,1
SF,IF2006,2020-02-19 13:11:18.400,4065.8000,23894,0,5372811900.000,0,-,-,-,-,4065.4000,4065.2000,4065.0000,4064.8000,4064.6000,4065.8000,4066.0000,4066.2000,4066.6000,4066.8000,5,1,6,5,5,4,11,3,2,1
SF,IF2006,2020-02-19 13:11:19.400,4065.8000,23894,0,5372811900.000,0,-,-,-,-,4065.0000,4064.8000,4064.6000,4064.2000,4064.0000,4065.8000,4066.0000,4066.2000,4066.6000,4066.8000,6,5,5,1,2,4,11,3,2,1
SF,IF2006,2020-02-19 13:11:19.900,4065.8000,23894,0,5372811900.000,0,-,-,-,-,4065.2000,4065.0000,4064.8000,4064.6000,4064.2000,4065.8000,4066.0000,4066.2000,4066.6000,4066.8000,5,6,5,5,1,4,11,3,2,1
SF,IF2006,2020-02-19 13:11:22.400,4065.8000,23894,0,5372811900.000,0,-,-,-,-,4065.6000,4065.4000,4065.2000,4065.0000,4064.8000,4065.8000,4066.0000,4066.2000,4066.6000,4066.8000,5,1,5,6,5,4,11,3,2,1
SF,IF2006,2020-02-19 13:11:22.900,4065.8000,23894,0,5372811900.000,0,-,-,-,-,4065.2000,4065.0000,4064.8000,4064.6000,4064.2000,4065.8000,4066.0000,4066.2000,4066.6000,4066.8000,5,6,5,5,1,4,11,3,2,1
SF,IF2006,2020-02-19 13:11:24.400,4065.8000,23894,0,5372811900.000,0,-,-,-,-,4065.4000,4065.2000,4065.0000,4064.8000,4064.6000,4065.8000,4066.0000,4066.2000,4066.6000,4066.8000,1,5,6,5,5,4,11,3,2,1
SF,IF2006,2020-02-19 13:11:24.900,4065.8000,23894,0,5375251380.000,2,1,1,空换,B,4065.6000,4065.4000,4065.2000,4065.0000,4064.8000,4065.8000,4066.0000,4066.2000,4066.6000,4066.8000,3,1,5,6,5,2,11,3,2,1
SF,IF2006,2020-02-19 13:11:25.400,4065.8000,23893,-1,5376471120.000,1,0,1,双平,B,4065.6000,4065.4000,4065.2000,4065.0000,4064.8000,4065.8000,4066.0000,4066.2000,4066.6000,4066.8000,3,1,5,6,5,1,11,3,2,1
SF,IF2006,2020-02-19 13:11:26.400,4065.8000,23893,0,5377690860.000,1,0,1,空换,B,4065.6000,4065.4000,4065.2000,4065.0000,4064.8000,4065.8000,4066.0000,4066.2000,4066.6000,4066.8000,3,1,5,6,5,3,11,3,2,1
SF,IF2006,2020-02-19 13:11:26.900,4065.4000,23897,4,5382569520.000,4,4,0,双开,B,4065.2000,4065.0000,4064.8000,4064.6000,4064.2000,4065.8000,4066.0000,4066.2000,4066.6000,4066.8000,5,6,5,5,1,3,11,3,2,1
SF,IF2006,2020-02-19 13:11:27.400,4065.6000,23898,1,5386228560.000,3,2,1,多开,B,4065.4000,4065.2000,4065.0000,4064.8000,4064.6000,4065.8000,4066.0000,4066.2000,4066.6000,4066.8000,1,5,6,5,5,3,11,3,2,1
SF,IF2006,2020-02-19 13:11:27.900,4065.6000,23898,0,5386228560.000,0,-,-,-,-,4065.2000,4065.0000,4064.8000,4064.6000,4064.2000,4065.4000,4065.8000,4066.0000,4066.2000,4066.6000,5,6,5,5,1,1,3,11,3,2
SF,IF2006,2020-02-19 13:11:28.400,4065.6000,23898,0,5386228560.000,0,-,-,-,-,4065.0000,4064.8000,4064.6000,4064.2000,4064.0000,4065.8000,4066.0000,4066.2000,4066.6000,4066.8000,6,5,5,1,2,3,11,3,2,1
SF,IF2006,2020-02-19 13:11:28.900,4065.6000,23898,0,5386228560.000,0,-,-,-,-,4065.0000,4064.8000,4064.6000,4064.2000,4064.0000,4065.8000,4066.0000,4066.2000,4066.6000,4066.8000,6,5,5,1,2,3,11,3,2,1
SF,IF2006,2020-02-19 13:11:29.400,4065.6000,23898,0,5386228560.000,0,-,-,-,-,4065.4000,4065.0000,4064.8000,4064.6000,4064.2000,4065.6000,4065.8000,4066.0000,4066.2000,4066.6000,2,6,5,5,1,1,3,11,3,2
SF,IF2006,2020-02-19 13:11:29.900,4065.4000,23900,2,5388667800.000,2,2,0,双开,B,4065.0000,4064.8000,4064.6000,4064.2000,4064.0000,4065.6000,4065.8000,4066.0000,4066.2000,4066.6000,6,5,5,1,2,1,3,11,3,2
SF,IF2006,2020-02-19 13:11:30.400,4065.4000,23900,0,5388667800.000,0,-,-,-,-,4065.0000,4064.8000,4064.6000,4064.2000,4064.0000,4065.6000,4065.8000,4066.0000,4066.2000,4066.6000,5,5,5,1,2,1,3,11,3,2
SF,IF2006,2020-02-19 13:11:32.900,4065.4000,23900,0,5388667800.000,0,-,-,-,-,4064.8000,4064.6000,4064.2000,4064.0000,4063.6000,4065.6000,4065.8000,4066.0000,4066.2000,4066.6000,5,5,1,2,1,1,3,11,3,2
SF,IF2006,2020-02-19 13:11:33.400,4065.4000,23900,0,5388667800.000,0,-,-,-,-,4065.6000,4065.0000,4064.8000,4064.6000,4064.2000,4065.8000,4066.0000,4066.2000,4066.6000,4066.8000,5,2,5,5,1,3,11,3,2,1
SF,IF2006,2020-02-19 13:11:33.900,4065.6000,23903,3,5392326840.000,3,3,0,双开,B,4065.0000,4064.8000,4064.6000,4064.2000,4064.0000,4065.8000,4066.0000,4066.2000,4066.6000,4066.8000,2,5,5,1,2,4,11,3,2,1
SF,IF2006,2020-02-19 13:11:34.400,4065.6000,23903,0,5392326840.000,0,-,-,-,-,4065.2000,4065.0000,4064.8000,4064.6000,4064.2000,4065.8000,4066.0000,4066.2000,4066.6000,4066.8000,1,1,5,5,1,4,11,3,2,1
SF,IF2006,2020-02-19 13:11:34.900,4065.2000,23903,0,5393546400.000,1,0,1,空换,B,4065.0000,4064.8000,4064.6000,4064.2000,4064.0000,4065.8000,4066.0000,4066.2000,4066.6000,4066.8000,1,5,5,1,2,4,11,3,2,1
SF,IF2006,2020-02-19 13:11:35.400,4065.2000,23903,0,5393546400.000,0,-,-,-,-,4065.6000,4065.0000,4064.8000,4064.6000,4064.2000,4065.8000,4066.0000,4066.2000,4066.6000,4066.8000,1,1,5,5,1,4,11,3,2,1
SF,IF2006,2020-02-19 13:11:35.900,4065.6000,23904,1,5394766080.000,1,1,0,双开,B,4065.0000,4064.8000,4064.6000,4064.2000,4064.0000,4065.4000,4065.8000,4066.0000,4066.2000,4066.6000,1,5,5,1,2,1,4,11,3,2
SF,IF2006,2020-02-19 13:11:36.400,4065.6000,23904,0,5394766080.000,0,-,-,-,-,4065.2000,4065.0000,4064.8000,4064.6000,4064.2000,4065.8000,4066.0000,4066.2000,4066.6000,4066.8000,2,1,5,5,1,3,11,3,2,1
SF,IF2006,2020-02-19 13:11:36.900,4065.8000,23904,0,5398425300.000,3,1,2,空换,B,4065.4000,4065.2000,4065.0000,4064.8000,4064.6000,4066.0000,4066.2000,4066.6000,4066.8000,4067.0000,5,2,1,5,5,11,3,2,1,14
SF,IF2006,2020-02-19 13:11:37.400,4066.0000,23904,0,5399645100.000,1,0,1,空换,B,4065.6000,4065.4000,4065.2000,4065.0000,4064.8000,4066.0000,4066.2000,4066.6000,4066.8000,4067.0000,5,6,2,1,5,10,3,2,1,14
SF,IF2006,2020-02-19 13:11:37.900,4066.0000,23904,0,5402084700.000,2,1,1,空换,B,4065.8000,4065.6000,4065.4000,4065.2000,4065.0000,4066.0000,4066.2000,4066.6000,4066.8000,4067.0000,5,5,6,2,1,8,3,2,1,14
SF,IF2006,2020-02-19 13:11:38.400,4066.0000,23904,0,5402084700.000,0,-,-,-,-,4065.6000,4065.4000,4065.2000,4065.0000,4064.8000,4066.0000,4066.2000,4066.6000,4066.8000,4067.0000,5,6,2,1,5,8,3,2,1,14
SF,IF2006,2020-02-19 13:11:39.400,4066.0000,23904,0,5402084700.000,0,-,-,-,-,4065.6000,4065.4000,4065.2000,4065.0000,4064.8000,4066.0000,4066.2000,4066.6000,4066.8000,4067.0000,5,6,2,1,5,8,3,2,1,14
SF,IF2006,2020-02-19 13:11:39.900,4066.0000,23903,-1,5403304500.000,1,0,1,双平,B,4065.6000,4065.4000,4065.2000,4065.0000,4064.8000,4066.0000,4066.2000,4066.6000,4066.8000,4067.0000,5,6,2,1,5,7,3,2,1,14
SF,IF2006,2020-02-19 13:11:40.400,4066.0000,23903,0,5403304500.000,0,-,-,-,-,4065.4000,4065.2000,4065.0000,4064.8000,4064.2000,4066.0000,4066.2000,4066.6000,4066.8000,4067.0000,5,2,1,5,1,7,3,2,1,14
SF,IF2006,2020-02-19 13:11:40.900,4066.0000,23903,0,5404524300.000,1,0,1,空换,B,4065.6000,4065.4000,4065.2000,4065.0000,4064.8000,4066.0000,4066.2000,4066.6000,4066.8000,4067.0000,2,5,2,1,5,6,3,2,1,14
SF,IF2006,2020-02-19 13:11:41.400,4066.0000,23903,0,5410623300.000,5,2,3,空换,B,4065.6000,4065.4000,4065.2000,4064.8000,4064.0000,4066.0000,4066.2000,4066.6000,4066.8000,4067.0000,2,5,2,5,2,1,3,2,1,14
SF,IF2006,2020-02-19 13:11:41.900,4066.0000,23903,0,5410623300.000,0,-,-,-,-,4065.4000,4065.2000,4064.8000,4064.0000,4062.6000,4066.0000,4066.2000,4066.6000,4066.8000,4067.0000,5,2,5,2,1,1,3,2,1,14
SF,IF2006,2020-02-19 13:11:42.400,4066.0000,23904,1,5411843100.000,1,1,0,双开,B,4065.4000,4065.2000,4064.8000,4064.0000,4062.6000,4066.2000,4066.6000,4066.8000,4067.0000,4067.2000,5,2,5,2,1,3,2,1,14,10
SF,IF2006,2020-02-19 13:11:42.900,4066.0000,23904,0,5411843100.000,0,-,-,-,-,4065.4000,4065.2000,4064.8000,4064.0000,4062.6000,4066.0000,4066.2000,4066.6000,4066.8000,4067.0000,5,2,5,2,1,1,3,2,4,14
SF,IF2006,2020-02-19 13:11:43.400,4066.0000,23904,0,5411843100.000,0,-,-,-,-,4065.2000,4064.8000,4064.0000,4062.6000,4062.4000,4066.0000,4066.2000,4066.6000,4066.8000,4067.0000,2,5,2,1,3,1,3,2,7,14
SF,IF2006,2020-02-19 13:11:50.400,4066.0000,23904,0,5411843100.000,0,-,-,-,-,4065.4000,4065.2000,4064.8000,4064.0000,4062.6000,4066.0000,4066.2000,4066.6000,4066.8000,4067.0000,5,2,5,2,1,1,3,2,7,14
SF,IF2006,2020-02-19 13:11:51.400,4066.0000,23904,0,5411843100.000,0,-,-,-,-,4065.6000,4065.4000,4065.2000,4064.8000,4064.0000,4066.2000,4066.6000,4066.8000,4067.0000,4067.2000,5,5,2,5,2,3,2,7,14,10
SF,IF2006,2020-02-19 13:11:51.900,4066.0000,23904,0,5411843100.000,0,-,-,-,-,4065.8000,4065.6000,4065.4000,4065.2000,4064.8000,4066.2000,4066.6000,4066.8000,4067.0000,4067.2000,5,5,5,2,5,3,2,7,14,10
SF,IF2006,2020-02-19 13:11:52.400,4066.0000,23904,0,5411843100.000,0,-,-,-,-,4066.0000,4065.6000,4065.4000,4065.2000,4064.8000,4066.2000,4066.6000,4066.8000,4067.0000,4067.2000,1,5,5,2,5,3,2,7,14,10
SF,IF2006,2020-02-19 13:11:52.900,4066.0000,23904,0,5413062900.000,1,0,1,空换,B,4065.6000,4065.4000,4065.2000,4064.0000,4062.6000,4066.2000,4066.6000,4066.8000,4067.0000,4067.2000,5,5,2,2,1,3,2,7,14,10
SF,IF2006,2020-02-19 13:11:55.400,4066.0000,23904,0,5413062900.000,0,-,-,-,-,4065.4000,4065.2000,4064.0000,4062.6000,4062.4000,4066.2000,4066.6000,4066.8000,4067.0000,4067.2000,5,2,2,1,3,3,2,7,14,10
SF,IF2006,2020-02-19 13:11:55.900,4066.0000,23904,0,5413062900.000,0,-,-,-,-,4065.4000,4065.2000,4064.0000,4062.6000,4062.4000,4065.6000,4066.2000,4066.6000,4066.8000,4067.0000,5,2,2,1,3,1,3,2,7,14
SF,IF2006,2020-02-19 13:11:56.900,4066.0000,23904,0,5413062900.000,0,-,-,-,-,4065.4000,4065.2000,4064.0000,4062.6000,4062.4000,4065.6000,4066.0000,4066.2000,4066.6000,4066.8000,5,2,2,1,3,1,1,3,2,7
SF,IF2006,2020-02-19 13:11:57.400,4065.6000,23903,-1,5414282580.000,1,0,1,双平,B,4065.6000,4065.4000,4065.2000,4064.0000,4062.6000,4066.0000,4066.2000,4066.6000,4066.8000,4067.0000,5,5,2,2,1,1,3,2,7,14
SF,IF2006,2020-02-19 13:11:58.900,4065.6000,23903,0,5414282580.000,0,-,-,-,-,4065.4000,4065.2000,4064.0000,4062.6000,4062.4000,4066.0000,4066.2000,4066.6000,4066.8000,4067.0000,5,2,2,1,3,1,3,2,7,14
SF,IF2006,2020-02-19 13:12:01.400,4065.6000,23903,0,5414282580.000,0,-,-,-,-,4065.2000,4064.0000,4062.6000,4062.4000,4062.2000,4066.0000,4066.2000,4066.6000,4066.8000,4067.0000,2,2,1,3,1,1,3,2,7,14
SF,IF2006,2020-02-19 13:12:02.400,4065.6000,23903,0,5414282580.000,0,-,-,-,-,4065.4000,4065.2000,4064.0000,4062.6000,4062.4000,4066.0000,4066.2000,4066.6000,4066.8000,4067.0000,5,2,2,1,3,1,3,2,7,14
SF,IF2006,2020-02-19 13:12:02.900,4065.6000,23903,0,5414282580.000,0,-,-,-,-,4065.2000,4064.0000,4062.6000,4062.4000,4062.2000,4066.0000,4066.2000,4066.6000,4066.8000,4067.0000,2,2,1,3,1,1,3,2,7,14
SF,IF2006,2020-02-19 13:12:03.400,4065.6000,23903,0,5414282580.000,0,-,-,-,-,4065.2000,4064.0000,4062.6000,4062.4000,4062.2000,4066.0000,4066.2000,4066.6000,4066.8000,4067.0000,2,2,1,3,1,1,3,2,7,14
SF,IF2006,2020-02-19 13:12:05.400,4065.6000,23903,0,5414282580.000,0,-,-,-,-,4065.2000,4064.0000,4062.6000,4062.4000,4062.2000,4066.0000,4066.2000,4066.6000,4066.8000,4067.0000,2,2,1,3,1,1,3,2,7,14
SF,IF2006,2020-02-19 13:12:05.900,4065.2000,23903,0,5415502140.000,1,0,1,空换,B,4065.2000,4064.0000,4062.6000,4062.4000,4062.2000,4066.0000,4066.2000,4066.6000,4066.8000,4067.0000,1,2,1,3,1,1,3,2,7,14
SF,IF2006,2020-02-19 13:12:06.900,4066.0000,23902,-1,5416721940.000,1,0,1,双平,B,4065.2000,4065.0000,4064.0000,4062.6000,4062.4000,4066.2000,4066.6000,4066.8000,4067.0000,4067.2000,1,1,2,1,3,3,2,7,14,10
SF,IF2006,2020-02-19 13:12:07.400,4066.0000,23902,0,5416721940.000,0,-,-,-,-,4064.0000,4062.6000,4062.4000,4062.2000,4062.0000,4066.0000,4066.2000,4066.6000,4066.8000,4067.0000,2,1,3,1,1,2,3,2,7,14
SF,IF2006,2020-02-19 13:12:07.900,4066.0000,23902,0,5416721940.000,0,-,-,-,-,4065.2000,4065.0000,4064.8000,4064.6000,4064.4000,4065.8000,4066.0000,4066.2000,4066.6000,4066.8000,5,5,2,1,5,1,2,3,2,7
SF,IF2006,2020-02-19 13:12:08.400,4066.0000,23902,0,5416721940.000,0,-,-,-,-,4065.2000,4065.0000,4064.8000,4064.6000,4064.4000,4066.0000,4066.2000,4066.6000,4066.8000,4067.0000,5,5,3,2,4,2,3,2,7,14
SF,IF2006,2020-02-19 13:12:09.400,4066.0000,23902,0,5416721940.000,0,-,-,-,-,4065.4000,4065.2000,4065.0000,4064.8000,4064.6000,4066.0000,4066.2000,4066.6000,4066.8000,4067.0000,1,5,5,3,2,2,3,2,7,14
SF,IF2006,2020-02-19 13:12:09.900,4066.0000,23902,0,5416721940.000,0,-,-,-,-,4065.4000,4065.2000,4065.0000,4064.8000,4064.6000,4066.0000,4066.2000,4066.6000,4066.8000,4067.0000,1,5,5,3,2,2,3,2,7,14
SF,IF2006,2020-02-19 13:12:10.400,4066.0000,23902,0,5416721940.000,0,-,-,-,-,4065.4000,4065.2000,4065.0000,4064.8000,4064.6000,4066.2000,4066.6000,4066.8000,4067.0000,4067.2000,1,5,5,3,2,3,2,7,14,10
SF,IF2006,2020-02-19 13:12:12.400,4066.2000,23901,-1,5417941800.000,1,0,1,双平,B,4065.4000,4065.2000,4065.0000,4064.8000,4064.6000,4065.8000,4066.2000,4066.6000,4066.8000,4067.0000,1,5,5,3,2,1,2,2,7,14
SF,IF2006,2020-02-19 13:12:12.900,4066.2000,23901,0,5417941800.000,0,-,-,-,-,4065.2000,4065.0000,4064.8000,4064.6000,4064.4000,4065.8000,4066.2000,4066.6000,4066.8000,4067.0000,5,5,3,2,4,1,2,2,7,14
SF,IF2006,2020-02-19 13:12:13.900,4066.2000,23901,0,5417941800.000,0,-,-,-,-,4065.2000,4065.0000,4064.8000,4064.6000,4064.4000,4065.8000,4066.2000,4066.4000,4066.6000,4066.8000,5,5,3,2,4,1,2,1,2,7
SF,IF2006,2020-02-19 13:12:14.900,4066.2000,23901,0,5417941800.000,0,-,-,-,-,4065.0000,4064.8000,4064.6000,4064.4000,4064.2000,4065.8000,4066.2000,4066.4000,4066.6000,4066.8000,5,3,1,4,3,1,2,1,2,7
SF,IF2006,2020-02-19 13:12:15.400,4066.2000,23901,0,5417941800.000,0,-,-,-,-,4065.0000,4064.8000,4064.6000,4064.4000,4064.2000,4065.8000,4066.2000,4066.4000,4066.6000,4066.8000,5,2,1,4,3,1,2,1,2,7
SF,IF2006,2020-02-19 13:12:15.900,4066.2000,23901,0,5417941800.000,0,-,-,-,-,4064.8000,4064.6000,4064.4000,4064.2000,4064.0000,4065.6000,4065.8000,4066.2000,4066.4000,4066.6000,2,1,4,3,3,3,1,2,1,2
SF,IF2006,2020-02-19 13:12:16.400,4066.2000,23901,0,5417941800.000,0,-,-,-,-,4065.0000,4064.8000,4064.6000,4064.4000,4064.2000,4065.2000,4065.6000,4065.8000,4066.2000,4066.4000,5,2,1,4,3,1,3,1,2,1
SF,IF2006,2020-02-19 13:12:16.900,4065.6000,23900,-1,5419161480.000,1,0,1,双平,B,4064.8000,4064.6000,4064.4000,4064.2000,4064.0000,4065.6000,4065.8000,4066.2000,4066.4000,4066.6000,2,1,4,3,3,3,1,2,1,2
SF,IF2006,2020-02-19 13:12:17.400,4065.6000,23900,0,5419161480.000,0,-,-,-,-,4064.8000,4064.6000,4064.4000,4064.2000,4064.0000,4065.0000,4065.6000,4065.8000,4066.2000,4066.4000,2,1,1,3,3,1,3,1,2,1
SF,IF2006,2020-02-19 13:12:17.900,4065.0000,23900,0,5420380980.000,1,0,1,空换,B,4065.0000,4064.8000,4064.6000,4064.2000,4064.0000,4065.6000,4065.8000,4066.2000,4066.4000,4066.6000,5,2,1,3,3,1,1,2,1,2
SF,IF2006,2020-02-19 13:12:18.400,4065.0000,23900,0,5420380980.000,0,-,-,-,-,4064.8000,4064.6000,4064.2000,4064.0000,4063.8000,4065.6000,4065.8000,4066.2000,4066.4000,4066.6000,2,1,3,3,1,1,1,2,1,2
SF,IF2006,2020-02-19 13:12:18.900,4065.0000,23900,0,5420380980.000,0,-,-,-,-,4064.8000,4064.2000,4064.0000,4063.8000,4062.6000,4065.4000,4065.6000,4065.8000,4066.2000,4066.4000,2,3,3,2,1,2,1,1,2,1
SF,IF2006,2020-02-19 13:12:19.900,4065.0000,23900,0,5420380980.000,0,-,-,-,-,4064.2000,4064.0000,4063.8000,4062.6000,4062.4000,4065.4000,4065.6000,4065.8000,4066.2000,4066.4000,3,3,2,1,3,2,1,1,2,1
SF,IF2006,2020-02-19 13:12:20.400,4065.0000,23900,0,5420380980.000,0,-,-,-,-,4064.8000,4064.4000,4064.2000,4064.0000,4063.8000,4065.4000,4065.6000,4065.8000,4066.2000,4066.4000,5,2,3,3,2,2,1,1,2,1
SF,IF2006,2020-02-19 13:12:20.900,4065.0000,23900,0,5420380980.000,0,-,-,-,-,4064.4000,4064.2000,4064.0000,4063.8000,4062.6000,4065.4000,4065.6000,4065.8000,4066.0000,4066.2000,2,3,3,2,1,2,1,1,5,2
SF,IF2006,2020-02-19 13:12:21.400,4065.0000,23900,0,5420380980.000,0,-,-,-,-,4064.4000,4064.2000,4064.0000,4063.8000,4062.6000,4065.2000,4065.4000,4065.6000,4065.8000,4066.0000,2,3,3,2,1,1,2,1,1,5
SF,IF2006,2020-02-19 13:12:21.900,4065.0000,23900,0,5420380980.000,0,-,-,-,-,4064.2000,4064.0000,4063.8000,4062.6000,4062.4000,4065.0000,4065.2000,4065.8000,4066.0000,4066.2000,1,3,2,1,3,3,1,1,5,2
SF,IF2006,2020-02-19 13:12:22.400,4064.0000,23903,3,5425257960.000,4,3,1,多开,B,4064.0000,4063.8000,4062.6000,4062.4000,4062.2000,4064.4000,4064.6000,4065.0000,4065.8000,4066.0000,2,2,1,3,1,1,1,3,1,5
SF,IF2006,2020-02-19 13:12:22.900,4064.6000,23905,2,5431354200.000,5,3,2,多开,B,4063.8000,4062.6000,4062.4000,4062.2000,4062.0000,4065.0000,4065.8000,4066.0000,4066.2000,4066.4000,1,1,3,1,1,3,1,5,2,1
SF,IF2006,2020-02-19 13:12:23.400,4063.8000,23906,1,5432573340.000,1,1,0,双开,B,4062.6000,4062.4000,4062.2000,4062.0000,4061.2000,4063.8000,4064.4000,4064.8000,4065.0000,4065.8000,1,3,1,1,4,1,2,1,3,1
SF,IF2006,2020-02-19 13:12:23.900,4063.8000,23906,0,5432573340.000,0,-,-,-,-,4063.0000,4062.8000,4062.4000,4062.2000,4062.0000,4064.8000,4065.0000,4065.8000,4066.0000,4066.2000,3,8,3,1,1,1,3,1,5,2
SF,IF2006,2020-02-19 13:12:24.400,4063.8000,23906,0,5432573340.000,0,-,-,-,-,4063.2000,4063.0000,4062.4000,4062.2000,4062.0000,4064.4000,4064.6000,4064.8000,4065.0000,4065.8000,4,4,3,1,1,2,2,1,1,1
SF,IF2006,2020-02-19 13:12:24.900,4063.8000,23906,0,5432573340.000,0,-,-,-,-,4063.2000,4063.0000,4062.4000,4062.2000,4062.0000,4064.2000,4064.4000,4064.8000,4065.0000,4065.8000,3,1,3,1,1,2,2,1,1,1
SF,IF2006,2020-02-19 13:12:25.400,4063.2000,23906,0,5433792300.000,1,0,1,空换,B,4063.2000,4063.0000,4062.4000,4062.2000,4062.0000,4064.2000,4064.4000,4064.8000,4065.8000,4066.0000,2,1,3,1,1,2,2,1,1,5
SF,IF2006,2020-02-19 13:12:26.900,4063.2000,23906,0,5433792300.000,0,-,-,-,-,4063.2000,4063.0000,4062.4000,4062.2000,4062.0000,4064.0000,4064.2000,4064.4000,4065.8000,4066.0000,2,1,3,1,1,2,2,1,1,5
SF,IF2006,2020-02-19 13:12:27.400,4063.0000,23907,1,5437449120.000,3,2,1,多开,B,4062.4000,4062.2000,4062.0000,4061.2000,4059.0000,4063.6000,4063.8000,4064.0000,4065.8000,4066.0000,3,1,1,4,1,2,2,1,1,5
SF,IF2006,2020-02-19 13:12:27.900,4063.0000,23907,0,5437449120.000,0,-,-,-,-,4062.6000,4062.4000,4062.2000,4062.0000,4061.2000,4063.2000,4063.4000,4063.6000,4064.0000,4065.8000,5,3,1,1,4,1,2,2,1,1
SF,IF2006,2020-02-19 13:12:28.400,4063.0000,23907,0,5437449120.000,0,-,-,-,-,4062.4000,4062.2000,4062.0000,4061.2000,4059.0000,4063.0000,4063.2000,4064.0000,4065.8000,4066.0000,3,1,1,4,1,2,1,1,1,5
SF,IF2006,2020-02-19 13:12:28.900,4062.4000,23908,1,5441105280.000,3,2,1,多开,B,4062.2000,4062.0000,4061.2000,4059.0000,4058.8000,4062.8000,4063.2000,4064.0000,4065.8000,4066.0000,1,1,4,1,1,1,1,1,1,5
SF,IF2006,2020-02-19 13:12:29.400,4062.2000,23907,-1,5443542720.000,2,0,2,空平,B,4062.0000,4061.2000,4059.0000,4058.8000,4057.4000,4062.6000,4062.8000,4063.2000,4064.0000,4065.8000,2,4,1,1,1,1,1,1,1,1
SF,IF2006,2020-02-19 13:12:29.900,4062.6000,23907,0,5444761500.000,1,0,1,空换,B,4062.0000,4061.2000,4059.0000,4058.8000,4057.4000,4062.8000,4063.2000,4064.0000,4065.8000,4066.0000,2,4,1,1,1,1,1,1,1,5
SF,IF2006,2020-02-19 13:12:30.400,4062.6000,23906,-1,5445980280.000,1,0,1,双平,B,4062.0000,4061.2000,4059.0000,4058.8000,4057.4000,4062.8000,4063.2000,4064.0000,4065.8000,4066.0000,2,4,1,1,1,1,1,1,1,5
SF,IF2006,2020-02-19 13:12:30.900,4062.6000,23906,0,5445980280.000,0,-,-,-,-,4062.0000,4061.2000,4059.0000,4058.8000,4057.4000,4063.2000,4064.0000,4065.8000,4066.0000,4066.2000,1,4,1,1,1,1,1,1,5,2
SF,IF2006,2020-02-19 13:12:31.400,4062.6000,23906,0,5445980280.000,0,-,-,-,-,4062.0000,4061.2000,4059.0000,4058.8000,4057.4000,4063.0000,4063.2000,4064.0000,4065.8000,4066.0000,1,4,1,1,1,2,1,1,1,5
SF,IF2006,2020-02-19 13:12:31.900,4062.6000,23906,0,5445980280.000,0,-,-,-,-,4062.2000,4062.0000,4061.2000,4059.0000,4058.8000,4063.2000,4064.0000,4065.8000,4066.0000,4066.2000,3,1,4,1,1,1,1,1,5,2
SF,IF2006,2020-02-19 13:12:32.400,4062.6000,23906,0,5445980280.000,0,-,-,-,-,4062.2000,4062.0000,4061.2000,4059.0000,4058.8000,4063.2000,4064.0000,4065.8000,4066.0000,4066.2000,3,1,4,1,1,1,1,1,5,2
SF,IF2006,2020-02-19 13:12:32.900,4062.2000,23906,0,5448417600.000,2,1,1,空换,B,4062.2000,4062.0000,4061.2000,4059.0000,4058.8000,4063.2000,4064.0000,4065.8000,4066.0000,4066.2000,1,1,4,1,1,1,1,1,5,2
SF,IF2006,2020-02-19 13:12:33.400,4062.2000,23906,0,5448417600.000,0,-,-,-,-,4062.2000,4062.0000,4061.2000,4059.0000,4058.8000,4063.0000,4063.2000,4064.0000,4065.8000,4066.0000,1,1,4,1,1,2,1,1,1,5
SF,IF2006,2020-02-19 13:12:33.900,4062.2000,23907,1,5449636260.000,1,1,0,双开,B,4062.0000,4061.2000,4059.0000,4058.8000,4057.4000,4063.0000,4063.2000,4064.0000,4065.8000,4066.0000,1,4,1,1,1,2,1,1,1,5
SF,IF2006,2020-02-19 13:12:34.400,4062.0000,23908,1,5450854860.000,1,1,0,双开,B,4061.2000,4059.0000,4058.8000,4057.4000,4057.2000,4062.8000,4063.0000,4063.2000,4064.0000,4065.8000,4,1,1,1,1,2,2,1,1,1
SF,IF2006,2020-02-19 13:12:34.900,4062.0000,23908,0,5450854860.000,0,-,-,-,-,4061.2000,4059.0000,4058.8000,4057.4000,4057.2000,4062.6000,4062.8000,4063.2000,4064.0000,4065.8000,4,1,1,1,1,2,2,1,1,1
SF,IF2006,2020-02-19 13:12:35.400,4062.0000,23908,0,5450854860.000,0,-,-,-,-,4061.2000,4059.0000,4058.8000,4057.4000,4057.2000,4062.4000,4062.6000,4063.2000,4064.0000,4065.8000,5,1,1,1,1,2,2,1,1,1
SF,IF2006,2020-02-19 13:12:35.900,4062.0000,23908,0,5450854860.000,0,-,-,-,-,4061.2000,4059.0000,4058.8000,4057.4000,4057.2000,4062.2000,4062.4000,4063.2000,4064.0000,4065.8000,4,1,1,1,1,2,2,1,1,1
SF,IF2006,2020-02-19 13:12:36.400,4062.0000,23908,0,5450854860.000,0,-,-,-,-,4061.2000,4058.8000,4057.4000,4057.2000,4057.0000,4062.2000,4062.4000,4063.2000,4064.0000,4065.8000,4,1,1,1,1,2,2,1,1,1
SF,IF2006,2020-02-19 13:12:36.900,4062.0000,23908,0,5450854860.000,0,-,-,-,-,4061.2000,4058.8000,4057.4000,4057.2000,4057.0000,4062.0000,4062.2000,4062.4000,4063.2000,4064.0000,4,1,1,1,1,1,2,1,1,1
SF,IF2006,2020-02-19 13:12:37.400,4062.0000,23908,0,5450854860.000,0,-,-,-,-,4061.4000,4061.2000,4058.8000,4057.4000,4057.2000,4062.2000,4062.4000,4063.2000,4064.0000,4065.8000,1,4,1,1,1,2,1,1,1,1
SF,IF2006,2020-02-19 13:12:37.900,4062.0000,23908,0,5450854860.000,0,-,-,-,-,4061.2000,4058.8000,4057.4000,4057.2000,4057.0000,4062.2000,4062.4000,4063.2000,4064.0000,4065.8000,4,1,1,1,1,2,1,1,1,1
SF,IF2006,2020-02-19 13:12:38.900,4062.0000,23908,0,5450854860.000,0,-,-,-,-,4061.2000,4058.8000,4057.4000,4057.2000,4057.0000,4062.0000,4062.2000,4062.4000,4063.2000,4064.0000,4,1,1,1,1,1,2,1,1,1
SF,IF2006,2020-02-19 13:12:39.400,4062.0000,23908,0,5450854860.000,0,-,-,-,-,4061.2000,4058.8000,4057.4000,4057.2000,4057.0000,4061.4000,4062.0000,4062.2000,4062.4000,4063.2000,4,1,1,1,1,1,1,2,1,1
SF,IF2006,2020-02-19 13:12:39.900,4062.2000,23908,0,5454510540.000,3,1,2,空换,B,4061.4000,4061.2000,4058.8000,4057.4000,4057.2000,4062.2000,4062.4000,4063.2000,4064.0000,4066.0000,2,5,1,1,1,1,1,1,1,6
SF,IF2006,2020-02-19 13:12:40.900,4062.2000,23908,0,5454510540.000,0,-,-,-,-,4061.4000,4061.2000,4058.8000,4057.4000,4057.2000,4062.2000,4062.4000,4063.2000,4064.0000,4066.0000,2,4,1,1,1,1,1,1,1,7
SF,IF2006,2020-02-19 13:12:41.400,4062.2000,23908,0,5454510540.000,0,-,-,-,-,4061.2000,4058.8000,4057.4000,4057.2000,4057.0000,4062.2000,4062.4000,4063.2000,4064.0000,4066.0000,4,1,1,1,1,1,1,1,1,7
SF,IF2006,2020-02-19 13:12:41.900,4062.2000,23908,0,5454510540.000,0,-,-,-,-,4061.2000,4058.8000,4057.4000,4057.2000,4057.0000,4062.2000,4062.4000,4063.2000,4064.0000,4066.0000,4,1,1,1,1,1,1,1,1,7
SF,IF2006,2020-02-19 13:12:42.400,4062.2000,23908,0,5454510540.000,0,-,-,-,-,4061.2000,4058.8000,4057.4000,4057.2000,4057.0000,4062.2000,4062.4000,4063.2000,4064.0000,4065.0000,4,1,1,1,1,1,1,1,1,1
SF,IF2006,2020-02-19 13:12:43.400,4062.2000,23908,0,5454510540.000,0,-,-,-,-,4061.2000,4058.8000,4057.4000,4057.2000,4057.0000,4062.0000,4062.2000,4063.2000,4064.0000,4065.0000,4,1,1,1,1,2,1,1,1,1
SF,IF2006,2020-02-19 13:12:43.900,4062.2000,23908,0,5454510540.000,0,-,-,-,-,4061.2000,4058.8000,4057.4000,4057.2000,4057.0000,4061.8000,4062.0000,4063.2000,4064.0000,4065.0000,4,1,1,1,1,2,2,1,1,1
SF,IF2006,2020-02-19 13:12:47.400,4062.2000,23908,0,5454510540.000,0,-,-,-,-,4061.2000,4058.8000,4057.4000,4057.2000,4057.0000,4061.8000,4062.0000,4063.2000,4064.0000,4065.0000,4,1,1,1,1,2,1,1,1,1
SF,IF2006,2020-02-19 13:12:51.400,4062.2000,23908,0,5454510540.000,0,-,-,-,-,4061.6000,4061.2000,4058.8000,4057.4000,4057.2000,4061.8000,4063.2000,4064.0000,4065.0000,4066.0000,1,4,1,1,1,2,1,1,1,7
SF,IF2006,2020-02-19 13:12:51.900,4061.8000,23908,0,5459384700.000,4,2,2,空换,B,4061.6000,4061.4000,4061.2000,4058.8000,4057.4000,4063.2000,4064.0000,4065.0000,4066.0000,4066.2000,1,1,4,1,1,1,1,1,7,2
SF,IF2006,2020-02-19 13:12:52.400,4061.8000,23908,0,5459384700.000,0,-,-,-,-,4061.8000,4061.6000,4061.4000,4061.2000,4058.8000,4063.0000,4063.2000,4064.0000,4065.0000,4066.0000,2,1,1,4,1,7,1,1,1,7
SF,IF2006,2020-02-19 13:12:52.900,4061.8000,23907,-1,5460603240.000,1,0,1,双平,B,4061.8000,4061.6000,4061.4000,4061.2000,4058.8000,4063.0000,4063.2000,4064.0000,4065.0000,4066.0000,1,1,1,4,1,7,1,1,1,7
SF,IF2006,2020-02-19 13:12:53.900,4061.8000,23907,0,5460603240.000,0,-,-,-,-,4061.8000,4061.6000,4061.4000,4061.2000,4058.8000,4063.0000,4063.2000,4064.0000,4065.0000,4066.0000,1,1,1,4,1,7,1,1,1,7
SF,IF2006,2020-02-19 13:12:54.400,4061.8000,23907,0,5460603240.000,0,-,-,-,-,4061.6000,4061.4000,4061.2000,4058.8000,4057.4000,4063.0000,4063.2000,4064.0000,4065.0000,4066.0000,1,1,4,1,1,7,1,1,1,7
SF,IF2006,2020-02-19 13:12:54.900,4061.6000,23906,-1,5461821720.000,1,0,1,双平,B,4061.4000,4061.2000,4058.8000,4057.4000,4057.2000,4062.8000,4063.0000,4063.2000,4064.0000,4065.0000,1,4,1,1,1,1,7,1,1,1
SF,IF2006,2020-02-19 13:12:55.400,4061.6000,23906,0,5461821720.000,0,-,-,-,-,4061.2000,4058.8000,4057.4000,4057.2000,4057.0000,4062.6000,4062.8000,4063.0000,4063.2000,4064.0000,4,1,1,1,1,2,1,6,1,1
SF,IF2006,2020-02-19 13:12:55.900,4061.6000,23906,0,5461821720.000,0,-,-,-,-,4061.2000,4058.8000,4057.4000,4057.2000,4057.0000,4062.4000,4062.6000,4062.8000,4063.0000,4063.2000,4,1,1,1,1,1,2,1,4,1
SF,IF2006,2020-02-19 13:12:56.400,4061.6000,23906,0,5461821720.000,0,-,-,-,-,4061.2000,4058.8000,4057.4000,4057.2000,4057.0000,4062.2000,4062.4000,4062.8000,4063.0000,4063.2000,4,1,1,1,1,2,1,1,3,1
SF,IF2006,2020-02-19 13:12:56.900,4061.6000,23906,0,5461821720.000,0,-,-,-,-,4061.2000,4058.8000,4057.4000,4057.2000,4057.0000,4062.0000,4062.2000,4062.4000,4062.8000,4063.0000,4,1,1,1,1,2,2,1,1,3
SF,IF2006,2020-02-19 13:12:57.400,4061.6000,23906,0,5461821720.000,0,-,-,-,-,4061.2000,4058.8000,4057.4000,4057.2000,4057.0000,4062.0000,4062.2000,4062.4000,4062.8000,4063.0000,4,1,1,1,1,2,2,1,1,3
SF,IF2006,2020-02-19 13:12:57.900,4061.6000,23906,0,5461821720.000,0,-,-,-,-,4061.4000,4061.2000,4058.8000,4057.4000,4057.2000,4062.0000,4062.2000,4062.4000,4062.8000,4063.0000,5,4,1,1,1,2,2,1,1,3
SF,IF2006,2020-02-19 13:12:58.400,4062.0000,23908,2,5464258920.000,2,2,0,双开,B,4061.8000,4061.6000,4061.4000,4061.2000,4058.8000,4062.8000,4063.0000,4063.2000,4064.0000,4065.0000,5,1,5,4,1,1,3,1,1,1
SF,IF2006,2020-02-19 13:12:58.900,4062.0000,23908,0,5464258920.000,0,-,-,-,-,4061.2000,4058.8000,4057.4000,4057.2000,4057.0000,4062.6000,4063.0000,4063.2000,4064.0000,4065.0000,4,1,1,1,1,2,3,1,1,1
SF,IF2006,2020-02-19 13:12:59.400,4062.0000,23908,0,5464258920.000,0,-,-,-,-,4061.4000,4061.2000,4058.8000,4057.4000,4057.2000,4062.6000,4063.0000,4063.2000,4064.0000,4065.0000,2,4,1,1,1,2,3,1,1,1
SF,IF2006,2020-02-19 13:12:59.900,4062.0000,23908,0,5464258920.000,0,-,-,-,-,4061.2000,4058.8000,4057.4000,4057.2000,4057.0000,4062.6000,4063.0000,4063.2000,4064.0000,4065.0000,4,1,1,1,1,2,3,1,1,1
SF,IF2006,2020-02-19 13:13:00.400,4062.0000,23908,0,5464258920.000,0,-,-,-,-,4061.2000,4058.8000,4057.4000,4057.2000,4057.0000,4062.4000,4062.6000,4063.0000,4063.2000,4064.0000,4,1,1,1,1,2,2,3,1,1
SF,IF2006,2020-02-19 13:13:00.900,4062.0000,23908,0,5464258920.000,0,-,-,-,-,4061.2000,4058.8000,4057.4000,4057.2000,4057.0000,4062.2000,4062.4000,4063.0000,4063.2000,4064.0000,4,1,1,1,1,2,2,3,1,1
SF,IF2006,2020-02-19 13:13:02.400,4062.0000,23908,0,5464258920.000,0,-,-,-,-,4061.2000,4058.8000,4057.4000,4057.2000,4057.0000,4062.2000,4062.4000,4063.0000,4063.2000,4064.0000,4,1,1,1,1,2,2,3,1,1
SF,IF2006,2020-02-19 13:13:02.900,4062.0000,23908,0,5464258920.000,0,-,-,-,-,4061.2000,4058.8000,4057.4000,4057.2000,4057.0000,4062.2000,4062.4000,4063.0000,4063.2000,4064.0000,4,1,1,1,1,2,2,3,1,1
SF,IF2006,2020-02-19 13:13:05.400,4062.0000,23908,0,5464258920.000,0,-,-,-,-,4061.2000,4058.8000,4057.4000,4057.2000,4057.0000,4062.2000,4062.4000,4063.0000,4063.2000,4064.0000,4,1,1,1,1,2,2,1,1,1
SF,IF2006,2020-02-19 13:13:06.900,4062.0000,23908,0,5464258920.000,0,-,-,-,-,4061.2000,4058.8000,4057.4000,4057.2000,4057.0000,4062.2000,4062.4000,4063.0000,4063.2000,4064.0000,4,1,1,1,1,2,2,1,1,1
SF,IF2006,2020-02-19 13:13:11.900,4062.2000,23908,0,5465477580.000,1,0,1,空换,B,4061.2000,4058.8000,4057.4000,4057.2000,4057.0000,4062.2000,4062.4000,4063.0000,4063.2000,4064.0000,4,1,1,1,1,1,2,1,1,1
SF,IF2006,2020-02-19 13:13:12.400,4062.2000,23908,0,5465477580.000,0,-,-,-,-,4061.4000,4061.2000,4058.8000,4057.4000,4057.2000,4062.2000,4062.4000,4063.0000,4063.2000,4064.0000,2,4,1,1,1,1,2,1,1,1
SF,IF2006,2020-02-19 13:13:13.900,4062.2000,23908,0,5465477580.000,0,-,-,-,-,4062.0000,4061.4000,4061.2000,4058.8000,4057.4000,4062.2000,4062.4000,4063.0000,4063.2000,4064.0000,2,2,4,1,1,1,2,1,1,1
SF,IF2006,2020-02-19 13:13:15.400,4062.2000,23908,0,5465477580.000,0,-,-,-,-,4062.0000,4061.4000,4061.2000,4058.8000,4057.4000,4062.2000,4062.4000,4063.0000,4063.2000,4064.0000,2,2,4,1,1,1,1,1,1,1
SF,IF2006,2020-02-19 13:13:15.900,4062.2000,23908,0,5465477580.000,0,-,-,-,-,4062.0000,4061.4000,4061.2000,4058.8000,4057.4000,4062.4000,4063.0000,4063.2000,4064.0000,4066.0000,2,2,4,1,1,1,1,1,1,8
SF,IF2006,2020-02-19 13:13:16.400,4062.2000,23908,0,5465477580.000,0,-,-,-,-,4062.0000,4061.4000,4061.2000,4058.8000,4057.4000,4063.0000,4063.2000,4064.0000,4066.0000,4066.2000,2,2,4,1,1,1,1,1,8,2
SF,IF2006,2020-02-19 13:13:16.900,4062.2000,23908,0,5465477580.000,0,-,-,-,-,4062.0000,4061.4000,4061.2000,4058.8000,4057.4000,4062.8000,4063.0000,4063.2000,4064.0000,4066.0000,2,2,4,1,1,2,1,1,1,8
SF,IF2006,2020-02-19 13:13:17.400,4062.0000,23908,0,5467914780.000,2,1,1,空换,B,4061.4000,4061.2000,4058.8000,4057.4000,4057.2000,4062.0000,4062.8000,4063.0000,4063.2000,4064.0000,2,4,1,1,1,1,2,1,1,1
SF,IF2006,2020-02-19 13:13:17.900,4062.0000,23908,0,5469133380.000,1,0,1,空换,B,4061.4000,4061.2000,4058.8000,4057.4000,4057.2000,4062.8000,4063.0000,4063.2000,4064.0000,4066.0000,2,4,1,1,1,2,1,1,1,8
SF,IF2006,2020-02-19 13:13:18.400,4062.0000,23908,0,5469133380.000,0,-,-,-,-,4061.6000,4061.4000,4061.2000,4058.8000,4057.4000,4062.8000,4063.0000,4063.2000,4064.0000,4066.0000,6,2,4,1,1,2,1,1,1,8
SF,IF2006,2020-02-19 13:13:18.900,4062.0000,23908,0,5469133380.000,0,-,-,-,-,4061.8000,4061.6000,4061.2000,4058.8000,4057.4000,4062.8000,4063.0000,4063.2000,4064.0000,4066.0000,2,1,4,1,1,2,1,1,1,8
SF,IF2006,2020-02-19 13:13:19.900,4061.8000,23906,-2,5471570460.000,2,0,2,双平,B,4061.6000,4061.2000,4058.8000,4057.4000,4057.2000,4061.8000,4062.6000,4062.8000,4063.0000,4063.2000,1,4,1,1,1,1,1,2,1,1
SF,IF2006,2020-02-19 13:13:20.400,4061.8000,23906,0,5471570460.000,0,-,-,-,-,4061.2000,4058.8000,4057.4000,4057.2000,4057.0000,4061.8000,4062.6000,4062.8000,4063.0000,4063.2000,4,1,1,1,1,1,1,2,1,1
SF,IF2006,2020-02-19 13:13:21.900,4061.2000,23906,0,5475225540.000,3,1,2,空换,B,4061.2000,4058.8000,4057.4000,4057.2000,4057.0000,4061.8000,4062.6000,4062.8000,4063.0000,4063.2000,1,1,1,1,1,1,1,2,1,1
SF,IF2006,2020-02-19 13:13:22.400,4061.2000,23906,0,5476443900.000,1,0,1,空换,B,4061.4000,4058.8000,4057.4000,4057.2000,4057.0000,4061.8000,4062.6000,4062.8000,4063.0000,4063.2000,1,1,1,1,1,1,1,2,1,1
SF,IF2006,2020-02-19 13:13:22.900,4061.2000,23906,0,5476443900.000,0,-,-,-,-,4061.4000,4058.8000,4057.4000,4057.2000,4057.0000,4061.8000,4062.6000,4062.8000,4063.0000,4063.2000,1,1,1,1,1,1,1,2,1,1
SF,IF2006,2020-02-19 13:13:23.400,4061.8000,23906,0,5477662440.000,1,0,1,空换,B,4062.0000,4061.4000,4058.8000,4057.4000,4057.2000,4062.6000,4062.8000,4063.0000,4063.2000,4064.0000,1,1,1,1,1,1,2,1,1,1
SF,IF2006,2020-02-19 13:13:23.900,4061.8000,23906,0,5478880980.000,1,0,1,空换,B,4061.4000,4058.8000,4057.4000,4057.2000,4057.0000,4062.0000,4062.6000,4062.8000,4063.0000,4063.2000,1,1,1,1,1,1,1,2,1,1
SF,IF2006,2020-02-19 13:13:24.400,4061.8000,23906,0,5478880980.000,0,-,-,-,-,4061.4000,4058.8000,4057.4000,4057.2000,4057.0000,4061.8000,4062.0000,4062.6000,4063.0000,4063.2000,1,1,1,1,1,2,1,1,1,1
SF,IF2006,2020-02-19 13:13:24.900,4061.4000,23907,1,5480099400.000,1,1,0,双开,B,4058.8000,4057.4000,4057.2000,4057.0000,4056.6000,4061.8000,4062.0000,4062.6000,4063.0000,4063.2000,1,1,1,1,1,2,1,1,1,1
SF,IF2006,2020-02-19 13:13:25.400,4061.4000,23907,0,5480099400.000,0,-,-,-,-,4060.8000,4060.2000,4060.0000,4059.6000,4059.2000,4061.6000,4061.8000,4062.0000,4062.6000,4063.0000,5,2,3,1,1,1,2,1,1,1
SF,IF2006,2020-02-19 13:13:25.900,4061.4000,23907,0,5480099400.000,0,-,-,-,-,4060.2000,4060.0000,4059.2000,4059.0000,4058.8000,4061.8000,4062.0000,4062.6000,4063.0000,4063.2000,1,2,1,8,2,2,1,1,1,1
SF,IF2006,2020-02-19 13:13:26.400,4061.4000,23907,0,5480099400.000,0,-,-,-,-,4061.0000,4060.6000,4060.4000,4060.2000,4060.0000,4061.8000,4062.0000,4062.6000,4063.0000,4063.2000,5,5,5,1,2,2,1,1,1,1
SF,IF2006,2020-02-19 13:13:27.900,4061.4000,23907,0,5480099400.000,0,-,-,-,-,4060.6000,4060.4000,4060.2000,4060.0000,4059.2000,4061.8000,4062.0000,4062.6000,4063.0000,4063.2000,5,5,1,2,1,2,1,1,1,1
SF,IF2006,2020-02-19 13:13:28.400,4061.4000,23907,0,5480099400.000,0,-,-,-,-,4060.8000,4060.6000,4060.4000,4060.2000,4060.0000,4061.8000,4062.0000,4062.6000,4063.0000,4063.2000,7,5,3,1,2,2,1,1,1,1
SF,IF2006,2020-02-19 13:13:28.900,4061.4000,23907,0,5480099400.000,0,-,-,-,-,4060.8000,4060.6000,4060.4000,4060.2000,4060.0000,4061.0000,4061.8000,4062.0000,4062.6000,4063.0000,2,5,3,1,2,1,2,1,1,1
SF,IF2006,2020-02-19 13:13:29.400,4061.8000,23908,1,5482536240.000,2,1,1,多开,B,4061.0000,4060.8000,4060.6000,4060.4000,4060.2000,4061.8000,4062.0000,4062.6000,4063.0000,4063.2000,1,2,5,3,1,1,1,1,1,1
SF,IF2006,2020-02-19 13:13:29.900,4061.8000,23908,0,5482536240.000,0,-,-,-,-,4061.4000,4061.0000,4060.6000,4060.4000,4060.2000,4061.8000,4062.0000,4062.6000,4063.0000,4063.2000,1,1,5,3,1,1,1,1,1,1
SF,IF2006,2020-02-19 13:13:30.900,4061.4000,23908,0,5483754660.000,1,0,1,空换,B,4061.0000,4060.4000,4060.2000,4059.2000,4059.0000,4061.8000,4062.0000,4062.6000,4063.0000,4063.2000,1,3,1,1,6,1,1,1,1,1
SF,IF2006,2020-02-19 13:13:31.400,4061.4000,23908,0,5483754660.000,0,-,-,-,-,4061.0000,4060.4000,4059.2000,4059.0000,4058.8000,4061.8000,4062.0000,4062.6000,4063.0000,4063.2000,1,3,1,6,2,1,1,1,1,1
SF,IF2006,2020-02-19 13:13:33.400,4061.4000,23908,0,5483754660.000,0,-,-,-,-,4061.0000,4060.4000,4059.2000,4059.0000,4058.8000,4061.8000,4062.6000,4063.0000,4063.2000,4064.0000,1,3,1,6,2,1,1,1,1,1
SF,IF2006,2020-02-19 13:13:33.900,4061.4000,23909,1,5486191380.000,2,1,1,多开,B,4059.2000,4059.0000,4058.8000,4057.4000,4057.2000,4061.6000,4061.8000,4062.6000,4063.0000,4063.2000,1,5,2,1,1,1,1,1,1,1
SF,IF2006,2020-02-19 13:13:34.400,4061.4000,23909,0,5486191380.000,0,-,-,-,-,4060.0000,4059.8000,4059.4000,4059.2000,4059.0000,4061.4000,4061.6000,4062.6000,4063.0000,4063.2000,1,1,5,1,5,3,1,1,1,1
SF,IF2006,2020-02-19 13:13:34.900,4061.4000,23909,0,5486191380.000,0,-,-,-,-,4060.0000,4059.8000,4059.4000,4059.2000,4059.0000,4060.8000,4061.2000,4061.4000,4062.6000,4063.0000,2,1,5,1,5,1,1,2,1,1
SF,IF2006,2020-02-19 13:13:35.400,4061.4000,23909,0,5486191380.000,0,-,-,-,-,4060.0000,4059.8000,4059.4000,4059.2000,4059.0000,4061.2000,4061.4000,4062.6000,4063.0000,4063.2000,1,1,5,1,5,2,2,1,1,1
SF,IF2006,2020-02-19 13:13:35.900,4061.4000,23909,0,5486191380.000,0,-,-,-,-,4060.0000,4059.4000,4059.2000,4059.0000,4058.8000,4060.8000,4061.0000,4061.2000,4062.6000,4063.0000,1,3,1,5,2,2,2,1,1,1
SF,IF2006,2020-02-19 13:13:36.400,4061.4000,23909,0,5486191380.000,0,-,-,-,-,4060.0000,4059.4000,4059.0000,4058.8000,4057.4000,4060.8000,4061.0000,4061.2000,4062.6000,4063.0000,1,3,5,2,1,1,2,1,1,1
SF,IF2006,2020-02-19 13:13:36.900,4061.4000,23909,0,5486191380.000,0,-,-,-,-,4060.2000,4060.0000,4059.4000,4059.0000,4058.8000,4061.2000,4062.6000,4063.0000,4063.2000,4065.0000,2,1,1,5,2,1,1,1,1,1
SF,IF2006,2020-02-19 13:13:37.400,4061.4000,23909,0,5486191380.000,0,-,-,-,-,4060.0000,4059.4000,4059.0000,4058.8000,4057.4000,4060.8000,4061.0000,4062.6000,4063.0000,4063.2000,1,1,5,2,1,1,2,1,1,1
SF,IF2006,2020-02-19 13:13:37.900,4061.4000,23909,0,5486191380.000,0,-,-,-,-,4060.0000,4059.4000,4059.0000,4058.8000,4057.4000,4061.0000,4062.6000,4063.0000,4063.2000,4065.0000,1,1,5,2,1,2,1,1,1,1
SF,IF2006,2020-02-19 13:13:38.900,4061.4000,23909,0,5486191380.000,0,-,-,-,-,4060.0000,4059.4000,4059.0000,4058.8000,4057.4000,4060.8000,4061.0000,4062.6000,4063.0000,4063.2000,1,1,5,2,1,2,2,1,1,1
SF,IF2006,2020-02-19 13:13:39.400,4061.4000,23909,0,5486191380.000,0,-,-,-,-,4060.2000,4060.0000,4059.4000,4059.0000,4058.8000,4060.8000,4061.0000,4062.6000,4063.0000,4063.2000,2,1,1,5,2,2,2,1,1,1
SF,IF2006,2020-02-19 13:13:40.400,4060.8000,23911,2,5488627860.000,2,2,0,双开,B,4060.2000,4060.0000,4059.4000,4059.0000,4058.8000,4061.0000,4062.6000,4063.0000,4063.2000,4065.0000,2,1,1,5,2,2,1,1,1,1
SF,IF2006,2020-02-19 13:13:40.900,4060.8000,23911,0,5488627860.000,0,-,-,-,-,4060.4000,4060.2000,4060.0000,4059.0000,4058.8000,4062.6000,4063.0000,4063.2000,4065.0000,4066.0000,4,1,1,5,2,1,1,1,1,8
SF,IF2006,2020-02-19 13:13:41.400,4060.8000,23911,0,5488627860.000,0,-,-,-,-,4060.4000,4060.2000,4060.0000,4059.0000,4058.8000,4062.2000,4062.4000,4062.6000,4063.0000,4063.2000,3,1,1,5,2,1,5,1,1,1
SF,IF2006,2020-02-19 13:13:41.900,4060.8000,23911,0,5488627860.000,0,-,-,-,-,4060.6000,4060.4000,4060.2000,4060.0000,4059.0000,4062.0000,4062.2000,4062.4000,4062.6000,4063.0000,1,3,1,1,5,2,1,3,1,1
SF,IF2006,2020-02-19 13:13:42.400,4060.8000,23911,0,5488627860.000,0,-,-,-,-,4060.6000,4060.4000,4060.2000,4060.0000,4059.0000,4062.0000,4062.2000,4062.4000,4062.6000,4063.0000,1,1,1,1,5,2,1,3,1,1
SF,IF2006,2020-02-19 13:13:42.900,4060.8000,23911,0,5488627860.000,0,-,-,-,-,4060.6000,4060.4000,4060.2000,4060.0000,4059.0000,4062.0000,4062.2000,4062.4000,4062.6000,4063.0000,1,1,1,1,5,2,1,3,1,1
SF,IF2006,2020-02-19 13:13:43.400,4060.6000,23912,1,5489846040.000,1,1,0,双开,B,4060.4000,4060.2000,4060.0000,4059.0000,4058.8000,4061.8000,4062.0000,4062.4000,4063.0000,4063.2000,1,1,1,5,2,2,2,3,1,1
SF,IF2006,2020-02-19 13:13:43.900,4060.6000,23912,0,5489846040.000,0,-,-,-,-,4060.6000,4060.4000,4060.2000,4060.0000,4059.0000,4061.6000,4061.8000,4062.4000,4063.0000,4063.2000,1,1,1,1,5,2,3,3,1,1
SF,IF2006,2020-02-19 13:13:44.400,4060.6000,23912,0,5489846040.000,0,-,-,-,-,4060.4000,4060.2000,4060.0000,4059.0000,4058.8000,4061.6000,4061.8000,4062.4000,4063.0000,4063.2000,1,1,1,5,2,2,3,3,1,1
SF,IF2006,2020-02-19 13:13:44.900,4060.6000,23912,0,5489846040.000,0,-,-,-,-,4060.6000,4060.4000,4060.2000,4060.0000,4059.0000,4061.8000,4062.4000,4063.0000,4063.2000,4063.8000,2,1,1,1,5,3,3,1,1,1
SF,IF2006,2020-02-19 13:13:45.400,4060.6000,23912,0,5489846040.000,0,-,-,-,-,4060.6000,4060.4000,4060.2000,4060.0000,4059.0000,4061.6000,4061.8000,4062.4000,4063.0000,4063.2000,2,1,1,1,5,2,3,3,1,1
SF,IF2006,2020-02-19 13:13:47.900,4060.6000,23912,0,5489846040.000,0,-,-,-,-,4060.6000,4060.4000,4060.2000,4060.0000,4059.0000,4061.6000,4061.8000,4062.4000,4063.0000,4063.2000,2,1,1,1,5,2,3,3,1,1
SF,IF2006,2020-02-19 13:13:50.400,4060.6000,23912,0,5489846040.000,0,-,-,-,-,4060.6000,4060.2000,4060.0000,4059.0000,4058.8000,4061.6000,4061.8000,4062.4000,4063.0000,4063.2000,2,1,1,5,2,2,3,3,1,1
SF,IF2006,2020-02-19 13:13:50.900,4060.6000,23913,1,5491064220.000,1,1,0,双开,B,4060.0000,4059.0000,4058.8000,4057.4000,4057.2000,4061.6000,4061.8000,4062.4000,4063.0000,4063.2000,1,5,2,1,1,2,3,3,1,1
SF,IF2006,2020-02-19 13:13:51.400,4060.6000,23913,0,5491064220.000,0,-,-,-,-,4060.2000,4060.0000,4059.0000,4058.8000,4057.4000,4061.6000,4061.8000,4062.4000,4063.0000,4063.2000,2,1,5,2,1,2,3,3,1,1
SF,IF2006,2020-02-19 13:13:51.900,4060.6000,23913,0,5491064220.000,0,-,-,-,-,4060.2000,4060.0000,4059.0000,4058.8000,4057.4000,4061.4000,4061.6000,4061.8000,4062.4000,4063.0000,2,1,4,2,1,2,2,1,3,1
SF,IF2006,2020-02-19 13:13:52.400,4060.6000,23913,0,5491064220.000,0,-,-,-,-,4060.2000,4060.0000,4059.0000,4058.8000,4057.4000,4061.2000,4061.4000,4061.8000,4062.4000,4063.0000,2,1,4,2,1,2,2,1,3,1
SF,IF2006,2020-02-19 13:13:52.900,4060.2000,23913,0,5492282280.000,1,0,1,空换,B,4060.2000,4060.0000,4059.0000,4058.8000,4057.4000,4061.2000,4061.4000,4061.8000,4062.4000,4063.0000,1,1,4,2,1,3,2,1,3,1
SF,IF2006,2020-02-19 13:13:53.400,4060.2000,23913,0,5492282280.000,0,-,-,-,-,4060.0000,4059.0000,4058.8000,4057.4000,4057.2000,4061.2000,4061.4000,4061.8000,4062.4000,4063.0000,1,4,2,1,1,3,2,1,3,1
SF,IF2006,2020-02-19 13:13:53.900,4060.2000,23913,0,5492282280.000,0,-,-,-,-,4060.0000,4059.0000,4058.8000,4058.6000,4057.4000,4061.2000,4061.4000,4061.8000,4062.4000,4063.0000,1,4,2,1,1,3,2,1,3,1
SF,IF2006,2020-02-19 13:13:54.400,4060.2000,23913,0,5492282280.000,0,-,-,-,-,4060.0000,4059.0000,4058.8000,4058.6000,4057.4000,4061.0000,4061.2000,4061.8000,4062.4000,4063.0000,1,4,2,1,1,3,3,1,3,1
SF,IF2006,2020-02-19 13:13:54.900,4060.2000,23913,0,5493500340.000,1,0,1,空换,B,4060.2000,4059.0000,4058.8000,4058.6000,4057.4000,4061.0000,4061.2000,4061.8000,4062.4000,4063.0000,1,4,2,1,1,1,4,1,3,1
SF,IF2006,2020-02-19 13:13:55.400,4060.2000,23913,0,5493500340.000,0,-,-,-,-,4060.2000,4059.0000,4058.8000,4058.6000,4057.4000,4061.2000,4061.8000,4062.4000,4063.0000,4063.2000,1,4,2,1,1,2,1,3,1,1
SF,IF2006,2020-02-19 13:13:55.900,4060.2000,23913,0,5493500340.000,0,-,-,-,-,4059.0000,4058.8000,4058.6000,4057.4000,4057.2000,4061.2000,4061.8000,4062.4000,4063.0000,4063.2000,3,2,1,1,1,2,1,3,1,1
SF,IF2006,2020-02-19 13:13:56.400,4060.2000,23913,0,5493500340.000,0,-,-,-,-,4059.4000,4059.2000,4059.0000,4058.8000,4058.6000,4061.0000,4061.2000,4061.8000,4062.4000,4063.0000,6,10,3,2,1,1,2,1,2,1
SF,IF2006,2020-02-19 13:13:56.900,4060.2000,23913,0,5493500340.000,0,-,-,-,-,4059.6000,4059.4000,4059.2000,4059.0000,4058.8000,4060.8000,4061.0000,4062.4000,4063.0000,4063.2000,8,6,7,3,2,2,1,2,1,1
SF,IF2006,2020-02-19 13:13:57.400,4060.2000,23913,0,5493500340.000,0,-,-,-,-,4059.6000,4059.4000,4059.2000,4059.0000,4058.8000,4060.8000,4061.0000,4062.4000,4063.0000,4063.2000,8,5,6,3,2,3,6,2,1,1
SF,IF2006,2020-02-19 13:13:57.900,4060.2000,23913,0,5493500340.000,0,-,-,-,-,4059.6000,4059.4000,4059.2000,4059.0000,4058.8000,4060.8000,4061.0000,4062.4000,4063.0000,4063.2000,8,5,6,3,2,3,6,2,1,1
SF,IF2006,2020-02-19 13:13:58.400,4060.2000,23913,0,5493500340.000,0,-,-,-,-,4059.8000,4059.6000,4059.4000,4059.2000,4059.0000,4060.8000,4061.0000,4062.4000,4063.0000,4063.2000,4,8,5,5,3,2,6,2,1,1
SF,IF2006,2020-02-19 13:13:58.900,4059.8000,23914,1,5494718280.000,1,1,0,双开,B,4059.8000,4059.6000,4059.4000,4059.2000,4059.0000,4060.8000,4061.0000,4062.4000,4063.0000,4063.2000,3,8,5,5,3,2,6,2,1,1
SF,IF2006,2020-02-19 13:13:59.400,4059.8000,23915,1,5495936220.000,1,1,0,双开,B,4059.8000,4059.6000,4059.4000,4059.2000,4059.0000,4060.8000,4061.0000,4062.4000,4063.0000,4063.2000,3,8,5,5,3,2,6,2,1,1
SF,IF2006,2020-02-19 13:14:00.400,4059.8000,23915,0,5495936220.000,0,-,-,-,-,4059.8000,4059.6000,4059.4000,4059.2000,4059.0000,4060.8000,4061.0000,4062.4000,4063.0000,4063.2000,4,8,5,5,3,2,6,2,1,1
SF,IF2006,2020-02-19 13:14:00.900,4059.8000,23915,0,5495936220.000,0,-,-,-,-,4059.8000,4059.6000,4059.4000,4059.2000,4059.0000,4060.8000,4061.0000,4062.4000,4063.0000,4063.2000,3,8,5,5,3,2,6,2,1,1
SF,IF2006,2020-02-19 13:14:01.400,4059.8000,23915,0,5495936220.000,0,-,-,-,-,4059.8000,4059.6000,4059.2000,4059.0000,4058.8000,4060.8000,4061.0000,4062.4000,4063.0000,4063.2000,2,3,5,3,2,2,6,2,1,1
SF,IF2006,2020-02-19 13:14:01.900,4059.8000,23915,0,5495936220.000,0,-,-,-,-,4060.0000,4059.8000,4059.6000,4059.2000,4059.0000,4060.8000,4061.0000,4062.4000,4063.0000,4063.2000,2,2,3,5,3,2,6,2,1,1
SF,IF2006,2020-02-19 13:14:02.400,4060.8000,23914,-1,5497154460.000,1,0,1,双平,B,4060.0000,4059.8000,4059.6000,4059.2000,4059.0000,4060.8000,4061.0000,4062.4000,4063.0000,4063.2000,2,1,3,5,3,1,6,2,1,1
SF,IF2006,2020-02-19 13:14:02.900,4060.8000,23914,0,5497154460.000,0,-,-,-,-,4060.2000,4060.0000,4059.8000,4059.6000,4059.2000,4060.8000,4061.0000,4062.4000,4063.0000,4063.2000,1,2,1,3,5,1,6,2,1,1
SF,IF2006,2020-02-19 13:14:03.400,4060.8000,23914,0,5497154460.000,0,-,-,-,-,4060.2000,4060.0000,4059.8000,4059.6000,4059.2000,4061.0000,4062.4000,4063.0000,4063.2000,4063.6000,1,2,1,3,5,6,2,1,1,1
SF,IF2006,2020-02-19 13:14:08.900,4060.8000,23914,0,5497154460.000,0,-,-,-,-,4060.4000,4060.2000,4060.0000,4059.8000,4059.6000,4061.0000,4062.4000,4063.0000,4063.2000,4063.6000,1,1,2,1,3,6,2,1,1,1
SF,IF2006,2020-02-19 13:14:09.400,4060.8000,23914,0,5497154460.000,0,-,-,-,-,4060.4000,4060.0000,4059.8000,4059.6000,4059.0000,4061.0000,4062.4000,4063.0000,4063.2000,4063.6000,1,2,1,3,3,6,2,1,1,1
SF,IF2006,2020-02-19 13:14:09.900,4060.8000,23914,0,5497154460.000,0,-,-,-,-,4060.4000,4060.0000,4059.8000,4059.6000,4059.0000,4061.0000,4062.4000,4063.0000,4063.2000,4063.6000,1,1,1,3,3,6,2,1,1,1
SF,IF2006,2020-02-19 13:14:11.400,4060.8000,23914,0,5497154460.000,0,-,-,-,-,4060.0000,4059.8000,4059.6000,4059.0000,4058.8000,4061.0000,4062.4000,4063.0000,4063.2000,4063.6000,1,1,3,3,2,6,2,1,1,1
SF,IF2006,2020-02-19 13:14:11.900,4060.8000,23914,0,5497154460.000,0,-,-,-,-,4060.0000,4059.8000,4059.6000,4059.0000,4058.8000,4060.8000,4061.0000,4062.4000,4063.0000,4063.2000,1,1,3,3,2,2,6,2,1,1
SF,IF2006,2020-02-19 13:14:13.400,4060.8000,23914,0,5497154460.000,0,-,-,-,-,4060.0000,4059.8000,4059.6000,4059.0000,4058.8000,4060.8000,4061.0000,4062.4000,4063.0000,4063.2000,1,1,2,3,2,2,6,2,1,1
SF,IF2006,2020-02-19 13:14:14.400,4060.8000,23914,0,5497154460.000,0,-,-,-,-,4060.2000,4060.0000,4059.8000,4059.6000,4059.0000,4060.8000,4061.0000,4062.4000,4063.0000,4063.2000,1,1,1,2,3,2,6,2,1,1
SF,IF2006,2020-02-19 13:14:17.900,4060.8000,23914,0,5497154460.000,0,-,-,-,-,4060.2000,4060.0000,4059.8000,4059.6000,4059.0000,4060.8000,4061.0000,4062.4000,4063.0000,4063.2000,1,2,1,2,3,2,6,2,1,1
SF,IF2006,2020-02-19 13:14:20.400,4060.8000,23914,0,5497154460.000,0,-,-,-,-,4060.2000,4060.0000,4059.8000,4059.6000,4059.0000,4060.8000,4062.4000,4063.0000,4063.2000,4063.6000,1,2,1,2,3,2,2,1,1,1
SF,IF2006,2020-02-19 13:14:23.400,4060.8000,23914,0,5497154460.000,0,-,-,-,-,4060.0000,4059.8000,4059.6000,4059.0000,4058.8000,4060.8000,4062.4000,4063.0000,4063.2000,4063.6000,2,1,2,3,2,2,2,1,1,1
SF,IF2006,2020-02-19 13:14:29.900,4060.8000,23914,0,5497154460.000,0,-,-,-,-,4060.0000,4059.8000,4059.6000,4059.0000,4058.8000,4060.8000,4062.4000,4063.0000,4063.2000,4063.6000,2,1,2,3,2,2,2,1,1,1
SF,IF2006,2020-02-19 13:14:30.400,4060.8000,23914,0,5497154460.000,0,-,-,-,-,4060.0000,4059.8000,4059.6000,4059.0000,4058.8000,4060.8000,4061.8000,4062.4000,4063.0000,4063.2000,1,1,2,3,2,2,1,2,1,1
SF,IF2006,2020-02-19 13:14:30.900,4060.8000,23914,0,5497154460.000,0,-,-,-,-,4060.0000,4059.6000,4059.0000,4058.8000,4058.6000,4060.8000,4061.8000,4062.4000,4063.0000,4063.2000,1,2,2,2,1,2,1,2,1,1
SF,IF2006,2020-02-19 13:14:34.400,4060.8000,23914,0,5497154460.000,0,-,-,-,-,4060.0000,4059.6000,4059.0000,4058.8000,4058.6000,4060.8000,4061.8000,4062.0000,4062.4000,4063.0000,1,2,2,2,1,2,1,2,2,1
SF,IF2006,2020-02-19 13:14:34.900,4060.8000,23914,0,5497154460.000,0,-,-,-,-,4060.0000,4059.0000,4058.8000,4058.6000,4057.4000,4060.8000,4061.8000,4062.0000,4062.4000,4063.0000,1,2,2,1,1,2,1,2,2,1
SF,IF2006,2020-02-19 13:14:35.400,4060.8000,23914,0,5497154460.000,0,-,-,-,-,4060.0000,4059.0000,4058.8000,4058.6000,4057.4000,4060.6000,4060.8000,4061.8000,4062.0000,4062.4000,1,2,2,1,1,2,2,1,2,2
SF,IF2006,2020-02-19 13:14:35.900,4060.8000,23914,0,5497154460.000,0,-,-,-,-,4060.0000,4059.0000,4058.8000,4058.6000,4057.4000,4060.6000,4060.8000,4061.8000,4062.0000,4062.2000,1,2,2,1,1,2,2,1,2,2
SF,IF2006,2020-02-19 13:14:37.900,4060.0000,23915,1,5498372460.000,1,1,0,双开,B,4059.0000,4058.8000,4058.6000,4057.4000,4057.2000,4060.6000,4060.8000,4061.8000,4062.0000,4062.2000,2,2,1,1,1,2,2,1,2,2
SF,IF2006,2020-02-19 13:14:38.400,4060.0000,23915,0,5498372460.000,0,-,-,-,-,4059.0000,4058.8000,4058.6000,4057.4000,4057.2000,4060.4000,4060.6000,4061.8000,4062.0000,4062.2000,2,2,1,1,1,2,2,1,2,2
SF,IF2006,2020-02-19 13:14:38.900,4060.0000,23915,0,5498372460.000,0,-,-,-,-,4059.2000,4059.0000,4058.8000,4058.6000,4057.4000,4060.2000,4060.4000,4060.6000,4061.8000,4062.0000,2,2,2,1,1,1,4,1,1,2
SF,IF2006,2020-02-19 13:14:39.400,4059.2000,23915,0,5500807980.000,2,1,1,空换,B,4059.0000,4058.8000,4058.6000,4057.4000,4057.2000,4059.8000,4060.0000,4060.2000,4060.4000,4060.6000,2,2,1,1,1,1,3,1,1,1
SF,IF2006,2020-02-19 13:14:39.900,4059.2000,23915,0,5500807980.000,0,-,-,-,-,4059.4000,4058.8000,4058.6000,4057.4000,4057.2000,4059.6000,4059.8000,4060.0000,4060.2000,4060.4000,1,2,1,1,1,2,2,1,1,1
SF,IF2006,2020-02-19 13:14:40.400,4059.4000,23915,0,5502025800.000,1,0,1,空换,B,4058.8000,4058.6000,4057.4000,4057.2000,4057.0000,4059.2000,4059.4000,4059.8000,4060.4000,4060.6000,2,1,1,1,1,3,3,1,1,1
SF,IF2006,2020-02-19 13:14:40.900,4059.2000,23917,2,5505679080.000,3,2,1,多开,B,4058.8000,4058.6000,4057.4000,4057.2000,4057.0000,4060.6000,4061.8000,4062.0000,4062.2000,4062.4000,1,1,1,1,1,1,1,2,2,2
SF,IF2006,2020-02-19 13:14:41.400,4059.2000,23917,0,5505679080.000,0,-,-,-,-,4059.0000,4058.8000,4058.6000,4057.4000,4057.2000,4060.2000,4060.4000,4060.6000,4061.8000,4062.0000,2,1,1,1,1,1,3,1,1,2
SF,IF2006,2020-02-19 13:14:41.900,4059.2000,23917,0,5505679080.000,0,-,-,-,-,4059.0000,4058.8000,4058.6000,4057.4000,4057.2000,4060.0000,4060.2000,4060.4000,4060.6000,4061.8000,2,1,1,1,1,2,1,1,1,1
SF,IF2006,2020-02-19 13:14:42.400,4059.2000,23917,0,5505679080.000,0,-,-,-,-,4058.8000,4058.6000,4057.4000,4057.2000,4057.0000,4060.0000,4060.2000,4060.4000,4060.6000,4061.8000,1,1,1,1,1,2,1,1,1,1
SF,IF2006,2020-02-19 13:14:42.900,4059.2000,23917,0,5505679080.000,0,-,-,-,-,4059.0000,4058.8000,4058.6000,4057.4000,4057.2000,4060.0000,4060.2000,4060.4000,4060.6000,4061.8000,2,1,1,1,1,2,1,1,1,1
SF,IF2006,2020-02-19 13:14:43.900,4060.0000,23917,0,5506897080.000,1,0,1,空换,B,4059.0000,4058.8000,4058.6000,4057.4000,4057.2000,4060.0000,4060.2000,4060.4000,4060.6000,4061.8000,2,1,1,1,1,1,1,1,1,1
SF,IF2006,2020-02-19 13:14:44.900,4060.0000,23917,0,5506897080.000,0,-,-,-,-,4059.0000,4058.8000,4058.6000,4057.4000,4057.2000,4060.0000,4060.2000,4060.6000,4061.8000,4062.0000,2,1,1,1,1,1,1,1,1,2
SF,IF2006,2020-02-19 13:14:45.400,4059.0000,23915,-2,5509332480.000,2,0,2,双平,B,4058.8000,4058.6000,4057.4000,4057.2000,4057.0000,4059.0000,4060.0000,4060.2000,4060.6000,4061.8000,1,1,1,1,1,1,1,1,1,1
SF,IF2006,2020-02-19 13:14:45.900,4059.0000,23915,0,5510550180.000,1,0,1,空换,B,4059.2000,4058.8000,4058.6000,4057.4000,4057.2000,4059.8000,4060.0000,4060.6000,4061.8000,4062.0000,2,1,1,1,1,1,1,1,1,2
SF,IF2006,2020-02-19 13:14:46.400,4059.0000,23915,0,5510550180.000,0,-,-,-,-,4058.8000,4058.6000,4057.4000,4057.2000,4057.0000,4059.8000,4060.0000,4060.6000,4061.8000,4062.0000,1,1,1,1,1,1,1,1,1,2
SF,IF2006,2020-02-19 13:14:46.900,4059.0000,23915,0,5510550180.000,0,-,-,-,-,4058.8000,4058.6000,4057.4000,4057.2000,4057.0000,4059.6000,4059.8000,4060.0000,4060.6000,4061.8000,1,1,1,1,1,1,1,1,1,1
SF,IF2006,2020-02-19 13:14:48.900,4059.8000,23916,1,5512986000.000,2,1,1,多开,B,4059.6000,4059.0000,4058.8000,4058.6000,4057.4000,4060.0000,4060.6000,4061.8000,4062.0000,4062.2000,1,2,1,1,1,1,1,1,2,2
SF,IF2006,2020-02-19 13:14:49.400,4060.0000,23916,0,5514204000.000,1,0,1,空换,B,4060.0000,4059.8000,4059.0000,4058.8000,4058.6000,4060.6000,4061.8000,4062.0000,4062.2000,4063.0000,1,2,1,1,1,1,1,2,2,1
SF,IF2006,2020-02-19 13:14:49.900,4060.0000,23917,1,5515422000.000,1,1,0,双开,B,4060.0000,4059.8000,4059.0000,4058.8000,4058.6000,4060.6000,4061.8000,4062.0000,4062.2000,4063.0000,1,2,2,1,1,1,1,2,2,1
SF,IF2006,2020-02-19 13:14:50.400,4060.0000,23917,0,5515422000.000,0,-,-,-,-,4059.0000,4058.8000,4058.6000,4057.4000,4057.2000,4059.6000,4060.6000,4061.8000,4062.0000,4062.2000,1,1,1,1,1,1,1,1,2,2
SF,IF2006,2020-02-19 13:14:50.900,4059.8000,23917,0,5516639940.000,1,0,1,空换,B,4059.8000,4059.6000,4059.2000,4059.0000,4058.8000,4060.6000,4061.8000,4062.0000,4062.2000,4063.0000,1,2,5,1,1,1,1,2,2,1
SF,IF2006,2020-02-19 13:14:51.400,4059.8000,23917,0,5516639940.000,0,-,-,-,-,4059.6000,4059.2000,4059.0000,4058.8000,4058.6000,4060.4000,4060.6000,4061.8000,4062.0000,4062.2000,2,3,1,1,1,2,1,1,2,2
SF,IF2006,2020-02-19 13:14:52.400,4059.8000,23917,0,5516639940.000,0,-,-,-,-,4059.6000,4059.2000,4059.0000,4058.8000,4058.6000,4060.4000,4061.8000,4062.0000,4062.2000,4063.0000,2,3,1,1,1,2,1,2,2,1
SF,IF2006,2020-02-19 13:14:52.900,4059.8000,23917,0,5516639940.000,0,-,-,-,-,4059.6000,4059.2000,4059.0000,4058.8000,4058.6000,4061.8000,4062.0000,4062.2000,4063.0000,4063.2000,2,3,1,1,1,1,2,2,1,1
SF,IF2006,2020-02-19 13:14:53.400,4059.8000,23917,0,5516639940.000,0,-,-,-,-,4059.8000,4059.6000,4059.2000,4059.0000,4058.8000,4060.0000,4060.8000,4061.2000,4061.6000,4061.8000,2,2,2,1,1,1,1,2,5,1
SF,IF2006,2020-02-19 13:14:53.900,4060.0000,23918,1,5517857940.000,1,1,0,双开,B,4059.6000,4059.2000,4059.0000,4058.8000,4058.6000,4060.8000,4061.2000,4061.6000,4061.8000,4062.0000,2,2,1,1,1,1,1,5,1,2
SF,IF2006,2020-02-19 13:14:54.400,4060.0000,23918,0,5517857940.000,0,-,-,-,-,4059.8000,4059.6000,4059.2000,4059.0000,4058.8000,4060.8000,4061.2000,4061.6000,4061.8000,4062.0000,2,2,2,1,1,1,1,3,1,2
SF,IF2006,2020-02-19 13:14:54.900,4060.0000,23918,0,5517857940.000,0,-,-,-,-,4059.8000,4059.6000,4059.2000,4059.0000,4058.8000,4060.6000,4060.8000,4061.2000,4061.6000,4061.8000,2,2,2,1,1,2,1,1,3,1
SF,IF2006,2020-02-19 13:14:56.400,4060.0000,23918,0,5517857940.000,0,-,-,-,-,4059.8000,4059.6000,4059.2000,4059.0000,4058.8000,4060.8000,4061.2000,4061.6000,4061.8000,4062.0000,2,2,2,1,1,1,1,3,1,2
SF,IF2006,2020-02-19 13:14:56.900,4060.0000,23918,0,5517857940.000,0,-,-,-,-,4059.2000,4059.0000,4058.8000,4058.6000,4058.2000,4060.6000,4060.8000,4061.2000,4061.6000,4061.8000,2,1,1,1,1,2,1,1,1,1
SF,IF2006,2020-02-19 13:14:57.400,4060.0000,23918,0,5517857940.000,0,-,-,-,-,4059.4000,4059.2000,4059.0000,4058.8000,4058.6000,4060.6000,4060.8000,4061.2000,4061.6000,4061.8000,2,2,1,1,1,2,1,1,1,1
SF,IF2006,2020-02-19 13:14:57.900,4060.0000,23918,0,5517857940.000,0,-,-,-,-,4059.2000,4059.0000,4058.8000,4058.6000,4058.2000,4060.4000,4060.6000,4060.8000,4061.2000,4061.6000,2,1,1,1,1,1,2,1,1,1
SF,IF2006,2020-02-19 13:14:58.400,4060.0000,23918,0,5517857940.000,0,-,-,-,-,4059.0000,4058.8000,4058.6000,4058.2000,4057.4000,4059.8000,4060.2000,4060.4000,4060.8000,4061.2000,1,1,1,1,1,1,2,1,1,1
SF,IF2006,2020-02-19 13:14:58.900,4060.0000,23918,0,5517857940.000,0,-,-,-,-,4058.8000,4058.6000,4058.2000,4057.4000,4057.2000,4059.8000,4060.2000,4060.4000,4061.2000,4061.6000,1,1,1,1,1,1,2,1,1,1
SF,IF2006,2020-02-19 13:15:00.400,4059.8000,23918,0,5519075880.000,1,0,1,空换,B,4058.8000,4058.6000,4058.2000,4057.4000,4057.2000,4060.2000,4060.4000,4061.2000,4061.6000,4061.8000,1,1,1,1,1,2,1,1,1,1
SF,IF2006,2020-02-19 13:15:00.900,4059.8000,23918,0,5519075880.000,0,-,-,-,-,4058.8000,4058.6000,4058.2000,4057.4000,4057.2000,4060.0000,4060.2000,4060.4000,4061.2000,4061.6000,1,1,1,1,1,2,2,1,1,1
SF,IF2006,2020-02-19 13:15:01.400,4059.8000,23918,0,5519075880.000,0,-,-,-,-,4059.0000,4058.8000,4058.6000,4058.2000,4057.4000,4059.8000,4060.0000,4061.2000,4061.6000,4061.8000,2,1,1,1,1,4,3,1,1,1
SF,IF2006,2020-02-19 13:15:01.900,4059.8000,23918,0,5519075880.000,0,-,-,-,-,4059.0000,4058.8000,4058.6000,4058.2000,4057.4000,4059.8000,4060.0000,4061.2000,4061.6000,4061.8000,2,1,1,1,1,3,3,1,1,1
SF,IF2006,2020-02-19 13:15:02.400,4059.0000,23917,-1,5520293580.000,1,0,1,双平,B,4059.0000,4058.8000,4058.6000,4058.2000,4057.4000,4059.8000,4060.0000,4061.2000,4061.6000,4061.8000,1,1,1,1,1,2,3,1,1,1
SF,IF2006,2020-02-19 13:15:02.900,4059.0000,23917,0,5520293580.000,0,-,-,-,-,4058.8000,4058.6000,4058.2000,4057.4000,4057.2000,4059.8000,4060.0000,4061.2000,4061.6000,4061.8000,1,1,1,1,1,2,2,1,1,1
SF,IF2006,2020-02-19 13:15:03.400,4059.0000,23917,0,5520293580.000,0,-,-,-,-,4058.8000,4058.6000,4058.2000,4057.4000,4057.2000,4059.6000,4059.8000,4060.0000,4061.2000,4061.6000,1,1,1,1,1,2,2,2,1,1
SF,IF2006,2020-02-19 13:15:05.400,4059.0000,23917,0,5520293580.000,0,-,-,-,-,4058.8000,4058.6000,4058.2000,4057.4000,4057.2000,4059.8000,4060.0000,4061.2000,4061.6000,4061.8000,1,1,1,1,1,2,2,1,1,1
SF,IF2006,2020-02-19 13:15:05.900,4059.0000,23917,0,5520293580.000,0,-,-,-,-,4059.0000,4058.8000,4058.6000,4058.2000,4057.4000,4059.8000,4060.0000,4061.2000,4061.6000,4061.8000,1,1,1,1,1,2,2,1,1,1
SF,IF2006,2020-02-19 13:15:06.400,4059.0000,23917,0,5520293580.000,0,-,-,-,-,4059.0000,4058.8000,4058.6000,4058.2000,4057.4000,4059.8000,4060.0000,4061.2000,4061.6000,4061.8000,1,1,1,1,1,2,2,1,1,1
SF,IF2006,2020-02-19 13:15:06.900,4059.0000,23917,0,5520293580.000,0,-,-,-,-,4059.6000,4059.0000,4058.8000,4058.6000,4058.2000,4059.8000,4060.0000,4061.2000,4061.6000,4061.8000,1,1,1,1,1,2,2,1,1,1
SF,IF2006,2020-02-19 13:15:07.400,4059.6000,23917,0,5521511460.000,1,0,1,空换,B,4059.0000,4058.8000,4058.6000,4058.2000,4057.4000,4059.8000,4060.0000,4061.2000,4061.6000,4061.8000,1,1,1,1,1,2,2,1,1,1
SF,IF2006,2020-02-19 13:15:08.400,4059.6000,23917,0,5521511460.000,0,-,-,-,-,4059.0000,4058.8000,4058.6000,4058.2000,4057.4000,4059.6000,4059.8000,4060.0000,4061.2000,4061.6000,1,1,1,1,1,1,2,2,1,1
SF,IF2006,2020-02-19 13:15:08.900,4059.6000,23917,0,5521511460.000,0,-,-,-,-,4059.2000,4059.0000,4058.8000,4058.6000,4058.2000,4059.6000,4059.8000,4060.0000,4061.2000,4061.6000,1,1,1,1,1,1,2,2,1,1
SF,IF2006,2020-02-19 13:15:09.400,4059.6000,23917,0,5521511460.000,0,-,-,-,-,4059.2000,4059.0000,4058.8000,4058.6000,4058.2000,4059.8000,4060.0000,4061.2000,4061.6000,4061.8000,1,2,1,1,1,2,2,1,1,1
SF,IF2006,2020-02-19 13:15:10.400,4059.6000,23917,0,5521511460.000,0,-,-,-,-,4059.2000,4059.0000,4058.8000,4058.6000,4058.2000,4059.8000,4060.0000,4061.2000,4061.6000,4061.8000,1,2,1,1,1,2,2,1,1,1
SF,IF2006,2020-02-19 13:15:11.400,4059.2000,23916,-1,5522729220.000,1,0,1,双平,B,4059.0000,4058.8000,4058.6000,4058.2000,4058.0000,4059.8000,4060.0000,4061.2000,4061.6000,4061.8000,2,1,1,1,1,2,2,1,1,1
SF,IF2006,2020-02-19 13:15:12.400,4059.0000,23916,0,5523946920.000,1,0,1,空换,B,4059.0000,4058.8000,4058.6000,4058.2000,4058.0000,4059.8000,4060.0000,4061.2000,4061.6000,4061.8000,1,1,1,1,1,2,2,1,1,1
SF,IF2006,2020-02-19 13:15:13.400,4059.0000,23915,-1,5525164620.000,1,0,1,双平,B,4058.8000,4058.6000,4058.2000,4058.0000,4057.4000,4059.0000,4059.8000,4060.0000,4061.2000,4061.6000,1,1,1,1,1,1,2,2,1,1
SF,IF2006,2020-02-19 13:15:13.900,4059.0000,23915,0,5527600020.000,2,1,1,空换,B,4058.8000,4058.6000,4058.2000,4058.0000,4057.4000,4059.8000,4060.0000,4061.2000,4061.6000,4061.8000,1,1,1,1,1,2,2,1,1,1
SF,IF2006,2020-02-19 13:15:15.400,4059.0000,23915,0,5527600020.000,0,-,-,-,-,4058.8000,4058.6000,4058.2000,4058.0000,4057.4000,4059.8000,4060.0000,4061.2000,4061.6000,4061.8000,1,1,1,1,1,3,2,1,1,1
SF,IF2006,2020-02-19 13:15:16.400,4058.8000,23916,1,5528817660.000,1,1,0,双开,B,4058.6000,4058.2000,4058.0000,4057.4000,4057.2000,4059.6000,4059.8000,4060.0000,4061.2000,4061.6000,1,1,1,1,1,1,2,2,1,1
SF,IF2006,2020-02-19 13:15:16.900,4058.8000,23916,0,5528817660.000,0,-,-,-,-,4058.6000,4058.2000,4058.0000,4057.4000,4057.2000,4059.4000,4059.6000,4061.2000,4061.6000,4061.8000,1,1,1,1,1,3,2,1,1,1
SF,IF2006,2020-02-19 13:15:17.400,4058.8000,23916,0,5528817660.000,0,-,-,-,-,4058.6000,4058.2000,4058.0000,4057.4000,4057.2000,4059.2000,4059.4000,4059.6000,4061.2000,4061.6000,1,1,1,1,1,1,3,1,1,1
SF,IF2006,2020-02-19 13:15:17.900,4058.6000,23917,1,5530035240.000,1,1,0,双开,B,4058.2000,4058.0000,4057.4000,4057.2000,4057.0000,4059.0000,4059.2000,4059.4000,4059.6000,4061.2000,1,1,1,1,1,2,1,1,1,1
SF,IF2006,2020-02-19 13:15:18.900,4058.6000,23917,0,5530035240.000,0,-,-,-,-,4058.2000,4058.0000,4057.4000,4057.2000,4057.0000,4059.0000,4059.2000,4059.4000,4061.2000,4061.6000,1,1,1,1,1,2,1,1,1,1
SF,IF2006,2020-02-19 13:15:21.900,4058.6000,23917,0,5530035240.000,0,-,-,-,-,4058.2000,4058.0000,4057.4000,4057.2000,4057.0000,4059.0000,4059.4000,4060.4000,4061.2000,4061.6000,1,1,1,1,1,2,1,1,1,1
SF,IF2006,2020-02-19 13:15:28.400,4058.2000,23917,0,5531252700.000,1,0,1,空换,B,4058.0000,4057.4000,4057.2000,4057.0000,4056.6000,4059.0000,4060.4000,4061.2000,4061.6000,4061.8000,1,1,1,1,1,2,1,1,1,1
SF,IF2006,2020-02-19 13:15:28.900,4058.2000,23917,0,5531252700.000,0,-,-,-,-,4058.2000,4058.0000,4057.4000,4057.2000,4057.0000,4059.0000,4060.4000,4061.2000,4061.6000,4061.8000,5,1,1,1,1,2,1,1,1,1
SF,IF2006,2020-02-19 13:15:29.400,4059.0000,23917,0,5533687860.000,2,1,1,空换,B,4058.0000,4057.4000,4057.2000,4057.0000,4056.6000,4059.0000,4060.4000,4061.2000,4061.6000,4061.8000,1,1,1,1,1,1,1,1,1,1
SF,IF2006,2020-02-19 13:15:30.900,4059.0000,23917,0,5533687860.000,0,-,-,-,-,4058.0000,4057.4000,4057.2000,4057.0000,4056.6000,4058.2000,4059.0000,4060.4000,4061.2000,4061.6000,1,1,1,1,1,1,1,1,1,1
SF,IF2006,2020-02-19 13:15:31.400,4058.2000,23917,0,5534905320.000,1,0,1,空换,B,4058.0000,4057.4000,4057.2000,4057.0000,4056.6000,4059.0000,4060.4000,4061.2000,4061.6000,4061.8000,1,1,1,1,1,1,1,1,1,1
SF,IF2006,2020-02-19 13:15:32.400,4058.0000,23917,0,5536122720.000,1,0,1,空换,B,4057.4000,4057.2000,4057.0000,4056.6000,4056.0000,4058.8000,4059.0000,4060.4000,4061.2000,4061.6000,1,1,1,1,1,1,1,1,1,1
SF,IF2006,2020-02-19 13:15:32.900,4057.6000,23916,-1,5537340000.000,1,0,1,双平,B,4057.6000,4057.4000,4057.2000,4057.0000,4056.6000,4058.6000,4058.8000,4060.4000,4061.2000,4061.6000,1,1,1,1,1,2,1,1,1,1
SF,IF2006,2020-02-19 13:15:33.400,4057.6000,23915,-1,5538557280.000,1,0,1,双平,B,4057.4000,4057.2000,4057.0000,4056.6000,4056.0000,4058.6000,4058.8000,4060.4000,4061.2000,4061.6000,1,1,1,1,1,2,1,1,1,1
SF,IF2006,2020-02-19 13:15:33.900,4057.6000,23915,0,5538557280.000,0,-,-,-,-,4057.6000,4057.4000,4057.2000,4057.0000,4056.6000,4058.6000,4060.4000,4061.2000,4061.6000,4061.8000,1,1,1,1,1,2,1,1,1,1
SF,IF2006,2020-02-19 13:15:34.400,4057.6000,23915,0,5538557280.000,0,-,-,-,-,4057.4000,4057.2000,4057.0000,4056.6000,4056.0000,4058.6000,4060.4000,4061.2000,4061.6000,4061.8000,1,1,1,1,1,2,1,1,1,1
SF,IF2006,2020-02-19 13:15:34.900,4057.6000,23915,0,5538557280.000,0,-,-,-,-,4057.4000,4057.2000,4057.0000,4056.6000,4056.0000,4058.6000,4060.4000,4061.6000,4061.8000,4062.0000,1,1,1,1,1,3,1,1,1,2
SF,IF2006,2020-02-19 13:15:35.400,4057.6000,23915,0,5538557280.000,0,-,-,-,-,4057.6000,4057.4000,4057.2000,4057.0000,4056.6000,4058.6000,4060.4000,4061.6000,4061.8000,4062.0000,2,1,1,1,1,3,1,1,1,2
SF,IF2006,2020-02-19 13:15:35.900,4057.6000,23915,0,5538557280.000,0,-,-,-,-,4057.6000,4057.4000,4057.2000,4057.0000,4056.6000,4058.6000,4060.4000,4061.6000,4061.8000,4062.0000,2,1,1,1,1,3,1,1,1,2
SF,IF2006,2020-02-19 13:15:36.400,4057.6000,23915,0,5538557280.000,0,-,-,-,-,4057.8000,4057.6000,4057.4000,4057.2000,4057.0000,4058.6000,4060.4000,4061.6000,4061.8000,4062.0000,1,2,1,1,1,3,1,1,1,2
SF,IF2006,2020-02-19 13:15:36.900,4057.6000,23915,0,5538557280.000,0,-,-,-,-,4057.6000,4057.4000,4057.2000,4057.0000,4056.6000,4058.6000,4060.4000,4061.6000,4061.8000,4062.0000,2,1,1,1,1,2,1,1,1,2
SF,IF2006,2020-02-19 13:15:37.400,4057.6000,23915,0,5538557280.000,0,-,-,-,-,4057.6000,4057.4000,4057.2000,4057.0000,4056.6000,4058.6000,4060.4000,4061.6000,4061.8000,4062.0000,1,1,1,1,1,2,1,1,1,2
SF,IF2006,2020-02-19 13:15:39.400,4057.6000,23915,0,5538557280.000,0,-,-,-,-,4057.6000,4057.4000,4057.2000,4057.0000,4056.6000,4058.6000,4060.4000,4061.6000,4061.8000,4062.0000,2,1,1,1,1,2,1,1,1,2
SF,IF2006,2020-02-19 13:15:40.400,4057.6000,23914,-1,5540991840.000,2,0,2,空平,B,4057.4000,4057.2000,4057.0000,4056.6000,4056.0000,4057.6000,4058.6000,4060.4000,4061.6000,4061.8000,1,1,1,1,1,2,2,1,1,1
SF,IF2006,2020-02-19 13:15:40.900,4057.6000,23913,-1,5543426400.000,2,0,2,空平,B,4057.8000,4057.6000,4057.4000,4057.2000,4057.0000,4058.6000,4060.4000,4061.6000,4061.8000,4062.0000,1,7,1,1,1,2,1,1,1,2
SF,IF2006,2020-02-19 13:15:41.400,4057.6000,23913,0,5543426400.000,0,-,-,-,-,4057.6000,4057.4000,4057.2000,4057.0000,4056.6000,4058.6000,4060.4000,4061.6000,4061.8000,4062.0000,2,1,1,1,1,2,1,1,1,2
SF,IF2006,2020-02-19 13:15:41.900,4057.6000,23913,0,5543426400.000,0,-,-,-,-,4057.6000,4057.4000,4057.2000,4057.0000,4056.6000,4058.4000,4058.6000,4060.4000,4061.6000,4061.8000,2,1,1,1,1,1,2,1,1,1
SF,IF2006,2020-02-19 13:15:44.900,4057.6000,23913,0,5543426400.000,0,-,-,-,-,4057.6000,4057.4000,4057.2000,4057.0000,4056.6000,4058.4000,4058.6000,4060.4000,4061.6000,4061.8000,2,1,1,1,1,1,2,1,1,1
SF,IF2006,2020-02-19 13:15:46.400,4057.6000,23913,0,5544643680.000,1,0,1,空换,B,4057.6000,4057.4000,4057.2000,4057.0000,4056.6000,4058.4000,4058.6000,4060.4000,4061.6000,4061.8000,1,1,1,1,1,1,2,1,1,1
SF,IF2006,2020-02-19 13:15:49.400,4057.6000,23913,0,5544643680.000,0,-,-,-,-,4057.6000,4057.4000,4057.2000,4057.0000,4056.6000,4058.4000,4058.6000,4060.4000,4061.6000,4061.8000,1,1,1,1,1,1,2,1,1,1
SF,IF2006,2020-02-19 13:15:50.900,4057.6000,23913,0,5544643680.000,0,-,-,-,-,4057.6000,4057.4000,4057.2000,4057.0000,4056.6000,4058.4000,4058.6000,4060.4000,4061.6000,4061.8000,1,1,1,1,1,1,2,1,1,1
SF,IF2006,2020-02-19 13:15:56.900,4057.6000,23913,0,5544643680.000,0,-,-,-,-,4057.6000,4057.4000,4057.2000,4057.0000,4056.6000,4058.4000,4058.6000,4060.4000,4061.6000,4061.8000,1,1,1,1,1,1,2,1,1,1
SF,IF2006,2020-02-19 13:15:57.400,4057.6000,23913,0,5544643680.000,0,-,-,-,-,4057.6000,4057.4000,4057.2000,4057.0000,4056.6000,4058.6000,4060.4000,4061.6000,4061.8000,4062.0000,1,1,1,1,1,2,1,1,1,2
SF,IF2006,2020-02-19 13:15:58.900,4057.6000,23913,0,5544643680.000,0,-,-,-,-,4057.8000,4057.6000,4057.4000,4057.2000,4057.0000,4058.6000,4060.4000,4061.6000,4061.8000,4062.0000,1,1,1,1,1,2,1,1,1,2
SF,IF2006,2020-02-19 13:15:59.900,4057.6000,23913,0,5544643680.000,0,-,-,-,-,4057.6000,4057.4000,4057.2000,4057.0000,4056.6000,4058.6000,4060.4000,4061.6000,4061.8000,4062.0000,1,1,1,1,1,2,1,1,1,2
SF,IF2006,2020-02-19 13:16:00.400,4057.6000,23913,0,5544643680.000,0,-,-,-,-,4057.8000,4057.6000,4057.4000,4057.2000,4057.0000,4058.6000,4060.4000,4061.6000,4061.8000,4062.0000,1,1,1,1,1,2,1,1,1,2
SF,IF2006,2020-02-19 13:16:00.900,4057.6000,23913,0,5544643680.000,0,-,-,-,-,4057.6000,4057.4000,4057.2000,4057.0000,4056.6000,4058.4000,4058.6000,4060.4000,4061.6000,4061.8000,1,1,1,1,1,1,2,1,1,1
SF,IF2006,2020-02-19 13:16:01.400,4057.6000,23913,0,5544643680.000,0,-,-,-,-,4057.6000,4057.4000,4057.2000,4057.0000,4056.6000,4058.2000,4058.4000,4060.4000,4061.6000,4061.8000,1,1,1,1,1,2,1,1,1,1
SF,IF2006,2020-02-19 13:16:02.900,4057.6000,23913,0,5544643680.000,0,-,-,-,-,4057.6000,4057.4000,4057.2000,4057.0000,4056.6000,4058.0000,4058.2000,4060.4000,4061.6000,4061.8000,1,1,1,1,1,1,2,1,1,1
SF,IF2006,2020-02-19 13:16:04.400,4057.6000,23913,0,5544643680.000,0,-,-,-,-,4057.6000,4057.4000,4057.2000,4057.0000,4056.6000,4058.2000,4060.4000,4061.6000,4061.8000,4062.0000,1,1,1,1,1,2,1,1,1,2
SF,IF2006,2020-02-19 13:16:05.900,4057.6000,23913,0,5544643680.000,0,-,-,-,-,4058.0000,4057.6000,4057.4000,4057.2000,4057.0000,4058.2000,4060.4000,4061.6000,4061.8000,4062.0000,1,1,1,1,1,2,1,1,1,2
SF,IF2006,2020-02-19 13:16:06.400,4057.6000,23913,0,5544643680.000,0,-,-,-,-,4058.2000,4058.0000,4057.6000,4057.4000,4057.2000,4060.4000,4061.6000,4061.8000,4062.0000,4062.2000,1,1,1,1,1,1,1,1,2,2
SF,IF2006,2020-02-19 13:16:06.900,4057.6000,23913,0,5544643680.000,0,-,-,-,-,4058.2000,4058.0000,4057.6000,4057.4000,4057.2000,4059.4000,4059.8000,4060.2000,4060.4000,4061.8000,1,1,1,1,1,2,1,5,1,1
SF,IF2006,2020-02-19 13:16:07.400,4058.0000,23912,-1,5547078480.000,2,0,2,空平,B,4057.6000,4057.4000,4057.2000,4057.0000,4056.6000,4058.0000,4059.0000,4059.2000,4059.4000,4059.8000,1,1,1,1,1,2,1,2,1,1
SF,IF2006,2020-02-19 13:16:07.900,4058.0000,23912,0,5547078480.000,0,-,-,-,-,4057.6000,4057.4000,4057.2000,4057.0000,4056.6000,4058.0000,4059.2000,4059.8000,4060.2000,4060.4000,1,1,1,1,1,2,3,1,3,1
SF,IF2006,2020-02-19 13:16:08.900,4058.0000,23912,0,5548295880.000,1,0,1,空换,B,4057.6000,4057.4000,4057.2000,4057.0000,4056.6000,4058.0000,4059.2000,4059.8000,4060.2000,4060.4000,1,1,1,1,1,1,3,1,3,1
SF,IF2006,2020-02-19 13:16:09.400,4058.0000,23911,-1,5549513280.000,1,0,1,双平,B,4057.6000,4057.4000,4057.2000,4057.0000,4056.6000,4059.2000,4059.8000,4060.2000,4060.4000,4061.8000,1,1,1,1,1,3,1,3,1,1
SF,IF2006,2020-02-19 13:16:09.900,4058.0000,23911,0,5549513280.000,0,-,-,-,-,4058.0000,4057.6000,4057.4000,4057.2000,4057.0000,4059.0000,4059.2000,4059.8000,4060.2000,4060.4000,1,1,1,1,1,2,3,1,3,1
SF,IF2006,2020-02-19 13:16:10.400,4058.0000,23911,0,5549513280.000,0,-,-,-,-,4058.0000,4057.6000,4057.4000,4057.2000,4057.0000,4058.6000,4058.8000,4059.0000,4059.2000,4059.8000,1,1,1,1,1,1,2,2,1,1
SF,IF2006,2020-02-19 13:16:10.900,4058.0000,23911,0,5550730680.000,1,0,1,空换,B,4057.6000,4057.4000,4057.2000,4057.0000,4056.6000,4058.4000,4058.6000,4059.0000,4059.2000,4059.8000,1,1,1,1,1,2,1,2,1,1
SF,IF2006,2020-02-19 13:16:11.400,4058.0000,23911,0,5550730680.000,0,-,-,-,-,4057.8000,4057.6000,4057.4000,4057.2000,4057.0000,4058.4000,4058.6000,4059.0000,4059.2000,4059.8000,5,1,1,1,1,2,1,2,1,1
SF,IF2006,2020-02-19 13:16:11.900,4058.4000,23910,-1,5551948200.000,1,0,1,双平,B,4057.6000,4057.4000,4057.2000,4057.0000,4056.6000,4058.4000,4059.0000,4059.2000,4059.8000,4060.2000,1,1,1,1,1,1,1,1,1,3
SF,IF2006,2020-02-19 13:16:12.900,4058.4000,23910,0,5551948200.000,0,-,-,-,-,4057.6000,4057.4000,4057.2000,4057.0000,4056.6000,4058.2000,4058.4000,4059.0000,4059.2000,4059.8000,1,1,1,1,1,2,1,1,1,1
SF,IF2006,2020-02-19 13:16:13.400,4058.4000,23910,0,5551948200.000,0,-,-,-,-,4057.6000,4057.4000,4057.2000,4057.0000,4056.6000,4058.0000,4058.2000,4059.8000,4060.2000,4060.4000,1,1,1,1,1,2,5,1,3,1
SF,IF2006,2020-02-19 13:16:14.400,4057.2000,23911,1,5556817140.000,4,2,2,多开,B,4057.0000,4056.6000,4056.0000,4055.4000,4055.0000,4058.0000,4058.2000,4059.8000,4060.2000,4060.4000,1,1,4,1,5,2,5,1,3,1
SF,IF2006,2020-02-19 13:16:14.900,4057.0000,23911,0,5558034240.000,1,0,1,空换,B,4056.6000,4056.0000,4055.4000,4055.0000,4054.0000,4058.0000,4058.2000,4059.8000,4060.2000,4060.4000,1,4,1,5,1,2,4,1,3,1
SF,IF2006,2020-02-19 13:16:15.400,4057.0000,23911,0,5558034240.000,0,-,-,-,-,4056.6000,4056.0000,4055.4000,4055.0000,4054.0000,4057.8000,4058.0000,4058.2000,4059.8000,4060.2000,1,4,1,5,1,2,2,2,1,3
SF,IF2006,2020-02-19 13:16:15.900,4057.0000,23911,0,5558034240.000,0,-,-,-,-,4056.6000,4056.0000,4055.4000,4055.0000,4054.0000,4057.6000,4057.8000,4058.2000,4059.8000,4060.2000,1,4,1,5,1,2,2,2,1,3
SF,IF2006,2020-02-19 13:16:16.900,4057.0000,23911,0,5558034240.000,0,-,-,-,-,4056.6000,4056.0000,4055.4000,4055.0000,4054.0000,4057.6000,4057.8000,4059.8000,4060.2000,4060.4000,1,4,1,5,1,2,1,1,3,1
SF,IF2006,2020-02-19 13:16:17.400,4057.6000,23910,-1,5559251520.000,1,0,1,双平,B,4056.6000,4056.0000,4055.4000,4055.0000,4054.0000,4057.6000,4057.8000,4059.8000,4060.2000,4060.4000,1,4,1,5,1,1,1,1,3,1
SF,IF2006,2020-02-19 13:16:17.900,4056.6000,23910,0,5561685780.000,2,1,1,空换,B,4056.0000,4055.4000,4055.0000,4054.0000,4053.2000,4056.6000,4057.8000,4059.8000,4060.2000,4060.4000,4,1,5,1,1,3,1,1,3,1
SF,IF2006,2020-02-19 13:16:18.400,4056.6000,23910,0,5567770680.000,5,2,3,空换,B,4056.2000,4056.0000,4055.4000,4055.0000,4054.0000,4057.8000,4059.8000,4060.2000,4060.4000,4061.8000,2,5,1,5,1,1,1,3,1,1
SF,IF2006,2020-02-19 13:16:18.900,4056.6000,23910,0,5567770680.000,0,-,-,-,-,4056.4000,4056.2000,4056.0000,4055.4000,4055.0000,4057.6000,4057.8000,4059.8000,4060.2000,4060.4000,3,2,6,1,5,1,1,1,3,1
SF,IF2006,2020-02-19 13:16:19.400,4056.6000,23910,0,5567770680.000,0,-,-,-,-,4056.4000,4056.2000,4056.0000,4055.4000,4055.0000,4057.6000,4059.8000,4060.2000,4060.4000,4061.8000,3,2,6,1,5,1,1,3,1,1
SF,IF2006,2020-02-19 13:16:19.900,4056.6000,23910,0,5567770680.000,0,-,-,-,-,4056.4000,4056.2000,4056.0000,4055.4000,4055.0000,4056.6000,4057.6000,4059.8000,4060.2000,4060.4000,3,1,4,1,5,1,1,1,3,1
SF,IF2006,2020-02-19 13:16:20.400,4056.6000,23909,-1,5568987660.000,1,0,1,双平,B,4056.8000,4056.4000,4056.2000,4056.0000,4055.4000,4057.6000,4059.8000,4060.2000,4060.4000,4061.8000,1,3,1,4,1,1,1,3,1,1
SF,IF2006,2020-02-19 13:16:20.900,4056.6000,23909,0,5568987660.000,0,-,-,-,-,4056.4000,4056.2000,4056.0000,4055.4000,4055.0000,4057.6000,4059.8000,4060.2000,4060.4000,4061.8000,3,1,4,1,5,1,1,3,1,1
SF,IF2006,2020-02-19 13:16:24.900,4056.6000,23909,0,5568987660.000,0,-,-,-,-,4056.4000,4056.2000,4056.0000,4055.4000,4055.0000,4057.4000,4057.6000,4059.8000,4060.2000,4060.4000,3,1,4,1,5,1,1,1,3,1
SF,IF2006,2020-02-19 13:16:25.400,4056.6000,23909,0,5568987660.000,0,-,-,-,-,4056.4000,4056.2000,4056.0000,4055.4000,4055.0000,4057.2000,4057.4000,4059.8000,4060.2000,4060.4000,3,1,4,1,5,1,1,1,3,1
SF,IF2006,2020-02-19 13:16:29.900,4056.6000,23909,0,5568987660.000,0,-,-,-,-,4056.6000,4056.4000,4056.2000,4056.0000,4055.4000,4057.2000,4057.4000,4059.8000,4060.2000,4060.4000,1,3,1,4,1,1,1,1,3,1
SF,IF2006,2020-02-19 13:16:30.400,4056.6000,23909,0,5568987660.000,0,-,-,-,-,4056.4000,4056.2000,4056.0000,4055.4000,4055.0000,4057.2000,4057.4000,4059.8000,4060.2000,4060.4000,3,1,4,1,5,1,1,1,3,1
SF,IF2006,2020-02-19 13:16:31.900,4056.6000,23909,0,5568987660.000,0,-,-,-,-,4056.6000,4056.4000,4056.2000,4056.0000,4055.4000,4057.2000,4057.4000,4059.8000,4060.2000,4060.4000,1,3,1,4,1,1,1,1,3,1
SF,IF2006,2020-02-19 13:16:32.400,4056.6000,23909,0,5568987660.000,0,-,-,-,-,4056.4000,4056.2000,4056.0000,4055.4000,4055.0000,4057.2000,4057.4000,4059.8000,4060.2000,4060.4000,3,1,4,1,5,1,1,1,3,1
SF,IF2006,2020-02-19 13:16:32.900,4056.6000,23909,0,5568987660.000,0,-,-,-,-,4057.0000,4056.4000,4056.2000,4056.0000,4055.4000,4057.2000,4057.4000,4059.8000,4060.2000,4060.4000,1,1,1,4,1,1,1,1,3,1
SF,IF2006,2020-02-19 13:16:33.400,4057.0000,23910,1,5570204760.000,1,1,0,双开,B,4056.4000,4056.2000,4056.0000,4055.4000,4055.0000,4057.2000,4057.4000,4059.8000,4060.2000,4060.4000,1,1,4,1,5,1,1,1,3,1
SF,IF2006,2020-02-19 13:16:33.900,4057.0000,23910,0,5570204760.000,0,-,-,-,-,4056.4000,4056.2000,4056.0000,4055.4000,4055.0000,4057.2000,4057.4000,4059.8000,4060.2000,4060.4000,1,1,4,1,5,1,1,1,3,1
SF,IF2006,2020-02-19 13:16:34.400,4057.0000,23910,0,5570204760.000,0,-,-,-,-,4056.6000,4056.4000,4056.2000,4056.0000,4055.4000,4057.2000,4057.4000,4059.8000,4060.2000,4060.4000,1,1,1,4,1,1,1,1,3,1
SF,IF2006,2020-02-19 13:16:34.900,4057.0000,23910,0,5570204760.000,0,-,-,-,-,4056.4000,4056.2000,4056.0000,4055.4000,4055.0000,4057.2000,4057.4000,4059.8000,4060.2000,4060.4000,1,1,4,1,5,1,1,1,3,1
SF,IF2006,2020-02-19 13:16:35.400,4057.0000,23910,0,5570204760.000,0,-,-,-,-,4056.8000,4056.4000,4056.2000,4056.0000,4055.4000,4057.2000,4057.4000,4059.8000,4060.2000,4060.4000,1,1,1,4,1,1,1,1,3,1
SF,IF2006,2020-02-19 13:16:35.900,4056.8000,23910,0,5571421800.000,1,0,1,空换,B,4056.4000,4056.2000,4056.0000,4055.4000,4055.0000,4057.2000,4059.8000,4060.2000,4060.4000,4061.8000,1,1,4,1,5,1,1,3,1,1
SF,IF2006,2020-02-19 13:16:36.400,4056.8000,23910,0,5571421800.000,0,-,-,-,-,4056.4000,4056.2000,4056.0000,4055.4000,4055.0000,4057.0000,4057.2000,4059.8000,4060.2000,4060.4000,1,1,4,1,5,1,1,1,3,1
SF,IF2006,2020-02-19 13:16:38.400,4056.8000,23910,0,5571421800.000,0,-,-,-,-,4056.4000,4056.2000,4056.0000,4055.4000,4055.0000,4057.0000,4057.2000,4058.6000,4059.8000,4060.2000,1,1,4,1,5,1,1,1,1,3
SF,IF2006,2020-02-19 13:16:39.400,4056.8000,23910,0,5571421800.000,0,-,-,-,-,4056.4000,4056.2000,4056.0000,4055.4000,4055.0000,4057.2000,4058.6000,4059.8000,4060.2000,4060.4000,1,1,4,1,5,1,1,1,3,1
SF,IF2006,2020-02-19 13:16:39.900,4056.4000,23910,0,5572638720.000,1,0,1,空换,B,4056.2000,4056.0000,4055.4000,4055.0000,4054.0000,4057.2000,4058.6000,4059.8000,4060.2000,4060.4000,1,4,1,5,1,1,1,1,3,1
SF,IF2006,2020-02-19 13:16:40.400,4056.4000,23910,0,5572638720.000,0,-,-,-,-,4056.4000,4056.2000,4056.0000,4055.4000,4055.0000,4058.6000,4059.8000,4060.2000,4060.4000,4061.8000,2,1,4,1,5,1,1,3,1,1
SF,IF2006,2020-02-19 13:16:40.900,4056.4000,23910,0,5572638720.000,0,-,-,-,-,4056.4000,4056.2000,4056.0000,4055.4000,4055.0000,4058.4000,4058.6000,4060.4000,4061.8000,4062.0000,2,1,4,1,5,4,2,1,1,2
SF,IF2006,2020-02-19 13:16:41.400,4056.4000,23910,0,5572638720.000,0,-,-,-,-,4056.4000,4056.2000,4056.0000,4055.4000,4055.0000,4058.0000,4058.2000,4058.4000,4058.6000,4060.4000,2,1,4,1,5,1,1,3,2,1
SF,IF2006,2020-02-19 13:16:41.900,4056.4000,23910,0,5572638720.000,0,-,-,-,-,4056.6000,4056.4000,4056.2000,4056.0000,4055.4000,4057.8000,4058.0000,4058.2000,4058.4000,4058.6000,1,2,1,4,1,1,2,1,2,2
SF,IF2006,2020-02-19 13:16:42.400,4056.4000,23910,0,5572638720.000,0,-,-,-,-,4056.6000,4056.4000,4056.2000,4056.0000,4055.4000,4057.6000,4057.8000,4058.0000,4058.2000,4058.4000,1,2,1,4,1,2,1,2,1,1
SF,IF2006,2020-02-19 13:16:42.900,4056.4000,23910,0,5572638720.000,0,-,-,-,-,4056.4000,4056.2000,4056.0000,4055.4000,4055.0000,4057.6000,4057.8000,4058.0000,4058.2000,4058.4000,2,1,4,1,5,3,1,1,1,1
SF,IF2006,2020-02-19 13:16:43.400,4056.4000,23910,0,5572638720.000,0,-,-,-,-,4056.8000,4056.4000,4056.2000,4056.0000,4055.4000,4057.6000,4058.0000,4058.2000,4058.4000,4058.6000,2,2,1,4,1,3,1,1,1,2
SF,IF2006,2020-02-19 13:16:43.900,4056.4000,23910,0,5572638720.000,0,-,-,-,-,4056.8000,4056.4000,4056.2000,4056.0000,4055.4000,4057.2000,4057.6000,4058.0000,4058.2000,4058.4000,2,2,1,4,1,2,3,1,1,1
SF,IF2006,2020-02-19 13:16:44.400,4056.6000,23910,0,5573855700.000,1,0,1,空换,B,4056.8000,4056.4000,4056.2000,4056.0000,4055.4000,4057.2000,4057.6000,4058.0000,4058.2000,4058.4000,1,2,1,4,1,1,3,1,1,1
SF,IF2006,2020-02-19 13:16:44.900,4056.6000,23910,0,5573855700.000,0,-,-,-,-,4056.8000,4056.4000,4056.2000,4056.0000,4055.4000,4057.6000,4058.0000,4058.2000,4058.4000,4058.6000,1,2,1,4,1,3,1,1,1,2
SF,IF2006,2020-02-19 13:16:45.400,4056.6000,23910,0,5573855700.000,0,-,-,-,-,4056.8000,4056.4000,4056.2000,4056.0000,4055.4000,4057.6000,4058.0000,4058.2000,4058.4000,4058.6000,1,2,1,4,1,3,1,1,1,2
SF,IF2006,2020-02-19 13:16:47.400,4056.6000,23910,0,5573855700.000,0,-,-,-,-,4056.4000,4056.2000,4056.0000,4055.4000,4055.0000,4057.6000,4058.0000,4058.2000,4058.4000,4058.6000,2,1,4,1,4,3,1,1,1,2
SF,IF2006,2020-02-19 13:16:48.400,4056.6000,23910,0,5573855700.000,0,-,-,-,-,4056.4000,4056.2000,4056.0000,4055.4000,4055.0000,4057.4000,4057.6000,4058.0000,4058.2000,4058.4000,2,1,4,1,4,1,3,1,1,1
SF,IF2006,2020-02-19 13:16:51.900,4056.6000,23910,0,5573855700.000,0,-,-,-,-,4056.4000,4056.2000,4056.0000,4055.4000,4055.0000,4057.4000,4057.6000,4058.0000,4058.2000,4058.4000,2,1,4,1,4,1,2,1,1,1
SF,IF2006,2020-02-19 13:16:52.400,4056.6000,23910,0,5573855700.000,0,-,-,-,-,4056.4000,4056.2000,4056.0000,4055.4000,4055.0000,4057.4000,4057.6000,4058.0000,4058.2000,4058.4000,2,1,4,1,4,1,2,1,1,1
SF,IF2006,2020-02-19 13:16:53.400,4056.6000,23910,0,5573855700.000,0,-,-,-,-,4056.8000,4056.4000,4056.2000,4056.0000,4055.4000,4057.4000,4057.6000,4058.0000,4058.2000,4058.4000,2,2,1,4,1,1,2,1,1,1
SF,IF2006,2020-02-19 13:16:53.900,4057.4000,23911,1,5575072920.000,1,1,0,双开,B,4056.8000,4056.4000,4056.0000,4055.4000,4055.0000,4058.0000,4058.2000,4058.4000,4058.6000,4060.4000,2,2,4,1,4,1,1,1,2,1
SF,IF2006,2020-02-19 13:16:54.400,4057.4000,23911,0,5575072920.000,0,-,-,-,-,4057.0000,4056.8000,4056.0000,4055.4000,4055.0000,4058.4000,4058.6000,4060.4000,4061.8000,4062.0000,3,2,4,1,4,1,2,1,1,2
SF,IF2006,2020-02-19 13:16:54.900,4057.4000,23911,0,5575072920.000,0,-,-,-,-,4057.0000,4056.8000,4056.0000,4055.4000,4055.0000,4058.2000,4058.6000,4060.4000,4061.8000,4062.0000,3,2,4,1,4,2,2,1,1,2
SF,IF2006,2020-02-19 13:16:55.400,4057.4000,23911,0,5575072920.000,0,-,-,-,-,4057.0000,4056.0000,4055.4000,4055.0000,4054.0000,4058.6000,4060.4000,4061.8000,4062.0000,4062.2000,3,4,1,4,2,2,1,1,2,2
SF,IF2006,2020-02-19 13:16:55.900,4057.4000,23911,0,5575072920.000,0,-,-,-,-,4057.4000,4057.0000,4056.0000,4055.4000,4055.0000,4058.4000,4058.6000,4060.4000,4061.8000,4062.0000,2,3,4,1,4,2,2,1,1,2
SF,IF2006,2020-02-19 13:16:56.400,4058.6000,23912,1,5576290500.000,1,1,0,双开,B,4057.6000,4057.4000,4057.2000,4057.0000,4056.0000,4058.6000,4060.4000,4061.8000,4062.0000,4062.2000,2,2,1,1,4,1,1,1,2,2
SF,IF2006,2020-02-19 13:16:56.900,4058.6000,23912,0,5576290500.000,0,-,-,-,-,4057.6000,4057.4000,4057.2000,4056.0000,4055.4000,4058.6000,4060.4000,4061.8000,4062.0000,4062.2000,2,2,1,4,1,1,1,1,2,2
SF,IF2006,2020-02-19 13:16:57.400,4058.6000,23912,0,5576290500.000,0,-,-,-,-,4057.6000,4057.2000,4056.0000,4055.4000,4055.0000,4058.6000,4060.4000,4061.8000,4062.0000,4062.2000,2,1,4,1,4,1,1,1,2,2
SF,IF2006,2020-02-19 13:16:57.900,4057.6000,23911,-1,5577507780.000,1,0,1,双平,B,4057.6000,4057.2000,4056.0000,4055.4000,4055.0000,4058.6000,4060.4000,4061.8000,4062.0000,4062.2000,1,1,4,1,4,1,1,1,2,2
SF,IF2006,2020-02-19 13:16:58.400,4058.6000,23911,0,5578725360.000,1,0,1,空换,B,4057.6000,4057.2000,4056.0000,4055.4000,4055.0000,4060.4000,4061.8000,4062.0000,4062.2000,4063.0000,1,1,4,1,4,1,1,2,2,1
SF,IF2006,2020-02-19 13:16:58.900,4058.6000,23911,0,5578725360.000,0,-,-,-,-,4057.6000,4057.2000,4056.0000,4055.4000,4055.0000,4059.8000,4060.2000,4060.4000,4061.8000,4062.0000,1,1,4,1,4,3,5,1,1,2
SF,IF2006,2020-02-19 13:16:59.400,4058.6000,23911,0,5578725360.000,0,-,-,-,-,4057.6000,4057.2000,4056.0000,4055.4000,4055.0000,4059.4000,4059.6000,4059.8000,4060.2000,4060.4000,1,1,4,1,4,1,3,1,2,1
SF,IF2006,2020-02-19 13:16:59.900,4058.6000,23911,0,5578725360.000,0,-,-,-,-,4057.6000,4057.2000,4056.0000,4055.4000,4055.0000,4059.2000,4059.4000,4059.6000,4060.2000,4060.4000,1,1,4,1,4,2,1,2,2,1
SF,IF2006,2020-02-19 13:17:00.400,4058.6000,23911,0,5578725360.000,0,-,-,-,-,4057.8000,4057.6000,4056.0000,4055.4000,4055.0000,4059.2000,4059.4000,4059.6000,4060.2000,4060.4000,1,1,4,1,4,2,1,2,2,1
SF,IF2006,2020-02-19 13:17:00.900,4059.2000,23911,0,5579943120.000,1,0,1,空换,B,4058.0000,4057.8000,4056.0000,4055.4000,4055.0000,4059.2000,4059.4000,4059.6000,4060.2000,4060.4000,2,2,4,1,4,1,1,2,2,1
SF,IF2006,2020-02-19 13:17:01.400,4059.2000,23911,0,5579943120.000,0,-,-,-,-,4058.0000,4057.8000,4056.0000,4055.4000,4055.0000,4059.2000,4059.4000,4059.6000,4060.2000,4060.4000,2,2,4,1,4,1,1,1,2,1
SF,IF2006,2020-02-19 13:17:01.900,4059.2000,23911,0,5579943120.000,0,-,-,-,-,4058.0000,4057.8000,4056.0000,4055.4000,4055.0000,4059.2000,4059.4000,4059.6000,4060.2000,4060.4000,2,2,4,1,4,1,1,1,2,2
SF,IF2006,2020-02-19 13:17:02.400,4059.2000,23911,0,5581160880.000,1,0,1,空换,B,4058.0000,4057.8000,4056.0000,4055.4000,4055.0000,4059.4000,4059.6000,4060.2000,4060.4000,4061.8000,2,2,4,1,4,1,1,2,2,1
SF,IF2006,2020-02-19 13:17:02.900,4059.2000,23911,0,5581160880.000,0,-,-,-,-,4058.0000,4057.8000,4056.0000,4055.4000,4055.0000,4059.2000,4059.4000,4059.6000,4060.2000,4060.4000,2,1,4,1,4,2,1,1,2,2
SF,IF2006,2020-02-19 13:17:03.400,4059.2000,23911,0,5581160880.000,0,-,-,-,-,4056.0000,4055.4000,4055.0000,4054.0000,4053.2000,4058.0000,4059.0000,4059.2000,4059.6000,4060.2000,4,1,4,2,4,1,2,2,2,2
SF,IF2006,2020-02-19 13:17:03.900,4058.0000,23910,-1,5582378280.000,1,0,1,双平,B,4057.0000,4056.4000,4056.2000,4056.0000,4055.4000,4057.8000,4058.0000,4059.6000,4059.8000,4060.2000,5,4,3,7,1,2,1,1,1,2
SF,IF2006,2020-02-19 13:17:04.400,4058.0000,23910,0,5582378280.000,0,-,-,-,-,4056.4000,4056.2000,4056.0000,4055.4000,4055.0000,4058.0000,4058.8000,4059.6000,4059.8000,4060.2000,4,3,7,1,4,1,1,1,1,2
SF,IF2006,2020-02-19 13:17:04.900,4058.0000,23910,0,5582378280.000,0,-,-,-,-,4056.6000,4056.4000,4056.0000,4055.4000,4055.0000,4058.0000,4058.8000,4059.0000,4059.6000,4059.8000,2,3,4,1,4,1,1,1,1,1
SF,IF2006,2020-02-19 13:17:05.400,4058.0000,23910,0,5582378280.000,0,-,-,-,-,4057.0000,4056.6000,4056.4000,4056.0000,4055.4000,4058.0000,4058.8000,4059.0000,4059.8000,4060.2000,2,2,2,4,1,1,1,1,1,2
SF,IF2006,2020-02-19 13:17:05.900,4058.0000,23910,0,5582378280.000,0,-,-,-,-,4057.2000,4057.0000,4056.4000,4056.0000,4055.4000,4058.8000,4059.0000,4059.8000,4060.2000,4060.4000,2,2,1,4,1,1,1,1,2,1
SF,IF2006,2020-02-19 13:17:06.400,4058.0000,23910,0,5582378280.000,0,-,-,-,-,4057.2000,4056.0000,4055.4000,4055.0000,4054.0000,4058.6000,4058.8000,4059.0000,4059.8000,4060.2000,2,5,1,4,2,5,1,1,1,2
SF,IF2006,2020-02-19 13:17:07.400,4058.0000,23910,0,5582378280.000,0,-,-,-,-,4057.2000,4056.0000,4055.4000,4055.0000,4054.0000,4058.6000,4058.8000,4059.0000,4059.8000,4060.2000,2,5,1,4,2,3,1,1,1,2
SF,IF2006,2020-02-19 13:17:07.900,4058.0000,23910,0,5582378280.000,0,-,-,-,-,4057.4000,4057.2000,4056.0000,4055.4000,4055.0000,4058.8000,4059.0000,4059.8000,4060.2000,4060.4000,1,2,5,1,4,1,1,1,2,1
SF,IF2006,2020-02-19 13:17:08.400,4058.0000,23910,0,5582378280.000,0,-,-,-,-,4057.6000,4057.4000,4056.0000,4055.4000,4055.0000,4058.8000,4059.0000,4059.8000,4060.2000,4060.4000,2,1,5,1,4,1,1,1,2,1
SF,IF2006,2020-02-19 13:17:08.900,4058.0000,23910,0,5582378280.000,0,-,-,-,-,4057.6000,4057.4000,4057.0000,4056.2000,4056.0000,4058.8000,4059.0000,4059.8000,4060.2000,4060.4000,2,1,1,2,5,1,1,1,2,1
SF,IF2006,2020-02-19 13:17:09.400,4058.8000,23910,0,5583595920.000,1,0,1,空换,B,4057.8000,4057.6000,4057.0000,4056.2000,4056.0000,4059.8000,4060.2000,4060.4000,4061.8000,4062.0000,2,2,1,2,5,1,2,1,1,2
SF,IF2006,2020-02-19 13:17:09.900,4058.8000,23910,0,5583595920.000,0,-,-,-,-,4058.0000,4057.8000,4057.0000,4056.2000,4056.0000,4059.6000,4059.8000,4060.2000,4060.4000,4061.8000,3,2,1,2,5,2,1,2,1,1
SF,IF2006,2020-02-19 13:17:10.400,4058.8000,23910,0,5583595920.000,0,-,-,-,-,4058.0000,4057.8000,4057.0000,4056.2000,4056.0000,4059.6000,4059.8000,4060.2000,4060.4000,4061.8000,3,3,1,2,5,2,1,2,1,1
SF,IF2006,2020-02-19 13:17:10.900,4058.8000,23910,0,5583595920.000,0,-,-,-,-,4058.0000,4057.8000,4057.0000,4056.2000,4056.0000,4059.6000,4059.8000,4060.2000,4060.4000,4061.8000,3,2,1,2,5,2,1,2,1,1
SF,IF2006,2020-02-19 13:17:12.900,4059.6000,23910,0,5584813800.000,1,0,1,空换,B,4058.4000,4058.0000,4057.8000,4057.0000,4056.2000,4059.6000,4059.8000,4060.2000,4060.4000,4061.8000,2,3,2,1,2,1,1,2,1,1
SF,IF2006,2020-02-19 13:17:13.400,4059.6000,23910,0,5584813800.000,0,-,-,-,-,4058.6000,4058.0000,4057.8000,4057.0000,4056.2000,4059.6000,4059.8000,4060.4000,4061.8000,4062.0000,2,1,2,1,2,1,1,1,1,2
SF,IF2006,2020-02-19 13:17:13.900,4059.6000,23910,0,5584813800.000,0,-,-,-,-,4058.6000,4058.0000,4057.8000,4057.0000,4056.2000,4059.6000,4059.8000,4060.4000,4061.8000,4062.0000,2,1,2,1,2,1,1,1,1,2
SF,IF2006,2020-02-19 13:17:14.400,4059.6000,23910,0,5584813800.000,0,-,-,-,-,4058.6000,4058.0000,4057.8000,4057.0000,4056.2000,4059.4000,4059.6000,4059.8000,4060.4000,4060.6000,2,1,2,1,2,1,1,1,1,1
SF,IF2006,2020-02-19 13:17:14.900,4058.6000,23910,0,5587248960.000,2,1,1,空换,B,4057.8000,4057.0000,4056.2000,4056.0000,4055.4000,4059.4000,4059.6000,4059.8000,4060.4000,4060.6000,2,1,2,5,1,1,1,1,1,1
SF,IF2006,2020-02-19 13:17:15.400,4058.6000,23910,0,5587248960.000,0,-,-,-,-,4058.0000,4057.8000,4057.0000,4056.2000,4056.0000,4059.0000,4059.2000,4059.8000,4060.4000,4061.8000,2,1,1,2,5,1,2,1,1,1
SF,IF2006,2020-02-19 13:17:15.900,4058.8000,23910,0,5588466600.000,1,0,1,空换,B,4057.0000,4056.2000,4056.0000,4055.4000,4055.0000,4058.8000,4059.0000,4059.6000,4059.8000,4060.4000,1,2,5,1,4,2,1,1,1,1
SF,IF2006,2020-02-19 13:17:16.400,4058.8000,23910,0,5588466600.000,0,-,-,-,-,4057.2000,4057.0000,4056.2000,4056.0000,4055.4000,4058.8000,4059.0000,4059.6000,4059.8000,4060.4000,2,1,2,5,1,2,1,1,1,1
SF,IF2006,2020-02-19 13:17:16.900,4058.8000,23910,0,5588466600.000,0,-,-,-,-,4058.0000,4057.2000,4057.0000,4056.2000,4056.0000,4058.8000,4059.0000,4059.8000,4060.4000,4061.8000,2,2,1,2,5,2,1,1,1,1
SF,IF2006,2020-02-19 13:17:17.400,4058.8000,23910,0,5588466600.000,0,-,-,-,-,4057.2000,4057.0000,4056.2000,4056.0000,4055.4000,4058.8000,4059.0000,4059.8000,4060.4000,4061.8000,2,1,2,5,1,2,1,1,1,1
SF,IF2006,2020-02-19 13:17:17.900,4058.8000,23910,0,5588466600.000,0,-,-,-,-,4058.0000,4057.2000,4057.0000,4056.2000,4056.0000,4058.8000,4059.0000,4059.8000,4060.4000,4061.8000,2,2,1,2,5,2,1,1,1,1
SF,IF2006,2020-02-19 13:17:18.400,4058.8000,23910,0,5588466600.000,0,-,-,-,-,4057.2000,4057.0000,4056.2000,4056.0000,4055.4000,4058.8000,4059.0000,4059.8000,4060.4000,4061.8000,2,1,2,5,1,2,1,1,1,1
SF,IF2006,2020-02-19 13:17:18.900,4058.8000,23910,0,5588466600.000,0,-,-,-,-,4057.4000,4057.2000,4057.0000,4056.2000,4056.0000,4059.0000,4059.8000,4060.4000,4061.8000,4062.0000,2,2,1,2,5,1,1,1,1,2
SF,IF2006,2020-02-19 13:17:19.400,4058.8000,23910,0,5588466600.000,0,-,-,-,-,4057.6000,4057.4000,4057.0000,4056.2000,4056.0000,4058.8000,4059.0000,4059.8000,4060.4000,4061.8000,2,2,1,2,5,2,1,1,1,1
SF,IF2006,2020-02-19 13:17:19.900,4058.8000,23910,0,5588466600.000,0,-,-,-,-,4057.6000,4057.4000,4057.0000,4056.2000,4056.0000,4059.0000,4059.8000,4060.4000,4061.8000,4062.0000,2,2,1,2,5,1,1,1,1,2
SF,IF2006,2020-02-19 13:17:20.400,4058.8000,23910,0,5588466600.000,0,-,-,-,-,4057.6000,4057.4000,4057.0000,4056.2000,4056.0000,4058.8000,4059.8000,4060.4000,4061.8000,4062.0000,2,2,1,2,5,2,1,1,1,2
SF,IF2006,2020-02-19 13:17:20.900,4058.8000,23910,0,5588466600.000,0,-,-,-,-,4057.6000,4057.4000,4057.0000,4056.2000,4056.0000,4058.8000,4059.8000,4060.4000,4061.8000,4062.0000,3,2,1,2,5,2,1,1,1,2
SF,IF2006,2020-02-19 13:17:23.400,4058.8000,23910,0,5588466600.000,0,-,-,-,-,4058.0000,4057.6000,4057.4000,4057.0000,4056.2000,4058.8000,4059.8000,4060.4000,4062.0000,4062.2000,2,3,2,1,2,2,1,1,2,2
SF,IF2006,2020-02-19 13:17:23.900,4058.8000,23910,0,5588466600.000,0,-,-,-,-,4057.6000,4057.4000,4057.0000,4056.2000,4056.0000,4058.8000,4059.8000,4060.4000,4062.0000,4062.2000,3,1,1,2,5,2,1,1,2,2
SF,IF2006,2020-02-19 13:17:29.400,4058.8000,23910,0,5588466600.000,0,-,-,-,-,4057.6000,4057.4000,4057.0000,4056.0000,4055.4000,4058.8000,4059.8000,4060.4000,4062.0000,4062.2000,3,1,1,5,1,2,1,1,2,2
SF,IF2006,2020-02-19 13:17:30.900,4058.8000,23910,0,5588466600.000,0,-,-,-,-,4057.6000,4057.4000,4057.0000,4056.0000,4055.4000,4058.6000,4058.8000,4059.8000,4060.4000,4062.0000,3,1,1,5,1,1,2,1,1,2
SF,IF2006,2020-02-19 13:17:31.400,4058.8000,23910,0,5588466600.000,0,-,-,-,-,4057.6000,4057.4000,4057.0000,4056.0000,4055.4000,4058.4000,4058.6000,4059.8000,4060.4000,4062.0000,1,1,1,5,1,2,1,1,1,2
SF,IF2006,2020-02-19 13:17:32.400,4058.8000,23910,0,5588466600.000,0,-,-,-,-,4057.6000,4057.4000,4057.0000,4056.0000,4055.4000,4058.4000,4059.8000,4060.4000,4062.0000,4062.2000,1,1,1,5,1,2,1,1,2,2
SF,IF2006,2020-02-19 13:17:32.900,4058.8000,23910,0,5588466600.000,0,-,-,-,-,4057.6000,4057.4000,4057.0000,4056.0000,4055.4000,4059.8000,4060.4000,4062.0000,4062.2000,4063.0000,1,1,1,5,1,1,1,2,2,1
SF,IF2006,2020-02-19 13:17:33.400,4058.8000,23910,0,5588466600.000,0,-,-,-,-,4057.8000,4057.6000,4057.4000,4057.0000,4056.0000,4059.4000,4059.6000,4059.8000,4060.0000,4060.4000,2,1,1,1,5,2,5,1,1,1
SF,IF2006,2020-02-19 13:17:33.900,4058.8000,23910,0,5588466600.000,0,-,-,-,-,4057.8000,4057.6000,4057.4000,4057.0000,4056.0000,4059.2000,4059.4000,4059.6000,4059.8000,4060.0000,2,1,1,1,5,2,2,3,1,1
SF,IF2006,2020-02-19 13:17:34.400,4058.8000,23910,0,5588466600.000,0,-,-,-,-,4057.8000,4057.6000,4057.4000,4057.0000,4056.0000,4059.2000,4059.4000,4059.6000,4059.8000,4060.0000,2,1,1,1,5,2,1,3,1,1
SF,IF2006,2020-02-19 13:17:34.900,4058.8000,23910,0,5588466600.000,0,-,-,-,-,4057.8000,4057.6000,4057.4000,4057.0000,4056.0000,4059.0000,4059.2000,4059.4000,4059.6000,4059.8000,2,1,1,1,5,1,2,1,3,1
SF,IF2006,2020-02-19 13:17:35.400,4058.8000,23910,0,5588466600.000,0,-,-,-,-,4057.8000,4057.6000,4057.4000,4057.0000,4056.0000,4058.8000,4059.0000,4059.4000,4059.6000,4059.8000,2,1,1,1,5,2,1,2,3,1
SF,IF2006,2020-02-19 13:17:35.900,4058.8000,23910,0,5588466600.000,0,-,-,-,-,4057.8000,4057.6000,4057.4000,4057.0000,4056.0000,4058.8000,4059.0000,4059.4000,4059.6000,4059.8000,2,1,1,1,5,2,1,1,2,1
SF,IF2006,2020-02-19 13:17:37.400,4058.8000,23910,0,5588466600.000,0,-,-,-,-,4057.8000,4057.6000,4057.4000,4057.0000,4056.0000,4058.8000,4059.0000,4059.4000,4059.6000,4059.8000,2,1,1,1,5,2,1,1,2,1
SF,IF2006,2020-02-19 13:17:37.900,4058.8000,23910,0,5588466600.000,0,-,-,-,-,4057.8000,4057.6000,4057.4000,4057.0000,4056.0000,4058.8000,4059.4000,4059.6000,4059.8000,4060.4000,2,1,1,1,5,2,1,2,1,1
SF,IF2006,2020-02-19 13:17:38.900,4058.8000,23910,0,5588466600.000,0,-,-,-,-,4057.8000,4057.6000,4057.4000,4057.0000,4056.0000,4058.8000,4059.4000,4059.6000,4059.8000,4060.4000,2,1,1,1,5,2,1,2,1,1
SF,IF2006,2020-02-19 13:17:42.900,4058.8000,23910,0,5588466600.000,0,-,-,-,-,4057.8000,4057.6000,4057.4000,4057.0000,4056.0000,4058.8000,4059.4000,4059.6000,4059.8000,4060.4000,2,1,1,1,5,2,1,2,2,1
SF,IF2006,2020-02-19 13:17:46.400,4058.8000,23910,0,5588466600.000,0,-,-,-,-,4057.8000,4057.6000,4057.4000,4057.0000,4056.0000,4058.8000,4059.0000,4059.4000,4059.6000,4059.8000,2,1,1,1,5,2,1,1,2,2
SF,IF2006,2020-02-19 13:17:47.900,4058.8000,23910,0,5588466600.000,0,-,-,-,-,4057.8000,4057.6000,4057.4000,4056.0000,4055.4000,4058.8000,4059.0000,4059.4000,4059.6000,4059.8000,2,1,1,5,1,2,1,1,2,2
SF,IF2006,2020-02-19 13:17:48.400,4058.8000,23910,0,5588466600.000,0,-,-,-,-,4057.8000,4057.6000,4057.4000,4056.0000,4055.4000,4058.8000,4059.0000,4059.4000,4059.6000,4059.8000,2,1,1,5,1,2,1,1,2,2
SF,IF2006,2020-02-19 13:17:50.400,4058.8000,23910,0,5588466600.000,0,-,-,-,-,4058.0000,4057.8000,4057.6000,4057.4000,4056.0000,4058.8000,4059.0000,4059.4000,4059.6000,4059.8000,2,2,1,1,5,2,1,1,2,2
SF,IF2006,2020-02-19 13:17:54.400,4058.0000,23912,2,5590901400.000,2,2,0,双开,B,4057.8000,4057.6000,4057.4000,4056.0000,4055.4000,4058.6000,4058.8000,4059.0000,4059.4000,4059.6000,2,1,1,5,1,1,2,1,1,2
SF,IF2006,2020-02-19 13:17:54.900,4058.0000,23912,0,5590901400.000,0,-,-,-,-,4057.6000,4056.0000,4055.4000,4055.0000,4054.0000,4058.4000,4058.6000,4059.0000,4059.4000,4059.6000,1,5,1,4,2,2,1,1,1,2
SF,IF2006,2020-02-19 13:17:55.900,4058.0000,23912,0,5590901400.000,0,-,-,-,-,4057.6000,4056.0000,4055.4000,4055.0000,4054.0000,4058.2000,4058.4000,4059.0000,4059.4000,4059.6000,1,5,1,4,2,1,2,1,1,2
SF,IF2006,2020-02-19 13:17:56.400,4058.0000,23912,0,5590901400.000,0,-,-,-,-,4057.6000,4056.0000,4055.4000,4055.0000,4054.0000,4058.2000,4058.4000,4059.0000,4059.4000,4059.6000,1,5,1,4,2,1,2,1,1,2
SF,IF2006,2020-02-19 13:17:56.900,4058.0000,23912,0,5590901400.000,0,-,-,-,-,4057.6000,4056.0000,4055.4000,4055.0000,4054.0000,4058.2000,4058.4000,4059.0000,4059.4000,4059.6000,1,5,1,4,2,1,2,1,1,2
SF,IF2006,2020-02-19 13:17:57.400,4057.6000,23911,-1,5592118680.000,1,0,1,双平,B,4056.0000,4055.4000,4055.0000,4054.0000,4053.2000,4058.2000,4058.4000,4059.0000,4059.4000,4059.6000,5,1,4,2,4,1,2,1,1,2
SF,IF2006,2020-02-19 13:17:57.900,4057.6000,23911,0,5592118680.000,0,-,-,-,-,4056.4000,4056.2000,4056.0000,4055.4000,4055.0000,4058.0000,4058.2000,4059.0000,4059.4000,4059.6000,2,8,5,1,4,2,1,1,1,2
SF,IF2006,2020-02-19 13:17:58.400,4057.6000,23911,0,5592118680.000,0,-,-,-,-,4057.0000,4056.6000,4056.4000,4056.0000,4055.4000,4058.0000,4058.2000,4059.0000,4059.4000,4059.6000,2,2,2,5,1,2,1,1,1,2
SF,IF2006,2020-02-19 13:17:58.900,4058.0000,23911,0,5594553480.000,2,1,1,空换,B,4057.0000,4056.6000,4056.4000,4056.0000,4055.4000,4058.2000,4059.0000,4059.4000,4059.6000,4059.8000,2,2,1,5,1,1,1,1,2,2
SF,IF2006,2020-02-19 13:17:59.400,4058.0000,23911,0,5594553480.000,0,-,-,-,-,4057.2000,4057.0000,4056.0000,4055.4000,4055.0000,4058.2000,4059.4000,4059.6000,4059.8000,4060.4000,2,2,5,1,4,1,1,2,2,1
SF,IF2006,2020-02-19 13:18:00.400,4058.0000,23911,0,5594553480.000,0,-,-,-,-,4057.2000,4057.0000,4056.0000,4055.4000,4055.0000,4058.2000,4059.2000,4059.4000,4059.6000,4059.8000,2,2,5,1,4,1,1,1,2,2
SF,IF2006,2020-02-19 13:18:00.900,4058.0000,23911,0,5594553480.000,0,-,-,-,-,4057.2000,4057.0000,4056.0000,4055.4000,4055.0000,4059.2000,4059.4000,4059.6000,4059.8000,4060.4000,2,2,5,1,4,1,1,2,2,1
SF,IF2006,2020-02-19 13:18:01.400,4058.0000,23911,0,5594553480.000,0,-,-,-,-,4057.2000,4057.0000,4056.0000,4055.4000,4055.0000,4059.0000,4059.2000,4059.4000,4059.6000,4059.8000,2,2,5,1,4,4,1,1,2,2
SF,IF2006,2020-02-19 13:18:01.900,4058.0000,23911,0,5594553480.000,0,-,-,-,-,4057.2000,4057.0000,4056.0000,4055.4000,4055.0000,4058.8000,4059.0000,4059.2000,4059.4000,4059.6000,2,2,5,1,4,1,4,1,1,2
SF,IF2006,2020-02-19 13:18:02.400,4058.0000,23911,0,5594553480.000,0,-,-,-,-,4057.2000,4057.0000,4056.0000,4055.4000,4055.0000,4058.2000,4058.6000,4058.8000,4059.0000,4059.2000,2,2,5,1,4,1,2,1,2,1
SF,IF2006,2020-02-19 13:18:02.900,4058.0000,23911,0,5594553480.000,0,-,-,-,-,4057.2000,4057.0000,4056.0000,4055.4000,4055.0000,4058.2000,4058.6000,4058.8000,4059.2000,4059.4000,2,2,5,1,4,1,2,1,1,1
SF,IF2006,2020-02-19 13:18:03.400,4058.0000,23911,0,5594553480.000,0,-,-,-,-,4057.2000,4057.0000,4056.0000,4055.4000,4055.0000,4058.2000,4058.6000,4058.8000,4059.4000,4059.8000,2,2,5,1,4,1,2,2,1,2
SF,IF2006,2020-02-19 13:18:04.900,4058.0000,23911,0,5594553480.000,0,-,-,-,-,4057.2000,4056.0000,4055.4000,4055.0000,4054.0000,4058.0000,4058.2000,4058.6000,4059.4000,4059.8000,2,5,1,4,2,1,1,2,1,2
SF,IF2006,2020-02-19 13:18:05.400,4058.0000,23911,0,5594553480.000,0,-,-,-,-,4057.2000,4056.0000,4055.4000,4055.0000,4054.0000,4058.0000,4058.2000,4058.6000,4059.4000,4059.8000,2,5,1,4,2,1,1,3,1,2
SF,IF2006,2020-02-19 13:18:05.900,4058.0000,23911,0,5594553480.000,0,-,-,-,-,4056.0000,4055.4000,4055.0000,4054.0000,4053.2000,4058.0000,4058.2000,4058.6000,4059.4000,4059.8000,5,1,4,2,4,1,1,3,1,2
SF,IF2006,2020-02-19 13:18:06.400,4058.0000,23911,0,5594553480.000,0,-,-,-,-,4056.2000,4056.0000,4055.4000,4055.0000,4054.0000,4057.8000,4058.0000,4058.2000,4058.6000,4059.4000,2,5,1,4,2,6,1,1,1,1
SF,IF2006,2020-02-19 13:18:06.900,4058.0000,23911,0,5594553480.000,0,-,-,-,-,4056.2000,4056.0000,4055.4000,4055.0000,4054.0000,4057.4000,4057.6000,4057.8000,4058.2000,4059.4000,2,5,1,4,2,2,1,4,1,1
SF,IF2006,2020-02-19 13:18:07.400,4058.0000,23911,0,5594553480.000,0,-,-,-,-,4056.2000,4056.0000,4055.4000,4055.0000,4054.0000,4057.2000,4057.4000,4057.6000,4057.8000,4058.2000,2,5,1,4,2,2,2,1,2,1
SF,IF2006,2020-02-19 13:18:07.900,4058.0000,23911,0,5594553480.000,0,-,-,-,-,4056.2000,4056.0000,4055.4000,4055.0000,4054.0000,4057.0000,4057.2000,4057.4000,4057.8000,4058.2000,2,5,1,4,2,1,2,1,2,1
SF,IF2006,2020-02-19 13:18:08.400,4056.2000,23911,0,5595770340.000,1,0,1,空换,B,4056.2000,4056.0000,4055.4000,4055.0000,4054.0000,4057.0000,4057.2000,4057.4000,4057.8000,4058.2000,1,5,1,4,2,1,2,1,2,1
SF,IF2006,2020-02-19 13:18:08.900,4056.0000,23912,1,5598204000.000,2,1,1,多开,B,4056.0000,4055.4000,4055.0000,4054.0000,4053.2000,4056.6000,4056.8000,4057.6000,4058.2000,4059.4000,4,1,4,2,4,1,4,1,1,1
SF,IF2006,2020-02-19 13:18:09.400,4056.0000,23912,0,5603071200.000,4,2,2,空换,B,4055.4000,4055.0000,4054.0000,4053.2000,4053.0000,4056.0000,4056.4000,4056.6000,4056.8000,4057.6000,1,4,2,4,1,1,3,1,2,1
SF,IF2006,2020-02-19 13:18:09.900,4055.4000,23913,1,5604287820.000,1,1,0,双开,B,4055.0000,4054.0000,4053.2000,4053.0000,4052.8000,4055.4000,4056.4000,4056.8000,4057.6000,4058.2000,4,2,4,1,3,3,3,2,1,1
SF,IF2006,2020-02-19 13:18:10.400,4055.4000,23912,-1,5605504440.000,1,0,1,双平,B,4055.0000,4054.0000,4053.2000,4053.0000,4052.8000,4055.4000,4056.4000,4056.8000,4057.6000,4058.2000,4,2,4,1,3,2,3,2,1,1
SF,IF2006,2020-02-19 13:18:10.900,4055.4000,23912,0,5605504440.000,0,-,-,-,-,4055.0000,4054.0000,4053.2000,4053.0000,4052.8000,4055.4000,4056.0000,4056.4000,4056.8000,4057.6000,4,2,4,1,3,2,1,2,2,1
SF,IF2006,2020-02-19 13:18:11.400,4055.4000,23912,0,5605504440.000,0,-,-,-,-,4055.0000,4054.0000,4053.2000,4053.0000,4052.8000,4055.4000,4056.0000,4056.4000,4056.8000,4057.6000,5,2,4,1,3,2,1,2,2,1
SF,IF2006,2020-02-19 13:18:11.900,4055.4000,23912,0,5607937680.000,2,1,1,空换,B,4055.0000,4054.0000,4053.2000,4053.0000,4052.8000,4056.0000,4056.4000,4056.8000,4058.2000,4059.4000,5,2,4,1,3,1,2,2,1,1
SF,IF2006,2020-02-19 13:18:12.400,4055.4000,23912,0,5607937680.000,0,-,-,-,-,4055.0000,4054.0000,4053.2000,4053.0000,4052.8000,4055.8000,4056.0000,4056.8000,4058.2000,4059.4000,5,2,4,1,3,2,1,2,1,1
SF,IF2006,2020-02-19 13:18:12.900,4055.0000,23912,0,5609154180.000,1,0,1,空换,B,4055.0000,4054.0000,4053.2000,4053.0000,4052.8000,4055.8000,4056.0000,4056.8000,4058.2000,4059.4000,4,2,4,1,3,2,1,2,1,1
SF,IF2006,2020-02-19 13:18:13.400,4055.0000,23913,1,5610370680.000,1,1,0,双开,B,4055.0000,4054.0000,4053.2000,4053.0000,4052.8000,4055.8000,4056.0000,4056.8000,4058.2000,4059.4000,4,2,4,1,3,2,1,2,1,1
SF,IF2006,2020-02-19 13:18:13.900,4055.0000,23916,3,5614020180.000,3,3,0,双开,B,4055.2000,4055.0000,4054.0000,4053.2000,4053.0000,4055.6000,4055.8000,4056.0000,4056.8000,4058.2000,1,1,2,4,1,1,2,1,2,1
SF,IF2006,2020-02-19 13:18:14.400,4055.2000,23917,1,5615236740.000,1,1,0,双开,B,4055.0000,4054.0000,4053.2000,4053.0000,4052.8000,4055.2000,4055.4000,4055.6000,4056.0000,4056.8000,1,2,4,1,3,1,2,1,1,2
SF,IF2006,2020-02-19 13:18:14.900,4055.0000,23918,1,5616453240.000,1,1,0,双开,B,4054.0000,4053.2000,4053.0000,4052.8000,4052.2000,4055.0000,4055.6000,4056.0000,4056.8000,4058.2000,2,4,1,3,3,2,1,1,2,1
SF,IF2006,2020-02-19 13:18:15.400,4055.0000,23918,0,5616453240.000,0,-,-,-,-,4054.0000,4053.2000,4053.0000,4052.2000,4052.0000,4054.8000,4055.0000,4055.6000,4056.0000,4056.8000,2,4,1,3,2,2,2,1,1,2
SF,IF2006,2020-02-19 13:18:17.900,4055.0000,23918,0,5616453240.000,0,-,-,-,-,4054.0000,4053.2000,4053.0000,4052.2000,4052.0000,4054.8000,4055.0000,4055.6000,4056.0000,4056.8000,2,4,1,3,2,2,2,1,1,1
SF,IF2006,2020-02-19 13:18:18.400,4055.0000,23918,0,5616453240.000,0,-,-,-,-,4054.0000,4053.2000,4053.0000,4052.2000,4052.0000,4054.4000,4054.6000,4054.8000,4055.0000,4056.0000,2,4,1,3,2,1,2,3,2,1
SF,IF2006,2020-02-19 13:18:18.900,4054.0000,23918,0,5618885640.000,2,1,1,空换,B,4053.2000,4053.0000,4052.2000,4052.0000,4051.8000,4054.0000,4054.4000,4054.6000,4054.8000,4055.0000,4,1,3,2,1,1,1,2,3,2
SF,IF2006,2020-02-19 13:18:19.400,4054.0000,23918,0,5618885640.000,0,-,-,-,-,4053.2000,4053.0000,4052.2000,4052.0000,4051.8000,4054.0000,4054.4000,4054.8000,4055.0000,4056.0000,4,1,3,2,1,1,1,3,2,1
SF,IF2006,2020-02-19 13:18:19.900,4054.0000,23918,0,5618885640.000,0,-,-,-,-,4053.2000,4053.0000,4052.2000,4052.0000,4051.8000,4054.0000,4054.8000,4055.0000,4056.0000,4056.8000,4,1,3,2,1,1,3,2,1,1
SF,IF2006,2020-02-19 13:18:20.400,4054.0000,23918,0,5618885640.000,0,-,-,-,-,4053.2000,4053.0000,4052.2000,4052.0000,4051.8000,4054.0000,4054.8000,4055.0000,4056.0000,4056.8000,4,1,3,2,1,2,3,2,1,1
SF,IF2006,2020-02-19 13:18:20.900,4054.0000,23918,0,5618885640.000,0,-,-,-,-,4053.4000,4053.2000,4053.0000,4052.2000,4052.0000,4054.0000,4054.8000,4055.0000,4056.0000,4056.8000,2,4,1,3,2,2,3,2,1,1
SF,IF2006,2020-02-19 13:18:21.400,4054.0000,23919,1,5621318040.000,2,1,1,多开,B,4053.2000,4053.0000,4052.2000,4052.0000,4051.8000,4054.8000,4055.0000,4056.0000,4056.8000,4058.2000,4,1,3,2,1,3,2,1,1,1
SF,IF2006,2020-02-19 13:18:21.900,4054.0000,23919,0,5621318040.000,0,-,-,-,-,4053.4000,4053.2000,4053.0000,4052.2000,4052.0000,4054.8000,4055.0000,4056.0000,4056.8000,4058.2000,2,4,1,3,2,2,2,1,1,1
SF,IF2006,2020-02-19 13:18:22.400,4054.0000,23919,0,5621318040.000,0,-,-,-,-,4053.4000,4053.2000,4053.0000,4052.2000,4052.0000,4054.8000,4055.0000,4056.0000,4056.8000,4058.2000,3,4,1,3,2,2,2,1,1,1
SF,IF2006,2020-02-19 13:18:23.400,4054.0000,23919,0,5621318040.000,0,-,-,-,-,4053.4000,4053.2000,4053.0000,4052.2000,4052.0000,4054.6000,4054.8000,4055.0000,4056.0000,4056.8000,2,4,1,3,2,1,2,1,1,1
SF,IF2006,2020-02-19 13:18:23.900,4054.0000,23919,0,5621318040.000,0,-,-,-,-,4053.2000,4053.0000,4052.2000,4052.0000,4051.8000,4054.2000,4054.4000,4055.0000,4056.0000,4056.8000,4,1,3,2,1,2,4,1,1,1
SF,IF2006,2020-02-19 13:18:24.400,4054.0000,23919,0,5621318040.000,0,-,-,-,-,4053.2000,4053.0000,4052.2000,4052.0000,4051.8000,4054.2000,4054.4000,4055.0000,4056.0000,4056.8000,4,1,3,2,1,3,3,1,1,1
SF,IF2006,2020-02-19 13:18:24.900,4054.0000,23919,0,5621318040.000,0,-,-,-,-,4053.4000,4053.2000,4053.0000,4052.2000,4052.0000,4054.2000,4054.4000,4056.0000,4056.8000,4058.2000,1,4,1,3,2,3,3,1,1,1
SF,IF2006,2020-02-19 13:18:25.400,4053.4000,23920,1,5622534060.000,1,1,0,双开,B,4053.4000,4053.2000,4053.0000,4052.2000,4052.0000,4054.4000,4056.0000,4056.8000,4058.2000,4059.4000,1,4,1,3,2,3,1,1,1,1
SF,IF2006,2020-02-19 13:18:25.900,4053.4000,23920,0,5622534060.000,0,-,-,-,-,4053.4000,4053.2000,4053.0000,4052.2000,4052.0000,4054.4000,4056.0000,4056.8000,4058.2000,4059.4000,1,4,1,3,2,2,1,1,1,1
SF,IF2006,2020-02-19 13:18:26.400,4053.4000,23920,0,5622534060.000,0,-,-,-,-,4053.6000,4053.4000,4053.2000,4053.0000,4052.2000,4054.4000,4056.8000,4058.2000,4059.4000,4059.8000,2,1,4,1,3,2,1,1,1,2
SF,IF2006,2020-02-19 13:18:26.900,4053.4000,23920,0,5622534060.000,0,-,-,-,-,4053.6000,4053.4000,4053.2000,4053.0000,4052.2000,4056.8000,4058.2000,4059.4000,4059.8000,4060.0000,2,1,4,1,3,1,1,1,2,5
SF,IF2006,2020-02-19 13:18:27.400,4053.4000,23920,0,5622534060.000,0,-,-,-,-,4053.8000,4053.6000,4053.4000,4053.2000,4053.0000,4055.4000,4055.6000,4055.8000,4056.0000,4056.2000,1,2,1,4,1,1,1,1,2,3
SF,IF2006,2020-02-19 13:18:27.900,4053.4000,23920,0,5622534060.000,0,-,-,-,-,4054.0000,4053.8000,4053.4000,4053.2000,4053.0000,4055.2000,4055.4000,4055.8000,4056.0000,4056.2000,2,1,2,4,1,3,1,1,2,1
SF,IF2006,2020-02-19 13:18:28.400,4053.4000,23920,0,5622534060.000,0,-,-,-,-,4054.0000,4053.6000,4053.4000,4053.2000,4053.0000,4055.2000,4055.4000,4055.8000,4056.0000,4056.2000,3,1,2,4,1,3,1,1,2,1
SF,IF2006,2020-02-19 13:18:28.900,4053.4000,23920,0,5622534060.000,0,-,-,-,-,4054.0000,4053.6000,4053.4000,4053.2000,4053.0000,4055.0000,4055.2000,4055.4000,4055.8000,4056.0000,3,1,2,4,1,3,3,1,1,2
SF,IF2006,2020-02-19 13:18:29.400,4055.0000,23921,1,5624967060.000,2,1,1,多开,B,4054.0000,4053.6000,4053.4000,4053.2000,4053.0000,4055.0000,4055.2000,4055.4000,4055.8000,4056.0000,3,1,2,4,1,1,3,1,1,2
SF,IF2006,2020-02-19 13:18:29.900,4055.0000,23922,1,5626183560.000,1,1,0,双开,B,4054.2000,4054.0000,4053.6000,4053.4000,4053.2000,4055.2000,4056.2000,4058.2000,4059.4000,4059.8000,2,3,1,2,4,1,1,1,1,2
SF,IF2006,2020-02-19 13:18:30.400,4055.0000,23922,0,5626183560.000,0,-,-,-,-,4054.4000,4054.2000,4054.0000,4053.6000,4053.4000,4055.2000,4056.2000,4058.2000,4059.4000,4059.8000,2,2,1,1,2,1,1,1,1,2
SF,IF2006,2020-02-19 13:18:30.900,4055.0000,23922,0,5626183560.000,0,-,-,-,-,4054.4000,4054.2000,4054.0000,4053.6000,4053.4000,4055.2000,4056.2000,4058.2000,4059.4000,4059.8000,2,2,1,1,2,1,1,1,1,2
SF,IF2006,2020-02-19 13:18:32.400,4055.0000,23922,0,5626183560.000,0,-,-,-,-,4054.4000,4054.0000,4053.6000,4053.4000,4053.2000,4055.2000,4056.2000,4058.2000,4059.4000,4059.8000,2,1,1,2,4,1,1,1,1,2
SF,IF2006,2020-02-19 13:18:32.900,4055.0000,23922,0,5626183560.000,0,-,-,-,-,4054.0000,4053.6000,4053.4000,4053.2000,4053.0000,4055.2000,4056.2000,4058.2000,4059.4000,4059.8000,1,1,2,4,1,1,1,1,1,2
SF,IF2006,2020-02-19 13:18:33.400,4055.0000,23922,0,5626183560.000,0,-,-,-,-,4054.2000,4054.0000,4053.6000,4053.4000,4053.2000,4055.2000,4056.2000,4058.2000,4059.4000,4059.8000,2,1,1,2,4,1,1,1,1,2
SF,IF2006,2020-02-19 13:18:33.900,4054.2000,23920,-2,5629832400.000,3,0,3,空平,B,4054.0000,4053.6000,4053.4000,4053.2000,4053.0000,4054.2000,4055.2000,4056.2000,4058.2000,4059.4000,1,1,1,4,1,2,1,1,1,1
SF,IF2006,2020-02-19 13:18:34.400,4054.2000,23919,-1,5632264920.000,2,0,2,空平,B,4054.4000,4054.0000,4053.6000,4053.4000,4053.2000,4055.2000,4058.2000,4059.4000,4059.8000,4061.8000,2,1,1,1,4,1,1,1,2,1
SF,IF2006,2020-02-19 13:18:34.900,4054.2000,23919,0,5632264920.000,0,-,-,-,-,4054.0000,4053.6000,4053.4000,4053.2000,4053.0000,4055.2000,4058.2000,4058.4000,4059.4000,4059.8000,1,1,1,4,1,1,1,1,1,2
SF,IF2006,2020-02-19 13:18:35.400,4054.2000,23919,0,5632264920.000,0,-,-,-,-,4054.2000,4054.0000,4053.6000,4053.4000,4053.2000,4055.2000,4058.2000,4058.4000,4059.4000,4059.8000,2,1,1,1,4,1,1,1,1,2
SF,IF2006,2020-02-19 13:18:36.400,4054.2000,23919,0,5632264920.000,0,-,-,-,-,4054.2000,4054.0000,4053.6000,4053.4000,4053.2000,4058.2000,4058.4000,4059.4000,4059.8000,4061.8000,2,2,1,1,4,1,1,1,2,1
SF,IF2006,2020-02-19 13:18:36.900,4054.2000,23919,0,5632264920.000,0,-,-,-,-,4054.4000,4054.2000,4054.0000,4053.6000,4053.4000,4056.6000,4056.8000,4057.6000,4057.8000,4058.0000,2,2,2,1,1,2,2,3,2,4
SF,IF2006,2020-02-19 13:18:37.400,4054.2000,23919,0,5632264920.000,0,-,-,-,-,4054.6000,4054.4000,4054.0000,4053.6000,4053.4000,4056.2000,4056.4000,4056.6000,4056.8000,4057.6000,2,1,2,1,1,1,2,1,2,3
SF,IF2006,2020-02-19 13:18:37.900,4054.4000,23917,-2,5634697560.000,2,0,2,双平,B,4054.4000,4054.0000,4053.6000,4053.4000,4053.2000,4056.0000,4056.2000,4056.8000,4057.6000,4057.8000,1,2,1,1,4,2,1,2,3,2
SF,IF2006,2020-02-19 13:18:38.900,4054.4000,23917,0,5634697560.000,0,-,-,-,-,4054.6000,4054.4000,4054.0000,4053.6000,4053.4000,4055.8000,4056.0000,4056.2000,4056.8000,4057.6000,1,1,2,1,1,1,2,1,2,2
SF,IF2006,2020-02-19 13:18:39.400,4054.4000,23917,0,5634697560.000,0,-,-,-,-,4054.6000,4054.4000,4054.0000,4053.6000,4053.4000,4055.0000,4055.6000,4055.8000,4056.2000,4056.8000,1,1,2,1,1,1,2,1,1,2
SF,IF2006,2020-02-19 13:18:39.900,4054.6000,23916,-1,5637130440.000,2,0,2,空平,B,4054.4000,4054.0000,4053.6000,4053.4000,4053.2000,4054.6000,4055.6000,4055.8000,4056.8000,4057.6000,1,2,1,1,4,2,2,1,2,2
SF,IF2006,2020-02-19 13:18:40.400,4054.6000,23914,-2,5639563200.000,2,0,2,双平,B,4054.8000,4054.0000,4053.6000,4053.4000,4053.2000,4055.6000,4055.8000,4056.8000,4057.6000,4057.8000,1,2,1,1,4,2,1,2,2,2
SF,IF2006,2020-02-19 13:18:40.900,4054.6000,23914,0,5639563200.000,0,-,-,-,-,4054.0000,4053.6000,4053.4000,4053.2000,4053.0000,4055.6000,4055.8000,4056.8000,4057.6000,4057.8000,2,1,1,4,1,2,1,1,2,2
SF,IF2006,2020-02-19 13:18:41.400,4054.0000,23913,-1,5643211860.000,3,1,2,空平,B,4053.6000,4053.4000,4053.2000,4053.0000,4052.2000,4055.6000,4056.8000,4057.6000,4057.8000,4058.2000,1,1,4,1,3,2,1,2,2,3
SF,IF2006,2020-02-19 13:18:41.900,4054.0000,23913,0,5643211860.000,0,-,-,-,-,4054.4000,4054.2000,4054.0000,4053.8000,4053.6000,4055.6000,4056.8000,4057.6000,4057.8000,4058.2000,2,1,1,1,1,2,1,2,2,3
SF,IF2006,2020-02-19 13:18:42.400,4054.0000,23913,0,5643211860.000,0,-,-,-,-,4054.4000,4054.2000,4054.0000,4053.8000,4053.6000,4055.4000,4055.6000,4056.8000,4057.6000,4057.8000,1,1,1,2,1,1,2,1,2,2
SF,IF2006,2020-02-19 13:18:42.900,4054.4000,23912,-1,5644428180.000,1,0,1,双平,B,4054.2000,4054.0000,4053.8000,4053.6000,4053.2000,4054.4000,4055.2000,4055.4000,4056.8000,4057.6000,1,1,2,1,4,2,2,1,1,2
SF,IF2006,2020-02-19 13:18:43.400,4054.4000,23911,-1,5646860820.000,2,0,2,空平,B,4054.6000,4054.2000,4054.0000,4053.8000,4053.6000,4055.2000,4056.8000,4057.6000,4057.8000,4058.2000,1,1,2,1,1,3,1,2,2,3
SF,IF2006,2020-02-19 13:18:43.900,4054.4000,23911,0,5646860820.000,0,-,-,-,-,4054.2000,4054.0000,4053.8000,4053.6000,4053.2000,4055.2000,4057.6000,4057.8000,4058.2000,4058.4000,1,1,1,1,4,3,1,2,3,1
SF,IF2006,2020-02-19 13:18:44.400,4054.4000,23911,0,5646860820.000,0,-,-,-,-,4054.2000,4054.0000,4053.6000,4053.2000,4053.0000,4055.2000,4057.6000,4057.8000,4058.2000,4058.4000,1,1,1,4,1,3,1,2,3,1
SF,IF2006,2020-02-19 13:18:44.900,4054.4000,23911,0,5646860820.000,0,-,-,-,-,4054.2000,4053.6000,4053.2000,4053.0000,4052.2000,4055.0000,4055.2000,4057.6000,4057.8000,4058.2000,1,1,4,1,3,1,2,1,2,3
SF,IF2006,2020-02-19 13:18:45.900,4054.4000,23911,0,5646860820.000,0,-,-,-,-,4054.2000,4053.6000,4053.2000,4053.0000,4052.2000,4055.0000,4055.2000,4057.6000,4057.8000,4058.2000,1,2,4,1,3,1,2,1,2,3
SF,IF2006,2020-02-19 13:18:46.400,4054.4000,23911,0,5646860820.000,0,-,-,-,-,4054.2000,4053.6000,4053.2000,4053.0000,4052.2000,4054.8000,4055.0000,4055.8000,4057.6000,4057.8000,1,3,4,1,3,2,1,1,1,2
SF,IF2006,2020-02-19 13:18:46.900,4054.2000,23911,0,5648077080.000,1,0,1,空换,B,4053.6000,4053.2000,4053.0000,4052.2000,4052.0000,4054.8000,4055.0000,4055.8000,4057.6000,4057.8000,3,4,1,3,2,2,1,1,1,2
SF,IF2006,2020-02-19 13:18:47.400,4054.2000,23911,0,5648077080.000,0,-,-,-,-,4053.6000,4053.2000,4053.0000,4052.2000,4052.0000,4054.8000,4055.0000,4055.8000,4057.6000,4057.8000,2,4,1,3,2,2,1,1,1,2
SF,IF2006,2020-02-19 13:18:47.900,4054.2000,23911,0,5648077080.000,0,-,-,-,-,4054.4000,4053.6000,4053.2000,4053.0000,4052.2000,4054.6000,4054.8000,4055.0000,4055.8000,4057.6000,1,1,4,1,3,1,2,1,1,1
SF,IF2006,2020-02-19 13:18:48.400,4054.4000,23912,1,5649293400.000,1,1,0,双开,B,4053.6000,4053.2000,4053.0000,4052.2000,4052.0000,4054.2000,4054.4000,4054.8000,4055.0000,4055.8000,1,4,1,3,2,1,1,2,1,1
SF,IF2006,2020-02-19 13:18:48.900,4054.4000,23912,0,5649293400.000,0,-,-,-,-,4053.6000,4053.2000,4053.0000,4052.2000,4052.0000,4054.4000,4054.8000,4055.0000,4055.8000,4057.6000,1,4,1,3,2,3,2,1,1,1
SF,IF2006,2020-02-19 13:18:49.400,4054.4000,23912,0,5649293400.000,0,-,-,-,-,4053.6000,4053.2000,4053.0000,4052.2000,4052.0000,4054.2000,4054.4000,4055.0000,4055.8000,4057.6000,1,4,1,3,2,2,3,1,1,1
SF,IF2006,2020-02-19 13:18:50.900,4053.6000,23913,1,5650509480.000,1,1,0,双开,B,4053.2000,4053.0000,4052.2000,4052.0000,4051.8000,4054.0000,4054.2000,4054.4000,4055.0000,4055.8000,4,1,3,2,1,1,2,3,1,1
SF,IF2006,2020-02-19 13:18:51.400,4053.6000,23913,0,5650509480.000,0,-,-,-,-,4053.6000,4053.2000,4053.0000,4052.2000,4052.0000,4053.8000,4054.0000,4054.4000,4055.0000,4055.8000,2,4,1,3,2,2,1,3,1,1
SF,IF2006,2020-02-19 13:18:51.900,4054.0000,23914,1,5654157960.000,3,2,1,多开,B,4053.6000,4053.2000,4053.0000,4052.2000,4052.0000,4054.4000,4055.0000,4055.8000,4057.6000,4057.8000,2,4,1,3,2,3,1,1,1,1
SF,IF2006,2020-02-19 13:18:52.400,4054.0000,23914,0,5654157960.000,0,-,-,-,-,4053.2000,4053.0000,4052.2000,4052.0000,4051.8000,4054.2000,4054.4000,4055.0000,4055.8000,4057.6000,4,1,3,2,1,2,3,1,1,1
SF,IF2006,2020-02-19 13:18:52.900,4054.0000,23914,0,5654157960.000,0,-,-,-,-,4053.2000,4053.0000,4052.2000,4052.0000,4051.8000,4054.2000,4054.4000,4055.8000,4057.6000,4057.8000,4,1,3,2,1,3,3,1,1,1
SF,IF2006,2020-02-19 13:18:53.400,4053.2000,23914,0,5657805840.000,3,1,2,空换,B,4053.2000,4053.0000,4052.2000,4052.0000,4051.8000,4054.0000,4054.2000,4054.4000,4055.8000,4057.6000,2,1,3,2,1,1,3,3,1,1
SF,IF2006,2020-02-19 13:18:53.900,4053.2000,23914,0,5657805840.000,0,-,-,-,-,4053.2000,4053.0000,4052.2000,4052.0000,4051.8000,4053.8000,4054.2000,4054.4000,4055.8000,4057.6000,2,1,3,2,1,2,1,3,1,1
SF,IF2006,2020-02-19 13:18:54.400,4053.8000,23913,-1,5659021980.000,1,0,1,双平,B,4053.2000,4053.0000,4052.2000,4052.0000,4051.8000,4053.8000,4054.2000,4054.4000,4055.8000,4057.6000,2,1,3,2,1,1,1,3,1,2
SF,IF2006,2020-02-19 13:18:55.400,4053.2000,23912,-1,5662669860.000,3,1,2,空平,B,4053.0000,4052.2000,4052.0000,4051.8000,4051.4000,4053.6000,4053.8000,4054.2000,4054.4000,4055.8000,1,3,2,1,1,1,1,1,3,1
SF,IF2006,2020-02-19 13:18:55.900,4053.2000,23912,0,5662669860.000,0,-,-,-,-,4053.0000,4052.2000,4052.0000,4051.8000,4051.4000,4053.4000,4053.6000,4054.2000,4054.4000,4055.8000,1,3,2,1,1,2,2,1,3,1
SF,IF2006,2020-02-19 13:18:56.400,4053.2000,23913,1,5665101720.000,2,1,1,多开,B,4052.2000,4052.0000,4051.8000,4051.4000,4051.0000,4053.6000,4054.2000,4054.4000,4055.8000,4057.6000,3,2,1,1,1,2,1,3,1,1
SF,IF2006,2020-02-19 13:18:56.900,4053.2000,23913,0,5665101720.000,0,-,-,-,-,4052.4000,4052.2000,4052.0000,4051.8000,4051.4000,4053.0000,4053.4000,4053.6000,4054.2000,4054.4000,3,3,2,1,1,3,2,1,1,3
SF,IF2006,2020-02-19 13:18:57.400,4053.0000,23913,0,5668749420.000,3,1,2,空换,B,4052.4000,4052.2000,4052.0000,4051.8000,4051.4000,4053.4000,4053.6000,4054.2000,4054.4000,4055.8000,3,3,2,1,1,2,1,1,3,1
SF,IF2006,2020-02-19 13:18:57.900,4053.4000,23911,-2,5671181460.000,2,0,2,双平,B,4052.4000,4052.2000,4052.0000,4051.8000,4051.4000,4053.6000,4054.2000,4054.4000,4055.8000,4057.6000,3,3,2,1,1,1,1,3,1,1
SF,IF2006,2020-02-19 13:18:58.400,4053.4000,23909,-2,5673613500.000,2,0,2,双平,B,4052.4000,4052.2000,4052.0000,4051.8000,4051.4000,4053.6000,4054.2000,4054.4000,4055.8000,4057.6000,3,3,2,1,1,1,1,3,1,1
SF,IF2006,2020-02-19 13:18:58.900,4053.4000,23909,0,5673613500.000,0,-,-,-,-,4053.4000,4053.0000,4052.6000,4052.4000,4052.2000,4053.6000,4054.2000,4054.4000,4055.8000,4057.6000,2,2,1,3,3,1,1,3,1,1
SF,IF2006,2020-02-19 13:18:59.400,4053.4000,23907,-2,5676045540.000,2,0,2,双平,B,4053.0000,4052.4000,4052.2000,4052.0000,4051.8000,4053.6000,4054.2000,4054.4000,4055.8000,4057.6000,2,3,3,2,1,1,1,3,1,1
SF,IF2006,2020-02-19 13:18:59.900,4053.4000,23905,-2,5678477580.000,2,0,2,双平,B,4053.0000,4052.4000,4052.2000,4052.0000,4051.8000,4053.6000,4054.2000,4054.4000,4055.8000,4057.6000,2,3,3,2,1,1,1,3,1,1
SF,IF2006,2020-02-19 13:19:02.400,4053.4000,23905,0,5678477580.000,0,-,-,-,-,4053.0000,4052.4000,4052.2000,4052.0000,4051.8000,4053.6000,4054.4000,4055.8000,4057.6000,4057.8000,2,3,3,2,1,1,3,1,1,1
SF,IF2006,2020-02-19 13:19:02.900,4053.4000,23905,0,5678477580.000,0,-,-,-,-,4053.2000,4053.0000,4052.4000,4052.2000,4052.0000,4053.6000,4054.4000,4055.8000,4057.6000,4057.8000,2,2,1,3,2,1,3,1,1,1
SF,IF2006,2020-02-19 13:19:03.900,4053.6000,23906,1,5679693660.000,1,1,0,双开,B,4053.2000,4053.0000,4052.4000,4052.2000,4052.0000,4054.4000,4055.8000,4057.6000,4057.8000,4058.2000,2,2,1,3,2,3,1,1,1,3
SF,IF2006,2020-02-19 13:19:04.400,4053.6000,23906,0,5679693660.000,0,-,-,-,-,4053.2000,4053.0000,4052.2000,4052.0000,4051.8000,4054.2000,4054.4000,4055.8000,4057.6000,4057.8000,2,2,3,2,1,1,3,1,1,1
SF,IF2006,2020-02-19 13:19:04.900,4053.2000,23904,-2,5682125580.000,2,0,2,双平,B,4053.0000,4052.2000,4052.0000,4051.8000,4051.4000,4053.2000,4054.4000,4055.8000,4057.6000,4057.8000,2,3,2,1,1,1,3,1,1,1
SF,IF2006,2020-02-19 13:19:05.400,4053.2000,23904,0,5683341540.000,1,0,1,空换,B,4053.4000,4053.2000,4053.0000,4052.2000,4052.0000,4054.4000,4055.8000,4057.6000,4057.8000,4058.2000,1,5,2,3,2,3,1,1,1,3
SF,IF2006,2020-02-19 13:19:05.900,4053.2000,23904,0,5683341540.000,0,-,-,-,-,4053.6000,4053.2000,4053.0000,4052.2000,4052.0000,4054.4000,4055.8000,4057.6000,4057.8000,4058.2000,1,6,2,3,4,3,1,1,1,3
SF,IF2006,2020-02-19 13:19:06.400,4053.2000,23904,0,5683341540.000,0,-,-,-,-,4054.0000,4053.8000,4053.6000,4053.2000,4053.0000,4054.4000,4055.8000,4057.6000,4057.8000,4058.2000,1,2,2,4,2,3,1,1,1,3
SF,IF2006,2020-02-19 13:19:08.900,4054.4000,23904,0,5684557860.000,1,0,1,空换,B,4054.0000,4053.8000,4053.6000,4053.2000,4053.0000,4054.4000,4055.8000,4057.6000,4057.8000,4058.2000,1,2,2,4,2,2,1,1,1,3
SF,IF2006,2020-02-19 13:19:09.400,4054.4000,23903,-1,5686990500.000,2,0,2,空平,B,4054.0000,4053.8000,4053.6000,4053.2000,4053.0000,4057.6000,4057.8000,4058.2000,4058.4000,4058.8000,1,2,2,4,2,1,1,3,1,2
SF,IF2006,2020-02-19 13:19:09.900,4054.4000,23903,0,5686990500.000,0,-,-,-,-,4054.2000,4054.0000,4053.6000,4053.2000,4053.0000,4055.6000,4055.8000,4056.0000,4056.8000,4057.2000,2,1,2,4,2,1,1,1,1,1
SF,IF2006,2020-02-19 13:19:10.400,4054.4000,23903,0,5686990500.000,0,-,-,-,-,4054.2000,4054.0000,4053.6000,4053.2000,4053.0000,4055.0000,4055.4000,4056.8000,4057.2000,4057.4000,2,1,1,2,2,1,3,1,1,1
SF,IF2006,2020-02-19 13:19:10.900,4054.2000,23903,0,5689423020.000,2,1,1,空换,B,4054.0000,4053.6000,4053.2000,4053.0000,4052.2000,4055.0000,4055.4000,4056.8000,4057.2000,4057.4000,1,1,2,2,3,1,3,1,1,1
SF,IF2006,2020-02-19 13:19:11.400,4054.2000,23903,0,5689423020.000,0,-,-,-,-,4054.0000,4053.6000,4053.2000,4053.0000,4052.2000,4055.0000,4055.4000,4056.8000,4057.2000,4057.4000,1,1,2,2,3,1,3,1,1,1
SF,IF2006,2020-02-19 13:19:11.900,4054.2000,23903,0,5689423020.000,0,-,-,-,-,4054.0000,4053.6000,4053.2000,4053.0000,4052.2000,4054.8000,4055.0000,4056.8000,4057.2000,4057.4000,1,1,2,2,3,2,1,1,1,1
SF,IF2006,2020-02-19 13:19:12.400,4054.8000,23903,0,5691855900.000,2,1,1,空换,B,4053.6000,4053.2000,4053.0000,4052.2000,4052.0000,4055.0000,4056.8000,4057.2000,4057.4000,4057.6000,1,2,2,3,4,1,1,1,1,2
SF,IF2006,2020-02-19 13:19:12.900,4054.8000,23903,0,5691855900.000,0,-,-,-,-,4054.0000,4053.8000,4053.6000,4053.2000,4053.0000,4055.0000,4056.8000,4057.2000,4057.4000,4057.6000,1,2,1,2,2,1,1,1,1,2
SF,IF2006,2020-02-19 13:19:13.400,4054.8000,23903,0,5691855900.000,0,-,-,-,-,4054.2000,4054.0000,4053.6000,4053.2000,4053.0000,4055.0000,4056.8000,4057.2000,4057.4000,4057.6000,2,1,1,1,2,1,1,1,1,2
SF,IF2006,2020-02-19 13:19:13.900,4054.0000,23900,-3,5695504620.000,3,0,3,双平,B,4053.6000,4053.2000,4053.0000,4052.2000,4052.0000,4055.0000,4056.8000,4057.2000,4057.4000,4057.6000,1,1,2,3,4,1,1,1,1,2
SF,IF2006,2020-02-19 13:19:14.400,4054.0000,23900,0,5695504620.000,0,-,-,-,-,4054.4000,4053.8000,4053.6000,4053.2000,4053.0000,4054.8000,4055.0000,4056.8000,4057.2000,4057.4000,1,2,1,1,2,2,1,1,1,1
SF,IF2006,2020-02-19 13:19:14.900,4054.0000,23900,0,5695504620.000,0,-,-,-,-,4053.8000,4053.6000,4053.2000,4053.0000,4052.2000,4054.8000,4055.0000,4056.8000,4057.2000,4057.4000,2,1,1,2,3,3,1,1,1,1
SF,IF2006,2020-02-19 13:19:15.400,4054.8000,23900,0,5697937500.000,2,1,1,空换,B,4054.0000,4053.6000,4053.2000,4053.0000,4052.2000,4054.4000,4055.0000,4056.8000,4057.2000,4057.4000,3,1,1,2,3,3,1,1,1,1
SF,IF2006,2020-02-19 13:19:15.900,4054.4000,23900,0,5701586460.000,3,1,2,空换,B,4054.0000,4053.6000,4053.2000,4053.0000,4052.2000,4056.8000,4057.2000,4057.4000,4057.6000,4057.8000,3,1,1,2,3,1,1,1,2,1
SF,IF2006,2020-02-19 13:19:16.400,4054.2000,23897,-3,5705235240.000,3,0,3,双平,B,4054.2000,4054.0000,4053.6000,4053.2000,4053.0000,4055.6000,4055.8000,4056.0000,4056.6000,4056.8000,1,4,1,1,2,1,1,1,3,1
SF,IF2006,2020-02-19 13:19:16.900,4054.2000,23895,-2,5708884020.000,3,0,3,空平,B,4054.0000,4053.6000,4053.2000,4053.0000,4052.2000,4055.4000,4055.6000,4056.0000,4056.6000,4056.8000,4,1,1,2,3,1,1,1,1,1
SF,IF2006,2020-02-19 13:19:17.400,4054.0000,23893,-2,5712532740.000,3,0,3,空平,B,4054.0000,4053.6000,4053.2000,4053.0000,4052.2000,4055.4000,4055.6000,4056.0000,4056.6000,4057.2000,3,1,1,2,3,1,1,1,1,1
SF,IF2006,2020-02-19 13:19:17.900,4054.4000,23893,0,5714965680.000,2,1,1,空换,B,4054.4000,4054.2000,4054.0000,4053.6000,4053.2000,4055.6000,4056.0000,4056.6000,4057.2000,4057.4000,14,1,2,1,1,1,1,1,1,1
SF,IF2006,2020-02-19 13:19:18.400,4054.4000,23893,0,5714965680.000,0,-,-,-,-,4054.6000,4054.4000,4054.2000,4054.0000,4053.6000,4056.6000,4057.2000,4057.4000,4057.6000,4057.8000,1,14,1,2,1,1,1,1,1,1
SF,IF2006,2020-02-19 13:19:18.900,4054.4000,23893,0,5714965680.000,0,-,-,-,-,4054.6000,4054.4000,4054.0000,4053.6000,4053.2000,4056.4000,4056.6000,4057.4000,4057.6000,4058.2000,3,13,2,1,1,3,1,1,1,2
SF,IF2006,2020-02-19 13:19:19.400,4054.4000,23893,0,5714965680.000,0,-,-,-,-,4054.8000,4054.6000,4054.4000,4054.0000,4053.6000,4055.2000,4056.4000,4056.6000,4057.4000,4057.6000,1,3,13,2,1,1,3,1,1,1
SF,IF2006,2020-02-19 13:19:19.900,4055.2000,23894,1,5716182240.000,1,1,0,双开,B,4054.8000,4054.6000,4054.4000,4054.0000,4053.6000,4056.4000,4056.6000,4057.4000,4057.6000,4058.2000,1,1,13,2,1,2,1,1,1,2
SF,IF2006,2020-02-19 13:19:20.400,4055.2000,23894,0,5716182240.000,0,-,-,-,-,4055.0000,4054.8000,4054.4000,4054.0000,4053.6000,4056.2000,4056.4000,4056.6000,4057.4000,4057.6000,1,1,13,2,1,2,2,1,1,1
SF,IF2006,2020-02-19 13:19:20.900,4055.2000,23894,0,5716182240.000,0,-,-,-,-,4054.8000,4054.4000,4054.0000,4053.6000,4053.2000,4056.0000,4056.2000,4056.6000,4057.4000,4057.6000,1,13,2,1,1,2,2,1,1,1
SF,IF2006,2020-02-19 13:19:21.400,4055.2000,23894,0,5716182240.000,0,-,-,-,-,4054.4000,4054.0000,4053.6000,4053.2000,4053.0000,4056.0000,4056.2000,4056.6000,4057.4000,4057.6000,13,2,1,1,2,2,2,1,1,1
SF,IF2006,2020-02-19 13:19:21.900,4054.4000,23891,-3,5719831320.000,3,0,3,双平,B,4054.4000,4054.0000,4053.6000,4053.2000,4053.0000,4055.8000,4056.0000,4056.2000,4056.6000,4057.4000,12,2,1,1,2,1,2,2,1,1
SF,IF2006,2020-02-19 13:19:22.400,4055.6000,23891,0,5721048000.000,1,0,1,空换,B,4054.4000,4054.0000,4053.6000,4053.2000,4053.0000,4055.8000,4056.6000,4057.4000,4057.6000,4058.2000,12,2,1,1,2,1,1,1,1,1
SF,IF2006,2020-02-19 13:19:22.900,4054.6000,23890,-1,5722264380.000,1,0,1,双平,B,4054.6000,4054.4000,4054.0000,4053.6000,4053.2000,4055.8000,4056.6000,4057.4000,4057.6000,4058.2000,1,12,2,1,1,1,1,1,1,1
SF,IF2006,2020-02-19 13:19:23.400,4054.6000,23890,0,5722264380.000,0,-,-,-,-,4054.6000,4054.4000,4054.0000,4053.6000,4053.2000,4055.6000,4055.8000,4056.6000,4057.4000,4057.6000,1,12,2,1,1,2,1,1,1,1
SF,IF2006,2020-02-19 13:19:24.900,4054.6000,23890,0,5722264380.000,0,-,-,-,-,4054.4000,4054.0000,4053.6000,4053.2000,4053.0000,4055.6000,4056.6000,4057.4000,4057.6000,4058.2000,10,2,1,1,2,2,1,1,1,1
SF,IF2006,2020-02-19 13:19:25.400,4054.6000,23890,0,5722264380.000,0,-,-,-,-,4054.4000,4054.0000,4053.6000,4053.2000,4053.0000,4054.6000,4055.6000,4056.6000,4057.4000,4057.6000,10,2,1,1,2,3,2,1,1,1
SF,IF2006,2020-02-19 13:19:25.900,4054.6000,23889,-1,5725913520.000,3,1,2,空平,B,4054.6000,4054.4000,4054.0000,4053.6000,4053.2000,4055.6000,4056.6000,4057.4000,4057.6000,4058.2000,3,10,2,1,1,2,1,1,1,1
SF,IF2006,2020-02-19 13:19:26.900,4054.6000,23889,0,5725913520.000,0,-,-,-,-,4054.6000,4054.4000,4054.0000,4053.6000,4053.2000,4055.6000,4056.6000,4057.4000,4057.6000,4058.2000,4,10,2,1,1,2,1,1,1,1
SF,IF2006,2020-02-19 13:19:27.900,4055.6000,23889,0,5728346880.000,2,1,1,空换,B,4054.6000,4054.4000,4054.0000,4053.6000,4053.2000,4056.6000,4057.4000,4057.6000,4058.2000,4058.4000,4,10,2,1,1,1,1,1,1,1
SF,IF2006,2020-02-19 13:19:28.400,4055.6000,23889,0,5728346880.000,0,-,-,-,-,4055.6000,4054.8000,4054.6000,4054.4000,4054.0000,4056.2000,4056.6000,4057.4000,4057.6000,4058.2000,2,2,5,10,2,2,1,1,1,1
SF,IF2006,2020-02-19 13:19:28.900,4055.6000,23889,0,5730780240.000,2,1,1,空换,B,4054.8000,4054.6000,4054.4000,4054.0000,4053.6000,4055.6000,4056.0000,4056.2000,4057.4000,4057.6000,2,5,10,2,1,2,2,2,1,1
SF,IF2006,2020-02-19 13:19:29.400,4055.6000,23889,0,5730780240.000,0,-,-,-,-,4054.6000,4054.4000,4054.0000,4053.6000,4053.2000,4055.6000,4056.0000,4056.2000,4057.4000,4057.6000,5,10,2,1,1,2,2,2,1,1
SF,IF2006,2020-02-19 13:19:29.900,4055.6000,23889,0,5731996920.000,1,0,1,空换,B,4054.6000,4054.4000,4054.0000,4053.6000,4053.2000,4055.6000,4056.0000,4056.2000,4057.4000,4057.6000,5,10,2,1,1,1,2,2,1,1
SF,IF2006,2020-02-19 13:19:30.400,4055.6000,23889,0,5731996920.000,0,-,-,-,-,4054.8000,4054.6000,4054.4000,4054.0000,4053.6000,4055.4000,4055.6000,4056.2000,4057.4000,4057.6000,1,4,10,2,1,2,1,1,1,1
SF,IF2006,2020-02-19 13:19:30.900,4055.6000,23889,0,5731996920.000,0,-,-,-,-,4054.8000,4054.6000,4054.4000,4053.6000,4053.2000,4055.4000,4055.6000,4057.4000,4057.6000,4058.2000,1,2,10,1,1,2,1,1,1,1
SF,IF2006,2020-02-19 13:19:31.400,4055.6000,23889,0,5731996920.000,0,-,-,-,-,4054.8000,4054.6000,4054.4000,4053.6000,4053.2000,4055.4000,4055.6000,4057.4000,4057.6000,4058.2000,1,2,10,1,1,2,1,1,1,1
SF,IF2006,2020-02-19 13:19:33.400,4055.6000,23889,0,5731996920.000,0,-,-,-,-,4054.8000,4054.6000,4054.4000,4053.6000,4053.2000,4055.4000,4055.6000,4057.4000,4057.6000,4058.2000,1,1,10,1,1,2,1,1,1,1
SF,IF2006,2020-02-19 13:19:33.900,4055.6000,23889,0,5731996920.000,0,-,-,-,-,4054.6000,4054.4000,4053.6000,4053.2000,4053.0000,4055.4000,4055.6000,4057.4000,4057.6000,4058.2000,1,10,1,1,2,2,1,1,1,1
SF,IF2006,2020-02-19 13:19:35.400,4054.6000,23889,0,5733213300.000,1,0,1,空换,B,4054.4000,4053.6000,4053.2000,4053.0000,4052.2000,4055.2000,4055.4000,4055.6000,4057.4000,4057.6000,10,1,1,2,3,1,2,1,1,1
SF,IF2006,2020-02-19 13:19:35.900,4054.4000,23889,0,5734429620.000,1,0,1,空换,B,4054.4000,4053.6000,4053.2000,4053.0000,4052.2000,4054.8000,4055.0000,4055.6000,4057.4000,4057.6000,9,1,1,2,3,1,3,1,1,1
SF,IF2006,2020-02-19 13:19:36.400,4054.4000,23889,0,5734429620.000,0,-,-,-,-,4054.4000,4053.6000,4053.2000,4053.0000,4052.2000,4054.8000,4055.0000,4055.6000,4057.4000,4057.6000,9,1,1,2,3,1,4,1,1,1
SF,IF2006,2020-02-19 13:19:36.900,4054.4000,23889,0,5734429620.000,0,-,-,-,-,4054.6000,4054.4000,4053.6000,4053.2000,4053.0000,4054.8000,4055.0000,4055.6000,4057.4000,4057.6000,1,9,1,1,2,1,4,1,1,1
SF,IF2006,2020-02-19 13:19:37.400,4054.4000,23889,0,5734429620.000,0,-,-,-,-,4054.6000,4054.4000,4053.6000,4053.2000,4053.0000,4055.0000,4055.6000,4057.4000,4057.6000,4058.2000,1,9,1,1,2,4,1,1,1,1
SF,IF2006,2020-02-19 13:19:37.900,4054.4000,23889,0,5734429620.000,0,-,-,-,-,4054.6000,4054.4000,4053.6000,4053.2000,4053.0000,4055.0000,4055.6000,4057.4000,4057.6000,4058.2000,1,9,1,1,2,3,1,1,1,1
SF,IF2006,2020-02-19 13:19:38.400,4054.4000,23889,0,5734429620.000,0,-,-,-,-,4054.8000,4054.6000,4054.4000,4053.6000,4053.2000,4055.0000,4055.6000,4057.4000,4057.6000,4058.2000,1,1,11,1,1,2,1,1,1,1
SF,IF2006,2020-02-19 13:19:39.900,4054.8000,23890,1,5735646060.000,1,1,0,双开,B,4054.6000,4054.4000,4053.6000,4053.2000,4053.0000,4055.0000,4055.6000,4057.4000,4057.6000,4058.2000,1,11,1,1,2,2,1,1,1,1
SF,IF2006,2020-02-19 13:19:40.900,4054.8000,23890,0,5735646060.000,0,-,-,-,-,4054.6000,4054.4000,4053.6000,4053.2000,4053.0000,4055.0000,4055.6000,4057.4000,4057.6000,4058.2000,1,11,1,1,2,2,1,1,1,1
SF,IF2006,2020-02-19 13:19:41.400,4054.8000,23890,0,5735646060.000,0,-,-,-,-,4054.4000,4053.6000,4053.2000,4053.0000,4052.2000,4055.0000,4055.6000,4057.4000,4057.6000,4058.2000,11,1,1,2,3,2,1,1,1,1
SF,IF2006,2020-02-19 13:19:42.900,4054.8000,23890,0,5735646060.000,0,-,-,-,-,4054.4000,4053.6000,4053.2000,4053.0000,4052.2000,4054.8000,4055.0000,4055.6000,4057.4000,4057.6000,11,1,1,2,3,1,2,1,1,1
SF,IF2006,2020-02-19 13:19:43.400,4054.4000,23890,0,5736862380.000,1,0,1,空换,B,4054.4000,4053.6000,4053.2000,4053.0000,4052.2000,4054.8000,4055.0000,4055.6000,4057.4000,4057.6000,10,1,1,2,3,1,2,1,1,1
SF,IF2006,2020-02-19 13:19:43.900,4054.6000,23889,-1,5738078760.000,1,0,1,双平,B,4054.4000,4053.6000,4053.2000,4053.0000,4052.2000,4054.6000,4054.8000,4055.6000,4057.4000,4057.6000,10,1,1,2,3,1,1,1,1,1
SF,IF2006,2020-02-19 13:19:44.400,4054.4000,23888,-1,5744160360.000,5,2,3,空平,B,4054.4000,4053.6000,4053.2000,4053.0000,4052.2000,4054.6000,4054.8000,4055.6000,4057.4000,4057.6000,5,1,1,2,3,1,1,1,1,1
SF,IF2006,2020-02-19 13:19:44.900,4054.4000,23890,2,5750241960.000,5,3,2,多开,B,4053.6000,4053.2000,4053.0000,4052.2000,4052.0000,4054.6000,4054.8000,4055.6000,4057.4000,4057.6000,1,1,2,3,5,1,1,1,1,1
SF,IF2006,2020-02-19 13:19:45.400,4054.4000,23890,0,5750241960.000,0,-,-,-,-,4053.8000,4053.6000,4053.2000,4053.0000,4052.2000,4054.4000,4054.6000,4055.6000,4057.4000,4057.6000,1,1,1,2,3,4,1,1,1,1
SF,IF2006,2020-02-19 13:19:45.900,4054.4000,23890,0,5750241960.000,0,-,-,-,-,4053.6000,4053.2000,4053.0000,4052.2000,4052.0000,4054.4000,4054.6000,4055.6000,4057.4000,4057.6000,1,1,2,3,5,4,1,1,1,1
SF,IF2006,2020-02-19 13:19:46.900,4054.4000,23890,0,5750241960.000,0,-,-,-,-,4053.6000,4053.0000,4052.2000,4052.0000,4051.8000,4054.4000,4054.6000,4055.6000,4057.4000,4057.6000,1,2,3,5,1,4,1,1,1,1
SF,IF2006,2020-02-19 13:19:47.400,4054.4000,23890,0,5750241960.000,0,-,-,-,-,4053.8000,4053.6000,4053.0000,4052.2000,4052.0000,4054.4000,4054.6000,4055.6000,4057.4000,4057.6000,1,1,2,3,5,4,1,1,1,1
SF,IF2006,2020-02-19 13:19:49.400,4054.4000,23890,0,5750241960.000,0,-,-,-,-,4053.8000,4053.6000,4053.0000,4052.2000,4052.0000,4054.4000,4054.6000,4055.6000,4057.4000,4057.6000,1,1,2,3,5,4,1,1,1,1
SF,IF2006,2020-02-19 13:19:49.900,4054.4000,23890,0,5750241960.000,0,-,-,-,-,4053.6000,4053.0000,4052.2000,4052.0000,4051.8000,4054.4000,4054.6000,4055.6000,4057.4000,4057.6000,1,2,3,5,1,4,1,1,1,1
SF,IF2006,2020-02-19 13:19:50.900,4054.4000,23890,0,5750241960.000,0,-,-,-,-,4053.6000,4053.0000,4052.2000,4052.0000,4051.8000,4054.4000,4054.6000,4055.6000,4057.4000,4057.6000,1,2,3,5,2,4,1,1,1,1
SF,IF2006,2020-02-19 13:19:51.900,4054.4000,23890,0,5750241960.000,0,-,-,-,-,4053.6000,4053.0000,4052.2000,4052.0000,4051.8000,4054.4000,4054.6000,4055.6000,4057.4000,4057.6000,3,2,3,5,2,4,1,1,1,1
SF,IF2006,2020-02-19 13:19:52.400,4054.4000,23890,0,5750241960.000,0,-,-,-,-,4053.6000,4053.0000,4052.2000,4052.0000,4051.8000,4054.4000,4054.6000,4055.6000,4057.4000,4057.6000,3,2,3,5,2,2,1,1,1,1
SF,IF2006,2020-02-19 13:19:52.900,4054.4000,23890,0,5750241960.000,0,-,-,-,-,4053.6000,4053.0000,4052.2000,4052.0000,4051.8000,4054.2000,4054.4000,4054.6000,4055.6000,4057.4000,3,2,3,5,2,1,2,1,1,1
SF,IF2006,2020-02-19 13:19:53.400,4054.4000,23890,0,5750241960.000,0,-,-,-,-,4053.6000,4053.0000,4052.2000,4052.0000,4051.8000,4054.4000,4054.6000,4055.6000,4055.8000,4057.4000,3,2,3,5,2,2,1,1,1,1
SF,IF2006,2020-02-19 13:19:53.900,4053.6000,23889,-1,5751458040.000,1,0,1,双平,B,4053.6000,4053.0000,4052.2000,4052.0000,4051.8000,4054.2000,4054.4000,4054.6000,4055.6000,4055.8000,2,2,3,5,2,1,2,1,1,1
SF,IF2006,2020-02-19 13:19:54.400,4054.2000,23888,-1,5752674300.000,1,0,1,双平,B,4053.6000,4053.0000,4052.2000,4052.0000,4051.8000,4054.4000,4054.6000,4055.6000,4055.8000,4057.4000,2,2,3,5,2,2,1,1,1,1
SF,IF2006,2020-02-19 13:19:54.900,4054.2000,23888,0,5752674300.000,0,-,-,-,-,4053.6000,4053.0000,4052.2000,4052.0000,4051.8000,4054.0000,4054.2000,4054.4000,4055.6000,4055.8000,2,2,3,5,2,1,3,1,1,1
SF,IF2006,2020-02-19 13:19:56.900,4054.2000,23888,0,5752674300.000,0,-,-,-,-,4053.6000,4053.0000,4052.2000,4052.0000,4051.8000,4054.0000,4054.2000,4055.6000,4055.8000,4057.4000,2,2,3,5,2,1,3,1,1,1
SF,IF2006,2020-02-19 13:19:57.400,4054.2000,23888,0,5752674300.000,0,-,-,-,-,4053.8000,4053.6000,4053.0000,4052.2000,4052.0000,4054.0000,4054.2000,4055.6000,4055.8000,4057.4000,1,2,2,3,5,1,3,1,1,1
SF,IF2006,2020-02-19 13:19:57.900,4053.8000,23888,0,5753890440.000,1,0,1,空换,B,4053.8000,4053.6000,4053.0000,4052.2000,4052.0000,4054.0000,4054.2000,4055.6000,4055.8000,4057.4000,1,2,2,3,5,1,3,1,1,1
SF,IF2006,2020-02-19 13:19:58.400,4053.8000,23889,1,5755106580.000,1,1,0,双开,B,4053.6000,4053.0000,4052.2000,4052.0000,4051.8000,4054.2000,4055.6000,4055.8000,4057.4000,4057.6000,2,2,3,5,2,2,1,1,1,1
SF,IF2006,2020-02-19 13:19:58.900,4053.8000,23889,0,5755106580.000,0,-,-,-,-,4053.6000,4053.0000,4052.2000,4052.0000,4051.8000,4054.0000,4054.2000,4055.6000,4055.8000,4057.4000,2,2,3,5,2,2,2,1,1,1
SF,IF2006,2020-02-19 13:19:59.400,4053.6000,23889,0,5757538740.000,2,1,1,空换,B,4053.0000,4052.2000,4052.0000,4051.8000,4051.6000,4054.0000,4054.2000,4055.6000,4055.8000,4057.4000,2,3,5,2,1,2,2,1,1,1
SF,IF2006,2020-02-19 13:19:59.900,4053.6000,23889,0,5757538740.000,0,-,-,-,-,4053.0000,4052.2000,4052.0000,4051.8000,4051.6000,4053.8000,4054.0000,4055.6000,4055.8000,4057.4000,2,3,5,2,1,2,2,1,1,1
SF,IF2006,2020-02-19 13:20:00.900,4053.6000,23889,0,5757538740.000,0,-,-,-,-,4053.0000,4052.2000,4052.0000,4051.8000,4051.6000,4053.6000,4053.8000,4055.6000,4055.8000,4057.4000,2,3,5,2,1,2,2,1,1,1
SF,IF2006,2020-02-19 13:20:01.400,4053.0000,23890,1,5759970540.000,2,1,1,多开,B,4052.2000,4052.0000,4051.8000,4051.6000,4051.4000,4053.4000,4055.6000,4055.8000,4057.4000,4057.6000,3,5,2,1,1,2,1,1,1,1
SF,IF2006,2020-02-19 13:20:01.900,4053.0000,23890,0,5759970540.000,0,-,-,-,-,4052.4000,4052.2000,4052.0000,4051.8000,4051.6000,4053.0000,4053.2000,4053.4000,4055.6000,4055.8000,2,3,5,2,1,1,1,2,1,1
SF,IF2006,2020-02-19 13:20:02.400,4053.0000,23890,0,5759970540.000,0,-,-,-,-,4052.2000,4052.0000,4051.8000,4051.6000,4051.4000,4052.8000,4053.0000,4053.2000,4055.6000,4055.8000,3,5,2,1,1,2,1,1,1,1
SF,IF2006,2020-02-19 13:20:02.900,4053.0000,23890,0,5763618120.000,3,1,2,空换,B,4052.4000,4052.2000,4052.0000,4051.8000,4051.6000,4055.6000,4055.8000,4057.4000,4057.6000,4058.2000,1,3,5,2,1,1,1,1,1,1
SF,IF2006,2020-02-19 13:20:03.400,4053.0000,23890,0,5763618120.000,0,-,-,-,-,4052.6000,4052.4000,4052.2000,4052.0000,4051.8000,4054.6000,4054.8000,4055.0000,4055.4000,4055.6000,3,1,3,5,2,2,1,1,1,2
SF,IF2006,2020-02-19 13:20:03.900,4053.0000,23890,0,5763618120.000,0,-,-,-,-,4052.8000,4052.6000,4052.2000,4052.0000,4051.8000,4054.4000,4054.6000,4055.0000,4055.6000,4055.8000,1,3,3,5,2,4,2,1,2,1
SF,IF2006,2020-02-19 13:20:04.400,4053.0000,23890,0,5763618120.000,0,-,-,-,-,4053.0000,4052.8000,4052.6000,4052.2000,4052.0000,4054.4000,4054.6000,4055.6000,4055.8000,4057.6000,2,1,1,3,5,3,2,1,1,1
SF,IF2006,2020-02-19 13:20:04.900,4053.0000,23890,0,5764834020.000,1,0,1,空换,B,4053.0000,4052.8000,4052.6000,4052.2000,4052.0000,4054.4000,4054.6000,4055.6000,4055.8000,4057.6000,1,1,1,3,5,2,2,1,1,1
SF,IF2006,2020-02-19 13:20:05.400,4053.0000,23890,0,5764834020.000,0,-,-,-,-,4053.0000,4052.8000,4052.6000,4052.2000,4052.0000,4054.4000,4054.6000,4055.6000,4055.8000,4057.6000,1,1,1,3,5,2,2,1,1,1
SF,IF2006,2020-02-19 13:20:05.900,4053.0000,23890,0,5764834020.000,0,-,-,-,-,4053.0000,4052.6000,4052.2000,4052.0000,4051.8000,4054.2000,4054.4000,4055.6000,4055.8000,4057.6000,1,1,3,5,2,2,2,1,1,1
SF,IF2006,2020-02-19 13:20:06.400,4053.0000,23890,0,5764834020.000,0,-,-,-,-,4053.0000,4052.6000,4052.2000,4052.0000,4051.8000,4054.2000,4054.4000,4054.6000,4055.6000,4055.8000,1,1,3,5,2,1,2,1,1,1
SF,IF2006,2020-02-19 13:20:06.900,4053.0000,23890,0,5764834020.000,0,-,-,-,-,4053.0000,4052.6000,4052.2000,4052.0000,4051.8000,4054.0000,4054.2000,4054.6000,4055.6000,4055.8000,1,1,3,5,2,1,1,1,1,1
SF,IF2006,2020-02-19 13:20:07.900,4054.0000,23889,-1,5766050220.000,1,0,1,双平,B,4053.0000,4052.6000,4052.2000,4052.0000,4051.8000,4054.2000,4054.6000,4055.6000,4055.8000,4057.6000,2,1,3,5,2,1,1,1,1,1
SF,IF2006,2020-02-19 13:20:08.400,4054.0000,23889,0,5766050220.000,0,-,-,-,-,4053.0000,4052.6000,4052.2000,4052.0000,4051.8000,4054.0000,4054.2000,4054.6000,4055.6000,4055.8000,2,1,3,5,2,2,1,1,1,1
SF,IF2006,2020-02-19 13:20:08.900,4054.0000,23889,0,5766050220.000,0,-,-,-,-,4053.0000,4052.2000,4052.0000,4051.8000,4051.6000,4053.8000,4054.0000,4054.6000,4055.6000,4055.8000,2,3,5,2,1,1,2,1,1,1
SF,IF2006,2020-02-19 13:20:09.900,4054.0000,23889,0,5766050220.000,0,-,-,-,-,4053.0000,4052.2000,4052.0000,4051.8000,4051.6000,4053.6000,4053.8000,4054.0000,4054.6000,4055.6000,2,3,5,2,1,1,1,2,1,1
SF,IF2006,2020-02-19 13:20:10.400,4053.0000,23890,1,5767266120.000,1,1,0,双开,B,4052.2000,4052.0000,4051.8000,4051.6000,4051.4000,4053.4000,4054.6000,4055.6000,4055.8000,4057.6000,3,5,2,1,1,1,1,1,2,1
SF,IF2006,2020-02-19 13:20:10.900,4053.0000,23890,0,5767266120.000,0,-,-,-,-,4052.4000,4052.2000,4052.0000,4051.8000,4051.6000,4053.4000,4054.6000,4055.6000,4055.8000,4057.6000,2,3,5,2,1,1,1,1,2,1
SF,IF2006,2020-02-19 13:20:11.900,4052.4000,23888,-2,5769697560.000,2,0,2,双平,B,4052.2000,4052.0000,4051.8000,4051.6000,4051.4000,4052.4000,4053.4000,4054.6000,4055.6000,4055.8000,3,5,2,1,1,3,1,1,1,2
SF,IF2006,2020-02-19 13:20:12.400,4052.2000,23890,2,5774560260.000,4,3,1,多开,B,4052.0000,4051.8000,4051.6000,4051.4000,4050.0000,4052.2000,4052.4000,4054.6000,4055.6000,4055.8000,5,2,1,1,6,1,2,1,1,2
SF,IF2006,2020-02-19 13:20:12.900,4052.0000,23892,2,5776991520.000,2,2,0,双开,B,4052.0000,4051.8000,4051.6000,4051.4000,4050.0000,4052.4000,4054.6000,4055.6000,4055.8000,4057.6000,4,2,1,1,6,2,1,1,2,1
SF,IF2006,2020-02-19 13:20:13.900,4052.0000,23894,2,5779422720.000,2,2,0,双开,B,4052.0000,4051.8000,4051.6000,4051.4000,4050.0000,4052.4000,4054.6000,4055.6000,4055.8000,4057.6000,2,2,1,1,6,2,1,1,2,1
SF,IF2006,2020-02-19 13:20:14.900,4052.0000,23894,0,5779422720.000,0,-,-,-,-,4052.0000,4051.8000,4051.6000,4051.4000,4050.0000,4054.6000,4055.6000,4055.8000,4057.6000,4058.2000,2,2,1,1,6,1,1,2,1,1
SF,IF2006,2020-02-19 13:20:15.400,4052.0000,23893,-1,5781853920.000,2,0,2,空平,B,4052.2000,4052.0000,4051.8000,4051.6000,4051.4000,4053.8000,4054.0000,4054.2000,4054.4000,4054.6000,1,1,2,1,1,1,2,1,5,4
SF,IF2006,2020-02-19 13:20:15.900,4052.0000,23893,0,5781853920.000,0,-,-,-,-,4052.6000,4052.4000,4052.0000,4051.8000,4051.6000,4053.6000,4053.8000,4054.0000,4054.4000,4054.6000,1,1,1,2,1,2,1,2,5,2
SF,IF2006,2020-02-19 13:20:16.400,4052.0000,23893,0,5781853920.000,0,-,-,-,-,4053.0000,4052.8000,4052.0000,4051.8000,4051.6000,4053.6000,4054.0000,4054.4000,4054.6000,4055.6000,1,1,1,2,1,2,1,3,2,1
SF,IF2006,2020-02-19 13:20:16.900,4052.0000,23893,0,5781853920.000,0,-,-,-,-,4053.0000,4052.8000,4052.0000,4051.8000,4051.6000,4053.6000,4054.4000,4054.6000,4055.6000,4055.8000,1,1,1,2,1,2,2,1,1,2
SF,IF2006,2020-02-19 13:20:17.900,4053.6000,23892,-1,5783070000.000,1,0,1,双平,B,4053.0000,4052.8000,4052.0000,4051.8000,4051.6000,4053.6000,4054.4000,4054.6000,4055.6000,4055.8000,1,1,1,2,1,2,2,1,1,2
SF,IF2006,2020-02-19 13:20:18.400,4053.6000,23892,0,5783070000.000,0,-,-,-,-,4052.0000,4051.8000,4051.6000,4051.4000,4050.0000,4053.6000,4054.4000,4054.6000,4055.6000,4055.8000,1,2,1,1,6,1,2,1,1,2
SF,IF2006,2020-02-19 13:20:18.900,4053.6000,23892,0,5783070000.000,0,-,-,-,-,4052.4000,4052.0000,4051.8000,4051.6000,4051.4000,4053.4000,4053.6000,4054.4000,4054.6000,4055.6000,1,1,2,1,1,1,1,2,1,1
SF,IF2006,2020-02-19 13:20:19.400,4053.6000,23892,0,5783070000.000,0,-,-,-,-,4052.4000,4052.0000,4051.8000,4051.6000,4051.4000,4053.0000,4053.4000,4053.6000,4054.4000,4054.6000,1,1,2,1,1,1,1,1,2,1
SF,IF2006,2020-02-19 13:20:19.900,4053.6000,23892,0,5783070000.000,0,-,-,-,-,4052.4000,4052.0000,4051.8000,4051.6000,4051.4000,4053.0000,4053.4000,4053.6000,4054.4000,4054.6000,1,1,2,1,1,3,1,1,1,1
SF,IF2006,2020-02-19 13:20:20.900,4053.6000,23892,0,5783070000.000,0,-,-,-,-,4052.4000,4052.0000,4051.8000,4051.6000,4051.4000,4053.0000,4053.4000,4053.6000,4054.4000,4054.6000,1,2,2,1,1,3,1,1,1,1
SF,IF2006,2020-02-19 13:20:21.400,4053.6000,23892,0,5783070000.000,0,-,-,-,-,4052.4000,4052.0000,4051.8000,4051.6000,4051.4000,4053.0000,4053.4000,4053.6000,4054.6000,4055.6000,1,2,2,1,1,3,1,1,1,1
SF,IF2006,2020-02-19 13:20:23.900,4053.6000,23892,0,5783070000.000,0,-,-,-,-,4052.4000,4052.0000,4051.8000,4051.6000,4051.4000,4053.0000,4053.4000,4053.6000,4054.6000,4055.6000,1,2,2,1,1,3,1,1,1,1
SF,IF2006,2020-02-19 13:20:28.400,4052.4000,23893,1,5786717520.000,3,2,1,多开,B,4052.0000,4051.8000,4051.6000,4051.4000,4050.0000,4053.0000,4053.4000,4053.6000,4054.6000,4055.6000,2,2,1,1,6,1,1,1,1,1
SF,IF2006,2020-02-19 13:20:28.900,4053.0000,23892,-1,5787933420.000,1,0,1,双平,B,4053.0000,4052.6000,4052.2000,4052.0000,4051.8000,4053.6000,4054.6000,4055.6000,4055.8000,4057.6000,1,1,1,2,2,1,1,1,2,1
SF,IF2006,2020-02-19 13:20:29.400,4053.0000,23892,0,5787933420.000,0,-,-,-,-,4053.0000,4052.6000,4052.0000,4051.8000,4051.6000,4053.6000,4054.6000,4055.6000,4055.8000,4057.6000,1,1,2,2,1,1,1,1,2,1
SF,IF2006,2020-02-19 13:20:31.900,4053.0000,23892,0,5789149320.000,1,0,1,空换,B,4052.6000,4052.0000,4051.8000,4051.6000,4051.4000,4053.6000,4054.6000,4055.6000,4055.8000,4057.6000,1,2,2,1,1,1,1,1,2,1
SF,IF2006,2020-02-19 13:20:32.400,4053.0000,23892,0,5789149320.000,0,-,-,-,-,4052.6000,4052.0000,4051.8000,4051.6000,4051.4000,4053.4000,4053.6000,4054.6000,4055.6000,4055.8000,1,2,2,1,1,1,1,1,1,2
SF,IF2006,2020-02-19 13:20:32.900,4053.0000,23892,0,5789149320.000,0,-,-,-,-,4052.6000,4052.0000,4051.8000,4051.6000,4051.4000,4053.4000,4053.6000,4054.6000,4055.6000,4055.8000,2,2,2,1,1,1,1,1,1,2
SF,IF2006,2020-02-19 13:20:33.400,4053.0000,23892,0,5789149320.000,0,-,-,-,-,4052.6000,4052.0000,4051.8000,4051.6000,4051.4000,4053.6000,4054.6000,4055.6000,4055.8000,4057.6000,2,2,2,1,1,1,1,1,2,1
SF,IF2006,2020-02-19 13:20:33.900,4053.0000,23892,0,5789149320.000,0,-,-,-,-,4052.6000,4052.0000,4051.8000,4051.6000,4051.4000,4053.6000,4054.6000,4055.6000,4055.8000,4057.6000,2,2,2,1,1,1,1,1,3,1
SF,IF2006,2020-02-19 13:20:34.400,4053.0000,23892,0,5789149320.000,0,-,-,-,-,4052.6000,4052.0000,4051.8000,4051.6000,4051.4000,4053.6000,4054.6000,4055.6000,4055.8000,4057.6000,2,2,2,1,1,1,1,1,2,1
SF,IF2006,2020-02-19 13:20:35.400,4053.0000,23892,0,5789149320.000,0,-,-,-,-,4052.6000,4052.0000,4051.8000,4051.6000,4051.4000,4053.6000,4054.6000,4055.6000,4055.8000,4057.6000,2,2,2,1,1,1,1,1,2,1
SF,IF2006,2020-02-19 13:20:35.900,4052.6000,23891,-1,5790365100.000,1,0,1,双平,B,4052.6000,4052.0000,4051.8000,4051.6000,4051.4000,4053.6000,4054.6000,4055.6000,4055.8000,4057.6000,1,2,2,1,1,1,1,1,2,1
SF,IF2006,2020-02-19 13:20:38.400,4052.6000,23891,0,5790365100.000,0,-,-,-,-,4052.6000,4052.0000,4051.8000,4051.6000,4051.4000,4053.4000,4053.6000,4054.6000,4055.6000,4055.8000,1,2,2,1,1,1,1,1,1,2
SF,IF2006,2020-02-19 13:20:39.400,4052.6000,23890,-1,5791580880.000,1,0,1,双平,B,4052.0000,4051.8000,4051.6000,4051.4000,4050.0000,4053.4000,4053.6000,4054.6000,4055.6000,4055.8000,2,2,1,1,7,1,1,1,1,2
SF,IF2006,2020-02-19 13:20:39.900,4052.6000,23890,0,5791580880.000,0,-,-,-,-,4052.4000,4052.2000,4052.0000,4051.8000,4051.6000,4053.4000,4053.6000,4054.6000,4055.6000,4055.8000,1,1,2,2,1,1,1,1,1,2
SF,IF2006,2020-02-19 13:20:40.400,4052.6000,23890,0,5791580880.000,0,-,-,-,-,4052.4000,4052.2000,4052.0000,4051.8000,4051.6000,4053.4000,4053.6000,4054.6000,4055.6000,4055.8000,1,1,3,2,1,1,1,1,1,2
SF,IF2006,2020-02-19 13:20:40.900,4052.6000,23890,0,5791580880.000,0,-,-,-,-,4052.4000,4052.2000,4052.0000,4051.8000,4051.6000,4053.6000,4054.6000,4055.6000,4055.8000,4057.6000,1,2,3,2,1,1,1,1,2,1
SF,IF2006,2020-02-19 13:20:41.400,4052.6000,23890,0,5791580880.000,0,-,-,-,-,4052.4000,4052.2000,4052.0000,4051.8000,4051.6000,4053.4000,4053.6000,4054.6000,4055.6000,4055.8000,1,2,3,2,1,1,1,1,1,2
SF,IF2006,2020-02-19 13:20:44.400,4052.6000,23890,0,5791580880.000,0,-,-,-,-,4052.4000,4052.2000,4052.0000,4051.8000,4051.6000,4053.0000,4053.4000,4053.6000,4054.6000,4055.6000,1,2,3,2,1,6,1,1,1,1
SF,IF2006,2020-02-19 13:20:44.900,4053.0000,23887,-3,5800092180.000,7,2,5,空平,B,4053.0000,4052.6000,4052.4000,4052.2000,4052.0000,4053.6000,4054.6000,4055.6000,4055.8000,4057.6000,4,2,1,1,3,1,1,1,2,1
SF,IF2006,2020-02-19 13:20:45.400,4053.6000,23888,1,5801308260.000,1,1,0,双开,B,4052.6000,4052.4000,4052.2000,4052.0000,4051.8000,4053.4000,4054.6000,4055.6000,4055.8000,4057.6000,1,1,1,3,2,2,1,1,2,1
SF,IF2006,2020-02-19 13:20:45.900,4053.6000,23888,0,5801308260.000,0,-,-,-,-,4052.6000,4052.4000,4052.2000,4052.0000,4051.8000,4053.4000,4054.6000,4055.6000,4055.8000,4057.6000,1,1,1,3,2,1,1,1,2,1
SF,IF2006,2020-02-19 13:20:46.400,4053.6000,23888,0,5801308260.000,0,-,-,-,-,4052.6000,4052.2000,4052.0000,4051.8000,4051.6000,4054.6000,4055.6000,4055.8000,4057.6000,4058.2000,1,1,3,2,1,1,1,2,1,1
SF,IF2006,2020-02-19 13:20:46.900,4053.6000,23888,0,5801308260.000,0,-,-,-,-,4052.6000,4052.2000,4052.0000,4051.8000,4051.6000,4054.2000,4054.4000,4054.6000,4055.6000,4055.8000,1,1,3,2,1,1,3,1,1,2
SF,IF2006,2020-02-19 13:20:47.400,4053.6000,23888,0,5801308260.000,0,-,-,-,-,4052.6000,4052.2000,4052.0000,4051.8000,4051.6000,4054.2000,4054.4000,4054.6000,4055.6000,4055.8000,1,1,3,2,1,1,2,1,1,2
SF,IF2006,2020-02-19 13:20:47.900,4053.6000,23888,0,5801308260.000,0,-,-,-,-,4052.2000,4052.0000,4051.8000,4051.6000,4051.4000,4054.0000,4054.2000,4054.4000,4054.6000,4055.6000,1,3,2,1,1,1,1,2,1,1
SF,IF2006,2020-02-19 13:20:48.400,4053.6000,23888,0,5801308260.000,0,-,-,-,-,4052.4000,4052.2000,4052.0000,4051.8000,4051.6000,4054.0000,4054.2000,4054.4000,4054.6000,4055.6000,2,1,3,2,1,1,1,2,1,1
SF,IF2006,2020-02-19 13:20:48.900,4053.6000,23888,0,5801308260.000,0,-,-,-,-,4052.4000,4052.2000,4052.0000,4051.8000,4051.6000,4054.0000,4054.2000,4054.4000,4054.6000,4055.6000,2,1,3,2,1,1,1,2,1,1
SF,IF2006,2020-02-19 13:20:49.400,4053.6000,23888,0,5801308260.000,0,-,-,-,-,4052.6000,4052.4000,4052.2000,4052.0000,4051.8000,4053.8000,4054.0000,4054.4000,4054.6000,4055.6000,1,1,1,3,2,1,1,1,1,1
SF,IF2006,2020-02-19 13:20:49.900,4053.6000,23888,0,5801308260.000,0,-,-,-,-,4052.6000,4052.4000,4052.2000,4052.0000,4051.8000,4053.8000,4054.4000,4054.6000,4055.6000,4055.8000,1,1,1,3,2,1,1,1,1,2
SF,IF2006,2020-02-19 13:20:50.400,4053.6000,23888,0,5801308260.000,0,-,-,-,-,4052.4000,4052.2000,4052.0000,4051.8000,4051.6000,4053.6000,4053.8000,4054.4000,4054.6000,4055.6000,1,1,3,2,1,1,1,1,1,1
SF,IF2006,2020-02-19 13:20:51.400,4053.6000,23888,0,5801308260.000,0,-,-,-,-,4052.4000,4052.2000,4052.0000,4051.8000,4051.6000,4053.6000,4053.8000,4054.4000,4054.6000,4055.6000,1,1,3,2,1,1,1,1,1,1
SF,IF2006,2020-02-19 13:20:51.900,4053.6000,23888,0,5801308260.000,0,-,-,-,-,4052.4000,4052.2000,4052.0000,4051.8000,4051.6000,4053.6000,4053.8000,4054.4000,4054.6000,4055.6000,1,1,3,2,1,1,1,1,1,1
SF,IF2006,2020-02-19 13:20:54.400,4053.6000,23888,0,5801308260.000,0,-,-,-,-,4052.4000,4052.2000,4052.0000,4051.8000,4051.6000,4053.6000,4054.4000,4054.6000,4055.6000,4055.8000,1,1,3,2,1,1,1,1,1,2
SF,IF2006,2020-02-19 13:20:54.900,4053.6000,23888,0,5801308260.000,0,-,-,-,-,4052.8000,4052.6000,4052.2000,4052.0000,4051.8000,4054.4000,4054.6000,4055.6000,4055.8000,4057.6000,1,6,1,3,2,1,1,1,2,1
SF,IF2006,2020-02-19 13:20:55.400,4053.6000,23888,0,5801308260.000,0,-,-,-,-,4052.8000,4052.6000,4052.2000,4052.0000,4051.8000,4054.4000,4054.6000,4055.6000,4055.8000,4057.6000,1,6,1,2,2,1,1,1,2,1
SF,IF2006,2020-02-19 13:20:55.900,4053.6000,23888,0,5801308260.000,0,-,-,-,-,4053.2000,4053.0000,4052.6000,4052.2000,4052.0000,4054.4000,4054.6000,4055.6000,4055.8000,4057.6000,1,5,6,1,2,1,1,1,2,1
SF,IF2006,2020-02-19 13:20:56.400,4053.6000,23888,0,5801308260.000,0,-,-,-,-,4053.4000,4053.2000,4053.0000,4052.6000,4052.2000,4054.6000,4055.6000,4055.8000,4057.6000,4058.2000,1,1,5,5,1,1,1,2,1,1
SF,IF2006,2020-02-19 13:20:56.900,4053.6000,23888,0,5801308260.000,0,-,-,-,-,4053.6000,4053.4000,4053.0000,4052.6000,4052.2000,4054.6000,4055.6000,4055.8000,4057.6000,4058.2000,2,1,5,5,1,1,1,2,1,1
SF,IF2006,2020-02-19 13:20:57.400,4053.6000,23888,0,5801308260.000,0,-,-,-,-,4053.6000,4053.4000,4053.0000,4052.6000,4052.2000,4054.6000,4055.6000,4055.8000,4057.6000,4058.2000,2,1,5,5,1,1,1,2,1,1
SF,IF2006,2020-02-19 13:20:57.900,4053.6000,23888,0,5801308260.000,0,-,-,-,-,4053.6000,4053.4000,4053.0000,4052.6000,4052.2000,4054.6000,4055.6000,4055.8000,4057.6000,4058.2000,2,1,5,5,1,1,1,2,1,1
SF,IF2006,2020-02-19 13:20:58.400,4053.6000,23888,0,5801308260.000,0,-,-,-,-,4053.6000,4053.4000,4053.0000,4052.6000,4052.2000,4054.6000,4055.6000,4055.8000,4057.6000,4058.2000,2,1,5,5,1,1,1,2,1,1
SF,IF2006,2020-02-19 13:20:58.900,4053.6000,23888,0,5801308260.000,0,-,-,-,-,4053.6000,4053.0000,4052.6000,4052.2000,4052.0000,4054.6000,4055.6000,4055.8000,4057.6000,4058.2000,2,5,5,1,2,1,1,2,1,1
SF,IF2006,2020-02-19 13:20:59.400,4054.6000,23887,-1,5802524640.000,1,0,1,双平,B,4054.0000,4053.6000,4053.0000,4052.6000,4052.2000,4055.6000,4055.8000,4057.6000,4058.2000,4058.8000,1,1,5,5,1,1,2,1,1,1
SF,IF2006,2020-02-19 13:20:59.900,4054.6000,23887,0,5802524640.000,0,-,-,-,-,4054.0000,4053.6000,4053.0000,4052.2000,4052.0000,4055.4000,4055.6000,4055.8000,4057.6000,4058.2000,1,1,5,1,2,2,1,2,1,1
SF,IF2006,2020-02-19 13:21:00.400,4054.6000,23887,0,5802524640.000,0,-,-,-,-,4054.2000,4054.0000,4053.6000,4053.0000,4052.2000,4055.4000,4055.6000,4055.8000,4057.6000,4058.2000,1,1,1,5,1,2,1,2,1,1
SF,IF2006,2020-02-19 13:21:00.900,4054.2000,23886,-1,5814688080.000,10,4,6,空平,B,4052.2000,4052.0000,4051.8000,4051.6000,4051.4000,4053.6000,4055.6000,4055.8000,4057.6000,4058.2000,1,2,2,1,1,2,1,2,1,1
SF,IF2006,2020-02-19 13:21:01.400,4053.6000,23886,0,5817120240.000,2,1,1,空换,B,4054.2000,4054.0000,4053.8000,4053.6000,4053.4000,4055.6000,4055.8000,4057.6000,4058.2000,4058.8000,1,1,2,2,1,1,2,1,1,1
SF,IF2006,2020-02-19 13:21:01.900,4054.0000,23885,-1,5818336440.000,1,0,1,双平,B,4054.0000,4053.8000,4053.6000,4053.4000,4053.0000,4055.2000,4055.4000,4055.6000,4055.8000,4057.6000,2,2,2,1,2,2,1,1,2,1
SF,IF2006,2020-02-19 13:21:02.400,4054.0000,23885,0,5818336440.000,0,-,-,-,-,4054.0000,4053.8000,4053.6000,4053.4000,4053.0000,4054.8000,4055.6000,4055.8000,4057.6000,4058.2000,2,2,2,1,2,2,1,2,1,1
SF,IF2006,2020-02-19 13:21:02.900,4054.0000,23885,0,5818336440.000,0,-,-,-,-,4054.0000,4053.8000,4053.6000,4053.0000,4052.4000,4054.6000,4054.8000,4055.6000,4055.8000,4057.6000,2,2,2,2,6,1,2,1,2,1
SF,IF2006,2020-02-19 13:21:03.400,4054.0000,23885,0,5818336440.000,0,-,-,-,-,4054.0000,4053.8000,4053.6000,4052.4000,4052.2000,4054.6000,4054.8000,4055.6000,4055.8000,4057.6000,2,2,2,5,1,1,2,1,2,1
SF,IF2006,2020-02-19 13:21:03.900,4054.0000,23885,0,5819552640.000,1,0,1,空换,B,4053.8000,4053.6000,4052.4000,4052.2000,4052.0000,4054.6000,4054.8000,4055.6000,4055.8000,4057.6000,2,2,4,1,2,1,2,1,2,1
SF,IF2006,2020-02-19 13:21:04.900,4054.0000,23885,0,5819552640.000,0,-,-,-,-,4053.8000,4053.6000,4052.4000,4052.2000,4052.0000,4054.4000,4054.6000,4054.8000,4055.6000,4055.8000,2,2,4,1,2,1,1,2,1,2
SF,IF2006,2020-02-19 13:21:05.900,4054.0000,23885,0,5819552640.000,0,-,-,-,-,4053.8000,4053.6000,4052.4000,4052.2000,4052.0000,4054.6000,4054.8000,4055.6000,4055.8000,4057.6000,2,2,4,1,2,1,2,1,2,1
SF,IF2006,2020-02-19 13:21:08.400,4054.0000,23885,0,5819552640.000,0,-,-,-,-,4053.8000,4053.6000,4052.4000,4052.2000,4052.0000,4054.4000,4054.6000,4054.8000,4055.6000,4055.8000,2,2,4,1,2,1,1,2,1,2
SF,IF2006,2020-02-19 13:21:08.900,4054.0000,23885,0,5819552640.000,0,-,-,-,-,4053.8000,4053.6000,4052.4000,4052.2000,4052.0000,4054.4000,4054.6000,4054.8000,4055.6000,4055.8000,2,2,4,1,2,1,1,1,1,2
SF,IF2006,2020-02-19 13:21:09.400,4054.0000,23885,0,5819552640.000,0,-,-,-,-,4053.8000,4053.6000,4052.4000,4052.2000,4052.0000,4054.6000,4054.8000,4055.6000,4055.8000,4057.6000,2,2,4,1,2,1,1,1,2,1
SF,IF2006,2020-02-19 13:21:09.900,4054.0000,23885,0,5819552640.000,0,-,-,-,-,4053.8000,4053.6000,4052.4000,4052.2000,4052.0000,4054.4000,4054.6000,4054.8000,4055.6000,4055.8000,2,2,4,1,2,1,1,1,1,2
SF,IF2006,2020-02-19 13:21:10.400,4054.0000,23885,0,5819552640.000,0,-,-,-,-,4053.8000,4053.6000,4052.4000,4052.2000,4052.0000,4054.6000,4054.8000,4055.6000,4055.8000,4057.6000,2,2,4,1,2,1,1,1,2,1
SF,IF2006,2020-02-19 13:21:10.900,4054.0000,23885,0,5819552640.000,0,-,-,-,-,4053.8000,4053.6000,4052.4000,4052.2000,4052.0000,4054.6000,4054.8000,4055.6000,4055.8000,4057.6000,2,2,4,1,2,1,1,1,2,1
SF,IF2006,2020-02-19 13:21:11.400,4054.0000,23885,0,5819552640.000,0,-,-,-,-,4053.8000,4053.6000,4052.4000,4052.2000,4052.0000,4054.4000,4054.6000,4054.8000,4055.6000,4055.8000,2,2,4,1,2,1,1,1,1,2
SF,IF2006,2020-02-19 13:21:13.400,4054.0000,23885,0,5819552640.000,0,-,-,-,-,4053.8000,4053.6000,4052.4000,4052.2000,4052.0000,4054.4000,4054.6000,4054.8000,4055.6000,4055.8000,2,2,4,1,2,1,1,1,1,2
SF,IF2006,2020-02-19 13:21:14.400,4054.4000,23885,0,5820768960.000,1,0,1,空换,B,4053.8000,4053.6000,4052.4000,4052.2000,4052.0000,4054.6000,4054.8000,4055.6000,4055.8000,4057.6000,2,2,4,1,2,1,1,1,2,1
SF,IF2006,2020-02-19 13:21:15.900,4054.4000,23885,0,5820768960.000,0,-,-,-,-,4053.8000,4053.6000,4052.4000,4052.2000,4052.0000,4054.6000,4055.6000,4055.8000,4057.6000,4058.2000,2,2,4,1,2,1,1,2,1,1
SF,IF2006,2020-02-19 13:21:16.400,4054.6000,23885,0,5821985340.000,1,0,1,空换,B,4054.8000,4054.6000,4054.0000,4053.8000,4053.6000,4055.6000,4055.8000,4057.6000,4058.2000,4058.8000,2,1,1,2,2,1,2,1,1,1
SF,IF2006,2020-02-19 13:21:16.900,4055.6000,23885,0,5823202020.000,1,0,1,空换,B,4054.8000,4053.8000,4053.6000,4052.4000,4052.2000,4055.8000,4057.6000,4058.2000,4058.8000,4059.4000,2,2,2,4,1,2,1,1,1,1
SF,IF2006,2020-02-19 13:21:17.400,4055.6000,23885,0,5823202020.000,0,-,-,-,-,4054.8000,4053.8000,4053.6000,4052.4000,4052.2000,4055.8000,4057.6000,4058.2000,4058.8000,4059.4000,2,2,2,4,1,2,1,1,1,1
SF,IF2006,2020-02-19 13:21:17.900,4055.6000,23885,0,5823202020.000,0,-,-,-,-,4054.8000,4053.8000,4053.6000,4052.4000,4052.2000,4055.8000,4057.6000,4058.2000,4058.8000,4059.4000,2,2,2,4,1,2,1,1,1,1
SF,IF2006,2020-02-19 13:21:18.400,4055.6000,23885,0,5823202020.000,0,-,-,-,-,4054.8000,4053.8000,4053.6000,4052.4000,4052.2000,4055.8000,4057.6000,4058.2000,4058.8000,4059.4000,1,2,2,4,1,2,1,1,1,1
SF,IF2006,2020-02-19 13:21:18.900,4055.6000,23885,0,5823202020.000,0,-,-,-,-,4054.8000,4053.8000,4053.6000,4052.4000,4052.2000,4055.8000,4057.6000,4058.2000,4058.8000,4059.4000,1,2,2,4,1,2,1,1,1,1
SF,IF2006,2020-02-19 13:21:19.900,4055.6000,23885,0,5823202020.000,0,-,-,-,-,4054.8000,4053.8000,4053.6000,4052.4000,4052.2000,4055.8000,4057.6000,4058.2000,4058.8000,4059.4000,1,2,2,4,1,2,1,1,1,1
SF,IF2006,2020-02-19 13:21:20.400,4055.6000,23885,0,5823202020.000,0,-,-,-,-,4054.8000,4053.8000,4053.6000,4052.4000,4052.2000,4055.8000,4057.6000,4058.2000,4058.8000,4059.4000,1,2,2,4,1,2,1,1,1,1
SF,IF2006,2020-02-19 13:21:20.900,4055.6000,23885,0,5823202020.000,0,-,-,-,-,4054.8000,4053.8000,4053.6000,4052.4000,4052.2000,4055.8000,4057.6000,4058.2000,4058.8000,4059.4000,1,2,2,4,1,2,1,1,1,1
SF,IF2006,2020-02-19 13:21:21.400,4055.8000,23885,0,5824418760.000,1,0,1,空换,B,4055.0000,4054.8000,4053.8000,4053.6000,4052.4000,4055.8000,4057.6000,4058.2000,4058.8000,4059.4000,1,1,2,2,4,1,1,1,1,1
SF,IF2006,2020-02-19 13:21:21.900,4055.8000,23884,-1,5825635500.000,1,0,1,双平,B,4055.0000,4054.8000,4053.8000,4053.6000,4052.4000,4057.6000,4058.2000,4058.8000,4059.4000,4059.8000,1,1,2,2,3,1,1,1,1,1
SF,IF2006,2020-02-19 13:21:22.400,4055.8000,23884,0,5825635500.000,0,-,-,-,-,4055.0000,4054.8000,4053.8000,4053.6000,4052.4000,4056.4000,4056.6000,4057.4000,4057.6000,4058.2000,1,1,2,2,3,1,1,2,1,1
SF,IF2006,2020-02-19 13:21:22.900,4055.8000,23884,0,5825635500.000,0,-,-,-,-,4055.0000,4054.8000,4053.8000,4053.6000,4052.4000,4056.2000,4056.4000,4057.4000,4057.6000,4058.2000,1,1,2,2,3,1,1,2,1,1
SF,IF2006,2020-02-19 13:21:23.400,4055.8000,23884,0,5825635500.000,0,-,-,-,-,4055.0000,4054.8000,4053.8000,4053.6000,4052.4000,4056.4000,4057.4000,4057.6000,4058.2000,4058.8000,1,1,2,2,3,1,2,1,1,1
SF,IF2006,2020-02-19 13:21:23.900,4055.8000,23884,0,5825635500.000,0,-,-,-,-,4055.0000,4054.8000,4053.8000,4053.6000,4052.4000,4056.4000,4057.4000,4057.6000,4058.2000,4058.8000,1,1,2,2,3,1,2,1,1,1
SF,IF2006,2020-02-19 13:21:24.400,4055.0000,23883,-1,5826852000.000,1,0,1,双平,B,4054.8000,4053.8000,4053.6000,4052.4000,4052.2000,4055.0000,4056.4000,4057.4000,4057.6000,4058.2000,1,2,2,3,1,5,1,2,1,1
SF,IF2006,2020-02-19 13:21:24.900,4055.0000,23882,-1,5832934500.000,5,2,3,空平,B,4056.2000,4055.0000,4054.8000,4053.8000,4053.6000,4057.4000,4057.6000,4058.2000,4058.8000,4059.4000,1,2,1,2,2,2,1,1,1,1
SF,IF2006,2020-02-19 13:21:25.400,4056.2000,23882,0,5834151360.000,1,0,1,空换,B,4055.0000,4054.8000,4053.8000,4053.6000,4052.4000,4056.2000,4056.6000,4057.4000,4057.6000,4058.2000,1,1,2,2,3,1,2,1,1,1
SF,IF2006,2020-02-19 13:21:25.900,4056.2000,23882,0,5834151360.000,0,-,-,-,-,4055.4000,4055.2000,4055.0000,4054.8000,4053.8000,4056.2000,4056.6000,4057.4000,4057.6000,4058.2000,6,1,2,1,2,1,2,1,1,1
SF,IF2006,2020-02-19 13:21:26.400,4056.2000,23882,0,5834151360.000,0,-,-,-,-,4055.6000,4055.4000,4055.2000,4055.0000,4054.8000,4056.2000,4056.6000,4057.4000,4057.6000,4058.2000,1,6,1,2,1,1,1,1,1,1
SF,IF2006,2020-02-19 13:21:26.900,4056.2000,23882,0,5834151360.000,0,-,-,-,-,4055.6000,4055.4000,4055.2000,4055.0000,4054.8000,4056.2000,4056.6000,4057.4000,4057.6000,4058.2000,1,6,1,2,1,1,1,1,1,1
SF,IF2006,2020-02-19 13:21:27.400,4056.2000,23882,0,5834151360.000,0,-,-,-,-,4055.4000,4055.0000,4054.8000,4053.8000,4053.6000,4056.2000,4056.6000,4057.4000,4057.6000,4058.2000,1,2,1,2,2,1,1,1,1,1
SF,IF2006,2020-02-19 13:21:27.900,4056.2000,23882,0,5834151360.000,0,-,-,-,-,4055.4000,4055.2000,4055.0000,4054.8000,4053.8000,4056.2000,4056.6000,4057.4000,4057.6000,4058.2000,1,1,1,1,2,1,1,1,1,1
SF,IF2006,2020-02-19 13:21:28.400,4056.2000,23882,0,5834151360.000,0,-,-,-,-,4055.6000,4055.4000,4055.2000,4054.8000,4053.8000,4056.2000,4056.6000,4057.4000,4057.6000,4058.2000,5,1,1,1,2,1,1,1,1,1
SF,IF2006,2020-02-19 13:21:29.400,4056.2000,23882,0,5834151360.000,0,-,-,-,-,4055.4000,4055.2000,4054.8000,4053.8000,4053.6000,4056.2000,4056.6000,4057.4000,4057.6000,4058.2000,1,1,1,2,2,1,1,1,1,1
SF,IF2006,2020-02-19 13:21:29.900,4056.2000,23882,0,5834151360.000,0,-,-,-,-,4055.6000,4055.2000,4054.8000,4053.8000,4053.6000,4056.2000,4056.6000,4057.4000,4057.6000,4058.2000,1,1,1,2,2,1,1,1,1,1
SF,IF2006,2020-02-19 13:21:30.400,4056.2000,23882,0,5834151360.000,0,-,-,-,-,4055.6000,4055.2000,4054.8000,4053.8000,4053.6000,4056.2000,4056.6000,4057.4000,4057.6000,4058.2000,1,1,1,2,2,1,1,1,1,1
SF,IF2006,2020-02-19 13:21:31.900,4056.2000,23882,0,5835368220.000,1,0,1,空换,B,4055.6000,4055.2000,4054.8000,4053.8000,4053.6000,4056.6000,4057.4000,4057.6000,4058.2000,4058.8000,1,2,1,2,2,1,1,1,1,1
SF,IF2006,2020-02-19 13:21:32.400,4056.2000,23882,0,5835368220.000,0,-,-,-,-,4055.8000,4055.6000,4055.2000,4054.8000,4053.8000,4056.6000,4057.4000,4057.6000,4058.2000,4058.8000,5,1,2,1,2,1,1,1,1,1
SF,IF2006,2020-02-19 13:21:32.900,4056.2000,23882,0,5835368220.000,0,-,-,-,-,4055.6000,4055.2000,4054.8000,4053.8000,4053.6000,4056.6000,4057.4000,4057.6000,4058.2000,4058.8000,1,2,1,2,2,1,1,1,1,1
SF,IF2006,2020-02-19 13:21:34.400,4056.2000,23882,0,5835368220.000,0,-,-,-,-,4055.8000,4055.6000,4055.2000,4054.8000,4053.8000,4056.6000,4057.6000,4058.2000,4058.8000,4059.4000,1,1,2,1,2,1,1,1,1,1
SF,IF2006,2020-02-19 13:21:34.900,4056.2000,23882,0,5835368220.000,0,-,-,-,-,4055.8000,4055.2000,4054.8000,4053.8000,4053.6000,4056.6000,4057.6000,4058.2000,4058.8000,4059.4000,1,2,1,2,2,1,1,1,1,1
SF,IF2006,2020-02-19 13:21:36.400,4056.2000,23882,0,5835368220.000,0,-,-,-,-,4055.8000,4055.2000,4054.8000,4053.8000,4053.6000,4057.6000,4058.2000,4058.8000,4059.4000,4059.8000,1,2,1,2,2,1,1,1,1,1
SF,IF2006,2020-02-19 13:21:36.900,4056.2000,23882,0,5835368220.000,0,-,-,-,-,4055.8000,4055.2000,4054.8000,4053.8000,4053.6000,4057.2000,4057.6000,4058.2000,4058.8000,4059.4000,1,2,1,2,2,2,1,1,1,1
SF,IF2006,2020-02-19 13:21:39.400,4056.2000,23882,0,5835368220.000,0,-,-,-,-,4055.8000,4055.2000,4054.8000,4053.8000,4053.6000,4057.2000,4057.6000,4058.2000,4058.8000,4059.4000,1,2,1,2,2,2,1,1,1,1
SF,IF2006,2020-02-19 13:21:40.900,4056.2000,23882,0,5835368220.000,0,-,-,-,-,4056.0000,4055.8000,4055.2000,4054.8000,4053.8000,4057.2000,4057.6000,4058.2000,4058.8000,4059.4000,1,1,2,1,2,2,1,1,1,1
SF,IF2006,2020-02-19 13:21:41.400,4056.2000,23882,0,5835368220.000,0,-,-,-,-,4056.0000,4055.8000,4055.2000,4054.8000,4053.8000,4057.6000,4058.2000,4058.8000,4059.4000,4059.8000,1,1,2,1,2,1,1,1,1,1
SF,IF2006,2020-02-19 13:21:41.900,4056.2000,23882,0,5835368220.000,0,-,-,-,-,4056.2000,4055.8000,4055.2000,4054.8000,4053.8000,4057.4000,4057.6000,4058.2000,4058.8000,4059.4000,1,1,2,1,2,2,1,1,1,1
SF,IF2006,2020-02-19 13:21:42.400,4056.2000,23882,0,5835368220.000,0,-,-,-,-,4056.2000,4055.8000,4055.2000,4054.8000,4053.8000,4057.6000,4058.2000,4058.8000,4059.4000,4059.8000,1,1,2,1,2,1,1,1,1,1
SF,IF2006,2020-02-19 13:21:42.900,4056.2000,23882,0,5835368220.000,0,-,-,-,-,4056.4000,4055.8000,4055.2000,4054.8000,4053.8000,4057.6000,4058.2000,4058.8000,4059.4000,4059.8000,5,1,2,1,2,1,1,1,1,1
SF,IF2006,2020-02-19 13:21:43.900,4056.2000,23882,0,5835368220.000,0,-,-,-,-,4056.8000,4056.6000,4056.4000,4055.8000,4055.2000,4057.6000,4058.2000,4058.8000,4059.4000,4059.8000,5,1,5,1,2,1,1,1,1,1
SF,IF2006,2020-02-19 13:21:44.400,4056.2000,23882,0,5835368220.000,0,-,-,-,-,4056.6000,4056.4000,4055.8000,4055.2000,4054.8000,4057.6000,4058.2000,4058.8000,4059.4000,4059.8000,1,5,1,2,1,1,1,1,1,1
SF,IF2006,2020-02-19 13:21:44.900,4056.2000,23882,0,5835368220.000,0,-,-,-,-,4057.0000,4056.6000,4056.4000,4055.8000,4055.2000,4057.6000,4058.2000,4058.8000,4059.4000,4059.8000,5,1,5,1,2,1,1,1,1,1
SF,IF2006,2020-02-19 13:21:45.400,4056.2000,23882,0,5835368220.000,0,-,-,-,-,4057.0000,4056.6000,4056.4000,4055.8000,4055.2000,4057.6000,4058.2000,4058.8000,4059.4000,4059.8000,5,1,5,1,2,1,1,1,1,1
SF,IF2006,2020-02-19 13:21:46.400,4057.6000,23883,1,5836585500.000,1,1,0,双开,B,4057.0000,4056.6000,4056.4000,4055.8000,4055.2000,4058.2000,4058.8000,4059.4000,4059.8000,4061.0000,5,1,5,1,2,1,1,1,1,1
SF,IF2006,2020-02-19 13:21:46.900,4057.6000,23883,0,5836585500.000,0,-,-,-,-,4057.2000,4057.0000,4056.6000,4056.4000,4055.8000,4058.2000,4058.8000,4059.4000,4059.8000,4061.0000,5,5,1,5,1,1,1,1,1,1
SF,IF2006,2020-02-19 13:21:47.400,4057.6000,23883,0,5836585500.000,0,-,-,-,-,4057.4000,4057.2000,4057.0000,4056.6000,4056.4000,4058.0000,4058.2000,4058.8000,4059.4000,4059.8000,1,5,5,1,5,1,1,1,1,1
SF,IF2006,2020-02-19 13:21:48.400,4057.6000,23883,0,5836585500.000,0,-,-,-,-,4057.6000,4057.4000,4057.2000,4057.0000,4056.6000,4058.0000,4058.2000,4058.8000,4059.4000,4059.8000,1,1,5,5,1,1,1,1,1,1
SF,IF2006,2020-02-19 13:21:48.900,4057.6000,23883,0,5836585500.000,0,-,-,-,-,4057.4000,4057.2000,4057.0000,4056.6000,4055.8000,4058.0000,4058.2000,4058.8000,4059.4000,4059.8000,1,5,5,1,1,1,1,1,1,1
SF,IF2006,2020-02-19 13:21:49.400,4057.6000,23883,0,5836585500.000,0,-,-,-,-,4057.4000,4057.2000,4057.0000,4056.6000,4056.0000,4058.0000,4058.2000,4058.8000,4059.4000,4059.8000,1,5,5,1,1,1,1,1,1,1
SF,IF2006,2020-02-19 13:21:49.900,4057.6000,23883,0,5836585500.000,0,-,-,-,-,4057.4000,4057.2000,4057.0000,4056.6000,4056.0000,4058.0000,4058.2000,4058.8000,4059.4000,4059.8000,1,5,5,1,1,1,1,1,1,1
SF,IF2006,2020-02-19 13:21:51.400,4057.6000,23883,0,5836585500.000,0,-,-,-,-,4057.4000,4057.0000,4056.6000,4056.0000,4055.8000,4058.0000,4058.2000,4058.8000,4059.4000,4059.8000,1,5,1,1,1,1,1,1,1,1
SF,IF2006,2020-02-19 13:21:51.900,4057.6000,23883,0,5836585500.000,0,-,-,-,-,4057.4000,4056.6000,4056.0000,4055.8000,4055.2000,4058.0000,4058.2000,4058.8000,4059.4000,4059.8000,1,1,1,1,2,1,1,1,1,1
SF,IF2006,2020-02-19 13:21:52.400,4057.6000,23883,0,5836585500.000,0,-,-,-,-,4057.4000,4056.0000,4055.8000,4055.2000,4054.0000,4058.0000,4058.2000,4058.8000,4059.4000,4059.8000,1,1,1,2,1,1,1,1,1,1
SF,IF2006,2020-02-19 13:21:53.400,4057.6000,23883,0,5836585500.000,0,-,-,-,-,4057.4000,4056.0000,4055.8000,4055.2000,4054.0000,4058.0000,4058.2000,4058.8000,4059.0000,4059.4000,1,1,1,2,1,1,1,1,1,1
SF,IF2006,2020-02-19 13:21:55.400,4057.6000,23883,0,5836585500.000,0,-,-,-,-,4057.6000,4057.4000,4056.0000,4055.8000,4055.2000,4058.0000,4058.2000,4058.8000,4059.0000,4059.4000,1,1,1,1,2,1,1,1,1,1
SF,IF2006,2020-02-19 13:21:59.900,4057.6000,23883,0,5836585500.000,0,-,-,-,-,4057.6000,4057.4000,4056.0000,4055.8000,4055.2000,4057.8000,4058.2000,4058.8000,4059.0000,4059.4000,1,1,1,1,2,1,1,1,1,1
SF,IF2006,2020-02-19 13:22:00.900,4057.6000,23883,0,5836585500.000,0,-,-,-,-,4057.6000,4057.4000,4056.0000,4055.8000,4055.2000,4058.2000,4058.8000,4059.0000,4059.4000,4059.8000,1,1,1,1,2,1,1,1,1,1
SF,IF2006,2020-02-19 13:22:01.900,4057.6000,23883,0,5836585500.000,0,-,-,-,-,4057.6000,4057.4000,4056.0000,4055.8000,4055.2000,4058.0000,4058.2000,4058.8000,4059.0000,4059.4000,1,1,1,1,2,1,1,1,1,1
SF,IF2006,2020-02-19 13:22:02.900,4057.6000,23884,1,5837802780.000,1,1,0,双开,B,4057.4000,4056.0000,4055.8000,4055.2000,4054.0000,4058.2000,4058.8000,4059.0000,4059.4000,4059.8000,1,1,1,2,1,1,1,1,1,1
SF,IF2006,2020-02-19 13:22:03.400,4057.6000,23884,0,5837802780.000,0,-,-,-,-,4057.4000,4056.0000,4055.8000,4055.2000,4054.0000,4058.0000,4058.2000,4058.8000,4059.0000,4059.4000,1,1,1,2,1,2,1,1,1,1
SF,IF2006,2020-02-19 13:22:04.900,4058.0000,23884,0,5839020180.000,1,0,1,空换,B,4057.4000,4056.0000,4055.8000,4055.2000,4054.0000,4058.0000,4058.2000,4058.8000,4059.0000,4059.4000,1,1,1,2,1,1,1,1,1,1
SF,IF2006,2020-02-19 13:22:05.400,4058.0000,23884,0,5839020180.000,0,-,-,-,-,4057.4000,4056.0000,4055.8000,4055.2000,4054.0000,4058.2000,4058.8000,4059.0000,4059.4000,4059.8000,1,1,1,2,1,1,1,1,1,1
SF,IF2006,2020-02-19 13:22:06.400,4058.0000,23884,0,5839020180.000,0,-,-,-,-,4057.4000,4056.0000,4055.8000,4055.2000,4054.0000,4057.6000,4058.2000,4058.8000,4059.0000,4059.4000,1,1,1,2,1,1,1,1,1,1
SF,IF2006,2020-02-19 13:22:06.900,4058.0000,23884,0,5839020180.000,0,-,-,-,-,4057.4000,4056.0000,4055.8000,4055.2000,4054.0000,4057.6000,4058.0000,4058.2000,4058.8000,4059.0000,1,1,1,2,1,1,1,1,1,1
SF,IF2006,2020-02-19 13:22:07.400,4057.4000,23883,-1,5840237400.000,1,0,1,双平,B,4056.0000,4055.8000,4055.2000,4054.0000,4053.8000,4057.6000,4058.0000,4058.2000,4058.8000,4059.0000,1,1,2,1,2,1,1,1,1,1
SF,IF2006,2020-02-19 13:22:07.900,4057.4000,23883,0,5840237400.000,0,-,-,-,-,4056.8000,4056.4000,4056.2000,4056.0000,4055.8000,4057.6000,4058.0000,4058.2000,4058.8000,4059.0000,5,1,3,1,1,1,1,1,1,1
SF,IF2006,2020-02-19 13:22:08.400,4057.4000,23883,0,5840237400.000,0,-,-,-,-,4057.2000,4057.0000,4056.8000,4056.4000,4056.2000,4057.6000,4058.0000,4058.2000,4058.8000,4059.0000,5,3,5,1,1,1,1,1,1,1
SF,IF2006,2020-02-19 13:22:08.900,4057.4000,23883,0,5840237400.000,0,-,-,-,-,4057.0000,4056.4000,4056.0000,4055.8000,4055.2000,4057.6000,4058.2000,4058.8000,4059.0000,4059.4000,2,1,1,1,2,1,1,1,1,1
SF,IF2006,2020-02-19 13:22:09.400,4057.4000,23883,0,5840237400.000,0,-,-,-,-,4057.0000,4056.4000,4056.0000,4055.8000,4055.2000,4057.6000,4058.2000,4058.8000,4059.0000,4059.4000,2,1,1,1,2,1,1,1,1,1
SF,IF2006,2020-02-19 13:22:11.900,4057.4000,23883,0,5840237400.000,0,-,-,-,-,4057.2000,4057.0000,4056.4000,4056.0000,4055.8000,4057.6000,4058.2000,4058.8000,4059.0000,4059.4000,5,2,1,1,1,1,1,1,1,1
SF,IF2006,2020-02-19 13:22:12.400,4057.4000,23883,0,5840237400.000,0,-,-,-,-,4056.0000,4055.8000,4055.2000,4054.0000,4053.8000,4057.6000,4058.2000,4058.8000,4059.0000,4059.4000,1,1,2,1,2,1,1,1,1,1
SF,IF2006,2020-02-19 13:22:12.900,4057.4000,23883,0,5840237400.000,0,-,-,-,-,4056.8000,4056.2000,4056.0000,4055.8000,4055.2000,4057.6000,4058.2000,4058.8000,4059.0000,4059.4000,5,3,1,1,2,1,1,1,1,1
SF,IF2006,2020-02-19 13:22:13.400,4057.4000,23883,0,5840237400.000,0,-,-,-,-,4056.2000,4056.0000,4055.8000,4055.2000,4054.0000,4057.6000,4058.2000,4058.8000,4059.0000,4059.4000,3,1,1,2,1,1,1,1,1,1
SF,IF2006,2020-02-19 13:22:13.900,4057.4000,23883,0,5840237400.000,0,-,-,-,-,4056.4000,4056.2000,4056.0000,4055.8000,4055.2000,4057.4000,4057.6000,4058.2000,4058.8000,4059.0000,1,3,1,1,2,1,1,1,1,1
SF,IF2006,2020-02-19 13:22:14.400,4057.4000,23883,0,5840237400.000,0,-,-,-,-,4056.6000,4056.4000,4056.2000,4056.0000,4055.8000,4057.4000,4057.6000,4058.2000,4058.8000,4059.0000,7,1,1,1,1,1,1,1,1,1
SF,IF2006,2020-02-19 13:22:14.900,4057.4000,23883,0,5840237400.000,0,-,-,-,-,4056.6000,4056.4000,4056.2000,4056.0000,4055.8000,4057.4000,4057.6000,4058.2000,4058.8000,4059.0000,8,1,1,1,1,1,1,1,1,1
SF,IF2006,2020-02-19 13:22:15.400,4057.4000,23883,0,5840237400.000,0,-,-,-,-,4056.6000,4056.2000,4056.0000,4055.8000,4055.2000,4057.4000,4057.6000,4058.2000,4058.8000,4059.0000,3,1,1,1,2,1,1,1,1,1
SF,IF2006,2020-02-19 13:22:15.900,4057.4000,23883,0,5840237400.000,0,-,-,-,-,4056.6000,4056.0000,4055.8000,4055.2000,4054.0000,4057.4000,4057.6000,4058.2000,4058.8000,4059.0000,3,1,1,2,1,1,1,1,1,1
SF,IF2006,2020-02-19 13:22:16.400,4057.4000,23883,0,5840237400.000,0,-,-,-,-,4056.6000,4056.0000,4055.8000,4055.2000,4054.0000,4057.4000,4058.2000,4058.8000,4059.0000,4059.4000,1,1,1,2,1,1,1,1,1,1
SF,IF2006,2020-02-19 13:22:16.900,4057.4000,23883,0,5840237400.000,0,-,-,-,-,4056.0000,4055.8000,4055.2000,4054.0000,4053.8000,4057.4000,4058.2000,4058.8000,4059.0000,4059.4000,1,1,2,1,2,1,1,1,1,1
SF,IF2006,2020-02-19 13:22:17.400,4057.4000,23883,0,5840237400.000,0,-,-,-,-,4056.2000,4056.0000,4055.8000,4055.2000,4054.0000,4057.4000,4058.2000,4058.8000,4059.0000,4059.4000,7,1,1,2,1,1,1,1,1,1
SF,IF2006,2020-02-19 13:22:18.400,4057.4000,23883,0,5840237400.000,0,-,-,-,-,4056.2000,4056.0000,4055.8000,4055.2000,4054.0000,4057.0000,4057.2000,4057.4000,4058.2000,4058.8000,2,1,1,2,1,1,1,1,1,1
SF,IF2006,2020-02-19 13:22:18.900,4057.4000,23883,0,5840237400.000,0,-,-,-,-,4056.2000,4056.0000,4055.8000,4055.2000,4054.0000,4057.0000,4057.2000,4057.4000,4058.2000,4058.8000,2,1,1,2,1,1,1,1,2,1
SF,IF2006,2020-02-19 13:22:19.400,4057.4000,23883,0,5840237400.000,0,-,-,-,-,4056.0000,4055.8000,4055.2000,4054.0000,4053.8000,4056.8000,4057.0000,4057.4000,4058.2000,4058.8000,1,1,2,1,2,1,1,1,2,1
SF,IF2006,2020-02-19 13:22:20.900,4057.0000,23883,0,5841454500.000,1,0,1,空换,B,4056.0000,4055.8000,4055.2000,4054.0000,4053.8000,4057.0000,4057.4000,4058.2000,4058.8000,4059.0000,1,1,2,1,2,1,1,2,1,1
SF,IF2006,2020-02-19 13:22:21.400,4056.2000,23882,-1,5842671360.000,1,0,1,双平,B,4056.2000,4056.0000,4055.8000,4055.2000,4054.0000,4057.0000,4057.4000,4058.2000,4058.8000,4059.0000,1,1,1,2,1,1,1,2,2,1
SF,IF2006,2020-02-19 13:22:22.400,4056.2000,23882,0,5842671360.000,0,-,-,-,-,4056.2000,4056.0000,4055.8000,4055.4000,4055.2000,4057.4000,4058.2000,4058.8000,4059.0000,4059.4000,1,1,1,1,2,1,2,2,1,1
SF,IF2006,2020-02-19 13:22:22.900,4056.2000,23882,0,5842671360.000,0,-,-,-,-,4056.2000,4056.0000,4055.8000,4055.4000,4055.2000,4057.2000,4057.4000,4058.2000,4058.8000,4059.0000,1,1,1,1,2,2,1,2,2,1
SF,IF2006,2020-02-19 13:22:23.400,4056.2000,23882,0,5843888220.000,1,0,1,空换,B,4056.0000,4055.8000,4055.4000,4055.2000,4054.0000,4057.0000,4057.2000,4057.4000,4058.2000,4058.8000,1,1,1,2,1,1,2,1,2,2
SF,IF2006,2020-02-19 13:22:23.900,4056.2000,23882,0,5843888220.000,0,-,-,-,-,4056.0000,4055.8000,4055.4000,4055.2000,4054.0000,4056.8000,4057.0000,4057.4000,4058.2000,4058.8000,1,1,1,2,1,2,1,1,2,2
SF,IF2006,2020-02-19 13:22:26.400,4056.8000,23881,-1,5845105260.000,1,0,1,双平,B,4056.0000,4055.8000,4055.4000,4055.2000,4054.0000,4056.8000,4057.0000,4057.4000,4058.2000,4058.8000,1,1,1,2,1,1,1,1,2,2
SF,IF2006,2020-02-19 13:22:27.900,4056.8000,23881,0,5845105260.000,0,-,-,-,-,4056.0000,4055.8000,4055.4000,4055.2000,4054.0000,4056.6000,4056.8000,4057.4000,4058.2000,4058.8000,1,1,1,2,1,1,1,1,2,2
SF,IF2006,2020-02-19 13:22:29.400,4056.0000,23880,-1,5846322060.000,1,0,1,双平,B,4055.8000,4055.4000,4055.2000,4054.0000,4053.8000,4056.6000,4056.8000,4057.4000,4058.2000,4058.8000,1,1,2,1,2,1,1,1,2,2
SF,IF2006,2020-02-19 13:22:29.900,4056.0000,23880,0,5846322060.000,0,-,-,-,-,4055.8000,4055.4000,4055.2000,4054.0000,4053.8000,4056.4000,4056.6000,4057.4000,4058.2000,4058.8000,1,1,2,1,2,6,2,1,2,2
SF,IF2006,2020-02-19 13:22:30.400,4056.0000,23880,0,5846322060.000,0,-,-,-,-,4055.8000,4055.4000,4055.2000,4054.0000,4053.8000,4056.4000,4056.6000,4057.4000,4058.2000,4058.8000,1,1,2,1,2,2,2,1,2,2
SF,IF2006,2020-02-19 13:22:34.400,4056.0000,23880,0,5846322060.000,0,-,-,-,-,4055.8000,4055.4000,4055.2000,4054.0000,4053.8000,4056.4000,4056.6000,4057.4000,4058.2000,4058.8000,1,1,2,1,2,2,1,1,2,2
SF,IF2006,2020-02-19 13:22:34.900,4056.6000,23880,0,5847539040.000,1,0,1,空换,B,4056.0000,4055.8000,4055.4000,4055.2000,4054.0000,4057.4000,4058.2000,4058.8000,4059.0000,4059.4000,1,1,1,2,1,1,2,2,1,1
SF,IF2006,2020-02-19 13:22:35.400,4056.6000,23880,0,5847539040.000,0,-,-,-,-,4056.2000,4056.0000,4055.8000,4055.4000,4055.2000,4057.2000,4057.4000,4058.2000,4058.8000,4059.0000,2,1,1,1,2,3,1,2,2,1
SF,IF2006,2020-02-19 13:22:36.400,4056.6000,23880,0,5847539040.000,0,-,-,-,-,4056.2000,4056.0000,4055.8000,4055.4000,4055.2000,4057.2000,4057.4000,4058.2000,4058.8000,4059.0000,2,1,1,1,2,3,1,2,2,1
SF,IF2006,2020-02-19 13:22:36.900,4056.6000,23880,0,5847539040.000,0,-,-,-,-,4056.2000,4056.0000,4055.8000,4055.4000,4055.2000,4056.8000,4057.2000,4057.4000,4057.6000,4058.2000,2,1,1,1,2,1,3,1,1,2
SF,IF2006,2020-02-19 13:22:37.400,4056.6000,23880,0,5847539040.000,0,-,-,-,-,4056.2000,4056.0000,4055.8000,4055.4000,4055.2000,4056.8000,4057.2000,4057.4000,4058.2000,4058.8000,2,1,1,1,2,1,3,1,2,2
SF,IF2006,2020-02-19 13:22:39.900,4056.8000,23880,0,5848756080.000,1,0,1,空换,B,4056.8000,4056.2000,4056.0000,4055.8000,4055.4000,4057.2000,4057.4000,4058.2000,4058.8000,4059.0000,1,2,1,1,1,3,1,2,2,1
SF,IF2006,2020-02-19 13:22:40.400,4056.8000,23880,0,5849973120.000,1,0,1,空换,B,4056.2000,4056.0000,4055.8000,4055.4000,4055.2000,4056.8000,4057.2000,4057.4000,4058.2000,4058.8000,2,1,1,1,2,1,3,1,2,2
SF,IF2006,2020-02-19 13:22:41.900,4056.8000,23880,0,5849973120.000,0,-,-,-,-,4056.2000,4056.0000,4055.8000,4055.4000,4055.2000,4057.2000,4057.4000,4058.2000,4058.8000,4059.0000,2,1,1,1,2,3,1,2,2,1
SF,IF2006,2020-02-19 13:22:42.400,4056.8000,23880,0,5849973120.000,0,-,-,-,-,4056.2000,4056.0000,4055.8000,4055.4000,4055.2000,4057.2000,4057.4000,4058.2000,4058.8000,4059.0000,2,1,1,1,1,3,1,2,2,1
SF,IF2006,2020-02-19 13:22:42.900,4057.2000,23880,0,5852407380.000,2,1,1,空换,B,4056.0000,4055.8000,4055.4000,4055.2000,4054.4000,4057.2000,4057.4000,4058.2000,4058.8000,4059.0000,1,1,1,1,1,2,1,2,2,1
SF,IF2006,2020-02-19 13:22:43.400,4057.2000,23880,0,5852407380.000,0,-,-,-,-,4056.2000,4056.0000,4055.8000,4055.4000,4055.2000,4057.2000,4057.4000,4058.2000,4058.8000,4059.0000,2,1,1,1,1,2,1,2,2,1
SF,IF2006,2020-02-19 13:22:44.900,4057.2000,23880,0,5852407380.000,0,-,-,-,-,4056.2000,4056.0000,4055.8000,4055.4000,4055.2000,4057.0000,4057.2000,4057.4000,4058.2000,4058.8000,2,1,1,1,1,1,2,1,2,2
SF,IF2006,2020-02-19 13:22:45.900,4057.2000,23879,-1,5853624540.000,1,0,1,双平,B,4056.2000,4056.0000,4055.8000,4055.4000,4055.2000,4057.2000,4057.4000,4058.2000,4058.8000,4059.0000,2,1,1,1,1,2,1,2,2,1
SF,IF2006,2020-02-19 13:22:46.400,4057.2000,23879,0,5853624540.000,0,-,-,-,-,4056.4000,4056.2000,4056.0000,4055.8000,4055.4000,4057.0000,4057.2000,4057.4000,4058.2000,4058.8000,1,2,1,1,1,1,2,1,2,2
SF,IF2006,2020-02-19 13:22:49.900,4057.0000,23879,0,5854841640.000,1,0,1,空换,B,4056.4000,4056.2000,4056.0000,4055.8000,4055.4000,4057.2000,4057.4000,4058.2000,4058.8000,4059.0000,1,2,1,1,1,2,1,2,2,1
SF,IF2006,2020-02-19 13:22:50.400,4057.0000,23879,0,5854841640.000,0,-,-,-,-,4056.4000,4056.2000,4056.0000,4055.8000,4055.4000,4057.4000,4058.2000,4058.8000,4059.0000,4059.4000,1,2,1,1,1,1,2,2,1,1
SF,IF2006,2020-02-19 13:22:50.900,4057.0000,23879,0,5854841640.000,0,-,-,-,-,4056.6000,4056.4000,4056.0000,4055.8000,4055.4000,4057.4000,4058.2000,4058.8000,4059.0000,4059.4000,2,1,1,1,1,1,2,2,1,1
SF,IF2006,2020-02-19 13:22:51.900,4057.0000,23879,0,5854841640.000,0,-,-,-,-,4056.8000,4056.6000,4056.0000,4055.8000,4055.4000,4057.4000,4058.2000,4058.8000,4059.0000,4059.4000,1,2,1,1,1,1,2,2,1,1
SF,IF2006,2020-02-19 13:22:52.400,4057.0000,23879,0,5854841640.000,0,-,-,-,-,4056.8000,4056.6000,4056.0000,4055.8000,4055.4000,4057.2000,4057.4000,4058.2000,4058.8000,4059.0000,1,2,1,1,1,1,1,2,2,1
SF,IF2006,2020-02-19 13:22:54.400,4057.2000,23880,1,5856058800.000,1,1,0,双开,B,4057.2000,4056.8000,4056.6000,4056.0000,4055.8000,4057.4000,4058.2000,4058.8000,4059.0000,4059.4000,1,1,2,1,1,1,2,2,1,1
SF,IF2006,2020-02-19 13:22:54.900,4057.2000,23881,1,5857275960.000,1,1,0,双开,B,4056.8000,4056.6000,4056.0000,4055.8000,4055.4000,4057.4000,4058.2000,4058.8000,4059.0000,4059.4000,1,2,1,1,1,1,2,2,1,1
SF,IF2006,2020-02-19 13:22:56.400,4057.2000,23881,0,5857275960.000,0,-,-,-,-,4056.6000,4056.0000,4055.8000,4055.4000,4055.2000,4057.4000,4058.2000,4058.8000,4059.0000,4059.4000,2,1,1,1,1,1,2,2,1,1
SF,IF2006,2020-02-19 13:22:56.900,4057.2000,23881,0,5857275960.000,0,-,-,-,-,4056.6000,4056.0000,4055.8000,4055.4000,4055.2000,4057.4000,4058.2000,4058.8000,4059.0000,4059.4000,2,1,1,1,1,1,2,2,1,1
SF,IF2006,2020-02-19 13:22:58.400,4057.4000,23881,0,5858493180.000,1,0,1,空换,B,4056.6000,4056.0000,4055.8000,4055.4000,4055.2000,4058.2000,4058.8000,4059.0000,4059.4000,4059.8000,2,1,1,1,1,2,2,1,1,1
SF,IF2006,2020-02-19 13:22:58.900,4057.4000,23881,0,5858493180.000,0,-,-,-,-,4056.0000,4055.8000,4055.4000,4055.2000,4054.4000,4057.8000,4058.0000,4058.2000,4058.8000,4059.0000,1,1,1,1,1,1,4,2,2,1
SF,IF2006,2020-02-19 13:22:59.400,4057.4000,23881,0,5858493180.000,0,-,-,-,-,4056.2000,4056.0000,4055.8000,4055.4000,4055.2000,4056.8000,4057.6000,4057.8000,4058.0000,4058.2000,2,1,1,1,1,1,3,2,1,2
SF,IF2006,2020-02-19 13:22:59.900,4057.4000,23881,0,5858493180.000,0,-,-,-,-,4056.2000,4056.0000,4055.8000,4055.4000,4055.2000,4056.8000,4057.6000,4057.8000,4058.0000,4058.2000,2,1,1,1,1,1,3,1,1,2
SF,IF2006,2020-02-19 13:23:00.400,4057.4000,23881,0,5858493180.000,0,-,-,-,-,4056.0000,4055.8000,4055.4000,4055.2000,4054.4000,4056.8000,4057.6000,4057.8000,4058.0000,4058.2000,1,1,1,1,1,1,2,2,1,2
SF,IF2006,2020-02-19 13:23:00.900,4056.2000,23880,-1,5860927140.000,2,0,2,空平,B,4056.2000,4056.0000,4055.8000,4055.4000,4055.2000,4057.6000,4057.8000,4058.0000,4058.2000,4058.8000,1,1,1,1,1,2,2,1,2,2
SF,IF2006,2020-02-19 13:23:01.400,4056.2000,23880,0,5860927140.000,0,-,-,-,-,4056.0000,4055.8000,4055.4000,4055.2000,4054.4000,4057.4000,4057.6000,4057.8000,4058.0000,4058.2000,1,1,1,1,1,1,2,2,1,2
SF,IF2006,2020-02-19 13:23:01.900,4056.2000,23880,0,5860927140.000,0,-,-,-,-,4056.0000,4055.8000,4055.4000,4055.2000,4054.4000,4057.2000,4057.4000,4057.8000,4058.0000,4058.2000,1,1,1,1,1,2,1,2,1,2
SF,IF2006,2020-02-19 13:23:02.900,4056.2000,23880,0,5860927140.000,0,-,-,-,-,4056.0000,4055.8000,4055.4000,4055.2000,4054.4000,4057.2000,4057.4000,4057.8000,4058.0000,4058.2000,1,1,1,1,1,2,1,1,1,2
SF,IF2006,2020-02-19 13:23:03.400,4056.2000,23880,0,5860927140.000,0,-,-,-,-,4056.2000,4056.0000,4055.8000,4055.4000,4055.2000,4057.2000,4057.4000,4057.8000,4058.0000,4058.2000,2,1,1,1,1,2,1,1,1,2
SF,IF2006,2020-02-19 13:23:03.900,4056.2000,23880,0,5860927140.000,0,-,-,-,-,4056.0000,4055.8000,4055.4000,4055.2000,4054.4000,4057.2000,4057.4000,4057.8000,4058.0000,4058.2000,1,1,1,1,1,2,1,1,1,2
SF,IF2006,2020-02-19 13:23:05.400,4056.2000,23880,0,5860927140.000,0,-,-,-,-,4056.4000,4056.0000,4055.8000,4055.4000,4055.2000,4057.2000,4057.4000,4057.8000,4058.0000,4058.2000,1,1,1,1,1,2,1,1,1,2
SF,IF2006,2020-02-19 13:23:06.400,4056.2000,23880,0,5862144000.000,1,0,1,空换,B,4056.0000,4055.8000,4055.4000,4055.2000,4054.4000,4057.2000,4057.4000,4057.8000,4058.0000,4058.2000,1,1,1,1,1,2,1,1,1,2
SF,IF2006,2020-02-19 13:23:07.900,4056.2000,23880,0,5862144000.000,0,-,-,-,-,4056.0000,4055.8000,4055.4000,4055.2000,4054.4000,4057.0000,4057.2000,4057.4000,4057.8000,4058.0000,1,1,1,1,1,1,2,1,1,1
SF,IF2006,2020-02-19 13:23:08.400,4056.2000,23880,0,5862144000.000,0,-,-,-,-,4056.0000,4055.8000,4055.4000,4055.2000,4054.4000,4056.8000,4057.0000,4057.4000,4057.8000,4058.0000,1,1,1,1,1,2,1,1,1,1
SF,IF2006,2020-02-19 13:23:08.900,4056.2000,23880,0,5862144000.000,0,-,-,-,-,4056.0000,4055.8000,4055.4000,4055.2000,4054.4000,4056.8000,4057.0000,4057.8000,4058.0000,4058.2000,1,1,1,1,1,2,1,1,1,2
SF,IF2006,2020-02-19 13:23:09.400,4056.2000,23880,0,5862144000.000,0,-,-,-,-,4056.0000,4055.8000,4055.4000,4055.2000,4054.4000,4056.8000,4057.0000,4058.0000,4058.2000,4058.8000,1,1,1,1,1,2,1,1,2,2
SF,IF2006,2020-02-19 13:23:10.900,4056.2000,23880,0,5862144000.000,0,-,-,-,-,4056.0000,4055.8000,4055.4000,4055.2000,4054.4000,4056.8000,4058.0000,4058.2000,4058.8000,4059.0000,1,1,1,1,1,2,1,2,2,1
SF,IF2006,2020-02-19 13:23:15.400,4056.0000,23881,1,5863360800.000,1,1,0,双开,B,4055.8000,4055.4000,4055.2000,4054.4000,4054.0000,4056.8000,4058.0000,4058.2000,4058.8000,4059.0000,1,1,1,1,1,2,1,2,2,1
SF,IF2006,2020-02-19 13:23:19.400,4056.0000,23881,0,5863360800.000,0,-,-,-,-,4055.8000,4055.4000,4055.2000,4054.4000,4054.0000,4056.6000,4056.8000,4058.0000,4058.2000,4058.8000,1,1,1,1,1,1,2,1,2,2
SF,IF2006,2020-02-19 13:23:19.900,4056.0000,23881,0,5863360800.000,0,-,-,-,-,4055.8000,4055.4000,4055.2000,4054.4000,4054.0000,4056.4000,4056.6000,4058.0000,4058.2000,4058.8000,1,1,1,1,1,2,1,1,2,2
SF,IF2006,2020-02-19 13:23:20.900,4055.8000,23881,0,5864577540.000,1,0,1,空换,B,4055.4000,4055.2000,4054.4000,4054.0000,4053.8000,4056.4000,4056.6000,4058.0000,4058.2000,4058.8000,1,1,1,1,2,2,1,1,2,2
SF,IF2006,2020-02-19 13:23:22.900,4055.8000,23881,0,5864577540.000,0,-,-,-,-,4055.4000,4055.2000,4054.4000,4054.0000,4053.8000,4056.4000,4056.6000,4058.0000,4058.2000,4058.8000,1,1,1,1,2,2,1,1,2,2
SF,IF2006,2020-02-19 13:23:23.400,4056.4000,23881,0,5865794460.000,1,0,1,空换,B,4055.4000,4055.2000,4054.4000,4054.0000,4053.8000,4056.4000,4056.6000,4058.0000,4058.2000,4058.8000,1,1,1,1,2,1,1,1,2,2
SF,IF2006,2020-02-19 13:23:24.400,4056.4000,23881,0,5865794460.000,0,-,-,-,-,4055.4000,4055.2000,4054.4000,4054.0000,4053.8000,4056.4000,4056.6000,4057.0000,4058.0000,4058.2000,1,1,1,1,2,1,1,1,1,2
SF,IF2006,2020-02-19 13:23:24.900,4056.4000,23881,0,5865794460.000,0,-,-,-,-,4055.4000,4055.2000,4054.4000,4054.0000,4053.8000,4056.2000,4056.4000,4056.6000,4057.0000,4058.0000,1,1,1,1,2,1,1,1,1,1
SF,IF2006,2020-02-19 13:23:25.400,4056.4000,23881,0,5865794460.000,0,-,-,-,-,4055.4000,4055.2000,4054.4000,4054.0000,4053.8000,4056.0000,4056.2000,4056.6000,4057.0000,4058.0000,1,1,1,1,2,2,1,1,1,1
SF,IF2006,2020-02-19 13:23:27.400,4056.4000,23881,0,5865794460.000,0,-,-,-,-,4055.4000,4055.2000,4054.4000,4054.0000,4053.8000,4056.0000,4056.2000,4056.6000,4057.0000,4058.0000,1,1,1,1,2,2,1,1,1,1
SF,IF2006,2020-02-19 13:23:27.900,4056.4000,23881,0,5865794460.000,0,-,-,-,-,4055.4000,4055.2000,4054.4000,4054.0000,4053.8000,4056.0000,4057.0000,4058.0000,4058.2000,4058.8000,1,1,1,1,2,2,1,1,2,2
SF,IF2006,2020-02-19 13:23:29.900,4055.4000,23882,1,5867011080.000,1,1,0,双开,B,4055.2000,4054.4000,4054.0000,4053.8000,4053.6000,4056.0000,4057.0000,4058.0000,4058.2000,4058.8000,1,1,1,2,1,2,1,1,2,2
SF,IF2006,2020-02-19 13:23:30.400,4055.4000,23882,0,5867011080.000,0,-,-,-,-,4055.2000,4054.4000,4054.0000,4053.8000,4053.6000,4055.8000,4056.0000,4057.0000,4058.0000,4058.2000,1,1,1,2,1,1,2,1,1,2
SF,IF2006,2020-02-19 13:23:30.900,4055.4000,23882,0,5867011080.000,0,-,-,-,-,4055.2000,4054.4000,4054.0000,4053.8000,4053.6000,4055.8000,4056.0000,4057.0000,4058.2000,4058.8000,1,1,1,2,1,1,2,1,2,2
SF,IF2006,2020-02-19 13:23:33.900,4055.2000,23882,0,5868227640.000,1,0,1,空换,B,4054.4000,4054.0000,4053.8000,4053.6000,4052.4000,4055.8000,4056.0000,4057.0000,4058.2000,4058.8000,1,1,2,1,3,1,2,1,2,2
SF,IF2006,2020-02-19 13:23:34.400,4055.2000,23882,0,5868227640.000,0,-,-,-,-,4054.4000,4054.0000,4053.8000,4053.6000,4052.4000,4055.6000,4055.8000,4057.0000,4058.2000,4058.8000,1,1,2,1,3,2,1,1,2,2
SF,IF2006,2020-02-19 13:23:35.400,4055.2000,23882,0,5868227640.000,0,-,-,-,-,4054.4000,4054.0000,4053.8000,4053.6000,4052.4000,4055.4000,4055.6000,4057.0000,4058.2000,4058.8000,1,1,2,1,3,2,2,1,2,2
SF,IF2006,2020-02-19 13:23:37.900,4055.2000,23882,0,5868227640.000,0,-,-,-,-,4054.4000,4054.0000,4053.8000,4053.6000,4052.4000,4055.4000,4055.6000,4057.0000,4058.2000,4058.8000,1,1,2,1,3,1,2,1,2,2
SF,IF2006,2020-02-19 13:23:38.400,4055.2000,23882,0,5868227640.000,0,-,-,-,-,4054.4000,4054.0000,4053.8000,4053.6000,4052.4000,4055.6000,4057.0000,4058.2000,4058.8000,4059.0000,1,1,2,1,3,2,1,2,2,1
SF,IF2006,2020-02-19 13:23:38.900,4055.2000,23882,0,5868227640.000,0,-,-,-,-,4054.6000,4054.4000,4054.0000,4053.8000,4053.6000,4055.4000,4055.6000,4057.0000,4058.2000,4058.8000,2,1,1,2,1,1,2,1,2,2
SF,IF2006,2020-02-19 13:23:40.900,4054.6000,23882,0,5869444020.000,1,0,1,空换,B,4054.6000,4054.4000,4054.0000,4053.8000,4053.6000,4055.2000,4055.4000,4055.6000,4057.0000,4058.2000,1,1,1,2,1,1,1,2,1,2
SF,IF2006,2020-02-19 13:23:41.400,4054.6000,23882,0,5870660400.000,1,0,1,空换,B,4054.4000,4054.0000,4053.8000,4053.6000,4052.4000,4055.2000,4055.4000,4055.6000,4057.0000,4058.2000,1,1,2,1,3,1,1,2,1,2
SF,IF2006,2020-02-19 13:23:41.900,4054.6000,23882,0,5870660400.000,0,-,-,-,-,4054.4000,4054.0000,4053.8000,4053.6000,4052.4000,4055.0000,4055.2000,4055.4000,4057.0000,4058.2000,1,1,2,1,3,2,1,1,1,2
SF,IF2006,2020-02-19 13:23:42.400,4054.6000,23882,0,5870660400.000,0,-,-,-,-,4054.4000,4054.0000,4053.8000,4053.6000,4052.4000,4055.0000,4055.2000,4055.4000,4056.0000,4057.0000,1,1,2,1,3,2,1,1,1,1
SF,IF2006,2020-02-19 13:23:42.900,4054.4000,23881,-1,5871876720.000,1,0,1,双平,B,4054.0000,4053.8000,4053.6000,4052.4000,4052.2000,4054.4000,4055.0000,4055.2000,4055.4000,4056.0000,1,2,1,3,1,2,2,1,1,1
SF,IF2006,2020-02-19 13:23:43.400,4054.0000,23881,0,5873092920.000,1,0,1,空换,B,4053.8000,4053.6000,4052.4000,4052.2000,4051.8000,4054.0000,4054.4000,4055.0000,4055.2000,4055.4000,2,1,3,1,2,1,1,2,1,1
SF,IF2006,2020-02-19 13:23:43.900,4053.6000,23879,-2,5876741280.000,3,0,3,空平,B,4052.4000,4052.2000,4051.8000,4051.6000,4051.4000,4055.0000,4055.2000,4055.4000,4056.0000,4057.0000,3,1,2,1,1,2,1,1,1,1
SF,IF2006,2020-02-19 13:23:44.400,4053.6000,23879,0,5876741280.000,0,-,-,-,-,4052.6000,4052.4000,4052.2000,4051.8000,4051.6000,4054.2000,4054.4000,4054.8000,4055.0000,4055.2000,2,3,1,2,1,2,1,1,2,1
SF,IF2006,2020-02-19 13:23:44.900,4054.0000,23878,-1,5877957480.000,1,0,1,双平,B,4052.6000,4052.4000,4052.2000,4051.8000,4051.6000,4054.0000,4054.2000,4054.4000,4054.8000,4055.2000,2,3,1,2,1,3,2,1,1,1
SF,IF2006,2020-02-19 13:23:45.400,4054.0000,23878,0,5877957480.000,0,-,-,-,-,4052.4000,4052.2000,4051.8000,4051.6000,4051.4000,4054.0000,4054.2000,4054.4000,4054.8000,4055.2000,3,1,2,1,1,4,2,1,1,1
SF,IF2006,2020-02-19 13:23:45.900,4054.0000,23878,0,5877957480.000,0,-,-,-,-,4052.4000,4052.2000,4051.8000,4051.6000,4051.4000,4053.8000,4054.0000,4054.2000,4054.4000,4054.8000,3,1,2,1,1,1,4,1,1,1
SF,IF2006,2020-02-19 13:23:46.400,4054.0000,23878,0,5877957480.000,0,-,-,-,-,4052.6000,4052.4000,4052.2000,4051.8000,4051.6000,4053.6000,4054.0000,4054.2000,4054.4000,4054.8000,3,2,1,2,1,2,2,1,1,1
SF,IF2006,2020-02-19 13:23:47.400,4054.0000,23878,0,5877957480.000,0,-,-,-,-,4052.6000,4052.4000,4052.2000,4051.8000,4051.6000,4053.6000,4054.0000,4054.2000,4054.4000,4054.8000,2,2,1,2,1,2,2,1,1,1
SF,IF2006,2020-02-19 13:23:47.900,4054.0000,23878,0,5877957480.000,0,-,-,-,-,4052.4000,4052.2000,4051.8000,4051.6000,4051.4000,4053.6000,4054.0000,4054.4000,4054.8000,4055.2000,2,1,2,1,1,2,2,1,1,1
SF,IF2006,2020-02-19 13:23:48.900,4054.0000,23878,0,5877957480.000,0,-,-,-,-,4052.4000,4052.2000,4051.8000,4051.6000,4051.4000,4052.6000,4053.6000,4054.0000,4054.4000,4054.8000,2,1,2,1,1,1,2,2,1,1
SF,IF2006,2020-02-19 13:23:49.400,4052.6000,23878,0,5880389040.000,2,1,1,空换,B,4052.6000,4052.4000,4052.2000,4051.8000,4051.6000,4053.6000,4054.0000,4054.4000,4054.8000,4055.2000,1,2,1,2,1,2,2,1,1,1
SF,IF2006,2020-02-19 13:23:49.900,4052.6000,23878,0,5881604820.000,1,0,1,空换,B,4052.4000,4052.2000,4051.8000,4051.6000,4051.4000,4053.6000,4054.0000,4054.4000,4054.8000,4055.2000,2,1,2,1,1,2,1,1,1,1
SF,IF2006,2020-02-19 13:23:50.400,4052.6000,23878,0,5881604820.000,0,-,-,-,-,4052.4000,4052.2000,4051.8000,4051.6000,4051.4000,4053.4000,4053.6000,4054.0000,4054.4000,4054.8000,2,1,2,1,1,2,2,1,1,1
SF,IF2006,2020-02-19 13:23:50.900,4052.6000,23878,0,5881604820.000,0,-,-,-,-,4052.4000,4052.2000,4051.8000,4051.6000,4051.4000,4053.0000,4053.2000,4053.4000,4054.0000,4054.4000,2,1,2,1,1,1,2,1,1,1
SF,IF2006,2020-02-19 13:23:51.400,4052.4000,23879,1,5882820540.000,1,1,0,双开,B,4052.4000,4052.2000,4051.8000,4051.6000,4051.4000,4052.8000,4053.0000,4053.4000,4054.0000,4054.4000,1,1,2,1,1,2,1,1,1,1
SF,IF2006,2020-02-19 13:23:51.900,4052.4000,23879,0,5882820540.000,0,-,-,-,-,4052.4000,4052.2000,4051.8000,4051.6000,4051.4000,4052.8000,4053.0000,4053.4000,4054.0000,4054.4000,1,1,2,1,1,2,1,2,1,1
SF,IF2006,2020-02-19 13:23:52.400,4052.4000,23879,0,5882820540.000,0,-,-,-,-,4052.4000,4052.2000,4051.8000,4051.6000,4051.4000,4052.8000,4053.0000,4054.0000,4054.4000,4054.8000,1,1,2,1,1,2,1,1,1,1
SF,IF2006,2020-02-19 13:23:53.400,4052.4000,23879,0,5882820540.000,0,-,-,-,-,4052.4000,4052.2000,4051.8000,4051.6000,4051.4000,4052.8000,4053.0000,4054.0000,4054.4000,4054.8000,1,1,2,1,1,2,1,1,1,1
SF,IF2006,2020-02-19 13:23:53.900,4052.2000,23879,0,5885251920.000,2,1,1,空换,B,4051.8000,4051.6000,4051.4000,4050.0000,4048.2000,4052.8000,4053.0000,4054.0000,4054.4000,4054.8000,2,1,1,6,1,2,1,1,1,1
SF,IF2006,2020-02-19 13:23:54.400,4052.2000,23879,0,5885251920.000,0,-,-,-,-,4051.8000,4051.6000,4051.4000,4050.0000,4048.2000,4052.8000,4053.0000,4054.0000,4054.4000,4054.8000,2,1,1,6,1,2,1,1,1,1
SF,IF2006,2020-02-19 13:23:54.900,4052.2000,23879,0,5885251920.000,0,-,-,-,-,4052.0000,4051.8000,4051.6000,4051.4000,4050.0000,4052.4000,4052.8000,4053.0000,4054.0000,4054.4000,2,2,1,1,6,1,2,1,1,1
SF,IF2006,2020-02-19 13:23:55.400,4052.2000,23879,0,5885251920.000,0,-,-,-,-,4051.8000,4051.6000,4051.4000,4050.0000,4048.2000,4052.4000,4052.6000,4052.8000,4053.0000,4054.0000,2,1,1,6,1,1,1,2,1,1
SF,IF2006,2020-02-19 13:23:55.900,4052.2000,23879,0,5885251920.000,0,-,-,-,-,4051.8000,4051.6000,4051.4000,4050.0000,4048.2000,4052.4000,4052.8000,4053.0000,4054.0000,4054.4000,2,1,1,6,1,1,2,1,1,1
SF,IF2006,2020-02-19 13:23:56.400,4052.2000,23879,0,5885251920.000,0,-,-,-,-,4051.8000,4051.6000,4051.4000,4050.0000,4048.2000,4052.2000,4052.4000,4053.0000,4054.0000,4054.4000,2,1,1,6,1,3,1,1,1,1
SF,IF2006,2020-02-19 13:23:56.900,4052.2000,23879,0,5885251920.000,0,-,-,-,-,4051.8000,4051.6000,4051.4000,4050.0000,4048.2000,4052.2000,4052.4000,4054.0000,4054.4000,4054.8000,2,1,1,6,1,3,1,1,1,1
SF,IF2006,2020-02-19 13:23:57.400,4052.2000,23879,0,5885251920.000,0,-,-,-,-,4051.8000,4051.6000,4051.4000,4050.0000,4048.2000,4052.4000,4054.0000,4054.4000,4054.8000,4055.4000,2,1,1,6,1,1,1,1,1,1
SF,IF2006,2020-02-19 13:23:58.400,4051.8000,23879,0,5886467460.000,1,0,1,空换,B,4051.8000,4051.6000,4051.4000,4050.0000,4048.2000,4052.4000,4054.0000,4054.4000,4054.8000,4055.4000,1,1,1,6,1,1,1,1,1,1
SF,IF2006,2020-02-19 13:24:02.900,4051.8000,23879,0,5886467460.000,0,-,-,-,-,4051.8000,4051.6000,4051.4000,4050.0000,4048.2000,4052.4000,4054.0000,4054.4000,4054.8000,4055.4000,1,1,1,6,1,1,1,1,1,1
SF,IF2006,2020-02-19 13:24:03.400,4052.4000,23878,-1,5887683180.000,1,0,1,双平,B,4052.0000,4051.8000,4051.6000,4051.4000,4050.0000,4052.2000,4054.0000,4054.4000,4054.8000,4055.4000,2,1,1,1,6,1,1,1,1,1
SF,IF2006,2020-02-19 13:24:03.900,4052.2000,23878,0,5888898840.000,1,0,1,空换,B,4052.4000,4051.8000,4051.6000,4051.4000,4050.0000,4054.0000,4054.4000,4054.8000,4055.4000,4056.0000,1,1,1,1,6,1,1,1,1,1
SF,IF2006,2020-02-19 13:24:04.400,4052.2000,23878,0,5888898840.000,0,-,-,-,-,4051.8000,4051.6000,4051.4000,4050.0000,4048.2000,4053.4000,4053.8000,4054.0000,4054.4000,4054.8000,1,1,1,6,1,3,4,1,1,1
SF,IF2006,2020-02-19 13:24:04.900,4052.2000,23878,0,5888898840.000,0,-,-,-,-,4052.0000,4051.8000,4051.6000,4051.4000,4050.0000,4053.2000,4053.4000,4053.8000,4054.0000,4054.4000,2,1,1,1,6,2,3,2,1,1
SF,IF2006,2020-02-19 13:24:05.400,4052.2000,23878,0,5888898840.000,0,-,-,-,-,4052.0000,4051.8000,4051.6000,4051.4000,4050.0000,4053.2000,4053.4000,4053.8000,4054.0000,4054.4000,2,1,1,1,6,3,3,2,1,1
SF,IF2006,2020-02-19 13:24:05.900,4052.2000,23878,0,5888898840.000,0,-,-,-,-,4051.8000,4051.6000,4051.4000,4050.0000,4048.2000,4053.0000,4053.2000,4053.4000,4053.8000,4054.0000,1,1,1,6,1,2,2,3,2,1
SF,IF2006,2020-02-19 13:24:06.400,4052.2000,23878,0,5888898840.000,0,-,-,-,-,4051.8000,4051.6000,4051.4000,4050.0000,4048.2000,4052.8000,4053.0000,4053.4000,4053.8000,4054.0000,1,1,1,6,1,3,2,1,1,1
SF,IF2006,2020-02-19 13:24:06.900,4051.8000,23877,-1,5890114380.000,1,0,1,双平,B,4051.6000,4051.4000,4050.0000,4048.2000,4047.6000,4052.8000,4053.0000,4053.4000,4053.8000,4054.0000,1,1,5,1,1,3,2,1,1,1
SF,IF2006,2020-02-19 13:24:07.400,4051.8000,23877,0,5890114380.000,0,-,-,-,-,4051.6000,4051.4000,4050.0000,4049.0000,4048.2000,4052.6000,4052.8000,4053.0000,4053.4000,4053.8000,1,1,5,1,1,1,3,1,1,1
SF,IF2006,2020-02-19 13:24:07.900,4051.8000,23877,0,5890114380.000,0,-,-,-,-,4051.6000,4051.4000,4051.0000,4050.0000,4049.0000,4052.4000,4052.6000,4052.8000,4053.0000,4053.4000,1,1,1,5,1,2,1,1,1,1
SF,IF2006,2020-02-19 13:24:08.400,4051.8000,23877,0,5890114380.000,0,-,-,-,-,4051.6000,4051.4000,4051.0000,4050.0000,4049.0000,4052.4000,4052.6000,4052.8000,4053.0000,4053.4000,1,1,1,5,1,2,1,1,1,1
SF,IF2006,2020-02-19 13:24:08.900,4051.8000,23877,0,5890114380.000,0,-,-,-,-,4051.6000,4051.4000,4051.0000,4050.0000,4049.0000,4052.2000,4052.4000,4052.8000,4053.0000,4053.4000,1,1,1,5,1,1,2,1,1,1
SF,IF2006,2020-02-19 13:24:09.900,4051.8000,23877,0,5890114380.000,0,-,-,-,-,4051.6000,4051.4000,4051.0000,4050.0000,4049.0000,4052.2000,4052.4000,4052.8000,4053.0000,4053.4000,1,1,1,5,1,1,2,1,1,1
SF,IF2006,2020-02-19 13:24:10.400,4051.8000,23877,0,5890114380.000,0,-,-,-,-,4051.6000,4051.4000,4051.0000,4050.0000,4049.0000,4052.2000,4052.4000,4052.8000,4053.4000,4053.8000,1,1,1,5,1,1,2,1,1,1
SF,IF2006,2020-02-19 13:24:10.900,4052.2000,23877,0,5891330040.000,1,0,1,空换,B,4051.8000,4051.6000,4051.4000,4051.0000,4050.0000,4053.4000,4053.8000,4054.0000,4054.4000,4054.8000,3,1,1,1,5,1,1,1,1,1
SF,IF2006,2020-02-19 13:24:11.400,4052.2000,23877,0,5891330040.000,0,-,-,-,-,4052.0000,4051.8000,4051.6000,4051.4000,4051.0000,4053.2000,4053.8000,4054.0000,4054.4000,4054.8000,1,3,1,1,1,3,1,1,1,1
SF,IF2006,2020-02-19 13:24:11.900,4052.2000,23877,0,5891330040.000,0,-,-,-,-,4052.0000,4051.8000,4051.6000,4051.4000,4051.0000,4053.2000,4053.8000,4054.0000,4054.4000,4054.8000,1,3,1,1,1,4,1,1,1,1
SF,IF2006,2020-02-19 13:24:12.400,4052.2000,23877,0,5891330040.000,0,-,-,-,-,4052.0000,4051.8000,4051.6000,4051.4000,4051.0000,4053.0000,4053.2000,4053.8000,4054.0000,4054.4000,1,3,2,1,1,2,3,1,1,1
SF,IF2006,2020-02-19 13:24:12.900,4052.2000,23877,0,5891330040.000,0,-,-,-,-,4052.0000,4051.8000,4051.6000,4051.4000,4051.0000,4052.8000,4053.0000,4053.2000,4053.8000,4054.0000,1,3,2,1,1,2,2,1,1,1
SF,IF2006,2020-02-19 13:24:13.400,4052.8000,23877,0,5892545880.000,1,0,1,空换,B,4052.4000,4052.2000,4051.8000,4051.6000,4051.4000,4053.0000,4053.2000,4053.8000,4054.0000,4054.4000,1,1,2,2,1,2,1,1,1,1
SF,IF2006,2020-02-19 13:24:14.400,4052.4000,23876,-1,5893761600.000,1,0,1,双平,B,4051.8000,4051.6000,4051.4000,4051.0000,4050.0000,4053.0000,4053.2000,4053.8000,4054.0000,4054.4000,2,2,1,1,5,1,1,1,1,1
SF,IF2006,2020-02-19 13:24:14.900,4052.4000,23876,0,5893761600.000,0,-,-,-,-,4051.8000,4051.6000,4051.4000,4051.0000,4050.0000,4052.8000,4053.0000,4053.2000,4053.8000,4054.0000,2,2,1,1,5,2,1,1,1,1
SF,IF2006,2020-02-19 13:24:15.400,4052.4000,23876,0,5893761600.000,0,-,-,-,-,4051.8000,4051.6000,4051.4000,4051.0000,4050.0000,4053.0000,4053.2000,4054.0000,4054.4000,4054.8000,2,2,1,1,5,1,1,1,1,1
SF,IF2006,2020-02-19 13:24:15.900,4052.4000,23876,0,5893761600.000,0,-,-,-,-,4051.8000,4051.6000,4051.4000,4051.0000,4050.0000,4052.4000,4052.8000,4053.0000,4053.2000,4054.0000,2,2,1,1,5,1,2,1,1,1
SF,IF2006,2020-02-19 13:24:16.400,4052.4000,23876,0,5893761600.000,0,-,-,-,-,4051.8000,4051.6000,4051.4000,4051.0000,4050.0000,4052.4000,4052.8000,4053.0000,4053.2000,4054.0000,2,2,1,1,5,1,2,1,1,1
SF,IF2006,2020-02-19 13:24:16.900,4052.4000,23876,0,5893761600.000,0,-,-,-,-,4051.6000,4051.4000,4051.0000,4050.0000,4049.0000,4052.4000,4052.8000,4053.0000,4053.2000,4054.0000,2,1,1,5,1,1,2,1,1,1
SF,IF2006,2020-02-19 13:24:17.400,4051.6000,23876,0,5894977080.000,1,0,1,空换,B,4051.6000,4051.4000,4051.0000,4050.0000,4049.0000,4052.4000,4052.8000,4053.0000,4053.2000,4054.0000,1,1,1,5,1,1,2,1,1,1
SF,IF2006,2020-02-19 13:24:22.900,4051.6000,23876,0,5894977080.000,0,-,-,-,-,4051.6000,4051.4000,4051.0000,4050.0000,4049.0000,4052.4000,4052.8000,4053.0000,4053.2000,4054.0000,1,1,1,5,1,1,2,1,1,1
SF,IF2006,2020-02-19 13:24:23.900,4051.6000,23876,0,5894977080.000,0,-,-,-,-,4051.6000,4051.4000,4051.0000,4050.0000,4049.0000,4052.4000,4052.8000,4053.0000,4053.2000,4054.0000,1,1,1,5,1,1,2,1,1,1
SF,IF2006,2020-02-19 13:24:25.400,4051.6000,23877,1,5896192560.000,1,1,0,双开,B,4051.4000,4051.0000,4050.0000,4049.0000,4048.2000,4052.4000,4052.8000,4053.0000,4053.2000,4054.0000,1,1,5,1,1,1,2,1,1,1
SF,IF2006,2020-02-19 13:24:27.900,4051.6000,23877,0,5896192560.000,0,-,-,-,-,4051.4000,4051.0000,4050.0000,4049.0000,4048.2000,4052.4000,4052.8000,4053.0000,4053.2000,4054.0000,1,1,5,1,1,1,2,1,1,1
SF,IF2006,2020-02-19 13:24:29.900,4051.6000,23877,0,5896192560.000,0,-,-,-,-,4051.4000,4051.0000,4050.0000,4049.0000,4048.2000,4052.4000,4052.8000,4053.0000,4053.2000,4054.0000,2,1,5,1,1,1,2,1,1,1
SF,IF2006,2020-02-19 13:24:30.400,4051.6000,23877,0,5896192560.000,0,-,-,-,-,4051.4000,4051.0000,4050.0000,4049.0000,4048.2000,4052.2000,4052.4000,4053.0000,4053.2000,4054.0000,2,1,5,1,1,3,1,1,1,1
SF,IF2006,2020-02-19 13:24:30.900,4051.4000,23878,1,5897407980.000,1,1,0,双开,B,4051.4000,4051.0000,4050.0000,4049.0000,4048.2000,4052.2000,4052.4000,4053.0000,4053.2000,4054.0000,1,1,5,1,1,3,1,1,1,1
SF,IF2006,2020-02-19 13:24:31.400,4051.4000,23878,0,5897407980.000,0,-,-,-,-,4051.4000,4051.0000,4050.0000,4049.0000,4048.2000,4052.2000,4052.4000,4053.0000,4053.2000,4054.0000,1,1,5,1,1,3,1,1,1,1
SF,IF2006,2020-02-19 13:24:31.900,4051.4000,23878,0,5897407980.000,0,-,-,-,-,4051.4000,4051.0000,4050.0000,4049.0000,4048.2000,4052.2000,4052.4000,4053.0000,4053.2000,4054.0000,1,1,5,1,1,3,1,1,1,1
SF,IF2006,2020-02-19 13:24:33.400,4051.4000,23878,0,5897407980.000,0,-,-,-,-,4052.0000,4051.4000,4051.0000,4050.0000,4049.0000,4052.2000,4052.4000,4053.0000,4053.2000,4054.0000,1,1,1,5,1,3,1,1,1,1
SF,IF2006,2020-02-19 13:24:33.900,4052.0000,23877,-1,5898623580.000,1,0,1,双平,B,4051.4000,4051.0000,4050.0000,4049.0000,4048.2000,4051.8000,4052.0000,4052.4000,4053.0000,4053.2000,1,1,5,1,1,1,4,1,1,1
SF,IF2006,2020-02-19 13:24:34.400,4051.4000,23877,0,5899839000.000,1,0,1,空换,B,4051.0000,4050.0000,4049.0000,4048.2000,4047.6000,4051.8000,4052.0000,4052.4000,4053.0000,4053.2000,1,5,1,1,1,1,2,1,1,1
SF,IF2006,2020-02-19 13:24:34.900,4051.4000,23877,0,5899839000.000,0,-,-,-,-,4051.0000,4050.0000,4049.0000,4048.2000,4047.6000,4051.6000,4051.8000,4052.0000,4052.4000,4053.0000,1,5,1,1,1,2,1,2,1,1
SF,IF2006,2020-02-19 13:24:35.400,4051.4000,23877,0,5899839000.000,0,-,-,-,-,4051.0000,4050.0000,4049.0000,4048.2000,4047.6000,4051.6000,4051.8000,4052.0000,4052.4000,4053.2000,1,5,1,1,1,2,1,2,1,1
SF,IF2006,2020-02-19 13:24:36.400,4051.4000,23877,0,5899839000.000,0,-,-,-,-,4051.0000,4050.0000,4049.0000,4048.2000,4047.6000,4051.6000,4051.8000,4052.0000,4052.4000,4053.2000,1,5,1,1,1,2,1,1,1,1
SF,IF2006,2020-02-19 13:24:38.400,4051.4000,23877,0,5899839000.000,0,-,-,-,-,4051.0000,4050.0000,4049.0000,4048.2000,4047.6000,4051.6000,4051.8000,4052.0000,4052.4000,4053.2000,2,5,1,1,1,2,1,1,1,1
SF,IF2006,2020-02-19 13:24:39.900,4051.6000,23876,-1,5901054480.000,1,0,1,双平,B,4051.0000,4050.0000,4049.0000,4048.2000,4047.6000,4051.6000,4051.8000,4052.0000,4052.4000,4053.2000,2,5,1,1,1,1,1,1,1,1
SF,IF2006,2020-02-19 13:24:40.400,4051.6000,23876,0,5902269960.000,1,0,1,空换,B,4051.0000,4050.0000,4049.0000,4048.2000,4047.6000,4051.8000,4052.0000,4052.4000,4053.2000,4054.0000,2,5,1,1,1,1,1,1,1,1
SF,IF2006,2020-02-19 13:24:42.900,4051.0000,23876,0,5903485260.000,1,0,1,空换,B,4051.0000,4050.0000,4049.0000,4048.2000,4047.6000,4051.8000,4052.4000,4053.2000,4054.0000,4054.4000,1,5,1,1,1,1,1,1,1,1
SF,IF2006,2020-02-19 13:24:43.400,4051.0000,23876,0,5903485260.000,0,-,-,-,-,4051.0000,4050.0000,4049.0000,4048.2000,4047.6000,4051.8000,4052.4000,4053.2000,4054.0000,4054.4000,1,5,1,1,1,1,1,1,1,1
SF,IF2006,2020-02-19 13:24:44.400,4051.0000,23876,0,5903485260.000,0,-,-,-,-,4051.0000,4050.0000,4049.0000,4048.2000,4047.6000,4051.8000,4052.4000,4053.2000,4054.0000,4054.4000,2,5,1,1,1,1,1,1,1,1
SF,IF2006,2020-02-19 13:24:45.900,4051.0000,23876,0,5903485260.000,0,-,-,-,-,4051.0000,4050.0000,4049.0000,4048.2000,4047.6000,4052.4000,4053.2000,4054.0000,4054.4000,4054.8000,2,5,1,1,1,1,1,1,1,1
SF,IF2006,2020-02-19 13:24:46.400,4051.0000,23876,0,5903485260.000,0,-,-,-,-,4051.2000,4051.0000,4050.0000,4049.0000,4048.2000,4052.4000,4053.2000,4054.0000,4054.4000,4054.8000,2,2,5,1,1,1,1,1,1,1
SF,IF2006,2020-02-19 13:24:46.900,4051.0000,23876,0,5903485260.000,0,-,-,-,-,4051.2000,4051.0000,4050.0000,4049.0000,4048.2000,4052.2000,4052.4000,4054.0000,4054.4000,4054.8000,2,2,5,1,1,1,1,1,1,1
SF,IF2006,2020-02-19 13:24:47.400,4051.0000,23876,0,5903485260.000,0,-,-,-,-,4051.2000,4051.0000,4050.0000,4049.0000,4048.2000,4052.2000,4052.4000,4054.0000,4054.4000,4054.8000,2,2,5,1,1,1,1,1,1,1
SF,IF2006,2020-02-19 13:24:49.400,4051.0000,23876,0,5904700560.000,1,0,1,空换,B,4051.2000,4051.0000,4050.0000,4049.0000,4048.2000,4052.2000,4052.4000,4054.0000,4054.4000,4054.8000,1,2,5,1,1,1,1,1,1,1
SF,IF2006,2020-02-19 13:24:49.900,4051.2000,23875,-1,5905915920.000,1,0,1,双平,B,4051.0000,4050.0000,4049.0000,4048.2000,4047.6000,4052.2000,4052.4000,4054.0000,4054.4000,4054.8000,2,5,1,1,1,1,1,1,1,1
SF,IF2006,2020-02-19 13:24:50.400,4052.2000,23871,-4,5910778380.000,4,0,4,双平,B,4052.2000,4051.2000,4051.0000,4050.0000,4049.0000,4052.4000,4054.0000,4054.4000,4054.8000,4055.2000,1,2,2,5,1,1,1,1,1,1
SF,IF2006,2020-02-19 13:24:50.900,4052.2000,23870,-1,5911994040.000,1,0,1,双平,B,4052.2000,4051.2000,4051.0000,4050.0000,4049.0000,4052.4000,4054.0000,4054.4000,4054.8000,4055.2000,5,2,2,5,1,1,1,1,1,1
SF,IF2006,2020-02-19 13:24:51.400,4052.4000,23872,2,5918072400.000,5,3,2,多开,B,4052.2000,4051.2000,4051.0000,4050.0000,4049.0000,4054.0000,4054.4000,4054.8000,4055.2000,4056.0000,1,2,2,5,1,1,1,1,1,1
SF,IF2006,2020-02-19 13:24:51.900,4052.4000,23872,0,5918072400.000,0,-,-,-,-,4052.2000,4051.2000,4051.0000,4050.0000,4049.0000,4053.2000,4053.4000,4053.8000,4054.0000,4054.4000,1,2,2,5,1,2,3,4,1,1
SF,IF2006,2020-02-19 13:24:52.400,4052.4000,23872,0,5918072400.000,0,-,-,-,-,4052.2000,4051.2000,4051.0000,4050.0000,4049.0000,4052.8000,4053.0000,4053.2000,4053.4000,4053.8000,1,2,2,5,1,1,2,1,4,2
SF,IF2006,2020-02-19 13:24:52.900,4052.4000,23872,0,5918072400.000,0,-,-,-,-,4052.2000,4051.2000,4051.0000,4050.0000,4049.0000,4052.8000,4053.0000,4053.2000,4053.4000,4053.8000,1,2,2,5,1,1,2,1,4,2
SF,IF2006,2020-02-19 13:24:53.400,4052.4000,23872,0,5918072400.000,0,-,-,-,-,4052.2000,4051.2000,4051.0000,4050.0000,4049.0000,4052.8000,4053.0000,4053.2000,4053.4000,4053.8000,1,2,2,5,1,1,2,1,4,1
SF,IF2006,2020-02-19 13:24:55.400,4052.2000,23872,0,5919288060.000,1,0,1,空换,B,4051.2000,4051.0000,4050.0000,4049.0000,4048.2000,4052.8000,4053.0000,4053.2000,4053.4000,4053.8000,2,2,5,1,1,1,2,1,4,1
SF,IF2006,2020-02-19 13:24:55.900,4052.2000,23872,0,5919288060.000,0,-,-,-,-,4051.4000,4051.2000,4051.0000,4050.0000,4049.0000,4052.6000,4053.2000,4053.4000,4053.8000,4054.0000,1,2,2,5,1,2,1,4,1,1
SF,IF2006,2020-02-19 13:24:56.400,4052.2000,23872,0,5919288060.000,0,-,-,-,-,4051.6000,4051.4000,4051.0000,4050.0000,4049.0000,4052.2000,4052.6000,4053.2000,4053.4000,4053.8000,2,1,2,5,1,1,2,1,4,1
SF,IF2006,2020-02-19 13:24:56.900,4052.2000,23872,0,5919288060.000,0,-,-,-,-,4051.6000,4051.4000,4051.0000,4050.0000,4049.0000,4052.2000,4052.6000,4053.4000,4053.8000,4054.0000,2,1,2,5,1,1,2,4,1,1
SF,IF2006,2020-02-19 13:24:58.900,4052.2000,23872,0,5919288060.000,0,-,-,-,-,4051.6000,4051.4000,4051.0000,4050.0000,4049.0000,4052.2000,4052.6000,4053.4000,4053.8000,4054.0000,2,1,2,5,1,1,2,3,1,1
SF,IF2006,2020-02-19 13:24:59.400,4052.2000,23872,0,5920503720.000,1,0,1,空换,B,4052.2000,4051.6000,4051.4000,4051.0000,4050.0000,4053.4000,4053.8000,4054.0000,4054.4000,4054.8000,1,2,1,2,5,3,1,1,1,1
SF,IF2006,2020-02-19 13:24:59.900,4052.2000,23872,0,5920503720.000,0,-,-,-,-,4051.6000,4051.4000,4051.0000,4050.0000,4049.0000,4052.8000,4053.2000,4053.4000,4053.8000,4054.0000,2,1,2,5,1,1,4,3,1,1
SF,IF2006,2020-02-19 13:25:00.400,4052.2000,23872,0,5920503720.000,0,-,-,-,-,4051.6000,4051.4000,4051.0000,4050.0000,4049.0000,4052.8000,4053.2000,4053.4000,4053.8000,4054.0000,2,1,3,5,1,2,4,3,1,1
SF,IF2006,2020-02-19 13:25:00.900,4051.6000,23871,-1,5921719200.000,1,0,1,双平,B,4051.6000,4051.4000,4051.0000,4050.0000,4049.0000,4052.8000,4053.2000,4053.4000,4053.8000,4054.0000,1,1,3,5,1,2,4,3,1,1
SF,IF2006,2020-02-19 13:25:01.400,4051.6000,23871,0,5921719200.000,0,-,-,-,-,4051.6000,4051.4000,4051.0000,4050.0000,4049.0000,4053.2000,4053.4000,4053.8000,4054.0000,4054.4000,1,1,3,5,1,4,2,1,1,1
SF,IF2006,2020-02-19 13:25:01.900,4051.6000,23871,0,5921719200.000,0,-,-,-,-,4051.6000,4051.4000,4051.0000,4050.0000,4049.0000,4053.2000,4053.4000,4053.8000,4054.0000,4054.4000,1,1,3,5,1,4,1,1,1,1
SF,IF2006,2020-02-19 13:25:02.400,4051.6000,23871,0,5921719200.000,0,-,-,-,-,4051.8000,4051.6000,4051.0000,4050.0000,4049.0000,4053.8000,4054.0000,4054.4000,4054.8000,4055.2000,2,1,3,5,1,1,1,1,1,1
SF,IF2006,2020-02-19 13:25:02.900,4051.6000,23871,0,5921719200.000,0,-,-,-,-,4052.2000,4052.0000,4051.0000,4050.0000,4049.0000,4053.6000,4054.0000,4054.4000,4055.2000,4056.0000,2,2,3,5,1,3,1,1,1,1
SF,IF2006,2020-02-19 13:25:03.400,4051.6000,23871,0,5921719200.000,0,-,-,-,-,4052.6000,4052.4000,4051.0000,4050.0000,4049.0000,4053.4000,4053.6000,4054.0000,4054.4000,4055.2000,2,2,3,5,1,1,2,1,1,1
SF,IF2006,2020-02-19 13:25:04.400,4053.4000,23871,0,5922935220.000,1,0,1,空换,B,4052.6000,4052.4000,4051.0000,4050.0000,4049.0000,4053.6000,4054.0000,4054.4000,4055.2000,4056.0000,1,2,3,5,1,2,1,1,1,1
SF,IF2006,2020-02-19 13:25:05.400,4053.4000,23871,0,5922935220.000,0,-,-,-,-,4052.4000,4051.0000,4050.0000,4049.0000,4048.2000,4053.6000,4054.0000,4054.4000,4055.2000,4056.0000,2,3,5,1,1,2,1,1,1,1
SF,IF2006,2020-02-19 13:25:05.900,4053.6000,23871,0,5924151300.000,1,0,1,空换,B,4052.4000,4051.0000,4050.0000,4049.0000,4048.2000,4053.6000,4054.0000,4054.4000,4055.2000,4056.0000,2,3,5,1,1,1,1,1,1,1
SF,IF2006,2020-02-19 13:25:06.400,4053.6000,23871,0,5924151300.000,0,-,-,-,-,4052.4000,4052.0000,4051.0000,4050.0000,4049.0000,4053.6000,4054.0000,4054.4000,4055.2000,4056.0000,2,1,3,5,1,1,1,1,1,1
SF,IF2006,2020-02-19 13:25:06.900,4053.6000,23871,0,5924151300.000,0,-,-,-,-,4052.4000,4052.0000,4051.0000,4050.0000,4049.0000,4054.0000,4054.4000,4055.2000,4056.0000,4056.6000,2,1,3,5,1,1,1,1,1,1
SF,IF2006,2020-02-19 13:25:07.400,4053.6000,23871,0,5924151300.000,0,-,-,-,-,4052.6000,4052.4000,4052.0000,4051.0000,4050.0000,4053.8000,4054.0000,4054.4000,4055.2000,4056.0000,2,2,1,3,5,2,1,1,1,1
SF,IF2006,2020-02-19 13:25:07.900,4053.6000,23871,0,5924151300.000,0,-,-,-,-,4052.8000,4052.6000,4052.0000,4051.0000,4050.0000,4054.0000,4054.4000,4055.2000,4056.0000,4056.6000,2,2,1,3,5,1,1,1,1,1
SF,IF2006,2020-02-19 13:25:09.900,4053.6000,23871,0,5924151300.000,0,-,-,-,-,4052.8000,4052.6000,4052.0000,4051.0000,4050.0000,4054.0000,4054.4000,4055.2000,4056.0000,4056.6000,2,2,1,3,5,1,1,1,1,1
SF,IF2006,2020-02-19 13:25:13.400,4053.6000,23871,0,5924151300.000,0,-,-,-,-,4052.8000,4052.6000,4052.0000,4051.0000,4050.0000,4054.0000,4055.2000,4056.0000,4056.6000,4057.0000,2,2,1,3,5,1,1,1,1,1
SF,IF2006,2020-02-19 13:25:13.900,4054.0000,23871,0,5925367500.000,1,0,1,空换,B,4054.0000,4053.0000,4052.8000,4052.6000,4052.0000,4055.2000,4056.0000,4056.6000,4057.0000,4057.6000,1,7,2,1,1,1,1,1,1,2
SF,IF2006,2020-02-19 13:25:14.400,4054.0000,23871,0,5925367500.000,0,-,-,-,-,4054.2000,4054.0000,4053.0000,4052.0000,4051.0000,4055.0000,4055.2000,4056.0000,4056.6000,4056.8000,2,1,6,1,3,1,1,1,1,1
SF,IF2006,2020-02-19 13:25:14.900,4054.0000,23871,0,5925367500.000,0,-,-,-,-,4054.2000,4054.0000,4053.0000,4052.0000,4051.0000,4055.2000,4056.0000,4056.6000,4056.8000,4057.0000,2,1,1,1,3,1,1,1,1,1
SF,IF2006,2020-02-19 13:25:16.400,4055.2000,23872,1,5926584060.000,1,1,0,双开,B,4055.2000,4054.2000,4054.0000,4053.0000,4052.0000,4056.0000,4056.6000,4056.8000,4057.0000,4057.6000,1,2,1,1,1,1,1,1,1,2
SF,IF2006,2020-02-19 13:25:16.900,4055.2000,23872,0,5927800620.000,1,0,1,空换,B,4054.2000,4054.0000,4053.0000,4052.0000,4051.0000,4055.0000,4055.6000,4055.8000,4056.0000,4056.6000,2,1,1,1,3,1,1,1,1,1
SF,IF2006,2020-02-19 13:25:17.400,4055.0000,23872,0,5929017120.000,1,0,1,空换,B,4055.2000,4055.0000,4054.2000,4054.0000,4053.0000,4055.6000,4055.8000,4056.0000,4056.6000,4056.8000,1,1,2,1,1,1,1,1,1,1
SF,IF2006,2020-02-19 13:25:17.900,4055.0000,23872,0,5929017120.000,0,-,-,-,-,4055.4000,4055.0000,4054.0000,4053.0000,4052.0000,4056.0000,4056.6000,4056.8000,4057.0000,4057.6000,2,1,1,1,1,1,1,1,1,2
SF,IF2006,2020-02-19 13:25:18.400,4055.0000,23872,0,5929017120.000,0,-,-,-,-,4055.0000,4054.0000,4053.0000,4052.0000,4051.0000,4056.0000,4056.6000,4056.8000,4057.0000,4057.6000,2,1,1,1,3,1,1,1,1,2
SF,IF2006,2020-02-19 13:25:18.900,4056.0000,23872,0,5930233920.000,1,0,1,空换,B,4056.0000,4055.2000,4055.0000,4054.0000,4053.0000,4056.6000,4056.8000,4057.0000,4057.6000,4058.0000,1,2,2,1,1,1,1,1,2,3
SF,IF2006,2020-02-19 13:25:19.400,4056.0000,23872,0,5931450720.000,1,0,1,空换,B,4055.0000,4054.0000,4053.0000,4052.0000,4051.0000,4056.0000,4056.4000,4056.6000,4056.8000,4057.0000,2,1,1,1,3,1,3,1,1,1
SF,IF2006,2020-02-19 13:25:19.900,4056.0000,23872,0,5931450720.000,0,-,-,-,-,4055.0000,4054.0000,4053.0000,4052.0000,4051.0000,4055.8000,4056.0000,4056.4000,4056.6000,4056.8000,2,1,1,1,3,2,1,1,1,1
SF,IF2006,2020-02-19 13:25:20.400,4055.0000,23872,0,5932667220.000,1,0,1,空换,B,4055.0000,4054.0000,4053.0000,4052.0000,4051.0000,4055.8000,4056.0000,4056.6000,4056.8000,4057.0000,1,1,1,1,3,2,2,1,1,1
SF,IF2006,2020-02-19 13:25:20.900,4055.0000,23872,0,5932667220.000,0,-,-,-,-,4055.0000,4054.0000,4053.0000,4052.0000,4051.0000,4055.8000,4056.0000,4056.6000,4056.8000,4057.0000,1,1,1,1,3,2,1,1,1,1
SF,IF2006,2020-02-19 13:25:21.400,4055.0000,23872,0,5933883720.000,1,0,1,空换,B,4054.0000,4053.0000,4052.0000,4051.0000,4050.0000,4055.8000,4056.6000,4056.8000,4057.0000,4057.6000,1,1,1,3,5,2,1,1,1,2
SF,IF2006,2020-02-19 13:25:21.900,4055.0000,23872,0,5933883720.000,0,-,-,-,-,4054.2000,4054.0000,4053.0000,4052.0000,4051.0000,4055.6000,4055.8000,4056.6000,4056.8000,4057.0000,2,1,1,1,3,1,2,1,1,1
SF,IF2006,2020-02-19 13:25:22.400,4055.0000,23872,0,5933883720.000,0,-,-,-,-,4054.2000,4054.0000,4053.0000,4052.0000,4051.0000,4055.4000,4055.6000,4056.6000,4056.8000,4057.0000,2,1,1,1,3,2,1,1,1,1
SF,IF2006,2020-02-19 13:25:22.900,4055.0000,23872,0,5933883720.000,0,-,-,-,-,4054.0000,4053.0000,4052.0000,4051.0000,4050.0000,4055.4000,4055.6000,4056.6000,4056.8000,4057.0000,1,1,1,3,5,2,1,1,1,1
SF,IF2006,2020-02-19 13:25:23.400,4055.0000,23872,0,5933883720.000,0,-,-,-,-,4054.2000,4054.0000,4053.0000,4052.0000,4051.0000,4055.4000,4055.6000,4056.6000,4056.8000,4057.0000,2,1,1,1,3,2,1,1,1,1
SF,IF2006,2020-02-19 13:25:23.900,4055.0000,23872,0,5933883720.000,0,-,-,-,-,4054.2000,4054.0000,4053.0000,4052.0000,4051.0000,4055.4000,4055.6000,4056.6000,4056.8000,4057.0000,2,1,1,1,3,2,1,1,1,1
SF,IF2006,2020-02-19 13:25:24.400,4055.0000,23872,0,5933883720.000,0,-,-,-,-,4054.2000,4054.0000,4053.0000,4052.0000,4051.0000,4055.2000,4055.4000,4055.6000,4056.6000,4056.8000,2,1,1,1,3,1,2,1,1,1
SF,IF2006,2020-02-19 13:25:25.400,4055.0000,23872,0,5933883720.000,0,-,-,-,-,4054.2000,4054.0000,4053.0000,4052.0000,4051.0000,4055.0000,4055.2000,4055.4000,4055.6000,4056.6000,2,1,1,1,3,1,1,2,1,1
SF,IF2006,2020-02-19 13:25:25.900,4055.0000,23872,0,5933883720.000,0,-,-,-,-,4054.2000,4054.0000,4053.0000,4052.0000,4051.0000,4055.0000,4055.2000,4055.4000,4056.6000,4056.8000,2,1,1,1,3,1,1,2,1,1
SF,IF2006,2020-02-19 13:25:27.400,4054.2000,23871,-1,5935099980.000,1,0,1,双平,B,4054.2000,4054.0000,4053.0000,4052.0000,4051.0000,4055.0000,4055.2000,4055.4000,4056.6000,4056.8000,1,1,1,1,3,1,1,2,1,1
SF,IF2006,2020-02-19 13:25:27.900,4054.2000,23871,0,5935099980.000,0,-,-,-,-,4054.2000,4054.0000,4052.0000,4051.0000,4050.0000,4055.0000,4055.2000,4055.4000,4056.6000,4056.8000,1,1,1,3,5,1,1,2,1,1
SF,IF2006,2020-02-19 13:25:28.900,4054.2000,23871,0,5935099980.000,0,-,-,-,-,4054.2000,4054.0000,4052.0000,4051.0000,4050.0000,4055.0000,4055.4000,4056.6000,4056.8000,4057.0000,1,1,1,3,5,1,2,1,1,1
SF,IF2006,2020-02-19 13:25:32.400,4054.2000,23871,0,5935099980.000,0,-,-,-,-,4054.2000,4054.0000,4052.0000,4051.0000,4050.0000,4054.4000,4055.0000,4055.4000,4056.6000,4056.8000,1,1,1,3,5,1,1,2,1,1
SF,IF2006,2020-02-19 13:25:32.900,4054.2000,23871,0,5935099980.000,0,-,-,-,-,4054.2000,4054.0000,4052.0000,4051.0000,4050.0000,4055.0000,4055.4000,4056.6000,4056.8000,4057.0000,1,1,1,3,5,1,2,1,1,1
SF,IF2006,2020-02-19 13:25:33.400,4054.2000,23871,0,5935099980.000,0,-,-,-,-,4054.0000,4052.0000,4051.0000,4050.0000,4049.0000,4055.0000,4055.4000,4056.6000,4056.8000,4057.0000,1,1,3,5,1,1,2,1,1,1
SF,IF2006,2020-02-19 13:25:34.900,4054.2000,23871,0,5935099980.000,0,-,-,-,-,4054.0000,4052.0000,4051.0000,4050.0000,4049.0000,4054.8000,4055.0000,4055.4000,4056.6000,4056.8000,1,1,3,5,1,1,1,2,1,1
SF,IF2006,2020-02-19 13:25:35.900,4054.2000,23871,0,5935099980.000,0,-,-,-,-,4054.0000,4052.0000,4051.0000,4050.0000,4049.0000,4054.4000,4054.8000,4055.0000,4055.4000,4056.6000,1,1,3,5,1,1,1,1,2,1
SF,IF2006,2020-02-19 13:25:36.400,4054.2000,23871,0,5935099980.000,0,-,-,-,-,4054.0000,4052.0000,4051.0000,4050.0000,4049.0000,4054.8000,4055.0000,4055.4000,4056.6000,4056.8000,1,1,3,5,1,1,1,2,1,1
SF,IF2006,2020-02-19 13:25:36.900,4054.2000,23871,0,5935099980.000,0,-,-,-,-,4054.0000,4052.0000,4051.0000,4050.0000,4049.0000,4054.4000,4054.6000,4054.8000,4055.0000,4056.6000,1,1,3,5,1,1,2,1,1,1
SF,IF2006,2020-02-19 13:25:37.400,4054.2000,23871,0,5935099980.000,0,-,-,-,-,4054.0000,4052.0000,4051.0000,4050.0000,4049.0000,4054.6000,4054.8000,4055.0000,4056.6000,4056.8000,1,1,3,5,1,2,1,1,1,1
SF,IF2006,2020-02-19 13:25:37.900,4054.2000,23871,0,5935099980.000,0,-,-,-,-,4054.0000,4052.0000,4051.0000,4050.0000,4049.0000,4054.4000,4054.6000,4054.8000,4055.0000,4056.6000,1,1,3,5,1,1,2,1,1,1
SF,IF2006,2020-02-19 13:25:38.400,4054.2000,23871,0,5935099980.000,0,-,-,-,-,4054.0000,4052.0000,4051.0000,4050.0000,4049.0000,4054.6000,4054.8000,4055.0000,4056.6000,4056.8000,1,1,3,5,1,2,1,1,1,1
SF,IF2006,2020-02-19 13:25:39.400,4054.2000,23871,0,5935099980.000,0,-,-,-,-,4054.0000,4052.0000,4051.0000,4050.0000,4049.0000,4054.4000,4054.6000,4054.8000,4055.0000,4056.6000,1,1,2,5,1,1,2,1,1,1
SF,IF2006,2020-02-19 13:25:40.400,4054.2000,23871,0,5935099980.000,0,-,-,-,-,4054.0000,4052.0000,4051.0000,4050.0000,4049.0000,4054.4000,4054.6000,4055.0000,4056.6000,4056.8000,1,1,2,5,1,1,2,1,1,1
SF,IF2006,2020-02-19 13:25:40.900,4054.0000,23872,1,5936316180.000,1,1,0,双开,B,4052.0000,4051.0000,4050.0000,4049.0000,4048.2000,4054.0000,4054.4000,4054.6000,4055.0000,4056.6000,1,2,5,1,1,1,1,2,1,1
SF,IF2006,2020-02-19 13:25:41.400,4053.8000,23871,-1,5937532320.000,1,0,1,双平,B,4053.0000,4052.6000,4052.4000,4052.2000,4052.0000,4054.0000,4054.4000,4054.6000,4055.0000,4056.6000,2,5,1,3,1,1,1,2,1,1
SF,IF2006,2020-02-19 13:25:41.900,4054.0000,23871,0,5938748520.000,1,0,1,空换,B,4054.0000,4053.8000,4053.2000,4053.0000,4052.6000,4054.4000,4054.6000,4055.0000,4056.6000,4056.8000,1,1,2,2,5,1,2,1,1,1
SF,IF2006,2020-02-19 13:25:42.400,4054.0000,23871,0,5938748520.000,0,-,-,-,-,4054.0000,4053.8000,4053.2000,4052.4000,4052.2000,4054.4000,4055.0000,4056.6000,4056.8000,4057.0000,1,1,2,1,1,1,1,1,1,1
SF,IF2006,2020-02-19 13:25:42.900,4054.0000,23871,0,5938748520.000,0,-,-,-,-,4054.0000,4053.2000,4052.4000,4052.2000,4052.0000,4055.0000,4056.6000,4056.8000,4057.0000,4057.6000,1,2,1,1,1,1,1,1,1,2
SF,IF2006,2020-02-19 13:25:43.400,4054.0000,23871,0,5938748520.000,0,-,-,-,-,4054.2000,4054.0000,4053.2000,4052.4000,4052.2000,4055.0000,4056.6000,4056.8000,4057.0000,4057.6000,1,1,2,1,1,1,1,1,1,2
SF,IF2006,2020-02-19 13:25:44.400,4054.0000,23871,0,5938748520.000,0,-,-,-,-,4054.2000,4054.0000,4053.2000,4052.4000,4052.2000,4055.0000,4056.6000,4056.8000,4057.0000,4057.6000,1,1,2,1,1,1,1,1,1,2
SF,IF2006,2020-02-19 13:25:44.900,4054.0000,23871,0,5938748520.000,0,-,-,-,-,4054.2000,4054.0000,4053.2000,4052.4000,4052.2000,4055.0000,4056.6000,4056.8000,4057.0000,4057.6000,1,1,2,1,1,1,1,1,1,2
SF,IF2006,2020-02-19 13:25:46.900,4054.0000,23871,0,5938748520.000,0,-,-,-,-,4054.0000,4053.2000,4052.4000,4052.2000,4052.0000,4054.4000,4055.0000,4056.6000,4056.8000,4057.0000,1,2,1,1,1,1,1,1,1,1
SF,IF2006,2020-02-19 13:25:47.400,4054.4000,23871,0,5939964840.000,1,0,1,空换,B,4054.0000,4053.2000,4052.4000,4052.2000,4052.0000,4055.0000,4056.6000,4056.8000,4057.0000,4057.6000,1,2,1,1,1,1,1,1,1,2
SF,IF2006,2020-02-19 13:25:47.900,4054.2000,23871,0,5941181100.000,1,0,1,空换,B,4054.2000,4054.0000,4052.4000,4052.2000,4052.0000,4055.0000,4056.6000,4056.8000,4057.0000,4057.6000,1,1,1,1,1,1,1,1,1,2
SF,IF2006,2020-02-19 13:25:48.400,4054.2000,23871,0,5941181100.000,0,-,-,-,-,4054.0000,4052.4000,4052.2000,4052.0000,4051.0000,4054.6000,4055.0000,4056.6000,4056.8000,4057.0000,1,1,1,1,2,1,1,1,1,1
SF,IF2006,2020-02-19 13:25:49.400,4054.0000,23870,-1,5942397300.000,1,0,1,双平,B,4052.4000,4052.2000,4052.0000,4051.0000,4050.0000,4054.6000,4055.0000,4056.6000,4056.8000,4057.0000,1,1,1,2,5,1,1,1,1,1
SF,IF2006,2020-02-19 13:25:49.900,4054.0000,23870,0,5942397300.000,0,-,-,-,-,4053.6000,4053.4000,4053.2000,4053.0000,4052.6000,4054.4000,4054.6000,4055.0000,4056.6000,4056.8000,1,5,2,5,3,2,1,1,1,1
SF,IF2006,2020-02-19 13:25:50.400,4054.0000,23870,0,5942397300.000,0,-,-,-,-,4053.8000,4053.6000,4053.4000,4053.0000,4052.6000,4054.6000,4055.0000,4056.6000,4056.8000,4057.0000,3,1,5,5,1,1,1,1,1,1
SF,IF2006,2020-02-19 13:25:51.900,4053.8000,23871,1,5943613440.000,1,1,0,双开,B,4053.8000,4053.6000,4052.6000,4052.4000,4052.2000,4054.6000,4055.0000,4056.6000,4056.8000,4057.0000,2,1,1,1,1,1,1,1,1,1
SF,IF2006,2020-02-19 13:25:53.400,4053.8000,23871,0,5943613440.000,0,-,-,-,-,4053.8000,4052.6000,4052.4000,4052.2000,4052.0000,4054.6000,4055.0000,4056.6000,4056.8000,4057.0000,3,1,1,1,1,1,1,1,1,1
SF,IF2006,2020-02-19 13:25:56.400,4053.8000,23871,0,5943613440.000,0,-,-,-,-,4053.8000,4052.6000,4052.4000,4052.2000,4052.0000,4054.6000,4055.0000,4056.6000,4056.8000,4057.0000,2,1,1,1,1,1,1,1,1,1
SF,IF2006,2020-02-19 13:25:56.900,4053.8000,23871,0,5943613440.000,0,-,-,-,-,4054.0000,4052.6000,4052.4000,4052.2000,4052.0000,4054.4000,4054.6000,4055.0000,4056.6000,4056.8000,1,1,1,1,1,4,1,1,1,1
SF,IF2006,2020-02-19 13:25:57.400,4054.0000,23871,0,5944829640.000,1,0,1,空换,B,4052.6000,4052.4000,4052.2000,4052.0000,4051.0000,4054.0000,4054.4000,4054.6000,4055.0000,4056.6000,1,1,1,1,2,1,3,1,1,1
SF,IF2006,2020-02-19 13:25:57.900,4054.0000,23870,-1,5946045840.000,1,0,1,双平,B,4053.0000,4052.8000,4052.6000,4052.4000,4052.2000,4053.8000,4054.0000,4054.4000,4054.6000,4055.0000,1,3,1,1,1,1,1,1,1,1
SF,IF2006,2020-02-19 13:25:58.400,4054.0000,23870,0,5946045840.000,0,-,-,-,-,4052.8000,4052.4000,4052.2000,4052.0000,4051.0000,4053.8000,4054.0000,4054.6000,4055.0000,4056.6000,2,1,1,1,2,1,1,1,1,1
SF,IF2006,2020-02-19 13:25:58.900,4054.0000,23870,0,5946045840.000,0,-,-,-,-,4052.8000,4052.4000,4052.2000,4052.0000,4051.0000,4054.6000,4055.0000,4056.6000,4056.8000,4057.0000,2,1,1,1,2,1,1,1,1,1
SF,IF2006,2020-02-19 13:25:59.400,4054.0000,23870,0,5946045840.000,0,-,-,-,-,4052.8000,4052.4000,4052.2000,4052.0000,4051.0000,4054.4000,4054.6000,4055.0000,4056.6000,4056.8000,2,1,1,1,2,4,1,1,1,1
SF,IF2006,2020-02-19 13:25:59.900,4054.0000,23870,0,5946045840.000,0,-,-,-,-,4052.8000,4052.4000,4052.2000,4052.0000,4051.0000,4054.0000,4054.4000,4054.6000,4055.0000,4056.6000,2,1,1,1,2,1,3,1,1,1
SF,IF2006,2020-02-19 13:26:00.400,4054.0000,23870,0,5946045840.000,0,-,-,-,-,4052.8000,4052.4000,4052.2000,4052.0000,4051.0000,4053.8000,4054.0000,4054.4000,4054.6000,4055.0000,2,1,1,1,2,2,1,1,1,1
SF,IF2006,2020-02-19 13:26:00.900,4054.0000,23870,0,5946045840.000,0,-,-,-,-,4052.8000,4052.4000,4052.2000,4052.0000,4051.0000,4053.6000,4053.8000,4054.6000,4055.0000,4056.6000,2,1,1,1,2,1,2,1,1,1
SF,IF2006,2020-02-19 13:26:01.400,4054.0000,23870,0,5946045840.000,0,-,-,-,-,4052.8000,4052.2000,4052.0000,4051.0000,4050.0000,4053.6000,4053.8000,4054.6000,4055.0000,4056.6000,2,1,1,2,5,1,2,1,1,1
SF,IF2006,2020-02-19 13:26:04.400,4054.0000,23870,0,5946045840.000,0,-,-,-,-,4052.8000,4052.0000,4051.0000,4050.0000,4049.0000,4053.6000,4053.8000,4054.6000,4055.0000,4056.6000,2,1,2,5,1,1,2,1,1,1
SF,IF2006,2020-02-19 13:26:04.900,4054.0000,23870,0,5946045840.000,0,-,-,-,-,4052.0000,4051.0000,4050.0000,4049.0000,4048.2000,4053.4000,4053.6000,4054.6000,4055.0000,4056.6000,1,2,5,1,1,2,1,1,1,1
SF,IF2006,2020-02-19 13:26:05.400,4054.0000,23870,0,5946045840.000,0,-,-,-,-,4052.2000,4052.0000,4051.0000,4050.0000,4049.0000,4053.4000,4053.6000,4054.6000,4055.0000,4056.6000,3,1,2,5,1,2,1,1,1,1
SF,IF2006,2020-02-19 13:26:09.900,4054.0000,23870,0,5946045840.000,0,-,-,-,-,4052.2000,4052.0000,4051.0000,4050.0000,4049.0000,4053.4000,4053.6000,4054.6000,4055.0000,4056.6000,2,1,2,5,1,2,1,1,1,1
SF,IF2006,2020-02-19 13:26:10.400,4054.0000,23870,0,5946045840.000,0,-,-,-,-,4052.0000,4051.0000,4050.0000,4049.0000,4048.2000,4053.2000,4053.4000,4054.6000,4055.0000,4056.6000,1,2,5,1,1,2,2,1,1,1
SF,IF2006,2020-02-19 13:26:10.900,4054.0000,23870,0,5946045840.000,0,-,-,-,-,4052.0000,4051.0000,4050.0000,4049.0000,4048.2000,4052.8000,4053.0000,4053.2000,4054.6000,4055.0000,1,2,5,1,1,1,2,1,1,1
SF,IF2006,2020-02-19 13:26:11.400,4054.0000,23870,0,5946045840.000,0,-,-,-,-,4052.0000,4051.0000,4050.0000,4049.0000,4048.2000,4052.6000,4052.8000,4053.2000,4054.6000,4055.0000,1,2,5,1,1,2,1,1,1,1
SF,IF2006,2020-02-19 13:26:12.400,4054.0000,23870,0,5946045840.000,0,-,-,-,-,4052.0000,4051.0000,4050.2000,4050.0000,4049.0000,4052.4000,4052.6000,4054.6000,4055.0000,4056.6000,1,2,1,5,1,1,2,1,1,1
SF,IF2006,2020-02-19 13:26:12.900,4052.4000,23871,1,5947261560.000,1,1,0,双开,B,4052.0000,4051.0000,4050.2000,4050.0000,4049.0000,4052.6000,4054.6000,4055.0000,4056.6000,4056.8000,1,2,1,5,1,2,1,1,1,1
SF,IF2006,2020-02-19 13:26:13.900,4052.0000,23872,1,5948477160.000,1,1,0,双开,B,4051.0000,4050.2000,4050.0000,4049.0000,4048.2000,4052.6000,4054.6000,4055.0000,4056.6000,4056.8000,2,1,5,1,1,2,1,1,1,1
SF,IF2006,2020-02-19 13:26:14.400,4052.0000,23872,0,5948477160.000,0,-,-,-,-,4051.2000,4051.0000,4050.2000,4050.0000,4049.0000,4052.6000,4054.6000,4055.0000,4056.6000,4056.8000,3,2,1,5,1,2,1,1,1,1
SF,IF2006,2020-02-19 13:26:14.900,4052.0000,23872,0,5948477160.000,0,-,-,-,-,4051.4000,4051.2000,4051.0000,4050.2000,4050.0000,4054.6000,4055.0000,4056.6000,4056.8000,4057.0000,1,3,2,1,5,1,1,1,1,1
SF,IF2006,2020-02-19 13:26:15.400,4052.0000,23872,0,5948477160.000,0,-,-,-,-,4051.6000,4051.4000,4051.2000,4051.0000,4050.2000,4053.6000,4054.0000,4054.4000,4054.6000,4055.0000,2,1,1,2,1,2,3,5,3,1
SF,IF2006,2020-02-19 13:26:15.900,4052.0000,23872,0,5948477160.000,0,-,-,-,-,4051.6000,4051.4000,4051.0000,4050.2000,4050.0000,4053.4000,4053.6000,4054.0000,4054.4000,4054.6000,2,1,2,1,5,2,2,2,3,3
SF,IF2006,2020-02-19 13:26:16.400,4052.0000,23872,0,5948477160.000,0,-,-,-,-,4052.0000,4051.8000,4051.6000,4051.0000,4050.2000,4052.6000,4053.4000,4053.6000,4054.0000,4054.4000,1,1,3,2,1,1,2,2,2,3
SF,IF2006,2020-02-19 13:26:16.900,4052.0000,23872,0,5948477160.000,0,-,-,-,-,4052.2000,4052.0000,4051.8000,4051.6000,4051.0000,4052.6000,4053.4000,4053.6000,4054.0000,4054.4000,2,1,1,1,2,1,2,2,2,2
SF,IF2006,2020-02-19 13:26:17.400,4052.0000,23872,0,5948477160.000,0,-,-,-,-,4051.8000,4051.6000,4051.0000,4050.2000,4050.0000,4052.6000,4053.4000,4054.0000,4054.4000,4054.6000,1,1,2,1,5,1,2,2,2,2
SF,IF2006,2020-02-19 13:26:17.900,4052.0000,23872,0,5948477160.000,0,-,-,-,-,4052.0000,4051.8000,4051.6000,4051.0000,4050.2000,4052.6000,4053.4000,4054.0000,4054.4000,4054.6000,2,1,1,2,1,1,2,1,2,2
SF,IF2006,2020-02-19 13:26:18.400,4052.6000,23872,0,5949692940.000,1,0,1,空换,B,4052.0000,4051.8000,4051.6000,4051.0000,4050.2000,4053.4000,4054.0000,4054.4000,4054.6000,4055.0000,2,1,1,2,1,2,1,1,1,1
SF,IF2006,2020-02-19 13:26:19.900,4052.6000,23872,0,5949692940.000,0,-,-,-,-,4052.0000,4051.8000,4051.6000,4051.0000,4050.2000,4053.0000,4053.4000,4054.0000,4054.4000,4054.6000,2,1,1,2,1,1,2,1,1,1
SF,IF2006,2020-02-19 13:26:21.400,4052.6000,23872,0,5949692940.000,0,-,-,-,-,4052.0000,4051.8000,4051.6000,4051.0000,4050.2000,4053.0000,4053.4000,4053.8000,4054.0000,4054.4000,2,1,1,2,1,1,2,1,1,1
SF,IF2006,2020-02-19 13:26:24.400,4052.6000,23872,0,5949692940.000,0,-,-,-,-,4052.0000,4051.6000,4051.0000,4050.2000,4050.0000,4053.0000,4053.4000,4053.8000,4054.0000,4054.4000,2,1,2,1,5,1,2,1,1,1
SF,IF2006,2020-02-19 13:26:24.900,4052.6000,23872,0,5949692940.000,0,-,-,-,-,4052.0000,4051.6000,4051.0000,4050.2000,4050.0000,4052.8000,4053.0000,4053.8000,4054.0000,4054.4000,2,1,2,1,6,2,1,1,1,1
SF,IF2006,2020-02-19 13:26:26.900,4052.8000,23872,0,5950908780.000,1,0,1,空换,B,4052.0000,4051.6000,4051.0000,4050.2000,4050.0000,4052.8000,4053.0000,4053.8000,4054.0000,4054.4000,2,1,2,1,6,1,1,1,1,1
SF,IF2006,2020-02-19 13:26:27.400,4052.8000,23872,0,5950908780.000,0,-,-,-,-,4052.0000,4051.6000,4051.0000,4050.2000,4050.0000,4053.0000,4053.8000,4054.0000,4054.4000,4054.6000,2,1,2,1,6,1,1,1,1,1
SF,IF2006,2020-02-19 13:26:28.900,4052.8000,23872,0,5950908780.000,0,-,-,-,-,4052.0000,4051.0000,4050.2000,4050.0000,4049.0000,4053.0000,4053.8000,4054.0000,4054.4000,4054.6000,2,2,1,6,1,1,1,1,1,1
SF,IF2006,2020-02-19 13:26:30.900,4052.8000,23872,0,5950908780.000,0,-,-,-,-,4052.2000,4052.0000,4051.0000,4050.2000,4050.0000,4053.0000,4053.8000,4054.0000,4054.4000,4054.6000,1,2,2,1,6,1,1,1,1,1
SF,IF2006,2020-02-19 13:26:31.400,4052.8000,23872,0,5950908780.000,0,-,-,-,-,4052.4000,4052.2000,4051.0000,4050.2000,4050.0000,4053.0000,4053.8000,4054.4000,4054.6000,4055.0000,2,1,2,1,6,1,1,1,1,1
SF,IF2006,2020-02-19 13:26:32.900,4052.8000,23872,0,5950908780.000,0,-,-,-,-,4052.4000,4051.0000,4050.2000,4050.0000,4049.0000,4053.0000,4053.8000,4054.4000,4054.6000,4055.0000,2,2,1,6,1,1,1,1,1,1
SF,IF2006,2020-02-19 13:26:38.900,4052.8000,23872,0,5950908780.000,0,-,-,-,-,4052.4000,4051.0000,4050.2000,4050.0000,4049.0000,4053.0000,4053.8000,4054.6000,4055.0000,4056.6000,2,2,1,6,1,1,1,1,1,1
SF,IF2006,2020-02-19 13:26:39.400,4053.0000,23870,-2,5953340580.000,2,0,2,双平,B,4053.0000,4052.4000,4051.0000,4050.2000,4050.0000,4053.8000,4054.6000,4055.0000,4056.6000,4056.8000,2,2,2,1,6,1,1,1,1,1
SF,IF2006,2020-02-19 13:26:39.900,4053.0000,23869,-1,5954556480.000,1,0,1,双平,B,4053.2000,4053.0000,4051.0000,4050.2000,4050.0000,4053.8000,4054.6000,4055.0000,4056.6000,4056.8000,1,2,2,1,6,1,1,1,1,1
SF,IF2006,2020-02-19 13:26:40.900,4053.0000,23868,-1,5955772380.000,1,0,1,双平,B,4053.0000,4051.0000,4050.2000,4050.0000,4049.0000,4053.8000,4054.6000,4055.0000,4056.6000,4056.8000,2,2,1,6,1,1,1,1,1,1
SF,IF2006,2020-02-19 13:26:41.400,4053.0000,23868,0,5955772380.000,0,-,-,-,-,4053.2000,4053.0000,4051.0000,4050.2000,4050.0000,4053.8000,4054.6000,4055.0000,4056.6000,4056.8000,1,2,2,1,6,1,1,1,1,1
SF,IF2006,2020-02-19 13:26:47.400,4053.0000,23868,0,5955772380.000,0,-,-,-,-,4053.0000,4051.0000,4050.2000,4050.0000,4049.0000,4053.8000,4054.6000,4055.0000,4056.6000,4056.8000,2,2,1,6,1,1,1,1,1,1
SF,IF2006,2020-02-19 13:26:47.900,4053.8000,23867,-1,5956988520.000,1,0,1,双平,B,4053.2000,4053.0000,4051.0000,4050.2000,4050.0000,4054.6000,4055.0000,4056.6000,4056.8000,4057.0000,2,2,2,1,6,1,1,1,1,1
SF,IF2006,2020-02-19 13:26:48.400,4053.8000,23867,0,5956988520.000,0,-,-,-,-,4053.2000,4051.0000,4050.2000,4050.0000,4049.0000,4054.4000,4054.6000,4055.0000,4056.6000,4056.8000,2,2,1,6,1,2,1,1,1,1
SF,IF2006,2020-02-19 13:26:49.400,4054.4000,23867,0,5958204840.000,1,0,1,空换,B,4053.2000,4051.0000,4050.2000,4050.0000,4049.0000,4054.2000,4054.4000,4054.6000,4055.0000,4056.6000,2,2,1,6,1,1,1,1,1,1
SF,IF2006,2020-02-19 13:26:50.400,4053.8000,23866,-1,5959420980.000,1,0,1,双平,B,4053.2000,4051.0000,4050.2000,4050.0000,4049.0000,4054.2000,4054.4000,4054.6000,4055.0000,4056.6000,2,2,1,6,1,1,1,1,1,1
SF,IF2006,2020-02-19 13:26:51.400,4053.2000,23866,0,5961852900.000,2,1,1,空换,B,4051.0000,4050.2000,4050.0000,4049.0000,4048.2000,4054.2000,4054.4000,4054.6000,4055.0000,4056.6000,2,1,6,1,1,1,1,1,1,1
SF,IF2006,2020-02-19 13:26:51.900,4053.2000,23866,0,5961852900.000,0,-,-,-,-,4052.8000,4052.4000,4052.2000,4051.4000,4051.2000,4054.0000,4054.2000,4054.6000,4055.0000,4056.6000,6,2,1,1,8,2,1,1,1,1
SF,IF2006,2020-02-19 13:26:52.400,4053.2000,23866,0,5961852900.000,0,-,-,-,-,4052.8000,4052.4000,4051.4000,4051.2000,4051.0000,4054.0000,4054.2000,4054.6000,4055.0000,4056.6000,1,2,1,7,2,2,1,1,1,1
SF,IF2006,2020-02-19 13:26:52.900,4053.2000,23866,0,5961852900.000,0,-,-,-,-,4052.4000,4051.4000,4051.2000,4051.0000,4050.8000,4054.0000,4054.2000,4054.6000,4055.0000,4056.6000,2,1,7,2,1,2,1,1,1,1
SF,IF2006,2020-02-19 13:26:53.400,4053.2000,23866,0,5961852900.000,0,-,-,-,-,4052.4000,4051.4000,4051.2000,4051.0000,4050.8000,4053.8000,4054.0000,4054.6000,4055.0000,4056.6000,2,1,7,2,1,1,2,1,1,1
SF,IF2006,2020-02-19 13:26:53.900,4053.2000,23866,0,5961852900.000,0,-,-,-,-,4052.6000,4052.4000,4051.4000,4051.2000,4051.0000,4053.6000,4053.8000,4054.6000,4055.0000,4056.6000,2,2,1,5,2,2,1,1,1,1
SF,IF2006,2020-02-19 13:26:54.400,4053.2000,23866,0,5961852900.000,0,-,-,-,-,4052.4000,4051.2000,4051.0000,4050.8000,4050.2000,4053.6000,4053.8000,4054.6000,4055.0000,4056.6000,1,5,2,1,1,2,1,1,1,1
SF,IF2006,2020-02-19 13:26:54.900,4053.2000,23866,0,5961852900.000,0,-,-,-,-,4051.2000,4051.0000,4050.8000,4050.2000,4050.0000,4053.6000,4053.8000,4054.6000,4055.0000,4056.6000,5,2,1,1,6,2,1,1,1,1
SF,IF2006,2020-02-19 13:26:55.400,4053.2000,23866,0,5961852900.000,0,-,-,-,-,4052.2000,4052.0000,4051.8000,4051.6000,4051.4000,4053.4000,4053.6000,4054.6000,4055.0000,4056.6000,2,1,7,1,2,1,2,1,1,1
SF,IF2006,2020-02-19 13:26:55.900,4053.4000,23865,-1,5964284940.000,2,0,2,空平,B,4052.4000,4052.0000,4051.8000,4051.4000,4051.2000,4053.2000,4054.6000,4055.0000,4056.6000,4056.8000,1,1,7,2,5,1,1,1,1,1
SF,IF2006,2020-02-19 13:26:56.400,4053.2000,23865,0,5965500900.000,1,0,1,空换,B,4052.6000,4052.4000,4052.0000,4051.8000,4051.2000,4054.6000,4055.0000,4056.6000,4056.8000,4057.0000,3,1,1,6,5,1,1,1,1,1
SF,IF2006,2020-02-19 13:26:56.900,4053.2000,23865,0,5965500900.000,0,-,-,-,-,4052.8000,4052.6000,4052.0000,4051.8000,4051.2000,4054.2000,4054.4000,4054.6000,4055.0000,4056.6000,1,3,1,6,4,2,2,1,1,1
SF,IF2006,2020-02-19 13:26:57.400,4053.2000,23865,0,5965500900.000,0,-,-,-,-,4052.6000,4052.0000,4051.8000,4051.2000,4051.0000,4054.2000,4054.4000,4054.6000,4055.0000,4056.6000,3,1,6,4,2,3,2,1,1,1
SF,IF2006,2020-02-19 13:26:57.900,4053.2000,23865,0,5965500900.000,0,-,-,-,-,4052.6000,4052.0000,4051.8000,4051.2000,4051.0000,4054.2000,4054.4000,4054.6000,4055.0000,4056.6000,3,1,6,4,2,3,2,1,1,1
SF,IF2006,2020-02-19 13:26:58.400,4053.2000,23865,0,5965500900.000,0,-,-,-,-,4052.6000,4052.0000,4051.8000,4051.2000,4051.0000,4054.0000,4054.2000,4054.6000,4055.0000,4056.6000,3,1,6,4,2,3,2,1,1,1
SF,IF2006,2020-02-19 13:26:59.400,4053.2000,23865,0,5965500900.000,0,-,-,-,-,4052.6000,4052.0000,4051.8000,4051.2000,4051.0000,4054.0000,4054.2000,4054.6000,4055.0000,4056.6000,3,1,6,4,2,2,2,1,1,1
SF,IF2006,2020-02-19 13:27:00.900,4052.6000,23865,0,5966716680.000,1,0,1,空换,B,4052.6000,4052.0000,4051.8000,4051.2000,4051.0000,4054.0000,4054.2000,4054.6000,4055.0000,4056.6000,2,1,6,4,2,2,2,1,1,1
SF,IF2006,2020-02-19 13:27:01.400,4052.6000,23865,0,5966716680.000,0,-,-,-,-,4052.8000,4052.6000,4052.0000,4051.8000,4051.2000,4054.0000,4054.6000,4055.0000,4056.6000,4056.8000,2,2,1,6,4,2,1,1,1,1
SF,IF2006,2020-02-19 13:27:01.900,4052.6000,23865,0,5966716680.000,0,-,-,-,-,4053.0000,4052.8000,4052.6000,4052.0000,4051.8000,4054.6000,4055.0000,4056.6000,4056.8000,4057.0000,2,2,1,1,6,1,1,1,1,1
SF,IF2006,2020-02-19 13:27:02.400,4052.6000,23865,0,5966716680.000,0,-,-,-,-,4053.2000,4053.0000,4052.8000,4052.6000,4052.0000,4054.4000,4054.6000,4055.0000,4056.6000,4056.8000,1,2,1,1,1,2,1,1,1,1
SF,IF2006,2020-02-19 13:27:02.900,4052.6000,23865,0,5966716680.000,0,-,-,-,-,4053.4000,4053.2000,4053.0000,4052.8000,4052.6000,4054.4000,4054.6000,4055.0000,4056.6000,4056.8000,1,1,2,1,1,2,1,1,1,1
SF,IF2006,2020-02-19 13:27:03.400,4052.6000,23865,0,5966716680.000,0,-,-,-,-,4053.4000,4053.2000,4052.8000,4052.6000,4052.0000,4054.4000,4054.6000,4055.0000,4056.6000,4056.8000,1,1,1,1,1,2,1,1,1,1
SF,IF2006,2020-02-19 13:27:03.900,4052.6000,23865,0,5966716680.000,0,-,-,-,-,4053.4000,4052.8000,4052.0000,4051.8000,4051.2000,4054.2000,4054.4000,4054.6000,4055.0000,4056.6000,1,1,1,1,4,1,2,1,1,1
SF,IF2006,2020-02-19 13:27:04.400,4052.6000,23865,0,5966716680.000,0,-,-,-,-,4053.4000,4052.8000,4052.0000,4051.8000,4051.2000,4054.0000,4054.2000,4054.6000,4055.0000,4056.6000,1,1,1,1,4,2,2,1,1,1
SF,IF2006,2020-02-19 13:27:05.900,4052.6000,23865,0,5966716680.000,0,-,-,-,-,4053.4000,4052.8000,4052.0000,4051.8000,4051.2000,4054.0000,4054.2000,4054.6000,4055.0000,4056.6000,1,1,1,1,4,2,1,1,1,1
SF,IF2006,2020-02-19 13:27:08.400,4052.6000,23865,0,5966716680.000,0,-,-,-,-,4053.4000,4052.0000,4051.8000,4051.2000,4051.0000,4054.0000,4054.6000,4055.0000,4056.6000,4056.8000,1,1,1,4,2,2,1,1,1,1
SF,IF2006,2020-02-19 13:27:08.900,4052.6000,23865,0,5966716680.000,0,-,-,-,-,4053.4000,4052.0000,4051.8000,4051.2000,4051.0000,4054.6000,4055.0000,4056.6000,4056.8000,4057.0000,1,1,1,4,2,1,1,1,1,1
SF,IF2006,2020-02-19 13:27:09.400,4052.6000,23865,0,5966716680.000,0,-,-,-,-,4053.4000,4052.2000,4052.0000,4051.8000,4051.2000,4053.8000,4054.4000,4054.6000,4055.0000,4056.6000,1,1,1,1,4,1,2,1,1,1
SF,IF2006,2020-02-19 13:27:09.900,4052.6000,23865,0,5966716680.000,0,-,-,-,-,4053.4000,4052.2000,4052.0000,4051.8000,4051.2000,4053.8000,4054.4000,4054.6000,4055.0000,4056.6000,1,1,1,1,3,1,2,1,1,1
SF,IF2006,2020-02-19 13:27:10.900,4052.6000,23865,0,5966716680.000,0,-,-,-,-,4053.4000,4052.2000,4052.0000,4051.8000,4051.2000,4053.8000,4054.4000,4054.6000,4055.0000,4056.6000,1,1,1,1,3,1,2,2,1,1
SF,IF2006,2020-02-19 13:27:12.400,4053.8000,23865,0,5967932820.000,1,0,1,空换,B,4053.4000,4052.2000,4052.0000,4051.8000,4051.2000,4054.4000,4054.6000,4055.0000,4056.6000,4056.8000,1,1,1,1,3,2,2,1,1,1
SF,IF2006,2020-02-19 13:27:12.900,4053.8000,23865,0,5967932820.000,0,-,-,-,-,4053.4000,4052.2000,4052.0000,4051.8000,4051.2000,4054.2000,4054.4000,4054.6000,4055.0000,4056.6000,1,1,1,1,3,3,2,2,1,1
SF,IF2006,2020-02-19 13:27:13.400,4053.8000,23865,0,5967932820.000,0,-,-,-,-,4053.8000,4053.4000,4052.2000,4052.0000,4051.2000,4054.0000,4054.2000,4054.6000,4055.0000,4056.6000,2,1,1,1,3,2,2,2,1,1
SF,IF2006,2020-02-19 13:27:13.900,4053.4000,23867,2,5971581120.000,3,2,1,多开,B,4052.2000,4052.0000,4051.2000,4051.0000,4050.8000,4053.6000,4053.8000,4054.0000,4054.6000,4055.0000,1,1,3,2,1,1,3,3,1,1
SF,IF2006,2020-02-19 13:27:14.400,4053.4000,23867,0,5971581120.000,0,-,-,-,-,4052.4000,4052.2000,4052.0000,4051.2000,4051.0000,4053.4000,4053.6000,4053.8000,4054.0000,4054.6000,3,1,1,3,2,2,1,2,1,1
SF,IF2006,2020-02-19 13:27:14.900,4053.8000,23864,-3,5976445380.000,4,0,4,空平,B,4052.8000,4052.4000,4052.2000,4051.2000,4051.0000,4053.8000,4054.0000,4054.6000,4055.0000,4056.6000,2,2,1,3,2,1,2,1,1,1
SF,IF2006,2020-02-19 13:27:15.400,4054.0000,23863,-1,5978877720.000,2,0,2,空平,B,4053.8000,4053.4000,4053.0000,4052.2000,4051.2000,4054.6000,4055.0000,4056.6000,4056.8000,4057.0000,1,2,3,1,3,1,1,1,1,1
SF,IF2006,2020-02-19 13:27:15.900,4054.6000,23863,0,5980094100.000,1,0,1,空换,B,4054.2000,4053.8000,4053.4000,4053.0000,4052.2000,4055.0000,4056.6000,4056.8000,4057.0000,4057.6000,2,1,1,3,1,1,1,1,1,2
SF,IF2006,2020-02-19 13:27:16.400,4054.2000,23863,0,5982526620.000,2,1,1,空换,B,4053.8000,4053.0000,4052.2000,4051.2000,4051.0000,4054.8000,4055.0000,4056.6000,4056.8000,4057.0000,1,2,1,3,2,2,1,1,1,1
SF,IF2006,2020-02-19 13:27:16.900,4054.2000,23863,0,5982526620.000,0,-,-,-,-,4053.8000,4053.0000,4052.2000,4051.2000,4051.0000,4054.8000,4055.0000,4056.6000,4056.8000,4057.0000,1,2,1,3,2,2,1,1,1,1
SF,IF2006,2020-02-19 13:27:17.400,4054.2000,23863,0,5982526620.000,0,-,-,-,-,4053.8000,4053.0000,4052.2000,4051.2000,4051.0000,4054.8000,4055.0000,4056.6000,4056.8000,4057.0000,1,2,1,3,2,2,1,1,1,1
SF,IF2006,2020-02-19 13:27:17.900,4054.2000,23863,0,5982526620.000,0,-,-,-,-,4054.6000,4054.0000,4053.8000,4052.2000,4051.2000,4055.0000,4056.6000,4056.8000,4057.0000,4057.6000,2,2,1,1,3,1,1,1,1,2
SF,IF2006,2020-02-19 13:27:18.400,4055.0000,23864,1,5984959500.000,2,1,1,多开,B,4055.2000,4055.0000,4054.8000,4054.6000,4053.8000,4056.6000,4056.8000,4057.0000,4057.6000,4058.0000,1,2,2,2,1,1,1,1,2,3
SF,IF2006,2020-02-19 13:27:18.900,4055.0000,23863,-1,5988609060.000,3,1,2,空平,B,4055.4000,4055.0000,4054.6000,4053.8000,4052.2000,4056.2000,4056.4000,4056.6000,4056.8000,4057.0000,1,1,2,1,1,1,4,1,1,1
SF,IF2006,2020-02-19 13:27:19.400,4055.0000,23863,0,5988609060.000,0,-,-,-,-,4055.4000,4055.0000,4054.6000,4053.8000,4052.2000,4056.4000,4056.6000,4056.8000,4057.0000,4057.6000,1,1,2,1,1,1,1,1,1,2
SF,IF2006,2020-02-19 13:27:19.900,4055.0000,23863,0,5988609060.000,0,-,-,-,-,4055.4000,4055.0000,4054.6000,4053.8000,4052.2000,4056.6000,4056.8000,4057.0000,4057.6000,4058.0000,1,1,2,1,1,1,1,1,2,3
SF,IF2006,2020-02-19 13:27:20.400,4056.4000,23863,0,5989825980.000,1,0,1,空换,B,4055.0000,4054.6000,4053.8000,4052.2000,4051.2000,4056.4000,4056.6000,4056.8000,4057.0000,4057.6000,1,2,1,1,3,2,1,1,1,2
SF,IF2006,2020-02-19 13:27:20.900,4056.4000,23863,0,5989825980.000,0,-,-,-,-,4055.2000,4054.6000,4053.8000,4052.2000,4051.2000,4056.0000,4056.4000,4056.6000,4056.8000,4057.0000,2,2,1,1,3,1,2,1,1,1
SF,IF2006,2020-02-19 13:27:22.400,4056.4000,23863,0,5989825980.000,0,-,-,-,-,4055.2000,4054.6000,4053.8000,4052.2000,4051.2000,4056.0000,4056.4000,4056.6000,4056.8000,4057.0000,2,2,1,1,2,1,2,1,1,1
SF,IF2006,2020-02-19 13:27:22.900,4056.4000,23863,0,5989825980.000,0,-,-,-,-,4055.2000,4053.8000,4052.2000,4051.2000,4051.0000,4056.0000,4056.4000,4056.6000,4056.8000,4057.0000,2,1,1,2,2,1,2,1,1,1
SF,IF2006,2020-02-19 13:27:23.900,4056.4000,23863,0,5989825980.000,0,-,-,-,-,4055.2000,4053.8000,4052.2000,4051.2000,4051.0000,4056.0000,4056.4000,4056.6000,4056.8000,4057.0000,2,1,1,2,2,1,2,1,1,1
SF,IF2006,2020-02-19 13:27:24.400,4056.0000,23863,0,5991042780.000,1,0,1,空换,B,4055.4000,4055.2000,4053.8000,4052.2000,4051.2000,4056.6000,4056.8000,4057.0000,4057.6000,4058.0000,1,2,1,1,2,1,1,1,2,3
SF,IF2006,2020-02-19 13:27:24.900,4056.0000,23863,0,5991042780.000,0,-,-,-,-,4055.6000,4055.4000,4053.8000,4052.2000,4051.2000,4056.6000,4056.8000,4057.0000,4057.6000,4058.0000,2,1,1,1,2,1,1,1,2,3
SF,IF2006,2020-02-19 13:27:25.400,4056.0000,23863,0,5991042780.000,0,-,-,-,-,4056.4000,4055.6000,4055.4000,4053.8000,4052.2000,4056.6000,4056.8000,4057.0000,4057.6000,4058.0000,1,2,1,1,1,1,1,1,2,3
SF,IF2006,2020-02-19 13:27:25.900,4056.4000,23863,0,5992259700.000,1,0,1,空换,B,4056.0000,4055.6000,4055.4000,4053.8000,4052.2000,4056.4000,4056.6000,4056.8000,4057.0000,4057.6000,2,2,1,1,1,1,1,1,1,2
SF,IF2006,2020-02-19 13:27:26.400,4056.4000,23863,0,5992259700.000,0,-,-,-,-,4056.0000,4055.6000,4055.4000,4053.8000,4052.2000,4056.6000,4056.8000,4057.0000,4057.6000,4058.0000,2,2,1,1,1,1,1,1,2,3
SF,IF2006,2020-02-19 13:27:27.400,4056.6000,23864,1,5993476680.000,1,1,0,双开,B,4056.6000,4056.0000,4055.6000,4055.4000,4053.8000,4056.8000,4057.0000,4057.6000,4058.0000,4058.2000,1,2,2,1,1,1,1,2,3,1
SF,IF2006,2020-02-19 13:27:27.900,4056.8000,23865,1,5994693720.000,1,1,0,双开,B,4056.6000,4056.0000,4055.6000,4055.4000,4054.6000,4057.0000,4057.6000,4058.0000,4058.2000,4058.8000,1,2,2,1,1,1,2,3,1,1
SF,IF2006,2020-02-19 13:27:28.400,4057.0000,23866,1,5995910820.000,1,1,0,双开,B,4056.6000,4056.0000,4055.6000,4055.4000,4054.6000,4057.6000,4058.0000,4058.2000,4058.8000,4059.4000,1,2,2,1,1,2,3,1,1,1
SF,IF2006,2020-02-19 13:27:28.900,4057.0000,23866,0,5995910820.000,0,-,-,-,-,4056.6000,4056.0000,4055.6000,4055.4000,4054.6000,4057.4000,4057.6000,4058.0000,4058.2000,4058.8000,1,2,2,1,1,3,2,3,1,1
SF,IF2006,2020-02-19 13:27:29.400,4057.0000,23866,0,5995910820.000,0,-,-,-,-,4056.6000,4056.0000,4055.6000,4055.4000,4054.6000,4057.6000,4058.0000,4058.2000,4058.8000,4059.4000,1,2,2,1,1,2,3,1,1,1
SF,IF2006,2020-02-19 13:27:29.900,4057.0000,23866,0,5995910820.000,0,-,-,-,-,4056.8000,4056.6000,4056.0000,4054.6000,4053.8000,4057.6000,4058.0000,4058.2000,4058.8000,4059.4000,2,1,2,1,1,2,3,1,1,1
SF,IF2006,2020-02-19 13:27:30.900,4057.6000,23866,0,5997128100.000,1,0,1,空换,B,4056.8000,4056.6000,4056.0000,4054.6000,4053.8000,4057.6000,4058.0000,4058.2000,4058.8000,4059.4000,2,1,2,1,1,1,3,1,1,1
SF,IF2006,2020-02-19 13:27:31.400,4057.6000,23867,1,5998345380.000,1,1,0,双开,B,4057.8000,4057.0000,4056.8000,4056.6000,4056.0000,4058.0000,4058.2000,4058.8000,4059.4000,4059.8000,1,1,2,1,2,3,1,1,1,2
SF,IF2006,2020-02-19 13:27:32.400,4057.8000,23867,0,6000780120.000,2,1,1,空换,B,4057.0000,4056.8000,4056.6000,4056.0000,4054.6000,4058.0000,4058.2000,4058.8000,4059.4000,4059.8000,1,2,1,2,1,2,1,1,1,2
SF,IF2006,2020-02-19 13:27:32.900,4057.8000,23867,0,6000780120.000,0,-,-,-,-,4057.2000,4057.0000,4056.0000,4054.6000,4053.8000,4058.0000,4058.2000,4058.8000,4059.4000,4059.8000,2,1,2,1,1,2,1,1,1,2
SF,IF2006,2020-02-19 13:27:33.400,4057.8000,23867,0,6000780120.000,0,-,-,-,-,4057.0000,4056.0000,4054.6000,4053.8000,4052.2000,4058.0000,4058.2000,4058.8000,4059.4000,4059.8000,1,2,1,1,1,2,1,1,1,2
SF,IF2006,2020-02-19 13:27:33.900,4057.8000,23867,0,6000780120.000,0,-,-,-,-,4056.0000,4054.6000,4053.8000,4052.2000,4051.2000,4058.0000,4058.2000,4058.8000,4059.4000,4059.8000,2,1,1,1,2,2,1,1,1,2
SF,IF2006,2020-02-19 13:27:34.400,4057.8000,23867,0,6000780120.000,0,-,-,-,-,4056.8000,4056.4000,4056.2000,4056.0000,4053.8000,4057.8000,4058.0000,4058.2000,4058.8000,4059.4000,5,8,5,3,1,2,2,1,1,1
SF,IF2006,2020-02-19 13:27:34.900,4057.8000,23867,0,6000780120.000,0,-,-,-,-,4056.4000,4056.2000,4056.0000,4053.8000,4052.2000,4057.8000,4058.0000,4058.2000,4058.8000,4059.4000,2,4,3,1,1,2,2,1,1,1
SF,IF2006,2020-02-19 13:27:35.400,4057.8000,23867,0,6000780120.000,0,-,-,-,-,4056.6000,4056.4000,4056.2000,4056.0000,4052.2000,4057.8000,4058.0000,4058.2000,4058.8000,4059.4000,2,1,2,2,1,2,2,1,1,1
SF,IF2006,2020-02-19 13:27:35.900,4057.8000,23867,0,6000780120.000,0,-,-,-,-,4056.6000,4056.4000,4056.2000,4056.0000,4052.2000,4057.8000,4058.0000,4058.2000,4058.8000,4059.4000,2,1,2,2,1,2,2,1,2,1
SF,IF2006,2020-02-19 13:27:36.400,4057.8000,23867,0,6000780120.000,0,-,-,-,-,4056.6000,4056.4000,4056.2000,4056.0000,4052.2000,4057.8000,4058.0000,4058.2000,4058.8000,4059.4000,2,1,2,2,1,3,2,1,2,1
SF,IF2006,2020-02-19 13:27:36.900,4057.8000,23867,0,6000780120.000,0,-,-,-,-,4056.6000,4056.2000,4056.0000,4052.2000,4051.2000,4057.6000,4057.8000,4058.0000,4058.2000,4058.8000,2,2,2,1,1,2,3,2,1,2
SF,IF2006,2020-02-19 13:27:37.400,4057.8000,23867,0,6000780120.000,0,-,-,-,-,4056.6000,4056.0000,4052.2000,4051.2000,4051.0000,4057.4000,4057.6000,4057.8000,4058.0000,4058.2000,2,2,1,1,2,2,2,1,2,1
SF,IF2006,2020-02-19 13:27:37.900,4057.8000,23867,0,6000780120.000,0,-,-,-,-,4056.0000,4052.2000,4051.2000,4051.0000,4050.2000,4057.4000,4057.6000,4057.8000,4058.0000,4058.2000,2,1,1,2,1,2,2,1,2,1
SF,IF2006,2020-02-19 13:27:38.400,4057.8000,23867,0,6000780120.000,0,-,-,-,-,4056.2000,4056.0000,4052.2000,4051.2000,4051.0000,4057.4000,4057.6000,4057.8000,4058.0000,4058.2000,2,2,1,1,2,2,2,1,2,1
SF,IF2006,2020-02-19 13:27:38.900,4057.8000,23867,0,6000780120.000,0,-,-,-,-,4056.2000,4056.0000,4052.2000,4051.2000,4051.0000,4057.4000,4057.8000,4058.0000,4058.2000,4058.8000,2,2,1,1,2,2,1,2,1,2
SF,IF2006,2020-02-19 13:27:39.400,4057.8000,23867,0,6000780120.000,0,-,-,-,-,4056.2000,4056.0000,4052.2000,4051.2000,4051.0000,4057.4000,4057.8000,4058.0000,4058.2000,4058.8000,2,2,1,1,2,2,1,2,1,1
SF,IF2006,2020-02-19 13:27:39.900,4056.4000,23867,0,6001997040.000,1,0,1,空换,B,4056.2000,4056.0000,4052.2000,4051.2000,4051.0000,4057.4000,4057.8000,4058.0000,4058.2000,4058.8000,2,2,1,1,2,2,1,2,1,1
SF,IF2006,2020-02-19 13:27:40.900,4056.4000,23867,0,6001997040.000,0,-,-,-,-,4056.4000,4056.2000,4056.0000,4052.2000,4051.2000,4057.2000,4057.4000,4057.8000,4058.0000,4058.2000,1,2,2,1,1,1,2,1,2,1
SF,IF2006,2020-02-19 13:27:41.400,4056.4000,23867,0,6003213960.000,1,0,1,空换,B,4056.0000,4052.2000,4051.2000,4051.0000,4050.2000,4057.0000,4057.2000,4057.8000,4058.0000,4058.2000,2,1,1,2,1,2,1,1,2,1
SF,IF2006,2020-02-19 13:27:41.900,4056.0000,23867,0,6005647560.000,2,1,1,空换,B,4052.2000,4051.2000,4051.0000,4050.2000,4050.0000,4056.8000,4057.0000,4057.8000,4058.0000,4058.2000,1,1,2,1,5,2,3,1,2,1
SF,IF2006,2020-02-19 13:27:42.400,4056.0000,23867,0,6005647560.000,0,-,-,-,-,4056.2000,4055.0000,4054.8000,4054.4000,4054.2000,4056.6000,4056.8000,4057.8000,4058.0000,4058.2000,1,5,1,2,2,3,2,1,2,1
SF,IF2006,2020-02-19 13:27:42.900,4056.2000,23868,1,6006864420.000,1,1,0,双开,B,4054.8000,4054.4000,4054.2000,4053.4000,4053.0000,4056.6000,4056.8000,4057.8000,4058.0000,4058.2000,1,2,1,1,2,3,1,1,2,1
SF,IF2006,2020-02-19 13:27:43.400,4056.2000,23868,0,6006864420.000,0,-,-,-,-,4055.0000,4054.8000,4054.4000,4054.2000,4053.4000,4056.6000,4056.8000,4057.8000,4058.0000,4058.2000,9,1,1,1,1,3,1,1,2,1
SF,IF2006,2020-02-19 13:27:43.900,4056.2000,23868,0,6006864420.000,0,-,-,-,-,4055.0000,4054.8000,4054.4000,4054.2000,4053.4000,4056.4000,4056.6000,4056.8000,4057.8000,4058.0000,4,1,1,1,1,1,2,1,1,2
SF,IF2006,2020-02-19 13:27:44.400,4056.2000,23868,0,6006864420.000,0,-,-,-,-,4055.2000,4055.0000,4054.8000,4054.4000,4054.2000,4056.2000,4056.4000,4056.8000,4057.8000,4058.0000,1,4,1,1,1,2,1,1,1,2
SF,IF2006,2020-02-19 13:27:44.900,4055.2000,23868,0,6008080980.000,1,0,1,空换,B,4053.4000,4053.0000,4052.8000,4052.6000,4052.4000,4055.8000,4056.0000,4056.2000,4056.4000,4057.8000,1,2,1,2,3,1,1,2,1,1
SF,IF2006,2020-02-19 13:27:45.400,4055.2000,23868,0,6008080980.000,0,-,-,-,-,4054.2000,4054.0000,4053.8000,4053.6000,4052.8000,4055.6000,4057.8000,4058.0000,4058.2000,4058.8000,1,1,2,4,1,2,1,2,1,1
SF,IF2006,2020-02-19 13:27:45.900,4055.2000,23868,0,6008080980.000,0,-,-,-,-,4054.4000,4053.8000,4053.6000,4052.8000,4052.6000,4055.2000,4055.4000,4055.6000,4057.8000,4058.0000,2,1,1,1,1,1,1,3,1,2
SF,IF2006,2020-02-19 13:27:46.400,4055.2000,23868,0,6008080980.000,0,-,-,-,-,4054.4000,4053.8000,4053.6000,4052.8000,4052.6000,4055.4000,4055.6000,4057.8000,4058.0000,4058.2000,2,1,1,1,1,1,2,1,2,1
SF,IF2006,2020-02-19 13:27:46.900,4055.2000,23868,0,6008080980.000,0,-,-,-,-,4053.8000,4053.6000,4052.8000,4052.6000,4052.4000,4055.2000,4055.4000,4057.8000,4058.0000,4058.2000,1,1,1,1,2,3,1,1,2,1
SF,IF2006,2020-02-19 13:27:47.400,4055.2000,23868,0,6008080980.000,0,-,-,-,-,4054.0000,4053.8000,4053.6000,4052.8000,4052.6000,4055.2000,4055.4000,4057.8000,4058.0000,4058.2000,2,1,1,1,1,2,1,1,2,1
SF,IF2006,2020-02-19 13:27:48.400,4055.2000,23868,0,6008080980.000,0,-,-,-,-,4054.0000,4053.8000,4053.6000,4052.6000,4052.4000,4055.2000,4057.8000,4058.0000,4058.2000,4058.8000,2,1,1,1,2,2,1,2,1,1
SF,IF2006,2020-02-19 13:27:48.900,4055.2000,23867,-1,6009297540.000,1,0,1,双平,B,4054.2000,4054.0000,4053.6000,4052.6000,4052.4000,4057.8000,4058.0000,4058.2000,4058.8000,4059.4000,7,2,1,1,2,1,2,1,1,1
SF,IF2006,2020-02-19 13:27:49.400,4055.2000,23867,0,6009297540.000,0,-,-,-,-,4054.6000,4054.4000,4054.2000,4054.0000,4052.6000,4056.6000,4056.8000,4057.0000,4057.2000,4057.6000,7,5,6,1,1,1,1,1,1,5
SF,IF2006,2020-02-19 13:27:49.900,4055.2000,23867,0,6009297540.000,0,-,-,-,-,4055.0000,4054.8000,4054.6000,4054.4000,4054.2000,4056.8000,4057.2000,4057.6000,4057.8000,4058.0000,1,9,6,2,5,1,1,3,1,2
SF,IF2006,2020-02-19 13:27:50.400,4055.2000,23867,0,6009297540.000,0,-,-,-,-,4055.4000,4055.2000,4054.8000,4054.6000,4054.4000,4057.2000,4057.6000,4057.8000,4058.0000,4058.2000,1,3,6,5,2,1,3,1,2,1
SF,IF2006,2020-02-19 13:27:50.900,4055.2000,23867,0,6009297540.000,0,-,-,-,-,4055.6000,4055.4000,4055.2000,4055.0000,4054.8000,4057.0000,4057.8000,4058.0000,4058.2000,4058.8000,2,1,1,1,6,2,1,2,1,1
SF,IF2006,2020-02-19 13:27:51.400,4055.2000,23867,0,6010514100.000,1,0,1,空换,B,4055.2000,4055.0000,4054.8000,4054.6000,4054.4000,4056.8000,4057.0000,4057.8000,4058.0000,4058.2000,1,1,6,5,2,2,2,1,2,1
SF,IF2006,2020-02-19 13:27:51.900,4055.2000,23867,0,6010514100.000,0,-,-,-,-,4055.2000,4054.8000,4054.6000,4054.4000,4052.6000,4056.6000,4056.8000,4057.8000,4058.0000,4058.2000,1,1,5,2,1,3,2,1,2,1
SF,IF2006,2020-02-19 13:27:52.400,4055.2000,23867,0,6010514100.000,0,-,-,-,-,4054.8000,4054.4000,4052.6000,4052.4000,4052.2000,4056.6000,4056.8000,4057.8000,4058.0000,4058.2000,1,1,1,2,1,3,2,1,2,1
SF,IF2006,2020-02-19 13:27:52.900,4055.2000,23867,0,6010514100.000,0,-,-,-,-,4055.0000,4054.4000,4052.6000,4052.4000,4052.2000,4056.4000,4056.6000,4056.8000,4057.8000,4058.0000,2,1,1,2,1,1,3,1,1,2
SF,IF2006,2020-02-19 13:27:53.400,4055.2000,23867,0,6010514100.000,0,-,-,-,-,4055.0000,4054.4000,4052.4000,4052.2000,4051.8000,4056.2000,4056.4000,4057.8000,4058.0000,4058.2000,2,1,2,1,1,2,1,1,2,1
SF,IF2006,2020-02-19 13:27:53.900,4055.2000,23867,0,6010514100.000,0,-,-,-,-,4055.0000,4054.4000,4052.4000,4052.2000,4051.8000,4056.2000,4056.4000,4058.0000,4058.2000,4058.8000,2,1,2,1,1,2,2,2,1,1
SF,IF2006,2020-02-19 13:27:54.900,4055.2000,23867,0,6010514100.000,0,-,-,-,-,4055.0000,4054.4000,4052.4000,4052.2000,4051.8000,4056.2000,4056.4000,4056.8000,4058.0000,4058.2000,2,1,2,1,1,2,1,1,2,1
SF,IF2006,2020-02-19 13:27:55.400,4056.2000,23867,0,6011730960.000,1,0,1,空换,B,4055.0000,4054.4000,4052.4000,4052.2000,4051.8000,4056.2000,4056.4000,4056.8000,4058.0000,4058.2000,2,1,2,1,1,1,1,1,2,1
SF,IF2006,2020-02-19 13:27:56.400,4056.2000,23867,0,6011730960.000,0,-,-,-,-,4055.0000,4052.4000,4052.2000,4051.8000,4051.0000,4056.2000,4056.4000,4056.8000,4058.0000,4058.2000,2,2,1,1,2,1,1,1,2,1
SF,IF2006,2020-02-19 13:27:56.900,4056.2000,23867,0,6011730960.000,0,-,-,-,-,4055.0000,4052.4000,4052.2000,4051.8000,4051.0000,4056.4000,4056.8000,4058.0000,4058.2000,4058.8000,2,2,1,1,2,1,1,2,1,1
SF,IF2006,2020-02-19 13:27:57.400,4056.2000,23867,0,6011730960.000,0,-,-,-,-,4055.0000,4052.4000,4052.2000,4051.8000,4051.0000,4056.8000,4058.0000,4058.2000,4058.8000,4059.4000,3,2,1,1,2,1,2,1,1,1
SF,IF2006,2020-02-19 13:27:57.900,4056.2000,23867,0,6011730960.000,0,-,-,-,-,4055.2000,4055.0000,4052.4000,4052.2000,4051.8000,4056.6000,4056.8000,4058.0000,4058.2000,4058.8000,2,3,2,1,1,2,1,2,1,1
SF,IF2006,2020-02-19 13:27:58.400,4056.2000,23867,0,6011730960.000,0,-,-,-,-,4055.4000,4055.2000,4055.0000,4052.4000,4052.2000,4056.8000,4058.0000,4058.2000,4058.8000,4059.4000,2,2,1,2,1,1,2,1,1,1
SF,IF2006,2020-02-19 13:28:00.400,4056.2000,23867,0,6011730960.000,0,-,-,-,-,4055.4000,4052.4000,4052.2000,4051.8000,4051.0000,4056.4000,4056.6000,4056.8000,4058.0000,4058.2000,2,2,1,1,2,1,1,1,2,1
SF,IF2006,2020-02-19 13:28:00.900,4055.4000,23867,0,6012947580.000,1,0,1,空换,B,4052.4000,4052.2000,4051.8000,4051.0000,4050.2000,4056.2000,4056.4000,4056.8000,4058.0000,4058.2000,2,1,1,2,1,3,1,1,2,1
SF,IF2006,2020-02-19 13:28:01.400,4055.4000,23867,0,6012947580.000,0,-,-,-,-,4054.2000,4054.0000,4053.8000,4053.6000,4053.4000,4056.2000,4056.4000,4056.8000,4058.0000,4058.2000,1,5,6,1,1,3,1,1,2,1
SF,IF2006,2020-02-19 13:28:01.900,4055.4000,23867,0,6012947580.000,0,-,-,-,-,4054.6000,4054.4000,4054.2000,4054.0000,4053.8000,4056.2000,4056.4000,4056.8000,4058.0000,4058.2000,5,6,1,5,5,3,1,1,2,1
SF,IF2006,2020-02-19 13:28:02.400,4055.4000,23867,0,6012947580.000,0,-,-,-,-,4054.8000,4054.4000,4054.0000,4053.8000,4053.4000,4056.2000,4056.4000,4056.8000,4058.0000,4058.2000,2,2,5,5,1,3,1,1,2,1
SF,IF2006,2020-02-19 13:28:02.900,4055.4000,23867,0,6012947580.000,0,-,-,-,-,4055.0000,4054.8000,4054.0000,4053.8000,4053.4000,4056.8000,4058.0000,4058.2000,4058.8000,4059.4000,2,2,5,5,1,1,2,1,1,1
SF,IF2006,2020-02-19 13:28:03.400,4055.4000,23867,0,6012947580.000,0,-,-,-,-,4055.4000,4055.2000,4055.0000,4054.0000,4053.4000,4056.6000,4056.8000,4058.0000,4058.2000,4058.8000,2,3,2,5,1,2,1,2,1,1
SF,IF2006,2020-02-19 13:28:03.900,4055.4000,23867,0,6012947580.000,0,-,-,-,-,4055.4000,4055.2000,4055.0000,4053.4000,4053.0000,4056.6000,4056.8000,4058.0000,4058.2000,4058.8000,2,3,2,1,2,2,1,2,1,1
SF,IF2006,2020-02-19 13:28:04.400,4055.4000,23867,0,6012947580.000,0,-,-,-,-,4055.6000,4055.4000,4055.2000,4055.0000,4053.4000,4056.6000,4056.8000,4058.0000,4058.2000,4058.8000,2,2,1,2,1,2,1,2,1,1
SF,IF2006,2020-02-19 13:28:04.900,4055.4000,23867,0,6012947580.000,0,-,-,-,-,4055.6000,4055.2000,4055.0000,4053.4000,4053.0000,4056.6000,4056.8000,4058.0000,4058.2000,4058.8000,2,1,2,1,2,2,1,2,1,1
SF,IF2006,2020-02-19 13:28:05.400,4055.4000,23867,0,6012947580.000,0,-,-,-,-,4055.2000,4055.0000,4053.4000,4053.0000,4052.6000,4056.6000,4056.8000,4058.0000,4058.2000,4058.8000,1,2,1,2,1,2,1,2,1,1
SF,IF2006,2020-02-19 13:28:05.900,4055.4000,23867,0,6012947580.000,0,-,-,-,-,4055.4000,4055.2000,4055.0000,4053.4000,4053.0000,4056.6000,4056.8000,4058.0000,4058.2000,4058.8000,2,1,2,1,2,2,1,2,1,1
SF,IF2006,2020-02-19 13:28:07.900,4055.4000,23867,0,6012947580.000,0,-,-,-,-,4055.4000,4053.4000,4053.0000,4052.6000,4052.4000,4056.2000,4056.4000,4056.6000,4056.8000,4058.0000,2,1,2,1,2,1,2,2,1,2
SF,IF2006,2020-02-19 13:28:08.400,4055.4000,23867,0,6014164200.000,1,0,1,空换,B,4053.4000,4053.0000,4052.6000,4052.4000,4052.2000,4056.0000,4056.2000,4056.4000,4056.8000,4058.0000,1,2,1,2,1,3,1,2,1,2
SF,IF2006,2020-02-19 13:28:08.900,4055.4000,23867,0,6014164200.000,0,-,-,-,-,4054.2000,4053.8000,4053.6000,4053.4000,4053.0000,4056.0000,4056.2000,4056.4000,4056.8000,4058.0000,2,6,5,1,2,3,1,2,1,2
SF,IF2006,2020-02-19 13:28:09.400,4055.4000,23867,0,6014164200.000,0,-,-,-,-,4054.4000,4054.2000,4053.8000,4053.6000,4053.4000,4056.0000,4056.2000,4056.4000,4056.8000,4058.0000,2,2,1,3,1,3,1,1,1,2
SF,IF2006,2020-02-19 13:28:09.900,4055.4000,23867,0,6014164200.000,0,-,-,-,-,4054.6000,4054.4000,4054.2000,4053.8000,4053.6000,4056.0000,4056.2000,4056.4000,4056.8000,4058.0000,1,2,1,1,3,2,1,1,1,2
SF,IF2006,2020-02-19 13:28:10.400,4055.4000,23867,0,6014164200.000,0,-,-,-,-,4054.8000,4054.6000,4053.6000,4053.4000,4053.0000,4056.4000,4056.8000,4058.0000,4058.2000,4058.8000,3,1,3,1,2,1,1,2,1,1
SF,IF2006,2020-02-19 13:28:10.900,4055.4000,23867,0,6014164200.000,0,-,-,-,-,4054.8000,4054.6000,4053.6000,4053.4000,4053.0000,4056.2000,4056.4000,4056.8000,4058.0000,4058.2000,3,1,2,1,2,2,1,1,2,1
SF,IF2006,2020-02-19 13:28:11.400,4055.4000,23867,0,6014164200.000,0,-,-,-,-,4055.2000,4055.0000,4054.8000,4053.6000,4053.4000,4056.2000,4056.4000,4056.8000,4058.0000,4058.2000,1,1,3,2,1,2,1,1,2,1
SF,IF2006,2020-02-19 13:28:11.900,4055.4000,23867,0,6014164200.000,0,-,-,-,-,4055.4000,4055.2000,4055.0000,4053.6000,4053.4000,4056.8000,4058.0000,4058.2000,4058.8000,4059.4000,3,1,1,2,1,1,2,1,1,1
SF,IF2006,2020-02-19 13:28:12.400,4055.4000,23867,0,6014164200.000,0,-,-,-,-,4055.6000,4055.4000,4055.2000,4053.6000,4053.4000,4056.6000,4056.8000,4058.0000,4058.2000,4058.8000,1,3,1,2,1,2,1,2,1,1
SF,IF2006,2020-02-19 13:28:12.900,4055.8000,23866,-1,6015380940.000,1,0,1,双平,B,4055.8000,4055.6000,4055.4000,4055.2000,4053.6000,4056.8000,4058.0000,4058.2000,4058.8000,4059.4000,2,1,1,1,2,1,2,1,1,1
SF,IF2006,2020-02-19 13:28:13.400,4055.8000,23866,0,6015380940.000,0,-,-,-,-,4055.6000,4055.4000,4055.2000,4053.6000,4053.4000,4056.6000,4056.8000,4058.0000,4058.2000,4058.8000,1,1,1,2,1,2,1,2,1,1
SF,IF2006,2020-02-19 13:28:13.900,4055.8000,23866,0,6015380940.000,0,-,-,-,-,4055.6000,4055.2000,4053.6000,4053.4000,4053.0000,4056.6000,4056.8000,4058.0000,4058.2000,4058.8000,1,1,2,1,2,2,1,2,1,1
SF,IF2006,2020-02-19 13:28:14.400,4055.8000,23866,0,6015380940.000,0,-,-,-,-,4055.8000,4055.6000,4053.6000,4053.4000,4053.0000,4056.6000,4056.8000,4058.0000,4058.2000,4058.8000,3,1,2,1,2,2,1,2,1,1
SF,IF2006,2020-02-19 13:28:14.900,4055.8000,23866,0,6015380940.000,0,-,-,-,-,4055.8000,4055.6000,4053.6000,4053.4000,4053.0000,4056.6000,4056.8000,4058.0000,4058.2000,4058.8000,3,1,2,1,2,1,1,2,1,1
SF,IF2006,2020-02-19 13:28:16.400,4055.8000,23866,0,6015380940.000,0,-,-,-,-,4055.8000,4055.6000,4053.6000,4053.4000,4053.0000,4056.6000,4056.8000,4058.0000,4058.2000,4058.8000,2,1,2,1,2,1,1,2,1,1
SF,IF2006,2020-02-19 13:28:16.900,4055.8000,23866,0,6015380940.000,0,-,-,-,-,4056.0000,4055.8000,4055.6000,4053.6000,4053.4000,4056.6000,4056.8000,4058.0000,4058.2000,4058.8000,1,2,1,2,1,1,1,2,1,1
SF,IF2006,2020-02-19 13:28:17.400,4055.8000,23866,0,6015380940.000,0,-,-,-,-,4056.0000,4055.8000,4055.6000,4053.6000,4053.4000,4056.6000,4056.8000,4058.0000,4058.2000,4058.8000,2,2,1,2,1,1,1,2,1,1
SF,IF2006,2020-02-19 13:28:18.400,4056.6000,23867,1,6016597920.000,1,1,0,双开,B,4056.0000,4055.8000,4055.6000,4053.6000,4053.4000,4056.8000,4058.0000,4058.2000,4058.8000,4059.4000,2,2,1,2,1,1,2,1,1,1
SF,IF2006,2020-02-19 13:28:19.400,4056.6000,23867,0,6016597920.000,0,-,-,-,-,4056.0000,4055.8000,4055.6000,4053.6000,4053.4000,4056.8000,4058.0000,4058.2000,4058.8000,4059.4000,1,2,1,2,1,1,2,1,1,1
SF,IF2006,2020-02-19 13:28:20.400,4056.6000,23867,0,6016597920.000,0,-,-,-,-,4056.0000,4055.8000,4055.6000,4053.6000,4053.4000,4056.6000,4056.8000,4058.0000,4058.2000,4058.8000,1,2,1,2,1,1,1,2,1,1
SF,IF2006,2020-02-19 13:28:20.900,4056.0000,23868,1,6020248260.000,3,2,1,多开,B,4053.6000,4053.4000,4053.0000,4052.6000,4052.4000,4056.0000,4056.4000,4056.8000,4058.0000,4058.2000,2,1,2,1,1,1,3,1,2,1
SF,IF2006,2020-02-19 13:28:21.400,4056.0000,23868,0,6020248260.000,0,-,-,-,-,4054.4000,4054.2000,4054.0000,4053.8000,4053.6000,4055.8000,4056.0000,4056.8000,4058.0000,4058.2000,5,8,1,3,2,2,1,1,2,1
SF,IF2006,2020-02-19 13:28:21.900,4056.0000,23868,0,6020248260.000,0,-,-,-,-,4054.6000,4054.2000,4054.0000,4053.8000,4053.6000,4055.8000,4056.8000,4058.0000,4058.2000,4058.8000,1,7,1,2,2,2,1,2,1,1
SF,IF2006,2020-02-19 13:28:22.400,4056.0000,23868,0,6020248260.000,0,-,-,-,-,4054.8000,4054.6000,4054.2000,4054.0000,4053.8000,4055.8000,4056.8000,4058.0000,4058.2000,4058.8000,5,1,6,1,2,2,1,2,1,1
SF,IF2006,2020-02-19 13:28:22.900,4056.0000,23868,0,6020248260.000,0,-,-,-,-,4054.6000,4054.2000,4054.0000,4053.8000,4053.6000,4055.8000,4056.8000,4058.0000,4058.2000,4058.8000,1,6,1,2,2,2,1,2,1,1
SF,IF2006,2020-02-19 13:28:23.400,4056.0000,23868,0,6020248260.000,0,-,-,-,-,4054.2000,4054.0000,4053.8000,4053.6000,4053.4000,4055.6000,4055.8000,4056.8000,4058.0000,4058.2000,1,1,1,1,1,1,2,1,2,1
SF,IF2006,2020-02-19 13:28:23.900,4056.0000,23868,0,6020248260.000,0,-,-,-,-,4054.8000,4054.4000,4054.2000,4053.8000,4053.6000,4055.4000,4055.6000,4056.8000,4058.0000,4058.2000,2,1,1,1,1,2,1,1,2,1
SF,IF2006,2020-02-19 13:28:24.400,4056.0000,23868,0,6020248260.000,0,-,-,-,-,4054.8000,4054.4000,4054.2000,4053.8000,4053.6000,4055.4000,4055.6000,4056.0000,4056.8000,4058.0000,2,1,1,1,1,2,1,1,1,2
SF,IF2006,2020-02-19 13:28:24.900,4056.0000,23868,0,6020248260.000,0,-,-,-,-,4054.8000,4054.4000,4054.2000,4053.8000,4053.6000,4055.4000,4055.6000,4056.8000,4058.0000,4058.2000,2,2,1,1,1,2,1,1,2,1
SF,IF2006,2020-02-19 13:28:25.400,4055.6000,23867,-1,6021464940.000,1,0,1,双平,B,4054.8000,4054.4000,4054.2000,4053.8000,4053.6000,4055.4000,4055.6000,4056.8000,4058.0000,4058.2000,2,2,1,1,1,1,1,1,2,1
SF,IF2006,2020-02-19 13:28:27.400,4055.6000,23866,-1,6022681620.000,1,0,1,双平,B,4054.8000,4054.4000,4054.2000,4053.8000,4053.6000,4056.8000,4058.0000,4058.2000,4058.8000,4059.4000,2,2,1,1,1,1,2,1,1,1
SF,IF2006,2020-02-19 13:28:27.900,4055.6000,23866,0,6022681620.000,0,-,-,-,-,4054.8000,4054.4000,4054.2000,4053.8000,4053.6000,4055.8000,4056.2000,4056.4000,4056.6000,4056.8000,2,2,1,1,1,1,1,1,4,1
SF,IF2006,2020-02-19 13:28:28.400,4055.6000,23866,0,6022681620.000,0,-,-,-,-,4055.4000,4054.8000,4054.4000,4053.8000,4053.6000,4055.6000,4055.8000,4056.2000,4056.4000,4056.6000,1,2,2,1,1,2,1,1,2,1
SF,IF2006,2020-02-19 13:28:28.900,4055.4000,23866,0,6023898240.000,1,0,1,空换,B,4054.8000,4054.4000,4053.8000,4053.6000,4053.4000,4055.8000,4056.2000,4056.4000,4056.6000,4056.8000,2,2,1,1,1,1,1,2,1,1
SF,IF2006,2020-02-19 13:28:29.900,4055.4000,23866,0,6023898240.000,0,-,-,-,-,4055.2000,4055.0000,4054.4000,4053.8000,4053.6000,4055.8000,4056.2000,4056.4000,4056.6000,4058.0000,2,1,2,1,1,1,1,1,1,2
SF,IF2006,2020-02-19 13:28:30.400,4055.4000,23866,0,6023898240.000,0,-,-,-,-,4055.2000,4055.0000,4054.4000,4053.8000,4053.6000,4055.8000,4056.2000,4056.4000,4056.6000,4057.2000,2,1,2,1,1,1,1,1,1,1
SF,IF2006,2020-02-19 13:28:30.900,4055.4000,23866,0,6023898240.000,0,-,-,-,-,4055.2000,4055.0000,4054.4000,4053.8000,4053.6000,4056.2000,4056.4000,4056.6000,4057.2000,4058.0000,2,1,2,1,1,1,1,1,1,2
SF,IF2006,2020-02-19 13:28:31.400,4055.4000,23866,0,6023898240.000,0,-,-,-,-,4054.4000,4053.8000,4053.6000,4053.4000,4053.0000,4056.2000,4056.4000,4056.6000,4057.2000,4058.0000,2,1,1,1,2,1,1,1,1,2
SF,IF2006,2020-02-19 13:28:31.900,4055.4000,23866,0,6023898240.000,0,-,-,-,-,4055.0000,4054.4000,4053.8000,4053.6000,4053.4000,4056.0000,4056.2000,4056.4000,4056.6000,4058.0000,1,2,1,1,1,2,1,1,1,2
SF,IF2006,2020-02-19 13:28:32.400,4055.4000,23866,0,6023898240.000,0,-,-,-,-,4055.4000,4055.0000,4054.4000,4053.8000,4053.6000,4056.0000,4056.2000,4056.4000,4056.6000,4058.0000,2,1,2,1,1,2,1,1,1,2
SF,IF2006,2020-02-19 13:28:32.900,4055.4000,23866,0,6023898240.000,0,-,-,-,-,4055.4000,4055.0000,4054.4000,4053.8000,4053.6000,4056.2000,4056.6000,4058.0000,4058.2000,4058.8000,2,1,2,1,1,1,1,2,1,1
SF,IF2006,2020-02-19 13:28:33.400,4055.4000,23866,0,6023898240.000,0,-,-,-,-,4055.4000,4055.0000,4054.4000,4053.8000,4053.6000,4056.2000,4058.0000,4058.2000,4058.8000,4059.4000,2,1,2,1,1,1,2,1,1,1
SF,IF2006,2020-02-19 13:28:33.900,4055.4000,23866,0,6023898240.000,0,-,-,-,-,4055.8000,4055.0000,4054.4000,4053.8000,4053.6000,4058.0000,4058.2000,4058.8000,4059.4000,4059.8000,2,1,2,1,1,2,1,1,1,2
SF,IF2006,2020-02-19 13:28:34.400,4055.4000,23866,0,6023898240.000,0,-,-,-,-,4056.0000,4055.8000,4055.0000,4054.4000,4053.8000,4056.8000,4057.0000,4057.2000,4057.4000,4057.6000,2,2,1,1,1,1,1,1,1,1
SF,IF2006,2020-02-19 13:28:35.400,4055.8000,23866,0,6025114980.000,1,0,1,空换,B,4056.0000,4055.8000,4055.0000,4054.4000,4053.8000,4056.8000,4057.0000,4057.2000,4057.4000,4057.6000,1,2,1,1,1,1,1,1,1,1
SF,IF2006,2020-02-19 13:28:35.900,4055.8000,23866,0,6025114980.000,0,-,-,-,-,4056.0000,4055.8000,4055.0000,4054.4000,4053.8000,4056.8000,4057.0000,4057.2000,4057.6000,4057.8000,1,2,1,1,1,1,1,1,1,3
SF,IF2006,2020-02-19 13:28:36.400,4055.8000,23866,0,6025114980.000,0,-,-,-,-,4056.0000,4055.8000,4055.0000,4054.4000,4053.8000,4056.8000,4057.8000,4058.0000,4058.2000,4058.8000,1,2,1,1,1,1,3,2,1,1
SF,IF2006,2020-02-19 13:28:36.900,4056.8000,23865,-1,6026332020.000,1,0,1,双平,B,4056.0000,4055.0000,4054.4000,4053.8000,4053.6000,4057.8000,4058.0000,4058.2000,4058.8000,4059.4000,1,1,1,1,1,3,2,1,1,1
SF,IF2006,2020-02-19 13:28:37.400,4056.8000,23865,0,6026332020.000,0,-,-,-,-,4056.0000,4055.0000,4054.4000,4053.8000,4053.6000,4057.4000,4057.6000,4057.8000,4058.0000,4058.2000,1,1,1,1,1,1,2,3,2,1
SF,IF2006,2020-02-19 13:28:37.900,4056.8000,23865,0,6026332020.000,0,-,-,-,-,4056.0000,4055.0000,4054.4000,4053.8000,4053.6000,4057.2000,4057.4000,4057.6000,4057.8000,4058.0000,1,1,1,1,1,2,1,2,1,2
SF,IF2006,2020-02-19 13:28:38.900,4056.8000,23865,0,6026332020.000,0,-,-,-,-,4056.0000,4054.4000,4053.8000,4053.6000,4053.4000,4057.2000,4057.4000,4057.6000,4057.8000,4058.0000,1,1,1,1,1,2,1,2,1,2
SF,IF2006,2020-02-19 13:28:39.400,4056.8000,23865,0,6026332020.000,0,-,-,-,-,4056.4000,4056.0000,4054.4000,4053.8000,4053.6000,4057.2000,4057.4000,4057.6000,4057.8000,4058.0000,4,1,1,1,1,2,1,2,1,2
SF,IF2006,2020-02-19 13:28:39.900,4056.8000,23865,0,6026332020.000,0,-,-,-,-,4056.4000,4056.0000,4054.4000,4053.8000,4053.6000,4057.2000,4057.4000,4057.6000,4057.8000,4058.0000,4,1,1,1,1,2,1,3,1,2
SF,IF2006,2020-02-19 13:28:40.400,4056.8000,23865,0,6026332020.000,0,-,-,-,-,4056.4000,4056.0000,4054.4000,4053.8000,4053.6000,4057.2000,4057.4000,4057.6000,4057.8000,4058.0000,4,1,1,1,1,2,1,2,1,2
SF,IF2006,2020-02-19 13:28:40.900,4056.8000,23865,0,6026332020.000,0,-,-,-,-,4056.6000,4056.4000,4056.0000,4054.4000,4053.8000,4057.6000,4057.8000,4058.0000,4058.2000,4058.8000,1,5,1,1,1,2,1,2,1,1
SF,IF2006,2020-02-19 13:28:41.400,4056.8000,23865,0,6026332020.000,0,-,-,-,-,4056.6000,4056.4000,4056.0000,4054.4000,4053.8000,4057.6000,4057.8000,4058.0000,4058.2000,4058.8000,1,5,1,1,1,2,1,2,2,1
SF,IF2006,2020-02-19 13:28:41.900,4056.8000,23865,0,6026332020.000,0,-,-,-,-,4056.6000,4056.4000,4056.0000,4054.4000,4053.8000,4057.4000,4057.6000,4058.0000,4058.2000,4058.8000,1,5,1,1,1,2,2,2,2,1
SF,IF2006,2020-02-19 13:28:43.400,4056.8000,23865,0,6026332020.000,0,-,-,-,-,4056.4000,4056.0000,4054.4000,4053.8000,4053.6000,4057.4000,4057.6000,4058.0000,4058.2000,4058.8000,4,1,1,1,1,2,2,2,2,1
SF,IF2006,2020-02-19 13:28:44.400,4056.8000,23865,0,6026332020.000,0,-,-,-,-,4056.0000,4054.4000,4053.8000,4053.6000,4053.0000,4057.4000,4057.6000,4058.0000,4058.2000,4058.8000,1,1,1,1,2,2,2,2,2,1
SF,IF2006,2020-02-19 13:28:44.900,4057.4000,23864,-1,6027549240.000,1,0,1,双平,B,4056.8000,4056.6000,4056.4000,4056.2000,4056.0000,4057.2000,4057.4000,4057.6000,4058.0000,4058.2000,4,1,6,2,4,1,1,2,2,2
SF,IF2006,2020-02-19 13:28:45.400,4057.4000,23864,0,6027549240.000,0,-,-,-,-,4056.8000,4056.6000,4056.4000,4056.2000,4056.0000,4057.2000,4057.4000,4057.6000,4058.0000,4058.2000,4,1,6,2,4,1,1,2,2,2
SF,IF2006,2020-02-19 13:28:45.900,4057.4000,23864,0,6027549240.000,0,-,-,-,-,4056.8000,4056.6000,4056.4000,4056.2000,4056.0000,4057.6000,4058.0000,4058.2000,4058.8000,4059.4000,4,1,6,2,4,2,2,2,1,1
SF,IF2006,2020-02-19 13:28:46.400,4057.4000,23864,0,6027549240.000,0,-,-,-,-,4056.8000,4056.6000,4056.4000,4056.2000,4056.0000,4057.6000,4058.0000,4058.2000,4058.8000,4059.4000,4,1,6,2,4,1,2,2,1,1
SF,IF2006,2020-02-19 13:28:46.900,4057.6000,23865,1,6028766520.000,1,1,0,双开,B,4057.8000,4056.8000,4056.6000,4056.4000,4056.2000,4058.0000,4058.2000,4058.8000,4059.4000,4059.8000,1,4,1,6,2,2,2,1,1,2
SF,IF2006,2020-02-19 13:28:47.400,4057.8000,23865,0,6029983860.000,1,0,1,空换,B,4056.8000,4056.6000,4056.4000,4056.2000,4056.0000,4058.0000,4058.2000,4058.8000,4059.4000,4059.8000,4,1,6,1,4,2,2,1,1,2
SF,IF2006,2020-02-19 13:28:47.900,4057.8000,23865,0,6029983860.000,0,-,-,-,-,4057.0000,4056.6000,4056.2000,4056.0000,4054.4000,4058.0000,4058.2000,4058.8000,4059.4000,4059.8000,2,1,1,3,1,2,2,1,1,2
SF,IF2006,2020-02-19 13:28:51.900,4057.8000,23865,0,6029983860.000,0,-,-,-,-,4057.0000,4056.2000,4056.0000,4054.4000,4053.8000,4058.0000,4058.2000,4058.8000,4059.4000,4059.8000,2,1,3,1,1,2,2,1,1,2
SF,IF2006,2020-02-19 13:28:57.400,4058.0000,23865,0,6031201260.000,1,0,1,空换,B,4057.0000,4056.2000,4056.0000,4054.4000,4053.8000,4058.0000,4058.2000,4058.8000,4059.4000,4059.8000,2,1,3,1,1,1,2,1,1,2
SF,IF2006,2020-02-19 13:28:58.900,4058.0000,23865,0,6032418660.000,1,0,1,空换,B,4057.0000,4056.2000,4056.0000,4054.4000,4053.8000,4058.2000,4058.8000,4059.4000,4059.8000,4060.0000,2,1,3,1,1,2,1,1,2,1
SF,IF2006,2020-02-19 13:29:00.900,4058.2000,23865,0,6033636120.000,1,0,1,空换,B,4057.0000,4056.2000,4056.0000,4054.4000,4053.8000,4058.2000,4058.8000,4059.4000,4059.8000,4060.0000,2,1,3,1,1,1,1,1,2,1
SF,IF2006,2020-02-19 13:29:01.400,4058.2000,23864,-1,6034853580.000,1,0,1,双平,B,4058.2000,4057.2000,4057.0000,4056.2000,4056.0000,4058.8000,4059.4000,4059.8000,4060.0000,4061.0000,1,1,2,1,3,1,1,2,1,1
SF,IF2006,2020-02-19 13:29:01.900,4058.2000,23863,-1,6036071040.000,1,0,1,双平,B,4057.2000,4057.0000,4056.2000,4056.0000,4054.4000,4058.6000,4058.8000,4059.4000,4059.8000,4060.0000,1,2,1,3,1,1,1,1,2,1
SF,IF2006,2020-02-19 13:29:02.400,4058.2000,23863,0,6036071040.000,0,-,-,-,-,4057.4000,4056.2000,4056.0000,4054.4000,4053.8000,4058.4000,4058.6000,4058.8000,4059.4000,4059.8000,2,1,3,1,1,2,1,1,1,2
SF,IF2006,2020-02-19 13:29:02.900,4058.2000,23863,0,6036071040.000,0,-,-,-,-,4057.4000,4056.2000,4056.0000,4054.4000,4053.8000,4058.4000,4058.6000,4058.8000,4059.4000,4059.8000,2,1,3,1,1,2,1,1,1,2
SF,IF2006,2020-02-19 13:29:03.900,4058.4000,23863,0,6037288560.000,1,0,1,空换,B,4057.4000,4056.2000,4056.0000,4054.4000,4053.8000,4058.4000,4058.6000,4058.8000,4059.4000,4059.8000,2,1,3,1,1,1,1,1,1,2
SF,IF2006,2020-02-19 13:29:05.400,4058.4000,23863,0,6037288560.000,0,-,-,-,-,4057.4000,4056.2000,4056.0000,4054.4000,4053.8000,4058.4000,4058.6000,4058.8000,4059.4000,4059.8000,2,1,3,1,1,1,1,2,1,2
SF,IF2006,2020-02-19 13:29:05.900,4058.4000,23863,0,6037288560.000,0,-,-,-,-,4057.4000,4056.2000,4056.0000,4054.4000,4053.8000,4058.4000,4058.6000,4058.8000,4059.4000,4059.8000,2,1,3,1,1,1,1,2,1,2
SF,IF2006,2020-02-19 13:29:06.400,4058.4000,23863,0,6037288560.000,0,-,-,-,-,4057.4000,4056.2000,4056.0000,4054.4000,4053.8000,4058.2000,4058.4000,4058.6000,4058.8000,4059.4000,2,1,1,1,1,1,1,1,2,1
SF,IF2006,2020-02-19 13:29:06.900,4058.4000,23863,0,6037288560.000,0,-,-,-,-,4056.2000,4056.0000,4054.4000,4053.8000,4053.6000,4058.0000,4058.2000,4058.8000,4059.4000,4059.8000,1,1,1,1,1,2,2,2,1,2
SF,IF2006,2020-02-19 13:29:07.400,4058.4000,23863,0,6037288560.000,0,-,-,-,-,4056.4000,4056.2000,4056.0000,4054.4000,4053.8000,4058.0000,4058.2000,4058.8000,4059.4000,4059.8000,3,1,1,1,1,2,2,2,1,2
SF,IF2006,2020-02-19 13:29:07.900,4058.4000,23863,0,6037288560.000,0,-,-,-,-,4056.8000,4056.4000,4056.2000,4056.0000,4054.4000,4058.0000,4058.2000,4058.8000,4059.4000,4059.8000,4,3,1,1,1,2,2,2,1,2
SF,IF2006,2020-02-19 13:29:08.400,4058.4000,23863,0,6037288560.000,0,-,-,-,-,4057.0000,4056.8000,4056.4000,4056.2000,4056.0000,4057.8000,4058.0000,4058.2000,4058.8000,4059.4000,2,4,1,1,1,1,2,2,1,1
SF,IF2006,2020-02-19 13:29:08.900,4058.4000,23863,0,6037288560.000,0,-,-,-,-,4057.0000,4056.4000,4056.2000,4056.0000,4054.4000,4058.8000,4059.4000,4059.8000,4060.0000,4061.0000,2,1,1,1,1,1,1,2,1,1
SF,IF2006,2020-02-19 13:29:09.400,4058.4000,23863,0,6037288560.000,0,-,-,-,-,4057.0000,4056.4000,4056.2000,4056.0000,4054.4000,4058.4000,4058.6000,4058.8000,4059.4000,4059.8000,2,1,1,1,1,1,4,1,1,2
SF,IF2006,2020-02-19 13:29:09.900,4058.4000,23863,0,6037288560.000,0,-,-,-,-,4057.0000,4056.4000,4056.2000,4056.0000,4054.4000,4058.2000,4058.4000,4058.6000,4058.8000,4059.4000,2,1,1,1,1,2,1,2,1,1
SF,IF2006,2020-02-19 13:29:10.400,4058.4000,23863,0,6037288560.000,0,-,-,-,-,4057.0000,4056.4000,4056.2000,4056.0000,4054.4000,4058.0000,4058.2000,4058.6000,4058.8000,4059.4000,2,1,1,1,1,1,3,2,1,1
SF,IF2006,2020-02-19 13:29:10.900,4058.4000,23863,0,6037288560.000,0,-,-,-,-,4056.4000,4056.2000,4056.0000,4054.4000,4053.8000,4057.8000,4058.0000,4058.6000,4058.8000,4059.4000,1,1,1,1,1,2,2,2,1,1
SF,IF2006,2020-02-19 13:29:11.400,4058.4000,23863,0,6037288560.000,0,-,-,-,-,4056.8000,4056.6000,4056.4000,4056.2000,4056.0000,4057.8000,4058.0000,4058.6000,4058.8000,4059.4000,2,2,1,1,1,4,2,2,1,1
SF,IF2006,2020-02-19 13:29:12.400,4058.4000,23863,0,6037288560.000,0,-,-,-,-,4056.8000,4056.6000,4056.4000,4056.0000,4054.4000,4057.8000,4058.0000,4058.6000,4058.8000,4059.4000,2,2,1,1,1,4,2,2,1,1
SF,IF2006,2020-02-19 13:29:12.900,4058.4000,23863,0,6037288560.000,0,-,-,-,-,4056.6000,4056.4000,4054.4000,4053.8000,4053.6000,4057.8000,4058.0000,4058.6000,4058.8000,4059.4000,2,1,1,1,1,3,2,2,1,1
SF,IF2006,2020-02-19 13:29:13.400,4058.4000,23863,0,6037288560.000,0,-,-,-,-,4056.6000,4056.4000,4054.4000,4053.8000,4053.6000,4057.8000,4058.0000,4058.6000,4058.8000,4059.4000,2,1,1,1,1,4,1,2,1,1
SF,IF2006,2020-02-19 13:29:14.400,4058.4000,23863,0,6037288560.000,0,-,-,-,-,4056.6000,4054.4000,4053.8000,4053.6000,4052.2000,4057.6000,4057.8000,4058.6000,4058.8000,4059.4000,2,1,1,1,1,2,3,2,1,1
SF,IF2006,2020-02-19 13:29:14.900,4058.4000,23863,0,6037288560.000,0,-,-,-,-,4054.4000,4053.8000,4053.6000,4052.2000,4051.8000,4057.4000,4057.6000,4057.8000,4058.6000,4058.8000,1,1,1,1,1,2,2,1,2,1
SF,IF2006,2020-02-19 13:29:15.400,4058.4000,23863,0,6037288560.000,0,-,-,-,-,4055.4000,4055.2000,4055.0000,4054.8000,4054.6000,4057.2000,4057.4000,4057.6000,4058.6000,4058.8000,1,5,1,1,4,1,2,1,2,1
SF,IF2006,2020-02-19 13:29:15.900,4058.4000,23863,0,6037288560.000,0,-,-,-,-,4055.8000,4055.6000,4055.0000,4054.8000,4054.6000,4056.8000,4057.0000,4058.6000,4058.8000,4059.4000,2,2,1,1,1,1,2,1,1,1
SF,IF2006,2020-02-19 13:29:16.400,4058.4000,23863,0,6037288560.000,0,-,-,-,-,4056.0000,4055.8000,4055.0000,4054.8000,4054.6000,4056.8000,4057.0000,4058.6000,4058.8000,4059.4000,2,2,1,1,1,1,2,1,1,1
SF,IF2006,2020-02-19 13:29:16.900,4058.4000,23863,0,6037288560.000,0,-,-,-,-,4056.0000,4055.8000,4055.0000,4054.8000,4054.6000,4056.8000,4058.6000,4058.8000,4059.4000,4059.8000,2,2,1,1,1,1,1,1,1,5
SF,IF2006,2020-02-19 13:29:17.400,4056.8000,23863,0,6038505600.000,1,0,1,空换,B,4057.0000,4056.0000,4055.0000,4054.8000,4054.6000,4058.6000,4058.8000,4059.4000,4059.8000,4060.0000,1,6,1,1,1,1,1,1,5,1
SF,IF2006,2020-02-19 13:29:17.900,4056.8000,23863,0,6038505600.000,0,-,-,-,-,4057.2000,4055.0000,4054.8000,4054.6000,4054.4000,4058.2000,4058.4000,4058.6000,4058.8000,4059.4000,3,1,1,1,3,1,2,1,1,1
SF,IF2006,2020-02-19 13:29:18.400,4057.2000,23861,-2,6040939920.000,2,0,2,双平,B,4057.2000,4057.0000,4055.0000,4054.8000,4054.6000,4058.0000,4058.2000,4058.4000,4058.8000,4059.4000,1,1,1,1,1,1,1,2,1,1
SF,IF2006,2020-02-19 13:29:18.900,4058.0000,23861,0,6042157320.000,1,0,1,空换,B,4057.4000,4057.2000,4057.0000,4055.0000,4054.8000,4058.4000,4058.8000,4059.4000,4059.8000,4060.0000,1,1,1,1,1,2,1,1,5,1
SF,IF2006,2020-02-19 13:29:19.400,4058.0000,23861,0,6042157320.000,0,-,-,-,-,4057.6000,4057.4000,4057.2000,4057.0000,4055.0000,4058.4000,4058.8000,4059.4000,4059.8000,4060.0000,2,1,1,1,1,2,1,1,5,1
SF,IF2006,2020-02-19 13:29:19.900,4058.0000,23861,0,6042157320.000,0,-,-,-,-,4057.6000,4057.4000,4057.2000,4057.0000,4055.0000,4058.4000,4058.8000,4059.4000,4059.8000,4060.0000,2,1,1,1,1,2,1,1,5,1
SF,IF2006,2020-02-19 13:29:20.400,4058.0000,23861,0,6042157320.000,0,-,-,-,-,4057.4000,4057.2000,4057.0000,4055.0000,4054.8000,4058.4000,4058.8000,4059.4000,4059.8000,4060.0000,1,1,1,1,1,2,1,1,5,1
SF,IF2006,2020-02-19 13:29:20.900,4058.0000,23861,0,6042157320.000,0,-,-,-,-,4057.4000,4057.2000,4057.0000,4055.0000,4054.8000,4058.4000,4058.8000,4059.4000,4059.8000,4060.0000,1,1,1,1,1,2,1,1,5,1
SF,IF2006,2020-02-19 13:29:22.400,4058.0000,23861,0,6042157320.000,0,-,-,-,-,4057.4000,4057.2000,4057.0000,4054.8000,4054.6000,4058.4000,4058.8000,4059.4000,4059.8000,4060.0000,1,1,1,1,1,2,1,1,5,1
SF,IF2006,2020-02-19 13:29:22.900,4058.4000,23860,-1,6044592360.000,2,0,2,空平,B,4057.4000,4057.2000,4057.0000,4054.8000,4054.6000,4058.8000,4059.4000,4059.8000,4060.0000,4061.0000,1,1,1,1,1,1,1,5,1,1
SF,IF2006,2020-02-19 13:29:23.900,4058.4000,23860,0,6044592360.000,0,-,-,-,-,4057.6000,4057.4000,4057.2000,4057.0000,4054.8000,4058.8000,4059.4000,4059.8000,4060.0000,4061.0000,1,1,1,1,1,1,1,5,1,1
SF,IF2006,2020-02-19 13:29:24.400,4058.4000,23860,0,6044592360.000,0,-,-,-,-,4057.6000,4057.4000,4057.2000,4057.0000,4054.8000,4058.6000,4058.8000,4059.4000,4059.8000,4060.0000,1,1,1,1,1,2,1,1,5,1
SF,IF2006,2020-02-19 13:29:25.400,4058.4000,23860,0,6044592360.000,0,-,-,-,-,4057.4000,4057.2000,4057.0000,4054.8000,4054.6000,4058.6000,4058.8000,4059.4000,4059.8000,4060.0000,1,1,1,1,1,2,1,1,5,1
SF,IF2006,2020-02-19 13:29:25.900,4058.4000,23860,0,6044592360.000,0,-,-,-,-,4057.4000,4057.2000,4054.8000,4054.6000,4054.4000,4058.6000,4058.8000,4059.4000,4059.8000,4060.0000,1,1,1,1,2,2,1,1,5,1
SF,IF2006,2020-02-19 13:29:26.400,4058.4000,23860,0,6044592360.000,0,-,-,-,-,4057.4000,4057.2000,4054.6000,4054.4000,4053.8000,4058.6000,4058.8000,4059.4000,4059.8000,4060.0000,1,1,1,2,1,2,1,1,5,1
SF,IF2006,2020-02-19 13:29:26.900,4058.6000,23860,0,6047027520.000,2,1,1,空换,B,4057.6000,4057.4000,4057.2000,4054.6000,4054.4000,4058.8000,4059.4000,4059.8000,4060.0000,4061.0000,3,1,1,1,2,1,1,5,1,1
SF,IF2006,2020-02-19 13:29:28.400,4058.6000,23860,0,6047027520.000,0,-,-,-,-,4057.8000,4057.6000,4057.4000,4057.2000,4054.6000,4058.8000,4059.4000,4059.6000,4059.8000,4060.0000,1,3,1,1,1,1,1,1,5,1
SF,IF2006,2020-02-19 13:29:28.900,4058.6000,23860,0,6047027520.000,0,-,-,-,-,4058.0000,4057.8000,4057.6000,4057.4000,4057.2000,4058.8000,4059.4000,4059.6000,4059.8000,4060.0000,2,1,1,1,1,1,1,1,5,1
SF,IF2006,2020-02-19 13:29:29.400,4058.0000,23860,0,6048244920.000,1,0,1,空换,B,4058.0000,4057.8000,4057.6000,4057.4000,4057.2000,4058.8000,4059.4000,4059.6000,4059.8000,4060.0000,1,1,1,1,1,1,1,1,5,1
SF,IF2006,2020-02-19 13:29:29.900,4058.8000,23860,0,6049462560.000,1,0,1,空换,B,4058.8000,4058.0000,4057.6000,4057.4000,4057.2000,4059.4000,4059.6000,4059.8000,4060.0000,4061.0000,1,1,1,1,1,1,1,5,1,1
SF,IF2006,2020-02-19 13:29:30.400,4058.8000,23861,1,6051897840.000,2,1,1,多开,B,4058.0000,4057.2000,4054.6000,4054.4000,4053.8000,4059.2000,4059.4000,4059.6000,4059.8000,4060.0000,1,1,1,2,1,5,1,1,5,1
SF,IF2006,2020-02-19 13:29:30.900,4058.8000,23861,0,6051897840.000,0,-,-,-,-,4058.2000,4057.2000,4054.6000,4054.4000,4053.8000,4059.2000,4059.4000,4059.6000,4059.8000,4060.0000,1,1,1,2,1,5,1,1,5,1
SF,IF2006,2020-02-19 13:29:31.400,4058.8000,23861,0,6051897840.000,0,-,-,-,-,4058.2000,4057.2000,4054.6000,4054.4000,4053.8000,4059.2000,4059.4000,4059.6000,4059.8000,4060.0000,1,1,1,2,1,5,1,1,5,1
SF,IF2006,2020-02-19 13:29:31.900,4058.2000,23861,0,6053115300.000,1,0,1,空换,B,4057.2000,4054.6000,4054.4000,4053.8000,4052.2000,4059.0000,4059.2000,4059.4000,4059.6000,4059.8000,1,1,2,1,1,2,5,1,1,5
SF,IF2006,2020-02-19 13:29:32.400,4059.0000,23861,0,6055550700.000,2,1,1,空换,B,4057.2000,4054.6000,4054.4000,4053.8000,4052.2000,4059.0000,4059.2000,4059.4000,4059.6000,4059.8000,1,1,2,1,1,2,5,1,1,5
SF,IF2006,2020-02-19 13:29:32.900,4059.0000,23861,0,6055550700.000,0,-,-,-,-,4057.4000,4057.2000,4054.6000,4054.4000,4053.8000,4058.8000,4059.0000,4059.2000,4059.4000,4059.6000,2,1,1,2,1,4,2,1,1,1
SF,IF2006,2020-02-19 13:29:33.400,4059.0000,23861,0,6055550700.000,0,-,-,-,-,4057.4000,4057.2000,4054.6000,4054.4000,4053.8000,4058.8000,4059.0000,4059.2000,4059.4000,4059.6000,3,1,1,2,1,4,2,1,1,1
SF,IF2006,2020-02-19 13:29:33.900,4059.0000,23861,0,6055550700.000,0,-,-,-,-,4057.4000,4057.2000,4054.6000,4054.4000,4053.8000,4058.2000,4058.6000,4058.8000,4059.0000,4059.2000,3,1,1,2,1,1,1,4,2,1
SF,IF2006,2020-02-19 13:29:34.400,4059.0000,23861,0,6055550700.000,0,-,-,-,-,4057.4000,4057.2000,4054.6000,4054.4000,4053.8000,4058.2000,4058.6000,4058.8000,4059.0000,4059.2000,1,1,1,2,1,1,1,4,2,1
SF,IF2006,2020-02-19 13:29:34.900,4057.4000,23860,-1,6056767920.000,1,0,1,双平,B,4057.2000,4054.6000,4054.4000,4053.8000,4052.2000,4058.0000,4058.2000,4058.6000,4058.8000,4059.0000,1,1,2,1,1,2,1,1,2,2
SF,IF2006,2020-02-19 13:29:35.400,4057.4000,23860,0,6056767920.000,0,-,-,-,-,4057.2000,4054.6000,4054.4000,4053.8000,4052.2000,4058.0000,4058.2000,4058.8000,4059.0000,4059.2000,1,1,2,1,1,2,1,3,1,1
SF,IF2006,2020-02-19 13:29:35.900,4057.2000,23860,0,6057985080.000,1,0,1,空换,B,4054.6000,4054.4000,4053.8000,4052.2000,4051.8000,4057.8000,4058.0000,4058.2000,4058.8000,4059.0000,1,2,1,1,1,1,2,1,3,1
SF,IF2006,2020-02-19 13:29:36.400,4057.6000,23860,0,6059202360.000,1,0,1,空换,B,4055.8000,4055.2000,4055.0000,4054.8000,4054.6000,4057.6000,4057.8000,4058.2000,4058.8000,4059.2000,1,1,6,3,1,2,1,1,2,1
SF,IF2006,2020-02-19 13:29:36.900,4057.6000,23860,0,6059202360.000,0,-,-,-,-,4056.0000,4055.8000,4055.2000,4055.0000,4054.8000,4057.6000,4058.2000,4058.8000,4059.2000,4059.4000,2,1,1,1,1,2,1,2,1,2
SF,IF2006,2020-02-19 13:29:37.400,4057.6000,23860,0,6059202360.000,0,-,-,-,-,4056.0000,4055.8000,4055.2000,4055.0000,4054.8000,4057.4000,4057.6000,4058.2000,4058.8000,4059.2000,2,1,1,1,1,1,2,1,2,1
SF,IF2006,2020-02-19 13:29:37.900,4057.6000,23860,0,6059202360.000,0,-,-,-,-,4056.0000,4055.8000,4055.2000,4055.0000,4054.8000,4057.4000,4057.6000,4058.2000,4058.8000,4059.2000,2,1,1,1,1,2,1,1,1,1
SF,IF2006,2020-02-19 13:29:38.400,4057.6000,23860,0,6059202360.000,0,-,-,-,-,4056.0000,4055.8000,4055.2000,4055.0000,4054.6000,4057.4000,4057.6000,4058.2000,4058.8000,4059.2000,2,1,1,1,1,3,1,1,1,1
SF,IF2006,2020-02-19 13:29:38.900,4057.6000,23860,0,6059202360.000,0,-,-,-,-,4056.0000,4055.8000,4055.2000,4054.6000,4053.8000,4057.4000,4057.6000,4058.2000,4058.8000,4059.2000,2,1,1,1,1,3,1,1,1,1
SF,IF2006,2020-02-19 13:29:39.900,4057.6000,23860,0,6059202360.000,0,-,-,-,-,4056.0000,4055.8000,4054.6000,4053.8000,4052.2000,4057.4000,4057.6000,4058.2000,4058.8000,4059.2000,2,1,1,1,1,3,1,1,1,1
SF,IF2006,2020-02-19 13:29:40.400,4057.6000,23860,0,6059202360.000,0,-,-,-,-,4056.0000,4055.8000,4054.6000,4053.8000,4052.2000,4057.2000,4057.4000,4058.2000,4058.8000,4059.2000,2,1,1,1,1,1,4,1,1,1
SF,IF2006,2020-02-19 13:29:40.900,4057.6000,23860,0,6059202360.000,0,-,-,-,-,4056.0000,4055.8000,4054.6000,4053.8000,4052.2000,4057.2000,4057.4000,4058.2000,4058.8000,4059.2000,2,1,1,1,1,1,4,1,1,1
SF,IF2006,2020-02-19 13:29:41.900,4057.6000,23860,0,6059202360.000,0,-,-,-,-,4056.2000,4056.0000,4054.6000,4053.8000,4052.2000,4057.2000,4057.4000,4058.2000,4058.8000,4059.2000,1,2,1,1,1,1,3,1,1,1
SF,IF2006,2020-02-19 13:29:42.400,4057.6000,23860,0,6059202360.000,0,-,-,-,-,4057.2000,4056.6000,4056.4000,4054.6000,4053.8000,4057.4000,4058.2000,4058.8000,4059.2000,4059.4000,1,1,2,1,1,1,1,1,1,2
SF,IF2006,2020-02-19 13:29:42.900,4057.4000,23860,0,6060419580.000,1,0,1,空换,B,4057.4000,4056.4000,4054.6000,4053.8000,4052.2000,4058.2000,4058.8000,4059.2000,4059.4000,4059.6000,1,2,1,1,1,1,1,1,2,1
SF,IF2006,2020-02-19 13:29:43.400,4057.4000,23860,0,6060419580.000,0,-,-,-,-,4056.4000,4054.6000,4053.8000,4052.2000,4051.8000,4058.0000,4058.2000,4059.2000,4059.4000,4059.6000,2,1,1,1,1,1,1,1,2,1
SF,IF2006,2020-02-19 13:29:43.900,4057.4000,23860,0,6060419580.000,0,-,-,-,-,4056.6000,4056.4000,4054.6000,4053.8000,4052.2000,4057.8000,4058.0000,4058.2000,4059.2000,4059.4000,1,2,1,1,1,1,1,1,1,2
SF,IF2006,2020-02-19 13:29:44.400,4057.4000,23860,0,6060419580.000,0,-,-,-,-,4056.8000,4056.6000,4054.6000,4053.8000,4052.2000,4057.8000,4058.0000,4058.2000,4059.2000,4059.4000,2,1,1,1,1,1,1,1,1,2
SF,IF2006,2020-02-19 13:29:44.900,4057.4000,23860,0,6060419580.000,0,-,-,-,-,4056.8000,4056.6000,4054.6000,4053.8000,4052.2000,4058.0000,4058.2000,4059.2000,4059.4000,4059.6000,2,1,1,1,1,1,1,1,2,1
SF,IF2006,2020-02-19 13:29:46.400,4057.4000,23860,0,6060419580.000,0,-,-,-,-,4056.8000,4056.6000,4054.6000,4053.8000,4052.2000,4057.6000,4058.0000,4058.2000,4059.2000,4059.4000,2,1,1,1,1,1,1,1,1,2
SF,IF2006,2020-02-19 13:29:46.900,4057.4000,23860,0,6060419580.000,0,-,-,-,-,4056.6000,4054.6000,4053.8000,4052.2000,4051.8000,4057.6000,4058.0000,4058.2000,4059.2000,4059.4000,1,1,1,1,1,1,1,1,1,2
SF,IF2006,2020-02-19 13:29:47.400,4057.4000,23860,0,6060419580.000,0,-,-,-,-,4054.6000,4053.8000,4052.2000,4051.8000,4051.0000,4057.6000,4058.0000,4058.2000,4059.2000,4059.4000,1,1,1,1,3,1,1,1,1,2
SF,IF2006,2020-02-19 13:29:47.900,4057.4000,23860,0,6060419580.000,0,-,-,-,-,4055.6000,4055.4000,4054.8000,4054.6000,4053.8000,4056.8000,4057.4000,4057.6000,4058.0000,4058.2000,1,2,7,1,1,2,1,1,1,1
SF,IF2006,2020-02-19 13:29:48.400,4057.4000,23860,0,6060419580.000,0,-,-,-,-,4056.0000,4055.8000,4055.4000,4054.8000,4054.6000,4056.8000,4057.4000,4058.0000,4058.2000,4059.2000,1,3,2,7,1,2,1,1,1,1
SF,IF2006,2020-02-19 13:29:48.900,4057.4000,23860,0,6060419580.000,0,-,-,-,-,4056.2000,4056.0000,4055.8000,4055.4000,4054.8000,4056.8000,4058.0000,4058.2000,4059.2000,4059.4000,2,1,1,2,1,2,1,1,1,2
SF,IF2006,2020-02-19 13:29:49.900,4056.8000,23860,0,6061636620.000,1,0,1,空换,B,4056.2000,4056.0000,4055.8000,4055.4000,4054.8000,4056.8000,4057.4000,4058.0000,4058.2000,4059.2000,2,1,1,2,1,1,1,1,1,1
SF,IF2006,2020-02-19 13:29:50.400,4056.8000,23860,0,6061636620.000,0,-,-,-,-,4056.2000,4056.0000,4055.8000,4055.4000,4054.8000,4056.8000,4057.4000,4058.0000,4058.2000,4059.2000,2,1,1,2,1,1,1,1,1,1
SF,IF2006,2020-02-19 13:29:50.900,4056.8000,23860,0,6061636620.000,0,-,-,-,-,4056.2000,4056.0000,4055.4000,4054.8000,4054.6000,4056.8000,4057.4000,4058.0000,4058.2000,4059.2000,2,1,2,1,1,1,1,1,1,1
SF,IF2006,2020-02-19 13:29:52.900,4056.8000,23860,0,6061636620.000,0,-,-,-,-,4056.2000,4056.0000,4054.8000,4054.6000,4053.8000,4056.8000,4057.4000,4058.0000,4058.2000,4059.2000,2,1,1,1,1,1,1,1,1,1
SF,IF2006,2020-02-19 13:29:53.400,4056.8000,23860,0,6061636620.000,0,-,-,-,-,4056.2000,4056.0000,4054.8000,4054.6000,4053.8000,4056.8000,4057.4000,4058.0000,4059.2000,4059.4000,2,1,1,1,1,1,1,1,1,2
SF,IF2006,2020-02-19 13:29:54.900,4056.8000,23860,0,6061636620.000,0,-,-,-,-,4056.4000,4056.2000,4054.8000,4054.6000,4053.8000,4056.8000,4057.4000,4058.0000,4059.2000,4059.4000,1,2,1,1,1,1,1,1,1,1
SF,IF2006,2020-02-19 13:29:55.400,4056.8000,23860,0,6061636620.000,0,-,-,-,-,4056.6000,4056.4000,4054.8000,4054.6000,4053.8000,4056.8000,4057.4000,4058.0000,4059.2000,4059.4000,2,1,1,1,1,1,1,1,1,1
SF,IF2006,2020-02-19 13:29:55.900,4056.8000,23860,0,6064070700.000,2,1,1,空换,B,4056.6000,4054.8000,4054.6000,4053.8000,4052.2000,4057.4000,4058.0000,4059.2000,4059.4000,4059.6000,2,1,1,1,1,1,1,1,1,1
SF,IF2006,2020-02-19 13:29:56.400,4056.8000,23860,0,6064070700.000,0,-,-,-,-,4056.8000,4056.6000,4054.8000,4054.6000,4053.8000,4057.4000,4058.0000,4059.2000,4059.4000,4059.6000,2,2,1,1,1,1,1,1,1,1
SF,IF2006,2020-02-19 13:29:56.900,4056.8000,23860,0,6064070700.000,0,-,-,-,-,4057.0000,4056.8000,4054.8000,4054.6000,4053.8000,4057.4000,4058.0000,4059.2000,4059.4000,4059.6000,2,2,1,1,1,1,1,1,1,1
SF,IF2006,2020-02-19 13:30:01.400,4057.4000,23861,1,6065287920.000,1,1,0,双开,B,4057.2000,4057.0000,4056.8000,4054.8000,4054.6000,4058.0000,4059.2000,4059.4000,4059.6000,4059.8000,1,2,1,1,1,1,1,1,1,4
SF,IF2006,2020-02-19 13:30:01.900,4057.4000,23861,0,6065287920.000,0,-,-,-,-,4057.4000,4057.2000,4056.8000,4054.8000,4054.6000,4058.0000,4059.2000,4059.4000,4059.6000,4059.8000,2,1,1,1,1,1,1,1,1,4
SF,IF2006,2020-02-19 13:30:04.900,4057.4000,23861,0,6065287920.000,0,-,-,-,-,4057.4000,4056.8000,4054.8000,4054.6000,4053.8000,4058.0000,4059.2000,4059.4000,4059.6000,4059.8000,2,1,1,1,1,1,1,1,1,4
SF,IF2006,2020-02-19 13:30:05.400,4057.4000,23861,0,6065287920.000,0,-,-,-,-,4054.8000,4054.6000,4053.8000,4052.2000,4051.8000,4058.0000,4059.2000,4059.4000,4059.6000,4059.8000,1,1,1,1,1,1,1,1,1,4
SF,IF2006,2020-02-19 13:30:05.900,4057.4000,23861,0,6065287920.000,0,-,-,-,-,4056.6000,4056.2000,4056.0000,4055.6000,4055.4000,4057.8000,4058.0000,4059.2000,4059.4000,4059.6000,2,1,1,2,4,1,1,1,1,1
SF,IF2006,2020-02-19 13:30:06.400,4057.4000,23861,0,6065287920.000,0,-,-,-,-,4056.8000,4056.6000,4055.6000,4055.4000,4055.2000,4057.6000,4059.2000,4059.4000,4059.6000,4059.8000,2,2,2,4,1,1,1,1,1,4
SF,IF2006,2020-02-19 13:30:07.400,4057.4000,23861,0,6065287920.000,0,-,-,-,-,4056.8000,4056.6000,4055.6000,4055.4000,4055.2000,4057.6000,4059.2000,4059.4000,4059.6000,4059.8000,2,2,2,4,1,1,1,1,1,4
SF,IF2006,2020-02-19 13:30:07.900,4057.4000,23861,0,6065287920.000,0,-,-,-,-,4056.8000,4056.6000,4055.6000,4055.4000,4055.2000,4057.6000,4059.2000,4059.4000,4059.8000,4060.0000,2,2,2,4,1,1,1,1,4,1
SF,IF2006,2020-02-19 13:30:08.400,4057.4000,23861,0,6065287920.000,0,-,-,-,-,4057.0000,4056.8000,4056.6000,4055.6000,4055.4000,4059.2000,4059.4000,4059.8000,4060.0000,4060.8000,2,2,2,2,4,1,1,4,1,1
SF,IF2006,2020-02-19 13:30:08.900,4057.4000,23861,0,6065287920.000,0,-,-,-,-,4057.2000,4057.0000,4056.6000,4055.6000,4055.4000,4059.0000,4059.2000,4059.4000,4059.8000,4060.0000,3,1,2,2,4,3,1,1,4,1
SF,IF2006,2020-02-19 13:30:09.400,4057.4000,23861,0,6065287920.000,0,-,-,-,-,4057.2000,4057.0000,4056.6000,4055.6000,4055.4000,4059.0000,4059.2000,4059.4000,4059.8000,4060.0000,3,1,2,2,4,3,1,1,4,1
SF,IF2006,2020-02-19 13:30:09.900,4057.4000,23861,0,6065287920.000,0,-,-,-,-,4057.2000,4057.0000,4056.6000,4055.6000,4055.4000,4059.0000,4059.2000,4059.4000,4059.8000,4060.0000,3,1,2,2,4,3,1,1,4,1
SF,IF2006,2020-02-19 13:30:10.400,4057.4000,23861,0,6065287920.000,0,-,-,-,-,4057.2000,4057.0000,4056.6000,4055.6000,4055.4000,4058.8000,4059.0000,4059.2000,4059.4000,4059.8000,3,1,2,2,4,3,4,1,1,4
SF,IF2006,2020-02-19 13:30:10.900,4057.4000,23861,0,6065287920.000,0,-,-,-,-,4057.2000,4057.0000,4056.6000,4055.6000,4055.4000,4058.6000,4058.8000,4059.0000,4059.2000,4059.4000,3,1,2,2,4,1,3,3,1,1
SF,IF2006,2020-02-19 13:30:11.400,4057.2000,23861,0,6066505080.000,1,0,1,空换,B,4057.2000,4057.0000,4056.6000,4055.6000,4055.4000,4058.6000,4058.8000,4059.0000,4059.2000,4059.4000,1,1,2,2,4,1,3,3,1,1
SF,IF2006,2020-02-19 13:30:11.900,4057.2000,23861,0,6066505080.000,0,-,-,-,-,4057.2000,4057.0000,4056.6000,4055.6000,4055.4000,4058.4000,4058.6000,4058.8000,4059.0000,4059.2000,1,1,2,2,4,2,1,3,2,1
SF,IF2006,2020-02-19 13:30:12.400,4057.2000,23861,0,6066505080.000,0,-,-,-,-,4057.2000,4057.0000,4056.6000,4055.6000,4055.4000,4058.2000,4058.4000,4058.8000,4059.0000,4059.2000,1,1,2,2,4,1,2,3,2,1
SF,IF2006,2020-02-19 13:30:12.900,4057.2000,23861,0,6066505080.000,0,-,-,-,-,4057.2000,4057.0000,4056.6000,4055.6000,4055.4000,4058.2000,4058.4000,4058.8000,4059.0000,4059.2000,1,1,2,2,3,1,2,3,2,1
SF,IF2006,2020-02-19 13:30:16.900,4057.2000,23861,0,6066505080.000,0,-,-,-,-,4057.2000,4057.0000,4055.6000,4054.6000,4053.8000,4058.2000,4058.4000,4058.8000,4059.0000,4059.2000,1,1,2,1,1,1,2,3,2,1
SF,IF2006,2020-02-19 13:30:18.900,4057.2000,23861,0,6066505080.000,0,-,-,-,-,4057.2000,4057.0000,4055.6000,4054.6000,4053.8000,4058.2000,4058.4000,4058.8000,4059.0000,4059.4000,1,1,2,1,1,1,2,3,2,1
SF,IF2006,2020-02-19 13:30:20.900,4057.2000,23861,0,6066505080.000,0,-,-,-,-,4057.2000,4057.0000,4055.6000,4054.6000,4053.8000,4058.2000,4058.4000,4058.8000,4059.0000,4059.4000,1,1,2,1,1,1,2,1,3,1
SF,IF2006,2020-02-19 13:30:21.900,4057.2000,23861,0,6066505080.000,0,-,-,-,-,4057.2000,4057.0000,4055.6000,4054.6000,4053.8000,4058.0000,4058.2000,4058.4000,4058.8000,4059.0000,1,1,2,1,1,1,1,2,1,3
SF,IF2006,2020-02-19 13:30:22.400,4057.2000,23861,0,6066505080.000,0,-,-,-,-,4057.0000,4055.6000,4054.6000,4053.8000,4052.2000,4057.8000,4058.0000,4058.4000,4058.8000,4059.0000,1,2,1,1,1,1,1,2,1,3
SF,IF2006,2020-02-19 13:30:22.900,4057.2000,23861,0,6066505080.000,0,-,-,-,-,4055.6000,4054.6000,4053.8000,4052.2000,4051.8000,4057.8000,4058.0000,4058.4000,4058.8000,4059.0000,2,1,1,1,1,1,1,2,1,3
SF,IF2006,2020-02-19 13:30:23.400,4057.2000,23861,0,6066505080.000,0,-,-,-,-,4056.4000,4056.0000,4055.8000,4055.6000,4054.6000,4057.6000,4057.8000,4058.0000,4058.8000,4059.0000,1,2,3,2,1,2,1,1,1,3
SF,IF2006,2020-02-19 13:30:23.900,4057.2000,23861,0,6066505080.000,0,-,-,-,-,4056.6000,4056.4000,4056.0000,4055.8000,4055.6000,4057.6000,4057.8000,4058.0000,4058.8000,4059.0000,2,1,2,1,2,2,1,1,1,3
SF,IF2006,2020-02-19 13:30:24.400,4057.2000,23861,0,6066505080.000,0,-,-,-,-,4056.4000,4055.8000,4054.6000,4053.8000,4052.2000,4057.4000,4057.6000,4057.8000,4058.8000,4059.0000,1,1,1,1,1,1,2,1,1,3
SF,IF2006,2020-02-19 13:30:24.900,4057.2000,23861,0,6066505080.000,0,-,-,-,-,4056.4000,4055.8000,4054.6000,4053.8000,4052.2000,4057.2000,4057.4000,4057.8000,4058.8000,4059.0000,1,1,1,1,1,2,1,1,1,3
SF,IF2006,2020-02-19 13:30:25.400,4057.2000,23861,0,6066505080.000,0,-,-,-,-,4056.4000,4054.6000,4053.8000,4052.2000,4051.8000,4057.2000,4057.4000,4057.8000,4058.8000,4059.0000,1,1,1,1,1,2,1,1,1,3
SF,IF2006,2020-02-19 13:30:25.900,4057.2000,23861,0,6066505080.000,0,-,-,-,-,4056.4000,4053.8000,4052.2000,4051.8000,4051.0000,4057.2000,4057.4000,4057.8000,4058.8000,4059.0000,1,1,1,1,3,2,1,1,1,3
SF,IF2006,2020-02-19 13:30:26.400,4057.2000,23861,0,6066505080.000,0,-,-,-,-,4053.8000,4052.2000,4051.8000,4051.0000,4050.2000,4057.2000,4057.4000,4057.8000,4058.8000,4059.0000,1,1,1,3,1,2,1,1,1,3
SF,IF2006,2020-02-19 13:30:26.900,4057.2000,23861,0,6066505080.000,0,-,-,-,-,4055.0000,4054.8000,4054.6000,4054.2000,4054.0000,4057.0000,4057.2000,4058.8000,4059.0000,4059.4000,1,2,2,5,4,1,2,1,3,1
SF,IF2006,2020-02-19 13:30:27.400,4057.2000,23861,0,6066505080.000,0,-,-,-,-,4055.2000,4055.0000,4054.8000,4054.6000,4054.0000,4056.8000,4057.0000,4058.8000,4059.0000,4059.4000,3,1,1,2,1,2,1,1,3,1
SF,IF2006,2020-02-19 13:30:27.900,4057.2000,23861,0,6066505080.000,0,-,-,-,-,4055.4000,4055.2000,4054.8000,4054.6000,4054.0000,4057.0000,4058.8000,4059.0000,4059.4000,4059.8000,2,3,1,2,1,1,1,3,1,4
SF,IF2006,2020-02-19 13:30:28.400,4057.2000,23861,0,6066505080.000,0,-,-,-,-,4055.6000,4055.4000,4055.2000,4054.8000,4054.6000,4056.8000,4057.0000,4058.8000,4059.0000,4059.4000,2,1,1,1,2,3,1,1,3,1
SF,IF2006,2020-02-19 13:30:29.400,4057.2000,23861,0,6066505080.000,0,-,-,-,-,4055.6000,4055.4000,4055.2000,4054.8000,4054.6000,4056.8000,4057.0000,4058.8000,4059.0000,4059.4000,2,1,1,1,2,3,1,1,3,1
SF,IF2006,2020-02-19 13:30:30.400,4057.2000,23861,0,6066505080.000,0,-,-,-,-,4055.6000,4055.4000,4055.2000,4054.8000,4054.6000,4056.8000,4058.8000,4059.0000,4059.4000,4059.8000,2,1,1,1,2,3,1,3,1,4
SF,IF2006,2020-02-19 13:30:37.400,4057.2000,23861,0,6066505080.000,0,-,-,-,-,4055.6000,4055.4000,4055.2000,4054.8000,4052.2000,4056.6000,4056.8000,4058.8000,4059.0000,4059.4000,2,1,1,1,1,1,3,1,3,1
SF,IF2006,2020-02-19 13:30:37.900,4056.8000,23861,0,6067722120.000,1,0,1,空换,B,4055.4000,4052.2000,4051.8000,4051.0000,4050.2000,4056.4000,4056.6000,4059.0000,4059.4000,4059.8000,1,1,1,3,1,2,1,3,1,4
SF,IF2006,2020-02-19 13:30:39.400,4055.4000,23861,0,6068938740.000,1,0,1,空换,B,4052.2000,4051.8000,4051.0000,4050.2000,4050.0000,4055.4000,4056.0000,4056.2000,4056.4000,4056.6000,1,1,3,1,5,1,1,2,2,1
SF,IF2006,2020-02-19 13:30:39.900,4055.4000,23861,0,6068938740.000,0,-,-,-,-,4053.6000,4053.4000,4053.0000,4052.8000,4052.6000,4055.2000,4056.0000,4056.2000,4056.4000,4056.6000,1,2,1,6,6,2,1,1,1,1
SF,IF2006,2020-02-19 13:30:40.400,4055.4000,23861,0,6068938740.000,0,-,-,-,-,4054.0000,4053.8000,4053.0000,4052.8000,4052.6000,4056.2000,4056.4000,4059.0000,4059.4000,4059.8000,1,2,1,6,6,1,1,3,1,4
SF,IF2006,2020-02-19 13:30:40.900,4055.4000,23861,0,6068938740.000,0,-,-,-,-,4054.2000,4054.0000,4053.0000,4052.8000,4052.6000,4055.8000,4056.0000,4059.0000,4059.4000,4059.8000,2,1,1,1,1,1,2,3,1,4
SF,IF2006,2020-02-19 13:30:41.400,4055.4000,23861,0,6068938740.000,0,-,-,-,-,4054.2000,4054.0000,4053.0000,4052.8000,4052.6000,4055.6000,4055.8000,4056.0000,4059.0000,4059.4000,2,1,1,1,1,3,1,1,3,1
SF,IF2006,2020-02-19 13:30:42.400,4055.4000,23861,0,6068938740.000,0,-,-,-,-,4054.2000,4054.0000,4053.0000,4052.8000,4052.6000,4055.4000,4055.6000,4055.8000,4059.0000,4059.4000,2,1,1,1,1,2,2,1,3,1
SF,IF2006,2020-02-19 13:30:42.900,4055.4000,23861,0,6068938740.000,0,-,-,-,-,4054.2000,4054.0000,4053.0000,4052.4000,4052.2000,4055.4000,4055.6000,4055.8000,4059.0000,4059.4000,2,1,1,1,1,2,2,1,3,1
SF,IF2006,2020-02-19 13:30:43.400,4055.4000,23861,0,6068938740.000,0,-,-,-,-,4054.2000,4054.0000,4053.0000,4052.4000,4052.2000,4055.2000,4055.4000,4059.0000,4059.4000,4059.8000,2,1,1,1,1,2,2,3,1,4
SF,IF2006,2020-02-19 13:30:43.900,4055.4000,23861,0,6068938740.000,0,-,-,-,-,4054.2000,4054.0000,4052.4000,4052.2000,4051.8000,4055.2000,4055.4000,4059.0000,4059.4000,4059.8000,2,1,1,1,1,1,2,3,1,4
SF,IF2006,2020-02-19 13:30:44.400,4054.2000,23861,0,6070155000.000,1,0,1,空换,B,4054.2000,4054.0000,4052.4000,4052.2000,4051.8000,4055.0000,4055.2000,4055.4000,4059.0000,4059.4000,1,1,1,1,1,1,1,1,3,1
SF,IF2006,2020-02-19 13:30:44.900,4054.2000,23861,0,6070155000.000,0,-,-,-,-,4054.2000,4052.4000,4052.2000,4051.8000,4051.0000,4055.0000,4055.2000,4055.4000,4059.0000,4059.4000,1,1,1,1,3,1,1,1,3,1
SF,IF2006,2020-02-19 13:30:45.400,4054.2000,23861,0,6070155000.000,0,-,-,-,-,4052.4000,4052.2000,4051.8000,4051.0000,4050.2000,4055.0000,4055.2000,4055.4000,4059.0000,4059.4000,1,1,1,3,1,1,1,1,3,1
SF,IF2006,2020-02-19 13:30:45.900,4054.2000,23861,0,6070155000.000,0,-,-,-,-,4053.0000,4052.8000,4052.6000,4052.4000,4052.2000,4054.8000,4055.0000,4055.2000,4055.4000,4059.0000,1,3,2,1,1,2,1,1,1,3
SF,IF2006,2020-02-19 13:30:46.400,4054.2000,23861,0,6070155000.000,0,-,-,-,-,4053.2000,4053.0000,4052.8000,4052.4000,4052.2000,4054.8000,4055.0000,4055.4000,4059.0000,4059.4000,2,1,3,1,1,3,1,1,3,1
SF,IF2006,2020-02-19 13:30:46.900,4054.2000,23861,0,6070155000.000,0,-,-,-,-,4053.2000,4053.0000,4052.8000,4052.4000,4052.2000,4054.6000,4055.0000,4055.4000,4059.0000,4059.4000,2,1,3,1,1,1,1,1,3,1
SF,IF2006,2020-02-19 13:30:47.400,4054.2000,23861,0,6070155000.000,0,-,-,-,-,4053.2000,4053.0000,4052.8000,4052.4000,4052.2000,4054.6000,4055.0000,4055.4000,4059.0000,4059.4000,2,1,3,1,1,1,1,1,3,1
SF,IF2006,2020-02-19 13:30:47.900,4054.2000,23861,0,6070155000.000,0,-,-,-,-,4053.4000,4053.2000,4052.8000,4052.4000,4052.2000,4054.6000,4055.0000,4055.4000,4059.0000,4059.4000,1,2,3,1,1,1,1,1,3,1
SF,IF2006,2020-02-19 13:30:48.400,4054.2000,23861,0,6070155000.000,0,-,-,-,-,4054.2000,4053.6000,4053.4000,4052.8000,4052.4000,4054.6000,4055.0000,4055.4000,4059.0000,4059.4000,1,2,1,3,1,1,1,1,3,1
SF,IF2006,2020-02-19 13:30:48.900,4054.2000,23861,0,6071371260.000,1,0,1,空换,B,4053.6000,4052.8000,4052.2000,4051.8000,4051.0000,4054.2000,4054.6000,4055.0000,4055.4000,4059.0000,1,1,1,1,3,2,1,1,1,3
SF,IF2006,2020-02-19 13:30:49.400,4054.2000,23861,0,6071371260.000,0,-,-,-,-,4052.8000,4052.2000,4051.8000,4051.0000,4050.2000,4054.2000,4054.6000,4055.0000,4059.0000,4059.4000,1,1,1,3,1,2,1,1,3,1
SF,IF2006,2020-02-19 13:30:49.900,4054.2000,23861,0,6071371260.000,0,-,-,-,-,4053.0000,4052.8000,4052.2000,4051.8000,4051.0000,4054.2000,4055.0000,4059.0000,4059.4000,4059.8000,2,1,1,1,3,3,1,3,1,4
SF,IF2006,2020-02-19 13:30:50.400,4054.2000,23861,0,6071371260.000,0,-,-,-,-,4053.0000,4052.2000,4051.8000,4051.0000,4050.2000,4054.0000,4054.2000,4055.0000,4059.0000,4059.4000,2,1,1,3,1,1,2,1,3,1
SF,IF2006,2020-02-19 13:30:50.900,4054.2000,23861,0,6071371260.000,0,-,-,-,-,4053.0000,4052.2000,4051.8000,4051.0000,4050.2000,4054.0000,4054.2000,4055.0000,4059.0000,4059.4000,2,1,1,3,1,1,2,1,3,1
SF,IF2006,2020-02-19 13:30:51.400,4054.2000,23861,0,6071371260.000,0,-,-,-,-,4053.0000,4052.2000,4051.8000,4051.0000,4050.2000,4054.0000,4054.2000,4055.0000,4059.0000,4059.4000,2,1,1,3,1,1,2,1,3,1
SF,IF2006,2020-02-19 13:30:51.900,4054.2000,23861,0,6071371260.000,0,-,-,-,-,4053.0000,4052.2000,4051.8000,4051.0000,4050.2000,4054.0000,4054.2000,4055.0000,4059.0000,4059.4000,2,1,1,3,1,1,2,1,3,1
SF,IF2006,2020-02-19 13:30:53.900,4054.2000,23861,0,6071371260.000,0,-,-,-,-,4053.0000,4052.2000,4051.8000,4051.0000,4050.2000,4053.8000,4054.0000,4054.2000,4055.0000,4059.0000,2,1,1,3,1,1,1,2,1,3
SF,IF2006,2020-02-19 13:30:54.400,4054.2000,23861,0,6071371260.000,0,-,-,-,-,4052.2000,4051.8000,4051.0000,4050.2000,4050.0000,4053.8000,4054.0000,4055.0000,4059.0000,4059.4000,1,1,3,1,5,1,1,1,3,1
SF,IF2006,2020-02-19 13:30:54.900,4054.2000,23861,0,6071371260.000,0,-,-,-,-,4052.4000,4052.2000,4051.8000,4051.0000,4050.2000,4053.6000,4053.8000,4055.0000,4059.0000,4059.4000,3,1,1,3,1,3,1,1,3,1
SF,IF2006,2020-02-19 13:30:55.400,4054.2000,23861,0,6072587520.000,1,0,1,空换,B,4052.4000,4052.2000,4051.8000,4051.0000,4050.2000,4053.8000,4055.0000,4059.0000,4059.4000,4059.8000,3,1,1,3,1,1,1,3,1,4
SF,IF2006,2020-02-19 13:30:55.900,4054.2000,23861,0,6072587520.000,0,-,-,-,-,4052.4000,4052.2000,4051.8000,4051.0000,4050.2000,4053.8000,4055.0000,4059.0000,4059.4000,4059.8000,3,1,1,3,1,1,1,3,1,4
SF,IF2006,2020-02-19 13:30:56.400,4054.2000,23861,0,6072587520.000,0,-,-,-,-,4052.4000,4052.2000,4051.8000,4051.0000,4050.2000,4055.0000,4059.0000,4059.4000,4059.8000,4060.0000,3,1,1,3,1,1,3,1,4,1
SF,IF2006,2020-02-19 13:30:56.900,4054.2000,23861,0,6072587520.000,0,-,-,-,-,4052.4000,4052.2000,4051.8000,4051.0000,4050.2000,4054.6000,4054.8000,4055.0000,4059.0000,4059.4000,3,1,1,3,1,1,2,1,3,1
SF,IF2006,2020-02-19 13:30:57.400,4054.2000,23861,0,6072587520.000,0,-,-,-,-,4052.4000,4052.2000,4051.8000,4051.0000,4050.2000,4054.4000,4054.6000,4059.0000,4059.4000,4059.8000,3,1,1,3,1,3,2,3,1,4
SF,IF2006,2020-02-19 13:30:57.900,4054.2000,23861,0,6072587520.000,0,-,-,-,-,4052.6000,4052.4000,4052.2000,4051.8000,4051.0000,4054.2000,4054.4000,4054.6000,4059.0000,4059.4000,1,3,1,1,3,1,3,1,3,1
SF,IF2006,2020-02-19 13:30:58.400,4052.8000,23860,-1,6073803360.000,1,0,1,双平,B,4052.8000,4052.6000,4052.4000,4052.2000,4051.8000,4054.0000,4054.2000,4054.4000,4054.6000,4059.0000,1,1,1,1,1,3,1,1,1,3
SF,IF2006,2020-02-19 13:30:58.900,4052.8000,23860,0,6073803360.000,0,-,-,-,-,4052.8000,4052.6000,4052.4000,4052.2000,4051.8000,4054.0000,4054.2000,4054.4000,4054.6000,4059.0000,1,1,1,1,1,3,1,1,1,3
SF,IF2006,2020-02-19 13:30:59.400,4052.8000,23860,0,6073803360.000,0,-,-,-,-,4052.8000,4052.6000,4052.4000,4052.2000,4051.8000,4053.8000,4054.0000,4054.2000,4054.4000,4054.6000,1,1,1,1,1,1,2,1,1,1
SF,IF2006,2020-02-19 13:30:59.900,4052.8000,23860,0,6073803360.000,0,-,-,-,-,4052.8000,4052.6000,4052.4000,4052.2000,4051.8000,4053.8000,4054.0000,4054.2000,4054.4000,4059.0000,1,1,1,1,1,1,2,1,1,3
SF,IF2006,2020-02-19 13:31:00.400,4052.8000,23859,-1,6075019200.000,1,0,1,双平,B,4052.6000,4052.4000,4052.2000,4051.8000,4051.0000,4054.0000,4054.2000,4054.4000,4059.0000,4059.4000,1,1,1,1,4,2,1,1,3,1
SF,IF2006,2020-02-19 13:31:00.900,4052.8000,23859,0,6075019200.000,0,-,-,-,-,4052.8000,4052.6000,4052.4000,4052.2000,4051.8000,4054.0000,4054.2000,4054.4000,4059.0000,4059.4000,2,1,1,1,1,2,1,1,3,1
SF,IF2006,2020-02-19 13:31:01.900,4052.8000,23859,0,6075019200.000,0,-,-,-,-,4052.8000,4052.4000,4052.2000,4051.8000,4051.0000,4054.0000,4054.2000,4054.4000,4059.0000,4059.4000,2,1,1,1,4,2,1,1,3,1
SF,IF2006,2020-02-19 13:31:02.400,4052.8000,23859,0,6075019200.000,0,-,-,-,-,4053.0000,4052.8000,4052.4000,4052.2000,4051.8000,4054.0000,4054.2000,4054.4000,4059.0000,4059.4000,1,3,1,1,1,2,1,1,3,1
SF,IF2006,2020-02-19 13:31:03.400,4052.8000,23859,0,6075019200.000,0,-,-,-,-,4052.8000,4052.4000,4052.2000,4051.8000,4051.0000,4053.8000,4054.0000,4054.4000,4059.0000,4059.4000,3,1,1,1,4,1,2,1,3,1
SF,IF2006,2020-02-19 13:31:03.900,4052.8000,23859,0,6075019200.000,0,-,-,-,-,4052.8000,4052.4000,4052.2000,4051.8000,4051.0000,4053.6000,4053.8000,4054.4000,4059.0000,4059.4000,1,1,1,1,4,2,1,1,3,1
SF,IF2006,2020-02-19 13:31:05.900,4052.8000,23859,0,6075019200.000,0,-,-,-,-,4052.8000,4052.2000,4051.8000,4051.0000,4050.2000,4053.6000,4053.8000,4054.4000,4059.0000,4059.4000,1,1,1,4,1,2,1,1,3,1
SF,IF2006,2020-02-19 13:31:07.400,4052.8000,23859,0,6075019200.000,0,-,-,-,-,4052.8000,4052.2000,4051.8000,4051.0000,4050.2000,4053.6000,4053.8000,4054.4000,4059.0000,4059.4000,1,1,1,4,1,2,1,1,2,1
SF,IF2006,2020-02-19 13:31:07.900,4052.8000,23859,0,6075019200.000,0,-,-,-,-,4052.8000,4052.2000,4051.8000,4051.0000,4050.2000,4054.4000,4059.0000,4059.4000,4059.8000,4060.0000,1,1,1,4,1,1,2,1,4,1
SF,IF2006,2020-02-19 13:31:08.400,4052.8000,23859,0,6075019200.000,0,-,-,-,-,4053.0000,4052.8000,4052.2000,4051.8000,4051.0000,4054.2000,4054.4000,4058.8000,4059.0000,4059.4000,2,1,1,1,4,2,2,1,2,1
SF,IF2006,2020-02-19 13:31:08.900,4052.8000,23859,0,6075019200.000,0,-,-,-,-,4053.2000,4053.0000,4052.8000,4052.2000,4051.8000,4054.0000,4058.8000,4059.0000,4059.4000,4059.8000,1,2,1,1,1,1,1,2,1,4
SF,IF2006,2020-02-19 13:31:09.400,4052.8000,23859,0,6075019200.000,0,-,-,-,-,4053.0000,4052.8000,4052.2000,4051.8000,4051.0000,4054.0000,4058.8000,4059.0000,4059.4000,4059.8000,2,1,1,1,4,1,1,2,1,4
SF,IF2006,2020-02-19 13:31:09.900,4052.8000,23859,0,6075019200.000,0,-,-,-,-,4052.8000,4052.2000,4051.8000,4051.0000,4050.2000,4053.8000,4054.0000,4058.8000,4059.0000,4059.4000,1,1,1,4,1,2,1,1,2,1
SF,IF2006,2020-02-19 13:31:10.400,4052.8000,23859,0,6075019200.000,0,-,-,-,-,4053.0000,4052.8000,4052.2000,4051.8000,4051.0000,4053.8000,4058.8000,4059.0000,4059.4000,4059.8000,2,1,1,1,4,2,1,2,1,4
SF,IF2006,2020-02-19 13:31:10.900,4052.8000,23859,0,6075019200.000,0,-,-,-,-,4053.0000,4052.8000,4052.2000,4051.8000,4051.0000,4053.6000,4053.8000,4058.8000,4059.0000,4059.4000,2,1,1,1,4,1,2,1,2,1
SF,IF2006,2020-02-19 13:31:11.400,4052.8000,23859,0,6075019200.000,0,-,-,-,-,4053.0000,4052.8000,4052.2000,4051.8000,4051.0000,4053.6000,4053.8000,4058.8000,4059.0000,4059.4000,2,1,1,1,4,1,2,1,2,1
SF,IF2006,2020-02-19 13:31:11.900,4052.8000,23859,0,6075019200.000,0,-,-,-,-,4052.8000,4052.2000,4051.8000,4051.0000,4050.2000,4053.6000,4053.8000,4059.0000,4059.4000,4059.8000,1,1,1,4,1,1,2,2,1,4
SF,IF2006,2020-02-19 13:31:14.400,4052.8000,23859,0,6075019200.000,0,-,-,-,-,4052.8000,4052.2000,4051.8000,4051.0000,4050.2000,4053.6000,4053.8000,4059.0000,4059.4000,4059.8000,1,1,1,4,1,1,3,2,1,4
SF,IF2006,2020-02-19 13:31:14.900,4052.8000,23859,0,6075019200.000,0,-,-,-,-,4053.0000,4052.8000,4052.2000,4051.8000,4051.0000,4053.6000,4053.8000,4059.0000,4059.4000,4059.8000,2,1,1,1,4,1,1,2,1,4
SF,IF2006,2020-02-19 13:31:15.400,4052.8000,23859,0,6075019200.000,0,-,-,-,-,4053.0000,4052.8000,4052.2000,4051.8000,4051.0000,4053.4000,4053.6000,4053.8000,4059.0000,4059.4000,2,1,1,1,4,1,1,1,2,1
SF,IF2006,2020-02-19 13:31:15.900,4052.8000,23859,0,6075019200.000,0,-,-,-,-,4052.8000,4052.2000,4051.8000,4051.0000,4050.2000,4053.6000,4053.8000,4059.0000,4059.4000,4059.8000,1,1,1,4,1,1,1,2,1,4
SF,IF2006,2020-02-19 13:31:16.400,4052.8000,23860,1,6076235040.000,1,1,0,双开,B,4052.2000,4051.8000,4051.0000,4050.2000,4050.0000,4053.6000,4053.8000,4059.0000,4059.4000,4059.8000,1,1,4,1,5,1,1,2,1,4
SF,IF2006,2020-02-19 13:31:16.900,4052.8000,23860,0,6076235040.000,0,-,-,-,-,4052.4000,4052.2000,4051.8000,4051.0000,4050.2000,4053.4000,4053.6000,4053.8000,4059.0000,4059.4000,2,1,1,4,1,3,1,1,2,1
SF,IF2006,2020-02-19 13:31:17.400,4052.8000,23860,0,6076235040.000,0,-,-,-,-,4052.4000,4052.2000,4051.8000,4051.0000,4050.2000,4053.4000,4053.6000,4053.8000,4059.0000,4059.4000,2,1,1,4,1,2,1,1,2,1
SF,IF2006,2020-02-19 13:31:18.400,4052.8000,23860,0,6076235040.000,0,-,-,-,-,4052.6000,4052.4000,4052.2000,4051.8000,4051.0000,4053.4000,4053.6000,4053.8000,4059.0000,4059.4000,1,2,1,1,4,2,1,1,2,1
SF,IF2006,2020-02-19 13:31:19.400,4052.6000,23859,-1,6077450820.000,1,0,1,双平,B,4052.4000,4052.2000,4051.8000,4051.0000,4050.2000,4053.4000,4053.6000,4053.8000,4059.0000,4059.4000,2,1,1,4,1,2,1,1,2,1
SF,IF2006,2020-02-19 13:31:21.400,4052.6000,23859,0,6077450820.000,0,-,-,-,-,4052.4000,4052.2000,4051.8000,4051.0000,4050.2000,4053.4000,4053.8000,4059.0000,4059.4000,4059.8000,2,1,1,4,1,2,1,2,1,4
SF,IF2006,2020-02-19 13:31:23.400,4052.6000,23859,0,6077450820.000,0,-,-,-,-,4052.6000,4052.4000,4052.2000,4051.8000,4051.0000,4053.4000,4053.8000,4059.0000,4059.4000,4059.8000,1,2,1,1,4,2,1,2,1,4
SF,IF2006,2020-02-19 13:31:23.900,4052.6000,23859,0,6077450820.000,0,-,-,-,-,4053.0000,4052.8000,4052.6000,4052.2000,4051.8000,4053.8000,4059.0000,4059.4000,4059.8000,4060.0000,2,2,2,1,1,1,2,1,4,1
SF,IF2006,2020-02-19 13:31:24.400,4052.6000,23859,0,6077450820.000,0,-,-,-,-,4053.2000,4053.0000,4052.6000,4052.2000,4051.8000,4053.6000,4053.8000,4058.8000,4059.0000,4059.4000,2,2,2,1,1,1,1,1,2,1
SF,IF2006,2020-02-19 13:31:24.900,4052.6000,23859,0,6077450820.000,0,-,-,-,-,4053.2000,4052.2000,4051.8000,4051.0000,4050.2000,4053.6000,4053.8000,4058.8000,4059.0000,4059.4000,2,1,1,4,1,1,1,1,2,1
SF,IF2006,2020-02-19 13:31:25.400,4052.6000,23859,0,6077450820.000,0,-,-,-,-,4052.2000,4051.8000,4051.0000,4050.2000,4050.0000,4053.6000,4053.8000,4058.8000,4059.0000,4059.4000,1,1,4,1,5,1,1,1,2,1
SF,IF2006,2020-02-19 13:31:25.900,4052.6000,23859,0,6077450820.000,0,-,-,-,-,4052.4000,4052.2000,4051.8000,4051.0000,4050.2000,4053.8000,4058.8000,4059.0000,4059.4000,4059.8000,4,1,1,4,1,1,1,2,1,4
SF,IF2006,2020-02-19 13:31:26.400,4052.6000,23859,0,6077450820.000,0,-,-,-,-,4052.4000,4052.2000,4051.8000,4051.0000,4050.2000,4053.8000,4059.0000,4059.4000,4059.8000,4060.0000,4,1,1,4,1,1,2,1,4,1
SF,IF2006,2020-02-19 13:31:26.900,4052.6000,23859,0,6077450820.000,0,-,-,-,-,4052.4000,4052.2000,4051.8000,4051.0000,4050.2000,4053.6000,4053.8000,4059.0000,4059.4000,4059.8000,4,1,1,4,1,2,1,2,1,4
SF,IF2006,2020-02-19 13:31:27.400,4052.6000,23859,0,6077450820.000,0,-,-,-,-,4052.4000,4052.2000,4051.8000,4051.0000,4050.2000,4053.6000,4053.8000,4059.0000,4059.4000,4059.8000,4,1,1,4,1,2,1,2,1,4
SF,IF2006,2020-02-19 13:31:27.900,4052.6000,23859,0,6077450820.000,0,-,-,-,-,4052.4000,4052.2000,4051.8000,4051.0000,4050.2000,4053.8000,4059.0000,4059.4000,4059.8000,4060.0000,4,1,1,4,1,1,2,1,1,1
SF,IF2006,2020-02-19 13:31:28.400,4052.6000,23859,0,6077450820.000,0,-,-,-,-,4052.8000,4052.4000,4052.2000,4051.8000,4051.0000,4053.8000,4059.0000,4059.4000,4059.8000,4060.0000,1,3,1,1,4,1,2,1,1,1
SF,IF2006,2020-02-19 13:31:28.900,4052.6000,23859,0,6077450820.000,0,-,-,-,-,4053.0000,4052.8000,4052.4000,4052.2000,4051.8000,4053.8000,4059.0000,4059.4000,4059.8000,4060.0000,2,1,1,1,1,1,2,1,1,1
SF,IF2006,2020-02-19 13:31:29.400,4052.6000,23859,0,6077450820.000,0,-,-,-,-,4053.0000,4052.8000,4052.4000,4052.2000,4051.8000,4053.8000,4059.0000,4059.4000,4059.8000,4060.0000,2,1,2,1,1,1,2,1,1,1
SF,IF2006,2020-02-19 13:31:29.900,4052.6000,23859,0,6077450820.000,0,-,-,-,-,4053.2000,4053.0000,4052.8000,4052.4000,4052.2000,4053.8000,4058.0000,4059.0000,4059.4000,4059.8000,1,2,1,2,1,1,1,2,1,1
SF,IF2006,2020-02-19 13:31:30.400,4052.6000,23859,0,6077450820.000,0,-,-,-,-,4053.4000,4053.2000,4052.8000,4052.4000,4052.2000,4053.8000,4058.0000,4059.0000,4059.4000,4059.8000,2,1,1,2,1,1,1,2,1,1
SF,IF2006,2020-02-19 13:31:30.900,4052.6000,23859,0,6077450820.000,0,-,-,-,-,4053.4000,4053.2000,4052.8000,4052.4000,4052.2000,4053.8000,4058.0000,4059.0000,4059.4000,4059.8000,2,1,1,2,1,1,1,2,1,1
SF,IF2006,2020-02-19 13:31:31.400,4052.8000,23858,-1,6078666660.000,1,0,1,双平,B,4053.4000,4053.2000,4052.8000,4052.4000,4052.2000,4053.8000,4058.0000,4059.0000,4059.4000,4059.8000,1,1,1,2,1,1,1,2,1,1
SF,IF2006,2020-02-19 13:31:31.900,4052.8000,23858,0,6078666660.000,0,-,-,-,-,4053.2000,4052.8000,4052.4000,4052.2000,4051.8000,4053.8000,4058.0000,4059.0000,4059.4000,4059.8000,1,1,2,1,1,1,1,2,1,1
SF,IF2006,2020-02-19 13:31:32.400,4052.8000,23858,0,6078666660.000,0,-,-,-,-,4053.2000,4052.8000,4052.4000,4052.2000,4051.8000,4053.8000,4058.0000,4059.0000,4059.4000,4059.8000,1,1,2,1,1,1,1,2,1,1
SF,IF2006,2020-02-19 13:31:32.900,4052.8000,23858,0,6078666660.000,0,-,-,-,-,4053.2000,4052.8000,4052.4000,4052.2000,4051.8000,4053.8000,4058.0000,4059.0000,4059.4000,4059.8000,1,1,2,1,1,1,1,2,1,1
SF,IF2006,2020-02-19 13:31:34.900,4052.8000,23858,0,6078666660.000,0,-,-,-,-,4052.8000,4052.4000,4052.2000,4051.8000,4051.0000,4053.8000,4058.0000,4059.0000,4059.4000,4059.8000,1,2,1,1,4,1,1,2,1,1
SF,IF2006,2020-02-19 13:31:35.400,4052.8000,23858,0,6078666660.000,0,-,-,-,-,4052.8000,4052.4000,4052.2000,4051.8000,4051.0000,4053.8000,4058.0000,4059.0000,4059.4000,4059.8000,1,2,1,1,4,1,1,2,1,1
SF,IF2006,2020-02-19 13:31:35.900,4052.8000,23858,0,6079882500.000,1,0,1,空换,B,4052.4000,4052.2000,4051.8000,4051.0000,4050.2000,4052.8000,4053.6000,4053.8000,4058.0000,4059.0000,1,1,1,4,1,1,3,1,1,2
SF,IF2006,2020-02-19 13:31:36.400,4052.2000,23858,0,6083529720.000,3,1,2,空换,B,4051.8000,4051.0000,4050.2000,4050.0000,4049.0000,4053.6000,4053.8000,4058.0000,4059.0000,4059.4000,1,4,1,6,1,2,1,1,2,1
SF,IF2006,2020-02-19 13:31:36.900,4051.8000,23859,1,6084745260.000,1,1,0,双开,B,4051.0000,4050.2000,4050.0000,4049.0000,4048.2000,4052.8000,4053.4000,4053.6000,4053.8000,4058.0000,4,1,6,1,1,1,1,2,1,1
SF,IF2006,2020-02-19 13:31:37.400,4051.8000,23859,0,6084745260.000,0,-,-,-,-,4051.2000,4051.0000,4050.2000,4050.0000,4049.0000,4052.4000,4052.6000,4052.8000,4053.4000,4053.8000,1,4,1,6,1,1,2,1,1,1
SF,IF2006,2020-02-19 13:31:37.900,4051.8000,23859,0,6084745260.000,0,-,-,-,-,4051.6000,4051.2000,4051.0000,4050.2000,4050.0000,4052.2000,4052.4000,4052.8000,4053.2000,4053.4000,2,1,4,1,6,2,1,1,2,1
SF,IF2006,2020-02-19 13:31:38.400,4052.2000,23858,-1,6085960920.000,1,0,1,双平,B,4051.2000,4051.0000,4050.2000,4050.0000,4049.0000,4052.2000,4052.4000,4052.8000,4053.2000,4053.4000,1,4,1,6,1,1,1,1,2,1
SF,IF2006,2020-02-19 13:31:38.900,4052.2000,23858,0,6085960920.000,0,-,-,-,-,4051.2000,4051.0000,4050.2000,4050.0000,4049.0000,4052.4000,4052.8000,4053.2000,4053.4000,4053.8000,1,4,1,6,1,1,1,2,1,1
SF,IF2006,2020-02-19 13:31:39.400,4052.2000,23858,0,6085960920.000,0,-,-,-,-,4051.2000,4051.0000,4050.2000,4050.0000,4049.0000,4052.2000,4052.4000,4053.2000,4053.4000,4053.8000,1,4,1,6,1,2,1,2,1,1
SF,IF2006,2020-02-19 13:31:41.900,4051.2000,23857,-1,6087176280.000,1,0,1,双平,B,4051.0000,4050.2000,4050.0000,4049.0000,4048.2000,4052.2000,4052.4000,4053.2000,4053.4000,4053.8000,4,1,6,1,1,2,1,2,1,1
SF,IF2006,2020-02-19 13:31:42.400,4051.0000,23857,0,6089606880.000,2,1,1,空换,B,4051.0000,4050.2000,4050.0000,4049.0000,4048.2000,4052.2000,4052.4000,4053.2000,4053.4000,4053.8000,2,1,6,1,1,2,1,2,1,1
SF,IF2006,2020-02-19 13:31:42.900,4051.0000,23857,0,6089606880.000,0,-,-,-,-,4051.0000,4050.2000,4050.0000,4049.0000,4048.2000,4052.0000,4052.2000,4052.4000,4053.2000,4053.4000,2,1,6,1,1,1,2,1,2,1
SF,IF2006,2020-02-19 13:31:43.400,4051.0000,23857,0,6089606880.000,0,-,-,-,-,4051.2000,4051.0000,4050.2000,4050.0000,4049.0000,4051.8000,4052.0000,4052.2000,4052.4000,4053.2000,1,2,1,6,1,2,1,1,1,2
SF,IF2006,2020-02-19 13:31:43.900,4051.0000,23857,0,6089606880.000,0,-,-,-,-,4051.2000,4051.0000,4050.2000,4050.0000,4049.0000,4051.8000,4052.0000,4052.2000,4053.2000,4053.4000,1,2,1,6,1,2,1,1,2,1
SF,IF2006,2020-02-19 13:31:44.400,4051.0000,23856,-1,6090822180.000,1,0,1,双平,B,4051.0000,4050.2000,4050.0000,4049.0000,4048.2000,4051.8000,4052.2000,4053.2000,4053.4000,4053.8000,2,1,5,1,1,2,1,2,1,1
SF,IF2006,2020-02-19 13:31:44.900,4051.8000,23854,-2,6093253260.000,2,0,2,双平,B,4051.0000,4050.2000,4050.0000,4049.0000,4048.2000,4052.2000,4053.2000,4053.4000,4053.8000,4058.0000,2,1,5,1,1,1,2,1,1,1
SF,IF2006,2020-02-19 13:31:45.400,4051.8000,23854,0,6093253260.000,0,-,-,-,-,4051.0000,4050.2000,4050.0000,4049.0000,4048.2000,4052.0000,4052.2000,4053.2000,4053.4000,4053.8000,2,1,5,1,1,4,1,2,1,1
SF,IF2006,2020-02-19 13:31:45.900,4051.8000,23854,0,6093253260.000,0,-,-,-,-,4051.0000,4050.2000,4050.0000,4049.0000,4048.2000,4052.0000,4052.2000,4053.2000,4053.4000,4053.8000,2,1,5,1,1,5,1,2,1,1
SF,IF2006,2020-02-19 13:31:46.400,4051.8000,23854,0,6093253260.000,0,-,-,-,-,4051.0000,4050.2000,4050.0000,4049.0000,4048.2000,4052.0000,4052.2000,4053.2000,4053.4000,4053.8000,2,1,5,1,1,4,1,2,1,1
SF,IF2006,2020-02-19 13:31:47.400,4051.8000,23854,0,6093253260.000,0,-,-,-,-,4051.0000,4050.2000,4050.0000,4049.0000,4048.2000,4051.8000,4052.0000,4052.2000,4053.2000,4053.4000,2,1,5,1,1,1,4,1,2,1
SF,IF2006,2020-02-19 13:31:47.900,4051.0000,23855,1,6094468560.000,1,1,0,双开,B,4051.0000,4050.2000,4050.0000,4049.0000,4048.2000,4051.6000,4051.8000,4052.0000,4052.2000,4053.2000,1,1,5,1,1,3,2,1,1,2
SF,IF2006,2020-02-19 13:31:48.400,4051.0000,23856,1,6095683860.000,1,1,0,双开,B,4050.2000,4050.0000,4049.0000,4048.2000,4047.8000,4050.8000,4051.2000,4051.6000,4051.8000,4052.2000,1,5,1,1,1,1,1,4,2,1
SF,IF2006,2020-02-19 13:31:48.900,4051.0000,23856,0,6095683860.000,0,-,-,-,-,4050.2000,4050.0000,4049.0000,4048.2000,4047.8000,4051.6000,4051.8000,4052.2000,4053.2000,4053.4000,1,5,1,1,1,3,2,1,2,1
SF,IF2006,2020-02-19 13:31:49.400,4051.2000,23856,0,6096899220.000,1,0,1,空换,B,4050.2000,4050.0000,4049.0000,4048.2000,4047.8000,4051.4000,4051.6000,4051.8000,4052.2000,4053.2000,1,5,1,1,1,2,3,2,1,2
SF,IF2006,2020-02-19 13:31:49.900,4050.0000,23853,-3,6104189280.000,6,1,5,空平,B,4049.0000,4048.2000,4047.8000,4047.6000,4047.2000,4051.0000,4051.2000,4051.4000,4051.8000,4052.2000,1,1,1,1,3,4,3,4,1,1
SF,IF2006,2020-02-19 13:31:50.400,4047.6000,23849,-4,6111476580.000,6,1,5,空平,B,4047.2000,4047.0000,4046.6000,4046.0000,4045.8000,4049.8000,4050.0000,4050.4000,4050.6000,4050.8000,3,4,1,5,1,1,6,1,2,5
SF,IF2006,2020-02-19 13:31:50.900,4049.6000,23842,-7,6140618820.000,24,8,16,空平,B,4049.8000,4048.2000,4046.0000,4045.8000,4045.2000,4050.0000,4050.8000,4051.0000,4051.4000,4051.8000,2,1,4,1,4,1,4,1,2,1
SF,IF2006,2020-02-19 13:31:51.400,4049.8000,23842,0,6143048700.000,2,1,1,空换,B,4048.2000,4046.0000,4045.8000,4045.2000,4045.0000,4049.4000,4049.6000,4049.8000,4050.0000,4050.8000,1,4,1,4,6,1,4,1,1,3
SF,IF2006,2020-02-19 13:31:51.900,4048.4000,23841,-1,6144263220.000,1,0,1,双平,B,4048.4000,4046.0000,4045.8000,4045.2000,4045.0000,4049.2000,4049.4000,4049.6000,4049.8000,4050.0000,1,4,1,4,6,2,1,3,1,1
SF,IF2006,2020-02-19 13:31:52.400,4048.4000,23841,0,6144263220.000,0,-,-,-,-,4046.0000,4045.8000,4045.2000,4045.0000,4044.8000,4049.0000,4049.2000,4049.4000,4049.6000,4049.8000,4,1,4,6,1,2,2,1,2,2
SF,IF2006,2020-02-19 13:31:52.900,4048.4000,23841,0,6144263220.000,0,-,-,-,-,4046.8000,4046.2000,4046.0000,4045.8000,4045.2000,4048.8000,4049.0000,4049.4000,4049.6000,4049.8000,1,1,4,1,4,2,2,1,2,2
SF,IF2006,2020-02-19 13:31:53.400,4048.4000,23841,0,6144263220.000,0,-,-,-,-,4047.4000,4047.0000,4046.0000,4045.8000,4045.2000,4048.4000,4048.6000,4048.8000,4049.0000,4049.6000,1,6,4,1,4,1,1,2,1,2
SF,IF2006,2020-02-19 13:31:53.900,4048.4000,23840,-1,6145477740.000,1,0,1,双平,B,4047.0000,4046.0000,4045.8000,4045.2000,4045.0000,4048.2000,4048.8000,4049.4000,4049.6000,4049.8000,1,4,1,4,6,3,1,1,2,2
SF,IF2006,2020-02-19 13:31:54.400,4048.2000,23841,1,6146692200.000,1,1,0,双开,B,4047.4000,4047.2000,4047.0000,4046.0000,4045.8000,4048.8000,4049.4000,4049.6000,4049.8000,4050.0000,1,5,1,4,1,1,1,2,2,1
SF,IF2006,2020-02-19 13:31:54.900,4048.2000,23841,0,6146692200.000,0,-,-,-,-,4047.4000,4047.0000,4046.0000,4045.8000,4045.2000,4048.4000,4048.6000,4049.4000,4049.6000,4049.8000,1,1,5,1,4,1,2,1,2,1
SF,IF2006,2020-02-19 13:31:55.400,4048.2000,23841,0,6146692200.000,0,-,-,-,-,4047.4000,4047.0000,4046.0000,4045.8000,4045.2000,4048.2000,4048.4000,4049.4000,4049.6000,4049.8000,1,1,5,1,4,2,1,1,2,1
SF,IF2006,2020-02-19 13:31:55.900,4048.2000,23841,0,6146692200.000,0,-,-,-,-,4047.0000,4046.0000,4045.8000,4045.2000,4045.0000,4047.4000,4048.2000,4048.4000,4049.4000,4049.6000,1,5,1,4,6,1,2,1,1,2
SF,IF2006,2020-02-19 13:31:56.400,4047.4000,23842,1,6147906420.000,1,1,0,双开,B,4047.0000,4046.0000,4045.8000,4045.2000,4045.0000,4048.2000,4049.2000,4049.4000,4049.6000,4049.8000,1,4,1,4,6,2,1,1,2,1
SF,IF2006,2020-02-19 13:31:56.900,4047.4000,23842,0,6147906420.000,0,-,-,-,-,4047.0000,4046.0000,4045.8000,4045.2000,4045.0000,4048.2000,4049.2000,4049.4000,4049.6000,4049.8000,1,4,1,4,6,2,1,1,2,1
SF,IF2006,2020-02-19 13:31:57.400,4047.4000,23842,0,6147906420.000,0,-,-,-,-,4047.0000,4046.0000,4045.8000,4045.2000,4045.0000,4048.2000,4049.0000,4049.2000,4049.4000,4049.6000,1,4,1,4,6,2,1,1,1,2
SF,IF2006,2020-02-19 13:31:57.900,4047.0000,23841,-1,6149120520.000,1,0,1,双平,B,4046.0000,4045.8000,4045.2000,4045.0000,4044.8000,4048.2000,4049.0000,4049.2000,4049.4000,4049.6000,4,1,4,6,1,2,1,1,1,2
SF,IF2006,2020-02-19 13:31:58.400,4047.0000,23841,0,6149120520.000,0,-,-,-,-,4046.8000,4046.6000,4046.2000,4046.0000,4045.8000,4047.0000,4048.2000,4049.0000,4049.2000,4049.4000,1,1,2,4,1,1,3,1,1,1
SF,IF2006,2020-02-19 13:31:58.900,4047.0000,23842,1,6151548720.000,2,1,1,多开,B,4046.8000,4046.6000,4046.0000,4045.8000,4045.2000,4048.2000,4049.0000,4049.2000,4049.4000,4049.6000,1,1,4,1,4,3,1,1,1,2
SF,IF2006,2020-02-19 13:31:59.400,4047.0000,23842,0,6151548720.000,0,-,-,-,-,4046.8000,4046.0000,4045.8000,4045.2000,4045.0000,4048.2000,4049.0000,4049.2000,4049.4000,4049.6000,1,4,1,4,7,3,1,1,1,2
SF,IF2006,2020-02-19 13:31:59.900,4047.0000,23842,0,6151548720.000,0,-,-,-,-,4046.8000,4046.0000,4045.8000,4045.2000,4045.0000,4048.0000,4048.2000,4049.2000,4049.4000,4049.6000,1,4,1,4,7,3,3,1,1,2
SF,IF2006,2020-02-19 13:32:00.400,4047.0000,23842,0,6151548720.000,0,-,-,-,-,4046.8000,4046.0000,4045.8000,4045.6000,4045.2000,4047.8000,4048.0000,4048.2000,4049.4000,4049.6000,1,4,1,1,4,2,2,1,1,2
SF,IF2006,2020-02-19 13:32:00.900,4047.0000,23842,0,6151548720.000,0,-,-,-,-,4046.8000,4046.0000,4045.8000,4045.6000,4045.2000,4047.8000,4048.0000,4048.2000,4049.4000,4049.6000,1,4,1,1,4,2,1,1,1,2
SF,IF2006,2020-02-19 13:32:01.400,4046.8000,23841,-1,6152762760.000,1,0,1,双平,B,4046.0000,4045.8000,4045.6000,4045.2000,4045.0000,4047.8000,4048.0000,4048.2000,4049.4000,4049.6000,4,1,1,4,7,2,1,1,1,2
SF,IF2006,2020-02-19 13:32:01.900,4046.4000,23840,-1,6153976680.000,1,0,1,双平,B,4046.0000,4045.8000,4045.6000,4045.2000,4045.0000,4047.6000,4047.8000,4048.0000,4048.2000,4049.4000,4,1,1,4,7,1,2,2,1,1
SF,IF2006,2020-02-19 13:32:02.400,4046.4000,23840,0,6153976680.000,0,-,-,-,-,4046.2000,4046.0000,4045.8000,4045.6000,4045.2000,4046.8000,4047.4000,4047.6000,4048.0000,4048.2000,1,4,1,1,4,3,2,1,2,1
SF,IF2006,2020-02-19 13:32:02.900,4046.4000,23840,0,6153976680.000,0,-,-,-,-,4046.2000,4046.0000,4045.8000,4045.6000,4045.2000,4046.8000,4047.4000,4048.0000,4048.2000,4049.4000,1,4,1,1,4,3,2,1,1,1
SF,IF2006,2020-02-19 13:32:03.400,4046.0000,23840,0,6156404340.000,2,1,1,空换,B,4046.0000,4045.8000,4045.6000,4045.2000,4045.0000,4046.2000,4046.8000,4047.4000,4048.0000,4048.2000,3,1,1,4,7,1,3,2,1,1
SF,IF2006,2020-02-19 13:32:03.900,4046.2000,23840,0,6157618200.000,1,0,1,空换,B,4046.4000,4046.2000,4046.0000,4045.8000,4045.6000,4046.8000,4047.4000,4048.0000,4048.2000,4049.4000,1,1,3,1,1,3,2,1,1,1
SF,IF2006,2020-02-19 13:32:04.400,4046.2000,23840,0,6157618200.000,0,-,-,-,-,4046.4000,4046.0000,4045.8000,4045.6000,4045.2000,4046.8000,4047.4000,4048.0000,4048.2000,4049.4000,1,3,1,1,4,3,2,1,1,1
SF,IF2006,2020-02-19 13:32:04.900,4046.2000,23840,0,6157618200.000,0,-,-,-,-,4046.0000,4045.8000,4045.6000,4045.2000,4045.0000,4046.8000,4047.4000,4048.0000,4048.2000,4049.4000,3,1,1,5,7,3,2,1,1,1
SF,IF2006,2020-02-19 13:32:05.400,4046.2000,23839,-1,6158832060.000,1,0,1,双平,B,4046.0000,4045.8000,4045.6000,4045.2000,4045.0000,4046.8000,4047.4000,4048.0000,4048.2000,4049.4000,3,1,1,5,7,3,2,1,1,1
SF,IF2006,2020-02-19 13:32:05.900,4046.2000,23839,0,6158832060.000,0,-,-,-,-,4046.2000,4046.0000,4045.8000,4045.6000,4045.2000,4046.8000,4047.4000,4048.0000,4048.2000,4049.4000,5,3,1,1,5,3,2,1,1,1
SF,IF2006,2020-02-19 13:32:06.400,4046.0000,23839,0,6160045860.000,1,0,1,空换,B,4046.0000,4045.8000,4045.6000,4045.2000,4045.0000,4046.8000,4047.4000,4048.0000,4048.2000,4049.4000,2,1,1,5,7,3,2,1,1,1
SF,IF2006,2020-02-19 13:32:06.900,4046.0000,23839,0,6160045860.000,0,-,-,-,-,4046.6000,4046.2000,4046.0000,4045.8000,4045.6000,4046.8000,4047.4000,4048.0000,4048.2000,4049.4000,1,1,2,1,1,3,2,1,1,1
SF,IF2006,2020-02-19 13:32:07.400,4046.8000,23838,-1,6163687980.000,3,1,2,空平,B,4046.2000,4046.0000,4045.8000,4045.6000,4045.2000,4047.4000,4048.0000,4048.2000,4049.4000,4049.6000,2,2,1,1,5,2,1,1,1,2
SF,IF2006,2020-02-19 13:32:07.900,4046.8000,23838,0,6163687980.000,0,-,-,-,-,4046.6000,4046.2000,4046.0000,4045.8000,4045.6000,4047.4000,4048.0000,4048.2000,4049.4000,4049.6000,2,1,2,1,1,2,1,1,1,2
SF,IF2006,2020-02-19 13:32:08.400,4046.8000,23838,0,6163687980.000,0,-,-,-,-,4046.6000,4046.4000,4046.2000,4046.0000,4045.8000,4047.4000,4048.0000,4048.2000,4049.4000,4049.6000,2,1,1,2,1,2,1,1,1,2
SF,IF2006,2020-02-19 13:32:08.900,4046.8000,23838,0,6163687980.000,0,-,-,-,-,4046.6000,4046.4000,4046.2000,4046.0000,4045.8000,4047.4000,4048.0000,4048.2000,4049.4000,4049.6000,2,1,1,3,1,2,1,1,1,2
SF,IF2006,2020-02-19 13:32:09.400,4046.8000,23838,0,6163687980.000,0,-,-,-,-,4046.6000,4046.2000,4046.0000,4045.8000,4045.6000,4047.4000,4048.0000,4048.2000,4049.4000,4049.6000,2,1,3,1,1,2,1,1,1,2
SF,IF2006,2020-02-19 13:32:10.400,4047.4000,23837,-1,6164902200.000,1,0,1,双平,B,4046.2000,4046.0000,4045.8000,4045.6000,4045.2000,4047.4000,4048.0000,4048.2000,4049.4000,4049.6000,1,3,1,1,4,1,1,1,1,2
SF,IF2006,2020-02-19 13:32:10.900,4047.4000,23837,0,6164902200.000,0,-,-,-,-,4046.4000,4046.2000,4046.0000,4045.8000,4045.6000,4046.6000,4048.0000,4048.2000,4049.4000,4049.6000,1,1,3,2,1,1,1,1,1,2
SF,IF2006,2020-02-19 13:32:11.400,4046.6000,23837,0,6166116180.000,1,0,1,空换,B,4046.6000,4046.4000,4046.2000,4046.0000,4045.8000,4047.0000,4048.0000,4048.2000,4049.4000,4049.6000,1,1,1,3,2,3,1,1,1,2
SF,IF2006,2020-02-19 13:32:11.900,4046.6000,23837,0,6166116180.000,0,-,-,-,-,4046.8000,4046.6000,4046.4000,4046.2000,4046.0000,4047.0000,4048.0000,4048.2000,4049.4000,4049.6000,1,1,1,1,3,3,1,1,1,2
SF,IF2006,2020-02-19 13:32:12.400,4047.0000,23839,2,6169758480.000,3,2,1,多开,B,4046.8000,4046.4000,4046.2000,4046.0000,4045.8000,4048.0000,4048.2000,4049.4000,4049.6000,4050.0000,1,1,1,3,2,1,1,1,2,1
SF,IF2006,2020-02-19 13:32:12.900,4047.0000,23839,0,6169758480.000,0,-,-,-,-,4047.0000,4046.8000,4046.2000,4046.0000,4045.8000,4048.0000,4048.2000,4049.4000,4049.6000,4050.0000,1,1,1,3,2,1,1,1,2,1
SF,IF2006,2020-02-19 13:32:13.900,4047.0000,23839,0,6169758480.000,0,-,-,-,-,4047.2000,4047.0000,4046.8000,4046.2000,4046.0000,4048.0000,4048.2000,4049.4000,4049.6000,4050.0000,7,1,1,1,3,1,1,1,2,1
SF,IF2006,2020-02-19 13:32:14.400,4047.0000,23839,0,6169758480.000,0,-,-,-,-,4047.2000,4047.0000,4046.8000,4046.2000,4046.0000,4048.0000,4048.2000,4049.4000,4049.6000,4050.0000,7,1,1,1,3,1,1,1,2,1
SF,IF2006,2020-02-19 13:32:14.900,4047.0000,23839,0,6169758480.000,0,-,-,-,-,4047.2000,4047.0000,4046.8000,4046.2000,4046.0000,4048.0000,4048.2000,4049.4000,4049.6000,4050.0000,1,1,1,1,3,1,1,1,2,1
SF,IF2006,2020-02-19 13:32:15.400,4047.0000,23839,0,6169758480.000,0,-,-,-,-,4047.2000,4047.0000,4046.8000,4046.2000,4046.0000,4048.0000,4048.2000,4049.4000,4049.6000,4050.0000,1,1,1,1,2,1,1,1,2,1
SF,IF2006,2020-02-19 13:32:16.400,4048.0000,23839,0,6170972880.000,1,0,1,空换,B,4047.2000,4047.0000,4046.8000,4046.2000,4046.0000,4048.2000,4049.4000,4049.6000,4050.0000,4050.8000,1,1,1,1,2,1,1,2,1,2
SF,IF2006,2020-02-19 13:32:19.900,4048.2000,23839,0,6172187340.000,1,0,1,空换,B,4047.2000,4047.0000,4046.8000,4046.2000,4046.0000,4049.4000,4049.6000,4050.0000,4050.8000,4052.2000,1,1,1,1,2,1,2,1,2,1
SF,IF2006,2020-02-19 13:32:20.400,4048.2000,23839,0,6172187340.000,0,-,-,-,-,4047.4000,4047.2000,4046.8000,4046.2000,4046.0000,4048.8000,4049.2000,4049.4000,4050.0000,4050.8000,2,1,1,1,2,1,3,1,1,2
SF,IF2006,2020-02-19 13:32:20.900,4048.2000,23839,0,6172187340.000,0,-,-,-,-,4047.4000,4047.2000,4046.8000,4046.2000,4046.0000,4048.8000,4049.2000,4049.4000,4050.0000,4050.8000,2,1,1,1,2,3,3,1,1,2
SF,IF2006,2020-02-19 13:32:21.400,4048.2000,23839,0,6172187340.000,0,-,-,-,-,4047.4000,4047.2000,4046.8000,4046.2000,4046.0000,4048.6000,4048.8000,4049.2000,4049.4000,4050.0000,2,1,1,1,2,2,3,1,1,1
SF,IF2006,2020-02-19 13:32:21.900,4048.2000,23839,0,6172187340.000,0,-,-,-,-,4047.6000,4047.4000,4047.2000,4046.8000,4046.2000,4048.6000,4048.8000,4049.4000,4050.0000,4050.8000,5,2,1,1,1,2,3,1,1,2
SF,IF2006,2020-02-19 13:32:22.900,4048.6000,23839,0,6174616260.000,2,1,1,空换,B,4047.6000,4047.4000,4046.8000,4046.2000,4046.0000,4048.6000,4048.8000,4049.4000,4050.0000,4050.8000,5,2,1,1,2,1,3,1,1,2
SF,IF2006,2020-02-19 13:32:23.400,4048.6000,23839,0,6174616260.000,0,-,-,-,-,4047.8000,4047.6000,4047.4000,4046.8000,4046.2000,4048.8000,4049.4000,4050.0000,4050.8000,4052.2000,2,5,1,1,1,3,1,1,2,1
SF,IF2006,2020-02-19 13:32:23.900,4048.6000,23839,0,6174616260.000,0,-,-,-,-,4047.8000,4047.4000,4046.8000,4046.2000,4046.0000,4048.2000,4048.8000,4049.4000,4050.0000,4050.8000,2,1,1,1,2,1,3,1,1,2
SF,IF2006,2020-02-19 13:32:24.400,4048.6000,23839,0,6174616260.000,0,-,-,-,-,4046.8000,4046.2000,4046.0000,4045.8000,4045.6000,4048.2000,4048.8000,4049.4000,4050.0000,4050.8000,1,1,2,1,1,1,3,1,1,2
SF,IF2006,2020-02-19 13:32:24.900,4048.6000,23839,0,6174616260.000,0,-,-,-,-,4047.0000,4046.8000,4046.2000,4046.0000,4045.8000,4048.2000,4048.8000,4049.4000,4050.0000,4050.8000,2,1,1,2,1,1,3,1,1,2
SF,IF2006,2020-02-19 13:32:25.400,4047.0000,23837,-2,6177044460.000,2,0,2,双平,B,4046.8000,4046.2000,4046.0000,4045.8000,4045.6000,4048.2000,4048.8000,4049.4000,4050.0000,4050.8000,1,1,2,1,1,1,2,1,1,2
SF,IF2006,2020-02-19 13:32:25.900,4047.0000,23837,0,6177044460.000,0,-,-,-,-,4046.8000,4046.2000,4046.0000,4045.8000,4045.6000,4048.0000,4048.2000,4048.8000,4049.4000,4050.0000,1,1,2,1,1,2,1,2,1,1
SF,IF2006,2020-02-19 13:32:26.400,4047.0000,23837,0,6177044460.000,0,-,-,-,-,4047.4000,4047.0000,4046.8000,4046.2000,4046.0000,4048.2000,4048.8000,4049.4000,4050.0000,4050.8000,5,1,1,1,2,1,2,1,1,2
SF,IF2006,2020-02-19 13:32:27.400,4047.0000,23837,0,6177044460.000,0,-,-,-,-,4047.0000,4046.8000,4046.2000,4046.0000,4045.8000,4048.2000,4048.8000,4049.4000,4050.0000,4050.8000,2,1,1,2,1,1,2,1,1,2
SF,IF2006,2020-02-19 13:32:27.900,4048.0000,23836,-1,6178258860.000,1,0,1,双平,B,4047.0000,4046.8000,4046.2000,4046.0000,4045.8000,4048.0000,4048.2000,4048.8000,4049.4000,4050.0000,2,1,1,2,1,1,1,2,1,1
SF,IF2006,2020-02-19 13:32:28.400,4048.0000,23836,0,6178258860.000,0,-,-,-,-,4047.2000,4047.0000,4046.8000,4046.2000,4046.0000,4048.2000,4048.8000,4049.4000,4050.0000,4050.8000,1,1,1,1,2,1,2,1,1,2
SF,IF2006,2020-02-19 13:32:28.900,4047.2000,23836,0,6179473020.000,1,0,1,空换,B,4047.2000,4047.0000,4046.8000,4046.2000,4046.0000,4048.2000,4048.8000,4049.4000,4050.0000,4050.8000,1,1,1,1,2,1,2,1,1,2
SF,IF2006,2020-02-19 13:32:29.400,4047.2000,23836,0,6179473020.000,0,-,-,-,-,4047.2000,4047.0000,4046.8000,4046.2000,4046.0000,4048.0000,4048.2000,4048.8000,4049.4000,4050.0000,1,1,2,1,2,2,1,2,1,1
SF,IF2006,2020-02-19 13:32:30.400,4047.2000,23836,0,6179473020.000,0,-,-,-,-,4047.2000,4046.8000,4046.2000,4046.0000,4045.8000,4048.0000,4048.2000,4048.8000,4049.4000,4050.0000,1,2,1,2,1,2,1,2,1,1
SF,IF2006,2020-02-19 13:32:30.900,4047.2000,23836,0,6179473020.000,0,-,-,-,-,4047.2000,4046.8000,4046.4000,4046.2000,4046.0000,4048.0000,4048.2000,4048.8000,4049.4000,4050.0000,1,2,1,1,2,2,1,2,1,1
SF,IF2006,2020-02-19 13:32:31.400,4047.2000,23836,0,6179473020.000,0,-,-,-,-,4047.2000,4046.8000,4046.6000,4046.4000,4046.2000,4048.0000,4048.2000,4048.8000,4049.4000,4050.0000,1,2,1,1,1,2,1,2,1,1
SF,IF2006,2020-02-19 13:32:31.900,4047.2000,23836,0,6179473020.000,0,-,-,-,-,4047.6000,4047.4000,4047.2000,4046.8000,4046.6000,4048.0000,4048.2000,4048.8000,4049.4000,4050.0000,1,1,1,2,1,2,1,2,1,1
SF,IF2006,2020-02-19 13:32:32.400,4047.2000,23836,0,6179473020.000,0,-,-,-,-,4047.4000,4047.2000,4046.8000,4046.6000,4046.4000,4048.0000,4048.2000,4048.8000,4049.4000,4050.0000,1,1,2,1,1,2,1,2,1,1
SF,IF2006,2020-02-19 13:32:32.900,4047.2000,23836,0,6179473020.000,0,-,-,-,-,4047.2000,4046.8000,4046.6000,4046.4000,4046.2000,4048.0000,4048.2000,4048.8000,4049.4000,4050.0000,1,2,1,1,1,2,1,2,1,1
SF,IF2006,2020-02-19 13:32:33.900,4047.2000,23836,0,6179473020.000,0,-,-,-,-,4047.2000,4047.0000,4046.8000,4046.6000,4046.4000,4048.0000,4048.2000,4048.8000,4049.4000,4050.0000,1,1,2,1,1,2,1,2,1,1
SF,IF2006,2020-02-19 13:32:34.400,4047.2000,23836,0,6179473020.000,0,-,-,-,-,4047.2000,4047.0000,4046.8000,4046.6000,4046.4000,4047.4000,4048.0000,4048.2000,4048.8000,4049.4000,1,1,2,1,1,1,2,1,2,1
SF,IF2006,2020-02-19 13:32:34.900,4047.4000,23836,0,6180687240.000,1,0,1,空换,B,4047.0000,4046.8000,4046.4000,4046.2000,4046.0000,4048.0000,4048.2000,4048.8000,4049.4000,4050.0000,1,2,1,1,2,2,1,2,1,1
SF,IF2006,2020-02-19 13:32:35.400,4047.4000,23836,0,6180687240.000,0,-,-,-,-,4047.0000,4046.8000,4046.4000,4046.2000,4046.0000,4047.2000,4048.0000,4048.2000,4048.8000,4049.4000,1,2,1,1,2,1,2,1,2,1
SF,IF2006,2020-02-19 13:32:35.900,4047.2000,23835,-1,6181901400.000,1,0,1,双平,B,4047.0000,4046.8000,4046.4000,4046.2000,4046.0000,4047.8000,4048.0000,4048.2000,4048.8000,4049.4000,1,2,1,1,2,1,2,1,2,1
SF,IF2006,2020-02-19 13:32:38.400,4047.0000,23835,0,6183115500.000,1,0,1,空换,B,4046.8000,4046.4000,4046.2000,4046.0000,4045.8000,4048.0000,4048.2000,4048.8000,4049.4000,4050.0000,2,1,1,2,1,2,1,2,1,1
SF,IF2006,2020-02-19 13:32:38.900,4047.0000,23835,0,6183115500.000,0,-,-,-,-,4047.0000,4046.8000,4046.4000,4046.2000,4046.0000,4048.0000,4048.2000,4048.8000,4049.4000,4050.0000,5,2,1,1,2,2,1,2,1,1
SF,IF2006,2020-02-19 13:32:39.900,4047.0000,23835,0,6183115500.000,0,-,-,-,-,4047.2000,4047.0000,4046.8000,4046.4000,4046.0000,4048.0000,4048.2000,4048.8000,4049.4000,4050.0000,2,6,2,1,2,2,1,2,1,1
SF,IF2006,2020-02-19 13:32:40.400,4047.0000,23835,0,6184329600.000,1,0,1,空换,B,4047.2000,4047.0000,4046.8000,4046.4000,4046.0000,4048.0000,4048.2000,4048.8000,4049.4000,4050.0000,1,6,2,1,2,2,1,2,1,1
SF,IF2006,2020-02-19 13:32:40.900,4047.0000,23835,0,6184329600.000,0,-,-,-,-,4047.2000,4047.0000,4046.8000,4046.4000,4046.0000,4048.0000,4048.2000,4048.8000,4049.4000,4050.0000,1,6,2,2,2,2,1,2,1,1
SF,IF2006,2020-02-19 13:32:41.400,4048.0000,23835,0,6186758400.000,2,1,1,空换,B,4047.4000,4047.2000,4047.0000,4046.8000,4046.4000,4048.2000,4048.8000,4049.4000,4050.0000,4050.8000,5,1,6,2,2,1,2,1,1,2
SF,IF2006,2020-02-19 13:32:41.900,4048.0000,23835,0,6186758400.000,0,-,-,-,-,4047.4000,4047.2000,4047.0000,4046.8000,4046.4000,4048.2000,4048.8000,4049.4000,4050.0000,4050.8000,6,2,6,2,2,1,2,1,1,2
SF,IF2006,2020-02-19 13:32:42.400,4048.2000,23836,1,6187972860.000,1,1,0,双开,B,4047.8000,4047.6000,4047.4000,4047.2000,4047.0000,4048.8000,4049.4000,4050.0000,4050.8000,4052.2000,5,5,6,1,5,2,1,1,2,1
SF,IF2006,2020-02-19 13:32:43.400,4048.2000,23836,0,6187972860.000,0,-,-,-,-,4047.8000,4047.6000,4047.4000,4047.2000,4047.0000,4048.8000,4049.4000,4050.0000,4050.8000,4052.2000,5,5,5,1,5,2,1,1,2,1
SF,IF2006,2020-02-19 13:32:43.900,4048.2000,23836,0,6187972860.000,0,-,-,-,-,4047.8000,4047.6000,4047.4000,4047.2000,4047.0000,4048.8000,4049.4000,4050.0000,4050.8000,4052.2000,5,4,5,1,5,2,1,1,2,1
SF,IF2006,2020-02-19 13:32:44.400,4048.2000,23836,0,6187972860.000,0,-,-,-,-,4047.6000,4047.4000,4047.2000,4047.0000,4046.8000,4048.6000,4048.8000,4049.4000,4050.0000,4050.8000,2,5,1,5,2,3,2,1,1,2
SF,IF2006,2020-02-19 13:32:44.900,4048.2000,23836,0,6187972860.000,0,-,-,-,-,4046.8000,4046.4000,4046.0000,4045.8000,4045.6000,4048.4000,4048.6000,4049.4000,4050.0000,4050.8000,2,3,2,1,1,1,3,1,1,2
SF,IF2006,2020-02-19 13:32:45.400,4048.2000,23836,0,6187972860.000,0,-,-,-,-,4047.0000,4046.8000,4046.4000,4046.0000,4045.8000,4047.8000,4048.0000,4048.4000,4048.6000,4049.4000,2,2,3,2,1,1,1,3,1,1
SF,IF2006,2020-02-19 13:32:45.900,4048.2000,23836,0,6187972860.000,0,-,-,-,-,4047.0000,4046.8000,4046.4000,4046.0000,4045.8000,4047.8000,4048.0000,4048.4000,4048.6000,4049.4000,2,2,3,2,1,1,1,3,1,1
SF,IF2006,2020-02-19 13:32:46.900,4048.2000,23836,0,6187972860.000,0,-,-,-,-,4047.0000,4046.8000,4046.4000,4046.0000,4045.8000,4047.8000,4048.0000,4048.4000,4048.6000,4049.4000,2,2,3,2,1,1,1,2,1,1
SF,IF2006,2020-02-19 13:32:47.400,4048.2000,23836,0,6187972860.000,0,-,-,-,-,4047.0000,4046.8000,4046.4000,4046.0000,4045.8000,4047.8000,4048.4000,4048.6000,4049.4000,4050.0000,2,2,3,2,1,1,2,1,1,1
SF,IF2006,2020-02-19 13:32:47.900,4048.2000,23836,0,6187972860.000,0,-,-,-,-,4047.4000,4047.2000,4047.0000,4046.8000,4046.4000,4047.8000,4048.4000,4048.6000,4049.4000,4050.0000,5,1,2,2,3,1,2,1,1,1
SF,IF2006,2020-02-19 13:32:48.400,4047.8000,23837,1,6189187200.000,1,1,0,双开,B,4047.4000,4047.2000,4047.0000,4046.8000,4046.4000,4048.4000,4048.6000,4049.4000,4050.0000,4050.8000,5,2,2,2,3,2,1,1,1,2
SF,IF2006,2020-02-19 13:32:48.900,4047.8000,23837,0,6189187200.000,0,-,-,-,-,4047.6000,4047.4000,4047.2000,4046.8000,4046.4000,4048.4000,4048.6000,4049.4000,4050.0000,4050.8000,2,5,1,2,3,2,1,1,1,2
SF,IF2006,2020-02-19 13:32:49.400,4047.8000,23837,0,6189187200.000,0,-,-,-,-,4047.6000,4047.4000,4047.2000,4046.8000,4046.6000,4048.6000,4049.4000,4050.0000,4050.8000,4052.2000,2,5,1,2,1,1,1,1,2,1
SF,IF2006,2020-02-19 13:32:49.900,4047.8000,23837,0,6189187200.000,0,-,-,-,-,4047.6000,4047.4000,4047.2000,4046.8000,4046.6000,4048.6000,4049.4000,4050.0000,4050.8000,4052.2000,2,5,1,2,1,1,1,1,2,1
SF,IF2006,2020-02-19 13:32:50.400,4047.8000,23837,0,6189187200.000,0,-,-,-,-,4047.8000,4047.6000,4047.4000,4047.2000,4046.8000,4048.6000,4049.4000,4050.0000,4050.8000,4052.2000,1,2,5,1,2,1,1,1,2,1
SF,IF2006,2020-02-19 13:32:51.400,4047.8000,23837,0,6189187200.000,0,-,-,-,-,4047.6000,4047.2000,4046.8000,4046.6000,4046.4000,4048.4000,4048.6000,4049.4000,4050.0000,4050.8000,2,1,2,1,3,1,1,1,1,2
SF,IF2006,2020-02-19 13:32:51.900,4047.8000,23837,0,6189187200.000,0,-,-,-,-,4047.8000,4047.2000,4046.8000,4046.6000,4046.4000,4048.0000,4048.2000,4048.4000,4048.6000,4049.4000,1,1,2,1,3,1,2,1,1,1
SF,IF2006,2020-02-19 13:32:52.400,4047.8000,23837,0,6190401540.000,1,0,1,空换,B,4047.2000,4046.8000,4046.6000,4046.4000,4046.0000,4047.8000,4048.0000,4048.2000,4048.4000,4048.6000,1,2,1,3,2,1,1,2,1,1
SF,IF2006,2020-02-19 13:32:52.900,4047.8000,23837,0,6190401540.000,0,-,-,-,-,4046.8000,4046.4000,4046.0000,4045.8000,4045.6000,4047.8000,4048.0000,4048.2000,4048.6000,4049.4000,2,3,2,1,1,1,1,2,1,1
SF,IF2006,2020-02-19 13:32:55.400,4047.8000,23837,0,6190401540.000,0,-,-,-,-,4046.8000,4046.4000,4046.0000,4045.8000,4045.6000,4047.8000,4048.0000,4048.2000,4048.6000,4049.4000,1,3,2,1,1,1,1,2,1,1
SF,IF2006,2020-02-19 13:32:55.900,4047.8000,23837,0,6190401540.000,0,-,-,-,-,4046.8000,4046.4000,4046.0000,4045.8000,4045.6000,4047.6000,4047.8000,4048.0000,4048.6000,4049.4000,1,3,2,1,1,2,1,1,1,1
SF,IF2006,2020-02-19 13:32:57.400,4046.8000,23838,1,6191615580.000,1,1,0,双开,B,4046.4000,4046.0000,4045.8000,4045.6000,4045.2000,4047.4000,4047.6000,4048.0000,4048.6000,4049.4000,3,2,1,1,4,1,2,1,1,1
SF,IF2006,2020-02-19 13:32:57.900,4046.8000,23838,0,6191615580.000,0,-,-,-,-,4046.4000,4046.0000,4045.8000,4045.6000,4045.2000,4047.2000,4047.4000,4048.0000,4048.6000,4049.4000,3,2,1,1,4,2,1,1,1,1
SF,IF2006,2020-02-19 13:33:00.900,4046.8000,23838,0,6191615580.000,0,-,-,-,-,4046.4000,4046.0000,4045.8000,4045.6000,4045.2000,4047.0000,4047.2000,4047.4000,4048.0000,4048.6000,3,2,1,1,4,2,2,1,1,1
SF,IF2006,2020-02-19 13:33:01.400,4046.8000,23838,0,6191615580.000,0,-,-,-,-,4046.6000,4046.4000,4046.0000,4045.8000,4045.6000,4047.0000,4047.2000,4047.4000,4048.0000,4048.6000,1,3,2,1,1,3,2,1,1,1
SF,IF2006,2020-02-19 13:33:01.900,4046.6000,23838,0,6192829560.000,1,0,1,空换,B,4046.4000,4046.0000,4045.8000,4045.6000,4045.2000,4046.6000,4047.2000,4047.4000,4048.0000,4049.4000,3,2,1,1,4,1,2,1,1,1
SF,IF2006,2020-02-19 13:33:02.900,4046.6000,23838,0,6196471380.000,3,1,2,空换,B,4046.4000,4046.0000,4045.8000,4045.6000,4045.2000,4047.2000,4047.4000,4048.0000,4049.4000,4050.0000,1,2,1,1,4,2,1,1,1,1
SF,IF2006,2020-02-19 13:33:03.400,4046.6000,23838,0,6196471380.000,0,-,-,-,-,4046.4000,4046.0000,4045.8000,4045.6000,4045.2000,4047.0000,4047.2000,4047.4000,4048.0000,4049.4000,1,2,1,1,4,1,4,1,1,1
SF,IF2006,2020-02-19 13:33:03.900,4046.6000,23838,0,6196471380.000,0,-,-,-,-,4046.4000,4046.0000,4045.8000,4045.6000,4045.2000,4047.2000,4047.4000,4048.0000,4049.4000,4050.0000,1,2,1,1,4,4,1,1,1,1
SF,IF2006,2020-02-19 13:33:04.400,4046.6000,23838,0,6196471380.000,0,-,-,-,-,4046.4000,4046.0000,4045.8000,4045.6000,4045.2000,4047.0000,4047.2000,4048.0000,4049.4000,4050.0000,1,2,1,1,4,2,4,1,1,1
SF,IF2006,2020-02-19 13:33:04.900,4046.6000,23838,0,6196471380.000,0,-,-,-,-,4046.4000,4046.0000,4045.8000,4045.6000,4045.2000,4046.8000,4047.0000,4047.2000,4048.0000,4049.4000,1,2,1,1,4,1,2,4,1,1
SF,IF2006,2020-02-19 13:33:05.400,4046.6000,23838,0,6196471380.000,0,-,-,-,-,4046.4000,4046.0000,4045.8000,4045.6000,4045.2000,4047.0000,4047.2000,4048.0000,4049.4000,4050.0000,1,2,1,1,4,1,4,1,1,1
SF,IF2006,2020-02-19 13:33:05.900,4046.6000,23838,0,6196471380.000,0,-,-,-,-,4046.4000,4046.0000,4045.8000,4045.6000,4045.2000,4046.8000,4047.0000,4047.2000,4048.0000,4049.4000,1,2,1,1,4,1,1,4,1,1
SF,IF2006,2020-02-19 13:33:06.400,4046.6000,23838,0,6196471380.000,0,-,-,-,-,4046.4000,4046.0000,4045.8000,4045.6000,4045.2000,4047.0000,4047.2000,4048.0000,4049.4000,4050.0000,1,2,1,1,4,1,4,1,1,1
SF,IF2006,2020-02-19 13:33:06.900,4046.4000,23838,0,6197685300.000,1,0,1,空换,B,4046.6000,4046.0000,4045.8000,4045.6000,4045.2000,4047.0000,4047.2000,4048.0000,4049.4000,4050.0000,1,2,1,1,4,1,4,1,1,1
SF,IF2006,2020-02-19 13:33:07.400,4046.6000,23839,1,6198899280.000,1,1,0,双开,B,4046.0000,4045.8000,4045.6000,4045.2000,4045.0000,4046.4000,4046.8000,4047.0000,4047.2000,4048.0000,2,1,1,4,9,1,1,1,4,1
SF,IF2006,2020-02-19 13:33:07.900,4046.6000,23839,0,6198899280.000,0,-,-,-,-,4046.0000,4045.8000,4045.6000,4045.2000,4045.0000,4046.8000,4047.0000,4047.2000,4048.0000,4049.4000,2,1,1,4,9,1,1,5,1,1
SF,IF2006,2020-02-19 13:33:08.400,4046.6000,23839,0,6198899280.000,0,-,-,-,-,4046.0000,4045.8000,4045.6000,4045.2000,4045.0000,4046.8000,4047.0000,4047.2000,4048.0000,4049.4000,2,1,1,4,9,2,1,5,1,1
SF,IF2006,2020-02-19 13:33:08.900,4046.6000,23839,0,6198899280.000,0,-,-,-,-,4046.0000,4045.8000,4045.6000,4045.2000,4045.0000,4046.6000,4046.8000,4047.0000,4047.2000,4048.0000,2,1,1,4,9,3,2,1,3,1
SF,IF2006,2020-02-19 13:33:09.400,4046.6000,23839,0,6198899280.000,0,-,-,-,-,4046.0000,4045.8000,4045.6000,4045.2000,4045.0000,4046.6000,4046.8000,4047.0000,4047.2000,4048.0000,2,1,1,4,9,3,1,1,3,1
SF,IF2006,2020-02-19 13:33:09.900,4046.6000,23839,0,6198899280.000,0,-,-,-,-,4046.0000,4045.8000,4045.6000,4045.2000,4045.0000,4046.4000,4046.6000,4046.8000,4047.0000,4047.2000,2,1,1,4,9,1,3,1,1,3
SF,IF2006,2020-02-19 13:33:10.400,4046.6000,23839,0,6198899280.000,0,-,-,-,-,4046.0000,4045.8000,4045.6000,4045.2000,4045.0000,4046.4000,4046.6000,4047.0000,4047.2000,4048.0000,2,1,1,4,9,1,3,1,3,1
SF,IF2006,2020-02-19 13:33:11.900,4046.6000,23839,0,6198899280.000,0,-,-,-,-,4046.0000,4045.8000,4045.6000,4045.2000,4045.0000,4046.4000,4046.6000,4047.0000,4047.2000,4048.0000,2,1,1,4,9,1,3,1,3,1
SF,IF2006,2020-02-19 13:33:12.400,4046.0000,23840,1,6200113080.000,1,1,0,双开,B,4046.0000,4045.8000,4045.6000,4045.2000,4045.0000,4046.4000,4046.6000,4047.0000,4047.2000,4048.0000,1,1,1,4,9,1,3,1,3,1
SF,IF2006,2020-02-19 13:33:12.900,4046.0000,23840,0,6200113080.000,0,-,-,-,-,4046.0000,4045.8000,4045.6000,4045.2000,4045.0000,4046.6000,4047.0000,4047.2000,4048.0000,4049.4000,1,1,1,4,9,3,1,3,1,1
SF,IF2006,2020-02-19 13:33:13.400,4046.0000,23840,0,6201326880.000,1,0,1,空换,B,4045.8000,4045.6000,4045.2000,4045.0000,4044.8000,4046.4000,4046.6000,4047.0000,4047.2000,4048.0000,1,1,4,9,1,3,3,1,1,1
SF,IF2006,2020-02-19 13:33:13.900,4046.0000,23840,0,6201326880.000,0,-,-,-,-,4045.8000,4045.6000,4045.2000,4045.0000,4044.8000,4046.4000,4046.6000,4047.0000,4047.2000,4048.0000,1,1,4,9,1,4,5,1,1,1
SF,IF2006,2020-02-19 13:33:14.400,4046.0000,23840,0,6201326880.000,0,-,-,-,-,4045.8000,4045.6000,4045.2000,4045.0000,4044.8000,4046.2000,4046.4000,4046.6000,4047.0000,4047.2000,1,1,4,9,1,1,4,4,1,1
SF,IF2006,2020-02-19 13:33:14.900,4046.0000,23840,0,6201326880.000,0,-,-,-,-,4045.8000,4045.6000,4045.2000,4045.0000,4044.8000,4046.2000,4046.4000,4046.6000,4047.0000,4047.2000,1,1,4,9,1,2,3,4,1,1
SF,IF2006,2020-02-19 13:33:15.400,4046.0000,23840,0,6201326880.000,0,-,-,-,-,4045.6000,4045.2000,4045.0000,4044.8000,4043.2000,4046.2000,4046.4000,4046.6000,4047.0000,4047.2000,1,4,9,1,10,1,2,4,1,1
SF,IF2006,2020-02-19 13:33:15.900,4046.0000,23840,0,6201326880.000,0,-,-,-,-,4045.6000,4045.2000,4045.0000,4044.8000,4043.2000,4046.0000,4046.2000,4046.4000,4046.6000,4047.0000,1,4,9,1,10,4,1,1,2,1
SF,IF2006,2020-02-19 13:33:16.400,4045.8000,23840,0,6203754300.000,2,1,1,空换,B,4045.2000,4045.0000,4044.8000,4043.2000,4043.0000,4046.0000,4046.2000,4046.4000,4046.6000,4047.0000,4,9,1,10,1,4,1,1,2,1
SF,IF2006,2020-02-19 13:33:16.900,4045.8000,23840,0,6203754300.000,0,-,-,-,-,4045.4000,4045.2000,4045.0000,4044.8000,4043.2000,4046.4000,4046.6000,4047.0000,4047.2000,4048.0000,2,4,9,1,10,1,2,1,1,1
SF,IF2006,2020-02-19 13:33:17.900,4046.4000,23841,1,6204968220.000,1,1,0,双开,B,4045.4000,4045.2000,4045.0000,4044.8000,4043.2000,4045.8000,4046.6000,4047.0000,4047.2000,4048.0000,2,4,9,1,10,1,2,1,1,1
SF,IF2006,2020-02-19 13:33:18.400,4045.8000,23842,1,6206181960.000,1,1,0,双开,B,4045.8000,4045.4000,4045.2000,4045.0000,4044.8000,4047.0000,4047.2000,4048.0000,4049.4000,4050.0000,1,2,4,9,1,1,1,1,1,1
SF,IF2006,2020-02-19 13:33:18.900,4045.8000,23842,0,6206181960.000,0,-,-,-,-,4046.0000,4045.8000,4045.2000,4045.0000,4044.8000,4046.8000,4047.0000,4047.2000,4048.0000,4049.4000,2,1,4,9,1,1,1,1,1,1
SF,IF2006,2020-02-19 13:33:19.400,4045.8000,23842,0,6206181960.000,0,-,-,-,-,4046.8000,4046.0000,4045.2000,4045.0000,4044.8000,4047.0000,4047.2000,4048.0000,4049.4000,4050.0000,1,2,4,9,1,1,1,1,1,1
SF,IF2006,2020-02-19 13:33:19.900,4047.0000,23843,1,6207396060.000,1,1,0,双开,B,4046.0000,4045.2000,4045.0000,4044.8000,4043.2000,4047.2000,4048.0000,4049.4000,4050.0000,4050.8000,2,4,9,1,10,1,1,1,1,1
SF,IF2006,2020-02-19 13:33:20.400,4047.2000,23844,1,6208610220.000,1,1,0,双开,B,4046.0000,4045.2000,4045.0000,4044.8000,4043.2000,4048.0000,4049.4000,4050.0000,4050.8000,4052.2000,2,4,9,1,10,1,1,1,1,1
SF,IF2006,2020-02-19 13:33:20.900,4047.2000,23844,0,6208610220.000,0,-,-,-,-,4046.2000,4046.0000,4045.2000,4045.0000,4044.8000,4047.8000,4048.0000,4049.4000,4050.0000,4050.8000,1,2,4,9,1,3,1,1,1,1
SF,IF2006,2020-02-19 13:33:21.400,4046.4000,23844,0,6209824140.000,1,0,1,空换,B,4046.4000,4046.2000,4045.2000,4045.0000,4044.8000,4047.6000,4047.8000,4048.0000,4049.4000,4050.0000,1,2,4,9,1,1,3,1,1,1
SF,IF2006,2020-02-19 13:33:21.900,4046.4000,23844,0,6209824140.000,0,-,-,-,-,4046.4000,4046.2000,4045.2000,4045.0000,4044.8000,4047.4000,4047.6000,4047.8000,4048.0000,4049.4000,1,1,4,9,1,2,1,1,1,1
SF,IF2006,2020-02-19 13:33:22.400,4046.4000,23844,0,6209824140.000,0,-,-,-,-,4046.6000,4046.4000,4045.2000,4045.0000,4044.8000,4047.4000,4047.6000,4047.8000,4048.0000,4049.4000,1,1,4,9,1,2,1,1,1,1
SF,IF2006,2020-02-19 13:33:23.900,4046.4000,23844,0,6209824140.000,0,-,-,-,-,4046.6000,4046.4000,4045.2000,4045.0000,4044.8000,4047.4000,4047.8000,4049.4000,4050.0000,4050.8000,1,1,4,9,1,3,1,1,1,1
SF,IF2006,2020-02-19 13:33:24.400,4047.4000,23844,0,6211038360.000,1,0,1,空换,B,4046.6000,4046.4000,4045.2000,4045.0000,4044.8000,4047.8000,4049.4000,4050.0000,4050.8000,4052.2000,1,1,4,9,1,1,1,1,1,1
SF,IF2006,2020-02-19 13:33:24.900,4047.4000,23844,0,6211038360.000,0,-,-,-,-,4046.8000,4046.6000,4045.2000,4045.0000,4044.8000,4047.6000,4047.8000,4049.4000,4050.0000,4050.8000,1,1,4,9,1,2,1,1,1,1
SF,IF2006,2020-02-19 13:33:25.400,4047.4000,23844,0,6211038360.000,0,-,-,-,-,4046.8000,4046.6000,4046.0000,4045.2000,4045.0000,4047.6000,4047.8000,4049.4000,4050.0000,4050.8000,1,1,1,4,9,2,1,1,1,1
SF,IF2006,2020-02-19 13:33:25.900,4047.4000,23844,0,6211038360.000,0,-,-,-,-,4046.8000,4046.6000,4046.0000,4045.2000,4045.0000,4047.6000,4047.8000,4049.4000,4050.0000,4050.8000,1,1,1,4,9,2,1,1,1,1
SF,IF2006,2020-02-19 13:33:27.400,4047.6000,23843,-1,6212252640.000,1,0,1,双平,B,4047.0000,4046.8000,4046.0000,4045.2000,4045.0000,4047.6000,4047.8000,4049.4000,4050.0000,4050.8000,1,1,1,4,9,1,1,1,1,1
SF,IF2006,2020-02-19 13:33:27.900,4047.6000,23843,0,6212252640.000,0,-,-,-,-,4047.0000,4046.8000,4046.0000,4045.2000,4045.0000,4047.8000,4049.4000,4050.0000,4050.8000,4052.2000,1,1,1,4,9,1,1,1,1,1
SF,IF2006,2020-02-19 13:33:30.900,4047.8000,23843,0,6213466980.000,1,0,1,空换,B,4047.0000,4046.8000,4046.0000,4045.2000,4045.0000,4049.4000,4050.0000,4050.8000,4052.2000,4055.0000,1,1,1,4,9,1,1,1,1,5
SF,IF2006,2020-02-19 13:33:31.400,4047.8000,23843,0,6213466980.000,0,-,-,-,-,4048.0000,4047.2000,4047.0000,4046.0000,4045.2000,4048.6000,4048.8000,4049.2000,4049.4000,4050.0000,1,3,1,1,4,2,2,1,1,1
SF,IF2006,2020-02-19 13:33:31.900,4048.0000,23843,0,6214681380.000,1,0,1,空换,B,4047.8000,4047.2000,4047.0000,4046.0000,4045.2000,4048.6000,4048.8000,4049.2000,4049.4000,4050.0000,1,2,1,1,4,2,2,1,1,1
SF,IF2006,2020-02-19 13:33:32.400,4048.0000,23843,0,6214681380.000,0,-,-,-,-,4047.8000,4047.2000,4047.0000,4046.6000,4046.0000,4048.4000,4048.6000,4048.8000,4049.2000,4049.4000,1,2,1,1,1,2,2,2,1,1
SF,IF2006,2020-02-19 13:33:32.900,4048.0000,23843,0,6214681380.000,0,-,-,-,-,4047.8000,4047.2000,4047.0000,4046.6000,4046.0000,4048.4000,4048.6000,4048.8000,4049.2000,4049.4000,1,2,1,1,1,2,2,2,1,1
SF,IF2006,2020-02-19 13:33:34.900,4048.0000,23843,0,6214681380.000,0,-,-,-,-,4047.8000,4047.2000,4047.0000,4046.6000,4046.0000,4048.4000,4048.6000,4048.8000,4049.2000,4049.4000,1,2,1,1,1,2,2,2,1,1
SF,IF2006,2020-02-19 13:33:36.900,4047.8000,23843,0,6215895720.000,1,0,1,空换,B,4047.2000,4047.0000,4046.6000,4046.0000,4045.2000,4048.4000,4048.8000,4049.2000,4049.4000,4050.0000,2,1,1,1,4,2,2,1,1,1
SF,IF2006,2020-02-19 13:33:37.400,4047.8000,23843,0,6215895720.000,0,-,-,-,-,4047.2000,4047.0000,4046.6000,4046.0000,4045.2000,4048.2000,4048.4000,4048.8000,4049.2000,4049.4000,2,1,1,2,4,3,2,2,1,1
SF,IF2006,2020-02-19 13:33:38.400,4047.8000,23843,0,6215895720.000,0,-,-,-,-,4047.4000,4047.2000,4046.6000,4046.0000,4045.2000,4048.2000,4048.4000,4048.8000,4049.2000,4049.4000,1,2,1,2,4,3,2,1,1,1
SF,IF2006,2020-02-19 13:33:38.900,4047.8000,23843,0,6215895720.000,0,-,-,-,-,4047.4000,4047.2000,4046.6000,4046.0000,4045.2000,4048.2000,4048.4000,4048.8000,4049.2000,4049.4000,1,2,1,2,4,3,2,1,1,1
SF,IF2006,2020-02-19 13:33:39.400,4047.8000,23843,0,6215895720.000,0,-,-,-,-,4047.4000,4047.2000,4046.6000,4046.0000,4045.2000,4047.8000,4048.2000,4048.4000,4048.8000,4049.2000,1,2,1,2,4,1,3,2,1,1
SF,IF2006,2020-02-19 13:33:39.900,4047.8000,23843,0,6215895720.000,0,-,-,-,-,4047.4000,4046.6000,4046.0000,4045.2000,4045.0000,4047.8000,4048.2000,4048.4000,4048.8000,4049.2000,1,1,2,4,9,1,3,2,1,1
SF,IF2006,2020-02-19 13:33:40.900,4047.8000,23843,0,6215895720.000,0,-,-,-,-,4047.4000,4046.6000,4046.0000,4045.2000,4045.0000,4047.8000,4048.2000,4048.4000,4048.8000,4049.2000,1,1,2,4,9,1,3,2,1,1
SF,IF2006,2020-02-19 13:33:44.400,4047.8000,23843,0,6215895720.000,0,-,-,-,-,4047.4000,4046.6000,4046.0000,4045.2000,4045.0000,4047.8000,4048.2000,4048.4000,4048.8000,4049.2000,1,1,2,4,9,1,3,2,1,1
SF,IF2006,2020-02-19 13:33:44.900,4047.4000,23843,0,6217109940.000,1,0,1,空换,B,4046.6000,4046.0000,4045.2000,4045.0000,4044.0000,4047.8000,4048.2000,4048.4000,4049.2000,4049.4000,1,2,4,9,1,1,3,2,1,1
SF,IF2006,2020-02-19 13:33:45.400,4047.4000,23843,0,6217109940.000,0,-,-,-,-,4046.8000,4046.6000,4046.0000,4045.2000,4045.0000,4047.6000,4047.8000,4048.2000,4049.2000,4049.4000,2,1,2,4,9,1,1,3,1,1
SF,IF2006,2020-02-19 13:33:45.900,4047.4000,23843,0,6217109940.000,0,-,-,-,-,4046.6000,4046.0000,4045.2000,4045.0000,4044.0000,4047.6000,4047.8000,4048.2000,4049.2000,4049.4000,1,2,4,9,1,2,1,3,1,1
SF,IF2006,2020-02-19 13:33:46.400,4047.4000,23843,0,6217109940.000,0,-,-,-,-,4046.6000,4046.0000,4045.8000,4045.2000,4045.0000,4047.4000,4047.6000,4047.8000,4048.2000,4049.2000,1,2,1,4,9,2,2,1,3,1
SF,IF2006,2020-02-19 13:33:46.900,4047.6000,23844,1,6218324220.000,1,1,0,双开,B,4046.6000,4046.0000,4045.8000,4045.2000,4045.0000,4047.8000,4048.2000,4049.2000,4049.4000,4050.0000,1,2,1,4,9,1,3,1,1,1
SF,IF2006,2020-02-19 13:33:47.400,4047.6000,23844,0,6218324220.000,0,-,-,-,-,4047.0000,4046.8000,4046.6000,4046.0000,4045.8000,4047.8000,4048.2000,4049.2000,4049.4000,4050.0000,1,2,1,2,1,1,3,1,1,1
SF,IF2006,2020-02-19 13:33:47.900,4047.6000,23844,0,6218324220.000,0,-,-,-,-,4046.8000,4046.6000,4046.0000,4045.8000,4045.2000,4047.8000,4048.2000,4049.2000,4049.4000,4050.0000,2,1,2,1,4,1,3,1,1,1
SF,IF2006,2020-02-19 13:33:48.400,4047.6000,23844,0,6218324220.000,0,-,-,-,-,4046.6000,4046.0000,4045.8000,4045.2000,4045.0000,4047.4000,4047.6000,4047.8000,4048.2000,4049.2000,1,2,1,4,9,1,2,1,2,1
SF,IF2006,2020-02-19 13:33:49.400,4047.6000,23844,0,6218324220.000,0,-,-,-,-,4046.8000,4046.6000,4046.0000,4045.8000,4045.2000,4047.4000,4047.6000,4047.8000,4048.2000,4049.2000,1,1,2,1,4,1,2,1,2,1
SF,IF2006,2020-02-19 13:33:51.400,4047.6000,23844,0,6218324220.000,0,-,-,-,-,4046.8000,4046.6000,4046.0000,4045.8000,4045.2000,4047.4000,4047.6000,4047.8000,4048.2000,4049.2000,1,1,2,1,4,1,2,1,2,1
SF,IF2006,2020-02-19 13:33:51.900,4047.6000,23844,0,6218324220.000,0,-,-,-,-,4046.8000,4046.6000,4046.0000,4045.8000,4045.2000,4047.6000,4047.8000,4048.2000,4049.2000,4049.4000,1,1,2,1,4,2,1,2,1,1
SF,IF2006,2020-02-19 13:33:52.400,4047.6000,23844,0,6218324220.000,0,-,-,-,-,4046.8000,4046.6000,4046.0000,4045.8000,4045.2000,4047.8000,4048.2000,4049.2000,4049.4000,4050.0000,1,1,2,1,4,1,2,1,1,1
SF,IF2006,2020-02-19 13:33:52.900,4047.6000,23844,0,6218324220.000,0,-,-,-,-,4046.8000,4046.6000,4046.0000,4045.8000,4045.2000,4047.6000,4047.8000,4048.2000,4049.2000,4049.4000,1,1,2,1,4,3,1,2,1,1
SF,IF2006,2020-02-19 13:33:54.400,4047.6000,23843,-1,6219538500.000,1,0,1,双平,B,4046.8000,4046.6000,4046.0000,4045.8000,4045.2000,4047.6000,4047.8000,4048.2000,4049.2000,4049.4000,1,1,2,1,4,2,1,2,1,1
SF,IF2006,2020-02-19 13:33:58.900,4047.6000,23843,0,6219538500.000,0,-,-,-,-,4046.8000,4046.6000,4046.0000,4045.8000,4045.2000,4047.6000,4047.8000,4048.2000,4049.2000,4049.4000,1,1,2,1,4,2,1,2,1,1
SF,IF2006,2020-02-19 13:33:59.400,4047.6000,23843,0,6219538500.000,0,-,-,-,-,4046.8000,4046.6000,4046.0000,4045.8000,4045.2000,4047.8000,4048.2000,4049.2000,4049.4000,4050.0000,1,1,2,1,4,1,2,1,1,1
SF,IF2006,2020-02-19 13:33:59.900,4047.6000,23843,0,6219538500.000,0,-,-,-,-,4047.0000,4046.8000,4046.6000,4046.0000,4045.8000,4047.8000,4048.2000,4049.2000,4049.4000,4050.0000,2,1,1,2,1,1,2,1,1,1
SF,IF2006,2020-02-19 13:34:00.400,4047.6000,23843,0,6219538500.000,0,-,-,-,-,4047.0000,4046.8000,4046.6000,4046.0000,4045.8000,4047.8000,4048.2000,4049.2000,4049.4000,4050.0000,2,1,1,2,1,1,2,1,1,1
SF,IF2006,2020-02-19 13:34:01.400,4047.0000,23843,0,6220752600.000,1,0,1,空换,B,4047.0000,4046.8000,4046.6000,4046.0000,4045.8000,4047.8000,4048.2000,4049.2000,4049.4000,4050.0000,1,1,1,2,1,1,2,1,1,1
SF,IF2006,2020-02-19 13:34:01.900,4047.0000,23843,0,6220752600.000,0,-,-,-,-,4046.8000,4046.6000,4046.0000,4045.8000,4045.2000,4047.8000,4048.2000,4049.2000,4049.4000,4050.0000,1,1,2,1,4,1,2,1,1,1
SF,IF2006,2020-02-19 13:34:02.400,4047.0000,23843,0,6220752600.000,0,-,-,-,-,4046.6000,4046.0000,4045.8000,4045.2000,4045.0000,4047.8000,4048.2000,4049.2000,4049.4000,4050.0000,1,2,1,4,9,1,2,1,1,1
SF,IF2006,2020-02-19 13:34:04.400,4046.6000,23843,0,6223180920.000,2,1,1,空换,B,4046.0000,4045.8000,4045.2000,4045.0000,4044.4000,4048.2000,4049.2000,4049.4000,4050.0000,4050.6000,2,1,4,9,1,2,1,1,1,1
SF,IF2006,2020-02-19 13:34:04.900,4046.6000,23843,0,6223180920.000,0,-,-,-,-,4046.2000,4046.0000,4045.8000,4045.2000,4045.0000,4048.0000,4048.2000,4049.4000,4050.0000,4050.6000,5,2,1,4,9,3,2,1,1,1
SF,IF2006,2020-02-19 13:34:05.400,4046.6000,23843,0,6223180920.000,0,-,-,-,-,4046.2000,4046.0000,4045.8000,4045.2000,4045.0000,4047.8000,4048.0000,4048.2000,4049.4000,4050.0000,4,2,1,4,9,2,3,2,1,1
SF,IF2006,2020-02-19 13:34:05.900,4046.6000,23843,0,6223180920.000,0,-,-,-,-,4046.2000,4046.0000,4045.8000,4045.2000,4045.0000,4047.8000,4048.0000,4048.2000,4049.4000,4050.0000,4,3,1,4,9,2,3,2,1,1
SF,IF2006,2020-02-19 13:34:06.400,4046.6000,23843,0,6223180920.000,0,-,-,-,-,4046.6000,4046.2000,4046.0000,4045.8000,4045.2000,4047.8000,4048.0000,4048.2000,4049.4000,4050.0000,1,3,3,1,4,2,3,2,1,1
SF,IF2006,2020-02-19 13:34:06.900,4046.6000,23843,0,6223180920.000,0,-,-,-,-,4046.6000,4046.4000,4046.2000,4046.0000,4045.8000,4048.0000,4049.4000,4050.0000,4050.6000,4050.8000,1,1,1,3,1,2,1,1,1,1
SF,IF2006,2020-02-19 13:34:07.400,4046.6000,23843,0,6223180920.000,0,-,-,-,-,4047.0000,4046.8000,4046.6000,4046.4000,4046.2000,4048.0000,4049.4000,4050.0000,4050.6000,4050.8000,1,7,2,1,1,1,1,1,1,1
SF,IF2006,2020-02-19 13:34:07.900,4048.0000,23843,0,6224395320.000,1,0,1,空换,B,4047.4000,4046.8000,4046.6000,4046.2000,4046.0000,4049.4000,4050.0000,4050.6000,4050.8000,4052.2000,1,6,2,1,3,1,1,1,1,1
SF,IF2006,2020-02-19 13:34:08.400,4048.0000,23843,0,6224395320.000,0,-,-,-,-,4047.6000,4047.4000,4047.2000,4046.8000,4046.6000,4049.2000,4049.4000,4050.0000,4050.6000,4050.8000,3,1,1,6,2,1,3,1,1,1
SF,IF2006,2020-02-19 13:34:08.900,4048.0000,23843,0,6224395320.000,0,-,-,-,-,4047.8000,4047.6000,4047.2000,4046.8000,4046.6000,4049.0000,4049.2000,4049.4000,4050.0000,4050.6000,1,3,1,6,1,2,1,3,1,1
SF,IF2006,2020-02-19 13:34:09.400,4048.0000,23843,0,6224395320.000,0,-,-,-,-,4047.8000,4047.6000,4046.8000,4046.6000,4046.0000,4049.0000,4049.4000,4050.0000,4050.6000,4050.8000,1,2,6,1,3,2,3,1,1,1
SF,IF2006,2020-02-19 13:34:09.900,4048.0000,23843,0,6224395320.000,0,-,-,-,-,4047.8000,4046.8000,4046.6000,4046.0000,4045.8000,4049.0000,4049.4000,4050.0000,4050.6000,4050.8000,1,6,1,3,1,2,1,1,1,1
SF,IF2006,2020-02-19 13:34:10.400,4048.0000,23843,0,6224395320.000,0,-,-,-,-,4048.0000,4047.8000,4046.8000,4046.6000,4046.0000,4049.0000,4049.4000,4050.0000,4050.6000,4050.8000,2,1,6,1,3,2,1,1,1,1
SF,IF2006,2020-02-19 13:34:10.900,4048.0000,23843,0,6224395320.000,0,-,-,-,-,4048.0000,4047.8000,4046.8000,4046.6000,4046.0000,4049.4000,4050.0000,4050.6000,4050.8000,4052.2000,2,1,1,1,3,1,1,1,1,1
SF,IF2006,2020-02-19 13:34:11.400,4048.0000,23843,0,6224395320.000,0,-,-,-,-,4048.0000,4047.8000,4046.8000,4046.6000,4046.0000,4049.2000,4049.4000,4050.6000,4050.8000,4052.2000,2,1,1,1,3,2,1,1,1,1
SF,IF2006,2020-02-19 13:34:11.900,4048.0000,23843,0,6224395320.000,0,-,-,-,-,4048.0000,4047.8000,4046.8000,4046.6000,4046.0000,4049.4000,4050.6000,4050.8000,4052.2000,4055.0000,2,1,1,1,3,1,1,1,1,5
SF,IF2006,2020-02-19 13:34:12.400,4048.0000,23843,0,6224395320.000,0,-,-,-,-,4048.0000,4047.8000,4046.6000,4046.0000,4045.8000,4049.2000,4049.4000,4050.6000,4050.8000,4052.2000,2,1,1,3,1,3,1,1,1,1
SF,IF2006,2020-02-19 13:34:13.400,4048.0000,23843,0,6224395320.000,0,-,-,-,-,4048.0000,4047.8000,4046.6000,4046.0000,4045.8000,4049.2000,4049.4000,4050.6000,4050.8000,4052.2000,2,1,1,3,1,3,1,1,1,1
SF,IF2006,2020-02-19 13:34:13.900,4048.0000,23843,0,6224395320.000,0,-,-,-,-,4048.0000,4047.8000,4046.6000,4046.0000,4045.8000,4049.2000,4049.4000,4050.6000,4050.8000,4052.2000,2,1,1,3,1,3,1,1,1,1
SF,IF2006,2020-02-19 13:34:14.400,4048.0000,23843,0,6224395320.000,0,-,-,-,-,4048.0000,4047.8000,4046.6000,4046.0000,4045.8000,4049.2000,4049.4000,4050.6000,4050.8000,4052.2000,2,1,1,3,1,3,1,1,1,1
SF,IF2006,2020-02-19 13:34:15.400,4048.0000,23843,0,6224395320.000,0,-,-,-,-,4048.0000,4047.8000,4046.6000,4046.0000,4045.8000,4049.0000,4049.2000,4049.4000,4050.6000,4050.8000,2,1,1,3,1,1,3,1,1,1
SF,IF2006,2020-02-19 13:34:15.900,4048.0000,23843,0,6224395320.000,0,-,-,-,-,4048.0000,4047.8000,4046.6000,4046.0000,4045.8000,4049.0000,4049.2000,4049.4000,4050.6000,4050.8000,2,1,1,3,1,1,1,1,1,1
SF,IF2006,2020-02-19 13:34:16.400,4049.0000,23843,0,6225610020.000,1,0,1,空换,B,4048.2000,4048.0000,4046.6000,4046.0000,4045.8000,4049.4000,4050.6000,4050.8000,4052.2000,4055.4000,1,2,1,3,1,1,1,1,1,1
SF,IF2006,2020-02-19 13:34:16.900,4049.4000,23843,0,6226824840.000,1,0,1,空换,B,4048.2000,4046.0000,4045.8000,4045.2000,4045.0000,4050.6000,4050.8000,4052.2000,4055.4000,4056.2000,2,3,1,4,9,1,1,1,1,1
SF,IF2006,2020-02-19 13:34:17.400,4049.4000,23843,0,6226824840.000,0,-,-,-,-,4048.6000,4048.4000,4048.2000,4046.0000,4045.8000,4050.4000,4050.6000,4050.8000,4052.2000,4055.4000,2,3,1,3,1,4,2,2,1,1
SF,IF2006,2020-02-19 13:34:17.900,4049.4000,23843,0,6226824840.000,0,-,-,-,-,4048.6000,4048.4000,4048.2000,4046.0000,4045.8000,4049.4000,4050.2000,4050.4000,4050.6000,4050.8000,3,1,1,3,1,1,2,4,2,2
SF,IF2006,2020-02-19 13:34:18.400,4049.4000,23843,0,6226824840.000,0,-,-,-,-,4048.8000,4048.6000,4048.2000,4046.0000,4045.8000,4049.4000,4050.2000,4050.4000,4050.6000,4050.8000,7,3,1,3,1,1,2,4,2,2
SF,IF2006,2020-02-19 13:34:18.900,4049.4000,23844,1,6228039660.000,1,1,0,双开,B,4048.8000,4048.6000,4048.2000,4046.0000,4045.8000,4050.2000,4050.4000,4050.6000,4050.8000,4052.2000,2,2,1,3,1,2,3,2,1,1
SF,IF2006,2020-02-19 13:34:19.400,4049.4000,23844,0,6228039660.000,0,-,-,-,-,4048.8000,4048.6000,4048.2000,4046.0000,4045.8000,4050.2000,4050.4000,4050.6000,4050.8000,4052.2000,2,2,1,3,1,2,3,2,1,1
SF,IF2006,2020-02-19 13:34:19.900,4049.4000,23844,0,6228039660.000,0,-,-,-,-,4049.0000,4048.8000,4048.6000,4046.0000,4045.8000,4050.0000,4050.2000,4050.4000,4050.6000,4050.8000,1,2,2,3,1,2,2,2,2,1
SF,IF2006,2020-02-19 13:34:20.400,4049.4000,23844,0,6228039660.000,0,-,-,-,-,4049.0000,4048.8000,4048.6000,4046.0000,4045.8000,4050.0000,4050.2000,4050.4000,4050.6000,4050.8000,1,2,2,3,1,2,2,2,1,1
SF,IF2006,2020-02-19 13:34:21.400,4049.4000,23844,0,6228039660.000,0,-,-,-,-,4049.0000,4048.8000,4048.6000,4046.0000,4045.8000,4050.0000,4050.2000,4050.4000,4050.6000,4050.8000,1,2,2,3,1,1,2,2,1,1
SF,IF2006,2020-02-19 13:34:21.900,4049.4000,23844,0,6228039660.000,0,-,-,-,-,4049.0000,4048.8000,4048.6000,4046.0000,4045.8000,4050.0000,4050.2000,4050.4000,4050.6000,4050.8000,1,2,2,3,1,1,2,2,1,1
SF,IF2006,2020-02-19 13:34:23.400,4049.4000,23844,0,6228039660.000,0,-,-,-,-,4049.0000,4048.8000,4048.6000,4046.0000,4045.8000,4050.0000,4050.2000,4050.4000,4050.6000,4055.0000,1,2,2,3,1,1,2,3,1,1
SF,IF2006,2020-02-19 13:34:23.900,4049.4000,23844,0,6228039660.000,0,-,-,-,-,4049.0000,4048.6000,4046.0000,4045.8000,4045.2000,4050.0000,4050.2000,4050.4000,4050.6000,4055.0000,1,1,3,1,1,1,2,3,1,1
SF,IF2006,2020-02-19 13:34:24.400,4049.4000,23844,0,6228039660.000,0,-,-,-,-,4049.2000,4049.0000,4048.6000,4046.0000,4045.8000,4050.0000,4050.2000,4050.4000,4050.6000,4055.0000,2,1,1,3,1,1,2,3,1,1
SF,IF2006,2020-02-19 13:34:24.900,4049.4000,23844,0,6228039660.000,0,-,-,-,-,4049.2000,4049.0000,4048.6000,4046.0000,4045.8000,4050.4000,4050.6000,4055.0000,4055.4000,4056.2000,2,1,1,3,1,1,1,1,1,1
SF,IF2006,2020-02-19 13:34:25.400,4049.4000,23844,0,6228039660.000,0,-,-,-,-,4049.2000,4049.0000,4048.6000,4046.0000,4045.8000,4050.4000,4050.6000,4055.0000,4055.4000,4056.2000,2,1,1,3,1,1,1,1,1,1
SF,IF2006,2020-02-19 13:34:26.400,4049.4000,23844,0,6228039660.000,0,-,-,-,-,4049.4000,4049.2000,4048.6000,4046.0000,4045.8000,4050.4000,4050.6000,4055.0000,4055.4000,4056.2000,1,2,1,3,1,1,1,1,1,1
SF,IF2006,2020-02-19 13:34:26.900,4049.4000,23844,0,6228039660.000,0,-,-,-,-,4049.4000,4048.6000,4046.0000,4045.8000,4045.2000,4050.4000,4050.6000,4055.0000,4055.4000,4056.2000,1,1,3,1,1,1,1,1,1,1
SF,IF2006,2020-02-19 13:34:27.400,4049.4000,23844,0,6228039660.000,0,-,-,-,-,4049.6000,4049.4000,4046.0000,4045.8000,4045.2000,4050.4000,4050.6000,4055.0000,4055.4000,4056.2000,2,1,3,1,1,1,1,1,1,1
SF,IF2006,2020-02-19 13:34:29.400,4049.4000,23844,0,6228039660.000,0,-,-,-,-,4049.6000,4046.0000,4045.8000,4045.2000,4045.0000,4050.4000,4050.6000,4055.0000,4055.4000,4056.2000,2,3,1,1,9,1,1,1,1,1
SF,IF2006,2020-02-19 13:34:29.900,4049.4000,23844,0,6228039660.000,0,-,-,-,-,4046.0000,4045.8000,4045.2000,4045.0000,4044.4000,4050.4000,4050.6000,4055.0000,4055.4000,4056.2000,3,1,1,9,1,1,1,1,1,1
SF,IF2006,2020-02-19 13:34:30.400,4049.4000,23844,0,6228039660.000,0,-,-,-,-,4048.8000,4048.0000,4047.6000,4047.0000,4046.6000,4050.2000,4050.4000,4050.6000,4055.0000,4055.4000,5,2,2,1,1,1,3,1,1,1
SF,IF2006,2020-02-19 13:34:30.900,4049.4000,23844,0,6228039660.000,0,-,-,-,-,4048.8000,4048.0000,4047.0000,4046.6000,4046.4000,4050.0000,4050.4000,4050.6000,4055.0000,4055.4000,5,1,1,1,1,2,3,1,1,1
SF,IF2006,2020-02-19 13:34:31.400,4049.4000,23844,0,6228039660.000,0,-,-,-,-,4049.0000,4048.8000,4048.0000,4047.0000,4046.6000,4050.0000,4050.4000,4050.6000,4055.0000,4055.4000,2,5,1,1,1,2,3,1,1,1
SF,IF2006,2020-02-19 13:34:31.900,4049.4000,23844,0,6228039660.000,0,-,-,-,-,4048.0000,4047.0000,4046.6000,4046.4000,4046.2000,4050.0000,4050.4000,4050.6000,4055.0000,4055.4000,1,1,1,1,4,2,3,1,1,1
SF,IF2006,2020-02-19 13:34:32.400,4049.4000,23844,0,6228039660.000,0,-,-,-,-,4048.4000,4048.2000,4048.0000,4047.0000,4046.6000,4050.0000,4050.4000,4050.6000,4055.0000,4055.4000,5,5,1,1,1,2,3,1,1,1
SF,IF2006,2020-02-19 13:34:32.900,4048.6000,23844,0,6229254240.000,1,0,1,空换,B,4048.6000,4048.4000,4048.2000,4048.0000,4047.0000,4050.0000,4050.4000,4050.6000,4055.0000,4055.4000,1,5,2,1,1,2,3,1,1,1
SF,IF2006,2020-02-19 13:34:33.400,4048.6000,23844,0,6229254240.000,0,-,-,-,-,4048.8000,4048.6000,4048.4000,4048.2000,4048.0000,4050.0000,4050.4000,4050.6000,4055.0000,4055.4000,7,1,5,2,1,2,3,1,1,1
SF,IF2006,2020-02-19 13:34:33.900,4048.6000,23844,0,6229254240.000,0,-,-,-,-,4048.8000,4048.6000,4048.4000,4048.2000,4048.0000,4050.0000,4050.4000,4050.6000,4055.0000,4055.4000,3,1,5,2,1,2,3,1,1,1
SF,IF2006,2020-02-19 13:34:34.900,4048.6000,23844,0,6229254240.000,0,-,-,-,-,4049.0000,4048.8000,4048.6000,4048.4000,4048.2000,4050.0000,4050.4000,4050.6000,4055.0000,4055.4000,1,3,1,5,2,2,3,1,1,1
SF,IF2006,2020-02-19 13:34:35.400,4048.6000,23844,0,6229254240.000,0,-,-,-,-,4049.0000,4048.8000,4048.4000,4048.2000,4048.0000,4050.0000,4050.4000,4050.6000,4055.0000,4055.4000,1,2,5,2,1,2,3,1,1,1
SF,IF2006,2020-02-19 13:34:35.900,4048.6000,23844,0,6229254240.000,0,-,-,-,-,4049.0000,4048.8000,4048.4000,4048.2000,4048.0000,4050.0000,4050.4000,4050.6000,4051.8000,4055.4000,1,2,5,2,1,2,3,1,1,1
SF,IF2006,2020-02-19 13:34:36.900,4048.6000,23844,0,6229254240.000,0,-,-,-,-,4049.2000,4049.0000,4048.8000,4048.4000,4048.2000,4050.0000,4050.4000,4050.6000,4051.8000,4055.4000,1,1,2,5,2,2,3,1,1,1
SF,IF2006,2020-02-19 13:34:37.900,4048.6000,23844,0,6229254240.000,0,-,-,-,-,4049.0000,4048.8000,4048.4000,4048.2000,4048.0000,4050.0000,4050.4000,4050.6000,4051.8000,4055.4000,1,2,5,2,1,2,3,1,1,1
SF,IF2006,2020-02-19 13:34:38.400,4048.6000,23844,0,6229254240.000,0,-,-,-,-,4049.0000,4048.4000,4048.2000,4048.0000,4047.0000,4049.8000,4050.0000,4050.4000,4050.6000,4051.8000,1,5,2,1,1,1,2,3,1,1
SF,IF2006,2020-02-19 13:34:39.400,4048.6000,23844,0,6229254240.000,0,-,-,-,-,4048.4000,4048.2000,4048.0000,4047.0000,4046.4000,4049.8000,4050.0000,4050.4000,4050.6000,4051.8000,5,2,1,1,1,1,2,3,1,1
SF,IF2006,2020-02-19 13:34:40.400,4048.6000,23844,0,6229254240.000,0,-,-,-,-,4048.4000,4048.2000,4048.0000,4047.0000,4046.4000,4050.0000,4050.4000,4050.6000,4051.8000,4055.4000,5,2,1,1,1,2,3,1,1,1
SF,IF2006,2020-02-19 13:34:40.900,4048.6000,23844,0,6229254240.000,0,-,-,-,-,4048.6000,4048.4000,4048.2000,4048.0000,4047.0000,4050.0000,4050.4000,4050.6000,4051.8000,4055.4000,3,5,2,1,1,2,3,1,1,1
SF,IF2006,2020-02-19 13:34:41.400,4048.6000,23844,0,6229254240.000,0,-,-,-,-,4048.6000,4048.4000,4048.2000,4048.0000,4047.0000,4049.8000,4050.0000,4050.4000,4050.6000,4051.8000,3,5,2,1,1,1,2,3,1,1
SF,IF2006,2020-02-19 13:34:41.900,4048.6000,23844,0,6229254240.000,0,-,-,-,-,4048.6000,4048.4000,4048.2000,4048.0000,4047.0000,4049.8000,4050.4000,4050.6000,4051.8000,4055.4000,3,5,2,1,1,2,3,1,1,1
SF,IF2006,2020-02-19 13:34:42.900,4048.6000,23844,0,6229254240.000,0,-,-,-,-,4048.6000,4048.4000,4048.2000,4048.0000,4047.0000,4049.8000,4050.4000,4050.6000,4051.8000,4055.4000,3,5,2,1,1,1,3,1,1,1
SF,IF2006,2020-02-19 13:34:43.400,4048.6000,23844,0,6229254240.000,0,-,-,-,-,4048.6000,4048.4000,4048.2000,4048.0000,4047.0000,4049.8000,4050.4000,4050.6000,4051.8000,4055.4000,3,5,2,1,1,2,3,1,1,1
SF,IF2006,2020-02-19 13:34:43.900,4048.6000,23844,0,6229254240.000,0,-,-,-,-,4048.6000,4048.4000,4048.2000,4048.0000,4047.6000,4049.8000,4050.4000,4050.6000,4051.8000,4055.4000,3,5,2,1,1,2,3,1,1,1
SF,IF2006,2020-02-19 13:34:44.400,4048.6000,23844,0,6229254240.000,0,-,-,-,-,4048.6000,4048.4000,4048.2000,4048.0000,4047.6000,4049.6000,4049.8000,4050.4000,4050.6000,4051.8000,3,5,2,1,1,2,2,3,1,1
SF,IF2006,2020-02-19 13:34:44.900,4048.6000,23844,0,6229254240.000,0,-,-,-,-,4048.6000,4048.4000,4048.2000,4048.0000,4047.6000,4049.6000,4049.8000,4050.4000,4050.6000,4051.8000,3,5,1,1,1,2,2,3,1,1
SF,IF2006,2020-02-19 13:34:45.900,4048.6000,23844,0,6229254240.000,0,-,-,-,-,4048.6000,4048.4000,4048.0000,4047.6000,4047.0000,4049.6000,4049.8000,4050.4000,4050.6000,4051.8000,3,5,1,1,1,2,1,3,1,1
SF,IF2006,2020-02-19 13:34:46.400,4048.6000,23844,0,6229254240.000,0,-,-,-,-,4048.6000,4048.4000,4048.0000,4047.6000,4047.0000,4049.4000,4049.6000,4049.8000,4050.4000,4050.6000,2,5,1,1,1,1,2,1,3,1
SF,IF2006,2020-02-19 13:34:46.900,4048.6000,23844,0,6229254240.000,0,-,-,-,-,4048.6000,4048.4000,4048.0000,4047.6000,4047.0000,4049.4000,4049.6000,4049.8000,4050.4000,4050.6000,2,5,1,1,1,1,2,1,3,1
SF,IF2006,2020-02-19 13:34:47.400,4048.6000,23844,0,6229254240.000,0,-,-,-,-,4048.6000,4048.4000,4048.0000,4047.6000,4047.0000,4049.6000,4049.8000,4050.4000,4050.6000,4051.8000,2,5,1,1,1,2,1,3,1,1
SF,IF2006,2020-02-19 13:34:48.900,4048.6000,23844,0,6229254240.000,0,-,-,-,-,4048.6000,4048.0000,4047.6000,4047.0000,4046.2000,4049.6000,4049.8000,4050.4000,4050.6000,4051.8000,2,1,1,1,2,4,1,3,1,1
SF,IF2006,2020-02-19 13:34:49.400,4048.6000,23844,0,6229254240.000,0,-,-,-,-,4047.6000,4047.0000,4046.2000,4046.0000,4045.2000,4049.4000,4049.6000,4050.4000,4050.6000,4051.8000,1,1,2,5,1,2,4,3,1,1
SF,IF2006,2020-02-19 13:34:49.900,4048.6000,23844,0,6229254240.000,0,-,-,-,-,4048.0000,4047.8000,4047.6000,4046.2000,4046.0000,4049.4000,4049.6000,4050.4000,4050.6000,4051.8000,5,2,1,2,5,3,2,3,1,1
SF,IF2006,2020-02-19 13:34:50.400,4048.6000,23844,0,6229254240.000,0,-,-,-,-,4047.6000,4046.2000,4046.0000,4045.2000,4045.0000,4049.0000,4049.2000,4049.4000,4050.4000,4050.6000,1,2,5,1,9,1,2,2,3,1
SF,IF2006,2020-02-19 13:34:50.900,4049.0000,23844,0,6230468940.000,1,0,1,空换,B,4047.8000,4047.6000,4046.2000,4046.0000,4045.2000,4049.0000,4049.2000,4050.4000,4050.6000,4051.8000,2,1,2,5,1,2,1,3,1,1
SF,IF2006,2020-02-19 13:34:51.400,4049.0000,23844,0,6230468940.000,0,-,-,-,-,4047.8000,4047.6000,4046.2000,4046.0000,4045.2000,4048.6000,4048.8000,4049.0000,4049.2000,4050.4000,2,1,2,3,1,2,2,2,1,3
SF,IF2006,2020-02-19 13:34:51.900,4049.0000,23844,0,6230468940.000,0,-,-,-,-,4047.6000,4046.2000,4046.0000,4045.2000,4045.0000,4048.6000,4048.8000,4049.0000,4049.2000,4050.4000,1,2,3,1,9,2,2,2,1,3
SF,IF2006,2020-02-19 13:34:52.400,4049.0000,23844,0,6230468940.000,0,-,-,-,-,4047.8000,4047.6000,4046.2000,4046.0000,4045.2000,4048.4000,4048.6000,4048.8000,4049.0000,4049.2000,7,1,2,3,1,1,1,2,2,1
SF,IF2006,2020-02-19 13:34:52.900,4049.0000,23844,0,6230468940.000,0,-,-,-,-,4047.6000,4046.2000,4046.0000,4045.2000,4045.0000,4048.6000,4048.8000,4049.0000,4049.2000,4050.4000,1,2,3,1,9,1,2,2,1,3
SF,IF2006,2020-02-19 13:34:53.400,4048.6000,23844,0,6231683520.000,1,0,1,空换,B,4047.6000,4046.2000,4046.0000,4045.2000,4045.0000,4048.4000,4048.6000,4049.2000,4050.4000,4050.6000,1,2,3,1,9,1,2,1,3,1
SF,IF2006,2020-02-19 13:34:55.400,4048.6000,23844,0,6231683520.000,0,-,-,-,-,4047.6000,4046.2000,4046.0000,4045.2000,4045.0000,4048.4000,4048.6000,4050.4000,4050.6000,4051.8000,1,2,3,1,9,1,2,3,1,1
SF,IF2006,2020-02-19 13:34:55.900,4048.6000,23844,0,6231683520.000,0,-,-,-,-,4047.8000,4047.6000,4046.2000,4046.0000,4045.2000,4050.4000,4050.6000,4051.8000,4053.8000,4055.4000,1,1,2,3,1,3,1,1,1,1
SF,IF2006,2020-02-19 13:34:56.400,4048.6000,23844,0,6231683520.000,0,-,-,-,-,4048.0000,4047.8000,4047.6000,4046.2000,4046.0000,4049.2000,4049.6000,4050.0000,4050.2000,4050.4000,3,1,1,2,3,2,2,4,3,3
SF,IF2006,2020-02-19 13:34:56.900,4048.6000,23844,0,6231683520.000,0,-,-,-,-,4048.0000,4047.6000,4046.2000,4046.0000,4045.2000,4049.0000,4049.2000,4050.0000,4050.2000,4050.4000,2,1,2,3,1,2,2,1,3,3
SF,IF2006,2020-02-19 13:34:57.400,4048.6000,23844,0,6231683520.000,0,-,-,-,-,4047.6000,4046.2000,4046.0000,4045.2000,4045.0000,4048.8000,4049.0000,4050.0000,4050.2000,4050.4000,1,2,3,1,9,2,4,1,2,3
SF,IF2006,2020-02-19 13:34:57.900,4048.6000,23844,0,6231683520.000,0,-,-,-,-,4047.6000,4046.2000,4046.0000,4045.2000,4045.0000,4048.4000,4048.8000,4050.0000,4050.2000,4050.4000,1,2,3,1,9,1,2,1,2,3
SF,IF2006,2020-02-19 13:34:58.400,4048.6000,23844,0,6231683520.000,0,-,-,-,-,4047.6000,4046.2000,4046.0000,4045.2000,4045.0000,4048.4000,4048.6000,4048.8000,4050.0000,4050.2000,1,2,3,1,9,1,2,2,1,2
SF,IF2006,2020-02-19 13:34:59.900,4048.6000,23844,0,6231683520.000,0,-,-,-,-,4047.6000,4046.2000,4046.0000,4045.2000,4045.0000,4048.4000,4048.6000,4048.8000,4049.2000,4050.0000,1,2,3,1,9,1,2,2,1,1
SF,IF2006,2020-02-19 13:35:00.900,4048.6000,23844,0,6231683520.000,0,-,-,-,-,4047.6000,4046.2000,4046.0000,4045.2000,4045.0000,4048.2000,4048.4000,4048.6000,4048.8000,4049.2000,1,2,3,1,9,1,1,2,2,1
SF,IF2006,2020-02-19 13:35:01.400,4048.6000,23844,0,6231683520.000,0,-,-,-,-,4047.6000,4046.2000,4046.0000,4045.2000,4045.0000,4048.2000,4048.4000,4048.6000,4048.8000,4049.2000,2,2,3,1,9,1,1,2,2,1
SF,IF2006,2020-02-19 13:35:03.400,4048.6000,23844,0,6231683520.000,0,-,-,-,-,4047.6000,4046.2000,4046.0000,4045.2000,4045.0000,4048.2000,4048.4000,4048.8000,4049.2000,4050.0000,2,2,3,1,9,1,1,2,1,1
SF,IF2006,2020-02-19 13:35:03.900,4048.6000,23844,0,6231683520.000,0,-,-,-,-,4047.6000,4046.2000,4046.0000,4045.2000,4045.0000,4048.4000,4048.8000,4049.2000,4050.0000,4050.2000,2,2,3,1,9,1,2,1,1,2
SF,IF2006,2020-02-19 13:35:04.400,4048.6000,23844,0,6231683520.000,0,-,-,-,-,4047.8000,4047.6000,4046.2000,4046.0000,4045.2000,4048.4000,4048.8000,4049.2000,4050.0000,4050.2000,1,2,2,3,1,1,1,1,1,2
SF,IF2006,2020-02-19 13:35:04.900,4048.6000,23844,0,6231683520.000,0,-,-,-,-,4048.0000,4047.8000,4047.6000,4046.2000,4046.0000,4048.4000,4048.8000,4049.2000,4050.0000,4050.2000,2,1,2,2,3,1,1,1,1,2
SF,IF2006,2020-02-19 13:35:05.900,4048.0000,23842,-2,6234112440.000,2,0,2,双平,B,4048.0000,4047.8000,4047.6000,4046.2000,4046.0000,4048.8000,4049.2000,4050.0000,4050.2000,4050.4000,1,1,2,2,3,1,1,1,2,3
SF,IF2006,2020-02-19 13:35:06.400,4048.0000,23842,0,6234112440.000,0,-,-,-,-,4048.4000,4047.8000,4047.6000,4046.2000,4046.0000,4049.2000,4050.2000,4050.4000,4050.6000,4051.8000,1,1,2,2,3,1,2,3,1,1
SF,IF2006,2020-02-19 13:35:06.900,4048.0000,23842,0,6234112440.000,0,-,-,-,-,4048.4000,4047.8000,4047.6000,4046.2000,4046.0000,4049.0000,4049.2000,4050.2000,4050.4000,4050.6000,1,1,2,2,3,2,1,2,3,1
SF,IF2006,2020-02-19 13:35:07.400,4048.0000,23842,0,6234112440.000,0,-,-,-,-,4048.4000,4047.8000,4047.6000,4046.2000,4046.0000,4049.0000,4049.2000,4050.2000,4050.4000,4050.6000,1,1,2,2,3,2,1,2,3,1
SF,IF2006,2020-02-19 13:35:08.900,4048.0000,23842,0,6234112440.000,0,-,-,-,-,4048.4000,4047.8000,4047.6000,4046.2000,4046.0000,4049.0000,4049.2000,4050.2000,4050.4000,4050.6000,1,1,2,2,3,2,1,2,3,1
SF,IF2006,2020-02-19 13:35:09.400,4048.2000,23841,-1,6235326900.000,1,0,1,双平,B,4048.4000,4047.8000,4047.6000,4046.8000,4046.2000,4049.0000,4049.2000,4050.2000,4050.4000,4050.6000,1,1,2,1,2,2,1,2,3,1
SF,IF2006,2020-02-19 13:35:09.900,4048.2000,23841,0,6235326900.000,0,-,-,-,-,4048.4000,4047.8000,4047.6000,4046.8000,4046.2000,4049.0000,4049.2000,4050.2000,4050.4000,4050.6000,1,1,2,1,2,2,1,2,3,1
SF,IF2006,2020-02-19 13:35:10.400,4048.2000,23842,1,6236541360.000,1,1,0,双开,B,4048.0000,4047.8000,4047.6000,4046.8000,4046.2000,4049.0000,4049.2000,4050.2000,4050.4000,4050.6000,1,1,2,1,2,3,1,2,3,1
SF,IF2006,2020-02-19 13:35:11.900,4048.2000,23842,0,6236541360.000,0,-,-,-,-,4048.0000,4047.8000,4047.6000,4046.8000,4046.2000,4048.8000,4049.0000,4049.2000,4050.2000,4050.4000,1,1,2,1,2,1,3,1,2,3
SF,IF2006,2020-02-19 13:35:12.400,4048.2000,23842,0,6236541360.000,0,-,-,-,-,4048.0000,4047.8000,4047.6000,4046.8000,4046.2000,4048.8000,4049.0000,4049.2000,4049.8000,4050.2000,1,1,2,1,2,1,1,1,1,2
SF,IF2006,2020-02-19 13:35:12.900,4048.2000,23842,0,6236541360.000,0,-,-,-,-,4048.0000,4047.8000,4047.6000,4046.8000,4046.2000,4048.6000,4048.8000,4049.0000,4049.2000,4049.8000,1,1,2,1,2,2,1,1,1,1
SF,IF2006,2020-02-19 13:35:13.900,4048.2000,23842,0,6236541360.000,0,-,-,-,-,4048.0000,4047.8000,4047.6000,4046.8000,4046.2000,4048.6000,4048.8000,4049.0000,4049.2000,4049.8000,1,1,2,1,2,2,1,1,1,1
SF,IF2006,2020-02-19 13:35:15.400,4048.0000,23842,0,6237755760.000,1,0,1,空换,B,4048.4000,4047.8000,4047.6000,4046.8000,4046.2000,4048.6000,4048.8000,4049.0000,4049.2000,4049.8000,1,1,2,1,2,2,1,1,1,1
SF,IF2006,2020-02-19 13:35:15.900,4048.0000,23842,0,6237755760.000,0,-,-,-,-,4048.4000,4047.8000,4047.6000,4046.8000,4046.2000,4048.8000,4049.0000,4049.2000,4049.8000,4050.0000,1,1,2,1,2,1,1,1,1,2
SF,IF2006,2020-02-19 13:35:16.400,4048.4000,23842,0,6238970280.000,1,0,1,空换,B,4047.8000,4047.6000,4046.8000,4046.2000,4046.0000,4049.0000,4049.2000,4049.8000,4050.0000,4050.2000,1,2,1,2,2,1,1,1,2,2
SF,IF2006,2020-02-19 13:35:16.900,4048.4000,23842,0,6238970280.000,0,-,-,-,-,4047.8000,4047.6000,4046.8000,4046.2000,4046.0000,4048.2000,4048.8000,4049.0000,4049.2000,4049.8000,1,2,1,2,2,1,2,1,1,1
SF,IF2006,2020-02-19 13:35:17.900,4048.4000,23842,0,6238970280.000,0,-,-,-,-,4048.0000,4047.8000,4047.6000,4046.8000,4046.2000,4048.2000,4048.8000,4049.0000,4049.2000,4049.8000,1,1,2,1,2,1,2,1,1,1
SF,IF2006,2020-02-19 13:35:19.900,4048.2000,23842,0,6240184740.000,1,0,1,空换,B,4048.0000,4047.8000,4047.6000,4046.8000,4046.2000,4048.8000,4049.0000,4049.2000,4049.8000,4050.0000,1,1,2,1,2,2,1,1,1,2
SF,IF2006,2020-02-19 13:35:21.400,4048.2000,23842,0,6240184740.000,0,-,-,-,-,4048.0000,4047.8000,4047.6000,4046.8000,4046.2000,4048.8000,4049.0000,4049.2000,4049.8000,4050.0000,1,1,2,1,2,2,1,1,1,2
SF,IF2006,2020-02-19 13:35:22.400,4048.2000,23842,0,6240184740.000,0,-,-,-,-,4048.2000,4048.0000,4047.8000,4047.6000,4046.8000,4048.8000,4049.0000,4049.2000,4049.8000,4050.0000,1,2,1,1,1,2,1,1,1,2
SF,IF2006,2020-02-19 13:35:23.400,4048.2000,23843,1,6241399200.000,1,1,0,双开,B,4048.0000,4047.8000,4047.6000,4046.8000,4046.2000,4048.8000,4049.0000,4049.2000,4049.8000,4050.0000,2,1,1,1,2,2,1,1,1,2
SF,IF2006,2020-02-19 13:35:26.900,4048.2000,23843,0,6241399200.000,0,-,-,-,-,4048.2000,4048.0000,4047.8000,4047.6000,4046.8000,4048.8000,4049.0000,4049.2000,4049.8000,4050.0000,5,2,1,1,1,2,1,1,1,2
SF,IF2006,2020-02-19 13:35:27.400,4048.2000,23843,0,6241399200.000,0,-,-,-,-,4048.0000,4047.8000,4047.6000,4046.8000,4046.2000,4049.0000,4049.2000,4049.8000,4050.0000,4050.2000,2,1,1,1,2,1,1,1,2,2
SF,IF2006,2020-02-19 13:35:27.900,4048.2000,23843,0,6241399200.000,0,-,-,-,-,4048.8000,4048.2000,4048.0000,4047.8000,4047.6000,4049.0000,4049.2000,4049.8000,4050.0000,4050.2000,1,1,2,1,1,1,1,1,2,2
SF,IF2006,2020-02-19 13:35:28.400,4048.2000,23843,0,6241399200.000,0,-,-,-,-,4048.8000,4048.2000,4048.0000,4047.6000,4046.8000,4049.0000,4049.2000,4049.8000,4050.0000,4050.2000,1,1,2,1,1,1,1,1,2,2
SF,IF2006,2020-02-19 13:35:29.400,4048.8000,23843,0,6242613840.000,1,0,1,空换,B,4048.2000,4048.0000,4047.6000,4046.8000,4046.2000,4048.8000,4049.2000,4049.8000,4050.0000,4050.2000,1,2,1,1,2,1,1,1,2,2
SF,IF2006,2020-02-19 13:35:30.900,4048.8000,23843,0,6242613840.000,0,-,-,-,-,4048.2000,4048.0000,4047.6000,4046.8000,4046.2000,4048.8000,4049.2000,4049.8000,4050.0000,4050.2000,1,2,1,1,2,1,1,1,2,2
SF,IF2006,2020-02-19 13:35:31.400,4048.8000,23844,1,6243828480.000,1,1,0,双开,B,4049.0000,4048.6000,4048.4000,4048.2000,4048.0000,4049.2000,4049.8000,4050.0000,4050.4000,4050.6000,1,1,3,1,2,1,1,2,3,1
SF,IF2006,2020-02-19 13:35:31.900,4048.8000,23844,0,6243828480.000,0,-,-,-,-,4049.0000,4048.6000,4048.4000,4048.0000,4047.6000,4049.2000,4049.8000,4050.0000,4050.4000,4050.6000,1,1,4,2,1,1,1,2,3,1
SF,IF2006,2020-02-19 13:35:32.400,4049.2000,23844,0,6245043240.000,1,0,1,空换,B,4049.2000,4049.0000,4048.6000,4048.4000,4048.0000,4049.8000,4050.0000,4050.4000,4050.6000,4051.8000,3,1,1,4,2,1,2,3,1,1
SF,IF2006,2020-02-19 13:35:32.900,4049.2000,23844,0,6245043240.000,0,-,-,-,-,4049.2000,4049.0000,4048.6000,4048.4000,4048.0000,4049.8000,4050.0000,4050.4000,4050.6000,4051.8000,3,1,1,4,1,1,2,3,1,1
SF,IF2006,2020-02-19 13:35:33.400,4049.8000,23843,-1,6246258180.000,1,0,1,双平,B,4049.2000,4049.0000,4048.6000,4048.4000,4048.0000,4050.0000,4050.4000,4050.6000,4051.8000,4053.0000,2,1,1,3,1,2,3,1,1,5
SF,IF2006,2020-02-19 13:35:33.900,4049.4000,23843,0,6247473000.000,1,0,1,空换,B,4049.4000,4049.2000,4049.0000,4048.6000,4048.4000,4050.0000,4050.4000,4050.6000,4051.8000,4053.0000,2,2,2,1,3,2,3,1,1,5
SF,IF2006,2020-02-19 13:35:34.400,4050.0000,23843,0,6249903000.000,2,1,1,空换,B,4050.0000,4049.6000,4049.4000,4049.0000,4048.6000,4050.4000,4050.6000,4051.8000,4053.0000,4053.8000,1,1,2,2,1,3,1,1,5,1
SF,IF2006,2020-02-19 13:35:34.900,4050.4000,23845,2,6252333240.000,2,2,0,双开,B,4049.6000,4049.4000,4049.0000,4048.4000,4047.6000,4050.4000,4050.6000,4051.8000,4053.0000,4053.8000,1,2,2,2,1,1,1,1,5,1
SF,IF2006,2020-02-19 13:35:35.400,4050.4000,23845,0,6252333240.000,0,-,-,-,-,4049.6000,4049.4000,4049.0000,4048.4000,4047.6000,4050.4000,4050.6000,4051.8000,4053.0000,4053.8000,1,2,2,2,1,1,1,1,5,1
SF,IF2006,2020-02-19 13:35:35.900,4050.4000,23845,0,6252333240.000,0,-,-,-,-,4049.0000,4048.4000,4047.6000,4046.8000,4046.2000,4049.6000,4050.2000,4050.4000,4050.6000,4051.8000,2,2,1,1,2,1,2,1,1,1
SF,IF2006,2020-02-19 13:35:36.400,4049.2000,23846,1,6257192400.000,4,2,2,多开,B,4049.4000,4049.0000,4048.4000,4047.6000,4046.8000,4050.2000,4050.4000,4050.6000,4051.8000,4053.0000,4,2,2,1,1,2,1,1,1,5
SF,IF2006,2020-02-19 13:35:36.900,4049.4000,23847,1,6259622040.000,2,1,1,多开,B,4049.0000,4048.4000,4047.6000,4046.8000,4046.2000,4050.2000,4050.4000,4050.6000,4051.8000,4053.0000,2,2,1,1,2,4,1,1,1,5
SF,IF2006,2020-02-19 13:35:37.400,4049.4000,23847,0,6259622040.000,0,-,-,-,-,4049.0000,4048.4000,4047.6000,4046.8000,4046.2000,4050.2000,4050.4000,4050.6000,4051.8000,4053.0000,2,2,1,1,2,4,1,1,1,5
SF,IF2006,2020-02-19 13:35:38.400,4049.2000,23847,0,6260836800.000,1,0,1,空换,B,4049.0000,4048.4000,4047.6000,4046.8000,4046.2000,4050.2000,4050.4000,4050.6000,4051.8000,4053.0000,2,2,1,1,2,4,1,1,1,5
SF,IF2006,2020-02-19 13:35:38.900,4049.2000,23847,0,6260836800.000,0,-,-,-,-,4049.2000,4049.0000,4048.4000,4047.6000,4046.8000,4050.0000,4050.2000,4050.4000,4050.6000,4051.8000,2,2,2,1,1,1,4,1,1,1
SF,IF2006,2020-02-19 13:35:39.400,4049.2000,23847,0,6260836800.000,0,-,-,-,-,4049.2000,4049.0000,4048.4000,4047.6000,4046.8000,4050.0000,4050.2000,4050.4000,4050.6000,4051.8000,2,2,2,1,1,1,4,1,1,1
SF,IF2006,2020-02-19 13:35:39.900,4049.2000,23847,0,6260836800.000,0,-,-,-,-,4049.2000,4049.0000,4048.4000,4047.6000,4046.8000,4050.0000,4050.4000,4050.6000,4051.8000,4053.0000,2,2,2,1,1,1,1,1,1,5
SF,IF2006,2020-02-19 13:35:41.400,4049.2000,23847,0,6260836800.000,0,-,-,-,-,4049.2000,4049.0000,4048.4000,4047.6000,4046.8000,4050.0000,4050.4000,4050.6000,4051.8000,4053.0000,2,2,2,1,1,1,1,1,1,5
SF,IF2006,2020-02-19 13:35:41.900,4049.2000,23847,0,6260836800.000,0,-,-,-,-,4049.2000,4049.0000,4048.4000,4047.6000,4046.8000,4050.0000,4050.4000,4050.6000,4051.8000,4053.0000,2,1,2,1,1,1,1,1,1,5
SF,IF2006,2020-02-19 13:35:42.400,4049.2000,23847,0,6260836800.000,0,-,-,-,-,4049.6000,4049.2000,4048.4000,4047.6000,4046.8000,4050.0000,4050.4000,4050.6000,4051.8000,4053.0000,1,2,2,1,1,1,1,1,1,5
SF,IF2006,2020-02-19 13:35:42.900,4049.2000,23847,0,6260836800.000,0,-,-,-,-,4049.6000,4049.2000,4048.4000,4047.6000,4046.8000,4050.0000,4050.4000,4050.6000,4051.8000,4052.8000,1,1,2,1,1,1,1,1,1,1
SF,IF2006,2020-02-19 13:35:44.400,4049.2000,23847,0,6260836800.000,0,-,-,-,-,4049.6000,4048.4000,4047.6000,4046.8000,4046.2000,4050.0000,4050.4000,4050.6000,4051.8000,4052.8000,1,2,1,1,2,1,1,1,1,1
SF,IF2006,2020-02-19 13:35:44.900,4049.6000,23848,1,6262051680.000,1,1,0,双开,B,4048.4000,4047.6000,4046.8000,4046.2000,4046.0000,4049.8000,4050.0000,4050.4000,4050.6000,4051.8000,2,1,1,2,2,4,1,1,1,1
SF,IF2006,2020-02-19 13:35:45.400,4049.6000,23848,0,6262051680.000,0,-,-,-,-,4048.6000,4048.4000,4047.6000,4046.8000,4046.2000,4049.8000,4050.0000,4050.4000,4050.6000,4051.8000,1,2,1,1,2,4,1,1,1,1
SF,IF2006,2020-02-19 13:35:46.900,4049.6000,23848,0,6262051680.000,0,-,-,-,-,4048.8000,4048.6000,4048.4000,4047.6000,4046.8000,4049.6000,4049.8000,4050.0000,4050.4000,4050.6000,1,1,2,1,1,1,4,1,1,1
SF,IF2006,2020-02-19 13:35:48.400,4049.0000,23848,0,6263266380.000,1,0,1,空换,B,4049.0000,4048.8000,4048.6000,4048.4000,4047.6000,4049.6000,4049.8000,4050.0000,4050.4000,4050.6000,4,1,1,2,1,1,4,1,1,1
SF,IF2006,2020-02-19 13:35:48.900,4049.0000,23848,0,6263266380.000,0,-,-,-,-,4048.8000,4048.6000,4048.4000,4047.6000,4046.8000,4049.6000,4049.8000,4050.0000,4050.4000,4050.6000,1,1,2,1,1,1,4,1,1,1
SF,IF2006,2020-02-19 13:35:49.400,4049.0000,23848,0,6263266380.000,0,-,-,-,-,4048.8000,4048.6000,4048.4000,4047.6000,4046.8000,4049.6000,4049.8000,4050.0000,4050.4000,4050.6000,1,1,2,1,1,1,2,1,1,1
SF,IF2006,2020-02-19 13:35:51.400,4049.0000,23848,0,6263266380.000,0,-,-,-,-,4048.8000,4048.6000,4048.4000,4047.6000,4046.8000,4049.6000,4050.0000,4050.4000,4050.6000,4051.8000,1,1,2,1,1,1,1,1,1,1
SF,IF2006,2020-02-19 13:35:51.900,4049.0000,23848,0,6263266380.000,0,-,-,-,-,4048.6000,4048.4000,4047.6000,4046.8000,4046.2000,4049.4000,4049.6000,4050.0000,4050.4000,4050.6000,1,1,1,1,2,2,3,1,1,1
SF,IF2006,2020-02-19 13:35:52.900,4049.0000,23848,0,6263266380.000,0,-,-,-,-,4048.6000,4048.4000,4047.6000,4046.8000,4046.2000,4049.4000,4049.6000,4050.0000,4050.4000,4050.6000,1,1,1,1,2,2,1,1,1,1
SF,IF2006,2020-02-19 13:35:53.400,4049.0000,23848,0,6263266380.000,0,-,-,-,-,4048.6000,4048.4000,4047.6000,4046.8000,4046.2000,4049.6000,4050.0000,4050.4000,4050.6000,4051.8000,1,1,1,1,2,1,1,1,1,1
SF,IF2006,2020-02-19 13:35:53.900,4049.0000,23848,0,6263266380.000,0,-,-,-,-,4048.8000,4048.6000,4048.4000,4047.6000,4046.8000,4049.6000,4050.0000,4050.4000,4050.6000,4051.8000,1,1,1,1,1,1,1,1,1,1
SF,IF2006,2020-02-19 13:35:54.400,4049.0000,23848,0,6263266380.000,0,-,-,-,-,4048.8000,4048.6000,4048.4000,4047.6000,4046.8000,4049.6000,4050.0000,4050.4000,4050.6000,4051.8000,2,1,1,1,1,1,1,1,1,1
SF,IF2006,2020-02-19 13:35:55.400,4049.0000,23848,0,6263266380.000,0,-,-,-,-,4048.8000,4048.6000,4048.4000,4047.6000,4046.8000,4050.0000,4050.4000,4050.6000,4051.8000,4052.8000,1,1,1,1,1,1,1,1,1,1
SF,IF2006,2020-02-19 13:35:55.900,4049.0000,23848,0,6263266380.000,0,-,-,-,-,4048.8000,4048.6000,4048.4000,4047.6000,4046.8000,4049.8000,4050.0000,4050.4000,4050.6000,4051.8000,1,1,1,1,1,2,3,1,1,1
SF,IF2006,2020-02-19 13:35:57.400,4049.0000,23848,0,6263266380.000,0,-,-,-,-,4048.8000,4048.6000,4048.4000,4047.6000,4046.8000,4049.6000,4049.8000,4050.0000,4050.4000,4050.6000,1,1,1,1,1,1,2,1,1,1
SF,IF2006,2020-02-19 13:36:00.900,4049.0000,23848,0,6263266380.000,0,-,-,-,-,4048.8000,4048.6000,4048.4000,4047.6000,4046.8000,4049.6000,4049.8000,4050.0000,4050.4000,4050.6000,1,1,1,1,1,1,2,1,1,1
SF,IF2006,2020-02-19 13:36:01.400,4049.0000,23848,0,6263266380.000,0,-,-,-,-,4048.6000,4048.4000,4047.6000,4046.8000,4046.2000,4049.6000,4049.8000,4050.0000,4050.4000,4050.6000,1,1,1,1,2,1,2,1,1,1
SF,IF2006,2020-02-19 13:36:01.900,4049.0000,23848,0,6263266380.000,0,-,-,-,-,4048.4000,4047.6000,4046.8000,4046.2000,4046.0000,4049.6000,4050.0000,4050.4000,4050.6000,4051.8000,1,1,1,2,2,1,1,1,1,1
SF,IF2006,2020-02-19 13:36:02.400,4048.4000,23848,0,6264480900.000,1,0,1,空换,B,4047.6000,4046.8000,4046.2000,4046.0000,4045.2000,4049.4000,4049.6000,4050.0000,4050.4000,4050.6000,1,1,2,2,1,4,3,1,1,1
SF,IF2006,2020-02-19 13:36:02.900,4048.4000,23848,0,6264480900.000,0,-,-,-,-,4047.8000,4047.6000,4046.8000,4046.2000,4046.0000,4049.2000,4049.4000,4049.6000,4050.0000,4050.4000,1,1,1,2,2,1,4,2,1,1
SF,IF2006,2020-02-19 13:36:03.400,4048.4000,23848,0,6264480900.000,0,-,-,-,-,4047.8000,4047.6000,4046.8000,4046.2000,4046.0000,4049.2000,4049.4000,4049.6000,4050.0000,4050.4000,1,1,1,2,2,1,2,2,1,1
SF,IF2006,2020-02-19 13:36:03.900,4048.4000,23848,0,6264480900.000,0,-,-,-,-,4047.8000,4047.6000,4046.8000,4046.2000,4046.0000,4049.0000,4049.2000,4049.4000,4049.6000,4050.0000,1,1,1,2,2,2,1,2,2,1
SF,IF2006,2020-02-19 13:36:04.900,4048.4000,23848,0,6264480900.000,0,-,-,-,-,4047.8000,4047.6000,4046.8000,4046.2000,4046.0000,4048.8000,4049.0000,4049.4000,4049.6000,4050.0000,1,1,1,2,2,1,2,2,2,1
SF,IF2006,2020-02-19 13:36:05.400,4048.4000,23848,0,6264480900.000,0,-,-,-,-,4047.8000,4047.6000,4046.8000,4046.2000,4046.0000,4048.8000,4049.6000,4050.0000,4050.4000,4050.6000,1,1,1,2,2,1,2,1,1,1
SF,IF2006,2020-02-19 13:36:05.900,4048.4000,23848,0,6264480900.000,0,-,-,-,-,4047.8000,4047.6000,4046.8000,4046.2000,4046.0000,4048.6000,4048.8000,4049.6000,4050.0000,4050.4000,1,1,1,2,2,2,1,2,1,1
SF,IF2006,2020-02-19 13:36:06.400,4048.4000,23848,0,6264480900.000,0,-,-,-,-,4048.0000,4047.8000,4047.6000,4046.8000,4046.2000,4048.6000,4048.8000,4049.6000,4050.0000,4050.4000,1,1,1,1,2,2,1,2,1,1
SF,IF2006,2020-02-19 13:36:07.400,4048.4000,23848,0,6264480900.000,0,-,-,-,-,4048.0000,4047.8000,4047.6000,4046.8000,4046.2000,4048.6000,4048.8000,4049.6000,4050.0000,4050.4000,2,1,1,1,2,2,1,2,1,1
SF,IF2006,2020-02-19 13:36:09.900,4048.6000,23848,0,6265695480.000,1,0,1,空换,B,4048.0000,4047.8000,4047.6000,4046.8000,4046.2000,4048.4000,4048.6000,4049.6000,4050.0000,4050.4000,2,1,1,1,2,1,1,2,1,1
SF,IF2006,2020-02-19 13:36:10.900,4048.6000,23848,0,6266910060.000,1,0,1,空换,B,4048.0000,4047.8000,4047.6000,4046.8000,4046.2000,4048.6000,4049.6000,4050.0000,4050.4000,4050.6000,2,1,1,1,2,1,2,1,1,1
SF,IF2006,2020-02-19 13:36:11.400,4048.6000,23848,0,6266910060.000,0,-,-,-,-,4048.4000,4048.0000,4047.6000,4046.8000,4046.2000,4048.6000,4049.6000,4050.0000,4050.4000,4050.6000,1,2,1,1,2,1,2,1,1,1
SF,IF2006,2020-02-19 13:36:11.900,4048.4000,23848,0,6268124580.000,1,0,1,空换,B,4048.0000,4047.6000,4046.8000,4046.2000,4046.0000,4048.2000,4048.6000,4049.6000,4050.0000,4050.4000,2,1,1,2,2,1,1,2,1,1
SF,IF2006,2020-02-19 13:36:12.400,4048.4000,23848,0,6268124580.000,0,-,-,-,-,4048.0000,4047.6000,4046.8000,4046.2000,4046.0000,4048.6000,4049.6000,4050.0000,4050.4000,4050.6000,2,1,1,2,2,1,2,1,1,1
SF,IF2006,2020-02-19 13:36:14.900,4048.6000,23848,0,6269339160.000,1,0,1,空换,B,4048.6000,4048.0000,4047.6000,4046.8000,4046.2000,4049.6000,4050.0000,4050.4000,4050.6000,4052.8000,2,2,1,1,2,2,1,1,1,1
SF,IF2006,2020-02-19 13:36:15.400,4048.6000,23848,0,6270553740.000,1,0,1,空换,B,4048.6000,4048.0000,4047.6000,4046.8000,4046.2000,4049.2000,4049.4000,4049.6000,4050.0000,4050.4000,1,2,1,1,2,2,2,2,1,1
SF,IF2006,2020-02-19 13:36:15.900,4048.6000,23848,0,6271768320.000,1,0,1,空换,B,4048.0000,4047.6000,4046.8000,4046.2000,4046.0000,4049.0000,4049.2000,4049.4000,4050.0000,4050.4000,2,1,1,2,2,2,2,2,1,1
SF,IF2006,2020-02-19 13:36:16.400,4048.0000,23848,0,6272982720.000,1,0,1,空换,B,4048.0000,4047.6000,4046.8000,4046.2000,4046.0000,4049.0000,4049.2000,4049.4000,4050.0000,4050.4000,1,1,1,2,2,2,2,1,1,1
SF,IF2006,2020-02-19 13:36:16.900,4048.0000,23849,1,6274197120.000,1,1,0,双开,B,4047.6000,4046.8000,4046.2000,4046.0000,4045.2000,4049.2000,4050.0000,4050.4000,4050.6000,4052.8000,1,1,2,2,1,2,1,1,1,1
SF,IF2006,2020-02-19 13:36:17.400,4048.0000,23849,0,6274197120.000,0,-,-,-,-,4047.8000,4047.6000,4046.8000,4046.2000,4046.0000,4049.2000,4050.0000,4050.4000,4050.6000,4052.8000,1,1,1,2,2,2,1,1,1,1
SF,IF2006,2020-02-19 13:36:18.400,4048.0000,23849,0,6274197120.000,0,-,-,-,-,4047.8000,4047.6000,4046.8000,4046.2000,4046.0000,4049.2000,4050.0000,4050.4000,4050.6000,4052.8000,1,1,1,2,2,1,1,1,1,1
SF,IF2006,2020-02-19 13:36:18.900,4048.0000,23849,0,6274197120.000,0,-,-,-,-,4048.0000,4047.8000,4047.6000,4046.8000,4046.2000,4050.0000,4050.4000,4050.6000,4052.8000,4053.0000,3,1,1,1,2,1,1,1,1,5
SF,IF2006,2020-02-19 13:36:19.400,4048.0000,23849,0,6274197120.000,0,-,-,-,-,4048.0000,4047.6000,4046.8000,4046.2000,4046.0000,4049.8000,4050.0000,4050.4000,4050.6000,4052.8000,2,1,1,2,2,4,3,1,1,1
SF,IF2006,2020-02-19 13:36:19.900,4048.0000,23849,0,6274197120.000,0,-,-,-,-,4048.2000,4048.0000,4047.6000,4046.8000,4046.2000,4048.8000,4049.8000,4050.0000,4050.4000,4050.6000,2,2,1,1,2,1,3,3,1,1
SF,IF2006,2020-02-19 13:36:20.400,4048.0000,23849,0,6274197120.000,0,-,-,-,-,4048.2000,4048.0000,4047.6000,4046.8000,4046.2000,4048.8000,4049.8000,4050.0000,4050.4000,4050.6000,1,2,1,1,2,1,1,3,1,1
SF,IF2006,2020-02-19 13:36:20.900,4048.0000,23849,0,6274197120.000,0,-,-,-,-,4048.2000,4048.0000,4047.6000,4046.8000,4046.2000,4048.8000,4049.8000,4050.0000,4050.4000,4050.6000,1,2,1,1,2,1,2,3,1,1
SF,IF2006,2020-02-19 13:36:21.400,4048.0000,23849,0,6274197120.000,0,-,-,-,-,4048.2000,4048.0000,4047.6000,4046.8000,4046.2000,4048.8000,4049.8000,4050.0000,4050.4000,4050.6000,1,1,1,1,2,1,2,3,1,1
SF,IF2006,2020-02-19 13:36:23.400,4048.0000,23849,0,6274197120.000,0,-,-,-,-,4048.2000,4048.0000,4047.6000,4046.8000,4046.2000,4048.8000,4049.8000,4050.0000,4050.4000,4050.6000,1,1,1,1,2,1,2,3,1,1
SF,IF2006,2020-02-19 13:36:23.900,4048.0000,23849,0,6274197120.000,0,-,-,-,-,4048.4000,4048.2000,4048.0000,4047.6000,4046.8000,4048.8000,4049.8000,4050.0000,4050.4000,4050.6000,1,1,1,1,1,1,2,3,1,1
SF,IF2006,2020-02-19 13:36:24.400,4048.0000,23849,0,6274197120.000,0,-,-,-,-,4048.2000,4048.0000,4047.6000,4046.8000,4046.2000,4048.8000,4049.8000,4050.0000,4050.4000,4050.6000,1,1,1,1,2,1,2,3,1,1
SF,IF2006,2020-02-19 13:36:24.900,4048.0000,23849,0,6274197120.000,0,-,-,-,-,4048.2000,4048.0000,4047.6000,4046.8000,4046.2000,4048.4000,4048.8000,4049.8000,4050.0000,4050.4000,1,1,1,1,2,1,1,2,3,1
SF,IF2006,2020-02-19 13:36:25.400,4048.4000,23850,1,6275411640.000,1,1,0,双开,B,4048.6000,4048.2000,4048.0000,4047.6000,4046.8000,4048.8000,4049.8000,4050.0000,4050.4000,4050.6000,1,1,1,1,1,1,2,3,1,1
SF,IF2006,2020-02-19 13:36:25.900,4048.4000,23850,0,6275411640.000,0,-,-,-,-,4048.2000,4048.0000,4047.6000,4046.8000,4046.2000,4048.8000,4049.8000,4050.0000,4050.4000,4050.6000,1,1,1,1,2,1,2,3,1,1
SF,IF2006,2020-02-19 13:36:26.900,4048.4000,23850,0,6275411640.000,0,-,-,-,-,4048.4000,4048.2000,4047.6000,4046.8000,4046.2000,4048.8000,4049.8000,4050.0000,4050.4000,4050.6000,1,1,1,1,2,1,2,3,1,1
SF,IF2006,2020-02-19 13:36:27.400,4048.4000,23850,0,6276626160.000,1,0,1,空换,B,4047.6000,4046.8000,4046.2000,4046.0000,4045.2000,4048.8000,4049.8000,4050.0000,4050.4000,4050.6000,1,1,2,2,1,1,1,3,1,1
SF,IF2006,2020-02-19 13:36:27.900,4048.4000,23850,0,6276626160.000,0,-,-,-,-,4047.8000,4047.6000,4046.8000,4046.2000,4046.0000,4048.8000,4049.8000,4050.0000,4050.4000,4050.6000,1,1,1,2,2,1,1,3,1,1
SF,IF2006,2020-02-19 13:36:33.400,4048.8000,23850,0,6277840800.000,1,0,1,空换,B,4048.0000,4047.8000,4047.6000,4046.8000,4046.2000,4049.8000,4050.0000,4050.4000,4050.6000,4052.8000,1,1,1,1,2,1,3,1,1,1
SF,IF2006,2020-02-19 13:36:33.900,4048.8000,23850,0,6277840800.000,0,-,-,-,-,4048.4000,4048.2000,4048.0000,4047.6000,4046.8000,4049.6000,4049.8000,4050.0000,4050.4000,4050.6000,5,1,1,1,1,1,1,1,1,1
SF,IF2006,2020-02-19 13:36:34.400,4048.8000,23850,0,6277840800.000,0,-,-,-,-,4048.6000,4048.2000,4048.0000,4047.6000,4046.8000,4049.6000,4050.0000,4050.4000,4050.6000,4052.8000,1,1,1,1,1,1,1,1,1,1
SF,IF2006,2020-02-19 13:36:34.900,4048.6000,23850,0,6279055380.000,1,0,1,空换,B,4048.2000,4047.6000,4046.8000,4046.2000,4046.0000,4049.6000,4050.0000,4050.4000,4050.6000,4052.8000,1,1,1,2,2,1,1,1,1,1
SF,IF2006,2020-02-19 13:36:35.400,4048.6000,23850,0,6279055380.000,0,-,-,-,-,4047.6000,4046.8000,4046.2000,4046.0000,4045.2000,4049.6000,4050.0000,4050.4000,4050.6000,4052.8000,1,1,2,2,1,1,1,1,1,1
SF,IF2006,2020-02-19 13:36:35.900,4048.6000,23850,0,6279055380.000,0,-,-,-,-,4048.0000,4047.8000,4047.6000,4046.8000,4046.2000,4049.6000,4050.0000,4050.4000,4050.6000,4052.8000,1,7,1,1,2,1,1,1,1,1
SF,IF2006,2020-02-19 13:36:40.400,4048.6000,23850,0,6279055380.000,0,-,-,-,-,4048.2000,4048.0000,4047.8000,4047.6000,4046.8000,4049.6000,4050.0000,4050.4000,4050.6000,4052.8000,2,1,7,1,1,1,1,1,1,1
SF,IF2006,2020-02-19 13:36:41.400,4048.6000,23850,0,6279055380.000,0,-,-,-,-,4048.6000,4048.4000,4048.2000,4048.0000,4047.8000,4049.6000,4050.0000,4050.4000,4050.6000,4052.8000,1,1,2,1,7,1,1,1,1,1
SF,IF2006,2020-02-19 13:36:41.900,4048.6000,23850,0,6279055380.000,0,-,-,-,-,4048.6000,4048.4000,4048.2000,4048.0000,4047.8000,4049.6000,4050.0000,4050.4000,4050.6000,4052.8000,1,1,1,1,7,1,1,1,1,1
SF,IF2006,2020-02-19 13:36:43.400,4048.6000,23850,0,6279055380.000,0,-,-,-,-,4048.6000,4048.4000,4048.2000,4048.0000,4047.8000,4049.6000,4050.0000,4050.4000,4050.6000,4052.8000,1,1,1,1,6,1,1,1,1,1
SF,IF2006,2020-02-19 13:36:44.400,4048.6000,23850,0,6279055380.000,0,-,-,-,-,4048.6000,4048.4000,4048.2000,4048.0000,4047.8000,4049.6000,4050.0000,4050.4000,4050.6000,4052.8000,1,1,1,1,6,1,1,1,1,1
SF,IF2006,2020-02-19 13:36:46.400,4048.6000,23851,1,6280269960.000,1,1,0,双开,B,4048.4000,4048.2000,4048.0000,4047.8000,4047.6000,4049.6000,4050.0000,4050.4000,4050.6000,4052.8000,1,1,1,6,1,1,1,1,1,1
SF,IF2006,2020-02-19 13:36:47.900,4048.6000,23851,0,6280269960.000,0,-,-,-,-,4048.4000,4048.2000,4048.0000,4047.8000,4047.6000,4048.6000,4049.6000,4050.0000,4050.4000,4050.6000,1,1,1,6,1,1,1,1,1,1
SF,IF2006,2020-02-19 13:36:48.400,4048.6000,23852,1,6281484540.000,1,1,0,双开,B,4048.8000,4048.6000,4048.4000,4048.2000,4048.0000,4049.6000,4050.0000,4050.4000,4050.6000,4052.8000,1,1,1,1,1,1,1,1,1,1
SF,IF2006,2020-02-19 13:36:48.900,4048.6000,23852,0,6281484540.000,0,-,-,-,-,4048.6000,4048.4000,4048.2000,4048.0000,4047.8000,4049.6000,4050.0000,4050.4000,4050.6000,4052.8000,1,1,1,1,5,1,1,1,1,1
SF,IF2006,2020-02-19 13:36:49.400,4048.6000,23852,0,6281484540.000,0,-,-,-,-,4048.6000,4048.4000,4048.2000,4047.8000,4047.6000,4050.0000,4050.4000,4050.6000,4052.8000,4053.0000,1,1,1,5,1,1,1,1,1,5
SF,IF2006,2020-02-19 13:36:49.900,4048.6000,23852,0,6281484540.000,0,-,-,-,-,4048.6000,4048.4000,4048.2000,4047.8000,4047.6000,4049.8000,4050.0000,4050.4000,4050.6000,4052.8000,1,1,1,5,1,1,3,1,1,1
SF,IF2006,2020-02-19 13:36:50.400,4048.6000,23852,0,6281484540.000,0,-,-,-,-,4048.6000,4048.4000,4048.2000,4047.8000,4047.6000,4049.8000,4050.0000,4050.4000,4050.6000,4052.8000,1,1,1,5,1,1,1,1,1,1
SF,IF2006,2020-02-19 13:36:50.900,4048.6000,23852,0,6281484540.000,0,-,-,-,-,4048.6000,4048.4000,4048.2000,4047.8000,4047.6000,4049.6000,4049.8000,4050.0000,4050.4000,4050.6000,1,1,1,5,1,2,1,1,1,1
SF,IF2006,2020-02-19 13:36:55.900,4048.6000,23852,0,6281484540.000,0,-,-,-,-,4048.6000,4048.4000,4047.8000,4047.6000,4046.8000,4049.6000,4049.8000,4050.0000,4050.4000,4050.6000,1,1,5,1,1,2,1,1,1,1
SF,IF2006,2020-02-19 13:36:57.400,4048.6000,23852,0,6281484540.000,0,-,-,-,-,4048.4000,4047.8000,4047.6000,4046.8000,4046.2000,4049.6000,4049.8000,4050.0000,4050.4000,4050.6000,1,5,1,1,2,2,1,1,1,1
SF,IF2006,2020-02-19 13:36:57.900,4048.6000,23852,0,6281484540.000,0,-,-,-,-,4048.4000,4047.8000,4047.6000,4046.8000,4046.2000,4049.6000,4049.8000,4050.0000,4050.4000,4050.6000,1,5,2,1,2,2,1,1,1,1
SF,IF2006,2020-02-19 13:36:58.400,4048.6000,23852,0,6281484540.000,0,-,-,-,-,4048.6000,4047.8000,4047.6000,4046.8000,4046.2000,4049.6000,4049.8000,4050.0000,4050.4000,4050.6000,1,5,2,1,2,2,1,1,1,1
SF,IF2006,2020-02-19 13:36:59.400,4048.6000,23852,0,6281484540.000,0,-,-,-,-,4047.8000,4047.6000,4046.8000,4046.2000,4046.0000,4049.6000,4049.8000,4050.0000,4050.4000,4050.6000,5,2,1,2,2,2,1,1,1,1
SF,IF2006,2020-02-19 13:36:59.900,4048.6000,23852,0,6281484540.000,0,-,-,-,-,4048.2000,4048.0000,4047.8000,4047.6000,4046.8000,4049.6000,4049.8000,4050.0000,4050.4000,4050.6000,1,6,5,2,1,2,1,1,1,1
SF,IF2006,2020-02-19 13:37:00.900,4048.6000,23852,0,6281484540.000,0,-,-,-,-,4048.4000,4048.2000,4048.0000,4047.8000,4047.6000,4049.8000,4050.0000,4050.4000,4050.6000,4052.8000,2,1,6,5,2,1,1,1,1,1
SF,IF2006,2020-02-19 13:37:01.400,4048.6000,23852,0,6281484540.000,0,-,-,-,-,4048.8000,4048.6000,4048.4000,4048.0000,4047.8000,4049.6000,4049.8000,4050.0000,4050.4000,4050.6000,2,1,3,5,5,2,1,1,1,1
SF,IF2006,2020-02-19 13:37:01.900,4048.6000,23852,0,6281484540.000,0,-,-,-,-,4048.6000,4048.4000,4048.0000,4047.8000,4047.6000,4050.0000,4050.4000,4050.6000,4052.8000,4053.0000,1,3,5,5,2,1,1,1,1,5
SF,IF2006,2020-02-19 13:37:02.400,4048.6000,23852,0,6281484540.000,0,-,-,-,-,4048.8000,4048.6000,4048.4000,4048.0000,4047.8000,4050.0000,4050.4000,4050.6000,4052.8000,4053.0000,1,1,3,5,5,1,1,1,1,5
SF,IF2006,2020-02-19 13:37:02.900,4050.0000,23852,0,6282699540.000,1,0,1,空换,B,4049.2000,4049.0000,4048.4000,4048.0000,4047.8000,4050.4000,4050.6000,4052.8000,4053.0000,4053.8000,5,2,2,5,5,1,1,1,5,1
SF,IF2006,2020-02-19 13:37:03.400,4050.4000,23853,1,6283914660.000,1,1,0,双开,B,4049.6000,4049.4000,4049.2000,4049.0000,4048.4000,4050.6000,4052.8000,4053.0000,4053.8000,4055.4000,2,1,4,1,2,1,1,5,1,1
SF,IF2006,2020-02-19 13:37:03.900,4050.4000,23853,0,6283914660.000,0,-,-,-,-,4049.8000,4049.6000,4049.2000,4048.4000,4047.6000,4050.6000,4052.8000,4053.0000,4053.8000,4055.4000,1,1,4,2,2,1,1,5,1,1
SF,IF2006,2020-02-19 13:37:04.400,4050.4000,23853,0,6283914660.000,0,-,-,-,-,4049.6000,4049.2000,4048.4000,4047.6000,4046.8000,4050.6000,4052.8000,4053.0000,4053.8000,4055.4000,1,4,2,2,1,1,1,5,1,1
SF,IF2006,2020-02-19 13:37:04.900,4050.4000,23853,0,6283914660.000,0,-,-,-,-,4050.2000,4050.0000,4049.8000,4049.2000,4048.4000,4050.6000,4052.8000,4053.0000,4053.8000,4055.4000,5,1,5,4,2,1,1,5,1,1
SF,IF2006,2020-02-19 13:37:05.400,4050.6000,23853,0,6285129840.000,1,0,1,空换,B,4050.0000,4049.2000,4048.4000,4047.6000,4046.8000,4052.8000,4053.0000,4053.8000,4055.4000,4056.0000,1,4,2,2,1,1,5,1,1,1
SF,IF2006,2020-02-19 13:37:05.900,4050.6000,23853,0,6285129840.000,0,-,-,-,-,4050.4000,4050.2000,4050.0000,4049.2000,4048.4000,4051.8000,4052.0000,4052.6000,4052.8000,4053.0000,1,1,1,4,1,1,3,4,1,7
SF,IF2006,2020-02-19 13:37:06.400,4050.4000,23853,0,6286344960.000,1,0,1,空换,B,4050.2000,4048.4000,4047.6000,4046.8000,4046.2000,4051.6000,4051.8000,4052.6000,4052.8000,4053.0000,1,1,2,1,2,2,1,3,1,6
SF,IF2006,2020-02-19 13:37:06.900,4050.4000,23853,0,6286344960.000,0,-,-,-,-,4048.4000,4047.6000,4046.8000,4046.2000,4046.0000,4049.8000,4050.2000,4051.2000,4051.6000,4051.8000,1,2,1,2,2,1,1,1,3,1
SF,IF2006,2020-02-19 13:37:07.400,4049.8000,23853,0,6287559900.000,1,0,1,空换,B,4049.4000,4049.2000,4049.0000,4048.8000,4048.4000,4050.2000,4051.6000,4052.6000,4052.8000,4053.0000,1,1,2,1,1,1,3,3,1,5
SF,IF2006,2020-02-19 13:37:07.900,4049.8000,23853,0,6287559900.000,0,-,-,-,-,4049.4000,4049.2000,4049.0000,4048.8000,4048.2000,4050.2000,4051.4000,4051.6000,4052.6000,4052.8000,1,1,1,1,1,1,1,3,3,1
SF,IF2006,2020-02-19 13:37:08.400,4050.2000,23853,0,6288774960.000,1,0,1,空换,B,4050.6000,4050.4000,4049.8000,4049.6000,4049.4000,4051.4000,4051.6000,4052.6000,4052.8000,4053.0000,2,1,2,1,1,1,3,3,1,5
SF,IF2006,2020-02-19 13:37:08.900,4050.6000,23853,0,6289990140.000,1,0,1,空换,B,4050.6000,4050.4000,4049.8000,4049.2000,4049.0000,4051.2000,4051.6000,4052.6000,4052.8000,4053.0000,1,1,2,1,1,2,1,3,1,5
SF,IF2006,2020-02-19 13:37:09.400,4050.6000,23853,0,6289990140.000,0,-,-,-,-,4050.6000,4050.4000,4049.8000,4049.2000,4049.0000,4051.2000,4051.4000,4051.6000,4052.6000,4052.8000,1,1,2,1,1,2,2,1,3,1
SF,IF2006,2020-02-19 13:37:09.900,4050.6000,23853,0,6289990140.000,0,-,-,-,-,4050.8000,4050.6000,4050.4000,4049.8000,4049.2000,4051.2000,4051.4000,4051.6000,4052.6000,4052.8000,1,1,1,2,1,2,2,1,3,1
SF,IF2006,2020-02-19 13:37:10.400,4050.6000,23853,0,6289990140.000,0,-,-,-,-,4050.8000,4050.6000,4050.4000,4049.8000,4049.2000,4051.2000,4051.4000,4051.6000,4052.6000,4052.8000,1,1,1,2,1,1,2,1,3,1
SF,IF2006,2020-02-19 13:37:10.900,4050.8000,23853,0,6291205380.000,1,0,1,空换,B,4050.6000,4050.4000,4049.8000,4049.2000,4049.0000,4051.2000,4051.4000,4051.6000,4052.6000,4052.8000,1,1,2,1,1,1,2,1,3,1
SF,IF2006,2020-02-19 13:37:11.900,4050.8000,23853,0,6291205380.000,0,-,-,-,-,4050.6000,4050.4000,4049.8000,4049.2000,4049.0000,4051.4000,4051.6000,4052.6000,4052.8000,4053.0000,1,1,2,1,1,2,1,3,1,5
SF,IF2006,2020-02-19 13:37:13.400,4050.8000,23853,0,6291205380.000,0,-,-,-,-,4050.6000,4050.4000,4049.8000,4049.2000,4049.0000,4051.6000,4052.6000,4052.8000,4053.0000,4053.8000,1,1,2,1,1,1,3,1,5,1
SF,IF2006,2020-02-19 13:37:14.400,4050.8000,23853,0,6291205380.000,0,-,-,-,-,4050.6000,4050.4000,4049.2000,4048.8000,4048.2000,4051.6000,4052.6000,4052.8000,4053.0000,4053.8000,1,1,1,1,1,1,3,1,5,1
SF,IF2006,2020-02-19 13:37:14.900,4050.8000,23853,0,6291205380.000,0,-,-,-,-,4050.6000,4050.4000,4049.2000,4048.8000,4048.2000,4051.6000,4052.6000,4052.8000,4053.0000,4053.8000,1,1,1,1,1,1,2,1,5,1
SF,IF2006,2020-02-19 13:37:15.400,4050.8000,23853,0,6291205380.000,0,-,-,-,-,4050.6000,4050.4000,4049.2000,4048.8000,4048.2000,4052.6000,4052.8000,4053.0000,4053.8000,4055.4000,1,1,1,1,1,2,1,5,1,1
SF,IF2006,2020-02-19 13:37:15.900,4050.8000,23853,0,6291205380.000,0,-,-,-,-,4050.8000,4050.6000,4050.4000,4049.2000,4048.8000,4051.8000,4052.0000,4052.2000,4052.4000,4052.6000,1,1,1,1,1,2,1,1,1,2
SF,IF2006,2020-02-19 13:37:16.400,4050.8000,23853,0,6291205380.000,0,-,-,-,-,4050.6000,4050.4000,4049.2000,4048.8000,4048.2000,4051.8000,4052.0000,4052.2000,4052.4000,4052.6000,1,1,1,1,1,2,1,1,1,2
SF,IF2006,2020-02-19 13:37:16.900,4051.6000,23853,0,6292420860.000,1,0,1,空换,B,4050.6000,4050.4000,4049.2000,4048.8000,4048.2000,4051.8000,4052.0000,4052.2000,4052.4000,4052.8000,1,1,1,1,1,2,1,1,1,1
SF,IF2006,2020-02-19 13:37:17.400,4051.8000,23854,1,6294851580.000,2,1,1,多开,B,4050.4000,4049.2000,4048.8000,4048.2000,4047.6000,4051.8000,4052.0000,4052.2000,4052.4000,4052.8000,1,1,1,1,2,1,1,1,1,1
SF,IF2006,2020-02-19 13:37:18.900,4051.8000,23854,0,6294851580.000,0,-,-,-,-,4050.6000,4050.4000,4049.2000,4048.8000,4048.2000,4051.8000,4052.0000,4052.2000,4052.4000,4052.8000,1,1,1,1,1,1,1,1,1,1
SF,IF2006,2020-02-19 13:37:19.400,4051.8000,23854,0,6294851580.000,0,-,-,-,-,4050.6000,4050.4000,4049.2000,4048.8000,4048.2000,4052.0000,4052.2000,4052.4000,4052.8000,4053.0000,1,1,1,1,1,1,1,1,1,5
SF,IF2006,2020-02-19 13:37:19.900,4051.8000,23854,0,6294851580.000,0,-,-,-,-,4050.6000,4050.4000,4049.2000,4048.8000,4048.2000,4051.8000,4052.0000,4052.2000,4052.8000,4053.0000,1,1,1,1,1,1,1,1,1,5
SF,IF2006,2020-02-19 13:37:20.900,4051.8000,23854,0,6294851580.000,0,-,-,-,-,4050.6000,4050.4000,4049.2000,4048.8000,4048.2000,4051.8000,4052.0000,4052.2000,4052.8000,4053.0000,1,1,1,1,1,1,1,1,1,5
SF,IF2006,2020-02-19 13:37:21.400,4051.8000,23854,0,6294851580.000,0,-,-,-,-,4050.8000,4050.6000,4050.4000,4049.2000,4048.8000,4051.8000,4052.0000,4052.2000,4052.8000,4053.0000,1,1,1,1,1,1,1,1,1,5
SF,IF2006,2020-02-19 13:37:21.900,4052.0000,23855,1,6298498260.000,3,2,1,多开,B,4050.8000,4050.6000,4050.4000,4049.2000,4048.8000,4052.8000,4053.0000,4053.8000,4055.4000,4056.0000,1,1,1,1,1,1,5,1,1,1
SF,IF2006,2020-02-19 13:37:22.400,4052.0000,23855,0,6298498260.000,0,-,-,-,-,4051.0000,4050.8000,4050.6000,4050.4000,4049.2000,4052.2000,4052.6000,4052.8000,4053.0000,4053.8000,1,1,1,1,1,1,3,1,5,1
SF,IF2006,2020-02-19 13:37:22.900,4052.0000,23855,0,6298498260.000,0,-,-,-,-,4051.0000,4050.8000,4050.6000,4050.4000,4049.2000,4052.2000,4052.6000,4052.8000,4053.0000,4053.8000,1,1,1,1,1,1,2,1,5,1
SF,IF2006,2020-02-19 13:37:23.400,4052.0000,23855,0,6298498260.000,0,-,-,-,-,4051.0000,4050.8000,4050.6000,4050.4000,4049.2000,4052.2000,4052.8000,4053.0000,4053.8000,4055.4000,1,2,1,1,1,1,1,5,1,1
SF,IF2006,2020-02-19 13:37:23.900,4052.2000,23854,-1,6299713920.000,1,0,1,双平,B,4051.0000,4050.8000,4050.6000,4050.4000,4049.2000,4052.8000,4053.0000,4053.8000,4055.4000,4056.0000,1,1,1,1,1,1,5,1,1,1
SF,IF2006,2020-02-19 13:37:24.400,4051.0000,23855,1,6300929220.000,1,1,0,双开,B,4050.8000,4050.6000,4050.4000,4049.2000,4048.8000,4052.6000,4052.8000,4053.0000,4053.8000,4055.4000,1,1,1,1,1,2,3,5,1,1
SF,IF2006,2020-02-19 13:37:24.900,4051.0000,23855,0,6300929220.000,0,-,-,-,-,4051.0000,4050.8000,4050.6000,4050.4000,4049.2000,4052.4000,4052.6000,4052.8000,4053.0000,4053.8000,1,1,1,1,1,2,2,1,5,1
SF,IF2006,2020-02-19 13:37:25.400,4051.0000,23855,0,6300929220.000,0,-,-,-,-,4051.2000,4051.0000,4050.6000,4050.4000,4049.2000,4052.2000,4052.4000,4052.6000,4052.8000,4053.0000,1,1,1,1,1,1,3,1,1,5
SF,IF2006,2020-02-19 13:37:25.900,4051.2000,23854,-1,6302144580.000,1,0,1,双平,B,4051.0000,4050.6000,4050.4000,4049.2000,4048.8000,4052.2000,4052.4000,4052.6000,4052.8000,4053.0000,1,1,1,1,1,1,1,1,1,5
SF,IF2006,2020-02-19 13:37:26.900,4051.2000,23854,0,6302144580.000,0,-,-,-,-,4051.0000,4050.6000,4050.4000,4049.2000,4048.8000,4052.2000,4052.6000,4052.8000,4053.0000,4053.8000,1,1,1,1,1,1,1,1,5,1
SF,IF2006,2020-02-19 13:37:27.400,4051.2000,23854,0,6302144580.000,0,-,-,-,-,4051.0000,4050.6000,4050.4000,4049.2000,4048.8000,4052.0000,4052.2000,4052.6000,4052.8000,4053.0000,1,1,1,1,1,2,1,1,1,5
SF,IF2006,2020-02-19 13:37:27.900,4051.2000,23854,0,6302144580.000,0,-,-,-,-,4051.0000,4050.6000,4050.4000,4049.2000,4048.8000,4052.0000,4052.2000,4052.8000,4053.0000,4053.8000,1,1,1,1,1,2,2,1,5,1
SF,IF2006,2020-02-19 13:37:28.400,4051.2000,23854,0,6302144580.000,0,-,-,-,-,4051.0000,4050.6000,4050.4000,4049.2000,4048.8000,4052.0000,4052.2000,4052.8000,4053.0000,4053.8000,1,1,1,1,1,1,2,1,5,1
SF,IF2006,2020-02-19 13:37:29.400,4051.2000,23854,0,6302144580.000,0,-,-,-,-,4051.0000,4050.6000,4050.4000,4049.2000,4048.8000,4052.2000,4052.8000,4053.0000,4053.8000,4055.4000,1,1,1,1,1,2,1,5,1,1
SF,IF2006,2020-02-19 13:37:29.900,4051.2000,23854,0,6302144580.000,0,-,-,-,-,4051.0000,4050.8000,4050.6000,4050.4000,4049.2000,4052.2000,4052.8000,4053.0000,4053.8000,4055.4000,1,1,1,1,1,1,1,5,1,1
SF,IF2006,2020-02-19 13:37:30.900,4051.2000,23854,0,6302144580.000,0,-,-,-,-,4051.0000,4050.8000,4050.6000,4050.4000,4049.2000,4052.2000,4052.8000,4053.0000,4053.8000,4055.4000,1,1,1,1,1,1,1,5,1,1
SF,IF2006,2020-02-19 13:37:31.400,4051.2000,23854,0,6302144580.000,0,-,-,-,-,4051.0000,4050.8000,4050.6000,4050.4000,4049.2000,4052.8000,4053.0000,4053.8000,4055.4000,4056.0000,1,1,1,1,1,1,5,1,1,1
SF,IF2006,2020-02-19 13:37:31.900,4051.2000,23854,0,6302144580.000,0,-,-,-,-,4051.2000,4051.0000,4050.8000,4050.6000,4050.4000,4052.6000,4052.8000,4053.0000,4053.8000,4055.4000,1,1,1,1,1,2,1,5,1,1
SF,IF2006,2020-02-19 13:37:32.400,4051.2000,23854,0,6302144580.000,0,-,-,-,-,4052.2000,4051.2000,4051.0000,4050.8000,4050.6000,4052.6000,4052.8000,4053.0000,4053.8000,4055.4000,1,1,1,1,1,2,1,5,1,1
SF,IF2006,2020-02-19 13:37:32.900,4052.2000,23854,0,6303360240.000,1,0,1,空换,B,4050.8000,4050.6000,4050.4000,4049.2000,4048.8000,4052.0000,4052.2000,4052.4000,4052.6000,4052.8000,1,1,1,1,1,1,1,1,2,1
SF,IF2006,2020-02-19 13:37:33.400,4052.2000,23854,0,6303360240.000,0,-,-,-,-,4051.2000,4051.0000,4050.8000,4050.6000,4050.4000,4052.2000,4052.6000,4052.8000,4053.0000,4053.8000,6,6,1,1,1,1,1,1,5,1
SF,IF2006,2020-02-19 13:37:33.900,4052.2000,23854,0,6303360240.000,0,-,-,-,-,4051.2000,4050.8000,4050.6000,4050.4000,4049.2000,4052.2000,4052.6000,4052.8000,4053.0000,4053.8000,1,1,1,1,1,1,1,1,5,1
SF,IF2006,2020-02-19 13:37:34.400,4052.2000,23854,0,6303360240.000,0,-,-,-,-,4051.2000,4050.8000,4050.6000,4050.4000,4049.2000,4052.2000,4052.6000,4052.8000,4053.0000,4053.8000,1,1,1,1,1,1,1,2,5,1
SF,IF2006,2020-02-19 13:37:36.400,4052.2000,23854,0,6303360240.000,0,-,-,-,-,4050.8000,4050.6000,4050.4000,4049.2000,4048.8000,4052.0000,4052.2000,4052.6000,4052.8000,4053.0000,1,1,1,1,1,1,1,1,2,5
SF,IF2006,2020-02-19 13:37:36.900,4052.2000,23854,0,6303360240.000,0,-,-,-,-,4050.8000,4050.6000,4050.4000,4049.2000,4048.8000,4052.0000,4052.2000,4052.8000,4053.0000,4053.8000,1,1,1,1,1,1,1,1,5,1
SF,IF2006,2020-02-19 13:37:42.400,4052.2000,23854,0,6303360240.000,0,-,-,-,-,4050.8000,4050.6000,4050.4000,4049.2000,4048.8000,4051.8000,4052.0000,4052.2000,4052.8000,4053.0000,1,1,1,1,1,1,1,1,1,5
SF,IF2006,2020-02-19 13:37:44.900,4052.2000,23854,0,6303360240.000,0,-,-,-,-,4050.8000,4050.6000,4050.4000,4049.2000,4048.8000,4051.6000,4051.8000,4052.2000,4053.0000,4053.8000,1,1,1,1,1,1,1,1,5,1
SF,IF2006,2020-02-19 13:37:45.400,4052.2000,23854,0,6303360240.000,0,-,-,-,-,4050.8000,4050.6000,4050.4000,4049.2000,4048.8000,4051.6000,4051.8000,4052.2000,4053.0000,4053.8000,1,1,1,1,1,2,1,1,5,1
SF,IF2006,2020-02-19 13:37:46.900,4052.2000,23854,0,6303360240.000,0,-,-,-,-,4050.8000,4050.6000,4050.4000,4049.2000,4048.8000,4051.6000,4051.8000,4052.2000,4053.0000,4053.8000,1,1,1,1,1,1,1,1,5,1
SF,IF2006,2020-02-19 13:37:50.400,4050.8000,23853,-1,6304575480.000,1,0,1,双平,B,4050.6000,4050.4000,4049.2000,4048.8000,4048.2000,4051.4000,4051.6000,4051.8000,4052.2000,4053.0000,1,1,1,1,1,2,1,1,1,5
SF,IF2006,2020-02-19 13:37:50.900,4050.8000,23853,0,6304575480.000,0,-,-,-,-,4050.6000,4049.2000,4048.8000,4048.2000,4047.6000,4051.4000,4051.6000,4051.8000,4052.2000,4053.0000,1,1,1,1,1,2,1,1,1,5
SF,IF2006,2020-02-19 13:37:51.400,4050.8000,23853,0,6304575480.000,0,-,-,-,-,4050.6000,4048.8000,4048.2000,4047.6000,4046.8000,4051.4000,4051.6000,4051.8000,4052.2000,4053.0000,1,1,1,1,1,2,1,1,1,5
SF,IF2006,2020-02-19 13:37:51.900,4050.6000,23853,0,6307005840.000,2,1,1,空换,B,4048.8000,4048.2000,4047.6000,4046.8000,4046.0000,4050.6000,4051.2000,4051.4000,4051.8000,4052.2000,1,1,1,1,2,1,1,2,1,1
SF,IF2006,2020-02-19 13:37:52.400,4050.6000,23853,0,6307005840.000,0,-,-,-,-,4049.4000,4049.0000,4047.6000,4046.8000,4046.0000,4050.0000,4050.6000,4051.2000,4051.4000,4051.8000,6,2,1,1,2,1,1,1,2,1
SF,IF2006,2020-02-19 13:37:52.900,4049.4000,23853,0,6308220660.000,1,0,1,空换,B,4049.0000,4047.6000,4046.8000,4046.0000,4045.2000,4050.0000,4050.6000,4051.2000,4051.4000,4051.8000,2,1,1,2,1,1,1,1,2,1
SF,IF2006,2020-02-19 13:37:53.400,4049.4000,23853,0,6308220660.000,0,-,-,-,-,4047.6000,4046.8000,4046.0000,4045.2000,4045.0000,4049.8000,4050.0000,4050.6000,4051.2000,4051.4000,1,1,2,1,9,1,1,1,1,2
SF,IF2006,2020-02-19 13:37:53.900,4049.4000,23853,0,6308220660.000,0,-,-,-,-,4048.4000,4048.0000,4047.8000,4047.6000,4046.8000,4049.6000,4049.8000,4050.0000,4050.6000,4051.2000,5,3,3,1,1,1,1,1,1,1
SF,IF2006,2020-02-19 13:37:54.400,4049.4000,23853,0,6308220660.000,0,-,-,-,-,4048.6000,4048.4000,4048.0000,4047.8000,4047.6000,4049.6000,4049.8000,4050.0000,4050.6000,4051.2000,5,5,2,3,1,1,1,1,1,1
SF,IF2006,2020-02-19 13:37:54.900,4049.4000,23853,0,6308220660.000,0,-,-,-,-,4048.6000,4048.4000,4048.0000,4047.8000,4047.6000,4049.6000,4049.8000,4050.0000,4050.6000,4051.2000,5,5,2,1,1,1,1,1,1,1
SF,IF2006,2020-02-19 13:37:55.400,4049.4000,23853,0,6308220660.000,0,-,-,-,-,4048.6000,4048.4000,4048.0000,4047.8000,4047.6000,4049.6000,4049.8000,4050.0000,4050.6000,4051.2000,5,5,2,1,1,1,1,1,1,1
SF,IF2006,2020-02-19 13:37:55.900,4049.4000,23853,0,6308220660.000,0,-,-,-,-,4048.0000,4047.6000,4046.8000,4046.0000,4045.2000,4049.4000,4049.6000,4050.0000,4050.6000,4051.2000,1,1,1,2,1,1,1,1,1,1
SF,IF2006,2020-02-19 13:37:56.900,4049.4000,23853,0,6308220660.000,0,-,-,-,-,4048.6000,4048.2000,4048.0000,4047.6000,4046.8000,4049.4000,4049.6000,4050.0000,4050.6000,4051.2000,5,1,1,1,1,1,1,1,1,1
SF,IF2006,2020-02-19 13:37:57.400,4049.4000,23853,0,6308220660.000,0,-,-,-,-,4048.2000,4048.0000,4047.6000,4046.8000,4046.0000,4049.4000,4049.6000,4050.0000,4051.2000,4051.4000,1,1,1,1,2,1,1,1,1,2
SF,IF2006,2020-02-19 13:37:58.400,4049.4000,23853,0,6308220660.000,0,-,-,-,-,4048.0000,4047.6000,4046.8000,4046.0000,4045.2000,4049.4000,4049.6000,4050.0000,4051.2000,4051.4000,1,1,1,2,1,1,1,1,1,2
SF,IF2006,2020-02-19 13:37:58.900,4049.4000,23853,0,6308220660.000,0,-,-,-,-,4048.0000,4047.6000,4046.8000,4046.0000,4045.2000,4049.4000,4049.6000,4050.0000,4051.2000,4051.4000,1,1,1,2,1,1,1,1,1,2
SF,IF2006,2020-02-19 13:37:59.400,4049.4000,23853,0,6308220660.000,0,-,-,-,-,4048.0000,4047.6000,4046.8000,4046.0000,4045.2000,4048.2000,4049.4000,4049.6000,4050.0000,4051.2000,1,1,1,2,1,1,1,1,1,1
SF,IF2006,2020-02-19 13:37:59.900,4048.2000,23853,0,6309435120.000,1,0,1,空换,B,4048.0000,4047.6000,4046.8000,4046.0000,4045.2000,4050.0000,4051.2000,4051.4000,4051.8000,4052.2000,1,1,1,2,1,1,1,2,1,1
SF,IF2006,2020-02-19 13:38:00.400,4048.2000,23853,0,6309435120.000,0,-,-,-,-,4048.2000,4048.0000,4047.6000,4046.8000,4046.0000,4049.6000,4049.8000,4050.0000,4051.2000,4051.4000,1,1,1,1,2,2,1,3,1,2
SF,IF2006,2020-02-19 13:38:00.900,4048.2000,23853,0,6309435120.000,0,-,-,-,-,4048.0000,4047.6000,4046.8000,4046.0000,4045.2000,4049.6000,4050.0000,4051.2000,4051.4000,4051.8000,1,1,1,2,1,2,3,1,2,1
SF,IF2006,2020-02-19 13:38:01.400,4048.2000,23853,0,6309435120.000,0,-,-,-,-,4048.0000,4047.6000,4046.8000,4046.0000,4045.2000,4049.2000,4049.4000,4049.6000,4050.0000,4051.2000,1,1,1,2,1,1,1,2,3,1
SF,IF2006,2020-02-19 13:38:01.900,4048.2000,23853,0,6309435120.000,0,-,-,-,-,4048.0000,4047.6000,4046.8000,4046.0000,4045.2000,4049.2000,4049.4000,4049.6000,4050.0000,4051.4000,1,1,1,2,1,1,1,2,3,2
SF,IF2006,2020-02-19 13:38:02.400,4048.2000,23853,0,6309435120.000,0,-,-,-,-,4048.0000,4047.6000,4046.8000,4046.0000,4045.2000,4049.4000,4049.6000,4050.0000,4051.4000,4051.8000,1,1,1,2,1,1,2,3,2,1
SF,IF2006,2020-02-19 13:38:03.900,4048.2000,23853,0,6309435120.000,0,-,-,-,-,4048.0000,4047.6000,4046.8000,4046.0000,4045.2000,4049.6000,4050.0000,4051.4000,4051.8000,4052.2000,1,1,1,2,1,2,3,2,1,1
SF,IF2006,2020-02-19 13:38:04.400,4048.2000,23853,0,6309435120.000,0,-,-,-,-,4048.0000,4047.6000,4046.8000,4046.0000,4045.2000,4049.4000,4049.6000,4050.0000,4051.4000,4051.8000,1,1,1,2,1,1,2,3,2,1
SF,IF2006,2020-02-19 13:38:05.400,4048.2000,23853,0,6309435120.000,0,-,-,-,-,4048.0000,4047.6000,4046.8000,4046.0000,4045.2000,4049.0000,4049.2000,4049.4000,4049.6000,4050.0000,1,1,1,2,1,1,1,1,2,1
SF,IF2006,2020-02-19 13:38:05.900,4048.2000,23853,0,6309435120.000,0,-,-,-,-,4048.0000,4047.6000,4046.8000,4046.0000,4045.2000,4049.0000,4049.2000,4049.6000,4050.0000,4051.4000,1,1,1,2,1,1,1,2,1,2
SF,IF2006,2020-02-19 13:38:06.400,4048.0000,23852,-1,6310649520.000,1,0,1,双平,B,4047.6000,4046.8000,4046.0000,4045.2000,4045.0000,4049.0000,4049.2000,4049.6000,4050.0000,4051.4000,1,1,2,1,9,1,1,2,1,2
SF,IF2006,2020-02-19 13:38:06.900,4048.0000,23852,0,6310649520.000,0,-,-,-,-,4048.2000,4048.0000,4047.8000,4047.6000,4046.8000,4049.0000,4049.6000,4050.0000,4051.4000,4051.8000,5,5,3,1,1,1,2,1,2,1
SF,IF2006,2020-02-19 13:38:07.400,4048.0000,23852,0,6310649520.000,0,-,-,-,-,4048.0000,4047.8000,4047.6000,4046.8000,4046.0000,4049.0000,4049.2000,4049.6000,4050.0000,4051.4000,5,3,1,1,2,1,1,1,1,2
SF,IF2006,2020-02-19 13:38:08.400,4048.0000,23852,0,6310649520.000,0,-,-,-,-,4048.2000,4048.0000,4047.8000,4047.6000,4046.8000,4049.0000,4049.2000,4049.6000,4050.0000,4051.4000,1,5,2,1,1,1,1,1,1,2
SF,IF2006,2020-02-19 13:38:08.900,4048.0000,23852,0,6310649520.000,0,-,-,-,-,4048.2000,4048.0000,4047.8000,4047.6000,4046.8000,4049.0000,4049.2000,4049.6000,4050.0000,4051.4000,2,5,2,1,1,1,1,1,1,2
SF,IF2006,2020-02-19 13:38:09.400,4048.0000,23852,0,6310649520.000,0,-,-,-,-,4048.2000,4048.0000,4047.8000,4047.6000,4046.8000,4049.0000,4049.2000,4049.6000,4050.0000,4051.4000,2,5,2,1,1,1,1,1,1,2
SF,IF2006,2020-02-19 13:38:09.900,4049.0000,23852,0,6311864220.000,1,0,1,空换,B,4048.4000,4048.2000,4048.0000,4047.8000,4047.6000,4049.2000,4049.6000,4050.0000,4051.4000,4051.8000,5,2,5,2,1,1,1,1,2,1
SF,IF2006,2020-02-19 13:38:10.900,4049.0000,23852,0,6311864220.000,0,-,-,-,-,4048.6000,4048.4000,4048.2000,4048.0000,4047.8000,4049.2000,4049.6000,4050.0000,4051.4000,4051.8000,1,5,1,5,2,1,1,1,2,1
SF,IF2006,2020-02-19 13:38:12.900,4049.0000,23852,0,6311864220.000,0,-,-,-,-,4048.4000,4048.2000,4048.0000,4047.8000,4047.6000,4049.2000,4049.6000,4050.0000,4051.4000,4051.8000,5,1,5,2,1,2,1,1,2,1
SF,IF2006,2020-02-19 13:38:13.400,4049.0000,23852,0,6311864220.000,0,-,-,-,-,4048.2000,4048.0000,4047.8000,4047.6000,4046.8000,4049.2000,4049.6000,4050.0000,4051.4000,4051.8000,1,5,2,1,1,2,1,1,2,1
SF,IF2006,2020-02-19 13:38:13.900,4048.2000,23852,0,6313078680.000,1,0,1,空换,B,4048.0000,4047.8000,4047.6000,4046.8000,4046.0000,4049.2000,4049.6000,4050.0000,4051.4000,4051.8000,5,2,1,1,2,2,1,1,2,1
SF,IF2006,2020-02-19 13:38:14.400,4048.2000,23852,0,6313078680.000,0,-,-,-,-,4048.4000,4048.2000,4048.0000,4047.8000,4047.6000,4049.2000,4049.6000,4050.0000,4051.4000,4051.8000,1,5,5,2,1,2,1,1,2,1
SF,IF2006,2020-02-19 13:38:14.900,4048.2000,23852,0,6313078680.000,0,-,-,-,-,4048.4000,4048.0000,4047.8000,4047.6000,4046.8000,4049.2000,4049.6000,4050.0000,4051.4000,4051.8000,1,5,2,1,1,2,1,1,2,1
SF,IF2006,2020-02-19 13:38:17.900,4048.4000,23852,0,6314293200.000,1,0,1,空换,B,4048.0000,4047.8000,4047.6000,4046.8000,4046.0000,4049.2000,4049.6000,4050.0000,4051.4000,4051.8000,5,2,1,1,2,2,1,1,2,1
SF,IF2006,2020-02-19 13:38:18.400,4049.2000,23852,0,6316722720.000,2,1,1,空换,B,4048.6000,4048.2000,4048.0000,4047.8000,4047.6000,4050.0000,4051.4000,4051.8000,4052.2000,4053.0000,2,1,5,1,1,1,2,1,1,5
SF,IF2006,2020-02-19 13:38:18.900,4049.8000,23852,0,6317937660.000,1,0,1,空换,B,4049.2000,4049.0000,4048.8000,4048.6000,4048.2000,4050.0000,4051.4000,4051.8000,4052.2000,4053.0000,5,1,2,2,1,1,2,1,1,5
SF,IF2006,2020-02-19 13:38:19.400,4050.0000,23852,0,6319152660.000,1,0,1,空换,B,4050.0000,4049.8000,4049.4000,4049.2000,4049.0000,4051.4000,4051.8000,4052.2000,4053.0000,4053.8000,1,4,1,5,1,2,1,1,5,1
SF,IF2006,2020-02-19 13:38:19.900,4050.0000,23852,0,6319152660.000,0,-,-,-,-,4050.0000,4049.8000,4049.4000,4049.2000,4049.0000,4051.2000,4051.4000,4051.8000,4052.2000,4053.0000,1,4,1,5,1,2,2,1,1,5
SF,IF2006,2020-02-19 13:38:20.400,4050.0000,23852,0,6319152660.000,0,-,-,-,-,4049.8000,4049.2000,4049.0000,4048.8000,4048.2000,4051.2000,4051.8000,4052.2000,4053.0000,4053.8000,4,5,1,1,1,2,1,1,5,1
SF,IF2006,2020-02-19 13:38:20.900,4050.0000,23852,0,6319152660.000,0,-,-,-,-,4050.0000,4049.8000,4049.2000,4049.0000,4048.8000,4051.2000,4051.8000,4052.0000,4052.2000,4053.0000,5,4,5,1,1,2,1,2,1,5
SF,IF2006,2020-02-19 13:38:21.400,4050.0000,23852,0,6319152660.000,0,-,-,-,-,4050.0000,4049.8000,4049.2000,4049.0000,4048.8000,4051.2000,4051.8000,4052.0000,4052.2000,4053.0000,5,4,5,1,1,1,1,2,1,5
SF,IF2006,2020-02-19 13:38:21.900,4050.0000,23852,0,6319152660.000,0,-,-,-,-,4050.4000,4050.0000,4049.8000,4049.2000,4049.0000,4051.2000,4051.8000,4052.0000,4052.2000,4053.0000,2,5,4,5,1,1,1,2,1,5
SF,IF2006,2020-02-19 13:38:22.400,4050.0000,23852,0,6319152660.000,0,-,-,-,-,4048.8000,4047.6000,4046.8000,4046.0000,4045.2000,4050.8000,4051.8000,4052.0000,4052.2000,4053.0000,1,1,1,2,1,1,1,2,1,5
SF,IF2006,2020-02-19 13:38:22.900,4050.0000,23852,0,6319152660.000,0,-,-,-,-,4050.0000,4049.6000,4049.4000,4049.2000,4049.0000,4051.8000,4052.0000,4052.2000,4053.0000,4053.8000,5,1,1,5,1,1,2,1,5,1
SF,IF2006,2020-02-19 13:38:23.400,4050.0000,23852,0,6319152660.000,0,-,-,-,-,4050.4000,4050.0000,4049.4000,4049.2000,4049.0000,4051.6000,4051.8000,4052.0000,4052.2000,4053.0000,4,5,1,5,1,1,1,2,1,5
SF,IF2006,2020-02-19 13:38:23.900,4051.6000,23851,-1,6320368140.000,1,0,1,双平,B,4051.0000,4050.4000,4050.0000,4049.4000,4049.0000,4051.2000,4051.8000,4052.0000,4052.2000,4053.0000,2,5,5,1,1,1,1,2,1,5
SF,IF2006,2020-02-19 13:38:24.400,4051.2000,23852,1,6321583500.000,1,1,0,双开,B,4051.4000,4051.2000,4051.0000,4050.4000,4050.0000,4051.8000,4052.0000,4052.2000,4053.0000,4053.8000,1,5,2,5,5,1,2,1,5,1
SF,IF2006,2020-02-19 13:38:24.900,4051.2000,23852,0,6321583500.000,0,-,-,-,-,4051.2000,4051.0000,4050.4000,4049.4000,4049.0000,4051.8000,4052.0000,4052.2000,4053.0000,4053.8000,5,2,4,1,1,1,2,1,5,1
SF,IF2006,2020-02-19 13:38:25.900,4051.2000,23852,0,6321583500.000,0,-,-,-,-,4051.6000,4051.2000,4051.0000,4050.4000,4049.4000,4051.8000,4052.0000,4052.2000,4053.0000,4053.8000,1,5,2,4,1,1,2,1,5,1
SF,IF2006,2020-02-19 13:38:26.400,4051.4000,23852,0,6325229760.000,3,1,2,空换,B,4051.4000,4049.0000,4048.8000,4047.6000,4046.8000,4051.8000,4052.0000,4052.2000,4053.0000,4053.8000,1,1,2,1,1,1,2,1,5,1
SF,IF2006,2020-02-19 13:38:26.900,4051.4000,23853,1,6326445180.000,1,1,0,双开,B,4049.0000,4048.8000,4047.6000,4046.8000,4046.0000,4051.0000,4051.4000,4051.8000,4052.0000,4052.2000,1,2,1,1,2,2,1,1,2,1
SF,IF2006,2020-02-19 13:38:27.400,4051.4000,23853,0,6327660600.000,1,0,1,空换,B,4050.0000,4049.8000,4049.4000,4049.2000,4049.0000,4051.0000,4051.4000,4051.8000,4052.0000,4052.2000,1,1,1,2,1,2,1,1,2,1
SF,IF2006,2020-02-19 13:38:27.900,4051.4000,23853,0,6327660600.000,0,-,-,-,-,4050.0000,4049.8000,4049.4000,4049.2000,4049.0000,4051.0000,4051.4000,4051.8000,4052.0000,4052.2000,1,1,1,2,1,2,1,1,2,1
SF,IF2006,2020-02-19 13:38:28.400,4051.4000,23853,0,6327660600.000,0,-,-,-,-,4050.2000,4050.0000,4049.8000,4049.2000,4049.0000,4051.0000,4051.4000,4051.8000,4052.0000,4052.2000,1,1,1,2,1,2,1,1,2,1
SF,IF2006,2020-02-19 13:38:28.900,4051.4000,23853,0,6327660600.000,0,-,-,-,-,4050.2000,4049.8000,4049.2000,4049.0000,4048.8000,4051.0000,4051.4000,4051.8000,4052.0000,4052.2000,1,1,2,1,1,2,1,1,2,1
SF,IF2006,2020-02-19 13:38:29.400,4050.2000,23852,-1,6328875660.000,1,0,1,双平,B,4049.8000,4049.2000,4049.0000,4047.6000,4046.8000,4050.8000,4051.0000,4051.4000,4051.8000,4052.0000,1,2,1,1,1,1,2,1,1,2
SF,IF2006,2020-02-19 13:38:29.900,4050.2000,23852,0,6328875660.000,0,-,-,-,-,4047.6000,4046.8000,4046.0000,4045.2000,4045.0000,4050.8000,4051.0000,4051.4000,4051.8000,4052.0000,1,1,2,1,7,1,2,1,1,2
SF,IF2006,2020-02-19 13:38:30.400,4050.2000,23852,0,6328875660.000,0,-,-,-,-,4048.8000,4048.6000,4048.0000,4047.8000,4047.6000,4050.8000,4051.0000,4051.4000,4051.8000,4052.0000,2,2,3,2,1,1,2,1,1,2
SF,IF2006,2020-02-19 13:38:30.900,4050.2000,23852,0,6328875660.000,0,-,-,-,-,4049.0000,4048.8000,4048.0000,4047.8000,4047.6000,4050.8000,4051.0000,4051.4000,4051.8000,4052.0000,2,2,3,2,1,1,2,1,1,2
SF,IF2006,2020-02-19 13:38:31.400,4050.2000,23852,0,6328875660.000,0,-,-,-,-,4049.8000,4049.6000,4049.0000,4048.8000,4048.0000,4050.8000,4051.0000,4051.4000,4051.8000,4052.0000,1,1,1,1,3,1,2,1,1,2
SF,IF2006,2020-02-19 13:38:31.900,4050.2000,23852,0,6328875660.000,0,-,-,-,-,4049.8000,4049.6000,4048.8000,4048.0000,4047.8000,4050.8000,4051.0000,4051.4000,4051.8000,4052.0000,1,1,1,3,1,1,1,1,1,2
SF,IF2006,2020-02-19 13:38:32.400,4050.2000,23852,0,6328875660.000,0,-,-,-,-,4049.8000,4049.6000,4048.8000,4048.0000,4047.8000,4050.8000,4051.0000,4051.8000,4052.0000,4052.2000,1,1,1,3,1,1,1,1,2,1
SF,IF2006,2020-02-19 13:38:32.900,4050.2000,23852,0,6328875660.000,0,-,-,-,-,4049.8000,4049.6000,4048.8000,4048.0000,4047.8000,4051.0000,4051.8000,4052.0000,4052.2000,4053.0000,1,1,1,3,1,1,1,2,1,5
SF,IF2006,2020-02-19 13:38:33.400,4050.2000,23853,1,6332521320.000,3,2,1,多开,B,4048.8000,4048.0000,4047.8000,4047.6000,4046.8000,4051.8000,4052.0000,4052.2000,4053.0000,4053.8000,1,3,1,1,1,1,2,1,5,1
SF,IF2006,2020-02-19 13:38:33.900,4050.2000,23853,0,6332521320.000,0,-,-,-,-,4049.4000,4049.0000,4048.8000,4048.0000,4047.6000,4051.6000,4051.8000,4052.0000,4052.2000,4053.0000,3,1,2,3,1,2,3,2,1,5
SF,IF2006,2020-02-19 13:38:34.400,4050.2000,23853,0,6332521320.000,0,-,-,-,-,4049.4000,4049.0000,4048.8000,4048.0000,4047.6000,4051.6000,4051.8000,4052.0000,4052.2000,4053.0000,1,1,1,3,1,2,3,2,1,5
SF,IF2006,2020-02-19 13:38:34.900,4050.2000,23853,0,6332521320.000,0,-,-,-,-,4050.0000,4049.8000,4049.6000,4049.4000,4049.0000,4051.4000,4051.6000,4051.8000,4052.0000,4052.2000,1,2,2,1,1,1,2,1,2,1
SF,IF2006,2020-02-19 13:38:35.400,4050.2000,23853,0,6332521320.000,0,-,-,-,-,4050.6000,4050.2000,4050.0000,4049.8000,4049.6000,4051.4000,4051.6000,4051.8000,4052.0000,4052.2000,5,5,1,2,4,1,2,1,2,1
SF,IF2006,2020-02-19 13:38:35.900,4050.2000,23853,0,6332521320.000,0,-,-,-,-,4050.8000,4050.6000,4050.2000,4049.8000,4049.6000,4051.6000,4051.8000,4052.0000,4052.2000,4053.0000,3,5,5,1,4,2,1,2,1,5
SF,IF2006,2020-02-19 13:38:36.400,4050.2000,23853,0,6332521320.000,0,-,-,-,-,4051.2000,4050.8000,4050.6000,4050.2000,4049.8000,4051.6000,4051.8000,4052.0000,4052.2000,4053.0000,2,3,5,5,1,1,1,2,1,5
SF,IF2006,2020-02-19 13:38:36.900,4050.2000,23853,0,6332521320.000,0,-,-,-,-,4051.0000,4050.6000,4050.2000,4049.8000,4049.6000,4051.8000,4052.0000,4052.2000,4053.0000,4053.8000,1,5,5,1,2,1,2,1,5,1
SF,IF2006,2020-02-19 13:38:37.400,4050.2000,23853,0,6332521320.000,0,-,-,-,-,4050.2000,4049.8000,4049.6000,4049.4000,4049.0000,4051.8000,4052.0000,4052.2000,4053.0000,4053.8000,5,1,2,1,1,1,2,1,5,1
SF,IF2006,2020-02-19 13:38:37.900,4050.2000,23853,0,6332521320.000,0,-,-,-,-,4050.4000,4049.8000,4049.6000,4049.4000,4049.0000,4051.6000,4051.8000,4052.0000,4052.2000,4053.0000,5,1,2,1,1,2,1,2,1,5
SF,IF2006,2020-02-19 13:38:38.400,4050.2000,23853,0,6332521320.000,0,-,-,-,-,4049.8000,4049.6000,4049.4000,4049.0000,4048.8000,4051.6000,4051.8000,4052.0000,4052.2000,4053.0000,1,1,1,1,1,2,1,2,1,5
SF,IF2006,2020-02-19 13:38:38.900,4050.2000,23853,0,6332521320.000,0,-,-,-,-,4050.0000,4049.8000,4049.6000,4049.0000,4048.8000,4051.6000,4051.8000,4052.0000,4052.2000,4053.0000,2,1,1,1,1,2,1,2,1,5
SF,IF2006,2020-02-19 13:38:39.400,4050.2000,23853,0,6332521320.000,0,-,-,-,-,4049.8000,4049.6000,4049.0000,4048.8000,4048.0000,4051.6000,4051.8000,4052.0000,4052.2000,4053.0000,1,1,1,1,2,2,1,2,1,5
SF,IF2006,2020-02-19 13:38:39.900,4050.2000,23853,0,6332521320.000,0,-,-,-,-,4049.8000,4049.6000,4049.0000,4048.8000,4048.0000,4051.4000,4051.6000,4051.8000,4052.0000,4052.2000,1,1,1,1,2,1,2,1,2,1
SF,IF2006,2020-02-19 13:38:41.400,4050.2000,23853,0,6332521320.000,0,-,-,-,-,4049.8000,4049.0000,4048.8000,4048.0000,4047.6000,4051.2000,4051.4000,4051.6000,4051.8000,4052.0000,1,1,1,2,1,1,1,2,1,2
SF,IF2006,2020-02-19 13:38:41.900,4050.2000,23853,0,6332521320.000,0,-,-,-,-,4049.8000,4049.0000,4048.8000,4048.0000,4047.6000,4051.0000,4051.2000,4051.4000,4051.8000,4052.0000,1,1,1,2,1,1,1,1,1,2
SF,IF2006,2020-02-19 13:38:42.400,4050.2000,23853,0,6332521320.000,0,-,-,-,-,4049.8000,4049.0000,4048.8000,4048.0000,4047.6000,4050.8000,4051.0000,4051.2000,4051.4000,4051.8000,1,1,1,2,1,1,1,1,1,1
SF,IF2006,2020-02-19 13:38:42.900,4050.2000,23853,0,6332521320.000,0,-,-,-,-,4049.8000,4049.0000,4048.8000,4048.0000,4047.6000,4050.8000,4051.0000,4051.2000,4051.4000,4051.8000,1,1,1,2,1,1,1,1,1,1
SF,IF2006,2020-02-19 13:38:43.400,4050.2000,23853,0,6332521320.000,0,-,-,-,-,4049.8000,4049.0000,4048.0000,4047.6000,4046.8000,4050.8000,4051.0000,4051.2000,4051.4000,4051.8000,1,1,2,1,1,1,1,1,1,1
SF,IF2006,2020-02-19 13:38:43.900,4049.8000,23854,1,6333736260.000,1,1,0,双开,B,4049.0000,4048.0000,4047.6000,4046.8000,4046.0000,4050.8000,4051.0000,4051.2000,4051.4000,4051.8000,1,1,1,1,2,1,1,1,1,1
SF,IF2006,2020-02-19 13:38:44.400,4049.8000,23854,0,6333736260.000,0,-,-,-,-,4049.2000,4048.0000,4047.6000,4046.8000,4046.0000,4050.6000,4050.8000,4051.0000,4051.2000,4051.4000,6,1,1,1,2,1,1,1,1,1
SF,IF2006,2020-02-19 13:38:44.900,4049.8000,23854,0,6333736260.000,0,-,-,-,-,4049.4000,4049.2000,4048.0000,4047.6000,4046.8000,4050.8000,4051.0000,4051.2000,4051.4000,4051.8000,1,6,1,1,1,1,1,1,1,1
SF,IF2006,2020-02-19 13:38:45.900,4049.8000,23854,0,6333736260.000,0,-,-,-,-,4049.6000,4049.4000,4049.2000,4048.0000,4047.6000,4050.8000,4051.0000,4051.2000,4051.4000,4051.8000,1,1,5,1,1,1,1,1,1,1
SF,IF2006,2020-02-19 13:38:46.900,4049.8000,23854,0,6333736260.000,0,-,-,-,-,4049.6000,4049.4000,4049.2000,4048.0000,4047.6000,4050.8000,4051.0000,4051.4000,4051.8000,4052.0000,1,1,5,1,1,1,1,1,1,2
SF,IF2006,2020-02-19 13:38:47.900,4049.8000,23854,0,6333736260.000,0,-,-,-,-,4049.6000,4049.4000,4049.2000,4048.0000,4047.6000,4050.8000,4051.0000,4051.4000,4051.8000,4052.0000,1,1,5,1,1,1,1,1,1,3
SF,IF2006,2020-02-19 13:38:48.400,4049.8000,23854,0,6333736260.000,0,-,-,-,-,4049.6000,4049.4000,4049.2000,4048.0000,4047.6000,4050.8000,4051.0000,4051.8000,4052.0000,4052.2000,1,1,5,1,1,1,1,1,3,1
SF,IF2006,2020-02-19 13:38:48.900,4049.8000,23854,0,6333736260.000,0,-,-,-,-,4049.6000,4049.4000,4049.2000,4048.0000,4047.6000,4051.8000,4052.0000,4052.2000,4053.0000,4053.8000,1,1,5,1,1,1,3,1,5,1
SF,IF2006,2020-02-19 13:38:49.400,4049.8000,23854,0,6333736260.000,0,-,-,-,-,4050.2000,4049.8000,4049.6000,4049.2000,4048.0000,4051.6000,4051.8000,4052.0000,4052.2000,4053.0000,5,2,1,5,1,3,1,3,1,5
SF,IF2006,2020-02-19 13:38:49.900,4049.8000,23854,0,6333736260.000,0,-,-,-,-,4050.4000,4050.2000,4049.8000,4049.2000,4048.0000,4051.6000,4051.8000,4052.0000,4052.2000,4053.0000,3,5,2,5,1,2,1,3,1,5
SF,IF2006,2020-02-19 13:38:50.400,4049.8000,23854,0,6333736260.000,0,-,-,-,-,4050.6000,4050.4000,4050.2000,4049.8000,4048.0000,4051.8000,4052.0000,4052.2000,4053.0000,4053.8000,2,3,5,2,1,1,3,1,5,1
SF,IF2006,2020-02-19 13:38:50.900,4049.8000,23854,0,6333736260.000,0,-,-,-,-,4050.4000,4050.2000,4049.8000,4048.0000,4047.6000,4051.8000,4052.0000,4052.2000,4053.0000,4053.8000,3,5,4,1,1,1,3,1,5,1
SF,IF2006,2020-02-19 13:38:51.900,4049.8000,23854,0,6333736260.000,0,-,-,-,-,4050.4000,4050.2000,4049.8000,4048.0000,4047.6000,4051.6000,4051.8000,4052.0000,4052.2000,4053.0000,3,5,4,1,1,1,1,3,1,5
SF,IF2006,2020-02-19 13:38:52.400,4049.8000,23854,0,6333736260.000,0,-,-,-,-,4049.8000,4048.0000,4047.6000,4046.8000,4046.0000,4051.4000,4051.6000,4051.8000,4052.0000,4052.2000,4,1,1,1,2,1,1,1,3,1
SF,IF2006,2020-02-19 13:38:52.900,4049.8000,23854,0,6333736260.000,0,-,-,-,-,4050.2000,4050.0000,4049.8000,4048.0000,4047.6000,4051.4000,4051.6000,4051.8000,4052.0000,4052.2000,5,1,3,1,1,1,1,1,3,1
SF,IF2006,2020-02-19 13:38:53.400,4049.8000,23854,0,6333736260.000,0,-,-,-,-,4050.4000,4050.2000,4049.8000,4048.0000,4047.6000,4051.4000,4051.8000,4052.0000,4052.2000,4053.0000,3,5,3,1,1,1,1,3,1,5
SF,IF2006,2020-02-19 13:38:53.900,4049.8000,23854,0,6333736260.000,0,-,-,-,-,4050.4000,4050.2000,4050.0000,4049.8000,4048.0000,4051.4000,4051.8000,4052.0000,4052.2000,4053.0000,3,5,1,3,1,1,1,3,1,5
SF,IF2006,2020-02-19 13:38:55.400,4049.8000,23854,0,6333736260.000,0,-,-,-,-,4050.4000,4050.2000,4050.0000,4049.8000,4048.0000,4051.8000,4052.0000,4052.2000,4053.0000,4053.8000,3,5,1,3,1,1,3,1,5,1
SF,IF2006,2020-02-19 13:38:55.900,4049.8000,23854,0,6333736260.000,0,-,-,-,-,4050.4000,4050.2000,4050.0000,4049.8000,4048.0000,4051.8000,4052.0000,4052.2000,4053.0000,4053.8000,2,5,1,3,1,1,3,1,5,1
SF,IF2006,2020-02-19 13:38:56.400,4049.8000,23854,0,6333736260.000,0,-,-,-,-,4050.4000,4050.2000,4050.0000,4049.8000,4048.0000,4051.6000,4051.8000,4052.0000,4052.2000,4053.0000,2,5,1,3,1,1,1,3,1,5
SF,IF2006,2020-02-19 13:38:57.900,4049.8000,23854,0,6333736260.000,0,-,-,-,-,4050.0000,4049.8000,4048.0000,4047.6000,4046.8000,4051.0000,4051.4000,4051.6000,4051.8000,4052.0000,1,2,1,1,1,1,1,1,1,3
SF,IF2006,2020-02-19 13:38:58.400,4049.8000,23854,0,6333736260.000,0,-,-,-,-,4050.4000,4050.0000,4049.8000,4048.0000,4047.6000,4051.0000,4051.4000,4051.6000,4051.8000,4052.0000,5,1,2,1,1,1,2,1,1,3
SF,IF2006,2020-02-19 13:38:58.900,4051.0000,23854,0,6334951560.000,1,0,1,空换,B,4050.0000,4049.8000,4048.0000,4047.6000,4046.8000,4051.4000,4051.6000,4051.8000,4052.0000,4052.2000,1,2,1,1,1,2,1,1,2,1
SF,IF2006,2020-02-19 13:38:59.400,4051.0000,23854,0,6334951560.000,0,-,-,-,-,4050.4000,4050.0000,4049.8000,4048.0000,4047.6000,4051.4000,4051.6000,4051.8000,4052.0000,4052.2000,5,1,2,1,1,1,1,1,2,1
SF,IF2006,2020-02-19 13:38:59.900,4051.0000,23854,0,6334951560.000,0,-,-,-,-,4050.0000,4049.8000,4048.0000,4047.6000,4046.8000,4051.4000,4051.6000,4051.8000,4052.0000,4052.2000,1,2,1,1,1,1,1,1,2,1
SF,IF2006,2020-02-19 13:39:00.400,4051.0000,23854,0,6334951560.000,0,-,-,-,-,4050.4000,4050.2000,4050.0000,4049.8000,4048.0000,4051.4000,4051.6000,4051.8000,4052.0000,4052.2000,2,1,1,2,1,1,1,1,2,1
SF,IF2006,2020-02-19 13:39:00.900,4051.0000,23854,0,6334951560.000,0,-,-,-,-,4050.0000,4049.8000,4048.0000,4047.6000,4046.8000,4051.4000,4051.6000,4051.8000,4052.0000,4052.2000,1,2,1,1,1,1,1,1,2,1
SF,IF2006,2020-02-19 13:39:02.400,4051.0000,23854,0,6334951560.000,0,-,-,-,-,4050.0000,4049.8000,4048.0000,4047.6000,4046.8000,4051.2000,4051.4000,4051.6000,4051.8000,4052.0000,1,2,1,1,1,1,1,1,1,2
SF,IF2006,2020-02-19 13:39:02.900,4051.0000,23854,0,6334951560.000,0,-,-,-,-,4049.8000,4048.0000,4047.6000,4046.8000,4046.0000,4051.2000,4051.4000,4051.8000,4052.0000,4052.2000,2,1,1,1,2,1,1,1,2,1
SF,IF2006,2020-02-19 13:39:03.400,4051.0000,23854,0,6334951560.000,0,-,-,-,-,4049.8000,4048.0000,4047.6000,4046.8000,4046.0000,4051.2000,4051.4000,4051.8000,4052.0000,4052.2000,2,1,1,1,2,1,1,1,2,1
SF,IF2006,2020-02-19 13:39:03.900,4051.0000,23854,0,6334951560.000,0,-,-,-,-,4049.8000,4048.0000,4047.6000,4046.8000,4046.0000,4051.0000,4051.4000,4051.8000,4052.0000,4052.2000,2,1,1,1,2,1,1,1,2,1
SF,IF2006,2020-02-19 13:39:04.400,4051.0000,23854,0,6334951560.000,0,-,-,-,-,4050.0000,4049.8000,4048.0000,4047.6000,4046.8000,4051.0000,4051.4000,4051.8000,4052.0000,4052.2000,1,2,1,1,1,1,1,1,2,1
SF,IF2006,2020-02-19 13:39:06.400,4050.0000,23855,1,6336166560.000,1,1,0,双开,B,4049.8000,4048.0000,4047.6000,4046.8000,4046.0000,4051.0000,4051.4000,4051.8000,4052.0000,4052.2000,2,1,1,1,2,1,1,1,2,1
SF,IF2006,2020-02-19 13:39:06.900,4050.0000,23855,0,6336166560.000,0,-,-,-,-,4049.8000,4048.0000,4047.6000,4046.8000,4046.0000,4050.8000,4051.0000,4051.4000,4051.8000,4052.0000,2,1,1,1,2,1,1,1,1,2
SF,IF2006,2020-02-19 13:39:07.900,4050.0000,23855,0,6336166560.000,0,-,-,-,-,4049.8000,4048.0000,4047.6000,4046.8000,4046.0000,4050.6000,4050.8000,4051.4000,4051.8000,4052.0000,2,1,1,1,2,1,1,1,1,2
SF,IF2006,2020-02-19 13:39:08.400,4049.8000,23856,1,6337381500.000,1,1,0,双开,B,4049.8000,4048.0000,4047.6000,4046.8000,4046.0000,4050.6000,4050.8000,4051.4000,4051.8000,4052.0000,1,1,1,1,2,1,1,1,1,2
SF,IF2006,2020-02-19 13:39:08.900,4049.8000,23856,0,6338596440.000,1,0,1,空换,B,4048.0000,4047.6000,4046.8000,4046.0000,4045.2000,4050.6000,4050.8000,4051.4000,4051.8000,4052.0000,1,1,1,2,1,1,1,1,1,2
SF,IF2006,2020-02-19 13:39:09.400,4049.8000,23856,0,6338596440.000,0,-,-,-,-,4049.2000,4048.8000,4048.6000,4048.2000,4048.0000,4050.6000,4050.8000,4051.4000,4051.8000,4052.0000,5,1,1,4,1,1,1,1,1,2
SF,IF2006,2020-02-19 13:39:09.900,4049.8000,23856,0,6338596440.000,0,-,-,-,-,4049.2000,4048.8000,4048.2000,4048.0000,4047.6000,4050.4000,4050.6000,4050.8000,4051.4000,4051.8000,5,1,4,1,1,1,2,1,1,1
SF,IF2006,2020-02-19 13:39:10.400,4049.8000,23856,0,6338596440.000,0,-,-,-,-,4048.2000,4048.0000,4047.6000,4046.8000,4046.0000,4050.0000,4050.4000,4050.6000,4051.4000,4051.8000,3,1,1,1,2,1,2,2,1,1
SF,IF2006,2020-02-19 13:39:10.900,4049.8000,23856,0,6338596440.000,0,-,-,-,-,4048.8000,4048.2000,4047.6000,4046.8000,4046.0000,4049.6000,4050.0000,4050.4000,4050.6000,4051.4000,5,2,1,1,2,1,2,2,2,1
SF,IF2006,2020-02-19 13:39:11.400,4049.8000,23856,0,6338596440.000,0,-,-,-,-,4048.2000,4047.6000,4046.8000,4046.0000,4045.2000,4049.6000,4050.0000,4050.4000,4050.6000,4051.4000,2,1,1,2,1,1,1,2,2,1
SF,IF2006,2020-02-19 13:39:11.900,4049.8000,23856,0,6338596440.000,0,-,-,-,-,4048.4000,4048.2000,4047.6000,4046.8000,4046.0000,4049.6000,4050.0000,4050.4000,4050.6000,4051.4000,6,2,1,1,2,1,1,2,2,1
SF,IF2006,2020-02-19 13:39:12.400,4049.8000,23856,0,6338596440.000,0,-,-,-,-,4048.4000,4048.2000,4047.6000,4046.8000,4046.0000,4049.4000,4049.6000,4050.0000,4050.4000,4050.6000,1,2,1,1,2,2,2,1,2,1
SF,IF2006,2020-02-19 13:39:12.900,4049.8000,23856,0,6338596440.000,0,-,-,-,-,4048.4000,4048.2000,4047.6000,4046.8000,4046.0000,4049.4000,4049.6000,4050.0000,4050.4000,4050.6000,1,2,1,1,2,2,1,1,2,1
SF,IF2006,2020-02-19 13:39:13.400,4048.4000,23857,1,6339810960.000,1,1,0,双开,B,4048.2000,4047.6000,4046.8000,4046.0000,4045.2000,4049.2000,4049.4000,4049.6000,4050.0000,4050.4000,2,1,1,2,1,1,2,1,1,2
SF,IF2006,2020-02-19 13:39:13.900,4048.4000,23857,0,6339810960.000,0,-,-,-,-,4048.4000,4048.2000,4047.6000,4046.8000,4046.0000,4049.2000,4049.4000,4049.6000,4050.0000,4050.4000,2,2,1,1,2,1,2,1,1,2
SF,IF2006,2020-02-19 13:39:14.400,4048.4000,23857,0,6339810960.000,0,-,-,-,-,4048.2000,4047.6000,4046.8000,4046.0000,4045.2000,4049.2000,4049.4000,4049.6000,4050.0000,4050.4000,2,1,1,2,1,1,2,1,1,2
SF,IF2006,2020-02-19 13:39:14.900,4048.4000,23857,0,6339810960.000,0,-,-,-,-,4048.2000,4047.6000,4046.8000,4046.0000,4045.2000,4049.2000,4049.6000,4050.0000,4050.4000,4050.6000,2,1,1,2,1,1,1,1,2,1
SF,IF2006,2020-02-19 13:39:15.900,4049.2000,23857,0,6341025720.000,1,0,1,空换,B,4048.4000,4048.2000,4047.6000,4046.8000,4046.0000,4049.6000,4050.0000,4050.4000,4050.6000,4051.4000,6,2,1,1,2,1,1,2,1,1
SF,IF2006,2020-02-19 13:39:16.400,4049.2000,23857,0,6341025720.000,0,-,-,-,-,4048.8000,4048.6000,4048.4000,4048.2000,4047.6000,4049.6000,4050.0000,4050.4000,4051.4000,4051.8000,6,1,5,2,1,1,1,2,1,1
SF,IF2006,2020-02-19 13:39:16.900,4049.2000,23857,0,6341025720.000,0,-,-,-,-,4048.8000,4048.6000,4048.4000,4048.2000,4047.6000,4049.6000,4050.0000,4050.4000,4051.4000,4051.8000,1,1,5,2,1,1,1,2,1,1
SF,IF2006,2020-02-19 13:39:17.400,4049.2000,23857,0,6341025720.000,0,-,-,-,-,4049.0000,4048.8000,4048.4000,4048.2000,4047.6000,4049.6000,4050.4000,4051.4000,4051.8000,4052.0000,1,1,5,2,1,1,2,1,1,2
SF,IF2006,2020-02-19 13:39:17.900,4049.6000,23856,-1,6342240600.000,1,0,1,双平,B,4049.0000,4048.8000,4048.4000,4048.2000,4047.6000,4050.4000,4051.4000,4051.8000,4052.0000,4052.2000,1,1,5,2,1,2,1,1,2,1
SF,IF2006,2020-02-19 13:39:18.400,4049.6000,23856,0,6342240600.000,0,-,-,-,-,4049.0000,4048.8000,4048.4000,4048.2000,4047.6000,4051.2000,4051.4000,4051.8000,4052.0000,4052.2000,1,1,5,2,1,2,1,1,2,1
SF,IF2006,2020-02-19 13:39:18.900,4049.6000,23856,0,6342240600.000,0,-,-,-,-,4049.0000,4048.8000,4048.4000,4048.2000,4047.6000,4050.8000,4051.0000,4051.2000,4051.4000,4051.8000,1,1,5,2,1,2,1,2,1,1
SF,IF2006,2020-02-19 13:39:19.400,4049.6000,23856,0,6342240600.000,0,-,-,-,-,4049.4000,4049.2000,4049.0000,4048.4000,4048.2000,4050.6000,4050.8000,4051.0000,4051.2000,4051.4000,5,1,1,5,2,1,1,1,2,1
SF,IF2006,2020-02-19 13:39:19.900,4049.6000,23856,0,6342240600.000,0,-,-,-,-,4049.6000,4049.4000,4048.4000,4048.2000,4047.6000,4050.8000,4051.4000,4051.8000,4052.0000,4052.2000,1,5,5,2,1,1,1,1,2,1
SF,IF2006,2020-02-19 13:39:20.400,4049.6000,23856,0,6342240600.000,0,-,-,-,-,4049.6000,4049.4000,4048.2000,4047.6000,4046.8000,4051.4000,4051.8000,4052.0000,4052.2000,4053.0000,1,5,2,1,1,1,1,2,1,5
SF,IF2006,2020-02-19 13:39:20.900,4049.6000,23856,0,6342240600.000,0,-,-,-,-,4049.6000,4049.4000,4048.2000,4047.6000,4046.8000,4051.2000,4051.4000,4051.8000,4052.0000,4052.2000,1,5,2,1,1,1,1,1,2,1
SF,IF2006,2020-02-19 13:39:21.400,4049.6000,23856,0,6342240600.000,0,-,-,-,-,4049.6000,4048.2000,4047.6000,4046.8000,4046.0000,4051.0000,4051.2000,4051.4000,4051.8000,4052.0000,1,2,1,1,2,1,1,1,1,2
SF,IF2006,2020-02-19 13:39:21.900,4049.6000,23856,0,6342240600.000,0,-,-,-,-,4049.8000,4049.6000,4048.2000,4047.6000,4046.8000,4051.0000,4051.2000,4051.4000,4051.8000,4052.0000,2,1,2,1,1,1,1,1,1,2
SF,IF2006,2020-02-19 13:39:22.400,4049.6000,23856,0,6342240600.000,0,-,-,-,-,4049.6000,4048.2000,4047.6000,4046.8000,4046.0000,4051.0000,4051.2000,4051.4000,4051.8000,4052.0000,1,2,1,1,2,1,1,1,1,2
SF,IF2006,2020-02-19 13:39:22.900,4049.6000,23856,0,6342240600.000,0,-,-,-,-,4049.8000,4049.6000,4048.2000,4047.6000,4046.8000,4051.0000,4051.2000,4051.4000,4051.8000,4052.0000,5,1,2,1,1,1,1,1,1,2
SF,IF2006,2020-02-19 13:39:23.400,4049.6000,23856,0,6342240600.000,0,-,-,-,-,4050.0000,4049.8000,4049.6000,4048.2000,4046.8000,4051.0000,4051.2000,4051.4000,4051.8000,4052.0000,5,5,1,2,1,1,1,1,1,2
SF,IF2006,2020-02-19 13:39:23.900,4049.6000,23856,0,6342240600.000,0,-,-,-,-,4050.0000,4049.8000,4049.6000,4048.2000,4046.8000,4051.2000,4051.4000,4051.8000,4052.0000,4052.2000,5,5,1,2,1,1,1,1,2,1
SF,IF2006,2020-02-19 13:39:24.400,4049.6000,23856,0,6342240600.000,0,-,-,-,-,4049.6000,4048.2000,4046.8000,4046.0000,4045.2000,4050.8000,4051.4000,4051.8000,4052.0000,4052.2000,1,2,1,2,1,1,1,1,2,1
SF,IF2006,2020-02-19 13:39:24.900,4049.6000,23856,0,6342240600.000,0,-,-,-,-,4049.6000,4048.2000,4046.8000,4046.0000,4045.2000,4051.0000,4051.4000,4051.8000,4052.0000,4052.2000,1,2,1,2,1,1,1,1,2,1
SF,IF2006,2020-02-19 13:39:25.900,4049.6000,23856,0,6342240600.000,0,-,-,-,-,4049.8000,4048.2000,4046.8000,4046.0000,4045.2000,4050.8000,4051.0000,4051.4000,4051.8000,4052.0000,1,2,1,2,1,1,1,1,1,2
SF,IF2006,2020-02-19 13:39:26.400,4049.8000,23857,1,6343455540.000,1,1,0,双开,B,4048.2000,4046.8000,4046.0000,4045.2000,4045.0000,4050.8000,4051.2000,4051.4000,4051.8000,4052.0000,2,1,2,1,8,2,1,1,1,1
SF,IF2006,2020-02-19 13:39:26.900,4049.8000,23857,0,6343455540.000,0,-,-,-,-,4048.8000,4048.6000,4048.4000,4048.2000,4046.8000,4050.8000,4051.2000,4051.4000,4051.8000,4052.0000,2,7,2,3,1,2,1,1,1,1
SF,IF2006,2020-02-19 13:39:27.400,4049.8000,23857,0,6343455540.000,0,-,-,-,-,4048.8000,4048.6000,4048.4000,4048.2000,4046.8000,4050.6000,4050.8000,4051.2000,4051.4000,4051.8000,2,7,2,3,1,2,1,1,1,1
SF,IF2006,2020-02-19 13:39:29.400,4049.8000,23857,0,6343455540.000,0,-,-,-,-,4048.8000,4048.6000,4048.4000,4048.2000,4046.8000,4050.4000,4050.6000,4051.2000,4051.4000,4051.8000,2,7,2,3,1,1,2,1,1,1
SF,IF2006,2020-02-19 13:39:30.400,4049.8000,23857,0,6343455540.000,0,-,-,-,-,4048.8000,4048.6000,4048.4000,4048.2000,4046.8000,4050.2000,4050.4000,4050.6000,4051.2000,4051.4000,2,7,2,3,1,1,1,1,1,1
SF,IF2006,2020-02-19 13:39:30.900,4049.8000,23857,0,6343455540.000,0,-,-,-,-,4049.0000,4048.8000,4048.6000,4048.4000,4048.2000,4050.2000,4050.4000,4050.6000,4051.2000,4051.4000,1,2,6,2,3,1,1,1,1,1
SF,IF2006,2020-02-19 13:39:31.400,4049.8000,23857,0,6343455540.000,0,-,-,-,-,4049.0000,4048.8000,4048.6000,4048.4000,4048.2000,4050.4000,4050.6000,4051.2000,4051.4000,4051.8000,1,2,6,2,3,1,1,1,1,1
SF,IF2006,2020-02-19 13:39:32.400,4049.8000,23857,0,6343455540.000,0,-,-,-,-,4049.0000,4048.8000,4048.6000,4048.4000,4048.2000,4050.6000,4051.2000,4051.4000,4051.8000,4052.0000,1,2,5,2,3,1,1,1,1,1
SF,IF2006,2020-02-19 13:39:33.400,4049.8000,23857,0,6343455540.000,0,-,-,-,-,4049.2000,4049.0000,4048.8000,4048.6000,4048.4000,4050.6000,4051.2000,4051.4000,4051.8000,4052.0000,1,1,2,5,2,1,1,1,1,1
SF,IF2006,2020-02-19 13:39:33.900,4049.8000,23857,0,6343455540.000,0,-,-,-,-,4049.0000,4048.8000,4048.6000,4048.4000,4048.2000,4050.4000,4050.6000,4051.2000,4051.4000,4051.8000,1,2,5,2,3,1,1,1,1,1
SF,IF2006,2020-02-19 13:39:38.900,4049.8000,23857,0,6343455540.000,0,-,-,-,-,4049.0000,4048.6000,4048.4000,4048.2000,4046.8000,4050.4000,4050.6000,4051.2000,4051.4000,4051.8000,1,5,2,3,1,1,1,1,1,1
SF,IF2006,2020-02-19 13:39:39.400,4049.8000,23857,0,6343455540.000,0,-,-,-,-,4049.0000,4048.6000,4048.4000,4048.2000,4046.8000,4050.4000,4050.6000,4051.0000,4051.2000,4051.4000,1,5,2,3,1,1,1,1,1,1
SF,IF2006,2020-02-19 13:39:39.900,4049.8000,23857,0,6343455540.000,0,-,-,-,-,4049.2000,4049.0000,4048.6000,4048.4000,4048.2000,4050.4000,4050.6000,4051.0000,4051.2000,4051.4000,5,1,5,2,3,1,1,1,1,1
SF,IF2006,2020-02-19 13:39:40.400,4049.8000,23857,0,6343455540.000,0,-,-,-,-,4049.0000,4048.6000,4048.4000,4048.2000,4046.8000,4050.2000,4050.4000,4050.6000,4051.0000,4051.2000,1,5,2,2,1,1,1,1,1,1
SF,IF2006,2020-02-19 13:39:41.400,4049.8000,23857,0,6343455540.000,0,-,-,-,-,4048.6000,4048.4000,4048.2000,4046.8000,4046.0000,4050.2000,4050.4000,4050.6000,4051.0000,4051.2000,5,2,2,1,2,1,1,1,1,1
SF,IF2006,2020-02-19 13:39:41.900,4049.8000,23857,0,6343455540.000,0,-,-,-,-,4048.8000,4048.6000,4048.4000,4048.2000,4046.8000,4050.0000,4050.2000,4050.4000,4051.0000,4051.2000,5,5,2,2,1,1,1,1,1,1
SF,IF2006,2020-02-19 13:39:42.400,4049.8000,23857,0,6343455540.000,0,-,-,-,-,4048.8000,4048.6000,4048.4000,4048.2000,4046.8000,4050.0000,4050.2000,4051.0000,4051.2000,4051.4000,5,5,2,2,1,2,1,1,1,1
SF,IF2006,2020-02-19 13:39:43.400,4049.8000,23857,0,6343455540.000,0,-,-,-,-,4048.8000,4048.6000,4048.4000,4048.2000,4046.8000,4050.0000,4050.2000,4051.0000,4051.2000,4051.4000,6,5,2,2,1,1,1,1,1,1
SF,IF2006,2020-02-19 13:39:44.400,4049.8000,23857,0,6343455540.000,0,-,-,-,-,4048.8000,4048.6000,4048.4000,4048.2000,4046.8000,4050.2000,4051.0000,4051.2000,4051.4000,4051.8000,6,5,2,2,1,1,1,1,1,1
SF,IF2006,2020-02-19 13:39:45.400,4049.8000,23857,0,6343455540.000,0,-,-,-,-,4048.8000,4048.6000,4048.4000,4048.2000,4046.8000,4050.2000,4051.0000,4051.2000,4051.4000,4051.8000,1,5,2,1,1,1,1,1,1,1
SF,IF2006,2020-02-19 13:39:45.900,4049.8000,23857,0,6343455540.000,0,-,-,-,-,4048.8000,4048.6000,4048.4000,4048.2000,4046.8000,4050.2000,4051.0000,4051.2000,4051.4000,4051.8000,1,5,1,1,1,1,1,1,1,1
SF,IF2006,2020-02-19 13:39:46.400,4049.8000,23857,0,6343455540.000,0,-,-,-,-,4048.8000,4048.6000,4048.4000,4048.2000,4046.8000,4049.8000,4050.2000,4051.0000,4051.2000,4051.4000,1,5,1,1,1,1,1,1,1,1
SF,IF2006,2020-02-19 13:39:47.400,4049.8000,23857,0,6343455540.000,0,-,-,-,-,4048.8000,4048.6000,4048.4000,4048.2000,4046.8000,4049.8000,4050.2000,4051.0000,4051.2000,4051.4000,1,5,1,1,1,1,1,1,1,1
SF,IF2006,2020-02-19 13:39:47.900,4049.8000,23857,0,6343455540.000,0,-,-,-,-,4048.8000,4048.6000,4048.4000,4048.2000,4046.8000,4049.8000,4050.2000,4051.0000,4051.2000,4051.4000,1,5,1,1,1,1,1,1,1,1
SF,IF2006,2020-02-19 13:39:51.400,4049.8000,23857,0,6343455540.000,0,-,-,-,-,4049.0000,4048.8000,4048.6000,4048.4000,4048.2000,4049.8000,4050.2000,4051.0000,4051.2000,4051.4000,2,1,5,1,1,1,1,1,1,1
SF,IF2006,2020-02-19 13:39:51.900,4049.8000,23857,0,6343455540.000,0,-,-,-,-,4048.8000,4048.6000,4048.4000,4048.2000,4046.8000,4049.8000,4050.2000,4051.0000,4051.2000,4051.4000,1,5,1,1,1,1,1,1,1,1
SF,IF2006,2020-02-19 13:39:54.400,4049.4000,23858,1,6345885000.000,2,1,1,多开,B,4048.2000,4046.8000,4046.0000,4045.2000,4045.0000,4049.8000,4051.0000,4051.2000,4051.4000,4051.8000,1,1,3,1,7,1,1,1,1,1
SF,IF2006,2020-02-19 13:39:54.900,4049.4000,23858,0,6345885000.000,0,-,-,-,-,4048.4000,4046.8000,4046.0000,4045.2000,4045.0000,4049.6000,4049.8000,4051.0000,4051.2000,4051.4000,1,1,3,1,7,2,1,1,1,1
SF,IF2006,2020-02-19 13:39:55.400,4049.4000,23858,0,6345885000.000,0,-,-,-,-,4048.4000,4046.8000,4046.0000,4045.2000,4045.0000,4049.6000,4049.8000,4051.0000,4051.2000,4051.4000,1,1,3,1,7,1,1,1,1,1
SF,IF2006,2020-02-19 13:39:58.400,4049.4000,23858,0,6345885000.000,0,-,-,-,-,4048.4000,4046.8000,4046.0000,4045.2000,4045.0000,4049.6000,4049.8000,4050.8000,4051.0000,4051.4000,1,1,3,1,7,1,1,1,1,1
SF,IF2006,2020-02-19 13:39:58.900,4049.4000,23858,0,6345885000.000,0,-,-,-,-,4048.6000,4048.4000,4046.8000,4046.0000,4045.2000,4049.8000,4050.8000,4051.0000,4051.4000,4051.8000,5,1,1,3,1,1,1,1,1,1
SF,IF2006,2020-02-19 13:40:01.400,4049.4000,23858,0,6345885000.000,0,-,-,-,-,4048.4000,4046.8000,4046.0000,4045.2000,4045.0000,4049.8000,4050.8000,4051.0000,4051.4000,4051.8000,1,1,3,1,7,1,1,1,1,1
SF,IF2006,2020-02-19 13:40:02.400,4049.4000,23858,0,6345885000.000,0,-,-,-,-,4048.4000,4046.8000,4046.0000,4045.2000,4045.0000,4049.6000,4049.8000,4050.8000,4051.0000,4051.4000,1,1,3,1,7,1,1,1,1,1
SF,IF2006,2020-02-19 13:40:03.400,4049.4000,23858,0,6345885000.000,0,-,-,-,-,4046.8000,4046.0000,4045.2000,4045.0000,4044.4000,4049.6000,4049.8000,4050.8000,4051.0000,4051.4000,1,3,1,7,1,1,1,1,1,1
SF,IF2006,2020-02-19 13:40:03.900,4049.4000,23858,0,6345885000.000,0,-,-,-,-,4047.6000,4047.4000,4047.2000,4047.0000,4046.8000,4049.6000,4049.8000,4050.8000,4051.0000,4051.4000,6,1,1,2,1,1,1,1,1,1
SF,IF2006,2020-02-19 13:40:04.400,4049.4000,23858,0,6345885000.000,0,-,-,-,-,4047.6000,4047.4000,4047.2000,4047.0000,4046.8000,4049.6000,4049.8000,4050.8000,4051.0000,4051.4000,6,1,1,2,1,3,1,1,1,1
SF,IF2006,2020-02-19 13:40:05.400,4049.4000,23858,0,6345885000.000,0,-,-,-,-,4047.6000,4047.4000,4047.2000,4047.0000,4046.8000,4049.4000,4049.6000,4049.8000,4050.8000,4051.0000,6,1,1,2,1,1,3,1,1,1
SF,IF2006,2020-02-19 13:40:05.900,4049.4000,23858,0,6345885000.000,0,-,-,-,-,4047.6000,4047.4000,4047.0000,4046.8000,4046.0000,4049.4000,4049.6000,4049.8000,4050.8000,4051.0000,6,1,2,1,3,1,3,1,1,1
SF,IF2006,2020-02-19 13:40:06.400,4049.4000,23858,0,6345885000.000,0,-,-,-,-,4047.6000,4047.4000,4047.0000,4046.8000,4046.0000,4049.2000,4049.4000,4049.6000,4049.8000,4050.8000,1,1,2,1,3,1,2,1,1,1
SF,IF2006,2020-02-19 13:40:06.900,4049.4000,23858,0,6345885000.000,0,-,-,-,-,4047.6000,4047.4000,4046.8000,4046.0000,4045.2000,4049.0000,4049.2000,4049.4000,4050.8000,4051.0000,1,1,1,3,1,2,1,1,1,1
SF,IF2006,2020-02-19 13:40:07.400,4047.6000,23859,1,6347099280.000,1,1,0,双开,B,4047.4000,4046.8000,4046.0000,4045.2000,4045.0000,4047.6000,4049.0000,4049.4000,4050.8000,4051.0000,1,1,3,1,7,2,2,1,1,1
SF,IF2006,2020-02-19 13:40:07.900,4047.6000,23861,2,6349527840.000,2,2,0,双开,B,4047.6000,4047.4000,4046.8000,4046.0000,4045.2000,4049.0000,4050.8000,4051.0000,4051.4000,4051.8000,1,1,1,3,1,1,1,1,1,1
SF,IF2006,2020-02-19 13:40:08.400,4047.6000,23861,0,6349527840.000,0,-,-,-,-,4047.8000,4047.6000,4047.4000,4046.8000,4046.0000,4048.8000,4049.0000,4050.8000,4051.0000,4051.4000,1,1,1,1,3,1,1,1,1,1
SF,IF2006,2020-02-19 13:40:08.900,4047.6000,23861,0,6349527840.000,0,-,-,-,-,4047.8000,4047.6000,4047.4000,4046.8000,4046.0000,4048.8000,4050.8000,4051.0000,4051.4000,4051.8000,1,1,1,1,3,1,1,1,1,1
SF,IF2006,2020-02-19 13:40:10.400,4047.8000,23861,0,6350742180.000,1,0,1,空换,B,4047.6000,4047.4000,4046.8000,4046.0000,4045.2000,4048.8000,4050.8000,4051.0000,4051.4000,4051.8000,1,1,1,3,1,1,1,1,1,1
SF,IF2006,2020-02-19 13:40:10.900,4047.8000,23861,0,6350742180.000,0,-,-,-,-,4047.6000,4047.4000,4046.8000,4046.0000,4045.2000,4048.6000,4048.8000,4050.8000,4051.0000,4051.4000,1,1,1,3,1,1,1,1,1,1
SF,IF2006,2020-02-19 13:40:11.400,4047.8000,23861,0,6350742180.000,0,-,-,-,-,4046.8000,4046.0000,4045.2000,4045.0000,4044.4000,4048.6000,4048.8000,4050.8000,4051.0000,4051.4000,1,3,1,7,1,1,1,1,1,1
SF,IF2006,2020-02-19 13:40:11.900,4047.8000,23861,0,6350742180.000,0,-,-,-,-,4046.8000,4046.0000,4045.2000,4045.0000,4044.4000,4048.4000,4048.6000,4048.8000,4050.8000,4051.0000,1,3,1,7,1,1,1,1,1,1
SF,IF2006,2020-02-19 13:40:13.400,4047.8000,23861,0,6350742180.000,0,-,-,-,-,4047.2000,4047.0000,4046.8000,4046.0000,4045.2000,4048.4000,4048.6000,4048.8000,4050.8000,4051.0000,2,2,1,3,1,1,1,1,1,1
SF,IF2006,2020-02-19 13:40:13.900,4047.8000,23861,0,6350742180.000,0,-,-,-,-,4047.4000,4047.0000,4046.8000,4046.0000,4045.2000,4048.4000,4048.6000,4048.8000,4050.8000,4051.0000,2,2,1,3,1,1,1,1,1,1
SF,IF2006,2020-02-19 13:40:14.400,4047.8000,23861,0,6350742180.000,0,-,-,-,-,4048.0000,4047.6000,4047.4000,4047.0000,4046.8000,4048.4000,4048.8000,4050.8000,4051.0000,4051.4000,1,5,2,1,1,1,1,1,1,1
SF,IF2006,2020-02-19 13:40:14.900,4048.4000,23861,0,6351956700.000,1,0,1,空换,B,4048.6000,4048.0000,4047.4000,4047.0000,4046.8000,4050.8000,4051.0000,4051.4000,4052.0000,4052.2000,1,1,2,1,1,1,1,1,1,1
SF,IF2006,2020-02-19 13:40:15.400,4048.4000,23861,0,6351956700.000,0,-,-,-,-,4048.8000,4048.0000,4047.0000,4046.8000,4046.0000,4050.0000,4050.2000,4050.6000,4050.8000,4051.0000,2,1,1,1,3,3,3,3,2,1
SF,IF2006,2020-02-19 13:40:15.900,4048.4000,23861,0,6351956700.000,0,-,-,-,-,4048.0000,4046.8000,4046.0000,4045.2000,4045.0000,4049.4000,4049.8000,4050.0000,4050.2000,4050.6000,1,1,3,1,7,1,2,2,3,3
SF,IF2006,2020-02-19 13:40:16.400,4048.4000,23861,0,6351956700.000,0,-,-,-,-,4048.2000,4048.0000,4046.8000,4046.0000,4045.2000,4049.4000,4050.0000,4050.2000,4050.6000,4050.8000,2,1,1,3,1,1,1,3,3,1
SF,IF2006,2020-02-19 13:40:16.900,4048.4000,23861,0,6351956700.000,0,-,-,-,-,4048.2000,4048.0000,4046.8000,4046.0000,4045.2000,4049.4000,4050.0000,4050.2000,4050.6000,4050.8000,3,1,1,3,1,1,1,3,3,1
SF,IF2006,2020-02-19 13:40:17.400,4048.4000,23861,0,6351956700.000,0,-,-,-,-,4048.2000,4048.0000,4046.8000,4046.0000,4045.2000,4049.2000,4050.0000,4050.2000,4050.6000,4050.8000,3,1,1,3,1,2,1,3,3,1
SF,IF2006,2020-02-19 13:40:17.900,4048.2000,23860,-1,6353171160.000,1,0,1,双平,B,4048.2000,4048.0000,4046.8000,4046.0000,4045.2000,4049.2000,4050.0000,4050.2000,4050.6000,4050.8000,2,1,1,3,1,2,1,3,3,1
SF,IF2006,2020-02-19 13:40:18.400,4048.2000,23860,0,6353171160.000,0,-,-,-,-,4048.2000,4048.0000,4046.8000,4046.0000,4045.2000,4049.2000,4050.0000,4050.2000,4050.6000,4050.8000,1,1,1,3,1,2,1,3,3,1
SF,IF2006,2020-02-19 13:40:22.900,4048.2000,23860,0,6353171160.000,0,-,-,-,-,4048.2000,4046.8000,4046.0000,4045.2000,4045.0000,4049.2000,4050.0000,4050.2000,4050.6000,4050.8000,1,1,3,1,7,2,1,3,3,1
SF,IF2006,2020-02-19 13:40:23.400,4048.2000,23860,0,6353171160.000,0,-,-,-,-,4048.2000,4046.8000,4046.0000,4045.2000,4045.0000,4049.2000,4050.0000,4050.2000,4050.6000,4050.8000,1,1,3,1,7,2,1,3,3,1
SF,IF2006,2020-02-19 13:40:23.900,4048.2000,23860,0,6353171160.000,0,-,-,-,-,4046.8000,4046.0000,4045.2000,4045.0000,4044.4000,4049.0000,4049.2000,4050.0000,4050.2000,4050.6000,1,3,1,7,1,1,2,1,3,3
SF,IF2006,2020-02-19 13:40:24.400,4048.2000,23860,0,6353171160.000,0,-,-,-,-,4047.4000,4047.2000,4047.0000,4046.8000,4046.0000,4049.0000,4050.0000,4050.2000,4050.6000,4050.8000,5,2,5,1,3,1,1,3,3,1
SF,IF2006,2020-02-19 13:40:24.900,4048.2000,23860,0,6353171160.000,0,-,-,-,-,4047.6000,4047.4000,4047.2000,4047.0000,4046.8000,4049.8000,4050.0000,4050.2000,4050.6000,4050.8000,2,5,2,3,1,1,1,3,3,1
SF,IF2006,2020-02-19 13:40:25.400,4048.2000,23860,0,6353171160.000,0,-,-,-,-,4047.6000,4047.4000,4047.2000,4047.0000,4046.8000,4049.2000,4049.4000,4049.6000,4049.8000,4050.0000,2,5,2,3,1,1,1,2,1,1
SF,IF2006,2020-02-19 13:40:25.900,4048.2000,23860,0,6353171160.000,0,-,-,-,-,4047.6000,4047.4000,4047.2000,4047.0000,4046.8000,4049.0000,4049.2000,4049.4000,4049.8000,4050.0000,2,5,2,3,1,2,1,2,1,1
SF,IF2006,2020-02-19 13:40:26.400,4048.2000,23860,0,6353171160.000,0,-,-,-,-,4047.8000,4047.6000,4047.4000,4047.2000,4047.0000,4049.0000,4049.2000,4050.0000,4050.2000,4050.6000,1,2,5,2,3,3,1,1,1,2
SF,IF2006,2020-02-19 13:40:26.900,4048.2000,23860,0,6353171160.000,0,-,-,-,-,4047.8000,4047.2000,4047.0000,4046.8000,4046.0000,4048.8000,4049.0000,4050.0000,4050.2000,4050.6000,1,2,2,1,3,1,3,1,1,2
SF,IF2006,2020-02-19 13:40:27.400,4048.2000,23860,0,6353171160.000,0,-,-,-,-,4047.8000,4047.2000,4047.0000,4046.8000,4046.0000,4048.6000,4048.8000,4049.0000,4050.0000,4050.2000,1,1,2,1,3,2,1,1,1,1
SF,IF2006,2020-02-19 13:40:27.900,4048.2000,23860,0,6353171160.000,0,-,-,-,-,4047.8000,4047.2000,4047.0000,4046.8000,4046.0000,4048.6000,4048.8000,4050.0000,4050.2000,4050.6000,1,1,2,1,3,2,1,1,1,2
SF,IF2006,2020-02-19 13:40:29.400,4048.2000,23860,0,6353171160.000,0,-,-,-,-,4047.8000,4047.2000,4047.0000,4046.8000,4046.0000,4048.4000,4048.6000,4048.8000,4050.0000,4050.2000,1,1,2,1,3,1,2,1,1,1
SF,IF2006,2020-02-19 13:40:29.900,4048.2000,23860,0,6353171160.000,0,-,-,-,-,4047.8000,4047.2000,4047.0000,4046.8000,4046.0000,4048.4000,4048.6000,4048.8000,4050.0000,4050.2000,1,1,2,1,3,1,2,1,1,1
SF,IF2006,2020-02-19 13:40:30.400,4048.2000,23860,0,6353171160.000,0,-,-,-,-,4047.2000,4047.0000,4046.8000,4046.0000,4045.2000,4048.4000,4048.6000,4048.8000,4050.0000,4050.2000,1,2,1,3,1,1,2,1,1,1
SF,IF2006,2020-02-19 13:40:30.900,4048.2000,23860,0,6353171160.000,0,-,-,-,-,4047.4000,4047.2000,4047.0000,4046.8000,4046.0000,4048.4000,4048.8000,4050.0000,4050.2000,4050.6000,2,1,2,1,3,1,1,1,1,2
SF,IF2006,2020-02-19 13:40:31.400,4048.4000,23860,0,6354385680.000,1,0,1,空换,B,4047.6000,4047.4000,4047.2000,4047.0000,4046.8000,4048.8000,4050.0000,4050.6000,4051.0000,4051.4000,1,2,1,2,1,1,1,2,1,1
SF,IF2006,2020-02-19 13:40:31.900,4048.4000,23860,0,6354385680.000,0,-,-,-,-,4047.8000,4047.6000,4047.2000,4047.0000,4046.8000,4048.8000,4050.0000,4050.6000,4051.0000,4051.4000,2,1,1,2,1,1,1,2,1,1
SF,IF2006,2020-02-19 13:40:32.400,4048.4000,23860,0,6354385680.000,0,-,-,-,-,4047.6000,4047.2000,4047.0000,4046.8000,4046.0000,4048.6000,4048.8000,4050.6000,4051.0000,4051.4000,1,1,2,1,3,2,1,2,1,1
SF,IF2006,2020-02-19 13:40:32.900,4048.4000,23860,0,6354385680.000,0,-,-,-,-,4047.6000,4047.2000,4047.0000,4046.8000,4046.0000,4048.4000,4048.6000,4048.8000,4050.6000,4051.0000,1,1,1,1,3,1,2,1,2,1
SF,IF2006,2020-02-19 13:40:33.900,4048.4000,23860,0,6354385680.000,0,-,-,-,-,4047.6000,4047.2000,4046.8000,4046.0000,4045.2000,4048.4000,4048.6000,4048.8000,4050.6000,4051.0000,1,1,1,3,1,1,2,1,2,1
SF,IF2006,2020-02-19 13:40:34.400,4048.4000,23860,0,6354385680.000,0,-,-,-,-,4047.2000,4046.8000,4046.0000,4045.2000,4045.0000,4048.4000,4048.6000,4048.8000,4050.6000,4051.0000,1,1,3,1,7,1,2,1,2,1
SF,IF2006,2020-02-19 13:40:34.900,4048.4000,23860,0,6354385680.000,0,-,-,-,-,4047.4000,4047.2000,4046.8000,4046.0000,4045.2000,4048.8000,4050.6000,4051.0000,4051.4000,4052.0000,2,1,1,3,1,1,2,1,1,1
SF,IF2006,2020-02-19 13:40:35.400,4048.4000,23860,0,6354385680.000,0,-,-,-,-,4047.4000,4047.2000,4046.8000,4046.0000,4045.2000,4048.6000,4048.8000,4050.6000,4051.0000,4051.4000,2,1,1,3,1,2,1,2,1,1
SF,IF2006,2020-02-19 13:40:36.400,4048.4000,23860,0,6354385680.000,0,-,-,-,-,4047.6000,4047.4000,4047.2000,4046.8000,4046.0000,4048.6000,4048.8000,4050.6000,4051.0000,4051.4000,1,2,1,1,3,2,1,2,1,1
SF,IF2006,2020-02-19 13:40:38.900,4048.4000,23860,0,6354385680.000,0,-,-,-,-,4048.0000,4047.6000,4047.4000,4047.2000,4046.8000,4048.6000,4048.8000,4050.6000,4051.0000,4051.4000,1,1,2,1,1,2,1,2,1,1
SF,IF2006,2020-02-19 13:40:41.900,4048.0000,23860,0,6355600080.000,1,0,1,空换,B,4047.6000,4047.4000,4047.2000,4046.8000,4046.0000,4048.6000,4048.8000,4050.6000,4051.0000,4051.4000,1,2,1,1,3,2,1,2,1,1
SF,IF2006,2020-02-19 13:40:43.400,4048.0000,23860,0,6355600080.000,0,-,-,-,-,4047.6000,4047.4000,4047.2000,4046.8000,4046.0000,4048.6000,4048.8000,4050.6000,4051.0000,4052.0000,1,2,1,1,3,2,1,2,1,1
SF,IF2006,2020-02-19 13:40:43.900,4048.0000,23860,0,6355600080.000,0,-,-,-,-,4047.6000,4047.4000,4047.2000,4046.8000,4046.0000,4048.4000,4048.6000,4048.8000,4050.6000,4051.0000,1,2,1,1,3,1,2,1,2,1
SF,IF2006,2020-02-19 13:40:47.900,4048.0000,23860,0,6355600080.000,0,-,-,-,-,4047.6000,4047.4000,4047.2000,4047.0000,4046.8000,4048.4000,4048.6000,4048.8000,4050.6000,4051.0000,1,2,1,1,1,1,2,1,2,1
SF,IF2006,2020-02-19 13:40:48.900,4047.6000,23860,0,6356814360.000,1,0,1,空换,B,4047.4000,4047.2000,4047.0000,4046.8000,4046.0000,4047.6000,4048.4000,4048.6000,4048.8000,4050.6000,2,1,1,1,3,4,1,2,1,2
SF,IF2006,2020-02-19 13:40:49.400,4047.6000,23860,0,6356814360.000,0,-,-,-,-,4047.4000,4047.2000,4047.0000,4046.8000,4046.0000,4047.6000,4048.4000,4048.6000,4050.6000,4051.0000,2,1,1,1,3,4,1,2,2,1
SF,IF2006,2020-02-19 13:40:49.900,4047.6000,23860,0,6356814360.000,0,-,-,-,-,4047.0000,4046.8000,4046.0000,4045.2000,4045.0000,4047.6000,4048.4000,4048.6000,4050.6000,4051.0000,1,1,3,1,7,4,1,2,2,1
SF,IF2006,2020-02-19 13:40:50.900,4046.8000,23862,2,6359242500.000,2,2,0,双开,B,4046.0000,4045.2000,4045.0000,4044.4000,4044.0000,4047.6000,4048.4000,4048.6000,4050.6000,4051.0000,3,1,7,1,1,4,1,2,2,1
SF,IF2006,2020-02-19 13:40:51.400,4046.8000,23862,0,6359242500.000,0,-,-,-,-,4046.2000,4046.0000,4045.2000,4045.0000,4044.4000,4047.6000,4048.4000,4050.6000,4051.0000,4052.0000,3,3,1,7,1,4,1,2,1,1
SF,IF2006,2020-02-19 13:40:51.900,4046.8000,23862,0,6359242500.000,0,-,-,-,-,4046.2000,4046.0000,4045.2000,4045.0000,4044.4000,4047.4000,4047.6000,4048.4000,4050.6000,4051.0000,2,3,1,7,1,2,4,1,2,1
SF,IF2006,2020-02-19 13:40:52.400,4046.8000,23862,0,6359242500.000,0,-,-,-,-,4046.2000,4046.0000,4045.2000,4045.0000,4044.4000,4047.4000,4047.6000,4048.4000,4050.6000,4051.0000,2,3,1,7,1,3,4,1,2,1
SF,IF2006,2020-02-19 13:40:52.900,4046.8000,23862,0,6359242500.000,0,-,-,-,-,4046.2000,4046.0000,4045.2000,4045.0000,4044.4000,4047.4000,4047.6000,4048.4000,4050.6000,4051.0000,3,3,1,7,1,2,4,1,2,1
SF,IF2006,2020-02-19 13:40:53.400,4046.8000,23862,0,6359242500.000,0,-,-,-,-,4047.4000,4046.6000,4046.4000,4046.2000,4046.0000,4047.6000,4048.4000,4050.6000,4051.0000,4052.0000,1,2,3,3,3,4,1,2,1,1
SF,IF2006,2020-02-19 13:40:53.900,4047.4000,23863,1,6360456720.000,1,1,0,双开,B,4046.6000,4046.4000,4046.2000,4046.0000,4045.2000,4046.8000,4047.6000,4048.4000,4050.6000,4051.0000,2,2,3,3,1,1,4,1,2,1
SF,IF2006,2020-02-19 13:40:54.400,4046.8000,23862,-1,6361670760.000,1,0,1,双平,B,4047.0000,4046.8000,4046.6000,4046.4000,4046.2000,4047.6000,4048.4000,4050.6000,4051.0000,4052.0000,1,7,2,2,3,4,1,2,1,1
SF,IF2006,2020-02-19 13:40:54.900,4046.8000,23862,0,6361670760.000,0,-,-,-,-,4047.0000,4046.8000,4046.6000,4046.4000,4046.2000,4047.2000,4047.6000,4048.4000,4050.6000,4051.0000,2,6,2,1,3,1,4,1,2,1
SF,IF2006,2020-02-19 13:40:55.400,4047.2000,23862,0,6362884920.000,1,0,1,空换,B,4047.2000,4047.0000,4046.2000,4046.0000,4045.2000,4047.6000,4048.4000,4050.6000,4051.0000,4052.0000,1,1,3,3,1,4,1,2,1,1
SF,IF2006,2020-02-19 13:40:55.900,4047.2000,23862,0,6362884920.000,0,-,-,-,-,4047.2000,4047.0000,4046.2000,4046.0000,4045.2000,4047.6000,4048.4000,4050.6000,4051.0000,4052.0000,1,1,3,3,1,4,1,1,1,1
SF,IF2006,2020-02-19 13:40:56.400,4047.2000,23862,0,6362884920.000,0,-,-,-,-,4047.0000,4046.2000,4046.0000,4045.2000,4045.0000,4047.6000,4048.4000,4050.6000,4051.0000,4052.0000,1,3,3,1,7,4,1,1,1,1
SF,IF2006,2020-02-19 13:40:57.400,4047.2000,23862,0,6362884920.000,0,-,-,-,-,4047.0000,4046.2000,4046.0000,4045.2000,4045.0000,4047.2000,4047.6000,4048.4000,4050.6000,4051.0000,1,3,3,1,7,1,4,1,1,1
SF,IF2006,2020-02-19 13:40:57.900,4047.2000,23862,0,6364099080.000,1,0,1,空换,B,4047.0000,4046.2000,4046.0000,4045.2000,4045.0000,4047.6000,4048.4000,4050.6000,4051.0000,4052.0000,1,3,3,1,7,4,1,1,1,1
SF,IF2006,2020-02-19 13:40:58.400,4047.2000,23862,0,6364099080.000,0,-,-,-,-,4047.2000,4047.0000,4046.2000,4046.0000,4045.2000,4047.6000,4048.4000,4050.6000,4051.0000,4052.0000,5,1,3,3,1,4,1,1,1,1
SF,IF2006,2020-02-19 13:40:58.900,4047.2000,23862,0,6364099080.000,0,-,-,-,-,4047.0000,4046.2000,4046.0000,4045.2000,4045.0000,4047.6000,4048.4000,4050.6000,4051.0000,4052.0000,1,3,3,1,7,4,1,1,1,1
SF,IF2006,2020-02-19 13:40:59.900,4047.2000,23862,0,6364099080.000,0,-,-,-,-,4047.0000,4046.2000,4046.0000,4045.2000,4045.0000,4047.2000,4047.6000,4048.4000,4050.6000,4051.0000,1,3,3,1,7,1,4,1,1,1
SF,IF2006,2020-02-19 13:41:00.400,4047.2000,23862,0,6364099080.000,0,-,-,-,-,4047.0000,4046.2000,4046.0000,4045.2000,4045.0000,4047.2000,4047.6000,4048.4000,4050.6000,4051.0000,1,3,3,1,7,1,1,1,1,1
SF,IF2006,2020-02-19 13:41:00.900,4047.2000,23863,1,6365313240.000,1,1,0,双开,B,4047.0000,4046.2000,4046.0000,4045.6000,4045.2000,4047.6000,4050.6000,4051.0000,4052.0000,4052.2000,1,3,3,1,1,1,1,1,1,1
SF,IF2006,2020-02-19 13:41:01.400,4047.2000,23863,0,6365313240.000,0,-,-,-,-,4047.0000,4046.2000,4046.0000,4045.8000,4045.6000,4047.4000,4047.6000,4050.6000,4051.0000,4052.0000,1,2,3,1,1,2,1,1,1,1
SF,IF2006,2020-02-19 13:41:01.900,4047.0000,23863,0,6366527340.000,1,0,1,空换,B,4046.2000,4046.0000,4045.8000,4045.6000,4045.2000,4047.6000,4050.6000,4051.0000,4052.0000,4052.2000,2,3,1,1,1,1,1,1,1,1
SF,IF2006,2020-02-19 13:41:02.400,4047.0000,23863,0,6366527340.000,0,-,-,-,-,4046.6000,4046.2000,4046.0000,4045.8000,4045.6000,4047.4000,4047.6000,4050.6000,4051.0000,4052.0000,5,2,3,1,1,2,1,1,1,1
SF,IF2006,2020-02-19 13:41:02.900,4047.0000,23863,0,6366527340.000,0,-,-,-,-,4046.2000,4046.0000,4045.8000,4045.6000,4045.2000,4047.4000,4047.6000,4050.6000,4051.0000,4052.0000,2,3,1,1,1,2,1,1,1,1
SF,IF2006,2020-02-19 13:41:05.400,4047.0000,23863,0,6366527340.000,0,-,-,-,-,4046.2000,4046.0000,4045.8000,4045.6000,4045.2000,4047.4000,4047.6000,4050.6000,4051.0000,4052.0000,2,2,1,1,1,3,1,1,1,1
SF,IF2006,2020-02-19 13:41:08.400,4047.0000,23863,0,6366527340.000,0,-,-,-,-,4046.2000,4046.0000,4045.8000,4045.6000,4045.2000,4047.2000,4047.4000,4047.6000,4050.6000,4051.0000,2,2,1,1,1,1,3,1,1,1
SF,IF2006,2020-02-19 13:41:08.900,4047.0000,23863,0,6366527340.000,0,-,-,-,-,4046.0000,4045.8000,4045.6000,4045.2000,4045.0000,4047.0000,4047.2000,4047.4000,4047.6000,4050.6000,2,1,1,1,7,2,1,1,1,1
SF,IF2006,2020-02-19 13:41:09.900,4047.0000,23862,-1,6367741440.000,1,0,1,双平,B,4046.0000,4045.8000,4045.6000,4045.2000,4045.0000,4047.0000,4047.2000,4047.4000,4047.6000,4050.6000,2,1,1,1,7,1,1,1,1,1
SF,IF2006,2020-02-19 13:41:10.400,4047.0000,23862,0,6367741440.000,0,-,-,-,-,4046.2000,4046.0000,4045.8000,4045.6000,4045.2000,4047.4000,4047.6000,4050.6000,4051.0000,4052.0000,2,2,1,1,1,1,1,1,1,1
SF,IF2006,2020-02-19 13:41:10.900,4047.0000,23862,0,6367741440.000,0,-,-,-,-,4046.2000,4046.0000,4045.8000,4045.6000,4045.2000,4047.2000,4047.4000,4047.6000,4050.6000,4051.0000,2,2,1,1,1,2,1,1,1,1
SF,IF2006,2020-02-19 13:41:11.400,4047.0000,23862,0,6367741440.000,0,-,-,-,-,4046.2000,4046.0000,4045.8000,4045.6000,4045.2000,4047.0000,4047.2000,4047.4000,4047.6000,4050.6000,2,2,1,1,1,1,2,1,1,1
SF,IF2006,2020-02-19 13:41:12.900,4047.0000,23862,0,6367741440.000,0,-,-,-,-,4046.2000,4046.0000,4045.8000,4045.6000,4045.2000,4047.2000,4047.4000,4047.6000,4050.6000,4051.0000,2,2,1,1,1,2,1,1,1,1
SF,IF2006,2020-02-19 13:41:15.900,4047.0000,23862,0,6367741440.000,0,-,-,-,-,4046.4000,4046.2000,4046.0000,4045.8000,4045.6000,4047.2000,4047.4000,4047.6000,4050.6000,4051.0000,5,2,2,1,1,2,1,1,1,1
SF,IF2006,2020-02-19 13:41:16.400,4047.0000,23862,0,6367741440.000,0,-,-,-,-,4046.4000,4046.2000,4046.0000,4045.8000,4045.6000,4047.4000,4047.6000,4050.6000,4051.0000,4052.0000,5,2,2,1,1,1,1,1,1,1
SF,IF2006,2020-02-19 13:41:16.900,4047.0000,23862,0,6367741440.000,0,-,-,-,-,4046.8000,4046.6000,4046.4000,4046.0000,4045.8000,4047.4000,4047.6000,4050.6000,4051.0000,4052.0000,2,2,5,2,1,1,1,1,1,1
SF,IF2006,2020-02-19 13:41:17.400,4047.0000,23862,0,6367741440.000,0,-,-,-,-,4046.6000,4046.0000,4045.8000,4045.6000,4045.2000,4047.4000,4047.6000,4050.6000,4051.0000,4052.0000,3,2,1,1,1,1,1,1,1,1
SF,IF2006,2020-02-19 13:41:18.900,4047.0000,23862,0,6367741440.000,0,-,-,-,-,4046.8000,4046.6000,4046.0000,4045.8000,4045.6000,4047.4000,4047.6000,4050.6000,4051.0000,4052.0000,5,3,2,1,1,1,1,1,1,1
SF,IF2006,2020-02-19 13:41:19.400,4047.0000,23862,0,6367741440.000,0,-,-,-,-,4046.6000,4046.0000,4045.8000,4045.6000,4045.2000,4047.4000,4047.6000,4050.6000,4051.0000,4052.0000,3,2,1,1,1,1,1,1,1,1
SF,IF2006,2020-02-19 13:41:20.400,4047.0000,23862,0,6367741440.000,0,-,-,-,-,4046.8000,4046.6000,4046.0000,4045.8000,4045.6000,4047.4000,4047.6000,4050.6000,4051.0000,4052.0000,1,2,2,1,1,1,1,1,1,1
SF,IF2006,2020-02-19 13:41:22.900,4047.4000,23862,0,6368955660.000,1,0,1,空换,B,4047.4000,4047.0000,4046.8000,4046.6000,4046.0000,4047.6000,4050.6000,4051.0000,4052.0000,4052.2000,1,6,1,2,2,1,1,1,1,1
SF,IF2006,2020-02-19 13:41:23.400,4047.6000,23863,1,6370169940.000,1,1,0,双开,B,4047.6000,4047.0000,4046.8000,4046.6000,4046.0000,4050.6000,4051.0000,4052.0000,4052.2000,4053.0000,1,6,1,2,2,1,1,1,1,5
SF,IF2006,2020-02-19 13:41:23.900,4047.6000,23863,0,6370169940.000,0,-,-,-,-,4047.8000,4047.6000,4047.0000,4046.8000,4046.0000,4049.0000,4049.2000,4049.6000,4049.8000,4050.0000,2,1,6,1,2,2,2,1,1,2
SF,IF2006,2020-02-19 13:41:24.400,4047.6000,23863,0,6370169940.000,0,-,-,-,-,4047.8000,4047.6000,4047.0000,4046.8000,4046.0000,4048.8000,4049.2000,4049.6000,4049.8000,4050.0000,2,1,5,1,2,1,1,1,1,2
SF,IF2006,2020-02-19 13:41:24.900,4047.6000,23863,0,6370169940.000,0,-,-,-,-,4047.8000,4047.6000,4047.0000,4046.8000,4046.0000,4049.2000,4049.6000,4049.8000,4050.4000,4050.6000,2,1,5,1,2,1,1,1,2,1
SF,IF2006,2020-02-19 13:41:25.400,4047.6000,23863,0,6370169940.000,0,-,-,-,-,4048.2000,4047.8000,4047.6000,4047.0000,4046.8000,4049.8000,4050.4000,4050.6000,4050.8000,4051.0000,1,2,1,5,1,1,2,1,1,1
SF,IF2006,2020-02-19 13:41:25.900,4047.6000,23863,0,6370169940.000,0,-,-,-,-,4048.4000,4047.6000,4046.8000,4046.0000,4045.8000,4049.6000,4051.0000,4052.0000,4052.2000,4053.0000,3,1,1,2,1,1,1,1,1,5
SF,IF2006,2020-02-19 13:41:26.400,4047.6000,23863,0,6370169940.000,0,-,-,-,-,4049.0000,4048.6000,4048.4000,4047.6000,4046.8000,4051.0000,4052.0000,4052.2000,4053.0000,4053.8000,5,1,3,1,1,1,1,1,5,1
SF,IF2006,2020-02-19 13:41:26.900,4047.6000,23863,0,6370169940.000,0,-,-,-,-,4049.2000,4048.6000,4047.6000,4046.8000,4046.0000,4050.6000,4050.8000,4051.0000,4052.0000,4052.2000,3,1,1,1,2,2,5,1,1,1
SF,IF2006,2020-02-19 13:41:27.400,4047.6000,23863,0,6370169940.000,0,-,-,-,-,4049.2000,4047.6000,4046.0000,4045.8000,4045.6000,4050.4000,4050.6000,4050.8000,4051.0000,4052.0000,3,1,2,1,1,2,2,4,1,1
SF,IF2006,2020-02-19 13:41:27.900,4047.6000,23863,0,6370169940.000,0,-,-,-,-,4049.2000,4047.6000,4046.0000,4045.8000,4045.6000,4050.4000,4050.6000,4050.8000,4051.0000,4052.0000,3,1,2,1,1,2,2,2,1,1
SF,IF2006,2020-02-19 13:41:28.900,4047.6000,23863,0,6370169940.000,0,-,-,-,-,4049.2000,4048.2000,4047.6000,4046.0000,4045.8000,4050.4000,4050.6000,4050.8000,4051.0000,4052.0000,3,2,1,2,1,2,2,2,1,1
SF,IF2006,2020-02-19 13:41:29.400,4047.6000,23863,0,6370169940.000,0,-,-,-,-,4049.2000,4048.2000,4047.6000,4046.0000,4045.8000,4050.4000,4050.6000,4050.8000,4051.0000,4052.0000,3,2,1,2,1,2,2,2,1,1
SF,IF2006,2020-02-19 13:41:30.900,4047.6000,23863,0,6370169940.000,0,-,-,-,-,4049.2000,4048.2000,4047.6000,4046.0000,4045.8000,4050.0000,4050.2000,4050.4000,4050.8000,4051.0000,3,2,1,2,1,1,1,2,2,1
SF,IF2006,2020-02-19 13:41:31.400,4047.6000,23863,0,6370169940.000,0,-,-,-,-,4049.2000,4048.2000,4047.6000,4046.0000,4045.8000,4049.8000,4050.0000,4050.2000,4050.8000,4051.0000,1,2,1,2,1,2,2,1,2,1
SF,IF2006,2020-02-19 13:41:32.900,4047.6000,23863,0,6370169940.000,0,-,-,-,-,4049.2000,4048.2000,4046.0000,4045.8000,4045.6000,4049.8000,4050.0000,4050.8000,4051.0000,4052.0000,1,2,2,1,1,2,2,2,1,1
SF,IF2006,2020-02-19 13:41:33.400,4047.6000,23863,0,6370169940.000,0,-,-,-,-,4049.2000,4048.2000,4046.0000,4045.8000,4045.6000,4050.0000,4050.8000,4051.0000,4052.0000,4052.2000,1,2,2,1,1,2,2,1,1,1
SF,IF2006,2020-02-19 13:41:33.900,4047.6000,23863,0,6370169940.000,0,-,-,-,-,4049.2000,4048.2000,4046.0000,4045.8000,4045.6000,4050.0000,4050.8000,4051.0000,4052.0000,4052.2000,1,2,2,1,1,1,2,1,1,1
SF,IF2006,2020-02-19 13:41:36.400,4050.0000,23863,0,6371384940.000,1,0,1,空换,B,4049.6000,4049.2000,4048.2000,4046.0000,4045.8000,4050.8000,4051.0000,4052.0000,4052.2000,4053.0000,2,1,2,2,1,2,1,1,1,5
SF,IF2006,2020-02-19 13:41:36.900,4050.0000,23863,0,6371384940.000,0,-,-,-,-,4049.2000,4048.2000,4047.6000,4046.0000,4045.8000,4050.6000,4050.8000,4051.0000,4052.0000,4052.2000,1,2,1,2,1,2,2,1,1,1
SF,IF2006,2020-02-19 13:41:37.400,4050.0000,23863,0,6371384940.000,0,-,-,-,-,4049.4000,4049.2000,4048.2000,4047.6000,4046.0000,4051.0000,4052.0000,4052.2000,4053.0000,4053.8000,2,1,2,1,2,1,1,1,5,1
SF,IF2006,2020-02-19 13:41:37.900,4050.0000,23863,0,6371384940.000,0,-,-,-,-,4049.4000,4049.2000,4048.2000,4047.6000,4046.0000,4050.8000,4051.0000,4052.0000,4052.2000,4053.0000,2,1,2,1,2,2,1,1,1,5
SF,IF2006,2020-02-19 13:41:38.400,4050.0000,23863,0,6371384940.000,0,-,-,-,-,4049.4000,4049.2000,4048.2000,4047.6000,4046.0000,4050.8000,4051.0000,4052.0000,4052.2000,4053.0000,3,1,2,1,2,2,1,1,1,5
SF,IF2006,2020-02-19 13:41:41.400,4050.0000,23863,0,6371384940.000,0,-,-,-,-,4049.4000,4049.2000,4048.2000,4047.6000,4047.2000,4050.6000,4050.8000,4051.0000,4052.0000,4052.2000,3,1,2,1,3,1,2,1,1,1
SF,IF2006,2020-02-19 13:41:41.900,4050.0000,23863,0,6371384940.000,0,-,-,-,-,4049.4000,4049.2000,4048.2000,4047.6000,4047.2000,4050.4000,4050.6000,4051.0000,4052.0000,4052.2000,3,1,2,1,3,2,1,1,1,1
SF,IF2006,2020-02-19 13:41:42.900,4050.0000,23863,0,6371384940.000,0,-,-,-,-,4050.0000,4049.6000,4049.4000,4049.2000,4048.2000,4050.4000,4050.6000,4051.0000,4052.0000,4052.2000,5,1,3,1,2,2,1,1,1,1
SF,IF2006,2020-02-19 13:41:43.400,4050.0000,23863,0,6371384940.000,0,-,-,-,-,4049.6000,4049.4000,4049.2000,4048.2000,4047.6000,4050.4000,4050.6000,4051.0000,4051.4000,4052.0000,1,3,1,2,1,2,1,1,1,1
SF,IF2006,2020-02-19 13:41:43.900,4050.0000,23863,0,6371384940.000,0,-,-,-,-,4049.4000,4049.2000,4049.0000,4048.2000,4047.6000,4050.4000,4050.6000,4051.0000,4051.4000,4052.0000,3,1,1,2,1,2,1,1,1,1
SF,IF2006,2020-02-19 13:41:44.400,4050.0000,23863,0,6371384940.000,0,-,-,-,-,4049.2000,4049.0000,4048.2000,4047.6000,4047.2000,4050.4000,4050.6000,4051.0000,4051.4000,4052.0000,1,1,2,1,3,2,1,1,1,1
SF,IF2006,2020-02-19 13:41:44.900,4050.0000,23863,0,6371384940.000,0,-,-,-,-,4049.2000,4049.0000,4048.2000,4047.6000,4047.2000,4050.4000,4050.6000,4051.0000,4051.4000,4052.0000,1,1,2,1,3,2,1,1,1,1
SF,IF2006,2020-02-19 13:41:45.400,4050.0000,23863,0,6371384940.000,0,-,-,-,-,4049.2000,4049.0000,4048.2000,4047.6000,4047.2000,4050.2000,4050.4000,4051.0000,4051.4000,4052.0000,1,1,2,1,3,1,2,1,1,1
SF,IF2006,2020-02-19 13:41:45.900,4050.0000,23863,0,6371384940.000,0,-,-,-,-,4049.2000,4049.0000,4048.2000,4047.6000,4047.2000,4050.2000,4050.4000,4051.0000,4051.4000,4052.0000,1,1,2,1,3,3,2,1,1,1
SF,IF2006,2020-02-19 13:41:46.400,4050.0000,23863,0,6371384940.000,0,-,-,-,-,4049.2000,4049.0000,4048.2000,4047.6000,4047.2000,4050.2000,4050.4000,4051.0000,4051.4000,4052.0000,1,1,2,1,3,2,2,1,1,1
SF,IF2006,2020-02-19 13:41:46.900,4050.0000,23863,0,6371384940.000,0,-,-,-,-,4049.4000,4049.2000,4049.0000,4048.2000,4047.6000,4050.4000,4051.0000,4051.4000,4052.0000,4052.2000,2,1,1,2,1,2,1,1,1,1
SF,IF2006,2020-02-19 13:41:47.400,4050.0000,23863,0,6371384940.000,0,-,-,-,-,4049.4000,4049.2000,4049.0000,4048.2000,4047.6000,4051.0000,4051.4000,4052.0000,4052.2000,4053.0000,2,1,1,2,1,1,1,1,1,5
SF,IF2006,2020-02-19 13:41:47.900,4050.0000,23863,0,6371384940.000,0,-,-,-,-,4049.4000,4049.2000,4049.0000,4048.2000,4047.6000,4050.8000,4051.0000,4051.4000,4052.0000,4052.2000,2,1,1,2,1,7,1,1,1,1
SF,IF2006,2020-02-19 13:41:48.400,4050.0000,23863,0,6371384940.000,0,-,-,-,-,4050.4000,4049.4000,4049.2000,4049.0000,4048.2000,4050.8000,4051.0000,4051.4000,4052.0000,4052.2000,1,2,1,1,2,7,1,1,1,1
SF,IF2006,2020-02-19 13:41:48.900,4050.4000,23864,1,6372600060.000,1,1,0,双开,B,4049.4000,4049.2000,4049.0000,4048.2000,4047.6000,4050.4000,4050.8000,4051.0000,4051.4000,4052.0000,2,1,1,2,1,1,7,1,1,1
SF,IF2006,2020-02-19 13:41:49.400,4050.4000,23864,0,6372600060.000,0,-,-,-,-,4049.4000,4049.2000,4049.0000,4048.2000,4047.6000,4050.0000,4050.4000,4050.8000,4051.0000,4051.4000,3,1,1,2,1,1,1,7,1,1
SF,IF2006,2020-02-19 13:41:49.900,4050.4000,23864,0,6372600060.000,0,-,-,-,-,4049.4000,4049.2000,4049.0000,4048.2000,4047.6000,4050.0000,4050.4000,4050.8000,4051.0000,4051.4000,3,1,1,2,1,1,1,5,1,1
SF,IF2006,2020-02-19 13:41:50.900,4050.0000,23865,1,6373815060.000,1,1,0,双开,B,4049.4000,4049.2000,4049.0000,4048.2000,4047.6000,4050.4000,4050.8000,4051.0000,4051.4000,4052.0000,3,1,1,2,1,1,5,1,1,1
SF,IF2006,2020-02-19 13:41:51.400,4050.2000,23865,0,6375030120.000,1,0,1,空换,B,4049.4000,4049.2000,4049.0000,4048.2000,4047.6000,4050.2000,4050.4000,4050.8000,4051.0000,4051.4000,3,1,1,2,1,1,1,3,1,1
SF,IF2006,2020-02-19 13:41:52.400,4050.2000,23865,0,6375030120.000,0,-,-,-,-,4049.4000,4049.2000,4049.0000,4048.2000,4047.6000,4050.2000,4050.4000,4050.8000,4051.0000,4051.4000,2,1,1,2,1,1,1,2,1,1
SF,IF2006,2020-02-19 13:41:53.400,4050.2000,23865,0,6375030120.000,0,-,-,-,-,4049.4000,4049.2000,4049.0000,4048.2000,4047.6000,4050.0000,4050.2000,4050.8000,4051.0000,4051.4000,2,1,1,2,1,1,1,2,1,1
SF,IF2006,2020-02-19 13:41:53.900,4050.2000,23866,1,6376245180.000,1,1,0,双开,B,4049.4000,4049.2000,4049.0000,4048.2000,4047.6000,4050.8000,4051.0000,4051.4000,4052.0000,4052.2000,2,1,1,2,1,2,1,1,1,1
SF,IF2006,2020-02-19 13:41:54.400,4050.2000,23866,0,6376245180.000,0,-,-,-,-,4049.4000,4049.2000,4049.0000,4048.2000,4047.6000,4050.6000,4050.8000,4051.0000,4051.4000,4052.0000,2,1,1,2,1,5,2,1,1,1
SF,IF2006,2020-02-19 13:41:54.900,4050.2000,23866,0,6376245180.000,0,-,-,-,-,4049.4000,4049.2000,4049.0000,4048.2000,4047.6000,4050.4000,4050.6000,4050.8000,4051.0000,4051.4000,2,1,1,2,1,1,5,2,1,1
SF,IF2006,2020-02-19 13:41:55.400,4050.2000,23866,0,6376245180.000,0,-,-,-,-,4049.4000,4049.2000,4049.0000,4048.2000,4047.6000,4050.6000,4050.8000,4051.0000,4051.4000,4052.0000,2,1,1,2,1,3,2,1,1,1
SF,IF2006,2020-02-19 13:41:55.900,4050.2000,23866,0,6376245180.000,0,-,-,-,-,4049.4000,4049.2000,4049.0000,4048.2000,4047.6000,4050.6000,4050.8000,4051.0000,4051.4000,4052.0000,2,1,1,2,1,2,2,1,1,1
SF,IF2006,2020-02-19 13:41:56.900,4050.2000,23866,0,6376245180.000,0,-,-,-,-,4049.4000,4049.2000,4049.0000,4048.2000,4047.6000,4050.6000,4050.8000,4051.0000,4051.4000,4052.0000,2,1,1,2,1,2,2,1,1,1
SF,IF2006,2020-02-19 13:41:57.400,4050.2000,23866,0,6376245180.000,0,-,-,-,-,4049.4000,4049.2000,4049.0000,4048.2000,4047.6000,4050.4000,4050.6000,4050.8000,4051.0000,4051.4000,2,1,1,2,1,2,2,2,1,1
SF,IF2006,2020-02-19 13:41:58.400,4050.2000,23866,0,6376245180.000,0,-,-,-,-,4049.4000,4049.2000,4049.0000,4048.2000,4047.6000,4050.0000,4050.4000,4050.6000,4050.8000,4051.0000,2,1,1,2,1,1,2,2,2,1
SF,IF2006,2020-02-19 13:41:58.900,4050.2000,23866,0,6376245180.000,0,-,-,-,-,4049.4000,4049.2000,4049.0000,4047.6000,4047.2000,4050.0000,4050.4000,4050.6000,4050.8000,4051.0000,2,1,1,1,3,1,2,1,2,1
SF,IF2006,2020-02-19 13:41:59.400,4050.2000,23866,0,6376245180.000,0,-,-,-,-,4049.4000,4049.2000,4049.0000,4047.6000,4047.2000,4050.4000,4050.6000,4050.8000,4051.0000,4051.4000,2,1,1,1,3,2,1,2,1,1
SF,IF2006,2020-02-19 13:42:01.400,4050.2000,23866,0,6376245180.000,0,-,-,-,-,4049.4000,4049.2000,4049.0000,4047.6000,4047.2000,4050.2000,4050.4000,4050.6000,4050.8000,4051.0000,2,1,1,1,3,3,2,1,2,1
SF,IF2006,2020-02-19 13:42:01.900,4050.2000,23866,0,6376245180.000,0,-,-,-,-,4049.2000,4049.0000,4047.6000,4047.2000,4046.0000,4050.2000,4050.4000,4050.8000,4051.0000,4051.4000,1,1,1,3,3,1,2,2,1,1
SF,IF2006,2020-02-19 13:42:02.400,4050.2000,23866,0,6376245180.000,0,-,-,-,-,4049.2000,4049.0000,4047.6000,4047.2000,4046.0000,4049.4000,4050.2000,4050.4000,4050.8000,4051.0000,1,1,1,3,3,1,1,2,2,2
SF,IF2006,2020-02-19 13:42:04.400,4050.2000,23866,0,6376245180.000,0,-,-,-,-,4049.2000,4049.0000,4047.6000,4047.2000,4046.0000,4049.4000,4050.2000,4050.4000,4050.8000,4051.0000,1,1,1,3,3,2,1,2,2,2
SF,IF2006,2020-02-19 13:42:04.900,4049.0000,23865,-1,6378674640.000,2,0,2,空平,B,4047.6000,4047.2000,4046.0000,4045.8000,4045.6000,4049.4000,4050.2000,4050.4000,4050.8000,4051.0000,1,3,3,1,1,2,1,2,2,2
SF,IF2006,2020-02-19 13:42:05.400,4049.0000,23865,0,6378674640.000,0,-,-,-,-,4048.6000,4048.2000,4048.0000,4047.8000,4047.6000,4049.4000,4050.2000,4050.8000,4051.0000,4051.4000,1,6,1,4,1,2,1,2,2,1
SF,IF2006,2020-02-19 13:42:05.900,4049.0000,23865,0,6378674640.000,0,-,-,-,-,4048.6000,4048.2000,4048.0000,4047.8000,4047.6000,4049.4000,4050.2000,4050.8000,4051.0000,4051.4000,1,1,1,5,1,2,1,2,2,1
SF,IF2006,2020-02-19 13:42:07.400,4049.0000,23865,0,6378674640.000,0,-,-,-,-,4048.6000,4048.2000,4048.0000,4047.8000,4047.6000,4049.4000,4050.2000,4050.8000,4051.0000,4051.4000,1,1,1,5,1,2,1,2,2,1
SF,IF2006,2020-02-19 13:42:07.900,4049.0000,23865,0,6378674640.000,0,-,-,-,-,4048.6000,4048.2000,4048.0000,4047.8000,4047.6000,4049.4000,4050.2000,4050.8000,4051.0000,4051.4000,1,1,1,4,1,2,1,2,2,1
SF,IF2006,2020-02-19 13:42:09.900,4049.0000,23865,0,6378674640.000,0,-,-,-,-,4048.2000,4048.0000,4047.8000,4047.6000,4047.2000,4049.4000,4050.2000,4050.8000,4051.0000,4051.4000,1,1,4,1,3,2,1,2,2,1
SF,IF2006,2020-02-19 13:42:10.400,4049.0000,23865,0,6378674640.000,0,-,-,-,-,4048.6000,4048.4000,4048.2000,4048.0000,4047.8000,4049.4000,4050.2000,4050.8000,4051.0000,4051.4000,1,2,1,1,2,2,1,2,2,1
SF,IF2006,2020-02-19 13:42:10.900,4049.0000,23865,0,6378674640.000,0,-,-,-,-,4048.8000,4048.4000,4048.2000,4048.0000,4047.8000,4049.4000,4050.2000,4050.8000,4051.0000,4051.4000,1,2,1,1,2,2,1,2,2,1
SF,IF2006,2020-02-19 13:42:12.400,4049.0000,23865,0,6378674640.000,0,-,-,-,-,4049.0000,4048.4000,4048.2000,4048.0000,4047.8000,4049.4000,4050.2000,4050.8000,4051.0000,4051.4000,1,2,1,1,2,2,1,2,2,1
SF,IF2006,2020-02-19 13:42:13.900,4049.0000,23865,0,6378674640.000,0,-,-,-,-,4048.4000,4048.2000,4048.0000,4047.8000,4047.2000,4049.4000,4050.2000,4050.8000,4051.0000,4051.4000,2,1,1,2,3,2,1,2,2,1
SF,IF2006,2020-02-19 13:42:14.400,4049.0000,23865,0,6378674640.000,0,-,-,-,-,4048.4000,4048.2000,4048.0000,4047.8000,4047.2000,4049.4000,4050.2000,4050.8000,4051.0000,4052.0000,2,1,1,2,3,2,1,2,2,1
SF,IF2006,2020-02-19 13:42:14.900,4049.0000,23865,0,6378674640.000,0,-,-,-,-,4048.6000,4048.4000,4048.2000,4048.0000,4047.8000,4049.4000,4050.2000,4050.8000,4051.0000,4052.0000,1,2,1,1,2,2,1,2,2,1
SF,IF2006,2020-02-19 13:42:15.400,4049.0000,23865,0,6378674640.000,0,-,-,-,-,4048.8000,4048.6000,4048.2000,4048.0000,4047.8000,4049.4000,4050.2000,4050.8000,4051.0000,4052.0000,2,1,1,1,2,2,1,2,2,1
SF,IF2006,2020-02-19 13:42:15.900,4049.0000,23865,0,6378674640.000,0,-,-,-,-,4048.8000,4048.2000,4048.0000,4047.8000,4047.2000,4049.4000,4050.2000,4050.8000,4051.0000,4052.0000,2,1,1,2,3,2,1,2,2,1
SF,IF2006,2020-02-19 13:42:17.900,4049.0000,23865,0,6378674640.000,0,-,-,-,-,4048.8000,4048.2000,4048.0000,4047.8000,4047.2000,4049.4000,4050.2000,4050.8000,4051.0000,4052.0000,2,1,1,1,3,2,1,2,2,1
SF,IF2006,2020-02-19 13:42:18.400,4049.0000,23865,0,6378674640.000,0,-,-,-,-,4048.8000,4048.2000,4048.0000,4047.8000,4047.2000,4049.4000,4050.2000,4050.8000,4051.0000,4052.0000,3,1,1,1,3,2,1,2,2,1
SF,IF2006,2020-02-19 13:42:18.900,4049.0000,23865,0,6378674640.000,0,-,-,-,-,4048.8000,4048.0000,4047.8000,4047.2000,4046.0000,4049.4000,4050.8000,4051.0000,4052.0000,4052.2000,3,1,1,3,3,2,2,2,1,1
SF,IF2006,2020-02-19 13:42:19.900,4049.0000,23865,0,6378674640.000,0,-,-,-,-,4048.8000,4048.0000,4047.8000,4047.2000,4046.0000,4049.4000,4050.8000,4051.0000,4052.0000,4052.2000,2,1,1,3,3,2,2,2,1,1
SF,IF2006,2020-02-19 13:42:20.400,4049.0000,23865,0,6378674640.000,0,-,-,-,-,4048.0000,4047.8000,4047.2000,4046.0000,4045.8000,4049.4000,4050.8000,4051.0000,4052.0000,4052.2000,1,1,3,3,2,2,2,2,1,1
SF,IF2006,2020-02-19 13:42:20.900,4049.0000,23865,0,6378674640.000,0,-,-,-,-,4048.6000,4048.2000,4048.0000,4047.8000,4047.2000,4049.4000,4050.8000,4051.0000,4052.0000,4052.2000,1,3,1,1,3,2,2,2,1,1
SF,IF2006,2020-02-19 13:42:22.900,4048.6000,23866,1,6379889220.000,1,1,0,双开,B,4048.2000,4048.0000,4047.8000,4047.2000,4046.0000,4049.4000,4050.8000,4051.0000,4052.0000,4052.2000,3,1,1,3,3,2,2,2,1,1
SF,IF2006,2020-02-19 13:42:23.400,4048.6000,23866,0,6379889220.000,0,-,-,-,-,4048.2000,4048.0000,4047.8000,4047.2000,4046.0000,4049.2000,4049.4000,4050.8000,4051.0000,4052.0000,1,1,1,3,3,2,2,2,2,1
SF,IF2006,2020-02-19 13:42:24.400,4048.6000,23866,0,6379889220.000,0,-,-,-,-,4048.2000,4048.0000,4047.8000,4047.2000,4046.0000,4049.2000,4049.4000,4050.0000,4050.8000,4051.0000,1,1,1,3,3,2,2,1,2,2
SF,IF2006,2020-02-19 13:42:24.900,4048.6000,23866,0,6379889220.000,0,-,-,-,-,4048.4000,4048.2000,4048.0000,4047.8000,4047.2000,4049.2000,4049.4000,4050.0000,4050.8000,4051.0000,2,1,1,1,3,2,2,1,2,2
SF,IF2006,2020-02-19 13:42:28.400,4049.2000,23865,-1,6381103980.000,1,0,1,双平,B,4048.4000,4048.2000,4048.0000,4047.8000,4047.2000,4049.2000,4049.4000,4050.0000,4050.8000,4051.0000,2,1,1,1,3,1,2,1,2,2
SF,IF2006,2020-02-19 13:42:28.900,4049.2000,23865,0,6381103980.000,0,-,-,-,-,4048.4000,4048.2000,4048.0000,4047.8000,4047.2000,4049.4000,4050.0000,4050.8000,4051.0000,4052.0000,2,1,1,1,3,2,1,2,2,1
SF,IF2006,2020-02-19 13:42:29.400,4048.4000,23865,0,6382318500.000,1,0,1,空换,B,4048.6000,4048.4000,4048.2000,4048.0000,4047.8000,4049.4000,4050.0000,4050.8000,4051.0000,4052.0000,1,1,1,1,1,2,1,2,2,1
SF,IF2006,2020-02-19 13:42:30.400,4048.4000,23865,0,6382318500.000,0,-,-,-,-,4049.2000,4048.6000,4048.4000,4048.2000,4048.0000,4049.4000,4050.0000,4050.8000,4051.0000,4052.0000,1,1,1,1,1,2,1,2,2,1
SF,IF2006,2020-02-19 13:42:30.900,4049.2000,23866,1,6383533260.000,1,1,0,双开,B,4048.6000,4048.4000,4048.2000,4048.0000,4047.8000,4049.2000,4049.4000,4050.0000,4050.8000,4051.0000,1,1,1,1,1,1,2,1,2,2
SF,IF2006,2020-02-19 13:42:33.400,4049.2000,23866,0,6383533260.000,0,-,-,-,-,4048.4000,4048.2000,4048.0000,4047.8000,4047.2000,4049.2000,4049.4000,4050.0000,4050.8000,4051.0000,1,1,1,1,3,1,2,1,2,2
SF,IF2006,2020-02-19 13:42:33.900,4049.2000,23866,0,6383533260.000,0,-,-,-,-,4048.4000,4048.2000,4048.0000,4047.8000,4047.2000,4049.2000,4049.4000,4050.0000,4050.8000,4051.0000,1,1,1,1,3,1,2,1,2,2
SF,IF2006,2020-02-19 13:42:37.900,4049.2000,23866,0,6383533260.000,0,-,-,-,-,4048.4000,4048.0000,4047.8000,4047.2000,4046.0000,4049.4000,4050.0000,4050.8000,4051.0000,4052.0000,1,1,1,3,3,2,1,2,2,1
SF,IF2006,2020-02-19 13:42:38.400,4049.2000,23866,0,6383533260.000,0,-,-,-,-,4048.0000,4047.8000,4047.2000,4046.0000,4045.8000,4049.2000,4049.4000,4050.0000,4050.8000,4051.0000,1,1,3,3,2,3,2,1,2,1
SF,IF2006,2020-02-19 13:42:38.900,4049.2000,23866,0,6383533260.000,0,-,-,-,-,4048.2000,4048.0000,4047.8000,4047.2000,4046.0000,4049.2000,4049.4000,4050.0000,4050.8000,4051.0000,2,1,1,3,3,3,2,1,3,1
SF,IF2006,2020-02-19 13:42:39.400,4049.2000,23866,0,6383533260.000,0,-,-,-,-,4048.2000,4048.0000,4047.8000,4047.2000,4046.0000,4049.0000,4049.2000,4049.4000,4050.0000,4050.8000,2,1,1,3,3,1,3,2,1,3
SF,IF2006,2020-02-19 13:42:39.900,4049.2000,23866,0,6383533260.000,0,-,-,-,-,4048.0000,4047.2000,4046.0000,4045.8000,4045.6000,4049.0000,4049.2000,4049.4000,4050.0000,4050.8000,1,3,3,2,1,1,3,2,1,3
SF,IF2006,2020-02-19 13:42:40.400,4049.2000,23866,0,6383533260.000,0,-,-,-,-,4048.0000,4047.2000,4046.0000,4045.8000,4045.6000,4049.0000,4049.2000,4049.4000,4050.0000,4050.8000,1,3,3,2,1,1,3,2,1,2
SF,IF2006,2020-02-19 13:42:41.900,4049.2000,23866,0,6383533260.000,0,-,-,-,-,4047.2000,4046.0000,4045.8000,4045.6000,4045.2000,4049.0000,4049.2000,4049.4000,4050.0000,4050.8000,3,3,2,1,1,1,3,2,1,2
SF,IF2006,2020-02-19 13:42:42.400,4049.2000,23866,0,6383533260.000,0,-,-,-,-,4047.4000,4047.2000,4046.0000,4045.8000,4045.6000,4048.8000,4049.0000,4049.2000,4049.4000,4050.0000,5,3,3,2,1,1,1,3,2,1
SF,IF2006,2020-02-19 13:42:42.900,4047.6000,23865,-1,6384747540.000,1,0,1,双平,B,4047.6000,4047.4000,4047.2000,4046.0000,4045.8000,4048.8000,4049.0000,4049.2000,4049.4000,4050.0000,1,5,3,3,2,1,1,3,2,1
SF,IF2006,2020-02-19 13:42:43.400,4047.6000,23865,0,6384747540.000,0,-,-,-,-,4047.6000,4047.4000,4047.2000,4046.0000,4045.8000,4048.8000,4049.2000,4049.4000,4050.0000,4050.8000,1,5,3,3,2,1,3,2,1,2
SF,IF2006,2020-02-19 13:42:43.900,4047.6000,23865,0,6384747540.000,0,-,-,-,-,4047.6000,4047.4000,4047.2000,4046.0000,4045.8000,4048.6000,4049.2000,4049.4000,4050.0000,4050.8000,1,5,3,3,2,1,3,2,1,2
SF,IF2006,2020-02-19 13:42:44.400,4047.6000,23865,0,6384747540.000,0,-,-,-,-,4047.8000,4047.6000,4047.4000,4047.2000,4046.0000,4049.2000,4049.4000,4050.0000,4050.8000,4051.0000,1,1,5,3,3,3,2,1,2,1
SF,IF2006,2020-02-19 13:42:44.900,4047.6000,23865,0,6384747540.000,0,-,-,-,-,4048.0000,4047.8000,4047.4000,4047.2000,4046.0000,4049.2000,4049.4000,4050.0000,4050.8000,4051.0000,3,1,5,3,3,3,2,1,2,1
SF,IF2006,2020-02-19 13:42:45.400,4047.6000,23865,0,6384747540.000,0,-,-,-,-,4048.0000,4047.4000,4047.2000,4046.0000,4045.8000,4049.2000,4049.4000,4050.0000,4050.8000,4051.0000,3,5,3,3,2,3,2,1,2,1
SF,IF2006,2020-02-19 13:42:45.900,4047.6000,23865,0,6384747540.000,0,-,-,-,-,4048.0000,4047.4000,4047.2000,4046.0000,4045.8000,4049.0000,4049.2000,4049.4000,4050.0000,4050.8000,3,5,3,3,2,1,3,2,1,2
SF,IF2006,2020-02-19 13:42:46.400,4047.6000,23865,0,6384747540.000,0,-,-,-,-,4048.0000,4047.4000,4047.2000,4046.0000,4045.8000,4049.0000,4049.2000,4049.4000,4050.0000,4050.8000,3,5,3,3,2,2,3,2,1,2
SF,IF2006,2020-02-19 13:42:47.400,4047.6000,23865,0,6384747540.000,0,-,-,-,-,4048.2000,4048.0000,4047.4000,4047.2000,4046.0000,4049.0000,4049.2000,4049.4000,4050.0000,4050.8000,1,3,5,3,3,2,3,2,1,2
SF,IF2006,2020-02-19 13:42:47.900,4048.2000,23865,0,6385962000.000,1,0,1,空换,B,4048.0000,4047.4000,4047.2000,4046.0000,4045.8000,4049.2000,4049.4000,4050.0000,4050.8000,4051.0000,3,5,3,3,2,3,2,1,2,1
SF,IF2006,2020-02-19 13:42:48.400,4048.2000,23865,0,6385962000.000,0,-,-,-,-,4048.2000,4048.0000,4047.4000,4047.2000,4046.0000,4049.2000,4049.4000,4050.0000,4050.8000,4051.0000,3,3,5,3,3,3,2,1,2,1
SF,IF2006,2020-02-19 13:42:48.900,4048.2000,23865,0,6385962000.000,0,-,-,-,-,4048.2000,4048.0000,4047.4000,4047.2000,4046.0000,4049.2000,4049.4000,4050.0000,4050.8000,4051.0000,2,3,5,3,3,3,2,1,2,1
SF,IF2006,2020-02-19 13:42:49.900,4048.2000,23865,0,6385962000.000,0,-,-,-,-,4048.2000,4048.0000,4047.4000,4047.2000,4046.0000,4049.2000,4049.4000,4050.0000,4050.8000,4051.0000,1,3,5,3,3,2,2,1,2,1
SF,IF2006,2020-02-19 13:42:56.900,4048.2000,23865,0,6385962000.000,0,-,-,-,-,4048.2000,4048.0000,4047.4000,4047.2000,4046.0000,4049.2000,4049.4000,4050.0000,4050.8000,4051.0000,1,3,5,3,3,2,2,1,2,1
SF,IF2006,2020-02-19 13:42:57.400,4048.2000,23865,0,6385962000.000,0,-,-,-,-,4048.4000,4048.2000,4048.0000,4047.4000,4047.2000,4049.2000,4049.4000,4050.0000,4050.8000,4051.0000,1,1,3,5,3,2,2,1,2,1
SF,IF2006,2020-02-19 13:43:00.900,4048.2000,23865,0,6385962000.000,0,-,-,-,-,4048.6000,4048.4000,4048.0000,4047.4000,4047.2000,4049.2000,4049.4000,4050.0000,4050.8000,4051.0000,1,1,3,5,3,2,2,1,2,1
SF,IF2006,2020-02-19 13:43:01.400,4048.2000,23865,0,6385962000.000,0,-,-,-,-,4048.6000,4048.4000,4048.0000,4047.2000,4046.0000,4049.2000,4049.4000,4050.0000,4050.8000,4051.0000,1,1,3,3,3,2,2,1,2,1
SF,IF2006,2020-02-19 13:43:02.900,4048.2000,23865,0,6387176460.000,1,0,1,空换,B,4048.4000,4048.0000,4047.2000,4046.0000,4045.8000,4049.2000,4049.4000,4050.0000,4050.8000,4051.0000,1,3,3,3,2,2,2,1,2,1
SF,IF2006,2020-02-19 13:43:07.900,4048.2000,23865,0,6387176460.000,0,-,-,-,-,4048.4000,4048.0000,4047.2000,4046.0000,4045.8000,4049.2000,4049.4000,4050.0000,4050.8000,4051.0000,1,3,3,3,2,2,2,1,2,1
SF,IF2006,2020-02-19 13:43:09.400,4048.2000,23865,0,6387176460.000,0,-,-,-,-,4048.6000,4048.4000,4048.0000,4047.2000,4046.0000,4049.0000,4049.2000,4049.4000,4050.0000,4050.8000,1,1,3,3,3,1,2,2,1,2
SF,IF2006,2020-02-19 13:43:10.900,4049.0000,23865,0,6388391160.000,1,0,1,空换,B,4048.6000,4048.4000,4048.0000,4047.2000,4046.0000,4049.2000,4049.4000,4050.0000,4050.8000,4051.0000,1,1,3,3,3,2,2,1,2,1
SF,IF2006,2020-02-19 13:43:11.900,4049.0000,23866,1,6389605860.000,1,1,0,双开,B,4048.6000,4048.4000,4048.0000,4047.2000,4046.0000,4049.2000,4049.4000,4050.0000,4050.8000,4051.0000,1,1,3,3,3,2,2,1,2,1
SF,IF2006,2020-02-19 13:43:12.400,4049.0000,23866,0,6389605860.000,0,-,-,-,-,4048.6000,4048.4000,4048.0000,4047.2000,4046.0000,4049.0000,4049.2000,4049.4000,4050.0000,4050.8000,1,1,3,3,3,1,2,2,1,2
SF,IF2006,2020-02-19 13:43:13.900,4049.0000,23866,0,6389605860.000,0,-,-,-,-,4048.6000,4048.4000,4048.0000,4047.2000,4046.0000,4049.2000,4049.4000,4050.0000,4050.8000,4051.0000,1,1,3,3,3,2,1,1,2,1
SF,IF2006,2020-02-19 13:43:14.400,4049.0000,23866,0,6389605860.000,0,-,-,-,-,4048.6000,4048.4000,4048.0000,4047.2000,4046.0000,4049.0000,4049.2000,4049.4000,4050.0000,4050.8000,1,1,3,3,3,2,2,1,1,2
SF,IF2006,2020-02-19 13:43:15.400,4049.0000,23867,1,6392035260.000,2,1,1,多开,B,4048.6000,4048.4000,4048.0000,4047.2000,4046.0000,4049.2000,4049.4000,4050.0000,4050.8000,4051.0000,1,1,3,3,3,2,1,1,2,1
SF,IF2006,2020-02-19 13:43:18.400,4048.8000,23868,1,6393249900.000,1,1,0,双开,B,4048.6000,4048.4000,4048.0000,4047.2000,4046.0000,4049.2000,4049.4000,4050.0000,4050.8000,4051.0000,1,1,3,3,3,2,1,1,2,1
SF,IF2006,2020-02-19 13:43:18.900,4048.8000,23868,0,6393249900.000,0,-,-,-,-,4048.6000,4048.4000,4048.0000,4047.2000,4046.0000,4049.4000,4050.0000,4050.8000,4051.0000,4052.0000,1,1,3,3,3,1,1,2,1,1
SF,IF2006,2020-02-19 13:43:19.400,4049.4000,23869,1,6394464720.000,1,1,0,双开,B,4048.8000,4048.6000,4048.4000,4048.0000,4047.2000,4050.0000,4050.8000,4051.0000,4052.0000,4052.2000,7,1,1,1,3,1,2,1,1,1
SF,IF2006,2020-02-19 13:43:19.900,4049.4000,23869,0,6394464720.000,0,-,-,-,-,4049.0000,4048.8000,4048.6000,4048.4000,4048.0000,4050.0000,4050.8000,4051.0000,4052.0000,4052.2000,5,7,1,1,1,1,2,1,1,1
SF,IF2006,2020-02-19 13:43:20.400,4049.4000,23869,0,6394464720.000,0,-,-,-,-,4049.2000,4049.0000,4048.8000,4048.6000,4048.4000,4050.0000,4050.8000,4051.0000,4052.0000,4052.2000,4,6,5,1,1,1,2,1,1,1
SF,IF2006,2020-02-19 13:43:20.900,4049.4000,23869,0,6394464720.000,0,-,-,-,-,4049.4000,4049.2000,4049.0000,4048.8000,4048.6000,4050.0000,4050.8000,4051.0000,4052.0000,4052.2000,2,5,5,5,1,1,2,1,1,1
SF,IF2006,2020-02-19 13:43:21.400,4049.4000,23869,0,6394464720.000,0,-,-,-,-,4049.4000,4049.2000,4049.0000,4048.8000,4048.6000,4050.0000,4050.8000,4051.0000,4052.0000,4052.2000,2,4,5,5,1,1,2,1,1,1
SF,IF2006,2020-02-19 13:43:22.400,4049.4000,23869,0,6394464720.000,0,-,-,-,-,4049.6000,4049.4000,4049.2000,4049.0000,4048.8000,4050.0000,4050.8000,4051.0000,4052.0000,4052.2000,1,3,4,5,5,1,2,1,1,1
SF,IF2006,2020-02-19 13:43:22.900,4050.0000,23869,0,6395679720.000,1,0,1,空换,B,4049.6000,4049.4000,4049.2000,4049.0000,4048.8000,4051.0000,4052.0000,4052.2000,4053.0000,4053.6000,1,2,4,5,5,1,1,1,5,1
SF,IF2006,2020-02-19 13:43:23.400,4050.0000,23869,0,6395679720.000,0,-,-,-,-,4049.8000,4049.6000,4049.4000,4049.2000,4049.0000,4051.0000,4052.0000,4052.2000,4053.0000,4053.6000,2,1,2,2,5,1,1,1,5,1
SF,IF2006,2020-02-19 13:43:24.400,4050.0000,23869,0,6395679720.000,0,-,-,-,-,4049.8000,4049.6000,4049.4000,4049.0000,4048.8000,4051.0000,4052.0000,4052.2000,4053.0000,4053.6000,2,1,2,5,5,1,1,1,5,1
SF,IF2006,2020-02-19 13:43:24.900,4050.0000,23869,0,6395679720.000,0,-,-,-,-,4050.0000,4049.8000,4049.6000,4049.4000,4049.0000,4051.0000,4052.0000,4052.2000,4053.0000,4053.6000,3,2,1,2,5,1,1,1,5,1
SF,IF2006,2020-02-19 13:43:25.400,4050.0000,23869,0,6395679720.000,0,-,-,-,-,4050.0000,4049.8000,4049.6000,4049.4000,4049.0000,4051.0000,4052.0000,4052.2000,4053.0000,4053.6000,1,2,1,4,5,1,1,1,5,1
SF,IF2006,2020-02-19 13:43:25.900,4051.0000,23869,0,6396895020.000,1,0,1,空换,B,4050.2000,4050.0000,4049.6000,4049.4000,4049.0000,4052.0000,4052.2000,4053.0000,4053.6000,4053.8000,2,1,1,4,5,1,1,5,1,1
SF,IF2006,2020-02-19 13:43:26.400,4050.2000,23869,0,6398110080.000,1,0,1,空换,B,4050.2000,4049.6000,4049.4000,4048.6000,4048.4000,4051.6000,4051.8000,4052.0000,4052.2000,4053.0000,1,1,4,1,1,3,5,1,1,5
SF,IF2006,2020-02-19 13:43:26.900,4050.2000,23869,0,6398110080.000,0,-,-,-,-,4050.2000,4049.6000,4049.4000,4048.6000,4048.4000,4051.4000,4051.6000,4051.8000,4052.0000,4052.2000,1,1,4,1,1,2,1,3,1,1
SF,IF2006,2020-02-19 13:43:27.400,4050.2000,23869,0,6398110080.000,0,-,-,-,-,4050.4000,4050.2000,4049.6000,4049.4000,4048.6000,4051.4000,4051.6000,4051.8000,4052.0000,4052.2000,1,1,1,4,1,2,1,3,1,1
SF,IF2006,2020-02-19 13:43:27.900,4050.2000,23869,0,6398110080.000,0,-,-,-,-,4050.8000,4050.6000,4050.4000,4049.6000,4049.4000,4051.2000,4051.6000,4051.8000,4052.0000,4052.2000,5,3,1,1,4,1,1,3,1,1
SF,IF2006,2020-02-19 13:43:28.400,4051.2000,23870,1,6399325440.000,1,1,0,双开,B,4050.4000,4049.6000,4049.4000,4048.6000,4048.4000,4051.6000,4051.8000,4052.0000,4052.2000,4053.0000,1,1,2,1,1,1,3,1,1,5
SF,IF2006,2020-02-19 13:43:28.900,4051.2000,23870,0,6399325440.000,0,-,-,-,-,4050.6000,4049.6000,4049.4000,4048.6000,4048.4000,4052.0000,4052.2000,4053.0000,4053.6000,4053.8000,3,1,2,1,1,1,1,5,1,1
SF,IF2006,2020-02-19 13:43:29.400,4050.6000,23869,-1,6400540620.000,1,0,1,双平,B,4050.6000,4049.6000,4049.4000,4048.6000,4048.4000,4051.8000,4052.0000,4052.2000,4053.0000,4053.6000,2,1,2,1,1,2,1,1,5,1
SF,IF2006,2020-02-19 13:43:29.900,4050.6000,23868,-1,6401755800.000,1,0,1,双平,B,4050.8000,4049.6000,4049.4000,4048.6000,4048.4000,4051.8000,4052.0000,4052.2000,4053.0000,4053.6000,1,1,2,1,1,2,1,1,5,1
SF,IF2006,2020-02-19 13:43:31.400,4050.6000,23868,0,6401755800.000,0,-,-,-,-,4051.2000,4051.0000,4050.8000,4049.6000,4049.4000,4051.8000,4052.0000,4052.2000,4053.0000,4053.6000,1,1,1,1,2,2,1,1,5,1
SF,IF2006,2020-02-19 13:43:31.900,4050.6000,23868,0,6401755800.000,0,-,-,-,-,4049.6000,4049.4000,4048.6000,4048.4000,4048.0000,4051.8000,4052.0000,4052.2000,4053.0000,4053.6000,1,2,1,1,1,2,1,1,5,1
SF,IF2006,2020-02-19 13:43:32.400,4050.6000,23868,0,6401755800.000,0,-,-,-,-,4051.0000,4050.8000,4050.2000,4049.8000,4049.6000,4051.8000,4052.0000,4052.2000,4053.0000,4053.6000,1,1,7,3,1,2,1,1,5,1
SF,IF2006,2020-02-19 13:43:32.900,4050.6000,23868,0,6401755800.000,0,-,-,-,-,4051.0000,4050.2000,4049.8000,4049.6000,4049.4000,4051.8000,4052.0000,4052.2000,4053.0000,4053.6000,1,5,3,1,2,2,1,1,5,1
SF,IF2006,2020-02-19 13:43:33.400,4050.6000,23868,0,6401755800.000,0,-,-,-,-,4050.2000,4049.8000,4049.6000,4049.4000,4048.6000,4051.8000,4052.0000,4052.2000,4053.0000,4053.6000,5,3,1,2,1,2,1,1,5,1
SF,IF2006,2020-02-19 13:43:33.900,4050.6000,23868,0,6401755800.000,0,-,-,-,-,4050.4000,4050.2000,4049.8000,4049.6000,4049.4000,4051.8000,4052.0000,4052.2000,4053.0000,4053.6000,2,5,3,1,2,2,1,1,5,1
SF,IF2006,2020-02-19 13:43:34.400,4050.6000,23868,0,6401755800.000,0,-,-,-,-,4050.4000,4050.2000,4049.8000,4049.6000,4049.4000,4051.8000,4052.0000,4052.2000,4053.0000,4053.6000,3,5,3,1,2,2,1,1,5,1
SF,IF2006,2020-02-19 13:43:34.900,4051.8000,23868,0,6402971340.000,1,0,1,空换,B,4050.8000,4050.4000,4050.2000,4049.8000,4049.6000,4051.8000,4052.0000,4052.2000,4053.0000,4053.6000,1,2,5,3,1,1,1,1,5,1
SF,IF2006,2020-02-19 13:43:35.400,4050.8000,23869,1,6404186580.000,1,1,0,双开,B,4050.4000,4050.2000,4049.8000,4049.6000,4049.4000,4051.8000,4052.0000,4052.2000,4053.0000,4053.6000,2,5,3,1,2,1,1,1,5,1
SF,IF2006,2020-02-19 13:43:35.900,4050.8000,23869,0,6404186580.000,0,-,-,-,-,4051.4000,4051.2000,4050.8000,4050.6000,4050.4000,4051.6000,4051.8000,4052.0000,4052.2000,4053.0000,1,1,1,2,2,1,1,1,1,5
SF,IF2006,2020-02-19 13:43:36.400,4050.8000,23869,0,6404186580.000,0,-,-,-,-,4050.6000,4050.4000,4049.8000,4049.6000,4049.4000,4051.8000,4052.0000,4052.2000,4053.0000,4053.6000,2,1,3,1,2,1,1,1,5,1
SF,IF2006,2020-02-19 13:43:36.900,4050.8000,23869,0,6404186580.000,0,-,-,-,-,4051.0000,4050.8000,4050.6000,4050.4000,4049.8000,4051.8000,4052.0000,4052.2000,4053.0000,4053.6000,1,7,2,1,3,1,1,1,5,1
SF,IF2006,2020-02-19 13:43:37.400,4050.8000,23869,0,6404186580.000,0,-,-,-,-,4051.2000,4051.0000,4050.8000,4050.6000,4049.8000,4051.8000,4052.0000,4052.2000,4053.0000,4053.6000,1,1,7,2,3,1,1,1,5,1
SF,IF2006,2020-02-19 13:43:37.900,4050.8000,23869,0,6404186580.000,0,-,-,-,-,4051.2000,4050.8000,4050.6000,4049.8000,4049.6000,4052.0000,4052.2000,4053.0000,4053.6000,4053.8000,1,7,2,3,1,1,1,5,1,1
SF,IF2006,2020-02-19 13:43:38.400,4050.8000,23869,0,6404186580.000,0,-,-,-,-,4051.2000,4050.8000,4050.6000,4049.8000,4049.6000,4052.0000,4052.2000,4053.0000,4053.6000,4053.8000,1,6,2,3,1,1,1,5,1,1
SF,IF2006,2020-02-19 13:43:39.400,4050.8000,23869,0,6404186580.000,0,-,-,-,-,4050.8000,4050.6000,4049.8000,4049.6000,4049.4000,4052.0000,4052.2000,4053.0000,4053.6000,4053.8000,6,2,3,1,2,1,1,5,1,1
SF,IF2006,2020-02-19 13:43:39.900,4050.8000,23869,0,6404186580.000,0,-,-,-,-,4051.4000,4051.2000,4051.0000,4050.8000,4050.6000,4052.0000,4052.2000,4053.0000,4053.6000,4053.8000,1,1,1,6,1,1,1,5,1,1
SF,IF2006,2020-02-19 13:43:40.400,4050.8000,23869,0,6404186580.000,0,-,-,-,-,4051.4000,4051.0000,4050.8000,4050.6000,4049.8000,4052.0000,4052.2000,4053.0000,4053.6000,4053.8000,1,1,6,1,3,1,1,5,1,1
SF,IF2006,2020-02-19 13:43:40.900,4052.0000,23870,1,6405402180.000,1,1,0,双开,B,4051.0000,4050.8000,4050.6000,4049.8000,4049.6000,4052.2000,4053.0000,4053.6000,4053.8000,4054.0000,1,6,1,3,1,1,5,1,1,1
SF,IF2006,2020-02-19 13:43:41.400,4052.0000,23870,0,6405402180.000,0,-,-,-,-,4051.2000,4051.0000,4050.8000,4050.6000,4049.8000,4052.0000,4052.2000,4053.0000,4053.6000,4053.8000,5,1,6,1,3,2,1,5,1,1
SF,IF2006,2020-02-19 13:43:41.900,4052.0000,23870,0,6406617780.000,1,0,1,空换,B,4051.2000,4051.0000,4050.8000,4050.6000,4049.8000,4052.0000,4052.2000,4053.0000,4053.6000,4053.8000,5,1,7,1,3,1,1,5,1,1
SF,IF2006,2020-02-19 13:43:42.400,4052.0000,23870,0,6406617780.000,0,-,-,-,-,4051.2000,4051.0000,4050.8000,4050.6000,4049.8000,4052.2000,4053.0000,4053.6000,4053.8000,4054.0000,5,1,6,1,3,1,5,1,1,1
SF,IF2006,2020-02-19 13:43:42.900,4052.0000,23870,0,6406617780.000,0,-,-,-,-,4051.0000,4050.8000,4050.6000,4049.8000,4049.6000,4052.2000,4053.0000,4053.6000,4053.8000,4054.0000,1,1,1,3,1,1,5,1,1,1
SF,IF2006,2020-02-19 13:43:43.400,4052.0000,23870,0,6406617780.000,0,-,-,-,-,4051.4000,4051.2000,4051.0000,4050.8000,4050.6000,4052.2000,4053.0000,4053.6000,4053.8000,4054.0000,2,1,1,1,1,1,5,1,1,1
SF,IF2006,2020-02-19 13:43:43.900,4052.2000,23870,0,6407833440.000,1,0,1,空换,B,4051.6000,4051.4000,4051.2000,4050.8000,4050.6000,4053.0000,4053.6000,4053.8000,4054.0000,4055.4000,7,3,1,1,1,5,1,1,1,1
SF,IF2006,2020-02-19 13:43:44.400,4051.8000,23870,0,6409048980.000,1,0,1,空换,B,4051.8000,4051.6000,4051.4000,4051.2000,4050.8000,4052.8000,4053.0000,4053.6000,4053.8000,4054.0000,4,7,2,2,1,1,5,1,1,1
SF,IF2006,2020-02-19 13:43:44.900,4052.0000,23870,0,6411480420.000,2,1,1,空换,B,4052.0000,4051.8000,4051.6000,4051.4000,4051.2000,4053.0000,4053.6000,4053.8000,4054.0000,4055.4000,2,4,5,2,2,5,1,1,1,1
SF,IF2006,2020-02-19 13:43:45.400,4052.2000,23871,1,6413911980.000,2,1,1,多开,B,4052.0000,4051.8000,4051.6000,4051.4000,4051.2000,4053.0000,4053.6000,4053.8000,4054.0000,4055.4000,2,5,5,2,1,4,1,1,1,1
SF,IF2006,2020-02-19 13:43:45.900,4052.2000,23871,0,6413911980.000,0,-,-,-,-,4052.8000,4052.2000,4052.0000,4051.8000,4051.6000,4053.0000,4053.6000,4053.8000,4054.0000,4055.4000,3,3,3,4,5,4,1,1,1,1
SF,IF2006,2020-02-19 13:43:46.400,4053.0000,23871,0,6419991420.000,5,2,3,空换,B,4052.2000,4052.0000,4051.8000,4050.6000,4049.8000,4053.6000,4053.8000,4054.0000,4055.4000,4056.0000,1,2,4,1,3,1,1,1,1,1
SF,IF2006,2020-02-19 13:43:46.900,4052.6000,23873,2,6422422980.000,2,2,0,双开,B,4052.6000,4052.4000,4052.0000,4051.8000,4050.6000,4053.6000,4053.8000,4054.0000,4055.4000,4056.0000,4,3,1,4,1,1,1,1,1,1
SF,IF2006,2020-02-19 13:43:47.400,4052.6000,23873,0,6422422980.000,0,-,-,-,-,4053.0000,4052.8000,4052.6000,4052.4000,4052.0000,4053.4000,4053.6000,4053.8000,4054.0000,4055.4000,1,3,4,3,1,2,1,1,1,1
SF,IF2006,2020-02-19 13:43:47.900,4053.6000,23870,-3,6426071100.000,3,0,3,双平,B,4053.0000,4052.8000,4052.6000,4052.4000,4052.0000,4053.8000,4054.0000,4055.4000,4056.0000,4056.8000,1,2,3,2,1,1,1,1,1,1
SF,IF2006,2020-02-19 13:43:48.400,4053.6000,23870,0,6426071100.000,0,-,-,-,-,4053.6000,4053.2000,4053.0000,4052.8000,4052.6000,4053.8000,4054.0000,4055.4000,4056.0000,4056.8000,2,2,2,2,3,1,1,1,1,1
SF,IF2006,2020-02-19 13:43:48.900,4053.8000,23870,0,6427287240.000,1,0,1,空换,B,4053.2000,4053.0000,4052.8000,4052.6000,4052.0000,4054.0000,4055.4000,4056.0000,4056.8000,4057.8000,2,1,2,3,1,1,1,1,1,1
SF,IF2006,2020-02-19 13:43:49.400,4053.2000,23870,0,6428503200.000,1,0,1,空换,B,4053.2000,4053.0000,4052.8000,4052.6000,4052.0000,4054.0000,4055.4000,4056.0000,4056.8000,4057.8000,2,1,2,3,1,1,1,1,1,1
SF,IF2006,2020-02-19 13:43:49.900,4053.2000,23870,0,6428503200.000,0,-,-,-,-,4053.4000,4053.2000,4053.0000,4052.8000,4052.6000,4054.0000,4055.4000,4056.0000,4056.8000,4057.8000,4,2,1,2,3,1,1,1,1,1
SF,IF2006,2020-02-19 13:43:50.400,4054.0000,23871,1,6429719400.000,1,1,0,双开,B,4053.4000,4053.0000,4052.8000,4052.6000,4052.0000,4055.4000,4056.0000,4056.8000,4057.8000,4058.0000,1,1,2,3,1,1,1,1,1,2
SF,IF2006,2020-02-19 13:43:50.900,4054.0000,23871,0,6429719400.000,0,-,-,-,-,4053.6000,4053.0000,4052.8000,4052.6000,4052.0000,4054.6000,4055.0000,4055.2000,4055.4000,4056.0000,1,1,2,3,1,3,1,4,1,1
SF,IF2006,2020-02-19 13:43:51.400,4054.0000,23871,0,6429719400.000,0,-,-,-,-,4053.0000,4052.6000,4052.0000,4050.6000,4049.8000,4054.4000,4054.6000,4055.2000,4055.4000,4056.0000,1,3,1,1,2,2,3,1,1,1
SF,IF2006,2020-02-19 13:43:51.900,4054.0000,23871,0,6429719400.000,0,-,-,-,-,4053.2000,4053.0000,4052.6000,4052.0000,4050.6000,4054.4000,4054.6000,4055.2000,4055.4000,4056.0000,4,1,3,1,1,2,1,1,1,1
SF,IF2006,2020-02-19 13:43:52.400,4054.0000,23871,0,6429719400.000,0,-,-,-,-,4053.6000,4053.4000,4053.2000,4053.0000,4052.6000,4054.6000,4055.2000,4055.4000,4056.0000,4056.8000,5,2,4,1,3,1,1,1,1,1
SF,IF2006,2020-02-19 13:43:52.900,4054.6000,23871,0,6430935780.000,1,0,1,空换,B,4054.2000,4054.0000,4053.8000,4053.6000,4053.2000,4055.2000,4055.4000,4056.0000,4056.8000,4057.8000,1,1,5,5,2,1,1,1,1,1
SF,IF2006,2020-02-19 13:43:53.400,4054.6000,23871,0,6430935780.000,0,-,-,-,-,4053.8000,4053.6000,4053.2000,4052.0000,4050.6000,4055.0000,4055.4000,4056.0000,4056.8000,4057.8000,4,5,2,1,1,2,1,1,1,1
SF,IF2006,2020-02-19 13:43:54.400,4055.0000,23870,-1,6432152280.000,1,0,1,双平,B,4053.8000,4053.6000,4053.2000,4052.0000,4050.6000,4055.0000,4055.4000,4056.0000,4056.8000,4057.8000,4,5,2,1,1,1,1,1,1,1
SF,IF2006,2020-02-19 13:43:54.900,4055.0000,23870,0,6432152280.000,0,-,-,-,-,4054.4000,4053.8000,4053.6000,4053.2000,4052.0000,4055.4000,4056.0000,4056.8000,4057.8000,4058.0000,2,4,5,2,1,1,1,1,1,2
SF,IF2006,2020-02-19 13:43:55.400,4055.0000,23870,0,6432152280.000,0,-,-,-,-,4053.8000,4053.6000,4052.0000,4050.6000,4049.8000,4055.2000,4055.4000,4056.0000,4056.8000,4057.8000,2,5,1,1,2,2,1,1,1,1
SF,IF2006,2020-02-19 13:43:55.900,4055.0000,23870,0,6432152280.000,0,-,-,-,-,4054.2000,4054.0000,4053.8000,4053.6000,4052.0000,4055.2000,4055.4000,4056.0000,4056.8000,4057.8000,2,6,2,5,1,2,1,1,1,1
SF,IF2006,2020-02-19 13:43:56.900,4055.0000,23870,0,6432152280.000,0,-,-,-,-,4054.2000,4054.0000,4053.8000,4053.6000,4052.0000,4055.2000,4055.4000,4056.0000,4057.8000,4058.0000,1,2,2,5,1,2,1,1,1,2
SF,IF2006,2020-02-19 13:43:58.400,4055.0000,23870,0,6432152280.000,0,-,-,-,-,4054.4000,4054.0000,4053.8000,4053.6000,4052.0000,4055.0000,4055.2000,4055.4000,4056.0000,4057.8000,2,1,2,5,1,1,2,1,1,1
SF,IF2006,2020-02-19 13:43:58.900,4055.0000,23870,0,6432152280.000,0,-,-,-,-,4054.0000,4053.8000,4053.6000,4052.0000,4050.6000,4055.0000,4055.2000,4055.4000,4056.0000,4057.8000,1,2,5,1,1,1,2,1,1,1
SF,IF2006,2020-02-19 13:43:59.900,4055.0000,23870,0,6432152280.000,0,-,-,-,-,4053.8000,4053.6000,4052.0000,4050.6000,4049.8000,4055.0000,4055.2000,4055.4000,4056.0000,4057.8000,2,5,1,1,2,2,2,1,1,1
SF,IF2006,2020-02-19 13:44:00.400,4055.0000,23870,0,6432152280.000,0,-,-,-,-,4053.6000,4052.0000,4050.6000,4049.8000,4049.6000,4054.8000,4055.0000,4055.4000,4056.0000,4057.8000,5,1,1,2,1,2,2,1,1,1
SF,IF2006,2020-02-19 13:44:00.900,4055.0000,23870,0,6432152280.000,0,-,-,-,-,4052.0000,4050.6000,4049.8000,4049.6000,4049.4000,4054.6000,4054.8000,4055.0000,4055.4000,4056.0000,1,1,2,1,2,1,3,2,1,1
SF,IF2006,2020-02-19 13:44:01.400,4055.0000,23870,0,6432152280.000,0,-,-,-,-,4053.4000,4052.6000,4052.2000,4052.0000,4049.6000,4054.6000,4054.8000,4055.0000,4055.4000,4056.0000,2,3,2,2,1,1,1,2,1,1
SF,IF2006,2020-02-19 13:44:01.900,4055.0000,23870,0,6432152280.000,0,-,-,-,-,4053.8000,4053.6000,4053.4000,4052.6000,4052.0000,4054.4000,4054.6000,4054.8000,4055.0000,4055.4000,5,2,2,1,2,1,1,1,2,1
SF,IF2006,2020-02-19 13:44:02.400,4055.0000,23870,0,6432152280.000,0,-,-,-,-,4053.6000,4053.4000,4052.6000,4052.0000,4049.6000,4054.6000,4055.0000,4055.4000,4056.0000,4057.8000,2,2,1,2,1,1,2,1,1,1
SF,IF2006,2020-02-19 13:44:02.900,4055.0000,23870,0,6432152280.000,0,-,-,-,-,4052.6000,4052.0000,4049.6000,4049.4000,4048.4000,4054.4000,4054.6000,4055.0000,4055.4000,4056.0000,1,2,1,2,1,2,1,2,1,1
SF,IF2006,2020-02-19 13:44:03.400,4055.0000,23870,0,6432152280.000,0,-,-,-,-,4054.0000,4053.2000,4052.8000,4052.6000,4052.0000,4054.4000,4054.6000,4055.0000,4055.4000,4056.0000,5,2,4,1,2,2,2,2,1,1
SF,IF2006,2020-02-19 13:44:03.900,4054.0000,23872,2,6438233280.000,5,3,2,多开,B,4052.8000,4052.6000,4052.0000,4049.6000,4049.4000,4054.2000,4054.4000,4054.6000,4055.0000,4055.4000,2,1,1,1,2,2,2,2,2,1
SF,IF2006,2020-02-19 13:44:04.400,4053.0000,23873,1,6441881160.000,3,2,1,多开,B,4052.8000,4052.6000,4052.0000,4049.6000,4049.4000,4054.0000,4054.2000,4054.6000,4055.0000,4055.4000,2,1,1,1,2,2,2,1,2,1
SF,IF2006,2020-02-19 13:44:04.900,4053.0000,23873,0,6441881160.000,0,-,-,-,-,4053.4000,4053.0000,4052.8000,4052.6000,4052.0000,4054.0000,4054.2000,4054.6000,4055.0000,4055.4000,1,1,2,1,1,2,2,1,2,1
SF,IF2006,2020-02-19 13:44:05.400,4054.0000,23873,0,6443097360.000,1,0,1,空换,B,4053.4000,4052.8000,4052.6000,4049.6000,4049.4000,4054.0000,4054.2000,4054.6000,4055.0000,4055.4000,1,2,1,1,2,1,2,1,2,1
SF,IF2006,2020-02-19 13:44:05.900,4054.0000,23873,0,6443097360.000,0,-,-,-,-,4052.8000,4052.6000,4049.6000,4049.4000,4048.4000,4055.0000,4055.4000,4056.0000,4057.8000,4058.0000,2,1,1,2,1,2,1,1,1,3
SF,IF2006,2020-02-19 13:44:06.400,4054.0000,23873,0,6443097360.000,0,-,-,-,-,4053.0000,4052.8000,4052.6000,4049.6000,4049.4000,4054.6000,4054.8000,4055.0000,4055.4000,4056.0000,1,2,1,1,2,4,4,3,1,1
SF,IF2006,2020-02-19 13:44:06.900,4054.0000,23873,0,6443097360.000,0,-,-,-,-,4053.2000,4052.6000,4049.6000,4049.4000,4048.4000,4054.2000,4054.4000,4054.6000,4054.8000,4055.0000,3,1,1,2,1,2,1,2,2,3
SF,IF2006,2020-02-19 13:44:07.400,4054.0000,23873,0,6443097360.000,0,-,-,-,-,4053.2000,4052.6000,4049.6000,4049.4000,4048.4000,4054.0000,4054.2000,4054.4000,4054.6000,4054.8000,3,1,1,2,1,2,3,1,2,2
SF,IF2006,2020-02-19 13:44:07.900,4054.0000,23873,0,6443097360.000,0,-,-,-,-,4053.2000,4052.6000,4049.6000,4049.4000,4048.4000,4053.8000,4054.0000,4054.2000,4054.4000,4054.6000,3,1,1,2,1,1,3,2,1,2
SF,IF2006,2020-02-19 13:44:08.900,4054.0000,23873,0,6443097360.000,0,-,-,-,-,4053.4000,4053.2000,4052.6000,4049.6000,4049.4000,4054.0000,4054.2000,4054.4000,4054.6000,4054.8000,1,2,1,1,2,3,2,1,2,2
SF,IF2006,2020-02-19 13:44:09.400,4054.0000,23873,0,6443097360.000,0,-,-,-,-,4053.4000,4053.2000,4052.6000,4049.6000,4049.4000,4054.0000,4054.2000,4054.6000,4054.8000,4055.0000,1,2,1,1,2,3,2,2,2,3
SF,IF2006,2020-02-19 13:44:09.900,4054.0000,23873,0,6443097360.000,0,-,-,-,-,4053.4000,4052.6000,4049.6000,4049.4000,4048.4000,4054.0000,4054.2000,4054.6000,4054.8000,4055.0000,1,1,1,2,1,3,2,2,2,3
SF,IF2006,2020-02-19 13:44:10.400,4054.0000,23873,0,6443097360.000,0,-,-,-,-,4053.4000,4049.6000,4049.4000,4048.4000,4048.0000,4054.0000,4054.2000,4054.6000,4054.8000,4055.0000,1,1,2,1,1,3,2,2,2,3
SF,IF2006,2020-02-19 13:44:10.900,4054.0000,23873,0,6443097360.000,0,-,-,-,-,4053.4000,4049.6000,4049.4000,4048.4000,4048.0000,4054.0000,4054.2000,4054.6000,4054.8000,4055.0000,1,1,2,1,1,3,2,2,2,3
SF,IF2006,2020-02-19 13:44:11.400,4054.0000,23873,0,6443097360.000,0,-,-,-,-,4053.4000,4049.6000,4049.4000,4048.4000,4048.0000,4054.0000,4054.2000,4054.6000,4054.8000,4055.0000,1,1,2,1,1,1,2,3,1,3
SF,IF2006,2020-02-19 13:44:12.900,4054.0000,23873,0,6443097360.000,0,-,-,-,-,4049.6000,4049.4000,4048.4000,4048.0000,4046.0000,4053.4000,4054.0000,4054.2000,4054.6000,4054.8000,1,2,1,1,3,1,1,2,1,1
SF,IF2006,2020-02-19 13:44:13.400,4054.0000,23873,0,6443097360.000,0,-,-,-,-,4052.8000,4052.4000,4052.2000,4051.8000,4051.2000,4053.4000,4054.0000,4054.2000,4054.6000,4055.0000,1,1,2,1,2,1,1,2,1,3
SF,IF2006,2020-02-19 13:44:13.900,4054.0000,23873,0,6443097360.000,0,-,-,-,-,4053.0000,4052.2000,4051.8000,4051.2000,4050.8000,4053.4000,4054.0000,4054.2000,4054.6000,4055.0000,3,2,1,2,2,1,1,2,1,3
SF,IF2006,2020-02-19 13:44:14.400,4053.4000,23874,1,6444313380.000,1,1,0,双开,B,4053.6000,4053.0000,4052.2000,4051.8000,4051.2000,4054.0000,4054.2000,4054.6000,4055.0000,4055.4000,4,4,2,2,2,1,1,1,3,1
SF,IF2006,2020-02-19 13:44:14.900,4053.4000,23874,0,6444313380.000,0,-,-,-,-,4053.8000,4053.6000,4053.0000,4052.2000,4051.8000,4054.2000,4054.6000,4055.0000,4055.4000,4056.0000,2,4,4,2,2,1,1,3,1,1
SF,IF2006,2020-02-19 13:44:15.400,4053.4000,23874,0,6444313380.000,0,-,-,-,-,4053.0000,4052.2000,4051.8000,4051.2000,4051.0000,4053.4000,4054.6000,4055.0000,4055.4000,4056.0000,4,2,2,2,2,1,1,3,1,1
SF,IF2006,2020-02-19 13:44:15.900,4053.4000,23874,0,6445529400.000,1,0,1,空换,B,4053.6000,4053.4000,4053.0000,4052.8000,4052.2000,4054.6000,4055.0000,4055.4000,4056.0000,4057.8000,2,2,4,1,2,1,3,1,1,1
SF,IF2006,2020-02-19 13:44:16.400,4053.4000,23874,0,6446745420.000,1,0,1,空换,B,4053.8000,4053.6000,4053.4000,4053.0000,4052.8000,4054.4000,4054.6000,4055.0000,4055.4000,4056.0000,1,2,2,2,1,2,1,3,1,1
SF,IF2006,2020-02-19 13:44:16.900,4053.4000,23874,0,6446745420.000,0,-,-,-,-,4053.6000,4053.4000,4053.0000,4052.8000,4052.2000,4054.4000,4054.6000,4055.0000,4055.4000,4056.0000,2,2,2,1,2,2,1,4,1,1
SF,IF2006,2020-02-19 13:44:17.400,4053.4000,23874,0,6446745420.000,0,-,-,-,-,4053.8000,4053.6000,4053.4000,4053.0000,4052.8000,4054.4000,4054.6000,4055.0000,4055.4000,4056.0000,4,2,2,1,1,2,1,4,1,1
SF,IF2006,2020-02-19 13:44:17.900,4053.4000,23874,0,6446745420.000,0,-,-,-,-,4053.6000,4053.4000,4053.0000,4052.8000,4052.2000,4054.4000,4054.6000,4055.0000,4055.4000,4056.0000,2,2,1,1,2,2,1,4,1,1
SF,IF2006,2020-02-19 13:44:18.400,4053.4000,23874,0,6446745420.000,0,-,-,-,-,4053.6000,4053.4000,4053.0000,4052.8000,4052.2000,4054.4000,4054.6000,4055.0000,4055.4000,4056.0000,2,2,1,1,2,2,1,5,1,1
SF,IF2006,2020-02-19 13:44:18.900,4053.4000,23874,0,6446745420.000,0,-,-,-,-,4053.6000,4053.4000,4053.0000,4052.8000,4052.2000,4054.2000,4054.4000,4054.6000,4055.0000,4055.4000,2,2,1,1,2,1,2,1,5,1
SF,IF2006,2020-02-19 13:44:20.400,4053.4000,23874,0,6446745420.000,0,-,-,-,-,4053.6000,4053.4000,4053.0000,4052.8000,4052.2000,4054.0000,4054.2000,4054.4000,4054.6000,4055.0000,2,2,1,1,2,1,1,1,1,5
SF,IF2006,2020-02-19 13:44:20.900,4053.4000,23874,0,6446745420.000,0,-,-,-,-,4053.6000,4053.4000,4053.0000,4052.8000,4052.2000,4054.0000,4054.2000,4054.4000,4054.6000,4055.0000,2,2,1,1,2,1,1,1,1,5
SF,IF2006,2020-02-19 13:44:21.400,4053.4000,23874,0,6446745420.000,0,-,-,-,-,4053.0000,4052.8000,4052.2000,4052.0000,4051.2000,4054.2000,4054.4000,4054.6000,4055.0000,4055.4000,1,1,2,10,1,1,1,1,5,1
SF,IF2006,2020-02-19 13:44:21.900,4053.4000,23874,0,6446745420.000,0,-,-,-,-,4053.6000,4053.2000,4053.0000,4052.2000,4052.0000,4054.4000,4054.6000,4055.0000,4055.4000,4056.0000,4,4,1,1,10,1,1,5,1,1
SF,IF2006,2020-02-19 13:44:22.400,4053.4000,23874,0,6446745420.000,0,-,-,-,-,4053.2000,4053.0000,4052.2000,4052.0000,4051.2000,4054.4000,4054.6000,4055.0000,4055.4000,4056.0000,4,1,1,10,1,1,1,5,1,1
SF,IF2006,2020-02-19 13:44:22.900,4054.2000,23873,-1,6447961680.000,1,0,1,双平,B,4053.2000,4053.0000,4052.2000,4052.0000,4051.2000,4054.2000,4054.4000,4054.6000,4055.0000,4055.4000,4,1,1,10,1,2,1,1,5,1
SF,IF2006,2020-02-19 13:44:23.400,4054.2000,23873,0,6447961680.000,0,-,-,-,-,4053.4000,4053.2000,4053.0000,4052.2000,4052.0000,4054.2000,4054.4000,4054.6000,4055.0000,4055.4000,3,3,1,1,10,1,1,1,5,1
SF,IF2006,2020-02-19 13:44:23.900,4054.2000,23873,0,6447961680.000,0,-,-,-,-,4053.4000,4053.2000,4053.0000,4052.2000,4052.0000,4054.2000,4054.4000,4054.6000,4055.0000,4055.4000,3,3,1,1,10,1,1,1,5,1
SF,IF2006,2020-02-19 13:44:24.400,4054.2000,23873,0,6447961680.000,0,-,-,-,-,4053.6000,4053.4000,4053.2000,4053.0000,4052.2000,4054.2000,4054.4000,4054.6000,4055.0000,4055.4000,3,3,1,1,2,1,1,1,5,1
SF,IF2006,2020-02-19 13:44:24.900,4054.2000,23873,0,6447961680.000,0,-,-,-,-,4054.0000,4053.6000,4053.4000,4053.2000,4053.0000,4054.4000,4054.6000,4055.0000,4055.4000,4056.0000,4,3,3,1,1,1,1,5,1,1
SF,IF2006,2020-02-19 13:44:25.400,4054.2000,23873,0,6447961680.000,0,-,-,-,-,4054.0000,4053.6000,4053.4000,4053.2000,4052.2000,4054.4000,4054.6000,4055.0000,4055.4000,4056.0000,4,3,3,1,2,1,1,5,1,1
SF,IF2006,2020-02-19 13:44:25.900,4053.6000,23872,-1,6449177760.000,1,0,1,双平,B,4053.4000,4053.2000,4052.2000,4052.0000,4051.2000,4054.4000,4054.6000,4055.0000,4055.4000,4056.0000,1,1,2,10,1,1,1,5,1,1
SF,IF2006,2020-02-19 13:44:26.400,4053.6000,23872,0,6449177760.000,0,-,-,-,-,4053.4000,4052.2000,4052.0000,4051.2000,4051.0000,4054.2000,4054.4000,4054.6000,4055.0000,4055.4000,1,2,10,1,2,3,1,1,5,1
SF,IF2006,2020-02-19 13:44:26.900,4053.6000,23872,0,6449177760.000,0,-,-,-,-,4053.4000,4052.2000,4052.0000,4051.2000,4051.0000,4053.6000,4054.2000,4054.4000,4054.6000,4055.0000,1,2,10,1,2,12,3,1,1,5
SF,IF2006,2020-02-19 13:44:27.400,4053.6000,23872,0,6449177760.000,0,-,-,-,-,4053.4000,4052.2000,4052.0000,4051.2000,4051.0000,4053.6000,4054.2000,4054.6000,4055.0000,4055.4000,1,2,10,1,2,12,3,1,5,1
SF,IF2006,2020-02-19 13:44:27.900,4053.4000,23872,0,6450393780.000,1,0,1,空换,B,4052.2000,4052.0000,4051.2000,4051.0000,4050.8000,4053.6000,4054.0000,4054.2000,4054.6000,4055.0000,2,10,1,2,2,12,1,3,1,5
SF,IF2006,2020-02-19 13:44:28.400,4053.4000,23872,0,6450393780.000,0,-,-,-,-,4053.4000,4053.2000,4052.6000,4052.4000,4052.2000,4053.6000,4054.0000,4054.2000,4054.6000,4055.0000,4,2,2,2,2,12,1,3,1,5
SF,IF2006,2020-02-19 13:44:28.900,4053.2000,23877,5,6457689780.000,6,5,1,多开,B,4052.6000,4052.4000,4052.2000,4052.0000,4051.2000,4053.2000,4053.6000,4054.0000,4054.2000,4054.6000,1,2,2,10,1,1,12,1,2,1
SF,IF2006,2020-02-19 13:44:29.400,4052.2000,23878,1,6461336880.000,3,2,1,多开,B,4052.0000,4051.2000,4051.0000,4050.8000,4050.0000,4053.4000,4053.6000,4054.2000,4054.6000,4055.0000,10,1,2,2,5,1,12,2,1,5
SF,IF2006,2020-02-19 13:44:29.900,4052.2000,23878,0,6461336880.000,0,-,-,-,-,4052.0000,4051.2000,4051.0000,4050.8000,4050.0000,4053.2000,4053.4000,4053.6000,4054.6000,4055.0000,10,1,2,2,5,1,3,12,1,5
SF,IF2006,2020-02-19 13:44:30.400,4052.2000,23878,0,6461336880.000,0,-,-,-,-,4052.0000,4051.2000,4051.0000,4050.8000,4050.0000,4052.8000,4053.0000,4053.2000,4053.6000,4054.6000,10,1,2,1,4,1,3,3,12,1
SF,IF2006,2020-02-19 13:44:30.900,4052.8000,23878,0,6462552720.000,1,0,1,空换,B,4052.0000,4051.2000,4051.0000,4050.8000,4050.0000,4053.0000,4053.2000,4053.6000,4054.6000,4055.0000,10,1,2,1,4,3,2,12,1,5
SF,IF2006,2020-02-19 13:44:31.400,4052.8000,23878,0,6462552720.000,0,-,-,-,-,4052.2000,4052.0000,4051.2000,4051.0000,4050.8000,4052.8000,4053.0000,4053.2000,4053.6000,4054.6000,2,10,1,2,1,2,1,2,12,1
SF,IF2006,2020-02-19 13:44:32.400,4052.8000,23878,0,6462552720.000,0,-,-,-,-,4052.2000,4052.0000,4051.2000,4051.0000,4050.8000,4052.8000,4053.0000,4053.2000,4053.6000,4054.6000,2,10,1,2,1,2,2,2,12,1
SF,IF2006,2020-02-19 13:44:32.900,4052.8000,23878,0,6462552720.000,0,-,-,-,-,4052.0000,4051.2000,4051.0000,4050.8000,4050.0000,4052.8000,4053.0000,4053.2000,4053.6000,4054.6000,10,1,2,1,1,2,1,2,12,1
SF,IF2006,2020-02-19 13:44:33.900,4052.8000,23878,0,6462552720.000,0,-,-,-,-,4052.0000,4051.2000,4051.0000,4050.8000,4050.0000,4052.8000,4053.0000,4053.2000,4053.6000,4054.6000,11,1,2,1,1,2,1,2,12,1
SF,IF2006,2020-02-19 13:44:34.400,4052.8000,23878,0,6462552720.000,0,-,-,-,-,4052.0000,4051.2000,4050.8000,4050.0000,4049.8000,4052.8000,4053.0000,4053.2000,4053.6000,4054.6000,10,1,1,2,2,2,1,2,12,1
SF,IF2006,2020-02-19 13:44:34.900,4052.8000,23878,0,6462552720.000,0,-,-,-,-,4052.0000,4051.2000,4050.0000,4049.8000,4049.6000,4052.6000,4052.8000,4053.0000,4053.2000,4053.6000,10,1,2,2,1,2,2,1,2,12
SF,IF2006,2020-02-19 13:44:35.400,4052.8000,23878,0,6462552720.000,0,-,-,-,-,4052.0000,4050.0000,4049.8000,4049.6000,4049.4000,4052.4000,4052.6000,4052.8000,4053.0000,4053.2000,10,1,2,1,2,1,3,2,1,2
SF,IF2006,2020-02-19 13:44:35.900,4052.8000,23878,0,6462552720.000,0,-,-,-,-,4052.0000,4050.0000,4049.8000,4049.6000,4049.4000,4052.6000,4052.8000,4053.0000,4053.2000,4053.6000,10,1,2,1,2,3,2,1,2,12
SF,IF2006,2020-02-19 13:44:36.400,4052.0000,23878,0,6463768320.000,1,0,1,空换,B,4052.0000,4050.0000,4049.8000,4049.6000,4049.4000,4052.4000,4052.6000,4052.8000,4053.0000,4053.2000,9,1,2,1,2,1,2,2,1,2
SF,IF2006,2020-02-19 13:44:36.900,4052.4000,23879,1,6467415540.000,3,2,1,多开,B,4052.0000,4050.0000,4049.8000,4049.6000,4049.4000,4052.8000,4053.0000,4053.2000,4053.6000,4054.6000,9,1,2,1,2,2,1,2,12,1
SF,IF2006,2020-02-19 13:44:37.400,4052.2000,23880,1,6468631200.000,1,1,0,双开,B,4052.2000,4052.0000,4050.0000,4049.8000,4049.6000,4053.0000,4053.6000,4054.6000,4055.0000,4055.4000,2,9,1,2,1,1,12,1,4,1
SF,IF2006,2020-02-19 13:44:37.900,4052.2000,23880,0,6468631200.000,0,-,-,-,-,4052.2000,4051.6000,4050.0000,4049.8000,4049.6000,4053.0000,4053.6000,4054.6000,4055.0000,4055.4000,2,9,1,2,1,1,12,1,4,1
SF,IF2006,2020-02-19 13:44:38.900,4052.2000,23880,0,6468631200.000,0,-,-,-,-,4052.2000,4051.6000,4050.0000,4049.8000,4049.6000,4053.0000,4053.6000,4054.6000,4055.0000,4055.4000,3,9,1,2,1,1,12,1,4,1
SF,IF2006,2020-02-19 13:44:40.400,4052.2000,23880,0,6468631200.000,0,-,-,-,-,4052.2000,4051.6000,4050.0000,4049.8000,4049.6000,4053.0000,4053.6000,4055.0000,4055.4000,4056.0000,2,9,1,2,1,1,12,4,1,2
SF,IF2006,2020-02-19 13:44:41.400,4052.2000,23880,0,6468631200.000,0,-,-,-,-,4052.2000,4051.6000,4050.0000,4049.8000,4049.6000,4053.0000,4053.6000,4055.0000,4055.4000,4056.0000,3,9,1,2,1,1,12,4,1,2
SF,IF2006,2020-02-19 13:44:42.400,4052.2000,23880,0,6468631200.000,0,-,-,-,-,4052.2000,4051.6000,4050.0000,4049.8000,4049.6000,4052.8000,4053.0000,4053.6000,4055.0000,4055.4000,2,9,1,2,1,1,1,12,4,1
SF,IF2006,2020-02-19 13:44:42.900,4052.8000,23881,1,6469847040.000,1,1,0,双开,B,4051.6000,4050.0000,4049.8000,4049.6000,4049.4000,4053.0000,4053.6000,4055.0000,4055.4000,4056.0000,9,1,2,1,2,1,12,4,1,2
SF,IF2006,2020-02-19 13:44:43.400,4051.8000,23881,0,6471062580.000,1,0,1,空换,B,4051.8000,4051.6000,4050.0000,4049.8000,4049.6000,4053.0000,4053.6000,4055.0000,4055.4000,4056.0000,1,9,1,2,1,1,12,4,1,2
SF,IF2006,2020-02-19 13:44:43.900,4051.8000,23881,0,6471062580.000,0,-,-,-,-,4052.0000,4051.8000,4051.6000,4050.0000,4049.8000,4053.0000,4053.6000,4055.0000,4055.4000,4056.0000,2,1,9,1,2,1,12,4,1,2
SF,IF2006,2020-02-19 13:44:44.900,4051.8000,23881,0,6471062580.000,0,-,-,-,-,4052.2000,4052.0000,4051.8000,4051.6000,4050.0000,4053.0000,4053.6000,4055.0000,4055.4000,4056.0000,1,1,1,9,1,1,12,4,1,2
SF,IF2006,2020-02-19 13:44:45.400,4051.8000,23881,0,6471062580.000,0,-,-,-,-,4052.2000,4052.0000,4051.8000,4051.6000,4050.0000,4052.8000,4053.0000,4053.6000,4055.0000,4055.4000,1,1,1,9,1,1,1,12,4,1
SF,IF2006,2020-02-19 13:44:45.900,4051.8000,23881,0,6471062580.000,0,-,-,-,-,4052.2000,4052.0000,4051.8000,4051.6000,4050.0000,4052.4000,4052.6000,4052.8000,4053.0000,4053.6000,1,1,1,9,1,1,1,1,1,12
SF,IF2006,2020-02-19 13:44:46.400,4052.0000,23883,2,6473493840.000,2,2,0,双开,B,4051.6000,4050.0000,4049.8000,4049.6000,4049.4000,4052.8000,4053.0000,4053.6000,4055.0000,4055.4000,9,1,2,1,2,1,1,12,4,1
SF,IF2006,2020-02-19 13:44:46.900,4052.0000,23883,0,6473493840.000,0,-,-,-,-,4051.6000,4050.0000,4049.8000,4049.6000,4049.4000,4052.6000,4052.8000,4053.0000,4053.6000,4055.0000,9,1,2,1,2,2,1,1,12,4
SF,IF2006,2020-02-19 13:44:47.400,4052.0000,23883,0,6473493840.000,0,-,-,-,-,4051.6000,4050.0000,4049.8000,4049.6000,4049.4000,4052.6000,4052.8000,4053.0000,4053.6000,4055.0000,10,1,2,1,2,2,1,2,12,4
SF,IF2006,2020-02-19 13:44:48.900,4052.0000,23883,0,6473493840.000,0,-,-,-,-,4051.6000,4050.0000,4049.8000,4049.6000,4048.4000,4052.0000,4052.4000,4052.6000,4052.8000,4053.0000,10,1,2,1,1,1,1,2,1,2
SF,IF2006,2020-02-19 13:44:49.400,4052.6000,23883,0,6478356720.000,4,2,2,空换,B,4051.6000,4050.0000,4049.8000,4049.6000,4048.4000,4052.8000,4053.0000,4053.6000,4055.0000,4055.4000,10,1,2,1,1,2,2,12,4,1
SF,IF2006,2020-02-19 13:44:49.900,4051.8000,23883,0,6479572260.000,1,0,1,空换,B,4051.8000,4051.6000,4050.0000,4049.8000,4049.6000,4052.8000,4053.0000,4053.6000,4055.0000,4055.4000,1,9,1,2,1,2,2,12,4,1
SF,IF2006,2020-02-19 13:44:50.400,4051.8000,23883,0,6479572260.000,0,-,-,-,-,4052.0000,4051.8000,4051.6000,4050.0000,4049.8000,4052.8000,4053.0000,4053.6000,4055.0000,4055.4000,5,1,9,1,2,2,2,12,4,1
SF,IF2006,2020-02-19 13:44:52.400,4051.8000,23883,0,6479572260.000,0,-,-,-,-,4052.0000,4051.6000,4050.0000,4049.8000,4049.6000,4052.8000,4053.0000,4053.6000,4055.0000,4055.4000,5,9,1,2,1,2,2,12,4,1
SF,IF2006,2020-02-19 13:44:52.900,4051.8000,23883,0,6479572260.000,0,-,-,-,-,4051.6000,4050.0000,4049.8000,4049.6000,4048.4000,4052.8000,4053.0000,4053.6000,4055.0000,4055.4000,9,1,2,1,1,2,2,12,4,1
SF,IF2006,2020-02-19 13:44:53.400,4051.8000,23883,0,6479572260.000,0,-,-,-,-,4051.8000,4051.6000,4050.0000,4049.8000,4049.6000,4052.8000,4053.0000,4053.6000,4055.0000,4055.4000,5,9,1,2,1,2,2,12,4,1
SF,IF2006,2020-02-19 13:44:53.900,4051.8000,23883,0,6479572260.000,0,-,-,-,-,4051.6000,4050.0000,4049.8000,4049.6000,4048.4000,4052.8000,4053.0000,4053.6000,4055.0000,4055.4000,9,1,2,1,1,2,2,12,4,1
SF,IF2006,2020-02-19 13:44:54.400,4051.8000,23883,0,6479572260.000,0,-,-,-,-,4051.8000,4051.6000,4050.0000,4049.8000,4049.6000,4052.8000,4053.0000,4053.6000,4055.0000,4055.4000,5,9,1,2,1,2,2,12,4,1
SF,IF2006,2020-02-19 13:44:54.900,4051.8000,23883,0,6479572260.000,0,-,-,-,-,4051.6000,4050.0000,4049.8000,4049.6000,4048.4000,4052.0000,4052.8000,4053.0000,4053.6000,4055.0000,9,1,2,1,1,1,2,2,12,4
SF,IF2006,2020-02-19 13:44:56.400,4052.0000,23884,1,6480787860.000,1,1,0,双开,B,4052.0000,4051.6000,4050.0000,4049.8000,4049.6000,4052.8000,4053.0000,4053.6000,4055.0000,4055.4000,5,9,1,2,1,2,2,12,4,1
SF,IF2006,2020-02-19 13:44:56.900,4052.0000,23884,0,6480787860.000,0,-,-,-,-,4051.6000,4050.0000,4049.8000,4049.6000,4048.4000,4052.8000,4053.0000,4053.6000,4055.0000,4055.4000,9,1,2,1,1,2,2,12,4,1
SF,IF2006,2020-02-19 13:44:57.400,4052.0000,23884,0,6480787860.000,0,-,-,-,-,4051.8000,4051.2000,4050.0000,4049.8000,4049.6000,4052.8000,4053.0000,4053.6000,4055.0000,4055.4000,5,9,1,2,1,2,2,12,4,1
SF,IF2006,2020-02-19 13:44:57.900,4052.0000,23884,0,6480787860.000,0,-,-,-,-,4051.2000,4050.0000,4049.8000,4049.6000,4048.4000,4052.8000,4053.0000,4053.6000,4055.0000,4055.4000,9,1,2,1,1,2,2,12,4,1
SF,IF2006,2020-02-19 13:44:58.400,4052.0000,23884,0,6480787860.000,0,-,-,-,-,4051.4000,4051.2000,4050.0000,4049.8000,4049.6000,4052.8000,4053.0000,4053.6000,4055.0000,4055.4000,5,9,1,2,2,2,2,12,4,1
SF,IF2006,2020-02-19 13:44:58.900,4052.0000,23884,0,6480787860.000,0,-,-,-,-,4051.8000,4051.4000,4051.2000,4050.0000,4049.8000,4052.8000,4053.0000,4053.6000,4055.0000,4055.4000,5,5,9,1,2,2,2,12,4,1
SF,IF2006,2020-02-19 13:44:59.400,4052.0000,23884,0,6480787860.000,0,-,-,-,-,4051.4000,4051.2000,4050.0000,4049.8000,4049.6000,4052.6000,4052.8000,4053.0000,4053.6000,4055.0000,5,9,1,2,2,1,2,2,12,4
SF,IF2006,2020-02-19 13:44:59.900,4052.0000,23884,0,6480787860.000,0,-,-,-,-,4051.6000,4051.4000,4051.2000,4050.0000,4049.8000,4052.6000,4052.8000,4053.0000,4053.6000,4055.0000,5,5,9,1,2,2,1,2,12,4
SF,IF2006,2020-02-19 13:45:00.400,4052.0000,23884,0,6480787860.000,0,-,-,-,-,4051.4000,4051.2000,4050.0000,4049.8000,4049.6000,4052.4000,4052.6000,4052.8000,4053.0000,4053.6000,5,9,1,2,2,1,2,1,2,12
SF,IF2006,2020-02-19 13:45:01.400,4052.0000,23884,0,6480787860.000,0,-,-,-,-,4051.2000,4050.0000,4049.8000,4049.6000,4048.4000,4052.2000,4052.4000,4052.6000,4052.8000,4053.0000,9,1,2,2,1,1,1,1,1,2
SF,IF2006,2020-02-19 13:45:01.900,4052.0000,23884,0,6480787860.000,0,-,-,-,-,4052.0000,4051.2000,4050.0000,4049.8000,4049.6000,4052.2000,4052.6000,4052.8000,4053.0000,4053.6000,2,9,1,2,2,1,1,1,2,12
SF,IF2006,2020-02-19 13:45:02.400,4051.2000,23876,-8,6494157300.000,11,1,10,空平,B,4050.0000,4049.8000,4049.6000,4048.4000,4048.0000,4051.6000,4051.8000,4052.0000,4052.6000,4052.8000,1,1,2,1,3,1,1,4,1,1
SF,IF2006,2020-02-19 13:45:02.900,4050.2000,23876,0,6497802480.000,3,1,2,空换,B,4051.0000,4050.0000,4049.6000,4048.4000,4048.0000,4051.4000,4051.6000,4052.0000,4052.6000,4052.8000,5,1,2,1,3,3,1,4,1,1
SF,IF2006,2020-02-19 13:45:03.400,4051.0000,23880,4,6503878980.000,5,4,1,多开,B,4050.0000,4049.6000,4048.4000,4048.0000,4046.0000,4051.0000,4051.2000,4051.4000,4052.0000,4052.6000,1,2,1,3,2,1,1,1,3,1
SF,IF2006,2020-02-19 13:45:03.900,4050.4000,23881,1,6505094100.000,1,1,0,双开,B,4050.4000,4050.0000,4049.6000,4048.4000,4048.0000,4050.8000,4051.0000,4051.4000,4052.0000,4052.8000,1,1,2,1,3,2,1,1,3,1
SF,IF2006,2020-02-19 13:45:04.400,4049.6000,23879,-2,6509953980.000,4,1,3,空平,B,4048.4000,4048.0000,4046.2000,4046.0000,4045.8000,4050.4000,4050.8000,4052.0000,4052.8000,4053.0000,1,3,3,2,2,3,2,3,1,2
SF,IF2006,2020-02-19 13:45:04.900,4049.6000,23879,0,6509953980.000,0,-,-,-,-,4048.4000,4048.0000,4046.2000,4046.0000,4045.8000,4049.8000,4050.2000,4050.4000,4052.0000,4052.8000,1,3,3,2,2,1,3,3,3,1
SF,IF2006,2020-02-19 13:45:05.400,4049.6000,23879,0,6509953980.000,0,-,-,-,-,4048.4000,4048.0000,4046.2000,4046.0000,4045.8000,4049.6000,4049.8000,4050.4000,4052.0000,4052.8000,1,3,3,2,2,2,1,1,3,1
SF,IF2006,2020-02-19 13:45:05.900,4049.6000,23879,0,6509953980.000,0,-,-,-,-,4048.4000,4048.0000,4046.2000,4046.0000,4045.8000,4049.6000,4049.8000,4050.4000,4052.0000,4052.8000,1,3,3,2,2,2,1,1,4,1
SF,IF2006,2020-02-19 13:45:06.400,4049.6000,23879,0,6509953980.000,0,-,-,-,-,4048.4000,4048.0000,4046.2000,4046.0000,4045.8000,4049.2000,4049.4000,4049.6000,4049.8000,4050.4000,1,3,3,2,2,1,1,1,1,1
SF,IF2006,2020-02-19 13:45:06.900,4049.6000,23879,0,6509953980.000,0,-,-,-,-,4048.4000,4048.0000,4046.2000,4046.0000,4045.8000,4049.0000,4049.2000,4049.8000,4050.4000,4052.0000,1,3,3,2,2,1,1,1,1,4
SF,IF2006,2020-02-19 13:45:07.400,4048.4000,23879,0,6511168500.000,1,0,1,空换,B,4048.0000,4046.2000,4046.0000,4045.8000,4045.6000,4048.8000,4049.0000,4049.8000,4050.4000,4052.0000,3,3,2,2,1,1,1,1,1,2
SF,IF2006,2020-02-19 13:45:07.900,4048.8000,23878,-1,6512383140.000,1,0,1,双平,B,4048.0000,4046.0000,4045.8000,4045.6000,4045.0000,4048.6000,4049.8000,4050.4000,4052.0000,4052.8000,3,2,2,1,6,2,1,1,2,1
SF,IF2006,2020-02-19 13:45:08.400,4048.8000,23878,0,6512383140.000,0,-,-,-,-,4048.0000,4046.0000,4045.8000,4045.6000,4045.0000,4048.6000,4050.4000,4052.0000,4052.8000,4053.0000,3,2,2,1,6,2,1,2,1,2
SF,IF2006,2020-02-19 13:45:08.900,4048.0000,23878,0,6513597540.000,1,0,1,空换,B,4048.0000,4046.0000,4045.8000,4045.6000,4045.0000,4048.6000,4050.4000,4052.0000,4052.8000,4053.0000,2,2,2,1,6,2,1,2,1,2
SF,IF2006,2020-02-19 13:45:09.400,4048.0000,23879,1,6514811940.000,1,1,0,双开,B,4048.0000,4046.0000,4045.8000,4045.6000,4045.0000,4048.6000,4050.4000,4052.0000,4052.8000,4053.0000,1,2,2,1,6,2,1,2,1,2
SF,IF2006,2020-02-19 13:45:09.900,4048.0000,23880,1,6516026340.000,1,1,0,双开,B,4046.0000,4045.8000,4045.6000,4045.0000,4044.8000,4047.8000,4048.6000,4050.4000,4052.0000,4052.8000,2,2,1,6,1,1,2,1,2,1
SF,IF2006,2020-02-19 13:45:10.400,4048.0000,23880,0,6516026340.000,0,-,-,-,-,4047.0000,4046.8000,4046.6000,4046.2000,4046.0000,4047.6000,4050.4000,4052.0000,4052.8000,4053.0000,1,1,1,2,2,1,1,2,1,2
SF,IF2006,2020-02-19 13:45:10.900,4048.0000,23880,0,6516026340.000,0,-,-,-,-,4047.0000,4046.8000,4046.2000,4046.0000,4045.8000,4047.6000,4050.4000,4052.0000,4052.8000,4053.0000,1,1,2,2,2,1,1,2,1,2
SF,IF2006,2020-02-19 13:45:11.400,4048.0000,23880,0,6516026340.000,0,-,-,-,-,4046.8000,4046.2000,4046.0000,4045.8000,4045.6000,4047.6000,4050.4000,4052.0000,4052.8000,4053.0000,1,2,2,2,1,1,1,2,1,2
SF,IF2006,2020-02-19 13:45:11.900,4048.0000,23880,0,6516026340.000,0,-,-,-,-,4046.8000,4046.2000,4046.0000,4045.8000,4045.6000,4047.6000,4050.4000,4052.0000,4052.8000,4053.0000,2,2,2,2,1,1,1,2,1,2
SF,IF2006,2020-02-19 13:45:12.400,4048.0000,23880,0,6516026340.000,0,-,-,-,-,4046.8000,4046.2000,4046.0000,4045.8000,4045.6000,4047.6000,4048.0000,4050.4000,4052.0000,4052.8000,2,2,2,2,1,1,1,1,2,1
SF,IF2006,2020-02-19 13:45:12.900,4046.8000,23879,-1,6518454420.000,2,0,2,空平,B,4046.2000,4046.0000,4045.8000,4045.6000,4045.0000,4047.6000,4048.0000,4052.0000,4052.8000,4053.0000,2,2,2,1,6,1,1,2,1,2
SF,IF2006,2020-02-19 13:45:13.400,4046.8000,23879,0,6518454420.000,0,-,-,-,-,4046.4000,4046.0000,4045.8000,4045.6000,4045.0000,4047.6000,4048.0000,4052.0000,4052.8000,4053.0000,1,2,2,1,6,1,1,2,1,2
SF,IF2006,2020-02-19 13:45:13.900,4046.8000,23879,0,6518454420.000,0,-,-,-,-,4046.0000,4045.8000,4045.6000,4045.0000,4044.8000,4047.4000,4047.6000,4048.0000,4052.0000,4052.8000,2,2,1,6,1,1,1,1,2,1
SF,IF2006,2020-02-19 13:45:14.400,4046.8000,23879,0,6518454420.000,0,-,-,-,-,4046.0000,4045.8000,4045.6000,4045.0000,4044.8000,4047.2000,4047.4000,4048.0000,4052.0000,4052.8000,2,2,1,6,1,1,1,1,2,1
SF,IF2006,2020-02-19 13:45:14.900,4046.8000,23879,0,6518454420.000,0,-,-,-,-,4046.0000,4045.8000,4045.6000,4045.0000,4044.8000,4047.2000,4047.4000,4048.0000,4052.0000,4052.8000,2,2,1,6,1,1,1,1,2,1
SF,IF2006,2020-02-19 13:45:15.400,4046.8000,23879,0,6518454420.000,0,-,-,-,-,4046.0000,4045.8000,4045.6000,4045.0000,4044.8000,4047.2000,4048.0000,4052.0000,4052.8000,4053.0000,2,2,1,6,1,1,1,2,1,2
SF,IF2006,2020-02-19 13:45:15.900,4046.2000,23879,0,6520882440.000,2,1,1,空换,B,4046.0000,4045.8000,4045.6000,4045.0000,4044.8000,4048.0000,4052.0000,4052.8000,4053.0000,4055.0000,2,2,1,6,1,1,2,1,2,3
SF,IF2006,2020-02-19 13:45:16.400,4046.2000,23879,0,6520882440.000,0,-,-,-,-,4046.2000,4046.0000,4045.8000,4045.6000,4045.0000,4047.8000,4048.0000,4052.0000,4052.8000,4053.0000,3,2,2,1,6,1,1,2,1,2
SF,IF2006,2020-02-19 13:45:16.900,4046.2000,23879,0,6522096300.000,1,0,1,空换,B,4046.2000,4046.0000,4045.8000,4045.6000,4045.0000,4047.8000,4048.0000,4052.0000,4052.8000,4053.0000,2,3,2,1,6,1,1,2,1,2
SF,IF2006,2020-02-19 13:45:17.400,4046.2000,23879,0,6522096300.000,0,-,-,-,-,4046.2000,4046.0000,4045.8000,4045.6000,4045.0000,4047.8000,4048.0000,4052.0000,4052.8000,4053.0000,2,3,2,1,6,1,1,2,1,2
SF,IF2006,2020-02-19 13:45:17.900,4046.2000,23879,0,6522096300.000,0,-,-,-,-,4046.4000,4046.2000,4046.0000,4045.8000,4045.6000,4047.6000,4048.0000,4052.0000,4052.8000,4053.0000,1,2,3,2,1,1,1,2,1,2
SF,IF2006,2020-02-19 13:45:18.400,4046.2000,23879,0,6522096300.000,0,-,-,-,-,4046.6000,4046.4000,4046.2000,4046.0000,4045.8000,4047.6000,4048.0000,4052.0000,4052.8000,4053.0000,1,1,2,3,2,1,1,2,1,2
SF,IF2006,2020-02-19 13:45:18.900,4046.2000,23879,0,6522096300.000,0,-,-,-,-,4046.6000,4046.4000,4046.2000,4046.0000,4045.8000,4047.6000,4048.0000,4052.0000,4052.8000,4053.0000,1,1,1,3,2,1,1,2,1,2
SF,IF2006,2020-02-19 13:45:19.400,4046.2000,23879,0,6522096300.000,0,-,-,-,-,4046.6000,4046.4000,4046.2000,4046.0000,4045.8000,4047.6000,4048.0000,4052.0000,4052.8000,4053.0000,1,1,1,3,2,1,1,2,1,2
SF,IF2006,2020-02-19 13:45:20.400,4046.2000,23879,0,6522096300.000,0,-,-,-,-,4046.8000,4046.6000,4046.2000,4046.0000,4045.8000,4047.6000,4052.0000,4052.8000,4053.0000,4055.0000,1,1,1,3,2,1,2,1,2,3
SF,IF2006,2020-02-19 13:45:20.900,4046.8000,23880,1,6523310340.000,1,1,0,双开,B,4046.6000,4046.2000,4046.0000,4045.8000,4045.6000,4047.4000,4047.6000,4051.8000,4052.0000,4052.8000,1,1,3,2,1,1,1,1,2,1
SF,IF2006,2020-02-19 13:45:21.400,4046.8000,23880,0,6523310340.000,0,-,-,-,-,4046.2000,4046.0000,4045.8000,4045.6000,4045.0000,4047.4000,4047.6000,4051.8000,4052.0000,4052.8000,1,2,2,1,6,1,1,1,2,1
SF,IF2006,2020-02-19 13:45:21.900,4046.8000,23880,0,6523310340.000,0,-,-,-,-,4046.0000,4045.8000,4045.6000,4045.0000,4044.8000,4047.2000,4047.4000,4052.0000,4052.8000,4053.0000,2,2,1,6,1,1,1,2,1,2
SF,IF2006,2020-02-19 13:45:22.400,4046.8000,23880,0,6523310340.000,0,-,-,-,-,4046.2000,4046.0000,4045.8000,4045.6000,4045.0000,4047.2000,4047.4000,4052.0000,4052.8000,4053.0000,1,2,2,1,6,1,1,2,1,2
SF,IF2006,2020-02-19 13:45:22.900,4046.8000,23880,0,6523310340.000,0,-,-,-,-,4046.2000,4046.0000,4045.8000,4045.6000,4045.0000,4047.2000,4047.4000,4052.0000,4052.8000,4053.0000,2,2,2,1,6,1,1,2,1,2
SF,IF2006,2020-02-19 13:45:23.400,4046.8000,23880,0,6523310340.000,0,-,-,-,-,4046.6000,4046.0000,4045.8000,4045.6000,4045.0000,4047.2000,4052.0000,4052.8000,4053.0000,4055.0000,1,2,2,1,6,1,2,1,2,3
SF,IF2006,2020-02-19 13:45:23.900,4046.6000,23880,0,6524524320.000,1,0,1,空换,B,4046.0000,4045.8000,4045.6000,4045.0000,4044.8000,4047.0000,4047.2000,4052.0000,4052.8000,4053.0000,2,2,1,6,1,2,1,2,1,2
SF,IF2006,2020-02-19 13:45:24.400,4046.6000,23880,0,6524524320.000,0,-,-,-,-,4046.0000,4045.8000,4045.6000,4045.0000,4044.8000,4046.8000,4047.0000,4052.0000,4052.8000,4053.0000,2,2,1,6,1,1,2,2,1,2
SF,IF2006,2020-02-19 13:45:25.900,4046.6000,23880,0,6524524320.000,0,-,-,-,-,4046.0000,4045.8000,4045.6000,4045.0000,4044.8000,4046.8000,4047.0000,4052.0000,4052.8000,4053.0000,2,2,1,6,1,1,2,2,1,2
SF,IF2006,2020-02-19 13:45:26.400,4046.6000,23880,0,6524524320.000,0,-,-,-,-,4046.0000,4045.8000,4045.6000,4045.0000,4044.8000,4046.8000,4047.0000,4052.0000,4052.8000,4053.0000,2,2,1,6,1,1,1,2,1,2
SF,IF2006,2020-02-19 13:45:26.900,4046.8000,23879,-1,6525738360.000,1,0,1,双平,B,4046.8000,4046.2000,4046.0000,4045.8000,4045.6000,4047.0000,4052.0000,4052.8000,4053.0000,4053.6000,2,1,2,2,1,1,2,1,2,1
SF,IF2006,2020-02-19 13:45:27.400,4047.0000,23879,0,6526952460.000,1,0,1,空换,B,4046.8000,4046.2000,4046.0000,4045.8000,4045.6000,4051.8000,4052.0000,4052.6000,4052.8000,4053.0000,2,1,2,2,1,1,2,1,1,2
SF,IF2006,2020-02-19 13:45:27.900,4046.8000,23879,0,6529380540.000,2,1,1,空换,B,4047.0000,4046.2000,4046.0000,4045.8000,4045.6000,4047.8000,4048.4000,4048.8000,4049.6000,4050.0000,2,1,2,2,1,2,1,1,1,6
SF,IF2006,2020-02-19 13:45:28.400,4046.8000,23879,0,6529380540.000,0,-,-,-,-,4046.2000,4046.0000,4045.8000,4045.6000,4045.0000,4047.8000,4049.6000,4050.0000,4050.8000,4051.2000,1,3,2,1,6,2,1,5,2,4
SF,IF2006,2020-02-19 13:45:28.900,4046.8000,23879,0,6529380540.000,0,-,-,-,-,4046.4000,4046.2000,4046.0000,4045.8000,4045.6000,4047.6000,4047.8000,4049.6000,4050.0000,4050.8000,5,1,3,2,1,1,2,1,5,2
SF,IF2006,2020-02-19 13:45:29.400,4046.8000,23879,0,6529380540.000,0,-,-,-,-,4046.4000,4046.2000,4046.0000,4045.8000,4045.6000,4047.6000,4047.8000,4049.6000,4050.0000,4050.8000,5,1,3,2,1,1,2,1,5,2
SF,IF2006,2020-02-19 13:45:29.900,4046.8000,23879,0,6529380540.000,0,-,-,-,-,4046.4000,4046.2000,4046.0000,4045.8000,4045.6000,4047.6000,4049.6000,4050.0000,4050.8000,4051.2000,5,1,3,2,1,1,1,5,2,4
SF,IF2006,2020-02-19 13:45:30.400,4047.6000,23879,0,6530594820.000,1,0,1,空换,B,4046.6000,4046.4000,4046.0000,4045.8000,4045.6000,4046.8000,4049.6000,4050.0000,4050.8000,4051.2000,1,4,3,2,1,1,1,4,2,4
SF,IF2006,2020-02-19 13:45:30.900,4046.8000,23880,1,6531808860.000,1,1,0,双开,B,4047.0000,4046.6000,4046.0000,4045.8000,4045.6000,4049.6000,4050.0000,4050.8000,4051.2000,4051.4000,1,1,3,2,1,1,4,2,4,1
SF,IF2006,2020-02-19 13:45:31.400,4046.8000,23880,0,6531808860.000,0,-,-,-,-,4046.6000,4046.0000,4045.8000,4045.6000,4045.0000,4048.2000,4048.4000,4048.8000,4049.0000,4049.4000,1,3,2,1,6,1,2,1,3,3
SF,IF2006,2020-02-19 13:45:31.900,4046.8000,23880,0,6531808860.000,0,-,-,-,-,4046.8000,4046.6000,4046.0000,4045.8000,4045.6000,4048.2000,4048.8000,4049.0000,4049.4000,4049.6000,3,1,3,2,1,1,1,3,3,2
SF,IF2006,2020-02-19 13:45:32.400,4046.8000,23880,0,6531808860.000,0,-,-,-,-,4047.6000,4046.6000,4046.0000,4045.8000,4045.6000,4048.2000,4048.8000,4049.0000,4049.4000,4049.6000,1,1,3,2,1,1,1,3,3,2
SF,IF2006,2020-02-19 13:45:32.900,4047.6000,23881,1,6533023140.000,1,1,0,双开,B,4046.0000,4045.8000,4045.6000,4045.0000,4044.8000,4047.4000,4048.2000,4048.8000,4049.0000,4049.4000,3,2,1,6,1,1,1,1,3,3
SF,IF2006,2020-02-19 13:45:33.400,4047.6000,23881,0,6533023140.000,0,-,-,-,-,4046.6000,4046.4000,4046.2000,4046.0000,4045.8000,4048.8000,4049.0000,4049.4000,4049.6000,4050.0000,3,1,1,2,2,1,3,3,2,4
SF,IF2006,2020-02-19 13:45:33.900,4047.6000,23881,0,6533023140.000,0,-,-,-,-,4046.6000,4046.4000,4046.2000,4046.0000,4045.8000,4048.2000,4048.6000,4048.8000,4049.0000,4049.4000,3,2,1,2,2,1,5,1,3,1
SF,IF2006,2020-02-19 13:45:34.400,4047.6000,23881,0,6533023140.000,0,-,-,-,-,4046.6000,4046.4000,4046.0000,4045.8000,4045.6000,4048.2000,4048.6000,4048.8000,4049.0000,4049.4000,3,2,2,2,1,1,3,1,3,1
SF,IF2006,2020-02-19 13:45:34.900,4047.6000,23881,0,6533023140.000,0,-,-,-,-,4046.8000,4046.6000,4046.4000,4046.0000,4045.8000,4047.0000,4048.2000,4048.6000,4049.0000,4049.4000,1,3,1,2,2,1,3,3,3,1
SF,IF2006,2020-02-19 13:45:35.400,4047.6000,23881,0,6533023140.000,0,-,-,-,-,4046.8000,4046.6000,4046.0000,4045.8000,4045.6000,4047.0000,4048.2000,4048.6000,4049.0000,4049.4000,1,3,2,2,1,1,2,3,3,1
SF,IF2006,2020-02-19 13:45:35.900,4047.0000,23882,1,6534237240.000,1,1,0,双开,B,4046.6000,4046.0000,4045.8000,4045.6000,4045.0000,4048.2000,4048.6000,4049.0000,4049.4000,4049.6000,3,2,2,1,6,2,3,3,1,1
SF,IF2006,2020-02-19 13:45:36.400,4047.0000,23882,0,6534237240.000,0,-,-,-,-,4046.6000,4046.0000,4045.8000,4045.6000,4045.0000,4048.0000,4048.2000,4048.6000,4049.0000,4049.4000,3,2,2,1,6,1,2,3,3,1
SF,IF2006,2020-02-19 13:45:36.900,4047.0000,23882,0,6534237240.000,0,-,-,-,-,4046.6000,4046.0000,4045.8000,4045.6000,4045.0000,4048.0000,4048.2000,4048.6000,4049.0000,4049.4000,3,2,2,1,6,1,2,3,1,1
SF,IF2006,2020-02-19 13:45:37.400,4047.0000,23882,0,6534237240.000,0,-,-,-,-,4046.8000,4046.6000,4046.0000,4045.8000,4045.6000,4048.0000,4048.2000,4048.6000,4049.0000,4049.4000,2,3,2,2,1,1,2,3,1,1
SF,IF2006,2020-02-19 13:45:37.900,4047.0000,23882,0,6534237240.000,0,-,-,-,-,4046.8000,4046.6000,4046.0000,4045.8000,4045.6000,4048.2000,4048.6000,4049.0000,4049.4000,4049.6000,2,3,2,2,1,2,3,1,1,1
SF,IF2006,2020-02-19 13:45:38.900,4047.0000,23882,0,6534237240.000,0,-,-,-,-,4046.8000,4046.6000,4046.0000,4045.8000,4045.6000,4048.2000,4048.6000,4049.0000,4049.4000,4049.6000,2,3,2,2,1,2,3,1,1,1
SF,IF2006,2020-02-19 13:45:40.400,4047.0000,23882,0,6534237240.000,0,-,-,-,-,4046.8000,4046.6000,4046.0000,4045.8000,4045.6000,4048.2000,4048.6000,4049.0000,4049.4000,4049.6000,2,3,2,2,1,2,2,1,1,1
SF,IF2006,2020-02-19 13:45:40.900,4047.0000,23882,0,6534237240.000,0,-,-,-,-,4046.8000,4046.6000,4046.0000,4045.8000,4045.6000,4048.6000,4049.0000,4049.4000,4049.6000,4050.0000,2,3,2,2,1,2,1,1,1,4
SF,IF2006,2020-02-19 13:45:41.400,4047.0000,23882,0,6534237240.000,0,-,-,-,-,4047.2000,4047.0000,4046.8000,4046.6000,4046.0000,4048.6000,4049.0000,4049.4000,4049.6000,4050.0000,1,1,1,3,2,2,1,1,1,4
SF,IF2006,2020-02-19 13:45:41.900,4047.0000,23880,-2,6536665440.000,2,0,2,双平,B,4047.0000,4046.6000,4046.0000,4045.8000,4045.6000,4048.6000,4049.0000,4050.0000,4050.8000,4051.2000,1,3,2,2,1,1,1,3,2,3
SF,IF2006,2020-02-19 13:45:42.400,4047.0000,23880,0,6536665440.000,0,-,-,-,-,4047.0000,4046.6000,4046.0000,4045.8000,4045.6000,4049.0000,4050.0000,4050.8000,4051.2000,4051.6000,1,3,2,2,1,1,3,1,2,3
SF,IF2006,2020-02-19 13:45:42.900,4047.0000,23880,0,6536665440.000,0,-,-,-,-,4047.4000,4047.2000,4046.6000,4046.0000,4045.8000,4048.8000,4050.8000,4051.2000,4051.6000,4051.8000,1,2,3,2,2,1,1,2,3,1
SF,IF2006,2020-02-19 13:45:43.400,4047.0000,23880,0,6536665440.000,0,-,-,-,-,4047.6000,4047.4000,4046.6000,4046.0000,4045.8000,4051.2000,4051.6000,4051.8000,4052.0000,4052.6000,1,1,3,2,2,2,1,1,1,1
SF,IF2006,2020-02-19 13:45:43.900,4047.0000,23880,0,6536665440.000,0,-,-,-,-,4047.6000,4047.4000,4046.6000,4046.0000,4045.8000,4049.0000,4049.8000,4050.0000,4050.2000,4050.4000,1,1,3,2,2,2,1,1,1,1
SF,IF2006,2020-02-19 13:45:44.400,4047.0000,23880,0,6536665440.000,0,-,-,-,-,4047.6000,4047.4000,4046.6000,4046.0000,4045.8000,4049.0000,4049.8000,4050.4000,4050.8000,4051.0000,1,1,3,2,2,2,1,1,1,6
SF,IF2006,2020-02-19 13:45:45.400,4047.0000,23880,0,6536665440.000,0,-,-,-,-,4047.6000,4046.6000,4046.0000,4045.8000,4045.6000,4049.0000,4049.8000,4050.4000,4050.8000,4051.0000,1,3,2,2,1,2,1,1,1,6
SF,IF2006,2020-02-19 13:45:45.900,4047.0000,23880,0,6536665440.000,0,-,-,-,-,4046.6000,4046.0000,4045.8000,4045.6000,4045.0000,4048.8000,4049.0000,4049.8000,4050.4000,4050.8000,3,2,2,1,6,1,2,1,1,1
SF,IF2006,2020-02-19 13:45:46.400,4047.0000,23880,0,6536665440.000,0,-,-,-,-,4047.0000,4046.8000,4046.6000,4046.0000,4045.8000,4048.6000,4048.8000,4049.0000,4049.8000,4050.4000,1,2,3,2,2,1,1,2,1,1
SF,IF2006,2020-02-19 13:45:46.900,4047.0000,23880,0,6536665440.000,0,-,-,-,-,4047.0000,4046.8000,4046.6000,4046.0000,4045.8000,4048.6000,4048.8000,4049.0000,4049.8000,4050.4000,1,3,3,2,2,1,1,2,1,1
SF,IF2006,2020-02-19 13:45:47.900,4047.0000,23880,0,6536665440.000,0,-,-,-,-,4047.2000,4047.0000,4046.8000,4046.6000,4046.0000,4048.6000,4048.8000,4049.0000,4049.8000,4050.4000,1,1,2,3,2,1,1,2,1,1
SF,IF2006,2020-02-19 13:45:48.400,4047.0000,23880,0,6536665440.000,0,-,-,-,-,4047.2000,4047.0000,4046.8000,4046.6000,4046.0000,4048.8000,4049.0000,4049.8000,4050.4000,4050.8000,1,1,2,3,2,1,2,1,1,1
SF,IF2006,2020-02-19 13:45:49.400,4047.0000,23880,0,6536665440.000,0,-,-,-,-,4047.2000,4047.0000,4046.6000,4046.0000,4045.8000,4048.4000,4048.8000,4049.8000,4050.4000,4050.8000,1,1,3,2,2,1,2,1,1,1
SF,IF2006,2020-02-19 13:45:50.400,4047.0000,23880,0,6536665440.000,0,-,-,-,-,4047.2000,4047.0000,4046.6000,4046.0000,4045.8000,4048.4000,4049.8000,4050.4000,4050.8000,4051.0000,1,1,3,2,2,1,1,1,1,5
SF,IF2006,2020-02-19 13:45:50.900,4047.0000,23880,0,6536665440.000,0,-,-,-,-,4047.2000,4047.0000,4046.6000,4046.0000,4045.8000,4048.4000,4049.8000,4050.4000,4050.8000,4051.0000,1,1,3,3,2,1,1,1,1,5
SF,IF2006,2020-02-19 13:45:58.400,4047.0000,23880,0,6536665440.000,0,-,-,-,-,4047.2000,4047.0000,4046.6000,4046.0000,4045.8000,4048.4000,4049.8000,4050.4000,4050.8000,4051.0000,1,1,3,2,2,1,1,1,1,5
SF,IF2006,2020-02-19 13:45:59.400,4047.0000,23880,0,6536665440.000,0,-,-,-,-,4047.2000,4047.0000,4046.6000,4046.0000,4045.8000,4048.4000,4049.8000,4050.4000,4050.8000,4051.0000,1,1,3,2,2,1,1,1,1,5
SF,IF2006,2020-02-19 13:46:00.400,4047.2000,23881,1,6537879600.000,1,1,0,双开,B,4047.0000,4046.6000,4046.0000,4045.8000,4045.6000,4048.4000,4049.8000,4050.4000,4050.8000,4051.0000,1,3,2,2,1,1,1,1,1,5
SF,IF2006,2020-02-19 13:46:00.900,4047.2000,23881,0,6537879600.000,0,-,-,-,-,4047.0000,4046.6000,4046.0000,4045.8000,4045.6000,4048.4000,4049.8000,4050.4000,4050.8000,4051.0000,1,3,2,2,1,3,1,1,1,4
SF,IF2006,2020-02-19 13:46:01.400,4047.2000,23881,0,6537879600.000,0,-,-,-,-,4046.6000,4046.0000,4045.8000,4045.6000,4045.0000,4048.0000,4048.2000,4048.4000,4049.8000,4050.4000,3,2,2,1,6,1,1,2,1,1
SF,IF2006,2020-02-19 13:46:01.900,4047.2000,23881,0,6537879600.000,0,-,-,-,-,4046.6000,4046.0000,4045.8000,4045.6000,4045.0000,4048.0000,4048.2000,4048.4000,4049.8000,4050.4000,3,2,2,1,6,1,1,2,1,1
SF,IF2006,2020-02-19 13:46:05.400,4047.2000,23881,0,6537879600.000,0,-,-,-,-,4046.0000,4045.8000,4045.6000,4045.0000,4044.8000,4048.0000,4048.2000,4049.8000,4050.4000,4050.8000,2,2,1,6,1,1,1,1,1,1
SF,IF2006,2020-02-19 13:46:05.900,4047.2000,23881,0,6537879600.000,0,-,-,-,-,4046.4000,4046.0000,4045.8000,4045.6000,4045.0000,4047.6000,4047.8000,4049.8000,4050.4000,4050.8000,3,2,2,1,6,1,4,1,1,1
SF,IF2006,2020-02-19 13:46:06.400,4047.2000,23881,0,6537879600.000,0,-,-,-,-,4046.0000,4045.8000,4045.6000,4045.0000,4044.8000,4047.2000,4047.4000,4047.8000,4049.8000,4050.4000,2,2,1,6,1,1,1,2,1,1
SF,IF2006,2020-02-19 13:46:06.900,4047.2000,23881,0,6537879600.000,0,-,-,-,-,4046.2000,4046.0000,4045.8000,4045.6000,4045.0000,4047.2000,4047.4000,4047.8000,4049.8000,4050.4000,3,2,2,1,6,1,1,2,1,1
SF,IF2006,2020-02-19 13:46:07.400,4047.2000,23881,0,6537879600.000,0,-,-,-,-,4046.0000,4045.8000,4045.6000,4045.0000,4044.8000,4047.2000,4047.4000,4047.8000,4049.8000,4050.4000,2,2,1,6,1,1,1,2,1,1
SF,IF2006,2020-02-19 13:46:09.400,4047.2000,23881,0,6537879600.000,0,-,-,-,-,4046.4000,4046.0000,4045.8000,4045.6000,4045.0000,4047.2000,4047.4000,4047.8000,4049.8000,4050.4000,3,2,2,1,6,1,1,2,1,1
SF,IF2006,2020-02-19 13:46:09.900,4047.2000,23881,0,6537879600.000,0,-,-,-,-,4046.4000,4046.0000,4045.8000,4045.6000,4045.0000,4047.2000,4047.4000,4047.8000,4049.8000,4050.4000,3,2,2,1,6,1,1,2,1,1
SF,IF2006,2020-02-19 13:46:10.900,4047.2000,23881,0,6537879600.000,0,-,-,-,-,4046.0000,4045.8000,4045.6000,4045.0000,4044.8000,4046.4000,4047.2000,4047.4000,4047.8000,4049.8000,2,2,1,6,1,1,1,1,2,1
SF,IF2006,2020-02-19 13:46:11.400,4047.2000,23881,0,6540307680.000,2,1,1,空换,B,4046.0000,4045.8000,4045.6000,4045.0000,4044.8000,4047.4000,4047.8000,4049.8000,4050.4000,4050.8000,3,2,1,6,1,1,2,1,1,1
SF,IF2006,2020-02-19 13:46:11.900,4047.2000,23881,0,6540307680.000,0,-,-,-,-,4046.0000,4045.8000,4045.6000,4045.0000,4044.8000,4047.4000,4047.8000,4049.8000,4050.4000,4050.8000,2,2,1,6,1,1,2,1,1,1
SF,IF2006,2020-02-19 13:46:12.400,4047.2000,23881,0,6540307680.000,0,-,-,-,-,4046.0000,4045.8000,4045.6000,4045.0000,4044.8000,4047.4000,4049.8000,4050.4000,4050.8000,4051.0000,2,2,1,6,1,1,1,1,1,4
SF,IF2006,2020-02-19 13:46:12.900,4047.2000,23881,0,6542736000.000,2,1,1,空换,B,4047.2000,4046.0000,4045.8000,4045.6000,4045.0000,4047.4000,4050.4000,4050.8000,4051.0000,4051.2000,10,2,2,1,6,1,1,1,4,1
SF,IF2006,2020-02-19 13:46:13.400,4047.2000,23886,5,6554877600.000,10,7,3,多开,B,4046.0000,4045.8000,4045.6000,4045.0000,4044.8000,4050.4000,4050.8000,4051.0000,4051.2000,4051.6000,2,2,1,6,1,1,1,4,1,1
SF,IF2006,2020-02-19 13:46:13.900,4047.2000,23886,0,6554877600.000,0,-,-,-,-,4046.4000,4046.0000,4045.8000,4045.6000,4045.0000,4048.4000,4048.6000,4048.8000,4049.0000,4049.4000,1,2,2,1,6,3,3,4,3,2
SF,IF2006,2020-02-19 13:46:14.400,4047.2000,23886,0,6554877600.000,0,-,-,-,-,4046.0000,4045.8000,4045.6000,4045.0000,4044.8000,4047.8000,4048.0000,4048.2000,4048.4000,4048.6000,3,2,1,6,1,1,1,2,1,3
SF,IF2006,2020-02-19 13:46:14.900,4047.2000,23886,0,6554877600.000,0,-,-,-,-,4046.4000,4046.2000,4046.0000,4045.8000,4045.6000,4047.8000,4048.0000,4048.2000,4048.4000,4048.6000,3,1,3,2,1,1,1,2,1,3
SF,IF2006,2020-02-19 13:46:15.400,4047.2000,23886,0,6554877600.000,0,-,-,-,-,4046.2000,4046.0000,4045.8000,4045.6000,4045.0000,4047.8000,4048.0000,4048.2000,4048.4000,4048.6000,1,3,2,1,6,1,1,2,1,3
SF,IF2006,2020-02-19 13:46:15.900,4047.2000,23886,0,6554877600.000,0,-,-,-,-,4046.4000,4046.2000,4046.0000,4045.8000,4045.6000,4047.8000,4048.0000,4048.2000,4048.4000,4048.6000,3,1,3,2,1,2,1,2,1,3
SF,IF2006,2020-02-19 13:46:16.400,4047.2000,23886,0,6554877600.000,0,-,-,-,-,4046.2000,4046.0000,4045.8000,4045.6000,4045.0000,4047.8000,4048.0000,4048.2000,4048.4000,4048.6000,1,3,2,1,6,2,1,2,1,3
SF,IF2006,2020-02-19 13:46:16.900,4047.2000,23886,0,6554877600.000,0,-,-,-,-,4046.2000,4046.0000,4045.8000,4045.6000,4045.0000,4047.8000,4048.0000,4048.2000,4048.4000,4048.6000,1,3,2,1,6,2,1,2,1,3
SF,IF2006,2020-02-19 13:46:17.400,4047.2000,23886,0,6554877600.000,0,-,-,-,-,4046.2000,4046.0000,4045.8000,4045.6000,4045.0000,4047.8000,4048.0000,4048.2000,4049.0000,4049.6000,1,3,2,1,6,3,1,2,1,1
SF,IF2006,2020-02-19 13:46:18.400,4047.2000,23886,0,6554877600.000,0,-,-,-,-,4046.2000,4046.0000,4045.8000,4045.6000,4045.0000,4047.8000,4048.0000,4048.2000,4049.0000,4049.6000,1,3,2,1,6,2,1,2,1,1
SF,IF2006,2020-02-19 13:46:18.900,4047.2000,23886,0,6554877600.000,0,-,-,-,-,4046.4000,4046.0000,4045.8000,4045.6000,4045.0000,4047.6000,4047.8000,4048.2000,4049.0000,4049.6000,3,3,2,1,6,2,2,2,1,1
SF,IF2006,2020-02-19 13:46:20.400,4047.2000,23886,0,6554877600.000,0,-,-,-,-,4046.0000,4045.8000,4045.6000,4045.0000,4044.8000,4047.6000,4047.8000,4048.2000,4049.0000,4049.6000,3,2,1,6,1,2,2,2,1,1
SF,IF2006,2020-02-19 13:46:20.900,4047.2000,23886,0,6554877600.000,0,-,-,-,-,4046.0000,4045.8000,4045.6000,4045.0000,4044.8000,4047.4000,4047.6000,4047.8000,4048.2000,4049.0000,3,2,1,6,1,1,2,2,2,1
SF,IF2006,2020-02-19 13:46:21.400,4047.2000,23886,0,6554877600.000,0,-,-,-,-,4046.0000,4045.8000,4045.6000,4045.0000,4044.8000,4047.4000,4047.6000,4047.8000,4048.2000,4049.0000,3,2,1,6,1,2,2,1,2,1
SF,IF2006,2020-02-19 13:46:22.400,4047.2000,23886,0,6554877600.000,0,-,-,-,-,4046.0000,4045.8000,4045.6000,4045.0000,4044.8000,4047.2000,4047.4000,4047.6000,4047.8000,4048.2000,3,2,1,6,1,2,1,2,1,2
SF,IF2006,2020-02-19 13:46:22.900,4047.2000,23886,0,6554877600.000,0,-,-,-,-,4046.0000,4045.8000,4045.6000,4045.0000,4044.8000,4047.2000,4047.4000,4047.6000,4047.8000,4048.2000,3,2,1,6,1,2,1,1,1,2
SF,IF2006,2020-02-19 13:46:23.400,4047.2000,23886,0,6554877600.000,0,-,-,-,-,4046.0000,4045.8000,4045.6000,4045.0000,4044.8000,4046.8000,4047.0000,4047.2000,4047.4000,4047.6000,3,2,1,6,1,1,1,1,1,1
SF,IF2006,2020-02-19 13:46:23.900,4047.2000,23886,0,6554877600.000,0,-,-,-,-,4046.0000,4045.8000,4045.6000,4045.0000,4044.8000,4046.8000,4047.0000,4047.2000,4047.6000,4047.8000,3,2,1,6,1,2,1,1,1,1
SF,IF2006,2020-02-19 13:46:24.400,4047.2000,23886,0,6554877600.000,0,-,-,-,-,4046.0000,4045.8000,4045.6000,4045.0000,4044.8000,4046.6000,4046.8000,4047.6000,4047.8000,4048.2000,3,2,1,6,1,1,2,1,1,2
SF,IF2006,2020-02-19 13:46:24.900,4046.0000,23885,-1,6558519000.000,3,1,2,空平,B,4045.8000,4045.6000,4045.0000,4044.8000,4044.6000,4046.0000,4046.6000,4046.8000,4047.6000,4047.8000,2,1,6,1,1,1,1,1,1,1
SF,IF2006,2020-02-19 13:46:25.400,4045.8000,23885,0,6559732740.000,1,0,1,空换,B,4045.8000,4045.6000,4045.0000,4044.8000,4044.6000,4046.0000,4047.6000,4047.8000,4048.2000,4049.0000,1,1,6,1,1,2,1,1,2,1
SF,IF2006,2020-02-19 13:46:25.900,4046.0000,23886,1,6562160280.000,2,1,1,多开,B,4045.6000,4045.0000,4044.8000,4044.6000,4044.0000,4046.0000,4047.6000,4047.8000,4048.2000,4049.0000,1,6,1,1,1,1,1,1,2,1
SF,IF2006,2020-02-19 13:46:26.900,4045.6000,23886,0,6563373960.000,1,0,1,空换,B,4045.0000,4044.8000,4044.6000,4044.0000,4043.2000,4046.0000,4047.6000,4047.8000,4048.2000,4049.0000,6,1,1,1,10,1,1,1,2,1
SF,IF2006,2020-02-19 13:46:27.400,4045.6000,23886,0,6563373960.000,0,-,-,-,-,4045.0000,4044.8000,4044.6000,4044.0000,4043.2000,4046.0000,4047.6000,4047.8000,4048.2000,4049.0000,6,1,1,1,10,1,1,1,2,1
SF,IF2006,2020-02-19 13:46:28.400,4046.0000,23887,1,6564587760.000,1,1,0,双开,B,4045.0000,4044.8000,4044.6000,4044.0000,4043.2000,4047.6000,4047.8000,4048.2000,4049.0000,4049.6000,6,1,1,1,10,1,1,2,1,1
SF,IF2006,2020-02-19 13:46:28.900,4046.0000,23887,0,6564587760.000,0,-,-,-,-,4046.0000,4045.0000,4044.8000,4044.6000,4044.0000,4046.8000,4047.0000,4047.2000,4047.4000,4047.6000,1,6,1,1,1,1,4,1,2,4
SF,IF2006,2020-02-19 13:46:29.400,4046.0000,23887,0,6565801560.000,1,0,1,空换,B,4045.0000,4044.8000,4044.6000,4044.0000,4043.2000,4046.0000,4046.6000,4046.8000,4047.0000,4047.2000,6,1,1,1,10,1,2,1,2,1
SF,IF2006,2020-02-19 13:46:29.900,4046.0000,23887,0,6565801560.000,0,-,-,-,-,4045.0000,4044.8000,4044.6000,4044.0000,4043.2000,4046.0000,4046.6000,4046.8000,4047.0000,4047.2000,6,1,1,1,10,1,2,1,1,1
SF,IF2006,2020-02-19 13:46:30.400,4046.0000,23887,0,6565801560.000,0,-,-,-,-,4045.0000,4044.8000,4044.6000,4044.0000,4043.2000,4045.8000,4046.0000,4046.6000,4046.8000,4047.0000,6,1,1,1,10,2,1,3,1,1
SF,IF2006,2020-02-19 13:46:30.900,4046.0000,23887,0,6565801560.000,0,-,-,-,-,4045.0000,4044.8000,4044.6000,4044.0000,4043.2000,4045.8000,4046.0000,4046.8000,4047.0000,4047.2000,6,1,1,1,10,2,1,1,1,1
SF,IF2006,2020-02-19 13:46:31.400,4046.0000,23887,0,6565801560.000,0,-,-,-,-,4045.0000,4044.8000,4044.6000,4044.0000,4043.2000,4045.8000,4046.0000,4046.8000,4047.0000,4047.2000,6,1,1,1,10,2,2,1,2,1
SF,IF2006,2020-02-19 13:46:32.400,4046.0000,23887,0,6565801560.000,0,-,-,-,-,4045.0000,4044.8000,4044.6000,4044.0000,4043.2000,4045.8000,4046.8000,4047.0000,4047.2000,4047.4000,6,1,1,1,10,1,1,2,1,1
SF,IF2006,2020-02-19 13:46:32.900,4045.8000,23887,0,6567015300.000,1,0,1,空换,B,4045.8000,4045.0000,4044.8000,4044.6000,4044.0000,4046.8000,4047.0000,4047.2000,4047.4000,4047.6000,1,6,1,1,1,1,2,1,1,3
SF,IF2006,2020-02-19 13:46:33.400,4045.8000,23887,0,6568229040.000,1,0,1,空换,B,4045.0000,4044.8000,4044.6000,4044.0000,4043.2000,4046.2000,4046.4000,4046.6000,4046.8000,4047.0000,6,1,1,1,10,1,1,6,1,4
SF,IF2006,2020-02-19 13:46:33.900,4045.8000,23887,0,6568229040.000,0,-,-,-,-,4045.8000,4045.0000,4044.8000,4044.6000,4044.0000,4046.2000,4046.4000,4046.6000,4046.8000,4047.0000,1,6,1,1,1,1,1,6,1,3
SF,IF2006,2020-02-19 13:46:34.400,4045.8000,23887,0,6569442780.000,1,0,1,空换,B,4045.0000,4044.8000,4044.6000,4044.0000,4043.2000,4045.8000,4046.2000,4046.4000,4046.6000,4046.8000,6,1,1,1,10,1,1,1,6,1
SF,IF2006,2020-02-19 13:46:34.900,4045.8000,23887,0,6569442780.000,0,-,-,-,-,4045.0000,4044.8000,4044.6000,4044.0000,4043.2000,4046.2000,4046.4000,4046.6000,4046.8000,4047.0000,6,1,1,1,10,1,1,3,1,2
SF,IF2006,2020-02-19 13:46:35.900,4045.8000,23887,0,6569442780.000,0,-,-,-,-,4045.0000,4044.8000,4044.6000,4044.0000,4043.2000,4045.8000,4046.0000,4046.2000,4046.4000,4046.6000,6,1,1,1,10,1,1,1,1,3
SF,IF2006,2020-02-19 13:46:36.400,4046.0000,23886,-1,6571870320.000,2,0,2,空平,B,4045.0000,4044.8000,4044.6000,4044.0000,4043.2000,4046.0000,4046.2000,4046.4000,4046.6000,4046.8000,6,1,1,1,10,1,1,1,3,1
SF,IF2006,2020-02-19 13:46:36.900,4046.0000,23886,0,6571870320.000,0,-,-,-,-,4045.0000,4044.8000,4044.6000,4044.0000,4043.2000,4046.0000,4046.4000,4046.6000,4046.8000,4047.0000,6,1,1,1,10,2,1,1,1,2
SF,IF2006,2020-02-19 13:46:37.900,4046.0000,23886,0,6573084120.000,1,0,1,空换,B,4045.0000,4044.8000,4044.6000,4044.0000,4043.2000,4046.0000,4046.4000,4046.8000,4047.0000,4047.6000,6,1,1,1,10,1,1,1,2,3
SF,IF2006,2020-02-19 13:46:38.400,4046.0000,23886,0,6573084120.000,0,-,-,-,-,4045.0000,4044.8000,4044.6000,4044.0000,4043.2000,4046.0000,4046.4000,4046.8000,4047.0000,4047.6000,6,1,1,1,10,1,1,1,2,3
SF,IF2006,2020-02-19 13:46:38.900,4046.0000,23886,0,6573084120.000,0,-,-,-,-,4045.0000,4044.8000,4044.6000,4044.0000,4043.2000,4045.8000,4046.0000,4046.8000,4047.0000,4047.6000,6,1,1,1,10,1,1,1,2,3
SF,IF2006,2020-02-19 13:46:39.900,4046.0000,23886,0,6573084120.000,0,-,-,-,-,4045.0000,4044.8000,4044.6000,4044.0000,4043.2000,4045.8000,4046.8000,4047.0000,4047.6000,4049.6000,6,1,1,1,10,1,1,2,3,1
SF,IF2006,2020-02-19 13:46:41.400,4046.0000,23886,0,6573084120.000,0,-,-,-,-,4045.0000,4044.8000,4044.6000,4044.0000,4043.2000,4046.8000,4047.0000,4047.6000,4049.6000,4050.0000,6,1,1,1,10,1,2,3,1,6
SF,IF2006,2020-02-19 13:46:41.900,4046.0000,23886,0,6573084120.000,0,-,-,-,-,4045.0000,4044.8000,4044.6000,4044.0000,4043.2000,4046.6000,4046.8000,4047.0000,4047.6000,4049.6000,6,1,1,1,10,3,1,2,3,1
SF,IF2006,2020-02-19 13:46:42.900,4046.0000,23886,0,6573084120.000,0,-,-,-,-,4045.4000,4045.0000,4044.8000,4044.6000,4044.0000,4046.4000,4046.6000,4046.8000,4047.0000,4047.6000,1,6,1,1,1,1,3,1,2,3
SF,IF2006,2020-02-19 13:46:43.400,4046.0000,23886,0,6573084120.000,0,-,-,-,-,4045.0000,4044.8000,4044.6000,4044.0000,4043.2000,4046.6000,4046.8000,4047.0000,4047.6000,4049.6000,6,1,1,1,10,3,1,2,3,1
SF,IF2006,2020-02-19 13:46:44.400,4046.0000,23886,0,6573084120.000,0,-,-,-,-,4045.2000,4045.0000,4044.8000,4044.6000,4044.0000,4045.8000,4046.6000,4046.8000,4047.0000,4047.6000,1,6,1,1,1,1,3,1,2,3
SF,IF2006,2020-02-19 13:46:44.900,4045.8000,23886,0,6574297860.000,1,0,1,空换,B,4045.2000,4045.0000,4044.8000,4044.6000,4044.0000,4046.4000,4046.6000,4046.8000,4047.0000,4047.6000,1,6,1,1,1,2,3,1,2,3
SF,IF2006,2020-02-19 13:46:45.400,4045.8000,23886,0,6574297860.000,0,-,-,-,-,4045.4000,4045.0000,4044.8000,4044.6000,4044.0000,4046.4000,4046.6000,4046.8000,4047.0000,4047.6000,2,6,1,1,1,2,3,1,2,3
SF,IF2006,2020-02-19 13:46:45.900,4045.8000,23886,0,6574297860.000,0,-,-,-,-,4045.4000,4045.0000,4044.8000,4044.6000,4044.0000,4046.4000,4046.6000,4046.8000,4047.0000,4047.6000,2,6,1,1,1,1,3,1,2,3
SF,IF2006,2020-02-19 13:46:46.900,4045.8000,23886,0,6574297860.000,0,-,-,-,-,4045.6000,4045.4000,4045.0000,4044.8000,4044.6000,4046.4000,4046.6000,4046.8000,4047.0000,4047.6000,1,2,6,1,1,1,3,1,2,3
SF,IF2006,2020-02-19 13:46:47.400,4045.8000,23886,0,6574297860.000,0,-,-,-,-,4046.0000,4045.6000,4045.0000,4044.8000,4044.6000,4046.6000,4046.8000,4047.0000,4047.6000,4049.6000,2,1,6,1,1,3,1,2,3,1
SF,IF2006,2020-02-19 13:46:47.900,4045.8000,23886,0,6574297860.000,0,-,-,-,-,4046.0000,4045.6000,4045.0000,4044.8000,4044.6000,4046.6000,4046.8000,4047.0000,4047.6000,4049.6000,2,1,7,1,1,2,1,2,3,1
SF,IF2006,2020-02-19 13:46:48.400,4045.8000,23886,0,6574297860.000,0,-,-,-,-,4045.0000,4044.8000,4044.6000,4044.0000,4043.2000,4046.6000,4046.8000,4047.0000,4047.6000,4049.6000,7,1,1,1,10,1,1,2,3,1
SF,IF2006,2020-02-19 13:46:48.900,4045.8000,23886,0,6574297860.000,0,-,-,-,-,4045.4000,4045.2000,4045.0000,4044.8000,4044.6000,4046.6000,4046.8000,4047.0000,4047.6000,4049.6000,3,5,7,1,1,1,1,2,3,1
SF,IF2006,2020-02-19 13:46:49.400,4045.8000,23886,0,6574297860.000,0,-,-,-,-,4045.2000,4045.0000,4044.8000,4044.6000,4044.0000,4046.6000,4047.0000,4047.6000,4049.6000,4050.0000,5,7,1,1,1,1,2,1,1,6
SF,IF2006,2020-02-19 13:46:49.900,4045.8000,23886,0,6574297860.000,0,-,-,-,-,4045.2000,4045.0000,4044.8000,4044.6000,4044.0000,4046.6000,4047.0000,4047.6000,4049.6000,4050.0000,4,7,1,1,1,1,1,1,1,6
SF,IF2006,2020-02-19 13:46:50.400,4045.2000,23886,0,6575511420.000,1,0,1,空换,B,4045.2000,4045.0000,4044.8000,4044.6000,4044.0000,4046.8000,4047.0000,4047.6000,4049.6000,4050.0000,3,7,1,1,1,1,1,1,1,6
SF,IF2006,2020-02-19 13:46:50.900,4045.2000,23886,0,6575511420.000,0,-,-,-,-,4045.2000,4045.0000,4044.8000,4044.6000,4044.0000,4046.8000,4047.0000,4047.6000,4049.6000,4050.0000,3,7,1,1,1,1,1,1,1,6
SF,IF2006,2020-02-19 13:46:51.400,4045.2000,23886,0,6575511420.000,0,-,-,-,-,4045.6000,4045.2000,4045.0000,4044.8000,4044.6000,4046.8000,4047.0000,4047.6000,4049.6000,4050.0000,1,3,7,1,1,1,1,1,1,6
SF,IF2006,2020-02-19 13:46:52.400,4045.2000,23886,0,6575511420.000,0,-,-,-,-,4045.8000,4045.6000,4045.2000,4045.0000,4044.8000,4046.8000,4047.0000,4047.6000,4049.6000,4050.0000,3,1,3,7,1,1,1,1,1,6
SF,IF2006,2020-02-19 13:46:52.900,4045.2000,23886,0,6575511420.000,0,-,-,-,-,4045.8000,4045.2000,4045.0000,4044.8000,4044.6000,4046.8000,4047.0000,4047.6000,4049.6000,4050.0000,3,3,7,1,1,1,1,1,1,6
SF,IF2006,2020-02-19 13:46:53.400,4045.2000,23886,0,6575511420.000,0,-,-,-,-,4046.0000,4045.2000,4045.0000,4044.8000,4044.6000,4046.8000,4047.6000,4049.6000,4050.0000,4050.2000,1,3,7,1,1,1,1,1,6,2
SF,IF2006,2020-02-19 13:46:53.900,4045.2000,23886,0,6575511420.000,0,-,-,-,-,4045.2000,4045.0000,4044.8000,4044.6000,4044.0000,4047.4000,4047.6000,4049.6000,4050.0000,4050.2000,1,7,1,1,1,1,1,1,6,2
SF,IF2006,2020-02-19 13:46:54.400,4045.2000,23886,0,6575511420.000,0,-,-,-,-,4045.8000,4045.4000,4045.2000,4045.0000,4044.8000,4047.2000,4047.4000,4047.6000,4049.6000,4050.0000,1,5,1,7,1,1,1,1,1,6
SF,IF2006,2020-02-19 13:46:54.900,4045.2000,23886,0,6575511420.000,0,-,-,-,-,4045.8000,4045.4000,4045.2000,4045.0000,4044.8000,4047.4000,4047.6000,4049.6000,4050.0000,4050.2000,1,5,1,7,1,1,1,1,6,2
SF,IF2006,2020-02-19 13:46:55.400,4045.2000,23886,0,6575511420.000,0,-,-,-,-,4045.8000,4045.4000,4045.2000,4045.0000,4044.8000,4047.2000,4047.4000,4047.6000,4049.6000,4050.0000,1,5,1,7,1,2,1,1,1,6
SF,IF2006,2020-02-19 13:46:55.900,4045.2000,23886,0,6575511420.000,0,-,-,-,-,4045.8000,4045.4000,4045.2000,4045.0000,4044.8000,4047.2000,4047.4000,4047.6000,4049.6000,4050.0000,1,5,1,7,1,2,1,1,1,6
SF,IF2006,2020-02-19 13:46:56.400,4045.2000,23886,0,6575511420.000,0,-,-,-,-,4045.4000,4045.2000,4045.0000,4044.8000,4044.6000,4047.2000,4047.4000,4047.6000,4049.6000,4050.0000,1,1,7,1,1,2,1,1,1,6
SF,IF2006,2020-02-19 13:46:56.900,4045.2000,23886,0,6575511420.000,0,-,-,-,-,4045.6000,4045.4000,4045.2000,4045.0000,4044.8000,4047.0000,4047.2000,4047.4000,4047.6000,4049.6000,2,1,1,7,1,1,2,1,1,1
SF,IF2006,2020-02-19 13:46:57.400,4045.2000,23886,0,6575511420.000,0,-,-,-,-,4045.6000,4045.4000,4045.2000,4045.0000,4044.8000,4047.0000,4047.2000,4047.4000,4047.6000,4049.6000,1,1,1,7,1,1,2,1,1,1
SF,IF2006,2020-02-19 13:46:57.900,4045.2000,23886,0,6575511420.000,0,-,-,-,-,4045.6000,4045.4000,4045.2000,4045.0000,4044.8000,4047.0000,4047.2000,4047.4000,4047.6000,4049.6000,2,1,1,7,1,1,2,1,1,1
SF,IF2006,2020-02-19 13:46:58.400,4045.2000,23886,0,6575511420.000,0,-,-,-,-,4045.6000,4045.4000,4045.2000,4045.0000,4044.8000,4047.0000,4047.2000,4047.6000,4049.6000,4050.0000,2,1,1,7,1,1,2,1,1,6
SF,IF2006,2020-02-19 13:46:58.900,4045.2000,23886,0,6575511420.000,0,-,-,-,-,4045.6000,4045.4000,4045.2000,4045.0000,4044.8000,4047.0000,4047.2000,4047.6000,4049.6000,4050.0000,2,1,1,7,1,1,2,1,1,6
SF,IF2006,2020-02-19 13:47:00.400,4045.2000,23886,0,6575511420.000,0,-,-,-,-,4046.4000,4045.6000,4045.4000,4045.2000,4045.0000,4047.0000,4047.2000,4047.6000,4049.6000,4050.0000,1,2,1,1,7,1,2,1,1,6
SF,IF2006,2020-02-19 13:47:00.900,4046.4000,23887,1,6576725340.000,1,1,0,双开,B,4045.6000,4045.4000,4045.0000,4044.8000,4044.6000,4046.4000,4046.8000,4047.0000,4047.2000,4047.6000,2,1,7,1,1,1,1,1,1,1
SF,IF2006,2020-02-19 13:47:01.400,4046.4000,23887,0,6576725340.000,0,-,-,-,-,4045.6000,4045.4000,4045.0000,4044.8000,4044.6000,4046.4000,4046.8000,4047.0000,4047.6000,4049.6000,1,1,7,1,1,1,1,1,1,1
SF,IF2006,2020-02-19 13:47:02.400,4046.4000,23887,0,6576725340.000,0,-,-,-,-,4045.6000,4045.0000,4044.8000,4044.6000,4044.0000,4046.4000,4047.0000,4047.6000,4049.6000,4049.8000,1,7,1,1,1,1,1,1,1,1
SF,IF2006,2020-02-19 13:47:02.900,4046.4000,23887,0,6576725340.000,0,-,-,-,-,4045.6000,4045.0000,4044.8000,4044.6000,4044.0000,4046.4000,4047.0000,4047.6000,4049.6000,4049.8000,1,7,1,1,1,2,1,1,1,1
SF,IF2006,2020-02-19 13:47:04.400,4046.4000,23887,0,6576725340.000,0,-,-,-,-,4045.6000,4045.0000,4044.8000,4044.6000,4044.0000,4046.2000,4046.4000,4047.6000,4049.6000,4049.8000,1,7,1,1,1,1,2,1,1,1
SF,IF2006,2020-02-19 13:47:04.900,4046.4000,23887,0,6576725340.000,0,-,-,-,-,4045.6000,4045.0000,4044.8000,4044.6000,4044.0000,4046.2000,4046.4000,4047.6000,4049.6000,4049.8000,1,7,1,1,1,1,1,1,1,1
SF,IF2006,2020-02-19 13:47:05.400,4046.4000,23887,0,6576725340.000,0,-,-,-,-,4045.6000,4045.0000,4044.8000,4044.6000,4044.0000,4046.4000,4047.6000,4049.6000,4049.8000,4050.0000,1,7,1,1,1,1,1,1,1,7
SF,IF2006,2020-02-19 13:47:05.900,4046.4000,23887,0,6577939260.000,1,0,1,空换,B,4045.6000,4045.0000,4044.8000,4044.6000,4044.0000,4047.6000,4049.6000,4049.8000,4050.0000,4050.2000,1,7,1,1,1,1,1,1,7,2
SF,IF2006,2020-02-19 13:47:06.400,4046.4000,23887,0,6577939260.000,0,-,-,-,-,4045.8000,4045.6000,4045.0000,4044.8000,4044.6000,4047.2000,4047.4000,4047.6000,4049.6000,4049.8000,1,1,7,1,1,2,3,1,1,1
SF,IF2006,2020-02-19 13:47:07.400,4046.4000,23887,0,6577939260.000,0,-,-,-,-,4046.0000,4045.8000,4045.6000,4045.0000,4044.8000,4047.2000,4047.4000,4047.6000,4049.6000,4049.8000,1,1,1,7,1,2,2,1,1,1
SF,IF2006,2020-02-19 13:47:07.900,4046.4000,23887,0,6577939260.000,0,-,-,-,-,4046.0000,4045.8000,4045.6000,4045.0000,4044.8000,4047.0000,4047.2000,4047.4000,4047.6000,4049.6000,1,1,1,7,1,1,2,1,1,1
SF,IF2006,2020-02-19 13:47:09.900,4046.4000,23887,0,6577939260.000,0,-,-,-,-,4045.8000,4045.6000,4045.0000,4044.8000,4044.6000,4047.0000,4047.2000,4047.4000,4047.6000,4049.6000,1,1,7,1,1,1,2,1,1,1
SF,IF2006,2020-02-19 13:47:10.400,4045.8000,23887,0,6579153000.000,1,0,1,空换,B,4045.8000,4045.6000,4045.0000,4044.8000,4044.6000,4047.0000,4047.2000,4047.4000,4047.6000,4049.6000,1,1,7,1,1,1,2,1,1,1
SF,IF2006,2020-02-19 13:47:11.900,4045.8000,23887,0,6579153000.000,0,-,-,-,-,4046.0000,4045.8000,4045.6000,4045.0000,4044.8000,4047.0000,4047.2000,4047.4000,4047.6000,4049.6000,1,1,1,7,1,1,2,1,1,1
SF,IF2006,2020-02-19 13:47:12.900,4045.8000,23887,0,6579153000.000,0,-,-,-,-,4046.0000,4045.8000,4045.6000,4045.0000,4044.8000,4047.0000,4047.2000,4047.4000,4047.6000,4049.6000,1,1,1,7,1,1,1,1,1,1
SF,IF2006,2020-02-19 13:47:13.400,4045.8000,23887,0,6579153000.000,0,-,-,-,-,4046.0000,4045.8000,4045.6000,4045.0000,4044.8000,4047.0000,4047.4000,4047.6000,4049.6000,4049.8000,1,1,1,7,1,1,1,1,1,1
SF,IF2006,2020-02-19 13:47:14.400,4045.8000,23887,0,6579153000.000,0,-,-,-,-,4047.0000,4046.0000,4045.8000,4045.6000,4045.0000,4047.4000,4047.6000,4049.6000,4049.8000,4050.0000,1,1,1,1,7,1,1,1,1,7
SF,IF2006,2020-02-19 13:47:14.900,4045.8000,23887,0,6579153000.000,0,-,-,-,-,4047.0000,4046.0000,4045.8000,4045.6000,4045.0000,4047.6000,4049.6000,4049.8000,4050.0000,4050.2000,1,1,1,1,7,1,1,1,6,2
SF,IF2006,2020-02-19 13:47:15.900,4047.6000,23887,0,6580367280.000,1,0,1,空换,B,4047.0000,4046.0000,4045.8000,4045.6000,4045.0000,4049.6000,4049.8000,4050.0000,4050.2000,4050.4000,1,1,1,1,7,1,1,6,2,1
SF,IF2006,2020-02-19 13:47:16.400,4047.6000,23887,0,6580367280.000,0,-,-,-,-,4047.2000,4047.0000,4046.0000,4045.8000,4045.6000,4048.4000,4049.4000,4049.6000,4049.8000,4050.0000,3,1,1,1,1,1,4,1,1,1
SF,IF2006,2020-02-19 13:47:16.900,4048.4000,23886,-1,6581581800.000,1,0,1,双平,B,4047.2000,4047.0000,4045.8000,4045.6000,4045.0000,4049.4000,4049.8000,4050.0000,4050.4000,4051.2000,3,1,1,1,7,2,1,1,1,1
SF,IF2006,2020-02-19 13:47:17.400,4048.4000,23886,0,6581581800.000,0,-,-,-,-,4047.2000,4047.0000,4045.8000,4045.6000,4045.0000,4049.2000,4049.4000,4049.8000,4050.0000,4050.4000,3,1,2,1,7,2,3,1,1,1
SF,IF2006,2020-02-19 13:47:17.900,4048.4000,23886,0,6581581800.000,0,-,-,-,-,4047.2000,4047.0000,4045.8000,4045.6000,4045.0000,4049.0000,4049.2000,4049.4000,4049.8000,4050.0000,3,1,2,1,7,1,2,2,1,1
SF,IF2006,2020-02-19 13:47:18.400,4048.8000,23886,0,6582796440.000,1,0,1,空换,B,4047.2000,4047.0000,4045.8000,4045.6000,4045.0000,4049.0000,4049.2000,4049.4000,4049.8000,4050.0000,3,1,2,1,7,1,2,2,1,1
SF,IF2006,2020-02-19 13:47:18.900,4048.8000,23886,0,6582796440.000,0,-,-,-,-,4047.2000,4047.0000,4045.8000,4045.6000,4045.0000,4048.8000,4049.0000,4049.2000,4049.4000,4049.8000,3,1,2,1,7,2,1,1,2,1
SF,IF2006,2020-02-19 13:47:19.400,4048.8000,23886,0,6582796440.000,0,-,-,-,-,4047.2000,4047.0000,4045.8000,4045.6000,4045.0000,4048.8000,4049.0000,4049.4000,4049.8000,4050.0000,3,1,2,1,7,2,1,2,1,1
SF,IF2006,2020-02-19 13:47:19.900,4048.8000,23887,1,6584011080.000,1,1,0,双开,B,4047.2000,4047.0000,4045.8000,4045.6000,4045.0000,4048.6000,4048.8000,4049.0000,4049.4000,4049.8000,3,1,2,1,7,1,1,1,2,1
SF,IF2006,2020-02-19 13:47:20.400,4048.8000,23887,0,6584011080.000,0,-,-,-,-,4047.2000,4047.0000,4045.8000,4045.6000,4045.0000,4048.8000,4049.0000,4049.4000,4049.8000,4050.0000,3,1,2,1,7,1,1,2,1,1
SF,IF2006,2020-02-19 13:47:20.900,4048.8000,23887,0,6584011080.000,0,-,-,-,-,4047.2000,4047.0000,4045.8000,4045.6000,4045.0000,4048.6000,4048.8000,4049.0000,4049.4000,4049.8000,3,1,2,1,7,1,1,1,2,1
SF,IF2006,2020-02-19 13:47:21.400,4047.2000,23887,0,6585225240.000,1,0,1,空换,B,4047.2000,4047.0000,4045.8000,4045.6000,4045.0000,4048.6000,4048.8000,4049.0000,4049.4000,4049.8000,2,1,2,1,7,1,1,1,2,1
SF,IF2006,2020-02-19 13:47:22.400,4047.2000,23887,0,6585225240.000,0,-,-,-,-,4047.2000,4047.0000,4045.8000,4045.6000,4045.0000,4048.4000,4048.6000,4048.8000,4049.0000,4049.4000,2,1,2,1,7,1,1,1,1,2
SF,IF2006,2020-02-19 13:47:22.900,4047.2000,23887,0,6585225240.000,0,-,-,-,-,4047.2000,4045.8000,4045.6000,4045.0000,4044.8000,4048.4000,4048.6000,4048.8000,4049.0000,4049.4000,2,2,1,7,1,1,1,1,1,2
SF,IF2006,2020-02-19 13:47:23.400,4047.2000,23887,0,6585225240.000,0,-,-,-,-,4047.2000,4045.8000,4045.6000,4045.0000,4044.8000,4048.6000,4048.8000,4049.0000,4049.4000,4049.8000,2,2,1,7,1,1,2,1,2,1
SF,IF2006,2020-02-19 13:47:23.900,4047.2000,23887,0,6585225240.000,0,-,-,-,-,4047.2000,4045.8000,4045.6000,4045.0000,4044.8000,4048.8000,4049.0000,4049.4000,4049.8000,4050.0000,2,2,1,7,1,2,1,2,1,1
SF,IF2006,2020-02-19 13:47:24.400,4047.2000,23887,0,6585225240.000,0,-,-,-,-,4047.4000,4047.2000,4045.8000,4045.6000,4045.0000,4048.8000,4049.0000,4049.4000,4049.8000,4050.0000,1,2,2,1,7,2,1,2,1,1
SF,IF2006,2020-02-19 13:47:25.400,4047.2000,23887,0,6585225240.000,0,-,-,-,-,4047.6000,4047.4000,4047.2000,4045.8000,4045.6000,4048.8000,4049.0000,4049.4000,4049.8000,4050.0000,3,1,2,2,1,2,1,2,1,1
SF,IF2006,2020-02-19 13:47:25.900,4048.8000,23887,0,6586439880.000,1,0,1,空换,B,4047.4000,4047.2000,4045.8000,4045.6000,4045.0000,4048.8000,4049.4000,4049.8000,4050.0000,4050.4000,1,1,2,1,7,1,2,1,1,1
SF,IF2006,2020-02-19 13:47:26.400,4048.8000,23887,0,6586439880.000,0,-,-,-,-,4047.6000,4047.4000,4047.2000,4045.8000,4045.6000,4048.8000,4049.4000,4049.8000,4050.0000,4050.4000,1,1,1,2,1,1,2,1,1,1
SF,IF2006,2020-02-19 13:47:26.900,4048.8000,23887,0,6586439880.000,0,-,-,-,-,4048.0000,4047.8000,4047.4000,4045.8000,4045.6000,4048.8000,4049.4000,4049.8000,4050.0000,4050.4000,1,1,1,2,1,1,2,1,1,1
SF,IF2006,2020-02-19 13:47:27.400,4048.8000,23887,0,6587654520.000,1,0,1,空换,B,4048.0000,4047.8000,4047.4000,4045.8000,4045.6000,4049.4000,4049.8000,4050.0000,4050.4000,4051.2000,1,1,1,2,1,2,1,1,1,1
SF,IF2006,2020-02-19 13:47:28.400,4048.8000,23887,0,6587654520.000,0,-,-,-,-,4048.2000,4048.0000,4047.8000,4045.8000,4045.6000,4049.4000,4049.8000,4050.0000,4050.4000,4050.8000,1,1,1,2,1,1,1,1,1,1
SF,IF2006,2020-02-19 13:47:28.900,4049.4000,23887,0,6588869340.000,1,0,1,空换,B,4048.2000,4048.0000,4047.8000,4045.8000,4045.6000,4049.8000,4050.0000,4050.4000,4050.8000,4051.2000,1,1,1,2,1,1,1,1,1,1
SF,IF2006,2020-02-19 13:47:29.400,4049.4000,23887,0,6588869340.000,0,-,-,-,-,4048.2000,4048.0000,4047.8000,4045.8000,4045.6000,4049.6000,4049.8000,4050.0000,4050.4000,4050.8000,1,1,1,2,1,1,1,1,1,1
SF,IF2006,2020-02-19 13:47:30.400,4049.4000,23887,0,6588869340.000,0,-,-,-,-,4048.2000,4048.0000,4047.8000,4046.2000,4045.8000,4049.6000,4049.8000,4050.0000,4050.4000,4050.8000,1,1,1,1,2,1,1,1,1,1
SF,IF2006,2020-02-19 13:47:30.900,4049.6000,23887,0,6590084220.000,1,0,1,空换,B,4048.2000,4048.0000,4046.2000,4045.8000,4045.6000,4049.4000,4049.8000,4050.0000,4050.4000,4050.8000,1,1,1,2,1,1,1,1,1,1
SF,IF2006,2020-02-19 13:47:31.400,4049.6000,23887,0,6590084220.000,0,-,-,-,-,4048.6000,4048.2000,4048.0000,4046.2000,4045.8000,4049.4000,4049.8000,4050.0000,4050.4000,4050.8000,1,1,1,1,2,1,1,1,1,1
SF,IF2006,2020-02-19 13:47:31.900,4049.6000,23887,0,6590084220.000,0,-,-,-,-,4048.6000,4048.2000,4046.2000,4045.8000,4045.6000,4049.8000,4050.0000,4050.4000,4050.8000,4051.2000,1,1,1,2,1,1,1,1,1,1
SF,IF2006,2020-02-19 13:47:32.900,4048.6000,23887,0,6591298800.000,1,0,1,空换,B,4046.2000,4045.8000,4045.6000,4045.0000,4044.8000,4049.4000,4049.6000,4049.8000,4050.0000,4050.4000,1,2,1,7,1,1,2,1,3,1
SF,IF2006,2020-02-19 13:47:33.400,4048.6000,23887,0,6591298800.000,0,-,-,-,-,4047.6000,4047.2000,4046.4000,4046.2000,4046.0000,4049.2000,4049.4000,4049.8000,4050.0000,4050.4000,5,1,4,1,1,1,1,1,1,1
SF,IF2006,2020-02-19 13:47:33.900,4048.6000,23887,0,6591298800.000,0,-,-,-,-,4048.2000,4048.0000,4047.6000,4047.2000,4046.4000,4049.2000,4049.4000,4049.8000,4050.0000,4050.4000,1,1,3,1,4,1,1,1,1,1
SF,IF2006,2020-02-19 13:47:34.400,4048.6000,23887,0,6591298800.000,0,-,-,-,-,4048.2000,4048.0000,4047.6000,4047.2000,4046.4000,4049.4000,4049.8000,4050.0000,4050.4000,4050.6000,1,1,3,1,4,1,1,1,1,1
SF,IF2006,2020-02-19 13:47:35.400,4048.6000,23887,0,6591298800.000,0,-,-,-,-,4048.2000,4048.0000,4047.6000,4047.2000,4046.4000,4049.0000,4049.4000,4049.8000,4050.0000,4050.4000,1,1,3,1,4,1,1,1,1,1
SF,IF2006,2020-02-19 13:47:37.900,4048.6000,23887,0,6591298800.000,0,-,-,-,-,4047.2000,4046.4000,4046.2000,4045.8000,4045.6000,4049.0000,4049.4000,4049.8000,4050.0000,4050.4000,1,2,1,2,1,1,1,1,1,1
SF,IF2006,2020-02-19 13:47:38.400,4048.6000,23887,0,6591298800.000,0,-,-,-,-,4047.4000,4046.2000,4045.8000,4045.6000,4045.0000,4049.0000,4049.4000,4049.8000,4050.0000,4050.4000,2,1,2,1,8,1,1,1,1,1
SF,IF2006,2020-02-19 13:47:38.900,4048.6000,23887,0,6591298800.000,0,-,-,-,-,4047.4000,4046.2000,4045.8000,4045.6000,4045.0000,4048.8000,4049.0000,4049.4000,4049.8000,4050.0000,2,1,2,1,8,1,1,1,1,1
SF,IF2006,2020-02-19 13:47:39.400,4048.6000,23887,0,6591298800.000,0,-,-,-,-,4047.4000,4046.2000,4045.8000,4045.6000,4045.0000,4048.8000,4049.0000,4049.8000,4050.0000,4050.4000,2,1,2,1,8,2,1,1,1,1
SF,IF2006,2020-02-19 13:47:42.400,4048.6000,23887,0,6591298800.000,0,-,-,-,-,4047.4000,4046.2000,4045.8000,4045.6000,4045.0000,4048.4000,4048.8000,4049.0000,4049.8000,4050.0000,2,1,2,1,8,1,2,1,1,1
SF,IF2006,2020-02-19 13:47:43.400,4048.6000,23887,0,6591298800.000,0,-,-,-,-,4047.4000,4046.2000,4046.0000,4045.8000,4045.6000,4048.4000,4048.8000,4049.0000,4049.8000,4050.0000,1,1,1,2,1,1,2,1,1,1
SF,IF2006,2020-02-19 13:47:45.400,4048.6000,23887,0,6591298800.000,0,-,-,-,-,4047.4000,4046.2000,4046.0000,4045.8000,4045.6000,4048.4000,4048.8000,4049.0000,4049.8000,4050.0000,1,1,1,2,1,1,1,1,1,1
SF,IF2006,2020-02-19 13:47:45.900,4048.4000,23887,0,6592513320.000,1,0,1,空换,B,4047.4000,4046.2000,4046.0000,4045.8000,4045.6000,4048.8000,4049.0000,4049.8000,4050.0000,4050.4000,1,1,1,2,1,1,1,1,1,1
SF,IF2006,2020-02-19 13:47:47.900,4048.4000,23887,0,6592513320.000,0,-,-,-,-,4047.4000,4046.2000,4046.0000,4045.8000,4045.6000,4048.6000,4048.8000,4049.0000,4049.8000,4050.0000,1,1,1,2,1,2,1,1,1,1
SF,IF2006,2020-02-19 13:47:49.900,4048.4000,23887,0,6592513320.000,0,-,-,-,-,4047.4000,4046.2000,4046.0000,4045.8000,4045.6000,4048.6000,4048.8000,4049.0000,4049.8000,4050.0000,1,1,1,2,1,2,1,1,1,1
SF,IF2006,2020-02-19 13:47:50.400,4048.4000,23887,0,6592513320.000,0,-,-,-,-,4047.4000,4046.2000,4046.0000,4045.8000,4045.6000,4048.6000,4048.8000,4049.0000,4049.8000,4050.0000,1,1,1,2,1,2,1,1,1,1
SF,IF2006,2020-02-19 13:47:50.900,4048.4000,23887,0,6592513320.000,0,-,-,-,-,4047.8000,4047.6000,4046.2000,4046.0000,4045.8000,4048.6000,4048.8000,4049.0000,4049.8000,4050.0000,1,1,1,1,2,1,1,1,1,1
SF,IF2006,2020-02-19 13:47:51.400,4048.4000,23887,0,6592513320.000,0,-,-,-,-,4047.8000,4047.6000,4046.2000,4046.0000,4045.8000,4048.6000,4048.8000,4049.0000,4049.8000,4050.0000,1,2,1,1,2,1,1,1,1,1
SF,IF2006,2020-02-19 13:47:52.400,4048.4000,23887,0,6592513320.000,0,-,-,-,-,4048.0000,4047.8000,4047.6000,4046.2000,4046.0000,4048.6000,4048.8000,4049.0000,4049.8000,4050.0000,1,1,1,1,1,1,1,1,1,1
SF,IF2006,2020-02-19 13:47:52.900,4048.4000,23887,0,6592513320.000,0,-,-,-,-,4047.8000,4047.6000,4046.2000,4046.0000,4045.8000,4048.6000,4048.8000,4049.0000,4049.8000,4050.0000,1,1,1,1,2,1,1,1,1,1
SF,IF2006,2020-02-19 13:47:54.400,4048.4000,23887,0,6592513320.000,0,-,-,-,-,4047.8000,4047.6000,4046.2000,4046.0000,4045.8000,4048.8000,4049.0000,4049.8000,4050.0000,4050.4000,1,1,1,1,2,1,1,1,1,1
SF,IF2006,2020-02-19 13:47:56.400,4048.4000,23887,0,6592513320.000,0,-,-,-,-,4047.8000,4047.6000,4046.2000,4046.0000,4045.8000,4048.6000,4048.8000,4049.0000,4049.8000,4050.0000,1,1,1,1,2,1,1,1,1,1
SF,IF2006,2020-02-19 13:47:57.400,4048.4000,23887,0,6592513320.000,0,-,-,-,-,4047.8000,4047.6000,4046.2000,4046.0000,4045.8000,4048.6000,4048.8000,4049.0000,4049.8000,4050.0000,1,1,1,1,2,1,1,1,1,1
SF,IF2006,2020-02-19 13:47:57.900,4048.4000,23887,0,6592513320.000,0,-,-,-,-,4047.8000,4047.6000,4046.2000,4046.0000,4045.8000,4048.4000,4048.8000,4049.0000,4049.8000,4050.0000,1,1,1,1,2,1,1,1,1,1
SF,IF2006,2020-02-19 13:47:58.400,4048.4000,23887,0,6592513320.000,0,-,-,-,-,4047.8000,4047.6000,4046.2000,4046.0000,4045.8000,4048.8000,4049.0000,4049.8000,4050.0000,4050.4000,1,1,1,1,2,1,1,1,1,1
SF,IF2006,2020-02-19 13:48:01.900,4048.4000,23887,0,6592513320.000,0,-,-,-,-,4047.8000,4047.6000,4046.2000,4046.0000,4045.8000,4048.6000,4048.8000,4049.0000,4049.8000,4050.0000,1,1,1,1,2,1,1,1,1,1
SF,IF2006,2020-02-19 13:48:02.400,4048.4000,23887,0,6592513320.000,0,-,-,-,-,4047.8000,4047.6000,4046.2000,4046.0000,4045.8000,4048.4000,4048.6000,4048.8000,4049.0000,4049.8000,1,1,1,1,2,1,1,2,1,1
SF,IF2006,2020-02-19 13:48:02.900,4048.4000,23887,0,6592513320.000,0,-,-,-,-,4047.8000,4047.6000,4046.2000,4046.0000,4045.8000,4048.4000,4048.6000,4048.8000,4049.0000,4049.8000,1,1,1,1,2,2,1,2,1,1
SF,IF2006,2020-02-19 13:48:03.400,4048.4000,23887,0,6592513320.000,0,-,-,-,-,4047.6000,4046.2000,4046.0000,4045.8000,4045.6000,4047.8000,4048.2000,4048.4000,4048.8000,4049.0000,1,1,1,2,1,1,1,2,2,1
SF,IF2006,2020-02-19 13:48:03.900,4048.4000,23887,0,6592513320.000,0,-,-,-,-,4046.2000,4046.0000,4045.8000,4045.6000,4045.0000,4047.8000,4048.2000,4048.4000,4048.8000,4049.0000,1,1,2,1,8,1,1,2,2,1
SF,IF2006,2020-02-19 13:48:04.400,4048.4000,23887,0,6592513320.000,0,-,-,-,-,4047.2000,4046.8000,4046.2000,4046.0000,4045.8000,4047.8000,4048.2000,4048.4000,4048.8000,4049.0000,1,1,1,1,2,1,1,2,2,1
SF,IF2006,2020-02-19 13:48:04.900,4048.4000,23887,0,6592513320.000,0,-,-,-,-,4047.2000,4046.2000,4046.0000,4045.8000,4045.6000,4047.8000,4048.2000,4048.4000,4048.8000,4049.0000,1,1,1,2,1,1,1,2,2,1
SF,IF2006,2020-02-19 13:48:06.400,4048.4000,23887,0,6592513320.000,0,-,-,-,-,4047.2000,4046.2000,4046.0000,4045.8000,4045.6000,4047.8000,4048.0000,4048.2000,4048.4000,4048.8000,1,1,1,2,1,1,1,1,2,2
SF,IF2006,2020-02-19 13:48:06.900,4048.4000,23887,0,6592513320.000,0,-,-,-,-,4047.2000,4046.2000,4046.0000,4045.8000,4045.6000,4048.0000,4048.2000,4048.4000,4048.8000,4049.0000,1,1,1,2,1,1,1,2,2,1
SF,IF2006,2020-02-19 13:48:07.900,4047.2000,23886,-1,6593727480.000,1,0,1,双平,B,4046.2000,4046.0000,4045.8000,4045.6000,4045.0000,4048.0000,4048.2000,4048.4000,4048.8000,4049.0000,1,1,2,1,8,1,1,2,2,1
SF,IF2006,2020-02-19 13:48:08.400,4047.2000,23886,0,6593727480.000,0,-,-,-,-,4046.6000,4046.4000,4046.2000,4046.0000,4045.8000,4048.0000,4048.2000,4048.4000,4048.8000,4049.0000,1,1,1,1,2,2,1,2,1,1
SF,IF2006,2020-02-19 13:48:08.900,4047.2000,23886,0,6593727480.000,0,-,-,-,-,4046.6000,4046.4000,4046.2000,4046.0000,4045.8000,4048.0000,4048.2000,4048.4000,4048.8000,4049.0000,1,1,1,1,2,2,2,1,1,1
SF,IF2006,2020-02-19 13:48:09.400,4047.2000,23886,0,6593727480.000,0,-,-,-,-,4046.6000,4046.4000,4046.2000,4046.0000,4045.8000,4047.8000,4048.0000,4048.2000,4048.8000,4049.0000,1,1,1,1,2,2,1,1,1,1
SF,IF2006,2020-02-19 13:48:09.900,4047.2000,23886,0,6593727480.000,0,-,-,-,-,4046.6000,4046.4000,4046.2000,4046.0000,4045.8000,4047.8000,4048.0000,4048.8000,4049.0000,4049.8000,1,1,1,1,2,3,1,1,1,1
SF,IF2006,2020-02-19 13:48:10.400,4047.2000,23886,0,6593727480.000,0,-,-,-,-,4046.2000,4046.0000,4045.8000,4045.6000,4045.0000,4047.8000,4048.0000,4048.8000,4049.0000,4049.8000,1,1,2,1,8,3,1,1,1,1
SF,IF2006,2020-02-19 13:48:10.900,4047.2000,23886,0,6593727480.000,0,-,-,-,-,4046.2000,4046.0000,4045.8000,4045.6000,4045.0000,4047.6000,4047.8000,4048.0000,4048.8000,4049.0000,1,1,2,1,8,1,3,1,1,1
SF,IF2006,2020-02-19 13:48:11.400,4047.2000,23886,0,6593727480.000,0,-,-,-,-,4046.2000,4046.0000,4045.8000,4045.6000,4045.0000,4047.4000,4047.6000,4047.8000,4048.0000,4048.8000,1,1,2,1,8,1,1,2,1,1
SF,IF2006,2020-02-19 13:48:11.900,4047.2000,23886,0,6593727480.000,0,-,-,-,-,4046.2000,4046.0000,4045.8000,4045.6000,4045.0000,4047.0000,4047.4000,4047.6000,4047.8000,4048.0000,1,1,2,1,8,1,1,1,1,1
SF,IF2006,2020-02-19 13:48:12.400,4047.4000,23886,0,6596155860.000,2,1,1,空换,B,4046.2000,4046.0000,4045.8000,4045.6000,4045.0000,4047.6000,4047.8000,4048.0000,4048.8000,4049.0000,1,1,2,1,8,1,1,1,1,1
SF,IF2006,2020-02-19 13:48:12.900,4047.4000,23886,0,6596155860.000,0,-,-,-,-,4046.2000,4046.0000,4045.8000,4045.6000,4045.0000,4047.4000,4047.8000,4048.0000,4048.8000,4049.0000,1,1,2,1,8,2,1,1,1,1
SF,IF2006,2020-02-19 13:48:14.900,4047.4000,23886,0,6596155860.000,0,-,-,-,-,4046.4000,4046.2000,4046.0000,4045.8000,4045.6000,4047.4000,4047.8000,4048.0000,4048.8000,4049.0000,1,1,1,2,1,2,1,1,1,1
SF,IF2006,2020-02-19 13:48:16.400,4047.4000,23886,0,6596155860.000,0,-,-,-,-,4046.4000,4046.2000,4046.0000,4045.8000,4045.6000,4047.4000,4047.8000,4048.0000,4048.8000,4049.0000,1,1,1,2,1,2,1,1,1,1
SF,IF2006,2020-02-19 13:48:16.900,4047.4000,23886,0,6596155860.000,0,-,-,-,-,4046.4000,4046.2000,4046.0000,4045.8000,4045.6000,4047.2000,4047.4000,4047.8000,4048.0000,4048.8000,1,1,1,2,1,1,2,1,1,1
SF,IF2006,2020-02-19 13:48:18.900,4047.4000,23886,0,6596155860.000,0,-,-,-,-,4046.4000,4046.2000,4046.0000,4045.8000,4045.6000,4047.4000,4047.8000,4048.0000,4048.8000,4049.0000,1,1,1,2,1,2,1,1,1,1
SF,IF2006,2020-02-19 13:48:19.400,4047.4000,23886,0,6596155860.000,0,-,-,-,-,4046.4000,4046.2000,4046.0000,4045.8000,4045.6000,4047.4000,4047.8000,4048.0000,4048.8000,4049.0000,1,1,1,2,1,1,1,1,1,1
SF,IF2006,2020-02-19 13:48:20.900,4047.4000,23887,1,6597370080.000,1,1,0,双开,B,4047.4000,4046.4000,4046.2000,4046.0000,4045.8000,4047.8000,4048.0000,4048.8000,4049.0000,4049.8000,1,1,1,1,2,1,1,1,1,1
SF,IF2006,2020-02-19 13:48:21.400,4047.4000,23887,0,6597370080.000,0,-,-,-,-,4047.4000,4046.2000,4046.0000,4045.8000,4045.6000,4047.8000,4048.0000,4048.8000,4049.0000,4049.8000,1,1,1,2,1,1,1,1,1,1
SF,IF2006,2020-02-19 13:48:21.900,4047.4000,23887,0,6598584300.000,1,0,1,空换,B,4046.2000,4046.0000,4045.8000,4045.6000,4045.0000,4047.8000,4048.0000,4048.8000,4049.0000,4049.8000,1,1,2,1,8,1,1,1,1,1
SF,IF2006,2020-02-19 13:48:22.400,4047.4000,23887,0,6598584300.000,0,-,-,-,-,4046.6000,4046.4000,4046.2000,4046.0000,4045.8000,4047.8000,4048.0000,4048.8000,4049.0000,4049.8000,1,1,1,1,2,1,1,1,1,1
SF,IF2006,2020-02-19 13:48:25.400,4047.4000,23887,0,6598584300.000,0,-,-,-,-,4046.4000,4046.2000,4046.0000,4045.8000,4045.6000,4047.6000,4047.8000,4048.0000,4048.8000,4049.0000,1,1,1,2,1,3,1,1,1,1
SF,IF2006,2020-02-19 13:48:25.900,4047.4000,23887,0,6598584300.000,0,-,-,-,-,4046.4000,4046.2000,4046.0000,4045.8000,4045.6000,4047.8000,4048.0000,4048.8000,4049.0000,4049.8000,1,1,1,2,1,1,1,1,1,1
SF,IF2006,2020-02-19 13:48:26.900,4047.4000,23887,0,6598584300.000,0,-,-,-,-,4046.2000,4046.0000,4045.8000,4045.6000,4045.0000,4047.8000,4048.0000,4048.8000,4049.0000,4049.8000,1,1,2,1,8,1,1,1,1,1
SF,IF2006,2020-02-19 13:48:27.400,4047.4000,23887,0,6598584300.000,0,-,-,-,-,4046.2000,4046.0000,4045.8000,4045.6000,4045.0000,4047.6000,4047.8000,4048.0000,4048.8000,4049.0000,1,1,2,1,8,1,1,1,1,1
SF,IF2006,2020-02-19 13:48:27.900,4047.4000,23887,0,6598584300.000,0,-,-,-,-,4046.2000,4046.0000,4045.8000,4045.6000,4045.0000,4046.4000,4047.4000,4047.6000,4047.8000,4048.0000,1,1,2,1,8,1,2,2,1,1
SF,IF2006,2020-02-19 13:48:28.400,4046.4000,23888,1,6599798220.000,1,1,0,双开,B,4046.6000,4046.2000,4046.0000,4045.8000,4045.6000,4047.4000,4047.6000,4047.8000,4048.0000,4048.8000,1,1,1,2,1,2,2,1,1,1
SF,IF2006,2020-02-19 13:48:28.900,4046.4000,23888,0,6599798220.000,0,-,-,-,-,4046.2000,4046.0000,4045.8000,4045.6000,4045.0000,4047.4000,4047.6000,4047.8000,4048.0000,4048.8000,1,1,2,1,8,2,1,1,1,1
SF,IF2006,2020-02-19 13:48:29.400,4046.4000,23888,0,6599798220.000,0,-,-,-,-,4046.2000,4046.0000,4045.8000,4045.6000,4045.0000,4047.2000,4047.4000,4047.6000,4047.8000,4048.0000,1,1,2,1,8,1,2,1,1,1
SF,IF2006,2020-02-19 13:48:30.400,4046.4000,23888,0,6599798220.000,0,-,-,-,-,4046.2000,4046.0000,4045.8000,4045.6000,4045.0000,4047.2000,4047.4000,4047.6000,4047.8000,4048.0000,1,1,2,1,8,1,2,1,1,1
SF,IF2006,2020-02-19 13:48:30.900,4046.4000,23888,0,6599798220.000,0,-,-,-,-,4046.2000,4046.0000,4045.8000,4045.6000,4045.0000,4047.4000,4047.6000,4047.8000,4048.0000,4048.8000,1,1,2,1,8,1,1,1,1,1
SF,IF2006,2020-02-19 13:48:31.900,4047.4000,23885,-3,6604654080.000,4,0,4,空平,B,4046.0000,4045.8000,4045.6000,4045.0000,4044.8000,4047.6000,4047.8000,4048.0000,4048.8000,4049.0000,1,2,1,8,1,1,1,1,1,1
SF,IF2006,2020-02-19 13:48:32.400,4047.4000,23885,0,6604654080.000,0,-,-,-,-,4046.2000,4046.0000,4045.8000,4045.6000,4045.0000,4047.4000,4047.6000,4047.8000,4048.0000,4048.8000,1,1,2,1,8,1,1,1,1,1
SF,IF2006,2020-02-19 13:48:33.400,4047.4000,23885,0,6604654080.000,0,-,-,-,-,4046.2000,4046.0000,4045.8000,4045.6000,4045.0000,4047.6000,4047.8000,4048.0000,4048.8000,4049.0000,1,1,2,1,8,1,1,1,1,1
SF,IF2006,2020-02-19 13:48:35.400,4047.4000,23885,0,6604654080.000,0,-,-,-,-,4046.2000,4046.0000,4045.8000,4045.6000,4045.0000,4047.4000,4047.6000,4047.8000,4048.0000,4048.8000,1,1,2,1,8,1,1,1,1,1
SF,IF2006,2020-02-19 13:48:38.900,4047.4000,23885,0,6604654080.000,0,-,-,-,-,4046.6000,4046.4000,4046.0000,4045.8000,4045.6000,4047.4000,4047.6000,4047.8000,4048.0000,4048.8000,1,1,1,2,1,1,1,1,1,1
SF,IF2006,2020-02-19 13:48:39.400,4047.4000,23885,0,6604654080.000,0,-,-,-,-,4046.6000,4046.4000,4046.0000,4045.8000,4045.6000,4047.4000,4047.6000,4047.8000,4048.0000,4048.8000,1,1,1,2,1,1,1,1,1,1
SF,IF2006,2020-02-19 13:48:40.400,4047.4000,23885,0,6604654080.000,0,-,-,-,-,4046.6000,4046.4000,4046.0000,4045.8000,4045.6000,4047.4000,4048.0000,4048.8000,4049.0000,4049.8000,1,1,1,2,1,1,1,1,1,1
SF,IF2006,2020-02-19 13:48:42.900,4047.4000,23885,0,6604654080.000,0,-,-,-,-,4046.0000,4045.8000,4045.6000,4045.0000,4044.8000,4047.4000,4048.0000,4048.8000,4049.0000,4049.8000,1,2,1,8,1,2,1,1,1,1
SF,IF2006,2020-02-19 13:48:43.400,4047.4000,23885,0,6604654080.000,0,-,-,-,-,4046.4000,4046.2000,4046.0000,4045.8000,4045.6000,4047.4000,4048.0000,4048.8000,4049.0000,4049.8000,1,1,1,2,1,1,1,1,1,1
SF,IF2006,2020-02-19 13:48:46.900,4047.4000,23885,0,6604654080.000,0,-,-,-,-,4046.4000,4046.2000,4046.0000,4045.8000,4045.6000,4048.0000,4048.8000,4049.0000,4049.8000,4050.4000,1,1,1,2,1,1,1,1,1,1
SF,IF2006,2020-02-19 13:48:48.900,4047.4000,23885,0,6604654080.000,0,-,-,-,-,4046.4000,4046.2000,4046.0000,4045.8000,4045.6000,4047.8000,4048.0000,4048.2000,4048.8000,4049.0000,1,1,1,2,1,1,2,1,1,1
SF,IF2006,2020-02-19 13:48:50.900,4047.4000,23885,0,6604654080.000,0,-,-,-,-,4046.4000,4046.2000,4046.0000,4045.8000,4045.6000,4047.6000,4047.8000,4048.0000,4048.2000,4048.8000,1,1,1,2,1,1,1,2,1,1
SF,IF2006,2020-02-19 13:48:51.400,4047.4000,23885,0,6604654080.000,0,-,-,-,-,4046.4000,4046.2000,4046.0000,4045.8000,4045.6000,4047.4000,4047.6000,4047.8000,4048.0000,4048.2000,1,1,1,2,1,1,2,1,2,1
SF,IF2006,2020-02-19 13:48:51.900,4047.4000,23885,0,6604654080.000,0,-,-,-,-,4046.4000,4046.2000,4046.0000,4045.8000,4045.6000,4047.4000,4047.6000,4047.8000,4048.0000,4048.2000,1,1,1,2,1,1,2,1,2,1
SF,IF2006,2020-02-19 13:48:53.900,4047.4000,23885,0,6604654080.000,0,-,-,-,-,4046.8000,4046.2000,4046.0000,4045.8000,4045.6000,4047.6000,4047.8000,4048.0000,4048.8000,4049.0000,1,1,1,2,1,2,1,1,1,1
SF,IF2006,2020-02-19 13:48:54.400,4047.4000,23885,0,6604654080.000,0,-,-,-,-,4046.8000,4046.2000,4046.0000,4045.8000,4045.6000,4047.6000,4047.8000,4048.0000,4048.8000,4049.0000,1,1,1,2,1,1,1,1,1,1
SF,IF2006,2020-02-19 13:48:58.400,4047.4000,23885,0,6604654080.000,0,-,-,-,-,4046.8000,4046.2000,4046.0000,4045.8000,4045.6000,4047.8000,4048.0000,4048.8000,4049.0000,4049.8000,1,1,1,2,1,1,1,1,1,1
SF,IF2006,2020-02-19 13:49:00.400,4047.4000,23885,0,6604654080.000,0,-,-,-,-,4046.8000,4046.2000,4046.0000,4045.8000,4045.6000,4047.8000,4048.0000,4048.8000,4049.0000,4049.8000,2,1,1,2,1,1,1,1,1,1
SF,IF2006,2020-02-19 13:49:01.400,4047.4000,23885,0,6604654080.000,0,-,-,-,-,4046.8000,4046.2000,4046.0000,4045.8000,4045.6000,4048.0000,4048.8000,4049.0000,4049.8000,4050.4000,2,1,1,2,1,1,1,1,1,1
SF,IF2006,2020-02-19 13:49:01.900,4047.4000,23885,0,6604654080.000,0,-,-,-,-,4046.8000,4046.0000,4045.8000,4045.6000,4045.0000,4048.0000,4048.8000,4049.0000,4049.8000,4050.4000,2,1,2,1,8,1,1,1,1,1
SF,IF2006,2020-02-19 13:49:02.900,4048.0000,23886,1,6605868480.000,1,1,0,双开,B,4046.8000,4046.0000,4045.8000,4045.6000,4045.0000,4048.8000,4049.0000,4049.8000,4050.4000,4050.6000,2,1,2,1,8,1,1,1,1,1
SF,IF2006,2020-02-19 13:49:03.400,4048.0000,23886,0,6605868480.000,0,-,-,-,-,4046.8000,4046.0000,4045.8000,4045.6000,4045.0000,4048.6000,4048.8000,4049.0000,4049.8000,4050.4000,2,1,2,1,8,2,2,1,1,1
SF,IF2006,2020-02-19 13:49:03.900,4048.0000,23886,0,6605868480.000,0,-,-,-,-,4047.2000,4047.0000,4046.8000,4046.0000,4045.8000,4048.6000,4048.8000,4049.0000,4049.8000,4050.4000,1,5,3,1,2,1,2,1,1,1
SF,IF2006,2020-02-19 13:49:04.400,4048.8000,23886,0,6608297760.000,2,1,1,空换,B,4047.8000,4047.6000,4047.0000,4046.8000,4046.0000,4049.0000,4049.8000,4050.6000,4050.8000,4051.8000,1,2,4,1,1,1,1,1,1,1
SF,IF2006,2020-02-19 13:49:04.900,4049.8000,23887,1,6610727400.000,2,1,1,多开,B,4048.8000,4048.2000,4048.0000,4047.8000,4047.6000,4050.6000,4050.8000,4051.8000,4052.6000,4053.6000,3,1,4,2,1,1,1,1,1,1
SF,IF2006,2020-02-19 13:49:05.400,4050.0000,23888,1,6611942400.000,1,1,0,双开,B,4050.0000,4049.2000,4049.0000,4048.0000,4047.8000,4050.2000,4050.6000,4050.8000,4051.8000,4052.6000,2,1,1,1,2,1,1,2,1,1
SF,IF2006,2020-02-19 13:49:05.900,4049.2000,23891,3,6615587160.000,3,3,0,双开,B,4047.8000,4046.8000,4046.0000,4045.8000,4045.6000,4050.0000,4050.2000,4050.6000,4050.8000,4051.8000,2,1,1,2,1,2,1,1,1,1
SF,IF2006,2020-02-19 13:49:06.400,4049.2000,23891,0,6615587160.000,0,-,-,-,-,4048.4000,4048.2000,4047.8000,4046.8000,4046.0000,4049.8000,4050.0000,4050.2000,4050.6000,4050.8000,1,1,2,1,1,1,1,1,1,1
SF,IF2006,2020-02-19 13:49:06.900,4049.2000,23891,0,6615587160.000,0,-,-,-,-,4048.4000,4048.2000,4047.8000,4046.8000,4046.0000,4050.2000,4050.6000,4050.8000,4051.8000,4052.6000,1,1,2,1,1,1,1,1,1,1
SF,IF2006,2020-02-19 13:49:07.900,4050.2000,23891,0,6616802220.000,1,0,1,空换,B,4050.2000,4048.4000,4048.2000,4047.8000,4046.8000,4050.6000,4050.8000,4051.8000,4052.6000,4053.6000,1,1,1,2,1,1,1,1,1,1
SF,IF2006,2020-02-19 13:49:08.400,4050.2000,23891,0,6618017280.000,1,0,1,空换,B,4047.8000,4046.8000,4046.0000,4045.8000,4045.6000,4050.0000,4050.2000,4050.4000,4050.6000,4050.8000,2,1,1,2,1,1,1,1,1,2
SF,IF2006,2020-02-19 13:49:08.900,4048.6000,23891,0,6619231860.000,1,0,1,空换,B,4048.2000,4047.8000,4046.8000,4046.0000,4045.8000,4049.8000,4050.0000,4050.2000,4050.4000,4050.6000,1,2,1,1,2,1,1,1,1,1
SF,IF2006,2020-02-19 13:49:09.400,4048.6000,23891,0,6619231860.000,0,-,-,-,-,4048.6000,4048.4000,4048.2000,4047.8000,4046.8000,4049.8000,4050.0000,4050.2000,4050.6000,4050.8000,1,1,1,2,1,2,1,1,1,1
SF,IF2006,2020-02-19 13:49:09.900,4048.6000,23891,0,6619231860.000,0,-,-,-,-,4048.8000,4048.6000,4047.8000,4046.8000,4046.0000,4050.0000,4050.2000,4050.6000,4050.8000,4051.8000,1,1,2,1,1,1,1,1,1,1
SF,IF2006,2020-02-19 13:49:10.400,4048.6000,23891,0,6619231860.000,0,-,-,-,-,4048.8000,4048.6000,4047.8000,4046.8000,4046.0000,4050.0000,4050.2000,4050.6000,4050.8000,4051.8000,1,1,2,1,1,1,1,1,1,1
SF,IF2006,2020-02-19 13:49:11.400,4050.0000,23892,1,6620446860.000,1,1,0,双开,B,4050.0000,4048.8000,4048.6000,4047.8000,4046.8000,4050.2000,4050.6000,4050.8000,4051.8000,4052.6000,1,1,1,2,1,1,1,1,1,1
SF,IF2006,2020-02-19 13:49:11.900,4050.0000,23892,0,6620446860.000,0,-,-,-,-,4050.0000,4049.0000,4048.8000,4047.8000,4046.8000,4050.2000,4050.6000,4050.8000,4051.8000,4052.6000,1,1,1,2,1,1,1,1,1,1
SF,IF2006,2020-02-19 13:49:12.400,4050.0000,23892,0,6620446860.000,0,-,-,-,-,4050.0000,4049.0000,4047.8000,4046.8000,4046.0000,4050.2000,4050.6000,4050.8000,4051.8000,4052.6000,1,1,2,1,1,5,1,1,1,1
SF,IF2006,2020-02-19 13:49:13.400,4050.0000,23892,0,6620446860.000,0,-,-,-,-,4050.0000,4049.0000,4047.8000,4046.8000,4046.0000,4050.2000,4050.6000,4050.8000,4051.6000,4051.8000,1,1,2,1,1,5,1,1,1,1
SF,IF2006,2020-02-19 13:49:13.900,4050.0000,23893,1,6621661860.000,1,1,0,双开,B,4047.8000,4046.8000,4046.0000,4045.8000,4045.6000,4050.2000,4050.6000,4050.8000,4051.6000,4051.8000,2,1,1,2,1,5,1,1,1,1
SF,IF2006,2020-02-19 13:49:14.400,4050.0000,23893,0,6621661860.000,0,-,-,-,-,4049.2000,4048.6000,4048.2000,4048.0000,4047.8000,4050.0000,4050.2000,4050.6000,4050.8000,4051.6000,5,2,2,3,2,1,5,1,1,1
SF,IF2006,2020-02-19 13:49:14.900,4050.0000,23893,0,6621661860.000,0,-,-,-,-,4048.8000,4048.0000,4047.8000,4046.8000,4046.0000,4050.2000,4050.6000,4050.8000,4051.6000,4051.8000,1,3,2,1,1,5,1,1,1,1
SF,IF2006,2020-02-19 13:49:15.400,4050.2000,23894,1,6622876920.000,1,1,0,双开,B,4049.0000,4048.8000,4048.0000,4047.8000,4046.8000,4050.2000,4050.6000,4050.8000,4051.6000,4051.8000,1,1,3,2,1,4,1,1,1,1
SF,IF2006,2020-02-19 13:49:15.900,4050.2000,23894,0,6622876920.000,0,-,-,-,-,4049.2000,4049.0000,4048.8000,4048.0000,4047.8000,4050.0000,4050.2000,4050.6000,4050.8000,4051.6000,1,1,1,3,2,1,4,1,1,1
SF,IF2006,2020-02-19 13:49:16.400,4050.2000,23894,0,6622876920.000,0,-,-,-,-,4049.4000,4049.2000,4049.0000,4048.8000,4048.0000,4050.0000,4050.2000,4050.6000,4050.8000,4051.6000,5,1,1,1,3,1,4,1,1,1
SF,IF2006,2020-02-19 13:49:16.900,4050.2000,23894,0,6622876920.000,0,-,-,-,-,4049.2000,4049.0000,4048.8000,4048.0000,4047.8000,4050.0000,4050.2000,4050.6000,4050.8000,4051.6000,1,1,1,3,2,1,4,1,1,1
SF,IF2006,2020-02-19 13:49:17.900,4050.0000,23894,0,6624091920.000,1,0,1,空换,B,4049.2000,4049.0000,4048.8000,4048.0000,4047.8000,4050.2000,4050.6000,4050.8000,4051.6000,4051.8000,1,1,1,3,2,4,1,1,1,1
SF,IF2006,2020-02-19 13:49:18.400,4050.0000,23894,0,6624091920.000,0,-,-,-,-,4049.4000,4049.2000,4049.0000,4048.8000,4048.0000,4050.2000,4050.6000,4050.8000,4051.6000,4051.8000,5,1,1,1,3,4,1,1,1,1
SF,IF2006,2020-02-19 13:49:18.900,4050.0000,23894,0,6624091920.000,0,-,-,-,-,4049.6000,4049.4000,4049.2000,4049.0000,4048.8000,4050.2000,4050.6000,4050.8000,4051.6000,4051.8000,5,5,1,1,1,4,1,1,1,1
SF,IF2006,2020-02-19 13:49:19.400,4050.2000,23895,1,6625306980.000,1,1,0,双开,B,4049.2000,4048.8000,4048.0000,4047.8000,4046.8000,4050.2000,4050.6000,4050.8000,4051.6000,4051.8000,1,1,3,2,1,3,1,1,1,1
SF,IF2006,2020-02-19 13:49:19.900,4050.2000,23895,0,6625306980.000,0,-,-,-,-,4049.6000,4049.4000,4048.8000,4048.0000,4047.8000,4050.2000,4050.6000,4050.8000,4051.6000,4051.8000,5,1,1,3,2,3,1,1,1,1
SF,IF2006,2020-02-19 13:49:20.400,4050.2000,23895,0,6626522040.000,1,0,1,空换,B,4049.4000,4048.8000,4048.0000,4047.8000,4046.8000,4050.2000,4050.6000,4050.8000,4051.6000,4051.8000,1,1,3,2,1,2,1,1,1,1
SF,IF2006,2020-02-19 13:49:20.900,4050.2000,23895,0,6626522040.000,0,-,-,-,-,4049.4000,4048.8000,4048.0000,4047.8000,4046.8000,4050.0000,4050.2000,4050.6000,4050.8000,4051.6000,1,1,3,2,1,1,2,1,1,1
SF,IF2006,2020-02-19 13:49:21.400,4050.2000,23895,0,6626522040.000,0,-,-,-,-,4049.4000,4048.0000,4047.8000,4046.8000,4046.0000,4050.0000,4050.2000,4050.6000,4050.8000,4051.6000,1,3,2,1,1,1,2,1,1,1
SF,IF2006,2020-02-19 13:49:22.900,4050.0000,23895,0,6627737040.000,1,0,1,空换,B,4049.6000,4048.0000,4047.8000,4046.8000,4046.0000,4050.2000,4050.6000,4050.8000,4051.6000,4051.8000,1,3,2,1,1,2,1,1,1,1
SF,IF2006,2020-02-19 13:49:23.400,4050.2000,23896,1,6628952100.000,1,1,0,双开,B,4049.6000,4048.0000,4047.8000,4046.8000,4046.0000,4050.2000,4050.6000,4050.8000,4051.6000,4051.8000,1,3,2,1,1,1,1,1,1,1
SF,IF2006,2020-02-19 13:49:23.900,4050.2000,23897,1,6630167160.000,1,1,0,双开,B,4049.8000,4048.0000,4047.8000,4046.8000,4046.0000,4050.6000,4050.8000,4051.6000,4051.8000,4052.6000,6,3,2,1,1,1,1,1,1,1
SF,IF2006,2020-02-19 13:49:24.400,4050.2000,23897,0,6630167160.000,0,-,-,-,-,4050.0000,4049.8000,4048.0000,4047.8000,4046.8000,4050.6000,4050.8000,4051.6000,4051.8000,4052.6000,5,6,3,2,1,1,1,1,1,1
SF,IF2006,2020-02-19 13:49:24.900,4050.6000,23898,1,6631382340.000,1,1,0,双开,B,4050.0000,4049.8000,4048.0000,4047.8000,4046.8000,4050.8000,4051.6000,4051.8000,4052.6000,4053.6000,5,6,3,2,1,1,1,1,1,1
SF,IF2006,2020-02-19 13:49:25.400,4050.2000,23899,1,6633812640.000,2,1,1,多开,B,4050.2000,4050.0000,4049.8000,4048.0000,4047.8000,4050.6000,4051.6000,4051.8000,4052.6000,4053.6000,4,5,6,3,2,5,1,1,1,1
SF,IF2006,2020-02-19 13:49:25.900,4050.2000,23899,0,6633812640.000,0,-,-,-,-,4050.0000,4049.8000,4048.0000,4047.8000,4046.8000,4050.6000,4051.6000,4051.8000,4052.6000,4053.6000,5,5,3,2,1,5,1,1,1,1
SF,IF2006,2020-02-19 13:49:26.400,4050.2000,23899,0,6633812640.000,0,-,-,-,-,4050.2000,4050.0000,4049.8000,4048.0000,4047.8000,4050.6000,4051.6000,4051.8000,4052.6000,4053.6000,5,5,5,3,2,5,1,1,1,1
SF,IF2006,2020-02-19 13:49:26.900,4050.2000,23899,0,6633812640.000,0,-,-,-,-,4050.0000,4049.8000,4048.0000,4047.8000,4046.8000,4050.6000,4051.6000,4051.8000,4052.6000,4053.6000,5,5,3,2,1,5,1,1,1,1
SF,IF2006,2020-02-19 13:49:27.400,4050.2000,23899,0,6633812640.000,0,-,-,-,-,4050.4000,4050.0000,4049.8000,4048.0000,4047.8000,4050.6000,4051.6000,4051.8000,4052.6000,4053.6000,5,5,5,3,2,5,1,1,1,1
SF,IF2006,2020-02-19 13:49:27.900,4050.6000,23900,1,6637458180.000,3,2,1,多开,B,4050.0000,4049.8000,4048.0000,4047.8000,4046.8000,4050.6000,4051.6000,4051.8000,4052.6000,4053.6000,5,5,3,2,1,2,1,1,1,1
SF,IF2006,2020-02-19 13:49:28.400,4050.2000,23902,2,6639888300.000,2,2,0,双开,B,4050.0000,4049.8000,4048.0000,4047.8000,4046.8000,4050.6000,4051.6000,4051.8000,4052.6000,4053.6000,5,5,3,2,1,2,1,1,1,1
SF,IF2006,2020-02-19 13:49:28.900,4050.6000,23902,0,6642318660.000,2,1,1,空换,B,4050.6000,4050.0000,4049.8000,4048.0000,4047.8000,4051.6000,4051.8000,4052.6000,4053.6000,4054.8000,1,5,5,3,2,1,1,1,1,3
SF,IF2006,2020-02-19 13:49:29.400,4050.6000,23901,-1,6643533840.000,1,0,1,双平,B,4050.0000,4049.8000,4048.0000,4047.8000,4046.8000,4050.6000,4051.4000,4051.6000,4051.8000,4052.6000,5,5,3,2,1,1,1,1,1,1
SF,IF2006,2020-02-19 13:49:29.900,4050.6000,23901,0,6643533840.000,0,-,-,-,-,4048.0000,4047.8000,4046.8000,4046.0000,4045.8000,4050.0000,4050.6000,4051.6000,4051.8000,4052.6000,3,2,1,1,2,1,1,1,1,1
SF,IF2006,2020-02-19 13:49:30.400,4050.6000,23901,0,6643533840.000,0,-,-,-,-,4049.2000,4048.8000,4048.6000,4048.2000,4048.0000,4049.8000,4050.0000,4050.6000,4051.6000,4051.8000,5,1,1,1,3,1,1,1,1,1
SF,IF2006,2020-02-19 13:49:30.900,4050.6000,23901,0,6643533840.000,0,-,-,-,-,4049.2000,4048.6000,4048.2000,4048.0000,4047.8000,4050.0000,4050.6000,4051.6000,4051.8000,4052.6000,5,1,1,3,2,1,1,1,1,1
SF,IF2006,2020-02-19 13:49:31.400,4050.2000,23902,1,6644748900.000,1,1,0,双开,B,4049.2000,4048.6000,4048.2000,4048.0000,4047.8000,4050.6000,4051.6000,4051.8000,4052.6000,4053.6000,5,1,1,3,2,1,1,1,1,1
SF,IF2006,2020-02-19 13:49:32.400,4050.2000,23902,0,6644748900.000,0,-,-,-,-,4049.2000,4048.6000,4048.2000,4048.0000,4047.8000,4050.2000,4050.6000,4051.6000,4051.8000,4052.6000,5,1,1,3,2,1,1,1,1,1
SF,IF2006,2020-02-19 13:49:32.900,4050.2000,23902,0,6644748900.000,0,-,-,-,-,4049.4000,4049.2000,4048.6000,4048.2000,4048.0000,4051.6000,4051.8000,4052.6000,4053.6000,4054.8000,1,5,1,2,3,1,1,1,1,3
SF,IF2006,2020-02-19 13:49:33.400,4050.2000,23902,0,6644748900.000,0,-,-,-,-,4049.6000,4049.4000,4049.2000,4048.6000,4048.2000,4051.2000,4051.4000,4051.6000,4051.8000,4052.6000,5,1,5,1,2,1,3,1,1,1
SF,IF2006,2020-02-19 13:49:33.900,4050.2000,23902,0,6644748900.000,0,-,-,-,-,4050.0000,4049.6000,4049.2000,4048.6000,4048.2000,4051.0000,4051.2000,4051.4000,4051.6000,4051.8000,1,5,5,1,2,1,1,1,1,1
SF,IF2006,2020-02-19 13:49:34.400,4050.2000,23902,0,6644748900.000,0,-,-,-,-,4050.2000,4050.0000,4049.6000,4049.2000,4048.6000,4050.8000,4051.0000,4051.6000,4051.8000,4052.6000,5,1,5,5,1,1,1,1,1,1
SF,IF2006,2020-02-19 13:49:34.900,4050.8000,23902,0,6645964140.000,1,0,1,空换,B,4050.2000,4050.0000,4049.6000,4049.2000,4048.6000,4051.6000,4051.8000,4052.6000,4053.6000,4054.8000,5,1,5,5,1,1,1,1,1,3
SF,IF2006,2020-02-19 13:49:35.400,4050.8000,23902,0,6645964140.000,0,-,-,-,-,4051.0000,4050.2000,4050.0000,4049.6000,4049.2000,4051.6000,4051.8000,4052.6000,4053.6000,4054.8000,1,5,1,5,5,1,1,1,1,3
SF,IF2006,2020-02-19 13:49:35.900,4050.8000,23902,0,6645964140.000,0,-,-,-,-,4051.0000,4050.2000,4050.0000,4049.0000,4048.6000,4051.6000,4051.8000,4052.6000,4053.6000,4054.8000,1,5,1,1,1,1,1,1,1,3
SF,IF2006,2020-02-19 13:49:36.400,4051.0000,23902,0,6647179440.000,1,0,1,空换,B,4050.0000,4049.0000,4048.2000,4048.0000,4047.8000,4051.0000,4051.6000,4051.8000,4052.6000,4053.6000,1,1,1,3,2,1,1,1,1,1
SF,IF2006,2020-02-19 13:49:36.900,4051.0000,23902,0,6647179440.000,0,-,-,-,-,4049.0000,4048.2000,4048.0000,4047.8000,4047.4000,4050.0000,4051.0000,4051.6000,4051.8000,4052.6000,1,1,3,2,7,1,1,1,1,1
SF,IF2006,2020-02-19 13:49:37.400,4050.0000,23902,0,6648394440.000,1,0,1,空换,B,4049.8000,4049.6000,4049.2000,4049.0000,4048.8000,4051.0000,4051.6000,4051.8000,4052.6000,4053.6000,5,1,1,2,1,1,1,1,1,1
SF,IF2006,2020-02-19 13:49:37.900,4050.0000,23902,0,6648394440.000,0,-,-,-,-,4049.8000,4049.6000,4049.0000,4048.8000,4048.2000,4051.0000,4051.6000,4051.8000,4052.6000,4053.6000,5,1,1,1,1,6,1,1,1,1
SF,IF2006,2020-02-19 13:49:38.400,4050.0000,23902,0,6648394440.000,0,-,-,-,-,4049.0000,4048.2000,4048.0000,4047.8000,4047.4000,4050.8000,4051.0000,4051.6000,4051.8000,4052.6000,1,1,2,2,7,2,6,1,1,1
SF,IF2006,2020-02-19 13:49:38.900,4050.0000,23902,0,6648394440.000,0,-,-,-,-,4050.0000,4049.4000,4049.2000,4049.0000,4048.2000,4050.8000,4051.0000,4051.6000,4051.8000,4052.6000,1,5,1,1,1,3,6,1,1,1
SF,IF2006,2020-02-19 13:49:39.400,4050.0000,23902,0,6648394440.000,0,-,-,-,-,4050.2000,4050.0000,4049.4000,4049.0000,4048.2000,4050.8000,4051.0000,4051.6000,4051.8000,4052.6000,5,1,5,1,1,2,6,1,1,1
SF,IF2006,2020-02-19 13:49:39.900,4050.0000,23902,0,6648394440.000,0,-,-,-,-,4050.2000,4050.0000,4049.4000,4049.0000,4048.2000,4051.0000,4051.6000,4051.8000,4052.6000,4053.6000,5,1,5,1,1,5,1,2,1,1
SF,IF2006,2020-02-19 13:49:40.400,4050.0000,23902,0,6648394440.000,0,-,-,-,-,4050.8000,4050.2000,4050.0000,4049.4000,4049.0000,4051.0000,4051.6000,4051.8000,4052.6000,4053.6000,2,5,1,5,1,5,1,2,1,1
SF,IF2006,2020-02-19 13:49:40.900,4050.8000,23905,3,6653255520.000,4,3,1,多开,B,4050.2000,4050.0000,4049.0000,4048.2000,4048.0000,4051.0000,4051.6000,4051.8000,4052.6000,4053.6000,5,1,1,1,2,3,1,2,1,1
SF,IF2006,2020-02-19 13:49:41.400,4050.6000,23906,1,6654470700.000,1,1,0,双开,B,4050.6000,4050.2000,4050.0000,4049.0000,4048.2000,4051.0000,4051.6000,4051.8000,4052.6000,4053.6000,4,5,1,1,1,3,1,2,1,1
SF,IF2006,2020-02-19 13:49:42.400,4050.6000,23906,0,6654470700.000,0,-,-,-,-,4050.2000,4050.0000,4049.0000,4048.2000,4048.0000,4051.0000,4051.6000,4051.8000,4052.6000,4053.6000,5,1,1,1,2,3,1,2,1,1
SF,IF2006,2020-02-19 13:49:43.400,4050.6000,23906,0,6654470700.000,0,-,-,-,-,4050.0000,4049.0000,4048.2000,4048.0000,4047.8000,4051.0000,4051.6000,4051.8000,4052.6000,4053.6000,1,1,1,2,2,3,1,2,1,1
SF,IF2006,2020-02-19 13:49:43.900,4050.6000,23906,0,6654470700.000,0,-,-,-,-,4050.4000,4050.0000,4049.0000,4048.2000,4048.0000,4051.0000,4051.6000,4051.8000,4052.6000,4053.6000,5,1,1,1,2,3,1,2,1,1
SF,IF2006,2020-02-19 13:49:45.400,4050.6000,23906,0,6654470700.000,0,-,-,-,-,4050.6000,4050.4000,4050.0000,4049.0000,4048.2000,4051.0000,4051.6000,4051.8000,4052.6000,4053.6000,5,5,1,1,1,3,1,2,1,1
SF,IF2006,2020-02-19 13:49:46.400,4050.6000,23906,0,6654470700.000,0,-,-,-,-,4050.4000,4050.0000,4049.0000,4048.2000,4048.0000,4051.0000,4051.6000,4051.8000,4052.6000,4053.6000,5,1,1,1,2,3,1,2,1,1
SF,IF2006,2020-02-19 13:49:47.400,4051.0000,23909,3,6658116600.000,3,3,0,双开,B,4051.0000,4050.4000,4050.0000,4049.0000,4048.2000,4051.6000,4051.8000,4052.6000,4053.6000,4055.4000,4,5,1,1,1,1,2,1,1,1
SF,IF2006,2020-02-19 13:49:47.900,4051.0000,23911,2,6660547200.000,2,2,0,双开,B,4051.0000,4050.4000,4050.0000,4049.0000,4048.2000,4051.6000,4051.8000,4052.6000,4053.6000,4055.4000,2,5,1,1,1,1,2,1,1,1
SF,IF2006,2020-02-19 13:49:48.900,4051.0000,23911,0,6661762500.000,1,0,1,空换,B,4051.0000,4050.4000,4050.0000,4049.0000,4048.2000,4051.6000,4051.8000,4052.6000,4053.6000,4055.4000,1,5,1,1,1,1,2,1,1,1
SF,IF2006,2020-02-19 13:49:49.400,4051.0000,23912,1,6662977800.000,1,1,0,双开,B,4050.4000,4050.0000,4049.0000,4048.2000,4048.0000,4051.6000,4051.8000,4052.6000,4053.6000,4055.4000,5,1,1,1,2,1,2,1,1,1
SF,IF2006,2020-02-19 13:49:49.900,4051.0000,23912,0,6662977800.000,0,-,-,-,-,4050.6000,4050.4000,4050.0000,4049.0000,4048.2000,4051.6000,4051.8000,4052.6000,4053.6000,4055.4000,5,5,1,1,1,1,2,1,1,1
SF,IF2006,2020-02-19 13:49:50.900,4051.0000,23912,0,6662977800.000,0,-,-,-,-,4050.4000,4050.0000,4049.0000,4048.2000,4048.0000,4051.6000,4051.8000,4052.6000,4053.6000,4055.4000,5,1,1,1,2,1,2,1,1,1
SF,IF2006,2020-02-19 13:49:51.400,4051.0000,23912,0,6662977800.000,0,-,-,-,-,4050.6000,4050.4000,4050.0000,4049.0000,4048.2000,4051.6000,4051.8000,4052.6000,4053.6000,4055.4000,5,5,1,1,1,1,2,1,1,1
SF,IF2006,2020-02-19 13:49:51.900,4051.0000,23912,0,6662977800.000,0,-,-,-,-,4050.6000,4050.4000,4050.0000,4049.0000,4048.2000,4051.6000,4051.8000,4052.6000,4053.6000,4055.4000,5,5,1,1,1,1,2,1,2,1
SF,IF2006,2020-02-19 13:49:52.400,4051.0000,23912,0,6662977800.000,0,-,-,-,-,4050.8000,4050.6000,4050.4000,4050.0000,4049.0000,4051.6000,4051.8000,4052.6000,4053.6000,4055.4000,1,5,5,1,1,1,2,1,2,1
SF,IF2006,2020-02-19 13:49:54.400,4051.6000,23913,1,6664193280.000,1,1,0,双开,B,4051.2000,4050.8000,4050.6000,4050.4000,4050.0000,4051.8000,4052.6000,4053.6000,4055.4000,4056.0000,5,1,5,5,1,2,1,2,1,3
SF,IF2006,2020-02-19 13:49:54.900,4051.6000,23913,0,6664193280.000,0,-,-,-,-,4051.2000,4050.8000,4050.6000,4050.4000,4050.0000,4051.8000,4052.6000,4053.6000,4055.4000,4056.0000,5,1,5,5,1,2,1,2,1,3
SF,IF2006,2020-02-19 13:49:55.400,4051.6000,23913,0,6664193280.000,0,-,-,-,-,4051.4000,4051.2000,4050.8000,4050.6000,4050.4000,4051.8000,4052.6000,4053.6000,4055.4000,4056.0000,5,5,1,5,5,2,1,2,1,3
SF,IF2006,2020-02-19 13:49:55.900,4051.6000,23913,0,6664193280.000,0,-,-,-,-,4051.6000,4051.4000,4051.2000,4050.6000,4050.4000,4051.8000,4052.0000,4052.6000,4053.6000,4055.4000,1,5,5,5,5,2,5,1,2,1
SF,IF2006,2020-02-19 13:49:56.400,4051.6000,23913,0,6664193280.000,0,-,-,-,-,4051.6000,4051.4000,4051.2000,4050.6000,4049.0000,4051.8000,4052.0000,4052.6000,4053.6000,4055.4000,1,5,5,5,1,2,5,1,2,1
SF,IF2006,2020-02-19 13:49:57.400,4051.6000,23913,0,6664193280.000,0,-,-,-,-,4051.6000,4051.4000,4051.2000,4050.6000,4049.0000,4051.8000,4052.0000,4052.6000,4053.6000,4055.4000,1,5,5,5,1,2,5,1,2,1
SF,IF2006,2020-02-19 13:49:57.900,4052.0000,23916,3,6670271160.000,5,4,1,多开,B,4051.6000,4051.4000,4051.2000,4050.6000,4049.0000,4052.0000,4052.6000,4053.6000,4055.4000,4056.0000,1,5,5,5,1,2,1,2,1,3
SF,IF2006,2020-02-19 13:49:58.400,4052.0000,23916,0,6671486760.000,1,0,1,空换,B,4051.6000,4051.2000,4050.6000,4049.0000,4048.2000,4052.0000,4052.6000,4053.6000,4055.4000,4056.0000,1,5,5,1,1,1,1,2,1,3
SF,IF2006,2020-02-19 13:49:58.900,4051.6000,23916,0,6672702240.000,1,0,1,空换,B,4050.6000,4049.0000,4048.2000,4048.0000,4047.8000,4052.0000,4052.6000,4053.6000,4055.4000,4056.0000,5,1,1,1,2,1,1,2,1,3
SF,IF2006,2020-02-19 13:49:59.400,4051.6000,23916,0,6672702240.000,0,-,-,-,-,4050.6000,4049.0000,4048.2000,4048.0000,4047.8000,4052.0000,4052.6000,4053.6000,4055.4000,4056.0000,5,1,1,1,2,2,1,2,1,3
SF,IF2006,2020-02-19 13:49:59.900,4051.6000,23916,0,6672702240.000,0,-,-,-,-,4049.0000,4048.2000,4048.0000,4047.8000,4047.4000,4051.8000,4052.0000,4052.6000,4053.6000,4055.4000,1,1,1,2,7,1,2,1,2,1
SF,IF2006,2020-02-19 13:50:00.400,4051.6000,23916,0,6672702240.000,0,-,-,-,-,4049.8000,4049.2000,4049.0000,4048.2000,4047.8000,4051.6000,4051.8000,4052.0000,4052.6000,4053.6000,2,1,1,1,2,1,2,2,1,2
SF,IF2006,2020-02-19 13:50:00.900,4051.6000,23916,0,6672702240.000,0,-,-,-,-,4050.2000,4049.2000,4049.0000,4048.2000,4047.8000,4051.4000,4051.6000,4051.8000,4052.0000,4052.6000,2,1,1,1,2,1,1,1,2,1
SF,IF2006,2020-02-19 13:50:01.400,4052.0000,23917,1,6676348920.000,3,2,1,多开,B,4051.6000,4050.2000,4049.2000,4049.0000,4048.2000,4052.6000,4053.6000,4055.4000,4056.0000,4057.6000,2,2,1,1,1,1,2,1,3,3
SF,IF2006,2020-02-19 13:50:01.900,4051.6000,23917,0,6677564400.000,1,0,1,空换,B,4051.6000,4049.2000,4049.0000,4048.2000,4047.8000,4052.0000,4052.2000,4052.4000,4052.6000,4053.6000,1,1,1,1,2,1,1,6,1,2
SF,IF2006,2020-02-19 13:50:02.400,4051.6000,23918,1,6678779880.000,1,1,0,双开,B,4049.2000,4049.0000,4048.2000,4047.8000,4047.4000,4051.6000,4052.0000,4052.2000,4052.4000,4052.6000,1,1,1,2,7,1,1,2,5,1
SF,IF2006,2020-02-19 13:50:02.900,4051.6000,23918,0,6678779880.000,0,-,-,-,-,4050.0000,4049.8000,4049.4000,4049.2000,4049.0000,4051.4000,4051.6000,4052.0000,4052.2000,4052.4000,1,2,1,1,1,1,1,1,2,5
SF,IF2006,2020-02-19 13:50:03.400,4051.6000,23918,0,6678779880.000,0,-,-,-,-,4050.4000,4050.2000,4049.8000,4049.4000,4049.2000,4051.6000,4052.0000,4052.2000,4052.4000,4052.6000,1,1,1,1,1,1,1,2,2,1
SF,IF2006,2020-02-19 13:50:04.400,4051.6000,23918,0,6678779880.000,0,-,-,-,-,4050.4000,4050.2000,4049.8000,4049.4000,4049.2000,4052.0000,4052.2000,4052.4000,4052.6000,4053.6000,1,1,1,1,1,1,1,2,1,2
SF,IF2006,2020-02-19 13:50:05.400,4051.6000,23918,0,6678779880.000,0,-,-,-,-,4050.4000,4050.2000,4049.8000,4049.4000,4049.2000,4052.0000,4052.2000,4052.6000,4053.6000,4054.4000,1,1,1,1,1,1,1,1,2,1
SF,IF2006,2020-02-19 13:50:06.400,4052.0000,23918,0,6679995480.000,1,0,1,空换,B,4052.0000,4050.4000,4050.2000,4049.8000,4049.4000,4052.2000,4052.6000,4053.6000,4054.4000,4055.4000,1,1,1,1,1,1,1,2,1,1
SF,IF2006,2020-02-19 13:50:06.900,4052.0000,23919,1,6681211080.000,1,1,0,双开,B,4049.8000,4049.4000,4049.2000,4049.0000,4048.2000,4051.8000,4052.0000,4052.6000,4053.6000,4054.4000,1,1,1,1,1,1,2,1,2,1
SF,IF2006,2020-02-19 13:50:07.400,4052.0000,23919,0,6681211080.000,0,-,-,-,-,4050.6000,4050.4000,4049.8000,4049.4000,4049.2000,4051.6000,4052.0000,4052.6000,4053.6000,4054.4000,1,1,1,1,1,1,1,1,2,1
SF,IF2006,2020-02-19 13:50:07.900,4052.0000,23919,0,6681211080.000,0,-,-,-,-,4050.6000,4050.4000,4049.8000,4049.4000,4049.2000,4052.0000,4052.6000,4053.6000,4054.4000,4055.4000,1,1,1,1,1,1,1,2,1,1
SF,IF2006,2020-02-19 13:50:08.900,4052.0000,23919,0,6681211080.000,0,-,-,-,-,4050.6000,4050.4000,4050.2000,4049.8000,4049.4000,4052.0000,4052.6000,4053.6000,4054.4000,4055.4000,1,1,1,1,1,1,1,2,1,1
SF,IF2006,2020-02-19 13:50:09.400,4052.0000,23919,0,6681211080.000,0,-,-,-,-,4051.0000,4050.8000,4050.2000,4049.8000,4049.4000,4052.0000,4052.6000,4053.6000,4054.4000,4055.4000,1,1,1,1,1,1,1,2,1,1
SF,IF2006,2020-02-19 13:50:09.900,4052.0000,23919,0,6681211080.000,0,-,-,-,-,4051.0000,4050.8000,4050.2000,4049.4000,4049.2000,4052.0000,4052.6000,4053.6000,4054.4000,4055.4000,1,1,1,1,1,1,1,2,1,1
SF,IF2006,2020-02-19 13:50:10.900,4051.0000,23920,1,6682426380.000,1,1,0,双开,B,4050.8000,4050.2000,4049.4000,4049.2000,4049.0000,4052.0000,4052.6000,4053.6000,4054.4000,4055.4000,1,2,1,1,1,1,1,2,1,1
SF,IF2006,2020-02-19 13:50:14.400,4051.0000,23920,0,6682426380.000,0,-,-,-,-,4050.8000,4050.2000,4049.4000,4049.2000,4049.0000,4052.0000,4052.6000,4053.6000,4054.4000,4055.4000,1,2,1,1,1,2,1,2,1,1
SF,IF2006,2020-02-19 13:50:15.900,4051.0000,23920,0,6682426380.000,0,-,-,-,-,4051.0000,4050.8000,4050.2000,4049.4000,4049.2000,4052.0000,4052.6000,4053.6000,4054.4000,4055.4000,1,1,2,1,1,2,1,2,1,1
SF,IF2006,2020-02-19 13:50:16.400,4051.0000,23920,0,6682426380.000,0,-,-,-,-,4051.2000,4051.0000,4050.2000,4049.4000,4049.2000,4052.0000,4052.6000,4053.6000,4054.4000,4055.4000,1,2,2,1,1,2,1,2,1,1
SF,IF2006,2020-02-19 13:50:16.900,4052.0000,23921,1,6684857580.000,2,1,1,多开,B,4052.0000,4051.4000,4051.2000,4050.2000,4049.4000,4052.6000,4053.6000,4054.4000,4055.4000,4056.0000,2,6,2,2,1,1,2,1,1,3
SF,IF2006,2020-02-19 13:50:17.400,4052.0000,23921,0,6684857580.000,0,-,-,-,-,4052.0000,4051.4000,4050.2000,4049.4000,4049.2000,4052.6000,4053.6000,4054.4000,4055.4000,4056.0000,2,5,2,1,1,1,2,1,1,3
SF,IF2006,2020-02-19 13:50:17.900,4052.0000,23921,0,6684857580.000,0,-,-,-,-,4052.4000,4052.0000,4051.4000,4050.2000,4049.4000,4052.6000,4053.6000,4054.4000,4055.4000,4056.0000,5,2,5,2,1,1,2,1,1,3
SF,IF2006,2020-02-19 13:50:18.400,4052.6000,23921,0,6686073360.000,1,0,1,空换,B,4052.6000,4052.4000,4052.0000,4051.4000,4050.2000,4053.6000,4054.4000,4055.4000,4056.0000,4057.6000,5,5,2,5,2,2,1,1,3,3
SF,IF2006,2020-02-19 13:50:18.900,4052.6000,23921,0,6686073360.000,0,-,-,-,-,4052.6000,4052.4000,4052.0000,4050.2000,4050.0000,4053.6000,4054.4000,4055.4000,4055.8000,4056.0000,5,5,2,2,5,2,1,1,1,3
SF,IF2006,2020-02-19 13:50:20.900,4052.6000,23921,0,6686073360.000,0,-,-,-,-,4052.4000,4052.0000,4050.2000,4049.4000,4049.2000,4053.4000,4053.6000,4054.4000,4055.4000,4055.8000,5,2,2,1,1,1,2,1,1,1
SF,IF2006,2020-02-19 13:50:21.400,4052.6000,23921,0,6686073360.000,0,-,-,-,-,4052.0000,4050.2000,4049.4000,4049.2000,4049.0000,4053.4000,4053.6000,4054.4000,4055.4000,4055.8000,2,2,1,1,1,1,2,1,1,1
SF,IF2006,2020-02-19 13:50:21.900,4052.6000,23921,0,6686073360.000,0,-,-,-,-,4052.2000,4050.2000,4049.4000,4049.2000,4049.0000,4053.4000,4053.6000,4054.4000,4055.4000,4055.8000,1,2,1,1,1,1,2,1,1,1
SF,IF2006,2020-02-19 13:50:23.400,4052.6000,23921,0,6686073360.000,0,-,-,-,-,4052.4000,4052.2000,4050.2000,4049.4000,4049.2000,4053.6000,4054.4000,4055.4000,4055.8000,4056.0000,5,1,2,1,1,2,1,1,1,3
SF,IF2006,2020-02-19 13:50:23.900,4052.6000,23921,0,6686073360.000,0,-,-,-,-,4052.4000,4052.2000,4050.2000,4049.4000,4049.2000,4053.4000,4053.6000,4054.4000,4055.4000,4055.8000,5,1,2,1,1,1,2,1,1,1
SF,IF2006,2020-02-19 13:50:24.900,4052.6000,23921,0,6686073360.000,0,-,-,-,-,4052.2000,4050.2000,4049.4000,4049.2000,4049.0000,4053.4000,4053.6000,4054.4000,4055.4000,4055.8000,1,2,1,1,1,1,2,1,1,1
SF,IF2006,2020-02-19 13:50:25.900,4052.6000,23921,0,6686073360.000,0,-,-,-,-,4052.4000,4052.2000,4050.2000,4049.4000,4049.2000,4053.4000,4053.6000,4054.4000,4055.4000,4055.8000,5,1,2,1,1,1,2,1,1,1
SF,IF2006,2020-02-19 13:50:26.400,4053.4000,23922,1,6687289380.000,1,1,0,双开,B,4052.4000,4052.2000,4050.2000,4049.4000,4049.2000,4053.6000,4053.8000,4054.4000,4055.4000,4055.8000,5,1,2,1,1,2,1,1,1,1
SF,IF2006,2020-02-19 13:50:26.900,4053.4000,23922,0,6687289380.000,0,-,-,-,-,4052.2000,4050.2000,4049.4000,4049.2000,4049.0000,4053.6000,4053.8000,4054.4000,4055.4000,4055.8000,1,2,1,1,1,2,1,1,1,1
SF,IF2006,2020-02-19 13:50:27.900,4053.4000,23922,0,6687289380.000,0,-,-,-,-,4052.2000,4050.2000,4049.4000,4049.2000,4049.0000,4053.4000,4053.6000,4053.8000,4054.4000,4055.4000,1,2,1,1,1,1,2,1,1,1
SF,IF2006,2020-02-19 13:50:28.400,4053.4000,23922,0,6687289380.000,0,-,-,-,-,4050.2000,4049.4000,4049.2000,4049.0000,4048.2000,4053.4000,4053.6000,4053.8000,4054.4000,4055.4000,2,1,1,1,1,1,2,1,1,1
SF,IF2006,2020-02-19 13:50:28.900,4053.4000,23922,0,6687289380.000,0,-,-,-,-,4051.8000,4051.2000,4050.4000,4050.2000,4050.0000,4053.2000,4053.4000,4053.6000,4053.8000,4054.4000,5,3,2,3,2,1,1,2,1,1
SF,IF2006,2020-02-19 13:50:29.400,4051.8000,23922,0,6688504920.000,1,0,1,空换,B,4051.8000,4051.2000,4050.4000,4050.2000,4050.0000,4053.0000,4053.4000,4053.6000,4053.8000,4054.4000,4,1,2,3,2,1,1,2,1,1
SF,IF2006,2020-02-19 13:50:29.900,4051.8000,23922,0,6688504920.000,0,-,-,-,-,4051.8000,4051.2000,4050.4000,4050.2000,4050.0000,4053.0000,4053.4000,4053.6000,4053.8000,4054.4000,4,1,2,3,2,1,1,2,1,1
SF,IF2006,2020-02-19 13:50:30.400,4051.8000,23922,0,6688504920.000,0,-,-,-,-,4050.4000,4050.2000,4050.0000,4049.0000,4048.2000,4052.2000,4053.0000,4053.4000,4053.6000,4053.8000,2,2,2,1,1,1,1,1,2,1
SF,IF2006,2020-02-19 13:50:30.900,4051.8000,23922,0,6688504920.000,0,-,-,-,-,4051.6000,4051.4000,4051.2000,4050.4000,4050.2000,4052.2000,4053.0000,4053.4000,4053.6000,4053.8000,5,1,1,2,2,1,1,1,2,1
SF,IF2006,2020-02-19 13:50:31.400,4051.8000,23922,0,6688504920.000,0,-,-,-,-,4051.6000,4051.4000,4050.4000,4050.2000,4049.0000,4052.2000,4052.8000,4053.0000,4053.4000,4053.6000,5,1,2,2,1,1,1,1,1,2
SF,IF2006,2020-02-19 13:50:33.900,4051.8000,23922,0,6688504920.000,0,-,-,-,-,4051.6000,4051.4000,4050.4000,4050.2000,4049.0000,4052.0000,4052.2000,4052.8000,4053.0000,4053.4000,5,1,2,2,1,1,1,1,1,1
SF,IF2006,2020-02-19 13:50:34.400,4052.0000,23922,0,6689720520.000,1,0,1,空换,B,4052.0000,4051.6000,4051.4000,4050.4000,4050.2000,4052.2000,4052.8000,4053.0000,4053.4000,4053.6000,2,5,1,2,2,1,1,1,1,2
SF,IF2006,2020-02-19 13:50:34.900,4052.2000,23922,0,6690936180.000,1,0,1,空换,B,4052.2000,4052.0000,4051.6000,4050.4000,4050.2000,4052.8000,4053.4000,4053.6000,4053.8000,4054.4000,5,2,5,2,2,1,1,2,1,1
SF,IF2006,2020-02-19 13:50:35.400,4052.2000,23922,0,6690936180.000,0,-,-,-,-,4052.0000,4051.6000,4050.4000,4050.2000,4049.0000,4052.8000,4053.4000,4053.6000,4053.8000,4054.4000,2,5,2,2,1,1,1,2,1,1
SF,IF2006,2020-02-19 13:50:36.400,4052.2000,23922,0,6690936180.000,0,-,-,-,-,4052.4000,4052.0000,4051.6000,4050.4000,4050.2000,4053.4000,4053.6000,4053.8000,4054.4000,4055.4000,5,2,5,2,2,1,2,1,1,1
SF,IF2006,2020-02-19 13:50:37.900,4052.2000,23922,0,6690936180.000,0,-,-,-,-,4052.6000,4052.0000,4051.6000,4050.4000,4050.2000,4053.4000,4053.6000,4053.8000,4054.4000,4055.4000,1,2,5,2,2,1,2,1,1,1
SF,IF2006,2020-02-19 13:50:38.900,4052.2000,23922,0,6690936180.000,0,-,-,-,-,4052.6000,4052.0000,4051.6000,4050.4000,4050.2000,4053.6000,4053.8000,4054.4000,4055.4000,4055.8000,1,2,5,2,2,2,1,1,1,1
SF,IF2006,2020-02-19 13:50:39.900,4052.6000,23923,1,6692151960.000,1,1,0,双开,B,4052.8000,4052.6000,4052.0000,4051.6000,4050.4000,4053.6000,4053.8000,4054.4000,4055.4000,4055.8000,4,1,2,5,2,2,1,1,1,1
SF,IF2006,2020-02-19 13:50:40.400,4052.6000,23923,0,6692151960.000,0,-,-,-,-,4052.6000,4050.4000,4050.2000,4049.0000,4048.2000,4053.6000,4053.8000,4054.4000,4055.4000,4055.8000,1,2,2,1,1,2,1,1,1,1
SF,IF2006,2020-02-19 13:50:40.900,4052.6000,23923,0,6692151960.000,0,-,-,-,-,4050.4000,4050.2000,4049.0000,4048.2000,4047.8000,4053.6000,4053.8000,4054.4000,4054.6000,4055.4000,2,2,1,1,2,2,1,1,1,1
SF,IF2006,2020-02-19 13:50:41.400,4052.6000,23923,0,6692151960.000,0,-,-,-,-,4052.4000,4051.6000,4051.2000,4051.0000,4050.8000,4053.4000,4053.6000,4053.8000,4054.4000,4054.6000,5,2,1,1,2,1,2,1,1,1
SF,IF2006,2020-02-19 13:50:41.900,4052.6000,23923,0,6692151960.000,0,-,-,-,-,4052.4000,4051.2000,4051.0000,4050.8000,4050.6000,4053.6000,4053.8000,4054.4000,4054.6000,4055.4000,5,1,1,2,2,2,1,1,1,1
SF,IF2006,2020-02-19 13:50:42.400,4052.6000,23923,0,6692151960.000,0,-,-,-,-,4052.6000,4052.4000,4051.2000,4051.0000,4050.8000,4053.6000,4053.8000,4054.4000,4054.6000,4055.4000,5,5,1,1,2,2,1,1,1,1
SF,IF2006,2020-02-19 13:50:43.400,4052.6000,23923,0,6692151960.000,0,-,-,-,-,4053.0000,4052.6000,4052.4000,4051.2000,4051.0000,4053.6000,4053.8000,4054.4000,4054.6000,4055.4000,5,5,5,1,1,2,1,1,1,1
SF,IF2006,2020-02-19 13:50:43.900,4053.6000,23921,-2,6694584120.000,2,0,2,双平,B,4053.4000,4053.0000,4052.6000,4052.4000,4051.2000,4053.8000,4054.4000,4054.6000,4055.4000,4055.8000,1,5,5,5,1,1,1,1,1,1
SF,IF2006,2020-02-19 13:50:44.400,4053.6000,23921,0,6694584120.000,0,-,-,-,-,4053.6000,4053.4000,4053.0000,4052.6000,4052.4000,4053.8000,4054.4000,4054.6000,4055.4000,4055.8000,5,1,5,5,5,2,1,1,1,1
SF,IF2006,2020-02-19 13:50:44.900,4053.8000,23923,2,6697016400.000,2,2,0,双开,B,4053.0000,4052.6000,4051.2000,4051.0000,4050.8000,4054.4000,4054.6000,4055.4000,4055.8000,4056.0000,5,5,1,1,2,1,1,1,1,3
SF,IF2006,2020-02-19 13:50:45.400,4053.8000,23923,0,6697016400.000,0,-,-,-,-,4053.2000,4053.0000,4052.6000,4051.2000,4051.0000,4054.4000,4054.6000,4055.4000,4055.8000,4056.0000,5,5,5,1,1,1,1,1,1,3
SF,IF2006,2020-02-19 13:50:45.900,4053.8000,23923,0,6697016400.000,0,-,-,-,-,4052.6000,4051.2000,4051.0000,4050.8000,4050.6000,4054.4000,4054.6000,4055.4000,4055.8000,4056.0000,5,1,1,2,2,1,1,1,1,3
SF,IF2006,2020-02-19 13:50:46.400,4053.8000,23923,0,6697016400.000,0,-,-,-,-,4052.8000,4052.6000,4051.2000,4051.0000,4050.8000,4054.4000,4054.6000,4055.4000,4055.8000,4056.0000,6,5,1,1,2,1,1,1,1,3
SF,IF2006,2020-02-19 13:50:46.900,4053.8000,23923,0,6697016400.000,0,-,-,-,-,4052.8000,4052.6000,4051.2000,4051.0000,4050.8000,4054.2000,4054.4000,4054.6000,4055.4000,4055.8000,6,5,1,1,2,1,1,1,1,1
SF,IF2006,2020-02-19 13:50:47.400,4053.8000,23923,0,6697016400.000,0,-,-,-,-,4053.4000,4052.8000,4052.6000,4051.2000,4051.0000,4054.2000,4054.4000,4054.6000,4055.4000,4055.8000,5,6,5,1,1,1,1,1,1,1
SF,IF2006,2020-02-19 13:50:47.900,4053.8000,23923,0,6697016400.000,0,-,-,-,-,4053.6000,4053.4000,4052.8000,4052.6000,4051.2000,4054.4000,4054.6000,4055.4000,4055.8000,4056.0000,1,5,5,5,1,1,1,1,1,3
SF,IF2006,2020-02-19 13:50:48.400,4053.8000,23923,0,6697016400.000,0,-,-,-,-,4053.8000,4053.6000,4053.4000,4052.8000,4052.6000,4054.0000,4054.4000,4054.6000,4055.4000,4055.8000,5,1,5,5,5,1,1,1,1,1
SF,IF2006,2020-02-19 13:50:48.900,4053.8000,23923,0,6697016400.000,0,-,-,-,-,4053.8000,4053.6000,4053.4000,4052.8000,4051.2000,4054.0000,4054.4000,4054.6000,4055.4000,4055.8000,5,1,5,5,1,1,1,1,1,1
SF,IF2006,2020-02-19 13:50:49.900,4053.8000,23924,1,6698232540.000,1,1,0,双开,B,4053.8000,4053.6000,4053.4000,4052.8000,4051.2000,4054.0000,4054.2000,4054.4000,4054.6000,4055.4000,4,1,5,5,1,1,1,1,1,1
SF,IF2006,2020-02-19 13:50:50.400,4054.0000,23924,0,6699448740.000,1,0,1,空换,B,4053.8000,4053.6000,4053.4000,4052.8000,4051.2000,4054.2000,4054.4000,4054.6000,4055.4000,4055.8000,4,1,5,5,1,1,1,1,1,1
SF,IF2006,2020-02-19 13:50:50.900,4053.8000,23926,2,6701881020.000,2,2,0,双开,B,4053.4000,4052.8000,4051.2000,4050.8000,4050.6000,4053.8000,4054.2000,4054.4000,4054.6000,4055.4000,5,5,1,2,2,1,1,1,1,1
SF,IF2006,2020-02-19 13:50:51.400,4053.8000,23926,0,6701881020.000,0,-,-,-,-,4052.8000,4051.2000,4050.8000,4050.6000,4050.4000,4053.8000,4054.2000,4054.4000,4054.6000,4055.4000,5,1,2,2,3,1,1,1,1,1
SF,IF2006,2020-02-19 13:50:51.900,4053.8000,23926,0,6701881020.000,0,-,-,-,-,4053.0000,4050.8000,4050.6000,4050.4000,4050.2000,4053.8000,4054.2000,4054.4000,4054.6000,4055.4000,2,1,2,3,2,1,1,1,1,1
SF,IF2006,2020-02-19 13:50:52.400,4053.8000,23926,0,6701881020.000,0,-,-,-,-,4050.8000,4050.6000,4050.4000,4050.2000,4049.0000,4053.8000,4054.2000,4054.4000,4054.6000,4055.4000,1,2,3,2,1,1,1,1,1,1
SF,IF2006,2020-02-19 13:50:52.900,4053.8000,23926,0,6701881020.000,0,-,-,-,-,4051.8000,4051.4000,4050.8000,4050.6000,4050.4000,4053.6000,4053.8000,4054.2000,4054.4000,4054.6000,2,3,1,2,1,2,1,1,1,1
SF,IF2006,2020-02-19 13:50:53.400,4053.8000,23926,0,6701881020.000,0,-,-,-,-,4051.8000,4051.4000,4050.8000,4050.6000,4050.4000,4053.6000,4053.8000,4054.2000,4054.4000,4054.6000,2,3,1,2,1,2,1,1,1,1
SF,IF2006,2020-02-19 13:50:53.900,4053.8000,23926,0,6701881020.000,0,-,-,-,-,4052.2000,4051.8000,4051.4000,4050.8000,4050.6000,4053.6000,4053.8000,4054.2000,4054.4000,4054.6000,2,2,3,1,2,1,1,1,1,1
SF,IF2006,2020-02-19 13:50:54.400,4053.8000,23926,0,6701881020.000,0,-,-,-,-,4052.4000,4051.4000,4050.8000,4050.6000,4050.4000,4053.8000,4054.2000,4054.4000,4054.6000,4055.4000,2,1,1,2,1,1,1,1,1,1
SF,IF2006,2020-02-19 13:50:54.900,4053.8000,23926,0,6701881020.000,0,-,-,-,-,4052.8000,4052.4000,4051.4000,4050.8000,4050.6000,4053.8000,4054.2000,4054.4000,4054.6000,4055.4000,1,1,1,1,2,1,1,1,1,1
SF,IF2006,2020-02-19 13:50:55.400,4053.8000,23926,0,6701881020.000,0,-,-,-,-,4052.8000,4051.4000,4050.8000,4050.6000,4050.4000,4053.8000,4054.2000,4054.4000,4054.6000,4055.4000,1,1,1,2,1,1,1,1,1,1
SF,IF2006,2020-02-19 13:50:56.400,4053.8000,23926,0,6701881020.000,0,-,-,-,-,4052.8000,4051.4000,4050.8000,4050.6000,4050.4000,4053.8000,4054.2000,4054.4000,4054.6000,4055.4000,1,1,1,2,1,1,1,1,1,1
SF,IF2006,2020-02-19 13:50:59.900,4053.8000,23926,0,6701881020.000,0,-,-,-,-,4052.8000,4050.8000,4050.6000,4050.4000,4050.2000,4053.8000,4054.2000,4054.4000,4054.6000,4055.4000,1,1,2,1,2,1,1,1,1,1
SF,IF2006,2020-02-19 13:51:02.400,4053.8000,23926,0,6701881020.000,0,-,-,-,-,4052.8000,4050.8000,4050.6000,4050.4000,4050.2000,4053.8000,4054.2000,4054.4000,4054.6000,4055.4000,1,1,2,1,2,1,1,1,1,1
SF,IF2006,2020-02-19 13:51:03.900,4053.8000,23926,0,6703097160.000,1,0,1,空换,B,4052.8000,4050.8000,4050.6000,4050.4000,4050.2000,4054.2000,4054.4000,4054.6000,4055.4000,4055.8000,1,1,2,1,2,1,1,1,1,1
SF,IF2006,2020-02-19 13:51:04.400,4053.8000,23926,0,6703097160.000,0,-,-,-,-,4052.8000,4050.8000,4050.6000,4050.4000,4050.2000,4053.8000,4054.2000,4054.4000,4054.6000,4055.4000,1,1,2,1,2,1,1,1,1,1
SF,IF2006,2020-02-19 13:51:04.900,4053.8000,23926,0,6703097160.000,0,-,-,-,-,4052.8000,4050.8000,4050.6000,4050.4000,4050.2000,4054.2000,4054.4000,4054.6000,4055.4000,4055.8000,1,1,2,1,2,1,1,1,1,1
SF,IF2006,2020-02-19 13:51:05.900,4052.8000,23926,0,6704313000.000,1,0,1,空换,B,4052.8000,4050.8000,4050.6000,4050.4000,4050.2000,4054.2000,4054.4000,4054.6000,4055.4000,4055.8000,2,1,2,1,2,1,1,1,1,1
SF,IF2006,2020-02-19 13:51:06.400,4052.8000,23926,0,6704313000.000,0,-,-,-,-,4052.8000,4050.8000,4050.6000,4050.4000,4050.2000,4054.2000,4054.4000,4054.6000,4055.4000,4055.8000,2,1,2,1,2,1,1,1,1,1
SF,IF2006,2020-02-19 13:51:06.900,4052.8000,23926,0,6704313000.000,0,-,-,-,-,4052.8000,4050.8000,4050.6000,4050.4000,4050.2000,4054.0000,4054.2000,4054.4000,4054.6000,4055.4000,2,1,2,1,2,1,1,1,1,1
SF,IF2006,2020-02-19 13:51:07.900,4052.8000,23926,0,6704313000.000,0,-,-,-,-,4053.2000,4052.8000,4050.8000,4050.6000,4050.4000,4054.0000,4054.2000,4054.4000,4054.6000,4055.4000,5,2,1,2,1,1,1,1,1,1
SF,IF2006,2020-02-19 13:51:08.400,4052.8000,23926,0,6704313000.000,0,-,-,-,-,4053.4000,4053.2000,4052.8000,4050.8000,4050.6000,4053.6000,4054.0000,4054.2000,4054.4000,4054.6000,5,5,2,1,2,1,1,1,1,1
SF,IF2006,2020-02-19 13:51:09.400,4052.8000,23926,0,6704313000.000,0,-,-,-,-,4053.2000,4052.8000,4050.8000,4050.6000,4050.4000,4053.6000,4054.0000,4054.2000,4054.4000,4054.6000,5,2,1,2,1,1,1,1,1,1
SF,IF2006,2020-02-19 13:51:09.900,4052.8000,23926,0,6704313000.000,0,-,-,-,-,4053.2000,4052.8000,4050.8000,4050.6000,4050.4000,4053.6000,4054.2000,4054.4000,4054.6000,4055.4000,5,2,1,2,1,1,1,1,1,1
SF,IF2006,2020-02-19 13:51:12.900,4053.6000,23925,-1,6705529080.000,1,0,1,双平,B,4053.2000,4052.8000,4050.8000,4050.6000,4050.4000,4054.2000,4054.4000,4054.6000,4055.4000,4055.8000,5,2,1,2,1,1,1,1,1,1
SF,IF2006,2020-02-19 13:51:13.400,4053.6000,23925,0,6705529080.000,0,-,-,-,-,4053.2000,4052.8000,4050.8000,4050.6000,4050.4000,4054.0000,4054.2000,4054.4000,4054.6000,4055.4000,5,2,1,2,1,1,1,1,1,1
SF,IF2006,2020-02-19 13:51:14.400,4053.6000,23925,0,6705529080.000,0,-,-,-,-,4052.8000,4050.8000,4050.6000,4050.4000,4050.2000,4054.0000,4054.2000,4054.4000,4054.6000,4055.4000,2,1,2,1,2,1,1,1,1,1
SF,IF2006,2020-02-19 13:51:15.400,4053.6000,23925,0,6705529080.000,0,-,-,-,-,4052.8000,4050.8000,4050.6000,4050.4000,4050.2000,4053.6000,4054.0000,4054.2000,4054.4000,4054.6000,2,1,2,1,2,1,1,1,1,1
SF,IF2006,2020-02-19 13:51:16.900,4053.6000,23925,0,6706745160.000,1,0,1,空换,B,4053.2000,4052.8000,4050.8000,4050.6000,4050.4000,4054.0000,4054.2000,4054.4000,4054.6000,4055.4000,5,2,1,2,1,1,1,1,1,1
SF,IF2006,2020-02-19 13:51:17.400,4053.6000,23925,0,6706745160.000,0,-,-,-,-,4053.2000,4052.8000,4050.8000,4050.6000,4050.4000,4054.0000,4054.2000,4054.4000,4054.6000,4055.0000,5,2,1,2,1,1,1,1,1,1
SF,IF2006,2020-02-19 13:51:19.900,4053.6000,23925,0,6706745160.000,0,-,-,-,-,4053.2000,4052.8000,4050.8000,4050.6000,4050.4000,4054.0000,4054.2000,4054.4000,4054.6000,4055.0000,5,2,1,2,1,1,1,1,1,2
SF,IF2006,2020-02-19 13:51:20.900,4053.6000,23925,0,6706745160.000,0,-,-,-,-,4053.2000,4052.8000,4050.8000,4050.6000,4050.4000,4053.8000,4054.0000,4054.2000,4054.4000,4054.6000,5,2,1,2,1,1,1,1,1,1
SF,IF2006,2020-02-19 13:51:21.400,4053.6000,23925,0,6706745160.000,0,-,-,-,-,4053.6000,4053.2000,4052.8000,4050.8000,4050.6000,4053.8000,4054.0000,4054.2000,4054.4000,4054.6000,5,5,2,1,2,1,1,1,1,1
SF,IF2006,2020-02-19 13:51:21.900,4053.8000,23926,1,6707961300.000,1,1,0,双开,B,4053.2000,4052.8000,4050.8000,4050.6000,4050.4000,4054.0000,4054.2000,4054.4000,4054.6000,4055.0000,5,2,1,2,1,1,1,1,1,2
SF,IF2006,2020-02-19 13:51:22.400,4053.4000,23926,0,6714041400.000,5,2,3,空换,B,4053.2000,4052.8000,4050.8000,4050.6000,4050.4000,4054.2000,4054.4000,4054.6000,4055.0000,4055.4000,5,2,1,2,1,1,1,1,2,1
SF,IF2006,2020-02-19 13:51:22.900,4053.4000,23926,0,6714041400.000,0,-,-,-,-,4053.4000,4053.2000,4052.8000,4050.8000,4050.6000,4054.2000,4054.4000,4054.6000,4055.0000,4055.4000,5,5,2,1,2,1,1,1,2,1
SF,IF2006,2020-02-19 13:51:23.400,4053.4000,23926,0,6714041400.000,0,-,-,-,-,4053.6000,4053.4000,4053.2000,4052.8000,4050.8000,4054.2000,4054.4000,4054.6000,4055.0000,4055.4000,5,5,5,2,1,1,1,1,2,1
SF,IF2006,2020-02-19 13:51:23.900,4053.4000,23926,0,6714041400.000,0,-,-,-,-,4053.4000,4053.2000,4052.8000,4050.8000,4050.6000,4054.2000,4054.4000,4054.6000,4055.0000,4055.4000,5,5,2,1,2,1,1,1,2,1
SF,IF2006,2020-02-19 13:51:24.900,4053.4000,23926,0,6714041400.000,0,-,-,-,-,4053.2000,4052.8000,4050.8000,4050.6000,4050.4000,4054.2000,4054.4000,4054.6000,4055.0000,4055.4000,5,2,1,2,1,1,1,1,2,1
SF,IF2006,2020-02-19 13:51:25.900,4053.4000,23926,0,6714041400.000,0,-,-,-,-,4053.2000,4052.8000,4050.8000,4050.6000,4050.4000,4054.2000,4054.4000,4054.6000,4055.0000,4055.4000,5,2,1,2,1,1,1,1,2,1
SF,IF2006,2020-02-19 13:51:26.400,4053.4000,23926,0,6714041400.000,0,-,-,-,-,4053.2000,4052.8000,4050.8000,4050.6000,4050.4000,4054.0000,4054.2000,4054.4000,4054.6000,4055.0000,5,2,1,2,1,1,1,1,1,2
SF,IF2006,2020-02-19 13:51:26.900,4053.4000,23926,0,6714041400.000,0,-,-,-,-,4053.4000,4053.2000,4052.8000,4050.8000,4050.6000,4054.0000,4054.2000,4054.4000,4054.6000,4055.0000,5,5,2,1,2,1,1,1,1,2
SF,IF2006,2020-02-19 13:51:27.400,4053.4000,23926,0,6715257420.000,1,0,1,空换,B,4053.8000,4053.4000,4053.2000,4052.8000,4050.8000,4054.0000,4054.2000,4054.4000,4054.6000,4055.0000,4,5,5,2,1,1,1,1,1,2
SF,IF2006,2020-02-19 13:51:28.900,4054.0000,23927,1,6716473620.000,1,1,0,双开,B,4053.8000,4053.4000,4053.2000,4052.8000,4050.8000,4054.2000,4054.4000,4054.6000,4055.0000,4055.4000,4,5,5,2,1,1,1,1,2,1
SF,IF2006,2020-02-19 13:51:29.900,4054.0000,23927,0,6716473620.000,0,-,-,-,-,4054.0000,4053.8000,4053.4000,4053.2000,4052.8000,4054.2000,4054.4000,4054.6000,4055.0000,4055.4000,1,4,5,5,2,1,1,1,2,1
SF,IF2006,2020-02-19 13:51:30.400,4054.0000,23927,0,6716473620.000,0,-,-,-,-,4053.8000,4053.4000,4053.2000,4052.8000,4050.8000,4054.2000,4054.4000,4054.6000,4055.0000,4055.4000,4,5,5,2,1,1,1,1,2,1
SF,IF2006,2020-02-19 13:51:31.400,4054.0000,23927,0,6716473620.000,0,-,-,-,-,4053.8000,4053.4000,4053.2000,4052.8000,4050.8000,4054.2000,4054.4000,4054.6000,4055.0000,4055.4000,4,5,5,2,1,1,1,1,2,1
SF,IF2006,2020-02-19 13:51:33.400,4053.8000,23930,3,6721338180.000,4,3,1,多开,B,4053.4000,4053.2000,4052.8000,4050.8000,4050.6000,4054.0000,4054.2000,4054.4000,4054.6000,4055.0000,5,5,2,1,2,1,1,1,1,3
SF,IF2006,2020-02-19 13:51:33.900,4053.8000,23930,0,6721338180.000,0,-,-,-,-,4053.4000,4053.2000,4052.8000,4050.8000,4050.6000,4054.0000,4054.2000,4054.4000,4054.6000,4055.0000,5,5,2,1,2,1,1,1,1,3
SF,IF2006,2020-02-19 13:51:34.400,4053.8000,23930,0,6721338180.000,0,-,-,-,-,4052.8000,4050.8000,4050.6000,4050.4000,4050.2000,4053.8000,4054.0000,4054.2000,4054.4000,4054.6000,2,1,2,1,2,1,1,1,1,1
SF,IF2006,2020-02-19 13:51:34.900,4053.8000,23930,0,6721338180.000,0,-,-,-,-,4052.8000,4050.8000,4050.6000,4050.4000,4050.2000,4053.8000,4054.0000,4054.2000,4054.4000,4054.6000,2,1,2,1,2,1,1,1,1,1
SF,IF2006,2020-02-19 13:51:35.400,4053.8000,23930,0,6721338180.000,0,-,-,-,-,4052.8000,4050.8000,4050.6000,4050.4000,4050.2000,4054.0000,4054.2000,4054.4000,4054.6000,4055.0000,2,1,2,1,2,1,1,1,1,2
SF,IF2006,2020-02-19 13:51:35.900,4053.8000,23930,0,6721338180.000,0,-,-,-,-,4053.4000,4053.2000,4052.8000,4050.8000,4050.6000,4054.0000,4054.2000,4054.4000,4054.6000,4055.0000,5,5,2,1,2,1,1,1,1,2
SF,IF2006,2020-02-19 13:51:36.400,4054.0000,23930,0,6722554380.000,1,0,1,空换,B,4053.4000,4053.2000,4052.8000,4050.8000,4050.6000,4054.2000,4054.4000,4054.6000,4055.0000,4055.4000,5,5,2,1,2,1,1,1,2,1
SF,IF2006,2020-02-19 13:51:36.900,4054.0000,23930,0,6722554380.000,0,-,-,-,-,4053.6000,4053.4000,4053.2000,4052.8000,4050.8000,4054.2000,4054.4000,4054.6000,4055.0000,4055.4000,5,5,5,2,1,1,1,1,2,1
SF,IF2006,2020-02-19 13:51:38.900,4054.2000,23930,0,6723770640.000,1,0,1,空换,B,4053.8000,4053.6000,4053.4000,4053.2000,4052.8000,4054.4000,4054.6000,4055.0000,4055.4000,4055.8000,4,5,5,5,2,1,1,2,1,1
SF,IF2006,2020-02-19 13:51:39.400,4053.8000,23930,0,6724986780.000,1,0,1,空换,B,4053.6000,4053.4000,4053.2000,4052.8000,4050.8000,4054.4000,4054.6000,4055.0000,4055.4000,4055.8000,5,5,5,2,1,1,1,2,1,2
SF,IF2006,2020-02-19 13:51:39.900,4053.6000,23930,0,6726202860.000,1,0,1,空换,B,4053.6000,4053.4000,4053.2000,4052.8000,4050.8000,4054.4000,4054.6000,4055.0000,4055.4000,4055.8000,4,5,5,2,1,1,1,2,1,2
SF,IF2006,2020-02-19 13:51:40.400,4053.6000,23930,0,6727418940.000,1,0,1,空换,B,4053.8000,4053.6000,4053.4000,4053.2000,4052.8000,4054.4000,4054.6000,4055.0000,4055.4000,4055.8000,5,3,5,5,2,1,1,2,1,2
SF,IF2006,2020-02-19 13:51:40.900,4053.6000,23930,0,6727418940.000,0,-,-,-,-,4053.4000,4053.2000,4052.8000,4050.8000,4050.6000,4054.0000,4054.4000,4054.6000,4055.0000,4055.4000,5,5,2,1,2,1,1,1,2,1
SF,IF2006,2020-02-19 13:51:41.400,4053.6000,23930,0,6727418940.000,0,-,-,-,-,4053.6000,4053.4000,4053.2000,4052.8000,4050.8000,4054.0000,4054.4000,4054.6000,4055.0000,4055.4000,5,5,5,2,1,1,1,1,2,1
SF,IF2006,2020-02-19 13:51:41.900,4053.6000,23930,0,6727418940.000,0,-,-,-,-,4053.4000,4053.2000,4052.8000,4050.8000,4050.6000,4054.0000,4054.4000,4054.6000,4055.0000,4055.4000,5,5,2,1,2,1,1,1,2,1
SF,IF2006,2020-02-19 13:51:42.400,4054.0000,23931,1,6728635140.000,1,1,0,双开,B,4053.2000,4052.8000,4050.8000,4050.6000,4050.4000,4054.4000,4054.6000,4055.0000,4055.4000,4055.8000,5,2,1,2,1,1,1,2,1,2
SF,IF2006,2020-02-19 13:51:43.900,4054.0000,23931,0,6728635140.000,0,-,-,-,-,4053.4000,4053.2000,4052.8000,4050.8000,4050.6000,4054.4000,4054.6000,4055.0000,4055.4000,4055.8000,5,5,2,1,2,1,1,2,1,2
SF,IF2006,2020-02-19 13:51:44.400,4054.0000,23931,0,6728635140.000,0,-,-,-,-,4053.6000,4053.4000,4053.2000,4052.8000,4050.8000,4054.4000,4054.6000,4055.0000,4055.4000,4055.8000,1,5,5,2,1,1,1,2,1,2
SF,IF2006,2020-02-19 13:51:46.900,4054.0000,23931,0,6728635140.000,0,-,-,-,-,4053.6000,4053.4000,4053.2000,4052.8000,4050.8000,4054.2000,4054.4000,4054.6000,4055.0000,4055.4000,1,5,5,2,1,1,1,1,2,1
SF,IF2006,2020-02-19 13:51:47.900,4054.4000,23931,0,6731067720.000,2,1,1,空换,B,4054.0000,4053.6000,4053.4000,4053.2000,4052.8000,4054.6000,4055.0000,4055.4000,4055.8000,4056.0000,5,1,5,5,2,1,2,1,2,3
SF,IF2006,2020-02-19 13:51:48.900,4054.4000,23931,0,6731067720.000,0,-,-,-,-,4054.2000,4054.0000,4053.6000,4053.4000,4053.2000,4054.6000,4055.0000,4055.4000,4055.8000,4056.0000,3,5,1,5,5,1,2,1,2,3
SF,IF2006,2020-02-19 13:51:49.400,4054.6000,23932,1,6732284100.000,1,1,0,双开,B,4054.4000,4054.2000,4054.0000,4053.6000,4053.4000,4055.0000,4055.4000,4055.8000,4056.0000,4057.8000,5,3,5,1,5,2,1,2,3,1
SF,IF2006,2020-02-19 13:51:49.900,4054.6000,23932,0,6732284100.000,0,-,-,-,-,4054.4000,4054.2000,4054.0000,4053.6000,4053.4000,4055.0000,4055.4000,4055.8000,4056.0000,4057.8000,5,3,5,1,5,2,1,2,3,1
SF,IF2006,2020-02-19 13:51:50.400,4054.6000,23932,0,6732284100.000,0,-,-,-,-,4054.8000,4054.4000,4054.2000,4054.0000,4053.6000,4055.0000,4055.4000,4055.8000,4056.0000,4057.8000,2,5,3,5,1,2,1,2,3,1
SF,IF2006,2020-02-19 13:51:50.900,4054.6000,23932,0,6732284100.000,0,-,-,-,-,4054.4000,4054.2000,4054.0000,4052.8000,4050.8000,4055.0000,4055.4000,4055.8000,4056.0000,4057.8000,5,3,5,2,1,2,1,2,3,1
SF,IF2006,2020-02-19 13:51:51.400,4054.6000,23932,0,6732284100.000,0,-,-,-,-,4054.6000,4054.4000,4054.2000,4054.0000,4052.8000,4055.0000,4055.4000,4055.8000,4056.0000,4057.6000,5,5,3,5,2,2,1,1,3,1
SF,IF2006,2020-02-19 13:51:51.900,4054.6000,23932,0,6732284100.000,0,-,-,-,-,4054.4000,4054.2000,4054.0000,4052.8000,4050.8000,4055.0000,4055.4000,4055.8000,4056.0000,4057.6000,5,3,5,2,1,2,1,1,3,1
SF,IF2006,2020-02-19 13:51:52.400,4055.0000,23931,-1,6733500600.000,1,0,1,双平,B,4054.6000,4054.4000,4054.2000,4054.0000,4052.8000,4055.0000,4055.4000,4055.8000,4056.0000,4057.6000,5,5,3,5,2,1,1,1,3,1
SF,IF2006,2020-02-19 13:51:52.900,4055.0000,23931,0,6733500600.000,0,-,-,-,-,4054.4000,4054.2000,4054.0000,4052.8000,4050.8000,4055.0000,4055.4000,4055.8000,4056.0000,4057.6000,5,3,5,2,1,1,1,1,3,1
SF,IF2006,2020-02-19 13:51:53.900,4055.0000,23931,0,6733500600.000,0,-,-,-,-,4054.4000,4054.2000,4054.0000,4052.8000,4050.6000,4055.0000,4055.4000,4055.8000,4056.0000,4057.6000,5,3,5,2,2,1,1,2,3,1
SF,IF2006,2020-02-19 13:51:54.900,4055.0000,23931,0,6733500600.000,0,-,-,-,-,4054.4000,4054.2000,4054.0000,4052.8000,4050.6000,4055.0000,4055.4000,4055.8000,4056.0000,4057.6000,5,3,5,2,2,1,1,2,3,1
SF,IF2006,2020-02-19 13:51:55.900,4055.0000,23931,0,6734717100.000,1,0,1,空换,B,4054.4000,4054.2000,4054.0000,4052.8000,4050.6000,4055.4000,4055.8000,4056.0000,4057.6000,4057.8000,5,3,5,2,2,1,2,3,1,1
SF,IF2006,2020-02-19 13:51:56.900,4055.0000,23931,0,6734717100.000,0,-,-,-,-,4054.4000,4054.2000,4054.0000,4052.8000,4050.6000,4055.0000,4055.4000,4055.8000,4056.0000,4057.6000,5,3,5,2,2,1,1,2,3,1
SF,IF2006,2020-02-19 13:51:57.400,4055.0000,23931,0,6734717100.000,0,-,-,-,-,4054.4000,4054.2000,4054.0000,4052.8000,4050.6000,4055.0000,4055.4000,4055.8000,4056.0000,4057.8000,5,3,5,2,2,1,2,2,3,1
SF,IF2006,2020-02-19 13:51:58.400,4055.0000,23931,0,6734717100.000,0,-,-,-,-,4054.4000,4054.2000,4054.0000,4052.8000,4050.6000,4055.0000,4055.4000,4055.8000,4056.0000,4056.4000,5,3,5,2,2,1,2,2,3,1
SF,IF2006,2020-02-19 13:51:59.900,4055.0000,23931,0,6734717100.000,0,-,-,-,-,4054.0000,4052.8000,4050.6000,4050.4000,4050.2000,4055.0000,4055.4000,4055.8000,4056.0000,4056.4000,5,2,2,1,2,1,2,2,3,1
SF,IF2006,2020-02-19 13:52:00.400,4055.0000,23931,0,6734717100.000,0,-,-,-,-,4054.6000,4054.0000,4052.8000,4050.6000,4050.4000,4054.8000,4055.0000,4055.4000,4055.8000,4056.0000,5,5,2,2,1,1,1,2,2,3
SF,IF2006,2020-02-19 13:52:00.900,4055.0000,23931,0,6734717100.000,0,-,-,-,-,4054.0000,4052.8000,4050.6000,4050.4000,4050.2000,4054.8000,4055.0000,4055.4000,4055.8000,4056.0000,5,2,2,1,2,1,1,2,2,3
SF,IF2006,2020-02-19 13:52:01.400,4055.0000,23931,0,6735933600.000,1,0,1,空换,B,4054.2000,4054.0000,4052.8000,4050.6000,4050.4000,4055.0000,4055.4000,4055.8000,4056.0000,4056.4000,5,5,2,2,1,1,2,2,3,1
SF,IF2006,2020-02-19 13:52:02.400,4055.0000,23931,0,6735933600.000,0,-,-,-,-,4054.2000,4054.0000,4052.8000,4050.6000,4050.4000,4055.0000,4055.4000,4055.8000,4056.0000,4056.4000,6,5,2,2,1,1,1,2,3,1
SF,IF2006,2020-02-19 13:52:02.900,4055.0000,23931,0,6737150100.000,1,0,1,空换,B,4054.6000,4054.2000,4054.0000,4052.8000,4050.6000,4055.4000,4055.8000,4056.0000,4056.4000,4057.8000,1,7,5,2,2,1,2,3,1,1
SF,IF2006,2020-02-19 13:52:03.400,4055.0000,23931,0,6737150100.000,0,-,-,-,-,4054.6000,4054.2000,4054.0000,4052.8000,4050.6000,4055.8000,4056.0000,4056.4000,4057.8000,4058.0000,1,6,5,2,2,2,3,1,1,2
SF,IF2006,2020-02-19 13:52:03.900,4055.0000,23931,0,6737150100.000,0,-,-,-,-,4054.6000,4054.2000,4054.0000,4052.8000,4050.6000,4055.6000,4055.8000,4056.0000,4056.4000,4057.8000,1,6,5,2,2,1,2,3,1,1
SF,IF2006,2020-02-19 13:52:04.400,4055.0000,23931,0,6737150100.000,0,-,-,-,-,4054.6000,4054.2000,4054.0000,4052.8000,4050.6000,4055.6000,4055.8000,4056.0000,4056.4000,4057.8000,1,6,5,2,2,1,2,2,1,1
SF,IF2006,2020-02-19 13:52:04.900,4055.0000,23931,0,6737150100.000,0,-,-,-,-,4054.2000,4054.0000,4052.8000,4050.6000,4050.4000,4055.6000,4055.8000,4056.0000,4056.4000,4057.8000,6,5,2,2,1,1,2,2,1,1
SF,IF2006,2020-02-19 13:52:05.400,4055.0000,23931,0,6737150100.000,0,-,-,-,-,4054.4000,4054.2000,4054.0000,4052.8000,4050.6000,4055.6000,4055.8000,4056.0000,4056.4000,4057.8000,2,6,5,2,2,1,2,2,1,1
SF,IF2006,2020-02-19 13:52:05.900,4055.0000,23931,0,6737150100.000,0,-,-,-,-,4054.2000,4054.0000,4052.8000,4050.6000,4050.4000,4055.6000,4055.8000,4056.0000,4056.4000,4057.8000,6,5,2,2,1,1,2,2,1,1
SF,IF2006,2020-02-19 13:52:06.400,4055.0000,23931,0,6737150100.000,0,-,-,-,-,4054.4000,4054.2000,4054.0000,4052.8000,4050.6000,4055.6000,4055.8000,4056.0000,4056.4000,4057.8000,5,1,5,2,2,2,2,2,1,1
SF,IF2006,2020-02-19 13:52:06.900,4055.0000,23931,0,6737150100.000,0,-,-,-,-,4054.2000,4054.0000,4052.8000,4050.6000,4050.4000,4055.6000,4055.8000,4056.0000,4056.4000,4057.8000,1,5,2,2,1,2,2,2,1,1
SF,IF2006,2020-02-19 13:52:07.400,4055.0000,23931,0,6737150100.000,0,-,-,-,-,4054.0000,4052.8000,4050.6000,4050.4000,4050.2000,4055.4000,4055.6000,4055.8000,4056.0000,4056.4000,5,2,2,1,2,1,2,2,2,1
SF,IF2006,2020-02-19 13:52:07.900,4055.0000,23931,0,6737150100.000,0,-,-,-,-,4054.0000,4052.8000,4050.6000,4050.4000,4050.2000,4055.4000,4055.6000,4055.8000,4056.0000,4056.4000,5,2,2,1,2,1,2,2,2,1
SF,IF2006,2020-02-19 13:52:08.400,4054.0000,23931,0,6738366300.000,1,0,1,空换,B,4054.0000,4052.8000,4050.6000,4050.4000,4050.2000,4055.4000,4055.6000,4055.8000,4056.0000,4056.4000,4,2,2,1,2,1,2,2,2,1
SF,IF2006,2020-02-19 13:52:08.900,4054.0000,23931,0,6739582500.000,1,0,1,空换,B,4054.0000,4052.8000,4050.6000,4050.4000,4050.2000,4055.2000,4055.4000,4055.6000,4055.8000,4056.0000,3,2,2,1,2,1,1,2,2,2
SF,IF2006,2020-02-19 13:52:09.400,4054.0000,23931,0,6739582500.000,0,-,-,-,-,4052.8000,4050.6000,4050.4000,4050.2000,4050.0000,4055.2000,4055.4000,4055.6000,4055.8000,4056.0000,2,2,1,2,1,1,1,1,2,2
SF,IF2006,2020-02-19 13:52:09.900,4055.0000,23932,1,6742015380.000,2,1,1,多开,B,4053.4000,4053.2000,4052.8000,4050.6000,4050.4000,4055.0000,4055.2000,4055.6000,4055.8000,4056.0000,1,2,2,2,1,2,1,1,2,2
SF,IF2006,2020-02-19 13:52:10.400,4055.0000,23932,0,6742015380.000,0,-,-,-,-,4053.2000,4052.8000,4050.6000,4050.4000,4050.2000,4055.0000,4055.2000,4055.6000,4055.8000,4056.0000,2,2,2,1,2,2,1,1,2,2
SF,IF2006,2020-02-19 13:52:10.900,4055.0000,23932,0,6742015380.000,0,-,-,-,-,4053.2000,4052.8000,4050.6000,4050.4000,4050.2000,4054.8000,4055.0000,4055.8000,4056.0000,4056.4000,2,2,2,1,2,6,2,2,2,1
SF,IF2006,2020-02-19 13:52:11.400,4055.0000,23932,0,6742015380.000,0,-,-,-,-,4053.2000,4052.8000,4050.6000,4050.4000,4050.2000,4054.6000,4054.8000,4055.0000,4055.8000,4056.0000,2,2,2,1,2,1,8,3,2,2
SF,IF2006,2020-02-19 13:52:11.900,4055.0000,23932,0,6742015380.000,0,-,-,-,-,4052.8000,4050.6000,4050.4000,4050.2000,4050.0000,4054.4000,4054.6000,4054.8000,4055.0000,4055.8000,2,2,1,2,1,1,2,2,1,2
SF,IF2006,2020-02-19 13:52:12.400,4055.0000,23932,0,6742015380.000,0,-,-,-,-,4053.0000,4052.8000,4050.6000,4050.4000,4050.2000,4054.4000,4054.6000,4055.0000,4055.8000,4056.0000,5,2,2,1,2,1,1,1,2,2
SF,IF2006,2020-02-19 13:52:12.900,4055.0000,23932,0,6742015380.000,0,-,-,-,-,4053.0000,4052.8000,4050.6000,4050.4000,4050.2000,4054.2000,4055.0000,4055.8000,4056.0000,4056.4000,5,2,2,1,2,1,2,2,2,1
SF,IF2006,2020-02-19 13:52:15.400,4055.0000,23932,0,6742015380.000,0,-,-,-,-,4053.0000,4052.8000,4050.6000,4050.4000,4050.2000,4054.2000,4055.0000,4055.8000,4056.0000,4056.4000,5,2,2,1,2,1,1,2,2,1
SF,IF2006,2020-02-19 13:52:17.900,4055.0000,23932,0,6743231880.000,1,0,1,空换,B,4053.0000,4052.8000,4050.6000,4050.4000,4050.2000,4055.0000,4055.8000,4056.0000,4056.4000,4057.8000,5,2,2,1,2,1,2,2,1,1
SF,IF2006,2020-02-19 13:52:18.400,4055.0000,23932,0,6743231880.000,0,-,-,-,-,4053.0000,4052.8000,4050.6000,4050.4000,4050.2000,4054.6000,4054.8000,4055.0000,4055.8000,4056.0000,5,2,2,1,2,1,2,1,2,2
SF,IF2006,2020-02-19 13:52:18.900,4055.0000,23932,0,6743231880.000,0,-,-,-,-,4053.0000,4052.8000,4050.6000,4050.4000,4050.2000,4054.6000,4054.8000,4055.0000,4055.8000,4056.0000,5,2,2,1,2,1,3,1,2,2
SF,IF2006,2020-02-19 13:52:19.400,4053.2000,23932,0,6744447840.000,1,0,1,空换,B,4053.0000,4052.8000,4050.6000,4050.4000,4050.2000,4054.4000,4054.6000,4054.8000,4055.0000,4055.8000,5,2,2,1,2,2,1,3,1,2
SF,IF2006,2020-02-19 13:52:19.900,4053.2000,23932,0,6744447840.000,0,-,-,-,-,4053.2000,4053.0000,4052.8000,4050.6000,4050.4000,4054.4000,4054.6000,4054.8000,4055.0000,4055.8000,1,5,2,2,1,2,1,3,1,2
SF,IF2006,2020-02-19 13:52:20.900,4053.2000,23932,0,6744447840.000,0,-,-,-,-,4053.2000,4052.8000,4050.6000,4050.4000,4050.2000,4054.4000,4054.6000,4054.8000,4055.0000,4055.8000,1,2,2,1,2,2,1,2,1,2
SF,IF2006,2020-02-19 13:52:21.400,4053.2000,23932,0,6744447840.000,0,-,-,-,-,4052.8000,4050.6000,4050.4000,4050.2000,4050.0000,4054.4000,4054.6000,4054.8000,4055.0000,4055.8000,2,2,1,2,1,2,1,2,1,2
SF,IF2006,2020-02-19 13:52:21.900,4053.2000,23932,0,6744447840.000,0,-,-,-,-,4052.8000,4050.6000,4050.4000,4050.2000,4050.0000,4054.2000,4054.4000,4054.6000,4054.8000,4055.0000,2,2,1,2,1,1,2,1,2,1
SF,IF2006,2020-02-19 13:52:22.400,4054.4000,23934,2,6746880420.000,2,2,0,双开,B,4052.8000,4050.6000,4050.4000,4050.2000,4050.0000,4054.4000,4054.8000,4055.0000,4055.8000,4056.0000,2,2,1,2,1,1,2,1,2,2
SF,IF2006,2020-02-19 13:52:22.900,4054.4000,23934,0,6746880420.000,0,-,-,-,-,4053.2000,4053.0000,4052.8000,4050.6000,4050.4000,4054.4000,4054.8000,4055.0000,4055.8000,4056.0000,1,1,2,2,1,1,2,1,2,2
SF,IF2006,2020-02-19 13:52:23.400,4054.4000,23934,0,6746880420.000,0,-,-,-,-,4053.2000,4053.0000,4052.8000,4050.6000,4050.4000,4054.2000,4054.4000,4054.8000,4055.0000,4055.8000,1,1,2,2,1,1,1,2,1,2
SF,IF2006,2020-02-19 13:52:24.400,4054.2000,23935,1,6748096680.000,1,1,0,双开,B,4054.2000,4053.2000,4053.0000,4052.8000,4050.6000,4054.4000,4054.8000,4055.0000,4055.8000,4056.0000,1,1,1,2,2,1,2,1,2,2
SF,IF2006,2020-02-19 13:52:24.900,4054.2000,23936,1,6749312940.000,1,1,0,双开,B,4053.2000,4053.0000,4052.8000,4050.6000,4050.4000,4054.0000,4054.2000,4054.4000,4054.8000,4055.0000,1,1,2,2,1,1,4,1,2,1
SF,IF2006,2020-02-19 13:52:25.400,4054.2000,23936,0,6749312940.000,0,-,-,-,-,4053.2000,4053.0000,4052.8000,4050.6000,4050.4000,4054.0000,4054.2000,4054.8000,4055.0000,4055.8000,1,1,2,2,1,1,4,2,1,2
SF,IF2006,2020-02-19 13:52:25.900,4054.2000,23936,0,6749312940.000,0,-,-,-,-,4053.2000,4052.8000,4050.6000,4050.4000,4050.2000,4053.8000,4054.2000,4054.8000,4055.0000,4055.8000,1,2,2,1,2,1,4,2,1,2
SF,IF2006,2020-02-19 13:52:26.400,4054.2000,23936,0,6749312940.000,0,-,-,-,-,4053.2000,4052.8000,4050.6000,4050.4000,4050.2000,4054.2000,4054.8000,4055.0000,4055.8000,4056.0000,1,2,2,1,2,4,2,1,2,2
SF,IF2006,2020-02-19 13:52:26.900,4054.2000,23936,0,6752961360.000,3,1,2,空换,B,4052.8000,4050.6000,4050.4000,4050.2000,4050.0000,4054.0000,4054.2000,4054.8000,4055.0000,4055.8000,2,2,1,2,1,1,3,2,1,2
SF,IF2006,2020-02-19 13:52:27.400,4054.2000,23936,0,6752961360.000,0,-,-,-,-,4052.8000,4050.6000,4050.4000,4050.2000,4050.0000,4054.0000,4054.2000,4054.8000,4055.0000,4055.8000,2,2,1,2,1,1,3,1,1,2
SF,IF2006,2020-02-19 13:52:27.900,4054.2000,23936,0,6752961360.000,0,-,-,-,-,4052.8000,4050.6000,4050.4000,4050.2000,4050.0000,4053.8000,4054.0000,4054.2000,4054.8000,4055.0000,2,2,1,2,1,2,2,3,1,2
SF,IF2006,2020-02-19 13:52:28.400,4054.2000,23936,0,6752961360.000,0,-,-,-,-,4052.8000,4050.6000,4050.4000,4050.2000,4050.0000,4053.8000,4054.0000,4054.2000,4054.8000,4055.0000,2,2,1,2,1,1,1,3,1,2
SF,IF2006,2020-02-19 13:52:28.900,4054.2000,23936,0,6752961360.000,0,-,-,-,-,4052.8000,4050.6000,4050.4000,4050.2000,4050.0000,4053.8000,4054.0000,4054.2000,4054.8000,4055.0000,2,2,1,2,1,1,2,3,1,2
SF,IF2006,2020-02-19 13:52:29.400,4054.2000,23936,0,6752961360.000,0,-,-,-,-,4052.8000,4050.6000,4050.4000,4050.2000,4050.0000,4054.0000,4054.2000,4054.8000,4055.0000,4055.8000,2,2,1,2,1,2,2,1,2,2
SF,IF2006,2020-02-19 13:52:29.900,4054.2000,23936,0,6752961360.000,0,-,-,-,-,4052.8000,4050.6000,4050.4000,4050.2000,4050.0000,4054.0000,4054.2000,4054.8000,4055.0000,4055.8000,2,2,1,2,1,2,1,1,2,2
SF,IF2006,2020-02-19 13:52:30.400,4054.2000,23936,0,6752961360.000,0,-,-,-,-,4052.8000,4050.6000,4050.4000,4050.2000,4050.0000,4054.0000,4054.2000,4054.4000,4054.8000,4055.8000,2,2,1,2,1,2,1,1,1,2
SF,IF2006,2020-02-19 13:52:30.900,4054.2000,23936,0,6752961360.000,0,-,-,-,-,4052.8000,4050.6000,4050.4000,4050.2000,4050.0000,4054.0000,4054.2000,4054.4000,4054.8000,4055.8000,2,2,1,2,1,2,2,1,1,2
SF,IF2006,2020-02-19 13:52:31.400,4054.2000,23936,0,6752961360.000,0,-,-,-,-,4052.8000,4050.6000,4050.4000,4050.2000,4050.0000,4053.8000,4054.0000,4054.2000,4054.4000,4054.8000,2,2,1,2,1,1,2,2,1,1
SF,IF2006,2020-02-19 13:52:33.400,4054.2000,23936,0,6752961360.000,0,-,-,-,-,4052.8000,4050.6000,4050.4000,4050.2000,4050.0000,4053.8000,4054.0000,4054.2000,4054.4000,4054.8000,2,2,1,2,1,1,2,1,1,1
SF,IF2006,2020-02-19 13:52:34.900,4054.2000,23936,0,6752961360.000,0,-,-,-,-,4052.8000,4050.6000,4050.4000,4050.2000,4050.0000,4053.8000,4054.0000,4054.2000,4054.4000,4054.8000,2,2,1,2,1,1,2,1,1,1
SF,IF2006,2020-02-19 13:52:35.900,4054.2000,23936,0,6752961360.000,0,-,-,-,-,4052.8000,4050.6000,4050.4000,4050.2000,4050.0000,4053.8000,4054.0000,4054.2000,4054.4000,4054.8000,2,2,1,2,1,1,2,1,1,1
SF,IF2006,2020-02-19 13:52:37.400,4054.2000,23936,0,6752961360.000,0,-,-,-,-,4053.0000,4052.8000,4050.6000,4050.4000,4050.2000,4053.8000,4054.0000,4054.4000,4054.8000,4055.8000,1,3,2,1,2,1,2,1,1,2
SF,IF2006,2020-02-19 13:52:37.900,4054.2000,23936,0,6752961360.000,0,-,-,-,-,4053.0000,4052.8000,4050.6000,4050.4000,4050.2000,4053.8000,4054.0000,4054.4000,4054.8000,4055.8000,1,2,2,1,2,1,2,1,1,2
SF,IF2006,2020-02-19 13:52:38.400,4053.0000,23936,0,6754177260.000,1,0,1,空换,B,4052.8000,4050.6000,4050.4000,4050.2000,4050.0000,4053.8000,4054.0000,4054.4000,4054.8000,4055.8000,2,2,1,2,1,2,2,1,1,2
SF,IF2006,2020-02-19 13:52:38.900,4053.0000,23936,0,6754177260.000,0,-,-,-,-,4052.8000,4050.6000,4050.4000,4050.2000,4050.0000,4053.8000,4054.0000,4054.4000,4054.8000,4055.8000,3,2,1,2,1,2,2,1,1,2
SF,IF2006,2020-02-19 13:52:40.900,4053.0000,23936,0,6754177260.000,0,-,-,-,-,4053.2000,4052.8000,4052.2000,4050.6000,4050.4000,4053.8000,4054.0000,4054.4000,4054.8000,4055.8000,5,3,1,2,1,2,2,1,1,2
SF,IF2006,2020-02-19 13:52:41.400,4053.8000,23936,0,6756609540.000,2,1,1,空换,B,4053.6000,4053.2000,4052.8000,4052.2000,4050.6000,4054.0000,4054.4000,4055.8000,4056.0000,4056.4000,1,5,2,1,2,2,1,2,2,1
SF,IF2006,2020-02-19 13:52:41.900,4053.8000,23936,0,6756609540.000,0,-,-,-,-,4053.6000,4053.2000,4052.8000,4052.2000,4050.6000,4054.0000,4054.4000,4055.8000,4056.0000,4056.4000,1,5,2,1,2,2,1,2,2,1
SF,IF2006,2020-02-19 13:52:42.400,4053.8000,23936,0,6756609540.000,0,-,-,-,-,4053.6000,4053.4000,4053.2000,4052.8000,4052.2000,4054.0000,4054.4000,4055.8000,4056.0000,4056.4000,1,1,5,2,1,2,1,2,2,1
SF,IF2006,2020-02-19 13:52:43.400,4053.8000,23936,0,6756609540.000,0,-,-,-,-,4053.6000,4053.4000,4053.2000,4052.8000,4052.2000,4054.0000,4054.4000,4055.8000,4056.0000,4056.4000,1,1,5,2,1,2,1,2,2,1
SF,IF2006,2020-02-19 13:52:44.400,4053.8000,23936,0,6756609540.000,0,-,-,-,-,4053.6000,4053.4000,4052.8000,4052.2000,4050.6000,4054.0000,4054.4000,4055.8000,4056.0000,4056.4000,1,1,2,1,2,2,1,2,2,1
SF,IF2006,2020-02-19 13:52:44.900,4053.8000,23936,0,6756609540.000,0,-,-,-,-,4052.8000,4052.2000,4050.6000,4050.4000,4050.2000,4054.0000,4054.4000,4055.8000,4056.0000,4056.4000,2,1,2,1,2,2,1,2,2,1
SF,IF2006,2020-02-19 13:52:45.400,4053.8000,23936,0,6756609540.000,0,-,-,-,-,4053.0000,4052.8000,4052.2000,4050.6000,4050.4000,4054.0000,4054.4000,4055.8000,4056.0000,4056.4000,5,2,1,2,1,2,1,2,2,1
SF,IF2006,2020-02-19 13:52:45.900,4053.8000,23936,0,6756609540.000,0,-,-,-,-,4053.2000,4053.0000,4052.8000,4052.2000,4050.6000,4054.0000,4054.4000,4055.8000,4056.0000,4056.4000,5,5,2,1,2,2,1,2,2,1
SF,IF2006,2020-02-19 13:52:46.900,4053.8000,23936,0,6756609540.000,0,-,-,-,-,4053.4000,4053.2000,4053.0000,4052.8000,4052.2000,4054.0000,4054.4000,4055.8000,4056.0000,4056.4000,5,5,5,2,1,2,1,2,2,1
SF,IF2006,2020-02-19 13:52:47.400,4054.0000,23937,1,6759041940.000,2,1,1,多开,B,4053.4000,4053.2000,4053.0000,4052.8000,4052.2000,4054.4000,4055.8000,4056.0000,4056.4000,4057.8000,5,5,5,2,1,1,2,2,1,1
SF,IF2006,2020-02-19 13:52:47.900,4054.0000,23937,0,6759041940.000,0,-,-,-,-,4053.4000,4053.2000,4053.0000,4052.8000,4052.2000,4054.4000,4055.8000,4056.0000,4056.4000,4057.8000,5,5,5,2,1,1,2,2,1,1
SF,IF2006,2020-02-19 13:52:48.900,4054.0000,23937,0,6759041940.000,0,-,-,-,-,4053.2000,4053.0000,4052.8000,4052.2000,4050.6000,4054.4000,4055.8000,4056.0000,4056.4000,4057.8000,5,5,2,1,2,1,2,2,1,1
SF,IF2006,2020-02-19 13:52:49.400,4054.0000,23937,0,6759041940.000,0,-,-,-,-,4053.0000,4052.8000,4052.2000,4050.6000,4050.4000,4054.4000,4055.8000,4056.0000,4056.4000,4057.8000,5,2,1,2,1,2,2,2,1,1
SF,IF2006,2020-02-19 13:52:49.900,4054.0000,23937,0,6759041940.000,0,-,-,-,-,4053.2000,4053.0000,4052.8000,4052.2000,4050.6000,4054.4000,4055.8000,4056.0000,4056.4000,4057.8000,1,5,2,1,2,2,2,2,1,1
SF,IF2006,2020-02-19 13:52:52.900,4054.0000,23937,0,6759041940.000,0,-,-,-,-,4053.2000,4052.8000,4052.2000,4050.6000,4050.4000,4054.4000,4055.8000,4056.0000,4056.4000,4057.8000,1,2,1,2,1,2,2,2,1,1
SF,IF2006,2020-02-19 13:52:53.400,4054.0000,23937,0,6759041940.000,0,-,-,-,-,4052.8000,4052.2000,4050.6000,4050.4000,4050.2000,4054.4000,4055.8000,4056.0000,4056.4000,4057.8000,2,1,2,1,2,2,2,2,1,1
SF,IF2006,2020-02-19 13:52:53.900,4054.0000,23937,0,6759041940.000,0,-,-,-,-,4053.0000,4052.8000,4052.2000,4050.6000,4050.4000,4054.4000,4055.8000,4056.0000,4056.4000,4057.8000,5,2,1,2,1,2,2,2,1,1
SF,IF2006,2020-02-19 13:52:54.900,4054.0000,23937,0,6759041940.000,0,-,-,-,-,4053.2000,4053.0000,4052.8000,4052.2000,4050.6000,4054.4000,4055.8000,4056.0000,4056.4000,4057.8000,1,5,2,1,2,2,2,2,1,1
SF,IF2006,2020-02-19 13:52:55.400,4054.0000,23937,0,6759041940.000,0,-,-,-,-,4053.4000,4053.2000,4053.0000,4052.8000,4052.2000,4054.4000,4055.8000,4056.0000,4056.4000,4057.8000,2,1,5,2,1,2,2,2,1,1
SF,IF2006,2020-02-19 13:52:55.900,4054.0000,23937,0,6759041940.000,0,-,-,-,-,4053.2000,4053.0000,4052.8000,4052.2000,4050.6000,4054.4000,4055.8000,4056.0000,4056.4000,4057.8000,1,5,2,1,2,2,2,2,1,1
SF,IF2006,2020-02-19 13:52:57.400,4054.0000,23937,0,6759041940.000,0,-,-,-,-,4053.2000,4052.8000,4052.2000,4050.6000,4050.4000,4054.4000,4055.8000,4056.0000,4056.4000,4057.8000,1,2,1,2,1,2,2,2,1,1
SF,IF2006,2020-02-19 13:53:00.900,4054.0000,23937,0,6759041940.000,0,-,-,-,-,4053.2000,4052.8000,4052.2000,4050.6000,4050.4000,4054.4000,4055.8000,4056.0000,4056.4000,4057.8000,1,2,1,2,1,1,2,2,1,1
SF,IF2006,2020-02-19 13:53:01.400,4054.0000,23937,0,6759041940.000,0,-,-,-,-,4053.2000,4052.8000,4050.6000,4050.4000,4050.2000,4054.4000,4055.8000,4056.0000,4057.8000,4058.0000,1,2,2,1,1,1,2,2,1,2
SF,IF2006,2020-02-19 13:53:02.900,4054.0000,23937,0,6759041940.000,0,-,-,-,-,4052.8000,4050.6000,4050.4000,4050.2000,4050.0000,4054.4000,4055.8000,4056.0000,4057.8000,4058.0000,2,2,1,1,1,1,2,2,1,2
SF,IF2006,2020-02-19 13:53:03.400,4054.0000,23937,0,6759041940.000,0,-,-,-,-,4053.0000,4052.8000,4050.6000,4050.4000,4050.2000,4054.4000,4055.8000,4056.0000,4057.8000,4058.0000,1,2,2,1,1,1,2,2,1,2
SF,IF2006,2020-02-19 13:53:05.400,4054.0000,23937,0,6759041940.000,0,-,-,-,-,4053.4000,4053.2000,4053.0000,4052.8000,4050.6000,4054.4000,4055.8000,4056.0000,4057.8000,4058.0000,5,1,1,2,2,1,2,2,1,2
SF,IF2006,2020-02-19 13:53:05.900,4054.0000,23937,0,6759041940.000,0,-,-,-,-,4053.2000,4053.0000,4052.8000,4050.6000,4050.4000,4054.4000,4055.8000,4056.0000,4057.8000,4058.0000,1,1,2,2,1,1,2,2,1,2
SF,IF2006,2020-02-19 13:53:06.400,4054.0000,23937,0,6759041940.000,0,-,-,-,-,4053.2000,4052.8000,4050.6000,4050.4000,4050.2000,4054.4000,4055.8000,4056.0000,4057.8000,4058.0000,1,2,2,1,1,1,2,2,1,2
SF,IF2006,2020-02-19 13:53:08.400,4054.0000,23937,0,6759041940.000,0,-,-,-,-,4052.8000,4050.6000,4050.4000,4050.2000,4050.0000,4054.4000,4055.8000,4056.0000,4057.8000,4058.0000,2,2,1,1,1,1,2,2,1,2
SF,IF2006,2020-02-19 13:53:09.900,4054.0000,23937,0,6759041940.000,0,-,-,-,-,4052.8000,4050.6000,4050.4000,4050.2000,4050.0000,4054.4000,4055.8000,4056.0000,4057.8000,4058.0000,2,2,1,1,1,1,2,2,1,2
SF,IF2006,2020-02-19 13:53:10.400,4054.0000,23937,0,6759041940.000,0,-,-,-,-,4052.8000,4050.6000,4050.4000,4050.2000,4050.0000,4054.2000,4054.4000,4055.8000,4056.0000,4057.8000,2,2,1,1,1,1,1,2,2,1
SF,IF2006,2020-02-19 13:53:10.900,4054.0000,23937,0,6759041940.000,0,-,-,-,-,4052.8000,4050.6000,4050.4000,4050.2000,4050.0000,4054.2000,4054.4000,4055.8000,4056.0000,4057.8000,2,2,1,1,1,2,1,2,2,1
SF,IF2006,2020-02-19 13:53:11.400,4054.0000,23937,0,6759041940.000,0,-,-,-,-,4052.8000,4052.6000,4050.6000,4050.4000,4050.2000,4054.0000,4054.2000,4054.4000,4055.8000,4056.0000,2,1,2,1,1,1,2,1,2,2
SF,IF2006,2020-02-19 13:53:12.400,4054.0000,23937,0,6759041940.000,0,-,-,-,-,4052.8000,4052.6000,4050.6000,4050.4000,4050.2000,4054.0000,4054.2000,4054.4000,4055.8000,4056.0000,2,1,2,1,1,1,1,1,2,2
SF,IF2006,2020-02-19 13:53:12.900,4054.0000,23937,0,6759041940.000,0,-,-,-,-,4052.8000,4052.6000,4050.6000,4050.4000,4050.2000,4054.0000,4054.2000,4054.4000,4055.8000,4056.0000,2,1,2,1,1,1,1,1,2,2
SF,IF2006,2020-02-19 13:53:13.400,4054.0000,23937,0,6759041940.000,0,-,-,-,-,4052.8000,4052.6000,4050.6000,4050.4000,4050.2000,4054.0000,4054.2000,4054.4000,4055.8000,4056.0000,2,1,2,1,1,1,1,1,2,2
SF,IF2006,2020-02-19 13:53:17.400,4054.0000,23937,0,6759041940.000,0,-,-,-,-,4052.8000,4052.6000,4050.6000,4050.4000,4050.2000,4053.8000,4054.0000,4054.2000,4054.4000,4055.8000,2,1,2,1,1,2,1,1,1,2
SF,IF2006,2020-02-19 13:53:17.900,4054.0000,23937,0,6759041940.000,0,-,-,-,-,4052.8000,4052.6000,4050.6000,4050.4000,4050.2000,4053.8000,4054.0000,4054.2000,4054.4000,4055.8000,2,1,2,1,1,2,1,1,1,2
SF,IF2006,2020-02-19 13:53:18.400,4054.0000,23937,0,6759041940.000,0,-,-,-,-,4052.8000,4052.6000,4050.6000,4050.4000,4050.2000,4053.8000,4054.0000,4054.4000,4055.8000,4056.0000,2,1,2,1,1,2,1,1,2,2
SF,IF2006,2020-02-19 13:53:18.900,4052.8000,23939,2,6761473620.000,2,2,0,双开,B,4052.6000,4050.6000,4050.4000,4050.2000,4050.0000,4053.8000,4054.0000,4054.4000,4055.8000,4056.0000,1,2,1,1,1,2,1,1,2,2
SF,IF2006,2020-02-19 13:53:19.400,4052.8000,23939,0,6761473620.000,0,-,-,-,-,4052.6000,4050.6000,4050.4000,4050.2000,4050.0000,4053.4000,4053.8000,4054.0000,4054.4000,4055.8000,1,2,1,1,1,1,1,1,1,2
SF,IF2006,2020-02-19 13:53:19.900,4052.8000,23939,0,6761473620.000,0,-,-,-,-,4052.6000,4050.6000,4050.4000,4050.2000,4050.0000,4053.4000,4054.0000,4054.4000,4055.8000,4056.0000,1,2,1,1,1,1,1,1,2,2
SF,IF2006,2020-02-19 13:53:22.400,4052.8000,23939,0,6761473620.000,0,-,-,-,-,4052.6000,4050.6000,4050.2000,4050.0000,4048.8000,4053.4000,4054.0000,4054.4000,4055.8000,4056.0000,1,2,1,1,2,1,1,1,2,2
SF,IF2006,2020-02-19 13:53:22.900,4052.8000,23939,0,6761473620.000,0,-,-,-,-,4052.6000,4050.6000,4050.2000,4050.0000,4048.8000,4053.4000,4054.0000,4054.4000,4055.8000,4056.0000,1,2,1,1,2,1,1,1,2,2
SF,IF2006,2020-02-19 13:53:24.900,4052.6000,23940,1,6762689400.000,1,1,0,双开,B,4050.6000,4050.2000,4050.0000,4048.8000,4048.2000,4052.6000,4053.0000,4053.2000,4053.4000,4054.0000,2,1,1,2,1,1,1,1,1,1
SF,IF2006,2020-02-19 13:53:25.400,4052.6000,23940,0,6762689400.000,0,-,-,-,-,4051.6000,4051.2000,4051.0000,4050.8000,4050.6000,4052.6000,4053.0000,4054.0000,4054.4000,4055.8000,5,1,2,1,2,1,1,1,1,2
SF,IF2006,2020-02-19 13:53:25.900,4052.6000,23940,0,6762689400.000,0,-,-,-,-,4051.2000,4051.0000,4050.8000,4050.6000,4050.2000,4052.6000,4053.0000,4054.0000,4054.4000,4055.8000,1,1,1,2,1,1,1,1,1,2
SF,IF2006,2020-02-19 13:53:26.400,4052.6000,23940,0,6762689400.000,0,-,-,-,-,4051.2000,4051.0000,4050.6000,4050.2000,4050.0000,4052.6000,4053.0000,4054.0000,4054.4000,4055.8000,1,1,2,1,1,1,1,1,1,2
SF,IF2006,2020-02-19 13:53:26.900,4051.2000,23941,1,6763904760.000,1,1,0,双开,B,4050.2000,4050.0000,4048.8000,4048.2000,4048.0000,4051.8000,4052.4000,4052.6000,4053.0000,4054.0000,1,1,2,1,12,1,1,1,1,1
SF,IF2006,2020-02-19 13:53:27.400,4051.2000,23941,0,6763904760.000,0,-,-,-,-,4050.2000,4050.0000,4048.8000,4048.2000,4048.0000,4051.4000,4051.6000,4051.8000,4052.6000,4053.0000,1,1,2,1,12,1,1,1,1,1
SF,IF2006,2020-02-19 13:53:27.900,4051.2000,23941,0,6763904760.000,0,-,-,-,-,4050.2000,4050.0000,4048.8000,4048.2000,4048.0000,4051.4000,4051.6000,4052.6000,4053.0000,4054.4000,1,1,2,1,12,1,1,1,1,1
SF,IF2006,2020-02-19 13:53:28.400,4051.2000,23941,0,6763904760.000,0,-,-,-,-,4050.2000,4050.0000,4048.8000,4048.2000,4048.0000,4051.2000,4051.4000,4051.6000,4052.6000,4053.0000,1,1,2,1,12,1,1,1,1,1
SF,IF2006,2020-02-19 13:53:28.900,4051.2000,23941,0,6763904760.000,0,-,-,-,-,4050.2000,4050.0000,4048.8000,4048.2000,4048.0000,4051.2000,4051.4000,4051.6000,4052.6000,4053.0000,1,1,2,1,12,2,1,1,1,1
SF,IF2006,2020-02-19 13:53:29.900,4051.2000,23941,0,6763904760.000,0,-,-,-,-,4050.2000,4050.0000,4048.8000,4048.2000,4048.0000,4051.0000,4051.2000,4051.4000,4051.6000,4052.6000,1,1,2,1,12,1,1,1,1,1
SF,IF2006,2020-02-19 13:53:30.900,4051.2000,23941,0,6763904760.000,0,-,-,-,-,4050.2000,4050.0000,4048.8000,4048.2000,4048.0000,4051.0000,4051.2000,4052.6000,4053.0000,4054.4000,1,1,2,1,12,1,1,1,1,1
SF,IF2006,2020-02-19 13:53:31.400,4051.2000,23941,0,6763904760.000,0,-,-,-,-,4050.2000,4050.0000,4048.8000,4048.2000,4048.0000,4051.0000,4051.2000,4052.6000,4053.0000,4054.4000,1,1,2,1,12,1,1,1,1,1
SF,IF2006,2020-02-19 13:53:31.900,4051.2000,23941,0,6763904760.000,0,-,-,-,-,4050.2000,4050.0000,4048.8000,4048.2000,4048.0000,4051.0000,4052.6000,4053.0000,4054.4000,4055.8000,1,1,2,1,12,1,1,1,1,2
SF,IF2006,2020-02-19 13:53:32.400,4051.2000,23941,0,6763904760.000,0,-,-,-,-,4050.2000,4050.0000,4048.8000,4048.2000,4048.0000,4052.6000,4053.0000,4054.4000,4055.8000,4056.0000,1,1,2,1,12,1,1,1,2,2
SF,IF2006,2020-02-19 13:53:32.900,4051.2000,23941,0,6763904760.000,0,-,-,-,-,4050.2000,4050.0000,4048.8000,4048.2000,4048.0000,4051.6000,4051.8000,4052.4000,4052.6000,4053.0000,1,1,2,1,12,1,1,6,1,1
SF,IF2006,2020-02-19 13:53:33.400,4051.2000,23941,0,6763904760.000,0,-,-,-,-,4050.2000,4050.0000,4048.8000,4048.2000,4048.0000,4051.6000,4051.8000,4052.0000,4052.4000,4053.0000,1,1,2,1,12,1,1,1,6,1
SF,IF2006,2020-02-19 13:53:34.400,4051.2000,23941,0,6763904760.000,0,-,-,-,-,4050.2000,4050.0000,4048.8000,4048.2000,4048.0000,4051.4000,4051.6000,4051.8000,4052.4000,4053.0000,1,1,2,1,12,1,1,1,5,1
SF,IF2006,2020-02-19 13:53:35.400,4051.2000,23941,0,6763904760.000,0,-,-,-,-,4050.2000,4050.0000,4048.8000,4048.2000,4048.0000,4051.4000,4051.6000,4051.8000,4052.4000,4053.0000,1,1,2,1,12,2,1,1,3,1
SF,IF2006,2020-02-19 13:53:35.900,4051.2000,23941,0,6763904760.000,0,-,-,-,-,4050.2000,4050.0000,4048.8000,4048.2000,4048.0000,4051.4000,4051.6000,4052.4000,4053.0000,4054.4000,1,1,2,1,12,1,1,3,1,1
SF,IF2006,2020-02-19 13:53:36.400,4051.2000,23941,0,6763904760.000,0,-,-,-,-,4050.6000,4050.2000,4050.0000,4048.8000,4048.2000,4051.4000,4051.6000,4052.4000,4053.0000,4054.4000,5,1,1,2,1,1,1,3,1,1
SF,IF2006,2020-02-19 13:53:36.900,4051.2000,23941,0,6763904760.000,0,-,-,-,-,4050.2000,4050.0000,4048.8000,4048.2000,4048.0000,4051.4000,4051.6000,4052.4000,4053.0000,4054.4000,1,1,2,1,12,1,1,3,1,1
SF,IF2006,2020-02-19 13:53:39.900,4051.2000,23941,0,6763904760.000,0,-,-,-,-,4050.6000,4050.2000,4050.0000,4048.8000,4048.2000,4051.4000,4051.6000,4052.4000,4053.0000,4054.4000,5,1,1,2,1,1,1,3,1,1
SF,IF2006,2020-02-19 13:53:40.400,4051.2000,23941,0,6763904760.000,0,-,-,-,-,4050.6000,4050.2000,4050.0000,4048.8000,4048.2000,4051.4000,4051.6000,4052.4000,4053.0000,4054.4000,5,1,1,2,1,1,1,2,1,1
SF,IF2006,2020-02-19 13:53:40.900,4050.8000,23942,1,6765120000.000,1,1,0,双开,B,4050.8000,4050.6000,4050.2000,4050.0000,4048.8000,4051.4000,4051.6000,4052.4000,4053.0000,4054.4000,5,5,1,1,2,1,1,2,1,1
SF,IF2006,2020-02-19 13:53:41.400,4050.8000,23942,0,6765120000.000,0,-,-,-,-,4050.6000,4050.2000,4050.0000,4048.8000,4048.2000,4051.4000,4051.6000,4052.4000,4053.0000,4054.4000,5,1,1,2,1,1,1,2,1,1
SF,IF2006,2020-02-19 13:53:42.400,4050.8000,23942,0,6765120000.000,0,-,-,-,-,4050.6000,4050.4000,4050.2000,4050.0000,4048.8000,4051.4000,4051.6000,4052.4000,4053.0000,4054.4000,5,1,1,1,2,1,1,2,1,1
SF,IF2006,2020-02-19 13:53:45.400,4050.8000,23942,0,6765120000.000,0,-,-,-,-,4050.6000,4050.4000,4050.2000,4050.0000,4048.8000,4051.2000,4051.4000,4052.4000,4053.0000,4054.4000,5,1,1,1,2,1,1,2,1,1
SF,IF2006,2020-02-19 13:53:45.900,4050.8000,23942,0,6765120000.000,0,-,-,-,-,4050.4000,4050.2000,4050.0000,4048.8000,4048.2000,4051.2000,4051.4000,4052.4000,4053.0000,4054.4000,1,1,1,2,1,1,1,2,1,1
SF,IF2006,2020-02-19 13:53:46.400,4050.8000,23942,0,6765120000.000,0,-,-,-,-,4050.4000,4050.2000,4050.0000,4048.8000,4048.2000,4050.8000,4051.0000,4051.4000,4052.4000,4053.0000,1,1,1,2,1,1,1,1,2,1
SF,IF2006,2020-02-19 13:53:46.900,4050.4000,23942,0,6766335120.000,1,0,1,空换,B,4050.2000,4050.0000,4048.8000,4048.2000,4048.0000,4050.8000,4051.0000,4051.4000,4052.4000,4053.0000,1,1,2,1,12,1,1,1,2,1
SF,IF2006,2020-02-19 13:53:47.400,4050.4000,23942,0,6766335120.000,0,-,-,-,-,4050.2000,4050.0000,4048.8000,4048.2000,4048.0000,4050.4000,4050.8000,4051.0000,4052.4000,4053.0000,1,1,2,1,12,1,1,1,2,1
SF,IF2006,2020-02-19 13:53:48.400,4050.2000,23943,1,6767550180.000,1,1,0,双开,B,4050.0000,4048.8000,4048.2000,4048.0000,4047.4000,4050.8000,4051.0000,4052.4000,4053.0000,4054.4000,1,2,1,12,7,1,1,2,1,1
SF,IF2006,2020-02-19 13:53:51.400,4050.8000,23944,1,6768765420.000,1,1,0,双开,B,4050.2000,4050.0000,4048.8000,4048.2000,4048.0000,4051.0000,4052.4000,4053.0000,4054.4000,4055.8000,5,1,2,1,12,1,2,1,1,2
SF,IF2006,2020-02-19 13:53:51.900,4051.0000,23943,-1,6769980720.000,1,0,1,双平,B,4050.4000,4050.0000,4048.8000,4048.2000,4048.0000,4052.4000,4053.0000,4054.4000,4055.8000,4056.0000,2,1,2,1,12,2,1,1,2,2
SF,IF2006,2020-02-19 13:53:52.400,4051.0000,23943,0,6769980720.000,0,-,-,-,-,4050.6000,4050.4000,4050.0000,4048.8000,4048.2000,4051.8000,4052.2000,4052.4000,4053.0000,4054.4000,1,2,1,2,1,1,1,2,1,1
SF,IF2006,2020-02-19 13:53:52.900,4051.0000,23943,0,6769980720.000,0,-,-,-,-,4050.4000,4050.0000,4048.8000,4048.2000,4048.0000,4051.8000,4052.2000,4052.4000,4053.0000,4054.4000,2,1,2,1,12,1,1,2,1,1
SF,IF2006,2020-02-19 13:53:53.400,4051.0000,23943,0,6769980720.000,0,-,-,-,-,4051.2000,4050.4000,4050.0000,4048.8000,4048.2000,4051.8000,4052.4000,4053.0000,4054.4000,4055.8000,3,2,1,2,1,1,2,1,1,2
SF,IF2006,2020-02-19 13:53:53.900,4051.2000,23944,1,6771196080.000,1,1,0,双开,B,4050.4000,4050.0000,4048.8000,4048.2000,4048.0000,4052.4000,4053.0000,4054.4000,4055.8000,4056.0000,1,1,2,1,12,2,1,1,2,2
SF,IF2006,2020-02-19 13:53:54.400,4051.2000,23944,0,6771196080.000,0,-,-,-,-,4051.8000,4051.2000,4050.6000,4050.4000,4050.0000,4052.2000,4052.4000,4053.0000,4054.4000,4055.8000,5,1,2,1,1,1,2,1,1,2
SF,IF2006,2020-02-19 13:53:54.900,4051.8000,23945,1,6777273780.000,5,3,2,多开,B,4050.6000,4050.4000,4050.0000,4048.8000,4048.2000,4051.8000,4052.2000,4052.4000,4053.0000,4054.4000,1,1,1,2,1,3,1,2,1,1
SF,IF2006,2020-02-19 13:53:55.400,4051.8000,23945,0,6777273780.000,0,-,-,-,-,4050.8000,4050.4000,4050.0000,4048.8000,4048.2000,4051.8000,4052.2000,4052.4000,4053.0000,4054.4000,1,1,1,2,1,3,1,2,1,1
SF,IF2006,2020-02-19 13:53:55.900,4051.8000,23945,0,6777273780.000,0,-,-,-,-,4050.8000,4050.4000,4050.0000,4048.8000,4048.2000,4051.8000,4052.2000,4052.4000,4053.0000,4054.4000,1,1,1,2,1,3,1,2,1,1
SF,IF2006,2020-02-19 13:53:56.400,4051.8000,23945,0,6777273780.000,0,-,-,-,-,4050.8000,4050.4000,4050.0000,4048.8000,4048.2000,4051.8000,4052.2000,4052.4000,4053.0000,4054.4000,1,1,1,2,1,16,1,2,1,1
SF,IF2006,2020-02-19 13:53:56.900,4051.8000,23945,0,6777273780.000,0,-,-,-,-,4050.4000,4050.0000,4048.8000,4048.2000,4048.0000,4051.8000,4052.2000,4052.4000,4053.0000,4054.4000,1,1,2,1,4,16,1,2,1,1
SF,IF2006,2020-02-19 13:53:57.900,4051.8000,23945,0,6777273780.000,0,-,-,-,-,4050.4000,4050.0000,4048.8000,4048.2000,4048.0000,4051.6000,4051.8000,4052.2000,4052.4000,4053.0000,1,1,2,1,4,1,16,1,2,1
SF,IF2006,2020-02-19 13:53:58.400,4051.8000,23945,0,6777273780.000,0,-,-,-,-,4050.4000,4050.0000,4048.8000,4048.2000,4048.0000,4051.6000,4051.8000,4052.4000,4053.0000,4054.4000,1,1,2,1,4,1,16,2,1,1
SF,IF2006,2020-02-19 13:54:01.400,4051.8000,23945,0,6777273780.000,0,-,-,-,-,4050.4000,4050.0000,4048.8000,4048.2000,4048.0000,4051.4000,4051.6000,4051.8000,4052.4000,4053.0000,1,1,2,1,4,1,1,16,2,1
SF,IF2006,2020-02-19 13:54:01.900,4051.8000,23945,0,6777273780.000,0,-,-,-,-,4050.4000,4050.0000,4048.8000,4048.2000,4048.0000,4051.4000,4051.6000,4051.8000,4052.4000,4053.0000,1,1,2,1,4,1,1,14,2,1
SF,IF2006,2020-02-19 13:54:02.400,4051.8000,23945,0,6777273780.000,0,-,-,-,-,4050.0000,4048.8000,4048.2000,4048.0000,4047.4000,4051.4000,4051.6000,4051.8000,4052.4000,4053.0000,1,2,1,4,7,1,1,14,2,1
SF,IF2006,2020-02-19 13:54:02.900,4051.8000,23945,0,6777273780.000,0,-,-,-,-,4050.2000,4050.0000,4048.8000,4048.2000,4048.0000,4051.2000,4051.4000,4051.8000,4052.4000,4053.0000,2,1,2,1,4,1,1,13,2,1
SF,IF2006,2020-02-19 13:54:03.400,4051.8000,23945,0,6777273780.000,0,-,-,-,-,4050.2000,4050.0000,4048.8000,4048.2000,4048.0000,4051.2000,4051.4000,4051.8000,4052.4000,4053.0000,2,1,2,1,4,1,1,12,2,1
SF,IF2006,2020-02-19 13:54:04.900,4051.8000,23945,0,6777273780.000,0,-,-,-,-,4050.4000,4050.2000,4050.0000,4048.8000,4048.2000,4051.8000,4052.4000,4053.0000,4054.4000,4055.8000,1,2,1,2,1,12,2,1,1,2
SF,IF2006,2020-02-19 13:54:05.400,4051.8000,23945,0,6777273780.000,0,-,-,-,-,4050.4000,4050.2000,4050.0000,4048.8000,4048.2000,4051.8000,4052.4000,4053.0000,4054.4000,4055.8000,1,2,1,2,1,12,2,1,1,2
SF,IF2006,2020-02-19 13:54:05.900,4051.8000,23945,0,6777273780.000,0,-,-,-,-,4050.4000,4050.2000,4050.0000,4048.8000,4048.2000,4051.8000,4052.4000,4053.0000,4054.4000,4055.8000,1,1,1,2,1,12,2,1,1,2
SF,IF2006,2020-02-19 13:54:06.400,4051.8000,23945,0,6777273780.000,0,-,-,-,-,4050.4000,4050.2000,4050.0000,4048.8000,4048.2000,4051.0000,4051.8000,4052.4000,4053.0000,4054.4000,1,1,1,2,1,1,12,2,1,1
SF,IF2006,2020-02-19 13:54:06.900,4051.8000,23945,0,6777273780.000,0,-,-,-,-,4050.4000,4050.2000,4050.0000,4048.8000,4048.2000,4051.0000,4051.8000,4052.4000,4053.0000,4055.8000,1,1,1,2,1,1,12,2,1,3
SF,IF2006,2020-02-19 13:54:07.400,4051.8000,23945,0,6777273780.000,0,-,-,-,-,4050.4000,4050.2000,4050.0000,4048.8000,4048.2000,4051.0000,4051.8000,4052.2000,4052.4000,4053.0000,1,1,1,2,1,1,13,1,2,1
SF,IF2006,2020-02-19 13:54:07.900,4051.8000,23945,0,6777273780.000,0,-,-,-,-,4050.4000,4050.2000,4050.0000,4048.8000,4048.2000,4051.0000,4051.8000,4052.4000,4053.0000,4055.8000,1,1,1,2,1,1,13,2,1,3
SF,IF2006,2020-02-19 13:54:08.900,4051.8000,23945,0,6777273780.000,0,-,-,-,-,4050.4000,4050.2000,4050.0000,4048.8000,4048.2000,4051.0000,4051.8000,4052.4000,4053.0000,4055.8000,1,1,1,2,1,1,13,2,1,3
SF,IF2006,2020-02-19 13:54:09.400,4051.8000,23945,0,6777273780.000,0,-,-,-,-,4050.4000,4050.2000,4050.0000,4048.8000,4048.2000,4051.0000,4051.8000,4052.4000,4053.0000,4055.8000,1,1,1,2,1,1,13,2,1,3
SF,IF2006,2020-02-19 13:54:10.900,4051.8000,23945,0,6777273780.000,0,-,-,-,-,4050.6000,4050.4000,4050.0000,4048.8000,4048.2000,4051.0000,4051.8000,4052.4000,4053.0000,4055.8000,1,1,1,2,1,1,12,2,1,3
SF,IF2006,2020-02-19 13:54:14.400,4051.8000,23945,0,6777273780.000,0,-,-,-,-,4050.4000,4050.0000,4048.8000,4048.2000,4048.0000,4051.0000,4051.8000,4052.4000,4053.0000,4055.8000,1,1,2,1,4,1,12,2,1,3
SF,IF2006,2020-02-19 13:54:14.900,4051.8000,23945,0,6777273780.000,0,-,-,-,-,4050.0000,4048.8000,4048.2000,4048.0000,4047.4000,4051.0000,4051.8000,4052.4000,4053.0000,4055.8000,1,2,1,4,7,1,12,2,1,3
SF,IF2006,2020-02-19 13:54:15.400,4051.8000,23945,0,6777273780.000,0,-,-,-,-,4050.2000,4050.0000,4048.8000,4048.2000,4048.0000,4051.0000,4051.8000,4052.4000,4053.0000,4055.8000,2,1,2,1,4,1,12,2,1,3
SF,IF2006,2020-02-19 13:54:17.400,4051.8000,23945,0,6777273780.000,0,-,-,-,-,4050.2000,4050.0000,4048.8000,4048.2000,4048.0000,4051.0000,4051.8000,4052.4000,4053.0000,4055.8000,2,1,1,1,4,1,12,2,1,3
SF,IF2006,2020-02-19 13:54:18.400,4051.0000,23946,1,6778489080.000,1,1,0,双开,B,4050.2000,4050.0000,4048.8000,4048.2000,4048.0000,4051.8000,4052.4000,4053.0000,4055.8000,4056.0000,2,1,1,1,4,12,2,1,3,1
SF,IF2006,2020-02-19 13:54:18.900,4051.0000,23946,0,6778489080.000,0,-,-,-,-,4050.2000,4050.0000,4048.8000,4048.2000,4048.0000,4051.6000,4051.8000,4052.4000,4053.0000,4055.8000,2,1,1,1,4,1,12,2,1,3
SF,IF2006,2020-02-19 13:54:19.400,4051.0000,23946,0,6778489080.000,0,-,-,-,-,4050.2000,4050.0000,4048.8000,4048.2000,4048.0000,4051.6000,4051.8000,4052.4000,4053.0000,4055.8000,1,1,1,1,4,1,12,2,1,3
SF,IF2006,2020-02-19 13:54:19.900,4051.0000,23946,0,6778489080.000,0,-,-,-,-,4050.0000,4048.8000,4048.2000,4048.0000,4047.4000,4051.6000,4051.8000,4052.4000,4053.0000,4055.8000,1,1,1,4,7,1,12,2,1,3
SF,IF2006,2020-02-19 13:54:20.400,4051.0000,23946,0,6778489080.000,0,-,-,-,-,4050.0000,4048.8000,4048.2000,4047.4000,4046.8000,4051.6000,4051.8000,4052.4000,4053.0000,4055.8000,1,1,1,7,2,1,12,2,1,3
SF,IF2006,2020-02-19 13:54:20.900,4051.0000,23946,0,6778489080.000,0,-,-,-,-,4050.0000,4048.8000,4048.2000,4047.4000,4046.8000,4051.4000,4051.6000,4051.8000,4052.4000,4053.0000,1,1,1,7,2,1,1,12,2,1
SF,IF2006,2020-02-19 13:54:30.900,4051.0000,23946,0,6778489080.000,0,-,-,-,-,4050.0000,4048.8000,4048.2000,4047.4000,4046.8000,4051.0000,4051.2000,4051.4000,4051.6000,4051.8000,1,1,1,7,2,1,1,1,1,12
SF,IF2006,2020-02-19 13:54:32.400,4051.0000,23946,0,6778489080.000,0,-,-,-,-,4050.0000,4048.8000,4048.2000,4047.4000,4046.8000,4051.0000,4051.2000,4051.4000,4051.6000,4051.8000,2,1,1,7,2,1,1,1,1,12
SF,IF2006,2020-02-19 13:54:32.900,4051.0000,23946,0,6778489080.000,0,-,-,-,-,4050.0000,4048.8000,4048.2000,4047.4000,4046.8000,4051.0000,4051.6000,4051.8000,4052.4000,4053.0000,2,1,1,7,2,1,1,12,2,1
SF,IF2006,2020-02-19 13:54:35.900,4051.0000,23946,0,6778489080.000,0,-,-,-,-,4050.2000,4050.0000,4048.8000,4048.2000,4047.4000,4051.0000,4051.6000,4051.8000,4052.4000,4053.0000,1,2,1,1,7,1,1,12,2,1
SF,IF2006,2020-02-19 13:54:36.400,4051.0000,23946,0,6778489080.000,0,-,-,-,-,4050.8000,4050.2000,4050.0000,4048.8000,4048.2000,4051.0000,4051.6000,4051.8000,4052.4000,4053.0000,1,1,2,1,1,1,1,12,2,1
SF,IF2006,2020-02-19 13:54:36.900,4050.8000,23947,1,6779704320.000,1,1,0,双开,B,4050.2000,4050.0000,4048.8000,4048.2000,4047.4000,4051.0000,4051.6000,4051.8000,4052.4000,4053.0000,1,2,1,1,7,1,1,12,2,1
SF,IF2006,2020-02-19 13:54:37.400,4050.8000,23947,0,6779704320.000,0,-,-,-,-,4050.4000,4050.2000,4050.0000,4048.8000,4048.2000,4051.0000,4051.6000,4051.8000,4052.4000,4053.0000,3,1,2,1,1,1,1,12,2,1
SF,IF2006,2020-02-19 13:54:37.900,4050.8000,23947,0,6779704320.000,0,-,-,-,-,4050.2000,4050.0000,4048.8000,4048.2000,4047.4000,4051.0000,4051.6000,4051.8000,4052.4000,4053.0000,1,2,1,1,7,1,1,12,2,1
SF,IF2006,2020-02-19 13:54:38.900,4051.0000,23948,1,6780919620.000,1,1,0,双开,B,4050.0000,4048.8000,4048.2000,4047.4000,4046.8000,4051.6000,4051.8000,4052.4000,4053.0000,4055.8000,2,1,1,7,2,1,12,2,1,3
SF,IF2006,2020-02-19 13:54:39.400,4051.0000,23948,0,6780919620.000,0,-,-,-,-,4050.4000,4050.0000,4048.8000,4048.2000,4047.4000,4051.6000,4051.8000,4052.4000,4053.0000,4055.8000,5,2,1,1,7,1,12,2,1,3
SF,IF2006,2020-02-19 13:54:39.900,4051.0000,23948,0,6780919620.000,0,-,-,-,-,4050.0000,4048.8000,4048.2000,4047.4000,4046.8000,4051.6000,4051.8000,4052.4000,4053.0000,4055.8000,2,1,1,7,2,1,12,2,1,3
SF,IF2006,2020-02-19 13:54:40.900,4051.0000,23948,0,6780919620.000,0,-,-,-,-,4050.0000,4048.8000,4048.2000,4047.4000,4046.8000,4051.4000,4051.6000,4051.8000,4052.4000,4053.0000,2,1,1,7,2,1,1,12,2,1
SF,IF2006,2020-02-19 13:54:41.400,4051.0000,23948,0,6780919620.000,0,-,-,-,-,4050.0000,4048.8000,4048.2000,4047.4000,4046.8000,4051.2000,4051.4000,4051.8000,4052.4000,4053.0000,2,1,1,7,2,3,1,12,2,1
SF,IF2006,2020-02-19 13:54:41.900,4051.0000,23948,0,6780919620.000,0,-,-,-,-,4050.0000,4048.8000,4048.2000,4047.4000,4046.8000,4051.2000,4051.4000,4051.8000,4052.4000,4053.0000,2,1,1,7,2,3,1,12,2,1
SF,IF2006,2020-02-19 13:54:42.900,4051.0000,23948,0,6780919620.000,0,-,-,-,-,4050.0000,4048.8000,4048.2000,4047.4000,4046.8000,4051.0000,4051.2000,4051.4000,4051.8000,4052.4000,2,1,1,7,2,1,3,1,12,2
SF,IF2006,2020-02-19 13:54:43.400,4051.0000,23948,0,6780919620.000,0,-,-,-,-,4050.0000,4048.8000,4048.2000,4047.4000,4046.8000,4050.8000,4051.0000,4051.2000,4051.4000,4051.8000,2,1,1,7,2,2,1,1,1,12
SF,IF2006,2020-02-19 13:54:43.900,4050.0000,23949,1,6782134620.000,1,1,0,双开,B,4050.0000,4048.8000,4048.2000,4047.4000,4046.8000,4050.8000,4051.0000,4051.2000,4051.4000,4051.8000,1,1,1,7,2,2,1,1,1,12
SF,IF2006,2020-02-19 13:54:44.400,4050.0000,23949,0,6782134620.000,0,-,-,-,-,4050.0000,4048.8000,4048.2000,4047.4000,4046.8000,4050.8000,4051.0000,4051.2000,4051.4000,4051.8000,1,1,1,7,2,2,1,1,1,12
SF,IF2006,2020-02-19 13:54:44.900,4050.0000,23950,1,6783349620.000,1,1,0,双开,B,4048.8000,4048.2000,4047.4000,4046.8000,4046.6000,4050.8000,4051.0000,4051.2000,4051.4000,4051.8000,1,1,7,2,1,2,1,1,1,12
SF,IF2006,2020-02-19 13:54:45.400,4050.0000,23950,0,6783349620.000,0,-,-,-,-,4049.4000,4049.2000,4049.0000,4048.8000,4048.2000,4050.8000,4051.0000,4051.2000,4051.4000,4051.8000,2,2,4,1,1,2,1,1,1,12
SF,IF2006,2020-02-19 13:54:45.900,4050.0000,23950,0,6783349620.000,0,-,-,-,-,4049.4000,4049.2000,4049.0000,4048.8000,4048.2000,4050.8000,4051.0000,4051.2000,4051.4000,4051.8000,2,1,4,1,1,2,1,1,1,12
SF,IF2006,2020-02-19 13:54:46.400,4050.0000,23950,0,6783349620.000,0,-,-,-,-,4049.4000,4049.2000,4049.0000,4048.8000,4048.2000,4050.8000,4051.2000,4051.4000,4051.8000,4052.4000,2,1,4,1,1,2,1,1,12,2
SF,IF2006,2020-02-19 13:54:48.900,4050.0000,23950,0,6783349620.000,0,-,-,-,-,4049.4000,4049.2000,4049.0000,4048.8000,4048.2000,4050.8000,4051.2000,4051.4000,4051.8000,4052.4000,1,1,4,1,1,2,1,1,12,2
SF,IF2006,2020-02-19 13:54:49.900,4050.0000,23950,0,6783349620.000,0,-,-,-,-,4049.6000,4049.4000,4049.2000,4049.0000,4048.8000,4050.8000,4051.2000,4051.8000,4052.4000,4053.0000,5,1,1,4,1,2,1,12,2,1
SF,IF2006,2020-02-19 13:54:50.400,4050.0000,23950,0,6783349620.000,0,-,-,-,-,4050.0000,4049.8000,4049.6000,4049.2000,4049.0000,4051.2000,4051.8000,4052.4000,4053.0000,4055.8000,5,3,5,1,2,1,12,2,1,3
SF,IF2006,2020-02-19 13:54:50.900,4050.0000,23950,0,6783349620.000,0,-,-,-,-,4049.8000,4049.6000,4049.0000,4048.8000,4048.2000,4051.2000,4051.8000,4052.4000,4053.0000,4055.8000,3,5,2,1,1,1,12,2,1,3
SF,IF2006,2020-02-19 13:54:51.400,4050.0000,23950,0,6783349620.000,0,-,-,-,-,4050.0000,4049.8000,4049.6000,4049.0000,4048.8000,4051.2000,4051.8000,4052.4000,4053.0000,4055.8000,5,3,5,2,1,1,12,2,1,3
SF,IF2006,2020-02-19 13:54:51.900,4050.0000,23950,0,6783349620.000,0,-,-,-,-,4049.8000,4049.6000,4049.0000,4048.8000,4048.2000,4051.2000,4051.8000,4052.4000,4053.0000,4055.8000,3,5,2,1,1,1,12,2,1,3
SF,IF2006,2020-02-19 13:54:52.400,4050.0000,23950,0,6783349620.000,0,-,-,-,-,4049.8000,4049.6000,4049.0000,4048.8000,4048.2000,4051.0000,4051.2000,4051.8000,4052.4000,4053.0000,3,5,2,1,1,2,1,12,2,1
SF,IF2006,2020-02-19 13:54:52.900,4050.0000,23950,0,6783349620.000,0,-,-,-,-,4050.2000,4049.6000,4049.0000,4048.8000,4048.2000,4051.0000,4051.2000,4051.8000,4052.4000,4053.0000,1,5,2,1,1,2,1,12,2,1
SF,IF2006,2020-02-19 13:54:54.400,4050.0000,23950,0,6783349620.000,0,-,-,-,-,4050.2000,4049.6000,4049.0000,4048.8000,4048.2000,4051.0000,4051.2000,4051.4000,4051.8000,4052.4000,1,5,2,1,1,2,1,1,12,2
SF,IF2006,2020-02-19 13:54:54.900,4050.0000,23950,0,6783349620.000,0,-,-,-,-,4050.2000,4049.6000,4049.0000,4048.8000,4048.2000,4051.0000,4051.2000,4051.4000,4051.8000,4052.4000,1,5,2,1,1,2,1,1,12,2
SF,IF2006,2020-02-19 13:54:55.900,4050.0000,23950,0,6783349620.000,0,-,-,-,-,4049.6000,4049.0000,4048.8000,4048.2000,4046.8000,4051.0000,4051.2000,4051.4000,4051.8000,4052.4000,5,2,1,1,2,2,1,1,12,2
SF,IF2006,2020-02-19 13:54:56.400,4050.0000,23950,0,6783349620.000,0,-,-,-,-,4049.8000,4049.6000,4049.0000,4048.8000,4048.2000,4051.0000,4051.2000,4051.4000,4051.8000,4052.4000,5,5,2,1,1,2,1,1,12,2
SF,IF2006,2020-02-19 13:54:56.900,4050.0000,23950,0,6783349620.000,0,-,-,-,-,4050.0000,4049.8000,4049.6000,4049.0000,4048.8000,4051.0000,4051.2000,4051.4000,4051.8000,4052.4000,1,5,5,2,1,2,1,1,12,2
SF,IF2006,2020-02-19 13:54:57.400,4050.0000,23949,-1,6784564620.000,1,0,1,双平,B,4049.0000,4048.8000,4048.2000,4046.8000,4046.6000,4051.0000,4051.2000,4051.4000,4051.8000,4052.4000,2,1,1,2,1,2,1,1,12,2
SF,IF2006,2020-02-19 13:54:57.900,4050.0000,23949,0,6784564620.000,0,-,-,-,-,4049.4000,4049.2000,4049.0000,4048.8000,4048.2000,4051.0000,4051.2000,4051.4000,4051.8000,4052.4000,1,8,2,1,1,2,1,1,12,2
SF,IF2006,2020-02-19 13:54:58.400,4050.0000,23949,0,6784564620.000,0,-,-,-,-,4049.6000,4049.4000,4049.2000,4049.0000,4048.8000,4051.0000,4051.2000,4051.4000,4051.8000,4052.4000,2,1,6,2,1,2,1,1,12,2
SF,IF2006,2020-02-19 13:54:58.900,4050.0000,23949,0,6784564620.000,0,-,-,-,-,4049.6000,4049.4000,4049.2000,4049.0000,4048.8000,4051.2000,4051.4000,4051.8000,4052.4000,4053.0000,2,1,6,2,1,1,1,12,2,1
SF,IF2006,2020-02-19 13:54:59.400,4050.0000,23949,0,6784564620.000,0,-,-,-,-,4049.6000,4049.4000,4049.2000,4049.0000,4048.8000,4051.2000,4051.4000,4051.8000,4052.4000,4053.0000,2,1,5,2,1,1,1,12,2,1
SF,IF2006,2020-02-19 13:54:59.900,4050.0000,23949,0,6784564620.000,0,-,-,-,-,4049.6000,4049.4000,4049.2000,4049.0000,4048.8000,4050.0000,4051.2000,4051.4000,4051.8000,4052.4000,2,1,5,2,1,1,1,1,12,2
SF,IF2006,2020-02-19 13:55:00.400,4050.0000,23950,1,6785779620.000,1,1,0,双开,B,4049.6000,4049.4000,4049.2000,4049.0000,4048.8000,4051.4000,4051.8000,4052.4000,4053.0000,4055.8000,2,1,5,2,1,1,12,2,1,3
SF,IF2006,2020-02-19 13:55:00.900,4050.0000,23950,0,6785779620.000,0,-,-,-,-,4049.6000,4049.4000,4049.2000,4049.0000,4048.8000,4051.2000,4051.4000,4051.8000,4052.4000,4053.0000,2,1,5,2,1,4,1,12,2,1
SF,IF2006,2020-02-19 13:55:01.400,4050.0000,23950,0,6785779620.000,0,-,-,-,-,4049.8000,4049.6000,4049.4000,4049.2000,4049.0000,4051.2000,4051.4000,4051.8000,4052.4000,4053.0000,3,2,1,5,2,2,1,12,2,1
SF,IF2006,2020-02-19 13:55:01.900,4050.0000,23950,0,6785779620.000,0,-,-,-,-,4050.0000,4049.6000,4049.4000,4049.2000,4049.0000,4051.0000,4051.2000,4051.4000,4051.8000,4052.4000,1,2,1,5,2,2,2,1,12,2
SF,IF2006,2020-02-19 13:55:02.400,4050.0000,23950,0,6785779620.000,0,-,-,-,-,4050.0000,4049.6000,4049.2000,4049.0000,4048.8000,4051.0000,4051.2000,4051.4000,4051.8000,4052.4000,1,2,5,2,1,2,2,1,12,2
SF,IF2006,2020-02-19 13:55:02.900,4050.0000,23950,0,6785779620.000,0,-,-,-,-,4050.0000,4049.6000,4049.2000,4049.0000,4048.8000,4051.0000,4051.2000,4051.4000,4051.8000,4052.4000,1,2,5,2,1,2,1,1,12,2
SF,IF2006,2020-02-19 13:55:03.900,4050.0000,23950,0,6785779620.000,0,-,-,-,-,4049.6000,4049.2000,4049.0000,4048.8000,4048.2000,4051.0000,4051.2000,4051.4000,4051.8000,4052.4000,2,5,2,1,1,2,1,1,12,2
SF,IF2006,2020-02-19 13:55:04.400,4050.0000,23950,0,6785779620.000,0,-,-,-,-,4050.0000,4049.6000,4049.2000,4049.0000,4048.8000,4051.0000,4051.2000,4051.4000,4051.8000,4052.4000,5,2,5,2,1,2,1,1,12,2
SF,IF2006,2020-02-19 13:55:04.900,4050.0000,23950,0,6785779620.000,0,-,-,-,-,4050.0000,4049.6000,4049.2000,4049.0000,4048.8000,4051.2000,4051.4000,4051.8000,4052.4000,4053.0000,5,2,5,2,1,1,1,12,2,1
SF,IF2006,2020-02-19 13:55:05.400,4050.0000,23950,0,6785779620.000,0,-,-,-,-,4050.4000,4050.0000,4049.6000,4049.2000,4049.0000,4051.2000,4051.4000,4051.8000,4052.4000,4053.0000,2,5,2,5,2,1,1,12,2,1
SF,IF2006,2020-02-19 13:55:05.900,4050.0000,23950,0,6785779620.000,0,-,-,-,-,4050.0000,4049.6000,4049.0000,4048.8000,4048.2000,4051.2000,4051.4000,4051.8000,4052.4000,4053.0000,5,2,2,1,1,1,1,12,2,1
SF,IF2006,2020-02-19 13:55:06.400,4050.0000,23950,0,6785779620.000,0,-,-,-,-,4050.0000,4049.6000,4049.0000,4048.8000,4048.2000,4051.2000,4051.4000,4051.8000,4052.4000,4053.0000,5,2,2,1,1,1,1,12,2,1
SF,IF2006,2020-02-19 13:55:06.900,4050.0000,23950,0,6785779620.000,0,-,-,-,-,4049.6000,4049.0000,4048.8000,4048.2000,4046.8000,4051.0000,4051.2000,4051.4000,4051.8000,4052.4000,2,2,1,1,2,1,1,1,12,2
SF,IF2006,2020-02-19 13:55:07.400,4050.0000,23950,0,6785779620.000,0,-,-,-,-,4049.8000,4049.6000,4049.0000,4048.8000,4048.2000,4051.0000,4051.2000,4051.4000,4051.8000,4052.4000,1,2,2,1,1,1,1,1,12,2
SF,IF2006,2020-02-19 13:55:08.400,4050.0000,23950,0,6785779620.000,0,-,-,-,-,4049.8000,4049.6000,4049.0000,4048.8000,4048.2000,4051.0000,4051.2000,4051.4000,4051.8000,4052.4000,1,2,2,1,1,1,1,1,12,2
SF,IF2006,2020-02-19 13:55:08.900,4050.0000,23950,0,6785779620.000,0,-,-,-,-,4049.8000,4049.6000,4049.0000,4048.8000,4048.2000,4051.0000,4051.2000,4051.4000,4051.8000,4052.4000,1,2,2,1,1,1,1,1,12,2
SF,IF2006,2020-02-19 13:55:14.400,4050.0000,23950,0,6785779620.000,0,-,-,-,-,4050.2000,4049.8000,4049.6000,4049.0000,4048.8000,4051.0000,4051.2000,4051.4000,4051.8000,4052.4000,5,1,2,2,1,1,1,1,12,2
SF,IF2006,2020-02-19 13:55:14.900,4050.0000,23950,0,6785779620.000,0,-,-,-,-,4050.2000,4049.8000,4049.6000,4049.0000,4048.8000,4051.0000,4051.2000,4051.4000,4051.8000,4052.4000,5,1,2,2,1,1,1,1,12,2
SF,IF2006,2020-02-19 13:55:17.900,4050.0000,23950,0,6785779620.000,0,-,-,-,-,4050.2000,4049.8000,4049.6000,4049.0000,4048.8000,4050.6000,4051.0000,4051.2000,4051.4000,4051.8000,5,1,2,2,1,1,1,1,1,12
SF,IF2006,2020-02-19 13:55:18.900,4050.0000,23950,0,6785779620.000,0,-,-,-,-,4050.4000,4050.2000,4049.8000,4049.6000,4049.0000,4050.6000,4051.0000,4051.2000,4051.4000,4051.8000,5,5,1,2,2,1,1,1,1,12
SF,IF2006,2020-02-19 13:55:19.400,4051.0000,23951,1,6788210100.000,2,1,1,多开,B,4050.2000,4049.8000,4049.6000,4049.0000,4048.8000,4051.2000,4051.4000,4051.8000,4052.4000,4053.0000,5,1,2,2,1,1,1,12,2,2
SF,IF2006,2020-02-19 13:55:20.400,4051.0000,23951,0,6788210100.000,0,-,-,-,-,4050.6000,4050.2000,4049.8000,4049.6000,4049.0000,4051.2000,4051.4000,4051.8000,4052.4000,4053.0000,5,5,1,2,2,1,1,12,2,2
SF,IF2006,2020-02-19 13:55:20.900,4051.0000,23951,0,6788210100.000,0,-,-,-,-,4050.2000,4049.8000,4049.6000,4049.0000,4048.8000,4051.2000,4051.4000,4051.8000,4052.4000,4053.0000,5,1,2,2,1,1,1,12,2,2
SF,IF2006,2020-02-19 13:55:21.400,4051.0000,23951,0,6788210100.000,0,-,-,-,-,4050.6000,4050.2000,4049.8000,4049.6000,4049.0000,4051.4000,4051.8000,4052.4000,4053.0000,4055.0000,5,5,1,2,2,1,12,2,2,1
SF,IF2006,2020-02-19 13:55:21.900,4051.0000,23951,0,6788210100.000,0,-,-,-,-,4050.8000,4050.6000,4050.2000,4049.8000,4049.6000,4051.4000,4051.8000,4052.4000,4053.0000,4055.0000,3,5,5,1,2,1,12,2,2,1
SF,IF2006,2020-02-19 13:55:22.400,4051.0000,23951,0,6788210100.000,0,-,-,-,-,4051.2000,4050.6000,4050.2000,4049.8000,4049.6000,4051.4000,4051.8000,4052.4000,4053.0000,4055.0000,2,5,5,1,2,1,12,2,2,1
SF,IF2006,2020-02-19 13:55:22.900,4051.8000,23952,1,6791856600.000,3,2,1,多开,B,4051.2000,4050.6000,4050.2000,4049.6000,4049.0000,4051.8000,4052.4000,4053.0000,4055.0000,4055.8000,2,5,5,2,2,10,2,2,1,3
SF,IF2006,2020-02-19 13:55:23.400,4051.8000,23952,0,6791856600.000,0,-,-,-,-,4051.2000,4050.6000,4050.2000,4049.6000,4049.0000,4051.8000,4053.0000,4055.0000,4055.8000,4056.0000,2,5,5,2,2,10,2,1,3,2
SF,IF2006,2020-02-19 13:55:24.400,4051.2000,23953,1,6793071960.000,1,1,0,双开,B,4051.4000,4051.2000,4050.6000,4050.2000,4049.6000,4051.8000,4053.0000,4055.0000,4055.8000,4056.0000,1,1,5,5,2,10,2,1,3,2
SF,IF2006,2020-02-19 13:55:24.900,4051.2000,23954,1,6795502740.000,2,1,1,多开,B,4050.6000,4049.6000,4049.0000,4048.8000,4048.2000,4051.8000,4053.0000,4055.0000,4055.8000,4056.0000,5,2,2,1,1,10,2,1,3,2
SF,IF2006,2020-02-19 13:55:25.400,4051.8000,23955,1,6797933760.000,2,1,1,多开,B,4049.6000,4049.0000,4048.8000,4048.2000,4048.0000,4051.8000,4053.0000,4055.0000,4055.8000,4056.0000,2,2,1,1,1,9,2,1,3,2
SF,IF2006,2020-02-19 13:55:25.900,4051.8000,23955,0,6797933760.000,0,-,-,-,-,4050.4000,4049.8000,4049.6000,4049.0000,4048.8000,4051.6000,4051.8000,4053.0000,4055.0000,4055.8000,2,2,2,2,1,5,9,2,1,3
SF,IF2006,2020-02-19 13:55:26.400,4051.8000,23955,0,6797933760.000,0,-,-,-,-,4049.8000,4049.6000,4049.0000,4048.8000,4048.2000,4051.6000,4051.8000,4053.0000,4055.0000,4055.8000,2,2,2,1,1,6,9,2,1,3
SF,IF2006,2020-02-19 13:55:26.900,4051.8000,23955,0,6797933760.000,0,-,-,-,-,4050.4000,4050.0000,4049.8000,4049.0000,4048.8000,4051.6000,4051.8000,4053.0000,4055.0000,4055.8000,5,2,2,2,1,6,9,2,1,3
SF,IF2006,2020-02-19 13:55:27.400,4051.8000,23955,0,6797933760.000,0,-,-,-,-,4050.0000,4049.8000,4049.0000,4048.8000,4048.2000,4051.6000,4051.8000,4053.0000,4055.0000,4055.8000,2,2,2,1,1,6,9,2,1,3
SF,IF2006,2020-02-19 13:55:27.900,4051.8000,23955,0,6797933760.000,0,-,-,-,-,4050.2000,4050.0000,4049.8000,4049.0000,4048.8000,4051.6000,4051.8000,4053.0000,4055.0000,4055.8000,5,2,2,2,1,6,9,2,1,3
SF,IF2006,2020-02-19 13:55:28.400,4051.8000,23955,0,6797933760.000,0,-,-,-,-,4050.4000,4050.2000,4049.8000,4049.0000,4048.8000,4051.6000,4051.8000,4053.0000,4055.0000,4055.8000,5,5,2,2,1,4,9,2,1,3
SF,IF2006,2020-02-19 13:55:28.900,4051.8000,23955,0,6797933760.000,0,-,-,-,-,4050.4000,4050.2000,4049.8000,4049.0000,4048.8000,4051.6000,4051.8000,4053.0000,4055.0000,4055.8000,5,5,1,2,1,2,9,2,1,3
SF,IF2006,2020-02-19 13:55:29.900,4051.8000,23955,0,6797933760.000,0,-,-,-,-,4050.6000,4050.4000,4050.2000,4049.8000,4049.0000,4051.6000,4051.8000,4053.0000,4055.0000,4055.8000,3,5,5,1,2,1,9,2,1,3
SF,IF2006,2020-02-19 13:55:30.900,4051.8000,23955,0,6797933760.000,0,-,-,-,-,4050.6000,4050.4000,4050.2000,4049.8000,4049.0000,4051.4000,4051.6000,4051.8000,4053.0000,4055.0000,3,5,5,1,2,1,1,9,2,1
SF,IF2006,2020-02-19 13:55:32.900,4051.8000,23955,0,6797933760.000,0,-,-,-,-,4050.6000,4050.4000,4050.2000,4049.8000,4049.0000,4051.6000,4051.8000,4053.0000,4055.0000,4055.8000,3,5,5,1,2,1,9,2,1,3
SF,IF2006,2020-02-19 13:55:33.400,4051.8000,23955,0,6797933760.000,0,-,-,-,-,4051.6000,4050.6000,4050.4000,4050.2000,4049.8000,4051.8000,4053.0000,4055.0000,4055.8000,4056.0000,1,3,5,5,1,9,2,1,3,2
SF,IF2006,2020-02-19 13:55:33.900,4051.6000,23956,1,6799149240.000,1,1,0,双开,B,4050.6000,4049.8000,4049.0000,4048.8000,4048.2000,4051.4000,4051.6000,4051.8000,4053.0000,4055.0000,3,1,2,1,1,1,1,9,2,1
SF,IF2006,2020-02-19 13:55:34.400,4051.6000,23956,0,6799149240.000,0,-,-,-,-,4050.6000,4049.8000,4049.0000,4048.8000,4048.2000,4051.8000,4053.0000,4055.0000,4055.8000,4056.0000,3,1,2,1,1,9,2,1,3,2
SF,IF2006,2020-02-19 13:55:35.400,4051.6000,23956,0,6799149240.000,0,-,-,-,-,4050.8000,4050.6000,4049.8000,4049.0000,4048.8000,4051.8000,4053.0000,4055.0000,4055.8000,4056.0000,3,3,1,2,1,9,2,1,3,2
SF,IF2006,2020-02-19 13:55:38.900,4051.6000,23956,0,6799149240.000,0,-,-,-,-,4049.8000,4049.0000,4048.8000,4048.2000,4048.0000,4051.8000,4053.0000,4055.0000,4055.8000,4056.0000,1,2,1,1,1,9,2,1,3,2
SF,IF2006,2020-02-19 13:55:39.400,4051.6000,23956,0,6799149240.000,0,-,-,-,-,4051.2000,4050.4000,4050.2000,4050.0000,4049.8000,4051.8000,4053.0000,4055.0000,4055.8000,4056.0000,5,2,1,3,1,9,2,1,3,2
SF,IF2006,2020-02-19 13:55:39.900,4051.6000,23956,0,6799149240.000,0,-,-,-,-,4050.4000,4050.0000,4049.8000,4048.8000,4048.2000,4051.8000,4053.0000,4055.0000,4055.8000,4056.0000,1,2,1,1,1,9,2,1,3,2
SF,IF2006,2020-02-19 13:55:41.400,4051.6000,23956,0,6799149240.000,0,-,-,-,-,4050.4000,4050.0000,4049.8000,4048.8000,4048.2000,4051.6000,4051.8000,4053.0000,4055.0000,4055.8000,1,2,1,1,1,1,9,2,1,3
SF,IF2006,2020-02-19 13:55:42.900,4051.6000,23956,0,6799149240.000,0,-,-,-,-,4050.0000,4049.8000,4048.8000,4048.2000,4048.0000,4051.6000,4051.8000,4053.0000,4055.0000,4055.8000,2,1,1,1,1,1,9,2,1,3
SF,IF2006,2020-02-19 13:55:43.400,4051.6000,23956,0,6799149240.000,0,-,-,-,-,4050.2000,4050.0000,4049.8000,4048.8000,4048.2000,4051.6000,4051.8000,4053.0000,4055.0000,4055.8000,6,2,1,1,1,1,9,2,1,3
SF,IF2006,2020-02-19 13:55:43.900,4051.6000,23956,0,6799149240.000,0,-,-,-,-,4051.0000,4050.4000,4050.2000,4049.8000,4048.8000,4051.6000,4051.8000,4053.0000,4055.0000,4055.8000,2,2,6,1,1,1,9,2,1,3
SF,IF2006,2020-02-19 13:55:44.400,4051.6000,23956,0,6799149240.000,0,-,-,-,-,4050.4000,4050.2000,4049.8000,4048.8000,4048.2000,4051.8000,4053.0000,4055.0000,4055.8000,4056.0000,2,5,1,1,1,9,2,1,3,2
SF,IF2006,2020-02-19 13:55:44.900,4051.6000,23956,0,6799149240.000,0,-,-,-,-,4051.0000,4050.6000,4050.4000,4050.2000,4049.8000,4051.8000,4053.0000,4055.0000,4055.8000,4056.0000,5,1,2,5,1,9,2,1,3,2
SF,IF2006,2020-02-19 13:55:45.400,4051.6000,23956,0,6799149240.000,0,-,-,-,-,4051.6000,4050.6000,4050.4000,4050.2000,4049.8000,4051.8000,4053.0000,4055.0000,4055.8000,4056.0000,6,1,2,5,1,9,2,1,3,2
SF,IF2006,2020-02-19 13:55:45.900,4051.8000,23956,0,6802795860.000,3,1,2,空换,B,4051.6000,4050.4000,4049.8000,4048.8000,4048.2000,4051.8000,4053.0000,4055.0000,4055.8000,4056.0000,6,2,1,1,1,6,2,1,3,2
SF,IF2006,2020-02-19 13:55:50.900,4051.8000,23956,0,6810089100.000,6,3,3,空换,B,4051.6000,4050.4000,4049.8000,4048.8000,4048.2000,4053.0000,4055.0000,4055.8000,4056.0000,4057.8000,6,2,1,1,1,2,1,3,2,1
SF,IF2006,2020-02-19 13:55:51.400,4051.8000,23956,0,6810089100.000,0,-,-,-,-,4052.2000,4051.6000,4050.4000,4049.8000,4048.8000,4053.0000,4055.0000,4055.8000,4056.0000,4057.8000,5,6,2,1,1,2,1,3,2,1
SF,IF2006,2020-02-19 13:55:51.900,4051.8000,23956,0,6810089100.000,0,-,-,-,-,4051.6000,4050.4000,4049.8000,4048.8000,4048.2000,4053.0000,4055.0000,4055.8000,4056.0000,4057.8000,6,2,1,1,1,2,1,3,2,1
SF,IF2006,2020-02-19 13:55:52.400,4051.8000,23956,0,6810089100.000,0,-,-,-,-,4051.8000,4051.6000,4049.8000,4048.8000,4048.2000,4053.0000,4055.0000,4055.8000,4056.0000,4057.8000,5,6,1,1,1,2,1,3,2,1
SF,IF2006,2020-02-19 13:55:52.900,4051.8000,23956,0,6810089100.000,0,-,-,-,-,4052.0000,4051.8000,4051.6000,4049.8000,4048.8000,4053.0000,4055.0000,4055.8000,4056.0000,4057.8000,3,5,6,1,1,2,1,3,2,1
SF,IF2006,2020-02-19 13:55:53.400,4051.8000,23956,0,6810089100.000,0,-,-,-,-,4052.0000,4051.8000,4051.6000,4049.8000,4048.8000,4053.0000,4055.0000,4055.8000,4056.0000,4057.8000,4,5,6,1,1,2,1,3,2,1
SF,IF2006,2020-02-19 13:55:53.900,4051.8000,23956,0,6810089100.000,0,-,-,-,-,4052.0000,4051.8000,4051.6000,4049.8000,4048.8000,4053.0000,4055.0000,4055.8000,4056.0000,4057.8000,2,5,6,1,1,2,1,3,2,1
SF,IF2006,2020-02-19 13:55:57.400,4051.8000,23956,0,6810089100.000,0,-,-,-,-,4052.0000,4051.8000,4051.6000,4049.8000,4048.8000,4053.0000,4055.0000,4055.8000,4056.0000,4057.8000,1,5,6,1,1,2,1,3,2,1
SF,IF2006,2020-02-19 13:55:58.400,4051.8000,23956,0,6810089100.000,0,-,-,-,-,4052.0000,4051.8000,4051.6000,4049.8000,4048.8000,4053.0000,4055.0000,4055.8000,4056.0000,4057.8000,2,5,6,1,1,2,1,3,2,1
SF,IF2006,2020-02-19 13:55:59.400,4051.8000,23956,0,6810089100.000,0,-,-,-,-,4052.2000,4052.0000,4051.8000,4051.6000,4049.8000,4053.0000,4055.0000,4055.8000,4056.0000,4057.8000,1,2,5,6,1,2,1,3,2,1
SF,IF2006,2020-02-19 13:55:59.900,4051.8000,23956,0,6810089100.000,0,-,-,-,-,4052.2000,4052.0000,4051.8000,4051.6000,4049.8000,4053.0000,4055.0000,4055.8000,4056.0000,4057.8000,1,1,5,6,1,2,1,3,2,1
SF,IF2006,2020-02-19 13:56:00.400,4051.8000,23956,0,6810089100.000,0,-,-,-,-,4052.2000,4052.0000,4051.8000,4051.6000,4049.8000,4053.0000,4055.0000,4055.8000,4056.0000,4057.8000,1,1,5,6,1,2,1,3,2,1
SF,IF2006,2020-02-19 13:56:00.900,4051.8000,23956,0,6810089100.000,0,-,-,-,-,4052.0000,4051.8000,4051.6000,4049.8000,4048.8000,4053.0000,4055.0000,4055.8000,4056.0000,4057.8000,1,5,6,1,1,2,1,3,2,1
SF,IF2006,2020-02-19 13:56:01.400,4051.8000,23956,0,6810089100.000,0,-,-,-,-,4052.2000,4052.0000,4051.8000,4051.6000,4049.8000,4053.0000,4055.0000,4055.8000,4056.0000,4057.8000,1,2,2,6,1,2,1,3,2,1
SF,IF2006,2020-02-19 13:56:01.900,4051.8000,23956,0,6810089100.000,0,-,-,-,-,4052.0000,4051.8000,4051.6000,4049.8000,4048.8000,4053.0000,4055.0000,4055.8000,4056.0000,4057.8000,1,2,6,1,1,2,1,3,2,1
SF,IF2006,2020-02-19 13:56:02.400,4051.8000,23956,0,6810089100.000,0,-,-,-,-,4052.0000,4051.6000,4049.8000,4048.8000,4048.2000,4053.0000,4055.0000,4055.8000,4056.0000,4057.8000,1,6,1,1,1,2,1,3,2,1
SF,IF2006,2020-02-19 13:56:02.900,4051.8000,23956,0,6810089100.000,0,-,-,-,-,4052.0000,4051.6000,4049.8000,4048.8000,4048.2000,4052.8000,4053.0000,4055.0000,4055.8000,4056.0000,1,6,1,1,1,1,2,1,3,2
SF,IF2006,2020-02-19 13:56:04.400,4051.8000,23956,0,6810089100.000,0,-,-,-,-,4052.0000,4051.6000,4049.8000,4048.8000,4048.2000,4053.0000,4055.0000,4055.8000,4056.0000,4057.8000,1,6,1,1,1,2,1,3,2,1
SF,IF2006,2020-02-19 13:56:05.400,4051.8000,23956,0,6810089100.000,0,-,-,-,-,4052.0000,4051.6000,4049.8000,4048.8000,4048.2000,4052.8000,4053.0000,4055.0000,4055.8000,4056.0000,1,6,1,1,1,1,2,1,3,2
SF,IF2006,2020-02-19 13:56:05.900,4051.8000,23956,0,6810089100.000,0,-,-,-,-,4052.0000,4051.6000,4049.8000,4048.8000,4048.2000,4052.8000,4053.0000,4055.0000,4055.8000,4056.0000,2,6,1,1,1,1,2,1,3,2
SF,IF2006,2020-02-19 13:56:06.900,4051.8000,23956,0,6810089100.000,0,-,-,-,-,4052.2000,4052.0000,4051.6000,4049.8000,4048.8000,4053.0000,4055.0000,4055.8000,4056.0000,4057.8000,2,2,6,1,1,2,1,3,2,1
SF,IF2006,2020-02-19 13:56:07.400,4051.8000,23956,0,6810089100.000,0,-,-,-,-,4052.2000,4052.0000,4051.6000,4049.8000,4048.8000,4053.0000,4055.0000,4055.8000,4056.0000,4057.8000,2,1,6,1,1,2,1,3,2,1
SF,IF2006,2020-02-19 13:56:08.900,4051.8000,23956,0,6810089100.000,0,-,-,-,-,4052.2000,4052.0000,4051.6000,4049.8000,4048.8000,4053.0000,4055.0000,4055.8000,4056.0000,4057.8000,3,1,6,1,1,2,1,3,2,1
SF,IF2006,2020-02-19 13:56:09.400,4051.8000,23956,0,6810089100.000,0,-,-,-,-,4052.2000,4052.0000,4051.6000,4049.8000,4048.8000,4053.0000,4055.0000,4055.8000,4056.0000,4057.8000,2,1,6,1,1,2,1,3,2,1
SF,IF2006,2020-02-19 13:56:09.900,4051.8000,23956,0,6810089100.000,0,-,-,-,-,4052.2000,4052.0000,4051.6000,4049.8000,4048.8000,4053.0000,4055.0000,4055.8000,4056.0000,4057.8000,3,1,6,1,1,2,1,3,2,1
SF,IF2006,2020-02-19 13:56:10.400,4051.8000,23956,0,6810089100.000,0,-,-,-,-,4052.2000,4052.0000,4051.6000,4049.8000,4048.8000,4053.0000,4055.0000,4055.8000,4056.0000,4057.8000,3,1,6,1,1,2,1,3,2,1
SF,IF2006,2020-02-19 13:56:10.900,4051.8000,23956,0,6810089100.000,0,-,-,-,-,4052.2000,4052.0000,4051.6000,4049.8000,4048.8000,4053.0000,4055.0000,4055.8000,4056.0000,4057.8000,2,1,9,1,1,2,1,3,2,1
SF,IF2006,2020-02-19 13:56:11.400,4051.8000,23956,0,6810089100.000,0,-,-,-,-,4052.2000,4052.0000,4051.6000,4049.8000,4048.8000,4053.0000,4055.0000,4055.8000,4056.0000,4057.8000,3,1,9,1,1,2,1,3,2,1
SF,IF2006,2020-02-19 13:56:11.900,4051.8000,23956,0,6810089100.000,0,-,-,-,-,4052.2000,4052.0000,4051.6000,4049.8000,4048.8000,4053.0000,4055.0000,4055.8000,4056.0000,4057.8000,2,1,9,1,1,2,1,3,2,1
SF,IF2006,2020-02-19 13:56:14.400,4051.8000,23956,0,6810089100.000,0,-,-,-,-,4052.2000,4052.0000,4051.6000,4049.8000,4048.8000,4053.0000,4055.0000,4055.8000,4056.0000,4057.8000,2,1,9,1,1,2,1,3,2,1
SF,IF2006,2020-02-19 13:56:14.900,4051.8000,23956,0,6810089100.000,0,-,-,-,-,4052.2000,4052.0000,4051.6000,4049.8000,4048.8000,4053.0000,4055.0000,4055.8000,4056.0000,4057.8000,3,1,9,1,1,2,1,3,2,1
SF,IF2006,2020-02-19 13:56:16.400,4051.8000,23956,0,6810089100.000,0,-,-,-,-,4052.2000,4052.0000,4051.6000,4049.8000,4048.8000,4053.0000,4055.0000,4055.8000,4056.0000,4057.8000,3,1,9,1,1,2,1,3,2,1
SF,IF2006,2020-02-19 13:56:16.900,4051.8000,23956,0,6810089100.000,0,-,-,-,-,4052.2000,4052.0000,4051.6000,4049.8000,4048.8000,4053.0000,4055.0000,4055.8000,4056.0000,4057.8000,3,1,9,1,1,2,1,3,2,1
SF,IF2006,2020-02-19 13:56:17.900,4051.8000,23956,0,6810089100.000,0,-,-,-,-,4052.4000,4052.2000,4052.0000,4051.6000,4049.8000,4053.0000,4055.0000,4055.8000,4056.0000,4057.8000,5,3,1,9,1,2,1,3,2,1
SF,IF2006,2020-02-19 13:56:18.400,4051.8000,23956,0,6810089100.000,0,-,-,-,-,4052.4000,4052.2000,4052.0000,4051.6000,4049.8000,4053.0000,4055.0000,4055.8000,4056.0000,4057.8000,6,2,1,9,1,2,1,3,2,1
SF,IF2006,2020-02-19 13:56:18.900,4051.8000,23956,0,6810089100.000,0,-,-,-,-,4052.4000,4052.2000,4052.0000,4051.6000,4049.8000,4053.0000,4055.0000,4055.8000,4056.0000,4057.8000,6,2,1,9,1,2,1,3,2,1
SF,IF2006,2020-02-19 13:56:19.400,4053.0000,23956,0,6811305000.000,1,0,1,空换,B,4052.4000,4052.2000,4052.0000,4051.6000,4049.8000,4053.0000,4055.0000,4055.8000,4056.0000,4057.8000,6,2,1,9,1,1,1,3,2,1
SF,IF2006,2020-02-19 13:56:19.900,4053.0000,23956,0,6812520900.000,1,0,1,空换,B,4052.6000,4052.4000,4052.2000,4052.0000,4051.6000,4055.0000,4055.8000,4056.0000,4057.8000,4058.0000,3,6,2,1,9,1,3,2,1,1
SF,IF2006,2020-02-19 13:56:20.400,4053.0000,23956,0,6812520900.000,0,-,-,-,-,4053.2000,4052.8000,4052.6000,4052.4000,4052.2000,4054.4000,4054.6000,4054.8000,4055.0000,4055.8000,1,1,2,5,2,1,2,4,3,3
SF,IF2006,2020-02-19 13:56:20.900,4054.2000,23956,0,6813737160.000,1,0,1,空换,B,4053.2000,4052.8000,4052.6000,4052.4000,4052.2000,4054.2000,4054.4000,4054.8000,4055.0000,4055.8000,1,1,2,5,2,3,1,1,3,3
SF,IF2006,2020-02-19 13:56:22.400,4054.2000,23956,0,6813737160.000,0,-,-,-,-,4053.2000,4052.8000,4052.6000,4052.4000,4052.2000,4054.2000,4054.4000,4054.8000,4055.0000,4055.8000,1,1,1,5,2,2,1,1,3,3
SF,IF2006,2020-02-19 13:56:23.400,4054.2000,23956,0,6813737160.000,0,-,-,-,-,4053.2000,4052.8000,4052.6000,4052.4000,4052.2000,4054.2000,4054.4000,4054.8000,4055.0000,4055.8000,1,1,1,5,2,1,1,1,3,3
SF,IF2006,2020-02-19 13:56:24.900,4054.2000,23956,0,6813737160.000,0,-,-,-,-,4053.2000,4052.8000,4052.4000,4052.2000,4052.0000,4054.0000,4054.2000,4054.4000,4054.8000,4055.0000,1,1,5,2,1,1,1,1,1,3
SF,IF2006,2020-02-19 13:56:25.400,4053.2000,23955,-1,6814953120.000,1,0,1,双平,B,4052.2000,4052.0000,4051.6000,4049.8000,4048.8000,4054.0000,4054.2000,4054.4000,4054.8000,4055.0000,2,1,9,1,1,1,1,1,1,3
SF,IF2006,2020-02-19 13:56:25.900,4053.2000,23955,0,6814953120.000,0,-,-,-,-,4052.8000,4052.4000,4052.2000,4052.0000,4051.6000,4053.8000,4054.0000,4054.4000,4054.8000,4055.0000,1,4,2,1,9,2,1,1,1,3
SF,IF2006,2020-02-19 13:56:26.400,4053.2000,23955,0,6814953120.000,0,-,-,-,-,4052.8000,4052.4000,4052.2000,4052.0000,4051.6000,4053.6000,4053.8000,4054.8000,4055.0000,4055.8000,1,4,2,1,9,1,2,1,3,3
SF,IF2006,2020-02-19 13:56:27.400,4053.2000,23955,0,6814953120.000,0,-,-,-,-,4052.4000,4052.2000,4052.0000,4051.6000,4049.8000,4053.6000,4053.8000,4054.8000,4055.0000,4055.8000,3,2,1,9,1,1,2,1,3,3
SF,IF2006,2020-02-19 13:56:27.900,4053.2000,23955,0,6814953120.000,0,-,-,-,-,4052.4000,4052.2000,4052.0000,4051.6000,4049.8000,4053.4000,4053.6000,4054.8000,4055.0000,4055.8000,1,2,1,9,1,2,1,1,3,3
SF,IF2006,2020-02-19 13:56:28.400,4053.2000,23955,0,6814953120.000,0,-,-,-,-,4052.2000,4052.0000,4051.6000,4049.8000,4048.8000,4053.4000,4053.6000,4054.8000,4055.0000,4055.8000,2,1,9,1,1,3,1,1,3,3
SF,IF2006,2020-02-19 13:56:28.900,4053.2000,23955,0,6814953120.000,0,-,-,-,-,4052.2000,4052.0000,4051.6000,4049.8000,4048.8000,4053.0000,4053.2000,4053.4000,4054.8000,4055.0000,2,1,9,1,1,1,1,2,1,3
SF,IF2006,2020-02-19 13:56:30.900,4053.2000,23955,0,6814953120.000,0,-,-,-,-,4052.2000,4052.0000,4051.6000,4049.8000,4048.8000,4053.0000,4053.4000,4054.8000,4055.0000,4055.8000,2,1,9,1,1,1,2,1,3,3
SF,IF2006,2020-02-19 13:56:33.900,4053.2000,23954,-1,6816169080.000,1,0,1,双平,B,4052.2000,4052.0000,4051.6000,4049.8000,4048.8000,4053.4000,4054.8000,4055.0000,4055.8000,4056.0000,2,1,9,1,1,2,1,3,3,2
SF,IF2006,2020-02-19 13:56:34.400,4053.2000,23954,0,6816169080.000,0,-,-,-,-,4052.0000,4051.6000,4049.8000,4048.8000,4048.2000,4053.4000,4054.8000,4055.0000,4055.8000,4056.0000,1,9,1,1,1,2,1,3,3,2
SF,IF2006,2020-02-19 13:56:35.400,4053.2000,23954,0,6816169080.000,0,-,-,-,-,4052.0000,4051.6000,4049.8000,4048.8000,4048.2000,4053.0000,4053.2000,4053.4000,4054.8000,4055.0000,1,9,1,1,1,1,1,2,1,3
SF,IF2006,2020-02-19 13:56:37.400,4053.2000,23954,0,6816169080.000,0,-,-,-,-,4052.0000,4051.6000,4049.8000,4048.8000,4048.2000,4053.2000,4053.4000,4054.8000,4055.0000,4055.8000,1,9,1,1,1,1,2,1,3,3
SF,IF2006,2020-02-19 13:56:37.900,4053.2000,23954,0,6816169080.000,0,-,-,-,-,4052.0000,4051.6000,4049.8000,4048.8000,4048.2000,4052.8000,4053.4000,4054.8000,4055.0000,4055.8000,1,9,1,1,1,1,2,1,3,3
SF,IF2006,2020-02-19 13:56:38.400,4053.2000,23954,0,6816169080.000,0,-,-,-,-,4052.0000,4051.6000,4049.8000,4048.8000,4048.2000,4053.4000,4054.8000,4055.0000,4055.8000,4056.0000,1,9,1,1,1,2,1,3,3,2
SF,IF2006,2020-02-19 13:56:38.900,4053.2000,23954,0,6816169080.000,0,-,-,-,-,4052.0000,4051.6000,4049.8000,4048.8000,4048.2000,4053.2000,4053.4000,4054.8000,4055.0000,4055.8000,1,9,1,1,1,1,2,1,3,3
SF,IF2006,2020-02-19 13:56:39.400,4053.2000,23954,0,6816169080.000,0,-,-,-,-,4052.0000,4051.6000,4049.8000,4048.8000,4048.2000,4053.0000,4053.2000,4054.8000,4055.0000,4055.8000,1,9,1,1,1,2,1,1,3,3
SF,IF2006,2020-02-19 13:56:41.900,4053.2000,23954,0,6816169080.000,0,-,-,-,-,4052.0000,4051.6000,4049.8000,4048.8000,4048.2000,4052.8000,4053.0000,4054.8000,4055.0000,4055.8000,1,9,1,1,1,1,2,1,3,3
SF,IF2006,2020-02-19 13:56:44.400,4053.2000,23954,0,6816169080.000,0,-,-,-,-,4052.0000,4051.6000,4049.8000,4048.8000,4048.2000,4052.8000,4053.0000,4054.8000,4055.0000,4055.8000,1,9,1,1,1,1,2,1,3,3
SF,IF2006,2020-02-19 13:56:44.900,4053.2000,23954,0,6816169080.000,0,-,-,-,-,4052.6000,4052.4000,4052.2000,4052.0000,4051.6000,4052.8000,4054.0000,4054.8000,4055.0000,4055.8000,1,1,3,1,9,1,1,1,3,3
SF,IF2006,2020-02-19 13:56:45.400,4053.2000,23954,0,6816169080.000,0,-,-,-,-,4052.6000,4052.2000,4052.0000,4051.6000,4049.8000,4054.0000,4054.8000,4055.0000,4055.8000,4056.0000,1,2,1,9,1,1,1,3,3,2
SF,IF2006,2020-02-19 13:56:45.900,4053.8000,23954,0,6817385220.000,1,0,1,空换,B,4052.0000,4051.6000,4049.8000,4048.8000,4048.2000,4053.8000,4054.0000,4055.0000,4055.8000,4056.0000,1,9,1,1,1,6,1,3,3,2
SF,IF2006,2020-02-19 13:56:46.400,4053.8000,23954,0,6817385220.000,0,-,-,-,-,4052.0000,4051.6000,4049.8000,4048.8000,4048.2000,4053.6000,4053.8000,4054.0000,4055.0000,4055.6000,1,9,1,1,1,1,5,1,3,1
SF,IF2006,2020-02-19 13:56:46.900,4053.8000,23954,0,6817385220.000,0,-,-,-,-,4052.0000,4051.6000,4049.8000,4049.0000,4048.8000,4053.4000,4053.6000,4053.8000,4054.0000,4055.0000,1,9,1,1,1,3,1,3,1,3
SF,IF2006,2020-02-19 13:56:47.400,4053.8000,23954,0,6817385220.000,0,-,-,-,-,4052.0000,4051.6000,4049.8000,4049.0000,4048.8000,4053.4000,4053.6000,4053.8000,4054.0000,4055.0000,1,9,1,1,1,4,1,3,1,3
SF,IF2006,2020-02-19 13:56:47.900,4053.8000,23954,0,6817385220.000,0,-,-,-,-,4052.0000,4051.6000,4049.8000,4049.0000,4048.8000,4053.2000,4053.4000,4053.8000,4054.0000,4055.0000,1,9,1,1,1,2,4,2,1,3
SF,IF2006,2020-02-19 13:56:51.400,4053.8000,23954,0,6817385220.000,0,-,-,-,-,4052.0000,4051.6000,4050.2000,4049.8000,4049.0000,4053.2000,4053.4000,4053.8000,4054.0000,4055.0000,1,9,1,1,1,2,4,2,1,3
SF,IF2006,2020-02-19 13:56:51.900,4053.8000,23954,0,6817385220.000,0,-,-,-,-,4052.0000,4051.6000,4050.2000,4049.8000,4049.0000,4053.2000,4053.4000,4053.8000,4054.0000,4055.0000,1,9,1,1,1,2,2,2,1,3
SF,IF2006,2020-02-19 13:56:52.400,4053.8000,23954,0,6817385220.000,0,-,-,-,-,4052.0000,4051.6000,4050.2000,4049.8000,4049.0000,4053.0000,4053.2000,4053.4000,4053.8000,4054.0000,1,9,1,1,1,1,2,2,2,1
SF,IF2006,2020-02-19 13:56:52.900,4053.8000,23954,0,6817385220.000,0,-,-,-,-,4052.0000,4051.6000,4050.2000,4049.8000,4049.0000,4052.8000,4053.0000,4053.2000,4053.4000,4053.8000,1,9,1,1,1,1,1,1,2,2
SF,IF2006,2020-02-19 13:56:53.900,4053.8000,23954,0,6817385220.000,0,-,-,-,-,4052.0000,4051.6000,4050.2000,4049.8000,4049.0000,4052.8000,4053.0000,4053.2000,4053.4000,4053.8000,2,9,1,1,1,1,1,1,2,2
SF,IF2006,2020-02-19 13:56:54.400,4053.8000,23954,0,6817385220.000,0,-,-,-,-,4052.0000,4051.6000,4050.2000,4049.8000,4049.0000,4052.8000,4053.2000,4053.4000,4053.8000,4054.0000,2,9,1,1,1,1,1,2,2,1
SF,IF2006,2020-02-19 13:56:59.900,4052.0000,23953,-1,6818600820.000,1,0,1,双平,B,4052.0000,4051.6000,4050.2000,4049.8000,4049.0000,4052.8000,4053.2000,4053.4000,4053.8000,4054.0000,1,9,1,1,1,1,1,2,2,1
SF,IF2006,2020-02-19 13:57:01.900,4052.0000,23953,0,6818600820.000,0,-,-,-,-,4052.0000,4051.6000,4050.2000,4049.8000,4049.0000,4053.4000,4053.8000,4054.0000,4054.2000,4055.0000,1,9,1,1,1,2,2,1,1,3
SF,IF2006,2020-02-19 13:57:02.400,4052.0000,23953,0,6818600820.000,0,-,-,-,-,4052.0000,4051.6000,4050.2000,4049.8000,4049.0000,4053.2000,4053.4000,4053.8000,4054.0000,4054.2000,1,9,1,1,1,1,2,1,1,1
SF,IF2006,2020-02-19 13:57:02.900,4052.0000,23953,0,6818600820.000,0,-,-,-,-,4052.0000,4051.6000,4050.2000,4049.8000,4049.0000,4053.2000,4053.4000,4053.8000,4054.0000,4054.2000,1,9,1,1,1,2,2,1,1,1
SF,IF2006,2020-02-19 13:57:03.900,4052.0000,23953,0,6819816420.000,1,0,1,空换,B,4051.6000,4050.2000,4049.8000,4049.0000,4048.8000,4053.0000,4053.2000,4053.4000,4053.8000,4054.0000,9,1,1,1,1,1,1,2,1,1
SF,IF2006,2020-02-19 13:57:04.400,4052.0000,23953,0,6819816420.000,0,-,-,-,-,4051.8000,4051.6000,4050.2000,4049.8000,4049.0000,4053.0000,4053.2000,4053.4000,4053.8000,4054.0000,2,9,1,1,1,1,1,2,1,1
SF,IF2006,2020-02-19 13:57:04.900,4051.8000,23953,0,6821031960.000,1,0,1,空换,B,4051.8000,4051.6000,4050.2000,4049.8000,4049.0000,4053.0000,4053.2000,4053.4000,4053.8000,4054.0000,1,9,1,1,1,1,1,2,1,1
SF,IF2006,2020-02-19 13:57:08.900,4051.8000,23953,0,6821031960.000,0,-,-,-,-,4052.0000,4051.8000,4051.6000,4050.2000,4049.8000,4053.0000,4053.2000,4053.4000,4053.8000,4054.0000,1,1,9,1,1,1,1,2,1,1
SF,IF2006,2020-02-19 13:57:09.900,4052.0000,23952,-1,6822247560.000,1,0,1,双平,B,4051.8000,4051.6000,4050.2000,4049.8000,4049.0000,4053.0000,4053.2000,4053.4000,4053.8000,4054.0000,1,9,1,1,1,1,1,2,1,1
SF,IF2006,2020-02-19 13:57:10.900,4052.0000,23952,0,6822247560.000,0,-,-,-,-,4051.8000,4051.6000,4050.2000,4049.8000,4049.0000,4052.8000,4053.0000,4053.2000,4053.4000,4053.8000,1,9,1,1,1,1,1,1,2,1
SF,IF2006,2020-02-19 13:57:12.900,4052.0000,23952,0,6822247560.000,0,-,-,-,-,4051.8000,4051.6000,4050.2000,4049.8000,4049.0000,4052.8000,4053.0000,4053.2000,4053.4000,4053.8000,1,9,1,1,1,1,1,1,2,1
SF,IF2006,2020-02-19 13:57:13.400,4052.0000,23952,0,6822247560.000,0,-,-,-,-,4051.8000,4051.6000,4050.2000,4049.8000,4049.0000,4052.8000,4053.0000,4053.2000,4053.4000,4053.8000,2,9,1,1,1,1,1,1,2,1
SF,IF2006,2020-02-19 13:57:13.900,4052.0000,23952,0,6822247560.000,0,-,-,-,-,4051.8000,4051.6000,4050.2000,4049.8000,4049.0000,4052.8000,4053.2000,4053.4000,4053.8000,4054.2000,2,9,1,1,1,1,1,2,1,1
SF,IF2006,2020-02-19 13:57:14.400,4052.0000,23952,0,6822247560.000,0,-,-,-,-,4051.8000,4051.6000,4050.2000,4049.8000,4049.0000,4053.2000,4053.4000,4053.8000,4054.2000,4055.0000,1,9,1,1,1,1,2,1,1,3
SF,IF2006,2020-02-19 13:57:15.400,4051.8000,23951,-1,6823463100.000,1,0,1,双平,B,4051.6000,4050.2000,4049.8000,4049.0000,4048.8000,4053.2000,4053.4000,4053.8000,4054.2000,4055.0000,9,1,1,1,1,1,2,1,1,3
SF,IF2006,2020-02-19 13:57:15.900,4051.8000,23951,0,6823463100.000,0,-,-,-,-,4051.6000,4050.2000,4049.8000,4049.0000,4048.8000,4053.0000,4053.2000,4053.4000,4053.8000,4054.2000,9,1,1,1,1,1,1,2,1,1
SF,IF2006,2020-02-19 13:57:17.400,4051.6000,23951,0,6824678580.000,1,0,1,空换,B,4051.6000,4050.2000,4049.8000,4049.0000,4048.8000,4053.0000,4053.2000,4053.4000,4053.8000,4054.2000,8,1,1,1,1,1,1,2,1,1
SF,IF2006,2020-02-19 13:57:18.900,4051.6000,23951,0,6824678580.000,0,-,-,-,-,4051.6000,4050.2000,4049.8000,4049.0000,4048.8000,4052.8000,4053.0000,4053.2000,4053.4000,4053.8000,8,1,1,1,1,1,2,1,2,1
SF,IF2006,2020-02-19 13:57:19.900,4051.6000,23951,0,6824678580.000,0,-,-,-,-,4051.6000,4050.2000,4049.8000,4049.0000,4048.8000,4052.8000,4053.0000,4053.2000,4053.4000,4053.8000,8,1,1,1,1,1,1,1,2,1
SF,IF2006,2020-02-19 13:57:20.400,4051.6000,23951,0,6824678580.000,0,-,-,-,-,4051.6000,4050.2000,4049.8000,4049.0000,4048.8000,4052.6000,4052.8000,4053.0000,4053.2000,4053.4000,8,1,1,1,1,1,1,1,1,2
SF,IF2006,2020-02-19 13:57:20.900,4051.6000,23951,0,6824678580.000,0,-,-,-,-,4051.6000,4050.2000,4049.8000,4049.0000,4048.8000,4052.6000,4052.8000,4053.0000,4053.2000,4053.4000,9,1,1,1,1,1,1,1,1,2
SF,IF2006,2020-02-19 13:57:21.900,4051.6000,23952,1,6825894060.000,1,1,0,双开,B,4051.6000,4050.2000,4049.8000,4049.0000,4048.8000,4052.6000,4052.8000,4053.0000,4053.2000,4053.4000,7,1,1,1,1,1,1,1,1,2
SF,IF2006,2020-02-19 13:57:27.400,4051.6000,23952,0,6825894060.000,0,-,-,-,-,4051.6000,4050.2000,4049.8000,4049.0000,4048.8000,4052.6000,4052.8000,4053.0000,4053.2000,4053.4000,7,1,1,1,1,1,1,1,1,2
SF,IF2006,2020-02-19 13:57:33.400,4051.6000,23953,1,6827109540.000,1,1,0,双开,B,4051.6000,4050.2000,4049.8000,4049.0000,4048.8000,4052.6000,4052.8000,4053.0000,4053.2000,4053.4000,6,1,1,1,1,1,1,1,1,2
SF,IF2006,2020-02-19 13:57:36.900,4052.6000,23953,0,6828325320.000,1,0,1,空换,B,4052.6000,4051.6000,4050.2000,4049.8000,4049.0000,4052.8000,4053.0000,4053.2000,4053.4000,4053.8000,1,6,1,1,1,1,1,1,2,1
SF,IF2006,2020-02-19 13:57:37.400,4052.6000,23954,1,6829541100.000,1,1,0,双开,B,4051.6000,4050.2000,4049.8000,4049.0000,4048.8000,4052.4000,4053.0000,4053.2000,4053.4000,4053.8000,6,1,1,1,1,1,1,1,2,1
SF,IF2006,2020-02-19 13:57:37.900,4052.6000,23954,0,6829541100.000,0,-,-,-,-,4051.6000,4050.2000,4049.8000,4049.0000,4048.8000,4053.0000,4053.2000,4053.4000,4053.8000,4055.0000,6,1,1,1,1,1,1,2,1,3
SF,IF2006,2020-02-19 13:57:39.400,4052.6000,23954,0,6829541100.000,0,-,-,-,-,4051.8000,4051.6000,4050.2000,4049.8000,4049.0000,4053.0000,4053.2000,4053.4000,4053.8000,4055.0000,1,6,1,1,1,1,1,2,1,3
SF,IF2006,2020-02-19 13:57:40.900,4052.6000,23954,0,6829541100.000,0,-,-,-,-,4051.6000,4050.2000,4049.8000,4049.0000,4048.8000,4053.0000,4053.2000,4053.4000,4053.8000,4055.0000,6,1,1,1,1,1,1,2,1,3
SF,IF2006,2020-02-19 13:57:41.400,4052.6000,23954,0,6829541100.000,0,-,-,-,-,4051.6000,4050.2000,4049.8000,4049.0000,4048.8000,4052.8000,4053.0000,4053.2000,4053.4000,4053.8000,6,1,1,1,1,2,1,1,2,1
SF,IF2006,2020-02-19 13:57:43.900,4052.6000,23954,0,6829541100.000,0,-,-,-,-,4051.6000,4050.2000,4049.8000,4049.0000,4048.8000,4052.8000,4053.0000,4053.2000,4053.4000,4053.8000,6,1,1,1,1,1,1,1,2,1
SF,IF2006,2020-02-19 13:57:44.400,4052.6000,23954,0,6829541100.000,0,-,-,-,-,4051.8000,4051.6000,4050.2000,4049.8000,4049.0000,4053.0000,4053.2000,4053.4000,4053.8000,4055.0000,1,6,1,1,1,1,1,2,1,3
SF,IF2006,2020-02-19 13:57:44.900,4052.6000,23954,0,6829541100.000,0,-,-,-,-,4051.8000,4051.6000,4050.2000,4049.8000,4049.0000,4053.0000,4053.2000,4053.4000,4053.8000,4055.0000,2,6,1,1,1,1,1,2,1,3
SF,IF2006,2020-02-19 13:57:48.400,4051.8000,23954,0,6830756640.000,1,0,1,空换,B,4051.8000,4051.6000,4050.2000,4049.8000,4049.0000,4053.0000,4053.2000,4053.4000,4053.8000,4055.0000,1,6,1,1,1,1,1,2,1,3
SF,IF2006,2020-02-19 13:57:48.900,4051.8000,23954,0,6830756640.000,0,-,-,-,-,4052.8000,4051.8000,4051.6000,4050.2000,4049.8000,4053.0000,4053.2000,4053.4000,4053.8000,4055.0000,1,1,6,1,1,1,1,2,1,3
SF,IF2006,2020-02-19 13:57:49.400,4052.8000,23955,1,6831972480.000,1,1,0,双开,B,4051.8000,4051.6000,4050.2000,4049.8000,4049.0000,4052.6000,4052.8000,4053.0000,4053.2000,4053.4000,1,6,1,1,1,1,2,1,1,2
SF,IF2006,2020-02-19 13:57:49.900,4052.8000,23955,0,6831972480.000,0,-,-,-,-,4051.8000,4051.6000,4050.2000,4049.8000,4049.0000,4052.8000,4053.0000,4053.2000,4053.4000,4053.8000,1,6,1,1,1,2,1,1,2,1
SF,IF2006,2020-02-19 13:57:50.400,4052.8000,23955,0,6831972480.000,0,-,-,-,-,4051.6000,4050.2000,4049.8000,4049.0000,4048.8000,4052.8000,4053.0000,4053.2000,4053.4000,4053.8000,6,1,1,1,1,2,1,1,2,1
SF,IF2006,2020-02-19 13:57:50.900,4052.8000,23955,0,6831972480.000,0,-,-,-,-,4051.8000,4051.6000,4050.2000,4049.8000,4049.0000,4052.8000,4053.0000,4053.2000,4053.4000,4053.8000,2,6,1,1,1,2,1,1,2,1
SF,IF2006,2020-02-19 13:57:51.400,4052.8000,23955,0,6831972480.000,0,-,-,-,-,4051.8000,4051.6000,4050.2000,4049.8000,4049.0000,4052.8000,4053.0000,4053.2000,4053.4000,4053.8000,2,6,1,1,1,1,1,1,2,1
SF,IF2006,2020-02-19 13:57:53.400,4052.8000,23955,0,6831972480.000,0,-,-,-,-,4051.8000,4051.6000,4050.2000,4049.8000,4049.0000,4052.6000,4052.8000,4053.0000,4053.2000,4053.4000,2,6,1,1,1,1,1,1,1,2
SF,IF2006,2020-02-19 13:57:53.900,4052.8000,23955,0,6831972480.000,0,-,-,-,-,4051.8000,4051.6000,4050.2000,4049.8000,4049.0000,4052.6000,4052.8000,4053.0000,4053.2000,4053.4000,2,6,1,1,1,2,1,1,1,2
SF,IF2006,2020-02-19 13:57:54.400,4052.8000,23955,0,6831972480.000,0,-,-,-,-,4051.6000,4050.2000,4049.8000,4049.0000,4048.8000,4052.6000,4052.8000,4053.0000,4053.2000,4053.4000,6,1,1,1,1,2,1,2,1,2
SF,IF2006,2020-02-19 13:57:56.400,4052.8000,23955,0,6831972480.000,0,-,-,-,-,4051.6000,4050.2000,4049.8000,4049.0000,4048.8000,4052.4000,4052.6000,4052.8000,4053.0000,4053.2000,6,1,1,1,1,1,2,1,2,1
SF,IF2006,2020-02-19 13:57:57.400,4052.6000,23955,0,6834404040.000,2,1,1,空换,B,4051.6000,4050.2000,4049.8000,4049.0000,4048.8000,4051.8000,4052.6000,4052.8000,4053.0000,4053.2000,6,1,1,1,1,1,1,1,2,1
SF,IF2006,2020-02-19 13:57:57.900,4052.6000,23955,0,6834404040.000,0,-,-,-,-,4051.6000,4050.2000,4049.8000,4049.0000,4048.8000,4051.8000,4052.2000,4052.6000,4053.0000,4053.2000,6,1,1,1,1,1,1,1,2,1
SF,IF2006,2020-02-19 13:57:59.900,4051.8000,23955,0,6838050540.000,3,1,2,空换,B,4051.6000,4050.2000,4049.8000,4049.0000,4048.8000,4052.2000,4052.6000,4053.0000,4053.2000,4053.4000,4,1,1,1,1,1,1,2,1,2
SF,IF2006,2020-02-19 13:58:00.400,4051.8000,23955,0,6838050540.000,0,-,-,-,-,4051.6000,4050.2000,4049.0000,4048.8000,4048.2000,4052.2000,4052.6000,4053.0000,4053.2000,4053.4000,4,1,1,1,1,1,1,2,1,2
SF,IF2006,2020-02-19 13:58:00.900,4051.8000,23955,0,6838050540.000,0,-,-,-,-,4051.8000,4051.6000,4050.2000,4049.0000,4048.8000,4052.2000,4052.6000,4053.0000,4053.2000,4053.4000,1,4,1,1,1,1,1,2,1,2
SF,IF2006,2020-02-19 13:58:01.400,4051.8000,23956,1,6839266080.000,1,1,0,双开,B,4051.6000,4050.2000,4049.0000,4048.8000,4048.2000,4052.2000,4053.0000,4053.2000,4053.4000,4053.8000,4,1,1,1,1,1,2,1,2,1
SF,IF2006,2020-02-19 13:58:01.900,4051.8000,23956,0,6839266080.000,0,-,-,-,-,4051.6000,4050.2000,4049.0000,4048.8000,4048.2000,4052.0000,4052.2000,4053.0000,4053.2000,4053.4000,4,1,1,1,1,1,1,2,1,2
SF,IF2006,2020-02-19 13:58:02.900,4052.2000,23958,2,6841697340.000,2,2,0,双开,B,4051.6000,4050.2000,4049.0000,4048.8000,4048.2000,4053.0000,4053.2000,4053.4000,4053.8000,4055.0000,4,1,1,1,1,2,1,2,1,3
SF,IF2006,2020-02-19 13:58:03.400,4052.2000,23958,0,6841697340.000,0,-,-,-,-,4051.6000,4050.2000,4049.0000,4048.8000,4048.2000,4052.8000,4053.0000,4055.0000,4055.8000,4056.0000,4,1,1,1,1,8,2,3,3,2
SF,IF2006,2020-02-19 13:58:03.900,4052.2000,23958,0,6841697340.000,0,-,-,-,-,4051.6000,4050.2000,4049.0000,4048.8000,4048.2000,4052.8000,4053.0000,4055.0000,4055.8000,4056.0000,4,1,1,1,1,8,2,1,3,2
SF,IF2006,2020-02-19 13:58:04.400,4052.2000,23958,0,6841697340.000,0,-,-,-,-,4051.6000,4050.2000,4049.0000,4048.8000,4048.2000,4052.8000,4053.0000,4055.0000,4055.8000,4056.0000,4,1,1,1,1,10,2,1,3,2
SF,IF2006,2020-02-19 13:58:04.900,4051.6000,23961,3,6846559260.000,4,3,1,多开,B,4050.2000,4049.0000,4048.8000,4048.2000,4048.0000,4052.8000,4053.0000,4055.0000,4055.8000,4056.0000,1,1,1,1,1,10,2,1,3,2
SF,IF2006,2020-02-19 13:58:05.400,4051.6000,23961,0,6846559260.000,0,-,-,-,-,4050.6000,4050.4000,4050.2000,4049.0000,4048.8000,4052.6000,4052.8000,4053.0000,4055.0000,4055.8000,1,3,1,1,1,1,10,2,1,3
SF,IF2006,2020-02-19 13:58:05.900,4051.6000,23961,0,6846559260.000,0,-,-,-,-,4050.8000,4050.6000,4050.4000,4050.2000,4049.0000,4052.4000,4052.6000,4052.8000,4053.0000,4055.0000,2,1,1,1,1,6,2,4,2,1
SF,IF2006,2020-02-19 13:58:06.400,4051.6000,23961,0,6846559260.000,0,-,-,-,-,4050.6000,4050.4000,4050.2000,4049.0000,4048.8000,4052.2000,4052.4000,4052.6000,4052.8000,4053.0000,1,1,1,1,1,2,6,2,4,2
SF,IF2006,2020-02-19 13:58:06.900,4051.6000,23961,0,6846559260.000,0,-,-,-,-,4050.6000,4050.4000,4050.2000,4049.0000,4048.8000,4052.0000,4052.2000,4052.4000,4052.6000,4052.8000,1,1,1,1,1,2,3,4,1,4
SF,IF2006,2020-02-19 13:58:07.400,4050.6000,23962,1,6847774440.000,1,1,0,双开,B,4050.4000,4050.2000,4049.0000,4048.8000,4048.2000,4051.8000,4052.0000,4052.2000,4052.4000,4052.6000,1,1,1,1,1,1,2,2,2,1
SF,IF2006,2020-02-19 13:58:07.900,4050.6000,23962,0,6847774440.000,0,-,-,-,-,4050.2000,4049.0000,4048.8000,4048.2000,4048.0000,4051.4000,4051.6000,4051.8000,4052.2000,4052.4000,1,1,1,1,1,1,5,1,2,2
SF,IF2006,2020-02-19 13:58:08.400,4050.6000,23962,0,6847774440.000,0,-,-,-,-,4050.2000,4049.0000,4048.8000,4048.2000,4048.0000,4051.2000,4051.4000,4051.6000,4051.8000,4052.2000,1,1,1,1,1,2,1,3,1,2
SF,IF2006,2020-02-19 13:58:08.900,4050.6000,23962,0,6847774440.000,0,-,-,-,-,4050.2000,4049.0000,4048.8000,4048.2000,4048.0000,4051.0000,4051.2000,4051.4000,4051.6000,4051.8000,1,1,1,1,1,1,2,1,3,1
SF,IF2006,2020-02-19 13:58:09.900,4050.2000,23963,1,6848989500.000,1,1,0,双开,B,4049.0000,4048.8000,4048.2000,4048.0000,4047.4000,4051.0000,4051.2000,4051.4000,4051.6000,4051.8000,1,1,1,1,1,1,2,1,3,1
SF,IF2006,2020-02-19 13:58:10.400,4050.2000,23963,0,6848989500.000,0,-,-,-,-,4049.4000,4049.2000,4049.0000,4048.8000,4048.2000,4050.8000,4051.0000,4051.6000,4051.8000,4052.4000,1,2,1,1,1,2,1,2,1,2
SF,IF2006,2020-02-19 13:58:10.900,4050.2000,23963,0,6848989500.000,0,-,-,-,-,4049.6000,4049.4000,4049.0000,4048.8000,4048.2000,4050.8000,4051.0000,4051.6000,4051.8000,4052.4000,2,1,1,1,1,2,1,2,1,2
SF,IF2006,2020-02-19 13:58:11.400,4050.2000,23963,0,6848989500.000,0,-,-,-,-,4049.6000,4049.4000,4049.0000,4048.8000,4048.2000,4050.6000,4050.8000,4051.6000,4051.8000,4052.4000,2,1,1,1,1,2,2,2,1,2
SF,IF2006,2020-02-19 13:58:11.900,4050.2000,23963,0,6848989500.000,0,-,-,-,-,4049.6000,4049.0000,4048.8000,4048.2000,4048.0000,4050.4000,4050.6000,4050.8000,4051.6000,4051.8000,2,1,1,1,1,1,2,2,2,1
SF,IF2006,2020-02-19 13:58:12.900,4050.2000,23963,0,6848989500.000,0,-,-,-,-,4049.6000,4049.0000,4048.8000,4048.2000,4048.0000,4050.6000,4050.8000,4051.6000,4051.8000,4052.4000,2,1,1,1,1,2,2,2,1,2
SF,IF2006,2020-02-19 13:58:13.400,4050.2000,23963,0,6848989500.000,0,-,-,-,-,4049.6000,4049.0000,4048.8000,4048.2000,4048.0000,4050.6000,4050.8000,4051.6000,4051.8000,4052.4000,2,1,1,1,1,1,2,2,1,2
SF,IF2006,2020-02-19 13:58:15.400,4049.6000,23964,1,6850204380.000,1,1,0,双开,B,4049.6000,4049.0000,4048.8000,4048.2000,4048.0000,4050.6000,4050.8000,4051.6000,4051.8000,4052.4000,1,1,1,1,1,1,2,2,1,2
SF,IF2006,2020-02-19 13:58:15.900,4049.6000,23964,0,6850204380.000,0,-,-,-,-,4049.0000,4048.8000,4048.2000,4048.0000,4047.4000,4050.4000,4050.6000,4050.8000,4051.6000,4051.8000,1,1,1,1,1,1,1,2,2,1
SF,IF2006,2020-02-19 13:58:17.400,4049.6000,23964,0,6850204380.000,0,-,-,-,-,4049.0000,4048.8000,4048.2000,4048.0000,4047.4000,4050.2000,4050.4000,4050.8000,4051.6000,4052.4000,1,1,1,1,1,2,1,2,2,2
SF,IF2006,2020-02-19 13:58:17.900,4049.6000,23964,0,6850204380.000,0,-,-,-,-,4049.0000,4048.8000,4048.2000,4048.0000,4047.4000,4050.0000,4050.2000,4050.4000,4051.6000,4052.4000,1,1,1,1,1,2,2,1,2,2
SF,IF2006,2020-02-19 13:58:18.900,4049.6000,23964,0,6850204380.000,0,-,-,-,-,4049.0000,4048.8000,4048.2000,4048.0000,4047.4000,4049.8000,4050.0000,4050.2000,4050.4000,4051.6000,1,1,1,1,1,1,2,1,1,2
SF,IF2006,2020-02-19 13:58:19.400,4049.6000,23964,0,6850204380.000,0,-,-,-,-,4049.0000,4048.8000,4048.2000,4048.0000,4047.4000,4049.8000,4050.0000,4050.4000,4051.6000,4052.4000,1,1,1,1,1,1,2,1,2,1
SF,IF2006,2020-02-19 13:58:21.400,4049.6000,23964,0,6850204380.000,0,-,-,-,-,4049.0000,4048.8000,4048.2000,4048.0000,4047.4000,4050.0000,4050.4000,4051.6000,4052.4000,4052.8000,1,1,1,1,1,2,1,2,1,2
SF,IF2006,2020-02-19 13:58:21.900,4049.6000,23964,0,6850204380.000,0,-,-,-,-,4049.0000,4048.8000,4048.2000,4048.0000,4047.4000,4049.8000,4050.0000,4050.4000,4051.6000,4052.4000,1,1,1,1,1,1,2,1,2,1
SF,IF2006,2020-02-19 13:58:22.400,4049.6000,23964,0,6850204380.000,0,-,-,-,-,4049.0000,4048.8000,4048.2000,4048.0000,4047.4000,4049.8000,4050.0000,4051.6000,4052.4000,4052.8000,1,1,1,1,1,1,2,2,1,2
SF,IF2006,2020-02-19 13:58:22.900,4049.6000,23964,0,6850204380.000,0,-,-,-,-,4049.0000,4048.8000,4048.2000,4048.0000,4047.4000,4049.8000,4050.0000,4051.6000,4052.4000,4052.8000,1,1,1,1,1,1,2,2,1,2
SF,IF2006,2020-02-19 13:58:23.400,4049.6000,23964,0,6850204380.000,0,-,-,-,-,4049.0000,4048.8000,4048.2000,4048.0000,4047.4000,4049.8000,4050.0000,4052.4000,4052.8000,4053.0000,1,1,1,1,1,1,2,1,2,1
SF,IF2006,2020-02-19 13:58:23.900,4049.0000,23965,1,6851419080.000,1,1,0,双开,B,4048.8000,4048.2000,4048.0000,4047.4000,4046.8000,4049.6000,4049.8000,4052.4000,4052.8000,4053.0000,1,1,1,1,2,3,1,1,2,1
SF,IF2006,2020-02-19 13:58:24.400,4048.8000,23964,-1,6852633720.000,1,0,1,双平,B,4048.2000,4048.0000,4047.4000,4046.8000,4046.6000,4048.8000,4049.6000,4049.8000,4052.8000,4053.0000,1,1,1,2,1,1,3,1,2,1
SF,IF2006,2020-02-19 13:58:24.900,4048.8000,23964,0,6852633720.000,0,-,-,-,-,4048.2000,4048.0000,4047.4000,4046.8000,4046.6000,4049.6000,4052.8000,4053.0000,4055.0000,4055.8000,1,1,1,2,1,3,2,1,6,3
SF,IF2006,2020-02-19 13:58:25.400,4048.2000,23963,-1,6853848180.000,1,0,1,双平,B,4048.0000,4047.4000,4046.8000,4046.6000,4046.0000,4049.4000,4049.6000,4052.8000,4053.0000,4055.0000,1,1,2,1,1,2,3,2,1,6
SF,IF2006,2020-02-19 13:58:25.900,4048.0000,23963,0,6855062580.000,1,0,1,空换,B,4047.4000,4046.8000,4046.6000,4046.0000,4045.8000,4049.0000,4049.2000,4049.6000,4052.8000,4053.0000,1,2,1,1,9,2,2,2,2,1
SF,IF2006,2020-02-19 13:58:27.900,4048.0000,23963,0,6855062580.000,0,-,-,-,-,4047.4000,4046.8000,4046.6000,4046.0000,4045.8000,4048.6000,4049.0000,4049.2000,4049.6000,4052.8000,1,2,1,1,9,1,2,2,2,2
SF,IF2006,2020-02-19 13:58:28.400,4048.0000,23963,0,6855062580.000,0,-,-,-,-,4047.4000,4046.8000,4046.6000,4046.0000,4045.8000,4048.6000,4049.0000,4049.2000,4049.6000,4052.8000,1,2,1,1,9,1,1,2,2,2
SF,IF2006,2020-02-19 13:58:29.400,4048.0000,23963,0,6855062580.000,0,-,-,-,-,4047.4000,4046.8000,4046.6000,4046.0000,4045.8000,4048.4000,4049.0000,4049.2000,4049.6000,4052.8000,1,2,1,1,9,1,1,2,2,2
SF,IF2006,2020-02-19 13:58:29.900,4048.4000,23963,0,6856277100.000,1,0,1,空换,B,4047.4000,4046.8000,4046.6000,4046.0000,4045.8000,4049.0000,4049.2000,4049.6000,4052.8000,4053.0000,1,2,1,1,9,1,2,2,2,1
SF,IF2006,2020-02-19 13:58:30.400,4048.4000,23963,0,6856277100.000,0,-,-,-,-,4047.6000,4047.4000,4046.8000,4046.6000,4046.0000,4049.0000,4049.2000,4049.6000,4052.8000,4053.0000,2,1,2,1,1,1,2,2,2,1
SF,IF2006,2020-02-19 13:58:30.900,4048.4000,23963,0,6856277100.000,0,-,-,-,-,4047.6000,4047.4000,4046.8000,4046.6000,4046.0000,4049.0000,4049.2000,4049.6000,4052.8000,4053.0000,2,1,2,1,1,1,2,2,2,1
SF,IF2006,2020-02-19 13:58:31.400,4048.4000,23963,0,6856277100.000,0,-,-,-,-,4047.6000,4047.4000,4046.8000,4046.6000,4046.0000,4048.8000,4049.0000,4049.2000,4049.6000,4052.8000,2,1,2,1,1,1,1,2,2,2
SF,IF2006,2020-02-19 13:58:33.400,4048.4000,23963,0,6856277100.000,0,-,-,-,-,4047.6000,4047.4000,4046.8000,4046.6000,4046.0000,4048.4000,4048.6000,4049.2000,4049.6000,4052.8000,2,1,2,1,1,1,1,2,2,2
SF,IF2006,2020-02-19 13:58:35.400,4048.4000,23963,0,6856277100.000,0,-,-,-,-,4047.6000,4047.4000,4046.8000,4046.6000,4046.0000,4048.4000,4048.6000,4049.2000,4052.8000,4053.0000,2,1,2,1,1,1,1,2,2,1
SF,IF2006,2020-02-19 13:58:35.900,4048.4000,23963,0,6856277100.000,0,-,-,-,-,4047.4000,4046.8000,4046.6000,4046.0000,4045.8000,4048.4000,4048.6000,4049.2000,4052.8000,4053.0000,1,2,1,1,9,1,1,2,2,1
SF,IF2006,2020-02-19 13:58:36.900,4048.4000,23963,0,6856277100.000,0,-,-,-,-,4047.4000,4046.8000,4046.6000,4046.0000,4045.8000,4048.4000,4048.6000,4049.2000,4052.6000,4052.8000,1,2,1,1,9,1,1,2,3,2
SF,IF2006,2020-02-19 13:58:37.400,4047.4000,23963,0,6857491320.000,1,0,1,空换,B,4046.8000,4046.6000,4046.0000,4045.8000,4045.6000,4048.2000,4048.4000,4048.6000,4052.6000,4052.8000,2,1,1,9,1,2,1,1,3,2
SF,IF2006,2020-02-19 13:58:37.900,4047.4000,23963,0,6857491320.000,0,-,-,-,-,4046.8000,4046.6000,4046.0000,4045.8000,4045.6000,4048.2000,4048.4000,4048.6000,4049.0000,4052.6000,2,1,1,9,1,2,1,1,1,3
SF,IF2006,2020-02-19 13:58:38.400,4047.4000,23963,0,6857491320.000,0,-,-,-,-,4047.0000,4046.8000,4046.6000,4046.0000,4045.8000,4048.0000,4048.4000,4048.6000,4049.0000,4052.6000,2,2,1,1,9,1,1,1,1,3
SF,IF2006,2020-02-19 13:58:38.900,4047.4000,23963,0,6857491320.000,0,-,-,-,-,4047.0000,4046.8000,4046.6000,4046.0000,4045.8000,4047.8000,4048.0000,4048.6000,4049.0000,4052.6000,2,2,1,1,9,1,1,1,1,3
SF,IF2006,2020-02-19 13:58:39.400,4047.4000,23963,0,6857491320.000,0,-,-,-,-,4047.0000,4046.8000,4046.6000,4046.0000,4045.8000,4047.8000,4048.0000,4048.6000,4049.0000,4052.6000,2,2,1,1,9,1,1,1,1,3
SF,IF2006,2020-02-19 13:58:39.900,4047.4000,23963,0,6857491320.000,0,-,-,-,-,4047.0000,4046.8000,4046.6000,4046.0000,4045.8000,4048.0000,4048.6000,4049.0000,4052.6000,4052.8000,2,2,1,1,9,1,1,1,3,2
SF,IF2006,2020-02-19 13:58:40.900,4047.4000,23963,0,6857491320.000,0,-,-,-,-,4047.2000,4047.0000,4046.8000,4046.6000,4046.0000,4048.0000,4048.6000,4049.0000,4052.6000,4052.8000,1,2,2,1,1,1,1,1,3,2
SF,IF2006,2020-02-19 13:58:41.900,4047.4000,23963,0,6857491320.000,0,-,-,-,-,4047.2000,4047.0000,4046.8000,4046.6000,4046.0000,4048.0000,4048.6000,4049.0000,4052.6000,4052.8000,1,2,2,1,1,1,1,1,3,2
SF,IF2006,2020-02-19 13:58:42.400,4047.4000,23963,0,6857491320.000,0,-,-,-,-,4047.2000,4046.8000,4046.6000,4046.0000,4045.8000,4048.0000,4048.6000,4049.0000,4052.6000,4052.8000,1,2,1,1,9,1,1,1,3,2
SF,IF2006,2020-02-19 13:58:43.900,4047.4000,23963,0,6857491320.000,0,-,-,-,-,4047.2000,4046.8000,4046.6000,4046.0000,4045.8000,4048.0000,4049.0000,4052.6000,4052.8000,4053.0000,1,2,1,1,9,1,1,3,2,1
SF,IF2006,2020-02-19 13:58:44.400,4047.4000,23963,0,6857491320.000,0,-,-,-,-,4046.8000,4046.6000,4046.0000,4045.8000,4045.6000,4048.0000,4049.0000,4052.6000,4052.8000,4053.0000,2,1,1,9,1,1,1,3,2,1
SF,IF2006,2020-02-19 13:58:44.900,4047.4000,23963,0,6857491320.000,0,-,-,-,-,4046.8000,4046.6000,4046.0000,4045.8000,4045.6000,4048.0000,4049.0000,4052.6000,4052.8000,4053.0000,2,1,1,9,1,1,1,3,2,1
SF,IF2006,2020-02-19 13:58:45.400,4047.4000,23963,0,6857491320.000,0,-,-,-,-,4046.8000,4046.6000,4046.0000,4045.8000,4045.6000,4048.0000,4049.0000,4051.6000,4052.6000,4052.8000,2,1,1,9,1,1,1,1,3,2
SF,IF2006,2020-02-19 13:58:45.900,4047.4000,23963,0,6857491320.000,0,-,-,-,-,4047.0000,4046.8000,4046.6000,4046.0000,4045.8000,4048.0000,4049.0000,4051.6000,4052.6000,4052.8000,2,2,1,1,9,1,1,1,3,2
SF,IF2006,2020-02-19 13:58:46.400,4047.4000,23963,0,6857491320.000,0,-,-,-,-,4047.0000,4046.8000,4046.6000,4046.0000,4045.8000,4048.0000,4049.0000,4051.6000,4052.6000,4052.8000,2,2,1,1,9,1,1,1,3,2
SF,IF2006,2020-02-19 13:58:46.900,4047.4000,23963,0,6857491320.000,0,-,-,-,-,4047.0000,4046.8000,4046.6000,4046.0000,4045.8000,4048.0000,4049.0000,4051.6000,4052.6000,4052.8000,2,2,1,1,9,1,1,1,3,2
SF,IF2006,2020-02-19 13:58:47.400,4047.4000,23963,0,6857491320.000,0,-,-,-,-,4047.2000,4047.0000,4046.8000,4046.6000,4046.0000,4048.0000,4049.0000,4051.6000,4052.6000,4052.8000,1,2,2,1,1,1,1,1,3,2
SF,IF2006,2020-02-19 13:58:47.900,4047.4000,23963,0,6857491320.000,0,-,-,-,-,4047.2000,4047.0000,4046.8000,4046.6000,4046.0000,4048.0000,4049.0000,4051.6000,4052.6000,4052.8000,1,2,2,1,1,1,1,1,3,2
SF,IF2006,2020-02-19 13:58:48.400,4047.4000,23963,0,6857491320.000,0,-,-,-,-,4047.2000,4047.0000,4046.8000,4046.6000,4046.0000,4047.8000,4048.0000,4049.0000,4051.6000,4052.6000,1,2,2,1,1,1,1,1,1,3
SF,IF2006,2020-02-19 13:58:48.900,4047.2000,23962,-1,6858705480.000,1,0,1,双平,B,4047.0000,4046.8000,4046.6000,4046.0000,4045.8000,4047.2000,4048.0000,4049.0000,4051.6000,4052.6000,2,2,1,1,9,2,1,1,1,3
SF,IF2006,2020-02-19 13:58:49.400,4047.2000,23962,0,6861133800.000,2,1,1,空换,B,4047.0000,4046.8000,4046.6000,4046.0000,4045.8000,4047.2000,4048.0000,4049.0000,4051.6000,4052.6000,2,2,1,1,9,2,1,1,1,3
SF,IF2006,2020-02-19 13:58:49.900,4047.2000,23964,2,6863562120.000,2,2,0,双开,B,4047.2000,4047.0000,4046.8000,4046.6000,4046.0000,4048.0000,4049.0000,4051.6000,4052.6000,4052.8000,1,2,2,1,1,1,1,1,3,2
SF,IF2006,2020-02-19 13:58:50.400,4047.2000,23964,0,6863562120.000,0,-,-,-,-,4047.0000,4046.8000,4046.6000,4046.0000,4045.8000,4047.6000,4048.0000,4049.0000,4051.6000,4052.6000,2,2,1,1,9,1,1,1,1,3
SF,IF2006,2020-02-19 13:58:50.900,4047.2000,23964,0,6863562120.000,0,-,-,-,-,4047.0000,4046.8000,4046.6000,4046.0000,4045.8000,4048.0000,4049.0000,4051.6000,4052.6000,4052.8000,2,2,1,1,9,1,1,1,3,2
SF,IF2006,2020-02-19 13:58:51.400,4047.0000,23964,0,6864776220.000,1,0,1,空换,B,4047.0000,4046.8000,4046.6000,4046.0000,4045.8000,4047.8000,4048.0000,4049.0000,4051.6000,4052.6000,1,2,1,1,9,1,1,1,1,3
SF,IF2006,2020-02-19 13:58:51.900,4047.0000,23964,0,6864776220.000,0,-,-,-,-,4046.8000,4046.6000,4046.0000,4045.8000,4045.6000,4047.8000,4048.0000,4049.0000,4051.6000,4052.6000,2,1,1,9,1,2,1,1,1,3
SF,IF2006,2020-02-19 13:58:55.400,4046.8000,23962,-2,6867204300.000,2,0,2,双平,B,4046.6000,4046.0000,4045.8000,4045.6000,4045.0000,4046.8000,4047.8000,4048.0000,4049.0000,4051.6000,1,1,9,1,9,4,2,1,1,1
SF,IF2006,2020-02-19 13:58:55.900,4046.6000,23962,0,6870846360.000,3,1,2,空换,B,4046.0000,4045.8000,4045.6000,4045.0000,4044.8000,4046.8000,4047.8000,4048.0000,4049.0000,4051.6000,1,9,1,9,1,2,1,1,1,1
SF,IF2006,2020-02-19 13:58:56.400,4046.8000,23962,0,6873274440.000,2,1,1,空换,B,4046.2000,4046.0000,4045.8000,4045.6000,4045.0000,4047.8000,4048.0000,4049.0000,4051.6000,4052.6000,1,1,9,1,9,1,1,1,1,3
SF,IF2006,2020-02-19 13:58:56.900,4046.8000,23962,0,6873274440.000,0,-,-,-,-,4046.4000,4046.2000,4046.0000,4045.8000,4045.6000,4047.6000,4047.8000,4048.0000,4049.0000,4051.6000,2,1,1,9,1,1,1,1,1,1
SF,IF2006,2020-02-19 13:58:58.900,4046.8000,23962,0,6873274440.000,0,-,-,-,-,4046.4000,4046.2000,4046.0000,4045.8000,4045.6000,4047.6000,4047.8000,4048.0000,4049.0000,4051.6000,2,1,1,9,1,1,1,1,1,1
SF,IF2006,2020-02-19 13:58:59.400,4046.8000,23962,0,6873274440.000,0,-,-,-,-,4046.4000,4046.0000,4045.8000,4045.6000,4045.0000,4047.6000,4047.8000,4048.0000,4049.0000,4051.6000,2,1,9,1,9,1,1,1,1,1
SF,IF2006,2020-02-19 13:58:59.900,4046.8000,23962,0,6873274440.000,0,-,-,-,-,4046.6000,4046.4000,4046.0000,4045.8000,4045.6000,4047.6000,4047.8000,4048.0000,4049.0000,4051.6000,1,2,1,9,1,1,1,1,1,1
SF,IF2006,2020-02-19 13:59:00.400,4046.8000,23962,0,6873274440.000,0,-,-,-,-,4046.0000,4045.8000,4045.6000,4045.0000,4044.8000,4047.6000,4047.8000,4048.0000,4049.0000,4051.6000,1,9,1,9,1,1,1,1,1,1
SF,IF2006,2020-02-19 13:59:00.900,4046.8000,23962,0,6873274440.000,0,-,-,-,-,4046.2000,4046.0000,4045.8000,4045.6000,4045.0000,4047.4000,4047.6000,4047.8000,4048.0000,4049.0000,1,1,9,1,9,2,1,1,1,1
SF,IF2006,2020-02-19 13:59:02.400,4046.8000,23962,0,6873274440.000,0,-,-,-,-,4046.2000,4046.0000,4045.8000,4045.6000,4045.0000,4047.2000,4047.4000,4047.6000,4047.8000,4048.0000,1,1,9,1,9,1,2,1,1,1
SF,IF2006,2020-02-19 13:59:04.400,4046.8000,23962,0,6873274440.000,0,-,-,-,-,4046.2000,4046.0000,4045.8000,4045.6000,4045.0000,4047.4000,4047.6000,4047.8000,4048.0000,4049.0000,1,1,9,1,9,2,1,1,1,1
SF,IF2006,2020-02-19 13:59:04.900,4046.8000,23962,0,6873274440.000,0,-,-,-,-,4046.2000,4046.0000,4045.8000,4045.6000,4045.0000,4047.4000,4047.6000,4047.8000,4048.0000,4049.0000,1,1,9,1,9,2,1,1,1,1
SF,IF2006,2020-02-19 13:59:05.400,4046.8000,23962,0,6873274440.000,0,-,-,-,-,4046.2000,4046.0000,4045.8000,4045.6000,4045.0000,4047.6000,4047.8000,4048.0000,4049.0000,4050.4000,1,1,9,1,9,1,1,1,1,1
SF,IF2006,2020-02-19 13:59:06.400,4046.8000,23962,0,6873274440.000,0,-,-,-,-,4047.4000,4046.2000,4046.0000,4045.8000,4045.6000,4047.6000,4047.8000,4048.0000,4049.0000,4050.4000,1,1,1,9,1,1,1,1,1,1
SF,IF2006,2020-02-19 13:59:06.900,4047.4000,23963,1,6874488660.000,1,1,0,双开,B,4046.2000,4046.0000,4045.8000,4045.6000,4045.0000,4047.4000,4047.8000,4048.0000,4049.0000,4050.4000,1,1,9,1,9,1,1,1,1,1
SF,IF2006,2020-02-19 13:59:07.400,4047.4000,23963,0,6874488660.000,0,-,-,-,-,4046.4000,4046.2000,4046.0000,4045.8000,4045.6000,4047.4000,4048.0000,4049.0000,4050.4000,4051.6000,2,1,1,9,1,1,1,1,1,1
SF,IF2006,2020-02-19 13:59:07.900,4047.4000,23963,0,6874488660.000,0,-,-,-,-,4046.4000,4046.0000,4045.8000,4045.6000,4045.0000,4047.4000,4048.0000,4049.0000,4050.4000,4051.6000,2,1,9,1,9,1,1,1,1,1
SF,IF2006,2020-02-19 13:59:08.400,4047.4000,23963,0,6874488660.000,0,-,-,-,-,4046.6000,4046.4000,4046.0000,4045.8000,4045.6000,4047.4000,4048.0000,4049.0000,4050.4000,4051.6000,1,2,1,9,1,1,1,1,1,1
SF,IF2006,2020-02-19 13:59:08.900,4047.4000,23963,0,6874488660.000,0,-,-,-,-,4046.4000,4046.0000,4045.8000,4045.6000,4045.0000,4047.4000,4048.0000,4049.0000,4050.4000,4051.6000,2,1,2,1,9,1,1,1,1,1
SF,IF2006,2020-02-19 13:59:09.400,4047.4000,23963,0,6874488660.000,0,-,-,-,-,4046.4000,4046.0000,4045.8000,4045.6000,4045.0000,4047.4000,4048.0000,4049.0000,4050.4000,4051.6000,2,1,2,1,9,1,1,1,1,1
SF,IF2006,2020-02-19 13:59:09.900,4047.4000,23963,0,6874488660.000,0,-,-,-,-,4046.0000,4045.8000,4045.6000,4045.0000,4044.8000,4047.4000,4048.0000,4049.0000,4050.4000,4051.6000,1,2,1,9,1,1,1,1,1,1
SF,IF2006,2020-02-19 13:59:10.400,4047.4000,23963,0,6874488660.000,0,-,-,-,-,4046.2000,4046.0000,4045.8000,4045.6000,4045.0000,4047.4000,4048.0000,4049.0000,4050.4000,4051.6000,1,1,2,1,9,1,1,1,1,1
SF,IF2006,2020-02-19 13:59:10.900,4047.4000,23963,0,6874488660.000,0,-,-,-,-,4046.0000,4045.8000,4045.6000,4045.0000,4044.8000,4047.4000,4048.0000,4049.0000,4050.4000,4051.6000,1,2,1,9,1,1,1,1,1,1
SF,IF2006,2020-02-19 13:59:13.900,4047.4000,23963,0,6874488660.000,0,-,-,-,-,4046.2000,4046.0000,4045.8000,4045.6000,4045.0000,4047.4000,4048.0000,4049.0000,4050.4000,4051.6000,3,1,2,1,9,1,1,1,1,1
SF,IF2006,2020-02-19 13:59:14.400,4047.4000,23963,0,6874488660.000,0,-,-,-,-,4046.8000,4046.4000,4046.2000,4046.0000,4045.8000,4047.4000,4048.0000,4049.0000,4050.4000,4051.6000,1,7,3,1,2,1,1,1,1,1
SF,IF2006,2020-02-19 13:59:14.900,4047.4000,23963,0,6874488660.000,0,-,-,-,-,4046.8000,4046.4000,4046.2000,4046.0000,4045.8000,4047.4000,4048.0000,4049.0000,4050.4000,4051.6000,1,2,3,1,2,1,1,1,1,1
SF,IF2006,2020-02-19 13:59:17.400,4046.8000,23963,0,6875702700.000,1,0,1,空换,B,4046.4000,4046.0000,4045.8000,4045.6000,4045.0000,4047.4000,4048.0000,4049.0000,4050.4000,4051.6000,2,1,2,1,9,1,1,1,1,1
SF,IF2006,2020-02-19 13:59:18.400,4046.4000,23963,0,6878130540.000,2,1,1,空换,B,4046.0000,4045.8000,4045.6000,4045.0000,4044.8000,4046.4000,4047.4000,4048.0000,4049.0000,4050.4000,1,2,1,9,1,1,1,1,1,1
SF,IF2006,2020-02-19 13:59:18.900,4046.4000,23963,0,6879344460.000,1,0,1,空换,B,4046.4000,4046.0000,4045.8000,4045.6000,4045.0000,4047.4000,4048.0000,4049.0000,4050.4000,4051.6000,7,1,2,1,9,1,1,1,1,1
SF,IF2006,2020-02-19 13:59:19.400,4046.4000,23963,0,6879344460.000,0,-,-,-,-,4046.4000,4046.0000,4045.8000,4045.6000,4045.0000,4047.2000,4047.4000,4048.0000,4049.0000,4050.4000,2,1,2,1,9,2,1,1,1,1
SF,IF2006,2020-02-19 13:59:20.400,4046.4000,23963,0,6879344460.000,0,-,-,-,-,4046.6000,4046.4000,4046.0000,4045.8000,4045.6000,4047.2000,4047.4000,4048.0000,4049.0000,4050.4000,5,2,1,2,1,2,1,1,1,1
SF,IF2006,2020-02-19 13:59:20.900,4046.4000,23963,0,6879344460.000,0,-,-,-,-,4046.6000,4046.4000,4046.0000,4045.8000,4045.6000,4047.2000,4047.4000,4048.0000,4049.0000,4050.4000,5,2,1,2,1,2,1,1,1,1
SF,IF2006,2020-02-19 13:59:21.400,4046.4000,23963,0,6879344460.000,0,-,-,-,-,4046.4000,4046.0000,4045.8000,4045.6000,4045.0000,4047.2000,4047.4000,4048.0000,4049.0000,4050.4000,2,1,2,1,9,2,1,1,1,1
SF,IF2006,2020-02-19 13:59:22.400,4046.4000,23963,0,6879344460.000,0,-,-,-,-,4046.6000,4046.4000,4046.0000,4045.8000,4045.6000,4047.2000,4047.4000,4048.0000,4049.0000,4050.4000,1,2,1,2,1,2,1,1,1,1
SF,IF2006,2020-02-19 13:59:22.900,4046.4000,23963,0,6879344460.000,0,-,-,-,-,4046.6000,4046.4000,4046.0000,4045.8000,4045.6000,4047.2000,4047.4000,4048.0000,4049.0000,4050.4000,1,1,1,2,1,2,1,1,1,1
SF,IF2006,2020-02-19 13:59:24.400,4046.6000,23963,0,6880558440.000,1,0,1,空换,B,4046.4000,4046.0000,4045.8000,4045.6000,4045.0000,4047.2000,4047.4000,4048.0000,4049.0000,4050.4000,1,1,2,1,9,2,1,1,1,1
SF,IF2006,2020-02-19 13:59:24.900,4046.6000,23963,0,6880558440.000,0,-,-,-,-,4046.6000,4046.4000,4046.0000,4045.8000,4045.6000,4047.2000,4047.4000,4048.0000,4049.0000,4050.4000,3,1,1,2,1,2,1,1,1,1
SF,IF2006,2020-02-19 13:59:25.400,4046.6000,23963,0,6880558440.000,0,-,-,-,-,4046.4000,4046.0000,4045.8000,4045.6000,4045.0000,4047.2000,4047.4000,4048.0000,4049.0000,4050.4000,1,1,2,1,9,2,1,1,1,1
SF,IF2006,2020-02-19 13:59:29.400,4046.6000,23963,0,6880558440.000,0,-,-,-,-,4046.4000,4046.0000,4045.8000,4045.6000,4045.0000,4047.2000,4047.4000,4048.0000,4049.0000,4050.4000,1,1,2,1,9,2,1,1,1,1
SF,IF2006,2020-02-19 13:59:29.900,4046.4000,23964,1,6881772360.000,1,1,0,双开,B,4046.0000,4045.8000,4045.6000,4045.0000,4044.8000,4046.4000,4047.2000,4047.4000,4048.0000,4049.0000,1,2,1,9,1,3,2,1,1,1
SF,IF2006,2020-02-19 13:59:30.400,4046.4000,23964,0,6881772360.000,0,-,-,-,-,4046.0000,4045.8000,4045.6000,4045.0000,4044.8000,4046.2000,4046.4000,4047.4000,4048.0000,4049.0000,1,2,1,9,1,2,3,1,1,1
SF,IF2006,2020-02-19 13:59:30.900,4046.0000,23966,2,6884200020.000,2,2,0,双开,B,4045.8000,4045.6000,4045.0000,4044.8000,4044.6000,4046.0000,4046.2000,4046.4000,4047.4000,4048.0000,2,1,9,1,1,2,1,1,1,1
SF,IF2006,2020-02-19 13:59:31.400,4045.6000,23968,2,6887841180.000,3,2,1,多开,B,4045.0000,4044.8000,4044.6000,4044.0000,4043.8000,4045.8000,4046.0000,4046.2000,4046.4000,4047.4000,9,1,1,1,1,1,2,1,1,1
SF,IF2006,2020-02-19 13:59:31.900,4045.6000,23968,0,6887841180.000,0,-,-,-,-,4045.0000,4044.8000,4044.6000,4044.0000,4043.8000,4046.0000,4046.2000,4046.4000,4047.4000,4048.0000,10,1,1,1,1,2,1,1,1,1
SF,IF2006,2020-02-19 13:59:32.400,4045.6000,23968,0,6887841180.000,0,-,-,-,-,4045.0000,4044.8000,4044.6000,4044.0000,4043.8000,4046.0000,4046.2000,4046.4000,4047.4000,4048.0000,9,1,1,1,1,2,1,1,1,1
SF,IF2006,2020-02-19 13:59:32.900,4045.6000,23968,0,6887841180.000,0,-,-,-,-,4045.2000,4045.0000,4044.8000,4044.6000,4044.0000,4045.8000,4046.0000,4046.2000,4046.4000,4047.4000,1,10,1,1,1,1,2,1,1,1
SF,IF2006,2020-02-19 13:59:33.400,4045.6000,23968,0,6887841180.000,0,-,-,-,-,4045.0000,4044.8000,4044.6000,4044.0000,4043.8000,4046.0000,4046.4000,4047.4000,4048.0000,4049.0000,9,1,1,1,1,2,1,1,1,1
SF,IF2006,2020-02-19 13:59:33.900,4045.6000,23968,0,6887841180.000,0,-,-,-,-,4045.4000,4045.2000,4045.0000,4044.8000,4044.6000,4046.0000,4046.4000,4047.4000,4048.0000,4049.0000,3,1,10,1,1,2,1,1,1,1
SF,IF2006,2020-02-19 13:59:34.400,4045.6000,23968,0,6887841180.000,0,-,-,-,-,4045.0000,4044.8000,4044.6000,4044.0000,4043.8000,4046.0000,4046.4000,4047.4000,4048.0000,4049.0000,9,1,1,1,1,2,1,1,1,1
SF,IF2006,2020-02-19 13:59:35.400,4045.6000,23968,0,6887841180.000,0,-,-,-,-,4045.0000,4044.6000,4044.0000,4043.8000,4043.2000,4046.0000,4046.4000,4047.4000,4048.0000,4049.0000,9,1,1,1,17,2,1,1,1,1
SF,IF2006,2020-02-19 13:59:36.400,4045.6000,23968,0,6887841180.000,0,-,-,-,-,4045.0000,4044.6000,4044.0000,4043.8000,4043.2000,4046.0000,4046.4000,4047.4000,4048.0000,4049.0000,9,1,1,1,17,2,1,1,1,1
SF,IF2006,2020-02-19 13:59:36.900,4045.6000,23968,0,6887841180.000,0,-,-,-,-,4045.0000,4044.6000,4044.0000,4043.8000,4043.2000,4046.4000,4047.4000,4048.0000,4049.0000,4050.4000,9,1,1,1,17,1,1,1,1,1
SF,IF2006,2020-02-19 13:59:37.400,4045.0000,23969,1,6889054680.000,1,1,0,双开,B,4045.0000,4044.6000,4044.0000,4043.8000,4043.2000,4046.0000,4046.2000,4046.4000,4047.4000,4048.0000,8,1,1,1,17,1,3,1,1,1
SF,IF2006,2020-02-19 13:59:37.900,4045.0000,23967,-2,6895122180.000,5,1,4,空平,B,4045.2000,4045.0000,4044.6000,4044.0000,4043.8000,4045.8000,4046.0000,4046.2000,4046.4000,4047.4000,1,3,1,1,1,2,1,1,1,1
SF,IF2006,2020-02-19 13:59:38.400,4045.0000,23967,0,6895122180.000,0,-,-,-,-,4045.2000,4045.0000,4044.6000,4044.0000,4043.8000,4045.8000,4046.0000,4046.2000,4046.4000,4047.4000,1,3,1,1,1,3,1,1,1,1
SF,IF2006,2020-02-19 13:59:38.900,4045.2000,23967,0,6896335740.000,1,0,1,空换,B,4045.0000,4044.6000,4044.0000,4043.8000,4043.2000,4045.2000,4045.8000,4046.2000,4046.4000,4047.4000,4,1,1,1,17,1,3,1,1,1
SF,IF2006,2020-02-19 13:59:39.400,4045.2000,23967,0,6896335740.000,0,-,-,-,-,4045.0000,4044.6000,4044.0000,4043.8000,4043.2000,4045.2000,4045.8000,4046.4000,4047.4000,4048.0000,4,1,1,1,17,1,3,1,1,1
SF,IF2006,2020-02-19 13:59:40.400,4045.2000,23967,0,6897549300.000,1,0,1,空换,B,4045.0000,4044.6000,4044.0000,4043.8000,4043.2000,4045.8000,4046.4000,4047.4000,4049.0000,4050.4000,4,1,1,1,17,3,1,1,1,1
SF,IF2006,2020-02-19 13:59:40.900,4045.2000,23967,0,6897549300.000,0,-,-,-,-,4045.0000,4044.6000,4044.0000,4043.8000,4043.2000,4045.6000,4045.8000,4046.4000,4047.4000,4049.0000,4,1,1,1,17,1,3,1,1,1
SF,IF2006,2020-02-19 13:59:41.400,4045.2000,23967,0,6897549300.000,0,-,-,-,-,4045.0000,4044.6000,4044.0000,4043.8000,4043.2000,4045.8000,4046.4000,4047.4000,4049.0000,4050.4000,4,1,1,1,17,3,1,1,1,1
SF,IF2006,2020-02-19 13:59:44.400,4045.2000,23967,0,6897549300.000,0,-,-,-,-,4045.0000,4044.6000,4044.0000,4043.8000,4043.2000,4045.4000,4045.8000,4046.4000,4047.4000,4049.0000,4,1,1,1,17,1,3,1,1,1
SF,IF2006,2020-02-19 13:59:45.400,4045.0000,23968,1,6898762800.000,1,1,0,双开,B,4045.0000,4044.6000,4044.0000,4043.8000,4043.2000,4045.4000,4045.8000,4046.4000,4047.4000,4049.0000,3,1,1,1,17,1,3,1,1,1
SF,IF2006,2020-02-19 13:59:45.900,4045.0000,23968,0,6899976300.000,1,0,1,空换,B,4045.0000,4044.6000,4044.0000,4043.8000,4043.2000,4045.4000,4045.8000,4046.4000,4047.4000,4049.0000,2,1,1,1,17,1,3,1,1,1
SF,IF2006,2020-02-19 13:59:46.400,4045.0000,23968,0,6899976300.000,0,-,-,-,-,4045.0000,4044.6000,4044.0000,4043.8000,4043.2000,4045.4000,4045.8000,4046.4000,4047.4000,4049.0000,2,1,1,1,17,1,3,1,1,1
SF,IF2006,2020-02-19 13:59:46.900,4045.0000,23968,0,6899976300.000,0,-,-,-,-,4045.0000,4044.6000,4044.0000,4043.8000,4043.2000,4045.2000,4045.4000,4045.8000,4046.4000,4047.4000,2,1,1,1,17,1,1,3,1,1
SF,IF2006,2020-02-19 13:59:47.400,4045.0000,23970,2,6902403300.000,2,2,0,双开,B,4044.6000,4044.0000,4043.8000,4043.2000,4043.0000,4045.2000,4045.4000,4045.8000,4046.4000,4047.4000,1,1,1,17,1,1,1,3,1,1
SF,IF2006,2020-02-19 13:59:47.900,4045.0000,23970,0,6902403300.000,0,-,-,-,-,4044.6000,4044.0000,4043.8000,4043.2000,4043.0000,4045.2000,4045.4000,4045.8000,4046.0000,4046.4000,1,1,1,17,1,1,1,3,1,1
SF,IF2006,2020-02-19 13:59:48.900,4045.0000,23970,0,6902403300.000,0,-,-,-,-,4044.6000,4044.0000,4043.8000,4043.2000,4043.0000,4045.0000,4045.2000,4045.4000,4045.8000,4046.0000,1,1,1,17,1,1,1,1,3,1
SF,IF2006,2020-02-19 13:59:49.400,4044.6000,23970,0,6903616680.000,1,0,1,空换,B,4044.0000,4043.8000,4043.2000,4043.0000,4042.8000,4044.8000,4045.0000,4045.2000,4045.4000,4045.8000,1,1,17,1,3,2,1,1,1,1
SF,IF2006,2020-02-19 13:59:49.900,4044.6000,23970,0,6903616680.000,0,-,-,-,-,4044.0000,4043.8000,4043.2000,4043.0000,4042.8000,4044.4000,4044.8000,4045.0000,4045.2000,4045.4000,1,1,17,1,3,1,2,1,1,1
SF,IF2006,2020-02-19 13:59:50.400,4044.6000,23970,0,6903616680.000,0,-,-,-,-,4044.0000,4043.8000,4043.2000,4043.0000,4042.8000,4044.4000,4044.8000,4045.2000,4045.4000,4045.8000,1,1,17,1,3,1,2,1,1,1
SF,IF2006,2020-02-19 13:59:50.900,4044.2000,23972,2,6907256400.000,3,2,1,多开,B,4043.8000,4043.2000,4043.0000,4042.8000,4042.0000,4044.4000,4044.8000,4045.2000,4045.4000,4045.8000,1,17,1,3,5,1,2,1,1,1
SF,IF2006,2020-02-19 13:59:51.400,4044.2000,23972,0,6907256400.000,0,-,-,-,-,4043.8000,4043.2000,4043.0000,4042.8000,4042.0000,4044.4000,4044.8000,4045.2000,4045.4000,4045.8000,1,17,1,3,5,1,2,1,1,1
SF,IF2006,2020-02-19 13:59:51.900,4043.8000,23972,0,6908469540.000,1,0,1,空换,B,4043.2000,4043.0000,4042.0000,4041.0000,4040.6000,4044.2000,4044.4000,4044.6000,4044.8000,4045.2000,17,1,5,2,1,1,1,1,2,1
SF,IF2006,2020-02-19 13:59:53.400,4044.2000,23973,1,6909682800.000,1,1,0,双开,B,4043.2000,4043.0000,4042.0000,4041.0000,4040.6000,4044.4000,4044.6000,4044.8000,4045.2000,4045.4000,17,1,5,2,1,1,1,2,1,1
SF,IF2006,2020-02-19 13:59:53.900,4044.2000,23973,0,6909682800.000,0,-,-,-,-,4043.2000,4043.0000,4042.0000,4041.0000,4040.6000,4044.2000,4044.4000,4044.6000,4045.2000,4045.4000,17,1,5,2,1,2,1,1,1,1
SF,IF2006,2020-02-19 13:59:54.400,4044.2000,23973,0,6909682800.000,0,-,-,-,-,4043.2000,4043.0000,4042.0000,4041.0000,4040.6000,4043.6000,4044.2000,4044.6000,4045.2000,4045.4000,17,1,5,2,1,1,2,1,1,1
SF,IF2006,2020-02-19 13:59:54.900,4044.2000,23973,0,6909682800.000,0,-,-,-,-,4043.2000,4043.0000,4042.0000,4041.0000,4040.6000,4043.4000,4043.6000,4044.2000,4044.6000,4045.2000,17,1,5,2,1,1,1,2,1,1
SF,IF2006,2020-02-19 13:59:55.400,4044.2000,23973,0,6909682800.000,0,-,-,-,-,4043.2000,4043.0000,4042.0000,4041.0000,4040.6000,4043.6000,4044.2000,4044.6000,4045.2000,4045.4000,17,1,5,2,1,1,2,1,1,1
SF,IF2006,2020-02-19 13:59:55.900,4043.6000,23974,1,6910895880.000,1,1,0,双开,B,4043.2000,4043.0000,4042.0000,4041.0000,4040.6000,4043.6000,4044.2000,4044.6000,4045.2000,4045.4000,17,1,5,2,1,1,2,1,1,1
SF,IF2006,2020-02-19 13:59:56.400,4043.6000,23974,0,6910895880.000,0,-,-,-,-,4043.2000,4043.0000,4042.6000,4042.0000,4041.0000,4043.6000,4044.2000,4044.6000,4045.2000,4045.4000,17,1,1,5,2,1,2,1,1,1
SF,IF2006,2020-02-19 13:59:57.900,4043.4000,23975,1,6912108900.000,1,1,0,双开,B,4043.2000,4043.0000,4042.6000,4042.0000,4041.0000,4043.6000,4044.2000,4044.6000,4045.2000,4045.4000,17,1,1,5,2,1,2,1,1,1
SF,IF2006,2020-02-19 13:59:58.400,4043.2000,23974,-1,6914534820.000,2,0,2,空平,B,4043.2000,4043.0000,4042.6000,4042.0000,4041.0000,4043.6000,4044.2000,4044.6000,4045.2000,4045.4000,15,1,1,4,2,1,2,1,1,1
SF,IF2006,2020-02-19 13:59:59.400,4043.6000,23975,1,6915747900.000,1,1,0,双开,B,4043.2000,4043.0000,4042.6000,4042.0000,4041.0000,4044.2000,4044.6000,4045.2000,4045.4000,4045.8000,15,1,1,4,2,2,1,1,1,1
SF,IF2006,2020-02-19 13:59:59.900,4043.6000,23975,0,6915747900.000,0,-,-,-,-,4043.2000,4043.0000,4042.6000,4042.0000,4041.0000,4044.2000,4044.6000,4045.2000,4045.4000,4045.8000,15,2,1,4,2,2,1,1,1,1
SF,IF2006,2020-02-19 14:00:00.400,4043.6000,23975,0,6915747900.000,0,-,-,-,-,4043.2000,4043.0000,4042.6000,4042.0000,4041.0000,4044.2000,4044.6000,4045.2000,4045.4000,4045.8000,15,2,1,4,2,2,1,1,1,1
SF,IF2006,2020-02-19 14:00:00.900,4043.2000,23974,-1,6916960860.000,1,0,1,双平,B,4043.2000,4043.0000,4042.6000,4042.0000,4041.0000,4044.2000,4045.2000,4045.4000,4045.8000,4046.0000,14,2,1,4,2,2,1,1,1,1
SF,IF2006,2020-02-19 14:00:01.400,4043.2000,23973,-1,6919386780.000,2,0,2,空平,B,4043.2000,4043.0000,4042.6000,4042.0000,4041.0000,4044.0000,4044.2000,4045.2000,4045.8000,4046.0000,12,2,1,4,2,2,2,1,1,1
SF,IF2006,2020-02-19 14:00:01.900,4043.2000,23973,0,6919386780.000,0,-,-,-,-,4043.2000,4043.0000,4042.6000,4042.0000,4041.0000,4044.0000,4044.2000,4045.2000,4046.0000,4046.4000,12,2,1,4,2,3,2,1,1,1
SF,IF2006,2020-02-19 14:00:02.400,4043.2000,23973,0,6919386780.000,0,-,-,-,-,4043.2000,4043.0000,4042.6000,4042.0000,4041.0000,4043.8000,4044.0000,4045.2000,4046.0000,4046.4000,12,2,1,4,2,2,3,1,1,1
SF,IF2006,2020-02-19 14:00:02.900,4043.2000,23971,-2,6924238620.000,4,1,3,空平,B,4043.2000,4043.0000,4042.6000,4042.0000,4041.0000,4043.8000,4044.0000,4045.2000,4046.0000,4046.4000,8,2,1,4,2,2,3,1,1,1
SF,IF2006,2020-02-19 14:00:03.400,4043.2000,23967,-4,6929090460.000,4,0,4,双平,B,4043.2000,4043.0000,4042.6000,4042.0000,4041.0000,4043.6000,4043.8000,4044.0000,4046.0000,4046.4000,4,2,1,4,2,1,2,2,1,1
SF,IF2006,2020-02-19 14:00:03.900,4043.0000,23967,0,6935155200.000,5,2,3,空换,B,4043.0000,4042.6000,4042.0000,4041.0000,4040.6000,4043.4000,4043.6000,4046.0000,4046.4000,4047.4000,1,1,4,2,1,2,1,1,1,1
SF,IF2006,2020-02-19 14:00:04.400,4042.6000,23965,-2,6937580880.000,2,0,2,双平,B,4042.0000,4041.0000,4040.6000,4040.2000,4040.0000,4043.0000,4043.4000,4043.6000,4046.0000,4046.4000,4,2,1,4,11,1,2,1,1,1
SF,IF2006,2020-02-19 14:00:05.400,4042.0000,23965,0,6938793480.000,1,0,1,空换,B,4042.2000,4042.0000,4041.0000,4040.6000,4040.2000,4043.4000,4043.6000,4046.0000,4046.4000,4047.4000,3,3,2,1,4,2,1,1,1,1
SF,IF2006,2020-02-19 14:00:05.900,4042.2000,23962,-3,6942431460.000,3,0,3,双平,B,4042.0000,4041.0000,4040.6000,4040.2000,4040.0000,4042.2000,4043.2000,4043.4000,4046.0000,4046.4000,3,2,1,4,11,1,2,2,1,1
SF,IF2006,2020-02-19 14:00:06.400,4042.2000,23962,0,6943644120.000,1,0,1,空换,B,4042.0000,4041.0000,4040.6000,4040.2000,4040.0000,4043.4000,4046.0000,4046.4000,4047.4000,4049.0000,3,2,1,4,11,2,1,1,1,1
SF,IF2006,2020-02-19 14:00:06.900,4042.2000,23962,0,6943644120.000,0,-,-,-,-,4042.0000,4041.0000,4040.6000,4040.2000,4040.0000,4043.2000,4043.4000,4046.0000,4046.4000,4047.4000,3,2,1,4,11,3,2,1,1,1
SF,IF2006,2020-02-19 14:00:07.400,4042.0000,23962,0,6944856720.000,1,0,1,空换,B,4042.0000,4041.0000,4040.6000,4040.2000,4040.0000,4042.8000,4043.4000,4046.0000,4046.4000,4047.4000,2,2,1,4,11,2,2,1,1,1
SF,IF2006,2020-02-19 14:00:07.900,4042.0000,23963,1,6946069320.000,1,1,0,双开,B,4042.0000,4041.0000,4040.6000,4040.2000,4040.0000,4042.8000,4043.4000,4046.0000,4046.4000,4047.4000,1,2,1,4,11,2,2,1,1,1
SF,IF2006,2020-02-19 14:00:08.900,4042.0000,23963,0,6946069320.000,0,-,-,-,-,4042.0000,4041.0000,4040.2000,4040.0000,4038.0000,4042.8000,4043.4000,4046.0000,4046.4000,4047.4000,1,2,4,11,1,2,2,1,1,1
SF,IF2006,2020-02-19 14:00:09.400,4042.0000,23963,0,6946069320.000,0,-,-,-,-,4042.0000,4041.0000,4040.2000,4040.0000,4038.0000,4042.6000,4042.8000,4046.0000,4046.4000,4047.4000,1,2,4,11,1,2,2,1,1,1
SF,IF2006,2020-02-19 14:00:10.400,4042.0000,23963,0,6946069320.000,0,-,-,-,-,4042.0000,4041.8000,4041.0000,4040.2000,4040.0000,4042.6000,4042.8000,4046.0000,4046.4000,4047.4000,1,1,2,4,11,2,2,1,1,1
SF,IF2006,2020-02-19 14:00:10.900,4042.0000,23963,0,6946069320.000,0,-,-,-,-,4042.0000,4041.8000,4041.0000,4040.2000,4040.0000,4042.8000,4046.0000,4046.4000,4047.4000,4049.0000,1,1,2,4,11,2,1,1,1,1
SF,IF2006,2020-02-19 14:00:13.400,4042.0000,23963,0,6947281920.000,1,0,1,空换,B,4041.8000,4041.0000,4040.2000,4040.0000,4038.0000,4042.8000,4046.0000,4046.4000,4047.4000,4049.0000,1,2,4,11,1,2,1,1,1,1
SF,IF2006,2020-02-19 14:00:13.900,4042.0000,23963,0,6947281920.000,0,-,-,-,-,4042.2000,4041.8000,4041.0000,4040.2000,4040.0000,4042.8000,4046.0000,4047.4000,4049.0000,4050.4000,1,1,2,4,11,2,1,1,1,1
SF,IF2006,2020-02-19 14:00:14.400,4042.0000,23963,0,6947281920.000,0,-,-,-,-,4041.8000,4041.0000,4040.2000,4040.0000,4038.0000,4042.8000,4046.0000,4047.4000,4049.0000,4050.4000,1,2,4,11,1,2,1,1,1,1
SF,IF2006,2020-02-19 14:00:14.900,4042.8000,23964,1,6948494760.000,1,1,0,双开,B,4041.8000,4041.0000,4040.2000,4040.0000,4038.0000,4042.8000,4046.0000,4047.4000,4049.0000,4050.4000,1,2,4,11,1,1,1,1,1,1
SF,IF2006,2020-02-19 14:00:15.400,4042.8000,23963,-1,6949707600.000,1,0,1,双平,B,4042.0000,4041.8000,4041.0000,4040.2000,4040.0000,4046.0000,4049.0000,4050.4000,4051.6000,4052.8000,1,1,2,4,11,1,1,1,1,2
SF,IF2006,2020-02-19 14:00:15.900,4042.8000,23963,0,6949707600.000,0,-,-,-,-,4042.2000,4042.0000,4041.8000,4041.0000,4040.2000,4044.2000,4044.4000,4044.6000,4044.8000,4045.4000,3,1,1,2,4,1,3,1,2,1
SF,IF2006,2020-02-19 14:00:16.400,4042.8000,23963,0,6949707600.000,0,-,-,-,-,4042.8000,4042.0000,4041.8000,4041.0000,4040.2000,4043.6000,4044.0000,4044.4000,4044.8000,4045.4000,1,1,1,2,4,1,2,3,2,1
SF,IF2006,2020-02-19 14:00:16.900,4042.8000,23963,0,6949707600.000,0,-,-,-,-,4042.8000,4042.0000,4041.8000,4041.0000,4040.2000,4043.2000,4043.4000,4044.4000,4044.8000,4045.4000,1,1,1,2,4,1,2,3,2,1
SF,IF2006,2020-02-19 14:00:17.400,4042.8000,23963,0,6950920440.000,1,0,1,空换,B,4042.0000,4041.8000,4041.0000,4040.2000,4040.0000,4043.4000,4044.4000,4044.8000,4045.4000,4045.6000,1,1,2,4,12,2,3,2,1,2
SF,IF2006,2020-02-19 14:00:18.900,4042.8000,23963,0,6950920440.000,0,-,-,-,-,4041.8000,4041.0000,4040.2000,4040.0000,4038.0000,4042.0000,4043.2000,4043.4000,4044.4000,4044.8000,1,2,4,12,1,1,1,2,3,2
SF,IF2006,2020-02-19 14:00:19.400,4042.0000,23963,0,6952133040.000,1,0,1,空换,B,4041.8000,4041.0000,4040.2000,4040.0000,4038.0000,4043.2000,4043.4000,4044.4000,4044.8000,4045.4000,1,2,4,12,1,1,2,3,2,1
SF,IF2006,2020-02-19 14:00:19.900,4042.0000,23963,0,6952133040.000,0,-,-,-,-,4041.8000,4041.0000,4040.4000,4040.2000,4040.0000,4043.0000,4043.2000,4044.4000,4044.8000,4045.4000,1,2,1,4,12,7,1,3,2,1
SF,IF2006,2020-02-19 14:00:20.400,4042.0000,23963,0,6952133040.000,0,-,-,-,-,4041.8000,4041.0000,4040.4000,4040.2000,4040.0000,4043.0000,4043.2000,4044.4000,4044.8000,4045.4000,1,2,1,4,12,4,1,3,2,1
SF,IF2006,2020-02-19 14:00:20.900,4042.8000,23964,1,6953345880.000,1,1,0,双开,B,4041.8000,4041.0000,4040.4000,4040.2000,4040.0000,4043.0000,4043.2000,4044.4000,4044.8000,4045.4000,4,2,1,4,12,4,1,3,2,1
SF,IF2006,2020-02-19 14:00:21.400,4041.8000,23964,0,6954558420.000,1,0,1,空换,B,4042.0000,4041.8000,4041.0000,4040.4000,4040.2000,4043.0000,4043.2000,4044.4000,4044.8000,4045.4000,1,3,2,1,4,4,1,3,2,1
SF,IF2006,2020-02-19 14:00:21.900,4041.8000,23964,0,6954558420.000,0,-,-,-,-,4042.0000,4041.8000,4041.0000,4040.4000,4040.2000,4043.0000,4043.2000,4044.4000,4044.8000,4045.4000,2,3,2,1,4,4,2,2,2,1
SF,IF2006,2020-02-19 14:00:22.400,4042.0000,23963,-1,6956983620.000,2,0,2,空平,B,4041.8000,4041.0000,4040.4000,4040.2000,4040.0000,4042.0000,4042.8000,4043.0000,4044.4000,4044.8000,3,2,1,4,12,1,2,4,2,2
SF,IF2006,2020-02-19 14:00:22.900,4042.0000,23963,0,6958196220.000,1,0,1,空换,B,4041.8000,4041.0000,4040.4000,4040.2000,4040.0000,4042.8000,4043.0000,4044.4000,4044.8000,4045.4000,3,2,1,4,12,2,4,2,2,1
SF,IF2006,2020-02-19 14:00:23.400,4042.0000,23963,0,6958196220.000,0,-,-,-,-,4041.8000,4041.0000,4040.4000,4040.2000,4040.0000,4042.6000,4042.8000,4043.0000,4044.4000,4044.8000,3,2,1,4,12,2,2,2,2,2
SF,IF2006,2020-02-19 14:00:24.400,4042.0000,23963,0,6958196220.000,0,-,-,-,-,4041.8000,4041.0000,4040.4000,4040.2000,4040.0000,4042.6000,4042.8000,4043.0000,4044.4000,4044.8000,3,2,1,4,12,2,1,2,2,2
SF,IF2006,2020-02-19 14:00:24.900,4042.0000,23963,0,6958196220.000,0,-,-,-,-,4041.8000,4041.0000,4040.4000,4040.2000,4040.0000,4042.0000,4042.4000,4042.6000,4042.8000,4043.0000,3,2,1,4,12,1,1,2,1,2
SF,IF2006,2020-02-19 14:00:25.400,4041.8000,23965,2,6961833840.000,3,2,1,多开,B,4041.0000,4040.4000,4040.2000,4040.0000,4038.0000,4042.0000,4042.4000,4042.6000,4042.8000,4043.0000,2,1,4,12,1,1,1,2,1,2
SF,IF2006,2020-02-19 14:00:25.900,4041.8000,23965,0,6963046380.000,1,0,1,空换,B,4041.2000,4041.0000,4040.4000,4040.2000,4040.0000,4041.8000,4042.0000,4042.4000,4043.0000,4044.4000,1,2,1,4,12,2,1,1,2,2
SF,IF2006,2020-02-19 14:00:26.400,4041.8000,23965,0,6964258920.000,1,0,1,空换,B,4041.2000,4041.0000,4040.4000,4040.2000,4040.0000,4041.8000,4042.0000,4042.4000,4043.0000,4044.4000,2,2,1,4,12,1,1,1,2,2
SF,IF2006,2020-02-19 14:00:26.900,4041.8000,23965,0,6964258920.000,0,-,-,-,-,4041.2000,4041.0000,4040.4000,4040.2000,4040.0000,4041.6000,4041.8000,4042.0000,4042.4000,4043.0000,2,2,1,4,12,1,1,2,1,2
SF,IF2006,2020-02-19 14:00:27.400,4041.2000,23965,0,6965471280.000,1,0,1,空换,B,4041.2000,4041.0000,4040.4000,4040.2000,4040.0000,4041.8000,4042.0000,4042.4000,4043.0000,4044.4000,1,2,1,4,12,1,2,1,2,2
SF,IF2006,2020-02-19 14:00:28.400,4041.2000,23965,0,6965471280.000,0,-,-,-,-,4041.2000,4041.0000,4040.4000,4040.2000,4040.0000,4042.0000,4042.4000,4043.0000,4044.4000,4044.8000,1,2,1,4,13,2,1,2,2,1
SF,IF2006,2020-02-19 14:00:28.900,4041.2000,23965,0,6965471280.000,0,-,-,-,-,4041.2000,4041.0000,4040.4000,4040.2000,4040.0000,4042.0000,4043.0000,4044.4000,4044.8000,4045.4000,1,2,1,4,13,2,2,2,1,1
SF,IF2006,2020-02-19 14:00:29.900,4041.2000,23965,0,6965471280.000,0,-,-,-,-,4041.2000,4041.0000,4040.4000,4040.2000,4040.0000,4042.0000,4043.0000,4044.4000,4044.8000,4045.4000,1,2,1,4,12,2,2,2,1,1
SF,IF2006,2020-02-19 14:00:30.400,4041.2000,23965,0,6965471280.000,0,-,-,-,-,4041.2000,4041.0000,4040.4000,4040.2000,4040.0000,4042.0000,4043.0000,4044.4000,4044.8000,4045.4000,1,2,1,4,12,2,2,2,1,1
SF,IF2006,2020-02-19 14:00:31.400,4041.2000,23966,1,6966683640.000,1,1,0,双开,B,4041.0000,4040.4000,4040.2000,4040.0000,4038.0000,4042.0000,4043.0000,4044.4000,4044.8000,4045.4000,2,1,4,12,1,2,2,2,1,1
SF,IF2006,2020-02-19 14:00:31.900,4041.2000,23966,0,6966683640.000,0,-,-,-,-,4041.2000,4041.0000,4040.4000,4040.2000,4040.0000,4042.0000,4043.0000,4044.4000,4044.8000,4045.4000,3,2,1,4,12,2,2,2,1,1
SF,IF2006,2020-02-19 14:00:32.400,4041.2000,23966,0,6966683640.000,0,-,-,-,-,4041.2000,4041.0000,4040.4000,4040.2000,4040.0000,4042.0000,4043.0000,4044.4000,4044.8000,4045.4000,4,2,1,4,12,2,2,2,1,1
SF,IF2006,2020-02-19 14:00:32.900,4041.2000,23966,0,6966683640.000,0,-,-,-,-,4041.4000,4041.2000,4041.0000,4040.4000,4040.2000,4042.0000,4043.0000,4044.4000,4044.8000,4045.4000,1,4,2,1,4,2,2,2,1,1
SF,IF2006,2020-02-19 14:00:33.400,4041.2000,23966,0,6966683640.000,0,-,-,-,-,4041.4000,4041.2000,4041.0000,4040.4000,4040.2000,4042.0000,4043.0000,4044.4000,4044.8000,4045.4000,1,4,2,1,4,2,2,2,1,1
SF,IF2006,2020-02-19 14:00:33.900,4041.2000,23966,0,6966683640.000,0,-,-,-,-,4041.4000,4041.2000,4041.0000,4040.4000,4040.2000,4042.0000,4043.0000,4044.4000,4044.8000,4045.4000,1,4,2,1,4,2,2,2,1,1
SF,IF2006,2020-02-19 14:00:34.900,4041.2000,23966,0,6966683640.000,0,-,-,-,-,4041.4000,4041.2000,4041.0000,4040.4000,4040.2000,4042.0000,4043.0000,4044.4000,4044.8000,4045.0000,1,4,2,1,5,2,2,2,1,1
SF,IF2006,2020-02-19 14:00:37.900,4041.2000,23966,0,6966683640.000,0,-,-,-,-,4041.2000,4041.0000,4040.4000,4040.2000,4040.0000,4042.0000,4043.0000,4044.4000,4044.8000,4045.0000,5,2,1,5,12,2,2,2,1,1
SF,IF2006,2020-02-19 14:00:38.900,4042.0000,23965,-1,6969108840.000,2,0,2,空平,B,4041.2000,4041.0000,4040.4000,4040.2000,4040.0000,4043.0000,4044.4000,4044.8000,4045.0000,4045.4000,5,2,1,5,12,2,2,1,1,1
SF,IF2006,2020-02-19 14:00:39.400,4042.0000,23965,0,6969108840.000,0,-,-,-,-,4042.0000,4041.4000,4041.2000,4041.0000,4040.4000,4042.8000,4043.0000,4044.4000,4044.8000,4045.0000,2,1,5,2,1,2,2,2,1,1
SF,IF2006,2020-02-19 14:00:39.900,4042.0000,23965,0,6969108840.000,0,-,-,-,-,4042.0000,4041.4000,4041.2000,4041.0000,4040.4000,4042.6000,4043.0000,4044.4000,4044.8000,4045.0000,2,1,5,2,1,1,2,2,1,1
SF,IF2006,2020-02-19 14:00:40.900,4042.0000,23965,0,6969108840.000,0,-,-,-,-,4042.0000,4041.2000,4041.0000,4040.4000,4040.2000,4042.6000,4043.0000,4044.4000,4044.8000,4045.0000,3,5,2,1,5,1,2,2,1,1
SF,IF2006,2020-02-19 14:00:41.400,4042.0000,23964,-1,6970321440.000,1,0,1,双平,B,4042.0000,4041.2000,4041.0000,4040.4000,4040.2000,4043.0000,4044.4000,4044.8000,4045.0000,4045.4000,2,4,2,1,5,1,2,1,1,1
SF,IF2006,2020-02-19 14:00:41.900,4042.0000,23964,0,6970321440.000,0,-,-,-,-,4042.0000,4041.2000,4041.0000,4040.4000,4040.2000,4042.8000,4043.0000,4044.4000,4044.8000,4045.0000,2,4,2,1,5,1,1,2,1,1
SF,IF2006,2020-02-19 14:00:42.400,4042.8000,23965,1,6971534280.000,1,1,0,双开,B,4042.0000,4041.2000,4041.0000,4040.4000,4040.2000,4043.0000,4044.4000,4044.8000,4045.0000,4045.4000,2,4,2,1,5,1,2,1,1,1
SF,IF2006,2020-02-19 14:00:43.400,4042.8000,23965,0,6971534280.000,0,-,-,-,-,4042.0000,4041.2000,4041.0000,4040.4000,4040.2000,4043.0000,4044.4000,4044.8000,4045.0000,4045.4000,2,4,3,1,5,1,2,1,1,1
SF,IF2006,2020-02-19 14:00:44.900,4042.8000,23965,0,6971534280.000,0,-,-,-,-,4042.0000,4041.2000,4041.0000,4040.4000,4040.2000,4043.0000,4044.4000,4044.8000,4045.0000,4045.4000,2,6,3,1,5,1,2,1,1,1
SF,IF2006,2020-02-19 14:00:46.400,4042.8000,23965,0,6971534280.000,0,-,-,-,-,4042.2000,4042.0000,4041.2000,4041.0000,4040.4000,4043.0000,4044.4000,4044.8000,4045.0000,4045.4000,1,2,6,3,1,1,2,1,1,1
SF,IF2006,2020-02-19 14:00:47.900,4042.8000,23965,0,6971534280.000,0,-,-,-,-,4042.0000,4041.2000,4041.0000,4040.4000,4040.2000,4043.0000,4043.2000,4044.4000,4044.8000,4045.0000,2,6,3,1,5,1,1,2,1,1
SF,IF2006,2020-02-19 14:00:48.400,4042.8000,23965,0,6971534280.000,0,-,-,-,-,4042.0000,4041.2000,4041.0000,4040.4000,4040.2000,4042.8000,4043.0000,4043.2000,4044.4000,4044.8000,2,6,3,1,5,2,1,1,2,1
SF,IF2006,2020-02-19 14:00:48.900,4042.8000,23965,0,6971534280.000,0,-,-,-,-,4042.0000,4041.2000,4041.0000,4040.4000,4040.2000,4042.6000,4042.8000,4043.0000,4043.2000,4044.4000,2,6,3,1,5,1,2,1,1,2
SF,IF2006,2020-02-19 14:00:50.400,4042.8000,23965,0,6971534280.000,0,-,-,-,-,4042.0000,4041.2000,4041.0000,4040.4000,4040.2000,4042.4000,4042.6000,4042.8000,4043.0000,4043.2000,2,6,3,1,5,1,1,2,1,1
SF,IF2006,2020-02-19 14:00:50.900,4042.8000,23965,0,6971534280.000,0,-,-,-,-,4042.0000,4041.2000,4041.0000,4040.4000,4040.2000,4042.4000,4042.6000,4042.8000,4043.0000,4043.2000,2,6,3,1,5,1,1,2,1,1
SF,IF2006,2020-02-19 14:00:51.400,4042.8000,23965,0,6971534280.000,0,-,-,-,-,4042.0000,4041.2000,4041.0000,4040.4000,4040.2000,4042.4000,4042.6000,4042.8000,4043.0000,4043.2000,2,6,3,1,5,1,1,2,1,1
SF,IF2006,2020-02-19 14:00:51.900,4042.4000,23965,0,6973959720.000,2,1,1,空换,B,4042.0000,4041.2000,4041.0000,4040.4000,4040.2000,4043.0000,4044.4000,4044.8000,4045.0000,4045.4000,2,6,3,1,5,1,2,1,1,1
SF,IF2006,2020-02-19 14:00:52.400,4042.4000,23965,0,6973959720.000,0,-,-,-,-,4042.0000,4041.2000,4041.0000,4040.4000,4040.2000,4043.0000,4044.4000,4044.8000,4045.0000,4045.4000,2,6,3,1,5,1,2,1,1,1
SF,IF2006,2020-02-19 14:00:53.900,4042.4000,23965,0,6973959720.000,0,-,-,-,-,4042.0000,4041.2000,4041.0000,4040.4000,4040.2000,4043.0000,4043.2000,4044.4000,4044.8000,4045.0000,2,6,3,1,5,1,1,2,1,1
SF,IF2006,2020-02-19 14:00:54.400,4042.4000,23965,0,6973959720.000,0,-,-,-,-,4042.0000,4041.2000,4041.0000,4040.4000,4040.2000,4042.8000,4043.0000,4043.2000,4044.4000,4044.8000,2,6,3,1,5,1,1,1,2,1
SF,IF2006,2020-02-19 14:00:54.900,4042.0000,23966,1,6975172320.000,1,1,0,双开,B,4042.0000,4041.2000,4041.0000,4040.4000,4040.2000,4042.8000,4043.0000,4043.2000,4044.4000,4044.8000,1,6,3,1,5,1,2,1,2,1
SF,IF2006,2020-02-19 14:00:55.400,4042.0000,23966,0,6975172320.000,0,-,-,-,-,4042.0000,4041.2000,4041.0000,4040.4000,4040.2000,4042.8000,4043.0000,4044.4000,4044.8000,4045.0000,1,6,3,1,5,1,2,2,1,1
SF,IF2006,2020-02-19 14:00:55.900,4042.0000,23967,1,6976384920.000,1,1,0,双开,B,4041.2000,4041.0000,4040.4000,4040.2000,4040.0000,4043.0000,4044.4000,4044.8000,4045.0000,4045.4000,6,3,1,5,12,2,2,1,1,1
SF,IF2006,2020-02-19 14:00:56.400,4042.0000,23967,0,6976384920.000,0,-,-,-,-,4041.8000,4041.6000,4041.2000,4041.0000,4040.4000,4043.0000,4044.4000,4044.8000,4045.0000,4045.4000,1,1,6,3,1,2,2,1,1,1
SF,IF2006,2020-02-19 14:00:56.900,4042.0000,23967,0,6976384920.000,0,-,-,-,-,4042.8000,4042.0000,4041.8000,4041.6000,4041.2000,4043.0000,4044.4000,4044.8000,4045.0000,4045.4000,1,1,1,1,6,1,2,1,1,1
SF,IF2006,2020-02-19 14:00:57.400,4042.0000,23967,0,6976384920.000,0,-,-,-,-,4042.8000,4042.0000,4041.2000,4041.0000,4040.4000,4043.0000,4044.4000,4044.8000,4045.0000,4045.4000,1,1,6,3,1,1,2,1,1,1
SF,IF2006,2020-02-19 14:00:57.900,4042.0000,23967,0,6976384920.000,0,-,-,-,-,4042.8000,4042.0000,4041.2000,4041.0000,4040.4000,4043.0000,4044.4000,4044.8000,4045.0000,4045.4000,1,1,6,3,1,1,2,1,1,1
SF,IF2006,2020-02-19 14:00:58.900,4042.8000,23968,1,6977597760.000,1,1,0,双开,B,4042.0000,4041.8000,4041.2000,4041.0000,4040.4000,4043.0000,4044.8000,4045.0000,4045.4000,4045.8000,1,1,5,3,1,1,1,1,1,3
SF,IF2006,2020-02-19 14:00:59.400,4042.8000,23968,0,6977597760.000,0,-,-,-,-,4042.2000,4042.0000,4041.8000,4041.2000,4041.0000,4043.0000,4044.8000,4045.0000,4045.4000,4045.8000,3,1,1,3,3,1,1,1,1,3
SF,IF2006,2020-02-19 14:00:59.900,4042.8000,23968,0,6977597760.000,0,-,-,-,-,4042.2000,4042.0000,4041.8000,4041.2000,4041.0000,4043.0000,4044.8000,4045.0000,4045.4000,4045.8000,3,1,1,3,3,1,1,1,1,3
SF,IF2006,2020-02-19 14:01:00.400,4042.8000,23968,0,6977597760.000,0,-,-,-,-,4042.4000,4042.2000,4041.8000,4041.2000,4041.0000,4043.0000,4044.8000,4045.0000,4045.4000,4045.8000,1,3,1,3,3,1,1,1,1,3
SF,IF2006,2020-02-19 14:01:00.900,4042.8000,23968,0,6977597760.000,0,-,-,-,-,4042.4000,4042.2000,4041.8000,4041.2000,4041.0000,4042.6000,4043.0000,4044.8000,4045.0000,4045.4000,1,3,1,3,3,1,1,1,1,1
SF,IF2006,2020-02-19 14:01:01.400,4042.4000,23969,1,6978810480.000,1,1,0,双开,B,4042.2000,4041.8000,4041.2000,4041.0000,4040.4000,4042.6000,4043.0000,4044.8000,4045.0000,4045.4000,1,1,3,3,1,1,1,1,1,1
SF,IF2006,2020-02-19 14:01:01.900,4042.4000,23969,0,6978810480.000,0,-,-,-,-,4041.8000,4041.2000,4041.0000,4040.4000,4040.2000,4042.6000,4043.0000,4044.8000,4045.0000,4045.4000,1,3,3,1,5,1,1,1,1,1
SF,IF2006,2020-02-19 14:01:02.400,4042.4000,23969,0,6978810480.000,0,-,-,-,-,4041.8000,4041.2000,4041.0000,4040.4000,4040.2000,4042.6000,4043.0000,4044.8000,4045.0000,4045.4000,1,3,3,1,5,1,1,1,1,1
SF,IF2006,2020-02-19 14:01:03.900,4042.4000,23969,0,6978810480.000,0,-,-,-,-,4041.2000,4041.0000,4040.4000,4040.2000,4040.0000,4042.6000,4043.0000,4044.8000,4045.0000,4045.4000,3,3,1,5,13,1,1,1,1,1
SF,IF2006,2020-02-19 14:01:04.400,4042.4000,23969,0,6978810480.000,0,-,-,-,-,4041.6000,4041.4000,4041.2000,4041.0000,4040.4000,4042.6000,4043.0000,4044.8000,4045.0000,4045.4000,1,3,3,3,1,1,1,1,1,1
SF,IF2006,2020-02-19 14:01:05.400,4042.4000,23969,0,6978810480.000,0,-,-,-,-,4041.6000,4041.4000,4041.2000,4041.0000,4040.4000,4042.4000,4042.6000,4043.0000,4044.8000,4045.0000,1,3,3,3,1,1,1,1,1,1
SF,IF2006,2020-02-19 14:01:05.900,4042.4000,23969,0,6978810480.000,0,-,-,-,-,4041.8000,4041.6000,4041.4000,4041.2000,4041.0000,4042.4000,4042.6000,4043.0000,4044.8000,4045.0000,1,1,3,3,3,1,1,1,1,1
SF,IF2006,2020-02-19 14:01:06.400,4042.4000,23969,0,6978810480.000,0,-,-,-,-,4042.2000,4041.8000,4041.6000,4041.4000,4041.2000,4042.4000,4042.6000,4043.0000,4044.8000,4045.0000,1,1,1,3,3,1,1,1,1,1
SF,IF2006,2020-02-19 14:01:06.900,4042.2000,23970,1,6980023140.000,1,1,0,双开,B,4041.8000,4041.6000,4041.4000,4041.2000,4041.0000,4042.4000,4042.6000,4043.0000,4044.8000,4045.0000,1,1,2,3,3,1,1,1,1,1
SF,IF2006,2020-02-19 14:01:07.400,4042.4000,23970,0,6981235860.000,1,0,1,空换,B,4041.8000,4041.6000,4041.4000,4041.2000,4041.0000,4042.6000,4043.0000,4044.8000,4045.0000,4045.4000,1,1,2,3,3,1,1,1,1,1
SF,IF2006,2020-02-19 14:01:07.900,4043.0000,23971,1,6983661540.000,2,1,1,多开,B,4042.6000,4042.0000,4041.8000,4041.6000,4041.2000,4044.8000,4045.0000,4045.4000,4045.8000,4046.0000,1,2,2,1,3,1,1,1,3,3
SF,IF2006,2020-02-19 14:01:08.400,4042.6000,23970,-1,6986087160.000,2,0,2,空平,B,4042.0000,4041.8000,4041.2000,4041.0000,4040.4000,4044.0000,4044.2000,4044.4000,4044.6000,4044.8000,2,2,3,3,1,2,1,1,13,4
SF,IF2006,2020-02-19 14:01:08.900,4042.6000,23970,0,6986087160.000,0,-,-,-,-,4042.2000,4042.0000,4041.8000,4041.2000,4041.0000,4043.2000,4043.4000,4043.8000,4044.0000,4044.2000,2,3,2,3,3,2,3,1,4,1
SF,IF2006,2020-02-19 14:01:09.400,4042.6000,23970,0,6986087160.000,0,-,-,-,-,4042.4000,4042.2000,4042.0000,4041.8000,4041.2000,4043.8000,4044.0000,4044.4000,4044.6000,4044.8000,3,2,1,2,3,1,2,1,7,1
SF,IF2006,2020-02-19 14:01:09.900,4042.6000,23970,0,6986087160.000,0,-,-,-,-,4042.4000,4042.2000,4042.0000,4041.8000,4041.2000,4043.6000,4044.0000,4044.4000,4044.6000,4044.8000,3,2,1,2,3,2,2,1,7,1
SF,IF2006,2020-02-19 14:01:10.400,4042.6000,23970,0,6986087160.000,0,-,-,-,-,4042.6000,4042.4000,4042.0000,4041.8000,4041.2000,4044.0000,4044.6000,4044.8000,4045.0000,4045.8000,2,4,1,2,3,1,5,1,1,3
SF,IF2006,2020-02-19 14:01:10.900,4042.6000,23970,0,6986087160.000,0,-,-,-,-,4042.6000,4042.4000,4041.8000,4041.2000,4041.0000,4043.8000,4044.6000,4044.8000,4045.0000,4045.8000,2,4,2,3,3,2,2,1,1,3
SF,IF2006,2020-02-19 14:01:11.400,4042.6000,23970,0,6986087160.000,0,-,-,-,-,4044.0000,4042.6000,4042.4000,4041.8000,4041.2000,4044.6000,4044.8000,4045.0000,4045.8000,4046.0000,1,2,4,2,3,2,1,1,3,2
SF,IF2006,2020-02-19 14:01:11.900,4044.0000,23971,1,6987300360.000,1,1,0,双开,B,4042.4000,4041.8000,4041.2000,4041.0000,4040.4000,4044.4000,4044.6000,4044.8000,4045.0000,4045.8000,4,2,3,3,1,2,2,1,1,3
SF,IF2006,2020-02-19 14:01:12.400,4044.0000,23971,0,6987300360.000,0,-,-,-,-,4043.0000,4042.8000,4042.6000,4042.4000,4041.8000,4044.2000,4044.4000,4044.6000,4044.8000,4045.0000,1,1,1,4,2,3,2,2,1,1
SF,IF2006,2020-02-19 14:01:12.900,4044.0000,23971,0,6987300360.000,0,-,-,-,-,4043.2000,4043.0000,4042.8000,4042.6000,4042.4000,4044.2000,4044.4000,4044.6000,4044.8000,4045.0000,1,1,1,1,4,2,2,2,1,1
SF,IF2006,2020-02-19 14:01:13.400,4044.2000,23972,1,6988513620.000,1,1,0,双开,B,4043.8000,4043.2000,4043.0000,4042.8000,4042.4000,4044.2000,4044.4000,4044.6000,4044.8000,4045.0000,12,1,1,1,4,1,2,2,1,1
SF,IF2006,2020-02-19 14:01:13.900,4044.2000,23972,0,6988513620.000,0,-,-,-,-,4043.8000,4043.2000,4043.0000,4042.8000,4042.4000,4044.2000,4044.4000,4044.6000,4044.8000,4045.0000,12,1,1,1,3,1,2,2,1,1
SF,IF2006,2020-02-19 14:01:14.400,4044.2000,23973,1,6989726880.000,1,1,0,双开,B,4043.8000,4043.2000,4043.0000,4042.8000,4042.4000,4044.4000,4044.6000,4044.8000,4045.0000,4045.8000,12,1,1,1,3,2,2,1,1,3
SF,IF2006,2020-02-19 14:01:14.900,4043.8000,23975,2,6992153160.000,2,2,0,双开,B,4043.8000,4043.2000,4043.0000,4042.4000,4041.8000,4044.4000,4044.6000,4044.8000,4045.0000,4045.8000,10,1,1,3,2,2,2,1,1,3
SF,IF2006,2020-02-19 14:01:15.400,4043.8000,23978,3,6997005720.000,4,3,1,多开,B,4043.8000,4043.2000,4043.0000,4042.4000,4041.8000,4044.2000,4044.4000,4044.6000,4044.8000,4045.0000,6,1,1,3,2,2,2,2,1,1
SF,IF2006,2020-02-19 14:01:15.900,4043.8000,23979,1,7001858280.000,4,2,2,多开,B,4043.8000,4043.2000,4043.0000,4042.4000,4041.8000,4044.2000,4044.4000,4044.6000,4044.8000,4045.0000,2,1,1,3,2,3,2,2,1,1
SF,IF2006,2020-02-19 14:01:16.400,4043.8000,23979,0,7004284560.000,2,1,1,空换,B,4043.8000,4043.2000,4043.0000,4042.4000,4041.8000,4044.4000,4044.6000,4044.8000,4045.0000,4045.8000,1,1,1,3,2,2,2,1,1,3
SF,IF2006,2020-02-19 14:01:16.900,4043.8000,23980,1,7005497700.000,1,1,0,双开,B,4043.2000,4043.0000,4042.4000,4041.8000,4041.2000,4043.8000,4044.2000,4044.4000,4044.6000,4044.8000,1,1,1,2,3,1,6,2,2,1
SF,IF2006,2020-02-19 14:01:17.400,4043.8000,23980,0,7005497700.000,0,-,-,-,-,4043.2000,4043.0000,4042.4000,4041.8000,4041.2000,4044.2000,4044.4000,4044.6000,4044.8000,4045.0000,1,1,1,2,3,4,2,2,1,1
SF,IF2006,2020-02-19 14:01:17.900,4043.8000,23980,0,7005497700.000,0,-,-,-,-,4043.8000,4043.2000,4043.0000,4042.4000,4041.8000,4044.2000,4044.4000,4044.6000,4044.8000,4045.0000,1,1,1,1,2,4,2,2,1,1
SF,IF2006,2020-02-19 14:01:18.400,4043.8000,23981,1,7006710840.000,1,1,0,双开,B,4043.2000,4043.0000,4042.4000,4041.8000,4041.2000,4043.8000,4044.0000,4044.2000,4044.6000,4044.8000,1,1,1,2,3,1,2,4,2,1
SF,IF2006,2020-02-19 14:01:18.900,4043.8000,23981,0,7006710840.000,0,-,-,-,-,4043.2000,4043.0000,4042.4000,4041.8000,4041.2000,4044.0000,4044.2000,4044.6000,4044.8000,4045.0000,1,1,1,2,3,3,3,2,1,1
SF,IF2006,2020-02-19 14:01:19.400,4043.2000,23981,0,7007923800.000,1,0,1,空换,B,4043.0000,4042.4000,4041.8000,4041.2000,4041.0000,4043.8000,4044.0000,4044.2000,4044.6000,4044.8000,1,1,2,3,3,1,1,3,2,1
SF,IF2006,2020-02-19 14:01:19.900,4043.2000,23981,0,7007923800.000,0,-,-,-,-,4043.0000,4042.4000,4041.8000,4041.2000,4041.0000,4044.2000,4044.6000,4044.8000,4045.0000,4045.8000,1,1,2,3,3,3,2,1,1,3
SF,IF2006,2020-02-19 14:01:20.400,4043.2000,23981,0,7007923800.000,0,-,-,-,-,4043.0000,4042.4000,4041.8000,4041.2000,4041.0000,4044.2000,4044.6000,4044.8000,4045.0000,4045.8000,1,1,2,3,3,3,2,1,1,4
SF,IF2006,2020-02-19 14:01:20.900,4043.2000,23981,0,7007923800.000,0,-,-,-,-,4043.8000,4043.0000,4042.4000,4041.8000,4041.2000,4044.2000,4044.6000,4044.8000,4045.0000,4045.8000,1,1,1,2,3,3,2,1,1,4
SF,IF2006,2020-02-19 14:01:21.400,4043.8000,23981,0,7009136940.000,1,0,1,空换,B,4043.0000,4042.4000,4041.8000,4041.2000,4041.0000,4044.0000,4044.2000,4044.6000,4044.8000,4045.0000,1,1,2,3,3,1,3,2,1,1
SF,IF2006,2020-02-19 14:01:22.400,4044.0000,23982,1,7010350140.000,1,1,0,双开,B,4043.0000,4042.4000,4041.8000,4041.2000,4041.0000,4044.2000,4044.6000,4044.8000,4045.0000,4045.8000,1,1,2,3,3,3,2,1,1,4
SF,IF2006,2020-02-19 14:01:23.900,4044.0000,23982,0,7010350140.000,0,-,-,-,-,4043.8000,4043.0000,4042.4000,4041.8000,4041.2000,4044.2000,4044.6000,4044.8000,4045.0000,4045.8000,1,1,1,2,3,3,2,1,1,4
SF,IF2006,2020-02-19 14:01:24.400,4043.8000,23981,-1,7011563280.000,1,0,1,双平,B,4043.0000,4042.4000,4041.8000,4041.2000,4041.0000,4043.8000,4044.2000,4044.6000,4044.8000,4045.0000,1,1,2,3,3,2,3,2,1,1
SF,IF2006,2020-02-19 14:01:25.400,4043.8000,23981,0,7011563280.000,0,-,-,-,-,4043.0000,4042.4000,4041.8000,4041.2000,4041.0000,4043.8000,4044.2000,4044.6000,4044.8000,4045.0000,1,1,2,3,3,2,3,2,1,1
SF,IF2006,2020-02-19 14:01:26.400,4043.8000,23981,0,7011563280.000,0,-,-,-,-,4043.0000,4041.8000,4041.2000,4041.0000,4040.4000,4043.8000,4044.2000,4044.6000,4044.8000,4045.0000,1,2,3,3,1,2,3,2,1,1
SF,IF2006,2020-02-19 14:01:26.900,4043.8000,23981,0,7012776420.000,1,0,1,空换,B,4043.0000,4041.8000,4041.2000,4041.0000,4040.4000,4043.8000,4044.6000,4044.8000,4045.0000,4045.8000,1,2,3,3,1,1,2,1,1,3
SF,IF2006,2020-02-19 14:01:28.400,4043.8000,23981,0,7012776420.000,0,-,-,-,-,4043.0000,4041.8000,4041.2000,4041.0000,4040.4000,4043.8000,4044.6000,4044.8000,4045.0000,4045.8000,1,2,3,3,1,1,1,1,1,3
SF,IF2006,2020-02-19 14:01:28.900,4043.8000,23981,0,7012776420.000,0,-,-,-,-,4043.2000,4043.0000,4041.8000,4041.2000,4041.0000,4043.8000,4044.6000,4044.8000,4045.0000,4045.8000,2,1,2,3,3,1,1,1,1,3
SF,IF2006,2020-02-19 14:01:29.400,4043.8000,23981,0,7013989560.000,1,0,1,空换,B,4043.2000,4043.0000,4041.8000,4041.2000,4041.0000,4044.8000,4045.0000,4045.8000,4046.0000,4046.4000,2,1,2,3,3,1,1,3,2,1
SF,IF2006,2020-02-19 14:01:29.900,4043.8000,23981,0,7013989560.000,0,-,-,-,-,4043.4000,4043.2000,4043.0000,4041.8000,4041.2000,4044.6000,4044.8000,4045.0000,4045.8000,4046.0000,1,2,1,2,3,2,1,1,3,2
SF,IF2006,2020-02-19 14:01:30.400,4043.8000,23981,0,7013989560.000,0,-,-,-,-,4043.4000,4043.0000,4041.8000,4041.2000,4041.0000,4044.6000,4044.8000,4045.0000,4045.8000,4046.0000,1,1,2,3,3,2,1,1,3,2
SF,IF2006,2020-02-19 14:01:31.400,4043.8000,23981,0,7013989560.000,0,-,-,-,-,4043.4000,4043.0000,4041.8000,4041.2000,4041.0000,4044.6000,4044.8000,4045.0000,4045.8000,4046.0000,1,1,2,3,3,3,1,1,3,2
SF,IF2006,2020-02-19 14:01:31.900,4043.8000,23981,0,7013989560.000,0,-,-,-,-,4043.4000,4041.8000,4041.2000,4041.0000,4040.4000,4044.6000,4044.8000,4045.0000,4045.8000,4046.0000,1,2,3,3,1,3,1,1,3,2
SF,IF2006,2020-02-19 14:01:32.400,4043.8000,23981,0,7013989560.000,0,-,-,-,-,4043.4000,4041.8000,4041.2000,4041.0000,4040.4000,4044.6000,4044.8000,4045.0000,4045.8000,4046.0000,1,2,3,3,1,2,1,1,3,2
SF,IF2006,2020-02-19 14:01:32.900,4043.8000,23981,0,7013989560.000,0,-,-,-,-,4043.6000,4043.4000,4041.8000,4041.2000,4041.0000,4045.0000,4046.0000,4046.4000,4047.8000,4048.6000,3,1,2,3,3,1,2,1,1,1
SF,IF2006,2020-02-19 14:01:33.900,4043.8000,23981,0,7013989560.000,0,-,-,-,-,4043.8000,4043.6000,4041.8000,4041.2000,4041.0000,4045.0000,4046.0000,4046.4000,4047.8000,4048.6000,1,3,2,3,3,1,2,1,1,1
SF,IF2006,2020-02-19 14:01:34.900,4043.8000,23981,0,7013989560.000,0,-,-,-,-,4044.0000,4043.8000,4043.6000,4041.8000,4041.2000,4045.0000,4046.0000,4046.4000,4047.8000,4048.6000,1,1,2,2,3,1,2,1,1,1
SF,IF2006,2020-02-19 14:01:35.900,4045.0000,23980,-1,7015203060.000,1,0,1,双平,B,4044.0000,4043.8000,4043.6000,4041.8000,4041.2000,4046.0000,4046.4000,4047.8000,4048.6000,4049.0000,1,1,2,2,3,2,1,1,1,2
SF,IF2006,2020-02-19 14:01:36.400,4045.0000,23980,0,7015203060.000,0,-,-,-,-,4044.2000,4044.0000,4043.8000,4043.2000,4041.8000,4045.8000,4046.0000,4046.4000,4047.8000,4048.6000,3,1,1,1,1,5,3,1,1,1
SF,IF2006,2020-02-19 14:01:36.900,4045.0000,23980,0,7015203060.000,0,-,-,-,-,4044.2000,4044.0000,4043.8000,4043.2000,4041.8000,4045.6000,4045.8000,4046.0000,4046.4000,4047.8000,3,1,1,1,1,3,4,3,1,1
SF,IF2006,2020-02-19 14:01:37.400,4045.0000,23980,0,7015203060.000,0,-,-,-,-,4044.4000,4044.2000,4044.0000,4043.2000,4041.8000,4045.4000,4045.6000,4045.8000,4046.0000,4046.4000,1,3,1,1,1,1,3,4,3,1
SF,IF2006,2020-02-19 14:01:37.900,4045.0000,23980,0,7015203060.000,0,-,-,-,-,4045.0000,4044.4000,4044.2000,4044.0000,4043.2000,4045.4000,4045.6000,4045.8000,4046.0000,4046.4000,3,1,3,1,1,1,3,3,3,1
SF,IF2006,2020-02-19 14:01:38.400,4045.0000,23979,-1,7018843560.000,3,1,2,空平,B,4043.2000,4041.8000,4041.2000,4041.0000,4040.4000,4045.4000,4045.6000,4045.8000,4046.0000,4046.4000,1,1,3,3,1,1,3,3,3,1
SF,IF2006,2020-02-19 14:01:38.900,4045.0000,23979,0,7018843560.000,0,-,-,-,-,4043.8000,4043.6000,4043.4000,4043.2000,4041.8000,4044.2000,4045.2000,4045.4000,4045.6000,4045.8000,1,1,3,1,1,1,3,1,1,1
SF,IF2006,2020-02-19 14:01:39.400,4044.2000,23980,1,7020056820.000,1,1,0,双开,B,4044.4000,4044.2000,4043.8000,4043.6000,4043.4000,4045.4000,4045.6000,4046.0000,4046.4000,4047.8000,1,1,1,1,2,1,1,2,1,1
SF,IF2006,2020-02-19 14:01:39.900,4045.2000,23981,1,7021270380.000,1,1,0,双开,B,4044.2000,4043.8000,4043.6000,4043.4000,4043.2000,4045.2000,4045.4000,4045.6000,4046.0000,4046.4000,1,1,1,2,1,2,1,1,2,1
SF,IF2006,2020-02-19 14:01:40.400,4045.2000,23981,0,7021270380.000,0,-,-,-,-,4044.2000,4043.8000,4043.4000,4043.2000,4041.8000,4045.2000,4046.0000,4046.4000,4047.8000,4048.6000,1,1,2,1,1,2,2,1,1,1
SF,IF2006,2020-02-19 14:01:40.900,4045.2000,23982,1,7022483940.000,1,1,0,双开,B,4044.4000,4044.2000,4043.8000,4043.4000,4043.2000,4045.2000,4046.0000,4046.4000,4047.8000,4048.6000,1,1,1,2,1,1,2,1,1,1
SF,IF2006,2020-02-19 14:01:41.400,4045.2000,23982,0,7022483940.000,0,-,-,-,-,4044.2000,4043.4000,4043.2000,4041.8000,4041.2000,4045.2000,4046.0000,4046.4000,4047.8000,4048.6000,1,2,1,1,3,1,2,1,1,1
SF,IF2006,2020-02-19 14:01:41.900,4045.2000,23982,0,7022483940.000,0,-,-,-,-,4044.4000,4044.2000,4043.4000,4043.2000,4041.8000,4045.2000,4046.0000,4046.4000,4047.8000,4048.6000,1,1,2,1,1,1,2,1,1,1
SF,IF2006,2020-02-19 14:01:42.400,4045.2000,23982,0,7022483940.000,0,-,-,-,-,4043.4000,4043.2000,4041.8000,4041.2000,4041.0000,4045.0000,4046.0000,4046.4000,4047.8000,4048.6000,2,1,1,3,3,1,2,1,1,1
SF,IF2006,2020-02-19 14:01:42.900,4045.2000,23982,0,7022483940.000,0,-,-,-,-,4043.8000,4043.4000,4043.2000,4041.8000,4041.2000,4046.0000,4046.4000,4047.8000,4048.6000,4049.0000,2,2,1,1,3,2,1,1,1,1
SF,IF2006,2020-02-19 14:01:43.400,4045.2000,23982,0,7022483940.000,0,-,-,-,-,4044.4000,4043.2000,4041.8000,4041.2000,4041.0000,4044.8000,4045.2000,4045.6000,4045.8000,4046.0000,1,1,1,3,3,1,2,2,7,6
SF,IF2006,2020-02-19 14:01:43.900,4044.4000,23983,1,7023697260.000,1,1,0,双开,B,4043.2000,4041.8000,4041.2000,4041.0000,4040.4000,4044.4000,4044.6000,4044.8000,4045.0000,4045.2000,1,1,3,3,1,1,2,1,1,1
SF,IF2006,2020-02-19 14:01:44.400,4044.4000,23983,0,7023697260.000,0,-,-,-,-,4043.4000,4043.2000,4041.8000,4041.2000,4041.0000,4044.4000,4044.6000,4044.8000,4045.0000,4045.2000,1,1,1,3,3,1,2,1,1,1
SF,IF2006,2020-02-19 14:01:44.900,4044.4000,23983,0,7024910580.000,1,0,1,空换,B,4043.4000,4043.2000,4041.8000,4041.2000,4041.0000,4044.6000,4044.8000,4045.0000,4045.2000,4045.4000,1,1,1,3,3,2,1,1,1,1
SF,IF2006,2020-02-19 14:01:45.400,4044.4000,23983,0,7024910580.000,0,-,-,-,-,4043.4000,4043.2000,4041.8000,4041.2000,4041.0000,4044.8000,4045.0000,4045.2000,4045.4000,4045.6000,1,1,1,3,3,1,1,1,1,2
SF,IF2006,2020-02-19 14:01:45.900,4044.4000,23983,0,7024910580.000,0,-,-,-,-,4043.6000,4043.4000,4043.2000,4041.8000,4041.2000,4045.0000,4045.2000,4045.4000,4045.6000,4045.8000,2,1,1,1,3,1,1,1,2,5
SF,IF2006,2020-02-19 14:01:46.400,4044.4000,23983,0,7024910580.000,0,-,-,-,-,4043.6000,4043.4000,4043.2000,4041.8000,4041.2000,4044.8000,4045.0000,4045.4000,4045.6000,4045.8000,2,1,1,1,3,3,1,1,2,5
SF,IF2006,2020-02-19 14:01:46.900,4044.4000,23983,0,7024910580.000,0,-,-,-,-,4043.6000,4043.4000,4043.2000,4041.8000,4041.2000,4044.8000,4045.0000,4045.4000,4045.6000,4045.8000,2,1,1,1,3,3,1,1,1,5
SF,IF2006,2020-02-19 14:01:47.400,4044.4000,23983,0,7024910580.000,0,-,-,-,-,4043.6000,4043.4000,4043.2000,4041.8000,4041.2000,4045.0000,4045.4000,4045.6000,4045.8000,4046.0000,2,2,1,1,3,1,1,1,4,4
SF,IF2006,2020-02-19 14:01:47.900,4044.4000,23983,0,7024910580.000,0,-,-,-,-,4043.8000,4043.6000,4043.4000,4043.2000,4041.8000,4045.0000,4045.6000,4045.8000,4046.0000,4046.4000,1,2,1,1,1,1,1,4,4,1
SF,IF2006,2020-02-19 14:01:48.400,4044.4000,23983,0,7024910580.000,0,-,-,-,-,4044.0000,4043.8000,4043.4000,4043.2000,4041.8000,4045.0000,4045.6000,4045.8000,4046.0000,4046.4000,2,1,1,1,1,1,1,4,4,1
SF,IF2006,2020-02-19 14:01:48.900,4044.4000,23983,0,7024910580.000,0,-,-,-,-,4044.0000,4043.8000,4043.4000,4043.2000,4041.8000,4045.0000,4045.6000,4045.8000,4046.0000,4046.4000,2,1,1,1,1,2,1,3,4,1
SF,IF2006,2020-02-19 14:01:49.400,4044.4000,23983,0,7024910580.000,0,-,-,-,-,4043.8000,4043.4000,4043.2000,4041.8000,4041.2000,4045.0000,4045.6000,4045.8000,4046.0000,4046.4000,1,1,1,1,3,2,1,3,2,1
SF,IF2006,2020-02-19 14:01:50.400,4045.0000,23985,2,7027337220.000,2,2,0,双开,B,4043.4000,4043.2000,4041.8000,4041.2000,4041.0000,4045.0000,4045.6000,4045.8000,4046.0000,4046.4000,1,1,1,3,2,1,1,3,2,1
SF,IF2006,2020-02-19 14:01:50.900,4045.0000,23985,0,7027337220.000,0,-,-,-,-,4043.4000,4043.2000,4041.8000,4041.2000,4041.0000,4044.8000,4045.0000,4045.6000,4045.8000,4046.0000,1,1,1,3,2,4,1,1,3,2
SF,IF2006,2020-02-19 14:01:51.400,4045.0000,23985,0,7027337220.000,0,-,-,-,-,4043.4000,4043.2000,4041.8000,4041.2000,4041.0000,4044.6000,4044.8000,4045.0000,4045.6000,4045.8000,1,1,1,3,2,1,3,1,1,3
SF,IF2006,2020-02-19 14:01:51.900,4045.0000,23985,0,7027337220.000,0,-,-,-,-,4043.4000,4043.2000,4041.8000,4041.2000,4041.0000,4044.6000,4044.8000,4045.0000,4045.6000,4045.8000,1,1,1,3,2,2,3,1,1,3
SF,IF2006,2020-02-19 14:01:52.400,4045.0000,23985,0,7027337220.000,0,-,-,-,-,4043.4000,4043.2000,4041.8000,4041.2000,4041.0000,4044.6000,4044.8000,4045.0000,4045.6000,4045.8000,1,1,1,3,2,2,2,1,1,3
SF,IF2006,2020-02-19 14:01:52.900,4045.0000,23985,0,7027337220.000,0,-,-,-,-,4043.4000,4043.2000,4041.8000,4041.2000,4041.0000,4044.6000,4044.8000,4045.0000,4045.6000,4045.8000,1,1,1,3,2,1,2,1,1,3
SF,IF2006,2020-02-19 14:01:53.400,4045.0000,23985,0,7027337220.000,0,-,-,-,-,4043.6000,4043.4000,4043.2000,4041.8000,4041.2000,4044.6000,4045.0000,4045.6000,4045.8000,4046.0000,2,1,1,1,3,1,1,1,3,2
SF,IF2006,2020-02-19 14:01:54.900,4045.0000,23985,0,7027337220.000,0,-,-,-,-,4043.6000,4043.4000,4043.2000,4041.8000,4041.2000,4045.0000,4045.6000,4045.8000,4046.0000,4046.4000,2,1,1,1,3,1,1,3,2,1
SF,IF2006,2020-02-19 14:01:56.400,4045.0000,23985,0,7027337220.000,0,-,-,-,-,4043.6000,4043.4000,4043.2000,4041.8000,4041.2000,4045.0000,4045.6000,4045.8000,4046.0000,4046.4000,2,1,1,1,3,2,1,3,2,1
SF,IF2006,2020-02-19 14:01:57.900,4045.0000,23985,0,7027337220.000,0,-,-,-,-,4043.6000,4043.4000,4043.2000,4041.8000,4041.2000,4044.8000,4045.0000,4045.6000,4045.8000,4046.0000,2,1,1,1,3,2,2,1,3,2
SF,IF2006,2020-02-19 14:01:58.400,4045.0000,23985,0,7027337220.000,0,-,-,-,-,4043.6000,4043.4000,4043.2000,4041.8000,4041.2000,4044.8000,4045.0000,4045.6000,4045.8000,4046.0000,2,1,1,1,3,1,2,1,3,2
SF,IF2006,2020-02-19 14:01:58.900,4045.0000,23985,0,7027337220.000,0,-,-,-,-,4043.4000,4043.2000,4041.8000,4041.2000,4041.0000,4044.6000,4044.8000,4045.0000,4045.6000,4045.8000,1,1,1,3,2,2,1,2,1,3
SF,IF2006,2020-02-19 14:01:59.900,4045.0000,23985,0,7027337220.000,0,-,-,-,-,4043.4000,4043.2000,4041.8000,4041.2000,4041.0000,4044.4000,4044.6000,4044.8000,4045.0000,4045.6000,1,1,1,3,2,1,2,1,2,1
SF,IF2006,2020-02-19 14:02:00.400,4045.0000,23985,0,7027337220.000,0,-,-,-,-,4043.6000,4043.4000,4043.2000,4041.8000,4041.2000,4044.4000,4044.6000,4044.8000,4045.0000,4045.6000,1,1,1,1,3,1,2,1,2,1
SF,IF2006,2020-02-19 14:02:01.400,4045.0000,23985,0,7027337220.000,0,-,-,-,-,4043.6000,4043.4000,4043.2000,4041.8000,4041.2000,4044.4000,4044.6000,4044.8000,4045.0000,4045.6000,1,1,1,1,3,1,2,1,2,1
SF,IF2006,2020-02-19 14:02:01.900,4045.0000,23985,0,7027337220.000,0,-,-,-,-,4043.6000,4043.4000,4043.2000,4041.2000,4041.0000,4044.4000,4044.6000,4044.8000,4045.0000,4045.6000,1,1,1,3,2,1,2,1,2,1
SF,IF2006,2020-02-19 14:02:04.400,4045.0000,23985,0,7027337220.000,0,-,-,-,-,4043.6000,4043.4000,4043.2000,4042.8000,4041.2000,4044.4000,4044.6000,4044.8000,4045.0000,4045.6000,1,1,1,1,3,1,2,1,2,1
SF,IF2006,2020-02-19 14:02:06.400,4045.0000,23985,0,7027337220.000,0,-,-,-,-,4043.6000,4043.4000,4043.2000,4042.8000,4041.2000,4044.4000,4044.6000,4045.0000,4045.6000,4045.8000,1,1,1,1,3,1,2,2,1,3
SF,IF2006,2020-02-19 14:02:06.900,4045.0000,23985,0,7027337220.000,0,-,-,-,-,4043.6000,4043.4000,4043.2000,4042.8000,4041.2000,4044.4000,4044.6000,4045.0000,4045.6000,4045.8000,1,1,1,1,3,1,2,2,1,3
SF,IF2006,2020-02-19 14:02:07.400,4045.0000,23985,0,7027337220.000,0,-,-,-,-,4043.8000,4043.6000,4043.4000,4043.2000,4042.8000,4044.4000,4044.6000,4045.0000,4045.6000,4045.8000,1,1,1,1,1,1,2,2,1,3
SF,IF2006,2020-02-19 14:02:07.900,4043.8000,23985,0,7028550360.000,1,0,1,空换,B,4043.6000,4043.4000,4043.2000,4042.8000,4041.2000,4044.4000,4044.6000,4045.0000,4045.6000,4045.8000,1,1,1,1,3,1,2,2,1,3
SF,IF2006,2020-02-19 14:02:09.900,4043.6000,23985,0,7029763440.000,1,0,1,空换,B,4043.8000,4043.4000,4043.2000,4042.8000,4041.2000,4044.4000,4044.6000,4045.0000,4045.6000,4045.8000,1,1,1,1,3,1,2,2,1,3
SF,IF2006,2020-02-19 14:02:10.400,4043.8000,23984,-1,7030976580.000,1,0,1,双平,B,4043.4000,4043.2000,4042.8000,4041.2000,4041.0000,4044.4000,4044.6000,4045.0000,4045.6000,4045.8000,1,1,1,3,2,1,2,2,1,3
SF,IF2006,2020-02-19 14:02:10.900,4043.4000,23984,0,7032189600.000,1,0,1,空换,B,4043.2000,4042.8000,4041.2000,4041.0000,4040.4000,4044.2000,4044.4000,4045.0000,4045.6000,4045.8000,1,1,3,2,1,2,1,2,1,3
SF,IF2006,2020-02-19 14:02:11.400,4043.4000,23984,0,7032189600.000,0,-,-,-,-,4043.2000,4042.8000,4041.2000,4041.0000,4040.4000,4044.2000,4044.4000,4045.0000,4045.6000,4045.8000,1,1,3,2,1,3,1,2,1,3
SF,IF2006,2020-02-19 14:02:11.900,4043.4000,23984,0,7032189600.000,0,-,-,-,-,4043.2000,4042.8000,4041.2000,4041.0000,4040.4000,4044.0000,4044.2000,4045.0000,4045.6000,4045.8000,1,1,3,2,1,2,3,1,1,3
SF,IF2006,2020-02-19 14:02:12.400,4043.4000,23984,0,7032189600.000,0,-,-,-,-,4043.2000,4042.8000,4041.2000,4041.0000,4040.4000,4044.0000,4044.2000,4045.0000,4045.6000,4045.8000,1,1,3,2,1,2,2,1,1,3
SF,IF2006,2020-02-19 14:02:12.900,4043.2000,23984,0,7033402560.000,1,0,1,空换,B,4042.8000,4041.2000,4041.0000,4040.4000,4040.2000,4044.0000,4044.2000,4045.0000,4045.6000,4045.8000,1,3,2,1,5,2,2,1,1,3
SF,IF2006,2020-02-19 14:02:13.900,4043.2000,23984,0,7033402560.000,0,-,-,-,-,4042.8000,4041.2000,4041.0000,4040.4000,4040.2000,4043.8000,4044.0000,4044.2000,4045.0000,4045.6000,1,3,2,1,5,1,1,2,1,1
SF,IF2006,2020-02-19 14:02:15.900,4043.2000,23984,0,7033402560.000,0,-,-,-,-,4042.8000,4041.2000,4041.0000,4040.4000,4040.2000,4043.8000,4044.2000,4045.0000,4045.6000,4045.8000,1,3,2,1,5,1,2,1,1,3
SF,IF2006,2020-02-19 14:02:17.400,4042.8000,23984,0,7034615400.000,1,0,1,空换,B,4041.2000,4041.0000,4040.4000,4040.2000,4040.0000,4043.8000,4044.2000,4045.0000,4045.6000,4045.8000,3,2,1,5,14,1,2,1,1,3
SF,IF2006,2020-02-19 14:02:17.900,4042.8000,23984,0,7034615400.000,0,-,-,-,-,4041.8000,4041.4000,4041.2000,4041.0000,4040.4000,4043.6000,4044.0000,4045.0000,4045.6000,4045.8000,2,3,3,2,1,3,2,1,1,3
SF,IF2006,2020-02-19 14:02:18.400,4042.8000,23984,0,7034615400.000,0,-,-,-,-,4041.8000,4041.4000,4041.2000,4041.0000,4040.4000,4043.2000,4043.6000,4044.0000,4045.0000,4045.6000,2,3,3,2,1,1,3,2,1,1
SF,IF2006,2020-02-19 14:02:18.900,4042.8000,23984,0,7034615400.000,0,-,-,-,-,4043.0000,4042.0000,4041.8000,4041.2000,4041.0000,4043.6000,4044.0000,4045.0000,4045.6000,4045.8000,1,2,2,3,2,3,2,1,1,3
SF,IF2006,2020-02-19 14:02:19.400,4043.0000,23983,-1,7035828300.000,1,0,1,双平,B,4042.0000,4041.8000,4041.2000,4041.0000,4040.4000,4043.4000,4043.6000,4044.0000,4045.0000,4045.6000,2,2,3,2,1,1,2,2,1,1
SF,IF2006,2020-02-19 14:02:21.400,4043.0000,23983,0,7035828300.000,0,-,-,-,-,4042.0000,4041.8000,4041.2000,4041.0000,4040.4000,4043.2000,4043.4000,4043.6000,4044.0000,4045.0000,2,2,3,2,1,1,1,2,2,1
SF,IF2006,2020-02-19 14:02:21.900,4042.0000,23984,1,7037040900.000,1,1,0,双开,B,4042.0000,4041.8000,4041.2000,4041.0000,4040.4000,4043.2000,4043.4000,4043.6000,4044.0000,4045.0000,1,2,3,2,1,2,1,2,2,1
SF,IF2006,2020-02-19 14:02:22.400,4042.0000,23984,0,7037040900.000,0,-,-,-,-,4041.8000,4041.2000,4041.0000,4040.4000,4040.2000,4043.0000,4043.2000,4043.4000,4044.0000,4045.0000,2,3,2,1,5,2,2,1,2,1
SF,IF2006,2020-02-19 14:02:23.400,4042.0000,23984,0,7037040900.000,0,-,-,-,-,4041.8000,4041.2000,4041.0000,4040.4000,4040.2000,4043.0000,4043.2000,4043.4000,4045.0000,4045.6000,2,3,2,1,5,2,2,1,1,1
SF,IF2006,2020-02-19 14:02:24.400,4042.0000,23984,0,7037040900.000,0,-,-,-,-,4041.2000,4041.0000,4040.4000,4040.2000,4040.0000,4042.8000,4043.0000,4043.2000,4045.0000,4045.6000,3,2,1,5,14,1,2,1,1,1
SF,IF2006,2020-02-19 14:02:24.900,4042.0000,23984,0,7037040900.000,0,-,-,-,-,4041.2000,4041.0000,4040.4000,4040.2000,4040.0000,4042.8000,4043.0000,4043.2000,4045.0000,4045.6000,3,2,1,5,14,1,2,1,1,1
SF,IF2006,2020-02-19 14:02:25.400,4042.0000,23984,0,7037040900.000,0,-,-,-,-,4041.2000,4041.0000,4040.6000,4040.4000,4040.2000,4042.6000,4042.8000,4043.2000,4045.0000,4045.6000,3,2,1,1,5,2,1,1,1,1
SF,IF2006,2020-02-19 14:02:25.900,4042.0000,23984,0,7037040900.000,0,-,-,-,-,4041.2000,4041.0000,4040.6000,4040.4000,4040.2000,4042.6000,4042.8000,4043.2000,4045.0000,4045.6000,3,2,1,1,5,3,1,1,1,1
SF,IF2006,2020-02-19 14:02:26.900,4042.0000,23984,0,7037040900.000,0,-,-,-,-,4041.2000,4041.0000,4040.6000,4040.4000,4040.2000,4042.2000,4042.6000,4043.2000,4045.0000,4045.6000,3,2,1,1,5,1,2,1,1,1
SF,IF2006,2020-02-19 14:02:27.400,4042.0000,23984,0,7037040900.000,0,-,-,-,-,4041.2000,4041.0000,4040.6000,4040.4000,4040.2000,4042.0000,4042.2000,4042.4000,4043.2000,4045.0000,3,2,1,1,5,2,1,1,1,1
SF,IF2006,2020-02-19 14:02:27.900,4042.0000,23984,0,7037040900.000,0,-,-,-,-,4041.2000,4041.0000,4040.6000,4040.4000,4040.2000,4041.6000,4042.0000,4042.2000,4043.2000,4045.0000,3,2,1,1,5,1,2,1,1,1
SF,IF2006,2020-02-19 14:02:28.400,4041.2000,23984,0,7038253260.000,1,0,1,空换,B,4041.2000,4041.0000,4040.6000,4040.4000,4040.2000,4041.6000,4042.0000,4042.2000,4043.2000,4045.0000,2,2,1,1,5,1,2,1,1,1
SF,IF2006,2020-02-19 14:02:28.900,4041.2000,23984,0,7040678100.000,2,1,1,空换,B,4041.2000,4041.0000,4040.6000,4040.4000,4040.2000,4042.0000,4043.2000,4045.0000,4045.6000,4045.8000,1,2,1,1,5,2,1,1,1,3
SF,IF2006,2020-02-19 14:02:29.900,4042.0000,23986,2,7043103300.000,2,2,0,双开,B,4042.0000,4041.2000,4041.0000,4040.6000,4040.4000,4043.2000,4045.0000,4045.6000,4045.8000,4046.0000,1,1,2,1,1,1,1,1,3,2
SF,IF2006,2020-02-19 14:02:30.400,4042.0000,23986,0,7043103300.000,0,-,-,-,-,4041.2000,4041.0000,4040.6000,4040.4000,4040.2000,4042.0000,4042.8000,4043.0000,4043.2000,4045.0000,1,2,1,1,5,1,1,2,4,1
SF,IF2006,2020-02-19 14:02:30.900,4042.0000,23986,0,7043103300.000,0,-,-,-,-,4041.4000,4041.2000,4041.0000,4040.6000,4040.4000,4042.8000,4043.0000,4043.2000,4045.0000,4045.8000,2,1,2,1,1,1,1,3,1,3
SF,IF2006,2020-02-19 14:02:31.400,4042.0000,23986,0,7043103300.000,0,-,-,-,-,4041.2000,4041.0000,4040.6000,4040.4000,4040.2000,4042.6000,4042.8000,4043.0000,4043.2000,4045.0000,1,2,1,1,5,2,1,1,3,1
SF,IF2006,2020-02-19 14:02:31.900,4041.2000,23985,-1,7044315660.000,1,0,1,双平,B,4041.0000,4040.6000,4040.4000,4040.2000,4040.0000,4042.0000,4042.4000,4042.6000,4043.0000,4043.2000,2,1,1,5,14,1,2,5,1,3
SF,IF2006,2020-02-19 14:02:32.400,4042.0000,23984,-1,7045528260.000,1,0,1,双平,B,4041.0000,4040.6000,4040.4000,4040.2000,4040.0000,4042.4000,4042.6000,4043.2000,4045.0000,4045.8000,3,1,1,5,14,2,2,3,1,3
SF,IF2006,2020-02-19 14:02:32.900,4042.0000,23984,0,7045528260.000,0,-,-,-,-,4041.0000,4040.6000,4040.4000,4040.2000,4040.0000,4042.4000,4042.6000,4043.2000,4045.0000,4045.8000,3,1,1,5,14,1,2,3,1,3
SF,IF2006,2020-02-19 14:02:33.400,4042.0000,23984,0,7045528260.000,0,-,-,-,-,4041.2000,4041.0000,4040.6000,4040.4000,4040.2000,4042.0000,4042.2000,4042.4000,4042.6000,4043.2000,2,3,1,1,5,1,1,2,2,3
SF,IF2006,2020-02-19 14:02:33.900,4042.0000,23984,0,7045528260.000,0,-,-,-,-,4041.2000,4041.0000,4040.6000,4040.4000,4040.2000,4042.0000,4042.2000,4042.4000,4042.6000,4043.2000,3,3,1,1,5,1,1,1,2,3
SF,IF2006,2020-02-19 14:02:34.400,4042.0000,23984,0,7045528260.000,0,-,-,-,-,4041.2000,4041.0000,4040.6000,4040.4000,4040.2000,4042.2000,4042.4000,4042.6000,4043.2000,4045.0000,3,3,1,1,5,1,1,2,3,1
SF,IF2006,2020-02-19 14:02:35.400,4042.0000,23984,0,7045528260.000,0,-,-,-,-,4041.2000,4041.0000,4040.6000,4040.4000,4040.2000,4042.2000,4042.4000,4042.6000,4043.2000,4045.0000,2,3,1,1,5,1,1,2,3,1
SF,IF2006,2020-02-19 14:02:37.400,4042.0000,23984,0,7045528260.000,0,-,-,-,-,4041.2000,4041.0000,4040.6000,4040.4000,4040.2000,4042.2000,4042.4000,4042.6000,4043.0000,4043.2000,2,3,1,1,5,1,1,2,1,3
SF,IF2006,2020-02-19 14:02:38.400,4042.0000,23984,0,7045528260.000,0,-,-,-,-,4041.2000,4041.0000,4040.6000,4040.4000,4040.2000,4042.2000,4042.4000,4042.6000,4043.0000,4043.2000,2,3,1,1,5,3,1,2,1,3
SF,IF2006,2020-02-19 14:02:39.400,4042.0000,23984,0,7045528260.000,0,-,-,-,-,4041.2000,4041.0000,4040.6000,4040.4000,4040.2000,4041.6000,4042.0000,4042.2000,4042.4000,4042.6000,2,3,1,1,5,1,1,3,1,2
SF,IF2006,2020-02-19 14:02:39.900,4042.0000,23984,0,7045528260.000,0,-,-,-,-,4041.0000,4040.6000,4040.4000,4040.2000,4040.0000,4041.6000,4042.0000,4042.2000,4042.6000,4043.0000,3,1,1,5,14,1,1,3,2,1
SF,IF2006,2020-02-19 14:02:40.400,4042.0000,23984,0,7045528260.000,0,-,-,-,-,4041.0000,4040.6000,4040.4000,4040.2000,4040.0000,4041.6000,4042.0000,4042.2000,4042.6000,4043.0000,4,1,1,5,14,1,1,3,2,1
SF,IF2006,2020-02-19 14:02:40.900,4042.0000,23984,0,7045528260.000,0,-,-,-,-,4041.0000,4040.6000,4040.4000,4040.2000,4040.0000,4041.6000,4042.2000,4042.6000,4043.0000,4043.2000,4,1,1,5,14,1,2,2,1,3
SF,IF2006,2020-02-19 14:02:41.400,4042.0000,23984,0,7045528260.000,0,-,-,-,-,4041.0000,4040.6000,4040.4000,4040.2000,4040.0000,4042.2000,4042.6000,4043.0000,4043.2000,4045.0000,4,1,1,5,14,2,2,1,3,1
SF,IF2006,2020-02-19 14:02:41.900,4041.0000,23984,0,7046740560.000,1,0,1,空换,B,4041.0000,4040.6000,4040.4000,4040.2000,4040.0000,4041.8000,4042.0000,4042.2000,4042.6000,4043.0000,3,1,1,5,14,2,2,3,2,1
SF,IF2006,2020-02-19 14:02:42.400,4041.0000,23985,1,7050377460.000,3,2,1,多开,B,4040.6000,4040.4000,4040.2000,4040.0000,4038.8000,4041.8000,4042.0000,4042.2000,4042.6000,4043.0000,1,1,5,14,1,3,4,2,2,1
SF,IF2006,2020-02-19 14:02:42.900,4041.0000,23985,0,7050377460.000,0,-,-,-,-,4040.6000,4040.4000,4040.2000,4040.0000,4038.8000,4041.0000,4041.6000,4041.8000,4042.0000,4042.2000,1,1,5,14,1,1,1,3,4,1
SF,IF2006,2020-02-19 14:02:43.400,4041.0000,23985,0,7050377460.000,0,-,-,-,-,4040.6000,4040.4000,4040.2000,4040.0000,4038.8000,4041.0000,4041.4000,4041.8000,4042.0000,4042.2000,1,1,5,14,1,1,1,1,3,1
SF,IF2006,2020-02-19 14:02:43.900,4040.6000,23986,1,7051589640.000,1,1,0,双开,B,4040.4000,4040.2000,4040.0000,4038.8000,4038.0000,4040.6000,4041.0000,4041.4000,4041.8000,4042.0000,1,5,14,1,1,2,4,1,1,3
SF,IF2006,2020-02-19 14:02:44.400,4040.2000,23988,2,7055225940.000,3,2,1,多开,B,4040.2000,4040.0000,4038.8000,4038.0000,4037.0000,4040.6000,4041.0000,4041.4000,4041.8000,4042.0000,4,14,1,1,4,1,4,1,1,3
SF,IF2006,2020-02-19 14:02:44.900,4040.2000,23990,2,7058862120.000,3,2,1,多开,B,4040.2000,4040.0000,4038.8000,4038.0000,4037.0000,4040.6000,4041.0000,4041.4000,4041.8000,4042.0000,1,14,1,1,4,1,4,1,1,3
SF,IF2006,2020-02-19 14:02:45.400,4040.0000,23991,1,7061286180.000,2,1,1,多开,B,4040.0000,4038.8000,4038.0000,4037.0000,4036.0000,4040.2000,4040.4000,4040.6000,4041.0000,4041.8000,13,1,1,4,3,5,3,1,4,1
SF,IF2006,2020-02-19 14:02:45.900,4040.0000,23998,7,7077042180.000,13,10,3,多开,B,4038.8000,4038.0000,4037.0000,4036.0000,4035.8000,4039.4000,4040.0000,4040.2000,4040.4000,4040.6000,1,1,4,3,1,1,12,2,3,1
SF,IF2006,2020-02-19 14:02:46.400,4040.0000,23998,0,7077042180.000,0,-,-,-,-,4039.0000,4038.8000,4038.0000,4037.0000,4036.0000,4040.0000,4040.2000,4040.4000,4040.6000,4041.0000,1,1,1,4,3,3,1,1,1,3
SF,IF2006,2020-02-19 14:02:46.900,4040.0000,23998,0,7077042180.000,0,-,-,-,-,4038.8000,4038.0000,4037.0000,4036.0000,4035.8000,4039.8000,4040.0000,4040.2000,4040.6000,4041.0000,1,1,4,3,1,2,5,1,1,3
SF,IF2006,2020-02-19 14:02:47.400,4038.8000,23998,0,7078253820.000,1,0,1,空换,B,4038.0000,4037.0000,4036.0000,4035.8000,4035.6000,4039.4000,4039.6000,4039.8000,4040.0000,4040.2000,1,4,3,1,1,1,1,3,4,1
SF,IF2006,2020-02-19 14:02:47.900,4039.0000,23999,1,7079465520.000,1,1,0,双开,B,4038.2000,4038.0000,4037.0000,4036.0000,4035.8000,4039.2000,4039.4000,4039.8000,4040.0000,4040.2000,2,1,4,3,1,2,1,3,4,1
SF,IF2006,2020-02-19 14:02:48.400,4038.2000,24000,1,7080676980.000,1,1,0,双开,B,4038.2000,4038.0000,4037.0000,4036.0000,4035.8000,4039.0000,4039.2000,4039.4000,4039.8000,4040.0000,1,1,4,3,1,1,2,1,2,3
SF,IF2006,2020-02-19 14:02:48.900,4039.0000,24000,0,7081888680.000,1,0,1,空换,B,4038.0000,4037.0000,4036.0000,4035.8000,4035.6000,4038.2000,4039.2000,4039.4000,4039.8000,4040.0000,1,4,3,1,1,1,1,1,2,3
SF,IF2006,2020-02-19 14:02:49.400,4038.2000,24002,2,7085523060.000,3,2,1,多开,B,4038.2000,4038.0000,4037.0000,4036.0000,4035.8000,4039.2000,4039.4000,4039.8000,4040.0000,4040.2000,1,1,4,3,1,1,1,2,3,1
SF,IF2006,2020-02-19 14:02:49.900,4038.2000,24002,0,7085523060.000,0,-,-,-,-,4038.2000,4038.0000,4037.0000,4036.0000,4035.8000,4039.2000,4039.4000,4039.8000,4040.0000,4040.2000,1,1,4,3,1,1,1,2,2,1
SF,IF2006,2020-02-19 14:02:50.400,4038.2000,24002,0,7085523060.000,0,-,-,-,-,4038.0000,4037.0000,4036.0000,4035.8000,4035.6000,4038.2000,4039.2000,4039.4000,4039.8000,4040.0000,1,4,3,1,1,1,2,1,2,2
SF,IF2006,2020-02-19 14:02:50.900,4038.0000,24004,2,7087945920.000,2,2,0,双开,B,4037.0000,4036.0000,4035.8000,4035.6000,4035.2000,4039.2000,4039.4000,4039.8000,4040.0000,4040.2000,4,3,1,1,2,2,1,2,2,1
SF,IF2006,2020-02-19 14:02:51.400,4038.0000,24004,0,7087945920.000,0,-,-,-,-,4037.4000,4037.2000,4037.0000,4036.0000,4035.8000,4039.0000,4039.2000,4039.4000,4040.0000,4040.2000,2,2,4,3,1,3,3,1,2,1
SF,IF2006,2020-02-19 14:02:51.900,4038.0000,24004,0,7087945920.000,0,-,-,-,-,4037.4000,4037.0000,4036.0000,4035.8000,4035.6000,4039.0000,4039.2000,4039.4000,4040.0000,4040.2000,2,4,3,1,1,3,3,1,2,1
SF,IF2006,2020-02-19 14:02:52.400,4038.0000,24004,0,7087945920.000,0,-,-,-,-,4038.2000,4037.4000,4037.0000,4036.0000,4035.8000,4038.8000,4039.0000,4039.2000,4039.4000,4040.0000,1,2,4,3,1,1,3,2,1,2
SF,IF2006,2020-02-19 14:02:52.900,4038.0000,24005,1,7089157320.000,1,1,0,双开,B,4037.4000,4037.0000,4036.0000,4035.8000,4035.6000,4038.2000,4038.8000,4039.0000,4039.2000,4039.4000,2,4,3,1,1,1,2,2,2,1
SF,IF2006,2020-02-19 14:02:53.900,4038.0000,24005,0,7089157320.000,0,-,-,-,-,4037.4000,4037.0000,4036.0000,4035.8000,4035.6000,4038.0000,4038.2000,4038.8000,4039.0000,4039.2000,1,4,3,1,1,1,1,2,2,2
SF,IF2006,2020-02-19 14:02:54.400,4038.0000,24005,0,7089157320.000,0,-,-,-,-,4037.4000,4037.0000,4036.0000,4035.8000,4035.6000,4038.2000,4038.8000,4039.0000,4039.2000,4039.4000,1,4,3,1,1,1,2,2,2,1
SF,IF2006,2020-02-19 14:02:54.900,4038.0000,24005,0,7089157320.000,0,-,-,-,-,4037.0000,4036.0000,4035.8000,4035.6000,4035.2000,4037.4000,4038.0000,4038.2000,4038.8000,4039.0000,4,3,1,1,2,1,1,1,2,2
SF,IF2006,2020-02-19 14:02:55.400,4037.4000,24005,0,7090368540.000,1,0,1,空换,B,4037.6000,4037.4000,4037.2000,4037.0000,4036.0000,4038.2000,4038.8000,4039.0000,4039.2000,4039.4000,1,1,1,4,3,1,2,2,2,1
SF,IF2006,2020-02-19 14:02:55.900,4037.4000,24006,1,7091579760.000,1,1,0,双开,B,4037.0000,4036.0000,4035.8000,4035.6000,4035.2000,4038.0000,4038.2000,4038.8000,4039.0000,4039.2000,4,3,1,1,2,1,1,2,2,2
SF,IF2006,2020-02-19 14:02:56.400,4037.4000,24006,0,7091579760.000,0,-,-,-,-,4037.4000,4037.0000,4036.0000,4035.8000,4035.6000,4038.2000,4038.8000,4039.0000,4039.2000,4039.4000,2,4,3,1,1,1,2,2,2,1
SF,IF2006,2020-02-19 14:02:56.900,4037.4000,24006,0,7094002200.000,2,1,1,空换,B,4037.0000,4036.0000,4035.8000,4035.6000,4035.2000,4038.2000,4038.8000,4039.0000,4039.2000,4039.4000,4,3,1,1,2,1,2,2,2,1
SF,IF2006,2020-02-19 14:02:57.400,4037.4000,24006,0,7094002200.000,0,-,-,-,-,4037.2000,4037.0000,4036.0000,4035.8000,4035.6000,4038.2000,4038.8000,4039.0000,4039.2000,4039.4000,2,4,3,1,1,1,2,2,2,1
SF,IF2006,2020-02-19 14:02:57.900,4037.4000,24006,0,7096424880.000,2,1,1,空换,B,4037.4000,4037.2000,4037.0000,4036.0000,4035.8000,4038.8000,4039.2000,4039.4000,4040.0000,4041.0000,1,2,4,3,1,2,1,1,2,1
SF,IF2006,2020-02-19 14:02:58.400,4037.4000,24006,0,7096424880.000,0,-,-,-,-,4037.2000,4037.0000,4036.0000,4035.8000,4035.6000,4038.6000,4038.8000,4039.2000,4039.4000,4040.0000,2,4,3,1,1,2,2,1,1,2
SF,IF2006,2020-02-19 14:02:58.900,4037.4000,24006,0,7096424880.000,0,-,-,-,-,4037.6000,4037.2000,4037.0000,4036.0000,4035.8000,4038.8000,4039.4000,4040.0000,4041.0000,4042.0000,1,2,4,3,1,1,1,2,1,1
SF,IF2006,2020-02-19 14:02:59.400,4037.4000,24006,0,7096424880.000,0,-,-,-,-,4037.6000,4037.2000,4037.0000,4036.0000,4035.8000,4038.6000,4038.8000,4039.4000,4041.0000,4042.0000,1,2,4,3,1,1,1,1,1,1
SF,IF2006,2020-02-19 14:02:59.900,4037.4000,24006,0,7096424880.000,0,-,-,-,-,4037.6000,4037.0000,4036.0000,4035.8000,4035.6000,4038.6000,4038.8000,4039.4000,4041.0000,4042.0000,1,4,3,1,1,1,1,1,1,1
SF,IF2006,2020-02-19 14:03:00.400,4037.4000,24006,0,7096424880.000,0,-,-,-,-,4037.0000,4036.0000,4035.8000,4035.6000,4035.2000,4038.6000,4038.8000,4039.4000,4041.0000,4042.0000,4,3,1,1,2,1,1,1,1,1
SF,IF2006,2020-02-19 14:03:00.900,4037.4000,24006,0,7097636100.000,1,0,1,空换,B,4037.2000,4037.0000,4036.0000,4035.8000,4035.6000,4038.0000,4038.8000,4039.4000,4041.0000,4042.0000,2,4,3,1,1,1,1,1,1,1
SF,IF2006,2020-02-19 14:03:01.400,4037.4000,24006,0,7097636100.000,0,-,-,-,-,4037.2000,4037.0000,4036.0000,4035.8000,4035.6000,4038.0000,4038.4000,4038.8000,4039.4000,4041.0000,2,4,3,1,1,1,1,1,1,1
SF,IF2006,2020-02-19 14:03:01.900,4037.4000,24006,0,7097636100.000,0,-,-,-,-,4037.0000,4036.0000,4035.8000,4035.6000,4035.2000,4038.0000,4038.4000,4038.8000,4039.4000,4041.0000,4,3,1,1,2,1,1,1,1,1
SF,IF2006,2020-02-19 14:03:02.400,4037.4000,24006,0,7097636100.000,0,-,-,-,-,4037.0000,4036.0000,4035.8000,4035.6000,4035.2000,4038.0000,4038.4000,4038.8000,4039.4000,4041.0000,4,3,1,1,2,1,1,1,1,1
SF,IF2006,2020-02-19 14:03:03.900,4037.4000,24006,0,7097636100.000,0,-,-,-,-,4037.0000,4036.0000,4035.8000,4035.6000,4035.2000,4038.0000,4038.4000,4038.8000,4039.4000,4041.0000,4,3,1,1,2,1,1,1,1,2
SF,IF2006,2020-02-19 14:03:05.400,4038.0000,24006,0,7098847500.000,1,0,1,空换,B,4038.0000,4037.0000,4036.0000,4035.8000,4035.6000,4038.4000,4038.8000,4039.4000,4041.0000,4042.0000,1,4,3,1,1,1,1,1,2,1
SF,IF2006,2020-02-19 14:03:05.900,4038.0000,24006,0,7098847500.000,0,-,-,-,-,4038.0000,4037.0000,4036.0000,4035.8000,4035.6000,4038.8000,4039.4000,4041.0000,4042.0000,4043.2000,1,4,3,1,1,1,1,2,1,1
SF,IF2006,2020-02-19 14:03:06.400,4038.8000,24007,1,7100059140.000,1,1,0,双开,B,4038.0000,4037.0000,4036.0000,4035.8000,4035.6000,4039.4000,4041.0000,4042.0000,4043.2000,4045.0000,1,4,3,1,1,1,2,1,1,6
SF,IF2006,2020-02-19 14:03:06.900,4039.0000,24008,1,7101270840.000,1,1,0,双开,B,4038.2000,4038.0000,4037.0000,4036.0000,4035.8000,4039.4000,4041.0000,4042.0000,4043.2000,4045.0000,2,1,4,3,1,1,2,1,1,6
SF,IF2006,2020-02-19 14:03:07.400,4039.0000,24008,0,7101270840.000,0,-,-,-,-,4038.4000,4038.2000,4038.0000,4037.0000,4036.0000,4039.4000,4041.0000,4042.0000,4043.2000,4045.0000,1,2,1,4,3,1,2,1,1,6
SF,IF2006,2020-02-19 14:03:07.900,4039.0000,24008,0,7101270840.000,0,-,-,-,-,4038.4000,4038.2000,4038.0000,4037.0000,4036.0000,4039.4000,4041.0000,4042.0000,4043.2000,4045.0000,1,2,1,4,3,1,2,1,1,6
SF,IF2006,2020-02-19 14:03:08.400,4039.0000,24008,0,7101270840.000,0,-,-,-,-,4038.6000,4038.4000,4038.0000,4037.0000,4036.0000,4039.4000,4041.0000,4042.0000,4043.2000,4045.0000,2,1,1,4,3,1,2,1,1,6
SF,IF2006,2020-02-19 14:03:08.900,4039.0000,24008,0,7101270840.000,0,-,-,-,-,4038.8000,4038.6000,4038.0000,4037.0000,4036.0000,4041.0000,4042.0000,4043.2000,4045.0000,4045.8000,1,2,1,5,3,2,1,1,6,1
SF,IF2006,2020-02-19 14:03:09.400,4039.0000,24008,0,7101270840.000,0,-,-,-,-,4039.0000,4038.8000,4038.0000,4037.0000,4036.0000,4040.4000,4040.6000,4040.8000,4041.0000,4042.0000,2,1,1,5,3,1,1,3,4,1
SF,IF2006,2020-02-19 14:03:09.900,4039.0000,24008,0,7102482540.000,1,0,1,空换,B,4039.0000,4038.8000,4038.0000,4037.0000,4036.0000,4040.4000,4040.6000,4040.8000,4041.0000,4042.0000,1,1,1,5,3,2,1,3,4,1
SF,IF2006,2020-02-19 14:03:10.400,4039.0000,24008,0,7102482540.000,0,-,-,-,-,4038.8000,4038.0000,4037.0000,4036.0000,4035.8000,4040.2000,4040.4000,4040.6000,4040.8000,4041.0000,1,1,5,3,1,2,1,1,1,4
SF,IF2006,2020-02-19 14:03:10.900,4039.0000,24008,0,7102482540.000,0,-,-,-,-,4038.8000,4038.0000,4037.0000,4036.0000,4035.8000,4040.2000,4040.4000,4040.6000,4040.8000,4041.0000,1,1,5,3,1,2,3,1,1,4
SF,IF2006,2020-02-19 14:03:11.900,4039.0000,24008,0,7102482540.000,0,-,-,-,-,4038.8000,4038.0000,4037.0000,4036.0000,4035.8000,4040.2000,4040.4000,4040.6000,4040.8000,4041.0000,1,1,5,3,1,2,2,1,1,4
SF,IF2006,2020-02-19 14:03:12.400,4039.0000,24008,0,7102482540.000,0,-,-,-,-,4039.2000,4039.0000,4038.0000,4037.0000,4036.0000,4040.2000,4040.4000,4040.6000,4040.8000,4041.0000,1,1,1,5,3,2,1,1,1,4
SF,IF2006,2020-02-19 14:03:12.900,4040.4000,24009,1,7103694660.000,1,1,0,双开,B,4039.4000,4039.2000,4039.0000,4038.0000,4037.0000,4040.6000,4040.8000,4041.0000,4042.0000,4043.2000,2,1,1,1,5,1,1,4,1,1
SF,IF2006,2020-02-19 14:03:13.400,4040.4000,24009,0,7103694660.000,0,-,-,-,-,4039.4000,4039.2000,4039.0000,4038.0000,4037.0000,4040.6000,4041.0000,4042.0000,4043.2000,4045.0000,2,1,1,1,5,1,3,1,1,1
SF,IF2006,2020-02-19 14:03:13.900,4040.4000,24009,0,7103694660.000,0,-,-,-,-,4039.6000,4039.4000,4038.0000,4037.0000,4036.0000,4041.0000,4042.0000,4043.2000,4045.0000,4045.8000,1,2,1,5,3,3,1,1,1,1
SF,IF2006,2020-02-19 14:03:14.400,4040.4000,24009,0,7103694660.000,0,-,-,-,-,4039.6000,4039.4000,4038.0000,4037.0000,4036.0000,4041.0000,4042.0000,4043.2000,4045.0000,4045.8000,1,2,1,5,3,4,1,1,1,1
SF,IF2006,2020-02-19 14:03:14.900,4040.4000,24009,0,7103694660.000,0,-,-,-,-,4039.8000,4039.6000,4038.0000,4037.0000,4036.0000,4041.0000,4042.0000,4043.2000,4045.0000,4045.8000,2,1,1,5,3,2,1,1,1,1
SF,IF2006,2020-02-19 14:03:15.400,4040.4000,24009,0,7103694660.000,0,-,-,-,-,4039.8000,4039.6000,4038.0000,4037.0000,4036.0000,4041.0000,4042.0000,4043.2000,4045.0000,4045.8000,2,1,1,5,3,5,1,1,1,1
SF,IF2006,2020-02-19 14:03:15.900,4040.8000,24008,-1,7104906900.000,1,0,1,双平,B,4039.8000,4039.6000,4038.0000,4037.0000,4036.0000,4041.0000,4042.0000,4043.2000,4045.0000,4045.8000,2,1,1,5,3,4,1,1,1,1
SF,IF2006,2020-02-19 14:03:16.400,4040.8000,24008,0,7104906900.000,0,-,-,-,-,4039.6000,4038.0000,4037.0000,4036.0000,4035.8000,4041.0000,4042.0000,4043.2000,4045.0000,4045.8000,1,1,5,3,1,4,1,1,1,1
SF,IF2006,2020-02-19 14:03:16.900,4040.8000,24008,0,7104906900.000,0,-,-,-,-,4039.6000,4038.0000,4037.0000,4036.0000,4035.8000,4040.8000,4041.0000,4042.0000,4043.2000,4045.0000,1,1,5,3,1,2,2,1,1,1
SF,IF2006,2020-02-19 14:03:17.400,4040.8000,24008,0,7104906900.000,0,-,-,-,-,4039.6000,4038.0000,4037.0000,4036.0000,4035.8000,4040.8000,4041.0000,4042.0000,4043.2000,4045.0000,1,1,5,3,1,2,4,1,1,1
SF,IF2006,2020-02-19 14:03:17.900,4040.8000,24008,0,7104906900.000,0,-,-,-,-,4039.6000,4038.0000,4037.0000,4036.0000,4035.8000,4040.6000,4040.8000,4041.0000,4042.0000,4043.2000,1,1,5,3,1,1,2,4,1,1
SF,IF2006,2020-02-19 14:03:18.400,4040.8000,24008,0,7104906900.000,0,-,-,-,-,4038.0000,4037.0000,4036.0000,4035.8000,4035.6000,4040.6000,4040.8000,4041.0000,4042.0000,4043.2000,1,5,3,1,1,1,2,4,1,1
SF,IF2006,2020-02-19 14:03:18.900,4040.8000,24008,0,7104906900.000,0,-,-,-,-,4038.8000,4038.6000,4038.4000,4038.2000,4038.0000,4040.4000,4040.6000,4041.0000,4042.0000,4043.2000,2,5,1,3,3,2,1,4,1,1
SF,IF2006,2020-02-19 14:03:19.400,4040.8000,24008,0,7104906900.000,0,-,-,-,-,4039.2000,4039.0000,4038.8000,4038.6000,4038.4000,4040.4000,4040.6000,4041.0000,4042.0000,4043.2000,1,2,1,1,1,2,1,2,1,1
SF,IF2006,2020-02-19 14:03:19.900,4040.8000,24008,0,7104906900.000,0,-,-,-,-,4039.2000,4039.0000,4038.8000,4038.6000,4038.4000,4040.4000,4041.0000,4042.0000,4043.2000,4045.0000,1,2,1,1,1,1,2,1,1,1
SF,IF2006,2020-02-19 14:03:20.400,4040.8000,24008,0,7104906900.000,0,-,-,-,-,4039.2000,4039.0000,4038.8000,4038.4000,4038.2000,4040.4000,4041.0000,4042.0000,4043.2000,4045.0000,1,2,1,1,1,1,2,1,1,1
SF,IF2006,2020-02-19 14:03:20.900,4040.8000,24008,0,7104906900.000,0,-,-,-,-,4039.2000,4038.8000,4038.4000,4038.2000,4038.0000,4040.2000,4040.4000,4041.0000,4042.0000,4043.2000,1,1,1,1,3,2,1,2,1,1
SF,IF2006,2020-02-19 14:03:21.400,4040.8000,24008,0,7104906900.000,0,-,-,-,-,4039.2000,4038.4000,4038.2000,4038.0000,4037.0000,4040.2000,4040.4000,4041.0000,4042.0000,4043.2000,1,1,1,3,5,3,1,2,1,1
SF,IF2006,2020-02-19 14:03:21.900,4040.6000,24007,-1,7106119080.000,1,0,1,双平,B,4039.2000,4038.4000,4038.2000,4038.0000,4037.0000,4040.4000,4041.0000,4042.0000,4043.2000,4045.0000,1,1,1,3,5,1,2,1,1,1
SF,IF2006,2020-02-19 14:03:22.400,4040.6000,24007,0,7106119080.000,0,-,-,-,-,4039.2000,4038.4000,4038.2000,4038.0000,4037.0000,4040.4000,4041.0000,4042.0000,4043.2000,4045.0000,1,1,1,3,5,1,2,1,1,1
SF,IF2006,2020-02-19 14:03:22.900,4040.6000,24007,0,7106119080.000,0,-,-,-,-,4039.4000,4039.2000,4038.4000,4038.2000,4038.0000,4041.0000,4042.0000,4043.2000,4045.0000,4045.8000,2,1,1,1,3,2,1,1,1,1
SF,IF2006,2020-02-19 14:03:23.900,4040.6000,24007,0,7106119080.000,0,-,-,-,-,4039.6000,4039.4000,4038.4000,4038.2000,4038.0000,4041.0000,4042.0000,4043.2000,4045.0000,4045.8000,3,2,1,1,3,2,1,1,1,1
SF,IF2006,2020-02-19 14:03:24.400,4040.6000,24007,0,7106119080.000,0,-,-,-,-,4040.0000,4039.8000,4039.6000,4038.4000,4038.2000,4041.0000,4042.0000,4043.2000,4045.0000,4045.8000,1,2,2,1,1,2,1,1,1,1
SF,IF2006,2020-02-19 14:03:25.400,4040.6000,24007,0,7106119080.000,0,-,-,-,-,4040.0000,4039.8000,4039.6000,4038.4000,4038.2000,4041.0000,4042.0000,4043.2000,4045.0000,4045.8000,1,2,1,1,1,2,1,1,1,1
SF,IF2006,2020-02-19 14:03:25.900,4040.6000,24007,0,7106119080.000,0,-,-,-,-,4040.0000,4039.6000,4038.4000,4038.2000,4038.0000,4041.0000,4042.0000,4043.2000,4045.0000,4045.8000,1,1,1,1,3,2,1,1,1,1
SF,IF2006,2020-02-19 14:03:26.400,4040.6000,24007,0,7106119080.000,0,-,-,-,-,4040.0000,4039.6000,4038.4000,4038.2000,4038.0000,4040.8000,4041.0000,4042.0000,4043.2000,4045.0000,1,1,1,1,3,1,2,1,1,1
SF,IF2006,2020-02-19 14:03:26.900,4040.6000,24007,0,7106119080.000,0,-,-,-,-,4040.4000,4040.0000,4039.6000,4038.4000,4038.2000,4040.8000,4041.0000,4042.0000,4043.2000,4045.0000,1,1,1,1,1,1,1,1,1,1
SF,IF2006,2020-02-19 14:03:27.900,4040.6000,24007,0,7106119080.000,0,-,-,-,-,4040.4000,4040.0000,4039.6000,4038.4000,4038.2000,4040.6000,4040.8000,4041.0000,4042.0000,4043.2000,1,1,1,1,1,1,1,1,1,1
SF,IF2006,2020-02-19 14:03:28.900,4040.6000,24007,0,7107331260.000,1,0,1,空换,B,4040.4000,4040.0000,4039.6000,4038.4000,4038.2000,4040.8000,4041.0000,4042.0000,4043.2000,4045.0000,1,1,1,1,1,1,1,1,1,1
SF,IF2006,2020-02-19 14:03:29.900,4040.4000,24008,1,7108543380.000,1,1,0,双开,B,4040.0000,4039.6000,4038.4000,4038.2000,4038.0000,4040.8000,4041.0000,4042.0000,4043.2000,4045.0000,1,1,1,1,3,1,3,1,1,1
SF,IF2006,2020-02-19 14:03:30.400,4040.4000,24008,0,7108543380.000,0,-,-,-,-,4040.0000,4039.6000,4038.4000,4038.2000,4038.0000,4040.8000,4041.0000,4042.0000,4043.2000,4045.0000,1,1,1,1,3,1,1,1,1,1
SF,IF2006,2020-02-19 14:03:30.900,4040.4000,24008,0,7108543380.000,0,-,-,-,-,4040.0000,4039.6000,4038.4000,4038.2000,4038.0000,4040.8000,4041.0000,4042.0000,4043.2000,4045.0000,1,1,1,1,3,1,1,1,1,2
SF,IF2006,2020-02-19 14:03:31.400,4040.4000,24008,0,7108543380.000,0,-,-,-,-,4038.4000,4038.0000,4037.2000,4037.0000,4036.0000,4040.8000,4041.0000,4042.0000,4043.2000,4045.0000,1,3,1,5,3,1,3,1,1,2
SF,IF2006,2020-02-19 14:03:31.900,4040.4000,24008,0,7108543380.000,0,-,-,-,-,4039.0000,4038.6000,4038.4000,4038.0000,4037.2000,4040.4000,4040.6000,4040.8000,4041.0000,4042.0000,2,8,3,1,1,1,5,1,3,1
SF,IF2006,2020-02-19 14:03:32.400,4040.4000,24008,0,7108543380.000,0,-,-,-,-,4039.0000,4038.6000,4038.4000,4038.0000,4037.2000,4040.4000,4040.6000,4041.0000,4042.0000,4043.2000,2,3,3,1,1,1,5,3,1,1
SF,IF2006,2020-02-19 14:03:32.900,4040.4000,24008,0,7108543380.000,0,-,-,-,-,4039.0000,4038.6000,4038.4000,4038.0000,4037.2000,4040.0000,4040.2000,4040.4000,4040.6000,4041.0000,2,3,3,1,1,1,1,1,5,3
SF,IF2006,2020-02-19 14:03:33.900,4040.4000,24008,0,7108543380.000,0,-,-,-,-,4039.0000,4038.6000,4038.4000,4038.0000,4037.2000,4040.0000,4040.2000,4040.4000,4040.6000,4041.0000,2,3,1,1,1,1,1,1,4,3
SF,IF2006,2020-02-19 14:03:34.400,4040.4000,24008,0,7108543380.000,0,-,-,-,-,4039.0000,4038.6000,4038.4000,4038.0000,4037.2000,4039.8000,4040.0000,4040.2000,4040.4000,4040.6000,1,1,1,1,1,2,1,1,1,2
SF,IF2006,2020-02-19 14:03:35.400,4040.4000,24008,0,7108543380.000,0,-,-,-,-,4039.0000,4038.6000,4038.4000,4038.0000,4037.2000,4039.8000,4040.0000,4040.2000,4040.4000,4040.6000,1,1,1,1,1,2,1,1,1,1
SF,IF2006,2020-02-19 14:03:35.900,4040.4000,24008,0,7108543380.000,0,-,-,-,-,4039.0000,4038.6000,4038.4000,4038.0000,4037.2000,4040.0000,4040.2000,4040.4000,4040.6000,4041.0000,1,1,1,1,1,1,1,1,1,3
SF,IF2006,2020-02-19 14:03:37.400,4039.0000,24009,1,7109755080.000,1,1,0,双开,B,4038.4000,4038.0000,4037.2000,4037.0000,4036.0000,4039.8000,4040.0000,4040.4000,4040.6000,4041.0000,1,1,1,5,3,3,1,1,1,3
SF,IF2006,2020-02-19 14:03:37.900,4039.0000,24009,0,7109755080.000,0,-,-,-,-,4038.4000,4038.0000,4037.2000,4037.0000,4036.0000,4039.4000,4039.6000,4039.8000,4040.0000,4040.4000,1,1,1,5,3,1,2,2,1,1
SF,IF2006,2020-02-19 14:03:38.400,4039.0000,24009,0,7109755080.000,0,-,-,-,-,4038.4000,4038.0000,4037.2000,4037.0000,4036.0000,4039.4000,4039.6000,4039.8000,4040.0000,4040.4000,1,1,1,5,3,2,2,2,1,1
SF,IF2006,2020-02-19 14:03:38.900,4039.0000,24009,0,7109755080.000,0,-,-,-,-,4038.0000,4037.2000,4037.0000,4036.0000,4035.8000,4039.2000,4039.4000,4039.8000,4040.0000,4040.4000,1,1,5,3,1,2,2,1,1,1
SF,IF2006,2020-02-19 14:03:39.400,4039.0000,24009,0,7109755080.000,0,-,-,-,-,4038.2000,4038.0000,4037.2000,4037.0000,4036.0000,4039.2000,4039.4000,4040.0000,4040.4000,4040.6000,1,1,1,5,3,2,2,1,1,1
SF,IF2006,2020-02-19 14:03:39.900,4039.0000,24009,0,7109755080.000,0,-,-,-,-,4038.2000,4038.0000,4037.2000,4037.0000,4036.0000,4039.0000,4039.2000,4039.4000,4039.6000,4040.4000,1,1,1,5,3,1,2,1,1,1
SF,IF2006,2020-02-19 14:03:40.400,4039.0000,24009,0,7109755080.000,0,-,-,-,-,4038.2000,4038.0000,4037.2000,4037.0000,4036.0000,4039.0000,4039.2000,4039.4000,4039.6000,4040.4000,1,1,1,5,3,1,2,1,1,1
SF,IF2006,2020-02-19 14:03:40.900,4039.0000,24009,0,7109755080.000,0,-,-,-,-,4038.2000,4038.0000,4037.2000,4037.0000,4036.0000,4039.0000,4039.4000,4039.6000,4040.4000,4040.6000,1,1,1,5,3,1,1,1,1,1
SF,IF2006,2020-02-19 14:03:41.400,4039.0000,24009,0,7109755080.000,0,-,-,-,-,4038.2000,4038.0000,4037.2000,4037.0000,4036.0000,4039.0000,4039.6000,4040.0000,4040.4000,4040.6000,1,1,1,5,3,1,1,1,1,1
SF,IF2006,2020-02-19 14:03:41.900,4039.0000,24009,0,7110966780.000,1,0,1,空换,B,4038.2000,4038.0000,4037.2000,4037.0000,4036.0000,4038.8000,4039.6000,4040.0000,4040.4000,4040.6000,1,1,1,5,3,1,1,1,1,1
SF,IF2006,2020-02-19 14:03:42.900,4038.2000,24010,1,7112178240.000,1,1,0,双开,B,4038.0000,4037.2000,4037.0000,4036.0000,4035.8000,4038.8000,4039.6000,4040.0000,4040.4000,4040.6000,1,1,5,3,1,1,1,1,1,1
SF,IF2006,2020-02-19 14:03:43.900,4038.2000,24010,0,7112178240.000,0,-,-,-,-,4038.0000,4037.2000,4037.0000,4036.0000,4035.8000,4038.8000,4039.6000,4040.0000,4040.4000,4040.6000,1,1,5,3,1,1,1,1,1,1
SF,IF2006,2020-02-19 14:03:45.400,4038.0000,24011,1,7113389640.000,1,1,0,双开,B,4037.2000,4037.0000,4036.0000,4035.8000,4035.6000,4038.8000,4039.6000,4040.0000,4040.4000,4040.6000,1,5,3,1,1,1,1,1,1,1
SF,IF2006,2020-02-19 14:03:45.900,4038.0000,24011,0,7113389640.000,0,-,-,-,-,4037.4000,4037.2000,4037.0000,4036.0000,4035.8000,4038.6000,4039.6000,4040.0000,4040.4000,4040.6000,2,1,5,3,1,2,1,1,1,1
SF,IF2006,2020-02-19 14:03:46.400,4038.0000,24011,0,7113389640.000,0,-,-,-,-,4037.4000,4037.2000,4037.0000,4036.0000,4035.8000,4038.6000,4039.6000,4040.0000,4040.4000,4040.6000,2,1,5,3,1,3,1,1,1,1
SF,IF2006,2020-02-19 14:03:47.400,4038.0000,24011,0,7113389640.000,0,-,-,-,-,4037.4000,4037.2000,4037.0000,4036.0000,4035.8000,4038.0000,4038.4000,4038.6000,4039.6000,4040.0000,2,1,5,3,1,1,2,3,1,1
SF,IF2006,2020-02-19 14:03:48.400,4038.0000,24011,0,7113389640.000,0,-,-,-,-,4037.2000,4037.0000,4036.0000,4035.8000,4035.6000,4038.0000,4038.4000,4038.6000,4039.6000,4040.0000,1,5,3,1,1,1,2,3,1,1
SF,IF2006,2020-02-19 14:03:48.900,4038.0000,24012,1,7114601040.000,1,1,0,双开,B,4037.2000,4037.0000,4036.0000,4035.8000,4035.6000,4038.6000,4039.6000,4040.0000,4040.4000,4040.6000,1,5,3,1,1,3,1,1,1,1
SF,IF2006,2020-02-19 14:03:49.400,4038.0000,24012,0,7114601040.000,0,-,-,-,-,4037.4000,4037.2000,4037.0000,4036.0000,4035.8000,4038.6000,4039.6000,4040.0000,4040.4000,4040.6000,2,1,5,3,1,1,1,1,1,1
SF,IF2006,2020-02-19 14:03:49.900,4038.0000,24012,0,7114601040.000,0,-,-,-,-,4037.4000,4037.2000,4037.0000,4036.0000,4035.8000,4038.6000,4039.6000,4040.0000,4040.4000,4040.6000,2,1,5,3,1,1,1,1,1,1
SF,IF2006,2020-02-19 14:03:51.400,4038.0000,24012,0,7114601040.000,0,-,-,-,-,4037.4000,4037.2000,4037.0000,4036.0000,4035.8000,4038.4000,4038.6000,4039.6000,4040.0000,4040.4000,2,1,5,3,1,2,1,1,1,1
SF,IF2006,2020-02-19 14:03:51.900,4038.0000,24012,0,7114601040.000,0,-,-,-,-,4037.2000,4037.0000,4036.0000,4035.8000,4035.6000,4038.2000,4038.4000,4038.6000,4039.6000,4040.0000,1,5,3,1,1,1,2,1,1,1
SF,IF2006,2020-02-19 14:03:52.900,4037.2000,24012,0,7115812200.000,1,0,1,空换,B,4037.0000,4036.0000,4035.8000,4035.6000,4035.2000,4037.8000,4038.0000,4038.2000,4038.4000,4038.6000,5,3,1,1,1,1,4,1,1,1
SF,IF2006,2020-02-19 14:03:53.400,4035.6000,24011,-1,7127921520.000,10,4,6,空平,B,4035.2000,4035.0000,4033.4000,4033.0000,4032.2000,4037.6000,4037.8000,4038.0000,4038.2000,4038.6000,1,4,3,2,1,2,1,4,1,1
SF,IF2006,2020-02-19 14:03:53.900,4035.6000,24011,0,7127921520.000,0,-,-,-,-,4036.0000,4035.8000,4035.6000,4035.4000,4035.2000,4037.4000,4037.6000,4037.8000,4038.0000,4038.2000,1,1,1,8,1,1,2,1,4,1
SF,IF2006,2020-02-19 14:03:54.400,4035.6000,24011,0,7127921520.000,0,-,-,-,-,4037.6000,4036.2000,4036.0000,4035.8000,4035.6000,4037.8000,4038.0000,4038.2000,4038.6000,4039.6000,3,2,1,1,1,1,2,1,1,1
SF,IF2006,2020-02-19 14:03:54.900,4037.6000,24014,3,7131555360.000,3,3,0,双开,B,4036.0000,4035.2000,4035.0000,4033.4000,4033.0000,4037.6000,4037.8000,4038.0000,4038.2000,4038.6000,1,1,4,3,2,1,2,2,1,1
SF,IF2006,2020-02-19 14:03:55.400,4036.2000,24010,-4,7137609660.000,5,0,5,空平,B,4036.0000,4035.2000,4035.0000,4033.4000,4033.0000,4037.4000,4037.8000,4038.0000,4038.2000,4038.6000,1,1,4,3,2,3,2,2,1,1
SF,IF2006,2020-02-19 14:03:55.900,4036.2000,24010,0,7137609660.000,0,-,-,-,-,4036.0000,4035.2000,4035.0000,4033.4000,4033.0000,4037.2000,4037.4000,4037.6000,4037.8000,4038.0000,1,1,4,3,2,2,3,1,2,2
SF,IF2006,2020-02-19 14:03:56.400,4036.2000,24010,0,7137609660.000,0,-,-,-,-,4036.0000,4035.2000,4035.0000,4033.4000,4033.0000,4037.2000,4037.4000,4037.6000,4037.8000,4038.0000,1,1,4,3,2,1,3,1,2,2
SF,IF2006,2020-02-19 14:03:56.900,4036.2000,24010,0,7137609660.000,0,-,-,-,-,4036.2000,4036.0000,4035.4000,4035.2000,4035.0000,4037.4000,4037.8000,4038.0000,4038.2000,4038.6000,2,1,1,1,4,1,2,2,1,2
SF,IF2006,2020-02-19 14:03:57.400,4036.2000,24010,0,7137609660.000,0,-,-,-,-,4036.2000,4036.0000,4035.4000,4035.2000,4035.0000,4037.6000,4037.8000,4038.0000,4038.2000,4038.6000,2,1,1,1,4,1,2,2,1,2
SF,IF2006,2020-02-19 14:03:57.900,4036.2000,24010,0,7137609660.000,0,-,-,-,-,4036.0000,4035.4000,4035.2000,4035.0000,4033.4000,4037.4000,4037.8000,4038.0000,4038.2000,4038.6000,1,1,1,4,3,2,2,2,1,2
SF,IF2006,2020-02-19 14:03:58.400,4036.2000,24010,0,7137609660.000,0,-,-,-,-,4036.0000,4035.4000,4035.2000,4035.0000,4033.4000,4037.4000,4037.8000,4038.0000,4038.2000,4038.6000,1,1,1,4,3,2,2,2,1,2
SF,IF2006,2020-02-19 14:03:58.900,4036.0000,24011,1,7138820460.000,1,1,0,双开,B,4035.4000,4035.2000,4035.0000,4033.4000,4033.0000,4037.2000,4037.4000,4037.6000,4037.8000,4038.0000,1,1,4,3,2,3,2,1,2,2
SF,IF2006,2020-02-19 14:03:59.400,4036.0000,24011,0,7138820460.000,0,-,-,-,-,4035.2000,4035.0000,4033.4000,4033.0000,4032.2000,4037.0000,4037.2000,4037.6000,4037.8000,4038.0000,1,4,3,2,1,2,3,1,2,2
SF,IF2006,2020-02-19 14:03:59.900,4036.0000,24011,0,7138820460.000,0,-,-,-,-,4035.2000,4035.0000,4033.4000,4033.0000,4032.2000,4036.4000,4036.8000,4037.0000,4037.2000,4037.6000,1,4,3,2,1,1,1,2,2,1
SF,IF2006,2020-02-19 14:04:00.400,4036.0000,24011,0,7138820460.000,0,-,-,-,-,4035.2000,4035.0000,4033.4000,4033.0000,4032.2000,4036.2000,4036.4000,4036.8000,4037.0000,4037.2000,1,4,3,2,1,1,1,1,2,1
SF,IF2006,2020-02-19 14:04:00.900,4036.0000,24011,0,7138820460.000,0,-,-,-,-,4035.4000,4035.2000,4035.0000,4033.4000,4033.0000,4036.0000,4036.2000,4036.8000,4037.2000,4037.6000,2,1,4,3,2,1,1,1,1,1
SF,IF2006,2020-02-19 14:04:01.400,4036.0000,24011,0,7140031260.000,1,0,1,空换,B,4035.4000,4035.2000,4035.0000,4033.4000,4033.0000,4036.0000,4036.2000,4037.2000,4037.6000,4037.8000,2,1,4,3,2,1,1,1,1,2
SF,IF2006,2020-02-19 14:04:01.900,4036.0000,24011,0,7140031260.000,0,-,-,-,-,4035.4000,4035.2000,4035.0000,4033.4000,4033.0000,4036.0000,4036.2000,4037.6000,4037.8000,4038.0000,2,1,4,3,2,1,1,1,2,2
SF,IF2006,2020-02-19 14:04:02.400,4036.0000,24011,0,7140031260.000,0,-,-,-,-,4035.2000,4035.0000,4033.4000,4033.0000,4032.2000,4036.0000,4036.2000,4037.6000,4037.8000,4038.0000,1,4,3,2,1,1,1,1,2,2
SF,IF2006,2020-02-19 14:04:02.900,4036.0000,24011,0,7140031260.000,0,-,-,-,-,4035.2000,4035.0000,4033.4000,4033.0000,4032.2000,4036.0000,4036.2000,4037.6000,4037.8000,4038.0000,1,4,3,2,1,1,1,1,2,2
SF,IF2006,2020-02-19 14:04:03.400,4036.0000,24011,0,7140031260.000,0,-,-,-,-,4035.2000,4035.0000,4033.4000,4033.0000,4032.2000,4035.8000,4036.0000,4037.6000,4037.8000,4038.0000,1,4,3,2,1,3,1,1,2,2
SF,IF2006,2020-02-19 14:04:03.900,4035.0000,24013,2,7142452320.000,2,2,0,双开,B,4035.0000,4033.0000,4032.2000,4032.0000,4031.8000,4035.8000,4036.0000,4037.6000,4037.8000,4038.0000,3,2,1,2,1,3,1,1,2,2
SF,IF2006,2020-02-19 14:04:04.400,4035.0000,24014,1,7143662820.000,1,1,0,双开,B,4035.0000,4033.0000,4032.2000,4032.0000,4031.8000,4035.8000,4036.0000,4037.6000,4037.8000,4038.0000,2,2,1,2,1,3,1,1,2,2
SF,IF2006,2020-02-19 14:04:04.900,4035.0000,24014,0,7143662820.000,0,-,-,-,-,4035.0000,4033.0000,4032.2000,4032.0000,4031.8000,4035.8000,4036.0000,4037.6000,4037.8000,4038.0000,2,2,1,2,1,3,1,1,2,2
SF,IF2006,2020-02-19 14:04:05.400,4035.0000,24014,0,7147294320.000,3,1,2,空换,B,4033.0000,4032.2000,4032.0000,4031.8000,4031.2000,4034.8000,4035.4000,4035.6000,4036.0000,4037.6000,2,1,2,1,3,1,1,4,1,1
SF,IF2006,2020-02-19 14:04:05.900,4035.0000,24014,0,7147294320.000,0,-,-,-,-,4033.4000,4033.2000,4033.0000,4032.2000,4032.0000,4034.6000,4034.8000,4035.4000,4035.6000,4036.0000,1,1,2,1,2,2,1,1,3,1
SF,IF2006,2020-02-19 14:04:06.400,4035.0000,24014,0,7147294320.000,0,-,-,-,-,4033.4000,4033.0000,4032.2000,4032.0000,4031.8000,4034.6000,4034.8000,4035.6000,4036.0000,4037.6000,1,2,1,2,1,2,1,3,1,1
SF,IF2006,2020-02-19 14:04:06.900,4034.6000,24014,0,7148504700.000,1,0,1,空换,B,4033.4000,4033.0000,4032.2000,4032.0000,4031.8000,4034.6000,4034.8000,4035.6000,4036.0000,4037.6000,1,2,1,2,1,1,1,3,1,1
SF,IF2006,2020-02-19 14:04:07.400,4033.6000,24014,0,7150924860.000,2,1,1,空换,B,4033.0000,4032.2000,4032.0000,4031.8000,4031.2000,4034.4000,4034.6000,4035.6000,4036.0000,4037.6000,2,1,2,1,3,2,1,3,1,1
SF,IF2006,2020-02-19 14:04:07.900,4033.2000,24016,2,7154555460.000,3,2,1,多开,B,4033.4000,4033.2000,4033.0000,4032.2000,4032.0000,4035.6000,4036.0000,4037.6000,4037.8000,4038.2000,2,1,2,1,2,3,1,1,1,1
SF,IF2006,2020-02-19 14:04:08.400,4033.2000,24016,0,7154555460.000,0,-,-,-,-,4034.4000,4033.6000,4033.4000,4033.0000,4032.2000,4035.4000,4035.6000,4036.0000,4037.6000,4037.8000,1,1,2,2,1,4,3,1,1,1
SF,IF2006,2020-02-19 14:04:08.900,4033.4000,24016,0,7156975500.000,2,1,1,空换,B,4033.0000,4032.2000,4032.0000,4031.8000,4031.2000,4033.4000,4035.4000,4036.0000,4037.6000,4037.8000,2,1,2,1,3,1,2,1,1,1
SF,IF2006,2020-02-19 14:04:09.400,4033.4000,24016,0,7158185520.000,1,0,1,空换,B,4034.0000,4033.8000,4033.6000,4033.4000,4033.2000,4036.0000,4037.6000,4037.8000,4038.2000,4038.6000,1,1,1,11,2,1,1,1,1,1
SF,IF2006,2020-02-19 14:04:09.900,4033.4000,24016,0,7158185520.000,0,-,-,-,-,4035.0000,4034.2000,4033.4000,4033.2000,4033.0000,4035.8000,4036.0000,4037.6000,4037.8000,4038.2000,1,1,5,2,2,4,2,1,1,1
SF,IF2006,2020-02-19 14:04:10.400,4035.0000,24017,1,7159396020.000,1,1,0,双开,B,4033.8000,4033.4000,4033.2000,4033.0000,4032.2000,4035.8000,4036.0000,4037.6000,4037.8000,4038.2000,1,6,3,2,1,3,2,1,1,1
SF,IF2006,2020-02-19 14:04:10.900,4035.0000,24017,0,7159396020.000,0,-,-,-,-,4034.4000,4034.0000,4033.8000,4033.6000,4033.4000,4035.4000,4035.6000,4035.8000,4036.0000,4037.6000,1,1,1,1,6,1,1,3,2,1
SF,IF2006,2020-02-19 14:04:11.400,4035.0000,24017,0,7159396020.000,0,-,-,-,-,4034.4000,4034.0000,4033.8000,4033.6000,4033.4000,4035.2000,4035.4000,4035.8000,4036.0000,4037.6000,1,2,1,1,5,2,1,1,2,1
SF,IF2006,2020-02-19 14:04:11.900,4035.0000,24017,0,7159396020.000,0,-,-,-,-,4034.4000,4034.0000,4033.6000,4033.4000,4033.2000,4035.2000,4035.4000,4036.0000,4037.6000,4037.8000,1,1,1,4,3,2,1,2,1,1
SF,IF2006,2020-02-19 14:04:12.900,4035.0000,24017,0,7159396020.000,0,-,-,-,-,4034.4000,4034.0000,4033.6000,4033.4000,4033.2000,4035.2000,4036.0000,4037.6000,4037.8000,4038.2000,1,1,1,4,3,2,2,1,1,1
SF,IF2006,2020-02-19 14:04:13.400,4035.0000,24017,0,7159396020.000,0,-,-,-,-,4034.4000,4034.0000,4033.6000,4033.4000,4033.2000,4034.6000,4035.2000,4036.0000,4037.6000,4037.8000,1,1,1,4,3,1,2,2,1,1
SF,IF2006,2020-02-19 14:04:13.900,4034.6000,24017,0,7160606400.000,1,0,1,空换,B,4034.4000,4034.0000,4033.6000,4033.4000,4033.2000,4035.2000,4036.0000,4037.6000,4037.8000,4038.2000,1,1,1,4,3,2,2,1,1,1
SF,IF2006,2020-02-19 14:04:14.400,4034.6000,24017,0,7160606400.000,0,-,-,-,-,4034.4000,4034.0000,4033.6000,4033.4000,4033.2000,4035.2000,4036.0000,4037.6000,4037.8000,4038.2000,1,1,1,2,3,2,2,1,1,1
SF,IF2006,2020-02-19 14:04:14.900,4034.6000,24017,0,7160606400.000,0,-,-,-,-,4034.6000,4034.4000,4033.6000,4033.4000,4033.2000,4036.0000,4037.6000,4037.8000,4038.2000,4038.6000,1,1,1,2,3,2,1,1,1,1
SF,IF2006,2020-02-19 14:04:15.400,4034.6000,24017,0,7160606400.000,0,-,-,-,-,4034.8000,4034.6000,4033.6000,4033.4000,4033.2000,4035.8000,4036.0000,4037.6000,4037.8000,4038.2000,2,1,1,2,3,2,1,1,1,1
SF,IF2006,2020-02-19 14:04:15.900,4035.8000,24018,1,7161817140.000,1,1,0,双开,B,4034.8000,4034.6000,4033.6000,4033.4000,4033.2000,4036.0000,4037.6000,4037.8000,4038.2000,4038.6000,2,1,1,2,3,1,1,1,1,1
SF,IF2006,2020-02-19 14:04:16.400,4035.8000,24018,0,7161817140.000,0,-,-,-,-,4035.2000,4035.0000,4034.8000,4034.6000,4033.4000,4036.0000,4037.8000,4038.2000,4038.6000,4040.0000,1,1,2,1,2,1,1,1,1,2
SF,IF2006,2020-02-19 14:04:16.900,4035.8000,24018,0,7161817140.000,0,-,-,-,-,4035.8000,4035.4000,4035.2000,4035.0000,4033.4000,4036.0000,4037.8000,4038.2000,4038.6000,4040.0000,1,1,1,2,2,1,1,1,1,2
SF,IF2006,2020-02-19 14:04:17.400,4035.8000,24019,1,7163027880.000,1,1,0,双开,B,4035.4000,4035.2000,4035.0000,4033.2000,4033.0000,4036.0000,4036.4000,4037.8000,4038.2000,4038.6000,1,1,1,3,2,1,1,1,1,1
SF,IF2006,2020-02-19 14:04:18.400,4036.0000,24019,0,7164238680.000,1,0,1,空换,B,4035.4000,4035.2000,4033.2000,4033.0000,4032.8000,4036.4000,4037.8000,4038.2000,4038.6000,4040.0000,1,1,3,2,1,1,1,1,1,2
SF,IF2006,2020-02-19 14:04:18.900,4036.0000,24019,0,7164238680.000,0,-,-,-,-,4035.4000,4035.2000,4033.2000,4033.0000,4032.8000,4036.2000,4037.8000,4038.2000,4038.6000,4040.0000,1,1,2,2,1,3,1,1,1,2
SF,IF2006,2020-02-19 14:04:19.400,4036.0000,24019,0,7165449480.000,1,0,1,空换,B,4035.4000,4035.2000,4033.2000,4033.0000,4032.8000,4036.2000,4037.8000,4038.2000,4038.6000,4040.0000,1,1,2,2,1,2,1,1,1,2
SF,IF2006,2020-02-19 14:04:20.400,4036.0000,24019,0,7165449480.000,0,-,-,-,-,4035.4000,4033.2000,4033.0000,4032.8000,4032.2000,4036.2000,4037.8000,4038.2000,4038.6000,4040.0000,1,2,2,1,1,2,1,1,1,2
SF,IF2006,2020-02-19 14:04:20.900,4036.0000,24019,0,7165449480.000,0,-,-,-,-,4035.4000,4033.2000,4033.0000,4032.8000,4032.2000,4036.2000,4037.8000,4038.2000,4038.6000,4040.0000,1,2,2,1,1,2,1,1,1,2
SF,IF2006,2020-02-19 14:04:22.900,4036.0000,24019,0,7165449480.000,0,-,-,-,-,4035.4000,4033.2000,4033.0000,4032.8000,4032.2000,4035.8000,4036.2000,4037.8000,4038.2000,4038.6000,1,2,2,1,1,1,2,1,1,1
SF,IF2006,2020-02-19 14:04:23.400,4035.8000,24018,-1,7166660220.000,1,0,1,双平,B,4035.4000,4033.2000,4033.0000,4032.8000,4032.2000,4037.8000,4038.2000,4038.6000,4040.0000,4040.8000,1,2,2,1,1,1,1,1,2,1
SF,IF2006,2020-02-19 14:04:23.900,4035.8000,24018,0,7166660220.000,0,-,-,-,-,4035.4000,4033.2000,4033.0000,4032.8000,4032.2000,4037.2000,4037.6000,4037.8000,4038.0000,4038.2000,1,2,2,1,1,1,5,2,2,1
SF,IF2006,2020-02-19 14:04:24.400,4035.8000,24018,0,7166660220.000,0,-,-,-,-,4035.4000,4033.2000,4033.0000,4032.8000,4032.2000,4037.0000,4037.2000,4037.6000,4037.8000,4038.0000,1,2,2,1,1,2,1,3,2,2
SF,IF2006,2020-02-19 14:04:24.900,4035.8000,24018,0,7166660220.000,0,-,-,-,-,4035.4000,4033.2000,4033.0000,4032.8000,4032.2000,4037.0000,4037.2000,4037.6000,4037.8000,4038.0000,1,2,2,1,1,2,1,3,2,2
SF,IF2006,2020-02-19 14:04:25.400,4035.8000,24018,0,7166660220.000,0,-,-,-,-,4035.4000,4033.2000,4033.0000,4032.8000,4032.2000,4037.0000,4037.2000,4037.6000,4037.8000,4038.0000,1,2,2,1,1,2,1,3,2,2
SF,IF2006,2020-02-19 14:04:25.900,4035.8000,24018,0,7166660220.000,0,-,-,-,-,4033.2000,4033.0000,4032.8000,4032.2000,4032.0000,4036.8000,4037.0000,4037.6000,4037.8000,4038.0000,2,2,1,1,2,1,2,3,2,2
SF,IF2006,2020-02-19 14:04:26.400,4035.8000,24018,0,7166660220.000,0,-,-,-,-,4035.8000,4034.6000,4034.4000,4034.0000,4033.8000,4036.6000,4036.8000,4037.6000,4037.8000,4038.0000,3,1,1,3,1,2,1,2,2,2
SF,IF2006,2020-02-19 14:04:26.900,4035.8000,24018,0,7166660220.000,0,-,-,-,-,4035.8000,4033.8000,4033.6000,4033.4000,4033.2000,4036.6000,4036.8000,4037.6000,4037.8000,4038.0000,3,1,4,4,2,1,1,2,2,2
SF,IF2006,2020-02-19 14:04:28.900,4035.8000,24018,0,7166660220.000,0,-,-,-,-,4035.8000,4033.8000,4033.6000,4033.4000,4033.2000,4036.6000,4036.8000,4037.6000,4037.8000,4038.0000,3,1,4,4,2,1,1,1,2,2
SF,IF2006,2020-02-19 14:04:30.900,4035.8000,24018,0,7166660220.000,0,-,-,-,-,4035.8000,4033.8000,4033.6000,4033.4000,4033.2000,4036.6000,4036.8000,4037.6000,4037.8000,4038.0000,3,1,4,4,2,1,1,1,2,2
SF,IF2006,2020-02-19 14:04:31.400,4035.8000,24018,0,7166660220.000,0,-,-,-,-,4035.8000,4033.8000,4033.6000,4033.4000,4033.2000,4036.6000,4036.8000,4037.6000,4037.8000,4038.0000,3,1,4,4,2,1,1,1,2,2
SF,IF2006,2020-02-19 14:04:32.900,4036.6000,24018,0,7167871200.000,1,0,1,空换,B,4035.8000,4033.8000,4033.6000,4033.4000,4033.2000,4036.8000,4037.6000,4037.8000,4038.0000,4038.2000,3,1,4,4,2,1,1,2,2,1
SF,IF2006,2020-02-19 14:04:33.400,4036.6000,24019,1,7169082180.000,1,1,0,双开,B,4035.8000,4033.6000,4033.4000,4033.2000,4033.0000,4036.6000,4036.8000,4037.6000,4037.8000,4038.0000,3,4,4,2,2,1,1,1,2,2
SF,IF2006,2020-02-19 14:04:33.900,4036.6000,24019,0,7169082180.000,0,-,-,-,-,4035.8000,4033.6000,4033.4000,4033.2000,4033.0000,4036.6000,4036.8000,4037.6000,4037.8000,4038.0000,3,4,4,2,2,1,1,1,1,2
SF,IF2006,2020-02-19 14:04:34.400,4035.8000,24019,0,7170292920.000,1,0,1,空换,B,4035.8000,4033.6000,4033.4000,4033.2000,4033.0000,4036.6000,4036.8000,4037.6000,4037.8000,4038.0000,2,4,4,2,2,1,1,1,1,2
SF,IF2006,2020-02-19 14:04:34.900,4035.8000,24019,0,7170292920.000,0,-,-,-,-,4035.8000,4033.6000,4033.4000,4033.2000,4033.0000,4036.6000,4036.8000,4037.6000,4037.8000,4038.0000,3,4,4,2,2,1,1,1,1,2
SF,IF2006,2020-02-19 14:04:35.900,4035.8000,24019,0,7170292920.000,0,-,-,-,-,4036.0000,4035.8000,4033.6000,4033.4000,4033.2000,4036.6000,4037.6000,4037.8000,4038.0000,4038.2000,1,3,4,4,2,2,1,1,2,1
SF,IF2006,2020-02-19 14:04:36.400,4035.8000,24019,0,7170292920.000,0,-,-,-,-,4036.0000,4035.8000,4033.6000,4033.4000,4033.2000,4036.6000,4037.6000,4037.8000,4038.0000,4038.2000,1,3,4,4,2,1,1,1,2,1
SF,IF2006,2020-02-19 14:04:36.900,4035.8000,24019,0,7170292920.000,0,-,-,-,-,4036.0000,4035.8000,4033.6000,4033.4000,4033.2000,4036.6000,4037.6000,4037.8000,4038.0000,4038.2000,1,3,4,4,2,1,1,1,2,1
SF,IF2006,2020-02-19 14:04:37.400,4035.8000,24019,0,7170292920.000,0,-,-,-,-,4036.0000,4035.8000,4033.6000,4033.4000,4033.2000,4036.6000,4037.8000,4038.0000,4038.2000,4038.6000,1,3,4,4,2,1,1,2,1,1
SF,IF2006,2020-02-19 14:04:40.400,4036.6000,24020,1,7171503900.000,1,1,0,双开,B,4036.0000,4035.8000,4033.6000,4033.4000,4033.2000,4037.8000,4038.2000,4038.6000,4040.0000,4040.8000,1,3,4,4,2,1,1,1,2,1
SF,IF2006,2020-02-19 14:04:40.900,4036.6000,24020,0,7171503900.000,0,-,-,-,-,4036.0000,4035.8000,4033.6000,4033.4000,4033.2000,4037.4000,4037.6000,4037.8000,4038.2000,4038.6000,1,3,4,4,2,1,2,1,1,1
SF,IF2006,2020-02-19 14:04:41.400,4036.6000,24020,0,7171503900.000,0,-,-,-,-,4036.2000,4036.0000,4035.8000,4033.6000,4033.4000,4037.4000,4037.6000,4037.8000,4038.2000,4038.6000,1,1,3,4,4,1,2,1,1,1
SF,IF2006,2020-02-19 14:04:41.900,4036.6000,24020,0,7171503900.000,0,-,-,-,-,4036.2000,4036.0000,4035.8000,4033.6000,4033.4000,4037.2000,4037.4000,4037.8000,4038.2000,4038.6000,2,1,3,4,4,2,1,1,1,1
SF,IF2006,2020-02-19 14:04:42.400,4036.6000,24020,0,7171503900.000,0,-,-,-,-,4036.2000,4036.0000,4035.8000,4033.6000,4033.4000,4037.2000,4037.4000,4037.8000,4038.2000,4038.6000,1,1,3,4,4,2,1,1,1,1
SF,IF2006,2020-02-19 14:04:43.900,4036.6000,24020,0,7171503900.000,0,-,-,-,-,4036.2000,4036.0000,4035.8000,4033.6000,4033.4000,4037.2000,4037.4000,4037.8000,4038.2000,4038.6000,1,1,3,4,4,2,1,1,1,1
SF,IF2006,2020-02-19 14:04:44.400,4036.6000,24020,0,7171503900.000,0,-,-,-,-,4036.2000,4036.0000,4035.8000,4033.6000,4033.4000,4037.2000,4037.4000,4037.8000,4038.2000,4038.6000,1,1,3,4,4,4,1,1,1,1
SF,IF2006,2020-02-19 14:04:44.900,4036.6000,24020,0,7171503900.000,0,-,-,-,-,4035.8000,4033.6000,4033.4000,4033.2000,4033.0000,4037.2000,4037.4000,4037.8000,4038.2000,4038.6000,3,4,4,2,2,2,1,1,1,1
SF,IF2006,2020-02-19 14:04:45.400,4036.6000,24020,0,7171503900.000,0,-,-,-,-,4036.0000,4035.8000,4033.6000,4033.4000,4033.2000,4037.2000,4037.4000,4037.8000,4038.6000,4040.0000,1,3,4,4,2,3,1,1,1,2
SF,IF2006,2020-02-19 14:04:45.900,4036.6000,24020,0,7171503900.000,0,-,-,-,-,4036.0000,4035.8000,4033.6000,4033.4000,4033.2000,4037.2000,4037.4000,4037.8000,4038.6000,4040.0000,1,3,4,4,2,2,1,1,1,2
SF,IF2006,2020-02-19 14:04:46.400,4036.6000,24020,0,7171503900.000,0,-,-,-,-,4036.0000,4035.8000,4033.6000,4033.4000,4033.2000,4036.2000,4037.2000,4037.4000,4037.8000,4038.6000,1,3,4,4,2,1,2,1,1,1
SF,IF2006,2020-02-19 14:04:46.900,4036.2000,24020,0,7172714760.000,1,0,1,空换,B,4036.0000,4035.8000,4033.6000,4033.4000,4033.2000,4037.2000,4037.8000,4038.6000,4040.0000,4040.8000,1,3,4,4,2,2,1,1,2,1
SF,IF2006,2020-02-19 14:04:48.400,4036.0000,24020,0,7173925560.000,1,0,1,空换,B,4035.8000,4033.6000,4033.4000,4033.2000,4033.0000,4037.2000,4037.8000,4038.6000,4040.0000,4040.8000,3,4,4,2,2,2,1,1,2,1
SF,IF2006,2020-02-19 14:04:48.900,4036.0000,24020,0,7173925560.000,0,-,-,-,-,4036.0000,4035.8000,4033.6000,4033.4000,4033.2000,4037.8000,4038.6000,4040.0000,4040.8000,4042.0000,3,3,4,3,2,1,1,2,1,1
SF,IF2006,2020-02-19 14:04:49.400,4036.0000,24020,0,7173925560.000,0,-,-,-,-,4036.0000,4035.8000,4033.6000,4033.4000,4033.2000,4037.6000,4037.8000,4038.0000,4038.6000,4040.0000,3,3,4,3,2,3,2,2,1,2
SF,IF2006,2020-02-19 14:04:50.400,4036.0000,24020,0,7173925560.000,0,-,-,-,-,4036.0000,4035.8000,4033.6000,4033.4000,4033.2000,4037.6000,4037.8000,4038.0000,4038.6000,4040.0000,3,3,4,3,2,3,2,2,1,2
SF,IF2006,2020-02-19 14:04:50.900,4037.6000,24022,2,7176348120.000,2,2,0,双开,B,4036.0000,4035.8000,4033.6000,4033.4000,4033.2000,4037.6000,4037.8000,4038.0000,4038.6000,4040.0000,3,3,4,3,2,1,2,2,1,2
SF,IF2006,2020-02-19 14:04:51.400,4037.6000,24022,0,7176348120.000,0,-,-,-,-,4036.2000,4036.0000,4035.8000,4033.6000,4033.4000,4037.6000,4037.8000,4038.0000,4038.6000,4040.0000,1,3,3,4,3,1,2,2,1,2
SF,IF2006,2020-02-19 14:04:51.900,4037.6000,24022,0,7176348120.000,0,-,-,-,-,4036.4000,4036.2000,4036.0000,4035.8000,4033.6000,4037.6000,4037.8000,4038.0000,4038.6000,4040.0000,2,1,2,3,4,1,2,2,1,2
SF,IF2006,2020-02-19 14:04:52.900,4037.6000,24022,0,7176348120.000,0,-,-,-,-,4036.4000,4036.2000,4036.0000,4035.8000,4033.6000,4037.6000,4037.8000,4038.6000,4040.0000,4040.8000,2,1,2,3,4,1,1,1,2,1
SF,IF2006,2020-02-19 14:04:53.400,4037.6000,24022,0,7176348120.000,0,-,-,-,-,4036.4000,4036.2000,4036.0000,4035.8000,4033.6000,4037.6000,4037.8000,4038.6000,4040.0000,4040.8000,2,2,2,3,4,1,1,1,2,1
SF,IF2006,2020-02-19 14:04:54.400,4037.6000,24022,0,7176348120.000,0,-,-,-,-,4036.6000,4036.4000,4036.2000,4036.0000,4035.8000,4037.6000,4037.8000,4038.6000,4040.0000,4040.8000,1,2,1,2,3,1,2,1,2,1
SF,IF2006,2020-02-19 14:04:54.900,4037.6000,24022,0,7176348120.000,0,-,-,-,-,4036.6000,4036.4000,4036.2000,4036.0000,4035.8000,4037.6000,4037.8000,4038.6000,4040.0000,4040.8000,1,2,1,2,3,1,1,1,2,1
SF,IF2006,2020-02-19 14:04:56.900,4037.6000,24023,1,7177559400.000,1,1,0,双开,B,4036.6000,4036.4000,4036.2000,4036.0000,4035.8000,4037.8000,4038.6000,4040.0000,4040.8000,4042.0000,1,2,1,2,3,1,1,2,1,1
SF,IF2006,2020-02-19 14:04:57.900,4037.6000,24023,0,7177559400.000,0,-,-,-,-,4036.6000,4036.4000,4036.2000,4036.0000,4035.8000,4037.8000,4038.0000,4038.6000,4040.0000,4040.8000,1,2,1,2,3,1,2,1,2,1
SF,IF2006,2020-02-19 14:04:58.400,4037.6000,24023,0,7177559400.000,0,-,-,-,-,4036.8000,4036.2000,4036.0000,4035.8000,4033.6000,4037.6000,4037.8000,4038.0000,4038.6000,4040.0000,2,1,2,3,4,1,2,2,1,2
SF,IF2006,2020-02-19 14:04:58.900,4037.6000,24023,0,7177559400.000,0,-,-,-,-,4036.8000,4036.2000,4036.0000,4035.8000,4033.6000,4037.8000,4038.6000,4040.0000,4040.8000,4042.0000,2,1,2,3,4,1,1,2,1,1
SF,IF2006,2020-02-19 14:04:59.400,4037.6000,24023,0,7177559400.000,0,-,-,-,-,4036.8000,4036.2000,4036.0000,4035.8000,4033.6000,4037.8000,4038.0000,4038.6000,4040.0000,4040.8000,2,1,2,3,4,1,2,1,2,1
SF,IF2006,2020-02-19 14:04:59.900,4037.6000,24023,0,7177559400.000,0,-,-,-,-,4036.8000,4036.2000,4036.0000,4035.8000,4033.6000,4037.8000,4038.0000,4038.6000,4040.0000,4040.8000,2,1,2,3,4,1,2,1,2,1
SF,IF2006,2020-02-19 14:05:00.400,4037.6000,24023,0,7177559400.000,0,-,-,-,-,4036.2000,4036.0000,4035.8000,4033.6000,4033.4000,4037.8000,4038.0000,4038.6000,4040.0000,4040.8000,1,2,3,4,3,2,2,1,2,1
SF,IF2006,2020-02-19 14:05:00.900,4037.6000,24023,0,7177559400.000,0,-,-,-,-,4036.4000,4036.2000,4036.0000,4035.8000,4033.6000,4037.8000,4038.0000,4038.6000,4040.0000,4040.8000,3,1,2,3,4,3,2,1,2,1
SF,IF2006,2020-02-19 14:05:01.400,4037.6000,24023,0,7177559400.000,0,-,-,-,-,4036.4000,4036.2000,4036.0000,4035.8000,4033.6000,4037.6000,4037.8000,4038.0000,4038.6000,4040.0000,3,1,2,3,4,2,3,2,1,2
SF,IF2006,2020-02-19 14:05:02.400,4037.6000,24023,0,7177559400.000,0,-,-,-,-,4036.4000,4036.2000,4036.0000,4035.8000,4033.6000,4037.4000,4037.6000,4037.8000,4038.0000,4038.6000,3,1,2,3,4,1,2,2,2,1
SF,IF2006,2020-02-19 14:05:02.900,4037.6000,24023,0,7177559400.000,0,-,-,-,-,4036.4000,4036.2000,4036.0000,4035.8000,4033.6000,4037.2000,4037.4000,4037.6000,4037.8000,4038.0000,3,1,2,3,4,1,1,2,2,2
SF,IF2006,2020-02-19 14:05:03.400,4037.6000,24023,0,7177559400.000,0,-,-,-,-,4036.4000,4036.2000,4036.0000,4035.8000,4033.6000,4037.4000,4037.6000,4037.8000,4038.0000,4038.6000,3,1,2,3,4,1,2,2,2,1
SF,IF2006,2020-02-19 14:05:03.900,4037.6000,24023,0,7177559400.000,0,-,-,-,-,4036.4000,4036.2000,4036.0000,4035.8000,4033.6000,4037.2000,4037.4000,4037.6000,4037.8000,4038.0000,3,1,2,3,4,1,1,2,2,2
SF,IF2006,2020-02-19 14:05:04.400,4037.6000,24023,0,7177559400.000,0,-,-,-,-,4036.4000,4036.2000,4036.0000,4035.8000,4033.6000,4037.2000,4037.4000,4037.8000,4038.0000,4038.6000,3,1,2,3,4,1,1,2,1,1
SF,IF2006,2020-02-19 14:05:04.900,4036.4000,24024,1,7178770320.000,1,1,0,双开,B,4036.2000,4036.0000,4035.8000,4033.6000,4033.4000,4037.2000,4037.4000,4037.8000,4038.0000,4038.6000,1,2,3,4,3,1,1,2,1,1
SF,IF2006,2020-02-19 14:05:05.400,4036.4000,24024,0,7178770320.000,0,-,-,-,-,4036.2000,4036.0000,4035.8000,4033.6000,4033.4000,4037.0000,4037.2000,4037.4000,4037.8000,4038.0000,1,2,2,4,3,1,1,1,2,1
SF,IF2006,2020-02-19 14:05:05.900,4037.0000,24025,1,7179981420.000,1,1,0,双开,B,4036.2000,4036.0000,4035.8000,4033.6000,4033.4000,4037.2000,4037.4000,4037.8000,4038.0000,4038.6000,1,2,2,4,3,1,1,2,1,1
SF,IF2006,2020-02-19 14:05:06.900,4037.0000,24025,0,7179981420.000,0,-,-,-,-,4036.2000,4036.0000,4035.8000,4033.6000,4033.4000,4037.4000,4037.8000,4038.0000,4038.6000,4040.0000,1,2,2,4,3,1,1,1,1,2
SF,IF2006,2020-02-19 14:05:08.400,4037.0000,24025,0,7179981420.000,0,-,-,-,-,4036.6000,4036.4000,4036.2000,4036.0000,4035.8000,4037.4000,4037.8000,4038.0000,4038.6000,4040.0000,1,1,1,2,2,1,1,1,1,2
SF,IF2006,2020-02-19 14:05:08.900,4037.4000,24026,1,7181192640.000,1,1,0,双开,B,4037.6000,4036.6000,4036.4000,4036.2000,4036.0000,4037.8000,4038.0000,4038.6000,4040.0000,4040.8000,4,1,1,1,2,1,1,1,2,1
SF,IF2006,2020-02-19 14:05:09.400,4037.6000,24030,4,7186037760.000,4,4,0,双开,B,4036.6000,4036.4000,4036.2000,4036.0000,4035.8000,4037.6000,4037.8000,4038.0000,4038.6000,4040.0000,1,1,1,2,2,4,2,2,1,2
SF,IF2006,2020-02-19 14:05:09.900,4037.6000,24030,0,7186037760.000,0,-,-,-,-,4036.6000,4036.4000,4036.2000,4036.0000,4035.8000,4037.6000,4037.8000,4038.0000,4038.6000,4040.0000,1,1,1,2,2,4,2,2,1,2
SF,IF2006,2020-02-19 14:05:10.400,4036.6000,24030,0,7187248740.000,1,0,1,空换,B,4036.4000,4036.2000,4036.0000,4035.8000,4033.6000,4037.6000,4037.8000,4038.0000,4038.6000,4040.0000,1,1,2,2,4,3,2,2,1,2
SF,IF2006,2020-02-19 14:05:10.900,4036.6000,24030,0,7187248740.000,0,-,-,-,-,4036.4000,4036.2000,4036.0000,4035.8000,4033.6000,4037.4000,4037.6000,4037.8000,4038.0000,4038.6000,1,1,2,2,4,1,3,2,2,1
SF,IF2006,2020-02-19 14:05:11.400,4036.6000,24030,0,7187248740.000,0,-,-,-,-,4036.4000,4036.2000,4036.0000,4035.8000,4033.6000,4037.4000,4037.6000,4037.8000,4038.0000,4038.6000,1,1,2,2,4,1,2,2,2,1
SF,IF2006,2020-02-19 14:05:13.400,4036.6000,24030,0,7187248740.000,0,-,-,-,-,4036.4000,4036.2000,4036.0000,4035.8000,4033.6000,4037.4000,4037.6000,4037.8000,4038.0000,4038.6000,1,1,2,2,4,1,2,1,1,1
SF,IF2006,2020-02-19 14:05:14.400,4036.4000,24030,0,7188459660.000,1,0,1,空换,B,4036.2000,4036.0000,4035.8000,4033.6000,4033.4000,4037.4000,4037.6000,4037.8000,4038.0000,4038.6000,1,2,2,4,3,1,3,1,1,1
SF,IF2006,2020-02-19 14:05:14.900,4036.4000,24030,0,7189670580.000,1,0,1,空换,B,4036.2000,4036.0000,4035.8000,4033.6000,4033.4000,4037.4000,4037.6000,4037.8000,4038.0000,4038.6000,1,2,2,4,3,1,2,1,1,1
SF,IF2006,2020-02-19 14:05:15.400,4036.4000,24030,0,7189670580.000,0,-,-,-,-,4036.4000,4036.2000,4036.0000,4035.8000,4033.6000,4037.4000,4037.8000,4038.0000,4038.6000,4040.0000,2,1,2,2,4,1,1,1,1,2
SF,IF2006,2020-02-19 14:05:15.900,4036.4000,24030,0,7189670580.000,0,-,-,-,-,4036.4000,4036.2000,4036.0000,4035.8000,4033.6000,4037.4000,4037.8000,4038.0000,4038.6000,4040.0000,2,1,2,2,4,1,1,1,1,2
SF,IF2006,2020-02-19 14:05:17.400,4036.4000,24030,0,7189670580.000,0,-,-,-,-,4036.4000,4036.2000,4036.0000,4035.8000,4033.6000,4037.8000,4038.0000,4038.6000,4040.0000,4040.8000,2,1,2,2,4,1,1,1,2,1
SF,IF2006,2020-02-19 14:05:18.400,4036.4000,24030,0,7189670580.000,0,-,-,-,-,4036.4000,4036.2000,4036.0000,4035.8000,4033.6000,4037.6000,4037.8000,4038.0000,4038.6000,4040.0000,2,1,2,2,4,1,1,1,1,2
SF,IF2006,2020-02-19 14:05:18.900,4036.4000,24030,0,7189670580.000,0,-,-,-,-,4036.4000,4036.2000,4036.0000,4035.8000,4035.2000,4037.6000,4037.8000,4038.0000,4038.6000,4040.0000,2,1,2,2,1,1,1,1,1,2
SF,IF2006,2020-02-19 14:05:19.400,4036.4000,24030,0,7189670580.000,0,-,-,-,-,4036.6000,4036.4000,4036.0000,4035.8000,4035.2000,4037.6000,4037.8000,4038.0000,4038.6000,4040.0000,1,2,2,2,1,1,1,1,1,2
SF,IF2006,2020-02-19 14:05:19.900,4036.4000,24030,0,7189670580.000,0,-,-,-,-,4036.6000,4036.4000,4036.0000,4035.8000,4035.2000,4037.6000,4037.8000,4038.6000,4040.0000,4040.8000,1,2,2,2,1,2,1,1,2,1
SF,IF2006,2020-02-19 14:05:20.400,4036.4000,24030,0,7189670580.000,0,-,-,-,-,4036.6000,4036.4000,4036.0000,4035.8000,4035.2000,4037.6000,4037.8000,4038.6000,4040.0000,4040.8000,1,2,2,2,1,1,1,1,2,1
SF,IF2006,2020-02-19 14:05:21.400,4037.6000,24031,1,7190881860.000,1,1,0,双开,B,4036.6000,4036.4000,4036.0000,4035.8000,4035.2000,4037.8000,4038.6000,4040.0000,4040.8000,4042.0000,1,2,2,2,1,2,1,2,1,1
SF,IF2006,2020-02-19 14:05:21.900,4037.6000,24031,0,7190881860.000,0,-,-,-,-,4036.6000,4036.4000,4036.0000,4035.8000,4035.2000,4037.8000,4038.0000,4038.6000,4040.0000,4040.8000,1,2,2,2,1,3,1,1,2,1
SF,IF2006,2020-02-19 14:05:22.400,4037.6000,24031,0,7190881860.000,0,-,-,-,-,4036.8000,4036.6000,4036.4000,4036.0000,4035.8000,4037.6000,4037.8000,4038.6000,4040.0000,4040.8000,1,1,2,2,2,1,3,1,2,1
SF,IF2006,2020-02-19 14:05:23.400,4037.6000,24031,0,7190881860.000,0,-,-,-,-,4036.8000,4036.6000,4036.4000,4036.0000,4035.8000,4037.8000,4038.6000,4040.0000,4040.8000,4042.0000,1,1,2,2,2,3,1,2,1,1
SF,IF2006,2020-02-19 14:05:23.900,4037.6000,24031,0,7190881860.000,0,-,-,-,-,4036.8000,4036.6000,4036.4000,4036.0000,4035.8000,4037.8000,4038.0000,4038.6000,4040.0000,4040.8000,1,1,2,2,2,3,1,1,2,1
SF,IF2006,2020-02-19 14:05:24.400,4037.6000,24031,0,7190881860.000,0,-,-,-,-,4036.8000,4036.6000,4036.4000,4036.0000,4035.8000,4037.8000,4038.6000,4040.0000,4040.8000,4042.0000,1,1,2,2,2,3,1,2,1,1
SF,IF2006,2020-02-19 14:05:25.400,4036.8000,24031,0,7192092900.000,1,0,1,空换,B,4036.6000,4036.4000,4036.0000,4035.8000,4035.2000,4037.6000,4037.8000,4038.6000,4040.0000,4040.8000,1,2,2,2,1,1,3,1,2,1
SF,IF2006,2020-02-19 14:05:26.400,4036.8000,24031,0,7192092900.000,0,-,-,-,-,4036.6000,4036.4000,4036.0000,4035.8000,4035.2000,4037.4000,4037.6000,4037.8000,4038.6000,4040.0000,1,2,2,2,1,1,1,3,1,2
SF,IF2006,2020-02-19 14:05:27.400,4036.6000,24032,1,7193303880.000,1,1,0,双开,B,4036.4000,4036.0000,4035.8000,4035.2000,4033.6000,4037.4000,4037.6000,4037.8000,4038.6000,4040.0000,2,2,2,1,4,1,1,3,1,2
SF,IF2006,2020-02-19 14:05:30.400,4036.6000,24032,0,7193303880.000,0,-,-,-,-,4036.8000,4036.4000,4036.0000,4035.8000,4035.2000,4037.4000,4037.8000,4038.6000,4040.0000,4040.8000,3,2,2,2,1,1,3,1,2,1
SF,IF2006,2020-02-19 14:05:30.900,4036.6000,24032,0,7193303880.000,0,-,-,-,-,4036.8000,4036.4000,4036.0000,4035.8000,4035.2000,4037.8000,4038.6000,4040.0000,4040.8000,4042.0000,3,2,2,2,1,3,1,2,1,1
SF,IF2006,2020-02-19 14:05:31.400,4036.6000,24032,0,7193303880.000,0,-,-,-,-,4036.8000,4036.4000,4036.0000,4035.8000,4035.2000,4037.8000,4038.6000,4040.0000,4040.8000,4042.0000,3,2,2,2,1,2,1,2,1,1
SF,IF2006,2020-02-19 14:05:31.900,4036.6000,24032,0,7193303880.000,0,-,-,-,-,4036.8000,4036.4000,4036.0000,4035.8000,4035.2000,4037.8000,4038.6000,4040.0000,4040.8000,4042.0000,3,2,2,2,1,2,1,2,1,1
SF,IF2006,2020-02-19 14:05:32.900,4036.6000,24032,0,7193303880.000,0,-,-,-,-,4037.4000,4036.8000,4036.4000,4036.0000,4035.8000,4037.8000,4038.6000,4040.0000,4040.8000,4042.0000,1,3,2,2,2,2,1,2,1,1
SF,IF2006,2020-02-19 14:05:33.400,4037.4000,24031,-1,7194515100.000,1,0,1,双平,B,4036.8000,4036.4000,4036.0000,4035.8000,4035.2000,4037.8000,4038.6000,4040.0000,4040.8000,4042.0000,3,2,2,2,1,2,1,2,1,1
SF,IF2006,2020-02-19 14:05:34.400,4037.4000,24031,0,7194515100.000,0,-,-,-,-,4036.8000,4036.4000,4036.0000,4035.8000,4035.2000,4037.4000,4037.8000,4038.6000,4040.0000,4040.8000,3,2,2,2,1,1,2,1,2,1
SF,IF2006,2020-02-19 14:05:35.400,4036.8000,24030,-1,7196937360.000,2,0,2,空平,B,4036.8000,4036.4000,4036.0000,4035.8000,4035.2000,4037.8000,4038.6000,4040.0000,4040.8000,4042.0000,2,2,2,2,1,2,1,2,1,1
SF,IF2006,2020-02-19 14:05:35.900,4036.8000,24030,0,7196937360.000,0,-,-,-,-,4037.0000,4036.8000,4036.4000,4036.0000,4035.8000,4037.8000,4038.6000,4040.0000,4042.0000,4043.6000,1,2,2,2,2,2,1,2,1,1
SF,IF2006,2020-02-19 14:05:36.400,4036.8000,24030,0,7196937360.000,0,-,-,-,-,4037.0000,4036.8000,4036.6000,4036.4000,4036.0000,4037.8000,4038.6000,4040.0000,4042.0000,4043.6000,1,2,1,2,2,2,1,2,1,1
SF,IF2006,2020-02-19 14:05:37.900,4036.8000,24030,0,7196937360.000,0,-,-,-,-,4037.0000,4036.8000,4036.6000,4036.4000,4036.0000,4037.6000,4037.8000,4038.6000,4040.0000,4042.0000,1,2,1,2,2,1,2,1,2,1
SF,IF2006,2020-02-19 14:05:38.400,4036.8000,24030,0,7196937360.000,0,-,-,-,-,4036.8000,4036.6000,4036.4000,4036.0000,4035.8000,4037.6000,4037.8000,4038.6000,4040.0000,4042.0000,2,1,2,2,2,1,2,1,2,1
SF,IF2006,2020-02-19 14:05:40.900,4036.8000,24030,0,7196937360.000,0,-,-,-,-,4037.0000,4036.8000,4036.6000,4036.4000,4036.0000,4037.6000,4037.8000,4038.6000,4040.0000,4042.0000,1,2,1,2,2,1,2,1,2,1
SF,IF2006,2020-02-19 14:05:41.400,4037.6000,24030,0,7199359920.000,2,1,1,空换,B,4037.2000,4037.0000,4036.8000,4036.0000,4035.8000,4037.8000,4038.6000,4040.0000,4042.0000,4043.6000,2,1,2,2,2,2,1,2,1,1
SF,IF2006,2020-02-19 14:05:41.900,4037.8000,24032,2,7201782600.000,2,2,0,双开,B,4037.2000,4037.0000,4036.8000,4036.0000,4035.8000,4038.6000,4040.0000,4042.0000,4043.6000,4045.0000,2,1,2,2,2,1,2,1,1,8
SF,IF2006,2020-02-19 14:05:42.400,4037.8000,24032,0,7201782600.000,0,-,-,-,-,4037.4000,4037.2000,4036.8000,4036.0000,4035.8000,4038.4000,4038.6000,4040.0000,4042.0000,4043.6000,2,2,2,2,2,1,1,2,1,1
SF,IF2006,2020-02-19 14:05:42.900,4038.4000,24032,0,7202994120.000,1,0,1,空换,B,4037.4000,4037.2000,4036.8000,4036.0000,4035.8000,4038.6000,4040.0000,4042.0000,4043.6000,4045.0000,3,2,2,2,2,1,2,1,1,8
SF,IF2006,2020-02-19 14:05:43.400,4038.4000,24032,0,7202994120.000,0,-,-,-,-,4037.4000,4037.2000,4036.8000,4036.0000,4035.8000,4038.6000,4040.0000,4042.0000,4043.6000,4045.0000,3,2,2,2,2,1,2,1,1,8
SF,IF2006,2020-02-19 14:05:43.900,4038.4000,24032,0,7202994120.000,0,-,-,-,-,4037.6000,4037.4000,4036.8000,4036.0000,4035.8000,4038.6000,4040.0000,4042.0000,4043.6000,4045.0000,1,2,2,2,2,1,2,1,1,8
SF,IF2006,2020-02-19 14:05:44.400,4038.4000,24032,0,7202994120.000,0,-,-,-,-,4037.6000,4037.4000,4036.8000,4036.0000,4035.8000,4038.6000,4040.0000,4042.0000,4043.6000,4045.0000,2,1,2,2,2,1,2,1,1,8
SF,IF2006,2020-02-19 14:05:44.900,4038.4000,24032,0,7202994120.000,0,-,-,-,-,4037.6000,4037.4000,4036.8000,4036.0000,4035.8000,4038.6000,4040.0000,4042.0000,4043.6000,4045.0000,1,1,2,2,2,1,2,1,1,8
SF,IF2006,2020-02-19 14:05:45.400,4038.4000,24032,0,7202994120.000,0,-,-,-,-,4037.8000,4037.6000,4036.8000,4036.0000,4035.8000,4038.6000,4040.0000,4042.0000,4043.6000,4045.0000,1,1,3,2,2,1,2,1,1,8
SF,IF2006,2020-02-19 14:05:47.400,4038.4000,24032,0,7202994120.000,0,-,-,-,-,4038.0000,4037.8000,4037.6000,4036.8000,4036.0000,4038.6000,4040.0000,4042.0000,4043.6000,4045.0000,3,1,1,3,2,1,2,1,1,8
SF,IF2006,2020-02-19 14:05:48.400,4038.0000,24033,1,7205416920.000,2,1,1,多开,B,4038.0000,4037.8000,4037.6000,4036.8000,4036.0000,4038.6000,4040.0000,4042.0000,4043.6000,4045.0000,1,1,1,3,2,1,2,1,1,8
SF,IF2006,2020-02-19 14:05:48.900,4038.0000,24033,0,7206628320.000,1,0,1,空换,B,4037.8000,4037.6000,4036.8000,4036.0000,4035.8000,4038.6000,4040.0000,4042.0000,4043.6000,4045.0000,1,1,3,2,2,1,2,1,1,8
SF,IF2006,2020-02-19 14:05:49.400,4038.0000,24033,0,7206628320.000,0,-,-,-,-,4038.4000,4037.8000,4037.6000,4036.8000,4036.0000,4038.6000,4040.0000,4042.0000,4043.6000,4045.0000,1,1,1,3,2,1,2,1,1,8
SF,IF2006,2020-02-19 14:05:49.900,4038.6000,24034,1,7209051480.000,2,1,1,多开,B,4038.4000,4037.8000,4037.6000,4036.8000,4036.0000,4040.0000,4042.0000,4043.6000,4045.0000,4045.8000,1,1,1,3,2,2,1,1,8,1
SF,IF2006,2020-02-19 14:05:50.400,4038.4000,24034,0,7210263000.000,1,0,1,空换,B,4037.8000,4037.6000,4036.8000,4036.0000,4035.8000,4039.4000,4039.6000,4039.8000,4040.0000,4042.0000,1,1,3,2,2,1,1,8,2,1
SF,IF2006,2020-02-19 14:05:50.900,4038.4000,24034,0,7210263000.000,0,-,-,-,-,4038.0000,4037.8000,4036.8000,4036.0000,4035.2000,4039.4000,4039.6000,4039.8000,4040.0000,4042.0000,2,1,3,2,1,2,1,8,2,1
SF,IF2006,2020-02-19 14:05:51.400,4038.4000,24034,0,7210263000.000,0,-,-,-,-,4038.0000,4037.8000,4036.8000,4036.0000,4035.2000,4039.4000,4039.6000,4039.8000,4040.0000,4042.0000,2,1,3,2,1,2,1,6,2,1
SF,IF2006,2020-02-19 14:05:51.900,4038.4000,24034,0,7210263000.000,0,-,-,-,-,4038.2000,4038.0000,4037.8000,4036.8000,4036.0000,4039.4000,4039.6000,4039.8000,4040.0000,4042.0000,1,2,1,3,2,1,1,4,2,1
SF,IF2006,2020-02-19 14:05:52.400,4038.4000,24034,0,7210263000.000,0,-,-,-,-,4039.4000,4038.4000,4038.2000,4037.8000,4036.8000,4039.6000,4039.8000,4040.0000,4042.0000,4043.6000,2,2,1,1,3,1,2,2,1,1
SF,IF2006,2020-02-19 14:05:52.900,4039.4000,24037,3,7213898520.000,3,3,0,双开,B,4038.4000,4038.2000,4037.8000,4036.8000,4036.0000,4039.4000,4040.0000,4042.0000,4043.6000,4045.0000,2,1,1,3,2,1,2,1,1,8
SF,IF2006,2020-02-19 14:05:53.400,4038.6000,24036,-1,7215110100.000,1,0,1,双平,B,4038.6000,4038.4000,4038.2000,4037.8000,4036.8000,4040.0000,4042.0000,4043.6000,4045.0000,4045.8000,2,2,1,1,1,2,1,1,8,1
SF,IF2006,2020-02-19 14:05:53.900,4038.6000,24036,0,7215110100.000,0,-,-,-,-,4039.0000,4038.8000,4038.6000,4037.8000,4036.8000,4040.0000,4042.0000,4043.6000,4045.0000,4045.8000,1,2,2,1,1,2,1,1,8,1
SF,IF2006,2020-02-19 14:05:54.400,4038.6000,24036,0,7215110100.000,0,-,-,-,-,4039.4000,4039.2000,4038.8000,4038.6000,4037.8000,4040.0000,4042.0000,4043.6000,4045.0000,4045.8000,1,1,2,1,1,2,1,1,8,1
SF,IF2006,2020-02-19 14:05:54.900,4038.6000,24036,0,7215110100.000,0,-,-,-,-,4039.4000,4039.2000,4038.8000,4038.6000,4037.8000,4040.0000,4042.0000,4043.6000,4045.0000,4045.8000,1,1,2,1,1,2,1,1,8,1
SF,IF2006,2020-02-19 14:05:55.400,4038.6000,24036,0,7215110100.000,0,-,-,-,-,4039.6000,4039.4000,4039.2000,4038.8000,4037.8000,4040.0000,4042.0000,4043.6000,4045.0000,4045.8000,2,1,1,2,1,2,1,1,8,1
SF,IF2006,2020-02-19 14:05:55.900,4038.6000,24036,0,7215110100.000,0,-,-,-,-,4039.6000,4039.4000,4039.2000,4038.8000,4037.8000,4040.0000,4042.0000,4043.6000,4045.0000,4045.8000,2,1,1,2,1,2,1,1,8,1
SF,IF2006,2020-02-19 14:05:56.400,4039.4000,24036,0,7218745560.000,3,1,2,空换,B,4039.2000,4038.8000,4037.8000,4036.8000,4036.0000,4039.4000,4040.0000,4042.0000,4043.6000,4045.0000,1,2,1,1,2,1,2,1,1,8
SF,IF2006,2020-02-19 14:05:56.900,4039.4000,24036,0,7219957380.000,1,0,1,空换,B,4039.6000,4038.8000,4037.8000,4036.8000,4036.0000,4040.0000,4042.0000,4043.6000,4045.0000,4045.8000,1,2,1,1,2,2,1,1,8,1
SF,IF2006,2020-02-19 14:05:57.400,4039.4000,24036,0,7219957380.000,0,-,-,-,-,4038.8000,4037.8000,4036.8000,4036.0000,4035.2000,4040.0000,4042.0000,4043.6000,4045.0000,4045.8000,2,1,1,2,1,2,1,1,8,1
SF,IF2006,2020-02-19 14:05:57.900,4039.4000,24036,0,7219957380.000,0,-,-,-,-,4039.0000,4038.8000,4037.8000,4036.8000,4036.0000,4040.0000,4042.0000,4043.6000,4045.0000,4045.8000,1,2,1,1,2,2,1,1,8,1
SF,IF2006,2020-02-19 14:05:58.400,4039.4000,24036,0,7219957380.000,0,-,-,-,-,4039.2000,4039.0000,4037.8000,4036.8000,4036.0000,4040.0000,4042.0000,4043.6000,4045.0000,4045.8000,2,1,1,1,2,2,1,1,8,1
SF,IF2006,2020-02-19 14:06:01.400,4040.0000,24037,1,7221169380.000,1,1,0,双开,B,4039.2000,4039.0000,4037.8000,4036.8000,4036.0000,4040.0000,4042.0000,4043.6000,4045.0000,4045.8000,2,1,1,1,2,1,1,1,8,1
SF,IF2006,2020-02-19 14:06:01.900,4040.0000,24037,0,7221169380.000,0,-,-,-,-,4039.2000,4039.0000,4037.8000,4036.8000,4036.0000,4040.0000,4042.0000,4043.6000,4045.0000,4045.8000,2,1,1,1,2,1,1,1,8,1
SF,IF2006,2020-02-19 14:06:02.400,4040.0000,24037,0,7221169380.000,0,-,-,-,-,4039.4000,4039.2000,4039.0000,4036.8000,4036.0000,4040.0000,4042.0000,4043.6000,4045.0000,4045.8000,1,2,1,1,2,1,1,1,8,1
SF,IF2006,2020-02-19 14:06:03.400,4039.4000,24037,0,7222381200.000,1,0,1,空换,B,4039.2000,4039.0000,4036.8000,4036.0000,4035.2000,4040.0000,4042.0000,4043.6000,4045.0000,4045.8000,2,1,1,2,1,1,1,1,8,1
SF,IF2006,2020-02-19 14:06:04.400,4039.4000,24037,0,7222381200.000,0,-,-,-,-,4039.4000,4039.2000,4039.0000,4036.8000,4036.0000,4040.0000,4042.0000,4043.6000,4045.0000,4045.8000,1,2,1,1,2,1,1,1,8,1
SF,IF2006,2020-02-19 14:06:04.900,4039.4000,24037,0,7222381200.000,0,-,-,-,-,4039.4000,4039.0000,4036.8000,4036.0000,4035.2000,4040.0000,4042.0000,4043.6000,4045.0000,4045.8000,1,1,1,2,1,1,1,1,8,1
SF,IF2006,2020-02-19 14:06:05.900,4039.4000,24037,0,7222381200.000,0,-,-,-,-,4039.0000,4036.8000,4036.0000,4035.2000,4033.6000,4040.0000,4042.0000,4043.6000,4045.0000,4045.8000,1,1,2,1,4,3,1,1,8,1
SF,IF2006,2020-02-19 14:06:06.900,4039.4000,24037,0,7222381200.000,0,-,-,-,-,4039.0000,4036.8000,4036.0000,4035.2000,4033.6000,4040.0000,4042.0000,4043.6000,4045.0000,4045.8000,1,1,2,1,4,3,1,1,7,1
SF,IF2006,2020-02-19 14:06:07.900,4039.4000,24037,0,7222381200.000,0,-,-,-,-,4039.2000,4039.0000,4036.8000,4036.0000,4035.2000,4040.0000,4042.0000,4043.6000,4045.0000,4045.8000,1,1,1,2,1,3,1,1,7,1
SF,IF2006,2020-02-19 14:06:09.900,4039.4000,24037,0,7222381200.000,0,-,-,-,-,4039.4000,4039.2000,4039.0000,4036.8000,4036.0000,4040.0000,4042.0000,4043.6000,4045.0000,4045.8000,1,1,1,1,2,3,1,1,7,1
SF,IF2006,2020-02-19 14:06:10.400,4040.0000,24039,2,7226017200.000,3,2,1,多开,B,4039.4000,4039.2000,4039.0000,4036.8000,4036.0000,4042.0000,4043.6000,4045.0000,4045.8000,4046.4000,1,1,1,1,2,1,1,7,1,1
SF,IF2006,2020-02-19 14:06:10.900,4040.0000,24039,0,7226017200.000,0,-,-,-,-,4039.6000,4039.4000,4039.2000,4039.0000,4036.8000,4041.6000,4041.8000,4042.0000,4043.6000,4045.0000,2,1,1,1,1,2,10,1,1,7
SF,IF2006,2020-02-19 14:06:11.400,4040.0000,24039,0,7226017200.000,0,-,-,-,-,4039.6000,4039.4000,4039.0000,4036.8000,4036.0000,4041.4000,4041.6000,4041.8000,4042.0000,4043.6000,2,1,1,1,2,3,2,4,1,1
SF,IF2006,2020-02-19 14:06:11.900,4040.0000,24039,0,7226017200.000,0,-,-,-,-,4039.6000,4039.4000,4039.0000,4036.8000,4036.0000,4041.4000,4041.6000,4041.8000,4042.0000,4043.6000,2,1,1,1,2,3,2,4,1,1
SF,IF2006,2020-02-19 14:06:12.400,4040.0000,24039,0,7226017200.000,0,-,-,-,-,4039.8000,4039.6000,4039.0000,4036.8000,4036.0000,4041.4000,4041.6000,4041.8000,4042.0000,4043.6000,1,2,1,1,2,3,1,3,1,1
SF,IF2006,2020-02-19 14:06:12.900,4040.0000,24039,0,7226017200.000,0,-,-,-,-,4040.0000,4039.8000,4039.0000,4036.8000,4036.0000,4041.4000,4041.6000,4041.8000,4042.0000,4043.6000,2,1,1,1,2,3,1,3,1,1
SF,IF2006,2020-02-19 14:06:13.400,4040.0000,24039,0,7226017200.000,0,-,-,-,-,4040.0000,4039.8000,4039.0000,4036.8000,4036.0000,4041.4000,4041.6000,4041.8000,4042.0000,4043.6000,2,1,1,1,2,2,1,3,1,1
SF,IF2006,2020-02-19 14:06:14.400,4040.0000,24039,0,7226017200.000,0,-,-,-,-,4040.0000,4039.0000,4036.8000,4036.0000,4035.2000,4041.4000,4041.6000,4041.8000,4042.0000,4043.6000,2,1,1,2,1,2,1,1,1,1
SF,IF2006,2020-02-19 14:06:14.900,4041.4000,24039,0,7227229620.000,1,0,1,空换,B,4040.0000,4039.0000,4036.8000,4036.0000,4035.2000,4041.4000,4041.6000,4041.8000,4042.0000,4043.6000,2,1,1,2,1,1,1,1,1,1
SF,IF2006,2020-02-19 14:06:15.400,4041.4000,24039,0,7227229620.000,0,-,-,-,-,4040.2000,4040.0000,4039.0000,4036.8000,4036.0000,4041.4000,4041.6000,4042.0000,4043.6000,4045.0000,1,2,1,1,2,1,1,1,1,7
SF,IF2006,2020-02-19 14:06:15.900,4041.4000,24039,0,7227229620.000,0,-,-,-,-,4040.2000,4040.0000,4039.0000,4036.8000,4036.0000,4041.4000,4041.6000,4042.0000,4043.6000,4045.0000,1,2,1,1,2,3,1,1,1,7
SF,IF2006,2020-02-19 14:06:16.900,4041.4000,24039,0,7227229620.000,0,-,-,-,-,4040.2000,4040.0000,4039.0000,4036.8000,4036.0000,4041.2000,4041.4000,4041.6000,4042.0000,4043.6000,1,2,1,1,2,1,3,1,1,1
SF,IF2006,2020-02-19 14:06:17.400,4041.4000,24039,0,7227229620.000,0,-,-,-,-,4040.2000,4040.0000,4039.0000,4036.8000,4036.0000,4041.2000,4041.4000,4041.6000,4042.0000,4043.6000,1,2,1,1,2,1,3,1,1,1
SF,IF2006,2020-02-19 14:06:17.900,4041.4000,24039,0,7227229620.000,0,-,-,-,-,4040.0000,4039.0000,4036.8000,4036.0000,4035.2000,4041.2000,4041.4000,4041.6000,4042.0000,4043.6000,2,1,1,2,1,1,3,1,1,1
SF,IF2006,2020-02-19 14:06:18.900,4040.0000,24039,0,7228441620.000,1,0,1,空换,B,4040.0000,4039.0000,4036.8000,4036.0000,4035.2000,4041.2000,4041.4000,4041.6000,4042.0000,4043.6000,1,1,1,2,1,1,3,1,1,1
SF,IF2006,2020-02-19 14:06:19.400,4040.0000,24039,0,7228441620.000,0,-,-,-,-,4040.0000,4039.0000,4036.8000,4036.0000,4035.2000,4041.0000,4041.2000,4041.4000,4041.6000,4042.0000,1,1,2,2,1,1,1,3,1,1
SF,IF2006,2020-02-19 14:06:19.900,4041.0000,24040,1,7229653920.000,1,1,0,双开,B,4040.0000,4039.0000,4036.8000,4036.0000,4035.2000,4041.2000,4041.4000,4042.0000,4043.6000,4045.0000,1,1,2,2,1,1,3,1,1,7
SF,IF2006,2020-02-19 14:06:20.900,4041.0000,24040,0,7229653920.000,0,-,-,-,-,4040.0000,4039.0000,4036.8000,4036.0000,4035.2000,4041.4000,4042.0000,4043.6000,4045.0000,4045.8000,1,1,2,2,1,3,1,1,7,2
SF,IF2006,2020-02-19 14:06:21.900,4041.0000,24040,0,7229653920.000,0,-,-,-,-,4041.2000,4040.2000,4040.0000,4039.0000,4036.8000,4041.4000,4042.0000,4043.6000,4045.0000,4045.8000,1,1,1,1,2,3,1,1,7,2
SF,IF2006,2020-02-19 14:06:22.400,4041.2000,24040,0,7230866280.000,1,0,1,空换,B,4040.2000,4040.0000,4039.0000,4036.8000,4036.0000,4041.0000,4041.2000,4041.4000,4042.0000,4043.6000,1,1,1,2,2,1,1,3,1,1
SF,IF2006,2020-02-19 14:06:22.900,4041.2000,24040,0,7230866280.000,0,-,-,-,-,4040.4000,4040.2000,4040.0000,4039.0000,4036.8000,4041.2000,4041.4000,4042.0000,4043.6000,4045.0000,1,1,1,1,2,1,2,1,1,7
SF,IF2006,2020-02-19 14:06:24.400,4041.2000,24040,0,7230866280.000,0,-,-,-,-,4040.4000,4040.2000,4040.0000,4039.0000,4036.8000,4041.2000,4041.4000,4042.0000,4043.6000,4045.0000,1,1,1,1,2,1,2,2,1,7
SF,IF2006,2020-02-19 14:06:24.900,4041.2000,24039,-1,7232078640.000,1,0,1,双平,B,4041.2000,4040.6000,4040.4000,4040.2000,4039.0000,4041.4000,4042.0000,4043.6000,4045.0000,4045.8000,2,2,1,1,1,2,2,1,2,2
SF,IF2006,2020-02-19 14:06:25.400,4041.4000,24041,2,7234503480.000,2,2,0,双开,B,4041.2000,4040.6000,4039.0000,4036.8000,4036.0000,4042.0000,4043.6000,4045.0000,4045.8000,4046.4000,2,3,1,2,2,2,1,2,2,1
SF,IF2006,2020-02-19 14:06:25.900,4041.4000,24041,0,7234503480.000,0,-,-,-,-,4041.2000,4041.0000,4040.6000,4039.0000,4036.8000,4042.0000,4043.6000,4045.0000,4045.8000,4046.4000,2,1,3,1,2,2,1,2,2,1
SF,IF2006,2020-02-19 14:06:26.400,4041.4000,24041,0,7234503480.000,0,-,-,-,-,4041.2000,4041.0000,4040.6000,4039.0000,4036.8000,4042.0000,4043.6000,4045.0000,4045.8000,4046.4000,2,1,2,1,2,2,1,2,2,1
SF,IF2006,2020-02-19 14:06:26.900,4041.4000,24041,0,7234503480.000,0,-,-,-,-,4041.2000,4040.6000,4039.0000,4036.8000,4036.0000,4042.0000,4043.6000,4045.0000,4045.8000,4046.4000,2,2,1,2,2,2,1,2,2,1
SF,IF2006,2020-02-19 14:06:27.400,4041.4000,24041,0,7234503480.000,0,-,-,-,-,4041.4000,4041.2000,4040.6000,4039.0000,4036.8000,4042.0000,4043.6000,4045.0000,4045.8000,4046.4000,1,2,2,1,2,2,1,2,2,1
SF,IF2006,2020-02-19 14:06:27.900,4041.4000,24042,1,7235715900.000,1,1,0,双开,B,4041.2000,4040.6000,4039.0000,4036.8000,4036.0000,4042.0000,4043.6000,4045.0000,4045.8000,4046.4000,2,2,1,2,2,2,1,2,2,1
SF,IF2006,2020-02-19 14:06:28.400,4041.4000,24042,0,7235715900.000,0,-,-,-,-,4041.4000,4041.2000,4039.0000,4036.8000,4036.0000,4042.0000,4043.6000,4045.0000,4045.8000,4046.4000,2,2,1,2,2,2,1,2,2,1
SF,IF2006,2020-02-19 14:06:28.900,4041.4000,24043,1,7236928320.000,1,1,0,双开,B,4041.4000,4041.2000,4039.0000,4036.8000,4036.0000,4042.0000,4043.6000,4045.0000,4045.8000,4046.4000,2,2,1,2,2,2,1,2,2,1
SF,IF2006,2020-02-19 14:06:29.900,4041.4000,24043,0,7236928320.000,0,-,-,-,-,4041.6000,4041.4000,4041.2000,4039.0000,4036.8000,4042.0000,4043.6000,4045.0000,4045.8000,4046.4000,1,3,2,1,2,2,1,2,2,1
SF,IF2006,2020-02-19 14:06:30.400,4042.0000,24043,0,7239353520.000,2,1,1,空换,B,4041.6000,4041.4000,4039.0000,4036.8000,4036.0000,4041.8000,4043.6000,4045.0000,4045.8000,4046.4000,1,3,1,2,2,1,1,2,2,1
SF,IF2006,2020-02-19 14:06:30.900,4041.8000,24044,1,7240566060.000,1,1,0,双开,B,4042.0000,4041.8000,4041.6000,4041.4000,4039.0000,4043.6000,4045.0000,4045.8000,4046.4000,4047.8000,1,2,1,3,1,1,2,2,1,1
SF,IF2006,2020-02-19 14:06:31.400,4041.8000,24044,0,7240566060.000,0,-,-,-,-,4041.8000,4041.6000,4041.4000,4039.0000,4036.8000,4043.0000,4043.2000,4043.4000,4043.6000,4045.0000,2,1,3,1,2,2,1,7,1,2
SF,IF2006,2020-02-19 14:06:31.900,4041.8000,24044,0,7240566060.000,0,-,-,-,-,4041.8000,4041.6000,4041.4000,4039.0000,4036.8000,4043.0000,4043.2000,4043.4000,4043.6000,4045.0000,2,1,3,1,2,1,1,6,1,2
SF,IF2006,2020-02-19 14:06:32.400,4041.8000,24044,0,7240566060.000,0,-,-,-,-,4042.0000,4041.8000,4041.6000,4041.4000,4039.0000,4043.0000,4043.2000,4043.4000,4043.6000,4045.0000,3,2,1,3,1,1,1,6,1,2
SF,IF2006,2020-02-19 14:06:32.900,4041.8000,24044,0,7240566060.000,0,-,-,-,-,4042.0000,4041.8000,4041.6000,4041.4000,4039.0000,4042.8000,4043.2000,4043.4000,4043.6000,4045.0000,3,2,1,2,1,1,1,6,1,2
SF,IF2006,2020-02-19 14:06:33.400,4041.8000,24044,0,7240566060.000,0,-,-,-,-,4042.0000,4041.8000,4041.6000,4041.4000,4039.0000,4042.8000,4043.4000,4043.6000,4045.0000,4045.8000,3,2,1,2,1,1,4,1,2,2
SF,IF2006,2020-02-19 14:06:33.900,4042.0000,24043,-1,7241778660.000,1,0,1,双平,B,4042.0000,4041.8000,4041.6000,4041.4000,4039.0000,4042.8000,4043.4000,4043.6000,4045.0000,4045.8000,2,2,1,2,1,1,4,1,2,2
SF,IF2006,2020-02-19 14:06:34.400,4042.0000,24043,0,7241778660.000,0,-,-,-,-,4042.0000,4041.8000,4041.6000,4041.4000,4039.0000,4042.8000,4043.4000,4043.6000,4045.0000,4045.8000,2,3,1,2,1,1,4,1,2,2
SF,IF2006,2020-02-19 14:06:34.900,4042.8000,24043,0,7242991500.000,1,0,1,空换,B,4042.8000,4042.2000,4042.0000,4041.8000,4041.6000,4043.4000,4043.6000,4045.0000,4045.8000,4046.4000,1,2,2,1,1,4,1,2,2,1
SF,IF2006,2020-02-19 14:06:35.400,4042.8000,24043,0,7245417360.000,2,1,1,空换,B,4042.2000,4042.0000,4041.8000,4039.0000,4036.8000,4043.2000,4043.4000,4043.6000,4045.0000,4045.8000,3,2,1,1,2,1,3,1,2,2
SF,IF2006,2020-02-19 14:06:35.900,4042.4000,24044,1,7247843040.000,2,1,1,多开,B,4042.4000,4042.2000,4042.0000,4041.8000,4039.0000,4043.6000,4045.0000,4045.8000,4046.4000,4047.8000,2,3,2,1,1,1,2,2,1,1
SF,IF2006,2020-02-19 14:06:36.400,4042.4000,24044,0,7247843040.000,0,-,-,-,-,4042.6000,4042.4000,4042.0000,4040.0000,4039.0000,4043.4000,4043.6000,4045.0000,4045.8000,4046.4000,3,2,2,1,1,1,1,2,2,1
SF,IF2006,2020-02-19 14:06:36.900,4042.4000,24044,0,7247843040.000,0,-,-,-,-,4042.6000,4042.4000,4042.0000,4040.0000,4039.0000,4042.8000,4043.4000,4043.6000,4045.0000,4045.8000,3,2,2,1,1,1,2,1,2,2
SF,IF2006,2020-02-19 14:06:37.400,4042.6000,24047,3,7251481440.000,3,3,0,双开,B,4042.6000,4042.4000,4042.0000,4040.0000,4039.0000,4043.4000,4043.6000,4045.0000,4045.8000,4046.4000,1,2,2,1,1,2,1,2,2,1
SF,IF2006,2020-02-19 14:06:37.900,4042.6000,24047,0,7251481440.000,0,-,-,-,-,4042.6000,4042.4000,4042.0000,4040.0000,4039.0000,4043.2000,4043.4000,4043.6000,4045.0000,4045.8000,1,2,2,1,1,1,1,1,2,2
SF,IF2006,2020-02-19 14:06:38.400,4043.4000,24048,1,7252694460.000,1,1,0,双开,B,4043.4000,4042.6000,4042.4000,4042.0000,4040.0000,4043.6000,4045.0000,4045.8000,4046.4000,4047.8000,1,1,2,2,1,1,2,2,1,1
SF,IF2006,2020-02-19 14:06:38.900,4043.4000,24048,0,7253907480.000,1,0,1,空换,B,4042.6000,4042.4000,4042.0000,4040.0000,4039.0000,4043.4000,4043.6000,4045.0000,4045.8000,4046.4000,1,2,2,1,1,4,2,2,2,1
SF,IF2006,2020-02-19 14:06:39.400,4043.4000,24048,0,7253907480.000,0,-,-,-,-,4042.6000,4042.4000,4042.0000,4040.0000,4039.0000,4043.0000,4043.2000,4043.4000,4043.6000,4045.0000,1,2,2,1,1,1,4,2,1,2
SF,IF2006,2020-02-19 14:06:39.900,4043.4000,24048,0,7253907480.000,0,-,-,-,-,4042.4000,4042.0000,4040.0000,4039.0000,4036.8000,4043.0000,4043.2000,4043.4000,4043.6000,4045.0000,2,2,1,1,2,1,3,2,1,2
SF,IF2006,2020-02-19 14:06:40.900,4043.4000,24049,1,7255120500.000,1,1,0,双开,B,4042.4000,4042.0000,4040.0000,4039.0000,4036.8000,4043.2000,4043.4000,4043.6000,4045.0000,4045.8000,2,2,1,1,2,3,1,1,2,2
SF,IF2006,2020-02-19 14:06:41.400,4043.4000,24049,0,7255120500.000,0,-,-,-,-,4042.4000,4042.0000,4040.0000,4039.0000,4038.0000,4043.0000,4043.2000,4043.4000,4043.6000,4045.0000,2,2,1,1,1,1,2,1,1,2
SF,IF2006,2020-02-19 14:06:41.900,4043.4000,24049,0,7255120500.000,0,-,-,-,-,4042.4000,4042.0000,4040.0000,4039.0000,4038.0000,4043.2000,4043.4000,4043.6000,4045.0000,4045.8000,2,2,1,1,1,2,1,1,2,1
SF,IF2006,2020-02-19 14:06:42.400,4043.4000,24049,0,7255120500.000,0,-,-,-,-,4042.0000,4040.0000,4039.0000,4038.0000,4036.8000,4043.0000,4043.2000,4043.4000,4043.6000,4045.0000,2,1,1,1,2,1,2,1,1,2
SF,IF2006,2020-02-19 14:06:42.900,4043.4000,24049,0,7255120500.000,0,-,-,-,-,4043.0000,4042.0000,4040.0000,4039.0000,4038.0000,4043.2000,4043.4000,4043.6000,4045.0000,4045.8000,2,2,1,1,1,2,1,1,2,1
SF,IF2006,2020-02-19 14:06:43.400,4043.0000,24051,2,7257546300.000,2,2,0,双开,B,4042.0000,4040.0000,4039.0000,4038.0000,4036.8000,4042.6000,4042.8000,4043.0000,4043.2000,4043.6000,2,1,1,1,2,1,2,1,2,1
SF,IF2006,2020-02-19 14:06:43.900,4042.6000,24050,-1,7258759080.000,1,0,1,双平,B,4042.2000,4042.0000,4040.0000,4039.0000,4038.0000,4043.0000,4043.2000,4043.6000,4045.0000,4045.8000,2,2,1,1,1,1,2,1,2,1
SF,IF2006,2020-02-19 14:06:44.400,4042.6000,24050,0,7258759080.000,0,-,-,-,-,4042.2000,4042.0000,4040.0000,4039.0000,4038.0000,4043.0000,4043.2000,4043.6000,4045.0000,4045.8000,3,2,1,1,1,1,2,1,2,1
SF,IF2006,2020-02-19 14:06:44.900,4042.6000,24050,0,7258759080.000,0,-,-,-,-,4042.2000,4042.0000,4040.0000,4039.0000,4038.0000,4043.0000,4043.2000,4043.6000,4045.0000,4045.8000,3,2,1,1,1,1,3,1,2,1
SF,IF2006,2020-02-19 14:06:45.900,4042.6000,24050,0,7258759080.000,0,-,-,-,-,4042.2000,4042.0000,4040.0000,4039.0000,4038.0000,4042.8000,4043.0000,4043.2000,4043.6000,4045.0000,2,2,1,1,1,2,2,2,1,2
SF,IF2006,2020-02-19 14:06:46.400,4042.8000,24051,1,7259971920.000,1,1,0,双开,B,4042.2000,4042.0000,4040.0000,4039.0000,4038.0000,4042.6000,4042.8000,4043.0000,4043.6000,4045.0000,2,2,1,1,1,1,1,1,1,2
SF,IF2006,2020-02-19 14:06:46.900,4042.4000,24053,2,7263610260.000,3,2,1,多开,B,4042.2000,4042.0000,4040.0000,4039.0000,4038.0000,4043.0000,4043.6000,4045.0000,4045.8000,4046.4000,1,2,1,1,1,1,1,2,1,1
SF,IF2006,2020-02-19 14:06:47.400,4042.4000,24053,0,7263610260.000,0,-,-,-,-,4042.4000,4042.2000,4042.0000,4040.0000,4039.0000,4043.0000,4043.6000,4045.0000,4045.8000,4046.4000,1,1,2,1,1,1,1,2,1,1
SF,IF2006,2020-02-19 14:06:48.900,4042.4000,24053,0,7263610260.000,0,-,-,-,-,4042.4000,4042.2000,4042.0000,4040.0000,4039.0000,4043.0000,4043.6000,4045.0000,4045.8000,4046.4000,1,1,2,1,1,1,1,2,1,1
SF,IF2006,2020-02-19 14:06:49.400,4042.4000,24053,0,7263610260.000,0,-,-,-,-,4042.6000,4042.2000,4042.0000,4040.0000,4039.0000,4043.0000,4043.6000,4045.0000,4045.8000,4046.4000,1,1,2,1,1,1,1,2,1,1
SF,IF2006,2020-02-19 14:06:49.900,4042.4000,24052,-1,7264822980.000,1,0,1,双平,B,4042.2000,4042.0000,4040.0000,4039.0000,4038.0000,4042.4000,4043.0000,4043.6000,4045.0000,4045.8000,1,2,1,1,1,1,1,1,2,1
SF,IF2006,2020-02-19 14:06:50.400,4042.4000,24052,0,7266035700.000,1,0,1,空换,B,4042.2000,4042.0000,4040.0000,4039.0000,4038.0000,4043.0000,4043.6000,4045.0000,4045.8000,4046.4000,1,2,1,1,1,1,1,2,1,1
SF,IF2006,2020-02-19 14:06:51.400,4042.4000,24052,0,7266035700.000,0,-,-,-,-,4042.2000,4042.0000,4040.0000,4039.0000,4038.0000,4043.2000,4043.6000,4045.0000,4045.8000,4046.4000,1,2,1,1,1,1,1,2,1,1
SF,IF2006,2020-02-19 14:06:51.900,4042.2000,24051,-1,7267248360.000,1,0,1,双平,B,4042.0000,4040.0000,4039.0000,4038.0000,4036.8000,4043.6000,4045.0000,4045.8000,4046.4000,4047.8000,2,1,1,1,2,1,2,1,1,1
SF,IF2006,2020-02-19 14:06:52.400,4042.2000,24051,0,7267248360.000,0,-,-,-,-,4042.2000,4042.0000,4040.0000,4039.0000,4038.0000,4043.4000,4043.6000,4045.0000,4045.8000,4046.4000,2,2,1,1,1,2,1,2,1,1
SF,IF2006,2020-02-19 14:06:53.400,4042.2000,24051,0,7267248360.000,0,-,-,-,-,4042.2000,4042.0000,4040.0000,4039.0000,4038.0000,4043.4000,4043.6000,4045.0000,4045.8000,4046.4000,2,2,1,1,1,2,1,2,1,1
SF,IF2006,2020-02-19 14:06:54.400,4043.4000,24052,1,7268461380.000,1,1,0,双开,B,4042.2000,4042.0000,4040.0000,4039.0000,4038.0000,4043.4000,4043.6000,4045.0000,4045.8000,4046.4000,2,2,1,1,1,1,1,2,1,1
SF,IF2006,2020-02-19 14:06:57.900,4043.4000,24052,0,7268461380.000,0,-,-,-,-,4042.2000,4042.0000,4040.0000,4039.0000,4038.0000,4043.2000,4043.4000,4043.6000,4045.0000,4045.8000,2,2,1,1,1,1,1,1,2,1
SF,IF2006,2020-02-19 14:06:58.400,4043.4000,24052,0,7268461380.000,0,-,-,-,-,4042.2000,4042.0000,4040.0000,4039.0000,4038.0000,4043.4000,4043.6000,4045.0000,4045.8000,4046.4000,2,2,1,1,1,1,1,2,1,1
SF,IF2006,2020-02-19 14:06:58.900,4043.4000,24053,1,7269674400.000,1,1,0,双开,B,4042.2000,4042.0000,4040.0000,4039.0000,4038.0000,4043.6000,4045.0000,4045.8000,4046.4000,4047.8000,2,2,1,1,1,1,2,1,1,1
SF,IF2006,2020-02-19 14:06:59.400,4043.4000,24053,0,7269674400.000,0,-,-,-,-,4042.2000,4042.0000,4040.0000,4039.0000,4038.0000,4043.2000,4043.6000,4045.0000,4045.8000,4046.4000,2,2,1,1,1,1,1,2,1,1
SF,IF2006,2020-02-19 14:07:01.900,4043.4000,24054,1,7270887420.000,1,1,0,双开,B,4042.2000,4042.0000,4040.0000,4039.0000,4038.0000,4043.6000,4045.0000,4045.8000,4046.4000,4047.8000,2,2,1,1,1,1,2,1,1,1
SF,IF2006,2020-02-19 14:07:02.400,4043.4000,24054,0,7270887420.000,0,-,-,-,-,4042.2000,4042.0000,4040.0000,4039.0000,4038.0000,4043.2000,4043.4000,4043.6000,4045.0000,4045.8000,2,2,1,1,1,1,2,1,2,1
SF,IF2006,2020-02-19 14:07:03.400,4043.4000,24054,0,7270887420.000,0,-,-,-,-,4042.2000,4042.0000,4040.0000,4039.0000,4038.0000,4043.4000,4043.6000,4045.0000,4045.8000,4046.4000,1,2,1,1,1,2,1,2,1,1
SF,IF2006,2020-02-19 14:07:03.900,4043.4000,24054,0,7270887420.000,0,-,-,-,-,4042.0000,4040.0000,4039.0000,4038.0000,4036.8000,4043.2000,4043.4000,4043.6000,4045.0000,4045.8000,2,1,1,1,2,1,2,1,2,1
SF,IF2006,2020-02-19 14:07:04.400,4043.4000,24054,0,7270887420.000,0,-,-,-,-,4042.0000,4040.0000,4039.0000,4038.0000,4036.8000,4043.4000,4043.6000,4045.0000,4045.8000,4046.4000,2,1,1,1,2,2,1,2,1,1
SF,IF2006,2020-02-19 14:07:04.900,4043.4000,24054,0,7270887420.000,0,-,-,-,-,4042.0000,4040.0000,4039.0000,4038.0000,4036.8000,4042.6000,4043.2000,4043.4000,4043.6000,4045.0000,2,1,1,1,2,2,1,2,1,2
SF,IF2006,2020-02-19 14:07:05.400,4042.0000,24054,0,7273312620.000,2,1,1,空换,B,4040.0000,4039.0000,4038.0000,4036.8000,4036.0000,4042.6000,4043.2000,4043.4000,4043.6000,4045.0000,1,1,1,2,2,2,1,2,1,2
SF,IF2006,2020-02-19 14:07:05.900,4042.0000,24054,0,7273312620.000,0,-,-,-,-,4041.4000,4041.0000,4040.4000,4040.2000,4040.0000,4042.4000,4042.6000,4043.2000,4043.4000,4043.6000,1,1,1,4,1,1,2,1,2,1
SF,IF2006,2020-02-19 14:07:06.400,4042.0000,24054,0,7273312620.000,0,-,-,-,-,4041.4000,4040.4000,4040.2000,4040.0000,4039.0000,4042.6000,4043.2000,4043.4000,4043.6000,4045.0000,1,1,4,1,1,2,1,2,1,2
SF,IF2006,2020-02-19 14:07:09.400,4042.0000,24054,0,7273312620.000,0,-,-,-,-,4041.4000,4040.4000,4040.2000,4040.0000,4039.0000,4042.6000,4043.0000,4043.2000,4043.4000,4043.6000,1,1,4,1,1,2,1,1,2,1
SF,IF2006,2020-02-19 14:07:09.900,4042.0000,24054,0,7273312620.000,0,-,-,-,-,4041.4000,4040.4000,4040.2000,4040.0000,4039.0000,4042.6000,4043.0000,4043.2000,4043.4000,4043.6000,1,1,4,1,1,2,1,2,2,1
SF,IF2006,2020-02-19 14:07:11.900,4042.0000,24054,0,7273312620.000,0,-,-,-,-,4041.4000,4040.4000,4040.2000,4039.0000,4038.0000,4042.6000,4043.0000,4043.2000,4043.4000,4043.6000,1,1,4,1,1,2,1,2,2,1
SF,IF2006,2020-02-19 14:07:12.400,4042.0000,24054,0,7273312620.000,0,-,-,-,-,4041.4000,4040.4000,4040.2000,4039.0000,4038.0000,4042.4000,4042.6000,4043.0000,4043.2000,4043.4000,1,1,4,1,1,1,2,1,2,2
SF,IF2006,2020-02-19 14:07:14.900,4042.0000,24054,0,7273312620.000,0,-,-,-,-,4040.4000,4040.2000,4039.0000,4038.0000,4036.8000,4042.4000,4042.6000,4043.0000,4043.2000,4043.4000,1,4,1,1,2,1,2,1,2,2
SF,IF2006,2020-02-19 14:07:15.400,4042.0000,24054,0,7273312620.000,0,-,-,-,-,4040.8000,4040.6000,4040.4000,4040.2000,4039.0000,4042.2000,4042.4000,4042.6000,4043.0000,4043.2000,1,5,1,2,1,1,1,2,1,2
SF,IF2006,2020-02-19 14:07:15.900,4042.0000,24054,0,7273312620.000,0,-,-,-,-,4041.0000,4040.8000,4040.6000,4040.4000,4040.2000,4042.4000,4042.6000,4043.0000,4043.2000,4043.4000,2,1,3,1,2,1,2,1,2,2
SF,IF2006,2020-02-19 14:07:17.400,4042.0000,24054,0,7273312620.000,0,-,-,-,-,4041.0000,4040.8000,4040.6000,4040.4000,4040.2000,4042.4000,4042.6000,4043.0000,4043.2000,4043.4000,2,2,3,1,2,1,2,1,2,2
SF,IF2006,2020-02-19 14:07:18.900,4042.0000,24054,0,7273312620.000,0,-,-,-,-,4041.2000,4041.0000,4040.8000,4040.6000,4040.4000,4042.6000,4043.0000,4043.2000,4043.4000,4043.6000,1,2,1,2,1,2,1,2,2,1
SF,IF2006,2020-02-19 14:07:19.400,4042.0000,24054,0,7273312620.000,0,-,-,-,-,4041.2000,4041.0000,4040.8000,4040.6000,4040.4000,4042.4000,4042.6000,4043.0000,4043.2000,4043.6000,2,2,1,2,1,2,2,1,2,1
SF,IF2006,2020-02-19 14:07:19.900,4042.0000,24054,0,7273312620.000,0,-,-,-,-,4041.2000,4041.0000,4040.8000,4040.6000,4040.2000,4042.4000,4042.6000,4043.0000,4043.2000,4043.6000,2,2,1,2,2,2,2,1,2,1
SF,IF2006,2020-02-19 14:07:21.400,4042.0000,24054,0,7273312620.000,0,-,-,-,-,4041.2000,4041.0000,4040.8000,4040.6000,4039.0000,4042.4000,4042.6000,4043.0000,4043.2000,4045.0000,1,2,1,2,1,2,2,1,2,3
SF,IF2006,2020-02-19 14:07:21.900,4042.0000,24054,0,7273312620.000,0,-,-,-,-,4041.2000,4040.8000,4040.6000,4039.0000,4038.0000,4042.2000,4042.4000,4042.6000,4043.0000,4043.2000,1,1,2,1,1,1,2,2,1,2
SF,IF2006,2020-02-19 14:07:22.400,4042.0000,24054,0,7273312620.000,0,-,-,-,-,4041.2000,4040.8000,4040.6000,4039.0000,4038.0000,4042.0000,4042.2000,4042.6000,4043.0000,4043.2000,1,1,2,1,1,2,1,2,1,2
SF,IF2006,2020-02-19 14:07:23.400,4042.0000,24054,0,7273312620.000,0,-,-,-,-,4041.2000,4040.8000,4040.6000,4039.0000,4038.0000,4042.0000,4042.2000,4042.6000,4043.0000,4043.2000,1,1,2,1,1,2,1,2,1,2
SF,IF2006,2020-02-19 14:07:23.900,4042.0000,24054,0,7273312620.000,0,-,-,-,-,4041.2000,4040.8000,4040.6000,4039.0000,4038.0000,4042.2000,4042.6000,4043.0000,4043.2000,4045.0000,1,1,2,1,1,1,2,1,2,3
SF,IF2006,2020-02-19 14:07:24.400,4042.0000,24054,0,7273312620.000,0,-,-,-,-,4042.0000,4041.2000,4040.8000,4040.6000,4039.0000,4042.2000,4043.0000,4043.2000,4045.0000,4045.8000,1,1,1,2,1,1,1,2,3,1
SF,IF2006,2020-02-19 14:07:24.900,4042.0000,24055,1,7274525220.000,1,1,0,双开,B,4041.2000,4040.8000,4040.6000,4039.0000,4038.0000,4041.8000,4042.0000,4042.2000,4043.0000,4043.2000,1,1,2,1,1,1,4,1,1,2
SF,IF2006,2020-02-19 14:07:25.400,4042.0000,24055,0,7274525220.000,0,-,-,-,-,4041.2000,4040.8000,4040.6000,4039.0000,4038.0000,4041.8000,4042.0000,4042.2000,4043.0000,4043.2000,1,1,2,1,1,1,2,1,1,2
SF,IF2006,2020-02-19 14:07:25.900,4042.0000,24055,0,7274525220.000,0,-,-,-,-,4041.2000,4040.8000,4040.6000,4039.0000,4038.0000,4042.0000,4042.2000,4043.0000,4043.2000,4045.0000,1,1,2,1,1,2,1,1,2,3
SF,IF2006,2020-02-19 14:07:27.400,4042.0000,24055,0,7274525220.000,0,-,-,-,-,4041.2000,4040.8000,4040.6000,4039.0000,4038.0000,4042.0000,4042.2000,4043.0000,4043.2000,4045.0000,1,1,1,1,1,2,1,1,2,3
SF,IF2006,2020-02-19 14:07:30.400,4041.2000,24056,1,7275737580.000,1,1,0,双开,B,4040.8000,4040.6000,4039.0000,4038.0000,4036.8000,4042.0000,4042.2000,4043.0000,4043.2000,4045.0000,1,1,1,1,2,2,1,1,2,3
SF,IF2006,2020-02-19 14:07:30.900,4041.2000,24056,0,7275737580.000,0,-,-,-,-,4040.8000,4040.6000,4039.0000,4038.0000,4036.8000,4042.2000,4043.0000,4043.2000,4045.0000,4045.8000,1,1,1,1,2,1,1,2,3,1
SF,IF2006,2020-02-19 14:07:31.400,4041.2000,24056,0,7275737580.000,0,-,-,-,-,4041.0000,4040.8000,4040.6000,4039.0000,4038.0000,4042.2000,4043.0000,4043.2000,4045.0000,4045.8000,2,1,1,1,1,1,1,2,3,1
SF,IF2006,2020-02-19 14:07:33.400,4041.2000,24056,0,7275737580.000,0,-,-,-,-,4041.0000,4040.8000,4039.0000,4038.0000,4036.8000,4042.2000,4043.0000,4043.2000,4045.0000,4045.8000,2,1,1,1,2,1,1,2,3,1
SF,IF2006,2020-02-19 14:07:33.900,4041.2000,24056,0,7275737580.000,0,-,-,-,-,4041.0000,4040.8000,4039.0000,4036.8000,4036.0000,4042.2000,4043.0000,4043.2000,4045.0000,4045.8000,2,1,1,2,2,1,1,2,3,1
SF,IF2006,2020-02-19 14:07:34.900,4041.2000,24056,0,7275737580.000,0,-,-,-,-,4041.0000,4040.8000,4039.0000,4036.8000,4036.0000,4042.2000,4042.6000,4043.0000,4043.2000,4045.0000,2,1,1,2,2,1,1,1,2,3
SF,IF2006,2020-02-19 14:07:37.400,4041.0000,24058,2,7278162180.000,2,2,0,双开,B,4040.8000,4039.0000,4036.8000,4036.0000,4035.0000,4042.2000,4042.6000,4043.0000,4043.2000,4045.0000,1,1,2,2,5,1,1,1,2,3
SF,IF2006,2020-02-19 14:07:37.900,4041.0000,24058,0,7278162180.000,0,-,-,-,-,4040.8000,4039.0000,4036.8000,4036.0000,4035.0000,4042.0000,4042.2000,4042.6000,4043.0000,4043.2000,1,1,2,2,5,2,1,1,1,2
SF,IF2006,2020-02-19 14:07:38.400,4041.0000,24058,0,7278162180.000,0,-,-,-,-,4040.8000,4039.0000,4036.8000,4036.0000,4035.0000,4042.2000,4042.6000,4043.0000,4043.2000,4045.0000,1,1,2,2,5,1,1,1,2,3
SF,IF2006,2020-02-19 14:07:38.900,4041.0000,24058,0,7278162180.000,0,-,-,-,-,4040.8000,4039.0000,4036.8000,4036.0000,4035.0000,4042.0000,4042.2000,4042.6000,4043.0000,4043.2000,1,1,2,2,5,1,1,1,1,2
SF,IF2006,2020-02-19 14:07:39.900,4041.0000,24058,0,7278162180.000,0,-,-,-,-,4040.8000,4039.0000,4036.8000,4036.0000,4035.0000,4041.8000,4042.0000,4042.6000,4043.0000,4043.2000,1,1,2,2,5,1,1,1,1,2
SF,IF2006,2020-02-19 14:07:41.400,4041.0000,24058,0,7278162180.000,0,-,-,-,-,4040.8000,4039.0000,4036.8000,4036.0000,4035.0000,4041.8000,4042.0000,4042.6000,4043.0000,4043.2000,1,1,2,2,5,1,1,1,1,2
SF,IF2006,2020-02-19 14:07:41.900,4041.0000,24058,0,7278162180.000,0,-,-,-,-,4040.8000,4039.0000,4036.8000,4036.0000,4035.0000,4041.6000,4041.8000,4042.0000,4042.6000,4043.0000,1,1,2,2,5,2,1,1,1,1
SF,IF2006,2020-02-19 14:07:45.400,4041.0000,24058,0,7278162180.000,0,-,-,-,-,4040.8000,4039.0000,4036.8000,4036.0000,4033.6000,4041.6000,4041.8000,4042.6000,4043.0000,4043.2000,1,1,2,2,2,2,1,1,1,2
SF,IF2006,2020-02-19 14:07:46.900,4040.8000,24059,1,7279374420.000,1,1,0,双开,B,4039.0000,4036.8000,4036.0000,4033.6000,4033.4000,4041.6000,4041.8000,4042.6000,4043.0000,4043.2000,1,2,2,2,1,2,1,1,1,2
SF,IF2006,2020-02-19 14:07:47.400,4040.8000,24059,0,7279374420.000,0,-,-,-,-,4039.8000,4039.4000,4039.2000,4039.0000,4036.8000,4040.6000,4041.4000,4041.6000,4041.8000,4042.6000,2,1,5,3,2,1,1,2,1,1
SF,IF2006,2020-02-19 14:07:47.900,4040.6000,24059,0,7280586600.000,1,0,1,空换,B,4040.0000,4039.2000,4039.0000,4036.8000,4036.0000,4041.4000,4042.6000,4043.0000,4043.2000,4043.4000,2,3,3,2,2,1,1,1,2,1
SF,IF2006,2020-02-19 14:07:48.400,4040.6000,24059,0,7280586600.000,0,-,-,-,-,4040.2000,4040.0000,4039.2000,4039.0000,4036.8000,4042.6000,4043.0000,4043.2000,4043.4000,4045.0000,2,2,2,3,2,1,1,2,1,3
SF,IF2006,2020-02-19 14:07:48.900,4040.6000,24059,0,7280586600.000,0,-,-,-,-,4040.4000,4040.2000,4039.2000,4039.0000,4036.8000,4042.2000,4042.4000,4042.6000,4043.0000,4043.2000,3,2,2,3,2,5,4,2,1,2
SF,IF2006,2020-02-19 14:07:49.400,4040.6000,24059,0,7280586600.000,0,-,-,-,-,4040.4000,4040.2000,4039.2000,4039.0000,4036.8000,4042.0000,4042.4000,4042.6000,4043.0000,4043.2000,3,2,2,3,2,2,2,1,1,2
SF,IF2006,2020-02-19 14:07:49.900,4040.6000,24059,0,7280586600.000,0,-,-,-,-,4040.6000,4040.4000,4040.2000,4039.2000,4039.0000,4042.0000,4042.4000,4042.6000,4043.0000,4043.2000,1,3,2,2,3,2,2,1,1,2
SF,IF2006,2020-02-19 14:07:50.400,4040.6000,24059,0,7280586600.000,0,-,-,-,-,4040.6000,4040.4000,4040.2000,4039.2000,4039.0000,4042.0000,4042.4000,4042.6000,4043.0000,4043.2000,1,3,1,2,3,2,2,1,1,2
SF,IF2006,2020-02-19 14:07:52.400,4040.6000,24059,0,7280586600.000,0,-,-,-,-,4040.6000,4040.4000,4040.2000,4039.2000,4039.0000,4041.8000,4042.0000,4042.4000,4042.6000,4043.0000,1,2,1,2,3,5,2,1,1,1
SF,IF2006,2020-02-19 14:07:52.900,4040.6000,24059,0,7280586600.000,0,-,-,-,-,4040.6000,4040.4000,4040.2000,4039.2000,4039.0000,4042.0000,4042.4000,4042.6000,4043.0000,4043.2000,1,2,1,2,3,2,1,1,1,2
SF,IF2006,2020-02-19 14:07:53.400,4040.6000,24059,0,7280586600.000,0,-,-,-,-,4040.6000,4040.4000,4040.2000,4039.2000,4039.0000,4041.8000,4042.0000,4042.4000,4042.6000,4043.0000,1,2,1,2,3,1,2,1,1,1
SF,IF2006,2020-02-19 14:07:54.900,4041.8000,24060,1,7281799140.000,1,1,0,双开,B,4040.6000,4040.4000,4040.2000,4039.2000,4039.0000,4042.0000,4042.4000,4042.6000,4043.0000,4043.2000,1,2,1,2,3,2,1,1,1,2
SF,IF2006,2020-02-19 14:07:55.400,4040.6000,24061,1,7283011320.000,1,1,0,双开,B,4040.4000,4040.2000,4039.2000,4039.0000,4036.8000,4042.0000,4042.4000,4042.6000,4043.0000,4043.2000,2,1,2,3,2,2,1,1,1,2
SF,IF2006,2020-02-19 14:07:55.900,4040.6000,24061,0,7283011320.000,0,-,-,-,-,4040.4000,4040.2000,4039.2000,4039.0000,4036.8000,4041.4000,4041.8000,4042.0000,4042.4000,4042.6000,2,1,2,3,2,1,5,2,1,1
SF,IF2006,2020-02-19 14:07:56.400,4040.6000,24061,0,7283011320.000,0,-,-,-,-,4040.4000,4040.2000,4039.2000,4039.0000,4036.8000,4041.6000,4042.0000,4042.4000,4042.6000,4043.0000,2,1,2,3,2,1,2,1,1,1
SF,IF2006,2020-02-19 14:07:59.400,4040.6000,24061,0,7283011320.000,0,-,-,-,-,4040.4000,4040.2000,4039.2000,4039.0000,4036.8000,4041.6000,4042.0000,4042.4000,4042.6000,4043.0000,2,1,2,4,2,1,2,1,1,1
SF,IF2006,2020-02-19 14:08:01.400,4040.4000,24063,2,7285435560.000,2,2,0,双开,B,4040.2000,4039.2000,4039.0000,4036.8000,4036.0000,4041.6000,4042.0000,4042.4000,4042.6000,4043.0000,1,2,4,2,2,1,2,1,1,1
SF,IF2006,2020-02-19 14:08:01.900,4040.4000,24063,0,7285435560.000,0,-,-,-,-,4039.2000,4039.0000,4036.8000,4036.0000,4033.6000,4041.4000,4041.6000,4042.4000,4042.6000,4043.0000,2,4,2,2,2,3,1,1,1,1
SF,IF2006,2020-02-19 14:08:02.400,4040.4000,24063,0,7285435560.000,0,-,-,-,-,4039.4000,4039.2000,4039.0000,4036.8000,4036.0000,4040.4000,4041.2000,4041.4000,4041.6000,4042.6000,4,2,4,2,2,1,1,3,1,1
SF,IF2006,2020-02-19 14:08:02.900,4040.4000,24064,1,7286647680.000,1,1,0,双开,B,4039.4000,4039.2000,4039.0000,4036.8000,4036.0000,4041.2000,4041.4000,4041.6000,4042.6000,4043.0000,3,2,4,2,2,1,3,1,1,1
SF,IF2006,2020-02-19 14:08:03.400,4040.4000,24064,0,7286647680.000,0,-,-,-,-,4039.4000,4039.2000,4039.0000,4036.8000,4036.0000,4041.0000,4041.2000,4041.4000,4041.6000,4042.6000,2,2,2,2,2,2,1,1,1,1
SF,IF2006,2020-02-19 14:08:05.400,4040.4000,24064,0,7286647680.000,0,-,-,-,-,4039.4000,4039.2000,4039.0000,4036.8000,4036.0000,4041.0000,4041.2000,4041.4000,4041.6000,4042.6000,2,1,2,2,2,2,1,1,1,1
SF,IF2006,2020-02-19 14:08:06.900,4040.4000,24064,0,7286647680.000,0,-,-,-,-,4039.4000,4039.2000,4039.0000,4036.8000,4036.0000,4041.0000,4041.2000,4041.4000,4041.6000,4042.6000,2,1,2,2,2,2,1,1,1,1
SF,IF2006,2020-02-19 14:08:08.400,4040.4000,24064,0,7286647680.000,0,-,-,-,-,4039.4000,4039.2000,4039.0000,4036.8000,4036.0000,4041.0000,4041.2000,4041.6000,4042.6000,4043.0000,2,1,2,2,2,2,1,1,1,1
SF,IF2006,2020-02-19 14:08:08.900,4040.4000,24064,0,7286647680.000,0,-,-,-,-,4039.4000,4039.2000,4039.0000,4036.8000,4036.0000,4040.8000,4041.0000,4041.2000,4042.6000,4043.0000,2,1,2,2,2,1,2,1,1,1
SF,IF2006,2020-02-19 14:08:09.400,4040.4000,24064,0,7286647680.000,0,-,-,-,-,4039.4000,4039.2000,4039.0000,4036.8000,4036.0000,4040.6000,4040.8000,4041.2000,4042.6000,4043.0000,2,1,2,2,2,2,1,1,1,1
SF,IF2006,2020-02-19 14:08:09.900,4040.4000,24064,0,7286647680.000,0,-,-,-,-,4039.4000,4039.2000,4039.0000,4036.8000,4036.0000,4040.6000,4040.8000,4041.2000,4042.6000,4043.0000,1,1,2,2,2,2,1,1,1,1
SF,IF2006,2020-02-19 14:08:10.400,4040.4000,24064,0,7286647680.000,0,-,-,-,-,4039.0000,4036.8000,4036.0000,4033.6000,4033.4000,4040.4000,4040.6000,4040.8000,4041.2000,4042.6000,2,2,2,2,1,1,2,1,1,1
SF,IF2006,2020-02-19 14:08:10.900,4040.4000,24064,0,7286647680.000,0,-,-,-,-,4039.0000,4036.8000,4036.0000,4033.6000,4033.4000,4040.0000,4040.2000,4040.8000,4041.2000,4042.6000,2,2,2,2,1,1,2,1,1,1
SF,IF2006,2020-02-19 14:08:11.400,4040.4000,24064,0,7286647680.000,0,-,-,-,-,4039.0000,4036.8000,4036.0000,4033.6000,4033.4000,4039.8000,4040.0000,4040.8000,4041.2000,4042.6000,2,2,2,2,1,2,1,1,1,1
SF,IF2006,2020-02-19 14:08:12.400,4039.0000,24063,-1,7289071080.000,2,0,2,空平,B,4036.8000,4036.0000,4033.6000,4033.4000,4033.2000,4039.0000,4039.8000,4040.0000,4040.8000,4041.2000,2,2,2,1,2,1,2,1,1,1
SF,IF2006,2020-02-19 14:08:12.900,4039.0000,24064,1,7290282780.000,1,1,0,双开,B,4037.8000,4037.2000,4037.0000,4036.8000,4036.0000,4038.8000,4039.8000,4040.0000,4040.8000,4042.6000,1,1,7,4,2,1,2,1,1,1
SF,IF2006,2020-02-19 14:08:13.400,4038.8000,24064,0,7291494420.000,1,0,1,空换,B,4038.4000,4038.2000,4037.2000,4037.0000,4036.8000,4039.8000,4040.0000,4040.8000,4042.6000,4043.0000,1,1,1,5,4,2,1,1,1,1
SF,IF2006,2020-02-19 14:08:13.900,4038.8000,24064,0,7291494420.000,0,-,-,-,-,4038.2000,4037.2000,4037.0000,4036.8000,4036.0000,4039.8000,4040.0000,4040.8000,4042.6000,4043.0000,1,1,5,4,2,2,1,1,1,1
SF,IF2006,2020-02-19 14:08:17.400,4038.8000,24064,0,7291494420.000,0,-,-,-,-,4038.2000,4037.2000,4037.0000,4036.8000,4036.0000,4039.8000,4040.0000,4040.8000,4042.6000,4043.0000,1,1,5,4,2,2,1,1,1,1
SF,IF2006,2020-02-19 14:08:17.900,4038.8000,24064,0,7291494420.000,0,-,-,-,-,4038.2000,4037.2000,4037.0000,4036.8000,4036.0000,4039.8000,4040.0000,4040.8000,4042.6000,4043.0000,1,1,5,4,2,2,1,1,1,1
SF,IF2006,2020-02-19 14:08:21.400,4038.8000,24064,0,7291494420.000,0,-,-,-,-,4038.4000,4038.2000,4037.2000,4037.0000,4036.8000,4039.8000,4040.0000,4040.8000,4042.6000,4043.0000,2,1,1,5,4,2,1,1,1,1
SF,IF2006,2020-02-19 14:08:22.400,4038.8000,24064,0,7291494420.000,0,-,-,-,-,4038.4000,4038.2000,4037.2000,4037.0000,4036.8000,4039.8000,4040.0000,4040.8000,4042.6000,4043.0000,1,1,1,5,4,2,1,1,1,1
SF,IF2006,2020-02-19 14:08:22.900,4038.8000,24064,0,7291494420.000,0,-,-,-,-,4038.4000,4037.2000,4037.0000,4036.8000,4036.0000,4039.6000,4039.8000,4040.8000,4042.6000,4043.0000,1,1,5,4,2,1,2,1,1,1
SF,IF2006,2020-02-19 14:08:23.400,4038.8000,24064,0,7291494420.000,0,-,-,-,-,4037.2000,4037.0000,4036.8000,4036.0000,4033.4000,4039.6000,4039.8000,4040.8000,4042.6000,4043.0000,1,5,4,2,1,1,2,1,1,1
SF,IF2006,2020-02-19 14:08:23.900,4038.8000,24064,0,7291494420.000,0,-,-,-,-,4038.0000,4037.6000,4037.4000,4037.2000,4037.0000,4039.4000,4039.6000,4040.8000,4042.6000,4043.0000,1,1,4,1,4,1,1,1,1,1
SF,IF2006,2020-02-19 14:08:24.400,4038.8000,24064,0,7291494420.000,0,-,-,-,-,4038.0000,4037.6000,4037.4000,4037.2000,4037.0000,4039.4000,4039.6000,4040.8000,4042.6000,4043.0000,1,1,6,1,4,1,1,1,1,1
SF,IF2006,2020-02-19 14:08:24.900,4038.8000,24064,0,7291494420.000,0,-,-,-,-,4038.4000,4038.0000,4037.6000,4037.4000,4037.2000,4039.4000,4039.6000,4040.8000,4042.6000,4043.0000,1,1,1,6,1,1,1,1,1,1
SF,IF2006,2020-02-19 14:08:25.400,4038.8000,24064,0,7291494420.000,0,-,-,-,-,4038.0000,4037.6000,4037.4000,4037.2000,4037.0000,4039.4000,4039.6000,4040.8000,4042.6000,4043.0000,1,1,6,1,4,1,1,1,1,1
SF,IF2006,2020-02-19 14:08:25.900,4038.8000,24064,0,7291494420.000,0,-,-,-,-,4038.4000,4038.0000,4037.6000,4037.4000,4037.2000,4039.4000,4039.6000,4040.8000,4042.6000,4043.0000,1,1,1,6,1,1,1,1,1,1
SF,IF2006,2020-02-19 14:08:26.400,4038.8000,24064,0,7291494420.000,0,-,-,-,-,4038.4000,4038.0000,4037.4000,4037.2000,4037.0000,4039.4000,4039.6000,4040.8000,4042.6000,4043.0000,1,1,6,1,4,1,1,1,1,1
SF,IF2006,2020-02-19 14:08:26.900,4038.8000,24064,0,7291494420.000,0,-,-,-,-,4038.4000,4038.0000,4037.4000,4037.2000,4037.0000,4039.4000,4039.6000,4040.0000,4040.8000,4042.6000,1,1,6,1,4,1,1,1,1,1
SF,IF2006,2020-02-19 14:08:27.400,4038.8000,24064,0,7291494420.000,0,-,-,-,-,4038.4000,4038.0000,4037.4000,4037.2000,4037.0000,4039.6000,4040.0000,4040.8000,4042.6000,4043.0000,1,1,6,1,3,1,1,1,1,1
SF,IF2006,2020-02-19 14:08:27.900,4038.8000,24064,0,7291494420.000,0,-,-,-,-,4039.0000,4038.6000,4038.4000,4038.0000,4037.4000,4039.6000,4040.0000,4040.8000,4042.6000,4043.0000,1,1,1,1,5,1,1,1,1,1
SF,IF2006,2020-02-19 14:08:28.400,4038.8000,24064,0,7291494420.000,0,-,-,-,-,4038.4000,4038.0000,4037.4000,4037.2000,4037.0000,4039.6000,4040.0000,4040.8000,4042.6000,4043.0000,1,1,5,1,3,1,1,1,1,1
SF,IF2006,2020-02-19 14:08:28.900,4038.8000,24064,0,7291494420.000,0,-,-,-,-,4038.4000,4038.0000,4037.4000,4037.2000,4037.0000,4039.4000,4039.6000,4040.0000,4040.8000,4042.6000,1,1,5,1,3,2,1,1,1,1
SF,IF2006,2020-02-19 14:08:30.400,4038.8000,24064,0,7291494420.000,0,-,-,-,-,4038.4000,4038.0000,4037.4000,4037.2000,4037.0000,4039.4000,4039.6000,4040.0000,4040.8000,4042.6000,1,2,5,1,3,2,1,1,1,1
SF,IF2006,2020-02-19 14:08:31.400,4038.8000,24064,0,7291494420.000,0,-,-,-,-,4038.8000,4038.4000,4038.0000,4037.4000,4037.2000,4039.4000,4039.6000,4040.0000,4042.6000,4043.0000,1,1,2,5,1,2,1,1,1,1
SF,IF2006,2020-02-19 14:08:31.900,4038.4000,24066,2,7293917580.000,2,2,0,双开,B,4038.0000,4037.4000,4037.2000,4037.0000,4036.8000,4039.4000,4039.6000,4040.0000,4042.6000,4043.0000,2,5,1,3,2,2,1,1,1,1
SF,IF2006,2020-02-19 14:08:32.400,4038.4000,24066,0,7293917580.000,0,-,-,-,-,4039.0000,4038.4000,4038.0000,4037.4000,4037.2000,4039.4000,4039.6000,4040.0000,4042.6000,4043.0000,1,1,2,5,1,2,1,1,1,1
SF,IF2006,2020-02-19 14:08:32.900,4039.0000,24066,0,7295129280.000,1,0,1,空换,B,4038.4000,4038.0000,4037.4000,4037.2000,4037.0000,4039.4000,4039.6000,4040.0000,4042.6000,4043.0000,1,2,5,1,3,2,1,1,1,1
SF,IF2006,2020-02-19 14:08:33.400,4039.0000,24066,0,7295129280.000,0,-,-,-,-,4038.4000,4038.0000,4037.4000,4037.2000,4037.0000,4039.4000,4039.6000,4040.0000,4042.6000,4043.0000,1,2,3,1,3,2,1,1,1,1
SF,IF2006,2020-02-19 14:08:34.400,4039.0000,24066,0,7295129280.000,0,-,-,-,-,4038.4000,4038.0000,4037.4000,4037.2000,4037.0000,4039.4000,4039.6000,4040.0000,4042.6000,4043.0000,1,3,3,1,3,2,1,1,1,1
SF,IF2006,2020-02-19 14:08:36.400,4039.0000,24066,0,7295129280.000,0,-,-,-,-,4038.4000,4038.0000,4037.4000,4037.2000,4037.0000,4039.4000,4039.6000,4040.0000,4043.0000,4043.2000,1,3,3,1,3,2,1,1,1,2
SF,IF2006,2020-02-19 14:08:36.900,4039.0000,24066,0,7295129280.000,0,-,-,-,-,4038.4000,4038.0000,4037.4000,4037.2000,4037.0000,4039.4000,4039.6000,4040.0000,4043.0000,4043.2000,1,2,3,1,3,2,1,1,1,2
SF,IF2006,2020-02-19 14:08:39.900,4039.0000,24066,0,7295129280.000,0,-,-,-,-,4038.4000,4038.0000,4037.4000,4037.2000,4037.0000,4039.4000,4040.0000,4043.0000,4043.2000,4043.4000,1,2,3,1,3,2,1,1,2,1
SF,IF2006,2020-02-19 14:08:41.900,4039.4000,24067,1,7296341100.000,1,1,0,双开,B,4038.4000,4038.0000,4037.4000,4037.2000,4037.0000,4039.4000,4040.0000,4043.0000,4043.2000,4043.4000,1,2,3,1,3,1,1,1,2,1
SF,IF2006,2020-02-19 14:08:42.400,4039.4000,24067,0,7296341100.000,0,-,-,-,-,4038.6000,4038.4000,4038.0000,4037.4000,4037.2000,4040.0000,4043.0000,4043.2000,4043.4000,4045.0000,4,1,2,3,1,1,1,2,1,3
SF,IF2006,2020-02-19 14:08:43.900,4039.4000,24067,0,7296341100.000,0,-,-,-,-,4038.6000,4038.4000,4038.0000,4037.4000,4037.2000,4040.0000,4043.0000,4043.2000,4043.4000,4045.0000,4,1,2,3,1,1,1,2,1,3
SF,IF2006,2020-02-19 14:08:44.900,4039.4000,24067,0,7296341100.000,0,-,-,-,-,4038.6000,4038.4000,4038.0000,4037.4000,4037.2000,4040.0000,4043.0000,4043.2000,4045.0000,4045.8000,4,1,2,3,1,1,1,2,3,1
SF,IF2006,2020-02-19 14:08:45.900,4039.4000,24067,0,7296341100.000,0,-,-,-,-,4038.6000,4038.4000,4038.0000,4037.4000,4037.2000,4040.0000,4043.0000,4043.2000,4045.0000,4045.8000,3,1,2,3,1,1,1,2,3,1
SF,IF2006,2020-02-19 14:08:46.400,4039.4000,24067,0,7296341100.000,0,-,-,-,-,4038.6000,4038.4000,4038.0000,4037.4000,4037.2000,4039.8000,4040.0000,4043.0000,4043.2000,4045.0000,3,1,2,3,1,2,1,1,2,3
SF,IF2006,2020-02-19 14:08:46.900,4039.4000,24067,0,7296341100.000,0,-,-,-,-,4038.6000,4038.4000,4038.0000,4037.4000,4037.2000,4039.8000,4040.0000,4043.0000,4043.2000,4045.0000,1,1,2,3,1,2,1,1,2,3
SF,IF2006,2020-02-19 14:08:47.900,4039.4000,24067,0,7296341100.000,0,-,-,-,-,4038.8000,4038.6000,4038.4000,4038.0000,4037.4000,4039.8000,4040.0000,4043.0000,4043.2000,4045.0000,1,1,1,2,3,2,1,1,2,3
SF,IF2006,2020-02-19 14:08:50.400,4039.4000,24067,0,7296341100.000,0,-,-,-,-,4038.8000,4038.6000,4038.4000,4038.0000,4037.4000,4039.8000,4043.0000,4043.2000,4045.0000,4045.8000,1,1,1,2,3,2,1,2,3,1
SF,IF2006,2020-02-19 14:08:50.900,4039.4000,24067,0,7296341100.000,0,-,-,-,-,4038.8000,4038.6000,4038.4000,4038.0000,4037.4000,4043.0000,4043.2000,4045.0000,4045.8000,4046.4000,1,1,1,2,3,1,2,3,1,1
SF,IF2006,2020-02-19 14:08:51.400,4039.4000,24067,0,7296341100.000,0,-,-,-,-,4039.0000,4038.8000,4038.6000,4038.4000,4038.0000,4041.2000,4041.4000,4041.8000,4042.6000,4042.8000,3,1,1,1,2,2,1,1,1,7
SF,IF2006,2020-02-19 14:08:51.900,4039.4000,24067,0,7296341100.000,0,-,-,-,-,4039.0000,4038.8000,4038.6000,4038.4000,4038.0000,4041.0000,4041.2000,4042.6000,4042.8000,4043.0000,2,1,1,1,2,3,2,1,5,2
SF,IF2006,2020-02-19 14:08:52.400,4039.4000,24067,0,7296341100.000,0,-,-,-,-,4038.8000,4038.6000,4038.4000,4038.0000,4037.4000,4040.8000,4041.0000,4041.2000,4042.6000,4042.8000,1,1,1,2,3,1,3,2,1,5
SF,IF2006,2020-02-19 14:08:52.900,4039.4000,24067,0,7296341100.000,0,-,-,-,-,4038.8000,4038.6000,4038.4000,4038.0000,4037.4000,4040.6000,4040.8000,4041.0000,4041.2000,4042.6000,1,1,1,2,3,2,1,1,2,1
SF,IF2006,2020-02-19 14:08:53.400,4039.4000,24067,0,7296341100.000,0,-,-,-,-,4039.0000,4038.8000,4038.6000,4038.4000,4038.0000,4040.6000,4040.8000,4041.0000,4041.2000,4042.6000,1,1,1,1,2,2,1,1,2,1
SF,IF2006,2020-02-19 14:08:53.900,4039.4000,24067,0,7296341100.000,0,-,-,-,-,4039.0000,4038.8000,4038.6000,4038.4000,4038.0000,4040.6000,4040.8000,4041.0000,4041.2000,4042.6000,1,1,1,1,2,2,1,1,2,1
SF,IF2006,2020-02-19 14:08:57.400,4039.4000,24067,0,7296341100.000,0,-,-,-,-,4039.0000,4038.8000,4038.6000,4038.4000,4038.0000,4040.6000,4040.8000,4041.2000,4042.6000,4042.8000,1,1,1,1,2,2,1,2,1,5
SF,IF2006,2020-02-19 14:08:57.900,4039.0000,24067,0,7297552800.000,1,0,1,空换,B,4038.8000,4038.6000,4038.4000,4038.0000,4037.4000,4039.0000,4040.6000,4040.8000,4041.2000,4042.6000,1,1,1,2,3,1,2,1,2,1
SF,IF2006,2020-02-19 14:08:58.400,4039.0000,24067,0,7298764500.000,1,0,1,空换,B,4039.0000,4038.8000,4038.6000,4038.4000,4038.0000,4040.6000,4040.8000,4041.2000,4042.6000,4042.8000,1,1,1,1,2,2,1,2,1,5
SF,IF2006,2020-02-19 14:08:59.400,4039.0000,24068,1,7299976200.000,1,1,0,双开,B,4038.8000,4038.6000,4038.4000,4038.0000,4037.4000,4040.6000,4040.8000,4041.2000,4042.6000,4042.8000,1,1,1,2,2,2,1,2,1,5
SF,IF2006,2020-02-19 14:09:00.400,4039.0000,24068,0,7299976200.000,0,-,-,-,-,4039.0000,4038.8000,4038.6000,4038.4000,4038.0000,4040.6000,4041.2000,4042.6000,4042.8000,4043.0000,2,1,1,1,2,2,2,1,5,2
SF,IF2006,2020-02-19 14:09:00.900,4039.0000,24068,0,7299976200.000,0,-,-,-,-,4039.0000,4038.8000,4038.6000,4038.4000,4038.0000,4040.6000,4041.2000,4042.6000,4042.8000,4043.0000,2,1,1,1,2,2,2,1,5,2
SF,IF2006,2020-02-19 14:09:01.400,4039.0000,24068,0,7299976200.000,0,-,-,-,-,4039.0000,4038.8000,4038.6000,4038.4000,4038.0000,4040.6000,4041.2000,4042.6000,4042.8000,4043.0000,2,1,1,1,2,2,2,1,5,2
SF,IF2006,2020-02-19 14:09:03.400,4039.0000,24068,0,7299976200.000,0,-,-,-,-,4039.2000,4039.0000,4038.8000,4038.6000,4038.4000,4040.6000,4041.2000,4042.6000,4042.8000,4043.0000,1,1,1,1,1,2,2,1,5,2
SF,IF2006,2020-02-19 14:09:04.400,4039.0000,24068,0,7299976200.000,0,-,-,-,-,4039.2000,4039.0000,4038.8000,4038.6000,4038.4000,4040.6000,4042.6000,4042.8000,4043.0000,4043.2000,1,1,1,1,1,2,1,5,2,2
SF,IF2006,2020-02-19 14:09:04.900,4039.0000,24068,0,7299976200.000,0,-,-,-,-,4039.4000,4039.2000,4039.0000,4038.8000,4038.4000,4040.6000,4042.6000,4042.8000,4043.0000,4043.2000,1,1,1,1,1,2,1,5,2,2
SF,IF2006,2020-02-19 14:09:05.400,4039.0000,24068,0,7299976200.000,0,-,-,-,-,4039.4000,4039.2000,4039.0000,4038.8000,4038.4000,4040.6000,4042.6000,4042.8000,4043.0000,4043.2000,2,1,1,1,1,2,1,5,2,2
SF,IF2006,2020-02-19 14:09:07.900,4039.0000,24068,0,7299976200.000,0,-,-,-,-,4039.4000,4039.0000,4038.8000,4038.4000,4038.0000,4040.6000,4042.6000,4042.8000,4043.0000,4043.2000,1,1,1,1,2,2,1,5,2,2
SF,IF2006,2020-02-19 14:09:08.900,4039.0000,24068,0,7299976200.000,0,-,-,-,-,4039.4000,4039.0000,4038.8000,4038.4000,4038.0000,4040.6000,4042.6000,4042.8000,4043.0000,4043.2000,1,1,1,1,2,2,1,5,2,2
SF,IF2006,2020-02-19 14:09:11.400,4039.0000,24068,0,7299976200.000,0,-,-,-,-,4039.4000,4039.0000,4038.8000,4038.4000,4038.0000,4040.4000,4040.6000,4042.6000,4042.8000,4043.0000,1,1,1,1,2,1,2,1,5,2
SF,IF2006,2020-02-19 14:09:11.900,4039.0000,24068,0,7299976200.000,0,-,-,-,-,4039.8000,4039.0000,4038.8000,4038.4000,4038.0000,4040.2000,4040.4000,4042.6000,4042.8000,4043.0000,2,1,1,1,2,2,1,1,5,2
SF,IF2006,2020-02-19 14:09:12.400,4039.4000,24069,1,7301188020.000,1,1,0,双开,B,4039.8000,4039.0000,4038.8000,4038.4000,4038.0000,4040.2000,4040.4000,4042.6000,4042.8000,4043.0000,1,1,1,1,2,2,1,1,4,2
SF,IF2006,2020-02-19 14:09:13.400,4039.8000,24069,0,7302399960.000,1,0,1,空换,B,4039.0000,4038.8000,4038.4000,4038.0000,4037.4000,4040.2000,4040.4000,4042.6000,4042.8000,4043.0000,1,1,1,2,3,2,1,1,4,2
SF,IF2006,2020-02-19 14:09:14.900,4039.8000,24069,0,7302399960.000,0,-,-,-,-,4039.0000,4038.8000,4038.4000,4038.0000,4037.4000,4040.0000,4040.2000,4040.4000,4042.6000,4042.8000,1,1,1,2,3,1,2,1,1,4
SF,IF2006,2020-02-19 14:09:15.400,4039.8000,24069,0,7302399960.000,0,-,-,-,-,4039.0000,4038.8000,4038.4000,4038.0000,4037.4000,4040.0000,4040.2000,4040.4000,4042.6000,4042.8000,1,1,1,2,3,1,2,1,1,4
SF,IF2006,2020-02-19 14:09:21.400,4040.0000,24069,0,7303611960.000,1,0,1,空换,B,4040.0000,4039.0000,4038.8000,4038.4000,4038.0000,4040.2000,4040.4000,4042.6000,4042.8000,4043.0000,1,1,1,1,2,2,1,1,4,2
SF,IF2006,2020-02-19 14:09:21.900,4040.0000,24070,1,7304823960.000,1,1,0,双开,B,4039.0000,4038.8000,4038.4000,4038.0000,4037.4000,4040.0000,4040.2000,4040.4000,4042.6000,4042.8000,1,1,1,2,3,2,2,1,1,4
SF,IF2006,2020-02-19 14:09:22.400,4040.0000,24071,1,7306035960.000,1,1,0,双开,B,4039.2000,4039.0000,4038.8000,4038.4000,4038.0000,4040.0000,4040.4000,4042.6000,4042.8000,4043.0000,1,1,1,1,2,1,1,1,4,2
SF,IF2006,2020-02-19 14:09:22.900,4040.0000,24071,0,7306035960.000,0,-,-,-,-,4039.2000,4039.0000,4038.8000,4038.4000,4038.0000,4040.0000,4040.4000,4042.6000,4042.8000,4043.0000,1,1,1,1,2,1,1,1,4,2
SF,IF2006,2020-02-19 14:09:23.400,4040.0000,24071,0,7306035960.000,0,-,-,-,-,4039.2000,4039.0000,4038.8000,4038.4000,4038.0000,4040.0000,4040.4000,4042.6000,4042.8000,4043.0000,1,1,1,1,2,1,1,1,4,2
SF,IF2006,2020-02-19 14:09:24.400,4040.0000,24071,0,7306035960.000,0,-,-,-,-,4039.2000,4039.0000,4038.8000,4038.4000,4038.2000,4040.0000,4040.4000,4042.6000,4042.8000,4043.0000,1,1,1,1,1,1,1,1,4,2
SF,IF2006,2020-02-19 14:09:25.400,4040.0000,24071,0,7306035960.000,0,-,-,-,-,4039.2000,4039.0000,4038.8000,4038.4000,4038.2000,4040.0000,4040.4000,4042.6000,4042.8000,4043.0000,1,1,1,1,1,1,1,1,4,2
SF,IF2006,2020-02-19 14:09:25.900,4040.0000,24071,0,7307247960.000,1,0,1,空换,B,4039.2000,4039.0000,4038.8000,4038.4000,4038.2000,4040.4000,4042.6000,4042.8000,4043.0000,4043.2000,1,1,1,1,1,1,1,4,2,2
SF,IF2006,2020-02-19 14:09:26.400,4040.0000,24071,0,7307247960.000,0,-,-,-,-,4039.2000,4039.0000,4038.8000,4038.4000,4038.2000,4042.6000,4042.8000,4043.0000,4043.2000,4045.0000,1,1,1,1,1,1,4,2,2,3
SF,IF2006,2020-02-19 14:09:26.900,4040.0000,24071,0,7307247960.000,0,-,-,-,-,4039.4000,4039.2000,4039.0000,4038.8000,4038.4000,4041.4000,4041.8000,4042.2000,4042.4000,4042.8000,3,1,1,1,1,1,5,1,8,2
SF,IF2006,2020-02-19 14:09:27.400,4040.0000,24071,0,7307247960.000,0,-,-,-,-,4039.4000,4039.2000,4039.0000,4038.8000,4038.4000,4041.2000,4041.4000,4041.8000,4042.4000,4042.8000,3,1,1,1,1,2,1,5,6,2
SF,IF2006,2020-02-19 14:09:27.900,4040.0000,24071,0,7307247960.000,0,-,-,-,-,4039.4000,4039.2000,4039.0000,4038.8000,4038.4000,4041.2000,4041.4000,4042.4000,4042.8000,4043.0000,3,1,1,1,1,2,1,6,2,2
SF,IF2006,2020-02-19 14:09:28.400,4040.0000,24071,0,7307247960.000,0,-,-,-,-,4039.4000,4039.2000,4039.0000,4038.8000,4038.4000,4041.2000,4041.4000,4042.4000,4042.8000,4043.0000,1,1,1,1,1,2,1,6,2,2
SF,IF2006,2020-02-19 14:09:29.400,4040.0000,24071,0,7307247960.000,0,-,-,-,-,4039.4000,4039.2000,4039.0000,4038.8000,4038.4000,4041.2000,4041.4000,4042.4000,4042.8000,4043.0000,1,1,1,1,1,2,1,6,2,2
SF,IF2006,2020-02-19 14:09:29.900,4040.0000,24071,0,7307247960.000,0,-,-,-,-,4039.6000,4039.4000,4039.2000,4039.0000,4038.8000,4041.2000,4041.4000,4042.4000,4042.8000,4043.0000,1,1,1,1,1,2,1,6,2,2
SF,IF2006,2020-02-19 14:09:30.400,4040.0000,24071,0,7307247960.000,0,-,-,-,-,4039.6000,4039.4000,4039.2000,4039.0000,4038.8000,4041.0000,4041.2000,4041.4000,4042.4000,4042.8000,1,1,1,1,1,1,2,1,6,2
SF,IF2006,2020-02-19 14:09:30.900,4040.0000,24071,0,7307247960.000,0,-,-,-,-,4039.6000,4039.4000,4039.2000,4039.0000,4038.8000,4040.8000,4041.0000,4041.4000,4042.4000,4042.8000,1,1,1,1,1,2,1,1,4,2
SF,IF2006,2020-02-19 14:09:31.400,4040.0000,24071,0,7307247960.000,0,-,-,-,-,4039.2000,4039.0000,4038.8000,4038.4000,4038.2000,4040.8000,4041.0000,4041.4000,4042.4000,4042.8000,1,1,1,1,1,2,1,1,4,2
SF,IF2006,2020-02-19 14:09:31.900,4040.0000,24071,0,7307247960.000,0,-,-,-,-,4039.0000,4038.8000,4038.4000,4038.2000,4038.0000,4040.8000,4041.0000,4041.4000,4042.4000,4042.8000,1,1,1,1,2,2,1,1,4,2
SF,IF2006,2020-02-19 14:09:32.400,4040.0000,24071,0,7307247960.000,0,-,-,-,-,4039.2000,4039.0000,4038.8000,4038.4000,4038.2000,4040.8000,4041.0000,4041.4000,4042.4000,4042.8000,4,1,1,1,1,2,1,1,4,2
SF,IF2006,2020-02-19 14:09:32.900,4040.0000,24071,0,7307247960.000,0,-,-,-,-,4039.4000,4039.2000,4039.0000,4038.8000,4038.4000,4040.8000,4041.0000,4042.4000,4042.8000,4043.0000,1,4,1,1,1,2,1,4,2,2
SF,IF2006,2020-02-19 14:09:33.900,4040.0000,24071,0,7307247960.000,0,-,-,-,-,4039.4000,4039.2000,4039.0000,4038.8000,4038.4000,4040.8000,4041.0000,4042.0000,4042.4000,4042.8000,1,4,1,1,1,2,1,1,4,2
SF,IF2006,2020-02-19 14:09:34.900,4040.0000,24071,0,7307247960.000,0,-,-,-,-,4039.4000,4039.2000,4039.0000,4038.8000,4038.4000,4040.8000,4041.0000,4042.0000,4042.4000,4042.8000,1,3,1,1,1,2,1,1,4,2
SF,IF2006,2020-02-19 14:09:35.400,4040.0000,24071,0,7307247960.000,0,-,-,-,-,4039.4000,4039.2000,4039.0000,4038.8000,4038.4000,4040.8000,4042.0000,4042.4000,4042.8000,4043.0000,1,3,1,1,1,2,1,4,2,2
SF,IF2006,2020-02-19 14:09:38.400,4040.0000,24071,0,7307247960.000,0,-,-,-,-,4039.4000,4039.2000,4039.0000,4038.8000,4038.4000,4040.6000,4040.8000,4042.0000,4042.4000,4042.8000,1,3,1,1,1,1,2,1,4,2
SF,IF2006,2020-02-19 14:09:38.900,4040.0000,24071,0,7307247960.000,0,-,-,-,-,4039.4000,4039.0000,4038.8000,4038.4000,4038.2000,4040.4000,4040.6000,4042.0000,4042.4000,4042.8000,1,1,1,1,1,2,1,1,4,2
SF,IF2006,2020-02-19 14:09:39.400,4040.0000,24071,0,7307247960.000,0,-,-,-,-,4039.0000,4038.8000,4038.4000,4038.2000,4038.0000,4040.4000,4040.6000,4042.0000,4042.4000,4042.8000,1,1,1,1,2,2,1,1,4,2
SF,IF2006,2020-02-19 14:09:40.900,4040.0000,24071,0,7307247960.000,0,-,-,-,-,4039.0000,4038.8000,4038.4000,4038.2000,4038.0000,4040.4000,4040.6000,4042.0000,4042.4000,4042.8000,1,1,1,1,2,2,1,1,4,2
SF,IF2006,2020-02-19 14:09:41.400,4040.0000,24071,0,7307247960.000,0,-,-,-,-,4039.2000,4038.8000,4038.4000,4038.2000,4038.0000,4039.8000,4040.4000,4040.6000,4042.0000,4042.4000,1,1,1,1,2,1,2,1,1,4
SF,IF2006,2020-02-19 14:09:42.400,4040.0000,24071,0,7307247960.000,0,-,-,-,-,4039.2000,4038.8000,4038.4000,4038.2000,4038.0000,4039.8000,4040.4000,4042.0000,4042.4000,4042.8000,1,1,1,1,2,1,2,1,4,2
SF,IF2006,2020-02-19 14:09:43.400,4040.0000,24071,0,7307247960.000,0,-,-,-,-,4039.2000,4038.8000,4038.4000,4038.2000,4038.0000,4039.8000,4040.4000,4042.0000,4042.4000,4042.8000,1,1,1,1,2,1,2,1,4,2
SF,IF2006,2020-02-19 14:09:44.900,4039.8000,24072,1,7308459900.000,1,1,0,双开,B,4039.2000,4038.8000,4038.4000,4038.2000,4038.0000,4040.4000,4042.0000,4042.4000,4042.8000,4043.0000,1,1,1,1,2,2,1,4,2,2
SF,IF2006,2020-02-19 14:09:45.400,4039.8000,24072,0,7308459900.000,0,-,-,-,-,4039.2000,4038.8000,4038.4000,4038.2000,4038.0000,4040.2000,4040.4000,4042.0000,4042.4000,4042.8000,1,1,1,1,2,1,2,1,4,2
SF,IF2006,2020-02-19 14:09:46.400,4039.8000,24072,0,7308459900.000,0,-,-,-,-,4039.2000,4038.8000,4038.4000,4038.2000,4038.0000,4040.2000,4040.4000,4042.0000,4042.4000,4042.8000,1,1,1,1,2,1,2,1,4,2
SF,IF2006,2020-02-19 14:09:46.900,4039.8000,24072,0,7308459900.000,0,-,-,-,-,4039.2000,4038.8000,4038.4000,4038.2000,4038.0000,4039.8000,4040.0000,4042.0000,4042.4000,4042.8000,1,1,1,1,2,1,2,1,4,2
SF,IF2006,2020-02-19 14:09:47.400,4039.6000,24074,2,7313307060.000,4,3,1,多开,B,4038.8000,4038.4000,4038.2000,4038.0000,4037.4000,4039.6000,4039.8000,4042.0000,4042.4000,4042.8000,1,1,1,2,3,2,1,1,4,2
SF,IF2006,2020-02-19 14:09:47.900,4038.4000,24076,2,7315730220.000,2,2,0,双开,B,4038.2000,4038.0000,4037.4000,4037.2000,4037.0000,4039.4000,4039.6000,4042.0000,4042.4000,4042.8000,1,2,3,1,3,1,2,1,3,2
SF,IF2006,2020-02-19 14:09:48.400,4038.4000,24076,0,7315730220.000,0,-,-,-,-,4038.2000,4038.0000,4037.4000,4037.2000,4037.0000,4039.2000,4039.4000,4042.0000,4042.4000,4042.8000,1,2,1,1,1,2,2,1,2,2
SF,IF2006,2020-02-19 14:09:48.900,4038.2000,24075,-1,7316941680.000,1,0,1,双平,B,4038.0000,4037.4000,4036.8000,4033.4000,4033.2000,4039.0000,4039.2000,4039.4000,4042.0000,4042.4000,2,1,2,1,2,1,2,1,1,2
SF,IF2006,2020-02-19 14:09:49.400,4038.0000,24075,0,7319364480.000,2,1,1,空换,B,4037.4000,4036.8000,4033.4000,4033.2000,4033.0000,4038.6000,4038.8000,4039.4000,4042.0000,4042.4000,1,2,1,2,3,1,2,1,1,2
SF,IF2006,2020-02-19 14:09:49.900,4038.0000,24075,0,7319364480.000,0,-,-,-,-,4037.4000,4036.8000,4033.4000,4033.2000,4033.0000,4038.4000,4038.6000,4039.4000,4042.0000,4042.4000,1,2,1,2,3,2,1,1,1,2
SF,IF2006,2020-02-19 14:09:53.400,4038.0000,24075,0,7319364480.000,0,-,-,-,-,4037.4000,4036.8000,4033.4000,4033.2000,4033.0000,4038.2000,4038.4000,4039.4000,4042.0000,4042.4000,1,2,1,2,3,1,2,1,1,2
SF,IF2006,2020-02-19 14:09:53.900,4038.0000,24076,1,7320575880.000,1,1,0,双开,B,4037.4000,4036.8000,4033.4000,4033.2000,4033.0000,4038.0000,4038.2000,4039.4000,4042.0000,4042.4000,1,2,1,2,3,1,1,1,1,2
SF,IF2006,2020-02-19 14:09:54.400,4038.0000,24076,0,7320575880.000,0,-,-,-,-,4037.4000,4036.8000,4033.4000,4033.2000,4033.0000,4038.0000,4039.4000,4042.0000,4042.4000,4042.8000,1,2,1,2,3,1,1,1,2,2
SF,IF2006,2020-02-19 14:09:54.900,4038.0000,24076,0,7320575880.000,0,-,-,-,-,4037.4000,4036.8000,4033.4000,4033.2000,4033.0000,4038.0000,4039.4000,4040.0000,4042.0000,4042.4000,1,2,1,2,3,1,1,1,1,2
SF,IF2006,2020-02-19 14:09:56.900,4038.0000,24077,1,7322998500.000,2,1,1,多开,B,4036.8000,4033.4000,4033.2000,4033.0000,4032.2000,4039.4000,4040.0000,4042.0000,4042.4000,4042.8000,2,1,2,3,1,1,1,1,2,2
SF,IF2006,2020-02-19 14:09:57.400,4037.0000,24077,0,7325420700.000,2,1,1,空换,B,4036.8000,4033.4000,4033.2000,4033.0000,4032.2000,4038.6000,4039.2000,4039.4000,4040.0000,4042.0000,2,1,2,3,1,1,5,2,1,1
SF,IF2006,2020-02-19 14:09:57.900,4037.0000,24077,0,7325420700.000,0,-,-,-,-,4036.8000,4033.4000,4033.2000,4033.0000,4032.2000,4038.2000,4038.4000,4038.8000,4039.2000,4039.4000,2,1,2,3,1,6,2,2,3,2
SF,IF2006,2020-02-19 14:09:58.400,4037.0000,24077,0,7325420700.000,0,-,-,-,-,4036.8000,4033.4000,4033.2000,4033.0000,4032.2000,4038.0000,4038.2000,4038.8000,4039.2000,4039.4000,2,1,2,3,1,2,6,2,3,2
SF,IF2006,2020-02-19 14:09:58.900,4037.0000,24077,0,7325420700.000,0,-,-,-,-,4036.8000,4033.4000,4033.2000,4033.0000,4032.2000,4038.0000,4038.2000,4038.8000,4039.2000,4039.4000,2,1,2,3,1,2,6,2,3,2
SF,IF2006,2020-02-19 14:09:59.400,4038.0000,24078,1,7326632100.000,1,1,0,双开,B,4036.8000,4033.4000,4033.2000,4033.0000,4032.2000,4038.0000,4038.2000,4038.8000,4039.2000,4039.4000,2,1,2,3,1,1,1,2,3,2
SF,IF2006,2020-02-19 14:10:00.900,4038.0000,24078,0,7326632100.000,0,-,-,-,-,4036.8000,4033.4000,4033.2000,4033.0000,4032.2000,4038.0000,4038.2000,4038.8000,4039.2000,4039.4000,2,1,2,3,1,1,1,2,3,2
SF,IF2006,2020-02-19 14:10:02.400,4038.0000,24078,0,7326632100.000,0,-,-,-,-,4036.8000,4033.4000,4033.2000,4033.0000,4032.2000,4038.0000,4038.2000,4038.8000,4039.2000,4039.4000,2,1,2,3,1,2,1,2,3,2
SF,IF2006,2020-02-19 14:10:02.900,4036.8000,24080,2,7329054180.000,2,2,0,双开,B,4036.0000,4033.4000,4033.2000,4033.0000,4032.2000,4037.8000,4038.0000,4038.2000,4038.8000,4039.2000,1,1,2,3,1,1,2,1,2,2
SF,IF2006,2020-02-19 14:10:03.400,4036.8000,24080,0,7329054180.000,0,-,-,-,-,4036.0000,4033.4000,4033.2000,4033.0000,4032.2000,4037.6000,4037.8000,4038.0000,4038.8000,4039.2000,1,1,2,3,1,2,1,1,2,2
SF,IF2006,2020-02-19 14:10:03.900,4036.8000,24080,0,7329054180.000,0,-,-,-,-,4036.0000,4033.4000,4033.2000,4033.0000,4032.2000,4037.6000,4037.8000,4038.0000,4038.8000,4039.2000,1,1,2,3,1,2,1,1,2,2
SF,IF2006,2020-02-19 14:10:04.400,4036.8000,24080,0,7329054180.000,0,-,-,-,-,4036.0000,4033.4000,4033.2000,4033.0000,4032.2000,4037.6000,4037.8000,4038.0000,4038.8000,4039.2000,1,1,2,3,1,2,1,1,2,2
SF,IF2006,2020-02-19 14:10:04.900,4036.8000,24080,0,7329054180.000,0,-,-,-,-,4036.0000,4033.4000,4033.2000,4033.0000,4032.2000,4037.6000,4038.0000,4038.8000,4039.2000,4039.4000,1,1,2,3,1,2,1,2,2,1
SF,IF2006,2020-02-19 14:10:06.900,4036.8000,24080,0,7329054180.000,0,-,-,-,-,4036.0000,4033.4000,4033.2000,4033.0000,4032.2000,4037.6000,4038.0000,4038.8000,4039.2000,4039.4000,1,1,2,3,1,2,1,2,2,1
SF,IF2006,2020-02-19 14:10:07.400,4036.8000,24080,0,7329054180.000,0,-,-,-,-,4036.2000,4036.0000,4033.4000,4033.2000,4033.0000,4037.6000,4038.0000,4038.8000,4039.2000,4039.4000,1,1,1,2,3,2,1,2,2,1
SF,IF2006,2020-02-19 14:10:10.900,4036.8000,24080,0,7329054180.000,0,-,-,-,-,4036.0000,4033.4000,4033.2000,4033.0000,4032.2000,4037.4000,4037.6000,4038.0000,4038.8000,4039.2000,1,1,2,3,1,1,2,1,2,2
SF,IF2006,2020-02-19 14:10:11.400,4037.2000,24081,1,7330265340.000,1,1,0,双开,B,4036.0000,4033.4000,4033.2000,4033.0000,4032.2000,4037.2000,4037.4000,4038.0000,4038.8000,4039.2000,1,1,2,3,1,1,2,1,2,2
SF,IF2006,2020-02-19 14:10:11.900,4037.2000,24081,0,7330265340.000,0,-,-,-,-,4036.0000,4033.4000,4033.2000,4033.0000,4032.2000,4037.2000,4037.4000,4038.0000,4038.8000,4039.2000,1,1,2,3,1,1,1,1,2,2
SF,IF2006,2020-02-19 14:10:17.900,4037.2000,24082,1,7331476500.000,1,1,0,双开,B,4036.2000,4036.0000,4033.4000,4033.2000,4033.0000,4037.4000,4038.0000,4038.8000,4039.2000,4039.4000,1,1,1,2,3,1,1,2,2,1
SF,IF2006,2020-02-19 14:10:18.900,4037.2000,24082,0,7331476500.000,0,-,-,-,-,4037.2000,4036.0000,4033.4000,4033.2000,4033.0000,4037.4000,4038.0000,4038.8000,4039.2000,4039.4000,1,1,1,2,3,1,1,2,2,1
SF,IF2006,2020-02-19 14:10:19.400,4037.2000,24082,0,7332687660.000,1,0,1,空换,B,4036.0000,4033.4000,4033.2000,4033.0000,4032.2000,4037.0000,4037.4000,4038.0000,4038.8000,4039.2000,1,1,2,3,1,1,1,1,2,2
SF,IF2006,2020-02-19 14:10:19.900,4037.2000,24082,0,7332687660.000,0,-,-,-,-,4036.2000,4036.0000,4033.4000,4033.2000,4033.0000,4037.4000,4038.0000,4038.8000,4039.2000,4039.4000,2,1,1,2,3,1,1,2,2,1
SF,IF2006,2020-02-19 14:10:21.400,4036.2000,24083,1,7333898520.000,1,1,0,双开,B,4036.2000,4036.0000,4033.4000,4033.2000,4033.0000,4037.4000,4038.0000,4038.8000,4039.2000,4039.4000,1,1,1,2,3,1,1,2,2,1
SF,IF2006,2020-02-19 14:10:22.400,4036.2000,24083,0,7333898520.000,0,-,-,-,-,4036.2000,4036.0000,4033.4000,4033.2000,4033.0000,4037.2000,4037.4000,4038.0000,4038.8000,4039.2000,1,1,1,2,3,1,1,1,2,2
SF,IF2006,2020-02-19 14:10:22.900,4036.2000,24083,0,7333898520.000,0,-,-,-,-,4036.2000,4036.0000,4033.4000,4033.2000,4033.0000,4037.2000,4037.4000,4038.0000,4038.8000,4039.2000,1,1,1,2,3,1,1,1,2,2
SF,IF2006,2020-02-19 14:10:23.900,4036.2000,24083,0,7335109380.000,1,0,1,空换,B,4036.0000,4033.4000,4033.2000,4033.0000,4032.2000,4037.2000,4037.4000,4038.0000,4038.8000,4039.2000,1,1,2,3,1,1,1,1,2,2
SF,IF2006,2020-02-19 14:10:24.400,4036.2000,24083,0,7335109380.000,0,-,-,-,-,4036.0000,4033.4000,4033.2000,4033.0000,4032.2000,4037.2000,4037.4000,4038.0000,4038.8000,4039.2000,1,1,2,3,1,1,1,1,2,2
SF,IF2006,2020-02-19 14:10:24.900,4036.2000,24083,0,7335109380.000,0,-,-,-,-,4036.4000,4036.0000,4033.4000,4033.2000,4033.0000,4037.2000,4037.4000,4038.0000,4038.8000,4039.2000,1,1,1,2,3,1,1,1,2,2
SF,IF2006,2020-02-19 14:10:27.400,4037.2000,24083,0,7336320540.000,1,0,1,空换,B,4036.4000,4036.0000,4033.4000,4033.2000,4033.0000,4037.4000,4038.0000,4038.8000,4039.2000,4039.4000,1,1,1,2,3,1,1,2,2,1
SF,IF2006,2020-02-19 14:10:27.900,4037.2000,24083,0,7336320540.000,0,-,-,-,-,4036.6000,4036.4000,4036.0000,4033.4000,4033.2000,4038.0000,4038.8000,4039.2000,4039.4000,4040.0000,2,1,1,1,2,1,2,2,1,2
SF,IF2006,2020-02-19 14:10:28.400,4037.2000,24083,0,7336320540.000,0,-,-,-,-,4036.6000,4036.4000,4036.0000,4033.4000,4033.2000,4038.0000,4039.2000,4040.0000,4042.0000,4042.8000,2,1,1,1,2,1,2,2,1,1
SF,IF2006,2020-02-19 14:10:28.900,4037.2000,24083,0,7336320540.000,0,-,-,-,-,4037.2000,4036.8000,4036.6000,4036.0000,4033.4000,4038.0000,4039.2000,4040.0000,4042.0000,4042.8000,2,1,2,1,1,1,1,2,1,1
SF,IF2006,2020-02-19 14:10:29.400,4038.0000,24082,-1,7337531940.000,1,0,1,双平,B,4038.0000,4037.2000,4036.8000,4036.6000,4036.0000,4039.2000,4040.0000,4042.0000,4042.8000,4043.0000,1,2,1,2,1,1,2,1,1,1
SF,IF2006,2020-02-19 14:10:29.900,4038.0000,24082,0,7338743340.000,1,0,1,空换,B,4037.2000,4036.6000,4036.0000,4033.4000,4033.2000,4038.8000,4040.0000,4042.0000,4042.8000,4043.0000,2,2,1,1,2,1,2,1,1,1
SF,IF2006,2020-02-19 14:10:30.400,4038.0000,24082,0,7338743340.000,0,-,-,-,-,4037.4000,4037.2000,4036.0000,4033.4000,4033.2000,4038.8000,4040.0000,4042.0000,4042.8000,4043.0000,3,2,1,1,2,1,2,1,1,1
SF,IF2006,2020-02-19 14:10:30.900,4038.0000,24082,0,7338743340.000,0,-,-,-,-,4037.6000,4037.4000,4036.0000,4033.4000,4033.2000,4038.6000,4040.0000,4042.0000,4042.8000,4043.0000,1,1,1,1,2,2,2,1,1,1
SF,IF2006,2020-02-19 14:10:31.400,4038.0000,24082,0,7338743340.000,0,-,-,-,-,4036.0000,4033.4000,4033.2000,4033.0000,4032.2000,4038.6000,4040.0000,4042.0000,4042.8000,4043.0000,1,1,2,3,1,2,2,1,1,1
SF,IF2006,2020-02-19 14:10:31.900,4038.0000,24082,0,7338743340.000,0,-,-,-,-,4036.8000,4036.6000,4036.2000,4036.0000,4035.8000,4040.0000,4042.0000,4042.8000,4043.0000,4043.2000,1,1,9,2,2,2,1,1,1,2
SF,IF2006,2020-02-19 14:10:32.400,4038.0000,24082,0,7338743340.000,0,-,-,-,-,4037.0000,4036.8000,4036.6000,4036.2000,4036.0000,4039.2000,4039.4000,4039.8000,4040.0000,4042.0000,5,1,1,6,2,1,1,7,4,1
SF,IF2006,2020-02-19 14:10:32.900,4038.0000,24082,0,7338743340.000,0,-,-,-,-,4037.2000,4037.0000,4036.2000,4036.0000,4035.8000,4039.0000,4039.2000,4040.0000,4042.0000,4042.8000,1,5,6,2,1,2,1,4,1,1
SF,IF2006,2020-02-19 14:10:33.400,4038.0000,24082,0,7338743340.000,0,-,-,-,-,4037.6000,4037.4000,4037.0000,4036.2000,4036.0000,4039.0000,4039.2000,4040.0000,4042.0000,4042.8000,1,3,3,6,2,2,1,4,1,1
SF,IF2006,2020-02-19 14:10:33.900,4038.0000,24082,0,7338743340.000,0,-,-,-,-,4037.8000,4037.6000,4037.0000,4036.2000,4036.0000,4039.2000,4040.0000,4042.0000,4042.8000,4043.0000,2,1,3,6,2,1,2,1,1,1
SF,IF2006,2020-02-19 14:10:34.400,4039.2000,24082,0,7339955100.000,1,0,1,空换,B,4038.0000,4037.8000,4037.0000,4036.2000,4036.0000,4040.0000,4042.0000,4042.8000,4043.0000,4043.2000,1,2,3,6,2,2,1,1,1,2
SF,IF2006,2020-02-19 14:10:34.900,4039.2000,24082,0,7339955100.000,0,-,-,-,-,4038.2000,4038.0000,4037.0000,4036.2000,4036.0000,4040.0000,4042.0000,4042.8000,4043.0000,4043.2000,3,1,2,6,3,2,1,1,1,2
SF,IF2006,2020-02-19 14:10:35.400,4039.2000,24082,0,7339955100.000,0,-,-,-,-,4038.2000,4038.0000,4037.0000,4036.2000,4036.0000,4039.8000,4040.0000,4042.0000,4042.8000,4043.0000,3,1,2,6,3,2,2,1,1,1
SF,IF2006,2020-02-19 14:10:36.400,4039.2000,24082,0,7339955100.000,0,-,-,-,-,4038.8000,4038.2000,4038.0000,4037.0000,4036.2000,4039.8000,4040.0000,4042.0000,4042.8000,4043.0000,2,3,1,2,6,2,2,1,1,1
SF,IF2006,2020-02-19 14:10:36.900,4039.2000,24082,0,7339955100.000,0,-,-,-,-,4038.8000,4038.2000,4037.0000,4036.2000,4036.0000,4039.8000,4040.0000,4042.0000,4042.8000,4043.0000,2,3,2,6,3,2,2,1,1,1
SF,IF2006,2020-02-19 14:10:37.400,4039.2000,24082,0,7339955100.000,0,-,-,-,-,4038.8000,4038.2000,4037.0000,4036.2000,4036.0000,4039.8000,4040.0000,4042.0000,4042.8000,4043.0000,2,1,2,6,3,2,2,1,1,1
SF,IF2006,2020-02-19 14:10:37.900,4039.2000,24082,0,7339955100.000,0,-,-,-,-,4038.8000,4038.2000,4037.2000,4037.0000,4036.2000,4039.8000,4040.0000,4042.0000,4042.8000,4043.0000,2,1,1,2,6,2,2,1,1,1
SF,IF2006,2020-02-19 14:10:40.900,4038.8000,24083,1,7341166740.000,1,1,0,双开,B,4038.8000,4038.2000,4037.2000,4037.0000,4036.2000,4039.8000,4040.0000,4042.0000,4042.8000,4043.0000,1,1,1,2,6,2,2,1,1,1
SF,IF2006,2020-02-19 14:10:41.400,4038.8000,24083,0,7341166740.000,0,-,-,-,-,4038.8000,4038.2000,4037.2000,4037.0000,4036.2000,4039.6000,4039.8000,4040.0000,4042.0000,4042.8000,1,1,1,2,6,1,2,2,1,1
SF,IF2006,2020-02-19 14:10:41.900,4039.6000,24084,1,7342378620.000,1,1,0,双开,B,4038.8000,4037.2000,4037.0000,4036.2000,4036.0000,4039.8000,4040.0000,4042.0000,4042.8000,4043.0000,1,1,2,6,3,2,2,1,1,1
SF,IF2006,2020-02-19 14:10:42.400,4039.6000,24084,0,7342378620.000,0,-,-,-,-,4038.8000,4037.2000,4037.0000,4036.2000,4036.0000,4039.6000,4039.8000,4040.0000,4042.0000,4042.8000,1,1,2,6,3,1,2,2,1,1
SF,IF2006,2020-02-19 14:10:43.400,4039.6000,24084,0,7342378620.000,0,-,-,-,-,4038.8000,4037.2000,4037.0000,4036.2000,4036.0000,4039.6000,4039.8000,4040.0000,4042.0000,4042.8000,1,1,2,6,3,1,2,2,1,1
SF,IF2006,2020-02-19 14:10:43.900,4039.6000,24084,0,7342378620.000,0,-,-,-,-,4038.8000,4037.2000,4037.0000,4036.2000,4036.0000,4039.4000,4039.6000,4039.8000,4040.0000,4042.0000,1,1,2,6,3,1,1,2,2,1
SF,IF2006,2020-02-19 14:10:44.400,4039.6000,24084,0,7342378620.000,0,-,-,-,-,4038.8000,4037.2000,4037.0000,4036.2000,4036.0000,4039.6000,4039.8000,4040.0000,4042.0000,4042.8000,1,1,2,6,3,1,2,2,1,1
SF,IF2006,2020-02-19 14:10:50.400,4039.6000,24084,0,7342378620.000,0,-,-,-,-,4038.8000,4037.2000,4037.0000,4036.2000,4036.0000,4039.6000,4039.8000,4040.0000,4042.0000,4042.8000,1,1,2,6,3,1,2,1,1,1
SF,IF2006,2020-02-19 14:10:50.900,4039.6000,24084,0,7342378620.000,0,-,-,-,-,4038.8000,4038.2000,4037.2000,4037.0000,4036.2000,4039.6000,4039.8000,4040.0000,4042.0000,4042.8000,1,1,1,2,6,1,2,1,1,1
SF,IF2006,2020-02-19 14:10:51.900,4039.6000,24084,0,7342378620.000,0,-,-,-,-,4038.8000,4038.2000,4037.2000,4037.0000,4036.2000,4039.6000,4039.8000,4040.0000,4042.0000,4042.8000,2,1,1,2,6,1,2,1,1,1
SF,IF2006,2020-02-19 14:10:52.400,4039.6000,24084,0,7342378620.000,0,-,-,-,-,4038.8000,4038.2000,4037.2000,4037.0000,4036.2000,4039.4000,4039.6000,4039.8000,4040.0000,4042.0000,2,1,1,2,6,1,1,2,1,1
SF,IF2006,2020-02-19 14:10:52.900,4039.6000,24084,0,7342378620.000,0,-,-,-,-,4038.8000,4038.2000,4037.2000,4037.0000,4036.2000,4039.6000,4039.8000,4040.0000,4042.0000,4042.8000,2,1,1,2,6,1,2,1,1,1
SF,IF2006,2020-02-19 14:10:54.400,4039.6000,24084,0,7342378620.000,0,-,-,-,-,4038.8000,4038.2000,4037.2000,4037.0000,4036.2000,4039.6000,4039.8000,4040.0000,4042.0000,4042.8000,2,1,1,2,6,2,2,1,1,1
SF,IF2006,2020-02-19 14:10:54.900,4039.6000,24084,0,7342378620.000,0,-,-,-,-,4039.0000,4038.8000,4038.2000,4037.2000,4037.0000,4039.6000,4039.8000,4040.0000,4042.0000,4042.8000,2,2,1,1,2,2,2,1,1,1
SF,IF2006,2020-02-19 14:10:56.400,4039.6000,24084,0,7342378620.000,0,-,-,-,-,4039.0000,4038.8000,4038.2000,4037.2000,4037.0000,4039.6000,4039.8000,4040.0000,4042.0000,4042.8000,2,2,1,1,2,1,2,1,1,1
SF,IF2006,2020-02-19 14:10:57.400,4039.6000,24083,-1,7343590500.000,1,0,1,双平,B,4039.0000,4038.8000,4038.2000,4037.2000,4037.0000,4039.6000,4039.8000,4040.0000,4042.0000,4042.8000,2,2,1,1,2,1,2,1,1,1
SF,IF2006,2020-02-19 14:10:58.400,4039.6000,24083,0,7343590500.000,0,-,-,-,-,4039.0000,4038.8000,4038.2000,4037.2000,4037.0000,4039.6000,4039.8000,4040.0000,4042.0000,4042.8000,2,2,1,1,2,1,2,1,1,1
SF,IF2006,2020-02-19 14:10:58.900,4039.6000,24083,0,7343590500.000,0,-,-,-,-,4039.0000,4038.8000,4038.2000,4037.2000,4037.0000,4039.6000,4040.0000,4042.0000,4042.8000,4043.0000,2,2,1,1,2,1,1,1,1,1
SF,IF2006,2020-02-19 14:11:00.900,4039.6000,24083,0,7344802380.000,1,0,1,空换,B,4039.0000,4038.8000,4038.2000,4037.2000,4037.0000,4040.0000,4042.0000,4042.8000,4043.0000,4043.2000,2,2,1,1,2,1,1,1,1,1
SF,IF2006,2020-02-19 14:11:01.900,4039.6000,24083,0,7344802380.000,0,-,-,-,-,4039.2000,4039.0000,4038.8000,4038.2000,4037.2000,4040.0000,4042.0000,4042.8000,4043.0000,4043.2000,1,2,2,1,1,1,1,1,1,1
SF,IF2006,2020-02-19 14:11:03.900,4039.6000,24083,0,7344802380.000,0,-,-,-,-,4039.0000,4038.8000,4038.2000,4037.2000,4037.0000,4040.0000,4042.0000,4042.8000,4043.0000,4043.2000,2,2,1,1,2,1,1,1,1,1
SF,IF2006,2020-02-19 14:11:04.900,4039.6000,24083,0,7344802380.000,0,-,-,-,-,4039.2000,4039.0000,4038.8000,4038.2000,4037.2000,4040.0000,4042.0000,4042.8000,4043.0000,4043.2000,1,2,2,1,1,1,1,1,1,1
SF,IF2006,2020-02-19 14:11:06.400,4039.6000,24083,0,7344802380.000,0,-,-,-,-,4039.4000,4039.2000,4039.0000,4038.8000,4038.2000,4040.0000,4042.0000,4042.8000,4043.0000,4043.2000,1,1,2,2,1,1,1,1,1,1
SF,IF2006,2020-02-19 14:11:07.400,4039.6000,24083,0,7344802380.000,0,-,-,-,-,4039.6000,4039.4000,4039.0000,4038.8000,4038.2000,4040.0000,4042.0000,4042.8000,4043.0000,4043.2000,1,1,2,2,1,1,1,1,1,1
SF,IF2006,2020-02-19 14:11:08.900,4039.6000,24083,0,7344802380.000,0,-,-,-,-,4039.4000,4039.0000,4038.8000,4038.2000,4037.2000,4040.0000,4042.0000,4042.8000,4043.0000,4043.2000,1,2,2,1,1,1,1,1,1,1
SF,IF2006,2020-02-19 14:11:10.400,4039.6000,24083,0,7344802380.000,0,-,-,-,-,4039.4000,4039.0000,4038.8000,4038.2000,4037.2000,4040.0000,4042.0000,4042.8000,4043.0000,4043.2000,1,2,2,1,1,1,1,1,2,1
SF,IF2006,2020-02-19 14:11:12.400,4040.0000,24082,-1,7346014380.000,1,0,1,双平,B,4039.4000,4039.0000,4038.8000,4038.2000,4037.2000,4042.0000,4042.8000,4043.0000,4043.2000,4044.8000,1,2,2,1,1,1,1,2,1,1
SF,IF2006,2020-02-19 14:11:12.900,4040.0000,24082,0,7346014380.000,0,-,-,-,-,4039.6000,4039.4000,4039.0000,4038.8000,4038.2000,4041.0000,4041.2000,4041.6000,4041.8000,4042.0000,3,1,2,2,1,5,1,3,6,1
SF,IF2006,2020-02-19 14:11:13.400,4040.0000,24082,0,7346014380.000,0,-,-,-,-,4039.6000,4039.4000,4039.0000,4038.8000,4038.2000,4039.8000,4041.2000,4041.6000,4041.8000,4042.0000,2,1,2,2,1,1,1,1,6,1
SF,IF2006,2020-02-19 14:11:13.900,4039.8000,24082,0,7347226320.000,1,0,1,空换,B,4039.6000,4039.4000,4039.0000,4038.8000,4038.2000,4041.2000,4041.6000,4041.8000,4042.0000,4042.8000,2,1,2,2,1,1,1,6,1,1
SF,IF2006,2020-02-19 14:11:14.400,4039.8000,24082,0,7347226320.000,0,-,-,-,-,4039.4000,4039.0000,4038.8000,4038.2000,4037.2000,4041.0000,4041.2000,4041.6000,4041.8000,4042.0000,1,2,2,1,1,2,1,1,4,1
SF,IF2006,2020-02-19 14:11:14.900,4039.8000,24082,0,7347226320.000,0,-,-,-,-,4039.6000,4039.4000,4039.0000,4038.8000,4038.2000,4040.8000,4041.0000,4041.2000,4041.6000,4041.8000,1,1,2,2,1,1,2,1,1,4
SF,IF2006,2020-02-19 14:11:15.400,4039.6000,24082,0,7348438200.000,1,0,1,空换,B,4039.4000,4039.0000,4038.8000,4038.2000,4037.2000,4039.6000,4040.8000,4041.0000,4041.2000,4041.6000,1,2,2,1,1,2,1,2,1,1
SF,IF2006,2020-02-19 14:11:15.900,4039.6000,24082,0,7350861960.000,2,1,1,空换,B,4039.4000,4039.0000,4038.8000,4038.2000,4037.2000,4040.8000,4041.0000,4041.2000,4041.6000,4041.8000,1,2,2,1,1,1,2,1,1,4
SF,IF2006,2020-02-19 14:11:16.400,4039.6000,24082,0,7350861960.000,0,-,-,-,-,4039.4000,4039.0000,4038.8000,4038.2000,4037.2000,4040.6000,4041.0000,4041.6000,4041.8000,4042.0000,1,2,2,1,1,5,4,1,4,1
SF,IF2006,2020-02-19 14:11:16.900,4039.6000,24082,0,7350861960.000,0,-,-,-,-,4039.4000,4039.0000,4038.8000,4038.2000,4037.2000,4040.2000,4040.6000,4041.0000,4041.6000,4041.8000,1,2,2,1,1,1,5,4,1,4
SF,IF2006,2020-02-19 14:11:17.900,4039.6000,24082,0,7350861960.000,0,-,-,-,-,4039.4000,4039.2000,4039.0000,4038.8000,4038.2000,4040.2000,4040.6000,4041.0000,4041.6000,4041.8000,1,1,2,2,1,1,5,4,1,4
SF,IF2006,2020-02-19 14:11:19.400,4039.6000,24082,0,7350861960.000,0,-,-,-,-,4039.2000,4039.0000,4038.8000,4038.2000,4037.2000,4041.0000,4041.6000,4041.8000,4042.0000,4042.8000,1,2,2,1,1,2,1,4,1,1
SF,IF2006,2020-02-19 14:11:19.900,4039.6000,24082,0,7350861960.000,0,-,-,-,-,4039.2000,4039.0000,4038.8000,4038.2000,4037.2000,4039.4000,4040.8000,4041.0000,4041.6000,4041.8000,1,2,2,1,1,1,4,2,1,4
SF,IF2006,2020-02-19 14:11:20.400,4039.6000,24082,0,7350861960.000,0,-,-,-,-,4039.2000,4039.0000,4038.8000,4038.2000,4037.2000,4039.4000,4040.8000,4041.0000,4041.6000,4041.8000,1,2,2,1,1,1,3,2,1,4
SF,IF2006,2020-02-19 14:11:20.900,4039.4000,24081,-1,7352073780.000,1,0,1,双平,B,4039.2000,4039.0000,4038.8000,4038.2000,4037.2000,4040.2000,4040.8000,4041.0000,4041.6000,4041.8000,1,2,2,1,1,1,3,2,1,4
SF,IF2006,2020-02-19 14:11:21.900,4039.4000,24081,0,7352073780.000,0,-,-,-,-,4039.6000,4039.4000,4039.2000,4039.0000,4038.8000,4040.2000,4040.8000,4041.0000,4041.6000,4041.8000,1,1,1,2,2,1,4,2,1,4
SF,IF2006,2020-02-19 14:11:23.900,4039.4000,24081,0,7352073780.000,0,-,-,-,-,4039.6000,4039.2000,4039.0000,4038.8000,4038.2000,4040.2000,4040.8000,4041.0000,4041.6000,4041.8000,1,1,2,2,1,1,4,2,1,4
SF,IF2006,2020-02-19 14:11:25.400,4039.4000,24081,0,7352073780.000,0,-,-,-,-,4039.6000,4039.2000,4039.0000,4038.8000,4038.2000,4040.8000,4041.0000,4041.6000,4041.8000,4042.0000,1,1,2,2,1,2,2,1,4,1
SF,IF2006,2020-02-19 14:11:25.900,4039.4000,24081,0,7352073780.000,0,-,-,-,-,4039.6000,4039.2000,4039.0000,4038.8000,4038.2000,4040.2000,4040.6000,4040.8000,4041.0000,4041.6000,1,1,2,2,1,1,5,2,4,1
SF,IF2006,2020-02-19 14:11:26.400,4039.4000,24081,0,7352073780.000,0,-,-,-,-,4039.8000,4039.6000,4039.2000,4039.0000,4038.8000,4041.0000,4041.6000,4041.8000,4042.0000,4042.8000,1,1,1,2,2,2,1,4,1,1
SF,IF2006,2020-02-19 14:11:26.900,4039.4000,24081,0,7352073780.000,0,-,-,-,-,4039.8000,4039.6000,4039.2000,4039.0000,4038.8000,4040.8000,4041.0000,4041.6000,4041.8000,4042.0000,1,1,1,2,2,5,2,1,4,1
SF,IF2006,2020-02-19 14:11:27.400,4039.4000,24081,0,7352073780.000,0,-,-,-,-,4039.8000,4039.6000,4039.2000,4039.0000,4038.8000,4040.4000,4041.0000,4041.6000,4041.8000,4042.0000,1,1,1,2,2,1,2,1,4,1
SF,IF2006,2020-02-19 14:11:28.400,4040.4000,24081,0,7353285900.000,1,0,1,空换,B,4039.8000,4039.6000,4039.2000,4039.0000,4038.8000,4041.0000,4041.6000,4041.8000,4042.0000,4042.8000,1,1,1,2,2,2,1,4,1,1
SF,IF2006,2020-02-19 14:11:28.900,4040.4000,24081,0,7353285900.000,0,-,-,-,-,4039.8000,4039.6000,4039.2000,4039.0000,4038.8000,4040.8000,4041.0000,4041.6000,4041.8000,4042.0000,1,1,1,2,2,1,2,1,4,1
SF,IF2006,2020-02-19 14:11:29.400,4040.4000,24081,0,7353285900.000,0,-,-,-,-,4039.8000,4039.6000,4039.2000,4039.0000,4038.8000,4040.6000,4040.8000,4041.6000,4041.8000,4042.0000,1,1,1,2,2,2,1,1,4,1
SF,IF2006,2020-02-19 14:11:31.900,4040.4000,24081,0,7353285900.000,0,-,-,-,-,4039.8000,4039.6000,4039.2000,4039.0000,4038.8000,4040.0000,4040.6000,4040.8000,4041.6000,4041.8000,1,1,1,2,2,1,2,1,1,4
SF,IF2006,2020-02-19 14:11:32.400,4040.0000,24080,-1,7354497900.000,1,0,1,双平,B,4039.8000,4039.6000,4039.2000,4039.0000,4038.8000,4040.6000,4040.8000,4041.6000,4041.8000,4042.0000,1,1,1,2,2,2,1,1,4,1
SF,IF2006,2020-02-19 14:11:32.900,4040.0000,24080,0,7354497900.000,0,-,-,-,-,4040.0000,4039.8000,4039.6000,4039.2000,4039.0000,4041.6000,4041.8000,4042.0000,4042.8000,4043.0000,1,1,1,1,2,1,4,1,1,2
SF,IF2006,2020-02-19 14:11:33.400,4040.0000,24080,0,7354497900.000,0,-,-,-,-,4040.0000,4039.6000,4039.2000,4039.0000,4038.8000,4041.0000,4041.4000,4041.6000,4041.8000,4042.0000,1,1,1,2,2,5,3,1,4,1
SF,IF2006,2020-02-19 14:11:33.900,4040.0000,24080,0,7354497900.000,0,-,-,-,-,4040.0000,4039.6000,4039.2000,4039.0000,4038.8000,4041.4000,4041.6000,4041.8000,4042.0000,4042.8000,1,1,1,2,2,2,1,4,1,1
SF,IF2006,2020-02-19 14:11:34.400,4040.0000,24080,0,7354497900.000,0,-,-,-,-,4040.0000,4039.6000,4039.2000,4039.0000,4038.8000,4041.2000,4041.4000,4041.6000,4041.8000,4042.0000,1,1,1,2,2,7,2,1,4,1
SF,IF2006,2020-02-19 14:11:34.900,4040.0000,24080,0,7355709900.000,1,0,1,空换,B,4039.6000,4039.2000,4039.0000,4038.8000,4038.2000,4041.0000,4041.2000,4041.6000,4041.8000,4042.0000,1,1,2,2,1,2,7,1,4,1
SF,IF2006,2020-02-19 14:11:35.900,4040.0000,24080,0,7355709900.000,0,-,-,-,-,4039.6000,4039.2000,4039.0000,4038.8000,4038.2000,4040.8000,4041.0000,4041.2000,4041.6000,4041.8000,1,1,2,2,1,1,2,7,1,4
SF,IF2006,2020-02-19 14:11:36.400,4040.0000,24080,0,7355709900.000,0,-,-,-,-,4039.8000,4039.6000,4039.2000,4039.0000,4038.8000,4040.6000,4040.8000,4041.2000,4041.6000,4041.8000,1,1,1,2,2,2,1,7,1,4
SF,IF2006,2020-02-19 14:11:37.400,4040.0000,24080,0,7355709900.000,0,-,-,-,-,4039.8000,4039.6000,4039.2000,4039.0000,4038.8000,4040.6000,4040.8000,4041.2000,4041.6000,4041.8000,1,1,1,2,2,2,1,7,1,4
SF,IF2006,2020-02-19 14:11:39.900,4040.0000,24080,0,7355709900.000,0,-,-,-,-,4039.8000,4039.6000,4039.2000,4039.0000,4038.8000,4040.4000,4040.6000,4040.8000,4041.2000,4041.6000,1,1,1,2,2,1,2,1,7,1
SF,IF2006,2020-02-19 14:11:40.400,4040.0000,24080,0,7355709900.000,0,-,-,-,-,4039.6000,4039.2000,4039.0000,4038.8000,4038.2000,4040.4000,4040.6000,4040.8000,4041.2000,4041.6000,1,1,2,2,1,1,2,1,6,1
SF,IF2006,2020-02-19 14:11:41.400,4040.0000,24080,0,7355709900.000,0,-,-,-,-,4039.6000,4039.2000,4039.0000,4038.8000,4038.2000,4040.2000,4040.4000,4040.6000,4040.8000,4041.2000,1,1,2,2,1,1,1,2,1,6
SF,IF2006,2020-02-19 14:11:42.900,4040.0000,24080,0,7355709900.000,0,-,-,-,-,4039.6000,4039.2000,4039.0000,4038.8000,4038.2000,4040.0000,4040.2000,4040.4000,4040.6000,4041.2000,1,1,2,2,1,1,1,1,2,6
SF,IF2006,2020-02-19 14:11:43.400,4040.0000,24080,0,7355709900.000,0,-,-,-,-,4039.6000,4039.2000,4039.0000,4038.8000,4038.2000,4040.0000,4040.2000,4040.4000,4040.6000,4041.2000,1,1,2,2,1,1,1,1,2,1
SF,IF2006,2020-02-19 14:11:43.900,4039.6000,24081,1,7356921780.000,1,1,0,双开,B,4039.2000,4039.0000,4038.8000,4038.2000,4037.2000,4039.6000,4039.8000,4040.2000,4040.4000,4040.6000,1,2,2,1,1,1,1,1,1,2
SF,IF2006,2020-02-19 14:11:44.400,4039.2000,24082,1,7358133540.000,1,1,0,双开,B,4039.0000,4038.8000,4038.2000,4037.2000,4037.0000,4039.6000,4039.8000,4040.0000,4040.4000,4040.6000,2,2,1,1,2,1,2,1,1,2
SF,IF2006,2020-02-19 14:11:44.900,4039.2000,24082,0,7358133540.000,0,-,-,-,-,4039.0000,4038.8000,4038.2000,4037.2000,4037.0000,4039.6000,4039.8000,4040.0000,4040.4000,4040.6000,2,2,1,1,2,1,2,2,1,2
SF,IF2006,2020-02-19 14:11:45.400,4039.0000,24084,2,7360556940.000,2,2,0,双开,B,4038.8000,4038.2000,4037.2000,4037.0000,4036.2000,4039.4000,4039.6000,4039.8000,4040.0000,4040.4000,2,1,1,2,6,1,1,1,2,1
SF,IF2006,2020-02-19 14:11:45.900,4039.0000,24084,0,7360556940.000,0,-,-,-,-,4038.8000,4038.2000,4037.2000,4037.0000,4036.2000,4039.4000,4039.6000,4039.8000,4040.0000,4040.4000,2,1,1,2,6,2,1,1,2,1
SF,IF2006,2020-02-19 14:11:46.400,4039.0000,24084,0,7360556940.000,0,-,-,-,-,4038.8000,4038.2000,4037.2000,4037.0000,4036.2000,4039.4000,4039.6000,4039.8000,4040.0000,4040.6000,2,1,1,2,6,2,1,1,2,2
SF,IF2006,2020-02-19 14:11:46.900,4038.8000,24085,1,7362980220.000,2,1,1,多开,B,4038.2000,4037.2000,4037.0000,4036.2000,4036.0000,4039.4000,4039.6000,4039.8000,4040.0000,4040.6000,1,1,2,6,3,2,1,1,2,2
SF,IF2006,2020-02-19 14:11:47.400,4038.8000,24085,0,7362980220.000,0,-,-,-,-,4038.2000,4037.2000,4037.0000,4036.2000,4036.0000,4038.8000,4039.2000,4039.4000,4039.8000,4040.0000,1,1,2,6,3,1,2,2,1,2
SF,IF2006,2020-02-19 14:11:47.900,4038.8000,24085,0,7362980220.000,0,-,-,-,-,4038.2000,4037.2000,4037.0000,4036.2000,4036.0000,4038.8000,4039.2000,4039.4000,4039.8000,4040.0000,1,1,2,6,3,1,2,2,1,2
SF,IF2006,2020-02-19 14:11:48.400,4038.8000,24085,0,7362980220.000,0,-,-,-,-,4038.2000,4037.2000,4037.0000,4036.2000,4036.0000,4038.4000,4039.0000,4039.2000,4039.4000,4039.8000,1,1,2,6,3,1,1,2,2,1
SF,IF2006,2020-02-19 14:11:48.900,4038.8000,24085,0,7362980220.000,0,-,-,-,-,4038.2000,4037.2000,4037.0000,4036.2000,4036.0000,4038.4000,4039.0000,4039.2000,4039.4000,4039.8000,1,1,2,6,3,1,1,2,1,1
SF,IF2006,2020-02-19 14:11:49.400,4038.2000,24086,1,7364191680.000,1,1,0,双开,B,4037.2000,4037.0000,4036.2000,4036.0000,4033.4000,4038.4000,4039.0000,4039.2000,4039.4000,4039.8000,1,2,6,3,1,1,1,2,1,1
SF,IF2006,2020-02-19 14:11:49.900,4038.2000,24086,0,7364191680.000,0,-,-,-,-,4037.4000,4037.2000,4036.2000,4036.0000,4033.4000,4038.4000,4039.0000,4039.2000,4039.4000,4039.8000,3,1,6,3,1,1,1,2,1,1
SF,IF2006,2020-02-19 14:11:50.400,4038.2000,24086,0,7364191680.000,0,-,-,-,-,4037.4000,4037.2000,4036.2000,4036.0000,4033.4000,4039.0000,4039.2000,4039.4000,4039.8000,4040.0000,3,1,6,3,1,1,2,1,1,2
SF,IF2006,2020-02-19 14:11:50.900,4038.2000,24086,0,7364191680.000,0,-,-,-,-,4037.4000,4037.2000,4036.2000,4036.0000,4033.4000,4038.8000,4039.0000,4039.4000,4039.8000,4040.0000,3,1,6,3,1,2,1,1,1,2
SF,IF2006,2020-02-19 14:11:51.400,4038.2000,24086,0,7364191680.000,0,-,-,-,-,4037.2000,4036.2000,4036.0000,4033.4000,4033.2000,4038.8000,4039.0000,4039.4000,4039.8000,4040.0000,1,6,3,1,2,2,1,1,1,2
SF,IF2006,2020-02-19 14:11:53.400,4038.2000,24086,0,7364191680.000,0,-,-,-,-,4037.2000,4036.2000,4036.0000,4033.4000,4033.2000,4038.6000,4038.8000,4039.0000,4039.4000,4039.8000,1,4,3,1,2,1,3,1,1,1
SF,IF2006,2020-02-19 14:11:53.900,4038.2000,24086,0,7364191680.000,0,-,-,-,-,4037.2000,4036.2000,4036.0000,4033.4000,4033.2000,4038.4000,4038.6000,4038.8000,4039.0000,4039.4000,1,4,3,1,2,3,1,1,1,1
SF,IF2006,2020-02-19 14:11:54.400,4038.2000,24086,0,7364191680.000,0,-,-,-,-,4037.2000,4036.2000,4036.0000,4033.4000,4033.2000,4037.8000,4038.2000,4038.4000,4038.6000,4038.8000,1,4,3,1,2,1,1,3,1,1
SF,IF2006,2020-02-19 14:11:54.900,4037.2000,24087,1,7365402840.000,1,1,0,双开,B,4036.2000,4036.0000,4033.4000,4033.2000,4033.0000,4037.2000,4038.2000,4038.4000,4038.6000,4038.8000,4,3,1,2,3,1,1,3,1,1
SF,IF2006,2020-02-19 14:11:55.400,4037.2000,24088,1,7366614000.000,1,1,0,双开,B,4036.6000,4036.4000,4036.2000,4036.0000,4033.4000,4037.2000,4038.2000,4038.4000,4038.8000,4039.0000,1,2,4,3,1,1,1,2,1,1
SF,IF2006,2020-02-19 14:11:55.900,4037.2000,24088,0,7366614000.000,0,-,-,-,-,4036.6000,4036.4000,4036.2000,4036.0000,4033.4000,4038.2000,4038.4000,4038.8000,4039.0000,4039.4000,1,2,4,3,1,1,2,1,1,1
SF,IF2006,2020-02-19 14:11:56.400,4037.2000,24088,0,7366614000.000,0,-,-,-,-,4036.6000,4036.4000,4036.2000,4036.0000,4033.4000,4038.0000,4038.2000,4038.8000,4039.0000,4039.4000,1,2,5,3,1,2,1,1,1,1
SF,IF2006,2020-02-19 14:11:57.400,4037.2000,24088,0,7366614000.000,0,-,-,-,-,4036.6000,4036.4000,4036.2000,4036.0000,4033.4000,4038.0000,4038.2000,4038.8000,4039.0000,4039.4000,1,2,5,3,1,4,1,1,1,1
SF,IF2006,2020-02-19 14:11:57.900,4037.2000,24088,0,7366614000.000,0,-,-,-,-,4036.6000,4036.4000,4036.2000,4036.0000,4033.4000,4037.8000,4038.0000,4038.2000,4038.8000,4039.4000,1,2,3,2,1,1,4,1,1,1
SF,IF2006,2020-02-19 14:11:58.400,4037.2000,24088,0,7366614000.000,0,-,-,-,-,4036.6000,4036.2000,4036.0000,4033.4000,4033.2000,4037.6000,4037.8000,4038.0000,4038.2000,4038.8000,1,3,2,1,2,2,1,2,1,1
SF,IF2006,2020-02-19 14:11:58.900,4037.2000,24088,0,7366614000.000,0,-,-,-,-,4036.2000,4036.0000,4033.4000,4033.2000,4033.0000,4037.6000,4037.8000,4038.0000,4038.2000,4038.8000,2,1,1,2,3,2,1,2,1,1
SF,IF2006,2020-02-19 14:11:59.900,4037.6000,24089,1,7367825280.000,1,1,0,双开,B,4036.2000,4036.0000,4033.4000,4033.2000,4033.0000,4037.6000,4037.8000,4038.0000,4038.2000,4038.8000,2,1,1,2,3,1,1,2,1,1
SF,IF2006,2020-02-19 14:12:00.400,4037.6000,24089,0,7367825280.000,0,-,-,-,-,4036.2000,4036.0000,4033.4000,4033.2000,4033.0000,4037.4000,4037.6000,4037.8000,4038.0000,4038.2000,2,1,1,2,3,1,1,1,2,1
SF,IF2006,2020-02-19 14:12:00.900,4037.6000,24089,0,7367825280.000,0,-,-,-,-,4036.2000,4036.0000,4033.4000,4033.2000,4033.0000,4037.4000,4037.6000,4037.8000,4038.0000,4038.2000,1,1,1,2,3,1,1,1,2,1
SF,IF2006,2020-02-19 14:12:01.400,4037.6000,24089,0,7367825280.000,0,-,-,-,-,4036.2000,4036.0000,4033.4000,4033.2000,4033.0000,4037.2000,4037.6000,4038.0000,4038.2000,4038.8000,1,1,1,2,3,2,1,2,1,1
SF,IF2006,2020-02-19 14:12:02.400,4037.6000,24089,0,7367825280.000,0,-,-,-,-,4036.2000,4036.0000,4033.4000,4033.2000,4033.0000,4037.0000,4037.2000,4037.6000,4038.0000,4038.2000,1,1,1,2,3,1,1,1,2,1
SF,IF2006,2020-02-19 14:12:02.900,4037.6000,24089,0,7367825280.000,0,-,-,-,-,4036.2000,4036.0000,4033.4000,4033.2000,4033.0000,4037.0000,4037.2000,4037.6000,4038.0000,4038.2000,1,1,1,2,3,1,1,1,2,1
SF,IF2006,2020-02-19 14:12:03.400,4036.2000,24090,1,7369036140.000,1,1,0,双开,B,4036.0000,4033.4000,4033.2000,4033.0000,4032.2000,4036.8000,4037.2000,4037.6000,4038.0000,4038.2000,1,1,2,3,1,1,1,1,2,1
SF,IF2006,2020-02-19 14:12:03.900,4036.2000,24090,0,7369036140.000,0,-,-,-,-,4036.0000,4033.4000,4033.2000,4033.0000,4032.2000,4036.8000,4037.2000,4037.6000,4038.0000,4038.2000,1,1,2,3,1,1,1,1,2,1
SF,IF2006,2020-02-19 14:12:04.400,4036.0000,24091,1,7370246940.000,1,1,0,双开,B,4033.4000,4033.2000,4033.0000,4032.2000,4032.0000,4036.8000,4037.2000,4037.6000,4038.0000,4038.2000,1,2,3,1,2,1,1,1,2,1
SF,IF2006,2020-02-19 14:12:04.900,4036.0000,24091,0,7370246940.000,0,-,-,-,-,4034.8000,4034.4000,4034.0000,4033.8000,4033.6000,4036.8000,4037.2000,4037.6000,4038.0000,4038.2000,1,2,1,1,7,1,1,1,2,1
SF,IF2006,2020-02-19 14:12:05.400,4036.6000,24091,0,7371457920.000,1,0,1,空换,B,4035.0000,4034.8000,4034.4000,4034.0000,4033.8000,4037.2000,4037.6000,4038.0000,4038.2000,4038.8000,2,1,2,1,1,1,1,2,1,1
SF,IF2006,2020-02-19 14:12:05.900,4036.6000,24091,0,7371457920.000,0,-,-,-,-,4035.0000,4034.8000,4034.0000,4033.8000,4033.6000,4036.6000,4037.0000,4037.6000,4038.0000,4038.2000,2,1,1,1,4,1,1,1,2,1
SF,IF2006,2020-02-19 14:12:06.400,4036.6000,24091,0,7371457920.000,0,-,-,-,-,4035.2000,4035.0000,4034.8000,4034.0000,4033.8000,4036.6000,4037.0000,4037.6000,4038.0000,4038.2000,2,2,1,1,1,1,1,1,2,1
SF,IF2006,2020-02-19 14:12:06.900,4036.6000,24091,0,7371457920.000,0,-,-,-,-,4035.4000,4035.2000,4034.0000,4033.8000,4033.6000,4036.6000,4037.0000,4037.6000,4038.0000,4038.2000,2,1,1,1,4,1,1,1,2,1
SF,IF2006,2020-02-19 14:12:07.400,4036.6000,24091,0,7371457920.000,0,-,-,-,-,4035.4000,4035.2000,4034.0000,4033.8000,4033.6000,4036.6000,4037.0000,4037.6000,4038.0000,4038.2000,2,1,1,1,4,1,1,1,2,1
SF,IF2006,2020-02-19 14:12:07.900,4036.6000,24091,0,7371457920.000,0,-,-,-,-,4035.4000,4035.2000,4034.0000,4033.8000,4033.6000,4036.6000,4037.6000,4038.0000,4038.2000,4038.8000,2,1,1,1,4,1,1,2,1,1
SF,IF2006,2020-02-19 14:12:08.400,4036.6000,24091,0,7371457920.000,0,-,-,-,-,4035.2000,4034.0000,4033.8000,4033.6000,4033.4000,4036.4000,4036.6000,4038.0000,4038.2000,4038.8000,1,1,1,4,1,3,1,2,1,1
SF,IF2006,2020-02-19 14:12:08.900,4036.6000,24092,1,7372668900.000,1,1,0,双开,B,4035.2000,4034.0000,4033.8000,4033.6000,4033.4000,4036.4000,4036.6000,4038.0000,4038.2000,4038.8000,1,1,1,4,1,2,1,2,1,1
SF,IF2006,2020-02-19 14:12:09.400,4036.6000,24092,0,7372668900.000,0,-,-,-,-,4035.2000,4034.0000,4033.8000,4033.6000,4033.4000,4036.4000,4036.6000,4037.0000,4038.0000,4038.2000,1,1,1,4,1,2,1,1,2,1
SF,IF2006,2020-02-19 14:12:09.900,4036.6000,24092,0,7372668900.000,0,-,-,-,-,4035.2000,4034.0000,4033.8000,4033.6000,4033.4000,4036.4000,4036.6000,4037.0000,4038.0000,4038.2000,1,1,1,4,1,2,1,1,2,1
SF,IF2006,2020-02-19 14:12:10.400,4036.6000,24092,0,7372668900.000,0,-,-,-,-,4035.2000,4034.0000,4033.8000,4033.6000,4033.4000,4036.0000,4036.4000,4036.6000,4037.0000,4038.0000,1,1,1,4,1,1,2,1,1,2
SF,IF2006,2020-02-19 14:12:10.900,4036.6000,24092,0,7372668900.000,0,-,-,-,-,4034.0000,4033.8000,4033.6000,4033.4000,4033.2000,4036.0000,4036.4000,4036.6000,4037.0000,4038.0000,1,1,4,1,2,1,2,1,1,2
SF,IF2006,2020-02-19 14:12:11.400,4036.6000,24092,0,7372668900.000,0,-,-,-,-,4034.2000,4034.0000,4033.6000,4033.4000,4033.2000,4035.8000,4036.0000,4036.4000,4036.6000,4037.0000,1,1,4,1,2,1,1,1,1,1
SF,IF2006,2020-02-19 14:12:11.900,4036.6000,24092,0,7372668900.000,0,-,-,-,-,4034.4000,4034.2000,4033.6000,4033.4000,4033.2000,4035.8000,4036.0000,4036.4000,4036.6000,4037.0000,2,1,4,1,2,1,1,1,1,1
SF,IF2006,2020-02-19 14:12:12.400,4036.6000,24092,0,7372668900.000,0,-,-,-,-,4034.4000,4034.2000,4033.6000,4033.4000,4033.2000,4035.8000,4036.0000,4036.4000,4036.6000,4037.0000,2,1,4,1,2,1,1,1,1,1
SF,IF2006,2020-02-19 14:12:12.900,4036.6000,24092,0,7372668900.000,0,-,-,-,-,4034.4000,4034.2000,4033.6000,4033.4000,4033.2000,4035.0000,4035.8000,4036.0000,4036.4000,4036.6000,2,1,4,1,2,1,1,1,1,1
SF,IF2006,2020-02-19 14:12:13.400,4036.6000,24092,0,7372668900.000,0,-,-,-,-,4034.4000,4034.2000,4033.6000,4033.4000,4033.2000,4035.0000,4035.8000,4036.0000,4036.4000,4036.6000,2,1,4,1,2,1,1,1,1,1
SF,IF2006,2020-02-19 14:12:14.900,4036.6000,24092,0,7372668900.000,0,-,-,-,-,4034.4000,4034.2000,4033.6000,4033.4000,4033.2000,4035.0000,4035.8000,4036.0000,4036.4000,4036.6000,2,1,4,1,2,1,1,1,1,2
SF,IF2006,2020-02-19 14:12:15.900,4035.0000,24093,1,7373879400.000,1,1,0,双开,B,4034.4000,4034.2000,4033.6000,4033.4000,4033.2000,4035.8000,4036.0000,4036.4000,4036.6000,4037.0000,2,1,4,1,2,1,1,1,2,1
SF,IF2006,2020-02-19 14:12:17.400,4035.0000,24093,0,7373879400.000,0,-,-,-,-,4034.4000,4033.6000,4033.4000,4033.2000,4033.0000,4035.6000,4035.8000,4036.4000,4036.6000,4037.0000,2,2,1,2,3,1,1,1,2,1
SF,IF2006,2020-02-19 14:12:17.900,4035.0000,24093,0,7373879400.000,0,-,-,-,-,4034.4000,4033.6000,4033.4000,4033.2000,4033.0000,4035.6000,4035.8000,4036.6000,4037.0000,4038.0000,2,2,1,2,3,2,1,1,1,2
SF,IF2006,2020-02-19 14:12:18.400,4035.0000,24093,0,7373879400.000,0,-,-,-,-,4034.4000,4033.6000,4033.4000,4033.2000,4033.0000,4035.6000,4035.8000,4036.6000,4037.0000,4038.0000,2,2,1,2,3,2,1,1,1,2
SF,IF2006,2020-02-19 14:12:19.400,4035.0000,24093,0,7373879400.000,0,-,-,-,-,4034.4000,4033.6000,4033.2000,4033.0000,4032.2000,4035.6000,4035.8000,4036.6000,4037.0000,4038.0000,2,1,1,3,1,2,1,1,1,2
SF,IF2006,2020-02-19 14:12:19.900,4034.4000,24093,0,7376300040.000,2,1,1,空换,B,4034.0000,4033.6000,4033.2000,4033.0000,4032.2000,4034.4000,4035.6000,4036.6000,4037.0000,4038.0000,1,1,1,3,1,3,2,1,1,2
SF,IF2006,2020-02-19 14:12:20.400,4034.4000,24093,0,7381141320.000,4,2,2,空换,B,4034.0000,4033.6000,4033.2000,4033.0000,4032.2000,4035.4000,4035.6000,4036.6000,4037.0000,4038.0000,1,1,1,3,1,1,1,1,1,2
SF,IF2006,2020-02-19 14:12:20.900,4034.4000,24093,0,7381141320.000,0,-,-,-,-,4034.2000,4034.0000,4033.6000,4033.2000,4033.0000,4035.4000,4035.6000,4036.6000,4037.0000,4038.0000,2,1,1,1,3,1,1,1,1,2
SF,IF2006,2020-02-19 14:12:21.400,4034.4000,24094,1,7382351640.000,1,1,0,双开,B,4034.2000,4034.0000,4033.6000,4033.2000,4033.0000,4035.6000,4036.6000,4037.0000,4038.0000,4038.2000,2,1,1,1,3,1,1,1,2,1
SF,IF2006,2020-02-19 14:12:21.900,4034.4000,24094,0,7382351640.000,0,-,-,-,-,4034.4000,4034.2000,4034.0000,4033.6000,4033.2000,4036.6000,4037.0000,4038.0000,4038.2000,4039.8000,1,2,1,1,1,1,1,2,1,1
SF,IF2006,2020-02-19 14:12:22.400,4034.4000,24094,0,7382351640.000,0,-,-,-,-,4034.4000,4034.2000,4034.0000,4033.6000,4033.2000,4036.2000,4036.4000,4037.0000,4038.0000,4038.2000,1,2,1,1,1,1,7,1,2,1
SF,IF2006,2020-02-19 14:12:22.900,4034.4000,24094,0,7382351640.000,0,-,-,-,-,4034.6000,4034.4000,4034.0000,4033.6000,4033.2000,4036.0000,4036.2000,4036.4000,4037.0000,4038.0000,1,1,1,1,1,2,1,5,1,2
SF,IF2006,2020-02-19 14:12:23.400,4034.4000,24094,0,7382351640.000,0,-,-,-,-,4034.6000,4034.4000,4034.0000,4033.6000,4033.2000,4036.0000,4036.2000,4037.0000,4038.0000,4038.2000,1,1,1,1,1,2,1,1,2,1
SF,IF2006,2020-02-19 14:12:23.900,4034.4000,24094,0,7382351640.000,0,-,-,-,-,4035.0000,4034.6000,4034.4000,4034.0000,4033.6000,4036.0000,4036.2000,4037.0000,4038.0000,4038.2000,1,1,1,1,1,2,1,1,2,1
SF,IF2006,2020-02-19 14:12:25.400,4034.4000,24094,0,7382351640.000,0,-,-,-,-,4035.0000,4034.6000,4034.4000,4034.0000,4033.6000,4036.0000,4036.2000,4037.0000,4038.0000,4038.2000,1,1,1,1,1,2,1,1,2,1
SF,IF2006,2020-02-19 14:12:25.900,4034.4000,24094,0,7382351640.000,0,-,-,-,-,4035.0000,4034.6000,4034.0000,4033.6000,4033.2000,4035.8000,4036.0000,4036.2000,4037.0000,4038.0000,1,1,1,1,1,1,2,1,1,2
SF,IF2006,2020-02-19 14:12:27.400,4034.4000,24094,0,7382351640.000,0,-,-,-,-,4034.6000,4034.0000,4033.6000,4033.2000,4033.0000,4035.0000,4035.8000,4036.0000,4036.2000,4037.0000,1,1,1,1,3,1,1,2,1,1
SF,IF2006,2020-02-19 14:12:27.900,4035.0000,24095,1,7383562140.000,1,1,0,双开,B,4034.6000,4034.0000,4033.6000,4033.2000,4033.0000,4035.8000,4036.0000,4036.2000,4037.0000,4038.0000,1,1,1,1,3,1,2,1,1,2
SF,IF2006,2020-02-19 14:12:28.900,4035.0000,24095,0,7383562140.000,0,-,-,-,-,4035.0000,4034.8000,4034.6000,4034.0000,4033.6000,4035.8000,4036.0000,4036.2000,4037.0000,4038.0000,2,1,1,1,1,1,2,1,1,2
SF,IF2006,2020-02-19 14:12:30.900,4035.0000,24095,0,7383562140.000,0,-,-,-,-,4035.2000,4035.0000,4034.6000,4034.0000,4033.6000,4035.8000,4036.0000,4036.2000,4037.0000,4038.0000,1,2,1,1,1,1,2,1,1,2
SF,IF2006,2020-02-19 14:12:31.400,4035.0000,24094,-1,7384772640.000,1,0,1,双平,B,4035.0000,4034.6000,4034.0000,4033.6000,4033.2000,4035.8000,4036.0000,4036.2000,4037.0000,4038.0000,2,1,1,1,1,1,2,1,1,2
SF,IF2006,2020-02-19 14:12:31.900,4035.0000,24094,0,7384772640.000,0,-,-,-,-,4035.0000,4034.6000,4034.0000,4033.6000,4033.2000,4036.0000,4036.2000,4037.0000,4038.0000,4038.2000,2,1,1,1,1,2,1,1,2,1
SF,IF2006,2020-02-19 14:12:32.400,4035.0000,24095,1,7387193640.000,2,1,1,多开,B,4034.0000,4033.6000,4033.2000,4033.0000,4032.0000,4036.0000,4036.2000,4037.0000,4038.0000,4038.2000,1,1,1,3,2,2,1,1,2,1
SF,IF2006,2020-02-19 14:12:32.900,4035.0000,24095,0,7387193640.000,0,-,-,-,-,4034.2000,4034.0000,4033.6000,4033.2000,4033.0000,4035.8000,4036.0000,4036.2000,4037.0000,4038.0000,3,1,1,1,3,1,2,1,1,2
SF,IF2006,2020-02-19 14:12:33.400,4035.0000,24095,0,7387193640.000,0,-,-,-,-,4034.2000,4034.0000,4033.6000,4033.2000,4033.0000,4035.8000,4036.0000,4036.2000,4037.0000,4038.0000,3,1,1,1,3,1,2,1,1,2
SF,IF2006,2020-02-19 14:12:33.900,4037.0000,24095,0,7393247940.000,5,2,3,空换,B,4035.8000,4034.6000,4034.2000,4034.0000,4033.6000,4038.0000,4038.2000,4039.8000,4040.0000,4041.8000,3,1,2,1,1,2,1,1,2,2
SF,IF2006,2020-02-19 14:12:34.400,4036.0000,24096,1,7394458740.000,1,1,0,双开,B,4036.0000,4035.8000,4034.0000,4033.6000,4033.2000,4036.2000,4037.8000,4038.0000,4039.8000,4040.0000,1,2,1,1,1,5,4,2,1,2
SF,IF2006,2020-02-19 14:12:34.900,4036.2000,24101,5,7400513040.000,5,5,0,双开,B,4035.8000,4034.0000,4033.6000,4033.2000,4033.0000,4037.8000,4038.0000,4039.8000,4040.0000,4041.8000,2,1,1,1,3,2,2,1,2,2
SF,IF2006,2020-02-19 14:12:35.400,4036.2000,24101,0,7400513040.000,0,-,-,-,-,4036.0000,4035.8000,4034.0000,4033.6000,4033.2000,4037.6000,4037.8000,4038.0000,4039.8000,4040.0000,1,2,1,1,1,1,2,3,1,2
SF,IF2006,2020-02-19 14:12:35.900,4036.2000,24101,0,7400513040.000,0,-,-,-,-,4036.0000,4035.8000,4034.0000,4033.6000,4033.2000,4037.4000,4037.6000,4037.8000,4038.0000,4039.8000,1,2,1,1,1,3,1,1,3,1
SF,IF2006,2020-02-19 14:12:36.400,4036.2000,24101,0,7400513040.000,0,-,-,-,-,4035.8000,4034.0000,4033.6000,4033.2000,4033.0000,4037.4000,4038.0000,4039.8000,4040.0000,4041.8000,2,1,1,1,3,2,3,1,1,1
SF,IF2006,2020-02-19 14:12:36.900,4036.2000,24101,0,7400513040.000,0,-,-,-,-,4035.8000,4034.0000,4033.6000,4033.2000,4033.0000,4037.4000,4038.0000,4039.8000,4040.0000,4041.8000,2,1,1,1,3,2,3,1,1,1
SF,IF2006,2020-02-19 14:12:37.400,4036.2000,24101,0,7400513040.000,0,-,-,-,-,4035.8000,4034.0000,4033.6000,4033.2000,4033.0000,4037.4000,4038.0000,4039.8000,4040.0000,4041.8000,2,1,1,1,3,2,2,1,1,1
SF,IF2006,2020-02-19 14:12:37.900,4036.2000,24101,0,7400513040.000,0,-,-,-,-,4035.8000,4034.4000,4034.0000,4033.6000,4033.2000,4037.4000,4038.0000,4039.8000,4040.0000,4041.8000,2,1,1,1,1,2,2,1,1,1
SF,IF2006,2020-02-19 14:12:39.900,4036.2000,24101,0,7400513040.000,0,-,-,-,-,4036.0000,4035.8000,4034.4000,4034.0000,4033.6000,4036.2000,4037.4000,4038.0000,4039.8000,4040.0000,1,2,1,1,1,2,2,2,1,1
SF,IF2006,2020-02-19 14:12:40.400,4036.2000,24103,2,7402934760.000,2,2,0,双开,B,4036.2000,4036.0000,4035.8000,4034.4000,4034.0000,4038.0000,4039.8000,4040.0000,4041.8000,4042.8000,1,1,3,1,1,2,1,1,1,1
SF,IF2006,2020-02-19 14:12:40.900,4036.2000,24103,0,7402934760.000,0,-,-,-,-,4036.2000,4036.0000,4035.8000,4034.4000,4034.0000,4037.8000,4038.0000,4039.8000,4040.0000,4041.8000,1,1,3,1,1,2,2,1,1,1
SF,IF2006,2020-02-19 14:12:41.400,4036.2000,24103,0,7402934760.000,0,-,-,-,-,4036.2000,4036.0000,4035.8000,4034.4000,4034.0000,4037.8000,4038.0000,4039.8000,4040.0000,4041.8000,1,1,3,1,1,2,3,1,1,1
SF,IF2006,2020-02-19 14:12:41.900,4036.2000,24102,-1,7404145620.000,1,0,1,双平,B,4036.0000,4035.8000,4034.4000,4034.0000,4033.6000,4037.8000,4038.0000,4039.8000,4040.0000,4041.8000,1,3,1,1,1,3,4,1,1,1
SF,IF2006,2020-02-19 14:12:42.400,4036.2000,24102,0,7404145620.000,0,-,-,-,-,4036.0000,4035.8000,4035.0000,4034.4000,4034.0000,4037.8000,4038.0000,4039.8000,4040.0000,4041.8000,1,3,1,1,1,3,4,1,1,1
SF,IF2006,2020-02-19 14:12:42.900,4036.2000,24102,0,7404145620.000,0,-,-,-,-,4036.0000,4035.8000,4035.0000,4034.4000,4034.0000,4037.6000,4037.8000,4038.0000,4039.8000,4040.0000,1,3,1,1,1,1,3,4,1,1
SF,IF2006,2020-02-19 14:12:43.400,4036.2000,24102,0,7404145620.000,0,-,-,-,-,4036.0000,4035.8000,4035.0000,4034.4000,4034.0000,4037.4000,4037.6000,4038.0000,4039.8000,4040.0000,1,3,1,1,1,2,1,3,1,1
SF,IF2006,2020-02-19 14:12:44.400,4036.2000,24102,0,7404145620.000,0,-,-,-,-,4036.0000,4035.8000,4035.0000,4034.4000,4034.0000,4037.4000,4037.6000,4038.0000,4039.8000,4040.0000,1,3,1,1,1,2,1,3,1,1
SF,IF2006,2020-02-19 14:12:44.900,4036.2000,24102,0,7404145620.000,0,-,-,-,-,4036.0000,4035.8000,4035.0000,4034.4000,4034.0000,4037.4000,4037.6000,4038.0000,4039.8000,4040.0000,1,3,1,1,1,2,2,4,1,1
SF,IF2006,2020-02-19 14:12:45.400,4036.2000,24102,0,7404145620.000,0,-,-,-,-,4036.2000,4036.0000,4035.8000,4035.0000,4034.4000,4037.4000,4037.6000,4038.0000,4039.8000,4040.0000,2,1,3,1,1,2,1,4,1,1
SF,IF2006,2020-02-19 14:12:45.900,4036.2000,24102,0,7404145620.000,0,-,-,-,-,4036.2000,4036.0000,4035.8000,4035.0000,4034.4000,4037.6000,4038.0000,4039.8000,4040.0000,4041.8000,2,1,3,1,1,1,4,1,1,1
SF,IF2006,2020-02-19 14:12:46.400,4036.2000,24102,0,7404145620.000,0,-,-,-,-,4036.2000,4036.0000,4035.8000,4035.0000,4034.4000,4037.4000,4037.6000,4037.8000,4038.0000,4039.8000,2,1,3,1,1,1,1,1,4,1
SF,IF2006,2020-02-19 14:12:46.900,4037.2000,24103,1,7405356780.000,1,1,0,双开,B,4036.0000,4035.8000,4035.0000,4034.4000,4034.0000,4037.2000,4037.6000,4037.8000,4038.0000,4039.8000,1,3,1,1,1,1,1,1,4,1
SF,IF2006,2020-02-19 14:12:49.400,4037.2000,24103,0,7405356780.000,0,-,-,-,-,4036.0000,4035.8000,4035.0000,4034.4000,4034.0000,4037.0000,4037.2000,4037.6000,4037.8000,4038.0000,1,3,1,1,1,1,1,1,1,4
SF,IF2006,2020-02-19 14:12:49.900,4036.0000,24103,0,7406567580.000,1,0,1,空换,B,4035.8000,4035.0000,4034.4000,4034.0000,4033.6000,4037.2000,4037.6000,4037.8000,4038.0000,4039.8000,3,1,1,1,1,1,1,1,4,1
SF,IF2006,2020-02-19 14:12:50.400,4036.0000,24103,0,7406567580.000,0,-,-,-,-,4035.8000,4035.0000,4034.4000,4034.0000,4033.6000,4036.4000,4037.0000,4037.2000,4037.6000,4037.8000,3,1,1,1,1,5,6,1,1,1
SF,IF2006,2020-02-19 14:12:50.900,4036.4000,24103,0,7410200340.000,3,1,2,空换,B,4035.8000,4035.0000,4034.4000,4034.0000,4033.6000,4037.0000,4037.2000,4037.6000,4037.8000,4038.0000,3,1,1,1,1,5,1,1,1,4
SF,IF2006,2020-02-19 14:12:51.400,4036.4000,24103,0,7410200340.000,0,-,-,-,-,4035.8000,4035.0000,4034.4000,4034.0000,4033.6000,4036.8000,4037.0000,4037.6000,4037.8000,4038.0000,3,1,1,1,1,7,5,1,1,4
SF,IF2006,2020-02-19 14:12:51.900,4036.4000,24103,0,7410200340.000,0,-,-,-,-,4035.8000,4035.0000,4034.4000,4034.0000,4033.6000,4036.8000,4037.0000,4037.6000,4037.8000,4038.0000,3,1,1,1,1,7,5,1,1,4
SF,IF2006,2020-02-19 14:12:52.400,4036.4000,24103,0,7410200340.000,0,-,-,-,-,4035.8000,4035.0000,4034.4000,4034.0000,4033.6000,4036.6000,4036.8000,4037.0000,4037.6000,4037.8000,3,1,1,1,1,5,7,5,1,1
SF,IF2006,2020-02-19 14:12:52.900,4036.4000,24103,0,7410200340.000,0,-,-,-,-,4035.8000,4035.0000,4034.4000,4034.0000,4033.6000,4036.8000,4037.0000,4037.6000,4037.8000,4038.0000,3,1,1,1,1,2,5,1,1,4
SF,IF2006,2020-02-19 14:12:53.400,4036.4000,24103,0,7410200340.000,0,-,-,-,-,4035.8000,4035.0000,4034.4000,4034.0000,4033.6000,4036.8000,4037.0000,4037.6000,4037.8000,4038.0000,3,1,1,1,1,2,5,1,1,4
SF,IF2006,2020-02-19 14:12:54.400,4036.8000,24104,1,7411411380.000,1,1,0,双开,B,4036.0000,4035.8000,4035.0000,4034.4000,4034.0000,4036.8000,4037.0000,4037.6000,4037.8000,4038.0000,1,3,1,1,1,1,5,1,1,4
SF,IF2006,2020-02-19 14:12:54.900,4036.0000,24104,0,7412622180.000,1,0,1,空换,B,4035.8000,4035.0000,4034.4000,4034.0000,4033.6000,4036.8000,4037.0000,4037.6000,4037.8000,4038.0000,3,1,1,1,1,1,5,1,1,4
SF,IF2006,2020-02-19 14:12:55.400,4036.0000,24104,0,7412622180.000,0,-,-,-,-,4035.8000,4035.0000,4034.4000,4034.0000,4033.6000,4036.6000,4037.0000,4037.6000,4037.8000,4038.0000,3,1,1,1,1,5,5,1,1,4
SF,IF2006,2020-02-19 14:12:55.900,4036.0000,24104,0,7412622180.000,0,-,-,-,-,4035.8000,4035.0000,4034.4000,4034.0000,4033.6000,4037.0000,4037.6000,4037.8000,4038.0000,4039.8000,3,1,1,1,1,5,1,1,4,2
SF,IF2006,2020-02-19 14:12:56.400,4036.0000,24104,0,7412622180.000,0,-,-,-,-,4035.8000,4035.0000,4034.4000,4034.0000,4033.6000,4037.0000,4037.6000,4037.8000,4038.0000,4039.8000,3,1,1,1,1,5,1,1,4,2
SF,IF2006,2020-02-19 14:12:56.900,4036.0000,24104,0,7412622180.000,0,-,-,-,-,4035.8000,4035.0000,4034.4000,4034.0000,4033.6000,4036.8000,4038.0000,4039.8000,4040.0000,4041.8000,3,1,1,1,1,2,4,2,1,2
SF,IF2006,2020-02-19 14:12:57.400,4036.0000,24104,0,7412622180.000,0,-,-,-,-,4035.8000,4035.0000,4034.4000,4034.0000,4033.6000,4036.8000,4038.0000,4039.8000,4040.0000,4041.8000,3,1,1,1,1,1,4,2,1,2
SF,IF2006,2020-02-19 14:13:00.900,4036.0000,24104,0,7412622180.000,0,-,-,-,-,4035.8000,4035.0000,4034.4000,4034.0000,4033.6000,4036.8000,4038.0000,4039.8000,4040.0000,4041.8000,3,1,1,1,1,1,4,2,1,1
SF,IF2006,2020-02-19 14:13:01.400,4036.0000,24104,0,7412622180.000,0,-,-,-,-,4035.8000,4035.0000,4034.4000,4034.0000,4033.6000,4036.8000,4038.0000,4039.8000,4040.0000,4041.8000,3,1,1,1,1,1,4,2,1,1
SF,IF2006,2020-02-19 14:13:01.900,4036.0000,24104,0,7412622180.000,0,-,-,-,-,4035.8000,4035.0000,4034.4000,4034.0000,4033.6000,4036.8000,4038.0000,4039.8000,4040.0000,4041.8000,3,1,1,1,1,1,4,2,1,1
SF,IF2006,2020-02-19 14:13:02.400,4036.0000,24104,0,7412622180.000,0,-,-,-,-,4036.0000,4035.8000,4035.0000,4034.4000,4034.0000,4036.8000,4038.0000,4039.8000,4040.0000,4041.8000,2,3,1,1,1,1,4,2,1,1
SF,IF2006,2020-02-19 14:13:04.400,4036.0000,24104,0,7412622180.000,0,-,-,-,-,4036.0000,4035.8000,4035.0000,4034.4000,4034.0000,4036.8000,4038.0000,4038.2000,4039.8000,4040.0000,2,3,1,1,1,1,4,1,2,1
SF,IF2006,2020-02-19 14:13:05.400,4036.0000,24104,0,7412622180.000,0,-,-,-,-,4036.0000,4035.8000,4035.0000,4034.4000,4034.0000,4038.0000,4038.2000,4039.8000,4040.0000,4041.8000,2,3,1,1,1,4,1,2,1,1
SF,IF2006,2020-02-19 14:13:05.900,4036.0000,24104,0,7412622180.000,0,-,-,-,-,4036.2000,4036.0000,4035.8000,4035.0000,4034.4000,4037.2000,4037.4000,4037.6000,4037.8000,4038.0000,1,2,3,1,1,5,2,2,8,5
SF,IF2006,2020-02-19 14:13:06.400,4036.0000,24104,0,7412622180.000,0,-,-,-,-,4036.0000,4035.8000,4035.0000,4034.4000,4034.0000,4036.2000,4037.0000,4037.2000,4037.4000,4037.6000,2,3,1,1,1,1,5,5,2,2
SF,IF2006,2020-02-19 14:13:06.900,4036.2000,24103,-1,7413833040.000,1,0,1,双平,B,4036.4000,4036.2000,4036.0000,4035.8000,4035.0000,4037.2000,4037.6000,4037.8000,4038.0000,4038.2000,1,2,2,3,1,5,1,5,5,1
SF,IF2006,2020-02-19 14:13:07.400,4036.2000,24103,0,7413833040.000,0,-,-,-,-,4036.6000,4036.2000,4035.8000,4035.0000,4034.4000,4037.8000,4038.0000,4038.2000,4039.8000,4040.0000,2,2,3,1,1,2,4,1,2,1
SF,IF2006,2020-02-19 14:13:07.900,4036.6000,24103,0,7415044020.000,1,0,1,空换,B,4036.6000,4036.2000,4035.8000,4035.0000,4034.4000,4037.8000,4038.0000,4038.2000,4039.8000,4040.0000,2,2,3,1,1,1,3,1,2,1
SF,IF2006,2020-02-19 14:13:08.400,4036.6000,24103,0,7415044020.000,0,-,-,-,-,4036.6000,4036.2000,4035.8000,4035.0000,4034.4000,4037.0000,4037.6000,4037.8000,4038.0000,4038.2000,1,2,3,1,1,5,3,2,5,1
SF,IF2006,2020-02-19 14:13:08.900,4036.6000,24103,0,7415044020.000,0,-,-,-,-,4036.6000,4036.2000,4035.8000,4035.0000,4034.4000,4037.6000,4037.8000,4038.0000,4038.2000,4039.8000,1,2,3,1,1,1,1,4,1,2
SF,IF2006,2020-02-19 14:13:09.400,4036.6000,24103,0,7416255000.000,1,0,1,空换,B,4036.2000,4035.8000,4035.0000,4034.4000,4034.0000,4037.4000,4037.8000,4038.0000,4038.2000,4039.8000,2,3,1,1,1,5,1,4,1,2
SF,IF2006,2020-02-19 14:13:09.900,4037.4000,24104,1,7417466220.000,1,1,0,双开,B,4036.4000,4036.2000,4035.8000,4035.0000,4034.4000,4037.4000,4037.8000,4038.0000,4038.2000,4039.8000,2,2,3,1,1,4,1,4,1,2
SF,IF2006,2020-02-19 14:13:10.400,4037.4000,24104,0,7417466220.000,0,-,-,-,-,4036.4000,4036.2000,4035.8000,4035.0000,4034.4000,4037.8000,4038.0000,4038.2000,4039.8000,4040.0000,2,2,3,1,1,1,3,1,2,1
SF,IF2006,2020-02-19 14:13:10.900,4037.4000,24104,0,7417466220.000,0,-,-,-,-,4036.4000,4036.2000,4035.8000,4035.0000,4034.4000,4037.6000,4037.8000,4038.0000,4038.2000,4039.8000,2,2,3,1,1,5,1,4,1,2
SF,IF2006,2020-02-19 14:13:11.400,4037.4000,24104,0,7417466220.000,0,-,-,-,-,4036.4000,4036.2000,4035.8000,4035.0000,4034.4000,4037.8000,4038.0000,4038.2000,4039.8000,4040.0000,2,2,3,1,1,1,3,1,2,1
SF,IF2006,2020-02-19 14:13:11.900,4037.4000,24104,0,7417466220.000,0,-,-,-,-,4036.4000,4035.8000,4035.0000,4034.4000,4034.0000,4037.8000,4038.0000,4038.2000,4039.8000,4040.0000,2,3,1,1,1,1,3,1,2,1
SF,IF2006,2020-02-19 14:13:12.400,4037.4000,24104,0,7417466220.000,0,-,-,-,-,4036.4000,4035.8000,4035.0000,4034.4000,4034.0000,4037.6000,4037.8000,4038.0000,4038.2000,4039.8000,2,3,1,1,1,1,1,3,1,2
SF,IF2006,2020-02-19 14:13:12.900,4037.4000,24104,0,7417466220.000,0,-,-,-,-,4036.4000,4035.8000,4035.0000,4034.4000,4034.0000,4037.6000,4038.0000,4038.2000,4039.8000,4040.0000,2,3,1,1,1,1,3,1,2,1
SF,IF2006,2020-02-19 14:13:13.400,4037.4000,24104,0,7417466220.000,0,-,-,-,-,4036.6000,4036.4000,4035.8000,4035.0000,4034.4000,4037.6000,4038.0000,4038.2000,4039.8000,4040.0000,1,2,3,1,1,1,3,1,2,1
SF,IF2006,2020-02-19 14:13:14.900,4038.0000,24105,1,7418677620.000,1,1,0,双开,B,4037.6000,4036.8000,4036.6000,4036.4000,4035.8000,4038.0000,4038.2000,4039.8000,4040.0000,4041.8000,1,1,1,2,3,2,1,2,1,1
SF,IF2006,2020-02-19 14:13:15.400,4038.0000,24106,1,7419889020.000,1,1,0,双开,B,4037.6000,4036.8000,4036.4000,4035.8000,4035.0000,4038.0000,4038.2000,4039.8000,4040.0000,4041.8000,1,1,2,3,1,1,1,2,1,1
SF,IF2006,2020-02-19 14:13:16.400,4038.0000,24106,0,7421100420.000,1,0,1,空换,B,4037.8000,4037.6000,4036.4000,4035.8000,4035.0000,4038.2000,4039.8000,4040.0000,4041.8000,4042.0000,1,1,2,3,1,1,2,1,1,1
SF,IF2006,2020-02-19 14:13:17.400,4038.0000,24106,0,7421100420.000,0,-,-,-,-,4037.8000,4037.6000,4036.4000,4035.8000,4035.0000,4039.8000,4040.0000,4041.8000,4042.0000,4042.8000,1,1,3,3,1,2,1,1,1,1
SF,IF2006,2020-02-19 14:13:17.900,4038.0000,24106,0,7421100420.000,0,-,-,-,-,4038.0000,4037.8000,4037.6000,4036.4000,4035.8000,4038.4000,4038.8000,4039.2000,4039.4000,4039.6000,1,1,1,3,3,5,1,3,2,7
SF,IF2006,2020-02-19 14:13:18.400,4038.0000,24106,0,7421100420.000,0,-,-,-,-,4037.8000,4037.6000,4036.4000,4035.8000,4035.0000,4038.8000,4039.2000,4039.4000,4039.6000,4039.8000,1,1,3,3,1,1,1,1,7,4
SF,IF2006,2020-02-19 14:13:18.900,4038.0000,24106,0,7421100420.000,0,-,-,-,-,4037.8000,4037.6000,4036.4000,4035.8000,4035.0000,4038.6000,4038.8000,4039.2000,4039.4000,4039.6000,1,1,3,3,1,5,1,1,1,7
SF,IF2006,2020-02-19 14:13:19.400,4038.0000,24106,0,7421100420.000,0,-,-,-,-,4037.8000,4037.6000,4036.4000,4035.8000,4035.0000,4038.6000,4038.8000,4039.4000,4039.6000,4039.8000,1,1,3,3,1,1,1,1,7,2
SF,IF2006,2020-02-19 14:13:21.900,4038.0000,24106,0,7421100420.000,0,-,-,-,-,4037.8000,4037.6000,4036.4000,4035.8000,4035.0000,4038.6000,4038.8000,4039.4000,4039.6000,4039.8000,1,1,3,3,2,1,1,1,7,2
SF,IF2006,2020-02-19 14:13:22.400,4038.0000,24106,0,7421100420.000,0,-,-,-,-,4037.8000,4037.6000,4036.4000,4035.8000,4035.0000,4038.6000,4038.8000,4039.6000,4039.8000,4040.0000,1,1,3,3,2,1,1,7,2,1
SF,IF2006,2020-02-19 14:13:22.900,4038.0000,24106,0,7421100420.000,0,-,-,-,-,4038.0000,4037.8000,4037.6000,4036.4000,4035.8000,4038.6000,4038.8000,4039.6000,4039.8000,4040.0000,2,1,1,1,3,1,1,6,2,1
SF,IF2006,2020-02-19 14:13:23.400,4038.0000,24106,0,7423523400.000,2,1,1,空换,B,4038.0000,4037.8000,4037.6000,4036.4000,4035.8000,4038.8000,4039.6000,4039.8000,4040.0000,4041.8000,1,1,1,1,3,1,6,2,1,1
SF,IF2006,2020-02-19 14:13:23.900,4038.0000,24106,0,7423523400.000,0,-,-,-,-,4037.8000,4037.6000,4036.4000,4035.8000,4035.0000,4038.8000,4039.6000,4039.8000,4040.0000,4041.8000,1,1,1,3,2,1,6,2,1,1
SF,IF2006,2020-02-19 14:13:24.900,4038.0000,24106,0,7423523400.000,0,-,-,-,-,4037.8000,4037.6000,4036.4000,4035.8000,4035.0000,4038.8000,4039.6000,4039.8000,4040.0000,4041.8000,1,1,1,3,2,1,3,2,1,1
SF,IF2006,2020-02-19 14:13:25.900,4038.0000,24106,0,7423523400.000,0,-,-,-,-,4037.8000,4037.6000,4036.4000,4035.8000,4035.0000,4039.6000,4039.8000,4040.0000,4041.8000,4042.0000,1,1,1,3,2,3,2,1,1,1
SF,IF2006,2020-02-19 14:13:26.400,4038.0000,24106,0,7423523400.000,0,-,-,-,-,4038.0000,4037.8000,4037.6000,4036.4000,4035.8000,4039.4000,4039.6000,4039.8000,4040.0000,4040.8000,2,1,1,1,3,5,3,2,1,1
SF,IF2006,2020-02-19 14:13:27.400,4038.0000,24106,0,7423523400.000,0,-,-,-,-,4038.0000,4037.8000,4037.6000,4036.4000,4035.8000,4039.6000,4039.8000,4040.0000,4040.8000,4041.8000,2,1,1,1,3,3,2,1,1,1
SF,IF2006,2020-02-19 14:13:27.900,4038.0000,24106,0,7423523400.000,0,-,-,-,-,4038.2000,4038.0000,4037.6000,4036.4000,4035.8000,4039.4000,4039.6000,4039.8000,4040.0000,4040.8000,1,2,1,1,3,5,3,2,1,1
SF,IF2006,2020-02-19 14:13:28.400,4038.0000,24106,0,7423523400.000,0,-,-,-,-,4038.4000,4038.2000,4037.6000,4036.4000,4035.8000,4039.6000,4039.8000,4040.0000,4040.8000,4041.8000,2,1,1,1,3,1,2,1,1,1
SF,IF2006,2020-02-19 14:13:28.900,4038.0000,24106,0,7424734800.000,1,0,1,空换,B,4037.6000,4036.4000,4035.8000,4035.0000,4034.4000,4039.6000,4039.8000,4040.0000,4040.8000,4041.8000,1,1,3,2,1,1,2,1,1,1
SF,IF2006,2020-02-19 14:13:29.400,4038.0000,24106,0,7424734800.000,0,-,-,-,-,4037.8000,4037.6000,4036.4000,4035.8000,4035.0000,4039.2000,4039.4000,4039.6000,4039.8000,4040.0000,4,1,1,3,2,1,3,1,2,1
SF,IF2006,2020-02-19 14:13:29.900,4038.0000,24106,0,7424734800.000,0,-,-,-,-,4037.8000,4037.6000,4036.4000,4035.8000,4035.0000,4039.2000,4039.4000,4039.6000,4039.8000,4040.0000,3,1,1,3,2,1,3,1,2,1
SF,IF2006,2020-02-19 14:13:30.400,4038.0000,24106,0,7424734800.000,0,-,-,-,-,4037.8000,4037.6000,4036.4000,4035.8000,4035.0000,4039.2000,4039.4000,4039.8000,4040.0000,4040.8000,4,1,1,3,2,1,3,2,1,1
SF,IF2006,2020-02-19 14:13:31.400,4038.0000,24106,0,7424734800.000,0,-,-,-,-,4037.8000,4037.6000,4036.4000,4035.8000,4035.0000,4039.2000,4039.4000,4039.8000,4040.0000,4040.8000,4,1,1,3,2,3,3,2,1,1
SF,IF2006,2020-02-19 14:13:33.400,4038.0000,24106,0,7424734800.000,0,-,-,-,-,4038.2000,4037.8000,4037.6000,4036.4000,4035.8000,4039.2000,4039.4000,4039.8000,4040.0000,4040.8000,1,3,1,1,3,3,3,2,1,1
SF,IF2006,2020-02-19 14:13:33.900,4038.0000,24106,0,7424734800.000,0,-,-,-,-,4038.2000,4037.8000,4037.6000,4036.4000,4035.8000,4039.2000,4039.4000,4039.8000,4040.0000,4040.8000,1,3,1,1,3,3,1,2,1,1
SF,IF2006,2020-02-19 14:13:34.400,4038.0000,24106,0,7424734800.000,0,-,-,-,-,4038.4000,4038.2000,4037.8000,4037.6000,4036.8000,4039.2000,4039.4000,4039.8000,4040.0000,4040.8000,1,1,3,1,1,3,1,2,1,1
SF,IF2006,2020-02-19 14:13:35.400,4039.2000,24106,0,7425946560.000,1,0,1,空换,B,4038.4000,4038.2000,4037.8000,4037.6000,4036.8000,4039.2000,4039.4000,4039.8000,4040.0000,4040.8000,1,1,3,1,1,2,1,2,1,1
SF,IF2006,2020-02-19 14:13:35.900,4039.2000,24106,0,7425946560.000,0,-,-,-,-,4038.2000,4037.8000,4037.6000,4036.8000,4036.4000,4039.2000,4039.4000,4039.8000,4040.0000,4040.8000,1,3,1,1,1,2,1,2,1,1
SF,IF2006,2020-02-19 14:13:36.400,4039.2000,24106,0,7425946560.000,0,-,-,-,-,4038.2000,4037.6000,4036.8000,4036.4000,4035.8000,4039.0000,4039.2000,4039.4000,4039.8000,4040.0000,1,1,1,1,3,2,2,1,2,1
SF,IF2006,2020-02-19 14:13:36.900,4039.2000,24106,0,7425946560.000,0,-,-,-,-,4037.6000,4036.8000,4036.4000,4035.8000,4035.0000,4039.0000,4039.2000,4039.8000,4040.0000,4040.8000,1,1,1,3,2,3,2,2,1,1
SF,IF2006,2020-02-19 14:13:37.400,4039.2000,24106,0,7425946560.000,0,-,-,-,-,4037.8000,4037.6000,4036.8000,4036.4000,4035.8000,4039.0000,4039.2000,4039.8000,4040.0000,4040.8000,3,1,1,1,3,1,2,2,1,1
SF,IF2006,2020-02-19 14:13:37.900,4039.2000,24106,0,7425946560.000,0,-,-,-,-,4037.8000,4037.6000,4036.8000,4036.4000,4035.8000,4038.8000,4039.0000,4039.2000,4039.8000,4040.0000,3,1,1,1,3,1,1,2,2,1
SF,IF2006,2020-02-19 14:13:38.900,4039.0000,24106,0,7427158260.000,1,0,1,空换,B,4037.8000,4037.6000,4036.8000,4036.4000,4035.8000,4038.2000,4038.8000,4039.0000,4039.2000,4039.8000,3,1,1,1,3,1,1,1,2,2
SF,IF2006,2020-02-19 14:13:39.400,4038.2000,24107,1,7428369720.000,1,1,0,双开,B,4038.8000,4038.2000,4038.0000,4037.8000,4037.6000,4039.0000,4039.2000,4039.8000,4040.0000,4040.8000,1,2,1,3,1,1,2,2,1,1
SF,IF2006,2020-02-19 14:13:39.900,4039.0000,24107,0,7430793060.000,2,1,1,空换,B,4038.2000,4038.0000,4037.8000,4037.6000,4036.8000,4039.2000,4039.8000,4040.0000,4040.8000,4041.2000,2,1,3,1,1,2,2,1,1,1
SF,IF2006,2020-02-19 14:13:40.400,4039.0000,24107,0,7430793060.000,0,-,-,-,-,4038.2000,4038.0000,4037.8000,4037.6000,4036.8000,4039.2000,4039.8000,4040.0000,4040.8000,4041.2000,2,1,3,1,1,3,2,1,1,1
SF,IF2006,2020-02-19 14:13:40.900,4039.0000,24107,0,7430793060.000,0,-,-,-,-,4038.4000,4038.2000,4037.8000,4037.6000,4036.8000,4039.2000,4039.8000,4040.0000,4040.8000,4041.2000,1,2,3,1,1,3,2,1,1,1
SF,IF2006,2020-02-19 14:13:41.900,4039.0000,24107,0,7430793060.000,0,-,-,-,-,4038.4000,4038.2000,4037.8000,4037.6000,4036.8000,4039.2000,4039.8000,4040.0000,4040.8000,4041.2000,1,2,2,1,1,3,2,1,1,1
SF,IF2006,2020-02-19 14:13:42.900,4039.0000,24107,0,7430793060.000,0,-,-,-,-,4038.2000,4037.8000,4037.6000,4036.8000,4036.4000,4039.2000,4039.8000,4040.0000,4040.8000,4041.2000,2,2,1,1,1,3,2,1,1,1
SF,IF2006,2020-02-19 14:13:43.400,4039.0000,24107,0,7430793060.000,0,-,-,-,-,4038.2000,4037.8000,4037.6000,4036.8000,4036.4000,4039.0000,4039.2000,4039.8000,4040.0000,4040.8000,2,2,1,1,1,2,3,2,1,1
SF,IF2006,2020-02-19 14:13:43.900,4039.0000,24107,0,7430793060.000,0,-,-,-,-,4038.2000,4037.8000,4037.6000,4036.8000,4036.4000,4039.0000,4039.2000,4039.8000,4040.0000,4040.8000,2,2,1,1,1,3,3,2,1,1
SF,IF2006,2020-02-19 14:13:44.400,4039.0000,24107,0,7430793060.000,0,-,-,-,-,4038.2000,4037.6000,4036.8000,4036.4000,4035.8000,4039.0000,4039.2000,4039.8000,4040.0000,4040.8000,2,1,1,1,3,3,3,2,1,1
SF,IF2006,2020-02-19 14:13:44.900,4039.0000,24107,0,7430793060.000,0,-,-,-,-,4037.6000,4036.8000,4036.4000,4035.8000,4035.0000,4038.8000,4039.0000,4039.2000,4039.8000,4040.0000,1,1,1,3,3,1,2,3,2,1
SF,IF2006,2020-02-19 14:13:46.400,4039.0000,24107,0,7430793060.000,0,-,-,-,-,4037.8000,4037.6000,4036.8000,4036.4000,4035.8000,4038.8000,4039.0000,4039.2000,4039.8000,4040.0000,1,1,1,1,3,1,1,3,2,1
SF,IF2006,2020-02-19 14:13:46.900,4039.0000,24107,0,7430793060.000,0,-,-,-,-,4038.0000,4037.8000,4037.6000,4036.8000,4036.4000,4038.8000,4039.0000,4039.2000,4039.8000,4040.0000,1,1,1,1,1,1,1,3,2,1
SF,IF2006,2020-02-19 14:13:48.400,4039.0000,24107,0,7430793060.000,0,-,-,-,-,4038.0000,4037.8000,4037.6000,4036.8000,4036.4000,4039.0000,4039.2000,4039.8000,4040.0000,4040.8000,1,1,1,1,1,1,3,2,1,1
SF,IF2006,2020-02-19 14:13:48.900,4039.0000,24107,0,7430793060.000,0,-,-,-,-,4038.0000,4037.6000,4036.8000,4036.4000,4035.8000,4039.0000,4039.2000,4039.8000,4040.0000,4040.8000,1,1,1,1,3,1,3,2,1,1
SF,IF2006,2020-02-19 14:13:49.400,4039.0000,24107,0,7430793060.000,0,-,-,-,-,4038.0000,4037.6000,4036.8000,4036.4000,4035.8000,4038.8000,4039.0000,4039.2000,4039.8000,4040.0000,1,1,1,1,3,1,1,3,2,1
SF,IF2006,2020-02-19 14:13:49.900,4039.0000,24107,0,7430793060.000,0,-,-,-,-,4038.0000,4037.6000,4036.8000,4036.4000,4035.8000,4038.8000,4039.0000,4039.2000,4039.8000,4040.0000,1,1,1,1,3,2,1,3,2,1
SF,IF2006,2020-02-19 14:13:50.400,4039.0000,24107,0,7430793060.000,0,-,-,-,-,4038.2000,4038.0000,4037.6000,4036.8000,4036.4000,4038.8000,4039.0000,4039.2000,4039.8000,4040.0000,1,1,1,1,1,2,1,3,2,1
SF,IF2006,2020-02-19 14:13:50.900,4038.0000,24108,1,7433215920.000,2,1,1,多开,B,4037.6000,4036.8000,4036.4000,4035.8000,4035.0000,4038.2000,4038.8000,4039.0000,4039.2000,4039.8000,1,1,1,3,3,1,3,1,3,2
SF,IF2006,2020-02-19 14:13:51.900,4038.0000,24108,0,7433215920.000,0,-,-,-,-,4037.6000,4036.8000,4036.4000,4035.8000,4035.0000,4038.8000,4039.2000,4039.8000,4040.0000,4040.8000,1,1,1,3,3,3,3,2,1,1
SF,IF2006,2020-02-19 14:13:52.400,4038.0000,24108,0,7433215920.000,0,-,-,-,-,4037.6000,4036.8000,4036.4000,4035.8000,4035.0000,4038.4000,4038.6000,4038.8000,4039.2000,4039.8000,1,1,1,3,3,5,3,3,3,2
SF,IF2006,2020-02-19 14:13:52.900,4038.0000,24108,0,7433215920.000,0,-,-,-,-,4037.6000,4036.8000,4036.4000,4035.8000,4035.0000,4038.4000,4038.6000,4038.8000,4039.2000,4039.8000,1,1,1,3,3,5,5,2,3,2
SF,IF2006,2020-02-19 14:13:53.400,4038.0000,24108,0,7433215920.000,0,-,-,-,-,4037.6000,4036.8000,4036.4000,4035.8000,4035.0000,4038.2000,4038.4000,4038.6000,4038.8000,4039.2000,1,1,1,3,3,1,5,5,1,3
SF,IF2006,2020-02-19 14:13:53.900,4038.0000,24108,0,7433215920.000,0,-,-,-,-,4037.6000,4036.8000,4036.4000,4035.8000,4035.0000,4038.2000,4038.4000,4038.6000,4038.8000,4039.2000,1,1,1,3,3,2,5,4,1,3
SF,IF2006,2020-02-19 14:13:54.400,4037.6000,24108,0,7436849760.000,3,1,2,空换,B,4036.8000,4036.4000,4035.8000,4035.0000,4034.4000,4038.2000,4038.4000,4038.6000,4038.8000,4039.2000,1,1,3,3,1,2,5,4,1,3
SF,IF2006,2020-02-19 14:13:54.900,4037.6000,24108,0,7436849760.000,0,-,-,-,-,4036.8000,4036.4000,4035.8000,4035.0000,4034.4000,4038.0000,4038.2000,4038.4000,4038.6000,4038.8000,1,1,3,3,1,2,2,5,2,1
SF,IF2006,2020-02-19 14:13:55.400,4037.6000,24108,0,7436849760.000,0,-,-,-,-,4036.8000,4036.4000,4035.8000,4035.0000,4034.4000,4038.0000,4038.2000,4038.4000,4038.6000,4039.2000,1,1,3,3,1,4,1,5,2,3
SF,IF2006,2020-02-19 14:13:55.900,4037.6000,24108,0,7436849760.000,0,-,-,-,-,4036.8000,4036.4000,4035.8000,4035.0000,4034.4000,4037.8000,4038.0000,4038.2000,4038.4000,4038.6000,1,1,3,3,1,2,2,1,5,2
SF,IF2006,2020-02-19 14:13:56.900,4037.6000,24108,0,7436849760.000,0,-,-,-,-,4036.8000,4036.4000,4035.8000,4035.0000,4034.4000,4037.8000,4038.0000,4038.2000,4038.6000,4039.2000,1,1,3,3,1,2,2,1,1,3
SF,IF2006,2020-02-19 14:13:57.400,4037.6000,24108,0,7436849760.000,0,-,-,-,-,4036.8000,4036.4000,4035.8000,4035.0000,4034.4000,4037.6000,4037.8000,4038.2000,4039.2000,4039.8000,1,1,3,3,1,2,2,1,3,2
SF,IF2006,2020-02-19 14:13:57.900,4037.6000,24108,0,7436849760.000,0,-,-,-,-,4036.8000,4036.4000,4035.8000,4035.0000,4034.4000,4037.4000,4037.6000,4037.8000,4038.2000,4039.2000,1,1,3,3,1,1,2,2,1,3
SF,IF2006,2020-02-19 14:13:58.400,4037.6000,24108,0,7436849760.000,0,-,-,-,-,4037.0000,4036.8000,4036.4000,4035.8000,4035.0000,4037.4000,4037.6000,4037.8000,4038.2000,4039.2000,1,1,1,3,3,1,2,1,1,3
SF,IF2006,2020-02-19 14:13:58.900,4037.0000,24107,-1,7438060860.000,1,0,1,双平,B,4036.8000,4036.4000,4035.8000,4035.0000,4034.4000,4037.4000,4037.6000,4037.8000,4038.2000,4039.2000,1,1,3,3,1,1,2,1,1,3
SF,IF2006,2020-02-19 14:13:59.400,4036.8000,24107,0,7439271900.000,1,0,1,空换,B,4036.4000,4035.8000,4035.0000,4034.4000,4034.0000,4037.4000,4037.6000,4037.8000,4039.2000,4039.8000,1,3,3,1,1,1,2,1,3,2
SF,IF2006,2020-02-19 14:13:59.900,4036.8000,24107,0,7439271900.000,0,-,-,-,-,4036.6000,4036.4000,4035.8000,4035.0000,4034.4000,4037.8000,4039.2000,4039.8000,4040.0000,4041.2000,2,1,3,3,1,1,3,2,1,1
SF,IF2006,2020-02-19 14:14:00.400,4036.6000,24107,0,7440482880.000,1,0,1,空换,B,4036.6000,4036.4000,4035.8000,4035.0000,4034.4000,4037.8000,4039.2000,4039.8000,4040.0000,4041.2000,1,1,3,3,1,1,3,2,1,1
SF,IF2006,2020-02-19 14:14:00.900,4036.6000,24108,1,7441693860.000,1,1,0,双开,B,4036.4000,4035.8000,4035.0000,4034.4000,4034.0000,4037.8000,4038.0000,4039.2000,4039.8000,4040.0000,1,3,3,1,1,1,1,3,2,1
SF,IF2006,2020-02-19 14:14:01.400,4036.6000,24108,0,7441693860.000,0,-,-,-,-,4036.4000,4035.8000,4035.0000,4034.4000,4034.0000,4037.6000,4037.8000,4038.0000,4039.2000,4039.8000,1,3,3,1,1,4,1,1,3,2
SF,IF2006,2020-02-19 14:14:01.900,4036.6000,24108,0,7441693860.000,0,-,-,-,-,4036.4000,4035.8000,4035.0000,4034.4000,4034.0000,4037.6000,4037.8000,4039.2000,4039.8000,4040.0000,1,3,3,1,1,3,1,3,2,1
SF,IF2006,2020-02-19 14:14:02.400,4036.6000,24108,0,7441693860.000,0,-,-,-,-,4036.4000,4035.8000,4035.0000,4034.4000,4034.0000,4037.4000,4037.6000,4037.8000,4039.2000,4039.8000,1,3,3,1,1,1,2,1,3,2
SF,IF2006,2020-02-19 14:14:05.900,4036.6000,24108,0,7441693860.000,0,-,-,-,-,4036.4000,4035.8000,4035.0000,4034.4000,4034.0000,4037.4000,4037.6000,4039.2000,4039.8000,4040.0000,1,3,3,1,1,1,2,3,2,2
SF,IF2006,2020-02-19 14:14:06.400,4036.6000,24108,0,7441693860.000,0,-,-,-,-,4036.6000,4036.4000,4035.8000,4035.0000,4034.4000,4037.4000,4039.2000,4039.8000,4040.0000,4041.2000,3,1,3,3,1,1,3,2,2,1
SF,IF2006,2020-02-19 14:14:06.900,4036.6000,24108,0,7441693860.000,0,-,-,-,-,4036.6000,4036.4000,4035.8000,4035.0000,4034.4000,4037.4000,4039.2000,4039.8000,4040.0000,4041.2000,3,1,3,3,1,1,3,2,2,1
SF,IF2006,2020-02-19 14:14:07.400,4037.4000,24108,0,7442905080.000,1,0,1,空换,B,4036.6000,4036.4000,4035.8000,4035.0000,4034.4000,4039.2000,4039.8000,4040.0000,4041.2000,4041.8000,5,1,3,3,1,3,2,2,1,1
SF,IF2006,2020-02-19 14:14:07.900,4037.4000,24108,0,7442905080.000,0,-,-,-,-,4037.4000,4036.8000,4036.6000,4036.4000,4035.8000,4038.6000,4038.8000,4039.0000,4039.2000,4039.8000,1,3,5,1,3,1,5,3,3,2
SF,IF2006,2020-02-19 14:14:08.400,4037.4000,24108,0,7442905080.000,0,-,-,-,-,4037.4000,4036.8000,4036.6000,4036.4000,4035.8000,4038.4000,4038.6000,4039.0000,4039.2000,4039.8000,1,3,4,1,3,2,1,1,3,2
SF,IF2006,2020-02-19 14:14:08.900,4037.4000,24108,0,7442905080.000,0,-,-,-,-,4037.8000,4037.4000,4036.8000,4036.6000,4036.4000,4038.4000,4038.6000,4039.0000,4039.2000,4039.8000,1,1,3,4,1,2,1,1,3,2
SF,IF2006,2020-02-19 14:14:09.900,4037.4000,24108,0,7442905080.000,0,-,-,-,-,4037.8000,4037.4000,4036.8000,4036.6000,4036.4000,4038.4000,4038.6000,4039.2000,4039.8000,4040.0000,1,1,3,4,1,2,1,3,2,2
SF,IF2006,2020-02-19 14:14:10.400,4037.4000,24108,0,7442905080.000,0,-,-,-,-,4037.8000,4037.4000,4036.8000,4036.6000,4036.4000,4038.4000,4038.6000,4039.2000,4039.8000,4040.0000,1,1,1,4,1,2,1,3,2,2
SF,IF2006,2020-02-19 14:14:10.900,4037.4000,24108,0,7442905080.000,0,-,-,-,-,4037.8000,4037.4000,4036.8000,4036.6000,4036.4000,4038.4000,4038.6000,4039.2000,4039.8000,4040.0000,1,1,1,4,1,2,1,3,2,2
SF,IF2006,2020-02-19 14:14:11.400,4037.4000,24110,2,7445327640.000,2,2,0,双开,B,4036.8000,4036.4000,4035.8000,4035.0000,4034.4000,4037.8000,4038.4000,4038.6000,4039.2000,4039.8000,1,1,3,2,1,2,2,1,3,2
SF,IF2006,2020-02-19 14:14:11.900,4037.4000,24110,0,7445327640.000,0,-,-,-,-,4036.4000,4035.8000,4035.0000,4034.4000,4034.0000,4037.6000,4037.8000,4039.2000,4039.8000,4040.0000,1,3,2,1,1,2,2,3,2,2
SF,IF2006,2020-02-19 14:14:13.400,4037.4000,24110,0,7445327640.000,0,-,-,-,-,4036.4000,4035.8000,4035.0000,4034.4000,4034.0000,4037.6000,4037.8000,4039.2000,4039.8000,4040.0000,1,3,2,1,1,2,2,3,2,2
SF,IF2006,2020-02-19 14:14:14.400,4037.4000,24110,0,7445327640.000,0,-,-,-,-,4036.4000,4035.8000,4035.0000,4034.4000,4034.0000,4037.6000,4037.8000,4039.2000,4039.8000,4040.0000,1,3,2,1,1,2,1,3,2,2
SF,IF2006,2020-02-19 14:14:14.900,4037.4000,24110,0,7445327640.000,0,-,-,-,-,4036.6000,4036.4000,4035.8000,4035.0000,4034.4000,4037.8000,4039.2000,4039.8000,4040.0000,4041.2000,1,1,3,2,1,1,3,2,2,1
SF,IF2006,2020-02-19 14:14:16.400,4037.4000,24110,0,7445327640.000,0,-,-,-,-,4036.6000,4036.4000,4035.8000,4035.0000,4034.4000,4039.2000,4039.8000,4040.0000,4041.2000,4041.8000,1,1,3,2,1,3,2,2,1,1
SF,IF2006,2020-02-19 14:14:16.900,4037.4000,24110,0,7445327640.000,0,-,-,-,-,4036.8000,4036.6000,4036.4000,4035.8000,4035.0000,4038.6000,4038.8000,4039.0000,4039.2000,4039.8000,1,1,1,3,2,5,6,6,4,2
SF,IF2006,2020-02-19 14:14:17.400,4037.4000,24110,0,7445327640.000,0,-,-,-,-,4036.6000,4036.4000,4035.8000,4035.0000,4034.4000,4038.4000,4038.8000,4039.0000,4039.2000,4039.8000,1,1,3,2,1,3,6,2,3,2
SF,IF2006,2020-02-19 14:14:17.900,4037.4000,24110,0,7445327640.000,0,-,-,-,-,4036.6000,4036.4000,4035.8000,4035.0000,4034.4000,4038.4000,4038.8000,4039.0000,4039.2000,4039.8000,1,1,3,2,1,3,5,2,3,2
SF,IF2006,2020-02-19 14:14:18.900,4037.4000,24110,0,7445327640.000,0,-,-,-,-,4036.6000,4036.4000,4035.8000,4035.0000,4034.4000,4038.2000,4038.4000,4038.8000,4039.0000,4039.2000,1,1,3,2,1,5,3,5,2,3
SF,IF2006,2020-02-19 14:14:19.400,4036.8000,24111,1,7446538680.000,1,1,0,双开,B,4036.6000,4036.4000,4035.8000,4035.0000,4034.4000,4038.0000,4038.4000,4038.8000,4039.0000,4039.2000,1,1,3,2,1,2,1,5,2,3
SF,IF2006,2020-02-19 14:14:19.900,4036.8000,24111,0,7446538680.000,0,-,-,-,-,4036.6000,4036.4000,4035.8000,4035.0000,4034.4000,4038.0000,4038.4000,4038.8000,4039.0000,4039.2000,1,1,3,2,1,2,1,5,2,3
SF,IF2006,2020-02-19 14:14:21.400,4036.8000,24111,0,7446538680.000,0,-,-,-,-,4036.6000,4036.4000,4035.8000,4035.0000,4034.4000,4038.0000,4038.8000,4039.0000,4039.2000,4039.8000,1,1,3,2,1,2,5,2,3,1
SF,IF2006,2020-02-19 14:14:23.400,4036.8000,24111,0,7446538680.000,0,-,-,-,-,4036.8000,4036.6000,4036.4000,4035.8000,4035.0000,4038.0000,4038.8000,4039.0000,4039.2000,4039.8000,1,1,1,3,2,2,5,2,3,1
SF,IF2006,2020-02-19 14:14:23.900,4036.8000,24111,0,7446538680.000,0,-,-,-,-,4036.8000,4036.6000,4036.4000,4035.8000,4035.0000,4038.0000,4038.8000,4039.0000,4039.2000,4039.8000,2,1,1,3,2,2,5,2,3,1
SF,IF2006,2020-02-19 14:14:24.400,4036.8000,24111,0,7446538680.000,0,-,-,-,-,4036.8000,4036.6000,4036.4000,4035.8000,4035.0000,4038.0000,4038.8000,4039.0000,4039.2000,4039.8000,1,1,1,3,2,2,5,2,3,1
SF,IF2006,2020-02-19 14:14:24.900,4036.8000,24111,0,7446538680.000,0,-,-,-,-,4036.6000,4036.4000,4035.8000,4035.0000,4034.4000,4038.0000,4038.8000,4039.0000,4039.2000,4039.8000,1,1,3,2,1,2,5,2,3,1
SF,IF2006,2020-02-19 14:14:25.900,4036.8000,24111,0,7446538680.000,0,-,-,-,-,4036.6000,4036.4000,4035.8000,4035.0000,4034.4000,4037.8000,4038.0000,4038.8000,4039.0000,4039.2000,1,1,3,2,1,1,2,5,2,3
SF,IF2006,2020-02-19 14:14:26.400,4036.8000,24111,0,7446538680.000,0,-,-,-,-,4036.6000,4036.4000,4035.8000,4035.0000,4034.4000,4037.6000,4037.8000,4038.8000,4039.0000,4039.2000,1,1,3,2,1,2,1,5,2,3
SF,IF2006,2020-02-19 14:14:26.900,4036.8000,24111,0,7446538680.000,0,-,-,-,-,4036.8000,4036.6000,4036.4000,4035.8000,4035.0000,4037.6000,4037.8000,4039.0000,4039.2000,4039.8000,1,1,1,3,2,2,1,2,3,1
SF,IF2006,2020-02-19 14:14:28.400,4036.8000,24111,0,7446538680.000,0,-,-,-,-,4036.6000,4036.4000,4035.8000,4035.0000,4034.4000,4037.4000,4037.6000,4039.0000,4039.2000,4039.8000,1,1,3,2,1,1,2,2,3,1
SF,IF2006,2020-02-19 14:14:29.400,4036.8000,24111,0,7446538680.000,0,-,-,-,-,4036.8000,4036.6000,4036.4000,4035.8000,4035.0000,4037.4000,4037.6000,4039.0000,4039.2000,4039.8000,1,1,1,3,2,1,2,2,3,1
SF,IF2006,2020-02-19 14:14:29.900,4036.8000,24111,0,7446538680.000,0,-,-,-,-,4036.8000,4036.6000,4036.4000,4035.8000,4035.0000,4037.2000,4037.4000,4037.6000,4039.0000,4039.2000,1,1,1,3,2,1,1,2,2,3
SF,IF2006,2020-02-19 14:14:31.900,4036.8000,24111,0,7447749720.000,1,0,1,空换,B,4036.6000,4036.4000,4035.8000,4035.0000,4034.4000,4037.2000,4037.4000,4037.6000,4039.0000,4039.2000,1,1,3,2,1,1,1,2,2,3
SF,IF2006,2020-02-19 14:14:32.400,4036.6000,24112,1,7448960700.000,1,1,0,双开,B,4036.4000,4035.8000,4035.0000,4034.4000,4034.0000,4036.6000,4037.0000,4037.2000,4037.4000,4039.0000,1,3,2,1,1,1,2,1,1,2
SF,IF2006,2020-02-19 14:14:32.900,4036.4000,24112,0,7450171620.000,1,0,1,空换,B,4035.8000,4035.0000,4034.4000,4034.0000,4033.6000,4036.6000,4037.0000,4037.2000,4039.0000,4039.2000,3,2,1,1,1,1,2,1,2,3
SF,IF2006,2020-02-19 14:14:33.400,4036.4000,24113,1,7451382540.000,1,1,0,双开,B,4035.8000,4035.0000,4034.4000,4034.0000,4033.6000,4036.4000,4036.6000,4037.2000,4039.0000,4039.2000,3,2,1,1,1,1,1,1,2,3
SF,IF2006,2020-02-19 14:14:33.900,4036.4000,24113,0,7452593460.000,1,0,1,空换,B,4035.8000,4035.0000,4034.4000,4034.0000,4033.6000,4036.6000,4037.2000,4039.0000,4039.2000,4039.8000,3,3,1,1,1,1,1,2,3,1
SF,IF2006,2020-02-19 14:14:34.400,4036.4000,24113,0,7452593460.000,0,-,-,-,-,4035.8000,4035.0000,4034.4000,4034.0000,4033.6000,4036.6000,4039.0000,4039.2000,4039.8000,4040.0000,3,3,1,1,1,1,2,3,1,2
SF,IF2006,2020-02-19 14:14:34.900,4036.4000,24113,0,7452593460.000,0,-,-,-,-,4035.8000,4035.0000,4034.4000,4034.0000,4033.6000,4036.6000,4039.0000,4039.2000,4039.8000,4040.0000,4,3,1,1,1,1,2,3,1,2
SF,IF2006,2020-02-19 14:14:35.400,4036.4000,24113,0,7452593460.000,0,-,-,-,-,4036.0000,4035.8000,4035.0000,4034.4000,4034.0000,4036.6000,4039.0000,4039.2000,4039.8000,4040.0000,1,3,3,1,1,1,2,3,1,2
SF,IF2006,2020-02-19 14:14:35.900,4036.0000,24113,0,7453804260.000,1,0,1,空换,B,4035.8000,4035.0000,4034.4000,4034.0000,4033.6000,4036.6000,4039.0000,4039.2000,4039.8000,4040.0000,3,3,1,1,1,1,2,3,1,2
SF,IF2006,2020-02-19 14:14:37.400,4036.0000,24113,0,7453804260.000,0,-,-,-,-,4035.8000,4035.0000,4034.4000,4034.0000,4033.6000,4036.6000,4039.0000,4039.2000,4039.8000,4040.0000,3,3,1,1,1,2,2,3,1,2
SF,IF2006,2020-02-19 14:14:37.900,4036.0000,24113,0,7453804260.000,0,-,-,-,-,4035.8000,4035.0000,4034.4000,4034.0000,4033.6000,4036.4000,4036.6000,4039.0000,4039.2000,4039.8000,3,3,1,1,1,1,2,2,3,1
SF,IF2006,2020-02-19 14:14:39.400,4036.0000,24113,0,7453804260.000,0,-,-,-,-,4035.8000,4035.0000,4034.4000,4034.0000,4033.6000,4036.4000,4036.6000,4039.0000,4039.2000,4039.8000,3,3,1,1,1,1,2,2,2,1
SF,IF2006,2020-02-19 14:14:41.900,4036.0000,24113,0,7453804260.000,0,-,-,-,-,4035.8000,4035.0000,4034.4000,4034.0000,4033.6000,4036.4000,4036.6000,4039.0000,4039.2000,4039.8000,3,3,1,1,1,1,1,2,2,1
SF,IF2006,2020-02-19 14:14:42.900,4035.8000,24113,0,7455015000.000,1,0,1,空换,B,4035.8000,4035.0000,4034.4000,4034.0000,4033.6000,4036.4000,4036.6000,4039.0000,4039.2000,4039.8000,3,3,1,1,1,1,1,2,2,1
SF,IF2006,2020-02-19 14:14:43.400,4035.8000,24113,0,7458647220.000,3,1,2,空换,B,4035.0000,4034.4000,4034.0000,4033.6000,4033.2000,4036.4000,4036.6000,4039.0000,4039.2000,4039.8000,3,1,1,1,2,1,1,2,2,1
SF,IF2006,2020-02-19 14:14:43.900,4035.8000,24113,0,7458647220.000,0,-,-,-,-,4035.0000,4034.4000,4034.0000,4033.6000,4033.2000,4036.2000,4036.4000,4036.6000,4039.0000,4039.2000,3,1,1,1,2,1,1,1,2,2
SF,IF2006,2020-02-19 14:14:44.400,4035.8000,24113,0,7458647220.000,0,-,-,-,-,4035.0000,4034.4000,4034.0000,4033.6000,4033.2000,4036.0000,4036.2000,4036.6000,4039.0000,4039.2000,3,1,1,1,2,1,1,1,2,2
SF,IF2006,2020-02-19 14:14:44.900,4035.8000,24113,0,7458647220.000,0,-,-,-,-,4035.0000,4034.4000,4034.0000,4033.6000,4033.2000,4035.8000,4036.0000,4036.6000,4039.0000,4039.2000,3,1,1,1,2,1,1,1,2,2
SF,IF2006,2020-02-19 14:14:45.900,4035.0000,24113,0,7462278720.000,3,1,2,空换,B,4034.4000,4034.0000,4033.6000,4033.2000,4033.0000,4035.8000,4036.0000,4036.6000,4039.0000,4039.2000,1,1,1,2,2,1,1,1,1,2
SF,IF2006,2020-02-19 14:14:46.400,4035.0000,24113,0,7462278720.000,0,-,-,-,-,4034.6000,4034.4000,4034.0000,4033.6000,4033.2000,4035.8000,4036.0000,4036.6000,4039.0000,4039.2000,2,1,1,1,2,1,1,1,1,2
SF,IF2006,2020-02-19 14:14:46.900,4035.0000,24113,0,7462278720.000,0,-,-,-,-,4034.4000,4034.0000,4033.6000,4033.2000,4033.0000,4035.8000,4036.0000,4036.6000,4039.0000,4039.2000,1,1,1,2,2,1,1,1,1,2
SF,IF2006,2020-02-19 14:14:47.900,4035.0000,24113,0,7462278720.000,0,-,-,-,-,4034.4000,4034.0000,4033.6000,4033.2000,4033.0000,4035.4000,4036.0000,4036.6000,4039.0000,4039.2000,1,1,1,2,2,6,1,1,1,2
SF,IF2006,2020-02-19 14:14:48.400,4035.0000,24113,0,7462278720.000,0,-,-,-,-,4034.4000,4034.0000,4033.6000,4033.2000,4033.0000,4035.0000,4035.2000,4035.4000,4036.0000,4036.6000,1,1,1,2,2,1,2,5,1,1
SF,IF2006,2020-02-19 14:14:48.900,4035.0000,24113,0,7462278720.000,0,-,-,-,-,4034.4000,4034.0000,4033.6000,4033.2000,4033.0000,4035.0000,4035.2000,4036.6000,4039.0000,4039.2000,1,1,1,2,2,1,3,1,1,2
SF,IF2006,2020-02-19 14:14:49.400,4035.0000,24113,0,7462278720.000,0,-,-,-,-,4034.4000,4034.0000,4033.6000,4033.2000,4033.0000,4034.8000,4035.0000,4035.2000,4036.6000,4039.0000,1,1,1,2,2,1,1,2,1,1
SF,IF2006,2020-02-19 14:14:49.900,4034.4000,24113,0,7463489040.000,1,0,1,空换,B,4034.0000,4033.6000,4033.2000,4033.0000,4032.0000,4034.8000,4035.0000,4035.2000,4036.6000,4039.0000,1,1,2,2,3,1,1,2,1,1
SF,IF2006,2020-02-19 14:14:50.400,4034.4000,24113,0,7463489040.000,0,-,-,-,-,4034.0000,4033.6000,4033.2000,4033.0000,4032.0000,4034.6000,4034.8000,4035.2000,4036.6000,4039.0000,1,1,2,2,3,1,1,2,1,1
SF,IF2006,2020-02-19 14:14:50.900,4034.4000,24113,0,7463489040.000,0,-,-,-,-,4034.0000,4033.6000,4033.2000,4033.0000,4032.0000,4034.4000,4034.6000,4034.8000,4035.2000,4036.6000,1,1,2,2,3,1,1,1,2,1
SF,IF2006,2020-02-19 14:14:51.400,4034.4000,24113,0,7463489040.000,0,-,-,-,-,4034.2000,4034.0000,4033.6000,4033.2000,4033.0000,4034.4000,4034.6000,4034.8000,4035.2000,4036.0000,1,1,1,2,2,1,1,1,2,1
SF,IF2006,2020-02-19 14:14:51.900,4034.0000,24115,2,7465909500.000,2,2,0,双开,B,4033.6000,4033.2000,4033.0000,4032.0000,4031.2000,4034.2000,4034.4000,4035.2000,4036.0000,4036.6000,1,2,2,3,1,1,1,2,1,1
SF,IF2006,2020-02-19 14:14:52.400,4033.6000,24116,1,7467119580.000,1,1,0,双开,B,4033.2000,4033.0000,4032.0000,4031.2000,4031.0000,4034.0000,4034.2000,4034.4000,4035.2000,4036.0000,2,2,3,1,1,6,2,1,2,1
SF,IF2006,2020-02-19 14:14:52.900,4033.6000,24116,0,7467119580.000,0,-,-,-,-,4033.2000,4033.0000,4032.0000,4031.2000,4031.0000,4034.0000,4034.2000,4034.4000,4035.2000,4036.0000,2,2,3,1,1,6,2,1,2,1
SF,IF2006,2020-02-19 14:14:53.400,4033.2000,24118,2,7469539500.000,2,2,0,双开,B,4033.0000,4032.0000,4031.2000,4031.0000,4030.2000,4034.0000,4034.2000,4034.4000,4035.2000,4036.0000,2,3,1,1,1,1,2,1,2,1
SF,IF2006,2020-02-19 14:14:53.900,4033.2000,24118,0,7469539500.000,0,-,-,-,-,4033.0000,4032.0000,4031.2000,4031.0000,4030.2000,4033.6000,4033.8000,4034.2000,4034.4000,4036.0000,2,3,1,1,1,6,3,1,1,1
SF,IF2006,2020-02-19 14:14:54.400,4033.0000,24120,2,7471959300.000,2,2,0,双开,B,4032.0000,4031.2000,4031.0000,4030.2000,4030.0000,4033.0000,4033.4000,4033.6000,4033.8000,4034.2000,3,1,1,1,7,1,2,1,1,1
SF,IF2006,2020-02-19 14:14:54.900,4033.0000,24120,0,7471959300.000,0,-,-,-,-,4032.0000,4031.2000,4031.0000,4030.2000,4030.0000,4033.0000,4033.2000,4033.4000,4033.8000,4034.2000,3,1,1,1,7,1,1,2,1,1
SF,IF2006,2020-02-19 14:14:55.400,4032.0000,24120,0,7473168900.000,1,0,1,空换,B,4032.0000,4031.2000,4031.0000,4030.2000,4030.0000,4033.0000,4033.2000,4033.4000,4033.8000,4034.2000,2,1,1,1,7,1,1,2,1,1
SF,IF2006,2020-02-19 14:14:55.900,4032.0000,24120,0,7473168900.000,0,-,-,-,-,4032.0000,4031.2000,4031.0000,4030.2000,4030.0000,4032.8000,4033.0000,4033.2000,4034.2000,4034.4000,2,1,1,1,4,3,1,1,1,1
SF,IF2006,2020-02-19 14:14:56.400,4032.0000,24121,1,7474378500.000,1,1,0,双开,B,4032.0000,4031.2000,4031.0000,4030.2000,4030.0000,4032.8000,4033.2000,4034.2000,4034.4000,4036.0000,1,1,1,1,4,3,1,1,1,1
SF,IF2006,2020-02-19 14:14:56.900,4032.0000,24121,0,7475588100.000,1,0,1,空换,B,4031.2000,4031.0000,4030.2000,4030.0000,4029.8000,4032.6000,4032.8000,4033.2000,4034.2000,4034.4000,1,1,1,4,1,1,3,1,1,1
SF,IF2006,2020-02-19 14:14:57.400,4032.0000,24121,0,7475588100.000,0,-,-,-,-,4031.2000,4031.0000,4030.2000,4030.0000,4029.8000,4032.6000,4032.8000,4033.2000,4034.2000,4034.4000,1,1,1,4,1,1,3,1,1,1
SF,IF2006,2020-02-19 14:14:57.900,4032.0000,24121,0,7475588100.000,0,-,-,-,-,4031.2000,4031.0000,4030.2000,4030.0000,4029.8000,4032.0000,4032.2000,4032.4000,4033.2000,4034.2000,1,1,1,4,1,2,1,3,1,1
SF,IF2006,2020-02-19 14:14:58.400,4032.0000,24121,0,7475588100.000,0,-,-,-,-,4031.2000,4031.0000,4030.2000,4030.0000,4029.8000,4032.0000,4032.2000,4032.4000,4033.2000,4034.2000,1,1,1,4,1,2,1,3,1,1
SF,IF2006,2020-02-19 14:14:58.900,4032.0000,24121,0,7475588100.000,0,-,-,-,-,4031.2000,4031.0000,4030.2000,4030.0000,4029.8000,4032.0000,4032.2000,4032.4000,4032.6000,4033.2000,1,1,1,4,1,2,1,3,1,1
SF,IF2006,2020-02-19 14:14:59.400,4032.0000,24121,0,7475588100.000,0,-,-,-,-,4031.2000,4031.0000,4030.2000,4030.0000,4029.8000,4031.8000,4032.0000,4032.4000,4032.6000,4033.2000,1,1,1,4,1,1,2,2,1,1
SF,IF2006,2020-02-19 14:14:59.900,4031.6000,24121,0,7479216480.000,3,1,2,空换,B,4031.0000,4030.2000,4030.0000,4029.8000,4029.2000,4031.8000,4032.0000,4032.4000,4032.6000,4033.2000,1,1,4,1,1,1,2,2,1,1
SF,IF2006,2020-02-19 14:15:00.400,4031.6000,24121,0,7479216480.000,0,-,-,-,-,4031.0000,4030.2000,4030.0000,4029.8000,4029.2000,4031.8000,4032.0000,4032.4000,4032.6000,4033.2000,1,1,4,1,1,1,2,2,1,1
SF,IF2006,2020-02-19 14:15:00.900,4031.6000,24121,0,7479216480.000,0,-,-,-,-,4031.0000,4030.2000,4030.0000,4029.8000,4029.2000,4031.8000,4032.0000,4032.4000,4032.6000,4033.2000,1,1,4,1,1,1,2,2,1,1
SF,IF2006,2020-02-19 14:15:01.400,4031.0000,24122,1,7480425780.000,1,1,0,双开,B,4030.2000,4030.0000,4029.8000,4029.2000,4028.8000,4031.0000,4031.4000,4031.6000,4032.0000,4032.6000,1,4,1,1,1,1,1,2,2,1
SF,IF2006,2020-02-19 14:15:01.900,4030.2000,24122,0,7481634840.000,1,0,1,空换,B,4030.0000,4029.8000,4029.2000,4028.8000,4028.0000,4031.0000,4031.4000,4031.6000,4032.0000,4032.6000,4,1,1,1,3,1,1,3,2,1
SF,IF2006,2020-02-19 14:15:02.400,4030.2000,24122,0,7481634840.000,0,-,-,-,-,4030.0000,4029.8000,4029.2000,4028.8000,4028.0000,4031.0000,4031.6000,4032.0000,4032.6000,4033.2000,4,1,1,1,3,1,2,2,1,1
SF,IF2006,2020-02-19 14:15:02.900,4031.0000,24123,1,7482844140.000,1,1,0,双开,B,4030.2000,4030.0000,4029.8000,4029.2000,4028.8000,4031.2000,4032.0000,4032.6000,4033.2000,4034.4000,2,4,1,1,1,1,2,1,1,1
SF,IF2006,2020-02-19 14:15:03.400,4031.0000,24123,0,7482844140.000,0,-,-,-,-,4030.0000,4029.8000,4029.2000,4028.8000,4028.0000,4031.0000,4031.2000,4032.0000,4032.6000,4033.2000,4,1,1,1,3,1,1,1,1,1
SF,IF2006,2020-02-19 14:15:03.900,4031.0000,24124,1,7484053440.000,1,1,0,双开,B,4030.2000,4030.0000,4029.8000,4029.2000,4028.8000,4031.2000,4032.0000,4032.6000,4033.2000,4036.0000,2,4,1,1,1,1,1,1,1,1
SF,IF2006,2020-02-19 14:15:05.400,4031.2000,24124,0,7485262800.000,1,0,1,空换,B,4030.4000,4030.2000,4030.0000,4029.8000,4029.2000,4032.0000,4032.6000,4033.2000,4036.0000,4036.6000,1,2,4,1,1,1,1,1,1,1
SF,IF2006,2020-02-19 14:15:05.900,4031.2000,24124,0,7485262800.000,0,-,-,-,-,4030.6000,4030.4000,4030.0000,4029.8000,4029.2000,4031.8000,4032.0000,4032.6000,4033.2000,4036.0000,2,1,4,1,1,5,1,1,1,1
SF,IF2006,2020-02-19 14:15:06.400,4031.2000,24124,0,7485262800.000,0,-,-,-,-,4030.6000,4030.4000,4030.0000,4029.8000,4029.2000,4032.0000,4032.6000,4033.2000,4036.0000,4036.6000,2,1,4,1,1,1,1,1,1,1
SF,IF2006,2020-02-19 14:15:07.400,4031.2000,24124,0,7485262800.000,0,-,-,-,-,4030.6000,4030.4000,4030.0000,4029.8000,4029.2000,4032.0000,4032.6000,4033.2000,4036.0000,4036.6000,2,2,4,1,1,1,1,1,1,1
SF,IF2006,2020-02-19 14:15:07.900,4031.2000,24124,0,7485262800.000,0,-,-,-,-,4030.8000,4030.6000,4030.4000,4030.0000,4029.8000,4032.0000,4032.6000,4036.0000,4036.6000,4037.6000,3,2,1,4,1,1,1,1,1,1
SF,IF2006,2020-02-19 14:15:08.400,4031.2000,24124,0,7485262800.000,0,-,-,-,-,4030.8000,4030.6000,4030.4000,4030.0000,4029.8000,4032.0000,4032.6000,4036.0000,4036.6000,4037.6000,3,2,1,4,1,1,1,1,1,1
SF,IF2006,2020-02-19 14:15:08.900,4031.2000,24124,0,7485262800.000,0,-,-,-,-,4031.0000,4030.8000,4030.4000,4030.0000,4029.8000,4032.0000,4032.6000,4036.0000,4036.6000,4037.6000,2,2,1,4,1,1,1,1,1,1
SF,IF2006,2020-02-19 14:15:09.400,4031.2000,24124,0,7485262800.000,0,-,-,-,-,4030.8000,4030.4000,4030.0000,4029.8000,4029.2000,4032.0000,4032.6000,4036.0000,4036.6000,4037.6000,2,1,4,1,1,1,1,1,1,1
SF,IF2006,2020-02-19 14:15:09.900,4031.2000,24124,0,7485262800.000,0,-,-,-,-,4030.8000,4030.4000,4030.0000,4029.8000,4029.2000,4032.6000,4036.0000,4036.6000,4037.6000,4039.0000,2,1,4,1,1,1,1,1,1,2
SF,IF2006,2020-02-19 14:15:10.400,4031.2000,24124,0,7485262800.000,0,-,-,-,-,4031.0000,4030.8000,4030.4000,4030.0000,4029.8000,4032.2000,4032.4000,4032.6000,4036.0000,4036.6000,2,2,1,4,1,3,4,1,1,1
SF,IF2006,2020-02-19 14:15:10.900,4031.2000,24124,0,7485262800.000,0,-,-,-,-,4031.0000,4030.8000,4030.4000,4030.0000,4029.8000,4032.4000,4032.6000,4036.0000,4036.6000,4037.6000,2,2,1,4,1,4,1,1,1,1
SF,IF2006,2020-02-19 14:15:11.400,4031.2000,24124,0,7485262800.000,0,-,-,-,-,4031.0000,4030.8000,4030.4000,4030.0000,4029.8000,4032.4000,4032.6000,4036.0000,4036.6000,4037.6000,2,2,1,4,1,4,1,1,1,1
SF,IF2006,2020-02-19 14:15:11.900,4031.2000,24124,0,7485262800.000,0,-,-,-,-,4031.2000,4031.0000,4030.8000,4030.4000,4030.0000,4032.4000,4032.6000,4036.0000,4036.6000,4037.6000,1,2,2,1,4,3,1,1,1,1
SF,IF2006,2020-02-19 14:15:12.400,4032.6000,24127,3,7490101740.000,4,3,1,多开,B,4031.4000,4031.2000,4030.8000,4030.4000,4030.0000,4036.0000,4036.6000,4037.6000,4039.0000,4039.2000,2,1,2,1,4,1,1,1,2,2
SF,IF2006,2020-02-19 14:15:12.900,4032.6000,24127,0,7490101740.000,0,-,-,-,-,4031.6000,4031.4000,4031.2000,4030.8000,4030.4000,4033.0000,4034.2000,4034.4000,4034.8000,4035.0000,3,3,1,2,1,5,1,1,1,2
SF,IF2006,2020-02-19 14:15:13.400,4033.0000,24128,1,7491311640.000,1,1,0,双开,B,4032.2000,4031.8000,4031.6000,4031.4000,4030.8000,4034.4000,4035.0000,4035.2000,4035.6000,4035.8000,2,2,2,1,2,1,2,2,1,10
SF,IF2006,2020-02-19 14:15:13.900,4033.0000,24128,0,7491311640.000,0,-,-,-,-,4032.4000,4032.2000,4031.6000,4031.4000,4030.8000,4033.0000,4033.8000,4034.2000,4035.0000,4035.2000,3,2,2,1,2,5,1,4,2,1
SF,IF2006,2020-02-19 14:15:14.400,4033.0000,24128,0,7491311640.000,0,-,-,-,-,4031.4000,4030.8000,4030.4000,4030.0000,4029.8000,4033.8000,4034.0000,4035.2000,4035.8000,4036.0000,1,2,1,4,1,1,1,1,7,1
SF,IF2006,2020-02-19 14:15:14.900,4033.0000,24128,0,7491311640.000,0,-,-,-,-,4031.8000,4031.6000,4031.4000,4030.8000,4030.4000,4033.6000,4033.8000,4035.2000,4035.8000,4036.0000,2,3,1,2,1,2,1,1,5,1
SF,IF2006,2020-02-19 14:15:15.400,4033.0000,24128,0,7491311640.000,0,-,-,-,-,4032.2000,4032.0000,4031.8000,4031.6000,4031.4000,4033.6000,4033.8000,4034.4000,4035.2000,4035.8000,1,2,1,1,1,2,1,1,1,5
SF,IF2006,2020-02-19 14:15:15.900,4033.0000,24128,0,7491311640.000,0,-,-,-,-,4032.2000,4032.0000,4031.8000,4031.6000,4031.4000,4033.4000,4033.6000,4033.8000,4034.4000,4035.2000,1,2,1,1,1,5,2,1,1,1
SF,IF2006,2020-02-19 14:15:16.400,4033.0000,24128,0,7491311640.000,0,-,-,-,-,4032.2000,4032.0000,4031.8000,4031.6000,4031.4000,4033.6000,4033.8000,4034.4000,4035.2000,4035.8000,1,2,1,1,1,2,1,1,1,5
SF,IF2006,2020-02-19 14:15:16.900,4033.0000,24128,0,7491311640.000,0,-,-,-,-,4032.2000,4032.0000,4031.8000,4031.6000,4031.4000,4033.6000,4033.8000,4034.4000,4035.2000,4035.8000,1,2,1,1,1,2,1,1,1,5
SF,IF2006,2020-02-19 14:15:17.400,4033.0000,24128,0,7491311640.000,0,-,-,-,-,4032.4000,4032.2000,4031.8000,4031.6000,4031.4000,4033.8000,4034.4000,4035.2000,4035.8000,4036.0000,2,1,1,1,1,1,1,1,5,1
SF,IF2006,2020-02-19 14:15:17.900,4033.0000,24128,0,7491311640.000,0,-,-,-,-,4032.6000,4032.4000,4031.6000,4031.4000,4031.0000,4034.4000,4035.2000,4035.8000,4036.0000,4036.6000,1,2,1,1,1,1,1,5,1,1
SF,IF2006,2020-02-19 14:15:18.400,4033.0000,24128,0,7491311640.000,0,-,-,-,-,4033.0000,4032.8000,4031.6000,4031.4000,4031.0000,4035.8000,4036.0000,4036.6000,4037.6000,4039.0000,1,3,1,1,1,4,1,1,1,1
SF,IF2006,2020-02-19 14:15:18.900,4033.0000,24128,0,7491311640.000,0,-,-,-,-,4033.2000,4033.0000,4032.8000,4031.4000,4031.0000,4035.2000,4035.6000,4035.8000,4036.0000,4036.6000,3,1,2,1,1,1,6,3,1,1
SF,IF2006,2020-02-19 14:15:19.400,4033.0000,24128,0,7491311640.000,0,-,-,-,-,4033.4000,4033.2000,4032.8000,4031.4000,4031.0000,4034.8000,4035.2000,4035.6000,4035.8000,4036.0000,3,3,1,1,1,5,1,3,2,1
SF,IF2006,2020-02-19 14:15:19.900,4033.0000,24128,0,7491311640.000,0,-,-,-,-,4033.6000,4033.4000,4033.2000,4032.8000,4031.4000,4035.0000,4035.2000,4035.6000,4036.0000,4036.6000,2,3,1,1,1,1,1,3,1,1
SF,IF2006,2020-02-19 14:15:20.900,4033.0000,24128,0,7491311640.000,0,-,-,-,-,4033.8000,4033.6000,4033.4000,4033.2000,4032.8000,4035.0000,4035.2000,4035.6000,4036.0000,4036.6000,1,2,3,1,1,1,1,2,1,1
SF,IF2006,2020-02-19 14:15:21.900,4033.0000,24128,0,7491311640.000,0,-,-,-,-,4033.8000,4033.6000,4033.4000,4033.2000,4032.8000,4035.0000,4035.2000,4035.6000,4036.6000,4037.6000,1,2,2,1,1,1,1,2,1,1
SF,IF2006,2020-02-19 14:15:22.400,4033.0000,24128,0,7491311640.000,0,-,-,-,-,4033.8000,4033.2000,4032.8000,4031.0000,4030.8000,4034.2000,4034.6000,4034.8000,4035.0000,4035.2000,1,1,1,4,3,1,5,1,1,1
SF,IF2006,2020-02-19 14:15:22.900,4034.2000,24129,1,7492521900.000,1,1,0,双开,B,4032.8000,4031.0000,4030.8000,4030.4000,4030.0000,4034.8000,4035.0000,4035.6000,4036.6000,4037.6000,1,4,3,1,4,1,1,2,1,1
SF,IF2006,2020-02-19 14:15:23.400,4034.2000,24129,0,7492521900.000,0,-,-,-,-,4033.0000,4032.8000,4031.0000,4030.8000,4030.4000,4034.8000,4035.0000,4035.6000,4036.6000,4037.6000,2,1,4,3,1,1,1,2,1,1
SF,IF2006,2020-02-19 14:15:23.900,4034.2000,24129,0,7492521900.000,0,-,-,-,-,4033.0000,4031.0000,4030.8000,4030.4000,4030.0000,4034.6000,4035.0000,4035.6000,4036.6000,4037.6000,2,4,3,1,5,5,1,2,1,1
SF,IF2006,2020-02-19 14:15:24.400,4034.2000,24129,0,7492521900.000,0,-,-,-,-,4033.2000,4033.0000,4031.0000,4030.8000,4030.4000,4034.6000,4035.0000,4035.6000,4036.6000,4037.6000,1,3,4,3,1,5,1,2,1,1
SF,IF2006,2020-02-19 14:15:25.400,4034.2000,24129,0,7492521900.000,0,-,-,-,-,4033.2000,4033.0000,4031.0000,4030.8000,4030.4000,4034.6000,4035.6000,4036.6000,4037.6000,4039.0000,1,3,4,3,1,5,2,1,1,1
SF,IF2006,2020-02-19 14:15:25.900,4033.2000,24130,1,7493731860.000,1,1,0,双开,B,4033.0000,4031.0000,4030.8000,4030.4000,4030.0000,4034.4000,4034.6000,4035.6000,4036.6000,4037.6000,1,4,3,1,5,6,5,2,1,1
SF,IF2006,2020-02-19 14:15:26.400,4033.2000,24130,0,7493731860.000,0,-,-,-,-,4033.4000,4031.0000,4030.8000,4030.4000,4030.0000,4034.4000,4034.6000,4035.6000,4036.6000,4037.6000,1,4,3,1,5,1,5,2,1,1
SF,IF2006,2020-02-19 14:15:27.900,4033.2000,24130,0,7493731860.000,0,-,-,-,-,4033.4000,4031.0000,4030.8000,4030.4000,4030.0000,4034.4000,4035.6000,4036.6000,4037.6000,4039.0000,1,4,3,1,5,1,2,1,1,1
SF,IF2006,2020-02-19 14:15:29.400,4033.2000,24130,0,7493731860.000,0,-,-,-,-,4033.4000,4031.0000,4030.8000,4030.4000,4030.0000,4035.6000,4036.6000,4037.6000,4039.0000,4039.2000,1,4,3,1,5,2,1,1,1,2
SF,IF2006,2020-02-19 14:15:29.900,4033.2000,24130,0,7493731860.000,0,-,-,-,-,4033.6000,4033.4000,4031.0000,4030.8000,4030.4000,4034.6000,4035.0000,4035.2000,4035.6000,4035.8000,1,1,4,3,1,5,1,1,2,1
SF,IF2006,2020-02-19 14:15:30.400,4033.2000,24130,0,7493731860.000,0,-,-,-,-,4033.4000,4031.0000,4030.8000,4030.4000,4030.0000,4035.0000,4035.6000,4035.8000,4036.6000,4037.6000,1,4,3,1,5,1,2,1,1,1
SF,IF2006,2020-02-19 14:15:30.900,4033.2000,24130,0,7493731860.000,0,-,-,-,-,4033.4000,4031.0000,4030.8000,4030.4000,4030.0000,4034.8000,4035.0000,4035.6000,4035.8000,4036.6000,1,4,3,1,5,5,1,2,1,1
SF,IF2006,2020-02-19 14:15:32.400,4033.2000,24130,0,7493731860.000,0,-,-,-,-,4034.8000,4033.4000,4031.0000,4030.8000,4030.4000,4035.0000,4035.6000,4036.6000,4037.6000,4039.0000,1,1,4,3,1,1,2,1,1,1
SF,IF2006,2020-02-19 14:15:32.900,4034.8000,24131,1,7496152740.000,2,1,1,多开,B,4033.6000,4031.0000,4030.8000,4030.4000,4030.0000,4034.6000,4034.8000,4035.6000,4036.6000,4037.6000,1,4,3,1,5,1,8,2,1,1
SF,IF2006,2020-02-19 14:15:33.400,4034.8000,24131,0,7496152740.000,0,-,-,-,-,4033.6000,4031.0000,4030.8000,4030.4000,4030.0000,4034.8000,4035.6000,4036.6000,4037.6000,4039.0000,1,4,3,1,5,1,2,1,1,1
SF,IF2006,2020-02-19 14:15:33.900,4034.8000,24131,0,7496152740.000,0,-,-,-,-,4033.6000,4031.0000,4030.8000,4030.4000,4030.0000,4034.8000,4035.6000,4036.6000,4037.6000,4039.0000,1,4,3,1,5,1,2,1,1,1
SF,IF2006,2020-02-19 14:15:34.900,4034.8000,24130,-1,7497363180.000,1,0,1,双平,B,4033.6000,4031.0000,4030.8000,4030.4000,4030.0000,4035.6000,4036.6000,4037.6000,4039.0000,4039.2000,1,4,3,1,5,2,1,1,1,2
SF,IF2006,2020-02-19 14:15:35.400,4034.8000,24130,0,7497363180.000,0,-,-,-,-,4033.8000,4033.6000,4031.0000,4030.8000,4030.4000,4035.0000,4035.2000,4035.4000,4035.6000,4036.6000,2,1,4,3,1,5,1,6,2,1
SF,IF2006,2020-02-19 14:15:35.900,4034.8000,24130,0,7497363180.000,0,-,-,-,-,4033.8000,4033.6000,4031.0000,4030.8000,4030.4000,4035.0000,4035.2000,4035.4000,4035.6000,4036.6000,1,1,4,3,1,5,1,6,2,1
SF,IF2006,2020-02-19 14:15:36.400,4034.8000,24130,0,7497363180.000,0,-,-,-,-,4033.6000,4031.0000,4030.8000,4030.4000,4030.0000,4035.0000,4035.2000,4035.4000,4035.6000,4036.6000,1,4,3,1,5,5,1,6,2,1
SF,IF2006,2020-02-19 14:15:36.900,4034.8000,24130,0,7497363180.000,0,-,-,-,-,4033.6000,4031.0000,4030.8000,4030.4000,4030.0000,4034.8000,4035.0000,4035.2000,4035.4000,4035.6000,1,4,3,1,5,5,5,1,6,2
SF,IF2006,2020-02-19 14:15:37.400,4034.8000,24130,0,7497363180.000,0,-,-,-,-,4033.6000,4031.0000,4030.8000,4030.4000,4030.0000,4033.8000,4035.0000,4035.2000,4035.4000,4036.6000,1,4,3,1,5,2,5,1,6,1
SF,IF2006,2020-02-19 14:15:37.900,4033.8000,24130,0,7499783460.000,2,1,1,空换,B,4033.6000,4031.0000,4030.8000,4030.4000,4030.0000,4035.4000,4036.6000,4037.6000,4039.0000,4039.2000,1,4,3,1,5,1,1,1,1,2
SF,IF2006,2020-02-19 14:15:38.400,4033.8000,24130,0,7499783460.000,0,-,-,-,-,4033.6000,4031.0000,4030.8000,4030.4000,4030.0000,4035.0000,4035.2000,4035.4000,4036.6000,4037.6000,1,4,3,1,5,3,2,1,1,1
SF,IF2006,2020-02-19 14:15:38.900,4033.8000,24130,0,7499783460.000,0,-,-,-,-,4033.6000,4031.0000,4030.8000,4030.4000,4030.0000,4035.0000,4035.2000,4035.4000,4036.6000,4037.6000,1,4,3,1,5,3,2,1,1,1
SF,IF2006,2020-02-19 14:15:39.400,4033.8000,24130,0,7499783460.000,0,-,-,-,-,4033.6000,4031.0000,4030.8000,4030.4000,4030.0000,4034.6000,4035.0000,4035.2000,4035.4000,4036.6000,1,4,3,1,5,5,3,2,1,1
SF,IF2006,2020-02-19 14:15:39.900,4033.8000,24130,0,7499783460.000,0,-,-,-,-,4033.6000,4031.0000,4030.8000,4030.4000,4030.0000,4034.6000,4035.0000,4035.2000,4035.4000,4036.6000,2,4,3,1,5,5,3,1,1,1
SF,IF2006,2020-02-19 14:15:40.400,4033.8000,24130,0,7499783460.000,0,-,-,-,-,4033.6000,4031.0000,4030.8000,4030.4000,4030.2000,4034.6000,4035.0000,4035.2000,4035.4000,4036.6000,2,4,3,1,1,5,3,1,1,1
SF,IF2006,2020-02-19 14:15:40.900,4033.8000,24130,0,7499783460.000,0,-,-,-,-,4033.6000,4031.0000,4030.8000,4030.4000,4030.2000,4034.6000,4035.0000,4035.2000,4035.4000,4036.6000,2,4,3,1,1,5,3,1,1,1
SF,IF2006,2020-02-19 14:15:41.400,4033.8000,24130,0,7499783460.000,0,-,-,-,-,4033.6000,4031.0000,4030.8000,4030.4000,4030.2000,4035.0000,4035.2000,4035.4000,4036.6000,4037.6000,2,4,3,1,1,3,1,1,1,1
SF,IF2006,2020-02-19 14:15:41.900,4034.8000,24130,0,7500993900.000,1,0,1,空换,B,4033.6000,4031.0000,4030.8000,4030.4000,4030.2000,4034.8000,4035.0000,4035.4000,4036.6000,4037.6000,2,4,3,1,1,1,3,1,1,1
SF,IF2006,2020-02-19 14:15:42.400,4034.8000,24130,0,7502204340.000,1,0,1,空换,B,4033.6000,4031.0000,4030.8000,4030.4000,4030.2000,4034.8000,4035.0000,4035.4000,4036.6000,4037.6000,2,4,3,1,1,1,3,1,1,1
SF,IF2006,2020-02-19 14:15:42.900,4034.8000,24130,0,7502204340.000,0,-,-,-,-,4033.8000,4033.6000,4031.0000,4030.8000,4030.4000,4034.8000,4035.0000,4035.4000,4036.6000,4037.6000,1,2,4,3,1,1,3,1,1,1
SF,IF2006,2020-02-19 14:15:43.900,4034.8000,24130,0,7502204340.000,0,-,-,-,-,4033.6000,4031.0000,4030.8000,4030.4000,4030.2000,4034.8000,4035.0000,4035.4000,4036.6000,4037.6000,2,4,3,1,1,1,3,1,1,1
SF,IF2006,2020-02-19 14:15:44.400,4034.8000,24130,0,7502204340.000,0,-,-,-,-,4033.6000,4031.0000,4030.8000,4030.4000,4030.2000,4034.6000,4034.8000,4035.0000,4036.6000,4037.6000,2,4,3,1,1,6,2,3,1,1
SF,IF2006,2020-02-19 14:15:44.900,4034.8000,24130,0,7502204340.000,0,-,-,-,-,4033.6000,4031.0000,4030.8000,4030.4000,4030.2000,4034.4000,4034.6000,4034.8000,4035.0000,4036.6000,2,4,3,1,1,3,6,1,3,1
SF,IF2006,2020-02-19 14:15:45.400,4034.8000,24130,0,7502204340.000,0,-,-,-,-,4033.6000,4031.0000,4030.8000,4030.4000,4030.2000,4034.4000,4034.6000,4034.8000,4035.0000,4036.6000,2,4,3,1,1,3,5,1,3,1
SF,IF2006,2020-02-19 14:15:45.900,4034.8000,24130,0,7502204340.000,0,-,-,-,-,4033.6000,4031.0000,4030.8000,4030.4000,4030.2000,4034.4000,4034.6000,4034.8000,4035.0000,4036.6000,2,4,3,1,1,5,5,1,3,1
SF,IF2006,2020-02-19 14:15:46.400,4034.8000,24130,0,7502204340.000,0,-,-,-,-,4033.6000,4031.0000,4030.8000,4030.4000,4030.2000,4034.2000,4034.4000,4034.6000,4034.8000,4035.0000,2,4,3,1,1,6,5,5,1,3
SF,IF2006,2020-02-19 14:15:46.900,4033.6000,24131,1,7503414420.000,1,1,0,双开,B,4033.6000,4031.0000,4030.8000,4030.4000,4030.2000,4034.0000,4034.2000,4034.4000,4034.6000,4034.8000,1,4,3,1,1,1,2,2,5,1
SF,IF2006,2020-02-19 14:15:47.400,4033.6000,24131,0,7503414420.000,0,-,-,-,-,4033.6000,4031.0000,4030.8000,4030.4000,4030.2000,4034.0000,4034.2000,4034.4000,4034.6000,4034.8000,1,4,3,1,1,1,2,2,5,1
SF,IF2006,2020-02-19 14:15:47.900,4033.6000,24132,1,7504624500.000,1,1,0,双开,B,4031.0000,4030.8000,4030.4000,4030.2000,4030.0000,4033.6000,4034.0000,4034.2000,4034.4000,4034.6000,4,3,1,1,5,1,1,1,2,5
SF,IF2006,2020-02-19 14:15:48.400,4033.6000,24132,0,7504624500.000,0,-,-,-,-,4032.2000,4031.6000,4031.4000,4031.2000,4031.0000,4033.4000,4033.6000,4034.2000,4034.4000,4034.6000,1,1,1,5,7,1,2,1,2,5
SF,IF2006,2020-02-19 14:15:48.900,4033.6000,24132,0,7504624500.000,0,-,-,-,-,4032.2000,4031.4000,4031.2000,4031.0000,4030.8000,4033.6000,4034.4000,4034.8000,4036.6000,4037.6000,1,1,5,6,3,2,2,1,1,1
SF,IF2006,2020-02-19 14:15:49.400,4033.6000,24132,0,7504624500.000,0,-,-,-,-,4032.4000,4032.2000,4031.4000,4031.2000,4031.0000,4033.2000,4033.6000,4034.4000,4036.6000,4037.6000,1,1,1,4,6,1,1,2,1,1
SF,IF2006,2020-02-19 14:15:49.900,4033.6000,24132,0,7504624500.000,0,-,-,-,-,4032.4000,4032.2000,4031.4000,4031.2000,4031.0000,4033.6000,4034.4000,4036.6000,4037.6000,4039.0000,1,1,1,4,6,1,2,1,1,1
SF,IF2006,2020-02-19 14:15:50.400,4033.6000,24132,0,7504624500.000,0,-,-,-,-,4032.4000,4032.2000,4031.4000,4031.2000,4031.0000,4034.4000,4036.6000,4037.6000,4039.0000,4039.2000,1,1,1,4,6,2,1,1,1,2
SF,IF2006,2020-02-19 14:15:50.900,4033.6000,24132,0,7504624500.000,0,-,-,-,-,4032.4000,4032.2000,4031.4000,4031.2000,4031.0000,4034.0000,4034.2000,4034.4000,4036.6000,4037.6000,1,1,1,4,6,5,2,2,1,1
SF,IF2006,2020-02-19 14:15:51.400,4033.2000,24132,0,7505834460.000,1,0,1,空换,B,4032.4000,4032.2000,4031.4000,4031.2000,4031.0000,4033.8000,4034.2000,4034.4000,4036.6000,4037.6000,1,1,1,4,6,1,1,2,1,1
SF,IF2006,2020-02-19 14:15:52.400,4032.4000,24132,0,7507044180.000,1,0,1,空换,B,4032.2000,4031.4000,4031.2000,4031.0000,4030.8000,4033.8000,4034.2000,4034.4000,4036.6000,4037.6000,1,1,4,6,2,1,1,2,1,1
SF,IF2006,2020-02-19 14:15:53.900,4032.4000,24132,0,7507044180.000,0,-,-,-,-,4032.2000,4031.4000,4031.2000,4031.0000,4030.8000,4032.4000,4033.6000,4033.8000,4034.2000,4034.4000,1,1,4,6,2,1,1,1,1,2
SF,IF2006,2020-02-19 14:15:54.400,4032.4000,24132,0,7508253900.000,1,0,1,空换,B,4032.6000,4032.4000,4031.4000,4031.2000,4031.0000,4033.6000,4033.8000,4034.4000,4036.6000,4037.6000,1,2,1,4,6,1,1,2,1,1
SF,IF2006,2020-02-19 14:15:54.900,4032.4000,24132,0,7508253900.000,0,-,-,-,-,4032.4000,4031.4000,4031.2000,4031.0000,4030.8000,4032.6000,4033.6000,4033.8000,4034.4000,4036.6000,1,1,4,6,2,2,1,1,2,1
SF,IF2006,2020-02-19 14:15:55.400,4032.6000,24132,0,7510673460.000,2,1,1,空换,B,4032.8000,4032.4000,4031.4000,4031.2000,4031.0000,4033.6000,4033.8000,4034.4000,4036.6000,4037.6000,2,1,1,4,6,1,1,2,1,1
SF,IF2006,2020-02-19 14:15:55.900,4032.6000,24132,0,7510673460.000,0,-,-,-,-,4032.4000,4031.4000,4031.2000,4031.0000,4030.8000,4033.6000,4033.8000,4034.4000,4036.6000,4037.6000,1,1,4,6,2,1,1,2,1,1
SF,IF2006,2020-02-19 14:15:56.400,4032.6000,24132,0,7510673460.000,0,-,-,-,-,4032.4000,4031.4000,4031.2000,4031.0000,4030.8000,4034.4000,4035.0000,4036.6000,4037.6000,4039.0000,1,1,4,6,2,2,1,1,1,1
SF,IF2006,2020-02-19 14:15:56.900,4032.6000,24132,0,7510673460.000,0,-,-,-,-,4032.4000,4031.4000,4031.2000,4031.0000,4030.8000,4034.0000,4034.2000,4034.4000,4035.0000,4036.6000,1,1,4,6,2,1,1,2,1,1
SF,IF2006,2020-02-19 14:15:57.400,4032.6000,24132,0,7510673460.000,0,-,-,-,-,4032.6000,4032.4000,4031.4000,4031.2000,4031.0000,4033.8000,4034.0000,4034.4000,4035.0000,4036.6000,1,1,1,4,6,1,1,2,1,1
SF,IF2006,2020-02-19 14:15:57.900,4032.6000,24132,0,7510673460.000,0,-,-,-,-,4032.6000,4032.4000,4031.4000,4031.2000,4031.0000,4033.6000,4033.8000,4034.4000,4035.0000,4036.6000,1,1,1,4,6,1,1,2,1,1
SF,IF2006,2020-02-19 14:15:58.900,4032.6000,24132,0,7510673460.000,0,-,-,-,-,4032.4000,4031.4000,4031.2000,4031.0000,4030.8000,4033.6000,4033.8000,4034.4000,4035.0000,4036.6000,1,1,4,6,2,1,1,2,1,1
SF,IF2006,2020-02-19 14:15:59.400,4032.6000,24132,0,7510673460.000,0,-,-,-,-,4032.4000,4031.4000,4031.2000,4031.0000,4030.8000,4033.4000,4033.6000,4034.4000,4035.0000,4036.6000,1,1,4,6,2,1,1,2,1,1
SF,IF2006,2020-02-19 14:15:59.900,4032.6000,24132,0,7510673460.000,0,-,-,-,-,4032.4000,4031.2000,4031.0000,4030.8000,4030.4000,4033.4000,4033.6000,4034.4000,4035.0000,4036.6000,1,4,6,2,1,1,1,2,1,1
SF,IF2006,2020-02-19 14:16:00.900,4033.4000,24133,1,7511883480.000,1,1,0,双开,B,4031.2000,4031.0000,4030.8000,4030.4000,4030.2000,4033.6000,4034.4000,4035.0000,4036.6000,4037.6000,4,6,2,1,1,1,2,1,1,1
SF,IF2006,2020-02-19 14:16:01.400,4033.4000,24133,0,7511883480.000,0,-,-,-,-,4031.8000,4031.6000,4031.4000,4031.2000,4031.0000,4033.4000,4033.6000,4034.4000,4035.0000,4036.6000,1,1,1,4,4,1,1,2,1,1
SF,IF2006,2020-02-19 14:16:01.900,4033.4000,24133,0,7511883480.000,0,-,-,-,-,4032.0000,4031.8000,4031.6000,4031.2000,4031.0000,4033.4000,4033.6000,4034.4000,4035.0000,4036.6000,1,1,2,4,4,1,1,2,1,1
SF,IF2006,2020-02-19 14:16:02.400,4033.4000,24133,0,7511883480.000,0,-,-,-,-,4032.0000,4031.8000,4031.6000,4031.2000,4031.0000,4032.6000,4033.2000,4033.6000,4034.4000,4035.0000,1,1,2,4,4,1,1,1,2,1
SF,IF2006,2020-02-19 14:16:02.900,4033.4000,24133,0,7511883480.000,0,-,-,-,-,4032.0000,4031.8000,4031.6000,4031.2000,4031.0000,4032.6000,4033.2000,4033.6000,4034.4000,4035.0000,1,1,2,4,4,1,1,1,2,1
SF,IF2006,2020-02-19 14:16:03.400,4033.4000,24133,0,7511883480.000,0,-,-,-,-,4032.2000,4032.0000,4031.8000,4031.6000,4031.2000,4032.6000,4033.2000,4033.6000,4034.4000,4035.0000,1,1,1,1,4,1,1,1,2,1
SF,IF2006,2020-02-19 14:16:04.400,4032.6000,24133,0,7513093260.000,1,0,1,空换,B,4032.0000,4031.8000,4031.6000,4031.2000,4031.0000,4033.2000,4033.6000,4034.4000,4035.0000,4036.6000,1,1,1,4,4,1,1,2,1,1
SF,IF2006,2020-02-19 14:16:07.400,4032.6000,24133,0,7513093260.000,0,-,-,-,-,4032.0000,4031.8000,4031.6000,4031.2000,4031.0000,4033.6000,4034.4000,4035.0000,4036.6000,4037.6000,1,1,1,4,4,1,2,1,1,1
SF,IF2006,2020-02-19 14:16:07.900,4032.6000,24133,0,7513093260.000,0,-,-,-,-,4033.2000,4032.2000,4032.0000,4031.8000,4031.6000,4033.6000,4034.4000,4035.0000,4036.6000,4037.6000,1,2,1,1,1,1,2,1,1,1
SF,IF2006,2020-02-19 14:16:08.400,4032.2000,24134,1,7515512880.000,2,1,1,多开,B,4032.2000,4032.0000,4031.6000,4031.2000,4031.0000,4033.6000,4034.4000,4035.0000,4036.6000,4037.6000,1,1,1,4,4,1,2,1,1,1
SF,IF2006,2020-02-19 14:16:08.900,4032.2000,24134,0,7515512880.000,0,-,-,-,-,4032.4000,4032.2000,4031.6000,4031.2000,4031.0000,4033.6000,4034.4000,4035.0000,4036.6000,4037.6000,1,1,1,4,4,1,2,1,1,1
SF,IF2006,2020-02-19 14:16:09.400,4032.2000,24134,0,7515512880.000,0,-,-,-,-,4032.4000,4032.2000,4031.6000,4031.2000,4031.0000,4033.6000,4034.4000,4035.0000,4036.6000,4037.6000,3,1,1,4,4,1,2,1,1,1
SF,IF2006,2020-02-19 14:16:09.900,4032.2000,24134,0,7515512880.000,0,-,-,-,-,4032.6000,4032.4000,4031.6000,4031.2000,4031.0000,4033.0000,4033.6000,4034.4000,4035.0000,4036.6000,1,3,1,4,4,1,1,2,1,1
SF,IF2006,2020-02-19 14:16:10.400,4033.0000,24134,0,7516722780.000,1,0,1,空换,B,4032.6000,4032.4000,4032.2000,4031.6000,4031.2000,4033.6000,4034.4000,4035.0000,4036.6000,4037.6000,1,3,1,1,4,1,2,1,1,1
SF,IF2006,2020-02-19 14:16:10.900,4033.0000,24134,0,7516722780.000,0,-,-,-,-,4033.0000,4032.6000,4032.4000,4032.2000,4031.6000,4033.6000,4034.4000,4035.0000,4036.6000,4037.6000,1,1,3,1,1,2,2,1,1,1
SF,IF2006,2020-02-19 14:16:11.400,4033.0000,24134,0,7516722780.000,0,-,-,-,-,4033.0000,4032.6000,4032.4000,4032.2000,4031.6000,4033.6000,4034.4000,4035.0000,4036.6000,4037.6000,1,1,3,1,1,2,2,1,1,1
SF,IF2006,2020-02-19 14:16:11.900,4033.0000,24134,0,7516722780.000,0,-,-,-,-,4033.0000,4032.6000,4032.4000,4032.2000,4031.6000,4033.6000,4034.4000,4035.0000,4036.6000,4037.6000,1,1,3,2,1,2,2,1,1,1
SF,IF2006,2020-02-19 14:16:12.400,4033.6000,24135,1,7517932860.000,1,1,0,双开,B,4033.0000,4032.6000,4032.4000,4032.2000,4031.6000,4033.6000,4034.4000,4035.0000,4036.6000,4037.6000,1,2,3,1,1,1,2,1,1,1
SF,IF2006,2020-02-19 14:16:13.900,4033.0000,24135,0,7519142760.000,1,0,1,空换,B,4032.6000,4032.4000,4032.2000,4031.6000,4031.2000,4033.6000,4034.4000,4035.0000,4036.6000,4037.6000,2,3,1,1,4,1,2,1,1,1
SF,IF2006,2020-02-19 14:16:14.900,4033.0000,24135,0,7519142760.000,0,-,-,-,-,4032.8000,4032.6000,4032.4000,4032.2000,4031.6000,4033.6000,4034.4000,4035.0000,4036.6000,4037.6000,1,2,2,1,1,1,2,1,1,1
SF,IF2006,2020-02-19 14:16:15.400,4033.0000,24135,0,7519142760.000,0,-,-,-,-,4032.8000,4032.6000,4032.4000,4031.6000,4031.2000,4033.4000,4033.6000,4034.4000,4035.0000,4036.6000,1,2,2,1,4,1,1,2,1,1
SF,IF2006,2020-02-19 14:16:15.900,4033.0000,24135,0,7519142760.000,0,-,-,-,-,4032.8000,4032.6000,4032.4000,4031.6000,4031.2000,4033.4000,4033.6000,4034.4000,4035.0000,4036.6000,1,1,2,1,4,1,1,2,1,1
SF,IF2006,2020-02-19 14:16:16.400,4033.0000,24135,0,7519142760.000,0,-,-,-,-,4032.8000,4032.6000,4032.4000,4031.6000,4031.2000,4033.0000,4033.4000,4033.6000,4034.4000,4035.0000,1,1,2,1,4,1,1,1,2,1
SF,IF2006,2020-02-19 14:16:16.900,4033.0000,24134,-1,7520352660.000,1,0,1,双平,B,4032.8000,4032.6000,4032.4000,4031.6000,4031.2000,4033.4000,4033.6000,4034.4000,4035.0000,4036.6000,1,1,2,1,4,1,1,2,1,1
SF,IF2006,2020-02-19 14:16:17.900,4033.0000,24134,0,7520352660.000,0,-,-,-,-,4032.4000,4031.6000,4031.2000,4031.0000,4030.8000,4033.4000,4033.6000,4034.4000,4035.0000,4036.6000,2,1,4,4,2,1,1,2,1,1
SF,IF2006,2020-02-19 14:16:18.400,4033.0000,24134,0,7520352660.000,0,-,-,-,-,4032.4000,4031.2000,4031.0000,4030.8000,4030.4000,4033.4000,4033.6000,4034.4000,4035.0000,4036.6000,2,3,4,2,1,1,1,2,1,1
SF,IF2006,2020-02-19 14:16:18.900,4033.0000,24134,0,7520352660.000,0,-,-,-,-,4032.6000,4032.4000,4031.2000,4031.0000,4030.8000,4033.4000,4033.6000,4034.4000,4035.0000,4036.6000,1,2,3,4,2,1,1,2,1,1
SF,IF2006,2020-02-19 14:16:21.900,4033.0000,24134,0,7520352660.000,0,-,-,-,-,4032.6000,4032.4000,4031.2000,4031.0000,4030.8000,4033.4000,4033.6000,4034.4000,4035.0000,4036.6000,1,2,3,4,2,1,1,2,1,1
SF,IF2006,2020-02-19 14:16:22.900,4033.0000,24134,0,7520352660.000,0,-,-,-,-,4032.6000,4032.4000,4031.2000,4031.0000,4030.8000,4033.4000,4033.6000,4034.4000,4035.0000,4036.6000,1,2,3,4,2,1,1,2,1,1
SF,IF2006,2020-02-19 14:16:23.400,4033.0000,24134,0,7520352660.000,0,-,-,-,-,4032.6000,4032.4000,4031.2000,4031.0000,4030.8000,4033.4000,4033.6000,4034.4000,4035.0000,4036.6000,1,2,3,4,2,1,1,2,1,1
SF,IF2006,2020-02-19 14:16:26.400,4032.6000,24135,1,7521562440.000,1,1,0,双开,B,4032.4000,4031.2000,4031.0000,4030.8000,4030.4000,4033.4000,4033.6000,4034.4000,4035.0000,4036.6000,2,3,4,2,1,1,1,2,1,1
SF,IF2006,2020-02-19 14:16:26.900,4032.6000,24135,0,7521562440.000,0,-,-,-,-,4032.4000,4031.2000,4031.0000,4030.8000,4030.4000,4033.4000,4033.6000,4034.4000,4035.0000,4036.6000,1,3,4,2,1,1,1,2,1,1
SF,IF2006,2020-02-19 14:16:27.900,4032.6000,24135,0,7521562440.000,0,-,-,-,-,4032.6000,4032.4000,4031.2000,4031.0000,4030.8000,4033.4000,4033.6000,4034.4000,4035.0000,4036.6000,2,1,2,4,2,1,1,2,1,1
SF,IF2006,2020-02-19 14:16:28.400,4032.6000,24135,0,7521562440.000,0,-,-,-,-,4032.6000,4032.4000,4031.2000,4031.0000,4030.8000,4033.4000,4033.6000,4034.4000,4035.0000,4036.6000,1,1,2,4,2,1,1,2,1,1
SF,IF2006,2020-02-19 14:16:28.900,4033.4000,24136,1,7522772460.000,1,1,0,双开,B,4032.6000,4032.4000,4031.2000,4031.0000,4030.8000,4033.6000,4034.4000,4035.0000,4036.6000,4037.6000,1,1,2,4,2,1,2,1,1,1
SF,IF2006,2020-02-19 14:16:32.400,4033.4000,24136,0,7522772460.000,0,-,-,-,-,4032.8000,4032.6000,4032.4000,4031.2000,4031.0000,4033.6000,4034.4000,4035.0000,4036.6000,4037.6000,1,1,1,2,4,1,2,1,1,1
SF,IF2006,2020-02-19 14:16:32.900,4033.0000,24138,2,7525192440.000,2,2,0,双开,B,4033.0000,4032.8000,4032.6000,4032.4000,4031.2000,4034.4000,4035.0000,4036.6000,4037.6000,4039.2000,1,3,2,1,2,2,1,1,1,2
SF,IF2006,2020-02-19 14:16:33.400,4033.0000,24138,0,7525192440.000,0,-,-,-,-,4032.8000,4032.6000,4032.4000,4031.2000,4031.0000,4034.4000,4035.0000,4036.6000,4037.6000,4039.2000,1,1,1,2,4,2,1,1,1,2
SF,IF2006,2020-02-19 14:16:33.900,4033.0000,24138,0,7525192440.000,0,-,-,-,-,4033.0000,4032.8000,4032.6000,4032.4000,4031.2000,4034.4000,4035.0000,4036.6000,4037.6000,4039.2000,1,1,1,1,2,2,1,1,1,2
SF,IF2006,2020-02-19 14:16:34.900,4033.0000,24138,0,7525192440.000,0,-,-,-,-,4033.2000,4033.0000,4032.8000,4032.6000,4032.4000,4034.4000,4035.0000,4036.6000,4037.6000,4039.2000,1,2,1,1,1,2,1,1,1,2
SF,IF2006,2020-02-19 14:16:36.400,4034.4000,24138,0,7526402760.000,1,0,1,空换,B,4033.4000,4033.2000,4033.0000,4032.8000,4032.6000,4034.4000,4035.0000,4036.6000,4037.6000,4039.2000,1,1,1,1,1,1,1,1,1,2
SF,IF2006,2020-02-19 14:16:37.900,4034.4000,24138,0,7526402760.000,0,-,-,-,-,4033.4000,4033.2000,4033.0000,4032.6000,4032.4000,4034.4000,4035.0000,4036.6000,4037.6000,4039.2000,1,1,1,1,1,1,1,1,1,2
SF,IF2006,2020-02-19 14:16:38.900,4034.4000,24138,0,7526402760.000,0,-,-,-,-,4033.4000,4033.0000,4032.6000,4032.4000,4031.2000,4034.4000,4035.0000,4036.6000,4037.6000,4039.2000,1,1,1,1,2,1,1,1,1,2
SF,IF2006,2020-02-19 14:16:39.900,4034.4000,24138,0,7526402760.000,0,-,-,-,-,4033.4000,4033.0000,4032.6000,4032.4000,4031.2000,4034.4000,4035.0000,4036.6000,4037.6000,4039.2000,1,1,1,1,2,3,1,1,1,2
SF,IF2006,2020-02-19 14:16:40.400,4034.4000,24138,0,7526402760.000,0,-,-,-,-,4033.6000,4033.4000,4033.0000,4032.4000,4031.2000,4034.2000,4034.4000,4035.0000,4036.6000,4037.6000,1,1,1,1,2,1,3,1,1,1
SF,IF2006,2020-02-19 14:16:40.900,4034.4000,24138,0,7526402760.000,0,-,-,-,-,4033.4000,4033.0000,4032.4000,4031.2000,4031.0000,4034.4000,4035.0000,4036.6000,4037.6000,4039.2000,1,1,1,2,4,3,1,1,1,2
SF,IF2006,2020-02-19 14:16:41.400,4034.4000,24138,0,7526402760.000,0,-,-,-,-,4033.8000,4033.4000,4033.0000,4032.4000,4031.2000,4034.4000,4035.0000,4036.6000,4037.6000,4039.2000,1,1,1,1,2,3,1,1,1,2
SF,IF2006,2020-02-19 14:16:41.900,4033.8000,24139,1,7527612900.000,1,1,0,双开,B,4033.4000,4033.0000,4032.4000,4031.2000,4031.0000,4034.4000,4035.0000,4036.6000,4037.6000,4039.2000,1,1,1,2,4,3,1,1,1,2
SF,IF2006,2020-02-19 14:16:42.900,4033.8000,24139,0,7527612900.000,0,-,-,-,-,4033.4000,4033.0000,4032.4000,4031.2000,4031.0000,4034.4000,4035.0000,4036.6000,4037.6000,4039.2000,1,1,1,2,1,3,1,1,1,2
SF,IF2006,2020-02-19 14:16:44.400,4033.8000,24139,0,7527612900.000,0,-,-,-,-,4033.4000,4033.0000,4031.2000,4031.0000,4030.8000,4034.4000,4035.0000,4036.6000,4037.6000,4039.2000,1,1,2,1,2,3,1,1,1,2
SF,IF2006,2020-02-19 14:16:46.400,4034.4000,24139,0,7531243860.000,3,1,2,空换,B,4033.4000,4033.0000,4031.2000,4031.0000,4030.8000,4035.0000,4036.6000,4037.6000,4039.2000,4039.8000,1,1,2,1,2,1,1,1,2,1
SF,IF2006,2020-02-19 14:16:46.900,4034.4000,24139,0,7531243860.000,0,-,-,-,-,4033.4000,4033.0000,4031.2000,4031.0000,4030.8000,4034.8000,4035.0000,4036.6000,4037.6000,4039.2000,1,1,2,1,2,2,1,1,1,2
SF,IF2006,2020-02-19 14:16:47.400,4034.4000,24139,0,7531243860.000,0,-,-,-,-,4034.4000,4033.6000,4033.4000,4033.0000,4031.2000,4034.8000,4035.0000,4036.6000,4037.6000,4039.2000,1,1,1,1,2,2,1,1,1,2
SF,IF2006,2020-02-19 14:16:47.900,4034.4000,24139,0,7532454180.000,1,0,1,空换,B,4033.6000,4033.4000,4033.0000,4031.2000,4031.0000,4034.2000,4034.8000,4035.0000,4036.6000,4037.6000,1,1,1,2,1,1,1,1,1,1
SF,IF2006,2020-02-19 14:16:48.400,4034.4000,24139,0,7532454180.000,0,-,-,-,-,4033.6000,4033.4000,4033.0000,4031.2000,4031.0000,4034.8000,4035.0000,4036.6000,4037.6000,4039.2000,1,1,1,2,1,1,1,1,1,2
SF,IF2006,2020-02-19 14:16:49.400,4034.4000,24139,0,7532454180.000,0,-,-,-,-,4033.8000,4033.0000,4031.2000,4031.0000,4030.8000,4034.4000,4034.8000,4035.0000,4036.6000,4037.6000,1,1,2,1,2,1,1,1,1,1
SF,IF2006,2020-02-19 14:16:49.900,4033.8000,24140,1,7533664320.000,1,1,0,双开,B,4033.0000,4031.2000,4031.0000,4030.8000,4030.4000,4034.4000,4034.8000,4035.0000,4036.6000,4037.6000,1,2,1,2,1,1,1,1,1,1
SF,IF2006,2020-02-19 14:16:50.400,4033.8000,24140,0,7533664320.000,0,-,-,-,-,4033.2000,4033.0000,4031.2000,4031.0000,4030.8000,4034.4000,4034.8000,4035.0000,4036.6000,4037.6000,1,1,2,1,2,1,1,1,1,1
SF,IF2006,2020-02-19 14:16:50.900,4033.8000,24140,0,7533664320.000,0,-,-,-,-,4033.2000,4033.0000,4031.2000,4031.0000,4030.8000,4034.2000,4034.4000,4034.8000,4035.0000,4036.6000,1,1,2,1,2,1,1,1,1,1
SF,IF2006,2020-02-19 14:16:51.900,4033.8000,24140,0,7533664320.000,0,-,-,-,-,4033.0000,4031.2000,4031.0000,4030.8000,4030.4000,4034.2000,4034.8000,4035.0000,4036.6000,4037.6000,1,2,1,2,1,1,1,1,1,1
SF,IF2006,2020-02-19 14:16:52.400,4033.8000,24140,0,7533664320.000,0,-,-,-,-,4033.0000,4031.2000,4031.0000,4030.8000,4030.4000,4034.0000,4034.2000,4034.8000,4035.0000,4036.6000,1,2,1,2,1,1,1,1,1,1
SF,IF2006,2020-02-19 14:16:52.900,4033.8000,24140,0,7533664320.000,0,-,-,-,-,4033.0000,4031.2000,4031.0000,4030.8000,4030.4000,4034.0000,4034.2000,4035.0000,4036.6000,4037.6000,1,2,1,2,1,1,1,1,1,1
SF,IF2006,2020-02-19 14:16:53.900,4033.8000,24140,0,7533664320.000,0,-,-,-,-,4033.0000,4031.2000,4031.0000,4030.8000,4030.4000,4034.0000,4034.2000,4035.0000,4036.6000,4037.6000,1,2,1,2,1,1,1,1,1,1
SF,IF2006,2020-02-19 14:16:54.400,4033.8000,24140,0,7533664320.000,0,-,-,-,-,4033.0000,4031.2000,4031.0000,4030.8000,4030.4000,4034.2000,4035.0000,4036.6000,4037.6000,4039.2000,1,2,1,2,1,1,1,1,1,2
SF,IF2006,2020-02-19 14:16:57.900,4033.8000,24140,0,7533664320.000,0,-,-,-,-,4033.0000,4031.2000,4031.0000,4030.8000,4030.4000,4034.0000,4034.2000,4035.0000,4036.6000,4037.6000,1,2,1,2,1,1,1,1,1,1
SF,IF2006,2020-02-19 14:16:59.400,4033.8000,24141,1,7534874460.000,1,1,0,双开,B,4033.0000,4031.2000,4031.0000,4030.8000,4030.4000,4034.0000,4035.0000,4036.6000,4037.6000,4039.2000,1,2,1,2,1,1,1,1,1,2
SF,IF2006,2020-02-19 14:17:00.400,4033.8000,24141,0,7534874460.000,0,-,-,-,-,4033.0000,4031.2000,4031.0000,4030.8000,4030.4000,4033.8000,4034.0000,4035.0000,4036.6000,4037.6000,1,2,1,2,1,1,1,1,1,1
SF,IF2006,2020-02-19 14:17:00.900,4033.0000,24141,0,7536084360.000,1,0,1,空换,B,4033.2000,4031.2000,4031.0000,4030.8000,4030.4000,4033.8000,4034.0000,4035.0000,4036.6000,4037.6000,1,2,1,2,1,1,1,1,1,1
SF,IF2006,2020-02-19 14:17:01.400,4033.6000,24140,-1,7538504400.000,2,0,2,空平,B,4031.2000,4031.0000,4030.8000,4030.4000,4030.0000,4033.6000,4033.8000,4034.0000,4035.0000,4036.6000,2,1,2,1,7,1,1,1,1,1
SF,IF2006,2020-02-19 14:17:01.900,4033.6000,24140,0,7538504400.000,0,-,-,-,-,4033.0000,4032.4000,4032.0000,4031.8000,4031.6000,4033.6000,4033.8000,4034.0000,4035.0000,4036.6000,3,4,1,2,1,1,1,1,1,1
SF,IF2006,2020-02-19 14:17:02.400,4033.0000,24143,3,7542134100.000,3,3,0,双开,B,4032.4000,4032.0000,4031.8000,4031.6000,4031.4000,4033.2000,4033.6000,4033.8000,4035.0000,4036.6000,4,1,2,1,5,1,1,1,1,1
SF,IF2006,2020-02-19 14:17:02.900,4033.0000,24143,0,7542134100.000,0,-,-,-,-,4032.0000,4031.8000,4031.6000,4031.4000,4031.2000,4033.2000,4033.6000,4033.8000,4035.0000,4036.6000,1,2,1,5,3,1,2,1,1,1
SF,IF2006,2020-02-19 14:17:03.400,4033.0000,24143,0,7542134100.000,0,-,-,-,-,4032.0000,4031.6000,4031.4000,4031.2000,4031.0000,4033.2000,4033.6000,4033.8000,4035.0000,4036.6000,1,1,4,2,1,1,2,1,1,1
SF,IF2006,2020-02-19 14:17:03.900,4033.0000,24143,0,7542134100.000,0,-,-,-,-,4031.6000,4031.4000,4031.2000,4031.0000,4030.8000,4033.0000,4033.2000,4033.6000,4033.8000,4035.0000,1,4,2,1,2,1,1,2,1,1
SF,IF2006,2020-02-19 14:17:04.400,4033.0000,24143,0,7542134100.000,0,-,-,-,-,4031.6000,4031.4000,4031.2000,4031.0000,4030.8000,4033.0000,4033.2000,4033.6000,4033.8000,4035.0000,1,4,2,1,2,1,1,1,1,1
SF,IF2006,2020-02-19 14:17:04.900,4033.0000,24143,0,7542134100.000,0,-,-,-,-,4031.8000,4031.6000,4031.4000,4031.2000,4031.0000,4032.6000,4033.0000,4033.2000,4035.0000,4036.6000,1,1,4,2,1,1,1,1,1,1
SF,IF2006,2020-02-19 14:17:05.400,4031.8000,24144,1,7543343640.000,1,1,0,双开,B,4031.4000,4031.2000,4031.0000,4030.8000,4030.4000,4032.6000,4033.0000,4033.2000,4035.0000,4036.6000,4,2,1,2,1,1,2,1,1,1
SF,IF2006,2020-02-19 14:17:05.900,4031.8000,24144,0,7543343640.000,0,-,-,-,-,4031.4000,4031.2000,4031.0000,4030.8000,4030.4000,4032.6000,4033.0000,4033.2000,4035.0000,4036.6000,4,2,1,2,1,1,1,1,1,1
SF,IF2006,2020-02-19 14:17:06.400,4031.8000,24144,0,7543343640.000,0,-,-,-,-,4031.4000,4031.2000,4031.0000,4030.8000,4030.4000,4032.6000,4033.0000,4033.2000,4035.0000,4036.6000,3,2,1,2,1,1,1,1,1,1
SF,IF2006,2020-02-19 14:17:06.900,4031.8000,24144,0,7543343640.000,0,-,-,-,-,4031.4000,4031.2000,4031.0000,4030.8000,4030.4000,4032.6000,4033.0000,4033.2000,4035.0000,4036.6000,1,1,1,2,1,1,1,1,1,1
SF,IF2006,2020-02-19 14:17:07.900,4031.8000,24144,0,7543343640.000,0,-,-,-,-,4031.0000,4030.8000,4030.4000,4030.0000,4029.8000,4032.6000,4033.0000,4033.2000,4035.0000,4036.6000,1,2,1,7,1,1,1,1,1,1
SF,IF2006,2020-02-19 14:17:08.400,4031.8000,24144,0,7543343640.000,0,-,-,-,-,4031.0000,4030.8000,4030.4000,4030.0000,4029.8000,4032.4000,4032.6000,4033.0000,4033.2000,4035.0000,1,2,1,7,1,1,1,1,1,1
SF,IF2006,2020-02-19 14:17:08.900,4031.0000,24144,0,7544552940.000,1,0,1,空换,B,4030.8000,4030.4000,4030.0000,4029.8000,4029.2000,4032.4000,4032.6000,4033.0000,4033.2000,4035.0000,2,1,7,1,1,1,1,1,1,1
SF,IF2006,2020-02-19 14:17:09.900,4031.0000,24144,0,7544552940.000,0,-,-,-,-,4030.8000,4030.4000,4030.0000,4029.8000,4029.2000,4032.4000,4032.6000,4033.0000,4033.2000,4033.4000,2,1,7,1,1,1,1,1,1,1
SF,IF2006,2020-02-19 14:17:10.400,4031.0000,24144,0,7544552940.000,0,-,-,-,-,4030.8000,4030.4000,4030.0000,4029.8000,4029.2000,4032.2000,4032.4000,4032.6000,4033.2000,4033.4000,2,1,7,1,1,1,1,1,1,1
SF,IF2006,2020-02-19 14:17:10.900,4032.0000,24145,1,7546972140.000,2,1,1,多开,B,4030.8000,4030.4000,4030.0000,4029.8000,4029.2000,4032.2000,4032.4000,4033.2000,4033.4000,4035.0000,2,1,7,1,1,1,1,1,1,1
SF,IF2006,2020-02-19 14:17:11.400,4032.0000,24145,0,7546972140.000,0,-,-,-,-,4030.8000,4030.4000,4030.0000,4029.8000,4029.2000,4031.6000,4032.2000,4032.4000,4033.2000,4033.4000,2,1,7,1,1,1,1,1,1,1
SF,IF2006,2020-02-19 14:17:12.900,4030.8000,24143,-2,7549390620.000,2,0,2,双平,B,4030.4000,4030.0000,4029.8000,4029.2000,4028.8000,4030.8000,4031.6000,4032.2000,4032.4000,4033.2000,1,7,1,1,1,1,1,1,1,1
SF,IF2006,2020-02-19 14:17:13.400,4030.4000,24144,1,7550599740.000,1,1,0,双开,B,4030.0000,4029.8000,4029.2000,4028.8000,4028.0000,4030.8000,4031.6000,4032.2000,4032.4000,4033.2000,7,1,1,1,3,1,1,1,1,1
SF,IF2006,2020-02-19 14:17:13.900,4030.0000,24145,1,7551808740.000,1,1,0,双开,B,4030.0000,4029.8000,4029.2000,4028.8000,4028.0000,4030.8000,4031.6000,4032.2000,4032.4000,4033.2000,6,1,1,1,3,1,1,1,1,1
SF,IF2006,2020-02-19 14:17:14.400,4030.0000,24146,1,7553017740.000,1,1,0,双开,B,4030.0000,4029.8000,4029.2000,4028.8000,4028.0000,4030.8000,4031.6000,4032.2000,4032.4000,4033.2000,5,1,1,1,3,1,1,1,1,1
SF,IF2006,2020-02-19 14:17:14.900,4030.0000,24146,0,7553017740.000,0,-,-,-,-,4030.0000,4029.8000,4029.2000,4028.8000,4028.0000,4031.6000,4032.2000,4032.4000,4033.2000,4033.4000,5,1,1,1,3,1,1,1,1,1
SF,IF2006,2020-02-19 14:17:15.400,4030.0000,24146,0,7554226740.000,1,0,1,空换,B,4030.0000,4029.8000,4029.2000,4028.8000,4028.0000,4031.0000,4031.2000,4031.4000,4031.6000,4032.2000,4,1,1,1,3,5,5,6,3,1
SF,IF2006,2020-02-19 14:17:15.900,4030.0000,24148,2,7556644740.000,2,2,0,双开,B,4030.0000,4029.8000,4029.2000,4028.8000,4028.0000,4031.0000,4031.2000,4031.4000,4031.6000,4032.2000,2,1,1,1,3,5,5,6,2,1
SF,IF2006,2020-02-19 14:17:16.400,4030.0000,24148,0,7556644740.000,0,-,-,-,-,4030.0000,4029.8000,4029.2000,4028.8000,4028.0000,4030.2000,4030.8000,4031.0000,4031.2000,4031.4000,2,1,1,1,3,1,5,5,5,6
SF,IF2006,2020-02-19 14:17:16.900,4030.0000,24148,0,7556644740.000,0,-,-,-,-,4030.0000,4029.8000,4029.2000,4028.8000,4028.0000,4030.2000,4030.8000,4031.0000,4031.2000,4031.4000,2,1,1,1,3,1,5,5,5,1
SF,IF2006,2020-02-19 14:17:17.400,4030.8000,24150,2,7562690100.000,5,3,2,多开,B,4029.8000,4029.2000,4028.8000,4028.0000,4027.8000,4030.8000,4031.0000,4031.2000,4031.4000,4031.6000,1,1,1,3,1,4,5,5,1,2
SF,IF2006,2020-02-19 14:17:17.900,4029.8000,24150,0,7563899040.000,1,0,1,空换,B,4029.2000,4028.8000,4028.0000,4027.8000,4027.2000,4030.6000,4030.8000,4031.0000,4031.2000,4031.6000,1,1,3,1,4,7,4,5,5,2
SF,IF2006,2020-02-19 14:17:18.400,4029.8000,24150,0,7563899040.000,0,-,-,-,-,4029.2000,4028.8000,4028.0000,4027.8000,4027.2000,4030.6000,4030.8000,4031.0000,4031.2000,4032.0000,1,1,3,1,4,7,4,5,5,1
SF,IF2006,2020-02-19 14:17:18.900,4029.2000,24149,-1,7565107800.000,1,0,1,双平,B,4028.8000,4028.0000,4027.8000,4027.2000,4026.8000,4030.4000,4030.6000,4030.8000,4031.0000,4031.2000,1,3,1,4,1,1,7,4,5,5
SF,IF2006,2020-02-19 14:17:19.400,4029.2000,24149,0,7565107800.000,0,-,-,-,-,4029.0000,4028.8000,4028.0000,4027.8000,4027.2000,4029.2000,4029.6000,4030.0000,4030.4000,4030.6000,1,1,3,1,4,1,5,5,1,7
SF,IF2006,2020-02-19 14:17:19.900,4029.6000,24151,2,7568734320.000,3,2,1,多开,B,4028.8000,4028.0000,4027.8000,4027.2000,4026.8000,4030.4000,4030.6000,4032.0000,4033.2000,4033.4000,1,3,1,4,1,1,2,1,1,1
SF,IF2006,2020-02-19 14:17:20.400,4029.6000,24151,0,7568734320.000,0,-,-,-,-,4028.8000,4028.0000,4027.8000,4027.2000,4026.8000,4030.2000,4030.4000,4030.6000,4032.0000,4033.2000,1,3,1,4,1,6,1,1,1,1
SF,IF2006,2020-02-19 14:17:20.900,4029.6000,24151,0,7568734320.000,0,-,-,-,-,4028.8000,4028.0000,4027.8000,4027.2000,4026.8000,4029.4000,4029.8000,4030.0000,4030.2000,4030.4000,1,3,1,4,1,5,5,1,1,1
SF,IF2006,2020-02-19 14:17:21.400,4029.4000,24152,1,7569943140.000,1,1,0,双开,B,4028.8000,4028.0000,4027.8000,4027.2000,4026.8000,4030.2000,4030.4000,4030.6000,4032.0000,4033.2000,1,3,1,4,1,1,1,1,1,1
SF,IF2006,2020-02-19 14:17:21.900,4028.8000,24153,1,7571151780.000,1,1,0,双开,B,4028.0000,4027.8000,4027.2000,4026.8000,4026.6000,4030.2000,4030.4000,4030.6000,4032.0000,4033.2000,3,1,4,1,4,1,1,1,1,1
SF,IF2006,2020-02-19 14:17:22.400,4029.0000,24153,0,7578403980.000,6,3,3,空换,B,4029.0000,4028.2000,4028.0000,4027.8000,4027.2000,4029.4000,4030.0000,4030.2000,4030.4000,4030.6000,14,1,3,1,4,3,6,1,1,1
SF,IF2006,2020-02-19 14:17:22.900,4029.0000,24154,1,7585656420.000,6,3,3,多开,B,4029.0000,4028.2000,4028.0000,4027.8000,4027.2000,4030.0000,4030.2000,4030.4000,4030.6000,4032.0000,10,1,3,1,4,3,2,1,1,1
SF,IF2006,2020-02-19 14:17:23.400,4029.0000,24154,0,7585656420.000,0,-,-,-,-,4029.0000,4028.2000,4028.0000,4027.8000,4027.2000,4030.0000,4030.2000,4030.6000,4032.0000,4033.2000,10,1,3,1,4,2,3,1,1,1
SF,IF2006,2020-02-19 14:17:23.900,4029.0000,24154,0,7585656420.000,0,-,-,-,-,4029.0000,4028.2000,4028.0000,4027.8000,4027.2000,4030.0000,4030.2000,4030.6000,4032.0000,4033.2000,10,1,3,1,4,1,3,1,1,1
SF,IF2006,2020-02-19 14:17:24.400,4029.0000,24154,0,7585656420.000,0,-,-,-,-,4029.0000,4028.2000,4028.0000,4027.8000,4027.2000,4029.6000,4030.0000,4030.2000,4030.6000,4032.0000,10,1,3,1,4,5,1,3,1,1
SF,IF2006,2020-02-19 14:17:24.900,4029.0000,24154,0,7585656420.000,0,-,-,-,-,4029.0000,4028.2000,4028.0000,4027.8000,4027.2000,4030.0000,4030.2000,4030.6000,4032.0000,4033.2000,10,1,3,1,4,2,2,1,1,1
SF,IF2006,2020-02-19 14:17:25.900,4029.0000,24154,0,7585656420.000,0,-,-,-,-,4029.0000,4028.2000,4028.0000,4027.8000,4027.2000,4030.0000,4030.2000,4030.6000,4032.0000,4033.2000,10,1,3,1,4,2,1,1,1,1
SF,IF2006,2020-02-19 14:17:26.900,4029.0000,24151,-3,7589282520.000,3,0,3,双平,B,4029.0000,4028.2000,4028.0000,4027.8000,4027.2000,4030.0000,4030.2000,4030.6000,4032.0000,4033.2000,7,1,3,1,4,2,1,1,1,1
SF,IF2006,2020-02-19 14:17:27.400,4029.0000,24151,0,7589282520.000,0,-,-,-,-,4029.0000,4028.2000,4028.0000,4027.8000,4027.2000,4030.0000,4030.2000,4030.6000,4032.0000,4033.2000,7,1,3,1,4,2,2,1,1,1
SF,IF2006,2020-02-19 14:17:27.900,4029.0000,24150,-1,7590491220.000,1,0,1,双平,B,4029.0000,4028.2000,4028.0000,4027.8000,4027.2000,4030.0000,4030.2000,4030.6000,4032.0000,4033.2000,6,1,3,1,4,2,2,1,1,1
SF,IF2006,2020-02-19 14:17:28.400,4029.0000,24150,0,7590491220.000,0,-,-,-,-,4029.0000,4028.2000,4028.0000,4027.8000,4027.2000,4029.8000,4030.0000,4030.2000,4032.0000,4033.2000,6,1,3,1,4,1,2,2,1,1
SF,IF2006,2020-02-19 14:17:28.900,4029.0000,24150,0,7591699920.000,1,0,1,空换,B,4029.0000,4028.2000,4028.0000,4027.8000,4027.2000,4029.8000,4030.0000,4030.2000,4030.8000,4032.0000,5,1,3,1,4,1,3,2,1,1
SF,IF2006,2020-02-19 14:17:29.400,4029.0000,24150,0,7591699920.000,0,-,-,-,-,4029.0000,4028.2000,4028.0000,4027.8000,4027.2000,4029.8000,4030.0000,4030.2000,4030.8000,4032.0000,5,1,3,1,4,1,3,1,1,1
SF,IF2006,2020-02-19 14:17:29.900,4029.0000,24150,0,7591699920.000,0,-,-,-,-,4029.0000,4028.2000,4028.0000,4027.8000,4027.2000,4029.8000,4030.0000,4030.2000,4030.8000,4032.0000,5,1,3,1,4,1,3,1,1,1
SF,IF2006,2020-02-19 14:17:30.400,4029.0000,24147,-3,7597743600.000,5,1,4,空平,B,4029.0000,4028.2000,4028.0000,4027.8000,4027.2000,4029.6000,4029.8000,4030.0000,4030.2000,4030.8000,1,1,3,1,4,1,1,3,1,1
SF,IF2006,2020-02-19 14:17:30.900,4029.0000,24146,-1,7598952300.000,1,0,1,双平,B,4028.2000,4028.0000,4027.8000,4027.2000,4026.8000,4029.6000,4029.8000,4030.0000,4030.2000,4030.8000,1,4,1,4,1,1,1,3,1,1
SF,IF2006,2020-02-19 14:17:31.900,4029.0000,24146,0,7598952300.000,0,-,-,-,-,4028.2000,4028.0000,4027.8000,4027.2000,4026.8000,4029.0000,4029.6000,4029.8000,4030.0000,4030.2000,1,4,1,4,1,3,1,1,3,1
SF,IF2006,2020-02-19 14:17:32.400,4029.0000,24146,0,7598952300.000,0,-,-,-,-,4028.0000,4027.8000,4027.2000,4026.8000,4026.6000,4029.0000,4029.4000,4029.6000,4030.0000,4030.2000,4,1,4,1,4,3,1,1,3,1
SF,IF2006,2020-02-19 14:17:32.900,4029.0000,24146,0,7598952300.000,0,-,-,-,-,4028.0000,4027.8000,4027.2000,4026.8000,4026.6000,4029.0000,4029.4000,4029.6000,4030.0000,4030.2000,5,1,4,1,4,3,1,1,3,1
SF,IF2006,2020-02-19 14:17:33.400,4029.0000,24146,0,7598952300.000,0,-,-,-,-,4028.0000,4027.8000,4027.2000,4026.8000,4026.6000,4028.8000,4029.0000,4029.4000,4029.6000,4030.0000,5,1,4,1,4,5,3,1,1,3
SF,IF2006,2020-02-19 14:17:33.900,4029.0000,24146,0,7598952300.000,0,-,-,-,-,4028.0000,4027.8000,4027.2000,4026.8000,4026.6000,4028.8000,4029.0000,4029.6000,4030.0000,4030.2000,5,1,4,1,4,5,3,1,3,1
SF,IF2006,2020-02-19 14:17:34.400,4028.0000,24146,0,7600160700.000,1,0,1,空换,B,4028.0000,4027.8000,4027.2000,4026.8000,4026.6000,4028.6000,4028.8000,4029.0000,4029.6000,4030.0000,4,1,4,1,4,3,5,3,1,3
SF,IF2006,2020-02-19 14:17:34.900,4028.0000,24147,1,7603786020.000,3,2,1,多开,B,4028.0000,4027.8000,4027.2000,4026.8000,4026.6000,4028.4000,4028.6000,4028.8000,4029.0000,4029.6000,2,1,4,1,4,5,3,5,3,1
SF,IF2006,2020-02-19 14:17:35.400,4028.0000,24147,0,7603786020.000,0,-,-,-,-,4028.0000,4027.8000,4027.2000,4026.8000,4026.6000,4028.6000,4028.8000,4029.0000,4029.6000,4030.0000,2,1,4,1,4,3,5,3,1,3
SF,IF2006,2020-02-19 14:17:35.900,4028.6000,24148,1,7604994600.000,1,1,0,双开,B,4028.0000,4027.8000,4027.2000,4026.8000,4026.6000,4028.6000,4028.8000,4029.0000,4029.6000,4030.0000,2,1,4,1,4,2,5,3,1,3
SF,IF2006,2020-02-19 14:17:36.400,4028.2000,24149,1,7606203060.000,1,1,0,双开,B,4028.0000,4027.8000,4027.2000,4026.8000,4026.6000,4029.0000,4029.6000,4030.0000,4030.2000,4030.8000,2,1,4,1,4,3,1,3,1,1
SF,IF2006,2020-02-19 14:17:36.900,4028.2000,24149,0,7606203060.000,0,-,-,-,-,4028.0000,4027.8000,4027.2000,4026.8000,4026.6000,4028.8000,4029.0000,4029.6000,4030.0000,4030.2000,2,1,4,1,4,5,3,1,3,1
SF,IF2006,2020-02-19 14:17:37.400,4028.8000,24149,0,7612246260.000,5,2,3,空换,B,4028.0000,4027.8000,4027.2000,4026.8000,4026.6000,4029.0000,4029.6000,4030.0000,4030.2000,4030.8000,2,1,4,1,4,3,1,3,1,1
SF,IF2006,2020-02-19 14:17:38.900,4028.0000,24150,1,7613454660.000,1,1,0,双开,B,4028.0000,4027.8000,4027.2000,4026.8000,4026.6000,4029.0000,4029.6000,4030.0000,4030.2000,4030.8000,1,1,4,1,4,3,1,3,1,1
SF,IF2006,2020-02-19 14:17:39.900,4028.0000,24150,0,7613454660.000,0,-,-,-,-,4028.0000,4027.8000,4027.2000,4026.8000,4026.6000,4028.8000,4029.0000,4030.0000,4030.2000,4030.8000,2,1,4,1,4,5,3,3,1,1
SF,IF2006,2020-02-19 14:17:40.400,4028.0000,24150,0,7613454660.000,0,-,-,-,-,4028.0000,4027.8000,4027.2000,4026.8000,4026.6000,4029.0000,4030.0000,4030.2000,4030.8000,4033.2000,2,1,4,1,4,3,3,1,1,1
SF,IF2006,2020-02-19 14:17:42.400,4028.0000,24150,0,7613454660.000,0,-,-,-,-,4028.0000,4027.8000,4027.2000,4026.8000,4026.6000,4029.0000,4030.0000,4030.2000,4030.8000,4033.2000,2,1,4,1,5,3,3,1,1,1
SF,IF2006,2020-02-19 14:17:42.900,4028.0000,24150,0,7613454660.000,0,-,-,-,-,4028.2000,4028.0000,4027.8000,4027.2000,4026.8000,4029.0000,4030.0000,4030.2000,4030.8000,4033.2000,1,2,1,4,1,3,3,1,1,1
SF,IF2006,2020-02-19 14:17:43.400,4028.0000,24150,0,7613454660.000,0,-,-,-,-,4028.2000,4028.0000,4027.8000,4027.2000,4026.8000,4028.8000,4029.0000,4030.0000,4030.2000,4030.8000,1,2,1,4,1,1,3,3,1,1
SF,IF2006,2020-02-19 14:17:45.400,4028.0000,24150,0,7613454660.000,0,-,-,-,-,4028.2000,4028.0000,4027.8000,4027.2000,4026.8000,4028.4000,4028.8000,4029.0000,4030.0000,4030.2000,1,2,1,4,1,5,1,4,3,1
SF,IF2006,2020-02-19 14:17:45.900,4028.2000,24152,2,7615871580.000,2,2,0,双开,B,4028.4000,4028.0000,4027.8000,4027.2000,4026.8000,4028.8000,4029.0000,4030.0000,4030.2000,4030.8000,1,2,1,4,1,1,3,3,1,1
SF,IF2006,2020-02-19 14:17:46.400,4028.4000,24154,2,7618288620.000,2,2,0,双开,B,4028.0000,4027.8000,4027.2000,4026.8000,4026.6000,4028.8000,4029.0000,4030.0000,4030.2000,4030.8000,2,1,4,1,5,1,3,3,1,1
SF,IF2006,2020-02-19 14:17:46.900,4028.8000,24154,0,7619497260.000,1,0,1,空换,B,4028.8000,4028.0000,4027.8000,4027.2000,4026.8000,4029.0000,4030.0000,4030.2000,4030.8000,4033.2000,5,2,1,4,1,3,3,1,1,1
SF,IF2006,2020-02-19 14:17:47.400,4028.8000,24159,5,7625540460.000,5,5,0,双开,B,4028.0000,4027.8000,4027.2000,4026.8000,4026.6000,4028.4000,4028.8000,4029.0000,4030.0000,4030.2000,2,1,4,1,5,1,6,3,3,1
SF,IF2006,2020-02-19 14:17:47.900,4028.8000,24159,0,7625540460.000,0,-,-,-,-,4028.2000,4028.0000,4027.8000,4027.2000,4026.8000,4028.4000,4028.8000,4029.0000,4029.2000,4030.0000,1,2,1,4,1,1,6,3,1,3
SF,IF2006,2020-02-19 14:17:48.400,4028.2000,24159,0,7626748920.000,1,0,1,空换,B,4028.0000,4027.8000,4027.2000,4026.8000,4026.6000,4028.2000,4028.4000,4028.8000,4029.0000,4030.0000,2,1,4,1,5,3,1,6,3,3
SF,IF2006,2020-02-19 14:17:48.900,4028.2000,24159,0,7627957380.000,1,0,1,空换,B,4028.0000,4027.8000,4027.2000,4026.8000,4026.6000,4028.2000,4028.4000,4028.6000,4028.8000,4029.0000,2,1,4,1,5,2,1,1,5,3
SF,IF2006,2020-02-19 14:17:49.400,4028.0000,24159,0,7629165780.000,1,0,1,空换,B,4028.0000,4027.8000,4027.2000,4026.8000,4026.6000,4028.2000,4028.4000,4028.6000,4028.8000,4029.0000,1,1,4,1,5,2,1,1,5,3
SF,IF2006,2020-02-19 14:17:49.900,4027.8000,24161,2,7632790920.000,3,2,1,多开,B,4027.2000,4026.8000,4026.6000,4026.4000,4026.0000,4028.0000,4028.2000,4028.4000,4028.8000,4029.0000,4,1,5,1,1,3,2,1,5,3
SF,IF2006,2020-02-19 14:17:50.400,4027.8000,24161,0,7632790920.000,0,-,-,-,-,4027.2000,4026.8000,4026.6000,4026.4000,4026.0000,4027.8000,4028.0000,4028.2000,4028.4000,4028.8000,4,1,5,1,1,6,4,2,1,5
SF,IF2006,2020-02-19 14:17:50.900,4027.8000,24161,0,7632790920.000,0,-,-,-,-,4027.2000,4026.8000,4026.6000,4026.4000,4026.0000,4027.6000,4027.8000,4028.0000,4028.2000,4028.4000,4,1,5,1,1,1,5,3,2,1
SF,IF2006,2020-02-19 14:17:51.400,4027.2000,24161,0,7633999080.000,1,0,1,空换,B,4027.2000,4026.8000,4026.6000,4026.4000,4026.0000,4027.6000,4027.8000,4028.0000,4028.2000,4028.4000,3,1,5,1,1,1,6,3,2,1
SF,IF2006,2020-02-19 14:17:51.900,4027.2000,24161,0,7633999080.000,0,-,-,-,-,4027.2000,4026.8000,4026.6000,4026.4000,4026.0000,4027.6000,4027.8000,4028.0000,4028.2000,4028.4000,3,1,5,1,1,1,5,3,2,1
SF,IF2006,2020-02-19 14:17:52.400,4027.2000,24161,0,7633999080.000,0,-,-,-,-,4027.2000,4026.8000,4026.6000,4026.4000,4026.0000,4027.6000,4027.8000,4028.0000,4028.2000,4028.4000,3,1,5,1,1,2,5,3,2,1
SF,IF2006,2020-02-19 14:17:52.900,4027.2000,24161,0,7635207240.000,1,0,1,空换,B,4027.2000,4026.8000,4026.6000,4026.4000,4026.0000,4027.4000,4027.6000,4027.8000,4028.0000,4028.2000,2,1,5,1,1,6,1,5,3,2
SF,IF2006,2020-02-19 14:17:53.400,4027.2000,24161,0,7637623560.000,2,1,1,空换,B,4026.8000,4026.6000,4026.4000,4026.0000,4025.8000,4027.0000,4027.2000,4027.4000,4027.8000,4028.0000,1,5,1,1,1,5,1,6,5,3
SF,IF2006,2020-02-19 14:17:53.900,4026.8000,24162,1,7638831600.000,1,1,0,双开,B,4026.6000,4026.4000,4026.0000,4025.8000,4025.6000,4026.8000,4027.2000,4027.4000,4027.8000,4028.0000,5,1,1,1,2,1,1,1,5,3
SF,IF2006,2020-02-19 14:17:54.400,4026.8000,24162,0,7640039640.000,1,0,1,空换,B,4026.8000,4026.6000,4026.4000,4026.0000,4025.8000,4027.2000,4027.4000,4027.8000,4028.4000,4030.0000,9,5,1,1,1,1,1,5,1,4
SF,IF2006,2020-02-19 14:17:54.900,4026.6000,24153,-9,7652119980.000,10,0,10,空平,B,4026.6000,4026.4000,4026.0000,4025.8000,4025.6000,4027.0000,4027.2000,4027.8000,4028.4000,4030.0000,4,1,1,1,2,8,1,5,1,4
SF,IF2006,2020-02-19 14:17:55.400,4026.6000,24156,3,7656951900.000,4,3,1,多开,B,4026.4000,4026.0000,4025.8000,4025.6000,4025.2000,4026.6000,4026.8000,4027.0000,4027.2000,4027.8000,1,1,1,2,1,2,6,8,1,5
SF,IF2006,2020-02-19 14:17:55.900,4026.6000,24156,0,7660575780.000,3,1,2,空换,B,4026.0000,4025.8000,4025.6000,4025.2000,4025.0000,4026.4000,4026.8000,4027.0000,4027.2000,4028.4000,1,1,2,1,52,3,5,5,1,1
SF,IF2006,2020-02-19 14:17:56.400,4026.4000,24158,2,7664199540.000,3,2,1,多开,B,4026.6000,4026.4000,4026.0000,4025.8000,4025.6000,4026.8000,4027.0000,4027.2000,4028.4000,4030.0000,2,1,1,1,2,5,5,1,1,4
SF,IF2006,2020-02-19 14:17:56.900,4026.8000,24159,1,7671447660.000,6,3,3,多开,B,4026.0000,4025.8000,4025.6000,4025.2000,4025.0000,4026.4000,4026.6000,4026.8000,4027.0000,4027.2000,1,1,2,2,52,4,1,2,5,1
SF,IF2006,2020-02-19 14:17:57.400,4026.6000,24160,1,7677487320.000,5,3,2,多开,B,4026.6000,4026.0000,4025.8000,4025.6000,4025.2000,4026.8000,4027.0000,4027.2000,4028.4000,4030.0000,2,1,1,2,2,2,5,1,1,4
SF,IF2006,2020-02-19 14:17:57.900,4026.6000,24164,4,7683527340.000,5,4,1,多开,B,4026.0000,4025.8000,4025.6000,4025.2000,4025.0000,4027.0000,4027.2000,4028.4000,4030.0000,4030.8000,1,1,2,2,52,5,1,1,4,1
SF,IF2006,2020-02-19 14:17:58.400,4026.6000,24164,0,7683527340.000,0,-,-,-,-,4026.0000,4025.8000,4025.6000,4025.2000,4025.0000,4026.8000,4027.0000,4027.2000,4028.4000,4030.0000,1,1,2,2,52,5,5,1,1,4
SF,IF2006,2020-02-19 14:17:58.900,4026.6000,24164,0,7683527340.000,0,-,-,-,-,4026.0000,4025.8000,4025.6000,4025.2000,4025.0000,4026.6000,4026.8000,4027.0000,4027.2000,4028.4000,1,1,2,2,52,2,5,5,1,1
SF,IF2006,2020-02-19 14:17:59.400,4026.6000,24164,0,7683527340.000,0,-,-,-,-,4026.0000,4025.8000,4025.6000,4025.2000,4025.0000,4026.6000,4026.8000,4027.0000,4027.2000,4028.4000,1,1,2,2,52,2,5,5,1,1
SF,IF2006,2020-02-19 14:18:00.900,4026.0000,24164,0,7685942940.000,2,1,1,空换,B,4025.8000,4025.6000,4025.2000,4025.0000,4024.2000,4026.0000,4026.4000,4026.6000,4026.8000,4027.0000,1,2,2,52,1,1,5,2,5,5
SF,IF2006,2020-02-19 14:18:01.400,4025.8000,24165,1,7688358420.000,2,1,1,多开,B,4025.6000,4025.2000,4025.0000,4024.2000,4023.8000,4026.0000,4026.4000,4026.6000,4026.8000,4027.0000,2,2,52,1,1,1,5,2,5,5
SF,IF2006,2020-02-19 14:18:01.900,4025.6000,24166,1,7689566100.000,1,1,0,双开,B,4025.8000,4025.6000,4025.2000,4025.0000,4024.2000,4026.0000,4026.4000,4026.6000,4026.8000,4027.0000,1,1,2,52,1,1,5,2,5,5
SF,IF2006,2020-02-19 14:18:02.400,4025.6000,24168,2,7694397000.000,4,3,1,多开,B,4025.2000,4025.0000,4024.2000,4023.8000,4023.2000,4025.6000,4026.4000,4026.6000,4026.8000,4027.0000,2,52,1,1,1,2,5,2,5,5
SF,IF2006,2020-02-19 14:18:02.900,4025.6000,24168,0,7694397000.000,0,-,-,-,-,4025.2000,4025.0000,4024.2000,4023.8000,4023.2000,4026.0000,4026.4000,4026.6000,4027.2000,4028.4000,2,52,1,1,1,2,5,2,1,1
SF,IF2006,2020-02-19 14:18:03.400,4026.0000,24169,1,7696812600.000,2,1,1,多开,B,4026.0000,4025.2000,4025.0000,4024.2000,4023.8000,4026.4000,4026.6000,4027.2000,4028.4000,4030.0000,8,3,52,1,1,5,2,1,1,4
SF,IF2006,2020-02-19 14:18:03.900,4026.0000,24169,0,7696812600.000,0,-,-,-,-,4026.0000,4025.2000,4025.0000,4024.2000,4023.8000,4026.2000,4027.2000,4028.4000,4030.0000,4030.8000,8,3,52,1,1,3,1,1,4,1
SF,IF2006,2020-02-19 14:18:04.400,4026.0000,24169,0,7696812600.000,0,-,-,-,-,4026.4000,4026.0000,4025.8000,4025.6000,4025.2000,4027.2000,4028.4000,4030.0000,4030.8000,4033.2000,1,8,1,1,3,1,1,4,1,1
SF,IF2006,2020-02-19 14:18:04.900,4026.4000,24169,0,7698020520.000,1,0,1,空换,B,4026.0000,4025.8000,4025.6000,4025.2000,4025.0000,4026.6000,4027.0000,4027.2000,4028.4000,4030.0000,8,1,1,3,52,5,6,1,1,4
SF,IF2006,2020-02-19 14:18:05.400,4026.6000,24172,3,7701644460.000,3,3,0,双开,B,4026.0000,4025.8000,4025.6000,4025.2000,4025.0000,4026.4000,4026.6000,4027.0000,4027.2000,4028.4000,8,1,1,3,52,5,2,6,2,1
SF,IF2006,2020-02-19 14:18:05.900,4026.4000,24174,2,7704060300.000,2,2,0,双开,B,4026.0000,4025.8000,4025.6000,4025.2000,4025.0000,4026.6000,4027.0000,4027.2000,4028.4000,4030.0000,8,1,1,3,52,2,5,2,1,4
SF,IF2006,2020-02-19 14:18:06.400,4026.4000,24174,0,7704060300.000,0,-,-,-,-,4026.4000,4026.0000,4025.8000,4025.6000,4025.2000,4027.2000,4028.4000,4030.0000,4030.8000,4033.2000,2,8,2,1,3,1,1,4,1,1
SF,IF2006,2020-02-19 14:18:06.900,4026.4000,24174,0,7704060300.000,0,-,-,-,-,4026.4000,4026.0000,4025.8000,4025.6000,4025.2000,4026.8000,4028.4000,4030.0000,4030.8000,4033.2000,2,8,2,1,3,5,1,4,1,1
SF,IF2006,2020-02-19 14:18:07.400,4026.8000,24176,2,7706476380.000,2,2,0,双开,B,4026.4000,4026.0000,4025.8000,4025.6000,4025.2000,4026.6000,4028.4000,4030.0000,4030.8000,4033.2000,2,8,2,1,3,5,1,4,1,1
SF,IF2006,2020-02-19 14:18:07.900,4026.4000,24180,4,7717348080.000,9,6,3,多开,B,4026.0000,4025.8000,4025.6000,4025.2000,4025.0000,4028.4000,4030.0000,4030.8000,4033.2000,4033.4000,8,2,1,3,52,1,4,1,1,1
SF,IF2006,2020-02-19 14:18:08.400,4026.0000,24182,2,7720971600.000,3,2,1,多开,B,4026.0000,4025.8000,4025.6000,4025.2000,4025.0000,4027.4000,4027.6000,4028.0000,4028.2000,4028.4000,7,2,1,3,52,5,5,2,5,3
SF,IF2006,2020-02-19 14:18:08.900,4026.0000,24182,0,7720971600.000,0,-,-,-,-,4026.0000,4025.8000,4025.6000,4025.2000,4025.0000,4027.4000,4027.6000,4028.0000,4028.2000,4028.4000,7,2,1,3,52,5,6,1,5,3
SF,IF2006,2020-02-19 14:18:09.400,4027.4000,24183,1,7722179820.000,1,1,0,双开,B,4026.6000,4026.0000,4025.8000,4025.6000,4025.2000,4027.6000,4028.0000,4028.2000,4028.4000,4030.0000,2,7,2,1,3,5,1,5,3,4
SF,IF2006,2020-02-19 14:18:09.900,4027.4000,24183,0,7722179820.000,0,-,-,-,-,4026.6000,4026.0000,4025.8000,4025.6000,4025.2000,4028.0000,4028.2000,4028.4000,4030.0000,4030.8000,2,7,2,1,4,1,5,1,4,1
SF,IF2006,2020-02-19 14:18:10.400,4027.4000,24183,0,7722179820.000,0,-,-,-,-,4027.0000,4026.6000,4026.4000,4026.0000,4025.8000,4028.2000,4028.4000,4030.0000,4030.8000,4033.2000,1,2,1,7,3,4,1,4,1,1
SF,IF2006,2020-02-19 14:18:10.900,4027.4000,24183,0,7722179820.000,0,-,-,-,-,4027.0000,4026.8000,4026.6000,4026.4000,4026.0000,4028.2000,4028.4000,4030.0000,4030.8000,4033.2000,2,1,2,1,7,1,1,4,1,1
SF,IF2006,2020-02-19 14:18:11.400,4027.4000,24183,0,7722179820.000,0,-,-,-,-,4027.4000,4027.0000,4026.8000,4026.6000,4026.4000,4028.2000,4028.4000,4030.0000,4030.8000,4033.2000,2,2,1,2,1,1,2,4,1,1
SF,IF2006,2020-02-19 14:18:11.900,4027.4000,24183,0,7722179820.000,0,-,-,-,-,4027.4000,4027.0000,4026.8000,4026.6000,4026.4000,4028.2000,4028.4000,4030.0000,4030.8000,4033.2000,2,2,1,2,1,1,1,4,1,1
SF,IF2006,2020-02-19 14:18:12.400,4027.4000,24183,0,7722179820.000,0,-,-,-,-,4027.0000,4026.8000,4026.6000,4026.2000,4025.8000,4028.4000,4030.0000,4030.8000,4033.2000,4033.4000,2,1,2,2,2,1,4,1,1,1
SF,IF2006,2020-02-19 14:18:12.900,4027.4000,24183,0,7722179820.000,0,-,-,-,-,4028.2000,4027.4000,4027.0000,4026.8000,4026.6000,4028.4000,4030.0000,4030.8000,4033.2000,4033.4000,1,3,2,1,2,1,4,1,1,1
SF,IF2006,2020-02-19 14:18:13.400,4028.2000,24183,0,7723388280.000,1,0,1,空换,B,4027.4000,4027.0000,4026.8000,4026.6000,4026.2000,4028.4000,4028.8000,4030.0000,4030.8000,4033.2000,1,1,1,2,2,1,2,4,1,1
SF,IF2006,2020-02-19 14:18:13.900,4028.2000,24183,0,7723388280.000,0,-,-,-,-,4027.4000,4027.2000,4027.0000,4026.8000,4026.6000,4028.4000,4028.8000,4030.0000,4030.8000,4033.2000,1,1,1,1,2,1,2,4,1,1
SF,IF2006,2020-02-19 14:18:14.400,4028.2000,24183,0,7723388280.000,0,-,-,-,-,4027.8000,4027.4000,4027.2000,4027.0000,4026.8000,4028.4000,4028.8000,4030.0000,4030.8000,4033.2000,2,1,1,1,1,1,2,4,1,1
SF,IF2006,2020-02-19 14:18:14.900,4028.4000,24183,0,7725805320.000,2,1,1,空换,B,4027.8000,4027.6000,4027.4000,4027.2000,4027.0000,4028.8000,4030.0000,4030.8000,4033.2000,4033.4000,2,1,1,1,1,2,4,1,1,1
SF,IF2006,2020-02-19 14:18:15.400,4027.6000,24182,-1,7729430280.000,3,1,2,空平,B,4027.4000,4027.2000,4027.0000,4026.6000,4026.2000,4027.8000,4028.8000,4030.0000,4030.8000,4033.2000,1,1,1,2,2,4,2,4,1,1
SF,IF2006,2020-02-19 14:18:15.900,4027.4000,24177,-5,7739096640.000,8,1,7,空平,B,4027.2000,4027.0000,4026.6000,4026.2000,4025.8000,4027.4000,4028.8000,4030.0000,4030.8000,4033.2000,1,1,2,2,2,1,2,4,1,1
SF,IF2006,2020-02-19 14:18:16.400,4027.4000,24182,5,7746345960.000,6,5,1,多开,B,4027.6000,4027.4000,4027.0000,4026.6000,4026.2000,4028.8000,4030.0000,4030.8000,4033.2000,4033.4000,1,5,1,2,2,2,4,1,1,1
SF,IF2006,2020-02-19 14:18:16.900,4028.8000,24180,-2,7748763240.000,2,0,2,双平,B,4027.4000,4027.0000,4026.6000,4026.2000,4025.8000,4030.0000,4030.8000,4033.2000,4033.4000,4035.0000,5,2,2,2,2,4,1,1,1,5
SF,IF2006,2020-02-19 14:18:17.400,4027.4000,24179,-1,7749971460.000,1,0,1,双平,B,4027.4000,4027.0000,4026.6000,4026.2000,4025.8000,4029.2000,4029.4000,4029.6000,4029.8000,4030.0000,3,1,2,2,2,5,1,9,2,4
SF,IF2006,2020-02-19 14:18:17.900,4027.4000,24179,0,7749971460.000,0,-,-,-,-,4027.4000,4027.0000,4026.6000,4026.2000,4025.8000,4029.0000,4029.2000,4029.6000,4029.8000,4030.0000,3,1,2,2,2,4,5,7,1,4
SF,IF2006,2020-02-19 14:18:18.400,4027.4000,24179,0,7749971460.000,0,-,-,-,-,4027.4000,4027.0000,4026.6000,4026.2000,4025.8000,4028.8000,4029.0000,4029.2000,4029.6000,4029.8000,3,1,2,2,2,3,4,5,7,1
SF,IF2006,2020-02-19 14:18:18.900,4027.4000,24179,0,7749971460.000,0,-,-,-,-,4027.4000,4027.0000,4026.6000,4026.2000,4025.8000,4028.6000,4029.0000,4029.2000,4029.4000,4029.6000,3,1,2,2,2,1,3,5,1,7
SF,IF2006,2020-02-19 14:18:19.400,4027.4000,24179,0,7752387900.000,2,1,1,空换,B,4027.4000,4027.0000,4026.6000,4026.2000,4025.8000,4028.6000,4029.0000,4029.2000,4029.4000,4029.6000,1,1,2,2,2,2,3,5,1,7
SF,IF2006,2020-02-19 14:18:19.900,4027.4000,24179,0,7753596120.000,1,0,1,空换,B,4027.2000,4027.0000,4026.6000,4025.8000,4025.6000,4028.2000,4028.6000,4029.0000,4029.2000,4029.4000,1,1,2,2,1,1,2,3,5,1
SF,IF2006,2020-02-19 14:18:20.400,4028.0000,24180,1,7754804520.000,1,1,0,双开,B,4027.2000,4027.0000,4026.6000,4025.8000,4025.6000,4028.2000,4028.6000,4029.0000,4029.2000,4029.4000,1,1,2,2,1,1,1,3,5,1
SF,IF2006,2020-02-19 14:18:20.900,4028.0000,24180,0,7754804520.000,0,-,-,-,-,4027.2000,4026.6000,4025.8000,4025.6000,4025.2000,4028.0000,4028.2000,4028.6000,4029.0000,4029.2000,1,2,2,1,3,1,3,1,3,5
SF,IF2006,2020-02-19 14:18:21.400,4028.0000,24180,0,7754804520.000,0,-,-,-,-,4027.2000,4026.6000,4025.8000,4025.6000,4025.2000,4028.0000,4028.2000,4028.6000,4029.0000,4029.8000,1,2,2,1,3,1,3,1,3,1
SF,IF2006,2020-02-19 14:18:21.900,4027.2000,24180,0,7756012680.000,1,0,1,空换,B,4026.6000,4025.8000,4025.6000,4025.2000,4025.0000,4028.0000,4028.2000,4028.6000,4029.0000,4029.8000,2,2,1,3,53,1,3,1,3,1
SF,IF2006,2020-02-19 14:18:22.400,4027.2000,24180,0,7756012680.000,0,-,-,-,-,4027.0000,4026.6000,4025.8000,4025.6000,4025.2000,4028.0000,4028.2000,4028.6000,4029.0000,4029.8000,1,2,2,1,3,1,3,1,3,1
SF,IF2006,2020-02-19 14:18:23.400,4027.0000,24181,1,7758428880.000,2,1,1,多开,B,4026.6000,4025.8000,4025.6000,4025.2000,4025.0000,4027.0000,4028.2000,4028.6000,4029.0000,4029.8000,2,2,1,3,53,4,3,1,3,1
SF,IF2006,2020-02-19 14:18:23.900,4027.0000,24185,4,7763261280.000,4,4,0,双开,B,4026.6000,4025.8000,4025.6000,4025.2000,4025.0000,4028.2000,4029.8000,4030.0000,4030.8000,4033.2000,2,2,1,3,53,3,1,4,1,1
SF,IF2006,2020-02-19 14:18:24.400,4027.0000,24185,0,7763261280.000,0,-,-,-,-,4026.8000,4026.6000,4025.8000,4025.6000,4025.2000,4028.2000,4029.8000,4030.0000,4030.8000,4033.2000,1,2,2,1,3,3,1,4,1,1
SF,IF2006,2020-02-19 14:18:25.900,4026.8000,24185,0,7764469320.000,1,0,1,空换,B,4026.6000,4025.8000,4025.6000,4025.2000,4025.0000,4028.2000,4029.8000,4030.0000,4030.8000,4033.2000,2,2,1,3,53,3,1,4,1,1
SF,IF2006,2020-02-19 14:18:26.400,4026.8000,24185,0,7764469320.000,0,-,-,-,-,4026.6000,4025.8000,4025.6000,4025.2000,4025.0000,4028.0000,4028.2000,4029.8000,4030.0000,4030.8000,2,2,1,3,53,1,3,1,4,1
SF,IF2006,2020-02-19 14:18:27.900,4026.8000,24185,0,7764469320.000,0,-,-,-,-,4026.6000,4025.8000,4025.6000,4025.2000,4025.0000,4028.2000,4029.8000,4030.0000,4030.8000,4033.2000,2,2,1,3,53,3,1,4,1,1
SF,IF2006,2020-02-19 14:18:28.400,4026.8000,24185,0,7764469320.000,0,-,-,-,-,4028.0000,4026.6000,4025.8000,4025.6000,4025.2000,4028.2000,4029.8000,4030.0000,4030.8000,4033.2000,1,2,2,1,3,2,1,4,1,1
SF,IF2006,2020-02-19 14:18:28.900,4028.0000,24185,0,7765677720.000,1,0,1,空换,B,4026.8000,4026.6000,4026.0000,4025.8000,4025.6000,4028.0000,4028.2000,4029.8000,4030.0000,4030.8000,2,2,4,2,1,2,2,1,4,1
SF,IF2006,2020-02-19 14:18:29.400,4028.0000,24186,1,7768094520.000,2,1,1,多开,B,4027.2000,4026.8000,4026.6000,4026.0000,4025.8000,4028.2000,4029.8000,4030.0000,4030.8000,4033.2000,2,2,2,4,2,2,1,4,1,1
SF,IF2006,2020-02-19 14:18:29.900,4028.2000,24186,0,7769302980.000,1,0,1,空换,B,4027.2000,4026.8000,4026.6000,4026.0000,4025.8000,4028.2000,4029.8000,4030.0000,4030.8000,4033.2000,2,2,2,4,2,1,1,4,1,1
SF,IF2006,2020-02-19 14:18:30.900,4028.2000,24187,1,7770511440.000,1,1,0,双开,B,4027.2000,4026.8000,4026.6000,4026.0000,4025.8000,4029.8000,4030.0000,4030.8000,4033.2000,4033.4000,2,2,2,4,2,1,4,1,1,1
SF,IF2006,2020-02-19 14:18:31.400,4028.2000,24187,0,7770511440.000,0,-,-,-,-,4027.2000,4026.8000,4026.6000,4026.0000,4025.8000,4029.2000,4029.4000,4029.6000,4029.8000,4030.0000,2,2,2,4,2,1,2,1,2,4
SF,IF2006,2020-02-19 14:18:31.900,4028.2000,24187,0,7770511440.000,0,-,-,-,-,4027.4000,4027.2000,4026.8000,4026.6000,4026.0000,4029.0000,4029.2000,4029.4000,4029.6000,4029.8000,1,2,1,2,4,1,1,2,1,1
SF,IF2006,2020-02-19 14:18:32.400,4028.2000,24187,0,7770511440.000,0,-,-,-,-,4027.4000,4027.2000,4026.6000,4026.0000,4025.8000,4029.0000,4029.2000,4029.4000,4029.6000,4029.8000,1,2,2,4,2,1,1,2,1,1
SF,IF2006,2020-02-19 14:18:32.900,4028.2000,24187,0,7770511440.000,0,-,-,-,-,4027.4000,4027.2000,4026.6000,4026.0000,4025.8000,4028.8000,4029.0000,4029.2000,4029.4000,4029.6000,1,2,2,4,2,1,1,1,2,1
SF,IF2006,2020-02-19 14:18:33.400,4028.2000,24187,0,7770511440.000,0,-,-,-,-,4027.4000,4027.2000,4026.6000,4026.0000,4025.8000,4028.8000,4029.0000,4029.4000,4029.6000,4029.8000,1,2,2,4,1,2,1,2,1,1
SF,IF2006,2020-02-19 14:18:33.900,4028.2000,24187,0,7770511440.000,0,-,-,-,-,4027.2000,4026.6000,4026.0000,4025.8000,4025.6000,4028.0000,4028.6000,4028.8000,4029.0000,4029.4000,2,2,4,1,1,1,1,2,1,2
SF,IF2006,2020-02-19 14:18:37.900,4028.2000,24187,0,7770511440.000,0,-,-,-,-,4027.4000,4027.2000,4026.6000,4026.0000,4025.8000,4028.0000,4028.6000,4028.8000,4029.0000,4029.6000,1,2,2,4,1,1,1,1,1,1
SF,IF2006,2020-02-19 14:18:38.400,4028.2000,24187,0,7770511440.000,0,-,-,-,-,4027.4000,4027.2000,4026.6000,4026.0000,4025.8000,4028.8000,4029.0000,4029.6000,4029.8000,4030.0000,1,2,2,4,1,1,1,1,1,4
SF,IF2006,2020-02-19 14:18:38.900,4028.2000,24187,0,7770511440.000,0,-,-,-,-,4027.4000,4027.2000,4026.6000,4026.0000,4025.8000,4028.4000,4028.8000,4029.0000,4029.6000,4029.8000,1,2,2,4,1,1,1,1,1,1
SF,IF2006,2020-02-19 14:18:40.400,4028.4000,24187,0,7772928180.000,2,1,1,空换,B,4027.2000,4026.6000,4026.0000,4025.8000,4025.6000,4028.8000,4029.0000,4029.6000,4029.8000,4030.0000,2,2,4,1,1,1,1,1,1,4
SF,IF2006,2020-02-19 14:18:40.900,4028.4000,24187,0,7772928180.000,0,-,-,-,-,4027.2000,4026.6000,4026.0000,4025.8000,4025.6000,4028.6000,4028.8000,4029.0000,4029.6000,4029.8000,2,2,4,1,1,3,3,1,1,1
SF,IF2006,2020-02-19 14:18:41.900,4028.4000,24187,0,7772928180.000,0,-,-,-,-,4027.2000,4027.0000,4026.6000,4026.0000,4025.8000,4028.6000,4028.8000,4029.0000,4029.6000,4029.8000,2,1,2,4,1,3,3,1,1,1
SF,IF2006,2020-02-19 14:18:42.400,4028.4000,24187,0,7772928180.000,0,-,-,-,-,4027.2000,4027.0000,4026.6000,4026.0000,4025.8000,4028.4000,4028.6000,4028.8000,4029.0000,4029.6000,2,1,2,4,1,1,3,3,1,1
SF,IF2006,2020-02-19 14:18:43.400,4028.4000,24187,0,7772928180.000,0,-,-,-,-,4027.2000,4027.0000,4026.6000,4026.0000,4025.8000,4028.4000,4028.6000,4028.8000,4029.0000,4029.6000,2,1,2,4,1,1,3,3,1,1
SF,IF2006,2020-02-19 14:18:44.900,4028.4000,24187,0,7772928180.000,0,-,-,-,-,4027.2000,4027.0000,4026.6000,4026.0000,4025.8000,4028.0000,4028.4000,4028.6000,4028.8000,4029.0000,2,1,2,4,1,3,1,3,3,1
SF,IF2006,2020-02-19 14:18:45.400,4028.4000,24187,0,7772928180.000,0,-,-,-,-,4027.2000,4027.0000,4026.6000,4026.0000,4025.8000,4028.2000,4028.4000,4028.6000,4028.8000,4029.0000,2,1,2,4,1,2,1,3,3,1
SF,IF2006,2020-02-19 14:18:46.400,4028.4000,24187,0,7772928180.000,0,-,-,-,-,4027.2000,4027.0000,4026.8000,4026.6000,4026.0000,4028.2000,4028.4000,4028.6000,4028.8000,4029.0000,2,1,1,2,4,2,1,3,3,1
SF,IF2006,2020-02-19 14:18:46.900,4027.2000,24189,2,7775344500.000,2,2,0,双开,B,4027.0000,4026.8000,4026.6000,4026.0000,4025.8000,4028.0000,4028.2000,4028.4000,4028.6000,4028.8000,1,1,2,4,1,2,2,1,3,3
SF,IF2006,2020-02-19 14:18:47.400,4027.2000,24189,0,7775344500.000,0,-,-,-,-,4027.0000,4026.8000,4026.6000,4026.0000,4025.8000,4028.0000,4028.2000,4028.4000,4028.6000,4028.8000,1,1,2,4,1,2,2,1,3,3
SF,IF2006,2020-02-19 14:18:47.900,4027.2000,24189,0,7775344500.000,0,-,-,-,-,4027.0000,4026.8000,4026.6000,4026.0000,4025.8000,4027.6000,4028.0000,4028.2000,4028.4000,4028.6000,1,1,2,4,1,1,2,2,1,2
SF,IF2006,2020-02-19 14:18:48.400,4027.2000,24189,0,7775344500.000,0,-,-,-,-,4027.0000,4026.8000,4026.6000,4026.0000,4025.8000,4027.6000,4027.8000,4028.0000,4028.2000,4028.6000,1,1,2,4,1,1,1,2,2,2
SF,IF2006,2020-02-19 14:18:49.900,4027.6000,24188,-1,7776552780.000,1,0,1,双平,B,4027.0000,4026.8000,4026.6000,4026.0000,4025.8000,4027.4000,4027.8000,4028.0000,4028.2000,4028.6000,1,1,2,4,1,1,1,2,2,2
SF,IF2006,2020-02-19 14:18:50.400,4027.6000,24188,0,7776552780.000,0,-,-,-,-,4027.0000,4026.8000,4026.6000,4026.0000,4025.8000,4027.4000,4027.8000,4028.0000,4028.2000,4028.6000,1,1,2,4,1,1,1,2,2,2
SF,IF2006,2020-02-19 14:18:50.900,4027.6000,24188,0,7776552780.000,0,-,-,-,-,4027.0000,4026.8000,4026.6000,4026.0000,4025.8000,4027.4000,4028.0000,4028.2000,4028.6000,4028.8000,1,1,2,4,1,1,2,2,2,2
SF,IF2006,2020-02-19 14:18:51.900,4027.6000,24188,0,7776552780.000,0,-,-,-,-,4027.0000,4026.8000,4026.6000,4026.0000,4025.8000,4027.4000,4028.0000,4028.2000,4028.6000,4028.8000,1,1,2,4,1,2,2,2,2,2
SF,IF2006,2020-02-19 14:18:52.400,4027.0000,24189,1,7777760880.000,1,1,0,双开,B,4027.2000,4026.8000,4026.6000,4026.0000,4025.8000,4027.4000,4028.0000,4028.2000,4028.6000,4028.8000,1,1,2,4,1,1,2,2,2,2
SF,IF2006,2020-02-19 14:18:52.900,4027.2000,24190,1,7778969040.000,1,1,0,双开,B,4026.8000,4026.6000,4026.0000,4025.8000,4025.2000,4027.2000,4027.4000,4028.0000,4028.2000,4028.6000,1,2,4,1,3,3,1,2,2,2
SF,IF2006,2020-02-19 14:18:53.400,4026.8000,24191,1,7780177080.000,1,1,0,双开,B,4026.6000,4026.0000,4025.8000,4025.2000,4025.0000,4027.2000,4027.4000,4028.0000,4028.2000,4028.6000,2,4,1,3,53,3,1,2,2,2
SF,IF2006,2020-02-19 14:18:53.900,4026.8000,24191,0,7780177080.000,0,-,-,-,-,4026.6000,4026.0000,4025.2000,4025.0000,4024.8000,4027.2000,4027.4000,4028.0000,4028.2000,4028.6000,2,4,3,53,1,3,1,2,2,2
SF,IF2006,2020-02-19 14:18:54.400,4026.8000,24191,0,7780177080.000,0,-,-,-,-,4026.6000,4026.0000,4025.2000,4025.0000,4024.8000,4027.0000,4027.2000,4027.4000,4028.0000,4028.2000,2,4,3,53,1,1,3,1,2,2
SF,IF2006,2020-02-19 14:18:54.900,4026.6000,24192,1,7782593040.000,2,1,1,多开,B,4026.0000,4025.2000,4025.0000,4024.8000,4024.2000,4027.0000,4027.2000,4027.4000,4027.8000,4028.0000,4,3,53,1,1,1,3,1,1,2
SF,IF2006,2020-02-19 14:18:55.400,4026.6000,24192,0,7782593040.000,0,-,-,-,-,4026.0000,4025.2000,4025.0000,4024.8000,4024.2000,4027.0000,4027.2000,4027.4000,4027.8000,4028.0000,4,3,53,1,1,1,2,1,1,2
SF,IF2006,2020-02-19 14:18:55.900,4026.6000,24192,0,7782593040.000,0,-,-,-,-,4026.0000,4025.2000,4025.0000,4024.8000,4024.2000,4026.8000,4027.0000,4027.2000,4027.4000,4027.8000,4,3,53,1,1,5,11,2,1,1
SF,IF2006,2020-02-19 14:18:56.400,4026.0000,24190,-2,7785008640.000,2,0,2,双平,B,4026.0000,4025.2000,4025.0000,4024.8000,4024.2000,4026.8000,4027.0000,4027.2000,4027.4000,4027.8000,2,3,53,1,1,5,11,2,1,1
SF,IF2006,2020-02-19 14:18:56.900,4026.0000,24190,0,7785008640.000,0,-,-,-,-,4026.0000,4025.2000,4025.0000,4024.8000,4024.2000,4026.8000,4027.0000,4027.2000,4027.4000,4028.2000,2,3,53,1,1,5,11,2,1,2
SF,IF2006,2020-02-19 14:18:57.400,4026.8000,24191,1,7786216680.000,1,1,0,双开,B,4026.0000,4025.2000,4025.0000,4024.8000,4024.2000,4026.8000,4027.0000,4027.2000,4027.4000,4028.2000,2,3,53,1,1,4,11,2,1,2
SF,IF2006,2020-02-19 14:18:57.900,4026.8000,24191,0,7786216680.000,0,-,-,-,-,4026.0000,4025.2000,4025.0000,4024.8000,4024.2000,4027.0000,4027.4000,4028.2000,4028.6000,4028.8000,2,3,53,1,1,10,1,2,2,2
SF,IF2006,2020-02-19 14:18:58.400,4026.0000,24190,-1,7787424480.000,1,0,1,双平,B,4026.0000,4025.2000,4025.0000,4024.8000,4024.2000,4026.6000,4027.0000,4027.4000,4028.2000,4028.6000,1,3,53,1,1,3,10,1,2,2
SF,IF2006,2020-02-19 14:18:58.900,4026.0000,24190,0,7787424480.000,0,-,-,-,-,4026.0000,4025.2000,4025.0000,4024.8000,4024.2000,4026.6000,4027.0000,4027.4000,4028.2000,4028.6000,1,3,53,1,1,3,10,1,2,2
SF,IF2006,2020-02-19 14:18:59.900,4026.0000,24190,0,7787424480.000,0,-,-,-,-,4026.0000,4025.2000,4025.0000,4024.8000,4024.2000,4026.4000,4026.6000,4026.8000,4027.0000,4027.4000,1,3,53,1,1,3,3,1,10,1
SF,IF2006,2020-02-19 14:19:00.400,4026.0000,24190,0,7787424480.000,0,-,-,-,-,4026.0000,4025.2000,4025.0000,4024.8000,4024.2000,4026.4000,4026.6000,4026.8000,4027.0000,4027.4000,1,3,53,1,1,3,3,1,10,1
SF,IF2006,2020-02-19 14:19:01.900,4026.0000,24190,0,7788632280.000,1,0,1,空换,B,4025.2000,4025.0000,4024.8000,4024.2000,4023.8000,4026.2000,4026.4000,4026.6000,4026.8000,4027.4000,3,53,1,1,1,2,3,3,1,1
SF,IF2006,2020-02-19 14:19:02.400,4026.0000,24190,0,7788632280.000,0,-,-,-,-,4025.2000,4025.0000,4024.8000,4024.2000,4023.8000,4026.0000,4026.2000,4026.4000,4026.6000,4026.8000,3,53,1,1,1,1,2,3,3,1
SF,IF2006,2020-02-19 14:19:02.900,4026.0000,24190,0,7788632280.000,0,-,-,-,-,4025.2000,4025.0000,4024.8000,4024.2000,4023.8000,4026.0000,4026.6000,4026.8000,4027.4000,4028.2000,3,53,1,1,1,1,3,1,1,2
SF,IF2006,2020-02-19 14:19:03.400,4026.0000,24189,-1,7789840080.000,1,0,1,双平,B,4025.2000,4025.0000,4024.8000,4024.2000,4023.8000,4026.6000,4026.8000,4027.4000,4028.2000,4028.6000,3,53,1,1,1,3,1,1,2,2
SF,IF2006,2020-02-19 14:19:03.900,4026.0000,24189,0,7789840080.000,0,-,-,-,-,4025.2000,4025.0000,4024.8000,4024.2000,4023.8000,4026.4000,4026.6000,4026.8000,4027.4000,4028.2000,3,53,1,1,1,4,3,1,1,2
SF,IF2006,2020-02-19 14:19:04.400,4026.0000,24189,0,7789840080.000,0,-,-,-,-,4025.2000,4025.0000,4024.8000,4024.2000,4023.8000,4026.2000,4026.4000,4026.6000,4026.8000,4027.4000,3,53,1,1,1,2,4,3,1,1
SF,IF2006,2020-02-19 14:19:04.900,4026.0000,24189,0,7789840080.000,0,-,-,-,-,4025.2000,4025.0000,4024.8000,4024.2000,4023.8000,4026.4000,4026.6000,4027.4000,4028.2000,4028.6000,3,53,1,1,1,5,3,1,2,2
SF,IF2006,2020-02-19 14:19:05.400,4025.2000,24190,1,7791047640.000,1,1,0,双开,B,4025.2000,4025.0000,4024.8000,4024.2000,4023.8000,4026.0000,4026.4000,4026.6000,4027.4000,4028.2000,2,53,1,1,1,1,1,3,1,2
SF,IF2006,2020-02-19 14:19:05.900,4026.0000,24190,0,7793463000.000,2,1,1,空换,B,4025.2000,4025.0000,4024.8000,4024.2000,4023.8000,4026.6000,4027.4000,4028.2000,4028.6000,4028.8000,1,53,1,1,1,3,1,2,2,2
SF,IF2006,2020-02-19 14:19:06.400,4026.0000,24190,0,7793463000.000,0,-,-,-,-,4025.2000,4025.0000,4024.8000,4024.2000,4023.8000,4026.2000,4026.6000,4027.4000,4028.2000,4028.6000,1,53,1,1,1,3,3,1,2,2
SF,IF2006,2020-02-19 14:19:06.900,4026.0000,24190,0,7793463000.000,0,-,-,-,-,4025.2000,4025.0000,4024.8000,4024.2000,4023.8000,4026.6000,4027.4000,4028.2000,4028.6000,4028.8000,1,53,1,1,1,3,1,2,2,2
SF,IF2006,2020-02-19 14:19:07.900,4026.6000,24190,0,7797086940.000,3,1,2,空换,B,4025.2000,4025.0000,4024.8000,4024.2000,4023.8000,4027.4000,4028.2000,4028.6000,4028.8000,4029.0000,1,53,1,1,1,1,2,2,2,1
SF,IF2006,2020-02-19 14:19:08.400,4026.6000,24190,0,7797086940.000,0,-,-,-,-,4025.4000,4025.2000,4025.0000,4024.8000,4024.2000,4026.6000,4027.0000,4027.2000,4027.4000,4028.2000,2,1,53,1,1,2,5,1,1,2
SF,IF2006,2020-02-19 14:19:08.900,4025.4000,24191,1,7798294560.000,1,1,0,双开,B,4026.4000,4025.4000,4025.2000,4025.0000,4024.8000,4027.2000,4027.4000,4028.2000,4028.6000,4028.8000,1,1,1,53,1,1,1,2,2,2
SF,IF2006,2020-02-19 14:19:09.400,4025.4000,24191,0,7798294560.000,0,-,-,-,-,4026.4000,4026.0000,4025.4000,4025.2000,4025.0000,4027.4000,4028.2000,4028.6000,4028.8000,4029.6000,1,1,1,1,53,1,2,2,2,1
SF,IF2006,2020-02-19 14:19:09.900,4025.2000,24195,4,7803124980.000,4,4,0,双开,B,4025.0000,4024.8000,4024.2000,4023.8000,4023.2000,4025.2000,4027.2000,4027.4000,4028.2000,4028.6000,53,1,1,1,1,6,4,1,2,2
SF,IF2006,2020-02-19 14:19:10.400,4025.2000,24198,3,7810370340.000,6,4,2,多开,B,4025.8000,4025.4000,4025.2000,4025.0000,4024.8000,4027.4000,4028.2000,4028.6000,4028.8000,4029.6000,1,1,2,53,1,1,2,2,2,1
SF,IF2006,2020-02-19 14:19:10.900,4025.2000,24198,0,7810370340.000,0,-,-,-,-,4025.8000,4025.4000,4025.2000,4025.0000,4024.8000,4027.2000,4028.2000,4028.8000,4029.6000,4030.0000,1,2,2,54,1,2,2,2,1,3
SF,IF2006,2020-02-19 14:19:11.900,4025.2000,24198,0,7810370340.000,0,-,-,-,-,4026.0000,4025.8000,4025.6000,4025.4000,4025.2000,4027.2000,4028.2000,4028.8000,4029.6000,4030.0000,1,1,1,2,2,2,2,2,1,3
SF,IF2006,2020-02-19 14:19:12.400,4025.2000,24198,0,7810370340.000,0,-,-,-,-,4026.0000,4025.8000,4025.6000,4025.4000,4025.2000,4027.2000,4028.2000,4028.8000,4029.6000,4030.0000,1,1,1,3,2,2,2,2,1,3
SF,IF2006,2020-02-19 14:19:13.900,4027.2000,24200,2,7812786660.000,2,2,0,双开,B,4026.2000,4026.0000,4025.8000,4025.6000,4025.4000,4028.2000,4028.8000,4029.6000,4030.0000,4030.8000,1,1,1,1,5,2,2,1,3,1
SF,IF2006,2020-02-19 14:19:14.400,4027.2000,24200,0,7813994820.000,1,0,1,空换,B,4026.4000,4026.2000,4026.0000,4025.8000,4025.6000,4027.8000,4028.0000,4028.2000,4028.8000,4030.0000,2,1,1,1,1,3,3,2,2,3
SF,IF2006,2020-02-19 14:19:14.900,4027.2000,24200,0,7813994820.000,0,-,-,-,-,4026.6000,4026.4000,4026.2000,4026.0000,4025.8000,4027.8000,4028.0000,4028.2000,4028.8000,4030.0000,1,2,1,1,1,3,3,2,2,3
SF,IF2006,2020-02-19 14:19:15.400,4027.2000,24200,0,7813994820.000,0,-,-,-,-,4026.6000,4026.4000,4026.2000,4026.0000,4025.8000,4027.8000,4028.0000,4028.2000,4028.8000,4030.0000,2,2,1,1,1,3,2,2,2,3
SF,IF2006,2020-02-19 14:19:15.900,4026.6000,24200,0,7815202800.000,1,0,1,空换,B,4026.6000,4026.4000,4026.2000,4026.0000,4025.8000,4027.8000,4028.0000,4028.2000,4028.8000,4030.0000,1,2,2,1,1,3,2,2,2,3
SF,IF2006,2020-02-19 14:19:16.400,4026.6000,24200,0,7816410780.000,1,0,1,空换,B,4026.6000,4026.4000,4026.2000,4026.0000,4025.8000,4028.0000,4028.2000,4028.8000,4030.0000,4030.8000,1,2,2,1,1,2,2,2,3,1
SF,IF2006,2020-02-19 14:19:16.900,4026.6000,24200,0,7816410780.000,0,-,-,-,-,4026.8000,4026.6000,4026.4000,4026.2000,4026.0000,4027.4000,4027.8000,4028.0000,4028.2000,4028.8000,1,1,2,2,1,2,5,2,2,2
SF,IF2006,2020-02-19 14:19:17.400,4026.6000,24200,0,7816410780.000,0,-,-,-,-,4026.8000,4026.6000,4026.4000,4026.2000,4026.0000,4028.0000,4028.2000,4028.8000,4030.0000,4030.8000,1,1,2,2,1,2,2,2,3,1
SF,IF2006,2020-02-19 14:19:17.900,4026.6000,24200,0,7816410780.000,0,-,-,-,-,4026.8000,4026.6000,4026.4000,4026.2000,4026.0000,4027.8000,4028.0000,4028.2000,4028.8000,4030.0000,1,1,2,2,1,4,2,2,2,3
SF,IF2006,2020-02-19 14:19:18.400,4026.6000,24200,0,7816410780.000,0,-,-,-,-,4026.8000,4026.6000,4026.4000,4026.2000,4026.0000,4028.0000,4028.2000,4028.8000,4030.0000,4030.8000,1,1,2,2,1,2,2,2,3,1
SF,IF2006,2020-02-19 14:19:18.900,4028.0000,24200,0,7818827580.000,2,1,1,空换,B,4026.8000,4026.6000,4026.4000,4026.2000,4026.0000,4028.2000,4028.8000,4030.0000,4030.8000,4033.2000,1,1,2,2,1,2,2,3,1,1
SF,IF2006,2020-02-19 14:19:19.400,4027.0000,24199,-1,7820035680.000,1,0,1,双平,B,4026.8000,4026.6000,4026.4000,4026.2000,4026.0000,4028.2000,4028.8000,4030.0000,4030.8000,4033.2000,1,1,2,2,1,2,2,3,1,1
SF,IF2006,2020-02-19 14:19:19.900,4027.0000,24198,-1,7821243780.000,1,0,1,双平,B,4026.8000,4026.6000,4026.4000,4026.2000,4026.0000,4028.2000,4028.8000,4030.0000,4030.8000,4033.2000,1,1,2,2,2,2,2,3,1,1
SF,IF2006,2020-02-19 14:19:20.900,4027.0000,24198,0,7821243780.000,0,-,-,-,-,4026.8000,4026.6000,4026.4000,4026.0000,4025.4000,4027.8000,4028.2000,4028.8000,4030.0000,4030.8000,1,1,2,2,3,1,2,2,3,1
SF,IF2006,2020-02-19 14:19:21.400,4027.8000,24197,-1,7822452120.000,1,0,1,双平,B,4026.8000,4026.6000,4026.4000,4026.0000,4025.4000,4028.2000,4028.8000,4030.0000,4030.8000,4033.2000,1,1,2,3,3,2,2,3,1,1
SF,IF2006,2020-02-19 14:19:21.900,4027.8000,24197,0,7822452120.000,0,-,-,-,-,4027.0000,4026.8000,4026.6000,4026.0000,4025.4000,4028.2000,4028.8000,4030.0000,4030.8000,4033.2000,2,1,1,3,3,2,2,3,1,1
SF,IF2006,2020-02-19 14:19:22.900,4027.8000,24197,0,7822452120.000,0,-,-,-,-,4027.2000,4027.0000,4026.6000,4026.0000,4025.4000,4028.2000,4028.8000,4030.0000,4030.8000,4033.2000,1,2,1,3,3,2,2,3,1,1
SF,IF2006,2020-02-19 14:19:23.900,4027.8000,24197,0,7822452120.000,0,-,-,-,-,4027.2000,4027.0000,4026.6000,4026.0000,4025.4000,4027.8000,4028.2000,4028.8000,4030.0000,4030.8000,1,2,1,3,3,3,2,2,3,1
SF,IF2006,2020-02-19 14:19:24.400,4027.8000,24200,3,7826077140.000,3,3,0,双开,B,4027.2000,4027.0000,4026.6000,4026.0000,4025.4000,4028.2000,4028.8000,4030.0000,4030.8000,4033.2000,1,2,1,3,3,2,2,3,1,1
SF,IF2006,2020-02-19 14:19:24.900,4027.8000,24200,0,7826077140.000,0,-,-,-,-,4027.2000,4027.0000,4026.6000,4026.0000,4025.4000,4028.0000,4028.2000,4028.8000,4030.0000,4030.8000,1,2,1,3,3,1,2,2,3,1
SF,IF2006,2020-02-19 14:19:25.900,4028.2000,24201,1,7828494000.000,2,1,1,多开,B,4027.2000,4027.0000,4026.6000,4026.0000,4025.4000,4028.2000,4028.8000,4030.0000,4030.8000,4033.2000,1,2,1,3,3,1,2,3,1,1
SF,IF2006,2020-02-19 14:19:26.400,4027.2000,24201,0,7830910620.000,2,1,1,空换,B,4026.6000,4026.0000,4025.4000,4025.2000,4025.0000,4028.8000,4030.0000,4030.8000,4033.2000,4035.0000,1,3,3,1,54,2,3,1,1,5
SF,IF2006,2020-02-19 14:19:26.900,4027.2000,24201,0,7830910620.000,0,-,-,-,-,4027.4000,4027.2000,4027.0000,4026.8000,4026.6000,4028.6000,4028.8000,4030.0000,4030.8000,4033.2000,2,3,1,7,2,2,2,3,1,1
SF,IF2006,2020-02-19 14:19:27.400,4027.2000,24201,0,7830910620.000,0,-,-,-,-,4027.6000,4027.4000,4027.2000,4027.0000,4026.8000,4028.6000,4028.8000,4030.0000,4030.8000,4033.2000,2,3,3,4,5,1,2,3,1,1
SF,IF2006,2020-02-19 14:19:27.900,4028.6000,24201,0,7832119200.000,1,0,1,空换,B,4027.8000,4027.6000,4027.4000,4027.2000,4027.0000,4028.8000,4030.0000,4030.8000,4033.2000,4035.0000,1,2,2,1,3,2,3,1,1,5
SF,IF2006,2020-02-19 14:19:28.400,4028.6000,24201,0,7832119200.000,0,-,-,-,-,4028.0000,4027.8000,4027.6000,4027.4000,4027.2000,4028.8000,4030.0000,4030.8000,4033.2000,4035.0000,5,1,2,2,1,3,3,1,1,5
SF,IF2006,2020-02-19 14:19:28.900,4028.8000,24203,2,7834536480.000,2,2,0,双开,B,4028.0000,4027.8000,4027.6000,4027.4000,4027.2000,4028.8000,4030.0000,4030.8000,4033.2000,4035.0000,5,1,2,2,1,1,3,1,1,5
SF,IF2006,2020-02-19 14:19:29.400,4028.8000,24204,1,7835745120.000,1,1,0,双开,B,4028.4000,4028.2000,4028.0000,4027.8000,4027.6000,4030.0000,4030.8000,4033.2000,4035.0000,4036.6000,3,1,3,1,1,3,1,1,5,1
SF,IF2006,2020-02-19 14:19:29.900,4028.8000,24204,0,7835745120.000,0,-,-,-,-,4028.4000,4028.2000,4028.0000,4027.8000,4027.4000,4030.0000,4030.8000,4033.2000,4035.0000,4036.6000,4,1,3,1,2,3,1,1,5,1
SF,IF2006,2020-02-19 14:19:30.400,4028.8000,24204,0,7835745120.000,0,-,-,-,-,4028.8000,4028.6000,4028.4000,4028.2000,4028.0000,4030.0000,4030.8000,4033.2000,4036.6000,4037.6000,1,2,4,1,3,3,1,1,1,1
SF,IF2006,2020-02-19 14:19:30.900,4028.8000,24204,0,7835745120.000,0,-,-,-,-,4028.6000,4028.4000,4028.2000,4028.0000,4027.8000,4030.0000,4030.8000,4033.2000,4036.6000,4037.6000,3,3,1,3,1,3,1,1,1,1
SF,IF2006,2020-02-19 14:19:31.400,4028.8000,24204,0,7835745120.000,0,-,-,-,-,4028.8000,4028.6000,4028.4000,4028.2000,4028.0000,4030.0000,4030.8000,4033.2000,4036.6000,4037.6000,1,3,3,1,3,3,1,1,1,1
SF,IF2006,2020-02-19 14:19:31.900,4028.8000,24204,0,7835745120.000,0,-,-,-,-,4028.8000,4028.6000,4028.4000,4028.2000,4028.0000,4030.0000,4030.8000,4033.2000,4036.6000,4037.6000,1,3,3,1,3,3,1,1,1,1
SF,IF2006,2020-02-19 14:19:32.400,4028.8000,24204,0,7835745120.000,0,-,-,-,-,4028.6000,4028.4000,4028.2000,4028.0000,4027.8000,4030.0000,4030.8000,4032.6000,4033.2000,4036.6000,2,3,1,3,1,3,1,1,1,1
SF,IF2006,2020-02-19 14:19:32.900,4028.8000,24204,0,7835745120.000,0,-,-,-,-,4028.8000,4028.6000,4028.4000,4028.2000,4028.0000,4029.8000,4030.0000,4030.8000,4032.6000,4033.2000,1,2,3,1,2,1,5,1,1,1
SF,IF2006,2020-02-19 14:19:33.400,4028.8000,24204,0,7835745120.000,0,-,-,-,-,4028.8000,4028.6000,4028.4000,4028.2000,4028.0000,4029.8000,4030.0000,4030.8000,4032.6000,4033.2000,1,2,1,1,1,1,5,1,1,1
SF,IF2006,2020-02-19 14:19:33.900,4028.6000,24206,2,7839370980.000,3,2,1,多开,B,4028.6000,4028.4000,4028.2000,4028.0000,4027.8000,4029.8000,4030.0000,4030.8000,4032.6000,4033.2000,1,1,1,1,1,1,5,1,1,1
SF,IF2006,2020-02-19 14:19:35.400,4028.6000,24206,0,7839370980.000,0,-,-,-,-,4028.6000,4028.4000,4028.2000,4028.0000,4027.8000,4029.8000,4030.0000,4030.8000,4032.6000,4033.2000,1,1,1,1,1,1,5,1,1,1
SF,IF2006,2020-02-19 14:19:35.900,4028.6000,24206,0,7839370980.000,0,-,-,-,-,4028.8000,4028.6000,4028.4000,4028.2000,4028.0000,4029.8000,4030.0000,4030.8000,4032.6000,4033.2000,2,1,1,1,1,1,5,1,1,1
SF,IF2006,2020-02-19 14:19:36.400,4028.6000,24206,0,7840579560.000,1,0,1,空换,B,4028.8000,4028.6000,4028.4000,4028.2000,4028.0000,4029.8000,4030.0000,4030.8000,4032.6000,4033.2000,2,1,1,1,1,1,5,1,1,1
SF,IF2006,2020-02-19 14:19:36.900,4028.6000,24206,0,7840579560.000,0,-,-,-,-,4028.8000,4028.6000,4028.2000,4028.0000,4027.8000,4029.8000,4030.0000,4030.8000,4032.6000,4033.2000,2,1,1,1,1,1,5,1,1,1
SF,IF2006,2020-02-19 14:19:37.900,4028.6000,24206,0,7840579560.000,0,-,-,-,-,4028.8000,4028.6000,4028.2000,4028.0000,4027.8000,4029.8000,4030.0000,4030.8000,4032.6000,4033.2000,2,1,1,1,1,1,5,1,1,1
SF,IF2006,2020-02-19 14:19:38.400,4028.6000,24207,1,7842996720.000,2,1,1,多开,B,4028.6000,4028.2000,4028.0000,4027.8000,4026.8000,4028.8000,4029.8000,4030.0000,4030.8000,4032.6000,1,1,1,1,2,2,1,5,1,1
SF,IF2006,2020-02-19 14:19:38.900,4028.8000,24207,0,7845414000.000,2,1,1,空换,B,4028.6000,4028.2000,4028.0000,4027.8000,4026.8000,4030.0000,4030.8000,4032.6000,4033.2000,4036.6000,1,1,1,1,2,5,1,1,1,1
SF,IF2006,2020-02-19 14:19:39.900,4028.8000,24207,0,7845414000.000,0,-,-,-,-,4028.8000,4028.6000,4028.2000,4028.0000,4027.8000,4030.0000,4030.8000,4032.6000,4033.2000,4036.6000,1,1,1,1,1,5,1,1,1,1
SF,IF2006,2020-02-19 14:19:40.400,4028.8000,24207,0,7845414000.000,0,-,-,-,-,4028.8000,4028.2000,4027.8000,4026.8000,4026.6000,4030.0000,4030.8000,4032.6000,4033.2000,4036.6000,1,1,1,2,1,5,1,1,1,1
SF,IF2006,2020-02-19 14:19:40.900,4028.8000,24207,0,7846622640.000,1,0,1,空换,B,4027.8000,4026.4000,4025.4000,4025.2000,4025.0000,4030.0000,4030.8000,4032.6000,4033.2000,4036.6000,1,1,1,1,54,5,1,1,1,1
SF,IF2006,2020-02-19 14:19:41.400,4028.8000,24207,0,7846622640.000,0,-,-,-,-,4028.0000,4027.8000,4026.4000,4025.4000,4025.2000,4028.8000,4029.8000,4030.0000,4030.8000,4032.6000,2,1,1,1,1,1,4,5,1,1
SF,IF2006,2020-02-19 14:19:41.900,4028.8000,24207,0,7846622640.000,0,-,-,-,-,4028.0000,4027.8000,4026.4000,4025.4000,4025.2000,4028.8000,4029.8000,4030.0000,4030.8000,4032.6000,2,1,1,1,1,1,4,5,1,1
SF,IF2006,2020-02-19 14:19:42.400,4028.8000,24207,0,7846622640.000,0,-,-,-,-,4028.0000,4027.8000,4026.4000,4025.4000,4025.2000,4028.8000,4029.8000,4030.0000,4030.8000,4032.6000,3,1,1,1,1,1,4,5,1,1
SF,IF2006,2020-02-19 14:19:42.900,4028.8000,24208,1,7847831280.000,1,1,0,双开,B,4028.0000,4027.8000,4026.4000,4025.4000,4025.2000,4029.8000,4030.0000,4030.8000,4032.6000,4033.2000,2,1,1,1,1,4,5,1,1,1
SF,IF2006,2020-02-19 14:19:43.400,4028.8000,24208,0,7847831280.000,0,-,-,-,-,4027.8000,4026.4000,4025.4000,4025.2000,4025.0000,4029.8000,4030.0000,4030.8000,4032.6000,4033.2000,1,1,1,1,54,4,5,1,1,1
SF,IF2006,2020-02-19 14:19:43.900,4028.8000,24208,0,7847831280.000,0,-,-,-,-,4027.8000,4026.4000,4025.4000,4025.2000,4025.0000,4029.8000,4030.0000,4030.8000,4032.6000,4033.2000,1,1,1,1,54,4,5,1,1,1
SF,IF2006,2020-02-19 14:19:44.400,4028.8000,24208,0,7847831280.000,0,-,-,-,-,4028.0000,4027.8000,4026.4000,4025.4000,4025.2000,4029.6000,4029.8000,4030.0000,4030.8000,4032.6000,2,1,1,1,1,1,3,5,1,1
SF,IF2006,2020-02-19 14:19:45.900,4028.8000,24208,0,7847831280.000,0,-,-,-,-,4028.0000,4027.8000,4026.4000,4025.4000,4025.2000,4029.6000,4029.8000,4030.0000,4030.8000,4032.6000,2,1,1,1,1,1,3,4,1,1
SF,IF2006,2020-02-19 14:19:46.400,4028.8000,24208,0,7847831280.000,0,-,-,-,-,4028.8000,4028.0000,4027.8000,4026.4000,4025.6000,4029.4000,4029.6000,4029.8000,4030.0000,4030.8000,1,2,1,1,1,2,1,1,4,1
SF,IF2006,2020-02-19 14:19:46.900,4028.8000,24208,0,7847831280.000,0,-,-,-,-,4028.8000,4028.0000,4027.8000,4026.4000,4025.6000,4029.4000,4029.6000,4030.0000,4030.8000,4032.6000,1,2,1,1,1,3,1,4,1,1
SF,IF2006,2020-02-19 14:19:47.900,4028.8000,24208,0,7847831280.000,0,-,-,-,-,4028.8000,4028.0000,4027.8000,4026.4000,4025.6000,4029.4000,4029.6000,4030.0000,4030.8000,4032.6000,1,2,1,1,1,3,1,4,1,1
SF,IF2006,2020-02-19 14:19:48.400,4028.8000,24208,0,7847831280.000,0,-,-,-,-,4028.8000,4028.0000,4027.8000,4026.4000,4025.6000,4029.4000,4029.6000,4030.0000,4030.8000,4032.6000,1,2,1,3,1,3,1,4,1,1
SF,IF2006,2020-02-19 14:19:48.900,4028.8000,24208,0,7847831280.000,0,-,-,-,-,4028.8000,4028.0000,4027.8000,4026.4000,4025.6000,4029.4000,4029.6000,4030.0000,4030.8000,4032.6000,1,2,1,3,1,1,1,4,1,1
SF,IF2006,2020-02-19 14:19:49.900,4028.8000,24208,0,7847831280.000,0,-,-,-,-,4028.8000,4028.0000,4027.8000,4026.4000,4025.6000,4029.6000,4030.0000,4030.8000,4032.6000,4033.0000,1,2,1,3,1,1,4,1,1,1
SF,IF2006,2020-02-19 14:19:51.400,4028.8000,24208,0,7847831280.000,0,-,-,-,-,4028.8000,4028.0000,4027.8000,4026.4000,4025.6000,4030.0000,4030.8000,4032.6000,4033.0000,4033.2000,1,2,1,3,1,4,1,1,1,1
SF,IF2006,2020-02-19 14:19:52.400,4028.8000,24208,0,7847831280.000,0,-,-,-,-,4028.8000,4028.0000,4027.8000,4026.4000,4025.6000,4029.0000,4030.0000,4030.8000,4032.6000,4033.0000,1,2,1,3,1,1,4,1,1,1
SF,IF2006,2020-02-19 14:19:52.900,4029.0000,24209,1,7849039980.000,1,1,0,双开,B,4028.8000,4028.0000,4027.8000,4026.4000,4025.6000,4030.0000,4030.8000,4032.6000,4033.0000,4033.2000,1,2,1,3,1,4,1,1,1,1
SF,IF2006,2020-02-19 14:19:55.400,4028.8000,24210,1,7850248620.000,1,1,0,双开,B,4028.0000,4027.8000,4026.4000,4025.6000,4025.4000,4028.8000,4030.0000,4030.8000,4032.6000,4033.0000,2,1,3,1,1,3,4,1,1,1
SF,IF2006,2020-02-19 14:19:55.900,4028.8000,24213,3,7853874540.000,3,3,0,双开,B,4028.0000,4027.8000,4026.4000,4025.6000,4025.4000,4030.0000,4030.8000,4032.6000,4033.0000,4033.2000,2,1,3,1,1,4,1,1,1,1
SF,IF2006,2020-02-19 14:19:56.400,4028.8000,24213,0,7853874540.000,0,-,-,-,-,4028.8000,4028.0000,4027.8000,4026.4000,4025.6000,4029.8000,4030.0000,4030.8000,4032.6000,4033.0000,1,2,1,3,1,1,4,1,1,1
SF,IF2006,2020-02-19 14:19:56.900,4030.0000,24212,-1,7855083540.000,1,0,1,双平,B,4028.8000,4028.2000,4028.0000,4027.8000,4026.4000,4030.0000,4030.8000,4032.6000,4033.0000,4033.2000,1,2,2,1,3,3,1,1,1,1
SF,IF2006,2020-02-19 14:19:57.900,4030.0000,24212,0,7855083540.000,0,-,-,-,-,4028.8000,4028.2000,4028.0000,4027.8000,4026.4000,4030.0000,4030.8000,4032.6000,4033.0000,4033.2000,1,3,2,1,3,3,1,1,1,1
SF,IF2006,2020-02-19 14:19:59.400,4030.0000,24212,0,7855083540.000,0,-,-,-,-,4028.8000,4028.2000,4028.0000,4027.8000,4026.4000,4030.0000,4030.8000,4032.4000,4032.6000,4033.0000,1,2,2,1,3,3,1,1,1,1
SF,IF2006,2020-02-19 14:20:01.900,4028.8000,24213,1,7856292180.000,1,1,0,双开,B,4028.2000,4028.0000,4027.8000,4026.4000,4025.6000,4029.8000,4030.0000,4030.8000,4032.4000,4032.6000,2,2,1,3,1,1,3,1,1,1
SF,IF2006,2020-02-19 14:20:02.400,4028.8000,24213,0,7856292180.000,0,-,-,-,-,4028.8000,4028.2000,4027.8000,4026.4000,4025.6000,4029.6000,4029.8000,4030.0000,4030.8000,4032.4000,1,1,1,3,1,3,2,3,1,1
SF,IF2006,2020-02-19 14:20:02.900,4028.8000,24214,1,7857500820.000,1,1,0,双开,B,4027.8000,4026.4000,4025.6000,4025.4000,4025.2000,4028.8000,4029.2000,4029.6000,4029.8000,4030.0000,1,3,1,1,1,3,2,3,2,3
SF,IF2006,2020-02-19 14:20:03.400,4028.8000,24214,0,7857500820.000,0,-,-,-,-,4027.8000,4026.4000,4025.6000,4025.4000,4025.2000,4028.8000,4029.4000,4029.6000,4029.8000,4030.0000,1,3,1,1,1,3,1,3,1,3
SF,IF2006,2020-02-19 14:20:03.900,4028.8000,24214,0,7857500820.000,0,-,-,-,-,4027.8000,4026.4000,4025.6000,4025.4000,4025.2000,4028.8000,4029.6000,4029.8000,4030.0000,4030.8000,1,3,1,1,1,3,3,1,3,1
SF,IF2006,2020-02-19 14:20:04.400,4028.8000,24214,0,7857500820.000,0,-,-,-,-,4027.8000,4026.4000,4025.6000,4025.4000,4025.2000,4028.6000,4028.8000,4029.6000,4029.8000,4030.0000,1,3,1,1,1,1,2,3,1,3
SF,IF2006,2020-02-19 14:20:04.900,4027.8000,24214,0,7858709160.000,1,0,1,空换,B,4026.4000,4025.6000,4025.4000,4025.2000,4025.0000,4028.6000,4028.8000,4029.6000,4029.8000,4030.0000,3,1,1,1,52,1,2,3,1,3
SF,IF2006,2020-02-19 14:20:05.400,4027.8000,24214,0,7858709160.000,0,-,-,-,-,4026.6000,4026.4000,4025.6000,4025.4000,4025.2000,4028.4000,4028.6000,4028.8000,4029.6000,4029.8000,2,3,1,1,1,1,1,3,3,1
SF,IF2006,2020-02-19 14:20:05.900,4028.4000,24214,0,7859917680.000,1,0,1,空换,B,4027.0000,4026.6000,4026.4000,4025.6000,4025.4000,4027.8000,4028.6000,4028.8000,4029.6000,4030.0000,1,2,3,1,1,1,1,3,3,3
SF,IF2006,2020-02-19 14:20:06.400,4027.8000,24215,1,7861126020.000,1,1,0,双开,B,4027.0000,4026.6000,4026.4000,4025.6000,4025.4000,4028.6000,4028.8000,4029.6000,4030.0000,4030.8000,1,2,3,1,1,1,3,3,3,1
SF,IF2006,2020-02-19 14:20:07.900,4027.8000,24215,0,7861126020.000,0,-,-,-,-,4027.0000,4026.6000,4026.4000,4025.6000,4025.4000,4028.6000,4028.8000,4029.6000,4030.0000,4030.8000,1,2,3,1,1,1,3,4,3,1
SF,IF2006,2020-02-19 14:20:08.400,4027.8000,24215,0,7861126020.000,0,-,-,-,-,4027.2000,4027.0000,4026.4000,4025.6000,4025.4000,4028.6000,4028.8000,4029.6000,4030.0000,4030.8000,4,1,3,1,1,1,1,4,3,1
SF,IF2006,2020-02-19 14:20:08.900,4027.8000,24215,0,7861126020.000,0,-,-,-,-,4027.2000,4027.0000,4026.4000,4025.6000,4025.4000,4028.6000,4028.8000,4029.6000,4030.0000,4030.8000,5,1,3,1,1,1,1,4,3,1
SF,IF2006,2020-02-19 14:20:09.400,4027.8000,24215,0,7861126020.000,0,-,-,-,-,4027.4000,4027.2000,4027.0000,4026.4000,4025.6000,4028.6000,4028.8000,4029.6000,4030.0000,4030.8000,1,5,1,3,1,1,1,3,3,1
SF,IF2006,2020-02-19 14:20:09.900,4027.8000,24215,0,7861126020.000,0,-,-,-,-,4027.4000,4027.2000,4027.0000,4026.4000,4025.6000,4028.6000,4028.8000,4029.6000,4030.0000,4030.8000,1,4,1,3,1,1,1,3,3,1
SF,IF2006,2020-02-19 14:20:10.400,4027.8000,24215,0,7861126020.000,0,-,-,-,-,4027.4000,4027.2000,4027.0000,4026.4000,4025.6000,4028.8000,4029.6000,4030.0000,4030.8000,4032.4000,2,3,1,3,1,1,3,3,1,1
SF,IF2006,2020-02-19 14:20:10.900,4027.8000,24215,0,7861126020.000,0,-,-,-,-,4027.6000,4027.4000,4027.2000,4027.0000,4026.4000,4028.8000,4029.6000,4030.0000,4030.8000,4032.4000,4,2,1,1,3,1,3,3,1,1
SF,IF2006,2020-02-19 14:20:11.400,4027.8000,24215,0,7861126020.000,0,-,-,-,-,4027.8000,4027.6000,4027.4000,4027.2000,4027.0000,4028.8000,4029.6000,4030.0000,4030.8000,4032.4000,2,4,2,1,1,1,3,3,1,1
SF,IF2006,2020-02-19 14:20:11.900,4027.8000,24215,0,7861126020.000,0,-,-,-,-,4027.8000,4027.6000,4027.4000,4027.2000,4027.0000,4028.8000,4029.6000,4030.0000,4030.8000,4032.4000,2,4,1,1,1,1,3,3,1,1
SF,IF2006,2020-02-19 14:20:12.400,4027.8000,24215,0,7861126020.000,0,-,-,-,-,4027.8000,4027.6000,4027.4000,4027.2000,4027.0000,4029.6000,4030.0000,4030.8000,4032.4000,4032.6000,2,4,1,2,1,3,3,1,1,1
SF,IF2006,2020-02-19 14:20:12.900,4027.8000,24215,0,7861126020.000,0,-,-,-,-,4027.8000,4027.6000,4027.4000,4027.2000,4027.0000,4029.6000,4030.0000,4030.8000,4032.4000,4032.6000,1,3,1,2,1,3,3,1,1,1
SF,IF2006,2020-02-19 14:20:13.400,4027.8000,24215,0,7861126020.000,0,-,-,-,-,4027.8000,4027.6000,4027.4000,4027.2000,4027.0000,4029.4000,4029.6000,4030.0000,4030.8000,4032.4000,1,3,1,2,1,4,3,3,1,1
SF,IF2006,2020-02-19 14:20:13.900,4027.8000,24215,0,7861126020.000,0,-,-,-,-,4028.0000,4027.8000,4027.6000,4027.4000,4027.2000,4029.2000,4029.4000,4029.6000,4030.0000,4030.8000,1,1,2,1,2,2,4,1,3,1
SF,IF2006,2020-02-19 14:20:14.400,4027.8000,24215,0,7861126020.000,0,-,-,-,-,4028.0000,4027.8000,4027.6000,4027.4000,4027.2000,4029.2000,4029.4000,4029.6000,4030.0000,4030.8000,1,1,2,1,2,2,4,1,3,1
SF,IF2006,2020-02-19 14:20:14.900,4027.8000,24215,0,7861126020.000,0,-,-,-,-,4027.8000,4027.4000,4027.2000,4026.4000,4025.6000,4029.0000,4029.2000,4029.4000,4029.6000,4030.0000,1,1,2,1,1,2,2,4,1,3
SF,IF2006,2020-02-19 14:20:15.400,4029.2000,24214,-1,7865960940.000,4,1,3,空平,B,4029.2000,4027.8000,4027.4000,4027.2000,4026.4000,4029.4000,4029.6000,4030.0000,4030.8000,4032.4000,1,1,1,2,1,4,1,3,1,1
SF,IF2006,2020-02-19 14:20:15.900,4029.2000,24214,0,7867169700.000,1,0,1,空换,B,4029.0000,4027.8000,4027.4000,4027.2000,4026.4000,4029.2000,4029.4000,4029.6000,4030.0000,4030.8000,5,1,1,2,1,6,4,1,3,1
SF,IF2006,2020-02-19 14:20:16.400,4029.0000,24219,5,7873213200.000,5,5,0,双开,B,4027.8000,4027.4000,4027.2000,4026.4000,4025.6000,4029.0000,4029.2000,4029.4000,4029.6000,4030.0000,1,1,2,1,1,1,5,4,1,3
SF,IF2006,2020-02-19 14:20:16.900,4029.0000,24219,0,7873213200.000,0,-,-,-,-,4027.8000,4027.4000,4027.2000,4026.4000,4025.6000,4029.0000,4029.2000,4029.4000,4029.6000,4030.0000,1,1,2,1,1,1,4,4,1,3
SF,IF2006,2020-02-19 14:20:17.400,4029.0000,24219,0,7873213200.000,0,-,-,-,-,4027.8000,4027.4000,4027.2000,4026.4000,4025.6000,4028.8000,4029.0000,4029.2000,4029.4000,4029.6000,1,1,2,1,1,1,1,4,4,1
SF,IF2006,2020-02-19 14:20:17.900,4029.0000,24219,0,7873213200.000,0,-,-,-,-,4027.8000,4027.4000,4027.2000,4026.4000,4025.6000,4028.8000,4029.0000,4029.2000,4029.4000,4029.6000,3,1,2,1,1,1,1,5,4,1
SF,IF2006,2020-02-19 14:20:20.400,4029.0000,24219,0,7873213200.000,0,-,-,-,-,4027.8000,4027.4000,4027.2000,4025.6000,4025.4000,4028.8000,4029.0000,4029.2000,4029.6000,4030.0000,3,1,2,1,3,1,1,5,1,3
SF,IF2006,2020-02-19 14:20:20.900,4029.0000,24219,0,7873213200.000,0,-,-,-,-,4027.8000,4027.4000,4027.2000,4025.6000,4025.4000,4028.6000,4028.8000,4029.0000,4029.2000,4029.6000,3,1,2,1,3,1,1,1,5,1
SF,IF2006,2020-02-19 14:20:21.400,4029.0000,24219,0,7873213200.000,0,-,-,-,-,4027.8000,4027.4000,4027.2000,4025.6000,4025.4000,4028.8000,4029.0000,4029.2000,4029.6000,4030.0000,3,1,2,1,3,1,1,3,1,3
SF,IF2006,2020-02-19 14:20:21.900,4029.0000,24219,0,7873213200.000,0,-,-,-,-,4027.8000,4027.4000,4027.2000,4025.6000,4025.4000,4028.6000,4028.8000,4029.0000,4029.2000,4029.6000,3,1,2,1,3,1,1,1,3,1
SF,IF2006,2020-02-19 14:20:22.900,4028.6000,24219,0,7874421780.000,1,0,1,空换,B,4027.8000,4027.2000,4025.6000,4025.4000,4025.2000,4028.8000,4029.2000,4029.6000,4030.0000,4030.8000,3,1,1,3,1,1,3,1,3,1
SF,IF2006,2020-02-19 14:20:23.400,4028.6000,24219,0,7874421780.000,0,-,-,-,-,4028.2000,4027.8000,4027.2000,4025.6000,4025.4000,4028.8000,4029.2000,4029.6000,4030.0000,4030.8000,1,3,1,1,3,1,3,1,3,1
SF,IF2006,2020-02-19 14:20:23.900,4028.2000,24219,0,7875630240.000,1,0,1,空换,B,4027.8000,4027.2000,4025.6000,4025.4000,4025.2000,4028.8000,4029.2000,4029.6000,4030.0000,4030.8000,3,1,1,3,1,1,3,1,3,1
SF,IF2006,2020-02-19 14:20:24.900,4028.2000,24219,0,7875630240.000,0,-,-,-,-,4028.0000,4027.8000,4027.2000,4025.6000,4025.4000,4028.8000,4029.2000,4029.6000,4030.0000,4030.8000,1,3,1,1,3,1,3,1,3,1
SF,IF2006,2020-02-19 14:20:25.400,4028.2000,24219,0,7875630240.000,0,-,-,-,-,4028.0000,4027.8000,4027.2000,4025.6000,4025.4000,4028.6000,4028.8000,4029.2000,4029.6000,4030.0000,1,3,1,1,3,1,1,3,1,3
SF,IF2006,2020-02-19 14:20:26.900,4028.2000,24219,0,7875630240.000,0,-,-,-,-,4028.0000,4027.8000,4027.2000,4025.6000,4025.4000,4028.6000,4028.8000,4029.0000,4029.2000,4029.6000,1,3,1,1,3,1,1,1,3,1
SF,IF2006,2020-02-19 14:20:27.900,4028.2000,24219,0,7875630240.000,0,-,-,-,-,4028.0000,4027.8000,4025.6000,4025.4000,4025.0000,4028.6000,4028.8000,4029.0000,4029.2000,4029.6000,1,3,1,3,52,1,1,1,3,1
SF,IF2006,2020-02-19 14:20:28.400,4028.0000,24220,1,7876838640.000,1,1,0,双开,B,4027.8000,4025.6000,4025.4000,4025.0000,4024.8000,4028.6000,4028.8000,4029.0000,4029.2000,4029.6000,3,1,3,52,2,1,1,1,3,1
SF,IF2006,2020-02-19 14:20:29.400,4028.0000,24220,0,7876838640.000,0,-,-,-,-,4028.2000,4027.8000,4025.6000,4025.4000,4025.0000,4028.8000,4029.0000,4029.2000,4029.6000,4030.0000,1,3,1,3,52,1,1,3,1,3
SF,IF2006,2020-02-19 14:20:29.900,4028.0000,24220,0,7876838640.000,0,-,-,-,-,4028.2000,4028.0000,4027.8000,4025.6000,4025.4000,4028.8000,4029.0000,4029.2000,4029.6000,4030.0000,1,1,3,1,3,1,1,3,1,3
SF,IF2006,2020-02-19 14:20:31.400,4028.0000,24220,0,7876838640.000,0,-,-,-,-,4028.0000,4027.8000,4025.6000,4025.4000,4025.0000,4028.8000,4029.0000,4029.2000,4029.6000,4030.0000,1,3,1,3,52,1,1,3,1,3
SF,IF2006,2020-02-19 14:20:31.900,4028.0000,24220,0,7876838640.000,0,-,-,-,-,4028.6000,4028.0000,4027.8000,4025.6000,4025.4000,4028.8000,4029.0000,4029.2000,4029.6000,4030.0000,2,1,3,1,3,1,1,3,1,3
SF,IF2006,2020-02-19 14:20:32.400,4028.6000,24222,2,7879255800.000,2,2,0,双开,B,4028.0000,4027.8000,4025.6000,4025.4000,4025.0000,4028.8000,4029.0000,4029.2000,4029.6000,4030.0000,1,3,1,3,52,1,1,3,1,3
SF,IF2006,2020-02-19 14:20:34.400,4028.6000,24222,0,7879255800.000,0,-,-,-,-,4027.8000,4025.6000,4025.4000,4025.0000,4024.8000,4028.6000,4028.8000,4029.0000,4029.2000,4029.6000,3,1,3,52,2,1,1,1,3,1
SF,IF2006,2020-02-19 14:20:34.900,4028.6000,24222,0,7879255800.000,0,-,-,-,-,4027.8000,4025.6000,4025.4000,4025.0000,4024.8000,4028.6000,4028.8000,4029.0000,4029.2000,4029.6000,3,1,3,52,2,1,1,1,3,1
SF,IF2006,2020-02-19 14:20:36.900,4028.6000,24222,0,7880464380.000,1,0,1,空换,B,4027.8000,4025.6000,4025.4000,4025.0000,4024.8000,4028.8000,4029.0000,4029.2000,4029.6000,4030.0000,3,1,3,52,2,1,1,3,1,3
SF,IF2006,2020-02-19 14:20:37.400,4028.6000,24222,0,7880464380.000,0,-,-,-,-,4028.4000,4028.2000,4028.0000,4027.8000,4025.6000,4028.8000,4029.0000,4029.2000,4029.6000,4030.0000,1,6,1,5,1,1,1,3,1,3
SF,IF2006,2020-02-19 14:20:37.900,4028.6000,24222,0,7880464380.000,0,-,-,-,-,4028.0000,4027.8000,4025.6000,4025.4000,4025.0000,4028.8000,4029.0000,4029.2000,4029.6000,4030.0000,3,3,1,3,52,1,1,3,1,3
SF,IF2006,2020-02-19 14:20:38.400,4028.2000,24222,0,7881672840.000,1,0,1,空换,B,4028.0000,4027.8000,4025.6000,4025.4000,4025.0000,4028.8000,4029.0000,4029.2000,4029.6000,4030.0000,3,3,1,3,52,1,1,3,1,3
SF,IF2006,2020-02-19 14:20:38.900,4028.8000,24223,1,7882881480.000,1,1,0,双开,B,4028.4000,4028.0000,4027.8000,4025.6000,4025.4000,4029.0000,4029.2000,4029.6000,4030.0000,4030.6000,1,2,3,1,3,1,3,1,3,1
SF,IF2006,2020-02-19 14:20:39.900,4028.8000,24223,0,7882881480.000,0,-,-,-,-,4028.4000,4028.0000,4027.8000,4025.6000,4025.4000,4029.0000,4029.2000,4029.6000,4030.0000,4030.6000,1,2,3,1,3,1,3,1,3,1
SF,IF2006,2020-02-19 14:20:40.400,4029.0000,24223,0,7884090180.000,1,0,1,空换,B,4028.4000,4028.0000,4027.8000,4025.6000,4025.4000,4029.2000,4029.6000,4030.0000,4030.6000,4030.8000,1,2,3,1,3,3,1,3,1,1
SF,IF2006,2020-02-19 14:20:40.900,4029.2000,24221,-2,7886507700.000,2,0,2,双平,B,4028.6000,4028.4000,4028.0000,4027.8000,4025.6000,4029.2000,4029.6000,4030.0000,4030.6000,4030.8000,4,2,2,3,1,1,1,3,1,1
SF,IF2006,2020-02-19 14:20:41.400,4029.2000,24221,0,7887716460.000,1,0,1,空换,B,4029.2000,4029.0000,4028.8000,4028.6000,4028.4000,4029.6000,4030.0000,4030.6000,4030.8000,4032.4000,1,1,1,2,2,1,3,1,1,1
SF,IF2006,2020-02-19 14:20:41.900,4029.6000,24221,0,7888925340.000,1,0,1,空换,B,4029.8000,4029.6000,4029.0000,4028.8000,4028.6000,4030.0000,4030.6000,4030.8000,4032.4000,4032.6000,1,1,2,3,2,3,1,1,1,1
SF,IF2006,2020-02-19 14:20:42.400,4030.0000,24223,2,7892552340.000,3,2,1,多开,B,4029.8000,4029.0000,4028.8000,4028.6000,4028.4000,4030.6000,4030.8000,4032.4000,4032.6000,4033.0000,1,2,3,2,2,1,1,1,1,1
SF,IF2006,2020-02-19 14:20:42.900,4030.0000,24223,0,7892552340.000,0,-,-,-,-,4029.0000,4028.8000,4028.6000,4028.4000,4028.0000,4030.6000,4030.8000,4032.4000,4032.6000,4033.0000,2,3,2,2,1,1,1,1,1,1
SF,IF2006,2020-02-19 14:20:43.400,4030.6000,24224,1,7893761520.000,1,1,0,双开,B,4029.6000,4029.4000,4029.2000,4029.0000,4028.8000,4030.8000,4032.4000,4032.6000,4033.0000,4033.2000,1,3,4,3,3,1,1,1,1,2
SF,IF2006,2020-02-19 14:20:43.900,4030.6000,24224,0,7893761520.000,0,-,-,-,-,4029.8000,4029.6000,4029.4000,4029.2000,4029.0000,4030.8000,4032.4000,4032.6000,4033.0000,4033.2000,3,1,3,3,2,1,1,1,1,2
SF,IF2006,2020-02-19 14:20:44.400,4030.6000,24224,0,7893761520.000,0,-,-,-,-,4030.0000,4029.8000,4029.6000,4029.4000,4029.2000,4030.8000,4032.4000,4032.6000,4033.0000,4033.2000,1,4,1,1,2,1,1,1,1,2
SF,IF2006,2020-02-19 14:20:44.900,4030.4000,24225,1,7896179880.000,2,1,1,多开,B,4030.4000,4030.2000,4030.0000,4029.8000,4029.6000,4032.4000,4032.6000,4033.0000,4033.2000,4034.6000,1,1,1,3,1,1,1,1,2,1
SF,IF2006,2020-02-19 14:20:45.400,4030.4000,24225,0,7896179880.000,0,-,-,-,-,4030.6000,4030.2000,4030.0000,4029.8000,4029.6000,4032.0000,4032.4000,4032.6000,4033.0000,4033.2000,3,1,1,1,1,1,1,1,1,2
SF,IF2006,2020-02-19 14:20:45.900,4032.0000,24226,1,7898598600.000,2,1,1,多开,B,4030.6000,4030.2000,4030.0000,4029.8000,4029.6000,4032.2000,4032.4000,4032.6000,4033.0000,4033.2000,2,1,1,1,1,1,1,1,1,2
SF,IF2006,2020-02-19 14:20:46.400,4032.0000,24225,-1,7899808200.000,1,0,1,双平,B,4030.8000,4030.6000,4030.0000,4029.8000,4029.6000,4032.2000,4032.4000,4032.6000,4033.0000,4033.2000,1,2,1,1,1,1,1,1,1,2
SF,IF2006,2020-02-19 14:20:46.900,4032.0000,24225,0,7899808200.000,0,-,-,-,-,4030.8000,4030.6000,4030.0000,4029.8000,4029.6000,4032.4000,4032.6000,4033.0000,4033.2000,4034.6000,1,2,1,1,1,1,1,1,2,1
SF,IF2006,2020-02-19 14:20:47.400,4032.0000,24225,0,7899808200.000,0,-,-,-,-,4030.8000,4030.6000,4030.0000,4029.8000,4029.6000,4032.4000,4032.6000,4033.0000,4033.2000,4034.6000,1,2,1,1,1,1,1,1,2,1
SF,IF2006,2020-02-19 14:20:47.900,4032.0000,24225,0,7899808200.000,0,-,-,-,-,4030.8000,4030.6000,4030.0000,4029.8000,4029.6000,4032.2000,4032.4000,4032.6000,4033.0000,4033.2000,1,2,1,1,1,1,1,1,1,2
SF,IF2006,2020-02-19 14:20:49.400,4032.0000,24225,0,7899808200.000,0,-,-,-,-,4030.6000,4030.0000,4029.8000,4029.6000,4029.4000,4032.0000,4032.2000,4032.4000,4032.6000,4033.0000,2,1,1,1,1,1,1,1,1,1
SF,IF2006,2020-02-19 14:20:49.900,4032.0000,24225,0,7899808200.000,0,-,-,-,-,4030.0000,4029.8000,4029.6000,4029.4000,4029.2000,4032.0000,4032.4000,4032.6000,4033.0000,4033.2000,1,1,1,1,2,2,1,1,1,2
SF,IF2006,2020-02-19 14:20:50.400,4032.0000,24225,0,7901017800.000,1,0,1,空换,B,4030.4000,4030.2000,4030.0000,4029.8000,4029.4000,4030.6000,4031.8000,4032.0000,4032.4000,4032.6000,3,2,1,1,1,2,3,1,1,1
SF,IF2006,2020-02-19 14:20:50.900,4030.6000,24225,0,7903436160.000,2,1,1,空换,B,4031.0000,4030.8000,4030.6000,4030.4000,4030.0000,4031.8000,4032.0000,4032.4000,4032.6000,4033.0000,1,1,1,3,1,1,1,1,1,1
SF,IF2006,2020-02-19 14:20:51.400,4031.8000,24224,-1,7904645700.000,1,0,1,双平,B,4031.0000,4030.8000,4030.6000,4030.0000,4029.8000,4032.0000,4032.4000,4032.6000,4033.0000,4033.2000,1,1,2,1,1,1,1,1,1,2
SF,IF2006,2020-02-19 14:20:52.400,4031.8000,24224,0,7904645700.000,0,-,-,-,-,4031.8000,4031.0000,4030.8000,4030.6000,4030.0000,4032.0000,4032.4000,4032.6000,4033.0000,4033.2000,1,1,1,3,1,1,1,1,1,2
SF,IF2006,2020-02-19 14:20:52.900,4031.8000,24224,0,7905855240.000,1,0,1,空换,B,4032.0000,4030.6000,4030.0000,4029.8000,4029.4000,4032.2000,4032.4000,4032.6000,4033.0000,4033.2000,1,3,1,1,1,1,1,1,1,2
SF,IF2006,2020-02-19 14:20:53.400,4032.0000,24225,1,7907064840.000,1,1,0,双开,B,4030.6000,4030.0000,4029.8000,4029.4000,4029.2000,4032.2000,4032.4000,4032.6000,4033.0000,4033.2000,3,1,1,1,2,1,1,1,1,2
SF,IF2006,2020-02-19 14:20:53.900,4032.0000,24225,0,7907064840.000,0,-,-,-,-,4030.8000,4030.6000,4030.0000,4029.8000,4029.4000,4032.2000,4032.4000,4032.6000,4033.0000,4033.2000,2,3,1,1,1,1,1,1,1,2
SF,IF2006,2020-02-19 14:20:54.400,4032.2000,24225,0,7908274500.000,1,0,1,空换,B,4030.8000,4030.6000,4030.0000,4029.8000,4029.2000,4032.4000,4032.6000,4033.0000,4033.2000,4034.6000,2,3,1,1,2,1,1,1,2,1
SF,IF2006,2020-02-19 14:20:54.900,4032.2000,24225,0,7908274500.000,0,-,-,-,-,4031.0000,4030.8000,4030.6000,4030.0000,4029.2000,4032.4000,4032.6000,4033.0000,4033.2000,4034.6000,1,2,3,1,2,1,1,1,2,1
SF,IF2006,2020-02-19 14:20:55.400,4032.2000,24225,0,7908274500.000,0,-,-,-,-,4031.2000,4031.0000,4030.6000,4030.0000,4029.2000,4032.4000,4032.6000,4033.0000,4033.2000,4034.6000,2,1,3,1,2,1,1,1,2,1
SF,IF2006,2020-02-19 14:20:55.900,4032.4000,24226,1,7909484220.000,1,1,0,双开,B,4031.2000,4030.6000,4030.0000,4029.2000,4029.0000,4032.6000,4033.0000,4033.2000,4034.6000,4036.6000,2,3,1,2,1,1,1,2,1,1
SF,IF2006,2020-02-19 14:20:56.400,4032.4000,24226,0,7909484220.000,0,-,-,-,-,4031.6000,4031.2000,4030.6000,4030.0000,4029.2000,4032.6000,4033.0000,4033.2000,4034.6000,4036.6000,1,2,3,1,2,1,1,2,1,1
SF,IF2006,2020-02-19 14:20:56.900,4032.4000,24227,1,7910693940.000,1,1,0,双开,B,4031.6000,4031.2000,4030.6000,4030.0000,4029.2000,4032.6000,4033.0000,4033.2000,4034.6000,4036.6000,1,2,2,1,2,1,1,2,1,1
SF,IF2006,2020-02-19 14:20:57.400,4032.4000,24227,0,7910693940.000,0,-,-,-,-,4031.6000,4031.2000,4030.6000,4030.2000,4030.0000,4032.6000,4033.0000,4033.2000,4034.6000,4036.6000,1,2,2,1,1,1,1,2,1,1
SF,IF2006,2020-02-19 14:20:57.900,4032.4000,24227,0,7910693940.000,0,-,-,-,-,4031.6000,4031.2000,4030.6000,4030.2000,4030.0000,4032.4000,4032.6000,4033.0000,4033.2000,4034.6000,1,2,1,1,1,1,1,1,2,1
SF,IF2006,2020-02-19 14:21:01.400,4032.4000,24227,0,7910693940.000,0,-,-,-,-,4031.2000,4030.6000,4030.2000,4030.0000,4029.2000,4032.4000,4032.6000,4033.0000,4033.2000,4034.6000,2,2,1,1,2,1,1,1,2,1
SF,IF2006,2020-02-19 14:21:01.900,4032.4000,24227,0,7910693940.000,0,-,-,-,-,4031.2000,4030.6000,4030.2000,4030.0000,4029.2000,4032.2000,4032.4000,4032.6000,4033.0000,4033.2000,2,2,1,1,2,1,1,1,1,2
SF,IF2006,2020-02-19 14:21:02.400,4032.4000,24227,0,7910693940.000,0,-,-,-,-,4031.2000,4030.6000,4029.2000,4029.0000,4028.0000,4032.2000,4032.4000,4032.6000,4033.0000,4033.2000,2,2,2,1,1,1,1,1,1,2
SF,IF2006,2020-02-19 14:21:02.900,4032.4000,24227,0,7910693940.000,0,-,-,-,-,4031.2000,4030.6000,4029.2000,4029.0000,4028.0000,4032.0000,4032.2000,4032.6000,4033.0000,4033.2000,2,2,2,1,1,1,1,1,1,2
SF,IF2006,2020-02-19 14:21:03.400,4032.4000,24227,0,7910693940.000,0,-,-,-,-,4030.6000,4029.2000,4029.0000,4028.0000,4027.8000,4032.0000,4032.2000,4032.6000,4033.0000,4033.2000,2,2,1,1,2,1,1,1,1,2
SF,IF2006,2020-02-19 14:21:03.900,4032.4000,24227,0,7910693940.000,0,-,-,-,-,4030.8000,4030.6000,4029.2000,4029.0000,4028.0000,4032.0000,4032.6000,4033.0000,4033.2000,4034.6000,2,2,2,1,1,1,1,1,2,1
SF,IF2006,2020-02-19 14:21:04.900,4032.4000,24227,0,7910693940.000,0,-,-,-,-,4031.0000,4030.8000,4030.6000,4029.2000,4029.0000,4032.0000,4032.6000,4033.0000,4033.2000,4034.6000,1,2,2,2,1,1,1,1,2,1
SF,IF2006,2020-02-19 14:21:05.400,4032.4000,24227,0,7910693940.000,0,-,-,-,-,4031.0000,4030.8000,4030.6000,4029.2000,4029.0000,4032.0000,4032.6000,4033.0000,4033.2000,4034.6000,1,2,2,2,1,1,1,1,2,1
SF,IF2006,2020-02-19 14:21:05.900,4032.0000,24228,1,7911903540.000,1,1,0,双开,B,4031.0000,4030.8000,4030.6000,4029.2000,4029.0000,4031.8000,4032.6000,4033.0000,4033.2000,4034.6000,1,2,2,2,1,1,1,1,2,1
SF,IF2006,2020-02-19 14:21:06.400,4032.0000,24228,0,7911903540.000,0,-,-,-,-,4030.8000,4030.6000,4029.2000,4029.0000,4027.8000,4032.6000,4033.0000,4033.2000,4034.6000,4036.6000,2,2,2,1,2,1,1,2,1,1
SF,IF2006,2020-02-19 14:21:06.900,4032.0000,24228,0,7911903540.000,0,-,-,-,-,4030.8000,4030.6000,4029.2000,4029.0000,4027.8000,4031.6000,4032.4000,4032.6000,4033.0000,4033.2000,2,2,2,1,2,1,4,1,1,2
SF,IF2006,2020-02-19 14:21:07.400,4032.0000,24228,0,7911903540.000,0,-,-,-,-,4031.0000,4030.8000,4030.6000,4029.2000,4029.0000,4032.4000,4032.6000,4033.0000,4033.2000,4034.6000,2,2,2,2,1,4,1,1,2,1
SF,IF2006,2020-02-19 14:21:07.900,4032.0000,24228,0,7911903540.000,0,-,-,-,-,4031.0000,4030.8000,4030.6000,4029.2000,4029.0000,4032.2000,4032.4000,4032.6000,4033.0000,4033.2000,2,2,2,2,1,2,2,1,1,2
SF,IF2006,2020-02-19 14:21:08.400,4032.0000,24228,0,7911903540.000,0,-,-,-,-,4031.0000,4030.8000,4030.6000,4029.2000,4029.0000,4032.0000,4032.2000,4032.4000,4032.6000,4033.0000,2,2,2,2,1,2,1,2,1,1
SF,IF2006,2020-02-19 14:21:08.900,4032.0000,24228,0,7911903540.000,0,-,-,-,-,4031.0000,4030.8000,4030.6000,4029.2000,4029.0000,4032.0000,4032.4000,4032.6000,4033.0000,4033.2000,2,2,2,2,1,2,2,1,1,2
SF,IF2006,2020-02-19 14:21:09.400,4032.0000,24229,1,7913113140.000,1,1,0,双开,B,4031.0000,4030.8000,4030.6000,4029.2000,4029.0000,4032.0000,4032.4000,4032.6000,4033.0000,4033.2000,2,2,2,2,1,2,2,1,1,2
SF,IF2006,2020-02-19 14:21:09.900,4032.0000,24229,0,7913113140.000,0,-,-,-,-,4031.2000,4030.6000,4029.2000,4029.0000,4027.8000,4032.6000,4033.0000,4033.2000,4034.6000,4036.6000,2,2,2,1,2,1,1,2,1,1
SF,IF2006,2020-02-19 14:21:10.400,4032.0000,24229,0,7913113140.000,0,-,-,-,-,4031.2000,4030.6000,4029.2000,4029.0000,4027.8000,4032.4000,4032.6000,4033.0000,4033.2000,4034.6000,2,2,2,1,2,2,1,1,2,1
SF,IF2006,2020-02-19 14:21:10.900,4032.0000,24229,0,7913113140.000,0,-,-,-,-,4031.4000,4031.2000,4030.6000,4029.2000,4029.0000,4032.6000,4033.0000,4033.2000,4034.6000,4036.6000,1,2,2,2,1,1,1,2,1,1
SF,IF2006,2020-02-19 14:21:11.900,4032.0000,24229,0,7913113140.000,0,-,-,-,-,4031.6000,4031.4000,4031.2000,4030.6000,4029.2000,4032.4000,4032.6000,4033.0000,4033.2000,4034.6000,2,1,2,2,2,2,1,1,2,1
SF,IF2006,2020-02-19 14:21:12.400,4032.0000,24229,0,7913113140.000,0,-,-,-,-,4031.6000,4031.4000,4031.2000,4030.6000,4029.2000,4032.4000,4032.6000,4033.0000,4033.2000,4034.6000,2,1,2,2,2,2,1,1,2,1
SF,IF2006,2020-02-19 14:21:13.900,4032.4000,24230,1,7914322860.000,1,1,0,双开,B,4031.6000,4031.4000,4031.2000,4030.6000,4029.2000,4032.6000,4033.0000,4033.2000,4034.6000,4035.0000,2,1,2,2,2,2,1,2,1,1
SF,IF2006,2020-02-19 14:21:14.400,4032.4000,24230,0,7914322860.000,0,-,-,-,-,4031.6000,4031.4000,4031.2000,4030.6000,4029.2000,4032.4000,4032.6000,4033.0000,4033.2000,4034.6000,2,1,2,2,2,1,2,1,2,1
SF,IF2006,2020-02-19 14:21:15.900,4032.4000,24230,0,7914322860.000,0,-,-,-,-,4031.4000,4031.2000,4030.6000,4029.2000,4029.0000,4032.6000,4033.0000,4033.2000,4034.6000,4035.0000,1,2,2,2,1,2,1,2,1,3
SF,IF2006,2020-02-19 14:21:16.400,4032.4000,24230,0,7914322860.000,0,-,-,-,-,4031.6000,4031.4000,4031.2000,4030.6000,4029.2000,4032.4000,4032.6000,4033.0000,4033.2000,4034.6000,2,1,2,2,2,1,2,1,2,1
SF,IF2006,2020-02-19 14:21:17.400,4032.4000,24230,0,7914322860.000,0,-,-,-,-,4031.4000,4031.2000,4030.6000,4029.2000,4029.0000,4032.4000,4032.6000,4033.0000,4033.2000,4034.6000,1,2,2,2,1,1,2,1,2,1
SF,IF2006,2020-02-19 14:21:17.900,4032.4000,24230,0,7914322860.000,0,-,-,-,-,4031.4000,4031.2000,4030.6000,4029.2000,4029.0000,4032.2000,4032.6000,4033.0000,4033.2000,4034.6000,1,2,2,2,1,1,2,1,2,1
SF,IF2006,2020-02-19 14:21:18.400,4032.4000,24230,0,7914322860.000,0,-,-,-,-,4031.4000,4031.2000,4030.6000,4029.2000,4029.0000,4032.0000,4032.2000,4032.6000,4033.0000,4033.2000,1,2,2,2,1,1,1,2,1,2
SF,IF2006,2020-02-19 14:21:18.900,4032.4000,24230,0,7914322860.000,0,-,-,-,-,4031.2000,4030.6000,4029.2000,4029.0000,4027.8000,4032.0000,4032.2000,4032.6000,4033.0000,4033.2000,2,2,2,1,2,1,1,2,1,2
SF,IF2006,2020-02-19 14:21:20.400,4032.4000,24230,0,7915532580.000,1,0,1,空换,B,4031.2000,4030.6000,4029.2000,4029.0000,4027.8000,4032.2000,4032.6000,4033.0000,4033.2000,4034.6000,2,2,2,1,2,1,2,1,2,1
SF,IF2006,2020-02-19 14:21:20.900,4032.4000,24230,0,7915532580.000,0,-,-,-,-,4031.4000,4030.6000,4029.2000,4029.0000,4027.8000,4032.2000,4032.6000,4033.0000,4033.2000,4034.6000,1,2,2,1,2,1,2,1,2,1
SF,IF2006,2020-02-19 14:21:21.400,4032.4000,24230,0,7915532580.000,0,-,-,-,-,4031.4000,4030.6000,4029.2000,4029.0000,4027.8000,4032.2000,4032.6000,4033.0000,4033.2000,4034.6000,1,2,2,1,2,1,2,1,2,1
SF,IF2006,2020-02-19 14:21:21.900,4032.4000,24230,0,7915532580.000,0,-,-,-,-,4031.4000,4030.6000,4029.2000,4029.0000,4027.8000,4032.0000,4032.2000,4032.6000,4033.0000,4033.2000,1,2,2,1,2,1,1,2,1,2
SF,IF2006,2020-02-19 14:21:24.900,4032.4000,24230,0,7915532580.000,0,-,-,-,-,4031.6000,4031.4000,4030.6000,4029.2000,4029.0000,4032.0000,4032.2000,4032.6000,4033.0000,4033.2000,1,1,2,2,1,1,1,2,1,2
SF,IF2006,2020-02-19 14:21:25.400,4032.4000,24230,0,7915532580.000,0,-,-,-,-,4031.6000,4031.4000,4030.6000,4029.2000,4029.0000,4032.0000,4032.2000,4032.6000,4033.0000,4033.2000,1,1,2,2,1,1,1,2,1,2
SF,IF2006,2020-02-19 14:21:25.900,4032.0000,24230,0,7916742180.000,1,0,1,空换,B,4032.0000,4031.6000,4030.6000,4029.2000,4029.0000,4032.2000,4032.6000,4033.0000,4033.2000,4034.6000,2,1,2,2,1,1,2,1,2,1
SF,IF2006,2020-02-19 14:21:27.400,4032.0000,24230,0,7916742180.000,0,-,-,-,-,4032.0000,4030.6000,4029.2000,4029.0000,4027.8000,4032.2000,4032.6000,4033.0000,4033.2000,4034.6000,3,2,2,1,2,1,2,1,2,1
SF,IF2006,2020-02-19 14:21:27.900,4032.0000,24230,0,7916742180.000,0,-,-,-,-,4032.0000,4030.6000,4029.2000,4029.0000,4027.8000,4032.6000,4033.0000,4033.2000,4034.6000,4035.0000,3,2,2,1,2,2,1,2,1,3
SF,IF2006,2020-02-19 14:21:28.400,4032.0000,24231,1,7917951780.000,1,1,0,双开,B,4032.0000,4030.6000,4029.2000,4029.0000,4027.8000,4032.4000,4032.6000,4033.0000,4033.2000,4034.6000,2,2,2,1,2,1,2,1,2,1
SF,IF2006,2020-02-19 14:21:28.900,4032.0000,24231,0,7917951780.000,0,-,-,-,-,4032.0000,4030.6000,4029.2000,4029.0000,4027.8000,4032.6000,4033.0000,4033.2000,4034.6000,4035.0000,2,2,2,1,2,2,1,2,1,4
SF,IF2006,2020-02-19 14:21:29.400,4032.0000,24231,0,7917951780.000,0,-,-,-,-,4032.0000,4031.8000,4030.6000,4029.2000,4029.0000,4032.6000,4033.0000,4033.2000,4034.6000,4035.0000,2,1,2,2,1,2,1,2,1,4
SF,IF2006,2020-02-19 14:21:29.900,4032.0000,24233,2,7920370980.000,2,2,0,双开,B,4031.8000,4030.6000,4029.2000,4029.0000,4027.8000,4032.0000,4032.4000,4032.6000,4033.0000,4033.2000,1,2,2,1,2,4,5,2,1,2
SF,IF2006,2020-02-19 14:21:30.400,4031.8000,24234,1,7921580520.000,1,1,0,双开,B,4030.6000,4029.2000,4029.0000,4027.8000,4026.0000,4032.0000,4032.4000,4032.6000,4033.0000,4033.2000,2,2,1,2,1,4,5,2,1,2
SF,IF2006,2020-02-19 14:21:30.900,4031.8000,24234,0,7921580520.000,0,-,-,-,-,4030.8000,4030.6000,4029.2000,4029.0000,4027.8000,4032.0000,4032.4000,4032.6000,4033.0000,4033.2000,2,2,2,1,2,5,5,2,1,2
SF,IF2006,2020-02-19 14:21:31.400,4031.8000,24234,0,7921580520.000,0,-,-,-,-,4031.0000,4030.8000,4030.6000,4029.2000,4029.0000,4032.0000,4032.6000,4033.0000,4033.2000,4034.6000,2,2,2,2,1,1,2,1,2,1
SF,IF2006,2020-02-19 14:21:31.900,4031.8000,24234,0,7921580520.000,0,-,-,-,-,4031.2000,4031.0000,4030.8000,4030.6000,4029.2000,4032.0000,4032.6000,4033.0000,4033.2000,4034.6000,1,2,2,2,2,1,2,1,2,1
SF,IF2006,2020-02-19 14:21:32.400,4031.8000,24234,0,7921580520.000,0,-,-,-,-,4031.4000,4031.2000,4030.8000,4030.6000,4029.2000,4032.0000,4032.6000,4033.0000,4033.2000,4034.6000,2,1,2,2,2,2,2,1,2,1
SF,IF2006,2020-02-19 14:21:34.400,4031.8000,24234,0,7921580520.000,0,-,-,-,-,4031.4000,4031.2000,4030.8000,4030.6000,4029.2000,4032.0000,4032.6000,4033.0000,4033.2000,4034.6000,2,1,2,2,2,2,2,1,2,1
SF,IF2006,2020-02-19 14:21:34.900,4031.8000,24234,0,7921580520.000,0,-,-,-,-,4031.6000,4031.4000,4030.8000,4030.6000,4029.2000,4032.0000,4032.6000,4033.0000,4033.2000,4034.6000,1,2,2,2,2,2,2,1,2,1
SF,IF2006,2020-02-19 14:21:35.400,4031.8000,24234,0,7922790060.000,1,0,1,空换,B,4031.6000,4031.4000,4030.8000,4030.6000,4029.2000,4032.0000,4032.6000,4033.0000,4033.2000,4034.6000,1,2,2,2,2,2,2,1,2,1
SF,IF2006,2020-02-19 14:21:35.900,4032.0000,24234,0,7925209260.000,2,1,1,空换,B,4031.6000,4031.4000,4030.6000,4029.2000,4029.0000,4032.6000,4033.0000,4033.2000,4034.6000,4035.0000,1,2,2,2,1,2,1,2,1,4
SF,IF2006,2020-02-19 14:21:36.400,4032.0000,24234,0,7925209260.000,0,-,-,-,-,4032.2000,4031.6000,4030.6000,4029.2000,4029.0000,4032.6000,4033.0000,4033.2000,4034.6000,4035.0000,3,1,2,2,1,2,1,2,1,4
SF,IF2006,2020-02-19 14:21:36.900,4032.0000,24234,0,7925209260.000,0,-,-,-,-,4031.6000,4030.6000,4029.2000,4029.0000,4027.8000,4032.6000,4033.0000,4033.2000,4034.6000,4035.0000,1,2,2,1,2,2,1,2,1,4
SF,IF2006,2020-02-19 14:21:37.400,4032.0000,24234,0,7925209260.000,0,-,-,-,-,4031.8000,4031.6000,4030.6000,4029.2000,4029.0000,4032.6000,4033.0000,4033.2000,4034.6000,4035.0000,3,1,2,2,1,2,1,2,1,4
SF,IF2006,2020-02-19 14:21:37.900,4032.0000,24234,0,7925209260.000,0,-,-,-,-,4032.0000,4031.8000,4031.6000,4030.6000,4029.2000,4032.6000,4033.0000,4033.2000,4034.6000,4035.0000,2,1,1,2,2,2,1,2,1,4
SF,IF2006,2020-02-19 14:21:38.900,4032.0000,24234,0,7925209260.000,0,-,-,-,-,4032.0000,4031.8000,4031.6000,4030.6000,4030.2000,4032.6000,4033.0000,4033.2000,4034.6000,4035.0000,2,1,1,2,2,2,1,2,1,4
SF,IF2006,2020-02-19 14:21:39.400,4032.6000,24234,0,7926419040.000,1,0,1,空换,B,4032.2000,4031.8000,4030.6000,4030.2000,4029.2000,4032.6000,4033.0000,4033.2000,4034.6000,4035.0000,1,1,2,2,2,1,1,3,1,4
SF,IF2006,2020-02-19 14:21:39.900,4032.6000,24234,0,7927628820.000,1,0,1,空换,B,4032.2000,4031.8000,4030.6000,4030.2000,4029.2000,4033.0000,4033.2000,4034.6000,4035.0000,4036.6000,1,1,2,2,2,1,3,1,4,1
SF,IF2006,2020-02-19 14:21:41.400,4032.6000,24234,0,7927628820.000,0,-,-,-,-,4032.2000,4032.0000,4031.8000,4030.6000,4030.2000,4033.0000,4033.2000,4034.6000,4035.0000,4036.6000,1,1,1,2,2,1,3,1,4,1
SF,IF2006,2020-02-19 14:21:41.900,4033.0000,24234,0,7928838720.000,1,0,1,空换,B,4032.4000,4032.2000,4030.6000,4030.2000,4029.2000,4033.2000,4034.6000,4035.0000,4036.6000,4037.6000,1,1,2,2,2,3,1,4,1,1
SF,IF2006,2020-02-19 14:21:42.400,4033.0000,24234,0,7928838720.000,0,-,-,-,-,4032.4000,4032.2000,4031.0000,4030.6000,4030.2000,4033.0000,4033.2000,4034.6000,4035.0000,4036.6000,1,1,1,2,2,1,3,1,4,1
SF,IF2006,2020-02-19 14:21:42.900,4033.0000,24234,0,7928838720.000,0,-,-,-,-,4032.4000,4032.2000,4031.0000,4030.6000,4030.2000,4032.8000,4033.2000,4034.6000,4035.0000,4036.6000,1,1,1,2,2,1,3,1,4,1
SF,IF2006,2020-02-19 14:21:43.400,4032.4000,24234,0,7930048440.000,1,0,1,空换,B,4032.2000,4031.0000,4030.6000,4030.2000,4029.2000,4033.2000,4034.6000,4035.0000,4036.6000,4037.6000,1,1,2,2,2,3,1,4,1,1
SF,IF2006,2020-02-19 14:21:46.400,4033.2000,24235,1,7931258400.000,1,1,0,双开,B,4032.2000,4031.0000,4030.6000,4030.2000,4029.2000,4033.2000,4034.6000,4035.0000,4036.6000,4037.6000,1,1,2,2,2,2,1,4,1,1
SF,IF2006,2020-02-19 14:21:47.400,4032.2000,24234,-1,7932468060.000,1,0,1,双平,B,4031.0000,4030.6000,4030.2000,4029.2000,4029.0000,4033.2000,4034.6000,4035.0000,4036.6000,4037.6000,1,2,2,2,1,2,1,4,1,1
SF,IF2006,2020-02-19 14:21:47.900,4032.2000,24234,0,7932468060.000,0,-,-,-,-,4031.4000,4031.2000,4031.0000,4030.6000,4030.2000,4033.2000,4034.6000,4035.0000,4036.6000,4037.6000,2,5,2,2,2,2,1,4,1,1
SF,IF2006,2020-02-19 14:21:48.400,4032.2000,24234,0,7932468060.000,0,-,-,-,-,4031.6000,4031.4000,4031.0000,4030.6000,4030.2000,4033.2000,4034.6000,4035.0000,4036.6000,4037.6000,2,1,1,2,2,2,1,4,1,1
SF,IF2006,2020-02-19 14:21:48.900,4032.2000,24234,0,7932468060.000,0,-,-,-,-,4031.6000,4031.0000,4030.6000,4030.2000,4029.2000,4033.2000,4034.6000,4035.0000,4036.6000,4037.6000,3,1,2,2,1,2,1,4,1,1
SF,IF2006,2020-02-19 14:21:49.400,4032.2000,24234,0,7932468060.000,0,-,-,-,-,4032.0000,4031.8000,4031.6000,4031.0000,4030.6000,4033.2000,4034.6000,4035.0000,4036.6000,4037.6000,4,2,3,1,2,2,1,4,1,1
SF,IF2006,2020-02-19 14:21:49.900,4032.2000,24234,0,7932468060.000,0,-,-,-,-,4032.0000,4031.8000,4031.6000,4031.0000,4030.6000,4033.2000,4034.6000,4035.0000,4036.6000,4037.6000,5,2,3,1,2,2,1,4,1,1
SF,IF2006,2020-02-19 14:21:50.400,4032.2000,24234,0,7932468060.000,0,-,-,-,-,4032.2000,4032.0000,4031.8000,4031.6000,4031.0000,4033.2000,4034.6000,4035.0000,4036.6000,4037.6000,5,4,1,1,1,2,1,4,1,1
SF,IF2006,2020-02-19 14:21:50.900,4032.2000,24234,0,7932468060.000,0,-,-,-,-,4032.2000,4032.0000,4031.8000,4031.0000,4030.6000,4033.2000,4034.6000,4035.0000,4036.6000,4037.6000,5,2,1,1,2,2,1,4,1,1
SF,IF2006,2020-02-19 14:21:51.400,4032.2000,24234,0,7932468060.000,0,-,-,-,-,4032.2000,4032.0000,4031.8000,4031.0000,4030.6000,4033.2000,4034.6000,4035.0000,4036.6000,4037.6000,4,1,1,1,2,2,1,4,1,1
SF,IF2006,2020-02-19 14:21:51.900,4032.2000,24234,0,7932468060.000,0,-,-,-,-,4032.4000,4032.2000,4031.8000,4031.0000,4030.6000,4033.2000,4034.6000,4035.0000,4036.6000,4037.6000,2,2,1,1,2,2,1,4,1,1
SF,IF2006,2020-02-19 14:21:52.400,4032.2000,24234,0,7932468060.000,0,-,-,-,-,4032.4000,4032.2000,4032.0000,4031.8000,4031.0000,4033.2000,4034.6000,4035.0000,4036.6000,4037.6000,2,2,1,1,1,2,1,4,1,1
SF,IF2006,2020-02-19 14:21:52.900,4032.2000,24234,0,7932468060.000,0,-,-,-,-,4032.4000,4032.2000,4032.0000,4031.8000,4031.0000,4033.2000,4034.6000,4035.0000,4036.6000,4037.6000,2,2,1,1,1,2,1,5,1,1
SF,IF2006,2020-02-19 14:21:53.900,4032.2000,24234,0,7932468060.000,0,-,-,-,-,4032.4000,4032.2000,4032.0000,4031.8000,4031.0000,4033.2000,4034.6000,4035.0000,4036.6000,4037.6000,2,2,1,1,1,2,1,5,1,1
SF,IF2006,2020-02-19 14:21:54.400,4032.2000,24234,0,7932468060.000,0,-,-,-,-,4032.4000,4032.2000,4032.0000,4031.8000,4031.0000,4033.2000,4034.6000,4035.0000,4036.6000,4037.6000,2,2,1,1,1,2,1,5,1,1
SF,IF2006,2020-02-19 14:21:56.900,4032.2000,24234,0,7932468060.000,0,-,-,-,-,4032.6000,4032.4000,4032.2000,4032.0000,4031.8000,4033.2000,4034.6000,4035.0000,4036.6000,4037.6000,1,2,2,1,1,2,1,5,1,1
SF,IF2006,2020-02-19 14:22:00.900,4032.2000,24234,0,7932468060.000,0,-,-,-,-,4032.8000,4032.6000,4032.2000,4032.0000,4031.8000,4033.2000,4034.6000,4035.0000,4036.6000,4037.6000,1,1,2,1,1,2,1,5,1,1
SF,IF2006,2020-02-19 14:22:08.400,4033.2000,24236,2,7934887980.000,2,2,0,双开,B,4032.8000,4032.6000,4032.2000,4032.0000,4031.8000,4034.6000,4035.0000,4036.6000,4037.6000,4038.8000,1,1,2,1,1,1,5,1,1,1
SF,IF2006,2020-02-19 14:22:08.900,4033.2000,24236,0,7934887980.000,0,-,-,-,-,4033.2000,4032.8000,4032.6000,4032.2000,4032.0000,4034.6000,4035.0000,4036.6000,4037.6000,4038.8000,2,1,1,2,1,1,5,1,1,1
SF,IF2006,2020-02-19 14:22:09.400,4033.2000,24236,0,7934887980.000,0,-,-,-,-,4033.2000,4032.8000,4032.6000,4032.2000,4032.0000,4034.6000,4035.0000,4036.6000,4037.6000,4038.8000,2,1,1,2,1,1,5,1,1,1
SF,IF2006,2020-02-19 14:22:09.900,4033.2000,24236,0,7934887980.000,0,-,-,-,-,4033.4000,4033.2000,4032.6000,4032.2000,4032.0000,4034.6000,4035.0000,4036.6000,4037.6000,4038.8000,1,2,1,2,1,1,5,1,1,1
SF,IF2006,2020-02-19 14:22:10.400,4033.2000,24236,0,7934887980.000,0,-,-,-,-,4033.4000,4033.2000,4032.6000,4032.2000,4032.0000,4034.6000,4035.0000,4036.6000,4037.6000,4038.8000,1,2,1,2,1,1,5,1,1,1
SF,IF2006,2020-02-19 14:22:10.900,4033.2000,24236,0,7934887980.000,0,-,-,-,-,4033.6000,4033.4000,4033.2000,4032.6000,4032.2000,4034.6000,4035.0000,4036.6000,4037.6000,4038.8000,1,1,3,1,2,1,5,1,1,1
SF,IF2006,2020-02-19 14:22:11.400,4034.4000,24236,0,7936098300.000,1,0,1,空换,B,4033.6000,4033.4000,4033.2000,4032.6000,4032.2000,4034.6000,4035.0000,4036.6000,4037.6000,4038.8000,1,1,3,1,2,1,5,1,1,1
SF,IF2006,2020-02-19 14:22:11.900,4034.4000,24236,0,7936098300.000,0,-,-,-,-,4033.4000,4033.2000,4032.6000,4032.2000,4032.0000,4034.6000,4035.0000,4036.6000,4037.6000,4038.8000,1,3,2,2,1,1,5,1,1,1
SF,IF2006,2020-02-19 14:22:12.400,4034.4000,24236,0,7936098300.000,0,-,-,-,-,4033.8000,4033.2000,4033.0000,4032.6000,4032.2000,4034.6000,4035.0000,4036.6000,4037.6000,4038.8000,1,2,1,2,2,1,5,1,1,1
SF,IF2006,2020-02-19 14:22:12.900,4033.8000,24236,0,7937308440.000,1,0,1,空换,B,4033.2000,4033.0000,4032.6000,4032.2000,4032.0000,4034.6000,4035.0000,4036.6000,4037.6000,4038.8000,2,1,2,2,1,1,5,1,1,1
SF,IF2006,2020-02-19 14:22:13.400,4034.4000,24235,-1,7938518760.000,1,0,1,双平,B,4033.4000,4033.2000,4033.0000,4032.6000,4032.0000,4034.6000,4035.0000,4036.6000,4037.6000,4038.8000,2,2,1,2,1,1,5,1,1,1
SF,IF2006,2020-02-19 14:22:13.900,4034.4000,24235,0,7938518760.000,0,-,-,-,-,4033.4000,4033.2000,4032.6000,4032.0000,4031.8000,4034.6000,4035.0000,4036.6000,4037.6000,4038.8000,2,2,2,1,1,1,5,1,1,1
SF,IF2006,2020-02-19 14:22:14.400,4034.4000,24235,0,7938518760.000,0,-,-,-,-,4033.4000,4033.2000,4032.6000,4032.0000,4031.8000,4034.4000,4034.6000,4035.0000,4036.6000,4037.6000,2,2,2,1,1,1,1,5,1,1
SF,IF2006,2020-02-19 14:22:14.900,4034.4000,24235,0,7938518760.000,0,-,-,-,-,4033.4000,4033.2000,4032.6000,4032.0000,4031.8000,4034.6000,4035.0000,4036.6000,4037.6000,4038.8000,2,2,2,1,1,1,5,1,1,1
SF,IF2006,2020-02-19 14:22:15.400,4034.4000,24235,0,7938518760.000,0,-,-,-,-,4033.6000,4033.4000,4033.2000,4032.6000,4032.0000,4034.6000,4035.0000,4036.6000,4037.6000,4038.8000,1,2,2,2,1,1,5,1,1,1
SF,IF2006,2020-02-19 14:22:15.900,4034.4000,24235,0,7938518760.000,0,-,-,-,-,4033.6000,4033.4000,4033.2000,4032.6000,4032.0000,4034.4000,4034.6000,4035.0000,4036.6000,4037.6000,1,2,2,2,1,1,1,5,1,1
SF,IF2006,2020-02-19 14:22:16.400,4034.4000,24235,0,7938518760.000,0,-,-,-,-,4033.4000,4033.2000,4032.6000,4032.0000,4031.8000,4034.2000,4034.4000,4034.6000,4035.0000,4036.6000,2,2,2,1,1,1,2,1,5,1
SF,IF2006,2020-02-19 14:22:17.400,4034.2000,24235,0,7939729020.000,1,0,1,空换,B,4033.4000,4033.2000,4032.6000,4032.0000,4031.8000,4034.4000,4034.6000,4035.0000,4036.6000,4037.6000,2,2,2,1,1,2,1,5,1,1
SF,IF2006,2020-02-19 14:22:17.900,4034.2000,24235,0,7939729020.000,0,-,-,-,-,4033.6000,4033.4000,4033.2000,4032.6000,4032.0000,4034.4000,4034.6000,4035.0000,4036.6000,4037.6000,1,2,2,2,1,1,1,5,1,1
SF,IF2006,2020-02-19 14:22:18.400,4034.2000,24235,0,7939729020.000,0,-,-,-,-,4033.6000,4033.4000,4033.2000,4032.6000,4032.0000,4034.4000,4034.6000,4035.0000,4036.6000,4037.6000,1,2,2,1,1,1,1,5,1,1
SF,IF2006,2020-02-19 14:22:18.900,4034.4000,24235,0,7940939340.000,1,0,1,空换,B,4033.6000,4033.4000,4033.2000,4032.6000,4032.0000,4034.6000,4035.0000,4036.6000,4037.6000,4038.8000,1,2,2,1,1,1,5,1,1,1
SF,IF2006,2020-02-19 14:22:19.400,4034.4000,24235,0,7940939340.000,0,-,-,-,-,4033.8000,4033.6000,4033.2000,4032.6000,4032.0000,4034.6000,4035.0000,4036.6000,4037.6000,4038.8000,4,1,2,1,1,1,5,1,1,1
SF,IF2006,2020-02-19 14:22:20.900,4034.4000,24235,0,7940939340.000,0,-,-,-,-,4034.0000,4033.8000,4033.2000,4032.6000,4032.0000,4034.6000,4035.0000,4036.6000,4037.6000,4038.8000,2,3,2,1,1,1,5,1,1,1
SF,IF2006,2020-02-19 14:22:21.400,4034.6000,24235,0,7942149720.000,1,0,1,空换,B,4034.6000,4034.0000,4033.8000,4033.2000,4032.6000,4035.0000,4036.6000,4037.6000,4038.8000,4039.2000,1,2,3,2,1,5,1,1,1,2
SF,IF2006,2020-02-19 14:22:21.900,4034.6000,24235,0,7943360100.000,1,0,1,空换,B,4034.0000,4033.8000,4033.2000,4032.6000,4032.0000,4035.0000,4036.6000,4037.6000,4038.8000,4039.2000,1,2,2,1,1,5,1,1,1,2
SF,IF2006,2020-02-19 14:22:22.900,4034.6000,24235,0,7943360100.000,0,-,-,-,-,4034.2000,4034.0000,4033.8000,4033.2000,4032.6000,4035.0000,4036.6000,4037.6000,4038.8000,4039.2000,1,1,2,2,1,5,1,1,1,2
SF,IF2006,2020-02-19 14:22:23.400,4034.6000,24235,0,7943360100.000,0,-,-,-,-,4034.2000,4034.0000,4033.8000,4033.2000,4032.6000,4035.0000,4036.6000,4037.6000,4038.8000,4039.2000,2,1,2,2,1,5,1,1,1,2
SF,IF2006,2020-02-19 14:22:23.900,4034.4000,24236,1,7944570420.000,1,1,0,双开,B,4034.2000,4034.0000,4033.8000,4033.2000,4032.6000,4035.0000,4036.6000,4037.6000,4038.8000,4039.2000,2,1,2,2,1,5,1,1,1,2
SF,IF2006,2020-02-19 14:22:24.400,4034.4000,24236,0,7944570420.000,0,-,-,-,-,4034.4000,4034.2000,4033.8000,4033.6000,4033.2000,4035.0000,4036.6000,4037.6000,4038.8000,4039.2000,1,2,2,1,2,5,1,1,1,2
SF,IF2006,2020-02-19 14:22:24.900,4034.4000,24236,0,7944570420.000,0,-,-,-,-,4034.4000,4034.2000,4033.8000,4033.6000,4033.2000,4035.0000,4036.6000,4037.6000,4038.8000,4039.2000,1,2,2,1,2,5,1,1,1,2
SF,IF2006,2020-02-19 14:22:25.400,4034.4000,24236,0,7944570420.000,0,-,-,-,-,4034.4000,4034.2000,4033.8000,4033.6000,4033.2000,4035.0000,4036.6000,4037.6000,4038.8000,4039.2000,1,2,2,1,2,5,1,1,1,2
SF,IF2006,2020-02-19 14:22:26.400,4034.4000,24236,0,7944570420.000,0,-,-,-,-,4034.4000,4034.2000,4033.8000,4033.6000,4033.2000,4034.8000,4035.0000,4036.6000,4037.6000,4038.8000,1,2,2,1,2,1,5,1,1,1
SF,IF2006,2020-02-19 14:22:26.900,4034.4000,24236,0,7944570420.000,0,-,-,-,-,4034.2000,4033.8000,4033.6000,4033.2000,4032.6000,4034.8000,4035.0000,4036.6000,4037.6000,4038.8000,1,2,1,2,1,1,5,1,1,1
SF,IF2006,2020-02-19 14:22:28.400,4034.4000,24236,0,7944570420.000,0,-,-,-,-,4034.2000,4033.8000,4033.6000,4033.2000,4032.6000,4034.8000,4035.0000,4036.6000,4037.6000,4038.8000,1,2,1,2,1,1,5,1,1,1
SF,IF2006,2020-02-19 14:22:28.900,4034.4000,24236,0,7944570420.000,0,-,-,-,-,4034.2000,4033.8000,4033.6000,4033.2000,4032.6000,4034.8000,4035.0000,4036.6000,4037.6000,4038.8000,1,2,1,2,1,2,5,1,1,1
SF,IF2006,2020-02-19 14:22:30.400,4034.4000,24236,0,7944570420.000,0,-,-,-,-,4034.4000,4034.2000,4033.8000,4033.6000,4033.2000,4034.8000,4035.0000,4036.6000,4037.6000,4038.8000,1,1,2,1,2,2,5,1,1,1
SF,IF2006,2020-02-19 14:22:32.900,4034.4000,24236,0,7944570420.000,0,-,-,-,-,4034.4000,4034.2000,4033.8000,4033.6000,4033.2000,4034.8000,4035.0000,4036.6000,4037.6000,4038.8000,2,1,2,1,2,2,5,1,1,1
SF,IF2006,2020-02-19 14:22:33.400,4034.8000,24237,1,7945780860.000,1,1,0,双开,B,4034.4000,4034.2000,4033.8000,4033.6000,4033.2000,4034.8000,4035.0000,4036.6000,4037.6000,4038.8000,2,1,2,1,2,1,5,1,1,1
SF,IF2006,2020-02-19 14:22:33.900,4034.8000,24237,0,7946991300.000,1,0,1,空换,B,4034.4000,4034.2000,4033.8000,4033.6000,4033.2000,4035.0000,4036.6000,4037.6000,4038.8000,4039.2000,2,1,2,1,2,5,1,1,1,2
SF,IF2006,2020-02-19 14:22:34.400,4034.4000,24236,-1,7948201620.000,1,0,1,双平,B,4034.8000,4034.4000,4034.2000,4033.8000,4033.6000,4035.0000,4036.6000,4037.6000,4038.8000,4039.2000,1,1,1,2,1,5,1,1,1,2
SF,IF2006,2020-02-19 14:22:34.900,4034.8000,24238,2,7951833060.000,3,2,1,多开,B,4034.6000,4034.4000,4033.6000,4033.2000,4032.6000,4035.0000,4036.6000,4037.6000,4038.8000,4039.2000,1,1,1,2,1,3,1,1,1,2
SF,IF2006,2020-02-19 14:22:35.400,4034.8000,24238,0,7951833060.000,0,-,-,-,-,4034.6000,4034.4000,4033.2000,4032.6000,4032.0000,4035.0000,4036.6000,4037.6000,4038.8000,4039.2000,1,1,2,1,1,3,1,1,1,2
SF,IF2006,2020-02-19 14:22:36.900,4034.8000,24238,0,7951833060.000,0,-,-,-,-,4034.6000,4034.4000,4033.2000,4032.6000,4032.0000,4035.0000,4036.6000,4037.6000,4038.8000,4039.2000,1,1,1,1,1,3,1,1,1,2
SF,IF2006,2020-02-19 14:22:37.400,4035.0000,24239,1,7953043560.000,1,1,0,双开,B,4034.6000,4034.4000,4033.2000,4032.6000,4032.0000,4035.0000,4036.6000,4037.6000,4038.8000,4039.2000,1,1,1,1,1,2,1,1,1,2
SF,IF2006,2020-02-19 14:22:37.900,4035.0000,24240,1,7955464560.000,2,1,1,多开,B,4035.2000,4035.0000,4034.6000,4034.4000,4033.2000,4035.6000,4036.6000,4037.6000,4038.8000,4039.2000,1,1,1,1,1,1,1,1,1,2
SF,IF2006,2020-02-19 14:22:38.400,4035.0000,24240,0,7955464560.000,0,-,-,-,-,4035.0000,4034.6000,4034.4000,4033.2000,4032.6000,4035.6000,4036.6000,4037.6000,4038.8000,4039.2000,1,1,1,1,1,1,1,1,1,2
SF,IF2006,2020-02-19 14:22:40.400,4035.0000,24240,0,7955464560.000,0,-,-,-,-,4035.0000,4034.6000,4034.4000,4033.2000,4032.6000,4035.6000,4036.6000,4037.6000,4038.8000,4039.2000,1,1,1,1,1,2,1,1,1,2
SF,IF2006,2020-02-19 14:22:41.400,4035.0000,24240,0,7955464560.000,0,-,-,-,-,4035.0000,4034.6000,4034.4000,4033.2000,4032.6000,4035.6000,4036.6000,4037.6000,4038.8000,4039.2000,2,1,1,1,1,2,1,1,1,2
SF,IF2006,2020-02-19 14:22:42.400,4035.0000,24240,0,7955464560.000,0,-,-,-,-,4035.2000,4035.0000,4034.4000,4033.2000,4032.6000,4035.6000,4036.6000,4037.6000,4038.8000,4039.2000,1,2,1,1,1,2,1,1,1,2
SF,IF2006,2020-02-19 14:22:43.400,4035.6000,24239,-1,7956675240.000,1,0,1,双平,B,4035.2000,4035.0000,4034.4000,4033.2000,4032.6000,4035.6000,4036.6000,4037.6000,4038.8000,4039.2000,1,1,1,1,1,1,1,1,1,2
SF,IF2006,2020-02-19 14:22:44.400,4035.0000,24240,1,7959096420.000,2,1,1,多开,B,4034.4000,4033.2000,4032.6000,4032.0000,4031.8000,4036.6000,4037.6000,4038.8000,4039.2000,4039.8000,1,1,1,1,1,1,1,1,2,1
SF,IF2006,2020-02-19 14:22:44.900,4035.0000,24240,0,7959096420.000,0,-,-,-,-,4035.4000,4035.2000,4035.0000,4034.8000,4034.6000,4036.4000,4036.6000,4037.6000,4038.8000,4039.2000,2,2,1,5,7,2,1,1,1,2
SF,IF2006,2020-02-19 14:22:45.400,4035.0000,24240,0,7959096420.000,0,-,-,-,-,4035.4000,4035.2000,4035.0000,4034.8000,4034.6000,4036.4000,4036.6000,4037.6000,4038.8000,4039.2000,2,2,1,6,7,2,1,1,1,2
SF,IF2006,2020-02-19 14:22:45.900,4035.0000,24240,0,7959096420.000,0,-,-,-,-,4035.6000,4035.4000,4035.2000,4035.0000,4034.8000,4036.6000,4037.6000,4038.8000,4039.2000,4039.8000,2,2,1,1,2,1,1,1,2,1
SF,IF2006,2020-02-19 14:22:46.400,4035.0000,24240,0,7959096420.000,0,-,-,-,-,4036.0000,4035.6000,4035.4000,4035.2000,4035.0000,4036.6000,4037.6000,4038.8000,4039.2000,4039.8000,4,4,1,1,2,1,1,1,2,1
SF,IF2006,2020-02-19 14:22:46.900,4035.0000,24240,0,7959096420.000,0,-,-,-,-,4035.6000,4035.4000,4035.0000,4034.8000,4034.6000,4036.6000,4037.6000,4038.8000,4039.2000,4039.8000,2,1,2,2,7,1,1,1,2,1
SF,IF2006,2020-02-19 14:22:47.400,4035.0000,24240,0,7959096420.000,0,-,-,-,-,4035.6000,4035.4000,4035.0000,4034.8000,4034.6000,4036.6000,4037.6000,4038.8000,4039.2000,4039.8000,2,1,2,2,7,1,1,1,2,1
SF,IF2006,2020-02-19 14:22:48.400,4035.0000,24240,0,7959096420.000,0,-,-,-,-,4036.0000,4035.6000,4035.4000,4035.0000,4034.8000,4036.6000,4037.6000,4038.8000,4039.2000,4039.8000,1,2,1,2,2,1,1,1,2,1
SF,IF2006,2020-02-19 14:22:50.400,4035.0000,24240,0,7959096420.000,0,-,-,-,-,4036.0000,4035.6000,4035.4000,4035.0000,4034.8000,4036.6000,4037.6000,4038.8000,4039.2000,4039.8000,1,1,1,2,2,1,1,1,2,1
SF,IF2006,2020-02-19 14:22:50.900,4035.0000,24240,0,7959096420.000,0,-,-,-,-,4036.0000,4035.6000,4035.4000,4035.0000,4034.8000,4036.6000,4037.6000,4038.8000,4039.2000,4039.8000,1,1,1,2,1,1,1,1,2,1
SF,IF2006,2020-02-19 14:22:51.400,4035.0000,24240,0,7959096420.000,0,-,-,-,-,4036.0000,4035.4000,4035.0000,4034.8000,4034.6000,4036.6000,4037.6000,4038.8000,4039.2000,4039.8000,1,1,2,1,7,1,1,1,2,1
SF,IF2006,2020-02-19 14:22:51.900,4035.0000,24240,0,7959096420.000,0,-,-,-,-,4036.0000,4035.4000,4034.8000,4034.6000,4034.4000,4036.6000,4037.6000,4038.8000,4039.2000,4039.8000,1,1,1,7,2,1,1,1,2,1
SF,IF2006,2020-02-19 14:22:52.900,4036.6000,24240,0,7960307400.000,1,0,1,空换,B,4036.0000,4035.4000,4034.8000,4034.6000,4034.4000,4037.6000,4038.8000,4039.2000,4039.8000,4040.0000,1,1,1,7,2,1,1,2,1,1
SF,IF2006,2020-02-19 14:22:53.400,4036.0000,24240,0,7961518200.000,1,0,1,空换,B,4035.4000,4034.8000,4034.6000,4034.4000,4034.0000,4037.4000,4037.6000,4038.8000,4039.2000,4039.8000,1,1,7,2,1,2,1,1,2,1
SF,IF2006,2020-02-19 14:22:53.900,4036.0000,24240,0,7961518200.000,0,-,-,-,-,4035.6000,4035.4000,4034.8000,4034.6000,4034.4000,4037.4000,4037.6000,4038.8000,4039.2000,4039.8000,2,1,1,6,2,2,1,1,2,1
SF,IF2006,2020-02-19 14:22:54.400,4036.0000,24240,0,7961518200.000,0,-,-,-,-,4036.6000,4035.6000,4035.4000,4034.8000,4034.6000,4037.0000,4037.2000,4037.4000,4037.6000,4038.8000,3,1,1,1,6,1,1,2,1,1
SF,IF2006,2020-02-19 14:22:54.900,4036.0000,24240,0,7961518200.000,0,-,-,-,-,4036.6000,4035.4000,4034.8000,4034.6000,4034.4000,4037.0000,4037.2000,4037.4000,4037.6000,4038.8000,4,1,1,6,2,1,1,2,1,1
SF,IF2006,2020-02-19 14:22:55.400,4036.0000,24240,0,7961518200.000,0,-,-,-,-,4036.6000,4035.4000,4034.8000,4034.6000,4034.4000,4037.0000,4037.4000,4037.6000,4038.8000,4039.2000,4,1,1,6,2,1,2,1,1,2
SF,IF2006,2020-02-19 14:22:55.900,4036.0000,24240,0,7961518200.000,0,-,-,-,-,4036.6000,4035.4000,4034.6000,4034.4000,4034.0000,4037.0000,4037.4000,4037.6000,4038.8000,4039.2000,4,1,6,2,1,1,2,1,1,2
SF,IF2006,2020-02-19 14:22:56.400,4036.0000,24240,0,7961518200.000,0,-,-,-,-,4036.6000,4035.4000,4034.6000,4034.4000,4034.0000,4037.0000,4037.4000,4037.6000,4038.8000,4039.2000,4,1,6,2,1,1,3,1,1,2
SF,IF2006,2020-02-19 14:22:57.400,4036.6000,24241,1,7962729180.000,1,1,0,双开,B,4036.6000,4035.4000,4034.6000,4034.4000,4034.0000,4037.0000,4037.4000,4037.6000,4038.8000,4039.2000,3,1,6,2,1,3,3,1,1,2
SF,IF2006,2020-02-19 14:22:57.900,4036.6000,24244,3,7966362120.000,3,3,0,双开,B,4035.4000,4034.6000,4034.4000,4034.0000,4033.2000,4036.6000,4037.0000,4037.4000,4037.6000,4038.8000,1,6,2,1,1,2,3,3,1,1
SF,IF2006,2020-02-19 14:22:58.400,4036.6000,24243,-1,7967573100.000,1,0,1,双平,B,4035.4000,4034.6000,4034.4000,4034.0000,4033.2000,4037.0000,4037.2000,4037.4000,4037.6000,4038.8000,1,6,2,1,1,3,1,3,1,1
SF,IF2006,2020-02-19 14:22:58.900,4036.6000,24243,0,7967573100.000,0,-,-,-,-,4036.0000,4035.4000,4034.6000,4034.4000,4034.0000,4037.0000,4037.2000,4037.4000,4037.6000,4038.8000,2,1,6,2,1,3,1,3,1,1
SF,IF2006,2020-02-19 14:22:59.400,4036.6000,24243,0,7967573100.000,0,-,-,-,-,4036.0000,4035.4000,4034.6000,4034.4000,4034.0000,4037.0000,4037.2000,4037.4000,4037.6000,4038.8000,2,1,6,2,1,3,1,3,1,1
SF,IF2006,2020-02-19 14:23:00.900,4036.6000,24243,0,7967573100.000,0,-,-,-,-,4035.4000,4034.6000,4034.4000,4034.0000,4033.2000,4037.0000,4037.2000,4037.4000,4037.6000,4038.8000,1,6,2,1,1,3,1,3,1,1
SF,IF2006,2020-02-19 14:23:01.400,4036.6000,24243,0,7967573100.000,0,-,-,-,-,4035.6000,4035.4000,4034.6000,4034.4000,4034.0000,4037.0000,4037.2000,4037.4000,4037.6000,4038.8000,1,1,6,2,1,3,1,3,1,1
SF,IF2006,2020-02-19 14:23:01.900,4036.6000,24243,0,7967573100.000,0,-,-,-,-,4036.0000,4035.4000,4034.6000,4034.4000,4034.0000,4037.0000,4037.2000,4037.4000,4037.6000,4038.8000,2,1,6,2,1,3,1,3,1,1
SF,IF2006,2020-02-19 14:23:02.900,4036.6000,24243,0,7967573100.000,0,-,-,-,-,4034.6000,4034.4000,4034.0000,4033.2000,4032.6000,4037.0000,4037.2000,4037.4000,4037.6000,4038.8000,5,2,1,1,1,3,1,3,1,1
SF,IF2006,2020-02-19 14:23:03.400,4036.6000,24243,0,7967573100.000,0,-,-,-,-,4034.8000,4034.6000,4034.4000,4034.0000,4033.2000,4036.8000,4037.0000,4037.2000,4037.4000,4037.6000,2,5,2,1,1,3,3,1,1,1
SF,IF2006,2020-02-19 14:23:03.900,4036.6000,24243,0,7967573100.000,0,-,-,-,-,4035.0000,4034.8000,4034.4000,4034.0000,4033.2000,4036.8000,4037.0000,4037.2000,4037.4000,4037.6000,2,1,1,1,1,3,3,1,1,1
SF,IF2006,2020-02-19 14:23:04.400,4036.6000,24243,0,7967573100.000,0,-,-,-,-,4035.0000,4034.8000,4034.4000,4034.0000,4033.2000,4036.6000,4036.8000,4037.0000,4037.2000,4037.4000,2,1,1,1,1,3,3,3,1,1
SF,IF2006,2020-02-19 14:23:04.900,4036.6000,24243,0,7967573100.000,0,-,-,-,-,4035.2000,4035.0000,4034.8000,4034.4000,4034.0000,4036.4000,4036.6000,4036.8000,4037.0000,4037.2000,1,2,1,1,1,1,3,2,3,1
SF,IF2006,2020-02-19 14:23:05.400,4036.6000,24243,0,7967573100.000,0,-,-,-,-,4035.0000,4034.8000,4034.4000,4034.0000,4033.2000,4036.4000,4036.6000,4036.8000,4037.0000,4037.2000,2,1,1,1,1,2,2,2,3,1
SF,IF2006,2020-02-19 14:23:06.900,4036.6000,24243,0,7967573100.000,0,-,-,-,-,4035.2000,4035.0000,4034.8000,4034.4000,4034.0000,4036.4000,4036.6000,4036.8000,4037.0000,4037.2000,1,2,1,1,1,2,2,2,3,1
SF,IF2006,2020-02-19 14:23:07.400,4035.2000,24242,-1,7968783660.000,1,0,1,双平,B,4035.0000,4034.8000,4034.4000,4034.0000,4033.2000,4036.2000,4036.6000,4036.8000,4037.0000,4037.2000,2,1,1,1,1,1,1,2,3,1
SF,IF2006,2020-02-19 14:23:07.900,4035.2000,24242,0,7969994220.000,1,0,1,空换,B,4035.4000,4035.0000,4034.4000,4034.0000,4033.2000,4036.6000,4036.8000,4037.0000,4037.2000,4037.4000,1,2,1,1,1,1,2,3,1,1
SF,IF2006,2020-02-19 14:23:08.400,4035.2000,24242,0,7969994220.000,0,-,-,-,-,4035.4000,4035.0000,4034.4000,4034.0000,4033.2000,4036.4000,4036.8000,4037.0000,4037.2000,4037.4000,1,2,1,1,1,1,2,3,1,1
SF,IF2006,2020-02-19 14:23:08.900,4035.2000,24242,0,7969994220.000,0,-,-,-,-,4035.0000,4034.4000,4034.0000,4033.2000,4032.6000,4036.4000,4036.8000,4037.0000,4037.2000,4037.4000,2,1,1,1,1,1,2,3,1,1
SF,IF2006,2020-02-19 14:23:09.400,4036.6000,24242,0,7971205200.000,1,0,1,空换,B,4035.2000,4035.0000,4034.4000,4034.0000,4033.2000,4036.8000,4037.0000,4037.2000,4037.4000,4037.6000,1,2,1,1,1,2,3,1,1,2
SF,IF2006,2020-02-19 14:23:09.900,4036.6000,24242,0,7971205200.000,0,-,-,-,-,4035.2000,4035.0000,4034.4000,4034.0000,4033.2000,4036.2000,4036.6000,4036.8000,4037.0000,4037.2000,1,2,1,1,1,1,1,3,3,1
SF,IF2006,2020-02-19 14:23:10.400,4035.2000,24241,-1,7972415760.000,1,0,1,双平,B,4035.0000,4034.4000,4034.0000,4033.2000,4032.6000,4036.6000,4036.8000,4037.0000,4037.2000,4037.4000,2,1,1,1,1,3,3,3,1,1
SF,IF2006,2020-02-19 14:23:10.900,4035.2000,24241,0,7972415760.000,0,-,-,-,-,4035.0000,4034.4000,4034.0000,4033.2000,4032.6000,4036.4000,4036.6000,4036.8000,4037.0000,4037.2000,2,1,1,1,1,1,3,3,3,1
SF,IF2006,2020-02-19 14:23:11.400,4035.2000,24241,0,7972415760.000,0,-,-,-,-,4035.2000,4034.4000,4034.0000,4033.2000,4032.6000,4036.4000,4036.6000,4036.8000,4037.0000,4037.2000,1,1,1,1,1,2,1,3,3,1
SF,IF2006,2020-02-19 14:23:11.900,4035.2000,24241,0,7972415760.000,0,-,-,-,-,4035.2000,4034.4000,4034.0000,4033.2000,4032.6000,4036.0000,4036.4000,4036.6000,4036.8000,4037.0000,1,1,1,1,1,1,2,1,3,3
SF,IF2006,2020-02-19 14:23:12.400,4035.2000,24241,0,7972415760.000,0,-,-,-,-,4034.4000,4034.0000,4033.2000,4032.6000,4032.4000,4036.0000,4036.2000,4036.4000,4036.6000,4036.8000,1,1,1,1,1,1,1,2,1,3
SF,IF2006,2020-02-19 14:23:12.900,4035.2000,24241,0,7972415760.000,0,-,-,-,-,4034.8000,4034.4000,4034.0000,4033.2000,4032.6000,4036.0000,4036.2000,4036.4000,4036.6000,4036.8000,2,1,1,1,1,1,1,2,1,3
SF,IF2006,2020-02-19 14:23:13.400,4035.2000,24241,0,7972415760.000,0,-,-,-,-,4034.8000,4034.4000,4034.0000,4033.2000,4032.6000,4035.2000,4036.0000,4036.2000,4036.4000,4036.6000,2,1,1,1,1,1,1,1,2,1
SF,IF2006,2020-02-19 14:23:13.900,4035.2000,24241,0,7973626320.000,1,0,1,空换,B,4034.8000,4034.4000,4034.0000,4033.2000,4032.4000,4036.0000,4036.2000,4036.4000,4036.8000,4037.0000,2,1,1,1,1,1,1,2,3,3
SF,IF2006,2020-02-19 14:23:14.900,4035.2000,24241,0,7973626320.000,0,-,-,-,-,4035.0000,4034.8000,4034.4000,4034.0000,4033.2000,4036.0000,4036.2000,4036.4000,4036.8000,4037.0000,1,2,1,1,1,1,1,2,3,3
SF,IF2006,2020-02-19 14:23:15.400,4035.2000,24241,0,7973626320.000,0,-,-,-,-,4035.0000,4034.8000,4034.4000,4034.0000,4033.2000,4036.0000,4036.2000,4036.4000,4036.8000,4037.0000,1,2,1,1,1,2,1,2,3,3
SF,IF2006,2020-02-19 14:23:15.900,4035.2000,24241,0,7973626320.000,0,-,-,-,-,4035.0000,4034.8000,4034.4000,4034.0000,4033.2000,4036.0000,4036.2000,4036.4000,4036.8000,4037.0000,1,2,1,1,1,2,1,2,3,3
SF,IF2006,2020-02-19 14:23:16.400,4035.2000,24241,0,7973626320.000,0,-,-,-,-,4035.0000,4034.8000,4034.4000,4034.0000,4033.2000,4035.8000,4036.0000,4036.4000,4036.8000,4037.0000,1,2,1,1,1,1,2,2,3,3
SF,IF2006,2020-02-19 14:23:16.900,4035.0000,24241,0,7974836820.000,1,0,1,空换,B,4034.8000,4034.4000,4034.0000,4033.2000,4032.4000,4035.8000,4036.0000,4036.4000,4036.8000,4037.0000,2,1,1,1,1,2,2,1,3,3
SF,IF2006,2020-02-19 14:23:17.400,4035.0000,24241,0,7974836820.000,0,-,-,-,-,4034.8000,4034.4000,4034.0000,4033.2000,4032.4000,4035.8000,4036.0000,4036.4000,4036.8000,4037.0000,2,1,1,1,1,2,2,1,3,3
SF,IF2006,2020-02-19 14:23:17.900,4035.0000,24241,0,7974836820.000,0,-,-,-,-,4034.8000,4034.4000,4034.0000,4033.2000,4032.4000,4035.8000,4036.0000,4036.4000,4036.8000,4037.0000,2,1,1,1,1,2,2,1,3,2
SF,IF2006,2020-02-19 14:23:18.400,4035.0000,24241,0,7974836820.000,0,-,-,-,-,4034.8000,4034.4000,4034.0000,4033.2000,4032.4000,4035.0000,4035.8000,4036.0000,4036.4000,4036.8000,3,1,1,1,1,1,2,2,1,3
SF,IF2006,2020-02-19 14:23:18.900,4035.0000,24242,1,7976047320.000,1,1,0,双开,B,4034.8000,4034.4000,4034.0000,4033.2000,4032.4000,4035.8000,4036.0000,4036.4000,4036.8000,4037.0000,2,1,1,1,1,2,2,1,3,2
SF,IF2006,2020-02-19 14:23:19.400,4035.0000,24242,0,7976047320.000,0,-,-,-,-,4034.8000,4034.4000,4034.0000,4033.2000,4032.4000,4035.8000,4036.0000,4036.4000,4036.8000,4037.0000,2,1,1,1,1,1,2,1,3,2
SF,IF2006,2020-02-19 14:23:19.900,4034.8000,24242,0,7977257760.000,1,0,1,空换,B,4034.8000,4034.4000,4034.0000,4033.2000,4032.4000,4035.6000,4035.8000,4036.0000,4036.4000,4036.8000,1,1,1,1,1,2,1,1,1,3
SF,IF2006,2020-02-19 14:23:20.400,4034.8000,24242,0,7977257760.000,0,-,-,-,-,4034.4000,4034.0000,4033.2000,4032.4000,4032.0000,4035.6000,4035.8000,4036.0000,4036.4000,4036.6000,1,1,1,1,1,3,1,1,1,1
SF,IF2006,2020-02-19 14:23:20.900,4034.8000,24242,0,7977257760.000,0,-,-,-,-,4034.4000,4034.0000,4033.2000,4032.4000,4032.0000,4035.4000,4035.6000,4036.0000,4036.6000,4036.8000,1,1,1,1,1,1,3,1,1,3
SF,IF2006,2020-02-19 14:23:21.400,4034.8000,24242,0,7977257760.000,0,-,-,-,-,4034.4000,4034.0000,4033.2000,4032.4000,4032.0000,4035.2000,4035.4000,4035.6000,4036.0000,4036.6000,1,1,1,1,1,1,2,2,1,1
SF,IF2006,2020-02-19 14:23:21.900,4034.8000,24242,0,7977257760.000,0,-,-,-,-,4034.4000,4034.0000,4033.2000,4032.4000,4032.0000,4035.2000,4035.4000,4035.6000,4036.0000,4036.6000,2,1,1,1,1,2,1,1,1,1
SF,IF2006,2020-02-19 14:23:22.400,4034.8000,24242,0,7977257760.000,0,-,-,-,-,4034.4000,4034.0000,4033.2000,4032.4000,4032.0000,4035.2000,4035.4000,4035.6000,4036.0000,4036.6000,1,1,1,1,1,2,1,1,1,1
SF,IF2006,2020-02-19 14:23:23.400,4034.8000,24242,0,7977257760.000,0,-,-,-,-,4034.4000,4034.0000,4033.2000,4032.4000,4032.0000,4035.2000,4035.6000,4036.0000,4036.6000,4036.8000,1,1,1,1,1,2,1,1,1,3
SF,IF2006,2020-02-19 14:23:23.900,4034.8000,24242,0,7977257760.000,0,-,-,-,-,4034.4000,4034.0000,4033.2000,4032.4000,4032.0000,4035.2000,4035.6000,4036.0000,4036.6000,4036.8000,1,1,1,1,1,1,1,1,1,3
SF,IF2006,2020-02-19 14:23:26.400,4034.8000,24242,0,7977257760.000,0,-,-,-,-,4034.4000,4034.0000,4033.2000,4032.4000,4032.0000,4035.2000,4035.6000,4036.0000,4036.6000,4036.8000,1,1,1,1,1,1,1,1,1,3
SF,IF2006,2020-02-19 14:23:26.900,4035.2000,24242,0,7978468320.000,1,0,1,空换,B,4034.4000,4034.0000,4033.2000,4032.4000,4032.0000,4035.0000,4035.6000,4036.6000,4036.8000,4037.2000,1,1,1,1,1,1,1,1,3,1
SF,IF2006,2020-02-19 14:23:27.400,4035.2000,24242,0,7978468320.000,0,-,-,-,-,4034.4000,4034.0000,4033.2000,4032.4000,4032.0000,4035.0000,4035.6000,4036.6000,4036.8000,4037.2000,1,1,1,1,1,1,1,1,3,1
SF,IF2006,2020-02-19 14:23:28.400,4034.4000,24242,0,7979678640.000,1,0,1,空换,B,4034.0000,4033.2000,4032.4000,4032.0000,4031.4000,4034.4000,4035.6000,4036.6000,4036.8000,4037.2000,1,1,1,1,1,1,1,1,3,1
SF,IF2006,2020-02-19 14:23:28.900,4034.4000,24242,0,7980888960.000,1,0,1,空换,B,4034.0000,4033.2000,4032.4000,4032.0000,4031.4000,4035.6000,4036.6000,4036.8000,4037.2000,4037.4000,1,1,1,1,1,1,1,3,1,2
SF,IF2006,2020-02-19 14:23:29.400,4034.4000,24242,0,7980888960.000,0,-,-,-,-,4034.0000,4033.2000,4032.4000,4032.0000,4031.4000,4035.4000,4035.6000,4036.6000,4036.8000,4037.2000,1,1,1,1,1,2,1,1,1,1
SF,IF2006,2020-02-19 14:23:29.900,4034.4000,24242,0,7980888960.000,0,-,-,-,-,4034.0000,4033.2000,4032.4000,4032.0000,4031.4000,4035.2000,4035.4000,4035.6000,4036.6000,4036.8000,1,1,1,1,1,1,2,1,1,1
SF,IF2006,2020-02-19 14:23:31.400,4034.4000,24242,0,7980888960.000,0,-,-,-,-,4034.2000,4034.0000,4033.2000,4032.4000,4032.0000,4035.2000,4035.4000,4035.6000,4036.6000,4036.8000,2,1,1,1,1,1,2,1,1,1
SF,IF2006,2020-02-19 14:23:31.900,4034.4000,24242,0,7980888960.000,0,-,-,-,-,4034.2000,4034.0000,4033.2000,4032.4000,4032.0000,4035.4000,4035.6000,4036.6000,4036.8000,4037.2000,2,1,1,1,1,2,1,1,1,1
SF,IF2006,2020-02-19 14:23:32.400,4034.4000,24242,0,7980888960.000,0,-,-,-,-,4034.4000,4034.2000,4034.0000,4033.2000,4032.4000,4035.4000,4035.6000,4036.6000,4036.8000,4037.2000,1,1,1,1,1,2,1,1,1,1
SF,IF2006,2020-02-19 14:23:32.900,4034.4000,24242,0,7980888960.000,0,-,-,-,-,4034.4000,4034.2000,4034.0000,4033.2000,4032.4000,4035.4000,4035.6000,4036.6000,4036.8000,4037.2000,1,1,1,1,1,2,1,1,1,1
SF,IF2006,2020-02-19 14:23:33.400,4034.4000,24242,0,7980888960.000,0,-,-,-,-,4034.2000,4034.0000,4033.2000,4032.4000,4032.0000,4035.4000,4035.6000,4036.6000,4036.8000,4037.2000,1,1,1,1,1,2,1,1,1,1
SF,IF2006,2020-02-19 14:23:33.900,4034.4000,24242,0,7980888960.000,0,-,-,-,-,4034.2000,4034.0000,4033.2000,4032.4000,4032.0000,4035.2000,4035.4000,4035.6000,4036.6000,4036.8000,1,1,1,1,1,1,2,1,1,1
SF,IF2006,2020-02-19 14:23:34.400,4034.4000,24241,-1,7982099280.000,1,0,1,双平,B,4034.2000,4034.0000,4033.2000,4032.4000,4032.0000,4035.2000,4035.4000,4035.6000,4036.6000,4036.8000,3,1,1,1,1,1,2,1,1,1
SF,IF2006,2020-02-19 14:23:35.400,4034.4000,24241,0,7982099280.000,0,-,-,-,-,4034.2000,4034.0000,4033.2000,4032.4000,4032.0000,4035.0000,4035.2000,4035.4000,4035.6000,4036.6000,1,1,1,1,1,1,1,2,1,1
SF,IF2006,2020-02-19 14:23:35.900,4034.4000,24241,0,7982099280.000,0,-,-,-,-,4034.2000,4034.0000,4033.2000,4032.4000,4032.0000,4035.0000,4035.4000,4035.6000,4036.6000,4036.8000,1,1,1,1,1,1,2,1,1,1
SF,IF2006,2020-02-19 14:23:36.400,4034.4000,24241,0,7982099280.000,0,-,-,-,-,4034.2000,4034.0000,4033.2000,4032.4000,4032.0000,4035.0000,4035.4000,4035.6000,4036.6000,4036.8000,2,1,1,1,1,1,2,1,1,1
SF,IF2006,2020-02-19 14:23:36.900,4034.4000,24241,0,7982099280.000,0,-,-,-,-,4034.4000,4034.2000,4034.0000,4033.2000,4032.4000,4035.0000,4035.4000,4035.6000,4036.6000,4036.8000,1,2,1,1,1,1,2,1,1,1
SF,IF2006,2020-02-19 14:23:37.400,4034.4000,24241,0,7982099280.000,0,-,-,-,-,4034.4000,4034.2000,4034.0000,4033.2000,4032.4000,4035.0000,4035.4000,4035.6000,4036.6000,4036.8000,1,1,1,1,1,1,2,1,1,1
SF,IF2006,2020-02-19 14:23:38.900,4034.4000,24241,0,7982099280.000,0,-,-,-,-,4034.4000,4034.2000,4034.0000,4033.2000,4032.4000,4035.0000,4035.4000,4035.6000,4036.6000,4036.8000,1,1,1,1,1,1,2,1,1,1
SF,IF2006,2020-02-19 14:23:43.400,4034.4000,24241,0,7983309600.000,1,0,1,空换,B,4034.2000,4034.0000,4033.2000,4032.4000,4032.0000,4034.4000,4035.0000,4035.4000,4035.6000,4036.6000,1,1,1,1,1,3,1,2,1,1
SF,IF2006,2020-02-19 14:23:43.900,4034.4000,24242,1,7986940560.000,3,2,1,多开,B,4034.2000,4034.0000,4033.2000,4032.4000,4032.0000,4035.0000,4035.4000,4035.6000,4036.6000,4036.8000,1,1,1,1,1,1,3,1,1,1
SF,IF2006,2020-02-19 14:23:45.900,4034.4000,24242,0,7986940560.000,0,-,-,-,-,4034.2000,4034.0000,4033.2000,4032.4000,4032.0000,4035.0000,4035.4000,4036.6000,4036.8000,4037.0000,1,1,1,1,1,1,3,1,1,2
SF,IF2006,2020-02-19 14:23:46.400,4034.4000,24242,0,7986940560.000,0,-,-,-,-,4034.2000,4034.0000,4033.2000,4032.4000,4032.0000,4035.4000,4036.6000,4036.8000,4037.0000,4037.2000,1,1,1,1,1,3,1,1,2,1
SF,IF2006,2020-02-19 14:23:47.400,4034.4000,24242,0,7986940560.000,0,-,-,-,-,4034.2000,4034.0000,4033.2000,4032.4000,4032.0000,4035.0000,4035.4000,4036.6000,4036.8000,4037.0000,1,1,1,1,1,1,3,1,1,2
SF,IF2006,2020-02-19 14:23:48.400,4034.4000,24242,0,7986940560.000,0,-,-,-,-,4034.6000,4034.4000,4034.2000,4034.0000,4033.2000,4035.0000,4035.4000,4036.6000,4036.8000,4037.0000,2,1,1,1,1,1,3,1,1,2
SF,IF2006,2020-02-19 14:23:48.900,4034.4000,24242,0,7986940560.000,0,-,-,-,-,4034.6000,4034.4000,4034.2000,4034.0000,4033.2000,4035.4000,4036.6000,4036.8000,4037.0000,4037.2000,2,1,1,1,1,3,1,1,2,1
SF,IF2006,2020-02-19 14:23:49.900,4034.6000,24243,1,7988150940.000,1,1,0,双开,B,4034.2000,4034.0000,4033.2000,4032.4000,4032.0000,4035.4000,4036.6000,4036.8000,4037.0000,4037.2000,1,1,1,1,1,3,1,1,2,1
SF,IF2006,2020-02-19 14:23:50.400,4034.6000,24243,0,7988150940.000,0,-,-,-,-,4034.6000,4034.2000,4034.0000,4033.2000,4032.4000,4035.4000,4036.6000,4036.8000,4037.0000,4037.2000,2,4,1,1,1,3,1,1,2,1
SF,IF2006,2020-02-19 14:23:50.900,4034.6000,24243,0,7988150940.000,0,-,-,-,-,4034.6000,4034.2000,4034.0000,4033.2000,4032.4000,4035.2000,4035.4000,4036.6000,4036.8000,4037.0000,2,4,1,1,1,1,3,1,1,2
SF,IF2006,2020-02-19 14:23:52.400,4034.6000,24243,0,7988150940.000,0,-,-,-,-,4034.8000,4034.2000,4034.0000,4033.2000,4032.4000,4035.2000,4035.4000,4036.6000,4036.8000,4037.0000,1,4,1,1,1,1,3,1,1,2
SF,IF2006,2020-02-19 14:23:52.900,4034.6000,24243,0,7988150940.000,0,-,-,-,-,4034.8000,4034.2000,4034.0000,4033.2000,4032.4000,4035.4000,4036.6000,4036.8000,4037.0000,4037.2000,1,4,1,1,1,1,1,1,2,1
SF,IF2006,2020-02-19 14:23:54.900,4034.6000,24243,0,7988150940.000,0,-,-,-,-,4034.2000,4034.0000,4033.2000,4032.4000,4032.0000,4035.4000,4036.6000,4036.8000,4037.0000,4037.2000,4,1,1,1,1,1,1,1,2,1
SF,IF2006,2020-02-19 14:23:55.400,4034.6000,24243,0,7988150940.000,0,-,-,-,-,4034.2000,4034.0000,4033.2000,4032.4000,4032.0000,4035.2000,4035.4000,4036.6000,4036.8000,4037.0000,4,1,1,1,1,1,1,1,1,2
SF,IF2006,2020-02-19 14:23:55.900,4035.4000,24245,2,7990572120.000,2,2,0,双开,B,4034.8000,4034.6000,4034.4000,4034.2000,4034.0000,4036.6000,4036.8000,4037.0000,4037.2000,4037.4000,4,3,4,5,1,1,2,2,1,2
SF,IF2006,2020-02-19 14:23:56.400,4035.4000,24245,0,7990572120.000,0,-,-,-,-,4034.4000,4034.2000,4034.0000,4033.2000,4032.4000,4036.4000,4036.6000,4036.8000,4037.0000,4037.2000,1,5,1,1,1,2,1,2,2,1
SF,IF2006,2020-02-19 14:23:56.900,4035.4000,24245,0,7990572120.000,0,-,-,-,-,4034.2000,4034.0000,4033.2000,4032.4000,4032.0000,4036.4000,4036.6000,4036.8000,4037.0000,4037.2000,4,1,1,1,1,2,1,2,2,1
SF,IF2006,2020-02-19 14:23:57.400,4035.4000,24245,0,7990572120.000,0,-,-,-,-,4034.6000,4034.2000,4034.0000,4033.2000,4032.4000,4036.0000,4036.2000,4036.4000,4036.6000,4036.8000,1,4,1,1,1,1,1,2,1,2
SF,IF2006,2020-02-19 14:23:58.400,4035.4000,24245,0,7990572120.000,0,-,-,-,-,4034.8000,4034.6000,4034.2000,4034.0000,4033.2000,4035.8000,4036.0000,4036.2000,4036.4000,4036.6000,3,2,4,1,1,1,1,1,2,1
SF,IF2006,2020-02-19 14:23:58.900,4035.4000,24245,0,7990572120.000,0,-,-,-,-,4034.8000,4034.6000,4034.2000,4034.0000,4033.2000,4035.8000,4036.0000,4036.2000,4036.4000,4036.6000,3,1,4,1,1,1,1,1,2,1
SF,IF2006,2020-02-19 14:23:59.400,4035.4000,24245,0,7990572120.000,0,-,-,-,-,4035.0000,4034.8000,4034.6000,4034.2000,4034.0000,4035.8000,4036.0000,4036.2000,4036.4000,4036.6000,1,3,1,4,1,1,1,1,2,1
SF,IF2006,2020-02-19 14:23:59.900,4035.4000,24245,0,7990572120.000,0,-,-,-,-,4035.0000,4034.8000,4034.6000,4034.2000,4034.0000,4035.8000,4036.0000,4036.2000,4036.4000,4036.6000,1,3,1,4,1,1,1,1,2,1
SF,IF2006,2020-02-19 14:24:00.900,4035.4000,24245,0,7990572120.000,0,-,-,-,-,4034.8000,4034.6000,4034.2000,4034.0000,4033.2000,4035.8000,4036.0000,4036.2000,4036.4000,4036.6000,3,1,4,1,1,1,1,1,2,1
SF,IF2006,2020-02-19 14:24:01.400,4034.8000,24247,2,7992993000.000,2,2,0,双开,B,4034.8000,4034.6000,4034.2000,4034.0000,4033.2000,4035.4000,4035.6000,4035.8000,4036.0000,4036.2000,1,1,4,1,1,1,2,1,1,1
SF,IF2006,2020-02-19 14:24:01.900,4034.8000,24247,0,7994203440.000,1,0,1,空换,B,4034.6000,4034.2000,4034.0000,4033.2000,4032.4000,4035.4000,4035.8000,4036.0000,4036.2000,4036.6000,1,4,1,1,1,1,1,1,1,1
SF,IF2006,2020-02-19 14:24:02.400,4034.8000,24247,0,7994203440.000,0,-,-,-,-,4034.6000,4034.2000,4034.0000,4033.2000,4032.4000,4035.2000,4035.4000,4035.8000,4036.0000,4036.2000,1,4,1,1,1,2,1,1,1,1
SF,IF2006,2020-02-19 14:24:03.400,4034.8000,24247,0,7994203440.000,0,-,-,-,-,4034.6000,4034.2000,4034.0000,4033.2000,4032.4000,4035.2000,4035.8000,4036.0000,4036.2000,4036.6000,1,4,1,1,1,2,1,1,1,1
SF,IF2006,2020-02-19 14:24:03.900,4034.6000,24248,1,7995413820.000,1,1,0,双开,B,4034.2000,4034.0000,4033.2000,4032.4000,4032.0000,4035.2000,4035.8000,4036.0000,4036.2000,4036.6000,4,1,1,1,1,2,1,1,1,1
SF,IF2006,2020-02-19 14:24:04.400,4034.6000,24248,0,7995413820.000,0,-,-,-,-,4034.8000,4034.2000,4034.0000,4033.2000,4032.4000,4035.2000,4035.8000,4036.0000,4036.2000,4036.6000,1,3,1,1,1,2,1,1,1,1
SF,IF2006,2020-02-19 14:24:04.900,4034.8000,24249,1,7996624260.000,1,1,0,双开,B,4034.2000,4034.0000,4033.2000,4032.4000,4032.0000,4035.2000,4035.8000,4036.0000,4036.2000,4036.6000,3,1,1,1,1,2,1,1,1,1
SF,IF2006,2020-02-19 14:24:06.400,4034.8000,24249,0,7996624260.000,0,-,-,-,-,4034.2000,4034.0000,4033.2000,4032.4000,4032.0000,4035.0000,4035.2000,4036.0000,4036.2000,4036.6000,3,1,1,1,1,1,2,1,1,1
SF,IF2006,2020-02-19 14:24:06.900,4034.8000,24249,0,7996624260.000,0,-,-,-,-,4034.2000,4034.0000,4033.2000,4032.4000,4032.0000,4035.0000,4035.2000,4036.0000,4036.2000,4036.6000,3,1,1,1,1,3,2,1,1,1
SF,IF2006,2020-02-19 14:24:07.400,4034.8000,24249,0,7996624260.000,0,-,-,-,-,4034.2000,4034.0000,4033.2000,4032.4000,4032.0000,4035.0000,4035.2000,4036.2000,4036.6000,4036.8000,3,1,1,1,1,3,2,1,1,2
SF,IF2006,2020-02-19 14:24:07.900,4034.8000,24249,0,7996624260.000,0,-,-,-,-,4034.2000,4034.0000,4033.2000,4032.4000,4032.0000,4034.8000,4035.0000,4035.2000,4036.2000,4036.6000,3,1,1,1,1,1,2,2,1,1
SF,IF2006,2020-02-19 14:24:08.400,4034.2000,24249,0,7997834520.000,1,0,1,空换,B,4034.2000,4034.0000,4033.2000,4032.4000,4032.0000,4034.8000,4035.0000,4035.2000,4036.2000,4036.6000,2,1,1,1,1,1,2,2,1,1
SF,IF2006,2020-02-19 14:24:08.900,4034.2000,24250,1,8000255040.000,2,1,1,多开,B,4034.0000,4033.2000,4032.4000,4032.0000,4031.4000,4034.2000,4034.6000,4034.8000,4035.0000,4035.2000,1,1,1,1,1,1,1,1,2,1
SF,IF2006,2020-02-19 14:24:09.400,4034.0000,24251,1,8001465240.000,1,1,0,双开,B,4033.2000,4032.4000,4032.0000,4031.4000,4030.8000,4034.0000,4034.2000,4034.6000,4035.0000,4036.2000,1,1,1,1,1,2,2,1,2,1
SF,IF2006,2020-02-19 14:24:09.900,4034.0000,24251,0,8001465240.000,0,-,-,-,-,4033.4000,4033.2000,4032.4000,4032.0000,4031.4000,4034.0000,4034.2000,4034.6000,4035.0000,4036.2000,2,1,1,1,1,2,2,1,2,1
SF,IF2006,2020-02-19 14:24:10.400,4034.0000,24251,0,8001465240.000,0,-,-,-,-,4033.2000,4032.4000,4032.0000,4031.4000,4030.8000,4034.0000,4034.2000,4034.6000,4035.0000,4036.2000,1,1,1,1,1,2,2,1,2,1
SF,IF2006,2020-02-19 14:24:10.900,4034.0000,24251,0,8001465240.000,0,-,-,-,-,4033.2000,4032.4000,4032.0000,4031.4000,4030.8000,4034.0000,4034.2000,4034.6000,4035.0000,4036.2000,2,1,1,1,1,2,1,1,2,1
SF,IF2006,2020-02-19 14:24:11.400,4034.0000,24251,0,8001465240.000,0,-,-,-,-,4033.2000,4032.4000,4032.0000,4031.4000,4030.8000,4034.0000,4034.2000,4034.6000,4035.0000,4036.2000,1,1,1,1,1,2,1,1,1,1
SF,IF2006,2020-02-19 14:24:11.900,4034.0000,24251,0,8001465240.000,0,-,-,-,-,4033.2000,4032.4000,4032.0000,4031.4000,4030.8000,4034.0000,4034.2000,4034.6000,4035.0000,4036.2000,1,1,1,1,1,2,1,1,1,1
SF,IF2006,2020-02-19 14:24:12.900,4033.2000,24252,1,8002675200.000,1,1,0,双开,B,4032.4000,4032.0000,4031.4000,4030.8000,4030.6000,4034.0000,4034.2000,4034.6000,4035.0000,4036.2000,1,1,1,1,1,2,1,1,1,1
SF,IF2006,2020-02-19 14:24:13.400,4033.2000,24252,0,8002675200.000,0,-,-,-,-,4032.6000,4032.4000,4032.0000,4031.4000,4030.8000,4034.0000,4034.2000,4034.6000,4035.0000,4036.2000,1,2,1,1,1,2,1,1,1,1
SF,IF2006,2020-02-19 14:24:13.900,4033.2000,24252,0,8002675200.000,0,-,-,-,-,4032.6000,4032.4000,4032.0000,4031.4000,4030.8000,4033.8000,4034.0000,4034.2000,4035.0000,4036.2000,1,2,1,1,1,2,2,1,1,1
SF,IF2006,2020-02-19 14:24:14.400,4033.2000,24252,0,8002675200.000,0,-,-,-,-,4032.8000,4032.6000,4032.4000,4032.0000,4031.4000,4033.8000,4034.2000,4035.0000,4036.2000,4036.6000,1,3,2,1,1,2,1,1,1,1
SF,IF2006,2020-02-19 14:24:15.400,4033.0000,24253,1,8003885100.000,1,1,0,双开,B,4033.0000,4032.6000,4032.4000,4032.0000,4031.4000,4033.8000,4034.2000,4035.0000,4036.2000,4036.6000,1,2,2,1,1,2,1,1,1,1
SF,IF2006,2020-02-19 14:24:15.900,4033.0000,24253,0,8003885100.000,0,-,-,-,-,4032.6000,4032.4000,4032.0000,4031.4000,4030.8000,4033.8000,4034.2000,4035.0000,4036.2000,4036.6000,2,2,1,1,1,2,1,1,1,1
SF,IF2006,2020-02-19 14:24:16.400,4033.0000,24253,0,8003885100.000,0,-,-,-,-,4032.8000,4032.6000,4032.4000,4032.0000,4031.4000,4033.8000,4034.2000,4035.0000,4036.2000,4036.6000,1,3,2,1,1,2,1,1,1,1
SF,IF2006,2020-02-19 14:24:16.900,4033.0000,24253,0,8005095000.000,1,0,1,空换,B,4032.6000,4032.4000,4032.0000,4031.4000,4030.8000,4033.8000,4034.2000,4035.0000,4036.2000,4036.6000,3,2,1,1,1,2,1,1,1,1
SF,IF2006,2020-02-19 14:24:17.400,4033.0000,24253,0,8005095000.000,0,-,-,-,-,4032.8000,4032.6000,4032.4000,4032.0000,4031.4000,4033.8000,4034.2000,4035.0000,4036.2000,4036.6000,1,3,2,1,1,2,1,1,1,1
SF,IF2006,2020-02-19 14:24:17.900,4033.0000,24253,0,8005095000.000,0,-,-,-,-,4033.0000,4032.6000,4032.4000,4032.0000,4031.4000,4033.8000,4034.2000,4035.0000,4036.2000,4036.6000,1,3,2,1,1,2,1,1,1,1
SF,IF2006,2020-02-19 14:24:18.400,4033.0000,24253,0,8005095000.000,0,-,-,-,-,4032.8000,4032.6000,4032.4000,4032.0000,4031.4000,4033.8000,4034.2000,4035.0000,4036.2000,4036.6000,1,3,2,1,1,2,1,1,1,1
SF,IF2006,2020-02-19 14:24:19.900,4033.0000,24253,0,8005095000.000,0,-,-,-,-,4032.6000,4032.4000,4032.0000,4031.4000,4030.8000,4033.8000,4034.2000,4036.2000,4036.6000,4036.8000,3,2,1,1,1,2,1,1,1,1
SF,IF2006,2020-02-19 14:24:21.900,4033.0000,24253,0,8005095000.000,0,-,-,-,-,4032.6000,4032.4000,4032.0000,4031.4000,4030.8000,4033.6000,4033.8000,4034.2000,4036.2000,4036.6000,3,2,1,1,1,1,2,1,1,1
SF,IF2006,2020-02-19 14:24:22.400,4033.0000,24253,0,8005095000.000,0,-,-,-,-,4032.6000,4032.4000,4031.4000,4030.8000,4030.6000,4033.6000,4033.8000,4034.2000,4036.2000,4036.6000,3,2,1,1,1,1,2,1,1,1
SF,IF2006,2020-02-19 14:24:23.900,4033.0000,24253,0,8005095000.000,0,-,-,-,-,4032.6000,4032.4000,4031.4000,4030.8000,4030.6000,4033.0000,4033.6000,4033.8000,4034.2000,4036.2000,3,2,1,1,1,1,1,2,1,1
SF,IF2006,2020-02-19 14:24:26.400,4032.6000,24253,0,8006304780.000,1,0,1,空换,B,4032.6000,4032.4000,4031.4000,4030.8000,4030.6000,4033.0000,4033.8000,4034.2000,4036.2000,4036.6000,2,2,1,1,1,1,2,1,1,1
SF,IF2006,2020-02-19 14:24:27.400,4032.6000,24253,0,8008724460.000,2,1,1,空换,B,4032.6000,4032.4000,4031.4000,4030.8000,4030.6000,4033.8000,4034.2000,4036.2000,4036.6000,4036.8000,1,2,1,1,1,2,1,1,1,1
SF,IF2006,2020-02-19 14:24:28.900,4032.6000,24253,0,8008724460.000,0,-,-,-,-,4032.8000,4032.6000,4032.4000,4031.4000,4030.8000,4033.6000,4033.8000,4034.2000,4036.2000,4036.6000,1,1,2,1,1,1,2,1,1,1
SF,IF2006,2020-02-19 14:24:29.400,4032.8000,24254,1,8009934300.000,1,1,0,双开,B,4032.6000,4032.4000,4031.4000,4030.8000,4030.6000,4033.4000,4033.6000,4033.8000,4034.2000,4036.2000,1,2,1,1,1,1,1,2,1,1
SF,IF2006,2020-02-19 14:24:29.900,4032.6000,24254,0,8011144080.000,1,0,1,空换,B,4032.4000,4031.4000,4030.8000,4030.6000,4030.2000,4032.6000,4033.4000,4033.6000,4033.8000,4034.2000,2,1,1,1,3,2,2,1,2,1
SF,IF2006,2020-02-19 14:24:30.400,4032.4000,24255,1,8015982960.000,4,2,2,多开,B,4031.4000,4030.8000,4030.6000,4030.2000,4030.0000,4032.6000,4033.4000,4034.2000,4036.2000,4036.6000,1,1,1,3,2,2,2,1,1,1
SF,IF2006,2020-02-19 14:24:30.900,4032.4000,24255,0,8015982960.000,0,-,-,-,-,4032.0000,4031.6000,4031.4000,4030.8000,4030.6000,4032.6000,4033.2000,4033.4000,4034.2000,4036.2000,1,1,2,1,1,2,1,1,1,1
SF,IF2006,2020-02-19 14:24:31.400,4032.0000,24256,1,8017192560.000,1,1,0,双开,B,4031.4000,4030.8000,4030.6000,4030.2000,4030.0000,4032.6000,4033.2000,4033.4000,4034.2000,4036.2000,2,1,1,3,2,2,1,1,1,1
SF,IF2006,2020-02-19 14:24:31.900,4032.0000,24256,0,8017192560.000,0,-,-,-,-,4031.8000,4031.4000,4030.8000,4030.6000,4030.2000,4032.6000,4033.2000,4033.4000,4034.2000,4036.2000,2,2,1,1,3,2,1,1,1,1
SF,IF2006,2020-02-19 14:24:32.400,4032.0000,24256,0,8017192560.000,0,-,-,-,-,4031.4000,4030.8000,4030.6000,4030.2000,4030.0000,4032.6000,4033.2000,4034.2000,4036.2000,4036.6000,2,1,1,3,2,2,1,1,1,1
SF,IF2006,2020-02-19 14:24:32.900,4032.0000,24256,0,8017192560.000,0,-,-,-,-,4031.4000,4030.8000,4030.6000,4030.2000,4030.0000,4032.4000,4032.6000,4033.2000,4034.2000,4036.2000,2,1,1,3,2,1,2,1,1,1
SF,IF2006,2020-02-19 14:24:34.900,4032.0000,24256,0,8017192560.000,0,-,-,-,-,4031.4000,4030.8000,4030.6000,4030.2000,4030.0000,4032.4000,4032.6000,4033.2000,4034.2000,4036.2000,1,1,1,3,2,1,2,1,1,1
SF,IF2006,2020-02-19 14:24:35.400,4032.0000,24256,0,8017192560.000,0,-,-,-,-,4031.4000,4030.8000,4030.6000,4030.2000,4030.0000,4033.2000,4034.2000,4036.2000,4036.6000,4036.8000,1,1,1,3,2,1,1,1,1,1
SF,IF2006,2020-02-19 14:24:35.900,4032.0000,24256,0,8017192560.000,0,-,-,-,-,4031.4000,4030.8000,4030.6000,4030.2000,4030.0000,4033.0000,4034.2000,4036.2000,4036.6000,4036.8000,1,1,1,3,2,3,1,1,1,1
SF,IF2006,2020-02-19 14:24:37.400,4032.0000,24256,0,8017192560.000,0,-,-,-,-,4031.6000,4031.4000,4030.8000,4030.6000,4030.2000,4032.6000,4033.0000,4034.2000,4036.2000,4036.6000,1,1,1,1,3,1,3,1,1,1
SF,IF2006,2020-02-19 14:24:38.900,4032.0000,24256,0,8017192560.000,0,-,-,-,-,4031.4000,4030.8000,4030.6000,4030.2000,4030.0000,4032.6000,4033.0000,4034.2000,4036.2000,4036.6000,1,1,1,3,2,1,3,1,1,1
SF,IF2006,2020-02-19 14:24:39.400,4032.0000,24256,0,8017192560.000,0,-,-,-,-,4031.4000,4030.8000,4030.6000,4030.2000,4030.0000,4032.6000,4033.0000,4034.2000,4036.2000,4036.6000,1,1,1,3,2,1,3,1,1,1
SF,IF2006,2020-02-19 14:24:40.400,4032.0000,24256,0,8017192560.000,0,-,-,-,-,4031.8000,4031.4000,4030.8000,4030.6000,4030.2000,4032.6000,4033.0000,4034.2000,4036.2000,4036.6000,1,1,1,1,3,1,3,1,1,1
SF,IF2006,2020-02-19 14:24:41.400,4031.8000,24256,0,8018402100.000,1,0,1,空换,B,4031.4000,4030.8000,4030.6000,4030.2000,4030.0000,4032.6000,4033.0000,4034.2000,4036.2000,4036.6000,1,1,1,3,2,1,3,1,1,1
SF,IF2006,2020-02-19 14:24:41.900,4031.8000,24256,0,8018402100.000,0,-,-,-,-,4031.4000,4030.8000,4030.6000,4030.2000,4030.0000,4032.4000,4032.6000,4033.0000,4034.2000,4036.2000,1,1,1,3,2,1,1,3,1,1
SF,IF2006,2020-02-19 14:24:44.900,4031.8000,24256,0,8018402100.000,0,-,-,-,-,4031.6000,4031.4000,4030.8000,4030.6000,4030.2000,4032.4000,4032.6000,4033.0000,4034.2000,4036.2000,1,1,1,1,3,1,1,3,1,1
SF,IF2006,2020-02-19 14:24:45.400,4031.8000,24256,0,8018402100.000,0,-,-,-,-,4031.4000,4030.8000,4030.6000,4030.2000,4030.0000,4032.4000,4032.6000,4033.0000,4034.2000,4036.2000,1,1,1,3,2,1,1,2,1,1
SF,IF2006,2020-02-19 14:24:47.400,4031.8000,24256,0,8018402100.000,0,-,-,-,-,4031.4000,4030.8000,4030.6000,4030.2000,4030.0000,4032.2000,4032.4000,4033.0000,4034.2000,4036.2000,1,1,1,3,2,1,1,2,1,1
SF,IF2006,2020-02-19 14:24:48.400,4031.8000,24256,0,8018402100.000,0,-,-,-,-,4031.6000,4031.4000,4030.8000,4030.6000,4030.2000,4032.2000,4032.4000,4033.0000,4034.2000,4036.2000,1,1,1,1,3,1,1,2,1,1
SF,IF2006,2020-02-19 14:24:48.900,4031.8000,24256,0,8018402100.000,0,-,-,-,-,4031.6000,4031.4000,4031.0000,4030.8000,4030.6000,4032.2000,4032.4000,4033.0000,4034.2000,4036.2000,1,1,1,1,1,1,1,2,1,1
SF,IF2006,2020-02-19 14:24:49.400,4031.8000,24256,0,8018402100.000,0,-,-,-,-,4031.6000,4031.4000,4031.0000,4030.8000,4030.6000,4032.4000,4033.0000,4034.2000,4036.2000,4036.6000,2,1,1,1,1,1,2,1,1,1
SF,IF2006,2020-02-19 14:24:50.400,4031.8000,24256,0,8018402100.000,0,-,-,-,-,4031.6000,4031.4000,4031.0000,4030.8000,4030.6000,4032.4000,4033.0000,4034.2000,4036.2000,4036.6000,1,1,1,1,1,1,2,1,1,1
SF,IF2006,2020-02-19 14:24:50.900,4032.4000,24257,1,8019611820.000,1,1,0,双开,B,4032.0000,4031.8000,4031.6000,4031.4000,4031.0000,4033.0000,4034.2000,4036.2000,4036.6000,4036.8000,4,1,3,1,1,2,1,1,1,1
SF,IF2006,2020-02-19 14:24:51.400,4032.4000,24257,0,8019611820.000,0,-,-,-,-,4031.6000,4031.4000,4031.0000,4030.8000,4030.6000,4034.2000,4036.2000,4036.6000,4036.8000,4037.2000,1,1,1,1,1,1,1,1,1,1
SF,IF2006,2020-02-19 14:24:51.900,4032.4000,24257,0,8019611820.000,0,-,-,-,-,4031.8000,4031.6000,4031.4000,4031.0000,4030.8000,4034.0000,4034.2000,4036.2000,4036.6000,4036.8000,3,1,1,1,1,2,1,1,1,1
SF,IF2006,2020-02-19 14:24:53.900,4032.4000,24257,0,8019611820.000,0,-,-,-,-,4031.8000,4031.6000,4031.4000,4031.0000,4030.8000,4033.8000,4034.0000,4034.2000,4036.2000,4036.6000,3,1,1,1,1,1,2,1,1,1
SF,IF2006,2020-02-19 14:24:54.400,4032.4000,24257,0,8019611820.000,0,-,-,-,-,4031.8000,4031.6000,4031.4000,4031.0000,4030.8000,4033.6000,4033.8000,4034.2000,4036.2000,4036.6000,3,1,1,1,1,2,2,1,1,1
SF,IF2006,2020-02-19 14:24:54.900,4032.4000,24257,0,8019611820.000,0,-,-,-,-,4032.0000,4031.8000,4031.6000,4031.4000,4031.0000,4033.6000,4033.8000,4034.2000,4036.2000,4036.6000,1,3,1,1,1,2,2,1,1,1
SF,IF2006,2020-02-19 14:24:55.400,4032.4000,24257,0,8019611820.000,0,-,-,-,-,4032.0000,4031.8000,4031.6000,4031.4000,4031.0000,4033.6000,4033.8000,4034.2000,4036.2000,4036.6000,1,3,1,1,1,2,1,1,1,1
SF,IF2006,2020-02-19 14:24:55.900,4032.4000,24257,0,8019611820.000,0,-,-,-,-,4032.2000,4032.0000,4031.8000,4031.6000,4031.4000,4033.6000,4033.8000,4034.2000,4036.2000,4036.6000,1,1,3,1,1,2,1,1,1,1
SF,IF2006,2020-02-19 14:24:56.900,4032.4000,24257,0,8019611820.000,0,-,-,-,-,4032.2000,4031.8000,4031.6000,4031.4000,4031.0000,4033.6000,4033.8000,4034.2000,4036.2000,4036.6000,1,3,1,1,1,2,1,1,1,1
SF,IF2006,2020-02-19 14:24:59.400,4032.4000,24257,0,8019611820.000,0,-,-,-,-,4032.2000,4031.8000,4031.6000,4031.4000,4031.0000,4033.6000,4034.2000,4036.2000,4036.6000,4036.8000,1,3,1,1,1,2,1,1,1,1
SF,IF2006,2020-02-19 14:25:01.900,4032.4000,24257,0,8019611820.000,0,-,-,-,-,4032.4000,4032.2000,4031.8000,4031.6000,4031.4000,4033.6000,4034.2000,4036.2000,4036.6000,4036.8000,1,1,3,1,1,2,1,1,1,1
SF,IF2006,2020-02-19 14:25:02.400,4032.4000,24257,0,8019611820.000,0,-,-,-,-,4032.4000,4032.2000,4031.8000,4031.6000,4031.4000,4033.6000,4034.2000,4036.2000,4036.6000,4036.8000,2,1,3,1,1,2,1,1,1,1
SF,IF2006,2020-02-19 14:25:02.900,4032.4000,24257,0,8019611820.000,0,-,-,-,-,4032.6000,4032.4000,4032.2000,4031.8000,4031.4000,4034.2000,4036.2000,4036.6000,4036.8000,4037.2000,1,2,1,3,1,1,1,1,1,1
SF,IF2006,2020-02-19 14:25:03.400,4032.4000,24257,0,8019611820.000,0,-,-,-,-,4033.0000,4032.8000,4032.6000,4032.4000,4031.8000,4034.2000,4036.2000,4036.6000,4036.8000,4037.2000,2,1,1,3,3,1,1,1,1,1
SF,IF2006,2020-02-19 14:25:04.400,4032.4000,24257,0,8019611820.000,0,-,-,-,-,4033.2000,4032.8000,4032.6000,4032.4000,4031.8000,4034.2000,4036.2000,4036.6000,4036.8000,4037.2000,1,1,1,2,3,1,1,1,1,1
SF,IF2006,2020-02-19 14:25:04.900,4032.4000,24257,0,8019611820.000,0,-,-,-,-,4033.2000,4032.6000,4032.4000,4032.0000,4031.8000,4034.2000,4036.2000,4036.6000,4036.8000,4037.2000,1,1,1,1,3,1,1,1,1,1
SF,IF2006,2020-02-19 14:25:07.400,4032.4000,24257,0,8019611820.000,0,-,-,-,-,4033.2000,4032.6000,4032.0000,4031.8000,4031.4000,4034.2000,4036.2000,4036.6000,4036.8000,4037.2000,1,1,1,3,1,1,1,1,1,1
SF,IF2006,2020-02-19 14:25:07.900,4034.2000,24258,1,8020822080.000,1,1,0,双开,B,4033.2000,4032.6000,4032.0000,4031.8000,4031.4000,4036.2000,4036.6000,4036.8000,4037.2000,4037.4000,1,1,2,3,1,1,1,1,1,1
SF,IF2006,2020-02-19 14:25:08.400,4034.2000,24258,0,8020822080.000,0,-,-,-,-,4033.4000,4033.2000,4032.6000,4032.0000,4031.4000,4035.4000,4035.8000,4036.0000,4036.2000,4036.6000,3,1,1,2,1,1,1,2,1,1
SF,IF2006,2020-02-19 14:25:08.900,4034.2000,24258,0,8020822080.000,0,-,-,-,-,4033.4000,4033.2000,4032.6000,4032.0000,4031.4000,4035.2000,4035.8000,4036.2000,4036.6000,4036.8000,3,1,1,2,1,2,1,1,1,1
SF,IF2006,2020-02-19 14:25:09.400,4034.2000,24258,0,8020822080.000,0,-,-,-,-,4033.6000,4033.4000,4033.2000,4032.0000,4031.4000,4035.2000,4035.8000,4036.2000,4036.6000,4036.8000,2,3,1,2,1,2,1,1,1,1
SF,IF2006,2020-02-19 14:25:09.900,4034.2000,24258,0,8020822080.000,0,-,-,-,-,4033.6000,4033.4000,4033.2000,4032.0000,4031.4000,4035.2000,4036.2000,4036.6000,4036.8000,4037.2000,2,3,1,2,1,2,1,1,1,1
SF,IF2006,2020-02-19 14:25:10.400,4034.2000,24258,0,8020822080.000,0,-,-,-,-,4033.6000,4033.4000,4033.2000,4032.0000,4031.4000,4035.0000,4035.2000,4036.2000,4036.6000,4036.8000,2,3,1,2,1,1,2,1,1,1
SF,IF2006,2020-02-19 14:25:11.900,4033.6000,24259,1,8022032160.000,1,1,0,双开,B,4033.6000,4033.4000,4033.2000,4032.0000,4031.4000,4035.0000,4035.2000,4036.2000,4036.6000,4036.8000,1,3,1,2,1,1,2,1,1,1
SF,IF2006,2020-02-19 14:25:12.400,4033.6000,24259,0,8022032160.000,0,-,-,-,-,4033.4000,4033.2000,4032.0000,4031.4000,4031.0000,4035.0000,4035.2000,4036.2000,4036.6000,4036.8000,3,1,2,1,1,1,2,1,1,1
SF,IF2006,2020-02-19 14:25:13.400,4033.6000,24259,0,8022032160.000,0,-,-,-,-,4033.6000,4033.4000,4033.2000,4032.0000,4031.4000,4035.0000,4035.2000,4036.2000,4036.6000,4036.8000,1,3,1,2,1,1,2,1,1,1
SF,IF2006,2020-02-19 14:25:14.900,4033.6000,24260,1,8023242240.000,1,1,0,双开,B,4033.4000,4033.2000,4032.0000,4031.4000,4031.0000,4033.6000,4035.0000,4035.2000,4036.2000,4036.6000,3,1,2,1,1,1,1,2,1,1
SF,IF2006,2020-02-19 14:25:15.400,4033.6000,24261,1,8024452320.000,1,1,0,双开,B,4033.8000,4033.6000,4033.4000,4033.2000,4032.0000,4035.0000,4035.2000,4036.2000,4036.6000,4036.8000,2,6,2,1,2,1,2,1,1,1
SF,IF2006,2020-02-19 14:25:15.900,4033.6000,24261,0,8024452320.000,0,-,-,-,-,4033.6000,4033.4000,4033.2000,4032.0000,4031.4000,4035.0000,4035.2000,4036.2000,4036.6000,4036.8000,4,1,1,2,1,1,2,1,1,1
SF,IF2006,2020-02-19 14:25:16.400,4033.6000,24261,0,8024452320.000,0,-,-,-,-,4033.6000,4033.4000,4033.2000,4032.0000,4031.4000,4034.8000,4035.0000,4035.2000,4036.2000,4036.6000,3,1,1,2,1,1,1,2,1,1
SF,IF2006,2020-02-19 14:25:16.900,4033.6000,24261,0,8024452320.000,0,-,-,-,-,4033.8000,4033.6000,4033.4000,4033.2000,4032.0000,4034.8000,4035.0000,4035.2000,4036.2000,4036.6000,1,2,1,1,2,1,1,2,1,1
SF,IF2006,2020-02-19 14:25:17.400,4033.6000,24261,0,8024452320.000,0,-,-,-,-,4033.6000,4033.4000,4033.2000,4032.0000,4031.4000,4034.8000,4035.0000,4035.2000,4036.2000,4036.6000,2,1,1,2,1,1,1,2,1,1
SF,IF2006,2020-02-19 14:25:17.900,4033.6000,24261,0,8024452320.000,0,-,-,-,-,4033.6000,4033.4000,4033.2000,4032.0000,4031.4000,4034.6000,4034.8000,4035.0000,4035.2000,4036.2000,2,1,1,2,1,1,1,1,2,1
SF,IF2006,2020-02-19 14:25:19.400,4033.6000,24261,0,8024452320.000,0,-,-,-,-,4034.0000,4033.6000,4033.4000,4033.2000,4032.0000,4034.6000,4034.8000,4035.0000,4035.2000,4036.2000,1,2,1,1,2,1,1,1,2,1
SF,IF2006,2020-02-19 14:25:19.900,4033.6000,24261,0,8024452320.000,0,-,-,-,-,4034.0000,4033.6000,4033.4000,4033.2000,4032.0000,4034.8000,4035.0000,4035.2000,4036.2000,4036.6000,1,2,1,1,2,1,1,2,1,1
SF,IF2006,2020-02-19 14:25:21.400,4033.6000,24261,0,8024452320.000,0,-,-,-,-,4034.0000,4033.6000,4033.4000,4033.2000,4032.0000,4034.8000,4035.0000,4035.2000,4036.2000,4036.6000,1,2,1,1,2,1,1,2,1,1
SF,IF2006,2020-02-19 14:25:22.400,4033.6000,24261,0,8024452320.000,0,-,-,-,-,4034.8000,4034.0000,4033.6000,4033.4000,4033.2000,4035.0000,4035.2000,4036.2000,4036.6000,4036.8000,1,1,2,1,1,1,2,1,1,1
SF,IF2006,2020-02-19 14:25:22.900,4034.8000,24262,1,8025662760.000,1,1,0,双开,B,4034.0000,4033.6000,4033.4000,4032.0000,4031.4000,4035.2000,4036.2000,4036.6000,4036.8000,4037.2000,1,2,1,2,1,2,1,1,1,1
SF,IF2006,2020-02-19 14:25:23.900,4034.8000,24262,0,8025662760.000,0,-,-,-,-,4034.0000,4033.6000,4033.4000,4032.0000,4031.4000,4035.0000,4035.2000,4036.2000,4036.6000,4036.8000,1,2,1,2,1,1,2,1,1,1
SF,IF2006,2020-02-19 14:25:24.400,4034.8000,24262,0,8025662760.000,0,-,-,-,-,4034.0000,4033.6000,4033.4000,4032.0000,4031.4000,4034.8000,4035.0000,4036.2000,4036.6000,4036.8000,1,2,1,2,1,1,1,1,1,1
SF,IF2006,2020-02-19 14:25:28.900,4034.8000,24262,0,8025662760.000,0,-,-,-,-,4034.0000,4033.6000,4033.4000,4032.0000,4031.4000,4034.6000,4034.8000,4035.0000,4036.2000,4036.6000,1,2,1,2,1,1,1,1,1,1
SF,IF2006,2020-02-19 14:25:30.400,4034.8000,24262,0,8025662760.000,0,-,-,-,-,4034.0000,4033.6000,4033.4000,4033.0000,4032.0000,4034.6000,4034.8000,4035.0000,4036.2000,4036.6000,1,2,1,1,2,1,1,1,1,1
SF,IF2006,2020-02-19 14:25:30.900,4034.8000,24262,0,8025662760.000,0,-,-,-,-,4034.0000,4033.6000,4033.4000,4033.0000,4032.0000,4034.6000,4034.8000,4035.0000,4036.2000,4036.6000,1,3,1,1,2,1,1,1,1,1
SF,IF2006,2020-02-19 14:25:31.400,4034.6000,24262,0,8026873140.000,1,0,1,空换,B,4034.0000,4033.6000,4033.4000,4033.0000,4032.0000,4034.8000,4035.0000,4036.2000,4036.6000,4036.8000,1,3,1,1,2,1,1,1,1,1
SF,IF2006,2020-02-19 14:25:31.900,4034.6000,24262,0,8026873140.000,0,-,-,-,-,4034.0000,4033.6000,4033.4000,4033.0000,4032.0000,4034.8000,4036.2000,4036.6000,4036.8000,4037.2000,1,3,1,1,2,1,1,1,1,1
SF,IF2006,2020-02-19 14:25:33.900,4034.0000,24262,0,8028083340.000,1,0,1,空换,B,4033.6000,4033.4000,4033.0000,4032.0000,4031.4000,4034.6000,4034.8000,4036.2000,4036.6000,4036.8000,3,1,1,2,1,1,1,1,1,1
SF,IF2006,2020-02-19 14:25:34.400,4034.0000,24262,0,8028083340.000,0,-,-,-,-,4034.2000,4034.0000,4033.8000,4033.6000,4033.4000,4034.6000,4034.8000,4036.2000,4036.6000,4036.8000,2,3,1,3,1,1,1,1,1,1
SF,IF2006,2020-02-19 14:25:34.900,4034.0000,24262,0,8028083340.000,0,-,-,-,-,4033.6000,4033.4000,4033.0000,4032.0000,4031.4000,4034.6000,4034.8000,4036.2000,4036.6000,4036.8000,3,1,1,3,1,1,1,1,1,1
SF,IF2006,2020-02-19 14:25:37.900,4034.0000,24262,0,8028083340.000,0,-,-,-,-,4033.6000,4033.4000,4033.0000,4032.0000,4031.4000,4034.6000,4036.2000,4036.6000,4036.8000,4037.2000,3,1,1,3,1,1,1,1,1,1
SF,IF2006,2020-02-19 14:25:39.900,4034.0000,24262,0,8028083340.000,0,-,-,-,-,4033.6000,4033.0000,4032.0000,4031.4000,4031.0000,4034.6000,4036.2000,4036.6000,4036.8000,4037.2000,3,1,3,1,1,1,1,1,1,1
SF,IF2006,2020-02-19 14:25:40.400,4033.6000,24262,0,8029293420.000,1,0,1,空换,B,4033.6000,4033.0000,4032.0000,4031.4000,4031.0000,4034.4000,4034.6000,4036.2000,4036.6000,4036.8000,2,1,3,1,1,5,1,1,1,1
SF,IF2006,2020-02-19 14:25:40.900,4033.6000,24261,-1,8030503500.000,1,0,1,双平,B,4033.6000,4033.0000,4032.0000,4031.4000,4031.0000,4034.4000,4034.6000,4036.2000,4036.6000,4036.8000,1,1,3,1,1,5,1,1,1,1
SF,IF2006,2020-02-19 14:25:41.400,4033.6000,24261,0,8030503500.000,0,-,-,-,-,4033.6000,4033.0000,4032.0000,4031.4000,4031.0000,4034.2000,4034.4000,4034.6000,4036.2000,4036.6000,1,1,3,1,1,1,3,1,1,1
SF,IF2006,2020-02-19 14:25:41.900,4033.6000,24261,0,8030503500.000,0,-,-,-,-,4033.6000,4033.0000,4032.0000,4031.4000,4031.0000,4034.2000,4034.4000,4036.2000,4036.6000,4036.8000,1,1,3,1,1,3,3,1,1,1
SF,IF2006,2020-02-19 14:25:42.400,4033.6000,24261,0,8030503500.000,0,-,-,-,-,4033.6000,4033.0000,4032.0000,4031.4000,4031.0000,4034.2000,4034.4000,4036.2000,4036.6000,4036.8000,1,1,3,1,1,3,3,1,1,1
SF,IF2006,2020-02-19 14:25:42.900,4034.2000,24261,0,8031713760.000,1,0,1,空换,B,4033.6000,4033.0000,4032.0000,4031.4000,4031.0000,4034.2000,4034.4000,4036.2000,4036.6000,4036.8000,1,1,3,1,1,1,3,1,1,1
SF,IF2006,2020-02-19 14:25:44.400,4034.2000,24261,0,8031713760.000,0,-,-,-,-,4033.8000,4033.6000,4033.0000,4032.0000,4031.4000,4034.2000,4034.4000,4036.2000,4036.6000,4036.8000,1,1,1,3,1,1,3,1,1,1
SF,IF2006,2020-02-19 14:25:46.400,4034.2000,24261,0,8031713760.000,0,-,-,-,-,4033.8000,4033.6000,4033.0000,4032.0000,4031.4000,4034.0000,4034.4000,4036.2000,4036.6000,4036.8000,1,1,1,3,1,2,3,1,1,1
SF,IF2006,2020-02-19 14:25:47.900,4034.0000,24259,-2,8034134160.000,2,0,2,双平,B,4033.8000,4033.6000,4033.0000,4032.0000,4031.4000,4034.4000,4036.2000,4036.6000,4036.8000,4037.2000,1,1,1,3,1,3,1,1,1,1
SF,IF2006,2020-02-19 14:25:49.400,4034.0000,24259,0,8034134160.000,0,-,-,-,-,4033.8000,4033.6000,4033.0000,4032.6000,4032.0000,4034.2000,4034.4000,4036.2000,4036.6000,4036.8000,1,1,1,1,3,1,3,1,1,1
SF,IF2006,2020-02-19 14:25:51.900,4033.8000,24260,1,8035344300.000,1,1,0,双开,B,4033.6000,4033.0000,4032.6000,4032.0000,4031.4000,4034.2000,4034.4000,4036.2000,4036.6000,4036.8000,1,1,1,3,1,1,3,1,1,1
SF,IF2006,2020-02-19 14:25:52.400,4033.8000,24260,0,8035344300.000,0,-,-,-,-,4033.6000,4033.0000,4032.6000,4032.0000,4031.4000,4034.2000,4034.4000,4036.2000,4036.6000,4036.8000,1,1,1,3,1,1,3,1,1,1
SF,IF2006,2020-02-19 14:25:52.900,4033.6000,24261,1,8036554380.000,1,1,0,双开,B,4033.0000,4032.6000,4032.0000,4031.4000,4031.0000,4034.2000,4034.4000,4036.2000,4036.6000,4036.8000,1,1,3,1,1,1,3,1,1,1
SF,IF2006,2020-02-19 14:25:54.900,4033.6000,24261,0,8036554380.000,0,-,-,-,-,4033.0000,4032.6000,4032.0000,4031.4000,4031.0000,4034.0000,4034.2000,4034.4000,4036.2000,4036.6000,1,1,3,1,1,1,1,3,1,1
SF,IF2006,2020-02-19 14:25:55.400,4033.6000,24261,0,8036554380.000,0,-,-,-,-,4033.0000,4032.6000,4032.0000,4031.4000,4031.0000,4034.0000,4034.2000,4034.4000,4036.2000,4036.6000,1,1,3,1,1,2,1,3,1,1
SF,IF2006,2020-02-19 14:25:55.900,4033.6000,24261,0,8036554380.000,0,-,-,-,-,4033.0000,4032.6000,4032.0000,4031.4000,4031.0000,4033.8000,4034.0000,4034.4000,4036.2000,4036.6000,1,1,3,1,1,1,2,3,1,1
SF,IF2006,2020-02-19 14:25:56.400,4033.6000,24261,0,8036554380.000,0,-,-,-,-,4033.0000,4032.6000,4032.0000,4031.4000,4031.0000,4033.8000,4034.0000,4034.4000,4036.2000,4036.6000,1,1,3,1,1,2,1,3,1,1
SF,IF2006,2020-02-19 14:25:57.400,4033.6000,24261,0,8036554380.000,0,-,-,-,-,4033.0000,4032.6000,4032.0000,4031.4000,4031.0000,4033.6000,4033.8000,4034.0000,4034.4000,4036.2000,1,1,3,1,1,1,1,2,3,1
SF,IF2006,2020-02-19 14:25:59.900,4033.6000,24261,0,8036554380.000,0,-,-,-,-,4033.0000,4032.6000,4032.0000,4031.4000,4031.0000,4033.6000,4033.8000,4034.0000,4034.4000,4036.2000,1,1,3,1,1,1,1,1,3,1
SF,IF2006,2020-02-19 14:26:00.400,4033.0000,24261,0,8037764280.000,1,0,1,空换,B,4032.6000,4032.0000,4031.4000,4031.0000,4030.2000,4033.6000,4033.8000,4034.0000,4034.4000,4036.2000,1,3,1,1,2,1,1,1,3,1
SF,IF2006,2020-02-19 14:26:00.900,4033.0000,24261,0,8037764280.000,0,-,-,-,-,4032.6000,4032.0000,4031.4000,4031.0000,4030.2000,4033.6000,4033.8000,4034.0000,4034.4000,4036.2000,1,3,1,1,2,1,1,1,2,1
SF,IF2006,2020-02-19 14:26:01.400,4033.0000,24261,0,8037764280.000,0,-,-,-,-,4032.6000,4032.0000,4031.4000,4031.0000,4030.2000,4033.4000,4033.6000,4034.0000,4034.4000,4036.2000,1,3,1,1,2,2,1,1,2,1
SF,IF2006,2020-02-19 14:26:02.400,4032.6000,24260,-1,8038974060.000,1,0,1,双平,B,4032.0000,4031.4000,4031.0000,4030.2000,4030.0000,4033.4000,4033.6000,4034.0000,4034.4000,4036.2000,3,1,1,2,2,2,1,1,2,1
SF,IF2006,2020-02-19 14:26:02.900,4032.6000,24260,0,8038974060.000,0,-,-,-,-,4032.4000,4032.0000,4031.4000,4031.0000,4030.2000,4033.2000,4033.4000,4034.0000,4034.4000,4036.2000,2,3,1,1,2,1,2,1,2,1
SF,IF2006,2020-02-19 14:26:05.900,4033.2000,24261,1,8040184020.000,1,1,0,双开,B,4032.4000,4032.0000,4031.4000,4031.0000,4030.2000,4033.4000,4034.0000,4034.4000,4036.2000,4036.6000,2,3,1,1,2,1,1,2,1,1
SF,IF2006,2020-02-19 14:26:08.400,4033.2000,24261,0,8040184020.000,0,-,-,-,-,4032.6000,4032.4000,4032.0000,4031.4000,4031.0000,4033.4000,4034.0000,4034.4000,4036.2000,4036.6000,1,2,3,1,1,1,1,2,1,1
SF,IF2006,2020-02-19 14:26:08.900,4033.2000,24261,0,8040184020.000,0,-,-,-,-,4032.6000,4032.4000,4032.0000,4031.4000,4031.0000,4034.0000,4034.4000,4036.2000,4036.6000,4036.8000,1,2,3,1,1,1,2,1,1,1
SF,IF2006,2020-02-19 14:26:09.400,4033.2000,24261,0,8040184020.000,0,-,-,-,-,4032.6000,4032.4000,4032.0000,4031.4000,4031.0000,4033.8000,4034.0000,4034.4000,4036.2000,4036.6000,1,2,3,1,1,1,1,2,1,1
SF,IF2006,2020-02-19 14:26:10.400,4032.6000,24262,1,8041393800.000,1,1,0,双开,B,4032.4000,4032.0000,4031.4000,4031.0000,4030.2000,4033.8000,4034.0000,4034.4000,4036.2000,4036.6000,2,3,1,1,2,1,1,2,1,1
SF,IF2006,2020-02-19 14:26:11.900,4032.6000,24262,0,8041393800.000,0,-,-,-,-,4032.4000,4032.0000,4031.4000,4031.0000,4030.2000,4033.6000,4033.8000,4034.0000,4034.4000,4036.2000,2,3,1,1,2,1,1,1,2,1
SF,IF2006,2020-02-19 14:26:17.900,4032.6000,24262,0,8041393800.000,0,-,-,-,-,4032.0000,4031.4000,4031.0000,4030.2000,4030.0000,4033.6000,4033.8000,4034.0000,4034.4000,4036.2000,3,1,1,2,2,1,1,1,2,1
SF,IF2006,2020-02-19 14:26:19.400,4032.6000,24262,0,8041393800.000,0,-,-,-,-,4032.0000,4031.4000,4031.0000,4030.2000,4030.0000,4033.6000,4033.8000,4034.0000,4034.4000,4036.2000,3,1,1,2,2,1,1,1,2,1
SF,IF2006,2020-02-19 14:26:19.900,4032.6000,24262,0,8041393800.000,0,-,-,-,-,4032.0000,4031.4000,4031.0000,4030.2000,4030.0000,4033.4000,4033.6000,4033.8000,4034.0000,4036.2000,3,1,1,2,2,2,1,1,1,1
SF,IF2006,2020-02-19 14:26:20.400,4032.6000,24262,0,8041393800.000,0,-,-,-,-,4032.0000,4031.4000,4031.0000,4030.2000,4030.0000,4033.4000,4033.6000,4034.0000,4036.2000,4036.6000,3,1,1,2,2,2,1,1,1,1
SF,IF2006,2020-02-19 14:26:23.400,4032.6000,24262,0,8041393800.000,0,-,-,-,-,4032.0000,4031.4000,4031.0000,4030.2000,4030.0000,4033.2000,4033.4000,4033.6000,4034.0000,4036.2000,3,1,1,2,2,1,2,1,1,1
SF,IF2006,2020-02-19 14:26:24.900,4032.6000,24262,0,8041393800.000,0,-,-,-,-,4032.0000,4031.4000,4031.0000,4030.2000,4030.0000,4033.0000,4033.2000,4033.4000,4034.0000,4036.2000,3,1,1,2,2,1,1,2,1,1
SF,IF2006,2020-02-19 14:26:25.900,4032.6000,24262,0,8041393800.000,0,-,-,-,-,4032.0000,4031.4000,4031.0000,4030.2000,4030.0000,4033.0000,4033.4000,4034.0000,4036.2000,4036.6000,3,1,1,2,2,1,2,1,1,1
SF,IF2006,2020-02-19 14:26:26.400,4032.6000,24262,0,8041393800.000,0,-,-,-,-,4032.0000,4031.4000,4031.0000,4030.2000,4030.0000,4032.8000,4033.4000,4034.0000,4036.2000,4036.6000,3,1,1,2,2,1,2,1,1,1
SF,IF2006,2020-02-19 14:26:27.400,4032.6000,24262,0,8041393800.000,0,-,-,-,-,4032.0000,4031.4000,4031.0000,4030.2000,4030.0000,4032.8000,4033.4000,4034.0000,4036.2000,4036.6000,3,1,1,2,2,1,2,1,1,1
SF,IF2006,2020-02-19 14:26:27.900,4032.8000,24263,1,8042603640.000,1,1,0,双开,B,4032.0000,4031.4000,4031.0000,4030.2000,4030.0000,4032.6000,4033.4000,4034.0000,4036.2000,4036.6000,3,1,1,2,2,1,2,1,1,1
SF,IF2006,2020-02-19 14:26:28.900,4032.8000,24263,0,8042603640.000,0,-,-,-,-,4032.0000,4031.4000,4031.0000,4030.2000,4030.0000,4032.6000,4033.4000,4034.0000,4036.2000,4036.6000,3,1,1,2,2,1,2,1,1,1
SF,IF2006,2020-02-19 14:26:29.400,4032.6000,24264,1,8043813420.000,1,1,0,双开,B,4032.0000,4031.4000,4031.0000,4030.2000,4030.0000,4033.4000,4034.0000,4036.2000,4036.6000,4036.8000,3,1,1,2,2,2,1,1,1,1
SF,IF2006,2020-02-19 14:26:29.900,4032.6000,24264,0,8043813420.000,0,-,-,-,-,4032.0000,4031.4000,4031.0000,4030.2000,4030.0000,4033.2000,4033.4000,4034.0000,4036.2000,4036.6000,3,1,1,2,2,1,2,1,1,1
SF,IF2006,2020-02-19 14:26:31.900,4032.6000,24264,0,8043813420.000,0,-,-,-,-,4032.0000,4031.4000,4031.0000,4030.2000,4030.0000,4033.2000,4033.4000,4034.0000,4036.2000,4036.6000,3,1,1,2,2,1,2,1,1,1
SF,IF2006,2020-02-19 14:26:32.400,4032.0000,24264,0,8045023020.000,1,0,1,空换,B,4032.0000,4031.4000,4031.0000,4030.2000,4030.0000,4033.2000,4033.4000,4034.0000,4036.2000,4036.6000,3,1,1,2,2,1,2,1,1,1
SF,IF2006,2020-02-19 14:26:32.900,4032.0000,24264,0,8045023020.000,0,-,-,-,-,4032.0000,4031.4000,4031.0000,4030.2000,4030.0000,4033.2000,4033.4000,4034.0000,4036.2000,4036.6000,3,1,1,2,2,1,2,1,1,1
SF,IF2006,2020-02-19 14:26:33.900,4032.0000,24264,0,8046232620.000,1,0,1,空换,B,4032.0000,4031.4000,4031.0000,4030.2000,4030.0000,4033.0000,4033.2000,4033.4000,4034.0000,4036.2000,2,1,1,2,2,1,1,2,1,1
SF,IF2006,2020-02-19 14:26:38.400,4032.0000,24264,0,8046232620.000,0,-,-,-,-,4032.2000,4032.0000,4031.4000,4031.0000,4030.2000,4033.0000,4033.2000,4033.4000,4034.0000,4036.2000,1,2,1,1,2,1,1,2,1,1
SF,IF2006,2020-02-19 14:26:39.400,4032.0000,24264,0,8046232620.000,0,-,-,-,-,4032.2000,4032.0000,4031.4000,4031.0000,4030.2000,4033.2000,4033.4000,4034.0000,4036.2000,4036.6000,2,2,1,1,2,1,2,1,1,1
SF,IF2006,2020-02-19 14:26:39.900,4033.4000,24264,0,8049862620.000,3,1,2,空换,B,4033.4000,4032.2000,4032.0000,4031.4000,4031.0000,4034.0000,4036.2000,4036.6000,4036.8000,4037.2000,5,2,2,1,1,1,1,1,1,1
SF,IF2006,2020-02-19 14:26:40.400,4033.4000,24264,0,8053492680.000,3,1,2,空换,B,4033.4000,4032.4000,4032.2000,4032.0000,4031.4000,4033.8000,4034.0000,4036.2000,4036.6000,4036.8000,2,1,2,2,1,1,1,1,1,1
SF,IF2006,2020-02-19 14:26:41.900,4033.4000,24264,0,8054702700.000,1,0,1,空换,B,4033.4000,4032.4000,4032.2000,4032.0000,4031.4000,4033.8000,4034.0000,4036.2000,4036.6000,4036.8000,1,1,2,2,1,1,1,1,1,1
SF,IF2006,2020-02-19 14:26:42.400,4033.4000,24264,0,8054702700.000,0,-,-,-,-,4033.4000,4032.6000,4032.4000,4032.2000,4032.0000,4033.8000,4034.0000,4036.2000,4036.6000,4036.8000,1,1,1,2,2,1,1,1,1,1
SF,IF2006,2020-02-19 14:26:43.400,4033.4000,24264,0,8054702700.000,0,-,-,-,-,4033.4000,4032.6000,4032.2000,4032.0000,4031.4000,4033.8000,4034.0000,4036.2000,4036.6000,4036.8000,1,1,2,2,1,1,1,1,1,1
SF,IF2006,2020-02-19 14:26:43.900,4033.4000,24264,0,8054702700.000,0,-,-,-,-,4033.4000,4032.6000,4032.2000,4032.0000,4031.4000,4034.0000,4036.2000,4036.6000,4036.8000,4037.2000,1,1,2,2,1,1,1,1,1,1
SF,IF2006,2020-02-19 14:26:44.400,4034.0000,24265,1,8055912900.000,1,1,0,双开,B,4033.4000,4032.6000,4032.2000,4032.0000,4031.4000,4036.2000,4036.6000,4036.8000,4037.2000,4037.4000,1,1,2,2,1,1,1,1,1,1
SF,IF2006,2020-02-19 14:26:44.900,4034.0000,24265,0,8055912900.000,0,-,-,-,-,4033.6000,4033.4000,4032.6000,4032.2000,4032.0000,4035.0000,4035.2000,4035.4000,4035.6000,4035.8000,1,1,1,2,2,1,1,4,3,8
SF,IF2006,2020-02-19 14:26:45.400,4034.0000,24265,0,8055912900.000,0,-,-,-,-,4033.4000,4032.6000,4032.2000,4032.0000,4031.0000,4035.0000,4035.4000,4035.8000,4036.0000,4036.2000,1,1,2,2,1,1,4,6,3,1
SF,IF2006,2020-02-19 14:26:45.900,4034.0000,24265,0,8055912900.000,0,-,-,-,-,4033.4000,4032.6000,4032.2000,4032.0000,4031.0000,4034.8000,4035.0000,4035.4000,4035.8000,4036.0000,1,1,2,2,1,2,1,4,6,3
SF,IF2006,2020-02-19 14:26:46.900,4034.0000,24265,0,8055912900.000,0,-,-,-,-,4033.4000,4032.6000,4032.2000,4032.0000,4031.0000,4034.8000,4035.0000,4035.4000,4035.8000,4036.0000,1,1,2,2,1,2,1,4,6,3
SF,IF2006,2020-02-19 14:26:48.400,4034.8000,24266,1,8057123340.000,1,1,0,双开,B,4033.4000,4033.2000,4032.6000,4032.2000,4032.0000,4034.8000,4035.0000,4035.4000,4035.8000,4036.0000,1,1,1,2,2,1,1,4,6,3
SF,IF2006,2020-02-19 14:26:48.900,4034.8000,24266,0,8057123340.000,0,-,-,-,-,4033.4000,4033.2000,4032.6000,4032.2000,4032.0000,4034.8000,4035.0000,4036.0000,4036.2000,4036.6000,1,1,1,2,2,1,1,3,1,1
SF,IF2006,2020-02-19 14:26:49.400,4034.8000,24267,1,8058333780.000,1,1,0,双开,B,4033.4000,4033.2000,4032.6000,4032.2000,4032.0000,4036.0000,4036.2000,4036.6000,4036.8000,4037.0000,1,1,1,2,2,3,1,1,1,2
SF,IF2006,2020-02-19 14:26:49.900,4034.8000,24267,0,8058333780.000,0,-,-,-,-,4033.6000,4033.4000,4033.2000,4032.6000,4032.2000,4035.2000,4035.4000,4036.0000,4036.2000,4036.6000,3,1,1,1,2,2,1,3,1,1
SF,IF2006,2020-02-19 14:26:50.400,4034.8000,24267,0,8058333780.000,0,-,-,-,-,4033.6000,4033.4000,4033.2000,4032.6000,4032.2000,4035.2000,4036.0000,4036.2000,4036.6000,4036.8000,3,1,1,1,2,2,3,1,1,1
SF,IF2006,2020-02-19 14:26:50.900,4034.8000,24267,0,8058333780.000,0,-,-,-,-,4033.6000,4033.4000,4033.2000,4032.6000,4032.2000,4035.2000,4036.0000,4036.2000,4036.6000,4036.8000,3,1,1,1,2,1,3,1,1,1
SF,IF2006,2020-02-19 14:26:51.400,4034.8000,24267,0,8058333780.000,0,-,-,-,-,4033.6000,4033.4000,4033.2000,4032.6000,4032.2000,4036.0000,4036.2000,4036.6000,4036.8000,4037.0000,3,1,1,1,2,3,1,1,1,2
SF,IF2006,2020-02-19 14:26:51.900,4034.8000,24267,0,8058333780.000,0,-,-,-,-,4033.6000,4033.4000,4033.2000,4032.6000,4032.2000,4035.2000,4035.6000,4035.8000,4036.0000,4036.2000,3,1,1,1,2,2,5,5,3,1
SF,IF2006,2020-02-19 14:26:52.400,4034.8000,24267,0,8058333780.000,0,-,-,-,-,4033.6000,4033.4000,4033.2000,4032.6000,4032.2000,4035.2000,4035.6000,4035.8000,4036.0000,4036.2000,3,1,1,1,2,1,4,1,3,1
SF,IF2006,2020-02-19 14:26:53.400,4035.2000,24268,1,8059544340.000,1,1,0,双开,B,4033.6000,4033.4000,4033.2000,4032.6000,4032.2000,4035.6000,4035.8000,4036.0000,4036.2000,4036.6000,3,1,1,1,2,4,1,3,1,1
SF,IF2006,2020-02-19 14:26:53.900,4035.2000,24268,0,8059544340.000,0,-,-,-,-,4033.6000,4033.4000,4033.2000,4032.6000,4032.2000,4035.2000,4035.4000,4035.6000,4035.8000,4036.0000,3,1,1,1,2,1,2,4,1,1
SF,IF2006,2020-02-19 14:26:54.900,4035.2000,24268,0,8059544340.000,0,-,-,-,-,4033.6000,4033.4000,4033.2000,4032.6000,4032.2000,4035.2000,4035.4000,4035.6000,4035.8000,4036.0000,3,1,1,1,2,1,2,4,1,1
SF,IF2006,2020-02-19 14:26:55.400,4035.2000,24268,0,8060754900.000,1,0,1,空换,B,4033.6000,4033.4000,4033.2000,4032.6000,4032.2000,4034.8000,4035.2000,4035.4000,4035.6000,4035.8000,3,1,1,1,2,1,1,2,4,1
SF,IF2006,2020-02-19 14:26:55.900,4035.2000,24268,0,8060754900.000,0,-,-,-,-,4033.6000,4033.4000,4033.2000,4032.6000,4032.2000,4034.8000,4035.2000,4035.4000,4035.6000,4036.0000,2,1,1,1,2,1,1,2,4,1
SF,IF2006,2020-02-19 14:26:56.400,4035.2000,24268,0,8060754900.000,0,-,-,-,-,4033.6000,4033.4000,4033.2000,4032.6000,4032.2000,4034.8000,4035.2000,4035.4000,4035.6000,4036.0000,2,1,1,1,2,1,2,2,4,1
SF,IF2006,2020-02-19 14:26:57.400,4035.2000,24268,0,8060754900.000,0,-,-,-,-,4033.8000,4033.6000,4033.4000,4033.2000,4032.6000,4035.2000,4035.4000,4035.6000,4036.0000,4036.2000,1,2,1,1,1,2,2,4,1,1
SF,IF2006,2020-02-19 14:26:57.900,4035.2000,24268,0,8060754900.000,0,-,-,-,-,4033.8000,4033.6000,4033.4000,4033.2000,4032.6000,4035.2000,4035.4000,4036.2000,4036.6000,4036.8000,1,2,1,1,1,2,2,1,1,1
SF,IF2006,2020-02-19 14:26:58.400,4035.2000,24268,0,8060754900.000,0,-,-,-,-,4033.8000,4033.6000,4033.4000,4033.2000,4032.6000,4035.0000,4035.2000,4035.4000,4036.2000,4036.6000,1,2,1,1,1,1,2,2,1,1
SF,IF2006,2020-02-19 14:26:58.900,4035.2000,24268,0,8060754900.000,0,-,-,-,-,4033.8000,4033.6000,4033.4000,4033.2000,4032.6000,4035.0000,4035.2000,4035.4000,4036.2000,4036.6000,2,2,1,1,1,1,2,2,1,1
SF,IF2006,2020-02-19 14:26:59.400,4035.2000,24268,0,8060754900.000,0,-,-,-,-,4033.8000,4033.6000,4033.4000,4033.2000,4032.6000,4035.0000,4035.2000,4035.4000,4036.2000,4036.6000,2,2,1,1,1,1,1,2,1,1
SF,IF2006,2020-02-19 14:26:59.900,4035.2000,24268,0,8060754900.000,0,-,-,-,-,4033.8000,4033.6000,4033.4000,4033.2000,4032.6000,4035.4000,4036.2000,4036.6000,4036.8000,4037.0000,2,2,1,1,1,2,1,1,1,2
SF,IF2006,2020-02-19 14:27:00.900,4035.2000,24268,0,8060754900.000,0,-,-,-,-,4033.8000,4033.6000,4033.4000,4033.2000,4032.6000,4035.2000,4035.4000,4036.2000,4036.6000,4036.8000,2,2,1,1,1,1,2,1,1,1
SF,IF2006,2020-02-19 14:27:01.400,4035.2000,24268,0,8060754900.000,0,-,-,-,-,4033.8000,4033.6000,4033.4000,4033.2000,4032.6000,4035.2000,4035.4000,4036.2000,4036.6000,4036.8000,2,2,1,1,1,2,2,1,1,1
SF,IF2006,2020-02-19 14:27:02.400,4035.2000,24268,0,8060754900.000,0,-,-,-,-,4033.8000,4033.6000,4033.4000,4033.2000,4032.6000,4035.2000,4035.4000,4036.2000,4036.6000,4036.8000,2,2,1,1,1,1,2,1,1,1
SF,IF2006,2020-02-19 14:27:02.900,4035.2000,24268,0,8060754900.000,0,-,-,-,-,4034.0000,4033.8000,4033.6000,4033.4000,4033.2000,4035.2000,4035.4000,4036.2000,4036.6000,4036.8000,1,2,2,1,1,1,2,1,1,1
SF,IF2006,2020-02-19 14:27:03.400,4035.2000,24268,0,8060754900.000,0,-,-,-,-,4034.0000,4033.8000,4033.6000,4033.4000,4033.2000,4035.2000,4035.4000,4036.2000,4036.6000,4036.8000,1,2,2,1,1,1,2,1,1,1
SF,IF2006,2020-02-19 14:27:04.400,4035.2000,24268,0,8060754900.000,0,-,-,-,-,4034.2000,4034.0000,4033.8000,4033.6000,4033.4000,4035.2000,4035.4000,4036.2000,4036.6000,4036.8000,1,1,2,2,1,1,2,1,1,1
SF,IF2006,2020-02-19 14:27:05.400,4035.2000,24268,0,8060754900.000,0,-,-,-,-,4034.4000,4034.2000,4033.8000,4033.6000,4033.4000,4035.2000,4035.4000,4036.2000,4036.6000,4036.8000,1,1,2,2,1,1,2,1,1,1
SF,IF2006,2020-02-19 14:27:06.400,4035.2000,24268,0,8060754900.000,0,-,-,-,-,4034.4000,4034.2000,4033.8000,4033.6000,4033.4000,4035.4000,4036.2000,4036.6000,4036.8000,4037.0000,1,1,2,2,1,2,1,1,1,2
SF,IF2006,2020-02-19 14:27:06.900,4035.2000,24268,0,8060754900.000,0,-,-,-,-,4034.4000,4034.2000,4033.8000,4033.6000,4033.4000,4036.2000,4036.6000,4036.8000,4037.0000,4037.2000,1,1,2,2,1,1,1,1,2,1
SF,IF2006,2020-02-19 14:27:07.400,4035.2000,24268,0,8060754900.000,0,-,-,-,-,4034.4000,4034.2000,4033.8000,4033.6000,4033.4000,4036.0000,4036.2000,4036.6000,4036.8000,4037.0000,1,1,2,2,1,3,1,1,1,2
SF,IF2006,2020-02-19 14:27:08.400,4035.2000,24268,0,8060754900.000,0,-,-,-,-,4034.2000,4033.8000,4033.6000,4033.4000,4033.2000,4035.2000,4035.6000,4036.0000,4036.2000,4036.6000,1,1,2,1,1,1,1,3,1,1
SF,IF2006,2020-02-19 14:27:08.900,4035.2000,24268,0,8060754900.000,0,-,-,-,-,4034.2000,4033.8000,4033.6000,4033.4000,4033.2000,4035.2000,4035.4000,4035.6000,4035.8000,4036.0000,1,1,2,1,1,1,1,1,1,3
SF,IF2006,2020-02-19 14:27:09.900,4035.2000,24268,0,8060754900.000,0,-,-,-,-,4034.2000,4033.8000,4033.6000,4033.4000,4033.2000,4035.2000,4035.6000,4035.8000,4036.0000,4036.2000,1,1,2,1,1,1,1,1,3,1
SF,IF2006,2020-02-19 14:27:10.400,4035.2000,24268,0,8060754900.000,0,-,-,-,-,4034.2000,4033.8000,4033.6000,4033.4000,4033.2000,4035.0000,4035.2000,4035.6000,4036.0000,4036.2000,1,1,2,1,1,1,1,1,3,1
SF,IF2006,2020-02-19 14:27:10.900,4035.2000,24268,0,8060754900.000,0,-,-,-,-,4034.2000,4033.8000,4033.6000,4033.4000,4033.2000,4035.2000,4035.6000,4036.0000,4036.2000,4036.6000,1,1,2,1,1,1,1,3,1,1
SF,IF2006,2020-02-19 14:27:12.400,4035.2000,24268,0,8060754900.000,0,-,-,-,-,4034.2000,4033.8000,4033.6000,4033.4000,4033.2000,4035.6000,4036.0000,4036.2000,4036.6000,4036.8000,1,1,2,1,1,1,3,1,1,1
SF,IF2006,2020-02-19 14:27:13.400,4035.2000,24268,0,8060754900.000,0,-,-,-,-,4034.2000,4033.8000,4033.6000,4033.4000,4033.2000,4035.6000,4036.0000,4036.6000,4036.8000,4037.0000,1,1,2,1,1,1,3,1,1,2
SF,IF2006,2020-02-19 14:27:13.900,4035.2000,24268,0,8060754900.000,0,-,-,-,-,4034.2000,4033.8000,4033.6000,4033.4000,4033.2000,4035.4000,4035.6000,4036.0000,4036.6000,4036.8000,1,1,2,1,1,1,1,3,1,1
SF,IF2006,2020-02-19 14:27:14.900,4035.2000,24268,0,8060754900.000,0,-,-,-,-,4034.2000,4033.8000,4033.6000,4033.4000,4033.2000,4035.2000,4035.4000,4035.6000,4036.0000,4036.6000,1,1,2,1,1,1,1,1,2,1
SF,IF2006,2020-02-19 14:27:15.400,4035.2000,24268,0,8060754900.000,0,-,-,-,-,4034.2000,4033.8000,4033.6000,4033.4000,4032.6000,4035.2000,4035.4000,4035.6000,4036.0000,4036.6000,1,1,2,1,1,1,1,1,2,1
SF,IF2006,2020-02-19 14:27:16.400,4035.2000,24268,0,8060754900.000,0,-,-,-,-,4034.2000,4033.8000,4033.6000,4033.4000,4032.6000,4035.2000,4035.4000,4036.0000,4036.6000,4036.8000,1,1,2,1,1,1,1,2,1,1
SF,IF2006,2020-02-19 14:27:18.900,4035.2000,24268,0,8060754900.000,0,-,-,-,-,4034.2000,4034.0000,4033.8000,4033.6000,4033.4000,4035.2000,4035.4000,4036.0000,4036.6000,4036.8000,1,1,1,2,1,1,1,2,1,1
SF,IF2006,2020-02-19 14:27:19.400,4035.2000,24268,0,8060754900.000,0,-,-,-,-,4034.2000,4034.0000,4033.8000,4033.6000,4033.4000,4035.0000,4035.2000,4035.4000,4036.0000,4036.6000,1,1,1,2,1,1,1,1,2,1
SF,IF2006,2020-02-19 14:27:19.900,4035.2000,24268,0,8060754900.000,0,-,-,-,-,4034.2000,4034.0000,4033.8000,4033.6000,4033.4000,4035.2000,4035.4000,4036.0000,4036.6000,4036.8000,1,1,1,2,1,1,1,2,1,1
SF,IF2006,2020-02-19 14:27:20.900,4035.2000,24268,0,8060754900.000,0,-,-,-,-,4034.2000,4034.0000,4033.8000,4033.6000,4032.6000,4035.2000,4035.4000,4036.0000,4036.6000,4036.8000,1,1,1,2,1,1,1,2,1,1
SF,IF2006,2020-02-19 14:27:22.400,4035.2000,24268,0,8060754900.000,0,-,-,-,-,4034.2000,4034.0000,4033.8000,4033.6000,4032.6000,4035.2000,4035.4000,4036.0000,4036.6000,4036.8000,1,1,1,2,1,1,1,2,1,1
SF,IF2006,2020-02-19 14:27:24.400,4035.2000,24268,0,8060754900.000,0,-,-,-,-,4034.2000,4034.0000,4033.8000,4033.6000,4032.6000,4035.2000,4035.4000,4036.0000,4036.6000,4036.8000,1,1,1,2,1,1,1,2,1,1
SF,IF2006,2020-02-19 14:27:25.400,4035.2000,24268,0,8060754900.000,0,-,-,-,-,4034.2000,4034.0000,4033.8000,4033.6000,4032.6000,4035.4000,4036.0000,4036.6000,4036.8000,4037.0000,1,1,1,2,1,1,2,1,1,2
SF,IF2006,2020-02-19 14:27:25.900,4035.2000,24268,0,8060754900.000,0,-,-,-,-,4034.2000,4034.0000,4033.8000,4033.6000,4032.6000,4036.0000,4036.6000,4036.8000,4037.0000,4037.2000,1,1,1,2,1,2,1,1,2,1
SF,IF2006,2020-02-19 14:27:27.400,4035.2000,24268,0,8060754900.000,0,-,-,-,-,4034.4000,4034.2000,4034.0000,4033.8000,4033.6000,4036.0000,4036.6000,4036.8000,4037.0000,4037.2000,1,1,1,1,2,2,1,1,2,1
SF,IF2006,2020-02-19 14:27:27.900,4035.2000,24268,0,8060754900.000,0,-,-,-,-,4034.4000,4034.2000,4034.0000,4033.8000,4033.6000,4035.8000,4036.0000,4036.6000,4036.8000,4037.0000,1,1,1,1,2,2,2,1,1,2
SF,IF2006,2020-02-19 14:27:29.400,4035.2000,24268,0,8060754900.000,0,-,-,-,-,4034.4000,4034.2000,4034.0000,4033.8000,4033.6000,4035.8000,4036.0000,4036.6000,4036.8000,4037.0000,2,1,1,1,2,2,2,1,1,2
SF,IF2006,2020-02-19 14:27:31.400,4035.2000,24268,0,8060754900.000,0,-,-,-,-,4034.4000,4034.2000,4034.0000,4033.6000,4032.6000,4035.8000,4036.0000,4036.6000,4036.8000,4037.0000,2,1,1,2,1,2,2,1,1,2
SF,IF2006,2020-02-19 14:27:31.900,4035.2000,24268,0,8060754900.000,0,-,-,-,-,4034.4000,4034.2000,4034.0000,4033.6000,4032.6000,4035.6000,4035.8000,4036.0000,4036.6000,4036.8000,2,1,1,2,1,1,2,2,1,1
SF,IF2006,2020-02-19 14:27:32.400,4035.2000,24268,0,8060754900.000,0,-,-,-,-,4034.4000,4034.2000,4034.0000,4033.6000,4032.6000,4035.6000,4035.8000,4036.0000,4036.6000,4036.8000,2,1,1,2,1,1,1,2,1,1
SF,IF2006,2020-02-19 14:27:33.400,4035.2000,24268,0,8060754900.000,0,-,-,-,-,4034.6000,4034.4000,4034.2000,4034.0000,4033.6000,4035.6000,4035.8000,4036.0000,4036.6000,4036.8000,1,2,1,1,2,1,1,2,1,1
SF,IF2006,2020-02-19 14:27:34.400,4035.2000,24268,0,8060754900.000,0,-,-,-,-,4034.8000,4034.4000,4034.2000,4034.0000,4033.6000,4035.6000,4035.8000,4036.0000,4036.6000,4036.8000,1,1,1,1,2,1,1,2,1,1
SF,IF2006,2020-02-19 14:27:34.900,4035.2000,24268,0,8060754900.000,0,-,-,-,-,4034.4000,4034.2000,4034.0000,4033.6000,4032.6000,4035.6000,4035.8000,4036.0000,4036.6000,4036.8000,1,1,1,2,1,1,1,2,1,1
SF,IF2006,2020-02-19 14:27:35.400,4035.6000,24267,-1,8061965580.000,1,0,1,双平,B,4034.6000,4034.4000,4034.2000,4034.0000,4032.6000,4035.8000,4036.6000,4036.8000,4037.0000,4037.2000,2,1,1,1,1,1,1,1,2,1
SF,IF2006,2020-02-19 14:27:35.900,4035.6000,24267,0,8061965580.000,0,-,-,-,-,4034.6000,4034.4000,4034.2000,4034.0000,4032.6000,4036.6000,4036.8000,4037.0000,4037.2000,4037.4000,2,1,1,1,1,1,1,2,1,1
SF,IF2006,2020-02-19 14:27:36.400,4035.6000,24267,0,8061965580.000,0,-,-,-,-,4034.8000,4034.6000,4034.4000,4034.2000,4034.0000,4036.2000,4036.4000,4036.6000,4036.8000,4037.0000,1,2,1,1,1,4,2,1,1,2
SF,IF2006,2020-02-19 14:27:36.900,4035.6000,24267,0,8061965580.000,0,-,-,-,-,4034.6000,4034.4000,4034.2000,4034.0000,4032.6000,4036.0000,4036.2000,4036.4000,4036.6000,4036.8000,2,1,1,1,1,1,4,2,1,1
SF,IF2006,2020-02-19 14:27:38.900,4035.6000,24267,0,8061965580.000,0,-,-,-,-,4034.8000,4034.6000,4034.4000,4034.2000,4034.0000,4035.8000,4036.0000,4036.2000,4036.4000,4036.6000,1,2,1,1,1,1,1,4,2,1
SF,IF2006,2020-02-19 14:27:40.400,4035.6000,24267,0,8061965580.000,0,-,-,-,-,4035.0000,4034.8000,4034.6000,4034.4000,4034.2000,4035.8000,4036.0000,4036.2000,4036.4000,4036.6000,1,1,2,1,1,1,1,4,2,1
SF,IF2006,2020-02-19 14:27:41.900,4035.6000,24267,0,8061965580.000,0,-,-,-,-,4035.0000,4034.8000,4034.6000,4034.4000,4034.2000,4035.8000,4036.2000,4036.4000,4036.6000,4036.8000,1,1,2,1,1,1,4,2,1,1
SF,IF2006,2020-02-19 14:27:42.400,4035.6000,24267,0,8061965580.000,0,-,-,-,-,4035.0000,4034.8000,4034.6000,4034.4000,4034.2000,4036.2000,4036.4000,4036.6000,4036.8000,4037.0000,1,1,2,1,1,4,2,1,1,2
SF,IF2006,2020-02-19 14:27:42.900,4035.6000,24267,0,8061965580.000,0,-,-,-,-,4035.2000,4035.0000,4034.6000,4034.4000,4034.2000,4036.0000,4036.2000,4036.4000,4036.6000,4036.8000,1,1,2,1,1,1,4,2,1,1
SF,IF2006,2020-02-19 14:27:43.900,4035.6000,24267,0,8061965580.000,0,-,-,-,-,4035.2000,4034.6000,4034.4000,4034.2000,4034.0000,4036.2000,4036.4000,4036.6000,4036.8000,4037.0000,1,2,1,1,1,4,2,1,1,2
SF,IF2006,2020-02-19 14:27:44.400,4035.6000,24267,0,8061965580.000,0,-,-,-,-,4035.4000,4035.2000,4034.6000,4034.4000,4034.2000,4036.2000,4036.6000,4036.8000,4037.0000,4037.2000,1,1,2,1,1,4,1,1,2,1
SF,IF2006,2020-02-19 14:27:45.400,4035.6000,24267,0,8061965580.000,0,-,-,-,-,4035.4000,4035.2000,4034.6000,4034.4000,4034.2000,4036.6000,4036.8000,4037.0000,4037.2000,4037.4000,1,1,2,1,1,1,1,2,1,1
SF,IF2006,2020-02-19 14:27:45.900,4035.6000,24267,0,8061965580.000,0,-,-,-,-,4035.4000,4035.2000,4034.6000,4034.4000,4034.2000,4036.6000,4036.8000,4037.0000,4037.2000,4037.4000,1,1,2,1,1,1,1,2,1,1
SF,IF2006,2020-02-19 14:27:46.400,4035.6000,24267,0,8061965580.000,0,-,-,-,-,4035.2000,4034.6000,4034.4000,4034.2000,4034.0000,4036.6000,4036.8000,4037.0000,4037.2000,4037.4000,1,2,1,1,1,1,1,2,1,1
SF,IF2006,2020-02-19 14:27:46.900,4035.6000,24267,0,8061965580.000,0,-,-,-,-,4034.6000,4034.4000,4034.2000,4034.0000,4032.6000,4036.6000,4036.8000,4037.0000,4037.2000,4037.4000,2,1,1,1,1,1,1,2,1,1
SF,IF2006,2020-02-19 14:27:47.400,4035.6000,24267,0,8061965580.000,0,-,-,-,-,4034.8000,4034.6000,4034.4000,4034.2000,4034.0000,4036.4000,4036.6000,4036.8000,4037.0000,4037.2000,2,2,1,1,1,1,1,1,2,1
SF,IF2006,2020-02-19 14:27:47.900,4035.6000,24267,0,8061965580.000,0,-,-,-,-,4035.0000,4034.8000,4034.4000,4034.2000,4034.0000,4036.4000,4036.6000,4036.8000,4037.0000,4037.2000,3,2,1,1,1,1,1,1,2,1
SF,IF2006,2020-02-19 14:27:49.400,4036.4000,24267,0,8063176500.000,1,0,1,空换,B,4035.0000,4034.8000,4034.4000,4034.2000,4034.0000,4036.6000,4036.8000,4037.0000,4037.2000,4037.4000,3,2,1,1,1,1,1,2,1,1
SF,IF2006,2020-02-19 14:27:49.900,4036.4000,24267,0,8063176500.000,0,-,-,-,-,4035.2000,4035.0000,4034.8000,4034.4000,4034.2000,4036.6000,4036.8000,4037.0000,4037.2000,4037.4000,1,2,2,1,1,1,1,2,1,1
SF,IF2006,2020-02-19 14:27:50.400,4036.4000,24267,0,8063176500.000,0,-,-,-,-,4035.2000,4035.0000,4034.8000,4034.4000,4034.2000,4036.6000,4036.8000,4037.0000,4037.2000,4037.4000,1,2,3,1,1,1,1,2,1,1
SF,IF2006,2020-02-19 14:27:51.900,4036.4000,24267,0,8063176500.000,0,-,-,-,-,4035.0000,4034.8000,4034.4000,4034.2000,4034.0000,4036.6000,4036.8000,4037.0000,4037.2000,4037.4000,2,3,1,1,1,1,1,2,1,1
SF,IF2006,2020-02-19 14:27:52.400,4036.4000,24267,0,8063176500.000,0,-,-,-,-,4035.0000,4034.8000,4034.4000,4034.2000,4034.0000,4036.4000,4036.6000,4036.8000,4037.0000,4037.2000,2,3,1,1,1,2,1,1,2,1
SF,IF2006,2020-02-19 14:27:52.900,4036.4000,24267,0,8063176500.000,0,-,-,-,-,4035.0000,4034.8000,4034.4000,4034.2000,4034.0000,4036.4000,4036.6000,4036.8000,4037.0000,4037.2000,2,3,1,1,1,2,1,1,2,1
SF,IF2006,2020-02-19 14:27:53.400,4035.0000,24267,0,8064387000.000,1,0,1,空换,B,4035.0000,4034.8000,4034.4000,4034.2000,4034.0000,4036.0000,4036.4000,4036.6000,4036.8000,4037.0000,1,3,1,1,1,1,1,1,1,2
SF,IF2006,2020-02-19 14:27:53.900,4035.0000,24267,0,8064387000.000,0,-,-,-,-,4035.0000,4034.8000,4034.4000,4034.2000,4034.0000,4036.0000,4036.4000,4036.6000,4036.8000,4037.0000,1,2,1,1,1,1,1,1,1,2
SF,IF2006,2020-02-19 14:27:54.900,4035.0000,24267,0,8064387000.000,0,-,-,-,-,4035.2000,4035.0000,4034.8000,4034.4000,4034.2000,4036.0000,4036.4000,4036.6000,4036.8000,4037.0000,1,1,2,1,1,1,1,1,1,2
SF,IF2006,2020-02-19 14:27:55.400,4035.0000,24267,0,8064387000.000,0,-,-,-,-,4035.2000,4035.0000,4034.8000,4034.2000,4034.0000,4036.0000,4036.4000,4036.6000,4036.8000,4037.0000,1,1,2,1,1,1,1,1,1,2
SF,IF2006,2020-02-19 14:27:57.900,4035.2000,24267,0,8065597560.000,1,0,1,空换,B,4035.2000,4035.0000,4034.8000,4034.2000,4034.0000,4036.0000,4036.4000,4036.6000,4036.8000,4037.0000,1,1,2,1,1,1,1,1,1,2
SF,IF2006,2020-02-19 14:27:58.900,4035.2000,24267,0,8065597560.000,0,-,-,-,-,4035.2000,4035.0000,4034.8000,4034.2000,4034.0000,4036.0000,4036.6000,4036.8000,4037.0000,4037.2000,1,1,2,1,1,1,1,1,2,1
SF,IF2006,2020-02-19 14:27:59.400,4035.2000,24267,0,8065597560.000,0,-,-,-,-,4035.2000,4035.0000,4034.8000,4034.2000,4034.0000,4036.6000,4036.8000,4037.0000,4037.2000,4037.4000,1,1,2,1,1,1,1,2,1,1
SF,IF2006,2020-02-19 14:27:59.900,4035.2000,24267,0,8065597560.000,0,-,-,-,-,4035.2000,4035.0000,4034.8000,4034.2000,4034.0000,4036.4000,4036.6000,4036.8000,4037.0000,4037.2000,1,1,2,1,1,4,1,1,2,1
SF,IF2006,2020-02-19 14:28:00.400,4035.2000,24267,0,8066808120.000,1,0,1,空换,B,4035.0000,4034.8000,4034.2000,4034.0000,4032.4000,4036.4000,4036.6000,4036.8000,4037.0000,4037.2000,1,2,1,1,1,5,1,1,2,1
SF,IF2006,2020-02-19 14:28:00.900,4035.2000,24267,0,8066808120.000,0,-,-,-,-,4035.4000,4035.2000,4035.0000,4034.8000,4034.2000,4036.2000,4036.6000,4036.8000,4037.0000,4037.2000,1,1,1,1,1,1,1,1,2,1
SF,IF2006,2020-02-19 14:28:02.400,4035.2000,24267,0,8066808120.000,0,-,-,-,-,4035.2000,4035.0000,4034.8000,4034.2000,4034.0000,4036.2000,4036.6000,4036.8000,4037.0000,4037.2000,1,1,1,1,1,1,1,1,2,1
SF,IF2006,2020-02-19 14:28:03.900,4035.2000,24267,0,8066808120.000,0,-,-,-,-,4035.2000,4035.0000,4034.8000,4034.2000,4034.0000,4036.0000,4036.2000,4036.6000,4036.8000,4037.0000,1,1,1,1,1,1,1,1,1,2
SF,IF2006,2020-02-19 14:28:04.400,4035.2000,24267,0,8066808120.000,0,-,-,-,-,4035.2000,4035.0000,4034.8000,4034.2000,4034.0000,4036.2000,4036.6000,4036.8000,4037.0000,4037.2000,1,1,1,1,1,1,1,1,2,1
SF,IF2006,2020-02-19 14:28:06.400,4035.2000,24267,0,8066808120.000,0,-,-,-,-,4035.0000,4034.8000,4034.2000,4034.0000,4032.4000,4035.8000,4036.2000,4036.6000,4036.8000,4037.0000,1,1,1,1,1,4,1,1,1,2
SF,IF2006,2020-02-19 14:28:06.900,4035.2000,24267,0,8066808120.000,0,-,-,-,-,4034.8000,4034.2000,4034.0000,4032.4000,4032.0000,4035.8000,4036.2000,4036.6000,4036.8000,4037.0000,1,1,1,1,2,4,1,1,1,2
SF,IF2006,2020-02-19 14:28:07.400,4035.2000,24267,0,8066808120.000,0,-,-,-,-,4034.8000,4034.2000,4034.0000,4032.4000,4032.0000,4036.2000,4036.6000,4036.8000,4037.0000,4037.2000,1,1,1,1,2,1,1,1,2,1
SF,IF2006,2020-02-19 14:28:07.900,4035.2000,24267,0,8066808120.000,0,-,-,-,-,4034.8000,4034.2000,4034.0000,4032.4000,4032.0000,4036.0000,4036.2000,4036.6000,4036.8000,4037.0000,1,1,1,1,2,2,1,1,1,2
SF,IF2006,2020-02-19 14:28:08.900,4035.2000,24267,0,8066808120.000,0,-,-,-,-,4034.8000,4034.2000,4034.0000,4032.4000,4032.0000,4036.0000,4036.6000,4036.8000,4037.0000,4037.2000,1,1,1,1,2,2,1,1,2,1
SF,IF2006,2020-02-19 14:28:09.900,4035.2000,24267,0,8066808120.000,0,-,-,-,-,4034.8000,4034.2000,4034.0000,4032.4000,4032.0000,4035.8000,4036.0000,4036.6000,4036.8000,4037.0000,1,1,1,1,2,1,2,1,1,2
SF,IF2006,2020-02-19 14:28:10.400,4035.2000,24267,0,8066808120.000,0,-,-,-,-,4034.8000,4034.2000,4034.0000,4032.4000,4032.0000,4035.6000,4035.8000,4036.0000,4036.6000,4036.8000,1,1,1,1,2,1,1,2,1,1
SF,IF2006,2020-02-19 14:28:10.900,4035.2000,24267,0,8066808120.000,0,-,-,-,-,4034.8000,4034.2000,4034.0000,4032.4000,4032.0000,4036.0000,4036.6000,4036.8000,4037.0000,4037.2000,1,1,1,1,2,2,1,1,2,1
SF,IF2006,2020-02-19 14:28:13.400,4035.2000,24267,0,8066808120.000,0,-,-,-,-,4034.8000,4034.2000,4034.0000,4032.4000,4032.0000,4035.8000,4036.0000,4036.6000,4036.8000,4037.0000,1,1,1,1,2,1,2,1,1,2
SF,IF2006,2020-02-19 14:28:14.900,4035.2000,24267,0,8066808120.000,0,-,-,-,-,4035.0000,4034.8000,4034.2000,4034.0000,4032.4000,4035.8000,4036.0000,4036.6000,4036.8000,4037.0000,1,1,1,1,1,1,2,1,1,2
SF,IF2006,2020-02-19 14:28:15.400,4035.0000,24267,0,8068018620.000,1,0,1,空换,B,4034.8000,4034.2000,4034.0000,4032.4000,4032.0000,4035.8000,4036.0000,4036.6000,4036.8000,4037.0000,1,1,1,1,2,1,2,1,1,2
SF,IF2006,2020-02-19 14:28:18.400,4035.0000,24267,0,8068018620.000,0,-,-,-,-,4034.8000,4034.2000,4034.0000,4032.4000,4032.0000,4036.0000,4036.6000,4036.8000,4037.0000,4037.2000,1,1,1,1,2,2,1,1,2,1
SF,IF2006,2020-02-19 14:28:19.900,4035.0000,24267,0,8068018620.000,0,-,-,-,-,4034.8000,4034.2000,4034.0000,4032.4000,4032.0000,4035.8000,4036.0000,4036.6000,4036.8000,4037.0000,1,1,1,1,2,4,2,1,1,2
SF,IF2006,2020-02-19 14:28:20.400,4035.0000,24267,0,8068018620.000,0,-,-,-,-,4034.8000,4034.2000,4034.0000,4032.4000,4032.0000,4035.8000,4036.0000,4036.6000,4036.8000,4037.0000,1,1,1,1,2,4,2,1,1,2
SF,IF2006,2020-02-19 14:28:20.900,4035.0000,24267,0,8068018620.000,0,-,-,-,-,4034.8000,4034.2000,4034.0000,4032.4000,4032.0000,4035.8000,4036.0000,4036.6000,4036.8000,4037.0000,1,1,1,1,2,4,2,1,1,2
SF,IF2006,2020-02-19 14:28:21.900,4035.0000,24267,0,8068018620.000,0,-,-,-,-,4034.8000,4034.2000,4034.0000,4032.4000,4032.0000,4035.6000,4035.8000,4036.0000,4036.6000,4036.8000,1,1,1,1,2,1,4,2,1,1
SF,IF2006,2020-02-19 14:28:23.400,4035.0000,24267,0,8068018620.000,0,-,-,-,-,4034.8000,4034.2000,4034.0000,4032.4000,4032.0000,4035.2000,4035.4000,4035.6000,4035.8000,4036.0000,1,1,1,1,2,1,1,1,5,2
SF,IF2006,2020-02-19 14:28:25.400,4034.8000,24266,-1,8069229060.000,1,0,1,双平,B,4034.2000,4034.0000,4032.4000,4032.0000,4030.2000,4035.2000,4035.4000,4035.6000,4035.8000,4036.0000,1,1,1,2,2,1,1,1,1,2
SF,IF2006,2020-02-19 14:28:25.900,4034.8000,24266,0,8069229060.000,0,-,-,-,-,4034.4000,4034.2000,4034.0000,4032.4000,4032.0000,4034.8000,4035.2000,4035.4000,4035.6000,4035.8000,1,1,1,1,2,4,1,1,1,1
SF,IF2006,2020-02-19 14:28:26.400,4034.8000,24266,0,8069229060.000,0,-,-,-,-,4034.2000,4034.0000,4032.4000,4032.0000,4030.2000,4035.2000,4035.4000,4035.6000,4035.8000,4036.0000,1,1,1,2,2,1,1,1,1,2
SF,IF2006,2020-02-19 14:28:26.900,4034.8000,24266,0,8069229060.000,0,-,-,-,-,4035.0000,4034.2000,4034.0000,4032.4000,4032.0000,4035.4000,4035.6000,4036.0000,4036.6000,4036.8000,1,1,1,1,2,1,1,2,1,1
SF,IF2006,2020-02-19 14:28:27.400,4035.0000,24266,0,8070439560.000,1,0,1,空换,B,4034.2000,4034.0000,4032.4000,4032.0000,4030.2000,4035.0000,4035.2000,4035.4000,4035.6000,4036.0000,1,1,1,2,2,1,1,1,1,2
SF,IF2006,2020-02-19 14:28:27.900,4035.0000,24266,0,8070439560.000,0,-,-,-,-,4034.2000,4034.0000,4032.4000,4032.0000,4030.2000,4035.4000,4035.6000,4036.0000,4036.6000,4036.8000,1,1,1,2,2,1,1,2,1,1
SF,IF2006,2020-02-19 14:28:28.900,4035.0000,24266,0,8070439560.000,0,-,-,-,-,4034.2000,4032.4000,4032.0000,4030.2000,4030.0000,4035.0000,4035.4000,4035.6000,4036.0000,4036.6000,1,1,2,2,2,1,1,1,2,1
SF,IF2006,2020-02-19 14:28:29.400,4035.0000,24266,0,8070439560.000,0,-,-,-,-,4034.4000,4034.2000,4032.4000,4032.0000,4030.2000,4035.0000,4035.4000,4035.6000,4036.0000,4036.6000,1,1,1,2,2,1,1,1,2,1
SF,IF2006,2020-02-19 14:28:29.900,4035.0000,24266,0,8070439560.000,0,-,-,-,-,4034.4000,4034.2000,4033.6000,4032.4000,4032.0000,4035.0000,4035.4000,4035.6000,4036.0000,4036.6000,1,1,1,1,2,1,1,1,2,1
SF,IF2006,2020-02-19 14:28:30.900,4035.0000,24266,0,8070439560.000,0,-,-,-,-,4034.2000,4033.6000,4032.4000,4032.0000,4030.2000,4035.0000,4035.4000,4035.6000,4036.0000,4036.6000,1,1,1,2,2,1,1,1,2,1
SF,IF2006,2020-02-19 14:28:31.400,4035.4000,24268,2,8072860680.000,2,2,0,双开,B,4034.2000,4033.6000,4032.4000,4032.0000,4030.2000,4035.6000,4036.0000,4036.6000,4036.8000,4037.0000,1,1,1,2,2,1,2,1,1,2
SF,IF2006,2020-02-19 14:28:32.400,4035.4000,24268,0,8072860680.000,0,-,-,-,-,4034.4000,4034.2000,4033.6000,4032.4000,4032.0000,4035.6000,4036.0000,4036.6000,4036.8000,4037.0000,1,1,1,1,2,1,2,1,1,2
SF,IF2006,2020-02-19 14:28:32.900,4035.4000,24268,0,8072860680.000,0,-,-,-,-,4034.4000,4034.2000,4033.6000,4032.4000,4032.0000,4035.6000,4036.0000,4036.6000,4036.8000,4037.0000,2,1,1,1,2,1,2,1,1,2
SF,IF2006,2020-02-19 14:28:33.400,4035.4000,24268,0,8072860680.000,0,-,-,-,-,4034.4000,4034.2000,4033.6000,4032.4000,4032.0000,4035.6000,4036.0000,4036.6000,4036.8000,4037.0000,2,1,1,1,2,1,2,1,1,2
SF,IF2006,2020-02-19 14:28:33.900,4035.4000,24268,0,8072860680.000,0,-,-,-,-,4034.6000,4034.4000,4034.2000,4033.6000,4032.4000,4035.6000,4036.0000,4036.6000,4036.8000,4037.0000,1,2,1,1,1,1,2,1,1,2
SF,IF2006,2020-02-19 14:28:35.900,4035.6000,24269,1,8074071360.000,1,1,0,双开,B,4034.6000,4034.4000,4034.2000,4033.6000,4032.4000,4036.0000,4036.6000,4036.8000,4037.0000,4037.2000,1,2,1,1,1,2,1,1,2,1
SF,IF2006,2020-02-19 14:28:36.900,4035.6000,24269,0,8074071360.000,0,-,-,-,-,4034.8000,4034.6000,4034.4000,4034.2000,4033.6000,4036.0000,4036.6000,4036.8000,4037.0000,4037.2000,2,1,1,1,1,2,1,1,2,1
SF,IF2006,2020-02-19 14:28:37.400,4035.6000,24269,0,8074071360.000,0,-,-,-,-,4034.8000,4034.6000,4034.4000,4034.2000,4033.6000,4036.6000,4036.8000,4037.0000,4037.2000,4037.4000,2,1,1,1,1,1,1,2,1,1
SF,IF2006,2020-02-19 14:28:37.900,4035.6000,24269,0,8074071360.000,0,-,-,-,-,4035.0000,4034.8000,4034.6000,4034.2000,4033.6000,4036.6000,4036.8000,4037.0000,4037.2000,4037.4000,1,2,1,1,1,1,1,2,1,1
SF,IF2006,2020-02-19 14:28:38.900,4035.6000,24269,0,8074071360.000,0,-,-,-,-,4035.0000,4034.8000,4034.6000,4034.2000,4033.6000,4036.2000,4036.6000,4036.8000,4037.0000,4037.2000,1,2,1,1,1,1,1,1,2,1
SF,IF2006,2020-02-19 14:28:39.400,4035.6000,24269,0,8074071360.000,0,-,-,-,-,4035.0000,4034.8000,4034.6000,4034.2000,4033.6000,4036.6000,4036.8000,4037.0000,4037.2000,4037.4000,1,2,1,1,1,1,1,2,1,1
SF,IF2006,2020-02-19 14:28:39.900,4035.6000,24269,0,8074071360.000,0,-,-,-,-,4035.0000,4034.8000,4034.6000,4034.2000,4033.6000,4036.6000,4036.8000,4037.0000,4037.2000,4037.4000,1,1,1,1,1,1,1,2,1,1
SF,IF2006,2020-02-19 14:28:40.400,4035.6000,24269,0,8074071360.000,0,-,-,-,-,4035.2000,4035.0000,4034.8000,4034.6000,4034.2000,4036.6000,4036.8000,4037.0000,4037.2000,4037.4000,1,1,1,1,1,1,1,2,1,1
SF,IF2006,2020-02-19 14:28:40.900,4035.6000,24269,0,8074071360.000,0,-,-,-,-,4035.0000,4034.8000,4034.6000,4034.2000,4033.6000,4036.6000,4036.8000,4037.0000,4037.2000,4037.4000,1,1,1,1,1,2,1,2,1,1
SF,IF2006,2020-02-19 14:28:42.400,4035.6000,24269,0,8074071360.000,0,-,-,-,-,4035.0000,4034.6000,4034.2000,4033.6000,4032.0000,4036.6000,4036.8000,4037.0000,4037.2000,4037.4000,1,2,1,1,2,2,1,2,1,1
SF,IF2006,2020-02-19 14:28:44.900,4035.6000,24269,0,8074071360.000,0,-,-,-,-,4035.0000,4034.6000,4034.2000,4033.6000,4032.0000,4036.6000,4036.8000,4037.0000,4037.2000,4037.4000,1,2,1,1,2,1,1,2,1,1
SF,IF2006,2020-02-19 14:28:45.400,4035.6000,24269,0,8074071360.000,0,-,-,-,-,4035.4000,4035.2000,4035.0000,4034.6000,4034.2000,4036.6000,4036.8000,4037.0000,4037.2000,4037.4000,1,4,1,2,1,1,1,2,1,1
SF,IF2006,2020-02-19 14:28:45.900,4036.6000,24270,1,8075282340.000,1,1,0,双开,B,4035.6000,4035.4000,4035.2000,4035.0000,4034.6000,4036.8000,4037.0000,4037.2000,4037.4000,4037.6000,3,1,1,1,2,1,2,1,1,2
SF,IF2006,2020-02-19 14:28:46.400,4036.8000,24271,1,8076493380.000,1,1,0,双开,B,4035.6000,4035.2000,4034.6000,4034.2000,4033.6000,4037.0000,4037.2000,4037.4000,4037.6000,4039.8000,3,1,2,1,1,2,1,1,2,1
SF,IF2006,2020-02-19 14:28:46.900,4036.8000,24271,0,8076493380.000,0,-,-,-,-,4036.2000,4036.0000,4035.8000,4035.6000,4034.6000,4037.0000,4037.2000,4037.4000,4037.6000,4039.8000,1,1,1,3,2,2,1,1,2,1
SF,IF2006,2020-02-19 14:28:47.400,4036.8000,24271,0,8076493380.000,0,-,-,-,-,4036.2000,4036.0000,4035.8000,4035.6000,4034.6000,4037.0000,4037.2000,4037.4000,4037.6000,4039.8000,1,1,1,3,1,2,1,1,2,1
SF,IF2006,2020-02-19 14:28:48.900,4037.0000,24271,0,8078915580.000,2,1,1,空换,B,4036.2000,4036.0000,4035.8000,4035.6000,4034.6000,4037.2000,4037.4000,4037.6000,4039.8000,4040.0000,1,1,1,3,1,1,1,2,1,1
SF,IF2006,2020-02-19 14:28:49.400,4037.2000,24271,0,8080126740.000,1,0,1,空换,B,4037.2000,4036.6000,4036.2000,4036.0000,4035.6000,4037.4000,4037.6000,4039.8000,4040.0000,4040.2000,1,1,1,1,3,1,2,1,1,1
SF,IF2006,2020-02-19 14:28:49.900,4037.2000,24271,0,8081337900.000,1,0,1,空换,B,4036.6000,4036.4000,4036.2000,4035.6000,4034.6000,4037.2000,4037.4000,4037.6000,4039.8000,4040.0000,1,1,1,3,1,2,1,2,1,1
SF,IF2006,2020-02-19 14:28:50.400,4037.2000,24271,0,8082549060.000,1,0,1,空换,B,4036.6000,4036.4000,4036.2000,4035.6000,4034.6000,4037.4000,4037.6000,4039.8000,4040.0000,4040.2000,1,1,1,3,1,1,2,1,1,1
SF,IF2006,2020-02-19 14:28:50.900,4037.4000,24272,1,8083760280.000,1,1,0,双开,B,4036.6000,4036.2000,4035.6000,4034.6000,4034.2000,4037.6000,4039.8000,4040.0000,4040.2000,4040.6000,1,1,3,1,1,2,1,1,1,1
SF,IF2006,2020-02-19 14:28:51.400,4037.6000,24271,-1,8086182840.000,2,0,2,空平,B,4036.8000,4036.6000,4036.2000,4035.6000,4034.6000,4039.8000,4040.0000,4040.2000,4040.6000,4041.2000,2,2,1,1,1,1,1,1,1,1
SF,IF2006,2020-02-19 14:28:51.900,4037.6000,24271,0,8086182840.000,0,-,-,-,-,4037.0000,4036.8000,4036.6000,4035.6000,4034.6000,4039.0000,4039.2000,4039.4000,4039.6000,4039.8000,2,2,2,1,1,1,2,2,5,1
SF,IF2006,2020-02-19 14:28:52.400,4037.6000,24271,0,8086182840.000,0,-,-,-,-,4037.6000,4037.2000,4037.0000,4036.6000,4035.6000,4039.0000,4039.2000,4039.6000,4039.8000,4040.0000,1,2,2,2,1,1,3,5,1,1
SF,IF2006,2020-02-19 14:28:52.900,4037.6000,24271,0,8086182840.000,0,-,-,-,-,4037.6000,4037.2000,4037.0000,4036.6000,4035.6000,4038.6000,4039.0000,4039.2000,4039.6000,4039.8000,1,2,2,2,1,4,1,1,5,1
SF,IF2006,2020-02-19 14:28:53.400,4037.6000,24271,0,8086182840.000,0,-,-,-,-,4037.6000,4037.2000,4037.0000,4036.6000,4035.6000,4039.0000,4039.2000,4039.6000,4039.8000,4040.0000,1,2,2,2,1,1,1,5,1,1
SF,IF2006,2020-02-19 14:28:53.900,4037.6000,24271,0,8086182840.000,0,-,-,-,-,4037.6000,4037.2000,4037.0000,4036.6000,4035.6000,4038.8000,4039.0000,4039.2000,4039.6000,4039.8000,1,2,2,1,1,1,1,1,5,1
SF,IF2006,2020-02-19 14:28:54.400,4037.6000,24271,0,8086182840.000,0,-,-,-,-,4037.6000,4037.2000,4037.0000,4036.6000,4035.6000,4039.2000,4039.6000,4039.8000,4040.0000,4040.2000,1,2,1,1,1,1,5,1,1,1
SF,IF2006,2020-02-19 14:28:54.900,4037.6000,24271,0,8086182840.000,0,-,-,-,-,4037.6000,4037.2000,4037.0000,4036.6000,4035.6000,4039.0000,4039.2000,4039.6000,4039.8000,4040.0000,1,2,1,1,1,4,1,5,1,1
SF,IF2006,2020-02-19 14:28:55.400,4037.6000,24271,0,8086182840.000,0,-,-,-,-,4037.6000,4037.2000,4037.0000,4036.6000,4035.6000,4039.0000,4039.2000,4039.6000,4039.8000,4040.0000,1,2,1,1,1,4,1,5,1,1
SF,IF2006,2020-02-19 14:28:56.400,4037.6000,24271,0,8086182840.000,0,-,-,-,-,4037.6000,4037.2000,4037.0000,4036.6000,4035.6000,4039.0000,4039.2000,4039.6000,4039.8000,4040.0000,1,2,1,1,1,4,1,5,1,1
SF,IF2006,2020-02-19 14:28:57.900,4037.6000,24271,0,8086182840.000,0,-,-,-,-,4037.6000,4037.2000,4037.0000,4036.6000,4035.6000,4039.6000,4039.8000,4040.0000,4040.2000,4040.6000,1,2,1,1,1,4,1,1,1,1
SF,IF2006,2020-02-19 14:28:58.400,4037.6000,24271,0,8086182840.000,0,-,-,-,-,4038.0000,4037.2000,4036.6000,4035.6000,4034.6000,4039.2000,4039.6000,4039.8000,4040.0000,4040.2000,1,2,1,1,1,1,4,1,1,1
SF,IF2006,2020-02-19 14:28:59.400,4037.6000,24271,0,8086182840.000,0,-,-,-,-,4038.0000,4037.2000,4036.6000,4035.6000,4034.6000,4039.2000,4039.6000,4039.8000,4040.0000,4040.2000,1,2,1,1,1,1,4,1,1,1
SF,IF2006,2020-02-19 14:28:59.900,4037.6000,24271,0,8086182840.000,0,-,-,-,-,4037.2000,4036.6000,4035.6000,4034.6000,4034.2000,4039.2000,4039.6000,4039.8000,4040.0000,4040.2000,2,1,1,1,1,1,4,1,1,1
SF,IF2006,2020-02-19 14:29:00.400,4037.6000,24271,0,8086182840.000,0,-,-,-,-,4037.6000,4037.4000,4037.2000,4036.6000,4034.6000,4039.0000,4039.2000,4039.6000,4039.8000,4040.0000,1,2,2,1,1,2,1,2,1,1
SF,IF2006,2020-02-19 14:29:00.900,4037.6000,24271,0,8086182840.000,0,-,-,-,-,4038.6000,4037.4000,4037.2000,4036.6000,4034.6000,4039.0000,4039.8000,4040.0000,4040.2000,4040.6000,1,2,2,1,1,2,1,1,1,1
SF,IF2006,2020-02-19 14:29:01.400,4038.6000,24270,-1,8087394420.000,1,0,1,双平,B,4037.4000,4037.2000,4036.6000,4034.6000,4034.2000,4039.0000,4039.8000,4040.0000,4040.2000,4040.6000,2,2,1,1,1,2,1,1,1,1
SF,IF2006,2020-02-19 14:29:01.900,4038.6000,24270,0,8087394420.000,0,-,-,-,-,4037.8000,4037.6000,4037.4000,4036.6000,4034.6000,4039.8000,4040.0000,4040.2000,4040.6000,4041.2000,1,3,1,1,1,1,1,1,1,1
SF,IF2006,2020-02-19 14:29:02.400,4038.6000,24270,0,8087394420.000,0,-,-,-,-,4038.0000,4037.8000,4037.6000,4036.6000,4034.6000,4039.4000,4039.8000,4040.0000,4040.2000,4040.6000,3,1,1,1,1,4,1,1,1,1
SF,IF2006,2020-02-19 14:29:02.900,4038.6000,24270,0,8087394420.000,0,-,-,-,-,4038.2000,4038.0000,4037.8000,4037.6000,4036.6000,4039.8000,4040.0000,4040.2000,4040.6000,4041.2000,1,3,1,1,1,1,1,1,1,1
SF,IF2006,2020-02-19 14:29:04.900,4038.6000,24270,0,8087394420.000,0,-,-,-,-,4038.2000,4038.0000,4037.8000,4037.6000,4036.6000,4039.8000,4040.0000,4040.2000,4040.6000,4041.2000,1,3,1,1,1,1,1,1,1,1
SF,IF2006,2020-02-19 14:29:05.400,4039.6000,24271,1,8088606300.000,1,1,0,双开,B,4038.2000,4038.0000,4037.6000,4036.6000,4034.2000,4039.8000,4040.0000,4040.2000,4040.6000,4041.2000,1,3,1,1,1,1,1,1,1,1
SF,IF2006,2020-02-19 14:29:05.900,4039.6000,24271,0,8088606300.000,0,-,-,-,-,4038.4000,4038.2000,4038.0000,4037.6000,4036.6000,4039.8000,4040.0000,4040.2000,4040.6000,4041.2000,1,1,3,1,1,1,1,1,1,1
SF,IF2006,2020-02-19 14:29:06.400,4039.6000,24271,0,8088606300.000,0,-,-,-,-,4038.4000,4038.2000,4038.0000,4037.6000,4036.6000,4039.8000,4040.0000,4040.2000,4040.6000,4041.2000,1,1,3,1,1,1,1,1,1,1
SF,IF2006,2020-02-19 14:29:07.900,4039.6000,24271,0,8088606300.000,0,-,-,-,-,4038.6000,4038.4000,4038.0000,4037.6000,4036.6000,4039.8000,4040.0000,4040.2000,4040.6000,4041.2000,1,1,3,1,1,1,1,1,1,1
SF,IF2006,2020-02-19 14:29:10.400,4039.6000,24271,0,8088606300.000,0,-,-,-,-,4038.6000,4038.4000,4038.0000,4037.6000,4036.6000,4039.8000,4040.0000,4040.2000,4040.6000,4041.2000,1,1,3,1,1,1,1,1,1,1
SF,IF2006,2020-02-19 14:29:12.400,4039.6000,24271,0,8088606300.000,0,-,-,-,-,4038.6000,4038.4000,4038.0000,4037.6000,4036.6000,4039.8000,4040.0000,4040.2000,4040.6000,4041.2000,1,1,3,1,2,1,1,1,1,1
SF,IF2006,2020-02-19 14:29:13.400,4039.6000,24271,0,8088606300.000,0,-,-,-,-,4038.4000,4038.0000,4037.6000,4036.6000,4034.2000,4039.8000,4040.0000,4040.2000,4040.6000,4041.2000,1,3,1,2,1,1,1,1,1,1
SF,IF2006,2020-02-19 14:29:13.900,4039.6000,24271,0,8088606300.000,0,-,-,-,-,4038.4000,4038.0000,4037.6000,4036.6000,4034.2000,4039.8000,4040.0000,4040.2000,4040.6000,4041.2000,1,3,1,2,1,1,1,1,1,1
SF,IF2006,2020-02-19 14:29:16.400,4039.6000,24271,0,8088606300.000,0,-,-,-,-,4038.4000,4038.0000,4037.6000,4036.6000,4034.2000,4039.4000,4039.8000,4040.0000,4040.2000,4040.6000,1,3,1,2,1,1,1,1,1,1
SF,IF2006,2020-02-19 14:29:16.900,4039.6000,24271,0,8088606300.000,0,-,-,-,-,4038.0000,4037.6000,4036.6000,4034.2000,4033.6000,4039.4000,4039.8000,4040.0000,4040.2000,4040.6000,1,1,2,1,1,1,1,1,1,1
SF,IF2006,2020-02-19 14:29:17.400,4039.6000,24271,0,8088606300.000,0,-,-,-,-,4038.0000,4037.6000,4036.6000,4034.2000,4033.6000,4038.4000,4039.2000,4039.4000,4039.6000,4039.8000,1,1,2,1,1,1,2,1,1,1
SF,IF2006,2020-02-19 14:29:17.900,4039.6000,24271,0,8088606300.000,0,-,-,-,-,4036.6000,4034.2000,4033.6000,4032.0000,4030.2000,4038.4000,4039.2000,4039.4000,4039.6000,4039.8000,2,1,1,3,2,1,2,1,1,1
SF,IF2006,2020-02-19 14:29:18.400,4039.6000,24271,0,8088606300.000,0,-,-,-,-,4037.0000,4036.8000,4036.6000,4034.2000,4033.6000,4038.4000,4039.2000,4039.4000,4039.6000,4039.8000,1,6,2,1,1,1,2,1,1,1
SF,IF2006,2020-02-19 14:29:18.900,4039.6000,24271,0,8088606300.000,0,-,-,-,-,4037.2000,4037.0000,4036.8000,4036.6000,4034.2000,4038.0000,4038.4000,4039.2000,4039.4000,4039.6000,2,1,4,2,1,1,1,2,1,1
SF,IF2006,2020-02-19 14:29:19.400,4038.0000,24271,0,8089817700.000,1,0,1,空换,B,4037.2000,4036.8000,4036.6000,4034.2000,4033.6000,4038.4000,4039.2000,4039.4000,4039.6000,4039.8000,2,4,2,1,1,1,2,1,1,1
SF,IF2006,2020-02-19 14:29:19.900,4038.0000,24271,0,8089817700.000,0,-,-,-,-,4037.6000,4037.4000,4037.2000,4036.8000,4036.6000,4038.4000,4039.2000,4039.4000,4039.6000,4039.8000,1,2,2,2,2,1,2,1,1,1
SF,IF2006,2020-02-19 14:29:20.400,4038.0000,24271,0,8089817700.000,0,-,-,-,-,4037.6000,4037.4000,4037.2000,4036.8000,4036.6000,4038.4000,4039.2000,4039.4000,4039.6000,4039.8000,1,3,2,2,2,1,2,1,1,1
SF,IF2006,2020-02-19 14:29:20.900,4038.0000,24271,0,8089817700.000,0,-,-,-,-,4037.6000,4037.4000,4037.2000,4036.8000,4036.6000,4038.4000,4039.2000,4039.4000,4039.6000,4039.8000,1,3,2,2,2,1,2,1,1,1
SF,IF2006,2020-02-19 14:29:21.400,4038.0000,24271,0,8089817700.000,0,-,-,-,-,4037.8000,4037.6000,4037.4000,4037.2000,4036.8000,4038.4000,4039.2000,4039.4000,4039.6000,4039.8000,1,1,3,2,2,1,2,1,1,1
SF,IF2006,2020-02-19 14:29:21.900,4038.0000,24271,0,8089817700.000,0,-,-,-,-,4038.0000,4037.8000,4037.6000,4037.4000,4037.2000,4038.4000,4039.2000,4039.4000,4039.6000,4039.8000,2,1,1,1,2,2,2,1,1,1
SF,IF2006,2020-02-19 14:29:22.400,4038.0000,24271,0,8089817700.000,0,-,-,-,-,4038.0000,4037.6000,4037.4000,4037.2000,4036.8000,4038.4000,4039.2000,4039.4000,4039.6000,4039.8000,2,1,1,2,2,2,2,1,1,1
SF,IF2006,2020-02-19 14:29:22.900,4038.0000,24271,0,8089817700.000,0,-,-,-,-,4038.0000,4037.6000,4037.4000,4037.2000,4036.8000,4038.4000,4039.2000,4039.4000,4039.6000,4039.8000,3,1,1,2,2,2,2,1,1,1
SF,IF2006,2020-02-19 14:29:23.900,4038.0000,24271,0,8089817700.000,0,-,-,-,-,4038.0000,4037.6000,4037.4000,4037.2000,4036.8000,4038.4000,4039.2000,4039.4000,4039.6000,4039.8000,2,1,1,2,2,2,2,1,1,1
SF,IF2006,2020-02-19 14:29:24.400,4038.4000,24271,0,8091029220.000,1,0,1,空换,B,4038.0000,4037.6000,4037.2000,4036.8000,4036.6000,4038.4000,4039.2000,4039.4000,4039.6000,4039.8000,2,1,2,2,2,1,2,1,1,1
SF,IF2006,2020-02-19 14:29:25.900,4038.4000,24271,0,8091029220.000,0,-,-,-,-,4038.0000,4037.6000,4037.2000,4036.8000,4036.6000,4038.4000,4039.2000,4039.4000,4039.6000,4039.8000,2,2,2,2,2,1,2,1,1,1
SF,IF2006,2020-02-19 14:29:26.400,4038.4000,24272,1,8092240740.000,1,1,0,双开,B,4038.0000,4037.6000,4037.2000,4036.8000,4036.6000,4039.2000,4039.4000,4039.8000,4040.0000,4040.2000,2,2,2,2,2,2,1,1,1,1
SF,IF2006,2020-02-19 14:29:26.900,4038.4000,24272,0,8092240740.000,0,-,-,-,-,4038.0000,4037.6000,4037.2000,4036.8000,4036.6000,4039.2000,4039.4000,4039.8000,4040.0000,4040.2000,2,1,2,2,2,2,1,1,1,1
SF,IF2006,2020-02-19 14:29:27.400,4038.4000,24272,0,8092240740.000,0,-,-,-,-,4038.0000,4037.6000,4037.2000,4036.8000,4036.6000,4039.2000,4039.4000,4039.8000,4040.0000,4040.2000,1,1,2,2,2,2,1,1,1,1
SF,IF2006,2020-02-19 14:29:27.900,4038.4000,24272,0,8092240740.000,0,-,-,-,-,4038.2000,4038.0000,4037.6000,4037.2000,4036.8000,4039.2000,4039.4000,4039.8000,4040.0000,4040.2000,2,1,1,2,2,2,1,1,1,1
SF,IF2006,2020-02-19 14:29:31.900,4038.4000,24272,0,8092240740.000,0,-,-,-,-,4038.2000,4038.0000,4037.6000,4037.2000,4036.8000,4038.8000,4039.2000,4039.4000,4039.8000,4040.0000,2,1,1,2,2,1,2,1,1,1
SF,IF2006,2020-02-19 14:29:32.400,4038.8000,24273,1,8093452380.000,1,1,0,双开,B,4038.2000,4038.0000,4037.6000,4037.2000,4036.8000,4039.2000,4039.4000,4039.8000,4040.0000,4040.2000,2,1,1,2,2,2,1,1,1,1
SF,IF2006,2020-02-19 14:29:33.400,4038.8000,24273,0,8093452380.000,0,-,-,-,-,4038.4000,4038.2000,4038.0000,4037.6000,4037.2000,4039.2000,4039.4000,4039.8000,4040.0000,4040.2000,2,2,1,1,2,2,1,1,1,1
SF,IF2006,2020-02-19 14:29:34.900,4038.8000,24273,0,8093452380.000,0,-,-,-,-,4038.4000,4038.2000,4038.0000,4037.6000,4037.2000,4039.2000,4039.4000,4039.8000,4040.0000,4040.2000,2,2,1,1,2,2,1,1,2,1
SF,IF2006,2020-02-19 14:29:36.400,4038.8000,24273,0,8093452380.000,0,-,-,-,-,4038.4000,4038.2000,4038.0000,4037.6000,4037.2000,4039.0000,4039.2000,4039.4000,4039.8000,4040.0000,2,2,1,1,2,1,2,1,1,2
SF,IF2006,2020-02-19 14:29:36.900,4038.8000,24273,0,8093452380.000,0,-,-,-,-,4038.4000,4038.2000,4038.0000,4037.6000,4037.2000,4039.0000,4039.2000,4039.4000,4039.8000,4040.0000,2,2,1,1,2,1,2,1,1,2
SF,IF2006,2020-02-19 14:29:40.400,4038.8000,24273,0,8093452380.000,0,-,-,-,-,4038.4000,4038.2000,4038.0000,4037.6000,4037.2000,4039.0000,4039.2000,4039.4000,4039.8000,4040.0000,2,2,1,1,2,1,2,1,1,2
SF,IF2006,2020-02-19 14:29:42.900,4038.8000,24273,0,8093452380.000,0,-,-,-,-,4038.6000,4038.4000,4038.2000,4038.0000,4037.6000,4039.0000,4039.2000,4039.4000,4039.8000,4040.0000,1,2,2,1,1,1,2,1,1,2
SF,IF2006,2020-02-19 14:29:43.400,4038.8000,24273,0,8093452380.000,0,-,-,-,-,4038.6000,4038.4000,4038.2000,4038.0000,4037.6000,4039.0000,4039.2000,4039.4000,4039.8000,4040.0000,1,2,2,1,1,1,1,1,1,2
SF,IF2006,2020-02-19 14:29:48.400,4039.0000,24273,0,8094664080.000,1,0,1,空换,B,4038.6000,4038.4000,4038.2000,4038.0000,4037.6000,4039.2000,4039.4000,4039.8000,4040.0000,4040.2000,1,2,2,1,1,1,1,1,2,2
SF,IF2006,2020-02-19 14:29:48.900,4039.0000,24273,0,8094664080.000,0,-,-,-,-,4038.8000,4038.6000,4038.4000,4038.2000,4038.0000,4039.2000,4039.4000,4039.8000,4040.0000,4040.2000,1,1,2,2,1,1,1,1,2,2
SF,IF2006,2020-02-19 14:29:49.400,4038.6000,24275,2,8098299060.000,3,2,1,多开,B,4038.4000,4038.2000,4038.0000,4037.6000,4037.2000,4039.4000,4039.8000,4040.0000,4040.2000,4040.6000,2,2,1,1,2,1,1,2,2,1
SF,IF2006,2020-02-19 14:29:50.400,4038.6000,24275,0,8098299060.000,0,-,-,-,-,4038.6000,4038.4000,4038.2000,4038.0000,4037.6000,4039.4000,4039.8000,4040.0000,4040.2000,4040.6000,1,2,2,1,1,1,1,2,2,1
SF,IF2006,2020-02-19 14:29:50.900,4038.6000,24275,0,8098299060.000,0,-,-,-,-,4038.4000,4038.2000,4038.0000,4037.6000,4037.2000,4039.4000,4039.8000,4040.0000,4040.2000,4040.6000,2,2,1,1,2,1,1,2,2,1
SF,IF2006,2020-02-19 14:29:51.400,4038.4000,24275,0,8099510580.000,1,0,1,空换,B,4038.4000,4038.2000,4038.0000,4037.6000,4037.2000,4039.4000,4039.8000,4040.0000,4040.2000,4040.6000,1,1,1,1,2,1,1,2,2,1
SF,IF2006,2020-02-19 14:29:51.900,4039.2000,24275,0,8101934100.000,2,1,1,空换,B,4038.4000,4038.0000,4037.6000,4037.2000,4036.8000,4039.4000,4039.8000,4040.0000,4040.2000,4040.6000,1,1,1,2,2,1,1,1,2,1
SF,IF2006,2020-02-19 14:29:52.400,4038.4000,24274,-1,8103145620.000,1,0,1,双平,B,4038.0000,4037.6000,4037.2000,4036.8000,4036.6000,4039.2000,4039.4000,4039.8000,4040.0000,4040.2000,1,1,2,2,2,1,1,1,1,2
SF,IF2006,2020-02-19 14:29:53.900,4038.4000,24274,0,8103145620.000,0,-,-,-,-,4038.0000,4037.6000,4037.2000,4036.8000,4036.6000,4038.4000,4039.2000,4039.4000,4039.8000,4040.0000,1,1,2,2,2,1,1,1,1,1
SF,IF2006,2020-02-19 14:29:54.400,4038.4000,24274,0,8103145620.000,0,-,-,-,-,4038.0000,4037.6000,4037.2000,4036.8000,4036.6000,4038.4000,4039.0000,4039.2000,4039.4000,4039.8000,1,1,2,2,2,1,1,1,1,1
SF,IF2006,2020-02-19 14:29:54.900,4038.4000,24274,0,8103145620.000,0,-,-,-,-,4038.0000,4037.6000,4037.2000,4036.8000,4036.6000,4038.4000,4039.0000,4039.4000,4039.8000,4040.0000,1,1,2,2,2,1,1,1,1,1
SF,IF2006,2020-02-19 14:29:56.900,4038.4000,24274,0,8103145620.000,0,-,-,-,-,4038.2000,4038.0000,4037.6000,4037.2000,4036.8000,4038.4000,4039.0000,4039.4000,4039.8000,4040.0000,1,1,1,2,2,1,1,1,1,1
SF,IF2006,2020-02-19 14:29:57.900,4038.4000,24274,0,8103145620.000,0,-,-,-,-,4038.2000,4038.0000,4037.8000,4037.6000,4037.2000,4038.4000,4039.0000,4039.4000,4039.8000,4040.0000,1,1,1,1,2,1,3,1,1,1
SF,IF2006,2020-02-19 14:29:58.400,4038.4000,24275,1,8104357140.000,1,1,0,双开,B,4038.2000,4038.0000,4037.8000,4037.6000,4037.2000,4039.0000,4039.4000,4039.8000,4040.0000,4040.2000,1,1,1,1,2,3,1,1,1,2
SF,IF2006,2020-02-19 14:29:58.900,4038.4000,24275,0,8104357140.000,0,-,-,-,-,4038.2000,4038.0000,4037.8000,4037.6000,4037.2000,4039.0000,4039.4000,4039.8000,4040.0000,4040.2000,1,1,1,1,2,3,1,1,1,2
SF,IF2006,2020-02-19 14:29:59.400,4038.4000,24275,0,8104357140.000,0,-,-,-,-,4038.2000,4038.0000,4037.8000,4037.6000,4037.2000,4039.0000,4039.4000,4039.8000,4040.0000,4040.2000,1,1,1,1,2,3,1,1,1,2
SF,IF2006,2020-02-19 14:30:00.900,4038.4000,24275,0,8104357140.000,0,-,-,-,-,4038.4000,4038.2000,4038.0000,4037.8000,4037.6000,4039.0000,4039.4000,4039.8000,4040.0000,4040.2000,1,1,1,1,1,3,1,1,1,2
SF,IF2006,2020-02-19 14:30:01.400,4038.4000,24275,0,8105568660.000,1,0,1,空换,B,4038.2000,4038.0000,4037.8000,4037.6000,4037.2000,4039.0000,4039.4000,4039.8000,4040.0000,4040.2000,1,1,1,1,2,3,1,1,1,2
SF,IF2006,2020-02-19 14:30:04.900,4039.0000,24276,1,8106780360.000,1,1,0,双开,B,4038.2000,4038.0000,4037.8000,4037.6000,4037.2000,4039.0000,4039.4000,4039.8000,4040.0000,4040.2000,1,1,1,1,2,2,1,1,1,2
SF,IF2006,2020-02-19 14:30:05.400,4038.2000,24277,1,8107991820.000,1,1,0,双开,B,4038.0000,4037.8000,4037.6000,4037.2000,4036.8000,4039.0000,4039.4000,4039.8000,4040.0000,4040.2000,1,1,1,2,2,2,1,1,1,2
SF,IF2006,2020-02-19 14:30:06.400,4038.2000,24277,0,8107991820.000,0,-,-,-,-,4038.2000,4038.0000,4037.8000,4037.6000,4037.2000,4039.0000,4039.4000,4039.8000,4040.0000,4040.2000,2,1,1,1,2,2,1,1,1,2
SF,IF2006,2020-02-19 14:30:07.900,4039.0000,24276,-1,8109203520.000,1,0,1,双平,B,4038.2000,4038.0000,4037.8000,4037.6000,4037.2000,4039.0000,4039.4000,4039.8000,4040.0000,4040.2000,2,1,1,1,2,1,1,1,1,2
SF,IF2006,2020-02-19 14:30:08.900,4039.0000,24276,0,8109203520.000,0,-,-,-,-,4038.2000,4038.0000,4037.8000,4037.6000,4037.2000,4038.6000,4039.0000,4039.2000,4039.4000,4039.8000,1,1,1,1,2,4,2,1,1,1
SF,IF2006,2020-02-19 14:30:09.400,4038.6000,24278,2,8111626680.000,2,2,0,双开,B,4038.2000,4038.0000,4037.8000,4037.6000,4037.2000,4039.0000,4039.4000,4039.8000,4040.0000,4040.2000,1,1,1,1,2,1,1,1,1,2
SF,IF2006,2020-02-19 14:30:12.400,4038.2000,24278,0,8112838140.000,1,0,1,空换,B,4038.4000,4038.0000,4037.8000,4037.6000,4037.2000,4039.0000,4039.4000,4039.8000,4040.0000,4040.2000,1,1,1,1,2,1,1,1,1,2
SF,IF2006,2020-02-19 14:30:15.400,4038.2000,24278,0,8112838140.000,0,-,-,-,-,4038.0000,4037.8000,4037.6000,4037.2000,4036.8000,4039.0000,4039.4000,4039.8000,4040.0000,4040.2000,1,1,1,2,2,1,1,1,1,2
SF,IF2006,2020-02-19 14:30:17.900,4038.2000,24278,0,8112838140.000,0,-,-,-,-,4038.2000,4038.0000,4037.8000,4037.6000,4037.2000,4039.0000,4039.4000,4039.8000,4040.0000,4040.2000,1,1,1,1,2,1,1,1,1,2
SF,IF2006,2020-02-19 14:30:18.400,4038.2000,24278,0,8112838140.000,0,-,-,-,-,4038.2000,4038.0000,4037.8000,4037.6000,4037.2000,4039.0000,4039.4000,4039.8000,4040.0000,4040.2000,2,1,1,1,2,1,1,1,1,2
SF,IF2006,2020-02-19 14:30:19.400,4039.0000,24277,-1,8114049840.000,1,0,1,双平,B,4038.2000,4038.0000,4037.8000,4037.6000,4037.2000,4039.4000,4039.8000,4040.0000,4040.2000,4040.6000,2,1,1,1,2,1,1,1,2,1
SF,IF2006,2020-02-19 14:30:19.900,4039.0000,24277,0,8114049840.000,0,-,-,-,-,4038.2000,4038.0000,4037.8000,4037.6000,4037.2000,4039.4000,4039.8000,4040.0000,4040.2000,4040.6000,2,1,1,1,3,1,1,1,2,1
SF,IF2006,2020-02-19 14:30:20.900,4039.0000,24277,0,8114049840.000,0,-,-,-,-,4038.4000,4038.2000,4038.0000,4037.8000,4037.6000,4039.4000,4039.8000,4040.0000,4040.2000,4040.6000,1,1,1,1,1,1,1,1,2,1
SF,IF2006,2020-02-19 14:30:23.900,4039.0000,24277,0,8114049840.000,0,-,-,-,-,4038.4000,4038.2000,4038.0000,4037.8000,4037.6000,4039.4000,4039.8000,4040.0000,4040.2000,4040.6000,1,1,1,1,1,1,1,1,2,1
SF,IF2006,2020-02-19 14:30:28.900,4038.4000,24278,1,8115261360.000,1,1,0,双开,B,4038.2000,4038.0000,4037.8000,4037.6000,4037.2000,4039.4000,4039.8000,4040.0000,4040.2000,4040.6000,1,1,1,1,3,1,1,1,2,1
SF,IF2006,2020-02-19 14:30:29.900,4038.4000,24278,0,8115261360.000,0,-,-,-,-,4038.0000,4037.8000,4037.6000,4037.2000,4036.8000,4039.4000,4039.8000,4040.0000,4040.2000,4040.6000,1,1,1,3,2,1,1,1,2,1
SF,IF2006,2020-02-19 14:30:31.400,4038.4000,24278,0,8115261360.000,0,-,-,-,-,4038.2000,4038.0000,4037.8000,4037.6000,4037.2000,4039.4000,4039.8000,4040.0000,4040.2000,4040.6000,2,1,1,1,3,1,1,1,2,1
SF,IF2006,2020-02-19 14:30:33.400,4038.4000,24278,0,8115261360.000,0,-,-,-,-,4038.4000,4038.2000,4038.0000,4037.8000,4037.6000,4039.4000,4039.8000,4040.0000,4040.2000,4040.6000,1,1,1,1,1,1,1,1,2,1
SF,IF2006,2020-02-19 14:30:33.900,4039.4000,24278,0,8116473180.000,1,0,1,空换,B,4038.4000,4038.2000,4038.0000,4037.8000,4037.6000,4039.8000,4040.0000,4040.2000,4040.6000,4041.2000,1,1,1,1,1,1,1,2,1,1
SF,IF2006,2020-02-19 14:30:35.900,4039.4000,24278,0,8116473180.000,0,-,-,-,-,4038.4000,4038.2000,4038.0000,4037.8000,4037.6000,4039.8000,4040.0000,4040.2000,4040.6000,4041.2000,1,1,1,1,1,1,1,2,1,1
SF,IF2006,2020-02-19 14:30:36.400,4039.4000,24278,0,8116473180.000,0,-,-,-,-,4038.6000,4038.4000,4038.2000,4038.0000,4037.8000,4039.8000,4040.0000,4040.2000,4040.6000,4041.2000,2,1,1,1,1,1,1,2,1,1
SF,IF2006,2020-02-19 14:30:37.400,4039.8000,24279,1,8117685120.000,1,1,0,双开,B,4039.0000,4038.8000,4038.6000,4038.2000,4038.0000,4040.0000,4040.2000,4040.6000,4041.2000,4041.8000,44,1,2,1,1,1,2,1,1,1
SF,IF2006,2020-02-19 14:30:37.900,4039.2000,24280,1,8118896880.000,1,1,0,双开,B,4039.0000,4038.8000,4038.6000,4038.2000,4038.0000,4040.0000,4040.2000,4040.6000,4041.2000,4041.8000,44,1,2,1,1,1,2,1,1,1
SF,IF2006,2020-02-19 14:30:38.400,4039.2000,24280,0,8118896880.000,0,-,-,-,-,4039.2000,4039.0000,4038.8000,4038.6000,4038.0000,4040.0000,4040.2000,4040.6000,4041.2000,4041.8000,2,44,1,2,1,1,2,1,1,1
SF,IF2006,2020-02-19 14:30:38.900,4040.0000,24279,-1,8120108880.000,1,0,1,双平,B,4039.4000,4039.2000,4039.0000,4038.6000,4038.0000,4040.2000,4040.6000,4041.2000,4041.8000,4042.6000,1,2,44,2,1,2,1,1,1,1
SF,IF2006,2020-02-19 14:30:39.400,4040.2000,24279,0,8122533000.000,2,1,1,空换,B,4039.6000,4039.2000,4039.0000,4038.6000,4038.0000,4040.6000,4041.2000,4041.8000,4042.6000,4042.8000,1,2,44,2,1,1,1,1,1,1
SF,IF2006,2020-02-19 14:30:39.900,4040.2000,24279,0,8122533000.000,0,-,-,-,-,4039.6000,4039.2000,4039.0000,4038.6000,4038.0000,4040.6000,4041.2000,4041.8000,4042.6000,4042.8000,1,2,44,2,1,1,1,1,1,1
SF,IF2006,2020-02-19 14:30:40.400,4040.2000,24279,0,8122533000.000,0,-,-,-,-,4039.6000,4039.2000,4039.0000,4038.6000,4038.0000,4040.6000,4041.2000,4041.8000,4042.6000,4042.8000,1,2,44,2,1,1,1,1,1,1
SF,IF2006,2020-02-19 14:30:40.900,4040.2000,24279,0,8122533000.000,0,-,-,-,-,4039.6000,4039.2000,4039.0000,4038.6000,4037.8000,4040.6000,4041.2000,4041.8000,4042.6000,4042.8000,1,2,44,2,1,1,1,1,1,1
SF,IF2006,2020-02-19 14:30:41.400,4040.2000,24279,0,8122533000.000,0,-,-,-,-,4039.4000,4039.2000,4039.0000,4038.6000,4037.8000,4040.6000,4041.2000,4041.8000,4042.6000,4042.8000,1,2,44,2,1,1,1,1,1,1
SF,IF2006,2020-02-19 14:30:41.900,4040.2000,24279,0,8122533000.000,0,-,-,-,-,4039.4000,4039.2000,4039.0000,4038.6000,4038.2000,4040.6000,4041.2000,4041.8000,4042.6000,4042.8000,1,2,44,2,1,1,1,1,1,1
SF,IF2006,2020-02-19 14:30:42.400,4040.2000,24279,0,8122533000.000,0,-,-,-,-,4039.4000,4039.2000,4039.0000,4038.6000,4038.2000,4040.6000,4041.2000,4041.8000,4042.6000,4042.8000,1,2,44,2,1,1,1,1,1,1
SF,IF2006,2020-02-19 14:30:42.900,4040.2000,24279,0,8122533000.000,0,-,-,-,-,4039.6000,4039.4000,4039.2000,4039.0000,4038.2000,4040.6000,4041.2000,4041.8000,4042.6000,4042.8000,3,1,2,44,1,1,1,1,1,1
SF,IF2006,2020-02-19 14:30:43.400,4040.2000,24279,0,8122533000.000,0,-,-,-,-,4039.6000,4039.4000,4039.2000,4039.0000,4038.2000,4040.6000,4041.2000,4041.8000,4042.6000,4042.8000,3,1,2,44,1,1,1,1,1,1
SF,IF2006,2020-02-19 14:30:43.900,4040.2000,24279,0,8122533000.000,0,-,-,-,-,4039.8000,4039.6000,4039.2000,4039.0000,4038.2000,4040.6000,4041.2000,4041.8000,4042.6000,4042.8000,1,3,1,44,1,1,1,1,1,1
SF,IF2006,2020-02-19 14:30:44.400,4040.2000,24279,0,8122533000.000,0,-,-,-,-,4040.0000,4039.8000,4039.6000,4039.2000,4039.0000,4040.6000,4041.2000,4041.8000,4042.6000,4042.8000,1,1,3,1,44,1,1,1,1,1
SF,IF2006,2020-02-19 14:30:44.900,4040.2000,24279,0,8122533000.000,0,-,-,-,-,4039.8000,4039.6000,4039.2000,4039.0000,4038.2000,4040.6000,4041.2000,4041.8000,4042.6000,4042.8000,1,3,1,44,1,1,1,1,1,1
SF,IF2006,2020-02-19 14:30:45.400,4040.2000,24279,0,8122533000.000,0,-,-,-,-,4040.0000,4039.6000,4039.2000,4039.0000,4038.2000,4040.6000,4041.2000,4041.8000,4042.6000,4042.8000,1,3,1,44,1,1,1,1,1,1
SF,IF2006,2020-02-19 14:30:45.900,4040.2000,24279,0,8122533000.000,0,-,-,-,-,4040.0000,4039.6000,4039.2000,4039.0000,4038.2000,4040.6000,4041.2000,4041.8000,4042.6000,4042.8000,2,3,2,44,1,1,1,1,1,1
SF,IF2006,2020-02-19 14:30:46.900,4040.6000,24279,0,8123745180.000,1,0,1,空换,B,4040.0000,4039.6000,4039.2000,4039.0000,4038.2000,4041.2000,4041.8000,4042.6000,4042.8000,4043.0000,2,3,3,44,1,1,1,1,1,2
SF,IF2006,2020-02-19 14:30:47.400,4040.6000,24279,0,8123745180.000,0,-,-,-,-,4040.6000,4040.2000,4040.0000,4039.6000,4039.2000,4041.2000,4041.8000,4042.6000,4042.8000,4043.0000,2,1,1,3,3,1,1,1,1,2
SF,IF2006,2020-02-19 14:30:47.900,4040.6000,24279,0,8124957360.000,1,0,1,空换,B,4040.6000,4040.2000,4040.0000,4039.6000,4039.2000,4041.2000,4041.8000,4042.6000,4042.8000,4043.0000,1,1,2,3,3,1,1,1,1,2
SF,IF2006,2020-02-19 14:30:48.400,4040.6000,24279,0,8124957360.000,0,-,-,-,-,4040.6000,4040.0000,4039.6000,4039.2000,4039.0000,4041.2000,4041.8000,4042.6000,4042.8000,4043.0000,1,2,3,3,44,1,1,1,1,2
SF,IF2006,2020-02-19 14:30:49.400,4040.6000,24279,0,8124957360.000,0,-,-,-,-,4040.6000,4040.0000,4039.6000,4039.2000,4039.0000,4041.2000,4041.8000,4042.4000,4042.6000,4042.8000,1,2,3,3,44,1,1,1,1,1
SF,IF2006,2020-02-19 14:30:51.900,4041.2000,24280,1,8126169720.000,1,1,0,双开,B,4040.6000,4040.0000,4039.6000,4039.2000,4039.0000,4041.8000,4042.4000,4042.6000,4042.8000,4043.0000,1,2,3,3,44,1,1,1,1,2
SF,IF2006,2020-02-19 14:30:52.400,4041.2000,24280,0,8126169720.000,0,-,-,-,-,4040.6000,4040.0000,4039.6000,4039.2000,4039.0000,4041.4000,4041.8000,4042.4000,4042.6000,4042.8000,1,1,3,3,44,2,2,1,1,1
SF,IF2006,2020-02-19 14:30:53.900,4041.2000,24281,1,8127382080.000,1,1,0,双开,B,4040.6000,4040.0000,4039.6000,4039.2000,4039.0000,4041.4000,4041.8000,4042.4000,4042.6000,4042.8000,1,1,3,3,44,2,2,1,1,1
SF,IF2006,2020-02-19 14:30:56.400,4041.2000,24281,0,8127382080.000,0,-,-,-,-,4040.6000,4040.0000,4039.6000,4039.2000,4039.0000,4042.4000,4042.6000,4042.8000,4043.0000,4043.8000,1,1,3,3,44,1,1,1,2,1
SF,IF2006,2020-02-19 14:30:56.900,4041.2000,24281,0,8127382080.000,0,-,-,-,-,4040.6000,4040.0000,4039.6000,4039.2000,4039.0000,4041.6000,4042.0000,4042.2000,4042.4000,4042.6000,1,1,3,3,44,1,5,5,2,2
SF,IF2006,2020-02-19 14:30:57.900,4041.2000,24281,0,8127382080.000,0,-,-,-,-,4040.6000,4040.0000,4039.6000,4039.2000,4039.0000,4041.6000,4042.0000,4042.2000,4042.4000,4042.6000,1,1,4,3,44,1,5,5,2,2
SF,IF2006,2020-02-19 14:31:00.400,4041.6000,24282,1,8128594560.000,1,1,0,双开,B,4040.6000,4040.0000,4039.6000,4039.2000,4039.0000,4042.0000,4042.2000,4042.4000,4042.6000,4042.8000,1,1,4,3,44,6,5,2,2,1
SF,IF2006,2020-02-19 14:31:00.900,4041.6000,24283,1,8129807040.000,1,1,0,双开,B,4040.6000,4040.0000,4039.6000,4039.2000,4039.0000,4041.6000,4042.0000,4042.2000,4042.4000,4042.6000,1,1,4,3,44,1,6,4,2,2
SF,IF2006,2020-02-19 14:31:01.400,4041.6000,24283,0,8129807040.000,0,-,-,-,-,4040.6000,4040.0000,4039.6000,4039.2000,4039.0000,4042.0000,4042.2000,4042.4000,4042.6000,4042.8000,1,1,4,3,44,1,4,2,3,1
SF,IF2006,2020-02-19 14:31:01.900,4041.6000,24283,0,8129807040.000,0,-,-,-,-,4040.6000,4040.0000,4039.6000,4039.2000,4039.0000,4041.8000,4042.0000,4042.2000,4042.4000,4042.6000,1,1,4,3,44,1,1,4,2,3
SF,IF2006,2020-02-19 14:31:02.400,4041.6000,24283,0,8129807040.000,0,-,-,-,-,4040.6000,4040.0000,4039.6000,4039.2000,4039.0000,4042.0000,4042.2000,4042.4000,4042.6000,4042.8000,1,1,4,3,44,1,2,2,3,1
SF,IF2006,2020-02-19 14:31:02.900,4041.6000,24283,0,8129807040.000,0,-,-,-,-,4040.6000,4040.0000,4039.6000,4039.2000,4039.0000,4042.0000,4042.2000,4042.4000,4042.6000,4042.8000,1,1,4,3,44,1,2,2,2,1
SF,IF2006,2020-02-19 14:31:04.400,4041.6000,24283,0,8129807040.000,0,-,-,-,-,4040.8000,4040.6000,4040.0000,4039.6000,4039.2000,4042.0000,4042.2000,4042.4000,4042.6000,4042.8000,1,1,1,4,3,1,2,2,2,1
SF,IF2006,2020-02-19 14:31:05.900,4041.6000,24283,0,8129807040.000,0,-,-,-,-,4040.8000,4040.6000,4040.0000,4039.6000,4039.2000,4042.0000,4042.2000,4042.4000,4042.6000,4042.8000,1,1,1,3,3,1,2,1,2,1
SF,IF2006,2020-02-19 14:31:06.400,4041.6000,24283,0,8129807040.000,0,-,-,-,-,4040.8000,4040.6000,4040.0000,4039.6000,4039.2000,4042.0000,4042.2000,4042.4000,4042.6000,4042.8000,1,1,1,3,3,1,2,1,2,1
SF,IF2006,2020-02-19 14:31:06.900,4041.6000,24283,0,8129807040.000,0,-,-,-,-,4040.8000,4040.6000,4040.0000,4039.6000,4039.2000,4042.0000,4042.2000,4042.4000,4042.6000,4042.8000,1,1,1,3,3,1,2,1,2,1
SF,IF2006,2020-02-19 14:31:07.400,4041.6000,24283,0,8129807040.000,0,-,-,-,-,4040.8000,4040.6000,4040.0000,4039.6000,4039.2000,4042.0000,4042.2000,4042.4000,4042.6000,4042.8000,1,1,1,3,3,1,2,1,2,1
SF,IF2006,2020-02-19 14:31:07.900,4042.0000,24285,2,8132232180.000,2,2,0,双开,B,4040.6000,4040.0000,4039.6000,4039.2000,4039.0000,4042.2000,4042.4000,4042.6000,4042.8000,4043.0000,1,1,3,3,44,2,1,2,1,2
SF,IF2006,2020-02-19 14:31:09.400,4042.0000,24285,0,8132232180.000,0,-,-,-,-,4040.6000,4040.0000,4039.6000,4039.2000,4039.0000,4042.2000,4042.4000,4042.6000,4042.8000,4043.0000,1,1,3,3,44,2,1,2,1,2
SF,IF2006,2020-02-19 14:31:11.400,4042.0000,24285,0,8132232180.000,0,-,-,-,-,4040.6000,4040.0000,4039.6000,4039.2000,4039.0000,4042.0000,4042.2000,4042.4000,4042.6000,4042.8000,1,1,3,3,44,1,2,1,2,1
SF,IF2006,2020-02-19 14:31:13.400,4042.0000,24285,0,8132232180.000,0,-,-,-,-,4040.6000,4040.0000,4039.6000,4039.2000,4039.0000,4042.0000,4042.2000,4042.4000,4042.6000,4042.8000,1,1,3,3,44,2,2,1,2,1
SF,IF2006,2020-02-19 14:31:13.900,4042.0000,24285,0,8132232180.000,0,-,-,-,-,4040.6000,4040.0000,4039.6000,4039.2000,4039.0000,4041.8000,4042.0000,4042.4000,4042.6000,4042.8000,1,1,3,3,44,2,2,1,2,1
SF,IF2006,2020-02-19 14:31:15.400,4042.0000,24285,0,8132232180.000,0,-,-,-,-,4040.6000,4040.0000,4039.6000,4039.2000,4039.0000,4041.8000,4042.0000,4042.4000,4042.6000,4042.8000,1,1,3,3,44,2,1,1,2,1
SF,IF2006,2020-02-19 14:31:15.900,4042.0000,24285,0,8132232180.000,0,-,-,-,-,4040.6000,4040.0000,4039.6000,4039.2000,4039.0000,4041.6000,4041.8000,4042.0000,4042.4000,4042.6000,1,1,3,3,44,1,2,1,1,2
SF,IF2006,2020-02-19 14:31:17.400,4041.6000,24285,0,8133444660.000,1,0,1,空换,B,4040.6000,4040.0000,4039.6000,4039.2000,4039.0000,4041.8000,4042.0000,4042.4000,4042.6000,4042.8000,1,1,3,3,44,2,1,1,2,1
SF,IF2006,2020-02-19 14:31:17.900,4041.6000,24285,0,8133444660.000,0,-,-,-,-,4040.8000,4040.6000,4040.0000,4039.6000,4039.2000,4041.8000,4042.0000,4042.4000,4042.6000,4042.8000,1,1,1,3,3,2,1,1,2,1
SF,IF2006,2020-02-19 14:31:18.400,4041.6000,24285,0,8133444660.000,0,-,-,-,-,4040.8000,4040.6000,4040.0000,4039.6000,4039.2000,4041.8000,4042.0000,4042.4000,4042.6000,4042.8000,1,1,1,3,3,2,2,1,2,1
SF,IF2006,2020-02-19 14:31:18.900,4041.6000,24285,0,8133444660.000,0,-,-,-,-,4040.8000,4040.6000,4040.0000,4039.6000,4039.2000,4041.8000,4042.0000,4042.4000,4042.6000,4042.8000,1,1,1,3,3,2,1,1,2,1
SF,IF2006,2020-02-19 14:31:19.400,4041.6000,24285,0,8133444660.000,0,-,-,-,-,4040.8000,4040.6000,4040.0000,4039.6000,4039.2000,4042.0000,4042.4000,4042.6000,4042.8000,4043.0000,1,1,1,3,3,1,1,2,1,2
SF,IF2006,2020-02-19 14:31:19.900,4041.6000,24285,0,8133444660.000,0,-,-,-,-,4040.8000,4040.6000,4040.0000,4039.6000,4039.2000,4041.8000,4042.0000,4042.4000,4042.6000,4042.8000,1,1,1,3,3,2,1,1,2,1
SF,IF2006,2020-02-19 14:31:20.400,4041.6000,24285,0,8133444660.000,0,-,-,-,-,4040.8000,4040.6000,4040.0000,4039.6000,4039.2000,4041.8000,4042.0000,4042.4000,4042.6000,4042.8000,1,1,1,3,3,2,1,1,2,1
SF,IF2006,2020-02-19 14:31:20.900,4040.8000,24284,-1,8134656900.000,1,0,1,双平,B,4040.6000,4040.0000,4039.6000,4039.2000,4039.0000,4041.6000,4041.8000,4042.0000,4042.4000,4042.6000,1,1,3,3,44,1,2,1,1,2
SF,IF2006,2020-02-19 14:31:21.900,4040.6000,24283,-1,8135869080.000,1,0,1,双平,B,4040.0000,4039.6000,4039.2000,4039.0000,4038.2000,4041.6000,4041.8000,4042.0000,4042.4000,4042.6000,1,3,3,44,1,1,2,1,1,2
SF,IF2006,2020-02-19 14:31:22.400,4040.6000,24283,0,8135869080.000,0,-,-,-,-,4040.0000,4039.6000,4039.2000,4039.0000,4038.2000,4040.8000,4041.6000,4041.8000,4042.0000,4042.4000,1,3,3,44,1,1,2,3,1,1
SF,IF2006,2020-02-19 14:31:22.900,4040.6000,24283,0,8135869080.000,0,-,-,-,-,4040.0000,4039.6000,4039.2000,4039.0000,4038.2000,4040.8000,4041.6000,4041.8000,4042.0000,4042.4000,1,3,3,44,1,1,2,2,1,1
SF,IF2006,2020-02-19 14:31:23.400,4040.6000,24283,0,8135869080.000,0,-,-,-,-,4040.0000,4039.6000,4039.2000,4039.0000,4038.2000,4040.8000,4041.6000,4041.8000,4042.0000,4042.4000,1,3,3,44,1,2,1,2,2,1
SF,IF2006,2020-02-19 14:31:27.900,4040.6000,24283,0,8135869080.000,0,-,-,-,-,4040.0000,4039.6000,4039.2000,4039.0000,4038.2000,4040.8000,4041.6000,4041.8000,4042.0000,4042.4000,1,3,3,44,1,2,1,2,2,1
SF,IF2006,2020-02-19 14:31:28.400,4040.8000,24282,-1,8137081320.000,1,0,1,双平,B,4040.0000,4039.6000,4039.2000,4039.0000,4038.2000,4040.8000,4041.6000,4041.8000,4042.0000,4042.4000,1,3,3,44,1,1,1,2,2,1
SF,IF2006,2020-02-19 14:31:28.900,4040.8000,24282,0,8137081320.000,0,-,-,-,-,4040.0000,4039.6000,4039.2000,4039.0000,4038.2000,4040.8000,4041.6000,4041.8000,4042.0000,4042.4000,1,3,3,44,1,1,1,2,2,1
SF,IF2006,2020-02-19 14:31:29.400,4040.8000,24282,0,8137081320.000,0,-,-,-,-,4040.0000,4039.6000,4039.2000,4039.0000,4038.2000,4040.8000,4041.6000,4041.8000,4042.0000,4042.4000,1,3,3,44,1,1,2,2,2,1
SF,IF2006,2020-02-19 14:31:29.900,4040.0000,24283,1,8138293320.000,1,1,0,双开,B,4039.6000,4039.2000,4039.0000,4038.2000,4037.8000,4040.8000,4041.6000,4041.8000,4042.0000,4042.4000,3,3,44,1,1,1,2,2,2,1
SF,IF2006,2020-02-19 14:31:31.400,4040.0000,24283,0,8138293320.000,0,-,-,-,-,4039.8000,4039.6000,4039.2000,4039.0000,4038.2000,4040.8000,4041.6000,4041.8000,4042.0000,4042.4000,1,3,3,44,1,1,2,2,2,1
SF,IF2006,2020-02-19 14:31:31.900,4040.0000,24283,0,8138293320.000,0,-,-,-,-,4039.8000,4039.6000,4039.2000,4039.0000,4038.2000,4040.8000,4041.6000,4041.8000,4042.0000,4042.4000,2,3,3,44,1,1,2,2,2,1
SF,IF2006,2020-02-19 14:31:32.900,4040.0000,24283,0,8138293320.000,0,-,-,-,-,4039.6000,4039.2000,4039.0000,4038.2000,4037.8000,4040.8000,4041.6000,4041.8000,4042.0000,4042.4000,3,3,44,1,1,1,2,2,2,1
SF,IF2006,2020-02-19 14:31:33.400,4040.0000,24283,0,8138293320.000,0,-,-,-,-,4039.6000,4039.2000,4039.0000,4038.2000,4037.8000,4040.8000,4041.6000,4041.8000,4042.0000,4042.4000,3,3,44,1,1,1,2,2,2,1
SF,IF2006,2020-02-19 14:31:34.400,4040.0000,24283,0,8138293320.000,0,-,-,-,-,4039.8000,4039.6000,4039.2000,4039.0000,4038.2000,4040.8000,4041.6000,4041.8000,4042.0000,4042.4000,1,3,3,44,1,1,2,2,2,1
SF,IF2006,2020-02-19 14:31:35.400,4040.0000,24283,0,8138293320.000,0,-,-,-,-,4040.0000,4039.8000,4039.6000,4039.2000,4039.0000,4040.8000,4041.6000,4041.8000,4042.0000,4042.4000,1,1,3,3,44,1,2,2,2,1
SF,IF2006,2020-02-19 14:31:35.900,4040.0000,24283,0,8138293320.000,0,-,-,-,-,4040.0000,4039.8000,4039.6000,4039.2000,4039.0000,4040.8000,4041.6000,4041.8000,4042.0000,4042.4000,1,1,3,3,44,1,2,1,2,1
SF,IF2006,2020-02-19 14:31:36.400,4040.0000,24283,0,8138293320.000,0,-,-,-,-,4040.0000,4039.6000,4039.2000,4039.0000,4038.2000,4040.8000,4041.6000,4041.8000,4042.0000,4042.4000,2,3,3,44,1,1,2,1,2,1
SF,IF2006,2020-02-19 14:31:36.900,4040.8000,24283,0,8139505560.000,1,0,1,空换,B,4040.2000,4040.0000,4039.6000,4039.2000,4039.0000,4041.6000,4041.8000,4042.0000,4042.4000,4042.6000,1,1,3,3,44,2,1,2,1,2
SF,IF2006,2020-02-19 14:31:37.900,4040.8000,24283,0,8139505560.000,0,-,-,-,-,4040.2000,4040.0000,4039.6000,4039.2000,4039.0000,4041.4000,4041.6000,4041.8000,4042.0000,4042.4000,1,1,3,3,44,6,2,1,2,1
SF,IF2006,2020-02-19 14:31:38.400,4040.8000,24283,0,8139505560.000,0,-,-,-,-,4040.2000,4040.0000,4039.6000,4039.2000,4039.0000,4041.4000,4041.6000,4041.8000,4042.0000,4042.4000,1,1,3,3,44,6,3,1,2,1
SF,IF2006,2020-02-19 14:31:38.900,4041.2000,24283,0,8140717920.000,1,0,1,空换,B,4040.4000,4040.2000,4039.6000,4039.2000,4039.0000,4041.2000,4041.4000,4041.6000,4041.8000,4042.0000,1,1,3,3,44,7,6,3,1,2
SF,IF2006,2020-02-19 14:31:39.400,4041.2000,24283,0,8140717920.000,0,-,-,-,-,4040.4000,4040.2000,4039.6000,4039.2000,4039.0000,4041.2000,4041.4000,4041.6000,4041.8000,4042.0000,1,1,3,3,44,2,6,3,1,2
SF,IF2006,2020-02-19 14:31:39.900,4041.2000,24283,0,8140717920.000,0,-,-,-,-,4040.4000,4040.2000,4039.6000,4039.2000,4039.0000,4041.2000,4041.6000,4041.8000,4042.0000,4042.4000,1,1,3,3,44,1,2,1,2,1
SF,IF2006,2020-02-19 14:31:40.400,4041.2000,24283,0,8140717920.000,0,-,-,-,-,4040.4000,4040.2000,4039.6000,4039.2000,4039.0000,4041.6000,4041.8000,4042.0000,4042.4000,4042.6000,1,1,3,3,44,2,1,2,1,2
SF,IF2006,2020-02-19 14:31:41.400,4041.2000,24283,0,8140717920.000,0,-,-,-,-,4040.4000,4040.2000,4039.6000,4039.2000,4039.0000,4041.4000,4041.6000,4041.8000,4042.0000,4042.4000,1,1,3,3,44,1,2,1,2,1
SF,IF2006,2020-02-19 14:31:42.900,4041.2000,24283,0,8140717920.000,0,-,-,-,-,4040.4000,4040.2000,4039.6000,4039.2000,4039.0000,4041.4000,4041.6000,4041.8000,4042.0000,4042.4000,1,1,3,3,44,1,1,1,2,1
SF,IF2006,2020-02-19 14:31:43.400,4041.2000,24283,0,8140717920.000,0,-,-,-,-,4040.2000,4039.6000,4039.2000,4039.0000,4038.2000,4041.4000,4041.6000,4041.8000,4042.0000,4042.4000,1,3,3,44,1,1,1,1,2,1
SF,IF2006,2020-02-19 14:31:44.900,4041.2000,24283,0,8140717920.000,0,-,-,-,-,4040.2000,4039.6000,4039.2000,4039.0000,4038.2000,4041.4000,4041.6000,4041.8000,4042.0000,4042.4000,1,3,3,44,1,1,1,1,2,1
SF,IF2006,2020-02-19 14:31:45.900,4041.2000,24283,0,8140717920.000,0,-,-,-,-,4040.6000,4040.2000,4039.6000,4039.2000,4039.0000,4041.4000,4041.6000,4042.0000,4042.4000,4042.6000,4,1,3,3,44,1,1,2,1,2
SF,IF2006,2020-02-19 14:31:46.400,4041.2000,24283,0,8140717920.000,0,-,-,-,-,4040.6000,4040.2000,4039.6000,4039.2000,4039.0000,4041.6000,4042.0000,4042.4000,4042.6000,4042.8000,4,1,3,3,44,1,2,1,2,1
SF,IF2006,2020-02-19 14:31:46.900,4041.2000,24283,0,8140717920.000,0,-,-,-,-,4040.6000,4040.2000,4039.6000,4039.2000,4039.0000,4040.8000,4041.6000,4042.0000,4042.4000,4042.6000,4,1,3,3,44,1,1,2,1,2
SF,IF2006,2020-02-19 14:31:47.400,4040.8000,24282,-1,8141930160.000,1,0,1,双平,B,4040.6000,4040.2000,4039.6000,4039.2000,4039.0000,4041.6000,4042.0000,4042.4000,4042.6000,4042.8000,4,1,3,3,44,1,2,1,2,1
SF,IF2006,2020-02-19 14:31:48.900,4040.8000,24282,0,8141930160.000,0,-,-,-,-,4040.6000,4039.6000,4039.2000,4039.0000,4038.2000,4041.6000,4042.0000,4042.4000,4042.6000,4042.8000,4,3,3,44,1,1,2,1,2,1
SF,IF2006,2020-02-19 14:31:50.400,4040.8000,24282,0,8141930160.000,0,-,-,-,-,4040.8000,4040.6000,4039.6000,4039.2000,4039.0000,4041.6000,4042.0000,4042.4000,4042.6000,4042.8000,1,4,3,3,44,1,3,1,2,1
SF,IF2006,2020-02-19 14:31:50.900,4040.8000,24282,0,8141930160.000,0,-,-,-,-,4040.8000,4040.6000,4039.6000,4039.2000,4039.0000,4041.6000,4042.0000,4042.4000,4042.6000,4042.8000,1,4,3,3,44,1,3,1,2,1
SF,IF2006,2020-02-19 14:31:51.400,4040.8000,24282,0,8141930160.000,0,-,-,-,-,4040.8000,4040.6000,4039.6000,4039.2000,4039.0000,4041.6000,4041.8000,4042.0000,4042.4000,4042.6000,1,4,3,3,44,1,1,3,1,2
SF,IF2006,2020-02-19 14:31:51.900,4040.8000,24282,0,8141930160.000,0,-,-,-,-,4040.8000,4040.6000,4039.6000,4039.2000,4039.0000,4041.4000,4041.6000,4041.8000,4042.0000,4042.4000,1,4,3,3,44,6,1,1,3,1
SF,IF2006,2020-02-19 14:31:52.400,4040.8000,24282,0,8141930160.000,0,-,-,-,-,4040.8000,4040.6000,4039.6000,4039.2000,4039.0000,4041.2000,4041.6000,4042.0000,4042.4000,4042.6000,1,4,3,3,44,1,1,3,1,2
SF,IF2006,2020-02-19 14:31:54.900,4040.8000,24282,0,8141930160.000,0,-,-,-,-,4040.8000,4040.6000,4039.6000,4039.2000,4039.0000,4041.6000,4042.0000,4042.4000,4042.6000,4042.8000,1,4,3,3,44,1,3,1,2,1
SF,IF2006,2020-02-19 14:31:56.900,4040.8000,24281,-1,8143142400.000,1,0,1,双平,B,4040.6000,4039.6000,4039.2000,4039.0000,4038.2000,4041.6000,4042.0000,4042.4000,4042.6000,4042.8000,4,3,3,44,1,1,3,1,2,1
SF,IF2006,2020-02-19 14:31:57.400,4040.6000,24281,0,8144354580.000,1,0,1,空换,B,4040.6000,4039.6000,4039.2000,4039.0000,4038.2000,4041.6000,4042.0000,4042.4000,4042.6000,4042.8000,3,3,3,44,1,1,3,1,2,1
SF,IF2006,2020-02-19 14:31:58.900,4040.6000,24281,0,8144354580.000,0,-,-,-,-,4040.6000,4039.6000,4039.2000,4039.0000,4038.2000,4041.6000,4041.8000,4042.0000,4042.4000,4042.6000,3,3,3,44,1,1,1,3,1,2
SF,IF2006,2020-02-19 14:31:59.400,4040.6000,24281,0,8144354580.000,0,-,-,-,-,4040.6000,4039.6000,4039.2000,4039.0000,4038.2000,4041.6000,4042.0000,4042.4000,4042.6000,4042.8000,3,3,3,44,1,1,3,1,2,1
SF,IF2006,2020-02-19 14:31:59.900,4040.6000,24281,0,8144354580.000,0,-,-,-,-,4040.8000,4040.6000,4039.6000,4039.2000,4039.0000,4041.6000,4041.8000,4042.0000,4042.4000,4042.6000,2,3,3,3,44,1,1,3,1,2
SF,IF2006,2020-02-19 14:32:00.900,4040.6000,24281,0,8144354580.000,0,-,-,-,-,4040.8000,4040.6000,4039.6000,4039.2000,4039.0000,4041.6000,4042.0000,4042.4000,4042.6000,4042.8000,2,3,3,3,44,1,3,1,2,1
SF,IF2006,2020-02-19 14:32:01.400,4040.6000,24281,0,8144354580.000,0,-,-,-,-,4040.8000,4040.6000,4039.6000,4039.2000,4039.0000,4041.4000,4041.6000,4041.8000,4042.0000,4042.4000,2,3,3,3,44,1,1,1,3,1
SF,IF2006,2020-02-19 14:32:01.900,4040.6000,24281,0,8144354580.000,0,-,-,-,-,4040.8000,4040.6000,4039.6000,4039.2000,4039.0000,4041.4000,4041.6000,4042.0000,4042.4000,4042.6000,2,3,3,3,44,1,1,3,1,2
SF,IF2006,2020-02-19 14:32:02.400,4040.6000,24281,0,8144354580.000,0,-,-,-,-,4040.8000,4040.6000,4039.6000,4039.2000,4039.0000,4041.4000,4041.6000,4042.0000,4042.4000,4042.6000,2,3,3,3,44,1,1,3,1,2
SF,IF2006,2020-02-19 14:32:07.900,4040.6000,24281,0,8144354580.000,0,-,-,-,-,4040.8000,4040.6000,4039.6000,4039.2000,4039.0000,4041.4000,4041.6000,4042.0000,4042.4000,4042.6000,2,3,3,3,44,1,1,3,1,2
SF,IF2006,2020-02-19 14:32:09.400,4040.8000,24282,1,8145566820.000,1,1,0,双开,B,4040.8000,4040.6000,4039.6000,4039.2000,4039.0000,4041.4000,4041.6000,4042.0000,4042.4000,4042.6000,1,3,3,3,44,1,1,3,1,2
SF,IF2006,2020-02-19 14:32:12.400,4040.8000,24282,0,8146779060.000,1,0,1,空换,B,4040.6000,4039.6000,4039.2000,4039.0000,4038.2000,4041.4000,4041.6000,4042.0000,4042.4000,4042.6000,3,3,3,44,1,1,1,3,1,2
SF,IF2006,2020-02-19 14:32:13.900,4040.8000,24282,0,8146779060.000,0,-,-,-,-,4040.6000,4039.6000,4039.2000,4039.0000,4038.2000,4041.4000,4041.6000,4042.0000,4042.4000,4042.6000,3,3,3,44,1,1,1,3,1,2
SF,IF2006,2020-02-19 14:32:15.900,4040.6000,24282,0,8147991240.000,1,0,1,空换,B,4040.6000,4039.6000,4039.2000,4039.0000,4038.2000,4041.2000,4041.4000,4041.6000,4042.0000,4042.4000,2,3,3,44,1,1,1,1,3,1
SF,IF2006,2020-02-19 14:32:17.400,4040.6000,24282,0,8147991240.000,0,-,-,-,-,4040.6000,4039.6000,4039.2000,4039.0000,4038.2000,4041.2000,4041.4000,4041.6000,4042.0000,4042.4000,2,3,3,44,1,1,1,1,3,1
SF,IF2006,2020-02-19 14:32:17.900,4040.6000,24282,0,8147991240.000,0,-,-,-,-,4040.6000,4039.6000,4039.2000,4039.0000,4038.2000,4041.0000,4041.2000,4041.4000,4041.6000,4042.0000,2,3,3,44,1,1,1,1,1,3
SF,IF2006,2020-02-19 14:32:18.400,4040.6000,24282,0,8150415600.000,2,1,1,空换,B,4039.6000,4039.2000,4039.0000,4038.2000,4037.8000,4040.6000,4041.0000,4041.2000,4041.4000,4041.6000,3,2,44,1,1,1,1,1,1,1
SF,IF2006,2020-02-19 14:32:19.900,4040.6000,24282,0,8150415600.000,0,-,-,-,-,4039.6000,4039.2000,4039.0000,4038.2000,4037.8000,4041.0000,4041.2000,4041.4000,4041.6000,4042.0000,3,2,44,1,1,1,1,1,1,3
SF,IF2006,2020-02-19 14:32:20.400,4040.6000,24282,0,8150415600.000,0,-,-,-,-,4039.6000,4039.2000,4039.0000,4038.2000,4037.8000,4041.0000,4041.2000,4041.4000,4041.6000,4042.0000,3,2,44,1,1,1,1,1,1,3
SF,IF2006,2020-02-19 14:32:22.400,4040.6000,24282,0,8150415600.000,0,-,-,-,-,4039.8000,4039.6000,4039.2000,4039.0000,4038.2000,4041.0000,4041.2000,4041.4000,4041.6000,4042.0000,1,3,2,44,1,1,1,1,1,3
SF,IF2006,2020-02-19 14:32:22.900,4039.6000,24284,2,8154051300.000,3,2,1,多开,B,4039.6000,4039.2000,4039.0000,4038.2000,4037.8000,4039.8000,4040.8000,4041.2000,4041.4000,4041.6000,1,2,44,1,1,1,8,1,1,1
SF,IF2006,2020-02-19 14:32:23.400,4039.6000,24284,0,8156475060.000,2,1,1,空换,B,4039.2000,4039.0000,4038.2000,4037.8000,4037.2000,4039.6000,4039.8000,4041.2000,4041.4000,4041.6000,2,44,1,1,1,1,1,1,1,1
SF,IF2006,2020-02-19 14:32:23.900,4039.6000,24284,0,8156475060.000,0,-,-,-,-,4039.2000,4039.0000,4038.2000,4037.8000,4037.2000,4041.2000,4041.4000,4041.6000,4042.0000,4042.4000,2,44,1,1,1,1,1,1,3,1
SF,IF2006,2020-02-19 14:32:24.400,4039.6000,24284,0,8156475060.000,0,-,-,-,-,4039.2000,4039.0000,4038.2000,4037.8000,4037.2000,4040.8000,4041.0000,4041.2000,4041.4000,4041.6000,2,44,1,1,1,7,5,1,1,1
SF,IF2006,2020-02-19 14:32:24.900,4039.6000,24284,0,8156475060.000,0,-,-,-,-,4039.2000,4039.0000,4038.2000,4037.8000,4037.2000,4040.4000,4040.6000,4040.8000,4041.0000,4041.2000,2,44,1,1,1,1,2,1,3,1
SF,IF2006,2020-02-19 14:32:25.400,4039.6000,24284,0,8156475060.000,0,-,-,-,-,4039.2000,4039.0000,4038.2000,4037.8000,4037.2000,4040.4000,4040.6000,4040.8000,4041.0000,4041.2000,2,44,1,1,1,1,2,1,2,1
SF,IF2006,2020-02-19 14:32:27.400,4039.2000,24284,0,8157686820.000,1,0,1,空换,B,4039.2000,4039.0000,4038.2000,4037.8000,4037.2000,4040.4000,4040.6000,4040.8000,4041.0000,4041.2000,1,44,1,1,1,1,2,1,2,1
SF,IF2006,2020-02-19 14:32:27.900,4039.2000,24283,-1,8158898580.000,1,0,1,双平,B,4039.0000,4038.2000,4037.8000,4037.2000,4036.8000,4040.2000,4040.4000,4041.0000,4041.2000,4041.4000,44,1,1,1,3,3,1,2,1,1
SF,IF2006,2020-02-19 14:32:28.400,4039.2000,24283,0,8158898580.000,0,-,-,-,-,4039.0000,4038.2000,4037.8000,4037.2000,4036.8000,4040.0000,4040.2000,4040.4000,4041.0000,4041.2000,44,1,1,1,3,1,3,1,2,1
SF,IF2006,2020-02-19 14:32:28.900,4039.2000,24283,0,8158898580.000,0,-,-,-,-,4039.0000,4038.2000,4037.8000,4037.2000,4036.8000,4039.8000,4040.0000,4040.2000,4041.0000,4041.2000,44,1,1,1,3,1,2,3,2,1
SF,IF2006,2020-02-19 14:32:29.400,4039.2000,24283,0,8158898580.000,0,-,-,-,-,4039.0000,4038.2000,4037.8000,4037.2000,4036.8000,4039.8000,4040.0000,4040.2000,4041.0000,4041.2000,44,1,1,1,3,2,1,3,2,1
SF,IF2006,2020-02-19 14:32:34.400,4039.2000,24283,0,8158898580.000,0,-,-,-,-,4039.0000,4038.8000,4038.2000,4037.8000,4037.2000,4039.8000,4040.0000,4040.2000,4041.0000,4041.2000,44,1,1,1,1,2,1,3,2,1
SF,IF2006,2020-02-19 14:32:34.900,4039.2000,24283,0,8158898580.000,0,-,-,-,-,4039.2000,4039.0000,4038.8000,4038.2000,4037.8000,4039.8000,4040.0000,4040.2000,4041.0000,4041.2000,1,44,1,1,1,2,1,3,2,1
SF,IF2006,2020-02-19 14:32:35.400,4039.2000,24283,0,8158898580.000,0,-,-,-,-,4039.2000,4039.0000,4038.8000,4038.2000,4037.8000,4039.8000,4040.2000,4041.0000,4041.2000,4041.4000,1,44,1,1,1,2,3,2,1,1
SF,IF2006,2020-02-19 14:32:35.900,4039.2000,24283,0,8158898580.000,0,-,-,-,-,4039.2000,4039.0000,4038.8000,4038.2000,4037.8000,4039.8000,4040.2000,4041.0000,4041.2000,4041.4000,1,44,1,1,1,1,3,2,1,1
SF,IF2006,2020-02-19 14:32:37.900,4039.2000,24283,0,8158898580.000,0,-,-,-,-,4039.0000,4038.8000,4038.2000,4037.8000,4037.2000,4039.8000,4040.2000,4041.0000,4041.2000,4041.4000,44,1,1,1,1,1,3,2,1,1
SF,IF2006,2020-02-19 14:32:38.400,4039.2000,24283,0,8158898580.000,0,-,-,-,-,4039.0000,4038.8000,4038.2000,4037.8000,4037.2000,4039.8000,4040.2000,4041.0000,4041.2000,4041.4000,44,1,1,1,1,2,3,2,1,1
SF,IF2006,2020-02-19 14:32:39.400,4039.0000,24284,1,8160110280.000,1,1,0,双开,B,4039.0000,4038.8000,4038.2000,4037.8000,4037.2000,4039.8000,4040.2000,4041.0000,4041.2000,4041.4000,43,1,1,1,1,2,3,2,1,1
SF,IF2006,2020-02-19 14:32:40.400,4039.0000,24284,0,8161321980.000,1,0,1,空换,B,4039.0000,4038.8000,4038.2000,4037.8000,4037.2000,4039.8000,4040.2000,4041.0000,4041.2000,4041.4000,42,1,1,1,1,2,3,2,1,1
SF,IF2006,2020-02-19 14:32:42.400,4039.0000,24284,0,8161321980.000,0,-,-,-,-,4039.2000,4039.0000,4038.8000,4038.2000,4037.8000,4039.8000,4040.2000,4041.0000,4041.2000,4041.4000,1,42,1,1,1,1,3,2,1,1
SF,IF2006,2020-02-19 14:32:43.900,4039.0000,24284,0,8161321980.000,0,-,-,-,-,4039.2000,4039.0000,4038.8000,4038.2000,4037.2000,4039.8000,4040.2000,4041.0000,4041.2000,4041.4000,1,42,1,1,1,1,3,2,1,1
SF,IF2006,2020-02-19 14:32:44.900,4039.0000,24284,0,8161321980.000,0,-,-,-,-,4039.2000,4039.0000,4038.8000,4038.2000,4037.2000,4040.2000,4041.0000,4041.2000,4041.4000,4041.6000,1,42,1,1,1,3,2,1,1,1
SF,IF2006,2020-02-19 14:32:45.400,4039.0000,24284,0,8161321980.000,0,-,-,-,-,4039.4000,4039.2000,4039.0000,4038.8000,4038.2000,4040.2000,4041.0000,4041.2000,4041.4000,4041.6000,1,1,42,1,1,3,2,1,1,1
SF,IF2006,2020-02-19 14:32:46.400,4039.0000,24284,0,8161321980.000,0,-,-,-,-,4039.4000,4039.2000,4039.0000,4038.8000,4038.2000,4040.2000,4040.4000,4041.0000,4041.2000,4041.4000,1,2,42,1,1,3,1,2,1,1
SF,IF2006,2020-02-19 14:32:49.400,4039.0000,24284,0,8161321980.000,0,-,-,-,-,4039.2000,4039.0000,4038.8000,4038.2000,4037.2000,4040.2000,4040.4000,4041.0000,4041.2000,4041.4000,2,42,1,1,1,3,1,2,1,1
SF,IF2006,2020-02-19 14:32:49.900,4039.0000,24283,-1,8162533680.000,1,0,1,双平,B,4039.2000,4039.0000,4038.8000,4038.2000,4037.2000,4040.0000,4040.2000,4040.4000,4041.0000,4041.2000,1,42,1,1,1,1,3,2,2,1
SF,IF2006,2020-02-19 14:32:50.400,4039.0000,24283,0,8162533680.000,0,-,-,-,-,4039.2000,4039.0000,4038.8000,4038.2000,4037.2000,4040.0000,4040.2000,4040.4000,4041.0000,4041.2000,1,42,1,1,1,1,4,2,2,1
SF,IF2006,2020-02-19 14:32:52.400,4039.0000,24283,0,8162533680.000,0,-,-,-,-,4039.2000,4039.0000,4038.8000,4038.2000,4037.2000,4039.8000,4040.0000,4040.2000,4040.4000,4041.0000,1,42,1,1,1,6,1,4,2,2
SF,IF2006,2020-02-19 14:32:52.900,4039.0000,24283,0,8162533680.000,0,-,-,-,-,4039.4000,4039.2000,4039.0000,4038.8000,4038.2000,4040.2000,4041.0000,4041.2000,4041.4000,4041.6000,1,1,42,1,1,4,2,1,1,1
SF,IF2006,2020-02-19 14:32:53.400,4039.0000,24283,0,8162533680.000,0,-,-,-,-,4039.4000,4039.2000,4039.0000,4038.8000,4038.2000,4039.8000,4040.0000,4040.2000,4040.4000,4041.0000,1,1,42,1,1,5,2,5,2,2
SF,IF2006,2020-02-19 14:32:53.900,4039.0000,24283,0,8162533680.000,0,-,-,-,-,4039.4000,4039.2000,4039.0000,4038.8000,4038.2000,4040.2000,4041.0000,4041.2000,4041.4000,4041.6000,1,1,42,1,1,4,2,1,1,1
SF,IF2006,2020-02-19 14:32:54.900,4039.0000,24283,0,8162533680.000,0,-,-,-,-,4039.4000,4039.2000,4039.0000,4038.8000,4038.2000,4040.0000,4040.2000,4040.4000,4041.0000,4041.2000,1,1,42,1,1,6,4,2,2,1
SF,IF2006,2020-02-19 14:32:55.400,4039.0000,24283,0,8162533680.000,0,-,-,-,-,4039.4000,4039.2000,4039.0000,4038.8000,4038.2000,4040.0000,4040.2000,4041.0000,4041.2000,4041.4000,1,1,42,1,1,1,4,2,1,1
SF,IF2006,2020-02-19 14:32:55.900,4039.0000,24283,0,8162533680.000,0,-,-,-,-,4039.4000,4039.2000,4039.0000,4038.8000,4038.2000,4040.0000,4040.2000,4041.0000,4041.2000,4041.4000,1,1,42,1,1,1,4,2,1,1
SF,IF2006,2020-02-19 14:32:59.900,4039.0000,24283,0,8162533680.000,0,-,-,-,-,4039.2000,4039.0000,4038.8000,4038.2000,4037.2000,4040.0000,4040.2000,4041.0000,4041.2000,4041.4000,1,42,1,1,1,1,4,2,1,1
SF,IF2006,2020-02-19 14:33:00.400,4039.0000,24283,0,8162533680.000,0,-,-,-,-,4039.2000,4039.0000,4038.8000,4038.2000,4037.2000,4039.4000,4040.0000,4040.2000,4041.0000,4041.2000,1,42,1,1,1,1,1,4,2,1
SF,IF2006,2020-02-19 14:33:00.900,4039.2000,24282,-1,8163745440.000,1,0,1,双平,B,4039.0000,4038.8000,4038.2000,4037.2000,4036.8000,4039.4000,4040.0000,4040.2000,4041.0000,4041.2000,42,1,1,1,3,1,1,4,2,1
SF,IF2006,2020-02-19 14:33:01.400,4039.4000,24282,0,8164957260.000,1,0,1,空换,B,4039.0000,4038.8000,4038.2000,4037.2000,4036.8000,4040.0000,4040.2000,4041.0000,4041.2000,4041.4000,42,1,1,1,3,1,4,2,1,1
SF,IF2006,2020-02-19 14:33:03.400,4039.0000,24283,1,8166168960.000,1,1,0,双开,B,4039.0000,4038.8000,4038.2000,4037.2000,4036.8000,4040.0000,4040.2000,4041.0000,4041.2000,4041.4000,41,1,1,1,3,1,4,2,1,1
SF,IF2006,2020-02-19 14:33:05.400,4039.0000,24283,0,8166168960.000,0,-,-,-,-,4039.0000,4038.8000,4038.2000,4037.2000,4036.8000,4039.8000,4040.0000,4040.2000,4041.0000,4041.2000,41,1,1,1,3,1,1,4,2,1
SF,IF2006,2020-02-19 14:33:06.400,4039.0000,24283,0,8166168960.000,0,-,-,-,-,4039.0000,4038.8000,4038.2000,4037.2000,4036.8000,4039.6000,4039.8000,4040.0000,4040.2000,4041.0000,41,1,1,1,3,1,1,1,4,2
SF,IF2006,2020-02-19 14:33:07.400,4039.0000,24283,0,8166168960.000,0,-,-,-,-,4039.2000,4039.0000,4038.8000,4038.2000,4037.2000,4039.8000,4040.0000,4040.2000,4041.0000,4041.2000,1,41,1,1,1,1,1,4,2,1
SF,IF2006,2020-02-19 14:33:07.900,4039.8000,24283,0,8167380900.000,1,0,1,空换,B,4039.8000,4039.2000,4039.0000,4038.8000,4038.2000,4040.0000,4040.2000,4041.0000,4041.2000,4041.4000,1,2,41,1,1,1,4,2,1,1
SF,IF2006,2020-02-19 14:33:08.400,4039.4000,24281,-2,8169804660.000,2,0,2,双平,B,4039.2000,4039.0000,4038.8000,4038.2000,4037.2000,4040.0000,4040.2000,4041.0000,4041.2000,4041.4000,2,41,1,1,1,1,4,2,1,1
SF,IF2006,2020-02-19 14:33:08.900,4039.4000,24281,0,8169804660.000,0,-,-,-,-,4039.4000,4039.2000,4039.0000,4038.8000,4038.2000,4040.0000,4040.2000,4041.0000,4041.2000,4041.4000,1,2,41,1,1,1,4,2,1,1
SF,IF2006,2020-02-19 14:33:09.400,4039.4000,24281,0,8169804660.000,0,-,-,-,-,4039.4000,4039.2000,4039.0000,4038.8000,4038.2000,4039.8000,4040.0000,4040.2000,4041.0000,4041.2000,1,2,41,1,1,1,1,4,2,1
SF,IF2006,2020-02-19 14:33:10.400,4040.0000,24281,0,8172228600.000,2,1,1,空换,B,4039.2000,4039.0000,4038.8000,4038.2000,4037.2000,4040.2000,4041.0000,4041.2000,4041.4000,4041.6000,2,41,1,1,1,4,2,1,1,1
SF,IF2006,2020-02-19 14:33:10.900,4039.4000,24282,1,8173440420.000,1,1,0,双开,B,4039.2000,4039.0000,4038.8000,4038.2000,4037.2000,4040.2000,4041.0000,4041.2000,4041.4000,4041.6000,2,41,1,1,1,3,2,1,1,1
SF,IF2006,2020-02-19 14:33:11.400,4039.4000,24282,0,8173440420.000,0,-,-,-,-,4039.4000,4039.2000,4039.0000,4038.8000,4038.2000,4040.2000,4041.0000,4041.2000,4041.4000,4041.6000,1,3,41,1,1,3,2,1,1,1
SF,IF2006,2020-02-19 14:33:12.400,4039.4000,24282,0,8173440420.000,0,-,-,-,-,4039.4000,4039.2000,4039.0000,4038.8000,4038.2000,4040.2000,4041.0000,4041.2000,4041.4000,4041.6000,2,2,41,1,1,3,2,1,1,1
SF,IF2006,2020-02-19 14:33:12.900,4039.4000,24282,0,8173440420.000,0,-,-,-,-,4039.4000,4039.2000,4039.0000,4038.8000,4038.2000,4040.2000,4041.0000,4041.2000,4041.4000,4041.6000,3,1,41,1,1,3,2,1,1,1
SF,IF2006,2020-02-19 14:33:13.400,4039.4000,24282,0,8173440420.000,0,-,-,-,-,4039.4000,4039.2000,4039.0000,4038.8000,4038.2000,4040.0000,4040.2000,4041.0000,4041.2000,4041.4000,3,1,41,1,1,1,3,2,1,1
SF,IF2006,2020-02-19 14:33:13.900,4039.4000,24282,0,8173440420.000,0,-,-,-,-,4039.4000,4039.2000,4039.0000,4038.8000,4038.2000,4040.2000,4041.0000,4041.2000,4041.4000,4041.6000,3,1,41,1,1,3,2,1,1,1
SF,IF2006,2020-02-19 14:33:14.400,4039.4000,24282,0,8173440420.000,0,-,-,-,-,4039.4000,4039.2000,4039.0000,4038.8000,4038.2000,4040.2000,4041.0000,4041.2000,4041.4000,4041.6000,4,1,41,1,1,3,2,1,1,1
SF,IF2006,2020-02-19 14:33:14.900,4039.4000,24282,0,8173440420.000,0,-,-,-,-,4039.6000,4039.4000,4039.0000,4038.8000,4038.2000,4040.2000,4041.0000,4041.2000,4041.4000,4041.6000,1,4,41,1,1,3,2,1,1,1
SF,IF2006,2020-02-19 14:33:15.900,4039.4000,24282,0,8173440420.000,0,-,-,-,-,4039.6000,4039.4000,4039.0000,4038.8000,4038.2000,4040.2000,4041.0000,4041.2000,4041.4000,4041.6000,1,3,41,1,1,3,2,1,1,1
SF,IF2006,2020-02-19 14:33:16.900,4040.2000,24283,1,8174652480.000,1,1,0,双开,B,4040.0000,4039.6000,4039.4000,4038.8000,4038.2000,4040.2000,4041.0000,4041.2000,4041.4000,4041.6000,41,1,3,1,1,2,2,1,1,1
SF,IF2006,2020-02-19 14:33:17.400,4040.2000,24283,0,8175864540.000,1,0,1,空换,B,4040.0000,4039.8000,4039.6000,4039.4000,4038.8000,4040.2000,4041.0000,4041.2000,4041.4000,4041.6000,41,1,1,2,1,1,2,1,1,1
SF,IF2006,2020-02-19 14:33:17.900,4040.2000,24283,0,8177076600.000,1,0,1,空换,B,4040.2000,4040.0000,4039.8000,4039.6000,4039.4000,4041.0000,4041.2000,4041.4000,4041.6000,4042.0000,1,41,1,1,1,2,1,1,1,2
SF,IF2006,2020-02-19 14:33:18.400,4040.2000,24283,0,8177076600.000,0,-,-,-,-,4040.2000,4040.0000,4039.8000,4039.4000,4038.8000,4040.6000,4040.8000,4041.0000,4041.2000,4041.4000,1,41,1,1,1,5,2,2,1,1
SF,IF2006,2020-02-19 14:33:18.900,4040.2000,24283,0,8177076600.000,0,-,-,-,-,4040.2000,4040.0000,4039.8000,4039.4000,4038.8000,4040.6000,4040.8000,4041.0000,4041.2000,4041.4000,1,41,1,1,1,5,3,2,1,1
SF,IF2006,2020-02-19 14:33:19.400,4040.2000,24283,0,8177076600.000,0,-,-,-,-,4040.2000,4040.0000,4039.8000,4039.4000,4038.8000,4040.4000,4040.6000,4040.8000,4041.0000,4041.2000,1,41,1,2,1,1,5,3,2,1
SF,IF2006,2020-02-19 14:33:19.900,4040.2000,24283,0,8178288660.000,1,0,1,空换,B,4040.0000,4039.8000,4039.4000,4038.8000,4038.2000,4040.4000,4040.6000,4040.8000,4041.0000,4041.2000,41,1,2,1,1,2,5,3,2,1
SF,IF2006,2020-02-19 14:33:20.400,4040.2000,24283,0,8178288660.000,0,-,-,-,-,4040.0000,4039.8000,4039.4000,4038.8000,4038.2000,4040.4000,4040.8000,4041.0000,4041.2000,4041.4000,41,1,2,1,1,1,2,2,1,1
SF,IF2006,2020-02-19 14:33:21.400,4040.4000,24283,0,8179500780.000,1,0,1,空换,B,4040.0000,4039.8000,4039.4000,4038.8000,4038.2000,4040.4000,4040.8000,4041.0000,4041.2000,4041.4000,41,1,2,1,1,1,2,2,1,1
SF,IF2006,2020-02-19 14:33:22.400,4040.4000,24283,0,8179500780.000,0,-,-,-,-,4040.0000,4039.8000,4039.4000,4038.8000,4038.2000,4040.4000,4040.8000,4041.0000,4041.2000,4041.4000,41,1,2,1,1,1,2,2,1,1
SF,IF2006,2020-02-19 14:33:23.900,4040.4000,24283,0,8179500780.000,0,-,-,-,-,4040.2000,4040.0000,4039.8000,4039.4000,4038.8000,4040.4000,4040.8000,4041.0000,4041.2000,4041.4000,1,41,1,2,1,1,2,2,1,1
SF,IF2006,2020-02-19 14:33:25.400,4040.4000,24283,0,8179500780.000,0,-,-,-,-,4040.2000,4040.0000,4039.8000,4039.4000,4038.2000,4040.4000,4040.8000,4041.0000,4041.2000,4041.4000,1,41,1,2,1,1,2,2,1,1
SF,IF2006,2020-02-19 14:33:27.400,4040.4000,24283,0,8179500780.000,0,-,-,-,-,4040.2000,4040.0000,4039.8000,4039.4000,4038.2000,4040.4000,4041.0000,4041.2000,4041.4000,4041.6000,1,41,1,2,1,1,2,1,1,1
SF,IF2006,2020-02-19 14:33:27.900,4040.4000,24283,0,8179500780.000,0,-,-,-,-,4040.2000,4040.0000,4039.8000,4039.4000,4038.2000,4040.4000,4041.0000,4041.2000,4041.6000,4042.0000,1,41,1,2,1,1,2,1,1,1
SF,IF2006,2020-02-19 14:33:28.400,4040.4000,24283,0,8180712900.000,1,0,1,空换,B,4040.2000,4040.0000,4039.4000,4038.2000,4037.2000,4041.0000,4041.2000,4041.6000,4042.0000,4042.4000,1,41,2,1,1,2,1,1,1,1
SF,IF2006,2020-02-19 14:33:28.900,4040.4000,24283,0,8180712900.000,0,-,-,-,-,4040.4000,4040.2000,4040.0000,4039.4000,4038.2000,4041.0000,4041.2000,4041.6000,4042.0000,4042.4000,1,1,41,2,1,2,1,1,1,1
SF,IF2006,2020-02-19 14:33:29.400,4040.4000,24283,0,8180712900.000,0,-,-,-,-,4040.4000,4040.2000,4040.0000,4039.4000,4038.2000,4041.0000,4041.2000,4041.6000,4042.0000,4042.4000,1,1,41,2,1,2,2,1,1,1
SF,IF2006,2020-02-19 14:33:30.400,4040.4000,24283,0,8180712900.000,0,-,-,-,-,4040.4000,4040.2000,4040.0000,4039.4000,4038.2000,4041.2000,4041.6000,4042.0000,4042.4000,4042.6000,1,1,41,2,1,1,1,1,1,2
SF,IF2006,2020-02-19 14:33:30.900,4040.4000,24283,0,8180712900.000,0,-,-,-,-,4040.4000,4040.2000,4040.0000,4039.4000,4038.2000,4041.2000,4041.4000,4041.6000,4042.0000,4042.4000,1,1,41,2,1,1,1,1,1,1
SF,IF2006,2020-02-19 14:33:31.900,4040.4000,24283,0,8181925020.000,1,0,1,空换,B,4040.2000,4040.0000,4039.4000,4038.2000,4037.2000,4041.2000,4041.4000,4041.6000,4042.0000,4042.4000,1,41,2,1,1,1,1,1,1,1
SF,IF2006,2020-02-19 14:33:32.900,4040.4000,24283,0,8181925020.000,0,-,-,-,-,4040.2000,4040.0000,4039.4000,4038.2000,4037.2000,4041.2000,4041.6000,4042.0000,4042.4000,4042.6000,1,41,2,1,1,1,1,1,1,2
SF,IF2006,2020-02-19 14:33:33.400,4040.4000,24283,0,8181925020.000,0,-,-,-,-,4040.2000,4040.0000,4039.4000,4038.2000,4037.2000,4041.0000,4041.2000,4041.6000,4042.0000,4042.4000,1,41,2,1,1,6,1,1,1,1
SF,IF2006,2020-02-19 14:33:33.900,4040.4000,24283,0,8181925020.000,0,-,-,-,-,4040.2000,4040.0000,4039.4000,4038.2000,4037.2000,4041.2000,4041.6000,4042.0000,4042.4000,4042.6000,1,41,2,1,1,1,1,1,1,2
SF,IF2006,2020-02-19 14:33:36.900,4040.4000,24283,0,8181925020.000,0,-,-,-,-,4040.4000,4040.2000,4040.0000,4039.4000,4038.2000,4041.2000,4041.6000,4042.0000,4042.4000,4042.6000,1,1,41,2,1,1,1,1,1,2
SF,IF2006,2020-02-19 14:33:37.400,4040.4000,24283,0,8181925020.000,0,-,-,-,-,4040.4000,4040.2000,4040.0000,4039.4000,4038.2000,4041.0000,4041.2000,4041.6000,4042.0000,4042.4000,1,1,41,2,1,1,1,1,1,1
SF,IF2006,2020-02-19 14:33:38.400,4040.4000,24283,0,8181925020.000,0,-,-,-,-,4040.4000,4040.0000,4039.4000,4038.2000,4037.2000,4041.0000,4041.2000,4041.6000,4042.0000,4042.4000,1,41,2,1,1,1,1,1,1,1
SF,IF2006,2020-02-19 14:33:39.400,4040.4000,24283,0,8181925020.000,0,-,-,-,-,4040.0000,4039.4000,4038.2000,4037.2000,4036.8000,4041.0000,4041.2000,4041.6000,4042.0000,4042.4000,41,2,1,1,3,1,1,1,1,1
SF,IF2006,2020-02-19 14:33:39.900,4040.4000,24283,0,8181925020.000,0,-,-,-,-,4040.6000,4039.4000,4038.2000,4037.2000,4036.8000,4041.0000,4041.2000,4041.6000,4042.0000,4042.4000,1,2,1,1,3,1,1,1,1,1
SF,IF2006,2020-02-19 14:33:40.400,4041.0000,24290,7,8201320620.000,16,11,5,多开,B,4041.0000,4039.4000,4038.2000,4037.2000,4036.8000,4041.2000,4041.6000,4042.0000,4042.4000,4042.6000,26,2,1,1,3,1,1,1,1,2
SF,IF2006,2020-02-19 14:33:40.900,4041.0000,24297,7,8215868220.000,12,9,3,多开,B,4041.0000,4039.4000,4038.2000,4037.2000,4036.8000,4041.2000,4041.6000,4042.0000,4042.4000,4042.6000,14,2,1,1,3,1,1,1,1,2
SF,IF2006,2020-02-19 14:33:41.400,4041.0000,24298,1,8220717420.000,4,2,2,多开,B,4041.0000,4039.4000,4038.2000,4037.2000,4036.8000,4041.2000,4041.4000,4041.6000,4042.0000,4042.4000,10,2,1,1,3,1,1,1,1,1
SF,IF2006,2020-02-19 14:33:41.900,4041.0000,24304,6,8232840420.000,10,8,2,多开,B,4039.4000,4038.2000,4037.2000,4036.8000,4036.6000,4041.0000,4041.2000,4041.4000,4041.6000,4042.0000,2,1,1,3,1,3,1,1,1,1
SF,IF2006,2020-02-19 14:33:42.400,4041.0000,24304,0,8232840420.000,0,-,-,-,-,4039.6000,4039.4000,4038.2000,4037.2000,4036.8000,4040.8000,4041.0000,4041.2000,4041.6000,4042.0000,2,2,1,1,3,1,1,1,1,1
SF,IF2006,2020-02-19 14:33:42.900,4041.0000,24304,0,8232840420.000,0,-,-,-,-,4039.6000,4039.4000,4038.2000,4037.2000,4036.8000,4040.8000,4041.0000,4041.2000,4041.6000,4042.0000,2,2,1,1,3,1,2,1,1,1
SF,IF2006,2020-02-19 14:33:43.400,4041.0000,24304,0,8232840420.000,0,-,-,-,-,4039.6000,4039.4000,4038.2000,4037.2000,4036.8000,4040.8000,4041.0000,4041.2000,4041.6000,4042.0000,2,2,1,1,3,1,2,1,1,1
SF,IF2006,2020-02-19 14:33:43.900,4041.0000,24304,0,8232840420.000,0,-,-,-,-,4039.8000,4039.6000,4039.4000,4038.2000,4037.2000,4040.8000,4041.0000,4041.2000,4041.6000,4042.0000,1,2,2,1,1,1,2,1,1,1
SF,IF2006,2020-02-19 14:33:44.400,4041.0000,24304,0,8232840420.000,0,-,-,-,-,4039.8000,4039.6000,4039.4000,4038.2000,4037.2000,4041.0000,4041.2000,4041.6000,4042.0000,4042.4000,1,2,2,1,1,1,1,1,1,1
SF,IF2006,2020-02-19 14:33:45.900,4041.2000,24306,2,8235265080.000,2,2,0,双开,B,4040.4000,4039.8000,4039.6000,4039.4000,4038.2000,4041.6000,4042.0000,4042.4000,4042.6000,4042.8000,1,1,2,2,1,1,1,1,2,1
SF,IF2006,2020-02-19 14:33:46.400,4041.2000,24306,0,8235265080.000,0,-,-,-,-,4040.4000,4039.8000,4039.6000,4039.4000,4038.2000,4041.6000,4041.8000,4042.0000,4042.4000,4042.6000,1,1,2,2,1,1,1,1,1,2
SF,IF2006,2020-02-19 14:33:47.900,4041.2000,24306,0,8235265080.000,0,-,-,-,-,4040.4000,4039.8000,4039.6000,4039.4000,4038.2000,4041.4000,4041.6000,4041.8000,4042.0000,4042.4000,1,1,2,2,1,1,1,1,1,1
SF,IF2006,2020-02-19 14:33:48.400,4041.2000,24306,0,8235265080.000,0,-,-,-,-,4040.4000,4039.8000,4039.6000,4039.4000,4038.2000,4041.4000,4041.6000,4042.0000,4042.4000,4042.6000,1,1,2,2,1,1,1,1,1,2
SF,IF2006,2020-02-19 14:33:48.900,4041.2000,24306,0,8235265080.000,0,-,-,-,-,4040.6000,4040.4000,4039.6000,4039.4000,4038.2000,4041.6000,4042.0000,4042.4000,4042.6000,4042.8000,1,1,2,2,1,1,1,1,2,1
SF,IF2006,2020-02-19 14:33:49.400,4040.6000,24306,0,8236477260.000,1,0,1,空换,B,4040.4000,4039.6000,4039.4000,4038.2000,4037.2000,4041.6000,4042.0000,4042.4000,4042.6000,4042.8000,1,2,2,1,1,1,1,1,2,1
SF,IF2006,2020-02-19 14:33:49.900,4040.6000,24306,0,8236477260.000,0,-,-,-,-,4040.4000,4039.6000,4039.4000,4038.2000,4037.2000,4041.4000,4041.6000,4041.8000,4042.0000,4042.4000,1,2,2,1,1,1,1,1,1,1
SF,IF2006,2020-02-19 14:33:51.900,4040.4000,24305,-1,8237689380.000,1,0,1,双平,B,4039.6000,4039.4000,4038.2000,4037.2000,4036.8000,4039.8000,4041.4000,4041.6000,4041.8000,4042.0000,2,2,1,1,3,1,2,1,1,1
SF,IF2006,2020-02-19 14:33:52.400,4039.8000,24306,1,8238901320.000,1,1,0,双开,B,4040.2000,4039.8000,4039.6000,4039.4000,4038.2000,4041.4000,4041.6000,4041.8000,4042.0000,4042.4000,1,2,2,2,1,2,1,1,1,1
SF,IF2006,2020-02-19 14:33:52.900,4039.8000,24306,0,8238901320.000,0,-,-,-,-,4039.8000,4039.6000,4039.4000,4038.2000,4037.2000,4041.4000,4041.6000,4041.8000,4042.0000,4042.4000,1,2,2,1,1,2,1,1,1,1
SF,IF2006,2020-02-19 14:33:53.400,4039.8000,24306,0,8240113260.000,1,0,1,空换,B,4039.8000,4039.6000,4039.4000,4038.2000,4037.2000,4041.4000,4041.6000,4042.0000,4042.4000,4042.6000,1,2,2,1,1,2,1,1,1,2
SF,IF2006,2020-02-19 14:33:53.900,4039.8000,24306,0,8240113260.000,0,-,-,-,-,4039.8000,4039.4000,4038.2000,4037.2000,4036.8000,4041.4000,4041.6000,4042.0000,4042.4000,4042.6000,1,2,1,1,3,2,1,1,1,2
SF,IF2006,2020-02-19 14:33:54.400,4039.8000,24306,0,8240113260.000,0,-,-,-,-,4039.8000,4039.4000,4038.2000,4037.2000,4036.8000,4041.2000,4041.4000,4041.6000,4042.0000,4042.4000,1,2,1,1,3,2,2,1,1,1
SF,IF2006,2020-02-19 14:33:56.900,4039.8000,24306,0,8240113260.000,0,-,-,-,-,4039.4000,4038.2000,4037.2000,4036.8000,4036.6000,4041.0000,4041.2000,4041.4000,4041.6000,4042.0000,2,1,1,3,1,1,2,1,1,1
SF,IF2006,2020-02-19 14:33:58.400,4039.8000,24306,0,8240113260.000,0,-,-,-,-,4039.4000,4038.2000,4037.2000,4036.8000,4036.6000,4041.0000,4041.2000,4041.4000,4041.6000,4042.0000,2,1,1,3,1,1,2,1,1,1
SF,IF2006,2020-02-19 14:33:58.900,4039.8000,24306,0,8240113260.000,0,-,-,-,-,4040.0000,4039.6000,4039.4000,4038.2000,4037.2000,4041.0000,4041.2000,4041.4000,4041.6000,4042.0000,1,1,2,1,1,1,2,1,1,1
SF,IF2006,2020-02-19 14:34:00.400,4039.8000,24306,0,8240113260.000,0,-,-,-,-,4040.0000,4039.4000,4038.2000,4037.2000,4036.8000,4041.0000,4041.2000,4041.4000,4041.6000,4042.0000,1,2,1,1,3,1,2,1,1,1
SF,IF2006,2020-02-19 14:34:00.900,4040.0000,24306,0,8241325260.000,1,0,1,空换,B,4039.4000,4038.2000,4037.2000,4036.8000,4036.6000,4041.0000,4041.2000,4041.4000,4041.6000,4042.0000,2,1,1,3,1,1,2,1,1,1
SF,IF2006,2020-02-19 14:34:02.400,4040.0000,24306,0,8241325260.000,0,-,-,-,-,4039.6000,4039.4000,4038.2000,4037.2000,4036.8000,4040.8000,4041.0000,4041.2000,4041.4000,4041.6000,1,2,1,1,3,5,1,2,1,1
SF,IF2006,2020-02-19 14:34:02.900,4040.0000,24306,0,8241325260.000,0,-,-,-,-,4039.6000,4039.4000,4038.2000,4037.2000,4036.8000,4041.0000,4041.2000,4041.4000,4041.6000,4042.0000,1,2,1,1,3,1,2,1,1,1
SF,IF2006,2020-02-19 14:34:03.400,4040.0000,24306,0,8241325260.000,0,-,-,-,-,4039.8000,4039.6000,4039.4000,4038.2000,4037.2000,4041.0000,4041.2000,4041.4000,4041.6000,4042.0000,2,1,2,1,1,1,2,1,1,2
SF,IF2006,2020-02-19 14:34:03.900,4040.0000,24306,0,8241325260.000,0,-,-,-,-,4041.0000,4039.8000,4039.6000,4039.4000,4038.2000,4041.2000,4041.4000,4041.6000,4042.0000,4042.4000,1,3,1,2,1,2,1,1,2,1
SF,IF2006,2020-02-19 14:34:04.400,4041.0000,24306,0,8242537560.000,1,0,1,空换,B,4039.8000,4039.6000,4039.4000,4038.2000,4037.2000,4041.0000,4041.4000,4041.6000,4042.0000,4042.4000,3,1,2,1,1,3,1,1,2,1
SF,IF2006,2020-02-19 14:34:04.900,4041.0000,24306,0,8242537560.000,0,-,-,-,-,4039.8000,4039.6000,4039.4000,4038.2000,4037.2000,4041.0000,4041.4000,4041.6000,4042.0000,4042.4000,3,2,2,1,1,1,1,1,2,1
SF,IF2006,2020-02-19 14:34:05.400,4041.0000,24306,0,8242537560.000,0,-,-,-,-,4040.0000,4039.8000,4039.6000,4039.4000,4038.2000,4041.0000,4041.4000,4041.6000,4042.0000,4042.4000,1,3,2,2,1,1,1,1,2,1
SF,IF2006,2020-02-19 14:34:07.400,4041.0000,24306,0,8242537560.000,0,-,-,-,-,4040.0000,4039.8000,4039.6000,4039.4000,4038.2000,4041.0000,4041.4000,4041.6000,4042.0000,4042.4000,3,3,2,2,1,1,1,1,2,1
SF,IF2006,2020-02-19 14:34:07.900,4041.0000,24306,0,8242537560.000,0,-,-,-,-,4040.0000,4039.8000,4039.6000,4039.4000,4038.2000,4041.4000,4041.6000,4042.0000,4042.4000,4042.6000,2,3,2,2,1,1,1,2,1,2
SF,IF2006,2020-02-19 14:34:08.400,4041.0000,24306,0,8242537560.000,0,-,-,-,-,4040.0000,4039.8000,4039.6000,4039.4000,4038.2000,4040.8000,4041.4000,4041.6000,4042.0000,4042.4000,2,3,2,2,1,1,1,1,2,1
SF,IF2006,2020-02-19 14:34:08.900,4041.0000,24306,0,8242537560.000,0,-,-,-,-,4040.0000,4039.8000,4039.6000,4039.4000,4038.2000,4041.4000,4041.6000,4042.0000,4042.4000,4042.6000,2,3,2,2,1,1,1,2,1,2
SF,IF2006,2020-02-19 14:34:09.400,4041.0000,24306,0,8242537560.000,0,-,-,-,-,4040.0000,4039.8000,4039.6000,4039.4000,4038.2000,4041.2000,4041.4000,4041.6000,4042.0000,4042.4000,2,1,2,2,1,1,1,1,2,1
SF,IF2006,2020-02-19 14:34:09.900,4040.0000,24306,0,8243749560.000,1,0,1,空换,B,4040.0000,4039.6000,4039.4000,4038.2000,4037.2000,4041.0000,4041.2000,4041.4000,4041.6000,4042.0000,1,1,2,1,1,5,1,1,1,2
SF,IF2006,2020-02-19 14:34:10.400,4040.0000,24306,0,8244961560.000,1,0,1,空换,B,4039.6000,4039.4000,4038.2000,4037.2000,4036.8000,4040.8000,4041.0000,4041.2000,4041.4000,4041.6000,1,2,1,1,3,1,5,1,1,1
SF,IF2006,2020-02-19 14:34:10.900,4040.0000,24306,0,8244961560.000,0,-,-,-,-,4039.8000,4039.6000,4039.4000,4038.2000,4037.2000,4040.8000,4041.4000,4041.6000,4042.0000,4042.4000,2,1,2,1,1,2,1,1,2,1
SF,IF2006,2020-02-19 14:34:11.400,4040.0000,24306,0,8244961560.000,0,-,-,-,-,4039.6000,4039.4000,4038.2000,4037.2000,4036.8000,4039.8000,4040.8000,4041.4000,4041.6000,4042.0000,1,2,1,1,3,1,2,1,1,2
SF,IF2006,2020-02-19 14:34:11.900,4039.8000,24306,0,8246173500.000,1,0,1,空换,B,4039.6000,4039.4000,4038.2000,4037.2000,4036.8000,4040.8000,4041.4000,4041.6000,4042.0000,4042.4000,1,2,1,1,3,2,1,1,2,1
SF,IF2006,2020-02-19 14:34:12.900,4039.6000,24306,0,8247385380.000,1,0,1,空换,B,4039.4000,4038.2000,4037.2000,4036.8000,4036.6000,4040.6000,4040.8000,4041.4000,4041.6000,4042.0000,2,1,1,3,1,1,1,1,1,2
SF,IF2006,2020-02-19 14:34:14.400,4039.4000,24306,0,8248597200.000,1,0,1,空换,B,4039.4000,4038.2000,4037.2000,4036.8000,4036.6000,4040.6000,4040.8000,4041.4000,4041.6000,4042.0000,1,1,1,3,1,1,1,1,1,2
SF,IF2006,2020-02-19 14:34:14.900,4039.4000,24306,0,8249809020.000,1,0,1,空换,B,4038.2000,4037.2000,4036.8000,4036.6000,4036.2000,4040.6000,4040.8000,4041.4000,4041.6000,4042.0000,1,1,3,1,1,1,1,1,1,2
SF,IF2006,2020-02-19 14:34:15.400,4039.4000,24306,0,8249809020.000,0,-,-,-,-,4038.4000,4038.2000,4037.2000,4036.8000,4036.6000,4040.4000,4040.6000,4040.8000,4041.4000,4041.6000,5,1,1,3,1,2,1,1,1,1
SF,IF2006,2020-02-19 14:34:15.900,4039.4000,24306,0,8249809020.000,0,-,-,-,-,4038.4000,4038.2000,4037.2000,4036.8000,4036.6000,4040.4000,4040.8000,4041.4000,4041.6000,4042.0000,5,1,1,3,1,2,1,1,1,2
SF,IF2006,2020-02-19 14:34:16.400,4039.4000,24306,0,8249809020.000,0,-,-,-,-,4038.4000,4038.2000,4037.2000,4036.8000,4036.6000,4040.2000,4040.4000,4041.4000,4041.6000,4042.0000,5,1,1,3,1,1,2,1,1,2
SF,IF2006,2020-02-19 14:34:16.900,4039.4000,24306,0,8249809020.000,0,-,-,-,-,4038.4000,4038.2000,4037.2000,4036.8000,4036.6000,4040.2000,4040.4000,4041.4000,4041.6000,4042.0000,5,1,1,3,1,2,2,1,1,2
SF,IF2006,2020-02-19 14:34:17.400,4039.4000,24306,0,8249809020.000,0,-,-,-,-,4038.4000,4038.2000,4037.2000,4036.8000,4036.6000,4040.0000,4040.2000,4041.4000,4041.6000,4042.0000,5,1,1,3,1,3,2,1,1,2
SF,IF2006,2020-02-19 14:34:18.400,4039.4000,24306,0,8249809020.000,0,-,-,-,-,4038.4000,4038.2000,4037.2000,4036.8000,4036.6000,4039.8000,4040.0000,4040.2000,4041.4000,4041.6000,5,1,1,3,1,1,2,2,1,1
SF,IF2006,2020-02-19 14:34:18.900,4039.4000,24306,0,8249809020.000,0,-,-,-,-,4038.4000,4038.2000,4037.2000,4036.8000,4036.6000,4039.8000,4040.0000,4040.2000,4041.4000,4041.6000,2,1,1,3,1,1,2,2,1,1
SF,IF2006,2020-02-19 14:34:19.400,4039.4000,24306,0,8249809020.000,0,-,-,-,-,4038.4000,4038.2000,4037.2000,4036.8000,4036.6000,4039.8000,4040.0000,4040.2000,4041.4000,4041.6000,2,1,1,3,1,1,2,1,1,1
SF,IF2006,2020-02-19 14:34:20.400,4039.8000,24305,-1,8251020960.000,1,0,1,双平,B,4038.4000,4038.2000,4037.2000,4036.8000,4036.6000,4040.0000,4040.2000,4041.4000,4041.6000,4042.0000,2,1,1,3,1,2,1,1,1,2
SF,IF2006,2020-02-19 14:34:20.900,4039.8000,24305,0,8251020960.000,0,-,-,-,-,4038.6000,4038.4000,4038.2000,4037.2000,4036.8000,4039.8000,4040.0000,4040.2000,4041.0000,4041.4000,1,2,1,1,3,1,2,1,1,1
SF,IF2006,2020-02-19 14:34:21.400,4039.8000,24305,0,8251020960.000,0,-,-,-,-,4038.6000,4038.4000,4038.2000,4037.2000,4036.8000,4040.0000,4041.0000,4041.4000,4041.6000,4042.0000,1,2,1,1,3,2,1,1,1,2
SF,IF2006,2020-02-19 14:34:23.900,4040.0000,24305,0,8252232960.000,1,0,1,空换,B,4038.6000,4038.4000,4038.2000,4037.2000,4036.8000,4040.0000,4041.0000,4041.4000,4041.6000,4042.0000,1,2,1,1,3,1,1,1,1,2
SF,IF2006,2020-02-19 14:34:24.400,4040.0000,24305,0,8252232960.000,0,-,-,-,-,4038.6000,4038.4000,4038.2000,4037.2000,4036.8000,4039.8000,4040.0000,4041.0000,4041.4000,4041.6000,1,2,1,1,3,1,1,1,1,1
SF,IF2006,2020-02-19 14:34:26.900,4040.0000,24305,0,8252232960.000,0,-,-,-,-,4038.6000,4038.4000,4038.2000,4037.2000,4036.8000,4039.6000,4039.8000,4040.0000,4041.0000,4041.4000,1,2,1,1,3,1,1,1,1,1
SF,IF2006,2020-02-19 14:34:27.400,4040.0000,24305,0,8252232960.000,0,-,-,-,-,4038.6000,4038.4000,4038.2000,4037.2000,4036.8000,4039.6000,4039.8000,4040.0000,4041.0000,4041.6000,1,2,1,1,3,1,1,1,1,1
SF,IF2006,2020-02-19 14:34:28.400,4040.0000,24305,0,8252232960.000,0,-,-,-,-,4038.6000,4038.4000,4038.2000,4037.2000,4036.8000,4039.8000,4040.0000,4041.0000,4041.6000,4042.0000,1,2,1,1,3,1,1,1,1,2
SF,IF2006,2020-02-19 14:34:29.400,4038.6000,24305,0,8253444540.000,1,0,1,空换,B,4038.4000,4038.2000,4037.2000,4036.8000,4036.6000,4039.8000,4040.0000,4041.0000,4041.6000,4042.0000,2,1,1,3,1,1,1,1,1,2
SF,IF2006,2020-02-19 14:34:29.900,4038.6000,24305,0,8253444540.000,0,-,-,-,-,4038.4000,4038.2000,4037.2000,4036.8000,4036.6000,4040.0000,4041.0000,4041.6000,4042.0000,4042.4000,2,1,1,3,1,1,1,1,2,1
SF,IF2006,2020-02-19 14:34:30.400,4038.6000,24305,0,8253444540.000,0,-,-,-,-,4038.6000,4038.4000,4038.2000,4037.2000,4036.8000,4039.8000,4040.0000,4041.0000,4041.6000,4042.0000,2,2,1,1,3,1,1,1,1,2
SF,IF2006,2020-02-19 14:34:30.900,4038.6000,24305,0,8253444540.000,0,-,-,-,-,4038.6000,4038.4000,4038.2000,4037.2000,4036.8000,4040.0000,4041.0000,4041.6000,4042.0000,4042.4000,3,2,1,1,3,1,1,1,2,1
SF,IF2006,2020-02-19 14:34:31.400,4038.6000,24305,0,8253444540.000,0,-,-,-,-,4038.6000,4038.4000,4038.2000,4037.2000,4036.8000,4039.8000,4040.0000,4041.0000,4041.6000,4042.0000,2,2,1,1,3,1,1,1,1,2
SF,IF2006,2020-02-19 14:34:31.900,4038.6000,24305,0,8253444540.000,0,-,-,-,-,4038.6000,4038.4000,4038.2000,4037.2000,4036.8000,4039.8000,4040.0000,4041.0000,4041.6000,4042.0000,2,2,1,1,3,2,1,1,1,2
SF,IF2006,2020-02-19 14:34:32.900,4038.6000,24305,0,8253444540.000,0,-,-,-,-,4038.8000,4038.6000,4038.4000,4038.2000,4037.2000,4040.0000,4041.0000,4041.6000,4042.0000,4042.4000,1,2,2,1,1,1,1,1,2,1
SF,IF2006,2020-02-19 14:34:33.400,4038.6000,24305,0,8253444540.000,0,-,-,-,-,4038.8000,4038.6000,4038.4000,4038.2000,4037.2000,4041.0000,4041.6000,4042.0000,4042.4000,4042.6000,2,2,2,1,1,1,1,2,1,2
SF,IF2006,2020-02-19 14:34:33.900,4038.6000,24305,0,8253444540.000,0,-,-,-,-,4039.0000,4038.8000,4038.4000,4038.2000,4037.2000,4040.8000,4041.0000,4041.6000,4042.0000,4042.4000,4,2,2,1,1,3,1,1,2,1
SF,IF2006,2020-02-19 14:34:34.900,4038.6000,24305,0,8253444540.000,0,-,-,-,-,4039.2000,4039.0000,4038.4000,4038.2000,4037.2000,4040.6000,4040.8000,4041.0000,4041.6000,4042.0000,1,4,2,1,1,1,3,1,1,2
SF,IF2006,2020-02-19 14:34:35.400,4038.6000,24305,0,8253444540.000,0,-,-,-,-,4039.2000,4039.0000,4038.4000,4038.2000,4037.2000,4040.6000,4040.8000,4041.0000,4041.6000,4042.0000,2,3,2,1,1,1,3,1,1,2
SF,IF2006,2020-02-19 14:34:35.900,4038.6000,24305,0,8253444540.000,0,-,-,-,-,4039.4000,4039.2000,4039.0000,4038.4000,4038.2000,4040.4000,4040.6000,4041.0000,4041.6000,4042.0000,2,2,1,2,1,1,1,1,1,2
SF,IF2006,2020-02-19 14:34:36.400,4038.6000,24305,0,8253444540.000,0,-,-,-,-,4039.4000,4039.2000,4038.4000,4038.2000,4037.2000,4040.4000,4040.6000,4041.0000,4041.6000,4042.0000,2,1,2,1,1,1,1,1,1,2
SF,IF2006,2020-02-19 14:34:37.900,4039.2000,24308,3,8257079820.000,3,3,0,双开,B,4038.4000,4038.2000,4037.2000,4036.8000,4036.6000,4039.2000,4041.0000,4041.6000,4042.0000,4042.4000,2,1,1,3,1,1,1,1,2,1
SF,IF2006,2020-02-19 14:34:38.400,4039.2000,24309,1,8258291580.000,1,1,0,双开,B,4039.2000,4038.6000,4038.4000,4038.2000,4037.2000,4041.0000,4041.6000,4042.0000,4042.4000,4042.6000,2,1,2,1,1,1,1,2,1,2
SF,IF2006,2020-02-19 14:34:38.900,4039.2000,24309,0,8258291580.000,0,-,-,-,-,4039.2000,4038.6000,4038.4000,4038.2000,4037.2000,4040.2000,4040.8000,4041.0000,4041.6000,4042.0000,1,1,2,1,1,1,2,1,1,2
SF,IF2006,2020-02-19 14:34:40.400,4039.2000,24309,0,8258291580.000,0,-,-,-,-,4039.2000,4038.6000,4038.4000,4038.2000,4037.2000,4040.2000,4040.8000,4041.0000,4041.6000,4042.0000,1,1,2,1,1,1,2,2,1,2
SF,IF2006,2020-02-19 14:34:40.900,4039.2000,24309,0,8258291580.000,0,-,-,-,-,4039.2000,4038.6000,4038.4000,4038.2000,4037.2000,4040.2000,4040.8000,4041.0000,4041.6000,4042.0000,1,1,2,1,1,1,2,2,1,2
SF,IF2006,2020-02-19 14:34:41.400,4039.2000,24309,0,8258291580.000,0,-,-,-,-,4039.2000,4038.6000,4038.4000,4038.2000,4037.2000,4040.2000,4040.8000,4041.0000,4041.6000,4042.0000,1,1,2,1,1,1,2,3,1,2
SF,IF2006,2020-02-19 14:34:41.900,4039.2000,24309,0,8258291580.000,0,-,-,-,-,4039.4000,4039.2000,4038.6000,4038.4000,4038.2000,4040.2000,4040.8000,4041.0000,4041.6000,4042.0000,1,1,2,2,1,1,2,3,1,2
SF,IF2006,2020-02-19 14:34:42.900,4039.2000,24309,0,8258291580.000,0,-,-,-,-,4039.2000,4038.6000,4038.4000,4038.2000,4037.2000,4040.2000,4040.8000,4041.0000,4041.6000,4042.0000,1,2,2,1,1,1,2,3,1,2
SF,IF2006,2020-02-19 14:34:44.400,4039.2000,24309,0,8258291580.000,0,-,-,-,-,4039.2000,4038.6000,4038.4000,4038.2000,4037.2000,4040.2000,4040.8000,4041.0000,4041.6000,4042.0000,1,2,2,1,1,1,3,3,1,2
SF,IF2006,2020-02-19 14:34:45.900,4039.2000,24309,0,8258291580.000,0,-,-,-,-,4039.2000,4038.6000,4038.4000,4038.2000,4037.2000,4040.2000,4040.8000,4041.0000,4041.6000,4042.0000,1,2,2,1,1,1,3,3,1,2
SF,IF2006,2020-02-19 14:34:47.400,4039.2000,24309,0,8258291580.000,0,-,-,-,-,4039.2000,4038.6000,4038.4000,4038.2000,4037.2000,4040.0000,4040.2000,4040.8000,4041.0000,4041.6000,1,2,2,1,1,1,1,3,3,1
SF,IF2006,2020-02-19 14:34:48.400,4039.2000,24309,0,8258291580.000,0,-,-,-,-,4039.4000,4039.2000,4038.6000,4038.4000,4038.2000,4040.0000,4040.2000,4040.8000,4041.0000,4041.6000,3,1,2,2,1,1,1,3,3,1
SF,IF2006,2020-02-19 14:34:49.400,4039.2000,24309,0,8258291580.000,0,-,-,-,-,4039.4000,4039.2000,4038.6000,4038.4000,4038.2000,4040.0000,4040.8000,4041.0000,4041.6000,4042.0000,3,1,2,2,1,1,3,3,1,2
SF,IF2006,2020-02-19 14:34:51.400,4039.2000,24309,0,8258291580.000,0,-,-,-,-,4039.4000,4039.2000,4038.6000,4038.4000,4038.2000,4040.0000,4040.8000,4041.0000,4041.6000,4042.0000,3,1,2,2,1,1,3,3,1,2
SF,IF2006,2020-02-19 14:34:52.400,4039.2000,24309,0,8258291580.000,0,-,-,-,-,4039.4000,4039.2000,4038.6000,4038.4000,4038.2000,4040.0000,4040.8000,4041.0000,4041.6000,4042.0000,2,1,2,2,1,1,3,3,1,2
SF,IF2006,2020-02-19 14:34:53.400,4039.2000,24309,0,8258291580.000,0,-,-,-,-,4039.4000,4039.2000,4038.6000,4038.4000,4038.2000,4039.8000,4040.0000,4040.8000,4041.0000,4041.6000,2,1,2,2,1,1,1,3,3,1
SF,IF2006,2020-02-19 14:34:53.900,4039.2000,24309,0,8258291580.000,0,-,-,-,-,4039.2000,4038.6000,4038.4000,4038.2000,4037.2000,4039.8000,4040.0000,4040.8000,4041.0000,4041.6000,1,1,2,1,1,1,1,3,3,1
SF,IF2006,2020-02-19 14:34:54.400,4039.2000,24309,0,8258291580.000,0,-,-,-,-,4039.2000,4038.6000,4038.4000,4038.2000,4037.2000,4039.8000,4040.8000,4041.0000,4041.6000,4042.0000,1,1,2,1,1,1,3,3,1,2
SF,IF2006,2020-02-19 14:34:55.400,4039.2000,24309,0,8259503340.000,1,0,1,空换,B,4038.6000,4038.4000,4038.2000,4037.2000,4036.8000,4039.8000,4040.8000,4041.0000,4041.6000,4042.0000,1,2,1,1,1,1,3,3,1,2
SF,IF2006,2020-02-19 14:34:57.900,4039.2000,24309,0,8259503340.000,0,-,-,-,-,4038.6000,4038.4000,4038.2000,4037.2000,4036.8000,4039.8000,4040.8000,4041.0000,4041.6000,4042.0000,1,2,1,1,1,1,3,3,1,2
SF,IF2006,2020-02-19 14:34:58.900,4039.2000,24309,0,8259503340.000,0,-,-,-,-,4038.8000,4038.6000,4038.4000,4038.2000,4037.2000,4039.8000,4040.8000,4041.0000,4041.6000,4042.0000,1,1,2,1,1,1,3,3,1,2
SF,IF2006,2020-02-19 14:35:00.900,4039.2000,24309,0,8259503340.000,0,-,-,-,-,4038.6000,4038.4000,4038.2000,4037.2000,4036.8000,4039.8000,4040.8000,4041.0000,4041.6000,4042.0000,1,2,1,1,1,1,3,3,1,2
SF,IF2006,2020-02-19 14:35:01.400,4039.2000,24309,0,8259503340.000,0,-,-,-,-,4038.6000,4038.4000,4038.2000,4037.2000,4036.8000,4040.8000,4041.0000,4041.6000,4042.0000,4042.4000,1,2,1,1,1,3,3,1,2,1
SF,IF2006,2020-02-19 14:35:01.900,4039.2000,24309,0,8259503340.000,0,-,-,-,-,4038.6000,4038.4000,4038.2000,4037.2000,4036.8000,4039.8000,4040.0000,4040.6000,4040.8000,4041.0000,1,2,1,1,1,1,5,1,3,3
SF,IF2006,2020-02-19 14:35:02.400,4039.2000,24309,0,8259503340.000,0,-,-,-,-,4038.6000,4038.4000,4038.2000,4037.2000,4036.8000,4039.8000,4040.6000,4040.8000,4041.0000,4041.6000,1,2,1,1,1,1,1,3,3,1
SF,IF2006,2020-02-19 14:35:06.400,4039.2000,24309,0,8259503340.000,0,-,-,-,-,4038.8000,4038.6000,4038.4000,4038.2000,4037.2000,4039.8000,4040.6000,4040.8000,4041.0000,4041.6000,1,1,2,1,1,1,1,3,3,1
SF,IF2006,2020-02-19 14:35:09.900,4039.2000,24309,0,8259503340.000,0,-,-,-,-,4038.8000,4038.6000,4038.2000,4037.2000,4036.8000,4039.8000,4040.6000,4040.8000,4041.0000,4041.6000,1,1,1,1,1,1,1,3,3,1
SF,IF2006,2020-02-19 14:35:10.400,4039.2000,24309,0,8259503340.000,0,-,-,-,-,4038.6000,4038.2000,4037.2000,4036.8000,4036.6000,4039.8000,4040.6000,4040.8000,4041.0000,4041.6000,1,1,1,1,1,1,1,3,3,1
SF,IF2006,2020-02-19 14:35:19.400,4039.2000,24309,0,8259503340.000,0,-,-,-,-,4038.2000,4037.2000,4036.8000,4036.6000,4036.2000,4039.8000,4040.6000,4040.8000,4041.0000,4041.6000,1,1,1,1,1,1,1,3,3,1
SF,IF2006,2020-02-19 14:35:20.900,4039.2000,24309,0,8259503340.000,0,-,-,-,-,4038.4000,4038.2000,4037.2000,4036.8000,4036.6000,4039.8000,4040.6000,4040.8000,4041.0000,4041.6000,1,1,1,1,1,1,1,3,3,1
SF,IF2006,2020-02-19 14:35:23.400,4039.2000,24309,0,8259503340.000,0,-,-,-,-,4038.2000,4037.2000,4036.8000,4036.6000,4036.2000,4039.8000,4040.6000,4040.8000,4041.0000,4041.6000,1,1,1,1,1,1,1,3,3,1
SF,IF2006,2020-02-19 14:35:23.900,4039.2000,24309,0,8259503340.000,0,-,-,-,-,4038.2000,4037.2000,4036.8000,4036.6000,4036.2000,4039.6000,4039.8000,4040.6000,4040.8000,4041.0000,1,1,1,1,1,2,1,1,1,3
SF,IF2006,2020-02-19 14:35:25.900,4039.2000,24309,0,8259503340.000,0,-,-,-,-,4038.2000,4037.2000,4036.8000,4036.6000,4036.2000,4039.4000,4039.6000,4040.6000,4040.8000,4041.0000,1,1,1,1,1,1,2,1,1,3
SF,IF2006,2020-02-19 14:35:26.900,4038.2000,24308,-1,8260714800.000,1,0,1,双平,B,4037.2000,4036.8000,4036.6000,4036.2000,4035.2000,4039.4000,4039.6000,4040.6000,4040.8000,4041.0000,1,1,1,1,1,1,2,1,1,3
SF,IF2006,2020-02-19 14:35:27.400,4038.2000,24308,0,8260714800.000,0,-,-,-,-,4037.4000,4037.2000,4036.8000,4036.6000,4036.2000,4039.4000,4039.6000,4040.6000,4040.8000,4041.0000,6,1,1,1,1,1,2,1,1,3
SF,IF2006,2020-02-19 14:35:28.400,4038.2000,24308,0,8260714800.000,0,-,-,-,-,4037.6000,4037.4000,4037.2000,4036.8000,4036.6000,4039.4000,4039.6000,4040.6000,4040.8000,4041.0000,1,6,1,1,1,1,2,1,1,3
SF,IF2006,2020-02-19 14:35:28.900,4038.2000,24308,0,8260714800.000,0,-,-,-,-,4037.8000,4037.6000,4037.4000,4037.2000,4036.8000,4039.4000,4039.6000,4040.6000,4040.8000,4041.0000,2,1,4,1,1,1,2,1,1,3
SF,IF2006,2020-02-19 14:35:29.400,4038.2000,24308,0,8260714800.000,0,-,-,-,-,4037.8000,4037.6000,4037.4000,4037.2000,4036.8000,4039.4000,4039.6000,4040.6000,4040.8000,4041.0000,3,1,4,1,1,1,2,1,1,3
SF,IF2006,2020-02-19 14:35:30.400,4038.2000,24308,0,8260714800.000,0,-,-,-,-,4038.0000,4037.8000,4037.6000,4037.4000,4037.2000,4039.4000,4039.6000,4040.6000,4040.8000,4041.0000,1,2,1,4,1,1,2,1,1,3
SF,IF2006,2020-02-19 14:35:31.400,4038.2000,24308,0,8260714800.000,0,-,-,-,-,4038.0000,4037.8000,4037.6000,4037.4000,4037.2000,4039.4000,4039.6000,4040.6000,4040.8000,4041.0000,1,2,1,4,1,1,2,1,1,2
SF,IF2006,2020-02-19 14:35:33.400,4038.2000,24308,0,8260714800.000,0,-,-,-,-,4038.0000,4037.8000,4037.4000,4037.2000,4036.8000,4039.4000,4039.6000,4040.6000,4040.8000,4041.0000,1,2,4,1,1,1,2,1,1,2
SF,IF2006,2020-02-19 14:35:33.900,4038.2000,24308,0,8260714800.000,0,-,-,-,-,4038.2000,4038.0000,4037.8000,4037.4000,4037.2000,4039.4000,4039.6000,4040.6000,4040.8000,4041.0000,1,1,2,4,1,1,2,1,1,2
SF,IF2006,2020-02-19 14:35:35.900,4038.2000,24308,0,8260714800.000,0,-,-,-,-,4038.4000,4038.2000,4038.0000,4037.8000,4037.4000,4039.4000,4039.6000,4040.6000,4040.8000,4041.0000,1,1,1,2,4,1,2,1,1,2
SF,IF2006,2020-02-19 14:35:36.400,4038.2000,24308,0,8260714800.000,0,-,-,-,-,4038.4000,4038.2000,4038.0000,4037.8000,4037.4000,4039.4000,4039.6000,4040.6000,4040.8000,4041.0000,1,1,1,2,4,1,2,1,1,1
SF,IF2006,2020-02-19 14:35:38.400,4038.2000,24308,0,8260714800.000,0,-,-,-,-,4038.2000,4037.8000,4037.4000,4037.2000,4036.8000,4039.4000,4039.6000,4040.6000,4040.8000,4041.0000,1,2,4,1,1,1,2,1,1,1
SF,IF2006,2020-02-19 14:35:38.900,4038.2000,24308,0,8260714800.000,0,-,-,-,-,4037.8000,4037.4000,4037.2000,4036.8000,4036.6000,4039.4000,4039.6000,4040.6000,4040.8000,4041.0000,2,4,1,1,1,1,2,1,1,1
SF,IF2006,2020-02-19 14:35:39.900,4038.2000,24308,0,8260714800.000,0,-,-,-,-,4038.0000,4037.8000,4037.4000,4037.2000,4036.8000,4039.4000,4039.6000,4040.6000,4040.8000,4041.0000,1,2,4,1,1,1,2,1,1,1
SF,IF2006,2020-02-19 14:35:41.400,4039.4000,24308,0,8261926620.000,1,0,1,空换,B,4038.0000,4037.8000,4037.4000,4037.2000,4036.8000,4039.6000,4040.6000,4040.8000,4041.0000,4041.6000,1,2,4,1,1,2,1,1,1,1
SF,IF2006,2020-02-19 14:35:42.900,4039.4000,24308,0,8261926620.000,0,-,-,-,-,4038.0000,4037.8000,4037.4000,4037.2000,4036.8000,4039.2000,4039.6000,4040.6000,4040.8000,4041.0000,1,2,4,1,1,1,2,1,1,1
SF,IF2006,2020-02-19 14:35:43.400,4039.4000,24308,0,8261926620.000,0,-,-,-,-,4038.2000,4038.0000,4037.8000,4037.4000,4037.2000,4039.2000,4039.6000,4040.6000,4040.8000,4041.0000,1,1,2,4,1,1,2,1,1,1
SF,IF2006,2020-02-19 14:35:45.400,4039.4000,24308,0,8261926620.000,0,-,-,-,-,4038.4000,4038.2000,4037.8000,4037.4000,4037.2000,4039.2000,4039.6000,4040.6000,4040.8000,4041.0000,2,1,2,4,1,1,2,1,1,1
SF,IF2006,2020-02-19 14:35:45.900,4039.4000,24308,0,8261926620.000,0,-,-,-,-,4038.4000,4038.2000,4037.8000,4037.4000,4037.2000,4039.6000,4040.6000,4040.8000,4041.0000,4041.6000,2,1,2,4,1,2,1,1,1,1
SF,IF2006,2020-02-19 14:35:46.900,4039.4000,24308,0,8261926620.000,0,-,-,-,-,4038.4000,4038.2000,4037.8000,4037.4000,4037.2000,4039.4000,4039.6000,4040.6000,4040.8000,4041.0000,2,1,2,4,1,1,2,1,1,1
SF,IF2006,2020-02-19 14:35:47.900,4039.4000,24308,0,8261926620.000,0,-,-,-,-,4038.4000,4037.8000,4037.4000,4037.2000,4036.8000,4039.4000,4039.6000,4040.6000,4040.8000,4041.0000,2,2,4,1,1,1,2,1,1,1
SF,IF2006,2020-02-19 14:35:50.400,4039.4000,24308,0,8261926620.000,0,-,-,-,-,4038.4000,4037.8000,4037.4000,4037.2000,4036.8000,4039.4000,4039.6000,4040.6000,4041.0000,4041.6000,2,2,4,1,1,1,2,1,1,1
SF,IF2006,2020-02-19 14:35:51.900,4039.4000,24308,0,8261926620.000,0,-,-,-,-,4038.4000,4037.8000,4037.4000,4037.2000,4036.8000,4039.4000,4039.6000,4040.6000,4041.0000,4041.6000,1,2,4,1,1,1,2,1,1,1
SF,IF2006,2020-02-19 14:35:55.900,4039.4000,24308,0,8261926620.000,0,-,-,-,-,4038.4000,4037.8000,4037.4000,4037.2000,4036.8000,4039.4000,4039.6000,4040.6000,4041.0000,4041.6000,1,2,4,1,1,2,2,1,1,1
SF,IF2006,2020-02-19 14:35:58.900,4039.4000,24308,0,8261926620.000,0,-,-,-,-,4038.4000,4037.8000,4037.4000,4037.2000,4036.8000,4039.4000,4039.6000,4040.6000,4041.0000,4041.6000,1,2,4,1,1,1,2,1,1,1
SF,IF2006,2020-02-19 14:36:04.400,4039.4000,24308,0,8261926620.000,0,-,-,-,-,4037.8000,4037.4000,4037.2000,4036.8000,4036.6000,4039.4000,4039.6000,4040.6000,4041.0000,4041.6000,2,4,1,1,1,1,2,1,1,1
SF,IF2006,2020-02-19 14:36:04.900,4039.4000,24308,0,8261926620.000,0,-,-,-,-,4037.8000,4037.4000,4037.2000,4036.8000,4036.6000,4039.4000,4039.6000,4040.6000,4041.0000,4041.6000,2,2,1,1,1,1,2,1,1,1
SF,IF2006,2020-02-19 14:36:05.400,4039.4000,24308,0,8261926620.000,0,-,-,-,-,4038.0000,4037.8000,4037.4000,4037.2000,4036.8000,4039.2000,4039.4000,4039.6000,4040.6000,4041.0000,1,2,2,1,1,1,1,2,1,1
SF,IF2006,2020-02-19 14:36:06.900,4039.4000,24308,0,8261926620.000,0,-,-,-,-,4037.8000,4037.4000,4037.2000,4036.8000,4036.6000,4039.2000,4039.4000,4039.6000,4040.6000,4041.0000,2,2,1,1,1,1,1,2,1,1
SF,IF2006,2020-02-19 14:36:10.400,4039.4000,24308,0,8261926620.000,0,-,-,-,-,4037.8000,4037.4000,4037.2000,4036.8000,4036.6000,4039.0000,4039.2000,4039.4000,4039.6000,4040.6000,2,2,1,1,1,1,1,1,2,1
SF,IF2006,2020-02-19 14:36:10.900,4039.4000,24308,0,8261926620.000,0,-,-,-,-,4037.4000,4037.2000,4036.8000,4036.6000,4036.2000,4039.0000,4039.2000,4039.4000,4039.6000,4040.6000,2,1,1,1,1,1,1,1,2,1
SF,IF2006,2020-02-19 14:36:11.400,4039.4000,24308,0,8261926620.000,0,-,-,-,-,4037.4000,4037.2000,4036.8000,4036.6000,4036.2000,4038.8000,4039.0000,4039.4000,4039.6000,4040.6000,2,1,1,1,1,1,1,1,2,1
SF,IF2006,2020-02-19 14:36:11.900,4039.4000,24308,0,8261926620.000,0,-,-,-,-,4037.4000,4037.2000,4036.8000,4036.6000,4036.2000,4038.8000,4039.0000,4039.4000,4039.6000,4040.6000,2,1,1,1,1,1,1,1,2,1
SF,IF2006,2020-02-19 14:36:12.400,4039.4000,24308,0,8261926620.000,0,-,-,-,-,4037.6000,4037.4000,4037.2000,4036.8000,4036.6000,4038.8000,4039.0000,4039.4000,4039.6000,4040.6000,1,2,1,1,1,1,1,1,2,1
SF,IF2006,2020-02-19 14:36:12.900,4039.4000,24308,0,8261926620.000,0,-,-,-,-,4037.6000,4037.4000,4037.2000,4036.8000,4036.6000,4038.8000,4039.4000,4039.6000,4040.6000,4041.0000,2,2,1,1,1,1,1,2,1,1
SF,IF2006,2020-02-19 14:36:13.900,4039.4000,24308,0,8261926620.000,0,-,-,-,-,4037.8000,4037.2000,4036.8000,4036.6000,4036.2000,4038.8000,4039.4000,4039.6000,4040.6000,4041.0000,1,1,1,1,1,1,1,2,1,1
SF,IF2006,2020-02-19 14:36:15.400,4037.8000,24307,-1,8263137960.000,1,0,1,双平,B,4037.2000,4036.8000,4036.6000,4036.2000,4035.2000,4038.2000,4038.6000,4038.8000,4039.0000,4039.4000,1,1,1,1,1,5,2,1,1,1
SF,IF2006,2020-02-19 14:36:15.900,4037.8000,24307,0,8263137960.000,0,-,-,-,-,4037.2000,4036.8000,4036.6000,4036.2000,4035.2000,4038.6000,4038.8000,4039.0000,4039.4000,4039.6000,1,1,1,1,1,1,1,1,1,2
SF,IF2006,2020-02-19 14:36:16.400,4038.6000,24307,0,8264349540.000,1,0,1,空换,B,4037.2000,4036.8000,4036.6000,4036.2000,4035.2000,4038.8000,4039.0000,4039.4000,4039.6000,4040.6000,1,1,1,1,1,1,1,1,2,1
SF,IF2006,2020-02-19 14:36:16.900,4038.2000,24308,1,8265561000.000,1,1,0,双开,B,4037.2000,4036.8000,4036.6000,4036.2000,4035.2000,4038.6000,4039.0000,4039.4000,4040.6000,4041.0000,1,1,1,1,1,7,1,1,1,1
SF,IF2006,2020-02-19 14:36:17.400,4038.2000,24308,0,8265561000.000,0,-,-,-,-,4037.2000,4036.8000,4036.6000,4036.2000,4035.2000,4038.6000,4038.8000,4039.0000,4039.4000,4040.6000,1,1,1,1,1,7,1,2,1,1
SF,IF2006,2020-02-19 14:36:17.900,4038.2000,24308,0,8265561000.000,0,-,-,-,-,4037.2000,4036.8000,4036.6000,4036.2000,4035.2000,4038.4000,4038.6000,4038.8000,4039.0000,4039.4000,1,1,1,1,1,2,7,1,2,1
SF,IF2006,2020-02-19 14:36:18.900,4038.2000,24308,0,8265561000.000,0,-,-,-,-,4037.2000,4036.8000,4036.6000,4036.2000,4035.2000,4037.8000,4038.4000,4038.6000,4038.8000,4039.0000,1,1,1,1,1,1,2,7,1,2
SF,IF2006,2020-02-19 14:36:19.400,4037.8000,24308,0,8266772340.000,1,0,1,空换,B,4037.2000,4036.8000,4036.6000,4036.2000,4035.2000,4038.4000,4038.6000,4038.8000,4039.0000,4039.4000,1,1,1,1,1,1,7,1,2,1
SF,IF2006,2020-02-19 14:36:19.900,4037.8000,24308,0,8266772340.000,0,-,-,-,-,4037.2000,4036.8000,4036.6000,4036.2000,4035.2000,4038.2000,4038.4000,4038.6000,4039.0000,4039.4000,1,1,1,1,1,1,1,2,2,1
SF,IF2006,2020-02-19 14:36:20.400,4037.8000,24308,0,8266772340.000,0,-,-,-,-,4037.2000,4036.8000,4036.6000,4036.2000,4035.2000,4038.0000,4038.2000,4038.4000,4038.6000,4039.0000,1,1,1,1,1,5,1,1,2,2
SF,IF2006,2020-02-19 14:36:22.400,4037.8000,24308,0,8266772340.000,0,-,-,-,-,4037.2000,4036.8000,4036.6000,4036.2000,4035.2000,4037.8000,4038.0000,4038.2000,4038.4000,4038.6000,1,1,1,1,1,5,5,1,1,2
SF,IF2006,2020-02-19 14:36:22.900,4037.8000,24308,0,8266772340.000,0,-,-,-,-,4037.2000,4036.8000,4036.6000,4036.2000,4035.2000,4037.8000,4038.0000,4038.2000,4038.4000,4038.6000,1,1,1,1,1,5,6,1,1,2
SF,IF2006,2020-02-19 14:36:23.400,4037.2000,24307,-1,8267983500.000,1,0,1,双平,B,4036.8000,4036.6000,4036.2000,4035.2000,4034.2000,4037.8000,4038.0000,4038.6000,4039.0000,4039.4000,1,1,1,1,2,5,6,2,2,1
SF,IF2006,2020-02-19 14:36:23.900,4037.2000,24307,0,8267983500.000,0,-,-,-,-,4036.8000,4036.6000,4036.2000,4035.2000,4034.2000,4037.6000,4037.8000,4038.0000,4038.6000,4039.0000,1,1,1,1,2,1,5,6,2,2
SF,IF2006,2020-02-19 14:36:25.400,4037.2000,24307,0,8267983500.000,0,-,-,-,-,4036.8000,4036.6000,4036.2000,4035.2000,4034.2000,4037.4000,4037.6000,4037.8000,4038.0000,4038.6000,1,1,1,1,2,5,2,5,6,2
SF,IF2006,2020-02-19 14:36:25.900,4037.2000,24307,0,8267983500.000,0,-,-,-,-,4036.8000,4036.6000,4036.2000,4035.2000,4034.2000,4037.6000,4037.8000,4038.0000,4038.6000,4039.0000,1,1,1,1,2,1,5,6,2,1
SF,IF2006,2020-02-19 14:36:26.400,4036.8000,24307,0,8269194540.000,1,0,1,空换,B,4036.6000,4036.2000,4035.2000,4034.2000,4033.6000,4037.4000,4037.6000,4037.8000,4038.0000,4038.6000,1,1,1,2,1,5,2,5,6,2
SF,IF2006,2020-02-19 14:36:26.900,4036.6000,24307,0,8270405520.000,1,0,1,空换,B,4036.2000,4035.2000,4034.2000,4033.6000,4032.0000,4037.6000,4037.8000,4038.0000,4038.6000,4039.0000,1,1,2,1,3,1,5,6,2,1
SF,IF2006,2020-02-19 14:36:27.400,4036.6000,24307,0,8270405520.000,0,-,-,-,-,4036.2000,4035.2000,4034.2000,4033.6000,4032.0000,4037.4000,4037.6000,4037.8000,4038.0000,4039.0000,1,1,2,1,3,2,1,5,6,1
SF,IF2006,2020-02-19 14:36:27.900,4036.6000,24307,0,8270405520.000,0,-,-,-,-,4036.2000,4035.2000,4034.2000,4033.6000,4032.0000,4036.8000,4037.2000,4037.4000,4037.6000,4037.8000,1,1,2,1,3,1,5,2,2,5
SF,IF2006,2020-02-19 14:36:28.400,4036.8000,24306,-1,8271616560.000,1,0,1,双平,B,4036.2000,4035.2000,4034.2000,4033.6000,4032.0000,4037.4000,4037.8000,4038.0000,4039.0000,4039.4000,1,1,2,1,3,2,5,1,1,1
SF,IF2006,2020-02-19 14:36:28.900,4036.8000,24306,0,8271616560.000,0,-,-,-,-,4036.2000,4035.2000,4034.2000,4033.6000,4032.0000,4036.6000,4037.2000,4037.4000,4037.6000,4037.8000,1,1,2,1,3,1,6,2,1,5
SF,IF2006,2020-02-19 14:36:29.400,4036.2000,24306,0,8272827420.000,1,0,1,空换,B,4035.2000,4034.2000,4033.6000,4032.0000,4030.6000,4036.2000,4036.6000,4037.4000,4037.6000,4038.0000,1,2,1,3,1,1,1,2,1,1
SF,IF2006,2020-02-19 14:36:29.900,4036.2000,24306,0,8272827420.000,0,-,-,-,-,4035.4000,4035.2000,4034.2000,4033.6000,4032.0000,4036.6000,4037.4000,4037.6000,4039.0000,4039.4000,1,1,2,1,3,1,2,1,1,1
SF,IF2006,2020-02-19 14:36:30.400,4036.2000,24306,0,8272827420.000,0,-,-,-,-,4035.4000,4035.2000,4034.2000,4033.6000,4032.0000,4036.6000,4037.4000,4039.0000,4039.4000,4040.6000,1,1,2,1,3,1,2,1,1,1
SF,IF2006,2020-02-19 14:36:31.400,4035.2000,24307,1,8275248600.000,2,1,1,多开,B,4034.2000,4033.6000,4032.0000,4030.6000,4030.2000,4035.0000,4036.6000,4037.4000,4039.0000,4039.4000,2,1,3,1,2,2,1,2,1,1
SF,IF2006,2020-02-19 14:36:31.900,4035.2000,24309,2,8277669720.000,2,2,0,双开,B,4035.0000,4034.6000,4034.4000,4034.2000,4033.6000,4036.6000,4037.4000,4038.4000,4039.0000,4039.4000,2,1,4,2,1,1,2,1,1,1
SF,IF2006,2020-02-19 14:36:32.400,4035.2000,24309,0,8277669720.000,0,-,-,-,-,4034.6000,4034.4000,4034.2000,4033.6000,4032.0000,4036.6000,4037.4000,4038.4000,4039.0000,4039.4000,1,5,2,1,3,1,2,1,1,1
SF,IF2006,2020-02-19 14:36:32.900,4034.6000,24308,-1,8282511420.000,4,1,3,空平,B,4034.4000,4034.2000,4033.6000,4032.0000,4030.6000,4034.6000,4036.4000,4036.6000,4037.4000,4038.4000,4,2,1,3,1,2,1,1,2,1
SF,IF2006,2020-02-19 14:36:33.400,4034.6000,24308,0,8284932180.000,2,1,1,空换,B,4035.0000,4034.8000,4034.6000,4034.4000,4034.2000,4036.4000,4036.6000,4037.4000,4038.4000,4039.0000,1,1,5,3,2,1,1,2,1,1
SF,IF2006,2020-02-19 14:36:33.900,4034.6000,24308,0,8284932180.000,0,-,-,-,-,4034.8000,4034.6000,4034.4000,4034.2000,4033.6000,4036.6000,4037.4000,4038.4000,4039.0000,4039.4000,1,2,3,2,1,1,2,1,1,1
SF,IF2006,2020-02-19 14:36:34.400,4034.6000,24308,0,8284932180.000,0,-,-,-,-,4035.0000,4034.8000,4034.6000,4034.4000,4034.2000,4036.6000,4037.4000,4038.4000,4039.0000,4039.4000,3,2,3,1,2,1,2,1,1,1
SF,IF2006,2020-02-19 14:36:34.900,4034.6000,24308,0,8284932180.000,0,-,-,-,-,4035.0000,4034.8000,4034.6000,4034.4000,4034.2000,4036.6000,4037.4000,4038.4000,4039.0000,4039.4000,5,3,2,1,2,1,2,1,1,1
SF,IF2006,2020-02-19 14:36:35.400,4034.6000,24308,0,8284932180.000,0,-,-,-,-,4035.2000,4035.0000,4034.8000,4034.6000,4034.4000,4036.4000,4036.6000,4037.4000,4038.4000,4039.0000,1,5,2,3,1,1,1,2,1,1
SF,IF2006,2020-02-19 14:36:35.900,4034.6000,24308,0,8284932180.000,0,-,-,-,-,4035.2000,4035.0000,4034.8000,4034.6000,4034.4000,4036.4000,4036.6000,4037.4000,4038.4000,4039.0000,2,4,2,3,1,1,1,2,1,1
SF,IF2006,2020-02-19 14:36:36.400,4035.0000,24308,0,8286142680.000,1,0,1,空换,B,4035.4000,4035.2000,4035.0000,4034.8000,4034.6000,4036.4000,4036.6000,4037.4000,4038.4000,4039.0000,2,3,1,2,2,1,1,2,1,1
SF,IF2006,2020-02-19 14:36:36.900,4035.2000,24308,0,8287353240.000,1,0,1,空换,B,4035.2000,4035.0000,4034.8000,4034.6000,4034.4000,4036.4000,4036.6000,4037.4000,4038.4000,4039.0000,3,1,2,2,1,1,1,2,1,1
SF,IF2006,2020-02-19 14:36:37.400,4035.2000,24308,0,8287353240.000,0,-,-,-,-,4035.4000,4035.2000,4035.0000,4034.6000,4034.4000,4036.0000,4036.4000,4036.6000,4037.4000,4038.4000,2,3,1,2,1,1,1,1,2,1
SF,IF2006,2020-02-19 14:36:37.900,4036.0000,24307,-1,8288564040.000,1,0,1,双平,B,4035.4000,4035.2000,4035.0000,4034.6000,4034.4000,4036.4000,4036.6000,4037.4000,4038.4000,4039.0000,3,2,1,2,1,1,1,2,1,1
SF,IF2006,2020-02-19 14:36:38.400,4036.0000,24307,0,8288564040.000,0,-,-,-,-,4036.4000,4035.4000,4035.2000,4035.0000,4034.6000,4036.6000,4037.4000,4038.4000,4039.0000,4039.4000,1,3,1,1,2,1,2,1,1,1
SF,IF2006,2020-02-19 14:36:38.900,4036.4000,24307,0,8289774960.000,1,0,1,空换,B,4035.6000,4035.4000,4035.2000,4035.0000,4034.6000,4036.6000,4037.4000,4038.4000,4039.0000,4039.4000,2,2,1,1,2,1,2,1,1,1
SF,IF2006,2020-02-19 14:36:39.400,4036.4000,24307,0,8289774960.000,0,-,-,-,-,4036.2000,4035.6000,4035.4000,4035.2000,4035.0000,4036.6000,4037.4000,4038.4000,4039.0000,4039.4000,1,2,1,1,1,1,2,1,1,1
SF,IF2006,2020-02-19 14:36:40.400,4036.4000,24307,0,8289774960.000,0,-,-,-,-,4036.2000,4035.8000,4035.6000,4035.4000,4035.0000,4036.6000,4037.4000,4038.4000,4039.0000,4039.4000,1,1,1,1,1,2,2,1,1,1
SF,IF2006,2020-02-19 14:36:40.900,4036.2000,24307,0,8290985820.000,1,0,1,空换,B,4035.8000,4035.6000,4035.4000,4035.0000,4034.6000,4036.6000,4037.4000,4038.4000,4039.0000,4039.4000,1,1,1,1,1,2,2,1,1,1
SF,IF2006,2020-02-19 14:36:42.400,4036.2000,24307,0,8290985820.000,0,-,-,-,-,4035.8000,4034.6000,4034.4000,4034.2000,4033.6000,4036.6000,4037.4000,4038.4000,4039.0000,4039.4000,1,1,1,2,1,2,2,1,1,1
SF,IF2006,2020-02-19 14:36:42.900,4036.2000,24307,0,8290985820.000,0,-,-,-,-,4035.8000,4035.0000,4034.6000,4034.4000,4034.2000,4036.6000,4037.4000,4038.4000,4039.0000,4039.4000,1,1,1,1,2,2,2,1,1,1
SF,IF2006,2020-02-19 14:36:43.400,4036.6000,24307,0,8292196800.000,1,0,1,空换,B,4035.8000,4035.0000,4034.6000,4034.4000,4034.2000,4036.6000,4037.4000,4038.4000,4039.0000,4039.4000,1,1,1,1,2,1,2,1,1,1
SF,IF2006,2020-02-19 14:36:44.900,4036.6000,24307,0,8292196800.000,0,-,-,-,-,4036.0000,4035.8000,4035.0000,4034.6000,4034.4000,4036.6000,4037.4000,4038.4000,4039.0000,4039.4000,1,1,1,1,1,1,2,1,1,1
SF,IF2006,2020-02-19 14:36:46.400,4036.0000,24308,1,8293407600.000,1,1,0,双开,B,4035.8000,4035.0000,4034.6000,4034.4000,4034.2000,4036.6000,4037.4000,4038.4000,4039.0000,4039.4000,1,1,1,1,2,1,2,1,1,1
SF,IF2006,2020-02-19 14:36:47.400,4036.6000,24308,0,8294618580.000,1,0,1,空换,B,4035.8000,4035.0000,4034.6000,4034.4000,4034.2000,4037.4000,4038.4000,4039.0000,4039.4000,4040.6000,1,1,1,1,2,2,1,1,1,1
SF,IF2006,2020-02-19 14:36:47.900,4036.6000,24308,0,8294618580.000,0,-,-,-,-,4035.8000,4035.0000,4034.6000,4034.4000,4034.2000,4037.4000,4038.4000,4039.0000,4039.4000,4040.6000,1,1,1,1,2,2,1,1,1,1
SF,IF2006,2020-02-19 14:36:48.400,4035.8000,24308,0,8295829320.000,1,0,1,空换,B,4035.0000,4034.6000,4034.4000,4034.2000,4033.6000,4037.2000,4037.4000,4038.4000,4039.0000,4039.4000,1,1,1,2,1,2,2,1,1,1
SF,IF2006,2020-02-19 14:36:48.900,4035.8000,24308,0,8295829320.000,0,-,-,-,-,4035.0000,4034.6000,4034.4000,4034.2000,4033.6000,4035.8000,4037.0000,4037.2000,4038.4000,4039.0000,1,1,1,2,1,1,3,2,1,1
SF,IF2006,2020-02-19 14:36:49.400,4035.8000,24308,0,8295829320.000,0,-,-,-,-,4035.0000,4034.6000,4034.4000,4034.2000,4033.6000,4035.8000,4036.8000,4037.0000,4038.4000,4039.0000,1,1,1,2,1,1,1,4,1,1
SF,IF2006,2020-02-19 14:36:49.900,4035.8000,24308,0,8295829320.000,0,-,-,-,-,4035.0000,4034.6000,4034.4000,4034.2000,4033.6000,4035.8000,4036.8000,4037.0000,4038.4000,4039.0000,1,1,1,2,1,1,2,4,1,1
SF,IF2006,2020-02-19 14:36:50.400,4035.8000,24308,0,8295829320.000,0,-,-,-,-,4035.0000,4034.6000,4034.4000,4034.2000,4033.6000,4035.8000,4036.8000,4037.0000,4038.4000,4039.0000,1,1,1,2,1,1,2,4,1,1
SF,IF2006,2020-02-19 14:36:50.900,4035.8000,24308,0,8297040060.000,1,0,1,空换,B,4035.0000,4034.6000,4034.4000,4034.2000,4033.6000,4036.8000,4037.0000,4038.4000,4039.0000,4039.4000,1,1,1,2,1,2,3,1,1,1
SF,IF2006,2020-02-19 14:36:51.400,4035.8000,24308,0,8297040060.000,0,-,-,-,-,4035.2000,4035.0000,4034.6000,4034.4000,4034.2000,4036.8000,4037.0000,4038.4000,4039.0000,4039.4000,4,1,1,1,2,2,3,1,1,1
SF,IF2006,2020-02-19 14:36:51.900,4035.8000,24308,0,8297040060.000,0,-,-,-,-,4035.2000,4035.0000,4034.6000,4034.4000,4034.2000,4036.6000,4036.8000,4037.0000,4038.4000,4039.0000,4,1,1,1,2,1,1,3,1,1
SF,IF2006,2020-02-19 14:36:52.400,4035.8000,24308,0,8297040060.000,0,-,-,-,-,4035.2000,4035.0000,4034.6000,4034.4000,4034.2000,4036.6000,4037.0000,4038.4000,4039.0000,4039.4000,4,1,1,1,2,1,3,1,1,1
SF,IF2006,2020-02-19 14:36:52.900,4035.8000,24308,0,8297040060.000,0,-,-,-,-,4035.4000,4035.2000,4035.0000,4034.6000,4034.2000,4037.0000,4038.4000,4039.0000,4039.4000,4041.0000,3,4,1,1,2,3,1,1,1,1
SF,IF2006,2020-02-19 14:36:53.400,4035.8000,24308,0,8297040060.000,0,-,-,-,-,4035.4000,4035.2000,4035.0000,4034.6000,4034.2000,4037.0000,4038.4000,4039.0000,4039.4000,4041.0000,3,4,1,1,2,3,1,1,1,1
SF,IF2006,2020-02-19 14:36:53.900,4035.8000,24308,0,8297040060.000,0,-,-,-,-,4035.6000,4035.4000,4035.2000,4035.0000,4034.6000,4037.0000,4038.4000,4039.0000,4039.4000,4041.0000,2,3,4,1,1,3,1,1,1,1
SF,IF2006,2020-02-19 14:36:54.400,4035.8000,24308,0,8297040060.000,0,-,-,-,-,4035.8000,4035.6000,4035.4000,4035.2000,4035.0000,4037.0000,4038.4000,4039.0000,4039.4000,4041.0000,1,2,3,4,1,2,1,1,1,1
SF,IF2006,2020-02-19 14:36:54.900,4035.8000,24308,0,8297040060.000,0,-,-,-,-,4035.8000,4035.6000,4035.4000,4035.2000,4035.0000,4037.0000,4038.4000,4039.0000,4039.4000,4041.0000,1,2,2,4,1,2,1,1,1,1
SF,IF2006,2020-02-19 14:36:56.400,4035.8000,24308,0,8297040060.000,0,-,-,-,-,4035.8000,4035.6000,4035.4000,4035.2000,4035.0000,4037.0000,4038.4000,4039.0000,4039.4000,4041.0000,1,2,1,4,1,2,1,1,1,1
SF,IF2006,2020-02-19 14:36:56.900,4035.8000,24308,0,8297040060.000,0,-,-,-,-,4035.4000,4035.2000,4035.0000,4034.6000,4034.2000,4037.0000,4038.4000,4039.0000,4039.4000,4041.0000,1,4,1,1,2,2,1,1,1,1
SF,IF2006,2020-02-19 14:36:57.400,4035.8000,24308,0,8297040060.000,0,-,-,-,-,4035.4000,4035.2000,4035.0000,4034.6000,4034.2000,4036.8000,4037.0000,4038.4000,4039.0000,4039.4000,1,4,1,1,2,1,2,1,1,1
SF,IF2006,2020-02-19 14:36:58.400,4035.8000,24308,0,8297040060.000,0,-,-,-,-,4035.6000,4035.2000,4035.0000,4034.6000,4034.2000,4036.8000,4037.0000,4038.4000,4039.0000,4039.4000,1,3,1,1,2,1,2,1,1,1
SF,IF2006,2020-02-19 14:36:58.900,4035.8000,24308,0,8297040060.000,0,-,-,-,-,4035.6000,4035.2000,4034.6000,4034.2000,4033.6000,4037.0000,4038.4000,4039.0000,4039.4000,4041.0000,2,3,1,2,1,2,1,1,1,1
SF,IF2006,2020-02-19 14:36:59.900,4035.8000,24308,0,8297040060.000,0,-,-,-,-,4035.8000,4035.6000,4035.2000,4034.6000,4034.2000,4037.0000,4038.4000,4039.0000,4039.4000,4041.0000,2,1,3,1,2,3,1,1,1,1
SF,IF2006,2020-02-19 14:37:00.900,4035.8000,24308,0,8297040060.000,0,-,-,-,-,4035.8000,4035.6000,4035.2000,4034.6000,4034.2000,4037.0000,4038.4000,4039.0000,4039.4000,4041.0000,2,1,3,1,2,4,1,1,1,1
SF,IF2006,2020-02-19 14:37:01.400,4037.0000,24308,0,8299462260.000,2,1,1,空换,B,4035.8000,4035.6000,4035.2000,4034.6000,4034.2000,4038.4000,4039.0000,4039.4000,4041.0000,4041.6000,2,1,3,1,2,1,1,1,1,1
SF,IF2006,2020-02-19 14:37:01.900,4037.0000,24308,0,8299462260.000,0,-,-,-,-,4036.0000,4035.8000,4035.6000,4034.6000,4034.2000,4038.2000,4038.4000,4039.0000,4039.4000,4041.0000,3,2,1,1,2,3,1,1,1,1
SF,IF2006,2020-02-19 14:37:02.400,4037.0000,24308,0,8299462260.000,0,-,-,-,-,4036.2000,4036.0000,4035.8000,4035.6000,4034.6000,4038.2000,4038.4000,4039.0000,4039.4000,4041.0000,1,4,1,1,1,3,1,1,1,1
SF,IF2006,2020-02-19 14:37:02.900,4037.0000,24308,0,8299462260.000,0,-,-,-,-,4036.6000,4036.4000,4036.2000,4036.0000,4035.8000,4038.2000,4038.4000,4039.0000,4039.4000,4041.0000,1,3,2,2,1,3,1,1,1,1
SF,IF2006,2020-02-19 14:37:03.400,4037.0000,24308,0,8299462260.000,0,-,-,-,-,4036.6000,4036.4000,4036.2000,4036.0000,4035.8000,4038.2000,4038.4000,4039.0000,4039.4000,4041.0000,1,3,1,2,1,3,1,1,1,1
SF,IF2006,2020-02-19 14:37:03.900,4037.0000,24308,0,8299462260.000,0,-,-,-,-,4036.6000,4036.4000,4036.2000,4036.0000,4035.8000,4038.2000,4038.4000,4039.0000,4039.4000,4041.0000,1,3,1,2,1,3,1,1,1,1
SF,IF2006,2020-02-19 14:37:04.400,4037.0000,24308,0,8299462260.000,0,-,-,-,-,4036.8000,4036.6000,4036.4000,4036.0000,4035.8000,4038.2000,4038.4000,4039.0000,4039.4000,4041.0000,1,2,3,2,1,3,1,1,1,1
SF,IF2006,2020-02-19 14:37:04.900,4037.0000,24308,0,8299462260.000,0,-,-,-,-,4036.8000,4036.6000,4036.4000,4036.0000,4035.8000,4038.2000,4038.4000,4039.0000,4039.4000,4041.0000,1,2,3,2,1,2,1,1,1,1
SF,IF2006,2020-02-19 14:37:05.400,4037.0000,24308,0,8299462260.000,0,-,-,-,-,4036.8000,4036.6000,4036.4000,4036.0000,4035.8000,4038.2000,4038.4000,4039.0000,4039.4000,4041.0000,1,2,2,1,1,2,1,1,1,1
SF,IF2006,2020-02-19 14:37:05.900,4038.0000,24309,1,8300673660.000,1,1,0,双开,B,4037.0000,4036.8000,4036.6000,4036.4000,4036.0000,4038.2000,4038.4000,4039.0000,4039.4000,4041.0000,1,1,1,2,1,2,1,1,1,1
SF,IF2006,2020-02-19 14:37:06.400,4038.0000,24309,0,8300673660.000,0,-,-,-,-,4037.0000,4036.8000,4036.6000,4036.4000,4036.0000,4038.2000,4039.0000,4039.4000,4041.0000,4041.6000,1,1,1,2,1,2,1,1,1,1
SF,IF2006,2020-02-19 14:37:06.900,4038.0000,24309,0,8300673660.000,0,-,-,-,-,4037.2000,4037.0000,4036.6000,4036.4000,4036.0000,4038.2000,4039.0000,4039.4000,4041.0000,4041.6000,1,2,1,2,1,2,1,1,1,1
SF,IF2006,2020-02-19 14:37:07.400,4038.0000,24309,0,8300673660.000,0,-,-,-,-,4037.2000,4037.0000,4036.6000,4036.4000,4036.0000,4038.0000,4038.2000,4039.0000,4039.4000,4041.0000,1,2,1,2,1,1,2,1,1,1
SF,IF2006,2020-02-19 14:37:07.900,4038.0000,24309,0,8300673660.000,0,-,-,-,-,4037.2000,4037.0000,4036.6000,4036.4000,4036.0000,4038.0000,4038.2000,4039.0000,4039.4000,4041.0000,1,1,1,2,1,1,2,1,1,1
SF,IF2006,2020-02-19 14:37:08.400,4038.0000,24309,0,8300673660.000,0,-,-,-,-,4037.2000,4037.0000,4036.4000,4036.0000,4035.8000,4038.0000,4038.2000,4039.0000,4039.4000,4041.0000,1,1,2,1,1,1,2,1,1,1
SF,IF2006,2020-02-19 14:37:09.400,4038.0000,24310,1,8301885060.000,1,1,0,双开,B,4037.2000,4037.0000,4036.4000,4036.0000,4035.8000,4038.2000,4039.0000,4039.4000,4041.0000,4041.6000,1,1,2,1,1,2,1,1,1,1
SF,IF2006,2020-02-19 14:37:09.900,4038.0000,24310,0,8301885060.000,0,-,-,-,-,4037.2000,4037.0000,4036.4000,4036.0000,4035.8000,4039.0000,4039.4000,4041.0000,4041.6000,4042.6000,1,1,2,1,1,1,1,1,1,1
SF,IF2006,2020-02-19 14:37:10.400,4038.0000,24310,0,8301885060.000,0,-,-,-,-,4037.4000,4037.2000,4037.0000,4036.4000,4036.0000,4039.0000,4039.4000,4041.0000,4041.6000,4042.6000,1,1,1,2,1,1,1,1,1,1
SF,IF2006,2020-02-19 14:37:10.900,4038.0000,24310,0,8301885060.000,0,-,-,-,-,4037.4000,4037.2000,4036.4000,4036.0000,4035.8000,4039.0000,4039.4000,4041.0000,4041.6000,4042.6000,1,1,2,1,1,1,1,1,1,1
SF,IF2006,2020-02-19 14:37:11.400,4038.0000,24310,0,8301885060.000,0,-,-,-,-,4037.6000,4037.2000,4036.4000,4036.0000,4035.8000,4039.0000,4039.4000,4041.0000,4041.6000,4042.6000,2,1,2,1,1,1,1,1,1,1
SF,IF2006,2020-02-19 14:37:11.900,4038.0000,24310,0,8301885060.000,0,-,-,-,-,4037.6000,4037.2000,4036.4000,4035.8000,4035.6000,4039.0000,4039.4000,4041.0000,4041.6000,4042.6000,3,1,2,1,1,1,1,1,1,1
SF,IF2006,2020-02-19 14:37:12.400,4038.0000,24310,0,8301885060.000,0,-,-,-,-,4037.6000,4037.2000,4036.4000,4035.8000,4035.6000,4039.0000,4039.4000,4041.0000,4041.6000,4042.6000,2,1,2,1,1,1,1,1,1,1
SF,IF2006,2020-02-19 14:37:12.900,4038.0000,24310,0,8301885060.000,0,-,-,-,-,4037.6000,4037.2000,4036.4000,4035.8000,4035.6000,4039.0000,4039.4000,4041.0000,4041.6000,4042.6000,1,1,2,1,1,1,1,1,1,1
SF,IF2006,2020-02-19 14:37:13.900,4038.0000,24310,0,8301885060.000,0,-,-,-,-,4037.8000,4037.6000,4036.4000,4035.8000,4035.6000,4039.0000,4039.4000,4041.0000,4041.6000,4042.6000,1,1,2,1,1,1,1,1,1,1
SF,IF2006,2020-02-19 14:37:15.900,4038.0000,24310,0,8301885060.000,0,-,-,-,-,4037.6000,4036.4000,4035.8000,4035.6000,4035.0000,4039.0000,4039.4000,4041.0000,4041.6000,4042.6000,1,2,1,1,1,1,1,1,1,1
SF,IF2006,2020-02-19 14:37:18.400,4039.0000,24311,1,8303096760.000,1,1,0,双开,B,4037.6000,4036.4000,4035.8000,4035.6000,4035.0000,4039.4000,4041.0000,4041.6000,4042.6000,4042.8000,1,2,1,1,1,1,1,1,1,1
SF,IF2006,2020-02-19 14:37:18.900,4039.0000,24311,0,8303096760.000,0,-,-,-,-,4037.6000,4036.4000,4035.8000,4035.6000,4035.0000,4039.2000,4039.4000,4041.0000,4041.6000,4042.6000,1,2,1,1,1,2,1,1,1,1
SF,IF2006,2020-02-19 14:37:19.900,4039.0000,24311,0,8303096760.000,0,-,-,-,-,4037.8000,4037.6000,4036.4000,4035.8000,4035.6000,4039.2000,4039.4000,4041.0000,4041.6000,4042.6000,2,1,2,1,1,2,1,1,1,1
SF,IF2006,2020-02-19 14:37:20.900,4039.0000,24311,0,8303096760.000,0,-,-,-,-,4038.0000,4037.8000,4036.4000,4035.8000,4035.6000,4039.2000,4039.4000,4041.0000,4041.6000,4042.6000,1,2,2,1,1,2,1,1,1,1
SF,IF2006,2020-02-19 14:37:21.900,4039.0000,24311,0,8303096760.000,0,-,-,-,-,4036.4000,4035.8000,4035.6000,4035.0000,4034.6000,4039.0000,4039.2000,4039.4000,4041.0000,4041.6000,2,1,1,1,1,5,2,1,1,1
SF,IF2006,2020-02-19 14:37:22.400,4039.0000,24311,0,8303096760.000,0,-,-,-,-,4037.0000,4036.8000,4036.6000,4036.4000,4036.2000,4038.8000,4039.4000,4041.6000,4042.6000,4042.8000,1,1,4,2,1,3,1,1,1,1
SF,IF2006,2020-02-19 14:37:22.900,4039.0000,24311,0,8303096760.000,0,-,-,-,-,4037.6000,4037.0000,4036.8000,4036.6000,4036.4000,4038.6000,4038.8000,4039.0000,4039.4000,4041.6000,1,1,1,3,2,2,3,2,1,1
SF,IF2006,2020-02-19 14:37:23.400,4039.0000,24311,0,8303096760.000,0,-,-,-,-,4037.6000,4037.0000,4036.6000,4036.4000,4035.8000,4038.6000,4038.8000,4039.0000,4039.4000,4041.6000,1,1,3,2,1,2,2,2,1,1
SF,IF2006,2020-02-19 14:37:23.900,4039.0000,24311,0,8303096760.000,0,-,-,-,-,4037.6000,4037.0000,4036.6000,4036.4000,4035.8000,4038.6000,4038.8000,4039.0000,4039.4000,4041.6000,1,1,2,2,1,2,2,2,1,1
SF,IF2006,2020-02-19 14:37:24.400,4039.0000,24311,0,8303096760.000,0,-,-,-,-,4037.6000,4037.0000,4036.6000,4036.4000,4035.8000,4038.6000,4038.8000,4039.0000,4039.4000,4041.6000,1,1,2,2,1,2,2,2,1,1
SF,IF2006,2020-02-19 14:37:24.900,4039.0000,24311,0,8303096760.000,0,-,-,-,-,4037.6000,4037.0000,4036.6000,4036.4000,4035.8000,4038.6000,4038.8000,4039.0000,4039.4000,4041.6000,1,1,2,2,1,2,2,2,1,1
SF,IF2006,2020-02-19 14:37:25.400,4039.0000,24311,0,8303096760.000,0,-,-,-,-,4037.6000,4037.0000,4036.6000,4036.4000,4035.8000,4038.6000,4038.8000,4039.0000,4039.4000,4041.6000,1,1,2,2,1,1,2,2,1,1
SF,IF2006,2020-02-19 14:37:25.900,4039.0000,24311,0,8303096760.000,0,-,-,-,-,4037.6000,4037.0000,4036.6000,4036.4000,4035.8000,4038.6000,4038.8000,4039.0000,4039.4000,4041.6000,1,1,2,2,1,1,2,2,1,1
SF,IF2006,2020-02-19 14:37:26.400,4039.0000,24311,0,8303096760.000,0,-,-,-,-,4037.6000,4037.0000,4036.6000,4036.4000,4035.8000,4038.6000,4038.8000,4039.0000,4039.4000,4041.6000,1,1,2,2,1,1,2,2,1,1
SF,IF2006,2020-02-19 14:37:27.900,4039.0000,24311,0,8303096760.000,0,-,-,-,-,4037.6000,4037.0000,4036.6000,4036.4000,4035.8000,4038.8000,4039.0000,4039.4000,4041.6000,4042.6000,1,1,2,2,1,2,2,1,1,1
SF,IF2006,2020-02-19 14:37:29.400,4039.0000,24311,0,8303096760.000,0,-,-,-,-,4037.6000,4037.0000,4036.6000,4036.4000,4035.8000,4038.6000,4038.8000,4039.0000,4039.4000,4041.6000,1,1,2,2,1,1,2,2,1,1
SF,IF2006,2020-02-19 14:37:30.400,4039.0000,24311,0,8303096760.000,0,-,-,-,-,4037.8000,4037.6000,4037.0000,4036.6000,4036.4000,4038.6000,4038.8000,4039.0000,4039.4000,4041.6000,1,1,1,2,2,1,2,2,1,1
SF,IF2006,2020-02-19 14:37:30.900,4039.0000,24311,0,8303096760.000,0,-,-,-,-,4037.8000,4037.6000,4037.0000,4036.6000,4036.4000,4038.6000,4038.8000,4039.0000,4039.4000,4041.6000,1,1,1,2,2,1,2,1,1,1
SF,IF2006,2020-02-19 14:37:31.400,4039.0000,24311,0,8303096760.000,0,-,-,-,-,4037.8000,4037.6000,4037.0000,4036.6000,4036.4000,4038.8000,4039.0000,4039.4000,4041.6000,4042.6000,1,1,1,2,2,2,1,1,1,1
SF,IF2006,2020-02-19 14:37:32.400,4039.0000,24311,0,8303096760.000,0,-,-,-,-,4037.8000,4037.6000,4037.0000,4036.6000,4036.4000,4038.8000,4039.0000,4039.4000,4041.6000,4042.6000,2,1,1,2,2,2,1,1,1,1
SF,IF2006,2020-02-19 14:37:34.900,4037.8000,24311,0,8304308100.000,1,0,1,空换,B,4037.8000,4037.6000,4037.0000,4036.6000,4036.4000,4038.8000,4039.0000,4039.4000,4041.6000,4042.6000,1,1,1,2,2,2,1,1,1,1
SF,IF2006,2020-02-19 14:37:35.400,4037.8000,24311,0,8304308100.000,0,-,-,-,-,4037.8000,4037.6000,4037.0000,4036.6000,4036.4000,4038.6000,4038.8000,4039.0000,4039.4000,4041.6000,1,1,1,2,2,1,2,1,1,1
SF,IF2006,2020-02-19 14:37:36.400,4037.8000,24311,0,8304308100.000,0,-,-,-,-,4037.8000,4037.6000,4037.0000,4036.6000,4036.4000,4038.6000,4038.8000,4039.0000,4039.4000,4040.6000,1,1,1,2,2,1,2,1,1,1
SF,IF2006,2020-02-19 14:37:40.900,4037.8000,24311,0,8304308100.000,0,-,-,-,-,4037.8000,4037.0000,4036.6000,4036.4000,4035.8000,4038.6000,4038.8000,4039.0000,4039.4000,4040.6000,1,1,2,2,1,1,2,1,1,1
SF,IF2006,2020-02-19 14:37:43.400,4037.8000,24311,0,8304308100.000,0,-,-,-,-,4037.8000,4037.0000,4036.6000,4036.4000,4036.0000,4038.6000,4038.8000,4039.0000,4039.4000,4040.6000,1,1,2,2,1,1,2,1,1,1
SF,IF2006,2020-02-19 14:37:44.900,4037.8000,24311,0,8304308100.000,0,-,-,-,-,4038.0000,4037.8000,4037.0000,4036.6000,4036.4000,4038.6000,4038.8000,4039.0000,4039.4000,4040.6000,5,1,1,2,2,1,2,1,1,1
SF,IF2006,2020-02-19 14:37:45.900,4037.8000,24311,0,8304308100.000,0,-,-,-,-,4038.0000,4037.8000,4037.0000,4036.6000,4036.4000,4038.8000,4039.0000,4039.4000,4040.6000,4041.6000,5,1,1,2,2,2,1,1,1,1
SF,IF2006,2020-02-19 14:37:46.400,4037.8000,24311,0,8304308100.000,0,-,-,-,-,4038.0000,4037.8000,4037.0000,4036.6000,4036.4000,4038.8000,4039.4000,4040.6000,4041.6000,4042.6000,5,1,1,2,2,2,1,1,1,1
SF,IF2006,2020-02-19 14:37:50.400,4037.8000,24311,0,8304308100.000,0,-,-,-,-,4038.0000,4037.8000,4037.0000,4036.6000,4036.4000,4038.8000,4039.4000,4039.8000,4040.6000,4041.6000,5,1,1,2,2,2,1,1,1,1
SF,IF2006,2020-02-19 14:37:50.900,4038.0000,24310,-1,8305519500.000,1,0,1,双平,B,4038.0000,4037.8000,4037.0000,4036.6000,4036.4000,4038.8000,4039.4000,4039.8000,4040.6000,4041.6000,4,1,1,2,2,2,1,1,1,1
SF,IF2006,2020-02-19 14:37:51.400,4038.0000,24310,0,8306730900.000,1,0,1,空换,B,4038.0000,4037.8000,4037.0000,4036.6000,4036.4000,4038.8000,4039.4000,4039.8000,4040.6000,4041.6000,3,1,1,2,2,2,1,1,1,1
SF,IF2006,2020-02-19 14:37:51.900,4038.0000,24309,-1,8309153700.000,2,0,2,空平,B,4038.0000,4037.8000,4037.0000,4036.6000,4036.4000,4038.6000,4038.8000,4039.4000,4039.8000,4040.6000,1,1,1,2,2,1,2,1,1,1
SF,IF2006,2020-02-19 14:37:52.400,4038.0000,24308,-1,8310365100.000,1,0,1,双平,B,4037.8000,4037.0000,4036.6000,4036.4000,4035.8000,4038.6000,4038.8000,4039.4000,4039.8000,4040.6000,1,1,2,2,1,1,2,1,1,1
SF,IF2006,2020-02-19 14:37:52.900,4038.0000,24308,0,8310365100.000,0,-,-,-,-,4037.8000,4037.0000,4036.6000,4036.4000,4035.8000,4038.0000,4038.6000,4038.8000,4039.4000,4039.8000,1,1,2,2,1,1,1,2,1,1
SF,IF2006,2020-02-19 14:37:53.400,4038.0000,24307,-1,8311576500.000,1,0,1,双平,B,4037.8000,4037.0000,4036.6000,4036.4000,4035.8000,4038.6000,4038.8000,4039.4000,4039.8000,4040.6000,1,1,2,2,1,1,2,1,1,1
SF,IF2006,2020-02-19 14:37:53.900,4038.0000,24307,0,8311576500.000,0,-,-,-,-,4037.8000,4037.0000,4036.6000,4036.4000,4035.8000,4038.4000,4038.8000,4039.4000,4039.8000,4040.6000,1,1,1,2,1,1,2,1,1,1
SF,IF2006,2020-02-19 14:37:54.400,4038.0000,24307,0,8311576500.000,0,-,-,-,-,4037.8000,4037.0000,4036.6000,4036.4000,4035.8000,4038.8000,4039.4000,4039.8000,4040.6000,4041.6000,1,1,1,2,1,2,1,1,1,1
SF,IF2006,2020-02-19 14:37:54.900,4038.0000,24307,0,8311576500.000,0,-,-,-,-,4037.8000,4037.0000,4036.6000,4036.4000,4035.8000,4038.8000,4039.4000,4039.8000,4040.6000,4041.6000,1,1,1,2,1,2,1,1,1,1
SF,IF2006,2020-02-19 14:37:55.400,4038.0000,24307,0,8311576500.000,0,-,-,-,-,4037.8000,4037.0000,4036.6000,4036.4000,4035.8000,4038.8000,4039.0000,4039.4000,4039.8000,4040.6000,1,1,1,2,1,2,1,1,1,1
SF,IF2006,2020-02-19 14:37:55.900,4038.0000,24307,0,8311576500.000,0,-,-,-,-,4037.8000,4037.0000,4036.6000,4036.4000,4035.8000,4038.6000,4038.8000,4039.0000,4039.4000,4039.8000,1,1,1,2,1,1,2,1,1,1
SF,IF2006,2020-02-19 14:37:57.400,4038.0000,24307,0,8311576500.000,0,-,-,-,-,4037.8000,4037.0000,4036.6000,4036.4000,4035.8000,4038.6000,4038.8000,4039.4000,4039.8000,4040.6000,1,1,1,2,1,1,2,1,1,1
SF,IF2006,2020-02-19 14:38:01.400,4038.0000,24307,0,8311576500.000,0,-,-,-,-,4037.8000,4037.0000,4036.4000,4035.8000,4035.6000,4038.6000,4038.8000,4039.4000,4039.8000,4040.6000,1,1,2,1,1,1,2,1,1,1
SF,IF2006,2020-02-19 14:38:02.400,4038.0000,24307,0,8311576500.000,0,-,-,-,-,4037.8000,4037.0000,4036.4000,4035.8000,4035.6000,4038.4000,4038.6000,4038.8000,4039.4000,4039.8000,1,1,2,1,1,1,1,2,1,1
SF,IF2006,2020-02-19 14:38:02.900,4038.0000,24307,0,8311576500.000,0,-,-,-,-,4037.8000,4037.0000,4036.4000,4035.8000,4035.6000,4038.4000,4038.6000,4038.8000,4039.4000,4039.8000,1,1,2,1,1,1,1,2,1,1
SF,IF2006,2020-02-19 14:38:04.400,4037.8000,24307,0,8312787840.000,1,0,1,空换,B,4037.0000,4036.4000,4035.8000,4035.6000,4035.0000,4038.4000,4038.6000,4038.8000,4039.4000,4039.8000,1,2,1,1,1,1,1,2,1,1
SF,IF2006,2020-02-19 14:38:05.900,4037.8000,24307,0,8312787840.000,0,-,-,-,-,4037.2000,4037.0000,4036.4000,4035.8000,4035.6000,4038.4000,4038.6000,4038.8000,4039.4000,4039.8000,1,1,2,1,1,1,1,2,1,1
SF,IF2006,2020-02-19 14:38:06.900,4037.8000,24307,0,8312787840.000,0,-,-,-,-,4037.2000,4037.0000,4036.4000,4035.8000,4035.6000,4038.6000,4038.8000,4039.4000,4039.8000,4040.6000,1,1,2,1,1,1,2,1,1,1
SF,IF2006,2020-02-19 14:38:07.400,4037.8000,24307,0,8312787840.000,0,-,-,-,-,4037.4000,4037.2000,4037.0000,4036.4000,4035.8000,4038.6000,4038.8000,4039.4000,4039.8000,4040.6000,1,1,1,2,1,1,2,1,1,1
SF,IF2006,2020-02-19 14:38:08.900,4037.8000,24307,0,8312787840.000,0,-,-,-,-,4037.4000,4037.0000,4036.4000,4035.8000,4035.6000,4038.6000,4038.8000,4039.4000,4039.8000,4040.6000,1,1,2,1,1,1,2,1,1,1
SF,IF2006,2020-02-19 14:38:09.400,4037.8000,24307,0,8312787840.000,0,-,-,-,-,4037.0000,4036.4000,4035.8000,4035.6000,4035.0000,4038.6000,4038.8000,4039.4000,4039.8000,4040.6000,1,2,1,1,1,1,2,1,1,1
SF,IF2006,2020-02-19 14:38:09.900,4037.8000,24307,0,8312787840.000,0,-,-,-,-,4037.0000,4036.4000,4035.8000,4035.6000,4035.0000,4038.4000,4038.6000,4039.4000,4039.8000,4040.6000,1,2,1,1,1,2,1,1,1,1
SF,IF2006,2020-02-19 14:38:10.400,4037.8000,24307,0,8312787840.000,0,-,-,-,-,4037.0000,4036.4000,4035.8000,4035.6000,4035.0000,4038.4000,4038.6000,4039.4000,4039.8000,4040.6000,1,2,1,1,1,4,1,1,1,1
SF,IF2006,2020-02-19 14:38:10.900,4037.8000,24307,0,8312787840.000,0,-,-,-,-,4037.0000,4036.4000,4035.8000,4035.6000,4035.0000,4038.4000,4038.6000,4039.4000,4039.8000,4040.6000,1,2,1,1,1,3,1,1,1,1
SF,IF2006,2020-02-19 14:38:11.400,4037.8000,24307,0,8312787840.000,0,-,-,-,-,4037.2000,4037.0000,4036.4000,4035.8000,4035.6000,4038.4000,4039.4000,4039.8000,4040.6000,4041.6000,1,1,2,1,1,3,1,1,1,1
SF,IF2006,2020-02-19 14:38:11.900,4037.8000,24307,0,8312787840.000,0,-,-,-,-,4037.2000,4037.0000,4036.4000,4035.8000,4035.6000,4038.4000,4039.4000,4039.8000,4040.6000,4041.6000,1,1,2,1,1,3,1,1,1,1
SF,IF2006,2020-02-19 14:38:12.400,4037.8000,24307,0,8312787840.000,0,-,-,-,-,4037.2000,4037.0000,4036.4000,4035.8000,4035.6000,4038.4000,4039.4000,4039.8000,4040.6000,4041.6000,1,1,2,1,1,2,1,1,1,1
SF,IF2006,2020-02-19 14:38:13.400,4037.2000,24307,0,8313999000.000,1,0,1,空换,B,4037.0000,4036.4000,4035.8000,4035.6000,4035.0000,4038.4000,4039.4000,4039.8000,4040.6000,4041.6000,1,2,1,1,1,2,1,1,1,1
SF,IF2006,2020-02-19 14:38:14.400,4037.2000,24307,0,8313999000.000,0,-,-,-,-,4037.0000,4036.4000,4035.8000,4035.6000,4035.0000,4038.2000,4038.4000,4039.4000,4039.8000,4040.6000,1,2,1,1,1,1,2,1,1,1
SF,IF2006,2020-02-19 14:38:15.400,4037.2000,24307,0,8313999000.000,0,-,-,-,-,4037.2000,4037.0000,4036.4000,4035.8000,4035.6000,4038.2000,4038.4000,4039.4000,4039.8000,4040.6000,1,1,2,1,1,1,2,1,1,1
SF,IF2006,2020-02-19 14:38:17.900,4037.2000,24307,0,8313999000.000,0,-,-,-,-,4037.0000,4036.4000,4035.8000,4035.6000,4035.0000,4038.2000,4038.4000,4039.4000,4039.8000,4040.6000,1,2,1,1,1,1,2,1,1,1
SF,IF2006,2020-02-19 14:38:18.400,4037.2000,24307,0,8313999000.000,0,-,-,-,-,4037.0000,4036.4000,4035.8000,4035.6000,4035.0000,4038.2000,4038.4000,4039.4000,4039.8000,4040.6000,1,2,1,1,1,1,2,1,1,1
SF,IF2006,2020-02-19 14:38:18.900,4037.2000,24307,0,8313999000.000,0,-,-,-,-,4037.0000,4035.8000,4035.6000,4035.0000,4034.6000,4038.0000,4038.2000,4039.4000,4039.8000,4040.6000,1,1,1,1,1,2,1,1,1,1
SF,IF2006,2020-02-19 14:38:24.400,4038.0000,24308,1,8315210400.000,1,1,0,双开,B,4037.0000,4035.8000,4035.6000,4035.0000,4034.6000,4038.0000,4038.2000,4039.4000,4039.8000,4040.6000,1,1,1,1,1,1,1,1,1,1
SF,IF2006,2020-02-19 14:38:24.900,4038.0000,24309,1,8316421800.000,1,1,0,双开,B,4037.2000,4037.0000,4035.8000,4035.6000,4035.0000,4039.4000,4039.8000,4040.6000,4041.6000,4042.6000,1,1,1,1,1,1,1,1,1,1
SF,IF2006,2020-02-19 14:38:25.400,4038.0000,24309,0,8316421800.000,0,-,-,-,-,4037.4000,4037.2000,4037.0000,4035.8000,4035.6000,4039.2000,4039.4000,4039.8000,4040.6000,4041.6000,3,1,1,1,1,3,1,1,1,1
SF,IF2006,2020-02-19 14:38:25.900,4037.4000,24310,1,8317633020.000,1,1,0,双开,B,4037.4000,4037.2000,4037.0000,4035.8000,4035.6000,4039.0000,4039.2000,4039.4000,4039.8000,4040.6000,3,1,1,1,1,1,3,1,1,1
SF,IF2006,2020-02-19 14:38:26.400,4037.4000,24310,0,8317633020.000,0,-,-,-,-,4037.4000,4037.2000,4037.0000,4035.8000,4035.6000,4038.8000,4039.0000,4039.2000,4039.4000,4039.8000,3,1,1,1,1,1,1,3,1,1
SF,IF2006,2020-02-19 14:38:26.900,4037.4000,24310,0,8317633020.000,0,-,-,-,-,4037.6000,4037.4000,4037.2000,4037.0000,4035.8000,4038.8000,4039.0000,4039.2000,4039.4000,4039.8000,1,3,1,1,1,1,1,3,1,1
SF,IF2006,2020-02-19 14:38:27.400,4037.4000,24310,0,8317633020.000,0,-,-,-,-,4037.6000,4037.4000,4037.0000,4035.8000,4035.6000,4038.6000,4038.8000,4039.2000,4039.4000,4039.8000,1,3,1,1,1,1,1,3,1,1
SF,IF2006,2020-02-19 14:38:28.400,4037.4000,24310,0,8317633020.000,0,-,-,-,-,4037.4000,4037.0000,4035.8000,4035.6000,4035.0000,4038.6000,4038.8000,4039.2000,4039.4000,4039.8000,3,1,1,1,1,1,1,3,1,1
SF,IF2006,2020-02-19 14:38:29.900,4038.8000,24311,1,8320056240.000,2,1,1,多开,B,4037.4000,4037.0000,4035.8000,4035.6000,4035.0000,4039.2000,4039.4000,4039.8000,4040.6000,4041.6000,3,1,1,1,1,3,1,1,1,1
SF,IF2006,2020-02-19 14:38:30.400,4038.8000,24311,0,8320056240.000,0,-,-,-,-,4037.6000,4037.4000,4037.0000,4035.8000,4035.6000,4039.2000,4039.4000,4039.8000,4040.6000,4041.6000,2,2,1,1,1,1,1,1,1,1
SF,IF2006,2020-02-19 14:38:30.900,4038.8000,24311,0,8320056240.000,0,-,-,-,-,4037.8000,4037.6000,4037.0000,4035.8000,4035.6000,4039.2000,4039.4000,4039.8000,4040.6000,4041.6000,3,2,1,1,1,1,1,1,1,1
SF,IF2006,2020-02-19 14:38:31.400,4038.8000,24311,0,8320056240.000,0,-,-,-,-,4038.0000,4037.8000,4037.0000,4035.8000,4035.6000,4039.4000,4039.8000,4040.6000,4041.6000,4042.0000,2,3,1,1,1,1,1,1,1,1
SF,IF2006,2020-02-19 14:38:31.900,4038.8000,24311,0,8320056240.000,0,-,-,-,-,4038.2000,4038.0000,4037.8000,4037.0000,4035.8000,4039.4000,4039.8000,4040.6000,4041.6000,4042.0000,3,2,1,1,1,1,1,1,1,1
SF,IF2006,2020-02-19 14:38:32.900,4038.8000,24311,0,8320056240.000,0,-,-,-,-,4038.2000,4038.0000,4037.0000,4035.8000,4035.6000,4039.4000,4039.8000,4040.6000,4041.6000,4042.0000,3,2,1,1,1,1,1,1,1,1
SF,IF2006,2020-02-19 14:38:33.400,4038.8000,24311,0,8320056240.000,0,-,-,-,-,4038.6000,4038.2000,4038.0000,4037.0000,4035.8000,4039.4000,4039.8000,4040.6000,4041.6000,4042.0000,1,3,2,1,1,1,1,1,1,1
SF,IF2006,2020-02-19 14:38:36.400,4038.8000,24311,0,8320056240.000,0,-,-,-,-,4038.6000,4038.2000,4038.0000,4037.0000,4035.8000,4039.4000,4039.8000,4040.6000,4041.6000,4042.0000,1,3,1,1,1,1,1,1,1,1
SF,IF2006,2020-02-19 14:38:42.900,4038.6000,24310,-1,8321267820.000,1,0,1,双平,B,4038.2000,4038.0000,4037.0000,4035.8000,4035.6000,4039.4000,4039.8000,4040.6000,4041.6000,4042.0000,3,1,1,1,1,1,1,1,1,1
SF,IF2006,2020-02-19 14:38:43.400,4038.6000,24310,0,8321267820.000,0,-,-,-,-,4038.0000,4037.0000,4035.8000,4035.6000,4035.0000,4039.2000,4039.4000,4039.8000,4040.6000,4041.6000,1,1,1,1,1,1,1,1,1,1
SF,IF2006,2020-02-19 14:38:43.900,4038.6000,24310,0,8321267820.000,0,-,-,-,-,4037.0000,4035.8000,4035.6000,4035.0000,4034.6000,4039.2000,4039.4000,4039.8000,4040.6000,4041.6000,1,1,1,1,1,1,1,1,1,1
SF,IF2006,2020-02-19 14:38:44.400,4038.6000,24310,0,8321267820.000,0,-,-,-,-,4037.6000,4037.2000,4037.0000,4035.8000,4035.6000,4039.0000,4039.2000,4039.4000,4039.8000,4040.6000,1,5,2,1,1,1,1,1,1,1
SF,IF2006,2020-02-19 14:38:44.900,4038.6000,24310,0,8321267820.000,0,-,-,-,-,4037.6000,4037.2000,4037.0000,4035.8000,4035.6000,4039.4000,4039.8000,4040.6000,4041.6000,4042.0000,1,5,2,1,1,1,1,1,1,1
SF,IF2006,2020-02-19 14:38:45.400,4038.6000,24310,0,8321267820.000,0,-,-,-,-,4037.8000,4037.6000,4037.2000,4037.0000,4035.8000,4039.4000,4039.8000,4040.6000,4041.6000,4042.0000,2,1,3,2,1,1,1,1,1,1
SF,IF2006,2020-02-19 14:38:45.900,4038.6000,24310,0,8321267820.000,0,-,-,-,-,4037.8000,4037.2000,4037.0000,4035.8000,4035.6000,4039.4000,4039.8000,4040.6000,4041.6000,4042.0000,2,3,2,1,1,1,1,1,1,1
SF,IF2006,2020-02-19 14:38:46.400,4038.6000,24310,0,8321267820.000,0,-,-,-,-,4038.2000,4038.0000,4037.8000,4037.2000,4037.0000,4039.4000,4039.8000,4040.6000,4041.6000,4042.0000,1,2,2,3,2,1,1,1,1,1
SF,IF2006,2020-02-19 14:38:48.400,4038.6000,24310,0,8321267820.000,0,-,-,-,-,4038.0000,4037.8000,4037.2000,4037.0000,4035.8000,4039.2000,4039.4000,4039.8000,4040.6000,4041.6000,2,2,2,2,1,1,1,1,1,1
SF,IF2006,2020-02-19 14:38:49.400,4038.0000,24311,1,8322479220.000,1,1,0,双开,B,4038.0000,4037.8000,4037.2000,4037.0000,4035.8000,4039.2000,4039.4000,4039.8000,4040.6000,4041.6000,1,2,2,2,1,2,1,1,1,1
SF,IF2006,2020-02-19 14:38:52.400,4038.0000,24311,0,8322479220.000,0,-,-,-,-,4038.2000,4038.0000,4037.8000,4037.2000,4037.0000,4039.2000,4039.4000,4039.8000,4040.6000,4041.6000,1,1,2,3,2,2,1,1,1,1
SF,IF2006,2020-02-19 14:38:52.900,4038.0000,24311,0,8322479220.000,0,-,-,-,-,4038.2000,4038.0000,4037.8000,4037.2000,4037.0000,4039.2000,4039.4000,4039.8000,4040.6000,4041.6000,1,1,2,2,1,2,1,1,1,1
SF,IF2006,2020-02-19 14:38:53.400,4038.0000,24311,0,8322479220.000,0,-,-,-,-,4038.2000,4038.0000,4037.8000,4037.2000,4037.0000,4039.2000,4039.4000,4039.8000,4040.6000,4041.6000,1,1,2,2,1,1,1,1,1,1
SF,IF2006,2020-02-19 14:38:53.900,4038.0000,24311,0,8323690620.000,1,0,1,空换,B,4038.0000,4037.8000,4037.2000,4037.0000,4035.8000,4039.2000,4039.4000,4039.8000,4040.6000,4041.6000,1,2,2,1,1,1,1,1,1,1
SF,IF2006,2020-02-19 14:38:54.400,4038.0000,24311,0,8323690620.000,0,-,-,-,-,4038.0000,4037.8000,4037.2000,4037.0000,4035.8000,4039.0000,4039.2000,4039.4000,4039.8000,4040.6000,1,2,2,1,1,2,1,1,1,1
SF,IF2006,2020-02-19 14:38:54.900,4038.0000,24311,0,8323690620.000,0,-,-,-,-,4038.0000,4037.8000,4037.2000,4037.0000,4035.8000,4039.0000,4039.2000,4039.4000,4039.8000,4040.6000,1,2,1,1,1,1,1,1,1,1
SF,IF2006,2020-02-19 14:38:58.400,4039.0000,24312,1,8324902320.000,1,1,0,双开,B,4038.0000,4037.8000,4037.2000,4037.0000,4035.8000,4039.2000,4039.4000,4039.8000,4040.6000,4041.6000,1,2,1,1,1,1,1,1,1,1
SF,IF2006,2020-02-19 14:38:59.400,4038.0000,24312,0,8326113720.000,1,0,1,空换,B,4037.8000,4037.2000,4037.0000,4035.8000,4035.6000,4039.2000,4039.4000,4039.8000,4040.6000,4041.6000,2,1,1,1,1,1,1,1,1,1
SF,IF2006,2020-02-19 14:38:59.900,4038.0000,24312,0,8326113720.000,0,-,-,-,-,4037.8000,4037.2000,4037.0000,4035.8000,4035.6000,4039.0000,4039.2000,4039.4000,4039.8000,4040.6000,2,1,1,1,1,1,1,1,1,1
SF,IF2006,2020-02-19 14:39:00.900,4038.0000,24312,0,8326113720.000,0,-,-,-,-,4038.0000,4037.8000,4037.2000,4037.0000,4035.8000,4038.8000,4039.0000,4039.4000,4039.8000,4040.6000,1,2,1,1,1,1,1,1,1,1
SF,IF2006,2020-02-19 14:39:01.400,4038.0000,24312,0,8326113720.000,0,-,-,-,-,4038.0000,4037.8000,4037.2000,4037.0000,4035.8000,4038.8000,4039.0000,4039.4000,4039.8000,4040.6000,1,2,1,1,1,1,1,1,1,1
SF,IF2006,2020-02-19 14:39:01.900,4038.0000,24312,0,8326113720.000,0,-,-,-,-,4038.0000,4037.8000,4037.2000,4035.8000,4035.6000,4039.4000,4039.8000,4040.6000,4041.6000,4042.0000,1,2,1,1,1,1,1,1,1,1
SF,IF2006,2020-02-19 14:39:02.400,4038.0000,24312,0,8326113720.000,0,-,-,-,-,4038.2000,4038.0000,4037.8000,4037.2000,4035.8000,4039.4000,4039.8000,4040.6000,4041.6000,4042.0000,3,1,2,2,1,1,1,1,1,1
SF,IF2006,2020-02-19 14:39:02.900,4038.0000,24312,0,8326113720.000,0,-,-,-,-,4038.2000,4038.0000,4037.8000,4037.2000,4035.8000,4039.4000,4039.8000,4040.6000,4041.6000,4042.0000,4,1,2,2,1,1,1,1,1,1
SF,IF2006,2020-02-19 14:39:03.400,4038.0000,24312,0,8326113720.000,0,-,-,-,-,4038.4000,4038.2000,4038.0000,4037.8000,4037.2000,4039.4000,4039.8000,4040.6000,4041.6000,4042.0000,1,4,1,2,2,1,1,1,1,1
SF,IF2006,2020-02-19 14:39:03.900,4038.0000,24312,0,8326113720.000,0,-,-,-,-,4038.4000,4038.2000,4038.0000,4037.8000,4037.2000,4039.4000,4039.8000,4040.6000,4041.6000,4042.0000,2,4,1,2,2,1,1,1,1,1
SF,IF2006,2020-02-19 14:39:04.400,4038.0000,24312,0,8326113720.000,0,-,-,-,-,4038.4000,4038.2000,4038.0000,4037.8000,4037.2000,4039.4000,4039.8000,4040.6000,4041.6000,4042.0000,2,3,1,2,2,1,1,1,1,1
SF,IF2006,2020-02-19 14:39:04.900,4038.0000,24312,0,8326113720.000,0,-,-,-,-,4038.4000,4038.2000,4038.0000,4037.8000,4037.2000,4039.4000,4039.8000,4040.6000,4041.6000,4042.0000,2,2,1,2,2,1,1,1,1,1
SF,IF2006,2020-02-19 14:39:05.900,4038.0000,24312,0,8326113720.000,0,-,-,-,-,4038.4000,4038.2000,4038.0000,4037.8000,4037.2000,4039.4000,4039.8000,4040.6000,4041.6000,4042.0000,2,1,1,2,2,1,1,1,1,1
SF,IF2006,2020-02-19 14:39:06.400,4038.0000,24312,0,8326113720.000,0,-,-,-,-,4038.6000,4038.4000,4038.2000,4038.0000,4037.8000,4039.4000,4039.8000,4040.6000,4041.6000,4042.0000,1,2,1,1,2,1,1,1,1,1
SF,IF2006,2020-02-19 14:39:06.900,4038.6000,24312,0,8327325300.000,1,0,1,空换,B,4038.4000,4038.2000,4038.0000,4037.8000,4037.2000,4039.2000,4039.4000,4039.8000,4040.6000,4041.6000,2,1,1,2,2,1,1,1,1,1
SF,IF2006,2020-02-19 14:39:07.400,4038.6000,24312,0,8327325300.000,0,-,-,-,-,4038.4000,4038.2000,4038.0000,4037.8000,4037.2000,4039.4000,4039.8000,4040.6000,4041.6000,4042.0000,2,1,1,2,2,1,1,1,1,1
SF,IF2006,2020-02-19 14:39:08.400,4038.6000,24312,0,8327325300.000,0,-,-,-,-,4038.6000,4038.4000,4038.2000,4038.0000,4037.8000,4039.4000,4039.8000,4040.6000,4041.6000,4042.0000,1,2,1,1,2,1,1,1,1,1
SF,IF2006,2020-02-19 14:39:10.400,4038.6000,24312,0,8327325300.000,0,-,-,-,-,4038.4000,4038.2000,4038.0000,4037.8000,4037.2000,4039.4000,4039.8000,4040.6000,4041.6000,4042.0000,2,1,1,2,2,1,1,1,1,1
SF,IF2006,2020-02-19 14:39:10.900,4038.6000,24312,0,8327325300.000,0,-,-,-,-,4038.6000,4038.4000,4038.2000,4038.0000,4037.8000,4039.4000,4039.8000,4040.6000,4041.6000,4042.0000,1,2,1,1,2,1,1,1,1,1
SF,IF2006,2020-02-19 14:39:19.400,4038.6000,24312,0,8327325300.000,0,-,-,-,-,4038.6000,4038.4000,4038.2000,4038.0000,4037.8000,4039.4000,4039.8000,4040.6000,4041.6000,4042.0000,1,1,1,1,2,1,1,1,1,1
SF,IF2006,2020-02-19 14:39:19.900,4038.6000,24312,0,8327325300.000,0,-,-,-,-,4038.8000,4038.6000,4038.2000,4037.8000,4037.2000,4039.4000,4039.8000,4040.6000,4041.6000,4042.0000,1,1,1,2,2,1,1,1,1,1
SF,IF2006,2020-02-19 14:39:20.900,4038.6000,24312,0,8327325300.000,0,-,-,-,-,4039.0000,4038.8000,4038.6000,4038.2000,4037.8000,4039.4000,4039.8000,4040.6000,4041.6000,4042.0000,1,1,1,1,2,1,1,1,1,1
SF,IF2006,2020-02-19 14:39:22.400,4039.4000,24311,-1,8328537120.000,1,0,1,双平,B,4039.0000,4038.6000,4037.8000,4037.2000,4035.8000,4039.8000,4040.6000,4041.6000,4042.0000,4042.6000,1,1,2,2,1,1,1,1,1,1
SF,IF2006,2020-02-19 14:39:22.900,4039.4000,24311,0,8328537120.000,0,-,-,-,-,4039.4000,4038.6000,4037.8000,4037.2000,4035.8000,4039.8000,4040.6000,4041.6000,4042.0000,4042.6000,1,1,2,2,1,1,1,1,1,1
SF,IF2006,2020-02-19 14:39:23.900,4039.4000,24311,0,8328537120.000,0,-,-,-,-,4039.6000,4038.6000,4037.8000,4037.2000,4035.8000,4039.8000,4040.6000,4041.6000,4042.0000,4042.6000,1,1,2,2,1,1,1,1,1,1
SF,IF2006,2020-02-19 14:39:26.900,4039.6000,24310,-1,8329749000.000,1,0,1,双平,B,4038.6000,4037.8000,4037.2000,4035.8000,4035.6000,4039.8000,4040.6000,4041.6000,4042.0000,4042.6000,1,2,2,1,1,1,1,1,1,1
SF,IF2006,2020-02-19 14:39:28.900,4039.6000,24310,0,8329749000.000,0,-,-,-,-,4038.8000,4038.6000,4037.8000,4037.2000,4035.8000,4039.8000,4040.0000,4040.6000,4041.6000,4042.0000,1,1,2,2,1,1,1,1,1,1
SF,IF2006,2020-02-19 14:39:29.900,4039.6000,24310,0,8329749000.000,0,-,-,-,-,4039.0000,4038.8000,4038.6000,4037.8000,4037.2000,4039.8000,4040.0000,4040.6000,4041.6000,4042.0000,1,1,1,2,2,1,1,1,1,1
SF,IF2006,2020-02-19 14:39:32.900,4039.8000,24311,1,8330960940.000,1,1,0,双开,B,4039.2000,4039.0000,4038.6000,4037.8000,4037.2000,4040.0000,4040.6000,4041.6000,4042.0000,4042.6000,1,1,1,2,2,1,1,1,1,1
SF,IF2006,2020-02-19 14:39:33.900,4039.8000,24311,0,8330960940.000,0,-,-,-,-,4039.4000,4039.2000,4039.0000,4038.6000,4037.8000,4040.0000,4040.6000,4041.6000,4042.0000,4042.6000,1,1,1,1,2,1,1,1,1,1
SF,IF2006,2020-02-19 14:39:34.900,4039.8000,24311,0,8330960940.000,0,-,-,-,-,4039.2000,4039.0000,4038.6000,4037.8000,4037.2000,4040.0000,4040.6000,4041.6000,4042.0000,4042.6000,1,1,1,2,2,1,1,1,1,1
SF,IF2006,2020-02-19 14:39:35.400,4039.8000,24311,0,8330960940.000,0,-,-,-,-,4038.6000,4037.8000,4037.2000,4035.8000,4035.6000,4040.0000,4040.6000,4041.6000,4042.0000,4042.6000,1,2,2,1,1,1,1,1,1,1
SF,IF2006,2020-02-19 14:39:35.900,4039.8000,24311,0,8330960940.000,0,-,-,-,-,4038.8000,4038.6000,4037.2000,4035.8000,4035.6000,4040.0000,4040.6000,4041.6000,4042.0000,4042.6000,4,1,2,1,1,1,1,1,1,1
SF,IF2006,2020-02-19 14:39:36.400,4040.0000,24312,1,8332172940.000,1,1,0,双开,B,4039.2000,4039.0000,4038.8000,4038.6000,4037.2000,4040.6000,4041.6000,4042.0000,4042.6000,4042.8000,2,1,4,1,2,1,1,1,1,1
SF,IF2006,2020-02-19 14:39:37.900,4040.0000,24312,0,8332172940.000,0,-,-,-,-,4039.4000,4039.2000,4039.0000,4038.8000,4038.6000,4040.6000,4041.6000,4042.0000,4042.6000,4042.8000,1,2,1,4,1,1,1,1,1,1
SF,IF2006,2020-02-19 14:39:38.400,4040.0000,24312,0,8332172940.000,0,-,-,-,-,4039.6000,4039.4000,4039.2000,4039.0000,4038.8000,4040.6000,4041.6000,4042.0000,4042.6000,4042.8000,2,1,2,1,2,1,1,1,1,1
SF,IF2006,2020-02-19 14:39:38.900,4040.0000,24312,0,8332172940.000,0,-,-,-,-,4039.6000,4039.4000,4039.2000,4039.0000,4038.6000,4040.6000,4041.6000,4042.0000,4042.6000,4042.8000,3,1,1,1,1,1,1,1,1,1
SF,IF2006,2020-02-19 14:39:39.400,4040.6000,24312,0,8333385120.000,1,0,1,空换,B,4039.8000,4039.6000,4039.4000,4039.2000,4039.0000,4041.6000,4042.0000,4042.6000,4042.8000,4043.0000,5,3,1,1,1,1,1,1,1,2
SF,IF2006,2020-02-19 14:39:40.400,4040.6000,24312,0,8333385120.000,0,-,-,-,-,4040.2000,4040.0000,4039.8000,4039.6000,4039.0000,4041.6000,4042.0000,4042.6000,4042.8000,4043.0000,1,2,4,2,1,1,1,1,1,2
SF,IF2006,2020-02-19 14:39:40.900,4040.6000,24312,0,8333385120.000,0,-,-,-,-,4040.2000,4040.0000,4039.8000,4039.6000,4039.0000,4041.6000,4042.0000,4042.6000,4042.8000,4043.0000,1,2,3,2,1,1,1,1,1,2
SF,IF2006,2020-02-19 14:39:41.400,4040.6000,24312,0,8333385120.000,0,-,-,-,-,4040.2000,4040.0000,4039.8000,4039.6000,4039.0000,4041.6000,4042.0000,4042.6000,4042.8000,4043.0000,1,1,3,2,1,1,1,1,1,2
SF,IF2006,2020-02-19 14:39:41.900,4041.6000,24312,0,8334597600.000,1,0,1,空换,B,4040.2000,4039.8000,4039.6000,4039.0000,4038.6000,4042.0000,4042.6000,4042.8000,4043.0000,4044.6000,1,3,2,1,1,1,1,1,2,1
SF,IF2006,2020-02-19 14:39:42.400,4041.6000,24312,0,8334597600.000,0,-,-,-,-,4040.2000,4039.8000,4039.6000,4039.0000,4038.6000,4041.8000,4042.0000,4042.6000,4042.8000,4043.0000,1,3,2,1,1,3,1,1,1,2
SF,IF2006,2020-02-19 14:39:44.400,4041.6000,24312,0,8334597600.000,0,-,-,-,-,4040.4000,4040.2000,4039.8000,4039.6000,4039.0000,4041.8000,4042.0000,4042.6000,4042.8000,4043.0000,1,1,3,2,1,3,1,1,1,2
SF,IF2006,2020-02-19 14:39:44.900,4041.6000,24312,0,8334597600.000,0,-,-,-,-,4040.2000,4039.8000,4039.6000,4039.0000,4038.6000,4041.8000,4042.0000,4042.6000,4042.8000,4043.0000,1,2,2,1,1,2,1,1,1,2
SF,IF2006,2020-02-19 14:39:45.400,4041.6000,24312,0,8334597600.000,0,-,-,-,-,4040.2000,4039.8000,4039.6000,4039.0000,4038.6000,4041.8000,4042.0000,4042.6000,4042.8000,4043.0000,1,2,2,1,1,2,1,1,1,2
SF,IF2006,2020-02-19 14:39:46.400,4041.6000,24312,0,8334597600.000,0,-,-,-,-,4040.6000,4040.4000,4040.2000,4039.8000,4039.6000,4041.8000,4042.0000,4042.6000,4042.8000,4043.0000,1,2,1,2,2,2,1,1,1,2
SF,IF2006,2020-02-19 14:39:46.900,4041.6000,24312,0,8334597600.000,0,-,-,-,-,4040.6000,4040.4000,4040.2000,4039.8000,4039.6000,4041.8000,4042.0000,4042.6000,4042.8000,4043.0000,1,2,1,2,2,2,1,1,1,2
SF,IF2006,2020-02-19 14:39:47.400,4041.6000,24312,0,8334597600.000,0,-,-,-,-,4040.4000,4040.2000,4039.8000,4039.6000,4039.0000,4041.6000,4041.8000,4042.0000,4042.6000,4042.8000,1,1,2,2,1,1,2,1,1,1
SF,IF2006,2020-02-19 14:39:47.900,4041.6000,24312,0,8335810080.000,1,0,1,空换,B,4040.4000,4040.2000,4039.8000,4039.6000,4039.0000,4041.8000,4042.0000,4042.6000,4042.8000,4043.0000,1,1,2,2,1,2,1,1,1,2
SF,IF2006,2020-02-19 14:39:48.400,4041.8000,24313,1,8337022620.000,1,1,0,双开,B,4040.4000,4039.8000,4039.6000,4039.0000,4038.6000,4041.8000,4042.0000,4042.6000,4042.8000,4043.0000,1,2,2,1,1,1,1,1,1,2
SF,IF2006,2020-02-19 14:39:48.900,4041.8000,24313,0,8337022620.000,0,-,-,-,-,4040.4000,4039.8000,4039.6000,4039.0000,4038.6000,4042.0000,4042.6000,4042.8000,4043.0000,4044.6000,1,2,2,1,1,1,1,1,2,1
SF,IF2006,2020-02-19 14:39:49.900,4042.0000,24313,0,8338235220.000,1,0,1,空换,B,4040.6000,4040.4000,4039.8000,4039.6000,4039.0000,4042.6000,4043.0000,4044.6000,4045.0000,4045.8000,1,1,2,2,1,1,2,1,3,1
SF,IF2006,2020-02-19 14:39:50.400,4042.0000,24313,0,8338235220.000,0,-,-,-,-,4041.2000,4040.8000,4040.6000,4040.4000,4038.6000,4042.4000,4042.6000,4043.0000,4044.6000,4045.0000,1,4,1,2,1,1,1,2,1,3
SF,IF2006,2020-02-19 14:39:50.900,4042.0000,24313,0,8338235220.000,0,-,-,-,-,4041.2000,4041.0000,4040.8000,4040.4000,4038.6000,4042.6000,4043.0000,4044.6000,4045.0000,4045.8000,1,1,5,1,1,1,2,1,3,1
SF,IF2006,2020-02-19 14:39:51.400,4042.0000,24313,0,8338235220.000,0,-,-,-,-,4041.4000,4041.2000,4041.0000,4040.8000,4040.4000,4042.6000,4043.0000,4044.6000,4045.0000,4045.8000,2,1,1,5,1,1,2,1,3,1
SF,IF2006,2020-02-19 14:39:51.900,4042.0000,24313,0,8338235220.000,0,-,-,-,-,4041.2000,4041.0000,4040.8000,4040.4000,4038.6000,4042.6000,4043.0000,4044.6000,4045.0000,4045.8000,1,1,3,1,1,1,2,1,3,1
SF,IF2006,2020-02-19 14:39:52.400,4042.0000,24313,0,8338235220.000,0,-,-,-,-,4041.2000,4041.0000,4040.8000,4040.4000,4038.6000,4042.6000,4043.0000,4044.6000,4045.0000,4045.8000,1,1,3,1,1,1,2,1,3,1
SF,IF2006,2020-02-19 14:39:52.900,4042.0000,24313,0,8338235220.000,0,-,-,-,-,4041.2000,4041.0000,4040.8000,4038.6000,4037.2000,4042.6000,4043.0000,4044.6000,4045.0000,4045.8000,1,1,3,1,2,1,2,1,3,1
SF,IF2006,2020-02-19 14:39:53.400,4042.0000,24313,0,8338235220.000,0,-,-,-,-,4041.4000,4041.0000,4040.8000,4038.6000,4037.2000,4042.6000,4043.0000,4044.6000,4045.0000,4045.8000,1,1,3,1,2,1,2,1,3,1
SF,IF2006,2020-02-19 14:39:53.900,4042.0000,24313,0,8338235220.000,0,-,-,-,-,4041.4000,4040.8000,4038.6000,4037.2000,4035.8000,4042.6000,4043.0000,4044.6000,4045.0000,4045.8000,1,2,1,2,1,1,2,1,3,1
SF,IF2006,2020-02-19 14:39:54.400,4042.0000,24313,0,8338235220.000,0,-,-,-,-,4041.6000,4040.8000,4038.6000,4037.2000,4035.8000,4042.6000,4043.0000,4044.6000,4045.0000,4045.8000,1,2,1,2,1,1,2,1,3,1
SF,IF2006,2020-02-19 14:39:54.900,4042.0000,24313,0,8338235220.000,0,-,-,-,-,4041.6000,4040.8000,4038.6000,4037.2000,4035.8000,4042.6000,4043.0000,4044.6000,4045.0000,4045.8000,1,2,1,2,1,1,2,1,3,1
SF,IF2006,2020-02-19 14:39:55.900,4042.0000,24313,0,8338235220.000,0,-,-,-,-,4041.6000,4040.8000,4038.6000,4037.2000,4035.8000,4042.6000,4043.0000,4044.6000,4045.0000,4045.8000,1,2,1,2,1,1,2,1,3,1
SF,IF2006,2020-02-19 14:39:58.400,4042.6000,24313,0,8339448000.000,1,0,1,空换,B,4042.6000,4041.6000,4040.8000,4038.6000,4037.2000,4043.0000,4044.6000,4045.0000,4045.8000,4046.0000,1,1,2,1,2,2,1,3,1,1
SF,IF2006,2020-02-19 14:39:58.900,4042.6000,24313,0,8340660780.000,1,0,1,空换,B,4041.6000,4040.8000,4038.6000,4037.2000,4035.8000,4043.0000,4044.6000,4045.0000,4045.8000,4046.0000,1,2,1,2,1,2,1,3,1,1
SF,IF2006,2020-02-19 14:40:00.900,4042.6000,24313,0,8340660780.000,0,-,-,-,-,4041.8000,4041.6000,4040.8000,4038.6000,4037.2000,4042.8000,4043.0000,4044.6000,4045.0000,4045.8000,2,1,2,1,2,1,2,1,3,1
SF,IF2006,2020-02-19 14:40:01.400,4042.6000,24313,0,8340660780.000,0,-,-,-,-,4041.8000,4041.6000,4040.8000,4038.6000,4037.2000,4042.8000,4043.0000,4044.6000,4045.0000,4045.8000,2,1,2,1,2,2,2,1,3,1
SF,IF2006,2020-02-19 14:40:01.900,4042.6000,24313,0,8340660780.000,0,-,-,-,-,4041.6000,4040.8000,4038.6000,4037.2000,4035.8000,4042.8000,4043.0000,4044.6000,4045.0000,4045.8000,1,2,1,2,1,1,2,1,3,1
SF,IF2006,2020-02-19 14:40:02.400,4042.6000,24313,0,8340660780.000,0,-,-,-,-,4041.6000,4040.8000,4038.6000,4037.2000,4035.8000,4042.6000,4042.8000,4043.0000,4044.6000,4045.0000,1,2,1,2,1,1,1,2,1,3
SF,IF2006,2020-02-19 14:40:03.400,4042.6000,24313,0,8340660780.000,0,-,-,-,-,4041.8000,4041.6000,4040.8000,4038.6000,4037.2000,4042.6000,4042.8000,4043.0000,4044.6000,4045.0000,1,1,2,1,2,1,1,2,1,3
SF,IF2006,2020-02-19 14:40:03.900,4042.6000,24313,0,8340660780.000,0,-,-,-,-,4041.6000,4040.8000,4038.6000,4037.2000,4035.8000,4042.6000,4042.8000,4043.0000,4044.6000,4045.0000,1,2,1,2,1,1,1,2,1,3
SF,IF2006,2020-02-19 14:40:05.400,4042.6000,24313,0,8340660780.000,0,-,-,-,-,4041.6000,4040.8000,4038.6000,4037.2000,4035.8000,4042.8000,4043.0000,4044.6000,4045.0000,4045.8000,1,2,1,2,1,1,2,1,3,1
SF,IF2006,2020-02-19 14:40:06.900,4042.6000,24313,0,8340660780.000,0,-,-,-,-,4041.8000,4041.6000,4040.8000,4038.6000,4037.2000,4042.8000,4043.0000,4044.6000,4045.0000,4045.8000,1,1,2,1,2,1,2,1,3,1
SF,IF2006,2020-02-19 14:40:07.400,4042.6000,24313,0,8340660780.000,0,-,-,-,-,4041.6000,4040.8000,4038.6000,4037.2000,4035.8000,4042.8000,4043.0000,4044.6000,4045.0000,4045.8000,1,2,1,2,1,1,2,1,3,1
SF,IF2006,2020-02-19 14:40:07.900,4042.6000,24313,0,8340660780.000,0,-,-,-,-,4041.6000,4040.8000,4038.6000,4037.2000,4035.8000,4042.6000,4042.8000,4043.0000,4044.6000,4045.0000,1,2,1,2,1,2,1,2,1,3
SF,IF2006,2020-02-19 14:40:08.400,4041.6000,24313,0,8341873260.000,1,0,1,空换,B,4040.8000,4038.6000,4037.2000,4035.8000,4035.0000,4042.6000,4042.8000,4043.0000,4044.6000,4045.0000,2,1,2,1,6,3,1,2,1,3
SF,IF2006,2020-02-19 14:40:08.900,4041.6000,24313,0,8341873260.000,0,-,-,-,-,4038.6000,4037.2000,4035.8000,4035.0000,4034.2000,4042.4000,4042.6000,4042.8000,4043.0000,4044.6000,1,2,1,6,1,3,2,1,2,1
SF,IF2006,2020-02-19 14:40:09.400,4041.6000,24313,0,8341873260.000,0,-,-,-,-,4040.4000,4039.8000,4039.6000,4039.4000,4039.2000,4042.2000,4042.4000,4042.6000,4042.8000,4043.0000,1,3,1,1,7,2,4,1,1,2
SF,IF2006,2020-02-19 14:40:09.900,4041.6000,24313,0,8341873260.000,0,-,-,-,-,4040.6000,4039.8000,4039.6000,4039.4000,4039.2000,4042.2000,4042.4000,4042.6000,4042.8000,4043.0000,2,2,1,1,7,2,4,1,1,2
SF,IF2006,2020-02-19 14:40:10.400,4041.6000,24313,0,8341873260.000,0,-,-,-,-,4040.6000,4040.4000,4039.8000,4039.6000,4039.2000,4042.0000,4042.2000,4042.4000,4042.8000,4043.0000,2,1,2,1,5,1,2,4,1,2
SF,IF2006,2020-02-19 14:40:10.900,4040.8000,24314,1,8343085500.000,1,1,0,双开,B,4040.8000,4040.6000,4040.4000,4039.8000,4039.6000,4042.0000,4042.2000,4042.4000,4043.0000,4044.6000,1,2,1,2,1,1,2,3,2,1
SF,IF2006,2020-02-19 14:40:11.400,4040.8000,24314,0,8343085500.000,0,-,-,-,-,4040.8000,4040.6000,4040.4000,4039.8000,4039.6000,4042.0000,4042.4000,4043.0000,4044.6000,4045.0000,1,2,1,2,1,1,2,2,1,3
SF,IF2006,2020-02-19 14:40:11.900,4040.8000,24314,0,8343085500.000,0,-,-,-,-,4040.8000,4039.8000,4039.2000,4038.8000,4038.6000,4041.8000,4042.0000,4043.0000,4044.6000,4045.0000,1,2,4,3,2,2,1,2,1,3
SF,IF2006,2020-02-19 14:40:12.400,4040.8000,24314,0,8343085500.000,0,-,-,-,-,4039.8000,4039.2000,4038.8000,4038.6000,4038.0000,4041.8000,4042.0000,4043.0000,4044.6000,4045.0000,1,2,3,2,1,2,1,2,1,3
SF,IF2006,2020-02-19 14:40:12.900,4040.8000,24314,0,8343085500.000,0,-,-,-,-,4040.0000,4039.2000,4038.8000,4038.6000,4038.0000,4041.6000,4043.0000,4044.6000,4045.0000,4045.8000,4,1,1,2,1,1,2,1,3,1
SF,IF2006,2020-02-19 14:40:13.400,4040.8000,24314,0,8344297740.000,1,0,1,空换,B,4040.4000,4040.2000,4040.0000,4039.2000,4038.8000,4041.6000,4043.0000,4044.6000,4045.0000,4045.8000,1,2,4,1,1,1,2,1,3,1
SF,IF2006,2020-02-19 14:40:13.900,4040.8000,24314,0,8344297740.000,0,-,-,-,-,4040.4000,4040.2000,4040.0000,4039.2000,4038.8000,4043.0000,4044.6000,4045.0000,4045.8000,4046.0000,1,2,4,1,1,2,1,3,1,1
SF,IF2006,2020-02-19 14:40:14.400,4040.8000,24314,0,8344297740.000,0,-,-,-,-,4040.6000,4040.4000,4040.2000,4040.0000,4039.2000,4042.8000,4043.0000,4044.6000,4045.0000,4045.8000,3,2,2,2,1,4,2,1,3,1
SF,IF2006,2020-02-19 14:40:14.900,4040.8000,24314,0,8344297740.000,0,-,-,-,-,4040.6000,4040.4000,4040.2000,4040.0000,4039.2000,4042.8000,4043.0000,4044.6000,4045.0000,4045.8000,3,2,2,1,1,4,2,1,3,1
SF,IF2006,2020-02-19 14:40:15.400,4040.8000,24314,0,8344297740.000,0,-,-,-,-,4040.6000,4040.2000,4040.0000,4039.2000,4038.8000,4042.8000,4043.0000,4044.6000,4045.0000,4045.8000,2,1,1,1,1,4,2,1,3,1
SF,IF2006,2020-02-19 14:40:15.900,4040.8000,24314,0,8344297740.000,0,-,-,-,-,4040.6000,4040.2000,4040.0000,4039.2000,4038.8000,4042.8000,4043.0000,4044.6000,4045.0000,4045.8000,3,1,1,1,1,4,2,1,3,1
SF,IF2006,2020-02-19 14:40:16.400,4040.8000,24314,0,8344297740.000,0,-,-,-,-,4040.8000,4040.6000,4040.2000,4040.0000,4039.2000,4042.8000,4043.0000,4044.6000,4045.0000,4045.8000,1,3,1,1,1,4,2,1,3,1
SF,IF2006,2020-02-19 14:40:16.900,4040.8000,24314,0,8344297740.000,0,-,-,-,-,4040.8000,4040.6000,4040.2000,4040.0000,4039.2000,4042.4000,4042.8000,4043.0000,4044.6000,4045.0000,1,3,1,1,1,1,4,2,1,3
SF,IF2006,2020-02-19 14:40:17.400,4040.8000,24314,0,8344297740.000,0,-,-,-,-,4040.8000,4040.6000,4040.2000,4040.0000,4039.2000,4042.4000,4042.8000,4043.0000,4044.6000,4045.0000,3,2,1,1,1,1,4,2,1,3
SF,IF2006,2020-02-19 14:40:17.900,4040.8000,24314,0,8344297740.000,0,-,-,-,-,4040.8000,4040.6000,4040.2000,4040.0000,4039.2000,4042.2000,4042.4000,4042.8000,4043.0000,4044.6000,3,2,1,1,1,3,1,2,2,1
SF,IF2006,2020-02-19 14:40:18.400,4040.8000,24314,0,8344297740.000,0,-,-,-,-,4040.8000,4040.6000,4040.2000,4040.0000,4039.2000,4042.2000,4042.8000,4043.0000,4044.6000,4045.0000,3,2,1,1,1,4,2,2,1,3
SF,IF2006,2020-02-19 14:40:18.900,4040.8000,24314,0,8344297740.000,0,-,-,-,-,4040.8000,4040.6000,4040.2000,4040.0000,4039.2000,4042.2000,4042.8000,4043.0000,4044.6000,4045.0000,3,2,1,1,1,4,2,2,1,3
SF,IF2006,2020-02-19 14:40:19.400,4040.8000,24314,0,8344297740.000,0,-,-,-,-,4041.2000,4040.8000,4040.6000,4040.2000,4040.0000,4042.2000,4042.8000,4043.0000,4044.6000,4045.0000,1,1,2,1,1,3,2,2,1,3
SF,IF2006,2020-02-19 14:40:19.900,4040.8000,24314,0,8344297740.000,0,-,-,-,-,4041.2000,4041.0000,4040.8000,4040.6000,4040.2000,4042.2000,4042.8000,4043.0000,4044.6000,4045.0000,1,1,1,2,1,3,2,2,1,3
SF,IF2006,2020-02-19 14:40:20.400,4040.8000,24314,0,8344297740.000,0,-,-,-,-,4041.2000,4041.0000,4040.8000,4040.6000,4040.2000,4042.2000,4042.8000,4043.0000,4044.6000,4045.0000,1,1,1,2,1,3,2,2,1,3
SF,IF2006,2020-02-19 14:40:21.400,4040.8000,24314,0,8344297740.000,0,-,-,-,-,4041.2000,4041.0000,4040.8000,4040.6000,4040.2000,4042.2000,4042.8000,4043.0000,4044.6000,4045.0000,1,1,1,2,1,3,2,2,1,3
SF,IF2006,2020-02-19 14:40:21.900,4040.8000,24314,0,8344297740.000,0,-,-,-,-,4041.2000,4041.0000,4040.6000,4040.2000,4040.0000,4042.2000,4042.8000,4043.0000,4044.6000,4045.0000,1,1,2,1,2,3,2,2,1,3
SF,IF2006,2020-02-19 14:40:22.400,4040.8000,24314,0,8344297740.000,0,-,-,-,-,4041.2000,4041.0000,4040.6000,4040.2000,4040.0000,4042.2000,4042.8000,4043.0000,4044.6000,4045.0000,1,1,2,1,2,3,1,2,1,3
SF,IF2006,2020-02-19 14:40:22.900,4040.8000,24314,0,8344297740.000,0,-,-,-,-,4041.2000,4041.0000,4040.6000,4040.2000,4040.0000,4042.2000,4042.8000,4043.0000,4044.6000,4045.0000,1,2,2,1,2,3,1,2,1,3
SF,IF2006,2020-02-19 14:40:23.400,4040.8000,24314,0,8344297740.000,0,-,-,-,-,4041.2000,4041.0000,4040.6000,4040.2000,4040.0000,4042.2000,4042.8000,4043.0000,4044.6000,4045.0000,1,2,2,1,2,3,1,2,1,3
SF,IF2006,2020-02-19 14:40:23.900,4040.8000,24314,0,8344297740.000,0,-,-,-,-,4041.2000,4041.0000,4040.6000,4040.2000,4040.0000,4042.2000,4042.8000,4043.0000,4044.6000,4045.0000,1,2,2,1,2,1,1,2,1,3
SF,IF2006,2020-02-19 14:40:24.400,4040.8000,24314,0,8344297740.000,0,-,-,-,-,4041.2000,4041.0000,4040.6000,4040.2000,4040.0000,4042.2000,4042.8000,4043.0000,4044.6000,4045.0000,1,2,2,1,2,1,1,2,1,3
SF,IF2006,2020-02-19 14:40:27.400,4040.8000,24314,0,8344297740.000,0,-,-,-,-,4041.0000,4040.6000,4040.2000,4040.0000,4039.6000,4042.2000,4042.8000,4043.0000,4044.6000,4045.0000,2,2,1,2,1,1,1,2,1,3
SF,IF2006,2020-02-19 14:40:27.900,4040.8000,24314,0,8344297740.000,0,-,-,-,-,4041.0000,4040.6000,4040.2000,4040.0000,4039.6000,4042.2000,4042.8000,4043.0000,4044.6000,4045.0000,2,2,1,2,1,1,1,2,1,3
SF,IF2006,2020-02-19 14:40:28.400,4040.8000,24314,0,8344297740.000,0,-,-,-,-,4041.2000,4041.0000,4040.6000,4040.2000,4040.0000,4042.2000,4042.8000,4043.0000,4044.6000,4045.0000,2,2,2,1,2,1,1,2,1,3
SF,IF2006,2020-02-19 14:40:28.900,4040.8000,24314,0,8344297740.000,0,-,-,-,-,4041.2000,4041.0000,4040.6000,4040.2000,4040.0000,4042.2000,4042.8000,4043.0000,4044.6000,4045.0000,2,2,2,1,2,1,1,2,1,3
SF,IF2006,2020-02-19 14:40:32.400,4040.8000,24314,0,8344297740.000,0,-,-,-,-,4041.4000,4041.2000,4041.0000,4040.6000,4040.2000,4042.2000,4042.8000,4043.0000,4044.6000,4045.0000,1,1,2,2,1,1,1,2,1,3
SF,IF2006,2020-02-19 14:40:32.900,4042.2000,24314,0,8345510400.000,1,0,1,空换,B,4041.4000,4041.2000,4041.0000,4040.6000,4040.2000,4043.0000,4044.6000,4045.0000,4045.8000,4046.0000,1,1,2,2,1,2,1,3,1,1
SF,IF2006,2020-02-19 14:40:33.400,4042.2000,24314,0,8345510400.000,0,-,-,-,-,4041.6000,4041.4000,4041.0000,4040.2000,4040.0000,4043.0000,4044.6000,4045.0000,4045.8000,4046.0000,3,1,2,1,2,2,1,3,1,1
SF,IF2006,2020-02-19 14:40:33.900,4042.2000,24314,0,8345510400.000,0,-,-,-,-,4041.6000,4041.4000,4041.0000,4040.2000,4040.0000,4043.0000,4044.6000,4045.0000,4045.8000,4046.0000,4,1,2,1,2,2,1,3,1,1
SF,IF2006,2020-02-19 14:40:34.400,4042.2000,24314,0,8345510400.000,0,-,-,-,-,4041.6000,4041.4000,4041.0000,4040.2000,4040.0000,4043.0000,4044.6000,4045.0000,4045.8000,4046.0000,5,1,1,1,2,2,1,3,1,1
SF,IF2006,2020-02-19 14:40:34.900,4042.2000,24314,0,8345510400.000,0,-,-,-,-,4041.8000,4041.6000,4041.0000,4040.2000,4040.0000,4043.0000,4043.8000,4044.6000,4045.0000,4045.8000,1,4,1,1,2,2,1,1,3,1
SF,IF2006,2020-02-19 14:40:36.400,4042.2000,24314,0,8345510400.000,0,-,-,-,-,4042.0000,4041.8000,4041.6000,4041.0000,4040.2000,4043.0000,4043.8000,4044.6000,4045.0000,4045.8000,1,1,3,1,1,2,1,1,3,1
SF,IF2006,2020-02-19 14:40:39.400,4042.2000,24314,0,8345510400.000,0,-,-,-,-,4042.2000,4041.8000,4041.6000,4041.0000,4040.2000,4043.0000,4043.8000,4044.6000,4045.0000,4045.8000,1,1,3,1,1,2,1,1,3,1
SF,IF2006,2020-02-19 14:40:39.900,4042.2000,24313,-1,8346723060.000,1,0,1,双平,B,4041.8000,4041.6000,4041.0000,4040.2000,4040.0000,4043.0000,4043.8000,4044.6000,4045.0000,4045.8000,1,2,1,1,2,2,1,1,3,1
SF,IF2006,2020-02-19 14:40:40.400,4042.2000,24313,0,8346723060.000,0,-,-,-,-,4041.8000,4041.6000,4041.0000,4040.2000,4040.0000,4042.8000,4043.0000,4043.8000,4044.6000,4045.0000,1,2,1,1,2,1,2,1,1,3
SF,IF2006,2020-02-19 14:40:40.900,4042.2000,24313,0,8346723060.000,0,-,-,-,-,4041.8000,4041.6000,4041.0000,4040.2000,4040.0000,4042.8000,4043.0000,4043.8000,4044.6000,4045.0000,1,2,1,1,2,1,2,1,1,3
SF,IF2006,2020-02-19 14:40:42.400,4042.2000,24313,0,8346723060.000,0,-,-,-,-,4041.8000,4041.6000,4041.0000,4040.2000,4040.0000,4042.0000,4042.8000,4043.0000,4043.8000,4044.6000,1,2,1,1,2,1,1,2,1,1
SF,IF2006,2020-02-19 14:40:42.900,4042.0000,24314,1,8347935660.000,1,1,0,双开,B,4042.0000,4041.8000,4041.6000,4041.0000,4040.2000,4042.8000,4043.0000,4043.8000,4044.6000,4045.0000,1,1,2,1,1,1,2,1,1,3
SF,IF2006,2020-02-19 14:40:43.400,4042.0000,24314,0,8347935660.000,0,-,-,-,-,4041.6000,4041.0000,4040.2000,4040.0000,4039.6000,4042.8000,4043.0000,4043.8000,4044.6000,4045.0000,2,1,1,2,1,1,2,1,1,3
SF,IF2006,2020-02-19 14:40:43.900,4042.8000,24314,0,8349148500.000,1,0,1,空换,B,4041.6000,4041.0000,4040.2000,4040.0000,4039.6000,4043.0000,4043.2000,4043.8000,4044.6000,4045.0000,2,1,1,2,1,2,1,1,1,3
SF,IF2006,2020-02-19 14:40:44.400,4042.8000,24314,0,8350361340.000,1,0,1,空换,B,4041.8000,4041.6000,4041.0000,4040.2000,4040.0000,4043.0000,4043.2000,4043.8000,4044.6000,4045.0000,1,2,1,1,2,2,1,1,1,3
SF,IF2006,2020-02-19 14:40:44.900,4042.8000,24314,0,8350361340.000,0,-,-,-,-,4041.8000,4041.6000,4041.0000,4040.2000,4040.0000,4042.8000,4043.0000,4043.2000,4043.8000,4044.6000,2,2,1,1,2,1,2,1,1,1
SF,IF2006,2020-02-19 14:40:46.400,4042.8000,24314,0,8350361340.000,0,-,-,-,-,4041.8000,4041.6000,4041.0000,4040.2000,4040.0000,4042.8000,4043.0000,4043.2000,4043.8000,4044.6000,1,2,1,1,2,1,2,1,1,1
SF,IF2006,2020-02-19 14:40:47.400,4042.8000,24314,0,8350361340.000,0,-,-,-,-,4042.0000,4041.8000,4041.6000,4041.0000,4040.2000,4042.8000,4043.0000,4043.2000,4043.8000,4044.6000,2,1,2,1,1,1,3,1,1,1
SF,IF2006,2020-02-19 14:40:47.900,4042.8000,24314,0,8350361340.000,0,-,-,-,-,4042.0000,4041.6000,4041.0000,4040.2000,4040.0000,4042.8000,4043.0000,4043.2000,4043.8000,4044.6000,2,2,1,1,2,1,3,1,1,1
SF,IF2006,2020-02-19 14:40:49.400,4042.8000,24314,0,8350361340.000,0,-,-,-,-,4042.0000,4041.6000,4041.0000,4040.2000,4040.0000,4042.8000,4043.0000,4043.2000,4043.8000,4044.6000,2,2,1,1,2,1,3,1,1,1
SF,IF2006,2020-02-19 14:40:50.900,4042.8000,24314,0,8350361340.000,0,-,-,-,-,4042.0000,4041.6000,4041.0000,4040.2000,4040.0000,4042.8000,4043.0000,4043.2000,4043.8000,4044.6000,1,2,1,1,2,1,3,1,1,1
SF,IF2006,2020-02-19 14:40:51.400,4042.8000,24314,0,8351574180.000,1,0,1,空换,B,4042.0000,4041.6000,4041.0000,4040.2000,4040.0000,4043.0000,4043.2000,4043.8000,4044.6000,4045.0000,1,2,1,1,2,3,1,1,1,4
SF,IF2006,2020-02-19 14:40:52.400,4042.8000,24314,0,8351574180.000,0,-,-,-,-,4041.6000,4041.0000,4040.2000,4040.0000,4039.6000,4043.0000,4043.2000,4043.8000,4044.6000,4045.0000,2,1,1,2,1,3,1,1,1,4
SF,IF2006,2020-02-19 14:40:53.400,4042.8000,24314,0,8351574180.000,0,-,-,-,-,4041.6000,4041.0000,4040.2000,4040.0000,4039.6000,4042.8000,4043.0000,4043.2000,4043.8000,4044.6000,2,1,1,2,1,1,3,1,1,1
SF,IF2006,2020-02-19 14:40:53.900,4042.8000,24314,0,8351574180.000,0,-,-,-,-,4041.8000,4041.6000,4041.0000,4040.2000,4040.0000,4042.8000,4043.0000,4043.2000,4043.8000,4044.6000,1,2,1,1,2,1,3,1,1,1
SF,IF2006,2020-02-19 14:40:56.400,4042.8000,24314,0,8351574180.000,0,-,-,-,-,4042.0000,4041.8000,4041.6000,4041.0000,4040.2000,4042.8000,4043.0000,4043.2000,4043.8000,4044.6000,1,1,2,1,1,1,3,1,1,1
SF,IF2006,2020-02-19 14:40:57.400,4042.8000,24314,0,8351574180.000,0,-,-,-,-,4042.0000,4041.8000,4041.6000,4041.0000,4040.2000,4042.8000,4043.0000,4043.2000,4043.8000,4044.6000,1,1,3,1,1,1,3,1,1,1
SF,IF2006,2020-02-19 14:40:58.400,4042.8000,24314,0,8351574180.000,0,-,-,-,-,4042.0000,4041.6000,4041.0000,4040.2000,4040.0000,4042.8000,4043.0000,4043.2000,4043.8000,4044.6000,1,3,1,1,2,1,3,1,1,1
SF,IF2006,2020-02-19 14:40:59.400,4042.8000,24314,0,8351574180.000,0,-,-,-,-,4042.2000,4042.0000,4041.6000,4041.0000,4040.2000,4043.0000,4043.2000,4043.8000,4044.6000,4045.0000,1,1,3,1,1,3,1,1,1,4
SF,IF2006,2020-02-19 14:41:00.400,4042.8000,24314,0,8351574180.000,0,-,-,-,-,4042.2000,4041.6000,4041.0000,4040.2000,4040.0000,4043.0000,4043.2000,4043.8000,4044.6000,4045.0000,1,3,1,1,2,3,1,1,1,4
SF,IF2006,2020-02-19 14:41:00.900,4042.8000,24314,0,8351574180.000,0,-,-,-,-,4042.8000,4042.6000,4041.6000,4041.0000,4040.2000,4043.0000,4043.2000,4043.8000,4044.6000,4045.0000,1,1,3,1,1,3,1,1,1,4
SF,IF2006,2020-02-19 14:41:01.400,4043.0000,24315,1,8355212880.000,3,2,1,多开,B,4043.0000,4042.8000,4042.6000,4041.6000,4041.0000,4043.2000,4043.8000,4044.6000,4045.0000,4045.8000,1,1,1,3,1,1,1,1,4,1
SF,IF2006,2020-02-19 14:41:01.900,4042.8000,24315,0,8357638620.000,2,1,1,空换,B,4042.6000,4041.6000,4041.0000,4040.2000,4040.0000,4043.0000,4043.2000,4043.8000,4044.6000,4045.0000,1,3,1,1,2,1,1,1,1,4
SF,IF2006,2020-02-19 14:41:02.900,4042.6000,24314,-1,8358851400.000,1,0,1,双平,B,4041.6000,4041.0000,4040.2000,4040.0000,4039.6000,4043.2000,4043.8000,4044.6000,4045.0000,4045.8000,3,1,1,2,1,1,1,1,4,1
SF,IF2006,2020-02-19 14:41:03.900,4042.6000,24314,0,8358851400.000,0,-,-,-,-,4041.8000,4041.6000,4041.0000,4040.2000,4040.0000,4043.2000,4043.8000,4044.6000,4045.0000,4045.8000,1,3,1,1,2,1,1,1,4,1
SF,IF2006,2020-02-19 14:41:04.400,4042.6000,24314,0,8358851400.000,0,-,-,-,-,4042.0000,4041.8000,4041.6000,4041.0000,4040.2000,4043.2000,4043.8000,4044.6000,4045.0000,4045.8000,2,1,3,1,1,1,1,1,4,1
SF,IF2006,2020-02-19 14:41:06.400,4042.6000,24314,0,8358851400.000,0,-,-,-,-,4042.0000,4041.6000,4041.0000,4040.2000,4040.0000,4043.2000,4043.8000,4044.6000,4045.0000,4045.8000,2,3,1,1,2,1,1,1,4,1
SF,IF2006,2020-02-19 14:41:07.400,4042.6000,24314,0,8358851400.000,0,-,-,-,-,4042.0000,4041.6000,4041.0000,4040.2000,4040.0000,4043.2000,4043.8000,4044.6000,4045.0000,4045.8000,1,3,1,1,2,1,1,1,4,1
SF,IF2006,2020-02-19 14:41:08.400,4042.6000,24314,0,8358851400.000,0,-,-,-,-,4042.0000,4041.6000,4040.2000,4040.0000,4039.6000,4043.2000,4043.8000,4044.6000,4045.0000,4045.8000,1,3,1,2,1,1,1,1,4,1
SF,IF2006,2020-02-19 14:41:08.900,4042.6000,24314,0,8358851400.000,0,-,-,-,-,4042.0000,4041.6000,4040.2000,4040.0000,4039.6000,4043.0000,4043.2000,4043.8000,4044.6000,4045.0000,1,1,1,2,1,2,1,1,1,4
SF,IF2006,2020-02-19 14:41:09.400,4042.0000,24314,0,8360064000.000,1,0,1,空换,B,4041.6000,4040.2000,4040.0000,4039.6000,4039.2000,4042.8000,4043.0000,4043.2000,4043.8000,4044.6000,1,1,2,1,1,1,2,2,1,1
SF,IF2006,2020-02-19 14:41:09.900,4041.6000,24314,0,8361276480.000,1,0,1,空换,B,4040.2000,4040.0000,4039.6000,4039.2000,4038.8000,4042.8000,4043.0000,4043.2000,4043.8000,4044.6000,1,2,1,1,1,1,2,1,1,1
SF,IF2006,2020-02-19 14:41:10.400,4040.4000,24314,0,8362488600.000,1,0,1,空换,B,4040.4000,4040.2000,4040.0000,4039.6000,4039.2000,4042.6000,4042.8000,4043.2000,4043.8000,4044.6000,3,1,2,1,1,4,2,1,1,1
SF,IF2006,2020-02-19 14:41:10.900,4040.4000,24314,0,8362488600.000,0,-,-,-,-,4040.4000,4040.2000,4040.0000,4039.6000,4039.2000,4042.6000,4042.8000,4043.2000,4043.8000,4044.6000,3,1,2,1,1,4,1,1,1,1
SF,IF2006,2020-02-19 14:41:11.400,4040.4000,24314,0,8362488600.000,0,-,-,-,-,4040.6000,4040.4000,4040.2000,4040.0000,4039.6000,4042.6000,4042.8000,4043.2000,4043.8000,4044.6000,2,3,1,2,1,4,1,1,1,1
SF,IF2006,2020-02-19 14:41:11.900,4040.4000,24314,0,8362488600.000,0,-,-,-,-,4041.0000,4040.8000,4040.6000,4040.4000,4040.2000,4042.6000,4042.8000,4043.2000,4043.8000,4044.6000,1,3,2,1,1,4,1,1,1,1
SF,IF2006,2020-02-19 14:41:12.400,4040.4000,24314,0,8362488600.000,0,-,-,-,-,4041.0000,4040.8000,4040.6000,4040.4000,4040.2000,4042.4000,4042.6000,4043.2000,4043.8000,4044.6000,1,3,2,1,1,1,4,1,1,1
SF,IF2006,2020-02-19 14:41:13.400,4040.4000,24314,0,8362488600.000,0,-,-,-,-,4040.8000,4040.6000,4040.4000,4040.2000,4040.0000,4042.4000,4042.6000,4043.2000,4043.8000,4044.6000,3,2,1,1,2,1,4,1,1,1
SF,IF2006,2020-02-19 14:41:13.900,4040.4000,24314,0,8362488600.000,0,-,-,-,-,4040.8000,4040.6000,4040.4000,4040.2000,4040.0000,4042.4000,4042.6000,4043.2000,4043.8000,4044.6000,3,1,1,1,2,1,4,1,1,1
SF,IF2006,2020-02-19 14:41:14.400,4040.4000,24314,0,8362488600.000,0,-,-,-,-,4040.8000,4040.6000,4040.4000,4040.2000,4040.0000,4042.6000,4043.2000,4043.8000,4044.6000,4045.0000,3,1,1,1,2,4,1,1,1,4
SF,IF2006,2020-02-19 14:41:15.400,4040.4000,24314,0,8362488600.000,0,-,-,-,-,4041.0000,4040.8000,4040.4000,4040.2000,4040.0000,4042.6000,4043.2000,4043.8000,4044.6000,4045.0000,1,3,1,1,2,4,1,1,1,4
SF,IF2006,2020-02-19 14:41:16.400,4040.4000,24314,0,8362488600.000,0,-,-,-,-,4041.0000,4040.8000,4040.4000,4040.2000,4040.0000,4042.6000,4043.2000,4043.8000,4044.6000,4045.0000,2,3,1,1,2,4,1,1,1,4
SF,IF2006,2020-02-19 14:41:16.900,4040.4000,24314,0,8362488600.000,0,-,-,-,-,4041.0000,4040.8000,4040.2000,4040.0000,4039.6000,4042.6000,4043.2000,4043.8000,4044.6000,4045.0000,1,3,1,2,1,4,1,1,1,4
SF,IF2006,2020-02-19 14:41:18.900,4040.4000,24314,0,8362488600.000,0,-,-,-,-,4041.2000,4041.0000,4040.8000,4040.2000,4040.0000,4042.4000,4042.6000,4043.2000,4043.8000,4044.6000,1,1,3,1,2,1,4,1,1,1
SF,IF2006,2020-02-19 14:41:19.400,4040.4000,24314,0,8362488600.000,0,-,-,-,-,4041.2000,4041.0000,4040.8000,4040.2000,4040.0000,4042.4000,4042.6000,4043.2000,4043.8000,4044.6000,1,1,3,1,2,1,3,1,1,1
SF,IF2006,2020-02-19 14:41:20.400,4040.4000,24314,0,8362488600.000,0,-,-,-,-,4041.2000,4041.0000,4040.8000,4040.2000,4040.0000,4042.4000,4042.6000,4043.2000,4043.8000,4044.6000,1,1,3,1,2,1,3,1,1,1
SF,IF2006,2020-02-19 14:41:21.400,4040.4000,24314,0,8362488600.000,0,-,-,-,-,4041.2000,4041.0000,4040.8000,4040.2000,4040.0000,4042.4000,4042.6000,4042.8000,4043.2000,4043.8000,1,1,3,1,2,1,3,1,1,1
SF,IF2006,2020-02-19 14:41:22.900,4040.4000,24314,0,8362488600.000,0,-,-,-,-,4041.0000,4040.8000,4040.2000,4040.0000,4039.6000,4042.4000,4042.6000,4042.8000,4043.2000,4043.8000,1,3,1,2,1,1,3,1,1,1
SF,IF2006,2020-02-19 14:41:25.400,4040.4000,24314,0,8362488600.000,0,-,-,-,-,4041.2000,4041.0000,4040.8000,4040.2000,4040.0000,4042.4000,4042.6000,4042.8000,4043.2000,4043.8000,1,1,3,1,2,1,3,1,1,1
SF,IF2006,2020-02-19 14:41:25.900,4040.4000,24314,0,8362488600.000,0,-,-,-,-,4041.2000,4041.0000,4040.8000,4040.2000,4040.0000,4042.4000,4042.6000,4042.8000,4043.2000,4043.8000,1,1,2,1,2,1,2,1,1,1
SF,IF2006,2020-02-19 14:41:26.900,4040.4000,24314,0,8362488600.000,0,-,-,-,-,4041.2000,4041.0000,4040.8000,4040.2000,4040.0000,4042.4000,4042.6000,4042.8000,4043.2000,4043.8000,1,1,2,1,2,1,2,1,2,1
SF,IF2006,2020-02-19 14:41:31.400,4040.4000,24314,0,8362488600.000,0,-,-,-,-,4041.2000,4041.0000,4040.8000,4040.2000,4040.0000,4042.4000,4042.6000,4042.8000,4043.2000,4043.8000,1,1,2,1,2,1,2,1,2,1
SF,IF2006,2020-02-19 14:41:31.900,4040.4000,24314,0,8362488600.000,0,-,-,-,-,4041.2000,4041.0000,4040.8000,4040.2000,4040.0000,4042.4000,4042.8000,4043.2000,4043.8000,4044.6000,1,1,2,1,2,1,1,2,1,1
SF,IF2006,2020-02-19 14:41:32.400,4040.4000,24314,0,8362488600.000,0,-,-,-,-,4041.2000,4041.0000,4040.8000,4040.2000,4040.0000,4042.4000,4042.8000,4043.2000,4043.8000,4044.6000,1,1,2,1,2,1,1,2,1,1
SF,IF2006,2020-02-19 14:41:37.400,4040.8000,24313,-1,8363700840.000,1,0,1,双平,B,4041.0000,4040.8000,4040.2000,4040.0000,4039.6000,4042.4000,4042.8000,4043.2000,4043.8000,4044.6000,1,2,1,2,1,1,1,2,1,1
SF,IF2006,2020-02-19 14:41:38.900,4040.8000,24313,0,8363700840.000,0,-,-,-,-,4041.2000,4041.0000,4040.8000,4040.2000,4040.0000,4042.4000,4042.8000,4043.2000,4043.8000,4044.6000,1,1,2,1,2,1,1,1,1,1
SF,IF2006,2020-02-19 14:41:39.400,4040.8000,24313,0,8363700840.000,0,-,-,-,-,4041.0000,4040.8000,4040.2000,4040.0000,4039.6000,4042.4000,4042.8000,4043.2000,4043.8000,4044.6000,1,2,1,2,1,1,1,1,1,1
SF,IF2006,2020-02-19 14:41:41.400,4040.8000,24313,0,8363700840.000,0,-,-,-,-,4041.2000,4041.0000,4040.8000,4040.2000,4040.0000,4042.4000,4042.8000,4043.2000,4043.8000,4044.6000,1,1,2,1,2,1,1,1,1,1
SF,IF2006,2020-02-19 14:41:41.900,4040.8000,24313,0,8363700840.000,0,-,-,-,-,4041.2000,4041.0000,4040.8000,4040.2000,4040.0000,4042.4000,4042.8000,4043.2000,4043.8000,4044.6000,2,1,2,1,2,1,1,1,1,1
SF,IF2006,2020-02-19 14:41:42.400,4040.8000,24313,0,8363700840.000,0,-,-,-,-,4041.2000,4041.0000,4040.8000,4040.2000,4040.0000,4042.4000,4042.8000,4043.2000,4043.8000,4045.0000,2,1,2,1,2,1,1,1,1,4
SF,IF2006,2020-02-19 14:41:43.400,4040.8000,24313,0,8363700840.000,0,-,-,-,-,4041.2000,4041.0000,4040.8000,4040.2000,4040.0000,4042.4000,4042.8000,4043.2000,4043.8000,4045.0000,1,1,2,1,2,1,1,1,1,4
SF,IF2006,2020-02-19 14:41:43.900,4040.8000,24313,0,8363700840.000,0,-,-,-,-,4041.2000,4041.0000,4040.8000,4040.2000,4040.0000,4042.4000,4042.8000,4043.2000,4043.8000,4045.0000,1,1,2,1,2,1,1,1,1,5
SF,IF2006,2020-02-19 14:41:47.400,4040.8000,24313,0,8363700840.000,0,-,-,-,-,4041.2000,4041.0000,4040.8000,4040.2000,4040.0000,4042.4000,4042.8000,4043.2000,4043.8000,4045.0000,1,1,2,1,2,1,1,1,1,5
SF,IF2006,2020-02-19 14:41:47.900,4040.8000,24313,0,8363700840.000,0,-,-,-,-,4041.4000,4041.2000,4041.0000,4040.2000,4040.0000,4042.4000,4042.8000,4043.2000,4043.8000,4045.0000,4,1,1,1,2,1,1,1,1,5
SF,IF2006,2020-02-19 14:41:48.400,4040.8000,24313,0,8363700840.000,0,-,-,-,-,4041.4000,4041.2000,4041.0000,4040.8000,4040.2000,4042.4000,4042.8000,4043.2000,4043.8000,4045.0000,5,1,1,1,1,1,1,1,1,5
SF,IF2006,2020-02-19 14:41:48.900,4040.8000,24313,0,8363700840.000,0,-,-,-,-,4041.4000,4041.2000,4041.0000,4040.2000,4040.0000,4042.4000,4042.8000,4043.2000,4043.8000,4045.0000,5,1,1,1,2,1,1,1,1,5
SF,IF2006,2020-02-19 14:41:49.400,4040.8000,24313,0,8363700840.000,0,-,-,-,-,4041.6000,4041.4000,4041.2000,4041.0000,4040.2000,4042.4000,4042.8000,4043.2000,4043.8000,4045.0000,1,5,1,1,1,1,1,1,1,5
SF,IF2006,2020-02-19 14:41:49.900,4040.8000,24313,0,8363700840.000,0,-,-,-,-,4041.6000,4041.4000,4041.2000,4041.0000,4040.2000,4042.4000,4042.8000,4043.0000,4043.2000,4043.8000,1,4,1,1,1,1,1,1,1,1
SF,IF2006,2020-02-19 14:41:51.900,4040.8000,24313,0,8363700840.000,0,-,-,-,-,4041.6000,4041.4000,4041.2000,4041.0000,4040.2000,4042.4000,4042.8000,4043.0000,4043.2000,4043.8000,1,4,1,1,1,1,1,1,1,1
SF,IF2006,2020-02-19 14:41:52.900,4042.4000,24313,0,8364913560.000,1,0,1,空换,B,4041.6000,4041.4000,4041.0000,4040.2000,4040.0000,4042.8000,4043.0000,4043.2000,4043.8000,4045.0000,1,4,1,1,2,1,1,1,1,5
SF,IF2006,2020-02-19 14:41:53.900,4042.4000,24313,0,8364913560.000,0,-,-,-,-,4041.8000,4041.6000,4041.4000,4041.0000,4040.2000,4042.8000,4043.0000,4043.2000,4043.8000,4045.0000,1,1,3,1,1,1,1,1,1,5
SF,IF2006,2020-02-19 14:41:54.400,4042.4000,24313,0,8364913560.000,0,-,-,-,-,4041.8000,4041.6000,4041.4000,4041.0000,4040.2000,4042.8000,4043.0000,4043.2000,4043.8000,4045.0000,3,1,3,1,1,1,1,1,1,5
SF,IF2006,2020-02-19 14:41:54.900,4042.4000,24313,0,8364913560.000,0,-,-,-,-,4041.8000,4041.6000,4041.4000,4041.0000,4040.2000,4042.8000,4043.0000,4043.2000,4043.8000,4045.0000,3,1,3,1,1,1,1,1,1,5
SF,IF2006,2020-02-19 14:41:55.400,4042.4000,24313,0,8364913560.000,0,-,-,-,-,4041.8000,4041.6000,4041.4000,4041.0000,4040.2000,4042.8000,4043.0000,4043.2000,4043.8000,4045.0000,2,1,3,1,1,1,1,1,1,5
SF,IF2006,2020-02-19 14:41:55.900,4042.4000,24313,0,8364913560.000,0,-,-,-,-,4041.8000,4041.6000,4041.4000,4041.0000,4040.2000,4042.8000,4043.0000,4043.2000,4043.8000,4045.0000,1,1,3,1,1,1,1,1,1,5
SF,IF2006,2020-02-19 14:41:56.900,4042.4000,24313,0,8364913560.000,0,-,-,-,-,4042.0000,4041.8000,4041.4000,4041.0000,4040.2000,4042.8000,4043.0000,4043.2000,4043.8000,4045.0000,1,1,3,1,1,1,1,1,1,5
SF,IF2006,2020-02-19 14:41:57.400,4041.8000,24313,0,8367338700.000,2,1,1,空换,B,4041.4000,4041.0000,4040.2000,4040.0000,4039.6000,4041.8000,4042.8000,4043.0000,4043.2000,4043.8000,3,1,1,2,1,1,1,1,1,1
SF,IF2006,2020-02-19 14:41:57.900,4041.8000,24313,0,8368551240.000,1,0,1,空换,B,4042.0000,4041.4000,4041.0000,4040.2000,4040.0000,4042.8000,4043.0000,4043.2000,4043.8000,4045.0000,2,3,1,1,2,1,1,1,1,5
SF,IF2006,2020-02-19 14:41:58.400,4041.8000,24313,0,8368551240.000,0,-,-,-,-,4041.4000,4041.0000,4040.2000,4040.0000,4039.6000,4042.8000,4043.0000,4043.2000,4043.8000,4045.0000,3,1,1,2,1,1,1,1,1,5
SF,IF2006,2020-02-19 14:41:58.900,4041.8000,24313,0,8368551240.000,0,-,-,-,-,4041.6000,4041.4000,4041.0000,4040.2000,4040.0000,4042.8000,4043.0000,4043.2000,4043.8000,4045.0000,1,4,1,1,2,1,1,1,1,5
SF,IF2006,2020-02-19 14:41:59.400,4041.8000,24313,0,8368551240.000,0,-,-,-,-,4041.6000,4041.4000,4041.0000,4040.2000,4040.0000,4042.8000,4043.0000,4043.2000,4043.8000,4045.0000,3,4,1,1,2,1,1,1,1,5
SF,IF2006,2020-02-19 14:41:59.900,4041.8000,24313,0,8368551240.000,0,-,-,-,-,4041.8000,4041.6000,4041.4000,4041.0000,4040.2000,4042.8000,4043.0000,4043.2000,4043.8000,4045.0000,1,3,4,1,1,1,1,1,1,5
SF,IF2006,2020-02-19 14:42:01.400,4041.8000,24313,0,8368551240.000,0,-,-,-,-,4041.8000,4041.6000,4041.4000,4041.0000,4040.2000,4042.8000,4043.0000,4043.2000,4043.8000,4045.0000,1,3,4,1,1,1,1,1,1,5
SF,IF2006,2020-02-19 14:42:01.900,4041.8000,24313,0,8368551240.000,0,-,-,-,-,4042.0000,4041.8000,4041.6000,4041.4000,4041.0000,4042.8000,4043.0000,4043.2000,4043.8000,4045.0000,1,1,3,4,1,1,1,1,1,5
SF,IF2006,2020-02-19 14:42:02.900,4041.8000,24314,1,8369763780.000,1,1,0,双开,B,4041.8000,4041.6000,4041.4000,4041.0000,4040.2000,4042.8000,4043.0000,4043.2000,4043.8000,4045.0000,1,2,4,1,1,1,1,1,1,5
SF,IF2006,2020-02-19 14:42:03.400,4041.8000,24314,0,8369763780.000,0,-,-,-,-,4042.2000,4041.8000,4041.6000,4041.4000,4041.0000,4042.8000,4043.0000,4043.2000,4043.8000,4045.0000,1,1,2,4,1,1,1,1,1,5
SF,IF2006,2020-02-19 14:42:03.900,4041.8000,24314,0,8369763780.000,0,-,-,-,-,4042.2000,4041.8000,4041.6000,4041.4000,4041.0000,4042.8000,4043.0000,4043.2000,4043.8000,4045.0000,1,1,2,4,1,1,1,1,1,5
SF,IF2006,2020-02-19 14:42:05.900,4041.8000,24314,0,8369763780.000,0,-,-,-,-,4042.2000,4041.8000,4041.6000,4041.4000,4041.0000,4042.8000,4043.0000,4043.2000,4043.8000,4045.0000,1,1,1,4,1,1,1,1,1,5
SF,IF2006,2020-02-19 14:42:06.400,4042.8000,24314,0,8370976620.000,1,0,1,空换,B,4042.8000,4042.2000,4041.8000,4041.6000,4041.4000,4043.0000,4043.2000,4043.8000,4045.0000,4045.8000,1,1,1,1,4,1,1,1,5,1
SF,IF2006,2020-02-19 14:42:06.900,4042.8000,24314,0,8372189460.000,1,0,1,空换,B,4042.2000,4041.8000,4041.6000,4041.4000,4041.0000,4043.0000,4043.2000,4043.8000,4045.0000,4045.8000,1,1,1,4,1,1,1,1,5,1
SF,IF2006,2020-02-19 14:42:07.900,4042.8000,24314,0,8372189460.000,0,-,-,-,-,4042.8000,4042.2000,4041.6000,4041.4000,4041.0000,4043.0000,4043.2000,4043.8000,4045.0000,4045.8000,1,1,1,4,1,1,1,1,5,1
SF,IF2006,2020-02-19 14:42:08.400,4042.8000,24315,1,8373402300.000,1,1,0,双开,B,4042.2000,4041.6000,4041.4000,4041.0000,4040.2000,4042.8000,4043.0000,4043.2000,4043.8000,4045.0000,1,1,4,1,1,1,1,1,1,5
SF,IF2006,2020-02-19 14:42:08.900,4042.8000,24315,0,8373402300.000,0,-,-,-,-,4041.6000,4041.4000,4041.0000,4040.2000,4040.0000,4042.8000,4043.0000,4043.2000,4043.8000,4045.0000,1,4,1,1,2,1,1,1,1,5
SF,IF2006,2020-02-19 14:42:09.400,4042.8000,24315,0,8373402300.000,0,-,-,-,-,4042.0000,4041.8000,4041.6000,4041.4000,4041.0000,4042.8000,4043.0000,4043.2000,4043.8000,4045.0000,2,2,1,3,1,1,1,1,1,5
SF,IF2006,2020-02-19 14:42:10.400,4042.8000,24315,0,8373402300.000,0,-,-,-,-,4041.4000,4041.0000,4040.0000,4039.6000,4039.2000,4042.8000,4043.0000,4043.2000,4043.8000,4045.0000,3,1,2,1,1,1,1,1,1,5
SF,IF2006,2020-02-19 14:42:11.400,4042.8000,24315,0,8373402300.000,0,-,-,-,-,4041.4000,4041.0000,4040.0000,4039.6000,4039.2000,4042.6000,4042.8000,4043.0000,4043.2000,4043.8000,3,1,2,1,1,1,1,2,1,1
SF,IF2006,2020-02-19 14:42:12.400,4042.8000,24315,0,8373402300.000,0,-,-,-,-,4041.4000,4041.0000,4040.0000,4039.6000,4039.2000,4042.4000,4042.6000,4043.0000,4043.2000,4043.8000,3,1,2,1,1,1,1,2,1,1
SF,IF2006,2020-02-19 14:42:13.900,4042.8000,24315,0,8373402300.000,0,-,-,-,-,4041.4000,4040.0000,4039.6000,4039.2000,4038.8000,4042.4000,4042.6000,4043.0000,4043.2000,4043.8000,3,2,1,1,1,1,1,2,1,1
SF,IF2006,2020-02-19 14:42:14.400,4042.8000,24315,0,8373402300.000,0,-,-,-,-,4041.4000,4040.0000,4039.6000,4039.2000,4038.8000,4042.4000,4042.6000,4043.0000,4043.2000,4043.8000,3,2,1,1,1,1,1,3,1,1
SF,IF2006,2020-02-19 14:42:14.900,4042.8000,24315,0,8373402300.000,0,-,-,-,-,4041.6000,4041.4000,4040.0000,4039.6000,4039.2000,4042.4000,4042.6000,4043.0000,4043.2000,4043.8000,1,3,2,1,1,1,1,3,1,1
SF,IF2006,2020-02-19 14:42:16.400,4042.8000,24315,0,8373402300.000,0,-,-,-,-,4041.6000,4041.4000,4040.0000,4039.2000,4038.8000,4042.4000,4042.6000,4043.0000,4043.2000,4043.8000,1,3,2,1,1,1,1,3,1,1
SF,IF2006,2020-02-19 14:42:16.900,4042.4000,24316,1,8374615020.000,1,1,0,双开,B,4041.6000,4041.4000,4040.0000,4039.2000,4038.8000,4042.6000,4043.0000,4043.2000,4043.8000,4045.0000,1,3,2,1,1,1,3,1,1,5
SF,IF2006,2020-02-19 14:42:17.400,4042.4000,24316,0,8374615020.000,0,-,-,-,-,4041.4000,4040.0000,4039.2000,4038.8000,4038.6000,4042.6000,4043.0000,4043.2000,4043.8000,4045.0000,3,2,1,1,2,1,3,1,1,5
SF,IF2006,2020-02-19 14:42:18.400,4042.4000,24316,0,8374615020.000,0,-,-,-,-,4041.6000,4041.4000,4040.0000,4039.2000,4038.8000,4042.6000,4043.0000,4043.2000,4043.8000,4045.0000,1,3,2,1,1,1,3,1,1,5
SF,IF2006,2020-02-19 14:42:19.400,4042.4000,24316,0,8374615020.000,0,-,-,-,-,4041.4000,4040.0000,4039.2000,4038.8000,4038.6000,4042.6000,4043.0000,4043.2000,4043.8000,4045.0000,3,2,1,1,2,1,3,1,1,5
SF,IF2006,2020-02-19 14:42:20.400,4042.4000,24316,0,8374615020.000,0,-,-,-,-,4041.4000,4040.0000,4039.2000,4038.8000,4038.6000,4042.6000,4043.0000,4043.2000,4043.8000,4045.0000,2,2,1,1,2,1,3,1,1,5
SF,IF2006,2020-02-19 14:42:20.900,4042.4000,24316,0,8374615020.000,0,-,-,-,-,4040.0000,4039.2000,4038.8000,4038.6000,4038.2000,4042.6000,4043.0000,4043.2000,4043.8000,4045.0000,2,1,1,2,1,1,3,1,1,5
SF,IF2006,2020-02-19 14:42:21.400,4042.4000,24316,0,8374615020.000,0,-,-,-,-,4040.6000,4040.4000,4040.2000,4040.0000,4039.2000,4042.4000,4042.6000,4043.0000,4043.2000,4043.8000,2,3,5,4,1,3,1,3,1,1
SF,IF2006,2020-02-19 14:42:21.900,4042.4000,24316,0,8374615020.000,0,-,-,-,-,4040.8000,4040.6000,4040.4000,4040.2000,4040.0000,4042.4000,4042.6000,4043.0000,4043.2000,4043.8000,2,2,3,4,4,3,1,3,1,1
SF,IF2006,2020-02-19 14:42:23.400,4042.4000,24316,0,8374615020.000,0,-,-,-,-,4041.0000,4040.8000,4040.6000,4040.4000,4040.2000,4042.4000,4042.6000,4043.0000,4043.2000,4043.8000,1,2,2,3,4,3,1,3,1,1
SF,IF2006,2020-02-19 14:42:23.900,4042.4000,24316,0,8374615020.000,0,-,-,-,-,4041.2000,4041.0000,4040.8000,4040.6000,4040.4000,4042.2000,4042.4000,4043.0000,4043.2000,4043.8000,1,1,1,2,3,1,2,3,1,1
SF,IF2006,2020-02-19 14:42:24.400,4042.4000,24316,0,8374615020.000,0,-,-,-,-,4041.2000,4041.0000,4040.8000,4040.6000,4040.4000,4042.2000,4042.4000,4043.0000,4043.2000,4043.8000,1,1,1,2,2,1,2,3,1,1
SF,IF2006,2020-02-19 14:42:24.900,4042.4000,24316,0,8374615020.000,0,-,-,-,-,4041.2000,4041.0000,4040.6000,4040.4000,4040.2000,4042.2000,4042.4000,4043.0000,4043.2000,4043.8000,1,1,2,1,4,1,2,3,1,1
SF,IF2006,2020-02-19 14:42:25.400,4042.4000,24316,0,8374615020.000,0,-,-,-,-,4041.0000,4040.6000,4040.4000,4040.2000,4040.0000,4042.2000,4042.4000,4043.0000,4043.2000,4043.8000,1,2,1,4,4,1,2,3,1,1
SF,IF2006,2020-02-19 14:42:26.900,4042.4000,24316,0,8374615020.000,0,-,-,-,-,4041.0000,4040.6000,4040.4000,4040.2000,4040.0000,4042.2000,4042.4000,4043.0000,4043.2000,4043.8000,1,2,1,4,4,1,2,3,1,1
SF,IF2006,2020-02-19 14:42:28.400,4042.4000,24316,0,8374615020.000,0,-,-,-,-,4041.0000,4040.6000,4040.4000,4040.2000,4040.0000,4042.2000,4042.4000,4043.0000,4043.2000,4043.8000,1,2,1,4,4,1,2,3,1,1
SF,IF2006,2020-02-19 14:42:30.900,4042.4000,24316,0,8374615020.000,0,-,-,-,-,4041.0000,4040.6000,4040.4000,4040.2000,4040.0000,4042.2000,4042.4000,4043.0000,4043.2000,4043.8000,1,2,1,4,3,1,2,3,1,1
SF,IF2006,2020-02-19 14:42:31.400,4042.4000,24316,0,8374615020.000,0,-,-,-,-,4040.6000,4040.4000,4040.2000,4040.0000,4039.2000,4042.2000,4042.4000,4043.0000,4043.2000,4043.8000,2,1,4,3,1,1,2,3,1,1
SF,IF2006,2020-02-19 14:42:31.900,4042.4000,24316,0,8374615020.000,0,-,-,-,-,4040.6000,4040.2000,4040.0000,4039.2000,4038.8000,4042.2000,4042.4000,4043.0000,4043.2000,4043.8000,2,4,1,1,1,1,2,3,1,1
SF,IF2006,2020-02-19 14:42:32.400,4042.4000,24316,0,8374615020.000,0,-,-,-,-,4040.6000,4040.2000,4040.0000,4039.2000,4038.8000,4042.2000,4042.4000,4043.0000,4043.2000,4043.8000,1,4,1,1,1,1,2,3,1,1
SF,IF2006,2020-02-19 14:42:32.900,4042.4000,24316,0,8374615020.000,0,-,-,-,-,4040.6000,4040.4000,4040.2000,4040.0000,4039.2000,4042.0000,4042.2000,4042.4000,4043.0000,4043.2000,1,1,4,1,1,1,1,2,3,1
SF,IF2006,2020-02-19 14:42:33.400,4042.4000,24316,0,8374615020.000,0,-,-,-,-,4040.6000,4040.2000,4040.0000,4039.2000,4038.8000,4042.0000,4042.2000,4042.4000,4043.0000,4043.2000,1,4,1,1,1,1,1,2,3,1
SF,IF2006,2020-02-19 14:42:33.900,4042.4000,24316,0,8374615020.000,0,-,-,-,-,4040.6000,4040.2000,4040.0000,4039.2000,4038.8000,4041.8000,4042.0000,4042.4000,4043.0000,4043.2000,1,4,1,1,1,1,1,2,3,1
SF,IF2006,2020-02-19 14:42:34.400,4042.4000,24316,0,8374615020.000,0,-,-,-,-,4040.2000,4040.0000,4039.2000,4038.8000,4038.6000,4041.8000,4042.0000,4042.4000,4043.0000,4043.2000,3,1,1,1,2,1,1,2,3,1
SF,IF2006,2020-02-19 14:42:37.400,4042.4000,24316,0,8374615020.000,0,-,-,-,-,4040.2000,4040.0000,4039.2000,4038.8000,4038.6000,4041.8000,4042.0000,4042.4000,4043.0000,4043.2000,2,1,1,1,2,1,1,2,3,1
SF,IF2006,2020-02-19 14:42:37.900,4042.4000,24316,0,8374615020.000,0,-,-,-,-,4040.2000,4040.0000,4039.2000,4038.8000,4038.6000,4041.6000,4041.8000,4042.0000,4042.4000,4043.0000,2,1,1,1,2,1,1,1,2,3
SF,IF2006,2020-02-19 14:42:38.400,4042.4000,24316,0,8374615020.000,0,-,-,-,-,4040.2000,4040.0000,4039.2000,4038.8000,4038.6000,4041.8000,4042.0000,4042.4000,4043.0000,4043.2000,2,1,1,1,2,1,1,2,3,1
SF,IF2006,2020-02-19 14:42:40.400,4042.4000,24316,0,8374615020.000,0,-,-,-,-,4040.2000,4040.0000,4039.2000,4038.8000,4038.6000,4041.8000,4042.4000,4043.0000,4043.2000,4043.8000,2,1,1,1,2,1,2,3,1,1
SF,IF2006,2020-02-19 14:42:40.900,4042.4000,24316,0,8374615020.000,0,-,-,-,-,4040.4000,4040.2000,4040.0000,4039.2000,4038.8000,4041.8000,4042.4000,4043.0000,4043.2000,4043.8000,1,2,1,1,1,1,2,3,1,1
SF,IF2006,2020-02-19 14:42:41.400,4042.4000,24316,0,8374615020.000,0,-,-,-,-,4040.4000,4040.2000,4040.0000,4039.2000,4038.8000,4041.6000,4041.8000,4042.4000,4043.0000,4043.2000,1,2,1,1,1,1,1,2,3,1
SF,IF2006,2020-02-19 14:42:41.900,4042.4000,24316,0,8374615020.000,0,-,-,-,-,4040.4000,4040.0000,4039.2000,4038.8000,4038.6000,4041.6000,4041.8000,4042.4000,4043.0000,4043.2000,1,1,1,1,2,1,1,2,3,1
SF,IF2006,2020-02-19 14:42:42.400,4042.4000,24316,0,8374615020.000,0,-,-,-,-,4040.0000,4039.2000,4038.8000,4038.6000,4038.2000,4041.6000,4041.8000,4042.4000,4043.0000,4043.2000,1,1,1,2,1,1,1,2,3,1
SF,IF2006,2020-02-19 14:42:42.900,4042.4000,24316,0,8374615020.000,0,-,-,-,-,4040.0000,4039.2000,4038.8000,4038.6000,4038.2000,4041.6000,4041.8000,4042.4000,4043.0000,4043.2000,1,1,1,2,1,1,1,2,4,1
SF,IF2006,2020-02-19 14:42:43.400,4042.4000,24316,0,8374615020.000,0,-,-,-,-,4040.0000,4039.2000,4038.8000,4038.6000,4038.2000,4041.4000,4041.6000,4041.8000,4043.0000,4043.2000,1,1,1,2,1,4,1,1,4,1
SF,IF2006,2020-02-19 14:42:43.900,4042.4000,24316,0,8374615020.000,0,-,-,-,-,4040.0000,4039.2000,4038.8000,4038.6000,4038.2000,4041.4000,4041.6000,4043.0000,4043.2000,4043.8000,1,1,1,2,1,5,1,4,1,1
SF,IF2006,2020-02-19 14:42:44.400,4040.0000,24316,0,8375827020.000,1,0,1,空换,B,4038.8000,4038.6000,4038.2000,4038.0000,4037.2000,4041.2000,4041.4000,4041.6000,4043.0000,4043.2000,1,2,1,1,1,1,5,1,4,1
SF,IF2006,2020-02-19 14:42:44.900,4040.0000,24316,0,8375827020.000,0,-,-,-,-,4039.0000,4038.6000,4038.2000,4038.0000,4037.2000,4041.0000,4041.2000,4041.4000,4041.6000,4043.0000,4,1,1,1,1,4,2,2,1,4
SF,IF2006,2020-02-19 14:42:45.400,4040.0000,24316,0,8375827020.000,0,-,-,-,-,4039.0000,4038.6000,4038.2000,4038.0000,4037.2000,4041.0000,4041.2000,4041.4000,4041.6000,4043.0000,4,1,1,1,1,4,2,2,1,4
SF,IF2006,2020-02-19 14:42:45.900,4040.0000,24316,0,8375827020.000,0,-,-,-,-,4039.0000,4038.6000,4038.2000,4038.0000,4037.2000,4041.0000,4041.4000,4041.6000,4043.0000,4043.2000,4,1,1,1,1,4,2,1,4,1
SF,IF2006,2020-02-19 14:42:46.400,4040.0000,24316,0,8375827020.000,0,-,-,-,-,4039.2000,4039.0000,4038.6000,4038.2000,4038.0000,4041.0000,4041.4000,4041.6000,4043.0000,4043.2000,1,4,1,1,1,4,2,1,4,1
SF,IF2006,2020-02-19 14:42:46.900,4039.4000,24316,0,8377038840.000,1,0,1,空换,B,4039.2000,4039.0000,4038.6000,4038.2000,4038.0000,4041.0000,4041.4000,4041.6000,4043.0000,4043.2000,1,4,1,1,1,4,2,1,4,1
SF,IF2006,2020-02-19 14:42:47.400,4039.4000,24316,0,8377038840.000,0,-,-,-,-,4039.2000,4039.0000,4038.6000,4038.2000,4038.0000,4040.8000,4041.0000,4041.4000,4043.0000,4043.2000,1,3,1,1,1,1,4,1,4,1
SF,IF2006,2020-02-19 14:42:47.900,4039.4000,24316,0,8377038840.000,0,-,-,-,-,4039.2000,4039.0000,4038.6000,4038.2000,4038.0000,4040.6000,4040.8000,4041.0000,4043.0000,4043.2000,1,3,1,1,1,5,2,1,4,1
SF,IF2006,2020-02-19 14:42:48.900,4039.4000,24316,0,8377038840.000,0,-,-,-,-,4039.0000,4038.6000,4038.2000,4038.0000,4037.2000,4040.6000,4040.8000,4041.0000,4043.0000,4043.2000,3,1,1,1,1,5,2,1,4,1
SF,IF2006,2020-02-19 14:42:49.400,4039.4000,24316,0,8377038840.000,0,-,-,-,-,4039.0000,4038.6000,4038.2000,4038.0000,4037.2000,4040.6000,4040.8000,4041.0000,4043.0000,4043.2000,3,1,1,1,1,5,1,1,4,1
SF,IF2006,2020-02-19 14:42:49.900,4039.4000,24316,0,8377038840.000,0,-,-,-,-,4039.0000,4038.6000,4038.2000,4038.0000,4037.2000,4040.6000,4040.8000,4041.0000,4043.0000,4043.2000,2,1,1,1,1,5,1,1,4,1
SF,IF2006,2020-02-19 14:42:50.400,4039.4000,24316,0,8377038840.000,0,-,-,-,-,4039.0000,4038.6000,4038.2000,4038.0000,4037.2000,4040.6000,4040.8000,4041.0000,4043.0000,4043.2000,2,1,1,1,1,5,1,1,4,1
SF,IF2006,2020-02-19 14:42:50.900,4039.4000,24316,0,8377038840.000,0,-,-,-,-,4039.0000,4038.6000,4038.2000,4038.0000,4037.2000,4040.2000,4040.6000,4040.8000,4041.0000,4043.0000,2,1,1,1,1,1,5,1,1,4
SF,IF2006,2020-02-19 14:42:51.400,4039.0000,24316,0,8378250540.000,1,0,1,空换,B,4039.0000,4038.6000,4038.2000,4038.0000,4037.2000,4040.2000,4040.6000,4040.8000,4041.0000,4043.0000,1,1,1,1,1,1,4,1,1,4
SF,IF2006,2020-02-19 14:42:51.900,4039.0000,24316,0,8378250540.000,0,-,-,-,-,4038.6000,4038.2000,4038.0000,4037.2000,4036.2000,4040.2000,4040.6000,4041.0000,4043.0000,4043.2000,1,1,1,1,1,1,4,1,4,1
SF,IF2006,2020-02-19 14:42:52.400,4039.0000,24316,0,8378250540.000,0,-,-,-,-,4038.6000,4038.2000,4038.0000,4037.2000,4036.2000,4040.0000,4040.2000,4040.6000,4041.0000,4043.0000,1,1,1,1,1,2,1,2,1,4
SF,IF2006,2020-02-19 14:42:52.900,4039.0000,24316,0,8378250540.000,0,-,-,-,-,4038.6000,4038.2000,4038.0000,4037.2000,4036.2000,4040.0000,4040.2000,4040.6000,4041.0000,4043.0000,1,1,1,1,1,2,1,1,1,4
SF,IF2006,2020-02-19 14:42:53.900,4039.0000,24316,0,8378250540.000,0,-,-,-,-,4038.8000,4038.6000,4038.2000,4038.0000,4037.2000,4040.0000,4040.6000,4041.0000,4043.0000,4043.2000,1,2,1,1,1,2,1,1,4,1
SF,IF2006,2020-02-19 14:42:54.400,4039.0000,24316,0,8378250540.000,0,-,-,-,-,4038.6000,4038.2000,4038.0000,4037.2000,4036.2000,4040.2000,4040.6000,4041.0000,4043.0000,4043.2000,2,1,1,1,1,1,1,1,4,1
SF,IF2006,2020-02-19 14:42:54.900,4039.0000,24316,0,8378250540.000,0,-,-,-,-,4039.0000,4038.8000,4038.6000,4038.2000,4038.0000,4040.2000,4040.6000,4041.0000,4043.0000,4043.2000,1,1,2,1,1,1,1,1,4,1
SF,IF2006,2020-02-19 14:42:57.400,4039.0000,24316,0,8378250540.000,0,-,-,-,-,4039.0000,4038.8000,4038.6000,4038.2000,4038.0000,4040.2000,4040.6000,4041.0000,4043.0000,4043.2000,1,1,2,1,1,1,1,1,4,1
SF,IF2006,2020-02-19 14:42:57.900,4039.0000,24316,0,8378250540.000,0,-,-,-,-,4039.0000,4038.8000,4038.6000,4038.2000,4038.0000,4040.2000,4041.0000,4043.0000,4043.2000,4043.8000,1,1,2,1,1,1,1,4,1,1
SF,IF2006,2020-02-19 14:42:58.400,4039.0000,24316,0,8378250540.000,0,-,-,-,-,4039.0000,4038.8000,4038.6000,4038.2000,4038.0000,4040.2000,4041.0000,4043.0000,4043.2000,4043.8000,1,1,2,1,1,1,1,3,1,1
SF,IF2006,2020-02-19 14:42:59.400,4039.0000,24316,0,8378250540.000,0,-,-,-,-,4039.0000,4038.6000,4038.2000,4038.0000,4037.2000,4040.2000,4041.0000,4043.0000,4043.2000,4043.8000,1,2,1,1,1,1,1,3,1,1
SF,IF2006,2020-02-19 14:43:00.900,4039.0000,24316,0,8378250540.000,0,-,-,-,-,4039.2000,4039.0000,4038.6000,4038.2000,4038.0000,4040.2000,4041.0000,4043.0000,4043.2000,4043.8000,1,1,2,1,1,1,1,3,1,1
SF,IF2006,2020-02-19 14:43:01.400,4039.0000,24316,0,8378250540.000,0,-,-,-,-,4039.2000,4039.0000,4038.6000,4038.2000,4038.0000,4040.2000,4041.0000,4043.0000,4043.2000,4043.8000,1,2,2,1,1,1,1,3,1,1
SF,IF2006,2020-02-19 14:43:02.400,4039.0000,24316,0,8378250540.000,0,-,-,-,-,4039.4000,4039.2000,4039.0000,4038.6000,4038.2000,4040.2000,4041.0000,4043.0000,4043.2000,4043.8000,2,5,2,1,1,1,1,3,1,1
SF,IF2006,2020-02-19 14:43:02.900,4039.0000,24316,0,8378250540.000,0,-,-,-,-,4039.4000,4039.2000,4039.0000,4038.6000,4038.2000,4040.2000,4041.0000,4043.0000,4043.2000,4043.8000,1,2,1,1,1,1,1,3,1,1
SF,IF2006,2020-02-19 14:43:03.400,4039.0000,24316,0,8378250540.000,0,-,-,-,-,4039.2000,4039.0000,4038.6000,4038.2000,4038.0000,4040.2000,4041.0000,4043.0000,4043.2000,4043.8000,2,1,1,1,1,1,1,3,1,1
SF,IF2006,2020-02-19 14:43:04.900,4039.0000,24316,0,8378250540.000,0,-,-,-,-,4039.4000,4039.2000,4039.0000,4038.6000,4038.2000,4040.2000,4041.0000,4043.0000,4043.2000,4043.8000,1,2,2,1,1,1,1,3,1,1
SF,IF2006,2020-02-19 14:43:06.400,4039.0000,24316,0,8378250540.000,0,-,-,-,-,4039.4000,4039.2000,4039.0000,4038.6000,4038.2000,4040.2000,4041.0000,4043.0000,4043.2000,4043.8000,1,3,2,1,1,1,1,3,1,1
SF,IF2006,2020-02-19 14:43:07.400,4039.0000,24316,0,8378250540.000,0,-,-,-,-,4039.4000,4039.2000,4039.0000,4038.6000,4038.2000,4040.2000,4041.0000,4043.0000,4043.2000,4043.8000,1,2,2,1,1,1,1,3,1,1
SF,IF2006,2020-02-19 14:43:07.900,4039.0000,24316,0,8378250540.000,0,-,-,-,-,4039.4000,4039.2000,4039.0000,4038.6000,4038.2000,4040.2000,4041.0000,4043.0000,4043.2000,4043.8000,1,2,2,1,1,1,1,3,1,1
SF,IF2006,2020-02-19 14:43:08.400,4039.0000,24316,0,8378250540.000,0,-,-,-,-,4039.6000,4039.4000,4039.2000,4039.0000,4038.6000,4040.2000,4041.0000,4043.0000,4043.2000,4043.8000,2,1,2,1,1,1,1,3,1,1
SF,IF2006,2020-02-19 14:43:08.900,4039.0000,24316,0,8378250540.000,0,-,-,-,-,4039.6000,4039.4000,4039.2000,4039.0000,4038.6000,4040.2000,4043.0000,4043.2000,4043.8000,4045.0000,3,1,2,1,1,1,3,1,1,6
SF,IF2006,2020-02-19 14:43:09.400,4039.0000,24316,0,8378250540.000,0,-,-,-,-,4039.6000,4039.4000,4039.2000,4039.0000,4038.6000,4040.2000,4043.0000,4043.2000,4043.8000,4045.0000,3,1,2,1,1,1,3,1,1,6
SF,IF2006,2020-02-19 14:43:09.900,4039.0000,24316,0,8378250540.000,0,-,-,-,-,4039.6000,4039.2000,4039.0000,4038.6000,4038.2000,4040.2000,4043.0000,4043.2000,4043.8000,4045.0000,3,2,1,1,1,1,3,1,1,6
SF,IF2006,2020-02-19 14:43:10.400,4039.0000,24316,0,8378250540.000,0,-,-,-,-,4039.6000,4039.2000,4039.0000,4038.6000,4038.2000,4040.2000,4043.0000,4043.2000,4043.8000,4045.0000,2,2,1,1,1,1,3,1,1,6
SF,IF2006,2020-02-19 14:43:11.400,4039.0000,24316,0,8378250540.000,0,-,-,-,-,4039.8000,4039.6000,4039.2000,4039.0000,4038.6000,4040.2000,4043.0000,4043.2000,4043.8000,4045.0000,1,4,2,1,1,1,3,1,1,6
SF,IF2006,2020-02-19 14:43:11.900,4040.2000,24317,1,8379462600.000,1,1,0,双开,B,4039.6000,4039.2000,4039.0000,4038.6000,4038.2000,4043.0000,4043.2000,4043.8000,4045.0000,4046.4000,2,2,1,1,1,3,1,1,6,1
SF,IF2006,2020-02-19 14:43:12.400,4040.2000,24317,0,8379462600.000,0,-,-,-,-,4039.8000,4039.6000,4039.2000,4039.0000,4038.6000,4042.2000,4042.4000,4042.8000,4043.0000,4043.2000,2,2,2,1,1,1,2,6,2,3
SF,IF2006,2020-02-19 14:43:12.900,4040.2000,24317,0,8379462600.000,0,-,-,-,-,4039.8000,4039.6000,4039.2000,4039.0000,4038.6000,4042.0000,4042.2000,4042.4000,4042.8000,4043.0000,2,2,2,1,1,3,1,2,1,2
SF,IF2006,2020-02-19 14:43:13.400,4040.2000,24317,0,8379462600.000,0,-,-,-,-,4040.2000,4040.0000,4039.8000,4039.6000,4039.2000,4042.0000,4042.4000,4042.8000,4043.0000,4043.2000,1,1,3,2,1,3,2,1,2,3
SF,IF2006,2020-02-19 14:43:13.900,4040.2000,24317,0,8379462600.000,0,-,-,-,-,4040.2000,4039.8000,4039.6000,4039.2000,4039.0000,4042.0000,4042.4000,4042.8000,4043.0000,4043.2000,1,3,2,1,1,3,2,1,2,3
SF,IF2006,2020-02-19 14:43:14.400,4040.2000,24317,0,8379462600.000,0,-,-,-,-,4040.4000,4040.2000,4039.8000,4039.6000,4039.2000,4042.0000,4042.4000,4042.8000,4043.0000,4043.2000,1,1,3,2,1,3,2,1,2,3
SF,IF2006,2020-02-19 14:43:16.900,4040.2000,24317,0,8379462600.000,0,-,-,-,-,4040.6000,4040.4000,4040.2000,4039.8000,4039.6000,4042.0000,4042.4000,4042.8000,4043.0000,4043.2000,1,1,1,3,2,3,2,1,2,3
SF,IF2006,2020-02-19 14:43:17.400,4040.2000,24317,0,8379462600.000,0,-,-,-,-,4040.6000,4040.2000,4039.8000,4039.2000,4039.0000,4041.8000,4042.0000,4042.4000,4042.8000,4043.0000,1,1,3,1,1,1,2,2,1,2
SF,IF2006,2020-02-19 14:43:17.900,4040.2000,24317,0,8379462600.000,0,-,-,-,-,4040.6000,4040.2000,4039.8000,4039.2000,4039.0000,4041.8000,4042.0000,4042.8000,4043.0000,4043.2000,1,1,3,1,1,1,2,1,2,3
SF,IF2006,2020-02-19 14:43:18.400,4040.2000,24317,0,8379462600.000,0,-,-,-,-,4040.6000,4040.2000,4039.8000,4039.2000,4039.0000,4041.6000,4041.8000,4042.8000,4043.0000,4043.2000,1,1,3,1,1,3,1,1,2,3
SF,IF2006,2020-02-19 14:43:18.900,4040.6000,24318,1,8380674780.000,1,1,0,双开,B,4040.2000,4039.8000,4039.2000,4039.0000,4038.6000,4040.6000,4041.4000,4041.6000,4042.8000,4043.0000,1,2,1,1,1,1,1,4,1,2
SF,IF2006,2020-02-19 14:43:19.400,4040.6000,24318,0,8380674780.000,0,-,-,-,-,4039.8000,4039.2000,4038.6000,4038.2000,4038.0000,4041.2000,4041.4000,4041.6000,4042.8000,4043.0000,2,1,1,1,1,1,1,2,1,2
SF,IF2006,2020-02-19 14:43:19.900,4040.6000,24318,0,8380674780.000,0,-,-,-,-,4039.2000,4038.6000,4038.2000,4038.0000,4037.2000,4041.0000,4041.2000,4042.8000,4043.0000,4043.2000,1,1,1,1,1,3,1,1,2,3
SF,IF2006,2020-02-19 14:43:20.400,4040.6000,24318,0,8380674780.000,0,-,-,-,-,4039.2000,4038.6000,4038.2000,4038.0000,4037.2000,4041.0000,4041.2000,4042.8000,4043.0000,4043.2000,1,1,1,1,1,3,1,1,2,2
SF,IF2006,2020-02-19 14:43:20.900,4040.6000,24318,0,8380674780.000,0,-,-,-,-,4039.2000,4038.6000,4038.2000,4038.0000,4037.2000,4040.8000,4041.0000,4041.2000,4042.8000,4043.0000,1,1,1,1,1,1,3,1,1,2
SF,IF2006,2020-02-19 14:43:21.400,4040.6000,24318,0,8380674780.000,0,-,-,-,-,4039.2000,4038.6000,4038.2000,4038.0000,4037.2000,4040.8000,4041.0000,4042.8000,4043.0000,4043.2000,1,1,1,1,1,2,3,1,2,2
SF,IF2006,2020-02-19 14:43:21.900,4040.6000,24318,0,8380674780.000,0,-,-,-,-,4039.2000,4038.6000,4038.2000,4038.0000,4037.2000,4040.6000,4040.8000,4042.8000,4043.0000,4043.2000,1,1,1,1,1,3,2,1,2,2
SF,IF2006,2020-02-19 14:43:23.900,4040.6000,24318,0,8380674780.000,0,-,-,-,-,4039.2000,4038.6000,4038.2000,4038.0000,4037.2000,4040.6000,4040.8000,4042.0000,4042.8000,4043.0000,1,1,1,1,1,3,2,1,1,2
SF,IF2006,2020-02-19 14:43:24.400,4040.6000,24318,0,8380674780.000,0,-,-,-,-,4039.2000,4038.6000,4038.2000,4038.0000,4037.2000,4040.4000,4040.6000,4040.8000,4042.0000,4042.8000,1,1,1,1,1,1,4,1,1,1
SF,IF2006,2020-02-19 14:43:25.400,4040.6000,24318,0,8380674780.000,0,-,-,-,-,4039.2000,4038.6000,4038.2000,4038.0000,4037.2000,4040.4000,4040.6000,4042.0000,4042.8000,4043.0000,1,1,1,1,1,1,4,1,1,2
SF,IF2006,2020-02-19 14:43:26.400,4040.6000,24318,0,8380674780.000,0,-,-,-,-,4039.2000,4039.0000,4038.6000,4038.2000,4038.0000,4040.4000,4040.6000,4042.0000,4042.8000,4043.0000,1,1,1,1,1,1,4,1,1,2
SF,IF2006,2020-02-19 14:43:26.900,4040.6000,24318,0,8380674780.000,0,-,-,-,-,4039.2000,4038.6000,4038.2000,4038.0000,4037.2000,4040.2000,4040.4000,4040.6000,4042.0000,4042.8000,1,1,1,1,1,1,1,4,1,1
SF,IF2006,2020-02-19 14:43:28.400,4040.6000,24318,0,8380674780.000,0,-,-,-,-,4039.2000,4038.6000,4038.2000,4038.0000,4037.2000,4040.2000,4040.4000,4040.6000,4042.0000,4042.8000,1,1,1,1,1,1,1,4,1,1
SF,IF2006,2020-02-19 14:43:28.900,4040.6000,24318,0,8380674780.000,0,-,-,-,-,4039.2000,4038.6000,4038.2000,4038.0000,4037.2000,4040.0000,4040.2000,4040.4000,4040.6000,4042.0000,1,1,1,1,1,1,1,1,4,1
SF,IF2006,2020-02-19 14:43:29.900,4040.2000,24318,0,8383098900.000,2,1,1,空换,B,4039.2000,4038.6000,4038.2000,4038.0000,4037.2000,4040.4000,4040.6000,4042.0000,4042.8000,4043.0000,1,1,1,1,1,1,4,1,1,3
SF,IF2006,2020-02-19 14:43:30.900,4040.2000,24318,0,8383098900.000,0,-,-,-,-,4039.2000,4038.6000,4038.2000,4038.0000,4037.2000,4040.4000,4040.6000,4042.0000,4042.8000,4043.0000,1,1,1,1,1,1,3,1,1,3
SF,IF2006,2020-02-19 14:43:31.400,4040.2000,24318,0,8383098900.000,0,-,-,-,-,4039.4000,4039.2000,4038.6000,4038.2000,4038.0000,4040.4000,4040.6000,4042.0000,4042.2000,4042.8000,1,1,1,1,1,1,3,1,1,1
SF,IF2006,2020-02-19 14:43:32.400,4040.2000,24318,0,8383098900.000,0,-,-,-,-,4039.4000,4039.2000,4038.6000,4038.2000,4038.0000,4040.4000,4040.6000,4042.0000,4042.2000,4042.8000,1,1,1,1,1,1,3,2,1,1
SF,IF2006,2020-02-19 14:43:33.400,4040.2000,24318,0,8383098900.000,0,-,-,-,-,4040.2000,4039.2000,4038.6000,4038.2000,4038.0000,4040.4000,4040.6000,4042.0000,4042.2000,4042.8000,1,1,1,1,1,1,3,2,1,1
SF,IF2006,2020-02-19 14:43:33.900,4040.2000,24319,1,8384310960.000,1,1,0,双开,B,4039.2000,4038.6000,4038.2000,4038.0000,4037.2000,4040.2000,4040.4000,4040.6000,4042.0000,4042.2000,1,1,1,1,1,2,1,3,2,1
SF,IF2006,2020-02-19 14:43:34.400,4040.2000,24319,0,8384310960.000,0,-,-,-,-,4039.2000,4038.6000,4038.2000,4038.0000,4037.2000,4040.2000,4040.4000,4040.6000,4042.0000,4042.2000,1,1,1,1,1,1,1,3,2,1
SF,IF2006,2020-02-19 14:43:38.900,4040.2000,24319,0,8384310960.000,0,-,-,-,-,4039.2000,4038.6000,4038.2000,4038.0000,4037.2000,4040.6000,4042.0000,4042.2000,4042.8000,4043.0000,1,1,1,1,1,3,2,1,1,3
SF,IF2006,2020-02-19 14:43:39.400,4039.2000,24319,0,8385522720.000,1,0,1,空换,B,4038.6000,4038.2000,4038.0000,4037.2000,4036.2000,4040.6000,4042.0000,4042.2000,4042.8000,4043.0000,1,1,1,1,1,3,2,1,1,3
SF,IF2006,2020-02-19 14:43:39.900,4039.2000,24319,0,8385522720.000,0,-,-,-,-,4038.8000,4038.6000,4038.2000,4038.0000,4037.2000,4040.4000,4040.6000,4042.0000,4042.2000,4042.8000,2,1,1,1,1,2,3,2,1,1
SF,IF2006,2020-02-19 14:43:40.400,4039.2000,24319,0,8385522720.000,0,-,-,-,-,4038.8000,4038.6000,4038.2000,4038.0000,4037.2000,4040.2000,4040.4000,4040.6000,4042.0000,4042.2000,2,1,1,1,1,2,2,1,2,1
SF,IF2006,2020-02-19 14:43:40.900,4039.2000,24319,0,8385522720.000,0,-,-,-,-,4038.8000,4038.6000,4038.2000,4038.0000,4037.2000,4040.2000,4040.4000,4040.6000,4042.0000,4042.2000,2,1,1,1,1,4,2,1,2,1
SF,IF2006,2020-02-19 14:43:41.400,4039.2000,24319,0,8385522720.000,0,-,-,-,-,4038.8000,4038.6000,4038.2000,4038.0000,4037.2000,4040.0000,4040.2000,4040.4000,4040.6000,4042.0000,2,1,1,1,1,2,4,1,1,2
SF,IF2006,2020-02-19 14:43:41.900,4039.2000,24319,0,8385522720.000,0,-,-,-,-,4038.8000,4038.6000,4038.2000,4038.0000,4037.2000,4039.8000,4040.0000,4040.2000,4040.4000,4042.0000,2,1,1,1,1,2,2,1,1,2
SF,IF2006,2020-02-19 14:43:42.400,4039.2000,24319,0,8385522720.000,0,-,-,-,-,4038.8000,4038.6000,4038.2000,4038.0000,4037.2000,4039.8000,4040.0000,4040.4000,4042.0000,4042.2000,2,1,1,1,1,4,2,1,2,1
SF,IF2006,2020-02-19 14:43:43.900,4038.8000,24320,1,8386734360.000,1,1,0,双开,B,4038.8000,4038.6000,4038.2000,4038.0000,4037.2000,4039.6000,4039.8000,4040.0000,4040.4000,4042.0000,1,1,1,1,1,1,4,1,1,2
SF,IF2006,2020-02-19 14:43:44.400,4038.8000,24321,1,8387946000.000,1,1,0,双开,B,4038.6000,4038.2000,4038.0000,4037.2000,4036.2000,4039.4000,4039.6000,4039.8000,4040.0000,4040.4000,1,1,1,1,1,2,1,2,1,1
SF,IF2006,2020-02-19 14:43:44.900,4038.6000,24320,-1,8389157580.000,1,0,1,双平,B,4038.2000,4038.0000,4037.2000,4036.2000,4034.2000,4039.2000,4039.4000,4039.6000,4039.8000,4040.4000,1,1,1,1,1,1,3,1,1,1
SF,IF2006,2020-02-19 14:43:45.400,4038.6000,24320,0,8389157580.000,0,-,-,-,-,4038.2000,4038.0000,4037.2000,4036.2000,4034.2000,4039.0000,4039.2000,4039.4000,4039.8000,4040.4000,1,1,1,1,1,2,2,1,1,1
SF,IF2006,2020-02-19 14:43:46.400,4038.6000,24320,0,8389157580.000,0,-,-,-,-,4038.2000,4038.0000,4037.2000,4036.2000,4034.2000,4039.0000,4039.2000,4039.4000,4040.4000,4042.0000,1,1,1,1,1,2,1,1,1,2
SF,IF2006,2020-02-19 14:43:47.900,4038.6000,24320,0,8389157580.000,0,-,-,-,-,4038.2000,4038.0000,4037.2000,4036.2000,4034.2000,4039.0000,4039.4000,4040.4000,4042.0000,4042.2000,1,1,1,1,1,2,1,1,2,1
SF,IF2006,2020-02-19 14:43:48.400,4038.6000,24320,0,8389157580.000,0,-,-,-,-,4038.2000,4038.0000,4037.2000,4036.2000,4034.2000,4039.0000,4040.4000,4042.0000,4042.2000,4042.8000,1,1,1,1,1,2,1,2,1,1
SF,IF2006,2020-02-19 14:43:48.900,4038.2000,24319,-1,8390369040.000,1,0,1,双平,B,4038.0000,4037.2000,4036.2000,4034.2000,4033.6000,4039.0000,4040.4000,4042.0000,4042.2000,4042.8000,1,1,1,1,1,2,1,2,1,1
SF,IF2006,2020-02-19 14:43:49.400,4038.2000,24319,0,8390369040.000,0,-,-,-,-,4038.2000,4038.0000,4037.2000,4036.2000,4034.2000,4039.0000,4040.4000,4042.0000,4042.2000,4042.8000,3,1,1,1,1,2,1,2,1,1
SF,IF2006,2020-02-19 14:43:49.900,4038.2000,24319,0,8390369040.000,0,-,-,-,-,4038.2000,4038.0000,4037.2000,4036.2000,4034.2000,4039.0000,4040.4000,4042.0000,4042.2000,4042.8000,1,1,1,1,1,2,1,2,1,1
SF,IF2006,2020-02-19 14:43:50.400,4038.2000,24319,0,8390369040.000,0,-,-,-,-,4038.0000,4037.2000,4036.2000,4034.2000,4033.6000,4039.0000,4040.4000,4042.0000,4042.2000,4042.8000,1,1,1,1,1,2,1,2,1,1
SF,IF2006,2020-02-19 14:43:51.400,4038.2000,24319,0,8390369040.000,0,-,-,-,-,4038.2000,4038.0000,4037.2000,4036.2000,4034.2000,4039.0000,4040.4000,4042.0000,4042.2000,4042.8000,1,1,1,1,1,2,1,2,1,1
SF,IF2006,2020-02-19 14:43:55.400,4038.2000,24319,0,8390369040.000,0,-,-,-,-,4038.0000,4037.2000,4036.2000,4034.2000,4033.6000,4039.0000,4040.4000,4042.0000,4042.2000,4042.8000,1,1,1,1,1,2,1,2,1,1
SF,IF2006,2020-02-19 14:43:55.900,4038.2000,24319,0,8390369040.000,0,-,-,-,-,4038.0000,4037.2000,4036.2000,4034.2000,4033.6000,4038.2000,4039.0000,4040.4000,4042.0000,4042.2000,1,1,1,1,1,2,2,1,2,1
SF,IF2006,2020-02-19 14:43:56.400,4038.0000,24319,0,8391580440.000,1,0,1,空换,B,4037.2000,4036.2000,4034.2000,4033.6000,4032.0000,4038.2000,4039.0000,4040.4000,4042.0000,4042.2000,1,1,1,1,3,2,2,1,2,1
SF,IF2006,2020-02-19 14:43:56.900,4038.0000,24319,0,8391580440.000,0,-,-,-,-,4037.6000,4037.4000,4037.2000,4036.2000,4034.2000,4038.2000,4038.8000,4039.0000,4040.4000,4042.0000,2,6,3,1,1,2,1,2,1,2
SF,IF2006,2020-02-19 14:43:57.400,4038.0000,24319,0,8391580440.000,0,-,-,-,-,4037.8000,4037.6000,4037.4000,4037.2000,4036.2000,4038.2000,4038.8000,4039.0000,4040.4000,4042.0000,1,2,3,2,1,2,1,2,1,2
SF,IF2006,2020-02-19 14:43:58.400,4038.0000,24319,0,8391580440.000,0,-,-,-,-,4037.8000,4037.6000,4037.4000,4037.2000,4036.2000,4038.2000,4038.8000,4039.0000,4040.4000,4042.0000,1,1,3,2,1,2,1,2,1,2
SF,IF2006,2020-02-19 14:43:59.400,4037.8000,24319,0,8392791780.000,1,0,1,空换,B,4037.6000,4037.4000,4037.2000,4036.2000,4034.2000,4038.2000,4038.8000,4039.0000,4040.4000,4042.0000,1,2,2,1,1,2,1,2,1,2
SF,IF2006,2020-02-19 14:43:59.900,4037.8000,24319,0,8392791780.000,0,-,-,-,-,4037.6000,4037.4000,4037.2000,4036.2000,4034.2000,4038.0000,4038.2000,4038.8000,4040.4000,4042.0000,1,2,2,1,1,2,2,1,1,2
SF,IF2006,2020-02-19 14:44:00.400,4037.8000,24319,0,8392791780.000,0,-,-,-,-,4037.8000,4037.4000,4037.2000,4036.2000,4034.2000,4038.0000,4038.2000,4038.8000,4040.4000,4042.0000,1,2,2,1,1,2,2,1,1,2
SF,IF2006,2020-02-19 14:44:00.900,4037.8000,24320,1,8394003120.000,1,1,0,双开,B,4037.4000,4037.2000,4036.2000,4034.2000,4033.6000,4038.0000,4038.2000,4038.8000,4040.4000,4042.0000,2,2,1,1,1,2,2,1,1,2
SF,IF2006,2020-02-19 14:44:01.400,4037.8000,24320,0,8394003120.000,0,-,-,-,-,4037.4000,4037.2000,4036.2000,4034.2000,4033.6000,4038.0000,4038.2000,4038.8000,4040.4000,4042.0000,1,2,1,1,1,2,2,1,1,2
SF,IF2006,2020-02-19 14:44:01.900,4037.8000,24320,0,8394003120.000,0,-,-,-,-,4037.4000,4037.2000,4036.2000,4034.2000,4033.6000,4038.0000,4038.2000,4038.8000,4040.4000,4042.0000,1,2,1,1,1,2,2,1,1,2
SF,IF2006,2020-02-19 14:44:02.900,4037.8000,24320,0,8394003120.000,0,-,-,-,-,4037.6000,4037.4000,4037.2000,4036.2000,4034.2000,4038.0000,4038.2000,4038.8000,4040.4000,4042.0000,2,3,2,1,1,2,2,1,1,2
SF,IF2006,2020-02-19 14:44:03.400,4037.4000,24320,0,8398848120.000,4,2,2,空换,B,4037.2000,4036.2000,4034.2000,4033.6000,4032.0000,4037.6000,4038.0000,4038.2000,4040.4000,4042.0000,2,1,1,1,3,1,3,2,1,2
SF,IF2006,2020-02-19 14:44:03.900,4037.2000,24321,1,8401270440.000,2,1,1,多开,B,4036.2000,4034.2000,4033.6000,4032.0000,4030.2000,4038.0000,4038.2000,4040.4000,4042.0000,4042.2000,1,1,1,3,2,3,2,1,2,1
SF,IF2006,2020-02-19 14:44:04.400,4037.2000,24321,0,8401270440.000,0,-,-,-,-,4036.8000,4036.6000,4036.4000,4036.2000,4034.2000,4038.0000,4038.2000,4040.4000,4042.0000,4042.2000,1,1,2,2,1,2,2,1,2,1
SF,IF2006,2020-02-19 14:44:05.400,4037.2000,24321,0,8401270440.000,0,-,-,-,-,4036.6000,4036.4000,4036.2000,4034.2000,4033.6000,4037.8000,4038.0000,4038.2000,4040.4000,4042.0000,1,2,2,1,1,1,2,2,1,2
SF,IF2006,2020-02-19 14:44:05.900,4037.2000,24321,0,8401270440.000,0,-,-,-,-,4036.4000,4036.2000,4034.2000,4033.6000,4032.0000,4037.6000,4037.8000,4038.2000,4040.4000,4042.0000,2,2,1,1,3,2,1,2,1,2
SF,IF2006,2020-02-19 14:44:07.900,4037.2000,24321,0,8401270440.000,0,-,-,-,-,4036.8000,4036.4000,4036.2000,4034.2000,4033.6000,4037.6000,4037.8000,4038.2000,4040.4000,4042.0000,1,2,2,1,1,2,1,2,1,2
SF,IF2006,2020-02-19 14:44:08.400,4037.2000,24321,0,8401270440.000,0,-,-,-,-,4036.8000,4036.4000,4036.2000,4034.2000,4033.6000,4037.6000,4037.8000,4038.2000,4040.4000,4042.0000,1,1,2,1,1,2,1,2,1,2
SF,IF2006,2020-02-19 14:44:11.400,4037.2000,24321,0,8401270440.000,0,-,-,-,-,4036.8000,4036.4000,4036.2000,4034.2000,4033.6000,4037.6000,4038.2000,4040.4000,4042.0000,4042.2000,1,1,2,1,1,2,2,1,2,1
SF,IF2006,2020-02-19 14:44:12.400,4037.2000,24321,0,8401270440.000,0,-,-,-,-,4036.8000,4036.2000,4034.2000,4033.6000,4032.0000,4037.6000,4038.2000,4040.4000,4042.0000,4042.2000,1,2,1,1,3,2,2,1,2,1
SF,IF2006,2020-02-19 14:44:16.400,4036.8000,24321,0,8402481480.000,1,0,1,空换,B,4036.2000,4034.2000,4033.6000,4032.0000,4030.2000,4037.6000,4038.2000,4040.4000,4042.0000,4042.2000,2,1,1,3,2,2,2,1,2,1
SF,IF2006,2020-02-19 14:44:16.900,4036.8000,24321,0,8402481480.000,0,-,-,-,-,4036.4000,4036.2000,4034.2000,4033.6000,4032.0000,4037.6000,4038.2000,4040.4000,4042.0000,4042.2000,3,2,1,1,3,2,2,1,2,1
SF,IF2006,2020-02-19 14:44:17.400,4036.8000,24321,0,8402481480.000,0,-,-,-,-,4036.4000,4036.2000,4034.2000,4033.6000,4032.0000,4037.4000,4037.6000,4038.2000,4040.4000,4042.0000,3,2,1,1,3,1,2,2,1,2
SF,IF2006,2020-02-19 14:44:17.900,4036.8000,24321,0,8402481480.000,0,-,-,-,-,4036.6000,4036.4000,4036.2000,4034.2000,4033.6000,4037.4000,4037.6000,4038.2000,4040.4000,4042.0000,1,3,2,1,1,1,2,2,1,2
SF,IF2006,2020-02-19 14:44:18.400,4036.8000,24321,0,8402481480.000,0,-,-,-,-,4036.4000,4036.2000,4034.2000,4033.6000,4032.0000,4037.2000,4037.4000,4038.2000,4040.4000,4042.0000,3,2,1,1,3,2,1,2,1,2
SF,IF2006,2020-02-19 14:44:20.400,4036.4000,24322,1,8403692400.000,1,1,0,双开,B,4036.4000,4036.2000,4034.2000,4033.6000,4032.0000,4037.2000,4037.4000,4038.2000,4040.4000,4042.0000,1,1,1,1,3,2,1,2,1,2
SF,IF2006,2020-02-19 14:44:20.900,4036.4000,24323,1,8404903320.000,1,1,0,双开,B,4036.2000,4034.2000,4033.6000,4032.0000,4030.2000,4037.0000,4037.2000,4037.4000,4038.2000,4040.4000,1,1,1,3,2,1,2,1,2,1
SF,IF2006,2020-02-19 14:44:21.400,4036.4000,24323,0,8404903320.000,0,-,-,-,-,4036.2000,4034.2000,4033.6000,4032.0000,4030.2000,4036.8000,4037.0000,4037.4000,4038.2000,4040.4000,1,1,1,3,2,2,1,1,2,1
SF,IF2006,2020-02-19 14:44:22.400,4036.4000,24323,0,8404903320.000,0,-,-,-,-,4036.2000,4034.2000,4033.6000,4032.0000,4030.2000,4036.8000,4037.4000,4038.2000,4040.4000,4042.0000,1,1,1,3,2,2,1,2,1,2
SF,IF2006,2020-02-19 14:44:23.900,4036.4000,24323,0,8404903320.000,0,-,-,-,-,4036.6000,4036.2000,4034.2000,4033.6000,4032.0000,4036.8000,4037.4000,4038.2000,4040.4000,4042.0000,1,1,1,1,3,2,1,2,1,2
SF,IF2006,2020-02-19 14:44:24.400,4036.6000,24324,1,8406114300.000,1,1,0,双开,B,4036.2000,4034.2000,4033.6000,4032.0000,4030.2000,4037.4000,4038.2000,4040.4000,4042.0000,4042.2000,1,1,1,3,2,1,2,1,2,1
SF,IF2006,2020-02-19 14:44:24.900,4036.6000,24324,0,8406114300.000,0,-,-,-,-,4036.2000,4034.2000,4033.6000,4032.0000,4030.2000,4037.2000,4037.4000,4037.6000,4038.2000,4040.4000,1,1,1,3,2,2,1,1,2,1
SF,IF2006,2020-02-19 14:44:25.400,4036.6000,24324,0,8406114300.000,0,-,-,-,-,4036.2000,4034.2000,4033.6000,4032.0000,4030.2000,4037.2000,4037.4000,4037.6000,4038.2000,4040.4000,1,1,1,3,2,3,1,1,2,1
SF,IF2006,2020-02-19 14:44:25.900,4036.2000,24324,0,8407325160.000,1,0,1,空换,B,4034.2000,4033.6000,4032.0000,4030.2000,4030.0000,4037.2000,4037.4000,4037.6000,4038.2000,4040.4000,1,1,3,2,9,3,1,1,2,1
SF,IF2006,2020-02-19 14:44:26.400,4036.2000,24324,0,8407325160.000,0,-,-,-,-,4034.8000,4034.4000,4034.2000,4033.6000,4032.0000,4037.0000,4037.2000,4037.4000,4037.6000,4038.2000,3,3,1,1,3,2,2,1,1,2
SF,IF2006,2020-02-19 14:44:26.900,4036.2000,24324,0,8407325160.000,0,-,-,-,-,4035.0000,4034.8000,4034.4000,4034.2000,4033.6000,4036.8000,4037.0000,4037.4000,4037.6000,4038.2000,1,3,2,1,1,3,2,1,1,2
SF,IF2006,2020-02-19 14:44:27.400,4036.2000,24324,0,8407325160.000,0,-,-,-,-,4035.0000,4034.8000,4034.4000,4034.2000,4033.6000,4036.8000,4037.0000,4037.4000,4037.6000,4038.2000,1,3,2,1,1,4,2,1,1,2
SF,IF2006,2020-02-19 14:44:27.900,4036.2000,24324,0,8407325160.000,0,-,-,-,-,4035.0000,4034.8000,4034.4000,4034.2000,4033.6000,4036.4000,4036.8000,4037.0000,4037.4000,4037.6000,1,3,2,1,1,1,3,2,1,1
SF,IF2006,2020-02-19 14:44:28.400,4036.2000,24324,0,8407325160.000,0,-,-,-,-,4034.8000,4034.4000,4034.2000,4033.6000,4032.0000,4036.2000,4036.4000,4036.8000,4037.0000,4037.4000,1,1,1,1,3,2,1,1,2,1
SF,IF2006,2020-02-19 14:44:28.900,4036.2000,24324,0,8407325160.000,0,-,-,-,-,4034.8000,4034.4000,4034.2000,4033.6000,4032.0000,4036.2000,4036.4000,4036.8000,4037.0000,4037.4000,1,1,1,1,3,4,1,1,1,1
SF,IF2006,2020-02-19 14:44:29.900,4036.2000,24324,0,8407325160.000,0,-,-,-,-,4034.8000,4034.4000,4034.2000,4033.6000,4032.0000,4036.2000,4036.8000,4037.0000,4037.4000,4037.6000,1,1,1,1,3,3,1,1,1,1
SF,IF2006,2020-02-19 14:44:30.400,4036.2000,24324,0,8407325160.000,0,-,-,-,-,4035.0000,4034.8000,4034.2000,4033.6000,4032.0000,4036.0000,4036.2000,4036.8000,4037.0000,4037.4000,1,1,1,1,3,1,4,1,1,1
SF,IF2006,2020-02-19 14:44:30.900,4035.0000,24325,1,8408535660.000,1,1,0,双开,B,4034.2000,4033.6000,4032.0000,4030.2000,4030.0000,4035.8000,4036.0000,4036.2000,4036.8000,4037.0000,1,1,3,2,4,3,1,2,1,1
SF,IF2006,2020-02-19 14:44:31.400,4035.0000,24325,0,8408535660.000,0,-,-,-,-,4034.2000,4033.6000,4032.0000,4030.2000,4030.0000,4035.6000,4035.8000,4036.2000,4036.8000,4037.0000,1,1,3,2,4,1,2,2,1,1
SF,IF2006,2020-02-19 14:44:31.900,4035.0000,24325,0,8408535660.000,0,-,-,-,-,4034.4000,4034.2000,4033.6000,4032.0000,4030.2000,4035.4000,4035.6000,4036.2000,4036.8000,4037.0000,1,1,1,3,2,2,1,1,1,1
SF,IF2006,2020-02-19 14:44:32.400,4035.0000,24325,0,8408535660.000,0,-,-,-,-,4034.4000,4034.2000,4033.6000,4032.0000,4030.2000,4035.4000,4036.2000,4036.8000,4037.0000,4037.4000,1,1,1,3,2,2,1,1,1,1
SF,IF2006,2020-02-19 14:44:33.400,4035.0000,24325,0,8408535660.000,0,-,-,-,-,4034.2000,4033.6000,4032.0000,4030.2000,4030.0000,4035.4000,4036.2000,4036.8000,4037.0000,4037.4000,1,1,3,2,4,2,1,1,1,1
SF,IF2006,2020-02-19 14:44:34.400,4035.0000,24325,0,8408535660.000,0,-,-,-,-,4034.2000,4033.6000,4032.0000,4030.2000,4030.0000,4035.2000,4035.4000,4036.2000,4036.8000,4037.0000,1,1,3,2,4,1,2,1,1,1
SF,IF2006,2020-02-19 14:44:34.900,4035.0000,24325,0,8408535660.000,0,-,-,-,-,4034.2000,4033.6000,4032.0000,4030.2000,4030.0000,4035.0000,4035.2000,4036.2000,4036.8000,4037.0000,1,1,3,2,4,2,1,1,1,1
SF,IF2006,2020-02-19 14:44:35.400,4035.0000,24325,0,8408535660.000,0,-,-,-,-,4034.2000,4033.6000,4032.0000,4030.2000,4030.0000,4034.8000,4035.0000,4035.2000,4036.8000,4037.0000,1,1,3,2,4,1,2,1,1,1
SF,IF2006,2020-02-19 14:44:35.900,4035.0000,24325,0,8408535660.000,0,-,-,-,-,4034.2000,4033.6000,4032.0000,4030.2000,4030.0000,4034.6000,4034.8000,4036.8000,4037.0000,4037.4000,1,1,3,2,4,2,1,1,1,1
SF,IF2006,2020-02-19 14:44:36.400,4035.0000,24325,0,8408535660.000,0,-,-,-,-,4034.2000,4033.6000,4032.0000,4030.2000,4030.0000,4034.6000,4034.8000,4037.0000,4038.2000,4040.0000,1,1,3,2,4,3,1,1,2,5
SF,IF2006,2020-02-19 14:44:36.900,4034.2000,24326,1,8409745920.000,1,1,0,双开,B,4033.6000,4032.0000,4030.2000,4030.0000,4028.0000,4034.6000,4034.8000,4037.0000,4038.2000,4040.0000,1,3,2,4,1,1,1,1,2,5
SF,IF2006,2020-02-19 14:44:37.400,4034.2000,24326,0,8409745920.000,0,-,-,-,-,4033.6000,4032.0000,4030.2000,4030.0000,4028.0000,4034.4000,4034.8000,4037.0000,4038.2000,4040.0000,1,3,2,4,1,2,1,1,2,5
SF,IF2006,2020-02-19 14:44:37.900,4034.2000,24326,0,8409745920.000,0,-,-,-,-,4033.6000,4032.0000,4030.2000,4030.0000,4028.0000,4034.2000,4034.4000,4034.8000,4037.0000,4038.2000,1,3,2,4,1,1,3,1,1,2
SF,IF2006,2020-02-19 14:44:38.900,4034.2000,24326,0,8409745920.000,0,-,-,-,-,4033.6000,4032.0000,4030.2000,4030.0000,4028.0000,4034.2000,4034.4000,4034.8000,4037.0000,4038.2000,1,3,2,4,1,1,2,1,1,2
SF,IF2006,2020-02-19 14:44:39.900,4034.2000,24326,0,8409745920.000,0,-,-,-,-,4033.8000,4033.6000,4032.0000,4030.2000,4030.0000,4034.2000,4034.4000,4034.8000,4037.0000,4038.2000,1,1,3,2,4,1,2,1,1,2
SF,IF2006,2020-02-19 14:44:40.900,4033.8000,24327,1,8410956060.000,1,1,0,双开,B,4033.6000,4032.0000,4030.2000,4030.0000,4028.0000,4034.2000,4034.4000,4034.8000,4037.0000,4038.2000,1,3,2,4,1,1,2,1,1,2
SF,IF2006,2020-02-19 14:44:41.400,4033.8000,24327,0,8410956060.000,0,-,-,-,-,4033.6000,4032.0000,4030.2000,4030.0000,4028.0000,4034.2000,4034.4000,4034.8000,4037.0000,4038.2000,1,3,2,4,1,1,2,1,1,2
SF,IF2006,2020-02-19 14:44:41.900,4033.8000,24327,0,8410956060.000,0,-,-,-,-,4033.6000,4032.0000,4030.2000,4030.0000,4028.0000,4034.0000,4034.2000,4034.8000,4037.0000,4038.2000,1,3,2,4,1,2,1,1,1,2
SF,IF2006,2020-02-19 14:44:42.400,4033.8000,24327,0,8410956060.000,0,-,-,-,-,4033.6000,4032.0000,4030.2000,4030.0000,4028.0000,4034.0000,4034.2000,4034.8000,4037.0000,4038.2000,1,3,2,4,1,2,1,1,1,2
SF,IF2006,2020-02-19 14:44:42.900,4034.0000,24328,1,8412166260.000,1,1,0,双开,B,4033.6000,4032.0000,4030.2000,4030.0000,4028.0000,4034.0000,4034.8000,4037.0000,4038.2000,4040.0000,1,3,2,4,1,1,1,1,2,5
SF,IF2006,2020-02-19 14:44:43.400,4034.0000,24328,0,8412166260.000,0,-,-,-,-,4033.6000,4032.0000,4030.2000,4030.0000,4028.0000,4034.8000,4037.0000,4038.2000,4040.0000,4042.0000,1,3,2,4,1,1,1,2,5,3
SF,IF2006,2020-02-19 14:44:43.900,4034.0000,24328,0,8412166260.000,0,-,-,-,-,4033.8000,4033.6000,4032.0000,4030.2000,4030.0000,4034.6000,4034.8000,4037.0000,4038.2000,4040.0000,2,1,3,2,4,3,1,1,2,5
SF,IF2006,2020-02-19 14:44:44.400,4034.0000,24328,0,8412166260.000,0,-,-,-,-,4033.6000,4032.0000,4030.2000,4030.0000,4028.0000,4033.8000,4034.6000,4034.8000,4037.0000,4038.2000,1,3,2,4,1,1,3,1,1,2
SF,IF2006,2020-02-19 14:44:44.900,4034.0000,24328,0,8412166260.000,0,-,-,-,-,4033.6000,4032.0000,4030.2000,4030.0000,4028.0000,4033.8000,4034.4000,4034.6000,4034.8000,4037.0000,1,3,2,4,1,1,1,3,1,1
SF,IF2006,2020-02-19 14:44:45.400,4034.0000,24328,0,8412166260.000,0,-,-,-,-,4033.6000,4032.0000,4030.2000,4030.0000,4028.0000,4034.4000,4034.6000,4034.8000,4037.0000,4038.2000,1,3,2,4,1,1,3,1,1,2
SF,IF2006,2020-02-19 14:44:45.900,4034.0000,24328,0,8412166260.000,0,-,-,-,-,4033.6000,4032.0000,4030.2000,4030.0000,4028.0000,4034.2000,4034.4000,4034.6000,4034.8000,4037.0000,1,3,2,4,1,2,1,1,1,1
SF,IF2006,2020-02-19 14:44:46.900,4034.0000,24328,0,8412166260.000,0,-,-,-,-,4033.8000,4033.6000,4032.0000,4030.2000,4030.0000,4034.2000,4034.4000,4034.6000,4034.8000,4037.0000,1,1,3,2,4,2,1,1,1,1
SF,IF2006,2020-02-19 14:44:47.400,4034.0000,24328,0,8412166260.000,0,-,-,-,-,4033.8000,4033.6000,4032.0000,4030.2000,4030.0000,4034.6000,4034.8000,4037.0000,4038.2000,4040.0000,1,1,3,2,4,1,1,1,2,5
SF,IF2006,2020-02-19 14:44:47.900,4034.0000,24328,0,8412166260.000,0,-,-,-,-,4033.8000,4033.6000,4032.0000,4030.2000,4030.0000,4034.4000,4034.6000,4034.8000,4037.0000,4038.2000,1,1,3,2,4,2,1,1,1,2
SF,IF2006,2020-02-19 14:44:48.900,4034.0000,24328,0,8412166260.000,0,-,-,-,-,4033.8000,4033.6000,4032.0000,4030.2000,4030.0000,4034.2000,4034.4000,4034.6000,4034.8000,4037.0000,1,1,3,2,4,1,2,1,1,1
SF,IF2006,2020-02-19 14:44:50.400,4034.0000,24328,0,8412166260.000,0,-,-,-,-,4033.8000,4033.6000,4032.0000,4030.2000,4030.0000,4034.4000,4034.6000,4034.8000,4037.0000,4038.2000,1,1,3,2,4,2,1,1,1,2
SF,IF2006,2020-02-19 14:44:51.900,4034.4000,24329,1,8413376580.000,1,1,0,双开,B,4033.8000,4033.6000,4032.0000,4030.2000,4030.0000,4034.4000,4034.6000,4034.8000,4037.0000,4038.2000,1,1,3,2,4,1,1,1,1,2
SF,IF2006,2020-02-19 14:44:52.400,4034.4000,24329,0,8414586900.000,1,0,1,空换,B,4034.0000,4033.8000,4033.6000,4032.0000,4030.2000,4034.6000,4034.8000,4037.0000,4038.2000,4040.0000,3,1,1,3,2,1,1,1,2,5
SF,IF2006,2020-02-19 14:44:52.900,4034.8000,24330,1,8417007720.000,2,1,1,多开,B,4034.6000,4034.2000,4034.0000,4033.6000,4032.0000,4037.0000,4038.2000,4040.0000,4042.0000,4042.2000,2,2,3,1,3,1,2,5,3,1
SF,IF2006,2020-02-19 14:44:53.400,4034.8000,24330,0,8417007720.000,0,-,-,-,-,4034.8000,4034.6000,4034.2000,4034.0000,4033.6000,4035.8000,4036.2000,4036.4000,4036.8000,4037.0000,2,2,2,1,1,5,1,2,4,3
SF,IF2006,2020-02-19 14:44:53.900,4034.8000,24330,0,8417007720.000,0,-,-,-,-,4034.6000,4034.2000,4034.0000,4033.6000,4032.0000,4034.8000,4035.4000,4035.6000,4036.2000,4036.4000,2,1,1,1,3,1,1,2,1,2
SF,IF2006,2020-02-19 14:44:54.400,4034.8000,24330,0,8418218160.000,1,0,1,空换,B,4034.6000,4034.2000,4033.6000,4032.0000,4030.2000,4035.4000,4036.2000,4036.4000,4036.8000,4037.0000,2,1,1,3,2,1,1,2,3,3
SF,IF2006,2020-02-19 14:44:54.900,4034.8000,24330,0,8418218160.000,0,-,-,-,-,4034.8000,4034.6000,4033.6000,4032.0000,4030.2000,4035.4000,4036.4000,4036.8000,4037.0000,4038.2000,3,2,1,3,2,1,2,3,2,2
SF,IF2006,2020-02-19 14:44:55.400,4034.8000,24330,0,8418218160.000,0,-,-,-,-,4034.8000,4034.6000,4033.6000,4032.0000,4030.2000,4035.4000,4036.4000,4036.8000,4037.0000,4038.2000,4,2,1,3,2,1,2,3,2,2
SF,IF2006,2020-02-19 14:44:55.900,4034.8000,24330,0,8418218160.000,0,-,-,-,-,4034.8000,4034.6000,4033.6000,4032.0000,4030.2000,4035.4000,4036.4000,4036.8000,4037.0000,4038.2000,4,2,1,3,2,1,2,3,2,2
SF,IF2006,2020-02-19 14:44:56.900,4034.8000,24330,0,8418218160.000,0,-,-,-,-,4034.8000,4034.6000,4033.6000,4032.0000,4030.2000,4035.4000,4036.4000,4036.8000,4037.0000,4037.4000,4,2,1,3,2,1,2,2,2,2
SF,IF2006,2020-02-19 14:44:57.400,4034.8000,24331,1,8419428600.000,1,1,0,双开,B,4034.8000,4034.6000,4033.6000,4032.0000,4030.2000,4035.4000,4036.4000,4036.8000,4037.0000,4037.4000,1,2,1,3,2,1,2,2,2,2
SF,IF2006,2020-02-19 14:44:57.900,4034.8000,24331,0,8420639040.000,1,0,1,空换,B,4034.6000,4033.6000,4032.0000,4030.2000,4030.0000,4034.8000,4035.2000,4035.4000,4036.4000,4036.8000,2,1,3,2,4,2,2,1,1,2
SF,IF2006,2020-02-19 14:44:58.400,4034.8000,24331,0,8420639040.000,0,-,-,-,-,4033.6000,4032.0000,4030.2000,4030.0000,4028.0000,4034.8000,4035.2000,4035.4000,4036.4000,4036.8000,1,3,2,4,1,1,2,1,1,2
SF,IF2006,2020-02-19 14:44:58.900,4034.8000,24331,0,8420639040.000,0,-,-,-,-,4033.8000,4033.6000,4032.0000,4030.2000,4030.0000,4034.8000,4035.2000,4035.4000,4036.4000,4036.8000,2,1,3,2,4,1,3,1,1,2
SF,IF2006,2020-02-19 14:44:59.900,4034.8000,24331,0,8420639040.000,0,-,-,-,-,4033.8000,4033.6000,4032.0000,4030.2000,4030.0000,4035.2000,4035.4000,4036.4000,4036.8000,4037.0000,2,1,3,2,4,3,1,1,2,2
SF,IF2006,2020-02-19 14:45:00.900,4034.8000,24331,0,8420639040.000,0,-,-,-,-,4033.8000,4033.6000,4032.0000,4030.2000,4030.0000,4034.8000,4035.0000,4035.2000,4036.4000,4036.8000,2,1,3,2,4,1,1,3,1,2
SF,IF2006,2020-02-19 14:45:01.400,4034.8000,24331,0,8420639040.000,0,-,-,-,-,4034.0000,4033.8000,4033.6000,4032.0000,4030.2000,4034.6000,4034.8000,4035.0000,4035.2000,4036.4000,1,2,1,3,2,2,1,1,1,1
SF,IF2006,2020-02-19 14:45:01.900,4034.8000,24331,0,8420639040.000,0,-,-,-,-,4034.0000,4033.8000,4033.6000,4032.0000,4030.2000,4034.8000,4035.0000,4035.2000,4036.4000,4036.8000,1,2,1,3,2,1,2,1,1,2
SF,IF2006,2020-02-19 14:45:02.400,4034.8000,24331,0,8420639040.000,0,-,-,-,-,4034.2000,4034.0000,4033.6000,4032.0000,4030.2000,4034.8000,4035.0000,4036.8000,4037.0000,4037.4000,2,1,1,3,2,1,2,1,2,2
SF,IF2006,2020-02-19 14:45:02.900,4034.8000,24331,0,8420639040.000,0,-,-,-,-,4034.2000,4034.0000,4033.6000,4032.0000,4030.2000,4034.8000,4035.0000,4036.8000,4037.0000,4038.2000,2,1,1,3,2,1,2,1,1,2
SF,IF2006,2020-02-19 14:45:03.400,4034.8000,24331,0,8420639040.000,0,-,-,-,-,4034.2000,4034.0000,4033.6000,4032.0000,4030.2000,4035.0000,4036.8000,4037.0000,4038.2000,4042.0000,2,1,1,3,2,2,1,1,2,2
SF,IF2006,2020-02-19 14:45:03.900,4035.0000,24332,1,8421849540.000,1,1,0,双开,B,4034.4000,4034.2000,4034.0000,4033.6000,4032.0000,4035.0000,4036.8000,4037.0000,4038.2000,4042.0000,2,2,1,1,3,1,1,1,2,2
SF,IF2006,2020-02-19 14:45:04.400,4035.0000,24332,0,8423060040.000,1,0,1,空换,B,4034.4000,4034.2000,4034.0000,4033.6000,4032.0000,4036.8000,4037.0000,4038.2000,4042.0000,4042.2000,2,2,1,1,3,1,1,2,2,1
SF,IF2006,2020-02-19 14:45:04.900,4035.0000,24332,0,8423060040.000,0,-,-,-,-,4034.6000,4034.4000,4033.6000,4032.0000,4030.2000,4036.6000,4036.8000,4038.2000,4042.0000,4042.2000,3,2,1,3,2,3,1,2,2,1
SF,IF2006,2020-02-19 14:45:05.900,4035.0000,24332,0,8423060040.000,0,-,-,-,-,4034.6000,4034.4000,4033.6000,4032.0000,4030.2000,4036.6000,4036.8000,4037.8000,4038.2000,4042.0000,3,1,1,3,2,3,1,1,2,2
SF,IF2006,2020-02-19 14:45:06.400,4035.0000,24332,0,8423060040.000,0,-,-,-,-,4034.8000,4034.6000,4033.6000,4032.0000,4030.2000,4036.4000,4036.6000,4036.8000,4037.8000,4038.2000,2,2,1,3,2,4,3,1,1,2
SF,IF2006,2020-02-19 14:45:06.900,4035.0000,24332,0,8423060040.000,0,-,-,-,-,4035.0000,4034.8000,4033.6000,4032.0000,4030.2000,4036.2000,4036.4000,4036.6000,4036.8000,4037.8000,2,2,1,3,2,2,3,1,1,1
SF,IF2006,2020-02-19 14:45:07.400,4035.0000,24332,0,8423060040.000,0,-,-,-,-,4034.8000,4033.6000,4032.0000,4030.2000,4030.0000,4036.2000,4036.4000,4036.6000,4036.8000,4037.8000,2,1,3,2,4,2,3,1,1,1
SF,IF2006,2020-02-19 14:45:07.900,4035.0000,24332,0,8423060040.000,0,-,-,-,-,4035.0000,4034.8000,4033.6000,4032.0000,4030.2000,4036.2000,4036.4000,4036.6000,4036.8000,4037.8000,2,2,1,3,2,2,3,1,1,1
SF,IF2006,2020-02-19 14:45:08.900,4035.0000,24332,0,8423060040.000,0,-,-,-,-,4035.0000,4033.6000,4032.0000,4030.2000,4030.0000,4036.2000,4036.4000,4036.6000,4036.8000,4037.8000,3,1,3,2,4,2,3,1,1,1
SF,IF2006,2020-02-19 14:45:09.400,4035.0000,24332,0,8423060040.000,0,-,-,-,-,4035.0000,4033.6000,4032.0000,4030.2000,4030.0000,4036.4000,4036.6000,4036.8000,4037.8000,4038.2000,3,1,3,2,4,2,1,1,1,2
SF,IF2006,2020-02-19 14:45:09.900,4035.0000,24332,0,8423060040.000,0,-,-,-,-,4035.2000,4035.0000,4033.6000,4032.0000,4030.2000,4036.2000,4036.4000,4036.6000,4036.8000,4037.8000,1,2,1,3,2,2,2,1,1,1
SF,IF2006,2020-02-19 14:45:10.400,4035.0000,24332,0,8423060040.000,0,-,-,-,-,4035.2000,4035.0000,4033.6000,4032.0000,4030.2000,4036.2000,4036.4000,4036.8000,4037.8000,4038.2000,1,2,1,3,2,2,2,1,1,2
SF,IF2006,2020-02-19 14:45:13.900,4035.0000,24332,0,8423060040.000,0,-,-,-,-,4035.2000,4035.0000,4033.6000,4032.0000,4030.2000,4036.2000,4036.4000,4037.8000,4038.2000,4042.0000,1,2,1,3,2,2,2,1,2,2
SF,IF2006,2020-02-19 14:45:14.400,4035.0000,24332,0,8423060040.000,0,-,-,-,-,4035.2000,4035.0000,4033.6000,4032.0000,4030.2000,4036.2000,4037.8000,4038.2000,4042.0000,4042.2000,1,2,1,3,2,2,1,2,2,1
SF,IF2006,2020-02-19 14:45:14.900,4035.0000,24332,0,8423060040.000,0,-,-,-,-,4035.4000,4035.2000,4033.6000,4032.0000,4030.2000,4037.8000,4038.2000,4042.0000,4042.2000,4043.0000,2,1,1,3,2,1,2,2,1,3
SF,IF2006,2020-02-19 14:45:15.400,4035.0000,24332,0,8423060040.000,0,-,-,-,-,4035.4000,4035.2000,4033.6000,4032.0000,4030.2000,4037.2000,4037.6000,4037.8000,4038.2000,4042.0000,3,1,1,3,2,1,6,2,2,2
SF,IF2006,2020-02-19 14:45:15.900,4035.0000,24332,0,8423060040.000,0,-,-,-,-,4035.4000,4035.2000,4033.6000,4032.0000,4030.2000,4037.0000,4037.2000,4037.6000,4037.8000,4038.2000,3,1,1,3,2,2,1,4,2,2
SF,IF2006,2020-02-19 14:45:16.400,4035.0000,24332,0,8423060040.000,0,-,-,-,-,4035.6000,4035.4000,4035.2000,4033.6000,4032.0000,4037.0000,4037.6000,4037.8000,4038.2000,4042.0000,1,2,1,1,3,2,4,2,2,2
SF,IF2006,2020-02-19 14:45:16.900,4035.0000,24332,0,8423060040.000,0,-,-,-,-,4035.8000,4035.6000,4035.2000,4033.6000,4032.0000,4036.8000,4037.0000,4037.6000,4037.8000,4038.2000,2,1,1,1,3,1,2,4,2,2
SF,IF2006,2020-02-19 14:45:17.400,4035.0000,24332,0,8423060040.000,0,-,-,-,-,4035.8000,4035.6000,4035.2000,4033.6000,4032.0000,4037.0000,4037.6000,4037.8000,4038.2000,4042.0000,2,1,1,1,3,2,4,2,2,2
SF,IF2006,2020-02-19 14:45:17.900,4035.0000,24332,0,8423060040.000,0,-,-,-,-,4035.8000,4035.2000,4033.6000,4032.0000,4030.2000,4037.0000,4037.6000,4037.8000,4038.2000,4042.0000,2,1,1,3,2,2,3,2,2,2
SF,IF2006,2020-02-19 14:45:18.400,4035.0000,24332,0,8423060040.000,0,-,-,-,-,4036.0000,4035.8000,4033.6000,4032.0000,4030.2000,4036.6000,4037.6000,4037.8000,4038.2000,4042.0000,1,2,1,3,2,1,3,2,2,2
SF,IF2006,2020-02-19 14:45:18.900,4036.6000,24332,0,8424271020.000,1,0,1,空换,B,4036.2000,4036.0000,4033.6000,4032.0000,4030.2000,4037.6000,4037.8000,4038.2000,4042.0000,4042.2000,2,1,1,3,2,3,2,2,2,1
SF,IF2006,2020-02-19 14:45:19.400,4036.6000,24332,0,8424271020.000,0,-,-,-,-,4036.2000,4036.0000,4033.6000,4032.0000,4030.2000,4037.4000,4037.8000,4038.2000,4042.0000,4042.2000,2,1,1,3,2,2,1,2,2,1
SF,IF2006,2020-02-19 14:45:21.400,4036.6000,24332,0,8424271020.000,0,-,-,-,-,4036.4000,4036.2000,4033.6000,4032.0000,4030.2000,4037.4000,4038.2000,4042.0000,4042.2000,4043.0000,1,2,1,3,2,2,2,2,1,3
SF,IF2006,2020-02-19 14:45:21.900,4036.6000,24332,0,8424271020.000,0,-,-,-,-,4036.6000,4036.4000,4033.6000,4032.0000,4030.2000,4038.2000,4042.0000,4042.2000,4043.0000,4043.2000,2,1,1,3,2,2,2,1,3,1
SF,IF2006,2020-02-19 14:45:22.400,4036.6000,24332,0,8424271020.000,0,-,-,-,-,4036.6000,4036.4000,4033.6000,4032.0000,4030.2000,4037.2000,4038.0000,4038.2000,4042.0000,4042.2000,2,1,1,3,2,1,2,2,2,1
SF,IF2006,2020-02-19 14:45:22.900,4036.6000,24332,0,8424271020.000,0,-,-,-,-,4036.6000,4036.4000,4033.6000,4032.0000,4030.2000,4038.0000,4038.2000,4042.0000,4042.2000,4043.0000,2,1,1,3,2,2,2,2,1,3
SF,IF2006,2020-02-19 14:45:23.400,4036.6000,24332,0,8424271020.000,0,-,-,-,-,4036.6000,4036.4000,4035.0000,4033.6000,4032.0000,4038.0000,4038.2000,4042.0000,4042.2000,4043.0000,2,1,2,1,3,2,2,2,1,3
SF,IF2006,2020-02-19 14:45:24.400,4036.6000,24332,0,8424271020.000,0,-,-,-,-,4036.8000,4036.6000,4036.4000,4035.0000,4033.6000,4038.0000,4038.2000,4042.0000,4042.2000,4043.0000,1,2,1,2,1,2,2,2,1,3
SF,IF2006,2020-02-19 14:45:24.900,4036.6000,24332,0,8424271020.000,0,-,-,-,-,4037.0000,4036.4000,4035.0000,4033.6000,4032.0000,4038.0000,4038.2000,4042.0000,4042.2000,4043.0000,3,1,2,1,3,2,2,2,1,3
SF,IF2006,2020-02-19 14:45:25.400,4036.6000,24332,0,8424271020.000,0,-,-,-,-,4037.0000,4036.4000,4035.0000,4033.6000,4032.0000,4038.0000,4038.2000,4042.0000,4042.2000,4043.0000,1,1,2,1,3,2,2,2,1,3
SF,IF2006,2020-02-19 14:45:27.400,4036.6000,24332,0,8424271020.000,0,-,-,-,-,4037.0000,4036.2000,4035.0000,4033.6000,4032.0000,4038.0000,4038.2000,4042.0000,4042.2000,4043.0000,1,1,2,1,3,2,2,2,1,3
SF,IF2006,2020-02-19 14:45:30.400,4036.6000,24332,0,8424271020.000,0,-,-,-,-,4036.2000,4035.0000,4033.6000,4032.0000,4030.2000,4038.0000,4038.2000,4042.0000,4042.2000,4043.0000,1,2,1,3,2,2,2,2,1,3
SF,IF2006,2020-02-19 14:45:30.900,4036.6000,24332,0,8424271020.000,0,-,-,-,-,4037.2000,4036.4000,4035.0000,4033.6000,4032.0000,4038.0000,4038.2000,4042.0000,4042.2000,4043.0000,1,3,2,1,3,2,2,2,1,3
SF,IF2006,2020-02-19 14:45:31.400,4036.6000,24332,0,8424271020.000,0,-,-,-,-,4036.4000,4035.0000,4033.6000,4032.0000,4030.2000,4038.0000,4038.2000,4042.0000,4042.2000,4043.0000,3,2,1,3,2,2,2,2,1,3
SF,IF2006,2020-02-19 14:45:32.900,4036.6000,24332,0,8424271020.000,0,-,-,-,-,4036.6000,4036.4000,4035.0000,4033.6000,4032.0000,4037.8000,4038.0000,4038.2000,4042.0000,4042.2000,1,3,2,1,3,1,2,2,2,1
SF,IF2006,2020-02-19 14:45:33.400,4036.6000,24332,0,8424271020.000,0,-,-,-,-,4036.8000,4036.6000,4036.4000,4035.0000,4033.6000,4037.6000,4037.8000,4038.2000,4042.0000,4042.2000,2,1,1,2,1,2,1,2,2,1
SF,IF2006,2020-02-19 14:45:33.900,4036.6000,24332,0,8424271020.000,0,-,-,-,-,4036.8000,4036.6000,4036.4000,4035.0000,4033.6000,4037.8000,4038.2000,4042.0000,4042.2000,4043.0000,2,1,1,2,1,1,2,2,1,3
SF,IF2006,2020-02-19 14:45:34.400,4036.6000,24332,0,8424271020.000,0,-,-,-,-,4036.8000,4036.6000,4036.4000,4035.0000,4033.6000,4037.6000,4037.8000,4038.2000,4042.0000,4042.2000,2,1,1,2,1,2,1,2,2,1
SF,IF2006,2020-02-19 14:45:34.900,4036.6000,24332,0,8424271020.000,0,-,-,-,-,4037.0000,4036.8000,4035.0000,4033.6000,4032.0000,4037.6000,4037.8000,4038.2000,4042.0000,4042.2000,1,2,2,1,3,2,1,2,2,1
SF,IF2006,2020-02-19 14:45:35.400,4037.0000,24332,0,8425482120.000,1,0,1,空换,B,4035.0000,4033.6000,4032.0000,4030.2000,4030.0000,4037.6000,4037.8000,4038.2000,4042.0000,4042.2000,2,1,3,2,4,2,1,2,2,1
SF,IF2006,2020-02-19 14:45:35.900,4037.0000,24332,0,8425482120.000,0,-,-,-,-,4035.8000,4035.4000,4035.2000,4035.0000,4033.6000,4037.4000,4037.6000,4037.8000,4038.0000,4038.2000,1,1,5,5,1,1,2,1,2,2
SF,IF2006,2020-02-19 14:45:36.400,4037.0000,24332,0,8425482120.000,0,-,-,-,-,4036.0000,4035.8000,4035.4000,4035.2000,4035.0000,4037.2000,4037.4000,4037.8000,4038.0000,4038.2000,2,1,1,3,5,2,2,1,2,2
SF,IF2006,2020-02-19 14:45:36.900,4037.0000,24332,0,8425482120.000,0,-,-,-,-,4036.0000,4035.8000,4035.4000,4035.2000,4035.0000,4037.2000,4037.4000,4037.8000,4038.0000,4038.2000,2,1,1,2,5,2,1,1,2,2
SF,IF2006,2020-02-19 14:45:37.400,4037.0000,24332,0,8425482120.000,0,-,-,-,-,4036.0000,4035.8000,4035.4000,4035.2000,4035.0000,4037.2000,4037.4000,4038.0000,4038.2000,4042.0000,2,1,1,2,5,2,1,2,2,2
SF,IF2006,2020-02-19 14:45:37.900,4037.0000,24332,0,8425482120.000,0,-,-,-,-,4036.0000,4035.8000,4035.2000,4035.0000,4033.6000,4037.0000,4037.2000,4037.4000,4038.0000,4038.2000,2,1,1,3,1,1,2,1,2,2
SF,IF2006,2020-02-19 14:45:39.900,4037.0000,24332,0,8425482120.000,0,-,-,-,-,4036.0000,4035.8000,4035.2000,4035.0000,4033.6000,4036.8000,4037.0000,4037.2000,4038.0000,4038.2000,2,1,1,3,1,1,1,2,2,2
SF,IF2006,2020-02-19 14:45:42.400,4037.0000,24332,0,8425482120.000,0,-,-,-,-,4036.0000,4035.2000,4035.0000,4033.6000,4032.0000,4037.0000,4037.2000,4038.0000,4038.2000,4038.6000,2,1,2,1,3,1,2,2,2,1
SF,IF2006,2020-02-19 14:45:42.900,4037.0000,24332,0,8425482120.000,0,-,-,-,-,4036.0000,4035.2000,4035.0000,4033.6000,4032.0000,4036.8000,4037.0000,4038.0000,4038.2000,4038.6000,2,1,2,1,3,2,1,2,2,1
SF,IF2006,2020-02-19 14:45:44.400,4037.0000,24332,0,8425482120.000,0,-,-,-,-,4036.0000,4035.2000,4035.0000,4033.6000,4032.0000,4036.8000,4037.0000,4038.0000,4038.2000,4038.6000,2,1,2,1,3,2,1,2,2,1
SF,IF2006,2020-02-19 14:45:48.900,4037.0000,24332,0,8425482120.000,0,-,-,-,-,4036.0000,4035.2000,4035.0000,4033.6000,4032.0000,4036.8000,4038.0000,4038.2000,4038.6000,4040.2000,2,1,2,1,3,2,2,2,1,1
SF,IF2006,2020-02-19 14:45:49.400,4036.8000,24333,1,8426693160.000,1,1,0,双开,B,4036.0000,4035.2000,4035.0000,4033.6000,4032.0000,4036.8000,4038.0000,4038.2000,4038.6000,4040.2000,2,1,2,1,3,1,2,2,1,1
SF,IF2006,2020-02-19 14:45:49.900,4036.8000,24333,0,8426693160.000,0,-,-,-,-,4036.0000,4035.2000,4035.0000,4033.6000,4032.0000,4038.0000,4038.2000,4038.6000,4040.2000,4042.0000,2,1,2,1,3,2,2,1,1,2
SF,IF2006,2020-02-19 14:45:50.400,4036.8000,24333,0,8426693160.000,0,-,-,-,-,4036.0000,4035.2000,4035.0000,4033.6000,4032.0000,4037.8000,4038.0000,4038.2000,4038.6000,4040.2000,2,1,2,1,3,4,2,2,1,1
SF,IF2006,2020-02-19 14:45:50.900,4036.8000,24333,0,8426693160.000,0,-,-,-,-,4036.0000,4035.2000,4035.0000,4033.6000,4032.0000,4037.8000,4038.0000,4038.2000,4038.6000,4040.2000,2,1,2,1,3,4,2,2,1,1
SF,IF2006,2020-02-19 14:45:51.400,4036.8000,24333,0,8426693160.000,0,-,-,-,-,4036.0000,4035.2000,4035.0000,4033.6000,4032.0000,4037.2000,4037.8000,4038.0000,4038.2000,4038.6000,2,1,2,1,3,1,4,2,2,1
SF,IF2006,2020-02-19 14:45:51.900,4036.8000,24333,0,8426693160.000,0,-,-,-,-,4036.0000,4035.2000,4035.0000,4033.6000,4032.0000,4037.0000,4037.2000,4037.4000,4037.8000,4038.0000,2,1,2,1,3,2,1,1,2,2
SF,IF2006,2020-02-19 14:45:52.400,4036.8000,24333,0,8426693160.000,0,-,-,-,-,4036.0000,4035.2000,4035.0000,4033.6000,4032.0000,4037.0000,4037.2000,4037.8000,4038.0000,4038.2000,2,1,2,1,3,2,1,2,2,2
SF,IF2006,2020-02-19 14:45:53.400,4036.8000,24333,0,8426693160.000,0,-,-,-,-,4036.2000,4036.0000,4035.2000,4035.0000,4033.6000,4037.0000,4037.2000,4037.8000,4038.0000,4038.2000,1,2,1,2,1,2,1,2,2,2
SF,IF2006,2020-02-19 14:45:53.900,4036.8000,24333,0,8426693160.000,0,-,-,-,-,4036.2000,4036.0000,4035.2000,4035.0000,4033.6000,4037.0000,4037.8000,4038.0000,4038.2000,4038.6000,1,2,1,2,1,2,2,2,2,1
SF,IF2006,2020-02-19 14:45:54.400,4036.8000,24333,0,8426693160.000,0,-,-,-,-,4036.2000,4036.0000,4035.2000,4035.0000,4033.6000,4036.8000,4037.0000,4037.8000,4038.0000,4038.2000,1,2,1,2,1,1,2,2,2,2
SF,IF2006,2020-02-19 14:45:55.900,4036.8000,24333,0,8426693160.000,0,-,-,-,-,4036.2000,4036.0000,4035.2000,4035.0000,4033.6000,4036.8000,4037.0000,4037.8000,4038.0000,4038.2000,1,2,1,2,1,1,2,2,2,2
SF,IF2006,2020-02-19 14:45:59.400,4036.2000,24334,1,8427904020.000,1,1,0,双开,B,4036.0000,4035.2000,4035.0000,4033.6000,4032.0000,4036.8000,4037.0000,4037.8000,4038.0000,4038.2000,2,1,2,1,3,1,2,2,2,2
SF,IF2006,2020-02-19 14:45:59.900,4036.0000,24334,0,8430325860.000,2,1,1,空换,B,4036.0000,4035.2000,4035.0000,4033.6000,4032.0000,4037.0000,4037.8000,4038.0000,4038.2000,4038.6000,1,1,2,1,3,2,2,2,2,1
SF,IF2006,2020-02-19 14:46:00.400,4036.0000,24334,0,8430325860.000,0,-,-,-,-,4035.2000,4035.0000,4033.6000,4032.0000,4030.2000,4036.8000,4037.0000,4037.8000,4038.0000,4038.2000,1,2,1,3,2,1,2,2,2,2
SF,IF2006,2020-02-19 14:46:00.900,4036.0000,24334,0,8430325860.000,0,-,-,-,-,4035.4000,4035.2000,4035.0000,4033.6000,4032.0000,4036.6000,4036.8000,4037.8000,4038.0000,4038.2000,2,2,2,1,3,2,1,2,2,2
SF,IF2006,2020-02-19 14:46:01.400,4036.0000,24334,0,8430325860.000,0,-,-,-,-,4035.6000,4035.4000,4035.2000,4035.0000,4033.6000,4036.6000,4036.8000,4037.8000,4038.0000,4038.2000,1,2,2,2,1,2,1,2,2,2
SF,IF2006,2020-02-19 14:46:01.900,4036.0000,24334,0,8430325860.000,0,-,-,-,-,4035.8000,4035.6000,4035.2000,4035.0000,4033.6000,4036.6000,4036.8000,4037.8000,4038.0000,4038.2000,2,1,2,2,1,2,1,2,2,2
SF,IF2006,2020-02-19 14:46:02.900,4036.0000,24334,0,8430325860.000,0,-,-,-,-,4035.8000,4035.6000,4035.2000,4035.0000,4034.0000,4036.6000,4036.8000,4037.8000,4038.0000,4038.2000,2,1,2,2,1,2,1,2,2,2
SF,IF2006,2020-02-19 14:46:03.400,4036.0000,24334,0,8430325860.000,0,-,-,-,-,4035.6000,4035.2000,4035.0000,4034.8000,4034.0000,4036.6000,4036.8000,4037.8000,4038.0000,4038.2000,1,2,2,1,1,2,1,2,2,2
SF,IF2006,2020-02-19 14:46:03.900,4036.0000,24334,0,8430325860.000,0,-,-,-,-,4035.8000,4035.6000,4035.2000,4035.0000,4034.8000,4036.6000,4036.8000,4037.8000,4038.0000,4038.2000,2,1,2,2,1,2,1,2,2,2
SF,IF2006,2020-02-19 14:46:05.900,4036.0000,24334,0,8430325860.000,0,-,-,-,-,4036.0000,4035.8000,4035.2000,4035.0000,4034.8000,4036.6000,4036.8000,4037.8000,4038.0000,4038.2000,1,2,2,2,1,2,1,2,2,2
SF,IF2006,2020-02-19 14:46:06.900,4036.0000,24334,0,8430325860.000,0,-,-,-,-,4035.8000,4035.2000,4035.0000,4034.8000,4034.0000,4036.6000,4036.8000,4037.8000,4038.0000,4038.2000,2,2,2,1,1,2,1,2,2,2
SF,IF2006,2020-02-19 14:46:07.900,4036.0000,24334,0,8430325860.000,0,-,-,-,-,4035.8000,4035.2000,4035.0000,4034.8000,4034.0000,4036.6000,4037.8000,4038.0000,4038.2000,4038.6000,2,2,2,1,1,2,2,2,2,1
SF,IF2006,2020-02-19 14:46:08.400,4036.0000,24334,0,8430325860.000,0,-,-,-,-,4035.8000,4035.2000,4035.0000,4034.0000,4033.6000,4037.8000,4038.0000,4038.2000,4038.6000,4040.2000,2,2,2,1,1,2,2,2,1,1
SF,IF2006,2020-02-19 14:46:08.900,4036.0000,24334,0,8430325860.000,0,-,-,-,-,4035.8000,4035.2000,4035.0000,4034.0000,4033.6000,4037.6000,4037.8000,4038.0000,4038.2000,4038.6000,2,2,2,1,1,2,2,2,2,1
SF,IF2006,2020-02-19 14:46:09.400,4036.0000,24334,0,8430325860.000,0,-,-,-,-,4036.0000,4035.8000,4035.2000,4035.0000,4034.0000,4037.6000,4037.8000,4038.0000,4038.2000,4038.6000,1,2,2,2,1,2,1,2,2,1
SF,IF2006,2020-02-19 14:46:09.900,4036.0000,24334,0,8430325860.000,0,-,-,-,-,4036.2000,4036.0000,4035.2000,4035.0000,4034.0000,4037.6000,4037.8000,4038.0000,4038.2000,4038.6000,3,1,2,2,1,2,1,2,2,1
SF,IF2006,2020-02-19 14:46:10.400,4036.0000,24334,0,8430325860.000,0,-,-,-,-,4036.2000,4036.0000,4035.2000,4035.0000,4034.0000,4036.6000,4037.6000,4037.8000,4038.0000,4038.2000,3,1,2,2,1,1,2,1,2,2
SF,IF2006,2020-02-19 14:46:10.900,4036.0000,24334,0,8430325860.000,0,-,-,-,-,4036.4000,4036.2000,4035.2000,4034.0000,4033.6000,4036.6000,4037.6000,4037.8000,4038.0000,4038.2000,1,3,2,1,1,1,2,1,2,2
SF,IF2006,2020-02-19 14:46:11.400,4036.0000,24334,0,8430325860.000,0,-,-,-,-,4036.2000,4035.2000,4034.0000,4033.6000,4032.0000,4036.6000,4037.6000,4038.0000,4038.2000,4038.6000,2,2,1,1,3,1,2,2,2,1
SF,IF2006,2020-02-19 14:46:11.900,4036.0000,24334,0,8430325860.000,0,-,-,-,-,4035.2000,4034.0000,4033.6000,4032.0000,4030.2000,4036.2000,4036.6000,4037.6000,4038.0000,4038.2000,2,1,1,3,2,2,1,2,2,2
SF,IF2006,2020-02-19 14:46:12.400,4036.2000,24334,0,8431536720.000,1,0,1,空换,B,4035.4000,4035.2000,4034.0000,4033.6000,4032.0000,4036.2000,4036.6000,4037.6000,4038.0000,4038.2000,2,4,1,1,3,1,1,2,2,2
SF,IF2006,2020-02-19 14:46:12.900,4036.2000,24334,0,8431536720.000,0,-,-,-,-,4035.6000,4035.4000,4035.2000,4034.0000,4033.6000,4036.2000,4036.6000,4037.6000,4038.0000,4038.2000,1,2,2,1,1,1,1,2,2,2
SF,IF2006,2020-02-19 14:46:13.400,4036.2000,24334,0,8431536720.000,0,-,-,-,-,4035.6000,4035.4000,4035.2000,4034.0000,4033.6000,4036.2000,4036.6000,4037.6000,4038.0000,4038.2000,1,2,2,1,1,1,1,2,2,2
SF,IF2006,2020-02-19 14:46:14.400,4036.2000,24334,0,8431536720.000,0,-,-,-,-,4035.4000,4035.2000,4034.0000,4033.6000,4032.0000,4036.2000,4036.6000,4037.6000,4038.0000,4038.2000,2,2,1,1,3,1,1,2,2,2
SF,IF2006,2020-02-19 14:46:15.400,4036.2000,24334,0,8431536720.000,0,-,-,-,-,4035.6000,4035.4000,4035.2000,4034.0000,4033.6000,4036.2000,4036.6000,4037.6000,4038.0000,4038.2000,1,2,2,1,1,1,1,2,2,2
SF,IF2006,2020-02-19 14:46:15.900,4036.2000,24334,0,8431536720.000,0,-,-,-,-,4035.4000,4035.2000,4034.0000,4033.6000,4032.0000,4036.0000,4036.2000,4036.6000,4037.6000,4038.0000,2,2,1,1,3,1,1,1,2,2
SF,IF2006,2020-02-19 14:46:17.900,4036.2000,24334,0,8431536720.000,0,-,-,-,-,4035.6000,4035.4000,4035.2000,4034.0000,4033.6000,4036.0000,4036.2000,4036.6000,4037.6000,4038.0000,1,2,2,1,1,1,1,1,2,2
SF,IF2006,2020-02-19 14:46:18.900,4036.2000,24334,0,8431536720.000,0,-,-,-,-,4035.6000,4035.4000,4035.2000,4034.0000,4033.6000,4036.0000,4036.2000,4036.6000,4037.6000,4038.0000,1,2,2,1,1,1,1,1,2,2
SF,IF2006,2020-02-19 14:46:19.900,4035.6000,24335,1,8432747400.000,1,1,0,双开,B,4035.4000,4035.2000,4034.0000,4033.6000,4032.0000,4036.0000,4036.2000,4036.6000,4037.6000,4038.0000,2,2,1,1,3,1,1,1,2,2
SF,IF2006,2020-02-19 14:46:20.400,4035.6000,24335,0,8432747400.000,0,-,-,-,-,4035.2000,4034.0000,4033.6000,4032.0000,4030.2000,4036.0000,4036.2000,4036.6000,4037.6000,4038.0000,2,1,1,3,2,1,1,1,2,2
SF,IF2006,2020-02-19 14:46:23.900,4035.6000,24335,0,8432747400.000,0,-,-,-,-,4034.0000,4033.6000,4032.0000,4030.2000,4030.0000,4036.0000,4036.2000,4036.6000,4037.6000,4038.0000,1,1,3,2,3,1,1,1,2,2
SF,IF2006,2020-02-19 14:46:24.400,4035.6000,24335,0,8432747400.000,0,-,-,-,-,4034.4000,4034.2000,4034.0000,4033.6000,4032.0000,4035.8000,4036.0000,4036.2000,4036.6000,4038.0000,1,3,1,1,3,3,1,1,1,2
SF,IF2006,2020-02-19 14:46:24.900,4035.6000,24335,0,8432747400.000,0,-,-,-,-,4034.6000,4034.4000,4034.2000,4034.0000,4033.6000,4035.8000,4036.0000,4036.2000,4036.6000,4038.0000,2,1,1,1,1,2,1,1,1,2
SF,IF2006,2020-02-19 14:46:25.400,4035.6000,24335,0,8432747400.000,0,-,-,-,-,4034.6000,4034.4000,4034.2000,4034.0000,4033.6000,4035.2000,4035.8000,4036.0000,4036.2000,4036.6000,2,1,1,1,1,1,2,1,1,1
SF,IF2006,2020-02-19 14:46:27.900,4035.6000,24335,0,8432747400.000,0,-,-,-,-,4034.6000,4034.2000,4034.0000,4033.6000,4032.0000,4035.2000,4035.8000,4036.0000,4036.2000,4036.6000,2,1,1,1,3,1,2,1,1,1
SF,IF2006,2020-02-19 14:46:29.400,4034.6000,24336,1,8433957780.000,1,1,0,双开,B,4034.6000,4034.2000,4034.0000,4033.6000,4032.0000,4035.2000,4035.8000,4036.0000,4036.2000,4036.6000,1,1,1,1,3,1,2,1,1,1
SF,IF2006,2020-02-19 14:46:29.900,4034.6000,24336,0,8433957780.000,0,-,-,-,-,4034.8000,4034.2000,4034.0000,4033.6000,4032.0000,4035.2000,4035.8000,4036.0000,4036.2000,4036.6000,1,1,1,1,3,1,2,1,1,1
SF,IF2006,2020-02-19 14:46:30.400,4034.8000,24337,1,8435168220.000,1,1,0,双开,B,4034.4000,4034.2000,4034.0000,4033.6000,4032.0000,4035.2000,4035.8000,4036.0000,4036.2000,4036.6000,1,1,1,1,3,1,2,1,1,1
SF,IF2006,2020-02-19 14:46:31.400,4034.8000,24337,0,8435168220.000,0,-,-,-,-,4034.4000,4034.2000,4034.0000,4033.6000,4032.0000,4034.8000,4035.2000,4035.8000,4036.0000,4036.2000,1,1,1,1,3,1,1,2,1,1
SF,IF2006,2020-02-19 14:46:31.900,4034.8000,24338,1,8436378660.000,1,1,0,双开,B,4034.4000,4034.2000,4034.0000,4033.6000,4032.0000,4035.2000,4035.8000,4036.0000,4036.2000,4036.6000,1,1,1,1,3,1,2,1,1,1
SF,IF2006,2020-02-19 14:46:32.400,4034.4000,24338,0,8437588980.000,1,0,1,空换,B,4034.2000,4034.0000,4033.6000,4032.0000,4030.2000,4035.0000,4035.2000,4036.0000,4036.2000,4036.6000,1,1,1,3,2,2,1,1,1,1
SF,IF2006,2020-02-19 14:46:33.900,4034.4000,24338,0,8437588980.000,0,-,-,-,-,4034.2000,4034.0000,4033.6000,4032.0000,4030.2000,4035.0000,4035.2000,4036.0000,4036.2000,4036.6000,1,1,1,3,2,2,1,1,1,1
SF,IF2006,2020-02-19 14:46:34.400,4034.4000,24338,0,8437588980.000,0,-,-,-,-,4034.0000,4033.6000,4032.0000,4030.2000,4030.0000,4035.0000,4035.2000,4036.0000,4036.2000,4036.6000,1,1,3,2,3,2,1,1,1,1
SF,IF2006,2020-02-19 14:46:34.900,4034.4000,24338,0,8437588980.000,0,-,-,-,-,4034.0000,4033.6000,4032.0000,4030.2000,4030.0000,4034.2000,4035.0000,4035.2000,4036.0000,4036.2000,1,1,3,2,3,1,2,1,1,1
SF,IF2006,2020-02-19 14:46:35.400,4034.2000,24338,0,8438799240.000,1,0,1,空换,B,4034.4000,4034.2000,4034.0000,4033.6000,4032.0000,4035.0000,4035.2000,4036.0000,4036.2000,4036.6000,1,1,1,1,3,2,1,1,1,1
SF,IF2006,2020-02-19 14:46:36.400,4034.2000,24339,1,8440009500.000,1,1,0,双开,B,4034.2000,4034.0000,4033.6000,4032.0000,4030.2000,4035.0000,4035.2000,4036.0000,4036.2000,4036.6000,1,1,1,3,2,2,1,1,1,1
SF,IF2006,2020-02-19 14:46:37.400,4034.2000,24339,0,8441219760.000,1,0,1,空换,B,4034.0000,4033.6000,4032.0000,4030.2000,4030.0000,4035.0000,4035.2000,4036.0000,4036.2000,4036.6000,1,1,3,2,3,2,1,1,1,1
SF,IF2006,2020-02-19 14:46:37.900,4034.2000,24339,0,8441219760.000,0,-,-,-,-,4034.0000,4033.6000,4032.0000,4030.2000,4030.0000,4034.8000,4035.0000,4035.2000,4036.0000,4036.2000,1,1,3,2,3,1,2,1,1,1
SF,IF2006,2020-02-19 14:46:38.400,4034.2000,24339,0,8441219760.000,0,-,-,-,-,4034.0000,4033.6000,4032.0000,4030.2000,4030.0000,4034.6000,4034.8000,4035.2000,4036.0000,4036.2000,1,1,3,2,3,2,1,1,1,1
SF,IF2006,2020-02-19 14:46:39.400,4034.2000,24339,0,8441219760.000,0,-,-,-,-,4034.0000,4033.6000,4032.0000,4030.2000,4030.0000,4034.6000,4034.8000,4035.2000,4036.0000,4036.2000,1,1,3,2,3,2,1,1,1,1
SF,IF2006,2020-02-19 14:46:43.900,4034.0000,24339,0,8442429960.000,1,0,1,空换,B,4033.6000,4032.0000,4030.2000,4030.0000,4028.0000,4034.6000,4034.8000,4035.2000,4036.0000,4036.2000,1,3,2,3,2,2,1,1,1,1
SF,IF2006,2020-02-19 14:46:44.400,4034.0000,24339,0,8442429960.000,0,-,-,-,-,4033.6000,4032.0000,4030.2000,4030.0000,4028.0000,4034.6000,4034.8000,4035.2000,4036.0000,4036.2000,1,3,2,4,2,2,1,1,1,1
SF,IF2006,2020-02-19 14:46:45.400,4034.0000,24339,0,8442429960.000,0,-,-,-,-,4033.6000,4032.0000,4030.2000,4030.0000,4028.0000,4034.6000,4035.2000,4036.0000,4036.2000,4036.6000,1,3,2,4,2,2,1,1,1,1
SF,IF2006,2020-02-19 14:46:45.900,4034.0000,24339,0,8442429960.000,0,-,-,-,-,4033.6000,4032.0000,4030.2000,4030.0000,4028.0000,4034.4000,4034.6000,4035.2000,4036.0000,4036.2000,1,3,2,4,2,1,2,1,1,1
SF,IF2006,2020-02-19 14:46:47.400,4034.0000,24339,0,8442429960.000,0,-,-,-,-,4033.6000,4032.0000,4030.2000,4030.0000,4028.0000,4034.6000,4035.2000,4036.0000,4036.2000,4036.6000,1,3,2,4,2,2,1,1,1,1
SF,IF2006,2020-02-19 14:46:47.900,4034.0000,24339,0,8442429960.000,0,-,-,-,-,4033.8000,4033.6000,4032.0000,4030.2000,4030.0000,4034.6000,4035.2000,4036.0000,4036.2000,4036.6000,2,1,3,2,4,2,1,1,1,1
SF,IF2006,2020-02-19 14:46:48.400,4034.0000,24339,0,8442429960.000,0,-,-,-,-,4033.8000,4033.6000,4032.0000,4030.2000,4030.0000,4034.6000,4035.2000,4036.0000,4036.2000,4036.6000,3,1,3,2,4,2,1,1,1,1
SF,IF2006,2020-02-19 14:46:48.900,4033.8000,24340,1,8444850240.000,2,1,1,多开,B,4033.8000,4033.6000,4032.0000,4030.2000,4030.0000,4034.6000,4035.2000,4036.0000,4036.2000,4036.6000,1,1,3,2,4,2,1,1,1,1
SF,IF2006,2020-02-19 14:46:49.900,4033.8000,24340,0,8444850240.000,0,-,-,-,-,4033.8000,4033.6000,4032.0000,4030.2000,4030.0000,4034.6000,4035.2000,4036.0000,4036.2000,4036.6000,1,1,3,3,4,2,1,1,1,1
SF,IF2006,2020-02-19 14:46:51.400,4033.8000,24340,0,8444850240.000,0,-,-,-,-,4034.0000,4033.8000,4033.6000,4032.0000,4030.2000,4034.6000,4035.2000,4036.0000,4036.2000,4036.6000,1,1,1,3,3,2,1,1,1,1
SF,IF2006,2020-02-19 14:46:51.900,4033.8000,24340,0,8444850240.000,0,-,-,-,-,4034.0000,4033.6000,4032.0000,4030.2000,4030.0000,4034.6000,4035.2000,4036.0000,4036.2000,4036.6000,1,1,3,3,4,2,1,1,1,1
SF,IF2006,2020-02-19 14:46:55.400,4034.0000,24340,0,8446060440.000,1,0,1,空换,B,4033.6000,4032.0000,4030.2000,4030.0000,4028.0000,4034.6000,4035.2000,4036.0000,4036.2000,4036.6000,1,3,3,4,2,2,1,1,1,1
SF,IF2006,2020-02-19 14:46:56.400,4034.0000,24340,0,8446060440.000,0,-,-,-,-,4033.8000,4033.6000,4032.0000,4030.2000,4030.0000,4034.6000,4035.2000,4036.0000,4036.2000,4036.6000,1,1,3,3,4,2,1,1,1,1
SF,IF2006,2020-02-19 14:46:56.900,4034.0000,24340,0,8446060440.000,0,-,-,-,-,4033.8000,4033.6000,4032.0000,4030.2000,4030.0000,4034.6000,4035.2000,4036.0000,4036.2000,4036.6000,1,1,3,3,4,2,1,1,1,1
SF,IF2006,2020-02-19 14:46:57.900,4034.0000,24340,0,8446060440.000,0,-,-,-,-,4033.8000,4033.6000,4032.8000,4032.0000,4030.2000,4034.6000,4035.2000,4036.0000,4036.2000,4036.6000,1,1,1,3,3,2,1,1,1,1
SF,IF2006,2020-02-19 14:46:58.400,4034.0000,24340,0,8446060440.000,0,-,-,-,-,4033.8000,4033.6000,4032.8000,4032.0000,4030.2000,4034.6000,4035.2000,4036.0000,4036.2000,4036.6000,1,1,1,3,3,2,1,1,1,1
SF,IF2006,2020-02-19 14:46:58.900,4034.0000,24340,0,8446060440.000,0,-,-,-,-,4034.0000,4033.8000,4033.6000,4032.8000,4032.0000,4034.6000,4035.2000,4036.0000,4036.2000,4036.6000,1,1,1,1,3,2,1,1,1,1
SF,IF2006,2020-02-19 14:46:59.400,4034.0000,24340,0,8446060440.000,0,-,-,-,-,4034.0000,4033.8000,4033.6000,4032.8000,4032.0000,4034.6000,4035.2000,4036.0000,4036.2000,4038.0000,1,1,1,1,3,2,1,1,1,2
SF,IF2006,2020-02-19 14:47:00.900,4034.0000,24340,0,8446060440.000,0,-,-,-,-,4033.8000,4033.6000,4032.8000,4032.0000,4030.2000,4034.6000,4035.2000,4036.0000,4036.2000,4038.0000,1,1,1,3,3,2,1,1,1,2
SF,IF2006,2020-02-19 14:47:02.400,4034.0000,24340,0,8446060440.000,0,-,-,-,-,4033.8000,4033.6000,4032.8000,4032.0000,4030.2000,4034.6000,4035.2000,4036.0000,4036.2000,4038.0000,1,1,1,3,3,2,1,1,1,2
SF,IF2006,2020-02-19 14:47:02.900,4034.0000,24340,0,8446060440.000,0,-,-,-,-,4033.8000,4033.6000,4032.8000,4032.0000,4030.2000,4034.6000,4035.2000,4036.0000,4036.2000,4038.0000,1,1,1,3,3,2,1,1,1,2
SF,IF2006,2020-02-19 14:47:03.900,4034.0000,24340,0,8446060440.000,0,-,-,-,-,4033.8000,4033.6000,4032.8000,4032.0000,4030.2000,4034.6000,4035.2000,4036.2000,4038.0000,4038.6000,1,1,1,3,3,2,1,1,2,1
SF,IF2006,2020-02-19 14:47:04.400,4034.0000,24340,0,8446060440.000,0,-,-,-,-,4033.8000,4033.6000,4032.8000,4032.0000,4030.2000,4034.0000,4034.6000,4035.2000,4035.8000,4036.2000,1,1,1,3,3,1,2,1,1,1
SF,IF2006,2020-02-19 14:47:04.900,4034.0000,24341,1,8447270640.000,1,1,0,双开,B,4034.2000,4033.8000,4033.6000,4032.8000,4032.0000,4034.6000,4035.2000,4035.8000,4036.2000,4038.0000,1,1,1,1,3,2,1,1,1,2
SF,IF2006,2020-02-19 14:47:06.400,4034.2000,24342,1,8448480900.000,1,1,0,双开,B,4033.8000,4033.6000,4032.8000,4032.0000,4030.2000,4034.6000,4035.2000,4035.8000,4036.2000,4038.0000,1,1,1,3,3,2,1,1,1,2
SF,IF2006,2020-02-19 14:47:06.900,4034.2000,24342,0,8448480900.000,0,-,-,-,-,4034.0000,4033.8000,4033.6000,4032.8000,4032.0000,4034.6000,4035.2000,4035.8000,4036.2000,4038.0000,1,1,1,1,3,2,1,1,1,2
SF,IF2006,2020-02-19 14:47:07.400,4034.6000,24342,0,8450901660.000,2,1,1,空换,B,4034.8000,4034.2000,4034.0000,4033.8000,4033.6000,4035.2000,4035.8000,4036.2000,4038.0000,4038.6000,1,1,1,1,1,1,1,1,2,1
SF,IF2006,2020-02-19 14:47:07.900,4034.6000,24342,0,8450901660.000,0,-,-,-,-,4034.8000,4034.2000,4034.0000,4033.8000,4033.6000,4035.2000,4035.8000,4036.2000,4038.0000,4038.6000,1,2,1,1,1,1,1,1,2,1
SF,IF2006,2020-02-19 14:47:08.400,4034.6000,24342,0,8450901660.000,0,-,-,-,-,4034.8000,4034.2000,4034.0000,4033.8000,4033.6000,4035.2000,4035.8000,4036.2000,4038.0000,4038.6000,1,2,1,1,1,1,1,1,2,1
SF,IF2006,2020-02-19 14:47:09.400,4034.6000,24342,0,8450901660.000,0,-,-,-,-,4034.8000,4034.2000,4034.0000,4033.6000,4032.8000,4035.2000,4035.8000,4036.2000,4038.0000,4038.6000,1,2,1,1,1,1,1,1,2,1
SF,IF2006,2020-02-19 14:47:10.900,4035.2000,24343,1,8452112220.000,1,1,0,双开,B,4035.0000,4034.8000,4034.2000,4034.0000,4033.6000,4035.8000,4036.2000,4038.0000,4038.6000,4040.2000,1,1,2,1,1,1,1,2,1,1
SF,IF2006,2020-02-19 14:47:13.400,4035.2000,24343,0,8452112220.000,0,-,-,-,-,4035.2000,4035.0000,4034.8000,4034.2000,4034.0000,4035.8000,4036.2000,4038.0000,4038.6000,4040.2000,1,1,1,1,1,1,1,2,1,1
SF,IF2006,2020-02-19 14:47:13.900,4035.2000,24343,0,8452112220.000,0,-,-,-,-,4035.2000,4035.0000,4034.8000,4034.2000,4034.0000,4035.8000,4036.2000,4038.0000,4038.6000,4040.2000,1,1,1,1,1,1,1,2,1,1
SF,IF2006,2020-02-19 14:47:14.400,4035.8000,24344,1,8453322960.000,1,1,0,双开,B,4035.2000,4035.0000,4034.8000,4034.2000,4034.0000,4036.2000,4038.0000,4038.6000,4040.2000,4042.0000,1,1,1,1,1,1,2,1,1,1
SF,IF2006,2020-02-19 14:47:14.900,4035.8000,24344,0,8453322960.000,0,-,-,-,-,4035.4000,4035.2000,4035.0000,4034.8000,4034.2000,4036.2000,4038.0000,4038.6000,4040.2000,4042.0000,2,1,1,1,1,1,2,1,1,1
SF,IF2006,2020-02-19 14:47:16.400,4035.8000,24344,0,8453322960.000,0,-,-,-,-,4035.4000,4035.2000,4034.8000,4034.2000,4034.0000,4036.2000,4038.0000,4038.6000,4040.2000,4042.0000,2,1,1,1,1,1,2,1,1,1
SF,IF2006,2020-02-19 14:47:16.900,4035.8000,24344,0,8453322960.000,0,-,-,-,-,4035.6000,4035.4000,4035.2000,4034.8000,4034.2000,4036.2000,4038.0000,4038.6000,4040.2000,4042.0000,1,2,1,1,1,1,2,1,1,1
SF,IF2006,2020-02-19 14:47:18.400,4036.2000,24344,0,8454533820.000,1,0,1,空换,B,4035.6000,4035.4000,4034.2000,4034.0000,4033.6000,4038.0000,4038.6000,4040.2000,4042.0000,4042.2000,1,2,1,1,1,2,1,1,1,1
SF,IF2006,2020-02-19 14:47:18.900,4036.2000,24344,0,8454533820.000,0,-,-,-,-,4035.8000,4035.6000,4034.2000,4034.0000,4033.6000,4037.4000,4037.8000,4038.0000,4038.6000,4040.2000,2,1,1,1,1,1,5,4,1,1
SF,IF2006,2020-02-19 14:47:19.400,4036.2000,24344,0,8454533820.000,0,-,-,-,-,4035.6000,4034.2000,4034.0000,4033.6000,4032.0000,4037.2000,4037.8000,4038.0000,4038.6000,4040.2000,1,1,1,1,3,2,3,4,1,1
SF,IF2006,2020-02-19 14:47:19.900,4036.2000,24344,0,8454533820.000,0,-,-,-,-,4034.4000,4034.2000,4033.6000,4032.0000,4030.2000,4037.0000,4037.2000,4037.8000,4038.0000,4038.6000,1,1,1,3,3,1,2,2,4,1
SF,IF2006,2020-02-19 14:47:20.400,4036.2000,24344,0,8454533820.000,0,-,-,-,-,4034.8000,4034.6000,4034.4000,4034.2000,4033.6000,4036.8000,4038.0000,4038.6000,4040.2000,4042.0000,1,3,1,1,1,3,4,1,1,1
SF,IF2006,2020-02-19 14:47:20.900,4036.2000,24344,0,8454533820.000,0,-,-,-,-,4035.2000,4035.0000,4034.8000,4034.6000,4034.4000,4036.8000,4037.0000,4038.0000,4038.6000,4040.2000,2,2,1,1,1,3,1,4,1,1
SF,IF2006,2020-02-19 14:47:21.400,4036.2000,24344,0,8454533820.000,0,-,-,-,-,4035.4000,4035.2000,4034.8000,4034.6000,4034.4000,4036.8000,4038.0000,4038.6000,4040.2000,4042.0000,2,2,1,1,1,3,4,1,1,1
SF,IF2006,2020-02-19 14:47:21.900,4036.2000,24344,0,8454533820.000,0,-,-,-,-,4035.4000,4035.2000,4034.8000,4034.6000,4034.4000,4036.8000,4038.0000,4038.6000,4040.2000,4042.0000,2,2,1,1,1,2,4,1,1,1
SF,IF2006,2020-02-19 14:47:24.400,4036.2000,24344,0,8454533820.000,0,-,-,-,-,4035.4000,4035.2000,4034.8000,4034.6000,4034.4000,4036.6000,4036.8000,4038.0000,4038.6000,4040.2000,2,2,1,1,1,1,2,4,1,1
SF,IF2006,2020-02-19 14:47:24.900,4036.2000,24344,0,8454533820.000,0,-,-,-,-,4035.4000,4035.2000,4034.8000,4034.6000,4034.4000,4036.4000,4036.6000,4038.0000,4038.6000,4040.2000,2,2,1,1,1,2,1,4,1,1
SF,IF2006,2020-02-19 14:47:25.400,4036.2000,24344,0,8454533820.000,0,-,-,-,-,4035.4000,4035.2000,4034.8000,4034.6000,4034.2000,4036.4000,4036.6000,4038.0000,4038.6000,4040.2000,2,2,1,1,1,2,1,4,1,1
SF,IF2006,2020-02-19 14:47:27.400,4036.2000,24344,0,8454533820.000,0,-,-,-,-,4035.4000,4035.2000,4034.8000,4034.6000,4034.2000,4036.2000,4036.4000,4038.0000,4038.6000,4040.2000,2,2,1,1,1,2,2,4,1,1
SF,IF2006,2020-02-19 14:47:27.900,4036.2000,24344,0,8454533820.000,0,-,-,-,-,4035.2000,4034.8000,4034.6000,4034.2000,4033.6000,4036.0000,4036.2000,4038.0000,4038.6000,4040.2000,2,1,1,1,1,2,2,4,1,1
SF,IF2006,2020-02-19 14:47:28.400,4036.2000,24344,0,8454533820.000,0,-,-,-,-,4035.2000,4034.8000,4034.6000,4033.6000,4032.0000,4036.0000,4036.2000,4038.0000,4038.6000,4040.2000,2,1,1,1,3,2,2,4,1,1
SF,IF2006,2020-02-19 14:47:29.400,4036.2000,24344,0,8454533820.000,0,-,-,-,-,4034.8000,4034.6000,4033.6000,4032.0000,4031.4000,4036.0000,4036.2000,4038.0000,4038.6000,4040.2000,1,1,1,3,1,2,2,4,1,1
SF,IF2006,2020-02-19 14:47:29.900,4036.2000,24344,0,8454533820.000,0,-,-,-,-,4035.0000,4034.8000,4034.6000,4033.6000,4032.0000,4036.0000,4036.2000,4038.0000,4038.6000,4040.2000,2,1,1,1,3,2,2,4,1,1
SF,IF2006,2020-02-19 14:47:31.400,4036.2000,24344,0,8454533820.000,0,-,-,-,-,4035.2000,4035.0000,4034.8000,4034.6000,4033.6000,4036.0000,4036.2000,4038.0000,4038.6000,4040.2000,1,2,1,1,1,2,2,4,1,1
SF,IF2006,2020-02-19 14:47:33.900,4036.2000,24344,0,8454533820.000,0,-,-,-,-,4035.2000,4035.0000,4034.8000,4034.6000,4034.2000,4036.0000,4036.2000,4038.0000,4038.6000,4040.2000,1,2,1,1,1,2,2,4,1,1
SF,IF2006,2020-02-19 14:47:34.900,4036.2000,24344,0,8454533820.000,0,-,-,-,-,4035.2000,4035.0000,4034.8000,4034.6000,4034.2000,4036.0000,4036.2000,4038.0000,4038.6000,4040.2000,1,2,1,1,1,2,1,4,1,1
SF,IF2006,2020-02-19 14:47:35.400,4036.2000,24344,0,8454533820.000,0,-,-,-,-,4035.2000,4035.0000,4034.8000,4034.6000,4034.2000,4036.2000,4038.0000,4038.6000,4040.2000,4042.0000,1,2,1,1,1,1,4,1,1,1
SF,IF2006,2020-02-19 14:47:35.900,4036.2000,24344,0,8454533820.000,0,-,-,-,-,4035.4000,4035.2000,4035.0000,4034.8000,4034.6000,4036.2000,4038.0000,4038.6000,4040.2000,4042.0000,1,1,2,1,1,1,4,1,1,1
SF,IF2006,2020-02-19 14:47:36.900,4036.2000,24344,0,8454533820.000,0,-,-,-,-,4035.4000,4035.2000,4035.0000,4034.8000,4034.6000,4038.0000,4038.6000,4040.2000,4042.0000,4042.2000,1,1,2,1,1,4,1,1,1,1
SF,IF2006,2020-02-19 14:47:37.400,4035.6000,24344,0,8455744500.000,1,0,1,空换,B,4035.6000,4035.4000,4035.2000,4034.8000,4034.6000,4037.6000,4037.8000,4038.0000,4038.6000,4040.2000,1,1,1,1,1,1,3,4,1,1
SF,IF2006,2020-02-19 14:47:37.900,4035.6000,24344,0,8455744500.000,0,-,-,-,-,4035.6000,4034.8000,4034.6000,4034.2000,4033.6000,4037.4000,4037.6000,4038.0000,4038.6000,4040.2000,1,1,1,1,1,3,1,4,1,1
SF,IF2006,2020-02-19 14:47:38.400,4035.6000,24344,0,8455744500.000,0,-,-,-,-,4034.8000,4034.6000,4034.2000,4033.6000,4032.0000,4037.2000,4037.4000,4038.0000,4038.6000,4040.2000,1,1,1,1,3,1,3,4,1,1
SF,IF2006,2020-02-19 14:47:38.900,4035.6000,24344,0,8455744500.000,0,-,-,-,-,4035.0000,4034.8000,4034.6000,4034.2000,4033.6000,4037.0000,4037.2000,4038.0000,4038.6000,4040.2000,2,1,1,1,1,4,1,4,1,1
SF,IF2006,2020-02-19 14:47:39.400,4035.6000,24344,0,8455744500.000,0,-,-,-,-,4035.0000,4034.8000,4034.6000,4034.2000,4033.6000,4036.8000,4037.0000,4037.2000,4038.0000,4038.6000,2,1,1,1,1,1,4,1,4,1
SF,IF2006,2020-02-19 14:47:39.900,4035.6000,24344,0,8455744500.000,0,-,-,-,-,4034.8000,4034.6000,4034.2000,4033.6000,4033.4000,4036.6000,4036.8000,4037.0000,4038.0000,4038.6000,1,1,1,1,1,2,3,2,4,1
SF,IF2006,2020-02-19 14:47:40.400,4034.8000,24345,1,8456954940.000,1,1,0,双开,B,4034.6000,4034.2000,4033.6000,4033.4000,4032.0000,4036.4000,4036.6000,4036.8000,4037.0000,4038.0000,1,1,1,1,3,2,2,2,1,4
SF,IF2006,2020-02-19 14:47:40.900,4034.8000,24345,0,8456954940.000,0,-,-,-,-,4034.8000,4034.6000,4034.2000,4033.6000,4033.4000,4036.2000,4036.4000,4036.8000,4037.0000,4038.0000,2,1,1,1,1,3,2,2,1,4
SF,IF2006,2020-02-19 14:47:41.400,4034.8000,24345,0,8456954940.000,0,-,-,-,-,4034.8000,4034.2000,4033.6000,4033.4000,4032.0000,4036.0000,4036.2000,4036.4000,4036.8000,4037.0000,2,1,1,1,3,1,2,1,2,1
SF,IF2006,2020-02-19 14:47:41.900,4034.8000,24345,0,8456954940.000,0,-,-,-,-,4034.8000,4034.2000,4033.6000,4033.4000,4032.0000,4035.8000,4036.0000,4036.4000,4036.8000,4037.0000,2,1,1,1,3,2,1,1,2,1
SF,IF2006,2020-02-19 14:47:42.400,4034.8000,24345,0,8456954940.000,0,-,-,-,-,4034.2000,4033.6000,4033.4000,4032.0000,4031.4000,4035.8000,4036.0000,4036.4000,4036.8000,4037.0000,1,1,1,3,1,2,1,1,2,1
SF,IF2006,2020-02-19 14:47:42.900,4034.8000,24345,0,8456954940.000,0,-,-,-,-,4034.4000,4034.2000,4033.6000,4033.4000,4032.0000,4035.8000,4036.0000,4036.4000,4036.8000,4037.0000,2,1,1,1,3,2,1,1,2,1
SF,IF2006,2020-02-19 14:47:43.400,4034.8000,24345,0,8456954940.000,0,-,-,-,-,4034.4000,4034.2000,4033.6000,4033.4000,4032.0000,4035.8000,4036.0000,4036.8000,4037.0000,4038.0000,2,1,1,1,3,2,1,2,1,4
SF,IF2006,2020-02-19 14:47:43.900,4034.8000,24345,0,8456954940.000,0,-,-,-,-,4034.4000,4034.2000,4033.6000,4033.4000,4032.0000,4035.8000,4036.8000,4037.0000,4038.0000,4038.6000,2,1,1,1,3,2,2,1,4,1
SF,IF2006,2020-02-19 14:47:44.400,4034.8000,24345,0,8456954940.000,0,-,-,-,-,4034.4000,4034.2000,4033.6000,4033.4000,4032.2000,4035.8000,4036.8000,4037.0000,4038.0000,4038.6000,2,1,1,1,1,2,2,1,4,1
SF,IF2006,2020-02-19 14:47:44.900,4034.8000,24345,0,8456954940.000,0,-,-,-,-,4034.6000,4034.4000,4034.2000,4033.6000,4033.4000,4035.8000,4036.8000,4037.0000,4038.0000,4038.6000,1,2,1,1,1,2,1,1,4,1
SF,IF2006,2020-02-19 14:47:45.400,4034.8000,24345,0,8456954940.000,0,-,-,-,-,4034.6000,4034.4000,4034.2000,4033.6000,4033.4000,4035.8000,4036.8000,4037.0000,4038.0000,4038.6000,1,2,1,1,1,2,1,1,4,1
SF,IF2006,2020-02-19 14:47:49.900,4034.8000,24345,0,8456954940.000,0,-,-,-,-,4034.6000,4034.4000,4034.2000,4033.6000,4033.4000,4035.8000,4036.8000,4037.0000,4038.0000,4038.6000,1,2,1,1,1,2,1,1,4,1
SF,IF2006,2020-02-19 14:47:51.400,4034.8000,24345,0,8456954940.000,0,-,-,-,-,4034.4000,4034.2000,4033.6000,4033.4000,4032.2000,4035.8000,4036.8000,4037.0000,4038.0000,4038.6000,2,1,1,1,1,2,1,1,4,1
SF,IF2006,2020-02-19 14:47:51.900,4034.8000,24345,0,8456954940.000,0,-,-,-,-,4034.4000,4034.2000,4033.6000,4033.4000,4032.2000,4035.6000,4035.8000,4036.8000,4037.0000,4038.0000,2,1,1,1,1,1,2,1,1,4
SF,IF2006,2020-02-19 14:47:52.400,4034.8000,24345,0,8456954940.000,0,-,-,-,-,4034.4000,4034.2000,4033.6000,4033.4000,4032.2000,4035.4000,4035.6000,4036.8000,4037.0000,4038.0000,2,1,1,1,1,2,1,1,1,4
SF,IF2006,2020-02-19 14:47:52.900,4034.8000,24345,0,8456954940.000,0,-,-,-,-,4034.2000,4034.0000,4033.6000,4033.4000,4032.2000,4035.4000,4035.6000,4036.8000,4037.0000,4038.0000,1,1,1,1,1,2,1,1,1,4
SF,IF2006,2020-02-19 14:47:55.900,4034.8000,24345,0,8456954940.000,0,-,-,-,-,4034.2000,4034.0000,4033.6000,4033.4000,4032.2000,4035.2000,4035.4000,4036.8000,4037.0000,4038.0000,1,1,1,1,1,1,2,1,1,4
SF,IF2006,2020-02-19 14:47:56.400,4034.8000,24345,0,8456954940.000,0,-,-,-,-,4034.2000,4034.0000,4033.6000,4033.4000,4032.2000,4035.0000,4035.2000,4036.8000,4037.0000,4038.0000,1,1,1,1,1,2,1,1,1,4
SF,IF2006,2020-02-19 14:47:57.400,4034.8000,24345,0,8456954940.000,0,-,-,-,-,4034.2000,4034.0000,4033.6000,4033.4000,4032.2000,4035.0000,4036.8000,4037.0000,4038.0000,4038.6000,1,1,1,1,1,2,1,1,4,1
SF,IF2006,2020-02-19 14:47:59.900,4034.8000,24345,0,8456954940.000,0,-,-,-,-,4034.4000,4034.2000,4034.0000,4033.6000,4033.4000,4035.0000,4036.8000,4037.0000,4038.0000,4038.6000,1,1,1,1,1,2,1,1,4,1
SF,IF2006,2020-02-19 14:48:00.400,4034.8000,24345,0,8456954940.000,0,-,-,-,-,4034.4000,4034.2000,4034.0000,4033.6000,4033.4000,4035.0000,4036.8000,4037.0000,4038.0000,4038.6000,1,1,1,1,1,2,1,1,4,1
SF,IF2006,2020-02-19 14:48:01.400,4034.8000,24345,0,8456954940.000,0,-,-,-,-,4034.2000,4034.0000,4033.6000,4033.4000,4032.2000,4035.0000,4036.8000,4037.0000,4038.0000,4038.6000,1,1,1,1,1,2,1,1,4,1
SF,IF2006,2020-02-19 14:48:04.400,4034.8000,24345,0,8456954940.000,0,-,-,-,-,4034.2000,4034.0000,4033.6000,4033.4000,4032.2000,4035.0000,4037.0000,4038.0000,4038.6000,4040.0000,1,1,1,1,1,2,1,4,1,1
SF,IF2006,2020-02-19 14:48:14.900,4034.2000,24346,1,8458165200.000,1,1,0,双开,B,4034.0000,4033.6000,4033.4000,4032.2000,4032.0000,4035.0000,4037.0000,4038.0000,4038.6000,4040.0000,1,1,1,1,3,2,1,4,1,1
SF,IF2006,2020-02-19 14:48:15.400,4034.2000,24346,0,8458165200.000,0,-,-,-,-,4034.2000,4034.0000,4033.6000,4033.4000,4032.2000,4035.0000,4037.0000,4038.0000,4038.6000,4040.0000,1,1,1,1,1,2,1,4,1,1
SF,IF2006,2020-02-19 14:48:17.900,4034.2000,24347,1,8459375460.000,1,1,0,双开,B,4034.0000,4033.6000,4033.4000,4032.2000,4032.0000,4035.0000,4036.8000,4037.0000,4038.0000,4038.6000,1,1,1,1,3,2,1,1,4,1
SF,IF2006,2020-02-19 14:48:18.900,4034.2000,24347,0,8459375460.000,0,-,-,-,-,4034.0000,4033.6000,4033.4000,4032.2000,4032.0000,4034.6000,4034.8000,4035.0000,4036.8000,4037.0000,1,1,1,1,3,1,1,2,1,1
SF,IF2006,2020-02-19 14:48:19.400,4034.2000,24347,0,8459375460.000,0,-,-,-,-,4034.0000,4033.6000,4033.4000,4032.2000,4032.0000,4034.4000,4034.6000,4034.8000,4036.8000,4037.0000,1,1,1,1,3,2,1,1,1,1
SF,IF2006,2020-02-19 14:48:20.900,4034.0000,24346,-1,8460585660.000,1,0,1,双平,B,4033.6000,4033.4000,4032.2000,4032.0000,4031.4000,4034.4000,4034.6000,4036.8000,4037.0000,4038.0000,1,1,1,3,1,2,1,1,1,4
SF,IF2006,2020-02-19 14:48:21.400,4034.0000,24346,0,8460585660.000,0,-,-,-,-,4033.6000,4033.4000,4032.2000,4032.0000,4031.4000,4034.4000,4036.8000,4037.0000,4038.0000,4038.6000,1,1,1,3,1,2,1,1,4,1
SF,IF2006,2020-02-19 14:48:22.400,4034.0000,24346,0,8460585660.000,0,-,-,-,-,4033.6000,4033.4000,4032.2000,4032.0000,4031.4000,4034.0000,4034.2000,4034.4000,4036.8000,4037.0000,1,1,1,3,1,2,1,2,1,1
SF,IF2006,2020-02-19 14:48:26.400,4034.0000,24346,0,8460585660.000,0,-,-,-,-,4033.6000,4033.4000,4032.2000,4032.0000,4031.4000,4034.0000,4034.4000,4036.8000,4037.0000,4038.0000,1,1,1,3,1,2,2,1,1,4
SF,IF2006,2020-02-19 14:48:27.400,4034.0000,24345,-1,8463006060.000,2,0,2,空平,B,4033.6000,4033.4000,4032.2000,4032.0000,4031.4000,4034.4000,4036.8000,4037.0000,4038.0000,4038.6000,1,1,1,3,1,2,1,1,4,1
SF,IF2006,2020-02-19 14:48:27.900,4034.0000,24345,0,8463006060.000,0,-,-,-,-,4033.6000,4033.4000,4032.2000,4032.0000,4031.4000,4034.4000,4036.8000,4037.0000,4038.0000,4038.6000,1,1,1,3,1,2,1,1,4,1
SF,IF2006,2020-02-19 14:48:28.400,4034.0000,24345,0,8463006060.000,0,-,-,-,-,4033.6000,4033.4000,4032.2000,4032.0000,4031.4000,4034.4000,4036.8000,4037.0000,4038.0000,4038.6000,1,1,1,3,1,2,1,1,4,1
SF,IF2006,2020-02-19 14:48:28.900,4034.0000,24345,0,8463006060.000,0,-,-,-,-,4033.6000,4033.4000,4032.2000,4032.0000,4031.4000,4034.4000,4036.8000,4037.0000,4038.0000,4038.6000,1,1,1,3,1,2,1,1,4,1
SF,IF2006,2020-02-19 14:48:29.400,4033.6000,24344,-1,8464216140.000,1,0,1,双平,B,4033.4000,4032.2000,4032.0000,4031.4000,4031.2000,4034.4000,4036.8000,4037.0000,4038.0000,4038.6000,1,1,3,1,1,2,1,1,4,1
SF,IF2006,2020-02-19 14:48:30.900,4033.6000,24344,0,8464216140.000,0,-,-,-,-,4033.4000,4032.2000,4032.0000,4031.4000,4031.2000,4034.4000,4036.8000,4037.0000,4038.0000,4038.6000,1,1,3,1,1,2,1,1,4,1
SF,IF2006,2020-02-19 14:48:31.400,4033.6000,24344,0,8464216140.000,0,-,-,-,-,4033.4000,4032.2000,4032.0000,4031.4000,4031.2000,4034.2000,4034.4000,4036.8000,4037.0000,4038.0000,1,1,3,1,1,1,2,1,1,4
SF,IF2006,2020-02-19 14:48:31.900,4033.6000,24344,0,8464216140.000,0,-,-,-,-,4033.4000,4032.2000,4032.0000,4031.4000,4031.2000,4034.0000,4034.2000,4036.8000,4037.0000,4038.0000,1,1,3,1,1,2,1,1,1,4
SF,IF2006,2020-02-19 14:48:32.900,4033.6000,24344,0,8464216140.000,0,-,-,-,-,4033.4000,4032.2000,4032.0000,4031.4000,4031.2000,4034.0000,4036.8000,4037.0000,4038.0000,4038.6000,1,1,3,1,1,2,1,1,4,1
SF,IF2006,2020-02-19 14:48:33.400,4033.6000,24344,0,8464216140.000,0,-,-,-,-,4033.4000,4032.8000,4032.2000,4032.0000,4031.4000,4034.0000,4036.8000,4037.0000,4038.0000,4038.6000,1,1,1,3,1,2,1,1,4,1
SF,IF2006,2020-02-19 14:48:41.400,4033.6000,24344,0,8464216140.000,0,-,-,-,-,4033.4000,4032.8000,4032.2000,4032.0000,4031.2000,4034.0000,4036.8000,4037.0000,4038.0000,4038.6000,1,1,1,3,1,2,1,1,4,1
SF,IF2006,2020-02-19 14:48:42.900,4033.6000,24344,0,8464216140.000,0,-,-,-,-,4033.4000,4032.8000,4032.2000,4032.0000,4031.2000,4033.8000,4034.0000,4036.8000,4037.0000,4038.0000,1,1,1,3,1,1,2,1,1,4
SF,IF2006,2020-02-19 14:48:43.400,4033.6000,24344,0,8464216140.000,0,-,-,-,-,4033.4000,4032.8000,4032.2000,4032.0000,4031.2000,4033.6000,4033.8000,4036.8000,4037.0000,4038.0000,1,1,1,3,1,2,1,1,1,4
SF,IF2006,2020-02-19 14:48:43.900,4033.4000,24345,1,8465426160.000,1,1,0,双开,B,4032.8000,4032.2000,4032.0000,4031.2000,4030.2000,4033.8000,4036.8000,4037.0000,4038.0000,4038.6000,1,1,3,1,3,1,1,1,4,1
SF,IF2006,2020-02-19 14:48:44.400,4033.4000,24345,0,8465426160.000,0,-,-,-,-,4032.8000,4032.2000,4032.0000,4031.2000,4030.2000,4033.6000,4033.8000,4036.8000,4037.0000,4038.0000,1,1,3,1,3,2,1,1,1,4
SF,IF2006,2020-02-19 14:48:45.400,4033.4000,24345,0,8465426160.000,0,-,-,-,-,4032.8000,4032.2000,4032.0000,4031.2000,4030.2000,4033.4000,4033.6000,4033.8000,4036.8000,4037.0000,1,1,3,1,3,1,2,1,1,1
SF,IF2006,2020-02-19 14:48:46.900,4033.4000,24345,0,8465426160.000,0,-,-,-,-,4032.8000,4032.4000,4032.2000,4032.0000,4031.2000,4033.4000,4033.6000,4033.8000,4036.8000,4037.0000,1,1,1,3,1,1,2,1,1,1
SF,IF2006,2020-02-19 14:48:47.900,4033.4000,24345,0,8465426160.000,0,-,-,-,-,4032.8000,4032.4000,4032.2000,4032.0000,4031.2000,4033.4000,4033.6000,4033.8000,4036.8000,4037.0000,1,1,1,3,1,2,2,2,1,1
SF,IF2006,2020-02-19 14:48:48.400,4033.4000,24345,0,8465426160.000,0,-,-,-,-,4032.8000,4032.4000,4032.2000,4032.0000,4031.2000,4033.2000,4033.4000,4033.8000,4036.8000,4037.0000,1,1,1,3,1,2,1,2,1,1
SF,IF2006,2020-02-19 14:48:49.400,4033.4000,24345,0,8465426160.000,0,-,-,-,-,4032.8000,4032.4000,4032.2000,4032.0000,4031.2000,4033.2000,4033.8000,4036.8000,4037.0000,4038.0000,1,1,1,3,1,2,2,1,1,4
SF,IF2006,2020-02-19 14:48:50.400,4032.8000,24345,0,8466636000.000,1,0,1,空换,B,4032.4000,4032.2000,4032.0000,4031.2000,4030.2000,4033.2000,4033.8000,4036.8000,4037.0000,4038.0000,1,1,3,1,3,2,2,1,1,4
SF,IF2006,2020-02-19 14:48:51.400,4032.8000,24345,0,8466636000.000,0,-,-,-,-,4032.4000,4032.2000,4032.0000,4031.2000,4030.2000,4032.8000,4033.0000,4033.2000,4033.8000,4036.8000,1,1,3,1,3,1,1,2,1,1
SF,IF2006,2020-02-19 14:48:51.900,4032.8000,24345,0,8466636000.000,0,-,-,-,-,4032.4000,4032.2000,4032.0000,4031.2000,4030.2000,4032.8000,4033.0000,4033.2000,4033.8000,4036.8000,1,1,3,1,3,1,2,2,1,1
SF,IF2006,2020-02-19 14:48:52.400,4032.4000,24345,0,8467845720.000,1,0,1,空换,B,4032.2000,4032.0000,4031.2000,4030.2000,4030.0000,4032.8000,4033.0000,4033.2000,4033.8000,4036.8000,1,3,1,3,4,1,1,2,1,1
SF,IF2006,2020-02-19 14:48:52.900,4032.2000,24345,0,8469055380.000,1,0,1,空换,B,4032.0000,4031.2000,4030.2000,4030.0000,4028.0000,4032.4000,4032.6000,4032.8000,4033.8000,4034.4000,3,1,3,4,2,1,2,1,1,1
SF,IF2006,2020-02-19 14:48:54.400,4032.2000,24345,0,8469055380.000,0,-,-,-,-,4032.0000,4031.2000,4030.2000,4030.0000,4028.0000,4032.4000,4032.6000,4032.8000,4033.8000,4034.4000,3,1,3,4,2,1,2,1,2,1
SF,IF2006,2020-02-19 14:48:57.900,4032.2000,24345,0,8469055380.000,0,-,-,-,-,4032.0000,4031.2000,4030.2000,4030.0000,4028.0000,4032.4000,4032.6000,4032.8000,4033.8000,4034.4000,3,1,3,4,2,1,2,1,2,1
SF,IF2006,2020-02-19 14:49:00.900,4032.2000,24345,0,8469055380.000,0,-,-,-,-,4032.0000,4031.2000,4030.2000,4030.0000,4028.0000,4032.4000,4032.6000,4032.8000,4033.8000,4034.4000,3,1,3,4,2,1,2,1,2,1
SF,IF2006,2020-02-19 14:49:02.900,4032.0000,24348,3,8472684180.000,3,3,0,双开,B,4031.2000,4030.2000,4030.0000,4028.0000,4027.0000,4032.4000,4032.6000,4032.8000,4033.8000,4034.4000,1,3,4,2,1,1,2,1,2,1
SF,IF2006,2020-02-19 14:49:03.400,4032.0000,24348,0,8472684180.000,0,-,-,-,-,4031.4000,4031.2000,4030.2000,4030.0000,4028.0000,4032.2000,4032.4000,4032.8000,4033.8000,4034.4000,2,1,3,4,2,2,1,1,2,1
SF,IF2006,2020-02-19 14:49:03.900,4032.0000,24348,0,8472684180.000,0,-,-,-,-,4031.4000,4031.2000,4030.2000,4030.0000,4028.0000,4032.2000,4032.4000,4032.8000,4033.8000,4034.4000,2,1,3,4,2,3,1,1,2,1
SF,IF2006,2020-02-19 14:49:04.900,4032.0000,24348,0,8472684180.000,0,-,-,-,-,4031.4000,4031.2000,4030.2000,4030.0000,4028.0000,4032.2000,4032.4000,4032.8000,4033.8000,4034.4000,2,1,3,4,2,2,1,1,2,1
SF,IF2006,2020-02-19 14:49:05.400,4032.0000,24348,0,8472684180.000,0,-,-,-,-,4031.6000,4031.4000,4031.2000,4030.2000,4030.0000,4032.2000,4032.4000,4032.8000,4033.8000,4034.4000,1,2,1,3,4,2,1,1,2,1
SF,IF2006,2020-02-19 14:49:06.900,4032.2000,24349,1,8473893840.000,1,1,0,双开,B,4031.6000,4031.4000,4031.2000,4030.2000,4030.0000,4032.2000,4032.4000,4032.8000,4033.8000,4034.4000,1,2,1,3,4,1,1,1,2,1
SF,IF2006,2020-02-19 14:49:08.400,4032.2000,24349,0,8473893840.000,0,-,-,-,-,4031.6000,4031.4000,4031.2000,4030.2000,4030.0000,4032.2000,4032.8000,4033.8000,4034.4000,4036.8000,1,2,1,3,4,1,1,2,1,1
SF,IF2006,2020-02-19 14:49:08.900,4032.2000,24349,0,8473893840.000,0,-,-,-,-,4031.4000,4031.2000,4030.2000,4030.0000,4028.0000,4032.2000,4032.8000,4033.8000,4034.4000,4036.8000,2,1,3,4,2,1,1,2,1,1
SF,IF2006,2020-02-19 14:49:09.400,4032.2000,24349,0,8473893840.000,0,-,-,-,-,4031.4000,4031.2000,4030.2000,4030.0000,4028.0000,4032.8000,4033.8000,4034.4000,4036.8000,4037.0000,2,1,3,4,2,1,2,1,1,1
SF,IF2006,2020-02-19 14:49:09.900,4032.2000,24349,0,8473893840.000,0,-,-,-,-,4031.6000,4031.4000,4031.2000,4030.2000,4030.0000,4032.6000,4032.8000,4033.8000,4034.4000,4036.8000,1,2,1,3,4,2,1,2,1,1
SF,IF2006,2020-02-19 14:49:11.400,4031.6000,24349,0,8475103320.000,1,0,1,空换,B,4031.4000,4031.2000,4030.2000,4030.0000,4028.0000,4032.6000,4032.8000,4033.8000,4034.4000,4036.8000,2,1,3,4,2,2,1,2,1,1
SF,IF2006,2020-02-19 14:49:12.400,4031.6000,24349,0,8475103320.000,0,-,-,-,-,4031.4000,4031.2000,4030.2000,4030.0000,4028.0000,4032.6000,4033.8000,4034.4000,4036.8000,4037.0000,2,1,3,4,2,3,2,1,1,1
SF,IF2006,2020-02-19 14:49:12.900,4031.6000,24349,0,8475103320.000,0,-,-,-,-,4031.6000,4031.4000,4031.2000,4030.2000,4030.0000,4032.4000,4032.6000,4033.8000,4034.4000,4036.8000,1,2,1,3,4,1,2,2,1,1
SF,IF2006,2020-02-19 14:49:13.400,4031.6000,24349,0,8475103320.000,0,-,-,-,-,4031.6000,4031.4000,4031.2000,4030.2000,4030.0000,4032.4000,4032.6000,4033.8000,4034.4000,4036.8000,2,2,1,3,4,1,2,2,1,1
SF,IF2006,2020-02-19 14:49:13.900,4032.4000,24350,1,8476313040.000,1,1,0,双开,B,4031.8000,4031.6000,4031.2000,4030.2000,4030.0000,4033.8000,4034.4000,4036.8000,4037.0000,4037.6000,2,2,1,3,4,2,1,1,1,1
SF,IF2006,2020-02-19 14:49:14.400,4032.4000,24350,0,8476313040.000,0,-,-,-,-,4031.8000,4031.6000,4031.2000,4030.2000,4030.0000,4033.6000,4033.8000,4034.4000,4036.8000,4037.6000,2,2,1,3,4,8,2,1,1,1
SF,IF2006,2020-02-19 14:49:14.900,4032.4000,24350,0,8476313040.000,0,-,-,-,-,4032.0000,4031.8000,4031.6000,4031.2000,4030.2000,4033.6000,4033.8000,4034.4000,4036.8000,4037.6000,2,3,2,1,3,3,2,1,1,1
SF,IF2006,2020-02-19 14:49:15.400,4032.4000,24350,0,8476313040.000,0,-,-,-,-,4032.2000,4032.0000,4031.8000,4031.6000,4031.2000,4033.6000,4033.8000,4034.4000,4036.8000,4037.6000,3,2,1,1,1,3,2,1,1,1
SF,IF2006,2020-02-19 14:49:15.900,4032.4000,24350,0,8476313040.000,0,-,-,-,-,4032.4000,4032.2000,4032.0000,4031.8000,4031.6000,4033.6000,4033.8000,4034.4000,4036.8000,4037.6000,1,3,1,1,1,2,2,1,1,1
SF,IF2006,2020-02-19 14:49:16.400,4032.4000,24350,0,8476313040.000,0,-,-,-,-,4032.6000,4032.4000,4032.0000,4031.8000,4031.6000,4033.6000,4033.8000,4034.4000,4036.8000,4037.6000,2,1,1,1,1,2,2,1,1,1
SF,IF2006,2020-02-19 14:49:17.900,4032.4000,24350,0,8476313040.000,0,-,-,-,-,4032.6000,4032.0000,4031.8000,4031.6000,4031.2000,4033.6000,4033.8000,4034.4000,4036.8000,4037.6000,2,1,1,1,1,2,1,1,1,1
SF,IF2006,2020-02-19 14:49:18.400,4032.4000,24350,0,8476313040.000,0,-,-,-,-,4032.6000,4032.0000,4031.8000,4031.6000,4031.2000,4033.6000,4033.8000,4034.4000,4036.8000,4037.6000,2,2,1,1,1,2,1,1,1,1
SF,IF2006,2020-02-19 14:49:19.400,4032.4000,24350,0,8476313040.000,0,-,-,-,-,4032.8000,4032.6000,4032.0000,4031.8000,4031.6000,4033.6000,4033.8000,4034.4000,4036.8000,4037.6000,1,2,2,1,1,2,1,1,1,1
SF,IF2006,2020-02-19 14:49:20.400,4032.4000,24350,0,8476313040.000,0,-,-,-,-,4032.8000,4032.6000,4032.0000,4031.8000,4031.6000,4033.6000,4033.8000,4034.4000,4036.8000,4037.6000,1,3,2,1,1,2,1,1,1,1
SF,IF2006,2020-02-19 14:49:20.900,4032.4000,24350,0,8476313040.000,0,-,-,-,-,4033.0000,4032.6000,4032.0000,4031.8000,4031.6000,4033.8000,4034.4000,4036.8000,4037.6000,4038.0000,2,1,2,1,1,1,1,1,1,2
SF,IF2006,2020-02-19 14:49:21.400,4032.4000,24350,0,8476313040.000,0,-,-,-,-,4033.0000,4032.6000,4032.0000,4031.8000,4031.2000,4033.8000,4034.4000,4036.8000,4037.6000,4038.0000,2,1,2,1,1,1,1,1,1,2
SF,IF2006,2020-02-19 14:49:21.900,4033.8000,24351,1,8478733320.000,2,1,1,多开,B,4033.2000,4033.0000,4032.6000,4032.0000,4031.8000,4034.4000,4036.8000,4037.6000,4038.0000,4038.6000,1,3,1,1,1,1,1,1,2,1
SF,IF2006,2020-02-19 14:49:22.400,4033.8000,24351,0,8478733320.000,0,-,-,-,-,4033.2000,4033.0000,4032.6000,4032.0000,4031.8000,4034.2000,4036.8000,4037.6000,4038.0000,4038.6000,1,3,1,1,1,2,1,1,2,1
SF,IF2006,2020-02-19 14:49:22.900,4033.8000,24351,0,8478733320.000,0,-,-,-,-,4033.0000,4032.6000,4032.0000,4031.8000,4031.2000,4034.2000,4036.8000,4037.6000,4038.0000,4038.6000,3,1,1,1,1,2,1,1,2,1
SF,IF2006,2020-02-19 14:49:23.400,4033.8000,24351,0,8478733320.000,0,-,-,-,-,4033.0000,4032.6000,4032.0000,4031.2000,4030.2000,4034.2000,4036.8000,4037.6000,4038.0000,4038.6000,2,1,1,1,3,2,1,1,2,1
SF,IF2006,2020-02-19 14:49:24.400,4034.0000,24351,0,8479943520.000,1,0,1,空换,B,4033.0000,4032.6000,4032.0000,4031.2000,4030.2000,4034.2000,4036.8000,4037.6000,4038.0000,4038.6000,2,1,1,1,3,2,1,1,2,1
SF,IF2006,2020-02-19 14:49:24.900,4034.0000,24351,0,8479943520.000,0,-,-,-,-,4033.2000,4033.0000,4032.6000,4032.0000,4031.2000,4034.2000,4036.8000,4037.6000,4038.0000,4038.6000,1,2,1,1,1,2,1,1,2,1
SF,IF2006,2020-02-19 14:49:25.400,4034.0000,24351,0,8479943520.000,0,-,-,-,-,4033.4000,4033.2000,4032.6000,4032.0000,4031.2000,4036.8000,4037.6000,4038.0000,4038.6000,4040.0000,2,1,1,1,1,1,1,2,1,1
SF,IF2006,2020-02-19 14:49:25.900,4034.0000,24351,0,8479943520.000,0,-,-,-,-,4033.4000,4033.2000,4032.6000,4032.0000,4031.2000,4035.6000,4035.8000,4036.0000,4036.4000,4036.6000,2,1,1,1,1,4,1,1,1,5
SF,IF2006,2020-02-19 14:49:26.400,4034.0000,24351,0,8479943520.000,0,-,-,-,-,4033.4000,4033.2000,4032.6000,4032.0000,4031.2000,4035.4000,4035.6000,4035.8000,4036.0000,4036.2000,2,1,1,1,1,5,4,2,1,2
SF,IF2006,2020-02-19 14:49:26.900,4034.0000,24351,0,8479943520.000,0,-,-,-,-,4033.4000,4033.2000,4032.6000,4032.0000,4031.2000,4035.2000,4035.4000,4035.6000,4035.8000,4036.0000,2,1,1,1,1,1,5,4,2,1
SF,IF2006,2020-02-19 14:49:27.400,4034.0000,24351,0,8479943520.000,0,-,-,-,-,4033.6000,4033.4000,4033.2000,4032.6000,4032.0000,4035.0000,4035.2000,4035.4000,4035.6000,4035.8000,2,2,1,1,1,2,1,3,4,2
SF,IF2006,2020-02-19 14:49:27.900,4034.0000,24351,0,8479943520.000,0,-,-,-,-,4033.8000,4033.6000,4033.2000,4032.6000,4032.0000,4035.0000,4035.2000,4035.4000,4035.6000,4035.8000,2,2,1,1,1,4,1,2,4,2
SF,IF2006,2020-02-19 14:49:28.400,4034.0000,24351,0,8479943520.000,0,-,-,-,-,4033.8000,4033.2000,4032.6000,4032.0000,4031.2000,4035.0000,4035.2000,4035.4000,4035.6000,4035.8000,2,1,1,1,1,4,1,2,4,2
SF,IF2006,2020-02-19 14:49:28.900,4034.0000,24351,0,8479943520.000,0,-,-,-,-,4033.8000,4033.2000,4032.6000,4032.0000,4031.2000,4034.8000,4035.0000,4035.2000,4035.4000,4035.6000,2,1,1,1,1,2,4,1,2,4
SF,IF2006,2020-02-19 14:49:29.400,4034.0000,24351,0,8479943520.000,0,-,-,-,-,4033.8000,4033.2000,4032.6000,4032.0000,4031.2000,4034.6000,4034.8000,4035.0000,4035.2000,4035.4000,2,1,1,1,1,2,2,2,1,2
SF,IF2006,2020-02-19 14:49:30.400,4034.0000,24351,0,8479943520.000,0,-,-,-,-,4033.8000,4033.2000,4032.6000,4032.0000,4031.2000,4034.6000,4034.8000,4035.0000,4035.2000,4035.4000,2,1,1,1,1,2,2,1,1,2
SF,IF2006,2020-02-19 14:49:30.900,4034.0000,24351,0,8479943520.000,0,-,-,-,-,4033.8000,4033.2000,4032.6000,4032.0000,4031.2000,4034.6000,4034.8000,4035.0000,4035.2000,4035.4000,2,1,1,1,1,2,1,1,1,2
SF,IF2006,2020-02-19 14:49:31.400,4034.0000,24351,0,8479943520.000,0,-,-,-,-,4033.8000,4033.2000,4032.6000,4032.0000,4031.2000,4034.6000,4034.8000,4035.0000,4035.2000,4035.4000,1,1,1,1,1,2,1,1,1,2
SF,IF2006,2020-02-19 14:49:31.900,4034.0000,24351,0,8479943520.000,0,-,-,-,-,4033.8000,4033.2000,4033.0000,4032.6000,4032.0000,4034.6000,4034.8000,4035.0000,4035.2000,4035.4000,1,1,1,1,1,2,1,1,1,2
SF,IF2006,2020-02-19 14:49:32.400,4033.8000,24350,-1,8481153660.000,1,0,1,双平,B,4033.2000,4033.0000,4032.6000,4032.0000,4031.2000,4034.6000,4034.8000,4035.0000,4035.2000,4035.4000,1,1,1,1,1,2,1,1,1,2
SF,IF2006,2020-02-19 14:49:32.900,4033.8000,24350,0,8481153660.000,0,-,-,-,-,4033.4000,4033.2000,4033.0000,4032.6000,4032.0000,4034.6000,4034.8000,4035.0000,4035.2000,4035.4000,2,1,1,1,1,2,1,1,1,2
SF,IF2006,2020-02-19 14:49:33.400,4033.8000,24350,0,8481153660.000,0,-,-,-,-,4033.4000,4033.2000,4033.0000,4032.6000,4032.0000,4034.4000,4034.6000,4034.8000,4035.2000,4035.4000,2,1,1,1,1,1,2,1,1,2
SF,IF2006,2020-02-19 14:49:33.900,4033.8000,24350,0,8481153660.000,0,-,-,-,-,4033.2000,4033.0000,4032.6000,4032.0000,4031.2000,4034.2000,4034.4000,4034.8000,4035.2000,4035.4000,1,1,1,1,1,2,2,1,1,2
SF,IF2006,2020-02-19 14:49:34.400,4033.8000,24350,0,8481153660.000,0,-,-,-,-,4033.2000,4033.0000,4032.6000,4032.0000,4031.2000,4034.2000,4034.4000,4034.8000,4035.2000,4035.4000,1,1,1,1,1,2,2,1,1,2
SF,IF2006,2020-02-19 14:49:34.900,4033.2000,24351,1,8482363620.000,1,1,0,双开,B,4033.0000,4032.6000,4032.0000,4031.2000,4030.2000,4034.0000,4034.2000,4034.4000,4034.8000,4035.2000,1,1,1,1,2,2,2,1,1,1
SF,IF2006,2020-02-19 14:49:35.400,4033.2000,24351,0,8482363620.000,0,-,-,-,-,4033.0000,4032.6000,4032.0000,4031.2000,4030.2000,4033.8000,4034.0000,4034.2000,4034.4000,4034.8000,1,1,1,1,2,2,2,1,1,1
SF,IF2006,2020-02-19 14:49:35.900,4033.2000,24351,0,8482363620.000,0,-,-,-,-,4033.0000,4032.6000,4032.0000,4031.2000,4030.2000,4033.8000,4034.0000,4034.2000,4034.4000,4034.8000,1,1,1,1,2,2,1,1,1,1
SF,IF2006,2020-02-19 14:49:36.400,4033.2000,24351,0,8482363620.000,0,-,-,-,-,4033.0000,4032.6000,4032.0000,4031.2000,4030.2000,4033.6000,4033.8000,4034.0000,4034.2000,4034.8000,1,1,1,1,2,1,2,1,1,1
SF,IF2006,2020-02-19 14:49:36.900,4033.2000,24351,0,8482363620.000,0,-,-,-,-,4033.0000,4032.6000,4032.0000,4031.2000,4030.2000,4033.6000,4033.8000,4034.0000,4034.2000,4035.2000,1,1,1,1,2,1,2,1,1,1
SF,IF2006,2020-02-19 14:49:37.400,4033.2000,24351,0,8482363620.000,0,-,-,-,-,4033.0000,4032.6000,4032.0000,4031.2000,4030.2000,4033.8000,4034.0000,4035.2000,4035.4000,4035.8000,1,1,1,1,2,2,1,1,2,1
SF,IF2006,2020-02-19 14:49:37.900,4033.2000,24351,0,8482363620.000,0,-,-,-,-,4033.0000,4032.6000,4032.0000,4031.2000,4030.2000,4033.8000,4035.2000,4035.4000,4035.8000,4036.0000,1,1,1,1,2,2,1,2,1,1
SF,IF2006,2020-02-19 14:49:38.400,4033.2000,24351,0,8482363620.000,0,-,-,-,-,4033.0000,4032.6000,4032.0000,4031.2000,4030.2000,4035.2000,4035.4000,4035.8000,4036.0000,4036.2000,1,1,1,1,2,1,2,1,1,2
SF,IF2006,2020-02-19 14:49:38.900,4033.2000,24351,0,8482363620.000,0,-,-,-,-,4033.2000,4033.0000,4032.6000,4032.0000,4031.2000,4034.6000,4034.8000,4035.0000,4035.2000,4035.4000,2,1,1,1,1,1,7,9,2,1
SF,IF2006,2020-02-19 14:49:39.400,4033.2000,24351,0,8482363620.000,0,-,-,-,-,4033.2000,4033.0000,4032.6000,4032.0000,4031.2000,4034.4000,4034.6000,4034.8000,4035.0000,4035.2000,2,1,1,1,1,2,1,1,1,1
SF,IF2006,2020-02-19 14:49:39.900,4033.2000,24351,0,8483573580.000,1,0,1,空换,B,4033.4000,4033.2000,4033.0000,4032.6000,4032.0000,4034.4000,4034.8000,4035.0000,4035.2000,4035.4000,1,1,1,1,1,2,1,1,1,1
SF,IF2006,2020-02-19 14:49:40.400,4033.2000,24351,0,8483573580.000,0,-,-,-,-,4033.4000,4033.0000,4032.6000,4032.0000,4031.2000,4034.2000,4034.4000,4034.8000,4035.0000,4035.2000,1,1,1,1,1,1,2,1,1,1
SF,IF2006,2020-02-19 14:49:40.900,4033.2000,24351,0,8483573580.000,0,-,-,-,-,4033.4000,4033.0000,4032.6000,4032.0000,4031.2000,4034.0000,4034.2000,4034.8000,4035.0000,4035.2000,1,1,1,1,1,2,1,1,1,1
SF,IF2006,2020-02-19 14:49:42.400,4033.2000,24351,0,8483573580.000,0,-,-,-,-,4033.4000,4033.0000,4032.6000,4032.0000,4031.2000,4034.0000,4034.2000,4034.8000,4035.0000,4035.2000,1,1,1,1,3,2,1,1,1,1
SF,IF2006,2020-02-19 14:49:43.400,4033.2000,24351,0,8483573580.000,0,-,-,-,-,4033.4000,4033.0000,4032.6000,4032.0000,4031.2000,4034.0000,4034.2000,4035.0000,4035.2000,4035.4000,1,1,1,1,3,2,1,1,1,1
SF,IF2006,2020-02-19 14:49:43.900,4033.2000,24351,0,8483573580.000,0,-,-,-,-,4033.4000,4033.0000,4032.6000,4032.0000,4031.2000,4035.0000,4035.2000,4035.4000,4035.8000,4036.0000,1,1,1,1,3,1,1,1,1,1
SF,IF2006,2020-02-19 14:49:44.400,4033.2000,24351,0,8483573580.000,0,-,-,-,-,4033.6000,4033.4000,4033.0000,4032.6000,4032.0000,4034.8000,4035.0000,4035.2000,4035.4000,4035.8000,2,1,1,1,1,3,1,2,1,1
SF,IF2006,2020-02-19 14:49:44.900,4033.2000,24351,0,8483573580.000,0,-,-,-,-,4033.6000,4033.4000,4033.0000,4032.6000,4032.0000,4034.6000,4034.8000,4035.2000,4035.4000,4035.8000,2,1,1,1,1,1,3,2,1,1
SF,IF2006,2020-02-19 14:49:45.900,4033.2000,24351,0,8483573580.000,0,-,-,-,-,4033.8000,4033.6000,4033.4000,4033.2000,4033.0000,4034.6000,4034.8000,4035.2000,4035.4000,4035.8000,1,2,1,1,1,1,2,1,1,1
SF,IF2006,2020-02-19 14:49:46.400,4033.2000,24351,0,8483573580.000,0,-,-,-,-,4033.8000,4033.6000,4033.4000,4033.2000,4033.0000,4034.4000,4034.6000,4034.8000,4035.2000,4035.4000,1,2,1,1,1,2,1,2,1,1
SF,IF2006,2020-02-19 14:49:46.900,4033.2000,24351,0,8483573580.000,0,-,-,-,-,4033.8000,4033.6000,4033.4000,4033.2000,4033.0000,4034.4000,4034.8000,4035.2000,4035.4000,4035.8000,1,2,1,1,1,2,2,1,1,1
SF,IF2006,2020-02-19 14:49:47.400,4033.2000,24351,0,8483573580.000,0,-,-,-,-,4033.6000,4033.4000,4033.2000,4033.0000,4032.6000,4034.4000,4034.8000,4035.2000,4035.4000,4035.8000,2,1,1,1,1,2,2,1,1,1
SF,IF2006,2020-02-19 14:49:47.900,4033.2000,24351,0,8483573580.000,0,-,-,-,-,4033.4000,4033.2000,4033.0000,4032.6000,4032.2000,4034.4000,4034.8000,4035.2000,4035.4000,4035.8000,1,1,1,1,2,2,2,1,1,1
SF,IF2006,2020-02-19 14:49:48.400,4033.2000,24351,0,8483573580.000,0,-,-,-,-,4033.4000,4033.0000,4032.6000,4032.2000,4032.0000,4034.2000,4034.4000,4035.2000,4035.4000,4035.8000,1,1,1,2,2,4,2,1,1,1
SF,IF2006,2020-02-19 14:49:48.900,4033.2000,24351,0,8483573580.000,0,-,-,-,-,4033.4000,4033.0000,4032.6000,4032.2000,4032.0000,4034.2000,4035.2000,4035.4000,4035.8000,4036.0000,1,1,1,2,2,3,1,1,1,1
SF,IF2006,2020-02-19 14:49:49.400,4033.2000,24351,0,8483573580.000,0,-,-,-,-,4033.6000,4033.4000,4033.0000,4032.6000,4032.2000,4034.2000,4035.2000,4035.4000,4035.8000,4036.0000,1,1,1,1,2,3,1,1,1,1
SF,IF2006,2020-02-19 14:49:50.400,4033.2000,24351,0,8483573580.000,0,-,-,-,-,4033.4000,4033.0000,4032.6000,4032.2000,4032.0000,4034.2000,4035.2000,4035.4000,4035.8000,4036.0000,1,1,1,2,2,3,1,1,1,1
SF,IF2006,2020-02-19 14:49:50.900,4033.2000,24351,0,8483573580.000,0,-,-,-,-,4033.4000,4033.0000,4032.2000,4032.0000,4031.2000,4034.2000,4035.2000,4035.4000,4035.8000,4036.0000,1,1,2,2,3,3,1,1,1,1
SF,IF2006,2020-02-19 14:49:51.400,4033.2000,24351,0,8483573580.000,0,-,-,-,-,4033.4000,4033.0000,4032.2000,4032.0000,4031.2000,4034.2000,4035.2000,4035.4000,4035.8000,4036.0000,1,1,2,2,3,3,1,1,1,1
SF,IF2006,2020-02-19 14:49:51.900,4033.2000,24351,0,8483573580.000,0,-,-,-,-,4033.6000,4033.4000,4033.0000,4032.2000,4032.0000,4034.2000,4035.2000,4035.4000,4035.8000,4036.0000,2,1,1,2,2,1,1,1,1,1
SF,IF2006,2020-02-19 14:49:52.400,4033.2000,24351,0,8483573580.000,0,-,-,-,-,4033.6000,4033.4000,4033.0000,4032.2000,4032.0000,4034.2000,4035.2000,4035.4000,4035.8000,4036.0000,1,1,1,2,2,1,1,1,1,1
SF,IF2006,2020-02-19 14:49:52.900,4033.2000,24351,0,8483573580.000,0,-,-,-,-,4033.6000,4033.4000,4033.0000,4032.2000,4032.0000,4034.2000,4035.2000,4035.4000,4035.8000,4036.0000,1,1,1,2,2,1,1,1,1,1
SF,IF2006,2020-02-19 14:49:54.400,4033.2000,24351,0,8483573580.000,0,-,-,-,-,4033.6000,4033.4000,4033.0000,4032.2000,4032.0000,4034.2000,4035.2000,4035.4000,4035.8000,4036.0000,1,1,1,2,2,1,1,1,1,1
SF,IF2006,2020-02-19 14:49:54.900,4033.2000,24351,0,8483573580.000,0,-,-,-,-,4033.4000,4033.0000,4032.2000,4032.0000,4031.2000,4034.2000,4035.2000,4035.4000,4035.8000,4036.0000,1,1,2,2,3,1,1,1,1,1
SF,IF2006,2020-02-19 14:49:55.400,4033.2000,24351,0,8483573580.000,0,-,-,-,-,4033.4000,4033.0000,4032.2000,4032.0000,4031.2000,4034.0000,4034.2000,4035.2000,4035.4000,4035.8000,1,1,2,2,3,2,1,1,1,1
SF,IF2006,2020-02-19 14:49:55.900,4033.2000,24351,0,8483573580.000,0,-,-,-,-,4033.4000,4033.0000,4032.2000,4032.0000,4031.2000,4034.0000,4034.2000,4035.2000,4035.4000,4035.8000,1,1,2,1,3,2,1,1,1,1
SF,IF2006,2020-02-19 14:49:56.900,4033.2000,24351,0,8483573580.000,0,-,-,-,-,4033.6000,4033.4000,4033.0000,4032.2000,4032.0000,4034.0000,4034.2000,4035.2000,4035.4000,4035.8000,2,1,1,2,1,2,1,1,1,1
SF,IF2006,2020-02-19 14:49:57.400,4033.6000,24352,1,8485993740.000,2,1,1,多开,B,4033.4000,4033.0000,4032.2000,4032.0000,4031.2000,4034.0000,4034.2000,4034.4000,4035.2000,4035.4000,1,1,2,1,3,2,1,1,1,1
SF,IF2006,2020-02-19 14:49:58.900,4033.6000,24352,0,8485993740.000,0,-,-,-,-,4033.4000,4033.0000,4032.2000,4032.0000,4031.2000,4034.0000,4034.2000,4034.4000,4035.2000,4035.4000,1,1,2,1,3,2,1,1,1,1
SF,IF2006,2020-02-19 14:49:59.400,4033.6000,24352,0,8485993740.000,0,-,-,-,-,4033.4000,4033.0000,4032.2000,4032.0000,4031.2000,4034.2000,4034.4000,4035.2000,4035.4000,4035.8000,1,1,2,1,3,1,1,1,1,1
SF,IF2006,2020-02-19 14:50:00.900,4033.6000,24352,0,8485993740.000,0,-,-,-,-,4033.6000,4033.4000,4033.0000,4032.2000,4032.0000,4034.2000,4034.4000,4035.2000,4035.4000,4035.8000,1,1,1,2,1,1,1,1,1,1
SF,IF2006,2020-02-19 14:50:02.400,4034.2000,24353,1,8487204000.000,1,1,0,双开,B,4033.8000,4033.6000,4033.0000,4032.2000,4032.0000,4034.4000,4035.2000,4035.4000,4035.8000,4036.0000,1,1,1,2,1,1,1,1,1,1
SF,IF2006,2020-02-19 14:50:02.900,4034.2000,24353,0,8487204000.000,0,-,-,-,-,4033.8000,4033.6000,4033.0000,4032.2000,4032.0000,4034.4000,4035.2000,4035.4000,4035.8000,4036.0000,2,1,1,2,1,1,1,1,1,1
SF,IF2006,2020-02-19 14:50:03.400,4034.4000,24353,0,8488414320.000,1,0,1,空换,B,4033.8000,4033.6000,4033.0000,4032.2000,4032.0000,4035.2000,4035.4000,4035.8000,4036.0000,4036.4000,2,1,1,2,1,1,1,1,1,1
SF,IF2006,2020-02-19 14:50:03.900,4034.4000,24353,0,8488414320.000,0,-,-,-,-,4034.0000,4033.8000,4033.6000,4033.0000,4032.2000,4035.0000,4035.2000,4035.4000,4035.8000,4036.0000,2,2,1,1,2,2,1,1,1,1
SF,IF2006,2020-02-19 14:50:04.400,4034.4000,24353,0,8488414320.000,0,-,-,-,-,4033.8000,4033.6000,4033.0000,4032.2000,4032.0000,4035.0000,4036.0000,4036.4000,4036.6000,4036.8000,2,1,1,2,1,2,1,1,2,1
SF,IF2006,2020-02-19 14:50:04.900,4034.4000,24353,0,8488414320.000,0,-,-,-,-,4034.0000,4033.8000,4033.6000,4033.0000,4032.2000,4035.0000,4036.0000,4036.4000,4036.6000,4036.8000,1,2,1,1,2,2,1,1,2,1
SF,IF2006,2020-02-19 14:50:05.400,4034.4000,24353,0,8488414320.000,0,-,-,-,-,4034.0000,4033.8000,4033.6000,4033.0000,4032.2000,4034.8000,4035.0000,4036.0000,4036.4000,4036.6000,1,2,1,1,2,2,2,1,1,2
SF,IF2006,2020-02-19 14:50:05.900,4034.4000,24353,0,8488414320.000,0,-,-,-,-,4034.0000,4033.8000,4033.6000,4033.0000,4032.2000,4034.6000,4034.8000,4036.0000,4036.4000,4036.6000,1,2,1,1,2,2,2,1,1,2
SF,IF2006,2020-02-19 14:50:06.400,4034.4000,24353,0,8488414320.000,0,-,-,-,-,4034.0000,4033.8000,4033.6000,4033.0000,4032.2000,4034.6000,4034.8000,4036.0000,4036.4000,4036.6000,1,1,1,1,2,2,2,1,1,2
SF,IF2006,2020-02-19 14:50:06.900,4034.4000,24353,0,8488414320.000,0,-,-,-,-,4034.0000,4033.8000,4033.6000,4033.0000,4032.2000,4034.6000,4034.8000,4035.0000,4036.0000,4036.4000,1,1,1,1,2,2,2,1,1,1
SF,IF2006,2020-02-19 14:50:07.400,4034.4000,24353,0,8488414320.000,0,-,-,-,-,4034.0000,4033.6000,4033.0000,4032.2000,4032.0000,4034.6000,4034.8000,4035.0000,4036.0000,4036.4000,1,1,1,2,1,2,2,1,1,1
SF,IF2006,2020-02-19 14:50:08.900,4034.0000,24354,1,8489624520.000,1,1,0,双开,B,4033.6000,4033.0000,4032.2000,4032.0000,4031.2000,4034.6000,4034.8000,4035.0000,4036.0000,4036.4000,1,1,2,1,3,2,2,1,1,1
SF,IF2006,2020-02-19 14:50:09.400,4034.0000,24354,0,8489624520.000,0,-,-,-,-,4033.8000,4033.6000,4033.0000,4032.2000,4032.0000,4034.6000,4034.8000,4035.0000,4036.0000,4036.4000,2,2,1,2,1,2,1,1,1,1
SF,IF2006,2020-02-19 14:50:09.900,4034.0000,24354,0,8489624520.000,0,-,-,-,-,4033.8000,4033.6000,4033.0000,4032.2000,4032.0000,4034.8000,4035.0000,4036.0000,4036.2000,4036.4000,2,2,1,2,1,1,1,1,1,1
SF,IF2006,2020-02-19 14:50:10.400,4034.0000,24354,0,8489624520.000,0,-,-,-,-,4034.0000,4033.8000,4033.6000,4033.0000,4032.2000,4034.8000,4035.0000,4036.0000,4036.2000,4036.4000,2,2,1,1,2,1,1,1,1,1
SF,IF2006,2020-02-19 14:50:10.900,4034.0000,24354,0,8489624520.000,0,-,-,-,-,4034.0000,4033.8000,4033.6000,4033.0000,4032.2000,4034.8000,4035.0000,4036.0000,4036.2000,4036.4000,3,2,1,1,2,1,1,1,1,1
SF,IF2006,2020-02-19 14:50:11.400,4034.0000,24354,0,8489624520.000,0,-,-,-,-,4034.2000,4034.0000,4033.8000,4033.6000,4033.0000,4034.8000,4035.0000,4036.0000,4036.2000,4036.4000,1,2,2,1,1,1,1,1,1,1
SF,IF2006,2020-02-19 14:50:12.400,4034.8000,24355,1,8490834960.000,1,1,0,双开,B,4034.2000,4034.0000,4033.8000,4033.6000,4033.0000,4035.0000,4036.0000,4036.2000,4036.4000,4036.6000,2,2,2,1,1,1,1,1,1,2
SF,IF2006,2020-02-19 14:50:12.900,4034.8000,24355,0,8490834960.000,0,-,-,-,-,4034.2000,4034.0000,4033.8000,4033.6000,4033.0000,4035.0000,4036.0000,4036.2000,4036.4000,4036.6000,2,1,2,1,1,1,1,1,1,2
SF,IF2006,2020-02-19 14:50:13.400,4034.8000,24355,0,8490834960.000,0,-,-,-,-,4034.2000,4034.0000,4033.8000,4033.6000,4033.0000,4034.8000,4035.0000,4036.0000,4036.2000,4036.4000,2,1,2,1,1,2,1,1,1,1
SF,IF2006,2020-02-19 14:50:13.900,4034.8000,24355,0,8490834960.000,0,-,-,-,-,4034.2000,4033.8000,4033.6000,4033.0000,4032.2000,4034.8000,4035.0000,4036.0000,4036.2000,4036.4000,2,2,1,1,2,2,1,1,1,1
SF,IF2006,2020-02-19 14:50:14.400,4034.8000,24355,0,8490834960.000,0,-,-,-,-,4034.2000,4033.8000,4033.6000,4033.0000,4032.2000,4034.8000,4035.0000,4036.0000,4036.2000,4036.4000,2,2,1,1,2,2,1,1,1,1
SF,IF2006,2020-02-19 14:50:16.400,4034.8000,24355,0,8490834960.000,0,-,-,-,-,4034.2000,4033.8000,4033.6000,4033.0000,4032.2000,4034.8000,4035.0000,4036.2000,4036.6000,4036.8000,2,2,1,1,2,2,1,1,2,1
SF,IF2006,2020-02-19 14:50:17.900,4034.8000,24355,0,8490834960.000,0,-,-,-,-,4034.2000,4033.8000,4033.6000,4033.0000,4032.2000,4034.8000,4035.0000,4036.2000,4036.6000,4036.8000,2,2,1,1,2,2,1,1,2,1
SF,IF2006,2020-02-19 14:50:18.400,4034.2000,24356,1,8492045220.000,1,1,0,双开,B,4034.2000,4033.8000,4033.6000,4033.0000,4032.2000,4034.8000,4035.0000,4036.2000,4036.6000,4036.8000,1,2,1,1,2,2,1,1,2,1
SF,IF2006,2020-02-19 14:50:19.900,4034.2000,24356,0,8492045220.000,0,-,-,-,-,4034.4000,4034.2000,4033.8000,4033.6000,4033.0000,4034.8000,4035.0000,4036.2000,4036.6000,4036.8000,1,1,2,1,1,2,1,1,2,1
SF,IF2006,2020-02-19 14:50:20.400,4034.2000,24356,0,8492045220.000,0,-,-,-,-,4034.4000,4034.2000,4033.8000,4033.6000,4033.0000,4035.0000,4036.2000,4036.6000,4036.8000,4037.6000,1,1,2,1,1,1,1,2,1,1
SF,IF2006,2020-02-19 14:50:21.900,4034.2000,24356,0,8492045220.000,0,-,-,-,-,4034.4000,4034.2000,4033.8000,4033.6000,4033.0000,4035.0000,4035.8000,4036.2000,4036.6000,4036.8000,1,1,2,1,1,1,1,1,2,1
SF,IF2006,2020-02-19 14:50:22.400,4034.2000,24356,0,8492045220.000,0,-,-,-,-,4034.2000,4033.8000,4033.6000,4033.0000,4032.2000,4035.0000,4035.8000,4036.2000,4036.6000,4036.8000,1,2,1,1,2,1,1,1,2,1
SF,IF2006,2020-02-19 14:50:24.400,4035.0000,24356,0,8493255720.000,1,0,1,空换,B,4034.2000,4033.8000,4033.6000,4033.0000,4032.2000,4034.8000,4035.8000,4036.2000,4036.6000,4036.8000,1,2,1,1,2,1,1,1,2,1
SF,IF2006,2020-02-19 14:50:24.900,4034.8000,24357,1,8494466160.000,1,1,0,双开,B,4034.4000,4034.2000,4033.6000,4033.0000,4032.2000,4035.8000,4036.2000,4036.6000,4036.8000,4037.6000,2,1,1,1,2,1,1,2,1,1
SF,IF2006,2020-02-19 14:50:25.400,4034.8000,24357,0,8494466160.000,0,-,-,-,-,4034.4000,4034.2000,4033.6000,4033.0000,4032.2000,4035.6000,4035.8000,4036.2000,4036.6000,4037.6000,2,1,1,1,2,2,2,1,2,1
SF,IF2006,2020-02-19 14:50:26.400,4034.8000,24357,0,8494466160.000,0,-,-,-,-,4034.4000,4034.2000,4033.6000,4033.0000,4032.2000,4035.4000,4035.6000,4035.8000,4036.2000,4036.6000,2,1,1,1,2,1,2,1,1,2
SF,IF2006,2020-02-19 14:50:26.900,4034.8000,24357,0,8494466160.000,0,-,-,-,-,4034.6000,4034.4000,4033.6000,4033.0000,4032.2000,4035.2000,4035.4000,4035.8000,4036.2000,4036.6000,1,2,1,1,2,2,1,1,1,2
SF,IF2006,2020-02-19 14:50:28.400,4034.8000,24357,0,8494466160.000,0,-,-,-,-,4034.6000,4034.4000,4033.6000,4033.0000,4032.2000,4035.2000,4035.4000,4035.8000,4036.2000,4037.6000,1,2,1,1,2,2,1,1,1,1
SF,IF2006,2020-02-19 14:50:28.900,4034.8000,24357,0,8494466160.000,0,-,-,-,-,4034.6000,4034.4000,4033.6000,4033.0000,4032.2000,4035.4000,4035.8000,4036.2000,4037.6000,4038.6000,1,2,1,1,2,1,1,1,1,1
SF,IF2006,2020-02-19 14:50:29.400,4034.8000,24357,0,8494466160.000,0,-,-,-,-,4034.6000,4033.6000,4033.0000,4032.2000,4032.0000,4035.2000,4035.4000,4035.8000,4036.2000,4037.6000,1,1,1,2,1,2,1,1,1,1
SF,IF2006,2020-02-19 14:50:29.900,4034.8000,24357,0,8494466160.000,0,-,-,-,-,4034.6000,4033.6000,4033.0000,4032.2000,4032.0000,4035.2000,4035.4000,4036.2000,4037.6000,4038.6000,1,1,1,2,1,2,1,1,1,1
SF,IF2006,2020-02-19 14:50:31.400,4034.8000,24357,0,8494466160.000,0,-,-,-,-,4034.6000,4033.6000,4033.0000,4032.2000,4032.0000,4035.2000,4035.4000,4036.2000,4037.6000,4038.6000,2,1,1,2,1,2,1,1,1,1
SF,IF2006,2020-02-19 14:50:32.400,4034.8000,24357,0,8494466160.000,0,-,-,-,-,4034.6000,4033.6000,4033.0000,4032.2000,4032.0000,4035.2000,4036.2000,4037.6000,4038.6000,4039.0000,1,1,1,2,1,2,1,1,1,1
SF,IF2006,2020-02-19 14:50:32.900,4034.6000,24358,1,8495676540.000,1,1,0,双开,B,4033.6000,4033.0000,4032.2000,4032.0000,4031.6000,4035.2000,4036.2000,4037.6000,4038.6000,4039.0000,1,1,2,1,1,2,1,1,1,1
SF,IF2006,2020-02-19 14:50:33.400,4034.6000,24358,0,8495676540.000,0,-,-,-,-,4034.8000,4033.8000,4033.6000,4033.0000,4032.2000,4035.2000,4036.2000,4037.6000,4038.6000,4039.0000,1,3,1,1,2,2,1,1,1,1
SF,IF2006,2020-02-19 14:50:35.400,4034.6000,24358,0,8495676540.000,0,-,-,-,-,4034.8000,4033.8000,4033.6000,4033.0000,4032.2000,4035.2000,4035.6000,4036.2000,4037.6000,4038.6000,1,3,1,1,2,2,1,1,1,1
SF,IF2006,2020-02-19 14:50:35.900,4034.6000,24358,0,8495676540.000,0,-,-,-,-,4034.8000,4033.8000,4033.6000,4033.0000,4032.2000,4035.6000,4036.2000,4037.6000,4038.6000,4039.0000,1,3,1,1,2,1,1,1,1,1
SF,IF2006,2020-02-19 14:50:36.900,4034.6000,24358,0,8495676540.000,0,-,-,-,-,4034.8000,4033.8000,4033.6000,4033.0000,4032.2000,4035.4000,4035.6000,4036.2000,4037.6000,4038.6000,1,3,1,1,2,1,1,1,1,1
SF,IF2006,2020-02-19 14:50:37.900,4034.6000,24358,0,8495676540.000,0,-,-,-,-,4034.8000,4033.8000,4033.6000,4033.0000,4032.2000,4035.4000,4035.6000,4036.2000,4037.6000,4038.6000,1,3,1,1,2,1,1,1,1,1
SF,IF2006,2020-02-19 14:50:38.900,4034.6000,24358,0,8495676540.000,0,-,-,-,-,4034.8000,4033.8000,4033.6000,4033.0000,4032.8000,4035.4000,4035.6000,4036.2000,4037.6000,4038.6000,1,3,1,1,2,1,1,1,1,1
SF,IF2006,2020-02-19 14:50:40.400,4034.6000,24358,0,8495676540.000,0,-,-,-,-,4034.8000,4033.8000,4033.6000,4033.0000,4032.8000,4035.6000,4036.2000,4037.6000,4038.6000,4039.0000,1,3,1,1,2,1,1,1,1,1
SF,IF2006,2020-02-19 14:50:41.400,4034.6000,24358,0,8495676540.000,0,-,-,-,-,4034.8000,4033.8000,4033.6000,4033.0000,4032.8000,4035.4000,4035.6000,4036.2000,4037.6000,4038.6000,1,3,1,1,2,1,1,1,1,1
SF,IF2006,2020-02-19 14:50:42.900,4034.6000,24358,0,8495676540.000,0,-,-,-,-,4034.8000,4033.8000,4033.6000,4033.0000,4032.8000,4035.6000,4036.2000,4037.6000,4038.6000,4039.0000,1,3,1,1,2,1,1,1,1,1
SF,IF2006,2020-02-19 14:50:43.400,4034.6000,24358,0,8495676540.000,0,-,-,-,-,4035.0000,4034.8000,4033.8000,4033.6000,4033.0000,4035.6000,4036.2000,4037.6000,4038.6000,4039.0000,3,1,1,1,1,1,1,1,1,1
SF,IF2006,2020-02-19 14:50:43.900,4034.6000,24358,0,8495676540.000,0,-,-,-,-,4035.0000,4034.8000,4033.8000,4033.6000,4033.0000,4035.6000,4036.2000,4037.6000,4038.6000,4039.0000,1,1,1,1,1,1,1,1,1,1
SF,IF2006,2020-02-19 14:50:45.400,4035.6000,24359,1,8496887220.000,1,1,0,双开,B,4035.0000,4034.8000,4033.8000,4033.6000,4033.0000,4036.2000,4037.6000,4038.6000,4039.0000,4040.0000,1,1,1,1,1,1,1,1,1,1
SF,IF2006,2020-02-19 14:50:45.900,4035.6000,24359,0,8496887220.000,0,-,-,-,-,4035.2000,4035.0000,4034.8000,4033.8000,4033.6000,4036.0000,4036.2000,4037.6000,4038.6000,4039.0000,2,1,1,1,1,2,1,1,1,1
SF,IF2006,2020-02-19 14:50:47.400,4035.6000,24359,0,8496887220.000,0,-,-,-,-,4035.2000,4035.0000,4034.8000,4033.8000,4033.6000,4035.8000,4036.0000,4036.2000,4037.6000,4038.6000,2,1,1,1,1,1,2,1,1,1
SF,IF2006,2020-02-19 14:50:47.900,4035.6000,24359,0,8496887220.000,0,-,-,-,-,4035.4000,4035.2000,4034.8000,4033.8000,4033.6000,4035.8000,4036.0000,4036.2000,4037.6000,4038.6000,1,2,1,1,1,1,2,1,1,1
SF,IF2006,2020-02-19 14:50:48.900,4035.4000,24359,0,8498097840.000,1,0,1,空换,B,4035.2000,4034.8000,4033.8000,4033.6000,4033.0000,4035.8000,4036.0000,4036.2000,4037.6000,4038.6000,2,1,1,1,1,1,2,1,1,1
SF,IF2006,2020-02-19 14:50:49.400,4035.4000,24359,0,8498097840.000,0,-,-,-,-,4034.8000,4033.8000,4033.6000,4033.0000,4032.8000,4035.8000,4036.0000,4036.2000,4037.6000,4038.6000,1,1,1,1,2,1,2,1,1,1
SF,IF2006,2020-02-19 14:50:49.900,4035.4000,24359,0,8498097840.000,0,-,-,-,-,4034.8000,4033.8000,4033.6000,4033.0000,4032.8000,4035.6000,4035.8000,4036.2000,4037.6000,4038.6000,1,1,1,1,2,2,1,1,1,1
SF,IF2006,2020-02-19 14:50:50.400,4035.4000,24359,0,8498097840.000,0,-,-,-,-,4034.8000,4033.8000,4033.6000,4033.0000,4032.8000,4035.6000,4035.8000,4036.2000,4037.6000,4038.6000,1,1,1,1,2,2,1,1,1,1
SF,IF2006,2020-02-19 14:50:50.900,4035.4000,24359,0,8498097840.000,0,-,-,-,-,4035.0000,4034.8000,4033.6000,4033.0000,4032.8000,4035.8000,4036.2000,4037.6000,4038.6000,4039.0000,2,1,1,1,2,1,1,1,1,1
SF,IF2006,2020-02-19 14:50:51.400,4035.8000,24360,1,8499308580.000,1,1,0,双开,B,4035.0000,4034.8000,4033.6000,4033.0000,4032.8000,4036.2000,4037.6000,4038.6000,4039.0000,4040.0000,2,1,1,1,2,1,1,1,1,1
SF,IF2006,2020-02-19 14:50:51.900,4035.8000,24360,0,8499308580.000,0,-,-,-,-,4035.2000,4035.0000,4034.8000,4033.6000,4033.0000,4036.0000,4036.2000,4037.6000,4038.6000,4039.0000,1,2,1,1,1,2,1,1,1,1
SF,IF2006,2020-02-19 14:50:53.900,4035.2000,24360,0,8500519140.000,1,0,1,空换,B,4035.0000,4034.8000,4033.6000,4033.0000,4032.8000,4036.0000,4036.2000,4037.0000,4037.6000,4038.6000,2,1,1,1,2,2,1,2,1,1
SF,IF2006,2020-02-19 14:50:54.900,4035.2000,24360,0,8500519140.000,0,-,-,-,-,4035.0000,4034.8000,4033.6000,4033.0000,4032.8000,4035.8000,4036.0000,4036.2000,4037.0000,4037.6000,2,1,1,1,2,1,2,1,2,1
SF,IF2006,2020-02-19 14:50:55.400,4035.2000,24360,0,8500519140.000,0,-,-,-,-,4035.0000,4034.8000,4033.6000,4032.8000,4032.2000,4035.8000,4036.0000,4036.2000,4037.0000,4037.6000,2,1,1,2,2,1,2,1,2,1
SF,IF2006,2020-02-19 14:50:56.900,4035.2000,24360,0,8500519140.000,0,-,-,-,-,4035.0000,4034.8000,4033.6000,4032.8000,4032.2000,4035.8000,4036.0000,4036.2000,4037.0000,4037.6000,2,1,1,2,2,1,2,1,2,1
SF,IF2006,2020-02-19 14:50:57.400,4035.2000,24360,0,8500519140.000,0,-,-,-,-,4034.8000,4033.6000,4032.8000,4032.2000,4032.0000,4035.8000,4036.0000,4036.2000,4037.0000,4037.6000,1,1,2,2,1,1,2,1,2,1
SF,IF2006,2020-02-19 14:50:57.900,4035.2000,24360,0,8500519140.000,0,-,-,-,-,4034.8000,4033.6000,4032.8000,4032.2000,4032.0000,4035.6000,4035.8000,4036.2000,4037.0000,4037.6000,1,1,2,2,1,2,1,1,2,1
SF,IF2006,2020-02-19 14:51:01.400,4035.2000,24360,0,8500519140.000,0,-,-,-,-,4034.8000,4033.6000,4032.8000,4032.2000,4032.0000,4035.6000,4035.8000,4036.2000,4037.0000,4037.6000,1,1,2,2,1,2,1,1,2,1
SF,IF2006,2020-02-19 14:51:01.900,4034.8000,24361,1,8501729580.000,1,1,0,双开,B,4033.6000,4032.8000,4032.2000,4032.0000,4031.6000,4035.6000,4035.8000,4036.2000,4037.0000,4037.6000,1,2,2,1,1,2,1,1,2,1
SF,IF2006,2020-02-19 14:51:02.400,4034.8000,24361,0,8501729580.000,0,-,-,-,-,4033.8000,4033.6000,4032.8000,4032.2000,4032.0000,4035.4000,4035.6000,4035.8000,4036.2000,4037.0000,3,1,2,2,1,1,2,1,1,2
SF,IF2006,2020-02-19 14:51:02.900,4034.8000,24361,0,8501729580.000,0,-,-,-,-,4033.8000,4033.6000,4032.8000,4032.2000,4032.0000,4035.2000,4035.4000,4035.8000,4036.2000,4037.0000,3,1,2,2,1,2,2,1,1,2
SF,IF2006,2020-02-19 14:51:04.900,4034.8000,24361,0,8501729580.000,0,-,-,-,-,4033.8000,4033.6000,4032.8000,4032.2000,4032.0000,4034.8000,4035.0000,4035.2000,4035.4000,4035.8000,3,1,2,2,1,1,1,2,2,1
SF,IF2006,2020-02-19 14:51:05.400,4034.8000,24362,1,8502940020.000,1,1,0,双开,B,4033.8000,4033.6000,4032.8000,4032.2000,4032.0000,4035.0000,4035.2000,4035.4000,4035.8000,4036.2000,3,1,2,2,1,1,2,2,1,1
SF,IF2006,2020-02-19 14:51:05.900,4034.8000,24362,0,8502940020.000,0,-,-,-,-,4034.2000,4033.8000,4033.6000,4032.8000,4032.2000,4035.0000,4035.4000,4036.2000,4037.0000,4037.6000,1,3,1,2,2,1,1,1,2,1
SF,IF2006,2020-02-19 14:51:06.400,4034.8000,24362,0,8502940020.000,0,-,-,-,-,4034.4000,4034.2000,4034.0000,4033.8000,4033.6000,4036.2000,4037.0000,4037.6000,4038.6000,4039.0000,2,1,1,1,1,1,2,1,1,1
SF,IF2006,2020-02-19 14:51:06.900,4034.8000,24362,0,8502940020.000,0,-,-,-,-,4034.4000,4034.2000,4034.0000,4033.8000,4033.6000,4036.0000,4036.2000,4037.0000,4037.6000,4038.6000,2,1,1,1,1,2,1,2,1,1
SF,IF2006,2020-02-19 14:51:07.900,4034.8000,24362,0,8502940020.000,0,-,-,-,-,4034.4000,4034.2000,4033.8000,4033.6000,4032.8000,4036.0000,4036.2000,4037.0000,4037.6000,4038.6000,2,1,1,1,2,2,1,2,1,1
SF,IF2006,2020-02-19 14:51:08.400,4034.8000,24362,0,8502940020.000,0,-,-,-,-,4034.6000,4034.4000,4034.2000,4033.8000,4033.6000,4035.8000,4036.0000,4036.2000,4037.0000,4037.6000,1,2,1,1,1,1,2,1,2,1
SF,IF2006,2020-02-19 14:51:08.900,4034.8000,24362,0,8502940020.000,0,-,-,-,-,4034.4000,4034.2000,4033.8000,4033.6000,4032.8000,4035.6000,4035.8000,4036.2000,4037.0000,4037.6000,2,1,1,1,2,2,1,1,2,1
SF,IF2006,2020-02-19 14:51:09.400,4034.8000,24362,0,8502940020.000,0,-,-,-,-,4034.4000,4034.2000,4033.8000,4033.6000,4032.8000,4035.6000,4035.8000,4036.2000,4037.0000,4037.6000,2,1,1,1,2,4,1,1,2,1
SF,IF2006,2020-02-19 14:51:09.900,4034.8000,24362,0,8502940020.000,0,-,-,-,-,4034.6000,4034.4000,4033.8000,4033.6000,4032.8000,4035.6000,4035.8000,4036.2000,4037.0000,4037.6000,1,2,1,1,2,4,1,1,2,1
SF,IF2006,2020-02-19 14:51:10.400,4034.8000,24362,0,8502940020.000,0,-,-,-,-,4034.4000,4033.8000,4033.6000,4032.8000,4032.2000,4035.6000,4035.8000,4036.2000,4037.0000,4037.6000,2,1,1,2,2,4,1,1,2,1
SF,IF2006,2020-02-19 14:51:11.400,4034.8000,24362,0,8502940020.000,0,-,-,-,-,4034.6000,4034.4000,4033.8000,4033.6000,4032.8000,4035.6000,4036.2000,4037.0000,4037.6000,4038.6000,1,2,1,1,2,4,1,2,1,1
SF,IF2006,2020-02-19 14:51:11.900,4034.8000,24362,0,8502940020.000,0,-,-,-,-,4034.6000,4034.4000,4033.8000,4033.6000,4032.8000,4035.4000,4035.6000,4036.2000,4037.0000,4037.6000,1,2,1,1,2,1,4,1,2,1
SF,IF2006,2020-02-19 14:51:12.400,4034.8000,24362,0,8502940020.000,0,-,-,-,-,4034.8000,4034.6000,4033.8000,4033.6000,4032.8000,4035.4000,4035.6000,4036.2000,4037.0000,4037.6000,2,1,1,1,2,1,1,1,2,1
SF,IF2006,2020-02-19 14:51:12.900,4035.4000,24362,0,8504150640.000,1,0,1,空换,B,4035.0000,4034.8000,4034.6000,4033.8000,4033.6000,4036.2000,4037.0000,4037.6000,4038.6000,4039.0000,1,2,1,1,1,1,2,1,1,1
SF,IF2006,2020-02-19 14:51:13.400,4035.4000,24362,0,8504150640.000,0,-,-,-,-,4035.2000,4034.6000,4033.8000,4033.6000,4032.8000,4036.0000,4036.2000,4037.0000,4037.6000,4038.6000,2,1,1,1,2,2,1,2,1,1
SF,IF2006,2020-02-19 14:51:13.900,4035.4000,24362,0,8504150640.000,0,-,-,-,-,4035.2000,4033.8000,4033.6000,4032.8000,4032.2000,4036.0000,4036.2000,4037.0000,4037.6000,4038.6000,1,1,1,2,2,2,1,2,1,1
SF,IF2006,2020-02-19 14:51:20.900,4035.2000,24362,0,8505361200.000,1,0,1,空换,B,4033.8000,4033.6000,4032.8000,4032.2000,4032.0000,4036.0000,4036.2000,4037.0000,4037.6000,4038.6000,1,1,2,2,1,2,1,2,1,1
SF,IF2006,2020-02-19 14:51:21.400,4035.2000,24362,0,8505361200.000,0,-,-,-,-,4034.0000,4033.8000,4033.6000,4032.8000,4032.2000,4035.8000,4036.0000,4036.2000,4037.0000,4037.6000,3,2,1,2,2,1,2,1,2,1
SF,IF2006,2020-02-19 14:51:21.900,4035.2000,24362,0,8505361200.000,0,-,-,-,-,4034.4000,4034.2000,4034.0000,4033.8000,4033.6000,4035.6000,4035.8000,4036.2000,4037.0000,4037.6000,2,1,3,2,1,2,2,1,2,1
SF,IF2006,2020-02-19 14:51:22.400,4035.2000,24362,0,8505361200.000,0,-,-,-,-,4034.6000,4034.4000,4034.2000,4034.0000,4033.8000,4035.6000,4035.8000,4036.2000,4036.8000,4037.0000,3,2,1,1,2,2,1,1,1,2
SF,IF2006,2020-02-19 14:51:22.900,4035.2000,24362,0,8505361200.000,0,-,-,-,-,4034.6000,4034.4000,4034.2000,4034.0000,4033.8000,4035.6000,4035.8000,4036.2000,4036.8000,4037.0000,3,2,1,1,1,2,1,1,1,2
SF,IF2006,2020-02-19 14:51:23.400,4035.2000,24362,0,8505361200.000,0,-,-,-,-,4034.8000,4034.6000,4034.4000,4034.2000,4034.0000,4035.6000,4035.8000,4036.2000,4036.8000,4037.0000,2,3,2,1,1,2,1,1,1,2
SF,IF2006,2020-02-19 14:51:23.900,4035.2000,24362,0,8505361200.000,0,-,-,-,-,4034.8000,4034.6000,4034.4000,4034.0000,4033.8000,4035.6000,4035.8000,4036.2000,4036.8000,4037.0000,3,3,2,1,1,2,1,1,1,2
SF,IF2006,2020-02-19 14:51:24.400,4035.2000,24362,0,8505361200.000,0,-,-,-,-,4035.0000,4034.8000,4034.6000,4034.4000,4034.0000,4035.6000,4035.8000,4036.2000,4036.8000,4037.0000,1,3,3,2,2,2,1,1,1,2
SF,IF2006,2020-02-19 14:51:25.400,4035.2000,24362,0,8505361200.000,0,-,-,-,-,4035.0000,4034.8000,4034.6000,4034.4000,4034.0000,4035.6000,4035.8000,4036.2000,4036.8000,4037.0000,1,2,3,2,2,2,1,1,1,2
SF,IF2006,2020-02-19 14:51:25.900,4035.2000,24362,0,8505361200.000,0,-,-,-,-,4035.0000,4034.8000,4034.6000,4034.4000,4034.0000,4036.2000,4036.8000,4037.0000,4037.6000,4038.6000,1,2,3,2,2,1,1,2,1,1
SF,IF2006,2020-02-19 14:51:26.400,4035.2000,24362,0,8505361200.000,0,-,-,-,-,4035.2000,4035.0000,4034.8000,4034.6000,4034.4000,4036.0000,4036.2000,4036.8000,4037.0000,4037.6000,2,1,2,1,2,2,1,1,2,1
SF,IF2006,2020-02-19 14:51:26.900,4035.2000,24362,0,8505361200.000,0,-,-,-,-,4035.2000,4035.0000,4034.8000,4034.6000,4034.4000,4036.0000,4036.2000,4036.8000,4037.0000,4037.6000,2,1,2,1,2,3,1,1,2,1
SF,IF2006,2020-02-19 14:51:27.400,4035.2000,24362,0,8505361200.000,0,-,-,-,-,4035.0000,4034.8000,4034.0000,4033.8000,4033.6000,4036.0000,4036.2000,4036.8000,4037.0000,4037.6000,1,2,2,1,1,3,1,1,2,1
SF,IF2006,2020-02-19 14:51:27.900,4035.2000,24362,0,8505361200.000,0,-,-,-,-,4034.8000,4034.0000,4033.8000,4033.6000,4032.8000,4036.0000,4036.2000,4036.8000,4037.0000,4037.6000,2,2,1,1,2,3,1,1,2,1
SF,IF2006,2020-02-19 14:51:28.400,4035.2000,24362,0,8505361200.000,0,-,-,-,-,4035.0000,4034.8000,4034.0000,4033.8000,4033.6000,4036.0000,4036.2000,4036.8000,4037.0000,4037.6000,2,2,2,1,1,3,1,1,2,1
SF,IF2006,2020-02-19 14:51:28.900,4035.2000,24362,0,8505361200.000,0,-,-,-,-,4035.0000,4034.8000,4034.0000,4033.8000,4033.6000,4036.0000,4036.2000,4036.8000,4037.0000,4037.6000,2,2,2,1,1,2,1,1,2,1
SF,IF2006,2020-02-19 14:51:29.900,4035.0000,24363,1,8506571700.000,1,1,0,双开,B,4035.0000,4034.8000,4034.0000,4033.8000,4033.6000,4036.0000,4036.2000,4036.8000,4037.0000,4037.6000,1,2,2,1,1,2,1,1,2,1
SF,IF2006,2020-02-19 14:51:30.400,4035.0000,24363,0,8506571700.000,0,-,-,-,-,4034.8000,4034.0000,4033.8000,4033.6000,4032.8000,4036.0000,4036.2000,4036.8000,4037.0000,4037.6000,2,2,1,1,2,2,1,1,2,1
SF,IF2006,2020-02-19 14:51:36.900,4035.0000,24363,0,8506571700.000,0,-,-,-,-,4035.2000,4034.8000,4034.0000,4033.8000,4033.6000,4036.0000,4036.2000,4036.8000,4037.0000,4037.6000,1,2,2,1,1,2,1,1,2,1
SF,IF2006,2020-02-19 14:51:37.400,4035.0000,24363,0,8506571700.000,0,-,-,-,-,4035.2000,4035.0000,4034.8000,4034.0000,4033.8000,4036.0000,4036.2000,4036.8000,4037.0000,4037.6000,1,1,2,2,1,2,1,1,3,1
SF,IF2006,2020-02-19 14:51:38.900,4035.0000,24363,0,8506571700.000,0,-,-,-,-,4035.4000,4035.2000,4034.8000,4034.0000,4033.8000,4036.0000,4036.2000,4036.8000,4037.0000,4037.6000,1,1,2,2,1,2,1,1,3,1
SF,IF2006,2020-02-19 14:51:39.900,4035.2000,24364,1,8507782260.000,1,1,0,双开,B,4035.2000,4034.8000,4034.0000,4033.8000,4033.6000,4036.0000,4036.2000,4036.8000,4037.0000,4037.6000,1,2,2,1,1,2,1,1,3,1
SF,IF2006,2020-02-19 14:51:40.400,4035.2000,24364,0,8507782260.000,0,-,-,-,-,4035.2000,4034.8000,4034.0000,4033.8000,4033.6000,4036.0000,4036.2000,4036.8000,4037.0000,4037.6000,1,2,2,1,1,2,1,1,3,1
SF,IF2006,2020-02-19 14:51:40.900,4035.2000,24364,0,8507782260.000,0,-,-,-,-,4035.4000,4035.2000,4034.8000,4034.0000,4033.8000,4035.8000,4036.0000,4036.2000,4036.8000,4037.0000,1,1,1,2,1,1,2,1,1,3
SF,IF2006,2020-02-19 14:51:41.400,4035.2000,24364,0,8507782260.000,0,-,-,-,-,4035.2000,4034.8000,4034.0000,4033.8000,4033.6000,4035.8000,4036.0000,4036.2000,4036.8000,4037.0000,1,1,2,1,1,1,2,1,1,3
SF,IF2006,2020-02-19 14:51:41.900,4035.8000,24364,0,8508993000.000,1,0,1,空换,B,4035.8000,4035.2000,4034.8000,4034.0000,4033.8000,4036.0000,4036.2000,4036.8000,4037.0000,4037.6000,1,1,1,2,1,2,1,1,3,1
SF,IF2006,2020-02-19 14:51:42.400,4036.0000,24366,2,8511414600.000,2,2,0,双开,B,4035.8000,4035.4000,4035.2000,4034.8000,4034.0000,4036.2000,4036.8000,4037.0000,4037.6000,4038.6000,1,1,1,1,2,1,1,3,1,1
SF,IF2006,2020-02-19 14:51:42.900,4036.2000,24366,0,8512625460.000,1,0,1,空换,B,4035.8000,4035.4000,4035.2000,4034.8000,4034.0000,4036.8000,4037.0000,4037.6000,4038.6000,4039.0000,1,1,1,1,2,1,3,1,1,2
SF,IF2006,2020-02-19 14:51:43.400,4036.2000,24366,0,8512625460.000,0,-,-,-,-,4036.0000,4035.8000,4035.4000,4035.2000,4034.8000,4036.8000,4037.0000,4037.6000,4038.6000,4039.0000,2,1,1,1,1,1,3,1,1,2
SF,IF2006,2020-02-19 14:51:43.900,4036.2000,24366,0,8512625460.000,0,-,-,-,-,4035.8000,4035.4000,4035.2000,4034.8000,4034.0000,4036.6000,4036.8000,4037.0000,4037.6000,4038.6000,1,1,1,1,2,2,1,3,1,1
SF,IF2006,2020-02-19 14:51:44.400,4036.2000,24366,0,8512625460.000,0,-,-,-,-,4036.0000,4035.8000,4035.4000,4035.2000,4034.8000,4036.8000,4037.0000,4037.6000,4038.6000,4039.0000,2,1,1,1,1,1,3,1,1,2
SF,IF2006,2020-02-19 14:51:44.900,4036.2000,24366,0,8512625460.000,0,-,-,-,-,4036.0000,4035.8000,4035.4000,4035.2000,4034.8000,4036.8000,4037.0000,4037.6000,4038.6000,4039.0000,2,1,1,1,1,1,3,1,1,2
SF,IF2006,2020-02-19 14:51:45.900,4036.8000,24367,1,8513836500.000,1,1,0,双开,B,4036.8000,4036.0000,4035.8000,4035.4000,4035.2000,4037.0000,4037.6000,4038.6000,4039.0000,4040.0000,1,2,1,1,1,3,1,1,2,1
SF,IF2006,2020-02-19 14:51:46.400,4036.8000,24367,0,8513836500.000,0,-,-,-,-,4036.8000,4036.0000,4035.8000,4035.4000,4034.8000,4037.0000,4037.6000,4038.6000,4039.0000,4040.0000,1,2,1,1,1,3,1,1,2,1
SF,IF2006,2020-02-19 14:51:46.900,4036.8000,24368,1,8515047540.000,1,1,0,双开,B,4036.0000,4035.4000,4034.8000,4034.0000,4033.8000,4036.8000,4037.0000,4037.6000,4038.6000,4039.0000,2,1,1,2,1,1,3,1,1,2
SF,IF2006,2020-02-19 14:51:47.900,4036.8000,24368,0,8515047540.000,0,-,-,-,-,4036.0000,4035.4000,4035.2000,4034.8000,4034.0000,4037.0000,4037.6000,4038.6000,4039.0000,4040.0000,2,1,1,1,2,3,1,1,2,1
SF,IF2006,2020-02-19 14:51:48.900,4036.8000,24368,0,8515047540.000,0,-,-,-,-,4036.2000,4036.0000,4035.2000,4034.8000,4034.0000,4037.0000,4037.6000,4038.6000,4039.0000,4040.0000,1,2,1,1,2,3,1,1,2,1
SF,IF2006,2020-02-19 14:51:49.400,4036.8000,24368,0,8515047540.000,0,-,-,-,-,4036.4000,4036.2000,4035.2000,4034.8000,4034.0000,4037.0000,4037.6000,4038.6000,4039.0000,4040.0000,2,1,1,1,2,3,1,1,2,1
SF,IF2006,2020-02-19 14:51:51.900,4036.4000,24368,0,8516258460.000,1,0,1,空换,B,4036.4000,4035.2000,4034.8000,4034.2000,4034.0000,4037.0000,4037.6000,4038.6000,4039.0000,4040.0000,1,1,1,1,2,3,1,1,2,1
SF,IF2006,2020-02-19 14:51:52.400,4036.4000,24368,0,8516258460.000,0,-,-,-,-,4035.2000,4034.8000,4034.2000,4034.0000,4033.8000,4037.0000,4037.6000,4038.6000,4039.0000,4040.0000,1,1,1,2,1,3,1,1,2,1
SF,IF2006,2020-02-19 14:51:52.900,4037.0000,24371,3,8522313840.000,5,4,1,多开,B,4035.4000,4035.2000,4034.8000,4034.2000,4034.0000,4037.6000,4038.6000,4039.0000,4040.0000,4041.0000,2,2,1,1,1,1,1,2,1,1
SF,IF2006,2020-02-19 14:51:53.400,4037.0000,24371,0,8522313840.000,0,-,-,-,-,4035.6000,4035.4000,4035.2000,4034.8000,4034.2000,4037.4000,4037.6000,4038.6000,4039.0000,4040.0000,1,2,2,1,1,3,1,1,2,1
SF,IF2006,2020-02-19 14:51:53.900,4037.0000,24371,0,8522313840.000,0,-,-,-,-,4035.8000,4035.6000,4035.2000,4034.8000,4034.2000,4037.2000,4037.4000,4037.6000,4038.6000,4039.0000,2,1,2,1,1,1,3,1,1,2
SF,IF2006,2020-02-19 14:51:54.400,4037.0000,24371,0,8522313840.000,0,-,-,-,-,4035.8000,4035.6000,4035.2000,4034.8000,4034.2000,4037.0000,4037.2000,4037.4000,4037.6000,4038.6000,2,1,2,1,1,2,2,1,1,1
SF,IF2006,2020-02-19 14:51:54.900,4037.0000,24371,0,8522313840.000,0,-,-,-,-,4036.0000,4035.8000,4035.2000,4034.8000,4034.2000,4037.0000,4037.2000,4037.4000,4037.6000,4038.6000,1,2,2,1,1,2,1,1,1,1
SF,IF2006,2020-02-19 14:51:55.400,4037.0000,24371,0,8522313840.000,0,-,-,-,-,4036.2000,4036.0000,4035.2000,4034.8000,4034.2000,4037.0000,4037.2000,4037.6000,4038.6000,4039.0000,2,1,2,1,1,2,1,1,1,2
SF,IF2006,2020-02-19 14:51:55.900,4037.0000,24371,0,8522313840.000,0,-,-,-,-,4036.2000,4036.0000,4035.2000,4034.8000,4034.2000,4037.2000,4037.6000,4038.6000,4039.0000,4040.0000,2,1,2,1,1,1,1,1,2,1
SF,IF2006,2020-02-19 14:51:56.900,4037.0000,24371,0,8522313840.000,0,-,-,-,-,4036.2000,4035.2000,4034.8000,4034.2000,4034.0000,4037.2000,4037.6000,4038.6000,4039.0000,4040.0000,2,2,1,1,1,1,1,1,2,1
SF,IF2006,2020-02-19 14:51:57.400,4037.0000,24371,0,8522313840.000,0,-,-,-,-,4036.4000,4036.2000,4035.2000,4034.8000,4034.2000,4037.2000,4037.6000,4037.8000,4038.6000,4039.0000,1,2,2,1,1,1,1,1,1,2
SF,IF2006,2020-02-19 14:51:59.400,4037.2000,24371,0,8523525000.000,1,0,1,空换,B,4036.2000,4035.2000,4034.8000,4034.2000,4034.0000,4037.6000,4037.8000,4038.6000,4039.0000,4040.0000,2,2,1,1,1,1,1,1,2,1
SF,IF2006,2020-02-19 14:51:59.900,4037.2000,24371,0,8523525000.000,0,-,-,-,-,4036.2000,4035.2000,4034.8000,4034.2000,4034.0000,4037.4000,4037.6000,4037.8000,4038.6000,4039.0000,2,2,1,1,1,2,1,1,1,2
SF,IF2006,2020-02-19 14:52:00.900,4037.2000,24371,0,8523525000.000,0,-,-,-,-,4036.2000,4035.8000,4035.2000,4034.8000,4034.2000,4037.2000,4037.4000,4037.6000,4037.8000,4038.6000,2,1,2,1,1,2,2,1,2,1
SF,IF2006,2020-02-19 14:52:01.400,4037.2000,24371,0,8523525000.000,0,-,-,-,-,4036.2000,4035.8000,4035.2000,4034.8000,4034.2000,4037.0000,4037.2000,4037.6000,4037.8000,4038.6000,2,1,2,1,1,2,2,1,2,1
SF,IF2006,2020-02-19 14:52:01.900,4037.2000,24371,0,8523525000.000,0,-,-,-,-,4036.2000,4035.8000,4035.2000,4034.8000,4034.2000,4037.0000,4037.2000,4037.6000,4037.8000,4038.6000,2,1,2,1,1,2,1,1,1,1
SF,IF2006,2020-02-19 14:52:02.400,4037.2000,24371,0,8523525000.000,0,-,-,-,-,4036.2000,4035.8000,4035.2000,4034.8000,4034.2000,4036.8000,4037.0000,4037.2000,4037.6000,4037.8000,2,1,1,1,1,1,2,1,1,1
SF,IF2006,2020-02-19 14:52:03.400,4037.2000,24371,0,8523525000.000,0,-,-,-,-,4036.2000,4035.8000,4035.2000,4034.8000,4034.2000,4036.8000,4037.0000,4037.6000,4037.8000,4038.6000,2,1,1,1,1,1,2,1,1,1
SF,IF2006,2020-02-19 14:52:03.900,4037.2000,24371,0,8523525000.000,0,-,-,-,-,4035.8000,4035.2000,4034.8000,4034.2000,4034.0000,4036.8000,4037.0000,4037.6000,4037.8000,4038.6000,1,1,1,1,1,1,2,1,1,1
SF,IF2006,2020-02-19 14:52:09.900,4037.2000,24371,0,8523525000.000,0,-,-,-,-,4035.8000,4035.2000,4034.8000,4034.2000,4034.0000,4036.8000,4037.0000,4037.6000,4037.8000,4038.6000,1,1,1,1,1,2,2,1,1,1
SF,IF2006,2020-02-19 14:52:10.400,4037.2000,24371,0,8523525000.000,0,-,-,-,-,4035.8000,4035.2000,4034.8000,4034.2000,4034.0000,4036.6000,4036.8000,4037.6000,4037.8000,4038.6000,1,1,1,1,1,2,2,1,1,1
SF,IF2006,2020-02-19 14:52:10.900,4037.2000,24371,0,8523525000.000,0,-,-,-,-,4035.8000,4035.2000,4034.8000,4034.2000,4034.0000,4036.6000,4036.8000,4037.6000,4037.8000,4038.6000,1,1,1,1,1,3,2,1,1,1
SF,IF2006,2020-02-19 14:52:11.400,4036.6000,24372,1,8524735980.000,1,1,0,双开,B,4035.8000,4035.2000,4034.8000,4034.2000,4034.0000,4036.6000,4036.8000,4037.6000,4037.8000,4038.6000,1,1,1,1,1,3,2,1,1,1
SF,IF2006,2020-02-19 14:52:14.400,4036.6000,24372,0,8524735980.000,0,-,-,-,-,4035.8000,4035.2000,4035.0000,4034.8000,4034.2000,4036.6000,4036.8000,4037.6000,4037.8000,4038.6000,1,1,2,1,1,3,2,1,1,1
SF,IF2006,2020-02-19 14:52:14.900,4036.6000,24372,0,8524735980.000,0,-,-,-,-,4035.8000,4035.2000,4035.0000,4034.8000,4034.2000,4036.6000,4036.8000,4037.6000,4037.8000,4038.6000,1,1,2,1,1,3,2,2,1,1
SF,IF2006,2020-02-19 14:52:15.900,4036.6000,24372,0,8524735980.000,0,-,-,-,-,4035.8000,4035.2000,4035.0000,4034.8000,4034.2000,4036.6000,4036.8000,4037.6000,4037.8000,4038.6000,1,1,2,1,1,2,2,2,1,1
SF,IF2006,2020-02-19 14:52:19.400,4036.6000,24372,0,8524735980.000,0,-,-,-,-,4035.8000,4035.2000,4035.0000,4034.8000,4034.2000,4036.6000,4036.8000,4037.6000,4037.8000,4038.6000,1,1,2,1,1,2,1,2,1,1
SF,IF2006,2020-02-19 14:52:19.900,4036.6000,24372,0,8524735980.000,0,-,-,-,-,4035.8000,4035.2000,4035.0000,4034.8000,4034.2000,4036.6000,4036.8000,4037.6000,4037.8000,4038.6000,1,1,2,1,1,2,1,2,1,1
SF,IF2006,2020-02-19 14:52:20.900,4036.6000,24372,0,8524735980.000,0,-,-,-,-,4035.8000,4035.2000,4035.0000,4034.8000,4034.2000,4036.4000,4036.6000,4036.8000,4037.6000,4037.8000,1,1,2,1,1,1,2,1,2,1
SF,IF2006,2020-02-19 14:52:27.900,4035.8000,24373,1,8525946720.000,1,1,0,双开,B,4035.2000,4035.0000,4034.8000,4034.2000,4034.0000,4035.8000,4036.4000,4036.6000,4036.8000,4037.6000,1,2,1,1,1,2,1,2,1,2
SF,IF2006,2020-02-19 14:52:28.400,4035.8000,24373,0,8525946720.000,0,-,-,-,-,4035.2000,4035.0000,4034.8000,4034.2000,4034.0000,4035.8000,4036.2000,4036.4000,4036.6000,4036.8000,1,2,1,1,1,2,1,2,2,1
SF,IF2006,2020-02-19 14:52:29.400,4035.8000,24373,0,8525946720.000,0,-,-,-,-,4035.2000,4035.0000,4034.8000,4034.2000,4034.0000,4035.8000,4036.4000,4036.6000,4036.8000,4037.6000,1,2,1,1,1,2,1,2,1,2
SF,IF2006,2020-02-19 14:52:29.900,4035.8000,24373,0,8525946720.000,0,-,-,-,-,4035.2000,4035.0000,4034.8000,4034.2000,4034.0000,4035.8000,4036.4000,4036.6000,4036.8000,4037.6000,1,2,1,1,1,1,1,2,1,2
SF,IF2006,2020-02-19 14:52:30.900,4035.8000,24373,0,8525946720.000,0,-,-,-,-,4035.2000,4035.0000,4034.8000,4034.2000,4034.0000,4035.6000,4036.4000,4036.6000,4036.8000,4037.6000,1,2,1,1,1,1,1,2,1,2
SF,IF2006,2020-02-19 14:52:33.900,4035.8000,24373,0,8525946720.000,0,-,-,-,-,4035.2000,4035.0000,4034.8000,4034.2000,4034.0000,4035.4000,4036.4000,4036.6000,4036.8000,4037.6000,1,2,1,1,1,1,1,2,1,2
SF,IF2006,2020-02-19 14:52:34.400,4035.2000,24373,0,8527157280.000,1,0,1,空换,B,4035.0000,4034.8000,4034.2000,4034.0000,4033.6000,4035.2000,4035.4000,4036.4000,4036.6000,4036.8000,2,1,1,1,1,1,1,1,2,1
SF,IF2006,2020-02-19 14:52:34.900,4035.2000,24373,0,8528367840.000,1,0,1,空换,B,4035.0000,4034.8000,4034.2000,4034.0000,4033.6000,4035.4000,4035.8000,4036.6000,4036.8000,4037.6000,2,1,1,1,1,1,1,2,1,2
SF,IF2006,2020-02-19 14:52:35.400,4035.4000,24373,0,8529578460.000,1,0,1,空换,B,4035.0000,4034.8000,4034.2000,4034.0000,4033.6000,4035.8000,4036.6000,4036.8000,4037.6000,4037.8000,2,1,1,1,1,1,2,1,2,1
SF,IF2006,2020-02-19 14:52:35.900,4035.4000,24373,0,8529578460.000,0,-,-,-,-,4035.2000,4035.0000,4034.8000,4034.2000,4034.0000,4036.6000,4036.8000,4037.6000,4037.8000,4038.6000,2,2,1,1,1,2,1,2,1,1
SF,IF2006,2020-02-19 14:52:36.400,4035.4000,24373,0,8529578460.000,0,-,-,-,-,4035.2000,4035.0000,4034.8000,4034.2000,4034.0000,4036.4000,4036.6000,4036.8000,4037.6000,4037.8000,2,2,1,1,1,1,2,1,2,1
SF,IF2006,2020-02-19 14:52:36.900,4035.2000,24373,0,8530789020.000,1,0,1,空换,B,4035.2000,4035.0000,4034.8000,4034.2000,4034.0000,4036.2000,4036.4000,4036.8000,4037.6000,4037.8000,1,2,1,1,1,2,1,1,2,1
SF,IF2006,2020-02-19 14:52:41.400,4035.2000,24373,0,8530789020.000,0,-,-,-,-,4035.2000,4035.0000,4034.8000,4034.2000,4034.0000,4036.0000,4036.2000,4036.4000,4036.8000,4037.6000,1,2,1,1,1,1,2,1,1,2
SF,IF2006,2020-02-19 14:52:41.900,4035.2000,24373,0,8530789020.000,0,-,-,-,-,4035.0000,4034.8000,4034.2000,4034.0000,4033.6000,4035.8000,4036.0000,4036.4000,4036.8000,4037.6000,2,1,1,1,1,2,1,1,1,2
SF,IF2006,2020-02-19 14:52:42.400,4035.2000,24373,0,8530789020.000,0,-,-,-,-,4035.0000,4034.2000,4034.0000,4033.6000,4032.2000,4035.8000,4036.0000,4036.4000,4036.8000,4037.6000,2,1,1,1,5,2,1,1,1,2
SF,IF2006,2020-02-19 14:52:44.900,4035.2000,24373,0,8530789020.000,0,-,-,-,-,4035.0000,4034.2000,4034.0000,4033.6000,4032.2000,4035.8000,4036.0000,4036.4000,4036.8000,4037.6000,2,1,1,1,5,2,1,1,1,2
SF,IF2006,2020-02-19 14:52:45.400,4035.8000,24375,2,8533210500.000,2,2,0,双开,B,4035.0000,4034.2000,4034.0000,4033.6000,4032.2000,4036.0000,4036.4000,4036.8000,4037.6000,4037.8000,2,1,1,1,5,1,1,1,2,1
SF,IF2006,2020-02-19 14:52:45.900,4035.8000,24375,0,8533210500.000,0,-,-,-,-,4035.2000,4035.0000,4034.2000,4034.0000,4033.6000,4036.0000,4036.4000,4036.8000,4037.6000,4037.8000,2,2,1,1,1,1,1,1,2,1
SF,IF2006,2020-02-19 14:52:46.400,4035.8000,24375,0,8533210500.000,0,-,-,-,-,4035.2000,4035.0000,4034.2000,4034.0000,4033.6000,4036.4000,4036.8000,4037.6000,4037.8000,4038.6000,2,2,1,1,1,1,1,2,1,1
SF,IF2006,2020-02-19 14:52:46.900,4035.8000,24375,0,8533210500.000,0,-,-,-,-,4035.2000,4035.0000,4034.2000,4034.0000,4033.6000,4036.2000,4036.4000,4036.8000,4037.6000,4037.8000,2,2,1,1,1,2,1,1,2,1
SF,IF2006,2020-02-19 14:52:47.900,4035.8000,24375,0,8533210500.000,0,-,-,-,-,4035.4000,4035.2000,4035.0000,4034.2000,4034.0000,4036.2000,4036.4000,4036.8000,4037.6000,4037.8000,1,2,2,1,1,2,1,1,2,1
SF,IF2006,2020-02-19 14:52:48.400,4035.8000,24375,0,8533210500.000,0,-,-,-,-,4035.4000,4035.2000,4035.0000,4034.2000,4034.0000,4036.2000,4036.8000,4037.6000,4037.8000,4038.6000,1,2,2,1,1,2,1,2,1,1
SF,IF2006,2020-02-19 14:52:48.900,4035.8000,24375,0,8533210500.000,0,-,-,-,-,4035.6000,4035.4000,4035.0000,4034.2000,4034.0000,4036.8000,4037.6000,4037.8000,4038.6000,4038.8000,2,1,2,1,1,1,2,1,1,1
SF,IF2006,2020-02-19 14:52:49.400,4035.8000,24375,0,8533210500.000,0,-,-,-,-,4035.6000,4035.4000,4035.0000,4034.2000,4034.0000,4036.6000,4036.8000,4037.6000,4037.8000,4038.6000,2,1,2,1,1,3,1,2,1,1
SF,IF2006,2020-02-19 14:52:50.400,4035.8000,24375,0,8533210500.000,0,-,-,-,-,4035.6000,4035.4000,4035.0000,4034.2000,4034.0000,4036.6000,4036.8000,4037.6000,4037.8000,4038.6000,2,1,2,1,1,4,1,2,1,1
SF,IF2006,2020-02-19 14:52:51.400,4035.8000,24375,0,8533210500.000,0,-,-,-,-,4035.6000,4035.0000,4034.2000,4034.0000,4033.6000,4036.6000,4036.8000,4037.6000,4037.8000,4038.6000,2,2,1,1,1,4,1,2,1,1
SF,IF2006,2020-02-19 14:52:52.400,4035.8000,24375,0,8533210500.000,0,-,-,-,-,4035.6000,4035.0000,4034.2000,4034.0000,4033.6000,4036.6000,4036.8000,4037.6000,4037.8000,4038.6000,2,2,1,1,1,5,1,2,1,1
SF,IF2006,2020-02-19 14:52:53.400,4035.8000,24375,0,8533210500.000,0,-,-,-,-,4035.8000,4035.6000,4035.0000,4034.2000,4034.0000,4036.6000,4036.8000,4037.6000,4037.8000,4038.6000,1,2,2,1,1,5,1,2,1,1
SF,IF2006,2020-02-19 14:52:54.900,4035.8000,24375,0,8534421240.000,1,0,1,空换,B,4035.6000,4035.0000,4034.2000,4034.0000,4033.6000,4036.6000,4036.8000,4037.6000,4037.8000,4038.6000,2,2,1,1,1,5,1,2,1,1
SF,IF2006,2020-02-19 14:52:55.400,4035.8000,24375,0,8534421240.000,0,-,-,-,-,4035.6000,4035.0000,4034.2000,4034.0000,4033.6000,4036.4000,4036.6000,4036.8000,4037.6000,4037.8000,2,2,1,1,1,1,4,1,2,1
SF,IF2006,2020-02-19 14:52:57.400,4035.8000,24375,0,8534421240.000,0,-,-,-,-,4035.8000,4035.6000,4035.0000,4034.2000,4034.0000,4036.4000,4036.6000,4036.8000,4037.6000,4037.8000,1,2,2,1,1,1,4,1,2,1
SF,IF2006,2020-02-19 14:52:57.900,4035.8000,24376,1,8535631980.000,1,1,0,双开,B,4035.6000,4035.0000,4034.2000,4034.0000,4033.6000,4036.4000,4036.6000,4036.8000,4037.6000,4037.8000,2,2,1,1,1,1,4,1,2,1
SF,IF2006,2020-02-19 14:53:00.400,4035.8000,24376,0,8535631980.000,0,-,-,-,-,4035.8000,4035.6000,4035.0000,4034.2000,4034.0000,4036.4000,4036.6000,4036.8000,4037.6000,4037.8000,1,2,2,1,1,1,4,1,2,1
SF,IF2006,2020-02-19 14:53:01.400,4035.8000,24376,0,8536842720.000,1,0,1,空换,B,4035.6000,4035.0000,4034.2000,4034.0000,4033.6000,4036.4000,4036.6000,4036.8000,4037.6000,4037.8000,2,2,1,1,1,1,4,1,2,1
SF,IF2006,2020-02-19 14:53:01.900,4035.6000,24376,0,8538053400.000,1,0,1,空换,B,4035.6000,4035.0000,4034.2000,4034.0000,4033.6000,4036.4000,4036.6000,4036.8000,4037.6000,4037.8000,1,2,1,1,1,1,4,1,2,1
SF,IF2006,2020-02-19 14:53:04.400,4035.6000,24376,0,8538053400.000,0,-,-,-,-,4035.8000,4035.6000,4035.0000,4034.2000,4034.0000,4036.4000,4036.6000,4036.8000,4037.6000,4037.8000,1,1,2,1,1,1,4,1,2,1
SF,IF2006,2020-02-19 14:53:12.400,4035.6000,24376,0,8538053400.000,0,-,-,-,-,4035.8000,4035.6000,4034.2000,4034.0000,4033.6000,4036.4000,4036.6000,4036.8000,4037.6000,4037.8000,1,1,1,1,1,1,4,1,2,1
SF,IF2006,2020-02-19 14:53:15.900,4035.6000,24376,0,8538053400.000,0,-,-,-,-,4035.8000,4035.6000,4034.2000,4034.0000,4033.6000,4036.4000,4036.6000,4036.8000,4037.6000,4037.8000,1,1,1,1,1,1,4,1,2,1
SF,IF2006,2020-02-19 14:53:16.400,4035.6000,24376,0,8538053400.000,0,-,-,-,-,4035.8000,4035.6000,4034.2000,4034.0000,4033.6000,4036.2000,4036.4000,4036.6000,4036.8000,4037.6000,1,1,1,1,1,1,1,4,1,2
SF,IF2006,2020-02-19 14:53:16.900,4035.8000,24377,1,8539264140.000,1,1,0,双开,B,4035.6000,4034.2000,4034.0000,4033.6000,4032.2000,4036.6000,4036.8000,4037.6000,4037.8000,4038.6000,1,1,1,1,5,4,1,2,1,1
SF,IF2006,2020-02-19 14:53:17.400,4035.8000,24377,0,8539264140.000,0,-,-,-,-,4035.6000,4034.2000,4034.0000,4033.6000,4032.2000,4036.4000,4036.6000,4036.8000,4037.6000,4037.8000,1,1,1,1,5,2,4,1,2,1
SF,IF2006,2020-02-19 14:53:17.900,4035.8000,24377,0,8539264140.000,0,-,-,-,-,4035.6000,4034.2000,4034.0000,4033.6000,4032.2000,4036.4000,4036.6000,4036.8000,4037.6000,4037.8000,1,1,1,1,5,1,4,1,2,1
SF,IF2006,2020-02-19 14:53:19.900,4035.8000,24377,0,8539264140.000,0,-,-,-,-,4035.6000,4034.2000,4034.0000,4033.6000,4032.2000,4036.2000,4036.4000,4036.6000,4036.8000,4037.6000,1,1,1,1,5,1,1,4,1,2
SF,IF2006,2020-02-19 14:53:20.400,4035.6000,24377,0,8540474820.000,1,0,1,空换,B,4034.2000,4034.0000,4033.6000,4032.2000,4032.0000,4036.2000,4036.6000,4036.8000,4037.6000,4037.8000,1,1,1,5,1,1,4,1,2,1
SF,IF2006,2020-02-19 14:53:20.900,4035.6000,24377,0,8540474820.000,0,-,-,-,-,4035.8000,4035.0000,4034.4000,4034.2000,4034.0000,4036.0000,4036.2000,4036.6000,4036.8000,4037.6000,1,1,2,1,1,4,2,2,1,2
SF,IF2006,2020-02-19 14:53:21.400,4035.0000,24378,1,8542896060.000,2,1,1,多开,B,4034.4000,4034.2000,4034.0000,4033.6000,4032.2000,4035.8000,4036.0000,4036.2000,4036.6000,4036.8000,2,1,1,1,5,1,3,2,2,1
SF,IF2006,2020-02-19 14:53:21.900,4035.0000,24378,0,8542896060.000,0,-,-,-,-,4034.4000,4034.2000,4034.0000,4033.6000,4032.2000,4035.6000,4035.8000,4036.0000,4036.2000,4036.6000,2,1,1,1,5,3,2,1,1,2
SF,IF2006,2020-02-19 14:53:22.400,4034.4000,24379,1,8544106380.000,1,1,0,双开,B,4034.4000,4034.2000,4034.0000,4033.6000,4032.2000,4035.6000,4035.8000,4036.2000,4036.6000,4036.8000,1,1,1,1,5,2,2,2,2,1
SF,IF2006,2020-02-19 14:53:23.400,4034.4000,24379,0,8544106380.000,0,-,-,-,-,4034.4000,4034.2000,4034.0000,4033.6000,4032.2000,4035.4000,4035.6000,4035.8000,4036.2000,4036.6000,1,1,1,1,5,1,2,2,2,2
SF,IF2006,2020-02-19 14:53:23.900,4034.4000,24379,0,8544106380.000,0,-,-,-,-,4034.4000,4034.2000,4034.0000,4033.6000,4032.2000,4035.2000,4035.4000,4035.8000,4036.2000,4036.6000,1,1,1,1,5,2,1,2,2,2
SF,IF2006,2020-02-19 14:53:24.400,4034.4000,24379,0,8544106380.000,0,-,-,-,-,4034.4000,4034.2000,4034.0000,4033.6000,4032.2000,4035.2000,4035.4000,4035.8000,4036.2000,4036.6000,1,1,1,1,5,2,1,1,2,2
SF,IF2006,2020-02-19 14:53:24.900,4034.4000,24379,0,8544106380.000,0,-,-,-,-,4034.4000,4034.2000,4034.0000,4033.6000,4032.2000,4035.2000,4035.8000,4036.2000,4036.6000,4036.8000,1,1,1,1,5,2,1,2,2,1
SF,IF2006,2020-02-19 14:53:25.900,4034.4000,24379,0,8544106380.000,0,-,-,-,-,4034.4000,4034.2000,4034.0000,4033.6000,4032.2000,4035.2000,4035.8000,4036.2000,4036.6000,4036.8000,1,1,1,1,5,2,1,1,2,1
SF,IF2006,2020-02-19 14:53:28.900,4034.4000,24379,0,8544106380.000,0,-,-,-,-,4034.8000,4034.4000,4034.2000,4034.0000,4033.6000,4035.2000,4036.2000,4036.6000,4036.8000,4037.6000,1,1,1,1,1,2,1,2,1,2
SF,IF2006,2020-02-19 14:53:29.400,4034.8000,24380,1,8545316820.000,1,1,0,双开,B,4034.4000,4034.2000,4034.0000,4033.6000,4032.2000,4035.2000,4036.2000,4036.6000,4036.8000,4037.6000,1,1,1,1,5,2,1,2,1,2
SF,IF2006,2020-02-19 14:53:29.900,4034.8000,24380,0,8545316820.000,0,-,-,-,-,4034.4000,4034.2000,4034.0000,4033.6000,4032.2000,4036.2000,4036.6000,4036.8000,4037.6000,4037.8000,1,1,1,1,5,1,2,1,2,1
SF,IF2006,2020-02-19 14:53:30.400,4034.8000,24380,0,8545316820.000,0,-,-,-,-,4034.4000,4034.2000,4034.0000,4033.6000,4032.2000,4036.0000,4036.2000,4036.6000,4036.8000,4037.6000,2,1,1,1,5,2,1,2,1,2
SF,IF2006,2020-02-19 14:53:30.900,4034.8000,24380,0,8545316820.000,0,-,-,-,-,4034.6000,4034.4000,4034.2000,4034.0000,4033.6000,4036.0000,4036.2000,4036.6000,4036.8000,4037.6000,2,1,1,1,1,2,1,2,1,2
SF,IF2006,2020-02-19 14:53:31.400,4034.8000,24380,0,8545316820.000,0,-,-,-,-,4034.8000,4034.6000,4034.2000,4034.0000,4033.6000,4036.0000,4036.2000,4036.6000,4036.8000,4037.6000,2,2,1,1,1,2,1,2,1,2
SF,IF2006,2020-02-19 14:53:31.900,4036.0000,24381,1,8546527620.000,1,1,0,双开,B,4034.8000,4034.6000,4034.2000,4034.0000,4033.6000,4036.0000,4036.6000,4036.8000,4037.6000,4037.8000,2,2,1,1,1,1,2,1,2,1
SF,IF2006,2020-02-19 14:53:32.900,4036.0000,24381,0,8546527620.000,0,-,-,-,-,4035.0000,4034.8000,4034.6000,4034.2000,4034.0000,4036.0000,4036.6000,4036.8000,4037.6000,4037.8000,1,2,1,1,1,1,2,1,2,1
SF,IF2006,2020-02-19 14:53:34.400,4036.0000,24381,0,8546527620.000,0,-,-,-,-,4035.0000,4034.8000,4034.6000,4034.2000,4034.0000,4036.0000,4036.4000,4036.6000,4036.8000,4037.6000,1,2,1,1,1,1,1,2,1,2
SF,IF2006,2020-02-19 14:53:35.400,4036.0000,24381,0,8546527620.000,0,-,-,-,-,4035.0000,4034.8000,4034.6000,4034.2000,4034.0000,4036.0000,4036.6000,4036.8000,4037.6000,4037.8000,1,2,1,1,1,2,2,1,2,1
SF,IF2006,2020-02-19 14:53:35.900,4036.0000,24381,0,8546527620.000,0,-,-,-,-,4034.8000,4034.6000,4034.2000,4034.0000,4033.6000,4036.0000,4036.6000,4036.8000,4037.6000,4037.8000,2,1,1,3,1,2,2,1,2,1
SF,IF2006,2020-02-19 14:53:36.400,4036.0000,24381,0,8546527620.000,0,-,-,-,-,4035.2000,4034.8000,4034.2000,4034.0000,4033.6000,4035.8000,4036.0000,4036.6000,4036.8000,4037.6000,1,2,1,3,1,1,1,2,1,2
SF,IF2006,2020-02-19 14:53:37.400,4035.2000,24381,0,8547738180.000,1,0,1,空换,B,4034.8000,4034.2000,4034.0000,4033.6000,4032.2000,4035.8000,4036.0000,4036.6000,4036.8000,4037.6000,2,1,3,1,5,1,1,2,1,2
SF,IF2006,2020-02-19 14:53:37.900,4035.2000,24381,0,8547738180.000,0,-,-,-,-,4034.8000,4034.2000,4034.0000,4033.6000,4032.2000,4036.0000,4036.6000,4036.8000,4037.6000,4037.8000,2,1,3,1,5,1,2,1,2,1
SF,IF2006,2020-02-19 14:53:38.400,4035.2000,24381,0,8547738180.000,0,-,-,-,-,4035.0000,4034.8000,4034.2000,4034.0000,4033.6000,4036.0000,4036.6000,4036.8000,4037.6000,4037.8000,1,2,1,3,1,1,2,1,2,1
SF,IF2006,2020-02-19 14:53:38.900,4035.2000,24381,0,8547738180.000,0,-,-,-,-,4035.0000,4034.8000,4034.2000,4034.0000,4033.6000,4036.0000,4036.6000,4036.8000,4037.6000,4037.8000,2,2,1,3,1,1,2,1,2,1
SF,IF2006,2020-02-19 14:53:39.400,4035.2000,24381,0,8547738180.000,0,-,-,-,-,4035.2000,4035.0000,4034.2000,4034.0000,4033.6000,4036.0000,4036.6000,4036.8000,4037.6000,4037.8000,2,1,1,3,1,1,2,1,2,1
SF,IF2006,2020-02-19 14:53:40.400,4035.2000,24382,1,8548948740.000,1,1,0,双开,B,4035.2000,4035.0000,4034.2000,4034.0000,4033.6000,4036.0000,4036.6000,4036.8000,4037.6000,4037.8000,1,1,1,3,1,1,2,1,2,1
SF,IF2006,2020-02-19 14:53:40.900,4035.2000,24382,0,8548948740.000,0,-,-,-,-,4035.0000,4034.2000,4034.0000,4033.6000,4032.2000,4036.0000,4036.6000,4036.8000,4037.6000,4037.8000,1,1,3,1,4,1,2,1,2,1
SF,IF2006,2020-02-19 14:53:41.400,4036.0000,24383,1,8550159540.000,1,1,0,双开,B,4035.0000,4034.2000,4034.0000,4033.6000,4032.2000,4036.6000,4036.8000,4037.6000,4037.8000,4038.6000,1,1,3,1,4,2,1,2,1,1
SF,IF2006,2020-02-19 14:53:41.900,4036.0000,24383,0,8550159540.000,0,-,-,-,-,4035.2000,4035.0000,4034.2000,4034.0000,4033.6000,4036.4000,4036.6000,4036.8000,4037.6000,4037.8000,2,1,1,3,1,2,2,1,2,1
SF,IF2006,2020-02-19 14:53:42.400,4036.0000,24383,0,8550159540.000,0,-,-,-,-,4036.0000,4035.2000,4035.0000,4034.2000,4034.0000,4036.2000,4036.4000,4036.6000,4036.8000,4037.6000,2,3,1,1,3,1,2,2,1,2
SF,IF2006,2020-02-19 14:53:42.900,4036.0000,24383,0,8552581140.000,2,1,1,空换,B,4035.2000,4035.0000,4034.2000,4034.0000,4033.6000,4036.0000,4036.2000,4036.4000,4036.6000,4036.8000,3,1,1,3,1,1,1,2,2,1
SF,IF2006,2020-02-19 14:53:43.400,4036.0000,24383,0,8552581140.000,0,-,-,-,-,4035.2000,4035.0000,4034.2000,4034.0000,4033.6000,4036.0000,4036.2000,4036.4000,4036.6000,4036.8000,2,1,1,3,1,1,1,2,2,1
SF,IF2006,2020-02-19 14:53:43.900,4036.0000,24383,0,8552581140.000,0,-,-,-,-,4035.0000,4034.2000,4034.0000,4033.6000,4032.2000,4035.8000,4036.2000,4036.6000,4036.8000,4037.6000,1,1,3,1,4,2,1,2,1,2
SF,IF2006,2020-02-19 14:53:44.400,4036.0000,24383,0,8552581140.000,0,-,-,-,-,4035.0000,4034.2000,4034.0000,4033.6000,4032.2000,4035.8000,4036.0000,4036.2000,4036.6000,4036.8000,1,1,3,1,4,2,1,1,2,1
SF,IF2006,2020-02-19 14:53:46.900,4036.0000,24383,0,8552581140.000,0,-,-,-,-,4034.2000,4034.0000,4033.6000,4032.2000,4032.0000,4035.8000,4036.0000,4036.2000,4036.6000,4036.8000,1,3,1,4,1,2,1,1,2,1
SF,IF2006,2020-02-19 14:53:47.400,4036.0000,24383,0,8552581140.000,0,-,-,-,-,4034.4000,4034.2000,4034.0000,4033.6000,4032.2000,4035.8000,4036.0000,4036.2000,4036.6000,4036.8000,3,1,3,1,4,2,1,1,2,1
SF,IF2006,2020-02-19 14:53:47.900,4036.0000,24383,0,8552581140.000,0,-,-,-,-,4034.6000,4034.4000,4034.2000,4034.0000,4033.6000,4035.8000,4036.0000,4036.2000,4036.6000,4036.8000,1,4,1,3,1,2,1,1,2,1
SF,IF2006,2020-02-19 14:53:48.400,4036.0000,24383,0,8552581140.000,0,-,-,-,-,4034.8000,4034.6000,4034.4000,4034.2000,4034.0000,4035.8000,4036.0000,4036.6000,4036.8000,4037.6000,2,1,2,1,3,2,1,2,1,2
SF,IF2006,2020-02-19 14:53:50.900,4036.0000,24383,0,8552581140.000,0,-,-,-,-,4035.2000,4035.0000,4034.8000,4034.4000,4034.2000,4035.8000,4036.0000,4036.6000,4036.8000,4037.6000,1,1,2,2,1,2,1,2,1,2
SF,IF2006,2020-02-19 14:53:51.400,4035.2000,24383,0,8553791700.000,1,0,1,空换,B,4035.0000,4034.8000,4034.4000,4034.2000,4034.0000,4035.8000,4036.0000,4036.6000,4036.8000,4037.6000,1,2,2,1,3,2,1,2,1,2
SF,IF2006,2020-02-19 14:53:53.400,4035.2000,24383,0,8553791700.000,0,-,-,-,-,4035.0000,4034.8000,4034.4000,4034.2000,4034.0000,4035.8000,4036.0000,4036.6000,4036.8000,4037.6000,1,2,2,1,3,2,1,2,1,2
SF,IF2006,2020-02-19 14:53:53.900,4035.2000,24383,0,8553791700.000,0,-,-,-,-,4035.0000,4034.8000,4034.4000,4034.2000,4034.0000,4035.8000,4036.6000,4036.8000,4037.6000,4037.8000,1,2,2,1,3,2,2,1,2,1
SF,IF2006,2020-02-19 14:53:56.400,4035.2000,24383,0,8553791700.000,0,-,-,-,-,4034.8000,4034.4000,4034.2000,4034.0000,4033.6000,4035.8000,4036.6000,4036.8000,4037.6000,4037.8000,2,2,1,3,1,2,2,1,2,1
SF,IF2006,2020-02-19 14:53:56.900,4034.8000,24383,0,8555002140.000,1,0,1,空换,B,4034.8000,4034.4000,4034.2000,4034.0000,4033.6000,4035.8000,4036.6000,4036.8000,4037.6000,4037.8000,1,2,1,3,1,2,2,1,2,1
SF,IF2006,2020-02-19 14:53:57.400,4034.8000,24383,0,8555002140.000,0,-,-,-,-,4035.0000,4034.8000,4034.4000,4034.2000,4034.0000,4035.8000,4036.6000,4036.8000,4037.6000,4037.8000,1,1,2,1,3,2,2,1,2,1
SF,IF2006,2020-02-19 14:53:57.900,4034.8000,24383,0,8555002140.000,0,-,-,-,-,4035.2000,4035.0000,4034.8000,4034.4000,4034.2000,4035.6000,4035.8000,4036.6000,4036.8000,4037.6000,1,1,1,2,1,1,2,2,1,2
SF,IF2006,2020-02-19 14:53:58.400,4035.2000,24383,0,8556212700.000,1,0,1,空换,B,4035.0000,4034.4000,4034.2000,4034.0000,4033.6000,4035.6000,4035.8000,4036.6000,4036.8000,4037.6000,1,2,1,3,1,1,2,2,1,2
SF,IF2006,2020-02-19 14:53:58.900,4035.2000,24383,0,8556212700.000,0,-,-,-,-,4035.0000,4034.4000,4034.2000,4034.0000,4033.6000,4035.6000,4035.8000,4036.6000,4036.8000,4037.6000,1,1,1,3,1,1,2,2,1,2
SF,IF2006,2020-02-19 14:53:59.400,4035.2000,24383,0,8556212700.000,0,-,-,-,-,4034.4000,4034.2000,4034.0000,4033.6000,4032.2000,4035.8000,4036.6000,4036.8000,4037.6000,4037.8000,1,1,3,1,4,2,2,1,2,1
SF,IF2006,2020-02-19 14:53:59.900,4035.2000,24383,0,8556212700.000,0,-,-,-,-,4034.6000,4034.4000,4034.2000,4034.0000,4033.6000,4035.8000,4036.6000,4036.8000,4037.6000,4037.8000,2,1,1,3,1,2,2,1,2,1
SF,IF2006,2020-02-19 14:54:00.400,4035.2000,24383,0,8556212700.000,0,-,-,-,-,4034.6000,4034.4000,4034.2000,4034.0000,4033.6000,4035.8000,4036.6000,4036.8000,4037.6000,4037.8000,3,1,1,3,1,2,2,1,2,1
SF,IF2006,2020-02-19 14:54:00.900,4035.2000,24383,0,8556212700.000,0,-,-,-,-,4034.8000,4034.6000,4034.4000,4034.2000,4034.0000,4035.8000,4036.6000,4036.8000,4037.6000,4037.8000,2,2,1,1,3,2,2,1,2,1
SF,IF2006,2020-02-19 14:54:01.400,4035.2000,24383,0,8556212700.000,0,-,-,-,-,4035.0000,4034.8000,4034.4000,4034.2000,4034.0000,4035.8000,4036.6000,4036.8000,4037.6000,4037.8000,2,2,1,1,3,2,2,1,2,1
SF,IF2006,2020-02-19 14:54:01.900,4035.2000,24383,0,8556212700.000,0,-,-,-,-,4035.0000,4034.8000,4034.4000,4034.2000,4034.0000,4035.8000,4036.6000,4036.8000,4037.6000,4037.8000,2,1,1,1,3,2,2,1,2,1
SF,IF2006,2020-02-19 14:54:02.400,4035.2000,24383,0,8556212700.000,0,-,-,-,-,4035.0000,4034.4000,4034.2000,4034.0000,4033.6000,4035.6000,4035.8000,4036.6000,4036.8000,4037.6000,2,1,1,3,1,1,2,2,1,2
SF,IF2006,2020-02-19 14:54:02.900,4035.2000,24383,0,8556212700.000,0,-,-,-,-,4034.4000,4034.2000,4034.0000,4033.6000,4032.2000,4035.6000,4035.8000,4036.6000,4036.8000,4037.6000,1,1,3,1,4,1,2,2,1,2
SF,IF2006,2020-02-19 14:54:03.400,4035.2000,24383,0,8556212700.000,0,-,-,-,-,4035.2000,4034.6000,4034.4000,4034.2000,4034.0000,4035.4000,4035.6000,4036.6000,4036.8000,4037.6000,1,2,1,1,3,2,1,2,1,2
SF,IF2006,2020-02-19 14:54:03.900,4035.2000,24383,0,8556212700.000,0,-,-,-,-,4035.2000,4034.6000,4034.2000,4034.0000,4033.6000,4035.4000,4035.6000,4036.6000,4036.8000,4037.6000,1,2,1,3,1,2,1,2,1,2
SF,IF2006,2020-02-19 14:54:04.400,4035.2000,24383,0,8556212700.000,0,-,-,-,-,4035.2000,4034.6000,4034.2000,4034.0000,4033.6000,4035.4000,4036.6000,4036.8000,4037.6000,4037.8000,1,2,1,3,1,2,2,1,2,1
SF,IF2006,2020-02-19 14:54:04.900,4035.2000,24383,0,8556212700.000,0,-,-,-,-,4035.2000,4034.6000,4034.2000,4034.0000,4033.6000,4035.4000,4036.6000,4036.8000,4037.6000,4037.8000,1,2,1,3,1,2,2,1,2,1
SF,IF2006,2020-02-19 14:54:06.400,4035.2000,24383,0,8556212700.000,0,-,-,-,-,4035.2000,4034.6000,4034.4000,4034.2000,4034.0000,4035.4000,4036.6000,4036.8000,4037.6000,4037.8000,1,2,1,1,3,2,2,1,2,1
SF,IF2006,2020-02-19 14:54:08.400,4035.4000,24385,2,8558633940.000,2,2,0,双开,B,4035.2000,4034.6000,4034.4000,4034.2000,4034.0000,4036.6000,4036.8000,4037.6000,4037.8000,4038.6000,1,2,1,1,3,2,1,2,1,1
SF,IF2006,2020-02-19 14:54:08.900,4035.4000,24385,0,8558633940.000,0,-,-,-,-,4035.4000,4035.2000,4034.4000,4034.2000,4034.0000,4036.4000,4036.6000,4036.8000,4037.6000,4037.8000,2,1,1,1,3,4,2,1,2,1
SF,IF2006,2020-02-19 14:54:09.400,4035.4000,24385,0,8558633940.000,0,-,-,-,-,4035.4000,4035.2000,4034.4000,4034.2000,4034.0000,4036.4000,4036.6000,4036.8000,4037.6000,4037.8000,3,1,1,1,3,2,2,1,2,1
SF,IF2006,2020-02-19 14:54:09.900,4035.4000,24385,0,8558633940.000,0,-,-,-,-,4035.4000,4035.2000,4034.4000,4034.2000,4034.0000,4036.0000,4036.4000,4036.6000,4036.8000,4037.6000,3,1,1,1,3,1,2,2,1,2
SF,IF2006,2020-02-19 14:54:12.400,4035.4000,24385,0,8558633940.000,0,-,-,-,-,4035.4000,4035.2000,4034.4000,4034.2000,4034.0000,4036.0000,4036.4000,4036.6000,4036.8000,4037.6000,2,1,1,1,3,1,2,2,1,2
SF,IF2006,2020-02-19 14:54:14.400,4035.4000,24385,0,8558633940.000,0,-,-,-,-,4035.4000,4035.2000,4034.4000,4034.2000,4034.0000,4036.0000,4036.4000,4036.6000,4036.8000,4037.6000,2,1,1,1,3,1,2,2,1,2
SF,IF2006,2020-02-19 14:54:14.900,4035.4000,24385,0,8558633940.000,0,-,-,-,-,4035.4000,4035.2000,4034.4000,4034.2000,4034.0000,4036.0000,4036.4000,4036.6000,4036.8000,4037.6000,2,1,1,1,3,1,2,2,1,2
SF,IF2006,2020-02-19 14:54:16.400,4035.4000,24385,0,8558633940.000,0,-,-,-,-,4035.4000,4035.2000,4034.4000,4034.2000,4034.0000,4035.8000,4036.0000,4036.4000,4036.6000,4036.8000,2,1,1,1,3,2,1,2,2,1
SF,IF2006,2020-02-19 14:54:19.400,4035.4000,24385,0,8558633940.000,0,-,-,-,-,4035.4000,4035.2000,4034.4000,4034.2000,4034.0000,4035.8000,4036.0000,4036.2000,4036.4000,4036.6000,2,1,1,1,3,2,1,1,2,2
SF,IF2006,2020-02-19 14:54:20.400,4035.4000,24385,0,8559844560.000,1,0,1,空换,B,4035.4000,4035.2000,4035.0000,4034.4000,4034.2000,4035.8000,4036.0000,4036.2000,4036.4000,4036.6000,1,1,1,1,1,2,1,1,2,2
SF,IF2006,2020-02-19 14:54:20.900,4035.4000,24385,0,8559844560.000,0,-,-,-,-,4035.2000,4035.0000,4034.4000,4034.2000,4034.0000,4035.4000,4035.8000,4036.0000,4036.2000,4036.4000,1,1,1,1,3,1,2,1,1,2
SF,IF2006,2020-02-19 14:54:21.400,4035.2000,24385,0,8562265740.000,2,1,1,空换,B,4035.0000,4034.4000,4034.2000,4034.0000,4033.6000,4035.4000,4035.8000,4036.0000,4036.2000,4036.4000,1,1,1,3,1,1,2,1,1,2
SF,IF2006,2020-02-19 14:54:22.900,4035.2000,24385,0,8562265740.000,0,-,-,-,-,4035.0000,4034.4000,4034.2000,4034.0000,4033.6000,4035.8000,4036.0000,4036.2000,4036.4000,4036.6000,1,1,1,3,1,2,1,1,2,2
SF,IF2006,2020-02-19 14:54:23.900,4035.0000,24386,1,8563476240.000,1,1,0,双开,B,4034.4000,4034.2000,4034.0000,4033.6000,4032.2000,4035.8000,4036.0000,4036.2000,4036.4000,4036.6000,1,1,3,1,4,2,1,1,2,2
SF,IF2006,2020-02-19 14:54:24.400,4035.0000,24386,0,8563476240.000,0,-,-,-,-,4034.6000,4034.4000,4034.2000,4034.0000,4033.6000,4035.6000,4035.8000,4036.0000,4036.2000,4036.6000,2,1,1,3,1,2,2,1,1,2
SF,IF2006,2020-02-19 14:54:24.900,4035.0000,24386,0,8563476240.000,0,-,-,-,-,4034.8000,4034.6000,4034.4000,4034.2000,4034.0000,4035.6000,4035.8000,4036.0000,4036.2000,4036.6000,1,2,1,1,3,2,2,1,1,2
SF,IF2006,2020-02-19 14:54:25.400,4035.0000,24386,0,8563476240.000,0,-,-,-,-,4034.8000,4034.6000,4034.4000,4034.2000,4034.0000,4035.6000,4035.8000,4036.0000,4036.2000,4036.6000,1,2,1,1,3,1,2,1,1,2
SF,IF2006,2020-02-19 14:54:27.400,4035.0000,24386,0,8564686740.000,1,0,1,空换,B,4034.8000,4034.6000,4034.4000,4034.2000,4034.0000,4035.6000,4035.8000,4036.0000,4036.2000,4036.6000,1,2,1,1,3,1,2,1,1,2
SF,IF2006,2020-02-19 14:54:27.900,4035.0000,24386,0,8564686740.000,0,-,-,-,-,4035.0000,4034.8000,4034.4000,4034.2000,4034.0000,4035.6000,4035.8000,4036.0000,4036.2000,4036.6000,2,1,1,1,3,1,2,1,1,2
SF,IF2006,2020-02-19 14:54:30.900,4035.0000,24386,0,8564686740.000,0,-,-,-,-,4035.4000,4035.0000,4034.8000,4034.4000,4034.2000,4035.6000,4035.8000,4036.0000,4036.2000,4036.6000,1,2,1,1,1,1,2,1,1,2
SF,IF2006,2020-02-19 14:54:31.900,4035.2000,24386,0,8565897300.000,1,0,1,空换,B,4035.0000,4034.8000,4034.4000,4034.2000,4034.0000,4035.6000,4035.8000,4036.0000,4036.2000,4036.6000,2,1,1,1,3,1,2,1,1,2
SF,IF2006,2020-02-19 14:54:32.400,4035.6000,24387,1,8567107980.000,1,1,0,双开,B,4035.0000,4034.8000,4034.4000,4034.2000,4034.0000,4035.8000,4036.0000,4036.2000,4036.6000,4036.8000,2,1,1,1,3,2,1,1,2,1
SF,IF2006,2020-02-19 14:54:33.400,4035.6000,24387,0,8567107980.000,0,-,-,-,-,4035.4000,4035.2000,4035.0000,4034.4000,4034.2000,4035.8000,4036.0000,4036.2000,4036.6000,4036.8000,1,2,2,1,1,2,1,1,2,1
SF,IF2006,2020-02-19 14:54:33.900,4035.6000,24387,0,8567107980.000,0,-,-,-,-,4035.4000,4035.2000,4035.0000,4034.4000,4034.2000,4035.8000,4036.0000,4036.2000,4036.6000,4036.8000,1,2,3,1,1,2,1,1,2,1
SF,IF2006,2020-02-19 14:54:35.400,4035.8000,24387,0,8569529460.000,2,1,1,空换,B,4035.4000,4035.2000,4035.0000,4034.4000,4034.2000,4036.0000,4036.2000,4036.6000,4036.8000,4037.6000,1,2,3,1,1,1,1,2,1,2
SF,IF2006,2020-02-19 14:54:35.900,4035.8000,24387,0,8569529460.000,0,-,-,-,-,4035.6000,4035.4000,4035.2000,4035.0000,4034.4000,4036.0000,4036.2000,4036.6000,4036.8000,4037.6000,1,1,1,3,1,1,1,2,1,2
SF,IF2006,2020-02-19 14:54:39.900,4035.8000,24387,0,8569529460.000,0,-,-,-,-,4035.6000,4035.4000,4035.2000,4035.0000,4034.4000,4036.0000,4036.2000,4036.6000,4036.8000,4037.6000,1,1,1,3,1,1,1,2,1,2
SF,IF2006,2020-02-19 14:54:41.900,4035.6000,24387,0,8570740140.000,1,0,1,空换,B,4035.4000,4035.2000,4035.0000,4034.4000,4034.2000,4035.6000,4036.0000,4036.2000,4036.6000,4036.8000,1,1,3,1,1,1,1,1,2,1
SF,IF2006,2020-02-19 14:54:42.400,4035.4000,24387,0,8571950760.000,1,0,1,空换,B,4035.2000,4035.0000,4034.4000,4034.2000,4034.0000,4035.6000,4035.8000,4036.0000,4036.2000,4036.6000,1,3,1,1,3,1,1,1,1,2
SF,IF2006,2020-02-19 14:54:42.900,4035.4000,24387,0,8571950760.000,0,-,-,-,-,4035.2000,4035.0000,4034.4000,4034.2000,4034.0000,4035.8000,4036.0000,4036.2000,4036.6000,4036.8000,1,3,1,1,3,2,1,1,2,1
SF,IF2006,2020-02-19 14:54:49.900,4035.4000,24387,0,8571950760.000,0,-,-,-,-,4035.2000,4035.0000,4034.4000,4034.2000,4034.0000,4035.8000,4036.0000,4036.2000,4036.6000,4036.8000,1,3,1,1,3,1,1,1,2,1
SF,IF2006,2020-02-19 14:54:50.400,4035.4000,24387,0,8571950760.000,0,-,-,-,-,4035.4000,4035.2000,4035.0000,4034.4000,4034.2000,4035.8000,4036.0000,4036.2000,4036.6000,4036.8000,1,1,3,1,1,1,1,1,2,1
SF,IF2006,2020-02-19 14:54:52.400,4035.4000,24387,0,8571950760.000,0,-,-,-,-,4035.4000,4035.2000,4035.0000,4034.4000,4034.2000,4035.8000,4036.0000,4036.2000,4036.6000,4036.8000,1,1,3,1,1,1,1,1,2,1
SF,IF2006,2020-02-19 14:54:54.900,4035.4000,24387,0,8571950760.000,0,-,-,-,-,4035.2000,4035.0000,4034.4000,4034.2000,4034.0000,4035.8000,4036.0000,4036.2000,4036.6000,4036.8000,1,3,1,1,3,1,1,1,2,1
SF,IF2006,2020-02-19 14:54:56.900,4035.4000,24387,0,8571950760.000,0,-,-,-,-,4035.2000,4035.0000,4034.4000,4034.2000,4034.0000,4035.8000,4036.0000,4036.2000,4036.6000,4036.8000,1,3,1,1,3,1,1,1,2,1
SF,IF2006,2020-02-19 14:54:57.900,4035.4000,24387,0,8571950760.000,0,-,-,-,-,4035.2000,4035.0000,4034.4000,4034.2000,4034.0000,4035.8000,4036.0000,4036.2000,4036.6000,4036.8000,1,3,1,1,3,1,1,1,2,1
SF,IF2006,2020-02-19 14:54:58.900,4035.4000,24387,0,8571950760.000,0,-,-,-,-,4035.4000,4035.2000,4035.0000,4034.4000,4034.2000,4035.8000,4036.0000,4036.2000,4036.6000,4036.8000,1,1,3,1,1,1,1,1,2,1
SF,IF2006,2020-02-19 14:54:59.400,4035.4000,24387,0,8573161380.000,1,0,1,空换,B,4035.2000,4035.0000,4034.4000,4034.2000,4034.0000,4035.4000,4035.8000,4036.0000,4036.2000,4036.6000,1,3,1,1,3,1,1,1,1,2
SF,IF2006,2020-02-19 14:54:59.900,4035.2000,24388,1,8575582560.000,2,1,1,多开,B,4035.0000,4034.4000,4034.2000,4034.0000,4033.6000,4035.8000,4036.0000,4036.2000,4036.6000,4036.8000,3,1,1,3,1,1,1,1,2,1
SF,IF2006,2020-02-19 14:55:00.400,4035.8000,24390,2,8578003800.000,2,2,0,双开,B,4035.0000,4034.4000,4034.2000,4034.0000,4033.6000,4036.0000,4036.2000,4036.6000,4036.8000,4037.0000,2,1,1,3,1,1,1,2,1,1
SF,IF2006,2020-02-19 14:55:01.400,4035.8000,24390,0,8578003800.000,0,-,-,-,-,4035.2000,4035.0000,4034.4000,4034.2000,4034.0000,4036.0000,4036.2000,4036.6000,4036.8000,4037.0000,1,2,1,1,3,1,1,2,1,1
SF,IF2006,2020-02-19 14:55:01.900,4036.0000,24391,1,8579214600.000,1,1,0,双开,B,4035.4000,4035.2000,4035.0000,4034.4000,4034.2000,4035.8000,4036.2000,4036.6000,4036.8000,4037.6000,2,1,1,1,1,1,1,2,1,2
SF,IF2006,2020-02-19 14:55:02.400,4035.8000,24392,1,8580425340.000,1,1,0,双开,B,4035.8000,4035.4000,4035.2000,4035.0000,4034.4000,4036.2000,4036.6000,4036.8000,4037.6000,4038.6000,1,2,1,1,1,1,2,1,2,1
SF,IF2006,2020-02-19 14:55:02.900,4035.8000,24392,0,8580425340.000,0,-,-,-,-,4035.4000,4035.2000,4035.0000,4034.4000,4034.2000,4036.2000,4036.6000,4036.8000,4037.6000,4038.6000,2,1,1,1,1,1,2,1,2,1
SF,IF2006,2020-02-19 14:55:03.400,4035.8000,24392,0,8580425340.000,0,-,-,-,-,4035.2000,4035.0000,4034.4000,4034.2000,4034.0000,4036.2000,4036.6000,4036.8000,4037.6000,4038.6000,1,1,1,1,3,1,2,1,2,1
SF,IF2006,2020-02-19 14:55:03.900,4035.8000,24392,0,8580425340.000,0,-,-,-,-,4035.4000,4035.2000,4035.0000,4034.4000,4034.2000,4035.8000,4036.0000,4036.2000,4036.6000,4036.8000,3,1,1,1,1,1,1,1,2,1
SF,IF2006,2020-02-19 14:55:04.400,4035.8000,24393,1,8581636080.000,1,1,0,双开,B,4035.8000,4035.4000,4035.2000,4035.0000,4034.4000,4036.0000,4036.2000,4036.6000,4036.8000,4037.6000,1,3,1,1,1,1,1,2,1,2
SF,IF2006,2020-02-19 14:55:04.900,4035.8000,24393,0,8581636080.000,0,-,-,-,-,4035.8000,4035.4000,4035.2000,4035.0000,4034.4000,4036.0000,4036.2000,4036.6000,4036.8000,4037.6000,1,1,1,1,1,1,1,2,1,2
SF,IF2006,2020-02-19 14:55:05.400,4036.0000,24393,0,8582846880.000,1,0,1,空换,B,4035.8000,4035.4000,4035.2000,4035.0000,4034.2000,4036.2000,4036.6000,4036.8000,4037.6000,4038.6000,1,1,1,1,1,1,2,1,2,1
SF,IF2006,2020-02-19 14:55:05.900,4036.2000,24394,1,8584057740.000,1,1,0,双开,B,4035.8000,4035.4000,4035.2000,4035.0000,4034.2000,4036.6000,4036.8000,4037.6000,4038.6000,4039.0000,1,1,1,2,1,2,1,2,1,1
SF,IF2006,2020-02-19 14:55:09.400,4036.2000,24394,0,8584057740.000,0,-,-,-,-,4035.8000,4035.4000,4035.2000,4035.0000,4034.2000,4036.6000,4036.8000,4037.6000,4038.6000,4039.0000,1,1,1,2,1,2,1,2,1,1
SF,IF2006,2020-02-19 14:55:09.900,4036.2000,24394,0,8584057740.000,0,-,-,-,-,4035.4000,4035.2000,4035.0000,4034.2000,4034.0000,4036.6000,4036.8000,4037.6000,4038.6000,4039.0000,1,1,2,1,3,2,1,2,1,1
SF,IF2006,2020-02-19 14:55:10.400,4036.2000,24394,0,8584057740.000,0,-,-,-,-,4035.6000,4035.4000,4035.2000,4035.0000,4034.2000,4036.4000,4036.6000,4036.8000,4037.6000,4038.6000,2,1,1,2,1,2,2,1,2,1
SF,IF2006,2020-02-19 14:55:11.900,4036.2000,24394,0,8584057740.000,0,-,-,-,-,4035.8000,4035.6000,4035.2000,4035.0000,4034.2000,4036.4000,4036.6000,4036.8000,4037.6000,4038.6000,1,2,1,2,1,2,2,1,2,1
SF,IF2006,2020-02-19 14:55:13.400,4036.6000,24398,4,8588901540.000,4,4,0,双开,B,4035.8000,4035.6000,4035.2000,4035.0000,4034.2000,4036.8000,4037.6000,4038.6000,4039.0000,4040.0000,1,2,1,2,1,1,2,1,1,2
SF,IF2006,2020-02-19 14:55:13.900,4036.6000,24398,0,8588901540.000,0,-,-,-,-,4036.0000,4035.8000,4035.2000,4035.0000,4034.2000,4036.8000,4037.6000,4038.6000,4039.0000,4040.0000,2,1,1,2,1,1,2,1,1,2
SF,IF2006,2020-02-19 14:55:15.400,4036.6000,24398,0,8588901540.000,0,-,-,-,-,4036.0000,4035.2000,4035.0000,4034.2000,4034.0000,4036.8000,4037.6000,4038.6000,4039.0000,4040.0000,2,1,2,1,3,1,2,1,1,2
SF,IF2006,2020-02-19 14:55:17.400,4036.6000,24398,0,8588901540.000,0,-,-,-,-,4036.2000,4036.0000,4035.2000,4035.0000,4034.2000,4036.8000,4037.6000,4038.6000,4039.0000,4040.0000,1,2,1,2,1,1,2,1,1,2
SF,IF2006,2020-02-19 14:55:18.400,4036.6000,24398,0,8588901540.000,0,-,-,-,-,4036.2000,4036.0000,4035.2000,4035.0000,4034.2000,4036.8000,4037.2000,4037.6000,4038.6000,4039.0000,1,2,1,2,1,1,1,2,1,1
SF,IF2006,2020-02-19 14:55:18.900,4036.6000,24398,0,8588901540.000,0,-,-,-,-,4036.4000,4036.2000,4035.2000,4035.0000,4034.2000,4036.8000,4037.2000,4037.6000,4038.6000,4039.0000,2,1,1,2,1,1,2,2,1,1
SF,IF2006,2020-02-19 14:55:19.400,4036.6000,24398,0,8588901540.000,0,-,-,-,-,4036.2000,4035.2000,4035.0000,4034.2000,4034.0000,4036.8000,4037.2000,4037.6000,4038.6000,4039.0000,1,1,2,1,2,1,2,2,1,1
SF,IF2006,2020-02-19 14:55:20.900,4036.6000,24398,0,8588901540.000,0,-,-,-,-,4036.2000,4035.2000,4035.0000,4034.2000,4034.0000,4036.6000,4036.8000,4037.2000,4037.6000,4038.6000,1,1,2,1,2,1,1,2,2,1
SF,IF2006,2020-02-19 14:55:22.900,4036.6000,24398,0,8588901540.000,0,-,-,-,-,4036.2000,4035.2000,4035.0000,4034.2000,4034.0000,4036.8000,4037.2000,4037.6000,4038.6000,4039.0000,1,1,2,1,2,1,2,2,1,1
SF,IF2006,2020-02-19 14:55:26.900,4036.6000,24398,0,8588901540.000,0,-,-,-,-,4036.2000,4035.2000,4035.0000,4034.2000,4034.0000,4036.6000,4036.8000,4037.2000,4037.6000,4038.6000,1,1,2,1,2,1,1,2,2,1
SF,IF2006,2020-02-19 14:55:28.400,4036.6000,24398,0,8588901540.000,0,-,-,-,-,4036.2000,4035.2000,4035.0000,4034.2000,4034.0000,4036.6000,4036.8000,4037.2000,4037.6000,4038.6000,1,1,2,1,2,1,1,2,2,1
SF,IF2006,2020-02-19 14:55:29.400,4036.6000,24398,0,8588901540.000,0,-,-,-,-,4036.2000,4035.6000,4035.2000,4035.0000,4034.2000,4036.6000,4036.8000,4037.2000,4037.6000,4038.6000,1,1,1,2,1,1,1,2,2,1
SF,IF2006,2020-02-19 14:55:29.900,4036.6000,24398,0,8588901540.000,0,-,-,-,-,4035.6000,4035.2000,4035.0000,4034.2000,4034.0000,4036.6000,4036.8000,4037.2000,4037.6000,4038.6000,1,1,2,1,2,1,1,2,2,1
SF,IF2006,2020-02-19 14:55:30.400,4036.6000,24398,0,8588901540.000,0,-,-,-,-,4035.8000,4035.6000,4035.2000,4035.0000,4034.2000,4036.6000,4036.8000,4037.2000,4037.6000,4038.6000,3,1,1,2,1,1,1,2,2,1
SF,IF2006,2020-02-19 14:55:30.900,4036.6000,24399,1,8590112520.000,1,1,0,双开,B,4036.6000,4035.8000,4035.6000,4035.2000,4035.0000,4036.8000,4037.2000,4037.6000,4038.6000,4039.0000,3,4,1,1,2,1,2,2,1,1
SF,IF2006,2020-02-19 14:55:31.400,4036.6000,24399,0,8591323500.000,1,0,1,空换,B,4036.6000,4035.8000,4035.6000,4035.2000,4035.0000,4036.8000,4037.2000,4037.6000,4038.6000,4039.0000,2,4,1,1,2,1,2,2,1,1
SF,IF2006,2020-02-19 14:55:33.400,4036.8000,24399,0,8592534540.000,1,0,1,空换,B,4036.6000,4035.8000,4035.6000,4035.2000,4035.0000,4037.2000,4037.6000,4038.6000,4039.0000,4039.8000,2,4,1,1,2,2,2,1,1,1
SF,IF2006,2020-02-19 14:55:33.900,4036.8000,24399,0,8592534540.000,0,-,-,-,-,4036.6000,4035.8000,4035.6000,4035.2000,4035.0000,4036.8000,4037.2000,4037.6000,4038.6000,4039.0000,2,4,1,1,2,1,2,2,1,1
SF,IF2006,2020-02-19 14:55:34.900,4036.8000,24400,1,8593745580.000,1,1,0,双开,B,4036.6000,4035.8000,4035.6000,4035.2000,4035.0000,4037.2000,4037.6000,4038.6000,4039.0000,4039.8000,2,4,1,1,2,2,2,1,1,1
SF,IF2006,2020-02-19 14:55:35.900,4036.8000,24400,0,8593745580.000,0,-,-,-,-,4036.8000,4036.6000,4035.8000,4035.6000,4035.2000,4037.2000,4037.6000,4038.6000,4039.0000,4039.8000,1,2,4,1,1,2,2,1,1,1
SF,IF2006,2020-02-19 14:55:37.400,4036.8000,24401,1,8594956620.000,1,1,0,双开,B,4036.6000,4035.8000,4035.6000,4035.2000,4035.0000,4036.8000,4037.2000,4037.6000,4038.6000,4039.0000,2,4,1,1,2,1,2,2,1,1
SF,IF2006,2020-02-19 14:55:38.900,4036.6000,24403,2,8597378580.000,2,2,0,双开,B,4035.8000,4035.6000,4035.2000,4035.0000,4034.2000,4036.8000,4037.2000,4037.6000,4038.6000,4039.0000,3,1,1,2,1,1,2,2,1,1
SF,IF2006,2020-02-19 14:55:39.400,4036.6000,24403,0,8597378580.000,0,-,-,-,-,4035.8000,4035.6000,4035.2000,4035.0000,4034.2000,4036.6000,4036.8000,4037.2000,4037.6000,4038.6000,3,1,1,2,1,1,1,2,2,1
SF,IF2006,2020-02-19 14:55:39.900,4036.6000,24403,0,8597378580.000,0,-,-,-,-,4036.2000,4035.8000,4035.6000,4035.2000,4035.0000,4036.6000,4036.8000,4037.2000,4037.6000,4038.6000,2,6,1,1,2,1,1,2,2,1
SF,IF2006,2020-02-19 14:55:40.400,4036.6000,24403,0,8597378580.000,0,-,-,-,-,4035.8000,4035.6000,4035.2000,4035.0000,4034.2000,4037.2000,4037.6000,4038.6000,4039.0000,4039.8000,4,1,1,2,1,2,2,1,1,1
SF,IF2006,2020-02-19 14:55:40.900,4036.6000,24403,0,8597378580.000,0,-,-,-,-,4035.8000,4035.6000,4035.2000,4035.0000,4034.2000,4037.0000,4037.2000,4037.6000,4038.6000,4039.0000,4,1,1,2,1,2,2,2,1,1
SF,IF2006,2020-02-19 14:55:42.400,4036.6000,24403,0,8597378580.000,0,-,-,-,-,4035.8000,4035.6000,4035.2000,4035.0000,4034.2000,4036.8000,4037.0000,4037.2000,4037.6000,4038.6000,4,1,1,2,1,1,2,2,2,1
SF,IF2006,2020-02-19 14:55:42.900,4036.6000,24403,0,8597378580.000,0,-,-,-,-,4035.8000,4035.6000,4035.2000,4035.0000,4034.2000,4036.6000,4036.8000,4037.2000,4037.6000,4038.6000,4,1,1,2,1,2,1,2,2,1
SF,IF2006,2020-02-19 14:55:43.400,4036.6000,24403,0,8597378580.000,0,-,-,-,-,4035.8000,4035.6000,4035.2000,4035.0000,4034.2000,4036.6000,4036.8000,4037.2000,4037.6000,4038.6000,4,1,1,2,1,2,1,2,2,1
SF,IF2006,2020-02-19 14:55:43.900,4036.6000,24403,0,8597378580.000,0,-,-,-,-,4035.8000,4035.6000,4035.2000,4035.0000,4034.2000,4036.8000,4037.2000,4037.6000,4038.6000,4039.0000,4,1,1,2,1,1,2,2,1,1
SF,IF2006,2020-02-19 14:55:45.400,4035.8000,24404,1,8598589320.000,1,1,0,双开,B,4035.8000,4035.6000,4035.2000,4035.0000,4034.2000,4036.8000,4037.2000,4037.6000,4038.6000,4039.0000,3,1,1,2,1,1,2,2,1,1
SF,IF2006,2020-02-19 14:55:46.400,4035.8000,24404,0,8598589320.000,0,-,-,-,-,4035.8000,4035.6000,4035.2000,4035.0000,4034.2000,4036.8000,4037.2000,4037.6000,4038.6000,4039.0000,3,1,1,2,2,1,2,2,1,1
SF,IF2006,2020-02-19 14:55:47.400,4035.8000,24405,1,8599800060.000,1,1,0,双开,B,4035.8000,4035.6000,4035.2000,4035.0000,4034.2000,4036.8000,4037.2000,4037.6000,4038.6000,4039.0000,2,1,1,2,2,1,2,2,1,1
SF,IF2006,2020-02-19 14:55:47.900,4035.8000,24405,0,8599800060.000,0,-,-,-,-,4036.0000,4035.8000,4035.6000,4035.2000,4035.0000,4036.8000,4037.2000,4037.6000,4038.6000,4039.0000,2,2,1,1,2,1,2,2,1,1
SF,IF2006,2020-02-19 14:55:48.400,4035.8000,24405,0,8599800060.000,0,-,-,-,-,4036.0000,4035.8000,4035.6000,4035.2000,4035.0000,4037.2000,4037.6000,4038.6000,4039.0000,4039.8000,2,2,1,1,2,2,2,1,1,1
SF,IF2006,2020-02-19 14:55:49.400,4035.8000,24405,0,8599800060.000,0,-,-,-,-,4036.2000,4036.0000,4035.8000,4035.6000,4035.2000,4037.2000,4037.6000,4038.6000,4039.0000,4039.8000,1,2,2,1,1,2,2,1,1,1
SF,IF2006,2020-02-19 14:55:49.900,4035.8000,24405,0,8599800060.000,0,-,-,-,-,4036.4000,4036.2000,4035.8000,4035.6000,4035.2000,4037.2000,4037.6000,4038.6000,4039.0000,4039.8000,2,1,2,1,1,2,2,1,1,1
SF,IF2006,2020-02-19 14:55:51.400,4037.2000,24406,1,8601011220.000,1,1,0,双开,B,4036.4000,4036.2000,4035.8000,4035.2000,4035.0000,4037.2000,4037.6000,4038.6000,4039.0000,4039.8000,2,1,2,1,2,1,2,1,1,1
SF,IF2006,2020-02-19 14:55:52.900,4037.2000,24406,0,8601011220.000,0,-,-,-,-,4036.4000,4035.8000,4035.2000,4035.0000,4034.2000,4037.2000,4037.6000,4038.6000,4039.0000,4039.8000,5,1,1,2,2,1,2,1,1,1
SF,IF2006,2020-02-19 14:55:53.400,4037.2000,24406,0,8601011220.000,0,-,-,-,-,4036.4000,4035.8000,4035.2000,4035.0000,4034.2000,4037.2000,4037.6000,4038.6000,4039.0000,4039.8000,3,1,1,2,2,1,2,1,1,1
SF,IF2006,2020-02-19 14:55:53.900,4037.2000,24406,0,8602222380.000,1,0,1,空换,B,4036.4000,4035.8000,4035.2000,4035.0000,4034.2000,4037.6000,4038.6000,4039.0000,4039.8000,4040.0000,3,1,1,2,2,2,1,1,1,2
SF,IF2006,2020-02-19 14:55:54.400,4037.2000,24406,0,8602222380.000,0,-,-,-,-,4036.4000,4035.8000,4035.2000,4035.0000,4034.2000,4037.4000,4037.6000,4038.6000,4039.0000,4039.8000,3,1,1,2,2,2,2,1,1,1
SF,IF2006,2020-02-19 14:55:57.900,4037.2000,24406,0,8602222380.000,0,-,-,-,-,4036.6000,4036.4000,4035.8000,4035.2000,4035.0000,4037.4000,4037.6000,4038.6000,4039.0000,4039.8000,1,3,1,1,2,2,2,1,1,1
SF,IF2006,2020-02-19 14:55:58.900,4037.2000,24406,0,8602222380.000,0,-,-,-,-,4036.4000,4035.8000,4035.2000,4035.0000,4034.2000,4037.4000,4037.6000,4038.6000,4039.0000,4039.8000,3,1,1,2,2,2,2,1,1,1
SF,IF2006,2020-02-19 14:55:59.400,4037.2000,24406,0,8602222380.000,0,-,-,-,-,4036.4000,4035.8000,4035.2000,4035.0000,4034.2000,4037.2000,4037.4000,4037.6000,4038.6000,4039.0000,3,1,1,2,2,1,2,2,1,1
SF,IF2006,2020-02-19 14:55:59.900,4037.2000,24406,0,8602222380.000,0,-,-,-,-,4037.0000,4036.6000,4036.4000,4035.8000,4035.2000,4037.2000,4037.4000,4037.6000,4038.6000,4039.0000,2,2,4,1,1,1,2,2,1,1
SF,IF2006,2020-02-19 14:56:00.400,4037.0000,24408,2,8604644580.000,2,2,0,双开,B,4036.4000,4035.8000,4035.2000,4035.0000,4034.2000,4037.2000,4037.4000,4037.6000,4038.6000,4039.0000,3,1,1,2,2,1,2,2,1,1
SF,IF2006,2020-02-19 14:56:00.900,4037.0000,24408,0,8604644580.000,0,-,-,-,-,4036.6000,4036.4000,4035.8000,4035.2000,4035.0000,4037.2000,4037.4000,4037.6000,4038.6000,4039.0000,2,4,1,1,2,1,2,2,1,1
SF,IF2006,2020-02-19 14:56:01.400,4037.0000,24408,0,8604644580.000,0,-,-,-,-,4036.6000,4036.4000,4035.2000,4035.0000,4034.2000,4037.2000,4037.4000,4037.6000,4038.6000,4039.0000,2,3,1,2,2,1,2,2,1,1
SF,IF2006,2020-02-19 14:56:01.900,4037.0000,24408,0,8604644580.000,0,-,-,-,-,4036.8000,4036.6000,4036.4000,4035.2000,4035.0000,4037.2000,4037.4000,4037.6000,4038.6000,4039.0000,1,2,3,1,2,1,2,2,1,1
SF,IF2006,2020-02-19 14:56:02.400,4037.0000,24408,0,8604644580.000,0,-,-,-,-,4036.8000,4036.4000,4035.2000,4035.0000,4034.2000,4037.2000,4037.4000,4037.6000,4038.6000,4039.0000,1,3,1,2,2,1,2,2,1,1
SF,IF2006,2020-02-19 14:56:03.400,4036.8000,24408,0,8605855620.000,1,0,1,空换,B,4036.4000,4035.2000,4035.0000,4034.2000,4034.0000,4037.2000,4037.4000,4037.6000,4038.6000,4039.0000,3,1,2,2,2,1,2,2,1,1
SF,IF2006,2020-02-19 14:56:03.900,4037.0000,24409,1,8607066720.000,1,1,0,双开,B,4036.4000,4035.2000,4035.0000,4034.2000,4034.0000,4037.0000,4037.2000,4037.6000,4038.6000,4039.0000,1,1,2,2,2,1,1,2,1,1
SF,IF2006,2020-02-19 14:56:04.400,4037.0000,24409,0,8607066720.000,0,-,-,-,-,4036.4000,4035.2000,4035.0000,4034.2000,4034.0000,4037.0000,4037.2000,4037.6000,4038.6000,4039.0000,1,1,2,2,2,1,3,2,1,1
SF,IF2006,2020-02-19 14:56:04.900,4037.0000,24409,0,8607066720.000,0,-,-,-,-,4036.4000,4035.2000,4035.0000,4034.2000,4034.0000,4036.8000,4037.0000,4037.2000,4037.6000,4038.6000,1,1,2,2,2,1,2,2,2,1
SF,IF2006,2020-02-19 14:56:05.900,4037.0000,24409,0,8607066720.000,0,-,-,-,-,4036.4000,4035.2000,4035.0000,4034.2000,4034.0000,4036.8000,4037.0000,4037.2000,4037.6000,4038.6000,1,1,2,2,2,1,1,2,2,1
SF,IF2006,2020-02-19 14:56:08.400,4037.0000,24409,0,8607066720.000,0,-,-,-,-,4035.2000,4035.0000,4034.2000,4034.0000,4033.6000,4036.8000,4037.0000,4037.2000,4037.6000,4038.6000,1,2,2,2,1,1,1,2,2,1
SF,IF2006,2020-02-19 14:56:08.900,4037.0000,24409,0,8607066720.000,0,-,-,-,-,4035.6000,4035.4000,4035.2000,4035.0000,4034.2000,4036.6000,4036.8000,4037.2000,4037.6000,4038.6000,1,3,2,3,2,2,1,2,2,1
SF,IF2006,2020-02-19 14:56:09.400,4036.6000,24410,1,8608277700.000,1,1,0,双开,B,4036.2000,4036.0000,4035.8000,4035.6000,4035.4000,4036.6000,4036.8000,4037.2000,4037.6000,4038.6000,3,6,4,1,1,1,1,2,2,1
SF,IF2006,2020-02-19 14:56:09.900,4036.6000,24410,0,8608277700.000,0,-,-,-,-,4035.8000,4035.4000,4035.2000,4035.0000,4034.2000,4036.8000,4037.2000,4037.6000,4038.6000,4039.0000,2,1,1,2,2,1,2,2,1,1
SF,IF2006,2020-02-19 14:56:10.400,4036.6000,24410,0,8608277700.000,0,-,-,-,-,4035.8000,4035.4000,4035.2000,4035.0000,4034.2000,4037.0000,4037.2000,4037.6000,4038.6000,4039.0000,2,1,1,2,2,1,2,2,1,1
SF,IF2006,2020-02-19 14:56:11.900,4036.6000,24410,0,8608277700.000,0,-,-,-,-,4035.8000,4035.4000,4035.0000,4034.2000,4034.0000,4036.8000,4037.0000,4037.2000,4037.6000,4038.6000,2,1,2,2,2,1,1,1,2,1
SF,IF2006,2020-02-19 14:56:12.400,4036.6000,24410,0,8608277700.000,0,-,-,-,-,4035.8000,4035.4000,4035.0000,4034.2000,4034.0000,4036.8000,4037.0000,4037.2000,4037.6000,4038.6000,2,1,2,2,2,1,1,1,2,1
SF,IF2006,2020-02-19 14:56:13.900,4035.8000,24411,1,8609488440.000,1,1,0,双开,B,4035.8000,4035.4000,4035.0000,4034.2000,4034.0000,4036.8000,4037.0000,4037.2000,4037.6000,4038.6000,1,1,2,2,2,1,1,1,2,1
SF,IF2006,2020-02-19 14:56:14.400,4035.8000,24411,0,8609488440.000,0,-,-,-,-,4036.6000,4035.8000,4035.4000,4035.0000,4034.2000,4037.0000,4037.2000,4037.6000,4038.6000,4039.0000,1,1,1,2,2,1,1,2,1,1
SF,IF2006,2020-02-19 14:56:15.900,4035.8000,24411,0,8609488440.000,0,-,-,-,-,4036.8000,4036.6000,4035.8000,4035.4000,4035.0000,4037.0000,4037.2000,4037.6000,4038.6000,4039.0000,1,1,1,1,2,1,1,2,1,1
SF,IF2006,2020-02-19 14:56:16.400,4035.8000,24411,0,8609488440.000,0,-,-,-,-,4036.8000,4036.6000,4036.0000,4035.8000,4035.4000,4037.0000,4037.2000,4037.6000,4038.6000,4039.0000,1,1,1,1,1,1,1,2,1,1
SF,IF2006,2020-02-19 14:56:17.400,4035.8000,24411,0,8609488440.000,0,-,-,-,-,4036.8000,4036.6000,4036.0000,4035.8000,4035.6000,4037.0000,4037.2000,4037.6000,4038.6000,4039.0000,1,1,1,1,1,1,1,2,1,1
SF,IF2006,2020-02-19 14:56:19.400,4036.8000,24412,1,8610699480.000,1,1,0,双开,B,4036.6000,4036.0000,4035.8000,4035.6000,4035.4000,4037.0000,4037.2000,4037.6000,4038.6000,4039.0000,1,1,1,1,1,1,2,2,1,1
SF,IF2006,2020-02-19 14:56:20.400,4036.8000,24412,0,8610699480.000,0,-,-,-,-,4036.6000,4036.0000,4035.8000,4035.6000,4035.4000,4037.0000,4037.2000,4037.6000,4038.6000,4039.0000,1,1,1,1,1,1,2,2,1,1
SF,IF2006,2020-02-19 14:56:21.900,4037.0000,24413,1,8611910580.000,1,1,0,双开,B,4036.6000,4036.0000,4035.8000,4035.6000,4035.4000,4037.2000,4037.6000,4038.6000,4039.0000,4039.8000,1,1,1,1,1,2,2,1,1,1
SF,IF2006,2020-02-19 14:56:22.400,4037.0000,24413,0,8611910580.000,0,-,-,-,-,4037.0000,4036.6000,4036.0000,4035.8000,4035.6000,4037.2000,4037.6000,4038.6000,4039.0000,4039.8000,1,1,1,1,2,2,2,1,1,1
SF,IF2006,2020-02-19 14:56:24.400,4037.0000,24413,0,8613121680.000,1,0,1,空换,B,4036.6000,4036.0000,4035.8000,4035.6000,4035.4000,4037.2000,4037.6000,4038.6000,4039.0000,4039.8000,1,1,1,2,1,2,2,1,1,1
SF,IF2006,2020-02-19 14:56:25.900,4037.0000,24413,0,8613121680.000,0,-,-,-,-,4036.6000,4036.0000,4035.8000,4035.6000,4035.4000,4037.0000,4037.2000,4037.6000,4038.6000,4039.0000,1,1,1,2,1,1,2,2,1,1
SF,IF2006,2020-02-19 14:56:30.900,4037.0000,24413,0,8613121680.000,0,-,-,-,-,4036.6000,4036.0000,4035.8000,4035.6000,4035.4000,4037.2000,4037.6000,4038.6000,4039.0000,4039.8000,1,1,1,2,1,2,2,1,1,1
SF,IF2006,2020-02-19 14:56:31.400,4037.0000,24413,0,8613121680.000,0,-,-,-,-,4037.0000,4036.6000,4036.0000,4035.8000,4035.6000,4037.2000,4037.6000,4038.6000,4039.0000,4039.8000,1,1,1,1,2,2,2,1,1,1
SF,IF2006,2020-02-19 14:56:32.400,4037.0000,24414,1,8614332780.000,1,1,0,双开,B,4036.6000,4036.0000,4035.8000,4035.6000,4035.4000,4037.2000,4037.6000,4038.6000,4039.0000,4039.8000,1,1,1,2,1,1,2,1,1,1
SF,IF2006,2020-02-19 14:56:34.900,4037.0000,24414,0,8614332780.000,0,-,-,-,-,4036.6000,4036.0000,4035.8000,4035.6000,4035.4000,4037.2000,4037.6000,4038.6000,4039.0000,4039.8000,1,1,1,2,1,1,2,1,1,1
SF,IF2006,2020-02-19 14:56:35.900,4037.0000,24414,0,8614332780.000,0,-,-,-,-,4036.6000,4036.0000,4035.8000,4035.6000,4035.4000,4037.2000,4037.6000,4037.8000,4038.6000,4039.0000,1,1,1,2,1,1,2,1,1,1
SF,IF2006,2020-02-19 14:56:37.900,4037.0000,24414,0,8614332780.000,0,-,-,-,-,4036.6000,4036.0000,4035.8000,4035.6000,4035.4000,4037.2000,4037.6000,4037.8000,4038.6000,4039.0000,1,1,1,2,1,1,2,1,1,1
SF,IF2006,2020-02-19 14:56:38.400,4037.0000,24414,0,8614332780.000,0,-,-,-,-,4036.6000,4036.0000,4035.8000,4035.6000,4035.4000,4037.2000,4037.6000,4037.8000,4038.6000,4039.0000,1,1,1,2,1,1,2,1,1,1
SF,IF2006,2020-02-19 14:56:39.400,4037.0000,24414,0,8614332780.000,0,-,-,-,-,4036.0000,4035.8000,4035.6000,4035.4000,4035.0000,4037.2000,4037.6000,4037.8000,4038.6000,4039.0000,1,1,2,1,2,1,2,1,1,1
SF,IF2006,2020-02-19 14:56:39.900,4037.2000,24415,1,8615543940.000,1,1,0,双开,B,4036.4000,4036.2000,4036.0000,4035.8000,4035.6000,4037.6000,4037.8000,4038.6000,4039.0000,4039.8000,3,4,1,1,2,2,1,1,1,1
SF,IF2006,2020-02-19 14:56:40.400,4037.2000,24415,0,8615543940.000,0,-,-,-,-,4036.6000,4036.2000,4036.0000,4035.8000,4035.6000,4037.6000,4037.8000,4038.6000,4039.0000,4039.8000,2,1,1,1,2,2,1,1,1,1
SF,IF2006,2020-02-19 14:56:40.900,4037.2000,24415,0,8615543940.000,0,-,-,-,-,4036.6000,4036.2000,4035.8000,4035.6000,4035.4000,4037.4000,4037.6000,4037.8000,4038.6000,4039.0000,3,1,1,2,1,2,2,1,1,1
SF,IF2006,2020-02-19 14:56:41.400,4037.2000,24415,0,8615543940.000,0,-,-,-,-,4036.8000,4036.6000,4036.2000,4035.8000,4035.6000,4037.4000,4037.6000,4037.8000,4038.6000,4039.0000,1,3,1,1,2,2,2,1,1,1
SF,IF2006,2020-02-19 14:56:41.900,4036.8000,24415,0,8617966200.000,2,1,1,空换,B,4036.6000,4036.2000,4035.8000,4035.6000,4035.4000,4037.4000,4037.6000,4037.8000,4038.6000,4039.0000,3,1,1,2,1,1,2,1,1,1
SF,IF2006,2020-02-19 14:56:42.400,4036.8000,24415,0,8617966200.000,0,-,-,-,-,4036.6000,4036.2000,4035.8000,4035.6000,4035.4000,4037.6000,4037.8000,4038.6000,4039.0000,4039.8000,2,1,1,2,1,2,1,1,1,1
SF,IF2006,2020-02-19 14:56:45.900,4036.8000,24415,0,8617966200.000,0,-,-,-,-,4036.6000,4036.2000,4035.8000,4035.6000,4035.4000,4037.6000,4037.8000,4038.6000,4039.0000,4039.8000,2,1,1,2,1,2,1,1,1,1
SF,IF2006,2020-02-19 14:56:46.400,4036.8000,24415,0,8617966200.000,0,-,-,-,-,4036.6000,4036.2000,4035.8000,4035.6000,4035.4000,4037.4000,4037.6000,4037.8000,4038.6000,4039.0000,2,1,1,2,1,2,3,1,1,1
SF,IF2006,2020-02-19 14:56:48.400,4036.8000,24415,0,8617966200.000,0,-,-,-,-,4036.6000,4036.2000,4035.8000,4035.6000,4035.4000,4037.4000,4037.6000,4037.8000,4038.6000,4039.0000,2,1,1,2,1,2,2,1,1,1
SF,IF2006,2020-02-19 14:56:48.900,4036.8000,24415,0,8617966200.000,0,-,-,-,-,4036.8000,4036.6000,4036.2000,4035.8000,4035.6000,4037.6000,4037.8000,4038.6000,4039.0000,4039.8000,1,2,1,1,2,2,1,1,1,1
SF,IF2006,2020-02-19 14:56:49.400,4036.8000,24415,0,8617966200.000,0,-,-,-,-,4036.8000,4036.6000,4036.2000,4035.8000,4035.6000,4037.6000,4037.8000,4038.6000,4039.0000,4039.8000,1,2,1,1,2,2,1,1,1,1
SF,IF2006,2020-02-19 14:56:52.400,4036.8000,24415,0,8617966200.000,0,-,-,-,-,4037.0000,4036.8000,4036.6000,4036.2000,4035.8000,4037.6000,4037.8000,4038.6000,4039.0000,4039.8000,1,1,2,1,1,2,1,1,1,1
SF,IF2006,2020-02-19 14:56:52.900,4036.8000,24415,0,8617966200.000,0,-,-,-,-,4036.8000,4036.6000,4036.2000,4035.8000,4035.6000,4037.6000,4037.8000,4038.6000,4039.0000,4039.8000,1,2,1,1,2,2,1,1,1,1
SF,IF2006,2020-02-19 14:56:53.900,4036.8000,24415,0,8617966200.000,0,-,-,-,-,4036.8000,4036.6000,4036.2000,4035.8000,4035.6000,4037.6000,4037.8000,4038.6000,4039.0000,4039.8000,1,2,1,1,2,2,1,1,1,1
SF,IF2006,2020-02-19 14:56:55.400,4036.8000,24415,0,8617966200.000,0,-,-,-,-,4036.8000,4036.6000,4036.2000,4035.8000,4035.6000,4037.6000,4037.8000,4038.6000,4039.0000,4039.8000,1,2,1,1,2,2,1,1,1,1
SF,IF2006,2020-02-19 14:56:55.900,4036.8000,24415,0,8617966200.000,0,-,-,-,-,4036.8000,4036.6000,4036.2000,4035.8000,4035.6000,4037.6000,4037.8000,4038.6000,4039.0000,4039.8000,1,2,1,1,2,2,1,1,1,1
SF,IF2006,2020-02-19 14:56:56.400,4036.8000,24415,0,8617966200.000,0,-,-,-,-,4036.6000,4036.2000,4035.8000,4035.6000,4035.4000,4036.8000,4037.6000,4037.8000,4038.6000,4039.0000,2,1,1,2,1,3,2,1,1,1
SF,IF2006,2020-02-19 14:56:56.900,4036.8000,24416,1,8619177240.000,1,1,0,双开,B,4036.6000,4036.2000,4035.8000,4035.6000,4035.4000,4036.8000,4037.6000,4037.8000,4038.6000,4039.0000,2,1,1,2,1,2,2,1,1,1
SF,IF2006,2020-02-19 14:56:57.900,4036.8000,24417,1,8620388280.000,1,1,0,双开,B,4036.6000,4036.2000,4035.8000,4035.6000,4035.4000,4036.8000,4037.6000,4037.8000,4038.6000,4039.0000,2,1,1,2,1,1,2,1,1,1
SF,IF2006,2020-02-19 14:56:58.400,4036.8000,24418,1,8621599320.000,1,1,0,双开,B,4036.8000,4036.6000,4036.2000,4035.8000,4035.6000,4037.6000,4037.8000,4038.6000,4039.0000,4039.8000,5,4,1,1,2,2,1,1,1,1
SF,IF2006,2020-02-19 14:56:58.900,4036.8000,24418,0,8621599320.000,0,-,-,-,-,4037.0000,4036.8000,4036.2000,4035.8000,4035.6000,4037.6000,4037.8000,4038.6000,4039.0000,4039.8000,2,3,1,1,2,2,1,1,1,1
SF,IF2006,2020-02-19 14:56:59.400,4036.8000,24418,0,8621599320.000,0,-,-,-,-,4037.0000,4036.8000,4036.2000,4035.8000,4035.6000,4037.4000,4037.6000,4037.8000,4038.6000,4039.0000,2,3,1,1,2,1,2,1,1,1
SF,IF2006,2020-02-19 14:56:59.900,4037.6000,24420,2,8625233100.000,3,2,1,多开,B,4037.6000,4037.0000,4036.8000,4036.2000,4035.8000,4037.8000,4038.6000,4039.0000,4039.8000,4040.0000,1,2,3,1,1,1,1,1,1,3
SF,IF2006,2020-02-19 14:57:00.400,4037.8000,24420,0,8626444440.000,1,0,1,空换,B,4037.6000,4037.0000,4036.8000,4036.2000,4035.8000,4038.6000,4039.0000,4039.8000,4040.0000,4041.0000,1,2,3,1,1,1,1,1,3,1
SF,IF2006,2020-02-19 14:57:00.900,4037.8000,24420,0,8626444440.000,0,-,-,-,-,4037.6000,4037.0000,4036.8000,4036.2000,4035.8000,4038.4000,4038.6000,4039.0000,4039.8000,4040.0000,1,2,3,1,1,3,1,1,1,3
SF,IF2006,2020-02-19 14:57:01.400,4037.8000,24420,0,8626444440.000,0,-,-,-,-,4037.6000,4037.0000,4036.8000,4036.2000,4035.8000,4038.4000,4038.6000,4039.0000,4039.8000,4040.0000,1,2,2,1,1,2,1,1,1,3
SF,IF2006,2020-02-19 14:57:01.900,4037.8000,24420,0,8626444440.000,0,-,-,-,-,4037.8000,4037.6000,4037.0000,4036.8000,4036.2000,4038.6000,4039.0000,4039.8000,4040.0000,4041.0000,1,1,2,2,1,1,1,1,3,1
SF,IF2006,2020-02-19 14:57:02.400,4037.8000,24420,0,8626444440.000,0,-,-,-,-,4037.8000,4037.6000,4037.0000,4036.8000,4036.2000,4038.6000,4039.0000,4039.8000,4040.0000,4041.0000,1,1,2,2,1,1,1,1,3,1
SF,IF2006,2020-02-19 14:57:02.900,4037.8000,24420,0,8626444440.000,0,-,-,-,-,4037.8000,4037.6000,4037.0000,4036.8000,4036.2000,4038.6000,4039.0000,4039.8000,4040.0000,4041.0000,1,1,2,2,1,1,1,1,3,1
SF,IF2006,2020-02-19 14:57:03.900,4038.6000,24419,-1,8627656020.000,1,0,1,双平,B,4037.8000,4037.6000,4037.0000,4036.8000,4036.2000,4039.0000,4039.8000,4040.0000,4041.0000,4042.0000,1,1,2,2,1,1,1,3,1,1
SF,IF2006,2020-02-19 14:57:04.400,4038.6000,24419,0,8627656020.000,0,-,-,-,-,4038.0000,4037.8000,4037.6000,4036.8000,4036.2000,4038.8000,4039.0000,4039.8000,4040.0000,4041.0000,2,2,1,2,1,3,1,1,3,1
SF,IF2006,2020-02-19 14:57:04.900,4038.6000,24419,0,8627656020.000,0,-,-,-,-,4038.0000,4037.8000,4037.6000,4036.8000,4036.2000,4038.8000,4039.0000,4039.8000,4040.0000,4041.0000,2,2,1,2,1,3,2,1,3,1
SF,IF2006,2020-02-19 14:57:06.400,4038.6000,24419,0,8627656020.000,0,-,-,-,-,4038.0000,4037.8000,4037.6000,4036.8000,4036.2000,4038.6000,4038.8000,4039.0000,4039.8000,4040.0000,2,2,1,2,1,1,3,2,1,3
SF,IF2006,2020-02-19 14:57:06.900,4038.6000,24419,0,8627656020.000,0,-,-,-,-,4038.0000,4037.8000,4037.6000,4036.8000,4036.2000,4038.6000,4038.8000,4039.0000,4039.8000,4040.0000,2,2,1,1,1,1,1,2,1,3
SF,IF2006,2020-02-19 14:57:07.400,4038.6000,24419,0,8627656020.000,0,-,-,-,-,4038.0000,4037.8000,4037.6000,4036.8000,4036.2000,4039.0000,4039.8000,4040.0000,4041.0000,4042.0000,2,2,1,1,1,2,1,3,1,1
SF,IF2006,2020-02-19 14:57:07.900,4038.6000,24419,0,8627656020.000,0,-,-,-,-,4038.2000,4038.0000,4037.8000,4037.6000,4036.8000,4039.0000,4039.8000,4040.0000,4041.0000,4042.0000,1,2,1,1,1,2,1,3,1,1
SF,IF2006,2020-02-19 14:57:10.400,4038.2000,24419,0,8628867480.000,1,0,1,空换,B,4038.0000,4037.8000,4036.8000,4036.2000,4035.8000,4038.8000,4039.0000,4039.8000,4040.0000,4041.0000,2,1,1,1,1,1,2,1,3,1
SF,IF2006,2020-02-19 14:57:10.900,4038.8000,24420,1,8630079120.000,1,1,0,双开,B,4038.0000,4037.8000,4036.8000,4036.2000,4035.8000,4039.0000,4039.8000,4040.0000,4041.0000,4042.0000,2,1,1,1,1,2,1,3,1,1
SF,IF2006,2020-02-19 14:57:11.400,4038.8000,24420,0,8630079120.000,0,-,-,-,-,4038.0000,4037.8000,4036.8000,4036.2000,4035.8000,4038.6000,4038.8000,4039.0000,4039.8000,4040.0000,2,1,1,1,1,1,1,2,1,3
SF,IF2006,2020-02-19 14:57:12.400,4038.8000,24420,0,8630079120.000,0,-,-,-,-,4038.0000,4037.8000,4036.8000,4036.2000,4035.8000,4038.8000,4039.0000,4039.8000,4040.0000,4041.0000,2,1,1,1,1,1,2,1,3,1
SF,IF2006,2020-02-19 14:57:13.400,4038.8000,24420,0,8630079120.000,0,-,-,-,-,4038.0000,4037.8000,4036.8000,4036.2000,4035.8000,4038.8000,4039.0000,4039.8000,4040.0000,4041.0000,2,1,1,1,1,1,2,1,3,1
SF,IF2006,2020-02-19 14:57:13.900,4038.8000,24420,0,8630079120.000,0,-,-,-,-,4038.0000,4037.8000,4036.8000,4036.2000,4035.8000,4038.6000,4038.8000,4039.0000,4039.8000,4040.0000,2,1,1,1,1,1,1,2,1,3
SF,IF2006,2020-02-19 14:57:14.400,4038.8000,24421,1,8631290760.000,1,1,0,双开,B,4037.8000,4036.8000,4036.2000,4035.8000,4035.6000,4038.8000,4039.0000,4039.8000,4040.0000,4041.0000,1,1,1,1,1,1,2,1,3,1
SF,IF2006,2020-02-19 14:57:15.400,4038.8000,24421,0,8631290760.000,0,-,-,-,-,4037.8000,4036.8000,4036.2000,4035.8000,4035.6000,4038.8000,4039.0000,4039.2000,4039.8000,4040.0000,1,1,1,1,1,1,2,1,1,3
SF,IF2006,2020-02-19 14:57:15.900,4038.8000,24421,0,8631290760.000,0,-,-,-,-,4038.0000,4037.8000,4036.8000,4036.2000,4035.8000,4038.8000,4039.0000,4039.2000,4039.8000,4040.0000,2,1,1,1,1,1,2,1,1,3
SF,IF2006,2020-02-19 14:57:16.900,4038.0000,24421,0,8632502160.000,1,0,1,空换,B,4038.0000,4037.8000,4036.8000,4036.2000,4035.8000,4038.8000,4039.0000,4039.2000,4039.8000,4040.0000,1,1,1,1,1,1,2,1,1,3
SF,IF2006,2020-02-19 14:57:17.400,4038.0000,24421,0,8632502160.000,0,-,-,-,-,4037.8000,4036.8000,4036.2000,4035.8000,4035.6000,4038.8000,4039.0000,4039.2000,4039.8000,4040.0000,1,1,1,1,1,1,2,1,1,3
SF,IF2006,2020-02-19 14:57:17.900,4038.0000,24421,0,8632502160.000,0,-,-,-,-,4037.8000,4036.8000,4036.2000,4035.8000,4035.6000,4038.6000,4038.8000,4039.0000,4039.2000,4039.8000,1,1,1,1,1,3,1,2,1,1
SF,IF2006,2020-02-19 14:57:19.400,4038.0000,24421,0,8632502160.000,0,-,-,-,-,4037.8000,4036.8000,4036.2000,4035.8000,4035.6000,4038.4000,4038.6000,4038.8000,4039.0000,4039.2000,1,1,1,1,1,1,3,1,2,1
SF,IF2006,2020-02-19 14:57:19.900,4038.8000,24426,5,8638560060.000,5,5,0,双开,B,4038.8000,4037.8000,4036.8000,4036.2000,4035.8000,4039.0000,4039.2000,4039.8000,4040.0000,4041.0000,3,1,1,1,1,2,1,1,3,1
SF,IF2006,2020-02-19 14:57:20.400,4038.8000,24429,3,8642194980.000,3,3,0,双开,B,4037.8000,4036.8000,4036.2000,4035.8000,4035.6000,4038.8000,4039.0000,4039.2000,4039.8000,4040.0000,1,1,1,1,1,2,2,1,1,3
SF,IF2006,2020-02-19 14:57:20.900,4038.8000,24429,0,8642194980.000,0,-,-,-,-,4038.0000,4037.8000,4036.8000,4036.2000,4035.8000,4039.0000,4039.2000,4039.8000,4040.0000,4041.0000,2,1,1,1,1,2,1,1,3,1
SF,IF2006,2020-02-19 14:57:21.400,4038.0000,24430,1,8644617780.000,2,1,1,多开,B,4037.8000,4036.8000,4036.2000,4035.8000,4035.6000,4038.8000,4039.0000,4039.2000,4039.8000,4040.0000,1,1,1,1,1,2,2,1,1,3
SF,IF2006,2020-02-19 14:57:22.400,4038.0000,24430,0,8645829180.000,1,0,1,空换,B,4037.8000,4036.8000,4036.2000,4035.8000,4035.6000,4038.8000,4039.0000,4039.2000,4039.8000,4040.0000,1,1,1,1,1,2,2,1,1,3
SF,IF2006,2020-02-19 14:57:22.900,4038.0000,24430,0,8645829180.000,0,-,-,-,-,4038.0000,4037.8000,4036.8000,4036.2000,4035.8000,4038.8000,4039.0000,4039.2000,4039.8000,4040.0000,2,1,1,1,1,2,2,1,1,3
SF,IF2006,2020-02-19 14:57:24.400,4038.0000,24432,2,8648252220.000,2,2,0,双开,B,4038.0000,4037.8000,4036.8000,4036.2000,4035.8000,4038.8000,4039.0000,4039.2000,4039.8000,4040.0000,1,1,1,1,1,1,2,1,1,3
SF,IF2006,2020-02-19 14:57:25.900,4038.0000,24432,0,8648252220.000,0,-,-,-,-,4038.0000,4037.8000,4036.8000,4036.2000,4035.8000,4038.6000,4038.8000,4039.0000,4039.2000,4039.8000,1,1,1,1,1,1,1,2,1,1
SF,IF2006,2020-02-19 14:57:26.900,4038.0000,24432,0,8648252220.000,0,-,-,-,-,4038.0000,4037.8000,4036.8000,4036.2000,4035.8000,4038.6000,4038.8000,4039.0000,4039.2000,4039.8000,1,1,1,1,1,1,1,2,1,1
SF,IF2006,2020-02-19 14:57:27.400,4038.0000,24432,0,8648252220.000,0,-,-,-,-,4038.0000,4037.8000,4036.8000,4036.2000,4035.8000,4038.8000,4039.0000,4039.2000,4039.8000,4040.0000,1,1,1,1,1,1,2,1,1,3
SF,IF2006,2020-02-19 14:57:28.400,4038.0000,24432,0,8648252220.000,0,-,-,-,-,4038.0000,4037.8000,4036.8000,4036.2000,4035.8000,4038.8000,4039.0000,4039.2000,4039.8000,4040.0000,2,1,1,1,1,1,2,1,1,3
SF,IF2006,2020-02-19 14:57:30.900,4038.0000,24432,0,8649463620.000,1,0,1,空换,B,4038.0000,4037.8000,4036.8000,4036.2000,4035.8000,4038.8000,4039.0000,4039.2000,4039.8000,4040.0000,1,1,1,1,1,1,2,1,1,3
SF,IF2006,2020-02-19 14:57:33.400,4038.0000,24432,0,8649463620.000,0,-,-,-,-,4038.2000,4038.0000,4037.8000,4036.8000,4036.2000,4038.8000,4039.0000,4039.2000,4039.8000,4040.0000,1,1,1,1,1,1,2,1,1,3
SF,IF2006,2020-02-19 14:57:35.900,4038.2000,24431,-1,8650675080.000,1,0,1,双平,B,4038.0000,4037.8000,4036.8000,4036.2000,4035.8000,4038.4000,4038.8000,4039.0000,4039.2000,4039.8000,1,1,1,1,2,1,1,2,1,1
SF,IF2006,2020-02-19 14:57:36.400,4038.2000,24431,0,8650675080.000,0,-,-,-,-,4038.0000,4037.8000,4036.8000,4036.2000,4035.8000,4038.8000,4039.0000,4039.2000,4039.8000,4040.0000,1,1,1,1,2,1,2,1,1,3
SF,IF2006,2020-02-19 14:57:37.400,4038.2000,24431,0,8650675080.000,0,-,-,-,-,4038.0000,4037.8000,4036.8000,4036.2000,4035.8000,4038.6000,4038.8000,4039.0000,4039.2000,4039.8000,1,1,1,1,2,1,1,2,1,1
SF,IF2006,2020-02-19 14:57:40.900,4038.0000,24431,0,8651886480.000,1,0,1,空换,B,4037.8000,4036.8000,4036.2000,4035.8000,4035.6000,4038.6000,4038.8000,4039.0000,4039.2000,4039.8000,1,1,1,2,1,1,1,2,1,1
SF,IF2006,2020-02-19 14:57:41.400,4038.0000,24431,0,8651886480.000,0,-,-,-,-,4037.8000,4036.8000,4036.2000,4035.8000,4035.6000,4038.4000,4038.6000,4039.0000,4039.2000,4039.8000,1,1,1,2,1,2,1,2,1,1
SF,IF2006,2020-02-19 14:57:43.400,4038.0000,24431,0,8651886480.000,0,-,-,-,-,4037.8000,4036.8000,4036.2000,4035.8000,4035.6000,4038.4000,4038.6000,4039.0000,4039.2000,4039.8000,2,1,1,2,1,2,1,2,1,1
SF,IF2006,2020-02-19 14:57:47.400,4038.0000,24431,0,8651886480.000,0,-,-,-,-,4037.8000,4036.8000,4036.2000,4035.8000,4035.6000,4038.4000,4039.0000,4039.2000,4039.8000,4040.0000,2,1,1,2,1,2,2,1,1,3
SF,IF2006,2020-02-19 14:57:48.900,4038.4000,24433,2,8654309520.000,2,2,0,双开,B,4038.4000,4038.0000,4037.8000,4036.8000,4036.2000,4039.0000,4039.2000,4039.8000,4040.0000,4041.0000,2,1,2,1,1,2,1,1,3,1
SF,IF2006,2020-02-19 14:57:50.900,4038.4000,24433,0,8654309520.000,0,-,-,-,-,4038.6000,4038.4000,4037.8000,4036.8000,4036.2000,4039.0000,4039.2000,4039.8000,4040.0000,4041.0000,1,2,2,1,1,2,1,1,3,1
SF,IF2006,2020-02-19 14:57:51.400,4038.4000,24433,0,8654309520.000,0,-,-,-,-,4038.6000,4038.4000,4037.8000,4036.8000,4036.2000,4039.0000,4039.2000,4039.8000,4040.0000,4041.0000,1,2,2,1,1,2,1,1,3,1
SF,IF2006,2020-02-19 14:57:52.400,4038.4000,24433,0,8654309520.000,0,-,-,-,-,4038.6000,4038.4000,4037.8000,4036.8000,4036.2000,4039.0000,4039.2000,4039.8000,4040.0000,4041.0000,1,2,2,1,1,2,1,1,3,1
SF,IF2006,2020-02-19 14:57:52.900,4038.4000,24433,0,8654309520.000,0,-,-,-,-,4038.4000,4037.8000,4036.8000,4036.2000,4035.8000,4039.0000,4039.2000,4039.8000,4040.0000,4041.0000,2,2,1,1,2,2,1,1,3,1
SF,IF2006,2020-02-19 14:57:53.400,4039.0000,24434,1,8655521220.000,1,1,0,双开,B,4038.4000,4037.8000,4036.8000,4036.2000,4035.8000,4039.0000,4039.2000,4039.8000,4040.0000,4041.0000,2,2,1,1,2,1,1,1,3,1
SF,IF2006,2020-02-19 14:57:53.900,4039.0000,24434,0,8655521220.000,0,-,-,-,-,4038.6000,4038.4000,4037.8000,4036.8000,4036.2000,4039.0000,4039.2000,4039.8000,4040.0000,4041.0000,1,2,2,1,1,1,1,1,3,1
SF,IF2006,2020-02-19 14:57:55.400,4039.0000,24434,0,8655521220.000,0,-,-,-,-,4038.4000,4037.8000,4036.8000,4036.2000,4035.8000,4039.0000,4039.2000,4039.8000,4040.0000,4041.0000,2,2,1,1,2,1,1,1,3,1
SF,IF2006,2020-02-19 14:57:58.900,4038.4000,24436,2,8657944260.000,2,2,0,双开,B,4037.8000,4036.8000,4036.2000,4035.8000,4035.6000,4038.4000,4039.0000,4039.2000,4039.8000,4040.0000,2,1,1,2,1,3,1,1,1,3
SF,IF2006,2020-02-19 14:57:59.400,4038.4000,24437,1,8659155780.000,1,1,0,双开,B,4038.0000,4037.8000,4036.8000,4036.2000,4035.8000,4038.4000,4039.0000,4039.2000,4039.8000,4040.0000,3,2,1,1,2,2,1,1,1,3
SF,IF2006,2020-02-19 14:57:59.900,4038.4000,24437,0,8661578820.000,2,1,1,空换,B,4038.0000,4037.8000,4036.8000,4036.2000,4035.8000,4039.0000,4039.2000,4039.8000,4040.0000,4041.0000,3,2,1,1,2,1,1,1,3,1
SF,IF2006,2020-02-19 14:58:00.400,4038.4000,24437,0,8661578820.000,0,-,-,-,-,4038.0000,4037.8000,4036.8000,4036.2000,4035.8000,4039.0000,4039.2000,4039.8000,4040.0000,4041.0000,3,2,1,1,2,1,1,1,3,1
SF,IF2006,2020-02-19 14:58:00.900,4038.4000,24437,0,8661578820.000,0,-,-,-,-,4038.0000,4037.8000,4036.8000,4036.2000,4035.8000,4039.0000,4039.2000,4039.8000,4040.0000,4041.0000,3,2,1,1,2,1,1,1,3,1
SF,IF2006,2020-02-19 14:58:01.400,4038.4000,24437,0,8661578820.000,0,-,-,-,-,4038.0000,4037.8000,4036.8000,4036.2000,4035.8000,4039.0000,4039.2000,4039.8000,4040.0000,4041.0000,3,2,1,1,2,1,1,1,3,1
SF,IF2006,2020-02-19 14:58:02.400,4038.4000,24437,0,8661578820.000,0,-,-,-,-,4038.0000,4037.8000,4036.8000,4036.2000,4035.8000,4039.0000,4039.2000,4039.8000,4040.0000,4041.0000,3,1,1,1,2,1,1,1,3,1
SF,IF2006,2020-02-19 14:58:02.900,4038.4000,24437,0,8661578820.000,0,-,-,-,-,4038.2000,4038.0000,4037.8000,4036.8000,4036.2000,4039.0000,4039.2000,4039.8000,4040.0000,4041.0000,1,3,1,1,1,1,1,1,3,1
SF,IF2006,2020-02-19 14:58:03.400,4038.4000,24437,0,8661578820.000,0,-,-,-,-,4038.6000,4038.4000,4038.2000,4038.0000,4037.8000,4039.0000,4039.2000,4039.8000,4040.0000,4041.0000,1,2,1,1,1,1,1,1,3,1
SF,IF2006,2020-02-19 14:58:03.900,4039.0000,24438,1,8662790520.000,1,1,0,双开,B,4038.6000,4038.2000,4038.0000,4037.8000,4036.8000,4039.2000,4039.8000,4040.0000,4041.0000,4042.0000,1,1,1,1,1,1,1,3,1,1
SF,IF2006,2020-02-19 14:58:04.400,4039.0000,24438,0,8662790520.000,0,-,-,-,-,4038.8000,4038.6000,4038.2000,4038.0000,4037.8000,4039.2000,4039.8000,4040.0000,4041.0000,4042.0000,2,1,1,1,1,1,1,3,1,1
SF,IF2006,2020-02-19 14:58:04.900,4039.0000,24438,0,8662790520.000,0,-,-,-,-,4038.8000,4038.0000,4037.8000,4036.8000,4036.2000,4039.2000,4039.8000,4040.0000,4041.0000,4042.0000,2,1,1,1,1,1,1,4,1,1
SF,IF2006,2020-02-19 14:58:05.400,4039.0000,24438,0,8662790520.000,0,-,-,-,-,4039.0000,4038.8000,4038.0000,4037.8000,4036.8000,4039.2000,4039.8000,4040.0000,4041.0000,4042.0000,1,2,1,1,1,1,1,4,1,1
SF,IF2006,2020-02-19 14:58:06.900,4039.2000,24438,0,8664002280.000,1,0,1,空换,B,4039.0000,4038.8000,4038.0000,4037.8000,4036.8000,4039.8000,4040.0000,4041.0000,4042.0000,4042.2000,1,2,1,1,1,1,4,1,1,1
SF,IF2006,2020-02-19 14:58:07.900,4039.2000,24438,0,8664002280.000,0,-,-,-,-,4039.0000,4038.8000,4038.0000,4037.8000,4036.2000,4039.8000,4040.0000,4041.0000,4042.0000,4042.2000,1,2,1,1,1,1,4,1,1,1
SF,IF2006,2020-02-19 14:58:08.400,4039.2000,24438,0,8664002280.000,0,-,-,-,-,4039.2000,4039.0000,4038.8000,4038.0000,4037.8000,4039.8000,4040.0000,4041.0000,4042.0000,4042.2000,1,1,2,1,1,1,4,1,1,1
SF,IF2006,2020-02-19 14:58:08.900,4039.2000,24438,0,8665214040.000,1,0,1,空换,B,4039.0000,4038.8000,4038.0000,4037.8000,4036.2000,4039.8000,4040.0000,4041.0000,4042.0000,4042.2000,1,2,1,1,1,1,4,1,1,1
SF,IF2006,2020-02-19 14:58:09.900,4039.2000,24438,0,8665214040.000,0,-,-,-,-,4039.0000,4038.8000,4038.0000,4037.8000,4036.2000,4039.8000,4040.0000,4041.0000,4042.0000,4042.2000,1,2,1,1,1,1,5,1,1,1
SF,IF2006,2020-02-19 14:58:12.900,4039.8000,24438,0,8666425980.000,1,0,1,空换,B,4039.0000,4038.8000,4038.0000,4037.8000,4036.2000,4040.0000,4041.0000,4042.0000,4042.2000,4043.0000,1,2,1,1,1,5,1,1,1,2
SF,IF2006,2020-02-19 14:58:13.400,4039.8000,24438,0,8666425980.000,0,-,-,-,-,4039.2000,4039.0000,4038.0000,4037.8000,4036.2000,4040.0000,4041.0000,4042.0000,4042.2000,4043.0000,2,1,1,1,1,5,1,1,1,2
SF,IF2006,2020-02-19 14:58:13.900,4039.8000,24438,0,8666425980.000,0,-,-,-,-,4039.2000,4038.0000,4037.8000,4036.2000,4035.8000,4040.0000,4041.0000,4042.0000,4042.2000,4043.0000,2,1,1,1,2,5,1,1,1,2
SF,IF2006,2020-02-19 14:58:14.400,4039.8000,24438,0,8666425980.000,0,-,-,-,-,4039.4000,4039.2000,4038.0000,4037.8000,4036.2000,4040.0000,4041.0000,4042.0000,4042.2000,4043.0000,1,2,1,1,1,5,1,1,1,2
SF,IF2006,2020-02-19 14:58:15.400,4039.8000,24438,0,8666425980.000,0,-,-,-,-,4039.4000,4039.2000,4037.8000,4036.2000,4035.8000,4040.0000,4041.0000,4042.0000,4042.2000,4043.0000,1,2,1,1,2,5,1,1,1,2
SF,IF2006,2020-02-19 14:58:15.900,4039.8000,24438,0,8666425980.000,0,-,-,-,-,4039.8000,4039.4000,4039.2000,4037.8000,4036.2000,4040.0000,4041.0000,4042.0000,4042.2000,4043.0000,1,1,2,1,1,5,1,1,1,2
SF,IF2006,2020-02-19 14:58:17.400,4039.8000,24438,0,8666425980.000,0,-,-,-,-,4039.8000,4039.4000,4039.2000,4037.8000,4036.2000,4040.0000,4041.0000,4042.0000,4042.2000,4043.0000,1,1,2,1,1,4,1,1,1,2
SF,IF2006,2020-02-19 14:58:19.400,4039.8000,24438,0,8666425980.000,0,-,-,-,-,4039.8000,4039.4000,4039.2000,4037.8000,4036.2000,4040.0000,4041.0000,4042.0000,4042.2000,4043.0000,1,1,2,1,1,4,1,1,1,2
SF,IF2006,2020-02-19 14:58:22.900,4039.8000,24438,0,8667637920.000,1,0,1,空换,B,4039.4000,4039.2000,4037.8000,4036.2000,4035.8000,4040.0000,4041.0000,4042.0000,4042.2000,4043.0000,1,2,1,1,2,4,1,1,1,2
SF,IF2006,2020-02-19 14:58:23.400,4039.8000,24438,0,8667637920.000,0,-,-,-,-,4039.6000,4039.4000,4037.8000,4036.2000,4035.8000,4039.8000,4040.0000,4041.0000,4042.0000,4042.2000,2,1,1,1,2,1,4,1,1,1
SF,IF2006,2020-02-19 14:58:23.900,4039.8000,24438,0,8667637920.000,0,-,-,-,-,4039.6000,4037.8000,4036.2000,4035.8000,4035.6000,4039.8000,4040.0000,4041.0000,4042.0000,4042.2000,2,1,1,2,1,1,4,1,1,1
SF,IF2006,2020-02-19 14:58:24.400,4039.8000,24438,0,8668849860.000,1,0,1,空换,B,4037.8000,4036.2000,4035.8000,4035.6000,4035.0000,4040.0000,4041.0000,4042.0000,4042.2000,4043.0000,1,1,2,1,7,4,1,1,1,2
SF,IF2006,2020-02-19 14:58:24.900,4039.8000,24438,0,8668849860.000,0,-,-,-,-,4038.6000,4038.4000,4038.2000,4038.0000,4037.8000,4039.8000,4040.0000,4041.0000,4042.0000,4042.2000,1,1,1,4,3,4,4,1,1,1
SF,IF2006,2020-02-19 14:58:25.400,4039.4000,24438,0,8670061680.000,1,0,1,空换,B,4038.8000,4038.6000,4038.4000,4038.2000,4038.0000,4040.0000,4041.0000,4042.0000,4042.2000,4043.0000,2,1,1,1,1,4,1,1,1,2
SF,IF2006,2020-02-19 14:58:25.900,4039.4000,24438,0,8670061680.000,0,-,-,-,-,4038.8000,4038.6000,4038.4000,4038.2000,4038.0000,4040.0000,4041.0000,4042.0000,4042.2000,4043.0000,2,1,1,1,1,4,1,1,1,2
SF,IF2006,2020-02-19 14:58:26.400,4039.4000,24438,0,8670061680.000,0,-,-,-,-,4038.8000,4038.6000,4038.4000,4038.2000,4038.0000,4039.8000,4040.0000,4041.0000,4042.0000,4042.2000,2,1,1,1,1,1,4,1,1,1
SF,IF2006,2020-02-19 14:58:26.900,4039.4000,24438,0,8670061680.000,0,-,-,-,-,4038.8000,4038.6000,4038.4000,4038.2000,4038.0000,4039.8000,4040.0000,4041.0000,4042.0000,4042.2000,2,1,1,1,1,1,4,1,1,1
SF,IF2006,2020-02-19 14:58:28.400,4038.8000,24440,2,8672484960.000,2,2,0,双开,B,4038.8000,4038.6000,4038.4000,4038.2000,4038.0000,4039.8000,4040.0000,4041.0000,4042.0000,4042.2000,1,1,1,1,1,1,4,1,1,1
SF,IF2006,2020-02-19 14:58:28.900,4038.8000,24440,0,8672484960.000,0,-,-,-,-,4038.8000,4038.6000,4038.4000,4038.2000,4038.0000,4040.0000,4041.0000,4042.0000,4042.2000,4043.0000,3,1,1,1,1,4,1,1,1,2
SF,IF2006,2020-02-19 14:58:29.400,4040.0000,24440,0,8673696960.000,1,0,1,空换,B,4039.0000,4038.8000,4038.6000,4038.4000,4038.2000,4040.0000,4041.0000,4042.0000,4042.2000,4043.0000,2,1,1,1,1,3,1,1,1,2
SF,IF2006,2020-02-19 14:58:29.900,4039.2000,24441,1,8674908720.000,1,1,0,双开,B,4039.2000,4039.0000,4038.6000,4038.4000,4038.2000,4039.8000,4040.0000,4041.0000,4042.0000,4042.2000,1,2,1,1,1,1,5,1,1,1
SF,IF2006,2020-02-19 14:58:30.900,4039.2000,24441,0,8674908720.000,0,-,-,-,-,4039.2000,4039.0000,4038.6000,4038.4000,4038.2000,4040.0000,4041.0000,4042.0000,4042.2000,4043.0000,1,1,1,1,1,5,1,1,1,2
SF,IF2006,2020-02-19 14:58:31.400,4039.2000,24442,1,8676120480.000,1,1,0,双开,B,4039.0000,4038.6000,4038.4000,4038.2000,4038.0000,4040.0000,4041.0000,4042.0000,4042.2000,4043.0000,1,1,1,1,1,5,1,1,1,2
SF,IF2006,2020-02-19 14:58:31.900,4039.2000,24442,0,8676120480.000,0,-,-,-,-,4039.0000,4038.6000,4038.4000,4038.2000,4038.0000,4039.8000,4040.0000,4041.0000,4042.0000,4042.2000,1,1,1,1,1,2,5,1,1,1
SF,IF2006,2020-02-19 14:58:32.400,4039.0000,24442,0,8677332180.000,1,0,1,空换,B,4038.6000,4038.4000,4038.2000,4038.0000,4037.8000,4039.8000,4040.0000,4041.0000,4042.0000,4042.2000,1,1,1,1,3,2,5,1,1,1
SF,IF2006,2020-02-19 14:58:32.900,4039.0000,24442,0,8677332180.000,0,-,-,-,-,4038.8000,4038.6000,4038.4000,4038.2000,4038.0000,4039.0000,4039.8000,4040.0000,4041.0000,4042.0000,3,1,1,1,1,1,2,5,1,1
SF,IF2006,2020-02-19 14:58:33.400,4039.8000,24444,2,8679755820.000,2,2,0,双开,B,4039.0000,4038.6000,4038.4000,4038.0000,4037.8000,4039.8000,4040.0000,4041.0000,4042.0000,4042.2000,2,1,1,1,3,1,5,1,1,1
SF,IF2006,2020-02-19 14:58:33.900,4039.8000,24444,0,8679755820.000,0,-,-,-,-,4039.0000,4038.6000,4038.4000,4038.0000,4037.8000,4039.6000,4039.8000,4040.0000,4041.0000,4042.0000,3,1,1,1,3,1,1,5,1,1
SF,IF2006,2020-02-19 14:58:34.400,4039.8000,24444,0,8679755820.000,0,-,-,-,-,4039.0000,4038.6000,4038.4000,4038.0000,4037.8000,4039.6000,4039.8000,4040.0000,4041.0000,4042.0000,3,1,1,1,3,1,1,5,1,1
SF,IF2006,2020-02-19 14:58:35.400,4039.8000,24444,0,8679755820.000,0,-,-,-,-,4039.0000,4038.6000,4038.4000,4037.8000,4037.6000,4039.6000,4039.8000,4040.0000,4041.0000,4042.0000,3,1,1,3,1,1,1,5,1,1
SF,IF2006,2020-02-19 14:58:36.400,4039.8000,24444,0,8679755820.000,0,-,-,-,-,4039.0000,4038.6000,4038.4000,4037.8000,4037.6000,4039.6000,4039.8000,4040.0000,4041.0000,4042.0000,3,1,1,3,1,2,1,5,1,1
SF,IF2006,2020-02-19 14:58:37.400,4039.0000,24444,0,8680967520.000,1,0,1,空换,B,4039.0000,4038.6000,4038.4000,4037.8000,4037.6000,4039.6000,4039.8000,4040.0000,4041.0000,4042.0000,2,1,1,3,1,2,1,5,1,1
SF,IF2006,2020-02-19 14:58:37.900,4039.6000,24445,1,8682179400.000,1,1,0,双开,B,4039.0000,4038.6000,4038.4000,4037.8000,4037.6000,4039.6000,4039.8000,4040.0000,4041.0000,4042.0000,2,1,1,3,1,1,1,5,1,1
SF,IF2006,2020-02-19 14:58:40.900,4039.6000,24445,0,8682179400.000,0,-,-,-,-,4039.0000,4038.6000,4038.4000,4037.8000,4037.6000,4039.6000,4039.8000,4040.0000,4041.0000,4042.0000,1,1,1,3,1,1,1,5,1,1
SF,IF2006,2020-02-19 14:58:43.400,4039.0000,24444,-1,8683391100.000,1,0,1,双平,B,4038.6000,4038.4000,4037.8000,4037.6000,4035.8000,4039.6000,4039.8000,4040.0000,4041.0000,4042.0000,1,1,3,1,2,1,1,5,1,1
SF,IF2006,2020-02-19 14:58:44.400,4039.0000,24444,0,8683391100.000,0,-,-,-,-,4038.6000,4038.4000,4037.8000,4037.6000,4035.8000,4039.6000,4039.8000,4040.0000,4041.0000,4042.0000,1,1,3,1,2,1,1,6,1,1
SF,IF2006,2020-02-19 14:58:44.900,4039.0000,24444,0,8683391100.000,0,-,-,-,-,4038.6000,4038.4000,4037.8000,4037.6000,4035.8000,4039.4000,4039.6000,4040.0000,4041.0000,4042.0000,1,1,3,1,2,2,1,6,1,1
SF,IF2006,2020-02-19 14:58:45.400,4039.0000,24444,0,8683391100.000,0,-,-,-,-,4038.8000,4038.6000,4038.4000,4037.8000,4037.6000,4039.4000,4039.6000,4040.0000,4041.0000,4042.0000,1,1,1,3,1,2,1,6,1,1
SF,IF2006,2020-02-19 14:58:46.400,4039.0000,24444,0,8683391100.000,0,-,-,-,-,4038.8000,4038.6000,4038.4000,4037.8000,4037.6000,4039.4000,4039.6000,4040.0000,4041.0000,4042.0000,1,1,1,3,1,2,1,4,1,1
SF,IF2006,2020-02-19 14:58:46.900,4038.8000,24444,0,8684602740.000,1,0,1,空换,B,4038.6000,4038.4000,4037.8000,4037.6000,4035.8000,4039.4000,4039.6000,4040.0000,4041.0000,4042.0000,1,1,3,1,2,2,1,4,1,1
SF,IF2006,2020-02-19 14:58:47.400,4038.8000,24444,0,8684602740.000,0,-,-,-,-,4038.6000,4038.4000,4037.8000,4037.6000,4035.8000,4038.8000,4039.4000,4039.6000,4040.0000,4041.0000,3,1,3,1,2,1,2,1,4,1
SF,IF2006,2020-02-19 14:58:47.900,4038.8000,24444,0,8685814380.000,1,0,1,空换,B,4038.8000,4038.6000,4037.8000,4037.6000,4035.8000,4039.4000,4039.6000,4040.0000,4041.0000,4042.0000,1,3,3,1,2,2,1,4,1,1
SF,IF2006,2020-02-19 14:58:48.400,4038.8000,24444,0,8685814380.000,0,-,-,-,-,4038.8000,4038.6000,4037.8000,4037.6000,4035.8000,4039.4000,4039.6000,4040.0000,4041.0000,4042.0000,1,1,3,1,2,2,1,4,1,1
SF,IF2006,2020-02-19 14:58:48.900,4038.8000,24444,0,8685814380.000,0,-,-,-,-,4038.8000,4038.6000,4037.8000,4037.6000,4035.8000,4039.4000,4040.0000,4041.0000,4042.0000,4042.2000,1,1,3,1,2,2,4,1,1,1
SF,IF2006,2020-02-19 14:58:49.400,4038.8000,24444,0,8685814380.000,0,-,-,-,-,4038.8000,4038.6000,4037.8000,4037.6000,4035.8000,4039.2000,4039.4000,4040.0000,4041.0000,4042.0000,1,1,3,1,2,1,2,4,1,1
SF,IF2006,2020-02-19 14:58:50.400,4038.8000,24444,0,8685814380.000,0,-,-,-,-,4038.8000,4038.6000,4037.8000,4037.6000,4035.8000,4039.0000,4039.2000,4039.4000,4040.0000,4041.0000,1,1,3,1,2,1,1,2,4,1
SF,IF2006,2020-02-19 14:58:51.400,4038.8000,24445,1,8687026020.000,1,1,0,双开,B,4038.6000,4037.8000,4035.8000,4035.6000,4035.0000,4039.0000,4039.2000,4039.4000,4040.0000,4041.0000,1,3,2,1,2,1,1,2,4,1
SF,IF2006,2020-02-19 14:58:51.900,4039.0000,24445,0,8689449300.000,2,1,1,空换,B,4037.8000,4035.8000,4035.6000,4035.0000,4034.2000,4039.2000,4039.4000,4040.0000,4041.0000,4042.0000,3,2,1,2,2,1,2,5,1,1
SF,IF2006,2020-02-19 14:58:52.400,4039.0000,24445,0,8689449300.000,0,-,-,-,-,4038.2000,4038.0000,4037.8000,4035.8000,4035.6000,4039.0000,4039.2000,4040.0000,4041.0000,4042.0000,2,3,3,2,1,2,1,5,1,1
SF,IF2006,2020-02-19 14:58:52.900,4039.0000,24446,1,8690661000.000,1,1,0,双开,B,4038.6000,4038.4000,4038.2000,4038.0000,4037.8000,4039.0000,4039.2000,4040.0000,4041.0000,4042.0000,9,1,1,3,3,1,1,5,1,1
SF,IF2006,2020-02-19 14:58:53.400,4039.0000,24447,1,8691872700.000,1,1,0,双开,B,4039.0000,4038.6000,4038.0000,4037.8000,4035.8000,4039.2000,4040.0000,4041.0000,4042.0000,4042.2000,1,9,3,3,2,1,5,1,1,1
SF,IF2006,2020-02-19 14:58:53.900,4039.0000,24447,0,8691872700.000,0,-,-,-,-,4039.0000,4038.0000,4037.8000,4035.8000,4035.6000,4039.2000,4040.0000,4041.0000,4042.0000,4042.2000,1,2,3,2,1,1,5,1,1,1
SF,IF2006,2020-02-19 14:58:54.400,4039.0000,24447,0,8691872700.000,0,-,-,-,-,4039.0000,4038.0000,4037.8000,4035.8000,4035.6000,4039.2000,4040.0000,4041.0000,4042.0000,4042.2000,1,2,3,2,1,1,5,1,1,1
SF,IF2006,2020-02-19 14:58:55.400,4039.2000,24449,2,8694296160.000,2,2,0,双开,B,4038.0000,4037.8000,4035.8000,4035.6000,4035.0000,4040.0000,4041.0000,4042.0000,4042.2000,4043.0000,2,3,2,1,2,5,1,1,1,2
SF,IF2006,2020-02-19 14:58:55.900,4039.2000,24449,0,8694296160.000,0,-,-,-,-,4038.4000,4038.2000,4038.0000,4037.8000,4035.8000,4039.8000,4040.0000,4041.0000,4042.0000,4042.2000,4,1,2,3,2,5,5,1,1,1
SF,IF2006,2020-02-19 14:58:56.400,4039.2000,24449,0,8694296160.000,0,-,-,-,-,4038.6000,4038.4000,4038.2000,4037.8000,4035.8000,4039.8000,4040.0000,4041.0000,4042.0000,4042.2000,2,3,1,3,2,4,5,1,1,1
SF,IF2006,2020-02-19 14:58:56.900,4039.2000,24449,0,8694296160.000,0,-,-,-,-,4038.6000,4038.4000,4038.2000,4037.8000,4035.8000,4039.6000,4039.8000,4040.0000,4041.0000,4042.0000,2,3,1,3,2,1,3,5,1,1
SF,IF2006,2020-02-19 14:58:57.400,4039.2000,24449,0,8694296160.000,0,-,-,-,-,4038.6000,4038.4000,4038.2000,4037.8000,4036.6000,4039.6000,4039.8000,4040.0000,4041.0000,4042.0000,2,3,1,3,1,1,2,5,1,1
SF,IF2006,2020-02-19 14:58:58.400,4039.2000,24449,0,8694296160.000,0,-,-,-,-,4038.6000,4038.4000,4038.2000,4037.8000,4036.6000,4039.4000,4039.6000,4039.8000,4040.0000,4041.0000,2,3,1,3,1,3,1,2,5,1
SF,IF2006,2020-02-19 14:58:58.900,4039.2000,24449,0,8694296160.000,0,-,-,-,-,4038.6000,4038.4000,4037.8000,4036.6000,4035.8000,4039.4000,4039.6000,4039.8000,4040.0000,4041.0000,2,3,3,1,2,3,1,2,5,1
SF,IF2006,2020-02-19 14:58:59.400,4038.6000,24450,1,8695507740.000,1,1,0,双开,B,4038.6000,4038.4000,4037.8000,4036.6000,4035.8000,4039.4000,4039.8000,4040.0000,4041.0000,4042.0000,1,3,3,1,2,3,2,5,1,1
SF,IF2006,2020-02-19 14:58:59.900,4038.6000,24450,0,8695507740.000,0,-,-,-,-,4038.4000,4037.8000,4036.6000,4035.8000,4035.6000,4039.4000,4039.8000,4040.0000,4041.0000,4042.0000,3,3,1,2,1,3,2,5,1,1
SF,IF2006,2020-02-19 14:59:00.400,4038.6000,24450,0,8695507740.000,0,-,-,-,-,4038.4000,4037.8000,4036.6000,4035.8000,4035.6000,4039.2000,4039.4000,4040.0000,4041.0000,4042.0000,5,3,1,2,1,1,3,5,1,1
SF,IF2006,2020-02-19 14:59:01.400,4038.6000,24450,0,8695507740.000,0,-,-,-,-,4038.4000,4037.8000,4037.6000,4036.6000,4035.8000,4039.2000,4039.4000,4040.0000,4041.0000,4042.0000,3,3,1,1,2,1,3,5,1,1
SF,IF2006,2020-02-19 14:59:01.900,4038.6000,24450,0,8695507740.000,0,-,-,-,-,4038.4000,4037.8000,4036.6000,4035.8000,4035.6000,4039.2000,4039.4000,4040.0000,4041.0000,4042.0000,3,3,1,2,1,1,3,5,1,1
SF,IF2006,2020-02-19 14:59:02.400,4038.6000,24450,0,8695507740.000,0,-,-,-,-,4038.4000,4037.8000,4036.6000,4035.8000,4035.6000,4038.6000,4039.2000,4039.4000,4040.0000,4041.0000,3,3,1,2,1,1,1,3,5,1
SF,IF2006,2020-02-19 14:59:02.900,4038.6000,24450,0,8695507740.000,0,-,-,-,-,4038.4000,4037.8000,4036.6000,4035.8000,4035.6000,4038.6000,4039.2000,4039.4000,4040.0000,4041.0000,3,3,1,2,1,1,1,2,5,1
SF,IF2006,2020-02-19 14:59:03.400,4038.4000,24450,0,8696719260.000,1,0,1,空换,B,4038.4000,4037.8000,4036.6000,4035.8000,4035.6000,4038.6000,4039.2000,4039.4000,4040.0000,4041.0000,2,3,1,2,1,1,1,2,5,1
SF,IF2006,2020-02-19 14:59:03.900,4038.4000,24450,0,8696719260.000,0,-,-,-,-,4038.4000,4037.8000,4036.6000,4035.8000,4035.6000,4038.6000,4039.2000,4039.4000,4040.0000,4041.0000,2,2,1,2,1,1,1,2,5,1
SF,IF2006,2020-02-19 14:59:04.900,4038.4000,24450,0,8696719260.000,0,-,-,-,-,4037.8000,4036.6000,4035.8000,4035.6000,4035.0000,4038.4000,4038.6000,4039.2000,4039.4000,4040.0000,2,1,2,1,2,1,1,1,2,5
SF,IF2006,2020-02-19 14:59:05.400,4038.4000,24450,0,8697930780.000,1,0,1,空换,B,4038.0000,4037.8000,4037.6000,4036.6000,4035.8000,4038.6000,4039.2000,4039.4000,4040.0000,4041.0000,2,3,1,1,2,1,1,2,5,1
SF,IF2006,2020-02-19 14:59:05.900,4038.6000,24450,0,8699142360.000,1,0,1,空换,B,4038.0000,4037.8000,4037.6000,4036.6000,4035.8000,4039.2000,4039.4000,4040.0000,4041.0000,4042.0000,2,2,1,1,2,1,2,5,1,1
SF,IF2006,2020-02-19 14:59:06.400,4039.2000,24450,0,8700354120.000,1,0,1,空换,B,4037.8000,4037.6000,4036.6000,4035.8000,4035.6000,4039.4000,4040.0000,4041.0000,4042.0000,4042.2000,2,1,1,2,1,2,5,1,1,1
SF,IF2006,2020-02-19 14:59:06.900,4039.2000,24450,0,8700354120.000,0,-,-,-,-,4038.0000,4037.8000,4037.6000,4036.6000,4035.8000,4039.4000,4040.0000,4041.0000,4042.0000,4042.2000,1,2,1,1,2,2,5,1,1,1
SF,IF2006,2020-02-19 14:59:07.400,4039.2000,24450,0,8700354120.000,0,-,-,-,-,4038.0000,4037.8000,4037.6000,4036.6000,4035.8000,4039.2000,4039.4000,4040.0000,4041.0000,4042.0000,1,2,1,1,2,1,2,5,1,1
SF,IF2006,2020-02-19 14:59:07.900,4039.2000,24450,0,8700354120.000,0,-,-,-,-,4038.0000,4037.6000,4035.8000,4035.6000,4035.0000,4039.2000,4039.4000,4040.0000,4041.0000,4042.0000,2,1,2,1,2,1,2,5,1,1
SF,IF2006,2020-02-19 14:59:08.900,4039.2000,24450,0,8700354120.000,0,-,-,-,-,4038.0000,4037.6000,4035.8000,4035.6000,4035.0000,4039.0000,4039.2000,4039.4000,4040.0000,4041.0000,2,1,2,1,2,1,1,2,5,1
SF,IF2006,2020-02-19 14:59:09.400,4039.2000,24450,0,8700354120.000,0,-,-,-,-,4038.0000,4037.6000,4035.8000,4035.6000,4035.0000,4039.0000,4039.2000,4039.4000,4040.0000,4041.0000,3,1,2,1,2,1,1,2,5,1
SF,IF2006,2020-02-19 14:59:11.400,4039.2000,24450,0,8700354120.000,0,-,-,-,-,4038.0000,4037.6000,4035.8000,4035.6000,4035.0000,4039.0000,4039.2000,4039.4000,4040.0000,4041.0000,2,1,2,1,2,1,1,2,5,1
SF,IF2006,2020-02-19 14:59:11.900,4039.2000,24450,0,8700354120.000,0,-,-,-,-,4038.2000,4038.0000,4037.6000,4035.8000,4035.6000,4039.0000,4039.2000,4039.4000,4040.0000,4041.0000,1,3,1,2,1,1,1,2,5,1
SF,IF2006,2020-02-19 14:59:12.400,4039.2000,24450,0,8700354120.000,0,-,-,-,-,4038.2000,4038.0000,4037.6000,4037.0000,4035.8000,4039.0000,4039.2000,4039.4000,4040.0000,4041.0000,1,3,1,1,2,1,1,2,5,1
SF,IF2006,2020-02-19 14:59:15.400,4039.2000,24450,0,8700354120.000,0,-,-,-,-,4038.2000,4038.0000,4037.6000,4037.0000,4035.8000,4039.2000,4039.4000,4040.0000,4041.0000,4042.0000,1,3,1,1,2,1,2,5,1,1
SF,IF2006,2020-02-19 14:59:15.900,4039.2000,24450,0,8700354120.000,0,-,-,-,-,4038.2000,4038.0000,4037.6000,4037.0000,4035.8000,4039.4000,4040.0000,4041.0000,4042.0000,4042.2000,1,3,1,1,2,2,5,1,1,1
SF,IF2006,2020-02-19 14:59:16.400,4038.2000,24450,0,8701565580.000,1,0,1,空换,B,4038.0000,4037.6000,4037.0000,4035.8000,4035.6000,4039.0000,4039.4000,4040.0000,4041.0000,4042.0000,3,1,1,2,1,1,2,5,1,1
SF,IF2006,2020-02-19 14:59:16.900,4038.2000,24450,0,8701565580.000,0,-,-,-,-,4038.0000,4037.6000,4037.0000,4035.8000,4035.6000,4039.0000,4039.4000,4040.0000,4041.0000,4042.0000,3,1,1,2,1,1,2,5,1,1
SF,IF2006,2020-02-19 14:59:17.900,4039.0000,24451,1,8702777280.000,1,1,0,双开,B,4038.0000,4037.6000,4037.0000,4035.8000,4035.6000,4039.4000,4040.0000,4041.0000,4042.0000,4042.2000,2,1,1,2,1,2,5,1,1,1
SF,IF2006,2020-02-19 14:59:18.400,4039.0000,24451,0,8702777280.000,0,-,-,-,-,4038.2000,4038.0000,4037.8000,4037.6000,4037.0000,4039.4000,4040.0000,4041.0000,4042.0000,4042.2000,1,2,1,1,1,2,5,1,1,1
SF,IF2006,2020-02-19 14:59:18.900,4039.0000,24451,0,8702777280.000,0,-,-,-,-,4038.2000,4038.0000,4037.8000,4037.6000,4037.0000,4039.4000,4040.0000,4041.0000,4042.0000,4042.2000,1,3,1,1,1,2,5,1,1,1
SF,IF2006,2020-02-19 14:59:19.400,4038.2000,24451,0,8703988740.000,1,0,1,空换,B,4038.0000,4037.8000,4037.6000,4037.0000,4035.8000,4039.4000,4040.0000,4041.0000,4042.0000,4042.2000,3,1,1,1,2,2,5,1,1,1
SF,IF2006,2020-02-19 14:59:19.900,4038.0000,24451,0,8705200140.000,1,0,1,空换,B,4038.0000,4037.8000,4037.6000,4037.0000,4035.8000,4039.4000,4040.0000,4041.0000,4042.0000,4042.2000,3,1,1,1,2,2,5,1,1,1
SF,IF2006,2020-02-19 14:59:20.400,4038.0000,24451,0,8705200140.000,0,-,-,-,-,4038.0000,4037.8000,4037.6000,4037.0000,4035.8000,4039.2000,4039.4000,4040.0000,4041.0000,4042.0000,3,1,1,1,2,1,2,5,1,1
SF,IF2006,2020-02-19 14:59:20.900,4038.0000,24451,0,8705200140.000,0,-,-,-,-,4038.2000,4038.0000,4037.6000,4037.0000,4035.8000,4039.2000,4039.4000,4040.0000,4041.0000,4042.0000,1,3,1,1,2,1,2,5,1,1
SF,IF2006,2020-02-19 14:59:21.400,4038.0000,24451,0,8706411540.000,1,0,1,空换,B,4038.2000,4038.0000,4037.6000,4037.0000,4035.8000,4039.0000,4039.2000,4039.4000,4039.8000,4040.0000,1,3,1,2,2,1,1,2,1,5
SF,IF2006,2020-02-19 14:59:21.900,4038.0000,24451,0,8707622940.000,1,0,1,空换,B,4038.0000,4037.6000,4037.0000,4035.8000,4035.6000,4039.0000,4039.2000,4039.4000,4039.8000,4040.0000,3,1,2,2,1,1,1,2,1,5
SF,IF2006,2020-02-19 14:59:22.400,4038.0000,24451,0,8707622940.000,0,-,-,-,-,4038.0000,4037.0000,4035.8000,4035.6000,4035.0000,4039.0000,4039.4000,4039.8000,4040.0000,4041.0000,3,2,2,1,2,1,2,1,5,1
SF,IF2006,2020-02-19 14:59:24.400,4038.0000,24450,-1,8708834340.000,1,0,1,双平,B,4038.0000,4037.0000,4035.8000,4035.6000,4035.0000,4039.0000,4039.4000,4039.8000,4040.0000,4041.0000,2,2,2,1,2,1,2,1,5,1
SF,IF2006,2020-02-19 14:59:25.900,4038.0000,24450,0,8710045740.000,1,0,1,空换,B,4038.0000,4037.0000,4035.8000,4035.6000,4035.0000,4038.4000,4039.0000,4039.4000,4039.8000,4040.0000,1,2,2,1,2,1,1,2,1,5
SF,IF2006,2020-02-19 14:59:26.400,4038.0000,24451,1,8711257140.000,1,1,0,双开,B,4037.0000,4035.8000,4035.6000,4035.0000,4034.2000,4038.2000,4038.4000,4039.0000,4039.4000,4039.8000,2,2,1,2,2,1,1,1,2,1
SF,IF2006,2020-02-19 14:59:26.900,4038.0000,24451,0,8711257140.000,0,-,-,-,-,4037.0000,4035.8000,4035.6000,4035.0000,4034.2000,4038.0000,4038.2000,4038.4000,4039.0000,4039.4000,2,2,1,2,2,2,1,1,1,2
SF,IF2006,2020-02-19 14:59:27.400,4038.0000,24451,0,8711257140.000,0,-,-,-,-,4037.2000,4037.0000,4035.8000,4035.6000,4035.0000,4038.0000,4038.2000,4038.4000,4039.0000,4039.4000,1,2,2,1,2,3,1,1,1,2
SF,IF2006,2020-02-19 14:59:27.900,4038.0000,24451,0,8711257140.000,0,-,-,-,-,4037.2000,4037.0000,4035.8000,4035.6000,4035.0000,4038.0000,4038.2000,4038.4000,4039.0000,4039.4000,1,1,2,1,2,3,1,1,1,2
SF,IF2006,2020-02-19 14:59:28.900,4038.0000,24451,0,8711257140.000,0,-,-,-,-,4037.2000,4037.0000,4035.8000,4035.6000,4035.0000,4037.8000,4038.0000,4038.2000,4038.4000,4039.0000,1,1,2,1,2,1,3,1,1,1
SF,IF2006,2020-02-19 14:59:29.400,4038.0000,24451,0,8711257140.000,0,-,-,-,-,4037.2000,4037.0000,4035.8000,4035.6000,4035.0000,4037.8000,4038.0000,4038.2000,4038.4000,4039.0000,1,1,2,1,2,1,2,1,1,1
SF,IF2006,2020-02-19 14:59:29.900,4038.0000,24451,0,8711257140.000,0,-,-,-,-,4037.2000,4037.0000,4035.8000,4035.6000,4035.0000,4037.8000,4038.0000,4038.2000,4038.4000,4039.0000,1,1,2,1,2,1,2,1,1,1
SF,IF2006,2020-02-19 14:59:30.400,4037.2000,24451,0,8712468300.000,1,0,1,空换,B,4037.0000,4035.8000,4035.6000,4035.0000,4034.2000,4037.8000,4038.0000,4038.2000,4039.0000,4039.4000,1,2,1,2,2,1,1,1,1,2
SF,IF2006,2020-02-19 14:59:30.900,4037.6000,24452,1,8713679580.000,1,1,0,双开,B,4037.2000,4037.0000,4035.8000,4035.6000,4035.0000,4037.8000,4038.0000,4039.0000,4039.4000,4039.8000,1,1,2,1,2,1,1,1,2,1
SF,IF2006,2020-02-19 14:59:32.400,4037.8000,24452,0,8714890920.000,1,0,1,空换,B,4037.2000,4037.0000,4035.8000,4035.6000,4035.0000,4038.0000,4039.0000,4039.4000,4039.8000,4040.0000,1,1,2,1,2,1,1,2,1,5
SF,IF2006,2020-02-19 14:59:32.900,4037.8000,24452,0,8714890920.000,0,-,-,-,-,4037.2000,4037.0000,4035.8000,4035.6000,4035.0000,4038.0000,4039.0000,4039.4000,4039.8000,4040.0000,1,1,2,1,2,1,1,2,1,5
SF,IF2006,2020-02-19 14:59:33.400,4037.8000,24452,0,8714890920.000,0,-,-,-,-,4037.2000,4037.0000,4035.8000,4035.6000,4035.0000,4038.0000,4039.0000,4039.4000,4039.8000,4040.0000,1,1,2,1,2,1,1,2,1,5
SF,IF2006,2020-02-19 14:59:34.400,4037.8000,24452,0,8714890920.000,0,-,-,-,-,4037.2000,4037.0000,4035.8000,4035.6000,4035.2000,4038.0000,4039.0000,4039.4000,4039.8000,4040.0000,1,1,2,1,1,1,1,2,1,5
SF,IF2006,2020-02-19 14:59:34.900,4037.8000,24452,0,8714890920.000,0,-,-,-,-,4037.2000,4037.0000,4035.8000,4035.6000,4035.2000,4037.8000,4038.0000,4039.4000,4039.8000,4040.0000,1,1,2,1,1,1,1,2,1,5
SF,IF2006,2020-02-19 14:59:35.400,4037.8000,24452,0,8714890920.000,0,-,-,-,-,4037.2000,4037.0000,4035.8000,4035.6000,4035.2000,4037.8000,4038.0000,4039.4000,4039.8000,4040.0000,1,1,2,1,1,1,1,2,1,5
SF,IF2006,2020-02-19 14:59:36.900,4037.8000,24452,0,8714890920.000,0,-,-,-,-,4037.2000,4037.0000,4035.8000,4035.6000,4035.2000,4037.8000,4038.0000,4039.4000,4039.8000,4040.0000,1,1,2,1,1,3,1,2,1,6
SF,IF2006,2020-02-19 14:59:37.900,4037.8000,24452,0,8714890920.000,0,-,-,-,-,4037.2000,4035.8000,4035.6000,4035.2000,4035.0000,4037.8000,4038.0000,4039.4000,4039.8000,4040.0000,1,2,1,1,2,3,1,2,1,6
SF,IF2006,2020-02-19 14:59:38.900,4037.8000,24453,1,8716102260.000,1,1,0,双开,B,4037.2000,4035.8000,4035.6000,4035.2000,4035.0000,4037.8000,4038.0000,4039.4000,4039.8000,4040.0000,1,2,1,1,2,2,1,2,1,6
SF,IF2006,2020-02-19 14:59:39.400,4037.8000,24453,0,8716102260.000,0,-,-,-,-,4037.2000,4035.8000,4035.6000,4035.2000,4035.0000,4037.8000,4038.0000,4039.2000,4039.4000,4039.8000,1,2,1,1,2,2,1,1,2,1
SF,IF2006,2020-02-19 14:59:39.900,4037.8000,24453,0,8716102260.000,0,-,-,-,-,4037.2000,4035.8000,4035.6000,4035.2000,4035.0000,4037.8000,4038.0000,4039.2000,4039.8000,4040.0000,1,2,1,1,2,2,1,1,1,6
SF,IF2006,2020-02-19 14:59:40.400,4037.8000,24453,0,8716102260.000,0,-,-,-,-,4037.2000,4035.8000,4035.6000,4035.2000,4035.0000,4037.8000,4038.0000,4039.2000,4039.8000,4040.0000,1,2,1,1,2,2,1,1,1,6
SF,IF2006,2020-02-19 14:59:41.900,4037.2000,24454,1,8717313420.000,1,1,0,双开,B,4035.8000,4035.6000,4035.2000,4035.0000,4034.2000,4037.8000,4038.0000,4039.2000,4039.8000,4040.0000,2,1,1,2,2,2,1,1,1,6
SF,IF2006,2020-02-19 14:59:42.400,4037.2000,24454,0,8718524580.000,1,0,1,空换,B,4036.2000,4036.0000,4035.8000,4035.6000,4035.2000,4037.6000,4037.8000,4038.0000,4039.2000,4039.8000,1,1,4,1,1,2,2,1,1,1
SF,IF2006,2020-02-19 14:59:42.900,4037.2000,24454,0,8718524580.000,0,-,-,-,-,4036.6000,4036.4000,4036.2000,4035.8000,4035.6000,4037.6000,4037.8000,4038.0000,4039.2000,4039.8000,7,1,1,4,1,1,2,1,1,1
SF,IF2006,2020-02-19 14:59:43.400,4037.2000,24454,0,8718524580.000,0,-,-,-,-,4036.8000,4036.6000,4036.2000,4035.8000,4035.6000,4037.8000,4038.0000,4039.2000,4039.8000,4040.0000,1,7,1,4,1,2,1,1,1,6
SF,IF2006,2020-02-19 14:59:43.900,4037.2000,24454,0,8718524580.000,0,-,-,-,-,4036.8000,4036.6000,4036.2000,4035.8000,4035.6000,4037.8000,4038.0000,4039.2000,4039.8000,4040.0000,1,5,1,4,1,2,1,1,1,6
SF,IF2006,2020-02-19 14:59:45.900,4037.2000,24454,0,8718524580.000,0,-,-,-,-,4036.8000,4036.6000,4036.2000,4035.8000,4035.6000,4037.8000,4038.0000,4039.2000,4040.0000,4041.0000,1,5,1,4,1,2,1,1,6,1
SF,IF2006,2020-02-19 14:59:46.400,4037.2000,24454,0,8718524580.000,0,-,-,-,-,4036.8000,4036.6000,4036.2000,4035.8000,4035.6000,4037.8000,4038.0000,4039.2000,4040.0000,4041.0000,1,5,1,4,1,2,1,1,6,1
SF,IF2006,2020-02-19 14:59:47.400,4036.8000,24455,1,8719735620.000,1,1,0,双开,B,4036.6000,4036.2000,4035.8000,4035.2000,4035.0000,4037.8000,4038.0000,4039.2000,4040.0000,4041.0000,5,1,4,1,2,2,1,1,6,1
SF,IF2006,2020-02-19 14:59:47.900,4036.8000,24455,0,8719735620.000,0,-,-,-,-,4036.6000,4036.2000,4035.8000,4035.2000,4035.0000,4037.8000,4038.0000,4039.2000,4040.0000,4041.0000,5,1,4,1,2,2,1,1,6,1
SF,IF2006,2020-02-19 14:59:48.400,4036.8000,24455,0,8719735620.000,0,-,-,-,-,4036.8000,4036.6000,4036.2000,4035.8000,4035.2000,4037.8000,4038.0000,4039.2000,4040.0000,4041.0000,1,5,1,4,1,2,1,1,6,1
SF,IF2006,2020-02-19 14:59:50.400,4036.8000,24455,0,8719735620.000,0,-,-,-,-,4036.8000,4036.6000,4036.2000,4035.8000,4035.2000,4037.8000,4038.0000,4039.2000,4040.0000,4041.0000,1,5,1,4,1,2,1,1,6,1
SF,IF2006,2020-02-19 14:59:50.900,4036.8000,24455,0,8719735620.000,0,-,-,-,-,4036.6000,4036.2000,4035.8000,4035.2000,4035.0000,4037.8000,4038.0000,4039.2000,4040.0000,4041.0000,5,1,4,1,2,2,1,1,6,1
SF,IF2006,2020-02-19 14:59:51.400,4036.8000,24455,0,8719735620.000,0,-,-,-,-,4036.8000,4036.6000,4036.2000,4035.8000,4035.2000,4037.8000,4038.0000,4039.2000,4040.0000,4041.0000,1,5,1,4,1,2,1,1,6,1
SF,IF2006,2020-02-19 14:59:51.900,4037.8000,24455,0,8720946960.000,1,0,1,空换,B,4036.8000,4036.6000,4035.8000,4035.2000,4035.0000,4037.8000,4038.0000,4039.2000,4040.0000,4041.0000,1,4,4,1,2,1,1,1,5,1
SF,IF2006,2020-02-19 14:59:52.400,4037.8000,24455,0,8720946960.000,0,-,-,-,-,4036.8000,4035.8000,4035.2000,4035.0000,4034.2000,4037.8000,4038.0000,4039.2000,4040.0000,4041.0000,1,4,1,2,1,1,1,1,5,1
SF,IF2006,2020-02-19 14:59:52.900,4037.8000,24455,0,8720946960.000,0,-,-,-,-,4035.8000,4035.2000,4035.0000,4034.2000,4032.2000,4036.8000,4037.6000,4037.8000,4038.0000,4039.2000,4,1,2,1,2,2,1,2,1,1
SF,IF2006,2020-02-19 14:59:53.400,4036.8000,24455,0,8722158000.000,1,0,1,空换,B,4036.0000,4035.8000,4035.2000,4035.0000,4034.2000,4036.8000,4037.6000,4037.8000,4038.0000,4039.2000,2,4,1,2,1,1,1,1,1,1
SF,IF2006,2020-02-19 14:59:53.900,4036.8000,24455,0,8723369040.000,1,0,1,空换,B,4036.0000,4035.8000,4035.2000,4035.0000,4034.2000,4037.6000,4037.8000,4038.0000,4039.2000,4040.0000,3,4,1,2,1,1,1,1,1,5
SF,IF2006,2020-02-19 14:59:54.400,4036.8000,24455,0,8723369040.000,0,-,-,-,-,4036.2000,4036.0000,4035.8000,4035.2000,4035.0000,4037.6000,4037.8000,4038.0000,4039.2000,4040.0000,2,2,4,1,2,3,1,1,1,5
SF,IF2006,2020-02-19 14:59:54.900,4036.8000,24455,0,8723369040.000,0,-,-,-,-,4036.4000,4036.2000,4036.0000,4035.8000,4035.2000,4037.6000,4037.8000,4038.0000,4039.2000,4040.0000,1,2,1,4,1,1,1,1,1,5
SF,IF2006,2020-02-19 14:59:55.400,4036.8000,24455,0,8723369040.000,0,-,-,-,-,4036.4000,4036.2000,4036.0000,4035.8000,4035.2000,4037.6000,4037.8000,4038.0000,4039.2000,4040.0000,1,2,1,4,1,1,1,1,1,5
SF,IF2006,2020-02-19 14:59:55.900,4036.8000,24455,0,8723369040.000,0,-,-,-,-,4036.4000,4036.2000,4036.0000,4035.8000,4035.2000,4037.6000,4037.8000,4038.0000,4039.2000,4040.0000,1,2,1,4,1,1,1,1,1,5
SF,IF2006,2020-02-19 14:59:56.900,4036.8000,24455,0,8723369040.000,0,-,-,-,-,4036.4000,4036.2000,4036.0000,4035.8000,4035.2000,4037.6000,4037.8000,4038.0000,4039.2000,4040.0000,1,2,1,3,1,1,1,1,1,5
SF,IF2006,2020-02-19 14:59:57.400,4036.8000,24455,0,8723369040.000,0,-,-,-,-,4036.2000,4036.0000,4035.8000,4035.2000,4035.0000,4037.6000,4037.8000,4038.0000,4039.2000,4040.0000,2,1,3,1,2,3,1,1,1,5
SF,IF2006,2020-02-19 14:59:57.900,4035.2000,24455,0,8729422980.000,5,2,3,空换,B,4035.0000,4034.2000,4032.2000,4032.0000,4030.0000,4037.6000,4037.8000,4038.0000,4039.2000,4040.0000,2,1,2,8,10,1,1,1,1,5
SF,IF2006,2020-02-19 14:59:58.400,4035.2000,24455,0,8729422980.000,0,-,-,-,-,4035.8000,4035.0000,4034.2000,4032.2000,4032.0000,4037.0000,4037.4000,4037.6000,4037.8000,4038.0000,1,4,1,2,8,2,1,1,1,1
SF,IF2006,2020-02-19 14:59:58.900,4035.2000,24455,0,8729422980.000,0,-,-,-,-,4035.0000,4034.2000,4032.2000,4032.0000,4030.0000,4036.8000,4037.0000,4037.8000,4038.0000,4039.2000,4,1,2,8,10,1,2,1,1,1
SF,IF2006,2020-02-19 14:59:59.400,4035.2000,24455,0,8729422980.000,0,-,-,-,-,4035.0000,4034.2000,4032.2000,4032.0000,4030.0000,4036.2000,4036.8000,4037.0000,4037.8000,4038.0000,4,1,2,8,10,1,1,2,1,2
SF,IF2006,2020-02-19 14:59:59.900,4035.2000,24455,0,8729422980.000,0,-,-,-,-,4036.0000,4035.0000,4034.2000,4032.2000,4032.0000,4036.2000,4036.8000,4037.0000,4037.8000,4038.0000,4,4,1,2,8,1,1,2,1,2
SF,IF2006,2020-02-19 15:00:00.400,4036.2000,24455,0,8730633840.000,1,0,1,空换,B,4036.0000,4035.0000,4034.2000,4032.2000,4032.0000,4036.8000,4037.0000,4037.8000,4038.0000,4039.2000,4,4,1,2,8,1,2,1,2,1
SF,IF2006,2020-02-19 15:25:44.400,4036.2000,24455,0,8730633840.000,0,-,-,-,-,4036.0000,4035.0000,4034.2000,4032.2000,4032.0000,4036.8000,4037.0000,4037.8000,4038.0000,4039.2000,4,4,1,2,8,1,2,1,2,1
SF,IF2006,2020-02-19 15:30:12.400,4036.2000,24455,0,8730633840.000,0,-,-,-,-,4036.0000,4035.0000,4034.2000,4032.2000,4032.0000,4036.8000,4037.0000,4037.8000,4038.0000,4039.2000,4,4,1,2,8,1,2,1,2,1
